[13:51:20] new run p16_claims_ttl9: N 8 H 540.0 d L 360.0 d proposer planbeam commit regrid nproc 9 stop_T None claims on (bonus 1.5, ttl 9)
[13:51:20] [slice 0] claims in force: -  (0 targets; claim_bonus 1.5, ttl 9)
[13:51:20] [slice 0 T=0 d] propose: 9 jobs (0 craft, 9 root) on 9 workers, proposer planbeam, H_eff 540 d, lam 1.0
[13:51:20] job s00_r0 (root, craft None, planbeam): T 0 d H 540 L 360; plan horizon 1620 d; remaining 298; prize >1 on 6; width 150 npt 6 mc 150 dv 1.2 drmax 0.15 plan_wall 240 s; quota {'fil': 12, 'med': 18}
[13:51:20] job s00_r1 (root, craft None, planbeam): T 0 d H 540 L 360; plan horizon 1620 d; remaining 298; prize >1 on 6; width 150 npt 6 mc 150 dv 1.2 drmax 0.15 plan_wall 240 s; quota {'fil': 12, 'med': 18}
[13:51:20] job s00_r2 (root, craft None, planbeam): T 0 d H 540 L 360; plan horizon 1620 d; remaining 298; prize >1 on 6; width 150 npt 6 mc 150 dv 1.2 drmax 0.15 plan_wall 240 s; quota {'fil': 12, 'med': 18}
[13:51:20] job s00_r4 (root, craft None, planbeam): T 0 d H 540 L 360; plan horizon 1620 d; remaining 298; prize >1 on 6; width 150 npt 6 mc 150 dv 1.2 drmax 0.15 plan_wall 240 s; quota {'fil': 12, 'med': 18}
[13:51:20] budget: job_wall 300 s, 300 s left before the plan -> plan cap 210 s (plan_wall 240, settle_reserve 90)
[13:51:20] job s00_r5 (root, craft None, planbeam): T 0 d H 540 L 360; plan horizon 1620 d; remaining 298; prize >1 on 6; width 150 npt 6 mc 150 dv 1.2 drmax 0.15 plan_wall 240 s; quota {'fil': 12, 'med': 18}
[13:51:20] budget: job_wall 300 s, 300 s left before the plan -> plan cap 210 s (plan_wall 240, settle_reserve 90)
[13:51:20] job s00_r3 (root, craft None, planbeam): T 0 d H 540 L 360; plan horizon 1620 d; remaining 298; prize >1 on 6; width 150 npt 6 mc 150 dv 1.2 drmax 0.15 plan_wall 240 s; quota {'fil': 12, 'med': 18}
[13:51:20] job s00_r7 (root, craft None, planbeam): T 0 d H 540 L 360; plan horizon 1620 d; remaining 298; prize >1 on 6; width 150 npt 6 mc 150 dv 1.2 drmax 0.15 plan_wall 240 s; quota {'fil': 12, 'med': 18}
[13:51:20] budget: job_wall 300 s, 300 s left before the plan -> plan cap 210 s (plan_wall 240, settle_reserve 90)
[13:51:20] budget: job_wall 300 s, 300 s left before the plan -> plan cap 210 s (plan_wall 240, settle_reserve 90)
[13:51:20] budget: job_wall 300 s, 300 s left before the plan -> plan cap 210 s (plan_wall 240, settle_reserve 90)
[13:51:20] job s00_r6 (root, craft None, planbeam): T 0 d H 540 L 360; plan horizon 1620 d; remaining 298; prize >1 on 6; width 150 npt 6 mc 150 dv 1.2 drmax 0.15 plan_wall 240 s; quota {'fil': 12, 'med': 18}
[13:51:20] budget: job_wall 300 s, 300 s left before the plan -> plan cap 210 s (plan_wall 240, settle_reserve 90)
[13:51:20] job s00_r8 (root, craft None, planbeam): T 0 d H 540 L 360; plan horizon 1620 d; remaining 298; prize >1 on 6; width 150 npt 6 mc 150 dv 1.2 drmax 0.15 plan_wall 240 s; quota {'fil': 12, 'med': 18}
[13:51:20] budget: job_wall 300 s, 300 s left before the plan -> plan cap 210 s (plan_wall 240, settle_reserve 90)
[13:51:20] budget: job_wall 300 s, 300 s left before the plan -> plan cap 210 s (plan_wall 240, settle_reserve 90)
[13:51:20] budget: job_wall 300 s, 300 s left before the plan -> plan cap 210 s (plan_wall 240, settle_reserve 90)
[13:51:22] plan start: 6 launch dates (430-480 d) -> 36 launch legs with first flyby <= T+H, 5 kept (cap min(roots_max 450, 3 x width) = 450; 1.8 s)
[13:51:22] plan start: 6 launch dates (70-120 d) -> 1681 launch legs with first flyby <= T+H, 192 kept (cap min(roots_max 450, 3 x width) = 450; 1.9 s)
[13:51:22] plan start: 6 launch dates (310-360 d) -> 276 launch legs with first flyby <= T+H, 62 kept (cap min(roots_max 450, 3 x width) = 450; 1.9 s)
[13:51:22] plan start: 6 launch dates (490-540 d) -> 0 launch legs with first flyby <= T+H, 0 kept (cap min(roots_max 450, 3 x width) = 450; 1.9 s)
[13:51:22] plan: 0 states, depth 0 new flybys, end no_children (2 s)
[13:51:22] candidates: 0 distinct committed target sets (n_new -, potential -)
[13:51:22] frontier: 0 candidates chosen (n fb / committed planner kg / continuation (lookahead) [full]; pot_mode lookahead, pot_cap None): 
[13:51:22] budget: 298 s of 300 left for the settles + regrids (settle_wall 480)
[13:51:22] RESULT s00_r8: 0 columns; frontier ; settles 0 (0 ok), regrids 0 (0 ok); wall 2 s of 300 (plan 2, price 0, settle 0; budget hit None, 0 unsettled)
[13:51:22] plan start: 6 launch dates (190-240 d) -> 1235 launch legs with first flyby <= T+H, 159 kept (cap min(roots_max 450, 3 x width) = 450; 1.9 s)
[13:51:22] plan start: 6 launch dates (250-300 d) -> 726 launch legs with first flyby <= T+H, 116 kept (cap min(roots_max 450, 3 x width) = 450; 1.9 s)
[13:51:22] plan start: 6 launch dates (130-180 d) -> 1340 launch legs with first flyby <= T+H, 185 kept (cap min(roots_max 450, 3 x width) = 450; 1.9 s)
[13:51:22] plan start: 6 launch dates (370-420 d) -> 160 launch legs with first flyby <= T+H, 27 kept (cap min(roots_max 450, 3 x width) = 450; 2.0 s)
[13:51:22]   job s00_r8 root  columns   0  levels 0  settles 0/0  end no_children  wall 1.9 s
[13:51:22] plan start: 7 launch dates (0-60 d) -> 2000 launch legs with first flyby <= T+H, 208 kept (cap min(roots_max 450, 3 x width) = 450; 2.1 s)
[13:52:14] plan: 1082 states, depth 11 new flybys, end plan_done (54 s); deepest 11 new to 1581 d at planner fuel 376 kg
[13:52:14]   depth  1:    5 states (5 in H), t_end 485-535 d, fuel 0-0 kg
[13:52:14]   depth  2:   58 states (0 in H), t_end 592-1085 d, fuel 7-58 kg
[13:52:14]   depth  3:  150 states (0 in H), t_end 768-1022 d, fuel 30-108 kg
[13:52:14]   depth  4:  150 states (0 in H), t_end 902-1095 d, fuel 48-159 kg
[13:52:14]   depth  5:  150 states (0 in H), t_end 1012-1197 d, fuel 79-199 kg
[13:52:14]   depth  6:  150 states (0 in H), t_end 1113-1326 d, fuel 97-240 kg
[13:52:14]   depth  7:  150 states (0 in H), t_end 1231-1428 d, fuel 147-285 kg
[13:52:14]   depth  8:  150 states (0 in H), t_end 1290-1541 d, fuel 186-321 kg
[13:52:14]   depth  9:  110 states (0 in H), t_end 1368-1618 d, fuel 221-362 kg
[13:52:14]   depth 10:    8 states (0 in H), t_end 1489-1619 d, fuel 306-389 kg
[13:52:14]   depth 11:    1 states (0 in H), t_end 1581-1581 d, fuel 376-376 kg
[13:52:14] candidates: 3 distinct committed target sets (n_new 1-1, potential 2-2)
[13:52:14] frontier: 3 candidates chosen (n fb / committed planner kg / continuation (lookahead) [full]; pot_mode lookahead, pot_cap None): 1fb/0kg/p2(2)[2], 1fb/0kg/p2(2)[2], 1fb/0kg/p2(2)[2]
[13:52:14] budget: 246 s of 300 left for the settles + regrids (settle_wall 480)
[13:52:14] RESULT s00_r7: 3 columns; frontier 1fb 0 kg p2/2; settles 3 (3 ok), regrids 3 (3 ok); wall 54 s of 300 (plan 54, price 0, settle 0; budget hit None, 0 unsettled)
[13:52:14]   job s00_r7 root  columns   3  levels 11  settles 3/3  end plan_done  wall 53.9 s
[13:52:26] plan: 1309 states, depth 10 new flybys, end plan_done (66 s); deepest 10 new to 1538 d at planner fuel 184 kg
[13:52:26]   depth  1:   27 states (27 in H), t_end 440-540 d, fuel 0-0 kg
[13:52:26]   depth  2:  150 states (0 in H), t_end 615-825 d, fuel 5-54 kg
[13:52:26]   depth  3:  150 states (0 in H), t_end 719-916 d, fuel 18-107 kg
[13:52:26]   depth  4:  150 states (0 in H), t_end 826-1007 d, fuel 32-141 kg
[13:52:26]   depth  5:  150 states (0 in H), t_end 938-1124 d, fuel 51-180 kg
[13:52:26]   depth  6:  150 states (0 in H), t_end 1058-1437 d, fuel 69-222 kg
[13:52:26]   depth  7:  150 states (0 in H), t_end 1162-1472 d, fuel 86-249 kg
[13:52:26]   depth  8:  150 states (0 in H), t_end 1280-1510 d, fuel 104-295 kg
[13:52:26]   depth  9:  150 states (0 in H), t_end 1366-1596 d, fuel 130-325 kg
[13:52:26]   depth 10:   82 states (0 in H), t_end 1488-1619 d, fuel 184-350 kg
[13:52:26] candidates: 9 distinct committed target sets (n_new 1-1, potential 2-3)
[13:52:26] frontier: 9 candidates chosen (n fb / committed planner kg / continuation (lookahead) [full]; pot_mode lookahead, pot_cap None): 1fb/0kg/p3(3)[3], 1fb/0kg/p3(3)[3], 1fb/0kg/p3(3)[3], 1fb/0kg/p3(3)[3], 1fb/0kg/p2(2)[2], 1fb/0kg/p2(2)[2], 1fb/0kg/p2(2)[2], 1fb/0kg/p2(2)[2], 1fb/0kg/p2(2)[2]
[13:52:26] budget: 234 s of 300 left for the settles + regrids (settle_wall 480)
[13:52:27] RESULT s00_r6: 9 columns; frontier 1fb 0 kg p3/3; settles 9 (9 ok), regrids 9 (9 ok); wall 67 s of 300 (plan 66, price 0, settle 0; budget hit None, 0 unsettled)
[13:52:28]   job s00_r6 root  columns   9  levels 10  settles 9/9  end plan_done  wall 66.7 s
[13:52:31] plan: 1468 states, depth 12 new flybys, end plan_done (71 s); deepest 12 new to 1614 d at planner fuel 349 kg
[13:52:31]   depth  1:   62 states (62 in H), t_end 350-540 d, fuel 0-0 kg
[13:52:31]   depth  2:  150 states (4 in H), t_end 530-746 d, fuel 3-56 kg
[13:52:31]   depth  3:  150 states (0 in H), t_end 620-855 d, fuel 17-107 kg
[13:52:31]   depth  4:  150 states (0 in H), t_end 778-948 d, fuel 34-155 kg
[13:52:31]   depth  5:  150 states (0 in H), t_end 858-1093 d, fuel 65-187 kg
[13:52:31]   depth  6:  150 states (0 in H), t_end 921-1438 d, fuel 109-228 kg
[13:52:31]   depth  7:  150 states (0 in H), t_end 1059-1600 d, fuel 126-261 kg
[13:52:31]   depth  8:  150 states (0 in H), t_end 1169-1620 d, fuel 172-290 kg
[13:52:31]   depth  9:  150 states (0 in H), t_end 1243-1619 d, fuel 188-327 kg
[13:52:31]   depth 10:  150 states (0 in H), t_end 1398-1620 d, fuel 205-344 kg
[13:52:31]   depth 11:   55 states (0 in H), t_end 1527-1619 d, fuel 256-371 kg
[13:52:31]   depth 12:    1 states (0 in H), t_end 1614-1614 d, fuel 349-349 kg
[13:52:31] candidates: 26 distinct committed target sets (n_new 1-2, potential 1-4)
[13:52:31] frontier: 16 candidates chosen (n fb / committed planner kg / continuation (lookahead) [full]; pot_mode lookahead, pot_cap None): 1fb/0kg/p4(4)[4], 1fb/0kg/p3(2)[3], 1fb/0kg/p3(3)[3], 1fb/0kg/p3(3)[3], 1fb/0kg/p3(3)[3], 1fb/0kg/p3(3)[3], 1fb/0kg/p3(3)[3], 1fb/0kg/p3(3)[3], 1fb/0kg/p3(3)[3], 1fb/0kg/p3(3)[3], 1fb/0kg/p3(3)[3], 1fb/0kg/p3(3)[3], 1fb/0kg/p3(3)[3], 2fb/35kg/p2(2)[2], 2fb/49kg/p2(2)[2], 2fb/55kg/p1(1)[1]
[13:52:31] budget: 229 s of 300 left for the settles + regrids (settle_wall 480)
[13:52:32]     settle  2:  93 @    531 d -> ok lintwin tank 606.4 (+4.9) miss 51 km (0.2 s)
[13:52:32]     settle  2: 276 @    540 d -> ok lintwin tank 605.8 (+4.3) miss 0 km (0.1 s)
[13:52:32]   drift: leg 276@540 d settled outside (T, T+H] -> column cut at 1
[13:52:32]     settle  2:  93 @    534 d -> ok lintwin tank 617.9 (+16.4) miss 77 km (0.1 s)
[13:52:32]   1 candidates dropped (settle failure / regrid failure / duplicate after truncation)
[13:52:32] RESULT s00_r5: 15 columns; frontier 1fb 0 kg p4/4 | 2fb 5 kg p2/2; settles 17 (17 ok), regrids 15 (15 ok); wall 72 s of 300 (plan 71, price 0, settle 1; budget hit None, 0 unsettled)
[13:52:34]   job s00_r5 root  columns  15  levels 12  settles 17/17  end plan_done  wall 72.3 s
[13:52:37] plan: 1550 states, depth 12 new flybys, end plan_done (77 s); deepest 12 new to 1589 d at planner fuel 405 kg
[13:52:37]   depth  1:  116 states (116 in H), t_end 295-540 d, fuel 0-0 kg
[13:52:37]   depth  2:  150 states (44 in H), t_end 460-618 d, fuel 5-54 kg
[13:52:37]   depth  3:  150 states (2 in H), t_end 538-760 d, fuel 11-103 kg
[13:52:37]   depth  4:  150 states (0 in H), t_end 709-856 d, fuel 25-141 kg
[13:52:37]   depth  5:  150 states (0 in H), t_end 796-975 d, fuel 66-174 kg
[13:52:37]   depth  6:  150 states (0 in H), t_end 904-1101 d, fuel 82-213 kg
[13:52:37]   depth  7:  150 states (0 in H), t_end 1007-1442 d, fuel 96-256 kg
[13:52:37]   depth  8:  150 states (0 in H), t_end 1110-1600 d, fuel 139-298 kg
[13:52:37]   depth  9:  150 states (0 in H), t_end 1247-1610 d, fuel 185-314 kg
[13:52:37]   depth 10:  150 states (0 in H), t_end 1317-1572 d, fuel 214-357 kg
[13:52:37]   depth 11:   82 states (0 in H), t_end 1486-1619 d, fuel 269-396 kg
[13:52:37]   depth 12:    2 states (0 in H), t_end 1589-1603 d, fuel 405-432 kg
[13:52:37] candidates: 67 distinct committed target sets (n_new 1-3, potential 0-3)
[13:52:37] frontier: 16 candidates chosen (n fb / committed planner kg / continuation (lookahead) [full]; pot_mode lookahead, pot_cap None): 1fb/0kg/p4(3)[4], 1fb/0kg/p4(3)[4], 1fb/0kg/p4(2)[4], 1fb/0kg/p4(2)[4], 1fb/0kg/p3(2)[3], 1fb/0kg/p3(3)[3], 1fb/0kg/p3(2)[3], 1fb/0kg/p3(3)[3], 1fb/0kg/p3(3)[3], 2fb/5kg/p2(2)[2], 2fb/16kg/p0(0)[0], 2fb/18kg/p3(3)[3], 2fb/21kg/p3(3)[3], 2fb/41kg/p3(3)[3], 3fb/54kg/p2(2)[2], 3fb/63kg/p2(2)[2]
[13:52:37] budget: 223 s of 300 left for the settles + regrids (settle_wall 480)
[13:52:37]     settle  2:  93 @    518 d -> ok lintwin tank 603.4 (+1.9) miss 0 km (0.2 s)
[13:52:38]     settle  2: 276 @    540 d -> ok lintwin tank 602.5 (+1.0) miss 1 km (0.1 s)
[13:52:38]   drift: leg 276@540 d settled outside (T, T+H] -> column cut at 1
[13:52:38]     settle  2: 244 @    525 d -> ok lintwin tank 604.5 (+3.0) miss 0 km (0.1 s)
[13:52:38]     settle  2: 117 @    460 d -> ok lintwin tank 606.0 (+4.5) miss 0 km (0.1 s)
[13:52:38] plan: 1569 states, depth 11 new flybys, end plan_done (78 s); deepest 11 new to 1583 d at planner fuel 271 kg
[13:52:38]   depth  1:  208 states (208 in H), t_end 70-460 d, fuel 0-0 kg
[13:52:38]   depth  2:  150 states (147 in H), t_end 182-945 d, fuel 1-59 kg
[13:52:38]   depth  3:  150 states (92 in H), t_end 293-1110 d, fuel 18-106 kg
[13:52:38]   depth  4:  150 states (4 in H), t_end 413-1107 d, fuel 70-150 kg
[13:52:38]   depth  5:  150 states (0 in H), t_end 777-1443 d, fuel 108-188 kg
[13:52:38]   depth  6:  150 states (0 in H), t_end 840-1446 d, fuel 112-227 kg
[13:52:38]   depth  7:  150 states (0 in H), t_end 1063-1498 d, fuel 134-243 kg
[13:52:38]   depth  8:  150 states (0 in H), t_end 1198-1495 d, fuel 165-281 kg
[13:52:38]   depth  9:  150 states (0 in H), t_end 1279-1541 d, fuel 207-317 kg
[13:52:38]   depth 10:  148 states (0 in H), t_end 1381-1620 d, fuel 229-356 kg
[13:52:38]   depth 11:   13 states (0 in H), t_end 1564-1620 d, fuel 271-353 kg
[13:52:38] candidates: 189 distinct committed target sets (n_new 1-4, potential 0-3)
[13:52:38] frontier: 16 candidates chosen (n fb / committed planner kg / continuation (lookahead) [full]; pot_mode lookahead, pot_cap None): 1fb/0kg/p5(3)[5], 1fb/0kg/p3(2)[3], 1fb/0kg/p3(0)[3], 1fb/0kg/p2(0)[2], 1fb/0kg/p2(0)[2], 1fb/0kg/p2(0)[2], 1fb/0kg/p2(0)[2], 2fb/1kg/p0(0)[0], 2fb/6kg/p1(0)[1], 2fb/46kg/p4(3)[4], 3fb/18kg/p0(0)[0], 3fb/27kg/p0(0)[0], 3fb/78kg/p3(3)[3], 4fb/73kg/p0(0)[0], 4fb/101kg/p2(2)[2], 4fb/106kg/p1(1)[1]
[13:52:38] budget: 222 s of 300 left for the settles + regrids (settle_wall 480)
[13:52:38]     settle  2:  37 @    535 d -> ok lintwin tank 604.9 (+3.4) miss 0 km (0.2 s)
[13:52:38]     settle  2:   8 @    492 d -> ok lintwin tank 605.9 (+4.4) miss 56 km (0.1 s)
[13:52:38]     settle  3: 276 @    538 d -> ok lintwin tank 612.8 (+6.9) miss 69 km (0.1 s)
[13:52:38]     settle  2: 279 @    356 d -> ok lintwin tank 601.5 (+0.0) miss 0 km (0.1 s)
[13:52:39]     settle  2: 127 @    341 d -> ok lintwin tank 601.7 (+0.2) miss 1 km (0.1 s)
[13:52:39]     settle  2:   8 @    490 d -> ok lintwin tank 604.7 (+3.2) miss 0 km (0.1 s)
[13:52:39]     settle  3: 276 @    539 d -> ok lintwin tank 613.5 (+8.8) miss 1 km (0.2 s)
[13:52:39]   1 candidates dropped (settle failure / regrid failure / duplicate after truncation)
[13:52:39] RESULT s00_r4: 15 columns; frontier 1fb 0 kg p3/3 | 2fb 2 kg p2/3 | 3fb 11 kg p2/2; settles 19 (19 ok), regrids 15 (15 ok); wall 79 s of 300 (plan 77, price 0, settle 2; budget hit None, 0 unsettled)
[13:52:39]     settle  2:  67 @    195 d -> ok lintwin tank 615.6 (+14.1) miss 2 km (0.1 s)
[13:52:39]     settle  2:  67 @    330 d -> ok lintwin tank 603.0 (+1.5) miss 0 km (0.2 s)
[13:52:39]     settle  3: 185 @    442 d -> ok lintwin tank 605.1 (+2.1) miss 0 km (0.1 s)
[13:52:39]     settle  2: 272 @    300 d -> ok lintwin tank 606.4 (+4.9) miss 0 km (0.1 s)
[13:52:40]     settle  3: 185 @    440 d -> ok lintwin tank 606.7 (+0.4) miss 0 km (0.1 s)
[13:52:40]     settle  3: 139 @    369 d -> ok lintwin tank 627.6 (+12.0) miss 3 km (0.2 s)
[13:52:40]     settle  2: 284 @    235 d -> ok lintwin tank 612.1 (+10.6) miss 57 km (0.1 s)
[13:52:40]   job s00_r4 root  columns  15  levels 12  settles 19/19  end plan_done  wall 78.9 s
[13:52:40]     settle  3: 226 @    334 d -> ok lintwin tank 623.8 (+11.7) miss 1 km (0.2 s)
[13:52:40]     settle  4: 293 @    413 d -> ok lintwin tank 625.0 (+1.2) miss 0 km (0.1 s)
[13:52:41]     settle  4: 230 @    455 d -> ok lintwin tank 632.9 (+5.3) miss 1 km (0.1 s)
[13:52:41]     settle  4:  83 @    503 d -> ok lintwin tank 636.6 (+9.0) miss 2 km (0.2 s)
[13:52:41] RESULT s00_r0: 16 columns; frontier 1fb 0 kg p3/3 | 2fb 0 kg p0/3 | 3fb 4 kg p0/3 | 4fb 24 kg p0/2; settles 23 (23 ok), regrids 16 (16 ok); wall 81 s of 300 (plan 78, price 0, settle 3; budget hit None, 0 unsettled)
[13:52:42] plan: 1680 states, depth 12 new flybys, end plan_done (82 s); deepest 12 new to 1492 d at planner fuel 318 kg
[13:52:42]   depth  1:  159 states (159 in H), t_end 275-540 d, fuel 0-0 kg
[13:52:42]   depth  2:  150 states (147 in H), t_end 405-548 d, fuel 2-61 kg
[13:52:42]   depth  3:  150 states (16 in H), t_end 478-695 d, fuel 17-111 kg
[13:52:42]   depth  4:  150 states (0 in H), t_end 598-832 d, fuel 36-158 kg
[13:52:42]   depth  5:  150 states (0 in H), t_end 770-924 d, fuel 63-203 kg
[13:52:42]   depth  6:  150 states (0 in H), t_end 858-1442 d, fuel 81-245 kg
[13:52:42]   depth  7:  150 states (0 in H), t_end 974-1597 d, fuel 162-289 kg
[13:52:42]   depth  8:  150 states (0 in H), t_end 1086-1606 d, fuel 178-329 kg
[13:52:42]   depth  9:  150 states (0 in H), t_end 1238-1386 d, fuel 210-360 kg
[13:52:42]   depth 10:  150 states (0 in H), t_end 1332-1491 d, fuel 222-394 kg
[13:52:42]   depth 11:  150 states (0 in H), t_end 1424-1609 d, fuel 257-416 kg
[13:52:42]   depth 12:   21 states (0 in H), t_end 1492-1618 d, fuel 318-431 kg
[13:52:42] candidates: 129 distinct committed target sets (n_new 1-3, potential 0-4)
[13:52:42] frontier: 16 candidates chosen (n fb / committed planner kg / continuation (lookahead) [full]; pot_mode lookahead, pot_cap None): 1fb/0kg/p5(4)[5], 1fb/0kg/p5(3)[5], 1fb/0kg/p5(4)[5], 1fb/0kg/p4(3)[4], 1fb/0kg/p4(3)[4], 1fb/0kg/p4(3)[4], 1fb/0kg/p4(3)[4], 1fb/0kg/p4(2)[4], 1fb/0kg/p4(3)[4], 1fb/0kg/p4(3)[4], 2fb/2kg/p1(1)[1], 2fb/10kg/p3(2)[3], 2fb/33kg/p4(4)[4], 3fb/34kg/p1(1)[1], 3fb/47kg/p2(2)[2], 3fb/103kg/p3(3)[3]
[13:52:42] budget: 218 s of 300 left for the settles + regrids (settle_wall 480)
[13:52:42]   job s00_r0 root  columns  16  levels 11  settles 23/23  end plan_done  wall 81.0 s
[13:52:43]     settle  2: 162 @    480 d -> ok lintwin tank 602.0 (+0.5) miss 0 km (0.3 s)
[13:52:43]     settle  2: 293 @    409 d -> ok lintwin tank 608.6 (+7.1) miss 2 km (0.3 s)
[13:52:43]     settle  2:  94 @    465 d -> ok lintwin tank 607.5 (+6.0) miss 0 km (0.1 s)
[13:52:43]     settle  2: 117 @    465 d -> ok lintwin tank 605.4 (+3.9) miss 0 km (0.1 s)
[13:52:43]     settle  3: 299 @    537 d -> ok lintwin tank 617.7 (+12.3) miss 12 km (0.1 s)
[13:52:43]     settle  2:  19 @    418 d -> ok lintwin tank 601.7 (+0.2) miss 0 km (0.1 s)
[13:52:44]     settle  3: 150 @    510 d -> ok lintwin tank 607.5 (+5.8) miss 0 km (0.1 s)
[13:52:44] plan: 1720 states, depth 12 new flybys, end plan_done (84 s); deepest 12 new to 1600 d at planner fuel 276 kg
[13:52:44]   depth  1:  185 states (185 in H), t_end 175-540 d, fuel 0-0 kg
[13:52:44]   depth  2:  150 states (150 in H), t_end 334-536 d, fuel 2-59 kg
[13:52:44]   depth  3:  150 states (26 in H), t_end 444-651 d, fuel 22-105 kg
[13:52:44]   depth  4:  150 states (0 in H), t_end 594-762 d, fuel 35-154 kg
[13:52:44]   depth  5:  150 states (0 in H), t_end 672-894 d, fuel 66-193 kg
[13:52:44]   depth  6:  150 states (0 in H), t_end 814-1004 d, fuel 94-238 kg
[13:52:44]   depth  7:  150 states (0 in H), t_end 882-1444 d, fuel 127-289 kg
[13:52:44]   depth  8:  150 states (0 in H), t_end 1019-1592 d, fuel 157-323 kg
[13:52:44]   depth  9:  150 states (0 in H), t_end 1127-1600 d, fuel 177-366 kg
[13:52:44]   depth 10:  150 states (0 in H), t_end 1271-1603 d, fuel 205-401 kg
[13:52:44]   depth 11:  150 states (0 in H), t_end 1395-1608 d, fuel 214-415 kg
[13:52:44]   depth 12:   35 states (0 in H), t_end 1499-1616 d, fuel 276-440 kg
[13:52:44] candidates: 142 distinct committed target sets (n_new 1-3, potential 0-5)
[13:52:44] frontier: 16 candidates chosen (n fb / committed planner kg / continuation (lookahead) [full]; pot_mode lookahead, pot_cap None): 1fb/0kg/p6(5)[6], 1fb/0kg/p5(3)[5], 1fb/0kg/p5(3)[5], 1fb/0kg/p5(3)[5], 1fb/0kg/p5(4)[5], 1fb/0kg/p5(3)[5], 1fb/0kg/p5(3)[5], 1fb/0kg/p5(4)[5], 1fb/0kg/p4(3)[4], 1fb/0kg/p4(3)[4], 2fb/2kg/p0(0)[0], 2fb/4kg/p0(0)[0], 2fb/18kg/p5(5)[5], 3fb/29kg/p3(3)[3], 3fb/36kg/p0(0)[0], 3fb/38kg/p2(2)[2]
[13:52:44] budget: 216 s of 300 left for the settles + regrids (settle_wall 480)
[13:52:44]     settle  2:  19 @    415 d -> ok lintwin tank 601.7 (+0.2) miss 1 km (0.1 s)
[13:52:44]     settle  3: 162 @    478 d -> ok lintwin tank 612.5 (+10.9) miss 3 km (0.1 s)
[13:52:44] RESULT s00_r3: 16 columns; frontier 1fb 0 kg p4/4 | 2fb 0 kg p1/4 | 3fb 6 kg p2/3; settles 21 (21 ok), regrids 16 (16 ok); wall 84 s of 300 (plan 82, price 0, settle 2; budget hit None, 0 unsettled)
[13:52:44]   job s00_r3 root  columns  16  levels 12  settles 21/21  end plan_done  wall 84.0 s
[13:52:45]     settle  2:  42 @    484 d -> ok lintwin tank 602.0 (+0.5) miss 0 km (0.5 s)
[13:52:45]     settle  2:  42 @    490 d -> ok lintwin tank 602.1 (+0.6) miss 7 km (0.6 s)
[13:52:46]     settle  2:  29 @    469 d -> ok lintwin tank 601.5 (+0.0) miss 0 km (0.1 s)
[13:52:46]     settle  2: 230 @    443 d -> ok lintwin tank 603.9 (+2.4) miss 0 km (0.3 s)
[13:52:46]     settle  3: 281 @    538 d -> ok lintwin tank 604.9 (+1.0) miss 0 km (0.3 s)
[13:52:47]     settle  2: 294 @    334 d -> ok lintwin tank 613.9 (+12.4) miss 76 km (0.3 s)
[13:52:48]     settle  3:  37 @    537 d -> ok lam tank 625.7 (+11.8) miss 92 km (1.0 s)
[13:52:48]   regrid FAIL (3 fb: miss 4005 km, None, 0.6 s) -> column dropped
[13:52:48]     settle  2:   5 @    340 d -> ok lintwin tank 602.8 (+1.3) miss 0 km (0.1 s)
[13:52:49]     settle  3:  60 @    460 d -> ok lintwin tank 613.0 (+10.2) miss 5 km (0.1 s)
[13:52:49]   1 candidates dropped (settle failure / regrid failure / duplicate after truncation)
[13:52:49] RESULT s00_r2: 15 columns; frontier 1fb 0 kg p5/5 | 2fb 0 kg p5/5 | 3fb 3 kg p3/3; settles 21 (21 ok), regrids 16 (15 ok); wall 89 s of 300 (plan 84, price 0, settle 5; budget hit None, 0 unsettled)
[13:52:50]   job s00_r2 root  columns  15  levels 12  settles 21/21  end plan_done  wall 88.8 s
[13:52:58] plan: 1963 states, depth 14 new flybys, end plan_done (98 s); deepest 14 new to 1600 d at planner fuel 447 kg
[13:52:58]   depth  1:  192 states (192 in H), t_end 95-510 d, fuel 0-0 kg
[13:52:58]   depth  2:  150 states (150 in H), t_end 190-461 d, fuel 6-59 kg
[13:52:58]   depth  3:  150 states (128 in H), t_end 314-588 d, fuel 31-106 kg
[13:52:58]   depth  4:  150 states (16 in H), t_end 460-660 d, fuel 53-154 kg
[13:52:58]   depth  5:  150 states (0 in H), t_end 548-762 d, fuel 64-206 kg
[13:52:58]   depth  6:  150 states (0 in H), t_end 620-889 d, fuel 109-252 kg
[13:52:58]   depth  7:  150 states (0 in H), t_end 709-967 d, fuel 144-296 kg
[13:52:58]   depth  8:  150 states (0 in H), t_end 834-1440 d, fuel 175-338 kg
[13:52:58]   depth  9:  150 states (0 in H), t_end 944-1440 d, fuel 199-382 kg
[13:52:58]   depth 10:  150 states (0 in H), t_end 1009-1600 d, fuel 206-400 kg
[13:52:58]   depth 11:  150 states (0 in H), t_end 1194-1605 d, fuel 234-437 kg
[13:52:58]   depth 12:  150 states (0 in H), t_end 1291-1609 d, fuel 250-468 kg
[13:52:58]   depth 13:  114 states (0 in H), t_end 1441-1620 d, fuel 300-505 kg
[13:52:58]   depth 14:    7 states (0 in H), t_end 1538-1616 d, fuel 447-511 kg
[13:52:58] candidates: 213 distinct committed target sets (n_new 1-4, potential 0-5)
[13:52:58] frontier: 16 candidates chosen (n fb / committed planner kg / continuation (lookahead) [full]; pot_mode lookahead, pot_cap None): 1fb/0kg/p7(4)[7], 1fb/0kg/p7(5)[7], 1fb/0kg/p6(4)[6], 1fb/0kg/p6(3)[6], 1fb/0kg/p5(3)[5], 1fb/0kg/p5(3)[5], 2fb/6kg/p1(0)[1], 2fb/6kg/p0(0)[0], 2fb/53kg/p6(5)[6], 2fb/54kg/p6(4)[6], 3fb/34kg/p0(0)[0], 3fb/43kg/p0(0)[0], 3fb/62kg/p5(5)[5], 4fb/94kg/p2(2)[2], 4fb/96kg/p2(2)[2], 4fb/152kg/p4(4)[4]
[13:52:58] budget: 202 s of 300 left for the settles + regrids (settle_wall 480)
[13:52:59]     settle  2:  19 @    420 d -> ok lintwin tank 601.9 (+0.4) miss 0 km (0.5 s)
[13:52:59]     settle  2:  32 @    442 d -> ok lintwin tank 603.1 (+1.6) miss 48 km (0.4 s)
[13:52:59]     settle  2: 297 @    311 d -> ok lintwin tank 619.4 (+17.9) miss 18 km (0.1 s)
[13:53:00]     settle  2: 162 @    200 d -> ok lintwin tank 609.6 (+8.1) miss 1 km (0.1 s)
[13:53:00]     settle  3:  81 @    504 d -> ok lintwin tank 603.0 (+1.1) miss 90 km (0.3 s)
[13:53:00]     settle  2:   5 @    342 d -> ok lintwin tank 606.4 (+4.9) miss 52 km (0.1 s)
[13:53:00]     settle  3:  32 @    443 d -> ok lintwin tank 612.9 (+6.5) miss 0 km (0.1 s)
[13:53:00]     settle  3:  61 @    405 d -> ok lintwin tank 619.7 (+0.3) miss 1 km (0.1 s)
[13:53:00]     settle  2: 279 @    285 d -> ok lintwin tank 601.9 (+0.4) miss 92 km (0.1 s)
[13:53:01]     settle  3:  11 @    383 d -> ok lintwin tank 619.5 (+17.6) miss 20 km (0.1 s)
[13:53:01]     settle  4:  60 @    480 d -> ok lintwin tank 630.8 (+11.3) miss 3 km (0.2 s)
[13:53:02]     settle  3: 291 @    378 d -> ok lam tank 629.0 (+9.6) miss 76 km (0.8 s)
[13:53:03]     settle  4: 165 @    514 d -> ok lam tank 631.3 (+2.3) miss 57 km (1.2 s)
[13:53:03]   regrid FAIL (4 fb: miss 353761 km, None, 0.6 s) -> column dropped
[13:53:04]     settle  3: 128 @    356 d -> ok lintwin tank 631.8 (+22.1) miss 74 km (0.3 s)
[13:53:04]     settle  4:  28 @    465 d -> ok lintwin tank 651.2 (+19.5) miss 66 km (0.4 s)
[13:53:04]   1 candidates dropped (settle failure / regrid failure / duplicate after truncation)
[13:53:04] RESULT s00_r1: 15 columns; frontier 1fb 0 kg p4/5 | 2fb 0 kg p0/5 | 3fb 2 kg p0/5 | 4fb 29 kg p2/4; settles 23 (23 ok), regrids 16 (15 ok); wall 104 s of 300 (plan 98, price 0, settle 6; budget hit None, 0 unsettled)
[13:53:06]   job s00_r1 root  columns  15  levels 14  settles 23/23  end plan_done  wall 104.2 s
[13:53:06] [slice 0] propose: 104 columns (0 bad dropped) in 106.3 s
[13:53:06] [slice 0] auction: 104 columns, kept 104, dropped {}; lam 1.00 H_eff 540 d fuel budget 482 kg quota on
[13:53:06] [slice 0] auction: status optimal objective 31.108 vars 104 rows 40 chosen 8 fuel 127/482 kg (0.013 s)
[13:53:08] [slice 0] claims: c1:1 c2:5 c3:1 c4:2 c5:5 c6:2 c7:1  (17 targets: 0 kept, 17 new; 0 released, 0 expired (ttl 9), 1 conflicts)
[13:53:08] [slice 0 T=0 d] launched 8/8  covered 26  remaining 272  fuel 139 kg  sumJi 8.1009  chosen: r->c0:4(+24) r->c1:4(+35) r->c2:3(+18) r->c3:4(+29) r->c4:3(+3) r->c5:2(+0) r->c6:3(+6) r->c7:3(+11)  rejected: -  (wall 108 s)
[13:53:08] [slice 1] claims in force: c1:1 c2:5 c3:1 c4:2 c5:5 c6:2 c7:1  (17 targets; claim_bonus 1.5, ttl 9)
[13:53:08]   c0: claims: 0 own (prized +1.5), 17 claimed by others withheld
[13:53:08]   c1: claims: 1 own (prized +1.5), 16 claimed by others withheld
[13:53:08]   c2: claims: 5 own (prized +1.5), 12 claimed by others withheld
[13:53:08]   c3: claims: 1 own (prized +1.5), 16 claimed by others withheld
[13:53:08]   c4: claims: 2 own (prized +1.5), 15 claimed by others withheld
[13:53:08]   c5: claims: 5 own (prized +1.5), 12 claimed by others withheld
[13:53:08]   c6: claims: 2 own (prized +1.5), 15 claimed by others withheld
[13:53:08]   c7: claims: 1 own (prized +1.5), 16 claimed by others withheld
[13:53:08] [slice 1 T=540 d] propose: 8 jobs (8 craft, 0 root) on 9 workers, proposer planbeam, H_eff 540 d, lam 1.0
[13:53:08] job s01_c1 (craft, craft 1, planbeam): T 540 d H 540 L 360; plan horizon 2160 d; remaining 256; prize >1 on 19; width 150 npt 6 mc 150 dv 1.2 drmax 0.15 plan_wall 240 s; quota {'fil': 10, 'med': 17}
[13:53:08] job s01_c2 (craft, craft 2, planbeam): T 540 d H 540 L 360; plan horizon 2160 d; remaining 260; prize >1 on 23; width 150 npt 6 mc 150 dv 1.2 drmax 0.15 plan_wall 240 s; quota {'fil': 10, 'med': 18}
[13:53:08] job s01_c0 (craft, craft 0, planbeam): T 540 d H 540 L 360; plan horizon 2160 d; remaining 255; prize >1 on 18; width 150 npt 6 mc 150 dv 1.2 drmax 0.15 plan_wall 240 s; quota {'fil': 9, 'med': 17}
[13:53:08] job s01_c3 (craft, craft 3, planbeam): T 540 d H 540 L 360; plan horizon 2160 d; remaining 256; prize >1 on 19; width 150 npt 6 mc 150 dv 1.2 drmax 0.15 plan_wall 240 s; quota {'fil': 9, 'med': 18}
[13:53:08] job s01_c4 (craft, craft 4, planbeam): T 540 d H 540 L 360; plan horizon 2160 d; remaining 257; prize >1 on 20; width 150 npt 6 mc 150 dv 1.2 drmax 0.15 plan_wall 240 s; quota {'fil': 10, 'med': 17}
[13:53:08] job s01_c5 (craft, craft 5, planbeam): T 540 d H 540 L 360; plan horizon 2160 d; remaining 260; prize >1 on 23; width 150 npt 6 mc 150 dv 1.2 drmax 0.15 plan_wall 240 s; quota {'fil': 11, 'med': 17}
[13:53:08] job s01_c6 (craft, craft 6, planbeam): T 540 d H 540 L 360; plan horizon 2160 d; remaining 257; prize >1 on 20; width 150 npt 6 mc 150 dv 1.2 drmax 0.15 plan_wall 240 s; quota {'fil': 11, 'med': 16}
[13:53:08] job s01_c7 (craft, craft 7, planbeam): T 540 d H 540 L 360; plan horizon 2160 d; remaining 256; prize >1 on 19; width 150 npt 6 mc 150 dv 1.2 drmax 0.15 plan_wall 240 s; quota {'fil': 11, 'med': 17}
[13:53:08] prefix slices/s01/in/craft_5.npz: 2 flybys, t_end 467.6 d, tank 601.5 kg (planner view), miss 0.0 km, nreg 18
[13:53:08] budget: job_wall 300 s, 300 s left before the plan -> plan cap 210 s (plan_wall 240, settle_reserve 90)
[13:53:08] prefix slices/s01/in/craft_2.npz: 3 flybys, t_end 405.8 d, tank 619.7 kg (planner view), miss 1.1 km, nreg 19
[13:53:08] budget: job_wall 300 s, 300 s left before the plan -> plan cap 210 s (plan_wall 240, settle_reserve 90)
[13:53:08] prefix slices/s01/in/craft_7.npz: 3 flybys, t_end 538.0 d, tank 612.8 kg (planner view), miss 88.9 km, nreg 16
[13:53:08] budget: job_wall 300 s, 300 s left before the plan -> plan cap 210 s (plan_wall 240, settle_reserve 90)
[13:53:08] prefix slices/s01/in/craft_6.npz: 3 flybys, t_end 510.4 d, tank 607.5 kg (planner view), miss 0.0 km, nreg 19
[13:53:08] budget: job_wall 300 s, 300 s left before the plan -> plan cap 210 s (plan_wall 240, settle_reserve 90)
[13:53:08] prefix slices/s01/in/craft_3.npz: 4 flybys, t_end 480.3 d, tank 630.8 kg (planner view), miss 0.0 km, nreg 23
[13:53:08] budget: job_wall 300 s, 300 s left before the plan -> plan cap 210 s (plan_wall 240, settle_reserve 90)
[13:53:08] prefix slices/s01/in/craft_4.npz: 3 flybys, t_end 537.1 d, tank 604.9 kg (planner view), miss 0.0 km, nreg 23
[13:53:08] prefix slices/s01/in/craft_0.npz: 4 flybys, t_end 412.8 d, tank 625.0 kg (planner view), miss 0.5 km, nreg 23
[13:53:08] budget: job_wall 300 s, 300 s left before the plan -> plan cap 210 s (plan_wall 240, settle_reserve 90)
[13:53:08] budget: job_wall 300 s, 300 s left before the plan -> plan cap 210 s (plan_wall 240, settle_reserve 90)
[13:53:08] prefix slices/s01/in/craft_1.npz: 4 flybys, t_end 499.8 d, tank 636.5 kg (planner view), miss 0.2 km, nreg 28
[13:53:08] budget: job_wall 300 s, 300 s left before the plan -> plan cap 210 s (plan_wall 240, settle_reserve 90)
[13:53:12] first level (both): 0 production + 86 relaxed (dv 2.5, 0.3 AU; 0.1 s) + 77 lintwin children -> 119 unique (4.0 s)
[13:53:12] plan start: prefix 2 flybys, t_end 467.6 d, planner mass 1600.0 kg (dv 0.000 km/s); 119 first-level states
[13:53:12] first level (both): 0 production + 32 relaxed (dv 2.5, 0.3 AU; 0.1 s) + 65 lintwin children -> 85 unique (4.1 s)
[13:53:12] plan start: prefix 3 flybys, t_end 538.0 d, planner mass 1570.5 kg (dv 0.730 km/s); 85 first-level states
[13:53:13] first level (both): 0 production + 45 relaxed (dv 2.5, 0.3 AU; 0.1 s) + 81 lintwin children -> 110 unique (4.5 s)
[13:53:13] plan start: prefix 3 flybys, t_end 510.4 d, planner mass 1584.2 kg (dv 0.388 km/s); 110 first-level states
[13:53:13] first level (both): 0 production + 73 relaxed (dv 2.5, 0.3 AU; 0.1 s) + 71 lintwin children -> 110 unique (4.7 s)
[13:53:13] plan start: prefix 3 flybys, t_end 537.1 d, planner mass 1591.1 kg (dv 0.218 km/s); 110 first-level states
[13:53:13] first level (both): 0 production + 67 relaxed (dv 2.5, 0.3 AU; 0.1 s) + 107 lintwin children -> 145 unique (4.8 s)
[13:53:13] plan start: prefix 3 flybys, t_end 405.8 d, planner mass 1552.9 kg (dv 1.171 km/s); 145 first-level states
[13:53:13] first level (both): 0 production + 47 relaxed (dv 2.5, 0.3 AU; 0.1 s) + 75 lintwin children -> 102 unique (5.0 s)
[13:53:13] plan start: prefix 4 flybys, t_end 480.3 d, planner mass 1525.7 kg (dv 1.864 km/s); 102 first-level states
[13:53:14] first level (both): 0 production + 36 relaxed (dv 2.5, 0.3 AU; 0.1 s) + 89 lintwin children -> 105 unique (5.4 s)
[13:53:14] plan start: prefix 4 flybys, t_end 412.8 d, planner mass 1539.8 kg (dv 1.504 km/s); 105 first-level states
[13:53:14] first level (both): 0 production + 77 relaxed (dv 2.5, 0.3 AU; 0.1 s) + 71 lintwin children -> 118 unique (5.4 s)
[13:53:14] plan start: prefix 4 flybys, t_end 499.8 d, planner mass 1511.9 kg (dv 2.220 km/s); 118 first-level states
[13:54:14] plan: 1338 states, depth 11 new flybys, end plan_done (66 s); deepest 11 new to 2149 d at planner fuel 500 kg
[13:54:14]   depth  1:  102 states (83 in H), t_end 610-1188 d, fuel 85-185 kg
[13:54:14]   depth  2:  150 states (137 in H), t_end 760-1442 d, fuel 107-226 kg
[13:54:14]   depth  3:  150 states (6 in H), t_end 970-1990 d, fuel 114-257 kg
[13:54:14]   depth  4:  150 states (0 in H), t_end 1374-1633 d, fuel 128-270 kg
[13:54:14]   depth  5:  150 states (0 in H), t_end 1481-1874 d, fuel 167-317 kg
[13:54:14]   depth  6:  150 states (0 in H), t_end 1597-2159 d, fuel 183-360 kg
[13:54:14]   depth  7:  150 states (0 in H), t_end 1708-2160 d, fuel 195-389 kg
[13:54:14]   depth  8:  150 states (0 in H), t_end 1850-2079 d, fuel 253-429 kg
[13:54:14]   depth  9:  150 states (0 in H), t_end 1963-2154 d, fuel 281-447 kg
[13:54:14]   depth 10:   35 states (0 in H), t_end 2099-2160 d, fuel 332-482 kg
[13:54:14]   depth 11:    1 states (0 in H), t_end 2149-2149 d, fuel 500-500 kg
[13:54:14] candidates: 132 distinct committed target sets (n_new 1-3, potential 0-3)
[13:54:14] frontier: 16 candidates chosen (n fb / committed planner kg / continuation (lookahead) [full]; pot_mode lookahead, pot_cap None): 1fb/85kg/p3(3)[3], 1fb/89kg/p1(0)[1], 1fb/90kg/p0(0)[0], 1fb/129kg/p2(1)[2], 1fb/131kg/p2(0)[2], 1fb/135kg/p2(0)[2], 1fb/136kg/p2(1)[2], 1fb/136kg/p2(1)[2], 1fb/156kg/p2(0)[2], 1fb/175kg/p2(1)[2], 2fb/107kg/p2(2)[2], 2fb/116kg/p1(1)[1], 2fb/117kg/p0(0)[0], 3fb/179kg/p0(0)[0], 3fb/200kg/p0(0)[0], 3fb/217kg/p0(0)[0]
[13:54:14] budget: 234 s of 300 left for the settles + regrids (settle_wall 480)
[13:54:15]     settle  5: 124 @    867 d -> ok lintwin tank 651.5 (+20.7) miss 14 km (0.5 s)
[13:54:15]     settle  5: 182 @    696 d -> ok lintwin tank 636.2 (+5.4) miss 2 km (0.2 s)
[13:54:16]     settle  5: 298 @   1059 d -> ok lintwin tank 643.1 (+12.3) miss 18 km (0.5 s)
[13:54:17] plan: 1454 states, depth 11 new flybys, end plan_done (68 s); deepest 11 new to 2115 d at planner fuel 341 kg
[13:54:17]   depth  1:   85 states (77 in H), t_end 656-1174 d, fuel 30-147 kg
[13:54:17]   depth  2:  150 states (77 in H), t_end 793-1664 d, fuel 64-181 kg
[13:54:17]   depth  3:  150 states (16 in H), t_end 1012-1954 d, fuel 74-229 kg
[13:54:17]   depth  4:  150 states (0 in H), t_end 1116-1768 d, fuel 93-243 kg
[13:54:17]   depth  5:  150 states (0 in H), t_end 1286-1940 d, fuel 116-277 kg
[13:54:17]   depth  6:  150 states (0 in H), t_end 1381-2123 d, fuel 149-275 kg
[13:54:17]   depth  7:  150 states (0 in H), t_end 1493-2155 d, fuel 179-294 kg
[13:54:17]   depth  8:  150 states (0 in H), t_end 1637-2117 d, fuel 228-322 kg
[13:54:17]   depth  9:  150 states (0 in H), t_end 1776-2139 d, fuel 266-355 kg
[13:54:17]   depth 10:  128 states (0 in H), t_end 1944-2158 d, fuel 283-370 kg
[13:54:17]   depth 11:   41 states (0 in H), t_end 1983-2158 d, fuel 341-389 kg
[13:54:17] candidates: 117 distinct committed target sets (n_new 1-3, potential 0-3)
[13:54:17] frontier: 16 candidates chosen (n fb / committed planner kg / continuation (lookahead) [full]; pot_mode lookahead, pot_cap None): 1fb/33kg/p1(0)[1], 1fb/41kg/p1(1)[1], 1fb/48kg/p4(3)[4], 1fb/59kg/p2(1)[2], 1fb/63kg/p2(1)[2], 1fb/76kg/p5(3)[5], 1fb/81kg/p2(1)[2], 1fb/83kg/p2(0)[2], 1fb/128kg/p3(2)[3], 2fb/64kg/p0(0)[0], 2fb/66kg/p0(0)[0], 2fb/89kg/p4(3)[4], 3fb/106kg/p3(3)[3], 3fb/115kg/p3(3)[3], 3fb/129kg/p2(2)[2], 3fb/139kg/p3(3)[3]
[13:54:17] budget: 232 s of 300 left for the settles + regrids (settle_wall 480)
[13:54:17]     settle  5: 141 @    762 d -> ok lintwin tank 648.6 (+17.9) miss 79 km (0.7 s)
[13:54:17]     settle  4: 163 @    921 d -> ok lintwin tank 621.3 (+8.5) miss 12 km (0.4 s)
[13:54:17]     settle  5: 106 @    610 d -> ok lintwin tank 657.1 (+26.3) miss 57 km (0.4 s)
[13:54:17]     settle  4:  37 @   1010 d -> ok lintwin tank 617.8 (+5.0) miss 94 km (0.2 s)
[13:54:18]     settle  5: 110 @    758 d -> ok lintwin tank 671.5 (+40.7) miss 64 km (0.4 s)
[13:54:18]     settle  4: 102 @    797 d -> ok lintwin tank 619.2 (+6.4) miss 5 km (0.2 s)
[13:54:18]     settle  4: 182 @    784 d -> ok lintwin tank 621.5 (+8.7) miss 17 km (0.2 s)
[13:54:19]     settle  5:  30 @    786 d -> ok lintwin tank 676.0 (+45.2) miss 80 km (0.8 s)
[13:54:19]     settle  5: 161 @    762 d -> ok lintwin tank 648.6 (+17.8) miss 51 km (0.3 s)
[13:54:20]     settle  5: 267 @    639 d -> ok lintwin tank 759.3 (+128.6) miss 1 km (1.3 s)
[13:54:21]     settle  5: 256 @    799 d -> ok lintwin tank 670.2 (+39.4) miss 81 km (0.6 s)
[13:54:22]     settle  6: 183 @   1077 d -> ok lintwin tank 663.6 (+12.1) miss 32 km (0.7 s)
[13:54:23]     settle  6: 298 @   1058 d -> ok lintwin tank 664.4 (+12.9) miss 45 km (0.5 s)
[13:54:23]     settle  4: 107 @    850 d -> FAIL [('lam', 59330478.5)] (4.7 s)
[13:54:23]     settle  4: 294 @    656 d -> ok lintwin tank 631.6 (+18.8) miss 7 km (0.2 s)
[13:54:23]     settle  6:  26 @    901 d -> ok lintwin tank 643.6 (+7.4) miss 5 km (0.3 s)
[13:54:23]     settle  4: 110 @    874 d -> ok lintwin tank 671.5 (+58.7) miss 73 km (0.3 s)
[13:54:24]     settle  6: 141 @    764 d -> ok lintwin tank 669.9 (+12.8) miss 72 km (0.7 s)
[13:54:24]     settle  4: 121 @    767 d -> ok lintwin tank 632.0 (+19.2) miss 43 km (0.6 s)
[13:54:24]     settle  7: 204 @    970 d -> ok lintwin tank 677.1 (+7.2) miss 89 km (0.4 s)
[13:54:25]     settle  4: 193 @    689 d -> ok lintwin tank 684.3 (+71.5) miss 63 km (0.5 s)
[13:54:25]     settle  5: 165 @    993 d -> ok lintwin tank 623.3 (+1.8) miss 2 km (0.1 s)
[13:54:26]     settle  4:   9 @    803 d -> ok lintwin tank 621.7 (+8.9) miss 81 km (0.2 s)
[13:54:26]     settle  6: 273 @    976 d -> ok lintwin tank 678.0 (+6.5) miss 0 km (1.3 s)
[13:54:26]     settle  5:  86 @   1018 d -> ok lintwin tank 623.1 (+1.4) miss 1 km (0.1 s)
[13:54:26]     settle  5: 102 @    793 d -> ok lintwin tank 633.6 (+2.0) miss 6 km (0.1 s)
[13:54:26]     settle  6:  37 @   1012 d -> ok lintwin tank 638.9 (+5.3) miss 6 km (0.2 s)
[13:54:27] plan: 1546 states, depth 12 new flybys, end plan_done (78 s); deepest 12 new to 2157 d at planner fuel 481 kg
[13:54:27]   depth  1:  118 states (105 in H), t_end 631-1208 d, fuel 90-200 kg
[13:54:27]   depth  2:  150 states (112 in H), t_end 770-1484 d, fuel 126-246 kg
[13:54:27]   depth  3:  150 states (7 in H), t_end 849-1649 d, fuel 139-280 kg
[13:54:27]   depth  4:  150 states (3 in H), t_end 1019-1861 d, fuel 172-319 kg
[13:54:27]   depth  5:  150 states (0 in H), t_end 1229-2095 d, fuel 186-338 kg
[13:54:27]   depth  6:  150 states (0 in H), t_end 1338-2123 d, fuel 231-380 kg
[13:54:27]   depth  7:  150 states (0 in H), t_end 1462-2091 d, fuel 301-417 kg
[13:54:27]   depth  8:  150 states (0 in H), t_end 1621-2072 d, fuel 331-449 kg
[13:54:27]   depth  9:  150 states (0 in H), t_end 1739-2157 d, fuel 367-480 kg
[13:54:27]   depth 10:  150 states (0 in H), t_end 1804-2126 d, fuel 382-491 kg
[13:54:27]   depth 11:   67 states (0 in H), t_end 1976-2157 d, fuel 405-510 kg
[13:54:27]   depth 12:   11 states (0 in H), t_end 2091-2157 d, fuel 481-544 kg
[13:54:27] candidates: 102 distinct committed target sets (n_new 1-4, potential 0-3)
[13:54:27] frontier: 16 candidates chosen (n fb / committed planner kg / continuation (lookahead) [full]; pot_mode lookahead, pot_cap None): 1fb/90kg/p3(3)[3], 1fb/94kg/p0(0)[0], 1fb/115kg/p1(0)[1], 1fb/117kg/p1(0)[1], 1fb/136kg/p1(0)[1], 1fb/141kg/p1(0)[1], 1fb/149kg/p1(0)[1], 1fb/200kg/p5(2)[5], 2fb/131kg/p0(0)[0], 2fb/138kg/p1(1)[1], 2fb/201kg/p2(2)[2], 2fb/207kg/p4(2)[4], 3fb/228kg/p2(2)[2], 3fb/243kg/p3(3)[3], 4fb/284kg/p1(1)[1], 4fb/293kg/p2(2)[2]
[13:54:27] budget: 222 s of 300 left for the settles + regrids (settle_wall 480)
[13:54:27]     settle  5: 290 @    780 d -> ok lintwin tank 637.1 (+0.6) miss 2 km (0.2 s)
[13:54:27]     settle  7: 195 @   1073 d -> ok lintwin tank 686.4 (+8.4) miss 70 km (1.0 s)
[13:54:27]     settle  5: 107 @    841 d -> ok lintwin tank 639.8 (+3.3) miss 28 km (0.2 s)
[13:54:27]     settle  6:  68 @   1033 d -> ok lintwin tank 635.9 (+2.3) miss 64 km (0.6 s)
[13:54:28]     settle  6:  86 @   1019 d -> ok lintwin tank 648.0 (+14.4) miss 45 km (0.8 s)
[13:54:28]     settle  5: 288 @    884 d -> ok lintwin tank 655.7 (+19.1) miss 4 km (0.9 s)
[13:54:28]     settle  6: 286 @    977 d -> ok lintwin tank 683.7 (+12.2) miss 1 km (1.3 s)
[13:54:28]     settle  5: 102 @    796 d -> ok lintwin tank 633.9 (+2.2) miss 39 km (0.1 s)
[13:54:29]     settle  7: 195 @   1075 d -> ok lintwin tank 689.6 (+5.9) miss 57 km (0.4 s)
[13:54:29]     settle  6: 194 @   1056 d -> ok lintwin tank 642.6 (+8.7) miss 83 km (0.4 s)
[13:54:29] RESULT s01_c3: 16 columns; frontier 1fb 5 kg p0/3 | 2fb 13 kg p0/2 | 3fb 46 kg p0/0; settles 19 (19 ok), regrids 16 (16 ok); wall 81 s of 300 (plan 66, price 0, settle 14; budget hit None, 0 unsettled)
[13:54:29]   1 candidates dropped (settle failure / regrid failure / duplicate after truncation)
[13:54:29] RESULT s01_c7: 15 columns; frontier 1fb 5 kg p1/3 | 2fb 10 kg p0/3 | 3fb 23 kg p3/3; settles 19 (17 ok), regrids 15 (15 ok); wall 81 s of 300 (plan 68, price 0, settle 12; budget hit None, 0 unsettled)
[13:54:29]     settle  5:  76 @    853 d -> ok lintwin tank 652.8 (+16.3) miss 64 km (1.1 s)
[13:54:30]   job s01_c3 craft columns  16  levels 11  settles 19/19  end plan_done  wall 80.7 s
[13:54:30]   job s01_c7 craft columns  15  levels 11  settles 17/19  end plan_done  wall 80.7 s
[13:54:31]     settle  5: 266 @    767 d -> ok lintwin tank 664.8 (+28.3) miss 82 km (1.1 s)
[13:54:31]     settle  5:  56 @    729 d -> ok lintwin tank 666.4 (+29.9) miss 35 km (0.3 s)
[13:54:32] plan: 1719 states, depth 13 new flybys, end plan_done (84 s); deepest 13 new to 2132 d at planner fuel 406 kg
[13:54:32]   depth  1:  119 states (107 in H), t_end 574-1189 d, fuel 7-123 kg
[13:54:32]   depth  2:  150 states (97 in H), t_end 719-1505 d, fuel 26-166 kg
[13:54:32]   depth  3:  150 states (50 in H), t_end 814-1751 d, fuel 37-184 kg
[13:54:32]   depth  4:  150 states (12 in H), t_end 882-1745 d, fuel 82-214 kg
[13:54:32]   depth  5:  150 states (0 in H), t_end 1165-1705 d, fuel 107-240 kg
[13:54:32]   depth  6:  150 states (0 in H), t_end 1350-2135 d, fuel 168-285 kg
[13:54:32]   depth  7:  150 states (0 in H), t_end 1461-2145 d, fuel 200-278 kg
[13:54:32]   depth  8:  150 states (0 in H), t_end 1529-2142 d, fuel 211-314 kg
[13:54:32]   depth  9:  150 states (0 in H), t_end 1649-2147 d, fuel 247-343 kg
[13:54:32]   depth 10:  150 states (0 in H), t_end 1779-2145 d, fuel 265-376 kg
[13:54:32]   depth 11:  150 states (0 in H), t_end 1873-2142 d, fuel 286-404 kg
[13:54:32]   depth 12:   94 states (0 in H), t_end 1984-2160 d, fuel 317-444 kg
[13:54:32]   depth 13:    6 states (0 in H), t_end 2109-2145 d, fuel 406-466 kg
[13:54:33] candidates: 141 distinct committed target sets (n_new 1-4, potential 0-2)
[13:54:33] frontier: 16 candidates chosen (n fb / committed planner kg / continuation (lookahead) [full]; pot_mode lookahead, pot_cap None): 1fb/10kg/p1(1)[1], 1fb/11kg/p0(0)[0], 1fb/18kg/p4(2)[4], 1fb/19kg/p3(1)[3], 1fb/35kg/p5(2)[5], 1fb/86kg/p2(0)[2], 2fb/26kg/p1(1)[1], 2fb/28kg/p0(0)[0], 2fb/61kg/p4(2)[4], 2fb/63kg/p4(2)[4], 3fb/50kg/p0(0)[0], 3fb/66kg/p0(0)[0], 3fb/85kg/p3(2)[3], 4fb/122kg/p2(2)[2], 4fb/123kg/p2(2)[2], 4fb/138kg/p2(2)[2]
[13:54:33] budget: 216 s of 300 left for the settles + regrids (settle_wall 480)
[13:54:33]     settle  3: 178 @    812 d -> ok lintwin tank 605.0 (+3.5) miss 4 km (0.2 s)
[13:54:33]     settle  5: 224 @    865 d -> ok lintwin tank 673.0 (+36.5) miss 73 km (2.0 s)
[13:54:33]     settle  3: 134 @    857 d -> ok lintwin tank 605.5 (+4.0) miss 0 km (0.4 s)
[13:54:34]     settle  3:  47 @    699 d -> ok lintwin tank 606.4 (+4.9) miss 8 km (0.2 s)
[13:54:34]     settle  5: 173 @    650 d -> ok lintwin tank 661.5 (+25.0) miss 37 km (0.2 s)
[13:54:34]     settle  3:  48 @    574 d -> ok lintwin tank 608.5 (+7.0) miss 0 km (0.2 s)
[13:54:34]     settle  3:   1 @    639 d -> ok lintwin tank 613.1 (+11.6) miss 0 km (0.2 s)
[13:54:34]     settle  6: 266 @    936 d -> ok lintwin tank 662.9 (+10.1) miss 35 km (0.5 s)
[13:54:34] plan: 1730 states, depth 13 new flybys, end plan_done (86 s); deepest 13 new to 2064 d at planner fuel 482 kg
[13:54:34]   depth  1:  145 states (129 in H), t_end 545-1193 d, fuel 58-161 kg
[13:54:34]   depth  2:  150 states (68 in H), t_end 656-1474 d, fuel 74-199 kg
[13:54:34]   depth  3:  150 states (33 in H), t_end 736-1707 d, fuel 112-239 kg
[13:54:34]   depth  4:  150 states (14 in H), t_end 936-2087 d, fuel 128-265 kg
[13:54:34]   depth  5:  150 states (0 in H), t_end 1086-2126 d, fuel 162-307 kg
[13:54:34]   depth  6:  150 states (0 in H), t_end 1226-2124 d, fuel 197-344 kg
[13:54:34]   depth  7:  150 states (0 in H), t_end 1398-2159 d, fuel 212-379 kg
[13:54:34]   depth  8:  150 states (0 in H), t_end 1508-2156 d, fuel 254-396 kg
[13:54:34]   depth  9:  150 states (0 in H), t_end 1647-2160 d, fuel 297-417 kg
[13:54:34]   depth 10:  150 states (0 in H), t_end 1757-2159 d, fuel 347-439 kg
[13:54:34]   depth 11:  150 states (0 in H), t_end 1841-2160 d, fuel 367-462 kg
[13:54:34]   depth 12:   79 states (0 in H), t_end 1891-2160 d, fuel 408-489 kg
[13:54:34]   depth 13:    6 states (0 in H), t_end 2064-2156 d, fuel 482-522 kg
[13:54:34] candidates: 146 distinct committed target sets (n_new 1-4, potential 0-3)
[13:54:34] frontier: 16 candidates chosen (n fb / committed planner kg / continuation (lookahead) [full]; pot_mode lookahead, pot_cap None): 1fb/59kg/p5(3)[5], 1fb/61kg/p4(1)[4], 1fb/82kg/p4(1)[4], 1fb/129kg/p6(3)[6], 2fb/80kg/p0(0)[0], 2fb/86kg/p0(0)[0], 2fb/89kg/p3(2)[3], 2fb/98kg/p3(1)[3], 2fb/106kg/p4(3)[4], 2fb/138kg/p5(3)[5], 3fb/112kg/p0(0)[0], 3fb/123kg/p0(0)[0], 3fb/192kg/p4(3)[4], 4fb/181kg/p1(1)[1], 4fb/181kg/p1(1)[1], 4fb/225kg/p3(3)[3]
[13:54:34] budget: 214 s of 300 left for the settles + regrids (settle_wall 480)
[13:54:35] plan: 1745 states, depth 13 new flybys, end plan_done (86 s); deepest 13 new to 2156 d at planner fuel 471 kg
[13:54:35]   depth  1:  105 states (95 in H), t_end 548-1185 d, fuel 70-173 kg
[13:54:35]   depth  2:  150 states (146 in H), t_end 697-1525 d, fuel 87-213 kg
[13:54:35]   depth  3:  150 states (33 in H), t_end 750-1536 d, fuel 130-251 kg
[13:54:35]   depth  4:  150 states (13 in H), t_end 927-1326 d, fuel 156-292 kg
[13:54:35]   depth  5:  150 states (2 in H), t_end 1055-1434 d, fuel 210-329 kg
[13:54:35]   depth  6:  150 states (0 in H), t_end 1212-1894 d, fuel 238-347 kg
[13:54:35]   depth  7:  150 states (0 in H), t_end 1323-2158 d, fuel 260-380 kg
[13:54:35]   depth  8:  150 states (0 in H), t_end 1417-2159 d, fuel 287-407 kg
[13:54:35]   depth  9:  150 states (0 in H), t_end 1571-2160 d, fuel 319-442 kg
[13:54:35]   depth 10:  150 states (0 in H), t_end 1647-2157 d, fuel 336-475 kg
[13:54:35]   depth 11:  150 states (0 in H), t_end 1822-2112 d, fuel 365-490 kg
[13:54:35]   depth 12:  139 states (0 in H), t_end 1998-2160 d, fuel 390-525 kg
[13:54:35]   depth 13:    1 states (0 in H), t_end 2156-2156 d, fuel 471-471 kg
[13:54:35] candidates: 179 distinct committed target sets (n_new 1-5, potential 0-4)
[13:54:35] frontier: 16 candidates chosen (n fb / committed planner kg / continuation (lookahead) [full]; pot_mode lookahead, pot_cap None): 1fb/76kg/p0(0)[0], 1fb/78kg/p1(0)[1], 1fb/102kg/p6(3)[6], 1fb/136kg/p6(3)[6], 1fb/166kg/p7(4)[7], 1fb/167kg/p6(3)[6], 2fb/87kg/p0(0)[0], 2fb/92kg/p0(0)[0], 2fb/212kg/p6(4)[6], 3fb/137kg/p0(0)[0], 3fb/149kg/p0(0)[0], 3fb/244kg/p5(4)[5], 4fb/206kg/p3(3)[3], 4fb/214kg/p3(3)[3], 4fb/267kg/p4(4)[4], 5fb/295kg/p2(2)[2]
[13:54:35] budget: 214 s of 300 left for the settles + regrids (settle_wall 480)
[13:54:35]     settle  3:  35 @    736 d -> ok lintwin tank 629.5 (+28.0) miss 13 km (0.3 s)
[13:54:35]     settle  4: 207 @    661 d -> ok lintwin tank 624.1 (+4.4) miss 0 km (0.2 s)
[13:54:35]     settle  6: 189 @   1055 d -> ok lintwin tank 655.4 (+18.3) miss 1 km (0.2 s)
[13:54:35]     settle  4: 111 @    606 d -> ok lintwin tank 628.2 (+8.5) miss 5 km (0.2 s)
[13:54:35]     settle  4:  10 @    882 d -> ok lintwin tank 611.8 (+5.4) miss 0 km (0.3 s)
[13:54:35]     settle  5: 290 @    785 d -> ok lintwin tank 637.1 (+0.6) miss 3 km (0.2 s)
[13:54:35]     settle  5:  25 @   1004 d -> ok lintwin tank 645.5 (+20.5) miss 17 km (0.8 s)
[13:54:35] plan: 1767 states, depth 14 new flybys, end plan_done (87 s); deepest 14 new to 2131 d at planner fuel 483 kg
[13:54:35]   depth  1:  110 states (91 in H), t_end 643-1175 d, fuel 18-132 kg
[13:54:35]   depth  2:  150 states (111 in H), t_end 783-1487 d, fuel 44-173 kg
[13:54:35]   depth  3:  150 states (12 in H), t_end 906-1583 d, fuel 89-172 kg
[13:54:35]   depth  4:  150 states (1 in H), t_end 975-1488 d, fuel 124-197 kg
[13:54:35]   depth  5:  150 states (0 in H), t_end 1165-1869 d, fuel 143-238 kg
[13:54:35]   depth  6:  150 states (0 in H), t_end 1259-2137 d, fuel 173-280 kg
[13:54:35]   depth  7:  150 states (0 in H), t_end 1415-2154 d, fuel 197-319 kg
[13:54:35]   depth  8:  150 states (0 in H), t_end 1539-2153 d, fuel 229-351 kg
[13:54:35]   depth  9:  150 states (0 in H), t_end 1645-2158 d, fuel 277-390 kg
[13:54:35]   depth 10:  150 states (0 in H), t_end 1721-2157 d, fuel 306-421 kg
[13:54:35]   depth 11:  150 states (0 in H), t_end 1818-2075 d, fuel 318-457 kg
[13:54:35]   depth 12:  134 states (0 in H), t_end 1955-2160 d, fuel 400-487 kg
[13:54:35]   depth 13:   21 states (0 in H), t_end 2020-2159 d, fuel 435-496 kg
[13:54:35]   depth 14:    2 states (0 in H), t_end 2130-2131 d, fuel 483-484 kg
[13:54:35]     settle  4: 295 @    986 d -> ok lintwin tank 611.5 (+5.1) miss 8 km (0.3 s)
[13:54:35] candidates: 147 distinct committed target sets (n_new 1-4, potential 0-4)
[13:54:35] frontier: 16 candidates chosen (n fb / committed planner kg / continuation (lookahead) [full]; pot_mode lookahead, pot_cap None): 1fb/18kg/p1(0)[1], 1fb/35kg/p0(0)[0], 1fb/40kg/p1(0)[1], 1fb/40kg/p1(0)[1], 1fb/60kg/p2(1)[2], 1fb/64kg/p6(3)[6], 1fb/69kg/p2(0)[2], 1fb/79kg/p2(1)[2], 2fb/53kg/p0(0)[0], 2fb/64kg/p0(0)[0], 2fb/106kg/p5(3)[5], 3fb/126kg/p3(3)[3], 3fb/126kg/p1(1)[1], 3fb/128kg/p4(4)[4], 3fb/149kg/p4(3)[4], 4fb/190kg/p3(3)[3]
[13:54:35] budget: 213 s of 300 left for the settles + regrids (settle_wall 480)
[13:54:36]     settle  6: 242 @   1040 d -> ok lintwin tank 664.6 (+27.5) miss 5 km (0.4 s)
[13:54:36]     settle  4: 126 @    857 d -> ok lintwin tank 608.4 (+0.9) miss 0 km (0.3 s)
[13:54:36]     settle  4:  47 @    719 d -> ok lintwin tank 614.8 (+1.8) miss 2 km (0.2 s)
[13:54:36]     settle  5: 236 @    672 d -> ok lintwin tank 634.5 (+9.5) miss 81 km (0.3 s)
[13:54:36]     settle  4: 135 @    731 d -> ok lintwin tank 633.7 (+14.0) miss 84 km (0.9 s)
[13:54:36]     settle  4: 178 @    814 d -> ok lintwin tank 618.2 (+5.1) miss 49 km (0.2 s)
[13:54:36]     settle  4:  71 @    576 d -> ok lintwin tank 624.4 (+4.7) miss 0 km (0.2 s)
[13:54:36]     settle  4: 242 @   1069 d -> ok lintwin tank 614.2 (+6.7) miss 6 km (0.5 s)
[13:54:36]     settle  4:  47 @    724 d -> ok lintwin tank 614.8 (+1.8) miss 2 km (0.2 s)
[13:54:36]     settle  5: 294 @    651 d -> ok lintwin tank 656.1 (+31.1) miss 19 km (0.6 s)
[13:54:36]     settle  6: 290 @    774 d -> ok lintwin tank 682.0 (+20.5) miss 60 km (0.7 s)
[13:54:37]     settle  5: 104 @    946 d -> ok lintwin tank 617.4 (+2.6) miss 0 km (0.2 s)
[13:54:37]     settle  4: 171 @    862 d -> ok lintwin tank 618.2 (+10.7) miss 1 km (0.3 s)
[13:54:37] plan: 1801 states, depth 13 new flybys, end plan_done (89 s); deepest 13 new to 2126 d at planner fuel 340 kg
[13:54:37]   depth  1:  110 states (96 in H), t_end 620-1255 d, fuel 13-124 kg
[13:54:37]   depth  2:  150 states (92 in H), t_end 749-1630 d, fuel 25-168 kg
[13:54:37]   depth  3:  150 states (60 in H), t_end 884-1920 d, fuel 41-166 kg
[13:54:37]   depth  4:  150 states (7 in H), t_end 988-2002 d, fuel 85-176 kg
[13:54:37]   depth  5:  150 states (2 in H), t_end 1075-2074 d, fuel 98-213 kg
[13:54:37]   depth  6:  150 states (0 in H), t_end 1214-2151 d, fuel 141-241 kg
[13:54:37]   depth  7:  150 states (0 in H), t_end 1355-2121 d, fuel 166-252 kg
[13:54:37]   depth  8:  150 states (0 in H), t_end 1494-1708 d, fuel 186-287 kg
[13:54:37]   depth  9:  150 states (0 in H), t_end 1592-1846 d, fuel 228-326 kg
[13:54:37]   depth 10:  150 states (0 in H), t_end 1652-2007 d, fuel 239-360 kg
[13:54:37]   depth 11:  150 states (0 in H), t_end 1802-2025 d, fuel 262-371 kg
[13:54:37]   depth 12:  150 states (0 in H), t_end 1914-2143 d, fuel 287-402 kg
[13:54:37]   depth 13:   41 states (0 in H), t_end 1994-2160 d, fuel 340-438 kg
[13:54:37]     settle  4:  81 @    796 d -> ok lintwin tank 633.4 (+13.6) miss 63 km (0.5 s)
[13:54:37] candidates: 139 distinct committed target sets (n_new 1-5, potential 0-2)
[13:54:37] frontier: 16 candidates chosen (n fb / committed planner kg / continuation (lookahead) [full]; pot_mode lookahead, pot_cap None): 1fb/15kg/p2(1)[2], 1fb/23kg/p6(2)[6], 1fb/23kg/p0(0)[0], 1fb/27kg/p6(2)[6], 1fb/31kg/p5(2)[5], 2fb/25kg/p1(1)[1], 2fb/34kg/p1(0)[1], 2fb/48kg/p5(2)[5], 3fb/41kg/p0(0)[0], 3fb/66kg/p0(0)[0], 3fb/67kg/p4(2)[4], 4fb/100kg/p3(2)[3], 4fb/126kg/p3(2)[3], 4fb/126kg/p1(1)[1], 5fb/153kg/p2(2)[2], 5fb/167kg/p2(2)[2]
[13:54:37] budget: 211 s of 300 left for the settles + regrids (settle_wall 480)
[13:54:37]     settle  3:  47 @    712 d -> ok lintwin tank 606.4 (+4.9) miss 9 km (0.1 s)
[13:54:37]     settle  5: 189 @    589 d -> ok lintwin tank 647.2 (+22.2) miss 83 km (0.5 s)
[13:54:37]     settle  4: 178 @    811 d -> ok lintwin tank 606.5 (+0.1) miss 1 km (0.1 s)
[13:54:37]     settle  5: 128 @    933 d -> ok lintwin tank 644.4 (+11.0) miss 22 km (0.3 s)
[13:54:37]     settle  4: 109 @    865 d -> ok lintwin tank 622.8 (+15.4) miss 1 km (0.3 s)
[13:54:37]     settle  5: 104 @    946 d -> ok lintwin tank 616.7 (+10.1) miss 1 km (0.2 s)
[13:54:37]     settle  6: 290 @    775 d -> ok lintwin tank 682.0 (+20.5) miss 60 km (0.7 s)
[13:54:37]     settle  5:  78 @    616 d -> ok lintwin tank 643.1 (+18.1) miss 10 km (0.3 s)
[13:54:37]     settle  4: 183 @    679 d -> ok lintwin tank 633.1 (+25.6) miss 38 km (0.2 s)
[13:54:37]     settle  5: 273 @   1051 d -> ok lintwin tank 635.5 (+11.4) miss 6 km (0.3 s)
[13:54:37]     settle  4: 222 @    888 d -> ok lintwin tank 606.8 (+1.9) miss 0 km (0.6 s)
[13:54:38]     settle  5:  10 @    880 d -> ok lintwin tank 622.6 (+4.4) miss 11 km (0.1 s)
[13:54:38]     settle  4:  71 @    583 d -> ok lintwin tank 624.4 (+4.7) miss 0 km (0.2 s)
[13:54:38]     settle  4:  63 @    713 d -> ok lintwin tank 625.1 (+17.6) miss 2 km (0.3 s)
[13:54:38]     settle  5: 135 @    733 d -> ok lintwin tank 634.5 (+10.1) miss 2 km (0.1 s)
[13:54:38]     settle  5: 178 @    815 d -> ok lintwin tank 627.4 (+12.6) miss 0 km (0.2 s)
[13:54:38]     settle  4: 237 @    630 d -> ok lintwin tank 606.4 (+1.5) miss 0 km (0.3 s)
[13:54:38]     settle  4: 128 @    644 d -> ok lintwin tank 643.9 (+36.4) miss 60 km (0.2 s)
[13:54:38]     settle  7: 130 @   1031 d -> ok lintwin tank 692.0 (+10.0) miss 65 km (0.8 s)
[13:54:38]     settle  6: 295 @    991 d -> ok lintwin tank 632.5 (+5.1) miss 1 km (0.3 s)
[13:54:38]     settle  5: 233 @    658 d -> ok lintwin tank 641.2 (+16.2) miss 4 km (0.7 s)
[13:54:38]     settle  4: 296 @    987 d -> ok lintwin tank 609.5 (+4.7) miss 13 km (0.2 s)
[13:54:38]     settle  5:  81 @    801 d -> ok lintwin tank 635.5 (+7.3) miss 3 km (0.4 s)
[13:54:39]     settle  6: 295 @    990 d -> ok lintwin tank 635.8 (+13.3) miss 8 km (0.2 s)
[13:54:39]     settle  5: 135 @    736 d -> ok lintwin tank 637.1 (+13.0) miss 14 km (0.2 s)
[13:54:39]     settle  4:  50 @    843 d -> ok lintwin tank 624.2 (+16.7) miss 11 km (0.6 s)
[13:54:39]     settle  5: 107 @    810 d -> ok lintwin tank 639.2 (+14.2) miss 2 km (0.4 s)
[13:54:39]     settle  5: 207 @    661 d -> ok lintwin tank 642.0 (+17.5) miss 2 km (0.1 s)
[13:54:39]     settle  6: 190 @    875 d -> ok lintwin tank 639.8 (+0.7) miss 3 km (0.1 s)
[13:54:39]     settle  5:  10 @    880 d -> ok lintwin tank 622.7 (+7.8) miss 0 km (0.3 s)
[13:54:39]     settle  6: 295 @    990 d -> ok lintwin tank 630.9 (+8.2) miss 5 km (0.1 s)
[13:54:39]     settle  5:  81 @    801 d -> ok lintwin tank 634.0 (+9.5) miss 2 km (0.3 s)
[13:54:39] RESULT s01_c5: 16 columns; frontier 1fb 4 kg p1/2 | 2fb 10 kg p0/2 | 3fb 15 kg p0/2 | 4fb 29 kg p2/2; settles 21 (21 ok), regrids 16 (16 ok); wall 91 s of 300 (plan 84, price 0, settle 7; budget hit None, 0 unsettled)
[13:54:39]     settle  6: 117 @    936 d -> ok lintwin tank 639.2 (+5.3) miss 0 km (0.1 s)
[13:54:39]     settle  5: 242 @   1079 d -> ok lintwin tank 620.2 (+11.9) miss 2 km (0.6 s)
[13:54:40]     settle  6: 190 @    871 d -> ok lintwin tank 637.2 (+2.7) miss 18 km (0.4 s)
[13:54:40]     settle  7:   4 @    850 d -> ok lintwin tank 698.2 (+16.2) miss 68 km (1.3 s)
[13:54:40]     settle  5: 241 @   1059 d -> ok lintwin tank 622.5 (+4.3) miss 10 km (0.2 s)
[13:54:40]     settle  5: 224 @    936 d -> ok lintwin tank 642.7 (+14.5) miss 59 km (0.4 s)
[13:54:40]     settle  5:  50 @    849 d -> ok lintwin tank 633.3 (+8.2) miss 5 km (0.2 s)
[13:54:40]     settle  6: 146 @   1075 d -> ok lintwin tank 644.7 (+2.0) miss 12 km (0.5 s)
[13:54:40]   job s01_c5 craft columns  16  levels 13  settles 21/21  end plan_done  wall 91.0 s
[13:54:41]     settle  5:  50 @    842 d -> ok lintwin tank 633.3 (+8.2) miss 14 km (0.3 s)
[13:54:41]     settle  6: 135 @    736 d -> ok lintwin tank 644.8 (+2.8) miss 12 km (0.2 s)
[13:54:41]     settle  6:  97 @    700 d -> ok lintwin tank 653.9 (+10.8) miss 40 km (1.4 s)
[13:54:41]     settle  6: 117 @    937 d -> ok lintwin tank 645.9 (+10.4) miss 1 km (0.2 s)
[13:54:41]     settle  6:  21 @   1022 d -> ok lintwin tank 635.4 (+2.1) miss 6 km (0.5 s)
[13:54:41]     settle  7: 164 @   1043 d -> ok lintwin tank 647.0 (+1.1) miss 1 km (0.2 s)
[13:54:41]     settle  8:  66 @   1074 d -> ok lintwin tank 714.0 (+15.8) miss 59 km (1.4 s)
[13:54:41]     settle  5:  50 @    838 d -> ok lintwin tank 633.3 (+8.3) miss 12 km (0.1 s)
[13:54:42]     settle  5:   9 @    672 d -> ok lintwin tank 642.8 (+17.8) miss 6 km (0.3 s)
[13:54:42]     settle  5:  81 @    801 d -> ok lintwin tank 637.5 (+3.8) miss 22 km (0.2 s)
[13:54:42]     settle  6: 117 @    935 d -> ok lintwin tank 644.3 (+6.8) miss 0 km (0.1 s)
[13:54:42]     settle  7: 164 @   1040 d -> ok lintwin tank 646.0 (+1.8) miss 6 km (0.2 s)
[13:54:42]     settle  6: 183 @   1067 d -> ok lintwin tank 645.3 (+12.0) miss 3 km (0.6 s)
[13:54:42]     settle  6:  76 @    802 d -> ok lintwin tank 656.7 (+14.0) miss 24 km (0.4 s)
[13:54:42]     settle  6:  65 @    976 d -> ok lintwin tank 644.7 (+11.4) miss 6 km (0.3 s)
[13:54:42]     settle  7: 117 @    936 d -> ok lintwin tank 650.9 (+6.1) miss 8 km (0.3 s)
[13:54:42]     settle  7: 288 @    879 d -> ok lintwin tank 668.0 (+11.2) miss 28 km (0.5 s)
[13:54:42] RESULT s01_c2: 16 columns; frontier 1fb 4 kg p3/3 | 2fb 15 kg p2/3 | 3fb 20 kg p0/3 | 4fb 26 kg p1/3; settles 23 (23 ok), regrids 16 (16 ok); wall 94 s of 300 (plan 86, price 0, settle 8; budget hit None, 0 unsettled)
[13:54:43]     settle  7:   4 @    849 d -> ok lintwin tank 698.1 (+16.1) miss 62 km (1.3 s)
[13:54:43]     settle  4:  13 @    620 d -> FAIL [('lam', 8946610.9)] (4.5 s)
[13:54:43]     settle  5: 193 @    681 d -> ok lintwin tank 635.7 (+10.6) miss 22 km (0.4 s)
[13:54:43]     settle  4: 289 @    756 d -> ok lintwin tank 613.2 (+8.4) miss 13 km (0.1 s)
[13:54:43]     settle  6:  26 @    906 d -> ok lintwin tank 644.1 (+10.8) miss 71 km (0.6 s)
[13:54:43]     settle  7:  65 @    975 d -> ok lintwin tank 659.4 (+15.3) miss 2 km (0.1 s)
[13:54:43]     settle  6: 107 @    826 d -> ok lintwin tank 656.1 (+20.4) miss 86 km (0.3 s)
[13:54:43] RESULT s01_c6: 16 columns; frontier 1fb 1 kg p0/3 | 2fb 13 kg p0/3 | 3fb 28 kg p3/4 | 4fb 52 kg p3/3; settles 18 (18 ok), regrids 16 (16 ok); wall 95 s of 300 (plan 87, price 0, settle 8; budget hit None, 0 unsettled)
[13:54:44]     settle  7: 190 @    862 d -> ok lintwin tank 662.7 (+6.6) miss 19 km (0.3 s)
[13:54:44]     settle  5: 296 @    987 d -> ok lintwin tank 609.7 (+2.9) miss 0 km (0.7 s)
[13:54:44]     settle  7:  76 @    750 d -> ok lintwin tank 675.4 (+21.5) miss 5 km (0.1 s)
[13:54:44]     settle  8: 130 @   1023 d -> ok lintwin tank 707.8 (+9.7) miss 80 km (1.3 s)
[13:54:44]     settle  6:  97 @    697 d -> ok lintwin tank 645.7 (+4.5) miss 11 km (0.2 s)
[13:54:44]     settle  4: 237 @    630 d -> ok lintwin tank 606.4 (+1.5) miss 0 km (0.3 s)
[13:54:44] RESULT s01_c1: 16 columns; frontier 1fb 1 kg p3/3 | 2fb 19 kg p1/2 | 3fb 55 kg p2/3 | 4fb 71 kg p2/2; settles 19 (19 ok), regrids 16 (16 ok); wall 96 s of 300 (plan 78, price 0, settle 18; budget hit None, 0 unsettled)
[13:54:44]   job s01_c1 craft columns  16  levels 12  settles 19/19  end plan_done  wall 96.1 s
[13:54:44]   job s01_c2 craft columns  16  levels 13  settles 23/23  end plan_done  wall 94.2 s
[13:54:44]   job s01_c6 craft columns  16  levels 14  settles 18/18  end plan_done  wall 95.2 s
[13:54:44]     settle  7: 224 @    947 d -> ok lintwin tank 651.5 (+5.8) miss 15 km (0.2 s)
[13:54:45]     settle  5: 222 @    890 d -> ok lintwin tank 607.3 (+0.9) miss 0 km (0.5 s)
[13:54:45]     settle  8: 273 @   1040 d -> ok lintwin tank 657.9 (+6.4) miss 82 km (0.5 s)
[13:54:45]     settle  6: 296 @    987 d -> ok lintwin tank 611.8 (+4.5) miss 0 km (0.2 s)
[13:54:46]     settle  5: 289 @    749 d -> ok lintwin tank 616.5 (+10.1) miss 0 km (0.2 s)
[13:54:46]     settle  6: 266 @    856 d -> ok lintwin tank 667.8 (+11.7) miss 72 km (0.8 s)
[13:54:46]     settle  6:  25 @   1004 d -> ok lintwin tank 623.3 (+6.8) miss 0 km (0.3 s)
[13:54:46]     settle  5: 289 @    755 d -> ok lintwin tank 616.5 (+10.2) miss 23 km (0.2 s)
[13:54:47]     settle  6: 222 @    888 d -> ok lintwin tank 622.0 (+5.5) miss 0 km (0.2 s)
[13:54:47]     settle  7: 224 @    943 d -> ok lintwin tank 692.0 (+24.3) miss 55 km (0.6 s)
[13:54:47]     settle  7: 296 @    990 d -> ok lintwin tank 634.5 (+12.4) miss 1 km (0.2 s)
[13:54:47]     settle  8: 146 @   1080 d -> ok lintwin tank 698.3 (+6.2) miss 72 km (0.4 s)
[13:54:47]     settle  6: 222 @    885 d -> ok lintwin tank 622.0 (+5.5) miss 0 km (0.2 s)
[13:54:48]     settle  7:  66 @   1076 d -> ok lintwin tank 640.1 (+18.1) miss 3 km (0.3 s)
[13:54:48]     settle  8:  66 @   1075 d -> ok lintwin tank 654.7 (+20.2) miss 33 km (0.3 s)
[13:54:48]     settle  8: 224 @    927 d -> ok lintwin tank 693.5 (+18.1) miss 74 km (1.0 s)
[13:54:48]   4 candidates dropped (settle failure / regrid failure / duplicate after truncation)
[13:54:48] RESULT s01_c4: 12 columns; frontier 1fb 2 kg p2/2 | 2fb 2 kg p0/1 | 3fb 7 kg p0/2 | 4fb 30 kg p2/2 | 5fb 50 kg p2/2; settles 18 (16 ok), regrids 12 (12 ok); wall 100 s of 300 (plan 89, price 0, settle 11; budget hit None, 0 unsettled)
[13:54:48]   job s01_c4 craft columns  12  levels 13  settles 16/18  end plan_done  wall 100.0 s
[13:54:49]     settle  9: 273 @   1055 d -> ok lintwin tank 698.7 (+5.2) miss 19 km (0.5 s)
[13:54:49] RESULT s01_c0: 16 columns; frontier 1fb 9 kg p0/4 | 2fb 12 kg p0/4 | 3fb 38 kg p0/4 | 4fb 33 kg p3/4 | 5fb 74 kg p2/2; settles 25 (25 ok), regrids 16 (16 ok); wall 101 s of 300 (plan 86, price 0, settle 14; budget hit None, 0 unsettled)
[13:54:50]   job s01_c0 craft columns  16  levels 13  settles 25/25  end plan_done  wall 100.7 s
[13:54:50] [slice 1] propose: 123 columns (0 bad dropped) in 102.2 s
[13:54:50] [slice 1] auction: 123 columns, kept 123, dropped {}; lam 1.00 H_eff 540 d fuel budget 482 kg quota on
[13:54:50] [slice 1] auction: status optimal objective 34.089 vars 123 rows 67 chosen 8 fuel 376/482 kg (0.008 s)
[13:54:53] [slice 1] claims: c0:2 c1:2 c2:3 c4:2 c5:2 c6:3 c7:3  (17 targets: 1 kept, 16 new; 16 released, 0 expired (ttl 9), 0 conflicts)
[13:54:53] [slice 1 T=540 d] launched 8/8  covered 58  remaining 240  fuel 515 kg  sumJi 8.3873  chosen: c0:5(+74) c1:4(+71) c2:4(+31) c3:3(+46) c4:5(+50) c5:4(+29) c6:4(+52) c7:3(+23)  rejected: -  (wall 104 s)
[13:54:53] [slice 2] claims in force: c0:2 c1:2 c2:3 c4:2 c5:2 c6:3 c7:3  (17 targets; claim_bonus 1.5, ttl 9)
[13:54:53]   c0: claims: 2 own (prized +1.5), 15 claimed by others withheld
[13:54:53]   c1: claims: 2 own (prized +1.5), 15 claimed by others withheld
[13:54:53]   c2: claims: 3 own (prized +1.5), 14 claimed by others withheld
[13:54:53]   c3: claims: 0 own (prized +1.5), 17 claimed by others withheld
[13:54:53]   c4: claims: 2 own (prized +1.5), 15 claimed by others withheld
[13:54:53]   c5: claims: 2 own (prized +1.5), 15 claimed by others withheld
[13:54:53]   c6: claims: 3 own (prized +1.5), 14 claimed by others withheld
[13:54:53]   c7: claims: 3 own (prized +1.5), 14 claimed by others withheld
[13:54:53] [slice 2 T=1080 d] propose: 8 jobs (8 craft, 0 root) on 9 workers, proposer planbeam, H_eff 540 d, lam 1.0
[13:54:53] job s02_c0 (craft, craft 0, planbeam): T 1080 d H 540 L 360; plan horizon 2700 d; remaining 225; prize >1 on 32; width 150 npt 6 mc 150 dv 1.2 drmax 0.15 plan_wall 240 s; quota {'fil': 7, 'med': 16}
[13:54:53] job s02_c1 (craft, craft 1, planbeam): T 1080 d H 540 L 360; plan horizon 2700 d; remaining 225; prize >1 on 32; width 150 npt 6 mc 150 dv 1.2 drmax 0.15 plan_wall 240 s; quota {'fil': 9, 'med': 15}
[13:54:53] job s02_c2 (craft, craft 2, planbeam): T 1080 d H 540 L 360; plan horizon 2700 d; remaining 226; prize >1 on 33; width 150 npt 6 mc 150 dv 1.2 drmax 0.15 plan_wall 240 s; quota {'fil': 8, 'med': 16}
[13:54:53] job s02_c7 (craft, craft 7, planbeam): T 1080 d H 540 L 360; plan horizon 2700 d; remaining 226; prize >1 on 33; width 150 npt 6 mc 150 dv 1.2 drmax 0.15 plan_wall 240 s; quota {'fil': 8, 'med': 17}
[13:54:53] job s02_c3 (craft, craft 3, planbeam): T 1080 d H 540 L 360; plan horizon 2700 d; remaining 223; prize >1 on 30; width 150 npt 6 mc 150 dv 1.2 drmax 0.15 plan_wall 240 s; quota {'fil': 7, 'med': 18}
[13:54:53] job s02_c4 (craft, craft 4, planbeam): T 1080 d H 540 L 360; plan horizon 2700 d; remaining 225; prize >1 on 32; width 150 npt 6 mc 150 dv 1.2 drmax 0.15 plan_wall 240 s; quota {'fil': 7, 'med': 16}
[13:54:53] job s02_c5 (craft, craft 5, planbeam): T 1080 d H 540 L 360; plan horizon 2700 d; remaining 225; prize >1 on 32; width 150 npt 6 mc 150 dv 1.2 drmax 0.15 plan_wall 240 s; quota {'fil': 10, 'med': 16}
[13:54:53] job s02_c6 (craft, craft 6, planbeam): T 1080 d H 540 L 360; plan horizon 2700 d; remaining 226; prize >1 on 33; width 150 npt 6 mc 150 dv 1.2 drmax 0.15 plan_wall 240 s; quota {'fil': 9, 'med': 15}
[13:54:53] prefix slices/s02/in/craft_2.npz: 7 flybys, t_end 937.8 d, tank 650.8 kg (planner view), miss 0.1 km, nreg 46
[13:54:53] budget: job_wall 300 s, 300 s left before the plan -> plan cap 210 s (plan_wall 240, settle_reserve 90)
[13:54:53] prefix slices/s02/in/craft_7.npz: 6 flybys, t_end 1036.4 d, tank 635.8 kg (planner view), miss 0.1 km, nreg 41
[13:54:53] budget: job_wall 300 s, 300 s left before the plan -> plan cap 210 s (plan_wall 240, settle_reserve 90)
[13:54:53] prefix slices/s02/in/craft_6.npz: 7 flybys, t_end 976.5 d, tank 659.3 kg (planner view), miss 0.3 km, nreg 42
[13:54:53] budget: job_wall 300 s, 300 s left before the plan -> plan cap 210 s (plan_wall 240, settle_reserve 90)
[13:54:53] prefix slices/s02/in/craft_5.npz: 6 flybys, t_end 999.2 d, tank 630.8 kg (planner view), miss 0.1 km, nreg 44
[13:54:53] budget: job_wall 300 s, 300 s left before the plan -> plan cap 210 s (plan_wall 240, settle_reserve 90)
[13:54:53] prefix slices/s02/in/craft_4.npz: 8 flybys, t_end 1075.4 d, tank 654.5 kg (planner view), miss 0.0 km, nreg 50
[13:54:53] budget: job_wall 300 s, 300 s left before the plan -> plan cap 210 s (plan_wall 240, settle_reserve 90)
[13:54:53] prefix slices/s02/in/craft_3.npz: 7 flybys, t_end 970.3 d, tank 677.1 kg (planner view), miss 21.3 km, nreg 47
[13:54:53] budget: job_wall 300 s, 300 s left before the plan -> plan cap 210 s (plan_wall 240, settle_reserve 90)
[13:54:53] prefix slices/s02/in/craft_1.npz: 8 flybys, t_end 1025.7 d, tank 707.8 kg (planner view), miss 71.7 km, nreg 54
[13:54:53] budget: job_wall 300 s, 300 s left before the plan -> plan cap 210 s (plan_wall 240, settle_reserve 90)
[13:54:53] prefix slices/s02/in/craft_0.npz: 9 flybys, t_end 1044.3 d, tank 698.5 kg (planner view), miss 0.9 km, nreg 55
[13:54:53] budget: job_wall 300 s, 300 s left before the plan -> plan cap 210 s (plan_wall 240, settle_reserve 90)
[13:54:59] first level (both): 0 production + 57 relaxed (dv 2.5, 0.3 AU; 0.1 s) + 59 lintwin children -> 87 unique (6.6 s)
[13:54:59] plan start: prefix 6 flybys, t_end 999.2 d, planner mass 1525.6 kg (dv 1.867 km/s); 87 first-level states
[13:55:00] first level (both): 0 production + 15 relaxed (dv 2.5, 0.3 AU; 0.1 s) + 69 lintwin children -> 81 unique (7.1 s)
[13:55:00] plan start: prefix 6 flybys, t_end 1036.4 d, planner mass 1513.6 kg (dv 2.178 km/s); 81 first-level states
[13:55:00] first level (both): 0 production + 50 relaxed (dv 2.5, 0.3 AU; 0.1 s) + 81 lintwin children -> 103 unique (7.4 s)
[13:55:00] plan start: prefix 7 flybys, t_end 937.8 d, planner mass 1478.8 kg (dv 3.089 km/s); 103 first-level states
[13:55:00] first level (both): 0 production + 56 relaxed (dv 2.5, 0.3 AU; 0.1 s) + 86 lintwin children -> 116 unique (7.5 s)
[13:55:00] plan start: prefix 7 flybys, t_end 970.3 d, planner mass 1421.4 kg (dv 4.643 km/s); 116 first-level states
[13:55:00] first level (both): 0 production + 89 relaxed (dv 2.5, 0.3 AU; 0.1 s) + 90 lintwin children -> 130 unique (7.6 s)
[13:55:00] plan start: prefix 7 flybys, t_end 976.5 d, planner mass 1459.6 kg (dv 3.602 km/s); 130 first-level states
[13:55:01] first level (both): 0 production + 57 relaxed (dv 2.5, 0.3 AU; 0.1 s) + 60 lintwin children -> 87 unique (8.0 s)
[13:55:01] plan start: prefix 8 flybys, t_end 1075.4 d, planner mass 1470.4 kg (dv 3.313 km/s); 87 first-level states
[13:55:01] first level (both): 0 production + 53 relaxed (dv 2.5, 0.3 AU; 0.1 s) + 71 lintwin children -> 95 unique (8.5 s)
[13:55:01] plan start: prefix 8 flybys, t_end 1025.7 d, planner mass 1359.8 kg (dv 6.381 km/s); 95 first-level states
[13:55:01] first level (both): 0 production + 59 relaxed (dv 2.5, 0.3 AU; 0.1 s) + 79 lintwin children -> 109 unique (8.9 s)
[13:55:01] plan start: prefix 9 flybys, t_end 1044.3 d, planner mass 1377.7 kg (dv 5.867 km/s); 109 first-level states
[13:55:55] plan: 1144 states, depth 10 new flybys, end plan_done (62 s); deepest 10 new to 2599 d at planner fuel 375 kg
[13:55:55]   depth  1:   87 states (63 in H), t_end 1156-1706 d, fuel 141-238 kg
[13:55:55]   depth  2:  150 states (47 in H), t_end 1328-2085 d, fuel 154-277 kg
[13:55:55]   depth  3:  150 states (11 in H), t_end 1537-2096 d, fuel 173-291 kg
[13:55:55]   depth  4:  150 states (2 in H), t_end 1603-2516 d, fuel 195-286 kg
[13:55:55]   depth  5:  150 states (0 in H), t_end 1678-2691 d, fuel 203-324 kg
[13:55:55]   depth  6:  150 states (0 in H), t_end 2003-2694 d, fuel 230-354 kg
[13:55:55]   depth  7:  150 states (0 in H), t_end 2237-2698 d, fuel 260-389 kg
[13:55:55]   depth  8:   81 states (0 in H), t_end 2396-2700 d, fuel 320-401 kg
[13:55:55]   depth  9:   66 states (0 in H), t_end 2512-2699 d, fuel 340-397 kg
[13:55:55]   depth 10:   10 states (0 in H), t_end 2596-2699 d, fuel 375-427 kg
[13:55:55] candidates: 76 distinct committed target sets (n_new 1-4, potential 0-2)
[13:55:55] frontier: 16 candidates chosen (n fb / committed planner kg / continuation (lookahead) [full]; pot_mode lookahead, pot_cap None): 1fb/141kg/p1(0)[1], 1fb/145kg/p0(0)[0], 1fb/154kg/p1(0)[1], 1fb/159kg/p1(0)[1], 1fb/163kg/p1(0)[1], 1fb/164kg/p4(1)[4], 1fb/210kg/p2(1)[2], 2fb/162kg/p1(1)[1], 2fb/163kg/p0(0)[0], 2fb/183kg/p3(1)[3], 3fb/199kg/p2(2)[2], 3fb/201kg/p1(1)[1], 3fb/204kg/p2(2)[2], 3fb/216kg/p2(2)[2], 4fb/235kg/p1(1)[1], 4fb/267kg/p1(1)[1]
[13:55:55] budget: 238 s of 300 left for the settles + regrids (settle_wall 480)
[13:55:56]     settle  9: 116 @   1427 d -> ok lintwin tank 658.7 (+4.2) miss 65 km (1.4 s)
[13:55:57] plan: 1178 states, depth 9 new flybys, end plan_done (64 s); deepest 9 new to 2686 d at planner fuel 438 kg
[13:55:57]   depth  1:   95 states (72 in H), t_end 1114-1702 d, fuel 249-342 kg
[13:55:57]   depth  2:  150 states (34 in H), t_end 1335-2188 d, fuel 254-373 kg
[13:55:57]   depth  3:  150 states (14 in H), t_end 1530-2305 d, fuel 270-400 kg
[13:55:57]   depth  4:  150 states (0 in H), t_end 1714-2691 d, fuel 310-430 kg
[13:55:57]   depth  5:  150 states (0 in H), t_end 1774-2697 d, fuel 332-440 kg
[13:55:57]   depth  6:  150 states (0 in H), t_end 1973-2696 d, fuel 363-451 kg
[13:55:57]   depth  7:  150 states (0 in H), t_end 2170-2699 d, fuel 376-485 kg
[13:55:57]   depth  8:  135 states (0 in H), t_end 2371-2699 d, fuel 389-512 kg
[13:55:57]   depth  9:   48 states (0 in H), t_end 2588-2698 d, fuel 438-477 kg
[13:55:57] candidates: 64 distinct committed target sets (n_new 1-3, potential 0-3)
[13:55:57] frontier: 16 candidates chosen (n fb / committed planner kg / continuation (lookahead) [full]; pot_mode lookahead, pot_cap None): 1fb/254kg/p1(1)[1], 1fb/259kg/p0(0)[0], 1fb/259kg/p1(1)[1], 1fb/277kg/p2(2)[2], 1fb/288kg/p5(3)[5], 1fb/301kg/p2(2)[2], 1fb/305kg/p4(3)[4], 1fb/308kg/p2(2)[2], 1fb/309kg/p4(2)[4], 2fb/274kg/p1(1)[1], 2fb/278kg/p2(2)[2], 2fb/303kg/p2(2)[2], 2fb/311kg/p4(3)[4], 3fb/330kg/p3(3)[3], 3fb/348kg/p1(1)[1], 3fb/368kg/p2(2)[2]
[13:55:57] budget: 235 s of 300 left for the settles + regrids (settle_wall 480)
[13:55:58]     settle  9: 271 @   1540 d -> ok lintwin tank 660.5 (+5.9) miss 61 km (1.3 s)
[13:55:59] plan: 1256 states, depth 10 new flybys, end plan_done (66 s); deepest 10 new to 2699 d at planner fuel 434 kg
[13:55:59]   depth  1:  116 states (97 in H), t_end 1085-1714 d, fuel 179-282 kg
[13:55:59]   depth  2:  150 states (94 in H), t_end 1282-1996 d, fuel 200-318 kg
[13:55:59]   depth  3:  150 states (24 in H), t_end 1444-2234 d, fuel 227-352 kg
[13:55:59]   depth  4:  150 states (2 in H), t_end 1615-2573 d, fuel 247-358 kg
[13:55:59]   depth  5:  150 states (0 in H), t_end 1980-2695 d, fuel 293-395 kg
[13:55:59]   depth  6:  150 states (0 in H), t_end 2069-2697 d, fuel 303-415 kg
[13:55:59]   depth  7:  150 states (0 in H), t_end 2259-2698 d, fuel 322-451 kg
[13:55:59]   depth  8:  150 states (0 in H), t_end 2412-2699 d, fuel 339-486 kg
[13:55:59]   depth  9:   86 states (0 in H), t_end 2489-2700 d, fuel 391-519 kg
[13:55:59]   depth 10:    4 states (0 in H), t_end 2699-2700 d, fuel 434-449 kg
[13:55:59] candidates: 119 distinct committed target sets (n_new 1-4, potential 0-3)
[13:55:59] frontier: 16 candidates chosen (n fb / committed planner kg / continuation (lookahead) [full]; pot_mode lookahead, pot_cap None): 1fb/179kg/p1(0)[1], 1fb/185kg/p0(0)[0], 1fb/198kg/p3(1)[3], 1fb/211kg/p3(2)[3], 1fb/226kg/p2(1)[2], 1fb/228kg/p2(1)[2], 1fb/249kg/p3(2)[3], 1fb/250kg/p3(0)[3], 1fb/273kg/p4(3)[4], 2fb/216kg/p0(0)[0], 2fb/221kg/p0(0)[0], 2fb/309kg/p3(3)[3], 3fb/227kg/p1(1)[1], 3fb/246kg/p1(1)[1], 3fb/264kg/p0(0)[0], 4fb/312kg/p0(0)[0]
[13:55:59] budget: 234 s of 300 left for the settles + regrids (settle_wall 480)
[13:55:59]     settle  8: 249 @   1325 d -> ok lintwin tank 677.3 (+0.2) miss 3 km (0.2 s)
[13:55:59]     settle  9: 242 @   1156 d -> ok lintwin tank 667.2 (+12.7) miss 74 km (0.8 s)
[13:56:00]     settle  9: 115 @   1563 d -> ok lintwin tank 713.9 (+6.1) miss 51 km (2.5 s)
[13:56:00]     settle  8: 103 @   1531 d -> ok lintwin tank 679.5 (+2.4) miss 18 km (0.6 s)
[13:56:00]     settle  9:  44 @   1363 d -> ok lintwin tank 664.9 (+10.4) miss 84 km (0.7 s)
[13:56:00]     settle  8:  56 @   1092 d -> ok lintwin tank 685.6 (+8.5) miss 43 km (0.4 s)
[13:56:00]     settle  9: 118 @   1226 d -> ok lintwin tank 676.4 (+21.9) miss 38 km (0.4 s)
[13:56:01]     settle  8:  41 @   1204 d -> ok lintwin tank 687.4 (+10.3) miss 69 km (0.5 s)
[13:56:01] plan: 1295 states, depth 11 new flybys, end plan_done (69 s); deepest 11 new to 2676 d at planner fuel 435 kg
[13:56:01]   depth  1:  103 states (88 in H), t_end 1083-1707 d, fuel 128-230 kg
[13:56:01]   depth  2:  150 states (100 in H), t_end 1194-2082 d, fuel 152-268 kg
[13:56:01]   depth  3:  150 states (63 in H), t_end 1398-2316 d, fuel 174-312 kg
[13:56:01]   depth  4:  150 states (0 in H), t_end 1675-2558 d, fuel 200-330 kg
[13:56:01]   depth  5:  150 states (0 in H), t_end 1749-2698 d, fuel 218-360 kg
[13:56:01]   depth  6:  150 states (0 in H), t_end 2107-2686 d, fuel 259-376 kg
[13:56:01]   depth  7:  150 states (0 in H), t_end 2224-2687 d, fuel 268-409 kg
[13:56:01]   depth  8:  150 states (0 in H), t_end 2292-2696 d, fuel 334-447 kg
[13:56:01]   depth  9:  100 states (0 in H), t_end 2472-2698 d, fuel 364-479 kg
[13:56:01]   depth 10:   36 states (0 in H), t_end 2532-2684 d, fuel 374-490 kg
[13:56:01]   depth 11:    6 states (0 in H), t_end 2669-2681 d, fuel 435-463 kg
[13:56:01] candidates: 163 distinct committed target sets (n_new 1-3, potential 0-3)
[13:56:01] frontier: 16 candidates chosen (n fb / committed planner kg / continuation (lookahead) [full]; pot_mode lookahead, pot_cap None): 1fb/128kg/p2(1)[2], 1fb/135kg/p1(1)[1], 1fb/136kg/p4(2)[4], 1fb/138kg/p2(2)[2], 1fb/152kg/p4(2)[4], 1fb/159kg/p4(2)[4], 1fb/165kg/p4(2)[4], 1fb/171kg/p4(2)[4], 1fb/180kg/p3(2)[3], 2fb/152kg/p1(1)[1], 2fb/161kg/p0(0)[0], 2fb/178kg/p3(2)[3], 2fb/239kg/p3(3)[3], 3fb/174kg/p0(0)[0], 3fb/180kg/p0(0)[0], 3fb/202kg/p2(2)[2]
[13:56:01] budget: 231 s of 300 left for the settles + regrids (settle_wall 480)
[13:56:01]     settle  9: 166 @   1245 d -> ok lintwin tank 662.1 (+7.6) miss 31 km (0.6 s)
[13:56:02]     settle  8: 146 @   1083 d -> ok lintwin tank 652.8 (+2.0) miss 99 km (0.4 s)
[13:56:03]     settle  8:  54 @   1476 d -> ok lintwin tank 660.6 (+9.8) miss 27 km (0.7 s)
[13:56:03]     settle  9:  36 @   1405 d -> ok lintwin tank 668.6 (+14.1) miss 74 km (1.3 s)
[13:56:03]     settle  9: 245 @   1605 d -> ok lintwin tank 746.9 (+39.1) miss 74 km (3.1 s)
[13:56:03]   drift: leg 245@1605 d settled outside (T, T+H] -> column cut at 0
[13:56:03]     settle  8: 269 @   1238 d -> ok lintwin tank 656.3 (+5.5) miss 10 km (0.4 s)
[13:56:04]     settle  9: 166 @   1243 d -> ok lintwin tank 662.1 (+7.6) miss 31 km (0.6 s)
[13:56:04]     settle  8: 127 @   1391 d -> ok lintwin tank 717.1 (+40.0) miss 62 km (2.5 s)
[13:56:04]     settle  8:  36 @   1494 d -> ok lintwin tank 660.3 (+9.5) miss 79 km (0.6 s)
[13:56:04]     settle 10: 191 @   1537 d -> ok lintwin tank 667.9 (+5.8) miss 14 km (0.3 s)
[13:56:04]     settle  8:  81 @   1103 d -> ok lintwin tank 665.5 (+14.7) miss 20 km (0.1 s)
[13:56:05] plan: 1386 states, depth 11 new flybys, end plan_done (72 s); deepest 11 new to 2679 d at planner fuel 467 kg
[13:56:05]   depth  1:  130 states (112 in H), t_end 1086-1770 d, fuel 141-245 kg
[13:56:05]   depth  2:  150 states (108 in H), t_end 1170-1992 d, fuel 155-288 kg
[13:56:05]   depth  3:  150 states (46 in H), t_end 1398-2257 d, fuel 187-305 kg
[13:56:05]   depth  4:  150 states (6 in H), t_end 1538-2608 d, fuel 215-291 kg
[13:56:05]   depth  5:  150 states (0 in H), t_end 1643-2611 d, fuel 242-330 kg
[13:56:05]   depth  6:  150 states (0 in H), t_end 1920-2682 d, fuel 289-364 kg
[13:56:05]   depth  7:  150 states (0 in H), t_end 2038-2696 d, fuel 306-391 kg
[13:56:05]   depth  8:  150 states (0 in H), t_end 2316-2697 d, fuel 323-420 kg
[13:56:05]   depth  9:  150 states (0 in H), t_end 2433-2699 d, fuel 341-444 kg
[13:56:05]   depth 10:   54 states (0 in H), t_end 2513-2697 d, fuel 390-464 kg
[13:56:05]   depth 11:    2 states (0 in H), t_end 2657-2679 d, fuel 467-478 kg
[13:56:05] candidates: 157 distinct committed target sets (n_new 1-4, potential 0-3)
[13:56:05] frontier: 16 candidates chosen (n fb / committed planner kg / continuation (lookahead) [full]; pot_mode lookahead, pot_cap None): 1fb/141kg/p2(0)[2], 1fb/143kg/p0(0)[0], 1fb/162kg/p3(2)[3], 1fb/173kg/p4(1)[4], 1fb/174kg/p4(1)[4], 1fb/177kg/p5(3)[5], 2fb/155kg/p0(0)[0], 2fb/164kg/p0(0)[0], 2fb/202kg/p3(2)[3], 2fb/208kg/p4(2)[4], 3fb/191kg/p0(0)[0], 3fb/193kg/p0(0)[0], 3fb/223kg/p3(3)[3], 4fb/227kg/p1(1)[1], 4fb/255kg/p1(1)[1], 4fb/266kg/p2(2)[2]
[13:56:05] budget: 228 s of 300 left for the settles + regrids (settle_wall 480)
[13:56:05]     settle  8: 195 @   1192 d -> ok lintwin tank 667.8 (+17.1) miss 38 km (0.3 s)
[13:56:05]     settle  8: 186 @   1183 d -> ok lintwin tank 659.7 (+0.3) miss 3 km (0.2 s)
[13:56:05]     settle  9: 116 @   1391 d -> ok lintwin tank 658.8 (+4.2) miss 64 km (1.0 s)
[13:56:05]     settle  8:  87 @   1573 d -> ok lintwin tank 662.4 (+3.1) miss 47 km (0.3 s)
[13:56:05]     settle  8: 252 @   1161 d -> ok lintwin tank 668.6 (+17.8) miss 12 km (0.4 s)
[13:56:06]     settle 10: 271 @   1539 d -> ok lintwin tank 666.3 (+7.5) miss 2 km (0.2 s)
[13:56:06]     settle  9: 211 @   1594 d -> ok lintwin tank 717.4 (+9.7) miss 62 km (2.8 s)
[13:56:06]     settle  8:  35 @   1168 d -> ok lintwin tank 679.8 (+29.0) miss 12 km (0.5 s)
[13:56:06]     settle  8: 201 @   1272 d -> ok lintwin tank 679.3 (+20.0) miss 10 km (0.6 s)
[13:56:06]     settle 10:  44 @   1358 d -> ok lintwin tank 671.2 (+9.1) miss 27 km (0.7 s)
[13:56:07]     settle  8: 260 @   1146 d -> ok lintwin tank 672.0 (+12.7) miss 5 km (0.2 s)
[13:56:07]     settle  8: 223 @   1426 d -> ok lintwin tank 732.5 (+55.4) miss 0 km (2.7 s)
[13:56:07]     settle 11: 191 @   1542 d -> ok lintwin tank 672.9 (+1.7) miss 53 km (0.4 s)
[13:56:07]     settle  8: 195 @   1086 d -> ok lintwin tank 671.8 (+12.4) miss 6 km (0.4 s)
[13:56:07]     settle  8: 212 @   1178 d -> ok lintwin tank 659.1 (+8.3) miss 5 km (1.1 s)
[13:56:08]     settle  8: 253 @   1165 d -> ok lintwin tank 670.8 (+11.4) miss 9 km (0.3 s)
[13:56:08]     settle  9: 118 @   1227 d -> ok lintwin tank 659.3 (+6.6) miss 17 km (0.4 s)
[13:56:08]     settle 11:  30 @   1602 d -> ok lintwin tank 672.8 (+1.5) miss 30 km (0.6 s)
[13:56:08]     settle  8: 292 @   1338 d -> ok lintwin tank 661.2 (+1.8) miss 2 km (0.2 s)
[13:56:08]     settle  9:  53 @   1564 d -> ok lintwin tank 662.6 (+1.4) miss 6 km (0.2 s)
[13:56:08]     settle  9: 158 @   1245 d -> ok lintwin tank 725.8 (+18.1) miss 0 km (2.2 s)
[13:56:08]     settle  8: 172 @   1104 d -> ok lintwin tank 670.8 (+20.1) miss 14 km (0.4 s)
[13:56:09]     settle  8:  23 @   1349 d -> ok lam tank 722.1 (+45.0) miss 0 km (1.6 s)
[13:56:09]     settle  9:  87 @   1568 d -> ok lintwin tank 665.4 (+4.2) miss 2 km (0.2 s)
[13:56:09]     settle 11:  35 @   1597 d -> ok lintwin tank 678.4 (+7.1) miss 31 km (0.6 s)
[13:56:09] plan: 1505 states, depth 12 new flybys, end plan_done (77 s); deepest 12 new to 2691 d at planner fuel 402 kg
[13:56:09]   depth  1:   87 states (72 in H), t_end 1150-1779 d, fuel 84-185 kg
[13:56:09]   depth  2:  150 states (95 in H), t_end 1284-2003 d, fuel 92-230 kg
[13:56:09]   depth  3:  150 states (52 in H), t_end 1394-2352 d, fuel 113-244 kg
[13:56:09]   depth  4:  150 states (10 in H), t_end 1494-2442 d, fuel 136-274 kg
[13:56:09]   depth  5:  150 states (0 in H), t_end 1788-2687 d, fuel 204-280 kg
[13:56:09]   depth  6:  150 states (0 in H), t_end 1872-2699 d, fuel 215-329 kg
[13:56:09]   depth  7:  150 states (0 in H), t_end 2073-2700 d, fuel 230-370 kg
[13:56:09]   depth  8:  150 states (0 in H), t_end 2243-2700 d, fuel 264-399 kg
[13:56:09]   depth  9:  150 states (0 in H), t_end 2390-2698 d, fuel 286-390 kg
[13:56:09]   depth 10:  150 states (0 in H), t_end 2478-2699 d, fuel 299-429 kg
[13:56:09]   depth 11:   66 states (0 in H), t_end 2566-2697 d, fuel 369-454 kg
[13:56:09]   depth 12:    2 states (0 in H), t_end 2691-2692 d, fuel 402-408 kg
[13:56:09]     settle  9: 292 @   1435 d -> ok lintwin tank 676.1 (+5.3) miss 16 km (0.2 s)
[13:56:09] candidates: 149 distinct committed target sets (n_new 1-4, potential 0-3)
[13:56:09] frontier: 16 candidates chosen (n fb / committed planner kg / continuation (lookahead) [full]; pot_mode lookahead, pot_cap None): 1fb/84kg/p1(1)[1], 1fb/91kg/p0(0)[0], 1fb/97kg/p5(3)[5], 1fb/100kg/p2(1)[2], 1fb/102kg/p1(0)[1], 1fb/105kg/p1(0)[1], 2fb/104kg/p2(1)[2], 2fb/107kg/p1(0)[1], 2fb/146kg/p4(3)[4], 3fb/113kg/p1(1)[1], 3fb/126kg/p1(1)[1], 3fb/164kg/p3(3)[3], 3fb/172kg/p3(3)[3], 4fb/159kg/p0(0)[0], 4fb/181kg/p0(0)[0], 4fb/186kg/p0(0)[0]
[13:56:09] budget: 223 s of 300 left for the settles + regrids (settle_wall 480)
[13:56:09]     settle  7: 116 @   1397 d -> ok lintwin tank 634.7 (+3.9) miss 2 km (0.2 s)
[13:56:09]     settle 11: 256 @   1548 d -> ok lintwin tank 680.2 (+8.9) miss 23 km (0.4 s)
[13:56:10]     settle  9: 116 @   1375 d -> ok lintwin tank 679.8 (+9.0) miss 72 km (1.1 s)
[13:56:10]     settle  9: 201 @   1274 d -> ok lintwin tank 681.4 (+10.6) miss 6 km (0.3 s)
[13:56:10]     settle  9: 190 @   1260 d -> ok lintwin tank 716.0 (+8.2) miss 69 km (1.2 s)
[13:56:10]     settle  7:  57 @   1461 d -> ok lintwin tank 634.9 (+4.1) miss 4 km (0.4 s)
[13:56:10]     settle 12:  30 @   1603 d -> ok lintwin tank 674.7 (+1.8) miss 2 km (0.2 s)
[13:56:10]     settle  9: 292 @   1337 d -> ok lintwin tank 671.0 (+11.3) miss 2 km (0.2 s)
[13:56:10]     settle  9: 269 @   1243 d -> ok lintwin tank 666.1 (+0.6) miss 80 km (0.2 s)
[13:56:10] plan: 1548 states, depth 12 new flybys, end plan_done (77 s); deepest 12 new to 2680 d at planner fuel 416 kg
[13:56:10]   depth  1:   81 states (70 in H), t_end 1137-1702 d, fuel 92-197 kg
[13:56:10]   depth  2:  150 states (70 in H), t_end 1315-2134 d, fuel 106-247 kg
[13:56:10]   depth  3:  150 states (25 in H), t_end 1412-1881 d, fuel 161-278 kg
[13:56:10]   depth  4:  150 states (3 in H), t_end 1492-2345 d, fuel 193-316 kg
[13:56:10]   depth  5:  150 states (0 in H), t_end 1638-2625 d, fuel 220-356 kg
[13:56:10]   depth  6:  150 states (0 in H), t_end 1772-2695 d, fuel 244-385 kg
[13:56:10]   depth  7:  150 states (0 in H), t_end 1960-2692 d, fuel 262-350 kg
[13:56:10]   depth  8:  150 states (0 in H), t_end 2050-2700 d, fuel 308-379 kg
[13:56:10]   depth  9:  150 states (0 in H), t_end 2224-2699 d, fuel 318-415 kg
[13:56:10]   depth 10:  150 states (0 in H), t_end 2306-2699 d, fuel 353-455 kg
[13:56:10]   depth 11:  112 states (0 in H), t_end 2501-2699 d, fuel 372-493 kg
[13:56:10]   depth 12:    5 states (0 in H), t_end 2657-2680 d, fuel 416-498 kg
[13:56:10] candidates: 128 distinct committed target sets (n_new 1-4, potential 0-3)
[13:56:10] frontier: 16 candidates chosen (n fb / committed planner kg / continuation (lookahead) [full]; pot_mode lookahead, pot_cap None): 1fb/92kg/p1(1)[1], 1fb/103kg/p0(0)[0], 1fb/118kg/p6(3)[6], 1fb/128kg/p2(2)[2], 1fb/157kg/p3(1)[3], 1fb/169kg/p3(1)[3], 1fb/195kg/p4(2)[4], 2fb/122kg/p0(0)[0], 2fb/132kg/p0(0)[0], 2fb/167kg/p5(3)[5], 3fb/178kg/p3(3)[3], 3fb/186kg/p1(1)[1], 3fb/195kg/p4(3)[4], 4fb/213kg/p3(3)[3], 4fb/220kg/p2(2)[2], 4fb/231kg/p0(0)[0]
[13:56:10] budget: 222 s of 300 left for the settles + regrids (settle_wall 480)
[13:56:10]     settle 10:  87 @   1568 d -> ok lintwin tank 675.1 (+4.1) miss 28 km (0.2 s)
[13:56:10]     settle  8:   9 @   1183 d -> ok lintwin tank 705.1 (+28.0) miss 72 km (1.4 s)
[13:56:10]     settle  7: 206 @   1443 d -> ok lintwin tank 638.4 (+2.6) miss 71 km (0.4 s)
[13:56:10]     settle  7:  84 @   1199 d -> ok lintwin tank 648.9 (+18.1) miss 18 km (0.4 s)
[13:56:11]     settle 11: 256 @   1558 d -> ok lintwin tank 680.2 (+8.9) miss 41 km (0.5 s)
[13:56:11]     settle 10:  53 @   1565 d -> ok lintwin tank 675.3 (+4.3) miss 69 km (0.2 s)
[13:56:11]     settle  8: 269 @   1248 d -> ok lintwin tank 656.3 (+5.5) miss 11 km (0.4 s)
[13:56:11]     settle  9: 201 @   1276 d -> ok lintwin tank 681.4 (+10.6) miss 5 km (0.3 s)
[13:56:11]     settle  7:  22 @   1372 d -> ok lintwin tank 638.0 (+7.2) miss 4 km (0.6 s)
[13:56:11]     settle  9: 116 @   1321 d -> ok lintwin tank 723.7 (+16.0) miss 68 km (1.2 s)
[13:56:11]     settle  9:  54 @   1478 d -> ok lintwin tank 666.0 (+9.7) miss 17 km (0.4 s)
[13:56:11]     settle 10: 292 @   1420 d -> ok lintwin tank 689.0 (+7.6) miss 30 km (0.2 s)
[13:56:12]     settle 12:  74 @   1614 d -> ok lintwin tank 684.4 (+4.3) miss 46 km (1.1 s)
[13:56:12]   drift: leg 74@1614 d settled outside (T, T+H] -> column cut at 3
[13:56:12]   1 candidates dropped (settle failure / regrid failure / duplicate after truncation)
[13:56:12] RESULT s02_c4: 15 columns; frontier 1fb 4 kg p0/1 | 2fb 12 kg p0/1 | 3fb 18 kg p1/2 | 4fb 20 kg p1/1; settles 19 (19 ok), regrids 15 (15 ok); wall 79 s of 300 (plan 62, price 1, settle 17; budget hit None, 0 unsettled)
[13:56:12]     settle  9: 201 @   1276 d -> ok lintwin tank 681.2 (+9.5) miss 9 km (0.3 s)
[13:56:12]     settle  8: 103 @   1084 d -> ok lintwin tank 671.9 (+21.1) miss 41 km (0.4 s)
[13:56:12]     settle  8:  49 @   1229 d -> ok lintwin tank 707.3 (+30.2) miss 65 km (1.4 s)
[13:56:12]     settle  7: 211 @   1498 d -> ok lintwin tank 665.4 (+29.6) miss 80 km (1.3 s)
[13:56:12]     settle  9: 212 @   1198 d -> ok lintwin tank 674.2 (+2.3) miss 9 km (0.1 s)
[13:56:12]     settle  7: 140 @   1378 d -> ok lintwin tank 638.9 (+8.0) miss 1 km (0.7 s)
[13:56:12] plan: 1497 states, depth 11 new flybys, end plan_done (80 s); deepest 11 new to 2645 d at planner fuel 423 kg
[13:56:12]   depth  1:  109 states (90 in H), t_end 1104-1733 d, fuel 224-323 kg
[13:56:12]   depth  2:  150 states (90 in H), t_end 1192-2122 d, fuel 231-366 kg
[13:56:12]   depth  3:  150 states (59 in H), t_end 1321-2452 d, fuel 234-388 kg
[13:56:12]   depth  4:  150 states (21 in H), t_end 1480-2423 d, fuel 253-409 kg
[13:56:12]   depth  5:  150 states (7 in H), t_end 1544-2582 d, fuel 270-419 kg
[13:56:12]   depth  6:  150 states (0 in H), t_end 1719-2621 d, fuel 301-449 kg
[13:56:12]   depth  7:  150 states (0 in H), t_end 2035-2687 d, fuel 350-470 kg
[13:56:12]   depth  8:  150 states (0 in H), t_end 2142-2700 d, fuel 362-499 kg
[13:56:12]   depth  9:  150 states (0 in H), t_end 2344-2700 d, fuel 376-528 kg
[13:56:12]   depth 10:  148 states (0 in H), t_end 2416-2699 d, fuel 389-538 kg
[13:56:12]   depth 11:   40 states (0 in H), t_end 2621-2698 d, fuel 423-541 kg
[13:56:12] candidates: 163 distinct committed target sets (n_new 1-5, potential 0-3)
[13:56:12] frontier: 16 candidates chosen (n fb / committed planner kg / continuation (lookahead) [full]; pot_mode lookahead, pot_cap None): 1fb/224kg/p5(3)[5], 1fb/227kg/p3(2)[3], 1fb/229kg/p0(0)[0], 1fb/245kg/p5(3)[5], 2fb/231kg/p1(0)[1], 2fb/233kg/p2(1)[2], 2fb/268kg/p4(3)[4], 3fb/234kg/p2(1)[2], 3fb/249kg/p1(1)[1], 3fb/288kg/p3(3)[3], 4fb/266kg/p1(1)[1], 4fb/280kg/p1(1)[1], 4fb/375kg/p2(1)[2], 5fb/382kg/p1(1)[1], 5fb/388kg/p0(0)[0], 5fb/405kg/p1(1)[1]
[13:56:12] budget: 220 s of 300 left for the settles + regrids (settle_wall 480)
[13:56:12]     settle 10: 292 @   1431 d -> ok lintwin tank 681.7 (+0.5) miss 22 km (0.5 s)
[13:56:12]     settle  7:  12 @   1137 d -> ok lintwin tank 646.9 (+11.1) miss 8 km (0.3 s)
[13:56:13]     settle 10: 210 @   1398 d -> ok lintwin tank 677.0 (+2.7) miss 19 km (0.5 s)
[13:56:13]     settle  7: 220 @   1315 d -> ok lintwin tank 643.8 (+13.0) miss 5 km (0.3 s)
[13:56:13]     settle 11: 256 @   1538 d -> ok lintwin tank 688.1 (+6.4) miss 3 km (0.2 s)
[13:56:13]   job s02_c4 craft columns  15  levels 10  settles 19/19  end plan_done  wall 79.2 s
[13:56:13]     settle 10: 189 @   1223 d -> ok lintwin tank 698.8 (+0.3) miss 19 km (0.5 s)
[13:56:13]     settle  9: 261 @   1240 d -> ok lintwin tank 737.0 (+29.3) miss 67 km (1.5 s)
[13:56:13]     settle 10: 123 @   1321 d -> ok lintwin tank 700.8 (+2.2) miss 9 km (0.2 s)
[13:56:13]     settle  9: 250 @   1442 d -> ok lintwin tank 666.8 (+10.5) miss 16 km (0.4 s)
[13:56:13]     settle  9: 201 @   1276 d -> ok lintwin tank 682.9 (+10.9) miss 7 km (0.3 s)
[13:56:13]     settle  9:  45 @   1344 d -> ok lintwin tank 693.3 (+7.7) miss 78 km (1.2 s)
[13:56:13]     settle  8: 140 @   1378 d -> ok lintwin tank 671.2 (+22.3) miss 6 km (0.7 s)
[13:56:14]     settle 10: 241 @   1617 d -> ok lintwin tank 667.1 (+0.3) miss 13 km (0.4 s)
[13:56:14]     settle 10: 292 @   1416 d -> ok lintwin tank 699.6 (+16.7) miss 8 km (0.4 s)
[13:56:14]     settle 11:  42 @   1570 d -> ok lintwin tank 700.6 (+1.0) miss 3 km (0.2 s)
[13:56:14]     settle 10: 235 @   1494 d -> ok lintwin tank 700.3 (+1.8) miss 38 km (0.6 s)
[13:56:15]     settle 11: 179 @   1568 d -> ok lintwin tank 706.6 (+17.6) miss 1 km (0.5 s)
[13:56:15]     settle 10: 195 @   1196 d -> ok lintwin tank 715.9 (+17.4) miss 71 km (0.5 s)
[13:56:15]     settle 10:  54 @   1476 d -> ok lintwin tank 673.8 (+7.8) miss 69 km (0.9 s)
[13:56:15]     settle  9: 257 @   1392 d -> ok lintwin tank 693.2 (+15.9) miss 66 km (1.2 s)
[13:56:15]     settle  7:  70 @   1511 d -> ok lintwin tank 690.5 (+54.7) miss 67 km (2.1 s)
[13:56:15] RESULT s02_c6: 16 columns; frontier 1fb 0 kg p0/3 | 2fb 3 kg p0/2 | 3fb 16 kg p0/3 | 4fb 29 kg p1/2; settles 23 (23 ok), regrids 16 (16 ok); wall 82 s of 300 (plan 72, price 1, settle 10; budget hit None, 0 unsettled)
[13:56:15] RESULT s02_c2: 16 columns; frontier 1fb 2 kg p1/2 | 2fb 8 kg p1/3 | 3fb 16 kg p0/2; settles 21 (21 ok), regrids 16 (16 ok); wall 82 s of 300 (plan 69, price 0, settle 14; budget hit None, 0 unsettled)
[13:56:15]     settle 11: 235 @   1495 d -> ok lintwin tank 702.6 (+3.7) miss 6 km (0.2 s)
[13:56:15]     settle  9:   9 @   1313 d -> ok lintwin tank 715.6 (+8.3) miss 13 km (0.3 s)
[13:56:15]     settle  8:  57 @   1460 d -> ok lintwin tank 658.6 (+9.7) miss 0 km (1.8 s)
[13:56:16]     settle 11: 235 @   1495 d -> ok lintwin tank 701.6 (+0.8) miss 4 km (0.2 s)
[13:56:16]     settle  9:  30 @   1425 d -> ok lintwin tank 747.6 (+39.8) miss 71 km (2.4 s)
[13:56:16]     settle 11: 123 @   1313 d -> ok lintwin tank 701.8 (+3.0) miss 19 km (0.2 s)
[13:56:16]     settle  9:  89 @   1504 d -> ok lintwin tank 694.6 (+7.2) miss 28 km (0.8 s)
[13:56:16]     settle 11: 123 @   1319 d -> ok lintwin tank 701.8 (+3.0) miss 6 km (0.2 s)
[13:56:17]     settle 12: 235 @   1494 d -> ok lintwin tank 702.4 (+0.6) miss 13 km (0.2 s)
[13:56:17]   job s02_c2 craft columns  16  levels 11  settles 21/21  end plan_done  wall 82.4 s
[13:56:17]   job s02_c6 craft columns  16  levels 11  settles 23/23  end plan_done  wall 82.3 s
[13:56:17]     settle 12: 167 @   1532 d -> ok lintwin tank 705.1 (+3.3) miss 25 km (0.6 s)
[13:56:18]     settle  8:  22 @   1374 d -> ok lintwin tank 655.1 (+6.2) miss 56 km (0.5 s)
[13:56:18]     settle  9: 194 @   1587 d -> ok lintwin tank 675.0 (+3.8) miss 9 km (0.2 s)
[13:56:18]     settle 10: 283 @   1558 d -> ok lintwin tank 693.6 (+-1.0) miss 71 km (1.7 s)
[13:56:18]     settle 11: 123 @   1331 d -> ok lintwin tank 717.4 (+1.5) miss 79 km (0.6 s)
[13:56:19]     settle  9:  79 @   1536 d -> ok lintwin tank 672.7 (+1.5) miss 66 km (0.5 s)
[13:56:19]     settle  9: 132 @   1422 d -> ok lintwin tank 697.1 (+11.5) miss 69 km (0.9 s)
[13:56:19]     settle 12: 167 @   1532 d -> ok lintwin tank 724.0 (+6.6) miss 62 km (0.9 s)
[13:56:19]     settle  9: 146 @   1193 d -> FAIL [('lam', 21772163.7)] (3.2 s)
[13:56:19]     settle 10: 182 @   1550 d -> ok lintwin tank 698.5 (+1.4) miss 3 km (0.2 s)
[13:56:20]     settle 12:  54 @   1480 d -> ok lintwin tank 710.0 (+8.2) miss 62 km (0.5 s)
[13:56:20]     settle 13: 194 @   1597 d -> ok lintwin tank 715.5 (+5.5) miss 5 km (0.2 s)
[13:56:20]     settle  9:  99 @   1594 d -> ok lintwin tank 669.0 (+13.9) miss 66 km (1.4 s)
[13:56:21]     settle 13: 298 @   1602 d -> ok lintwin tank 720.9 (+18.5) miss 14 km (0.2 s)
[13:56:21]     settle 10: 227 @   1587 d -> ok lintwin tank 714.1 (+17.0) miss 74 km (1.2 s)
[13:56:21]     settle  9:  85 @   1594 d -> ok lintwin tank 666.1 (+11.0) miss 94 km (0.5 s)
[13:56:21]     settle  9: 190 @   1279 d -> ok lintwin tank 713.0 (+5.3) miss 60 km (2.0 s)
[13:56:21]     settle 10: 242 @   1137 d -> ok lintwin tank 714.9 (+16.4) miss 83 km (0.6 s)
[13:56:22]     settle 11: 189 @   1221 d -> ok lintwin tank 720.9 (+5.9) miss 81 km (0.6 s)
[13:56:22]     settle  9: 206 @   1420 d -> ok lintwin tank 710.6 (+5.5) miss 65 km (1.2 s)
[13:56:23]     settle 10: 160 @   1598 d -> ok lintwin tank 728.4 (+15.4) miss 74 km (1.6 s)
[13:56:23]     settle  7:  79 @   1312 d -> FAIL [('lam', 1636037.8)] (7.9 s)
[13:56:23]     settle  8:  35 @   1301 d -> ok lintwin tank 678.8 (+29.9) miss 86 km (1.9 s)
[13:56:23]     settle 12: 123 @   1321 d -> ok lintwin tank 740.8 (+19.9) miss 73 km (1.2 s)
[13:56:24]     settle 10: 132 @   1520 d -> ok lintwin tank 716.8 (+6.3) miss 71 km (1.3 s)
[13:56:24]     settle 13:  54 @   1480 d -> ok lintwin tank 750.1 (+9.3) miss 46 km (0.8 s)
[13:56:25]     settle 11:  59 @   1618 d -> ok lintwin tank 731.6 (+14.8) miss 69 km (1.2 s)
[13:56:25] RESULT s02_c3: 16 columns; frontier 1fb 0 kg p0/3 | 2fb 16 kg p0/3 | 3fb 16 kg p1/1 | 4fb 54 kg p0/0; settles 20 (20 ok), regrids 16 (16 ok); wall 92 s of 300 (plan 66, price 0, settle 26; budget hit None, 0 unsettled)
[13:56:25]     settle  9:  23 @   1394 d -> ok lintwin tank 693.1 (+14.3) miss 82 km (1.9 s)
[13:56:25]     settle 14: 194 @   1597 d -> ok lintwin tank 756.3 (+6.2) miss 49 km (0.9 s)
[13:56:26]     settle 10: 211 @   1564 d -> ok lintwin tank 720.7 (+7.6) miss 11 km (2.5 s)
[13:56:26]     settle 13: 235 @   1495 d -> ok lintwin tank 745.3 (+4.5) miss 23 km (0.4 s)
[13:56:26]     settle 14: 298 @   1603 d -> ok lintwin tank 759.8 (+14.5) miss 74 km (0.4 s)
[13:56:27]   job s02_c3 craft columns  16  levels 10  settles 20/20  end plan_done  wall 92.4 s
[13:56:27]     settle 10:  99 @   1598 d -> ok lintwin tank 698.5 (+5.4) miss 55 km (2.0 s)
[13:56:27]     settle 14:  79 @   1551 d -> ok lintwin tank 764.4 (+14.3) miss 82 km (0.6 s)
[13:56:27]     settle  9: 190 @   1265 d -> ok lintwin tank 715.8 (+8.0) miss 59 km (1.3 s)
[13:56:27] RESULT s02_c0: 16 columns; frontier 1fb 0 kg p3/3 | 2fb 3 kg p1/3 | 3fb 4 kg p1/3 | 4fb 17 kg p1/1 | 5fb 58 kg p1/1; settles 23 (23 ok), regrids 16 (16 ok); wall 95 s of 300 (plan 80, price 1, settle 15; budget hit None, 0 unsettled)
[13:56:29]   job s02_c0 craft columns  16  levels 11  settles 23/23  end plan_done  wall 94.7 s
[13:56:29]     settle 10: 115 @   1551 d -> ok lintwin tank 718.1 (+2.4) miss 73 km (1.6 s)
[13:56:29]     settle  7: 231 @   1233 d -> FAIL [('lam', 120333.6)] (6.4 s)
[13:56:30]     settle 10:  85 @   1595 d -> ok lintwin tank 697.7 (+4.6) miss 2 km (2.1 s)
[13:56:30]     settle 10: 261 @   1417 d -> ok lintwin tank 717.8 (+1.8) miss 67 km (1.0 s)
[13:56:32]     settle 11: 211 @   1572 d -> ok lintwin tank 720.7 (+2.9) miss 60 km (1.4 s)
[13:56:33]     settle 11: 115 @   1545 d -> ok lintwin tank 731.3 (+13.5) miss 60 km (0.4 s)
[13:56:33]     settle  7:  42 @   1182 d -> ok lam tank 671.6 (+35.7) miss 4 km (3.5 s)
[13:56:33]   3 candidates dropped (settle failure / regrid failure / duplicate after truncation)
[13:56:33] RESULT s02_c1: 13 columns; frontier 1fb 6 kg p1/3 | 2fb 10 kg p3/3 | 3fb 13 kg p3/3; settles 17 (16 ok), regrids 13 (13 ok); wall 100 s of 300 (plan 64, price 0, settle 36; budget hit None, 0 unsettled)
[13:56:35]     settle 10:  59 @   1584 d -> ok lintwin tank 708.7 (+15.6) miss 1 km (2.0 s)
[13:56:35]   job s02_c1 craft columns  13  levels 9  settles 16/17  end plan_done  wall 100.3 s
[13:56:35] RESULT s02_c5: 16 columns; frontier 1fb 4 kg p1/3 | 2fb 24 kg p3/3 | 3fb 35 kg p3/3 | 4fb 67 kg p0/0; settles 18 (18 ok), regrids 16 (16 ok); wall 102 s of 300 (plan 77, price 0, settle 26; budget hit None, 0 unsettled)
[13:56:37]   job s02_c5 craft columns  16  levels 12  settles 18/18  end plan_done  wall 102.4 s
[13:56:42]     settle  8: 122 @   1618 d -> ok lam tank 651.1 (+12.7) miss 60 km (9.2 s)
[13:56:44]   regrid FAIL (2 fb: miss 23011 km, None, 2.0 s) -> column dropped
[13:56:46]     settle  7:  45 @   1344 d -> ok lintwin tank 644.0 (+8.2) miss 79 km (1.3 s)
[13:56:47]     settle  8:  98 @   1604 d -> ok lintwin tank 648.3 (+4.3) miss 71 km (1.0 s)
[13:56:48]     settle  8:  17 @   1315 d -> ok lintwin tank 665.5 (+18.6) miss 41 km (0.9 s)
[13:56:49]     settle  9:  95 @   1570 d -> ok lintwin tank 667.4 (+1.9) miss 97 km (1.3 s)
[13:56:50]     settle  9: 195 @   1613 d -> ok lintwin tank 673.3 (+7.8) miss 71 km (0.6 s)
[13:56:51]     settle  9: 138 @   1437 d -> ok lintwin tank 668.5 (+3.0) miss 61 km (1.2 s)
[13:56:53]     settle 10:  95 @   1570 d -> ok lintwin tank 676.6 (+8.1) miss 74 km (1.1 s)
[13:56:54]     settle 10: 195 @   1611 d -> ok lintwin tank 677.1 (+8.7) miss 74 km (1.2 s)
[13:56:56]     settle  8: 127 @   1327 d -> ok lintwin tank 662.1 (+15.2) miss 75 km (1.3 s)
[13:56:57]     settle  9: 132 @   1422 d -> ok lintwin tank 676.8 (+14.7) miss 73 km (1.0 s)
[13:56:57]     settle 10:  36 @   1492 d -> ok lintwin tank 678.2 (+1.4) miss 68 km (0.6 s)
[13:56:57]   3 candidates dropped (settle failure / regrid failure / duplicate after truncation)
[13:56:58] RESULT s02_c7: 13 columns; frontier 1fb 3 kg p1/3 | 2fb 12 kg p0/3 | 3fb 32 kg p3/3 | 4fb 41 kg p3/3; settles 22 (17 ok), regrids 14 (13 ok); wall 125 s of 300 (plan 77, price 0, settle 47; budget hit None, 0 unsettled)
[13:56:59]   job s02_c7 craft columns  13  levels 12  settles 17/22  end plan_done  wall 125.0 s
[13:56:59] [slice 2] propose: 121 columns (0 bad dropped) in 126.3 s
[13:56:59] [slice 2] auction: 121 columns, kept 121, dropped {}; lam 1.00 H_eff 540 d fuel budget 482 kg quota on
[13:56:59] [slice 2] auction: status optimal objective 32.914 vars 121 rows 67 chosen 8 fuel 326/482 kg (0.014 s)
[13:57:01] [slice 2] claims: c1:3 c2:2 c4:1 c6:2 c7:2  (10 targets: 0 kept, 10 new; 17 released, 0 expired (ttl 9), 1 conflicts)
[13:57:01] [slice 2 T=1080 d] launched 8/8  covered 89  remaining 209  fuel 841 kg  sumJi 8.6489  chosen: c0:5(+61) c1:3(+13) c2:3(+23) c3:4(+54) c4:4(+20) c5:4(+67) c6:4(+47) c7:4(+41)  rejected: -  (wall 128 s)
[13:57:01] [slice 3] claims in force: c1:3 c2:2 c4:1 c6:2 c7:2  (10 targets; claim_bonus 1.5, ttl 9)
[13:57:01]   c0: claims: 0 own (prized +1.5), 10 claimed by others withheld
[13:57:01]   c1: claims: 3 own (prized +1.5), 7 claimed by others withheld
[13:57:01]   c2: claims: 2 own (prized +1.5), 8 claimed by others withheld
[13:57:01]   c3: claims: 0 own (prized +1.5), 10 claimed by others withheld
[13:57:01]   c4: claims: 1 own (prized +1.5), 9 claimed by others withheld
[13:57:01]   c5: claims: 0 own (prized +1.5), 10 claimed by others withheld
[13:57:01]   c6: claims: 2 own (prized +1.5), 8 claimed by others withheld
[13:57:01]   c7: claims: 2 own (prized +1.5), 8 claimed by others withheld
[13:57:01] [slice 3 T=1620 d] propose: 8 jobs (8 craft, 0 root) on 9 workers, proposer planbeam, H_eff 540 d, lam 1.0
[13:57:01] job s03_c0 (craft, craft 0, planbeam): T 1620 d H 540 L 360; plan horizon 3240 d; remaining 199; prize >1 on 55; width 150 npt 6 mc 150 dv 1.2 drmax 0.15 plan_wall 240 s; quota {'fil': 4, 'med': 14}
[13:57:01] job s03_c1 (craft, craft 1, planbeam): T 1620 d H 540 L 360; plan horizon 3240 d; remaining 202; prize >1 on 58; width 150 npt 6 mc 150 dv 1.2 drmax 0.15 plan_wall 240 s; quota {'fil': 7, 'med': 14}
[13:57:01] job s03_c2 (craft, craft 2, planbeam): T 1620 d H 540 L 360; plan horizon 3240 d; remaining 201; prize >1 on 57; width 150 npt 6 mc 150 dv 1.2 drmax 0.15 plan_wall 240 s; quota {'fil': 6, 'med': 16}
[13:57:01] job s03_c3 (craft, craft 3, planbeam): T 1620 d H 540 L 360; plan horizon 3240 d; remaining 199; prize >1 on 55; width 150 npt 6 mc 150 dv 1.2 drmax 0.15 plan_wall 240 s; quota {'fil': 6, 'med': 16}
[13:57:01] job s03_c4 (craft, craft 4, planbeam): T 1620 d H 540 L 360; plan horizon 3240 d; remaining 200; prize >1 on 56; width 150 npt 6 mc 150 dv 1.2 drmax 0.15 plan_wall 240 s; quota {'fil': 5, 'med': 15}
[13:57:01] job s03_c5 (craft, craft 5, planbeam): T 1620 d H 540 L 360; plan horizon 3240 d; remaining 199; prize >1 on 55; width 150 npt 6 mc 150 dv 1.2 drmax 0.15 plan_wall 240 s; quota {'fil': 9, 'med': 14}
[13:57:01] job s03_c6 (craft, craft 6, planbeam): T 1620 d H 540 L 360; plan horizon 3240 d; remaining 201; prize >1 on 57; width 150 npt 6 mc 150 dv 1.2 drmax 0.15 plan_wall 240 s; quota {'fil': 7, 'med': 14}
[13:57:01] job s03_c7 (craft, craft 7, planbeam): T 1620 d H 540 L 360; plan horizon 3240 d; remaining 201; prize >1 on 57; width 150 npt 6 mc 150 dv 1.2 drmax 0.15 plan_wall 240 s; quota {'fil': 8, 'med': 14}
[13:57:01] prefix slices/s03/in/craft_2.npz: 10 flybys, t_end 1475.9 d, tank 673.8 kg (planner view), miss 89.4 km, nreg 73
[13:57:01] budget: job_wall 300 s, 300 s left before the plan -> plan cap 210 s (plan_wall 240, settle_reserve 90)
[13:57:01] prefix slices/s03/in/craft_5.npz: 10 flybys, t_end 1595.0 d, tank 697.5 kg (planner view), miss 99.5 km, nreg 74
[13:57:01] budget: job_wall 300 s, 300 s left before the plan -> plan cap 210 s (plan_wall 240, settle_reserve 90)
[13:57:01] prefix slices/s03/in/craft_6.npz: 11 flybys, t_end 1569.4 d, tank 706.4 kg (planner view), miss 0.6 km, nreg 71
[13:57:01] prefix slices/s03/in/craft_3.npz: 11 flybys, t_end 1618.2 d, tank 731.5 kg (planner view), miss 60.2 km, nreg 79
[13:57:01] budget: job_wall 300 s, 300 s left before the plan -> plan cap 210 s (plan_wall 240, settle_reserve 90)
[13:57:01] budget: job_wall 300 s, 300 s left before the plan -> plan cap 210 s (plan_wall 240, settle_reserve 90)
[13:57:01] prefix slices/s03/in/craft_7.npz: 10 flybys, t_end 1570.5 d, tank 676.5 kg (planner view), miss 5.0 km, nreg 68
[13:57:01] budget: job_wall 300 s, 300 s left before the plan -> plan cap 210 s (plan_wall 240, settle_reserve 90)
[13:57:01] prefix slices/s03/in/craft_4.npz: 12 flybys, t_end 1603.2 d, tank 674.7 kg (planner view), miss 0.1 km, nreg 76
[13:57:01] budget: job_wall 300 s, 300 s left before the plan -> plan cap 210 s (plan_wall 240, settle_reserve 90)
[13:57:01] prefix slices/s03/in/craft_0.npz: 14 flybys, t_end 1603.5 d, tank 759.6 kg (planner view), miss 0.3 km, nreg 83
[13:57:01] budget: job_wall 300 s, 300 s left before the plan -> plan cap 210 s (plan_wall 240, settle_reserve 90)
[13:57:01] prefix slices/s03/in/craft_1.npz: 11 flybys, t_end 1567.4 d, tank 720.6 kg (planner view), miss 2.8 km, nreg 81
[13:57:01] budget: job_wall 300 s, 300 s left before the plan -> plan cap 210 s (plan_wall 240, settle_reserve 90)
[13:57:10] first level (both): 0 production + 52 relaxed (dv 2.5, 0.3 AU; 0.1 s) + 51 lintwin children -> 76 unique (9.3 s)
[13:57:10] plan start: prefix 10 flybys, t_end 1595.0 d, planner mass 1379.7 kg (dv 5.811 km/s); 76 first-level states
[13:57:11] first level (both): 0 production + 73 relaxed (dv 2.5, 0.3 AU; 0.1 s) + 74 lintwin children -> 113 unique (10.0 s)
[13:57:11] plan start: prefix 10 flybys, t_end 1475.9 d, planner mass 1428.4 kg (dv 4.452 km/s); 113 first-level states
[13:57:11] first level (both): 0 production + 53 relaxed (dv 2.5, 0.3 AU; 0.1 s) + 46 lintwin children -> 72 unique (10.1 s)
[13:57:11] plan start: prefix 11 flybys, t_end 1618.2 d, planner mass 1315.6 kg (dv 7.677 km/s); 72 first-level states
[13:57:11] first level (both): 0 production + 62 relaxed (dv 2.5, 0.3 AU; 0.1 s) + 64 lintwin children -> 99 unique (10.3 s)
[13:57:11] plan start: prefix 11 flybys, t_end 1569.4 d, planner mass 1362.3 kg (dv 6.308 km/s); 99 first-level states
[13:57:11] first level (both): 0 production + 48 relaxed (dv 2.5, 0.3 AU; 0.1 s) + 70 lintwin children -> 88 unique (10.5 s)
[13:57:11] plan start: prefix 10 flybys, t_end 1570.5 d, planner mass 1422.6 kg (dv 4.609 km/s); 88 first-level states
[13:57:12] first level (both): 0 production + 68 relaxed (dv 2.5, 0.3 AU; 0.1 s) + 62 lintwin children -> 100 unique (10.8 s)
[13:57:12] plan start: prefix 12 flybys, t_end 1603.2 d, planner mass 1426.5 kg (dv 4.503 km/s); 100 first-level states
[13:57:12] first level (both): 0 production + 57 relaxed (dv 2.5, 0.3 AU; 0.1 s) + 46 lintwin children -> 68 unique (11.5 s)
[13:57:12] plan start: prefix 14 flybys, t_end 1603.5 d, planner mass 1267.1 kg (dv 9.152 km/s); 68 first-level states
[13:57:12] first level (both): 0 production + 80 relaxed (dv 2.5, 0.3 AU; 0.1 s) + 52 lintwin children -> 88 unique (11.6 s)
[13:57:12] plan start: prefix 11 flybys, t_end 1567.4 d, planner mass 1335.6 kg (dv 7.087 km/s); 88 first-level states
[13:57:49] plan: 906 states, depth 8 new flybys, end plan_done (48 s); deepest 8 new to 3225 d at planner fuel 502 kg
[13:57:49]   depth  1:   72 states (61 in H), t_end 1694-2263 d, fuel 300-384 kg
[13:57:49]   depth  2:  150 states (79 in H), t_end 1806-2688 d, fuel 312-418 kg
[13:57:49]   depth  3:  150 states (6 in H), t_end 2067-3077 d, fuel 326-445 kg
[13:57:49]   depth  4:  150 states (0 in H), t_end 2485-3228 d, fuel 366-479 kg
[13:57:49]   depth  5:  150 states (0 in H), t_end 2559-3238 d, fuel 387-507 kg
[13:57:49]   depth  6:  150 states (0 in H), t_end 2859-3240 d, fuel 404-519 kg
[13:57:49]   depth  7:   78 states (0 in H), t_end 3000-3239 d, fuel 456-548 kg
[13:57:49]   depth  8:    6 states (0 in H), t_end 3150-3225 d, fuel 502-581 kg
[13:57:49] candidates: 86 distinct committed target sets (n_new 1-3, potential 0-3)
[13:57:49] frontier: 16 candidates chosen (n fb / committed planner kg / continuation (lookahead) [full]; pot_mode lookahead, pot_cap None): 1fb/300kg/p3(2)[3], 1fb/305kg/p1(1)[1], 1fb/311kg/p2(1)[2], 1fb/316kg/p2(2)[2], 1fb/320kg/p2(1)[2], 1fb/329kg/p3(2)[3], 1fb/331kg/p2(1)[2], 1fb/362kg/p3(3)[3], 1fb/377kg/p3(2)[3], 1fb/384kg/p3(1)[3], 2fb/319kg/p1(1)[1], 2fb/328kg/p2(2)[2], 2fb/332kg/p2(2)[2], 3fb/362kg/p0(0)[0], 3fb/420kg/p0(0)[0], 3fb/433kg/p1(1)[1]
[13:57:49] budget: 251 s of 300 left for the settles + regrids (settle_wall 480)
[13:57:51]     settle 12:  21 @   1793 d -> ok lintwin tank 738.9 (+7.4) miss 68 km (1.5 s)
[13:57:53] plan: 917 states, depth 8 new flybys, end plan_done (52 s); deepest 8 new to 3238 d at planner fuel 532 kg
[13:57:53]   depth  1:   68 states (60 in H), t_end 1724-2245 d, fuel 341-422 kg
[13:57:53]   depth  2:  150 states (55 in H), t_end 1845-2743 d, fuel 351-448 kg
[13:57:53]   depth  3:  150 states (0 in H), t_end 2223-3079 d, fuel 394-483 kg
[13:57:53]   depth  4:  150 states (0 in H), t_end 2493-3225 d, fuel 408-507 kg
[13:57:53]   depth  5:  150 states (0 in H), t_end 2540-3238 d, fuel 449-534 kg
[13:57:53]   depth  6:  150 states (0 in H), t_end 2862-3240 d, fuel 473-564 kg
[13:57:53]   depth  7:   78 states (0 in H), t_end 2989-3239 d, fuel 513-589 kg
[13:57:53]   depth  8:   21 states (0 in H), t_end 3171-3240 d, fuel 532-604 kg
[13:57:53] candidates: 69 distinct committed target sets (n_new 1-2, potential 0-2)
[13:57:53] frontier: 16 candidates chosen (n fb / committed planner kg / continuation (lookahead) [full]; pot_mode lookahead, pot_cap None): 1fb/346kg/p0(0)[0], 1fb/351kg/p1(1)[1], 1fb/356kg/p2(1)[2], 1fb/368kg/p2(1)[2], 1fb/376kg/p2(2)[2], 1fb/376kg/p2(1)[2], 1fb/394kg/p2(1)[2], 1fb/395kg/p3(2)[3], 1fb/396kg/p2(1)[2], 1fb/397kg/p2(1)[2], 1fb/404kg/p2(2)[2], 1fb/404kg/p3(2)[3], 1fb/408kg/p2(1)[2], 2fb/351kg/p0(0)[0], 2fb/353kg/p0(0)[0], 2fb/398kg/p2(2)[2]
[13:57:53] budget: 248 s of 300 left for the settles + regrids (settle_wall 480)
[13:57:53]     settle 12:  94 @   2117 d -> ok lintwin tank 740.2 (+8.7) miss 70 km (1.9 s)
[13:57:53]     settle 15: 163 @   1780 d -> ok lintwin tank 766.9 (+7.3) miss 47 km (0.4 s)
[13:57:54]     settle 15: 203 @   1976 d -> ok lintwin tank 770.9 (+11.4) miss 77 km (0.9 s)
[13:57:55]     settle 12: 257 @   1840 d -> ok lintwin tank 743.6 (+12.1) miss 68 km (1.5 s)
[13:57:55]     settle 15: 257 @   1843 d -> ok lintwin tank 765.6 (+6.1) miss 50 km (0.7 s)
[13:57:56] plan: 1043 states, depth 8 new flybys, end plan_done (55 s); deepest 8 new to 3203 d at planner fuel 478 kg
[13:57:56]   depth  1:   88 states (78 in H), t_end 1642-2250 d, fuel 288-360 kg
[13:57:56]   depth  2:  150 states (115 in H), t_end 1794-2421 d, fuel 306-393 kg
[13:57:56]   depth  3:  150 states (5 in H), t_end 1974-2857 d, fuel 329-423 kg
[13:57:56]   depth  4:  150 states (0 in H), t_end 2162-2787 d, fuel 369-442 kg
[13:57:56]   depth  5:  150 states (0 in H), t_end 2283-3130 d, fuel 395-472 kg
[13:57:56]   depth  6:  150 states (0 in H), t_end 2637-3238 d, fuel 426-497 kg
[13:57:56]   depth  7:  150 states (0 in H), t_end 2877-3226 d, fuel 440-531 kg
[13:57:56]   depth  8:   55 states (0 in H), t_end 3103-3235 d, fuel 478-557 kg
[13:57:56] candidates: 81 distinct committed target sets (n_new 1-3, potential 0-2)
[13:57:56] frontier: 16 candidates chosen (n fb / committed planner kg / continuation (lookahead) [full]; pot_mode lookahead, pot_cap None): 1fb/288kg/p1(0)[1], 1fb/288kg/p1(0)[1], 1fb/293kg/p2(1)[2], 1fb/295kg/p1(0)[1], 1fb/297kg/p2(1)[2], 1fb/312kg/p1(1)[1], 1fb/313kg/p1(0)[1], 1fb/314kg/p1(0)[1], 1fb/314kg/p1(0)[1], 1fb/327kg/p4(2)[4], 1fb/346kg/p4(2)[4], 2fb/306kg/p0(0)[0], 2fb/306kg/p0(0)[0], 2fb/364kg/p3(2)[3], 3fb/378kg/p2(2)[2], 3fb/391kg/p2(2)[2]
[13:57:56] budget: 245 s of 300 left for the settles + regrids (settle_wall 480)
[13:57:56]     settle 15: 118 @   1891 d -> ok lintwin tank 778.8 (+19.3) miss 73 km (0.6 s)
[13:57:57]     settle 12: 113 @   2084 d -> ok lintwin tank 746.4 (+14.9) miss 65 km (2.1 s)
[13:57:59]     settle 12:  72 @   1804 d -> ok lintwin tank 748.3 (+16.8) miss 68 km (1.5 s)
[13:58:00]     settle 12: 247 @   1873 d -> ok lintwin tank 744.1 (+23.5) miss 1 km (3.4 s)
[13:58:00]     settle 15: 176 @   2153 d -> ok lintwin tank 781.8 (+22.3) miss 72 km (3.0 s)
[13:58:01]     settle 12: 203 @   1963 d -> ok lintwin tank 754.0 (+22.5) miss 67 km (1.6 s)
[13:58:01]     settle 15: 214 @   1783 d -> ok lintwin tank 770.6 (+11.1) miss 63 km (1.2 s)
[13:58:02] plan: 1177 states, depth 11 new flybys, end plan_done (61 s); deepest 11 new to 3213 d at planner fuel 507 kg
[13:58:02]   depth  1:  100 states (89 in H), t_end 1644-2267 d, fuel 180-279 kg
[13:58:02]   depth  2:  150 states (63 in H), t_end 1839-2515 d, fuel 199-312 kg
[13:58:02]   depth  3:  150 states (19 in H), t_end 1958-2736 d, fuel 226-317 kg
[13:58:02]   depth  4:  150 states (2 in H), t_end 2134-3222 d, fuel 242-349 kg
[13:58:02]   depth  5:  150 states (0 in H), t_end 2444-3233 d, fuel 271-384 kg
[13:58:02]   depth  6:  150 states (0 in H), t_end 2573-3239 d, fuel 297-423 kg
[13:58:02]   depth  7:  150 states (0 in H), t_end 2689-3237 d, fuel 316-452 kg
[13:58:02]   depth  8:  114 states (0 in H), t_end 2753-3240 d, fuel 347-456 kg
[13:58:02]   depth  9:   39 states (0 in H), t_end 2853-3239 d, fuel 406-479 kg
[13:58:02]   depth 10:   17 states (0 in H), t_end 3024-3238 d, fuel 431-508 kg
[13:58:02]   depth 11:    7 states (0 in H), t_end 3143-3237 d, fuel 507-540 kg
[13:58:02] candidates: 100 distinct committed target sets (n_new 1-4, potential 0-2)
[13:58:02] frontier: 16 candidates chosen (n fb / committed planner kg / continuation (lookahead) [full]; pot_mode lookahead, pot_cap None): 1fb/180kg/p1(1)[1], 1fb/182kg/p1(0)[1], 1fb/186kg/p1(1)[1], 1fb/187kg/p1(1)[1], 1fb/209kg/p4(2)[4], 1fb/210kg/p4(2)[4], 1fb/220kg/p4(1)[4], 2fb/199kg/p0(0)[0], 2fb/209kg/p0(0)[0], 2fb/238kg/p3(2)[3], 2fb/239kg/p3(2)[3], 3fb/236kg/p1(1)[1], 3fb/241kg/p1(1)[1], 3fb/260kg/p2(2)[2], 4fb/296kg/p1(1)[1], 4fb/301kg/p0(0)[0]
[13:58:02] budget: 239 s of 300 left for the settles + regrids (settle_wall 480)
[13:58:02]     settle 12: 169 @   1872 d -> ok lintwin tank 731.4 (+10.8) miss 73 km (2.0 s)
[13:58:02]     settle 13: 236 @   2103 d -> ok lintwin tank 676.8 (+2.1) miss 3 km (0.6 s)
[13:58:03]     settle 13: 128 @   2009 d -> ok lintwin tank 678.6 (+3.9) miss 18 km (0.7 s)
[13:58:04]     settle 12: 256 @   1987 d -> ok lintwin tank 760.4 (+28.9) miss 68 km (2.7 s)
[13:58:04]     settle 13: 180 @   1999 d -> ok lintwin tank 680.9 (+6.3) miss 55 km (0.6 s)
[13:58:04]     settle 15:  49 @   2042 d -> ok lintwin tank 797.0 (+37.4) miss 66 km (3.0 s)
[13:58:05]     settle 13: 148 @   2016 d -> ok lintwin tank 682.0 (+7.3) miss 52 km (0.6 s)
[13:58:05]     settle 12: 133 @   1967 d -> ok lintwin tank 781.8 (+50.3) miss 64 km (1.3 s)
[13:58:05]     settle 12: 178 @   1801 d -> ok lintwin tank 734.0 (+13.4) miss 1 km (3.1 s)
[13:58:06]     settle 13: 225 @   1836 d -> ok lintwin tank 687.0 (+12.3) miss 14 km (0.6 s)
[13:58:07]     settle 13: 146 @   1671 d -> ok lintwin tank 692.1 (+17.4) miss 7 km (0.2 s)
[13:58:07]     settle 12:  55 @   1738 d -> ok lintwin tank 743.8 (+12.3) miss 54 km (1.2 s)
[13:58:07]     settle 15:  27 @   1893 d -> ok lintwin tank 788.5 (+28.9) miss 61 km (2.5 s)
[13:58:08]     settle 12:  82 @   1864 d -> ok lintwin tank 735.6 (+15.0) miss 55 km (1.7 s)
[13:58:08]     settle 13: 143 @   1741 d -> ok lintwin tank 718.4 (+43.8) miss 83 km (1.0 s)
[13:58:08]     settle 15: 202 @   1773 d -> ok lintwin tank 764.6 (+5.0) miss 77 km (0.4 s)
[13:58:08]     settle 14: 236 @   2103 d -> ok lintwin tank 680.0 (+1.4) miss 0 km (0.3 s)
[13:58:09] plan: 1329 states, depth 10 new flybys, end plan_done (68 s); deepest 10 new to 3208 d at planner fuel 471 kg
[13:58:09]   depth  1:   99 states (88 in H), t_end 1633-2246 d, fuel 241-335 kg
[13:58:09]   depth  2:  150 states (70 in H), t_end 1764-2599 d, fuel 253-374 kg
[13:58:09]   depth  3:  150 states (29 in H), t_end 1942-2775 d, fuel 286-404 kg
[13:58:09]   depth  4:  150 states (8 in H), t_end 2070-3219 d, fuel 309-434 kg
[13:58:09]   depth  5:  150 states (0 in H), t_end 2180-3231 d, fuel 341-444 kg
[13:58:09]   depth  6:  150 states (0 in H), t_end 2322-3221 d, fuel 382-465 kg
[13:58:09]   depth  7:  150 states (0 in H), t_end 2468-3239 d, fuel 406-497 kg
[13:58:09]   depth  8:  150 states (0 in H), t_end 2788-3237 d, fuel 440-525 kg
[13:58:09]   depth  9:  150 states (0 in H), t_end 2933-3239 d, fuel 454-559 kg
[13:58:09]   depth 10:   30 states (0 in H), t_end 3179-3238 d, fuel 471-591 kg
[13:58:09] candidates: 110 distinct committed target sets (n_new 1-4, potential 0-3)
[13:58:09] frontier: 16 candidates chosen (n fb / committed planner kg / continuation (lookahead) [full]; pot_mode lookahead, pot_cap None): 1fb/241kg/p1(0)[1], 1fb/250kg/p1(0)[1], 1fb/253kg/p3(2)[3], 1fb/267kg/p3(1)[3], 1fb/275kg/p6(3)[6], 1fb/313kg/p4(2)[4], 1fb/334kg/p4(1)[4], 2fb/275kg/p2(2)[2], 2fb/276kg/p0(0)[0], 2fb/306kg/p5(3)[5], 3fb/307kg/p1(1)[1], 3fb/323kg/p0(0)[0], 3fb/346kg/p4(3)[4], 4fb/369kg/p2(2)[2], 4fb/382kg/p3(3)[3], 4fb/383kg/p1(1)[1]
[13:58:09] budget: 232 s of 300 left for the settles + regrids (settle_wall 480)
[13:58:09]     settle 12:  51 @   1763 d -> ok lintwin tank 766.8 (+35.3) miss 76 km (1.5 s)
[13:58:09] plan: 1341 states, depth 11 new flybys, end plan_done (68 s); deepest 11 new to 3212 d at planner fuel 503 kg
[13:58:09]   depth  1:  113 states (103 in H), t_end 1653-2221 d, fuel 174-277 kg
[13:58:09]   depth  2:  150 states (97 in H), t_end 1746-2671 d, fuel 195-307 kg
[13:58:09]   depth  3:  150 states (22 in H), t_end 1843-2703 d, fuel 227-341 kg
[13:58:09]   depth  4:  150 states (0 in H), t_end 2282-2917 d, fuel 257-325 kg
[13:58:09]   depth  5:  150 states (0 in H), t_end 2398-3227 d, fuel 279-359 kg
[13:58:09]   depth  6:  150 states (0 in H), t_end 2478-3231 d, fuel 314-391 kg
[13:58:09]   depth  7:  150 states (0 in H), t_end 2689-3240 d, fuel 330-422 kg
[13:58:09]   depth  8:  150 states (0 in H), t_end 2859-3240 d, fuel 348-448 kg
[13:58:09]   depth  9:  123 states (0 in H), t_end 2970-3240 d, fuel 380-483 kg
[13:58:09]   depth 10:   51 states (0 in H), t_end 3104-3239 d, fuel 424-510 kg
[13:58:09]   depth 11:    4 states (0 in H), t_end 3200-3215 d, fuel 503-518 kg
[13:58:09] candidates: 118 distinct committed target sets (n_new 1-3, potential 0-3)
[13:58:09] frontier: 16 candidates chosen (n fb / committed planner kg / continuation (lookahead) [full]; pot_mode lookahead, pot_cap None): 1fb/174kg/p1(0)[1], 1fb/177kg/p1(0)[1], 1fb/215kg/p2(1)[2], 1fb/215kg/p5(3)[5], 1fb/217kg/p3(2)[3], 1fb/219kg/p2(1)[2], 1fb/231kg/p2(2)[2], 1fb/231kg/p2(1)[2], 1fb/237kg/p2(1)[2], 1fb/237kg/p2(1)[2], 2fb/195kg/p0(0)[0], 2fb/198kg/p0(0)[0], 2fb/238kg/p4(3)[4], 3fb/267kg/p2(2)[2], 3fb/267kg/p2(2)[2], 3fb/278kg/p3(3)[3]
[13:58:09] budget: 232 s of 300 left for the settles + regrids (settle_wall 480)
[13:58:09]     settle 11: 197 @   1764 d -> ok lintwin tank 674.9 (+1.1) miss 3 km (0.2 s)
[13:58:10]     settle 12:  92 @   2026 d -> ok lintwin tank 708.4 (+1.9) miss 11 km (0.9 s)
[13:58:10]     settle 11: 164 @   1816 d -> ok lintwin tank 676.1 (+2.3) miss 44 km (0.2 s)
[13:58:10] plan: 1368 states, depth 11 new flybys, end plan_done (69 s); deepest 11 new to 3171 d at planner fuel 527 kg
[13:58:10]   depth  1:   76 states (69 in H), t_end 1683-2248 d, fuel 226-314 kg
[13:58:10]   depth  2:  150 states (71 in H), t_end 1791-2683 d, fuel 256-349 kg
[13:58:10]   depth  3:  150 states (28 in H), t_end 1980-2865 d, fuel 264-383 kg
[13:58:10]   depth  4:  150 states (1 in H), t_end 2134-3136 d, fuel 287-419 kg
[13:58:10]   depth  5:  150 states (0 in H), t_end 2315-3182 d, fuel 294-433 kg
[13:58:10]   depth  6:  150 states (0 in H), t_end 2391-3231 d, fuel 360-453 kg
[13:58:10]   depth  7:  150 states (0 in H), t_end 2495-3230 d, fuel 401-489 kg
[13:58:10]   depth  8:  150 states (0 in H), t_end 2603-3238 d, fuel 436-520 kg
[13:58:10]   depth  9:  150 states (0 in H), t_end 2733-3238 d, fuel 440-543 kg
[13:58:10]   depth 10:   70 states (0 in H), t_end 2932-3237 d, fuel 474-568 kg
[13:58:10]   depth 11:   22 states (0 in H), t_end 3082-3217 d, fuel 527-593 kg
[13:58:10] candidates: 101 distinct committed target sets (n_new 1-4, potential 0-4)
[13:58:10] frontier: 16 candidates chosen (n fb / committed planner kg / continuation (lookahead) [full]; pot_mode lookahead, pot_cap None): 1fb/226kg/p1(1)[1], 1fb/233kg/p2(0)[2], 1fb/259kg/p2(0)[2], 1fb/264kg/p2(1)[2], 1fb/272kg/p2(0)[2], 1fb/274kg/p2(1)[2], 1fb/297kg/p4(1)[4], 1fb/303kg/p6(4)[6], 1fb/310kg/p4(2)[4], 2fb/259kg/p1(1)[1], 2fb/269kg/p0(0)[0], 2fb/323kg/p5(4)[5], 3fb/288kg/p0(0)[0], 3fb/300kg/p0(0)[0], 3fb/351kg/p4(4)[4], 4fb/357kg/p1(1)[1]
[13:58:10] budget: 231 s of 300 left for the settles + regrids (settle_wall 480)
[13:58:10]     settle 12: 170 @   1872 d -> ok lintwin tank 712.1 (+5.6) miss 7 km (0.3 s)
[13:58:10]     settle 15:  72 @   1808 d -> ok lintwin tank 797.1 (+37.6) miss 53 km (1.9 s)
[13:58:10]     settle 12: 159 @   1744 d -> ok lintwin tank 730.0 (+9.4) miss 1 km (2.6 s)
[13:58:11]     settle 12: 151 @   1857 d -> ok lintwin tank 712.7 (+6.2) miss 16 km (0.4 s)
[13:58:11]     settle 13:  13 @   1665 d -> ok lintwin tank 736.2 (+61.5) miss 84 km (2.7 s)
[13:58:11]     settle 11:  51 @   1755 d -> ok lintwin tank 692.4 (+18.6) miss 4 km (1.4 s)
[13:58:12]     settle 12: 215 @   1802 d -> ok lintwin tank 721.1 (+14.7) miss 81 km (0.7 s)
[13:58:12]     settle 13:  42 @   2087 d -> ok lintwin tank 746.8 (+7.9) miss 81 km (2.6 s)
[13:58:12] plan: 1477 states, depth 12 new flybys, end plan_done (72 s); deepest 12 new to 3227 d at planner fuel 491 kg
[13:58:12]   depth  1:   88 states (78 in H), t_end 1636-2240 d, fuel 187-281 kg
[13:58:12]   depth  2:  150 states (88 in H), t_end 1702-2695 d, fuel 208-314 kg
[13:58:12]   depth  3:  150 states (24 in H), t_end 1776-2988 d, fuel 227-349 kg
[13:58:12]   depth  4:  150 states (7 in H), t_end 1978-3221 d, fuel 263-379 kg
[13:58:12]   depth  5:  150 states (4 in H), t_end 2112-3239 d, fuel 291-412 kg
[13:58:12]   depth  6:  150 states (0 in H), t_end 2323-3228 d, fuel 300-449 kg
[13:58:12]   depth  7:  150 states (0 in H), t_end 2463-3239 d, fuel 329-470 kg
[13:58:12]   depth  8:  150 states (0 in H), t_end 2677-3237 d, fuel 363-472 kg
[13:58:12]   depth  9:  150 states (0 in H), t_end 2746-3240 d, fuel 386-479 kg
[13:58:12]   depth 10:  127 states (0 in H), t_end 2914-3240 d, fuel 414-515 kg
[13:58:12]   depth 11:   52 states (0 in H), t_end 3017-3238 d, fuel 454-523 kg
[13:58:12]   depth 12:   10 states (0 in H), t_end 3208-3239 d, fuel 491-539 kg
[13:58:12]     settle 11: 299 @   2132 d -> ok lintwin tank 698.8 (+1.3) miss 99 km (2.6 s)
[13:58:12] candidates: 135 distinct committed target sets (n_new 1-5, potential 0-3)
[13:58:12] frontier: 16 candidates chosen (n fb / committed planner kg / continuation (lookahead) [full]; pot_mode lookahead, pot_cap None): 1fb/187kg/p0(0)[0], 1fb/191kg/p6(2)[6], 1fb/191kg/p2(1)[2], 1fb/203kg/p3(1)[3], 2fb/218kg/p1(1)[1], 2fb/225kg/p1(0)[1], 2fb/228kg/p5(2)[5], 3fb/251kg/p4(2)[4], 3fb/255kg/p0(0)[0], 3fb/265kg/p0(0)[0], 4fb/279kg/p2(2)[2], 4fb/279kg/p2(2)[2], 4fb/293kg/p3(2)[3], 5fb/324kg/p2(2)[2], 5fb/324kg/p1(1)[1], 5fb/334kg/p1(1)[1]
[13:58:12] budget: 228 s of 300 left for the settles + regrids (settle_wall 480)
[13:58:13]     settle 15:  48 @   2120 d -> ok lam tank 801.0 (+41.5) miss 13 km (2.3 s)
[13:58:13]     settle 14: 148 @   2015 d -> ok lam tank 753.3 (+17.1) miss 0 km (1.8 s)
[13:58:13]     settle 12:   2 @   1633 d -> ok lintwin tank 724.3 (+17.8) miss 79 km (1.4 s)
[13:58:14]     settle 14: 225 @   1839 d -> ok lintwin tank 695.6 (+3.5) miss 4 km (0.3 s)
[13:58:14]     settle 11:  37 @   1716 d -> ok lintwin tank 693.9 (+20.1) miss 71 km (2.3 s)
[13:58:14]     settle 11:  72 @   1804 d -> ok lintwin tank 678.7 (+2.2) miss 73 km (1.6 s)
[13:58:14]     settle 12: 270 @   2040 d -> ok lintwin tank 736.8 (+16.2) miss 0 km (3.6 s)
[13:58:15]     settle 12: 214 @   1690 d -> ok lintwin tank 756.3 (+49.9) miss 65 km (1.0 s)
[13:58:15]     settle 13:  94 @   2116 d -> ok lintwin tank 746.4 (+7.4) miss 77 km (2.6 s)
[13:58:16]     settle 11: 263 @   1761 d -> ok lintwin tank 692.9 (+19.2) miss 92 km (1.5 s)
[13:58:16]     settle 14: 200 @   1916 d -> ok lintwin tank 715.7 (+28.7) miss 78 km (1.6 s)
[13:58:16]     settle 12: 202 @   1689 d -> ok lintwin tank 726.6 (+20.2) miss 79 km (0.7 s)
[13:58:16]     settle 13: 113 @   2083 d -> ok lintwin tank 750.2 (+11.3) miss 59 km (1.0 s)
[13:58:16]     settle 11:  49 @   1636 d -> ok lintwin tank 680.6 (+4.1) miss 71 km (1.7 s)
[13:58:16]     settle 12: 151 @   1854 d -> ok lintwin tank 712.7 (+6.2) miss 13 km (0.3 s)
[13:58:17]     settle 13: 134 @   2041 d -> ok lintwin tank 720.7 (+8.0) miss 9 km (0.3 s)
[13:58:17]     settle 14: 260 @   1991 d -> ok lintwin tank 701.1 (+14.1) miss 49 km (0.8 s)
[13:58:17]     settle 11: 133 @   1973 d -> ok lintwin tank 699.4 (+25.6) miss 15 km (1.0 s)
[13:58:17]     settle 11: 257 @   1837 d -> ok lintwin tank 704.0 (+6.5) miss 63 km (2.1 s)
[13:58:17]     settle 15: 238 @   2131 d -> ok lintwin tank 701.1 (+0.1) miss 2 km (0.3 s)
[13:58:17]     settle 12: 186 @   1807 d -> ok lintwin tank 749.9 (+29.3) miss 1 km (2.7 s)
[13:58:18]     settle 12: 120 @   1771 d -> ok lintwin tank 714.4 (+7.9) miss 5 km (0.7 s)
[13:58:18]     settle 12:  55 @   1744 d -> ok lintwin tank 743.8 (+12.3) miss 55 km (1.3 s)
[13:58:18]     settle 15: 238 @   2133 d -> ok lintwin tank 696.6 (+1.0) miss 1 km (0.3 s)
[13:58:18]     settle 13:  92 @   2026 d -> ok lintwin tank 718.6 (+4.2) miss 19 km (0.6 s)
[13:58:18]     settle 15: 120 @   1854 d -> ok lintwin tank 800.3 (+40.7) miss 73 km (2.6 s)
[13:58:18]     settle 11:  96 @   2004 d -> ok lintwin tank 691.4 (+14.9) miss 75 km (1.9 s)
[13:58:18]     settle 11: 197 @   1742 d -> ok lintwin tank 735.1 (+37.6) miss 45 km (0.8 s)
[13:58:19]     settle 15:  48 @   2144 d -> ok lintwin tank 732.5 (+16.8) miss 47 km (0.8 s)
[13:58:19]     settle 13:  72 @   1806 d -> ok lintwin tank 796.1 (+52.3) miss 46 km (1.8 s)
[13:58:20]     settle 11: 197 @   1772 d -> ok lintwin tank 686.1 (+9.6) miss 73 km (1.1 s)
[13:58:20]     settle 13: 151 @   1868 d -> ok lintwin tank 734.2 (+10.0) miss 67 km (1.4 s)
[13:58:20]     settle 12: 109 @   1647 d -> ok lintwin tank 741.7 (+21.1) miss 1 km (2.4 s)
[13:58:21]     settle 12: 254 @   2113 d -> ok lintwin tank 694.1 (+2.7) miss 40 km (0.8 s)
[13:58:21]     settle 13: 286 @   1945 d -> ok lintwin tank 721.2 (+0.1) miss 23 km (0.7 s)
[13:58:21]     settle 14:  48 @   2142 d -> ok lintwin tank 727.7 (+6.6) miss 5 km (0.2 s)
[13:58:21]     settle 14: 124 @   2067 d -> ok lintwin tank 808.9 (+12.8) miss 59 km (1.8 s)
[13:58:21]     settle 15:  92 @   1992 d -> ok lintwin tank 792.3 (+32.7) miss 65 km (2.9 s)
[13:58:21]     settle 14: 225 @   1841 d -> ok lintwin tank 776.8 (+58.4) miss 56 km (2.4 s)
[13:58:22]     settle 14: 134 @   2036 d -> ok lintwin tank 728.8 (+7.6) miss 10 km (0.3 s)
[13:58:22]     settle 15: 202 @   1765 d -> ok lintwin tank 764.5 (+5.0) miss 40 km (0.5 s)
[13:58:23]     settle 12:  96 @   2006 d -> ok lintwin tank 692.8 (+12.1) miss 72 km (2.0 s)
[13:58:23]     settle 12:  55 @   1748 d -> ok lintwin tank 743.8 (+12.3) miss 67 km (1.4 s)
[13:58:23]     settle 16: 257 @   1847 d -> ok lintwin tank 766.0 (+1.5) miss 92 km (0.8 s)
[13:58:23]     settle 12: 103 @   1820 d -> ok lintwin tank 783.4 (+62.8) miss 43 km (2.8 s)
[13:58:24]     settle 15:  42 @   1958 d -> ok lintwin tank 794.9 (+18.0) miss 77 km (2.3 s)
[13:58:24]     settle 14: 286 @   1942 d -> ok lintwin tank 748.8 (+14.6) miss 56 km (2.1 s)
[13:58:24]     settle 12: 194 @   1702 d -> ok lintwin tank 687.3 (+6.7) miss 72 km (1.1 s)
[13:58:25]     settle 16: 203 @   1982 d -> ok lintwin tank 770.5 (+6.0) miss 69 km (1.1 s)
[13:58:25]     settle 11: 176 @   2028 d -> ok lam tank 804.3 (+130.5) miss 6 km (7.6 s)
[13:58:25]     settle 16:  94 @   2125 d -> ok lintwin tank 788.4 (+-0.1) miss 39 km (0.2 s)
[13:58:25]     settle 13:  92 @   2078 d -> ok lintwin tank 764.9 (+21.1) miss 72 km (2.1 s)
[13:58:25] RESULT s03_c0: 16 columns; frontier 1fb 5 kg p1/2 | 2fb 6 kg p0/2; settles 17 (17 ok), regrids 16 (16 ok); wall 84 s of 300 (plan 52, price 1, settle 33; budget hit None, 0 unsettled)
[13:58:26]     settle 16:  94 @   2134 d -> ok lintwin tank 819.1 (+24.2) miss 49 km (2.4 s)
[13:58:26]     settle 15:  94 @   2130 d -> ok lintwin tank 757.6 (+8.8) miss 65 km (2.0 s)
[13:58:27]     settle 13: 266 @   1776 d -> ok lintwin tank 702.1 (+14.8) miss 61 km (1.9 s)
[13:58:27]     settle 12: 251 @   1849 d -> ok lintwin tank 739.3 (+18.7) miss 73 km (3.1 s)
[13:58:27]     settle 14: 186 @   2151 d -> ok lintwin tank 779.9 (+15.0) miss 59 km (1.7 s)
[13:58:27]   job s03_c0 craft columns  16  levels 8  settles 17/17  end plan_done  wall 84.5 s
[13:58:27]     settle 15: 260 @   1993 d -> ok lintwin tank 731.6 (+15.9) miss 40 km (0.9 s)
[13:58:28]     settle 11: 159 @   1673 d -> ok lintwin tank 707.7 (+31.2) miss 73 km (1.0 s)
[13:58:28]     settle 13: 185 @   1985 d -> ok lintwin tank 790.4 (+23.7) miss 57 km (0.9 s)
[13:58:28]     settle 11: 103 @   1716 d -> ok lintwin tank 693.1 (+19.3) miss 68 km (1.5 s)
[13:58:28]     settle 16:  48 @   2146 d -> ok lintwin tank 739.6 (+8.1) miss 85 km (1.0 s)
[13:58:29]     settle 15:  48 @   2136 d -> ok lintwin tank 770.2 (+21.4) miss 94 km (1.8 s)
[13:58:29] RESULT s03_c4: 16 columns; frontier 1fb 2 kg p1/2 | 2fb 5 kg p0/2 | 3fb 22 kg p1/2 | 4fb 65 kg p0/1; settles 21 (21 ok), regrids 16 (16 ok); wall 88 s of 300 (plan 61, price 1, settle 27; budget hit None, 0 unsettled)
[13:58:29]     settle 14:  94 @   2124 d -> ok lintwin tank 798.7 (+8.3) miss 64 km (0.7 s)
[13:58:29]     settle 12: 164 @   1813 d -> ok lintwin tank 708.9 (+1.3) miss 72 km (1.0 s)
[13:58:29] RESULT s03_c3: 16 columns; frontier 1fb 7 kg p2/3 | 2fb 15 kg p2/2 | 3fb 48 kg p0/1; settles 21 (21 ok), regrids 16 (16 ok); wall 88 s of 300 (plan 48, price 1, settle 40; budget hit None, 0 unsettled)
[13:58:29]   job s03_c3 craft columns  16  levels 8  settles 21/21  end plan_done  wall 88.1 s
[13:58:29]   job s03_c4 craft columns  16  levels 11  settles 21/21  end plan_done  wall 87.8 s
[13:58:29]     settle 12: 111 @   1792 d -> ok lintwin tank 739.4 (+18.8) miss 64 km (2.0 s)
[13:58:30]     settle 13: 151 @   1865 d -> ok lintwin tank 731.2 (+4.6) miss 76 km (0.7 s)
[13:58:30]     settle 13: 254 @   2113 d -> ok lintwin tank 713.1 (+4.2) miss 78 km (1.0 s)
[13:58:30]     settle 11: 231 @   1795 d -> ok lintwin tank 720.8 (+47.0) miss 60 km (1.5 s)
[13:58:30]     settle 14:  92 @   2033 d -> ok lintwin tank 737.2 (+6.0) miss 21 km (0.5 s)
[13:58:31]     settle 15:  94 @   2128 d -> ok lintwin tank 741.4 (+4.2) miss 44 km (0.6 s)
[13:58:31] RESULT s03_c6: 16 columns; frontier 1fb 2 kg p0/3 | 2fb 12 kg p0/3 | 3fb 21 kg p1/3 | 4fb 35 kg p1/3; settles 21 (21 ok), regrids 16 (16 ok); wall 90 s of 300 (plan 68, price 1, settle 22; budget hit None, 0 unsettled)
[13:58:32]     settle 11: 146 @   1763 d -> ok lintwin tank 699.9 (+26.1) miss 6 km (1.3 s)
[13:58:32]     settle 13:  96 @   2002 d -> ok lintwin tank 699.8 (+12.5) miss 63 km (1.4 s)
[13:58:33]     settle 12: 254 @   2111 d -> ok lintwin tank 683.5 (+7.5) miss 48 km (0.9 s)
[13:58:33]     settle 13: 299 @   2147 d -> ok lintwin tank 741.0 (+9.6) miss 69 km (3.5 s)
[13:58:33]   job s03_c6 craft columns  16  levels 10  settles 21/21  end plan_done  wall 90.2 s
[13:58:33]     settle 13: 266 @   1782 d -> ok lintwin tank 702.2 (+14.9) miss 76 km (1.4 s)
[13:58:33]     settle 11:  99 @   1784 d -> FAIL [('lam', 23362890.2)] (14.7 s)
[13:58:34]     settle 12: 254 @   2114 d -> ok lintwin tank 681.2 (+6.2) miss 19 km (0.7 s)
[13:58:34]     settle 12: 263 @   1766 d -> ok lintwin tank 695.3 (+1.4) miss 1 km (0.5 s)
[13:58:35]     settle 14: 142 @   2122 d -> ok lintwin tank 708.9 (+6.7) miss 71 km (1.3 s)
[13:58:36]     settle 11:  51 @   1740 d -> ok lintwin tank 716.3 (+18.8) miss 76 km (2.1 s)
[13:58:36]     settle 13: 299 @   2147 d -> ok lintwin tank 741.2 (+5.6) miss 1 km (3.1 s)
[13:58:36]     settle 14: 254 @   2116 d -> ok lintwin tank 702.6 (+0.4) miss 75 km (1.4 s)
[13:58:37]     settle 13: 244 @   2071 d -> ok lintwin tank 705.3 (+10.0) miss 9 km (2.7 s)
[13:58:38]     settle 14:  86 @   1978 d -> ok lintwin tank 714.5 (+12.4) miss 69 km (1.1 s)
[13:58:38]     settle 12: 263 @   1764 d -> ok lintwin tank 695.3 (+1.4) miss 1 km (0.5 s)
[13:58:40]     settle 13: 270 @   1969 d -> ok lintwin tank 744.6 (+5.4) miss 1 km (2.8 s)
[13:58:40]     settle 15: 254 @   2118 d -> ok lintwin tank 733.5 (+19.0) miss 74 km (1.4 s)
[13:58:40]     settle 13: 176 @   2124 d -> ok lintwin tank 707.3 (+12.1) miss 26 km (2.1 s)
[13:58:41]     settle 11: 164 @   1815 d -> ok lintwin tank 712.8 (+15.2) miss 58 km (1.9 s)
[13:58:41]     settle 13: 124 @   2086 d -> ok lintwin tank 707.7 (+12.4) miss 8 km (0.2 s)
[13:58:41] RESULT s03_c2: 16 columns; frontier 1fb 1 kg p0/3 | 2fb 7 kg p0/3 | 3fb 32 kg p2/3; settles 17 (17 ok), regrids 16 (16 ok); wall 100 s of 300 (plan 68, price 1, settle 32; budget hit None, 0 unsettled)
[13:58:41]     settle 14:  96 @   2007 d -> ok lintwin tank 717.7 (+15.5) miss 74 km (1.2 s)
[13:58:41]   job s03_c2 craft columns  16  levels 11  settles 17/17  end plan_done  wall 100.1 s
[13:58:42]     settle 15: 254 @   2112 d -> ok lintwin tank 724.0 (+6.2) miss 67 km (1.3 s)
[13:58:43]     settle 13: 251 @   1854 d -> ok lintwin tank 740.8 (+1.4) miss 0 km (3.1 s)
[13:58:43]     settle 11: 103 @   1705 d -> ok lintwin tank 712.6 (+15.0) miss 0 km (2.1 s)
[13:58:44]     settle 15: 142 @   2113 d -> ok lintwin tank 718.6 (+4.1) miss 72 km (1.5 s)
[13:58:44] RESULT s03_c7: 16 columns; frontier 1fb 2 kg p0/2 | 2fb 11 kg p2/2 | 3fb 23 kg p0/2 | 4fb 26 kg p2/2 | 5fb 42 kg p1/2; settles 20 (20 ok), regrids 16 (16 ok); wall 104 s of 300 (plan 72, price 1, settle 32; budget hit None, 0 unsettled)
[13:58:45]   job s03_c7 craft columns  16  levels 12  settles 20/20  end plan_done  wall 103.5 s
[13:58:45]     settle 14: 270 @   1984 d -> ok lintwin tank 746.0 (+5.2) miss 60 km (2.3 s)
[13:58:45]     settle 11: 146 @   1789 d -> ok lintwin tank 730.4 (+32.8) miss 73 km (1.5 s)
[13:58:48]     settle 11: 214 @   1807 d -> ok lintwin tank 730.1 (+32.6) miss 1 km (2.2 s)
[13:58:48]     settle 14:  49 @   2073 d -> ok lintwin tank 777.4 (+32.8) miss 68 km (2.2 s)
[13:58:48] RESULT s03_c1: 16 columns; frontier 1fb 9 kg p1/2 | 2fb 20 kg p0/2 | 3fb 25 kg p2/2; settles 17 (17 ok), regrids 16 (16 ok); wall 107 s of 300 (plan 55, price 1, settle 52; budget hit None, 0 unsettled)
[13:58:49]   job s03_c1 craft columns  16  levels 8  settles 17/17  end plan_done  wall 107.3 s
[13:58:53]     settle 11: 103 @   1713 d -> ok lintwin tank 712.5 (+15.0) miss 0 km (2.0 s)
[13:58:53]     settle 12: 133 @   1982 d -> ok lintwin tank 712.9 (+0.4) miss 15 km (0.2 s)
[13:58:56]     settle 12: 163 @   1791 d -> ok lintwin tank 717.9 (+5.4) miss 12 km (2.2 s)
[13:58:59]     settle 12: 282 @   2003 d -> ok lintwin tank 733.5 (+3.1) miss 0 km (2.5 s)
[13:59:04]     settle 12: 133 @   1987 d -> ok lintwin tank 710.0 (+6.0) miss 76 km (2.3 s)
[13:59:07]     settle 13: 299 @   2131 d -> ok lintwin tank 721.5 (+11.5) miss 0 km (2.5 s)
[13:59:13]     settle 13: 244 @   2076 d -> ok lintwin tank 717.0 (+4.1) miss 45 km (2.5 s)
[13:59:18]     settle 13:  48 @   2136 d -> ok lintwin tank 741.1 (+7.5) miss 68 km (2.3 s)
[13:59:20]     settle 12: 214 @   1803 d -> ok lintwin tank 736.6 (+24.1) miss 45 km (1.8 s)
[13:59:20]     settle 13: 282 @   2002 d -> ok lintwin tank 742.8 (+6.2) miss 74 km (0.2 s)
[13:59:21]     settle 14:  94 @   2134 d -> ok lintwin tank 746.6 (+3.8) miss 35 km (0.2 s)
[13:59:22]   1 candidates dropped (settle failure / regrid failure / duplicate after truncation)
[13:59:22] RESULT s03_c5: 15 columns; frontier 1fb 1 kg p1/4 | 2fb 15 kg p1/4 | 3fb 19 kg p0/4 | 4fb 49 kg p1/1; settles 21 (19 ok), regrids 15 (15 ok); wall 142 s of 300 (plan 69, price 1, settle 73; budget hit None, 0 unsettled)
[13:59:23]   job s03_c5 craft columns  15  levels 11  settles 19/21  end plan_done  wall 141.6 s
[13:59:23] [slice 3] propose: 127 columns (0 bad dropped) in 142.3 s
[13:59:23] [slice 3] auction: 127 columns, kept 127, dropped {}; lam 1.00 H_eff 540 d fuel budget 482 kg quota on
[13:59:23] [slice 3] auction: status optimal objective 31.470 vars 127 rows 64 chosen 8 fuel 296/482 kg (0.008 s)
[13:59:25] [slice 3] claims: c1:1 c2:3 c4:1 c6:2 c7:1  (8 targets: 0 kept, 8 new; 10 released, 0 expired (ttl 9), 1 conflicts)
[13:59:25] [slice 3 T=1620 d] launched 8/8  covered 116  remaining 182  fuel 1136 kg  sumJi 8.8969  chosen: c0:2(+6) c1:3(+25) c2:3(+34) c3:3(+48) c4:3(+22) c5:4(+49) c6:4(+64) c7:5(+47)  rejected: -  (wall 144 s)
[13:59:25] [slice 4] claims in force: c1:1 c2:3 c4:1 c6:2 c7:1  (8 targets; claim_bonus 1.5, ttl 9)
[13:59:25]   c0: claims: 0 own (prized +1.5), 8 claimed by others withheld
[13:59:25]   c1: claims: 1 own (prized +1.5), 7 claimed by others withheld
[13:59:25]   c2: claims: 3 own (prized +1.5), 5 claimed by others withheld
[13:59:25]   c3: claims: 0 own (prized +1.5), 8 claimed by others withheld
[13:59:25]   c4: claims: 1 own (prized +1.5), 7 claimed by others withheld
[13:59:25]   c5: claims: 0 own (prized +1.5), 8 claimed by others withheld
[13:59:25]   c6: claims: 2 own (prized +1.5), 6 claimed by others withheld
[13:59:25]   c7: claims: 1 own (prized +1.5), 7 claimed by others withheld
[13:59:25] [slice 4 T=2160 d] propose: 8 jobs (8 craft, 0 root) on 9 workers, proposer planbeam, H_eff 540 d, lam 1.0
[13:59:25] job s04_c3 (craft, craft 3, planbeam): T 2160 d H 540 L 360; plan horizon 3780 d; remaining 174; prize >1 on 72; width 150 npt 6 mc 150 dv 1.2 drmax 0.15 plan_wall 240 s; quota {'fil': 6, 'med': 15}
[13:59:25] job s04_c4 (craft, craft 4, planbeam): T 2160 d H 540 L 360; plan horizon 3780 d; remaining 175; prize >1 on 73; width 150 npt 6 mc 150 dv 1.2 drmax 0.15 plan_wall 240 s; quota {'fil': 4, 'med': 13}
[13:59:25] job s04_c0 (craft, craft 0, planbeam): T 2160 d H 540 L 360; plan horizon 3780 d; remaining 174; prize >1 on 72; width 150 npt 6 mc 150 dv 1.2 drmax 0.15 plan_wall 240 s; quota {'fil': 2, 'med': 14}
[13:59:25] job s04_c6 (craft, craft 6, planbeam): T 2160 d H 540 L 360; plan horizon 3780 d; remaining 176; prize >1 on 74; width 150 npt 6 mc 150 dv 1.2 drmax 0.15 plan_wall 240 s; quota {'fil': 6, 'med': 13}
[13:59:25] job s04_c5 (craft, craft 5, planbeam): T 2160 d H 540 L 360; plan horizon 3780 d; remaining 174; prize >1 on 72; width 150 npt 6 mc 150 dv 1.2 drmax 0.15 plan_wall 240 s; quota {'fil': 8, 'med': 13}
[13:59:25] job s04_c2 (craft, craft 2, planbeam): T 2160 d H 540 L 360; plan horizon 3780 d; remaining 177; prize >1 on 75; width 150 npt 6 mc 150 dv 1.2 drmax 0.15 plan_wall 240 s; quota {'fil': 5, 'med': 15}
[13:59:25] job s04_c1 (craft, craft 1, planbeam): T 2160 d H 540 L 360; plan horizon 3780 d; remaining 175; prize >1 on 73; width 150 npt 6 mc 150 dv 1.2 drmax 0.15 plan_wall 240 s; quota {'fil': 7, 'med': 13}
[13:59:25] job s04_c7 (craft, craft 7, planbeam): T 2160 d H 540 L 360; plan horizon 3780 d; remaining 175; prize >1 on 73; width 150 npt 6 mc 150 dv 1.2 drmax 0.15 plan_wall 240 s; quota {'fil': 6, 'med': 13}
[13:59:25] prefix slices/s04/in/craft_4.npz: 15 flybys, t_end 2133.4 d, tank 696.6 kg (planner view), miss 0.3 km, nreg 103
[13:59:25] budget: job_wall 300 s, 300 s left before the plan -> plan cap 210 s (plan_wall 240, settle_reserve 90)
[13:59:25] prefix slices/s04/in/craft_6.npz: 15 flybys, t_end 2135.7 d, tank 770.1 kg (planner view), miss 75.1 km, nreg 100
[13:59:25] budget: job_wall 300 s, 300 s left before the plan -> plan cap 210 s (plan_wall 240, settle_reserve 90)
[13:59:25] prefix slices/s04/in/craft_5.npz: 14 flybys, t_end 2134.4 d, tank 746.4 kg (planner view), miss 67.7 km, nreg 101
[13:59:25] prefix slices/s04/in/craft_3.npz: 14 flybys, t_end 2149.0 d, tank 779.8 kg (planner view), miss 8.0 km, nreg 106
[13:59:25] budget: job_wall 300 s, 300 s left before the plan -> plan cap 210 s (plan_wall 240, settle_reserve 90)
[13:59:25] budget: job_wall 300 s, 300 s left before the plan -> plan cap 210 s (plan_wall 240, settle_reserve 90)
[13:59:25] prefix slices/s04/in/craft_2.npz: 13 flybys, t_end 2086.4 d, tank 707.6 kg (planner view), miss 0.7 km, nreg 103
[13:59:25] budget: job_wall 300 s, 300 s left before the plan -> plan cap 210 s (plan_wall 240, settle_reserve 90)
[13:59:25] prefix slices/s04/in/craft_0.npz: 16 flybys, t_end 1846.3 d, tank 765.7 kg (planner view), miss 2.5 km, nreg 95
[13:59:25] budget: job_wall 300 s, 300 s left before the plan -> plan cap 210 s (plan_wall 240, settle_reserve 90)
[13:59:25] prefix slices/s04/in/craft_7.npz: 15 flybys, t_end 2113.7 d, tank 723.8 kg (planner view), miss 1.3 km, nreg 95
[13:59:25] prefix slices/s04/in/craft_1.npz: 14 flybys, t_end 1985.4 d, tank 745.9 kg (planner view), miss 2.1 km, nreg 102
[13:59:25] budget: job_wall 300 s, 300 s left before the plan -> plan cap 210 s (plan_wall 240, settle_reserve 90)
[13:59:25] budget: job_wall 300 s, 300 s left before the plan -> plan cap 210 s (plan_wall 240, settle_reserve 90)
[13:59:37] first level (both): 0 production + 55 relaxed (dv 2.5, 0.3 AU; 0.1 s) + 50 lintwin children -> 74 unique (12.0 s)
[13:59:37] plan start: prefix 14 flybys, t_end 2134.4 d, planner mass 1289.5 kg (dv 8.464 km/s); 74 first-level states
[13:59:38] first level (both): 0 production + 80 relaxed (dv 2.5, 0.3 AU; 0.1 s) + 66 lintwin children -> 101 unique (12.3 s)
[13:59:38] plan start: prefix 13 flybys, t_end 2086.4 d, planner mass 1360.2 kg (dv 6.371 km/s); 101 first-level states
[13:59:38] first level (both): 0 production + 39 relaxed (dv 2.5, 0.3 AU; 0.1 s) + 38 lintwin children -> 57 unique (12.5 s)
[13:59:38] plan start: prefix 14 flybys, t_end 2149.0 d, planner mass 1234.1 kg (dv 10.186 km/s); 57 first-level states
[13:59:38] first level (both): 0 production + 73 relaxed (dv 2.5, 0.3 AU; 0.1 s) + 58 lintwin children -> 92 unique (12.7 s)
[13:59:38] plan start: prefix 15 flybys, t_end 2135.7 d, planner mass 1249.6 kg (dv 9.695 km/s); 92 first-level states
[13:59:38] first level (both): 0 production + 22 relaxed (dv 2.5, 0.3 AU; 0.1 s) + 57 lintwin children -> 70 unique (13.0 s)
[13:59:38] plan start: prefix 15 flybys, t_end 2113.7 d, planner mass 1329.7 kg (dv 7.259 km/s); 70 first-level states
[13:59:38] first level (both): 0 production + 49 relaxed (dv 2.5, 0.3 AU; 0.1 s) + 51 lintwin children -> 76 unique (13.1 s)
[13:59:38] plan start: prefix 15 flybys, t_end 2133.4 d, planner mass 1381.6 kg (dv 5.757 km/s); 76 first-level states
[13:59:39] first level (both): 0 production + 15 relaxed (dv 2.5, 0.3 AU; 0.1 s) + 50 lintwin children -> 59 unique (13.4 s)
[13:59:39] plan start: prefix 16 flybys, t_end 1846.3 d, planner mass 1256.8 kg (dv 9.470 km/s); 59 first-level states
[13:59:39] first level (both): 0 production + 57 relaxed (dv 2.5, 0.3 AU; 0.1 s) + 49 lintwin children -> 80 unique (13.7 s)
[13:59:39] plan start: prefix 14 flybys, t_end 1985.4 d, planner mass 1290.2 kg (dv 8.441 km/s); 80 first-level states
[14:00:21] plan: 1003 states, depth 8 new flybys, end plan_done (56 s); deepest 8 new to 3753 d at planner fuel 496 kg
[14:00:21]   depth  1:   74 states (58 in H), t_end 2269-2804 d, fuel 316-405 kg
[14:00:21]   depth  2:  150 states (63 in H), t_end 2424-3371 d, fuel 340-432 kg
[14:00:21]   depth  3:  150 states (7 in H), t_end 2604-3635 d, fuel 348-464 kg
[14:00:21]   depth  4:  150 states (0 in H), t_end 2837-3701 d, fuel 360-496 kg
[14:00:21]   depth  5:  150 states (0 in H), t_end 3015-3757 d, fuel 370-525 kg
[14:00:21]   depth  6:  150 states (0 in H), t_end 3405-3716 d, fuel 410-550 kg
[14:00:21]   depth  7:  150 states (0 in H), t_end 3494-3759 d, fuel 460-577 kg
[14:00:21]   depth  8:   29 states (0 in H), t_end 3593-3780 d, fuel 496-586 kg
[14:00:21] candidates: 69 distinct committed target sets (n_new 1-3, potential 0-3)
[14:00:21] frontier: 16 candidates chosen (n fb / committed planner kg / continuation (lookahead) [full]; pot_mode lookahead, pot_cap None): 1fb/316kg/p2(2)[2], 1fb/323kg/p1(0)[1], 1fb/323kg/p1(0)[1], 1fb/324kg/p1(0)[1], 1fb/351kg/p2(2)[2], 1fb/373kg/p3(1)[3], 1fb/376kg/p2(1)[2], 1fb/378kg/p2(1)[2], 1fb/381kg/p4(3)[4], 2fb/349kg/p0(0)[0], 2fb/353kg/p0(0)[0], 2fb/368kg/p2(2)[2], 2fb/417kg/p3(3)[3], 3fb/431kg/p1(1)[1], 3fb/437kg/p1(1)[1], 3fb/443kg/p0(0)[0]
[14:00:21] budget: 244 s of 300 left for the settles + regrids (settle_wall 480)
[14:00:21] plan: 1006 states, depth 9 new flybys, end plan_done (56 s); deepest 9 new to 3673 d at planner fuel 617 kg
[14:00:21]   depth  1:   57 states (48 in H), t_end 2264-2871 d, fuel 382-457 kg
[14:00:21]   depth  2:  150 states (62 in H), t_end 2415-3182 d, fuel 408-489 kg
[14:00:21]   depth  3:  150 states (6 in H), t_end 2654-3667 d, fuel 426-517 kg
[14:00:21]   depth  4:  150 states (0 in H), t_end 2859-3731 d, fuel 450-549 kg
[14:00:21]   depth  5:  150 states (0 in H), t_end 3033-3771 d, fuel 477-563 kg
[14:00:21]   depth  6:  150 states (0 in H), t_end 3261-3775 d, fuel 506-585 kg
[14:00:21]   depth  7:  138 states (0 in H), t_end 3397-3777 d, fuel 547-607 kg
[14:00:21]   depth  8:   49 states (0 in H), t_end 3485-3773 d, fuel 578-634 kg
[14:00:21]   depth  9:   12 states (0 in H), t_end 3673-3767 d, fuel 617-659 kg
[14:00:21] candidates: 59 distinct committed target sets (n_new 1-3, potential 0-2)
[14:00:21] frontier: 16 candidates chosen (n fb / committed planner kg / continuation (lookahead) [full]; pot_mode lookahead, pot_cap None): 1fb/382kg/p1(1)[1], 1fb/384kg/p0(0)[0], 1fb/394kg/p2(2)[2], 1fb/400kg/p2(2)[2], 1fb/403kg/p2(2)[2], 1fb/409kg/p2(1)[2], 1fb/415kg/p2(1)[2], 1fb/417kg/p2(2)[2], 1fb/426kg/p3(2)[3], 1fb/430kg/p4(2)[4], 2fb/410kg/p0(0)[0], 2fb/431kg/p0(0)[0], 2fb/458kg/p3(2)[3], 3fb/474kg/p2(2)[2], 3fb/500kg/p0(0)[0], 3fb/500kg/p0(0)[0]
[14:00:21] budget: 244 s of 300 left for the settles + regrids (settle_wall 480)
[14:00:22]     settle 15: 177 @   2536 d -> ok lintwin tank 750.0 (+3.6) miss 67 km (0.3 s)
[14:00:23] plan: 1010 states, depth 9 new flybys, end plan_done (58 s); deepest 9 new to 3771 d at planner fuel 558 kg
[14:00:23]   depth  1:   80 states (62 in H), t_end 2164-2850 d, fuel 326-403 kg
[14:00:23]   depth  2:  150 states (58 in H), t_end 2338-3420 d, fuel 344-437 kg
[14:00:23]   depth  3:  150 states (4 in H), t_end 2571-3567 d, fuel 356-471 kg
[14:00:23]   depth  4:  150 states (0 in H), t_end 2934-3667 d, fuel 384-504 kg
[14:00:23]   depth  5:  150 states (0 in H), t_end 3026-3779 d, fuel 402-539 kg
[14:00:23]   depth  6:  150 states (0 in H), t_end 3115-3779 d, fuel 441-566 kg
[14:00:23]   depth  7:   97 states (0 in H), t_end 3248-3780 d, fuel 479-559 kg
[14:00:23]   depth  8:   67 states (0 in H), t_end 3407-3772 d, fuel 519-592 kg
[14:00:23]   depth  9:   16 states (0 in H), t_end 3613-3775 d, fuel 558-600 kg
[14:00:23] candidates: 49 distinct committed target sets (n_new 1-3, potential 0-3)
[14:00:23] frontier: 16 candidates chosen (n fb / committed planner kg / continuation (lookahead) [full]; pot_mode lookahead, pot_cap None): 1fb/326kg/p1(1)[1], 1fb/341kg/p2(0)[2], 1fb/343kg/p1(1)[1], 1fb/344kg/p4(3)[4], 1fb/348kg/p2(1)[2], 1fb/355kg/p1(0)[1], 1fb/358kg/p1(1)[1], 1fb/368kg/p2(1)[2], 1fb/379kg/p2(0)[2], 1fb/379kg/p2(1)[2], 2fb/367kg/p0(0)[0], 2fb/367kg/p3(3)[3], 2fb/371kg/p0(0)[0], 3fb/410kg/p0(0)[0], 3fb/443kg/p0(0)[0], 3fb/449kg/p0(0)[0]
[14:00:23] budget: 242 s of 300 left for the settles + regrids (settle_wall 480)
[14:00:24]     settle 15: 239 @   2659 d -> ok lintwin tank 787.5 (+7.6) miss 50 km (2.6 s)
[14:00:25]     settle 15: 125 @   2457 d -> ok lintwin tank 752.7 (+6.3) miss 0 km (3.5 s)
[14:00:26] plan: 1105 states, depth 9 new flybys, end plan_done (60 s); deepest 9 new to 3625 d at planner fuel 462 kg
[14:00:26]   depth  1:   76 states (65 in H), t_end 2171-2808 d, fuel 223-321 kg
[14:00:26]   depth  2:  150 states (76 in H), t_end 2330-3268 d, fuel 230-361 kg
[14:00:26]   depth  3:  150 states (18 in H), t_end 2564-3478 d, fuel 251-394 kg
[14:00:26]   depth  4:  150 states (0 in H), t_end 2861-3718 d, fuel 263-413 kg
[14:00:26]   depth  5:  150 states (0 in H), t_end 3016-3769 d, fuel 312-450 kg
[14:00:26]   depth  6:  150 states (0 in H), t_end 3281-3743 d, fuel 348-460 kg
[14:00:26]   depth  7:  150 states (0 in H), t_end 3438-3757 d, fuel 379-485 kg
[14:00:26]   depth  8:  111 states (0 in H), t_end 3556-3779 d, fuel 409-513 kg
[14:00:26]   depth  9:   18 states (0 in H), t_end 3605-3779 d, fuel 462-546 kg
[14:00:26] candidates: 99 distinct committed target sets (n_new 1-3, potential 0-3)
[14:00:26] frontier: 16 candidates chosen (n fb / committed planner kg / continuation (lookahead) [full]; pot_mode lookahead, pot_cap None): 1fb/223kg/p3(2)[3], 1fb/228kg/p0(0)[0], 1fb/229kg/p3(3)[3], 1fb/239kg/p2(0)[2], 1fb/251kg/p4(2)[4], 1fb/252kg/p2(0)[2], 1fb/261kg/p3(2)[3], 1fb/271kg/p2(1)[2], 1fb/300kg/p4(2)[4], 1fb/306kg/p4(2)[4], 2fb/230kg/p2(2)[2], 2fb/245kg/p0(0)[0], 2fb/292kg/p3(2)[3], 3fb/278kg/p0(0)[0], 3fb/288kg/p0(0)[0], 3fb/301kg/p2(2)[2]
[14:00:26] budget: 240 s of 300 left for the settles + regrids (settle_wall 480)
[14:00:26]     settle 16: 239 @   2303 d -> ok lintwin tank 698.8 (+2.2) miss 1 km (0.3 s)
[14:00:26]     settle 15: 208 @   2660 d -> ok lintwin tank 746.9 (+0.9) miss 67 km (2.9 s)
[14:00:26] plan: 1096 states, depth 9 new flybys, end plan_done (61 s); deepest 9 new to 3774 d at planner fuel 540 kg
[14:00:26]   depth  1:   92 states (82 in H), t_end 2191-2772 d, fuel 359-442 kg
[14:00:26]   depth  2:  150 states (68 in H), t_end 2392-3171 d, fuel 379-474 kg
[14:00:26]   depth  3:  150 states (3 in H), t_end 2577-3405 d, fuel 407-507 kg
[14:00:26]   depth  4:  150 states (0 in H), t_end 2728-3669 d, fuel 424-536 kg
[14:00:26]   depth  5:  150 states (0 in H), t_end 3004-3778 d, fuel 460-566 kg
[14:00:26]   depth  6:  150 states (0 in H), t_end 3193-3775 d, fuel 473-556 kg
[14:00:26]   depth  7:  150 states (0 in H), t_end 3322-3776 d, fuel 486-569 kg
[14:00:26]   depth  8:   94 states (0 in H), t_end 3523-3779 d, fuel 506-596 kg
[14:00:26]   depth  9:   10 states (0 in H), t_end 3689-3776 d, fuel 540-580 kg
[14:00:26] candidates: 92 distinct committed target sets (n_new 1-3, potential 0-3)
[14:00:26] frontier: 16 candidates chosen (n fb / committed planner kg / continuation (lookahead) [full]; pot_mode lookahead, pot_cap None): 1fb/359kg/p0(0)[0], 1fb/359kg/p0(0)[0], 1fb/374kg/p1(0)[1], 1fb/382kg/p1(1)[1], 1fb/382kg/p2(1)[2], 1fb/384kg/p3(3)[3], 1fb/386kg/p2(0)[2], 1fb/407kg/p4(2)[4], 1fb/421kg/p2(2)[2], 1fb/426kg/p2(1)[2], 2fb/379kg/p0(0)[0], 2fb/383kg/p0(0)[0], 2fb/424kg/p3(2)[3], 3fb/437kg/p2(2)[2], 3fb/461kg/p1(1)[1], 3fb/465kg/p0(0)[0]
[14:00:26] budget: 239 s of 300 left for the settles + regrids (settle_wall 480)
[14:00:27]     settle 16:  93 @   2476 d -> ok lintwin tank 706.6 (+10.0) miss 6 km (0.5 s)
[14:00:28]     settle 15:  21 @   2642 d -> ok lintwin tank 790.4 (+10.6) miss 72 km (3.3 s)
[14:00:28]     settle 16: 187 @   2518 d -> ok lintwin tank 700.4 (+3.9) miss 31 km (0.7 s)
[14:00:29]     settle 16: 216 @   2366 d -> ok lintwin tank 706.6 (+10.1) miss 1 km (0.3 s)
[14:00:29]     settle 16: 126 @   2201 d -> ok lintwin tank 713.5 (+16.9) miss 26 km (0.3 s)
[14:00:30]     settle 15: 128 @   2300 d -> ok lintwin tank 751.1 (+5.2) miss 63 km (3.3 s)
[14:00:30]     settle 16:  69 @   2625 d -> ok lintwin tank 783.0 (+12.9) miss 98 km (3.8 s)
[14:00:30]     settle 16:  38 @   2336 d -> ok lintwin tank 725.4 (+28.8) miss 62 km (0.9 s)
[14:00:31]     settle 15: 115 @   2400 d -> ok lintwin tank 785.4 (+39.1) miss 0 km (3.3 s)
[14:00:31]     settle 16: 161 @   2268 d -> ok lintwin tank 715.8 (+19.2) miss 49 km (0.5 s)
[14:00:32]     settle 15:  42 @   2497 d -> ok lintwin tank 812.7 (+32.9) miss 2 km (3.7 s)
[14:00:32] plan: 1201 states, depth 10 new flybys, end plan_done (67 s); deepest 10 new to 3626 d at planner fuel 592 kg
[14:00:32]   depth  1:   59 states (53 in H), t_end 2166-2785 d, fuel 349-426 kg
[14:00:32]   depth  2:  150 states (115 in H), t_end 2300-3234 d, fuel 363-459 kg
[14:00:32]   depth  3:  150 states (32 in H), t_end 2496-3471 d, fuel 404-487 kg
[14:00:32]   depth  4:  150 states (5 in H), t_end 2640-3605 d, fuel 417-509 kg
[14:00:32]   depth  5:  150 states (0 in H), t_end 2753-3685 d, fuel 437-534 kg
[14:00:32]   depth  6:  150 states (0 in H), t_end 2911-3736 d, fuel 476-566 kg
[14:00:32]   depth  7:  150 states (0 in H), t_end 3258-3760 d, fuel 521-600 kg
[14:00:32]   depth  8:  150 states (0 in H), t_end 3438-3777 d, fuel 531-638 kg
[14:00:32]   depth  9:   77 states (0 in H), t_end 3557-3778 d, fuel 545-648 kg
[14:00:32]   depth 10:   15 states (0 in H), t_end 3617-3743 d, fuel 592-633 kg
[14:00:32] candidates: 124 distinct committed target sets (n_new 1-4, potential 0-3)
[14:00:32] frontier: 16 candidates chosen (n fb / committed planner kg / continuation (lookahead) [full]; pot_mode lookahead, pot_cap None): 1fb/349kg/p1(0)[1], 1fb/355kg/p0(0)[0], 1fb/365kg/p2(0)[2], 1fb/382kg/p3(0)[3], 1fb/398kg/p5(3)[5], 1fb/403kg/p5(3)[5], 1fb/406kg/p3(2)[3], 1fb/410kg/p3(1)[3], 2fb/363kg/p0(0)[0], 2fb/373kg/p0(0)[0], 2fb/422kg/p4(3)[4], 3fb/415kg/p0(0)[0], 3fb/415kg/p0(0)[0], 3fb/458kg/p3(3)[3], 4fb/481kg/p0(0)[0], 4fb/491kg/p1(1)[1]
[14:00:32] budget: 233 s of 300 left for the settles + regrids (settle_wall 480)
[14:00:32]     settle 16: 129 @   2354 d -> ok lintwin tank 726.2 (+29.7) miss 8 km (0.7 s)
[14:00:33]     settle 17: 127 @   2426 d -> ok lintwin tank 769.5 (+3.7) miss 14 km (0.6 s)
[14:00:33]     settle 16:  98 @   2247 d -> ok lintwin tank 741.2 (+44.7) miss 57 km (0.4 s)
[14:00:34]     settle 16:  33 @   2528 d -> ok lintwin tank 783.6 (+13.5) miss 79 km (3.4 s)
[14:00:34]     settle 15:  38 @   2476 d -> ok lintwin tank 761.5 (+15.6) miss 55 km (4.1 s)
[14:00:34]     settle 17: 134 @   2635 d -> ok lintwin tank 779.8 (+14.1) miss 30 km (1.2 s)
[14:00:35]     settle 15:  22 @   2526 d -> ok lintwin tank 846.1 (+66.3) miss 77 km (2.6 s)
[14:00:35] plan: 1317 states, depth 11 new flybys, end plan_done (70 s); deepest 11 new to 3779 d at planner fuel 619 kg
[14:00:35]   depth  1:   70 states (50 in H), t_end 2227-2834 d, fuel 280-366 kg
[14:00:35]   depth  2:  150 states (61 in H), t_end 2387-3408 d, fuel 297-402 kg
[14:00:35]   depth  3:  150 states (9 in H), t_end 2590-3690 d, fuel 318-437 kg
[14:00:35]   depth  4:  150 states (1 in H), t_end 2680-3775 d, fuel 330-449 kg
[14:00:35]   depth  5:  150 states (0 in H), t_end 2910-3757 d, fuel 358-483 kg
[14:00:35]   depth  6:  150 states (0 in H), t_end 2995-3778 d, fuel 414-518 kg
[14:00:35]   depth  7:  150 states (0 in H), t_end 3159-3722 d, fuel 467-549 kg
[14:00:35]   depth  8:  150 states (0 in H), t_end 3232-3735 d, fuel 484-576 kg
[14:00:35]   depth  9:  150 states (0 in H), t_end 3414-3735 d, fuel 517-602 kg
[14:00:35]   depth 10:   46 states (0 in H), t_end 3629-3780 d, fuel 574-626 kg
[14:00:35]   depth 11:    1 states (0 in H), t_end 3779-3779 d, fuel 619-619 kg
[14:00:35] candidates: 81 distinct committed target sets (n_new 1-4, potential 0-2)
[14:00:35] frontier: 16 candidates chosen (n fb / committed planner kg / continuation (lookahead) [full]; pot_mode lookahead, pot_cap None): 1fb/282kg/p2(2)[2], 1fb/290kg/p2(2)[2], 1fb/296kg/p2(2)[2], 1fb/305kg/p2(2)[2], 1fb/306kg/p2(1)[2], 1fb/308kg/p2(1)[2], 1fb/309kg/p2(2)[2], 1fb/309kg/p2(2)[2], 1fb/339kg/p5(2)[5], 2fb/315kg/p0(0)[0], 2fb/325kg/p1(1)[1], 2fb/382kg/p4(2)[4], 3fb/365kg/p1(1)[1], 3fb/406kg/p3(2)[3], 3fb/408kg/p2(2)[2], 4fb/449kg/p2(2)[2]
[14:00:35] budget: 230 s of 300 left for the settles + regrids (settle_wall 480)
[14:00:36]     settle 17:  56 @   2242 d -> ok lintwin tank 779.2 (+13.4) miss 28 km (1.4 s)
[14:00:36] plan: 1346 states, depth 11 new flybys, end plan_done (71 s); deepest 11 new to 3756 d at planner fuel 534 kg
[14:00:36]   depth  1:  101 states (90 in H), t_end 2174-2810 d, fuel 244-336 kg
[14:00:36]   depth  2:  150 states (73 in H), t_end 2342-3266 d, fuel 249-370 kg
[14:00:36]   depth  3:  150 states (24 in H), t_end 2473-3595 d, fuel 258-407 kg
[14:00:36]   depth  4:  150 states (1 in H), t_end 2698-3451 d, fuel 268-410 kg
[14:00:36]   depth  5:  150 states (0 in H), t_end 2778-3698 d, fuel 293-392 kg
[14:00:36]   depth  6:  150 states (0 in H), t_end 3020-3753 d, fuel 315-428 kg
[14:00:36]   depth  7:  150 states (0 in H), t_end 3150-3753 d, fuel 323-449 kg
[14:00:36]   depth  8:  150 states (0 in H), t_end 3339-3771 d, fuel 367-455 kg
[14:00:36]   depth  9:  150 states (0 in H), t_end 3514-3771 d, fuel 384-485 kg
[14:00:36]   depth 10:   44 states (0 in H), t_end 3656-3780 d, fuel 429-509 kg
[14:00:36]   depth 11:    1 states (0 in H), t_end 3756-3756 d, fuel 534-534 kg
[14:00:36] candidates: 111 distinct committed target sets (n_new 1-4, potential 0-2)
[14:00:36] frontier: 16 candidates chosen (n fb / committed planner kg / continuation (lookahead) [full]; pot_mode lookahead, pot_cap None): 1fb/244kg/p0(0)[0], 1fb/245kg/p5(2)[5], 1fb/245kg/p3(1)[3], 1fb/254kg/p2(1)[2], 1fb/265kg/p2(1)[2], 1fb/275kg/p2(1)[2], 1fb/279kg/p2(1)[2], 1fb/295kg/p3(1)[3], 1fb/316kg/p3(1)[3], 2fb/249kg/p2(2)[2], 2fb/255kg/p4(2)[4], 2fb/265kg/p0(0)[0], 3fb/291kg/p3(2)[3], 3fb/300kg/p0(0)[0], 3fb/302kg/p1(1)[1], 4fb/307kg/p2(2)[2]
[14:00:36] budget: 229 s of 300 left for the settles + regrids (settle_wall 480)
[14:00:36]     settle 15: 156 @   2455 d -> ok lintwin tank 755.4 (+9.1) miss 12 km (3.6 s)
[14:00:37]     settle 14: 145 @   2396 d -> ok lintwin tank 709.6 (+2.0) miss 97 km (0.4 s)
[14:00:37]     settle 16: 267 @   2403 d -> ok lintwin tank 723.9 (+27.3) miss 0 km (3.5 s)
[14:00:38]     settle 16: 129 @   2346 d -> ok lintwin tank 792.7 (+22.6) miss 65 km (3.4 s)
[14:00:38]     settle 14: 280 @   2304 d -> ok lintwin tank 709.6 (+2.0) miss 8 km (0.7 s)
[14:00:38]     settle 16: 255 @   2470 d -> ok lintwin tank 728.5 (+4.7) miss 66 km (2.6 s)
[14:00:38]     settle 17: 187 @   2518 d -> ok lintwin tank 701.0 (+2.2) miss 3 km (0.4 s)
[14:00:38]     settle 15: 115 @   2454 d -> ok lintwin tank 799.7 (+19.9) miss 73 km (3.0 s)
[14:00:38]     settle 15:  99 @   2395 d -> ok lintwin tank 757.6 (+11.7) miss 69 km (3.6 s)
[14:00:39]     settle 14:  46 @   2403 d -> ok lintwin tank 710.2 (+2.6) miss 21 km (0.7 s)
[14:00:39]     settle 17: 177 @   2535 d -> ok lintwin tank 708.4 (+9.6) miss 13 km (0.4 s)
[14:00:40]     settle 17: 187 @   2516 d -> ok lintwin tank 717.9 (+4.4) miss 1 km (0.6 s)
[14:00:41]     settle 16: 127 @   2495 d -> ok lintwin tank 733.6 (+9.8) miss 83 km (2.0 s)
[14:00:41]     settle 17:  62 @   2464 d -> ok lintwin tank 714.0 (+7.4) miss 8 km (0.4 s)
[14:00:41]     settle 15: 129 @   2340 d -> ok lintwin tank 770.4 (+24.4) miss 67 km (2.3 s)
[14:00:41]     settle 14:  40 @   2411 d -> ok lintwin tank 716.8 (+9.3) miss 77 km (2.1 s)
[14:00:42]     settle 17: 164 @   2437 d -> ok lintwin tank 793.7 (+28.0) miss 1 km (5.0 s)
[14:00:42]     settle 15:  62 @   2459 d -> ok lintwin tank 753.9 (+7.6) miss 44 km (3.4 s)
[14:00:42]     settle 15: 264 @   2480 d -> ok lintwin tank 796.8 (+17.0) miss 72 km (3.6 s)
[14:00:43]     settle 16: 177 @   2621 d -> ok lintwin tank 781.3 (+11.2) miss 82 km (4.6 s)
[14:00:43]     settle 18: 110 @   2689 d -> ok lintwin tank 717.1 (+3.1) miss 55 km (1.5 s)
[14:00:43]     settle 17: 125 @   2457 d -> ok lintwin tank 708.4 (+1.8) miss 1 km (0.3 s)
[14:00:44]     settle 14: 105 @   2331 d -> ok lintwin tank 733.6 (+26.0) miss 10 km (2.0 s)
[14:00:44]     settle 15: 134 @   2240 d -> ok lintwin tank 777.5 (+31.6) miss 66 km (2.1 s)
[14:00:44]     settle 16: 229 @   2608 d -> ok lintwin tank 752.4 (+28.6) miss 68 km (3.1 s)
[14:00:45]     settle 15: 182 @   2374 d -> ok lintwin tank 803.6 (+23.7) miss 66 km (2.0 s)
[14:00:45]     settle 18: 110 @   2689 d -> ok lintwin tank 720.1 (+11.7) miss 75 km (1.4 s)
[14:00:45]     settle 14: 227 @   2342 d -> ok lintwin tank 715.9 (+8.3) miss 5 km (1.0 s)
[14:00:46]     settle 17: 197 @   2384 d -> ok lintwin tank 854.1 (+88.3) miss 65 km (4.3 s)
[14:00:47]     settle 16:  88 @   2506 d -> ok lintwin tank 774.8 (+4.7) miss 66 km (4.0 s)
[14:00:47]     settle 18: 239 @   2649 d -> ok lintwin tank 718.8 (+0.9) miss 29 km (2.1 s)
[14:00:48] RESULT s04_c4: 16 columns; frontier 1fb 2 kg p2/3 | 2fb 4 kg p2/2 | 3fb 20 kg p0/2; settles 18 (18 ok), regrids 16 (16 ok); wall 82 s of 300 (plan 60, price 1, settle 22; budget hit None, 0 unsettled)
[14:00:48]     settle 16:  70 @   2540 d -> ok lintwin tank 753.6 (+29.8) miss 75 km (3.6 s)
[14:00:49]     settle 15: 115 @   2511 d -> ok lintwin tank 766.3 (+20.4) miss 60 km (5.2 s)
[14:00:49]     settle 17: 176 @   2166 d -> ok lintwin tank 789.5 (+23.7) miss 74 km (2.6 s)
[14:00:49]   drift: leg 176@2166 d settled outside (T, T+H] -> column cut at 0
[14:00:49]   job s04_c4 craft columns  16  levels 9  settles 18/18  end plan_done  wall 82.4 s
[14:00:50]     settle 15:  69 @   2549 d -> ok lintwin tank 827.6 (+47.8) miss 67 km (4.6 s)
[14:00:50]     settle 14: 172 @   2602 d -> ok lintwin tank 839.8 (+132.2) miss 58 km (4.7 s)
[14:00:51]     settle 15: 126 @   2269 d -> ok lintwin tank 775.3 (+29.0) miss 0 km (3.0 s)
[14:00:51]     settle 16: 192 @   2388 d -> ok lintwin tank 799.2 (+29.1) miss 60 km (3.9 s)
[14:00:52]     settle 16: 277 @   2440 d -> ok lintwin tank 759.1 (+35.3) miss 51 km (3.6 s)
[14:00:52]     settle 15:  22 @   2370 d -> ok lintwin tank 796.5 (+50.6) miss 71 km (2.6 s)
[14:00:52]     settle 15: 300 @   2267 d -> ok lintwin tank 813.0 (+33.2) miss 74 km (2.3 s)
[14:00:53]     settle 17: 250 @   2221 d -> ok lam tank 804.4 (+38.7) miss 1 km (3.2 s)
[14:00:53]     settle 14:  18 @   2329 d -> ok lintwin tank 733.3 (+25.8) miss 1 km (3.0 s)
[14:00:55]     settle 15: 220 @   2172 d -> ok lintwin tank 783.3 (+37.4) miss 77 km (2.1 s)
[14:00:55]     settle 16: 161 @   2362 d -> ok lintwin tank 783.8 (+13.7) miss 83 km (3.6 s)
[14:00:55]     settle 15: 129 @   2352 d -> ok lintwin tank 767.0 (+20.7) miss 81 km (3.2 s)
[14:00:56]     settle 17:  43 @   2262 d -> ok lintwin tank 826.1 (+60.4) miss 96 km (1.5 s)
[14:00:56]     settle 15: 291 @   2495 d -> ok lintwin tank 807.2 (+27.3) miss 64 km (3.3 s)
[14:00:57]     settle 16: 221 @   2477 d -> ok lintwin tank 791.8 (+68.1) miss 5 km (4.5 s)
[14:00:58]     settle 17: 164 @   2518 d -> ok lintwin tank 774.4 (+8.7) miss 49 km (1.4 s)
[14:00:58]     settle 16:  38 @   2320 d -> ok lintwin tank 776.1 (+6.0) miss 74 km (2.7 s)
[14:00:58]     settle 15: 161 @   2248 d -> ok lintwin tank 764.8 (+18.8) miss 64 km (3.1 s)
[14:00:59]     settle 15: 125 @   2441 d -> ok lintwin tank 797.6 (+17.8) miss 64 km (2.4 s)
[14:01:00]     settle 18: 183 @   2614 d -> ok lintwin tank 775.9 (+1.5) miss 82 km (2.2 s)
[14:01:01]     settle 14:  43 @   2272 d -> ok lintwin tank 757.7 (+50.1) miss 83 km (2.7 s)
[14:01:01]     settle 16: 239 @   2653 d -> ok lintwin tank 799.0 (+1.4) miss 26 km (1.7 s)
[14:01:01]     settle 15: 109 @   2478 d -> ok lintwin tank 711.0 (+0.8) miss 1 km (0.3 s)
[14:01:02]     settle 15:  46 @   2403 d -> ok lintwin tank 716.0 (+6.4) miss 4 km (0.3 s)
[14:01:02]     settle 16: 110 @   2556 d -> ok lintwin tank 788.4 (+10.9) miss 70 km (3.3 s)
[14:01:02]     settle 18: 134 @   2635 d -> ok lintwin tank 779.7 (+5.3) miss 70 km (1.8 s)
[14:01:02]     settle 16:  39 @   2480 d -> ok lintwin tank 742.7 (+19.0) miss 84 km (1.7 s)
[14:01:02]     settle 15: 164 @   2424 d -> ok lintwin tank 775.1 (+28.7) miss 39 km (4.3 s)
[14:01:03]     settle 16: 170 @   2486 d -> ok lintwin tank 792.8 (+22.7) miss 69 km (4.0 s)
[14:01:03]     settle 15: 299 @   2514 d -> ok lintwin tank 722.1 (+5.3) miss 74 km (1.1 s)
[14:01:04]     settle 16: 109 @   2473 d -> ok lintwin tank 716.7 (+0.7) miss 18 km (0.3 s)
[14:01:04]     settle 15: 109 @   2474 d -> ok lintwin tank 710.3 (+0.7) miss 18 km (0.3 s)
[14:01:05]     settle 15: 264 @   2474 d -> ok lintwin tank 796.8 (+17.0) miss 73 km (3.7 s)
[14:01:05]     settle 16: 115 @   2436 d -> ok lintwin tank 783.2 (+13.0) miss 60 km (2.6 s)
[14:01:05]     settle 16: 210 @   2563 d -> ok lintwin tank 766.8 (+43.0) miss 79 km (2.9 s)
[14:01:06]     settle 18:  88 @   2501 d -> ok lintwin tank 799.6 (+-54.5) miss 75 km (3.1 s)
[14:01:06]     settle 16: 208 @   2654 d -> ok lintwin tank 757.6 (+0.1) miss 73 km (3.4 s)
[14:01:06]     settle 16: 108 @   2697 d -> ok lintwin tank 732.7 (+22.3) miss 17 km (2.0 s)
[14:01:07]     settle 14:  46 @   2406 d -> ok lintwin tank 710.2 (+2.6) miss 19 km (0.5 s)
[14:01:08]     settle 16:  57 @   2693 d -> ok lintwin tank 804.9 (+8.1) miss 74 km (2.7 s)
[14:01:08]     settle 15: 109 @   2473 d -> ok lintwin tank 711.0 (+0.8) miss 51 km (0.3 s)
[14:01:08]     settle 16:  31 @   2311 d -> ok lintwin tank 754.0 (+30.2) miss 73 km (2.0 s)
[14:01:08]     settle 16:  38 @   2326 d -> ok lintwin tank 776.1 (+6.0) miss 79 km (2.2 s)
[14:01:08]     settle 17: 105 @   2328 d -> ok lintwin tank 789.6 (+23.9) miss 72 km (2.2 s)
[14:01:08]     settle 15:  38 @   2324 d -> ok lintwin tank 767.9 (+21.5) miss 75 km (3.1 s)
[14:01:09]     settle 15:  38 @   2295 d -> ok lintwin tank 762.2 (+16.3) miss 62 km (2.9 s)
[14:01:10]     settle 16: 108 @   2697 d -> ok lintwin tank 734.3 (+23.3) miss 15 km (2.0 s)
[14:01:11]     settle 18: 129 @   2436 d -> ok lintwin tank 820.8 (+31.2) miss 57 km (2.4 s)
[14:01:11]     settle 17: 108 @   2698 d -> ok lintwin tank 736.7 (+20.0) miss 1 km (1.0 s)
[14:01:11]     settle 16: 143 @   2565 d -> ok lintwin tank 769.1 (+45.3) miss 72 km (3.1 s)
[14:01:11] RESULT s04_c2: 16 columns; frontier 1fb 2 kg p2/2 | 2fb 3 kg p2/2 | 3fb 9 kg p2/2 | 4fb 29 kg p2/2; settles 19 (19 ok), regrids 16 (16 ok); wall 106 s of 300 (plan 71, price 1, settle 35; budget hit None, 0 unsettled)
[14:01:11]     settle 17:  42 @   2476 d -> ok lintwin tank 779.1 (+3.0) miss 26 km (3.3 s)
[14:01:11]   job s04_c2 craft columns  16  levels 11  settles 19/19  end plan_done  wall 106.1 s
[14:01:11]     settle 16: 122 @   2615 d -> ok lintwin tank 821.1 (+13.9) miss 61 km (3.5 s)
[14:01:12]     settle 16: 208 @   2668 d -> ok lintwin tank 773.2 (+11.0) miss 78 km (2.9 s)
[14:01:12]     settle 19:  52 @   2666 d -> ok lintwin tank 858.8 (+37.9) miss 75 km (1.5 s)
[14:01:14]     settle 19: 247 @   2656 d -> ok lintwin tank 853.7 (+32.9) miss 43 km (1.0 s)
[14:01:14]     settle 17:  22 @   2504 d -> ok lintwin tank 780.6 (+4.5) miss 63 km (1.5 s)
[14:01:15]     settle 17:  45 @   2694 d -> ok lintwin tank 796.9 (+27.8) miss 73 km (3.8 s)
[14:01:15]     settle 16:  38 @   2429 d -> ok lintwin tank 760.8 (+9.7) miss 58 km (2.9 s)
[14:01:17]     settle 17: 192 @   2392 d -> ok lintwin tank 802.1 (+25.9) miss 76 km (2.6 s)
[14:01:17]     settle 19:  69 @   2596 d -> ok lam tank 838.6 (+39.1) miss 69 km (3.0 s)
[14:01:18]     settle 17: 234 @   2683 d -> ok lintwin tank 767.4 (+8.3) miss 80 km (2.1 s)
[14:01:18]     settle 17: 234 @   2695 d -> FAIL [('lam', 2767966.0)] (6.3 s)
[14:01:19]     settle 17:  64 @   2684 d -> ok lintwin tank 778.3 (+17.5) miss 66 km (3.3 s)
[14:01:20]     settle 15: 300 @   2274 d -> ok lintwin tank 813.4 (+33.6) miss 69 km (1.7 s)
[14:01:20]     settle 17: 277 @   2441 d -> ok lintwin tank 772.4 (+18.4) miss 73 km (1.7 s)
[14:01:20]     settle 18: 105 @   2603 d -> ok lintwin tank 811.6 (+9.6) miss 67 km (3.0 s)
[14:01:22]     settle 18:  88 @   2503 d -> ok lintwin tank 825.6 (+31.9) miss 70 km (4.1 s)
[14:01:22]     settle 16:  31 @   2307 d -> ok lintwin tank 754.1 (+30.3) miss 69 km (1.8 s)
[14:01:23]     settle 16: 143 @   2573 d -> ok lintwin tank 825.1 (+11.7) miss 83 km (2.7 s)
[14:01:23]     settle 16:  38 @   2451 d -> ok lintwin tank 800.7 (+17.4) miss 73 km (4.0 s)
[14:01:24]     settle 17: 271 @   2390 d -> ok lintwin tank 785.7 (+31.6) miss 62 km (1.8 s)
[14:01:24]     settle 17: 234 @   2670 d -> ok lintwin tank 835.5 (+10.5) miss 47 km (1.4 s)
[14:01:24]     settle 18: 122 @   2693 d -> ok lintwin tank 822.4 (+20.4) miss 58 km (3.8 s)
[14:01:25]     settle 19: 197 @   2567 d -> ok lintwin tank 869.1 (+43.5) miss 50 km (3.3 s)
[14:01:28]     settle 17: 114 @   2642 d -> ok lintwin tank 816.1 (+15.4) miss 1 km (4.2 s)
[14:01:28]     settle 15:  40 @   2335 d -> ok lintwin tank 848.0 (+68.1) miss 1 km (3.3 s)
[14:01:28]     settle 18: 264 @   2590 d -> ok lintwin tank 865.0 (+79.4) miss 38 km (3.9 s)
[14:01:28]     settle 17:  33 @   2528 d -> ok lintwin tank 798.4 (+14.5) miss 59 km (3.1 s)
[14:01:29]     settle 16:  25 @   2420 d -> ok lintwin tank 874.5 (+26.5) miss 50 km (1.2 s)
[14:01:30]     settle 20: 243 @   2683 d -> ok lintwin tank 955.6 (+86.5) miss 3 km (5.2 s)
[14:01:30]     settle 18: 170 @   2577 d -> ok lintwin tank 811.4 (+13.1) miss 61 km (2.3 s)
[14:01:31] RESULT s04_c6: 16 columns; frontier 1fb 5 kg p1/3 | 2fb 9 kg p0/2 | 3fb 41 kg p0/2; settles 18 (18 ok), regrids 16 (16 ok); wall 125 s of 300 (plan 61, price 1, settle 64; budget hit None, 0 unsettled)
[14:01:31]     settle 18: 114 @   2626 d -> ok lintwin tank 772.7 (+0.3) miss 84 km (3.0 s)
[14:01:32]   job s04_c6 craft columns  16  levels 9  settles 18/18  end plan_done  wall 125.4 s
[14:01:32]     settle 17:  52 @   2654 d -> ok lintwin tank 911.5 (+37.0) miss 1 km (3.5 s)
[14:01:33]   1 candidates dropped (settle failure / regrid failure / duplicate after truncation)
[14:01:33] RESULT s04_c3: 15 columns; frontier 1fb 8 kg p1/2 | 2fb 19 kg p0/2 | 3fb 56 kg p0/0; settles 22 (21 ok), regrids 15 (15 ok); wall 128 s of 300 (plan 56, price 1, settle 72; budget hit None, 0 unsettled)
[14:01:33]     settle 16:  93 @   2475 d -> FAIL [('lam', 12528421.8)] (21.1 s)
[14:01:33]   2 candidates dropped (settle failure / regrid failure / duplicate after truncation)
[14:01:33] RESULT s04_c0: 14 columns; frontier 1fb 4 kg p0/3 | 2fb 10 kg p0/3 | 3fb 73 kg p3/3 | 4fb 189 kg p0/0; settles 20 (20 ok), regrids 14 (14 ok); wall 128 s of 300 (plan 67, price 1, settle 61; budget hit None, 0 unsettled)
[14:01:33]     settle 17: 277 @   2440 d -> ok lintwin tank 772.3 (+18.3) miss 60 km (1.7 s)
[14:01:33]     settle 17:  64 @   2684 d -> ok lintwin tank 803.5 (+2.8) miss 1 km (3.9 s)
[14:01:34]   job s04_c0 craft columns  14  levels 10  settles 20/20  end plan_done  wall 128.1 s
[14:01:34]   job s04_c3 craft columns  15  levels 9  settles 21/22  end plan_done  wall 127.6 s
[14:01:34] RESULT s04_c1: 16 columns; frontier 1fb 1 kg p1/3 | 2fb 12 kg p3/3 | 3fb 32 kg p0/0; settles 19 (19 ok), regrids 16 (16 ok); wall 129 s of 300 (plan 58, price 1, settle 71; budget hit None, 0 unsettled)
[14:01:36]   job s04_c1 craft columns  16  levels 9  settles 19/19  end plan_done  wall 128.6 s
[14:01:36]     settle 18: 110 @   2683 d -> ok lintwin tank 783.1 (+10.8) miss 73 km (2.2 s)
[14:01:38]     settle 19: 110 @   2680 d -> ok lintwin tank 789.4 (+16.7) miss 72 km (1.6 s)
[14:01:38]     settle 16:  89 @   2689 d -> ok lintwin tank 773.9 (+18.5) miss 83 km (4.6 s)
[14:01:38] RESULT s04_c7: 16 columns; frontier 1fb 5 kg p2/2 | 2fb 43 kg p1/2 | 3fb 49 kg p2/2 | 4fb 65 kg p2/2; settles 20 (20 ok), regrids 16 (16 ok); wall 133 s of 300 (plan 70, price 1, settle 62; budget hit None, 0 unsettled)
[14:01:40]   job s04_c7 craft columns  16  levels 11  settles 20/20  end plan_done  wall 132.7 s
[14:01:46]     settle 15:  38 @   2330 d -> ok lintwin tank 767.9 (+21.5) miss 81 km (3.0 s)
[14:01:48]     settle 16:  33 @   2527 d -> ok lintwin tank 773.3 (+5.5) miss 1 km (2.1 s)
[14:01:52]     settle 16:  22 @   2505 d -> ok lintwin tank 790.6 (+22.7) miss 1 km (3.3 s)
[14:01:55]     settle 16: 164 @   2429 d -> ok lintwin tank 780.1 (+4.8) miss 71 km (2.7 s)
[14:01:59]     settle 17: 177 @   2619 d -> ok lintwin tank 804.4 (+24.3) miss 0 km (4.0 s)
[14:02:03]     settle 15: 126 @   2280 d -> ok lintwin tank 773.2 (+26.9) miss 77 km (0.7 s)
[14:02:06]     settle 16:  88 @   2509 d -> ok lintwin tank 791.3 (+18.1) miss 58 km (2.3 s)
[14:02:08]     settle 17:  69 @   2609 d -> ok lintwin tank 807.7 (+16.3) miss 67 km (2.5 s)
[14:02:11]     settle 16: 177 @   2533 d -> ok lintwin tank 795.5 (+22.3) miss 63 km (2.7 s)
[14:02:12]     settle 17: 239 @   2650 d -> ok lintwin tank 797.5 (+2.0) miss 40 km (1.1 s)
[14:02:13]   1 candidates dropped (settle failure / regrid failure / duplicate after truncation)
[14:02:13] RESULT s04_c5: 15 columns; frontier 1fb 4 kg p2/3 | 2fb 27 kg p2/3 | 3fb 51 kg p0/1; settles 22 (20 ok), regrids 15 (15 ok); wall 168 s of 300 (plan 56, price 1, settle 112; budget hit None, 0 unsettled)
[14:02:14]   job s04_c5 craft columns  15  levels 8  settles 20/22  end plan_done  wall 167.5 s
[14:02:14] [slice 4] propose: 124 columns (0 bad dropped) in 168.4 s
[14:02:14] [slice 4] auction: 124 columns, kept 122, dropped {'ramp': 2}; lam 1.00 H_eff 540 d fuel budget 482 kg quota on
[14:02:14] [slice 4] auction: status optimal objective 33.040 vars 122 rows 54 chosen 8 fuel 359/482 kg (0.019 s)
[14:02:16] [slice 4] claims: c0:3 c2:2 c5:1 c7:1  (7 targets: 0 kept, 7 new; 8 released, 0 expired (ttl 9), 3 conflicts)
[14:02:16] [slice 4 T=2160 d] launched 8/8  covered 141  remaining 157  fuel 1494 kg  sumJi 9.2178  chosen: c0:3(+73) c1:3(+32) c2:4(+29) c3:3(+56) c4:2(+4) c5:3(+58) c6:3(+41) c7:4(+65)  rejected: -  (wall 170 s)
[14:02:16] [slice 5] claims in force: c0:3 c2:2 c5:1 c7:1  (7 targets; claim_bonus 1.5, ttl 9)
[14:02:16]   c0: claims: 3 own (prized +1.5), 4 claimed by others withheld
[14:02:16]   c1: claims: 0 own (prized +1.5), 7 claimed by others withheld
[14:02:16]   c2: claims: 2 own (prized +1.5), 5 claimed by others withheld
[14:02:16]   c3: claims: 0 own (prized +1.5), 7 claimed by others withheld
[14:02:16]   c4: claims: 0 own (prized +1.5), 7 claimed by others withheld
[14:02:16]   c5: claims: 1 own (prized +1.5), 6 claimed by others withheld
[14:02:16]   c6: claims: 0 own (prized +1.5), 7 claimed by others withheld
[14:02:16]   c7: claims: 1 own (prized +1.5), 6 claimed by others withheld
[14:02:16] [slice 5 T=2700 d] propose: 8 jobs (8 craft, 0 root) on 9 workers, proposer planbeam, H_eff 540 d, lam 1.0
[14:02:16] job s05_c0 (craft, craft 0, planbeam): T 2700 d H 540 L 360; plan horizon 4320 d; remaining 153; prize >1 on 85; width 150 npt 6 mc 150 dv 1.2 drmax 0.15 plan_wall 240 s; quota {'fil': 2, 'med': 13}
[14:02:16] job s05_c5 (craft, craft 5, planbeam): T 2700 d H 540 L 360; plan horizon 4320 d; remaining 151; prize >1 on 83; width 150 npt 6 mc 150 dv 1.2 drmax 0.15 plan_wall 240 s; quota {'fil': 7, 'med': 12}
[14:02:16] job s05_c6 (craft, craft 6, planbeam): T 2700 d H 540 L 360; plan horizon 4320 d; remaining 150; prize >1 on 82; width 150 npt 6 mc 150 dv 1.2 drmax 0.15 plan_wall 240 s; quota {'fil': 6, 'med': 10}
[14:02:16] job s05_c7 (craft, craft 7, planbeam): T 2700 d H 540 L 360; plan horizon 4320 d; remaining 151; prize >1 on 83; width 150 npt 6 mc 150 dv 1.2 drmax 0.15 plan_wall 240 s; quota {'fil': 6, 'med': 12}
[14:02:16] job s05_c1 (craft, craft 1, planbeam): T 2700 d H 540 L 360; plan horizon 4320 d; remaining 150; prize >1 on 82; width 150 npt 6 mc 150 dv 1.2 drmax 0.15 plan_wall 240 s; quota {'fil': 6, 'med': 12}
[14:02:16] job s05_c3 (craft, craft 3, planbeam): T 2700 d H 540 L 360; plan horizon 4320 d; remaining 150; prize >1 on 82; width 150 npt 6 mc 150 dv 1.2 drmax 0.15 plan_wall 240 s; quota {'fil': 6, 'med': 13}
[14:02:16] job s05_c2 (craft, craft 2, planbeam): T 2700 d H 540 L 360; plan horizon 4320 d; remaining 152; prize >1 on 84; width 150 npt 6 mc 150 dv 1.2 drmax 0.15 plan_wall 240 s; quota {'fil': 4, 'med': 14}
[14:02:16] job s05_c4 (craft, craft 4, planbeam): T 2700 d H 540 L 360; plan horizon 4320 d; remaining 150; prize >1 on 82; width 150 npt 6 mc 150 dv 1.2 drmax 0.15 plan_wall 240 s; quota {'fil': 3, 'med': 13}
[14:02:16] prefix slices/s05/in/craft_5.npz: 17 flybys, t_end 2619.2 d, tank 804.3 kg (planner view), miss 55.8 km, nreg 125
[14:02:16] budget: job_wall 300 s, 300 s left before the plan -> plan cap 210 s (plan_wall 240, settle_reserve 90)
[14:02:16] prefix slices/s05/in/craft_6.npz: 18 flybys, t_end 2578.2 d, tank 811.3 kg (planner view), miss 3.5 km, nreg 122
[14:02:16] budget: job_wall 300 s, 300 s left before the plan -> plan cap 210 s (plan_wall 240, settle_reserve 90)
[14:02:16] prefix slices/s05/in/craft_7.npz: 19 flybys, t_end 2680.0 d, tank 789.1 kg (planner view), miss 1.0 km, nreg 124
[14:02:16] budget: job_wall 300 s, 300 s left before the plan -> plan cap 210 s (plan_wall 240, settle_reserve 90)
[14:02:16] prefix slices/s05/in/craft_0.npz: 19 flybys, t_end 2654.1 d, tank 838.5 kg (planner view), miss 2.3 km, nreg 135
[14:02:16] budget: job_wall 300 s, 300 s left before the plan -> plan cap 210 s (plan_wall 240, settle_reserve 90)
[14:02:16] prefix slices/s05/in/craft_2.npz: 17 flybys, t_end 2697.7 d, tank 736.4 kg (planner view), miss 1.8 km, nreg 134
[14:02:16] budget: job_wall 300 s, 300 s left before the plan -> plan cap 210 s (plan_wall 240, settle_reserve 90)
[14:02:16] prefix slices/s05/in/craft_4.npz: 17 flybys, t_end 2518.0 d, tank 700.9 kg (planner view), miss 0.4 km, nreg 122
[14:02:16] prefix slices/s05/in/craft_3.npz: 17 flybys, t_end 2672.1 d, tank 835.4 kg (planner view), miss 65.1 km, nreg 132
[14:02:16] budget: job_wall 300 s, 300 s left before the plan -> plan cap 210 s (plan_wall 240, settle_reserve 90)
[14:02:16] budget: job_wall 300 s, 300 s left before the plan -> plan cap 210 s (plan_wall 240, settle_reserve 90)
[14:02:16] prefix slices/s05/in/craft_1.npz: 17 flybys, t_end 2683.8 d, tank 778.2 kg (planner view), miss 18.5 km, nreg 137
[14:02:16] budget: job_wall 300 s, 300 s left before the plan -> plan cap 210 s (plan_wall 240, settle_reserve 90)
[14:02:30] first level (both): 0 production + 42 relaxed (dv 2.5, 0.3 AU; 0.1 s) + 44 lintwin children -> 62 unique (13.9 s)
[14:02:30] plan start: prefix 17 flybys, t_end 2619.2 d, planner mass 1196.6 kg (dv 11.396 km/s); 62 first-level states
[14:02:30] first level (both): 0 production + 39 relaxed (dv 2.5, 0.3 AU; 0.0 s) + 39 lintwin children -> 60 unique (14.0 s)
[14:02:30] plan start: prefix 17 flybys, t_end 2697.7 d, planner mass 1306.8 kg (dv 7.939 km/s); 60 first-level states
[14:02:31] first level (both): 0 production + 27 relaxed (dv 2.5, 0.3 AU; 0.0 s) + 39 lintwin children -> 50 unique (14.8 s)
[14:02:31] plan start: prefix 17 flybys, t_end 2672.1 d, planner mass 1152.0 kg (dv 12.887 km/s); 50 first-level states
[14:02:31] first level (both): 0 production + 56 relaxed (dv 2.5, 0.3 AU; 0.1 s) + 46 lintwin children -> 71 unique (14.9 s)
[14:02:31] plan start: prefix 18 flybys, t_end 2578.2 d, planner mass 1186.3 kg (dv 11.736 km/s); 71 first-level states
[14:02:31] first level (both): 0 production + 24 relaxed (dv 2.5, 0.3 AU; 0.0 s) + 48 lintwin children -> 56 unique (15.0 s)
[14:02:31] plan start: prefix 17 flybys, t_end 2518.0 d, planner mass 1373.0 kg (dv 6.001 km/s); 56 first-level states
[14:02:31] first level (both): 0 production + 24 relaxed (dv 2.5, 0.3 AU; 0.1 s) + 39 lintwin children -> 52 unique (15.2 s)
[14:02:31] plan start: prefix 19 flybys, t_end 2680.0 d, planner mass 1219.6 kg (dv 10.650 km/s); 52 first-level states
[14:02:31] first level (both): 0 production + 75 relaxed (dv 2.5, 0.3 AU; 0.1 s) + 39 lintwin children -> 76 unique (15.5 s)
[14:02:31] plan start: prefix 19 flybys, t_end 2654.1 d, planner mass 1147.8 kg (dv 13.030 km/s); 76 first-level states
[14:02:32] first level (both): 0 production + 26 relaxed (dv 2.5, 0.3 AU; 0.1 s) + 37 lintwin children -> 52 unique (16.1 s)
[14:02:32] plan start: prefix 17 flybys, t_end 2683.8 d, planner mass 1236.6 kg (dv 10.105 km/s); 52 first-level states
[14:03:01] plan: 743 states, depth 7 new flybys, end plan_done (46 s); deepest 7 new to 4287 d at planner fuel 546 kg
[14:03:01]   depth  1:   52 states (49 in H), t_end 2715-3366 d, fuel 376-448 kg
[14:03:01]   depth  2:  150 states (49 in H), t_end 2933-3956 d, fuel 391-483 kg
[14:03:01]   depth  3:  150 states (7 in H), t_end 3133-4165 d, fuel 417-515 kg
[14:03:01]   depth  4:  150 states (0 in H), t_end 3442-4317 d, fuel 427-547 kg
[14:03:01]   depth  5:  150 states (0 in H), t_end 3696-4279 d, fuel 455-560 kg
[14:03:01]   depth  6:   82 states (0 in H), t_end 3949-4316 d, fuel 489-593 kg
[14:03:01]   depth  7:    9 states (0 in H), t_end 4124-4306 d, fuel 546-614 kg
[14:03:01] candidates: 62 distinct committed target sets (n_new 1-3, potential 0-2)
[14:03:01] frontier: 16 candidates chosen (n fb / committed planner kg / continuation (lookahead) [full]; pot_mode lookahead, pot_cap None): 1fb/376kg/p2(1)[2], 1fb/378kg/p1(1)[1], 1fb/382kg/p1(1)[1], 1fb/382kg/p2(1)[2], 1fb/403kg/p3(2)[3], 1fb/419kg/p3(1)[3], 1fb/425kg/p3(2)[3], 1fb/435kg/p2(1)[2], 1fb/441kg/p2(1)[2], 1fb/448kg/p3(2)[3], 2fb/391kg/p1(1)[1], 2fb/398kg/p1(1)[1], 2fb/423kg/p2(2)[2], 3fb/439kg/p0(0)[0], 3fb/473kg/p1(1)[1], 3fb/474kg/p1(1)[1]
[14:03:01] budget: 254 s of 300 left for the settles + regrids (settle_wall 480)
[14:03:05] plan: 850 states, depth 8 new flybys, end plan_done (49 s); deepest 8 new to 4276 d at planner fuel 651 kg
[14:03:05]   depth  1:   50 states (43 in H), t_end 2852-3349 d, fuel 464-531 kg
[14:03:05]   depth  2:  150 states (14 in H), t_end 2956-3674 d, fuel 486-558 kg
[14:03:05]   depth  3:  150 states (1 in H), t_end 3177-4165 d, fuel 510-583 kg
[14:03:05]   depth  4:  150 states (0 in H), t_end 3400-4195 d, fuel 543-610 kg
[14:03:05]   depth  5:  150 states (0 in H), t_end 3488-4304 d, fuel 559-637 kg
[14:03:05]   depth  6:  131 states (0 in H), t_end 3813-4320 d, fuel 572-666 kg
[14:03:05]   depth  7:   61 states (0 in H), t_end 4050-4320 d, fuel 624-690 kg
[14:03:05]   depth  8:    8 states (0 in H), t_end 4274-4308 d, fuel 651-678 kg
[14:03:05] candidates: 38 distinct committed target sets (n_new 1-3, potential 0-3)
[14:03:05] frontier: 16 candidates chosen (n fb / committed planner kg / continuation (lookahead) [full]; pot_mode lookahead, pot_cap None): 1fb/464kg/p0(0)[0], 1fb/467kg/p1(1)[1], 1fb/476kg/p1(1)[1], 1fb/482kg/p3(2)[3], 1fb/485kg/p3(2)[3], 1fb/496kg/p2(2)[2], 1fb/497kg/p3(3)[3], 1fb/500kg/p2(2)[2], 1fb/506kg/p2(2)[2], 1fb/515kg/p3(2)[3], 1fb/521kg/p2(2)[2], 1fb/525kg/p4(3)[4], 2fb/496kg/p0(0)[0], 2fb/506kg/p2(2)[2], 2fb/550kg/p3(3)[3], 3fb/583kg/p0(0)[0]
[14:03:05] budget: 251 s of 300 left for the settles + regrids (settle_wall 480)
[14:03:07]     settle 18: 140 @   2984 d -> ok lintwin tank 782.9 (+4.7) miss 1 km (5.4 s)
[14:03:08]     settle 18:  72 @   3197 d -> ok lintwin tank 841.4 (+6.0) miss 44 km (2.8 s)
[14:03:09] plan: 937 states, depth 8 new flybys, end plan_done (53 s); deepest 8 new to 4305 d at planner fuel 428 kg
[14:03:09]   depth  1:   56 states (45 in H), t_end 2708-3393 d, fuel 252-326 kg
[14:03:09]   depth  2:  150 states (57 in H), t_end 2836-3705 d, fuel 272-359 kg
[14:03:09]   depth  3:  150 states (22 in H), t_end 3133-4102 d, fuel 286-389 kg
[14:03:09]   depth  4:  150 states (0 in H), t_end 3253-4317 d, fuel 308-425 kg
[14:03:09]   depth  5:  150 states (0 in H), t_end 3635-4320 d, fuel 328-456 kg
[14:03:09]   depth  6:  150 states (0 in H), t_end 3842-4318 d, fuel 375-472 kg
[14:03:09]   depth  7:  124 states (0 in H), t_end 3979-4320 d, fuel 395-487 kg
[14:03:09]   depth  8:    7 states (0 in H), t_end 4210-4311 d, fuel 428-501 kg
[14:03:09] candidates: 74 distinct committed target sets (n_new 1-3, potential 0-2)
[14:03:09] frontier: 16 candidates chosen (n fb / committed planner kg / continuation (lookahead) [full]; pot_mode lookahead, pot_cap None): 1fb/252kg/p2(1)[2], 1fb/254kg/p1(1)[1], 1fb/261kg/p2(2)[2], 1fb/271kg/p3(1)[3], 1fb/279kg/p2(1)[2], 1fb/280kg/p3(1)[3], 1fb/283kg/p3(2)[3], 1fb/288kg/p3(1)[3], 1fb/290kg/p3(2)[3], 1fb/294kg/p3(2)[3], 2fb/275kg/p0(0)[0], 2fb/277kg/p0(0)[0], 2fb/299kg/p2(1)[2], 3fb/305kg/p0(0)[0], 3fb/316kg/p1(1)[1], 3fb/318kg/p0(0)[0]
[14:03:09] budget: 247 s of 300 left for the settles + regrids (settle_wall 480)
[14:03:10]     settle 18: 104 @   2869 d -> ok lintwin tank 714.1 (+13.2) miss 22 km (1.0 s)
[14:03:12]     settle 18: 181 @   3204 d -> ok lintwin tank 714.7 (+13.7) miss 57 km (1.8 s)
[14:03:13]     settle 18: 107 @   3130 d -> ok lintwin tank 848.7 (+13.3) miss 63 km (3.9 s)
[14:03:13] plan: 1039 states, depth 9 new flybys, end plan_done (57 s); deepest 9 new to 4118 d at planner fuel 615 kg
[14:03:13]   depth  1:   62 states (55 in H), t_end 2719-3374 d, fuel 405-488 kg
[14:03:13]   depth  2:  150 states (82 in H), t_end 2806-3798 d, fuel 406-513 kg
[14:03:13]   depth  3:  150 states (17 in H), t_end 2964-4164 d, fuel 430-539 kg
[14:03:13]   depth  4:  150 states (1 in H), t_end 3233-4272 d, fuel 455-564 kg
[14:03:13]   depth  5:  150 states (0 in H), t_end 3433-4316 d, fuel 471-571 kg
[14:03:13]   depth  6:  150 states (0 in H), t_end 3567-4320 d, fuel 480-602 kg
[14:03:13]   depth  7:  150 states (0 in H), t_end 3812-4318 d, fuel 511-618 kg
[14:03:13]   depth  8:   62 states (0 in H), t_end 4025-4319 d, fuel 565-638 kg
[14:03:13]   depth  9:   15 states (0 in H), t_end 4100-4318 d, fuel 615-662 kg
[14:03:13] candidates: 104 distinct committed target sets (n_new 1-4, potential 0-3)
[14:03:13] frontier: 16 candidates chosen (n fb / committed planner kg / continuation (lookahead) [full]; pot_mode lookahead, pot_cap None): 1fb/405kg/p1(1)[1], 1fb/407kg/p2(0)[2], 1fb/413kg/p2(1)[2], 1fb/417kg/p5(3)[5], 1fb/417kg/p2(1)[2], 1fb/422kg/p2(0)[2], 1fb/432kg/p3(1)[3], 1fb/433kg/p2(1)[2], 1fb/457kg/p5(3)[5], 2fb/428kg/p1(1)[1], 2fb/432kg/p4(3)[4], 2fb/432kg/p1(0)[1], 3fb/444kg/p2(2)[2], 3fb/463kg/p0(0)[0], 3fb/467kg/p3(3)[3], 4fb/530kg/p1(1)[1]
[14:03:13] budget: 242 s of 300 left for the settles + regrids (settle_wall 480)
[14:03:13]     settle 18: 167 @   3182 d -> ok lintwin tank 798.5 (+20.3) miss 1 km (5.9 s)
[14:03:13] plan: 1007 states, depth 9 new flybys, end plan_done (58 s); deepest 9 new to 4094 d at planner fuel 670 kg
[14:03:13]   depth  1:   76 states (64 in H), t_end 2764-3346 d, fuel 456-535 kg
[14:03:13]   depth  2:  150 states (47 in H), t_end 2849-3728 d, fuel 470-561 kg
[14:03:13]   depth  3:  150 states (7 in H), t_end 3223-4107 d, fuel 485-594 kg
[14:03:13]   depth  4:  150 states (0 in H), t_end 3276-4292 d, fuel 505-601 kg
[14:03:13]   depth  5:  150 states (0 in H), t_end 3364-4317 d, fuel 521-629 kg
[14:03:13]   depth  6:  150 states (0 in H), t_end 3512-4315 d, fuel 541-656 kg
[14:03:13]   depth  7:  126 states (0 in H), t_end 3673-4317 d, fuel 575-681 kg
[14:03:13]   depth  8:   35 states (0 in H), t_end 3853-4306 d, fuel 579-699 kg
[14:03:13]   depth  9:   20 states (0 in H), t_end 4094-4318 d, fuel 670-701 kg
[14:03:13] candidates: 62 distinct committed target sets (n_new 1-3, potential 0-4)
[14:03:13] frontier: 16 candidates chosen (n fb / committed planner kg / continuation (lookahead) [full]; pot_mode lookahead, pot_cap None): 1fb/459kg/p2(2)[2], 1fb/460kg/p1(1)[1], 1fb/461kg/p3(3)[3], 1fb/473kg/p2(2)[2], 1fb/501kg/p2(2)[2], 1fb/507kg/p5(4)[5], 1fb/507kg/p2(1)[2], 1fb/508kg/p3(2)[3], 1fb/510kg/p2(2)[2], 1fb/520kg/p3(1)[3], 2fb/474kg/p1(1)[1], 2fb/486kg/p0(0)[0], 2fb/520kg/p4(3)[4], 3fb/532kg/p3(3)[3], 3fb/556kg/p1(1)[1], 3fb/565kg/p1(1)[1]
[14:03:13] budget: 242 s of 300 left for the settles + regrids (settle_wall 480)
[14:03:14]     settle 18: 232 @   3220 d -> ok lintwin tank 805.9 (+1.6) miss 55 km (0.3 s)
[14:03:14]     settle 18:  28 @   3176 d -> ok lintwin tank 718.0 (+17.1) miss 42 km (1.4 s)
[14:03:15] plan: 1069 states, depth 9 new flybys, end plan_done (59 s); deepest 9 new to 4279 d at planner fuel 616 kg
[14:03:15]   depth  1:   52 states (44 in H), t_end 2748-3370 d, fuel 386-465 kg
[14:03:15]   depth  2:  150 states (42 in H), t_end 2916-3889 d, fuel 403-497 kg
[14:03:15]   depth  3:  150 states (13 in H), t_end 3130-4067 d, fuel 424-531 kg
[14:03:15]   depth  4:  150 states (2 in H), t_end 3209-4310 d, fuel 439-554 kg
[14:03:15]   depth  5:  150 states (0 in H), t_end 3309-4295 d, fuel 473-580 kg
[14:03:15]   depth  6:  150 states (0 in H), t_end 3670-4275 d, fuel 497-613 kg
[14:03:15]   depth  7:  150 states (0 in H), t_end 3783-4303 d, fuel 517-642 kg
[14:03:15]   depth  8:  104 states (0 in H), t_end 3969-4308 d, fuel 554-671 kg
[14:03:15]   depth  9:   13 states (0 in H), t_end 4058-4318 d, fuel 616-664 kg
[14:03:15] candidates: 71 distinct committed target sets (n_new 1-4, potential 0-3)
[14:03:15] frontier: 16 candidates chosen (n fb / committed planner kg / continuation (lookahead) [full]; pot_mode lookahead, pot_cap None): 1fb/386kg/p3(2)[3], 1fb/387kg/p1(1)[1], 1fb/405kg/p3(3)[3], 1fb/437kg/p3(2)[3], 1fb/449kg/p4(1)[4], 1fb/458kg/p3(1)[3], 1fb/459kg/p3(2)[3], 1fb/464kg/p3(2)[3], 2fb/414kg/p2(1)[2], 2fb/415kg/p2(2)[2], 2fb/479kg/p3(1)[3], 3fb/424kg/p1(1)[1], 3fb/488kg/p0(0)[0], 3fb/499kg/p2(1)[2], 4fb/514kg/p1(1)[1], 4fb/530kg/p1(1)[1]
[14:03:15] budget: 241 s of 300 left for the settles + regrids (settle_wall 480)
[14:03:15]     settle 18: 288 @   2753 d -> ok lintwin tank 721.7 (+20.8) miss 17 km (1.1 s)
[14:03:16] plan: 1130 states, depth 10 new flybys, end plan_done (60 s); deepest 10 new to 4319 d at planner fuel 528 kg
[14:03:16]   depth  1:   60 states (51 in H), t_end 2834-3403 d, fuel 301-386 kg
[14:03:16]   depth  2:  150 states (63 in H), t_end 3020-3748 d, fuel 316-423 kg
[14:03:16]   depth  3:  150 states (8 in H), t_end 3150-4030 d, fuel 332-443 kg
[14:03:16]   depth  4:  150 states (0 in H), t_end 3330-4149 d, fuel 353-472 kg
[14:03:16]   depth  5:  150 states (0 in H), t_end 3453-4274 d, fuel 365-455 kg
[14:03:16]   depth  6:  150 states (0 in H), t_end 3778-4287 d, fuel 402-487 kg
[14:03:16]   depth  7:  150 states (0 in H), t_end 3855-4317 d, fuel 415-518 kg
[14:03:16]   depth  8:  119 states (0 in H), t_end 3930-4319 d, fuel 432-543 kg
[14:03:16]   depth  9:   44 states (0 in H), t_end 4066-4318 d, fuel 483-562 kg
[14:03:16]   depth 10:    7 states (0 in H), t_end 4220-4319 d, fuel 528-568 kg
[14:03:16] candidates: 57 distinct committed target sets (n_new 1-3, potential 0-2)
[14:03:16] frontier: 16 candidates chosen (n fb / committed planner kg / continuation (lookahead) [full]; pot_mode lookahead, pot_cap None): 1fb/306kg/p4(2)[4], 1fb/307kg/p1(1)[1], 1fb/308kg/p1(1)[1], 1fb/310kg/p1(0)[1], 1fb/327kg/p1(0)[1], 1fb/328kg/p1(1)[1], 1fb/335kg/p2(1)[2], 1fb/351kg/p1(0)[1], 1fb/356kg/p1(0)[1], 2fb/328kg/p1(1)[1], 2fb/329kg/p0(0)[0], 2fb/338kg/p1(1)[1], 2fb/344kg/p3(2)[3], 3fb/349kg/p1(1)[1], 3fb/352kg/p0(0)[0], 3fb/359kg/p2(2)[2]
[14:03:16] budget: 240 s of 300 left for the settles + regrids (settle_wall 480)
[14:03:16]     settle 18:  53 @   2850 d -> ok lintwin tank 744.1 (+7.7) miss 5 km (0.4 s)
[14:03:16]     settle 20: 165 @   2911 d -> ok lintwin tank 792.4 (+3.2) miss 72 km (1.7 s)
[14:03:17]     settle 18: 231 @   3209 d -> ok lintwin tank 877.7 (+42.3) miss 49 km (3.5 s)
[14:03:17] plan: 1117 states, depth 10 new flybys, end plan_done (61 s); deepest 10 new to 4223 d at planner fuel 660 kg
[14:03:17]   depth  1:   71 states (64 in H), t_end 2720-3318 d, fuel 425-500 kg
[14:03:17]   depth  2:  150 states (81 in H), t_end 2777-3858 d, fuel 436-532 kg
[14:03:17]   depth  3:  150 states (22 in H), t_end 2965-4037 d, fuel 460-565 kg
[14:03:17]   depth  4:  150 states (0 in H), t_end 3270-4173 d, fuel 494-586 kg
[14:03:17]   depth  5:  150 states (0 in H), t_end 3421-4317 d, fuel 523-604 kg
[14:03:17]   depth  6:  150 states (0 in H), t_end 3630-4316 d, fuel 544-636 kg
[14:03:17]   depth  7:  150 states (0 in H), t_end 3719-4307 d, fuel 567-666 kg
[14:03:17]   depth  8:  106 states (0 in H), t_end 3837-4317 d, fuel 588-694 kg
[14:03:17]   depth  9:   37 states (0 in H), t_end 4040-4317 d, fuel 617-690 kg
[14:03:17]   depth 10:    3 states (0 in H), t_end 4223-4285 d, fuel 660-690 kg
[14:03:17] candidates: 94 distinct committed target sets (n_new 1-3, potential 0-3)
[14:03:17] frontier: 16 candidates chosen (n fb / committed planner kg / continuation (lookahead) [full]; pot_mode lookahead, pot_cap None): 1fb/429kg/p1(1)[1], 1fb/433kg/p1(0)[1], 1fb/449kg/p3(2)[3], 1fb/455kg/p4(3)[4], 1fb/455kg/p3(1)[3], 1fb/470kg/p3(1)[3], 1fb/473kg/p4(2)[4], 1fb/482kg/p3(2)[3], 1fb/485kg/p4(2)[4], 1fb/490kg/p3(1)[3], 2fb/444kg/p0(0)[0], 2fb/455kg/p0(0)[0], 2fb/464kg/p3(3)[3], 3fb/497kg/p0(0)[0], 3fb/498kg/p0(0)[0], 3fb/517kg/p2(2)[2]
[14:03:17] budget: 239 s of 300 left for the settles + regrids (settle_wall 480)
[14:03:17]     settle 19: 240 @   3219 d -> ok lintwin tank 820.9 (+9.6) miss 36 km (0.4 s)
[14:03:17]     settle 18: 171 @   2837 d -> ok lintwin tank 806.0 (+1.8) miss 64 km (3.4 s)
[14:03:18]     settle 20: 180 @   3028 d -> ok lintwin tank 839.3 (+0.8) miss 1 km (4.0 s)
[14:03:18]     settle 18: 181 @   3198 d -> ok lintwin tank 741.1 (+4.7) miss 5 km (1.2 s)
[14:03:19]     settle 18: 107 @   3175 d -> ok lintwin tank 787.8 (+9.6) miss 73 km (4.9 s)
[14:03:19]     settle 20: 183 @   3235 d -> ok lintwin tank 790.2 (+1.1) miss 72 km (1.9 s)
[14:03:20]     settle 18:  28 @   3184 d -> ok lintwin tank 744.0 (+7.6) miss 0 km (1.4 s)
[14:03:20]     settle 18: 152 @   2926 d -> ok lintwin tank 852.4 (+17.0) miss 61 km (2.7 s)
[14:03:20]     settle 19: 198 @   2731 d -> ok lintwin tank 820.9 (+9.6) miss 52 km (2.4 s)
[14:03:20]     settle 18:  79 @   2861 d -> ok lintwin tank 788.1 (+87.2) miss 66 km (4.6 s)
[14:03:21]     settle 18: 278 @   2834 d -> ok lintwin tank 745.9 (+9.5) miss 5 km (0.7 s)
[14:03:21]     settle 20: 220 @   3228 d -> ok lintwin tank 843.3 (+4.9) miss 21 km (3.0 s)
[14:03:22]     settle 20: 180 @   3032 d -> ok lintwin tank 803.5 (+14.3) miss 77 km (3.1 s)
[14:03:22]     settle 18: 255 @   2762 d -> ok lintwin tank 811.0 (+6.8) miss 51 km (4.4 s)
[14:03:23]     settle 18:  42 @   2866 d -> ok lintwin tank 719.1 (+18.1) miss 33 km (2.1 s)
[14:03:23]     settle 19: 299 @   2930 d -> ok lintwin tank 827.9 (+16.6) miss 64 km (2.7 s)
[14:03:24]     settle 18:  98 @   2862 d -> ok lintwin tank 763.6 (+27.2) miss 99 km (2.3 s)
[14:03:25]     settle 20:  42 @   2869 d -> ok lintwin tank 842.8 (+53.7) miss 56 km (2.0 s)
[14:03:25]     settle 18:  36 @   3024 d -> ok lintwin tank 900.8 (+65.4) miss 68 km (4.8 s)
[14:03:25]     settle 18: 248 @   3077 d -> ok lintwin tank 757.7 (+21.3) miss 68 km (1.1 s)
[14:03:26]     settle 18: 180 @   3028 d -> ok lintwin tank 713.2 (+12.2) miss 24 km (1.9 s)
[14:03:26]     settle 18:  75 @   3074 d -> ok lintwin tank 789.9 (+11.6) miss 98 km (6.8 s)
[14:03:26]     settle 20: 158 @   3012 d -> ok lintwin tank 843.4 (+5.0) miss 1 km (4.6 s)
[14:03:28]     settle 18: 160 @   2817 d -> ok lintwin tank 730.6 (+29.7) miss 19 km (1.6 s)
[14:03:28]     settle 18:  80 @   3019 d -> ok lintwin tank 754.5 (+18.1) miss 64 km (2.7 s)
[14:03:29]     settle 18: 233 @   2732 d -> ok lintwin tank 735.2 (+34.2) miss 47 km (0.9 s)
[14:03:29]     settle 20:   6 @   2748 d -> ok lintwin tank 835.0 (+45.8) miss 65 km (2.3 s)
[14:03:29]     settle 18: 113 @   2985 d -> ok lintwin tank 865.9 (+30.5) miss 80 km (3.8 s)
[14:03:30]     settle 19: 256 @   3088 d -> ok lintwin tank 881.2 (+69.9) miss 1 km (6.1 s)
[14:03:30]     settle 20: 163 @   2959 d -> ok lintwin tank 853.8 (+15.3) miss 78 km (3.4 s)
[14:03:32]     settle 18: 203 @   2914 d -> ok lintwin tank 862.4 (+84.2) miss 66 km (4.9 s)
[14:03:32]     settle 18: 183 @   2848 d -> ok lintwin tank 795.8 (+59.4) miss 70 km (3.3 s)
[14:03:33]     settle 18: 223 @   2838 d -> ok lintwin tank 808.0 (+3.7) miss 1 km (4.4 s)
[14:03:34]     settle 18: 188 @   2955 d -> ok lintwin tank 868.5 (+33.0) miss 54 km (4.0 s)
[14:03:34]     settle 19: 183 @   2836 d -> ok lintwin tank 830.2 (+18.9) miss 54 km (3.8 s)
[14:03:34]     settle 20:  24 @   2922 d -> ok lintwin tank 876.6 (+87.5) miss 53 km (4.7 s)
[14:03:34]     settle 18:  20 @   3033 d -> ok lintwin tank 716.4 (+15.4) miss 16 km (4.9 s)
[14:03:35]     settle 18:  86 @   3073 d -> ok lam tank 775.7 (+39.3) miss 3 km (2.7 s)
[14:03:36]     settle 20: 259 @   3234 d -> ok lintwin tank 849.7 (+11.2) miss 3 km (5.1 s)
[14:03:36]     settle 19:  99 @   3223 d -> ok lintwin tank 723.3 (+1.6) miss 35 km (1.0 s)
[14:03:36]     settle 19: 267 @   3045 d -> ok lintwin tank 849.5 (+38.3) miss 96 km (1.7 s)
[14:03:37]     settle 20: 178 @   2795 d -> ok lintwin tank 820.8 (+31.7) miss 73 km (2.0 s)
[14:03:37]     settle 20:  21 @   2773 d -> ok lintwin tank 860.2 (+21.7) miss 63 km (0.8 s)
[14:03:37]     settle 19: 209 @   3239 d -> ok lintwin tank 724.8 (+10.7) miss 20 km (0.9 s)
[14:03:38]     settle 18:   6 @   2733 d -> ok lintwin tank 812.6 (+34.3) miss 53 km (5.5 s)
[14:03:39]     settle 19: 181 @   3203 d -> ok lintwin tank 753.3 (+9.2) miss 63 km (2.7 s)
[14:03:39]     settle 19:  20 @   3017 d -> ok lintwin tank 729.9 (+8.2) miss 65 km (1.0 s)
[14:03:39]     settle 18: 183 @   2841 d -> ok lintwin tank 814.0 (+9.8) miss 1 km (0.4 s)
[14:03:39]     settle 19: 227 @   3090 d -> ok lintwin tank 751.9 (+7.8) miss 0 km (0.4 s)
[14:03:40]     settle 19:  20 @   3020 d -> ok lintwin tank 716.7 (+2.5) miss 9 km (0.5 s)
[14:03:40]     settle 18: 140 @   3136 d -> ok lintwin tank 921.3 (+85.9) miss 5 km (5.6 s)
[14:03:40]     settle 19: 255 @   3140 d -> ok lintwin tank 754.3 (+10.2) miss 28 km (0.3 s)
[14:03:41]     settle 20: 209 @   3236 d -> ok lintwin tank 728.6 (+11.9) miss 54 km (0.8 s)
[14:03:41]     settle 19:   6 @   2843 d -> ok lintwin tank 841.0 (+29.8) miss 65 km (3.8 s)
[14:03:41]     settle 20:  20 @   2955 d -> ok lintwin tank 821.2 (+32.0) miss 70 km (4.0 s)
[14:03:41]     settle 19:  80 @   3020 d -> ok lintwin tank 762.4 (+18.3) miss 67 km (0.7 s)
[14:03:42]     settle 20:  20 @   2969 d -> ok lintwin tank 852.3 (+13.8) miss 69 km (4.2 s)
[14:03:42]     settle 18: 268 @   3080 d -> ok lintwin tank 876.3 (+40.8) miss 66 km (1.5 s)
[14:03:43]     settle 20: 240 @   3214 d -> ok lintwin tank 763.6 (+1.2) miss 83 km (1.0 s)
[14:03:43]     settle 20: 259 @   3207 d -> ok lintwin tank 731.3 (+1.4) miss 60 km (1.9 s)
[14:03:43]     settle 18: 172 @   2804 d -> ok lintwin tank 819.5 (+15.2) miss 0 km (3.6 s)
[14:03:44]     settle 21: 255 @   3169 d -> ok lintwin tank 807.1 (+14.7) miss 74 km (2.2 s)
[14:03:44]     settle 20: 155 @   3176 d -> ok lintwin tank 766.6 (+4.2) miss 23 km (0.4 s)
[14:03:45]     settle 20: 104 @   2864 d -> ok lintwin tank 848.6 (+10.1) miss 63 km (2.2 s)
[14:03:45]     settle 20: 120 @   3151 d -> ok lintwin tank 767.2 (+4.8) miss 14 km (0.5 s)
[14:03:46] RESULT s05_c2: 16 columns; frontier 1fb 4 kg p1/2 | 2fb 15 kg p0/2 | 3fb 27 kg p1/2; settles 16 (16 ok), regrids 16 (16 ok); wall 90 s of 300 (plan 60, price 1, settle 30; budget hit None, 0 unsettled)
[14:03:46]     settle 18: 288 @   2715 d -> FAIL [('lam', 6019779.1)] (7.5 s)
[14:03:46]   job s05_c2 craft columns  16  levels 10  settles 16/16  end plan_done  wall 89.8 s
[14:03:46]     settle 18:  75 @   3032 d -> ok lintwin tank 947.3 (+111.8) miss 71 km (3.2 s)
[14:03:47]     settle 21: 183 @   3231 d -> ok lintwin tank 797.0 (+4.7) miss 70 km (2.2 s)
[14:03:47]     settle 20: 116 @   2854 d -> ok lintwin tank 884.0 (+45.5) miss 87 km (1.3 s)
[14:03:48]     settle 20: 220 @   3220 d -> ok lintwin tank 732.7 (+16.0) miss 65 km (4.5 s)
[14:03:48]     settle 21: 165 @   2916 d -> ok lintwin tank 844.7 (+9.8) miss 62 km (1.5 s)
[14:03:49] RESULT s05_c4: 16 columns; frontier 1fb 12 kg p2/2 | 2fb 22 kg p0/1 | 3fb 28 kg p0/1; settles 17 (17 ok), regrids 16 (16 ok); wall 93 s of 300 (plan 53, price 1, settle 40; budget hit None, 0 unsettled)
[14:03:49]     settle 18:   3 @   3079 d -> ok lintwin tank 887.6 (+52.1) miss 49 km (2.7 s)
[14:03:49]     settle 18:  51 @   2806 d -> ok lintwin tank 824.9 (+20.6) miss 0 km (3.7 s)
[14:03:50]   job s05_c4 craft columns  16  levels 8  settles 17/17  end plan_done  wall 92.8 s
[14:03:51]     settle 20:  42 @   2879 d -> ok lintwin tank 853.5 (+15.0) miss 85 km (3.4 s)
[14:03:51]     settle 22: 183 @   3236 d -> ok lintwin tank 807.8 (+0.7) miss 78 km (2.2 s)
[14:03:51]     settle 18:  13 @   2944 d -> ok lintwin tank 811.5 (+33.2) miss 0 km (5.7 s)
[14:03:53]     settle 18: 203 @   2852 d -> ok lintwin tank 900.4 (+65.0) miss 91 km (3.3 s)
[14:03:53]     settle 21: 220 @   3226 d -> ok lintwin tank 844.8 (+5.5) miss 68 km (1.7 s)
[14:03:54]     settle 18: 215 @   2722 d -> ok lintwin tank 805.1 (+0.9) miss 87 km (4.0 s)
[14:03:54]   drift: leg 215@2722 d settled outside (T, T+H] -> column cut at 0
[14:03:55]     settle 21:  20 @   2999 d -> ok lintwin tank 872.5 (+29.7) miss 68 km (3.7 s)
[14:03:57]     settle 20: 104 @   2857 d -> ok lintwin tank 848.5 (+10.0) miss 12 km (3.3 s)
[14:03:57]     settle 18: 283 @   3045 d -> ok lintwin tank 846.4 (+11.0) miss 63 km (3.6 s)
[14:03:58]     settle 18: 193 @   2937 d -> ok lintwin tank 826.9 (+48.6) miss 84 km (5.6 s)
[14:03:58]     settle 22: 181 @   3214 d -> ok lintwin tank 882.1 (+9.5) miss 62 km (3.1 s)
[14:03:59]     settle 21: 220 @   3225 d -> ok lintwin tank 859.6 (+11.1) miss 57 km (2.2 s)
[14:03:59]     settle 18:  87 @   2719 d -> ok lintwin tank 851.9 (+47.7) miss 0 km (5.0 s)
[14:03:59]   drift: leg 87@2719 d settled outside (T, T+H] -> column cut at 0
[14:04:00]     settle 19: 107 @   3143 d -> ok lintwin tank 856.3 (+9.9) miss 73 km (2.7 s)
[14:04:01]     settle 22: 255 @   3159 d -> ok lintwin tank 853.6 (+8.9) miss 51 km (2.5 s)
[14:04:02]     settle 19: 134 @   2841 d -> FAIL [('lam', 19569493.4)] (20.9 s)
[14:04:03]     settle 18:  20 @   2918 d -> ok lintwin tank 819.7 (+41.4) miss 56 km (4.4 s)
[14:04:04]     settle 21: 158 @   3015 d -> ok lintwin tank 862.7 (+2.5) miss 31 km (3.9 s)
[14:04:04]     settle 19: 232 @   3222 d -> ok lintwin tank 811.4 (+0.3) miss 0 km (5.0 s)
[14:04:05]     settle 19:  32 @   2720 d -> ok lintwin tank 852.4 (+41.1) miss 55 km (2.7 s)
[14:04:05]     settle 22: 198 @   3153 d -> ok lintwin tank 867.0 (+22.3) miss 65 km (3.3 s)
[14:04:06]     settle 19: 167 @   3179 d -> ok lintwin tank 1046.7 (+145.9) miss 2 km (6.0 s)
[14:04:07]     settle 23: 157 @   3238 d -> ok lintwin tank 864.7 (+-2.2) miss 57 km (1.6 s)
[14:04:07]     settle 22: 259 @   3230 d -> ok lintwin tank 864.6 (+1.9) miss 73 km (2.9 s)
[14:04:08]     settle 19: 118 @   3222 d -> ok lintwin tank 797.2 (+14.3) miss 2 km (4.8 s)
[14:04:08]     settle 21: 158 @   3013 d -> ok lintwin tank 868.9 (+15.4) miss 47 km (0.4 s)
[14:04:09]     settle 23: 136 @   3209 d -> ok lintwin tank 863.9 (+10.3) miss 64 km (1.4 s)
[14:04:10] RESULT s05_c7: 16 columns; frontier 1fb 1 kg p1/3 | 2fb 8 kg p2/2 | 3fb 18 kg p1/1 | 4fb 75 kg p1/1; settles 18 (18 ok), regrids 16 (16 ok); wall 114 s of 300 (plan 59, price 1, settle 55; budget hit None, 0 unsettled)
[14:04:10]     settle 22: 259 @   3223 d -> ok lintwin tank 886.5 (+17.6) miss 57 km (1.4 s)
[14:04:10]     settle 19: 171 @   2825 d -> ok lintwin tank 840.8 (+29.5) miss 82 km (4.5 s)
[14:04:10]   job s05_c7 craft columns  16  levels 9  settles 18/18  end plan_done  wall 113.8 s
[14:04:10]     settle 19: 188 @   2956 d -> ok lam tank 903.0 (+2.6) miss 69 km (3.2 s)
[14:04:12]     settle 19: 241 @   2761 d -> ok lintwin tank 824.0 (+12.7) miss 80 km (1.9 s)
[14:04:13]     settle 20: 183 @   3221 d -> ok lintwin tank 825.5 (+1.5) miss 53 km (0.4 s)
[14:04:13]     settle 19: 260 @   3027 d -> ok lam tank 915.6 (+15.2) miss 10 km (2.2 s)
[14:04:14]     settle 19:  25 @   3107 d -> ok lintwin tank 823.4 (+12.1) miss 23 km (0.7 s)
[14:04:14]     settle 22: 220 @   3227 d -> ok lintwin tank 893.4 (+24.5) miss 1 km (4.4 s)
[14:04:15] RESULT s05_c0: 16 columns; frontier 1fb 1 kg p2/4 | 2fb 6 kg p1/3 | 3fb 26 kg p3/3; settles 18 (18 ok), regrids 16 (16 ok); wall 119 s of 300 (plan 58, price 1, settle 61; budget hit None, 0 unsettled)
[14:04:15]     settle 19:   3 @   3071 d -> ok lintwin tank 815.9 (+7.9) miss 14 km (4.1 s)
[14:04:16]   job s05_c0 craft columns  16  levels 9  settles 18/18  end plan_done  wall 119.2 s
[14:04:16]     settle 20: 240 @   3219 d -> ok lintwin tank 825.8 (+2.5) miss 5 km (2.6 s)
[14:04:16]     settle 20: 167 @   3177 d -> ok lintwin tank 932.4 (+16.7) miss 81 km (3.5 s)
[14:04:18] RESULT s05_c3: 16 columns; frontier 1fb 5 kg p0/3 | 2fb 21 kg p0/3 | 3fb 96 kg p0/0; settles 18 (18 ok), regrids 16 (16 ok); wall 122 s of 300 (plan 49, price 1, settle 73; budget hit None, 0 unsettled)
[14:04:18]     settle 19: 107 @   3186 d -> ok lintwin tank 846.5 (+56.7) miss 67 km (5.6 s)
[14:04:18]   job s05_c3 craft columns  16  levels 8  settles 18/18  end plan_done  wall 122.0 s
[14:04:21]     settle 19:   3 @   3072 d -> ok lintwin tank 818.9 (+12.9) miss 2 km (5.0 s)
[14:04:22]     settle 20:  28 @   3136 d -> ok lintwin tank 960.6 (+79.4) miss 1 km (5.5 s)
[14:04:23]     settle 19: 167 @   3176 d -> ok lintwin tank 956.6 (+94.2) miss 76 km (5.1 s)
[14:04:24]     settle 19: 215 @   2722 d -> ok lintwin tank 822.2 (+11.0) miss 58 km (1.7 s)
[14:04:24]   drift: leg 215@2722 d settled outside (T, T+H] -> column cut at 0
[14:04:27]     settle 20: 136 @   2777 d -> ok lintwin tank 905.1 (+52.7) miss 57 km (2.4 s)
[14:04:29]     settle 18: 288 @   2921 d -> ok lintwin tank 823.3 (+45.0) miss 64 km (4.6 s)
[14:04:30]     settle 21:  75 @   3067 d -> ok lintwin tank 919.3 (+14.2) miss 65 km (2.8 s)
[14:04:30]     settle 20:  72 @   3200 d -> ok lintwin tank 818.1 (+2.2) miss 65 km (2.9 s)
[14:04:30]   3 candidates dropped (settle failure / regrid failure / duplicate after truncation)
[14:04:30] RESULT s05_c6: 13 columns; frontier 1fb 10 kg p0/3 | 2fb 14 kg p0/3 | 3fb 108 kg p2/2; settles 19 (17 ok), regrids 13 (13 ok); wall 134 s of 300 (plan 61, price 1, settle 73; budget hit None, 0 unsettled)
[14:04:32]   job s05_c6 craft columns  13  levels 10  settles 17/19  end plan_done  wall 134.4 s
[14:04:34]     settle 18: 278 @   2837 d -> ok lintwin tank 818.1 (+13.8) miss 3 km (3.7 s)
[14:04:35]     settle 19: 268 @   3126 d -> ok lintwin tank 878.1 (+54.8) miss 3 km (5.9 s)
[14:04:35]   drift: leg 268@3126 d settled outside (T, T+H] -> column cut at 1
[14:04:38]     settle 19: 267 @   3041 d -> ok lintwin tank 826.6 (+8.5) miss 17 km (3.9 s)
[14:04:39]     settle 19: 193 @   2933 d -> ok lintwin tank 835.3 (+22.7) miss 1 km (4.1 s)
[14:04:41]     settle 20: 120 @   3144 d -> ok lintwin tank 830.4 (+3.8) miss 81 km (2.8 s)
[14:04:42]     settle 20: 167 @   3181 d -> ok lintwin tank 849.0 (+13.7) miss 64 km (2.7 s)
[14:04:45]     settle 20:  16 @   3238 d -> ok lintwin tank 830.7 (+14.8) miss 56 km (3.3 s)
[14:04:45]   3 candidates dropped (settle failure / regrid failure / duplicate after truncation)
[14:04:45] RESULT s05_c5: 13 columns; frontier 1fb 1 kg p1/3 | 2fb 7 kg p1/3 | 3fb 14 kg p2/3; settles 17 (17 ok), regrids 13 (13 ok); wall 149 s of 300 (plan 57, price 1, settle 92; budget hit None, 0 unsettled)
[14:04:46]   job s05_c5 craft columns  13  levels 9  settles 17/17  end plan_done  wall 149.3 s
[14:04:47]     settle 20:  75 @   3142 d -> ok lintwin tank 857.8 (+22.5) miss 2 km (4.7 s)
[14:04:50]   1 candidates dropped (settle failure / regrid failure / duplicate after truncation)
[14:04:50] RESULT s05_c1: 15 columns; frontier 1fb 5 kg p1/2 | 2fb 15 kg p1/2 | 3fb 71 kg p1/1; settles 18 (17 ok), regrids 15 (15 ok); wall 154 s of 300 (plan 46, price 1, settle 108; budget hit None, 0 unsettled)
[14:04:50]   job s05_c1 craft columns  15  levels 7  settles 17/18  end plan_done  wall 153.9 s
[14:04:50] [slice 5] propose: 121 columns (0 bad dropped) in 154.4 s
[14:04:50] [slice 5] auction: 121 columns, kept 118, dropped {'ramp': 3}; lam 1.00 H_eff 540 d fuel budget 482 kg quota on
[14:04:50] [slice 5] auction: status optimal objective 32.552 vars 118 rows 46 chosen 8 fuel 405/482 kg (0.017 s)
[14:04:52] [slice 5] claims: c0:3 c1:1 c2:2 c5:3 c6:2 c7:1  (12 targets: 0 kept, 12 new; 7 released, 0 expired (ttl 9), 0 conflicts)
[14:04:52] [slice 5 T=2700 d] launched 8/8  covered 165  remaining 133  fuel 1899 kg  sumJi 9.6042  chosen: c0:3(+26) c1:2(+15) c2:3(+31) c3:3(+96) c4:3(+27) c5:3(+26) c6:3(+108) c7:4(+75)  rejected: -  (wall 156 s)
[14:04:52] [slice 6] claims in force: c0:3 c1:1 c2:2 c5:3 c6:2 c7:1  (12 targets; claim_bonus 1.5, ttl 9)
[14:04:52]   c0: claims: 3 own (prized +1.5), 9 claimed by others withheld
[14:04:52]   c1: claims: 1 own (prized +1.5), 11 claimed by others withheld
[14:04:52]   c2: claims: 2 own (prized +1.5), 10 claimed by others withheld
[14:04:52]   c3: claims: 0 own (prized +1.5), 12 claimed by others withheld
[14:04:52]   c4: claims: 0 own (prized +1.5), 12 claimed by others withheld
[14:04:52]   c5: claims: 3 own (prized +1.5), 9 claimed by others withheld
[14:04:52]   c6: claims: 2 own (prized +1.5), 10 claimed by others withheld
[14:04:52]   c7: claims: 1 own (prized +1.5), 11 claimed by others withheld
[14:04:52] [slice 6 T=3240 d] propose: 8 jobs (8 craft, 0 root) on 9 workers, proposer planbeam, H_eff 540 d, lam 1.0
[14:04:52] job s06_c1 (craft, craft 1, planbeam): T 3240 d H 540 L 360; plan horizon 4860 d; remaining 122; prize >1 on 93; width 150 npt 6 mc 150 dv 1.2 drmax 0.15 plan_wall 240 s; quota {'fil': 6, 'med': 12}
[14:04:52] job s06_c2 (craft, craft 2, planbeam): T 3240 d H 540 L 360; plan horizon 4860 d; remaining 123; prize >1 on 94; width 150 npt 6 mc 150 dv 1.2 drmax 0.15 plan_wall 240 s; quota {'fil': 4, 'med': 12}
[14:04:52] job s06_c0 (craft, craft 0, planbeam): T 3240 d H 540 L 360; plan horizon 4860 d; remaining 124; prize >1 on 95; width 150 npt 6 mc 150 dv 1.2 drmax 0.15 plan_wall 240 s; quota {'fil': 2, 'med': 12}
[14:04:52] job s06_c3 (craft, craft 3, planbeam): T 3240 d H 540 L 360; plan horizon 4860 d; remaining 121; prize >1 on 92; width 150 npt 6 mc 150 dv 1.2 drmax 0.15 plan_wall 240 s; quota {'fil': 5, 'med': 12}
[14:04:52] job s06_c4 (craft, craft 4, planbeam): T 3240 d H 540 L 360; plan horizon 4860 d; remaining 121; prize >1 on 92; width 150 npt 6 mc 150 dv 1.2 drmax 0.15 plan_wall 240 s; quota {'fil': 3, 'med': 10}
[14:04:52] job s06_c5 (craft, craft 5, planbeam): T 3240 d H 540 L 360; plan horizon 4860 d; remaining 124; prize >1 on 95; width 150 npt 6 mc 150 dv 1.2 drmax 0.15 plan_wall 240 s; quota {'fil': 7, 'med': 11}
[14:04:52] job s06_c6 (craft, craft 6, planbeam): T 3240 d H 540 L 360; plan horizon 4860 d; remaining 123; prize >1 on 94; width 150 npt 6 mc 150 dv 1.2 drmax 0.15 plan_wall 240 s; quota {'fil': 5, 'med': 9}
[14:04:52] job s06_c7 (craft, craft 7, planbeam): T 3240 d H 540 L 360; plan horizon 4860 d; remaining 122; prize >1 on 93; width 150 npt 6 mc 150 dv 1.2 drmax 0.15 plan_wall 240 s; quota {'fil': 4, 'med': 11}
[14:04:52] prefix slices/s06/in/craft_2.npz: 20 flybys, t_end 3150.1 d, tank 767.1 kg (planner view), miss 3.1 km, nreg 157
[14:04:52] budget: job_wall 300 s, 300 s left before the plan -> plan cap 210 s (plan_wall 240, settle_reserve 90)
[14:04:52] prefix slices/s06/in/craft_6.npz: 21 flybys, t_end 3086.2 d, tank 919.0 kg (planner view), miss 3.0 km, nreg 147
[14:04:52] budget: job_wall 300 s, 300 s left before the plan -> plan cap 210 s (plan_wall 240, settle_reserve 90)
[14:04:52] prefix slices/s06/in/craft_5.npz: 20 flybys, t_end 3237.3 d, tank 830.4 kg (planner view), miss 93.2 km, nreg 156
[14:04:52] prefix slices/s06/in/craft_3.npz: 20 flybys, t_end 3176.6 d, tank 931.6 kg (planner view), miss 36.2 km, nreg 157
[14:04:52] budget: job_wall 300 s, 300 s left before the plan -> plan cap 210 s (plan_wall 240, settle_reserve 90)
[14:04:52] budget: job_wall 300 s, 300 s left before the plan -> plan cap 210 s (plan_wall 240, settle_reserve 90)
[14:04:52] prefix slices/s06/in/craft_7.npz: 23 flybys, t_end 3237.5 d, tank 864.4 kg (planner view), miss 36.5 km, nreg 151
[14:04:52] budget: job_wall 300 s, 300 s left before the plan -> plan cap 210 s (plan_wall 240, settle_reserve 90)
[14:04:52] prefix slices/s06/in/craft_0.npz: 22 flybys, t_end 3229.6 d, tank 864.3 kg (planner view), miss 5.1 km, nreg 164
[14:04:52] budget: job_wall 300 s, 300 s left before the plan -> plan cap 210 s (plan_wall 240, settle_reserve 90)
[14:04:52] prefix slices/s06/in/craft_1.npz: 19 flybys, t_end 3222.4 d, tank 793.3 kg (planner view), miss 64.6 km, nreg 164
[14:04:52] budget: job_wall 300 s, 300 s left before the plan -> plan cap 210 s (plan_wall 240, settle_reserve 90)
[14:04:52] prefix slices/s06/in/craft_4.npz: 20 flybys, t_end 3236.3 d, tank 728.4 kg (planner view), miss 2.6 km, nreg 158
[14:04:52] budget: job_wall 300 s, 300 s left before the plan -> plan cap 210 s (plan_wall 240, settle_reserve 90)
[14:05:08] first level (both): 0 production + 51 relaxed (dv 2.5, 0.3 AU; 0.1 s) + 45 lintwin children -> 79 unique (16.0 s)
[14:05:08] plan start: prefix 20 flybys, t_end 3150.1 d, planner mass 1254.6 kg (dv 9.540 km/s); 79 first-level states
[14:05:08] first level (both): 0 production + 53 relaxed (dv 2.5, 0.3 AU; 0.1 s) + 29 lintwin children -> 53 unique (16.2 s)
[14:05:08] plan start: prefix 20 flybys, t_end 3237.3 d, planner mass 1159.0 kg (dv 12.650 km/s); 53 first-level states
[14:05:09] first level (both): 0 production + 41 relaxed (dv 2.5, 0.3 AU; 0.1 s) + 30 lintwin children -> 55 unique (16.5 s)
[14:05:09] plan start: prefix 20 flybys, t_end 3176.6 d, planner mass 1033.1 kg (dv 17.160 km/s); 55 first-level states
[14:05:09] first level (both): 0 production + 19 relaxed (dv 2.5, 0.3 AU; 0.0 s) + 42 lintwin children -> 51 unique (17.1 s)
[14:05:09] plan start: prefix 21 flybys, t_end 3086.2 d, planner mass 1047.2 kg (dv 16.627 km/s); 51 first-level states
[14:05:09] first level (both): 0 production + 28 relaxed (dv 2.5, 0.3 AU; 0.0 s) + 27 lintwin children -> 42 unique (17.2 s)
[14:05:09] plan start: prefix 23 flybys, t_end 3237.5 d, planner mass 1113.4 kg (dv 14.224 km/s); 42 first-level states
[14:05:10] first level (both): 0 production + 60 relaxed (dv 2.5, 0.3 AU; 0.1 s) + 42 lintwin children -> 67 unique (17.5 s)
[14:05:10] plan start: prefix 20 flybys, t_end 3236.3 d, planner mass 1321.3 kg (dv 7.508 km/s); 67 first-level states
[14:05:10] first level (both): 0 production + 65 relaxed (dv 2.5, 0.3 AU; 0.1 s) + 40 lintwin children -> 71 unique (18.1 s)
[14:05:10] plan start: prefix 22 flybys, t_end 3229.6 d, planner mass 1113.5 kg (dv 14.220 km/s); 71 first-level states
[14:05:11] first level (both): 0 production + 21 relaxed (dv 2.5, 0.3 AU; 0.0 s) + 28 lintwin children -> 41 unique (18.3 s)
[14:05:11] plan start: prefix 19 flybys, t_end 3222.4 d, planner mass 1213.1 kg (dv 10.859 km/s); 41 first-level states
[14:05:36] plan: 688 states, depth 7 new flybys, end plan_done (44 s); deepest 7 new to 4826 d at planner fuel 695 kg
[14:05:36]   depth  1:   51 states (45 in H), t_end 3259-3840 d, fuel 562-629 kg
[14:05:36]   depth  2:   92 states (29 in H), t_end 3536-4340 d, fuel 574-656 kg
[14:05:36]   depth  3:  140 states (1 in H), t_end 3750-4626 d, fuel 588-682 kg
[14:05:36]   depth  4:  150 states (0 in H), t_end 4035-4756 d, fuel 618-711 kg
[14:05:36]   depth  5:  150 states (0 in H), t_end 4441-4858 d, fuel 635-737 kg
[14:05:36]   depth  6:   74 states (0 in H), t_end 4566-4855 d, fuel 673-754 kg
[14:05:36]   depth  7:   31 states (0 in H), t_end 4748-4855 d, fuel 695-766 kg
[14:05:36] candidates: 56 distinct committed target sets (n_new 1-3, potential 0-3)
[14:05:36] frontier: 16 candidates chosen (n fb / committed planner kg / continuation (lookahead) [full]; pot_mode lookahead, pot_cap None): 1fb/562kg/p2(1)[2], 1fb/570kg/p0(0)[0], 1fb/570kg/p3(3)[3], 1fb/571kg/p2(2)[2], 1fb/572kg/p2(2)[2], 1fb/579kg/p2(2)[2], 1fb/583kg/p2(2)[2], 1fb/585kg/p2(2)[2], 1fb/589kg/p2(1)[2], 1fb/603kg/p2(2)[2], 1fb/610kg/p3(2)[3], 1fb/625kg/p3(2)[3], 2fb/574kg/p1(1)[1], 2fb/588kg/p0(0)[0], 2fb/630kg/p2(2)[2], 3fb/647kg/p0(0)[0]
[14:05:36] budget: 256 s of 300 left for the settles + regrids (settle_wall 480)
[14:05:38] plan: 733 states, depth 7 new flybys, end plan_done (46 s); deepest 7 new to 4758 d at planner fuel 525 kg
[14:05:38]   depth  1:   41 states (35 in H), t_end 3395-3884 d, fuel 401-476 kg
[14:05:38]   depth  2:  121 states (21 in H), t_end 3639-4452 d, fuel 437-511 kg
[14:05:38]   depth  3:  150 states (0 in H), t_end 3839-4832 d, fuel 444-538 kg
[14:05:38]   depth  4:  150 states (0 in H), t_end 3974-4842 d, fuel 463-550 kg
[14:05:38]   depth  5:  150 states (0 in H), t_end 4253-4860 d, fuel 472-571 kg
[14:05:38]   depth  6:   98 states (0 in H), t_end 4539-4857 d, fuel 495-593 kg
[14:05:38]   depth  7:   23 states (0 in H), t_end 4624-4856 d, fuel 525-603 kg
[14:05:38] candidates: 32 distinct committed target sets (n_new 1-2, potential 0-2)
[14:05:38] frontier: 16 candidates chosen (n fb / committed planner kg / continuation (lookahead) [full]; pot_mode lookahead, pot_cap None): 1fb/416kg/p2(1)[2], 1fb/428kg/p1(1)[1], 1fb/428kg/p1(1)[1], 1fb/430kg/p3(2)[3], 1fb/435kg/p2(1)[2], 1fb/436kg/p1(1)[1], 1fb/436kg/p1(1)[1], 1fb/438kg/p1(1)[1], 1fb/448kg/p2(1)[2], 1fb/451kg/p2(2)[2], 1fb/454kg/p3(2)[3], 1fb/455kg/p2(2)[2], 1fb/468kg/p2(2)[2], 2fb/437kg/p2(2)[2], 2fb/446kg/p1(1)[1], 2fb/448kg/p1(1)[1]
[14:05:38] budget: 254 s of 300 left for the settles + regrids (settle_wall 480)
[14:05:40]     settle 22: 169 @   3259 d -> ok lintwin tank 920.8 (+1.8) miss 55 km (3.4 s)
[14:05:43]     settle 20:  24 @   3456 d -> ok lintwin tank 816.3 (+23.0) miss 73 km (4.4 s)
[14:05:44] plan: 870 states, depth 8 new flybys, end plan_done (52 s); deepest 8 new to 4841 d at planner fuel 698 kg
[14:05:44]   depth  1:   71 states (68 in H), t_end 3274-3922 d, fuel 491-568 kg
[14:05:44]   depth  2:  150 states (84 in H), t_end 3363-4276 d, fuel 496-600 kg
[14:05:44]   depth  3:  150 states (38 in H), t_end 3510-4587 d, fuel 522-619 kg
[14:05:44]   depth  4:  150 states (1 in H), t_end 3765-4840 d, fuel 535-646 kg
[14:05:44]   depth  5:  150 states (0 in H), t_end 4039-4859 d, fuel 555-674 kg
[14:05:44]   depth  6:  131 states (0 in H), t_end 4394-4860 d, fuel 574-694 kg
[14:05:44]   depth  7:   65 states (0 in H), t_end 4623-4858 d, fuel 616-721 kg
[14:05:44]   depth  8:    3 states (0 in H), t_end 4837-4841 d, fuel 698-738 kg
[14:05:44]   quota head-room {'fil': 2, 'med': 12}: 5 plans cut at the quota
[14:05:44] candidates: 98 distinct committed target sets (n_new 1-3, potential 0-2)
[14:05:44] frontier: 16 candidates chosen (n fb / committed planner kg / continuation (lookahead) [full]; pot_mode lookahead, pot_cap None): 1fb/491kg/p1(1)[1], 1fb/496kg/p4(1)[4], 1fb/498kg/p1(1)[1], 1fb/510kg/p3(1)[3], 1fb/511kg/p2(1)[2], 1fb/514kg/p2(0)[2], 1fb/523kg/p3(1)[3], 1fb/537kg/p2(1)[2], 1fb/545kg/p3(1)[3], 1fb/552kg/p4(2)[4], 2fb/512kg/p1(1)[1], 2fb/514kg/p0(0)[0], 2fb/523kg/p3(1)[3], 3fb/530kg/p1(1)[1], 3fb/532kg/p1(1)[1], 3fb/534kg/p2(1)[2]
[14:05:44] budget: 248 s of 300 left for the settles + regrids (settle_wall 480)
[14:05:45]     settle 23: 178 @   3699 d -> ok lintwin tank 867.8 (+3.4) miss 69 km (0.9 s)
[14:05:46] plan: 906 states, depth 8 new flybys, end plan_done (54 s); deepest 8 new to 4784 d at planner fuel 745 kg
[14:05:46]   depth  1:   55 states (52 in H), t_end 3322-3906 d, fuel 584-640 kg
[14:05:46]   depth  2:  150 states (45 in H), t_end 3419-4299 d, fuel 590-667 kg
[14:05:46]   depth  3:  150 states (14 in H), t_end 3637-4659 d, fuel 611-696 kg
[14:05:46]   depth  4:  150 states (3 in H), t_end 3758-4736 d, fuel 629-717 kg
[14:05:46]   depth  5:  150 states (0 in H), t_end 4155-4852 d, fuel 654-739 kg
[14:05:46]   depth  6:  150 states (0 in H), t_end 4319-4857 d, fuel 684-762 kg
[14:05:46]   depth  7:   89 states (0 in H), t_end 4508-4859 d, fuel 712-768 kg
[14:05:46]   depth  8:   12 states (0 in H), t_end 4705-4857 d, fuel 745-793 kg
[14:05:46] candidates: 64 distinct committed target sets (n_new 1-4, potential 0-3)
[14:05:46] frontier: 16 candidates chosen (n fb / committed planner kg / continuation (lookahead) [full]; pot_mode lookahead, pot_cap None): 1fb/584kg/p1(1)[1], 1fb/587kg/p1(1)[1], 1fb/588kg/p2(2)[2], 1fb/592kg/p2(2)[2], 1fb/603kg/p3(1)[3], 1fb/617kg/p3(3)[3], 1fb/619kg/p3(0)[3], 1fb/632kg/p3(0)[3], 2fb/606kg/p0(0)[0], 2fb/614kg/p1(1)[1], 2fb/619kg/p2(2)[2], 3fb/652kg/p0(0)[0], 3fb/653kg/p0(0)[0], 3fb/658kg/p1(1)[1], 4fb/680kg/p0(0)[0], 4fb/687kg/p0(0)[0]
[14:05:46] budget: 246 s of 300 left for the settles + regrids (settle_wall 480)
[14:05:48]     settle 23:  42 @   3274 d -> ok lintwin tank 870.2 (+5.9) miss 67 km (2.5 s)
[14:05:48]     settle 22: 142 @   3681 d -> ok lintwin tank 943.5 (+24.5) miss 93 km (8.0 s)
[14:05:50] plan: 979 states, depth 10 new flybys, end plan_done (58 s); deepest 10 new to 4856 d at planner fuel 774 kg
[14:05:50]   depth  1:   42 states (35 in H), t_end 3288-3870 d, fuel 505-567 kg
[14:05:50]   depth  2:  100 states (19 in H), t_end 3414-4470 d, fuel 512-600 kg
[14:05:50]   depth  3:  150 states (13 in H), t_end 3533-4696 d, fuel 532-629 kg
[14:05:50]   depth  4:  150 states (3 in H), t_end 3750-4849 d, fuel 559-657 kg
[14:05:50]   depth  5:  150 states (0 in H), t_end 3963-4851 d, fuel 584-679 kg
[14:05:50]   depth  6:  150 states (0 in H), t_end 4167-4859 d, fuel 594-698 kg
[14:05:50]   depth  7:  134 states (0 in H), t_end 4335-4858 d, fuel 665-724 kg
[14:05:50]   depth  8:   83 states (0 in H), t_end 4452-4860 d, fuel 697-743 kg
[14:05:50]   depth  9:   18 states (0 in H), t_end 4660-4858 d, fuel 720-757 kg
[14:05:50]   depth 10:    2 states (0 in H), t_end 4852-4856 d, fuel 774-775 kg
[14:05:50] candidates: 35 distinct committed target sets (n_new 1-4, potential 0-3)
[14:05:50] frontier: 16 candidates chosen (n fb / committed planner kg / continuation (lookahead) [full]; pot_mode lookahead, pot_cap None): 1fb/505kg/p2(2)[2], 1fb/505kg/p2(1)[2], 1fb/509kg/p3(3)[3], 1fb/510kg/p3(2)[3], 1fb/529kg/p2(2)[2], 1fb/537kg/p2(2)[2], 1fb/552kg/p2(2)[2], 1fb/557kg/p2(2)[2], 1fb/564kg/p4(1)[4], 2fb/515kg/p1(1)[1], 2fb/530kg/p1(1)[1], 2fb/576kg/p3(1)[3], 3fb/604kg/p1(1)[1], 3fb/606kg/p2(1)[2], 3fb/606kg/p1(1)[1], 4fb/620kg/p1(1)[1]
[14:05:50] budget: 242 s of 300 left for the settles + regrids (settle_wall 480)
[14:05:50] plan: 1054 states, depth 9 new flybys, end plan_done (58 s); deepest 9 new to 4736 d at planner fuel 554 kg
[14:05:50]   depth  1:   79 states (74 in H), t_end 3252-3817 d, fuel 354-437 kg
[14:05:50]   depth  2:  150 states (77 in H), t_end 3375-4292 d, fuel 380-464 kg
[14:05:50]   depth  3:  150 states (14 in H), t_end 3677-4762 d, fuel 391-500 kg
[14:05:50]   depth  4:  150 states (0 in H), t_end 3805-4723 d, fuel 415-531 kg
[14:05:50]   depth  5:  150 states (0 in H), t_end 3974-4796 d, fuel 443-536 kg
[14:05:50]   depth  6:  150 states (0 in H), t_end 4049-4849 d, fuel 461-566 kg
[14:05:50]   depth  7:  137 states (0 in H), t_end 4155-4851 d, fuel 494-589 kg
[14:05:50]   depth  8:   67 states (0 in H), t_end 4319-4849 d, fuel 528-606 kg
[14:05:50]   depth  9:   21 states (0 in H), t_end 4509-4807 d, fuel 554-609 kg
[14:05:50] candidates: 76 distinct committed target sets (n_new 1-3, potential 0-3)
[14:05:50]     settle 23: 155 @   3526 d -> ok lintwin tank 874.6 (+10.2) miss 78 km (1.4 s)
[14:05:50] frontier: 16 candidates chosen (n fb / committed planner kg / continuation (lookahead) [full]; pot_mode lookahead, pot_cap None): 1fb/354kg/p0(0)[0], 1fb/358kg/p1(0)[1], 1fb/385kg/p2(1)[2], 1fb/394kg/p2(1)[2], 1fb/395kg/p5(3)[5], 1fb/404kg/p3(1)[3], 1fb/405kg/p2(1)[2], 1fb/412kg/p2(2)[2], 1fb/420kg/p2(1)[2], 1fb/427kg/p2(0)[2], 2fb/380kg/p0(0)[0], 2fb/381kg/p0(0)[0], 2fb/406kg/p4(3)[4], 3fb/419kg/p3(3)[3], 3fb/428kg/p2(2)[2], 3fb/444kg/p2(2)[2]
[14:05:50] budget: 242 s of 300 left for the settles + regrids (settle_wall 480)
[14:05:51] plan: 1061 states, depth 9 new flybys, end plan_done (59 s); deepest 9 new to 4764 d at planner fuel 553 kg
[14:05:51]   depth  1:   67 states (55 in H), t_end 3365-3904 d, fuel 282-380 kg
[14:05:51]   depth  2:  150 states (53 in H), t_end 3466-4171 d, fuel 299-413 kg
[14:05:51]   depth  3:  150 states (15 in H), t_end 3553-4594 d, fuel 305-450 kg
[14:05:51]   depth  4:  150 states (1 in H), t_end 3683-4819 d, fuel 343-485 kg
[14:05:51]   depth  5:  150 states (0 in H), t_end 3904-4859 d, fuel 365-511 kg
[14:05:51]   depth  6:  150 states (0 in H), t_end 4087-4860 d, fuel 414-535 kg
[14:05:51]   depth  7:  150 states (0 in H), t_end 4323-4860 d, fuel 449-560 kg
[14:05:51]   depth  8:   83 states (0 in H), t_end 4513-4860 d, fuel 460-581 kg
[14:05:51]   depth  9:   11 states (0 in H), t_end 4742-4845 d, fuel 553-586 kg
[14:05:51] candidates: 69 distinct committed target sets (n_new 1-4, potential 0-3)
[14:05:51] frontier: 16 candidates chosen (n fb / committed planner kg / continuation (lookahead) [full]; pot_mode lookahead, pot_cap None): 1fb/287kg/p2(2)[2], 1fb/290kg/p0(0)[0], 1fb/301kg/p3(2)[3], 1fb/313kg/p3(1)[3], 1fb/316kg/p3(2)[3], 1fb/317kg/p3(2)[3], 1fb/318kg/p3(2)[3], 1fb/324kg/p5(3)[5], 1fb/328kg/p3(2)[3], 2fb/319kg/p2(2)[2], 2fb/331kg/p2(2)[2], 2fb/361kg/p4(3)[4], 3fb/368kg/p1(1)[1], 3fb/368kg/p0(0)[0], 3fb/391kg/p3(3)[3], 4fb/459kg/p1(1)[1]
[14:05:51] budget: 241 s of 300 left for the settles + regrids (settle_wall 480)
[14:05:51]     settle 20: 255 @   3714 d -> ok lintwin tank 842.4 (+49.1) miss 1 km (7.9 s)
[14:05:52]     settle 21: 256 @   3737 d -> ok lintwin tank 950.8 (+19.2) miss 57 km (5.1 s)
[14:05:53]     settle 21: 183 @   3760 d -> ok lintwin tank 772.7 (+5.5) miss 55 km (2.4 s)
[14:05:53]     settle 23: 287 @   3421 d -> ok lintwin tank 881.3 (+17.0) miss 78 km (2.7 s)
[14:05:54]     settle 24: 229 @   3672 d -> ok lintwin tank 869.3 (+4.9) miss 62 km (3.9 s)
[14:05:54]     settle 21: 236 @   3532 d -> ok lintwin tank 740.9 (+12.5) miss 61 km (3.1 s)
[14:05:55]     settle 21: 267 @   3662 d -> ok lintwin tank 951.8 (+20.2) miss 20 km (2.2 s)
[14:05:55]     settle 23: 247 @   3481 d -> ok lintwin tank 883.4 (+19.1) miss 18 km (1.0 s)
[14:05:56]     settle 21: 154 @   3680 d -> ok lintwin tank 770.0 (+2.8) miss 53 km (2.7 s)
[14:05:56] plan: 1145 states, depth 10 new flybys, end plan_done (64 s); deepest 10 new to 4848 d at planner fuel 698 kg
[14:05:56]   depth  1:   53 states (49 in H), t_end 3297-3888 d, fuel 450-522 kg
[14:05:56]   depth  2:  150 states (67 in H), t_end 3487-4393 d, fuel 471-553 kg
[14:05:56]   depth  3:  150 states (3 in H), t_end 3707-4767 d, fuel 496-576 kg
[14:05:56]   depth  4:  150 states (0 in H), t_end 3831-4839 d, fuel 506-604 kg
[14:05:56]   depth  5:  150 states (0 in H), t_end 4031-4851 d, fuel 532-636 kg
[14:05:56]   depth  6:  150 states (0 in H), t_end 4155-4858 d, fuel 541-643 kg
[14:05:56]   depth  7:  150 states (0 in H), t_end 4265-4859 d, fuel 573-672 kg
[14:05:56]   depth  8:  129 states (0 in H), t_end 4518-4859 d, fuel 635-697 kg
[14:05:56]   depth  9:   59 states (0 in H), t_end 4626-4860 d, fuel 642-719 kg
[14:05:56]   depth 10:    4 states (0 in H), t_end 4762-4850 d, fuel 698-714 kg
[14:05:56] candidates: 56 distinct committed target sets (n_new 1-3, potential 0-2)
[14:05:56] frontier: 16 candidates chosen (n fb / committed planner kg / continuation (lookahead) [full]; pot_mode lookahead, pot_cap None): 1fb/452kg/p0(0)[0], 1fb/452kg/p1(0)[1], 1fb/459kg/p1(0)[1], 1fb/460kg/p1(1)[1], 1fb/465kg/p2(1)[2], 1fb/494kg/p4(2)[4], 1fb/504kg/p2(2)[2], 1fb/508kg/p3(2)[3], 1fb/517kg/p3(1)[3], 2fb/471kg/p0(0)[0], 2fb/473kg/p0(0)[0], 2fb/479kg/p2(2)[2], 2fb/531kg/p3(2)[3], 3fb/549kg/p2(2)[2], 3fb/558kg/p0(0)[0], 3fb/562kg/p1(1)[1]
[14:05:56] budget: 236 s of 300 left for the settles + regrids (settle_wall 480)
[14:05:57]     settle 23: 149 @   3306 d -> ok lintwin tank 883.6 (+19.3) miss 68 km (1.6 s)
[14:05:57]     settle 21:  89 @   3543 d -> ok lintwin tank 734.4 (+6.0) miss 57 km (2.2 s)
[14:05:57]     settle 24:  91 @   3542 d -> ok lintwin tank 875.7 (+11.3) miss 75 km (2.9 s)
[14:05:58]     settle 20:  27 @   3612 d -> ok lintwin tank 816.6 (+23.2) miss 55 km (5.4 s)
[14:05:58]     settle 21: 133 @   3689 d -> ok lintwin tank 950.0 (+18.4) miss 68 km (2.3 s)
[14:06:00]     settle 21: 185 @   3500 d -> ok lintwin tank 737.8 (+9.4) miss 58 km (2.1 s)
[14:06:00]     settle 21:  93 @   3453 d -> ok lintwin tank 793.5 (+26.4) miss 52 km (3.8 s)
[14:06:01]     settle 21: 219 @   3489 d -> ok lintwin tank 958.3 (+26.8) miss 72 km (2.3 s)
[14:06:01]     settle 21: 195 @   3707 d -> ok lintwin tank 837.0 (+6.6) miss 71 km (4.6 s)
[14:06:01]     settle 23: 163 @   3348 d -> ok lintwin tank 880.8 (+16.5) miss 23 km (3.4 s)
[14:06:01]     settle 24: 255 @   3667 d -> ok lintwin tank 876.7 (+12.3) miss 63 km (3.2 s)
[14:06:02]     settle 22: 255 @   3536 d -> ok lintwin tank 927.4 (+8.4) miss 59 km (4.8 s)
[14:06:03]     settle 20: 147 @   3559 d -> ok lintwin tank 818.5 (+25.2) miss 56 km (4.5 s)
[14:06:03]     settle 21:  43 @   3391 d -> ok lintwin tank 794.2 (+27.0) miss 73 km (2.7 s)
[14:06:04]     settle 23: 210 @   3580 d -> ok lintwin tank 907.1 (+42.7) miss 68 km (2.8 s)
[14:06:05]     settle 21:  14 @   3361 d -> ok lintwin tank 974.7 (+43.1) miss 75 km (3.4 s)
[14:06:06]     settle 24:  98 @   3429 d -> ok lintwin tank 880.2 (+15.8) miss 59 km (3.8 s)
[14:06:06]     settle 21: 105 @   3465 d -> ok lintwin tank 834.1 (+3.7) miss 91 km (5.0 s)
[14:06:06]     settle 21: 287 @   3453 d -> ok lintwin tank 771.9 (+43.5) miss 73 km (5.8 s)
[14:06:06]     settle 21: 115 @   3335 d -> ok lintwin tank 784.2 (+17.1) miss 75 km (2.5 s)
[14:06:08]     settle 22: 172 @   3380 d -> ok lintwin tank 930.1 (+11.1) miss 99 km (5.5 s)
[14:06:08]     settle 20:  34 @   3465 d -> ok lintwin tank 831.4 (+38.1) miss 66 km (5.0 s)
[14:06:09]     settle 21: 250 @   3667 d -> ok lintwin tank 959.0 (+27.4) miss 70 km (2.9 s)
[14:06:09]     settle 23:  90 @   3368 d -> ok lintwin tank 890.5 (+26.2) miss 69 km (4.3 s)
[14:06:10]     settle 24: 175 @   3414 d -> ok lintwin tank 910.3 (+45.9) miss 85 km (3.7 s)
[14:06:10]     settle 21: 244 @   3597 d -> ok lintwin tank 738.8 (+10.4) miss 60 km (3.5 s)
[14:06:11]     settle 21: 271 @   3252 d -> ok lintwin tank 855.4 (+88.3) miss 50 km (3.8 s)
[14:06:11]     settle 21: 219 @   3491 d -> ok lintwin tank 840.4 (+10.0) miss 23 km (4.7 s)
[14:06:13]     settle 20:  18 @   3605 d -> ok lintwin tank 823.7 (+30.4) miss 59 km (3.6 s)
[14:06:13]     settle 23:  45 @   3360 d -> ok lintwin tank 879.2 (+14.8) miss 77 km (3.4 s)
[14:06:13]     settle 21: 215 @   3647 d -> ok lam tank 840.0 (+9.6) miss 93 km (0.7 s)
[14:06:14]     settle 22: 101 @   3551 d -> ok lintwin tank 934.1 (+15.1) miss 70 km (5.3 s)
[14:06:14]     settle 21: 221 @   3422 d -> ok lintwin tank 778.1 (+49.7) miss 69 km (3.3 s)
[14:06:14]     settle 24: 142 @   3684 d -> ok lintwin tank 895.7 (+31.3) miss 60 km (3.9 s)
[14:06:15]     settle 21: 213 @   3416 d -> ok lintwin tank 807.2 (+40.1) miss 79 km (3.5 s)
[14:06:15]     settle 21: 274 @   3398 d -> ok lintwin tank 975.0 (+43.4) miss 55 km (5.6 s)
[14:06:16]     settle 24: 155 @   3528 d -> ok lintwin tank 879.6 (+9.4) miss 75 km (2.0 s)
[14:06:17]     settle 21:  18 @   3519 d -> ok lintwin tank 752.7 (+24.3) miss 61 km (2.0 s)
[14:06:18]     settle 24: 250 @   3764 d -> ok lintwin tank 885.3 (+1.9) miss 32 km (1.3 s)
[14:06:19]     settle 20: 172 @   3742 d -> ok lintwin tank 829.9 (+36.6) miss 63 km (5.4 s)
[14:06:19]   drift: leg 172@3742 d settled outside (T, T+H] -> column cut at 0
[14:06:19]     settle 21: 275 @   3721 d -> ok lintwin tank 804.0 (+36.9) miss 75 km (3.7 s)
[14:06:20]     settle 21: 291 @   3402 d -> ok lintwin tank 753.9 (+25.5) miss 38 km (2.5 s)
[14:06:20]     settle 24: 119 @   3418 d -> ok lintwin tank 903.3 (+38.9) miss 70 km (4.9 s)
[14:06:20]     settle 24:  45 @   3363 d -> ok lintwin tank 879.8 (+9.6) miss 58 km (1.5 s)
[14:06:20]     settle 21: 258 @   3388 d -> ok lintwin tank 836.0 (+5.5) miss 79 km (4.5 s)
[14:06:21]     settle 22:  89 @   3705 d -> ok lintwin tank 989.5 (+70.5) miss 31 km (6.1 s)
[14:06:21]     settle 21: 265 @   3416 d -> ok lintwin tank 959.5 (+28.0) miss 66 km (5.4 s)
[14:06:22]     settle 21: 175 @   3425 d -> ok lintwin tank 783.6 (+16.5) miss 22 km (2.8 s)
[14:06:22]     settle 24:  45 @   3365 d -> ok lintwin tank 879.7 (+9.5) miss 77 km (2.1 s)
[14:06:23]     settle 21: 249 @   3427 d -> ok lintwin tank 831.8 (+1.4) miss 61 km (2.3 s)
[14:06:25]     settle 20:  15 @   3663 d -> ok lintwin tank 815.7 (+22.4) miss 63 km (6.0 s)
[14:06:25]     settle 21: 101 @   3565 d -> ok lintwin tank 748.7 (+20.3) miss 75 km (4.7 s)
[14:06:26]     settle 25: 178 @   3701 d -> ok lintwin tank 890.3 (+10.5) miss 88 km (3.4 s)
[14:06:26]     settle 22: 244 @   3603 d -> ok lintwin tank 759.6 (+6.9) miss 4 km (0.6 s)
[14:06:26]     settle 22: 244 @   3601 d -> ok lintwin tank 936.6 (+17.6) miss 1 km (4.9 s)
[14:06:26]     settle 24: 227 @   3659 d -> ok lintwin tank 954.7 (+90.3) miss 95 km (6.1 s)
[14:06:27]     settle 22: 122 @   3705 d -> ok lintwin tank 751.8 (+13.0) miss 46 km (0.8 s)
[14:06:27]     settle 21: 265 @   3421 d -> ok lintwin tank 958.6 (+27.0) miss 77 km (6.0 s)
[14:06:28]     settle 21:  34 @   3460 d -> ok lintwin tank 828.9 (+61.8) miss 4 km (5.6 s)
[14:06:29]     settle 22: 195 @   3701 d -> ok lintwin tank 967.7 (+9.1) miss 63 km (1.8 s)
[14:06:29]     settle 21: 133 @   3773 d -> ok lintwin tank 850.7 (+20.3) miss 77 km (6.0 s)
[14:06:29]     settle 22: 185 @   3500 d -> ok lintwin tank 758.4 (+4.5) miss 59 km (1.5 s)
[14:06:30]     settle 20: 246 @   3457 d -> ok lintwin tank 823.9 (+30.6) miss 68 km (4.3 s)
[14:06:30]     settle 25:  22 @   3512 d -> ok lintwin tank 898.4 (+18.7) miss 66 km (3.3 s)
[14:06:30]     settle 24: 256 @   3309 d -> ok lintwin tank 917.0 (+52.6) miss 69 km (3.1 s)
[14:06:30]     settle 21: 288 @   3359 d -> ok lintwin tank 772.4 (+5.3) miss 11 km (1.5 s)
[14:06:33]     settle 22: 154 @   3682 d -> ok lintwin tank 782.8 (+10.4) miss 85 km (2.3 s)
[14:06:34]     settle 21: 208 @   3477 d -> ok lintwin tank 856.6 (+26.2) miss 70 km (4.6 s)
[14:06:34]     settle 22: 233 @   3775 d -> ok lintwin tank 1042.3 (+123.3) miss 90 km (7.1 s)
[14:06:35]     settle 20:  56 @   3593 d -> ok lintwin tank 822.1 (+28.8) miss 80 km (4.4 s)
[14:06:35]     settle 24:  91 @   3554 d -> ok lintwin tank 880.7 (+16.3) miss 66 km (4.3 s)
[14:06:35]     settle 25: 155 @   3532 d -> ok lintwin tank 889.6 (+9.8) miss 74 km (4.5 s)
[14:06:35]     settle 22: 183 @   3758 d -> ok lintwin tank 784.6 (+14.7) miss 57 km (1.0 s)
[14:06:35] RESULT s06_c0: 16 columns; frontier 1fb 3 kg p1/2 | 2fb 15 kg p1/1 | 3fb 25 kg p1/1; settles 17 (17 ok), regrids 16 (16 ok); wall 103 s of 300 (plan 52, price 1, settle 51; budget hit None, 0 unsettled)
[14:06:35]     settle 22: 244 @   3601 d -> ok lintwin tank 825.7 (+53.8) miss 71 km (5.6 s)
[14:06:35]     settle 21: 168 @   3532 d -> ok lintwin tank 947.8 (+16.2) miss 1 km (5.5 s)
[14:06:36]   job s06_c0 craft columns  16  levels 8  settles 17/17  end plan_done  wall 103.0 s
[14:06:38]     settle 21: 265 @   3425 d -> ok lintwin tank 880.7 (+50.3) miss 72 km (2.7 s)
[14:06:38]     settle 22:  93 @   3453 d -> ok lintwin tank 794.4 (+10.2) miss 91 km (2.8 s)
[14:06:39]     settle 25: 229 @   3672 d -> ok lintwin tank 878.7 (+-2.0) miss 58 km (3.8 s)
[14:06:39]     settle 23: 122 @   3700 d -> ok lintwin tank 861.5 (+35.7) miss 48 km (3.4 s)
[14:06:40]     settle 23: 142 @   3763 d -> ok lintwin tank 796.2 (+1.8) miss 58 km (1.0 s)
[14:06:40]     settle 22: 256 @   3742 d -> ok lintwin tank 954.1 (+6.3) miss 67 km (4.5 s)
[14:06:41]     settle 20:  14 @   3395 d -> ok lintwin tank 863.7 (+70.3) miss 68 km (5.5 s)
[14:06:41]     settle 22: 183 @   3602 d -> ok lintwin tank 958.9 (+39.9) miss 1 km (5.2 s)
[14:06:42]     settle 23: 267 @   3685 d -> ok lintwin tank 808.6 (+14.3) miss 69 km (1.4 s)
[14:06:42]     settle 21: 182 @   3386 d -> ok lintwin tank 736.6 (+8.3) miss 60 km (2.6 s)
[14:06:43]     settle 25:  79 @   3722 d -> ok lintwin tank 892.3 (+16.6) miss 77 km (3.4 s)
[14:06:43]     settle 21: 258 @   3427 d -> ok lintwin tank 835.9 (+5.5) miss 68 km (5.3 s)
[14:06:44]     settle 22: 148 @   3476 d -> ok lintwin tank 742.0 (+5.3) miss 25 km (1.3 s)
[14:06:45]     settle 23: 250 @   3685 d -> ok lintwin tank 820.5 (+26.1) miss 84 km (2.3 s)
[14:06:45]     settle 23: 210 @   3553 d -> ok lintwin tank 755.5 (+13.5) miss 46 km (1.2 s)
[14:06:45] RESULT s06_c2: 16 columns; frontier 1fb 3 kg p0/3 | 2fb 15 kg p0/3 | 3fb 29 kg p3/3; settles 17 (17 ok), regrids 16 (16 ok); wall 113 s of 300 (plan 58, price 1, settle 55; budget hit None, 0 unsettled)
[14:06:45]     settle 22: 105 @   3631 d -> ok lintwin tank 969.8 (+-4.9) miss 65 km (4.6 s)
[14:06:46]     settle 20: 154 @   3620 d -> ok lintwin tank 834.2 (+40.8) miss 69 km (4.6 s)
[14:06:46]     settle 25: 119 @   3418 d -> ok lintwin tank 915.9 (+-1.0) miss 73 km (2.8 s)
[14:06:46]   job s06_c2 craft columns  16  levels 9  settles 17/17  end plan_done  wall 113.0 s
[14:06:48]     settle 23: 218 @   3685 d -> ok lintwin tank 777.9 (+19.5) miss 66 km (2.5 s)
[14:06:49]     settle 25: 119 @   3414 d -> ok lintwin tank 915.8 (+-1.2) miss 70 km (2.5 s)
[14:06:50]     settle 22:  39 @   3517 d -> ok lintwin tank 1011.3 (+36.4) miss 72 km (4.1 s)
[14:06:50]     settle 22: 195 @   3707 d -> ok lintwin tank 841.6 (+5.7) miss 43 km (6.7 s)
[14:06:50]     settle 20:  43 @   3471 d -> ok lam tank 841.6 (+48.2) miss 1 km (3.7 s)
[14:06:53]     settle 21: 291 @   3449 d -> ok lintwin tank 752.4 (+24.0) miss 74 km (3.9 s)
[14:06:53]     settle 22: 229 @   3665 d -> ok lintwin tank 1051.6 (+132.6) miss 69 km (5.8 s)
[14:06:53]     settle 21: 249 @   3435 d -> ok lintwin tank 831.8 (+1.4) miss 68 km (2.0 s)
[14:06:53]     settle 26: 183 @   3619 d -> ok lintwin tank 934.2 (+18.4) miss 66 km (3.9 s)
[14:06:56]     settle 23: 250 @   3765 d -> ok lintwin tank 1013.9 (+2.6) miss 81 km (6.0 s)
[14:06:56]     settle 21: 283 @   3729 d -> ok lintwin tank 817.7 (+-0.8) miss 1 km (5.0 s)
[14:06:57]     settle 26: 255 @   3533 d -> ok lintwin tank 943.6 (+27.6) miss 64 km (3.2 s)
[14:06:57]     settle 22:  18 @   3534 d -> ok lintwin tank 780.6 (+28.1) miss 72 km (4.2 s)
[14:06:58]     settle 22: 195 @   3709 d -> ok lintwin tank 842.2 (+10.4) miss 0 km (5.1 s)
[14:06:58]     settle 23:  15 @   3628 d -> ok lintwin tank 783.1 (+2.6) miss 57 km (1.3 s)
[14:06:59]     settle 22:  70 @   3600 d -> ok lintwin tank 975.5 (+16.9) miss 43 km (2.1 s)
[14:06:59]     settle 22: 185 @   3502 d -> ok lintwin tank 958.0 (+39.0) miss 71 km (4.1 s)
[14:07:00]     settle 21: 283 @   3735 d -> ok lintwin tank 852.1 (+35.8) miss 77 km (3.8 s)
[14:07:01]     settle 26: 285 @   3667 d -> ok lintwin tank 936.0 (+20.1) miss 56 km (3.3 s)
[14:07:01]     settle 24: 218 @   3683 d -> ok lintwin tank 820.3 (+37.2) miss 66 km (3.2 s)
[14:07:02] RESULT s06_c4: 16 columns; frontier 1fb 6 kg p0/3 | 2fb 23 kg p2/3 | 3fb 27 kg p0/3 | 4fb 92 kg p1/1; settles 22 (22 ok), regrids 16 (16 ok); wall 130 s of 300 (plan 59, price 1, settle 71; budget hit None, 0 unsettled)
[14:07:02]   job s06_c4 craft columns  16  levels 9  settles 22/22  end plan_done  wall 130.0 s
[14:07:04]     settle 22:  90 @   3346 d -> ok lintwin tank 968.8 (+49.8) miss 75 km (4.8 s)
[14:07:05]     settle 23: 210 @   3759 d -> ok lintwin tank 992.3 (+16.7) miss 78 km (5.9 s)
[14:07:05]     settle 27: 176 @   3753 d -> ok lintwin tank 948.8 (+5.3) miss 66 km (4.3 s)
[14:07:06] RESULT s06_c7: 16 columns; frontier 1fb 5 kg p2/3 | 2fb 14 kg p1/1 | 3fb 70 kg p1/1 | 4fb 84 kg p1/1; settles 18 (18 ok), regrids 16 (16 ok); wall 134 s of 300 (plan 58, price 1, settle 76; budget hit None, 0 unsettled)
[14:07:06]   job s06_c7 craft columns  16  levels 10  settles 18/18  end plan_done  wall 133.8 s
[14:07:08]     settle 21: 283 @   3738 d -> ok lintwin tank 840.8 (+9.3) miss 79 km (6.0 s)
[14:07:08]   1 candidates dropped (settle failure / regrid failure / duplicate after truncation)
[14:07:08] RESULT s06_c1: 15 columns; frontier 1fb 22 kg p1/2 | 2fb 24 kg p2/2; settles 16 (16 ok), regrids 15 (15 ok); wall 136 s of 300 (plan 46, price 1, settle 90; budget hit None, 0 unsettled)
[14:07:08]     settle 23: 255 @   3539 d -> ok lintwin tank 927.4 (+6.6) miss 70 km (3.5 s)
[14:07:08]   job s06_c1 craft columns  15  levels 7  settles 16/16  end plan_done  wall 136.0 s
[14:07:10]     settle 23: 163 @   3747 d -> ok lintwin tank 1043.8 (+32.5) miss 71 km (4.5 s)
[14:07:12]     settle 22: 172 @   3376 d -> ok lintwin tank 935.1 (+16.1) miss 30 km (2.9 s)
[14:07:13]     settle 22: 215 @   3645 d -> ok lintwin tank 841.7 (+9.9) miss 1 km (6.1 s)
[14:07:14]     settle 22:  70 @   3608 d -> ok lintwin tank 972.7 (+13.2) miss 71 km (3.6 s)
[14:07:16]     settle 23: 133 @   3776 d -> ok lam tank 964.6 (+29.5) miss 2 km (3.7 s)
[14:07:18]     settle 23: 193 @   3637 d -> ok lintwin tank 974.3 (+1.6) miss 69 km (4.2 s)
[14:07:23]     settle 23:  89 @   3557 d -> ok lintwin tank 968.2 (+10.2) miss 64 km (5.1 s)
[14:07:24]     settle 22: 208 @   3487 d -> ok lintwin tank 864.3 (+32.5) miss 1 km (5.0 s)
[14:07:26]     settle 24: 210 @   3762 d -> ok lintwin tank 1008.7 (+34.4) miss 80 km (7.6 s)
[14:07:29]     settle 23:  89 @   3555 d -> ok lintwin tank 968.7 (+10.7) miss 73 km (5.0 s)
[14:07:30]     settle 22:  70 @   3598 d -> ok lintwin tank 979.8 (+4.9) miss 37 km (3.9 s)
[14:07:34]     settle 23: 178 @   3710 d -> ok lintwin tank 991.1 (+11.3) miss 63 km (4.0 s)
[14:07:34]     settle 24: 163 @   3750 d -> ok lintwin tank 992.1 (+23.4) miss 66 km (5.2 s)
[14:07:35] RESULT s06_c6: 16 columns; frontier 1fb 2 kg p1/3 | 2fb 8 kg p1/2 | 3fb 73 kg p0/0; settles 18 (18 ok), regrids 16 (16 ok); wall 162 s of 300 (plan 44, price 1, settle 119; budget hit None, 0 unsettled)
[14:07:37]   job s06_c6 craft columns  16  levels 7  settles 18/18  end plan_done  wall 162.5 s
[14:07:37]     settle 23: 133 @   3707 d -> ok lintwin tank 875.0 (+10.7) miss 2 km (5.4 s)
[14:07:40]     settle 24: 210 @   3758 d -> ok lintwin tank 1020.1 (+29.0) miss 60 km (6.3 s)
[14:07:41] RESULT s06_c3: 16 columns; frontier 1fb 18 kg p2/3 | 2fb 22 kg p1/2 | 3fb 61 kg p0/1 | 4fb 77 kg p0/0; settles 24 (24 ok), regrids 16 (16 ok); wall 169 s of 300 (plan 54, price 2, settle 114; budget hit None, 0 unsettled)
[14:07:43]   job s06_c3 craft columns  16  levels 8  settles 24/24  end plan_done  wall 168.8 s
[14:07:43]     settle 22: 208 @   3490 d -> ok lintwin tank 864.3 (+32.5) miss 0 km (4.7 s)
[14:07:48]     settle 23: 195 @   3712 d -> ok lintwin tank 899.3 (+34.9) miss 1 km (5.1 s)
[14:07:53]     settle 22: 208 @   3544 d -> ok lintwin tank 895.7 (+15.0) miss 1 km (4.3 s)
[14:07:56]     settle 23: 178 @   3709 d -> ok lintwin tank 917.4 (+21.7) miss 67 km (3.0 s)
[14:07:56] RESULT s06_c5: 16 columns; frontier 1fb 1 kg p2/2 | 2fb 11 kg p2/2 | 3fb 45 kg p2/2; settles 20 (20 ok), regrids 16 (16 ok); wall 184 s of 300 (plan 64, price 1, settle 120; budget hit None, 0 unsettled)
[14:07:57]   job s06_c5 craft columns  16  levels 10  settles 20/20  end plan_done  wall 183.9 s
[14:07:57] [slice 6] propose: 127 columns (0 bad dropped) in 184.4 s
[14:07:57] [slice 6] auction: 127 columns, kept 121, dropped {'ramp': 6}; lam 1.00 H_eff 540 d fuel budget 482 kg quota on
[14:07:57] [slice 6] auction: status optimal objective 33.711 vars 121 rows 57 chosen 8 fuel 441/482 kg (0.017 s)
[14:07:59] [slice 6] claims: c0:1 c1:2 c2:1 c4:1 c5:2 c7:1  (8 targets: 0 kept, 8 new; 12 released, 0 expired (ttl 9), 2 conflicts)
[14:07:59] [slice 6 T=3240 d] launched 8/8  covered 190  remaining 108  fuel 2339 kg  sumJi 10.0422  chosen: c0:3(+34) c1:2(+24) c2:3(+29) c3:3(+60) c4:4(+92) c5:3(+45) c6:3(+73) c7:4(+84)  rejected: -  (wall 186 s)
[14:07:59] [slice 7] claims in force: c0:1 c1:2 c2:1 c4:1 c5:2 c7:1  (8 targets; claim_bonus 1.5, ttl 9)
[14:07:59]   c0: claims: 1 own (prized +1.5), 7 claimed by others withheld
[14:07:59]   c1: claims: 2 own (prized +1.5), 6 claimed by others withheld
[14:07:59]   c2: claims: 1 own (prized +1.5), 7 claimed by others withheld
[14:07:59]   c3: claims: 0 own (prized +1.5), 8 claimed by others withheld
[14:07:59]   c4: claims: 1 own (prized +1.5), 7 claimed by others withheld
[14:07:59]   c5: claims: 2 own (prized +1.5), 6 claimed by others withheld
[14:07:59]   c6: claims: 0 own (prized +1.5), 8 claimed by others withheld
[14:07:59]   c7: claims: 1 own (prized +1.5), 7 claimed by others withheld
[14:07:59] [slice 7 T=3780 d] propose: 8 jobs (8 craft, 0 root) on 9 workers, proposer planbeam, H_eff 540 d, lam 1.0
[14:07:59] job s07_c4 (craft, craft 4, planbeam): T 3780 d H 540 L 360; plan horizon 5400 d; remaining 101; prize >1 on 93; width 150 npt 6 mc 150 dv 1.2 drmax 0.15 plan_wall 240 s; quota None
[14:07:59] job s07_c1 (craft, craft 1, planbeam): T 3780 d H 540 L 360; plan horizon 5400 d; remaining 102; prize >1 on 94; width 150 npt 6 mc 150 dv 1.2 drmax 0.15 plan_wall 240 s; quota None
[14:07:59] job s07_c5 (craft, craft 5, planbeam): T 3780 d H 540 L 360; plan horizon 5400 d; remaining 102; prize >1 on 94; width 150 npt 6 mc 150 dv 1.2 drmax 0.15 plan_wall 240 s; quota None
[14:07:59] job s07_c7 (craft, craft 7, planbeam): T 3780 d H 540 L 360; plan horizon 5400 d; remaining 101; prize >1 on 93; width 150 npt 6 mc 150 dv 1.2 drmax 0.15 plan_wall 240 s; quota None
[14:07:59] job s07_c0 (craft, craft 0, planbeam): T 3780 d H 540 L 360; plan horizon 5400 d; remaining 101; prize >1 on 93; width 150 npt 6 mc 150 dv 1.2 drmax 0.15 plan_wall 240 s; quota None
[14:07:59] job s07_c3 (craft, craft 3, planbeam): T 3780 d H 540 L 360; plan horizon 5400 d; remaining 100; prize >1 on 92; width 150 npt 6 mc 150 dv 1.2 drmax 0.15 plan_wall 240 s; quota None
[14:07:59] job s07_c2 (craft, craft 2, planbeam): T 3780 d H 540 L 360; plan horizon 5400 d; remaining 101; prize >1 on 93; width 150 npt 6 mc 150 dv 1.2 drmax 0.15 plan_wall 240 s; quota None
[14:07:59] job s07_c6 (craft, craft 6, planbeam): T 3780 d H 540 L 360; plan horizon 5400 d; remaining 100; prize >1 on 92; width 150 npt 6 mc 150 dv 1.2 drmax 0.15 plan_wall 240 s; quota None
[14:07:59] prefix slices/s07/in/craft_2.npz: 23 flybys, t_end 3760.9 d, tank 796.0 kg (planner view), miss 4.1 km, nreg 187
[14:07:59] budget: job_wall 300 s, 300 s left before the plan -> plan cap 210 s (plan_wall 240, settle_reserve 90)
[14:07:59] prefix slices/s07/in/craft_5.npz: 23 flybys, t_end 3708.9 d, tank 875.0 kg (planner view), miss 92.2 km, nreg 180
[14:07:59] budget: job_wall 300 s, 300 s left before the plan -> plan cap 210 s (plan_wall 240, settle_reserve 90)
[14:07:59] prefix slices/s07/in/craft_4.npz: 24 flybys, t_end 3686.2 d, tank 820.0 kg (planner view), miss 4.8 km, nreg 180
[14:07:59] budget: job_wall 300 s, 300 s left before the plan -> plan cap 210 s (plan_wall 240, settle_reserve 90)
[14:07:59] prefix slices/s07/in/craft_0.npz: 25 flybys, t_end 3512.2 d, tank 898.2 kg (planner view), miss 30.1 km, nreg 178
[14:07:59] budget: job_wall 300 s, 300 s left before the plan -> plan cap 210 s (plan_wall 240, settle_reserve 90)
[14:07:59] prefix slices/s07/in/craft_7.npz: 27 flybys, t_end 3755.3 d, tank 948.6 kg (planner view), miss 6.7 km, nreg 177
[14:07:59] prefix slices/s07/in/craft_3.npz: 23 flybys, t_end 3759.3 d, tank 992.0 kg (planner view), miss 68.0 km, nreg 186
[14:07:59] prefix slices/s07/in/craft_6.npz: 24 flybys, t_end 3754.8 d, tank 992.1 kg (planner view), miss 29.8 km, nreg 181
[14:07:59] budget: job_wall 300 s, 300 s left before the plan -> plan cap 210 s (plan_wall 240, settle_reserve 90)
[14:07:59] budget: job_wall 300 s, 300 s left before the plan -> plan cap 210 s (plan_wall 240, settle_reserve 90)
[14:07:59] budget: job_wall 300 s, 300 s left before the plan -> plan cap 210 s (plan_wall 240, settle_reserve 90)
[14:07:59] prefix slices/s07/in/craft_1.npz: 21 flybys, t_end 3729.8 d, tank 817.5 kg (planner view), miss 3.8 km, nreg 189
[14:07:59] budget: job_wall 300 s, 300 s left before the plan -> plan cap 210 s (plan_wall 240, settle_reserve 90)
[14:08:18] first level (both): 0 production + 48 relaxed (dv 2.5, 0.3 AU; 0.0 s) + 35 lintwin children -> 60 unique (18.8 s)
[14:08:18] plan start: prefix 23 flybys, t_end 3760.9 d, planner mass 1209.1 kg (dv 10.988 km/s); 60 first-level states
[14:08:18] first level (both): 0 production + 9 relaxed (dv 2.5, 0.3 AU; 0.0 s) + 17 lintwin children -> 21 unique (19.5 s)
[14:08:18] plan start: prefix 23 flybys, t_end 3759.3 d, planner mass 970.2 kg (dv 19.624 km/s); 21 first-level states
[14:08:18] first level (both): 0 production + 27 relaxed (dv 2.5, 0.3 AU; 0.0 s) + 37 lintwin children -> 50 unique (19.6 s)
[14:08:18] plan start: prefix 23 flybys, t_end 3708.9 d, planner mass 1099.8 kg (dv 14.704 km/s); 50 first-level states
[14:08:19] first level (both): 0 production + 4 relaxed (dv 2.5, 0.3 AU; 0.0 s) + 16 lintwin children -> 20 unique (20.4 s)
[14:08:19] plan start: prefix 24 flybys, t_end 3754.8 d, planner mass 970.1 kg (dv 19.629 km/s); 20 first-level states
[14:08:19] first level (both): 0 production + 14 relaxed (dv 2.5, 0.3 AU; 0.0 s) + 26 lintwin children -> 35 unique (20.5 s)
[14:08:19] plan start: prefix 24 flybys, t_end 3686.2 d, planner mass 1173.6 kg (dv 12.158 km/s); 35 first-level states
[14:08:19] first level (both): 0 production + 34 relaxed (dv 2.5, 0.3 AU; 0.0 s) + 26 lintwin children -> 42 unique (20.7 s)
[14:08:19] plan start: prefix 27 flybys, t_end 3755.3 d, planner mass 1014.6 kg (dv 17.869 km/s); 42 first-level states
[14:08:20] first level (both): 0 production + 20 relaxed (dv 2.5, 0.3 AU; 0.0 s) + 34 lintwin children -> 46 unique (21.4 s)
[14:08:20] plan start: prefix 25 flybys, t_end 3512.2 d, planner mass 1071.4 kg (dv 15.730 km/s); 46 first-level states
[14:08:20] first level (both): 0 production + 35 relaxed (dv 2.5, 0.3 AU; 0.0 s) + 23 lintwin children -> 40 unique (21.6 s)
[14:08:20] plan start: prefix 21 flybys, t_end 3729.8 d, planner mass 1177.3 kg (dv 12.035 km/s); 40 first-level states
[14:08:33] plan: 574 states, depth 8 new flybys, end plan_done (34 s); deepest 8 new to 5367 d at planner fuel 795 kg
[14:08:33]   depth  1:   21 states (12 in H), t_end 3896-4400 d, fuel 638-699 kg
[14:08:33]   depth  2:   52 states (2 in H), t_end 4161-4998 d, fuel 642-727 kg
[14:08:33]   depth  3:  148 states (0 in H), t_end 4532-5379 d, fuel 656-753 kg
[14:08:33]   depth  4:  150 states (0 in H), t_end 4754-5395 d, fuel 664-779 kg
[14:08:33]   depth  5:  146 states (0 in H), t_end 5025-5400 d, fuel 692-793 kg
[14:08:33]   depth  6:   51 states (0 in H), t_end 5174-5398 d, fuel 722-804 kg
[14:08:33]   depth  7:    5 states (0 in H), t_end 5339-5374 d, fuel 784-801 kg
[14:08:33]   depth  8:    1 states (0 in H), t_end 5367-5367 d, fuel 795-795 kg
[14:08:33] candidates: 12 distinct committed target sets (n_new 1-2, potential 0-1)
[14:08:33] frontier: 12 candidates chosen (n fb / committed planner kg / continuation (lookahead) [full]; pot_mode lookahead, pot_cap None): 1fb/648kg/p1(1)[1], 1fb/652kg/p0(0)[0], 1fb/657kg/p1(1)[1], 1fb/658kg/p1(1)[1], 1fb/674kg/p2(1)[2], 1fb/675kg/p1(1)[1], 1fb/685kg/p1(1)[1], 1fb/687kg/p1(1)[1], 1fb/689kg/p0(0)[0], 1fb/699kg/p1(0)[1], 2fb/692kg/p1(1)[1], 2fb/720kg/p0(0)[0]
[14:08:33] budget: 266 s of 300 left for the settles + regrids (settle_wall 480)
[14:08:36] plan: 585 states, depth 7 new flybys, end plan_done (37 s); deepest 7 new to 5396 d at planner fuel 774 kg
[14:08:36]   depth  1:   20 states (9 in H), t_end 4103-4450 d, fuel 646-697 kg
[14:08:36]   depth  2:   57 states (1 in H), t_end 4310-5010 d, fuel 671-723 kg
[14:08:36]   depth  3:  142 states (0 in H), t_end 4495-5275 d, fuel 678-747 kg
[14:08:36]   depth  4:  150 states (0 in H), t_end 4671-5365 d, fuel 695-766 kg
[14:08:36]   depth  5:  150 states (0 in H), t_end 4881-5396 d, fuel 711-789 kg
[14:08:36]   depth  6:   58 states (0 in H), t_end 5031-5366 d, fuel 732-809 kg
[14:08:36]   depth  7:    8 states (0 in H), t_end 5281-5396 d, fuel 774-806 kg
[14:08:36] candidates: 6 distinct committed target sets (n_new 1-2, potential 1-3)
[14:08:36] frontier: 6 candidates chosen (n fb / committed planner kg / continuation (lookahead) [full]; pot_mode lookahead, pot_cap None): 1fb/653kg/p2(1)[2], 1fb/664kg/p2(2)[2], 1fb/664kg/p2(2)[2], 1fb/669kg/p3(3)[3], 1fb/689kg/p1(1)[1], 2fb/672kg/p1(1)[1]
[14:08:36] budget: 263 s of 300 left for the settles + regrids (settle_wall 480)
[14:08:37] plan: 632 states, depth 8 new flybys, end plan_done (39 s); deepest 8 new to 5214 d at planner fuel 633 kg
[14:08:37]   depth  1:   35 states (28 in H), t_end 3786-4423 d, fuel 443-510 kg
[14:08:37]   depth  2:   59 states (22 in H), t_end 3986-5023 d, fuel 462-542 kg
[14:08:37]   depth  3:   83 states (13 in H), t_end 4161-5372 d, fuel 484-569 kg
[14:08:37]   depth  4:  110 states (0 in H), t_end 4336-5286 d, fuel 503-596 kg
[14:08:37]   depth  5:  120 states (0 in H), t_end 4506-5392 d, fuel 548-621 kg
[14:08:37]   depth  6:  150 states (0 in H), t_end 4738-5400 d, fuel 578-632 kg
[14:08:37]   depth  7:   69 states (0 in H), t_end 5026-5394 d, fuel 581-657 kg
[14:08:37]   depth  8:    6 states (0 in H), t_end 5214-5385 d, fuel 633-662 kg
[14:08:37] candidates: 49 distinct committed target sets (n_new 1-3, potential 0-2)
[14:08:37] frontier: 16 candidates chosen (n fb / committed planner kg / continuation (lookahead) [full]; pot_mode lookahead, pot_cap None): 1fb/445kg/p0(0)[0], 1fb/448kg/p1(0)[1], 1fb/462kg/p1(1)[1], 1fb/467kg/p2(2)[2], 1fb/467kg/p1(0)[1], 1fb/477kg/p3(2)[3], 1fb/489kg/p3(2)[3], 1fb/495kg/p4(2)[4], 1fb/503kg/p3(2)[3], 2fb/480kg/p0(0)[0], 2fb/493kg/p0(0)[0], 2fb/505kg/p2(2)[2], 2fb/515kg/p3(2)[3], 3fb/523kg/p1(1)[1], 3fb/525kg/p1(1)[1], 3fb/532kg/p2(2)[2]
[14:08:37] budget: 261 s of 300 left for the settles + regrids (settle_wall 480)
[14:08:37]     settle 24: 216 @   4166 d -> ok lintwin tank 999.5 (+7.5) miss 73 km (4.8 s)
[14:08:39] plan: 620 states, depth 7 new flybys, end plan_done (40 s); deepest 7 new to 5303 d at planner fuel 617 kg
[14:08:39]   depth  1:   40 states (34 in H), t_end 3859-4429 d, fuel 437-509 kg
[14:08:39]   depth  2:   73 states (17 in H), t_end 3928-4889 d, fuel 454-533 kg
[14:08:39]   depth  3:  150 states (2 in H), t_end 4153-5299 d, fuel 465-566 kg
[14:08:39]   depth  4:  150 states (0 in H), t_end 4560-5340 d, fuel 489-597 kg
[14:08:39]   depth  5:  150 states (0 in H), t_end 4855-5391 d, fuel 513-625 kg
[14:08:39]   depth  6:   53 states (0 in H), t_end 5171-5385 d, fuel 547-632 kg
[14:08:39]   depth  7:    4 states (0 in H), t_end 5286-5344 d, fuel 617-657 kg
[14:08:39] candidates: 24 distinct committed target sets (n_new 1-3, potential 0-2)
[14:08:39] frontier: 16 candidates chosen (n fb / committed planner kg / continuation (lookahead) [full]; pot_mode lookahead, pot_cap None): 1fb/437kg/p2(2)[2], 1fb/446kg/p2(2)[2], 1fb/463kg/p1(1)[1], 1fb/465kg/p2(2)[2], 1fb/471kg/p2(1)[2], 1fb/479kg/p2(1)[2], 1fb/482kg/p2(0)[2], 1fb/487kg/p2(2)[2], 1fb/494kg/p2(2)[2], 1fb/502kg/p2(0)[2], 1fb/509kg/p3(2)[3], 2fb/488kg/p1(0)[1], 2fb/494kg/p1(1)[1], 2fb/532kg/p2(2)[2], 3fb/503kg/p0(0)[0], 3fb/559kg/p0(0)[0]
[14:08:39] budget: 260 s of 300 left for the settles + regrids (settle_wall 480)
[14:08:42] plan: 699 states, depth 7 new flybys, end plan_done (44 s); deepest 7 new to 5221 d at planner fuel 678 kg
[14:08:42]   depth  1:   46 states (40 in H), t_end 3839-4457 d, fuel 543-603 kg
[14:08:42]   depth  2:  117 states (30 in H), t_end 4098-4927 d, fuel 565-630 kg
[14:08:42]   depth  3:  150 states (3 in H), t_end 4313-5398 d, fuel 575-658 kg
[14:08:42]   depth  4:  150 states (0 in H), t_end 4457-5399 d, fuel 588-677 kg
[14:08:42]   depth  5:  150 states (0 in H), t_end 4809-5400 d, fuel 625-691 kg
[14:08:42]   depth  6:   75 states (0 in H), t_end 5021-5399 d, fuel 646-719 kg
[14:08:42]   depth  7:   11 states (0 in H), t_end 5181-5399 d, fuel 678-722 kg
[14:08:42] candidates: 42 distinct committed target sets (n_new 1-3, potential 0-2)
[14:08:42] frontier: 16 candidates chosen (n fb / committed planner kg / continuation (lookahead) [full]; pot_mode lookahead, pot_cap None): 1fb/544kg/p2(1)[2], 1fb/548kg/p1(1)[1], 1fb/564kg/p3(2)[3], 1fb/567kg/p2(1)[2], 1fb/586kg/p2(1)[2], 1fb/590kg/p2(1)[2], 1fb/592kg/p2(2)[2], 1fb/593kg/p3(1)[3], 1fb/593kg/p2(1)[2], 1fb/594kg/p2(1)[2], 1fb/602kg/p2(1)[2], 2fb/572kg/p1(1)[1], 2fb/588kg/p1(1)[1], 2fb/596kg/p2(2)[2], 3fb/616kg/p1(1)[1], 3fb/651kg/p1(1)[1]
[14:08:42] budget: 256 s of 300 left for the settles + regrids (settle_wall 480)
[14:08:43]     settle 25: 200 @   4168 d -> ok lintwin tank 1026.8 (+34.7) miss 79 km (6.4 s)
[14:08:43] plan: 787 states, depth 8 new flybys, end plan_done (44 s); deepest 8 new to 5387 d at planner fuel 727 kg
[14:08:43]   depth  1:   42 states (38 in H), t_end 3843-4447 d, fuel 596-664 kg
[14:08:43]   depth  2:  131 states (31 in H), t_end 4082-4888 d, fuel 608-689 kg
[14:08:43]   depth  3:  150 states (12 in H), t_end 4248-5193 d, fuel 623-718 kg
[14:08:43]   depth  4:  150 states (0 in H), t_end 4431-5389 d, fuel 640-744 kg
[14:08:43]   depth  5:  150 states (0 in H), t_end 4554-5399 d, fuel 657-759 kg
[14:08:43]   depth  6:  116 states (0 in H), t_end 4709-5392 d, fuel 678-781 kg
[14:08:43]   depth  7:   31 states (0 in H), t_end 4917-5389 d, fuel 706-791 kg
[14:08:43]   depth  8:   17 states (0 in H), t_end 5188-5400 d, fuel 727-781 kg
[14:08:43] candidates: 41 distinct committed target sets (n_new 1-3, potential 0-2)
[14:08:43] frontier: 16 candidates chosen (n fb / committed planner kg / continuation (lookahead) [full]; pot_mode lookahead, pot_cap None): 1fb/596kg/p1(1)[1], 1fb/601kg/p1(1)[1], 1fb/602kg/p3(1)[3], 1fb/606kg/p1(1)[1], 1fb/610kg/p4(2)[4], 1fb/612kg/p1(0)[1], 1fb/614kg/p2(2)[2], 1fb/620kg/p3(2)[3], 1fb/635kg/p2(1)[2], 2fb/608kg/p0(0)[0], 2fb/618kg/p2(1)[2], 2fb/627kg/p2(1)[2], 2fb/632kg/p3(2)[3], 3fb/635kg/p1(1)[1], 3fb/635kg/p1(1)[1], 3fb/662kg/p2(2)[2]
[14:08:43] budget: 256 s of 300 left for the settles + regrids (settle_wall 480)
[14:08:44]     settle 22:  57 @   3945 d -> ok lintwin tank 827.2 (+9.8) miss 78 km (4.8 s)
[14:08:44] plan: 842 states, depth 8 new flybys, end plan_done (45 s); deepest 8 new to 5379 d at planner fuel 630 kg
[14:08:44]   depth  1:   60 states (50 in H), t_end 3853-4407 d, fuel 403-473 kg
[14:08:44]   depth  2:  150 states (30 in H), t_end 4012-4941 d, fuel 416-501 kg
[14:08:44]   depth  3:  150 states (7 in H), t_end 4230-5206 d, fuel 443-534 kg
[14:08:44]   depth  4:  150 states (0 in H), t_end 4445-5208 d, fuel 462-556 kg
[14:08:44]   depth  5:  150 states (0 in H), t_end 4673-5391 d, fuel 493-586 kg
[14:08:44]   depth  6:  132 states (0 in H), t_end 4804-5400 d, fuel 506-610 kg
[14:08:44]   depth  7:   49 states (0 in H), t_end 5193-5398 d, fuel 527-637 kg
[14:08:44]   depth  8:    1 states (0 in H), t_end 5379-5379 d, fuel 630-630 kg
[14:08:44] candidates: 50 distinct committed target sets (n_new 1-3, potential 0-2)
[14:08:44] frontier: 16 candidates chosen (n fb / committed planner kg / continuation (lookahead) [full]; pot_mode lookahead, pot_cap None): 1fb/404kg/p1(0)[1], 1fb/404kg/p0(0)[0], 1fb/404kg/p2(2)[2], 1fb/416kg/p2(2)[2], 1fb/418kg/p2(2)[2], 1fb/423kg/p3(2)[3], 1fb/425kg/p2(2)[2], 1fb/428kg/p2(1)[2], 1fb/429kg/p2(0)[2], 1fb/473kg/p4(2)[4], 2fb/430kg/p0(0)[0], 2fb/437kg/p0(0)[0], 2fb/494kg/p3(2)[3], 3fb/479kg/p0(0)[0], 3fb/482kg/p0(0)[0], 3fb/513kg/p2(2)[2]
[14:08:44] budget: 255 s of 300 left for the settles + regrids (settle_wall 480)
[14:08:45]     settle 24: 271 @   4101 d -> ok lintwin tank 1032.4 (+40.4) miss 71 km (6.9 s)
[14:08:45] plan: 861 states, depth 9 new flybys, end plan_done (46 s); deepest 9 new to 5366 d at planner fuel 715 kg
[14:08:45]   depth  1:   50 states (41 in H), t_end 3804-4538 d, fuel 510-582 kg
[14:08:45]   depth  2:   98 states (51 in H), t_end 3965-4888 d, fuel 531-606 kg
[14:08:45]   depth  3:  150 states (12 in H), t_end 4122-5264 d, fuel 552-623 kg
[14:08:45]   depth  4:  150 states (3 in H), t_end 4275-5387 d, fuel 566-650 kg
[14:08:45]   depth  5:  150 states (0 in H), t_end 4523-5396 d, fuel 571-675 kg
[14:08:45]   depth  6:  139 states (0 in H), t_end 4738-5366 d, fuel 605-700 kg
[14:08:45]   depth  7:   99 states (0 in H), t_end 4869-5371 d, fuel 613-727 kg
[14:08:45]   depth  8:   23 states (0 in H), t_end 5118-5371 d, fuel 676-740 kg
[14:08:45]   depth  9:    2 states (0 in H), t_end 5320-5366 d, fuel 715-763 kg
[14:08:45] candidates: 69 distinct committed target sets (n_new 1-4, potential 0-2)
[14:08:45] frontier: 16 candidates chosen (n fb / committed planner kg / continuation (lookahead) [full]; pot_mode lookahead, pot_cap None): 1fb/510kg/p2(1)[2], 1fb/517kg/p2(1)[2], 1fb/536kg/p4(2)[4], 1fb/537kg/p3(2)[3], 1fb/538kg/p2(1)[2], 1fb/547kg/p2(1)[2], 1fb/547kg/p2(1)[2], 2fb/531kg/p1(1)[1], 2fb/535kg/p1(1)[1], 2fb/566kg/p3(2)[3], 2fb/590kg/p3(2)[3], 3fb/578kg/p0(0)[0], 3fb/582kg/p0(0)[0], 3fb/592kg/p2(2)[2], 4fb/616kg/p1(1)[1], 4fb/647kg/p1(1)[1]
[14:08:45] budget: 253 s of 300 left for the settles + regrids (settle_wall 480)
[14:08:46]     settle 24: 105 @   3897 d -> ok lintwin tank 802.9 (+7.0) miss 19 km (1.5 s)
[14:08:46]     settle 28: 200 @   4134 d -> ok lintwin tank 957.3 (+8.7) miss 73 km (3.1 s)
[14:08:46]     settle 25:  79 @   4290 d -> ok lintwin tank 920.5 (+100.5) miss 1 km (8.7 s)
[14:08:46]     settle 26: 107 @   4050 d -> ok lintwin tank 909.8 (+11.5) miss 71 km (4.0 s)
[14:08:47]     settle 22: 184 @   3945 d -> ok lintwin tank 829.3 (+11.8) miss 58 km (2.7 s)
[14:08:49]     settle 24: 168 @   4271 d -> ok lintwin tank 805.9 (+9.9) miss 25 km (2.2 s)
[14:08:49]     settle 25:  57 @   3941 d -> ok lintwin tank 841.4 (+21.4) miss 59 km (2.4 s)
[14:08:49]     settle 24: 288 @   3989 d -> ok lintwin tank 881.0 (+6.0) miss 78 km (4.0 s)
[14:08:50]     settle 28: 299 @   4085 d -> ok lintwin tank 959.0 (+10.5) miss 77 km (3.5 s)
[14:08:50]     settle 25: 149 @   4298 d -> ok lintwin tank 1037.5 (+45.4) miss 20 km (7.1 s)
[14:08:51]     settle 24: 182 @   4231 d -> ok lintwin tank 802.8 (+6.8) miss 28 km (1.5 s)
[14:08:51]     settle 26: 168 @   4275 d -> ok lintwin tank 905.6 (+7.3) miss 68 km (4.2 s)
[14:08:52]     settle 24: 200 @   4307 d -> ok lintwin tank 1103.6 (+111.6) miss 78 km (6.3 s)
[14:08:53]     settle 22:  13 @   4015 d -> ok lintwin tank 844.8 (+27.3) miss 65 km (4.9 s)
[14:08:53]     settle 24: 145 @   4115 d -> ok lintwin tank 819.9 (+24.0) miss 96 km (2.2 s)
[14:08:54]     settle 24: 125 @   4079 d -> ok lintwin tank 885.6 (+10.6) miss 83 km (4.7 s)
[14:08:57]     settle 24: 231 @   4042 d -> ok lintwin tank 839.7 (+43.8) miss 57 km (2.4 s)
[14:08:58]     settle 26: 125 @   4061 d -> ok lintwin tank 919.2 (+21.0) miss 74 km (6.3 s)
[14:08:59]     settle 28:  79 @   3967 d -> ok lintwin tank 1018.0 (+69.5) miss 46 km (8.0 s)
[14:08:59]     settle 24: 212 @   3828 d -> ok lintwin tank 886.0 (+11.0) miss 67 km (3.9 s)
[14:08:59]     settle 25: 175 @   4318 d -> ok lintwin tank 917.5 (+97.5) miss 0 km (9.3 s)
[14:08:59]     settle 25: 216 @   4174 d -> ok lintwin tank 1086.2 (+94.1) miss 67 km (8.2 s)
[14:09:00]     settle 24: 299 @   4138 d -> ok lintwin tank 1057.2 (+65.2) miss 70 km (7.2 s)
[14:09:01]     settle 24: 217 @   3988 d -> ok lintwin tank 810.4 (+14.4) miss 29 km (3.3 s)
[14:09:02]     settle 22: 192 @   4125 d -> ok lintwin tank 841.9 (+24.5) miss 77 km (8.3 s)
[14:09:03]     settle 24: 248 @   4047 d -> ok lintwin tank 805.8 (+9.8) miss 19 km (2.1 s)
[14:09:04]     settle 24:  13 @   3989 d -> ok lintwin tank 892.5 (+17.5) miss 58 km (4.3 s)
[14:09:04]     settle 24: 188 @   4039 d -> ok lam tank 1032.2 (+40.2) miss 24 km (3.9 s)
[14:09:07]     settle 28: 156 @   4298 d -> ok lintwin tank 967.9 (+19.4) miss 1 km (7.0 s)
[14:09:07]     settle 26: 240 @   3839 d -> ok lintwin tank 921.6 (+23.4) miss 71 km (7.8 s)
[14:09:07]     settle 22: 217 @   3993 d -> ok lintwin tank 847.0 (+29.5) miss 76 km (4.1 s)
[14:09:07]     settle 25: 182 @   4234 d -> ok lintwin tank 822.3 (+2.3) miss 0 km (7.1 s)
[14:09:08]     settle 24:  99 @   4017 d -> ok lintwin tank 927.4 (+52.3) miss 72 km (3.9 s)
[14:09:08]     settle 25: 271 @   4103 d -> ok lintwin tank 1073.3 (+81.2) miss 69 km (8.3 s)
[14:09:10]     settle 22: 205 @   3916 d -> ok lintwin tank 860.6 (+43.1) miss 44 km (2.6 s)
[14:09:10]     settle 24: 116 @   4319 d -> ok lintwin tank 990.7 (+-1.3) miss 75 km (4.8 s)
[14:09:10]   drift: leg 116@4319 d settled outside (T, T+H] -> column cut at 0
[14:09:12]     settle 24:   7 @   3883 d -> ok lintwin tank 905.8 (+30.8) miss 82 km (2.6 s)
[14:09:12]     settle 24: 160 @   4064 d -> ok lin tank 825.2 (+29.3) miss 20 km (7.8 s)
[14:09:12]     settle 28: 245 @   3876 d -> ok lintwin tank 977.9 (+29.3) miss 24 km (4.5 s)
[14:09:12]     settle 26: 105 @   4064 d -> ok lintwin tank 948.5 (+50.3) miss 47 km (4.5 s)
[14:09:13]     settle 25:  13 @   4027 d -> ok lintwin tank 832.2 (+12.2) miss 39 km (3.7 s)
[14:09:15]     settle 25: 299 @   4135 d -> ok lintwin tank 1003.2 (+11.1) miss 66 km (5.7 s)
[14:09:15]     settle 24: 267 @   4271 d -> ok lam tank 1155.7 (+163.8) miss 19 km (4.6 s)
[14:09:15]   drift: leg 267@4271 d settled outside (T, T+H] -> column cut at 0
[14:09:16]     settle 24: 105 @   4080 d -> ok lintwin tank 934.7 (+59.7) miss 26 km (3.7 s)
[14:09:16]     settle 26: 160 @   3993 d -> ok lintwin tank 940.6 (+42.4) miss 25 km (3.6 s)
[14:09:17]     settle 28:  98 @   4160 d -> ok lintwin tank 971.7 (+23.2) miss 72 km (4.8 s)
[14:09:18]     settle 22: 240 @   3859 d -> ok lintwin tank 875.2 (+57.8) miss 72 km (6.7 s)
[14:09:18]     settle 25: 172 @   3926 d -> ok lintwin tank 808.4 (+-11.6) miss 74 km (4.9 s)
[14:09:19]     settle 24: 205 @   3974 d -> ok lintwin tank 855.0 (+59.1) miss 3 km (7.0 s)
[14:09:21]     settle 24:  51 @   3866 d -> ok lintwin tank 803.1 (+7.2) miss 20 km (1.4 s)
[14:09:23]     settle 25: 182 @   4249 d -> ok lintwin tank 896.1 (+10.5) miss 80 km (6.3 s)
[14:09:23]     settle 26: 156 @   4310 d -> ok lintwin tank 1052.0 (+25.3) miss 1 km (7.5 s)
[14:09:23]     settle 28: 267 @   4306 d -> ok lintwin tank 968.1 (+19.6) miss 72 km (5.2 s)
[14:09:23]     settle 24:  13 @   3999 d -> ok lintwin tank 815.6 (+19.7) miss 65 km (1.5 s)
[14:09:24] RESULT s07_c6: 6 columns; frontier 1fb 11 kg p1/3 | 2fb 59 kg p1/1; settles 6 (6 ok), regrids 6 (6 ok); wall 85 s of 300 (plan 37, price 0, settle 48; budget hit None, 0 unsettled)
[14:09:24]     settle 26: 212 @   3861 d -> ok lintwin tank 952.8 (+54.6) miss 2 km (7.1 s)
[14:09:24]     settle 25: 299 @   3830 d -> ok lintwin tank 828.2 (+8.1) miss 66 km (5.3 s)
[14:09:25]   job s07_c6 craft columns   6  levels 7  settles 6/6  end plan_done  wall 85.2 s
[14:09:25]     settle 22:  98 @   3985 d -> ok lintwin tank 898.7 (+81.2) miss 58 km (6.2 s)
[14:09:26]     settle 25: 168 @   4268 d -> ok lintwin tank 818.8 (+3.2) miss 74 km (2.4 s)
[14:09:26]     settle 24: 172 @   4272 d -> FAIL [('lam', 24815786.5)] (11.1 s)
[14:09:27]     settle 24:  13 @   3994 d -> ok lintwin tank 892.5 (+17.5) miss 58 km (3.7 s)
[14:09:27]     settle 25:  13 @   4012 d -> ok lintwin tank 818.8 (+15.8) miss 38 km (0.7 s)
[14:09:28]     settle 28: 181 @   3965 d -> ok lintwin tank 962.5 (+14.0) miss 53 km (3.9 s)
[14:09:29]     settle 26:  56 @   3951 d -> ok lintwin tank 949.6 (+51.3) miss 61 km (4.1 s)
[14:09:30]     settle 22: 248 @   4029 d -> ok lintwin tank 860.8 (+43.3) miss 69 km (4.1 s)
[14:09:30]     settle 25: 145 @   4120 d -> ok lintwin tank 839.6 (+36.5) miss 67 km (2.4 s)
[14:09:31]     settle 24:  13 @   4095 d -> ok lam tank 1039.3 (+47.3) miss 1 km (4.8 s)
[14:09:32]     settle 25: 155 @   4174 d -> ok lintwin tank 892.8 (+0.3) miss 87 km (4.7 s)
[14:09:34]     settle 28: 134 @   4044 d -> ok lintwin tank 1122.8 (+174.3) miss 19 km (5.2 s)
[14:09:34]     settle 29: 299 @   4090 d -> FAIL [] (0.0 s)
[14:09:36]     settle 26: 145 @   4099 d -> ok lintwin tank 929.4 (+31.2) miss 31 km (6.8 s)
[14:09:37]     settle 25: 233 @   3786 d -> ok lam tank 884.9 (+64.9) miss 1 km (11.9 s)
[14:09:37]     settle 25:  13 @   4090 d -> ok lintwin tank 883.8 (+28.8) miss 3 km (6.2 s)
[14:09:38]     settle 24:  87 @   3896 d -> ok lintwin tank 1048.1 (+56.1) miss 81 km (6.4 s)
[14:09:39]     settle 22: 105 @   3910 d -> ok lintwin tank 833.6 (+16.1) miss 71 km (5.8 s)
[14:09:39]     settle 25: 231 @   4032 d -> ok lintwin tank 912.7 (+26.6) miss 29 km (6.3 s)
[14:09:40]     settle 26: 267 @   4319 d -> ok lintwin tank 887.9 (+4.1) miss 33 km (2.5 s)
[14:09:40]   drift: leg 267@4319 d settled outside (T, T+H] -> column cut at 2
[14:09:41]     settle 24: 248 @   4051 d -> ok lintwin tank 805.8 (+9.8) miss 19 km (1.4 s)
[14:09:43]     settle 25: 145 @   4117 d -> ok lintwin tank 838.3 (+32.5) miss 46 km (1.2 s)
[14:09:44]     settle 25: 267 @   4302 d -> ok lintwin tank 1053.1 (+20.9) miss 58 km (4.8 s)
[14:09:44]     settle 24: 212 @   3855 d -> ok lintwin tank 886.6 (+11.5) miss 65 km (4.5 s)
[14:09:45]     settle 26: 231 @   4049 d -> ok lintwin tank 919.3 (+21.1) miss 89 km (8.0 s)
[14:09:45]     settle 29: 200 @   4137 d -> FAIL [('lam', 20374288.8)] (10.9 s)
[14:09:47]     settle 26: 168 @   4274 d -> ok lintwin tank 856.1 (+17.8) miss 76 km (3.9 s)
[14:09:47]     settle 22: 243 @   3918 d -> ok lintwin tank 878.8 (+61.4) miss 1 km (7.3 s)
[14:09:47]     settle 25:  87 @   3988 d -> ok lintwin tank 843.8 (+23.7) miss 1 km (7.9 s)
[14:09:49]     settle 26: 182 @   4230 d -> ok lintwin tank 839.4 (+-0.3) miss 46 km (2.2 s)
[14:09:50] RESULT s07_c2: 16 columns; frontier 1fb 6 kg p2/2 | 2fb 23 kg p0/2 | 3fb 43 kg p2/2; settles 20 (20 ok), regrids 16 (16 ok); wall 112 s of 300 (plan 45, price 1, settle 66; budget hit None, 0 unsettled)
[14:09:51]   job s07_c2 craft columns  16  levels 8  settles 20/20  end plan_done  wall 111.5 s
[14:09:51]     settle 25:  99 @   4020 d -> ok lintwin tank 930.5 (+43.9) miss 1 km (6.8 s)
[14:09:52]     settle 29: 299 @   4096 d -> ok lintwin tank 999.1 (+21.2) miss 63 km (6.1 s)
[14:09:52]     settle 26:  98 @   4008 d -> ok lintwin tank 966.3 (+68.1) miss 1 km (6.3 s)
[14:09:52]     settle 25: 216 @   4161 d -> ok lintwin tank 1059.4 (+11.4) miss 66 km (7.7 s)
[14:09:53]   3 candidates dropped (settle failure / regrid failure / duplicate after truncation)
[14:09:53] RESULT s07_c3: 9 columns; frontier 1fb 7 kg p1/1 | 2fb 61 kg p1/1; settles 12 (11 ok), regrids 9 (9 ok); wall 115 s of 300 (plan 34, price 1, settle 81; budget hit None, 0 unsettled)
[14:09:55]   job s07_c3 craft columns   9  levels 8  settles 11/12  end plan_done  wall 114.6 s
[14:09:55]     settle 26: 278 @   4128 d -> ok lintwin tank 853.1 (+11.7) miss 73 km (2.2 s)
[14:09:56]     settle 27: 168 @   4278 d -> ok lintwin tank 914.0 (+4.3) miss 40 km (3.9 s)
[14:09:57]     settle 29: 200 @   4142 d -> ok lintwin tank 989.6 (+11.8) miss 58 km (5.0 s)
[14:09:58]     settle 26:  79 @   4267 d -> ok lintwin tank 925.3 (+12.6) miss 2 km (5.8 s)
[14:09:58]     settle 23: 205 @   3938 d -> FAIL [('lam', 9332167.8)] (10.9 s)
[14:10:01]     settle 27: 220 @   4194 d -> ok lintwin tank 935.3 (+13.7) miss 72 km (3.7 s)
[14:10:01]     settle 26: 171 @   4154 d -> ok lintwin tank 876.0 (+43.8) miss 50 km (4.6 s)
[14:10:02]     settle 30: 267 @   4311 d -> ok lintwin tank 1012.8 (+13.7) miss 47 km (4.7 s)
[14:10:03]     settle 24: 212 @   3823 d -> ok lintwin tank 886.0 (+11.0) miss 66 km (3.3 s)
[14:10:05]     settle 22: 205 @   3996 d -> ok lintwin tank 857.6 (+40.1) miss 1 km (6.9 s)
[14:10:05]     settle 27: 160 @   4098 d -> ok lintwin tank 922.3 (+3.1) miss 68 km (2.6 s)
[14:10:09]     settle 26: 262 @   4082 d -> ok lintwin tank 928.7 (+43.8) miss 15 km (6.9 s)
[14:10:09]     settle 30: 267 @   4301 d -> ok lintwin tank 1014.3 (+24.7) miss 73 km (5.8 s)
[14:10:09]   3 candidates dropped (settle failure / regrid failure / duplicate after truncation)
[14:10:09] RESULT s07_c7: 13 columns; frontier 1fb 8 kg p1/2 | 2fb 41 kg p2/2 | 3fb 64 kg p1/2; settles 15 (13 ok), regrids 13 (13 ok); wall 131 s of 300 (plan 44, price 1, settle 87; budget hit None, 0 unsettled)
[14:10:11]     settle 25:  13 @   4078 d -> ok lintwin tank 890.6 (+4.5) miss 1 km (7.2 s)
[14:10:11]   job s07_c7 craft columns  13  levels 8  settles 13/15  end plan_done  wall 130.8 s
[14:10:11]     settle 23: 155 @   4181 d -> ok lintwin tank 863.5 (+5.9) miss 58 km (5.4 s)
[14:10:12]     settle 28: 247 @   4313 d -> ok lintwin tank 961.0 (+38.7) miss 1 km (6.1 s)
[14:10:12]   drift: leg 247@4313 d settled outside (T, T+H] -> column cut at 2
[14:10:16]     settle 26: 171 @   4152 d -> ok lintwin tank 900.7 (+10.1) miss 0 km (5.4 s)
[14:10:16]     settle 23: 299 @   4258 d -> ok lintwin tank 898.3 (+19.5) miss 52 km (4.6 s)
[14:10:19]     settle 27: 145 @   4106 d -> ok lintwin tank 961.3 (+11.8) miss 4 km (6.4 s)
[14:10:22]     settle 26: 264 @   4138 d -> ok lintwin tank 930.6 (+18.0) miss 0 km (5.2 s)
[14:10:25]     settle 28: 247 @   4316 d -> ok lintwin tank 975.6 (+14.3) miss 1 km (6.0 s)
[14:10:25]   drift: leg 247@4316 d settled outside (T, T+H] -> column cut at 2
[14:10:25]   1 candidates dropped (settle failure / regrid failure / duplicate after truncation)
[14:10:25] RESULT s07_c0: 15 columns; frontier 1fb 7 kg p1/2 | 2fb 16 kg p1/2; settles 17 (17 ok), regrids 15 (15 ok); wall 147 s of 300 (plan 44, price 1, settle 103; budget hit None, 0 unsettled)
[14:10:27]   job s07_c0 craft columns  15  levels 7  settles 17/17  end plan_done  wall 146.7 s
[14:10:27]     settle 23:  13 @   4010 d -> ok lintwin tank 857.6 (+24.1) miss 2 km (5.8 s)
[14:10:28]     settle 26:  87 @   3986 d -> FAIL [('lam', 154491659.3)] (9.8 s)
[14:10:31]     settle 24:  41 @   4153 d -> ok lintwin tank 876.7 (+19.1) miss 75 km (3.5 s)
[14:10:32]   2 candidates dropped (settle failure / regrid failure / duplicate after truncation)
[14:10:32] RESULT s07_c1: 14 columns; frontier 1fb 10 kg p2/2 | 2fb 46 kg p1/2 | 3fb 59 kg p0/0; settles 17 (16 ok), regrids 14 (14 ok); wall 153 s of 300 (plan 40, price 1, settle 113; budget hit None, 0 unsettled)
[14:10:33]   job s07_c1 craft columns  14  levels 7  settles 16/17  end plan_done  wall 153.0 s
[14:10:33]     settle 27: 229 @   4209 d -> ok lintwin tank 948.9 (+20.2) miss 32 km (5.6 s)
[14:10:35]     settle 27: 175 @   4318 d -> ok lintwin tank 935.8 (+5.2) miss 56 km (5.8 s)
[14:10:35]   drift: leg 175@4318 d settled outside (T, T+H] -> column cut at 3
[14:10:40]     settle 25:  99 @   4020 d -> ok lintwin tank 930.5 (+43.9) miss 1 km (5.8 s)
[14:10:42]     settle 27: 195 @   4214 d -> ok lintwin tank 970.1 (+41.3) miss 50 km (4.5 s)
[14:10:43]     settle 26: 264 @   4140 d -> ok lam tank 952.3 (+21.8) miss 68 km (2.6 s)
[14:10:49]     settle 27:  79 @   4275 d -> ok lintwin tank 945.8 (+-6.5) miss 61 km (6.0 s)
[14:10:50]   1 candidates dropped (settle failure / regrid failure / duplicate after truncation)
[14:10:50] RESULT s07_c5: 15 columns; frontier 1fb 6 kg p1/2 | 2fb 18 kg p1/2 | 3fb 26 kg p0/2 | 4fb 70 kg p1/1; settles 22 (22 ok), regrids 15 (15 ok); wall 171 s of 300 (plan 46, price 2, settle 125; budget hit None, 0 unsettled)
[14:10:51]   job s07_c5 craft columns  15  levels 9  settles 22/22  end plan_done  wall 171.2 s
[14:10:52]   2 candidates dropped (settle failure / regrid failure / duplicate after truncation)
[14:10:52] RESULT s07_c4: 14 columns; frontier 1fb -12 kg p2/2 | 2fb 32 kg p0/2 | 3fb 156 kg p1/1; settles 15 (14 ok), regrids 14 (14 ok); wall 173 s of 300 (plan 39, price 1, settle 135; budget hit None, 0 unsettled)
[14:10:53]   job s07_c4 craft columns  14  levels 8  settles 14/15  end plan_done  wall 173.3 s
[14:10:53] [slice 7] propose: 102 columns (0 bad dropped) in 174.4 s
[14:10:53] [slice 7] auction: 102 columns, kept 93, dropped {'ramp': 5, 'fuel': 4}; lam 1.00 H_eff 540 d fuel budget 482 kg quota OFF
[14:10:53] [slice 7] auction: status optimal objective 33.219 vars 93 rows 39 chosen 8 fuel 471/482 kg (0.007 s)
[14:10:55] [slice 7] claims: c0:2 c2:2 c3:1 c4:1 c5:1 c6:1 c7:2  (10 targets: 1 kept, 9 new; 7 released, 0 expired (ttl 9), 1 conflicts)
[14:10:55] [slice 7] fuel dual: lam 1.000 -> 1.500 (chosen 471 / budget 482 kg, ramp drops 5 of 98)
[14:10:55] [slice 7 T=3780 d] launched 8/8  covered 210  remaining 88  fuel 2809 kg  sumJi 10.5271  chosen: c0:2(+24) c1:3(+59) c2:3(+43) c3:1(+7) c4:3(+156) c5:4(+71) c6:1(+45) c7:3(+65)  rejected: -  (wall 176 s)
[14:10:55] [slice 8] claims in force: c0:2 c2:2 c3:1 c4:1 c5:1 c6:1 c7:2  (10 targets; claim_bonus 1.5, ttl 9)
[14:10:55]   c0: claims: 2 own (prized +1.5), 8 claimed by others withheld
[14:10:55]   c1: claims: 0 own (prized +1.5), 10 claimed by others withheld
[14:10:55]   c2: claims: 2 own (prized +1.5), 8 claimed by others withheld
[14:10:55]   c3: claims: 1 own (prized +1.5), 9 claimed by others withheld
[14:10:55]   c4: claims: 1 own (prized +1.5), 9 claimed by others withheld
[14:10:55]   c5: claims: 1 own (prized +1.5), 9 claimed by others withheld
[14:10:55]   c6: claims: 1 own (prized +1.5), 9 claimed by others withheld
[14:10:55]   c7: claims: 2 own (prized +1.5), 8 claimed by others withheld
[14:10:55] [slice 8 T=4320 d] propose: 8 jobs (8 craft, 0 root) on 9 workers, proposer planbeam, H_eff 540 d, lam 1.5
[14:10:55] job s08_c2 (craft, craft 2, planbeam): T 4320 d H 540 L 360; plan horizon 5477 d; remaining 80; prize >1 on 80; width 150 npt 6 mc 150 dv 1.2 drmax 0.15 plan_wall 240 s; quota None
[14:10:55] job s08_c0 (craft, craft 0, planbeam): T 4320 d H 540 L 360; plan horizon 5477 d; remaining 80; prize >1 on 80; width 150 npt 6 mc 150 dv 1.2 drmax 0.15 plan_wall 240 s; quota None
[14:10:55] job s08_c4 (craft, craft 4, planbeam): T 4320 d H 540 L 360; plan horizon 5477 d; remaining 79; prize >1 on 79; width 150 npt 6 mc 150 dv 1.2 drmax 0.15 plan_wall 240 s; quota None
[14:10:55] job s08_c5 (craft, craft 5, planbeam): T 4320 d H 540 L 360; plan horizon 5477 d; remaining 79; prize >1 on 79; width 150 npt 6 mc 150 dv 1.2 drmax 0.15 plan_wall 240 s; quota None
[14:10:55] job s08_c6 (craft, craft 6, planbeam): T 4320 d H 540 L 360; plan horizon 5477 d; remaining 79; prize >1 on 79; width 150 npt 6 mc 150 dv 1.2 drmax 0.15 plan_wall 240 s; quota None
[14:10:55] job s08_c1 (craft, craft 1, planbeam): T 4320 d H 540 L 360; plan horizon 5477 d; remaining 78; prize >1 on 78; width 150 npt 6 mc 150 dv 1.2 drmax 0.15 plan_wall 240 s; quota None
[14:10:55] job s08_c3 (craft, craft 3, planbeam): T 4320 d H 540 L 360; plan horizon 5477 d; remaining 79; prize >1 on 79; width 150 npt 6 mc 150 dv 1.2 drmax 0.15 plan_wall 240 s; quota None
[14:10:55] job s08_c7 (craft, craft 7, planbeam): T 4320 d H 540 L 360; plan horizon 5477 d; remaining 80; prize >1 on 80; width 150 npt 6 mc 150 dv 1.2 drmax 0.15 plan_wall 240 s; quota None
[14:10:55] prefix slices/s08/in/craft_2.npz: 26 flybys, t_end 4231.6 d, tank 839.1 kg (planner view), miss 7.2 km, nreg 211
[14:10:55] budget: job_wall 300 s, 300 s left before the plan -> plan cap 210 s (plan_wall 240, settle_reserve 90)
[14:10:55] prefix slices/s08/in/craft_0.npz: 27 flybys, t_end 4095.3 d, tank 922.0 kg (planner view), miss 91.8 km, nreg 207
[14:10:55] budget: job_wall 300 s, 300 s left before the plan -> plan cap 210 s (plan_wall 240, settle_reserve 90)
[14:10:55] prefix slices/s08/in/craft_5.npz: 27 flybys, t_end 4270.9 d, tank 945.6 kg (planner view), miss 2.1 km, nreg 208
[14:10:55] budget: job_wall 300 s, 300 s left before the plan -> plan cap 210 s (plan_wall 240, settle_reserve 90)
[14:10:55] prefix slices/s08/in/craft_1.npz: 24 flybys, t_end 4151.8 d, tank 876.6 kg (planner view), miss 10.6 km, nreg 210
[14:10:55] budget: job_wall 300 s, 300 s left before the plan -> plan cap 210 s (plan_wall 240, settle_reserve 90)
[14:10:55] prefix slices/s08/in/craft_3.npz: 24 flybys, t_end 4165.6 d, tank 999.0 kg (planner view), miss 10.1 km, nreg 207
[14:10:55] budget: job_wall 300 s, 300 s left before the plan -> plan cap 210 s (plan_wall 240, settle_reserve 90)
[14:10:55] prefix slices/s08/in/craft_7.npz: 30 flybys, t_end 4309.6 d, tank 1014.0 kg (planner view), miss 8.9 km, nreg 205
[14:10:55] prefix slices/s08/in/craft_6.npz: 25 flybys, t_end 4291.0 d, tank 1037.3 kg (planner view), miss 6.7 km, nreg 208
[14:10:55] budget: job_wall 300 s, 300 s left before the plan -> plan cap 210 s (plan_wall 240, settle_reserve 90)
[14:10:55] budget: job_wall 300 s, 300 s left before the plan -> plan cap 210 s (plan_wall 240, settle_reserve 90)
[14:10:55] prefix slices/s08/in/craft_4.npz: 27 flybys, t_end 4211.9 d, tank 975.7 kg (planner view), miss 77.2 km, nreg 207
[14:10:55] budget: job_wall 300 s, 300 s left before the plan -> plan cap 210 s (plan_wall 240, settle_reserve 90)
[14:11:20] first level (both): 0 production + 26 relaxed (dv 2.5, 0.3 AU; 0.1 s) + 3 lintwin children -> 19 unique (24.8 s)
[14:11:20] plan start: prefix 30 flybys, t_end 4309.6 d, planner mass 949.1 kg (dv 20.487 km/s); 19 first-level states
[14:11:20] first level (both): 0 production + 15 relaxed (dv 2.5, 0.3 AU; 0.0 s) + 28 lintwin children -> 34 unique (25.0 s)
[14:11:20] plan start: prefix 26 flybys, t_end 4231.6 d, planner mass 1147.0 kg (dv 13.058 km/s); 34 first-level states
[14:11:20] first level (both): 0 production + 28 relaxed (dv 2.5, 0.3 AU; 0.1 s) + 30 lintwin children -> 46 unique (25.2 s)
[14:11:20] plan start: prefix 24 flybys, t_end 4165.6 d, planner mass 963.3 kg (dv 19.902 km/s); 46 first-level states
[14:11:20] first level (both): 0 production + 4 relaxed (dv 2.5, 0.3 AU; 0.0 s) + 15 lintwin children -> 16 unique (25.3 s)
[14:11:20] plan start: prefix 24 flybys, t_end 4151.8 d, planner mass 1097.8 kg (dv 14.775 km/s); 16 first-level states
[14:11:21] first level (both): 0 production + 19 relaxed (dv 2.5, 0.3 AU; 0.0 s) + 23 lintwin children -> 30 unique (25.6 s)
[14:11:21] plan start: prefix 27 flybys, t_end 4270.9 d, planner mass 1017.8 kg (dv 17.744 km/s); 30 first-level states
[14:11:21] first level (both): 0 production + 16 relaxed (dv 2.5, 0.3 AU; 0.1 s) + 4 lintwin children -> 13 unique (25.6 s)
[14:11:21] plan start: prefix 27 flybys, t_end 4211.9 d, planner mass 986.3 kg (dv 18.976 km/s); 13 first-level states
[14:11:21] first level (both): 0 production + 15 relaxed (dv 2.5, 0.3 AU; 0.1 s) + 23 lintwin children -> 28 unique (25.7 s)
[14:11:21] plan start: prefix 25 flybys, t_end 4291.0 d, planner mass 927.8 kg (dv 21.378 km/s); 28 first-level states
[14:11:22] first level (both): 0 production + 17 relaxed (dv 2.5, 0.3 AU; 0.1 s) + 28 lintwin children -> 40 unique (26.9 s)
[14:11:22] plan start: prefix 27 flybys, t_end 4095.3 d, planner mass 1043.8 kg (dv 16.756 km/s); 40 first-level states
[14:11:23] plan: 70 states, depth 5 new flybys, end plan_done (28 s); deepest 5 new to 5380 d at planner fuel 730 kg
[14:11:23]   depth  1:   13 states (13 in H), t_end 4381-4517 d, fuel 614-684 kg
[14:11:23]   depth  2:   18 states (18 in H), t_end 4609-4836 d, fuel 678-709 kg
[14:11:23]   depth  3:   15 states (0 in H), t_end 4876-5163 d, fuel 686-736 kg
[14:11:23]   depth  4:   16 states (0 in H), t_end 5105-5352 d, fuel 704-761 kg
[14:11:23]   depth  5:    8 states (0 in H), t_end 5332-5380 d, fuel 730-778 kg
[14:11:23] candidates: 13 distinct committed target sets (n_new 1-2, potential 0-2)
[14:11:23] frontier: 13 candidates chosen (n fb / committed planner kg / continuation (lookahead) [full]; pot_mode lookahead, pot_cap None): 1fb/634kg/p0(0)[0], 1fb/655kg/p3(2)[3], 1fb/660kg/p0(0)[0], 1fb/665kg/p1(0)[1], 1fb/670kg/p3(2)[3], 2fb/678kg/p0(0)[0], 2fb/680kg/p0(0)[0], 2fb/682kg/p2(2)[2], 2fb/683kg/p0(0)[0], 2fb/699kg/p2(2)[2], 2fb/701kg/p1(1)[1], 2fb/708kg/p2(2)[2], 2fb/709kg/p1(1)[1]
[14:11:23] budget: 272 s of 300 left for the settles + regrids (settle_wall 480)
[14:11:23] plan: 128 states, depth 5 new flybys, end plan_done (28 s); deepest 5 new to 5424 d at planner fuel 626 kg
[14:11:23]   depth  1:   16 states (11 in H), t_end 4354-4962 d, fuel 537-581 kg
[14:11:23]   depth  2:   35 states (4 in H), t_end 4532-5425 d, fuel 560-606 kg
[14:11:23]   depth  3:   31 states (1 in H), t_end 4796-5458 d, fuel 590-627 kg
[14:11:23]   depth  4:   32 states (0 in H), t_end 5033-5432 d, fuel 608-657 kg
[14:11:23]   depth  5:   14 states (0 in H), t_end 5249-5436 d, fuel 626-669 kg
[14:11:23] candidates: 13 distinct committed target sets (n_new 1-3, potential 0-2)
[14:11:23] frontier: 13 candidates chosen (n fb / committed planner kg / continuation (lookahead) [full]; pot_mode lookahead, pot_cap None): 1fb/543kg/p0(0)[0], 1fb/554kg/p2(2)[2], 1fb/555kg/p3(1)[3], 1fb/560kg/p0(0)[0], 1fb/563kg/p1(1)[1], 1fb/563kg/p0(0)[0], 1fb/566kg/p3(2)[3], 1fb/573kg/p2(1)[2], 1fb/581kg/p0(0)[0], 2fb/585kg/p2(2)[2], 2fb/589kg/p2(1)[2], 2fb/603kg/p1(1)[1], 3fb/612kg/p1(1)[1]
[14:11:23] budget: 272 s of 300 left for the settles + regrids (settle_wall 480)
[14:11:25] plan: 271 states, depth 6 new flybys, end plan_done (30 s); deepest 6 new to 5447 d at planner fuel 802 kg
[14:11:25]   depth  1:   19 states (19 in H), t_end 4439-4700 d, fuel 676-717 kg
[14:11:25]   depth  2:   34 states (7 in H), t_end 4582-5150 d, fuel 689-744 kg
[14:11:25]   depth  3:   72 states (0 in H), t_end 4889-5461 d, fuel 701-764 kg
[14:11:25]   depth  4:  121 states (0 in H), t_end 5080-5454 d, fuel 716-788 kg
[14:11:25]   depth  5:   21 states (0 in H), t_end 5203-5466 d, fuel 753-812 kg
[14:11:25]   depth  6:    4 states (0 in H), t_end 5424-5461 d, fuel 802-823 kg
[14:11:25] candidates: 12 distinct committed target sets (n_new 1-2, potential 0-3)
[14:11:25] frontier: 12 candidates chosen (n fb / committed planner kg / continuation (lookahead) [full]; pot_mode lookahead, pot_cap None): 1fb/686kg/p3(3)[3], 1fb/688kg/p3(2)[3], 1fb/703kg/p1(1)[1], 1fb/706kg/p2(2)[2], 1fb/713kg/p2(2)[2], 1fb/713kg/p4(3)[4], 1fb/717kg/p3(2)[3], 2fb/709kg/p1(1)[1], 2fb/709kg/p2(2)[2], 2fb/723kg/p3(3)[3], 2fb/727kg/p0(0)[0], 2fb/739kg/p2(2)[2]
[14:11:25] budget: 270 s of 300 left for the settles + regrids (settle_wall 480)
[14:11:26] plan: 176 states, depth 6 new flybys, end plan_done (31 s); deepest 6 new to 5438 d at planner fuel 829 kg
[14:11:26]   depth  1:   28 states (20 in H), t_end 4329-4995 d, fuel 686-741 kg
[14:11:26]   depth  2:   53 states (18 in H), t_end 4609-5448 d, fuel 689-763 kg
[14:11:26]   depth  3:   59 states (3 in H), t_end 4739-5470 d, fuel 715-779 kg
[14:11:26]   depth  4:   24 states (0 in H), t_end 4949-5447 d, fuel 736-800 kg
[14:11:26]   depth  5:    7 states (0 in H), t_end 5254-5307 d, fuel 796-813 kg
[14:11:26]   depth  6:    5 states (0 in H), t_end 5419-5438 d, fuel 829-837 kg
[14:11:26] candidates: 23 distinct committed target sets (n_new 1-3, potential 0-2)
[14:11:26] frontier: 16 candidates chosen (n fb / committed planner kg / continuation (lookahead) [full]; pot_mode lookahead, pot_cap None): 1fb/694kg/p2(2)[2], 1fb/701kg/p1(1)[1], 1fb/703kg/p2(2)[2], 1fb/708kg/p2(1)[2], 1fb/711kg/p1(0)[1], 1fb/713kg/p1(1)[1], 1fb/720kg/p3(1)[3], 1fb/729kg/p3(2)[3], 1fb/730kg/p2(2)[2], 1fb/734kg/p2(2)[2], 1fb/741kg/p2(0)[2], 2fb/706kg/p1(1)[1], 2fb/728kg/p0(0)[0], 2fb/747kg/p2(1)[2], 3fb/767kg/p1(1)[1], 3fb/776kg/p0(0)[0]
[14:11:26] budget: 269 s of 300 left for the settles + regrids (settle_wall 480)
[14:11:26] plan: 214 states, depth 5 new flybys, end plan_done (31 s); deepest 5 new to 5440 d at planner fuel 579 kg
[14:11:26]   depth  1:   34 states (28 in H), t_end 4357-4955 d, fuel 468-530 kg
[14:11:26]   depth  2:   65 states (28 in H), t_end 4494-5461 d, fuel 489-562 kg
[14:11:26]   depth  3:   62 states (8 in H), t_end 4664-5474 d, fuel 500-593 kg
[14:11:26]   depth  4:   28 states (0 in H), t_end 5011-5446 d, fuel 531-597 kg
[14:11:26]   depth  5:   25 states (0 in H), t_end 5126-5446 d, fuel 579-624 kg
[14:11:26] candidates: 40 distinct committed target sets (n_new 1-3, potential 0-2)
[14:11:26] frontier: 16 candidates chosen (n fb / committed planner kg / continuation (lookahead) [full]; pot_mode lookahead, pot_cap None): 1fb/475kg/p3(2)[3], 1fb/478kg/p2(1)[2], 1fb/483kg/p2(1)[2], 1fb/491kg/p2(2)[2], 1fb/495kg/p2(2)[2], 1fb/502kg/p4(2)[4], 1fb/505kg/p3(2)[3], 1fb/506kg/p2(1)[2], 1fb/511kg/p3(2)[3], 2fb/491kg/p1(1)[1], 2fb/502kg/p1(0)[1], 2fb/507kg/p2(2)[2], 2fb/527kg/p3(2)[3], 3fb/517kg/p0(0)[0], 3fb/544kg/p2(2)[2], 3fb/545kg/p0(0)[0]
[14:11:26] budget: 269 s of 300 left for the settles + regrids (settle_wall 480)
[14:11:28]     settle 25:  24 @   4354 d -> ok lintwin tank 895.9 (+19.3) miss 71 km (4.6 s)
[14:11:29] plan: 286 states, depth 5 new flybys, end plan_done (33 s); deepest 5 new to 5416 d at planner fuel 647 kg
[14:11:29]   depth  1:   40 states (36 in H), t_end 4350-4980 d, fuel 563-629 kg
[14:11:29]   depth  2:   54 states (28 in H), t_end 4430-5454 d, fuel 577-660 kg
[14:11:29]   depth  3:   54 states (0 in H), t_end 4894-5429 d, fuel 595-677 kg
[14:11:29]   depth  4:   74 states (0 in H), t_end 5029-5475 d, fuel 610-700 kg
[14:11:29]   depth  5:   64 states (0 in H), t_end 5313-5467 d, fuel 647-724 kg
[14:11:29] candidates: 29 distinct committed target sets (n_new 1-2, potential 0-2)
[14:11:29] frontier: 16 candidates chosen (n fb / committed planner kg / continuation (lookahead) [full]; pot_mode lookahead, pot_cap None): 1fb/569kg/p0(0)[0], 1fb/569kg/p2(1)[2], 1fb/587kg/p1(0)[1], 1fb/594kg/p2(2)[2], 1fb/596kg/p1(1)[1], 1fb/598kg/p1(1)[1], 1fb/599kg/p3(2)[3], 1fb/607kg/p2(2)[2], 1fb/613kg/p3(2)[3], 1fb/613kg/p1(0)[1], 1fb/619kg/p3(2)[3], 1fb/621kg/p3(2)[3], 1fb/627kg/p3(2)[3], 2fb/581kg/p1(1)[1], 2fb/582kg/p0(0)[0], 2fb/623kg/p2(2)[2]
[14:11:29] budget: 267 s of 300 left for the settles + regrids (settle_wall 480)
[14:11:29]     settle 27:  72 @   4604 d -> ok lintwin tank 852.4 (+13.3) miss 59 km (3.0 s)
[14:11:30] plan: 499 states, depth 6 new flybys, end plan_done (35 s); deepest 6 new to 5401 d at planner fuel 720 kg
[14:11:30]   depth  1:   30 states (22 in H), t_end 4494-5031 d, fuel 597-650 kg
[14:11:30]   depth  2:   71 states (21 in H), t_end 4599-5452 d, fuel 610-676 kg
[14:11:30]   depth  3:  150 states (3 in H), t_end 4812-5461 d, fuel 632-702 kg
[14:11:30]   depth  4:  150 states (0 in H), t_end 5120-5455 d, fuel 640-724 kg
[14:11:30]   depth  5:   94 states (0 in H), t_end 5211-5469 d, fuel 656-743 kg
[14:11:30]   depth  6:    4 states (0 in H), t_end 5386-5401 d, fuel 720-738 kg
[14:11:30] candidates: 28 distinct committed target sets (n_new 1-3, potential 0-2)
[14:11:30] frontier: 16 candidates chosen (n fb / committed planner kg / continuation (lookahead) [full]; pot_mode lookahead, pot_cap None): 1fb/597kg/p1(1)[1], 1fb/603kg/p2(1)[2], 1fb/612kg/p2(1)[2], 1fb/613kg/p3(2)[3], 1fb/621kg/p3(2)[3], 1fb/626kg/p4(2)[4], 1fb/634kg/p2(2)[2], 1fb/636kg/p2(2)[2], 1fb/642kg/p3(2)[3], 1fb/648kg/p2(1)[2], 1fb/650kg/p2(2)[2], 2fb/627kg/p2(2)[2], 2fb/629kg/p1(1)[1], 2fb/647kg/p3(2)[3], 3fb/660kg/p2(2)[2], 3fb/672kg/p0(0)[0]
[14:11:30] budget: 265 s of 300 left for the settles + regrids (settle_wall 480)
[14:11:31]     settle 31: 285 @   4550 d -> ok lintwin tank 1046.3 (+32.2) miss 65 km (6.1 s)
[14:11:31]     settle 27: 258 @   4444 d -> ok lintwin tank 858.4 (+19.3) miss 70 km (1.6 s)
[14:11:35] plan: 571 states, depth 7 new flybys, end plan_done (40 s); deepest 7 new to 5347 d at planner fuel 798 kg
[14:11:35]   depth  1:   46 states (43 in H), t_end 4342-4927 d, fuel 643-706 kg
[14:11:35]   depth  2:   79 states (53 in H), t_end 4448-5236 d, fuel 669-729 kg
[14:11:35]   depth  3:  142 states (31 in H), t_end 4594-5441 d, fuel 691-757 kg
[14:11:35]   depth  4:  150 states (6 in H), t_end 4774-5477 d, fuel 702-771 kg
[14:11:35]   depth  5:  113 states (1 in H), t_end 4849-5477 d, fuel 718-796 kg
[14:11:35]   depth  6:   35 states (0 in H), t_end 5118-5477 d, fuel 721-802 kg
[14:11:35]   depth  7:    6 states (0 in H), t_end 5347-5473 d, fuel 798-808 kg
[14:11:35] candidates: 81 distinct committed target sets (n_new 1-5, potential 0-2)
[14:11:35] frontier: 16 candidates chosen (n fb / committed planner kg / continuation (lookahead) [full]; pot_mode lookahead, pot_cap None): 1fb/643kg/p0(0)[0], 1fb/657kg/p2(2)[2], 1fb/667kg/p4(2)[4], 1fb/669kg/p5(1)[5], 1fb/682kg/p4(2)[4], 1fb/683kg/p4(2)[4], 2fb/669kg/p0(0)[0], 2fb/677kg/p2(2)[2], 2fb/687kg/p4(1)[4], 3fb/697kg/p2(2)[2], 3fb/698kg/p2(1)[2], 3fb/708kg/p3(1)[3], 4fb/705kg/p1(1)[1], 4fb/733kg/p1(1)[1], 4fb/735kg/p2(1)[2], 5fb/752kg/p1(1)[1]
[14:11:35] budget: 260 s of 300 left for the settles + regrids (settle_wall 480)
[14:11:36]     settle 26: 129 @   4592 d -> ok lintwin tank 1068.6 (+31.2) miss 90 km (10.1 s)
[14:11:38]     settle 28: 107 @   4822 d -> ok lintwin tank 932.9 (+10.9) miss 6 km (9.2 s)
[14:11:38]     settle 31: 250 @   4544 d -> ok lam tank 1043.4 (+29.4) miss 1 km (6.1 s)
[14:11:38]     settle 27: 285 @   4556 d -> ok lintwin tank 894.9 (+55.8) miss 59 km (5.8 s)
[14:11:40]     settle 28: 195 @   4751 d -> ok lintwin tank 958.1 (+12.5) miss 48 km (10.1 s)
[14:11:40]     settle 25: 240 @   4784 d -> ok lintwin tank 1052.7 (+176.1) miss 69 km (11.5 s)
[14:11:40]     settle 25:  36 @   4766 d -> ok lintwin tank 1006.0 (+7.0) miss 72 km (5.2 s)
[14:11:41]     settle 28: 250 @   4454 d -> ok lam tank 999.7 (+24.0) miss 61 km (17.4 s)
[14:11:47]     settle 27: 231 @   4746 d -> ok lintwin tank 863.7 (+24.7) miss 75 km (7.2 s)
[14:11:47]     settle 25: 107 @   4716 d -> ok lintwin tank 1008.1 (+9.1) miss 71 km (5.7 s)
[14:11:48]     settle 28:  25 @   4503 d -> ok lintwin tank 932.2 (+10.1) miss 4 km (8.8 s)
[14:11:51]     settle 28: 299 @   4521 d -> ok lintwin tank 962.1 (+16.6) miss 49 km (9.8 s)
[14:11:51]     settle 31: 127 @   4700 d -> ok lam tank 1047.5 (+33.4) miss 1 km (12.1 s)
[14:11:51]     settle 28:  28 @   4482 d -> ok lam tank 991.9 (+16.1) miss 3 km (7.4 s)
[14:11:52]     settle 27: 195 @   4750 d -> ok lintwin tank 866.7 (+27.6) miss 78 km (4.5 s)
[14:11:52]     settle 25:  28 @   4418 d -> ok lintwin tank 924.0 (+47.4) miss 2 km (10.5 s)
[14:11:55]     settle 28: 221 @   4536 d -> ok lintwin tank 961.5 (+39.5) miss 48 km (6.4 s)
[14:11:55]     settle 25: 274 @   4395 d -> ok lintwin tank 1031.3 (+32.3) miss 68 km (7.0 s)
[14:11:55]     settle 26: 113 @   4851 d -> ok lam tank 1121.6 (+84.3) miss 4 km (17.4 s)
[14:11:56]     settle 27: 199 @   4424 d -> ok lintwin tank 869.7 (+30.6) miss 69 km (3.3 s)
[14:11:59]     settle 31: 231 @   4636 d -> ok lintwin tank 1025.2 (+11.1) miss 70 km (6.5 s)
[14:11:59]     settle 25: 134 @   4386 d -> ok lintwin tank 918.5 (+41.9) miss 76 km (5.7 s)
[14:12:00]     settle 27: 247 @   4357 d -> ok lintwin tank 889.1 (+50.0) miss 70 km (3.0 s)
[14:12:00]     settle 25: 137 @   4361 d -> ok lintwin tank 1036.7 (+37.6) miss 47 km (4.0 s)
[14:12:01]     settle 28:  28 @   4515 d -> ok lintwin tank 930.1 (+8.1) miss 75 km (5.4 s)
[14:12:02]     settle 28: 288 @   4583 d -> ok lintwin tank 964.1 (+18.5) miss 46 km (9.8 s)
[14:12:06]     settle 25: 178 @   4837 d -> ok lam tank 1060.2 (+183.6) miss 8 km (6.3 s)
[14:12:06]   drift: leg 178@4837 d settled outside (T, T+H] -> column cut at 0
[14:12:06]     settle 25: 268 @   4358 d -> ok lintwin tank 1053.8 (+54.8) miss 67 km (5.3 s)
[14:12:06]     settle 26: 154 @   4571 d -> ok lintwin tank 1081.0 (+43.6) miss 74 km (8.6 s)
[14:12:07]     settle 27: 134 @   4399 d -> ok lintwin tank 870.5 (+31.4) miss 71 km (6.2 s)
[14:12:07]     settle 31:  57 @   4553 d -> ok lintwin tank 1048.0 (+33.9) miss 51 km (8.0 s)
[14:12:11]     settle 27: 193 @   4381 d -> ok lintwin tank 881.2 (+42.2) miss 75 km (3.7 s)
[14:12:12]     settle 28:  40 @   4816 d -> ok lintwin tank 956.8 (+34.8) miss 5 km (8.4 s)
[14:12:12]     settle 31: 199 @   4439 d -> ok lam tank 1043.2 (+29.2) miss 43 km (4.2 s)
[14:12:13]     settle 25: 247 @   4408 d -> ok lintwin tank 950.4 (+73.7) miss 71 km (6.7 s)
[14:12:13]     settle 28: 285 @   4560 d -> ok lintwin tank 969.2 (+23.7) miss 90 km (8.3 s)
[14:12:14]     settle 25: 116 @   4342 d -> ok lintwin tank 1029.2 (+30.1) miss 67 km (6.9 s)
[14:12:14]     settle 28: 181 @   4734 d -> ok lintwin tank 861.7 (+3.3) miss 25 km (1.5 s)
[14:12:17]     settle 27: 258 @   4451 d -> ok lintwin tank 858.7 (+19.6) miss 73 km (1.9 s)
[14:12:17]     settle 26: 172 @   4529 d -> ok lintwin tank 1052.5 (+15.1) miss 3 km (9.8 s)
[14:12:18]     settle 25: 183 @   4536 d -> ok lintwin tank 1011.0 (+12.0) miss 52 km (3.3 s)
[14:12:18]     settle 25: 241 @   4469 d -> ok lintwin tank 925.2 (+48.6) miss 72 km (4.4 s)
[14:12:20]     settle 31: 240 @   4474 d -> ok lam tank 1039.0 (+25.0) miss 87 km (6.5 s)
[14:12:21]     settle 28: 113 @   4793 d -> ok lam tank 965.0 (+43.0) miss 19 km (7.7 s)
[14:12:24]     settle 28:  72 @   4671 d -> ok lintwin tank 871.8 (+13.1) miss 67 km (6.7 s)
[14:12:24]     settle 25: 127 @   4548 d -> ok lintwin tank 939.4 (+62.8) miss 60 km (4.9 s)
[14:12:24]     settle 26:  36 @   4765 d -> ok lintwin tank 1008.5 (+-2.5) miss 55 km (6.2 s)
[14:12:25]     settle 28: 129 @   4581 d -> ok lintwin tank 992.8 (+47.2) miss 28 km (9.9 s)
[14:12:26]     settle 26: 299 @   4531 d -> ok lintwin tank 1065.8 (+28.5) miss 19 km (7.0 s)
[14:12:27]     settle 31: 285 @   4549 d -> ok lintwin tank 1045.5 (+31.4) miss 55 km (6.1 s)
[14:12:29]     settle 28: 195 @   4748 d -> ok lintwin tank 872.3 (+19.9) miss 81 km (4.5 s)
[14:12:31]     settle 28:  14 @   4485 d -> ok lintwin tank 927.4 (+5.3) miss 15 km (8.6 s)
[14:12:31]     settle 28: 299 @   4514 d -> ok lintwin tank 940.7 (+71.0) miss 62 km (1.6 s)
[14:12:33]     settle 26: 129 @   4667 d -> ok lintwin tank 1046.6 (+9.9) miss 69 km (7.7 s)
[14:12:35]     settle 32:  86 @   4859 d -> ok lam tank 1062.3 (+16.8) miss 69 km (7.7 s)
[14:12:35]   drift: leg 86@4859 d settled outside (T, T+H] -> column cut at 1
[14:12:35]     settle 25: 168 @   4477 d -> ok lintwin tank 1041.5 (+164.9) miss 24 km (10.0 s)
[14:12:36]     settle 26:  56 @   4530 d -> ok lintwin tank 1081.9 (+45.2) miss 70 km (1.7 s)
[14:12:36]     settle 29: 171 @   4802 d -> ok lintwin tank 876.6 (+4.8) miss 80 km (3.8 s)
[14:12:38]     settle 28: 154 @   4546 d -> ok lintwin tank 980.7 (+35.2) miss 25 km (10.7 s)
[14:12:38]     settle 26: 148 @   4835 d -> ok lintwin tank 1069.8 (+32.5) miss 69 km (11.0 s)
[14:12:39]     settle 32: 231 @   4755 d -> ok lin tank 1060.5 (+17.1) miss 31 km (4.6 s)
[14:12:41]     settle 28: 127 @   4591 d -> ok lintwin tank 961.2 (+39.1) miss 1 km (9.0 s)
[14:12:43]     settle 29: 171 @   4803 d -> ok lintwin tank 950.5 (+9.8) miss 67 km (5.4 s)
[14:12:44]     settle 28: 100 @   4409 d -> FAIL [('lam', 11419066.8)] (51.6 s)
[14:12:46]     settle 26: 127 @   4669 d -> ok lintwin tank 930.0 (+4.8) miss 2 km (8.6 s)
[14:12:49]     settle 26: 227 @   4594 d -> ok lintwin tank 1044.8 (+13.5) miss 2 km (8.9 s)
[14:12:51]     settle 29:  72 @   4664 d -> ok lintwin tank 1003.7 (+63.0) miss 39 km (7.1 s)
[14:12:51]     settle 28:  98 @   4667 d -> ok lintwin tank 995.3 (+49.7) miss 84 km (9.4 s)
[14:12:51] RESULT s08_c2: 16 columns; frontier 1fb 13 kg p2/2 | 2fb 22 kg p1/2 | 3fb 38 kg p0/2; settles 17 (17 ok), regrids 16 (16 ok); wall 116 s of 300 (plan 31, price 2, settle 85; budget hit None, 0 unsettled)
[14:12:52]     settle 26: 285 @   4329 d -> FAIL [('lam', 22155158.0)] (12.6 s)
[14:12:53]   job s08_c2 craft columns  16  levels 5  settles 17/17  end plan_done  wall 116.4 s
[14:12:54]     settle 32: 129 @   4582 d -> FAIL [('lam', 13143378.0)] (12.9 s)
[14:12:54]     settle 28:  24 @   4350 d -> ok lintwin tank 977.6 (+55.6) miss 99 km (8.0 s)
[14:12:54]     settle 26: 213 @   4532 d -> ok lintwin tank 956.6 (+32.5) miss 75 km (5.7 s)
[14:12:55]     settle 27:  98 @   4769 d -> ok lintwin tank 1040.3 (+-4.5) miss 67 km (5.5 s)
[14:12:59]     settle 26: 240 @   4491 d -> ok lintwin tank 1053.6 (+16.2) miss 7 km (6.5 s)
[14:13:01]     settle 28: 100 @   4427 d -> ok lintwin tank 983.2 (+61.2) miss 77 km (5.4 s)
[14:13:01]     settle 28: 231 @   4753 d -> ok lintwin tank 967.0 (+21.4) miss 77 km (8.7 s)
[14:13:02]     settle 26: 232 @   4451 d -> ok lintwin tank 1089.4 (+35.6) miss 65 km (6.5 s)
[14:13:04]     settle 31: 250 @   4555 d -> ok lam tank 1042.1 (+28.1) miss 28 km (9.4 s)
[14:13:05]     settle 26: 107 @   4744 d -> ok lintwin tank 963.1 (+23.7) miss 2 km (9.9 s)
[14:13:09]     settle 26: 199 @   4432 d -> ok lintwin tank 1077.7 (+40.4) miss 64 km (8.9 s)
[14:13:11]     settle 27: 178 @   4796 d -> ok lintwin tank 956.1 (+-0.5) miss 57 km (4.8 s)
[14:13:11]     settle 32:  86 @   4860 d -> ok lintwin tank 1052.6 (+10.5) miss 72 km (7.1 s)
[14:13:11]   drift: leg 86@4860 d settled outside (T, T+H] -> column cut at 1
[14:13:12]   1 candidates dropped (settle failure / regrid failure / duplicate after truncation)
[14:13:12] RESULT s08_c1: 12 columns; frontier 1fb 19 kg p0/2 | 2fb 52 kg p2/2 | 3fb 79 kg p1/1; settles 13 (13 ok), regrids 12 (12 ok); wall 137 s of 300 (plan 28, price 1, settle 109; budget hit None, 0 unsettled)
[14:13:12]     settle 27:  98 @   4771 d -> ok lintwin tank 1099.8 (+10.3) miss 45 km (10.5 s)
[14:13:13]     settle 28: 134 @   4403 d -> ok lintwin tank 962.0 (+39.9) miss 2 km (7.6 s)
[14:13:13]   job s08_c1 craft columns  12  levels 5  settles 13/13  end plan_done  wall 137.1 s
[14:13:14]     settle 28: 250 @   4541 d -> ok lintwin tank 999.9 (+54.3) miss 63 km (7.5 s)
[14:13:15]     settle 26: 195 @   4732 d -> ok lintwin tank 1106.3 (+69.0) miss 64 km (5.1 s)
[14:13:19]     settle 32:  98 @   4648 d -> ok lintwin tank 1087.7 (+48.7) miss 57 km (8.2 s)
[14:13:21]   3 candidates dropped (settle failure / regrid failure / duplicate after truncation)
[14:13:21] RESULT s08_c7: 9 columns; frontier 1fb 11 kg p2/3 | 2fb 46 kg p2/2; settles 14 (13 ok), regrids 9 (9 ok); wall 146 s of 300 (plan 30, price 1, settle 116; budget hit None, 0 unsettled)
[14:13:21]     settle 28: 240 @   4494 d -> ok lintwin tank 998.4 (+52.8) miss 80 km (6.6 s)
[14:13:21]   job s08_c7 craft columns   9  levels 6  settles 13/14  end plan_done  wall 145.5 s
[14:13:23]     settle 27: 227 @   4595 d -> ok lam tank 1099.0 (+17.2) miss 2 km (10.1 s)
[14:13:24]     settle 28: 231 @   4619 d -> ok lintwin tank 1008.9 (+86.9) miss 59 km (6.1 s)
[14:13:26]     settle 26:  39 @   4552 d -> ok lintwin tank 1077.4 (+40.1) miss 79 km (6.8 s)
[14:13:28]     settle 28: 113 @   4819 d -> ok lam tank 1144.9 (+199.3) miss 5 km (6.0 s)
[14:13:32]     settle 28:  74 @   4413 d -> ok lintwin tank 935.2 (+13.2) miss 1 km (7.7 s)
[14:13:34]     settle 29: 107 @   4813 d -> ok lintwin tank 940.9 (+8.7) miss 42 km (1.0 s)
[14:13:34]     settle 26: 285 @   4574 d -> ok lintwin tank 1056.0 (+18.7) miss 6 km (8.1 s)
[14:13:35]     settle 28: 195 @   4848 d -> ok lam tank 1127.1 (+27.3) miss 2 km (10.6 s)
[14:13:39]     settle 28: 195 @   4850 d -> ok lam tank 1131.6 (+32.5) miss 58 km (3.7 s)
[14:13:40]     settle 28:  28 @   4505 d -> ok lintwin tank 930.0 (+8.0) miss 68 km (5.4 s)
[14:13:41]     settle 27: 113 @   4806 d -> ok lintwin tank 1068.8 (+12.8) miss 75 km (7.0 s)
[14:13:42]     settle 29: 107 @   4814 d -> ok lintwin tank 936.0 (+6.0) miss 65 km (1.5 s)
[14:13:46]     settle 29: 107 @   4821 d -> ok lintwin tank 934.9 (+7.6) miss 82 km (3.4 s)
[14:13:46] RESULT s08_c0: 16 columns; frontier 1fb 5 kg p2/2 | 2fb 13 kg p2/2; settles 17 (17 ok), regrids 16 (16 ok); wall 171 s of 300 (plan 33, price 2, settle 138; budget hit None, 0 unsettled)
[14:13:47]   job s08_c0 craft columns  16  levels 5  settles 17/17  end plan_done  wall 171.4 s
[14:13:50]     settle 29: 113 @   4795 d -> ok lam tank 979.5 (+10.3) miss 35 km (17.7 s)
[14:13:50]     settle 28:  98 @   4774 d -> ok lam tank 1122.4 (+23.3) miss 1 km (9.8 s)
[14:13:51]     settle 27: 181 @   4721 d -> ok lintwin tank 1079.1 (+13.3) miss 6 km (8.9 s)
[14:13:54]     settle 28: 221 @   4482 d -> FAIL [('lin', 2616665.3), ('lam', 9195015.2)] (70.0 s)
[14:13:59]     settle 27: 181 @   4712 d -> ok lintwin tank 1103.9 (+26.5) miss 3 km (7.3 s)
[14:14:00]     settle 28: 252 @   4387 d -> ok lintwin tank 1164.4 (+188.7) miss 12 km (6.0 s)
[14:14:00]     settle 29: 195 @   4849 d -> ok lintwin tank 1133.9 (+11.6) miss 77 km (7.0 s)
[14:14:01] RESULT s08_c3: 16 columns; frontier 1fb 7 kg p0/2 | 2fb 9 kg p0/2 | 3fb 41 kg p2/2 | 4fb 121 kg p1/1 | 5fb 135 kg p1/1; settles 19 (19 ok), regrids 16 (16 ok); wall 186 s of 300 (plan 40, price 2, settle 146; budget hit None, 0 unsettled)
[14:14:01]   job s08_c3 craft columns  16  levels 7  settles 19/19  end plan_done  wall 186.0 s
[14:14:07]     settle 28: 171 @   4819 d -> ok lintwin tank 1146.4 (+42.5) miss 74 km (7.2 s)
[14:14:07]   3 candidates dropped (settle failure / regrid failure / duplicate after truncation)
[14:14:07] RESULT s08_c6: 13 columns; frontier 1fb 14 kg p1/2 | 2fb 31 kg p1/1 | 3fb 108 kg p0/0; settles 16 (15 ok), regrids 13 (13 ok); wall 192 s of 300 (plan 31, price 2, settle 162; budget hit None, 0 unsettled)
[14:14:08]     settle 28: 221 @   4492 d -> ok lintwin tank 1103.7 (+128.0) miss 52 km (5.3 s)
[14:14:08]     settle 29: 113 @   4795 d -> ok lintwin tank 979.0 (+16.9) miss 76 km (8.7 s)
[14:14:09]   job s08_c6 craft columns  13  levels 6  settles 15/16  end plan_done  wall 192.4 s
[14:14:15]     settle 29: 288 @   4599 d -> ok lintwin tank 1018.5 (+37.8) miss 64 km (5.9 s)
[14:14:22]     settle 30: 195 @   4846 d -> ok lintwin tank 1035.0 (+16.5) miss 81 km (6.7 s)
[14:14:30]     settle 29: 288 @   4601 d -> ok lintwin tank 1018.6 (+37.9) miss 0 km (6.4 s)
[14:14:38]     settle 30: 171 @   4812 d -> ok lintwin tank 1061.1 (+42.5) miss 2 km (8.2 s)
[14:14:39] RESULT s08_c5: 16 columns; frontier 1fb 12 kg p1/2 | 2fb 30 kg p2/2 | 3fb 89 kg p2/2; settles 17 (17 ok), regrids 16 (16 ok); wall 224 s of 300 (plan 35, price 2, settle 189; budget hit None, 0 unsettled)
[14:14:39]   job s08_c5 craft columns  16  levels 6  settles 17/17  end plan_done  wall 223.8 s
[14:14:42]     settle 29:  98 @   4772 d -> FAIL [('lam', 78108131.5)] (34.4 s)
[14:14:55]     settle 29: 195 @   4836 d -> FAIL [('lam', 21534299.6)] (11.8 s)
[14:15:02]     settle 29:  36 @   4758 d -> ok lam tank 1090.6 (+98.7) miss 26 km (6.8 s)
[14:16:21]     settle 29: 122 @   4652 d -> FAIL [('lin', 1648614.3), ('lam', 3266437.5)] (77.0 s)
[14:16:21]   budget reached (job_wall: settle 297 s of 480, 0 s of the job left): 3 candidates not settled
[14:16:21]   5 candidates dropped (settle failure / regrid failure / duplicate after truncation)
[14:16:21] RESULT s08_c4: 5 columns; frontier 1fb 16 kg p2/2 | 2fb 111 kg p2/2; settles 14 (5 ok), regrids 5 (5 ok); wall 325 s of 300 (plan 28, price 1, settle 297; budget hit job_wall, 3 unsettled)
[14:16:22]   job s08_c4 craft columns   5  levels 5  settles 5/14  end plan_done  wall 325.5 s
[14:16:22] [slice 8] propose: 103 columns (0 bad dropped) in 326.6 s
[14:16:22] [slice 8] auction: 103 columns, kept 84, dropped {'fuel': 19}; lam 1.50 H_eff 540 d fuel budget 482 kg quota OFF
[14:16:22] [slice 8] auction: status optimal objective 36.077 vars 84 rows 37 chosen 8 fuel 348/482 kg (0.009 s)
[14:16:24] [slice 8] claims: c0:2 c1:1 c3:2 c5:1 c6:1 c7:3  (10 targets: 0 kept, 10 new; 10 released, 0 expired (ttl 9), 1 conflicts)
[14:16:24] [slice 8 T=4320 d] launched 8/8  covered 227  remaining 71  fuel 3156 kg  sumJi 10.9058  chosen: c0:2(+13) c1:3(+79) c2:3(+37) c3:2(+47) c4:1(+23) c5:3(+89) c6:2(+31) c7:1(+29)  rejected: -  (wall 329 s)
[14:16:24] [slice 9] effective horizon 616.8 d (the last slice absorbs the mission tail; H 540.0)
[14:16:24] [slice 9] claims in force: c0:2 c1:1 c3:2 c5:1 c6:1 c7:3  (10 targets; claim_bonus 1.5, ttl 9)
[14:16:24]   c0: claims: 2 own (prized +1.5), 8 claimed by others withheld
[14:16:24]   c1: claims: 1 own (prized +1.5), 9 claimed by others withheld
[14:16:24]   c2: claims: 0 own (prized +1.5), 10 claimed by others withheld
[14:16:24]   c3: claims: 2 own (prized +1.5), 8 claimed by others withheld
[14:16:24]   c4: claims: 0 own (prized +1.5), 10 claimed by others withheld
[14:16:24]   c5: claims: 1 own (prized +1.5), 9 claimed by others withheld
[14:16:24]   c6: claims: 1 own (prized +1.5), 9 claimed by others withheld
[14:16:24]   c7: claims: 3 own (prized +1.5), 7 claimed by others withheld
[14:16:24] [slice 9 T=4860 d] propose: 8 jobs (8 craft, 0 root) on 9 workers, proposer planbeam, H_eff 617 d, lam 1.5
[14:16:24] job s09_c3 (craft, craft 3, planbeam): T 4860 d H 617 L 360; plan horizon 5477 d; remaining 63; prize >1 on 63; width 150 npt 6 mc 150 dv 1.2 drmax 0.15 plan_wall 240 s; quota None
[14:16:24] job s09_c1 (craft, craft 1, planbeam): T 4860 d H 617 L 360; plan horizon 5477 d; remaining 62; prize >1 on 62; width 150 npt 6 mc 150 dv 1.2 drmax 0.15 plan_wall 240 s; quota None
[14:16:24] job s09_c5 (craft, craft 5, planbeam): T 4860 d H 617 L 360; plan horizon 5477 d; remaining 62; prize >1 on 62; width 150 npt 6 mc 150 dv 1.2 drmax 0.15 plan_wall 240 s; quota None
[14:16:24] job s09_c4 (craft, craft 4, planbeam): T 4860 d H 617 L 360; plan horizon 5477 d; remaining 61; prize >1 on 61; width 150 npt 6 mc 150 dv 1.2 drmax 0.15 plan_wall 240 s; quota None
[14:16:24] job s09_c2 (craft, craft 2, planbeam): T 4860 d H 617 L 360; plan horizon 5477 d; remaining 61; prize >1 on 61; width 150 npt 6 mc 150 dv 1.2 drmax 0.15 plan_wall 240 s; quota None
[14:16:24] job s09_c0 (craft, craft 0, planbeam): T 4860 d H 617 L 360; plan horizon 5477 d; remaining 63; prize >1 on 63; width 150 npt 6 mc 150 dv 1.2 drmax 0.15 plan_wall 240 s; quota None
[14:16:24] job s09_c7 (craft, craft 7, planbeam): T 4860 d H 617 L 360; plan horizon 5477 d; remaining 64; prize >1 on 64; width 150 npt 6 mc 150 dv 1.2 drmax 0.15 plan_wall 240 s; quota None
[14:16:24] job s09_c6 (craft, craft 6, planbeam): T 4860 d H 617 L 360; plan horizon 5477 d; remaining 62; prize >1 on 62; width 150 npt 6 mc 150 dv 1.2 drmax 0.15 plan_wall 240 s; quota None
[14:16:24] prefix slices/s09/in/craft_3.npz: 26 flybys, t_end 4666.6 d, tank 1045.7 kg (planner view), miss 18.8 km, nreg 232
[14:16:24] budget: job_wall 300 s, 300 s left before the plan -> plan cap 210 s (plan_wall 240, settle_reserve 90)
[14:16:24] prefix slices/s09/in/craft_4.npz: 28 flybys, t_end 4454.2 d, tank 998.3 kg (planner view), miss 30.3 km, nreg 219
[14:16:24] budget: job_wall 300 s, 300 s left before the plan -> plan cap 210 s (plan_wall 240, settle_reserve 90)
[14:16:24] prefix slices/s09/in/craft_7.npz: 31 flybys, t_end 4429.2 d, tank 1043.0 kg (planner view), miss 19.2 km, nreg 211
[14:16:24] prefix slices/s09/in/craft_2.npz: 29 flybys, t_end 4803.8 d, tank 876.2 kg (planner view), miss 10.0 km, nreg 239
[14:16:24] budget: job_wall 300 s, 300 s left before the plan -> plan cap 210 s (plan_wall 240, settle_reserve 90)
[14:16:24] budget: job_wall 300 s, 300 s left before the plan -> plan cap 210 s (plan_wall 240, settle_reserve 90)
[14:16:24] prefix slices/s09/in/craft_5.npz: 30 flybys, t_end 4843.6 d, tank 1034.8 kg (planner view), miss 11.8 km, nreg 237
[14:16:24] budget: job_wall 300 s, 300 s left before the plan -> plan cap 210 s (plan_wall 240, settle_reserve 90)
[14:16:24] prefix slices/s09/in/craft_6.npz: 27 flybys, t_end 4809.2 d, tank 1067.9 kg (planner view), miss 44.1 km, nreg 233
[14:16:24] budget: job_wall 300 s, 300 s left before the plan -> plan cap 210 s (plan_wall 240, settle_reserve 90)
[14:16:24] prefix slices/s09/in/craft_0.npz: 29 flybys, t_end 4815.0 d, tank 934.6 kg (planner view), miss 4.0 km, nreg 244
[14:16:24] budget: job_wall 300 s, 300 s left before the plan -> plan cap 210 s (plan_wall 240, settle_reserve 90)
[14:16:24] prefix slices/s09/in/craft_1.npz: 27 flybys, t_end 4806.6 d, tank 955.8 kg (planner view), miss 67.2 km, nreg 243
[14:16:24] budget: job_wall 300 s, 300 s left before the plan -> plan cap 210 s (plan_wall 240, settle_reserve 90)
[14:16:44] first level (both): 0 production + 10 relaxed (dv 2.5, 0.3 AU; 0.0 s) + 14 lintwin children -> 18 unique (19.7 s)
[14:16:44] plan start: prefix 29 flybys, t_end 4803.8 d, planner mass 1098.3 kg (dv 14.757 km/s); 18 first-level states
[14:16:44] first level (both): 0 production + 3 relaxed (dv 2.5, 0.3 AU; 0.0 s) + 18 lintwin children -> 20 unique (19.8 s)
[14:16:44] plan start: prefix 31 flybys, t_end 4429.2 d, planner mass 922.7 kg (dv 21.593 km/s); 20 first-level states
[14:16:44] first level (both): 0 production + 0 relaxed (dv 2.5, 0.3 AU; 0.0 s) + 2 lintwin children -> 2 unique (20.0 s)
[14:16:44] plan start: prefix 28 flybys, t_end 4454.2 d, planner mass 964.0 kg (dv 19.874 km/s); 2 first-level states
[14:16:44] plan: 19 states, depth 2 new flybys, end plan_done (20 s); deepest 2 new to 5145 d at planner fuel 567 kg
[14:16:44]   depth  1:   18 states (18 in H), t_end 4961-5447 d, fuel 509-581 kg
[14:16:44]   depth  2:    1 states (1 in H), t_end 5145-5145 d, fuel 567-567 kg
[14:16:44] candidates: 13 distinct committed target sets (n_new 1-2, potential 0-0)
[14:16:44] frontier: 13 candidates chosen (n fb / committed planner kg / continuation (lookahead) [full]; pot_mode lookahead, pot_cap None): 1fb/509kg/p0(0)[0], 1fb/512kg/p0(0)[0], 1fb/526kg/p0(0)[0], 1fb/533kg/p0(0)[0], 1fb/541kg/p0(0)[0], 1fb/550kg/p1(0)[1], 1fb/550kg/p0(0)[0], 1fb/554kg/p0(0)[0], 1fb/555kg/p0(0)[0], 1fb/565kg/p0(0)[0], 1fb/567kg/p0(0)[0], 1fb/569kg/p0(0)[0], 2fb/567kg/p0(0)[0]
[14:16:44] budget: 280 s of 300 left for the settles + regrids (settle_wall 480)
[14:16:44] plan: 5 states, depth 2 new flybys, end plan_done (20 s); deepest 2 new to 5411 d at planner fuel 689 kg
[14:16:44]   depth  1:    2 states (2 in H), t_end 5203-5271 d, fuel 669-700 kg
[14:16:44]   depth  2:    3 states (3 in H), t_end 5411-5438 d, fuel 689-697 kg
[14:16:44] candidates: 4 distinct committed target sets (n_new 1-2, potential 0-0)
[14:16:44] frontier: 4 candidates chosen (n fb / committed planner kg / continuation (lookahead) [full]; pot_mode lookahead, pot_cap None): 1fb/669kg/p1(0)[1], 1fb/700kg/p0(0)[0], 2fb/689kg/p0(0)[0], 2fb/697kg/p0(0)[0]
[14:16:44] budget: 280 s of 300 left for the settles + regrids (settle_wall 480)
[14:16:44] first level (both): 0 production + 24 relaxed (dv 2.5, 0.3 AU; 0.0 s) + 15 lintwin children -> 28 unique (20.4 s)
[14:16:44] plan start: prefix 26 flybys, t_end 4666.6 d, planner mass 920.3 kg (dv 21.694 km/s); 28 first-level states
[14:16:44] first level (both): 0 production + 8 relaxed (dv 2.5, 0.3 AU; 0.1 s) + 11 lintwin children -> 18 unique (20.5 s)
[14:16:44] plan start: prefix 30 flybys, t_end 4843.6 d, planner mass 930.0 kg (dv 21.282 km/s); 18 first-level states
[14:16:44] plan: 50 states, depth 4 new flybys, end plan_done (21 s); deepest 4 new to 5356 d at planner fuel 784 kg
[14:16:44]   depth  1:   20 states (20 in H), t_end 4889-5477 d, fuel 687-743 kg
[14:16:44]   depth  2:   19 states (19 in H), t_end 4999-5427 d, fuel 721-759 kg
[14:16:44]   depth  3:    9 states (9 in H), t_end 5229-5429 d, fuel 743-783 kg
[14:16:44]   depth  4:    2 states (2 in H), t_end 5354-5356 d, fuel 784-806 kg
[14:16:44] candidates: 40 distinct committed target sets (n_new 1-4, potential 0-0)
[14:16:44] frontier: 16 candidates chosen (n fb / committed planner kg / continuation (lookahead) [full]; pot_mode lookahead, pot_cap None): 1fb/687kg/p0(0)[0], 1fb/697kg/p0(0)[0], 1fb/699kg/p1(0)[1], 1fb/718kg/p1(0)[1], 1fb/718kg/p2(0)[2], 1fb/718kg/p2(0)[2], 1fb/724kg/p2(0)[2], 1fb/729kg/p3(0)[3], 1fb/732kg/p1(0)[1], 2fb/721kg/p0(0)[0], 2fb/722kg/p0(0)[0], 2fb/757kg/p2(0)[2], 3fb/743kg/p0(0)[0], 3fb/752kg/p0(0)[0], 3fb/768kg/p1(0)[1], 4fb/784kg/p0(0)[0]
[14:16:44] budget: 279 s of 300 left for the settles + regrids (settle_wall 480)
[14:16:45] plan: 24 states, depth 2 new flybys, end plan_done (21 s); deepest 2 new to 5434 d at planner fuel 724 kg
[14:16:45]   depth  1:   18 states (18 in H), t_end 4892-5453 d, fuel 694-736 kg
[14:16:45]   depth  2:    6 states (6 in H), t_end 5334-5434 d, fuel 724-743 kg
[14:16:45] candidates: 13 distinct committed target sets (n_new 1-2, potential 0-0)
[14:16:45] frontier: 13 candidates chosen (n fb / committed planner kg / continuation (lookahead) [full]; pot_mode lookahead, pot_cap None): 1fb/694kg/p0(0)[0], 1fb/702kg/p0(0)[0], 1fb/705kg/p0(0)[0], 1fb/707kg/p0(0)[0], 1fb/707kg/p1(0)[1], 1fb/711kg/p0(0)[0], 1fb/714kg/p1(0)[1], 1fb/724kg/p0(0)[0], 1fb/725kg/p0(0)[0], 1fb/731kg/p0(0)[0], 1fb/736kg/p0(0)[0], 2fb/724kg/p0(0)[0], 2fb/733kg/p0(0)[0]
[14:16:45] budget: 279 s of 300 left for the settles + regrids (settle_wall 480)
[14:16:45] first level (both): 0 production + 10 relaxed (dv 2.5, 0.3 AU; 0.1 s) + 16 lintwin children -> 24 unique (21.1 s)
[14:16:45] plan start: prefix 27 flybys, t_end 4809.2 d, planner mass 901.2 kg (dv 22.516 km/s); 24 first-level states
[14:16:46] plan: 61 states, depth 3 new flybys, end plan_done (22 s); deepest 3 new to 5298 d at planner fuel 737 kg
[14:16:46]   depth  1:   28 states (28 in H), t_end 4886-5438 d, fuel 693-746 kg
[14:16:46]   depth  2:   29 states (29 in H), t_end 5048-5407 d, fuel 702-760 kg
[14:16:46]   depth  3:    4 states (4 in H), t_end 5298-5436 d, fuel 737-771 kg
[14:16:46] candidates: 37 distinct committed target sets (n_new 1-3, potential 0-0)
[14:16:46] frontier: 16 candidates chosen (n fb / committed planner kg / continuation (lookahead) [full]; pot_mode lookahead, pot_cap None): 1fb/693kg/p0(0)[0], 1fb/693kg/p1(0)[1], 1fb/698kg/p2(0)[2], 1fb/700kg/p1(0)[1], 1fb/702kg/p1(0)[1], 1fb/708kg/p1(0)[1], 1fb/711kg/p1(0)[1], 1fb/711kg/p1(0)[1], 1fb/734kg/p1(0)[1], 1fb/739kg/p2(0)[2], 2fb/702kg/p0(0)[0], 2fb/710kg/p0(0)[0], 2fb/727kg/p1(0)[1], 3fb/737kg/p0(0)[0], 3fb/745kg/p0(0)[0], 3fb/771kg/p0(0)[0]
[14:16:46] budget: 278 s of 300 left for the settles + regrids (settle_wall 480)
[14:16:46] plan: 31 states, depth 2 new flybys, end plan_done (22 s); deepest 2 new to 5337 d at planner fuel 732 kg
[14:16:46]   depth  1:   24 states (24 in H), t_end 4889-5477 d, fuel 709-764 kg
[14:16:46]   depth  2:    7 states (7 in H), t_end 5325-5364 d, fuel 732-771 kg
[14:16:46] candidates: 16 distinct committed target sets (n_new 1-2, potential 0-0)
[14:16:46] frontier: 16 candidates chosen (n fb / committed planner kg / continuation (lookahead) [full]; pot_mode lookahead, pot_cap None): 1fb/709kg/p0(0)[0], 1fb/715kg/p1(0)[1], 1fb/731kg/p1(0)[1], 1fb/741kg/p1(0)[1], 1fb/744kg/p0(0)[0], 1fb/747kg/p1(0)[1], 1fb/748kg/p0(0)[0], 1fb/749kg/p0(0)[0], 1fb/751kg/p0(0)[0], 1fb/753kg/p0(0)[0], 1fb/757kg/p0(0)[0], 1fb/764kg/p0(0)[0], 2fb/732kg/p0(0)[0], 2fb/756kg/p0(0)[0], 2fb/764kg/p0(0)[0], 2fb/769kg/p0(0)[0]
[14:16:46] budget: 278 s of 300 left for the settles + regrids (settle_wall 480)
[14:16:46] first level (both): 0 production + 10 relaxed (dv 2.5, 0.3 AU; 0.0 s) + 12 lintwin children -> 16 unique (22.0 s)
[14:16:46] plan start: prefix 27 flybys, t_end 4806.6 d, planner mass 1006.9 kg (dv 18.167 km/s); 16 first-level states
[14:16:46] first level (both): 0 production + 16 relaxed (dv 2.5, 0.3 AU; 0.1 s) + 18 lintwin children -> 27 unique (22.4 s)
[14:16:46] plan start: prefix 29 flybys, t_end 4815.0 d, planner mass 1029.7 kg (dv 17.287 km/s); 27 first-level states
[14:16:46] plan: 26 states, depth 3 new flybys, end plan_done (22 s); deepest 3 new to 5418 d at planner fuel 692 kg
[14:16:46]   depth  1:   16 states (16 in H), t_end 4939-5409 d, fuel 598-664 kg
[14:16:46]   depth  2:    7 states (7 in H), t_end 5230-5476 d, fuel 664-693 kg
[14:16:46]   depth  3:    3 states (3 in H), t_end 5415-5420 d, fuel 692-694 kg
[14:16:46] candidates: 14 distinct committed target sets (n_new 1-3, potential 0-0)
[14:16:46] frontier: 14 candidates chosen (n fb / committed planner kg / continuation (lookahead) [full]; pot_mode lookahead, pot_cap None): 1fb/631kg/p0(0)[0], 1fb/645kg/p2(0)[2], 1fb/646kg/p0(0)[0], 1fb/646kg/p0(0)[0], 1fb/648kg/p0(0)[0], 1fb/653kg/p1(0)[1], 1fb/655kg/p1(0)[1], 1fb/656kg/p0(0)[0], 1fb/664kg/p1(0)[1], 2fb/664kg/p1(0)[1], 2fb/672kg/p0(0)[0], 2fb/681kg/p0(0)[0], 2fb/689kg/p0(0)[0], 3fb/692kg/p0(0)[0]
[14:16:46] budget: 277 s of 300 left for the settles + regrids (settle_wall 480)
[14:16:47]     settle 30: 274 @   5360 d -> ok lintwin tank 878.5 (+2.3) miss 87 km (2.6 s)
[14:16:47] plan: 51 states, depth 4 new flybys, end plan_done (23 s); deepest 4 new to 5451 d at planner fuel 667 kg
[14:16:47]   depth  1:   27 states (27 in H), t_end 4890-5430 d, fuel 577-645 kg
[14:16:47]   depth  2:   15 states (15 in H), t_end 5030-5436 d, fuel 599-655 kg
[14:16:47]   depth  3:    7 states (7 in H), t_end 5218-5444 d, fuel 635-663 kg
[14:16:47]   depth  4:    2 states (2 in H), t_end 5448-5451 d, fuel 667-676 kg
[14:16:47] candidates: 24 distinct committed target sets (n_new 1-4, potential 0-0)
[14:16:47] frontier: 16 candidates chosen (n fb / committed planner kg / continuation (lookahead) [full]; pot_mode lookahead, pot_cap None): 1fb/577kg/p0(0)[0], 1fb/585kg/p2(0)[2], 1fb/594kg/p1(0)[1], 1fb/596kg/p1(0)[1], 1fb/599kg/p1(0)[1], 1fb/604kg/p0(0)[0], 1fb/614kg/p0(0)[0], 1fb/615kg/p0(0)[0], 1fb/619kg/p3(0)[3], 2fb/599kg/p0(0)[0], 2fb/604kg/p1(0)[1], 2fb/636kg/p2(0)[2], 3fb/635kg/p0(0)[0], 3fb/643kg/p0(0)[0], 3fb/661kg/p1(0)[1], 4fb/667kg/p0(0)[0]
[14:16:47] budget: 277 s of 300 left for the settles + regrids (settle_wall 480)
[14:16:51]     settle 30: 172 @   5060 d -> ok lintwin tank 882.9 (+6.7) miss 44 km (3.0 s)
[14:16:51]     settle 30: 274 @   5400 d -> ok lintwin tank 939.3 (+4.7) miss 54 km (4.0 s)
[14:16:53]     settle 31: 184 @   5434 d -> ok lintwin tank 1060.7 (+25.9) miss 62 km (7.7 s)
[14:16:55]     settle 27:  98 @   5399 d -> ok lintwin tank 1043.7 (+-2.1) miss 59 km (8.9 s)
[14:16:55]     settle 30: 168 @   5022 d -> ok lintwin tank 947.5 (+12.9) miss 71 km (3.3 s)
[14:16:56]     settle 28: 274 @   5339 d -> ok lintwin tank 1075.9 (+8.1) miss 6 km (10.6 s)
[14:16:57]     settle 32:  98 @   5411 d -> ok lintwin tank 1048.0 (+5.0) miss 2 km (12.1 s)
[14:16:58]     settle 28: 274 @   5354 d -> ok lintwin tank 1030.7 (+74.9) miss 3 km (11.9 s)
[14:17:00]     settle 27:  34 @   5087 d -> ok lintwin tank 1055.6 (+9.9) miss 79 km (4.5 s)
[14:17:01]     settle 30: 184 @   5447 d -> ok lintwin tank 979.2 (+103.0) miss 8 km (9.4 s)
[14:17:03]     settle 31:  24 @   4892 d -> ok lintwin tank 1071.1 (+36.3) miss 75 km (9.3 s)
[14:17:03]     settle 30: 101 @   4970 d -> ok lintwin tank 967.3 (+32.7) miss 25 km (7.2 s)
[14:17:06]     settle 32: 274 @   5477 d -> ok lintwin tank 1073.0 (+30.0) miss 50 km (8.9 s)
[14:17:08]     settle 28:  77 @   4954 d -> ok lintwin tank 1085.7 (+17.9) miss 5 km (10.3 s)
[14:17:09]     settle 27: 183 @   4920 d -> ok lintwin tank 1066.0 (+20.2) miss 69 km (7.8 s)
[14:17:09]     settle 28: 220 @   5047 d -> ok lintwin tank 962.1 (+6.3) miss 4 km (9.1 s)
[14:17:13]     settle 31: 247 @   5210 d -> ok lintwin tank 1124.8 (+90.0) miss 76 km (9.0 s)
[14:17:14]     settle 30: 227 @   5125 d -> ok lintwin tank 1137.9 (+261.7) miss 3 km (10.4 s)
[14:17:15]     settle 27:  58 @   5017 d -> ok lintwin tank 1053.2 (+7.4) miss 55 km (5.7 s)
[14:17:16]     settle 30:  52 @   5158 d -> ok lintwin tank 1016.5 (+81.9) miss 6 km (11.5 s)
[14:17:16]     settle 32:  87 @   5071 d -> ok lintwin tank 1072.1 (+29.1) miss 51 km (8.7 s)
[14:17:17]     settle 28:   7 @   4978 d -> ok lintwin tank 1093.5 (+25.6) miss 73 km (8.5 s)
[14:17:19]     settle 27: 236 @   4957 d -> ok lintwin tank 1071.7 (+26.0) miss 49 km (3.5 s)
[14:17:23]     settle 30: 247 @   5208 d -> ok lintwin tank 983.6 (+107.4) miss 32 km (8.5 s)
[14:17:23]     settle 30: 156 @   5220 d -> ok lintwin tank 959.9 (+25.3) miss 42 km (6.7 s)
[14:17:24]     settle 28:  34 @   5164 d -> ok lintwin tank 1000.6 (+44.7) miss 3 km (11.8 s)
[14:17:24]     settle 31:  98 @   5211 d -> ok lintwin tank 1146.9 (+112.0) miss 69 km (10.3 s)
[14:17:26]     settle 27: 247 @   5184 d -> ok lintwin tank 1068.3 (+22.6) miss 78 km (5.4 s)
[14:17:28]     settle 30: 236 @   4961 d -> ok lintwin tank 920.2 (+43.9) miss 56 km (3.7 s)
[14:17:29]     settle 28: 168 @   5006 d -> ok lintwin tank 1098.9 (+31.0) miss 43 km (10.9 s)
[14:17:29]     settle 32: 205 @   5057 d -> ok lintwin tank 1109.4 (+66.3) miss 70 km (11.6 s)
[14:17:30]     settle 29: 219 @   5271 d -> FAIL [('lam', 170290243.3)] (45.7 s)
[14:17:34]     settle 30: 247 @   5169 d -> ok lintwin tank 998.1 (+63.4) miss 74 km (9.9 s)
[14:17:35]     settle 30:  98 @   5401 d -> ok lintwin tank 915.9 (+39.6) miss 78 km (5.8 s)
[14:17:37]     settle 31: 175 @   5224 d -> ok lintwin tank 1071.3 (+36.5) miss 56 km (12.3 s)
[14:17:40]     settle 27: 172 @   5053 d -> ok lintwin tank 1060.2 (+14.4) miss 73 km (12.8 s)
[14:17:40]     settle 28:  56 @   5116 d -> ok lintwin tank 1107.0 (+39.1) miss 6 km (10.2 s)
[14:17:41]     settle 28: 184 @   5409 d -> ok lintwin tank 981.2 (+25.4) miss 4 km (15.4 s)
[14:17:41]     settle 30:  24 @   5068 d -> ok lintwin tank 929.1 (+52.9) miss 75 km (5.1 s)
[14:17:41]     settle 32:   7 @   4984 d -> ok lintwin tank 1081.0 (+38.0) miss 76 km (11.1 s)
[14:17:46]     settle 27: 287 @   5148 d -> ok lintwin tank 1064.4 (+18.7) miss 68 km (4.9 s)
[14:17:46]     settle 28: 205 @   4964 d -> ok lintwin tank 1143.2 (+75.3) miss 65 km (4.5 s)
[14:17:47]     settle 30: 184 @   5430 d -> ok lintwin tank 948.0 (+13.4) miss 70 km (8.9 s)
[14:17:52]     settle 30: 243 @   5419 d -> ok lintwin tank 1144.4 (+268.2) miss 82 km (9.7 s)
[14:17:53]     settle 32:  77 @   5068 d -> ok lintwin tank 1079.9 (+36.8) miss 68 km (9.9 s)
[14:17:53]     settle 27: 241 @   5025 d -> ok lam tank 1102.4 (+56.6) miss 7 km (5.9 s)
[14:17:54]     settle 28:  98 @   5217 d -> ok lintwin tank 1005.8 (+50.0) miss 64 km (10.3 s)
[14:17:54]     settle 30:  98 @   5397 d -> ok lintwin tank 989.6 (+55.0) miss 75 km (6.1 s)
[14:17:54]     settle 28: 299 @   4923 d -> ok lintwin tank 1120.1 (+52.2) miss 7 km (7.7 s)
[14:18:00]     settle 30:  40 @   4890 d -> ok lintwin tank 977.9 (+43.3) miss 33 km (4.8 s)
[14:18:01]     settle 32:  62 @   5170 d -> ok lintwin tank 1082.9 (+39.9) miss 74 km (7.5 s)
[14:18:02]     settle 28: 156 @   5242 d -> ok lintwin tank 1148.2 (+80.4) miss 48 km (5.4 s)
[14:18:02]     settle 31: 172 @   5453 d -> ok lam tank 1201.0 (+166.2) miss 56 km (23.9 s)
[14:18:02]     settle 31: 274 @   5402 d -> ok lintwin tank 949.3 (+1.8) miss 23 km (2.1 s)
[14:18:03]     settle 30:  34 @   5128 d -> ok lintwin tank 964.7 (+88.5) miss 5 km (9.2 s)
[14:18:03]     settle 27:  24 @   4886 d -> ok lintwin tank 1079.6 (+33.9) miss 2 km (9.0 s)
[14:18:04]     settle 28: 247 @   5142 d -> ok lintwin tank 1008.5 (+52.7) miss 2 km (9.3 s)
[14:18:07]     settle 28: 274 @   5387 d -> ok lin tank 1060.7 (+5.1) miss 78 km (2.8 s)
[14:18:09]     settle 31: 156 @   5220 d -> ok lintwin tank 963.4 (+15.9) miss 75 km (5.1 s)
[14:18:09]     settle 30: 221 @   5423 d -> ok lintwin tank 1037.8 (+161.6) miss 46 km (5.3 s)
[14:18:10]     settle 32: 159 @   4909 d -> ok lintwin tank 1050.0 (+6.9) miss 69 km (8.3 s)
[14:18:12]     settle 28: 184 @   5438 d -> ok lintwin tank 1130.6 (+62.8) miss 6 km (9.3 s)
[14:18:12]     settle 29: 155 @   5203 d -> FAIL [('lam', 72835294.2)] (42.1 s)
[14:18:12]   4 candidates dropped (settle failure / regrid failure / duplicate after truncation)
[14:18:12] RESULT s09_c4: 0 columns; frontier ; settles 4 (0 ok), regrids 0 (0 ok); wall 108 s of 300 (plan 20, price 0, settle 88; budget hit None, 0 unsettled)
[14:18:12]   job s09_c4 craft columns   0  levels 2  settles 0/4  end plan_done  wall 108.1 s
[14:18:12]     settle 31:  52 @   5182 d -> ok lintwin tank 1137.0 (+102.2) miss 74 km (6.8 s)
[14:18:14]     settle 28: 172 @   5091 d -> ok lintwin tank 1003.9 (+48.1) miss 70 km (6.8 s)
[14:18:14]     settle 30: 240 @   5126 d -> ok lintwin tank 903.7 (+27.5) miss 73 km (4.7 s)
[14:18:15]     settle 31: 168 @   5030 d -> ok lintwin tank 982.9 (+5.1) miss 55 km (5.6 s)
[14:18:16]     settle 31: 183 @   5145 d -> ok lintwin tank 928.0 (+7.8) miss 37 km (0.8 s)
[14:18:17]     settle 27:  34 @   5077 d -> ok lintwin tank 1054.5 (+8.8) miss 1 km (8.4 s)
[14:18:17] RESULT s09_c2: 13 columns; frontier 1fb 2 kg p0/0 | 2fb 50 kg p0/0; settles 13 (13 ok), regrids 13 (13 ok); wall 114 s of 300 (plan 20, price 1, settle 94; budget hit None, 0 unsettled)
[14:18:18]   job s09_c2 craft columns  13  levels 2  settles 13/13  end plan_done  wall 113.7 s
[14:18:20]     settle 32: 299 @   5234 d -> ok lintwin tank 1065.2 (+22.2) miss 87 km (9.4 s)
[14:18:22]     settle 28:  62 @   5143 d -> ok lintwin tank 1114.7 (+46.9) miss 76 km (8.6 s)
[14:18:22]     settle 31: 274 @   5354 d -> ok lintwin tank 1141.1 (+106.3) miss 61 km (9.0 s)
[14:18:22]     settle 28:  98 @   5407 d -> ok lintwin tank 1070.2 (+15.7) miss 53 km (5.1 s)
[14:18:22]     settle 32: 184 @   5436 d -> ok lintwin tank 986.4 (+23.0) miss 74 km (6.2 s)
[14:18:23]     settle 28:  40 @   4939 d -> ok lintwin tank 1100.4 (+144.6) miss 32 km (8.2 s)
[14:18:27]     settle 33: 231 @   5326 d -> ok lintwin tank 1095.9 (+23.8) miss 69 km (5.9 s)
[14:18:29]     settle 27: 183 @   4916 d -> ok lintwin tank 1063.0 (+17.3) miss 65 km (6.5 s)
[14:18:30]     settle 31: 134 @   4987 d -> ok lintwin tank 1070.0 (+35.2) miss 65 km (7.6 s)
[14:18:31]     settle 28: 247 @   5242 d -> ok lintwin tank 1132.6 (+64.7) miss 3 km (8.3 s)
[14:18:32]     settle 28:  52 @   5181 d -> ok lintwin tank 994.2 (+38.4) miss 79 km (8.7 s)
[14:18:34]     settle 28: 172 @   5051 d -> ok lam tank 1083.8 (+20.7) miss 3 km (4.6 s)
[14:18:35]     settle 32: 159 @   4889 d -> ok lintwin tank 1049.6 (+6.6) miss 61 km (7.1 s)
[14:18:35]     settle 32: 274 @   5410 d -> ok lintwin tank 993.3 (+10.4) miss 14 km (10.5 s)
[14:18:39]     settle 28: 159 @   4889 d -> ok lintwin tank 1147.2 (+79.3) miss 81 km (6.6 s)
[14:18:40]     settle 31: 243 @   5435 d -> ok lintwin tank 1154.7 (+119.9) miss 52 km (9.2 s)
[14:18:43]     settle 29: 247 @   5230 d -> ok lintwin tank 994.1 (+32.0) miss 2 km (10.1 s)
[14:18:43]     settle 33: 156 @   5223 d -> ok lintwin tank 1059.9 (+10.3) miss 71 km (8.6 s)
[14:18:44]     settle 29:  98 @   5298 d -> ok lintwin tank 1087.4 (+3.6) miss 3 km (9.3 s)
[14:18:50]     settle 33:  77 @   4999 d -> ok lam tank 1088.6 (+38.7) miss 37 km (5.4 s)
[14:18:50]     settle 31: 241 @   5034 d -> ok lintwin tank 1102.7 (+67.9) miss 77 km (8.7 s)
[14:18:55]     settle 29: 278 @   5430 d -> ok lintwin tank 1013.7 (+5.2) miss 29 km (10.7 s)
[14:18:55]     settle 29: 274 @   5337 d -> ok lintwin tank 1101.9 (+16.2) miss 68 km (8.8 s)
[14:18:56]     settle 29: 227 @   5343 d -> ok lintwin tank 1102.2 (+18.4) miss 77 km (9.9 s)
[14:18:56]     settle 33: 193 @   5113 d -> ok lam tank 1137.5 (+56.5) miss 4 km (5.9 s)
[14:18:57]     settle 32: 156 @   5218 d -> ok lintwin tank 1009.6 (+26.6) miss 96 km (10.5 s)
[14:18:58]     settle 32: 184 @   5434 d -> ok lintwin tank 1092.6 (+21.3) miss 67 km (6.9 s)
[14:19:00]     settle 28:  98 @   5306 d -> ok lam tank 1087.5 (+7.9) miss 63 km (3.1 s)
[14:19:02]     settle 34:  27 @   5355 d -> ok lam tank 1274.7 (+137.2) miss 1 km (5.1 s)
[14:19:06]     settle 29: 274 @   5341 d -> ok lintwin tank 1122.3 (+28.8) miss 5 km (10.0 s)
[14:19:06]     settle 29: 299 @   5471 d -> ok lintwin tank 1038.9 (+35.0) miss 4 km (10.4 s)
[14:19:06]     settle 32: 299 @   5334 d -> ok lam tank 1183.6 (+46.6) miss 1 km (7.2 s)
[14:19:07] RESULT s09_c5: 13 columns; frontier 1fb 26 kg p0/0 | 2fb 58 kg p0/0; settles 13 (13 ok), regrids 13 (13 ok); wall 164 s of 300 (plan 21, price 1, settle 143; budget hit None, 0 unsettled)
[14:19:08]   job s09_c5 craft columns  13  levels 2  settles 13/13  end plan_done  wall 163.6 s
[14:19:09]     settle 29: 278 @   5436 d -> ok lintwin tank 1098.1 (+10.6) miss 68 km (8.5 s)
[14:19:09] RESULT s09_c3: 16 columns; frontier 1fb -2 kg p0/0 | 2fb 14 kg p0/0 | 3fb 40 kg p0/0; settles 19 (19 ok), regrids 16 (16 ok); wall 166 s of 300 (plan 22, price 2, settle 144; budget hit None, 0 unsettled)
[14:19:10]     settle 33: 184 @   5451 d -> ok lam tank 1018.4 (+8.8) miss 67 km (5.7 s)
[14:19:10]   job s09_c3 craft columns  16  levels 3  settles 19/19  end plan_done  wall 165.6 s
[14:19:11] RESULT s09_c0: 16 columns; frontier 1fb 5 kg p0/0 | 2fb 15 kg p0/0 | 3fb 52 kg p0/0 | 4fb 84 kg p0/0; settles 16 (16 ok), regrids 16 (16 ok); wall 167 s of 300 (plan 23, price 2, settle 144; budget hit None, 0 unsettled)
[14:19:12]     settle 33: 219 @   5300 d -> ok lintwin tank 1112.7 (+32.9) miss 78 km (7.3 s)
[14:19:12]   job s09_c0 craft columns  16  levels 4  settles 16/16  end plan_done  wall 167.0 s
[14:19:15]     settle 29: 274 @   5325 d -> ok lintwin tank 1112.8 (+13.9) miss 75 km (5.7 s)
[14:19:16]     settle 29: 184 @   5396 d -> ok lintwin tank 1009.7 (+15.5) miss 3 km (8.9 s)
[14:19:16]     settle 34: 243 @   5415 d -> ok lam tank 1138.3 (+25.6) miss 3 km (4.6 s)
[14:19:24]     settle 29: 184 @   5364 d -> ok lintwin tank 1134.1 (+-9.1) miss 74 km (7.8 s)
[14:19:24] RESULT s09_c6: 16 columns; frontier 1fb 8 kg p0/0 | 2fb 34 kg p0/0; settles 16 (16 ok), regrids 16 (16 ok); wall 181 s of 300 (plan 22, price 2, settle 159; budget hit None, 0 unsettled)
[14:19:26]     settle 34: 196 @   5233 d -> ok lintwin tank 1112.5 (+23.9) miss 81 km (6.9 s)
[14:19:26]   job s09_c6 craft columns  16  levels 2  settles 16/16  end plan_done  wall 180.7 s
[14:19:27]     settle 30: 184 @   5418 d -> ok lintwin tank 1031.8 (+37.7) miss 3 km (10.0 s)
[14:19:28] RESULT s09_c1: 14 columns; frontier 1fb 4 kg p0/0 | 2fb 38 kg p0/0 | 3fb 76 kg p0/0; settles 14 (14 ok), regrids 14 (14 ok); wall 184 s of 300 (plan 22, price 1, settle 162; budget hit None, 0 unsettled)
[14:19:28]   job s09_c1 craft columns  14  levels 3  settles 14/14  end plan_done  wall 184.3 s
[14:19:36]     settle 35: 278 @   5356 d -> ok lintwin tank 1148.6 (+36.1) miss 65 km (9.1 s)
[14:19:38] RESULT s09_c7: 16 columns; frontier 1fb 5 kg p0/0 | 2fb 17 kg p0/0 | 3fb 68 kg p0/0 | 4fb 104 kg p0/0; settles 19 (19 ok), regrids 16 (16 ok); wall 194 s of 300 (plan 21, price 2, settle 174; budget hit None, 0 unsettled)
[14:19:38]   job s09_c7 craft columns  16  levels 4  settles 19/19  end plan_done  wall 194.3 s
[14:19:38] [slice 9] propose: 104 columns (0 bad dropped) in 194.4 s
[14:19:38] [slice 9] auction: 104 columns, kept 55, dropped {'fuel': 49}; lam 1.50 H_eff 617 d fuel budget 551 kg quota OFF
[14:19:38] [slice 9] auction: status optimal objective 28.646 vars 55 rows 22 chosen 6 fuel 257/551 kg (0.008 s)
[14:19:40] [slice 9] claims: -  (0 targets: 0 kept, 0 new; 10 released, 0 expired (ttl 9), 0 conflicts)
[14:19:40] [slice 9] fuel dual: lam 1.500 -> 1.200 (chosen 257 / budget 551 kg, ramp drops 0 of 55)
[14:19:40] [slice 9 T=4860 d] launched 8/8  covered 240  remaining 58  fuel 3412 kg  sumJi 11.1897  chosen: c0:3(+55) c1:3(+76) c2:2(+50) c3:2(+24) c5:1(+35) c7:2(+17)  rejected: -  (wall 196 s)
[14:19:40] stop: horizon at T=5477 d (slice 10)
[14:19:41] finalize: fleet/ 8 routes  covered 240  misses 58  fuel 3412 kg  sumJi 11.1897  J 71.1897  honest True
[14:19:41] p16_claims_ttl9: slice 10 phase propose T=5477 d  launched 8/8  covered 240  remaining 58  fuel 3412 kg  sumJi 11.1897  done True (horizon)
