# globalopt m0=881.4694009829673
1 1 0 82944000 118672056.75105238 -94629232.928154051 5908.2419417085184 20.507964625448306 22.086565674564604 1.0299171833350458 881.46940098296727 0 0 0 0
2 1 1 83030400 120427072.31185375 -92707655.958510742 94888.057022947454 20.116691206609381 22.393136338998115 1.0297523287294992 881.46940098296727 -1.3272290307313077e-05 1.4592628869862946e-05 -0.0001083723733558007 0
3 1 1 83116800 122148101.40173969 -90759914.736573875 183839.90058309532 19.721266457716993 22.692213965380724 1.0292649927932025 881.46864434142981 -5.5992590566006161e-05 6.1560226472244441e-05 -0.0004316345452213034 0
4 1 1 83203200 123834792.26128797 -88786658.3745794 272736.75314430136 19.321852002647162 22.983757684958753 1.0284874092444221 881.46781280682933 -3.9006616221045747e-05 4.2882057809998075e-05 -0.00028891270787467733 0
5 1 1 83289600 125486807.08207104 -86788539.374509513 361554.48573737661 18.918605995222958 23.267733349528125 1.0274300646865304 881.46708869478812 -5.1879147743442401e-05 5.7023462278945381e-05 -0.00036649595621611312 0
6 1 1 83376000 127103821.49991405 -84766212.826914966 450268.41185570351 18.511683709047112 23.544112721522612 1.0260863770668345 881.46626259714708 -5.2838006846479307e-05 5.8059736015943844e-05 -0.00036128606006377182 0
7 1 1 83462400 128685524.65282841 -82720336.244458005 538854.1762130704 18.101241436109131 23.812869027505986 1.0244635469060321 881.4654393652396 -5.5308225060368386e-05 6.0743005707114419e-05 -0.00036995443304787081 0
8 1 1 83548800 130231619.09665297 -80651569.252748311 627287.72002136055 17.687433735671807 24.073979825659055 1.0225632160985458 881.46459448971723 -5.7855697879461069e-05 6.3496938529828049e-05 -0.00037857367344984564 0
9 1 1 83635200 131741820.70538522 -78560573.277783915 715545.18980700767 17.270414299485175 24.327425900176479 1.0203882294731363 881.46372930823418 -6.0430022082340455e-05 6.6263906013048276e-05 -0.00038715249597657468 0
10 1 1 83721600 133215858.58621372 -76448011.26280646 803602.97802849463 16.850335749440649 24.573191331654908 1.0179414376728901 881.46284387183914 -6.2918925565646488e-05 6.8918638524848887e-05 -0.00039573549487279951 0
11 1 1 83808000 134653474.98443422 -74314547.387037769 891437.72598809109 16.427349574002932 24.811263417994184 1.0152257502830631 881.46193822409282 -6.529352913500621e-05 7.1427879287464405e-05 -0.0004043364217634681 0
12 1 1 83894400 136054425.1823701 -72160846.79057011 979026.32890418533 16.001606056557637 25.041632607149072 1.0122441351332623 881.46101240893563 -6.7568249643273096e-05 7.3805822506692233e-05 -0.00041295136256471116 0
13 1 1 83980800 137418477.39244625 -69987575.305313006 1066345.9408565853 15.573254211488512 25.264292424461441 1.0089996161064172 881.46006647402203 -6.9770858971246499e-05 7.6081175109954158e-05 -0.00042157009384959841 0
14 1 1 84067200 138745412.64499611 -67795399.192362189 1153373.9795032365 15.142441725950661 25.479239396933004 1.0054952701197359 881.45910047168934 -7.1926552221645556e-05 7.8279717342063124e-05 -0.00043018254654627296 0
15 1 1 84153600 140035024.67123216 -65584984.885984011 1240088.1305187719 14.709314905925462 25.686472976077539 1.0017342237861417 881.45811445901052 -7.4054822735806572e-05 8.0420898531621631e-05 -0.00043878035724990733 0
16 1 1 84240000 141287119.78170544 -63356998.744285196 1326466.3517440963 14.274018625655765 25.885995460413366 0.9977196500926252 881.45710849763077 -7.6170592832403784e-05 8.2519092136257012e-05 -0.00044735665504386891 0
17 1 1 84326400 142501516.74053189 -61112106.806581631 1412486.8770531905 13.836696280226953 26.07781191791641 0.99345476517802644 881.4560826535959 -7.8285388843305455e-05 8.4584897504783466e-05 -0.00045590572781165062 0
18 1 1 84412800 143678046.63565728 -58850974.557465881 1498128.2199457565 13.397489741263106 26.261930108521565 0.98894282520809562 881.45503699719904 -8.0408212352195473e-05 8.6626101265096562e-05 -0.00046442275468806517 0
19 1 1 84499200 144816552.74542722 -56574266.697565243 1583369.1768738918 12.956539315700557 26.43836040675825 0.98418712334323055 881.45397160285029 -8.2546200815022602e-05 8.8648407165049095e-05 -0.00047290358706378359 0
20 1 1 84585600 145916890.40172601 -54282646.92097529 1668188.8303106558 12.51398370759 26.607115724610154 0.9791909867952977 881.45288654897286 -8.4705110298140843e-05 9.0655972627696948e-05 -0.00048134458592026443 0
21 1 1 84672000 146978926.84994438 -51976777.699345283 1752566.5515680567 12.06995998287168 26.768211434687355 0.97395777397000594 881.45178191790785 -8.6889667354177685e-05 9.2651795535700186e-05 -0.00048974250021669775 0
22 1 1 84758400 148002541.10603088 -49657320.072585016 1836482.0033717586 11.624603537062127 26.921665293798142 0.96849087169246217 881.45065779583467 -8.9103818659325731e-05 9.4637995674340768e-05 -0.00049809437638843456 0
23 1 1 84844800 148987623.81087306 -47324933.446154505 1919915.1421995892 11.178048065785319 27.067497367005835 0.96279369251405922 881.44951427270053 -9.135091662332089e-05 9.6616016228327965e-05 -0.00050639749336673929 0
24 1 1 84931200 149934077.08225429 -44980275.394891441 2002846.2203908353 10.730425538076968 27.205729952253503 0.95686967209935769 881.4483514421521 -9.3633850311147139e-05 9.8586777156140258e-05 -0.00051464931479562831 0
25 1 1 85017600 150841814.36462027 -42624001.473323546 2085255.788033183 10.281866172387478 27.336387505635923 0.95072226669212723 881.44716940147248 -9.5955146355803967e-05 0.00010055078314399067 -0.00052284745284825423 0
26 1 1 85104000 151710760.27688724 -40256765.03240674 2167124.6946341307 9.8324984152064978 27.459496567394176 0.94435495066003305 881.44596825152155 -9.83170409388866e-05 0.00010250820853928277 -0.00053098963996152631 0
27 1 1 85190400 152540850.45851222 -37879217.042623654 2248434.0905836294 9.3824489222304557 27.575085688704394 0.93777121411727393 881.44474809667452 -0.00010072153427151036 0.00010445895988737364 -0.00053907371113790631 0
28 1 1 85276800 153332031.41404411 -35492005.923370771 2329165.4284146768 8.9318425419927809 27.68318535932735 0.93097456062475015 881.44350904476721 -0.0001031704318020923 0.00010640272245298069 -0.00054709758653963454 0
29 1 1 85363200 154084260.35636374 -33095777.378557131 2409300.4638685342 8.4808023018757321 27.783827936181925 0.92396850496736138 881.44225120703311 -0.00010566537587698204 0.00010833900063054818 -0.00055505926122332238 0
30 1 1 85449600 154797505.04881531 -30691174.238332514 2488821.2567712204 8.0294493964221001 27.877047572900359 0.91675657100794439 881.44097469804899 -0.00010820786884190272 0.00011026714442604493 -0.00056295679392481194 0
31 1 1 85536000 155471743.64642397 -28278836.306857381 2567710.1717278836 7.5779031778646875 27.962880150419242 0.90934228961728036 881.43967963567798 -0.00011079929345115662 0.00011218637186377267 -0.00057078830216349802 0
32 1 1 85622400 156106964.53638843 -25859400.216023386 2645949.8786415686 7.1262811487915467 28.041363208655802 0.90172919667950446 881.43836614100974 -0.00011344092368094058 0.00011409578984350483 -0.00057855195569184539 0
33 1 1 85708800 156703166.17802915 -23433499.285028484 2723523.3530629133 6.6746989568649786 28.11253587931493 0.89392083117237953 881.43703433830331 -0.00011613393952069679 0.00011599440891652209 -0.00058624597208359168 0
34 1 1 85795200 157260356.9423655 -21001763.385707196 2800413.87637717 6.2232703915124663 28.176438819867915 0.88592073332162824 881.43568435492682 -0.00011887943568003361 0.0001178811507427602 -0.00059386861327409102 0
35 1 1 85881600 157778554.9514904 -18564818.813513055 2876605.0358349346 5.772107382508902 28.233114148740317 0.87773244282850749 881.43431632130148 -0.00012167842496693803 0.00011975486571135222 -0.00060141818279003121 0
36 1 1 85968000 158257787.91789976 -16123288.164047468 2952080.7244328726 5.3213200003696333 28.282605381742446 0.86935949716977101 881.43293037084277 -0.00012453184685590137 0.00012161433524761255 -0.0006088930230527921 0
37 1 1 86054400 158698092.9839327 -13677790.215026161 3026825.1406506617 4.8710164584746476 28.324957369771827 0.86080542996899645 881.43152663989792 -0.00012744057103241584 0.00012345828201469465 -0.00061629151457505687 0
38 1 1 86140800 159099516.56146622 -11228939.813572217 3100822.7880502488 4.4213031168456496 28.360216237813876 0.85207376943838753 881.43010526769137 -0.0001304054009225315 0.00012528537486786881 -0.00062361207212582447 0
39 1 1 86227200 159462114.17200518 -8777347.7687226553 3174058.4747434929 3.9722844874986003 28.388429325263569 0.84316803688978792 881.42866639626118 -0.0001334270759162729 0.00012709423536829857 -0.00063085314722521359 0
40 1 1 86313600 159785950.28730032 -6323620.7490332751 3246517.3127341135 3.5240632412955679 28.409645127587179 0.83409174531394592 881.42721017040083 -0.00013650627458893132 0.00012888344158693327 -0.00063801322219333772 0
41 1 1 86400000 160071098.17061999 -3868361.1851656022 3318184.7171397889 3.0767402162211033 28.42391323934029 0.82484839802676047 881.42573673759932 -0.00013964361535243069 0.00013065153064122336 -0.00064509081410753406 0
42 1 1 86486400 160317639.71879604 -1412167.177337887 3389046.4053001278 2.6304144270096361 28.431284298555344 0.81544148738130051 881.42424624798025 -0.00014283966054190445 0.00013239700590413672 -0.00065208446874755307 0
43 1 1 86572800 160525665.30515718 1044367.592478459 3459088.3957761843 2.1851830760520694 28.431809932509299 0.8058744935443275 881.42273885424243 -0.00014609491449688652 0.00013411833904983453 -0.00065899276486711838 0
44 1 1 86659200 160695273.62345749 3500653.9437366882 3528297.0072469655 1.7411415655113909 28.425542704878435 0.79615088333589124 881.42121471159987 -0.00014940982489265606 0.00013581397082135731 -0.00066581431010790423 0
45 1 1 86745600 160826571.5329009 5956107.275986813 3596658.8573083943 1.2983835105781933 28.412536064285568 0.78627410913083962 881.41967397772112 -0.00015278478595761585 0.00013748231623407232 -0.00067254774245898352 0
46 1 1 86832000 160919673.90435946 8410147.6431624517 3664160.8611799562 0.85700075379913287 28.392844294242586 0.77624760782066549 881.41811681266677 -0.00015622013798332536 0.00013912176759646642 -0.00067919172939143299 0
47 1 1 86918400 160974703.46787068 10862199.823602995 3730790.230324232 0.41708338041311405 28.366522464488103 0.76607479983453808 881.41654337882983 -0.00015971616745932791 0.0001407306953282286 -0.00068574496538934329 0
48 1 1 87004800 160991790.66150475 13311693.385931555 3796534.4709843355 -0.021280265368567239 28.333626383718542 0.75575908821805338 881.4149538408783 -0.00016327310842506813 0.00014230744938123754 -0.00069220617211463993 0
49 1 1 87091200 160971073.48167369 15758062.750908952 3861381.3826442054 -0.45800356319993901 28.294212553708785 0.74530385776788033 881.41334836569308 -0.00016689114202479759 0.00014385036368041936 -0.00069857410237363614 0
50 1 1 87177600 160912697.33496115 18200747.249383535 3925319.0564164817 -0.89300159861614248 28.248338124816893 0.73471247422133301 881.41172712230423 -0.00017057039919150314 0.00014535776039432098 -0.00070484753278985649 0
51 1 1 87264000 160816814.89153862 20639191.176456135 3988335.8733627019 -1.3261911442849645 28.196060852864267 0.72398828349915734 881.41009028183407 -0.00017431094742177697 0.00014682793799310076 -0.00071102527280385525 0
52 1 1 87350400 160683585.94023329 23072843.841978572 4050420.5027502608 -1.7574906405476363 28.137439057381393 0.71313461099892972 881.40843801743551 -0.00017811275874905075 0.00014825916847695299 -0.00071710617132413024 0
53 1 1 87436800 160513177.24530497 25501159.617503136 4111561.9002508568 -2.1868201753137089 28.072531581213372 0.70215476094875451 881.40677050439456 -0.00018197594040855975 0.00014964981941089151 -0.00072308903675469391 0
54 1 1 87523200 160305762.40498444 27923597.979801726 4171749.3060835158 -2.6141014634183324 28.001397751508232 0.69105201574443775 881.40508791832133 -0.00018590166255557644 0.00015099897086456865 -0.00072897411349097331 0
55 1 1 87609600 160061521.71181658 30339623.551074181 4230972.243092807 -3.0392578254879798 27.92409734208227 0.67982963509748673 881.40339042775759 -0.00018989198409278627 0.00015230643308160983 -0.0007347652163291207 0
56 1 1 87696000 159780642.0148589 32748706.135956462 4289220.5147672659 -3.4622141660435743 27.840690536916657 0.6684908557277689 881.4016781996711 -0.00019394537953534833 0.00015356947945631048 -0.00074045882159384368 0
57 1 1 87782400 159463316.58380115 35150320.75542447 4346484.2032572171 -3.8828969510662885 27.751237894891215 0.65703889135836124 881.39995141122063 -0.00019805976314644569 0.00015478505133922872 -0.00074605060192451333 0
58 1 1 87868800 159109744.97502837 37543947.67771624 4402753.6673652753 -4.3012341854549039 27.655800316015679 0.64547693213206436 881.39821024568846 -0.00020223463491425526 0.0001559512663851139 -0.00075153950539211451 0
59 1 1 87955200 158720132.8996428 39929072.446393862 4458019.5404821448 -4.7171553901507171 27.554439008944893 0.63380814405203179 881.39645488777057 -0.00020646971776477419 0.00015706641762856709 -0.00075692450936080773 0
60 1 1 88041600 158294692.09348163 42305185.90564926 4512272.7284864271 -5.1305915788452836 27.447215459671053 0.62203566865164428 881.39468552373376 -0.00021076466940237192 0.00015812878151004713 -0.0007622046215989038 0
61 1 1 88128000 157833640.18916029 44671784.222957499 4565504.4076170241 -5.5414752343982849 27.334191401437664 0.61016262268995392 881.3929023413649 -0.00021511908525131341 0.00015913662848166394 -0.0007673788798952221 0
62 1 1 88214400 157337200.59016418 47028368.909183316 4617706.0223208312 -5.9497402850158672 27.215428785862706 0.59819209788513195 881.3911055299136 -0.00021953251060444546 0.00016008823287371067 -0.00077244634367370363 0
63 1 1 88300800 156805602.34700656 49374446.836243972 4668869.2830790281 -6.3553220802255161 27.090989755249016 0.58612716068457205 881.38929528003928 -0.00022400444539124172 0.00016098187104072361 -0.00077740609373506346 0
64 1 1 88387200 156239080.03547114 51709530.252430275 4718986.1642149985 -6.7581573666820294 26.960936616060419 0.5739708520696577 881.38747178374979 -0.00022853434028557117 0.0001618158252521854 -0.00078225723523236295 0
65 1 1 88473600 155637873.63695014 54033136.795485504 4768048.9016868528 -7.1581842638385798 26.825331813542569 0.56172618739421309 881.385635234348 -0.00023312160080676066 0.00016258838579190642 -0.00078699889250385523 0
66 1 1 88560000 155002228.42088923 56344789.503540345 4816049.9908673987 -7.5553422395156007 26.684237907466322 0.54939615625538385 881.38378582637324 -0.00023776558792215922 0.00016329785115650264 -0.00079163021220461204 0
67 1 1 88646400 154332394.82934704 58644016.823999621 4862982.1843142929 -7.9495720853966052 26.537717548971234 0.53698372239494585 881.38192375554365 -0.00024246559094805964 0.00016394252338886291 -0.00079615037079364408 0
68 1 1 88732800 153628628.36367378 60930352.620475024 4908838.4895329094 -8.3408158924787461 26.385833458486232 0.52449182362958024 881.38004921870572 -0.00024722082677386902 0.00016452070954292504 -0.00080055857275703021 0
69 1 1 88819200 152891189.47331095 63203336.177855805 4953612.166736708 -8.7290170265130165 26.228648404701765 0.51192337186804726 881.37816241500138 -0.00025203082224843648 0.00016503085519193795 -0.00080485391969822178 0
70 1 1 88905600 152120343.44670561 65462512.205612957 4997296.7265871121 -9.1141201037291815 26.066225184751087 0.49928125239499421 881.37626352846667 -0.00025689944939749919 0.00016547428016309388 -0.00080904795565399379 0
71 1 1 88992000 151316360.30432123 67707430.83943361 5039885.927873509 -9.4960709663100271 25.898626605225758 0.48656832384390764 881.37435272722325 -0.00026182568018186692 0.00016584922870248553 -0.00081313979771855706 0
72 1 1 89078400 150479514.69379595 69937647.64123857 5081373.7752802549 -9.8748166574381049 25.725915463837737 0.47378741979307043 881.3724302009947 -0.00026680607124352287 0.00016615201143774648 -0.00081711832044401586 0
73 1 1 89164800 149610085.78718883 72152723.597696349 5121754.5171195604 -10.250305398350468 25.548154533262334 0.46094134493476691 881.37049606594815 -0.00027186259687871317 0.00016639504922455391 -0.00082104587978927297 0
74 1 1 89251200 148708357.1802471 74352225.117358357 5161022.6428395463 -10.622486562854537 25.365406544302711 0.4480328785432543 881.36855044710319 -0.00027697503858706784 0.00016656440245388696 -0.00082486551805193732 0
75 1 1 89337600 147774616.7938605 76535724.026379973 5199172.880815506 -10.991310655551588 25.177734172085586 0.4350647679427011 881.36659331702481 -0.00028220889276892768 0.00016669762026338064 -0.00082876204624224238 0
76 1 1 89424000 146809156.77723601 78702797.563182205 5236200.1951496042 -11.356729289449254 24.985200022640832 0.4220397245972437 881.36462439633829 -0.00028759454231896405 0.00016680838733534984 -0.00083281240398704536 0
77 1 1 89510400 145812273.41268969 80853028.372154206 5272099.7812783197 -11.718695179189968 24.787866629018907 0.40896037677722075 881.36264199998072 -0.00029347210549088775 0.00016708673629633813 -0.00083796376626906095 0
78 1 1 89596800 144784267.02182803 82986004.496596798 5306867.0597723918 -12.077162092036895 24.585796423952608 0.39582934196782832 881.36064478879007 -0.00029949278645914672 0.00016732272582596535 -0.00084320578109791289 0
79 1 1 89683200 143725441.87565026 85101319.369479299 5340497.675644937 -12.432084858280586 24.379051746266267 0.38264913557026453 881.35862953992137 -0.00030662695883059961 0.00016804199923441002 -0.000851183485933485 0
80 1 1 89769600 142636106.10027051 87198571.806729317 5372987.4801187627 -12.783419397724613 24.167694856352671 0.36942203714058114 881.35658788093565 -0.00031544212619994175 0.00016951650303852184 -0.00086334239718523242 0
81 1 1 89856000 141516571.58559293 89277365.998897642 5404332.5155766625 -13.131122667697214 23.95178790735131 0.35615017803622229 881.35450839815553 -0.0003269362828619261 0.00017221776741121889 -0.00088220674773236579 0
82 1 1 89942400 140367153.88486719 91337311.5074808 5434528.9717223085 -13.475153012401291 23.73139312562288 0.34283456055630479 881.35235267524592 -0.00034824612685145558 0.0001797454350458391 -0.00092646209852136508 0
83 1 1 90028800 139188172.08376795 93378023.276567206 5463573.0577988531 -13.81547022662164 23.506572830719644 0.32947488326885699 881.35005087889976 -0.00038121350014055027 0.00019272045871342766 -0.00099989437787338349 0
84 1 1 90115200 137979948.7110416 95399121.62192288 5491460.9848584691 -14.15203463209987 23.277388956209599 0.3160719574265089 881.34756064190753 -0.0004171258580079439 0.00020645989050719704 -0.0010787117508824545 0
85 1 1 90201600 136742809.71179789 97400232.188734084 5518189.1072133891 -14.484806967496022 23.04390301088559 0.30262789204612756 881.34487168559542 -0.00045578533033985595 0.00022077743821216761 -0.0011621476441142742 0
86 1 1 90288000 135477084.38406193 99380985.929530844 5543753.9581017317 -14.813748880136851 22.806176341708849 0.28914471141075049 881.34197212482604 -0.00049732953126701098 0.00023565347240871146 -0.0012503094576602079 0
87 1 1 90374400 134183105.3020712 101341019.08946435 5568152.2447937457 -15.138822878696505 22.564270114064897 0.27562442542021798 881.33885016980821 -0.00054178281487854462 0.00025101099081171162 -0.0013430145234428524 0
88 1 1 90460800 132861208.24263607 103279973.1904332 5591380.847063656 -15.459992328288042 22.318245313586445 0.26206899080458695 881.33549315708535 -0.000589867753209293 0.00026708596983924328 -0.0014417760085796785 0
89 1 1 90547200 131511732.10344265 105197495.01913753 5613436.7919553053 -15.777221675332628 22.068162849299586 0.24847972302947963 881.33187301461032 -0.00064558886882821087 0.00028553801459449857 -0.001555916806519105 0
90 1 1 90633600 130135018.81454766 107093236.61828241 5634317.2087301873 -16.09047613347424 21.814083413848021 0.23485802012802706 881.32796405869226 -0.00070464084931852499 0.00030427341958506968 -0.0016745460094788082 0
91 1 1 90720000 128731413.28955333 108966855.26024684 5654019.3763003517 -16.399721522722487 21.556067416762858 0.22120570322285926 881.32375137681186 -0.00076851617667098157 0.00032381784495584976 -0.0018009018466910145 0
92 1 1 90806400 127301263.35690282 110818013.43024294 5672540.7179618599 -16.704924519995608 21.294175103531735 0.20752435795398366 881.31921458448949 -0.00083718807452255002 0.00034401456717942985 -0.0019345484118771801 0
93 1 1 90892800 125844919.69626965 112646378.80791117 5689878.8037315207 -17.006052405633994 21.028466454190216 0.19381588331258945 881.31434139884857 -0.00090833840111200566 0.00036378959784877276 -0.0020698386227046063 0
94 1 1 90979200 124362735.79101276 114451624.24293439 5706031.3855573339 -17.303073028841705 20.759001179821279 0.18008251282313864 881.30912819731043 -0.00098156428041773925 0.00038291249587446731 -0.0022057296761155238 0
95 1 1 91065600 122855067.87304126 116233427.73471968 5720996.4099487271 -17.595954919041905 20.485838778160993 0.16632650347593289 881.30357232367521 -0.0010568259646031558 0.0004013080873054423 -0.0023420400772232604 0
96 1 1 91152000 121322274.86410315 117991472.41425043 5734772.0182476221 -17.884667278922109 20.209038537908643 0.15255010830011254 881.29767139954265 -0.0011340878721330758 0.00041890433076884948 -0.0024786056623362467 0
97 1 1 91238400 119764718.31845929 119725446.52599941 5747356.5463941069 -18.1691799650104 19.928659538224423 0.13875557871511876 881.29142337379801 -0.0012133165484804764 0.00043563145752955544 -0.0026152746107294031 0
98 1 1 91324800 118182762.36716184 121435043.40984367 5758748.5247579804 -18.449463469881525 19.64476064924532 0.1249451639216332 881.28482649866612 -0.0012944786563128625 0.00045142127697079599 -0.0027519031475103884 0
99 1 1 91411200 116576773.66387215 123119961.4830454 5768946.6779310368 -18.725488904237839 19.357400533104265 0.11112111056434593 881.27787931570299 -0.0013775355541826104 0.00046620789864923641 -0.0028883533112285822 0
100 1 1 91497600 114947121.3349652 124779904.2214449 5777949.9301605858 -18.997227911526863 19.066637623081508 0.097285803183471964 881.27058418857507 -0.0014624674361994065 0.00047992005288878038 -0.003024478952394688 0
101 1 1 91584000 113294176.90048158 126414580.1504944 5785757.3488311805 -19.264653733799577 18.772530470022062 0.083439567095357159 881.26289172301335 -0.0015661224267275538 0.00049785590259084328 -0.0031943840290002837 0
102 1 1 91670400 111618314.16304761 128023702.84680425 5792368.0207642913 -19.527739504400259 18.475137195702171 0.069584126562841603 881.25478810225343 -0.0016598445456072702 0.00051065379817015792 -0.0033393678922084735 0
103 1 1 91756800 109919909.29254331 129606990.8773178 5797781.3247080063 -19.786458008505651 18.174515428993541 0.055723044244302695 881.24630624580402 -0.001756607088832034 0.00052246014878242137 -0.0034859163631726273 0
104 1 1 91843200 108199340.74145302 131164167.79423496 5801996.8542376114 -20.040783396655538 17.870722867865236 0.041858189908245753 881.23743657941907 -0.001856808525057464 0.00053330640522770685 -0.0036346701508989726 0
105 1 1 91929600 106456989.17370427 132694962.12601419 5805014.3663184512 -20.290690326690175 17.563817006320903 0.02799147303131904 881.22817074938075 -0.0019607441207821819 0.0005431704123198942 -0.0037860262456545723 0
106 1 1 92016000 104693237.41977173 134199107.36041157 5806833.7813031366 -20.53615398403668 17.253855148656061 0.014124771822061444 881.21849981211767 -0.0020685570105937342 0.00055197888841794008 -0.0039400707062039741 0
107 1 1 92102400 102908470.43109176 135676341.92838576 5807455.1791407224 -20.777150095241808 16.940894419914027 0.00025988265527175484 881.20841291271347 -0.0021810110756781652 0.00055981171449880887 -0.0040980386752336034 0
108 1 1 92188800 101103075.23325512 137126409.18891871 5806878.791168835 -21.01365490641443 16.624991766898223 -0.013601462811025535 881.1978976930319 -0.0022981753744561019 0.00056654670843397795 -0.004259815583637451 0
109 1 1 92275200 99277440.882309854 138549057.41355923 5805104.9958762815 -21.245645184759972 16.306203964387109 -0.027457620629655507 881.18693965779619 -0.0024210987958771641 0.00057228956227440425 -0.0044270648973999431 0
110 1 1 92361600 97431958.418568596 139944039.77213567 5802134.3082516212 -21.473098216477066 15.984587621056463 -0.041307051235684379 881.17552170728459 -0.0025501437678412228 0.00057694779226824717 -0.0046001231350392743 0
111 1 1 92448000 95567020.821276098 141311114.31868899 5797967.3692926411 -21.695991860832105 15.660199195926902 -0.055148430401139724 881.16362119815267 -0.0026873919560746065 0.0005807852801953307 -0.0047823389452361885 0
112 1 1 92534400 93683022.96118778 142650043.97835034 5792604.930321713 -21.914304402315928 15.33309497202187 -0.068980404865758085 881.15121623665857 -0.002830921956788118 0.00058316032747297636 -0.0049699065392137809 0
113 1 1 92620800 91780361.570615306 143960596.53091532 5786047.8667870192 -22.128014532355682 15.003331058692204 -0.082801577177205918 881.13828602620117 -0.0029828728122229158 0.00058429792011589028 -0.0051661781862231658 0
114 1 1 92707200 89859435.194266841 145242544.59905115 5778297.1568454532 -22.337101611912047 14.670963451192693 -0.096610977582238591 881.12479852260458 -0.0031458516360228805 0.00058442594519128718 -0.0053751168559770237 0
115 1 1 92793600 87920644.138951898 146495665.63704285 5769353.8571599508 -22.541545413670661 14.336047983431081 -0.11040762923730525 881.11072169694285 -0.0033181223610670605 0.00058290529731514233 -0.0055932005810840433 0
116 1 1 92880000 85964390.441813901 147719741.9162735 5759219.109650881 -22.741326209919112 13.998640347402162 -0.12419070466680412 881.09601934172315 -0.0035037594846559134 0.0005801239467290479 -0.0058266590783259105 0
117 1 1 92966400 83991077.818581462 148914560.51481336 5747894.1134684756 -22.936424772157327 13.658796099984553 -0.13795954030642651 881.08065064175412 -0.0037011699946399904 0.00057541818834130334 -0.0060721354186280925 0
118 1 1 93052800 82001111.633358181 150079913.3034007 5735380.1328147557 -23.126822233365768 13.316570636583108 -0.15171339599521994 881.06457628411113 -0.003912381397032468 0.00056869513349110741 -0.0063321906577259949 0
119 1 1 93139200 79994898.857964918 151215596.93590042 5721678.4796593618 -23.312500219944546 12.972019300125641 -0.16545192935424211 881.04774754733921 -0.0041381182084294478 0.00056078003405622147 -0.0066106453892972776 0
120 1 1 93225600 77972849.328767791 152321412.69291031 5706792.4833638398 -23.493408669480456 12.625193529619361 -0.17912527451096188 881.0314429952698 -0.0043801061684303052 0.00054803815170392203 -0.0068979551467807263 0
121 1 1 93312000 75935362.407956064 153397167.97688326 5690707.1612110417 -23.669979331492101 12.276199507000682 -0.19342057668828344 880.9971314795074 -0.012506186616376572 0.0014249016856181856 -0.019238701513453107 0
122 1 1 93398400 73882801.628237665 154442679.05990461 5673350.6822490953 -23.842206239217855 11.925089146893905 -0.20834626721326255 880.94446223294733 -0.012988462544843897 0.001350320501632827 -0.019719454503833743 0
123 1 1 93484800 71815567.819268182 155457762.38948718 5654707.0303095598 -24.009631391520781 11.571862545319149 -0.22321820168729165 880.89169436873203 -0.013446065709880712 0.0012619396831307684 -0.020145715767134306 0
124 1 1 93571200 69734075.315615401 156442237.61620474 5634778.9502430633 -24.172265168126348 11.216577213371552 -0.23807718287180871 880.83766231787911 -0.013877485827945001 0.0011625780323619441 -0.020520087031933542 0
125 1 1 93657600 67638738.981569558 157395929.18967682 5613567.8744656183 -24.330087032160399 10.859286941447245 -0.25291598303776863 880.78248915735708 -0.014283032029632598 0.0010524958145668802 -0.020844025755509747 0
126 1 1 93744000 65529975.442885421 158318666.206525 5591075.853725506 -24.483076737075265 10.500045519558768 -0.26772751908289871 880.72629470477568 -0.014662588350888682 0.00093245359421535007 -0.021119107505064526 0
127 1 1 93830400 63408203.063630238 159210282.41277763 5567305.544142684 -24.631214289560983 10.138906784256502 -0.28250485939582537 880.6691957709121 -0.015016024524628946 0.00080319705353319975 -0.021346816158853112 0
128 1 1 93916800 61273841.924556687 160070616.20821819 5542260.1944994926 -24.774479943548766 9.7759246266239543 -0.29724121547675991 880.61130636332439 -0.015343189465029123 0.00066547288872956419 -0.021528564941663803 0
129 1 1 94003200 59127313.80203741 160899510.65157264 5515943.6341468589 -24.912854193651654 9.4111530033439781 -0.31192993579061951 880.55273785762768 -0.015643922388783552 0.00052003095744986125 -0.021665705159821899 0
130 1 1 94089600 56969042.146345645 161696813.46669188 5488360.259782495 -25.046317797211429 9.0446459489929811 -0.32656454125930728 880.49359804080689 -0.01591795807934519 0.00036764693312004847 -0.021759572263067874 0
131 1 1 94176000 54799452.088536225 162462377.05018872 5459515.0539493011 -25.17485092559582 8.6764575979798479 -0.34113775827719434 880.43401986650986 -0.016156967443558021 0.00020915018990241458 -0.021801988609746678 0
132 1 3 94251526.270345956 52893975.732134022 163105480.7536082 5433270.8165710531 -25.283156291939587 8.3532722942645634 -0.353824027044641 880.38159249036278 0 0 0 184
133 1 1 94262400 52618970.371394798 163196058.47900394 5429413.5192752518 -25.298437776514589 8.3066421325294897 -0.35564671051756036 880.37400620596213 -0.016452919395315617 4.3742789454263608e-05 -0.021897563302828459 0
134 1 1 94348800 50428024.525913604 163897719.50102103 5398060.772739212 -25.417077165371669 7.9352534092137903 -0.37010451663007465 880.31307855829493 -0.016967965298107807 -0.00013439353255058134 -0.022223877174862391 0
135 1 1 94435200 48227042.010863051 164567226.50385985 5365460.6346176583 -25.530765691986559 7.5623451004018527 -0.38452104779430785 880.25084844604021 -0.017497960754912965 -0.00032368295033017398 -0.022547141429872609 0
136 1 1 94521600 46016451.279551029 165204450.522746 5331616.8795265388 -25.639486629829449 7.1879711154062145 -0.39889086309972882 880.18738410738115 -0.018004894232699652 -0.00052265885531490436 -0.022827312992417109 0
137 1 1 94608000 43796682.290111594 165809267.25808629 5296533.8196045943 -25.74322255236082 6.8121855193711998 -0.41320770078985297 880.12278049416261 -0.01849366095230293 -0.00073091060330315438 -0.023071160941365854 0
138 1 1 94694400 41568166.47473228 166381557.08647221 5260216.2782452479 -25.841956668707077 6.4350424964937583 -0.42746588198817931 880.05711604095927 -0.018964201579307598 -0.00094790896697266656 -0.023279930305965743 0
139 1 1 94780800 39331336.707375295 166921205.07127962 5222669.565966689 -25.935672398640424 6.0565963515585306 -0.4416598079011495 879.99046740777283 -0.019416545288528451 -0.0011732719104618828 -0.023454717293380015 0
140 1 1 94867200 37086627.290302962 167428100.98022574 5183899.4674608968 -26.024353211533793 5.6769017368562835 -0.45578414542077406 879.92290880550263 -0.019848039964262959 -0.0014033736580526199 -0.023599078427534226 0
141 1 1 94953600 34834480.288263895 167902139.90520984 5143919.4667546768 -26.1078256306436 5.2960280288831134 -0.46965386404152548 879.85987783844234 -0.020266317264609413 -0.0016469718155367955 -0.023706842863090324 0
142 1 1 95040000 32575280.220825147 168343216.11846688 5102676.2589048706 -26.188277304780595 4.913822621284992 -0.48577842617570871 879.72631318618971 -0.059148855784278614 -0.005541375224554692 -0.067662524849513642 0
143 1 1 95126400 30309231.120504245 168751210.86957878 5059910.568118942 -26.26570927942474 4.5303181491610172 -0.50413613503935595 879.52229760208127 -0.059834067919125371 -0.0062119408485178931 -0.067386132511820782 0
144 1 1 95212800 28036717.91294039 169126024.77258351 5015572.366506123 -26.337917108137503 4.1457555424339381 -0.52219011136798399 879.32304493723666 -0.060498471070084235 -0.0068961399399403833 -0.067075221262085136 0
145 1 1 95299200 25758185.470932879 169467568.13413888 4969679.8363971077 -26.405040677518837 3.7601758256797133 -0.54011494297082763 879.12324950364348 -0.061139105042015425 -0.0075900177611539898 -0.066732981691403001 0
146 1 1 95385600 23474073.780057948 169775755.43784782 4922244.3994921045 -26.467063690593911 3.3736337077660514 -0.55790452830902892 878.92297215273618 -0.061756209095779446 -0.0082938723926925251 -0.066359480150812875 0
147 1 1 95472000 21184824.225212999 170050505.90428212 4873278.003988062 -26.523970041645065 2.9861841508193687 -0.57555279373599288 878.72227257628379 -0.062349371599336526 -0.0090070944544177276 -0.065955452483815596 0
148 1 1 95558400 18890879.576353915 170291743.51698983 4822793.1195792472 -26.575743776920117 2.5978824482923213 -0.59305374053511417 878.52120934030313 -0.06291823390737307 -0.0097291122274469326 -0.065521602827310996 0
149 1 1 95644800 16592683.974787293 170499397.05146465 4770802.7311887192 -26.622369107338812 2.2087842339236188 -0.610401440935184 878.31983988364289 -0.063462456181978724 -0.010459346075916596 -0.065058637740558076 0
150 1 1 95731200 14290682.918577399 170673400.10520437 4717320.3328062212 -26.663830417045663 1.8189454969196488 -0.6275900388659672 878.11822052178229 -0.063981716613069187 -0.01119720767039741 -0.064567266909127244 0
151 1 1 95817600 11985323.247183664 170813691.12906614 4662359.9212647416 -26.700112272681729 1.4284225968353723 -0.64461375061636261 877.91640645086045 -0.064475711942734132 -0.011942100465141426 -0.06404820292568833 0
152 1 1 95904000 9677053.1252699494 170920213.45990181 4605935.9899610234 -26.731199433274998 1.0372722782691743 -0.66146686546992739 877.71445175248118 -0.064944157416347181 -0.012693419985044956 -0.063502160857879242 0
153 1 1 95990400 7366322.0256326236 170992915.35445249 4548063.522521507 -26.75707686076187 0.64555168534788054 -0.6781437463417247 877.51240939868762 -0.065386787546423228 -0.01345055453013866 -0.06292985835321481 0
154 1 1 96076800 5053580.7111920761 171031750.02448621 4488757.9864128381 -26.777729731127391 0.25331837600352236 -0.69463883041569041 877.31033125736315 -0.065803355817103004 -0.014212885199274494 -0.062332015181460497 0
155 1 1 96163200 2739281.2159967218 171036675.67315984 4428035.3264983343 -26.793143446133715 -0.13936966397060616 -0.71094662976158496 877.10826809888363 -0.066193634967385007 -0.014979786578959188 -0.061709353000737772 0
156 1 1 96249600 423876.82518580981 171007655.53258327 4365911.9585408233 -26.803303645702083 -0.53245400713508184 -0.7270617319651369 876.90626960235386 -0.066557417723719106 -0.015750627333140459 -0.061062595427340952 0
157 1 1 96336000 -1892177.9461442791 170944657.90256545 4302404.7626504553 -26.80819622088887 -0.92587577084965156 -0.74297880076126421 876.70438436272002 -0.066894516213103314 -0.01652477017395591 -0.06039246746996603 0
158 1 1 96422400 -4208427.3752148915 170847656.19053027 4237531.0766692441 -26.80780732735942 -1.3195756037581963 -0.75869257685415725 876.50265989854131 -0.067204763975267201 -0.017301575538740836 -0.059699693036575137 0
159 1 1 96508800 -6524414.5552741028 170716628.95204678 4171308.6899528718 -26.802123406082458 -1.7134936873116597 -0.77419786599749374 876.30114267255999 -0.067488057667515033 -0.018080495660923582 -0.05898491419846693 0
160 1 1 96595200 -8839681.4185890257 170551559.9368535 4103755.833257752 -26.791131125612598 -2.1075695614438277 -0.78948968072401937 876.09987799415444 -0.067743313093472257 -0.018858745277883174 -0.058250716031100491 0
161 1 1 96681600 -11153764.484840654 170352439.51027149 4034894.5813143468 -26.774711540286692 -2.5017084637666964 -0.80447821079722659 875.9020310929543 -0.067974664664037801 -0.019645106477278435 -0.057489508254009662 0
162 1 1 96768000 -13466238.887117041 170119250.51244494 3964715.8017664114 -26.754337240425222 -2.8963273028960717 -0.82034238662462888 875.66394243290347 -0.093997210029014427 -0.028756239124161018 -0.077275528383047923 0
163 1 1 96854400 -15776801.281482274 169851941.23660699 3893113.5516877961 -26.730007932657557 -3.2913808728412537 -0.83707075116756724 875.38546004409852 -0.094382304959922655 -0.02984595274353485 -0.076338369719828492 0
164 1 1 96940800 -18085026.306456432 169550502.87548301 3820080.5173816732 -26.700236334946474 -3.6863442253999432 -0.85346714560305281 875.11017663070788 -0.094734459139958052 -0.030935741298609255 -0.075379780248302442 0
165 1 1 97027200 -20390448.050945252 169214944.40310112 3745641.6996105807 -26.665115125933593 -4.0811878169775984 -0.86961108391654307 874.83502607912874 -0.095054998824654249 -0.032028033095642595 -0.074397378370155989 0
166 1 1 97113600 -22692603.781098541 168845278.88379347 3669819.1557892454 -26.624632154389907 -4.4758486405603142 -0.88549691051380397 874.56005153611761 -0.095343496172041658 -0.033121641966275775 -0.073392255474862778 0
167 1 1 97200000 -24991029.728658885 168441524.85515422 3592635.4269052343 -26.578775635137109 -4.8702630139355145 -0.90111907876059461 874.28529538201087 -0.095599780482389277 -0.034215822844673338 -0.072365055728792094 0
168 1 1 97286400 -27285261.124608375 168003706.38482854 3514113.530080073 -26.52753419126789 -5.2643666068307038 -0.91647211407885709 874.01079921200949 -0.095823697019742762 -0.035309819284407129 -0.071316431271928979 0
169 1 1 97372800 -29574832.235379636 167531853.12707806 3434276.9521916085 -26.470896876057463 -5.658094427893718 -0.93155061725218469 873.73660385171638 -0.096015110534145603 -0.036402867336399809 -0.070247036659045914 0
170 1 1 97459200 -31859276.4010453 167026000.38035181 3353149.6433136379 -26.408853196728789 -6.0513808143273726 -0.94634926555792775 873.46274937126077 -0.096173905406992999 -0.03749419641171374 -0.069157528106798857 0
171 1 1 97545600 -34138126.075590447 166486189.14572388 3270756.0100567425 -26.341393138907975 -6.4441594221412677 -0.96086281393958184 873.18927509958792 -0.096299986290807951 -0.038583029711026236 -0.068048563830241493 0
172 1 1 97632000 -36410912.869328111 165912466.1861468 3187120.9088052115 -26.268507191769665 -6.8363632170448243 -0.97508609623105891 872.91621963868806 -0.096393278149809511 -0.039668584821051685 -0.06692080388081631 0
173 1 1 97718400 -38677167.593516842 165304884.08646277 3102269.6388469082 -26.19018637387358 -7.2279244660229915 -0.98901402641426361 872.64362087773986 -0.096453727003264447 -0.040750074349977169 -0.065774910188446153 0
174 1 1 97804800 -40936420.30723992 164663501.31411266 3016227.9353929781 -26.106422259661255 -7.6187747295942101 -1.0026415999066147 872.37151600779328 -0.096481299544526652 -0.041826706082696452 -0.064611546329428032 0
175 1 1 97891200 -43188200.366600782 163988382.28048295 2929021.9624847849 -26.017207006587917 -8.0088448547960276 -1.0159638948932894 872.09994153696368 -0.096475983616223671 -0.042897683894142433 -0.063431377812737583 0
176 1 1 97977600 -45432036.476291619 163279597.40282646 2840678.3057833184 -25.922533382921397 -8.398064968926537 -1.0289760737069023 871.82893330538889 -0.09643778848604366 -0.043962207915885454 -0.062235071865192483 0
177 1 1 98064000 -47667456.743590981 162537223.16669047 2751223.9652391053 -25.82239479616117 -8.7863644740672679 -1.0416733842122181 871.55852650106488 -0.096366744758414155 -0.045019475296583761 -0.06102329716128959 0
178 1 1 98150400 -49893988.734844439 161761342.18877083 2660686.3476514718 -25.716785322106691 -9.1736720426845473 -1.0540511610058341 871.28875567567229 -0.096262904956800927 -0.046068678883806627 -0.059796726159142687 0
179 1 1 98236800 -52111159.53445562 160952043.28057238 2569093.2586726616 -25.605699733769733 -9.5599156013882318 -1.0661048389692078 871.01965474882309 -0.096126338382832743 -0.047108922453369784 -0.058556117172097452 0
180 1 1 98323200 -54318495.8066094 160109421.50752285 2476472.899383028 -25.489133537951481 -9.9450224927140294 -1.0778297947843385 870.75125718478955 -0.095957252604670223 -0.048141157191939947 -0.057300432788966515 0
181 1 1 98409600 -56515538.528522521 159233570.57948574 2382845.4268165627 -25.367446831050003 -10.329109179052953 -1.089431082908912 870.47337091557824 -0.095755789921696824 -0.049149384249096199 -0.056045075549209122 0
182 1 1 98496000 -58701692.120837577 158324661.9005917 2288309.6834516809 -25.23554128573149 -10.709435075740425 -1.0979761542296935 870.32920598696694 -0.0075469374130022245 -0.0040503536690550401 -0.0042807573114228559 0
183 1 1 98582400 -60875941.749810264 157383094.32966721 2193203.971902614 -25.093423486244713 -11.085874354279447 -1.1035207925443797 870.31846028774567 -0.0074696166215843492 -0.004107525005224935 -0.0041377898505097228 0
184 1 1 98668800 -63037692.857423313 156409059.39632761 2097619.2699839016 -24.946200097792534 -11.460968691049798 -1.1090501068063543 870.29769961882062 -0.0073921068392465497 -0.004115860924314819 -0.0040386241439654951 0
185 1 1 98755200 -65186487.718351461 155402685.21398869 2001566.7534602627 -24.793511169766251 -11.834456347126963 -1.1143488001884392 870.27716203640409 -0.0073104493358879053 -0.0041666971020285389 -0.003898131656535418 0
186 1 1 98841600 -67321854.335839167 154364113.70518482 1905066.558048357 -24.635362144432712 -12.206264551248291 -1.1194128166832049 870.25684595039161 -0.0072287274437512665 -0.0042137373724671703 -0.0037618968052577635 0
187 1 1 98928000 -69443321.229883164 153293493.257063 1808139.0177977292 -24.471759432949128 -12.576317275970052 -1.1242407518015687 870.2367501650881 -0.0071447069722369349 -0.0042578798072438325 -0.0036268166260679563 0
188 1 1 99014400 -71550417.508969441 152190978.82935309 1710804.6039209198 -24.302710335161319 -12.944538410660929 -1.1288309183247935 870.2168729593634 -0.0070609911556637518 -0.0043010071626798391 -0.0034938505577217951 0
189 1 1 99100800 -73642672.95874168 151056731.9709323 1613083.9294266023 -24.128223172180235 -13.31085150017068 -1.1331816977843576 870.19720937956811 -0.0069768996748885564 -0.0043426756299323301 -0.0033626435213362418 0
190 1 1 99187200 -75719618.118102551 149890920.85800537 1514997.7488737085 -23.948307048110848 -13.675179580688516 -1.1372914253982478 870.17775852342993 -0.0068909055087136642 -0.0043818948480795041 -0.0032324538737222878 0
191 1 1 99273600 -77780784.352195352 148693720.33504599 1416566.960203401 -23.762972054308229 -14.037445300272461 -1.1411584785517919 870.15851833925922 -0.0068052934679046304 -0.0044200629930726777 -0.0031043549294922576 0
192 1 1 99360000 -79825703.946255118 147465311.94323716 1317812.5974505218 -23.57222935372889 -14.397570966061007 -1.1447813066694266 870.13948381148964 -0.0067196240941523374 -0.0044568953372839072 -0.0029781006347174691 0
193 1 1 99446400 -81853910.189039424 146205883.95596191 1218755.8292601807 -23.376091008240262 -14.755478427972024 -1.1481583413349907 870.12065241832045 -0.0066329406364892245 -0.0044917339560119566 -0.0028532452541267374 0
194 1 1 99532800 -83864937.451379642 144915631.41820306 1119417.9602328304 -23.174570019998789 -15.111089094963623 -1.1512880100919038 870.10202356329444 -0.0065450202962968251 -0.0045243723224845595 -0.0027297003152591381 0
195 1 1 99619200 -85858321.271210343 143594756.18253094 1019820.4298600678 -22.967680415246672 -15.464323982135255 -1.1541687667473175 870.08359680502815 -0.0064561874080111417 -0.0045549756628375706 -0.0026076108651554258 0
196 1 1 99705600 -87833598.448391274 142243466.9389354 919984.80805945909 -22.755437417639634 -15.815103827627871 -1.1567991520372631 870.06536750390001 -0.0063687550776399572 -0.0045851533138852908 -0.0024878862854028853 0
197 1 1 99792000 -89790307.147391453 140861979.23945028 819932.78843179019 -22.537857316290097 -16.163348995554809 -1.1591777304199704 870.04733119180662 -0.0062805057659250435 -0.0046133255746855367 -0.0023696041464623132 0
198 1 1 99878400 -91727986.981807992 139450515.53599772 719686.18962928071 -22.314957431661149 -16.508979447342593 -1.1613030673129687 870.02948515486901 -0.0061926985179788351 -0.0046403836745826967 -0.0022532271734463667 0
199 1 1 99964800 -93646179.112265706 138009305.20926762 619266.95202233433 -22.08675621839291 -16.851914806349239 -1.1631737649564022 870.01182613392677 -0.006104365803097621 -0.0046655912181568383 -0.0021383727734763541 0
200 1 1 100051200 -95544426.339662448 136538584.60151491 518697.13674534054 -21.853273215834115 -17.192074319990599 -1.1647884330225866 869.99435234944019 -0.0060157409260513973 -0.0046891392566026698 -0.0020250717230362414 0
201 1 1 100137600 -97422273.251325369 135038597.00750691 417998.90850585321 -21.614530325488026 -17.529377869454223 -1.1661460942129922 869.97702680912823 -0.0059275152954195408 -0.0047113614077429582 -0.0019136944135264939 0
202 1 1 100224000 -99279265.84563686 133509593.08809669 317194.68062308856 -21.370533296578508 -17.863731014851513 -1.1672404067240942 869.96032099908814 -0.0055608096301494915 -0.0045068537430591861 -0.0017174696354322584 0
203 1 1 100310400 -101114950.75901608 131951831.61104783 216307.37950600989 -21.121306006079333 -18.195052477520495 -1.1680705128317863 869.94421191368735 -0.0054866487984940515 -0.0045334316981986873 -0.0016172281841644602 0
204 1 1 100396800 -102928878.09141977 130365577.29496315 115359.58062472276 -20.866889658294195 -18.523273719896149 -1.1686405803326569 869.92820422433078 -0.0054118784751759482 -0.0045581644596650161 -0.0015182172090832313 0
205 1 1 100483200 -104720600.54614837 128751101.59537458 14373.823987074316 -20.607308567374911 -18.848311511914595 -1.1689489557015735 869.91233258058355 -0.0053364911928929408 -0.004581219859202716 -0.0014202425000956233 0
206 1 1 100569600 -106489673.03776297 127108683.12544885 -86627.226675916507 -20.342589530073589 -19.170083332312537 -1.1689944073142247 869.89659615283847 -0.0052605594888706997 -0.0046025534934587657 -0.0013233836221045832 0
207 1 1 100656000 -108235652.8518832 125438607.63909063 -187620.80312849689 -20.072760638685722 -19.488506411062126 -1.1687757467830824 869.88099409296399 -0.0051841360047912193 -0.0046221665590377098 -0.001227659296591292 0
208 1 1 100742400 -109958099.75802661 123741168.05153584 -288584.03617554845 -19.797851302320499 -19.803497749483757 -1.1682918256674335 869.86552553689137 -0.0051072714047899394 -0.0046400598275764746 -0.0011330869776347543 0
209 1 1 100828800 -111656576.12436076 122016664.45836195 -389493.95917274029 -19.517892269571689 -20.114974137651647 -1.1675415368315269 869.85018961158846 -0.0050300146779930265 -0.0046562333308608553 -0.0010396834849763911 0
210 1 1 100915200 -113330647.03441089 120265404.15294804 -490327.51164481341 -19.232915651113004 -20.422852172871178 -1.1665238155867841 869.83498544121312 -0.0049524131329948488 -0.0046706868913674151 -0.00094746454389154884 0
211 1 1 101001600 -114979880.40571877 118487701.64229843 -591061.54300222825 -18.942954942258961 -20.727048279074999 -1.1652376408378442 869.81991215265589 -0.0048745125605181398 -0.0046834201890285938 -0.0008564449736808118 0
212 1 1 101088000 -116603847.11044835 116683878.66115212 -691672.81635862414 -18.64804504547282 -21.027478727119785 -1.1636820362691529 869.80496888068228 -0.0047963573467972578 -0.0046944327599932551 -0.0007666388334480103 0
213 1 1 101174400 -118202121.09793308 114854264.18429852 -792138.01245230529 -18.348222292799417 -21.324059656002454 -1.1618560715661206 869.7901547725661 -0.0047179907113246928 -0.0047037241005293395 -0.00067805955752595428 0
214 1 1 101260800 -119774279.51915713 112999194.43702015 -892433.7336746651 -18.04352446818654 -21.616707095006081 -1.1597588636690719 869.77546899243453 -0.0046394546724805802 -0.0047112936180667723 -0.00059072007497596444 0
215 1 1 101347200 -121319902.85315901 111119012.90358113 -992536.50820831861 -17.733990829668851 -21.905336986794467 -1.1573895780587302 869.76091072519284 -0.0045607903285181089 -0.0047171408308178831 -0.00050463292992495472 0
216 1 1 101433600 -122838575.03534551 109214070.33367889 -1092422.7942775986 -17.419662131389472 -22.189865211467403 -1.1547474300710656 869.74647917998118 -0.0044820378993023881 -0.0047212653210440044 -0.00041981037187172017 0
217 1 1 101520000 -124329883.58769973 107284724.74677549 -1192068.9845138357 -17.100580645422994 -22.470207611588471 -1.1518316862396019 869.73217359326657 -0.0044032369111863447 -0.0047236669332055463 -0.0003362644520603094 0
218 1 1 101606400 -125793419.75086477 105331341.43422428 -1291451.4104377648 -16.77679018336644 -22.746280018195705 -1.1486416656637291 869.71799323160985 -0.0043244262045194328 -0.0047243457203697105 -0.00025400709793038477 0
219 1 1 101692800 -127228778.61808208 103354292.95910631 -1390546.3470612704 -16.448336117671662 -23.01799827780869 -1.1451767414028045 869.70393739398344 -0.0042456441931479332 -0.0047233022149098386 -0.00017305017691283869 0
220 1 1 101779200 -128635559.27095935 101353959.15368883 -1489330.017609166 -16.115265402652312 -23.285278280463441 -1.1414363418496911 869.69000541378296 -0.0041669284416796385 -0.0047205376417986025 -9.3404988828887033e-05 0
221 1 1 101865600 -130013364.91751458 99330727.113867059 -1587778.5983597762 -15.777626606980915 -23.548036002401869 -1.1374199521611112 869.67619626021963 -0.0040883178934940948 -0.0047160524785454187 -1.5085199411317717e-05 0
222 1 1 101952000 -131361803.02662756 97284991.197343498 -1685868.2236619103 -15.435469745512828 -23.806187315557917 -1.1331271172457154 869.66251497212454 -0.0040070176452751917 -0.0047065326339535774 6.1871823995783041e-05 0
223 1 1 102038400 -132680485.46036439 95217153.023766518 -1783574.9911829643 -15.088846653333819 -24.059648430413581 -1.1285574427606928 869.64896061975446 -0.0039289569734370939 -0.0046988317656125201 0.00013746196788484653 0
224 1 1 102124800 -133969028.64484376 93127621.429141507 -1880874.9670870178 -14.737810991279206 -24.308335915007742 -1.1237105937960528 869.63552672837784 -0.0038510995351314584 -0.0046894112442838606 0.00021169624202175476 0
225 1 1 102211200 -135227053.70439893 91016812.461844936 -1977744.1912244463 -14.382417911635901 -24.552166317377971 -1.1185862967433584 869.62221328609292 -0.0037734811935931116 -0.0046782774034442951 0.00028456550952782892 0
226 1 1 102297600 -136454186.60240379 88885149.370003298 -2074158.6825649976 -14.022724279166873 -24.791056433383712 -1.1131843421867165 869.60901988894273 -0.0036961398864396632 -0.0046654357981844715 0.00035605597189620824 0
227 1 1 102384000 -137650058.28942826 86733062.579247594 -2170094.4448178052 -13.65878867638804 -25.024923327198653 -1.1075045865209634 869.59594617119876 -0.003619113167989749 -0.004650893677870342 0.00042615470347958989 0
228 1 1 102470400 -138814304.85240209 84560989.667969003 -2265527.4721788331 -13.290671420833812 -25.253684367629504 -1.1015469533908528 869.58299180466622 -0.0035424386481125859 -0.0046346596543414935 0.00049484875752889648 0
229 1 1 102556800 -139946567.66524449 82369375.339393452 -2360433.7552067237 -12.918434581706219 -25.477257265446827 -1.0953114352067381 869.5701564978325 -0.0034661540393232187 -0.0046167438171436119 0.00056212516608714536 0
230 1 1 102643200 -141046493.54090276 80158671.390386149 -2454789.2868295154 -12.542141995820735 -25.695560111752322 -1.0887980946571423 869.55743999495826 -0.0033902970225282883 -0.0045971577042101079 0.00062797100260623777 0
231 1 1 102729600 -142113734.88473585 77929336.676895753 -2548570.0684818858 -12.161859282813571 -25.908511417384869 -1.0820070662175683 869.54484207489463 -0.0033149054023881505 -0.0045759145476114193 0.00069237343351525086 0
232 1 1 102816000 -143147949.84917969 75681837.07594943 -2641752.1163725671 -11.777653859571673 -26.116030153367149 -1.0749385576548542 869.53236254940657 -0.0032400170636802594 -0.0045530293611141942 0.00075531976989115892 0
233 1 1 102902400 -144148802.48962304 73416645.444109142 -2734311.4678814737 -11.389594953826132 -26.318035792369567 -1.0675928515246087 869.520001261483 -0.0031656698861158589 -0.0045285189106864243 0.00081679753070219418 0
234 1 1 102988800 -145115962.9214198 71134241.572301328 -2826224.1880858461 -10.997753616865865 -26.514448351184882 -1.0599703066607487 869.50775808354774 -0.0030919017350419333 -0.0045024018327372625 0.00087679448549162072 0
235 1 1 103075200 -146049107.47796112 68835112.136933759 -2917466.3764146543 -10.602202735330136 -26.705188434212754 -1.0520713596529105 869.49563291533082 -0.0030187504595844679 -0.0044746987646644152 0.00093529876001625283 0
236 1 1 103161600 -146947918.86972412 66519750.647211611 -3008014.1734299432 -10.203017042031473 -26.890177277936925 -1.043896526308749 869.48362568149184 -0.002946253849510235 -0.0044454323787210719 0.00099229889666773005 0
237 1 1 103248000 -147812086.3442122 64188657.388569422 -3097843.7677339781 -9.8002731257546323 -27.069336796371264 -1.0354464031029469 869.47173632926263 -0.0028744495141246247 -0.0044146273471313844 0.0010477839017521259 0
238 1 1 103334400 -148641305.84669176 61842339.36214035 -3186931.4030023981 -9.3940494398931325 -27.24258962731647 -1.0267216686463487 869.45996482992587 -0.0028033748787425492 -0.0043823104892537594 0.0011017433703710377 0
239 1 1 103420800 -149435280.18167061 59481310.22012265 -3275253.3851262648 -8.9844263113371685 -27.409859181723139 -1.017723084569363 869.44831112199643 -0.0027330897340288656 -0.0043485467618855494 0.0011541770544951696 0
240 1 1 103507200 -150193719.17510858 57106090.196810402 -3362786.0894181482 -8.5714859475717606 -27.571069693117831 -1.0084514965009372 869.43677507768155 -0.0026636405107018377 -0.0043133848721441581 0.0012050823809683876 0
241 1 1 103593600 -150916339.83712342 54717206.035414457 -3449505.9679213581 -8.1553124414304143 -27.726146266213483 -0.99890783539113615 869.42535651521894 -0.0025950414307932693 -0.0042768237209017245 0.0012544430428271503 0
242 1 1 103680000 -151602866.52393854 52315190.912518479 -3535389.557403388 -7.7359917405776191 -27.875014869319472 -0.98909313616890737 869.41405673277359 -0.0025268172302454796 -0.0042380456664514558 0.001301995845493368 0
243 1 1 103766400 -152253031.09951201 49900584.359217681 -3620413.4878021507 -7.3136117153213602 -28.017602493214174 -0.97900850726736965 869.40287562262313 -0.0024600642260938915 -0.0041988496589468885 0.0013482550354169706 0
244 1 1 103852800 -152866573.10400206 47473932.166730314 -3704554.4874790576 -6.8882621569252755 -28.153837198616557 -0.96865513254153324 869.39181178234037 -0.002394255942899656 -0.0041583522051504805 0.0013929489933230128 0
245 1 1 103939200 -153443239.91533557 45035786.298999034 -3787789.3919371017 -6.4600347138641183 -28.283648063030437 -0.95803430367008879 869.38086532964985 -0.0023294261068624264 -0.0041165958220855106 0.0014360749433735846 0
246 1 1 104025600 -153982786.91165033 42586704.799192674 -3870095.1522172051 -6.0290229272062579 -28.406965294791103 -0.94714740375522066 869.3700362740941 -0.0022656082575711802 -0.0040736250033824566 0.0014776301285287993 0
247 1 1 104112000 -154484977.63458878 40127251.689855061 -3951448.8429021025 -5.595322225250019 -28.523720283149721 -0.93599590964443347 869.3593246159727 -0.002202834882322056 -0.0040294863304139398 0.0015176133675342456 0
248 1 1 104198400 -154949583.9521654 37657996.868520603 -4031827.6702636364 -5.1590299188929434 -28.633845652854294 -0.92458139303248621 869.34873034303052 -0.0021411374306216074 -0.0039842283118670342 0.0015560248664149084 0
249 1 1 104284800 -155376386.22116661 35179515.998586744 -4111208.9805044569 -4.7202451954127591 -28.737275319352552 -0.91290552153943982 869.33825342723139 -0.0020805462275684467 -0.003937901355547023 0.001592866304745825 0
250 1 1 104371200 -155765173.44894186 32692390.395391818 -4189570.268090853 -4.2790691106069829 -28.833944544576763 -0.90097005974192235 869.32789382151623 -0.0020210904126631486 -0.0038905576556899752 0.0016281408909407792 0
251 1 1 104457600 -156115743.45444474 30197206.907449294 -4266889.1841726517 -3.8356045792471862 -28.923789993265007 -0.88877687015682383 869.31765145652616 -0.0019627978537790592 -0.0038422511723165691 0.0016618534317359602 0
252 1 1 104544000 -156427903.02837265 27694557.792794771 -4343143.5450860001 -3.3899563638011023 -29.006749789764832 -0.87632791417651568 869.3075262374366 -0.0019056950343357348 -0.0037930374217399546 0.0016940103570236426 0
253 1 1 104630400 -156701468.09225753 25185040.590406042 -4418311.3409347516 -2.9422310613836999 -29.082763575269212 -0.86362525295189529 869.29751804084356 -0.0018498070261582413 -0.003742973463823851 0.0017246198039848775 0
254 1 1 104716800 -156936263.85635048 22669257.986661077 -4492370.7442457834 -2.4925370888970622 -29.15177256543458 -0.85067104822068373 869.28762671162542 -0.0017951573951973212 -0.0036921177433048135 0.0017536916364232198 0
255 1 1 104803200 -157132124.97614288 20147817.676803671 -4565300.1186935427 -2.0409846663162758 -29.213719608315809 -0.83746756308169168 869.27785206000556 -0.0017417681279406295 -0.0036405299224498335 0.0017812374712051285 0
256 1 1 104889600 -157288895.70736167 17621332.221391704 -4637078.0278889788 -1.5876857980866557 -29.268549242566131 -0.8240171627102878 869.26819385863905 -0.0016896595971160966 -0.0035882708301995438 0.001807270728463897 0
257 1 1 104976000 -157406430.05927509 15090418.897707522 -4707683.2442276739 -1.1327542525967276 -29.316207755842388 -0.81032231501215068 869.25865183969768 -0.0016388505090036763 -0.003535402312337651 0.001831806660804166 0
258 1 1 105062400 -157484591.94614017 12555699.546115838 -4777094.7577917017 -0.67630553969132645 -29.356643243347552 -0.79638559121428509 869.24922569205307 -0.0015893578554104558 -0.0034819870969494057 0.0018548623699476548 0
259 1 1 105148800 -157523255.33662149 10017800.411359914 -4845291.7852999 -0.21845688619153369 -29.389805666440829 -0.78220966639372413 869.23991505866582 -0.0015411968565055027 -0.003428088577042813 0.0018764567836921982 0
260 1 1 105235200 -157522304.40100744 7477351.9787933538 -4912253.7791008828 0.24067279060623734 -29.415646911253294 -0.76779731993660394 869.23071953400256 -0.0014943809694319022 -0.0033737707761859006 0.0018966107413222824 0
261 1 1 105321600 -157481633.65606025 4934988.80552404 -4977960.4361877562 0.7009629112030864 -29.434120847874453 -0.75315143555971054 869.22163864411027 -0.0014489218866375786 -0.0033190981656739107 0.0019153468792330983 0
262 1 1 105408000 -157401148.10718355 2391349.3467957042 -5042391.7074139388 1.1622912689398672 -29.445183378557999 -0.73827500759790332 869.21267212385635 -0.0014047632839985402 -0.0032639825467755974 0.001932600198905245 0
263 1 1 105494400 -157280763.38776779 -152924.22246713086 -5105527.8068543086 1.6245340542826603 -29.448792515322918 -0.72317113000459521 869.20381938369587 -0.0013620534120660699 -0.0032088112654247792 0.0019485839985941191 0
264 1 1 105580800 -157120405.89648569 -2697186.193133676 -5167349.2200170681 2.0875658901627347 -29.444908436818224 -0.70784299700544429 869.19507953510265 -0.001320723692326593 -0.0031534783393532147 0.0019632286661915902 0
265 1 1 105667200 -156920012.93056151 -5240787.510212359 -5227836.7132865265 2.551259877354016 -29.43349352653129 -0.69229391438796162 869.18645191715223 -0.0012807785670992877 -0.0030980486428497647 0.0019765644929199207 0
266 1 1 105753600 -156679532.81588328 -7783075.9664390562 -5286971.3432072941 3.0154876286692951 -29.414512441130253 -0.67652729306358472 869.17793578699923 -0.0012422208667635386 -0.0030425869110441801 0.0019886234141094244 0
267 1 1 105840000 -156398925.03378022 -10323396.401094908 -5344734.4655837622 3.4801193105473645 -29.38793216631576 -0.66054664941130425 869.16953033720483 -0.0012050516526535447 -0.0029871574565982807 0.0019994391897132794 0
268 1 1 105926400 -156078160.34412789 -12861090.903655849 -5401107.7445863318 3.9450236865079202 -29.353722072755396 -0.64435560512153034 869.1612346939346 -0.0011692702933687976 -0.0029318240312747276 0.0020090473390870795 0
269 1 1 106012800 -155717220.90460548 -15395499.022245364 -5456073.1618405003 4.4100681627750342 -29.311853971323242 -0.62795788695303023 869.1530479150772 -0.0011348745500183491 -0.0028766498109249949 0.0020174851730828205 0
270 1 1 106099200 -155316100.38591653 -17925957.976826746 -5509613.0254910132 4.8751188360752717 -29.262302167552264 -0.61135732640094409 869.14496898841344 -0.0011018605997386909 -0.0028216971791042754 0.0020247917072678092 0
271 1 1 106185600 -154874804.08278641 -20451802.877062455 -5561709.9792336933 5.3400405436102218 -29.205043515204157 -0.59455785927854088 869.13699683001789 -0.0010702231035233088 -0.0027670276023994216 0.002031007615826965 0
272 1 1 106272000 -154393349.02054873 -22972366.94476103 -5612347.0113070607 5.8046969151931984 -29.140057468877707 -0.57756352520439525 869.12913028261914 -0.0010399553152191819 -0.0027127015929893443 0.0020361752456414723 0
273 1 1 106358400 -153871764.05713382 -25486981.740824517 -5661507.4634354673 6.2689504275414576 -29.067326135565494 -0.56037846699325899 869.12136811391179 -0.0010110491486754055 -0.0026587785926382185 0.0020403385658245773 0
274 1 1 106444800 -153310089.98027301 -27994977.396601528 -5709175.0397156179 6.7326624607123806 -28.986834325059885 -0.54300692995432065 869.11370901504029 -0.00098349526746362831 -0.0026053168168675297 0.0020435430881962022 0
275 1 1 106531200 -152708379.59973603 -30495682.849542424 -5755333.8154382864 7.1956933566639973 -28.89856959912213 -0.52545326109195822 869.10615159910219 -0.00095728319737541339 -0.0025523732351037717 0.0020458358654451645 0
276 1 1 106617600 -152066697.83441687 -32988426.083046108 -5799968.2458366081 7.6579024799183362 -28.802522319324748 -0.50772190820585195 869.09869439960755 -0.0009324014300789524 -0.0025000034655602659 0.0020472654380187015 0
277 1 1 106704000 -151385121.79408875 -35472534.370379642 -5843063.1747523425 8.1191482803016992 -28.698685693470861 -0.48981741889078168 869.0913358689869 -0.00090883754744965919 -0.0024482617038521976 0.0020478818010322758 0
278 1 1 106790400 -150663740.85564968 -37947334.522543669 -5884603.8432112839 8.5792883577322314 -28.587055820500218 -0.47174443943519812 869.08407437710537 -0.00088657833077980541 -0.0023972006603210686 0.0020477363391723695 0
279 1 1 106876800 -149902656.73368344 -40412153.139949143 -5924575.8978991909 9.0381795290206171 -28.467631733788583 -0.45350771361843767 869.0769082098185 -0.00086560989467692829 -0.002346871488413377 0.0020468817777012701 0
280 1 1 106963200 -149101983.54516244 -42866316.86776229 -5962965.3995292364 9.4956778966431585 -28.340415442750416 -0.43511208140160079 869.06983556746718 -0.00084591783885768954 -0.0022973237666028194 0.0020453721790372643 0
281 1 1 107049600 -148261847.86812994 -45309152.6547786 -5999758.8310817331 9.9516389193460419 -28.205411972925692 -0.41656247726595741 869.06285455490331 -0.00082748736413979906 -0.0022486054761329723 0.0020432628408808182 0
282 1 1 107136000 -147382388.79414558 -47739988.015532516 -6034943.1060311422 10.405917486340542 -28.062629399574355 -0.39786393268805414 869.05596331540289 -0.00081027931132734272 -0.0022006977591492822 0.0020405502995861136 0
283 1 1 107222400 -146463757.97434697 -50158151.295511983 -6068505.576520334 10.858367988695212 -27.912078891812822 -0.37902156705334505 869.0491597749874 -0.0007943288704723425 -0.0021537810436602573 0.0020374162907319392 0
284 1 1 107308800 -145506119.6593188 -52562971.940241046 -6100434.0406113807 11.30884439565412 -27.753774746181612 -0.36004058617667162 869.04244165059606 -0.00077959469565994967 -0.0021078271860591712 0.002033855306328285 0
285 1 1 107395200 -144509650.73197657 -54953780.766314223 -6130716.7501878804 11.757200335557259 -27.58773441026889 -0.34092628790024643 869.03580670167901 -0.00076606200442803528 -0.0020628774663844296 0.0020299273604588741 0
286 1 1 107481600 -143474540.73369166 -57329910.235198013 -6159342.4185886057 12.203289173655593 -27.413978516942713 -0.32168405590029514 869.02925258303196 -0.00075371647416141811 -0.0020189715790891959 0.0020256934478297406 0
287 1 1 107568000 -142400991.88352352 -59690694.729619078 -6186300.2279481292 12.646964093348425 -27.232530911290478 -0.3023193579039401 869.02277685205092 -0.00074254435754842808 -0.0019761475384951137 0.002021215559388129 0
288 1 1 107654400 -141289219.090372 -62035470.832190454 -6211579.8363662232 13.088078178817453 -27.043418675457637 -0.28283774352784474 869.0163769667563 -0.00073253268601245825 -0.0019344417538325956 0.0020165566581820931 0
289 1 1 107740800 -140139449.95792896 -64363577.606077932 -6235171.3848858941 13.526484499084823 -26.846672151020002 -0.2632448420102263 869.01005028365137 -0.00072366944441299363 -0.0018938890705926749 0.0020117806264528851 0
290 1 1 107827200 -138951924.78230765 -66674356.877489924 -6257065.5042709699 13.962036193414072 -26.642324958809194 -0.24354635983881714 869.00379405550404 -0.00071594376137064039 -0.0018545227925116751 0.0020069522074203806 0
291 1 1 107913600 -137726896.54223937 -68967153.519767597 -6277253.3215741906 14.394586557965733 -26.430414016120707 -0.2237480782736177 868.9976054289715 -0.00070934611167931859 -0.0018163747789073884 0.0020021369886696586 0
292 1 1 108000000 -136464630.88173163 -71241315.738846242 -6295726.4664867083 14.823989133617145 -26.210979551237561 -0.20385585076360738 868.99148144199216 -0.00070386850964462605 -0.001779475527821582 0.0019974013769999289 0
293 1 1 108086400 -135165406.08509198 -73496195.359853432 -6312477.0774599183 15.250097794851765 -25.984065115199648 -0.18387560026194466 868.98541902102863 -0.00069950471384086954 -0.0017438542324703995 0.0019928125278418753 0
294 1 1 108172800 -133829513.04422908 -75731148.114602029 -6327497.8075911412 15.67276683962004 -25.749717590755175 -0.16381331644307351 868.97941497820284 -0.00069625041689694116 -0.0017095388681430805 0.0019884382922168218 0
295 1 1 108259200 -132457255.21815145 -77945533.929733604 -6340781.8302644156 16.091851080068118 -25.507987198440937 -0.14367505281729495 868.97346600812136 -0.00069410348244233007 -0.0016765563587484032 0.001984347249214426 0
296 1 1 108345600 -131048948.584594 -80138717.215260684 -6352322.8445377024 16.507205934028281 -25.258927499734664 -0.12346692374734156 868.96756868444334 -0.00069306414519709053 -0.0016449326539187646 0.0019806086145697818 0
297 1 1 108432000 -129604921.58371001 -82310067.153253168 -6362115.0802683104 16.918687517163558 -25.002595397227449 -0.10319510137138381 868.96171945624417 -0.00069313523264490605 -0.0016146928868107549 0.0019772922369131422 0
298 1 1 108518400 -128125515.05377823 -84458957.986409292 -6370153.3029683316 17.326152735652474 -24.739051131773024 -0.082865812431296093 868.95591464405027 -0.00069432239584008937 -0.0015858615163775228 0.0019744685636244085 0
299 1 1 108604800 -126611082.15888263 -86584769.306248143 -6376432.8183821421 17.729459379299918 -24.468358276571379 -0.062485335011639644 868.95015043560443 -0.00069663432222067106 -0.0015584624856306423 0.0019722085959126205 0
300 1 1 108691200 -125061988.30853316 -88686886.340657145 -6380949.4767783778 18.128466214955807 -24.190583728152216 -0.042059995190009476 868.94442288127027 -0.00070008297911280828 -0.0015325194156633627 0.0019705838901483488 0
301 1 1 108777600 -123478611.06920455 -90764700.240522549 -6383699.6769531146 18.523033080158964 -23.905797694143217 -0.021596163711741091 868.93872789224031 -0.00070468386563145205 -0.0015080557713772179 0.0019696665066921489 0
302 1 1 108864000 -121861340.06780249 -92817608.365211114 -6384680.3698830428 18.913020976168628 -23.614073679290662 -0.0011002507230626457 868.93306118452711 -0.0007104658451014867 -0.0014851150913139245 0.0019695554125603132 0
303 1 1 108950400 -120210576.88705257 -94845014.566622317 -6383889.0620318437 19.298292162727503 -23.315488464552082 0.019421294644950071 868.92741836536368 -0.00071743295041853494 -0.0014636808587040772 0.0019702707326109598 0
304 1 1 109036800 -118526734.95268615 -96846329.47124888 -6381323.8186800461 19.678710251482951 -23.010122085443811 0.039961987956541906 868.92179492649757 -0.00072562230370355177 -0.0014437978312978393 0.0019719125365364018 0
305 1 1 109123200 -116810239.41269024 -98820970.760485545 -6376983.26659628 20.054140297938552 -22.698057809586523 0.060515316389081697 868.91618614536787 -0.00073506592320575872 -0.0014254911385924592 0.0019745547135123945 0
306 1 1 109209600 -115061527.00851624 -100768363.44861835 -6370866.5964229601 20.424448894751762 -22.379382107271788 0.08107474077936605 868.91058712904635 -0.00074580061232618804 -0.001408786941048037 0.0019782715870264285 0
307 1 1 109296000 -113281045.93828927 -102687940.15821093 -6362973.5647801487 20.789504263778902 -22.054184620262678 0.10163369960584953 868.90499280322206 -0.00075786822235014164 -0.0013937127434223819 0.0019831378781170962 0
308 1 1 109382400 -111469255.71209216 -104579141.39265297 -6353304.4960280564 21.149176347454731 -21.722558127316415 0.12218561291651663 868.89939790385915 -0.00077131592192467393 -0.0013802976710455197 0.0019892286678949993 0
309 1 1 109468800 -109626626.99938966 -106441415.80559283 -6341860.2836876642 21.503336899332204 -21.384598506531081 0.14272388631456806 868.89379696808908 -0.00078619652709593002 -0.0013685728656363473 0.0019966194682130849 0
310 1 1 109555200 -107753641.46867092 -108274220.46698034 -6328642.391514685 21.851859573652593 -21.040404694536374 0.16324191499492768 868.88818432438075 -0.00080256875904319226 -0.0013585717844418754 0.0020053861493366815 0
311 1 1 109641600 -105850791.61939965 -110077021.12544784 -6313652.8542229617 22.194620013816859 -20.690078642552169 0.18373308782291337 868.88255408204168 -0.00082049755890295951 -0.0013503305814375123 0.0020156049503494387 0
312 1 1 109728000 -103918580.60637276 -111849292.46676122 -6296894.2778535802 22.531495939624239 -20.333725269352513 0.2041907914556032 868.87690011984228 -0.00084005441909025991 -0.0013438885235474323 0.0020273524995602504 0
313 1 1 109814400 -101957522.05659935 -113590518.36807437 -6278369.8397862464 22.862367233148913 -19.971452411174081 0.22460841450083138 868.87121607369659 -0.00086131771478964209 -0.001339288415972054 0.002040705834417528 0
314 1 1 109900800 -99968139.878823325 -115300192.14772561 -6258083.2883898849 23.187116023125668 -19.603370768615399 0.24497935170914745 868.86549532334129 -0.00088437306145418184 -0.0013365770745541077 0.0020557424336955098 0
315 1 1 109987200 -97950968.065824568 -116977816.81031767 -6236038.9423097782 23.505626767717338 -19.229593850578986 0.26529700819339785 868.85973097792544 -0.00090931367831996652 -0.0013358058143182979 0.0020725402403112274 0
316 1 1 110073600 -95906550.489643052 -118622905.28682901 -6212241.6893891711 23.817786335538244 -18.850237915313702 0.28555480367088126 868.85391586044966 -0.00093624078201552587 -0.0013370309680362502 0.002091177707706629 0
317 1 1 110160000 -93835440.689882204 -120234980.6695084 -6186696.9852234023 24.123484084807863 -18.465421908624691 0.30574617672728832 868.84804249082947 -0.00096526402971651079 -0.0013403144968531754 0.0021117339105562421 0
318 1 1 110246400 -91738201.655259341 -121813576.44131026 -6159410.8513447447 24.422611940510222 -18.075267399323444 0.32586458909995325 868.84210306739817 -0.00099650200403535887 -0.0013457246189677021 0.0021342886535271255 0
319 1 1 110332800 -89615405.598579496 -123358236.69963728 -6130389.8730366444 24.715064469441145 -17.679898511990451 0.34590352997294621 868.83608944682601 -0.0010300825881039363 -0.0013533364651187234 0.0021589226018792749 0
320 1 1 110419200 -87467633.725315928 -124868516.37416108 -6099641.1967747826 25.000738953154777 -17.279441857164262 0.36585652033120125 868.82999312215168 -0.0010661420788646877 -0.0013632332269464236 0.0021857180351566976 0
321 1 1 110505600 -85295475.995344028 -126343981.43770339 -6067172.5285791233 25.279535474385678 -16.874026439186238 0.38571708532006727 868.82380610340351 -0.0011048364770549558 -0.0013755053352102877 0.0022147552113779925 0
322 1 1 110592000 -83099530.886104867 -127784209.11966296 -6032992.1176733542 25.551356724905634 -16.463783895463379 0.40547926399266904 868.81750650783772 -0.0011502802550529862 -0.0013950216564677384 0.0022537944818886079 0
323 1 1 110678400 -80880405.156782553 -129188788.12090407 -5997108.7268248536 25.816108515144215 -16.048847877340425 0.4251367421298462 868.81108329877043 -0.0011952480034208316 -0.0014128577035084186 0.0022883981434199778 0
324 1 1 110764800 -78638713.558243498 -130557318.76278134 -5959531.697414604 26.073699860730901 -15.629353947441061 0.44468281770485923 868.80453738482231 -0.0012434709386109173 -0.0014335027463223196 0.002325663458651843 0
325 1 1 110851200 -76375078.583806276 -131889413.18582921 -5920270.9232016094 26.324042595707365 -15.205440043470134 0.46411128155354592 868.79785667590954 -0.0012951728666413494 -0.0014571169090800929 0.0023657159193398573 0
326 1 1 110937600 -74090130.210308403 -133184695.53544319 -5879336.833148988 26.567051664733139 -14.777246105061069 0.48341595639030011 868.79102925508755 -0.0013505925137258766 -0.0014838678960274589 0.002408677572939312 0
327 1 1 111024000 -71784505.627679512 -134442802.13200879 -5836740.3871395262 26.802645161974208 -14.344914006950706 0.50259073077225813 868.78404249248354 -0.0014099980672224739 -0.0015139527168212959 0.0024546947177017543 0
328 1 1 111110400 -69458848.964649737 -135663381.63440838 -5792493.0700166402 27.030744380957287 -13.908587473274377 0.521629565206571 868.77688294305142 -0.0014736858822526774 -0.001547594129089009 0.002503930302099422 0
329 1 1 111196800 -67113811.010275185 -136846095.19603127 -5746606.8851319207 27.251273861446041 -13.468411989900918 0.54052649765852978 868.76953625497208 -0.0015419852537198625 -0.0015850448733012086 0.0025565679457368344 0
330 1 1 111283200 -64750048.931630537 -137990616.61322239 -5699094.3472983539 27.464161430672242 -13.024534717669193 0.5592756527448165 868.76198696186543 -0.0016152965848842044 -0.0016266252619200211 0.0026128687446901225 0
331 1 1 111369600 -62368225.98807729 -139096632.46616492 -5649968.4749734523 27.669338243108019 -12.577104402270615 0.57787124748798235 868.75421836622843 -0.0016940309882303272 -0.0016726599782470922 0.0026730653199919809 0
332 1 1 111456000 -59969011.242237799 -140163842.25191128 -5599242.781980603 27.866738813902064 -12.126271285667372 0.59630760113478054 868.74621228981027 -0.0017787217104454798 -0.0017235879550285133 0.0027375322092687985 0
333 1 1 111542400 -57553079.268344872 -141191958.50982678 -5546931.268213205 28.056301050497382 -11.672187014823475 0.61457914205021025 868.73794889894293 -0.0018698907526924703 -0.0017798296578654782 0.0028065681102132831 0
334 1 1 111628800 -55121109.857724532 -142180706.93882424 -5493048.4102137042 28.237966283007164 -11.215004547238166 0.63268041055653468 868.72940663627492 -0.0019681673911912598 -0.0018419024143416101 0.0028805722518476205 0
335 1 1 111715200 -52673787.722517781 -143129826.50707015 -5437609.150480154 28.411679273361305 -10.754878072147523 0.65060608684474441 868.72056137312654 -0.0020744763763842658 -0.0019105887836886955 0.0029602936144287949 0
336 1 1 111801600 -50211802.199012086 -144039069.55504891 -5380628.8841180047 28.577388221916046 -10.291962929294639 0.66835101465618296 868.71138565085278 -0.0021898368181798816 -0.0019867414025146052 0.003046508895171073 0
337 1 1 111888000 -47735846.949596785 -144908201.89069936 -5322123.4448573114 28.735044790955282 -9.8264155085631035 0.68591019547888188 868.70184880811644 -0.0023152720625445036 -0.0020712062342410501 0.0031398957744039279 0
338 1 1 111974400 -45246619.664192878 -145737002.8769778 -5262109.0900990311 28.884604075659194 -9.3583931896553416 0.70327883680259362 868.69191525834856 -0.0024527250303905085 -0.002165571940048678 0.0032420379055372842 0
339 1 1 112060800 -42744821.766800486 -146525265.51517311 -5200602.4822944878 29.0260245450208 -8.8880542761180923 0.72045234550395332 868.68154334185272 -0.0026041271868494078 -0.0022713132274372666 0.0033540916857676679 0
340 1 1 112147200 -40231158.107870698 -147272796.51866135 -5137620.6556250053 29.159268536604952 -8.4155578526747465 0.73742686480963682 868.67068329954918 -0.0027648513520277954 -0.0023897429507313021 0.003485855546771454 0
341 1 1 112233600 -37706333.774313733 -147979413.99437433 -5073184.2872929443 29.284372494005019 -7.9410047010614075 0.75411602946155432 868.66201937241476 -0.002960039308284864 -0.0025279502069657459 0.0036241337170670822 0
342 1 1 112320000 -35171083.473532595 -148644972.02992192 -5007283.6549116671 29.400304778376274 -7.4653836717314128 0.77166717136447671 868.61706416645075 -0.020462192866240871 -0.016997099127483817 0.023657544154904009 0
343 1 1 112406400 -32626228.204420578 -149269407.80132204 -4939813.7879471853 29.506991664810499 -6.9888885617875225 0.7901023768067702 868.53443988082176 -0.021552966725184954 -0.017768361305942282 0.024301981423914352 0
344 1 1 112492800 -30072513.960123509 -149852607.85682201 -4870762.0645066155 29.605365077522112 -6.5108844009354021 0.80828845935212223 868.45128350299944 -0.022685181597232814 -0.01857666679068444 0.024934813844844257 0
345 1 1 112579200 -27510663.148523729 -150394451.53899372 -4800146.5886666719 29.695334821299049 -6.0315925070558372 0.82629932147084606 868.36485773719346 -0.023853094193363823 -0.019421482340687492 0.025559819745619199 0
346 1 1 112665600 -24941402.650498889 -150894834.69257078 -4727982.7676905952 29.776882901720231 -5.5511773702847922 0.84412872354444801 868.27507754941178 -0.025056870671439423 -0.02030428951644828 0.026174194602881725 0
347 1 1 112752000 -22365460.741873477 -151353667.37905061 -4654286.5551609006 29.849995039932903 -5.0698035677644695 0.861770278834881 868.18185851452927 -0.026295664493834064 -0.021226209594653028 0.026776160400913102 0
348 1 1 112838400 -19783566.768401988 -151770873.87784931 -4579074.459312249 29.914660746836528 -4.5876356224440782 0.8792175344090456 868.08511710513937 -0.02756854608343258 -0.02218833705306799 0.027363909583345714 0
349 1 1 112924800 -17196450.81661278 -152146392.6757893 -4502363.5510434648 29.970873353280719 -4.1048378871078821 0.89646392640294703 867.9847719946431 -0.028875378421551107 -0.023193155313186997 0.027936382770317104 0
350 1 1 113011200 -14604843.492645919 -152480176.55918252 -4424171.376162516 30.01862701031861 -3.6215774741714477 0.91350547059969234 867.88063348466187 -0.030237484513170501 -0.024263720741287076 0.028512328843754042 0
351 1 3 113066290.5144944 -12950368.911774989 -152671199.1615845 -4373549.3139967695 30.044665747570967 -3.3132673366104028 0.92425607507594298 867.81244296395073 0 0 0 17
352 1 1 113097600 -12009475.21102304 -152772192.17408645 -4344516.3041501297 30.057939411453326 -3.1380003721797602 0.93032049793420435 867.77325059514976 -0.031247193354289892 -0.02497709239180991 0.028729781070701982 0
353 1 1 113184000 -9411072.9941454865 -153022416.99882829 -4263420.0428878032 30.088868317594116 -2.6542146573160506 0.94685662732394538 867.66450028682812 -0.031681345639508522 -0.025111076427260445 0.028419925933507145 0
354 1 1 113270400 -6810358.9948380301 -153230838.13269967 -4180908.4680650309 30.111455077664758 -2.1703488795010233 0.96308152227234445 867.55548512845883 -0.032104286707947238 -0.025250541791568135 0.028094661494623804 0
355 1 1 113356800 -4208053.4613347761 -153397455.63280913 -4097008.6000988344 30.125711907510748 -1.6865646126327127 0.97899240639908391 867.44608988379559 -0.03253932348835599 -0.025420685871999263 0.027773894261029795 0
356 1 1 113443200 -1604875.3871609762 -153522283.429694 -4011747.7404761189 30.13165602321682 -1.2030209876647815 0.9945852171468198 867.3362559536838 -0.032978101379635569 -0.025613080189208742 0.027450285295563894 0
357 1 1 113529600 998457.90269661497 -153605349.12677577 -3925153.5636567269 30.12930870251996 -0.71987549145582763 1.0098554905893855 867.22594744281878 -0.033418854603393756 -0.025826398475407356 0.027122296243136845 0
358 1 1 113616000 3601231.0742662968 -153646693.88278028 -3837254.1284812931 30.118694749703121 -0.23728440117807836 1.0247987931378519 867.11513287481807 -0.03385979548984816 -0.026059352312321166 0.026788485795591035 0
359 1 1 113702400 6202731.0883789649 -153646372.30217955 -3748077.8761665616 30.099842472043608 0.24459733051628749 1.0394107090623221 867.00378605805929 -0.034299131597039553 -0.026310662575256945 0.026447523646313413 0
360 1 1 113788800 8802247.5010224953 -153604452.3170653 -3657653.6281737313 30.072783626129858 0.72561616049570954 1.0536868544236511 866.8918859258813 -0.034735063502055373 -0.026579057130874294 0.02609820449581789 0
361 1 1 113875200 11399072.758494783 -153521015.06193706 -3566010.5836345311 30.037553347543113 1.2056200328826407 1.0676228669666692 866.77941638543632 -0.035165974471346735 -0.026863336674423192 0.025739120691455931 0
362 1 1 113961600 13992501.503258971 -153396155.48855352 -3473177.6353514693 29.994165713552551 1.6844399400468848 1.0812313505781177 866.66559329712254 -0.035589462355215526 -0.027162094146775572 0.025370332579035711 0
363 1 1 114048000 16581840.990747135 -153229974.54104266 -3379190.3756866185 29.943004404529784 2.1621864908732986 1.0942714436162928 866.56123748293066 -0.030126437732547147 -0.023014084865350264 0.02092897854751969 0
364 1 1 114134400 19166430.332056787 -153022564.61036846 -3284104.0345602972 29.88411354326993 2.6387122352192991 1.1067452190361182 866.46626203273638 -0.030546416827892765 -0.023347589047453314 0.020652420470613619 0
365 1 1 114220800 21745584.421056185 -152774052.10499278 -3187954.042685478 29.817198199676344 3.1136121987453449 1.1188911916047053 866.36976280699594 -0.030956916896442893 -0.023690476765840712 0.020363583761886867 0
366 1 1 114307200 24318613.236220703 -152484582.83651856 -3090769.6883876547 29.742333484892363 3.5867617352144796 1.1306881473631494 866.27252480472248 -0.031356572342049388 -0.024042216651490589 0.020060671707815114 0
367 1 1 114393600 26884832.246461112 -152154314.16234487 -2992581.292443865 29.659573006507411 4.0580194899960995 1.1421322730542705 866.17455763253906 -0.03174363774215852 -0.024401478156970142 0.019743493360696061 0
368 1 1 114480000 29443561.678767562 -151783415.56828597 -2893419.4993604263 29.568973282843189 4.52724607449285 1.1532198832369482 866.07587471032275 -0.032116539639167621 -0.02476709705459516 0.019411599527398654 0
369 1 1 114566400 31994126.76595144 -151372068.4967497 -2793315.2672743769 29.470593658254792 4.9943041142963089 1.1639474054433294 865.97649308660084 -0.032473755120202251 -0.025137895906631593 0.019064662759266885 0
370 1 1 114652800 34535857.98747243 -150920466.17015523 -2692299.8576431167 29.364496225321577 5.4590583076628558 1.1743113924340414 865.87643326664852 -0.032813822964821167 -0.025512691073148134 0.018702457577555509 0
371 1 1 114739200 37068091.303424045 -150428813.40948868 -2590404.8240208868 29.250745744459586 5.9213754797875549 1.1843085314528206 865.77571904028241 -0.033135348226042645 -0.025890293329329087 0.01832485592765553 0
372 1 1 114825600 39590168.381507523 -149897326.44830152 -2487662.0000564526 29.129409562040674 6.3811246339922558 1.1939356530099206 865.67437731197629 -0.033437006053252401 -0.026269508165785566 0.017931823461209556 0
373 1 1 114912000 42101436.816872187 -149326232.74242237 -2384103.4867528137 29.000557527162691 6.8381769997585691 1.203189739182563 865.57243793272403 -0.033717545590306833 -0.026649136867243274 0.017523415885213906 0
374 1 1 114998400 44601250.344712675 -148715770.77565703 -2279761.6390312673 28.864261907254718 7.2924060775607016 1.212067931410663 865.46993353397306 -0.033975792900644307 -0.027027977479029189 0.017099774889198796 0
375 1 1 115084800 47088969.045531139 -148066189.86175403 -2174669.0516442489 28.720597302702615 7.7436876804728882 1.220567537779695 865.36689936400933 -0.034210653940675538 -0.027404826362006522 0.016661124285651616 0
376 1 1 115171200 49563959.542986214 -147377749.94291535 -2068858.5444809913 28.56964056065263 8.1918999725168256 1.2286860397876203 865.26337312647615 -0.034421116982889959 -0.027778479866749459 0.016207765822190232 0
377 1 1 115257600 52025595.194266014 -146650721.38513589 -1962363.1473112078 28.411470688180017 8.6369235037528185 1.2364210985913673 865.1593948216107 -0.034606254597824897 -0.028147736079814235 0.015740075224521179 0
378 1 1 115344000 54473256.272937588 -145885384.77065018 -1855216.0840095349 28.246168764994788 9.0786412421242453 1.2437705607855225 865.05500659013251 -0.034765225311105631 -0.028511396831655079 0.015258498469125454 0
379 1 1 115430400 56906330.14423997 -145082030.68776581 -1747450.7562934735 28.073817855839536 9.5169386020921731 1.2507324638147919 864.95025255950543 -0.034897275294970963 -0.028868272111286352 0.014763542410301414 0
380 1 1 115516800 59324211.432771698 -144240959.51857769 -1639100.7275737757 27.894502921971814 9.9517034641584381 1.2573050256758858 864.84517870366517 -0.035001742669549238 -0.029217222256977104 0.014255671112129623 0
381 1 1 115603200 61726302.182901964 -143362481.22324207 -1530199.702503829 27.708310744028211 10.38282625184724 1.2634867996641475 864.73983262718775 -0.035077919814673071 -0.029556297323903333 0.013737590088304309 0
382 1 1 115689600 64112016.591537058 -142446911.20685449 -1420783.1310700376 27.515443395042023 10.810296928129436 1.2692359857424798 864.63767464446494 -0.035126028033750117 -0.029886612019821741 0.013202930754665061 0
383 1 1 115776000 66480734.036375493 -141494610.34471604 -1310871.4577834758 27.314400425346374 11.232652198596641 1.2751165821432788 864.49100016827242 -0.062431515123226158 -0.05352983302046984 0.022328878049879874 0
384 1 1 115862400 68831710.784976467 -140506060.72790146 -1200439.3686834117 27.105271110707438 11.649774898247076 1.2811066265685331 864.2997434935404 -0.062460248167506241 -0.05410365311087597 0.021381987989491768 0
385 1 1 115948800 71164341.776577383 -139481642.96531007 -1089510.4483869399 26.889738551672398 12.062910556261246 1.286619839218659 864.11160810669594 -0.062448870874199099 -0.054666453055972855 0.020419757108235626 0
386 1 1 116035200 73478072.704789117 -138421710.170479 -978124.02380257146 26.667785828304805 12.471866213381503 1.2916968359662291 863.92324941026766 -0.062397874211393749 -0.055214882250581653 0.019445835341091261 0
387 1 1 116121600 75772353.080422044 -137326627.58148611 -866317.82490731915 26.439510668851376 12.876547729229257 1.2963366943575272 863.73472619707695 -0.06230702552646996 -0.055748042411371941 0.018460395662967956 0
388 1 1 116208000 78046640.909663558 -136196768.45488328 -754129.65409248951 26.205011979189415 13.276863640312989 1.3005386761627562 863.54609816000493 -0.062176342959065017 -0.056264543189101263 0.017464484145624598 0
389 1 1 116294400 80300402.791273832 -135032513.83260638 -641597.36702188919 25.964389740767437 13.672725191030228 1.3043022854493118 863.35742578564577 -0.062005931951629442 -0.056763055391039569 0.016459128717698918 0
390 1 1 116380800 82533114.005706236 -133834252.30857004 -528758.85200121324 25.717744922552352 14.064046320890496 1.3076272625210252 863.16877021802895 -0.061795989383088619 -0.057242288417950468 0.015445381913981322 0
391 1 1 116467200 84744258.59664014 -132602379.79630807 -415652.00957340532 25.465179393606011 14.450743652491568 1.3105135837153268 862.98019313045381 -0.061546801310788532 -0.057700992200855228 0.014424318634248761 0
392 1 1 116553600 86933329.445035294 -131337299.29778108 -302314.73215379653 25.206795837408045 14.832736476558329 1.3129614606816546 862.79175660060775 -0.061258740925495547 -0.058137960308252287 0.013397032911179739 0
393 1 1 116640000 89099828.335862145 -130039420.67359602 -188784.88374394583 24.942697668032579 15.209946734229357 1.3149713392835787 862.60352298947066 -0.06093226539287893 -0.05855203229657583 0.012364634750234849 0
394 1 1 116726400 91243266.017674193 -128709160.41487023 -75100.27975568916 24.672988948268763 15.582298996732488 1.3165438981502429 862.41555482430067 -0.0605679134907691 -0.058942096256580145 0.011328247184594702 0
395 1 1 116812800 93363162.255191699 -127346941.41696015 38701.333025042462 24.397774309754851 15.949720442552048 1.317680046889014 862.22791468522894 -0.060166302367404778 -0.059307091200244293 0.010289003254464838 0
396 1 1 116899200 95459045.875075981 -125953192.75526717 152582.29630565646 24.117158875229343 16.312140832214162 1.3183809239711965 862.04066509596078 -0.0597281245011081 -0.059646009318471527 0.0092480432011949904 0
397 1 1 116985600 97530454.805079341 -124528349.46332088 266505.05995739473 23.831248182934594 16.669492480794066 1.3186478942879059 861.85386841778416 -0.059254144784851859 -0.059957898324932035 0.0082065117207635735 0
398 1 1 117072000 99576936.106754899 -123072852.31332566 380432.20148446626 23.540148113153862 17.021710228447013 1.3184825470551811 861.66758674705682 -0.058745197717242299 -0.060241861845402096 0.0071655608291485836 0
399 1 1 117158400 101598046.00184576 -121587147.59924197 494326.44571880053 23.243964815440318 17.368731411046795 1.31788670247206 861.48188181071623 -0.058202170797022758 -0.060497081243399045 0.0061262649272473546 0
400 1 1 117244800 103593349.89521942 -120071686.92614137 608150.66924041964 22.942804713827165 17.710495727634981 1.3168619799891939 861.29681505155975 -0.057625454377468771 -0.060723562728193445 0.0050864574055674025 0
401 1 1 117331200 105562422.37418303 -118526926.98016208 721868.0069795798 22.636773740920205 18.04694610342645 1.3154138332942482 861.11244615804196 -0.057025759326207522 -0.060907851453641623 0.0041033948197263647 0
402 1 1 117417600 107504882.69376463 -116953289.14120117 835444.5370592617 22.326859365180233 18.379022451995873 1.3136050522822063 860.9578874599116 -0.05637264650227862 -0.061085566025383405 0.0029987264867668041 0
403 1 1 117504000 109420029.65809157 -115351572.46361363 948822.08198180015 22.000838411247766 18.692724931616642 1.3105383147486778 860.42493895151642 -0.26619592943138026 -0.29942668787692506 -0.013491432787879438 0
404 1 1 117590400 111306157.4982328 -113723730.24349754 1061865.5105472289 21.658849965317398 18.987940674578478 1.3061069261317726 859.51313909710586 -0.26454983960665474 -0.30028310562072041 -0.016585400793249189 0
405 1 1 117676800 113162588.92300123 -112070578.08869995 1174501.605492525 21.313381977155203 19.278530478193705 1.30110611716694 858.6313301821009 -0.26284184552127005 -0.30108391329190037 -0.019668570263233546 0
406 1 1 117763200 114988987.54000466 -110392563.11768585 1286678.7217781164 20.963665208423532 19.563462715168725 1.2954828847028188 857.7504231757548 -0.26107373201924783 -0.30182673569893664 -0.022746469314025915 0
407 1 1 117849600 116784991.19667435 -108690175.68612725 1398343.2085611571 20.609813876167053 19.842702179368235 1.2892402399558269 856.87053017627477 -0.25924757203617016 -0.30251030021773723 -0.025815585737757853 0
408 1 1 117936000 118550247.5603589 -106963909.06708644 1509441.6937917855 20.251941064617494 20.116216527442109 1.2823815800131555 855.99176238740006 -0.25736537504933449 -0.30313344458914077 -0.028874821534972801 0
409 1 1 118022400 120284414.0174295 -105214259.20804247 1619921.1080805489 19.890158654608445 20.383976177334016 1.2749105138577033 855.11422998984108 -0.25542917268149246 -0.30369510538077021 -0.031923063929881174 0
410 1 1 118108800 121987157.56616776 -103441724.49687666 1729728.7032675468 19.524577251673719 20.645954202730156 1.2668308672376107 854.23804205231829 -0.25344102732773194 -0.30419430510732387 -0.034959215654749957 0
411 1 1 118195200 123658154.70366231 -101646805.536982 1838812.070853068 19.155306119441921 20.902126227241251 1.2581466757877182 853.3633064401331 -0.25140302840744588 -0.30463015137439126 -0.037982195860788992 0
412 1 1 118281600 125297091.30719224 -99830004.931547135 1947119.1598420104 18.782453118605694 21.152470317909582 1.2488621783335319 852.49012972938249 -0.249317288279434 -0.3050018359773754 -0.040990940873371025 0
413 1 1 118368000 126903662.51057248 -97991827.077059254 2054598.2940143268 18.406124651310524 21.396966878309467 1.2389818103160242 851.61861712637437 -0.24718593854782797 -0.30530863429988248 -0.043984404141808923 0
414 1 1 118454400 128477572.57592228 -96132777.966052517 2161198.1886338433 18.026425610788081 21.635598541498123 1.2285101973579118 850.74887239183306 -0.24501112702395378 -0.30554990385703207 -0.046961556717411111 0
415 1 1 118540800 130018534.76130499 -94253364.999103442 2266867.9666060791 17.643459336145391 21.868350063022994 1.2174521489436085 849.88099777005448 -0.24279501358156383 -0.30572508369115342 -0.04992138771489895 0
416 1 1 118627200 131526271.18468121 -92354096.80606167 2371557.1740958467 17.257327572202467 22.095208214185813 1.2058126522420878 849.01509392323442 -0.24053976688961615 -0.3058336927833199 -0.052862904387587811 0
417 1 1 118713600 133000512.68460202 -90435483.076482773 2475215.7956182542 16.868130434168869 22.316161675799457 1.1935968660928207 848.15125987072588 -0.23824756161209823 -0.30587532858936928 -0.055785132289114678 0
418 1 1 118800000 134440998.67805356 -88498034.399214104 2577794.2686176375 16.475966376999484 22.531200932562069 1.1808101151686059 847.28959293208254 -0.23592057540246641 -0.30584966624638144 -0.058687115401591605 0
419 1 1 118886400 135847477.01578802 -86542262.111042082 2679243.4976197239 16.080932167779082 22.740318169007402 1.1674578859967382 846.43018867336104 -0.23356098244646142 -0.3057564583554388 -0.061567919826785625 0
420 1 1 118972800 137219703.83800861 -84568678.155531272 2779514.8653009511 15.683122931839796 22.943507132489714 1.1535457483567106 845.57314091546073 -0.23117054324994654 -0.30559573964082565 -0.064427078200338203 0
421 1 1 119059200 138557443.40518716 -82577794.939806759 2878560.267857268 15.282631306898192 23.140763425796912 1.1390802369592734 844.71854101446945 -0.22876154941654536 -0.30536255032331933 -0.067252834587475691 0
422 1 1 119145600 139860462.52401561 -80570126.312277898 2976335.1425915495 14.87941570594319 23.33205570802895 1.1241405931026909 843.86459395184636 -0.22628339169973577 -0.30508166940616788 -0.070100557492865187 0
423 1 1 119232000 141128586.72957528 -78546176.273189783 3072766.9540044703 14.475461521762753 23.51776196213693 1.1076752415778881 843.03645773689186 -0.19212095962106071 -0.29837347643616563 -0.090578171218527515 0
424 1 1 119318400 142361804.83780339 -76506417.940064371 3167696.8180816532 14.070847341704861 23.697870653019798 1.0896914552749113 842.23208050165397 -0.18984118672047354 -0.29817038465098766 -0.093336722593488214 0
425 1 1 119404800 143559956.13243452 -74451357.03040643 3261053.4966176967 13.663752327925044 23.871990404264526 1.0712558475956908 841.42760085454768 -0.18758915509008367 -0.29788144666385141 -0.096022362852182977 0
426 1 1 119491200 144722836.12031829 -72381509.641933233 3352794.8950716839 13.254396238749557 24.040150305561944 1.0523016385141191 840.62471278593659 -0.18530701590470242 -0.29752900114802477 -0.098693754450318708 0
427 1 1 119577600 145850253.12455499 -70297390.675276592 3442876.4584651235 12.842863757834674 24.202351296329219 1.0328349076696954 839.82350025428707 -0.18300857496940642 -0.29710904525745313 -0.1013384879557597 0
428 1 1 119664000 146942022.66490531 -68199514.89358452 3531254.210003606 12.42923702951839 24.358595519701321 1.0128627244300421 839.02404628764077 -0.18069533148908801 -0.29662204024865108 -0.10395627508293478 0
429 1 1 119750400 147997967.29103029 -66088396.841191888 3617884.7847518087 12.013596627607434 24.508885887627116 0.99239219433331727 838.22643219125348 -0.17836926952776141 -0.29606833577170605 -0.10654635558203937 0
430 1 1 119836800 149017916.44316819 -63964550.779467866 3702725.4365536044 11.596021484385719 24.653226024214149 0.97143053477164898 837.43073759494314 -0.17603235420687244 -0.29544833794772718 -0.10910798391364498 0
431 1 1 119923200 150001706.31092572 -61828490.628933109 3785734.0474607148 11.176588905273539 24.791620181592943 0.94998506963559615 836.63704043685652 -0.17368652650487967 -0.29476250869561593 -0.11164043324973462 0
432 1 1 120009600 150949179.69336003 -59680729.918543838 3866869.1367911459 10.755374584162393 24.924073158142349 0.92806322605190694 835.84541695250948 -0.17133370167085102 -0.29401136323584615 -0.11414299443238397 0
433 1 1 120096000 151860185.86049598 -57521781.741967626 3946089.8699175208 10.332452621255973 25.050590218392017 0.90567253137463244 835.05594166686603 -0.16897576762750477 -0.29319546912839944 -0.11661497586745936 0
434 1 1 120182400 152734580.41648924 -55352158.720708445 4023356.0668026945 9.907895543322212 25.171177014603089 0.88282061034050141 834.26868738860571 -0.16661458354578002 -0.29231544407418086 -0.11905570362132702 0
435 1 1 120268800 153572225.16463983 -53172372.973932207 4098628.2102969787 9.4817743262338592 25.285839510067209 0.85951518240218738 833.4837252068337 -0.16425197865630028 -0.29137195456812315 -0.12146452110579799 0
436 1 1 120355200 154372987.97444633 -50982936.094845012 4171867.4542135349 9.0541584197047911 25.39458390414163 0.83576405925860964 832.70112449051499 -0.16188975082704932 -0.29036571357410657 -0.12384078881649027 0
437 1 1 120441600 155136742.65089202 -48784359.133472912 4243035.631198396 8.6251157741231292 25.497416559018834 0.8115751425684341 831.92095289033227 -0.15952966551876271 -0.28929747930877731 -0.12618388417898374 0
438 1 1 120528000 155863368.80613363 -46577152.585694656 4312095.2604108714 8.1947128693887308 25.594343928217199 0.78695642185006942 831.14327634269227 -0.15717345447343839 -0.28816805314382976 -0.12849320122494901 0
439 1 1 120614400 156552751.7337659 -44361826.388377078 4379009.5550303822 7.7630147456507368 25.685372486826022 0.76191597255546428 830.3681590762119 -0.15482281473276163 -0.28697827795778813 -0.13076815070909786 0
440 1 1 120700800 157204782.28601858 -42138889.920441151 4443742.4293587785 7.3300850408358187 25.770508663983048 0.7364619482128768 829.59566362649048 -0.1524794029951401 -0.28572903811122891 -0.13300816124539974 0
441 1 1 120787200 157819356.75220403 -39908852.009772591 4506258.508020699 6.8959859617156267 25.849758772811448 0.71060266296858887 828.82585088276403 -0.15014591930564902 -0.28442139895777835 -0.13521129265551662 0
442 1 1 120873600 158396354.87141183 -37672262.463678315 4566503.2059109779 6.4602359123567954 25.922098973989112 0.68385201847401689 828.03208113320886 -0.14782443149302885 -0.28305748325291508 -0.13737701479260728 0
443 1 1 120960000 158935864.98941955 -35429284.666158341 4624607.6280891271 6.0304988452230814 26.001966417218416 0.66313966220792109 827.58817059820694 -0.020764808334939617 -0.044739370265943781 -0.025744086452568989 0
444 1 1 121046400 159438603.94810295 -33178894.797615893 4681276.5118235173 5.6067547870751273 26.089332060551332 0.648575046988771 827.49269985243393 -0.020076653733666933 -0.044199168689646497 -0.026208673121821308 0
445 1 1 121132800 159904658.68383297 -30921261.113094993 4736656.3756260825 5.1813719170035579 26.169714766643565 0.63333666645188913 827.37171233643892 -0.019492525794215503 -0.043669454642305656 -0.026532720244933663 0
446 1 1 121219200 160333915.29039675 -28656939.607282482 4790711.9607530879 4.754957082264176 26.244141901093368 0.61792005591715737 827.25178475858945 -0.018869255171562724 -0.043113566718872398 -0.026898730324072133 0
447 1 1 121305600 160726287.35045141 -26386445.080876734 4843427.8422458852 4.32757280908924 26.312607603381981 0.60232580413952685 827.13292526978319 -0.018258204228102273 -0.042546875691794474 -0.027243637158465648 0
448 1 1 121392000 161081693.64987829 -24110292.906288624 4894788.8803220466 3.8992780509300773 26.375104795428321 0.58655865042212052 827.01514256406028 -0.017656679622332725 -0.04196906061645897 -0.027571166249661709 0
449 1 1 121478400 161400058.07933193 -21828999.073651332 4944780.3198863044 3.4701319566555044 26.431626233831921 0.57062284558910159 826.8984447816199 -0.017064957282075917 -0.041380686665740109 -0.027881379083172696 0
450 1 1 121564800 161681309.63195491 -19543080.211625393 4993387.7737781079 3.0401934955738037 26.482164379414364 0.55452265687711422 826.7828397103807 -0.016483380587815413 -0.040782339820098101 -0.028174225730906138 0
451 1 1 121651200 161925382.3896926 -17253053.613262948 5040597.2238243166 2.6095215007876842 26.526711390537862 0.5382623582911511 826.66833482920322 -0.01591225928678457 -0.040174594592427969 -0.02844966826304585 0
452 1 1 121737600 162132215.51309758 -14959437.262483926 5086395.0213895105 2.1781747054686562 26.565259115259263 0.52184623002515196 826.55493735615369 -0.015351877320527339 -0.039558015541056209 -0.028707670790923498 0
453 1 1 121824000 162301753.23423335 -12662749.86120354 5130767.8879358014 1.7462117784947362 26.597799084137936 0.50527855906319508 826.4426542978099 -0.014802493280194878 -0.038933156853852909 -0.028948198430184178 0
454 1 1 121910400 162433944.8526682 -10363510.857040785 5173702.915639542 1.3136913603370246 26.624322503993895 0.48856363990539586 826.33149249946496 -0.014264340971825142 -0.038300561265015978 -0.029171215807637582 0
455 1 1 121996800 162528744.73457795 -8062240.4715239247 5215187.56807632 0.88067209914104461 26.644820252637572 0.47170577540507264 826.22145869609096 -0.013737630147212333 -0.037660759470867271 -0.029376686465936226 0
456 1 1 122083200 162586112.31497416 -5759459.7287048725 5255209.6809773464 0.4472126870027428 26.659282874616601 0.45470927767310793 826.11255956422838 -0.013222545686041488 -0.037014273963733788 -0.029564566090763578 0
457 1 1 122169600 162606012.10338911 -3455690.484339715 5293757.4641016694 0.013371904510640764 26.667700570847227 0.43757849587903769 826.00480204985365 -0.012719228494688288 -0.036361697284690908 -0.029734717532148913 0
458 1 1 122256000 162588413.69324201 -1151455.4510769525 5330819.5040696654 -0.42079136381978116 26.670063319594291 0.4203177288885353 825.89819410433415 -0.012229350048328307 -0.035703157133742655 -0.029891884380613146 0
459 1 1 122342400 162533291.67520514 1152721.6724620992 5366384.4765184922 -0.85522070096379166 26.666357775049082 0.40292365538527258 825.79258286401318 -0.011769590895135152 -0.035062311683864554 -0.030082819135574881 0
460 1 3 122395231.81302159 162481089.19547987 2561424.8589145406 5387389.5292291669 -1.1209652298367936 26.661103116614093 0.39224050049999232 825.72883739721374 0 0 0 258
461 1 1 122428800 162440626.06011251 3456316.5547084287 5400442.3513413928 -1.2898400693615175 26.656590103031281 0.38545009581800538 825.68898291650862 -0.010973929193731888 -0.034051879331645295 -0.029227223473382996 0
462 1 1 122515200 162310404.86691159 5758807.0399769405 5432992.0716027683 -1.7245450483477265 26.640800942743571 0.36803772900554171 825.59024859491171 -0.0097533623926954836 -0.032487002043056358 -0.026989004997592238 0
463 1 1 122601600 162142623.25454202 8059669.4091699859 5464039.496239135 -2.1592878679926857 26.618893019150189 0.35066734938689409 825.49466219119847 -0.0086267477096435233 -0.030877256913627485 -0.024823275892967525 0
464 1 1 122688000 161937293.26646644 10358424.279904461 5493626.6583759105 -2.5935812737396216 26.592509156397831 0.33462050183845909 825.44708989677656 -0.00048407445910313764 -0.0022698980072024875 -0.001687746095157558 0
465 1 1 122774400 161694465.79067072 12654724.640962353 5521897.8792665983 -3.0274224015428888 26.561552126485772 0.31978558919792877 825.4443873692876 -0.00041439764898905753 -0.0021485761920602125 -0.0015417031966442325 0
466 1 1 122860800 161414154.94406441 14948077.08662717 5548879.1591781154 -3.4612400279520954 26.524276663402418 0.30476691317755789 825.43867926136556 -0.00039864188137331573 -0.0020127263832536244 -0.0014418866030888225 0
467 1 1 122947200 161096367.00905749 17237940.849959221 5574559.2265052116 -3.8949361961695645 26.480792877200756 0.28966581787705026 825.43334890601182 -0.00033875495929245209 -0.001899875993622535 -0.0013112663257296342 0
468 1 1 123033600 160741115.37193304 19523778.846272998 5598931.1322615463 -4.3284448442800585 26.431085171045719 0.27448547593881401 825.42838830335893 -0.00028742932078901863 -0.0017934998317487177 -0.0011935845992822982 0
469 1 1 123120000 160348418.96409878 21805052.696477141 5621988.0494197877 -4.7617026295872291 26.375138872447145 0.25922640915626199 825.42376583047553 -0.00024215287795538207 -0.0016933574250154364 -0.0010862801101234332 0
470 1 1 123206400 159918302.2343882 24081222.734471504 5643723.2105926238 -5.1946452237735183 26.312938775730395 0.24388938396532261 825.41944864138543 -0.00020244965464867563 -0.0016042745020623177 -0.00099113769353431093 0
471 1 1 123292800 159450795.21826711 26351747.955731589 5664129.9098829934 -5.6272076251391017 26.244469193753176 0.22847510619429318 825.41539843239684 -0.00016764004416984713 -0.001526252203167409 -0.00090728089194232859 0
472 1 1 123379200 158945933.59927514 28616086.000264857 5683201.5114822909 -6.05932408075215 26.169714507165114 0.21298453168343376 825.41158439947128 -0.00013669571629691153 -0.0014555484893825955 -0.00083169379329114392 0
473 1 1 123465600 158403758.77508426 30873693.158105217 5700931.470483887 -6.4909280810555634 26.088658963021263 0.19741873374772634 825.40797781368633 -0.00010939769759182634 -0.001395228473388609 -0.0007654622666142468 0
474 1 1 123552000 157824317.92241207 33124024.342582066 5717313.3335378114 -6.9219523473605111 26.001286529464153 0.18177880613123915 825.40454798688484 -8.5081775753156951e-05 -0.0013439489240008604 -0.00070709737785068993 0
475 1 1 123638400 157207664.06656873 35366533.085236266 5732340.7510440424 -7.3523287690756778 25.907581281193593 0.16606606763009849 825.40127112201958 -6.3114743260566557e-05 -0.0012988664682720681 -0.00065449274630356453 0
476 1 1 123724800 156553856.15427634 37600671.5475128 5746007.4966834662 -7.7819883855153362 25.807527405258991 0.15028203624112113 825.39812977693907 -4.3102889811995768e-05 -0.0012585601528155355 -0.00060649636977623458 0
477 1 1 123811200 155862959.12766364 39825890.524330109 5758307.4803664843 -8.2108613710689831 25.70110906439163 0.13442833586851793 825.39510901944118 -2.4776025389115884e-05 -0.0012227685343599766 -0.00056262712472398874 0
478 1 1 123897600 155135044.00012976 42041639.439390458 5769234.755476851 -8.63887700721512 25.588310359358903 0.11850666417919023 825.39219502740741 -7.8911484144045228e-06 -0.001191162599071227 -0.00052240649425555933 0
479 1 1 123984000 154370187.93491921 44247366.340920068 5778783.5253163734 -9.0659636495067577 25.469115351096686 0.10251879270972984 825.3893751048513 7.7660347098348766e-06 -0.001163512091745643 -0.00048543322687566795 0
480 1 1 124070400 153568474.32654321 46442517.89871224 5786948.149251584 -9.4920486945306379 25.343508073546268 0.086466562184902562 825.38663745991266 2.2387554960985631e-05 -0.0011396090374356026 -0.00045134170564718219 0
481 1 1 124156800 152729992.88508752 48626539.402618483 5793723.1486141887 -9.9170585461829557 25.211472552901533 0.070351880780974277 825.38397111222366 3.6145999139873545e-05 -0.0011192681084920026 -0.0004197985581278575 0
482 1 1 124243200 151854839.7234571 50798874.762646854 5799103.2124265814 -10.340918581402109 25.072992824788638 0.054176721532315252 825.38136573241854 4.9198779212386393e-05 -0.0011023687441834879 -0.00039051443893482974 0
483 1 1 124329600 150943117.44759646 52958966.510691114 5803083.2029545046 -10.763553115661031 24.928052957957373 0.037943122059146094 825.37881160506549 6.168609523603487e-05 -0.0010887295349055939 -0.00036319462076835204 0
484 1 1 124416000 149994935.24969858 55106255.804578505 5805658.161326604 -11.184885368180483 24.776637079777657 0.021653184696608246 825.37629960689355 7.3735980137897315e-05 -0.0010782261137874253 -0.00033758145231884958 0
485 1 1 124502400 149010409.00444368 57240182.434013888 5806823.3130410034 -11.604837426627038 24.618729397345962 0.0053090748029464242 825.37382106053622 8.5466183831112955e-05 -0.0010707641227591239 -0.00031344010866168518 0
486 1 1 124588800 147989661.36830041 59360184.828530766 5806574.0733900527 -12.023330211537264 24.454314222442239 -0.011086979614825661 825.37136764799948 9.6985811097918248e-05 -0.0010662718166973167 -0.00029055299968220113 0
487 1 1 124675200 146932821.88191226 61465700.067678742 5804906.0528728915 -12.440283440485555 24.28337599822575 -0.027532687857212624 825.36893133431738 0.00010839698252039123 -0.0010646998940654676 -0.00026871703812951275 0
488 1 1 124761600 145840027.07558963 63556163.893580101 5801815.0626243185 -12.855615592021445 24.105899327390834 -0.04402569619999061 825.36650429366216 0.00011979636037464936 -0.0010660213271092654 -0.00024774101136275449 0
489 1 1 124848000 144711420.5779269 65631010.725985169 5797297.1198849613 -13.269243869416441 23.921869001861339 -0.060563587271504557 825.36407883819459 0.00013127650962398057 -0.0010702311793513474 -0.00022744304637510173 0
490 1 1 124934400 143547153.22755766 67689673.679961517 5791348.4535374772 -13.681084164261341 23.731270034069883 -0.077143879149028954 825.36164734922261 0.0001429271413010643 -0.0010773464714002009 -0.00020764816691508717 0
491 1 1 125020800 142347383.18806076 69731584.586355373 5783965.5097325612 -14.091051019953726 23.534087689860336 -0.093764024184729192 825.35920221006393 0.00015483625203593492 -0.0010874061771593807 -0.00018818595386575529 0
492 1 1 125107200 141112276.06602424 71756174.015167639 5775144.957627804 -14.49905759511973 23.33030752305768 -0.11042140756885542 825.35673574014822 0.00016709112405530646 -0.0011004711991394343 -0.00016888824616237259 0
493 1 1 125193600 139842005.03227055 73762871.301990539 5764883.6952618118 -14.90501562701629 23.119915411754743 -0.12711334563599772 825.35424013000511 0.00017977923144567789 -0.0011166244042374201 -0.00014958691002656775 0
494 1 1 125280000 138536750.9462426 75751104.577656791 5753178.8555856785 -15.308835394969348 22.902897596401367 -0.14383708391770744 825.35170737756482 0.0001929890220773396 -0.0011359707000380785 -0.00013011165705473121 0
495 1 1 125366400 137196702.48354796 77720300.801246241 5740027.8126721447 -15.710425683818817 22.679240719282983 -0.16058979499192486 825.34912921550483 0.00020681221669373775 -0.0011586461326955745 -0.00011028869435957458 0
496 1 1 125452800 135822056.26667097 79669885.796502605 5725428.1881156415 -16.109693747092106 22.448931863752907 -0.17736857621622992 825.34649699313491 0.00022134842499910775 -0.00118483796764909 -8.9939335804866533e-05 0
497 1 1 125539200 134413016.99883536 81599284.291858226 5709377.8576529697 -16.50654527135659 22.211958600903078 -0.19417044671060732 825.3438016762658 0.00023668592549719501 -0.0012146773314029486 -6.8869103515756887e-05 0
498 1 1 125625600 132969797.60090768 83507919.964724526 5691874.9580630464 -16.900884340751062 21.968309037471691 -0.21099234429510408 825.34103383059551 0.00025292283932677886 -0.0012483582370410779 -4.6877503545627272e-05 0
499 1 1 125712000 131492619.35141124 85395215.489668384 5672917.8943084078 -17.292613400961677 21.717971860848969 -0.22783112265558059 825.3381834985255 0.0002701605011761786 -0.0012860975051604854 -2.375152971958217e-05 0
500 1 1 125798400 129981712.02960853 87260592.590727225 5652505.3469481617 -17.681633224103489 21.460936389118046 -0.24468354797864666 825.33524013833232 0.00028850363392864288 -0.0013281351012810901 7.3642245586682555e-07 0
501 1 1 125884800 128437314.06161483 89103472.098064065 5630636.2798511693 -18.067842873545406 21.197192620802024 -0.26154629535723645 825.33219250974992 0.00030806864253216424 -0.0013747718759887142 2.6831193372842903e-05 0
502 1 1 125971200 126859672.66952674 90923274.009018391 5607309.9482314661 -18.451139669558451 20.926731288196255 -0.27841594489175508 825.32902858796751 0.00032897872197796418 -0.0014263432855352108 5.4799784657104321e-05 0
503 1 1 126057600 125249044.02369447 92719417.553020716 5582525.9070876641 -18.831419148787283 20.649543884211457 -0.29528897579705754 825.32573485359683 0.00035147266648433688 -0.0014836830067154105 8.4959949698561231e-05 0
504 1 1 126144000 123605693.39824773 94491321.259870976 5556284.0201293314 -19.208575035730771 20.365622740701728 -0.31216176208452745 825.32229664251724 0.00037569075350775665 -0.0015471775952628347 0.00011765771716645486 0
505 1 1 126230400 121929895.33085182 96238403.027732268 5528584.4698729319 -19.582499146104492 20.074960830623624 -0.32903054113896596 825.31869242984499 0.0004029041275675932 -0.0016218003897843628 0.0001537039983631322 0
506 1 1 126316800 120221933.79003929 97960080.177342668 5499427.7703960836 -19.953081380757872 19.777551945989 -0.34589140743325736 825.31489619902823 0.00043280868887396549 -0.0017059398686716436 0.00019351580577940978 0
507 1 1 126403200 118482102.3364151 99655769.548428506 5468814.7781457268 -20.320209795307012 19.473391168193167 -0.36274034277433942 825.31088614571684 0.00046508772664314733 -0.0017981476418550335 0.00023741110706533726 0
508 1 1 126489600 116710704.28534417 101324887.60537718 5436746.7023465494 -20.683770506312243 19.162474665692411 -0.37957318975480658 825.30663870973763 0.00050044628667695256 -0.0019010555522157818 0.00028621302763585167 0
509 1 1 126576000 114908052.87884682 102966850.52187894 5403225.1189316707 -21.04364761280862 18.844799569401729 -0.39638561626694846 825.30212418272367 0.00053937805177198944 -0.0020164076044511419 0.0003407744861551512 0
510 1 1 126662400 113074471.45832929 104581074.27788623 5368251.9846614618 -21.399723249239333 18.520364349928361 -0.41317315023625045 825.29731326781393 0.00058127416068641665 -0.0021418765278123524 0.00040130557129531511 0
511 1 1 126748800 111210293.63189098 106166974.79137561 5331829.6470081527 -21.751877620780729 18.189169106145481 -0.429931220532285 825.29218172116612 0.00062559522040091947 -0.0022756204524265623 0.00046793676069526092 0
512 1 1 126835200 109315863.44349368 107723968.05623612 5293960.8532931721 -22.099988936631473 17.851215467737198 -0.44665513527305456 825.28670643672513 0.00067240918780268845 -0.0024181638815988079 0.00054118288374276275 0
513 1 1 126921600 107391535.54835442 109251470.27041042 5254648.7625389704 -22.443933353057922 17.506506541373234 -0.46334005506998804 825.2808623811967 0.00072179967864576466 -0.0025701492078226075 0.00062161340422783786 0
514 1 1 127008000 105437675.39116989 110748897.96712808 5213896.9584937375 -22.783584953678265 17.155046993794667 -0.4799809861498156 825.27462247408062 0.00077387370178988175 -0.0027323685037340855 0.00070986960458159075 0
515 1 1 127094400 103454659.38612309 112215668.15282607 5171709.4634020515 -23.118815728095274 16.796843124044848 -0.49657276998143146 825.26795715807975 0.00082877165335671135 -0.002905804854625119 0.00080668670093911885 0
516 1 1 127180800 101442875.09869884 113651198.45123063 5128090.7527804039 -23.449495551354207 16.431902933627828 -0.51311007025103084 825.26083384893468 0.00088668045847769758 -0.0030916866664396025 0.00091292388421801787 0
517 1 1 127267200 99402721.429245725 115054907.25335689 5083045.7714704201 -23.775492164012991 16.060236193029109 -0.52958735610147845 825.25321622423098 0.00094785094810680495 -0.0032915601701814364 0.0010296062331159293 0
518 1 1 127353600 97334608.798247263 116426213.87301762 5036579.9513409799 -24.09667115239515 15.681854502190765 -0.54599888067904545 825.24506329339818 0.0010126238351542657 -0.0035073927367119833 0.0011579685802007101 0
519 1 1 127440000 95238959.333420604 117764538.70699537 4988699.2306038952 -24.412895925463914 15.296771336588149 -0.56233866673601762 825.23632814289351 0.0010814822591211058 -0.0037417437930648413 0.001299449494389738 0
520 1 1 127526400 93116207.046841308 119069303.4396247 4939410.0624137716 -24.724027995145892 14.905003107346525 -0.5786007567417859 825.22697949040139 0.0011546998615516999 -0.0039972797679642888 0.0014577407764350611 0
521 1 1 127612800 90966798.25611873 120339930.38933495 4888719.8007948454 -25.029919581995276 14.506543111078079 -0.59476825983168002 825.21638550472198 0.0012973700847201855 -0.0045043548753182895 0.0017259243526425571 0
522 1 1 127699200 88791190.817277446 121575846.10248788 4836635.1801967556 -25.330467398327723 14.101552870798388 -0.6108971607920618 825.20784374990126 0.00072006258844178352 -0.0024580495252175295 0.00087773266793285312 0
523 1 1 127785600 86589846.212410256 122776510.5754521 4783149.3530462794 -25.625661121230969 13.690540076107695 -0.62720017673543949 825.20155838045162 0.00069546583288273222 -0.0023898971360067668 0.000906454367676139 0
524 1 1 127872000 84363287.682537049 123941209.20651722 4728335.8256789008 -25.913574903112377 13.267129554929067 -0.64077508369291059 825.0676370953571 0.029256646239496427 -0.10527314092273959 0.047646134064168226 0
525 1 1 127958400 82112196.357000425 125068706.02061372 4672508.3832355458 -26.194042540748868 12.831240893312925 -0.65148119688630945 824.79155421528742 0.029600971142005481 -0.10725951751569135 0.050132806746460708 0
526 1 1 128044800 79837124.739160836 126158271.54219325 4615762.5177555103 -26.468641213137939 12.38906184226237 -0.66201820713550807 824.519306068221 0.029956626030420999 -0.10949660715884341 0.052794998924323176 0
527 1 1 128131200 77538591.961374834 127209342.54188699 4558122.5375213278 -26.737100829753068 11.940169184790278 -0.67217696353579481 824.24002619164321 0.030263582421611663 -0.11176729083273437 0.055497743594112463 0
528 1 1 128217600 75217134.70740059 128221340.36887969 4499621.4533537207 -26.999275954913461 11.484595754247991 -0.68194978784980642 823.95361982567863 0.030519372313888328 -0.11407453809154333 0.058241413244555715 0
529 1 1 128304000 72873302.315701813 129193689.26314268 4440292.965700008 -27.25501909723619 11.022375696613777 -0.6913284670503872 823.65996299544156 0.030722039216523916 -0.11642232039489449 0.061024573758110261 0
530 1 1 128390400 70507656.947610244 130125816.51396678 4380171.477867322 -27.50418092027558 10.553545465633775 -0.70030494186999703 823.35892614035004 0.030869686806427814 -0.11881485038655126 0.06384591565849862 0
531 1 1 128476800 68120773.747255296 131017152.66298375 4319292.0834687771 -27.746610230347873 10.078143906678568 -0.70887129197466636 823.05037356319519 0.030960502029380967 -0.12125661319418422 0.066704169804802094 0
532 1 1 128563200 65713241.002631448 131867131.71433999 4257690.5544793718 -27.982153962886862 9.5962123392909557 -0.71701973463497626 822.73416288247881 0.030992758321017111 -0.12375236490374707 0.069598103684136922 0
533 1 1 128649600 63285660.307763793 132675191.35218081 4195403.3294052407 -28.210657170691182 9.1077946438764581 -0.72474262342865359 822.41014448097815 0.030964819163356968 -0.12630713076189243 0.072526519192924285 0
534 1 1 128736000 60838646.725804359 133440773.1658034 4132467.5015488928 -28.431963014166939 8.6129373525662203 -0.73203244735134998 822.07816095227383 0.030875141425689645 -0.12892620267992666 0.075488248540726374 0
535 1 1 128822400 58372828.952878714 134163322.88284628 4068920.8073278004 -28.645912753741065 8.1116897443924625 -0.73888183048015299 821.73804654726553 0.030722279524266888 -0.13161513692114285 0.078482149610020258 0
536 1 1 128908800 55888849.482487716 134842290.61089483 4004801.6145977261 -28.852345744629972 7.6041039449861207 -0.74528353221705623 821.38962662277891 0.03050488983124058 -0.13437975054780729 0.081507100218854836 0
537 1 1 128995200 53387364.770268366 135477131.0878793 3940148.9108783305 -29.051099433687504 7.0902350302434698 -0.75123044961122565 821.0327170948824 0.030221740757635264 -0.13722612592784814 0.084561977903608337 0
538 1 1 129081600 50869045.392687641 136067303.97249451 3875002.270138381 -29.242009514006529 6.5701419013519837 -0.75671614417263944 820.66714356916668 0.029871681995180241 -0.14016055083757323 0.087645778365276331 0
539 1 1 129168000 48334576.319918014 136612273.56902799 3809402.2212790083 -29.42490636755111 6.0438695240101206 -0.76172238494364231 820.29227962853213 0.029488594497473885 -0.14336362681780002 0.090878445436718608 0
540 1 1 129254400 45784656.991499484 137111509.52178082 3743389.9512591101 -29.599631014726501 5.5115285531719405 -0.76627450942522801 819.90909747200169 0.028748532107197362 -0.14520519927408609 0.093114297246259067 0
541 1 3 129257512.7543366 45692511.051439621 137128635.53905624 3741004.4812070895 -29.605771866775331 5.4922408311941071 -0.76643238975426597 819.89522392187189 0 0 0 36
542 1 1 129340800 43219997.938165724 137564505.44534388 3676994.386486779 -29.76609645316022 4.9736230581061953 -0.7706738399042139 819.52864498599615 0.026760395585850454 -0.14089299777366635 0.09094039127641608 0
543 1 1 129427200 40641316.075172707 137970806.10881791 3610213.0238813888 -29.924207062403585 4.4306550962705131 -0.77522105716653322 819.16181275419297 0.024530525074169637 -0.13534158923020828 0.087785149654447572 0
544 1 1 129513600 38049342.414430805 138329969.90748662 3543037.9420716506 -30.073742435879637 3.8824843531328392 -0.77977355273053484 818.80290543984518 0.022361373963749612 -0.13009131233489382 0.084739342122568853 0
545 1 1 129600000 35444807.486572154 138641658.17226225 3475397.9602692663 -30.215130489925826 3.3327798260173469 -0.78669587953977205 818.54226313684512 0.0102362396294745 -0.066446786709981331 0.043056576150313115 0
546 1 1 129686400 32828408.493488714 138905835.72206968 3407026.5781460009 -30.348145591953593 2.7816342078874108 -0.79599150834779409 818.37958802763171 0.0087719327340669926 -0.061449897751160755 0.039919917848357585 0
547 1 1 129772800 30200914.016635206 139122179.12262774 3337852.7829229529 -30.471940062218312 2.2255417468226524 -0.80528005757012 818.22355973093818 0.00740647327137209 -0.056569252836697503 0.036813806429949865 0
548 1 1 129859200 27563127.251778767 139290277.2506628 3267869.7746884162 -30.586359444890533 1.6648631992570679 -0.81472168246169197 818.08038296759844 0.0061342547449385141 -0.051809621132773785 0.033743232285319905 0
549 1 1 129945600 24915866.935306117 139409738.55166906 3197064.7609568923 -30.691201306830877 1.0997080758265461 -0.82430615996463963 817.94975013675946 0.0049643902474432889 -0.04717096086392672 0.030716741687172758 0
550 1 1 130032000 22259969.384561166 139480181.22078177 3125425.8823772096 -30.786261223342926 0.53019257865883529 -0.83402212440871126 817.83134374690451 0.0039019868109267243 -0.042653823077640846 0.027742295334692437 0
551 1 1 130118400 19596288.644528877 139501233.78869209 3052942.3086645096 -30.871333300786389 -0.043560199083000309 -0.84385712256620826 817.72483769156395 0.002951564185808918 -0.038258336127263544 0.024827730500886311 0
552 1 1 130204800 16925696.603284761 139472535.72924438 2979604.3318380187 -30.946210449693023 -0.62141998973557067 -0.85379763371750406 817.62989901448248 0.0021168373915531015 -0.033984116266220818 0.021980596718914926 0
553 1 1 130291200 14249083.081648869 139393738.09165156 2905403.4568336792 -31.010684704757303 -1.2032490641929987 -0.8638291097448908 817.5461900738278 0.0014006639492610436 -0.029830156925861478 0.019208016198834717 0
554 1 1 130377600 11567355.89429684 139264504.15772924 2830332.4880451523 -31.064547565233124 -1.7889019417676415 -0.87393602807208437 817.47337096501656 0.00080501394932761927 -0.025794827605327083 0.016516615525790659 0
555 1 1 130464000 8881440.8806149196 139084510.12357596 2754385.6111909659 -31.107590354843705 -2.3782251211748759 -0.88410194280936127 817.41110161204153 0.0003309446672968918 -0.021876251998787732 0.013912694799886011 0
556 1 1 130550400 6192281.9035682892 138853445.80130342 2677558.472229267 -31.139604603240493 -2.9710569043890409 -0.89430949047904418 817.35904177838086 -2.1479068854649283e-05 -0.018073769570991327 0.011403058400383666 0
557 1 1 130636800 3500840.8142744643 138571015.32572147 2599848.2615029169 -31.160382462517909 -3.5672275079971101 -0.90454023346625578 817.3168442636204 -0.0002535027461127334 -0.014392255997671438 0.0089975563597983754 0
558 1 1 130723200 808097.3781601123 138236937.83233261 2521253.8222131436 -31.169717192157922 -4.1665597221333321 -0.91477419174739905 817.28413501417867 -0.0003687598792888863 -0.010853399073529653 0.0067156947008066986 0
559 1 1 130809600 -1884950.8508874776 137850947.95981178 2441775.8696837081 -31.167403968870659 -4.7688734871034546 -0.92498704511003838 817.26039815035188 -0.00037969710196338031 -0.0075747628717405587 0.0046337767100494004 0
560 1 1 130896000 -4577288.8016625028 137412795.07433826 2361417.9777116184 -31.153242840119663 -5.3740149369337411 -0.93513280033011215 817.24426664559542 -0.00033490240734855201 -0.0050530530866965762 0.0030519989937077391 0
561 1 1 130982400 -7267884.4258537125 136922240.55541879 2280188.6886667917 -31.127040659241178 -5.9818511691056049 -0.94514790541037108 817.23365469586508 -0.00027388165053469731 -0.0033128587870611165 0.0019726451919580574 0
562 1 1 131068800 -9955689.2450778354 136379057.83724132 2198101.8693500035 -31.088610063064653 -6.5922335377767176 -0.95497419134163508 817.22665561585268 -0.00022214028666091713 -0.0022327269369639934 0.0013085189054723187 0
563 1 1 131155200 -12639638.789516546 135783034.3472071 2115175.902755138 -31.0377679462378 -7.2049848727078709 -0.96456635030128524 817.22184812472926 -0.00018516848599137335 -0.0015869252054567823 0.00091377609093952429 0
564 1 1 131241600 -15318652.924263388 135133974.0856666 2031432.5254370137 -30.974334857976245 -7.8199005983393555 -0.97389086823589999 817.21826302011254 -0.00016734786618089492 -0.0012494542017167066 0.00070574710256055754 0
565 1 1 131328000 -17991636.108014185 134431700.07024661 1946895.7983151902 -30.898133010571925 -8.4367414634082767 -0.98292938912610328 817.21555040920862 -0.00013720825844346297 -0.00090817711126121587 0.00050225790432656598 0
566 1 1 131414400 -20657477.590415198 133676056.83716552 1861591.0932101568 -30.808989733466785 -9.0552599697311944 -0.99166350896404643 817.21333868989871 -0.00014547700084162205 -0.0008637053759063992 0.00046683589825432896 0
567 1 1 131500800 -23315051.998474665 132866910.11654937 1775545.6907904553 -30.706737676775383 -9.6752023348474676 -1.0000733749273856 817.21118354449027 -0.00015655723197916449 -0.00084450502502785322 0.00044539731492648777 0
568 1 1 131587200 -25963219.571173783 132004148.95451325 1688788.0336714061 -30.591211839603474 -10.296287381405955 -1.0081492415407771 817.20907294417464 -0.00016812428597631334 -0.00083212496562514555 0.00042739562540480928 0
569 1 1 131673600 -28600826.513835099 131087687.10208434 1601347.4065329053 -30.462252492105446 -10.918224705126372 -1.0158811997262822 817.20698845238837 -0.00018081819265784878 -0.00082837442678599499 0.00041355664907550047 0
570 1 1 131760000 -31226705.473682739 130117463.81345087 1513253.9499596907 -30.319705565921048 -11.540714200084681 -1.0232594279326763 817.20491599350737 -0.00019350959348760893 -0.00082686310972205008 0.00040045473113287078 0
571 1 1 131846400 -33839676.045428522 129093444.70522416 1424538.6418190997 -30.163423091206283 -12.163445845764222 -1.0302743085007342 817.20285083285592 -0.00020619065742296652 -0.00082730304537533906 0.00038788957931991781 0
572 1 1 131932800 -36438545.323805392 128015622.59035458 1335233.2906548153 -29.993263771240482 -12.786100125430858 -1.0369162315688172 817.20078806335232 -0.00021888889424604674 -0.0008296364515939104 0.00037578272107548894 0
573 1 1 132019200 -39022108.502091445 126884018.2973236 1245370.534155177 -29.809093492628229 -13.408348058099989 -1.043175616104105 817.19872288803924 -0.00023163603038986938 -0.00083384152579318133 0.00036407011635138071 0
574 1 1 132105600 -41589149.515256211 125698681.48517993 1154983.8359475289 -29.610785847990673 -14.029851264424403 -1.0490429267494374 817.19665069820746 -0.00024446833508533602 -0.00083992988937325787 0.00035269987655706759 0
575 1 1 132192000 -44138441.729359657 124459691.44958924 1064107.4817862017 -29.398222691487948 -14.65026213439481 -1.0545086608348884 817.19456540073384 -0.00025785341365982254 -0.00084933586656444791 0.00034218729171849537 0
576 1 1 132278400 -46668748.68198286 123167157.90510824 972776.57982646301 -29.171294765754247 -15.269224209379077 -1.0595632696250499 817.19245343285172 -0.00027315033350027942 -0.00086612384293900712 0.00033396322051946695 0
577 1 1 132364800 -49178824.872666374 121821221.74830826 881027.06136877788 -28.929902172616835 -15.886372057308005 -1.0641972973748768 817.19030030087742 -0.00028997158991804836 -0.00088851788097012597 0.00032701875401494276 0
578 1 1 132451200 -51667416.602793321 120422055.80530626 788895.67807776015 -28.673955256779504 -16.501332412488562 -1.0684010779855448 817.18806850968178 -0.00031461550539091198 -0.00093490416214715016 0.00032752396892025336 0
579 1 1 132537600 -54133262.888056859 118969865.49055922 696420.02160445601 -28.403374916821264 -17.113723605593137 -1.0721650652108832 817.18571590418469 -0.00034257025562094628 -0.00099050660678053266 0.00032931145311513292 0
580 1 1 132624000 -56575096.366121896 117464889.60883676 603638.48057041771 -28.118092801458101 -17.723154721094282 -1.0754802477858989 817.1832210221304 -0.00037424328340622943 -0.0010561887647947544 0.00033218890114044078 0
581 1 1 132710400 -58991644.268289462 115907401.08383583 510590.21532741643 -27.818052209971576 -18.329226934990068 -1.0783377810555479 817.18055864451981 -0.00041019611329622292 -0.0011330856970088185 0.00033579141297779427 0
582 1 1 132796800 -61381629.45296181 114297707.62733527 417315.13653468632 -27.50320872668846 -18.931533868511792 -1.0807291595150859 817.1776994584086 -0.00045160533806744361 -0.0012233613500985017 0.00033927549345471231 0
583 1 1 132883200 -63743771.469195195 112636152.38819988 323853.91619336692 -27.173530045586922 -19.529661538034119 -1.0826448895373126 817.17461579714347 -0.00048867368258846981 -0.0013228748060357038 0.00036176088954358867 0
584 1 1 132969600 -66076786.249596387 110923118.17008543 230247.24727748343 -26.828963136890319 -20.123100542673662 -1.0840962739028523 817.17328904546798 -0.00054378929395636796 -0.001450964252139526 0.00036966792755524665 0
585 1 1 133056000 -68379401.657726184 109158991.23694754 136543.80171492809 -26.469986999839758 -20.712666158075024 -1.0848011693405426 817.14535503006834 -0.008495074184212437 -0.021870474855954867 0.0048444279037360444 0
586 1 1 133142400 -70650387.081556171 107344089.07548921 42815.676659890822 -26.096659897932277 -21.298042571059941 -1.0847477118938056 817.08815705011989 -0.0094227762453289021 -0.024076637056132475 0.0049216544914640978 0
587 1 1 133228800 -72888478.910563648 105478856.22063145 -50886.710690981141 -25.708568706083085 -21.877661434802118 -1.0842042555675815 817.02752023825394 -0.01037542712413923 -0.026357513181863187 0.0049259752576612725 0
588 1 1 133315200 -75092404.570869237 103563805.27952196 -144520.16833944336 -25.305784142199865 -22.451165521538474 -1.0831521064475333 816.96146049138235 -0.011339514110445249 -0.028700722069729259 0.0048684081484021953 0
589 1 1 133401600 -77260896.786838666 101599483.69759759 -238040.75319299762 -24.888360384393316 -23.018111136037792 -1.0815915961506972 816.88986260273157 -0.01230696379955655 -0.031096551564054612 0.0047442750599990223 0
590 1 1 133488000 -79392693.623645961 99586477.480257437 -331404.58715741674 -24.456366956770133 -23.578049481524811 -1.0795238476308311 816.81263529454316 -0.013269388963171251 -0.033535242779037334 0.0045515921834367668 0
591 1 1 133574400 -81486539.831689566 97525411.607265562 -424567.91329227458 -24.009889165518324 -24.130527280905483 -1.0769505335063572 816.72971067813512 -0.014218590052012673 -0.036007184899174385 0.0042891078690752748 0
592 1 1 133660800 -83541188.230642602 95416950.390693367 -517487.14124762552 -23.549028569897864 -24.675087457278952 -1.0738738280980711 816.64104363564502 -0.015146614426923976 -0.038502872237303053 0.0039562909361219164 0
593 1 1 133747200 -85555401.133315817 93261797.772614852 -610118.88826182124 -23.073903432570379 -25.211269848520896 -1.0702963538969219 816.54661126055737 -0.016045822671175325 -0.041012887106960487 0.0035532808115813592 0
594 1 1 133833600 -87527951.807519779 91060697.559476435 -702420.01576620911 -22.584649148279308 -25.738611958689219 -1.0662211334713063 816.44641231286312 -0.016908951794136935 -0.043527895106451664 0.0030808328055082924 0
595 1 1 133920000 -89457625.973894536 88814433.589938 -794347.66206865723 -22.081418647102868 -26.256649746661086 -1.0616515467394829 816.34046666755171 -0.017729172684930065 -0.046038649927380958 0.0025402655859405278 0
596 1 1 134006400 -91343223.337338954 86523829.8329712 -885859.27156614303 -21.564382768305332 -26.764918451831925 -1.0565912933143538 816.22881474226767 -0.01850014116131014 -0.048536004204736853 0.001933410073811517 0
597 1 1 134092800 -93183559.149324968 84189750.413040921 -976912.62091482803 -21.033730600721707 -27.262953456137911 -1.0510443596889691 816.11151689656447 -0.019216042005339943 -0.051010924726011882 0.0012625599212814662 0
598 1 1 134179200 -94977465.798025966 81813099.559282169 -1067465.8425651556 -20.489669785533135 -27.750291181154921 -1.0450149910139857 815.98865280015048 -0.019871625328656297 -0.053454509896795739 0.00053042360329098631 0
599 1 1 134265600 -96723794.422831997 79394821.475711852 -1157477.4460470094 -19.932426777311182 -28.226470018577579 -1.0385076671851969 815.86032077042694 -0.020462235899354048 -0.055858009135408219 -0.00025992130762738107 0
600 1 1 134352000 -98421416.549473405 76935900.129678667 -1246906.3373580484 -19.362247059386295 -28.691031291993525 -1.0315270827671568 815.72663708024083 -0.020983836074202865 -0.058212843526693349 -0.0011050705024342716 0
601 1 1 134438400 -100069225.74167496 74437358.955957159 -1335711.8367086903 -18.779395310377495 -29.143520247407039 -1.0240781291644461 815.58773523545949 -0.021433011669633375 -0.06051063071899819 -0.0020013517873991079 0
602 1 1 134524800 -101666139.2631242 71900260.47372663 -1423853.6979460127 -18.184155468201848 -29.583487080354459 -1.0161659642950647 815.44376529292026 -0.021806672411247233 -0.062743273105490299 -0.0029453954596520044 0
603 1 1 134611200 -103211099.75992097 69325705.817437276 -1511292.1045288336 -17.576831285748586 -30.010487870434599 -1.0077951502107263 815.29489260285925 -0.022109029698040284 -0.064901487844378616 -0.0039222364087838496 0
604 1 1 134697600 -104703071.52923436 66714852.113385521 -1597985.4593104403 -16.957610677700707 -30.423641050526335 -0.99891720975484666 815.15100206511079 -0.022313980205889716 -0.066982422208220246 -0.0049688780221041366 0
605 1 1 134784000 -106141097.78843801 64068727.307677194 -1683913.2612007477 -16.328714716904798 -30.828747111296924 -0.99030610991582546 814.87627580901096 -0.052802130186559347 -0.16971703652904852 -0.018525825016739394 0
606 1 1 134870400 -107524405.75566885 61387882.779169172 -1769120.7143658709 -15.69047112605168 -31.225405171189998 -0.98203255594286054 814.47059413160218 -0.052276060100129793 -0.17186467757686633 -0.020762247189555421 0
607 1 1 134956800 -108852096.16230948 58673416.625415638 -1853597.3947327081 -15.04134407482791 -31.60698666769418 -0.97339390005662541 814.07004617364157 -0.051648682300500057 -0.17389169169269461 -0.023001444892663706 0
608 1 1 135043200 -110123251.78803623 55926628.565258443 -1937314.2021263475 -14.381862677477764 -31.973530975137383 -0.96444351473574286 813.66518533250223 -0.050919555882397494 -0.17579152989233437 -0.025243887610469987 0
609 1 1 135129600 -111336995.67301659 53148834.868820831 -2020244.3634610728 -13.712438866210324 -32.324645297322604 -0.95518512658378318 813.25627963186139 -0.050092553386513763 -0.17755748070335101 -0.027484769670374061 0
610 1 1 135216000 -112492487.28165118 50341385.197551467 -2102361.4320766148 -13.033503789236217 -32.65994968201209 -0.94562258068562499 812.84360762261986 -0.049171530591224505 -0.17918336497767257 -0.029719980101562446 0
611 1 1 135302400 -113588924.14295825 47505661.443106383 -2183639.3016972914 -12.345507347513079 -32.979078207514675 -0.93575991266043779 812.42745740717214 -0.048160816499429236 -0.18066345513935497 -0.031945441778463611 0
612 1 1 135388800 -114625543.44990928 44643076.464572273 -2264052.2231581402 -11.648917696772138 -33.281680150362128 -0.92560135471942628 812.00812570961443 -0.047065184903491139 -0.18199249762851016 -0.034157114465094007 0
613 1 1 135475200 -115601623.61199979 41755072.725449651 -2343574.8217368098 -10.944220663026513 -33.567421136844523 -0.91515134356463679 811.58591693963217 -0.045889822408141726 -0.18316573224443131 -0.036351005861670831 0
614 1 1 135561600 -116516485.75367035 38843120.8321077 -2422182.1151348511 -10.231919073627935 -33.835984271071951 -0.90441452748204898 811.16114225710612 -0.044640294459110559 -0.18417890970968437 -0.038523181396471658 0
615 1 1 135648000 -117369495.15129732 35908717.976032354 -2499849.5320307161 -9.512532004339441 -34.087071232807858 -0.89339577248212843 810.73411863648846 -0.043322509205413397 -0.18502830965916306 -0.040669774676483056 0
616 1 1 135734400 -118160062.60154076 32953386.282776684 -2576552.9311178229 -8.7865939435482279 -34.320403338104022 -0.88210016733800034 810.30516793278855 -0.041942680036068561 -0.18571075447968649 -0.042786995898967735 0
617 1 1 135820800 -118887645.71396431 29978671.071132977 -2652268.6205229396 -8.0546538754697021 -34.535722555734502 -0.87053302734404114 809.87461595143793 -0.040507287243010649 -0.18622362282389721 -0.044871140346209648 0
618 1 1 135907200 -119551750.12103061 26986139.026640046 -2726973.3774919994 -7.3172742847697991 -34.732792472595897 -0.85869989673174041 809.4427915222459 -0.039023037244241304 -0.18656486028739838 -0.046918596402821609 0
619 1 1 135993600 -120151930.59880994 23977376.294131417 -2800644.4682240211 -6.5750300857346318 -34.911399201236279 -0.84660654967433835 809.01002558026858 -0.037496821713454274 -0.18673298754428491 -0.0489258533625807 0
620 1 1 136080000 -120687792.0920494 20953986.494608425 -2873259.6677254899 -5.8285074799106837 -35.071352223015964 -0.83425898972041379 808.57665025381823 -0.035935676230492215 -0.18672710733909409 -0.050889507541587928 0
621 1 1 136166400 -121158990.63766523 17917588.672257431 -2944797.2794722868 -5.0783027479659637 -35.212485160949683 -0.82166344589838247 808.14299795934949 -0.034346733339567122 -0.18654690689053188 -0.052806275423598753 0
622 1 1 136252800 -121565234.17900753 14869815.178517021 -3015236.1575106918 -4.3250209213188766 -35.334656460792409 -0.80882644510009694 807.70940056984887 -0.032736829121849713 -0.18619257101687167 -0.054673470199242631 0
623 1 1 136339200 -121906283.28555338 11812309.494685471 -3084555.7045382033 -3.5692751030025218 -35.437750179597998 -0.79575394277437483 807.2761879318831 -0.03112091377951532 -0.18566701545839734 -0.05647773082104645 0
624 1 1 136425600 -122181951.21429977 8746737.5021682605 -3152729.2359336484 -2.8116698690641111 -35.521341241025787 -0.78228916324236231 806.85121734179472 -0.029469086369984045 -0.18496125534684391 -0.05826543684137174 0
625 1 1 136512000 -122392109.55241925 5674646.4791491153 -3219792.7730505583 -2.0530075080908912 -35.590051796233119 -0.77075587568836645 806.32881018056514 -0.03068432713607791 -0.25907987156106632 -0.097064992102245187 0
626 1 1 136598400 -122536698.11594263 2597202.007742797 -3285974.5141950659 -1.2938958045120916 -35.643855725393252 -0.76119288718070532 805.70844035760592 -0.028705091462912467 -0.25811244200118361 -0.099230483639430406 0
627 1 1 136684800 -122615694.07537788 -484043.37888789276 -3351316.011465637 -0.53476653608623126 -35.678057941763903 -0.75131706060375558 805.09660884254379 -0.026764596804457697 -0.25697533676089301 -0.10130453874142288 0
628 1 1 136771200 -122629123.87044254 -3567411.823874787 -3415797.9129091399 0.22373440201355727 -35.693004783644099 -0.74129581761094565 804.48604282580573 -0.024848910544888889 -0.25566450086099685 -0.10331304408906156 0
629 1 1 136857600 -122577069.01870815 -6651241.1439710492 -3479407.9073171914 0.9809767824862371 -35.68873512644452 -0.7311349392160873 803.87706904043364 -0.022969214328697408 -0.25418543873093119 -0.10524906225926568 0
630 1 1 136944000 -122459665.43974735 -9733873.703459451 -3542134.1689533945 1.7363318682079014 -35.665315328595561 -0.72083998915053227 803.27000761125919 -0.021132339447427421 -0.25254268659904983 -0.10711115629706806 0
631 1 1 137030400 -122277103.24092089 -12813658.779663797 -3603965.3625741364 2.4891743034676286 -35.622839036142793 -0.7104167508601017 802.66517100822921 -0.019344976853437237 -0.25074131674385203 -0.10889786349347001 0
632 1 1 137116800 -122029626.35977171 -15888954.914072877 -3664890.6602020748 3.2388836315538896 -35.561427012293265 -0.69987118114920344 802.06286335186155 -0.017613507112234607 -0.24878685869498285 -0.11060787898281445 0
633 1 1 137203200 -121717532.07443802 -18958132.243602168 -3724899.7555919434 3.9848458269274545 -35.481226849687559 -0.68920939814382898 801.46337972133472 -0.01594397119670285 -0.24668527230008849 -0.11224006075953837 0
634 1 1 137289600 -121341170.38257807 -22019574.80241229 -3783982.8775853175 4.7264548052712234 -35.3824125768394 -0.67843766763645685 800.8670054928026 -0.014342045616221114 -0.24444291972373197 -0.11379343175515251 0
635 1 1 137376000 -120900943.25107665 -25071682.785210703 -3842130.8022480393 5.4631139031792069 -35.265184160481716 -0.66756238858417771 800.27401571105281 -0.012813019337634856 -0.24206653429916469 -0.11526718153270933 0
636 1 1 137462400 -120397303.73952736 -28112874.76315774 -3899334.8637250885 6.1942373188971169 -35.129766906670199 -0.65659007796189583 799.68467449557443 -0.011361774512030624 -0.23956318934364818 -0.11666066849633602 0
637 1 1 137548800 -119830755.00121748 -31141589.843785297 -3955586.9637651769 6.9192515058327153 -34.976410764332137 -0.64552735512928938 799.09923448167638 -0.009992769225784277 -0.236940264807074 -0.11797342116220423 0
638 1 1 137635200 -119201849.16603702 -34156289.766681559 -4010879.5798791028 7.6375965110083914 -34.805389535619639 -0.63438092587946082 798.51793629880115 -0.008710023476068007 -0.23420541307062215 -0.11920513993403692 0
639 1 1 137721600 -118511186.11039498 -37155460.927107178 -4065205.7721119472 8.3487272509757151 -34.616999998216961 -0.62315756630928698 797.94100808675455 -0.0075171091921909187 -0.23136652422118834 -0.12035569745394363 0
640 1 1 137808000 -117759412.11984652 -40137616.32018213 -4118559.1884184857 9.0521147183741881 -34.411560945409633 -0.61186410665997393 797.36866505039302 -0.0064171419229170062 -0.22843169103145683 -0.1214251395772482 0
641 1 1 137894400 -116947218.45069151 -43101297.398801267 -4170934.0686585712 9.7472471129932661 -34.18941215006987 -0.60050741556419684 796.80110905474544 -0.0054127768196932788 -0.22540917244729419 -0.12241368545703782 0
642 1 1 137980800 -116075339.79740554 -46045075.839160062 -4222325.2469661962 10.433630889241368 -33.95091326399627 -0.58909437682318744 796.23852825731478 -0.0045062247343120743 -0.22230739016830336 -0.12332167168700425 0
643 1 1 138067200 -115144552.6721898 -48967555.206400596 -4272728.1556191863 11.110791749303971 -33.696442594506635 -0.57763197052756776 795.68109684690501 -0.0036989498856437207 -0.21913433072397775 -0.12415054207701552 0
644 1 1 138153600 -114155674.11902438 -51867407.573493578 -4322159.4167648358 11.778265117135179 -33.427265685375339 -0.56663767740325088 795.10853173958697 -0.0029949592442248207 -0.21590411436122522 -0.12489201733771364 0
645 1 1 138240000 -113109555.67990676 -54743014.127242327 -4370445.083757122 12.435761705371089 -33.131612038666034 -0.54896719513295444 794.80721068798084 -0.00015158445463042845 -0.020587387075463995 -0.012679692344361221 0
646 1 1 138326400 -112007074.15067738 -57591791.571821265 -4416820.1938846 13.082850686056128 -32.809968768632245 -0.52453108476424049 794.77693107464631 -8.3780612463446374e-05 -0.018466225522790428 -0.011706635387084077 0
647 1 1 138412800 -110849154.54379401 -60412203.837530322 -4461098.7251248825 13.718991880361749 -32.475028015350894 -0.5004027054951754 794.73137692443663 -5.1941896826738269e-05 -0.016352903051263672 -0.010603987007565565 0
648 1 1 138499200 -109636757.21432675 -63203081.352309503 -4503284.4384510117 14.34385401403355 -32.126370118413732 -0.47608888771606811 794.69111408969843 -2.6389915576981551e-05 -0.014197529245494795 -0.0094609327822407809 0
649 1 1 138585600 -108370870.61896306 -65963258.846752636 -4543361.9445366757 14.95711800711979 -31.764457409545813 -0.45160346065294543 794.65625498716827 -1.591761964948111e-05 -0.012035146595730701 -0.0082386838314553075 0
650 1 1 138672000 -107052509.79656905 -68691611.432157725 -4581316.8955772454 15.5584878716825 -31.389761578844887 -0.42695761026869594 794.62689167071574 -1.5786019936264903e-05 -0.0098761432646265416 -0.0069451285697873649 0
651 1 1 138758400 -105682714.32230635 -71387055.228297234 -4617135.9180375319 16.1476915988891 -31.002760118811793 -0.4021627212156581 794.60310208884982 -2.144444461262397e-05 -0.0077411235132254959 -0.0055927098177392899 0
652 1 1 138844800 -104262546.24497165 -74048548.229935378 -4650806.9141192501 16.724480943252932 -30.603948707620944 -0.37723993582555682 794.58461130581861 -2.8256125201120672e-05 -0.0058665637780436434 -0.0043537767745984854 0
653 1 1 138931200 -102793088.04697976 -76675092.484895557 -4682320.4249639791 17.28863105970936 -30.193850110981916 -0.35222872599745647 794.57052242130089 -3.3807232763980931e-05 -0.0044305880623704968 -0.0033759645459526845 0
654 1 1 139017600 -101275440.64785957 -79265735.798222035 -4711670.8581453962 17.839939903532041 -29.772996724804901 -0.32717642021339466 794.55970629412582 -3.7940690494108593e-05 -0.0034043193483088855 -0.0026615576324652392 0
655 1 1 139104000 -99710721.459907129 -81819571.683649287 -4738856.5639271904 18.378227657223373 -29.341912561488236 -0.3021257433624111 794.55122463070416 -4.1124358841612466e-05 -0.0026772532679668641 -0.0021462339225138752 0
656 1 1 139190400 -98100062.489644736 -84335738.399629548 -4763879.2617551843 18.903336224188294 -28.901109667846502 -0.27711219317653418 794.54440080453833 -4.3933422246260161e-05 -0.0021634678093617275 -0.0017772898404002197 0
657 1 1 139276800 -96444608.48291868 -86813417.984825447 -4786743.4697987214 19.415128725683267 -28.451089457431657 -0.25216509762602046 794.53876774061257 -4.6569991233961096e-05 -0.0017884690502678448 -0.0015047994963159421 0
658 1 1 139363200 -94745515.113982379 -89251835.36589843 -4807455.9995533088 19.913488975231061 -27.992343578403865 -0.22730848582646496 794.53402690706457 -4.8992340097086094e-05 -0.0015021374728035589 -0.0012938633388355901 0
659 1 1 139449600 -93003947.223455459 -91650257.607721135 -4826025.5890559759 20.398320864135989 -27.525356234574986 -0.20256336093856794 794.52996779496277 -5.1530683845536285e-05 -0.0012856349064603503 -0.0011331319732746784 0
660 1 1 139536000 -91221077.111423463 -94007993.3215442 -4842462.7049531881 20.869547727742749 -27.050604699649874 -0.17794861183473926 794.52643432296293 -5.4062830672788237e-05 -0.0011152600521462993 -0.0010053699610260123 0
661 1 1 139622400 -89398082.885140374 -96324392.032933503 -4856779.3545955718 21.327111685937044 -26.568558930926859 -0.15348122716759829 794.52331536207225 -5.6756542862241145e-05 -0.00098160791573253473 -0.00090463636930068465 0
662 1 1 139708800 -87536146.866655752 -98598843.563857421 -4868988.9576357994 21.770972940372495 -26.079681611922283 -0.12917687141287407 794.52052491628137 -5.9557706895214103e-05 -0.00087407219219769996 -0.00082311287414569808 0
663 1 1 139795200 -85636454.060281217 -100830777.36850449 -4879106.2228066502 22.201109082010838 -25.584427385923615 -0.10504972716499805 794.51800543353147 -6.224235369340523e-05 -0.00078335952936605681 -0.00075340644438063101 0
664 1 1 139881600 -83700190.681001797 -103019661.81970561 -4887147.0241998546 22.617514369215925 -25.08324249485009 -0.081112662703689262 794.51572157415353 -6.4750650189657839e-05 -0.00070546210515630035 -0.00069257092783823744 0
665 1 1 139968000 -81728542.752879366 -105165003.53300068 -4893128.3593984321 23.020198781955287 -24.576566406197081 -0.057379363409700887 794.51359813991473 -6.9947038761809883e-05 -0.00066520322995583536 -0.00066623775616918702 0
666 1 1 140054400 -79722694.78721872 -107266346.78295773 -4897068.4456539145 23.40918729766604 -24.064830518647163 -0.033863607408914455 794.51154173252405 -7.7175252235036113e-05 -0.00064565392436599926 -0.00065934329000215657 0
667 1 1 140140800 -77683828.505730718 -109323272.63759464 -4898986.5809571734 23.784519398863917 -23.548455078264276 -0.010576624372986055 794.50951651432024 -8.5044005955133963e-05 -0.00063025052810397999 -0.00065582473679578449 0
668 1 1 140227200 -75613121.620387256 -111335398.01078378 -4898902.9521959322 24.146248272265797 -23.027849805835242 0.012471981293898947 794.50751641280442 -9.3336573482546975e-05 -0.00061657759963180286 -0.00065335167221187746 0
669 1 1 140313600 -73511746.687365204 -113302374.79331896 -4896838.5500850985 24.494439942071409 -22.503414654828646 0.035273125764282924 794.50553355561863 -0.00010238518078903128 -0.00060646298077820376 -0.00065396550724553405 0
670 1 1 140400000 -71380870.030725196 -115223888.9983753 -4892815.1270554457 24.829172535274139 -21.975539403872684 0.057818357730719118 794.50356166299935 -0.0001117821456980906 -0.00059690132016245096 -0.00065453163815339241 0
671 1 1 140486400 -69221650.727014408 -117099659.85917954 -4886855.1299734674 25.150535560688539 -21.444603275836883 0.080099992717957674 794.50160009298634 -0.00012150691470746892 -0.00058781668873113735 -0.00065497446731702753 0
672 1 1 140572800 -67035239.655289285 -118929438.91975957 -4878981.6468743077 25.458629143402572 -20.910974961360846 0.10211086185935367 794.49964717676482 -0.00013162842690063223 -0.00057961069030345637 -0.00065574524369735061 0
673 1 1 140659200 -64822778.611139856 -120713009.11781198 -4869218.3630667226 25.753563306909594 -20.375012440947483 0.12384431818114013 794.49770079600148 -0.00014210904809498296 -0.00057209038604121769 -0.0006566391042354447 0
674 1 1 140745600 -62585399.481570154 -122450183.85155796 -4857589.5139752086 26.035457277880759 -19.837062819845457 0.14529427524596739 794.49575985044078 -0.00015286292596357155 -0.00056491658554283985 -0.00065727113447899474 0
675 1 1 140832000 -60324223.479700603 -124140806.03678031 -4844119.8377117952 26.304438795563353 -19.297462267229115 0.16645517196341175 794.49382371488241 -0.00016388656469041874 -0.00055815410320387692 -0.00065771080248899934 0
676 1 1 140918400 -58040360.438591443 -125784747.16109486 -4828834.531795009 26.560643438494278 -18.756535993039435 0.18732193413424902 794.49189162878702 -0.00017515641399346092 -0.00055178873143404104 -0.00065793613553402738 0
677 1 1 141004800 -55734908.162028939 -127381906.33602414 -4811759.2113277279 26.804213977201488 -18.21459823020453 0.20788996745192856 794.48996295514007 -0.00018664055056957007 -0.00054577965071037765 -0.00065789383640670811 0
678 1 1 141091200 -53408951.830426224 -128932209.3492853 -4792919.8682448128 27.035299745790269 -17.671952257031585 0.22815513961490713 794.4880371529382 -0.00019831588035896193 -0.00054012194768735444 -0.0006575746928589503 0
679 1 1 141177600 -51063563.460118674 -130435607.72042102 -4772342.8322983952 27.254056034965764 -17.128890450090424 0.24811376006836014 794.48611369156185 -0.00021016112285612674 -0.00053481851296122802 -0.00065697962717852301 0
680 1 1 141264000 -48699801.414101429 -131892077.76204818 -4750054.7336709481 27.460643508171344 -16.585694361522041 0.26776256195191472 794.48419202690047 -0.00022215723068577716 -0.0005298782634128496 -0.00065611783595550242 0
681 1 1 141350400 -46318709.962199144 -133301619.64879481 -4726082.4670936121 27.655227641432162 -16.04263481886187 0.28709868586833598 794.48227162774788 -0.00023427893198231826 -0.00052529145211320603 -0.0006549772776203301 0
682 1 1 141436800 -43921318.888607524 -134664256.49579293 -4700453.1573320897 27.837978186628035 -15.499972047112594 0.30611966321345724 794.48035198971149 -0.00024650541094214582 -0.00052105959133904429 -0.00065356088384238044 0
683 1 1 141523200 -41508643.144811176 -135980033.44867334 -4673194.1262124097 28.009068658154021 -14.957955811753568 0.32482339818470385 794.47843261101275 -0.00025881583924119278 -0.00051718363000756776 -0.00065187206092430093 0
684 1 1 141609600 -39081682.545806743 -137249016.78664896 -4644332.8611386986 28.168675843729712 -14.416825578630512 0.34320815095855484 794.47651299571692 -0.00027118985212367947 -0.00051366381974739164 -0.00064991468804701815 0
685 1 1 141696000 -36641421.50756561 -138471293.04011223 -4613896.9850606788 28.316979338952539 -13.876810689717805 0.36127252095114382 794.47459265368457 -0.00028360786996060026 -0.00051050045472566684 -0.00064769387754694437 0
686 1 1 141782400 -34188828.823689006 -139646968.12403449 -4581914.2278789049 28.454161105492314 -13.338130552815658 0.37901543031368629 794.472671100252 -0.00029605087875692775 -0.00050769303692590258 -0.00064521514161833705 0
687 1 1 141868800 -31724857.479219556 -140776166.48828593 -4548412.3992559342 28.580405052749903 -12.800994843228196 0.39643610793177458 794.47074786203791 -0.00030849949894176171 -0.00050523815477698136 -0.00064248187199800329 0
688 1 1 141955200 -29250444.499600254 -141859030.28584713 -4513419.3627969213 28.695896642487757 -12.265603716106181 0.41353407359307071 794.46882247834424 -0.00032093587728947073 -0.0005031337427996638 -0.00063950006215742058 0
689 1 1 142041600 -26766510.832817446 -142895718.55977654 -4476963.0115942322 28.800822516028724 -11.732148027860768 0.43030912240059327 794.4668944994786 -0.00033334241935971767 -0.00050137648758573111 -0.00063627517112101271 0
690 1 1 142128000 -24273961.262791295 -143886406.44963357 -4439071.2450929368 28.895370143618816 -11.200809564959261 0.44676130970818195 794.46496348908875 -0.00034570232129970074 -0.0004999626064776763 -0.00063281307265642263 0
691 1 1 142214400 -21773684.352127645 -144831284.41794726 -4399771.9472449273 28.97972749531117 -10.671761278932692 0.46289093637793405 794.46302902430523 -0.00035799958757094368 -0.00049888795710856357 -0.00062912006267945358 0
692 1 1 142300800 -19266552.412395611 -145730557.49721131 -4359092.9659185279 29.054082732814614 -10.145167526258072 0.4786985344672039 794.46109069615318 -0.00037021897232894838 -0.00049814788522629168 -0.00062520261738439268 0
693 1 1 142387200 -16753421.500146545 -146584444.55777055 -4317062.0935256071 29.118623921665247 -9.6211843119387552 0.49418485335775703 794.4591481102251 -0.00038234599054162276 -0.00049773724066969603 -0.00062106735850113047 0
694 1 1 142473600 -14235131.436947534 -147393177.59687421 -4273707.0488274265 29.173538763053312 -9.0999595356991456 0.50935084634303851 794.45720088771259 -0.00039436695888743381 -0.00049765042735727487 -0.00061672098931605753 0
695 1 1 142560000 -11712505.851765096 -148157001.04908288 -4229055.4598862389 29.21901434446594 -8.5816332399898254 0.52419765745292801 794.45524866006906 -0.00040627123962292777 -0.00049788441409610157 -0.00061217382125187741 0
696 1 1 142646400 -9186352.2441093922 -148876171.11815169 -4183134.8481492419 29.255236908407223 -8.0663378589047952 0.53872660849599918 794.45329105657424 -0.00041805085514941558 -0.00049843797077530011 -0.00060743885565930412 0
697 1 1 142732800 -6657462.0663753254 -149550955.13038909 -4135972.6135939062 29.282391639392284 -7.5541984659774633 0.55293918777415529 794.45132772727447 -0.00042968922310545346 -0.00049929713576366897 -0.00060251411695751514 0
698 1 1 142819200 -4126610.8238459467 -150181630.9093779 -4087596.0208115093 29.30066246748482 -7.0453330214281866 0.5668370388629661 794.44935835448041 -0.00044117591414816139 -0.00050045469161333496 -0.00059740621205702318 0
699 1 1 142905600 -1594558.1910130156 -150768486.17205146 -4038032.1861071736 29.310231887318459 -6.5398526186211274 0.58042194891994359 794.44738263737656 -0.00045250102891057278 -0.0005019031930141878 -0.00059212178951378977 0
700 1 1 142992000 937951.857147287 -151311817.94595423 -3987308.0655640429 29.311280792526922 -6.0378617281539482 0.59369583773976886 794.44540028381834 -0.00046366255305521945 -0.00050364273939840774 -0.00058667594643504561 0
701 1 1 143078400 3470190.9001292707 -151811932.00758603 -3935450.4441592894 29.303988321980839 -5.5394584422885531 0.6066607437112016 794.44341089182683 -0.00047469707493291382 -0.0005057149828923607 -0.00058113201703461378 0
702 1 1 143164800 6001445.9143331749 -152269142.34154797 -3882485.9258628301 29.288531726436066 -5.0447347087872769 0.61931881882127715 794.44141409625922 -0.00048556932074439652 -0.00050807760398083053 -0.00057545408974425606 0
703 1 1 143251200 8531019.1040868592 -152683770.62021229 -3828440.9246682376 29.265086227536322 -4.5537765829916381 0.63167229962176186 794.43940892817864 -0.00049657490775466143 -0.00051103704008694613 -0.0005699974033262984 0
704 1 1 143337600 11058227.72117262 -153056145.70486644 -3773341.6579650799 29.23382491608821 -4.0666644477724061 0.64372351036970776 794.43739418998973 -0.00050752111400775759 -0.00051437941541395684 -0.00056452573158182254 0
705 1 1 143424000 13582403.877853556 -153386603.16380417 -3717214.1375230318 29.194918675778155 -3.5834732150420829 0.6554748819502183 794.435369335215 -0.00051834123511528463 -0.00051802908497487906 -0.0005589650264314302 0
706 1 1 143510400 16102894.351938242 -153675484.80963475 -3660084.1611301382 29.148536088429108 -3.1042725546529044 0.66692893441537504 794.43333419392707 -0.00052904480832167164 -0.0005219896704616706 -0.00055332656452569456 0
707 1 1 143596800 18619060.380803637 -153923138.25936201 -3601977.309002874 29.094843239494136 -2.6291272255836913 0.67808814927581296 794.43128486390924 -0.00054135202658655613 -0.00052794199962656239 -0.00054936959219551785 0
708 1 1 143683200 21130277.441810284 -154129916.52005419 -3542918.9481356908 29.034003712508099 -2.1580972235718963 0.68895503318365781 794.42921601817784 -0.0005543547577018319 -0.00053494697991770233 -0.00054604632075852283 0
709 1 1 143769600 23635935.040306523 -154296177.57948813 -3482934.2231637831 28.966178603706297 -1.6912379135323907 0.69953219168725533 794.42712356777497 -0.00056892637382991655 -0.00054381363259353916 -0.0005441232970636407 0
710 1 1 143856000 26135436.480493419 -154422284.02637219 -3422048.0598396538 28.891526163409743 -1.2286005267364974 0.70982202705924036 794.42499412536347 -0.00058941514733850656 -0.00055862989744222573 -0.00054751909702479673 0
711 1 1 143942400 28628198.598754816 -154508602.71929389 -3360285.1992138508 28.810201322709016 -0.77023275537711067 0.71982636843674142 794.42279101520273 -0.00062304969984783678 -0.00058606883968561404 -0.00056229013425330402 0
712 1 1 144028800 31113651.491728153 -154555504.47323543 -3297670.2303668461 28.722356366730313 -0.31617826571483959 0.72954715453917529 794.42047848915342 -0.00066269164275304293 -0.00061923068769616815 -0.00058118747958158293 0
713 1 1 144115200 33591238.330485754 -154563363.67848802 -3234227.5414460618 28.62814159044402 0.13352375199787295 0.73898702690479523 794.41804413767647 -0.00070449823101171628 -0.00065449815859844448 -0.0006005475386913399 0
714 1 1 144201600 36060415.166874684 -154532557.9419055 -3169981.2802233854 28.527704790435106 0.57883793336119771 0.74814884102420864 794.41548202047682 -0.00074850199475979 -0.00069193075825408571 -0.00062030792488609681 0
715 1 1 144288000 38520650.70462165 -154463467.77556491 -3104955.3472054247 28.421191036951932 1.01973236494877 0.75703546542160005 794.41278551325877 -0.00079473309568811623 -0.00073158949053594709 -0.00064040625939689377 0
716 1 1 144374400 40971426.064808115 -154356476.30453053 -3039173.3934658379 28.308742698741298 1.4561784480246165 0.76564980573807961 794.40994840375708 -0.00084320766274577537 -0.00077352632567905411 -0.00066076798655207586 0
717 1 1 144460800 43412234.545800209 -154211968.99344432 -2972658.8225977262 28.190499223926871 1.8881505386951041 0.77399463498604815 794.40695808430553 -0.00089732534696793922 -0.00082089898409413943 -0.00068390442259672957 0
718 1 1 144547200 45842581.365600646 -154030333.40288496 -2905434.8060587142 28.066597152436742 2.315625802616784 0.78207261019098784 794.40379603452311 -0.00095677738010218098 -0.00087344960847439109 -0.00070929615586915059 0
719 1 1 144633600 48261983.427302323 -153811958.93803132 -2837524.2802558644 27.937170465259531 2.7385843787496378 0.78988653666057296 794.40044870198028 -0.0010195502179411117 -0.00092937783893229711 -0.0007352287038412612 0
720 1 1 144720000 50669969.099768467 -153557236.59692341 -2768949.9333097511 27.802350555120544 3.1570091960580804 0.79743932488654667 794.39690614705694 -0.0010857155707377276 -0.00098880551051607835 -0.00076162357503227875 0
721 1 1 144806400 53066077.987131633 -153266558.74235642 -2699734.2019081283 27.662266107017064 3.5708857105190526 0.80473388376038613 794.39315782145616 -0.0011554092929850182 -0.0010519184201348052 -0.00078844708060696995 0
722 1 1 144892800 55449860.69540666 -152940318.88958049 -2629899.2716309377 27.517043106065362 3.9802017611262919 0.81177311256759721 794.3891922944141 -0.0012291179349716791 -0.0011192280254139146 -0.00081589301835789674 0
723 1 1 144979200 57820878.597935773 -152578911.50802487 -2559467.079262631 27.366804791441165 4.384947379256408 0.81855985653570495 794.38499525191958 -0.0013086802486864495 -0.0011924737305567385 -0.00084498944258674057 0
724 1 1 145065600 60178703.577591598 -152182731.8566505 -2488459.3308331822 27.211671056726058 4.7851141037853964 0.82509652141381074 794.38053085637625 -0.0014034698623039399 -0.0012802080529999971 -0.0008813628650822914 0
725 1 1 145152000 62522917.742429502 -151752175.85657847 -2416897.5362364915 27.051759108380999 5.1806953977451027 0.83138549681272567 794.37576060665447 -0.0015007128835063772 -0.0013717230505384222 -0.00091659116499661622 0
726 1 3 145162580.25916564 62809027.126488253 -151697108.10151729 -2408097.2739241053 27.031854174622609 5.2288217181807122 0.83213880482441993 794.37515777712451 0 0 0 75
727 1 1 145238400 64853113.378951594 -151287639.77063236 -2344802.8995170863 26.88718834897146 5.5716907240967144 0.83743204458504783 794.37078573936867 -0.0015360038916221082 -0.0014118134530182889 -0.00091252340577278521 0
728 1 1 145324800 67168893.128713712 -150789519.70033869 -2272196.086357777 26.718077097910715 5.9581026460624118 0.84324215019324933 794.36574952266722 -0.0015496997348504855 -0.0014345150559179766 -0.00089516131265202493 0
729 1 1 145411200 69469869.557164818 -150258211.61154169 -2199097.3660598882 26.544537103965119 6.3399320147861546 0.84881924252067742 794.36067625070939 -0.0015651129205211895 -0.0014594186704154806 -0.00087852259102446262 0
730 1 1 145497600 71755664.710917324 -149694111.38213739 -2125526.7521840669 26.366676568403964 6.7171803970760049 0.85416609564583312 794.35555939801213 -0.0015800631013210072 -0.0014846184786593177 -0.00086132601693761216 0
731 1 1 145584000 74025909.891323581 -149097614.67841709 -2051504.0123604571 26.184601478097697 7.0898510663697181 0.85928559975915042 794.35039930636685 -0.0015945119275616961 -0.0015100998611236698 -0.0008435543881862074 0
732 1 1 145670400 76280245.452124864 -148469116.82255721 -1977048.6657998112 25.99841539860844 7.4579487002846614 0.86418061499562027 794.34519608490427 -0.0016084381953713634 -0.0015358339924421305 -0.00082520415008412629 0
733 1 1 145756800 78518320.592225015 -147809012.67479631 -1902179.9857370264 25.808219519721614 7.8214792993991589 0.86885397485894977 794.33994988403219 -0.0016218225991189155 -0.0015617943533229857 -0.00080627297437437049 0
734 1 1 145843200 80739793.152048409 -147117696.52291587 -1826917.0017933594 25.614112693197402 8.1804501003050696 0.8733084848119973 794.33466088920727 -0.0016346480285553738 -0.0015879559371086852 -0.00078676017826497012 0
735 1 1 145929600 82944329.413191542 -146395561.97906446 -1751278.5024590848 25.416191471256969 8.534869492505317 0.87754692091087805 794.32932931473397 -0.0016468996016247757 -0.0016142949933721994 -0.00076666661721561818 0
736 1 1 146016000 85131603.901431024 -145643001.88360709 -1675283.0376885794 25.214550145759841 8.8847469389036782 0.88157202856824224 794.32395539788001 -0.0016585646137564096 -0.0016407890744027298 -0.00074599452487272616 0
737 1 1 146102400 87301299.193141654 -144860408.21569297 -1598948.9215968342 25.00928078795582 9.2300928997524228 0.88538652144116692 794.31853939326857 -0.0016696324310904308 -0.0016674170156571629 -0.00072474733548185462 0
738 1 1 146188800 89453105.725170091 -144048172.01024953 -1522294.2352469154 24.800473288696022 9.5709187599392802 0.88899308043677117 794.31308156755756 -0.0016800944349688336 -0.0016941589504459258 -0.00070292953111577097 0
739 1 1 146275200 91586721.608198732 -143206683.28111845 -1445336.8295184877 24.588215398999957 9.9072367594968949 0.89239435282920876 794.30758219446466 -0.0016899438755047624 -0.0017209962512945373 -0.00068054647449385206 0
740 1 1 146361600 93701852.44362627 -142336330.95006153 -1368094.3280480767 24.372592770878988 10.239059927214033 0.89559295148044937 794.30204155003742 -0.0016991758474712406 -0.0017479115968304006 -0.00065760428943897387 0
741 1 1 146448000 95798211.143983155 -141437502.78137174 -1290584.1302324343 24.153688998324903 10.566402017231916 0.89859145415839814 794.29645990810877 -0.0017077871695860434 -0.0017748889330276209 -0.00063410971252327714 0
742 1 1 146534400 97875517.756892964 -140510585.32183784 -1212823.4142867345 23.931585658387732 10.889277448520858 0.90139240294839751 794.29083753612247 -0.0017157762632779286 -0.0018019134237587408 -0.0006100699588766984 0
743 1 1 146620800 99933499.292583838 -139555963.84581837 -1134829.1403498249 23.706362352264648 11.207701247123611 0.90399830375152612 794.28517469122482 -0.0017231430750506615 -0.0018289714625106496 -0.00058549260256728921 0
744 1 1 146707200 101971889.55494784 -138574022.30518866 -1056618.0536293052 23.478096746329591 11.521688991055207 0.9064116258631929 794.2794716165381 -0.0017298889808702791 -0.0018560506679661658 -0.00056038547382696003 0
745 1 1 146793600 103990428.97614083 -137565143.28393921 -978206.68757971562 23.246864613043453 11.831256757758096 0.90863480162796917 794.27372853768372 -0.0017360166664545144 -0.0018831398343584845 -0.00053475653492101195 0
746 1 1 146880000 105988864.45470969 -136529707.9572058 -899611.36710730533 23.012739871696549 12.136421074021211 0.91067022616864535 794.26794565983425 -0.0017415299251980734 -0.0019102287952033022 -0.00050861375453527616 0
747 1 1 146966400 107966949.19722979 -135468096.05452505 -820848.21179549152 22.775794628900545 12.437198868229208 0.91252025717467355 794.26212316429735 -0.0017464339888044298 -0.0019373088676649891 -0.00048196514264477229 0
748 1 1 147052800 109924442.56342912 -134380685.82711738 -741933.13914597186 22.536099218818503 12.733607424884752 0.91418721475674025 794.25626120571746 -0.0017507347994754814 -0.0019643721355579579 -0.00045481847109102449 0
749 1 1 147139200 111861109.91477638 -133267854.01900391 -662881.86782941059 22.293722243095058 13.025664341314984 0.91567338136388265 794.25035991000027 -0.0017544392849818621 -0.0019914118248613162 -0.00042718131164440852 0
750 1 1 147225600 113776722.46650301 -132129975.84177487 -583709.92094136099 22.048730610410487 13.313387486429665 0.91698100174716757 794.24441937176266 -0.0017575552117283168 -0.0020184222141113998 -0.00039906094679941862 0
751 1 1 147312000 115671057.14302601 -130967424.95283385 -504432.62925903883 21.801189575654181 13.596794961476423 0.91811228297564607 794.23843965220749 -0.0017600910498413766 -0.0020453985418812872 -0.00037046428489490485 0
752 1 1 147398400 117543896.43673781 -129780573.43695077 -425065.13449469284 21.551162778680826 13.875905062699694 0.91906939449778513 794.23242077718237 -0.0017620559143218446 -0.0020723370220438117 -0.00034139782218668393 0
753 1 1 147484800 119395028.27012567 -128569791.79096118 -345622.39254184789 21.298712282622756 14.150736245821694 0.9198544682453933 794.22636273540797 -0.0017634594396384283 -0.0020992347502879131 -0.00031186756332130991 0
754 1 1 147571200 121224245.86118138 -127335448.9114586 -266119.17671077175 21.043898611737688 14.421307092271169 0.92046959877803647 794.22026547697226 -0.0017643116972131426 -0.0021260896489199784 -0.00028187897652288377 0
755 1 1 147657600 123031347.59205996 -126077912.08533233 -186570.08094993909 20.786780788768692 14.687636277078143 0.92091684346204572 794.21412891194996 -0.0017646231188364939 -0.002152900450979572 -0.00025143696626583098 0
756 1 1 147744000 124816136.88094462 -124797546.98300946 -106989.52305061153 20.527416371801571 14.949742538363807 0.92119822268241314 794.20795290921762 -0.0017644043876610591 -0.0021796666069058015 -0.00022054582079553947 0
757 1 1 147830400 126578422.0570742 -123494717.65426651 -27391.747831739474 20.265861490604056 15.207644648355085 0.92131572008563056 794.20173729544399 -0.0017636663838346172 -0.0022063882595572885 -0.00018920918182350354 0
758 1 1 147916800 128318016.2388871 -122169786.52648255 52209.169697294863 20.0021708824329 15.461361385852701 0.92127128284924553 794.19548185418876 -0.0017624201048928791 -0.0022330661900585341 -0.00015743002527644165 0
759 1 1 148003200 130034737.21523575 -120823114.40521029 131799.32119829362 19.736397927301446 15.710911510090243 0.92106682197596756 794.18918632517955 -0.0017606765866714138 -0.0022597017485887303 -0.00012521063629729657 0
760 1 1 148089600 131728407.32962474 -119455060.47694789 211364.96189225873 19.468594682695656 15.956313735916225 0.92070421261012669 794.18285040364037 -0.0017584468812098862 -0.0022862968563960901 -9.2552595665967348e-05 0
761 1 1 148176000 133398853.36742398 -118065982.31400023 290892.50747563632 19.198811917740287 16.197586710247855 0.92018529437453123 794.17647373991349 -0.0017557418668912833 -0.0023128537880993641 -5.94567590448406e-05 0
762 1 1 148262400 135045906.44601101 -116656235.88132136 370368.53106647177 18.927099146812008 16.434748989739212 0.91951187172530313 794.1700559394061 -0.0017525722237142407 -0.0023393751601683511 -2.5923257210218482e-05 0
763 1 1 148348800 136669401.90779161 -115226175.54523656 449779.76018188224 18.653504662582858 16.66781901958997 0.91868571432175028 794.16359656239399 -0.0017489484622400394 -0.0023658639804188058 8.0485020235159027e-06 0
764 1 1 148435200 138269179.21605235 -113776154.08394811 529113.07374809217 18.378075568498737 16.89681511344919 0.91770855741001511 794.15709512390163 -0.001744880818069886 -0.0023923235055023709 4.2459834836853179e-05 0
765 1 1 148521600 139845081.85359412 -112306522.69973105 608355.49914414797 18.10085781070341 17.121755434374855 0.91658210221870628 794.15055109397349 -0.0017403791645151322 -0.002418757145278133 7.7312773772994308e-05 0
766 1 1 148608000 141396957.22409901 -110817631.03273255 687494.20928032487 17.821896209361181 17.342657976731829 0.91530801636657189 794.14396389666172 -0.0017354535273245775 -0.0024451691802585447 0.00011261008167350079 0
767 1 1 148694400 142924656.5561811 -109309827.17629151 766516.51971201727 17.541234489513986 17.559540549168513 0.91388793427337756 794.13733291238975 -0.0017301121071342735 -0.0024715619778226485 0.00014835513246040823 0
768 1 1 148780800 144428034.81008077 -107783457.69368708 845409.88578934222 17.258915311330863 17.77242075842258 0.9123234575802559 794.13065747861901 -0.0017243639716342718 -0.0024979397518728992 0.00018455203500236279 0
769 1 1 148867200 145906950.58694276 -106238867.63625844 924161.89984368044 16.974980299740356 17.981315993890831 0.91061615557991227 794.12393688831196 -0.0017182172938294482 -0.0025243060901008522 0.00022120553367668995 0
770 1 1 148953600 147361266.04063544 -104676400.56281397 1002760.2884112856 16.689470073608877 18.186243413141639 0.90876756564581074 794.11717039167229 -0.0017116797064349811 -0.0025506644323550149 0.0002583209835821016 0
771 1 1 149040000 148790846.79206753 -103096398.56026116 1081192.9094941502 16.402424274347911 18.387219928158295 0.90677919366535109 794.1103571968988 -0.0017047582933334838 -0.0025770180249214442 0.00029590433309258974 0
772 1 1 149126400 150195561.845952 -101499202.26539272 1159447.7498584136 16.113881593988985 18.584262192318889 0.90465251447531858 794.10349647104829 -0.0016974595715011861 -0.0026033698698670216 0.00033396208934687721 0
773 1 1 149212800 151575283.50997388 -99885150.887767106 1237512.9223704045 15.823879802733261 18.777386588075327 0.90238897229727599 794.09658734100617 -0.0016897894657130065 -0.0026297226463174749 0.00037250127562052788 0
774 1 1 149299200 152929887.31631553 -98254582.233625084 1315376.663370261 15.532455775984939 18.966609215296952 0.89998998117200169 794.08962889458462 -0.0016817532861203471 -0.0026560786463041856 0.00041152939244615126 0
775 1 1 149385600 154259251.94549572 -96607832.730785474 1393027.3300830317 15.239645520874943 19.151945880240579 0.89745692539256361 794.08262018165919 -0.0016733557356875628 -0.0026824397579805924 0.00045105437902407232 0
776 1 1 149472000 155563259.15247849 -94945237.454468071 1470453.3980671137 14.945484202285336 19.333412085117736 0.89479115993543556 794.07556021541222 -0.0016646008742996266 -0.0027088073504456483 0.00049108457296124413 0
777 1 1 149558400 156841793.69500965 -93267130.153993577 1547643.4586997812 14.650006168385028 19.511023018230979 0.8919940108872747 794.06844797374686 -0.0016554921214021168 -0.002735182222450879 0.00053162864473334801 0
778 1 1 149644800 158094743.26413828 -91573843.280312106 1624586.216699403 14.35324497568072 19.684793544637834 0.88906677586831706 794.061282400609 -0.0016460323082625413 -0.0027615646511252217 0.00057269557665214272 0
779 1 1 149731200 159321998.41688254 -89865708.014316425 1701270.4876840587 14.055233413600623 19.854738197326576 0.8860107244500498 794.05406240751904 -0.0016362235777058231 -0.0027879541594725064 0.00061429456916219311 0
780 1 1 149817600 160523452.5109995 -88143054.2958965 1777685.1957659035 13.756003528621211 20.020871168875804 0.88282709856613939 794.04678687529258 -0.0016260674459858272 -0.0028143495763802793 0.00065643501151430592 0
781 1 1 149904000 161699001.64182028 -86406210.853694871 1853819.3711808657 13.455586647940208 20.183206303560368 0.8795171129190219 794.03945465567222 -0.0016155648253346892 -0.0028407489860176349 0.00069912643005467438 0
782 1 1 149990400 162848544.58111084 -84655505.235525817 1929662.147953212 13.154013402707781 20.341757089880446 0.87608195538019207 794.03206457291571 -0.0016047160718416697 -0.0028671497578244927 0.00074237843303918299 0
783 1 1 150076800 163971982.71792188 -82891263.83942236 2005202.761594313 12.851313750837152 20.49653665350554 0.87252278738069267 794.02461542571768 -0.0015935208567223859 -0.0028935482560034607 0.00078620060708114385 0
784 1 1 150163200 165069220.00139177 -81113811.945275024 2080430.5468346574 12.547516999404136 20.647557750609302 0.86884074429110636 794.01710598942793 -0.0015819782522018399 -0.0029199399052562782 0.00083060246002546482 0
785 1 1 150249600 166140162.88546857 -79323473.747029424 2155334.9353876635 12.242651826666821 20.794832761611492 0.86503693577735974 794.0095350194722 -0.001570086841078437 -0.0029463193434962637 0.00087559342872959287 0
786 1 1 150336000 167184720.27549803 -77520572.385445669 2229905.4537551529 11.936746303098417 20.938373684126674 0.86111244649962904 794.00190122800609 -0.0015578523939093853 -0.0029726949689022706 0.00092118734407968777 0
787 1 1 150422400 168202803.47664681 -75705429.981387421 2304131.7210726938 11.629827913579613 21.078192129160517 0.85706833590335085 793.99420333004468 -0.0015452575323427701 -0.0029990311537646222 0.00096738457410267356 0
788 1 1 150508800 169194326.1442495 -73878367.669384435 2378003.446923051 11.321923578287267 21.214299315847239 0.8529056385257856 793.98644004798155 -0.0015323063213412379 -0.0030253327062144983 0.0010141977259135408 0
789 1 1 150595200 170159204.23583949 -72039705.63183713 2451510.4292369019 11.013059672203536 21.346706064522206 0.84862536489651141 793.97861007003212 -0.0015189952751506449 -0.0030515899623770257 0.0010616349864226275 0
790 1 1 150681600 171097355.96494484 -70189763.133628756 2524642.5522165359 10.703262045776665 21.47542279289296 0.844228501568283 793.97071207591159 -0.0015053204366702582 -0.0030777920718768636 0.0011097040426371327 0
791 1 1 150768000 172008701.75662541 -68328858.557113588 2597389.7842787378 10.39255604469756 21.600459511421036 0.83971601144946706 793.96274473798599 -0.0014912774649398748 -0.0031039270406098846 0.0011584120302471368 0
792 1 1 150854400 172893164.20470604 -66457309.437491536 2669742.1760250647 10.080966529386272 21.721825818998322 0.83508883410599832 793.95470672396141 -0.001476861617371557 -0.0031299816285798106 0.0012077654099081499 0
793 1 1 150940800 173750668.03067943 -64575432.498546533 2741689.8582376107 9.7685178941705537 21.839530898844401 0.83034788605050591 793.94659669972702 -0.0014620678115497107 -0.0031559413671320645 0.0012577699100949572 0
794 1 1 151027200 174581140.0442538 -62683543.688730501 2813223.0398993888 9.4552340861644595 21.953583514606279 0.82549406102244238 793.93841333221826 -0.0014468906663644063 -0.0031817905247590312 0.0013084304583627468 0
795 1 1 151113600 175384509.10551888 -60781958.217575788 2884332.0062383222 9.1411386238628829 22.063992006654455 0.82052823025367971 793.9301552925001 -0.0014313245133078627 -0.0032075120221773971 0.001359751043320552 0
796 1 1 151200000 176160706.08870623 -58870990.592419848 2955007.1167935771 8.8262546154624193 22.170764288556391 0.81545124272165492 793.92182125893112 -0.0014153634620736122 -0.0032330874959652224 0.0014117346739803704 0
797 1 1 151286400 176909663.84752208 -56950954.655427359 3025238.8035033308 8.5106047769202604 22.27390784371693 0.81026392539074177 793.91340992043445 -0.0013990014210208911 -0.0032584971920492996 0.0014643832522521687 0
798 1 1 151372800 177631317.18202853 -55022163.620895624 3095017.5688126395 8.1942114497617737 22.373429722175924 0.80496708343713874 793.9049199799299 -0.0013822321552180729 -0.0032837200021370943 0.0015176975051767936 0
799 1 1 151459200 178325602.80705452 -53084930.112829983 3164333.9838024089 7.8770966186965632 22.469336537564118 0.79956150052575825 793.89635015793715 -0.0013650488497658709 -0.0033087332608921238 0.0015716775093937915 0
800 1 1 151545600 178992459.3221218 -51139566.202775516 3233178.6863425453 7.5592819289710311 22.561634464190313 0.79404793898302284 793.88769919664651 -0.0013474482780021968 -0.0033335140543745566 0.0016263166848708125 0
801 1 1 151632000 179631827.1826331 -49186383.447975643 3301542.3789609037 7.2407886973611184 22.650329232054794 0.78842713190855729 793.87896585274223 -0.0013294698277694676 -0.0033580531706795748 0.0016815529613213218 0
802 1 1 151718400 180243648.68886852 -47225692.888562925 3369415.8063405058 6.9216383551122025 22.735427153573298 0.78269930536842858 793.87017342392073 -0.0013104010043002204 -0.0033820691053277892 0.0017383324475117681 0
803 1 1 151804800 180827867.64029425 -45257805.963540874 3436790.2376141828 6.6018422370900032 22.816907528738401 0.77687911001920895 793.86070200204904 -0.0013742488246779388 -0.0036289620417048049 0.0019154362897190035 0
804 1 1 151891200 181384430.70851803 -43283030.682242326 3503655.3063976155 6.2814782025271789 22.894932496615795 0.77087993652964804 793.85437838552332 -0.000441186285387221 -0.0011418272450592368 0.00058401489020909014 0
805 1 1 151977600 181913298.40002161 -41301640.274133191 3569980.8742416166 5.9607448723407028 22.970027348232684 0.76439418722092412 793.84454116172731 -0.00029610730688165961 -0.0008039543100853303 0.00043716116739527411 0
806 1 1 152064000 182414366.96331456 -39314099.877486572 3635850.3244239129 5.6372868079871079 23.035253337101334 0.76153310318841372 793.69987760745244 -0.036706922382449582 -0.10762123577791674 0.063921017346094219 0
807 1 1 152150400 182887343.06510255 -37321438.22105851 3701683.6985471961 5.3111695296742152 23.090613894154039 0.76237271701643183 793.40052212282592 -0.035830276398371927 -0.1074133248567808 0.065129669648578345 0
808 1 1 152236800 183332130.95517328 -35324124.841808632 3767577.8378331726 4.9847726673348296 23.142896712083882 0.76296103328333054 793.11233233767564 -0.035017124547118486 -0.10740622872381647 0.066476841227330677 0
809 1 1 152323200 183748699.30522245 -33322448.491047055 3833524.4771338324 4.6579426972768809 23.191609721133684 0.76358769244669678 792.82313229603972 -0.034199281648984482 -0.10737489212312698 0.0678140503266704 0
810 1 1 152409600 184137011.54553404 -31316717.287597418 3899526.8322866079 4.3306992546875076 23.236760020642535 0.76425050342345169 792.53296729378144 -0.033376000615821112 -0.10731884166403914 0.069142148188553604 0
811 1 1 152496000 184497032.7770122 -29307238.802961271 3965587.961004768 4.0030613765132728 23.278353238693647 0.76494792484815 792.24185767793074 -0.03254774445441172 -0.10723806365309797 0.070460546118163714 0
812 1 1 152582400 184828729.73032051 -27294320.143337041 4031710.7830432784 3.6750477559495431 23.316394517247591 0.76567830626024813 791.94982438509248 -0.031714916220172397 -0.1071325310726331 0.071768722361843354 0
813 1 1 152668800 185132070.73734877 -25278267.991815832 4097898.0712875188 3.3466767679769687 23.350888507102752 0.76643989827100545 791.65688895110929 -0.030877916464998465 -0.10700222504719994 0.073066153553692711 0
814 1 1 152755200 185407025.70442471 -23259388.651180707 4164152.443171584 3.0179664856951387 23.381839359509438 0.76723085176824179 791.36307352799622 -0.030037143997397531 -0.10684713515310387 0.074352313676884399 0
815 1 1 152841600 185653566.08694693 -21237988.087424204 4230476.3520382298 2.6889346968859824 23.409250717924547 0.76804921736170451 791.06840090015316 -0.029192995800695707 -0.10666725966468968 0.075626674149047918 0
816 1 1 152928000 185871664.86544988 -19214371.973976005 4296872.0784512674 2.3595989206180699 23.433125709819215 0.76889294483873316 790.77289449990531 -0.02834586682531055 -0.10646260554871283 0.076888704030980623 0
817 1 1 153014400 186061296.52310678 -17188845.736635152 4363341.7214603294 2.0299764239025468 23.453466938569441 0.76975988259577233 790.47657842336207 -0.02749614986940048 -0.10623318809817218 0.078137869659478568 0
818 1 1 153100800 186222437.02467278 -15161714.599199696 4429887.1898150472 1.700084238392082 23.470276475408305 0.77064777704582954 790.17947744628168 -0.026644235667358115 -0.10597903112982672 0.079373634851620245 0
819 1 1 153187200 186355063.79687378 -13133283.629790595 4496510.1931281369 1.3699391771556781 23.483555851405896 0.77155427202524662 789.88161703934986 -0.025790512472361062 -0.10570016703076879 0.080595460904847635 0
820 1 1 153273600 186459155.71024859 -11103857.787867121 4563212.2329871478 1.0395578515365098 23.493306049479195 0.77247690820231796 789.5830233829563 -0.024935366231953991 -0.10539663681594105 0.08180280682327995 0
821 1 1 153360000 186534693.0624502 -9073741.9719313625 4629994.5940134218 0.70895668806743373 23.499527496437643 0.77341312243045235 789.28372338221482 -0.024079180514221414 -0.10506848981739339 0.08299512872459737 0
822 1 1 153446400 186581657.56297815 -7043241.0679456573 4696858.3348234333 0.37815194469941155 23.502220054413716 0.77436024615413512 788.98374468067038 -0.023222333021731725 -0.1047157816440412 0.084171884327729665 0
823 1 1 153532800 186600032.32067701 -5012659.9974202495 4763804.2804399747 0.047159764293836601 23.501383041565681 0.77531554723999407 788.68311570711217 -0.022364977775630152 -0.10433840360355752 0.085332788095646289 0
824 1 1 153619200 186589801.82146609 -2982303.775159853 4830833.0015564598 -0.28400422001916803 23.49701489667952 0.77627574961251555 788.38186537305421 -0.021512309653620724 -0.103940249450276 0.086471668554014877 0
825 1 1 153705600 186550952.88220039 -952469.2332977918 4897936.2339165546 -0.61529955785217727 23.489320801429024 0.77702603422327066 788.08595082230079 -0.020641980999566496 -0.10350315772912246 0.087614315793839048 0
826 1 1 153792000 186483464.84513766 1076469.3838285911 4965185.1911976086 -0.94704374530022073 23.47540791172031 0.78054254612127016 787.71221761546917 -0.024979205470833956 -0.14822735568142031 0.13531711530094417 0
827 1 1 153878400 186387291.41454917 3103899.7710697977 5032896.7886615917 -1.2792057705469748 23.455276463400537 0.78684863173147535 787.26031731422188 -0.023841911858327319 -0.14762551375209695 0.1368130240782367 0
828 1 1 153964800 186262416.82034731 5129447.788056381 5101145.2692686431 -1.6114218290533768 23.431820176851176 0.79298344670171639 786.81344189463607 -0.02271714718674725 -0.14700177705131093 0.13827335115173928 0
829 1 1 154051200 186108835.87163424 7152816.4868117999 5169925.322743278 -1.9437021387004492 23.404828786012121 0.79915280857858773 786.36569031402337 -0.021593433674306287 -0.14634624335872934 0.13971096702594638 0
830 1 1 154137600 185926543.68226346 9173700.2946434859 5239239.7353145219 -2.276031361566484 23.374298910359428 0.80535204815725636 785.91710825156633 -0.020473375415117401 -0.14566101647341537 0.14112285023305324 0
831 1 1 154224000 185715536.67806727 11191793.310063133 5309090.8733358532 -2.608394415647926 23.340226357716343 0.81157616809181021 785.46774227356912 -0.019357320755724956 -0.14494628599037188 0.14250852373522088 0
832 1 1 154310400 185475812.58607233 13206789.24117323 5379480.6667460902 -2.9407762614895878 23.302606279541788 0.81782006105737537 785.01763970758884 -0.018245682740494273 -0.14420231187455876 0.14386742973984409 0
833 1 1 154396800 185207370.43095586 15218381.347897589 5450410.598710618 -3.2731618969931113 23.261433148179897 0.82407849225508989 784.56684866350611 -0.017138867047184311 -0.14342936210214083 0.14519901100755508 0
834 1 1 154483200 184910210.53270015 17226262.382878292 5521881.6945813717 -3.6055363369500295 23.216700746971672 0.83034609878997767 784.1154180415657 -0.016037270909926106 -0.14262771088243814 0.14650271166083592 0
835 1 1 154569600 184584334.50601754 19230124.531509228 5593894.5107878521 -3.9378845925260042 23.168402160138847 0.83661738870954916 783.6633975409186 -0.014941283230638709 -0.14179763874637874 0.14777797735840428 0
836 1 1 154656000 184229745.26156148 21229659.351093512 5666449.1236438788 -4.2701916504048212 23.116529762629593 0.84288674000616703 783.21083766783318 -0.013851284421384225 -0.14093943220927516 0.14902425503023176 0
837 1 1 154742400 183846447.00895673 23224557.709122695 5739545.1180662131 -4.6024424515573399 23.061075209932344 0.84914839958173327 782.75778974376419 -0.012767646370515157 -0.14005338379990304 0.15024099296495297 0
838 1 1 154828800 183434445.26167986 25214509.720674369 5813181.5762027279 -4.9346218696142152 23.002029427868589 0.85539648218558118 782.30430591331231 -0.011690732300573834 -0.13913979150972827 0.15142764070884954 0
839 1 1 154915200 182993746.84382668 27199204.684927315 5887357.0659675207 -5.2667146888304934 22.939382602359515 0.86162496932608978 781.85043915200333 -0.01062089690146438 -0.13819895885983347 0.15258364916854947 0
840 1 1 155001600 182524359.89880189 29178331.020790663 5962069.6294809934 -5.5987055816144329 22.873124169161013 0.86782770815457755 781.39624327385889 -0.0095584861364493307 -0.13723119440424922 0.15370847046088468 0
841 1 1 155088000 182026293.89996946 31151576.201645508 6037316.7714112336 -5.9305790855938483 22.803242803574896 0.87399841029455527 780.94177293928453 -0.0085038373389945861 -0.13623681168264493 0.15480155764630699 0
842 1 1 155174400 181499559.66330552 33118626.689195804 6113095.4472134793 -6.2623195802178824 22.729726410123025 0.88013065066994656 780.48708366229084 -0.0074572790339229832 -0.135216128951755 0.15586236532649664 0
843 1 1 155260800 180944169.36218554 35079167.866480134 6189402.0513146184 -6.593911260495422 22.652562113529491 0.88621786745114917 780.03223181920703 -0.0064191262126026627 -0.13416946968255428 0.15689034860514933 0
844 1 1 155347200 180360136.5430291 37032883.969089016 6266232.4044217421 -6.9253381532644038 22.571736219605786 0.89225333623983083 779.57727463454376 -0.0053901268016009396 -0.1330974610970912 0.15788470967991397 0
845 1 1 155433600 179747475.63981166 38979444.967380188 6343597.3580252463 -7.25659646120394 22.48691062346407 0.89861763539885542 779.11224047342398 -0.0043678750074319615 -0.13199841391955236 0.15884666450003965 0
846 1 1 155520000 179106207.29646295 40918640.907668583 6421362.1579720955 -7.5874917457488733 22.402606991399477 0.89987984789972608 778.77761417860324 -0.00063869089709783994 -0.060813126654050989 0.075942399487306578 0
847 1 1 155606400 178436367.40800732 42850632.826758109 6498944.3981907126 -7.9180329580511204 22.318776502120603 0.89601294766328543 778.57314895684976 -7.2487937103142994e-05 -0.060290190555931933 0.076600436604076699 0
848 1 1 155692800 177737975.91586205 44775203.177547365 6576205.5624099374 -8.2484046085202625 22.230829862866194 0.89242085980428398 778.35825287371028 0.00047928183857261458 -0.059755757388950184 0.077225002034490897 0
849 1 1 155779200 177011048.92721617 46692010.527917907 6653151.3609760804 -8.5785736009853313 22.139074217187197 0.88871205341136483 778.14302007452125 0.0010302642279135903 -0.059197027958725321 0.077825984915484009 0
850 1 1 155865600 176255604.79872099 48600724.934806123 6729771.5066107158 -8.9085203230539776 22.043489807436643 0.88488175769284649 777.92750342800946 0.0015766380294524895 -0.058617524390859772 0.078400016470493258 0
851 1 1 155952000 175471663.58717278 50501014.699815258 6806055.2828749418 -9.2382249524256377 21.944055828445244 0.88092486635927192 777.7117571013315 0.0021182164090198714 -0.058017321753635699 0.078946507137210825 0
852 1 1 156038400 174659247.08475178 52392546.293431029 6881991.5273059877 -9.5676671402192905 21.840750692727553 0.87683615758389399 777.4958364206235 0.0026546371571995503 -0.057396680672211833 0.079464732447677405 0
853 1 1 156124800 173818378.86437571 54274984.285754189 6957568.620365506 -9.8968260096465102 21.733551996061902 0.87261027274151415 777.27979788983873 0.0031855377954111926 -0.056755878311786127 0.079953968569007106 0
854 1 1 156211200 172949084.3266218 56147991.275623582 7032774.4736429565 -10.225680125513922 21.622436510325628 0.86824171694494379 777.06369919014969 0.0037105587768165916 -0.056095204880629738 0.080413494801161903 0
855 1 1 156297600 172051390.74929437 58011227.8191 7107596.5180864539 -10.554207463488336 21.507380175839042 0.86372485914349895 776.84759917957217 0.0042293434187028389 -0.055414963860425957 0.08084259387626333 0
856 1 1 156384000 171125327.33968541 59864352.357291654 7182021.6922433404 -10.882385378492618 21.38835809379583 0.85905393224269833 776.63155789216 0.0047415377979436613 -0.054715471967681936 0.081240551857850923 0
857 1 1 156470400 170170925.28960583 61707021.143531285 7256036.4305124916 -11.210190572168377 21.26534451882393 0.85422303326760263 776.41563653672233 0.0052467908617661032 -0.053997059261221503 0.081606658570236093 0
858 1 1 156556800 169188217.833269 63538888.169917308 7329626.6514133597 -11.537599059365027 21.138312851712218 0.84922612357794847 776.19989749513309 0.0057447543504366835 -0.053260068906861475 0.081940207612772542 0
859 1 1 156643200 168177240.30811346 65359605.093234643 7402777.7458761288 -11.864586133632145 21.007235632320498 0.84405702915750447 775.98440431984932 0.0062350826703890579 -0.052504857390620371 0.082240497089367134 0
860 1 1 156729600 167138030.21865121 67168821.1602709 7475474.5655606221 -12.191126331663797 20.872084532687541 0.83870944097349354 775.7692217306319 0.006717432966473526 -0.051731794451774123 0.082506829490086184 0
861 1 1 156816000 166070627.30343571 68966183.13254796 7547701.4112074403 -12.517193396649539 20.732830350386042 0.83317691536898364 775.55441561136251 0.0071914649864477506 -0.050941263089513709 0.082738511819641258 0
862 1 1 156902400 164975073.60524794 70751335.210497603 7619442.0210305722 -12.842760240413499 20.589443002303277 0.82745287464249162 775.34005300584352 0.0076568400819825482 -0.050133660844909327 0.082934855886581046 0
863 1 1 156988800 163851413.54440463 72523918.956789821 7690679.5590010667 -13.16779890983257 20.441891509896891 0.82153060324102722 775.1262021078245 0.0081131897519772928 -0.049309450885621706 0.083095152238132297 0
864 1 1 157075200 162699693.99468315 74283573.241235197 7761396.5724752238 -13.492280547113644 20.290144572655041 0.81540250267760217 774.91295069149214 0.0085608690304378506 -0.048467942518193627 0.083219289080033718 0
865 1 1 157161600 161519966.1026856 76029925.435992867 7831590.5065526031 -13.816132074413355 20.133951012107183 0.80944956122652267 774.69153539451077 0.0090092824357510624 -0.047718648723965251 0.083475032946913691 0
866 1 1 157248000 160312267.83098921 77762678.82625711 7901117.9238028256 -14.139916636566493 19.976242532694037 0.79838568918122677 774.5821591408727 0.00028184160505938472 -0.0013416134195813124 0.0024069095523003708 0
867 1 1 157334400 159076590.14997077 79481776.6728715 7969399.4749265425 -14.463626765104488 19.816938066775982 0.78219543255518065 774.57788771823914 0.00031905482475826742 -0.0014195268441279051 0.0026018706009587381 0
868 1 1 157420800 157812973.52862552 81186907.567774445 8036293.2054323219 -14.786645096039582 19.652924879463633 0.76626410564627778 774.56914486807341 0.0005142038271528168 -0.002344121727888475 0.0042911255240578325 0
869 1 1 157507200 156521477.5932788 82877671.994555503 8101805.7650004718 -15.108979066653939 19.484395790281869 0.75018629906970813 774.55843955538649 0.00050899154979239919 -0.0021718256512715493 0.0040632342949648674 0
870 1 1 157593600 155202162.37531111 84553681.883827463 8165917.7859721258 -15.430603269925625 19.311375866296967 0.73384774586941837 774.54834680230454 0.00052106886958496932 -0.0020937103603537103 0.0040000509103003297 0
871 1 1 157680000 153855090.95228478 86214546.93287918 8228607.6497419979 -15.751477321867158 19.133814028589011 0.71726562461169863 774.53843872455229 0.00053141659325272152 -0.0020158620203138697 0.0039331077702372472 0
872 1 1 157766400 152480329.83779562 87859872.970333874 8289854.1942422772 -16.071561614105971 18.951669607111832 0.70043726559831487 774.52873937322761 0.00054041414756221431 -0.0019380177539128269 0.0038627797940987861 0
873 1 1 157852800 151077949.03364965 89489262.256175101 8349636.0637571402 -16.390815014320115 18.764900685279091 0.68336079984758491 774.5192545227136 0.00054804010215974786 -0.0018603750704937843 0.0037892327748031778 0
874 1 1 157939200 149648022.15834975 91102313.392754808 8407931.7413065024 -16.709194925241643 18.573464513972553 0.66603436391083481 774.50998950292058 0.00055430181449547095 -0.0017830909801540937 0.0037126440029864654 0
875 1 1 158025600 148190626.57623833 92698621.253334686 8464719.5492683928 -17.026657225452993 18.377317521928152 0.64845610285268396 774.50094921463801 0.00055921052985700439 -0.0017063109791239026 0.0036331861868119223 0
876 1 1 158112000 146705843.5316489 94277776.911360025 8519977.6501559298 -17.343156212048285 18.176415323001031 0.63062417118246139 774.49213815262385 0.00056277902433742564 -0.001630170745581006 0.0035510248736829952 0
877 1 1 158198400 145193758.28808856 95839367.570410371 8573684.047471486 -17.658644541509638 17.970712724632385 0.61253673373064066 774.48356043179808 0.00056502125777488745 -0.0015547958047644381 0.0034663171030189966 0
878 1 1 158284800 143654460.27260384 97382976.494944096 8625816.5866186246 -17.973073168808938 17.76016373775774 0.59419196609134561 774.47521982478872 0.00056595191761938854 -0.0014803017474750214 0.0033792106210484636 0
879 1 1 158371200 142088043.22552782 98908182.941860795 8676352.9560712464 -18.286391283425029 17.544721585037511 0.57558806203544866 774.46711964964834 0.00056560201153732829 -0.001406834319769312 0.0032899358301684578 0
880 1 1 158457600 140494605.3557981 100414562.09294149 8725270.6889432464 -18.59854624564576 17.324338716217564 0.55672322786230299 774.45926294436561 0.00056396928349576223 -0.0013344451088346644 0.0031985178848541007 0
881 1 1 158544000 138874249.50177863 101901684.98888634 8772547.1635895111 -18.909483520910189 17.09896682478939 0.53759567696258492 774.45165263809179 0.00056106652084260433 -0.001263220242485654 0.0031050665796192737 0
882 1 1 158630400 137227083.29800013 103369118.46445604 8818159.6046606544 -19.219146609731094 16.868556860193785 0.5182036383889892 774.44429141950559 0.00055690771016725924 -0.0011932432097059395 0.0030096931044124526 0
883 1 1 158716800 135553219.34798372 104816425.08490673 8862085.0845391583 -19.527476976634976 16.633059044868244 0.49854535865554078 774.4371817562004 0.00055150631107108664 -0.0011245914277075572 0.0029125011804356686 0
884 1 1 158803200 133852775.40330015 106243163.0839854 8904300.5249273442 -19.834413976887188 16.392422893294071 0.47861910363225052 774.43032591556766 0.00054487584056977015 -0.0010573361485521206 0.0028135884756065343 0
885 1 1 158889600 132125874.54942319 107648886.3029903 8944782.700444499 -20.139894771912633 16.146597216401069 0.45842320614890675 774.42372501126556 0.00053702613774733894 -0.00099155007404747443 0.0027130463167110565 0
886 1 1 158976000 130372645.39391248 109033144.13919471 8983508.2214127108 -20.443854401251478 15.895530406800006 0.43795533317694618 774.41739471019287 0.00052597681956130591 -0.00092381473187539505 0.0026011858921743025 0
887 1 1 159062400 128593222.25870958 110395481.50089642 9020453.5038063414 -20.746225410618031 15.639169945949401 0.41721392992417566 774.41133446623837 0.00051605160257968722 -0.00086185074991450034 0.0024993946087239084 0
888 1 1 159148800 126787745.40912567 111735438.71257858 9055594.8853998408 -21.046937793198321 15.377462484933622 0.39619809262913958 774.40553034289849 0.00050490355369693608 -0.00080142100822339806 0.0023959784248777484 0
889 1 1 159235200 124956361.25781882 113052551.48052321 9088908.5821168516 -21.345919194253675 15.110354388585858 0.37490614227934993 774.39998554756949 0.00049254930337102871 -0.00074259994152790277 0.002291056438696191 0
890 1 1 159321600 123099222.58096541 114346350.85208514 9120370.6689169314 -21.643094650885473 14.83779145367401 0.353336491566899 774.39470197736068 0.00047900488005287123 -0.00068546511526721679 0.0021847504900095386 0
891 1 1 159408000 121216488.74722157 115616363.16870579 9149957.0865294561 -21.938386502930438 14.559718951001956 0.33148763979622181 774.3896804291702 0.00046451522800760112 -0.00063039852351990538 0.0020781991284768817 0
892 1 1 159494400 119308325.95710745 116862110.01916064 9177643.6594224703 -22.231714234399629 14.276081582517676 0.3093584636735261 774.38491457486657 0.00045012247914631259 -0.00057873888949313407 0.0019759532940343818 0
893 1 1 159580800 117374907.49491352 118083108.19147587 9203406.1325754859 -22.522994386064081 13.986823551399146 0.28694816765381659 774.38039214351443 0.00043600593364116812 -0.0005304922482969915 0.0018785147969543449 0
894 1 1 159667200 115416413.98531589 119278869.63521449 9227220.1905825604 -22.812140472704701 13.691888648211709 0.26425619867417177 774.37609685781467 0.00042291273932193538 -0.00048628826787177639 0.0017887409411112597 0
895 1 1 159753600 113433033.65869239 120448901.42868872 9249061.4767660201 -23.09906293239322 13.391220364086434 0.24128203728850772 774.37201292978955 0.00041016404205623038 -0.00044504207076440067 0.0017034137775332708 0
896 1 1 159840000 111424962.61694933 121592705.76053599 9268905.5777200013 -23.383669091074868 13.084762019313668 0.21802492481417221 774.36813088477254 0.00039744010166664748 -0.00040622746748698884 0.0016209991784924774 0
897 1 1 159926400 109392405.10854506 122709779.91499554 9286728.0104002394 -23.66586302637619 12.772456773470298 0.19448401513472482 774.36444445602001 0.00038448657253871356 -0.0003694750808418545 0.0015403369892015408 0
898 1 1 160012800 107335573.81453715 123799616.25968876 9302504.2182284836 -23.945545437031978 12.454247660499387 0.17065847962759809 774.36094849701578 0.00037138028537772415 -0.00033478346821608879 0.0014616443014577435 0
899 1 1 160099200 105254690.14631137 124861702.23659377 9316209.5771583971 -24.222613515824793 12.130077640117532 0.14654758180495711 774.3576375463723 0.0003581473715647872 -0.00030209832053010993 0.0013849323434270225 0
900 1 1 160185600 103149984.55317655 125895520.35904427 9327819.4031406939 -24.496960838934204 11.799889675948119 0.12215067335135699 774.35450604963899 0.00034485524180679451 -0.00027139868918503077 0.0013103702944613795 0
901 1 1 160272000 101021696.8400801 126900548.21531688 9337308.9610306732 -24.768477243528231 11.463626811457019 0.097467226341060892 774.35154783373378 0.00033165182428947183 -0.00024271369409723664 0.0012384162194467936 0
902 1 1 160358400 98870076.496418208 127876258.47883308 9344653.4777226709 -25.037048692041761 11.121232246511914 0.072496903373040336 774.34875480320056 0.00031885781249875222 -0.00021616526727645448 0.0011701306935701539 0
903 1 1 160444800 96695383.035545781 128822118.92610851 9349828.1571388841 -25.302557176479773 10.772649450965691 0.047239471439076031 774.34611889526946 0.00030624057026818917 -0.0001914695551807326 0.0011045200332494406 0
904 1 1 160531200 94497886.341657877 129737592.46539724 9352808.1842686329 -25.564880612916859 10.417822276763756 0.021694747608178532 774.34363337785624 0.00029384716097840841 -0.00016855846597878284 0.0010416425175165871 0
905 1 1 160617600 92277867.027885512 130622137.17372325 9353568.7321433276 -25.823892711055851 10.056695057421768 -0.0041373665619703652 774.34129230812471 0.00028167625675698494 -0.00014733678458615004 0.00098138681445338852 0
906 1 1 160704000 90035616.80865252 131475206.34168884 9352084.9815041646 -26.079462721365349 9.6892126613224239 -0.030256440994328053 774.3390815091642 0.00027206221864132781 -0.0001288202774523732 0.00093164464150776436 0
907 1 1 160790400 87771438.904260397 132296248.51941524 9348332.2127905935 -26.331454985450311 9.315320496812161 -0.056660450414440518 774.33695664008212 0.00026966655871285355 -0.0001145608295367069 0.00090756428994883136 0
908 1 1 160876800 85485648.463166028 133084707.57454085 9342285.9160817191 -26.579729187477437 8.9349648654217564 -0.083347123003850623 774.33487135734072 0.00027075660883960447 -0.00010208188829401946 0.00089546948401890078 0
909 1 1 160963200 83178572.941574901 133840022.78790863 9333921.7166437246 -26.824140701157724 8.548093293665298 -0.11031552023120521 774.33281027859505 0.00027247230648134817 -8.9928620868516101e-05 0.00088549757449687266 0
910 1 1 161049600 80850552.491372123 134561628.95909458 9323215.2964629028 -27.064540195048554 8.1546545224706328 -0.13756508207516926 774.33076939403588 0.00027478305223670266 -7.7989440121044767e-05 0.00087741472605800601 0
911 1 1 161136000 78501940.382503644 135248956.51363263 9310142.3960811999 -27.300773316430043 7.7545985867292622 -0.16509500153239531 774.3287433219383 0.00027784559401934872 -6.621703390862117e-05 0.00087159487853563557 0
912 1 1 161222400 76133103.440943584 135901431.6226154 9294678.831253482 -27.532680616033758 7.347877002628044 -0.19290439565704684 774.32672912254463 0.00028092757993146281 -5.435870289349817e-05 0.00086569025223492415 0
913 1 1 161308800 73744422.492995262 136518476.33878851 9276800.4945569225 -27.760097424530365 6.9344429486017773 -0.22099232082503054 774.32472688989083 0.00028404097394547673 -4.2402333026989542e-05 0.00085971838898472256 0
914 1 1 161395200 71336292.825525299 137099508.747509 9256483.3718699366 -27.982853647889176 6.5142514411521217 -0.24935754200246027 774.3227352329634 0.0002874979616237355 -3.0377137338244781e-05 0.0008545655776578295 0
915 1 1 161481600 68909124.660102889 137643943.13449419 9233703.5671160743 -28.200773659884632 6.0872595466742787 -0.27799859615780081 774.32075289951069 0.00029096265089136118 -1.8208201659060926e-05 0.0008492282414042018 0
916 1 1 161568000 66463343.635105312 138151190.17256901 9208437.3179161344 -28.413676186671964 5.6534266033717593 -0.30691382677300616 774.31877981276762 0.00029447899309057281 -5.887550966770703e-06 0.00084381929699225088 0
917 1 1 161654400 63999391.300636262 138620657.12766808 9180661.0168231446 -28.621374155237341 5.2127144499151949 -0.33610130609623912 774.31681578067992 0.00029800415339720909 6.5960815802399652e-06 0.00083821921564726889 0
918 1 1 161740800 61517725.624820411 139051748.08546743 9150351.2345712148 -28.823674569990537 4.7650876728627676 -0.3655588327940531 774.31486079529475 0.00030152514584593079 1.9251058071220463e-05 0.00083239292981214139 0
919 1 1 161827200 59018821.511117861 139443864.19999048 9117484.7448685914 -29.020378383912266 4.3105138682046071 -0.39528390603667285 774.31291485230895 0.00030504435858565691 3.2084639233460238e-05 0.00082634430715090206 0
920 1 1 161913600 56503171.326527186 139796403.96548179 9082038.5511998143 -29.211280375372201 3.8489639185163051 -0.42527370444298251 774.31097788852412 0.00030856838681142014 4.5104783361071723e-05 0.00082008824357936985 0
921 1 1 162000000 53971285.440158635 140108763.51291355 9043989.9152775798 -29.396169031677182 3.3804122860275005 -0.45552506957593164 774.3090498334966 0.00031208366911869144 5.831764873980852e-05 0.00081359235958738268 0
922 1 1 162086400 51423692.771617502 140380336.93252245 9003316.3868981507 -29.574826437505443 2.9048373223162551 -0.48603448735156729 774.30713063407734 0.00031558756457363924 7.1730480975105995e-05 0.00080685205997831956 0
923 1 1 162172800 48860941.348851845 140610516.62385094 8959995.8356608879 -29.747028168394586 2.4222215953306026 -0.51679806550610607 774.30522021214881 0.00031907713344081685 8.5350272471263367e-05 0.00079986252072872265 0
924 1 1 162259200 46283598.874844126 140798693.67480606 8914006.4845580328 -29.912543192493946 1.9325522341670187 -0.54781151226516023 774.30331846580771 0.00032254890602503259 9.9184077299468873e-05 0.00079261872045948735 0
925 1 1 162345600 43692253.302430868 140944258.27129844 8865326.9454500917 -30.071133780859395 1.4358212922929605 -0.57907011403395325 774.30142526772397 0.00032599886189399051 0.00011323892931777287 0.00078511545455753405 0
926 1 1 162432000 41087513.416457705 141046600.13908121 8813936.2565055769 -30.222555427580193 0.93202612974788224 -0.6105687122346426 774.29954046342948 0.0003294223696812832 0.00012752173465917335 0.00077734736050801543 0
927 1 1 162518400 38470009.422362112 141105109.019449 8759813.9216788635 -30.366556781093362 0.42116981486244182 -0.64230167929103632 774.29766386960034 0.00033281414723901987 0.00014203924076871529 0.00076930893813456202 0
928 1 1 162604800 35840393.540155165 141119175.18050873 8702939.9522984773 -30.502879588137372 -0.096738453968916449 -0.67426289378988102 774.29579527264173 0.00033616860897969683 0.00015679859840516918 0.00076099487375953963 0
929 1 1 162691200 33199340.602655366 141088189.96577927 8643294.9108618051 -30.631258651566629 -0.62168290587029029 -0.70644571405438528 774.29393441053492 0.00033948412877628844 0.00017180887109054799 0.00075240968901551283 0
930 1 1 162777600 30547548.656678066 141011546.38190335 8580859.9571201876 -30.751421804782201 -1.1536407346747486 -0.73884295237001807 774.29208098827326 0.00034274809328306864 0.00018707233412956106 0.00074353624610026239 0
931 1 1 162864000 27885739.565663867 140888639.72723511 8515616.8963766731 -30.863089903705681 -1.6925816151309854 -0.77144684827160759 774.29023469081744 0.00034595247612377984 0.00020259397252991003 0.00073436889683026587 0
932 1 1 162950400 25214659.612163886 140718868.26329571 8447548.2302145883 -30.965976839363677 -2.2384671934621276 -0.80424903999397312 774.28839516520145 0.00034906302237600533 0.00021843648063593491 0.00072489609287023488 0
933 1 1 163036800 22535080.097974766 140501633.93190789 8376637.2096110797 -31.059789579404843 -2.7912505405320083 -0.83724053741377025 774.28656200975195 0.00035204541337541327 0.0002346629627453544 0.00071510833007561051 0
934 1 3 163096637.41865528 20674739.772345103 140323054.93831891 8325852.5471050544 -31.119284847891109 -3.17810147540182 -0.8601951141898736 774.28529596726332 0 0 0 118
935 1 1 163123200 19847797.942769334 140236343.11332715 8302867.8911019936 -31.144228132758354 -3.3508758171443773 -0.87041167219392079 774.28473486513997 0.00035634575158799826 0.00024790002686242858 0.00070532171597329895 0
936 1 1 163209600 17153636.286592886 139922407.40981457 8226225.197744403 -31.218985564123507 -3.9172778607647443 -0.90375205108967072 774.28291372866465 0.00036283942410276116 0.00025613690798830657 0.00069575068029090756 0
937 1 1 163296000 14453445.077391649 139559244.49490598 8146694.9814427169 -31.283748333704338 -4.4903810625031602 -0.9372505735583454 774.28109866177908 0.00036945606446181907 0.0002642011775474753 0.00068596503850473854 0
938 1 1 163382400 11748101.628780445 139146279.0582206 8064264.0838322733 -31.338196507751334 -5.0700986018313339 -0.97089541725239026 774.27928949807028 0.00037593368850872102 0.00027266206896498012 0.000675900553989518 0
939 1 1 163468800 9038511.1724998262 138682943.78396428 7978920.4015399478 -31.382003794435928 -5.6563321438885961 -1.0046739768330197 774.27748605543366 0.00038230581256289739 0.0002814145642355982 0.00066556554228189291 0
940 1 1 163555200 6325607.3993566195 138168680.37257776 7890652.9553686203 -31.414837750649674 -6.2489712019827284 -1.0385728299070096 774.2756881365176 0.00038856338228695017 0.00029044967677877633 0.00065495892032212783 0
941 1 1 163641600 3610352.9798215018 137602940.6200214 7799451.9622269114 -31.436360039764974 -6.8478924566543951 -1.0725777058962882 774.27389552217574 0.00039469127881213166 0.00029976959356144405 0.00064407829641818326 0
942 1 1 163728000 893740.06073883129 136985187.55617267 7705308.9098001402 -31.446226728049727 -7.4529590668797301 -1.1066734538863796 774.27210797143562 0.00040067438182644547 0.00030937446675671678 0.00063292179632481928 0
943 1 1 163814400 -1823209.2655240372 136314896.6434066 7608216.6339998282 -31.444088626878486 -8.0640199657420712 -1.1408440105218407 774.2703252213139 0.00040649705247649366 0.00031926355239278822 0.00062148795783676302 0
944 1 1 163900800 -4539442.5235998062 135591557.0366593 7508169.3991752621 -31.429591684214707 -8.6809091419066622 -1.1750723682014323 774.26854698667353 0.00041214307814298889 0.00032943534432792017 0.00060977574706634272 0
945 1 1 163987200 -7253876.4537132429 134814672.90610406 7405162.9810540285 -31.402377428612727 -9.3034449091698193 -1.20934054374589 774.26677296017795 0.00041759571875718158 0.00033988750863336024 0.00059778461839121028 0
946 1 1 164073600 -9965396.6510244478 133983764.82336445 7299194.7523616906 -31.362083469094706 -9.9314291665716201 -1.2436295477495372 774.26500281234792 0.00042283775176071836 0.00035061683961382789 0.00058551456207579116 0
947 1 1 164160000 -12672857.250697011 133098371.21196081 7190263.7710515922 -31.308344054284134 -10.564646651929969 -1.2779193548508723 774.26323619173445 0.00042785152572447001 0.00036161922394327634 0.0005729661534144045 0
948 1 1 164246400 -15375080.663956754 132158049.8624191 7078370.8710543886 -31.240790694168815 -11.202864192060909 -1.3121888751788047 774.26147272521132 0.0004326190215140267 0.00037288960744393857 0.00056014060042288588 0
949 1 1 164332800 -18070857.370696526 131162379.51217245 6963518.7554338351 -31.159052847826032 -11.845829953380791 -1.3464159272551939 774.2597120184023 0.00043712192438995792 0.00038442196898191058 0.00054703978442768907 0
950 1 1 164419200 -20758945.774467554 130110961.49004655 6845712.0918100392 -31.062758680363718 -12.493272697041965 -1.3805772126576217 774.2579536562381 0.00044134169959134768 0.00039620929646507104 0.00053366630605505133 0
951 1 1 164505600 -23438072.12597404 129003421.4247406 6724957.6098840376 -30.951535892209478 -13.144901043232748 -1.4146482927713453 774.25619720366626 0.00044525967696819367 0.00040824357224308069 0.00052002351253237471 0
952 1 1 164592000 -26106930.521450903 127839411.01629362 6601264.2008681186 -30.82501262370802 -13.800402749772143 -1.448603567983781 774.25444220650104 0.00044885714759796346 0.00042051576937091831 0.00050611552901233254 0
953 1 1 164678400 -28764182.982551593 126618609.86906169 6474643.0185947623 -30.682818437762574 -14.459444010648371 -1.4824162596983921 774.25268819242126 0.00045211545576770852 0.00043301584953475393 0.00049194727916146853 0
954 1 1 164764800 -31408459.624597006 125340727.3842189 6345107.5820433842 -30.524585382971587 -15.121668780682043 -1.5160583955696518 774.25093467212412 0.00045501610404868594 0.0004457327714728311 0.00047752449306198117 0
955 1 1 164851200 -34038358.920233838 124005504.70923892 6212673.8789884597 -30.349949139360135 -15.786698133035349 -1.5495007983827191 774.2491811406245 0.00045754085959951439 0.0004586545073872144 0.00046285371396378425 0
956 1 1 164937600 -36652448.065714397 122612716.74120943 6077360.470435054 -30.158550248385563 -16.454129656832286 -1.5827130790229957 774.24742707869279 0.00045967185583602427 0.0004717680678693066 0.00044794228831968502 0
957 1 1 165024000 -39249263.457133882 121162174.1801801 5939188.5954683945 -29.950035428398486 -17.123536902695019 -1.6156636340007595 774.24567195444354 0.00046139170116210994 0.00048505953166374014 0.00043279834612197399 0
958 1 1 165110400 -41827311.284039326 119653725.6280482 5798182.2761032898 -29.724058976161668 -17.794468884528843 -1.6483196480122597 774.24391522505425 0.00046268358250920859 0.00049851408135886629 0.00041743077532463679 0
959 1 1 165196800 -44385068.247847788 118087259.72774357 5654368.4216768658 -29.480284254365223 -18.466449646394185 -1.6806471020326899 774.24215633859865 0.00046353136765137467 0.00051211604834242074 0.00040184918468117277 0
960 1 1 165283200 -46920982.412474409 116462707.33669055 5507776.93228494 -29.218385264324237 -19.138977903778102 -1.7126107874468803 774.24039473599328 0.00046391969899225972 0.00052584895790845924 0.00038606385619813075 0
961 1 1 165369600 -49433474.194465153 114780043.72770061 5358440.80071826 -28.938048302200563 -19.811526769007902 -1.744174326729155 774.2386298530439 0.000463834084843876 0.00053969558254199845 0.00037008568783561353 0
962 1 1 165456000 -51920937.499745384 113039290.8095915 5206396.2123106271 -28.638973696153972 -20.483543570922961 -1.7753002011840384 774.23686112256644 0.00046326098151101803 0.0005536379950919156 0.00035392612976130328 0
963 1 1 165542400 -54381741.013827965 111240519.35894009 5051682.6420669826 -28.320877620799482 -21.154449779223899 -1.8059497862536846 774.23508797658133 0.00046218786633839048 0.00056765762125603094 0.00033759711692863645 0
964 1 1 165628800 -56814229.651963703 109383851.25346799 4894342.9483962115 -27.983493984228733 -21.823641044135091 -1.8360833948852255 774.23330984854636 0.00046060330366360231 0.00058173529514504436 0.00032111100121926455 0
965 1 1 165715200 -59216726.175255343 107469461.69663069 4734423.4627316501 -27.626576381648015 -22.490487362131805 -1.8656603294323026 774.23152617562221 0.00045849700558624841 0.00059585131287573292 0.00030448046669378782 0
966 1 1 165801600 -61587532.978188619 105497581.4220558 4571974.0742824851 -27.249900108402535 -23.154333378481471 -1.8946389425364756 774.2297364009504 0.00045585987244944101 0.00060998548661593327 0.00028771845183350313 0
967 1 1 165888000 -63924934.052349761 103468498.86554757 4407048.3091222122 -26.853264223800537 -23.814498837211381 -1.9229767073954094 774.22793997592589 0.00045268403778011 0.00062411719245153972 0.00027083807769112672 0
968 1 1 165974400 -66227197.130297124 101382562.29147282 4239703.4027872989 -26.436493655737781 -24.470279188827607 -1.9506302977785204 774.22613636243761 0.00044896289855912789 0.00063822541814234027 0.00025385257229699391 0
969 1 1 166060800 -68492576.012628004 99240181.859467492 4070000.3655301845 -25.999441334665367 -25.120946365654024 -1.9775556780941406 774.22432503506911 0.00044469113955282626 0.0006522888111488317 0.00023677519115317499 0
970 1 1 166147200 -70719313.080227286 97041831.616577864 3898004.0393475788 -25.541990343961039 -25.765749734023611 -2.0037082037417808 774.2225054832428 0.00043986475588430365 0.00066628570750125308 0.00021961917059536132 0
971 1 1 166233600 -72905641.99250266 94788051.399186254 3723783.1458882201 -25.064056072274013 -26.403917231721479 -2.0290427319016211 774.22067721329245 0.00043448107909159082 0.00068019415596275883 0.00020239769432811122 0
972 1 1 166320000 -75049790.57110171 92479448.628389075 3547410.3243341087 -24.565588351970007 -27.034656698056299 -2.0535137428489052 774.21883975114622 0.00042853872855451095 0.00069399207016331596 0.00018512362747965998 0
973 1 1 166406400 -77149983.867162198 90116699.9819251 3368962.1583499201 -24.046573566065252 -27.657157402194173 -2.0770754716376194 774.21699263452012 0.00042204166245373169 0.00070766361945532111 0.00016781113409966209 0
974 1 1 166492800 -79204447.408582076 87700552.925304875 3188519.1912091016 -23.50703670539513 -28.270591775016765 -2.0996820501532198 774.21513540994738 0.000414992592190044 0.00072118896181923764 0.00015047304201313939 0
975 1 1 166579200 -81211410.6221935 85231827.084360436 3006165.9281977327 -22.947043356698465 -28.87411734835333 -2.1212876594749774 774.21326765685603 0.000407389011384732 0.00073453751284719782 0.00013311953058072452 0
976 1 1 166665600 -83169110.42393142 82711415.441306904 2821990.8254382671 -22.366701599413695 -29.466878900614685 -2.1418466916813026 774.21138899226344 0.0003992347348220089 0.00074768665334618261 0.00011576237992724991 0
977 1 1 166752000 -85075794.968146771 80140285.336555243 2636086.264347841 -21.76616378938332 -30.048010807810225 -2.1613139205917316 774.20949905943871 0.00039053508504052162 0.00076061359099857976 9.8413273820617122e-05 0
978 1 1 166838400 -86929727.545372501 77519479.25858064 2448548.5109687163 -21.145628207670015 -30.616639597691098 -2.1796446810482499 774.2075975300495 0.00038129676399730297 0.00077329549491875617 8.108363633529912e-05 0
979 1 1 166924800 -88729190.615879163 74850115.404568985 2259477.6594741382 -20.505340551161787 -31.171886700460881 -2.196795055796041 774.20568410717397 0.00037152772423692431 0.00078570966517186821 6.3784263068195223e-05 0
980 1 1 167011200 -90472489.96433194 72133387.995251685 2068977.5592372676 -19.845595241198765 -31.712871386096417 -2.2127220688759626 774.20375850111088 0.00036124609158164913 0.00079785202968592032 4.6526616199271575e-05 0
981 1 1 167097600 -92157958.958835915 69370567.328272253 1877155.7249494705 -19.166736527973441 -32.238713878217197 -2.2273838844636442 774.20182040926511 0.00035046794071469828 0.00080971298862727659 2.9321082211772267e-05 0
982 1 1 167184000 -93783962.895853668 66562999.555215225 1684123.2293590424 -18.469159370341171 -32.748538634561967 -2.2407400101177433 774.19986959620451 0.00033919049414326288 0.00082124141863072287 1.2174744939039752e-05 0
983 1 1 167270400 -95348903.410453707 63712106.169066221 1489994.5783261997 -17.753310062862521 -33.241477762014341 -2.252751502472766 774.1979057527567 0.00032747379456149592 0.0008325289834602423 -4.9031034400084884e-06 0
984 1 1 167356800 -96851222.929254204 60819383.191110447 1294887.5680516385 -17.019686597751804 -33.716674564149635 -2.2633811742306689 774.19592852379424 0.00031532819822733177 0.00084356229560677534 -2.1911614775341983e-05 0
985 1 1 167443200 -98289409.142062947 57886400.047760546 1098923.1243374359 -16.26883872379004 -34.173287144180371 -2.2725938031546509 774.19393656711236 0.0003030515126994547 0.00085512535259824073 -3.8886909059949231e-05 0
986 1 1 167529600 -99661999.465648428 54914798.132595159 902225.12385836453 -15.501367721860584 -34.610492134446687 -2.2803563379192879 774.19192767853338 0.00029059863725586509 0.00086716392266120276 -5.5866139637095679e-05 0
987 1 1 167616000 -100967585.47588938 51906289.040335692 704920.19789125572 -14.717925872087957 -35.027488494173618 -2.2866380998551006 774.1898993458268 0.00027814765327276945 0.00088034405150062747 -7.2950516041091489e-05 0
988 1 1 167702400 -102204817.27626716 48862652.482347079 507137.51809832454 -13.91921550922844 -35.423501060921289 -2.2914110008780049 774.18784380692625 0.00026677954740203112 0.00089849305536184281 -9.0602137873673494e-05 0
989 1 1 167788800 -103372407.77177936 45785733.892145641 309008.56378611206 -13.105987816294405 -35.797784288373556 -2.2946497450890524 774.18574731029753 0.00025726887787244076 0.00092543636389400235 -0.00010955084016801242 0
990 1 1 167875200 -104469136.80916202 42677441.770846233 110666.86300433541 -12.279040741242309 -36.149623805678523 -2.2963323222252834 774.18354559618831 0.0002584662183347961 0.00099719491177777987 -0.00013513742572726926 0
991 1 1 167961600 -105493855.13671459 39539744.857688822 -87752.305234238229 -11.439217523486001 -36.478341170083617 -2.2964401328038409 774.18114689512208 0.00026425345207972478 0.0010987819988225482 -0.00016731996272871606 0
992 1 1 168048000 -106445488.27907592 36374668.673256494 -286112.18823122018 -10.587405463133562 -36.783301137457237 -2.2949576456279139 774.17850873696659 0.00026816410009845171 0.0012085276361964643 -0.00020387361160409105 0
993 1 1 168134400 -107323040.22323857 33184291.667265974 -484274.82887470489 -9.7245329472701698 -37.063913857031835 -2.2918725847726882 774.17561324167445 0.00026991069170343595 0.0013271035871277104 -0.00024524890452511003 0
994 1 1 168220800 -108125596.82509519 29970741.237899415 -682101.36216173787 -8.8515661988220309 -37.319636618923283 -2.2871762307956542 774.1724374507387 0.00026929285316772508 0.0014559031442104046 -0.00029208131944627442 0
995 1 1 168307200 -108852328.94580071 26736189.521686632 -879452.32592540851 -7.9695061687774738 -37.549977052112887 -2.2808634840360646 774.16895808057598 0.00026553411803380403 0.0015934608512350047 -0.00034447202356510572 0
996 1 1 168393600 -109502495.30722225 23482848.915133152 -1076187.9749785871 -7.0793851201804889 -37.754496008516576 -2.2729329028805592 774.16515503492064 0.00025799744373655823 0.0017385100858828266 -0.00040247738045945831 0
997 1 1 168480000 -110075445.03807922 20212967.373731215 -1272168.6002660873 -6.1822628981062522 -37.932809849798026 -2.2633867812527795 774.16100851810552 0.00024642771983373203 0.0018919776738648148 -0.00046661999328880032 0
998 1 1 168566400 -110570619.88708603 16928823.536557466 -1467254.8566185923 -5.2792229604893324 -38.084592193357025 -2.2522312735185417 774.15649143989344 0.0002309683584195629 0.0020589262935900407 -0.00053856603091616045 0
999 1 1 168652800 -110987556.0850849 13632721.722416716 -1661308.1035838935 -4.3713682367162878 -38.209575191250678 -2.2394765600856266 774.15155903911773 0.00021167833184815828 0.0022473064879405206 -0.00062107875521522061 0
1000 1 1 168739200 -111325885.84778562 10326986.78505029 -1854190.7479243276 -3.459816984128123 -38.307551908915599 -2.2251366027334698 774.1461683320847 0.00018663524477572838 0.0024465447383557192 -0.00071199767744563531 0
1001 1 1 168825600 -111585338.51698261 7013958.7310951883 -2045766.5487446433 -2.5456984816885675 -38.378378705271707 -2.2092287111803754 774.14030539466773 0.00015454045994904548 0.0026437804108462521 -0.00080785554182294655 0
1002 1 1 168912000 -111765741.31481273 3695987.2366670389 -2235900.9062047531 -1.6301484213964821 -38.42197524288266 -2.1917736098563925 774.13397194657443 0.0001154981191719026 0.0028379432715754591 -0.00090822088134263847 0
1003 1 1 168998400 -111867019.6979561 375426.20447487361 -2424461.163921521 -0.71430430378880483 -38.438324036534311 -2.1727955454045209 774.12717038161304 6.9667747452323501e-05 0.0030280921905316695 -0.0010126772194504886 0
1004 1 1 169084800 -111889197.31895195 -2945371.6668832554 -2611316.9085584087 0.20069907069843043 -38.427470394304528 -2.152322174157562 774.11990484218916 1.7239831023487494e-05 0.0032132387405130833 -0.001120775983685705 0
1005 1 1 169171200 -111832395.5931482 -6264060.2879816461 -2796340.2550893673 1.1137342640437924 -38.389521869269629 -2.1303843093064319 774.11218120783917 -3.9228090045726515e-05 0.0033930482424933553 -0.0012304099789048511 0
1006 1 1 169257600 -111696832.78091377 -9578307.6644580513 -2979405.2834401364 2.023687667584428 -38.324700589145138 -2.1069953216208215 774.10513291966197 -0.00010482148139031681 0.0035647784822155628 -0.0013447541051873802 0
1007 1 1 169344000 -111482823.77290727 -12885779.508893194 -3160396.727826606 2.9294265507411481 -38.232501586651587 -2.0824777305999893 774.08321326341888 -0.0006970478103092005 0.015146229652462257 -0.0059126849397187651 0
1008 1 1 169430400 -111190780.94375502 -16184099.601143178 -3339227.9811902447 3.8298521647590502 -38.113092313871952 -2.0569291170947275 774.0437849695669 -0.001088913440740474 0.017274660664174889 -0.0069850906203800999 0
1009 1 1 169516800 -110821208.41090448 -19470967.014991585 -3515798.6310009798 4.7239209060265006 -37.967457813176715 -2.030156139044951 774.00029950208352 -0.00153418268392601 0.019113175385767588 -0.0080012679818349461 0
1010 1 1 169603200 -110374700.28333233 -22744132.101487707 -3690005.2506719651 5.6105993506022758 -37.795984302267485 -2.0022127041880649 773.95243595682336 -0.0020159358103619147 0.020699264710670694 -0.0089613683507879863 0
1011 1 1 169689600 -109851938.49747956 -26001382.626290645 -3861748.4330881066 6.4888882090081426 -37.5991485821501 -1.9731390180906834 773.9007001030634 -0.002524887116017502 0.022058890135541128 -0.0098676352564441659 0
1012 1 1 169776000 -109253689.81109834 -29240549.569986906 -4030932.337354939 7.3578238298618963 -37.377473822304111 -1.9429773428989741 773.84554958847627 -0.0030516796246903449 0.023211644673667778 -0.010719918248535954 0
1013 1 1 169862400 -108580802.59530555 -32459511.030653477 -4197464.8462428302 8.2164811118751473 -37.131527094063522 -1.9117715545830989 773.78740746013125 -0.0035877255600053259 0.024172581596662336 -0.011516992018471226 0
1014 1 1 169948800 -107834203.39276738 -35656195.897412166 -4361257.6913213199 9.0639760256633455 -36.861916547274355 -1.879566817992447 773.72667139077873 -0.0041250255385681979 0.024953698417375946 -0.012256918641805527 0
1015 1 1 170035200 -107014893.27100898 -38828587.266957648 -4522226.5513378 9.8994678309805426 -36.56928829928151 -1.846409291127292 773.66372009318752 -0.0046560760587775786 0.025564915856229477 -0.012937305307195524 0
1016 1 1 170121600 -106123943.99806656 -41974725.581935525 -4680291.1261641961 10.722160970435365 -36.254323119281715 -1.8123458541073783 773.59891784853562 -0.0051738170209519934 0.026014724458710854 -0.013555479170158459 0
1017 1 1 170208000 -105162494.06872155 -45092711.476390131 -4835375.1881728014 11.531306634100213 -35.917732972925172 -1.777423856973799 773.53261776473016 -0.0056715993992735823 0.026310615048862587 -0.014108604405532531 0
1018 1 1 170294400 -104131744.60979208 -48180708.318596497 -4987406.6125002848 12.326203994848326 -35.56025748098363 -1.7416908827286126 773.46516417295959 -0.0061431641610108414 0.026459363563694743 -0.014593758801401371 0
1019 1 1 170380800 -103032955.19277538 -51236944.445892945 -5136317.3874153793 13.106201118754269 -35.182660338214305 -1.7051945234628518 773.39689444038856 -0.0065826261649511598 0.026467217288481948 -0.015007981616277446 0
1020 1 1 170467200 -101867439.58158499 -54259715.089847043 -5282043.6058633551 13.870695558785142 -34.785725732547697 -1.6679821683589338 773.32814038931349 -0.0069844600400298254 0.026340013697738043 -0.015348300798984492 0
1021 1 1 170553600 -100636561.44226751 -57247383.99334538 -5424525.439177556 14.619134643406239 -34.370254800094088 -1.6301008027632655 773.25922946129219 -0.0073434846127025215 0.026083248578055159 -0.01561174240773161 0
1022 1 1 170640000 -99341730.040449649 -60198384.724090427 -5563707.0938867321 15.351015474653076 -33.937062147426566 -1.5915968177305466 773.19048573075099 -0.0076548443619973488 0.025702108287243366 -0.015795326198862768 0
1023 1 1 170726400 -97984395.950897351 -63111221.691543818 -5699536.7524982365 16.065884652764247 -33.486972468975516 -1.5525158293797334 773.12223085289463 -0.0079139823567929458 0.025201473368805419 -0.015896043993484769 0
1024 1 1 170812800 -96566046.801740184 -65984470.876381636 -5831966.4988622572 16.763337753372223 -33.020817277744257 -1.5129025017295914 773.05478501099776 -0.0081165743495336777 0.024585928509220503 -0.015910798721036144 0
1025 1 1 170899200 -95088203.076914549 -68816780.285989493 -5960952.2308449186 17.44301848441631 -32.539431856178972 -1.4728004474876655 772.9884680145633 -0.0082594697769845134 0.023858821670317429 -0.015837147203119926 0
1026 1 1 170985600 -93552415.276417598 -71606866.731749207 -6086455.9314631326 18.104586126075937 -32.043567387720309 -1.4323107280733411 772.92147397659403 -0.0083343098664968446 0.023028002543246769 -0.015668131751942291 0
1027 1 1 171072000 -91960246.61672689 -74353551.01386252 -6208421.0393839478 18.74822489897312 -31.535246549886558 -1.3906477399188217 772.8839808728045 -0.0014922043510270495 0.0039238146075702184 -0.0027552023890889082 0
1028 1 1 171158400 -90313244.451336786 -77055821.924842983 -6326727.092338061 19.37371201735262 -31.015245224246218 -1.3478706542707317 772.87526063522705 -0.0014974980586805 0.0037756826878197723 -0.0027193653651618305 0
1029 1 1 171244800 -88613010.515940636 -79712635.82457146 -6441327.2743054926 19.980416898554527 -30.483141298316877 -1.3048676362021026 772.86465300963448 -0.0014900106777709211 0.0036245091288547244 -0.0026698628899650789 0
1030 1 1 171331200 -86861172.555340394 -82322985.851613432 -6552201.3496849211 20.568229198558765 -29.939825564706176 -1.2616260304284994 772.85438001244972 -0.0014777607825715172 0.0034645084401486305 -0.0026136424358840019 0
1031 1 1 171417600 -85059367.62005195 -84885937.592918679 -6659330.7137095872 21.137045902177356 -29.386089624762345 -1.2181920569409699 772.84446463527854 -0.001457980187692755 0.0033001622657217035 -0.0025488001020912529 0
1032 1 1 171504000 -83209240.003379717 -87400624.46715717 -6762700.6823024657 21.68680200084129 -28.822711816252298 -1.1746102961245608 772.8349268688296 -0.0014312104183677784 0.0031326973631320707 -0.0024761199952459977 0
1033 1 1 171590400 -81312438.049923062 -89866246.515835881 -6862300.3588356972 22.217468415151885 -28.250455722588818 -1.1309238287082506 772.82578371977627 -0.0013979496728870188 0.0029632797354195934 -0.0023963020053207828 0
1034 1 1 171676800 -79370611.13140665 -92282069.059771329 -6958122.5014781849 22.729050131514938 -27.670068613875216 -1.0871741678801807 772.81704946061723 -0.0013586797936707348 0.002792970340617369 -0.0023099992525150493 0
1035 1 1 171763200 -77385406.786032364 -94647421.22965093 -7050163.3859079732 23.221584284215982 -27.082280089230888 -1.0434012184548735 772.80873587313818 -0.0013138866604472305 0.0026226942541760084 -0.0022178319186698242 0
1036 1 1 171849600 -75358468.024568334 -96961694.387052566 -7138422.6649776381 23.695138216790152 -26.487800897116074 -0.99964324667264404 772.80085250090985 -0.0012640501692237822 0.0024532462377948217 -0.0021203803394411066 0
1037 1 1 171936000 -73291430.804229513 -99224340.450907856 -7222903.2261638455 24.14980753884349 -25.887321925016696 -0.9559368590915619 772.79340689818434 -0.0012096381429600371 0.0022852995177470568 -0.0020181828100578284 0
1038 1 1 172022400 -71185921.670183823 -101434870.14372607 -7303611.0475838883 24.585714191036473 -25.281513351031116 -0.91231699047544534 772.78640486290328 -0.0011511031742450996 0.0021194177170586054 -0.0019117370765931443 0
1039 1 1 172108800 -69043555.563468412 -103592851.17121136 -7380555.0533430353 25.00300452985628 -24.67102394903624 -0.86881690035793624 772.7798506436593 -0.0010888820062043949 0.0019560692239462235 -0.0018015050045494874 0
1040 1 1 172195200 -66865933.79314968 -105697906.34816593 -7453746.9689461803 25.401847442528059 -24.056480538624328 -0.82546817789607019 772.77374711265816 -0.0010233970517981371 0.0017956431127374706 -0.0016879198344691175 0
1041 1 1 172281600 -64654642.16952531 -107749711.68311955 -7523201.1771512907 25.782432505992258 -23.438487578764835 -0.78230074664548543 772.76809614138074 -0.00095505995321425576 0.0016384663274568564 -0.0015713959558308792 0
1042 1 1 172368000 -62411249.295661479 -109747994.43122414 -7588934.5766161978 26.144968144626695 -22.817626805403417 -0.73934295615865886 772.76289648485943 -0.00088531685026275238 0.0014865641740596568 -0.0014540471644096217 0
1043 1 1 172454400 -60137305.026140839 -111692531.10410421 -7650966.4656586843 26.489679559830787 -22.19445652903206 -0.69662214195492644 772.75812767241189 -0.00081980111313421369 0.0013486712054115817 -0.0013448426249349315 0
1044 1 1 172540800 -57834339.10343466 -113583145.42318052 -7709318.4766878467 26.816806868038139 -21.569511325658098 -0.65416494608498521 772.75374180580627 -0.00076223393452977373 0.0012297673431121256 -0.0012496025419516533 0
1045 1 1 172627200 -55503859.914318673 -115419706.31315954 -7764014.4762975071 27.12660421757457 -20.943303302956156 -0.61199614943539804 772.7497004325902 -0.00070682300221325506 0.001119445063444489 -0.0011586296140145729 0
1046 1 1 172713600 -53147353.321845606 -117202126.00209595 -7815080.368446433 27.419338484342859 -20.316322594206177 -0.57013831270468396 772.74598627024329 -0.00065311191852262781 0.0010163676368741899 -0.0010710017961718041 0
1047 1 1 172800000 -50766281.651576795 -118930358.09486307 -7862543.9396805838 27.695287391176564 -19.689036886580158 -0.52861247751814333 772.74258297848178 -0.00060125871277004873 0.00092024810340362554 -0.00098682350135860476 0
1048 1 1 172886400 -48362082.818738677 -120604395.6405865 -7906434.7348311469 27.954738021516061 -19.061891576739118 -0.48743834314755868 772.73947126921928 -0.00055241341990942426 0.00083232520570753735 -0.00090784613748039168 0
1049 1 1 172972800 -45936169.578533046 -122224269.21973355 -7946783.9447091268 28.197985510096458 -18.435310151342716 -0.44663427731770183 772.73663001797468 -0.00050638009334143469 0.000751784280188998 -0.00083364141419374808 0
1050 1 1 173059200 -43489928.880428046 -123790045.07551229 -7983624.2851083092 28.425331874054816 -17.809694720654107 -0.40621722066716698 772.73404050574425 -0.0004629188303662998 0.00067781365689573874 -0.00076372696330370617 0
1051 1 1 173145600 -41024721.32296171 -125301823.28890915 -8016989.8720150925 28.637084880519229 -17.185426534154853 -0.36620265273855063 772.73168874068972 -0.00042201614381257984 0.00060999043745166802 -0.00069800731401803353 0
1052 1 1 173232000 -38541880.735609852 -126759735.95383397 -8046916.1476158695 28.83355594657527 -16.562865051009073 -0.32660628440858402 772.72951843782175 -0.00039851378096121244 0.00056913888738998285 -0.00066103112886589882 0
1053 1 1 173318400 -36042713.933587775 -128163945.28269735 -8073439.9441433456 29.015059133156431 -15.942348552084967 -0.28744407299369762 772.72743273645665 -0.00039095000409778997 0.000552158556155083 -0.00065054834928176695 0
1054 1 1 173404800 -33528500.447435439 -129514641.92186424 -8096599.3684107205 29.181912051849242 -15.324197372344004 -0.24872917752361678 772.72538282143614 -0.00038546957731894302 0.00053888203073514281 -0.00064366690131728045 0
1055 1 1 173491200 -31000492.241261981 -130812043.4436487 -8116433.5381949749 29.33443478535364 -14.708714166172863 -0.21047230186242996 772.72335876336001 -0.00038218930948668304 0.00052933377127659456 -0.00064058744840694739 0
1056 1 1 173577600 -28459913.581885412 -132056392.77740282 -8132982.4488514727 29.472948309932857 -14.09618341850566 -0.17268298041595775 772.72135391096435 -0.00037885472624249976 0.00052031891048225695 -0.00063756328105720459 0
1057 1 1 173664000 -25907960.98915419 -133247956.67435792 -8146286.8644954115 29.597773762700236 -13.486872103065824 -0.13536957422982623 772.7193664189947 -0.00037602450091991864 0.00051256770833771293 -0.00063550849633909527 0
1058 1 1 173750400 -23345803.260885887 -134387024.21030137 -8156388.2321049068 29.709231632147105 -12.881030155462053 -0.098539497755664285 772.71739421679194 -0.00037306382070379505 0.00050519580443001235 -0.00063335815150882024 0
1059 1 1 173836800 -20774581.55342659 -135473905.34567136 -8163328.5957685877 29.807641164516756 -12.278891170215301 -0.062199186284812302 772.71543731291388 -0.00036993040792993254 0.00049813297515588885 -0.00063103174738488596 0
1060 1 1 173923200 -18195409.517062191 -136508929.53776512 -8167150.518098251 29.893319734444564 -11.680672973839744 -0.026354215937305383 772.71349577726198 -0.0003666121726519704 0.00049135181145311022 -0.00062849479867856475 0
1061 1 1 174009600 -15609373.481103664 -137492444.40565097 -8167897.0080686975 29.966582312569265 -11.08657825563944 0.0089906484333306669 772.71156972011693 -0.00036311977972442908 0.00048485477347668467 -0.00062575035014090325 0
1062 1 1 174096000 -13017532.682750219 -138424814.44941282 -8165611.4529970046 30.02774098482816 -10.496795195136894 0.043831406662059161 772.70965927640384 -0.00035944990144702653 0.0004786255303375755 -0.00062277857450737412 0
1063 1 1 174182400 -10420919.5352889 -139306419.8234525 -8160337.5543652261 30.077104520861518 -9.9114980838868334 0.078164778805182134 772.70776460954983 -0.00035561315526120646 0.0004726663418952942 -0.00061958285244681196 0
1064 1 1 174268800 -7820539.9316606829 -140137655.16306528 -8152119.2675518813 30.11497798731104 -9.3308479376437337 0.11198816051852943 772.70588586987037 -0.00035161988185605569 0.00046697949216685389 -0.0006161662914404226 0
1065 1 1 174355200 -5217373.5795101486 -140918928.4635382 -8141000.745280969 30.14166240489822 -8.7549930991840785 0.14529958098400619 772.70402318242884 -0.00034748483859866589 0.00046157396691158054 -0.00061254035683333584 0
1066 1 1 174441600 -2612374.3641044036 -141650660.01082787 -8127026.2846501227 30.157454446032581 -8.184069829577922 0.17809766260089277 772.70217664173981 -0.0003432190093523246 0.00045645304553466816 -0.00060871012494948028 0
1067 1 1 174528000 -6470.7356900032973 -142333281.36282241 -8110240.2775043529 30.162646170993025 -7.6182028875400887 0.21038158370471516 772.70034634731019 -0.00033882580125138025 0.00045160861763958617 -0.00060466728886330917 0
1068 1 1 174614400 2599433.881881082 -142967234.38003078 -8090687.1639875686 30.157524798646961 -7.0575060935326874 0.24215104167741106 772.69853240639475 -0.00033431466003846198 0.00044704136904687402 -0.00060041454821180219 0
1069 1 1 174700800 5204460.664110384 -143552970.30430463 -8068411.3892796636 30.142372509444684 -6.5020828779518247 0.27340621679515648 772.69673491344417 -0.00032969463899860929 0.00044275200505006066 -0.00059595435903702938 0
1070 1 1 174787200 7807754.9431434069 -144090948.88427371 -8043457.3633458186 30.117466279208852 -5.9520268140209538 0.30414773842212267 772.69495395141155 -0.00032497451957095474 0.000438740971333779 -0.00059128903174218445 0
1071 1 1 174873600 10408485.751926452 -144581637.54611418 -8015869.4235426858 30.083077740958345 -5.4074221341522417 0.3343766526876133 772.69318959164309 -0.000320162812099524 0.00043500848053333081 -0.00058642071124217121 0
1072 1 1 174960000 13005845.357559055 -145025510.60820064 -7985691.7999513848 30.039473072630024 -4.8683442293777945 0.36409439168349572 772.69144189374492 -0.00031526774450596088 0.00043155454448162998 -0.00058135136248488794 0
1073 1 1 175046400 15599048.785989536 -145423048.53816772 -7952968.5833072234 29.986912908628632 -4.3348601315692523 0.39330274415286426 772.68971090543278 -0.00031029726123072066 0.00042837898699814493 -0.0005760827562099227 0
1074 1 1 175132800 18187333.340026662 -145774737.25088519 -7917743.695398665 29.925652273240367 -3.8070289782844378 0.42200382763667277 772.68799666236214 -0.00030525902629666461 0.00042548144817253306 -0.00057061646226345877 0
1075 1 1 175219200 20769958.112475574 -146081067.44584292 -7880060.8618111359 29.855940534052866 -3.2849024601858767 0.4502000620419625 772.68629918795898 -0.00030016042522541277 0.00042286138903388276 -0.00056495383788937451 0
1076 1 1 175305600 23346203.496050108 -146342533.98244178 -7839963.5868943799 29.778021373631841 -2.7685252510614107 0.47789414459492524 772.68461849323103 -0.00029500858616475956 0.00042051830550089616 -0.00055909609279491544 0
1077 1 1 175392000 25915370.69156494 -146559635.29168606 -7797495.1308393106 29.69213277774157 -2.2579354204589013 0.50508902601874794 772.68295457319891 -0.00028981126779593344 0.00041845321153678126 -0.00055304590319169684 0
1078 1 1 175478400 28476781.215770274 -146732872.82278702 -7752698.4887580713 29.598507038643071 -1.7531648292802058 0.53178788805918886 772.68130740467041 -0.00028457558126160137 0.00041666637892707456 -0.00054680484935559119 0
1079 1 1 175564800 31029776.410074871 -146862750.5232273 -7705616.3716406142 29.497370772109502 -1.2542395087639635 0.55799412248126556 772.67967695045661 -0.00027930747772478818 0.00041515605528023462 -0.00054037244094772951 0
1080 1 1 175651200 33573716.95128043 -146949774.35085762 -7656291.1890701242 29.388944946748548 -0.76118002303561028 0.58371131133422594 772.67806316598831 -0.0002740114366937383 0.00041391832550656413 -0.00053374615304272322 0
1081 1 1 175737600 36107982.365328722 -146994451.81660837 -7604765.0336018661 29.273444924160572 -0.27400181519560196 0.60894320808653801 772.67646599753812 -0.00026869312386174218 0.0004129515865742475 -0.00052692582595770178 0
1082 1 1 175824000 38631970.544943705 -146997291.55640602 -7551079.6667341106 29.151080508829498 0.20728446252611663 0.63369371976991362 772.6748853768753 -0.00026335798986360095 0.00041225425800633318 -0.00051991092406744447 0
1083 1 1 175910400 41145097.271973923 -146958802.93095598 -7495276.5063652461 29.022056006832081 0.68267263383147203 0.6579668903682766 772.67332122115556 -0.00025801122327679256 0.00041182457897570503 -0.00051270059846232976 0
1084 1 1 175996800 43646795.745146975 -146879495.65208831 -7437396.6156427003 28.886570292249417 1.1521606983647659 0.68176688520597883 772.67177343251274 -0.00025265774947955854 0.0004116605922363498 -0.00050529368408985006 0
1085 1 1 176083200 46136516.113860965 -146759879.43439162 -7377480.6931184204 28.744816880347564 1.6157505462199779 0.70509797630737225 772.6702418976223 -0.00024730223701800876 0.00041176013064839298 -0.00049768868166632379 0
1086 1 1 176169600 48613725.018559888 -146600463.67090544 -7315569.0641289512 28.596984006662669 2.0734476864762676 0.7279645286825347 772.66872648723449 -0.00024194910445593924 0.0004121207976312084 -0.00048988375142197411 0
1087 1 1 176256000 51077905.138168 -146401757.13167715 -7251701.6733220564 28.443254711194363 2.5252609892837037 0.75037098749384346 772.66722705567497 -0.00023660252511137377 0.00041273993509367975 -0.00048187671204445997 0
1088 1 1 176342400 53528554.744992703 -146164267.68403524 -7185918.0782556664 28.283806926975554 2.9712024410163353 0.77232186606012809 772.6657434403196 -0.00023126643373687798 0.0004136145941063085 -0.00047366503810817955 0
1089 1 1 176428800 55965187.267444432 -145888502.03347057 -7118257.4439985808 28.118813572346646 3.4112869120074354 0.79382173465620598 772.66427546104501 -0.00022594453425862763 0.0004147414924225733 -0.00046524586370282544 0
1090 1 1 176515200 58387330.860866763 -145574965.48405859 -7048758.5386660639 27.948442646319059 3.8455319363822151 0.81487521006621522 772.6628229196524 -0.00022064030737486585 0.00041611697503120428 -0.00045661599421001933 0
1091 1 1 176601600 60794527.986719064 -145224161.71739888 -6977459.7298268862 27.77285732646618 4.273957503506467 0.8354869458508134 772.66138559926651 -0.00021535702197724292 0.00041773696180709852 -0.00044777191954062357 0
1092 1 1 176688000 63186335.000307329 -144836592.58908942 -6904398.9817218566 27.59221606882917 4.6965858605741628 0.85566162328963447 772.65996326372283 -0.00021009774571811114 0.00041959689167937205 -0.00043870983655439245 0
1093 1 1 176774400 65562321.747217178 -144412757.94179252 -6829613.8532370925 27.406672709371662 5.1134413258647307 0.87540394296117707 772.6585556569355 -0.00020486535824580849 0.00042169166427131962 -0.00042942568195196976 0
1094 1 1 176860800 67922071.168563813 -143953155.43399125 -6753141.4965785779 27.216376566560491 5.5245501122087477 0.89471861692385302 772.65716250226319 -0.00019966256476286649 0.00042401557297294407 -0.00041991517308684719 0
1095 1 1 176947200 70265178.915139914 -143458280.38357356 -6675018.6565975919 27.021472544689555 5.9299401602105215 0.91361036146323138 772.65578350187195 -0.00019449191634701821 0.00042656223570820655 -0.00041017386099251373 0
1096 1 1 177033600 72591252.970510259 -142928625.62542057 -6595281.6707194904 26.822101237601196 6.3296409807869258 0.93208389037151829 772.65441833610794 -0.00018935582745848207 0.00042932451927116066 -0.00040019719782193866 0
1097 1 1 177120000 74899913.283073366 -142364681.38221237 -6513966.469431377 26.618399032494455 6.7236835065937095 0.95014390872685328 772.65306666289666 -0.00018425659829610785 0.00043229446731019873 -0.00038998061494695203 0
1098 1 1 177206400 77190791.407086343 -141766935.14770171 -6431108.5772867566 26.410498213540798 7.1120999519227768 0.96779510714105543 772.65172811717991 -0.00017919644137727201 0.00043546322151366036 -0.0003795196208531003 0
1099 1 1 177292800 79463530.152624145 -141135871.58174124 -6346743.1143880207 26.198527065058116 7.4949236806668624 0.98504215644563808 772.65040231040166 -0.00017417750983935188 0.00043882095123514228 -0.00036880991231554516 0
1100 1 1 177379200 81717783.244426534 -140471972.41638401 -6260904.7983101951 25.982609974020512 7.8721890819619071 1.0018897027875551 772.64908883006569 -0.00016920192934495788 0.00044235678812064365 -0.00035784750124563252 0
1101 1 1 177465600 83953214.989565328 -139775716.37241107 -6173627.9464317001 25.762867531707151 8.2439314531304113 1.0183423631069624 772.64778723939207 -0.00016427183039716242 0.00044605876458237348 -0.00034662886160626249 0
1102 1 1 177552000 86169499.953851014 -139047579.08566952 -6084946.4786402723 25.539416634316204 8.6101868895635967 1.0344047209709126 772.64649707708566 -0.00015938938764228173 0.00044991377513852897 -0.00033515108640746631 0
1103 1 1 177638400 88366322.646882042 -138288033.04263768 -5994893.9203843651 25.312370582390898 8.9709921811941502 1.0500813227383874 772.64521785724639 -0.00015455685872195081 0.00045390754833225967 -0.00032341206020900908 0
1104 1 1 177724800 90543377.215628445 -137497547.52466321 -5903503.4060424399 25.081839178924941 9.3263847152250055 1.0653766740333421 772.64394906944642 -0.0001497766251384468 0.00045802464726931623 -0.00031141063940494232 0
1105 1 1 177811200 92700367.14643015 -136676588.56034613 -5810807.6825844375 24.847928826032046 9.676402384794228 1.0802952365042506 772.64269017899869 -0.0001450512318762723 0.00046224849848388157 -0.00029914683689123071 0
1106 1 1 177897600 94837004.975282311 -135825618.88556787 -5716839.1135015897 24.610742620080988 10.021083503269425 1.0948414248502183 772.64144062743651 -0.0001403834270822984 0.00046656145531852609 -0.00028662200561773837 0
1107 1 1 177984000 96953012.006270692 -134945097.91069299 -5621629.6829823097 24.370380445212163 10.360466723878512 1.1090196040956142 772.64019983323021 -0.00013577620026090516 0.00047094489418455908 -0.00027383901201077893 0
1108 1 1 178070400 99048118.03801471 -134035481.69449402 -5525211.0003134077 24.126939065166052 10.694590964397049 1.1228340870969948 772.63896719275488 -0.00013123281199750681 0.00047537935835455063 -0.00026080239372375095 0
1109 1 1 178156800 101122061.097969 -133097222.92437445 -5427614.3044871893 23.880512213366174 11.02349533662532 1.1362891322680657 772.63774208151631 -0.00012675681950611559 0.00047984473915659676 -0.00024751849007849017 0
1110 1 1 178243200 103174587.18443125 -132130770.90248789 -5328870.4689961663 23.631190681210349 11.347219080399864 1.1493889415103222 772.63652385563512 -0.00012235209322597072 0.00048432049841393794 -0.0002339955392582033 0
1111 1 1 178329600 105205450.01609987 -131136571.53737089 -5229010.0067980355 23.379062404534906 11.665801501896263 1.162137658338688 772.63531185359045 -0.00011802281910062739 0.00048878592842134874 -0.00022024373438442389 0
1112 1 1 178416000 107214410.78902192 -130115067.34072968 -5128063.0754345506 23.124212548225525 11.979281915990518 1.1745393661930887 772.63410539819074 -0.00011377349357833179 0.00049322043996520505 -0.00020627523231840772 0
1113 1 1 178502400 109201237.94077091 -129066697.42903954 -5026059.4822884705 22.8667235889565 12.28769959245685 1.186598086928591 772.63290379876105 -0.00010960890287295434 0.00049760387319375894 -0.00019210410633054486 0
1114 1 1 178588800 111165706.92169185 -127991897.52963465 -4923028.689963514 22.606675396048495 12.591093705789104 1.198317779477676 772.63170635350218 -0.00010553408663133805 0.00050191681565316419 -0.00017774624876139839 0
1115 1 1 178675200 113107599.97305131 -126891099.99098426 -4818999.8217726378 22.34414531044078 12.889503288442217 1.2097023386786616 772.63051235198566 -0.00010155429305952063 0.00050614092032085119 -0.00016321922086085842 0
1116 1 1 178761600 115026705.91192888 -125764733.79686788 -4714001.6673206082 22.079208221780107 13.182967187298555 1.2207555942649424 772.62932107773452 -9.7674920015598481e-05 0.00051025920476142233 -0.00014854205501123668 0
1117 1 1 178848000 116922819.92268811 -124613224.58417958 -4608062.6881670766 21.811936643633452 13.471524023171947 1.2314813100099566 772.62813181084141 -9.3901445489440308e-05 0.00051425632165411561 -0.00013373501142754005 0
1118 1 1 178934400 118795743.35486537 -123436994.66410603 -4501211.0235570492 21.542400786836559 13.755212153170397 1.2418831830220145 772.62694383058761 -9.0239355035464692e-05 0.00051811878961694022 -0.00011881931103272128 0
1119 1 1 179020800 120645283.5273159 -122236463.04643944 -4393474.4962060358 21.270668630993601 14.034069635745769 1.2519648431828181 772.62575641800424 -8.6694061841386958e-05 0.00052183517203053349 -0.00010381683897958314 0
1120 1 1 179107200 122471253.53845802 -121012045.46679981 -4284880.6181276953 20.996805994147216 14.3081341982667 1.2617298527231013 772.62456885834899 -8.3270827772534878e-05 0.00052539620388132667 -8.8749842548438028e-05 0
1121 1 1 179193600 124273472.08245906 -119764154.4165556 -4175456.5964925531 20.7208766006407 14.57744320695824 1.271181705927668 772.62338044346166 -7.9974688268648797e-05 0.00052879485318732869 -7.3640627103602383e-05 0
1122 1 1 179280000 126051763.271207 -118493199.17524488 -4065229.3395068413 20.442942147196561 14.842033639059315 1.2803238289619532 772.62219047397832 -7.6810382910886841e-05 0.00053202632853001407 -5.8511261054252254e-05 0
1123 1 1 179366400 127805956.46191546 -117199585.84531109 -3954225.4623014419 20.163062367238368 15.101942057057023 1.2891595798110664 772.62099826138615 -7.3782289604590207e-05 0.00053508802694869791 -4.3383304743332912e-05 0
1124 1 1 179452800 129535886.09021054 -115883717.38898055 -3842471.2928215307 19.881295093484347 15.357204584863812 1.2976922483223843 772.61980312990624 -7.0894376121602345e-05 0.00053797943133705587 -2.8277556849929429e-05 0
1125 1 1 179539200 131241391.50855316 -114545993.66711836 -3729992.8777084127 19.597696318842605 15.607856885811236 1.3059250563423637 772.6186044182092 -6.8150155680143855e-05 0.00054070196200619875 -1.3213838472219404e-05 0
1126 1 1 179625600 132922316.82984987 -113186811.4799118 -3616815.9881658093 19.312320255640131 15.853934142341423 1.3138611579379329 772.61740148095259 -6.5552658013128819e-05 0.00054325879689779875 1.7891934198304803e-06 0
1127 1 1 179712000 134578510.77611038 -111806564.60923915 -3502966.1258037006 19.025219393218148 16.095471037284337 1.3215036396932547 772.61619369015284 -6.3104409615021587e-05 0.00054565465987759789 1.6714194566487721e-05 0
1128 1 1 179798400 136209826.53201216 -110405643.86259121 -3388468.5284536066 18.73644455392817 16.332501736615733 1.3288555210726671 772.61498043638539 -6.0807426122431349e-05 0.00054789559564058076 3.1545247182522196e-05 0
1129 1 1 179884800 137816121.60323474 -108984437.11842215 -3273348.1759499623 18.446044947563571 16.565059873597441 1.3359197548409012 772.6137611298293 -5.8663214007834651e-05 0.00054998873482167308 4.6267935497482711e-05 0
1130 1 1 179971200 139397257.67943126 -107543329.37281474 -3157629.7958730189 18.154068224262506 16.793178534207598 1.3426992275322418 772.61253520115474 -5.6672783609224426e-05 0.00055194205480783777 6.0869390071799151e-05 0
1131 1 1 180057600 140953100.50170588 -106082702.78735109 -3041337.8692493793 17.86056052591865 17.016890243774192 1.3491967599610075 772.61130210226463 -5.4836665184539735e-05 0.00055376415272781997 7.5338301541352275e-05 0
1132 1 1 180144000 142483519.7344698 -104602936.73808965 -2924496.636206896 17.565566536136917 17.23622695473172 1.3554151077660332 772.61006130688554 -5.3154935383516221e-05 0.00055546402928568356 8.9664903521590608e-05 0
1133 1 1 180230400 143988388.84155193 -103104407.86555438 -2807130.1015813081 17.269129528771163 17.451220035424459 1.3613569619823773 772.60881231102076 -5.1627248160503498e-05 0.00055705088706958067 0.0001038409306161704 0
1134 1 1 180316800 145467584.9664433 -101587490.1256482 -2689262.0404725266 16.971291415081613 17.661900259885567 1.3670249496343108 772.60755463327382 -5.0252868726865176e-05 0.00055853395047415853 0.00011785955527514476 0
1135 1 1 180403200 146920988.81655821 -100052554.84141009 -2570916.0037489478 16.672092789549929 17.868297798525202 1.372421634344511 772.6062878150409 -4.9030706847090059e-05 0.00055992230967934567 0.00013171531078056165 0
1136 1 1 180489600 148348484.55139604 -98499970.755539924 -2452115.3234986025 16.371572974389718 18.070442209665387 1.3775495169548055 772.60501142058206 -4.7959356685616962e-05 0.00056122478772849065 0.00014540399728398885 0
1137 1 1 180576000 149749959.67449468 -96930104.083619788 -2332883.1184263248 16.069770062789903 18.268362431862347 1.382411036154362 772.6037250369767 -4.7037133359007326e-05 0.00056244983187232734 0.00015892257992945418 0
1138 1 1 180662400 151125304.92906669 -95343318.567966893 -2213242.2991964468 15.766720960928792 18.462086776961051 1.3870085691118628 772.60242827397599 -4.6262110885201552e-05 0.00056360542518522211 0.00017226907850965208 0
1139 1 1 180748800 152474414.19721347 -93739975.532056794 -2093215.573720806 15.462461428796214 18.65164292382919 1.3913444321090209 772.60112076376265 -4.5632155032353186e-05 0.00056469902030268347 0.00018544245936999695 0
1140 1 1 180835200 153797184.40261596 -92120433.935460851 -1972825.4523920366 15.157026119860733 18.837057912721857 1.3954208811731852 772.59980216061786 -4.514495936594505e-05 0.0005657374991821524 0.00019844252316585559 0
1141 1 1 180921600 155093515.41660494 -90485050.429244027 -1852094.2532623205 14.850448619618556 19.018358140230063 1.399240112706714 772.59847214051115 -4.4798074851051701e-05 0.00056672714339168432 0.00021126979252028053 0
1142 1 1 181008000 156363309.96751419 -88834179.411776453 -1731044.1071679632 14.542761483060477 19.195569354768494 1.4028042641119594 772.5971304006323 -4.4588939093768434e-05 0.00056767361892546327 0.00022392541128432927 0
1143 1 1 181094400 157606473.55322605 -87168173.084912747 -1609696.9628001726 14.233996271092556 19.368716652561151 1.4061154144110479 772.59577665886184 -4.4514903031435146e-05 0.00056858198068814145 0.00023641104711566815 0
1144 1 1 181180800 158822914.35681868 -85487381.510497868 -1488074.5917225697 13.924183585945974 19.537824474085404 1.4091755848590535 772.59441065319572 -4.4573250173465401e-05 0.00056945668318697095 0.00024872879551150404 0
1145 1 1 181267200 160012543.16523111 -83792152.667162195 -1366198.5933360348 13.613353105610669 19.702916600936678 1.4119867395498802 772.59303214114004 -4.4761221753545899e-05 0.00057030159777959845 0.00026088109633710054 0
1146 1 1 181353600 161175273.29086289 -82082832.507370114 -1244090.3997915182 13.301533617326731 19.864016153078421 1.4145507860149766 772.59164089907404 -4.5076032066883891e-05 0.00057112004033955997 0.00027287066201938558 0
1147 1 1 181440000 162311020.49602693 -80359765.014691472 -1121771.2808514494 12.988753050167361 20.021145586443964 1.4168695758141823 772.59023672159833 -4.5514884698740568e-05 0.00057191480122004926 0.00028470040511482849 0
1148 1 1 181526400 163419702.92017925 -78623292.261265174 -999262.3487004604 12.675038506746306 20.174326690858443 1.41894490511837 772.58881942087055 -4.6074983360271399e-05 0.00057268818114276281 0.00029637338058982002 0
1149 1 1 181612800 164501241.00985327 -76873754.465430662 -876584.56270610914 12.360416294082205 20.32358058825054 1.4207785152839068 772.58738882593798 -4.6753543757841316e-05 0.00057344202272674818 0.0003078927315892449 0
1150 1 1 181699200 165555557.4512237 -75111490.049501598 -753758.73413034598 12.044911953651285 20.468927731125884 1.4223720934185979 772.58594478207647 -4.7547802193183331e-05 0.00057417775060970757 0.00031926164374513076 0
1151 1 1 181785600 166582577.10523391 -73336835.697661623 -630805.5307924411 11.728550290659689 20.610387901275136 1.4237272729393324 772.58448715013344 -4.8455024236905176e-05 0.00057489640505613325 0.00033048330908855435 0
1152 1 1 181872000 167582226.94521955 -71550126.41396217 -507745.481684089 11.411355402565995 20.747980208691526 1.4248456341213001 772.5830158058825 -4.9472506086111125e-05 0.00057559867832569658 0.00034156089254908198 0
1153 1 1 181958400 168554435.99696538 -69751695.580405802 -384598.98153743788 11.093350706883768 20.881723090673816 1.4257287046385647 772.58153063939346 -5.0597583449022708e-05 0.00057628495010553183 0.00035249750513541506 0
1154 1 1 182044800 169499135.28113446 -67941875.015099764 -261386.29534678589 10.774558968293174 21.011634311092429 1.4263779600959618 772.58003155441975 -5.1827632730614895e-05 0.00057695532046417319 0.00036329618108504625 0
1155 1 1 182131200 170416257.75801012 -66120995.030466892 -138127.56284469439 10.455002325090781 21.137730959796912 1.426794824552386 772.57851846780466 -5.3160072471179834e-05 0.0005776096366343226 0.00037395986266661191 0
1156 1 1 182217600 171305738.27449632 -64289384.491502047 -14842.802933264729 10.13470231500551 21.260029452145201 1.4269806710353532 772.57699130891331 -5.4592364834454871e-05 0.00057824752765606733 0.00038449138390218472 0
1157 1 1 182304000 172167513.51332188 -62447370.874064744 108448.08192864608 9.8136799004082231 21.378545528636177 1.4269368220462246 772.57545001908102 -5.6122016894331578e-05 0.00057886843181995627 0.00039489345484812542 0
1158 1 1 182390400 173001521.94439784 -60595280.323199756 231725.30138144962 9.4919554929415959 21.493294254627106 1.4266645500561184 772.57389455109205 -5.7746583729803927e-05 0.00057947161664860091 0.00040516865890601321 0
1159 1 1 182476800 173807703.77827844 -58733437.71147953 354969.17286319495 9.1695489776006998 21.604290020105989 1.4261650779912829 772.57232486892531 -5.9463622561960862e-05 0.0005800561560739989 0.00041531953438094052 0
1160 1 1 182563200 174586000.92167976 -56862166.69735904 478160.11735326791 8.8464797362752723 21.711546539676277 1.4254395798266326 772.5707409436078 -6.127089372658429e-05 0.00058062321023465906 0.00042535010426334255 0
1161 1 1 182649600 175336356.93501073 -54981789.783533566 601278.6551639057 8.5227666708090357 21.815076852348437 1.4244891809869524 772.5691427549076 -6.3165906044723605e-05 0.00058117057285587612 0.00043526177403628 0
1162 1 1 182736000 176058716.99187577 -53092628.375316404 724305.40176353941 8.1984282255631324 21.914893321548512 1.4233149588805016 772.56753028832702 -6.5146640776858212e-05 0.00058170056438214865 0.00044505917975616626 0
1163 1 1 182822400 176753027.84050667 -51195002.839011185 847221.06364893704 7.8734824095389966 22.01100763483511 1.4219179431964279 772.56590353957188 -6.7210667565211811e-05 0.00058220767773785982 0.00045474098817137689 0
1164 1 1 182908800 177419237.76708829 -49289232.560330734 970006.43422654318 7.5479468180803702 22.103430803579663 1.420299116183501 772.56426251971652 -6.935593112183094e-05 0.00058269062987524383 0.00046430911592470467 0
1165 1 1 182995200 178057296.56094044 -47375636.002807841 1092642.3897449058 7.221838654151262 22.192173163146489 1.4184594133000115 772.56260724784136 -7.158024369579014e-05 0.00058314786559523959 0.00047376511585678506 0
1166 1 1 183081600 178667155.48152271 -45454530.766208902 1215109.8852690256 6.8951747492562756 22.277244372743738 1.4163997236148864 772.56093775134707 -7.3881471058212381e-05 0.0005835779372203436 0.00048311054302885943 0
1167 1 1 183168000 179248767.22723061 -43526233.644959778 1337389.9506907621 6.5679715839908281 22.358653415275711 1.4141208902306359 772.55925406536846 -7.6257513054211838e-05 0.00058397936601086754 0.00049234683211072283 0
1168 1 1 183254400 179802085.90595305 -41591060.686586738 1459463.6867748625 6.2402453082586646 22.436408597142567 1.4116237106874927 772.55755623248047 -7.8706298869847546e-05 0.00058435065377246875 0.00050147529929089581 0
1169 1 1 183340800 180327067.00736219 -39649327.250176929 1581312.2612395219 5.9120117611769194 22.510517547989902 1.4089089373586803 772.55584430241072 -8.1225785216507628e-05 0.00058469028839356425 0.0005104971465872566 0
1170 1 1 183427200 180823667.37691122 -37701348.064862758 1702916.9048707015 5.5832864906906998 22.580987220399127 1.4059772778365802 772.55411833176402 -8.381395446912653e-05 0.00058499675041864276 0.00051941346864838793 0
1171 1 1 183513600 181291845.19151422 -35747437.288336106 1824258.9076694166 5.2540847729187341 22.647823889511596 1.4028293953096214 772.55237838376809 -8.646881526671415e-05 0.00058526852074912785 0.00052822525421254707 0
1172 1 1 183600000 181731559.93688786 -33787908.565397948 1945319.6150311772 4.9244216312518612 22.711033152579308 1.3994659089299872 772.55062452802702 -8.918839592746448e-05 0.00058550408361840087 0.00053693339309950777 0
1173 1 1 183686400 182142772.38653165 -31823075.086550213 2066080.4239568256 4.594311855225385 22.770619928435437 1.3958873941723426 772.54885684029875 -9.1970748883273037e-05 0.00058570193059909572 0.00054553867941581455 0
1174 1 1 183772800 182525444.58233133 -29853249.64663722 2186522.7792939688 4.2637700191863583 22.826588456879321 1.3920943831836148 772.54707540227787 -9.4813943490523097e-05 0.00058586056766002956 0.00055404181790193207 0
1175 1 1 183859200 182879539.8167659 -27878744.703543935 2306628.1700082757 3.9328105007761143 22.878942297969559 1.3880873651245231 772.54528030139284 -9.7716078458661332e-05 0.00058597850769030323 0.00056244343423737006 0
1176 1 1 183945600 183205022.6167053 -25899872.4369599 2426378.1254837494 3.60144749924903 22.927684331214721 1.3838667864982306 772.54347163075272 -0.00010067526231580275 0.00058605428779761335 0.00057074405967475286 0
1177 1 1 184032000 183501858.72878388 -23916944.807217546 2545754.2118496522 3.2696950536661378 22.972816754678764 1.3794330514486643 772.54164948923028 -0.00010368952752572458 0.00058608780286107894 0.00057894486238035362 0
1178 1 1 184118400 183770015.10633609 -21930273.614174202 2664738.0283676647 2.9375670607913449 23.014341085128756 1.374786523127002 772.53981395041683 -0.00010675931597582917 0.00058609444096921622 0.00058706152523932984 0
1179 1 1 184204800 184009459.89787692 -19940170.55612452 2783311.2039052802 2.6050772931363593 23.052258156009831 1.3699275232334363 772.53796508585037 -0.00010988123240241487 0.0005860598922119045 0.00059508307593756824 0
1180 1 1 184291200 184220162.43715066 -17946947.288984798 2901455.3932850133 2.2722394169991667 23.086568114805139 1.3648563310809776 772.53610300180753 -0.00011305315621436454 0.00058597788650014901 0.00060300607148698431 0
1181 1 1 184377600 184402093.23471811 -15950915.485574665 3019152.2736733286 1.9390670101586469 23.11727042260814 1.3595731846943349 772.53422781501035 -0.00011627327555981642 0.00058584703861589641 0.00061083068549062838 0
1182 1 1 184464000 184555223.97107515 -13952386.894969687 3136383.5410351008 1.6055735796388968 23.144363852884904 1.354078281239437 772.53233964737888 -0.00011953974007919288 0.000585666083152655 0.00061855699613360673 0
1183 1 1 184550400 184679527.49130526 -11951673.401970297 3253130.9066258115 1.2717725793726957 23.167846490263873 1.3483717777050115 772.53043861496826 -0.00012285243079595502 0.00058544175866118338 0.00062619366595060319 0
1184 1 1 184636800 184774977.80124199 -9949087.0866154209 3369376.0936122648 0.9376774275243579 23.187715730814006 1.3424537933027261 772.52852476995702 -0.00012621545487418215 0.00058520081592082973 0.00063377074571867493 0
1185 1 1 184723200 184841550.06516051 -7944940.2838214189 3485100.8337463937 0.60330152492367184 23.203968276963366 1.3363244062697062 772.52659819502151 -0.00012962019857613513 0.00058490785684897802 0.0006412523407960018 0
1186 1 1 184809600 184879220.60503352 -5939545.6433496829 3600286.8638963741 0.26865827163516925 23.216600140638374 1.3299836598990866 772.52465884973776 -0.00013309014881339703 0.00058466901075946147 0.00064875872800401085 0
1187 1 1 184896000 184887966.90116695 -3933216.1892601145 3714915.9233670821 -0.066238915790421238 23.225606643517818 1.3234315655161466 772.52270649880768 -0.00013663227622854809 0.00058450890346801846 0.00065632410530976656 0
1188 1 1 184982400 184867767.59430727 -1926265.3793231463 3828969.7515443508 -0.40137659051129154 23.230982430592562 1.316668121366946 772.52074022439592 -0.00014033838189213198 0.00058479336926500227 0.00066437621285351221 0
1189 1 1 185068800 184818602.48875898 80992.837494662715 3942430.0880422788 -0.73674126157757003 23.232721483454647 1.3096933316220969 772.51875793795386 -0.00014426916089467243 0.00058573923171496292 0.00067318388873414286 0
1190 1 1 185155200 184740452.55763319 2088243.9609107517 4055278.6701479801 -1.0723193572054974 23.23081704208052 1.3025071197582907 772.51675867866004 -0.00014829450392618178 0.00058679016959232012 0.0006821259645317391 0
1191 1 1 185241600 184633299.94925097 4095172.8803542554 4167497.2320219544 -1.4080972621642307 23.225261816362092 1.2951095807158308 772.51473601005364 -0.00015329911199241347 0.0005913157451044042 0.00069518865533773613 0
1192 1 1 185328000 184497127.99082243 6101463.8322651489 4279067.5233714227 -1.7440612750338425 23.216047883184249 1.2875008666246843 772.51268105246504 -0.00015896071300510514 0.00059787240884889338 0.00071078178398235675 0
1193 1 1 185414400 184331921.19634593 8106800.3455394795 4389971.31526527 -2.0801976778034375 23.203166993101572 1.2796815665828316 772.51057268197349 -0.00016786080757806362 0.00061575497437373029 0.00074017235257004606 0
1194 1 1 185500800 184137665.25306886 10110865.269609863 4500190.5064724088 -2.4164930693856599 23.186611802492347 1.2716542215211954 772.50833841676706 -0.00018468947310536742 0.00066093509567270281 0.00080321183618162607 0
1195 1 1 185587200 183914347.00516349 12113340.811237318 4609707.244376434 -2.7529338874528637 23.166374120043404 1.2634212540003527 772.50590854932921 -0.00020489611746558748 0.00071553412164961181 0.00087901858386199496 0
1196 1 1 185673600 183661954.49610767 14113908.361785876 4718503.7942121448 -3.0895059877051003 23.142443492775552 1.2549832381328687 772.5032607955485 -0.0002268364721718571 0.00077323086131959407 0.00096012071182537985 0
1197 1 1 185760000 183380477.00479367 16112248.359880608 4826562.4476614641 -3.4261949450607188 23.114808434331231 1.2463403507293989 772.50038228116466 -0.00025054798667703673 0.00083388202734153137 0.0010464654824908649 0
1198 1 1 185846400 183069905.06538457 18108040.221111543 4933865.5116201118 -3.7629861241019218 23.083456749213525 1.237492767314277 772.49725926305803 -0.00027609693318277187 0.00089744484439749903 0.0011381218955879831 0
1199 1 1 185932800 182730230.48685399 20100962.274904542 5040395.3059842288 -4.0998646456117136 23.048375484180973 1.2284406063188114 772.49387856492683 -0.00030346884709114933 0.00096361854534055956 0.0012348274112782063 0
1200 1 1 186019200 182361446.37439659 22090691.700612638 5146134.1609261744 -4.4368153891117705 23.009550997776273 1.2191840231866833 772.49022518521508 -0.00033310781053032924 0.0010335436686219348 0.001338174149229873 0
1201 1 1 186105600 181963547.14993078 24076904.471687872 5251064.4250510493 -4.7738229893925643 22.966969007073981 1.2097232780761937 772.48628059803275 -0.00036535477923222266 0.0011079407869253391 0.0014492658270857533 0
1202 1 1 186192000 181536528.57259044 26059275.30440237 5355168.4803344011 -5.1108718724821376 22.920614747258135 1.2000589552715104 772.48201724788521 -0.00040147466662806332 0.0011902318376310977 0.0015727955906599178 0
1203 1 1 186278400 181080387.76887813 28037477.583053447 5458428.7265555831 -5.4479458979938036 22.870471966869097 1.190190648227144 772.47743175500261 -0.00044061880621067845 0.001276989907567864 0.0017048536489772945 0
1204 1 1 186364800 180595123.07850668 30011183.802572295 5560828.2729827724 -5.7850343953077568 22.816539950060402 1.1801400774127531 772.47196706624368 -0.00053862106776946016 0.0015260447581045987 0.0020590172457952368 0
1205 1 1 186451200 180080734.69625267 31980063.816667683 5662348.6219968628 -6.122093243924132 22.758725249515077 1.1698032906035707 772.46820062320364 -0.00015977392848292205 0.00044635626160138088 0.00060018865887935112 0
1206 1 1 186537600 179537240.53255054 33943741.570854671 5762908.0653345687 -6.458761409680041 22.696074022024622 1.1578376351006343 772.43731989767321 -0.00016361538850832342 0.00044513305872660855 0.00061035462850736358 0
1207 1 1 186624000 178964531.85325223 35902189.102200724 5862926.2156298524 -6.7997705836282707 22.641515191896641 1.1628192096365031 772.04727379229985 -0.072618554916864045 0.19773338474544105 0.28387402914640414 0
1208 1 1 186710400 178362110.06563056 37856438.402075909 5964349.3689839551 -7.1451617386771744 22.595024372028792 1.1848445198890654 771.23518203025753 -0.07352367529288395 0.19748316078498093 0.28522621904008999 0
1209 1 1 186796800 177729860.56872824 39806459.402995713 6067613.2960930467 -7.4902467281671257 22.543697067329841 1.2055192896084441 770.4526206619646 -0.074479539161431366 0.19734499001179462 0.28674600567091857 0
1210 1 1 186883200 177067795.12550128 41751875.911764346 6172662.1300809393 -7.8353421888258943 22.488433920902043 1.2261598963519991 769.66713216040478 -0.075429622390441306 0.1971713030073298 0.28821765661848309 0
1211 1 1 186969600 176375913.75772688 43692346.548249237 6279492.392401278 -8.1804265320190979 22.429204211603878 1.246754185795707 768.8788639988129 -0.076373656004796814 0.19696181742999311 0.28964097359531699 0
1212 1 1 187056000 175654218.3827976 45627527.276281789 6388099.5938388128 -8.5254774364780328 22.365977143111635 1.2672908462091894 768.08793992744256 -0.077311015374403838 0.19671668676377585 0.29101556007874213 0
1213 1 1 187142400 174902712.89179218 47557071.367530525 6498478.2602206329 -8.8704715309412272 22.298721195019422 1.2877583894502276 767.29448446793924 -0.078241088924292088 0.19643605452678434 0.29234103654558524 0
1214 1 1 187228800 174121403.24157029 49480629.339407556 6610621.9172051819 -9.2153843617697362 22.227404134333245 1.3081451514184312 766.49862289769942 -0.079163261258840503 0.19612007562458392 0.29361702977177168 0
1215 1 1 187315200 173310297.54983029 51397848.894172929 6724523.0750293732 -9.5601903571780262 22.151993031157527 1.3284392909079092 765.70048123492347 -0.080076913480037662 0.19576891696474638 0.29484317280438893 0
1216 1 1 187401600 172469406.19328272 53308374.859426521 6840173.2131615216 -9.9048627909013618 22.072454275143304 1.348628788574848 764.90018622346452 -0.080981423189352142 0.19538275742525613 0.29601910501575524 0
1217 1 1 187488000 171598741.90898949 55211849.130059771 6957562.7648684867 -10.249373745225991 21.988753592843146 1.3687014459840421 764.09786531747989 -0.08187616493953119 0.19496178827336527 0.29714447216462109 0
1218 1 1 187574400 170698319.89892522 57107910.611748226 7076681.1017030561 -10.593694073371946 21.900856066023827 1.3886448847090638 763.29364666650395 -0.082760510127758619 0.19450621300710919 0.29821892598730537 0
1219 1 1 187660800 169768157.93781719 58996195.166069239 7197516.5179161904 -10.937793361233316 21.808726150996101 1.4084465455069135 762.48765910071245 -0.08363382752668945 0.19401624777879181 0.29924212447228421 0
1220 1 1 187747200 168808276.48431769 60876335.557337672 7320056.2148030503 -11.281639888487593 21.712327699062307 1.4280936876077013 761.68003211541782 -0.0844954833076942 0.19349212177947353 0.30021373193446754 0
1221 1 1 187833600 167818698.79556459 62747961.401257917 7444286.2849916508 -11.625200589057785 21.611623978113467 1.4475733880928914 760.8708958557653 -0.085344841285856884 0.1929340771905014 0.30113341880347233 0
1222 1 1 187920000 166799451.04518503 64610699.115493126 7570191.6966816001 -11.968441010945739 21.50657769543589 1.466872541367932 760.0603811016897 -0.086181263144913256 0.19234236943568447 0.30200086167207979 0
1223 1 1 188006400 165750562.44480884 66464171.872270264 7697756.2778408527 -12.311325275159396 21.39715102204482 1.4859778587222594 759.24861925216589 -0.087004109296507828 0.19171726720180821 0.30281574368445263 0
1224 1 1 188092800 164672065.36860469 68307999.552722648 7826962.700470088 -12.65381604886376 21.283305607020161 1.5048758706911565 758.43574231286914 -0.087812807960142042 0.19105900124883729 0.30357776627275557 0
1225 1 1 188179200 163563995.48683432 70141798.707725838 7957792.4638363319 -12.995874312971413 21.16500275266495 1.5235528915767511 757.6218828395921 -0.088604632640739187 0.19036948856578179 0.3042862422627618 0
1226 1 1 188265600 162426383.87340277 71965202.12681967 8090256.1463438254 -13.337659062256595 21.042689423063276 1.5427460539573776 756.78949687863337 -0.089389870226695894 0.18964050672045929 0.30494295661690402 0
1227 1 1 188352000 161259339.61130628 73777656.786577001 8224081.8311398719 -13.676341637694767 20.909505978777648 1.5519201654741703 756.18613396353123 -0.048330138037194395 0.086586364442645863 0.14768951680396741 0
1228 1 1 188438400 160063205.32387689 75578045.335187912 8358129.9836936826 -14.011865212735978 20.765427373167434 1.5510506113825879 755.81127912878503 -0.048963749807587553 0.086262184689763349 0.14842469940909905 0
1229 1 1 188524800 158838099.25968719 77365810.50612852 8492125.6422210764 -14.346963548080936 20.617259531503009 1.5506530503156117 755.41744346069049 -0.049556903349083664 0.085926601214750056 0.1491038691574417 0
1230 1 1 188611200 157584069.3163327 79140574.822287396 8626074.4300821964 -14.681391963718324 20.46447497205379 1.5499638015757635 755.02242476104243 -0.050140501623131169 0.085553301226137829 0.14973227214386148 0
1231 1 1 188697600 156301175.34606534 80901937.666524231 8759950.664826408 -15.015104421413444 20.307033647610478 1.5489716877520718 754.62635471814099 -0.050706731433717921 0.085148810531637531 0.15030817348130762 0
1232 1 1 188784000 154989481.27792713 82649494.971532181 8893727.6862655766 -15.348052742123558 20.144895606769367 1.5476652824163881 754.2293660229933 -0.051255290792973945 0.08471320581642186 0.15083118754435054 0
1233 1 1 188870400 153649055.27021736 84382839.199689522 9027377.8412119001 -15.680187188343456 19.978020482212838 1.5460330245480147 753.83159219192532 -0.051785517079042678 0.084246892633738898 0.15130087208014156 0
1234 1 1 188956800 152279969.85004938 86101559.310822114 9160872.4714173507 -16.011456360011511 19.806367568235562 1.5440632102619847 753.43316756807349 -0.052296745981183806 0.083750292339694082 0.15171679165818375 0
1235 1 1 189043200 150882302.05892426 87805240.734130725 9294181.901340276 -16.341807149699417 19.629895848020656 1.5417439953780041 753.03422730783154 -0.05278831550256128 0.083223839513375031 0.15207851832395133 0
1236 1 1 189129600 149456133.60227153 89493465.342608422 9427275.4261298105 -16.671184695633492 19.448564023968824 1.5390633979030723 752.63490736719871 -0.053259566230007993 0.082667982241097324 0.15238563157931359 0
1237 1 1 189216000 148001551.00307944 91165811.430157006 9560121.299832616 -16.999532334036907 19.262330549856983 1.5360093006948221 752.2353444879144 -0.053709841776662971 0.082083182332263069 0.15263771834494747 0
1238 1 1 189302400 146518645.75966874 92821853.691562608 9692686.723837886 -17.326791550849826 19.071153664885376 1.5325694543175135 751.83567618339941 -0.054138489325027621 0.081469915394134201 0.15283437291199983 0
1239 1 1 189388800 145007514.50766492 94461163.205497727 9824937.8355779257 -17.652901932843577 18.874991429687281 1.5287314801040248 751.43604072464268 -0.05454485996711661 0.080828670834312152 0.1529751969492926 0
1240 1 1 189475200 143468259.18621895 96083307.420722798 9956839.697503075 -17.977801118167211 18.673801764412826 1.524482873448916 751.03657712557026 -0.054928309394042286 0.080159952221905584 0.15305979966320979 0
1241 1 1 189561600 141900987.20852366 97687850.145671248 10088356.286351766 -18.301424746371055 18.467542488976456 1.5198110073487316 750.63742512780652 -0.055288198413273849 0.079464277220057028 0.15308779786863452 0
1242 1 1 189648000 140305811.63666916 99274351.54160817 10219450.482737293 -18.62370640793868 18.256171365539867 1.5147031361915029 750.23872518521989 -0.055623893546679959 0.078742177604194191 0.15305881599186502 0
1243 1 1 189734400 138682851.36087871 100842368.11955674 10350084.061074238 -18.944577593382462 18.039646143278215 1.5091463998378165 749.84061844812459 -0.055934767462685303 0.077994199591570751 0.15297248608480379 0
1244 1 1 189820800 137032231.28315088 102391452.74128352 10480217.679824036 -19.263967642083319 17.817924607988473 1.5031278267350283 749.44324674670861 -0.056220195754419174 0.077220920474897481 0.15282844107119481 0
1245 1 1 189907200 135354082.50554779 103921154.62388447 10609810.872494224 -19.581803684300759 17.59096460932162 1.4966343521344909 749.04675257663291 -0.056479476333582475 0.076422669459187492 0.15262648507817334 0
1246 1 1 189993600 133648533.8380239 105431030.8674376 10738845.418453934 -19.898226031349822 17.359009898571724 1.4902327134200395 748.63827347096901 -0.056712074724724074 0.075601302492815631 0.15236563563100777 0
1247 1 1 190080000 131915801.30937335 106920527.87518051 10867084.784416815 -20.210141310220386 17.118015262395726 1.4757879569100274 748.40003776767912 -0.012113993123898324 0.015342872626509534 0.03144131629827189 0
1248 1 1 190166400 130156356.53883317 108388759.84614412 10993622.564697683 -20.517451275289769 16.867966519377056 1.4532767468389716 748.33210963033844 -0.012025349755842999 0.014961944994804658 0.030995409555267871 0
1249 1 1 190252800 128370431.82869384 109835169.98473378 11118218.810869573 -20.823074783816551 16.612854414115986 1.4308045638136877 748.25249784794198 -0.011897286182742396 0.014561764918305273 0.0304861715507206 0
1250 1 1 190339200 126558186.3487457 111259305.80525103 11240849.696298067 -21.126714464569954 16.35235051222751 1.4077803948680789 748.17437591627993 -0.011744862087365556 0.014133318527696961 0.029910990576920947 0
1251 1 1 190425600 124719795.14304186 112660699.70429504 11361467.038227564 -21.428285519107213 16.086414371405393 1.3841928589907879 748.09791022074091 -0.011562051799478727 0.013680387385020242 0.029268977176641862 0
1252 1 1 190512000 122855440.70844124 114038880.61095159 11480021.667199247 -21.727700331189592 15.81500610052497 1.3600304879475671 748.02327010200156 -0.011348177496024901 0.013203122808091213 0.028558759577881451 0
1253 1 1 190598400 120965313.21728878 115393374.0213536 11596463.417491226 -22.02486882592591 15.538086138092275 1.335281686834942 747.95062818661631 -0.01110221664459681 0.012701815368172088 0.027778816113904578 0
1254 1 1 190684800 119049610.73481792 116723702.03098232 11710741.115760768 -22.319698361494797 15.255615335975724 1.3099347234626195 747.88016086641608 -0.010823057575333526 0.012176691850873649 0.026927423669955271 0
1255 1 1 190771200 117108539.44375359 118029383.37273654 11822802.568450101 -22.612093663555132 14.967555014024857 1.283977710502834 747.81204887950673 -0.010509488845415731 0.01162789006367778 0.02600260726933408 0
1256 1 1 190857600 115142313.87472679 119309933.45978168 11932594.547398847 -22.901956756054151 14.673867016113034 1.2573985815564375 747.74647803497305 -0.010160170267608772 0.011055435882673721 0.02500207547760637 0
1257 1 1 190944000 113151157.14282621 120564864.43326433 12040062.77305604 -23.189186888214699 14.374513766589059 1.2301850591395427 747.68364012512143 -0.009773595814934961 0.010459212844895099 0.023923135746066318 0
1258 1 1 191030400 111135301.19065672 121793685.21489093 12145151.894484278 -23.473680456718569 14.069458326265238 1.2023246119329394 747.62373408378903 -0.0093480445604241895 0.0098389225225583455 0.022762583113928515 0
1259 1 1 191116800 109094987.03838086 122995901.5642858 12247805.465083024 -23.755330921593963 13.758664446855869 1.1738043977631736 747.56696746862997 -0.008881515575622655 0.0091940330023562652 0.021516553509990707 0
1260 1 1 191203200 107030465.04137009 124171016.14093453 12347965.912604099 -24.034028713789557 13.442096622409288 1.1446111875978184 747.51355837111782 -0.0083716416003180895 0.0085237119032127179 0.020180330119334813 0
1261 1 1 191289600 104941995.15629263 125318528.57037678 12445574.501567762 -24.309661131827585 13.119720135907507 1.1147312645459413 747.46373788608832 -0.0078155765789421801 0.0078267415390682743 0.018748092788022634 0
1262 1 1 191376000 102829847.21671125 126437935.51414542 12540571.285625786 -24.582112224498424 12.791501099100559 1.0841502910068783 747.41775329065058 -0.007209855351215308 0.0071014179331304363 0.017212608280708665 0
1263 1 1 191462400 100694301.21952173 127528730.74280731 12632895.046847688 -24.851262656944936 12.457406484474378 1.0528531382404047 747.37587205603006 -0.0065502372562188469 0.0063454502404985376 0.015564891867278873 0
1264 1 1 191548800 98535647.623692423 128590405.21153542 12722483.218685366 -25.116989560605518 12.117404153198168 1.0208236811236551 747.33838662242295 -0.0058315928541268526 0.0055559271927022496 0.01379398582597508 0
1265 1 1 191635200 96354187.662029773 129622447.13794683 12809271.79084211 -25.379166388097119 11.771462881364643 0.9880445967726178 747.30561914380314 -0.0050481147691715089 0.0047294024817950853 0.011887386229896553 0
1266 1 1 191721600 94150233.228162378 130624342.48184527 12893196.219517782 -25.637673620017029 11.419562330596703 0.95452255928884666 747.27736708777252 -0.0041939896336719729 0.0038639409192414145 0.0098334374316122047 0
1267 1 1 191808000 91924111.863785788 131595570.81650788 12974180.440614734 -25.892221464139599 11.061532278369754 0.91987425331716088 747.26201348970312 -0.0010225912186141645 0.00092357196401515902 0.0023866314518291259 0
1268 1 1 191894400 89676173.802071899 132535599.38606049 13052121.113594869 -26.142730509829647 10.697399570464457 0.88421632070287703 747.25694106229867 -0.00095093323657100134 0.00084488857936939449 0.0022107664293637371 0
1269 1 1 191980800 87406762.063372806 133443910.71633472 13126958.169545652 -26.38927404173846 10.327332737764756 0.84802872388905182 747.25154883882988 -0.00087836729259066623 0.0007690102820048653 0.0020352296467280643 0
1270 1 1 192067200 85116225.775750592 134319990.6447072 13198644.187956359 -26.631701914785939 9.9512993666713747 0.81127556451427874 747.24660066122374 -0.00080775024831126606 0.00069641139674082495 0.0018652579100221264 0
1271 1 1 192153600 82804926.480471075 135163322.9357402 13267130.301748874 -26.869875935801883 9.5692830501829249 0.77395697332859981 747.24207186581259 -0.00074232963663788446 0.00063035983455390009 0.001708630348490233 0
1272 1 1 192240000 80473237.789641529 135973390.04325545 13332367.70173711 -27.103654853111699 9.1812698440831575 0.7360741043415252 747.23792022048849 -0.00068424817298205732 0.00057236334799808076 0.0015700563717545011 0
1273 1 1 192326400 78121545.66747357 136749673.31320399 13394307.688404739 -27.3328938668866 8.7872479753959745 0.69762807733583376 747.23410958580507 -0.00062981353245578238 0.00051904521941035944 0.0014408744072686487 0
1274 1 1 192412800 75750248.75442794 137491653.16499773 13452901.633277863 -27.557444393770187 8.3872078439583788 0.65861954577782555 747.23061967311207 -0.00057798355656440178 0.00046937401473032638 0.0013185788362321327 0
1275 1 1 192499200 73359758.683248043 138198809.29701728 13508100.967872147 -27.777154281058053 7.981142401155144 0.61904928543396098 747.22743345595529 -0.00052858835000611489 0.00042307109732649876 0.0012026792810831755 0
1276 1 1 192585600 70950500.38561967 138870620.91689384 13559857.201916903 -27.991867836214634 7.569047368639958 0.57891834558868238 747.22453420638954 -0.00048173126539808529 0.0003800852279104093 0.0010933137318582969 0
1277 1 1 192672000 68522912.398191154 139506566.98915085 13608121.949814387 -28.201425819762957 7.1509214281728868 0.53822810594674197 747.22190461581943 -0.00043758919451635387 0.0003404222282094927 0.0009907894059355089 0
1278 1 1 192758400 66077447.172099009 140106126.49713776 13652846.955023782 -28.405665369853796 6.7267663618235529 0.49698016853242666 747.21952952986078 -0.0003963458345930457 0.00030409110776915481 0.0008954310917185617 0
1279 1 1 192844800 63614571.362018719 140668778.73769391 13693984.165493943 -28.604420809970726 6.2965878649923637 0.45517822966684862 747.21735553017879 -0.00037053520636127731 0.00028044197766637086 0.00083540502529399628 0
1280 1 1 192931200 61134766.040528618 141194003.68900409 13731485.980900303 -28.79752386976633 5.8603958893584434 0.41282860192949888 747.21528003446167 -0.00036265748751401701 0.00027082351544044261 0.00081605675404571834 0
1281 1 1 193017600 58638526.995858639 141681282.33054984 13765305.313430028 -28.984801829490788 5.4182034371454915 0.36993605392182549 747.21324241043567 -0.00035769482546593945 0.00026363073395548417 0.00080342598498743631 0
1282 1 1 193104000 56126365.150721326 142130096.89107057 13795395.378122501 -29.166077361526042 4.9700266799045361 0.32650347762677934 747.21123155181851 -0.00035471970903981317 0.00025809178663894588 0.00079537445887731587 0
1283 1 1 193190400 53598806.907114737 142539931.17243865 13821709.650983937 -29.341169461379483 4.5158858860583946 0.28253398588651113 747.20924055807779 -0.00035214785225344758 0.0002530209239779965 0.00078834704125909467 0
1284 1 1 193276800 51056394.465734154 142910270.91157082 13844201.883342139 -29.509893458386113 4.0558056411088224 0.23803091244354627 747.20726719057393 -0.00034994619262677083 0.00024838286049259022 0.00078225935847143883 0
1285 1 1 193363200 48499686.136460252 143240604.16717097 13862826.13318013 -29.672061123965836 3.5898151390198265 0.19299801000820349 747.20531003035717 -0.00034774993391606759 0.0002439178774398376 0.00077630065936907481 0
1286 1 1 193449600 45929256.645267308 143530421.72742295 13877536.799830489 -29.827480696642247 3.117948412175267 0.14743944190142011 747.20336914988707 -0.0003454286716341521 0.00023954026357276054 0.00077018714737102888 0
1287 1 1 193536000 43345697.436186478 143779217.53949255 13888288.663153088 -29.975956958083348 2.6402445965067391 0.10135986396882787 747.20144483231422 -0.000343010620724697 0.00023527484681330925 0.00076398081783742554 0
1288 1 1 193622400 40749616.967041299 143986489.16162416 13895036.927983653 -30.117291298670775 2.1567481876787413 0.054764459097322166 747.19953733468788 -0.00034046742216513093 0.00023110644016905948 0.00075761619909794334 0
1289 1 1 193708800 38141640.999604367 144151738.23724619 13897737.270314539 -30.251281787331955 1.6675092986649371 0.0076589563561470057 747.19764699938037 -0.00033780279242758525 0.00022704227018932539 0.00075109889492490996 0
1290 1 1 193795200 35522412.882894881 144274470.99181098 13896345.885813376 -30.377723257997339 1.1725839265234166 -0.039950339883798772 747.19577416048355 -0.0003350152064796483 0.0002230858718753409 0.00074442274594902478 0
1291 1 1 193881600 32892593.82858298 144354198.75284505 13890819.540566169 -30.496407406911295 0.67203422349617692 -0.088056525509366212 747.19391916262612 -0.00033210525950560789 0.00021924290078808721 0.00073758663656032033 0
1292 1 1 193968000 30252863.177333888 144390438.49370536 13881115.624075007 -30.607122905195574 0.16592877461544828 -0.13665206891124884 747.1920823178084 -0.00032908342328747899 0.00021552676277985153 0.00073061213148150207 0
1293 1 1 194054400 27603918.654817618 144382713.40152371 13867192.204608697 -30.70965552495797 -0.34565712061347137 -0.18572878589368222 747.1902639288536 -0.00032594412188433834 0.00021193771213362229 0.0007234819794948986 0
1294 1 1 194140800 24946476.616205148 144330553.46965107 13849008.086610874 -30.80378828082134 -0.86264116210637587 -0.23527781483583959 747.18846432622081 -0.00032268797600406706 0.00020848020896175701 0.00071619238030255826 0
1295 1 1 194227200 22281272.277651668 144233496.11506444 13826522.870452482 -30.889301589211922 -1.3849337579330936 -0.28528958853680342 747.18668383979821 -0.00031931725223651342 0.00020516062541041496 0.00070874366567997573 0
1296 1 1 194313600 19609059.933296755 144091086.82107964 13799697.014575478 -30.96597344454149 -1.9124377299007531 -0.33575380690791151 747.18492279434497 -0.00031583436897176739 0.0002019855308723056 0.00070113617485229507 0
1297 1 1 194400000 16930613.156264558 143902879.80562243 13768491.899991313 -31.033579613567476 -2.4450480164577848 -0.38665940970414986 747.18318150952007 -0.00031224196384223833 0.00019896159733660051 0.00069337023916286422 0
1298 1 1 194486400 14246724.982051557 143668438.7152597 13732869.897141034 -31.09189384887328 -2.9826513735956426 -0.437994549140092 747.18146029945729 -0.00030854287722365773 0.00019609563486976803 0.00068544617988584215 0
1299 1 1 194572800 11558208.072613031 143387337.34512931 13692794.435122423 -31.140688122316146 -3.5251260746192159 -0.48974656249680892 747.17975947230616 -0.00030474015379613383 0.00019339460252893432 0.00067736429673266043 0
1300 1 1 194659200 8865894.8593865093 143059160.38482371 13648230.073280865 -31.179732879291109 -4.0723416097491292 -0.54190194481575404 747.17807932974847 -0.00030083704601791315 0.00019086560132597469 0.00066912485647020509 0
1301 1 1 194745600 6170637.6634176429 142683504.19019744 13599142.575151972 -31.208797314638613 -4.6241583866114819 -0.59444632178458767 747.17642016651314 -0.00029683701387124589 0.00018851588252790188 0.00066072808229401478 0
1302 1 1 194832000 3473308.7906840295 142259977.58097407 13545498.984733876 -31.22764967099064 -5.1804274327494308 -0.64736442294063135 747.17478227005631 -0.00029274379404080407 0.00018635321457011425 0.00065217432498983446 0
1303 1 1 194918400 774800.60063872999 141788202.6639277 13487267.705069633 -31.236057560513519 -5.7409901012689968 -0.70064005491086023 747.17316591150734 -0.00028856383368471998 0.00018438762525233715 0.00064346917096362946 0
1304 1 1 195004800 -1923974.4540726382 141267815.68130443 13424418.579113809 -31.233788310401323 -6.3056777813212994 -0.75425607567061903 747.17157134662614 -0.00028430093087886821 0.00018262670469418871 0.00063461127678498543 0
1305 1 1 195091200 -4622083.81878551 140698467.88398933 13356922.972754525 -31.220609332682432 -6.8743116149421111 -0.80819437009522488 747.16999883009328 -0.00027995727723732739 0.00018107665901549364 0.00062559600350055723 0
1306 1 1 195177600 -7318574.86103829 140079826.4288289 13284753.859941186 -31.196288519563574 -7.4467022212814298 -0.86243582562793342 747.16844861358004 -0.0002755369396370613 0.00017974537676783317 0.00061642235244351213 0
1307 1 1 195264000 -10012474.930071231 139411575.29939729 13207885.909890192 -31.160594664670068 -8.02264943005585 -0.91696030874224499 747.16692093833944 -0.00027104461410443675 0.00017864148713647932 0.0006070897697011676 0
1308 1 1 195350400 -12702791.453843916 138693416.2493206 13126295.576260049 -31.113297910376648 -8.601942026240426 -0.97174664286820589 747.1654160337132 -0.00026648522033245151 0.00017777393360002885 0.00059759744282565359 0
1309 1 1 195436800 -15388512.075846264 137925069.76710811 13039961.188174024 -31.054170221681431 -9.1843575078156583 -1.0267725877174592 747.16393411626711 -0.00026186386475139011 0.00017715197874240525 0.00058794426662094512 0
1310 1 1 195523200 -18068604.834009048 137106276.06128091 12948863.042963095 -30.982985886888216 -9.7696618585424808 -1.0820148201704436 747.16247538876939 -0.00025718583522464379 0.00017678525081653841 0.00057812877608744043 0
1311 1 1 195609600 -20742018.384036303 136236796.06440732 12852983.500485316 -30.899522045217442 -10.357609337868029 -1.1374489169318038 747.16104003907049 -0.00025245659154517696 0.00017668378392610357 0.00056814907298885508 0
1312 1 1 195696000 -23407682.269486483 135316412.45447206 12752307.078859877 -30.80355924132768 -10.947942290164065 -1.193049339163851 747.1596282388748 -0.00024768175010149131 0.00017685806141006083 0.00055800274317249375 0
1313 1 1 195782400 -26064507.240921341 134344930.69180962 12646820.551435482 -30.694882006578709 -11.540390975592031 -1.248789419317311 747.15824014239263 -0.00024286706615037393 0.00017731906108089287 0.00054768674942382565 0
1314 1 1 195868800 -28711385.626419637 133322180.06963061 12536513.044793522 -30.573279466700363 -12.13467342497373 -1.3046413503857246 747.15687588485343 -0.00023801841123143454 0.00017807831002131987 0.00053719731593939802 0
1315 1 1 195955200 -31347191.75571638 132248014.77596341 12421376.137566606 -30.438545975351087 -12.730495321123325 -1.3605761778166456 747.15553558085742 -0.00023314174591105357 0.00017914793689367784 0.00052652978173756777 0
1316 1 1 196041600 -33970782.440175027 131122314.96461412 12301403.95983257 -30.290481772854299 -13.32754990916245 -1.4165637943188791 747.15421932254833 -0.00022824308616928524 0.00018054073085392155 0.00051567843280512604 0
1317 1 1 196128000 -36580997.51072976 129944987.83253062 12176593.292823322 -30.128893669190894 -13.925517938393176 -1.4725729378089973 747.15292717756859 -0.00022332846060576803 0.00018227019850766425 0.00050463630151330904 0
1318 1 1 196214400 -39176660.415845834 128715968.70073193 12046943.66866657 -29.953595750102828 -14.524067638342691 -1.5285711927440668 747.15165918677803 -0.00021840385901109768 0.00018435061950006044 0.00049339492744056139 0
1319 1 1 196300800 -41756578.88143678 127435222.09573606 11912457.469857225 -29.764410104925478 -15.122854731615753 -1.5845249950888143 747.15041536168394 -0.00021347517002435397 0.00018679709837685548 0.00048194407782227076 0
1320 1 1 196387200 -44319545.634547219 126102742.82819217 11773140.028133661 -29.561167574517714 -15.721522486195338 -1.6403996411653501 747.149195681538 -0.00020854810480521141 0.00018962559874585207 0.0004702714154845545 0
1321 1 1 196473600 -46864339.19245781 124718557.06519532 11628999.722412763 -29.343708517397012 -16.319701809815655 -1.6961593006318065 747.14800009005205 -0.0002036280987415802 0.0001928529605838189 0.00045836210832649347 0
1322 1 1 196560000 -49389724.718694136 123282723.3925367 11480048.075416557 -29.111883591917497 -16.917011388992631 -1.7517670338315119 747.14682849165501 -0.00019872019587905668 0.000196496880734866 0.00044619837720614693 0
1323 1 1 196646400 -51894454.947221525 121795333.86292075 11326299.84860253 -28.865554552049808 -17.51305787523475 -1.80718481374773 747.1456807472149 -0.00019382890268153835 0.0002005758386519635 0.00043375897078405272 0
1324 1 1 196732800 -54377271.175886221 120256515.02596848 11167773.134989966 -28.604595054037208 -18.107436120868002 -1.8623735527895 747.14455666912693 -0.00018895801180168908 0.000205108945266915 0.00042101856868104176 0
1325 1 1 196819200 -56836904.329913713 118666428.93561725 11004489.449455552 -28.328891470914073 -18.699729466792686 -1.9172931346213034 747.14345601565594 -0.0001841103819375201 0.00021011566926268309 0.00040794711193779603 0
1326 1 1 196905600 -59272076.096003398 117025274.13033652 10836473.816053919 -28.038343711583035 -19.28951008434537 -1.9719024512324472 747.14237848440143 -0.0001792876721163059 0.00021561539591295837 0.00039450908209384732 0
1327 1 1 196992000 -61681500.127260238 115333286.58139715 10663754.851902625 -27.732866040860454 -19.876339373264056 -2.0261594454207414 747.14132370472362 -0.00017449002175398692 0.0002216267446538014 0.00038066275519000638 0
1328 1 1 197078400 -64063883.318881571 113590740.60426658 10486364.847157253 -27.41238789661751 -20.459768417550773 -2.0800211588376363 747.14029122897261 -0.00016971567113819916 0.00022816654348982096 0.00036635950294485316 0
1329 1 1 197164800 -66417927.154171295 111797949.72806016 10304339.840590939 -27.076854699871554 -21.039338500790148 -2.1334437857070281 747.1392805223461 -0.0001649605262084137 0.00023524834446496536 0.0003515432464115092 0
1330 1 1 197251200 -68742329.120083809 109955267.51785216 10117719.690284949 -26.726228653424076 -21.61458168221662 -2.1863827322848741 747.13829095124322 -0.00016021768128567085 0.00024288031077243598 0.00033615025365742158 0
1331 1 1 197337600 -71035784.191108957 108063088.34455377 9926548.1389333159 -26.360489524401796 -22.185021434526234 -2.238792682068369 747.13732177005465 -0.00015547694989127321 0.00025106231574534114 0.00032010956127514497 0
1332 1 1 197424000 -73296986.379899159 106121848.09699138 9730872.8732670732 -25.979635405843361 -22.750173344097103 -2.2906276666900616 747.13637210651848 -0.00015072448330099447 0.00025978208677861745 0.00030334441782717617 0
1333 1 1 197510400 -75524630.352611393 104132024.83077779 9530745.5771129224 -25.583683452290746 -23.309545873913709 -2.341841142341087 747.13544094609927 -0.00014594263514386326 0.00026901033229177285 0.00028577527493746683 0
1334 1 1 197596800 -77717413.106495053 102094139.34856054 9326221.9776189867 -25.172670584201416 -23.862641189070494 -2.3923860714634504 747.13452711639388 -0.00014111031157431779 0.00027869501944753302 0.00026732488771527904 0
1335 1 1 197683200 -79874035.706804127 100008755.70626374 9117361.8842075281 -24.746654155897126 -24.40895604424076 -2.4422150093486659 747.13362927332798 -0.00013620411964697152 0.00028875542299398204 0.00024792595699662606 0
1336 1 1 197769600 -81993205.07965304 97876481.640016243 8904229.2198490575 -24.305712581710054 -24.947982731918678 -2.4912801952085699 747.13274589183277 -0.00013120062717865311 0.00029907718776650885 0.00022753127229055753 0
1337 1 1 197856000 -84073635.856972367 95697968.908591121 8686892.0442904048 -23.84994591496633 -25.479210089557405 -2.539533647292112 747.13187526445347 -0.00012607989192072843 0.00030951038120873578 0.00020612538641587394 0
1338 1 1 197942400 -86114052.269258305 93473913.546376541 8465422.5689011719 -23.379476374439875 -26.002124562956002 -2.5869272617560286 747.13101551143734 -0.00012082997783762617 0.00031987283420556917 0.00018373562903832737 0
1339 1 1 198028800 -88113190.081344709 91205056.02216053 8239897.1628177054 -22.894448812894193 -26.516211322475527 -2.6334129152642647 747.13016460462529 -0.00011545159679621663 0.00032996042909975255 0.00016043928912715631 0
1340 1 1 198115200 -90069798.565960765 88892181.29933694 8010396.3500517569 -22.395031122301241 -27.020955428028689 -2.678942571612509 747.12932040471492 -0.00010996148937863831 0.00033956411310326519 0.00013636393229326998 0
1341 1 1 198201600 -91982642.509369016 86536118.793507591 7777004.7971948702 -21.881414570326665 -27.515843038420645 -2.7234683928849752 747.12848070782809 -0.00010439321030447974 0.0003484907313602546 0.00011167958228166519 0
1342 1 1 198288000 -93850504.242914632 84137742.223843873 7539811.2913060933 -21.35381406277893 -28.000362660533778 -2.7669428555866697 747.12764329449476 -9.879475611115355e-05 0.00035658285569339069 8.6584310362542913e-05 0
1343 1 1 198374400 -95672185.693870008 81697969.354958639 7298908.7075465918 -20.812468327006432 -28.474006433887006 -2.8093188718192059 747.12680597375277 -9.3223654843142316e-05 0.00036373286650486869 6.128710290004997e-05 0
1344 1 1 198460800 -97446510.448544219 79217761.62642698 7054393.9661417026 -20.257640011701493 -28.936271446013098 -2.8505499150335263 747.12596661740577 -8.7741035637189013e-05 0.0003698887897998944 3.5992218344555547e-05 0
1345 1 1 198547200 -99172325.820260167 76698123.66750209 6806367.9783122288 -19.689615699161308 -29.3866610737266 -2.890590149438979 747.12512318323741 -8.2406257479189293e-05 0.00037505222441850598 1.0887658975069488e-05 0
1346 1 1 198633600 -100848504.91448638 74140102.695025221 6554935.5809074808 -19.108705826670338 -29.824686344727727 -2.9293945619330577 747.12427372917705 -7.7273038078876414e-05 0.00037927062921347588 -1.3861875096657615e-05 0
1347 1 1 198720000 -102473948.68314967 71544787.793037251 6300205.4595715664 -18.515244514251009 -30.249867313267607 -2.9669190954288047 747.1234164218788 -7.2387221979434274e-05 0.0003826265945959009 -3.8118634062563071e-05 0
1348 1 1 198806400 -104047587.95993949 68913309.07317315 6042290.0603665132 -17.909589296586223 -30.661734442941434 -3.0031207825713442 747.12254954288528 -6.7785810134080469e-05 0.00038522617323251494 -6.1773381857277792e-05 0
1349 1 1 198892800 -105568385.46824959 66246836.715542182 5781305.4898585556 -17.29212075749107 -31.059829989151552 -3.0379578789301753 747.12167149427012 -6.3496797433456253e-05 0.00038718760674212008 -8.4745629689980581e-05 0
1350 1 1 198979200 -107035337.79329027 63546579.89045877 5517371.4037510781 -16.663242065933005 -31.443709373384802 -3.0713899947827961 747.12078080421702 -5.9539487302699e-05 0.00038863134676418406 -0.00010698270257501913 0
1351 1 1 199065600 -108447477.30984528 60813785.562082268 5250610.8842245778 -16.023378413278866 -31.812942541157252 -3.1033782245908768 747.11987613196527 -5.5925119898277583e-05 0.00038967199423166717 -0.00012845756531505039 0
1352 1 1 199152000 -109803874.05715173 58049737.175735667 4981150.3062223801 -15.372976352174764 -32.167115295286919 -3.1338852732582456 747.1189562711578 -5.2657745867696559e-05 0.00039041253419139622 -0.00014916547394119373 0
1353 1 1 199238400 -111103637.55244891 55255753.231398262 4709119.1929988852 -14.712503038219326 -32.505830596071135 -3.1628755782806768 747.11802015077762 -4.9735271312782866e-05 0.00039094092283441559 -0.00016911977638436353 0
1354 1 1 199324800 -112345918.53487505 52433185.74659539 4434650.0613218807 -14.042445376361046 -32.828709819977995 -3.1903154269517184 747.11706683329999 -4.7150590175533993e-05 0.00039132878884344985 -0.00018834735354007195 0
1355 1 1 199411200 -113529910.63159147 49583418.612626888 4157878.2567896163 -13.363309074723912 -33.135393968605349 -3.2161730678616407 747.11609551018819 -4.4892714328448805e-05 0.00039163177295385948 -0.00020688420710775592 0
1356 1 1 199497600 -114654851.93828028 46707865.848779231 3878941.779785872 -12.675617609335101 -33.425544819910215 -3.2404188160018306 747.11510549521915 -4.2947809197192604e-05 0.00039189095471247112 -0.00022477159173015814 0
1357 1 1 199584000 -115720026.50649542 43807969.759842329 3597981.1026529586 -11.97991110398605 -33.698846014042942 -3.2630251508506363 747.11409621631083 -4.1300085142109625e-05 0.0003921348680252221 -0.00024205288111193058 0
1358 1 1 199670400 -116724765.73074372 40885199.002898566 3315138.9787140391 -11.276745130195645 -33.955004066527501 -3.2839668068682557 747.11306720652215 -3.9932524170386773e-05 0.00039238170499426037 -0.00025877122777778907 0
1359 1 1 199756800 -117668449.62863275 37941046.569957547 3030560.2438238105 -10.566689432949595 -34.193749302002296 -3.3032208558724134 747.11201809480292 -3.8827438628688654e-05 0.0003926414425164916 -0.00027496795008429589 0
1360 1 1 199843200 -118550508.00794229 34977027.693574809 2744391.6111703776 -9.8503265885531732 -34.414836702271245 -3.3207667808067356 747.11094859693719 -3.7966880874527734e-05 0.00039291774569658359 -0.00029068151818821737 0
1361 1 1 199929600 -119370421.51504946 31994677.683106318 2456781.460091582 -9.128250601545453 -34.618046663009423 -3.3365865404565764 747.10985850696545 -3.7332928536894557e-05 0.00039320959339137764 -0.00030594700316341922 0
1362 1 1 200016000 -120127722.55976281 28995549.699712548 2167879.6197053907 -8.401065448171904 -34.803185654119403 -3.3506646247164031 747.10874768924646 -3.690787615746989e-05 0.00039351260620929928 -0.00032079586658249258 0
1363 1 1 200102400 -120821996.11228919 25981212.478627279 1877837.1481858296 -7.66938357439036 -34.970086779441189 -3.3629881000684629 747.10761607124107 -3.6674350949659079e-05 0.00039382010699128044 -0.00033525597487900165 0
1364 1 1 200188800 -121452880.36876455 22953248.007545851 1586806.1085426772 -6.933824356785907 -35.118610232270086 -3.3735466449944718 747.10646363702961 -3.6615381752936691e-05 0.00039412394651681015 -0.00034935175259643203 0
1365 1 1 200275200 -122020067.28251761 19913249.17025993 1294939.3417842609 -6.1950125350877103 -35.248643643927366 -3.3823325751119611 747.10529042152245 -3.6714431988513559e-05 0.00039441514391176164 -0.00036310443040261378 0
1366 1 1 200361600 -122523302.95899634 16862817.364868369 1002390.2383574945 -5.4535766252095899 -35.360102323451677 -3.3893408578999531 747.10409650531619 -3.6955405176245658e-05 0.00039468436196746226 -0.0003765323200030397 0
1367 1 1 200448000 -122962387.91306622 13803560.106024815 709312.50876776013 -4.710147321875481 -35.452929387318534 -3.3945691169555903 747.1028820101435 -3.7322645048193272e-05 0.0003949222718938724 -0.00038965111253432536 0
1368 1 1 200534400 -123337177.18817288 10737088.620739954 415859.95428279665 -3.965355899937498 -35.527095778946517 -3.3980176258026424 747.10164709482342 -3.780092298403522e-05 0.00039511981613963177 -0.00040247416554594706 0
1369 1 1 200620800 -123647580.33764888 7665015.4472409291 122186.23861960153 -3.2198326234481685 -35.582600178597929 -3.3996892913514722 747.1003919516761 -3.8375424940074825e-05 0.00039526839787601994 -0.00041501277933921011 0
1370 1 1 200707200 -123893561.26922143 4588952.0463012522 -171555.33849868653 -2.4742051714121196 -35.619468805116618 -3.399589627188409 747.09911680332721 -3.9031736037956027e-05 0.00039536002088589407 -0.00042727644862701806 0
1371 1 1 200793600 -124075137.95453951 1510506.4342948066 -465212.0650476024 -1.7290970889180164 -35.637755111759866 -3.3977267169482737 747.09782189984969 -3.9755833070328671e-05 0.00039538738013502976 -0.00043927309439356762 0
1372 1 1 200880000 -124192382.0062793 -1568719.1530014512 -758632.03682464478 -0.98512627204282166 -35.637539379160579 -3.3941111680963152 747.09650751620461 -4.053407421900803e-05 0.00039534392438239402 -0.00045100926642660565 0
1373 1 1 200966400 -124245418.12609313 -4647130.5571260303 -1051664.3731789789 -0.24290349453234494 -35.618928209192568 -3.3887560565141897 747.09517394993156 -4.1353188937970014e-05 0.00039522389662497164 -0.00046249032810376499 0
1374 1 1 201052800 -124234423.42734243 -7723143.9457986476 -1344159.4275723922 0.4969690161965003 -35.582053924198917 -3.381676862348344 747.09382151905777 -4.2200278769940592e-05 0.00039502235132837316 -0.00047372062113366757 0
1375 1 1 201139200 -124159626.63718258 -10795188.005972015 -1635968.9922384277 1.2338989467110497 -35.527073876670592 -3.3728913976355916 747.09245056019824 -4.3062814891692646e-05 0.00039473515633099736 -0.00048470360295672845 0
1376 1 1 201225600 -124021307.18315016 -13861706.073572803 -1926946.496253357 1.9673052024365396 -35.454169675024488 -3.3624197262721767 747.09106142681901 -4.3928642135109629e-05 0.00039435899325091303 -0.00049544197651658992 0
1377 1 1 201312000 -123819794.1699332 -16921158.19294478 -2216947.1963835564 2.6966191439371117 -35.363546331622103 -3.3502840769368056 747.089654487639 -4.4785986656886352e-05 0.00039389134079169245 -0.00050593779895663938 0
1378 1 1 201398400 -123555465.25247732 -19972023.099556457 -2505828.3601282062 3.4212857494616893 -35.255431339589329 -3.3365087496142309 747.08823012515688 -4.5623456384271168e-05 0.00039333045602295828 -0.00051619257821224952 0
1379 1 1 201484800 -123228745.41199583 -23012800.120117493 -2793449.4404334314 4.1407646993083924 -35.130073685338019 -3.3211200163957213 747.08678873428335 -4.6430051848092132e-05 0.00039267535109370727 -0.00052620735736948329 0
1380 1 1 201571200 -122840105.64180529 -26042010.984856483 -3079672.2416134239 4.8545313782765502 -34.98774280395326 -3.3041460172542405 747.08533072107423 -4.7195178592446283e-05 0.00039192576167622264 -0.00053598278831101906 0
1381 1 1 201657600 -122390061.55019847 -29058201.547339924 -3364361.0760750505 5.562077793202743 -34.828727484795131 -3.2856166515064475 747.0838565015415 -4.7908652750063165e-05 0.00039108212173417423 -0.00054551919647532121 0
1382 1 1 201744000 -121879171.88779525 -32059943.407852843 -3647382.9115043255 6.26291340330416 -34.653334734770063 -3.2655634656805224 747.08236650054084 -4.8560708745983176e-05 0.00039014552724977466 -0.00055481663857964334 0
1383 1 1 201830400 -121308037.00697701 -35045835.437006816 -3928607.5082352711 6.9565658617703869 -34.461888606760361 -3.2440195385081783 747.08086115072729 -4.9142017035216673e-05 0.00038911770277517748 -0.00056387494988090865 0
1384 1 1 201916800 -120677297.26111506 -38014505.196887664 -4207907.5465835081 7.6425816677487974 -34.254729000658671 -3.221019363752379 747.07934089157084 -4.9643685291457518e-05 0.000388000966212694 -0.00057269378941869327 0
1385 1 1 202003200 -119987631.35134706 -40964610.257693686 -4485158.7439878592 8.3205267285477262 -34.032210444346298 -3.1965987315688125 747.07780616842422 -5.0057270836421119e-05 0.00038679819314345418 -0.00058127267792847754 0
1386 1 1 202089600 -119239754.6286433 -43894839.408442914 -4760239.9618627373 8.9899868325292189 -33.794700861783504 -3.170794609079453 747.07625743164442 -5.0374789150330487e-05 0.00038551277773047639 -0.0005896110295275155 0
1387 1 1 202176000 -118434417.35883568 -46803913.760937184 -5033033.3021217044 9.6505680337761053 -33.542580335148415 -3.14364502081213 747.07469513575597 -5.0588719930902935e-05 0.00038414859911004788 -0.00059770818297212255 0
1388 1 1 202262400 -117572402.95816576 -49690587.746758781 -5303424.193387799 10.301896950188686 -33.276239867681383 -3.1151889296305963 747.07311973865603 -5.0692010868245779e-05 0.00038270998250936023 -0.00060556342738972186 0
1389 1 1 202348800 -116654526.20674022 -52553650.007636249 -5571301.4669588255 10.943620977190346 -32.996080153563597 -3.0854661187456038 747.0715317008578 -5.0678085765735461e-05 0.00038120166232367015 -0.00061317602365855016 0
1390 1 1 202435200 -115681631.44707365 -55391924.180047855 -5836557.4226451423 11.57540841969781 -32.702510360792935 -3.0545170753605735 747.06993148477704 -5.0540847407025749e-05 0.0003796287422099862 -0.00062054522279896148 0
1391 1 1 202521600 -114654590.77465083 -58204269.575428702 -6099087.8846433293 12.196948545437087 -32.395946932620568 -3.022382876455699 747.06831955422058 -5.0274679746044276e-05 0.00037799674587842176 -0.00062767027578077656 0
1392 1 1 202608000 -113574302.22715777 -60989581.75780718 -6358792.2476561824 12.807951563044885 -32.076812412588126 -2.9891050773417107 747.06669637048651 -4.9874601183025024e-05 0.00037631277450277356 -0.00063455240064247995 0
1393 1 1 202694400 -112441687.97871794 -63746793.02112288 -6615573.5135073932 13.408148528759535 -31.745534298151714 -2.9547256029834936 747.06506239494161 -4.9335809131163947e-05 0.00037458160569044297 -0.00064118900990527768 0
1394 1 1 202780800 -111257692.545132 -66474872.768882081 -6869338.3185067959 13.997291185703794 -31.402543926834358 -2.9192866429078461 747.06341808809702 -4.8654291356816588e-05 0.00037281088354572069 -0.00064758154480833293 0
1395 1 1 202867200 -110023281.00576349 -69172827.799114078 -7119996.951911415 14.575151740018693 -31.04827539875739 -2.8828305499235931 747.0617639077492 -4.7826224493664244e-05 0.00037100615501010404 -0.00065372819208273829 0
1396 1 1 202953600 -108739437.2473345 -71839702.497941568 -7367463.3657880658 15.141522578284665 -30.68316453907121 -2.8453997426321407 747.060100313406 -4.6848255580494813e-05 0.00036917323016130455 -0.00065962750777506275 0
1397 1 1 203040000 -107407162.23451222 -74474578.945314705 -7611655.1766533703 15.696215930704925 -30.307647902722859 -2.8070366125530741 747.05842776359361 -4.57175874811022e-05 0.00036731882424944869 -0.00066527903907784498 0
1398 1 1 203126400 -106027472.31177343 -77076576.936681524 -7852493.6592825744 16.239063484671796 -29.922161824188745 -2.7677834357201974 747.0567467140911 -4.4431879509766491e-05 0.00036544976038382416 -0.0006706823004343235 0
1399 1 1 203212800 -104601397.54063345 -79644853.924572498 -8089903.7330778381 16.769915953337254 -29.527141514152252 -2.7276822888992882 747.05505761757536 -4.2989239281609973e-05 0.00036357298237986197 -0.00067583695882111482 0
1400 1 1 203299200 -103129980.07592945 -82178604.884219378 -8323813.9414050961 17.288642603781582 -29.123020204597623 -2.686774970617174 747.05336092306004 -4.1388209272564302e-05 0.00036169548896824012 -0.00068074276060156125 0
1401 1 1 203385600 -101614272.58445096 -84677062.107444286 -8554156.424318023 17.795130749328681 -28.710228343443589 -2.6451029270689972 747.05165707547246 -3.9627756076730363e-05 0.00035982430923275471 -0.00068539953378663355 0
1402 1 1 203472000 -100055336.70882234 -87139494.929132253 -8780866.8850932457 18.28928521046975 -28.289192839446702 -2.6027071829576887 747.04994651524282 -3.7707260546300724e-05 0.00035796647512687625 -0.00068980719112528635 0
1403 1 1 203558400 -98454241.579160541 -89565209.390650123 -9003884.5510037411 18.771027748743119 -27.860336357746476 -2.5596282772793515 747.04822967791256 -3.5626501381901445e-05 0.00035612900055123918 -0.00069396572956233736 0
1404 1 1 203644800 -96812062.374661878 -91953547.844590545 -9223152.1287572626 19.24029647777709 -27.424076666088542 -2.5159062040373414 747.04650699376111 -3.3385644542724931e-05 0.00035431885923713501 -0.00069787522913707263 0
1405 1 1 203731200 -95129878.936915293 -94303888.505210191 -9438615.7550238408 19.697045255539869 -26.980826031453454 -2.4715803578396343 747.04477888745043 -3.0985230067539383e-05 0.00035254296518959173 -0.00070153585408448628 0
1406 1 1 203817600 -93408774.436396956 -96615644.948895454 -9650224.9424713701 20.141243061660479 -26.530990666537317 -2.4266894843080808 747.04304577768426 -2.8426155938122023e-05 0.00035080815213719431 -0.00070494785183837993 0
1407 1 1 203904000 -91649834.093276605 -98888265.568929061 -9857932.5217210818 20.572873363488391 -26.074970225275823 -2.3812716352046865 747.04130807688603 -2.5709665389313781e-05 0.000349121157774325 -0.00070811155101718781 0
1408 1 1 203990400 -89854143.953357711 -101121232.98875231 -10061694.579625651 20.991933474352155 -25.613157346376777 -2.3353641281596529 747.03956619088956 -2.2837330184872209e-05 0.00034748860783067172 -0.00071102735886442617 0
1409 1 1 204076800 -88022789.719683275 -103314063.43781872 -10261470.394261809 21.398433907261388 -25.14593724362626 -2.2890035108680498 747.03782051864653 -1.9811036354554655e-05 0.00034591700028072428 -0.00071369575951130647 0
1410 1 1 204163200 -86156855.640068784 -105466306.09402084 -10457222.367017366 21.792397727074487 -24.673687341560498 -2.2422255296066487 747.03607145194599 -1.6632968317492218e-05 0.00034441269203869268 -0.00071611731201617185 0
1411 1 1 204249600 -84257423.45057331 -107577542.3965427 -10648915.95213891 22.173859903929454 -24.196776954947218 -2.1950651019092606 747.03431937514677 -1.3305595043677272e-05 0.00034298188689031094 -0.00071829264717001879 0
1412 1 1 204336000 -82325571.37468569 -109647385.33285268 -10836519.584092123 22.542866670509962 -23.715567010396637 -2.1475562932283441 747.03256466492599 -9.8316517624567502e-06 0.00034163062402727771 -0.00072022246369669797 0
1413 1 1 204422400 -80362373.177791893 -111675478.70339946 -11020004.603071405 22.899474885494037 -23.230409808322019 -2.0997322974021544 747.03080769003532 -6.2141285946914742e-06 0.00034036476907732045 -0.0007219075246702823 0
1414 1 1 204508800 -78368897.276296318 -113661496.36741759 -11199345.17897955 23.24375140531177 -22.74164882339058 -2.0516254207406606 747.02904881107054 -2.4562530106738707e-06 0.0003391900048135962 -0.00072334865706762542 0
1415 1 1 204595200 -76346205.900594532 -115605141.47308643 -11374518.234181866 23.575772466123283 -22.249618541547434 -2.0032670695383912 747.02728838025007 1.4385257944663808e-06 0.00033811182164242298 -0.00072454674477652025 0
1416 1 1 204681600 -74295354.310939685 -117506145.67511696 -11545503.365322499 23.895623077717016 -21.754644331654827 -1.9546877408196284 747.0255267412075 5.4665499419881875e-06 0.00033713551524695634 -0.00072550272459070183 0
1417 1 1 204768000 -72217390.065106392 -119364268.34267296 -11712282.764473686 24.203396430827539 -21.257042349767129 -1.9059170161209222 747.0237642287891 9.6239669430798224e-06 0.00033626617425256441 -0.00072621758591014075 0
1418 1 1 204854400 -70113352.336635143 -121179295.7603593 -11874841.139872044 24.499193319177586 -20.757119474054146 -1.8569835581154879 747.02200116886456 1.3906744694790483e-05 0.00033550868092604443 -0.00072669236440029165 0
1419 1 1 204940800 -67984271.282334939 -122951040.32484081 -12033165.636478975 24.783121577365325 -20.255173268392763 -1.807915109885565 747.02023787813914 1.8310684826487906e-05 0.0003348677059061388 -0.00072692813782507454 0
1420 1 1 205027200 -65831167.457633704 -124679339.73948283 -12187245.756585704 25.055295535542761 -19.751491972666642 -1.7587384966519772 747.01847466398408 2.2831435616513556e-05 0.00033434770315410555 -0.00072692602273941552 0
1421 1 1 205113600 -63655051.278290018 -126364056.20923816 -12337073.280667156 25.31583549166719 -19.246354517844427 -1.7094796297737691 747.01671182426549 2.7464503587143218e-05 0.00033395290696696273 -0.00072668717231067544 0
1422 1 1 205200000 -61456922.526920237 -128005075.63783866 -12482642.188672855 25.564867201953962 -18.740030563946334 -1.6601635128349255 747.01494964718427 3.2205266828558551e-05 0.00033368733202445659 -0.00072621276880448021 0
1423 1 1 205286400 -59237769.902746022 -129602306.82918993 -12623948.581927506 25.802521390015961 -18.232780559058519 -1.6108142496409588 747.01318841112243 3.7048986479391889e-05 0.0003335547696450041 -0.00072550402363228057 0
1424 1 1 205372800 -56998570.612931997 -131155680.69470915 -12760990.605798768 26.028933275042579 -17.724855817609662 -1.561455053953996 747.01142838449539 4.1990817349145976e-05 0.00033355878795916148 -0.00072456217095843425 0
1425 1 1 205459200 -54740290.003857508 -132665149.46819633 -12893768.37327526 26.244242119249471 -17.216498616185628 -1.5121082608011736 747.00966982560828 4.7025818373130735e-05 0.00033370273317671456 -0.0007233884659332534 0
1426 1 1 205545600 -52463881.230651371 -134130685.92968103 -13022283.889583921 26.44859079471901 -16.707942305224424 -1.4627953391983646 747.0079129825175 5.214896277870423e-05 0.00033398972589870874 -0.00072198418097006083 0
1427 1 1 205632000 -50170284.963313021 -135552282.63954872 -13146540.977962311 26.642125369650252 -16.199411435003139 -1.4135369061378658 747.00615809290127 5.7355146727970264e-05 0.00033442266391452 -0.00072035060030374554 0
1428 1 1 205718400 -47860429.127745397 -136929951.18411455 -13266545.206688873 26.824994713945795 -15.691121894401327 -1.3643527416965937 747.00440538393013 6.2639198339854843e-05 0.00033500422214841524 -0.00071848902030205604 0
1429 1 1 205804800 -45535228.680035159 -138263721.43368673 -13382303.817462038 26.997350123981139 -15.183281060999457 -1.3152618051285674 747.00265507214419 6.7995886731052384e-05 0.00033573685331153 -0.00071640074471946281 0
1430 1 1 205891200 -43195585.412332058 -139553640.81403768 -13493825.655207571 27.159344966329115 -14.676087961147163 -1.2662822518127685 747.00090736333243 7.3419929112749149e-05 0.00033662278747446667 -0.00071408708255240975 0
1431 1 1 205977600 -40842387.788701855 -140799773.5920895 -13601121.099382743 27.311134340147508 -14.169733438711303 -1.2174314509353035 746.99916245242127 7.8905997064455946e-05 0.00033766403612263689 -0.00071154934463571462 0
1432 1 1 206064000 -38476510.809355237 -142002200.17651081 -13704201.996835899 27.452874757881812 -13.664400331290226 -1.1687260037922564 746.99742052336001 8.4448723217148863e-05 0.00033886239201261713 -0.00070878884312876918 0
1433 1 1 206150400 -36098815.901686653 -143161016.43381932 -13803081.596270308 27.584723843886664 -13.16026365275602 -1.1201817626068926 746.99568174901447 9.0042708422943438e-05 0.00034021943038270875 -0.00070580688763854341 0
1434 1 1 206236800 -33710150.836594105 -144276333.0204905 -13897774.484352479 27.706840050527298 -12.657490781060199 -1.071813849762248 746.9939462910628 9.5682525225203779e-05 0.00034173651013144369 -0.00070260478621551751 0
1435 1 1 206323200 -31311349.668589368 -145348274.73148453 -13988296.523496768 27.819382391287839 -12.156241650310951 -1.0236366773571477 746.99221429989541 0.00010136272466803071 0.00034341477625977283 -0.00069918384221754151 0
1436 1 1 206409600 -28903232.698251016 -146376979.86552 -14074664.791350508 27.922510190384244 -11.656668946200849 -0.97566396700042779 746.99048591451685 0.00010707784020718358 0.0003452551610529302 -0.00069554535404520526 0
1437 1 1 206496000 -26486606.45561672 -147362599.60734603 -14156897.521996809 28.016382848356276 -11.158918303932529 -0.92790876976499093 746.98876126245455 0.00011282239106264867 0.00034725838446342656 -0.00069169061419050186 0
1438 1 1 206582400 -24062263.70315766 -148305297.42719412 -14235014.048885673 28.101159623094851 -10.6631285078559 -0.88038348622975526 746.98704045966883 0.00011859088624956144 0.0003494249564984676 -0.00068762091165981687 0
1439 1 1 206668800 -21630983.457025364 -149205248.49752775 -14309034.74949814 28.17699942574777 -10.169431692094177 -0.83309988654339173 746.98532361046523 0.00012437782779150278 0.00035175517792044458 -0.0006833375296920771 0
1440 1 1 206755200 -19193531.025309823 -150062639.1271432 -14378980.991742678 28.24406063093749 -9.6779535414969313 -0.7860691304495836 746.98361080741631 0.00013017771276011938 0.00035424914273203539 -0.00067884174690065397 0
1441 1 1 206841600 -16750658.062097259 -150877666.21262583 -14444875.082078137 28.302500900719348 -9.1888134923168643 -0.73930178721955409 746.98190213128441 0.00013598503762717916 0.00035690673651896348 -0.00067413484007836804 0
1442 1 1 206928000 -14303102.636164742 -151650536.70711264 -14506740.215353072 28.352477021706864 -8.7021249320621106 -0.69280785544256984 746.98019765094887 0.0001417942982604813 0.00035972764019026658 -0.00066921808605824719 0
1443 1 1 207014400 -11851589.31319919 -152381467.10626838 -14564600.426347179 28.394144754791402 -8.2179953980282985 -0.64659678262991627 746.9784974233404 0.000147599993703015 0.00036271132961586606 -0.00066409276233644118 0
1444 1 1 207100800 -9396829.2504768502 -153070682.95134211 -14618480.542997094 28.427658696888194 -7.7365267740648074 -0.60067748459295178 746.97680149337987 0.00015339662749681715 0.00036585707624999517 -0.00065876015245048517 0
1445 1 1 207187200 -6939520.3029887043 -153718418.34913269 -14668406.141285323 28.453172154146078 -7.257815485175839 -0.5550583645601217 746.97510989392367 0.00015917870913730183 0.00036916394840053458 -0.00065322154828358775 0
1446 1 1 207273600 -4480347.140045302 -154324915.50866202 -14714403.501768548 28.4708370260674 -6.7819526896012166 -0.50974733200177802 746.97342264571466 0.00016494075616339026 0.00037263081218856796 -0.0006474782544873606 0
1447 1 1 207360000 -2019981.3714419191 -154890424.29432341 -14756499.567718737 28.480803699993917 -6.3090244680630967 -0.4647518211357326 746.97173975734381 0.00017067729410568825 0.00037625633084466129 -0.00064153159276358581 0
1448 1 1 207446400 440918.31768848212 -155415201.79524854 -14794721.904848505 28.483220955427129 -5.8391120099031628 -0.42007880909004064 746.97006122522055 0.00017638286070485067 0.00038003896640454566 -0.00063538290800387661 0
1449 1 1 207532800 2901706.0241616596 -155899511.91061339 -14829098.662590211 28.478235877663447 -5.3722917958707219 -0.37573483370283955 746.96838703354581 0.00018205200518438687 0.00038397698006764581 -0.00062903357381640301 0
1450 1 1 207619200 5361748.4769507544 -156343624.95058519 -14859658.536896609 28.465993780239263 -4.9086357773555633 -0.331726010942137 746.96671715430352 0.00018767929048024278 0.00038806843351833965 -0.00062248499934137872 0
1451 1 1 207705600 7820424.881057106 -156747817.25259474 -14886430.734529657 28.446638135695984 -4.4482115518903935 -0.28805805193126044 746.9650515472573 0.00019325929766297265 0.0003923111897409795 -0.00061573863490199362 0
1452 1 1 207792000 10277126.755741412 -157112370.81260577 -14909444.938802883 28.420310514189858 -3.9910825347762184 -0.24473627956850735 746.96339015996091 0.00019878662469177179 0.0003967029126375612 -0.00060879598148386096 0
1453 1 1 207878400 12731257.767773136 -157437572.93104109 -14928731.276741778 28.387150529488412 -3.5373081267103998 -0.2017656447317453 746.96173292778485 0.00020425589161273121 0.00040124106972960787 -0.00060165859688369701 0
1454 1 1 207964800 15182233.560317136 -157723715.87301466 -14944320.287626123 28.347295791911773 -3.0869438773203242 -0.15915074206190921 746.96007977393606 0.00020966174671339165 0.0004059229437102983 -0.00059432811815020325 0
1455 1 1 208051200 17629481.57803902 -157971096.54251471 -14956242.89287765 28.300881867792988 -2.6400416445297741 -0.11689582531955592 746.95843060949051 0.0002149988640844956 0.00041074561981042598 -0.00058680625292458161 0
1456 1 1 208137600 20072440.888974778 -158180016.17017257 -14964530.367255762 28.248042245048026 -2.1966497497063462 -0.075004822308554403 746.95678533352373 0.00022026193705374533 0.00041570597011738095 -0.00057909476444617134 0
1457 1 1 208224000 22510562.003675435 -158350780.01425442 -14969214.311324123 28.188908304465599 -1.7568131285506228 -0.033481349370486607 746.95514383320096 0.00022544570490095337 0.00042080069931294803 -0.00057119553432663061 0
1458 1 1 208310400 24943306.692104697 -158483697.07450339 -14970326.625151034 28.123609296342149 -1.3205734777090976 0.0076712745505655485 746.95350598384766 0.00023054494541131836 0.00042602632309078793 -0.00056311054331692055 0
1459 1 1 208396800 27370147.798735794 -158579079.81846532 -14967899.483206335 28.052272322102183 -0.88796939711014722 0.048450014274978984 746.95187164908805 0.00023555448042505495 0.00043137917676537991 -0.00055484188343745864 0
1460 1 1 208483200 29790569.056263346 -158637243.91992718 -14961965.310417701 27.975022320563383 -0.45903652803127065 0.088852105181232224 746.95024068098689 0.00024046918628914672 0.00043685542123307901 -0.00054639177088684277 0
1461 1 1 208569600 32204064.898317408 -158658508.00910154 -14952556.759349706 27.891982058520828 -0.033807686920587735 0.12887504042273307 746.94861292021881 0.00024528399621684573 0.0004424510477378689 -0.00053776255581298635 0
1462 1 1 208656000 34610140.271539353 -158643193.43419039 -14939706.688469147 27.80327212534025 0.38768700499391823 0.16851655856557302 746.9469881962832 0.00024999391617926831 0.00044816189746842931 -0.00052895671600619804 0
1463 1 1 208742400 37008310.44735346 -158591624.03396663 -14923448.141461033 27.709010931276001 0.80541999628081118 0.20777463162263946 746.94536632726567 0.00025459414797745437 0.0004539838668058957 -0.00051997710312322613 0
1464 1 1 208828800 39398100.833743297 -158504125.92101404 -14903814.327560401 27.609314709208231 1.2193661839697474 0.24664745352231504 746.94374712044657 0.00025907973911713387 0.00045991228707176635 -0.00051082631565978599 0
1465 1 1 208915200 41779046.787316345 -158381027.27527651 -14880838.602861777 27.504297519547844 1.629502796268218 0.2851334289838911 746.94213037312738 0.00026344589591958316 0.00046594247150480347 -0.0005015072513585723 0
1466 1 1 209001600 44150693.425921373 -158222658.14756536 -14854554.452574758 27.394071258081826 2.035809279305413 0.32323116275298502 746.9405158725076 0.00026768796552705893 0.00047206967986054398 -0.00049202303987053414 0
1467 1 1 209088000 46512595.442061208 -158029350.27268228 -14824995.474192416 27.278745666497777 2.4382671877876159 0.36093944923329885 746.93890339589507 0.0002718014084671554 0.00047828905690873382 -0.00048237698414007137 0
1468 1 1 209174400 48864316.917322353 -157801436.89182371 -14792195.361539027 27.158428345367128 2.8368600794946719 0.39825726249880722 746.93729271105224 0.00027578180541280194 0.00048459564563848901 -0.00047257256600306824 0
1469 1 1 209260800 51205431.138025239 -157539252.58393702 -14756187.889664734 27.033224769379334 3.2315734135416108 0.43518374667395504 746.93568357655806 0.00027962487310885525 0.00049098439637877114 -0.00046261344806907074 0
1470 1 1 209347200 53535520.412280768 -157243133.10570753 -14717006.900555789 26.903238304628324 3.6223944523214602 0.47171820667344827 746.93407574219555 0.00028332647010593094 0.00049745018342423888 -0.00045250347582744216 0
1471 1 1 209433600 55854175.888622195 -156913415.23986143 -14674686.289629653 26.768570227764123 4.0093121670429674 0.50786009929270926 746.93246894936306 0.00028688260932359009 0.00050398781898547938 -0.00044224667586550167 0
1472 1 1 209520000 58160997.376365915 -156550436.65147886 -14629259.992985079 26.629319746834934 4.392317146774233 0.54360902463992233 746.93086293150998 0.00029028946862422775 0.00051059206774296546 -0.00043184725445245554 0
1473 1 1 209606400 60455593.167840213 -156154535.75201607 -14580761.975378014 26.485584023654372 4.7714015109018222 0.57896471790020521 746.9292574145926 0.00029354339910185286 0.00051725766180992113 -0.00042130959554168164 0
1474 1 1 209692800 62737579.862606667 -155726051.57074848 -14529226.218895091 26.337458197539753 5.1465588249135044 0.61392704142368848 746.92765211756614 0.00029664094175918065 0.00052397932394345197 -0.00041063824667002003 0
1475 1 1 209779200 65006582.193786912 -155265323.63334811 -14474686.712297115 26.185035410282985 5.5177840194224306 0.6484959771221509 746.92604675265625 0.00029957891971270622 0.00053075192440637565 -0.00039983799870432763 0
1476 1 1 209865600 67262232.856594935 -154772691.84732196 -14417177.441006631 26.028406832213609 5.8850733123318308 0.68267161916739016 746.92444102557874 0.00030235436107037825 0.00053757035882352451 -0.00038891381335046256 0
1477 1 1 209952000 69504172.339163154 -154248496.39404333 -14356732.377712704 25.867661689204997 6.2484241340085545 0.71645416700711917 746.92283463669401 0.00030496427816925783 0.00054442917246981645 -0.00037787055682839382 0
1478 1 1 210038400 71732048.755739093 -153693077.62712115 -14293385.473566467 25.70288729053685 6.6078350554251424 0.74984391865751643 746.92122728178867 0.00030740603478255176 0.00055132319041077151 -0.00036671337653724741 0
1479 1 1 210124800 73945517.68232289 -153106775.97685117 -14227170.649945457 25.534169057510375 6.9633057191887726 0.78284126425643963 746.91961865221026 0.00030967722052860672 0.00055824730572274193 -0.00035544753819079662 0
1480 1 1 210211200 76144241.994805068 -152489931.86050668 -14158121.790762607 25.361590552688355 7.3148367733219724 0.81544667989575936 746.91800843545434 0.00031177565305390314 0.00056519649042180084 -0.00034407841092728216 0
1481 1 1 210297600 78327891.709654406 -151842885.59823486 -14086272.735296967 25.185233509675481 7.662429807723063 0.84766072171159756 746.91639631572434 0.0003136993834202764 0.00057216581379139204 -0.00033261145665956635 0
1482 1 1 210384000 80496143.827199057 -151165977.33433008 -14011657.271524159 25.005177863350717 8.0060872932166127 0.87948402022431771 746.91478197447827 0.00031544669966204921 0.00057915046030964181 -0.00032105221396764238 0
1483 1 1 210470400 82648682.177536368 -150459546.96366417 -13934309.129925335 24.821501780468747 8.3458125231046072 0.9109172749202904 746.91316509099352 0.00031701611786758477 0.00058614573143107558 -0.00030940627673157003 0
1484 1 1 210556800 84785197.269099534 -149723934.06306237 -13854261.977754233 24.634281690556804 8.6816095571341236 0.941961249065704 746.91154534288614 0.00031840640679391119 0.00059314708910378179 -0.00029767929161836966 0
1485 1 1 210643200 86905386.139904425 -148959477.82741904 -13771549.413742457 24.443592317033467 9.0134831677903016 0.97261676474660508 746.90992240671847 0.00031961652992784509 0.00060015007140399375 -0.00028587690123289534 0
1486 1 1 210729600 89008952.211492002 -148166517.01035625 -13686204.96322388 24.249506708487235 9.3414387888362072 1.0028846981250326 746.908295958591 0.00032064569901848718 0.00060715040332859577 -0.00027400476918015485 0
1487 1 1 210816000 91095605.145577937 -147345389.8692334 -13598262.073659971 24.05209627005776 9.6654824660218228 1.0327659749014442 746.90666567462313 0.00032149334876885235 0.00061414396553712382 -0.0002620685481924281 0
1488 1 1 210902400 93165060.703416437 -146496434.1143263 -13507754.110548437 23.85143079486134 9.9856208098753445 1.0622615659788355 746.90503123147937 0.00032215913264240002 0.00062112680330148929 -0.00025007386059545586 0
1489 1 1 210988800 95217040.607878715 -145619986.86199701 -13414714.353698049 23.647578495412223 10.301860950501849 1.0913724833193483 746.90339230687937 0.0003226429166355132 0.00062809512880775164 -0.0002380262865758113 0
1490 1 1 211075200 97251272.408244908 -144716384.59168524 -13319175.993853437 23.440606034993674 10.614210494313181 1.120099775985943 746.90174858009061 0.00032294476898771197 0.00063504532558948884 -0.00022593134572218096 0
1491 1 1 211161600 99267489.347702533 -143785963.10655764 -13221172.129654141 23.230578558936905 10.922677482615212 1.1484445263622887 746.90009973240331 0.00032306495244650315 0.00064197394928985679 -0.00021379448042819631 0
1492 1 1 211248000 101265430.23354204 -142829057.49765751 -13120735.764912847 23.01755972577039 11.227270351980371 1.176407846543434 746.89844544758751 0.0003230039188839985 0.00064887772733118201 -0.00020162104354916595 0
1493 1 1 211334400 103244839.31003702 -141846002.11140367 -13017899.806198305 22.801611738204407 11.527997896335544 1.2039908748902146 746.8967854123332 0.0003227622901267426 0.0006557535563367421 -0.00018941628596713125 0
1494 1 1 211420800 105205466.13399294 -140837130.52029321 -12912697.060709136 22.582795373919723 11.824869230697555 1.2311947727407866 746.89511931666914 0.00032234085560724294 0.00066259850118924725 -0.00017718534462479989 0
1495 1 1 211507200 107147065.45294701 -139802775.49666879 -12805160.234425217 22.361170016132935 12.117893756490362 1.2580207212730046 746.89344685435697 0.00032174055845783574 0.00066940979083153203 -0.00016493322908716021 0
1496 1 1 211593600 109069397.08599776 -138743268.98941651 -12695321.93052385 22.136793683912433 12.407081128380238 1.2844699185109825 746.89176772326482 0.00032096248270597891 0.00067618481604555419 -0.00015266481668940924 0
1497 1 1 211680000 110972225.80724253 -137658942.10346591 -12583214.648048572 21.90972306222281 12.692441222566748 1.3105435764695146 746.89008162571633 0.00032000784374634528 0.00068292112016201984 -0.00014038484170355382 0
1498 1 1 211766400 112855321.23179866 -136550125.08196869 -12468870.780818818 21.68001353167773 12.973984106470375 1.3362429184348081 746.88838826882306 0.00031887797596866517 0.00068961640150456797 -0.00012809784903621818 0
1499 1 1 211852800 114718457.70438166 -135417147.29103848 -12352322.616568958 21.447719197983602 13.251720009757086 1.3615691763668598 746.88668736479679 0.00031757432863043498 0.00069626845515128146 -0.00011580847893634666 0
1500 1 1 211939200 116561414.19041379 -134260337.2069397 -12233602.336316241 21.212892921068782 13.525659296606626 1.386523588149934 746.88497863109001 0.00031609854426875144 0.00070287486443062325 -0.0001035237177793774 0
1501 1 1 212025600 118383974.16963698 -133080022.40561415 -12112742.013959697 20.9755863438996 13.795812439384495 1.4111073954610776 746.88326178886177 0.00031445157498019653 0.00070943636873791686 -9.1229411347481973e-05 0
1502 1 1 212112000 120185925.53214578 -131876529.55439803 -11989773.615361515 20.735849919362682 14.062189994295739 1.4353218613771908 746.88153659914826 0.00031261832401554131 0.00071596044040056527 -7.8718229802791611e-05 0
1503 1 1 212198400 121967060.47673953 -130650184.40594634 -11864728.996677248 20.493732939505495 14.32480257296241 1.4591682380817841 746.87980285444735 0.00031068530386348423 0.00072238485450679883 -6.7117953027052052e-05 0
1504 1 3 212224314.99180621 122497208.94278795 -130277945.38249643 -11826822.841813358 20.420655016174731 14.402838718560387 1.4662491202690986 746.87928097063934 0 0 0 212
1505 1 1 212284800 123727175.41404745 -129401311.79459788 -11737639.928716876 20.24928363064015 14.583660818517894 1.4826470729351813 746.87805886557203 0.0003096077229665287 0.00072870679557096888 -6.6172252181136111e-05 0
1506 1 1 212371200 125466070.87628579 -128130235.63434358 -11608538.16334025 20.002549150905384 14.838775389068322 1.5057585375377682 746.87630237675648 0.00030898671185677814 0.00073494978441760654 -7.163993869492772e-05 0
1507 1 1 212457600 127183551.42053938 -126837278.91831012 -11477455.408123139 19.753575510478569 15.090156939983276 1.5285035321452121 746.87453277662087 0.00030819117021036894 0.00074116789577149999 -7.6803778482792637e-05 0
1508 1 1 212544000 128879425.53141008 -125522763.71981731 -11344423.270326143 19.502407631544923 15.337816103859227 1.5508833404959723 746.87275025623921 0.00030724969228833712 0.00074738639034489785 -8.182371200432058e-05 0
1509 1 1 212630400 130553505.5305343 -124187011.19534329 -11209473.248939104 19.24908941595967 15.581763467616559 1.5728991880874015 746.8709548653959 0.00030617433532556239 0.00075360276778871436 -8.6805874281545116e-05 0
1510 1 1 212716800 132205607.48931485 -122830341.58937107 -11072636.737866657 18.993663766035088 15.822009552256114 1.5945522838139257 746.86914665076711 0.00030496440380807288 0.00075980990259154931 -9.1748674269150513e-05 0
1511 1 1 212803200 133835551.14361487 -121453074.24086817 -10933945.02705577 18.73617260909597 16.058564794837856 1.6158438249244442 746.86732568184664 0.00030361739682079026 0.0007659963502355848 -9.6650375140093812e-05 0
1512 1 1 212889600 135443159.81060579 -120055527.59126787 -10793429.303593824 18.476656922690733 16.291439531996016 1.6367749948953696 746.8654920432856 0.00030213469912555141 0.00077215918852038617 -0.00010151141135854401 0
1513 1 1 212976000 137028260.30778828 -118638019.19381218 -10651120.652967583 18.215156759482962 16.520643984469242 1.6573469618896688 746.86364582301928 0.00030051779891540728 0.00077829552520257254 -0.0001063321114362645 0
1514 1 1 213062400 138590682.87413198 -117200865.72423337 -10507050.060443772 17.951711271492851 16.74618824175781 1.6775608774340289 746.86178711289006 0.0002987684945192401 0.00078440322732156297 -0.00011111281334168751 0
1515 1 1 213148800 140130261.09329712 -115744382.99272196 -10361248.412562916 17.686358734104221 16.968082247824476 1.6974178751016429 746.85991600173611 0.00029689198816964374 0.00079048865542026493 -0.0001158549762390993 0
1516 1 1 213235200 141646831.8189683 -114268885.95696105 -10213746.498764629 17.419136571235473 17.186335791455758 1.7169190686736684 746.85803248591571 0.00029491320333126757 0.00079660968131917869 -0.00012056750653365489 0
1517 1 1 213321600 143140235.10226211 -112774688.73618118 -10064575.013140772 17.150081376438671 17.400958487825154 1.7360655516419834 746.85613657394094 0.00029280911947814791 0.00080270222410067159 -0.00012524273517329062 0
1518 1 1 213408000 144610314.12087524 -111262104.62694892 -9913764.5562071018 16.879228935437286 17.611959765379442 1.7548583960755979 746.85422829366598 0.00029060534842475274 0.00080882991831386446 -0.00012989165285256653 0
1519 1 1 213494400 146056915.11053029 -109731446.11910506 -9761345.6369089 16.606614254534136 17.819348869815837 1.773298649112147 746.85230735994617 0.00028836072287279985 0.00081514933185762443 -0.00013454006754043187 0
1520 1 1 213580800 147479887.2983551 -108183024.91268934 -9607348.6747222058 16.332271573674475 18.023134828147921 1.791387335697191 746.85037367191615 0.00028599685996538488 0.00082144726968499699 -0.00013915731787998771 0
1521 1 1 213667200 148879082.83805653 -106617151.93598273 -9451804.0018544588 16.056234410738874 18.223326502903376 1.8091254464030879 746.84842597853344 0.00028389438639981848 0.00082881412052341079 -0.0001439302720502327 0
1522 1 1 213753600 150254356.74913466 -105034137.35822265 -9294741.8665897809 15.778535578218037 18.419932569607894 1.8265139381984037 746.84646212191467 0.00028189183810046499 0.00083682341971456171 -0.00014879739114780893 0
1523 1 1 213840000 151605566.85450613 -103434290.61285454 -9136192.4351163264 15.499207161050219 18.612961383047345 1.8435537544708329 746.84448155906352 0.00027984907961160418 0.00084509639469548098 -0.00015370200299380819 0
1524 1 1 213926400 152932573.72239327 -101817920.41411178 -8976185.7948186621 15.218280661562796 18.802421341629053 1.8602457564562227 746.84247774434789 0.00027934722798246412 0.00085846979293735981 -0.00015953901132328123 0
1525 1 1 214012800 154235240.61747339 -100185334.75156552 -8814751.96184057 14.935786945260828 18.988320661039847 1.8765907602594849 746.84044255399499 0.0002793790231417123 0.00087409339507414771 -0.00016583313704400971 0
1526 1 1 214099200 155513433.44402796 -98536840.913942471 -8651920.8837616388 14.651756334566539 19.170667601320947 1.89258948946073 746.83836149293188 0.00028310036591374787 0.00090194188621997161 -0.0001745062576210608 0
1527 1 1 214185600 156767020.64030766 -96872745.683591574 -8487722.4079664741 14.366217099846201 19.349465425337009 1.9082435747280238 746.83631563012648 0.0002971137038129677 0.00096458272073870241 -0.00019020259397840438 0
1528 1 1 214272000 157995873.97582191 -95193352.558061883 -8322186.8424868612 14.079226748593713 19.524815491442933 1.9235350280624779 746.8323934777261 0.00074667399788143352 0.0024667962524785548 -0.00049301627539036382 0
1529 1 1 214358400 159199870.57974896 -93498954.827918559 -8155346.356208194 13.790831440936305 19.696786288787052 1.9384518521463341 746.82534619843591 0.0010529552629730686 0.0035442045391466132 -0.0007188379577167817 0
1530 1 1 214444800 160378889.79744533 -91789845.473453581 -7987233.0680191079 13.501052800507008 19.865370079431887 1.9529966670027983 746.81546553585338 0.0014441612376939039 0.0049557394324931513 -0.0010194010246106552 0
1531 1 1 214531200 161532813.74065003 -90066315.075251311 -7817879.4899013117 13.20992816561338 20.030613626225122 1.9671610048452539 746.80193386935127 0.001906779837936561 0.0066737917807130585 -0.001391644199014912 0
1532 1 1 214617600 162661527.62454244 -88328650.421758398 -7647318.833623359 12.917492280255285 20.192558769833965 1.9809369642382206 746.78402838164834 0.0024346413235117269 0.0086963786251659739 -0.0018379199629991636 0
1533 1 1 214704000 163764919.52576098 -86577135.02347371 -7475584.9409259427 12.623775592510137 20.351235743214911 1.9943186673967688 746.76125493342136 0.0029693163261648851 0.010831651165482837 -0.0023204359652306719 0
1534 1 1 214790400 164842879.84088039 -84812050.764673814 -7302711.9679926755 12.328801644985891 20.506652686287978 2.0073046000573327 746.73355816866592 0.0034665348278857277 0.012923738724766791 -0.0028069199326531255 0
1535 1 1 214876800 165895300.83015585 -83033679.374617741 -7128734.0914390935 12.032590878032261 20.658807951082647 2.0198952123066678 746.70107208489901 0.0039243805729853769 0.014963263781358869 -0.0032948781216649656 0
1536 1 1 214963200 166922076.50277486 -81242302.744156122 -6953685.4464309318 11.735163368613975 20.8076995399236 2.0320909961091647 746.66392939449622 0.0043430985479247872 0.016948084469867921 -0.0037831763702876968 0
1537 1 1 215049600 167923102.58621588 -79438202.957580194 -6777600.1224095104 11.436538834612 20.953325028719728 2.043892506316932 746.62226297076666 0.0047237783069201643 0.018879061200453701 -0.004271284152971083 0
1538 1 1 215136000 168898276.49916434 -77621662.318737522 -6600512.1599577041 11.136736714943991 21.095681777857234 2.0553003145409252 746.57620150023911 0.0050677743434457108 0.020758093171633695 -0.0047589037738236433 0
1539 1 1 215222400 169847497.32912329 -75792963.366500169 -6422455.5502041876 10.835776204520828 21.234766988940763 2.0663149925359816 746.52586824919695 0.0053764614369184085 0.022587262829118864 -0.0052458074328205293 0
1540 1 1 215308800 170770665.81212276 -73952388.888549849 -6243464.2350394418 10.533676270781804 21.37057769679544 2.0769371082258417 746.47138113822382 0.0056511435549579988 0.02436849208263701 -0.0057317686643332628 0
1541 1 1 215395200 171667684.31352639 -72100221.937086508 -6063572.107418634 10.230455663843181 21.503110737264862 2.0871672268433832 746.41285330707137 0.0058930289004532213 0.026103426870563506 -0.0062165369088330782 0
1542 1 1 215481600 172538456.80963567 -70236745.847678393 -5882813.01147616 9.926132925304838 21.632362708571051 2.0970059137914552 746.35039381232036 0.0061032317625393248 0.027793419695217949 -0.0066998309159761616 0
1543 1 1 215568000 173382888.87008074 -68362244.26143916 -5701220.7423718609 9.6207263978872284 21.758329933693783 2.1064537378556558 746.28410830796008 0.0062827857161474512 0.029439552105116378 -0.0071813395127546054 0
1544 1 1 215654400 174200887.64116162 -66477001.150303774 -5518829.0458380114 9.3142542375928397 21.881008426505847 2.1155112747229552 746.21409965277257 0.0064326393648232597 0.031042670773773789 -0.0076607363297509397 0
1545 1 1 215740800 174992361.82754168 -64581300.844883531 -5335671.6189689748 9.0067343511755862 22.000393866641343 2.1241790679739574 746.14046844756842 0.0065531978617890266 0.032603450584895416 -0.0081379437446826419 0
1546 1 1 215827200 175757221.69191581 -62675428.065545343 -5151782.1014291439 8.6981850875186471 22.116481538274261 2.1324580078112088 746.06331338754069 0.0066537287967853784 0.034121911164335106 -0.008607933115415474 0
1547 1 1 215913600 176495373.18348178 -60759701.888213418 -4967185.1384863965 8.3884778982208825 22.228424796999345 2.1405698124001207 745.99950779535197 0.0067123856981835201 0.035599452705050771 -0.0090831168825126346 0
1548 1 1 216000000 177206778.43296564 -58834126.682208024 -4781988.2091616588 8.0796748369460509 22.34800345293926 2.145416216668282 745.71422162529905 0.03695625202044369 0.21143161585673581 -0.055427205231685019 0
1549 1 1 216086400 177891567.77120674 -56897737.321798943 -4596554.4323777603 7.7717429128493443 22.47521524306422 2.1469759817322984 745.20775121128304 0.036137887388643125 0.21270339625693743 -0.056196843224036473 0
1550 1 1 216172800 178549699.14819059 -54950539.171849594 -4410994.1215077946 7.4626050010691865 22.598261338964054 2.1483309646523985 744.71532311559986 0.035296130102710481 0.21393057995178844 -0.056956088080488382 0
1551 1 1 216259200 179181075.96012163 -52992853.752902277 -4225335.0143311154 7.1524269846835145 22.717974412083933 2.1492632873217143 744.22023681328938 0.034433511132450273 0.21511260735787807 -0.057703981059326781 0
1552 1 1 216345600 179785609.04613936 -51024969.484021507 -4039613.5370288217 6.8412251895585658 22.83434404277914 2.149775069050627 743.72258838396726 0.033550475928601581 0.21624912511857819 -0.058440349724632336 0
1553 1 1 216432000 180363210.66303405 -49047175.709810957 -3853865.9333109451 6.5290161155632296 22.947359227113228 2.1498684161804507 743.22247436378075 0.032647749193875961 0.21733976785006628 -0.059164955536391006 0
1554 1 1 216518400 180913794.50262877 -47059762.750630707 -3668128.2650927394 6.2158164843317545 23.05700838369194 2.1495454305217825 742.7199917307338 0.031726044744195742 0.21838418668118079 -0.059877572480979267 0
1555 1 1 216604800 181437275.71175051 -45063021.952064142 -3482436.4128987347 5.9016432585249285 23.163279363513432 2.1488082092519636 742.21523788419699 0.030786086441517979 0.21938204788327317 -0.060577978967454635 0
1556 1 1 216691200 181933570.91399926 -43057245.733534314 -3296826.076227433 5.5865136636344417 23.2661594598483 2.1476588457498362 741.70831062551508 0.02982860775312569 0.22033303276074179 -0.061265957310754314 0
1557 1 1 216777600 182402598.23338667 -41042727.636054613 -3111332.7738437508 5.2704452094943592 23.365635418408363 2.1460994304203185 741.19930813891324 0.028854351415529101 0.22123683793384297 -0.061941293976623978 0
1558 1 1 216864000 182844277.3198269 -39019762.369087994 -2925991.8439996857 4.9534557116321771 23.461693447802855 2.1441320515462143 740.68832897270556 0.027864069325529223 0.2220931752213523 -0.0626037791181209 0
1559 1 1 216950400 183258529.37646466 -36988645.856489539 -2740838.4445796502 4.6355633124494569 23.554319230325895 2.1417587961640074 740.17547202020057 0.026858521978002536 0.22290177241857356 -0.063253206891829131 0
1560 1 1 217036800 183645277.1888257 -34949675.281501606 -2555907.5531703313 4.316786502209256 23.643497933071956 2.1389817509470381 739.66083650050393 0.025838477978779278 0.22366237297385863 -0.063889375206910348 0
1561 1 1 217123200 184004445.15577227 -32903149.130776636 -2371233.967052144 3.9971441398699548 23.729214219348016 2.1358030031371578 739.14452194007004 0.024804713983830811 0.22437473617916989 -0.064512085477213918 0
1562 1 1 217209600 184335959.3222532 -30849367.237399071 -2186852.3031087648 3.6766554737633279 23.811452260429704 2.132224641503647 738.62662815423744 0.023758014168475717 0.22503863733423957 -0.065121142646958591 0
1563 1 1 217296000 184639747.41383383 -28788630.822876614 -2002796.9976527051 3.3553401621151151 23.890195747655937 2.1282487573341613 738.10725522905932 0.022699170063557147 0.22565386775472127 -0.065716354941499633 0
1564 1 1 217382400 184915738.87300503 -26721242.538070582 -1819102.306158657 3.0332182937436012 23.965427904912456 2.1238774455702321 737.58650350270796 0.021628979361356476 0.22622023527102739 -0.066297534507497646 0
1565 1 1 217468800 185163864.89668095 -24647506.503056284 -1635802.3031408757 2.7103103925367753 24.03713150080527 2.1191127994066257 737.06447355143757 0.020548168038766672 0.22673756096438236 -0.066864528758384015 0
1566 1 1 217555200 185384058.48108983 -22567728.345605798 -1452930.8796380956 2.3866376374191609 24.1052888707198 2.113956992795663 736.54126612510913 0.019459660714957416 0.2272057790465189 -0.067416294310581701 0
1567 1 1 217641600 185576256.13322133 -20482203.750398714 -1270524.8578117979 2.0622626169488933 24.17016688406423 2.1083347252292679 736.01139919652633 0.018352948931356708 0.22762424336456405 -0.067957256053678097 0
1568 1 1 217728000 185740380.57451981 -18391336.751639642 -1088591.984885426 1.7366237678837402 24.227754295669754 2.1033294933985895 735.55308444123068 0.008742116068058331 0.16972627120036418 -0.052695107574401635 0
1569 1 1 217814400 185876308.81768173 -16295861.553792421 -907050.70324273314 1.4097550432812269 24.278034612409648 2.0989466099799325 735.16614740490263 0.0078117033358824223 0.17018444446381378 -0.053185256656441103 0
1570 1 1 217900800 185983969.11682433 -14196184.857404647 -725908.01547485485 1.0822745475495195 24.324989168756719 2.0941083299514935 734.7724935303288 0.0068887656025266612 0.1705953015529153 -0.053655381426690213 0
1571 1 1 217987200 186063307.71230412 -12092607.969046403 -545199.61690392985 0.75416392923232445 24.368313724783714 2.0888938908060712 734.37780057879615 0.0059561863561121541 0.17095756256384409 -0.054112370486289002 0
1572 1 1 218073600 186114271.17781973 -9985445.3314450644 -364957.93555419188 0.42544687720956531 24.407989461353235 2.0833049961529553 733.98216784395549 0.0050185032486755043 0.17127138503920111 -0.054554564487756502 0
1573 1 1 218160000 186136808.17272249 -7875013.0271165632 -185215.24487850911 0.096147899147263641 24.443997235710007 2.0773434869410958 733.58569491011622 0.004076387511508804 0.17153667694997776 -0.054981828648755372 0
1574 1 1 218246400 186130869.49488071 -5761628.8070587721 -6003.659204844078 -0.23370800222614074 24.476317570794293 2.0710112076228238 733.18848155094031 0.003130682848736703 0.17175337610821817 -0.055393965718864027 0
1575 1 1 218332800 186096408.12572059 -3645612.1189762088 172644.86718373781 -0.5640952813699982 24.504930670226731 2.0643100186106249 732.79062772110137 0.0021822375504416663 0.17192143783513919 -0.055790781078503493 0
1576 1 1 218419200 186033379.27786079 -1527284.1343002538 350698.5414491049 -0.89498783290355444 24.529816431557098 2.0572417967719665 732.39223353924967 0.0012319023200500466 0.17204083515912719 -0.056172083612297988 0
1577 1 1 218505600 185941740.444244 593032.22595713194 528125.7336539505 -1.2263589740095806 24.550954460012864 2.0498084362313489 731.99339927083224 0.00028052997684731041 0.17211155896737015 -0.056537685364390716 0
1578 1 1 218592000 185821451.44878298 2715012.266556324 704894.97828893957 -1.558181426962078 24.568324082681485 2.0420118492061872 731.59422531096584 -0.00067102477648751566 0.17213361800002527 -0.056887401734191115 0
1579 1 1 218678400 185672474.49851003 4838329.4946272336 880974.97587249358 -1.8904273018155375 24.58190436313496 2.0338539668601596 731.19481216727695 -0.0016219059783101793 0.172107038983974 -0.057221051300263878 0
1580 1 1 218764800 185494774.23721379 6962655.5975501351 1056334.5946261468 -2.2230680792733049 24.591674116522224 2.025336740198004 730.7952604425443 -0.0025712568109386813 0.17203186685874033 -0.057538455701003348 0
1581 1 1 218851200 185288317.80054927 9087660.4221609831 1230942.8722283102 -2.5560745937372258 24.597611925135411 2.0164621409812531 730.39567081706946 -0.0035182201492830059 0.17190816485763108 -0.057839439734604745 0
1582 1 1 218937600 185053074.87260333 11213011.955321886 1404769.0176479637 -2.8894170165413171 24.599696154443723 2.0072321626674374 729.99614403104908 -0.0044619388681434221 0.17173601452155682 -0.058123831226110055 0
1583 1 1 219024000 184789017.74390206 13338376.305897996 1577782.4130606705 -3.2230648393684147 24.597904969625272 1.9976488213712345 729.59678086655776 -0.0054015562961317711 0.1715155160607516 -0.058391461160946845 0
1584 1 1 219110400 184496121.37085071 15463417.688186238 1749952.6158507722 -3.5569868576526043 24.592216352636772 1.9877141569047059 729.19768212905785 -0.0063362173674630443 0.17124678826859133 -0.058642163720170344 0
1585 1 1 219196800 184174363.43619677 17587798.406782232 1921249.3606004543 -3.891151165102221 24.582608118211368 1.9774302310146257 728.79894863176696 -0.0072651229509852902 0.17092996100479818 -0.058875790305471125 0
1586 1 1 219283200 183823724.41459903 19711178.843529016 2091642.5621335225 -4.225525005409736 24.569057951215701 1.9667991628017463 728.4006811490741 -0.0081860317925850634 0.17056539278715654 -0.059091820254375593 0
1587 1 1 219369600 183444187.85021698 21833221.217223596 2261101.1317159524 -4.5600699028053313 24.551636915626307 1.9557935909960806 728.00116788985088 -0.0091054336572447079 0.17015217999964435 -0.059292004391161654 0
1588 1 1 219456000 183035738.13026643 23953550.73749743 2429605.1639645128 -4.8948279240040078 24.529011467844107 1.9448273308912909 727.62586498140354 -0.0111062816073366 0.15076919137857531 -0.05352927345265851 0
1589 1 1 219542400 182598356.5223116 26071682.869520262 2597168.846968953 -5.2297595346341712 24.501162190769843 1.9339031630834886 727.27475036490307 -0.011934883789986628 0.15033795541938663 -0.053693450698491754 0
1590 1 1 219628800 182132034.09521133 28187239.433985062 2763772.7134012305 -5.5647485457959345 24.469381887538571 1.9226116983620294 726.92251321720869 -0.012746322359511088 0.14986107728481501 -0.053837977686564197 0
1591 1 1 219715200 181636767.20953843 30299875.495205585 2929386.480753547 -5.8997640748745512 24.43355420277404 1.9109845472421563 726.57106727231496 -0.01354875037695271 0.14933733715062097 -0.053965014064787216 0
1592 1 1 219801600 181112555.1620312 32409240.388184927 3093981.2359207538 -6.2347691933954668 24.393656655343428 1.8990238132190769 726.2205129875033 -0.014339539570894597 0.1487672791554483 -0.054073941223684752 0
1593 1 1 219888000 180559400.4830063 34514981.505838737 3257528.2511225468 -6.5697260180594172 24.349666767207086 1.8867316721002301 725.87095077358094 -0.01511793937170948 0.14815115939957782 -0.054164626177665744 0
1594 1 1 219974400 179977309.01024714 36616744.298653364 3419998.9878237741 -6.9045958659765327 24.301562056645896 1.8741103294932679 725.52248093766889 -0.015883128252016054 0.14748926612097277 -0.05423691928328439 0
1595 1 1 220060800 179366289.95938155 38714172.275404491 3581365.0995377437 -7.2393392270084842 24.249320061970938 1.8611620255259584 725.17520366642293 -0.016634291058953549 0.14678190668307028 -0.054290674194132416 0
1596 1 1 220147200 178726355.99590516 40806907.005827464 3741598.4348500394 -7.5739157511102899 24.19291836338201 1.8478890358107456 724.82921900465601 -0.017370620368944659 0.14602940785008298 -0.054325747922042443 0
1597 1 1 220233600 178057523.30829686 42894588.125204355 3900671.0405303431 -7.9082842357194458 24.132334605463157 1.8342936725057069 724.48462683326784 -0.018091317213516336 0.14523211567300709 -0.054342001115932376 0
1598 1 1 220320000 177359811.68220675 44976853.340917729 4058555.1647359808 -8.242402613547041 24.067546520208637 1.8203782853853168 724.14152684728094 -0.018795591799434685 0.14439039512680005 -0.054339297943806021 0
1599 1 1 220406400 176633244.57568055 47053338.441018209 4215223.2603093078 -8.5762279407846336 23.998531950632607 1.8061452629382253 723.80001853323699 -0.019482664107428337 0.14350463065146626 -0.054317506139109628 0
1600 1 1 220492800 175877849.19538593 49123677.304858178 4370647.9881698508 -8.9097163857397419 23.92526887496723 1.7915970334565918 723.46020114570877 -0.020151764527814933 0.14257522579130374 -0.054276497353691257 0
1601 1 1 220579200 175093656.57379916 51187501.915839091 4524802.2208004417 -9.2428232179422931 23.847735431397421 1.776736066133392 723.12217368388326 -0.020802134776148222 0.14160260300259858 -0.054216146986475755 0
1602 1 1 220665600 174280701.64731202 53244442.376321211 4677659.0458292188 -9.575502797752975 23.765909943391037 1.7615648721751449 722.78603486725046 -0.021433028656144808 0.14058720403345612 -0.054136334426320452 0
1603 1 1 220752000 173439023.33521619 55294126.924747728 4829191.7697074162 -9.9077085664509799 23.679770945618198 1.7460860059096672 722.45188311048332 -0.022043712453002486 0.13952948963272135 -0.054036943166181385 0
1604 1 1 220838400 172568664.61954132 57336181.955038138 4979373.9214871097 -10.239393036363422 23.589297210570692 1.7303020659938644 722.11981649757536 -0.022633467163193862 0.13842993942729634 -0.05391786117720538 0
1605 1 1 220924800 171669672.62499392 59370232.03812059 5128179.2565599782 -10.5705078016016 23.494467770630322 1.7142156926680048 721.78993275962807 -0.023201702239914825 0.13728902273538546 -0.053779003781117475 0
1606 1 1 221011200 170742098.70536557 61395899.947299056 5275581.7615876822 -10.901003317115514 23.395262000278755 1.6978296098674581 721.46232921037017 -0.02374542370102321 0.13610784752057223 -0.053619819708141989 0
1607 1 1 221097600 169786002.44716072 63412788.753419615 5421562.9566327315 -11.230732327946466 23.291214685674895 1.6813275152506699 721.14610374929919 -0.024274340897214433 0.13488427758834565 -0.053442156829183456 0
1608 1 1 221184000 168801411.36693335 65420666.366368502 5566036.8020439725 -11.561006046883954 23.188535818914982 1.6621768029396109 720.7152912567193 -0.044276591799399322 0.22271623908214874 -0.089508946720328678 0
1609 1 1 221270400 167788244.79573026 67419811.723253593 5708708.613608852 -11.891789389710512 23.087205115715264 1.6403734251153688 720.1700531679262 -0.044997411424212798 0.2212556335217139 -0.089338342204498239 0
1610 1 1 221356800 166746536.9679499 69409988.859866545 5849492.0359825417 -12.221680378754034 22.980964337288373 1.6184527035265404 719.63665799625176 -0.045686927252008014 0.21975670975199441 -0.089146582651542572 0
1611 1 1 221443200 165676362.97063392 71390793.204979569 5988368.7609071154 -12.550719101682231 22.870239001247491 1.5962375432328479 719.1061886095348 -0.04634873940896566 0.21821906761663454 -0.088934275874695073 0
1612 1 1 221529600 164577798.89288935 73361836.433566913 6125313.5141156977 -12.878848558410246 22.755009320969332 1.5737317835684748 718.57874102100971 -0.046981473517411963 0.21664361647189695 -0.088701273036726563 0
1613 1 1 221616000 163450925.80249989 75322728.538265258 6260301.3567250511 -13.206010519563264 22.635256142530871 1.5509393464143488 718.0544105000248 -0.047584560780186518 0.21503108490936482 -0.088447544532632053 0
1614 1 1 221702400 162295829.8481541 77273077.884841278 6393307.6918550674 -13.532145600176644 22.510960968178672 1.5278642270342566 717.53329152208187 -0.048157428691279841 0.21338222760159539 -0.088173063413215513 0
1615 1 1 221788800 161112602.35955122 79212491.270817459 6524308.2710855696 -13.857193254590607 22.38210600096885 1.5045104966691003 717.01547773172649 -0.048699525396434781 0.21169781871481094 -0.087877808418281966 0
1616 1 1 221875200 159901339.94761693 81140573.987910911 6653279.2010974754 -14.181091778247618 22.248674188609893 1.480882304300086 716.50106190359327 -0.049210320908332578 0.20997865183513412 -0.087561764568028666 0
1617 1 1 221961600 158662144.60450965 83056929.888290569 6780196.9504646556 -14.503778310756188 22.110649267991935 1.4569838783884437 715.99013590182653 -0.049689308203202019 0.20822554010222483 -0.087224922980430997 0
1618 1 1 222048000 157395123.80330208 84961161.454707593 6905038.3565954501 -14.825188840360154 21.968015810302095 1.4328195285866361 715.48279063868108 -0.050136004064502721 0.20643931558881079 -0.086867281299687724 0
1619 1 1 222134400 156100390.59721377 86852869.874547139 7027780.6328187771 -15.14525820985838 21.820759266690082 1.4083936473739971 714.97911603203784 -0.050549950102012617 0.20462082935404624 -0.086488844112473359 0
1620 1 1 222220800 154778063.71826831 88731655.117849842 7148401.3756084889 -15.463920124017934 21.668866014471476 1.3837107116224476 714.47920096150335 -0.050930713536395687 0.20277095110791515 -0.086089623270175525 0
1621 1 1 222307200 153428267.67524311 90597116.019345462 7266878.5719403774 -15.781107158542451 21.512323403809084 1.3587752841029093 713.98313322346246 -0.051277888422171472 0.20089056898827706 -0.085669638104275025 0
1622 1 1 222393600 152051132.85077551 92448850.364540502 7383190.6067762552 -16.096750770652129 21.351119804857248 1.3335920149140168 713.49099948447133 -0.051591096565491927 0.19898058952530612 -0.0852289159327594 0
1623 1 1 222480000 150646795.59748349 94286454.979896262 7497316.2706679683 -16.410781311305733 21.18524465528591 1.3081656428359723 713.00288523370762 -0.051869988550161103 0.19704193687463592 -0.084767492206348813 0
1624 1 1 222566400 149215398.33296031 96109525.827128306 7609234.7674764376 -16.723128039061706 21.014688508174171 1.2825009966293213 712.51887473421334 -0.052114244955512548 0.19507555275672711 -0.084285411263571419 0
1625 1 1 222652800 147757089.63333723 97917658.101576433 7718925.7221120559 -17.033719139881086 20.83944307804801 1.2566029939490253 712.03905097324935 -0.052323591391721519 0.19308238871348596 -0.083782734801751121 0
1626 1 1 222739200 146272024.3271322 99710446.335622698 7826369.189271546 -17.342481685205954 20.65950131966337 1.230476673733589 711.56349560099386 -0.052497153078522277 0.19106373882325781 -0.083259198878280857 0
1627 1 1 222825600 144760356.73444366 101487509.88385722 7931534.6984859044 -17.64951180648255 20.475486913388231 1.2038551432362383 711.07948154754638 -0.052637792726690905 0.18901904492664268 -0.082716494004733784 0
1628 1 1 222912000 143222311.16921175 103248231.81588262 8034494.0428482657 -17.95235615842758 20.278576157958824 1.1805519462717138 710.76639054542898 -0.019175617060883866 0.06259753724185009 -0.028438803649665549 0
1629 1 1 222998400 141658314.9296343 104991269.3288911 8135633.1886171214 -18.2509166831227 20.068775312522089 1.1605810274626005 710.62406945350835 -0.018930435183354296 0.060803161994204644 -0.027784378655168016 0
1630 1 1 223084800 140068608.40609202 106716006.6691878 8235025.8815898206 -18.547477880663738 19.854919102198522 1.1401437155779015 710.47316129466594 -0.018640828876860679 0.058991711291619835 -0.027102225259343318 0
1631 1 1 223171200 138453375.32372335 108422064.38910092 8332644.5426198011 -18.841797004792969 19.636376783190141 1.1195161123787247 710.32655802479781 -0.018326116344058955 0.057154044396197319 -0.026401560148383706 0
1632 1 1 223257600 136812812.58763182 110109037.6529683 8428472.8999707941 -19.133799986544854 19.413149636588237 1.0987022017443453 710.18433849569192 -0.017981418663400407 0.05529353450163791 -0.025680139389609349 0
1633 1 1 223344000 135147123.55498642 111776521.80037323 8522495.039290268 -19.423411664287823 19.185240381220531 1.0777062166196936 710.04658034324336 -0.017607197643882248 0.053410801752216089 -0.024938211987244999 0
1634 1 1 223430400 133456518.103392 113424112.45870475 8614695.4133218955 -19.710556260106461 18.952652969510243 1.0565324249370494 709.91335985520493 -0.017203696466250949 0.051506606300809006 -0.024175918257526546 0
1635 1 1 223516800 131741212.68536305 115051405.65226039 8705058.8459323216 -19.995157359084221 18.715392641864213 1.0351851493518549 709.78475192655719 -0.016771208542771063 0.04958170750424875 -0.023393414783746385 0
1636 1 1 223603200 130001430.38221881 116657997.91482805 8793570.5367574319 -20.277137935950918 18.473465956697179 1.0136687653195007 709.66083000482888 -0.01631008361959304 0.047636859953026724 -0.022590877556881234 0
1637 1 1 223689600 128237400.95566691 118243486.40486708 8880216.065697385 -20.556420381933503 18.226880820560904 0.99198769953042065 709.54166603587782 -0.015820729060778461 0.045672811340618555 -0.021768502492051322 0
1638 1 1 223776000 126449360.89701335 119807469.02327219 8964981.3972710427 -20.832926532856487 17.975646517823456 0.97014642820307762 709.42733040930386 -0.015303611559135708 0.043690301135232444 -0.020926506732900262 0
1639 1 1 223862400 124637553.47388884 121349544.53368184 9047852.8848148901 -21.106577698531215 17.719773739842239 0.94814947520128889 709.31789190333018 -0.014759258636502856 0.041690058357133221 -0.020065129479964892 0
1640 1 1 223948800 122802228.77438052 122869312.68528044 9128817.2745124996 -21.377294693432077 17.459274613543307 0.92600140998689917 709.21341762999157 -0.014188260356887973 0.03967279959910102 -0.019184633178428324 0
1641 1 1 224035200 120943643.74845719 124366374.33804436 9207861.7092386559 -21.644997868664614 17.194162729378085 0.90370684537168522 709.11397298016925 -0.013591270934552778 0.037639226969398205 -0.018285304856452321 0
1642 1 1 224121600 119062062.2465772 125840331.59037524 9284973.7321995907 -21.909607145225173 16.924453168657092 0.88127043504347602 709.0196215676774 -0.012969010518604574 0.035590026735818216 -0.017367457719973115 0
1643 1 1 224208000 117157755.05536586 127290787.90906873 9360141.2903487999 -22.171042048557499 16.650162530242877 0.85869687083673552 708.93042517182221 -0.01232226699332664 0.033525867738376874 -0.016431433003789662 0
1644 1 1 224294400 115230999.93025143 128717348.26156016 9433352.7375530172 -22.429221744430929 16.37130895661285 0.83599087966159491 708.84644367687406 -0.011651898097523537 0.031447401362978973 -0.015477602712051687 0
1645 1 1 224380800 113282081.62496771 130119619.25042851 9504596.8375013452 -22.684065075486469 16.087912160205821 0.81315722070804752 708.76773500223112 -0.010958831296243554 0.029355267779350065 -0.014506370270067185 0
1646 1 1 224467200 111311291.92787933 131497209.22187583 9573862.7800098285 -22.935490352044773 15.799992746255191 0.79020101896306993 708.69436979619195 -0.010244165296819064 0.027250016077191953 -0.013518276946157133 0
1647 1 1 224553600 109318927.82216309 132849733.31036146 9641137.7324163653 -23.183463024080115 15.507697910410899 0.7670650259671149 708.62375197101687 -0.0095590728283216093 0.025269525690517249 -0.012581609527841424 0
1648 1 1 224640000 107305309.53506304 134176766.18702279 9706430.5205748901 -23.427287323102167 15.209437957842418 0.74456055543072075 708.59036433978702 -0.00022928881755614455 0.0005986777755600702 -0.00029704242429538867 0
1649 1 1 224726400 105270813.53381236 135477755.61652517 9769814.9500028994 -23.666929223984539 14.905371125089758 0.72262853707346331 708.58889820102036 -0.00023681955535940016 0.00061515753274907366 -0.00030541728690825951 0
1650 1 1 224812800 103215767.26301375 136752299.82459611 9831291.4390294999 -23.90297226342863 14.597278493391437 0.70039895869896418 708.58716305418966 -0.00027508878202614224 0.00071586848568811596 -0.00035700158032367932 0
1651 1 1 224899200 101140487.25514647 138000046.61107537 9890837.2266083043 -24.135288555922017 14.285063225431164 0.67793809215277456 708.58530782890011 -0.0002700842875519179 0.00070026265663809795 -0.00035005337583741942 0
1652 1 1 224985600 99045299.113854542 139220640.726614 9948432.6755845975 -24.363795438422411 13.968750216321917 0.655252604513054 708.58349198314022 -0.00026847274614127091 0.00069426128916180393 -0.00034778205646843191 0
1653 1 1 225072000 96930535.408671215 140413729.64756668 10004058.476210117 -24.588413234545442 13.648374712743895 0.63234489206502176 708.58168957320549 -0.00026666915132791421 0.00068834217794046877 -0.00034545188153880119 0
1654 1 1 225158400 94796535.626583815 141578963.90223658 10057695.563214527 -24.8090615924738 13.323972365204217 0.60921809589972153 708.57990168841752 -0.00026468523584768081 0.00068248778796380723 -0.00034304569561202235 0
1655 1 1 225244800 92643646.20362477 142715997.17463198 10109325.146470696 -25.025660010774473 12.995580573903206 0.58587544547662418 708.57812840605425 -0.00026252056368684229 0.0006767036086421733 -0.00034056289670167584 0
1656 1 1 225331200 90472220.537177816 143824486.45471334 10158928.719735486 -25.238127854466747 12.663238469921414 0.56232028296848868 708.5763697934035 -0.00026017490243947108 0.00067099498421135234 -0.00033800292712197788 0
1657 1 1 225417600 88282618.995938599 144904092.18914288 10206488.070443965 -25.446384391835604 12.326986943130818 0.53855606444679038 708.57462589774377 -0.00025765129877268798 0.00066537516553211921 -0.00033536957544078201 0
1658 1 1 225504000 86075208.926635474 145954478.43443778 10251985.289595062 -25.650348832472808 11.986868669488326 0.51458636103939115 708.57289673822868 -0.00025495155972267934 0.00065985422970778044 -0.0003326648496716007 0
1659 1 1 225590400 83850364.657423466 146975313.01240179 10295402.781764664 -25.849940366289459 11.642928136614991 0.49041486065034912 708.57118232165215 -0.00025207474083904888 0.00065443417375824918 -0.00032988613295182261 0
1660 1 1 225676800 81608467.497854099 147966267.66771871 10336723.275275689 -26.045078203813933 11.295211668352408 0.46604536981419392 708.56948266561335 -0.00024901722650587155 0.00064910914300184499 -0.00032702644859916867 0
1661 1 1 225763200 79349905.735287935 148927018.22767773 10375929.832502956 -26.235681618374965 10.943767449934633 0.44148181474176823 708.56779779245619 -0.00024577961645870316 0.00064388438775231155 -0.00032408483043409203 0
1662 1 1 225849600 77075074.627584696 149857244.76408947 10413005.860237839 -26.42166998985854 10.588645552881916 0.41672824200822728 708.56612771203231 -0.00024236252471523476 0.00063876512377772116 -0.00032106039414165412 0
1663 1 1 225936000 74784376.391969487 150756631.75726917 10447935.12013467 -26.602962849552977 10.229897958196807 0.39178881962728407 708.5644724225856 -0.00023876668830604122 0.00063375650059042412 -0.00031795223736200411 0
1664 1 1 226022400 72478220.189961419 151624868.2619915 10480701.73924358 -26.779479926465008 9.8675785788215542 0.36666783795789115 708.56283190768158 -0.0002349935941721889 0.0006288652113013443 -0.0003147603420449537 0
1665 1 1 226108800 70157022.108241051 152461648.0753426 10511290.220619407 -26.951141194962993 9.5017432809652771 0.34136971062351773 708.56120613639223 -0.00023104398864277876 0.00062409575918464535 -0.00031148336704985447 0
1666 1 1 226195200 67821205.135346726 153266669.90635696 10539685.454013677 -27.117866923733722 9.1324499042141358 0.31589897545132301 708.55959506718102 -0.0002269184752636842 0.00061945190136843305 -0.00030811947719788134 0
1667 1 1 226281600 65471199.13407778 154039637.54735538 10565872.726638112 -27.27957772620459 8.7597582807650998 0.29026029518221974 708.55799864643586 -0.00022261823656697521 0.0006149384448340151 -0.00030466746873416872 0
1668 1 1 226368000 63107440.809480615 154780260.04689723 10589837.73398282 -27.436194612336571 8.3837302535149743 0.26445845806161261 708.55641680606414 -0.0002181446050744066 0.00061056012984913612 -0.00030112614868043404 0
1669 1 1 226454400 60730373.672304064 155488251.88423797 10611566.590684149 -27.587639041721534 8.0044296928115166 0.23849837838713903 708.55484946296349 -0.00021349904714548494 0.00060632156881836811 -0.00029749426847653211 0
1670 1 1 226540800 58340447.997809857 156163333.14517775 10631045.841435835 -27.733832977998258 7.6219225118851543 0.21238509695948182 708.55329651844499 -0.00020868316740453981 0.00060222723167393296 -0.00029377052177140148 0
1671 1 1 226627200 55938120.779825553 156805229.69918275 10648262.4719346 -27.874698944563516 7.236276680888456 0.18612378143007177 708.55175785764493 -0.00020369871799108668 0.00059828142260613714 -0.00028995354980239352 0
1672 1 1 226713600 53523855.679928906 157413673.37765762 10663203.919851268 -28.010160081551444 6.8475622394732705 0.1597197265415351 708.55023334892974 -0.00019854760788220506 0.00059448827799141613 -0.00028604194684519199 0
1673 1 1 226800000 51098122.971655458 157988402.15323901 10675858.085817672 -28.140140204055822 6.4558513078460091 0.1331783542518695 708.54872284305873 -0.00019323196196938637 0.0005908518681420978 -0.00028203432273138645 0
1674 1 1 226886400 48661399.479623623 158529160.31997424 10686213.34441971 -28.264563861543444 6.0612180961811237 0.10650521375680008 708.54722617311279 -0.00018775394936127655 0.00058737572818682519 -0.00027792916136818238 0
1675 1 1 226972800 46214168.513474301 159035698.67424726 10694258.555183848 -28.383356398502588 5.6637389125727218 0.079705981275534202 708.54574314988895 -0.00018211682348263423 0.00058406597916876423 -0.00027372644427052717 0
1676 1 1 227059200 43756919.796521671 159507774.69631466 10699983.073541746 -28.496444016131758 5.26349216895174 0.052786459875740065 708.54427356348128 -0.0001763227251319393 0.00058092423470267821 -0.0002694238062157551 0
1677 1 1 227145600 41290149.389032081 159945152.73225835 10703376.761782322 -28.603753835098022 4.8605583851283143 0.025752579204430019 708.54281718612924 -0.0001703746904017883 0.00057795375613640455 -0.00026501985585296295 0
1678 1 1 227232000 38814359.606029369 160347604.17622662 10704429.999965267 -28.70521395939258 4.4550201911689342 -0.0013896050268745956 708.54137377046789 -0.0001642754888217165 0.00057515618132879481 -0.00026051235911564967 0
1679 1 1 227318400 36330058.929544233 160714907.652785 10703133.696790019 -28.80075354111947 4.0469623276778872 -0.0286339116175175 708.53994305082335 -0.00015802823315465796 0.00057253313254973439 -0.00025589920284471452 0
1680 1 1 227404800 33837761.915222518 161046849.19921264 10699479.300404212 -28.890302846269623 3.636471644208803 -0.055974034692547171 708.53852474111693 -0.0001516365781686159 0.00057008658913802409 -0.00025117877205285997 0
1681 1 1 227491200 31337989.093212623 161343222.44757149 10693458.809135089 -28.973793321354719 3.2236370955559153 -0.083403544652785586 708.53711853339871 -0.00014510449676514636 0.00056781815348942602 -0.00024634952443112687 0
1682 1 1 227577600 28831266.863261458 161603828.80635849 10685064.782134345 -29.05115766082648 2.8085497358411384 -0.11091588924030622 708.53572409752803 -0.00013843629250979411 0.00056572905439532088 -0.00024140997182466205 0
1683 1 1 227664000 26318127.383953173 161828477.64155379 10674290.349924324 -29.122329875231987 2.391302710385705 -0.13850439475688064 708.53434108083559 -0.00013163662648789942 0.00056382013180758062 -0.00023635870921556517 0
1684 1 1 227750400 23799108.456030089 162016986.45686623 10661129.224832162 -29.187245360032577 1.971991245298967 -0.16616226743959536 708.53296910786366 -0.00012471054511513019 0.00056209182446542185 -0.00023119444152253852 0
1685 1 1 227836800 21274753.399741668 162169181.07298034 10645575.711298201 -29.24584096501021 1.5507126347244697 -0.19388259499666291 708.53160778018832 -0.00011766350520950965 0.00056054416385665226 -0.00022591601477215219 0
1686 1 1 227923200 18745610.926174328 162284895.80559674 10627624.716044668 -29.298055064180527 1.1275662256855135 -0.22165834830673251 708.53025667634211 -0.00011050139960320752 0.00055917677055707397 -0.00022052244834225518 0
1687 1 1 228009600 16212235.002521858 162363973.64205819 10607271.758090334 -29.343827626129055 0.70265340047489611 -0.24948238328455824 708.52891535184403 -0.00010323058293059873 0.00055798885771913003 -0.00021501296850473978 0
1688 1 1 228096000 13675184.711263709 162406266.41634634 10584512.97859676 -29.383100284681941 0.27607755653662003 -0.27734744291585578 708.52758333934855 -9.5857893703675477e-05 0.00055697924105894655 -0.0002093870453933049 0
1689 1 1 228182400 11135024.103226122 162411634.98222926 10559345.150531249 -29.415816409818934 -0.15205591620993272 -0.30524615946382305 708.52626014892337 -8.8390672569240805e-05 0.00055614635329154271 -0.0002036444293245676 0
1690 1 1 228268800 8592322.0445094313 162379949.38433859 10531765.688131729 -29.441921178732407 -0.58163966064956696 -0.3331710568492291 708.52494526847113 -8.0836777674294153e-05 0.00055548826532422324 -0.00019778518615602537 0
1691 1 1 228355200 6047652.0572731104 162311089.02694753 10501772.656158388 -29.461361646932815 -1.0125643803970401 -0.36111455320597902 708.52363816430261 -7.3204594930689307e-05 0.000555002715867102 -0.00019180973501813078 0
1692 1 1 228441600 3501592.1543790102 162204942.84022164 10469364.77891692 -29.474086819296492 -1.4447188704076812 -0.38906896361345522 708.52233828186104 -6.5503041135966025e-05 0.0005546871487962248 -0.00018571888054411841 0
1693 1 1 228528000 954724.6679024247 162061409.4437063 10434541.449038003 -29.480047720948953 -1.8779900503077742 -0.41702650300645444 708.52104504661122 -5.77415613247915e-05 0.00055453875512656732 -0.00017951384445183963 0
1694 1 1 228614400 -1592363.9284700921 161880397.30681613 10397302.735997671 -29.479197467872687 -2.3122630004754461 -0.44497928926324959 708.51975786509172 -4.9930115090343605e-05 0.00055455452166798861 -0.00017319629133735404 0
1695 1 1 228700800 -4139083.2031274312 161661824.90608799 10357649.394363161 -29.471491337125748 -2.747421000898119 -0.47291934647169814 708.51847612613358 -4.2079158545033332e-05 0.00055473128664727377 -0.00016676834979439899 0
1696 1 1 228787200 -6684838.9562665122 161405620.87895542 10315582.871748934 -29.456886836554325 -3.183345572828177 -0.50083860837293903 708.51719920223593 -3.4199613337054731e-05 0.00055506579714922292 -0.00016023262656182451 0
1697 1 1 228873600 -9229033.4156218488 161111724.17380196 10271105.316467507 -29.435343773879243 -3.6199165232537402 -0.52872892198170285 708.51592645109963 -2.6302828392079074e-05 0.00055555477024619515 -0.00015359221341325834 0
1698 1 1 228960000 -11771065.438132783 160780084.19605124 10224219.584859882 -29.4068243250343 -4.0570119921962684 -0.55658205138172667 708.51465721730631 -1.8400530959146177e-05 0.00055619495481927679 -0.00014685068454830592 0
1699 1 1 229046400 -14310330.717478337 160410660.95004761 10174929.2482906 -29.371293101631942 -4.4945085028416853 -0.58438968169448002 708.51339083412722 -1.050477074661923e-05 0.00055698319160150305 -0.00014001208756247318 0
1700 1 1 229132800 -16846221.997398809 160003425.17648271 10123238.599792464 -29.328717217429325 -4.932281014506243 -0.61214342321887194 708.51212662545322 -2.6278537027752268e-06 0.00055791647027060478 -0.00013308092274611259 0
1701 1 1 229219200 -19378129.290712357 159558358.48512402 10069152.660346277 -29.279066353667059 -5.3702029784328067 -0.63983481573904755 708.51086390782393 5.217728326527093e-06 0.00055899198082832904 -0.00012606211373237335 0
1702 1 1 229305600 -21905440.103923295 159075453.48260015 10012677.184781326 -29.222312823150482 -5.8081463964075049 -0.66745533299734661 708.50960199253416 1.3019374928594731e-05 0.00056020715764516468 -0.00011896097150100325 0
1703 1 1 229392000 -24427539.667308241 158554713.89500093 9953818.6672822572 -29.158431632942971 -6.2459818821805655 -0.69499638732903102 708.50834018779938 2.0764458588317222e-05 0.00056155971499002736 -0.00011178314922732445 0
1704 1 1 229478400 -26943811.170354042 157996154.68505013 9892584.3464887757 -29.087400545540035 -6.6835787256691503 -0.72244933445492066 708.50707780095468 2.8440405116486678e-05 0.00056304767230893086 -0.00010453459006505527 0
1705 1 1 229564800 -29453636.002410907 157399802.1636115 9828982.2101745252 -29.009200138392472 -7.1208049599136185 -0.7498054784279603 708.50581414066414 3.603477523996209e-05 0.00056466936667224721 -9.7221470446299101e-05 0
1706 1 1 229651200 -31956393.998412225 156765694.0952926 9763020.9994920697 -28.923813861646693 -7.5575274307520797 -0.77705607672960242 708.50454851911445 4.3535345160108742e-05 0.0005664234561379869 -8.9850140586825535e-05 0
1707 1 1 229737600 -34451463.689501412 156093879.79791269 9694710.2127712891 -28.83122809397085 -7.9936118691713434 -0.80419234551140173 708.50328025417321 5.0930180584169372e-05 0.00056830890917056577 -8.2427060415158989e-05 0
1708 1 1 229824000 -36938222.55839476 155384420.23560533 9624060.1088587623 -28.731432196336385 -8.4289229662857394 -0.83120546497714354 708.5020086714876 5.8207704877907121e-05 0.00057032498351539313 -7.4958738017206466e-05 0
1709 1 1 229910400 -39416047.299297944 154637388.10533169 9551081.7099862471 -28.624418563624879 -8.8633244508881113 -0.85808658490063117 708.50073310650305 6.53567626299077e-05 0.00057247119527255633 -6.7451667340218325e-05 0
1710 1 1 229996800 -41884314.082182869 153852867.9165841 9475786.8041567206 -28.510182673932118 -9.2966791695101616 -0.88482683027391185 708.49945290638141 7.2366671927181407e-05 0.00057474728025201161 -5.9912270226080436e-05 0
1711 1 1 230083200 -44342398.821220331 153030956.06406707 9398187.9470370281 -28.388723135443005 -9.7288491689223537 -0.91141730708075197 708.49816743180452 7.9227265850870065e-05 0.00057715314594208151 -5.2346844318771382e-05 0
1712 1 1 230169600 -46789677.447153091 152171760.89314684 9318298.4633464366 -28.260041730752768 -10.159695780996518 -0.93784910818949307 708.49687605865063 8.5928928339601678e-05 0.00057968882100690501 -4.4761512132136158e-05 0
1713 1 1 230256000 -49225526.183383912 151275402.75787061 9236132.4477311615 -28.124143458512155 -10.589079709846677 -0.96411331935919364 708.49557817952621 9.2462618868522574e-05 0.00058235439957885036 -3.7162179273772511e-05 0
1714 1 1 230342400 -51649321.825541429 150342014.07136118 9151704.7651152313 -27.981036572277848 -11.016861121157218 -0.99020102535313348 708.49427320515531 9.8819885472538883e-05 0.00058514998389963221 -2.9554501412263332e-05 0
1715 1 1 230428800 -54060442.024278112 149371739.34840247 9065031.050518794 -27.830732616451844 -11.442899733599909 -1.0161033161526443 708.49296056561354 0.00010499287253448401 0.0005880756295502461 -2.1943851737506038e-05 0
1716 1 1 230515200 -56458265.571043395 148364735.24004066 8976127.7083354555 -27.673246459197561 -11.8670549122346 -1.0418112932644352 708.49163971140797 0.00011097431518479639 0.0005911312909116864 -1.4335304720274583e-05 0
1717 1 1 230601600 -58842172.686566256 147321170.56003347 8885011.9110608529 -27.508596322224257 -12.289185763781667 -1.0673160761142275 708.49031011440047 0.00011675753117384611 0.00059431677069627514 -6.7336207596088733e-06 0
1718 1 1 230688000 -61211545.31177219 146241226.30299136 8791701.5974654369 -27.336803807335354 -12.709151233647813 -1.0926088085183827 708.48897126857912 0.00012233640646159468 0.00059763167360335956 8.5676306993218524e-07 0
1719 1 1 230774400 -63565767.40085043 145125095.6540643 8696215.4702049736 -27.157893919641356 -13.126810204580384 -1.1176806652256255 708.48762269068357 0.00012770537328677734 0.0006010753655420663 8.4317314546765702e-06 0
1720 1 1 230860800 -65904225.216179408 143972983.99003953 8598572.9928631503 -26.971895087343388 -13.542021596819099 -1.1425228585202458 708.48626392068581 0.00013285938771605597 0.00060464694000179062 1.5987488412001074e-05 0
1721 1 1 230947200 -68226307.62481007 142785108.87172598 8498794.3864213172 -26.778839177998389 -13.95464446960859 -1.1671266448776345 708.48489452213869 0.00013779389951796466 0.00060834518832665531 2.3520547092689052e-05 0
1722 1 1 231033600 -70531406.39619942 141561700.02751473 8396900.6251512859 -26.578761511183302 -14.364538123929357 -1.1914833316628028 708.48351408239785 0.00014250482659512921 0.00061216857841243856 3.1027718166343898e-05 0
1723 1 1 231120000 -72818916.500880182 140302999.32801542 8292913.4319278644 -26.371700867481426 -14.771562206299835 -1.2155842838618489 708.48212221272991 0.00014698852756622115 0.00061611523483627757 3.8506096168545133e-05 0
1724 1 1 231206400 -75088236.409745142 139009260.75168452 8186855.2729587248 -26.157699493721207 -15.175576813496942 -1.2394209308363506 708.48071854831915 0.0001512417687124157 0.00062018293297745109 4.5953040797746663e-05 0
1725 1 1 231292800 -77338768.393620133 137680750.34137088 8078749.3519300856 -25.936803104405119 -15.576442598037874 -1.2629847730904986 708.47930274816792 0.00015526169642997013 0.00062436909218228497 5.3366155840492377e-05 0
1726 1 1 231379200 -79569918.822793841 136317746.15172058 7968619.6035675444 -25.709060879272126 -15.97402087426272 -1.2862673890400813 708.47787449492569 0.00015904581372994475 0.00062867077159612576 6.0743269896840186e-05 0
1727 1 1 231465600 -81781098.466168106 134920538.18739662 7856490.6866123751 -25.474525456946122 -16.368173724852692 -1.3092604417724083 708.47643349463749 0.000162591954769887 0.0006330846784047368 6.8082413632622582e-05 0
1728 1 1 231552000 -83971722.789689064 133489428.33208223 7742387.9762145746 -25.233252924630712 -16.758764107615356 -1.3319556857858041 708.47497947642796 0.00016589825839719236 0.0006376071725818389 7.538180305437845e-05 0
1729 1 1 231638400 -86141212.253715798 132024730.26825279 7626337.5557449255 -24.985302803818325 -17.145655962366288 -1.354344973697063 708.47351219212953 0.0001689631496595812 0.00064223427937160895 8.2639821006927095e-05 0
1730 1 1 231724800 -88288992.608981252 130526769.38771525 7508366.2080292953 -24.730738031989983 -17.528714317733385 -1.3764202629060671 708.4720314158676 0.00017178532140298247 0.00064696169785781357 8.9854992311159739e-05 0
1731 1 1 231811200 -90414495.190798327 128995882.69292928 7388501.4060093658 -24.469624940291002 -17.907805397707982 -1.3981736222061778 708.47053694360829 0.00017436371998619024 0.00065178482065028783 9.70259654834341e-05 0
1732 1 1 231897600 -92517157.211162865 127432418.68913971 7266771.3028350426 -24.202033227176901 -18.282796727765547 -1.4195972383279534 708.46902859266754 0.00017669752757101351 0.00065669875023056891 0.00010415150149318233 0
1733 1 1 231984000 -94596422.048405886 125836737.2673652 7143204.72139474 -23.928035928032546 -18.653557240377847 -1.440683422405191 708.46750620120065 0.0001787861510076923 0.00066169831489597459 0.00011123045077491227 0
1734 1 1 232070400 -96651739.534047231 124209209.57830313 7017831.143290773 -23.647709380776085 -19.019957379737868 -1.4614246163518612 708.46596962767273 0.00018062921355583054 0.0006667780890401556 0.00011826174329481495 0
1735 1 1 232156800 -98682566.236504391 122550217.89722711 6890680.697268066 -23.361133187469132 -19.38186920551863 -1.4818133991379561 708.46441875031906 0.00018222654582218312 0.0006719324088882789 0.00012524437572628688 0
1736 1 1 232243200 -100688365.74131362 120860155.47996762 6761784.1471054386 -23.068390171962914 -19.739166495487666 -1.5018424929520042 708.46285346659261 0.00018357818242298026 0.00067715539548995841 0.00013217740655131971 0
1737 1 1 232329600 -102668608.92752124 119139426.41008264 6631172.8789794436 -22.769566333624994 -20.091724846801355 -1.5215047692495087 708.46127369269323 0.00018468429460091228 0.00068244101932937826 0.00013905978835756645 0
1738 1 1 232416000 -104622774.23991092 117388445.43734275 6498878.8883077549 -22.464750797214151 -20.439421775704119 -1.5407932547544345 708.45967936185536 0.00018554531959624187 0.00068778413163223483 0.00014589021177505759 0
1739 1 1 232502400 -106550347.95672368 115607637.80767277 6364934.7661015168 -22.154035758585461 -20.782136815707457 -1.5597011365433149 708.45807042081196 0.00018616749744022711 0.00069317506574603424 0.000152680314131346 0
1740 1 1 232588800 -108450824.45241801 113797439.0844823 6229373.6851723352 -21.837516424053693 -21.119751619394609 -1.5782217598870327 708.45644688011612 0.0001865673650824225 0.00069857219009236606 0.00015947273804708283 0
1741 1 3 232657046.35361791 -109932506.31266189 112347100.11149672 6121174.6894832281 -21.583462837724955 -21.382747785441534 -1.5925729919230898 708.45515401078114 0 0 0 243
1742 1 1 232675200 -110323706.45582151 111958294.96254985 6092229.3845015252 -21.515290972703795 -21.452150014357251 -1.5963486947220151 708.45480850630088 0.00018639228068455214 0.00070454954976791712 0.00016535321548821909 0
1743 1 1 232761600 -112168505.30581471 110090661.07888718 5953536.1453793664 -21.187460521535947 -21.779218042410825 -1.6140758198999454 708.4531543952321 0.00018527937724537299 0.0007117335714129277 0.00016936767143693797 0
1744 1 1 232848000 -113984741.20018961 108195002.81415229 5813328.769785583 -20.854128988497493 -22.100844164817627 -1.631397150204436 708.45148392533758 0.00018384586181627232 0.00071906646191161581 0.00017311979433200879 0
1745 1 1 232934400 -115771943.43183747 106271795.07515828 5671642.575567998 -20.515402989162702 -22.416919402336358 -1.6483067592265632 708.4497971600897 0.00018219579624210845 0.00072639236155964059 0.00017687039255849995 0
1746 1 1 233020800 -117529650.62099962 104321522.07419235 5528513.3849038575 -20.171391808367055 -22.72733734029956 -1.6647989056861785 708.44809418548402 0.00018031478538070361 0.0007337264345342819 0.00018058114862135849 0
1747 1 1 233107200 -119257410.94283213 102344677.10427491 5383977.507360437 -19.822207326218575 -23.031994205111921 -1.680868048592626 708.4463750814765 0.00017820207577309906 0.00074106292259252453 0.0001842480844706991 0
1748 1 1 233193600 -120954782.34806108 100341762.30741887 5238071.7226118175 -19.467963935113659 -23.330788945503013 -1.6965088474567096 708.44463993807153 0.00017585872851598325 0.00074839470688838538 0.00018787102586281196 0
1749 1 1 233280000 -122621332.77642052 98313288.436121404 5090833.2629454453 -19.108778455408775 -23.623623308354432 -1.711716166268171 708.44288885430274 0.00017328582402683951 0.00075571479507650495 0.00019144938909745001 0
1750 1 1 233366400 -124256640.36268687 96259774.608441994 4942299.7954270253 -18.744770048362209 -23.910401911349851 -1.7264850773394245 708.44112193801016 0.00017048461567047108 0.00076301620979354792 0.00019498254677983884 0
1751 1 1 233452800 -125860293.63507569 94181748.056944311 4792509.4037460089 -18.376060126421027 -24.191032312335469 -1.7408108648618852 708.43933930561366 0.00016745655092196497 0.00077029198285616276 0.00019846986752396578 0
1752 1 1 233539200 -127431891.70577876 92079743.871792689 4641500.5697644548 -18.00277226102396 -24.465425075262885 -1.7546890282172647 708.43754108189296 0.00016420326504601966 0.00077753516853977327 0.00020191070796237031 0
1753 1 1 233625600 -128971044.45343399 89954304.73830159 4489312.1547903158 -17.625032088078569 -24.733493832625435 -1.7681152850431008 708.43572740006903 0.0001607266080060564 0.00078473884828249643 0.00020530442316620844 0
1754 1 1 233712000 -130477372.69733186 87805980.669250369 4335983.3805980282 -17.242967211225434 -24.995155344123095 -1.7810855740006104 708.43389839889414 0.00015702941104484222 0.00079189915209896731 0.0002086511849498832 0
1755 1 1 233798400 -131950508.36316919 85635328.732326135 4181553.810230948 -16.856707102897886 -25.250329550619007 -1.7935960570201332 708.43205420067432 0.00015311703806690662 0.00079902406000497935 0.00021195426702500398 0
1756 1 1 233884800 -133390094.64018795 83442912.773004889 4026063.328604409 -16.466383004134318 -25.498939626904065 -1.8056431219713511 708.43019493884026 0.0001489878562720991 0.00080608942889831244 0.0002152084367171676 0
1757 1 1 233971200 -134795786.12960011 81229303.132971451 3869552.122871344 -16.072127822621272 -25.740912030195986 -1.8172233849595101 708.42832077758385 0.00014464423067967071 0.00081308855485183289 0.00021841304184117051 0
1758 1 1 234057600 -136167248.98410025 78995076.364681199 3712060.6626442722 -15.674076028706168 -25.976176542376376 -1.828333691734819 708.42643188660281 0.00014008899121698831 0.00082001477352749378 0.00022156741737128555 0
1759 1 1 234144000 -137504161.03835279 76740814.942366198 3553629.6800867356 -15.272363550410132 -26.204666309660329 -1.8389711192023404 708.42452844258014 0.00013532512788512284 0.0008268615033151964 0.00022467090269372064 0
1760 1 1 234230400 -138806211.93035814 74467106.969791353 3394300.1498870407 -14.867127667311298 -26.42631787816558 -1.8491329766379643 708.4226106289982 0.00013035581494378882 0.00083362225519836419 0.0002277228437623558 0
1761 1 1 234316800 -140073103.21360776 72174545.885111496 3234113.2691385262 -14.458506903473486 -26.641071225443032 -1.8588168066367077 708.42067863602983 0.00012518444541413759 0.00084029063749853795 0.00023072258529429674 0
1762 1 1 234403200 -141304548.45995545 69863730.163172349 3073110.4371475256 -14.046640919634413 -26.848869788108118 -1.8680203858360394 708.41873266361495 0.00011981465802426415 0.00084686127193628715 0.00023366975904273756 0
1763 1 1 234489600 -142500273.35313132 67535263.015713766 2911333.235221853 -13.631670404315262 -27.04966048178645 -1.8767417243750406 708.41677285644892 0.00011425651568347674 0.00085337468083772567 0.0002365766551171131 0
1764 1 1 234576000 -143660015.77284026 65189752.089948207 2748823.4064958482 -13.213736965285268 -27.243393722218187 -1.8849790665354069 708.41479933821836 0.00010851022102943762 0.00085980354156909005 0.00023943686558977527 0
1765 1 1 234662400 -144783525.86950052 62827809.165314443 2585622.8356633289 -12.792983020714015 -27.430023441037353 -1.8927308907489553 708.41281222243686 0.0001025840606013541 0.00086618893121366547 0.00024226326515871423 0
1766 1 1 234748800 -145870566.12951615 60450049.849496223 2421773.528847429 -12.369551689372408 -27.609507090044886 -1.8999959072620132 708.41081148284752 9.6492391714960528e-05 0.00087264367756424309 0.00024508921352579458 0
1767 1 1 234835200 -146920911.43096364 58057093.275382794 2257317.5940044592 -11.943586677532709 -27.781805604806479 -1.9067730452023708 708.40879613376615 9.0300554854513923e-05 0.00087981789754814938 0.00024809981968457829 0
1768 1 1 234921600 -147934349.08966133 55649561.800193004 2092297.2221328418 -11.515232173405266 -27.946883428375575 -1.9130614573926978 708.40676462028955 8.3988471300964235e-05 0.00088765100092984392 0.00025128152343817671 0
1769 1 1 235008000 -148910678.89619181 53228080.702708341 1926754.6680809569 -11.084632735379309 -28.104708452222461 -1.9188605024994276 708.40471372351374 7.7683954968148892e-05 0.00089781751528727333 0.00025511374820646581 0
1770 1 1 235094400 -149849713.14267129 50793277.893027037 1760732.234966045 -10.651933173784478 -28.255251849199684 -1.9241696971569258 708.40263550654868 7.1562841691406436e-05 0.00091332316606869586 0.00026046268659541685 0
1771 1 1 235180800 -150751276.63891843 48345783.646970525 1594272.265655376 -10.217278411722319 -28.398487507572693 -1.9289885539984133 708.40050682523224 6.6314395176918575e-05 0.00094582336282075113 0.00027068144866345485 0
1772 1 1 235267200 -151615206.71332389 45886230.453520961 1427417.1666846517 -9.7808132733686293 -28.534389901041166 -1.9333159690892974 708.39824948199453 6.3372146071378872e-05 0.0010253178520104247 0.00029443228507254247 0
1773 1 1 235353600 -152441353.20656762 43415252.895347401 1260209.4419061353 -9.3426826514635284 -28.662937516068425 -1.9371512023696289 708.39579504795438 5.9570389548037999e-05 0.0011146777366813048 0.00032114989667132704 0
1774 1 1 235440000 -153229578.48526075 40933487.111802951 1092691.6062872217 -8.9030315280933401 -28.784115078572597 -1.9404945225871357 708.39312710727904 5.4536511012623514e-05 0.0012114012730940404 0.00035013431109624625 0
1775 1 1 235526400 -153979757.43340203 38441570.409116872 924906.14112206048 -8.462004656999822 -28.897910837207252 -1.9433464372099951 708.39023052251616 4.802103430771021e-05 0.001314049884116962 0.00038098417350735379 0
1776 1 1 235612800 -154691777.42833677 35940140.955104783 756895.47292095958 -8.0197464640932399 -29.004316572370339 -1.9457077001368823 708.38709210113109 3.9850757784113955e-05 0.0014222553010391525 0.00041360405396148587 0
1777 1 1 235699200 -155365538.30785981 33429837.479367498 588701.95340396638 -7.5764009431708219 -29.10332749141725 -1.9475792874790696 708.38369918542594 2.9867297156957817e-05 0.0015357932622168371 0.00044793914057729189 0
1778 1 1 235785600 -156000952.32862002 30911298.979004946 420367.84053963789 -7.1321115577298544 -29.194942188152684 -1.9489623925260353 708.38003951522728 1.7919745351860587e-05 0.0016544832377149679 0.00048394665796152572 0
1779 1 1 235872000 -156597944.11614037 28385164.427527733 251935.27989931041 -6.6870211449864065 -29.2791626088481 -1.9498584233443466 708.37610127430253 3.8626524264851562e-06 0.001778140327441912 0.00052158203291978596 0
1780 1 1 235958400 -157156450.60664645 25852072.488879643 83446.28682689977 -6.2412718223422257 -29.355993946676652 -1.9502689800580559 708.37187184830816 -1.2449309560303163e-05 0.0019074916887918021 0.00056106837171732767 0
1781 1 1 236044800 -157676420.98088133 23312661.237132341 -85057.270472805874 -5.7950048954055475 -29.425444685045928 -1.9501958765713634 708.36733944180014 -3.117075210654004e-05 0.0020420930692355297 0.00060228606233416891 0
1782 1 1 236131200 -158157816.59080225 20767567.899586096 -253533.68171913983 -5.3483607918039429 -29.487525641675226 -1.9496408676279215 708.3624759282892 -5.2775527232237078e-05 0.0021950933412072057 0.00064913310866777593 0
1783 1 1 236217600 -158600610.88092569 18217428.673389275 -421941.38442740811 -4.9014789866795576 -29.542250229769166 -1.9486057346935304 708.35724265576084 -7.7575190334030467e-05 0.002361115087411588 0.0007000559337671105 0
1784 1 1 236304000 -159004789.30114663 15662878.426061573 -590238.98887878261 -4.4544978874364443 -29.589635843279712 -1.9470927063672105 708.35161748398991 -0.00010559567019192451 0.0025327239120666654 0.00075287073050416984 0
1785 1 1 236390400 -159370349.208197 13104550.324975377 -758385.32528036158 -4.0075546925611496 -29.629704450777712 -1.9451046488662684 708.34560700920827 -0.00013690592211246694 0.0027038874208194313 0.00080582613652260978 0
1786 1 1 236476800 -159697299.80176666 10543076.072207974 -926339.31000123115 -3.5607865618281371 -29.662464518140919 -1.9426396472672449 708.33890603346651 -0.00018034460157007585 0.0030059628248749709 0.00089835876990357528 0
1787 1 1 236563200 -159985661.83366296 7979083.3632120732 -1094060.6497866777 -3.1143208736782433 -29.688038340268033 -1.9397293576526737 708.33330596121289 -0.00011385573754757182 0.001830710314342193 0.00054624358684472025 0
1788 1 1 236649600 -160235465.81865367 5413175.3240144001 -1261515.9870702447 -2.6682611387061907 -29.706803141431763 -1.9364818704571005 708.33014289753373 -0.00012973841308533838 0.0018049143734426296 0.00053967770116058154 0
1789 1 1 236736000 -160446764.27798608 2846079.8157935319 -1428633.7683704491 -2.223126217303657 -29.714169271792819 -1.9315045743412225 708.25239805549563 -0.0055520597948090769 0.06563812724009592 0.019823747894412859 0
1790 1 1 236822400 -160619653.93013313 278899.44088915898 -1595228.5583877051 -1.7790879827197472 -29.710117893519534 -1.9247811226075904 708.09374263418772 -0.0062078955792247313 0.066526818888961559 0.020145639664663338 0
1791 1 1 236908800 -160754215.88604355 -2287633.5535357711 -1761225.7491124754 -1.3359345602393604 -29.699167795419513 -1.9176650785583693 707.93884837971007 -0.0068952035365143285 0.067483849655304573 0.020490742092186719 0
1792 1 1 236995200 -160850533.33055606 -4852910.0650310162 -1926587.1153995949 -0.89381951485387023 -29.681041343989495 -1.910064104093852 707.78163752596299 -0.0075930398109733139 0.06837781595096537 0.020817776945220048 0
1793 1 1 237081600 -160908701.42829663 -7416312.3684235327 -2091271.0630032243 -0.45286863634001068 -29.655792427878115 -1.9019852425717545 707.62225334252093 -0.0083005307427570247 0.069208588812244148 0.021126649074415124 0
1794 1 1 237168000 -160928826.12437844 -9977227.4712093286 -2255236.6033290271 -0.01320564968814086 -29.623476738048872 -1.8934354837022904 707.460826413007 -0.0090159547165007074 0.069976173788541776 0.02141723774297211 0
1795 1 1 237254400 -160911023.95592237 -12535047.295653291 -2418443.3582189404 0.42504799184306091 -29.584152335727875 -1.8844219667381206 707.29748733798942 -0.0097376288897073459 0.07068062311303322 0.021689439909900472 0
1796 1 1 237340800 -160855421.85406041 -15089168.879531069 -2580851.5724790981 0.86177314686183903 -29.537879558471953 -1.8749519714518963 707.13236668327534 -0.010463874379305431 0.071322038864716455 0.02194316790986147 0
1797 1 1 237427200 -160762156.94231278 -17638994.568694804 -2742422.1256472669 1.2968530285916915 -29.48472092495383 -1.8650329094907245 706.96559493036375 -0.011193017818525898 0.071900573751885744 0.022178349538112496 0
1798 1 1 237513600 -160631376.33146545 -20183932.201392621 -2903116.5430137883 1.7301732431140213 -29.424741039340628 -1.8546723157522833 706.79730242546793 -0.011923393943906558 0.072416430960847211 0.022394927778754722 0
1799 1 1 237600000 -160463236.9113304 -22723395.284318738 -3062897.0059008035 2.1616218232947366 -29.358006495537033 -1.8438778398454054 706.62761932883041 -0.012653347867462736 0.072869863556615552 0.022592860335607128 0
1800 1 1 237686400 -160257905.13975894 -25256803.160391625 -3221726.3612077404 2.5910892584850798 -29.284585781482836 -1.8326572376412762 706.45667556429646 -0.013381237310699861 0.073261174158519682 0.022772119423015713 0
1801 1 1 237772800 -160015556.82926825 -27783581.168271672 -3379568.1302302978 3.0184685200564259 -29.204549183678623 -1.8210183629066352 706.28460076877718 -0.014105434976297598 0.073590714358145917 0.022932691573416288 0
1802 1 1 237859200 -159736376.93163854 -30303160.793646727 -3536386.5167607777 3.443655082853085 -29.117968692127047 -1.8089691590397941 706.11152424178874 -0.014824330655366622 0.073858884104554975 0.023074577299934822 0
1803 1 1 237945600 -159420559.32083023 -32814979.812330127 -3692146.4144795472 3.866546942681869 -29.024917905909543 -1.7965176509266438 705.93757489601808 -0.015536333111480108 0.074066130324626459 0.023197790791089468 0
1804 1 1 238032000 -159068306.57455668 -35318482.425233327 -3846813.4136485686 4.2870446299221747 -28.925471939522417 -1.7836719369329255 705.76288120824154 -0.016239872294314468 0.074212946665857524 0.023302359485100489 0
1805 1 1 238118400 -158679829.75483787 -37813119.385281295 -4000353.8071200587 4.7050512195290901 -28.81970733008572 -1.770440181055323 705.58757117060111 -0.016933401847243883 0.074299871674022397 0.023388323938214311 0
1806 1 1 238204800 -158255348.18813378 -40298348.11644166 -4152734.5956376386 5.1204723295588197 -28.707701947945505 -1.75683060424827 705.41177224575699 -0.017615444439826648 0.074327475316875724 0.023455742576715885 0
1807 1 1 238291200 -157795089.24294448 -42773632.824246444 -4303923.4927686127 5.5332162046132467 -28.589534882318947 -1.7428514875386059 705.23561129967732 -0.018283634965244454 0.074296639111455107 0.0235045695600852 0
1808 1 1 238377600 -157299286.13494503 -45238451.686369143 -4453891.2135601854 5.9432424176543881 -28.465462215764983 -1.7285677942405919 705.06264798683139 -0.018940159376622041 0.074206922385028545 0.023535416010268033 0
1809 1 1 238464000 -156768197.98913795 -47692224.034469187 -4602587.9708282584 6.3497795518128139 -28.333103565080993 -1.7131943185684009 704.84493375629677 -0.029172925280486418 0.10848761945540157 0.034647037906519684 0
1810 1 1 238550400 -156202148.21228918 -50134173.722475491 -4749899.3615353825 6.7527258785789828 -28.192542567648939 -1.6967383674171943 704.5825562686008 -0.030054502522165193 0.1082386184107549 0.034649460233854699 0
1811 1 1 238636800 -155601412.90649515 -52563734.582621619 -4895776.9260337753 7.1526688730529404 -28.046327548687913 -1.6800016015854466 704.32368860883764 -0.030914913431208203 0.10793167754415106 0.034632628707845926 0
1812 1 1 238723200 -154966257.15877563 -54980413.667504571 -5040194.173842445 7.5494825171956679 -27.894367573926608 -1.662936208651473 704.06502485528802 -0.031753599604843384 0.10756733934140475 0.034596985155112801 0
1813 1 1 238809600 -154296954.63835979 -57383718.315374933 -5183123.0922156489 7.9430910102301651 -27.736748451135462 -1.6455510006112979 703.80669001608533 -0.032569170074119712 0.10714653103067999 0.034542613751095609 0
1814 1 1 238896000 -153593785.45143309 -59773163.303873964 -5324536.4298657868 8.3334211431481204 -27.573556567746234 -1.6278547893108182 703.54880820418578 -0.033360351236217424 0.10667017558515628 0.034469669439499577 0
1815 1 1 238982400 -152857035.91884536 -62148270.896789581 -5464407.6963567017 8.7204022623281983 -27.404878813294005 -1.6098563742142888 703.29150258799223 -0.034125911086233439 0.10613922877805528 0.034378314750176296 0
1816 1 1 239068800 -152086998.35655299 -64508570.883977525 -5602711.1607852466 9.1039662407293331 -27.23080249973588 -1.5915645366172895 703.03489534763366 -0.034864657925172966 0.10555467778458662 0.034268721740085335 0
1817 1 1 239155200 -151283970.85866386 -66853600.61451517 -5739421.8499494726 9.4840474464515729 -27.051415284482271 -1.5729880336209352 702.77910763209638 -0.035575441523513454 0.10491753906906275 0.034141071626200246 0
1818 1 1 239241600 -150448257.08329749 -69182905.023315787 -5874515.5460064458 9.8605827090366223 -26.866805095988799 -1.5541355923383431 702.52425951743828 -0.036257154108208914 0.1042288569405101 0.033995554635854998 0
1819 1 1 239328000 -149580166.0414471 -71496036.65142563 -6007968.7836392643 10.23351128370563 -26.677060061945411 -1.535015904335578 702.27046996629338 -0.036908730929767701 0.10348970143387327 0.03383236947706942 0
1820 1 1 239414400 -148680011.88901529 -73792555.660230279 -6139758.8467540201 10.602774813680581 -26.482268440091627 -1.5156376202981043 702.01785678857368 -0.03752915113236794 0.10270116685458061 0.033651723321617373 0
1821 1 1 239500800 -147748113.72218254 -76072029.839797825 -6269863.7647245741 10.968317290735248 -26.28251855170333 -1.4960093449032101 701.76653660361683 -0.038117438219939244 0.10186436935125129 0.033453831529988085 0
1822 1 1 239587200 -146784795.37625653 -78334034.611591429 -6398262.3082041554 11.330085014111395 -26.077898717740808 -1.4761396319206768 701.51662480342804 -0.038672660928980404 0.10098044581242979 0.03323891733310147 0
1823 1 1 239673600 -145790385.22813553 -80578153.025778428 -6524933.984523383 11.688026547935291 -25.868497197650772 -1.4560369795368824 701.26823551667792 -0.039193933636652536 0.10005055163518105 0.033007211596208147 0
1824 1 1 239760000 -144765216.0025107 -82803975.753370017 -6649859.032693509 12.042092677303067 -25.654402130877067 -1.4357098258901499 701.02148157442514 -0.039680416714066781 0.099075858972014264 0.032758952651857937 0
1825 1 1 239846400 -143709624.58191872 -85011101.073422343 -6773018.4180326378 12.392236363070255 -25.435701481042564 -1.4151665448084338 700.77647447634183 -0.040131317074469916 0.098057555373422881 0.032494386083397386 0
1826 1 1 239932800 -142623951.82068512 -87199134.855498597 -6894393.8264466124 12.738412697418097 -25.21248298189591 -1.3944154421219936 700.53332435788911 -0.040545873170394139 0.096996848306933253 0.03221376333890591 0
1827 1 1 240019200 -141508542.36316496 -89367690.537814796 -7013967.6582217114 13.080578844687492 -24.984834093625427 -1.3734647466953847 700.29213996073361 -0.04092351971024321 0.095894876050857697 0.031917397412716597 0
1828 1 1 240105600 -140363750.4521262 -91516375.479758754 -7131718.459159594 13.418545552403534 -24.752504074903982 -1.352209458050091 700.04613979497049 -0.041263145007488025 0.09475315422651806 0.031605306376926517 0
1829 1 1 240192000 -139189878.25855654 -93644931.115655854 -7247667.8626510371 13.754350929822103 -24.520312038184521 -1.3322425851947879 699.89187830188393 -0.012690618547278541 0.027872125276930115 0.0092710261417379789 0
1830 1 1 240278400 -137987059.32724246 -95753495.362380564 -7361968.5704731746 14.087988661657221 -24.288330502785431 -1.3135703699441754 699.82939789501677 -0.012502518483597508 0.026895556789312269 0.0089654336720767207 0
1831 1 1 240364800 -136755597.98425707 -97841822.519828066 -7474643.3071717126 14.417373594925207 -24.051897616114093 -1.2946131173548403 699.76231431185522 -0.012269822135608276 0.025882272647670963 0.0086462865020459911 0
1832 1 1 240451200 -135495856.4480775 -99909547.283454686 -7585672.9832438212 14.742616972451737 -23.811437400422765 -1.2754914942093276 699.69763384797682 -0.012001887639393178 0.024828816385993196 0.0083117570714971271 0
1833 1 1 240537600 -134208194.02125148 -101956325.35734026 -7695043.714869976 15.063685070988495 -23.567034628751983 -1.2562128372137844 699.63547139692832 -0.011694759619701225 0.023736841867722451 0.007962430165945087 0
1834 1 1 240624000 -132892972.83274837 -103981819.75271896 -7802742.2477042163 15.380546108815288 -23.318773702486617 -1.2367843937585754 699.57594249366184 -0.011347693207221218 0.022606581629358139 0.007598307752738699 0
1835 1 1 240710400 -131550557.68669279 -105985700.76145627 -7908755.9519063728 15.693169942807797 -23.066738750132807 -1.2172133724348946 699.51916358603717 -0.010959725561809784 0.021438190652395252 0.0072193780153511928 0
1836 1 1 240796800 -130181315.92053282 -107967645.93162428 -8013072.8187256893 16.001528070208874 -22.811013610439961 -1.1975069425159299 699.46525245404541 -0.010529816361966229 0.020231651032216278 0.0068255797351207516 0
1837 1 1 240883200 -128785617.26437634 -109927340.04243357 -8115681.4573351601 16.305593604433753 -22.551681832594706 -1.1776722395577133 699.41432870603467 -0.010056828882807225 0.018986736502235785 0.0064167908441697796 0
1838 1 1 240969600 -127363833.70226291 -111864475.07942587 -8216571.0922095608 16.605341254622449 -22.288826682124039 -1.1577163723910111 699.36651437225555 -0.0095395015362968547 0.017702976040730577 0.0059928170461001273 0
1839 1 1 241056000 -125916339.33504441 -113778750.21043712 -8315731.5611711927 16.900747308844274 -22.022531152748943 -1.1376464315566603 699.32193459962889 -0.0089764192879098169 0.016379620038619983 0.0055533818133490969 0
1840 1 1 241142400 -124443510.24456675 -115669871.76281328 -8413153.3142151069 17.191789620676094 -21.752877983247579 -1.1174694988011433 699.28071842997133 -0.0083659911341097092 0.015015620931443282 0.0050981219705074944 0
1841 1 1 241228800 -122945724.35891604 -117537553.20219019 -8508827.4131593797 17.478447597484532 -21.479949675848591 -1.0971926563341636 699.24299958989684 -0.0077064519429646166 0.013609659456249803 0.0046266001767550661 0
1842 1 1 241315200 -121423361.31876561 -119381515.11263466 -8602745.5319774058 17.760702185380886 -21.203828507140052 -1.0768229925492963 699.20891710003445 -0.0069959279727184291 0.012160280071740904 0.0041383571465688591 0
1843 1 1 241401600 -119876802.34557623 -121201485.17671569 -8694899.9572222438 18.0385358382212 -20.924596510356835 -1.056367596577545 699.17861524503917 -0.0062326569465969801 0.010666279984870049 0.0036330549088373063 0
1844 1 1 241488000 -118306430.11413358 -122997198.15121242 -8785283.5869308393 18.311932441009727 -20.642335380409826 -1.0358335244162438 699.15224184466751 -0.005415561849251703 0.0091276702590072489 0.0031108224864151899 0
1845 1 1 241574400 -116712628.62176958 -124768395.85093082 -8873889.9320660308 18.58087747064809 -20.35712677052058 -1.0152278959626482 699.12995499181136 -0.0045456049667832897 0.0075478234675394182 0.00257302624456935 0
1846 1 1 241660800 -115095783.20069031 -126514826.90037516 -8960713.0376686975 18.845352996837526 -20.06904412484344 -0.99455508259581982 699.11174564707687 -0.0036966707757134418 0.0060492932463112777 0.0020620448794005089 0
1847 1 1 241747200 -113456281.12118515 -128236245.53500012 -9045747.0770211406 19.105331891306584 -19.778143724327521 -0.9738136270069776 699.0972403146676 -0.0029519478799212334 0.0047624662122567937 0.0016229817822789544 0
1848 1 1 241833600 -111794512.503932 -129932409.97692226 -9128985.8004357163 19.360776071354373 -19.484462950720374 -0.95299567387259265 699.08565745103135 -0.0023429247386360101 0.0037286479463424478 0.001270201067543076 0
1849 1 1 241920000 -110110868.55159546 -131603085.10389876 -9210423.4526422322 19.611720040383162 -19.18815227189933 -0.93213205886928863 699.07870509047552 -0.0009409277022138971 0.001478274155588388 0.00050218787062403366 0
1850 1 1 242006400 -108405738.3356618 -133248047.3973182 -9290056.469863601 19.858111890464642 -18.889224737148915 -0.91120680363113793 699.07507830555596 -0.00088081328676349537 0.0013659500257851823 0.00046417736846848584 0
1851 1 1 242092800 -106679521.13918206 -134867065.42436618 -9367876.8262167256 20.099842568798053 -18.587603172490578 -0.89017325224626298 699.07148983382012 -0.00082530025524634517 0.0012640615699987783 0.00042970182411781983 0
1852 1 1 242179200 -104932619.99284023 -136459910.01029453 -9443875.5179005731 20.336904777820099 -18.283369961818014 -0.86903935758110851 699.06816023941747 -0.00077167279898902809 0.0011675543185624704 0.00039696053622301512 0
1853 1 1 242265600 -103165438.82006215 -138026358.59136358 -9518044.0608399399 20.569285545426876 -17.976596374061213 -0.84780940734913712 699.06507717764032 -0.00071994084751166791 0.0010763952997290683 0.0003659736915344809 0
1854 1 1 242352000 -101378382.62174499 -139566194.73957527 -9590374.3393653557 20.796972902749008 -17.667353181159747 -0.82648764598702185 699.06222841312933 -0.00066994537868958167 0.00099012011230456489 0.00033659380450175481 0
1855 1 1 242438400 -99571857.390120551 -141079208.12108931 -9660858.6031471137 21.019955858816754 -17.35571066591978 -0.80507828170794005 699.05960206567897 -0.00062190670556322317 0.00090884476528864345 0.00030887070387094389 0
1856 1 1 242524800 -97746270.025343433 -142565194.45345879 -9729489.4639863279 21.238224387918557 -17.041738628969505 -0.78358549097897023 699.0571869367401 -0.00057595979610636672 0.00083256113361959336 0.0002828112222717784 0
1857 1 1 242611200 -95902028.263744757 -144023955.44845346 -9796259.8878947906 21.451769023868462 -16.725505834779391 -0.7620132325185982 699.05496015413075 -0.00053853955476462561 0.00077027471551348163 0.00026148119638572304 0
1858 1 1 242697600 -94039540.672031015 -145455298.66382146 -9861163.1564551294 21.660579866597224 -16.407078650238304 -0.74036478777807357 699.05285635322662 -0.00052240411257506014 0.0007395705854907641 0.0002508474895581803 0
1859 1 1 242784000 -92159216.660632119 -146859037.33375177 -9924192.8212055694 21.86464779827033 -16.086522845304245 -0.71864337513064147 699.05080819742113 -0.00051619808125901898 0.00072355552568715957 0.00024516707433520582 0
1860 1 1 242870400 -90261466.32738629 -148234990.44410884 -9985342.7413267605 22.063965951168875 -15.763905678130094 -0.69685285956767762 699.04879382356194 -0.00051158861093826818 0.00071023972638910087 0.00024036327448814809 0
1861 1 1 242956800 -88346700.299168006 -149582982.80860496 -10044607.121756271 22.258528754036234 -15.439294524861287 -0.67499728826745597 699.04680623476418 -0.00050914381346575395 0.00070031385841332798 0.00023667126845312002 0
1862 1 1 243043200 -86415329.650927052 -150902845.03595322 -10101980.514353631 22.448331440846538 -15.112756205161997 -0.65308066269687892 699.04483815344202 -0.00050776367577538872 0.00069219527118610466 0.00023354908518716914 0
1863 1 1 243129600 -84467765.82821025 -152194413.49377313 -10157457.818082882 22.633370195668782 -14.784357206258296 -0.63110701593639673 699.04288722299293 -0.00050633152283066022 0.00068433538691574228 0.00023046855538074213 0
1864 1 1 243216000 -82504420.569699019 -153457530.27453852 -10211034.279954826 22.813642010395697 -14.454163512769261 -0.6090803553294829 699.04095218238456 -0.00050535757747245983 0.00067740652004096447 0.00022765875158175494 0
1865 1 1 243302400 -80525705.843045354 -154692043.14564341 -10262705.49061955 22.989144606619149 -14.122240526955652 -0.58700463612642129 699.03903108114275 -0.00050456571841517967 0.00067102615349406839 0.00022498702898924198 0
1866 1 1 243388800 -78532033.77913624 -155897805.50385275 -10312467.381521706 23.159876481777737 -13.788653157118722 -0.56488379226045127 699.03712334624686 -0.00050362299239439443 0.00066474930919701203 0.00022230016545769164 0
1867 1 1 243475200 -76523816.606903866 -157074676.33129257 -10360316.222616116 23.325836855361374 -13.453465772296925 -0.54272172113128492 699.03522875286376 -0.00050266437890816797 0.00065875171350758131 0.00021965797324928057 0
1868 1 1 243561600 -74501466.593020305 -158222520.14724696 -10406248.618674133 23.48702563734432 -13.116742186796076 -0.52052227865885425 699.03334707241845 -0.00050153319411634363 0.00065283042516468251 0.00021698884851435287 0
1869 1 1 243648000 -72465395.98220475 -159341206.96141133 -10450261.506115505 23.643443418946703 -12.778545674437455 -0.49828928434454034 699.03147839636233 -0.00050024117798628317 0.00064700265361252276 0.0002142975478128033 0
1870 1 1 243734400 -70416016.939956322 -160430612.22625378 -10492352.149535775 23.795091439337899 -12.438938951470046 -0.47602651531180834 699.02962271899924 -0.00049881035031524754 0.0006412984513615935 0.0002115936556111691 0
1871 1 1 243820800 -68353741.497293219 -161490616.78903478 -10532518.138106359 23.941971570290672 -12.097984182777019 -0.4537377083273515 699.02778005340485 -0.00049721085118241881 0.00063568080324753599 0.00020886316939600622 0
1872 1 1 243907200 -66278981.496772736 -162521106.84441316 -10570757.382163638 24.084086298736171 -11.755742985206734 -0.43142656072684415 699.02595047133593 -0.00049544588835223732 0.00063015550412828152 0.00020610703206862352 0
1873 1 1 243993600 -64192148.540285371 -163521973.8869887 -10607068.109749595 24.221438705648637 -11.412276426027629 -0.40909672949894765 699.02413402013792 -0.00049352172772905661 0.00062473231712736302 0.00020332771105806524 0
1874 1 1 244080000 -62093653.938491344 -164493114.6639418 -10641448.863148503 24.354032448752953 -11.067645026206659 -0.38675183194544244 699.02233074359231 -0.00049143432780360784 0.0006194073148564097 0.00020052287397545542 0
1875 1 1 244166400 -59983908.661723197 -165434431.1279867 -10673898.495487323 24.481871745253162 -10.72190876355751 -0.36439544620206649 699.02054069151404 -0.00048918558945664674 0.00061418414865878563 0.00019769281444753975 0
1876 1 1 244252800 -57863323.292417228 -166345830.39054024 -10704416.167356851 24.60496135419497 -10.375127075211424 -0.34203111141536763 699.01876390586199 -0.0004867775503951171 0.00060906661937872573 0.00019483793674345486 0
1877 1 1 244339200 -55732307.979025073 -167227224.67515138 -10733001.34346028 24.723306559693583 -10.027358860993649 -0.319662328136535 699.01700042068398 -0.00048421314288620102 0.00060405983499469285 0.00019195910042651431 0
1878 1 1 244425600 -53591272.391385622 -168078531.27119896 -10759653.789284436 24.836913153719596 -9.6786624860311878 -0.29729255837792479 699.0152502369798 -0.00048150505177311847 0.00059918128933234157 0.00018906125730810483 0
1879 1 1 244512000 -51440625.677530594 -168899672.48787758 -10784373.567792965 24.94578742102378 -9.3290957859468957 -0.27492522644821038 699.01351335067829 -0.00047864354356387366 0.00059441901955369569 0.00018613955318914511 0
1880 1 1 244598400 -49280776.421720371 -169690575.60871461 -10807161.036216026 25.049936124288106 -8.9787160721110642 -0.25256371972475616 699.01178977549057 -0.00047563094173379446 0.00058977643312486353 0.00018319425464235364 0
1881 1 1 244684800 -47112132.60386239 -170451172.84640121 -10828016.842856111 25.149366487977581 -8.6275801349209758 -0.23021138868647417 699.01007951406939 -0.00047246993527332389 0.00058525758769900767 0.00018022594212967628 0
1882 1 1 244771200 -44935101.56025476 -171181401.29798406 -10846941.923919648 25.244086183554252 -8.2757442485824573 -0.2078715473744297 699.00838255834435 -0.00046916332100665413 0.00058086651514054045 0.00017723518536471859 0
1883 1 1 244857600 -42750089.945588998 -171881202.90048444 -10863937.500390282 25.334103315141004 -7.9232641762248859 -0.18554747390518567 699.00669889198662 -0.00046571259965946218 0.00057660548791554087 0.00017422191874500467 0
1884 1 1 244944000 -40557503.696173131 -172550524.38697058 -10879005.074947663 25.419426405546488 -7.5701951752032626 -0.16324241097922162 699.00502849201359 -0.00046211974446696625 0.00057247724181878879 0.00017118624892095019 0
1885 1 1 245030400 -38357747.994352393 -173189317.24308896 -10892146.42892725 25.500064382554601 -7.2165920024610362 -0.14095956634021908 699.00337132679306 -0.00045838709479546742 0.0005684848447413504 0.00016812844450308443 0
1886 1 1 245116800 -36151227.234096408 -173797537.66406935 -10903363.619320717 25.576026565635477 -6.8625089201423419 -0.1187021132583583 699.0017273551897 -0.00045451701278238364 0.00056463126405142798 0.00016504876395369183 0
1887 1 1 245203200 -33938344.987717099 -174375146.5122247 -10912658.975819079 25.647322653058609 -6.5079997014215651 -0.096473191032526245 699.00009652637823 -0.0004505118771367627 0.00056091936202191603 0.00016194744957602407 0
1888 1 1 245289600 -31719503.973683532 -174922109.27496237 -10920035.097899489 25.713962709380944 -6.1531176365092959 -0.074275905498153341 698.99847877960451 -0.00044637408657374891 0.00055735188847944267 0.0001588247315086134 0
1889 1 1 245376000 -29495106.025501721 -175438396.02332139 -10925494.851956114 25.775957153307957 -5.7979155388258681 -0.052113329540618564 698.99687404393819 -0.00044210605707496129 0.00055393147979901835 0.0001556808264608663 0
1890 1 1 245462400 -27265552.06162734 -175923981.37105045 -10929041.368475631 25.833316745925146 -5.4424457513320981 -0.029988503613882864 698.99528223801769 -0.00043771021931282935 0.00055066065235405989 0.00015251593880414964 0
1891 1 1 245548800 -25031242.056379244 -176378844.43423876 -10930678.039257752 25.886052579296475 -5.0867601530071491 -0.0079044362642182418 698.99370326979852 -0.00043318901886243532 0.00054754179714499771 0.00014933026197052013 0
1892 1 1 245635200 -22792575.011822443 -176802968.79151335 -10930408.514680851 25.934176065422299 -4.7309101654695036 0.014135895351624125 698.992137036293 -0.00042854496337104889 0.00054457710373781497 0.0001461241040631311 0
1893 1 1 245721600 -20549948.930590641 -177196342.44481477 -10928236.701010013 25.977698925535872 -4.3749467597560665 0.036129545000804821 698.99058342329658 -0.00042378053821912206 0.00054176868404794988 0.00014289766662715252 0
1894 1 1 245808000 -18303760.789607204 -177558957.78074843 -10924166.757774547 26.016633180105487 -4.0189204627092838 0.058073595965159285 698.98904230522794 -0.00041889368355535304 0.00053912512294074309 0.00013963890520880253 0
1895 1 1 245894400 -16054406.514586437 -177890811.53239891 -10918203.095446769 26.05099114061122 -3.6628813615693128 0.079965155921970635 698.98751354661272 -0.00041388576486249903 0.00053664918699912933 0.00013634534300180966 0
1896 1 3 245944469.57463506 -14749591.928377304 -178069045.34161949 -10913882.224513574 26.068812391838438 -3.4565672186082304 0.092626377719619832 698.98663321174797 0 0 0 6
1897 1 1 245980800 -13802280.956009507 -178191904.7426306 -10910350.371505799 26.080785376661296 -3.3068791434114422 0.1018014177882689 698.98599698711121 -0.0004090826725400355 0.00053389328809755874 0.00013386995159315386 0
1898 1 1 246067200 -11547777.8680725 -178462242.73098791 -10900613.480872577 26.106028699352759 -2.9509631121806983 0.1235796782671701 698.98449245084669 -0.00040456153072631522 0.00053076013488164765 0.00013240520377153905 0
1899 1 1 246153600 -9291289.8862293102 -178701835.05813476 -10888997.552208347 26.126734202523632 -2.5951821259176286 0.14529720463586496 698.98299977361194 -0.00039995092169960969 0.00052777494967000502 0.00013096096495337828 0
1900 1 1 246240000 -7033208.5021662507 -178910695.48631814 -10875507.953023346 26.142915259352343 -2.2395845975074664 0.16695122101070059 698.98151879819477 -0.00039523341592100097 0.00052496310223379623 0.0001294872251083961 0
1901 1 1 246326400 -4773924.0415438972 -179088841.94334865 -10860150.289414849 26.15458548617206 -1.8842185408966468 0.1885389814598441 698.98004935790743 -0.00039041946837523647 0.0005223181109682163 0.00012800159745763153 0
1902 1 1 246412800 -2513825.6433396912 -179236296.488446 -10842930.403501183 26.161758735061198 -1.529131577723734 0.21005776797867293 698.97859127584206 -0.00038551107206416166 0.00051983915363345624 0.00012650418273690023 0
1903 1 1 246499200 -253301.23977286668 -179353085.27863529 -10823854.371116284 26.164449086900934 -1.1743709441727117 0.23150488839383801 698.97714436792864 -0.00038051086292985027 0.00051752695273977719 0.00012499458462016802 0
1904 1 1 246585600 2007262.4631419349 -179439238.5357641 -10802928.499598352 26.162670843982152 -0.81998349845055341 0.25287767590057497 698.97570844019538 -0.00037542172227032392 0.00051538218019429025 0.00012347270531857737 0
1905 1 1 246672000 4267480.0044200942 -179494790.51417494 -10780159.32561999 26.156438523016707 -0.46601572840112959 0.27417348854689866 698.97428328844978 -0.00037024656656671094 0.0005134053411981769 0.00012193844851801152 0
1906 1 1 246758400 6526967.1863428662 -179519779.46903557 -10755553.613064244 26.145766848473254 -0.11251375915516366 0.29538970869438713 698.97286869817322 -0.00036498835112513446 0.00051159677735434898 0.00012039170740628505 0
1907 1 1 246844800 8785341.0921307411 -179514247.62533218 -10729118.350947086 26.130670746220357 0.24047663918951281 0.31652374248164811 698.97146444440068 -0.00035965007448963428 0.00050995666087037318 0.00011883236855172204 0
1908 1 1 246931200 11042220.103080751 -179478241.14752734 -10700860.751386195 26.111165337473906 0.59291004386185298 0.33757301929040989 698.97007029162251 -0.00035423478616692619 0.00050848498752140939 0.00011726031633859098 0
1909 1 1 247017600 13297223.91519382 -179411810.10988447 -10670788.247615682 26.087265933044609 0.94474137169146122 0.35853499121435667 698.96868599370328 -0.00034874559299393951 0.00050718157416470883 0.00011567543539682705 0
1910 1 1 247104000 15549973.555317953 -179315008.46746099 -10638908.492046647 26.058988027881973 1.2959258713682398 0.3794071325307416 698.96731129382113 -0.00034318566710777015 0.00050604605762710742 0.00011407761151571838 0
1911 1 1 247190400 17800091.396832634 -179187894.02776992 -10605229.354373215 26.026347295910718 1.6464191156926626 0.40018693917508241 698.96594592443046 -0.00033755825528036055 0.00050507788790519613 0.00011246673462541104 0
1912 1 1 247276800 20047201.174899656 -179030528.42311209 -10569758.919723867 25.989359585155867 1.9961769938216936 0.42087192821948904 698.96458960725261 -0.00033186668550498757 0.00050427632735936239 0.00011084270361647043 0
1913 1 1 247363200 22290928.001305077 -178842977.08357742 -10532505.486857576 25.948040913152873 2.3451557035156556 0.44145963735471577 698.96324205329847 -0.00032611437777946062 0.00050364045016057307 0.00010920542745539001 0
1914 1 1 247449600 24530898.378916681 -178625309.21071678 -10493477.566404654 25.90240746263893 2.693311743390566 0.4619476243761933 698.96190296291695 -0.00032030485188091709 0.0005031691401328498 0.00010755483015465776 0
1915 1 1 247536000 26766740.215781428 -178377597.75188228 -10452683.879151724 25.852475577522121 3.0406019051807704 0.48233346667437232 698.96057202588372 -0.00031444173658956912 0.00050286109443232151 0.0001058908532285322 0
1916 1 1 247622400 28998082.838886276 -178099919.37523571 -10410133.35437057 25.798261759124603 3.386983266016383 0.50261476072949751 698.95924892152391 -0.00030852877822133186 0.00050271482367061459 0.00010421345942938002 0
1917 1 1 247708800 31224557.007606231 -177792354.44542262 -10365835.128190434 25.739782662696626 3.7324131807197318 0.5227891216111652 698.95793331887592 -0.00030256985045100387 0.0005027286553406791 0.00010252263706272341 0
1918 1 1 247795200 33445794.926862791 -177454986.99991259 -10319798.542013343 25.677055094197492 4.076849274125248 0.54285418248288919 698.95662487689594 -0.00029656896391157831 0.00050290073924934211 0.00010081840407395699 0
1919 1 1 247881600 35661430.260015637 -177087904.72600046 -10272033.140972013 25.610096007340839 4.4202494334270179 0.56280759411186077 698.95532324470423 -0.00029053026997529066 0.00050322905466253101 9.9100811995322404e-05 0
1920 1 1 247968000 37871098.14151042 -176691198.93846804 -10222548.672429867 25.538922500900956 4.7625718005579092 0.58264702438392357 698.9540280618811 -0.00028445806837905987 0.00050371141699678834 9.7369947682796924e-05 0
1921 1 1 248054400 40074435.189304844 -176264964.5579029 -10171355.084522752 25.463551816276546 5.103774764604216 0.60237015782399805 698.95273895880655 -0.00027835681525097345 0.00050434548838011837 9.5625937977765059e-05 0
1922 1 1 248140800 42271079.517095387 -175809300.0896697 -10118462.524741823 25.384001335309311 5.4438169542598782 0.62197469512242287 698.95145555704448 -0.0002722311249468099 0.00050512879033458747 9.3868955200673525e-05 0
1923 1 1 248227200 44460670.746366508 -175324307.60353386 -10063881.338557126 25.3002885783545 5.7826572303236743 0.64145835266708751 698.95017746977544 -0.00026608577239458362 0.00050605871360502575 9.2099217690859209e-05 0
1924 1 1 248313600 46642850.018283665 -174810092.71392894 -10007622.068081295 25.212431202600424 6.1202546782431329 0.66081886208139051 698.94890430228304 -0.0002599256952119325 0.00050713253427924323 9.0316993256110166e-05 0
1925 1 1 248400000 48817260.005452111 -174266764.56086805 -9949695.4507729709 25.120447000634318 6.4565686007088496 0.68005396976832022 698.94763565247354 -0.00025375599176759788 0.000508347430323458 8.8522601168896135e-05 0
1926 1 1 248486400 50983544.923562184 -173694435.79149169 -9890112.4181793053 25.024353899251967 6.7915585103025107 0.69916143646069695 698.94637111144925 -0.00024758191788275919 0.000509700496826874 8.6716413995515916e-05 0
1927 1 1 248572800 53141350.542942047 -173093222.54224885 -9828884.0947170854 24.924169958508436 7.1251841222017065 0.71813903677764179 698.9451102641242 -0.00024140888103417292 0.00051118876248723577 8.48988581129162e-05 0
1928 1 1 248659200 55290324.200039074 -172463244.42170584 -9766021.7964918707 24.819913371007704 7.4574053469451513 0.73698455878751745 698.9438526898748 -0.00023524243296616732 0.00051280921104891568 8.307041656513173e-05 0
1929 1 1 248745600 57430114.808849797 -171804624.49397719 -9701537.030154638 24.711602461428395 7.7881822832612961 0.75569580357728205 698.94259796322797 -0.0002290882597928989 0.00051455879776719923 8.1231626299421608e-05 0
1930 1 1 248832000 59560372.872319117 -171117489.26277333 -9635441.491795335 24.599255686283929 8.1174752109632156 0.77427058482807831 698.94134565458523 -0.00022295216784415386 0.00051643446794341998 7.938307651454376e-05 0
1931 1 1 248918400 61680750.493728817 -170401968.6560598 -9567747.0658728685 24.482891633914086 8.4452445839127535 0.79270672839748568 698.94009533096983 -0.00021684007335297977 0.00051843317518806675 7.7525409319811729e-05 0
1932 1 1 249004800 63790901.388095357 -169658196.01132041 -9498465.8241808414 24.362529024706326 8.7714510230568301 0.81100207190844542 698.93884655680108 -0.00021075798225938757 0.00052055189865454939 7.5659316260691953e-05 0
1933 1 1 249091200 65890480.893596388 -168886308.0614194 -9427610.0248485617 24.238186711544692 9.0960553095386967 0.82915446434484086 698.93759889468186 -0.00020471197338447575 0.00052278766109149321 7.378553639560774e-05 0
1934 1 1 249177600 67979145.983046129 -168086444.92105523 -9355192.1113766711 24.109883680483968 9.4190183778867222 0.84716176565369128 698.93635190620262 -0.00019870817897623449 0.00052513754098663045 7.1904849974928733e-05 0
1935 1 1 249264000 70056555.275438294 -167258750.07379937 -9281224.7117069028 23.977639051647063 9.7403013092832342 0.86502184635407031 698.93510515275125 -0.00019275276460371509 0.00052759868839213214 7.0018076014831521e-05 0
1936 1 1 249350400 72122369.047576666 -166403370.35971329 -9205720.6373252701 23.841472080343788 10.059865324916288 0.88273258715289005 698.93385819631942 -0.00018685190606216505 0.00053016833590549669 6.8126065706777507e-05 0
1937 1 1 249436800 74176249.245810971 -165520455.96353635 -9128692.882398203 23.701402158408769 10.37767177941647 0.90029187856761939 698.93261060031011 -0.00018101176742316516 0.00053284380702761929 6.6229699036956174e-05 0
1938 1 1 249523200 76217859.497898772 -164610160.40343648 -9050154.6229409687 23.557448815756803 10.693682154381449 0.91769762055603532 698.9313619303307 -0.00017523847806398226 0.00053562252511693098 6.4329877388474171e-05 0
1939 1 1 249609600 78246865.125010252 -163672640.52031678 -8970119.2160177529 23.409631722153161 11.007858051990565 0.93494772215310951 698.9301117549719 -0.00016953811438017984 0.00053850201595758405 6.2427519639640742e-05 0
1940 1 1 249696000 80262933.153895333 -162708056.46766976 -8888600.1989728324 23.257970689197272 11.32016118871204 0.95204010111513293 698.92885964656239 -0.00016391667270046199 0.00054147991344390438 6.0523553925874282e-05 0
1941 1 1 249782400 82265732.329231799 -161716571.70197144 -8805611.288692141 23.102485672518156 11.630553389105113 0.96897268357100819 698.92760518190175 -0.00015838005044888689 0.0005445539574575795 5.8618911083453019e-05 0
1942 1 1 249868800 84254933.126171574 -160698352.97360617 -8721166.3808947075 22.943196774178805 11.938996579719495 0.98574340368121183 698.92634794295873 -0.00015293402966214131 0.00054772199276257054 5.6714521218453644e-05 0
1943 1 1 249955200 86230207.7631042 -159653570.31831488 -8635279.5494531281 22.780124245288338 12.245452783094581 1.0023502033045415 698.92508751754144 -0.00014758425465003492 0.00055098196427069441 5.481130680438157e-05 0
1944 1 1 250041600 88191230.21465449 -158582397.04915702 -8547965.045742603 22.613288488820071 12.549884111860964 1.0187910316725108 698.92382349992715 -0.00014233621489777868 0.00055433191124908815 5.2910175472249537e-05 0
1945 1 1 250128000 90137676.224932611 -157485009.7489779 -8459237.2980176918 22.44271006263325 12.852252762946733 1.0350638450717053 698.92255549145386 -0.00013719523567299073 0.00055776996024485678 5.1012015481811253e-05 0
1946 1 1 250214400 92069223.321054414 -156361588.26337165 -8369110.9108161703 22.268409682696795 13.152521011891292 1.0511666065345882 698.9212831010675 -0.00013216645994164783 0.00056129431676792856 4.9117693322283514e-05 0
1947 1 1 250300800 93985550.826948136 -155212315.69413081 -8277600.6643892359 22.090408226513574 13.450651207269102 1.067097285538769 698.92000594582532 -0.0001272548396132989 0.00056490325497984416 4.7228047326640046e-05 0
1948 1 1 250387200 95886339.877466425 -154037378.39317307 -8184721.5141573595 21.908726736743176 13.746605765226141 1.0828538577146656 698.91872365135794 -0.00012246512739336974 0.00056859510553143621 4.5343882408006259e-05 0
1949 1 1 250473600 97771273.432819143 -152836965.95693511 -8090488.5901909731 21.723386425021651 14.040347164131637 1.0984343045620391 698.91743585228369 -0.00011780186706839003 0.00057236824479818776 4.3465968295567491e-05 0
1950 1 1 250560000 99640036.293345198 -151611271.22122312 -7994917.1967152813 21.53440867597682 14.331837939348143 1.1138366131758266 698.91614219258156 -0.00011326939170257313 0.00057622108213717643 4.1595038110509314e-05 0
1951 1 1 250646400 101492315.11463936 -150360490.25651014 -7898022.8116383404 21.341815051436857 14.621040678122741 1.1290587759813508 698.91484232591802 -0.00010887182014950217 0.00058015204846116554 3.9731785570925337e-05 0
1952 1 1 250732800 103327798.42305124 -149084822.36366984 -7799821.086101613 21.145627294831481 14.907918014602551 1.144098790478806 698.9135359159244 -0.00010461305449974135 0.00058415958687662597 3.7876860125435416e-05 0
1953 1 1 250819200 105146176.63157251 -147784470.07013452 -7700327.8440521993 20.945867335783959 15.192432624977387 1.1589546589975595 698.9122226364351 -0.00010049678092830386 0.00058824213770727722 3.6030869257328206e-05 0
1954 1 1 250905600 106947142.05612944 -146459639.12646809 -7599559.0818358343 20.742557294892251 15.474547222752459 1.173624388460599 698.91090217168903 -9.6526472251228632e-05 0.000592398127394534 3.4194376170198816e-05 0
1955 1 1 250992000 108730388.93229608 -145110538.50334153 -7497530.9678098075 20.535719488698348 15.754224554154757 1.1881059901593147 698.90957421648659 -9.2705389440963026e-05 0.00059662596049410096 3.236790248829419e-05 0
1956 1 1 251078400 110495613.43244569 -143737380.38889924 -7394259.8419748861 20.325376434844287 16.031427393676136 1.2023974795387964 698.90823847631157 -8.9036587622639735e-05 0.0006009240064153849 3.0551925645594082e-05 0
1957 1 1 251164800 112242513.68335472 -142340380.18650424 -7289762.2156253355 20.111550857413462 16.30611853975666 1.216496875993526 698.90689466741628 -8.5522920121792234e-05 0.0006052905956166906 2.8746877924456209e-05 0
1958 1 1 251251200 113970789.78427704 -140919756.51285088 -7184054.7710161274 19.894265692456187 16.57826081061188 1.2304022026741666 698.90554251686569 -8.2167044833140538e-05 0.00060972401142720713 2.6953150761628348e-05 0
1959 1 1 251337600 115680143.82550305 -139475731.19643027 -7077154.3610463208 19.673544093698276 16.847817040206728 1.244111486305826 698.90418176256094 -7.8971431069484565e-05 0.00061422247614018185 2.5171096514080311e-05 0
1960 1 1 251424000 117370279.90742019 -138008529.27633914 -6969078.0089576924 19.449409438431271 17.114750074379963 1.2576227570175529 698.90281215323569 -7.5938366186508271e-05 0.00061878414948668891 2.3401026921354762e-05 0
1961 1 1 251510400 119040904.16008964 -136518379.00141507 -6859842.9080475839 19.221885333583668 17.379022767123629 1.2709340481833569 698.90143344842033 -7.3069960090853175e-05 0.00062340712673377525 2.1643216016027968e-05 0
1962 1 1 251596800 120691724.76335596 -135005511.82968727 -6749466.421394974 18.990995621971518 17.640597977020533 1.2840433962754001 698.90004541837686 -7.0368158671202684e-05 0.00062808942991087716 1.989790436161088e-05 0
1963 1 1 251683200 122322451.96750428 -133470162.42812836 -6637966.0815987065 18.756764388727262 17.899438563843653 1.2969488407289937 698.89864784402141 -6.7834745795088394e-05 0.00063282900637955802 1.8165294417392148e-05 0
1964 1 1 251769600 123932798.1144803 -131912568.67269208 -6525359.5905268686 18.519215967906121 18.155507385321435 1.3096484238199011 698.8972405168256 -6.5471354797065382e-05 0.00063762372433969383 1.6445558617826298e-05 0
1965 1 1 251856000 125522477.65968917 -130332971.64862363 -6411664.819076214 18.27837494926861 18.4087672940733 1.3221401905545174 698.89582323869945 -6.3279473286964512e-05 0.00064247137306196406 1.4738839489216391e-05 0
1966 1 1 251942400 127091207.19438767 -128731615.65102735 -6296899.8069405239 18.034266185238295 18.65918113471929 1.3344221885728325 698.89439582185844 -6.1260450515279819e-05 0.00064736966227284828 1.3045253407355327e-05 0
1967 1 1 252028800 128638705.46868502 -127108748.18567628 -6181082.7623867774 17.786914798033191 18.90671174116801 1.3464924680643884 698.8929580886778 -5.941550787654554e-05 0.00065231621856900145 1.1364890174300635e-05 0
1968 1 1 252115200 130164693.41516759 -125464619.97004817 -6064232.0620380472 17.536346186970317 19.151321934087306 1.3583490816974586 698.89150987153585 -5.7745738825344759e-05 0.00065730859043958405 9.6978164821446732e-06 0
1969 1 1 252201600 131668894.17316198 -123799484.93457218 -5946366.2506618863 17.282586035941865 19.392974518562227 1.3699900845617097 698.8900510126457 -5.6252120541687657e-05 0.00066234424485850482 8.0440758064709413e-06 0
1970 1 1 252288000 133151033.11365132 -122113600.22406919 -5827504.0409631133 17.025660321061569 19.631632281944395 1.3814135341247546 698.88858136388205 -5.4935518800232112e-05 0.00066742057096344477 6.4036938063034089e-06 0
1971 1 1 252374400 134610837.86485979 -120407226.19937035 -5707664.3133797348 16.765595318480358 19.86725799189778 1.3926174902026529 698.8871007865996 -5.3796692732287445e-05 0.00067253487888266621 4.7766755452964929e-06 0
1972 1 1 252460800 136048038.33851942 -118680626.43909475 -5586866.1158807967 16.502417612369854 20.0998143946453 1.4036000149447367 698.88560915145035 -5.2836299375727117e-05 0.00067768440338373886 3.1630125817777387e-06 0
1973 1 1 252547200 137462366.75683403 -116934067.7415707 -5465128.6637649145 16.236154103072394 20.329264213421631 1.4143591728331659 698.8841063381908 -5.2054901027827239e-05 0.00068286630806457067 1.5626814050814226e-06 0
1974 1 1 252633600 138853557.68015403 -115167820.12688091 -5342471.3394582085 15.966832015416021 20.555570147136699 1.4248930306971082 698.88259223548994 -5.1452965653013452e-05 0.00068807768300058842 -2.4354585532975238e-08 0
1975 1 1 252720000 140221348.03537759 -113382156.8390142 -5218913.6923103761 15.694478907193108 20.778694869254824 1.4351996577415622 698.88106674073663 -5.1030874926754728e-05 0.00069331555017451642 -1.598148465990674e-06 0
1976 1 1 252806400 141565477.14509085 -111577354.34810479 -5094475.4383876082 15.41912267780125 20.99860102689162 1.4452771255931405 698.87952975991448 -5.0788922225491912e-05 0.00069857686611607612 -3.1587336452944396e-06 0
1977 1 1 252892800 142885686.75746125 -109753692.35273795 -4969176.4602604918 15.140791577041693 21.215251240188703 1.4551235083702194 698.87798120655475 -5.0727361127009282e-05 0.00070385925299349132 -4.7060411511602131e-06 0
1978 1 1 252979200 144181721.07689834 -107911453.78229783 -4843036.8067852315 14.859514214073512 21.42860810194691 1.4647368827632661 698.8764210002189 -5.084638773529562e-05 0.00070916047047569141 -6.240071583496494e-06 0
1979 1 1 253065600 145453326.79549524 -106050924.79934515 -4716076.6928781727 14.57531956654214 21.638634177245326 1.4741153281102923 698.87484906947338 -5.1145943713763574e-05 0.00071447583435821805 -7.7609972451432688e-06 0
1980 1 1 253152000 146700253.12526506 -104172394.80201 -4588316.4992824718 14.288236989838218 21.845292003708636 1.4832569265151148 698.87326534763918 -5.1626222392128228e-05 0.0007198058361796287 -9.2687321075585653e-06 0
1981 1 1 253238400 147922251.83118415 -102276156.42634805 -4459776.7723236047 13.998296226525838 22.048544091639506 1.4921597629631118 698.87166977538402 -5.2286949668994858e-05 0.00072514346291333422 -1.0763613852914324e-05 0
1982 1 1 253324800 149119077.26505679 -100362505.54870176 -4330478.2236557426 13.705527415929259 22.248352924290199 1.5008219254444093 698.87006230538441 -5.3128002661625657e-05 0.00073048543387231623 -1.2245836019856059e-05 0
1983 1 1 253411200 150290486.40021396 -98431741.287988946 -4200441.7299944367 13.409961103840232 22.444680958947647 1.5092415051342589 698.86844289714577 -5.4149153299612987e-05 0.00073582826032473389 -1.3715484139694399e-05 0
1984 1 1 253497600 151436238.86705741 -96484166.007903129 -4069688.3328334577 13.111628252388613 22.637490627976348 1.5174165965777822 698.86681151734751 -5.5350107885480013e-05 0.00074116843541864 -1.5172655419157002e-05 0
1985 1 1 253584000 152556096.98946223 -94520085.319010481 -3938239.2381453249 12.810560250051759 22.826744340169611 1.5253452978857907 698.86516813957201 -5.6730510879243871e-05 0.00074650245868603307 -1.6617447433691995e-05 0
1986 1 1 253670400 153649825.8220512 -92539808.080718189 -3806115.8160640495 12.506788921804448 23.012404482378177 1.53302571095062 698.86351274408526 -5.828993821368091e-05 0.00075182679323802662 -1.8049956260774402e-05 0
1987 1 1 253756800 154717193.18835163 -90543646.403089553 -3673339.6005483991 12.200346539406301 23.194433421422801 1.54045594168063 698.86184531767788 -6.0027898687336516e-05 0.00075713787064042928 -1.9470280152235623e-05 0
1988 1 1 253843200 155757969.71984631 -88531915.648481578 -3539932.2890241048 11.891265831822755 23.372793506300479 1.5476341002541001 698.86016585350183 -6.1943838203706801e-05 0.00076243209075265968 -2.0878513775044084e-05 0
1989 1 1 253929600 156771928.89593154 -86504934.432978779 -3405915.7420032537 11.579579995776436 23.547447070691309 1.5545583013927484 698.85847435091569 -6.403713660908541e-05 0.00076770582938592662 -2.2274753844967942e-05 0
1990 1 1 254016000 157758847.0847916 -84463024.627597138 -3271311.9826792125 11.265322706425962 23.718356435772893 1.5612266646552566 698.85677081532913 -6.6307105246795153e-05 0.00077295543647561788 -2.3659092928789631e-05 0
1991 1 1 254102400 158718503.58520135 -82406511.359231606 -3136143.1964952783 10.948528128167831 23.885483913348924 1.5676373147514695 698.85505525806389 -6.8752991294328844e-05 0.00077817723755875231 -2.5031622076708401e-05 0
1992 1 1 254188800 159650680.66926703 -80335723.011319146 -3000431.7306853179 10.629230925557023 24.0487918092999 1.5737883818770484 698.85332769620982 -7.1373978616430983e-05 0.00078336754047129693 -2.6392432067057676e-05 0
1993 1 1 254275200 160555163.62611637 -78250991.224189609 -2864200.0937845609 10.307466274342815 24.208242427363484 1.5796780020696717 698.8515881524861 -7.4169184420437066e-05 0.00078852263661471195 -2.7741607386867514e-05 0
1994 1 1 254361600 161431740.80654636 -76152650.895075545 -2727470.9551086873 9.9832698726151108 24.36379807325153 1.5853043175866917 698.84983665510686 -7.713766117064699e-05 0.00079363880428413597 -2.9079233804957383e-05 0
1995 1 1 254448000 162280203.66863868 -74041040.177751318 -2590267.1441993518 9.6566779520566737 24.515421059111645 1.5906654773045983 698.84807323765074 -8.0278392453476109e-05 0.00079871230918948167 -3.0405393001143667e-05 0
1996 1 1 254534400 163100346.82435215 -71916500.481771737 -2452611.6502342103 9.327727289296206 24.663073708340892 1.5957596371414648 698.84629793893805 -8.3590295649133041e-05 0.00080373940896680154 -3.1720161290294137e-05 0
1997 1 1 254620800 163891968.08709949 -69779376.471279234 -2314527.6213995162 8.9964552173560861 24.80671836075965 1.6005849605001712 698.84451080290853 -8.7072228399321831e-05 0.00080871635209856581 -3.3023631678689294e-05 0
1998 1 1 254707200 164654868.52031818 -67630016.063349649 -2176038.3642232558 8.6628996371969293 24.946317378111022 1.6051396187421632 698.84271187927391 -9.0722944816576609e-05 0.00081363939254870535 -3.431579297841868e-05 0
1999 1 1 254793600 165388852.48704019 -65468770.425827324 -2037167.3428661088 8.327099029284037 25.081833150584384 1.6094217916842477 698.8409012125901 -9.4541949252930412e-05 0.00081851313815330573 -3.5596665812300709e-05 0
2000 1 1 254880000 166093727.70046407 -63295993.974581301 -1897938.1783691254 7.9890924652775137 25.213228103128809 1.6134296681056557 698.83907884193616 -9.852795465582641e-05 0.0008233334408381727 -3.6866359248969883e-05 0
2001 1 1 254966400 166769305.27554667 -61112044.370267212 -1758374.6478566288 7.6489196199090816 25.340464700986669 1.6171614462797628 698.83724482155037 -0.00010267888096592015 0.00082808883861424808 -3.8125016100751678e-05 0
2002 1 1 255052800 167415399.78162101 -58917282.514552802 -1618500.6836917496 7.3066207828137175 25.463505456879673 1.6206153345394363 698.83539921912416 -0.00010699333639308046 0.0008327760219445778 -3.9372735973087664e-05 0
2003 1 1 255139200 168031829.29603338 -56712072.545657046 -1478340.372581542 6.962236870354757 25.582312939245721 1.6237895518788739 698.83354210263565 -0.00011147007022947419 0.0008373938061759401 -4.0609497762146676e-05 0
2004 1 1 255225600 168618415.45880798 -54496781.833192244 -1337917.9546291435 6.6158094375601921 25.696849780208282 1.6266823285714878 698.83167353943179 -0.00011610767297714326 0.00084193979972751304 -4.1835371373484714e-05 0
2005 1 1 255312000 169174983.52834699 -52271780.972320303 -1197257.8223321256 6.2673806901624118 25.807078683454787 1.6292919068036253 698.82979360456659 -0.00012090400356826033 0.00084640627044686332 -4.3050452628616644e-05 0
2006 1 1 255398400 169701362.43817165 -50037443.77720581 -1056384.5195246157 5.9169934966301803 25.912962432936862 1.6316165413415971 698.82790238222822 -0.00012585731999673411 0.00085078949589885043 -4.4254839230829762e-05 0
2007 1 1 255484800 170197384.85470131 -47794147.273668937 -915322.74026038777 5.5646914001801369 26.014463902394606 1.6336545002321576 698.82599996036129 -0.00013096578627426142 0.00085508577796214371 -4.5448559440937405e-05 0
2008 1 1 255571200 170662887.23607281 -45542271.691015236 -774097.32763409021 5.2105186308468108 26.111546064986328 1.635404065531165 698.82408643150836 -0.0001362274954036361 0.00085929143708414349 -4.6631643523690398e-05 0
2009 1 1 255657600 171097709.89200214 -43282200.453005739 -632733.27253865346 4.8545201175077111 26.204172003671051 1.6368635340506394 698.82216188838345 -0.00014164150503333278 0.00086340884265427944 -4.7804294289102573e-05 0
2010 1 1 255744000 171501697.04466826 -41014320.167814024 -491255.71236134163 4.4967414994547061 26.292304924742865 1.6380312180040764 698.82022637093587 -0.00014721214081117031 0.00086747206086486381 -4.8968264859628691e-05 0
2011 1 1 255830400 171874696.89062178 -38739020.616944373 -349689.92961623362 4.1372291390169433 26.375908165380395 1.6389054459773804 698.81827993022773 -0.00015293103461866894 0.00087143794372780746 -5.012167945926569e-05 0
2012 1 1 255916800 172216561.66379893 -36456694.74358397 -208061.35048619952 3.776030133539686 26.454945205144437 1.6394845637679321 698.81632262960602 -0.00015880546196731527 0.00087535220920475403 -5.126708193781612e-05 0
2013 1 1 256003200 172527147.69941527 -34167738.639076591 -66395.54333924409 3.413192324123671 26.529379695505018 1.6397669342020076 698.81435422775655 -0.00016486872887037211 0.00087939506923256341 -5.2416121913258176e-05 0
2014 1 1 256089600 172806315.49885777 -31872551.528166372 75281.782815416431 3.0487643124914063 26.599175445432035 1.6397509395740852 698.81237466803759 -0.0001710798018482375 0.00088333867083862294 -5.3556246344988882e-05 0
2015 1 1 256176000 173053929.79548687 -29571535.752782255 216944.77991808645 2.6827954543588248 26.664296526025272 1.6394349768200074 698.81038241143301 -0.00017771250485630041 0.00088854715140403054 -5.4773694259259767e-05 0
2016 1 1 256262400 173269859.62010804 -27265096.747934032 358567.46211183281 2.3153358845112222 26.72470721466695 1.6388174628186549 698.80837569817754 -0.0001845509585133117 0.00089387054295755137 -5.5998400781972261e-05 0
2017 1 1 256348800 173453978.3701061 -24953643.030071497 500123.70792908192 1.946436540238732 26.780371947227756 1.6378968391763369 698.80635367207788 -0.00019176074766798156 0.00090005905374854656 -5.7280010730359798e-05 0
2018 1 1 256435200 173606163.87642494 -22637586.169174138 641587.26159949065 1.5761491028229349 26.831255659713637 1.6366715520882353 698.8043104103723 -0.00020006395981836205 0.00091030796661143766 -5.8830364787021733e-05 0
2019 1 1 256521600 173726298.46872267 -20317340.747339524 782931.73363314918 1.2045260506987734 26.877323593393175 1.6351400666123157 698.80223874453645 -0.0002092558473593539 0.00092334205031437068 -6.0575194454484485e-05 0
2020 1 1 256608000 173814269.04312351 -17993324.326208118 924130.60209293989 0.83162055110643307 26.918541805110134 1.6333008342400124 698.80012117487206 -0.0002220318780191077 0.0009504266910711262 -6.3275777047635038e-05 0
2021 1 1 256694400 173869967.10548547 -15665957.306625308 1065157.2067775917 0.45748610372718745 26.954878663897478 1.63115219247341 698.79790263585551 -0.00024295729049589153 0.0010092823226598388 -6.8167871673400465e-05 0
2022 1 1 256780800 173893288.81088847 -13335662.778600158 1205984.7426035481 0.082177011358249757 26.986302783486934 1.6286925015998004 698.79552857773456 -0.0002682081652461517 0.0010816686351879962 -7.4091866438681889e-05 0
2023 1 1 256867200 173884135.06331739 -11002866.62420805 1346586.2700362834 -0.29425113548341314 27.012781109619969 1.6259202777053976 698.79298042848609 -0.0002955912070734524 0.0011577394841211796 -8.0401856996448461e-05 0
2024 1 1 256953600 173842411.61469385 -8667997.6012005527 1486934.7247997997 -0.67174175263381153 27.034280337463805 1.6228341037562639 698.79025002336914 -0.00032518700863102791 0.0012373857411647217 -8.7099802620840721e-05 0
2025 1 1 257040000 173768029.14291918 -6331487.3286165101 1627002.9213569465 -1.0502373940790433 27.050767537665216 1.619432590307285 698.78732846127616 -0.00035706148297193576 0.0013204754574786207 -9.4185008146902119e-05 0
2026 1 1 257126400 173660903.33478019 -3993770.2825014866 1766763.5574415068 -1.4296795471925128 27.062209463589205 1.6157144280758613 698.78421927859972 -0.00039137658715986779 0.0014068286578788444 -0.00010166073668428484 0
2027 1 1 257212800 173520954.82689321 -1655283.3015056436 1906189.182748148 -1.8100130529422251 27.068587839304929 1.6116772680959766 698.78065453776969 -0.00046480307128393293 0.0016237828973979787 -0.00011885465923667661 0
2028 1 1 257299200 173348109.71585816 683533.00030587206 2045252.3090083455 -2.1911581798754205 27.069804632001432 1.6073247132249684 698.77785873001028 -0.00022995013529005789 0.00079209794889399969 -5.8738318869361368e-05 0
2029 1 1 257385600 173142309.52299345 3022202.7954841265 2183927.7216412649 -2.5728434689033617 27.065166252322975 1.6027040472718814 698.7673832824803 -0.00023991811427926749 0.00079570709873924247 -5.9682699576349665e-05 0
2030 1 1 257472000 172903423.02757189 5360494.1209365735 2322172.0776440394 -2.9578977473317454 27.063755217336997 1.5971475298615947 698.6202008755223 -0.040165287903013963 0.12635430747786597 -0.0092516867319585912 0
2031 1 1 257558400 172631084.89895818 7698920.7503339509 2459886.9495597524 -3.3463382295773072 27.065593838099755 1.5906424366751097 698.3141920052243 -0.041362938706470939 0.12716787871222338 -0.0094266798850175231 0
2032 1 1 257644800 172325162.86063156 10037254.941720897 2597027.0168215381 -3.7353071918972329 27.061655089023066 1.5838384119784343 698.01751367843451 -0.042626159020384476 0.12809343099714635 -0.0096115979846527703 0
2033 1 1 257731200 171985604.53900537 12375026.064673591 2733564.2383216843 -4.1249453455385554 27.052553348046608 1.5766875796310535 697.71803080776783 -0.043900505608632234 0.12897153010909071 -0.0097943579364126992 0
2034 1 1 257817600 171612354.87825766 14711786.333332583 2869468.6280624443 -4.515188545743519 27.038249295364984 1.5691894396221173 697.41583704610844 -0.045185694504057239 0.12980134097170698 -0.0099749289956176674 0
2035 1 1 257904000 171205364.41061983 17047084.617675066 3004710.1565339742 -4.9059715480225892 27.018704797272129 1.561343490975776 697.11101178662534 -0.046480764837229786 0.13058226931230485 -0.010153203285393778 0
2036 1 1 257990400 170764589.36763564 19380466.511097424 3139258.7538996045 -5.2972276657435362 26.993882148167167 1.5531493015161959 696.8036355637322 -0.047784761988022617 0.13131373770098667 -0.01032907778055803 0
2037 1 1 258076800 170289991.80537662 21711474.369348619 3273084.3160237726 -5.6888887551752916 26.963744116143442 1.5446065099208157 696.49379002666262 -0.049096706388394376 0.13199519667423132 -0.010502450611678357 0
2038 1 1 258163200 169781539.73118472 24039647.353564668 3406156.7107137265 -6.0808851960581647 26.928253992032428 1.5357148285068449 696.18155791441905 -0.050415593997698023 0.13262612562829484 -0.010673221084878596 0
2039 1 1 258249600 169239207.23203084 26364521.477606766 3538445.7842043284 -6.4731458736111307 26.887375639978174 1.5264740460784882 695.86702303043739 -0.051740397093182552 0.13320603344126539 -0.0108412894307042 0
2040 1 1 258336000 168662974.60436961 28685629.65983684 3669921.3678920083 -6.8655981619143303 26.841073549583154 1.5168840308370788 695.55027021694991 -0.053070065031656205 0.13373445932919018 -0.011006557013577396 0
2041 1 1 258422400 168052828.48536795 31002501.779466476 3800553.2853222685 -7.258167908741858 26.789312889625563 1.5069447333482426 695.2313853288648 -0.054403524936338737 0.13421097361283529 -0.011168926126635944 0
2042 1 1 258508800 167408761.98537791 33314664.737613119 3930311.3594368114 -7.650779421928541 26.732059563290228 1.4966561895806969 694.91045520786997 -0.055739682448205846 0.13463517803755404 -0.011328299981455906 0
2043 1 1 258595200 166730774.82151762 35621642.523192808 4059165.4200855433 -8.0433554573840897 26.66928026490654 1.4860185239971522 694.58756765631404 -0.057077422766322099 0.13500670670497411 -0.011484582712385174 0
2044 1 1 258681600 166018873.45221326 37922956.283779599 4187085.3118079635 -8.4358172088396746 26.600942538161043 1.47503195270075 694.26281141098002 -0.058415611353634392 0.13532522635789362 -0.011637679305513201 0
2045 1 1 258768000 165273071.21254966 40218124.401557989 4314040.9018881656 -8.828084299399567 26.527014835797242 1.463696786615202 693.93627611615193 -0.059753094768051296 0.13559043787494446 -0.01178749581966297 0
2046 1 1 258854400 164493388.45027322 42506662.574498944 4440002.0886863312 -9.2200747749089924 26.4474665807994 1.452013434719551 693.60805229606763 -0.061088701913109091 0.13580207620577203 -0.011933938872034384 0
2047 1 1 258940800 163679852.66206568 44788083.902777582 4564938.81026523 -9.6117051051009064 26.362268226180703 1.4399824076766206 693.2782313300396 -0.062421268211958481 0.13595990022858251 -0.01207691420111018 0
2048 1 1 259027200 162832498.63234916 47061898.981713504 4688821.0531977629 -10.002890103807889 26.271391355746481 1.4276043173389283 692.94690540054023 -0.063748832420151239 0.13606407706381568 -0.01221636947309457 0
2049 1 1 259113600 161951364.11865625 49327625.918995723 4811617.9604006382 -10.393653618919158 26.175054674069518 1.414857535017392 692.60939015737586 -0.065074475422199421 0.13611239745305115 -0.012352032174228322 0
2050 1 1 259200000 161036535.69270501 51584688.290330261 4933307.1142322924 -10.782363184265217 26.069784138495478 1.4020559928937386 692.33265476476913 -0.045161065562594818 0.088760624412647288 -0.0081821624198201472 0
2051 1 1 259286400 160088235.25952691 53832224.207674228 5053891.9730487177 -11.168912159647753 25.955570434758243 1.3892016252565678 692.11657188959146 -0.046249358338740894 0.088975802998609549 -0.0083001913611629348 0
2052 1 1 259372800 159106567.20789537 56069655.301393688 5173350.4063025936 -11.554739037205445 25.835856311489565 1.3759829683779021 691.89421548579799 -0.047322845727509534 0.089144587111298829 -0.0084150619534289241 0
2053 1 1 259459200 158091602.96805844 58296494.060368672 5291652.0098607047 -11.939641781069065 25.710374245724974 1.3624233392715417 691.67045914742096 -0.048389781819219282 0.089262199316481272 -0.0085265172041168215 0
2054 1 1 259545600 157043426.41892383 60512241.313292362 5408767.3718950115 -12.323526738971308 25.579105505166137 1.3485238727778777 691.44539293563616 -0.049446856021832991 0.08932970783783141 -0.0086344819010872043 0
2055 1 1 259632000 155962129.60054645 62716396.341131859 5524667.1838038228 -12.706298701032809 25.442032979743519 1.3342858246250404 691.21910763333119 -0.050492916751401482 0.089347117915616725 -0.0087388573169239273 0
2056 1 1 259718400 154847812.83703151 64908457.014428303 5639322.2509168163 -13.087861116867119 25.299141142695152 1.3197105768324275 690.99169465572197 -0.051526704759821892 0.089314524986962837 -0.0088395467625325616 0
2057 1 1 259804800 153700584.85243401 67087919.933269747 5752703.5035196804 -13.46811609706608 25.150416122655535 1.3047996403478439 690.76324603073328 -0.052546953111590182 0.089232064564164701 -0.0089364549262886065 0
2058 1 1 259891200 152520562.88549283 69254280.573038176 5864782.0081143128 -13.846964435779446 24.995845766705717 1.2895546578383466 690.53385437169936 -0.053552389188865263 0.089099912022723812 -0.0090294879217495856 0
2059 1 1 259977600 151307872.80232126 71407033.43562977 5975528.9789184295 -14.224305635470079 24.835419704000397 1.2739774064398006 690.30361284966705 -0.054541736133566436 0.088918283344762192 -0.0091185533728187218 0
2060 1 1 260064000 150062649.20684138 73545672.206184298 6084915.7896015765 -14.6000379343759 24.669129409642345 1.258069800484571 690.07261516492815 -0.055513714222245596 0.088687435272993831 -0.0092035601635087234 0
2061 1 1 260150400 148785035.54872945 75669689.915337428 6192913.9852557369 -14.974058336696528 24.496968268632212 1.2418338941957507 689.84095551916073 -0.0564670417516231 0.088407665184739789 -0.0092844185990461625 0
2062 1 1 260236800 147475184.22863179 77778579.107000187 6299495.2945956495 -15.346262645602115 24.318931639866442 1.225271884307068 689.60872858650362 -0.057400436960345615 0.088079312264518247 -0.0093610406027309061 0
2063 1 1 260323200 146133256.70040306 79871832.011667162 6404631.6423825966 -15.716545499118496 24.135016920070264 1.2083861126228999 689.37602948356437 -0.058312618965308517 0.087702757330105768 -0.0094333395858292746 0
2064 1 1 260409600 144759423.57012203 81948940.725236684 6508295.1620677235 -16.084800408900946 23.945223607449929 1.1911790685381634 689.14295374014478 -0.05920230922975963 0.087278422717892351 -0.0095012302884141895 0
2065 1 1 260496000 143353864.69162911 84009397.393318176 6610458.2086499473 -16.450919801931693 23.749553365044214 1.1736533914735916 688.90959726918175 -0.060068232739082981 0.086806773150538516 -0.0095646291843379128 0
2066 1 1 260582400 141916769.25844616 86052694.401080504 6711093.3717566663 -16.814795062507599 23.548010085683153 1.1558118736211582 688.67605633415781 -0.060909124636556018 0.086288312156199476 -0.0096234551160384613 0
2067 1 1 260668800 140448335.88835773 88078324.565977082 6810173.4884132594 -17.176316676796752 23.340599881033899 1.1376574474668764 688.44242755475886 -0.06172431452122689 0.08572314426114501 -0.0096777173282056664 0
2068 1 1 260755200 138948772.72813651 90085781.354612231 6907671.6597811179 -17.535373338401651 23.127331867127012 1.1191933335380448 688.20880754070072 -0.062502335548892896 0.085119635346196085 -0.0097257726784671771 0
2069 1 1 260841600 137418330.47936821 92074521.834512249 7003566.3544076877 -17.891037831512222 22.907291865482179 1.1005488140208421 687.99695215925158 -0.063279661138763613 0.084448859404461826 -0.0097734698831823535 0
2070 1 1 260928000 135856963.47133672 94044350.233725324 7097789.0304002054 -18.254639591945331 22.693439453392728 1.0799592207673536 687.50296380256918 -0.22017309354650388 0.26034298719561855 -0.033939217439233033 0
2071 1 1 261014400 134263691.92505383 95996136.57459262 7190125.7937758602 -18.626135474166389 22.485756425558421 1.0574234836322234 686.72680119506492 -0.22160364028378482 0.2587410347450666 -0.033998751172545624 0
2072 1 1 261100800 132638480.70865877 97929681.983707637 7280508.1957264766 -18.9940180850557 22.271259465041144 1.0347117776151062 685.97308416639441 -0.22299112170341789 0.25708956049882969 -0.034051303466934281 0
2073 1 1 261187200 130981609.64265803 99844441.13322854 7368915.4223472131 -19.358982510843617 22.050891874371718 1.0117026256381301 685.22017018359782 -0.22433925232261478 0.25538498790001779 -0.034097762596475942 0
2074 1 1 261273600 129293336.02379839 101739907.51290773 7455321.9831797741 -19.72090894173439 21.824670688185588 0.98840090284169368 684.46817571976226 -0.22564576197026651 0.2536291044884873 -0.034137866142369945 0
2075 1 1 261360000 127573927.5592889 103615576.22701564 7539702.8192072762 -20.07967624606653 21.59261623991269 0.964811716754992 683.71721732402943 -0.22690950279267727 0.25182279500654159 -0.034171564872364293 0
2076 1 1 261446400 125823662.47121252 105470944.27888575 7622033.321991127 -20.435162171232577 21.354752173652635 0.9409403906585837 682.96741154004701 -0.22812932334690464 0.24996700787987261 -0.034198804794239229 0
2077 1 1 261532800 124042829.58936475 107305510.86162087 7702289.3525257688 -20.787243438555645 21.111105550879426 0.91679246827963912 682.21887485906984 -0.22930409666586704 0.2480627321922563 -0.034219533124626333 0
2078 1 1 261619200 122231728.43524322 109118777.65757671 7780447.2604096346 -21.135795852282747 20.861706947681451 0.8923737166150818 681.47172366752591 -0.23043272242203905 0.24611099700286879 -0.034233698529083076 0
2079 1 1 261705600 120390669.29635127 110910249.14611489 7856483.9032465369 -21.480694414800521 20.606590548869633 0.86769012844160331 680.72607419393364 -0.23151412823447995 0.24411287062934287 -0.034241251150498656 0
2080 1 1 261792000 118519973.29027489 112679432.91933234 7930376.666248926 -21.821813448140986 20.345794238448214 0.84274792447466407 679.98204245537545 -0.23254727129103464 0.24206946005856861 -0.034242142648862703 0
2081 1 1 261878400 116619972.41798967 114425840.00543621 8002103.4820113136 -22.159026721770811 20.079359686044253 0.81755355514053873 679.23974420284958 -0.23353114024469313 0.23998191021274123 -0.034236326410736637 0
2082 1 1 261964800 114691009.60585956 116148985.19939576 8071642.8504188191 -22.492207586555708 19.807332428864143 0.79211370192953245 678.49929486596341 -0.23446475650537837 0.23785140310419378 -0.034223757741570028 0
2083 1 1 262051200 112733438.73579749 117848387.40046822 8138973.8586537745 -22.821229114791659 19.529761948793897 0.76643527830617142 677.7608094964753 -0.23534717605578034 0.23567915754867347 -0.034204394195702793 0
2084 1 1 262137600 110747624.66313525 119523569.95669961 8204076.2008450488 -23.145964244549798 19.246701757576805 0.74052541981878695 677.02440255036493 -0.2361774899310313 0.23346642875359258 -0.034178196867883481 0
2085 1 1 262224000 108733943.22113103 121174061.01135656 8266930.2008413151 -23.4662859512507 18.958209300027004 0.71439160962848003 676.29018976862926 -0.2369551192892819 0.23121200201380201 -0.034143201189581564 0
2086 1 1 262310400 106692781.20139876 122799393.74868339 8327516.9161947705 -23.782067635202289 18.664343650498328 0.68804348467431276 675.55831659568582 -0.23767957730403769 0.22891275422741789 -0.034095998677545827 0
2087 1 3 262353098.45164093 105674024.56638657 123593194.59709355 8356615.7923590513 -23.936409739202919 18.51715838945784 0.67494146414091805 675.19746151944128 0 0 0 180
2088 1 1 262396800 104624536.39704046 124399107.39623863 8385817.6667431816 -24.093180391690108 18.365194281247831 0.66147086224379481 674.82861451229167 -0.23831159009537622 0.22695126113338809 -0.034328424597021436 0
2089 1 1 262483200 102529617.89690979 125972750.64396925 8441811.7014971338 -24.39949250336219 18.060882041764803 0.63464260635785708 674.1006047399851 -0.23885092915970618 0.22531500481915417 -0.034831804658961615 0
2090 1 1 262569600 100408394.59402771 127519929.56911758 8495468.5889912769 -24.702154204442618 17.752687386738877 0.60735889438332424 673.34406786414354 -0.23942628233725952 0.22371930381796859 -0.035332788046015681 0
2091 1 1 262656000 98261721.680625975 129039816.62093128 8546829.1765002403 -24.983236392364862 17.424186841154512 0.58228739135382446 672.97807617872752 -0.0020966691594520559 0.00182244220549681 -0.00030128261138820281 0
2092 1 1 262742400 96091933.040633366 130530235.29375778 8596155.1246823967 -25.242551137328359 17.075545069755631 0.55947511186247323 672.95354805027978 -0.0020634978548572311 0.0017502516487436146 -0.00030135283774471112 0
2093 1 1 262828800 93899909.608888462 131990387.68575332 8643493.5482482985 -25.497856480646607 16.723539972488606 0.53628935523881616 672.94579198114889 -0.0032694482923746916 0.002761515778634302 -0.00048641150782256391 0
2094 1 1 262915200 91686058.638057858 133419934.65234567 8688820.7894510776 -25.747770646967258 16.367076278602156 0.51292564354943515 672.93640003279597 -0.0031173977710194515 0.0025900508988103777 -0.00047093708866655657 0
2095 1 1 263001600 89450855.841084152 134818490.53825384 8732122.5945989527 -25.992097507497345 16.006173248912202 0.48940509099858798 672.92753810860688 -0.0030568372366337271 0.0024995162740639246 -0.00046876486409804457 0
2096 1 1 263088000 87194787.572282195 136185676.89192331 8773385.624304384 -26.230751203303647 15.640947296021515 0.46573301545986878 672.91889946331435 -0.0029905235127751346 0.0024067303797297309 -0.00046535624734615402 0
2097 1 1 263174400 84918348.242525518 137521124.80263513 8812597.1143107526 -26.463633826731286 15.27150517500905 0.44191700752421037 672.91050802707582 -0.0029188512189420343 0.0023120133922422165 -0.00046075463396368945 0
2098 1 1 263260800 82622040.586562365 138824474.72714788 8849744.9574107639 -26.690650583513872 14.897956930488277 0.4179646908555692 672.9023748142871 -0.0028421274794248525 0.0022157749519808073 -0.0004549799989883713 0
2099 1 1 263347200 80306375.414025575 140095376.75037768 8884817.7097361945 -26.911709366108163 14.520415378106744 0.39388379577722765 672.89450982503604 -0.0027606643039589664 0.0021183930359266506 -0.00044805698800571593 0
2100 1 1 263433600 77971871.372986808 141333490.82118109 8917804.5996907875 -27.12672085279366 14.138996019871687 0.3696821527771012 672.88692208687826 -0.0026747683140302698 0.0020202205211332725 -0.00044001192503232984 0
2101 1 1 263520000 75619054.705142736 142538486.98068941 8948695.5363335405 -27.335598602453228 13.753816956233035 0.34536768621553338 672.87961970306867 -0.0025847385199846318 0.0019215846997800163 -0.00043087227680728717 0
2102 1 1 263606400 73248458.992957547 143710045.58286196 8977481.1172126327 -27.538259145977584 13.364998793910452 0.32094840789969636 672.87260990347181 -0.0024908649590457571 0.0018227873007437537 -0.00042066626555602632 0
2103 1 1 263692800 70860624.899058163 144847857.50690183 9004152.6356384959 -27.734622074174045 12.972664549744646 0.29643241052574471 672.86589909546262 -0.0023934285110038351 0.0017241054839023592 -0.00040942267669178447 0
2104 1 1 263779200 68456099.898188114 145951624.36120212 9028702.0873842295 -27.924610122110433 12.576939550832597 0.27182786097850481 672.85949291190116 -0.0022927016191602546 0.0016257934380355826 -0.00039717081058394531 0
2105 1 1 263865600 66035438.002030924 147021058.67851162 9051122.1768006869 -28.108149249796817 12.177951331177974 0.24714299348110411 672.85339625416339 -0.0021889497147672527 0.0015280844095005191 -0.00038394060373934079 0
2106 1 1 263952000 63599199.477224536 148055884.10202906 9071406.3223328255 -28.28516871912176 11.775829525093643 0.22238610258430969 672.84761332818766 -0.0020824335795708317 0.0014311932217535798 -0.00036976293261400045 0
2107 1 1 264038400 61147950.556892134 149055835.5621559 9089548.6614231486 -28.455601166973327 11.370705757606805 0.19756553598804005 672.84214767142805 -0.0019734124608428998 0.0013353192192176715 -0.00035467006647076413 0
2108 1 1 264124800 58682263.146711022 150020659.44320795 9105544.0549139082 -28.619382657420203 10.962713520900886 0.17268969032362799 672.83700252305209 -0.0018621480569984555 0.0012406492518469822 -0.00033869640054100931 0
2109 1 1 264211200 56202714.519579798 150950113.74400121 9119388.0897815377 -28.77645296604431 10.551988203811776 0.14776696339746198 672.83217627519525 -0.0017520977639826844 0.0011494530106673532 -0.00032246680416581997 0
2110 1 1 264297600 53709886.977187291 151843968.24631104 9131077.0760683473 -28.926755932443566 10.138667156822489 0.12280569078966913 672.82765649448504 -0.0016472467056780453 0.0010642028266699059 -0.0003067341300625945 0
2111 1 1 264384000 51204367.510223508 152702004.66963047 9140608.0436003339 -29.070239041495338 9.7228892513445526 0.097814223511030265 672.82342985138962 -0.0015453141897117319 0.00098322587318981788 -0.00029110339179096655 0
2112 1 1 264470400 48686747.480625071 153524016.79715189 9147978.7427477781 -29.206853876564381 9.3047950048460937 0.072800841966807708 672.8194739057609 -0.0014547876377538423 0.0009116996100166589 -0.00027721617460060356 0
2113 1 1 264556800 46157622.258274861 154309810.61729375 9153187.6366457436 -29.336555694682399 8.8845261593796678 0.047773837467588037 672.81576676960617 -0.0013668298286090318 0.00084378003296078702 -0.000263438317053361 0
2114 1 1 264643200 43617590.955331035 155059204.39028957 9156233.9119730424 -29.459302820314729 8.4622251523576093 0.022741628419976935 672.81230034857504 -0.0012814546665985279 0.00077934803896131488 -0.00024978892550411662 0
2115 1 1 264729600 41067256.120564714 155772028.7280899 9157117.482305916 -29.57505737659228 8.0380354406025099 -0.0022873772198725249 672.80906594331407 -0.0011985265714187236 0.00071819892024082134 -0.00023625724378352768 0
2116 1 1 264816000 38507223.411970735 156448126.67558521 9155838.9872962646 -29.68378527930167 7.6121013499121082 -0.02730478273860578 672.80605498470197 -0.0011182328337240913 0.00066032625461738233 -0.00022289571557954587 0
2117 1 1 264902400 35938101.266470782 157087353.78106347 9152399.7910800949 -29.785456291267199 7.1845679645875835 -0.052302216046289089 672.80325842403397 -0.0010408551490467741 0.00060577517489012812 -0.00020977730239382531 0
2118 1 1 264988800 33360500.56636985 157689578.15631315 9146801.9797623139 -29.880044046175058 6.7555810003204186 -0.077271338231497899 672.80066664137621 -0.00096666925719028076 0.00055458111062935112 -0.00019697609045032447 0
2119 1 1 265075200 30775034.306439567 158254680.52433851 9139048.3586712796 -29.967526008374367 6.3252866436533131 -0.10220383991441596 672.7982705268912 -0.00089591652037674036 0.00050675478057111273 -0.00018456134218012665 0
2120 1 1 265161600 28182317.245497275 158782554.26399133 9129142.4459555037 -30.047884086466702 5.8938317609902304 -0.12709157419106654 672.79604938951377 -0.0008383272297593173 0.00046759550970064563 -0.0001745806510116603 0
2121 1 1 265248000 25582965.456013501 159273105.49928877 9117088.4442078844 -30.121106191509401 5.4613646105832139 -0.15192689552186656 672.79394009699547 -0.00081347133725020125 0.00044752619500958607 -0.00017124244245840536 0
2122 1 1 265334400 22977595.850933153 159726253.1873197 9102891.2058261018 -30.187184079145077 5.0280334860976623 -0.17670222617409531 672.791880267122 -0.0008015856700324508 0.00043506120455589391 -0.00017056389954844107 0
2123 1 1 265420800 20366825.992856324 160141929.03807691 9086556.2564926054 -30.246111182122807 4.5939854145256458 -0.20140960478658715 672.78985113725389 -0.00079277272668047184 0.00042460186654750095 -0.0001705039968727336 0
2124 1 1 265507200 17751273.878039941 160520077.4409087 9068089.8135371413 -30.297884260865988 4.1593669814233261 -0.22604103245816179 672.78784417511702 -0.00078780202932540212 0.00041649154022083259 -0.0001712510671160771 0
2125 1 1 265593600 15131557.619955549 160860655.43759593 9047498.782759903 -30.342503731639002 3.724324404072469 -0.2505885491020019 672.78585412624193 -0.00078286879478790437 0.0004086551447805561 -0.00017199357292307186 0
2126 1 1 265680000 12508295.145208163 161163632.6793991 9024790.7571685556 -30.379973606370914 3.289003388090145 -0.27504423131435302 672.783879741345 -0.00077889412986999152 0.00040156912314323113 -0.0001729383189661855 0
2127 1 1 265766400 9882103.8676294386 161428991.38636515 8999974.0100162923 -30.410301699109432 2.8535491310239549 -0.29940024854745578 672.78191912618399 -0.00077513154753613804 0.00039483304185647969 -0.00017392282851377209 0
2128 1 1 265852800 7253600.3676605066 161656726.29469794 8973057.4879483208 -30.433499495657102 2.418106148556634 -0.32364884770820879 672.77997167575779 -0.00077144743778691661 0.00038837567068391075 -0.00017491895807953591 0
2129 1 1 265939200 4623400.0741431052 161846844.59400117 8944050.8035006151 -30.449582158057773 1.9828181768105386 -0.34778236798375661 672.77803724786042 -0.00076758853304115997 0.00038206816213360781 -0.00017586746706417002 0
2130 1 1 266025600 1992116.9484418235 161999365.85482362 8912964.2268794607 -30.458568493226473 1.5478280596552723 -0.37179324889535631 672.77611595789267 -0.00076361083121549505 0.0003759417081743832 -0.00017678051436016741 0
2131 1 1 266112000 -639636.82959936501 162114321.94710767 8879808.6767946836 -30.460480923158915 1.1132776413263481 -0.39567403973692794 672.7742078547393 -0.00075948854376357172 0.00036998612357929729 -0.00017765075904975093 0
2132 1 1 266198400 -3271251.1714544524 162191756.94870567 8844595.7108313441 -30.455345427394541 0.67930764951388989 -0.419417403363748 672.77231305766634 -0.00075520313382060442 0.00036419493002250327 -0.00017847220145749958 0
2133 1 1 266284800 -5902118.3850460183 162231727.04415873 8807337.5153881777 -30.443191490774453 0.24605758600358552 -0.44301612202772839 672.77043170646516 -0.00075075904597327644 0.00035857312612559434 -0.0001792444164332776 0
2134 1 1 266371200 -8531633.4751813561 162234300.41414824 8768046.8951206971 -30.424052046216531 -0.18633438026020513 -0.46646310279924741 672.76856393003857 -0.00074616130133548268 0.00035312579691755888 -0.00017996713734125966 0
2135 1 1 266457600 -11159194.438781857 162199557.11579245 8726737.2619483918 -30.397963411942889 -0.61773151788371328 -0.48975138235280269 672.76670984791156 -0.00074141507289576553 0.00034785784226336422 -0.0001806401174036347 0
2136 1 1 266544000 -13784202.554531211 162127588.95403606 8683422.6236578133 -30.364965225088191 -1.0479986344592542 -0.51287413153682526 672.76486957016994 -0.00073652566309049476 0.00034277397633211384 -0.00018126313368787387 0
2137 1 1 266630400 -16406062.666637808 162018499.34442291 8638117.5721200742 -30.325100371916282 -1.4770021745593347 -0.53582465973976856 672.76304319494557 -0.0007315001774515174 0.00033787953306489634 -0.00018183644349455198 0
2138 1 1 266716800 -19024183.462427218 161872403.16755518 8590837.2711402737 -30.278414914747042 -1.9046103142006638 -0.55859641902519386 672.76123080514935 -0.00072634627566237357 0.00033317984277154338 -0.00018236046610062092 0
2139 1 1 266803200 -21637977.743475094 161689426.61554182 8541597.4439627565 -30.22495801553077 -2.3306930517802793 -0.58118300796136702 672.75943246950499 -0.00072107077898337323 0.00032867955725379168 -0.00018283539234080498 0
2140 1 1 266889600 -24246862.690018356 161469707.03075635 8490414.3604537155 -30.16478185686751 -2.7551222950891341 -0.60357817530082858 672.75764823618078 -0.00071568480456233924 0.00032438507535489263 -0.00018326254679184196 0
2141 1 1 266976000 -26850260.118395194 161213392.73722881 8437304.8239843827 -30.097941559050678 -3.1777719450554831 -0.62577582307240021 672.75587815057884 -0.00071018279921204134 0.00032029482528758208 -0.00018363874717313217 0
2142 1 1 267062400 -29447596.731181599 160920642.86496055 8382286.1580648152 -30.024495095106335 -3.5985179753138539 -0.64777000955767372 672.75412226292508 -0.00070457054607957616 0.00031641228596341996 -0.00018396380522390254 0
2143 1 1 267148800 -32038304.35997919 160591627.16757926 8325376.1927063521 -29.944503204786837 -4.0172385071766588 -0.66955495235919837 672.75238061100754 -0.0006988538654445121 0.00031274074880769883 -0.00018423756563228457 0
2144 1 1 267235200 -34621820.200627498 160226525.83366796 8266593.2505436307 -29.858029305516617 -4.4338138809761691 -0.69112503096592393 672.75065322110333 -0.00069303861733766199 0.00030928327937552845 -0.00018445987937469623 0
2145 1 1 267321600 -37197587.040641062 159825529.29210976 8205956.1327453507 -29.765139401494849 -4.8481267232637926 -0.71247478907779482 672.74894010773619 -0.00068713069291631351 0.00030604272038513384 -0.00018463059870170513 0
2146 1 1 267408000 -39765053.478718117 159388838.01180428 8143484.1047351584 -29.665901991101983 -5.2600620098524375 -0.73359893667713416 672.74724127343552 -0.00068113600106989259 0.00030302169426384698 -0.00018474958344750846 0
2147 1 1 267494400 -42323674.136183582 158916662.29611883 8079196.881744395 -29.560387972818223 -5.6695071246754045 -0.75449235184814656 672.74555670849429 -0.00067506046107863274 0.0003002225936083465 -0.00018481669462648012 0
2148 1 1 267580800 -44872909.860246435 158409222.07243499 8013114.6142185526 -29.448670549860257 -6.0763519144453815 -0.77515008234651817 672.7438863907322 -0.0006689099891260896 0.00029764758187367577 -0.00018483179805004916 0
2149 1 1 267667200 -47412227.91896978 157866746.67715529 7945257.8730987133 -29.330825133740923 -6.4804887391072183 -0.79556734692209907 672.74223028525603 -0.00066269049512016065 0.00029529859328638404 -0.0001847947602554427 0
2150 1 1 267753600 -49941102.187869124 157289474.63653085 7875647.6349993292 -29.206929246953649 -6.8818125180898573 -0.81573953639734209 672.74058834421965 -0.00065640787031811176 0.00029317732907151276 -0.00018470544483647092 0
2151 1 1 267840000 -52459013.328071989 156677653.44367519 7804305.267303206 -29.077062424979374 -7.2802207723728305 -0.83566221450621481 672.73896050658936 -0.00065006797992530924 0.0002912852555878758 -0.00018456371941924721 0
2152 1 1 267926400 -54965448.955988802 156031539.33212245 7731252.5131942052 -28.941306117811337 -7.675613662392597 -0.85533111849735055 672.73734669790986 -0.00064367665527681776 0.00028962359998967126 -0.00018436944530046779 0
2153 1 1 268012800 -57459903.804461263 155351397.04629001 7656511.4766478622 -28.799743591187454 -8.0678940218232587 -0.87474215950584011 672.73574683007757 -0.00063723968466243336 0.00028819335075001531 -0.00018412248003284097 0
2154 1 1 268099200 -59941879.875371478 154637499.60919803 7580104.6073996816 -28.652459827715877 -8.4569673872754105 -0.89389142269972921 672.73416080111963 -0.00063076280506164277 0.0002869952547824194 -0.00018382267811182558 0
2155 1 1 268185600 -62410886.583710186 153890128.08779806 7502054.6859102957 -28.499541428074 -8.8427420239662151 -0.91277516720622587 672.73258849498586 -0.00062425169689164057 0.00028602981313084644 -0.00018346988846600179 0
2156 1 1 268272000 -64866440.893118218 153109571.3562558 7422384.8083462939 -28.341076512460535 -9.2251289474191367 -0.93138982582499441 672.73102978126076 -0.00061771205406525235 0.00028529731340118576 -0.00018306398099391719 0
2157 1 1 268358400 -67308067.442930296 152296125.857528 7341118.3715946684 -28.177154622468521 -9.6040419412604052 -0.94973200453886153 672.72948451478146 -0.00061114971491890333 0.00028479791583079151 -0.00018260494478071775 0
2158 1 1 268444800 -69735298.666770875 151450095.3635703 7258279.0583260395 -28.007866623726748 -9.9793975710997049 -0.96779848188829332 672.72795253150082 -0.00060457271099829122 0.00028453262724050568 -0.00018209354285228036 0
2159 1 1 268531200 -72147674.902761713 150571790.73450494 7173890.8221231066 -27.833304608909586 -10.351115194844661 -0.98558620801989094 672.72643365169506 -0.00059798442716696345 0.00028450003191090375 -0.00018152893627170223 0
2160 1 1 268617600 -74544744.495372057 149661529.67704853 7087977.8727045497 -27.653561801596375 -10.719116969382544 -1.0030923035307557 672.7249276839292 -0.00059138989813148791 0.00028469924831026706 -0.0001809108093822607 0
2161 1 1 268704000 -76926063.88902761 148719636.50252759 7000564.6612492381 -27.468732461455719 -11.083327853565207 -1.020314058237985 672.72343442313581 -0.00058479339108454399 0.00028512876707802414 -0.0001802386155120663 0
2162 1 1 268790400 -79291197.713568613 147746441.88478205 6911675.8658365421 -27.278911790509142 -11.443675607769705 -1.0372489297534249 672.72195365029097 -0.00057820004304898296 0.00028578730056192514 -0.0001795121483221452 0
2163 1 1 268876800 -81639718.861669213 146742282.61825529 6821336.3770151678 -27.084195840743643 -11.800090790072495 -1.0538945419144563 672.72048513090328 -0.00057161489223291387 0.00028667329556919887 -0.00017873121077387547 0
2164 1 1 268963200 -83971208.558330566 145707501.37655422 6729571.283515892 -26.884681423058449 -12.15250674921621 -1.0702486830310243 672.71902861504464 -0.00056504288851225149 0.00028778492781745071 -0.00017789560561004458 0
2165 1 1 269049600 -86285256.422571853 144642446.47175264 6636405.8581222324 -26.680466017739381 -12.500859614440447 -1.0863093039842715 672.71758383731174 -0.00055848888775860556 0.00028912009829480954 -0.00017700513127483369 0
2166 1 1 269136000 -88581460.521455899 143547471.61470476 6541865.5437115273 -26.471647686559905 -12.845088282294499 -1.1020745161844614 672.716150516825 -0.00055195765370172638 0.0002906764325806664 -0.00017605959313439926 0
2167 1 1 269222400 -90859427.416594476 142422935.67662394 6445975.9394782474 -26.258324986607064 -13.185134400550242 -1.1175425893963447 672.71472835725604 -0.00054545386159110033 0.00029245127839756189 -0.00017505880281165587 0
2168 1 1 269308800 -93118772.203285366 141269202.45217302 6348762.7873506127 -26.040596885922149 -13.52094234933619 -1.1327119494392175 672.71331704689987 -0.00053898210057094754 0.00029444170085057999 -0.00017400258038840534 0
2169 1 1 269395200 -95359118.542443022 140086640.42429924 6250251.9586111316 -25.818562681038607 -13.852459219614865 -1.1475811757701306 672.71191625879021 -0.00053254687901351926 0.00029664448377609068 -0.00017289076021703855 0
2170 1 1 269481600 -97580098.685488015 138875622.53103986 6150469.4407306015 -25.592321916492029 -14.179634789126888 -1.1621489989583351 672.71052565085733 -0.00052615262742909522 0.00029905613258206405 -0.00017172319556873195 0
2171 1 1 269568000 -99781353.492371023 137636525.93451083 6049441.3244248033 -25.361974306370179 -14.502421495927011 -1.1764142980587593 672.70914486614163 -0.00051980370364422231 0.0003016728698326747 -0.00017049976380235999 0
2172 1 1 269654400 -101962532.44290821 136369731.79228148 5947193.7909421837 -25.127619657963567 -14.820774409637345 -1.1903760978923368 672.70777353305982 -0.00051350440011667864 0.0003044906409692154 -0.00016922037155219944 0
2173 1 1 269740800 -104123293.64161304 135075625.03132746 5843753.0995902503 -24.889357797570323 -15.134651200542763 -1.2040335662411277 672.70641126572286 -0.00050725895321379708 0.00030750511862273801 -0.00016788496324248418 0
2174 1 1 269827200 -106263303.81621256 133754594.12474152 5739145.5755077451 -24.647288498501528 -15.44401210665408 -1.2173860109655761 672.70505766431677 -0.00050107154580951408 0.00031071170453779489 -0.00016649352326573424 0
2175 1 1 269913600 -108382238.31003952 132407030.87137459 5633397.5976889441 -24.401511411326954 -15.748819898863719 -1.230432877051397 672.70371231554827 -0.00049494631739332268 0.00031410553750631633 -0.0001650460853592099 0
2176 1 1 270000000 -110479781.0684959 131033330.1785643 5526535.5872659162 -24.152125996394783 -16.049039844317203 -1.2431737435938073 672.70237479315085 -0.00048888737305559404 0.00031768150245569575 -0.00016354273998459172 0
2177 1 1 270086400 -112555624.61978543 129633889.84810159 5418585.9960537627 -23.899231458652146 -16.344639668123097 -1.2556083207257855 672.7010446584527 -0.00048289878969042031 0.00032143424228033398 -0.00016198363824124892 0
2178 1 1 270172800 -114609470.05011463 128209110.36557271 5309575.2953634476 -23.642926684787 -16.635589513522508 -1.2677364464974659 672.6997214610177 -0.00047698462155073001 0.00032535816797798464 -0.00016036900062966767 0
2179 1 1 270259200 -116641026.97356381 126759394.6932046 5199529.9650860941 -23.383310182706481 -16.921861900637449 -1.2795580837136995 672.69840473935085 -0.00047114890781156221 0.00032944747441058852 -0.00015869912455435147 0
2180 1 1 270345600 -118650013.49683042 125285148.0663321 5088476.4830521028 -23.120480023361289 -17.203431683915202 -1.2910733167360706 672.6970940216612 -0.00046539568123930082 0.00033369615708923786 -0.00015697438888451079 0
2181 1 1 270432000 -120636156.17904727 123786777.79359375 4976441.3146678619 -22.854533784919472 -17.480276008383431 -1.3022823482556309 672.6957888266968 -0.00045972896678620249 0.0003380980332303583 -0.00015519525975063846 0
2182 1 1 270518400 -122599189.98687917 122264693.06095453 4863450.9028323693 -22.585568499288389 -17.752374264829157 -1.3131854960425959 672.69448866463995 -0.00045415278821172444 0.00034264675625389403 -0.0001533622955339007 0
2183 1 1 270604800 -124538858.24509983 120719304.73964372 4749531.6581354374 -22.313680600979009 -18.019708044011388 -1.3237831896785728 672.69319303805469 -0.00044867117064455061 0.00034733584354708054 -0.00015147614797595514 0
2184 1 1 270691200 -126454912.5828518 119151025.19808666 4634709.9493388114 -22.038965878301106 -18.282261090013982 -1.3340759672774596 672.6919014428928 -0.00044328813623457464 0.00035215869902466957 -0.00014953757175812908 0
2185 1 1 270777600 -128347112.87578994 117560268.11790028 4519012.0941408481 -21.761519426874226 -18.540019252843763 -1.3440644722000459 672.69061336954326 -0.0004380077043413259 0.00035710863772599633 -0.00014754741944516842 0
2186 1 1 270864000 -130215227.18430717 115947448.31401286 4402464.3502252037 -21.481435605435298 -18.792970440374543 -1.3537494497673663 672.68932830392475 -0.00043283388633818599 0.00036217891217139013 -0.00014550664769514269 0
2187 1 1 270950400 -132059031.68804087 114312981.55896074 4285092.906593306 -21.198807993919377 -19.041104569735406 -1.3631317439779234 672.68804572861063 -0.00042777068107302405 0.00036736274002332147 -0.00014341631241648797 0
2188 1 1 271036800 -133878310.61685422 112657284.4114057 4166923.8751801904 -20.913729353786941 -19.284413518237738 -1.3722122942329751 672.68676512397815 -0.00042282206621692105 0.0003726533284833007 -0.00014127756726565685 0
2189 1 1 271123200 -135672856.17848611 110980774.04890865 4047983.282752688 -20.626291590567259 -19.522891073932751 -1.3809921320748373 672.68548596937728 -0.00041799198643573208 0.00037804390327518815 -0.00013909166287010198 0
2190 1 1 271209600 -137442468.48305935 109283868.10498843 3928297.0630887714 -20.33658571858448 -19.756532885887058 -1.3894723779421039 672.68420774430501 -0.00041328434244337919 0.00038352773467128994 -0.00013685993968466696 0
2191 1 1 271296000 -139186955.46463415 107566984.51048507 3807891.0494363406 -20.044701827831052 -19.985336414261585 -1.3976542379456156 672.68292992958254 -0.00040870297978823394 0.0003890981575473082 -0.00013458382314011333 0
2192 1 1 271382400 -140906132.79999062 105830541.33924256 3686790.9672495583 -19.7507290529493 -20.209300880274647 -1.4055390006691222 672.68165200851911 -0.00040425167266419453 0.00039474859741010505 -0.00013226481712818322 0
2193 1 1 271468800 -142599823.82482165 104074956.65811673 3565022.427200397 -19.454755544280161 -20.428427216126238 -1.4131280339978607 672.68037346805625 -0.00039993410746573305 0.00040047259556776635 -0.00012990449349761749 0
2194 1 1 271555200 -144267859.4475106 102300648.38130863 3442610.9184628823 -19.156868440936464 -20.642718014958241 -1.42042278197852 672.67909379988237 -0.00039575387192724898 0.0004062638211645834 -0.00012750448621140289 0
2195 1 1 271641600 -145910078.06067047 100508034.12901737 3319581.8022671584 -18.857153845855798 -20.852177480921391 -1.4274247617138291 672.67781250151086 -0.00039171443473661805 0.00041211608992554446 -0.00012506648110431411 0
2196 1 1 271728000 -147526325.45060971 98697531.090399861 3195960.3057202669 -18.555696802785807 -21.056811379414974 -1.4341355602943626 672.67652907731394 -0.00038781913072377737 0.0004180233830390413 -0.00012259220526331205 0
2197 1 1 271814400 -149116454.70489237 96869555.890820444 3071771.5158903128 -18.252581275154654 -21.256626987563703 -1.4405568317703283 672.67524303950302 -0.00038407114697773954 0.0004239798505645507 -0.00012008341662795946 0
2198 1 1 271900800 -150680326.11815161 95024524.463366657 2947040.3741504541 -17.947890126776954 -21.451633044991439 -1.4466902941659348 672.67395390905244 -0.00038047350560285216 0.00042997982712711749 -0.00011754189440925528 0
2199 1 1 271987200 -152217807.09631449 93162851.924603567 2821791.6707789018 -17.64170510434521 -21.641839704948296 -1.4525377265388035 672.67266121655814 -0.00037702905424654072 0.00043601783387220379 -0.00011496943022520712 0
2200 1 1 272073600 -153728772.05938846 91284952.454532981 2696050.039810997 -17.334106821655336 -21.827258485844595 -1.4581009660862647 672.6713645030278 -0.00037374045078526915 0.00044208858208001075 -0.00011236781484737583 0
2201 1 1 272160000 -155213102.34295845 89391239.180721253 2569839.9541391823 -17.025174745514331 -22.007902223241128 -1.4633819053006611 672.67006332060362 -0.00037061015286244157 0.00044818697640219081 -0.00010973883204973972 0
2202 1 1 272246400 -156670686.09853742 87482124.066553533 2443185.72085658 -16.714987183278055 -22.183785022342413 -1.4683824891756909 672.66875723320823 -0.00036764041241899774 0.00045430811092200785 -0.0001070842489156551 0
2203 1 1 272332800 -158101418.1929082 85558017.803569376 2316111.4768396695 -16.403621271965786 -22.354922211036417 -1.4731047124652221 672.66744581711998 -0.00036483326262894236 0.00046044726834465949 -0.00010440580837849531 0
2204 1 1 272419200 -159505200.10659093 83619329.707830593 2188641.184565499 -16.091152968898715 -22.521330293520318 -1.4775506169959538 672.66612866147238 -0.00036219051659582528 0.00046659991494135152 -0.00010170521943758402 0
2205 1 1 272505600 -160881939.83156615 81666467.620268941 2060798.6281587002 -15.777657043809427 -22.683026904550115 -1.4817222890354271 672.66480536868221 -0.00035971376409319969 0.00047276169161291812 -9.8984153608707906e-05 0
2206 1 1 272592000 -162231551.76837766 79699837.81095919 1932607.40966346 -15.463207072368808 -22.840030764347482 -1.4856218567167094 672.6634755548024 -0.0003574043662453064 0.00047892841172852236 -9.6244238934696934e-05 0
2207 1 1 272678400 -163553956.62273487 77719844.88725765 1804090.9455355303 -15.147875431077221 -22.992361634195291 -1.4892514875205074 672.6621388498105 -0.00035526345593597027 0.00048509604702428623 -9.3487054678276061e-05 0
2208 1 1 272764800 -164849081.30173138 75726891.705747545 1675272.463349269 -14.831733293467654 -23.140040272750312 -1.4926133858155919 672.66079489783135 -0.00035329194154419996 0.00049126072130741504 -9.0714127322135229e-05 0
2209 1 1 272851200 -166116858.80978999 73721379.287926346 1546174.9987146391 -14.514850627568153 -23.283088393098229 -1.4957097904583205 672.65944335729114 -0.00035149050736407782 0.00049741870433762177 -8.7926927649781329e-05 0
2210 1 1 272937600 -167357228.14444157 71703706.739570811 1416821.3923990319 -14.19729619457129 -23.421528620573813 -1.4985429724519037 672.65808390101324 -0.00034985961786267395 0.00050356640047129599 -8.5126869321973712e-05 0
2211 1 1 273024000 -168570134.19203806 69674271.173712581 1287234.2876487363 -13.879137548659433 -23.555384451367583 -1.501115232665859 672.65671621626097 -0.00034839952259801694 0.00050970033740589985 -8.2315307447545721e-05 0
2212 1 1 273110400 -169755527.62349936 67633467.637155712 1157436.1277048357 -13.56044103793487 -23.684680211936442 -1.5034288996157761 672.65534000473201 -0.00034711026187175781 0.00051581715840725868 -7.9493535944946889e-05 0
2213 1 1 273196800 -170913364.79018697 65581689.040465571 1027449.1535083193 -13.241271806404637 -23.809441019233748 -1.5054863273037793 672.65395498250359 -0.00034599167455055086 0.00052191361461353632 -7.6662789946002198e-05 0
2214 1 1 273283200 -172043607.61999178 63519326.091358021 897295.4015891439 -12.921693796970894 -23.929692741772605 -1.5072898931198464 672.65256087993089 -0.00034504340549137123 0.00052798655714878808 -7.3824245450849576e-05 0
2215 1 1 273369600 -173146223.51372209 61446767.231416382 766996.7021340077 -12.601769755377552 -24.045461961533515 -1.5088419958037149 672.65115744151285 -0.00034426490898587149 0.00053403292930265581 -7.0979019682751332e-05 0
2216 1 1 273456000 -174221185.24187309 59364398.576062761 636574.67722759349 -12.281561235066258 -24.156775936726223 -1.5101450534673917 672.64974442572395 -0.00034365546338132528 0.00054004975742521838 -6.8128173457014223e-05 0
2217 1 1 273542400 -175268470.8418529 57272603.85770952 506050.73926206015 -11.961128602894979 -24.263662565412758 -1.511201501677935 672.64832160481387 -0.00034321417699716855 0.00054603414614555576 -6.5272711236507848e-05 0
2218 1 1 273628800 -176288063.5157378 55171764.372016393 375446.08950959321 -11.640531045672972 -24.366150349997231 -1.5120137916001029 672.6468887645791 -0.00034293999625110657 0.0005519832746323347 -6.2413583084205065e-05 0
2219 1 1 273715200 -177279951.52862695 53062258.927177861 244781.71685285342 -11.31982657746768 -24.464268362586495 -1.5125843881986958 672.64544570411499 -0.00034283171489677024 0.00055789438798278508 -5.9551688334792471e-05 0
2220 1 1 273801600 -178244128.10765922 50944463.796166077 114078.39666818613 -10.99907204763997 -24.558046211223928 -1.5129157684997938 672.64399223554688 -0.00034288798201625152 0.00056376479610684778 -5.6687874776884388e-05 0
2221 1 1 273888000 -179180591.34175432 48818752.671852857 -16643.310143462397 -10.678323149563601 -24.647514006999533 -1.5130104199105903 672.64252818379782 -0.00034310731205838835 0.00056959186583332283 -5.3822951299601668e-05 0
2222 1 1 273974400 -180089344.08213651 46685496.624936983 -147363.05798316604 -10.357634430009298 -24.732702332000319 -1.512870838603112 672.64105338567424 -0.00034348837727757125 0.00057537348782751255 -5.095776219167196e-05 0
2223 1 1 274060800 -180970393.84369573 44545064.064604893 -278060.7172436816 -10.037059299155455 -24.813642208092627 -1.5124995279571831 672.6395676881674 -0.00034402995635883933 0.00058110799699651505 -4.8093130750728998e-05 0
2224 1 1 274147200 -181823752.70723623 42397820.701845184 -408716.3748661654 -9.7166500410516132 -24.890365066760509 -1.5118989970357226 672.63807095053176 -0.00034472964649085857 0.00058679197005793288 -4.5229626243489456e-05 0
2225 1 1 274233600 -182649437.222653 40244129.515335217 -539310.33476806607 -9.3964578247589738 -24.962902719557984 -1.5110717591461995 672.63656304133815 -0.00034558693333929013 0.00059242536757228635 -4.2368159140152091e-05 0
2226 1 1 274320000 -183447468.31309459 38084350.719846085 -669823.11814924411 -9.0765327158300924 -25.031287329664259 -1.5100203304237949 672.6350438404944 -0.00034659821785617 0.00059800327350379334 -3.9508971477958403e-05 0
2227 1 1 274406400 -184217871.18012601 35918841.737050407 -800235.46367582958 -8.7569236882083015 -25.095551384350625 -1.5087472284622057 672.63351324246332 -0.00034776140565740684 0.00060352345883161085 -3.6652587048439449e-05 0
2228 1 1 274492800 -184960675.20995477 33747957.168698587 -930528.32755153812 -8.4376786367754395 -25.155727667918697 -1.5072549710498127 672.63197115196385 -0.00034907423439424587 0.00060898354765627201 -3.3799539620207946e-05 0
2229 1 1 274579200 -185675913.88075027 31572048.772084821 -1060682.8834806397 -8.1188443901546492 -25.211849235691336 -1.5055460749309215 672.63041748406135 -0.00035053441055188931 0.00061438129460416495 -3.0950336661307156e-05 0
2230 1 1 274665600 -186363624.67108548 29391465.437725898 -1190680.5225260244 -7.8004667238838659 -25.263949388800153 -1.5036230546168512 672.62885216370046 -0.00035213957727129718 0.00061971450515187427 -2.8105463308452997e-05 0
2231 1 1 274752000 -187023848.96953148 27206553.169182837 -1320502.8528667097 -7.4825903739100355 -25.312061649795847 -1.5014884212467907 672.62727512538174 -0.00035388731533533428 0.00062498103175530253 -2.5265378115591547e-05 0
2232 1 1 274838400 -187656631.98543 25017655.064954914 -1450131.6994590305 -7.1652590503776699 -25.356219739063217 -1.4991446814972054 672.62568631284557 -0.00035577514538401262 0.00063017877203460845 -2.2430517218759196e-05 0
2233 1 1 274924800 -188262022.66086984 22825111.302377012 -1579549.1036056709 -6.84851545168355 -25.396457552030022 -1.4965943365391821 672.62408567876071 -0.0003578005343379655 0.00063530566868003199 -1.9601295893844888e-05 0
2234 1 1 275011200 -188840073.58388713 20629259.12345235 -1708737.3224366459 -6.5324012787703793 -25.4328091371572 -1.4938398810424645 672.62247318442121 -0.000359960900119273 0.00064035971026082396 -1.6778110242664753e-05 0
2235 1 1 275097600 -189390840.90291157 18430432.822553501 -1837678.8283061972 -6.2169572496329977 -25.465308674698406 -1.4908838022249089 672.62084879944791 -0.00036225361624538484 0.00064533893232443084 -1.39613362873021e-05 0
2236 1 1 275184000 -189914384.24247217 16228963.735925766 -1966356.308109497 -5.9022231140120667 -25.493990456215954 -1.4877285789465915 672.61921250149283 -0.00036467601585521734 0.00065024141717464614 -1.1151335649050926e-05 0
2237 1 1 275270400 -190410766.62018153 14025180.232928289 -2094752.6625229726 -5.5882376682512067 -25.518888864839958 -1.4843766808474443 672.61756427595697 -0.00036722539699718279 0.00065506529429539201 -8.3484541103709652e-06 0
2238 1 1 275356800 -190880054.36500907 11819407.708948994 -2222851.0051719551 -5.275038770294362 -25.540038356257146 -1.4808305675270235 672.61590411571194 -0.00036989902283311613 0.00065980874040030737 -5.5530231439771861e-06 0
2239 1 1 275443200 -191322317.03685519 9611968.5799312256 -2350634.6617292403 -4.9626633548015766 -25.55747344041551 -1.477092687765476 672.61423202083233 -0.00037269412859177624 0.00066446998068000053 -2.7653605692751657e-06 0
2240 1 1 275529600 -191737627.34743655 7403182.2784505766 -2478087.1689480869 -4.6511474483616952 -25.571228663931318 -1.4731654787846236 672.61254799835035 -0.00037560792225572402 0.00066904729251645288 1.4227275346482355e-08 0
2241 1 1 275616000 -192126061.08248898 5193365.2512823641 -2605192.2736330815 -4.3405261847908037 -25.581338593169377 -1.4690513655487254 672.61085206173948 -0.0003786377114690585 0.00067353921095508415 2.7854358237832506e-06 0
2242 1 1 275702400 -192487697.02529526 2982830.9584027138 -2731933.9315523012 -4.0308338204996446 -25.587837797979105 -1.4647527601042314 672.60914423006761 -0.00038178094247394461 0.00067794458871897536 5.5479574298022932e-06 0
2243 1 1 275788800 -192822616.8815431 771889.87336772738 -2858296.3062939551 -3.7221037499230487 -25.59076083604954 -1.4602720609544328 672.60742452638681 -0.00038503534707059307 0.00068226287452697351 8.3015147684910397e-06 0
2244 1 1 275875200 -193130905.205515 -1439150.5149897563 -2984263.768070329 -3.4143685208450569 -25.590142238130507 -1.4556116524641205 672.60569298053599 -0.00038839715286275226 0.00068649096144259719 1.1045898823913305e-05 0
2245 1 1 275961600 -193412649.32759833 -3649985.6996185547 -3109820.8924718928 -3.1076598497630465 -25.586016493829121 -1.4507739043049097 672.60394963088811 -0.00039186349361163485 0.00069062737492049751 1.3780844583716702e-05 0
2246 1 1 276048000 -193667939.28313795 -5860314.1510821646 -3234952.4591755383 -2.802008637566046 -25.578418037466836 -1.4457611709459552 672.60219451513262 -0.00039543434029068453 0.00069467552856632934 1.6506007401504683e-05 0
2247 1 1 276134400 -193896867.74264744 -8069837.3121869573 -3359643.4506097897 -2.4974449852259766 -25.567381234472489 -1.4405757911603934 672.60042765982757 -0.00039911044895769398 0.0006986402855396472 1.9221210914940601e-05 0
2248 1 1 276220800 -194099529.94334117 -10278259.591517784 -3483879.0505779046 -2.1939982084715464 -25.552940370039067 -1.4352200875523875 672.59864910329622 -0.00040288270225556947 0.00070250963757530107 2.1926347446209149e-05 0
2249 1 1 276307200 -194276023.62192386 -12485288.356031593 -3607644.6428420451 -1.8916968528350242 -25.535129637621964 -1.4296963661282409 672.59685890411276 -0.00040674820419616515 0.00070628238702279112 2.4621291812742709e-05 0
2250 1 1 276393600 -194426448.94873118 -14690633.922589812 -3730925.8096723324 -1.5905687093678496 -25.51398312674716 -1.4240069159128406 672.59505712486896 -0.00041070409056231531 0.00070995733296707188 2.7305772201906856e-05 0
2251 1 1 276480000 -194550908.46320385 -16894009.548498034 -3853708.3303639283 -1.2906408300048795 -25.489534811848316 -1.4181540085847482 672.59324382560476 -0.00041475048552659503 0.0007135383891206206 2.997962756450336e-05 0
2252 1 1 276566400 -194649507.01068693 -19095131.421102166 -3975978.1797229121 -0.99193954265681916 -25.461818541939557 -1.4121398981264097 672.59141906345678 -0.00041888440698780241 0.00071702425218163714 3.2642712670218077e-05 0
2253 1 1 276652800 -194722351.68050319 -21293718.646556653 -4097721.5265237438 -0.69449046578185947 -25.430868031519122 -1.4059668205156148 672.58958290667556 -0.00042310034506098552 0.00072040944633303128 3.5294812144749459e-05 0
2254 1 1 276739200 -194769551.7452969 -23489493.237802878 -4218924.7319412148 -0.39831852330084239 -25.396716851211949 -1.3996369934391526 672.58773543357677 -0.00042739542946920722 0.00072369302207496552 3.793576264033912e-05 0
2255 1 1 276825600 -194791218.60167354 -25682180.101739179 -4339574.3479587073 -0.10344795951248933 -25.35939841871452 -1.393152616035114 672.58587672788281 -0.00043176682084400527 0.00072687404365128568 4.0565361907644182e-05 0
2256 1 1 276912000 -194787465.71213898 -27871507.025603298 -4459657.1157528516 0.19009764541762902 -25.318945989060261 -1.3865158685749577 672.58400685104027 -0.00043622354475738955 0.00072997135132736623 4.3184580634462641e-05 0
2257 1 1 276998400 -194758408.54839426 -30057204.662495356 -4579159.9640488857 0.48229536014904739 -25.275392645445741 -1.3797289121576839 672.58212581656892 -0.00044077172738049444 0.00073299870157812503 4.5794291168338222e-05 0
2258 1 1 277084800 -194704164.53581649 -32239006.516347133 -4698070.0074635707 0.77312289031022796 -25.228771296013274 -1.372793888763272 672.58023367492683 -0.00044538920434108851 0.0007359228493834572 4.8392539991869247e-05 0
2259 1 1 277171200 -194624852.99904063 -34416648.926490642 -4816374.5448435871 1.0625585623104323 -25.179114663632607 -1.3657129208129977 672.57833044944925 -0.00045011157775641698 0.00073880608437705336 5.0984322371664091e-05 0
2260 1 1 277257600 -194520595.10925919 -36589871.050831214 -4934061.0575286616 1.3505813024248927 -25.126455268158153 -1.358488110150758 672.57641591223353 -0.00045500005784512734 0.00074175135731320227 5.3578349482930477e-05 0
2261 1 1 277344000 -194391513.83266723 -38758414.848582149 -5051117.2076093387 1.6371706347505952 -25.070825439869058 -1.3511215394361711 672.57448997906931 -0.00045995718544000882 0.00074460058682920285 5.6162801480532287e-05 0
2262 1 1 277430400 -194237733.8797186 -40922025.063140199 -5167530.8362196404 1.9223066466759247 -25.012257280248786 -1.3436152691859007 672.57255203378668 -0.0004653244643547842 0.0007479073373935401 5.8785186315065834e-05 0
2263 1 1 277516800 -194059381.65841171 -43080449.199891903 -5283289.9614282502 2.2059699591671502 -24.950782631218701 -1.3359713352648677 672.57060041241846 -0.00047118954097010064 0.00075180357825769596 6.1461955886351409e-05 0
2264 1 1 277603200 -193856585.22667235 -45233437.506987728 -5398382.7763844682 2.4881417659792788 -24.886433155499699 -1.3281917559939127 672.56863412857638 -0.00047720323798536817 0.00075572260057260739 6.4146509058188769e-05 0
2265 1 1 277689600 -193629474.24209502 -47380742.961772837 -5512797.64800194 2.7688038330851987 -24.819240351362907 -1.3202785341630376 672.56665327387839 -0.00048344305304617814 0.00075978450998864355 6.6851594295248674e-05 0
2266 1 1 277776000 -193378179.92099556 -49522121.243913107 -5626523.1144618671 3.0479382539238298 -24.749235184690654 -1.3122336230899116 672.56465160426035 -0.00049248845316284397 0.0007680159721011893 6.9960123331569296e-05 0
2267 1 1 277862400 -193102835.00998309 -51657330.690458909 -5739547.8809999013 3.3255276171077024 -24.676448372167002 -1.3040589519736152 672.56262237369276 -0.00050215692786091085 0.00077693692211371242 7.3168819443148646e-05 0
2268 1 1 277948800 -192803573.73094708 -53786132.294324018 -5851860.8196750646 3.6015550949168245 -24.600910538798541 -1.2957564406612159 672.560561607914 -0.00051421534862270476 0.0007892374559298306 7.6748038658186316e-05 0
2269 1 1 278035200 -192480531.75980616 -55908289.652009033 -5963450.9642682252 3.8760037270005325 -24.522651134195154 -1.2873278926357556 672.55844592190226 -0.00053628767064816871 0.00081644593725311806 8.1895193936676886e-05 0
2270 1 1 278121600 -192133846.26680264 -58023568.820020407 -6074307.4955982082 4.1488558583721629 -24.441697627564071 -1.2787749028241016 672.55621577890281 -0.00057677879415642 0.00087087973054596267 9.0009758886126762e-05 0
2271 1 1 278208000 -191763655.93559408 -60131738.208233826 -6184419.7295411592 4.4200945620185097 -24.358077712881702 -1.2700990722578953 672.55382077920763 -0.00062377322336717826 0.0009340044284794764 9.9366735075942115e-05 0
2272 1 1 278294400 -191370100.83572179 -62232568.697390124 -6293777.1277818466 4.689704494928101 -24.271820600101929 -1.2613021482821947 672.55124647009643 -0.00067356057707253225 0.0010000657713578468 0.0001094132477077148 0
2273 1 1 278380800 -190953322.33186844 -64325833.699441291 -6402369.3038059967 4.9576709347436427 -24.182955545239249 -1.2523858846816527 672.54848425860052 -0.00072632549134047622 0.001069230642138163 0.00012019311348738689 0
2274 1 1 278467200 -190513463.04383531 -66411309.141594782 -6510186.0214356342 5.2239795530877693 -24.091511522812027 -1.2433520084673995 672.5455246962249 -0.00078210047918942586 0.0011414355868990343 0.00013172541938628312 0
2275 1 1 278553600 -190050666.81197441 -68488773.443498835 -6617217.1926726736 5.4886164169943115 -23.997517244770098 -1.2342022217188346 672.54235789600023 -0.00084118534272836158 0.0012170036398653843 0.00014407470165756525 0
2276 1 1 278640000 -189565078.66412327 -70558007.493612945 -6723452.875444347 5.7515679704626148 -23.901001149017361 -1.2249382003930134 672.53897331938072 -0.0009038764485858337 0.0012962387183356502 0.00015730725775796786 0
2277 1 1 278726400 -189056844.78844929 -72618794.618513703 -6828883.2704601632 6.0128208580873777 -23.8019911643662 -1.2155615647296762 672.5353548400318 -0.00097269804770407098 0.0013825992978452914 0.00017188851011745086 0
2278 1 1 278812800 -188526112.52158517 -74670920.532017514 -6933498.7154645706 6.2723618978782909 -23.700514694233483 -1.2060738749878732 672.53148036171081 -0.0010479326165570132 0.0014762580897907324 0.00018790231941996532 0
2279 1 1 278899200 -187973030.31699643 -76714173.314316809 -7037289.6830702424 6.5301784899557864 -23.59659921379053 -1.1964767061381421 672.52733440304928 -0.001126630025731762 0.0015728603516819821 0.00020484145836179401 0
2280 1 1 278985600 -187397747.69324136 -78748343.420616329 -7140246.7824248523 6.7862584664766219 -23.490272067784037 -1.1867716238368184 672.52290387172502 -0.0012107816354831578 0.0016750417350573632 0.00022308512694517866 0
2281 1 1 279072000 -186800415.21490747 -80773223.644735441 -7242360.7552053835 7.0405898166713481 -23.381560098625883 -1.1769601368194651 672.51817019996133 -0.0013007475705222509 0.0017831017639185281 0.00024272065082968177 0
2282 1 1 279158400 -186181184.46483535 -82788609.09618111 -7343622.4733839743 7.2931610496727872 -23.270490164089491 -1.167043765741089 672.5131203484566 -0.0013937000896500132 0.0018929949348833399 0.0002632366893999581 0
2283 1 1 279244800 -185540207.99138144 -84794297.212456867 -7444022.941854476 7.5439612581936322 -23.157089229249436 -1.1570240585306188 672.50774883946508 -0.0014888800821467208 0.0020036041861105237 0.00028449127541236636 0
2284 1 1 279331200 -184877639.2690891 -86790087.753316909 -7543553.2988718357 7.7929798910753938 -23.041384060875075 -1.1469025511325521 672.50205128793561 -0.0015863460962603057 0.0021149429117616105 0.0003064937642156734 0
2285 1 1 279417600 -184193632.67112306 -88775782.779794767 -7642204.8145018285 8.0402066961855656 -22.92340116222767 -1.1366807587338048 672.49602300714514 -0.0016861834215248189 0.0022270588445321413 0.0003292592523051421 0
2286 1 1 279504000 -183488343.44375664 -90751186.631561726 -7739968.8888410218 8.2856317129485539 -22.803166775907933 -1.1263601760466273 672.48965906286514 -0.0017884939014016494 0.0023400211597865784 0.00035280758128403302 0
2287 1 1 279590400 -182761927.6817897 -92716105.904132575 -7836837.0502029536 8.5292452566215147 -22.68070687601687 -1.1159422761666247 672.48295409097091 -0.0018934722803075408 0.002453985667792927 0.0003771665864764945 0
2288 1 1 279676800 -182014542.30666393 -94670349.426119536 -7932800.9537393246 8.7710378701115204 -22.556047184945449 -1.1054285245281581 672.47590213542776 -0.0020014829535581545 0.0025689473098840392 0.00040227975989438495 0
2289 1 1 279763200 -181246345.0376187 -96613728.232777208 -8027852.3769252431 9.0110006321043272 -22.429213012539051 -1.0948202507138884 672.46849752727087 -0.0021089654983451893 0.0026869575168956875 0.00042966832414075267 0
2290 1 1 279849600 -180457488.1979686 -98546063.188505679 -8121984.4339517029 9.2492773127592578 -22.300419355757096 -1.0841491915420178 672.46494139660604 -0.0022226549088778858 0.0028044618577166506 0.00045628097738558169 0
2291 1 1 279936000 -179648181.89925539 -100467106.36769667 -8215179.062725055 9.483725340670679 -22.167036281339513 -1.0729935083395554 672.40639001495583 -0.03085561654724547 0.038382206872568034 0.0061455870636429157 0
2292 1 1 280022400 -178818814.1099737 -102376392.37804398 -8307383.0663311174 9.7142883123400523 -22.029052891887282 -1.06134142746155 672.29183365613517 -0.031657828106255788 0.039006214234093957 0.0063617980594956516 0
2293 1 1 280108800 -177969603.07939801 -104273672.67937277 -8398576.7914037313 9.9430486306363477 -21.889118710690258 -1.0496057501966094 672.17921337955204 -0.032451884168031582 0.039600537827723208 0.0065773935187771367 0
2294 1 1 280195200 -177100711.69106179 -106158771.34919003 -8488751.7355737798 10.169851169350039 -21.747075417857975 -1.0377588095583401 672.06445980957506 -0.03323558233032424 0.04016675929059068 0.0067921260796056327 0
2295 1 1 280281600 -176212309.34610966 -108031507.38494143 -8577898.3561032843 10.394690213291954 -21.602951319500818 -1.0258022344412263 671.9476325612967 -0.034008791374962787 0.040704964140867231 0.0070058852878090647 0
2296 1 1 280368000 -175304565.94060698 -109891702.1934886 -8666007.2614270728 10.61755995296501 -21.456773748431782 -1.0137379504875841 671.82877856923608 -0.034773782681374717 0.041220092723716115 0.007216594499309191 0
2297 1 3 280430001.23240519 -174641338.55900517 -111218763.34999615 -8728590.1152980719 10.776277140449178 -21.350627293154989 -1.0050143582181275 671.74230072879584 0 0 0 220
2298 1 1 280454400 -174377651.80007377 -111739179.64092146 -8753069.1774955187 10.83845714522797 -21.308573941807303 -1.0015660328739957 671.70801968864555 -0.035492812414898177 0.041643208378784879 0.0074545323549458364 0
2299 1 1 280540800 -173431737.29220569 -113573766.69241644 -8839074.6546532195 11.057383919604922 -21.158392113604535 -0.98928245521575309 671.58564311264865 -0.036135166626924953 0.04191992345832609 0.0077441777510481088 0
2300 1 1 280627200 -172466992.60385254 -115395293.74322352 -8924013.9018469583 11.274340241420152 -21.006263657397604 -0.97688496458174523 671.46185304877383 -0.036763632713106356 0.042165531088070987 0.00803735599966072 0
2301 1 1 280713600 -171483588.18225938 -117203593.74306451 -9007877.1391422804 11.489321432265143 -20.852214711695421 -0.96437507185750448 671.33669222133756 -0.037382979899420299 0.042389472553833372 0.0083299223270549456 0
2302 1 1 280800000 -170481694.87009707 -118998501.88246405 -9090654.7200282719 11.702323128887787 -20.696271213297987 -0.95175426710612698 671.21020500843099 -0.037991952452715153 0.042590264346094926 0.0086223830387046306 0
2303 1 1 280886400 -169461483.87080497 -120779855.58923821 -9172337.1234905776 11.913341319389737 -20.538458972993709 -0.93902398346424842 671.08243879599331 -0.038590220987182955 0.04276812567752019 0.0089144998322477249 0
2304 1 1 280972800 -168423126.7237674 -122547494.50812061 -9252914.953221431 12.1223722380909 -20.378803497960064 -0.92618567434116883 670.95344082047473 -0.039177458894445134 0.042923287208700797 0.0092060318374573968 0
2305 1 1 281059200 -167366795.28317848 -124301260.47491156 -9332378.9391949251 12.329412361973045 -20.217330000077411 -0.91324080943306118 670.82325832136394 -0.039753344352555127 0.04305598774848314 0.0094967433466268385 0
2306 1 1 281145600 -166292661.6974462 -126040997.49094586 -9410719.9390530773 12.534458402139975 -20.054063395516891 -0.90019087426449773 670.69193853295678 -0.040317560147370965 0.043166474355031577 0.0097864025952871404 0
2307 1 1 281232000 -165200898.38932842 -127766551.69752973 -9487928.939459607 12.737507295394991 -19.889028304447052 -0.88703736987248927 670.55952867675001 -0.040869793722042032 0.043255001964572271 0.01007478158391337 0
2308 1 1 281318400 -164091678.03679475 -129477771.35035925 -9563997.0574265104 12.9385561958705 -19.722249050891737 -0.87378181248870923 670.42607595379548 -0.041409737557964107 0.043321833390562017 0.010361656133838009 0
2309 1 1 281404800 -162965173.55459744 -131174506.7939211 -9638915.5416153446 13.137602467041052 -19.553749662414393 -0.86042573330078709 670.29162753719561 -0.041937086873693713 0.043367241293814043 0.010646804584133054 0
2310 1 1 281491200 -161821558.07659227 -132856610.4359256 -9712675.7736548595 13.33464367162922 -19.383553871834508 -0.84697067912924873 670.15623056489744 -0.04245156823864453 0.043391481150346189 0.010930005913763714 0
2311 1 1 281577600 -160661007.47849417 -134523934.16956571 -9785268.6082027219 13.52961457516985 -19.211621812768751 -0.83340180811265474 670.01838125456925 -0.042952871165820986 0.043394823735002676 0.011211168248305032 0
2312 1 1 281664000 -159483674.24361476 -136176355.62621522 -9856691.162473958 13.723394925534704 -19.038863585746746 -0.81994997948842907 669.89984234691326 -0.031717193486837117 0.031595084814101088 0.0084386891222549432 0
2313 1 1 281750400 -158289638.36984351 -137813827.2053037 -9926959.6716215666 13.915985651591368 -18.865295541415801 -0.80662029681409342 669.80061862636353 -0.032156431230817822 0.031655515211839229 0.0086659467021203505 0
2314 1 1 281836800 -157079052.29030243 -139436229.55640689 -9996072.0148869585 14.106505424125279 -18.690046801518474 -0.79318821797854877 669.69900344168366 -0.032581967634440011 0.031696869358434424 0.0088903965173780485 0
2315 1 1 281923200 -155852092.11816949 -141043421.36153254 -10064020.155560717 14.295015283263973 -18.513203224584139 -0.77967141178967958 669.59659727699523 -0.032994096610907728 0.031718699698540763 0.009112555975920698 0
2316 1 1 282009600 -154608931.58280528 -142635265.76984197 -10130796.838183034 14.481513568981363 -18.334786590333312 -0.76607138903311567 669.49344663412569 -0.033392420129089537 0.031721501463300078 0.0093320453794099624 0
2317 1 1 282096000 -153349744.55049407 -144211627.79933697 -10196394.939304814 14.665998767076216 -18.154818384211939 -0.75238969031326097 669.38959793939762 -0.033776693132461864 0.031705576914718106 0.0095486706560957424 0
2318 1 1 282182400 -152074705.01289102 -145772374.31249908 -10260807.46912146 14.84846948872892 -17.973319817030998 -0.73862786887640697 669.28509753527305 -0.034146668273978879 0.031671242817191997 0.0097622320494499901 0
2319 1 1 282268800 -150783987.07641667 -147317373.99253923 -10324027.572637482 15.028924465021554 -17.790311824752159 -0.72478749202691739 669.17999167810433 -0.034502103284321739 0.031618820667725304 0.0099725326624280856 0
2320 1 1 282355200 -149477764.95219016 -148846497.31972227 -10386048.530871738 15.207362540178327 -17.605815070164894 -0.71087014091194023 669.07432653524268 -0.034842761177378619 0.031548636311112425 0.01017937854008737 0
2321 1 1 282441600 -148156212.94654173 -150359616.54783875 -10446863.762046222 15.383782664916223 -17.41984994461157 -0.69687741035736972 668.96814818238101 -0.035168410240550549 0.031461019804967537 0.010382578518324265 0
2322 1 1 282528000 -146819505.45209596 -151856605.68082958 -10506466.822761387 15.558183889872744 -17.232436569799177 -0.68281090871728223 668.8615026010815 -0.035478824151883699 0.031356305190723036 0.010581944196850422 0
2323 1 1 282614400 -145467816.93942016 -153337340.44957072 -10564851.409158485 15.730565359097325 -17.043594799690535 -0.66867225772416905 668.75443567621528 -0.035773782123649643 0.031234830440420532 0.010777289933485451 0
2324 1 1 282700800 -144101321.94923282 -154801698.28882474 -10622011.35806952 15.900926303613238 -16.853344222479748 -0.65446309235594957 668.64699319353474 -0.036053068916145972 0.03109693714620165 0.010968432622436325 0
2325 1 1 282787200 -142720195.08516362 -156249558.31436694 -10677940.648156319 16.069266035059254 -16.661704162653084 -0.64018506071030745 668.53922083749092 -0.036316474836519036 0.030942970427537568 0.011155191798073201 0
2326 1 1 282873600 -141324611.00706026 -157680801.30029306 -10732633.401038781 16.235583939414202 -16.468693683135047 -0.62583982388783121 668.43116418937427 -0.03656379571361415 0.030773278627834966 0.011337389395332792 0
2327 1 1 282960000 -139914744.4248344 -159095309.65651464 -10786083.882414121 16.399879470778068 -16.274331587481665 -0.61142905589330043 668.32286872507768 -0.036794833264645839 0.030588213597652979 0.01151484978056092 0
2328 1 1 283046400 -138490770.09283006 -160492967.40642768 -10838286.503178123 16.562152145519025 -16.07863642168785 -0.59695444379123519 668.21437981286647 -0.037009395550029946 0.030388128801226121 0.011687400254236063 0
2329 1 1 283132800 -137052862.80508268 -161873660.16536313 -10889235.820233423 16.722401525631838 -15.881626493456245 -0.58241767873373784 668.10574271690734 -0.037207361299691842 0.030173276851466632 0.011854925388043402 0
2330 1 1 283219200 -135601197.38872755 -163237275.11546466 -10938926.539239749 16.880627308153425 -15.683319722476778 -0.56782053485491402 667.99700256430242 -0.037387505240502578 0.029945683352682741 0.012016385746848397 0
2331 1 1 283305600 -134135923.56742847 -164583720.38908139 -10987361.75209691 17.037452373824923 -15.484215406481441 -0.55336891017055834 667.90205542167882 -0.037552731391004311 0.029700805818598033 0.012174073495256975 0
2332 1 1 283392000 -132657424.44696039 -165912725.27599344 -11034468.28363714 17.184149527026801 -15.277587022443939 -0.53620627259970832 667.62700358634459 -0.15333975324663979 0.11875286380479204 0.050217042395794977 0
2333 1 1 283478400 -131166802.23544492 -167223466.70677134 -11079937.056073749 17.320690611293848 -15.063488139612883 -0.51630832010953154 667.17198169991389 -0.15373612772840528 0.11786149720731241 0.050691645442656079 0
2334 1 1 283564800 -129664443.60962494 -168515682.34438851 -11123691.668871362 17.455784763535743 -14.848720072438299 -0.49651358633777126 666.73107196674152 -0.1541098019551338 0.11695390255294519 0.051158722529501259 0
2335 1 1 283651200 -128150502.15603137 -169789292.82573012 -11165731.813356025 17.588811984515058 -14.632816243585765 -0.47662196318263367 666.29046543512072 -0.15446031632829318 0.11603110265193377 0.051617742805974268 0
2336 1 1 283737600 -126625156.36302225 -171044200.7981284 -11206049.224352447 17.719774474709332 -14.415794585180635 -0.4566359038822696 665.85021256804168 -0.15478761772388006 0.11509338737050813 0.052068708265005842 0
2337 1 1 283824000 -125088584.52555861 -172280310.4432804 -11244635.848232698 17.848674510467909 -14.197672679735589 -0.4365578545691568 665.41036358732595 -0.15509158814151661 0.11414118333109551 0.052511522466016813 0
2338 1 1 283910400 -123540964.7387124 -173497527.44639686 -11281483.84282681 17.975514440677905 -13.978467748822313 -0.41639026381041194 664.97096847258661 -0.15537212203807105 0.11317490753766407 0.052946096919298656 0
2339 1 1 283996800 -121982474.89187458 -174695758.96516052 -11316585.577588094 18.100296675907135 -13.758196656162101 -0.39613558175498637 664.53207695720789 -0.15562912133377652 0.11219497701123157 0.05337234437430495 0
2340 1 1 284083200 -120413292.66385674 -175874913.59888428 -11349933.633738151 18.223023678466916 -13.536875909428124 -0.37579626032164287 664.09373852542797 -0.15586249471508962 0.11120180805913422 0.053790179033479803 0
2341 1 1 284169600 -118833595.51884565 -177034901.35783434 -11381520.804425731 18.343697952579745 -13.314521662237096 -0.35537475333459506 663.65600240974209 -0.15607215787479153 0.11019581674144278 0.054199516666982431 0
2342 1 1 284256000 -117243560.70320426 -178175633.6327289 -11411340.094897948 18.462322034621863 -13.091149716240171 -0.33487351668595344 663.21891758777326 -0.1562580335155862 0.10917741854742719 0.054600274264907857 0
2343 1 1 284342400 -115643365.24311091 -179297023.16442442 -11439384.722687112 18.578898483488668 -12.866775523382293 -0.31429500852351239 662.78253277996794 -0.15642005098814471 0.10814702795932159 0.054992370143410185 0
2344 1 1 284428800 -114033185.94302589 -180398984.01380372 -11465648.117813969 18.693429871069217 -12.641414188282621 -0.293641689448152 662.34689644748289 -0.15655814641359062 0.10710505864872656 0.055375723801493991 0
2345 1 1 284515200 -112413199.3849766 -181481431.53187314 -11490123.923008619 18.805918772819386 -12.415080470716568 -0.27291602272073018 661.91205679000598 -0.15667226242413215 0.10605192324951568 0.055750256035585588 0
2346 1 1 284601600 -110783581.92865267 -182544282.33008 -11512805.993949646 18.916367758446096 -12.187788788230515 -0.25212047448353336 661.47806174406162 -0.15676234811576656 0.10498803313496036 0.056115888728033157 0
2347 1 1 284688000 -109144509.7123021 -183587454.25086042 -11533688.39952334 19.02477938268008 -11.959553218855289 -0.23125751399598485 661.0449589812556 -0.15682835904108505 0.10391379854247877 0.056472544965696515 0
2348 1 1 284774400 -107496158.65441884 -184610866.33842376 -11552765.422104988 19.131156176168133 -11.730387503854017 -0.21032961391861527 660.61279590654078 -0.15687025718699391 0.1028296281101108 0.056820148929020549 0
2349 1 1 284860800 -105838704.45627956 -185614438.80992818 -11570031.557786666 19.235500634717727 -11.50030505458524 -0.18933924850595726 660.18161965815523 -0.15688801727501342 0.10173591412417195 0.05715863368558817 0
2350 1 1 284947200 -104172322.60457423 -186598093.02534941 -11585481.517455837 19.337815234011156 -11.269318901235147 -0.16828892256061806 659.7514770936242 -0.15688139132493797 0.10063357322804525 0.057487655992292844 0
2351 1 1 285033600 -102497205.61976402 -187561740.1334565 -11599103.981831608 19.437674574716628 -11.037160940966654 -0.14702615005508091 659.31342829970197 -0.15685158551409861 0.099520210409410934 0.057808628920315214 0
2352 1 1 285120000 -100813385.63475013 -188505397.71179202 -11610945.816174319 19.541072010454862 -10.807781614555834 -0.12772213799456886 658.99331910126455 -0.078457205231447363 0.046937978187466207 0.029750726985718463 0
2353 1 1 285206400 -99120401.199684232 -189429407.68941814 -11621233.027538307 19.648019031508255 -10.58116763547152 -0.11039272542292622 658.79095135297928 -0.078355285380817485 0.046236968422779919 0.029904633009671555 0
2354 1 1 285292800 -97418283.070541486 -190333785.97742698 -11630014.676792573 19.752528742043658 -10.353364927282964 -0.092881860262583299 658.58044363952035 -0.078229206472356913 0.045536413615069361 0.030045995072903574 0
2355 1 1 285379200 -95707222.089907601 -191218443.38479924 -11637282.293197928 19.85502952388865 -10.124667641929346 -0.075345994579660361 658.37082794834714 -0.078082723905216686 0.044827460108277456 0.03017951024390296 0
2356 1 1 285465600 -93987391.819173038 -192083303.0995689 -11643033.802769311 19.955521610338327 -9.8950867897837878 -0.057787149428561946 658.16214677858636 -0.077914949150828611 0.044112657003906326 0.03030395581026598 0
2357 1 1 285552000 -92258965.800534293 -192928289.24067178 -11647267.312269105 20.054005189107997 -9.6646329653436425 -0.040207459060838696 657.9544424999043 -0.077725912990318197 0.043392279907725227 0.030419283879438808 0
2358 1 1 285638400 -90522117.56596452 -193753326.83406129 -11649981.112857956 20.150480309548268 -9.4333165672213575 -0.022609059479955122 657.74775729955957 -0.077515606542521612 0.042666716296605629 0.030525389182842994 0
2359 1 1 285724800 -88777020.648997337 -194558341.79493424 -11651173.680787899 20.244946885233876 -9.2011477818640657 -0.004994099225418238 657.54213318851612 -0.077284026408770856 0.041936353758153973 0.030622166901267789 0
2360 1 1 285811200 -87023848.596711352 -195343260.90960827 -11650843.678480815 20.337404688121133 -8.9681365883824853 0.012635260722108757 657.33761200075139 -0.077031174759619625 0.041201578895740838 0.030709513110395902 0
2361 1 1 285897600 -85262774.982206076 -196108011.8177959 -11648989.95561227 20.427853342999413 -8.7342927629033067 0.030276846728037824 657.13423539366102 -0.076757058991549804 0.040462777218870156 0.030787324473388424 0
2362 1 1 285984000 -83493973.4175556 -196852522.99525586 -11645611.550214941 20.516292321960286 -8.4996258829604816 0.047928472271107275 656.93204484829641 -0.076461692141899892 0.039720333296617304 0.030855498307735155 0
2363 1 1 286070400 -81717617.567240581 -197576723.7368266 -11640707.689802034 20.602720938892798 -8.264145331943654 0.065587937708995889 656.73108166960242 -0.076145092431490105 0.038974630519570307 0.03091393249674711 0
2364 1 1 286156800 -79933881.162053064 -198280544.13984635 -11634277.79251099 20.687138344002847 -8.0278603036021874 0.083253030049053017 656.53138698659995 -0.075807283667972236 0.038226051280172181 0.030962525643825796 0
2365 1 1 286243200 -78142938.013474956 -198963915.08796498 -11626321.468267124 20.769543518362241 -7.7907798066078815 0.10092152270615744 656.33300175273246 -0.075448294679795941 0.037474976707365278 0.031001176753545218 0
2366 1 1 286329600 -76344962.028524935 -199626768.23535281 -11616838.519969245 20.8499352684982 -7.5529126691893405 0.11859117524460691 656.13596674664643 -0.075068159580897437 0.036721786721717539 0.031029785350581023 0
2367 1 1 286416000 -74540127.225072816 -200269035.99131197 -11605828.944697127 20.928312220986282 -7.3142675438126759 0.13625973312825618 655.94032257258937 -0.074666917633499669 0.035966860096907777 0.031048251452830935 0
2368 1 1 286502400 -72728607.747620478 -200890651.50529826 -11593292.93493971 21.004672817055837 -7.074852911990603 0.15392492748843215 655.74610966106513 -0.074244613223162198 0.035210574287182064 0.031056475391318401 0
2369 1 1 286588800 -70910577.883534744 -201491548.65229538 -11579230.879883312 21.079015307596624 -6.8346770873347937 0.1715844737848653 655.55336826935593 -0.073801293213789435 0.034453316584795939 0.031054351567000822 0
2370 1 1 286675200 -69086212.079826802 -202071662.01906458 -11563643.366439471 21.151337744524845 -6.5937482377723642 0.18923608229202579 655.36213848565887 -0.073337043169878602 0.033695295814650167 0.031041886386389203 0
2371 1 1 286761600 -67255697.710053638 -202630921.20085865 -11546525.718532789 21.221321749052336 -6.3519332102229864 0.20701289901388409 655.16624957891361 -0.072851759005426411 0.032937717682401502 0.031018496954952957 0
2372 1 1 286848000 -65419103.966433473 -203169309.38565829 -11527924.144081559 21.293392172459644 -6.1112176034866943 0.22301671610743054 655.05268241000044 -0.014791854285191711 0.0064988321086952641 0.0063279036433229819 0
2373 1 1 286934400 -63576135.451932333 -203686972.44762969 -11508041.60596792 21.367561298047118 -5.8715859160328261 0.23722840156548269 655.02160858697664 -0.014079799679844265 0.006079652105860288 0.0060581775870522147 0
2374 1 1 287020800 -61726859.790154554 -204183891.61883646 -11486927.046105856 21.439411558933894 -5.6310457034534211 0.25152629949831173 654.98626722597521 -0.013336618388353502 0.0056621894957763373 0.0057709768714971988 0
2375 1 1 287107200 -59871462.91049993 -204659995.31895781 -11464579.329158418 21.509255707115432 -5.3897476420130133 0.26577323221267052 654.95293065324427 -0.012562405905347001 0.0052415111705757713 0.0054669640559432617 0
2376 1 1 287193600 -58010118.257158972 -205115218.41280279 -11441002.983587973 21.577091064295551 -5.1476996261245898 0.27996627027948784 654.92167415168842 -0.011755088983531383 0.0048193347103538814 0.0051446293157431872 0
2377 1 1 287280000 -56142999.504168674 -205549496.43854561 -11416202.799114726 21.642914977345022 -4.9049093948421474 0.2941023087744738 654.89257719497118 -0.010913014454176662 0.0043954922400038458 0.0048030119474932707 0
2378 1 1 287366400 -54270280.555462934 -205962765.60371959 -11390183.839243524 21.706724779025436 -4.661384701217604 0.30817811321677036 654.8657236617322 -0.010034455957395907 0.0039699336797358042 0.0044410821135751431 0
2379 1 1 287452800 -52392135.545981362 -206354962.78560859 -11362951.452840988 21.768517786019736 -4.4171332950030848 0.32219031335341114 654.84120177065176 -0.0091178101721360941 0.0035426896629940979 0.0040578503337911414 0
2380 1 1 287539200 -50508738.842176013 -206726025.53145483 -11334511.286407914 21.828291315656323 -4.1721629328949481 0.33613539235669954 654.81910447725966 -0.0081619386383438713 0.0031139879814444963 0.0036525249623290948 0
2381 1 1 287625600 -48620265.050229542 -207075892.05605713 -11304869.293182425 21.88604227170104 -3.9264812266974123 0.35000986990006727 654.79952153185025 -0.0071770603232536555 0.0026882715800916638 0.0032294392264977803 0
2382 1 1 287712000 -46726889.276997969 -207404501.1472477 -11274031.627953691 21.94176034971823 -3.6800931751218258 0.36381338395043666 654.78240833567224 -0.0062522242926909537 0.0022984802394460367 0.002828779998693496 0
2383 1 1 287798400 -44828787.940295652 -207711791.87711337 -11242004.290861987 21.995426973344493 -3.4330009396952974 0.37754922699965143 654.7675659307647 -0.0054132131581807654 0.0019525029882503165 0.0024627274872173204 0
2384 1 1 287884800 -42926139.209123321 -207997703.46659896 -11208792.93291788 22.047020189137083 -3.1852058218177963 0.39122218990834895 654.75473609053358 -0.0046839048605623584 0.0016569120194671503 0.0021428289902324267 0
2385 1 1 287971200 -41019123.228607126 -208262175.23782399 -11174402.756181367 22.096517012696388 -2.9367091555168372 0.40483750791024387 654.74364667284885 -0.0040527657923639729 0.0014054281865232077 0.001864547563567685 0
2386 1 1 288057600 -39107922.075051077 -208505146.66525823 -11138838.536484828 22.143895598594977 -2.6875130837335846 0.41839986798816209 654.73405341176658 -0.0035132860639660473 0.0011938101250768521 0.0016255629848359657 0
2387 1 1 288144000 -37192719.691523753 -208726557.43246567 -11102104.655740546 22.189134543359096 -2.4376202884320533 0.43191371734998363 654.72572634052892 -0.0030605688532039581 0.0010185437856901043 0.0014242494964960301 0
2388 1 1 288230400 -35273701.846126638 -208926347.47917911 -11064205.124642203 22.2322131153269 -2.1870340517972378 0.44538314885632901 654.71845410698006 -0.0026847444267828237 0.00087463371492216171 0.0012566168123559248 0
2389 1 1 288316800 -33351056.0371354 -209104457.06434444 -11025143.630899582 22.273112150776321 -1.9357585255084193 0.45881147105550607 654.71206108051706 -0.0023691833901688373 0.00075519484662848828 0.0011154062407608609 0
2390 1 1 288403200 -31424971.350396257 -209260826.84202087 -10984923.611023292 22.311813856241088 -1.6837986304688362 0.47220128486786972 654.70640342827517 -0.0021062580999591986 0.00065659129871487151 0.00099746384187248327 0
2391 1 1 288489600 -29495638.424928442 -209395397.90037408 -10943548.272286803 22.348300031470469 -1.4311594785415105 0.48555531324638657 654.70133493372953 -0.0018867097994415729 0.0005749346114940656 0.00089877186744174412 0
2392 1 1 288576000 -27563248.85251398 -209508111.96697566 -10901020.887007842 22.382572103938468 -1.1778523307551638 0.49886679588872124 654.69709087160595 -0.0014809218138704162 0.00044084268311389151 0.00070969028519948481 0
2393 1 1 288662400 -25627994.335892536 -209598911.68207678 -10857345.204326587 22.414608663499873 -0.9238818355290378 0.51213978606727883 654.69347408841486 -0.0014081963519783482 0.00040936189473729035 0.00067885930726019523 0
2394 1 1 288748800 -23690069.929432571 -209667739.65084428 -10812523.908330344 22.444373234828486 -0.66924846476725319 0.52538547248323975 654.69000412094272 -0.0013385225727461714 0.0003798011411253997 0.00064912260595212834 0
2395 1 1 288835200 -21749672.368548021 -209714538.97484672 -10766559.422876053 22.47185559002342 -0.41396086435173279 0.53860240072554211 654.68670888012775 -0.0012709511276359194 0.00035180663059337247 0.00062004558129491721 0
2396 1 1 288921600 -19806999.363383863 -209739253.48324171 -10719454.260031817 22.497043494734918 -0.15802726216715407 0.55178993476533356 654.68358297782947 -0.0012053852789555748 0.00032531173215212951 0.00059159190945553772 0
2397 1 1 289008000 -17862249.693089966 -209741827.72103238 -10671210.987113504 22.519924430626386 0.098543999677002808 0.56494743510078005 654.68062079193442 -0.0011420377396681675 0.00030032638699775845 0.00056387988914871992 0
2398 1 1 289094400 -15915623.230864109 -209722206.95917469 -10621832.226783352 22.540485597266589 0.35574445577618485 0.57807425668620305 654.67781654522764 -0.0010808296525076772 0.00027678057739319978 0.00053688560575263519 0
2399 1 1 289180800 -13967320.967430277 -209680337.20581087 -10571320.658029743 22.558713922932505 0.61356550667542542 0.59116974219266893 654.67516455299244 -0.0010218146922762439 0.0002546399517908778 0.00051065059677765428 0
2400 1 1 289267200 -12017545.035178043 -209616165.21800494 -10519679.016947301 22.574596051724416 0.87199841436826941 0.60423322689869885 654.67265901718963 -0.00096504019126881688 0.00023386751848049014 0.00048521407526824349 0
2401 1 1 289353600 -10066498.732234389 -209529638.51417506 -10466910.097681509 22.588118355515526 1.1310342914195728 0.617264031193277 654.67029429513343 -0.00091054574995604346 0.00021442348666167791 0.00046061216700042618 0
2402 1 1 289440000 -8114386.5469904719 -209420705.38708803 -10413016.753283674 22.59926686458456 1.3906641096114862 0.63026149397821185 654.66806361371721 -0.0008606288188199359 0.00019678383476165638 0.00043803076313171635 0
2403 1 1 289526400 -6161414.2396525452 -209289314.90483773 -10358001.867526142 22.608025709929453 1.6508790354772673 0.64322576968431422 654.665929337595 -0.00083462697914864789 0.00018514136925055111 0.00042741160436145557 0
2404 1 1 289612800 -4207789.0072214603 -209135416.89512557 -10301868.283613082 22.614378236883674 1.9116701475550379 0.65615726930944707 654.66384428067431 -0.0008198806259498147 0.0001762906013700965 0.0004224517573735885 0
2405 1 1 289699200 -2253719.428661271 -208958961.98115698 -10244618.844574967 22.61830895889489 2.1730279907896803 0.66905566052422094 654.66178907225469 -0.00080990477987548642 0.00016864679176863194 0.00041989761706430863 0
2406 1 1 289785600 -299415.40258485032 -208759901.61819965 -10186256.438396288 22.619802752394161 2.4349427745783347 0.68192026570593378 654.65975680611029 -0.00080112232871253953 0.00016138792237795663 0.0004179300985230291 0
2407 1 1 289872000 1654911.8653069267 -208538188.11837298 -10126784.018481312 22.618844393726437 2.6974044734514311 0.69475029429078683 654.65774423043308 -0.00079397217612856702 0.00015457799683997711 0.00041678771922854088 0
2408 1 1 289958400 3609049.8372714124 -208293774.66780552 -10066204.605083894 22.615418272538204 2.9604028792763986 0.7075449891969654 654.6557463065767 -0.00078889025191180716 0.00014826705811798497 0.00041671567149738657 0
2409 1 1 290044800 5562784.6167309284 -208026615.34415299 -10004521.285919851 22.609508601695069 3.2239275506739964 0.72030351554972716 654.65376025974035 -0.00078382326868674766 0.00014203464890256273 0.00041664601214591352 0
2410 1 1 290131200 7515900.9387392709 -207736665.13816684 -9941737.2260148358 22.601099443839463 3.4879678009815289 0.73302494407322116 654.65178612560101 -0.00077883870449096699 0.00013589117223693391 0.00041661543609744598 0
2411 1 1 290217600 9468182.1466416772 -207423879.97322819 -9877855.6705115978 22.590174512011398 3.7525127281344135 0.74570835396886248 654.64982297404083 -0.00077440252945061387 0.00012991577363535603 0.00041687387485181925 0
2412 1 1 290304000 11419410.162043475 -207088216.72443914 -9812879.9440788552 22.576717197445554 4.0175511992178787 0.75835281701927859 654.64786947605273 -0.00077031367594589204 0.00012406371959787811 0.00041731848622030855 0
2413 1 1 290390400 13369365.460312445 -206729633.23958221 -9746813.4533769321 22.560710635736285 4.2830718291306118 0.77095736071545617 654.6459252052075 -0.00076615478303098089 0.0001182604915742318 0.00041772674102775933 0
2414 1 1 290476800 15317827.048123265 -206348088.36124018 -9679659.6907696016 22.54213768247276 4.5490629755000684 0.78352097947765542 654.64399020564156 -0.00076198888259564773 0.00011251646677695748 0.00041813253779119346 0
2415 1 1 290563200 17264572.437156588 -205943541.94909716 -9611422.2361154333 22.520980875791306 4.8155127349196603 0.79604265328224 654.64206430736385 -0.00075786875199568597 0.00010683925139971083 0.00041856483222397876 0
2416 1 1 290649600 19209377.617152702 -205515954.90302166 -9542104.758336572 22.497222451158557 5.0824089301445019 0.80852133823557149 654.64014744080953 -0.00075367437758362492 0.00010121035951004519 0.00041895811498563075 0
2417 1 1 290736000 21152017.030141167 -205065289.18723878 -9471711.0177508984 22.470844343338083 5.349739099239307 0.82095596405946591 654.63823970449732 -0.00074940998797673681 9.5631000000520424e-05 0.00041931427431296764 0
2418 1 1 290822400 23092263.543799251 -204591507.85529238 -9400244.8680509515 22.441828173594079 5.6174904866766999 0.83334543971082931 654.63634114780518 -0.00074509877631867127 9.0104687109908972e-05 0.00041964586328462159 0
2419 1 1 290908800 25029888.424306456 -204094575.07588181 -9327710.2581222802 22.410155249297116 5.8856500322979652 0.84568865227962253 654.63445178992094 -0.00074073898009469996 8.4631729275088109e-05 0.00041995149058674674 0
2420 1 1 290995200 26964661.309326723 -203574456.15968022 -9254111.234046977 22.375806566259417 6.1542043597515654 0.8579844643694573 654.63257168964435 -0.00073630648606508818 7.9210026004580727e-05 0.0004202170334349702 0
2421 1 1 291081600 28896350.181070723 -203031117.58714601 -9179451.9412638936 22.338762807227422 6.4231397651701174 0.87023171367487295 654.63070093931333 -0.00073180210095672609 7.3840548813413468e-05 0.00042044232348339251 0
2422 1 1 291168000 30824721.339092135 -202464527.03730923 -9103736.6266862955 22.299004338900954 6.6924422057499147 0.88242921345079739 654.62883962821388 -0.00072722661565448299 6.8524255636533301e-05 0.00042062717768178494 0
2423 1 1 291254400 32749539.372945175 -201874653.41756925 -9026969.640843153 22.256511211107576 6.9620972878087342 0.8945757518287808 654.62698784521319 -0.00072258086386930238 6.3262090748979232e-05 0.00042077143222271358 0
2424 1 1 291340800 34670567.134769492 -201261466.89453557 -8949155.4400763381 22.211263155961554 7.2320902545830288 0.90667009120106035 654.62514567869744 -0.00071786570370920683 5.8054988106286344e-05 0.00042087492857562336 0
2425 1 1 291427200 36587565.711808331 -200624938.92593583 -8870298.5887915809 22.163239587160131 7.502405973740621 0.91871096759130477 654.62331321659178 -0.00071308200643277562 5.2903870036359131e-05 0.00042093750589285406 0
2426 1 1 291513600 38500294.398872167 -199965042.29361477 -8790403.7617643084 22.112419599418885 7.773028924599366 0.93069709001781253 654.62149054630618 -0.000708230929853853 4.7809626267714292e-05 0.00042095918406114913 0
2427 1 1 291600000 40408510.670750611 -199281751.1376504 -8709475.7464953363 22.058781967782785 8.0439431850579055 0.94262714001391834 654.61967774929133 -0.00070331677080508886 4.2773255815895633e-05 0.00042094188532418688 0
2428 1 1 291686400 42311970.154582381 -198575040.99161217 -8627519.4456147552 22.002305147627609 8.3151324182007986 0.95449977081579773 654.61787490592008 -0.00069833743834572565 3.7795477232255355e-05 0.00042088365052338027 0
2429 1 1 291772800 44210426.60225226 -197844888.81899175 -8544539.8793686721 21.942967274861267 8.5865798585932662 0.96631360651962961 654.61608210094141 -0.00069329357574460324 3.2877149947194639e-05 0.00042078414281484746 0
2430 1 1 291859200 46103631.86278031 -197091273.05082923 -8460542.1881591827 21.88074616582238 8.8582682982758953 0.97806724152220592 654.61429941946062 -0.00068818555963715662 2.8019103486792626e-05 0.00042064285793478603 0
2431 1 1 291945600 47991335.854723223 -196314173.62456456 -8375531.6351405922 21.815619317573699 9.1301800724206128 0.98975923983083958 654.61252694681764 -0.00068301435163241168 2.3222175448730735e-05 0.00042045963832477827 0
2432 1 1 292032000 49873286.538606763 -195513572.02414286 -8289513.6088740509 21.747563908364349 9.4022970446550556 1.0013881343841033 654.61076476774826 -0.00067778093118608788 1.8487191697530097e-05 0.00042023432994898286 0
2433 1 1 292118400 51749229.889411099 -194689451.32140204 -8202493.6260434333 21.676556798382752 9.6746005920413509 1.0129524263181351 654.60901296695215 -0.00067248628487483859 1.3814925541912273e-05 0.00041996679293008343 0
2434 1 1 292204800 53618909.869119152 -193841796.21877351 -8114477.3342275312 21.60257453035203 9.9470715897008866 1.0244505844696732 654.60727162196247 -0.0006671361664910212 9.2060604269364306e-06 0.0004196599241801904 0
2435 1 1 292291200 55482068.399324313 -192970593.09332705 -8025470.5147138862 21.525593330611869 10.219690395084331 1.0358810447167519 654.60554080076088 -0.00066173269251827466 4.6612459432624615e-06 0.00041931434377943862 0
2436 1 1 292377600 57338445.333988227 -192075830.04218957 -7935479.0853992701 21.445589111407852 10.492436831898301 1.0472422086995978 654.60382057818674 -0.00065627086524185075 1.8128813854057285e-07 0.00041892607567052835 0
2437 1 1 292464000 59187778.432391733 -191157496.92936802 -7844509.1037908867 21.362537472684 10.765290173661953 1.0585324430156473 654.60211103715562 -0.00065075172361039023 -4.2330509048627869e-06 0.00041849495403820195 0
2438 1 1 292550400 61029803.332210779 -190215585.43401024 -7752566.770050576 21.276413703637203 11.038229126871416 1.0697500787458842 654.60041225936948 -0.0006451763123695558 -8.5810595392139315e-06 0.00041802082670735688 0
2439 1 1 292636800 62864253.522767872 -189250089.10013625 -7659658.4300981192 21.18719278508096 11.311231813784705 1.080893410651478 654.59872432596592 -0.00063954568984753331 -1.2862042938205027e-05 0.00041750354133173807 0
2440 1 1 292723200 64690860.318499938 -188261003.38787451 -7565790.5787835103 21.094849392098812 11.584275754819707 1.0919606963795903 654.59704731750685 -0.00063386092726250742 -1.7075324592770707e-05 0.00041694294794419634 0
2441 1 1 292809600 66509352.832670152 -187248325.72623527 -7470969.8631282849 20.999357897039314 11.857337850556121 1.1029501556584032 654.59538131397483 -0.00062812310645970451 -2.1220247539411115e-05 0.00041633889575516789 0
2442 1 1 292896000 68319457.951353818 -186212055.56745675 -7375203.0856368886 20.900692372870918 12.130394363335617 1.113859969481461 654.59372639476499 -0.00062233332323499615 -2.5296173482329444e-05 0.0004156912356967896 0
2443 1 1 292982400 70120900.30773063 -185152194.44295833 -7278497.2076789653 20.798826596916403 12.403420898453781 1.1246882792817585 654.59208263868129 -0.00061649267923698237 -2.9302487355582026e-05 0.0004149998202937762 0
2444 1 1 293068800 71913402.256716385 -184068746.02093655 -7180859.3529434223 20.693734054987228 12.676392384938186 1.1354331860957312 654.59045012393005 -0.00061060228883288948 -3.3238596713903064e-05 0.00041426450522452499 0
2445 1 1 293155200 73696683.849970102 -182961716.16564035 -7082296.810965159 20.58538794593802 12.949283055907649 1.1460927497171114 654.58882892810891 -0.00060466328059773349 -3.7103927265961938e-05 0.00041348514526936869 0
2446 1 1 293241600 75470462.811313525 -181831112.99836159 -6982817.0407253895 20.473761186664493 13.222066428507215 1.1566649878409752 654.58721912820249 -0.0005986767879688445 -4.0897926816221878e-05 0.0004126615963720734 0
2447 1 1 293328000 77234454.512602583 -180676946.96017683 -6882427.6743262205 20.358826417567595 13.494715283413303 1.1671478751988238 654.58562080057777 -0.0005926439555456243 -4.4620069887756955e-05 0.00041179371777936186 0
2448 1 1 293414400 78988371.950091794 -179499230.87647933 -6781136.5207404196 20.240556008507163 13.767201643905214 1.177539342684609 654.58403402097508 -0.00058656593680454457 -4.8269852003523798e-05 0.00041088136851235571 0
2449 1 1 293500800 80731925.721335143 -178297980.02333853 -6678951.5696370443 20.11892206527066 14.039496754499096 1.1878372764722436 654.58245886450459 -0.00058044389257068754 -5.1846792980395972e-05 0.00040992441072642107 0
2450 1 1 293587200 82464824.002669096 -177073212.19572353 -6575880.9952836474 19.993896436582649 14.311571059140379 1.1980395171252554 654.5808954056364 -0.00057427899294960449 -5.535043610074619e-05 0.00040892270835914612 0
2451 1 1 293673600 84186772.527325436 -175824947.77763063 -6471933.1605257709 19.865450721682219 14.583394178951762 1.2081438586988165 654.57934371819272 -0.00056807241553964857 -5.8780348686476593e-05 0.00040787612709720006 0
2452 1 1 293760000 85897474.564224482 -174553209.8141526 -6367116.6208443018 19.733556278496508 14.854934889533951 1.2181480478348807 654.57780387534444 -0.00056182534380287957 -6.213612656944346e-05 0.00040678453566582955 0
2453 1 1 293846400 87596630.897501186 -173258024.08552885 -6261440.1284912638 19.598184232438587 15.126161097817155 1.2280497828519752 654.57627594958365 -0.00055553898484851541 -6.5417394262792201e-05 0.00040564781993049619 0
2454 1 1 293932800 89283939.806819201 -171939419.18321413 -6154912.6367043462 19.459305485854461 15.397039818462234 1.2378467128335813 654.57476001256612 -0.00054921462145018538 -6.8623808035531264e-05 0.00040446591398556877 0
2455 1 1 294019200 90959097.048531517 -170597426.58800706 -6047543.304000848 19.316890728178624 15.667537149813374 1.2475364366962418 654.57325613540434 -0.00054285335760200794 -7.1755039523050787e-05 0.00040323862942863892 0
2456 1 1 294105600 92621795.837746859 -169232080.75027445 -5939341.4985507512 19.170910446729842 15.937618249383981 1.2571165023171849 654.57176438723377 -0.0005364573892175762 -7.4811004182293115e-05 0.00040196663794060938 0
2457 1 1 294192000 94271726.831358805 -167843419.17231572 -5830316.8026229441 19.02133493824725 16.207247308893123 1.2665844056677424 654.57028483351223 -0.00053002871240975054 -7.7791600906400242e-05 0.00040065045168891479 0
2458 1 1 294278400 95908578.112116948 -166431482.49289873 -5720479.0171159199 18.868134321525893 16.476387528912671 1.275937589702608 654.56881754095662 -0.00052356663870990056 -8.0696271235556911e-05 0.00039928849829233033 0
2459 1 1 294364800 97532035.173821345 -164996314.57400858 -5609838.1661810419 18.711278550574612 16.745001093012291 1.285173443483413 654.56736257600494 -0.00051707392915837681 -8.3525136517567959e-05 0.00039788187639138307 0
2460 1 1 294451200 99141780.907678902 -163537962.58984935 -5498404.5019127503 18.550737428665258 17.013049141476685 1.2942893012796386 654.56592000390344 -0.00051055039417357889 -8.6277724723332562e-05 0.00039642938229710425 0
2461 1 1 294537600 100737495.5899312 -162056477.11813331 -5386188.509130965 18.386480623471467 17.280491744624499 1.3032824415253128 654.5644898917983 -0.00050399706731373266 -8.8953817171077415e-05 0.00039493075249062367 0
2462 1 1 294624000 102318856.87081449 -160551912.23369598 -5273200.9102405999 18.218477682890121 17.54728787564299 1.312150085982555 654.56307230623213 -0.00049741516234389047 -9.155329177784846e-05 0.00039338588167765509 0
2463 1 1 294710400 103885539.76493406 -159024325.60447633 -5159452.6701675262 18.046698051957563 17.813395383023575 1.3208893988248143 654.56166731298242 -0.00049080589399371757 -9.4076058337159253e-05 0.00039179467206584324 0
2464 1 1 294796800 105437216.64314558 -157473778.58989671 -5044955.0013739364 17.871111090801044 18.078770962591051 1.3294974857189212 654.56027497707078 -0.00048417047392388686 -9.6522062013657835e-05 0.00039015702740573027 0
2465 1 1 294883200 106973557.22603223 -155900336.34167439 -4929719.3689526869 17.691686093661996 18.34337012913382 1.3379713929151618 654.55889536276152 -0.00047751010725489502 -9.8891277117884018e-05 0.00038847285630225963 0
2466 1 1 294969600 108494228.57907444 -154304067.90710416 -4813757.4957998581 17.508392309037482 18.607147187647854 1.3463081063468054 654.55752853354659 -0.00047082599742266819 -0.00010118371633644251 0.00038674207239378577 0
2467 1 1 295056000 109998895.10960928 -152685046.33483946 -4697081.367864646 17.321198960987491 18.870055204209276 1.354504550740721 654.55617455213644 -0.00046411934080337573 -0.00010339942262902636 0.0003849645944336257 0
2468 1 1 295142400 111487218.56568332 -151043348.78320587 -4579703.2394755678 17.13007527165712 19.132045976492375 1.3625575887410728 654.55483348044913 -0.00045739132603856759 -0.00010553847542216789 0.00038314034593514389 0
2469 1 1 295228800 112958858.03690548 -149379056.63107738 -4461635.6387417149 16.934990485063793 19.393070003950985 1.3704640200482863 654.55350537960396 -0.00045064313120407736 -0.0001076009904380785 0.00038126925521571585 0
2470 1 1 295315200 114413469.95741145 -147692255.59134197 -4342891.3730276581 16.735913892200919 19.65307645768485 1.3782205805756469 654.55219030990918 -0.0004438759268062538 -0.00010958711929446045 0.00037935125603454165 0
2471 1 1 295401600 115850708.11105607 -145983035.82698396 -4223483.5345003763 16.532814857510989 19.912013150013784 1.3858239416261999 654.55088833084676 -0.00043709087114020425 -0.0001114970514636727 0.00037738628990909365 0
2472 1 1 295488000 117270223.63895413 -144251492.0698064 -4103425.5057463404 16.325662846783089 20.169826503785533 1.3932707090922527 654.54959950106388 -0.00043028910668261119 -0.000113331014700021 0.00037537430280522793 0
2473 1 1 295574400 118671665.04949495 -142497723.74181631 -3982730.9654566622 16.114427456530084 20.426461521445855 1.4005574226803361 654.54832387836132 -0.00042347176255168046 -0.00011508927320763628 0.00037331524842618353 0
2474 1 1 295660800 120054678.2309608 -140721835.07929072 -3861413.8941780161 15.899078444902432 20.681861753901945 1.4076805551648461 654.54706151967923 -0.00041663995029572531 -0.00011677213108997106 0.00037120908771967994 0
2475 1 1 295747200 121418906.4668856 -138923935.25954196 -3739488.5801266972 15.679585764197329 20.935969269213224 1.4146365116730142 654.54581248108309 -0.000409794763065632 -0.00011837993315767589 0.00036905578653938389 0
2476 1 1 295833600 122763990.45429271 -137104138.53039202 -3616969.6250629835 15.45591959502255 21.188724621147379 1.4214216290048591 654.54457681775227 -0.00040293727157253662 -0.00011991306214492385 0.00036685531910491428 0
2477 1 1 295920000 124089568.32495816 -135262564.34237 -3493871.9502225979 15.228050382175869 21.440066817642215 1.4280321749919216 654.54335458396815 -0.00039606852350513921 -0.00012137194261414409 0.00036460766917572945 0
2478 1 1 296006400 125395275.66985083 -133399337.48363636 -3370210.802301791 14.995948872301371 21.689933289217407 1.4344643478979218 654.54214583309124 -0.000389189542938789 -0.00012275704151562075 0.00036231282657994202 0
2479 1 1 296092800 126680745.56690428 -131514588.21763639 -3246001.7594922544 14.759586153386094 21.93825985738469 1.4407142758655525 654.54095061754958 -0.00038230132363892565 -0.0001240688669134882 0.00035997079138980193 0
2480 1 1 296179200 127945608.61228374 -129608452.42348157 -3121260.7375616706 14.518933696160488 22.184980703108501 1.4467780164135902 654.53976898882195 -0.00037540482968677845 -0.00012530796941838146 0.00035758157135104362 0
2481 1 1 296265600 129189492.95531411 -127681071.73905177 -2996003.9959753999 14.273963397467078 22.430028335372938 1.4526515559885995 654.53860099741735 -0.00036850099145295707 -0.00012647494361783232 0.00035514518481847787 0
2482 1 1 296352000 130412024.33724242 -125732593.70680656 -2870248.1440543612 14.024647625662716 22.673333559916198 1.4583308095759913 654.53744669285561 -0.00036159070342394757 -0.00012757042677628277 0.00035266165998580027 0
2483 1 1 296438400 131612826.13401361 -123763171.9222881 -2744010.1471638051 13.770959268120178 22.914825448197426 1.4638116203749636 654.53630612364827 -0.00035467482034142524 -0.00012859510119989562 0.00035013103417840799 0
2484 1 1 296524800 132791519.40324317 -121772966.18529302 -2617307.3329272005 13.512871780895239 23.154431306665959 1.4690897595427292 654.53517933727187 -0.00034775415471084904 -0.00012954969536058163 0.00034755335676667259 0
2485 1 1 296611200 133947722.93557711 -119762142.6536832 -2490157.3974590604 13.250359240625631 23.392076646408523 1.4741609260131954 654.53406638014621 -0.00034082947239668688 -0.0001304349814597378 0.00034492868676141969 0
2486 1 1 296697600 135081053.31063464 -117730873.99980052 -2362578.4116099887 12.983396398728669 23.627685153254777 1.4790207463960212 654.53296729760757 -0.00033390148499076559 -0.00013125177800947131 0.00034225709957101143 0
2487 1 1 296784000 136191124.95773572 -115679339.5694409 -2234588.827216655 12.711958737966077 23.861178658428027 1.4836647749647984 654.53188213387875 -0.00032697085093322535 -0.00013200094992628879 0.00033953868312488203 0
2488 1 1 296870400 137277550.22161835 -113607725.54333824 -2106207.4833504763 12.436022531392846 24.092477109815679 1.4880884936866636 654.53081093203173 -0.00032003866868302391 -0.00013268358785391724 0.00033677299442422536 0
2489 1 1 296956800 138339939.43334696 -111516225.10110334 -1977453.6125706027 12.155564903607985 24.321498543901338 1.4922873121326325 654.52975373405025 -0.00031310457599341283 -0.00013330034042405501 0.00033396114496726109 0
2490 1 1 297043200 139377900.98678789 -109405038.58749169 -1848346.8469972219 11.870563899657828 24.54815906039515 1.4962565731395565 654.52871057910875 -0.000306113356575264 -0.00013383187470855873 0.00033116544556814349 0
2491 1 1 297129600 140391041.42168429 -107274373.68062827 -1718907.2232303414 11.580998564129402 24.772372800589377 1.4999915687949363 654.52768147355516 -0.00029916166697927454 -0.00013431417882934222 0.00032828583751312438 0
2492 1 3 297170339.69138908 140860037.58067092 -106263017.18518451 -1657763.6585282371 11.442872207521194 24.877221092814672 1.5016700032993908 654.52720117634715 0 0 0 265
2493 1 1 297216000 141378965.50413692 -105124445.56554063 -1589155.1970735968 11.286848726230392 24.994051818484522 1.5034872073342533 654.52666676562546 -0.00029586917404617394 -0.00013606915070782792 0.00032107013463631573 0
2494 1 1 297302400 142341276.29048467 -102955477.11809565 -1459111.685006209 10.988095078932551 25.213106059580742 1.5067380194541584 654.52566706076152 -0.00029600089528037792 -0.00013901060898967072 0.00030977193286387629 0
2495 1 1 297388800 143277575.22918493 -100767699.07937561 -1328798.0686046246 10.684719794541101 25.429443535893416 1.5097387932417967 654.52468237355288 -0.00029614519212529375 -0.00014189210733675829 0.00029838216264227403 0
2496 1 1 297475200 144187462.29691651 -98561350.221840575 -1198236.1664068443 10.376706566972715 25.642970292023158 1.5124845344043294 654.52371240117827 -0.00029627199157520288 -0.0001447011090073072 0.00028692487848671272 0
2497 1 1 297561600 145070536.11870623 -96336677.52556926 -1067448.2324075524 10.064040427186109 25.853590288885524 1.5149701569795488 654.52275684203062 -0.00029643020656551852 -0.00014745356199689824 0.00027534207625196669 0
2498 1 1 297648000 145926394.08767551 -94093936.358835578 -936456.96314153133 9.7467078432094532 26.061205391994001 1.5171905044446341 654.52181536557634 -0.00029661950183363387 -0.0001501472300277878 0.00026363069774645262 0
2499 1 1 297734400 146754632.49314383 -91833390.659767687 -805285.50347289362 9.4246968107285181 26.265715357119785 1.5191403555825886 654.52088761236269 -0.00029683843817477831 -0.00015277929486929789 0.00025178878807214099 0
2500 1 1 297820800 147554846.65645817 -89555313.119240776 -673957.45212764596 9.0979969424744311 26.467017816504658 1.5208144258201894 654.51997319229633 -0.0002970856103130567 -0.00015534673378239959 0.00023981408987438371 0
2501 1 1 297907200 148326631.07468665 -87259985.364860788 -542496.86709336797 8.7665995608945977 26.665008267432867 1.5222073689950992 654.51907168316484 -0.00029735914601906747 -0.00015784612923294372 0.00022770468189067556 0
2502 1 1 297993600 149069579.57245451 -84947698.145830095 -410928.2708545255 8.4304977939594146 26.85958006328417 1.5233137793825806 654.51818262928043 -0.00029765666907778296 -0.00016027364465019453 0.00021545909756194318 0
2503 1 1 298080000 149783285.46219215 -82618751.518471837 -279276.65544319747 8.0896866740814097 27.050624407248858 1.5241281939436273 654.517305540248 -0.00029797527784546063 -0.00016262501369868418 0.00020307644594942138 0
2504 1 1 298166400 150467341.71306455 -80273455.03217569 -147567.48728546605 7.74416324016057 27.238030348909909 1.5246450948088479 654.51643988991964 -0.00029831153380628411 -0.00016489553547559968 0.00019055654683046108 0
2505 1 1 298252800 151121341.12885296 -77912127.915506884 -15826.711822579056 7.3939266427583501 27.421684783905103 1.5248589120101339 654.51558511558255 -0.00029866146866441943 -0.00016708008647801364 0.00017790007190544166 0
2506 1 1 298339200 151744876.53505814 -75535099.262203678 115919.24211501409 7.0389782523932309 27.601472456889905 1.524764026471368 654.51474061743409 -0.00029902061485926289 -0.0001691731480037443 0.00016510868731178932 0
2507 1 1 298425600 152337540.9754954 -73142708.216768131 247643.4582035995 6.6793217709399952 27.777275968030853 1.5243547732687299 654.51390575839162 -0.00029938406437016651 -0.00017116885126781166 0.00015218518875168444 0
2508 1 1 298512000 152898927.91864657 -70735304.159334406 379318.52881582873 6.314963346103931 27.948975783267347 1.5236254451704654 654.51307986429083 -0.00029974655702495094 -0.00017306104663650091 0.00013913362525229904 0
2509 1 1 298598400 153428631.47403464 -68313246.889479205 510916.55152858904 5.9459116889288977 28.116450248587441 1.5225702964652255 654.51226222449804 -0.00030010260545963198 -0.00017484339518402552 0.00012595940193099614 0
2510 1 1 298684800 153926246.6188798 -65876906.80861631 642409.1259744009 5.5721781942852582 28.27957560857244 1.5211835470869697 654.51145209296681 -0.00030044665377217312 -0.00017650948109929114 0.00011266935394345591 0
2511 1 1 298771200 154391369.43529263 -63426665.100594498 773767.35106227663 5.1937770642706447 28.438226029472872 1.5194593870435209 654.51064868974515 -0.00030077326575067814 -0.00017805294585639242 9.9271784672196365e-05 0
2512 1 1 298857600 154823597.35825148 -60962913.910096683 904961.82259455323 4.8107254344421406 28.592273627086037 1.5173919811551284 654.50985120292773 -0.00030107734166899113 -0.00017946764161332759 8.5776464513188331e-05 0
2513 1 1 298944000 155222529.43460548 -58486056.51841294 1035962.6313067427 4.4230435027834458 28.741588499714108 1.5149754741088306 654.5090587910264 -0.00030135435366057363 -0.00018074779334192889 7.2194585375753492e-05 0
2514 1 1 299030400 155587766.5933345 -55996507.516136177 1166739.3613579096 4.0307546612953589 28.886038766488795 1.5122039958338598 654.50827058572975 -0.00030160058688309763 -0.0001818881674909608 5.8538669456946483e-05 0
2515 1 1 299116800 155918911.92728752 -53494692.972304083 1297261.089299537 3.6338856300814246 29.025490611355778 1.5090716672032733 654.50748569500104 -0.00030181337599135112 -0.00018288423861080209 4.4822435208208209e-05 0
2516 1 1 299203200 156215570.98660752 -50981050.599485539 1427496.3835513098 3.2324665937832835 29.159808333019203 1.505572606067265 654.50670320646918 -0.0003019913215586818 -0.00018373234384952858 3.1060624056852639e-05 0
2517 1 1 299289600 156477352.08404168 -48456029.914283656 1557413.3044126914 2.8265313402017593 29.288854401151731 1.5017009336237122 654.50592219106193 -0.0003021344737132949 -0.00018442981835265152 1.7268790853260851e-05 0
2518 1 1 299376000 156703866.61231554 -45920092.392699957 1686979.4046397111 2.4161174009202973 29.412489519180994 1.4974507811320976 654.50514170683107 -0.00030224446722997478 -0.00018497510447421358 3.4630686275853325e-06 0
2519 1 1 299462400 156894729.3737359 -43373711.619778812 1816161.730616909 2.0012661937260514 29.530572693966882 1.4928162969775391 654.50436080292911 -0.00030232460305309219 -0.00018536782830666648 -1.0340087401775268e-05 0
2520 1 1 299548800 157049558.92216891 -40817373.432922438 1944926.8241549896 1.5820231666010873 29.642961312686314 1.4877916540920721 654.50357852369132 -0.00030237986658747525 -0.00018560883801216688 -2.4124167537249178e-05 0
2521 1 1 299635200 157167977.91751802 -38251576.058240287 2073240.7249453848 1.158437943032004 29.7495112272432 1.4823710577409079 654.50279391278275 -0.0003024168818795883 -0.00018570020448315858 -3.7872877948219833e-05 0
2522 1 1 299721600 157249613.49280304 -35676830.239269003 2201068.9737036135 0.73056446836002986 29.850076846520157 1.4765487536819801 654.50200601736071 -0.00030244380429557448 -0.00018564518086581778 -5.1570403535770943e-05 0
2523 1 1 299808000 157294097.63391849 -33093659.357371736 2328376.6160340663 0.29846115686582386 29.944511236786159 1.4703190367074896 654.50121389220487 -0.00030247015926741978 -0.00018544812780411929 -6.5201655333044966e-05 0
2524 1 1 299894400 157301067.57211992 -30502599.543098606 2455128.2070496036 -0.13780896074623089 30.032666230568804 1.4636762595764548 654.50041660374177 -0.00030250663791931836 -0.00018511440448720938 -7.8752491777843865e-05 0
2525 1 1 299980800 157270166.18925649 -27904199.777764216 2581287.816780149 -0.57817808983010832 30.114392544293988 1.4566148423475043 654.49961323391153 -0.00030256486093560228 -0.00018465023577740985 -9.2209906052154742e-05 0
2526 1 1 300067200 157201042.43573689 -25299021.984471653 2706819.0364052593 -1.0225735246443708 30.18953990498559 1.449129282120964 654.49880288378245 -0.00030265712671178311 -0.00018406256384265676 -0.00010556217248145294 0
2527 1 1 300153600 157093351.76117826 -22687641.10778806 2831684.9853463941 -1.4709175019932563 30.257957186306587 1.4412141631987627 654.49798467686014 -0.00030279615803593685 -0.00018335888968936371 -0.00011879894771864406 0
2528 1 1 300240000 156946756.55764872 -20070645.181253035 2955848.3192553325 -1.9231270561268903 30.319492554209955 1.4328641676699017 654.49715776200912 -0.00030299486190527345 -0.00018254711683202943 -0.00013191132171469603 0
2529 1 1 300326400 156760926.61537567 -17448635.381878562 3079271.2389358138 -2.379113875398398 30.373993622449959 1.424074086427831 654.49632131593626 -0.00030326610880470776 -0.0001816354036934888 -0.00014489182159755788 0
2530 1 1 300412800 156535539.59074289 -14822226.07077829 3201915.5002358612 -2.8387841612097864 30.421307618187111 1.4148388306237503 654.49547454520723 -0.0003036225464785224 -0.00018063203040774532 -0.00015773437396763461 0
2531 1 1 300499200 156270281.48635617 -12192044.819044856 3323742.4249486038 -3.3020384898121216 30.461281557897554 1.4051534435577362 654.494616687762 -0.00030407644480510558 -0.00017954528768252632 -0.00017043422504819364 0
2532 1 1 300585600 155964847.14290443 -9558732.4179766197 3444712.9127593711 -3.7687716775586235 30.493762433774499 1.3950131130068633 654.49374701394549 -0.00030463957815160271 -0.00017838338622788754 -0.00018298783113006547 0
2533 1 1 300672000 155618940.74249128 -6922942.872740211 3564787.4542766814 -4.2388726502425769 30.518597410781688 1.3844131839857035 654.49286482706691 -0.00030532314385732154 -0.00017715438988748152 -0.00019539273032054367 0
2534 1 1 300758400 155232276.32305562 -4285343.3785426598 3683926.1451841258 -4.712224317183904 30.535634034489647 1.3733491719313637 654.49196946352595 -0.00030613771168130075 -0.00017586617097920158 -0.00020764739918258592 0
2535 1 1 300844800 154804578.30344081 -1646614.2783770531 3802088.7015494085 -5.1887034507595899 30.544720449791797 1.3618167763021616 654.49106029255336 -0.00030709320047541316 -0.00017452638753226067 -0.00021975110139725986 0
2536 1 1 300931200 154335582.01861155 992550.99860126094 3919234.4763256549 -5.6681805721036937 30.545705630561354 1.3498118945749746 654.4901367156167 -0.00030819887875451645 -0.00017314247875478946 -0.00023170374202250219 0
2537 1 1 301017600 153825034.26445228 3631446.0190142929 4035322.4770786921 -6.1505198437315309 30.538439620268939 1.337330636623435 654.4891981655519 -0.00030946338058699172 -0.00017172167912389151 -0.00024350572178285607 0
2538 1 1 301104000 153272693.85151628 6269351.4484634204 4150311.3849722049 -6.6355789698711467 30.522773783544064 1.324369339452351 654.4882441054732 -0.00031089474548606148 -0.00017027093282773623 -0.00025515786359609676 0
2539 1 1 301190400 152678332.16702339 8905535.1769407224 4264159.5750384871 -7.1232091053151283 30.498561068717127 1.3109245822110847 654.48727402762347 -0.00031250047562846528 -0.00016879640120770427 -0.00026666154914144381 0
2540 1 1 301276800 152041733.74434519 11539252.467381211 4376825.137774108 -7.6132547733637912 30.465656280656557 1.2969932019905099 654.4862874569792 -0.00031428698653505633 -0.00016731550304763531 -0.00027801277267732166 0
2541 1 1 301363200 151362696.8389599 14169746.127748106 4488265.9021221418 -8.1055537993577449 30.423916350866058 1.2825723096766033 654.48528380986659 -0.00031629865840206807 -0.00016592379034157217 -0.00028921638369897934 0
2542 1 3 301438603.54856491 150735256.21120331 16462210.890942141 4584489.111793329 -8.5369054603137062 30.380158775456358 1.2695847481754692 654.48439394672835 0 0 0 219
2543 1 1 301449600 150641034.01055253 16796246.709679045 4598439.4596049218 -8.599937222991473 30.373200716162245 1.2676592993855296 654.48426314491564 -0.00031813756184429691 -0.00016339991776307813 -0.00030035680933987289 0
2544 1 1 301536000 149876572.71430174 19417972.74596899 4707303.1891643675 -9.0962291869896692 30.31337179520796 1.2522518592278755 654.48322773588973 -0.00031909784970925799 -0.0001577866092916897 -0.00031150041104819086 0
2545 1 1 301622400 149069155.89600563 22034131.014326379 4814814.2837360362 -9.5942470019124073 30.244295008759952 1.236348002112662 654.48217923560571 -0.00032009645779036201 -0.00015170745412193938 -0.00032253786677288352 0
2546 1 1 301708800 148218642.5782451 24643916.7959048 4920929.7796399845 -10.093801189457421 30.165838914986264 1.219946091320854 654.48111709989894 -0.00032130300466416337 -0.00014572601551057323 -0.00033341001140279447 0
2547 1 1 301795200 147324908.45122406 27246514.171543051 5025606.5871760016 -10.594695399431558 30.077875758570606 1.2030448477210951 654.48004068219677 -0.00032270180094321615 -0.00013978480965994177 -0.00034412217809621495 0
2548 1 1 301881600 146387846.46678308 29841096.356801279 5128801.5219823467 -11.096726410370421 29.98028183944102 1.185643362024114 654.47894942945675 -0.00032429781802373911 -0.00013388823693029358 -0.00035467689204970098 0
2549 1 1 301968000 145407367.43099943 32426826.066876445 5230471.3377300361 -11.599684156741651 29.872937852129692 1.1677411118634831 654.47784281692793 -0.00032609546063389072 -0.00012804590713799951 -0.00036507434197299718 0
2550 1 1 302054400 144383400.59383297 35002855.911554821 5330572.7602641536 -12.103351770846418 29.75572924016609 1.1493379781749644 654.47672035074697 -0.00032809857541132696 -0.00012226671660226066 -0.00037531505628325869 0
2551 1 1 302140800 143315894.23436552 37568328.821057513 5429062.523143379 -12.607505643048937 29.628546556529976 1.1304342612410416 654.47558156740683 -0.00033031045754944224 -0.000116559348417363 -0.00038539961760589793 0
2552 1 1 302227200 142204816.24001971 40122378.503252089 5525897.4045582647 -13.111915501051286 29.491285829118034 1.1110306965442847 654.47442603317143 -0.00033273386201278438 -0.00011093234191763804 -0.00039532859557447442 0
2553 1 1 302313600 141050154.67807657 42664129.932624809 5621034.2656070972 -13.616344509012896 29.343848930313744 1.0911284703278372 654.47325334341701 -0.0003353710176648237 -0.00010539411012022945 -0.00040510250558386179 0
2554 1 1 302400000 139851918.35774457 45192699.871323407 5714430.0899009453 -14.120549387271046 29.186143949598289 1.0707292347909856 654.47206312192372 -0.00033822363865818191 -9.9952964615363139e-05 -0.00041472177400518238 0
2555 1 1 302486400 138610137.38096952 47707197.422483429 5806042.0244631739 -14.624280553368015 29.018085568056193 1.0498351228450673 654.47085502013783 -0.00034129293563841238 -9.4617134714843331e-05 -0.00042418671336128552 0
2556 1 1 302572800 137324863.68011546 50206724.615950234 5895827.4218820976 -15.127282285032294 28.83959543354927 1.028448762352445 654.46962871641563 -0.00034457962625025654 -8.9394783173130045e-05 -0.00043349750238479286 0
2557 1 1 302659200 135996171.54059422 52690377.026397914 5983743.8836686937 -15.629292905694482 28.650602535252354 1.0065732897695581 654.46838391526171 -0.0003480839473707024 -8.4294022092054982e-05 -0.00044265417076960116 0
2558 1 1 302745600 134624158.10647497 55157244.423731029 6069749.304764431 -16.130044993043278 28.451043576168303 0.98421236311254734 654.46712034656787 -0.00035180566349279593 -7.9322924507288877e-05 -0.00045165659570728779 0
2559 1 1 302832000 133208943.86706324 57606411.455532379 6153801.9191371007 -16.629265611043266 28.240863342166715 0.96137017416341741 654.46583776486 -0.00035574407815261021 -7.4489529843815996e-05 -0.00046050449185293721 0
2560 1 1 302918400 131750673.12240799 60036958.361190632 6235860.3463954516 -17.126676565744106 28.020015066022768 0.93805145983369354 654.464535948567 -0.00035989803744107898 -6.9801848189372868e-05 -0.00046919741300623899 0
2561 1 1 303004800 130249514.42567039 62447961.717208274 6315883.6393462382 -17.621994685110458 27.78846078486902 0.91426151260101263 654.46321469930308 -0.00036426593742611575 -6.5267862932327425e-05 -0.00047773475805020611 0
2562 1 1 303091200 128705661.00027268 64838495.213049717 6393831.3324099164 -18.114932122994261 27.546171689417079 0.89000618993556924 654.46187384117388 -0.0003688457315219593 -6.0895528280731489e-05 -0.00048611577033568377 0
2563 1 1 303177600 127119331.12974046 67207630.456745908 6469663.4908041637 -18.60519668725474 27.293128463256313 0.86529192263349919 654.46051322011124 -0.00037363493309987077 -5.6692766725530659e-05 -0.00049433954504896787 0
2564 1 1 303264000 125490768.51815583 69554437.809323236 6543340.7603972265 -19.09249219190778 27.029321610496375 0.84012572197460211 654.45913270323103 -0.00037863061958247563 -5.266746031542761e-05 -0.00050240503975510962 0
2565 1 1 303350400 123820242.6191552 71877987.24697414 6614824.418125988 -19.576518833057488 26.754751769987919 0.81451518562438785 654.4577321782167 -0.00038382943767459467 -4.8827442589696607e-05 -0.00051031108210502498 0
2566 1 1 303436800 122108048.93143265 74177349.249731675 6684076.4228669526 -20.056973588226178 26.469430014334367 0.78846850220301401 654.45631155272952 -0.00038922760517902155 -4.5180487698363036e-05 -0.00051805637725327119 0
2567 1 1 303523200 120354509.25874864 76451595.71525757 6751059.4666416766 -20.533550638558285 26.173378131897515 0.76199445444650227 654.45487075384744 -0.00039482092181831362 -4.1734287781667519e-05 -0.00052563951647783267 0
2568 1 1 303609600 118559971.93249619 78699800.896195784 6815737.0260324432 -21.005941813216882 25.866628889996768 0.73510242090048949 654.45340972778899 -0.00040060474759207542 -3.8496493500999301e-05 -0.00053305900711407897 0
2569 1 1 303696000 116724811.99493705 80921042.359388903 6878073.413672368 -21.473837055295157 25.549226277495887 0.70780237588463479 654.4519284358779 -0.00040657573244053016 -3.5474937022390946e-05 -0.00054031563239871053 0
2570 1 1 303782400 114849431.34128965 83114401.965101615 6938033.8296581088 -21.936924908160371 25.221225725063437 0.68010488783895773 654.45042685021724 -0.00041273005565061399 -3.2677078379078332e-05 -0.00054740986641499552 0
2571 1 1 303868800 112934258.8189719 85278966.864249945 6995584.4127721507 -22.394893020635006 24.882694301428334 0.65202111662295192 654.44890496216101 -0.00041905944646790768 -3.0109767140368657e-05 -0.00055433666546631324 0
2572 1 1 303955200 110979750.28241204 87413830.511486426 7050692.2914017299 -22.847428670346968 24.53371088386498 0.6235628088833931 654.4473627863008 -0.0004255570911909276 -2.7779971543808002e-05 -0.0005610934277622587 0
2573 1 1 304041600 108986388.60189164 89518093.691843241 7103325.6339518111 -23.294219304019141 24.174366301309551 0.5947422911944017 654.44580035461945 -0.00043221629436747611 -2.5694605064017496e-05 -0.00056767822505061146 0
2574 1 1 304128000 106954683.62505543 91590865.558506444 7153453.6985989697 -23.734953092613011 23.804763448661717 0.56557246162691321 654.44421771520445 -0.00043903002267745847 -2.3860387539495031e-05 -0.00057408915203313506 0
2575 1 1 304214400 104885172.08987084 93631264.679168865 7201046.8822410535 -24.169319499741899 23.425017370840685 0.53606677954607496 654.44261493183717 -0.00044599086245210285 -2.2283813802710841e-05 -0.00058032426959269291 0
2576 1 1 304300800 102778417.48796839 95638420.088291645 7246076.7684864001 -24.597009861528207 23.035255315282228 0.50623925357830479 654.44099208361422 -0.00045309103095958367 -2.0971134067019493e-05 -0.00058638161593902068 0
2577 1 1 304387200 100635009.87745917 97611472.342494637 7288516.1745239841 -25.017717975922732 22.635616751697256 0.47610442773912043 654.43934926457825 -0.00046032238695193619 -1.9928336822393747e-05 -0.00059225921282464748 0
2578 1 1 304473600 98455565.644501448 99549574.576201975 7328339.1967155952 -25.431140699381292 22.226253358052031 0.44567736572431005 654.43768658335205 -0.00046767644540462598 -1.9161124001969647e-05 -0.00059795507613781182 0
2579 1 1 304560000 96240727.213076115 101451893.5545847 7365521.2547518583 -25.836978548683845 21.807328971882068 0.41497363337665766 654.43600416278252 -0.00047514438582979372 -1.8674890292526819e-05 -0.00060346722342281194 0
2580 1 1 304646400 93991162.702625602 103317610.7207723 7400039.1342153298 -26.234936305583723 21.379019506214906 0.38400927935146212 654.43430213959539 -0.00048271707018836827 -1.8474701435824835e-05 -0.00060879367924026695 0
2581 1 1 304732800 91707565.533415034 105145923.23425065 7431871.0273964982 -26.6247236218898 20.94151282955281 0.35280081401466284 654.43258066405963 -0.00049038505821100218 -1.8565268484373838e-05 -0.00061393248027256442 0
2582 1 1 304819200 89390653.979685217 106936044.9973245 7460996.572212928 -27.006055622488077 20.495008609548989 0.32136518664665231 654.4308399002997 -0.0004981386089675595 -1.8950959271066118e-05 -0.00061888170723755926 0
2583 1 1 304905600 87041170.670873016 108687207.66649707 7487396.8890735488 -27.378653504137848 20.039718120187803 0.28971976055124227 654.42908001759599 -0.00050597210744471126 -1.9635985877091831e-05 -0.00062364509501530252 0
2584 1 1 304992000 84659882.041369796 110398661.64561425 7511054.6155043039 -27.742245127330392 19.575864012513041 0.25788228636106142 654.42730117720112 -0.00051388091674646832 -2.0624157932467222e-05 -0.00062822768015119738 0
2585 1 1 305078400 82247577.729597509 112069677.05763528 7531953.9384697489 -28.096565596891175 19.103680049211356 0.2258708757920404 654.42550356116192 -0.00052184499172632101 -2.191818507564554e-05 -0.00063261538751214986 0
2586 1 1 305164800 79805069.927444518 113699544.69192246 7550080.62437844 -28.441357830975814 18.623410803389028 0.19370397309025356 654.42368738283642 -0.0005298536930590592 -2.3520748523219951e-05 -0.00063680633035573958 0
2587 1 1 305251200 77333192.681078181 115287576.92397848 7565422.0464546997 -28.776373116396567 18.135311322170509 0.16140032364780083 654.42185286582003 -0.00053789612592907549 -2.5434134363901913e-05 -0.00064079874711595139 0
2588 1 1 305337600 74832801.144554406 116833108.60463376 7577967.2094019921 -29.10137164576015 17.639646756073439 0.12897894242260721 654.42000024502875 -0.0005459612446556733 -2.7660157213545008e-05 -0.00064459092420298075 0
2589 1 1 305424000 72304770.787855655 118335497.91576949 7587706.7712856457 -29.416123034828804 17.136691955197431 0.096459081174238404 654.41812976636663 -0.00055403786666505153 -3.0200153455846062e-05 -0.00064818121206726843 0
2590 1 1 305510400 69749996.561172217 119794127.18976302 7594633.062540601 -29.720406817650467 16.626731033498555 0.063860194698382541 654.41624168639248 -0.000562114694416883 -3.3054972203857348e-05 -0.00065156802980290314 0
2591 1 1 305596800 67169392.017449856 121208403.68996014 7598740.1020256029 -30.014012917107944 16.110056902625207 0.031201906249596695 654.41433627329207 -0.00057018035274835092 -3.6224965265390029e-05 -0.00065474986995336481 0
2592 1 1 305683200 64563888.395401202 122577760.34961388 7600023.6100357482 -30.296742089422338 15.586970776942582 -0.0014960285110650494 654.41241379117889 -0.00057823301479724182 -3.9710468982447621e-05 -0.00065773592627135877 0
2593 1 1 305769600 61934433.665287502 123901656.4668767 7598481.0181145575 -30.568406340988727 15.057781651538457 -0.0342137593711032 654.4104744570227 -0.00058628367795509489 -4.3512296228244089e-05 -0.00066054947247158103 0
2594 1 1 305856000 59281991.540092148 125179578.35360448 7594111.4756808467 -30.828829311440575 14.522805755451618 -0.066931376401764595 654.4085184750636 -0.00059432253164905962 -4.7629903202383565e-05 -0.0006631897477890309 0
2595 1 1 305942400 56607540.454883911 126411039.93591517 7586915.8535321085 -31.07784663091768 13.982365981781752 -0.099628952000505686 654.40654591140947 -0.00060247584645849726 -5.2071282793725859e-05 -0.00066579954505883651 0
2596 1 1 306028800 53912072.514943488 127595583.3044557 7576896.7417438161 -31.315306291653918 13.436791293047348 -0.13228663507344368 654.40455538227422 -0.00061139892967798247 -5.6893211964936047e-05 -0.00066908850678702432 0
2597 1 1 306115200 51196592.415736385 128732779.21264802 7564058.4420631342 -31.541068880760598 12.886416115974546 -0.16488463336385578 654.40254528585785 -0.00062067362856472119 -6.2076234155400669e-05 -0.00067260020474728659 0
2598 1 1 306201600 48462116.344487086 129822227.52192707 7548406.9620233821 -31.755007878407458 12.331579711364911 -0.19740330463779798 654.40051253867296 -0.00063172571503348487 -6.7774781009327786e-05 -0.00067784721439440249 0
2599 1 1 306288000 45709670.850512318 130863557.59133457 7529949.9936193908 -31.95700996994325 11.772625525582736 -0.22982330081575261 654.39845007182953 -0.00064598903798299015 -7.4193055296235485e-05 -0.00068629697039408884 0
2600 1 1 306374400 42940291.686987229 131856428.60985908 7508696.8764208974 -32.146975581239239 11.209900493903364 -0.26212598188018854 654.3963380222657 -0.00067120708516245527 -8.2354916425077349e-05 -0.00070599105123401822 0
2601 1 1 306460800 40155022.55339516 132800529.86078708 7484658.4683070378 -32.324820692224392 10.643754149691318 -0.29429518394746401 654.39410324710241 -0.00072902279130080154 -9.5367402713558122e-05 -0.00075914167056915279 0
2602 1 1 306547200 37354913.785570882 133695580.92067027 7457846.9720576024 -32.490474724986655 10.074538202816276 -0.32631490302063249 654.3916731883503 -0.00079796880860279835 -0.00011109264536205931 -0.00082264356390916867 0
2603 1 1 306633600 34541021.342919558 134541331.83795941 7428276.0779931797 -32.643878429828241 9.5026061670255082 -0.35816708430384292 654.38902809551689 -0.00087105434025760498 -0.00012882748589354868 -0.00088904331317672691 0
2604 1 1 306720000 31714405.742538728 135337563.25109184 7395961.0473512253 -32.784985720931815 8.9283124991211587 -0.38983359975639731 654.38615642406057 -0.0009488726803449733 -0.0001488225110158091 -0.00095884287129764298 0
2605 1 1 306806400 28876130.898266774 136084086.4384701 7360918.6916591385 -32.913764014144775 8.3520118967258963 -0.42129666143158617 654.38304599983587 -0.0010306343766307768 -0.00017112758550478756 -0.0010311461093230093 0
2606 1 1 306892800 26027262.964026064 136780743.31221443 7323167.3495438341 -33.030194029067928 7.7740586684417972 -0.45253871640996751 654.37968720672939 -0.0011156646672282763 -0.00019578776908172628 -0.0011052054623406297 0
2607 1 1 306979200 23168869.18693788 137427406.35666347 7282726.8634513458 -33.134269728400035 7.1948060889869447 -0.48354251986601565 654.37607197865782 -0.0012036302702955047 -0.00022288813049818154 -0.0011806367566622082 0
2608 1 1 307065600 20302016.767500442 138023978.51161519 7239618.5504286559 -33.225998202135223 6.6146057675905476 -0.51429118646155603 654.37219325298724 -0.0012941760406796671 -0.00025249883699105359 -0.0012570501276949735 0
2609 1 1 307152000 17427771.732684061 138570393.00178272 7193865.1699336255 -33.305399495918635 6.0338070331014881 -0.54476821910197692 654.36804491884516 -0.0013870573469484699 -0.00028470005400962927 -0.0013341771934356102 0
2610 1 1 307238400 14547197.824734475 139066613.11369491 7145490.8886479307 -33.372506426090688 5.4527563310892528 -0.57495755579110053 654.36362128563792 -0.0014826507655063843 -0.00031969646857414266 -0.0014123482393287364 0
2611 1 1 307324800 11661355.392701255 139512631.91795516 7094521.2275718963 -33.427364808639915 4.8717965375445011 -0.60484403270783682 654.35890621299927 -0.0015869274619027464 -0.0003589661218879109 -0.0014971357422171711 0
2612 1 1 307411200 8771300.2650392726 139908471.93231514 7040982.9692117078 -33.470033325276866 4.2912663485506926 -0.6344135194598105 654.35387004690654 -0.0017014759402968233 -0.00040321925308513365 -0.001589833059613644 0
2613 1 1 307497600 5878082.6910841605 140254184.74542913 6984904.1058357069 -33.500582169858902 3.7114999695439987 -0.6636519429297203 654.3484940867811 -0.0018182717978074176 -0.00045087355924561896 -0.0016828147828017463 0
2614 1 1 307584000 2982746.3907464659 140549850.61424723 6926313.8615191523 -33.519092331222176 3.1328267124908042 -0.69254495805772365 654.34277947159444 -0.001933377130573197 -0.00050104709319784247 -0.0017724634102233544 0
2615 1 1 307670400 86327.610277323256 140795578.0147199 6865242.6893149139 -33.525655840615933 2.5555703857730809 -0.72107853860060644 654.33673318730462 -0.0020464068590036986 -0.00055363881923277197 -0.001858518196981795 0
2616 1 1 307756800 -2810145.8294052351 140991503.14298368 6801722.2302565128 -33.520375633595698 1.9800487770265189 -0.74923921367065383 654.33036257763843 -0.0021570410098614603 -0.00060854501496604993 -0.0019407859805408284 0
2617 1 1 307843200 -5705655.457212464 141137789.37631187 6735785.2654680861 -33.503365137621024 1.4065732215527194 -0.77701406453420174 654.32367573249712 -0.002264932261913215 -0.00066563568705363244 -0.0020190556197894811 0
2618 1 1 307929600 -8599193.0404653996 141234626.6978831 6667465.6681080051 -33.474747854769021 0.8354481961146506 -0.80439073287128882 654.31668155143814 -0.0023697264931446475 -0.00072475882578906109 -0.0020931168132781032 0
2619 1 1 308016000 -11489761.436795687 141282231.08768025 6596798.3545752084 -33.43465692985864 0.26697094136287208 -0.83135742915967892 654.30938975946481 -0.0024710648759328139 -0.00078574030201753907 -0.0021627617734954183 0
2620 1 1 308102400 -14376375.408080565 141280843.88205108 6523819.2350770403 -33.383234703707849 -0.2985688859025713 -0.85790293894939462 654.30181093197359 -0.0025685794229261191 -0.00084838171850274845 -0.0022277811781346146 0
2621 1 1 308188800 -17258062.395221699 141230731.10452655 6448565.1637391234 -33.320632254080699 -0.86088953034053262 -0.8840166274028286 654.29395652031008 -0.0026618987074799615 -0.00091246142372490926 -0.0022879691292580348 0
2622 1 1 308275200 -20133863.252836689 141132182.77049854 6371073.8883715719 -33.247008927097937 -1.4197174255260385 -0.90968844266537785 654.28583886421723 -0.0027506513904933167 -0.00097773512090092271 -0.0023431259728764389 0
2623 1 1 308361600 -23002832.943119995 140985512.16836849 6291384.0000018226 -33.16253186103026 -1.9747874511616441 -0.93490891790592578 654.27747119621699 -0.0028344698025219391 -0.0010439367313701872 -0.0023930610837184264 0
2624 1 1 308448000 -25864041.188309152 140791055.11977488 6209534.8822844736 -33.067375504660156 -2.5258431602074101 -0.95966917215267677 654.26886763577443 -0.002912994683391206 -0.0011107799763471417 -0.0024375965206591696 0
2625 1 1 308534400 -28716573.081380729 140549169.22148332 6125566.6608853806 -32.961721132365795 -3.072636976265724 -0.98396091007110165 654.26004317051115 -0.0029858804880773578 -0.0011779605555973793 -0.0024765710114993834 0
2626 1 1 308620800 -31559529.654781394 140260233.07149294 6039520.1529270839 -32.845756357956219 -3.6149303616858535 -1.0077764207812685 654.25101362302405 -0.0030528011181000163 -0.0012451588984288575 -0.0025098441034362242 0
2627 1 1 308707200 -34392028.407170318 139924645.48186076 5951436.8165748036 -32.719674649190019 -4.152493956986727 -1.0311085758000871 654.24179560222171 -0.0031134558644257009 -0.0013120435032257995 -0.0025373003382340967 0
2628 1 1 308793600 -37213203.788310729 139542824.6806953 5861358.7008361425 -32.583674844770918 -4.6851076923020525 -1.0539508261537878 654.23240643923191 -0.0031675750331631755 -0.0013782746262481372 -0.0025588529788333615 0
2629 1 1 308880000 -40022207.642397471 139115207.50570038 5769328.3956452645 -32.437960675500022 -5.2125608716528777 -1.0762971986889307 654.22286410839604 -0.003214925442223657 -0.0014435084104562792 -0.0025744474506180291 0
2630 1 1 308966400 -42818209.610249013 138642248.59157994 5675388.9822990093 -32.282740291155001 -5.7346522309563808 -1.0981422916151722 654.21318713389985 -0.0032553153717508254 -0.001507401395512382 -0.0025840642621892513 0
2631 1 1 309052800 -45600397.490918547 138124419.55352557 5579583.9843142107 -32.118225794457352 -6.2511899708677756 -1.1194812691933818 654.20339448443474 -0.0032885983114718672 -0.0015696154888085101 -0.0025877204802237227 0
2632 1 1 309139200 -48367977.563408308 137562208.16897368 5481957.3187662689 -31.94463278388945 -6.7619917637332883 -1.1403098560507134 654.19350545767475 -0.0033146805652122177 -0.0016298056363345042 -0.0025854765745499829 0
2633 1 1 309225600 -51120174.796119399 136956117.5976097 5382553.3041901039 -31.762178090767712 -7.2668838010256511 -1.1606229404702542 654.18358076079915 -0.003333498012109836 -0.0016877051855005052 -0.0025774224372679551 0
2634 1 1 309312000 -53856233.842339151 136306665.1762957 5281416.0370571781 -31.571108338543471 -7.7657157843673197 -1.1804367941796299 654.17306356547294 -0.0036746376451292791 -0.0019141111760298836 -0.0028161956528417 0
2635 1 1 309398400 -56575420.666712739 135614380.86033592 5178588.2620450733 -31.371647273393222 -8.2583341444000862 -1.1997488551660358 654.1619654937067 -0.0036830311049700559 -0.0019734960428906367 -0.0027978308635665796 0
2636 1 1 309484800 -59277018.553337842 134879808.54755154 5074114.5293608541 -31.163994674136891 -8.744581242446106 -1.2185373659977232 654.15088254629268 -0.0036796143502087534 -0.0020273591134141043 -0.0027705034186244165 0
2637 1 1 309571200 -61960329.58736977 134103504.61212753 4968040.1044667326 -30.948378253160637 -9.2243220283761094 -1.2368016147542149 654.13980762434721 -0.0036646427773953856 -0.0020752507931724659 -0.0027346794137598131 0
2638 1 1 309657600 -64624675.493147224 133286036.74569136 4860410.3538346626 -30.725024967469228 -9.6974296180471899 -1.2545400654174415 654.12877274808966 -0.0036386088143476555 -0.0021169459892666303 -0.0026909154179826835 0
2639 1 1 309744000 -67269397.635151654 132427983.21521705 4751270.75335907 -30.494162435623359 -10.163786074948124 -1.2717517217060956 654.1178083627924 -0.0036022049091054263 -0.0021523382620674729 -0.0026399159374210501 0
2640 1 1 309830400 -69893857.060321271 131529932.09566005 4640666.8417330263 -30.256018595675268 -10.623282275854598 -1.2884361255694352 654.10694288074365 -0.0035562876518071725 -0.0021814541690971107 -0.0025824864429431268 0
2641 1 1 309916800 -72497434.512714848 130592480.51383792 4528644.1731933681 -30.010821420761811 -11.075817792951655 -1.3045933834550252 654.09620124318837 -0.0035024081500410645 -0.0022047996072031232 -0.0025199104494660427 0
2642 1 1 310003200 -75079530.423982501 129616233.90310384 4415248.2682748931 -29.758798603728913 -11.52130073770101 -1.3202241572493212 654.0856045424481 -0.0034416208590899128 -0.0022226502880211213 -0.0024530773623299175 0
2643 1 1 310089600 -77639564.871935442 128601805.27529669 4300524.569225424 -29.500177160291255 -11.959647531901204 -1.3353295850493734 654.07517188836619 -0.0033744332340336779 -0.0022349805378587026 -0.0023824638022718757 0
2644 1 1 310176000 -80176977.50794825 127549814.51155706 4184518.4004613799 -29.235183129641705 -12.390782717067186 -1.3499112614178466 654.06492040741364 -0.0033018571798102787 -0.0022421314978178877 -0.0023088878358982199 0
2645 1 1 310262400 -82691227.462292939 126460887.6680142 4067274.9285219354 -28.964041325918714 -12.814638777663081 -1.3639712420589227 654.05486443683208 -0.0032248612347003575 -0.0022444741765769455 -0.0022331127011271951 0
2646 1 1 310348800 -85181793.227010533 125335656.29807012 3948839.122871628 -28.686975087533021 -13.23115594735566 -1.3775120342850413 654.04501512892534 -0.0031446958645470788 -0.0022426391144349683 -0.002156071144096217 0
2647 1 1 310435200 -87648172.518151328 124174756.79147014 3829255.7173073953 -28.4042060290984 -13.640281999739777 -1.3905365778731644 654.03538036551913 -0.0030623054332239411 -0.0022371139768365984 -0.002078456486147641 0
2648 1 1 310521600 -90089882.113795996 122978829.73419754 3708569.1753974864 -28.115953733287565 -14.041971977691343 -1.403048174443102 654.02596646110874 -0.0029779415185696993 -0.0022279307003151977 -0.0020004732890885851 0
2649 1 1 310608000 -92506457.666498765 121748519.29189986 3586823.6616922813 -27.822435495229854 -14.436187940162455 -1.4150504436999656 654.01677902531173 -0.0028920112177162759 -0.0022152540100875964 -0.0019224252156553874 0
2650 1 1 310694400 -94897453.497790888 120484472.61292587 3464063.0143192378 -27.523866141741482 -14.822898747190562 -1.4265473204985262 654.0078224386217 -0.0028050198368422923 -0.0021993509269660132 -0.001844671910687984 0
2651 1 1 310780800 -97262442.377180248 119187339.25040194 3340330.7182222344 -27.22045785328028 -15.202079834242939 -1.4375430430113199 653.99909961749586 -0.0027175026650321792 -0.0021805458567233887 -0.0017675809689816156 0
2652 1 1 310867200 -99601015.285800532 117857770.60433953 3215669.879832651 -26.912419984182627 -15.573712972279663 -1.4480421299184005 653.99061217253131 -0.0026298533114416686 -0.0021590872654410559 -0.0016914155211570627 0
2653 1 1 310953600 -101912781.17451273 116496419.37652822 3090123.1978389118 -26.599959134322791 -15.937786228332614 -1.4580495065826096 653.98235481873496 -0.0025423161592821302 -0.0021351114823404578 -0.0016163362039143239 0
2654 1 1 311040000 -104197366.59219138 115103939.14589055 2963733.0087972437 -26.283274956749015 -16.294290261635719 -1.4675679462332822 653.97441381583917 -0.0024097230012533953 -0.0020698615489544042 -0.0015140036407709195 0
2655 1 1 311126400 -106454415.22813258 113680984.02947871 2836541.3799618431 -25.962567883630747 -16.643224759716446 -1.4766030073142487 653.9667763330134 -0.0023303550406497623 -0.0020468328031210104 -0.0014463722740222561 0
2656 1 1 311212800 -108683588.24196754 112228207.68248548 2708589.7016135217 -25.638038334215505 -16.984597693859882 -1.4851625654818519 653.95934639125574 -0.0022502689419588847 -0.0020207008317985518 -0.0013792212852126763 0
2657 1 1 311299200 -110884563.71234919 110746263.05556871 2579918.8318284359 -25.309878806019363 -17.318418444012369 -1.4932518799594752 653.95213432428613 -0.0021697121696990854 -0.001991613246298235 -0.0013127174435269985 0
2658 1 1 311385600 -113057036.20875899 109235802.06466398 2450569.1580953705 -24.978278499383649 -17.644701526213446 -1.5008765698065669 653.94514265175917 -0.0020889159246632594 -0.0019597014166691826 -0.0012470250048618747 0
2659 1 1 311472000 -115200716.48931873 107697475.16884789 2320580.5755737815 -24.643422938565589 -17.963466109771826 -1.5080424099058385 653.93837334311979 -0.0020080953002600444 -0.0019251018314005465 -0.0011822918639483575 0
2660 1 1 311558400 -117315331.18011507 106131930.97816174 2189992.4742850214 -24.305493902741638 -18.274735789369462 -1.5147553159846043 653.93182785198758 -0.0019274509937885959 -0.0018879522391728033 -0.0011186534289762157 0
2661 1 1 311644800 -119400622.44904171 104539815.88099101 2058843.7275579509 -23.964669368010043 -18.578538360435257 -1.521021330473231 653.92550714986305 -0.0018471695452152812 -0.0018483910743122996 -0.0010562330804600394 0
2662 1 1 311731200 -121456347.67508435 102921773.69068007 1927172.6816743375 -23.621123459782496 -18.874905598565505 -1.5268466088818593 653.91941175839463 -0.0017674240591383603 -0.0018065572320089614 -0.00099514288607299066 0
2663 1 1 311817600 -123482279.11392336 101278445.31101672 1795017.1466666597 -23.275026415107636 -19.163873043368543 -1.5322374067530122 653.91354177870301 -0.0016883753078257382 -0.0017625902903490186 -0.0009354845336408071 0
2664 1 1 311904000 -125478203.56069298 99610468.420189947 1662414.3882180289 -22.92654455441043 -19.445479787053948 -1.5372000671928225 653.90789691746022 -0.0016101726325547336 -0.0017166306355390487 -0.00087735007890758418 0
2665 1 1 311990400 -127443922.01068549 97918477.172798723 1529401.1206149582 -22.575840262115882 -19.719768268018395 -1.5417410089686667 653.90247651006007 -0.0015329549174547706 -0.0016688196421050189 -0.00082082271149715765 0
2666 1 1 312076800 -129379249.31838571 96203101.919881061 1396013.5008905747 -22.223071966676571 -19.986784059506107 -1.5458667105432757 653.89727977942607 -0.0014568514459636778 -0.0016193001356543781 -0.00076597735924926655 0
2667 1 1 312163200 -131284013.85877576 94464968.942860395 1262287.122424796 -21.868394251080073 -20.246575801904594 -1.5495837582466723 653.89230283487382 -0.0013836111264763711 -0.0015700639375802463 -0.00071372031065095444 0
2668 1 1 312249600 -133158057.2028646 92704700.187829971 1128257.0022661167 -21.511958008348945 -20.499195194788047 -1.5528989091484513 653.8875345570608 -0.0013154987743652395 -0.0015238647933714527 -0.00066514538730701991 0
2669 1 1 312336000 -135001233.80390334 90922913.002802148 993957.56499942474 -21.153910562020513 -20.744696966696228 -1.5558191238662824 653.88295340277978 -0.0012552681558943208 -0.0014842531294368914 -0.0006214897036556198 0
2670 1 1 312422400 -136813410.67320737 89120219.902223989 859422.63415595796 -20.794395098193377 -20.983138025314904 -1.5583512593004272 653.87854305179155 -0.001197419617750163 -0.0014451071734302055 -0.00057988705894912137 0
2671 1 1 312508800 -138594467.00023553 87297228.414251491 724685.45294511283 -20.433550454133009 -21.214576990263673 -1.5605019513079732 653.87429892477235 -0.0011414855875693348 -0.0014059701253795593 -0.00054007485699566495 0
2672 1 1 312595200 -140344293.80164751 85454540.913478896 589778.69154613512 -20.071511583523954 -21.439074518932998 -1.5622778313273569 653.87021659325421 -0.0010874227706622636 -0.0013668731294210197 -0.00050200560494935984 0
2673 1 1 312681600 -142062793.5878284 83592754.451149926 454734.44751307584 -19.708409598706623 -21.656693155007744 -1.5636855226233088 653.86629156085735 -0.0010352559448714739 -0.0013279331208135301 -0.00046566330794148612 0
2674 1 1 312768000 -143749880.03281158 81712460.598728552 319584.24671130115 -19.344371811771332 -21.867497175938325 -1.5647316342260598 653.86251920072084 -0.00098500018038916257 -0.0012892596518553447 -0.00043102550694907129 0
2675 1 1 312854400 -145405477.64771098 79814245.304668546 184359.0448663967 -18.979521776372241 -22.071552441980192 -1.5654227536541987 653.85889478855972 -0.00093666297708424186 -0.0012509566420120506 -0.00039806453726279101 0
2676 1 1 312940800 -147029521.4578433 77898688.764108032 49089.229757262794 -18.613979330945526 -22.268926247573084 -1.5657654391511657 653.85541360745538 -0.00089024319068806178 -0.0012131203680301723 -0.00036674721715180322 0
2677 1 1 313027200 -148621956.68513522 75966365.299219131 -86195.376498000449 -18.247860690463956 -22.459687240868394 -1.5657662303448481 653.85206973485663 -0.0008462557479819873 -0.0011765670218010478 -0.00033724371647629424 0
2678 1 1 313113600 -150182738.43758649 74017843.247584417 -221465.51565303782 -17.881278473304327 -22.643905257209283 -1.5654316309465048 653.84885678983642 -0.00080434386540360751 -0.0011409387595106744 -0.00030935953599844652 0
2679 1 1 313200000 -151711831.39779884 72053684.869390637 -356692.48871341313 -17.514341711156021 -22.821651129134047 -1.5647680847759062 653.84576927668309 -0.00076440519123310087 -0.0011062102275727894 -0.0002830107257519821 0
2680 1 1 313286400 -153209209.51666102 70074446.2652089 -491848.1510396559 -17.14715592380584 -22.992996584687184 -1.5637819788654233 653.84280214541252 -0.00072624642636880848 -0.001072214229959807 -0.00025808426374569207 0
2681 1 1 313372800 -154674855.71231884 68080677.304034814 -626904.90720228408 -16.779823179669247 -23.158014129744835 -1.5624796397472709 653.83995081846285 -0.00068978225762319795 -0.0010389274070239541 -0.00023451255689650995 0
2682 1 1 313459200 -156108761.57518417 66072921.560215503 -761835.70579912374 -16.41244216898982 -23.316776951562037 -1.5608673339252812 653.83721089172491 -0.0006549848224518544 -0.0010064081225670037 -0.00021224929421232501 0
2683 1 1 313545600 -157510927.07974741 64051716.257761717 -896614.03440952033 -16.04510829658318 -23.469358857340097 -1.5589512732839297 653.83457725277322 -0.00062219717500328639 -0.00097529631719189109 -0.00019136081519067688 0
2684 1 1 313632000 -158881360.30607265 62017592.21706219 -1031213.9154335988 -15.677913805689904 -23.615834269419228 -1.5567376272460129 653.83204220402661 -0.00059209457427099918 -0.00094680966245002307 -0.00017198348964450524 0
2685 1 1 313718400 -160220077.16773966 59971073.808411457 -1165609.901602587 -15.310947762581911 -23.756278005918233 -1.5542324919032942 653.82959798642196 -0.00056390367936995454 -0.00091989666664342136 -0.00015380802515561141 0
2686 1 1 313804800 -161527101.13428277 57912678.931329153 -1299777.0677802491 -14.944296020798307 -23.890765021895781 -1.5514418587904506 653.82724010806055 -0.00053693044619027171 -0.00089354500112076097 -0.00013659411805335274 0
2687 1 1 313891200 -162802462.95827687 55842919.004186943 -1433691.0025633017 -14.578041342270797 -24.019370398626801 -1.5483716325679471 653.82496578866949 -0.00051117642199784152 -0.00086783484882459747 -0.00012031235959928578 0
2688 1 1 313977600 -164046200.4177689 53762298.945961289 -1567327.8023696381 -14.212263647512097 -24.142169567315083 -1.5450276728832062 653.82276800581997 -0.00048862832781145036 -0.00084628762033506471 -0.00010535912032995648 0
2689 1 1 314064000 -165258358.08751446 51671317.124761082 -1700664.069969682 -13.847040404102865 -24.25923881116692 -1.5414158459994607 653.82062445106726 -0.00047316010202402744 -0.00083604117230883315 -9.2333028183068521e-05 0
2690 1 1 314150400 -166438987.1190818 49570465.304944195 -1833676.9117550384 -13.482446206324363 -24.370654368881777 -1.5375419022222363 653.8185136211041 -0.00046035338111294414 -0.00082984837428753738 -8.0047364125664816e-05 0
2691 1 1 314236800 -167588144.96912366 47460228.700398818 -1966343.9222401418 -13.118552511035199 -24.476491770567794 -1.533411411971676 653.81642623133803 -0.00044953953443922567 -0.00082674655111931918 -6.8245997735992303e-05 0
2692 1 1 314323200 -168705895.14808384 45341086.01060985 -2098643.1727189892 -12.755427998575886 -24.57682625467023 -1.529029841024852 653.81435575747525 -0.0004397414770746915 -0.00082510677807292492 -5.6682527734209092e-05 0
2693 1 1 314409600 -169792306.98110193 43213509.45305042 -2230553.2021393073 -12.393138602113691 -24.671732621380315 -1.5244025508653363 653.81230000894425 -0.00043010695220724971 -0.00082339962197807369 -4.5206749014073618e-05 0
2694 1 1 314496000 -170847455.37659603 41077964.798582494 -2362053.0088000535 -12.031747668195838 -24.761285335856879 -1.5195348168227159 653.8102580473726 -0.00042091491171932833 -0.00082217643538368579 -3.3838018830850538e-05 0
2695 1 1 314582400 -171871420.61049205 38934911.393826053 -2493122.0434865244 -11.671316109510014 -24.845558634748709 -1.51443183692563 653.80822717865703 -0.00041245216361713173 -0.00082204576547994363 -2.2565302373118756e-05 0
2696 1 1 314668800 -172864288.11732349 36784802.185869135 -2623740.2024903414 -11.311902422774674 -24.924626383353662 -1.5090987246438701 653.80620472383373 -0.00040438768393437672 -0.00082241120496019736 -1.1331589933512255e-05 0
2697 1 1 314755200 -173826148.28186867 34628083.761409529 -2753887.8201621561 -10.953562712195893 -24.99856194068316 -1.5035405074361416 653.80418967081948 -0.00039641907601958203 -0.00082268494639830745 -1.1247524248980433e-07 0
2698 1 1 314841600 -174757096.23619926 32465196.390842661 -2883545.661656145 -10.596350782233698 -25.067438164395465 -1.4977621306154163 653.8021817661612 -0.00038853418564005986 -0.00082284273523506376 1.1092919334272885e-05 0
2699 1 1 314928000 -175657231.66499656 30296574.071036603 -3012694.9159117881 -10.240318223611421 -25.131327410593229 -1.491768458710494 653.80018077499665 -0.00038071803893642168 -0.00082285188066630961 2.2283712880146797e-05 0
2700 1 1 315014400 -176526658.6170378 28122644.570389271 -3141317.1886697239 -9.8855144775083588 -25.19030149573031 -1.4855642753566352 653.79818650561594 -0.0003729755068490554 -0.00082272070247126755 3.3458899562482843e-05 0
2701 1 1 315100800 -177365485.32240754 25943829.476584863 -3269394.4954700526 -9.531986903821398 -25.244431672229634 -1.479154282883284 653.79619863327309 -0.0003653559885251614 -0.00082255841528914783 4.4623690768148237e-05 0
2702 1 1 315187200 -178173824.01572073 23760544.245948069 -3396909.2545695854 -9.1797808515656794 -25.293788614882008 -1.4725431008237504 653.79421637809833 -0.00035795189965090284 -0.00082258139597366083 5.5796137126735909e-05 0
2703 1 1 315273600 -178951790.7646749 21573198.255451433 -3523844.2798203742 -8.8289397050074445 -25.338442357123608 -1.4657352677839941 653.79223914326542 -0.00035060860404633295 -0.00082244585116985583 6.6959289072376557e-05 0
2704 1 1 315360000 -179699505.30223414 19382194.860884566 -3650182.773802998 -8.4795049377185361 -25.378462248624068 -1.4587352431958152 653.79026680471327 -0.00034332845958904434 -0.00082215422436078577 7.8111365354740641e-05 0
2705 1 1 315446400 -180417090.86484781 17187931.455403615 -3775908.3209266793 -8.1315161852541813 -25.413916960002556 -1.4515474062911975 653.78829918334156 -0.00033612004278899411 -0.00082172373080835351 8.9251981771252257e-05 0
2706 1 1 315532800 -181104674.03618568 14990799.529145783 -3901004.8805083907 -7.7850113037948514 -25.444874461460365 -1.4441760562736847 653.78633603515618 -0.00032899703272450039 -0.00082118582049981077 0.00010038328541943608 0
2707 1 1 315619200 -181762384.5958373 12791184.730732648 -4025456.7798881358 -7.4400264255361019 -25.471401998179243 -1.4366254132780656 653.78437713707785 -0.00032194233753122251 -0.00082049648837645808 0.00011149877062356836 0
2708 1 1 315705600 -182390355.37270841 10589466.930914596 -4149248.7076474116 -7.0965960140313706 -25.493566070254584 -1.4288996192319408 653.7824223259646 -0.0003149581868269833 -0.00081965822163973566 0.00012259649147143144 0
2709 1 1 315792000 -182988722.10332236 8386020.2874432197 -4272365.7068576068 -6.7547529207421544 -25.511432420392179 -1.4210027381028769 653.78047143097069 -0.00030804679255961459 -0.00081867353200238877 0.00013367443312816638 0
2710 1 1 315878400 -183557623.29486251 6181213.3111507175 -4394793.1683742283 -6.4145284387196257 -25.525066019376315 -1.4129387565970222 653.77852427839173 -0.00030121026687833009 -0.00081754495875104342 0.00014473063009594824 0
2711 1 1 315964800 -184097200.0928055 3975408.9331999896 -4516516.8241921542 -6.0759523551788286 -25.534531053468406 -1.4047115848769869 653.77658069188499 -0.00029445064244887126 -0.00081627506264673772 0.00015576313838113192 0
2712 1 1 316051200 -184607596.15304431 1768964.5733552971 -4637522.7408652743 -5.7390530028538755 -25.53989091336955 -1.396325057333432 653.77464049306093 -0.00028776986948060899 -0.00081486643201197429 0.000166770036533265 0
2713 1 1 316137600 -185088957.51839936 -437767.79086821282 -4757797.3129926929 -5.4038573102465568 -25.541208184988662 -1.3877829333346825 653.77270349653452 -0.00028117114789154144 -0.00081332548808950994 0.00017775023119295051 0
2714 1 1 316224000 -185541432.49941951 -2644441.554322219 -4877327.2567703044 -5.0703908506006057 -25.538544641465904 -1.3790888980350033 653.77076950782805 -0.00027465662303480503 -0.0008116561172692051 0.00018870227642122441 0
2715 1 1 316310400 -185965171.55934834 -4850715.4136729287 -4996099.6036218405 -4.738677889371397 -25.531961235668199 -1.3702465634068337 653.76883833678244 -0.00026822599149470727 -0.00080985526475983141 0.00019962317868499522 0
2716 1 1 316396800 -186360327.20314467 -7056253.2962665865 -5114101.693919179 -4.4087414307326869 -25.521518094599244 -1.3612594691831308 653.76690979914235 -0.00026188090000833542 -0.0008079255929456272 0.0002105111005253209 0
2717 1 1 316483200 -186727053.87048367 -9260724.2886046469 -5231321.1707762955 -4.0806032630686007 -25.507274515515423 -1.3521310837096985 653.76498370874526 -0.00025562293204770161 -0.00080586978047152125 0.00022136420933284806 0
2718 1 1 316569600 -187065507.83262828 -11463802.564505398 -5347745.9739232901 -3.7542840031132978 -25.489288962676991 -1.3428648049172824 653.7630598783004 -0.00024945359366188534 -0.00080369052489208718 0.00023218070358023418 0
2719 1 1 316656000 -187375847.09306309 -13665167.31303196 -5463364.3336649407 -3.4298031389303185 -25.467619065175903 -1.333463961306899 653.7611381195959 -0.00024337432034528481 -0.00080139053891399917 0.0002429588114433526 0
2720 1 1 316742400 -187658231.29179284 -15864502.666275436 -5578164.7649252554 -3.1071790717349494 -25.442321615743527 -1.323931812954273 653.75921824371778 -0.00023738647417767628 -0.00079897254195132215 0.00025369678647653687 0
2721 1 1 316828800 -187912821.61320367 -18061497.627075121 -5692136.0613794951 -2.7864291565736861 -25.413452570477347 -1.3142715525301309 653.75730006126594 -0.00023149134301504417 -0.00079643926835293668 0.00026439291219218893 0
2722 1 1 316915200 -188139780.69739145 -20255845.996752709 -5805267.2896749424 -2.4675697418774885 -25.381067049427749 -1.3044863063338969 653.75538338256365 -0.00022569014589154403 -0.00079379345910011111 0.00027504549777621903 0
2723 1 1 317001600 -188339272.55485836 -22447246.302932292 -5917547.7837414807 -2.1506162079061206 -25.345219337988318 -1.2945791353383951 653.75346801786588 -0.00021998403591825901 -0.00079103786473930682 0.00028565288396389162 0
2724 1 1 317088000 -188511462.48448497 -24635401.727513272 -6028967.1391928308 -1.835583004101069 -25.305962889036437 -1.2845530362431075 653.7515537775588 -0.00021437409911704723 -0.00078817524246030792 0.00029621344197881252 0
2725 1 1 317174400 -188656516.99468184 -26820020.034858797 -6139515.2078190958 -1.5224836853650467 -25.263350325772652 -1.2744109425346366 653.74964047236733 -0.00020886134879014682 -0.0007852083517008552 0.00030672557118959848 0
2726 1 1 317260800 -188774603.72763109 -29000813.500257861 -6249182.0921711586 -1.2113309472883922 -25.217433445210407 -1.2641557255520655 653.74772791355883 -0.00020344673525237754 -0.00078213995464295936 0.00031718770316397938 0
2727 1 1 317347200 -188865891.38652614 -31177498.838715479 -6357958.140237296 -0.90213666034264561 -25.16826322227049 -1.2537901955554385 653.74581591313506 -0.00019813114482965645 -0.00077897281747285889 0.00032759829973576341 0
2728 1 1 317433600 -188930549.66572204 -33349797.134121064 -6465833.9402121464 -0.59491190306095798 -25.115889814435672 -1.2433171027957417 653.74390428402319 -0.00019291539940127398 -0.00077570970343105263 0.00033795585718918072 0
2729 1 1 317520000 -188968749.1837098 -35517433.768841669 -6572800.3153581675 -0.28966699422637393 -25.060362566923725 -1.2327391385849131 653.74199284026474 -0.00018780025761529722 -0.00077235337435841735 0.00034825890322049248 0
2730 1 1 317606400 -188980661.41882917 -37680138.353783175 -6678848.3189594923 0.013588475910922439 -25.001730018339984 -1.2220589363648746 653.74008139720161 -0.00018278641430837986 -0.00076890658974336544 0.00035850599669418423 0
2731 1 1 317692800 -188966458.64763808 -39837644.658959165 -6783969.2293680441 0.31484561536560324 -24.940039906771069 -1.2112790727736866 653.73816977165473 -0.00017787450702738114 -0.00076537210072703723 0.0003686957316330779 0
2732 1 1 317779200 -188926313.8858566 -41989690.5446041 -6888154.5451416299 0.61409620107729901 -24.87533917628425 -1.2004020687082793 653.73625778210703 -0.00017306511213681017 -0.00076175265484180598 0.0003788267331075236 0
2733 1 1 317865600 -188860400.83180612 -44136017.892864473 -6991395.9802735299 0.91133265047577827 -24.807673983805525 -1.1894303903788064 653.73434524876063 -0.00016835877055401552 -0.00075805108411220238 0.00038889771368630388 0
2734 1 1 317952000 -188768893.81226838 -46276372.540100016 -7093685.4595125699 1.2065479939272317 -24.737089706354237 -1.1783664503480498 653.73243199327021 -0.00016375600076752082 -0.00075427037897262935 0.00039890751235888578 0
2735 1 1 318038400 -188651967.73068592 -48410504.20982188 -7195015.1137735005 1.4997358480566936 -24.663630948532447 -1.16721260859344 653.73051783954213 -0.00015925712441341425 -0.00075041291640533811 0.0004088546868823237 0
2736 1 1 318124800 -188509798.01763156 -50538166.446289003 -7295377.275639561 1.7908903899093489 -24.587341550304085 -1.1559711735579763 653.72860261437768 -0.00015486249000510823 -0.00074648139459631679 0.00041873800321505272 0
2737 1 1 318211200 -188342560.58347601 -52659116.548793629 -7394764.4749522526 2.080006331902406 -24.508264595159371 -1.1446444031195566 653.72668614556767 -0.00015057260657467392 -0.00074247947089492797 0.00042855682976869285 0
2738 1 1 318297600 -188150431.77318391 -54773115.506659351 -7493169.4344860725 2.3670788976085855 -24.426442418365962 -1.1332345056300726 653.72476826275397 -0.00014638759527590189 -0.00073840931686318747 0.00043830974384474595 0
2739 1 1 318384000 -187933588.32316697 -56879927.934954122 -7590585.0657167118 2.6521037983322677 -24.341916615355881 -1.1217436409879407 653.72284879967651 -0.0001423075439295977 -0.00073427316190400303 0.00044799536997207394 0
2740 1 1 318470400 -187692207.32013038 -58979322.010943532 -7687004.4646771858 2.9350772104073766 -24.25472805044657 -1.1101739216149797 653.72092759346162 -0.00013833258955427418 -0.00073007363802266522 0.00045761260801513356 0
2741 1 1 318556800 -187426466.16184774 -61071069.411305003 -7782420.907897641 3.215995753234326 -24.164916865709721 -1.0985274134279752 653.71900448416147 -0.00013446281911654371 -0.00072581335496893994 0.00046716039224332668 0
2742 1 1 318643200 -187136542.51980358 -63154945.250112712 -7876827.8484297385 3.4948564680396772 -24.072522489950391 -1.086806136818117 653.71707931491267 -0.0001306982723246249 -0.00072149490822527584 0.00047663768425699278 0
2743 1 1 318729600 -186822614.30363905 -65230728.017601803 -7970218.9119564043 3.7716567973392396 -23.97758364776012 -1.075012067650343 653.71515193307005 -0.00012703893907677687 -0.00071712085815906835 0.00048604349915100787 0
2744 1 1 318816000 -186484859.62734798 -67298199.519744515 -8062587.8929702938 4.0463945649358264 -23.880138369481298 -1.0631471377038417 653.71322217493935 -0.00012348636097244198 -0.00071270292816567481 0.00049538312716356674 0
2745 1 1 318902400 -186123456.77716836 -69357144.818666831 -8153928.7510059783 4.3190679568239236 -23.780223999843741 -1.0512132360435427 653.71128987916984 -0.00012003887879313724 -0.00070823503057451534 0.00050465006959216378 0
2746 1 1 318988800 -185738584.1810855 -71407352.173758239 -8244235.6070281602 4.5896755027372755 -23.677877206614216 -1.039212210437642 653.70935490151976 -0.00011669630412775542 -0.00070371946523459759 0.00051384334596637907 0
2747 1 1 319075200 -185330420.37992042 -73448612.983628601 -8333502.7398777166 4.8582160580587868 -23.573133990739649 -1.0271458678109522 653.70741710062021 -0.00011345844572654013 -0.00069915867102259878 0.0005229620803439281 0
2748 1 1 319161600 -184899143.99994785 -75480721.728902623 -8421724.582783021 5.1246887864632606 -23.466029695789025 -1.0150159751727375 653.70547633876345 -0.00011032507268624156 -0.00069455505571923903 0.0005320054365981282 0
2749 1 1 319248000 -184444933.72698948 -77503475.915832534 -8508895.7199497744 5.3890931431352715 -23.356599017462464 -1.0028242605062707 653.70353248196921 -0.00010729591741100648 -0.0006899110130252009 0.00054097261851241015 0
2750 1 1 319334400 -183967968.2819314 -79516676.020734653 -8595010.8832270317 5.6514288585492993 -23.244876013125605 -0.99057241364293269 653.70158539996498 -0.0001043706781973949 -0.00068522893914129009 0.00054986288601709696 0
2751 1 1 319420800 -183468426.39762041 -81520125.435248792 -8680064.9488483742 5.9116959227961345 -23.130894111346269 -0.97826208713101748 653.69963496634466 -0.00010154900576589176 -0.00068051111787868594 0.00055867543895345151 0
2752 1 1 319507200 -182946486.79708976 -83513630.41241312 -8764052.9342553969 6.1698945704710013 -23.01468612120339 -0.96589489727738176 653.69768106365711 -9.8830494427439258e-05 -0.00067575983506750479 0.00056740958994001476 0
2753 1 1 319593600 -182402328.17308411 -85497000.013654783 -8846969.9949168488 6.4260252655745385 -22.896284245177611 -0.95347242217632888 653.6957235100715 -9.6220436286977584e-05 -0.00067101871615099094 0.00057609931299134839 0
2754 1 1 319680000 -181836129.16885445 -87470046.056805506 -8928811.4210469741 6.6800886877070065 -22.775720086377223 -0.94099620432924824 653.69376210815528 -9.3713933698060046e-05 -0.0006662596278579426 0.00058472012418899725 0
2755 1 1 319766400 -181248068.36008701 -89432583.064462006 -9009572.6347824503 6.9320857189570857 -22.653024654062861 -0.92846775474744292 653.6917967311831 -9.130911995540397e-05 -0.00066147491329554672 0.00059326349678485014 0
2756 1 1 319852800 -180638324.23800039 -91384428.213212326 -9089249.1873964649 7.1820174303129267 -22.528228375793649 -0.91588855160364691 653.68982726539741 -8.900580431935307e-05 -0.00065666895392313212 0.00060173090916392261 0
2757 1 1 319939200 -180007075.19358385 -93325401.283823311 -9167836.7564629037 7.4298850688063371 -22.401361107596969 -0.90326004038136831 653.68785359345475 -8.6804553158844784e-05 -0.00065185212495151633 0.00061012961666047664 0
2758 1 1 320025600 -179354499.50294182 -95255324.612422645 -9245331.1429162454 7.6756900445378422 -22.272452148583987 -0.89058362966687576 653.68587547335471 -8.471552005636324e-05 -0.00064711173748169119 0.00061854032755695541 0
2759 1 1 320112000 -178680775.31380251 -97174023.043437764 -9321728.2672579698 7.9194339168157644 -22.141530266401237 -0.87786067599172124 653.68389215935076 -8.2762231905670738e-05 -0.00064264828491955562 0.00062715918499741806 0
2760 1 1 320198400 -177986080.63304746 -99081323.8834894 -9397024.1656150557 8.1611183861390568 -22.00862367944066 -0.86509250962887607 653.68190301871061 -8.090963408568906e-05 -0.00063819766890765015 0.0006357416396033939 0
2761 1 1 320284800 -177270593.3148241 -100977056.85296333 -9471214.988817025 8.4007452848915829 -21.873760051251871 -0.85228044980937745 653.67990787747488 -7.9157032118210328e-05 -0.00063376147649392965 0.00064428922351647642 0
2762 1 1 320371200 -176534491.04976854 -102861054.03963681 -9544297.0003912169 8.6383165639800445 -21.736966520081012 -0.83942578662885481 653.67790655572287 -7.750187888136218e-05 -0.0006293260853888281 0.00065278734479901003 0
2763 1 1 320457600 -175777951.35520115 -104733149.85357602 -9616266.574184319 8.8738342826930676 -21.598269706184436 -0.82652978349388817 653.67589890865565 -7.5943437148515752e-05 -0.00062489193887138876 0.00066123511076403643 0
2764 1 1 320544000 -175001151.56620362 -106593180.98281525 -9687120.1920464467 9.1073005985193021 -21.457695722186369 -0.81359367649809411 653.67388479461374 -7.4485139649925659e-05 -0.00062049480565086327 0.00066966956687366727 0
2765 1 1 320630400 -174204268.82766968 -108440986.35087255 -9756854.4404221363 9.3387177538200028 -21.315270213495946 -0.80061864066577437 653.67186329469291 -7.317749634052545e-05 -0.00061657715648153063 0.00067857554723529012 0
2766 1 1 320716800 -173387480.08760077 -110276407.0787362 -9825466.0028527994 9.5680880623710181 -21.171018404083291 -0.78760574724204524 653.66983176097392 -7.2069941769945331e-05 -0.0006135908310105978 0.00068848518857020423 0
2767 1 1 320803200 -172550962.09095579 -112099286.44567582 -9892951.6543755662 9.7954139125454613 -21.02496500072051 -0.77455607727012765 653.66778838740174 -7.1057761683497546e-05 -0.00061065043669430812 0.00069845126787254879 0
2768 1 1 320889600 -171694891.37329289 -113909469.84235722 -9959308.2652625255 10.02069775822085 -20.877134203444328 -0.76147072076119759 653.6657321696697 -7.0188693718704144e-05 -0.00060817481685138282 0.00070896314589709471 0
2769 1 1 320976000 -170819444.25591138 -115706804.73113568 -10024532.797829911 10.243942105982947 -20.727549750847942 -0.74835073958341736 653.66366202472932 -6.9421663361551059e-05 -0.00060581473633598674 0.00071963689573557659 0
2770 1 1 321062400 -169924796.84162363 -117491140.6063565 -10088622.304106817 10.465149501230211 -20.576234979853634 -0.73519710435576047 653.66157542421092 -6.8902312123789459e-05 -0.00060485846603670099 0.00073203614190643803 0
2771 1 1 321148800 -169011125.01277104 -119262328.96909958 -10151573.906871792 10.684322498995369 -20.423213023325786 -0.72201045971957722 653.65946334911587 -6.8850602679994987e-05 -0.00060727732681562798 0.00074868081175633202 0
2772 1 1 321235200 -168078604.42997313 -121020223.30337091 -10213384.778908487 10.901463684601559 -20.268506569747277 -0.70879141623641884 653.65731668528895 -6.9099943223035698e-05 -0.00061161834644268018 0.00076798035813261225 0
2773 1 1 321321600 -167127410.53039491 -122764679.04299057 -10274052.133051038 11.116575623134818 -20.112138251311517 -0.69554005747329362 653.65511581786109 -7.0375304131628277e-05 -0.00062429636032363181 0.00079827634557373564 0
2774 1 1 321408000 -166157718.53066719 -124495553.57455988 -10333573.166962462 11.32966088429056 -19.954130365643977 -0.68225629273647859 653.65283820491072 -7.2059997508517717e-05 -0.00063983125265095126 0.00083301937720084581 0
2775 1 1 321494400 -165169703.42175233 -126212706.16412947 -10391945.10476258 11.540722112618226 -19.794504195653616 -0.66894073964653344 653.65047705576865 -7.389007686467146e-05 -0.00065581558917532324 0.00086922896325768878 0
2776 1 1 321580800 -164163539.96511835 -127915997.89047819 -10449165.233573493 11.749761968809702 -19.633280474434429 -0.65559417193303882 653.6480293487773 -7.5872708565043155e-05 -0.00067223668717366746 0.00090693113467495493 0
2777 1 1 321667200 -163139402.69264323 -129605291.60696505 -10505230.905639993 11.956783105796248 -19.470479547515012 -0.64221732460339864 653.64549167059067 -7.8015404788548591e-05 -0.00068908005144589421 0.00094614878683476602 0
2778 1 1 321753600 -162097465.90748817 -131280451.90776031 -10560139.535789879 12.161788163994263 -19.306121367165808 -0.62881091149348867 653.64286057738923 -8.0326022409900368e-05 -0.00070632947990362 0.00098690158564602244 0
2779 1 1 321840000 -161037903.68544117 -132941345.09418923 -10613888.599646993 12.364779765263998 -19.140225499824204 -0.61537562624743258 653.64013260227239 -8.2812758987703029e-05 -0.00072396716397043462 0.0010292058521040718 0
2780 1 1 321926400 -159960889.87677434 -134587839.14171374 -10666475.631929286 12.565760507065525 -18.972811133435673 -0.60191214330558684 653.63730426282439 -8.5484140897689847e-05 -0.00074197376456454215 0.0010730744178039763 0
2781 1 1 322012800 -158866598.10859746 -136219803.66754511 -10717898.224832511 12.764732956805458 -18.803897084713011 -0.58842111889755677 653.63437206880815 -8.8349008225835571e-05 -0.00076032853384519017 0.0011185165556182423 0
2782 1 1 322099200 -157755201.78769228 -137837109.89888015 -10768154.02649965 12.961699646367013 -18.633501806317305 -0.57490319203411988 653.6313325298737 -9.1416501726927955e-05 -0.00077900943771326775 0.0011655379214197657 0
2783 1 1 322185600 -156626874.10381156 -139439630.6417546 -10817240.739576044 13.156663066816748 -18.461643393960948 -0.561358985497456 653.62818216327673 -9.4696042515441094e-05 -0.00079799327208436729 0.0012141405035334385 0
2784 1 1 322272000 -155481788.0334281 -141027240.25050655 -10865156.11984989 13.34962566328187 -18.288339593433538 -0.54778910682831572 653.62491750158893 -9.819731063011814e-05 -0.00081725580095851915 0.0012643225995595309 0
2785 1 1 322358400 -154320116.34391904 -142599814.59783795 -10911897.974987974 13.540589830010859 -18.113607807396701 -0.53419414955576805 653.62153510525116 -0.00010193023116226235 -0.00083677197489364361 0.0013160789582889059 0
2786 1 1 322444800 -153142031.59817773 -144157231.04553434 -10957464.163258303 13.729557905294472 -17.937465104542344 -0.52057469054354644 653.61803149859929 -0.00010590857368575491 -0.00085654565818832828 0.0013694479845006524 0
2787 1 1 322531200 -151947706.1596604 -145699368.41597798 -11001852.59200884 13.916532166752916 -17.759928226805563 -0.50693129011718163 653.61440316184792 -0.00011014316448126096 -0.00087655304516990587 0.0014244237269934908 0
2788 1 1 322617600 -150737312.19779494 -147226106.96396625 -11045061.216658307 14.101514827542884 -17.581013590163383 -0.49326450242847375 653.61064672415716 -0.00011464001734766675 -0.00089673011368078342 0.0014809315828736567 0
2789 1 1 322704000 -149511021.69375205 -148737328.3490369 -11087088.039923858 14.284508031157445 -17.40073730095698 -0.47957486188679077 653.60675868034286 -0.00011942540342144038 -0.00091719252993291845 0.0015391811814060158 0
2790 1 1 322790400 -148269006.4466539 -150232915.6100609 -11127931.10883981 14.465513846698727 -17.219115185292587 -0.46586285413947826 653.60273477602732 -0.00012457389088312313 -0.00093815341549944686 0.001599682241688518 0
2791 1 1 322876800 -147011438.08471367 -151712753.14057061 -11167588.49467087 14.644534137962671 -17.036162764732794 -0.45212848557656166 653.59856392898735 -0.0001309628930083822 -0.00095933541131450585 0.0016652585978698896 0
2792 1 1 322963200 -145738488.05481839 -153176726.66188321 -11206058.35911186 14.821571521688064 -16.85189526273853 -0.43837489725606016 653.59428132513176 -0.00012748897933839492 -0.00098077503253105481 0.0016941936376600518 0
2793 1 1 323049600 -144450327.01944038 -154624719.73934349 -11243345.562530413 14.99664177694754 -16.666241783012236 -0.42476210700878458 653.59281829235351 -0.00013238241044012455 -0.001000119976479495 0.0017515712595808893 0
2794 1 1 323136000 -143147130.67879003 -156056649.22560367 -11279395.617029089 15.169553367282282 -16.48041500123098 -0.4090710186790304 653.55220989317229 -0.0026420259957845057 -0.016570738152330709 0.030622283563188434 0
2795 1 1 323222400 -141829090.66429967 -157472532.25406614 -11313969.730916295 15.340301473846539 -16.294442867288733 -0.39124541913347 653.47141994206129 -0.0027364362510254297 -0.016774745001992202 0.03147373565992459 0
2796 1 1 323308800 -140496383.33565432 -158872290.01372275 -11347005.51179098 15.509073709236826 -16.107152500585123 -0.37345136943230889 653.39170219066443 -0.0028370924062054896 -0.016961773703536506 0.03232423659633054 0
2797 1 1 323395200 -139149179.9994728 -160255813.02449235 -11378498.639239848 15.675857332909771 -15.91864055188185 -0.35553621527753304 653.31013615315817 -0.0029407218043623808 -0.017137150971774331 0.0331662102992962 0
2798 1 1 323481600 -137787652.43930742 -161622996.27237818 -11408438.746635931 15.84065307880795 -15.728919265984844 -0.33750220357690519 653.22674714825268 -0.0030473515047883008 -0.017300956980374392 0.033999250239677349 0
2799 1 1 323568000 -136411972.38062152 -162973735.79070327 -11436815.662163205 16.003461558438868 -15.538000648997961 -0.31935160190422857 653.14156075993867 -0.0031570086477906577 -0.017453469949315344 0.034822849925184265 0
2800 1 1 323654400 -135022311.50062025 -164307928.6418556 -11463619.412820555 16.164283277165335 -15.345896516425238 -0.30108674461009438 653.05460321943713 -0.0032697114637962135 -0.017594958308051311 0.035636515746404314 0
2801 1 1 323740800 -133618841.4374738 -165625472.90097255 -11488840.230112407 16.323118633018133 -15.152618496941836 -0.28271003114800197 652.96590140535477 -0.0033854694769079553 -0.017725689675302702 0.03643976210180952 0
2802 1 1 323827200 -132201733.79964244 -166926267.64003631 -11512468.555642135 16.47996791550035 -14.958178037884673 -0.26422392533186168 652.87548284301909 -0.0035042836599455006 -0.017845931111348468 0.037232111899932314 0
2803 1 1 323913600 -130771160.17530316 -168210212.91243848 -11534495.046637291 16.634831304434741 -14.762586410619267 -0.24563095450604699 652.78337570222436 -0.0036261465757975765 -0.017955948992192137 0.038013096835638104 0
2804 1 1 324000000 -129327292.14187486 -169477209.73800451 -11554910.581401763 16.787708868850732 -14.565854715793229 -0.22693370869113116 652.68960879427482 -0.0037510425206761073 -0.018056008709297296 0.038782257435777186 0
2805 1 1 324086400 -127870301.27563736 -170727160.08846593 -11573706.264693573 16.9386005659075 -14.367993888475617 -0.2081348397129347 652.59421156847293 -0.003878947670399036 -0.018146374475774038 0.039539143230853162 0
2806 1 1 324172800 -126400359.16144253 -171959966.87337318 -11590873.433025692 17.087506239844057 -14.169014703199297 -0.18923706028600806 652.49721410752431 -0.0040098302922564047 -0.018227309207515193 0.040283313157278067 0
2807 1 1 324259200 -124917637.40251529 -173175533.92643973 -11606403.659885865 17.234425620956145 -13.968927778906213 -0.17024314306372731 652.39864712207088 -0.0041436508536947239 -0.018299074300483064 0.041014335574158976 0
2808 1 1 324345600 -123422307.63034117 -174373765.99230853 -11620288.760873964 17.379358324597785 -13.767743583787361 -0.15115591967972869 652.29854194482186 -0.004280362217382587 -0.018361929373469661 0.041731788336037905 0
2809 1 1 324432000 -121914541.51464002 -175554568.71373302 -11632520.798756121 17.522303850203372 -13.565472440027071 -0.13197827977942889 652.19693052422156 -0.0044199097774427886 -0.018416132101137975 0.042435258818090321 0
2810 1 1 324518400 -120394510.77341917 -176717848.61916998 -11643092.088436818 17.663261580412033 -13.362124528603593 -0.11271317008796039 652.09384541753013 -0.0045622318314085895 -0.018461937573405356 0.043124344193018804 0
2811 1 1 324604800 -118862387.18322615 -177863513.11056021 -11651995.201772274 17.802230776787123 -13.157709887835665 -0.093363591326708781 651.98931978524752 -0.0047072775958730342 -0.018499565634178202 0.043798662683748428 0
2812 1 1 324691200 -117318342.58855265 -178991470.45314178 -11659222.972864985 17.939210613863199 -12.952238480017177 -0.073932618721621421 651.88338737000811 -0.0048546229197383639 -0.018529889092916953 0.044457614537072469 0
2813 1 1 324777600 -115762547.77145047 -180101626.07028663 -11664777.94924777 18.074228356347177 -12.745628372821901 -0.054657627585247621 651.78028789910718 -0.005005643744597897 -0.01855061431305589 0.045101694004181771 0
2814 1 1 324864000 -114195184.18924825 -181193920.55455911 -11668575.223688096 18.206887059434202 -12.539172913979437 -0.032261265500587707 651.62117107674942 -0.01028184168441138 -0.035151058468384629 0.088149755890362072 0
2815 1 1 324950400 -112616466.15808679 -182268400.59510988 -11670260.035953024 18.337179647686941 -12.332869804270047 -0.0067415011452433907 651.40608453653749 -0.010514048496394491 -0.034978363800196671 0.088807421700333636 0
2816 1 1 325036800 -111026576.16522041 -183325006.75322148 -11669747.391568685 18.465495133850652 -12.125433500345279 0.018620662055808212 651.19396924977889 -0.010749443300578525 -0.034802780639758842 0.089445460566401222 0
2817 1 1 325123200 -109425686.39534117 -184363645.82696155 -11667040.305452159 18.591803796968858 -11.916966740411619 0.04405504981355219 650.98065502017312 -0.01098824485079691 -0.03462401750982274 0.0900637621682015 0
2818 1 1 325209600 -107813970.32199331 -185384229.21561331 -11662132.72238373 18.716103675825885 -11.707479479041632 0.069557372907306986 650.76617981943184 -0.011230240784648007 -0.034442347105950608 0.090662048702064069 0
2819 1 1 325296000 -106191601.59238569 -186386669.17466742 -11655018.959581029 18.838392709906241 -11.496981580037261 0.095123300005965347 650.5505821350016 -0.011475275324482176 -0.034257967084990876 0.091240072321425267 0
2820 1 1 325382400 -104558754.03637086 -187370878.80769348 -11645693.710171593 18.958668731742701 -11.285482811650221 0.12074846093846243 650.33390095709024 -0.011723187437779363 -0.034071071003043712 0.091797593458990315 0
2821 1 1 325468800 -102915601.67570925 -188336772.05825037 -11634152.046522059 19.076929466322962 -11.072992850382757 0.14642844731607998 650.11617576744288 -0.011973812081058985 -0.033881848102297885 0.092334380769950389 0
2822 1 1 325555200 -101262318.73340522 -189284263.70210359 -11620389.423508424 19.193172530062753 -10.859521284337873 0.17215881326445326 649.89744652796435 -0.012226980321451248 -0.03369048317195996 0.092850210968836194 0
2823 1 1 325641600 -99599079.64313224 -190213269.33973131 -11604401.681724157 19.307395429772171 -10.64507761652108 0.1979350761275544 649.67775366972251 -0.012482519475111434 -0.033497156420457599 0.093344868538313031 0
2824 1 1 325728000 -97926059.058748096 -191123705.38911229 -11586185.05062858 19.419595561607156 -10.429671268091106 0.22375271715038458 649.4571380822556 -0.012740253230239865 -0.033302043285823216 0.093818145657534088 0
2825 1 1 325814400 -96243431.863901168 -192015489.0787929 -11565736.151636301 19.529770210007214 -10.213311581567796 0.24960718216285241 649.23564110280995 -0.013000001755904159 -0.033105314386584005 0.094269842190427292 0
2826 1 1 325900800 -94551373.181729153 -192888538.4412308 -11543052.001148118 19.637916546615024 -9.9960078240053605 0.2754938822438236 649.01330450580565 -0.01326158185697947 -0.032907135412711272 0.094699765363347482 0
2827 1 1 325987200 -92850058.384652153 -193742772.30640981 -11518130.013525669 19.744031629178508 -9.7777691901300479 0.30140819436527361 648.79017049255378 -0.013524807060417776 -0.032707667038476482 0.095107729744082811 0
2828 1 1 326073600 -91139663.104261264 -194578110.29572552 -11490968.004010724 19.848112400435451 -9.5586048054435846 0.32734546202595832 648.56628168109694 -0.013789487748346915 -0.032507064802691429 0.095493557035270779 0
2829 1 1 326160000 -89420363.241304114 -195394472.81613714 -11461564.19159063 19.950155686979944 -9.3385237292970391 0.35330099586692759 648.34168109628604 -0.014055431244418555 -0.032305479047563049 0.095857075970878558 0
2830 1 1 326246400 -87692334.975767568 -196191781.05458573 -11429917.201811312 20.050158198152083 -9.1175349579884362 0.3792700742675833 648.11641215994928 -0.014322442065450067 -0.032103054766961056 0.096198122206925196 0
2831 1 1 326332800 -85955754.777128905 -196969956.97260627 -11396026.06952676 20.148116522951543 -8.8956474258214282 0.40524794427631594 647.8905186816736 -0.014590331350378509 -0.031899921860943446 0.096516539882098337 0
2832 1 1 326419200 -84210799.414101154 -197728923.30182606 -11359890.241704578 20.244027150928318 -8.6728700308839954 0.43122981829975654 647.66404484523161 -0.014858688097117592 -0.031696431146173064 0.096812140967136529 0
2833 1 1 326505600 -82457645.374778435 -198468602.64314723 -11321512.701705651 20.337901036709919 -8.4491893357561292 0.45713345955235285 647.43838496514434 -0.0151283438418246 -0.031491645491884331 0.097084961062322006 0
2834 1 1 326592000 -80696474.954050064 -199188926.67624822 -11280867.855126183 20.429529342713884 -8.2249253140960707 0.48403833932754547 647.19468295443698 -0.018033060145215239 -0.03528166125114128 0.1112601933245338 0
2835 1 1 326678400 -78927487.723886698 -199889853.39356327 -11237841.242939321 20.518905902122668 -8.0000848835488885 0.51194108332023913 646.9329769962942 -0.018331501159832193 -0.035046060052008388 0.11149305345023186 0
2836 1 1 326764800 -77150866.964344919 -200571315.72059298 -11192407.946947508 20.606229774369901 -7.77436370721981 0.53975289747407995 646.67221447754343 -0.018629238187355512 -0.034811894906243993 0.11170183804614749 0
2837 1 1 326851200 -75366790.87307176 -201233238.97749743 -11144572.481379984 20.691482314863809 -7.5477930602944037 0.56754599137309369 646.41109156332163 -0.018926840086353643 -0.034578462987204232 0.11188656969087966 0
2838 1 1 326937600 -73575438.59893389 -201875550.14979824 -11094336.689366402 20.774659205807897 -7.3203817314461963 0.59531513544319159 646.14965504395548 -0.019223940960492066 -0.034346010692515548 0.11204712495784346 0
2839 1 1 327024000 -71776989.668384716 -202498176.9815796 -11041702.867148833 20.855756020468657 -7.0921384878604412 0.62305507123436521 645.88795201458242 -0.019520325813698201 -0.034114622849407472 0.112183410519986 0
2840 1 1 327110400 -69971623.995796919 -203101047.97287789 -10986673.766420571 20.934768205913823 -6.8630720619060037 0.65076051438124161 645.62602986491606 -0.019815772314094308 -0.033884384309294496 0.11229533761439504 0
2841 1 1 327196800 -68159521.894366428 -203684092.37686035 -10929252.59655817 21.011691082803878 -6.6331911552778537 0.67842615479395496 645.36393627138682 -0.020110056645533 -0.033655374188119189 0.11238282280927094 0
2842 1 1 327283200 -66340864.087100223 -204247240.1972976 -10869443.026827272 21.086519843857449 -6.4025044418355304 0.70604665704489711 645.1017191891741 -0.020402953563628149 -0.03342766585318404 0.11244578793862066 0
2843 1 1 327369600 -64515831.717936665 -204790422.18628287 -10807249.188555526 21.159249552321171 -6.1710205704815264 0.73361666074293896 644.839426844385 -0.020694236482643617 -0.033201326831014753 0.11248416001884866 0
2844 1 1 327456000 -62684606.362998798 -205313569.84220031 -10742675.677273478 21.2298751404043 -5.9387481680525136 0.7611307809040615 644.57710772627945 -0.020983677613226986 -0.032976418823474365 0.11249787122698268 0
2845 1 1 327542400 -60847370.041985042 -205816615.40794426 -10675727.554823836 21.298391407683688 -5.7056958422299209 0.78858360830567709 644.31481057974213 -0.021271047971542917 -0.032752997667173163 0.11248685866276835 0
2846 1 1 327628800 -59004305.229698442 -206299491.8693907 -10606410.351440921 21.364793019480921 -5.4718721844700386 0.81596970982976014 644.05258439793772 -0.021556117489173902 -0.032531113324857683 0.11245106439037372 0
2847 1 1 327715200 -57155594.867717557 -206762132.9541226 -10534730.06780041 21.429074505204113 -5.2372857729582645 0.84328362880361762 643.79047841499619 -0.021838655099591722 -0.032310809867250191 0.11239043531086733 0
2848 1 1 327801600 -55301422.376212299 -207204473.13041219 -10460693.177040182 21.491230256660099 -5.001945175588844 0.87051988532903779 643.52854209888687 -0.022118428775261656 -0.032092125447841083 0.11230492309630917 0
2849 1 1 327888000 -53441971.665906504 -207626447.6064612 -10384306.626753114 21.551254526336244 -4.765858952969853 0.89767297660273215 643.26682514446225 -0.022395205617219957 -0.03187509225159553 0.11219448409444251 0
2850 1 1 327974400 -51577427.150190249 -208027992.32990256 -10305577.84095237 21.609141425658727 -4.5290356614648255 0.92473737723203175 643.00537746658676 -0.022668751984991561 -0.031659736543665225 0.11205907928692302 0
2851 1 1 328060800 -49707973.757407874 -208409043.98756132 -10224514.722013412 21.664884922572014 -4.2914838561377655 0.95170753944502418 642.74424919345256 -0.02293883616612746 -0.031446078134739076 0.11189867378441146 0
2852 1 1 328147200 -47833796.943065464 -208769540.00553706 -10141125.652554609 21.718478848003276 -4.053212095721471 0.97857789463001854 642.48349065910634 -0.023205147640532581 -0.031234147880715778 0.11171324901949294 0
2853 1 1 328233600 -45955083.542252779 -209109419.72155431 -10055415.301654333 21.769896033380597 -3.8142580115801654 1.0054469199103606 642.22135077819803 -0.023467872456472222 -0.031023853979052319 0.11150271776670802 0
2854 1 1 328320000 -44072013.155628748 -209428612.32004109 -9967427.8006141912 21.81942141545797 -3.5742228722687703 1.0308514020343438 641.98310410442969 -0.020011230184473008 -0.025628728972364526 0.092701026076584855 0
2855 1 1 328406400 -42184741.865717284 -209727014.25052753 -9877327.7121803109 21.867051489645714 -3.3331166413688091 1.0547860996663188 641.76877389894423 -0.020226804196811363 -0.025447348455816046 0.092464556873879597 0
2856 1 1 328492800 -40293449.990855664 -210004556.38457668 -9785160.0283673164 21.912490758445234 -3.0913566624384772 1.0787045779166695 641.55316396044987 -0.020436966394290022 -0.025266823117466235 0.092203439998667772 0
2857 1 1 328579200 -38398326.162004508 -210261181.25291061 -9690931.1844763122 21.955752960000801 -2.8489220698254778 1.1024972442152461 641.33812911551217 -0.020642144879914056 -0.025086949594576056 0.091917564226054502 0
2858 1 1 328665600 -36499558.782767966 -210496830.93065414 -9594652.2827296834 21.996831010526051 -2.6058212424773362 1.1261587236795971 641.12372096202671 -0.020841958778872745 -0.024907754017705543 0.091606932313266443 0
2859 1 1 328752000 -34597336.875134721 -210711448.21821582 -9496334.8905073162 22.035717675310799 -2.3620625899179739 1.1496836232208121 640.90999128462033 -0.021036173187730125 -0.024729212067809189 0.091271531844568682 0
2860 1 1 328838400 -32691850.093411397 -210904976.64384601 -9395991.0420127325 22.072405551940442 -2.1176545514777256 1.1730665299095611 640.69699204813003 -0.021224546023814368 -0.024551294881560499 0.090911355636655061 0
2861 1 1 328924800 -30783288.73873587 -211077360.46639013 -9293633.239963308 22.106887069535421 -1.872605600367037 1.1963020115090044 640.48477539222915 -0.021406834668124007 -0.024373967067813355 0.090526401053789521 0
2862 1 1 329011200 -28871843.773724541 -211228544.67837676 -9189274.4572430663 22.139154486620811 -1.6269242474157206 1.2193846168253921 640.27339362602129 -0.021582795982281522 -0.024197186643482815 0.090116669741643216 0
2863 1 1 329097600 -26957706.837303404 -211358475.00943244 -9082928.1385256853 22.169199889001071 -1.3806190448923765 1.2423088760542522 640.06289922287488 -0.021752186391356503 -0.024020905000779039 0.089682167740296706 0
2864 1 1 329184000 -25041070.259723984 -211467097.93003023 -8974608.2018673215 22.197015187603217 -1.1336985904004702 1.2650693011296581 639.8533448152798 -0.021914761903842783 -0.023845066889576751 0.089222905363045682 0
2865 1 1 329270400 -23122127.077766936 -211554360.655577 -8864329.040269576 22.222592116293562 -0.88617153085435263 1.2876603860675448 639.64478318989416 -0.02207027812908164 -0.023669610380004813 0.088738897212342779 0
2866 1 1 329356800 -21201071.050135382 -211620211.15084919 -8752105.5232126713 22.245922229665389 -0.63804656653697844 1.3100766073122851 639.43726728264983 -0.022218490334380218 -0.023494466819816515 0.088230162165065421 0
2867 1 1 329443200 -19278096.67304083 -211664598.13478249 -8637952.9981586542 22.266996900797256 -0.38933245524643206 1.3323124240828934 639.23085017394806 -0.022359153468867712 -0.02331956083277455 0.087696723344621946 0
2868 1 1 329529600 -17353399.19598373 -211687471.08562258 -8521887.2920249104 22.285807318986524 -0.14003801653288006 1.3543622787130234 639.02558508407651 -0.022492022172618798 -0.023144810246840678 0.087138608038223361 0
2869 1 1 329616000 -15427174.637731025 -211688780.24644813 -8403924.712628305 22.302344487456271 0.10982786397045285 1.3762205969957531 638.82152536867761 -0.022616850824379479 -0.022970126083217204 0.086555847803839722 0
2870 1 1 329702400 -13499619.802493941 -211668476.63106963 -8284082.0500992434 22.316599221013714 0.36025623012742491 1.3978817885299069 638.61872451426632 -0.022733393525227078 -0.022795412485642073 0.085948478399319253 0
2871 1 1 329788800 -11570932.296279706 -211626512.03033194 -8162376.5782623598 22.328562144499497 0.61123805034219603 1.4193402471694072 638.41723613386455 -0.022841399781537566 -0.022620568402950014 0.085316540508749664 0
2872 1 1 329875200 -9641310.5436604377 -211562839.01865986 -8038826.0560052451 22.338223682319086 0.86276421836912198 1.4405903505941902 638.21711396353032 -0.022940702117003459 -0.02244543253535906 0.084660070341093421 0
2873 1 1 329961600 -7710957.3518170202 -211477414.32028919 -7913435.9653919954 22.345486097765153 1.114742209525994 1.4619430369978241 638.01289850950081 -0.023030721139274745 -0.022270132143051534 0.083979143173386062 0
2874 1 1 330048000 -5780043.473347635 -211370164.26546168 -7786330.8161015883 22.351570474769808 1.3683293134914079 1.478959723678678 637.88182555583819 -0.0075178351182950305 -0.0073284054511363224 0.027167644508989241 0
2875 1 1 330134400 -3848638.7736157477 -211240919.92620024 -7658000.4988520788 22.35648071199665 1.6235180769432935 1.4916319475833646 637.82402093518783 -0.0074052810484382539 -0.0071367066101835075 0.026428082096910482 0
2876 1 1 330220800 -1916913.8129204439 -211089608.98857516 -7528570.8011742719 22.35898801045143 1.8791343583147055 1.5043863422298518 637.76243233573427 -0.0072796963928009589 -0.0069380426291909564 0.025659568382620953 0
2877 1 1 330307200 14927.356585253478 -210916191.04217631 -7398049.4492097562 22.359168982633292 2.1352529581722717 1.516900792013343 637.70263910004439 -0.0071408915382932207 -0.0067330731017852348 0.024861115462508989 0
2878 1 1 330393600 1946683.2847757244 -210720623.05903673 -7266457.4168276647 22.357013056583686 2.3918652488791325 1.5291696646869288 637.64471422613724 -0.0069881385206474033 -0.0065211273339818654 0.024032119413006328 0
2879 1 1 330480000 3878151.6008824874 -210502862.75915444 -7133816.1689885044 22.352509489854043 2.6489625371111618 1.541187219010075 637.58873293915883 -0.0068208206947197765 -0.0063017588868345218 0.023171737990219113 0
2880 1 1 330566400 5809128.9981877292 -210262868.61763057 -7000147.672512128 22.345647360663186 2.9065360374426783 1.5529475760570921 637.53477302758074 -0.0066382505224608056 -0.0060744497022843747 0.022278990430681562 0
2881 1 1 330652800 7739411.2188885845 -210000599.87246323 -6865474.408814921 22.336415576180613 3.1645768759149346 1.5644446988508853 637.4829152511503 -0.0064396671406866633 -0.0058386136684383666 0.021352719954838457 0
2882 1 1 330739200 9668793.0396685172 -209716016.53210884 -6729819.3886618465 22.324802880980737 3.4230760923403163 1.5756723661079333 637.43324383525783 -0.006224220942031242 -0.0055935838969952594 0.020391554696359972 0
2883 1 1 330825600 11597068.258099042 -209409079.38276708 -6593206.1694293376 22.310797867892937 3.6820246444380387 1.5866241401696783 637.3858470730795 -0.0059909543176163912 -0.0053385967496745821 0.019393859746139046 0
2884 1 1 330912000 13524029.680100394 -209079749.99521735 -6455658.8754397864 22.294388991768752 3.9414134142102988 1.5972933277102914 637.34081806099334 -0.0057387777366051159 -0.0050727718547208325 0.018357677709824539 0
2885 1 1 330998400 15449469.108741952 -208727990.73098537 -6317202.2220619246 22.27556458685228 4.2012332171383751 1.6076729315660725 637.2982555979487 -0.0054664404059280719 -0.0047950875015335525 0.017280656406746236 0
2886 1 1 331084800 17373177.334727153 -208353764.74757048 -6177861.5444220146 22.254312888535136 4.4614748148693719 1.6177555918640707 637.2582652828778 -0.0051724949758990991 -0.0045043507650344913 0.016159962877122541 0
2887 1 1 331171200 19294944.128975425 -207957036.0024004 -6037662.831725779 22.230622060257517 4.7221289320833524 1.6275335147918126 637.22096084183704 -0.0048552573262258675 -0.0041991629050812072 0.014992187567335015 0
2888 1 1 331257600 21214558.23776985 -207537769.2551288 -5896632.7683000593 22.204480226024991 4.9831862780435969 1.6369983883237678 637.18646569995963 -0.0045127652951616635 -0.0038778827193231692 0.013773250807054703 0
2889 1 1 331344000 23131807.380943649 -207095930.0678719 -5754798.7824140461 22.17587550797812 5.2446375725803396 1.6461412872767063 637.15491475964063 -0.0041427490894088061 -0.0035385973698952855 0.012498348343310603 0
2890 1 1 331430400 25046478.253424499 -206631484.80308303 -5612189.1034346176 22.144796065569604 5.5064735740619355 1.6549525782412495 637.1264562013522 -0.0037426456741123525 -0.0031791256917028162 0.011162027186225698 0
2891 1 1 331516800 26958356.529922258 -206144400.61916852 -5468832.8262440525 22.111230126589493 5.7686851017085274 1.6634218540611443 637.10125278588816 -0.0033097289804202893 -0.0027971116880615731 0.0097585979781778884 0
2892 1 1 331603200 28867226.876345567 -205634645.46060508 -5324759.9933094885 22.075166113089523 6.0312631426696015 1.6715375824610923 637.07948824429968 -0.0028415800283087319 -0.0023903543796113401 0.0082833308578803937 0
2893 1 1 331689600 30772872.573600259 -205102188.37110803 -5180000.5677304175 22.036582401998643 6.294190312758027 1.6793164187124712 637.06084438063408 -0.0023606764020623543 -0.0019773542911878605 0.0068039031062058532 0
2894 1 1 331776000 32675078.842527609 -204546996.71818435 -5034593.9587523984 21.995582022939622 6.5575532529247518 1.6864189024673459 637.0513619227761 -0.00040575073789030487 -0.00033861212974974363 0.0011549192666955789 0
2895 1 1 331862400 34573638.167301036 -203969031.75530127 -4888604.1922545917 21.952113721628159 6.8213097201128647 1.6929471080457825 637.04920593867439 -0.00038677578189205133 -0.00032099248825977157 0.0010878342770842509 0
2896 1 1 331948800 36468328.049185164 -203368267.18835995 -4742056.4286457924 21.906009353613506 7.0853201933297196 1.6993331810493304 637.04664310243447 -0.00036814941848705525 -0.00030389662978986089 0.0010233418334193787 0
2897 1 1 332035200 38358920.464077525 -202744681.24574536 -4594964.4587248759 21.857261935774268 7.3495799655914169 1.7055442489780615 637.04422974555405 -0.00034996883476243927 -0.00028743348345634969 0.00096133528350433829 0
2898 1 1 332121600 40245186.268623717 -202098252.99808791 -4447343.4658817844 21.805853271541519 7.6140748575347024 1.711578857729168 637.04196157002218 -0.00033246250222949394 -0.00027176069640928496 0.00090251738065656696 0
2899 1 1 332208000 42126894.715310678 -201428962.77124384 -4299208.7088469872 21.75176423466139 7.8787898361499442 1.7174372210115278 637.03980370561294 -0.00032379547105534587 -0.0002634983871991198 0.00086868713458508238 0
2900 1 1 332294400 44003813.361748829 -200736792.22887796 -4150575.3522542361 21.694974974061527 8.1437091745010122 1.7231206009159732 637.0377016495238 -0.00032127264120774239 -0.00026036445846802382 0.00085184882978872481 0
2901 1 1 332380800 45875708.060382091 -200021724.39015979 -4001458.5183328493 21.635465908710842 8.4088172510371351 1.728628621848685 637.0356296011721 -0.00032039453225474375 -0.00025865483194110019 0.0008396167318435588 0
2902 1 1 332467200 47742342.979336172 -199283743.62348193 -3851873.4191894112 21.573217548496281 8.6740983855163147 1.7339598051367104 637.03358097483442 -0.00032017830900328857 -0.00025756040525733143 0.00082928553210797468 0
2903 1 1 332553600 49603480.591538318 -198522835.66743845 -3701835.4011138394 21.508210109551097 8.9395365113799308 1.7391126112452149 637.03154963861721 -0.00032109603554781512 -0.00025745652984036904 0.00082200496947237866 0
2904 1 1 332640000 51458881.647906072 -197738987.66592798 -3551359.9458877509 21.440423553239203 9.2051151942403742 1.7440853432776293 637.02953167102237 -0.0003220018882444206 -0.00025740964550375608 0.00081476020045643399 0
2905 1 1 332726400 53308305.159848206 -196932188.19686103 -3400462.6959015913 21.369837621970635 9.4708176472762506 1.7488760584493883 637.02752697059043 -0.00032300450345490813 -0.00025750628826016998 0.00080782143139068046 0
2906 1 1 332812800 55151508.374272682 -196102427.30813172 -3249159.45956825 21.296431725883643 9.7366266255774825 1.753482862503662 637.02553390911157 -0.00032433441691337905 -0.00025793078133843624 0.00080175052385128434 0
2907 1 1 332899200 56988246.746109188 -195249696.55680433 -3097466.2102683382 21.220184988329269 10.002524448846334 1.7579037950136855 637.02355141076305 -0.0003256157731468719 -0.0002583778103358059 0.00079559298468091192 0
2908 1 1 332985600 58818273.915285133 -194373989.04594424 -2945399.0963623705 21.141076262635011 10.268493000253745 1.7621367900118965 637.0215796664819 -0.00032687052789301402 -0.00025886445158276926 0.00078940335338243696 0
2909 1 1 333072000 60641341.681589663 -193475299.46444404 -2792974.4456597818 21.059084099965254 10.534513685328877 1.7661797591555204 637.01961861016684 -0.00032812130303302289 -0.00025940829819064262 0.00078323578961995597 0
2910 1 1 333158400 62457199.978874236 -192553624.12871277 -2640208.7680177796 20.974186757987518 10.800567423412563 1.7700305727255026 637.01766825840821 -0.00032932210524808933 -0.00025997122167960464 0.0007769784501271324 0
2911 1 1 333244800 64265596.849944994 -191608961.02517024 -2487118.7593943137 20.886362204000601 11.066634634091978 1.7736870551583597 637.01572878521404 -0.00033047253301912038 -0.00026055213094617149 0.00077063166226755831 0
2912 1 1 333331200 66066278.421321787 -190641309.85426551 -2333721.3052832601 20.79558811240172 11.332695218503533 1.7771469948209921 637.0138003346234 -0.00033157809682543793 -0.00026115467697586587 0.00076420954223643583 0
2913 1 1 333417600 67858988.877997488 -189650672.07595575 -2180033.4838190223 20.701841866396371 11.598728543529013 1.7804081439488471 637.01188301358286 -0.00033264344449582543 -0.00026178175933488809 0.00075772352972406363 0
2914 1 1 333504000 69643470.438408017 -188637050.95652539 -2026072.5690052188 20.605100561340574 11.86471342673066 1.7834682154640409 637.00997694293687 -0.00033365925947728209 -0.00026242501084964984 0.00075115266351289019 0
2915 1 1 333590400 71419463.329708159 -187600451.6167177 -1871856.0342251793 20.505341007656444 12.13062812034107 1.7863248815500632 637.00808227629102 -0.00033462402076840929 -0.00026308239490528392 0.00074449454384228658 0
2916 1 1 333676800 73186705.763232931 -186540881.08133042 -1717401.5556901039 20.402539732904735 12.396450293964715 1.7889757748930153 637.00619916952144 -0.000335536829703427 -0.00026375232208919404 0.00073774821541632636 0
2917 1 1 333763200 74944933.910188362 -185458348.33029175 -1562727.0158664992 20.296672984851217 12.662157017456947 1.7914184883266784 637.00432777991955 -0.00033639709611073341 -0.00026443339340099598 0.00073091336529592938 0
2918 1 1 333849600 76693881.87762095 -184352864.35123318 -1407850.5069326954 20.187716734852604 12.927724743408112 1.7936505745269913 637.00246826456259 -0.00033720453840310212 -0.00026512440211159559 0.0007239903086208063 0
2919 1 1 333936000 78433281.684695467 -183224442.19359052 -1252790.3342625285 20.075646681617584 13.193129289256493 1.7956695456742273 637.00062077947655 -0.00033795890446424543 -0.00026582412502407563 0.00071697936380497429 0
2920 1 1 334022400 80162863.239314958 -182073097.02426752 -1097565.0199403474 19.960438255364117 13.458345819025824 1.7974728730806393 636.99878547964033 -0.00033865997239819934 -0.00026653132371111464 0.0007098808540164129 0
2921 1 1 334108800 81882354.315116912 -180898846.1848942 -942193.30630749313 19.84206662237019 13.723348824665655 1.7990579868340959 636.99696251892271 -0.00033930754980280496 -0.00026724474283065753 0.00070269510772804202 0
2922 1 1 334195200 83591480.528880253 -179701709.25071454 -786694.15953901038 19.720506689940716 13.988112106990528 1.8004222754550272 636.99515205001921 -0.00033990147452665173 -0.00026796311182872659 0.00069542245587559271 0
2923 1 1 334281600 85289965.318380386 -178481708.09113842 -631086.7732493704 19.595733111811469 14.252608756213066 1.8015630855680549 636.9933542243889 -0.0003404416167524638 -0.00026868514433800174 0.00068806323367794173 0
2924 1 1 334368000 86977529.920730621 -177238866.93199322 -475390.57212587504 19.46772029401253 14.516811132066554 1.8024777215897898 636.99156919218035 -0.00034092788199747336 -0.00026940953855206495 0.00068061778000657539 0
2925 1 1 334454400 88653893.351250991 -175973212.41951162 -319625.21558829624 19.336442401214903 14.780690843512831 1.8031634454340573 636.98979710216065 -0.00034136020662625026 -0.0002701349772544134 0.00067308643721360911 0
2926 1 1 334540800 90318772.382907659 -174684773.68608874 -163810.60147357642 19.201873363589879 15.044218728035817 1.8036174762260582 636.98803810183585 -0.00034173856152093604 -0.00027086012755624475 0.00066546955183638032 0
2927 1 1 334627200 91971881.526365906 -173373582.41784918 -7966.869741797881 19.063986884148161 15.307364830474597 1.8038369901363798 636.98629233563577 -0.0003420638935655553 -0.00027158435013165745 0.00065776925483665633 0
2928 1 1 334713600 93612933.010687798 -172039672.92407101 147885.59383023239 18.922756446270686 15.57009838114349 1.8038191209344905 636.98455992946856 -0.00034234107133926438 -0.00027231004993778237 0.00064999504163218457 0
2929 1 1 334800000 95241636.764728665 -170683082.20850128 303726.15396050754 18.778155322768502 15.83238777425699 1.8035609587526569 636.98284101052377 -0.00034256443210458411 -0.0002730313994788303 0.00064213607055778517 0
2930 1 1 334886400 96857700.399367154 -169303850.04253417 459533.92202009342 18.630156585405512 16.094200545810768 1.8030595491865302 636.98113572114391 -0.00034273408792553927 -0.00027374702560301143 0.00063419266791249593 0
2931 1 1 334972800 98460829.190526292 -167902019.0403662 615287.75223044551 18.47873311420652 16.355503350367698 1.8023118940758034 636.97944420058673 -0.00034285019184351017 -0.00027445551762794566 0.00062616517936386667 0
2932 1 1 335059200 100050726.06305577 -166477634.73615223 770966.23787437263 18.323857607953737 16.616261937814038 1.8013149513157385 636.97776658614237 -0.00034291293568137359 -0.00027515545530756771 0.00061805394724812578 0
2933 1 1 335145600 101627091.57554992 -165030745.6631909 926547.7074948923 18.165502595357069 16.876441129659561 1.8000656347621953 636.97610301302927 -0.00034292255569745648 -0.00027584540406387235 0.00060985931505774219 0
2934 1 1 335232000 103189623.90616228 -163561403.43517509 1082010.2210873631 18.003640446963509 17.136004794910306 1.7985608141711633 636.97445361427742 -0.00034287933108665585 -0.00027652391810584713 0.00060158162675779628 0
2935 1 1 335318400 104738018.83948295 -162069662.82954609 1237331.5662879387 17.838243387840262 17.394915825515838 1.7967973151745844 636.97281852061133 -0.00034278358439912294 -0.00027718953873235951 0.0005932212257841596 0
2936 1 1 335404800 106271969.75454575 -160555581.87298766 1392489.2545615917 17.669283511066862 17.653136111394446 1.7947719192948131 636.97119786032363 -0.00034263568259356472 -0.00027784079578960469 0.00058477845255768251 0
2937 1 1 335491200 107791167.61403777 -159019221.9290944 1547460.5173931506 17.496732792072741 17.910626515040583 1.7924813640006911 636.96959175914435 -0.00034243603946848534 -0.0002784762078323705 0.0005762536481541794 0
2938 1 1 335577600 109295300.95478529 -157460647.78825372 1702222.3024850865 17.320563103858291 18.167346845719894 1.7899223428078048 636.96800034009857 -0.00034218511590872419 -0.00027909428164146327 0.00056764714985449763 0
2939 1 1 335664000 110784055.87959479 -155879927.7597746 1856751.2699659532 17.140746233138952 18.423255833258775 1.7870915054254495 636.96642372336112 -0.00034188342056065799 -0.00027969351351668205 0.0005589592911858707 0
2940 1 1 335750400 112257116.05052979 -154277133.76629663 2011023.7886136624 16.957253897452624 18.67831110143635 1.7839854579537719 636.9648620260981 -0.00034153151240156482 -0.00028027238906406279 0.0005501904027499755 0
2941 1 1 335836800 113714162.68370874 -152652341.44051692 2165015.9320980678 16.770057763272533 18.932469140988474 1.7806007631337772 636.96331536230525 -0.00034113000161919315 -0.0002808293841008205 0.00054134081030222058 0
2942 1 1 335923200 115154874.54571347 -151005630.22426441 2318703.4752476313 16.579129465166972 19.185685282233351 1.7769339406566136 636.96178384257269 -0.00034067957414376328 -0.00028136298444876655 0.00053241087369182882 0
2943 1 1 336009600 116578927.9516992 -149337083.46995631 2472061.8903455567 16.384440626050747 19.437913667330953 1.7729814675353983 636.9602675737807 -0.0003401809838856716 -0.00028187168272587106 0.00052340096940294587 0
2944 1 1 336096000 117985996.7653041 -147646788.5444648 2625066.3434595698 16.185962878596559 19.689107222210339 1.7687397785078895 636.95876665946923 -0.00033963493732214997 -0.00028235386556518241 0.00051431129976403872 0
2945 1 1 336182400 119375752.40045492 -145934836.93542871 2777691.6908168755 15.983667887668172 19.939217628030441 1.7642052667592503 636.95728119483579 -0.00033904405964441163 -0.00028280942043520626 0.00050514491420130701 0
2946 1 1 336268800 120747863.82516757 -144201324.36004081 2929912.475238475 15.777527374250731 20.188195292533845 1.7593742843110733 636.95581127024354 -0.0003384077620626236 -0.00028323560462788558 0.00049589977557533014 0
2947 1 1 336355200 122101997.56748122 -142446350.87631539 3081702.9225941598 15.567513140661982 20.435989321101946 1.7542431424911904 636.95435697456776 -0.00033772739701409658 -0.00028363119713790936 0.00048657670978879475 0
2948 1 1 336441600 123437817.7236104 -140670020.99688208 3233036.9383286485 15.353597096881417 20.682547487363337 1.7488081128289883 636.95291839129789 -0.00033700372213179322 -0.00028399442715400767 0.00047717559241328839 0
2949 1 1 336528000 124754985.96844289 -138872443.80532107 3383888.1040512738 15.135751288468134 20.927816203716674 1.7430654277360156 636.95149560100072 -0.00033623720417985171 -0.00028432323158121916 0.00046769581256697113 0
2950 1 1 336614400 126053161.56850804 -137053733.07505721 3534229.6741942372 14.913947925814854 21.171740491545918 1.7370112814325001 636.95008868034301 -0.00033542895148360862 -0.00028461601014855942 0.00045813759429610257 0
2951 1 1 336700800 127332001.39753443 -135214007.39083961 3684034.5727584963 14.68815941487798 21.414263951228069 1.7306418309990272 636.94869770037326 -0.00033458013253197466 -0.0002848711504755248 0.00044850114621671118 0
2952 1 1 336787200 128591159.95473213 -133353390.27281503 3833275.3901508069 14.458358389512433 21.65532873202498 1.723953197456102 636.94732272629847 -0.00033369197623092802 -0.00028508703432870937 0.00043878665747645206 0
2953 1 1 336873600 129830289.38593739 -131472010.30321044 3981924.3801186574 14.224517745418048 21.894875501853882 1.7169414669513374 636.94596381713575 -0.00033276577219172804 -0.00028526203431363315 0.00042899429582429581 0
2954 1 1 336960000 131049039.50776285 -129570001.25562976 4129953.4567924142 13.986610675759788 22.132843416979902 1.7096026920549692 636.94462102533998 -0.0003318028713224677 -0.00028539451469078713 0.00041912420530900563 0
2955 1 1 337046400 132247057.83489957 -127647502.2269713 4277334.1918442864 13.744610708522147 22.369170091673432 1.7019328931692133 636.9432943964099 -0.00033080468603925852 -0.00028548282960007227 0.00040917650435942605 0
2956 1 1 337132800 133423989.61072335 -125704657.77196653 4424037.8117741803 13.498491745658932 22.603791567879707 1.6939280600572932 636.94198396846343 -0.00032977268890619802 -0.0002855253230183869 0.00039915128452654803 0
2957 1 1 337219200 134579477.84136367 -123741618.04033734 4570035.1953330319 13.248228104100653 22.836642284951097 1.6855841534979825 636.94068977178836 -0.00032870841349214459 -0.00028552032673117477 0.00038904860772639288 0
2958 1 1 337305600 135713163.33339825 -121758538.91656348 4715296.8710947484 12.993794558682536 23.067655049497386 1.676897107071875 636.93941182836033 -0.00032761345162240439 -0.00028546615937898343 0.00037886850585484649 0
2959 1 1 337392000 136824684.73534164 -119755582.16224797 4859793.0151884165 12.735166387056886 23.296761005413046 1.6678628290856994 636.93815015132668 -0.00032648945425730783 -0.00028536112433538778 0.00036861097772274571 0
2960 1 1 337478400 137913678.58310217 -117732915.56106198 5003493.4492029194 12.472319416653999 23.523889604145136 1.6584772046410996 636.93690474445759 -0.00032533812854247364 -0.00028520351021351612 0.00035827598772591562 0
2961 1 1 337564800 138979779.34958765 -115690713.06624587 5146367.6382768359 12.20523007375651 23.748968575270617 1.6487360978547907 636.93567560155861 -0.00032416123706138197 -0.00028499158373032027 0.00034786346492192785 0
2962 1 1 337651200 140022619.49864414 -113629154.95063636 5288384.6893869191 11.933875434752107 23.971923897456563 1.6386353542370822 636.93446270584423 -0.00032296059491844828 -0.00028472358870565602 0.00033737330276783969 0
2963 1 1 337737600 141041829.54351982 -111548427.95918316 5429513.349849184 11.65823327962989 24.192679769881551 1.6281708032357314 636.93326602927016 -0.0003217380660054515 -0.0002843977439368232 0.00032680535646911177 0
2964 1 1 337824000 142037038.11004999 -109448725.46391256 5569722.0060471864 11.378282147785386 24.411158584202376 1.617338260952556 636.93208553182103 -0.00032049555953510777 -0.00028401223816615335 0.00031615944461433503 0
2965 1 1 337910400 143007872.00476581 -107330247.6212851 5708978.6824027644 11.094001396198802 24.627280897156261 1.6061335330404873 636.93092116075388 -0.00031923502618109377 -0.00028356522466974749 0.00030543534925117356 0
2966 1 1 337996800 143953956.28813449 -105193201.53189085 5847251.0406051418 10.805371260050727 24.840965403893936 1.5945524177887087 636.92977284978838 -0.00031795845255095306 -0.00028305481747162265 0.00029463281804649238 0
2967 1 1 338083200 144874914.35314402 -103037801.40241264 5984506.3791150199 10.512372915838702 25.052128912145481 1.5825907094039473 636.92864051825131 -0.00031666785503847803 -0.00028247908502368875 0.00028375156765673661 0
2968 1 1 338169600 145770368.00945178 -100864268.70978166 6120711.6329609202 10.214988547056677 25.260686317327611 1.5702442014958156 636.92752407016587 -0.00031536527277058879 -0.00028183604271783425 0.00027279128547738781 0
2969 1 1 338256000 146639937.57332081 -98672832.367439345 6255833.3738457682 9.9132014124982106 25.46655057870699 1.5575086907745428 636.92642339329268 -0.00031405276050580844 -0.00028112364741054785 0.00026175163669562765 0
2970 1 1 338342400 147483241.96357244 -96463728.893608272 6389837.8105824627 9.6069959172422248 25.669632696741736 1.544379980969703 636.92533835811207 -0.00031273237969648966 -0.00028033978866922785 0.00025063227099879359 0
2971 1 1 338428800 148299898.80379033 -94237202.581465781 6522690.7898778571 9.2963576863782311 25.869841691730151 1.5308538869783328 636.92426881675738 -0.00031140618746130035 -0.00027948228083438944 0.00023943283137724258 0
2972 1 1 338515200 149089524.53101513 -91993505.671100467 6654357.7974853767 8.9812736415251901 26.067084583903029 1.5169262392512912 636.92321460189351 -0.00031007622626159123 -0.00027854885446602614 0.0002281529670227116 0
2973 1 1 338601600 149851734.51117191 -89732898.523121476 6784803.9597472278 8.661732080195053 26.261266375103823 1.5025928884268871 636.922175525547 -0.00030874451238038292 -0.00027753714654535914 0.00021679234944316006 0
2974 1 1 338688000 150586143.16148013 -87455649.793776587 6913994.0455479464 8.3377227580485993 26.452290032208428 1.4878497102204526 636.92115137788733 -0.00030741302303994412 -0.00027644469203253223 0.00020535068824913165 0
2975 1 1 338774400 151292364.08009666 -85162036.61142166 7041892.4687017826 8.009236974087182 26.640056472444019 1.4726926105787637 636.92014192596594 -0.00030608368384347785 -0.00027526891831068862 0.00019382775285004303 0
2976 1 1 338860800 151970010.18324751 -82852344.754171059 7168463.2907972187 7.6762676588195715 26.824464550775708 1.4571175311087434 636.91914691242448 -0.00030475835147186867 -0.00027400713236002262 0.00018222340020145904 0
2977 1 1 338947200 152618693.85010722 -80526868.828541622 7293670.2245226614 7.3388094654378051 27.005411049537191 1.4411204547891392 636.91816605417841 -0.00030343880085556362 -0.00027265651694440246 0.00017053760083416805 0
2978 1 1 339033600 153238027.07568678 -78185912.448889196 7417476.6374982214 6.9968588640296421 27.182790670489879 1.4246974119743661 636.91719904108731 -0.00030212671175146771 -0.00027121412565579429 0.00015877047747216936 0
2979 1 1 339120000 153827621.63199329 -75829788.417419568 7539845.5566391284 6.6504142388492937 27.356496029504331 1.4078444866994371 636.91624553462464 -0.00030082365619648347 -0.00026967688256238922 0.0001469223402002862 0
2980 1 1 339206400 154387089.23772678 -73458818.904538304 7660739.6730772322 6.2994759886608866 27.5264176540657 1.3905578232944351 636.91530516656337 -0.0002995310843191972 -0.00026804158253080908 0.00013499373109088919 0
2981 1 1 339292800 154916041.73677936 -71073335.629286483 7780121.3476676624 5.9440466301610657 27.692443983814684 1.3728336333173907 636.91437753771197 -0.00029825031492590709 -0.00026630489831540793 0.00012298547218188489 0
2982 1 1 339379200 155414091.2858035 -68673680.039590612 7897952.6171085499 5.5841309044779237 27.854461374342623 1.3546682028135806 636.91346221670153 -0.00029698253114343663 -0.0002644633961495796 0.00011089871635831869 0
2983 1 1 339465600 155880850.55111346 -66260203.492036097 8014195.200702331 5.2197358867342887 28.012354104469374 1.3360578999090633 636.91255873886905 -0.00029572877652144598 -0.0002625135528397458 9.8735002185460562e-05 0
2984 1 1 339552000 156315932.91518599 -63833267.430852868 8128810.507787847 4.8508710986527461 28.166004387241028 1.3169991827456169 636.91166660525619 -0.00029448996036886553 -0.00026045178629335224 8.6496308593524723e-05 0
2985 1 1 339638400 156718952.69301894 -61393243.565781415 8241759.6458729832 4.4775486241681755 28.315292384892413 1.2974886077638661 636.91078528176206 -0.00029326686858308732 -0.00025827449403615277 7.4185113568601147e-05 0
2986 1 1 339724800 157089525.35860792 -58940514.048465326 8353003.4294982702 4.0997832280012565 28.460096228028192 1.2775228383406405 636.90991419847455 -0.0002920601830242948 -0.00025597810224862777 6.1804449478477827e-05 0
2987 1 1 339811200 157427267.78179297 -56475471.646995313 8462502.3898622077 3.7175924771332212 28.600292039284749 1.2570986537854494 636.90905274922272 -0.00029087050859219531 -0.00025355912579175173 4.9357954978257655e-05 0
2988 1 1 339897600 157731798.47572401 -53998519.918205455 8570216.7852395643 3.3309968651073083 28.735753961742397 1.2362129587002846 636.90820029138649 -0.0002896984140492522 -0.00025101423921146577 3.6849922237693757e-05 0
2989 1 1 339984000 158002737.85518417 -51510073.377299376 8676106.6122241616 2.9400199390670894 28.866354192365865 1.214862792705695 636.90735614599134 -0.00028854448093282959 -0.00024834035894406186 2.4285334312144169e-05 0
2990 1 1 340070400 158239708.50600445 -49010557.664359786 8780131.6178279296 2.5446884294255345 28.991963020757478 1.1930453405351336 636.90651959812544 -0.00028740936456757386 -0.00024553473414639878 1.166989514118678e-05 0
2991 1 1 340156800 158442335.46579024 -46500409.707269818 8882251.3124679662 2.145032382041014 29.112448873514975 1.1707579424979389 636.90568989771339 -0.00028629386371193793 -0.00024259504456428365 -9.8995968271107687e-07 0
2992 1 1 340243200 158610246.51617146 -43980077.880548894 8982424.9838735666 1.7410852927579037 29.227678364492103 1.1479981053097106 636.90486626067081 -0.00028519899967757939 -0.00023951950119910503 -1.3687067128716785e-05 0
2993 1 1 340329600 158743072.486774 -41450022.159580305 9080611.7119447365 1.3328842441496427 29.337516351265702 1.1247635132881486 636.90404787046509 -0.00028412610217937558 -0.00023630694664519939 -2.6413555707562512e-05 0
2994 1 1 340416000 158840447.57109299 -38910714.26968056 9176770.3845937122 0.92047004428173729 29.441825998118169 1.1010520399103672 636.90323388009972 -0.00028307689437313322 -0.00023295694968156682 -3.916088971873249e-05 0
2995 1 1 340502400 158902009.65443683 -36362637.829434693 9270859.7146004457 0.50388736729020722 29.540468845848103 1.0768617597258408 636.90242341453006 -0.00028205357936789642 -0.00022946989120442346 -5.1919935071516794e-05 0
2996 1 1 340588800 158927400.65408632 -33806288.487693258 9362838.2575124782 0.083184895547877669 29.633304888725153 1.0521909606180113 636.90161557351155 -0.00028105891934395664 -0.00022584703105195248 -6.4681046177325187e-05 0
2997 1 1 340675200 158916266.87179679 -31242174.053600572 9452664.4306189604 -0.34158453683268708 29.72019265890679 1.0270381564059776 636.90080943487033 -0.00028009630091031898 -0.00022209055731461702 -7.7434174129085165e-05 0
2998 1 1 340761600 158868259.35874721 -28670814.618995436 9540296.5330277979 -0.77036379943615196 29.800989318635036 1.0014020997759761 636.90000405816943 -0.00027916978457206233 -0.00021820360829421885 -9.0168995365128951e-05 0
2999 1 1 340848000 158783034.2930145 -26092742.672498569 9625692.7668739296 -1.2030913202244327 29.875550760529912 0.97528179553092642 636.89919848872898 -0.00027828413351557149 -0.00021419026985180183 -0.00010287505535842872 0
3000 1 1 340934400 158660253.36962366 -23508503.204573661 9708811.2596855983 -1.6397009397901801 29.943731716293037 0.94867651414507359 636.89839176194732 -0.00027744481479691083 -0.00021005554201756219 -0.00011554192233648872 0
3001 1 1 341020800 158499584.20319691 -20918653.802821964 9789610.0879344232 -2.0801217655433093 30.005385874129793 0.92158580560913772 636.89758290784346 -0.00027665797825496442 -0.00020580528212055211 -0.00012815934785584526 0
3002 1 1 341107200 158300700.74318939 -18323764.736744031 9868047.3017937262 -2.5242780262202493 30.060366005190499 0.89400951355012725 636.89677095573654 -0.00027593040678750843 -0.00020144612140325131 -0.00014071742304565027 0
3003 1 1 341193600 158063283.70166677 -15724419.031176958 9944080.9511279743 -2.9720889271365003 30.108524099321748 0.86594778960867713 636.89595493896036 -0.0002752694425092098 -0.00019698536238459352 -0.00015320672598688971 0
3004 1 1 341280000 157787020.99354029 -13121212.527590286 10017669.112734932 -3.4234685066356438 30.14971151040633 0.83740110805501256 636.8951338995123 -0.0002746828932791503 -0.00019243086513734791 -0.00016561845279734392 0
3005 1 1 341366400 157471608.18913633 -10514753.932400854 10088769.918860205 -3.8783254942211616 30.183779111555083 0.80837028062293292 636.89430689252572 -0.00027417892460918173 -0.000187790922966122 -0.00017794452616903199 0
3006 1 1 341452800 157116748.97893086 -7905664.8514445368 10157341.587002043 -4.3365631708912229 30.210577460396664 0.77885647153928705 636.89347299047245 -0.00027376594249830811 -0.00018307414099277719 -0.00019017767522532661 0
3007 1 1 341539200 156722155.65023711 -5294579.8097224841 10223342.451022215 -4.798079232231057 30.229956974690648 0.74886121272398387 636.89263128700497 -0.00027345247485201192 -0.00017828931874245028 -0.00020231148551208688 0
3008 1 1 341625600 156287549.57558122 -2682146.2555210856 10286730.99357664 -5.2627656548519841 30.241768118465846 0.71838641913258194 636.89178090037149 -0.00027324705563264824 -0.00017344534338916995 -0.00021434041925170251 0
3009 1 1 341712000 155812661.71245089 -69024.547988475271 10347465.879876541 -5.7305085668005971 30.2458615988599 0.68743440421060509 636.89092097636035 -0.00027315811753415105 -0.00016855109870766833 -0.00022625980301302516 0
3010 1 1 341798400 155297233.11404526 2544112.0727636102 10405505.992788538 -6.2011881225958598 30.242088573806388 0.65600789542503413 636.89005069074528 -0.00027319389760770358 -0.00016361539017647 -0.00023806579155638891 0
3011 1 1 341884800 154741015.45059752 5156577.5339749679 10460810.469278634 -6.6746783835850403 30.230300870683536 0.62411004983448481 636.88916925122862 -0.00027336235589049066 -0.00015864688751987492 -0.00024975530788900292 0
3012 1 1 341971200 154143771.54077852 7767672.99791981 10513338.738201533 -7.1508472043422353 30.210351216002501 0.59174446965559091 636.88827589890047 -0.00027367111158984941 -0.00015365408569507634 -0.00026132596797635339 0
3013 1 1 342057600 153505275.89262787 10376686.949913137 10563050.559433162 -7.629556125864422 30.182093476173836 0.55891521777902475 636.88736990924008 -0.000274127393090246 -0.00014864528111856138 -0.00027277599090632298 0
3014 1 1 342144000 152825315.25339052 12982895.307597952 10609906.064339742 -8.1106602763497992 30.145382909347759 0.5256268331841587 636.88645059270732 -0.00027473800284344934 -0.00014362856272285838 -0.00028410410677150757 0
3015 1 1 342230400 152103689.16756982 15585561.552468168 10653865.79757232 -8.5940082803712663 30.100076428277067 0.49188434619697585 636.88551729496771 -0.00027550929475524897 -0.0001386118145310668 -0.0002953094617877253 0
3016 1 1 342316800 151340210.54243538 18183936.88457559 10694890.760170717 -9.0794421772838749 30.046032874101119 0.45769329353222837 636.88456939680577 -0.00027644716256405172 -0.00013360272801650895 -0.00030639152382527183 0
3017 1 1 342403200 150534706.22014993 20777260.401358228 10732942.453955535 -9.5667973497284642 29.983113300894633 0.42305973305643246 636.88360631377918 -0.00027755703652557765 -0.0001286088212285715 -0.0003173499969545638 0
3018 1 1 342489600 149687017.55560654 23364759.301511128 10767982.927181195 -10.055902463114364 29.911181270767123 0.38799025820450833 636.88262749565979 -0.00027884388644003024 -0.00012363746149777913 -0.00032818474141309756 0
3019 1 1 342576000 148797000.99898678 25945649.114799902 10799974.821417104 -10.546579416981235 29.83010315923671 0.35249201197936392 636.8816324257142 -0.00028031222912114644 -0.00011869589214699513 -0.00033889570475483991 0
3020 1 1 342662400 147864528.68197638 28519133.958690349 10828881.419617714 -11.038643309153938 29.73974847053568 0.31657270046043184 636.88062061985772 -0.00028196613840674107 -0.00011379126113410091 -0.00034948285914598176 0
3021 1 1 342748800 146889489.00649124 31084406.822634883 10854666.695335712 -11.531902413613748 29.639990162436668 0.28024060574382142 636.87959162572133 -0.00028380925753509518 -0.00010893064605972205 -0.00035994615292525681 0
3022 1 1 342835200 145871787.23468941 33640649.880818136 10877295.363025827 -12.026158173014041 29.530704980114859 0.2435045982338222 636.87854502166329 -0.00028584481041396635 -0.00010412108264908994 -0.00037028546826912517 0
3023 1 1 342921600 144811346.07896426 36187034.834118791 10896732.929379631 -12.521205206768661 29.411773798485896 0.20637414820331554 636.87748041574139 -0.00028807561537856115 -9.9369586078968766e-05 -0.00038050058705311188 0
3024 1 1 343008000 143708106.29053205 38722723.281992599 10912945.745624525 -13.016831335635347 29.283081972380575 0.16885933653776597 636.87639744467981 -0.0002905040955588278 -9.4683174225401468e-05 -0.00039059116798897047 0
3025 1 1 343094400 142562027.24515072 41246867.124923743 10925901.06071257 -13.512817623704411 29.144519693835491 0.13097086457579218 636.87529577283624 -0.00029313228665913484 -9.006888681000506e-05 -0.00040055672663456902 0
3026 1 1 343180800 141373087.52442628 43758608.998024516 10935567.075317411 -14.008938438685277 28.995982355696057 0.092720062957856314 636.87417509118745 -0.00029596184659990847 -8.5533798865672936e-05 -0.00041039662298812668 0
3027 1 1 343267200 140141285.49108911 46257082.736291699 10941912.99654956 -14.504961531358292 28.837370920643043 0.054118899393010678 636.87303511634036 -0.00029899406224027139 -8.1085035132981214e-05 -0.00042011005467993686 0
3028 1 1 343353600 138866639.856547 48741413.871945947 10944909.093292767 -15.000648135026504 28.66859229466715 0.015179985253152818 636.87187558957419 -0.0003022298549871709 -7.6729778236706323e-05 -0.00042969605292905857 0
3029 1 1 343440000 137549190.23895314 51210720.164193884 10944526.752056243 -15.495753085761651 28.489559703930357 -0.024083419096188559 636.87069627592359 -0.00030566978062133082 -7.2475275548696409e-05 -0.00043915348401260768 0
3030 1 1 343526400 136188997.70995942 53664112.161656238 10940738.533229521 -15.990024964191054 28.300193073865383 -0.063657400319104288 636.86949696330009 -0.00030931403456756288 -6.8328844017305821e-05 -0.0004484810501421601 0
3031 1 1 343612800 134786145.3282634 56100693.797602646 10933518.227619283 -16.483206259515196 28.100419409279649 -0.10352738957626234 636.86827746166125 -0.00031316244958725698 -6.4297868661627585e-05 -0.00045767729386405763 0
3032 1 1 343699200 133340738.65800166 58519563.018023856 10922840.913139408 -16.97503355638036 27.890173174146025 -0.14367816152419197 636.86703760221997 -0.00031721449632276648 -6.0389801783747909e-05 -0.00046674060545323225 0
3033 1 1 343785600 131852906.26998937 60919812.442454144 10908683.011518201 -17.465237745157332 27.669396669680644 -0.18409383493308104 636.86577723670143 -0.0003214692819315191 -5.6612159017941094e-05 -0.00047566922915602295 0
3034 1 1 343872000 130322800.22376382 63300530.057332598 10891022.344879324 -17.953544256093956 27.438040409230222 -0.22475787500662195 636.86449623663941 -0.00032592554716577853 -5.2972512968997324e-05 -0.00048446127319440009 0
3035 1 1 343958400 128750596.52835166 65660799.94156152 10869838.192045838 -18.439673317717958 27.196063488417508 -0.26565309748387123 636.863194492714 -0.00033058166476493585 -4.9478484133504353e-05 -0.00049311471747815318 0
3036 1 1 344044800 127136495.57965241 67999703.023782298 10845111.34441012 -18.923340239765739 26.943433948924504 -0.30676167459867004 636.8618719141308 -0.00033543563352863019 -4.6137729547282336e-05 -0.0005016274229976813 0
3037 1 1 344131200 125480722.57231076 70316317.870746732 10816824.161206124 -19.404255720804095 26.680129134230327 -0.34806514296727969 636.86052842804179 -0.0003404850770515004 -4.2957932235472894e-05 -0.00050999714068840948 0
3038 1 1 344217600 123783527.88394165 72609721.506014556 10784960.624014439 -19.882126180594799 26.406136035565339 -0.38954441346902263 636.85916397899575 -0.00034572723957512335 -3.9946786944658526e-05 -0.00051822152189402477 0
3039 1 1 344304000 122045187.42957239 74878990.258054286 10749506.390325479 -20.356654117125927 26.121451626296071 -0.43117978317803524 636.85777852842682 -0.00035115898264248075 -3.7111983800989842e-05 -0.00052629812778399185 0
3040 1 1 344390400 120266002.98417841 77123200.636669695 10710448.845981505 -20.827538488098753 25.826083182917408 -0.47295094939160359 636.85637205426895 -0.00035677678403197086 -3.4461192469092558e-05 -0.0005342244373383471 0
3041 1 1 344476800 118446302.47121331 79341430.236514837 10667777.156312568 -21.29447511656543 25.520048590796261 -0.51483702586154734 636.85494454943807 -0.00036257731924470001 -3.200209261595036e-05 -0.00054199872382252256 0
3042 1 1 344563200 116586440.21506307 81532758.666299105 10621482.315770064 -21.757157120281555 25.203376632796569 -0.556816561345432 636.8534960175366 -0.00036855800006785935 -2.9742360988312299e-05 -0.00054962084849686675 0
3043 1 1 344649600 114686797.15540946 83696268.502123207 10571557.195867222 -22.215275363886843 24.876107258932542 -0.59886756014087439 636.85202647283609 -0.00037471441773542845 -2.7689441707559653e-05 -0.00055708848260306728 0
3044 1 1 344736000 112747781.02157526 85831046.263226703 10517996.591270709 -22.668518932968045 24.538291835181507 -0.64096750440421379 636.85053594870988 -0.00038103930170112042 -2.5850582272278934e-05 -0.00056439564348458829 0
3045 1 1 344822400 110769826.46497937 87936183.408264205 10460797.263858372 -23.116575629624176 24.189993369574086 -0.68309337910427492 636.84902449784124 -0.00038752707732994646 -2.4233070317762501e-05 -0.00057153938116981796 0
3046 1 1 344908800 108753395.1478834 90010777.350070029 10399957.984503424 -23.559132488330349 23.831286713770915 -0.72522169946575321 636.84749218682805 -0.00039417189485809986 -2.2844052073716765e-05 -0.00057851686676652525 0
3047 1 1 344995200 106698975.78675388 92053932.486716822 10335479.572407436 -23.995876310448658 23.462258738387273 -0.76732854033065523 636.84593909597345 -0.00040096752048000112 -2.1690509506195305e-05 -0.00058532525039064695 0
3048 1 1 345081600 104607084.14868066 94064761.246526837 10267364.931803327 -24.4264942161318 23.083008480357947 -0.80938956767055359 636.84436531899644 -0.00040790733813441001 -2.0779238547371057e-05 -0.00059196166517703228 0
3049 1 1 345168000 102478262.99941632 96042385.144548967 10195619.085844755 -24.850674212024888 22.693647260730437 -0.85138007219626255 636.84277096273763 -0.00041498435772263691 -2.0116827168858441e-05 -0.00059842323808529144 0
3050 1 1 345254400 100313082.00174633 97985935.84788084 10120249.207503203 -25.268105773018874 22.29429877136975 -0.89327500500182411 636.84115614687244 -0.00042219121660241958 -1.9709632730596701e-05 -0.0006047070975698913 0
3051 1 1 345340800 98112137.563055411 99894556.247088253 10041264.647300269 -25.67848043616268 21.885099129169983 -0.93504901516594641 636.83952100363501 -0.0004295201930793783 -1.9563758559096198e-05 -0.00061081037780415996 0
3052 1 1 345427200 95876052.63112846 101767401.53085788 9958676.9577098303 -26.08149240470178 21.466196896494232 -0.9766764892208194 636.83786567754953 -0.0004369632173472041 -1.9685031424244346e-05 -0.00061673022683879147 0
3053 1 1 345513600 93605476.437401712 103603640.26091599 9872499.9140730966 -26.476839160077276 21.03775306670617 -1.0181315923849301 636.83619032516106 -0.00044451187640777873 -2.0078978663481492e-05 -0.0006224638165382968 0
3054 1 1 345600000 91301084.187075704 105402455.44415314 9782749.5318792351 -26.86422207959961 20.599941013811826 -1.0593883114401434 636.83449511481388 -0.00045215743159302614 -2.0750805069809343e-05 -0.00062800834609190806 0
3055 1 1 345686400 88963576.695702642 107163045.59881708 9689444.0802762937 -27.243347057384319 20.152946405400296 -1.1004204990972111 636.83278022697664 -0.00045989106687572174 -2.1705387215077317e-05 -0.00063336139502132298 0
3056 1 1 345772800 86593679.972054809 108884625.81157468 9592604.0916639417 -27.613925126638492 19.696967078219668 -1.1412019205223001 636.83104583887518 -0.00046771049034093114 -2.2947622234530061e-05 -0.00063853020211139262 0
3057 1 1 345859200 84192144.747277454 110566428.78219301 9492252.3672014251 -27.975673079974815 19.232212875987155 -1.1817063007795807 636.82929211494229 -0.00047560989164452817 -2.4481892504100164e-05 -0.0006435171956150164 0
3058 1 1 345945600 81759745.950690284 112207705.85257031 9388413.978272859 -28.328314083608578 18.758905449284931 -1.2219073709241599 636.82751924509296 -0.00048356916173901193 -2.6311393494227409e-05 -0.00064830517148489026 0
3059 1 1 346032000 79297282.132797465 113807728.01683399 9281116.2639126666 -28.671578285571169 18.277278017362711 -1.2617789165558333 636.82572745156892 -0.00049157819615389445 -2.8439462729312932e-05 -0.0006528915109908518 0
3060 1 1 346118400 76805574.836068913 115365786.90921636 9170388.8238888551 -29.005203415214289 17.787575092032796 -1.301294828587674 636.82391696532568 -0.00049962666828854178 -3.0869004291576675e-05 -0.00065727373933781221 0
3061 1 1 346204800 74285467.914494067 116881195.7664568 9056263.5074453782 -29.328935369363244 17.290052164175638 -1.3404291533111543 636.82208802613138 -0.00050770513057920371 -3.3602537011708147e-05 -0.00066145088117184735 0
3062 1 1 346291200 71737826.803106412 118353290.36152112 8938774.3976751305 -29.642528783886718 16.784975353401677 -1.3791561435751112 636.8202408657985 -0.00051581022203971453 -3.6642559894354166e-05 -0.00066543023755574304 0
3063 1 1 346377600 69163537.738909826 119781429.90549414 8817957.7915081345 -29.945747586043378 16.272621021855805 -1.4174503082690921 636.81837572755057 -0.00052392506392813206 -3.99903001220457e-05 -0.0006692013984139376 0
3064 1 1 346464000 66563506.9349145 121164997.91458656 8693852.1753848176 -30.238365528773844 15.753275352958632 -1.4552864648324941 636.81649282047192 -0.00053206753396384905 -4.3649361027941282e-05 -0.00067279915186033796 0
3065 1 1 346550400 63938659.708950371 122503403.0392832 8566498.1963569783 -30.520166700041365 15.227233896750318 -1.4926397889531851 636.81459232460645 -0.00054022477508439831 -4.7620703368625674e-05 -0.00067621797454779143 0
3066 1 1 346636800 61289939.569515601 123796079.85280547 8435938.6288772263 -30.790946012466168 14.694801082600051 -1.5294858707639389 636.8126742475846 -0.00054848632225759913 -5.1914729918652651e-05 -0.00067957976248589228 0
3067 1 1 346723200 58618307.260629654 125042489.59616148 8302218.3369105076 -31.050509654045367 14.156289702618894 -1.5658007565256162 636.81073856826492 -0.00055685167306618224 -5.6535096260301217e-05 -0.00068289045393954417 0
3068 1 1 346809600 55924739.766422555 126242120.87702897 8165384.2293481724 -31.298675604799957 13.612020356190724 -1.6015611056437191 636.8087829264673 -0.00056648660903704697 -6.1612318478334531e-05 -0.0006875710289681097 0
3069 1 1 346896000 53210229.27569446 127394490.31982428 8025485.2058674227 -31.535273936216132 13.062320887345287 -1.636744120158929 636.80680506900455 -0.0005764477779910737 -6.7065924589077564e-05 -0.0006924507684716207 0
3070 1 1 346982400 50475782.120022163 128499143.1657465 7882572.1066775834 -31.760147363850585 12.507525763487271 -1.6713278164964602 636.80479800347712 -0.00059037450561092114 -7.3359523391029952e-05 -0.00070185513992177548 0
3071 1 1 347068800 47722417.65777842 129555653.81735 7736697.6292679496 -31.973151597385289 11.947975451806997 -1.7052910947706166 636.80274940042023 -0.00060885662282488494 -8.067048372591803e-05 -0.00071633607542775067 0
3072 1 1 347155200 44951167.113979496 130563626.32549493 7587916.2222362291 -32.174156693437368 11.384015622315063 -1.738615006865144 636.80061508918345 -0.00065000489389597312 -9.1676861667684966e-05 -0.00075682944746477215 0
3073 1 1 347241600 42163072.256188706 131522694.79894017 7436283.8139468366 -32.36304848729209 10.815996280178316 -1.7712841109815396 636.79829013555809 -0.00072699881278007878 -0.0001089642075706377 -0.00083771775322637751 0
3074 1 1 347328000 39359184.145370096 132432523.76547703 7281857.6543444339 -32.539725046223026 10.244271599559776 -1.8032821034678739 636.79570312638066 -0.00081045177595457458 -0.00012887101619149898 -0.00092422928803344317 0
3075 1 1 347414400 36540562.186112881 133292808.52077068 7124696.5186829939 -32.70409588824004 9.6691994189144115 -1.8345908091007914 636.79283920297507 -0.00090025282216480622 -0.00015161809664453275 -0.0010160496431835058 0
3076 1 1 347500800 33708272.997427449 134103275.39747661 6964860.7102523074 -32.856084503558222 9.0911402350704336 -1.8651930265332866 636.78967985969609 -0.0009963880939018576 -0.00017744728745200752 -0.0011129848760469485 0
3077 1 1 347587200 30863389.207868312 134863681.96592641 6802411.9823979829 -32.995628323553809 8.5104565264032654 -1.8950724185856394 636.78620589807065 -0.0010998056532412256 -0.00020678865172582068 -0.0012159117141703046 0
3078 1 1 347673600 28006988.231436308 135573817.171983 6637413.4436554071 -33.122679272653819 7.9275119587676324 -1.9242140936575747 636.78238510866163 -0.0012167175360603367 -0.00024116102521916285 -0.0013314309976988111 0
3079 1 1 347760000 25140151.012696892 136233501.40877613 6469929.4298834959 -33.237203488446212 7.3426707348258509 -1.952604304021047 636.77817929154264 -0.0013445194599753685 -0.00028051019205038426 -0.001456325149408225 0
3080 1 1 347846400 22263960.830525368 136842586.53872037 6300025.4384335959 -33.339180865160451 6.7562969792121228 -1.9802299992721704 636.77355449736785 -0.0014836284490407586 -0.00032535063018068755 -0.001590743068308909 0
3081 1 1 347932800 19379502.112079091 137400955.85776839 6127768.0658097183 -33.428604759167747 6.1687541172016669 -2.0070786270960723 636.76848607338775 -0.0016280267022394123 -0.00037474645982036973 -0.0017279982809423682 0
3082 1 1 348019200 16487859.296841139 137908524.01142338 5953224.9872916928 -33.505481573509449 5.5804042865703307 -2.0331378475770396 636.76296564893698 -0.0017745246515070831 -0.00042818991908647955 -0.0018646420967646097 0
3083 1 1 348105600 13590115.695975715 138365236.85153946 5776464.9157972988 -33.569831061908836 4.9916075965482118 -2.0583960561758397 636.75698990808553 -0.0019228552069247946 -0.00048577119441317064 -0.0020004028897794616 0
3084 1 1 348192000 10687352.335304622 138771071.23079932 5597557.5253457464 -33.621686336141678 4.4027214444118554 -2.0828426103955935 636.75055575699912 -0.0020727585704172396 -0.00054757063495471298 -0.0021350279869085998 0
3085 1 1 348278400 7780646.811492919 139126034.74147642 5416573.3683423391 -33.66109362211148 3.8140998951044205 -2.1064678207857752 636.74366069535245 -0.0022239699537358803 -0.00061365550268657851 -0.0022682699404929342 0
3086 1 1 348364800 4871072.1701072631 139430165.40128213 5233583.7930245297 -33.688111996684299 3.2260930773561745 -2.1292629550774591 636.73630283032981 -0.0023762088030670884 -0.00068407626057009625 -0.0023998751329418547 0
3087 1 1 348451200 1959695.8078830794 139683531.28797713 5048660.8607396968 -33.702813090784048 2.6390466019052061 -2.1512202379838237 636.72848092512595 -0.0025291689016959462 -0.00075886235712825417 -0.0025295738594948141 0
3088 1 1 348537600 -952421.59797038476 139886230.12474468 4861877.2634183438 -33.705280760774286 2.0533010037962374 -2.1723328469266288 636.72019447824459 -0.0026825096923916731 -0.00083801769959947203 -0.0026570721707321124 0
3089 1 1 348624000 -3864227.130777339 140038388.81850195 4673306.2415718455 -33.695610730216764 1.4691912111086105 -2.1925949042686974 636.71144382918487 -0.0028358482531744621 -0.00092151215508984405 -0.0027820471885581549 0
3090 1 1 348710400 -6774676.63604814 140140162.9561204 4483021.5100056538 -33.673910025756527 0.88704610545085083 -2.2120012946139527 636.7022344381819 -0.0029887599126537617 -0.0010093216515356981 -0.0029041188275133151 0
3091 1 1 348796800 -9682735.8441100586 140191736.19792271 4291097.0386504894 -33.640301263756783 0.30718623572399895 -2.2305520746337777 636.69246831145676 -0.0031724453478576774 -0.0011133243184780887 -0.0030528953358941891 0
3092 1 1 348883200 -12587380.699785335 140193319.93313017 4097607.5404104064 -33.594888017700008 -0.27006314627721123 -2.2482204448740273 636.68273487425176 -0.0029992232783286085 -0.0010808907088004441 -0.0028654920784507111 0
3093 1 1 348969600 -15487579.378833022 140145160.06605077 3902646.1149070216 -33.537383033493164 -0.84422697801894264 -2.2646039673478797 636.67875780732049 -0.0030968752616313726 -0.0011607784013240882 -0.0029287783698814071 0
3094 1 1 349056000 -18382471.29356074 140047466.6460222 3706156.846400063 -33.473836335674243 -1.4173160225511698 -2.2852434286810377 636.55221763132965 -0.077495334156718887 -0.03040396600098192 -0.072729448002027922 0
3095 1 1 349142400 -21271694.926818434 139900282.80632272 3507629.0231010304 -33.404448798587381 -1.9891258128136935 -2.3101354042933462 636.29815862725832 -0.078170582653721885 -0.031660234848013037 -0.072741620311346872 0
3096 1 1 349228800 -24154423.51776791 139703856.46571738 3307006.7275507264 -33.323543247446224 -2.5571533807972968 -2.333751926834676 636.05194043496022 -0.078820079778141428 -0.032938981580467007 -0.072725800063605683 0
3097 1 1 349315200 -27029688.25979187 139458518.92288229 3104382.2617692924 -33.231702458240775 -3.1212846308751128 -2.3564805119981105 635.80399346935565 -0.07940992759954317 -0.034221836334909779 -0.072653502542574133 0
3098 1 1 349401600 -29896551.695795089 139164618.35067335 2899832.7039302732 -33.129097791546464 -3.6812540380529879 -2.3783129887496028 635.5544642984255 -0.07993984540840067 -0.03550699834242832 -0.07252541504361433 0
3099 1 1 349488000 -32754091.505027685 138822525.49610427 2693435.7888340913 -33.015908177189708 -4.2368046008742173 -2.3992423200217332 635.30349447491449 -0.08040962766540706 -0.03679230494676608 -0.072342456789436974 0
3100 1 1 349574400 -35601401.128788926 138432632.94021046 2485269.8172524776 -32.892319472203468 -4.7876879377903006 -2.4192624393339224 635.05122475496955 -0.080819176975840831 -0.038075609853169302 -0.072105583444859525 0
3101 1 1 349660800 -38437590.349346258 137995354.34479195 2275413.5727199772 -32.758524006709656 -5.3336644788707188 -2.438368235739909 634.79779497284846 -0.081168501186114891 -0.039354771039660071 -0.071815794766630039 0
3102 1 1 349747200 -41261785.829482116 137511123.68390501 2063946.2396100971 -32.614720126966382 -5.8745036277657761 -2.4565555388702638 634.54334392009628 -0.081457711873188537 -0.040627656708065278 -0.071474133037335325 0
3103 1 1 349833600 -44073131.612510473 136980394.46247855 1850947.3225753985 -32.46111173754403 -6.4099838978416139 -2.4738211023327206 634.28800922747348 -0.081687022672085274 -0.041892151414187853 -0.071081681139809283 0
3104 1 1 349920000 -46870789.582756475 136403638.92427433 1636496.5674868454 -32.297907844186405 -6.9398930227865572 -2.4901625856312894 634.03192725015788 -0.081856747180379955 -0.043146161147436399 -0.070639560848110364 0
3105 1 1 350006400 -49653939.88662301 135781347.25137493 1420673.883993662 -32.125322098868487 -7.4640280422307699 -2.5055785347606445 633.77523295585013 -0.081967296828638972 -0.04438761903476493 -0.070148931293881861 0
3106 1 1 350092800 -52421781.314495578 135114026.75733 1203559.2698140317 -31.94357234842256 -7.9821953630071878 -2.5200683615471515 633.51805981704229 -0.082019177583395247 -0.045614489963994399 -0.069610986661261046 0
3107 1 1 350179200 -55173531.643851608 134402201.07603863 985232.73686120275 -31.752880188122656 -8.4942107967728955 -2.5336323218616807 633.26053970702037 -0.082012987829911843 -0.046824775945278917 -0.069026954707717067 0
3108 1 1 350265600 -57908427.944063574 133646409.34837103 765774.23929412919 -31.553470521568737 -8.9998995748095307 -2.5462714928703223 633.00280279823744 -0.081949415445762452 -0.048016520624500757 -0.068398095010620608 0
3109 1 1 350352000 -60625726.843487069 132847205.4084699 545263.60357271717 -31.345571127949892 -9.4990963407896611 -2.5579877493936913 632.74497746522036 -0.081829234001463538 -0.049187813419285159 -0.067725696934221119 0
3110 1 1 350438400 -63324704.759522475 132005156.97162376 323780.46057013585 -31.129412237884896 -9.9916451217582374 -2.5687837399876474 632.48719019091891 -0.081653299758713965 -0.050336794276728221 -0.067011077803333263 0
3111 1 1 350524800 -66004658.092348583 131120844.82463805 101404.18039854542 -30.905226116420387 -10.477399303518554 -2.5786628452555913 632.22956548904779 -0.081422535855058709 -0.051461784505984966 -0.066255492911084721 0
3112 1 1 350611200 -68664903.383957535 130194862.02786034 -121786.19528532303 -30.673246684174728 -10.956221313405319 -2.5876293286309777 631.97222570939653 -0.081138192256700103 -0.052558639305714361 -0.065461994368132395 0
3113 1 1 350697600 -71304759.415850475 129227827.475282 -345698.99046147557 -30.433261920896555 -11.427627238671215 -2.5953646758353219 631.72579874705889 -0.080800247865425515 -0.05363596128119897 -0.064624577526520205 0
3114 1 1 350784000 -73923732.792035073 128220237.45564264 -570363.99013308599 -30.191770640148334 -11.89648290980892 -2.6064003299310228 631.34286520491548 -0.15887299805862035 -0.11718355428015002 -0.12043413011906495 0
3115 1 1 350870400 -76521866.033394203 127172186.05000581 -796183.29904654459 -29.949010863454394 -12.362736478757126 -2.6207202584787552 630.82313644337751 -0.15833769280224486 -0.11888541145805732 -0.11913497729350442 0
3116 1 1 350956800 -79098706.357948273 126084180.72406442 -1023184.3199155997 -29.698947372157487 -12.82134906172298 -2.6337770476872224 630.31440651809089 -0.15774333947785141 -0.12054984609770367 -0.11779743186194054 0
3117 1 1 351043200 -81653653.35704951 124956869.58421902 -1251273.0833139454 -29.44225949210303 -13.27257816401899 -2.6459001865718594 629.80624671661235 -0.15709088085793504 -0.12217854131375397 -0.11642020409671534 0
3118 1 1 351129600 -84186144.677829295 123790894.36808816 -1480369.1132047873 -29.179178530728713 -13.716337014199599 -2.657094215705929 629.29878255334063 -0.15638182111136084 -0.12376942342589156 -0.11500504749668582 0
3119 1 1 351216000 -86695637.937221736 122586903.97336236 -1710392.3538429532 -28.909935395970514 -14.15254663588566 -2.6673643070535165 628.79213726636226 -0.15561763698671327 -0.12532111171345514 -0.11355323671067645 0
3120 1 1 351302400 -89181610.675072491 121345553.78642377 -1941263.2205142484 -28.634760313676882 -14.581135780535153 -2.6767161889049369 628.28643171701549 -0.15479985258335394 -0.12683228313594527 -0.11206606948178073 0
3121 1 1 351388800 -91643560.283778057 120067505.02100733 -2172902.6468133531 -28.353882564789689 -15.002040779742018 -2.6851561270629998 627.78178432636378 -0.15393003307425521 -0.1283016916506006 -0.11054485034218134 0
3122 1 1 351475200 -94081003.915658906 118753424.06974797 -2405232.1300967368 -28.067530232852963 -15.415205394100592 -2.6926909019600642 627.27831101260608 -0.15300978050893457 -0.12972816933467243 -0.10899088880845874 0
3123 1 1 351561600 -96493478.368996531 117403981.86912943 -2638173.7749601011 -27.775929962648711 -15.820580654216563 -2.6993277858243694 626.77612513285169 -0.15204072977976024 -0.13111062656363548 -0.10740549794472046 0
3124 1 1 351648000 -98880539.953701898 116019853.2784813 -2871650.3347448246 -27.479306730072356 -16.218124694643013 -2.7050745198992061 626.27533742922685 -0.15102454446350394 -0.13244805232815843 -0.10578999303312611 0
3125 1 1 351734400 -101241764.33758983 114601716.47360209 -3105585.2510801069 -27.177883623333578 -16.607802581490631 -2.709939291759055 625.77605597889112 -0.14996291290029959 -0.13373951464285294 -0.10414569013357543 0
3126 1 1 351820800 -103576746.37424111 113150252.35552542 -3339902.6914710775 -26.871881635563945 -16.989586134392365 -2.7139307127720826 625.2783861475632 -0.14885754457145625 -0.13498416042613648 -0.10247390481683114 0
3127 1 1 351907200 -105885099.91343887 111666143.97489046 -3574527.5849476331 -26.561519468818066 -17.363453743428906 -2.7170577957497106 624.78243054737413 -0.14771016605179729 -0.13618121478112269 -0.10077595071753764 0
3128 1 1 351993600 -108166457.59516086 110150075.97232398 -3809385.6557911956 -26.247013349415028 -17.729390181682067 -2.7193299328126583 624.28828899924451 -0.14652251723513482 -0.13732998070447908 -0.099053138187844572 0
3129 1 1 352080000 -110420470.62810574 108602734.03518175 -4044403.4553607139 -25.928576854590883 -18.087386414103712 -2.7207568735381846 623.79605849868562 -0.14529634787426976 -0.13842983869568096 -0.097306773233680754 0
3130 1 1 352166400 -112646808.5537305 107024804.37094256 -4279508.3920456637 -25.60642075042897 -18.437439403252547 -2.7213487034621844 623.30583318468859 -0.14403341445152756 -0.13948024583693511 -0.095538156427974849 0
3131 1 1 352252800 -114845158.99672109 105416973.19742778 -4514628.7593274126 -25.280752839706064 -18.779551914426534 -2.721115821630284 622.81770431408086 -0.14273547251380533 -0.14048074071922326 -0.093748577853827467 0
3132 1 1 352339200 -117015227.40335196 103779926.25090781 -4749693.7625762587 -24.951777837878343 -19.113732289495676 -2.7200689386104839 622.33176022606153 -0.14140442602246664 -0.14143068626322172 -0.09193949086267629 0
3133 1 1 352425600 -119156756.31444977 102114329.1490628 -4984646.2543762634 -24.620182078615812 -19.440469678315814 -2.7185343031131946 621.83621918287156 -0.14004127782335091 -0.14233109303371955 -0.090111259520287229 0
3134 1 1 352512000 -121269323.78217354 100421023.9959992 -5219311.7450185753 -24.279367990920271 -19.753127827178869 -2.7121013051602878 621.49726305910235 -0.054887543044065047 -0.061074098448920207 -0.033796371866389126 0
3135 1 1 352598400 -123351966.61435732 98701400.266178787 -5453154.6057951339 -23.929565021209083 -20.051685363021072 -2.7008383345486036 621.31429086571234 -0.054052402537113547 -0.061382596231796739 -0.032765295908614572 0
3136 1 1 352684800 -125404301.77309455 96956301.835479736 -5686010.5889532939 -23.577800997026841 -20.342794538650601 -2.6892381760274557 621.12100630729572 -0.05320263502072186 -0.061647603923055017 -0.031731324503019361 0
3137 1 1 352771200 -127426145.55244751 95186392.379631862 -5917836.4655428957 -23.22377730308477 -20.626021593795191 -2.6769957521608689 620.92931939967821 -0.052336135071396617 -0.061875353195407219 -0.030690835555114298 0
3138 1 1 352857600 -129417310.75605299 93392351.051522821 -6148577.3886428038 -22.867679333970209 -20.901410335714779 -2.6641260313196362 620.73928034683001 -0.051455291579167423 -0.062064579238004534 -0.029646304056778067 0
3139 1 1 352944000 -131377626.02328444 91574853.039625153 -6378179.8136026738 -22.509688229863265 -21.169008726836175 -2.6506441534906688 620.5509366868024 -0.050561519200395651 -0.062215662835170119 -0.028598874835832993 0
3140 1 1 353030400 -133306935.45440675 89734569.210647702 -6606591.5049727345 -22.149980736474216 -21.428868803737959 -2.6365652835063162 620.36433321008019 -0.049656263379879016 -0.062328967049295254 -0.027549739937738144 0
3141 1 1 353116800 -135205098.22978407 87872165.768406793 -6833761.5385531234 -21.788729179490989 -21.681046428768621 -2.6219046067155745 620.17951197657646 -0.048740947530889457 -0.062404918833527147 -0.026500067363726149 0
3142 1 1 353203200 -137071988.22683597 85988303.933146894 -7059640.3024331313 -21.426101439535653 -21.925601062452333 -2.6066773121579074 619.99651232444785 -0.047816970642678529 -0.062444006887726153 -0.0254509996005182 0
3143 1 1 353289600 -138907493.63526335 84083639.640325084 -7284179.4966272572 -21.062260937045142 -22.162595540610159 -2.5908985768799795 619.81537088200037 -0.046885705571886351 -0.062446779868986481 -0.024403652229012605 0
3144 1 1 353376000 -140711516.57136428 82158823.258416995 -7507332.1313876938 -20.697366626246762 -22.392095856965128 -2.5745835509785024 619.63612158182889 -0.045948497064807158 -0.062413844219343831 -0.023359112622752875 0
3145 1 1 353462400 -142483972.69220248 80214499.325262025 -7729052.5242555346 -20.331572997658604 -22.614170951428719 -2.5577473433594347 619.45879567774773 -0.045006660023901184 -0.062345861830799425 -0.022318438765325337 0
3146 1 1 353548800 -144224790.81034154 78251306.302445933 -7949296.2959116818 -19.965030088625017 -22.828892504313206 -2.5404050081863723 619.28342176347235 -0.044061478285538691 -0.062243548289589092 -0.021282657958951751 0
3147 1 1 353635200 -145933912.50981733 76269876.347201779 -8168020.36488532 -19.59788350132461 -23.036334736621324 -2.5225715319847613 619.11002579347837 -0.04311420270687788 -0.062107670311020761 -0.020252765590782228 0
3148 1 1 353721600 -147611291.76396942 74270835.101300225 -8385182.9411760401 -19.230274427729288 -23.236574216507034 -2.5042618213880115 618.93863110639563 -0.04216605009830339 -0.061939043482151734 -0.019229724031251297 0
3149 1 1 353808000 -149256894.55571279 72254801.496389136 -8600743.5188442636 -18.862339681060682 -23.429689672062402 -2.4854906915036672 618.76925844972709 -0.041218202086213386 -0.06173853024577125 -0.018214461499299166 0
3150 1 1 353894400 -150870698.50078857 70222387.575232461 -8814662.8676194567 -18.494211733179281 -23.615761810485878 -2.4662728547996164 618.60192600691073 -0.040271803752436761 -0.061507037024336332 -0.017207870818966822 0
3151 1 1 353980800 -152452692.47452283 68174198.328338102 -9026903.0236398522 -18.126018758533718 -23.794873142523358 -2.446622912429544 618.43664942540215 -0.039327968168904326 -0.061245506360792561 -0.016210818199186929 0
3152 1 1 354067200 -154002876.23892453 66110831.549938627 -9237427.2772445679 -17.757884589353388 -23.967107705266947 -2.4265552866053248 618.27344422709632 -0.038387663169039007 -0.06095503133091025 -0.015223945937106256 0
3153 1 1 354153600 -155521268.43756178 64032863.919716276 -9446203.2137898989 -17.390136625872966 -24.132893433907682 -2.4061601909942367 618.10590081313944 -0.037466433538075189 -0.060656861271746208 -0.01425546617350909 0
3154 1 1 354240000 -157007820.44461942 61940992.161398351 -9653171.2920704745 -17.019993767215034 -24.28754535101147 -2.3843922273535183 618.02354367580244 -0.0010797731891071893 -0.0018212733022109262 -0.00036430671749109801 0
3155 1 1 354326400 -158462257.05235091 59836297.519023143 -9858188.1618804298 -16.647631409179532 -24.431173439916854 -2.3613340961296436 618.02039303473384 -0.0010390329107675602 -0.0017907522942380066 -0.00033390892549957845 0
3156 1 3 354335902.48494619 -158620256.62031627 59604067.252023637 -9880614.6305028256 -16.606738401449565 -24.446610974018345 -2.3587926055227877 618.01988245814789 0 0 0 108
3157 1 1 354412800 -159884558.26928043 57719457.558567636 -10061206.494908983 -16.276125472018993 -24.568685968402875 -2.3381279709066853 618.01551924895534 -0.0011301570327889219 -0.0020045976395263719 -0.00036525267471589198 0
3158 1 1 354499200 -161274793.04354534 55591011.771128446 -10262210.483785475 -15.905365978478667 -24.699837315226677 -2.3147067183928125 618.01039973249954 -0.0010850067093701422 -0.0019951159208068409 -0.00035456541878881151 0
3159 1 1 354585600 -162633029.53091395 53451506.610022798 -10461181.86395333 -15.535440714531692 -24.824706574264905 -2.291078891087293 618.0053476173141 -0.0010521210205738432 -0.0020052085242356016 -0.00034744912070439038 0
3160 1 1 354672000 -163959343.98347837 51301480.542323723 -10658103.314332291 -15.166445306102379 -24.943392907778865 -2.2672565376488456 618.0003086136669 -0.0010200432286526088 -0.002015903171548089 -0.00034051607420885257 0
3161 1 1 354758400 -165253820.65190956 49141463.602776133 -10852958.514795169 -14.798469631504512 -25.055992884034282 -2.2432508802201241 617.99528165305901 -0.00098870069761606508 -0.0020272168644643912 -0.00033375319703563222 0
3162 1 1 354844800 -166516551.38521537 46971977.470837526 -11045732.102601891 -14.431599711760562 -25.162603316584065 -2.219072857478924 617.99026369170679 -0.00095803606884952255 -0.0020391530813170969 -0.0003271473894012425 0
3163 1 1 354931200 -167747635.29863593 44793535.45970235 -11236409.647110326 -14.065917741826439 -25.263321036613192 -2.1947331075531715 617.98525176557848 -0.00092799263186427389 -0.0020517146175950919 -0.00032068591481549806 0
3164 1 1 355017600 -168947178.4472712 42606642.519541904 -11424977.623934437 -13.701502187963573 -25.358242783786668 -2.1702419709886667 617.98024298674613 -0.00089851571789146428 -0.0020649029251532044 -0.00031435634902478218 0
3165 1 1 355104000 -170115293.50815892 40411795.24989105 -11611423.389373381 -13.33842788591055 -25.447465103655674 -2.1456094940465706 617.97523454036559 -0.00086955258574328851 -0.0020787181867554334 -0.00030814656375042013 0
3166 1 1 355190400 -171252099.47085139 38209481.92061796 -11795735.155138819 -12.976766139368017 -25.531084251533233 -2.1208454323050487 617.97022368188777 -0.00084105236995927904 -0.00209315934037573 -0.00030204472330183646 0
3167 1 1 355276800 -172357721.33650434 36000182.500927821 -11977901.963405484 -12.61658481854764 -25.609196102611676 -2.0959592545354147 617.96520773448049 -0.00081296601600679163 -0.0021082241313981507 -0.00029603927696329263 0
3168 1 1 355363200 -173432289.82547557 33784368.695870757 -12157913.662207428 -12.257948458541117 -25.681896068095991 -2.0709601468233831 617.96018408668874 -0.00078524619946005142 -0.0021239091305804694 -0.00029011894826464852 0
3169 1 1 355449600 -174475941.09340671 31562503.989843871 -12335760.881200027 -11.900918357294675 -25.74927901713518 -2.0458570169096792 617.95515019015556 -0.00075784733523522432 -0.0021402098822796809 -0.00028427274321554967 0
3170 1 1 355536000 -175488816.45574522 29335043.696595985 -12511435.007805575 -11.54555267298859 -25.811439204326291 -2.0206584987249938 617.95010355739089 -0.00073072551005948141 -0.0021571209218352958 -0.00027848994545834495 0
3171 1 1 355622400 -176471062.12064847 27102435.015264031 -12684928.163758103 -11.191906520629569 -25.868470202548103 -1.9953729570919185 617.94504175988038 -0.00070383838907124856 -0.0021746357125381225 -0.00027276008669966013 0
3172 1 1 355708800 -177422828.93019205 24865117.091990322 -12856233.182060877 -10.840032067694697 -25.92046484090687 -1.9700084925728725 617.93996242640799 -0.00067714520705162279 -0.002192746738812102 -0.00026707296316217093 0
3173 1 1 355795200 -178344272.10979632 22623521.086687718 -13025343.584368441 -10.48997862868595 -25.96751514759352 -1.9445729464463104 617.93486324123398 -0.00065060677823580303 -0.0022114456820865299 -0.00026141864805228563 0
3174 1 1 355881600 -179235551.02576914 20378070.244543344 -13192253.558802754 -10.141792758416249 -26.009712297282501 -1.9190739057725237 617.92974194461874 -0.00062418536878253909 -0.0022307232607027081 -0.00025578745835840689 0
3175 1 1 355968000 -180096828.95086879 18129179.971803602 -13356957.938218465 -9.7955183445299454 -26.047146565181805 -1.8935187087899497 617.92459629758105 -0.00059785064335607461 -0.0022505916200230383 -0.00025017244375094989 0
3176 1 1 356054400 -180928272.83776435 15877257.915472163 -13519452.178923165 -9.4511966970201158 -26.079907279621402 -1.8679144497366846 617.9194241405379 -0.00057155593553585903 -0.0022709965654312109 -0.00024455951814585135 0
3177 1 1 356140800 -181730053.1001434 13622704.047006363 -13679732.339808088 -9.1088666371952378 -26.10808278224669 -1.8422679841356122 617.91422339347582 -0.00054527372018303613 -0.0022919475276687866 -0.0002389421826001298 0
3178 1 1 356227200 -182502343.4015432 11365910.748893838 -13837795.061981374 -8.7685645860175505 -26.131760395804339 -1.8165859345362654 617.90899199477485 -0.00051897192123925232 -0.002313432023066261 -0.00023331175288210818 0
3179 1 1 356313600 -183245320.45164251 9107262.9042117391 -13993637.548857769 -8.4303246491933521 -26.151026389945532 -1.7908746956397779 617.90372793266977 -0.00049261980948291789 -0.002335436901439229 -0.00022765979432790763 0
3180 1 1 356400000 -183959163.8098622 6847137.9888750538 -14147257.546704825 -8.0941787010926518 -26.165965952590714 -1.7651404396763133 617.89842924220068 -0.00046618797085567847 -0.0023579483426741221 -0.00022197811483990978 0
3181 1 1 356486400 -184644055.69613594 4585906.1662222184 -14298653.3256531 -7.7601564668275653 -26.176663164440082 -1.7393891217677317 617.89309400435366 -0.00043964827930791686 -0.0023809518652925274 -0.00021625876615831563 0
3182 1 1 356572800 -185300180.80869448 2323930.3836680301 -14447823.661169354 -7.4282856024847588 -26.183200976578824 -1.713626485279369 617.88772034527528 -0.0004129738780640509 -0.0024044323656467674 -0.00021049404350095415 0
3183 1 1 356659200 -185927726.14870039 61566.471164154274 -14594767.815991186 -7.0985917734791695 -26.185661191001127 -1.6878580671498524 617.88230643562224 -0.00038613914557411442 -0.0024283740950858117 -0.00020467647492100407 0
3184 1 1 356745600 -186526880.85156965 -2200836.7587778443 -14739485.522521 -6.7710987310056998 -26.184124443891132 -1.6620892031914323 617.87685048995252 -0.00035911968914205183 -0.0024527607600531242 -0.00019879883939107228 0
3185 1 1 356832000 -187097836.02481779 -4462937.4097325113 -14881976.965676319 -6.4458283865725052 -26.178670191505852 -1.6363250333521824 617.87135076606876 -0.00033189232089379691 -0.0024775755630312649 -0.00019285415225488693 0
3186 1 1 356918400 -187640784.59226069 -6724400.3988931626 -15022242.766192775 -6.1228008846042217 -26.169376698492012 -1.6105705069315142 617.86580556451815 -0.00030443504020412186 -0.002502801139432618 -0.00018683567046511189 0
3187 1 1 357004800 -188155921.14440539 -8984897.3536947854 -15160283.964375518 -5.8020346731095849 -26.15632102848901 -1.5848303877424026 617.86021322823922 -0.00027672700001014059 -0.0025284196105492757 -0.00018073688056160592 0
3188 1 1 357091200 -188643441.79486334 -11244106.507719219 -15296102.004294064 -5.4835465724159089 -26.139579036888879 -1.5591092592155598 617.85457214213056 -0.00024874851190566523 -0.0025544126722064795 -0.0001745515203994666 0
3189 1 1 357177600 -189103544.04261822 -13501712.596062645 -15429698.718415558 -5.1673518419769024 -26.119225365604759 -1.5334115294399076 617.84888073273237 -0.00022048102238256476 -0.0025807615183651321 -0.00016827356416994861 0
3190 1 1 357264000 -189536426.63998371 -15757406.750333127 -15561076.312670404 -4.8534642452615611 -26.095333439721191 -1.5077414361322223 617.84313746795283 -0.00019190709099887245 -0.0026074469719856177 -0.00016189721834527295 0
3191 1 1 357350400 -189942289.46608499 -18010886.393435895 -15690237.351944266 -4.5418961127393818 -26.067975465907612 -1.4821030515345699 617.83734085673063 -0.00016301037952888046 -0.0026344494758568536 -0.00015541693948421513 0
3192 1 1 357436800 -190321333.40570056 -20261855.134292677 -15817184.745989813 -4.2326584029804923 -26.037222432455568 -1.4565002872342447 617.83148944895208 -0.00013377564120507283 -0.0026617489927125695 -0.00014882741340953491 0
3193 1 1 357523200 -190673760.23330253 -22510022.662630606 -15941921.735751439 -3.9257607618912571 -26.003144110842499 -1.4309368989025144 617.82558183535764 -0.00010418870506124257 -0.0026893251880855547 -0.00014212356814484968 0
3194 1 1 357609600 -190999772.50213453 -24755104.643944189 -16064451.880094763 -3.6212115800981368 -25.965809058107567 -1.4054164909221853 617.81961665699021 -7.4236451942279795e-05 -0.0027171573974187069 -0.00013530057365368541 0
3195 1 1 357696000 -191299573.43817478 -26996822.615049046 -16184779.042947857 -3.3190180486928829 -25.925284630888118 -1.3799425214218224 617.81359245147678 -4.3908518231185158e-05 -0.0027453295501587965 -0.00012835881049878326 0
3196 1 1 357782400 -191573366.83882472 -29234903.880296826 -16302907.380844107 -3.0191862126404341 -25.881636973756041 -1.3545183059156394 617.80750792378637 -1.3189317736074851e-05 -0.0027736169653169822 -0.00012128395155225928 0
3197 1 1 357868800 -191821356.97613406 -31469081.406460833 -16418841.330758978 -2.7217210229001361 -25.834931025343174 -1.3291470216969596 617.80136195407124 1.7928451367856552e-05 -0.0028020968668847151 -0.00011407685724464965 0
3198 1 1 357955200 -192043748.50449085 -33699093.720038712 -16532585.598412007 -2.4266263871236244 -25.785230543200981 -1.3038317129835884 617.79515332641984 4.945378461446549e-05 -0.0028307474054133359 -0.00010673365299336956 0
3199 1 1 358041600 -192240746.37257946 -35924684.805063494 -16644145.14692609 -2.1339052180334814 -25.732598103162992 -1.278575294665419 617.78888087473422 8.1394697357372803e-05 -0.002859546531519958 -9.9250707372817805e-05 0
3200 1 1 358128000 -192412555.73945966 -38145604.001432776 -16753525.185833503 -1.8435594804117148 -25.677095109389022 -1.2533805564518814 617.78254347383188 0.00011375820478144459 -0.0028884718763109167 -9.1624619187757032e-05 0
3201 1 1 358214400 -192559381.89463648 -40361605.904113993 -16860731.160434887 -1.5555902364554004 -25.618781804628348 -1.2282501668977204 617.77614003963731 0.00014655034908105376 -0.0029175009208531788 -8.38522308746091e-05 0
3202 1 1 358300800 -192681430.18197805 -42572450.263268493 -16965768.741502084 -1.2699976895498424 -25.557717281210071 -1.2031866773371744 617.76966952932469 0.00017977620199991219 -0.0029466109171734306 -7.5930630491874516e-05 0
3203 1 1 358387200 -192778905.92735034 -44777901.885353439 -17068643.815316886 -0.98678122649946631 -25.493959492681412 -1.178192525724566 617.76313094160867 0.00021343986046729567 -0.002975778916648244 -6.7857141432109226e-05 0
3204 1 1 358473600 -192852014.36983445 -46977730.535255544 -17169362.474037588 -0.70593945825106896 -25.427565266042997 -1.1532700403820124 617.75652331698382 0.00024754448417599361 -0.0030049818199866123 -5.9629329626794441e-05 0
3205 1 1 358560000 -192900960.59639832 -49171710.839505218 -17267931.00638536 -0.42747025914832359 -25.358590314508625 -1.1284214436555953 617.74984573812219 0.00028209228163283425 -0.0030341962680838041 -5.1245004510233402e-05 0
3206 1 1 358646400 -192925949.47989878 -51359622.190613978 -17364355.888642546 -0.15137080475779294 -25.287089250749009 -1.1036488554803725 617.74309733017822 0.00031708452416661205 -0.0030633988688698504 -4.2702223954675658e-05 0
3207 1 1 358732800 -192927185.62029102 -53541248.652575575 -17458643.775955111 0.12236239169760575 -25.213115600564947 -1.0789542968540735 617.73627726104053 0.00035252155760602874 -0.0030925660576893305 -3.3999283821353529e-05 0
3208 1 1 358819200 -192904873.28892717 -55716378.867564075 -17550801.49393126 0.39373344425769718 -25.136721816918733 -1.054339693220087 617.72938474186401 0.0003884027968259051 -0.0031216740728864573 -2.5134720952135279e-05 0
3209 1 1 358905600 -192859216.37582889 -57884805.963858813 -17640836.030528508 0.66274706045877718 -25.057959294299302 -1.0298068777630536 617.72241902753524 0.0004247267397546853 -0.0031506990673873712 -1.6107329252084235e-05 0
3210 1 1 358992000 -192790418.33982146 -60046327.465023659 -17728754.528221723 0.92940850884637394 -24.976878383376611 -1.0053575946159021 617.7153794170971 0.00046149098671785423 -0.0031796170765549412 -6.9161360798903416e-06 0
3211 1 1 359078400 -192698682.16142169 -62200745.200362645 -17814564.276444383 1.1937235877260901 -24.8935284058939 -0.98099350197863322 617.70826525428708 0.00049869221456068521 -0.0032084040096917133 2.4395903416688569e-06 0
3212 1 1 359164800 -192584210.2983731 -64347865.216671854 -17898272.704295777 1.4556985951159953 -24.807957669769589 -0.95671617515480478 617.7010759280472 0.00053632620041558609 -0.0032370357182090119 1.1960310904045788e-05 0
3213 1 1 359251200 -192447204.64372692 -66487497.691303372 -17979887.373506874 1.7153402998628815 -24.720213484364837 -0.93252710950320983 617.69381087313627 0.00057438779320387464 -0.0032654878930566543 2.1646251494959135e-05 0
3214 1 1 359337600 -192287866.48647833 -68619456.845996141 -18059415.971663844 1.9726559111863331 -24.63034216203781 -0.90842772346281808 617.68646979296977 0.00061287106921504588 -0.0032937361233465966 3.1497369871527923e-05 0
3215 1 1 359424000 -192106396.47332999 -70743560.868311942 -18136866.305607058 2.2276530951178004 -24.53838925442172 -0.88441935889205958 617.67904911822154 0.00065223441632363877 -0.0033241314867898434 4.1540189327412206e-05 0
3216 1 1 359510400 -191902994.57160944 -72859631.839751735 -18212246.29498978 2.4803398746337249 -24.4443991778266 -0.86050328754866001 617.6715482616471 0.00069158997117125403 -0.0033520283839689169 5.1729302618818051e-05 0
3217 1 1 359596800 -191677860.04247323 -74967495.623157606 -18285563.966507237 2.7307246012652673 -24.348415218749317 -0.8366807143570123 617.66396978654075 0.00073134764175400338 -0.0033796537708830044 6.2082916220951667e-05 0
3218 1 1 359683200 -191431191.40848696 -77066981.792427599 -18356827.447979424 2.9788160060529969 -24.250479940475657 -0.81295277614464856 617.65631314106452 0.00077149796457798726 -0.0034069831928918428 7.2599971414737143e-05 0
3219 1 1 359769600 -191163186.42398134 -79157923.559111699 -18426044.962674331 3.2246231376528334 -24.150634988106319 -0.78932054592669498 617.6485780330313 0.00081203071483591392 -0.003433992027418402 8.3279237349268061e-05 0
3220 1 1 359856000 -190874042.04844078 -81240157.694360644 -18493224.823893599 3.4681553430769689 -24.048921117312723 -0.76578503519587582 617.64076422074766 0.00085293473145774004 -0.0034606555503745905 9.4119200053382563e-05 0
3221 1 1 359942400 -190563954.42163146 -83313524.45275411 -18558375.429758456 3.7094222468816267 -23.945378209951663 -0.74234719625825552 617.63287151376755 0.00089419800066960046 -0.0034869491016762686 0.00010511809011451968 0
3222 1 1 360028800 -190233118.84048912 -85377867.497475788 -18621505.258194242 3.9484337312204243 -23.840045289620637 -0.71900792449683149 617.62489977371013 0.0009358076048405382 -0.003512847901434532 0.00011627387224228482 0
3223 1 1 360115200 -189881729.73769438 -87433033.82682851 -18682622.86210759 4.1851999167269067 -23.732960537127447 -0.69576806056835616 617.61684891531354 0.00097774974062509856 -0.0035383270959030901 0.00012758423612545115 0
3224 1 1 360201600 -189509980.66186455 -89478873.702082962 -18741736.864750668 4.4197311442017666 -23.624161305883117 -0.6726283925327573 617.6087189073304 0.0010200097211292508 -0.0035633618537050933 0.00013904661066617077 0
3225 1 1 360288000 -189118064.25929508 -91515240.576651677 -18798855.955266338 4.6520379570733272 -23.513684137190904 -0.6495896579175563 617.60050977348919 0.001062571963783085 -0.0035879272658125121 0.00015065814597344475 0
3226 1 1 360374400 -188706172.25718296 -93541991.02657941 -18853988.884409178 4.8821310846051222 -23.401564775417235 -0.62665254572047346 617.59222159352282 0.001105420009558077 -0.0036119984200926039 0.00016241571041572051 0
3227 1 1 360460800 -188274495.44826928 -95558984.682338625 -18907144.460436713 5.1100214258220884 -23.287838183039071 -0.60381769834878363 617.58385450418905 0.0011485364946328758 -0.0036355503708504363 0.00017431590729361128 0
3228 1 1 360547200 -187823223.6768426 -97566084.161919534 -18958331.545165621 5.3357200341290625 -23.172538555553242 -0.58108571349895799 617.57540870033131 0.0011919031695662222 -0.0036585581741654977 0.00018635504976127664 0
3229 1 1 360633600 -187352545.82603958 -99563155.005201772 -19007559.050187912 5.5592381025977096 -23.055699336243269 -0.55845714597942353 617.56688443590531 0.0012355008882382384 -0.0036809969141550834 0.00019852916372059114 0
3230 1 1 360720000 -186862649.80639109 -101550065.60959573 -19054835.933241893 5.7805869498906066 -22.937353230792063 -0.53593250947340576 617.55828202504324 0.0012793095830587221 -0.0037028416917972923 0.00021083400501208663 0
3231 1 1 360806400 -186353722.54556081 -103526687.16694085 -19100171.194731034 5.9997780067130577 -22.817532221766779 -0.51351227819683098 617.54960184305924 0.0013233087319664994 -0.0037240674963998832 0.00022326487622869801 0
3232 1 1 360892800 -185825949.97908923 -105492893.60159925 -19143573.874453988 6.2168228067365394 -22.696267581567437 -0.49119689046259063 617.54084432883508 0.0013674987155525621 -0.0037446412230551862 0.00023580600698566297 0
3233 1 1 360979200 -185279517.04298499 -107448561.51002316 -19185053.048039522 6.4317329425269412 -22.57358989711085 -0.46898673287763537 617.53200998562602 0.0014115196179295087 -0.0037646505057534118 0.00024862640098114006 0
3234 1 1 361065600 -184714609.85231346 -109393564.55879648 -19224618.163953956 6.644465941945521 -22.449391589336095 -0.4468906301288747 617.52542905307916 0.0014560741010048197 -0.003783831567710659 0.00026117477408583518 0
3235 1 1 361152000 -184131393.28844362 -111327830.41172577 -19262275.561354827 6.8557904170944699 -22.32562589631728 -0.424791205280315 617.48850337952115 0.010793301629698234 -0.027384202149772045 0.0017220127564338559 0
3236 1 1 361238400 -183529968.26219583 -113251447.85204609 -19298021.728075124 7.065739248013001 -22.202330773051603 -0.4026827913426092 617.4209716738801 0.011116149585301202 -0.027522314693729951 0.0018134880176313279 0
3237 1 1 361324800 -182910494.67312339 -115164350.76213397 -19331862.220519926 7.2735866456302434 -22.077617859497899 -0.38067787677605297 617.35519842973133 0.011438572542675106 -0.027651761479950038 0.0019056684850172806 0
3238 1 1 361411200 -182273151.16673702 -117066424.07384279 -19363805.621946786 7.4793966493185664 -21.951649915232903 -0.35876868291523034 617.28888746763607 0.011759868971303598 -0.027772731530805037 0.0019983081941686879 0
3239 1 1 361497600 -181618113.27944189 -118957560.45589428 -19393860.211492803 7.6831807038788558 -21.824452382350724 -0.3369554107766688 617.22205196734035 0.012079922896082285 -0.02788517768570329 0.0020913997495213719 0
3240 1 1 361584000 -180945555.5591273 -120837654.74979085 -19422034.284653671 7.8849502428792508 -21.696050117981191 -0.3152382396776291 617.15470528517778 0.012398517830350009 -0.027989101134291594 0.0021848786559994786 0
3241 1 1 361670400 -180255651.56704256 -122706603.92009845 -19448336.151764464 8.0847166706294384 -21.566467412107198 -0.29361733391029671 617.08686095393784 0.012715444705466568 -0.028084505685955437 0.0022786827557785324 0
3242 1 1 361756800 -179548573.88057417 -124564307.0059882 -19472774.136723638 8.2824913563084763 -21.435728000160807 -0.27209284333262179 617.01853267882325 0.013030496482427345 -0.028171399433227631 0.002372749782453568 0
3243 1 1 361843200 -178824494.09656644 -126410665.07387616 -19495356.575792938 8.4782856274115108 -21.303855075777996 -0.25066490444824313 616.9497343346502 0.013343468086698713 -0.028249794612782701 0.0024670174272027443 0
3244 1 1 361929600 -178083582.83519167 -128245581.17115475 -19516091.816488046 8.6721107635949348 -21.17087130333379 -0.22933364142749063 616.88047996257728 0.013654156709250475 -0.028319707854052256 0.0025614233757283657 0
3245 1 1 362016000 -177326009.74433699 -130068960.28099814 -19534988.216555648 8.8639779908673013 -21.036798830238201 -0.20809916708923998 616.81078376689925 0.013962361671915084 -0.028381159682845655 0.002655905323457055 0
3246 1 1 362102400 -176551943.50447881 -131880709.2782184 -19552054.143033713 9.0538984761004055 -20.901659298988893 -0.18696158384529421 616.74066011205923 0.014267884595427854 -0.028434174701108424 0.0027504010019007322 0
3247 1 1 362188800 -175761551.83401716 -133680736.88615415 -19567297.971391842 9.2418833218628382 -20.76547385900701 -0.1659209846092552 616.67012351942503 0.014570529438251975 -0.028478781366041671 0.0028448481850902097 0
3248 1 1 362275200 -174955001.49504498 -135468953.63457119 -19580728.084748581 9.4279435615489557 -20.628263178231492 -0.14497745366845549 616.59918866428211 0.014870102508458364 -0.028515011892950113 0.0029391847471138158 0
3249 1 1 362361600 -174132458.29952392 -137245271.81855598 -19592352.873162437 9.6120901547969861 -20.490047454500321 -0.12413106751880555 616.52787037262954 0.01516641256862267 -0.02854290231673896 0.0030333486807352858 0
3250 1 1 362448000 -173294087.11584523 -139009605.45838174 -19602180.732993636 9.794333983182625 -20.350846426700969 -0.10338189566905708 616.45618361807453 0.01545927081291118 -0.028562492138942519 0.0031272780877441226 0
3251 1 1 362534400 -172440051.87575215 -140761870.26032826 -19610220.066334322 9.9746858461345589 -20.210679385656888 -0.082730001421752741 616.38414351963013 0.01574849072936781 -0.028573823885385957 0.0032209111811309105 0
3252 1 1 362620800 -171570515.58158287 -142501983.57841909 -19616479.280500334 10.153156457731068 -20.069565184482254 -0.062175442489413223 616.31176533879147 0.016033891890146708 -0.028576941997690748 0.003314187185262761 0
3253 1 1 362707200 -170685640.31396821 -144229864.37716135 -19620966.787606157 10.329756437642947 -19.927522252391221 -0.041718272626442038 616.23906447496699 0.016315238658244267 -0.02857192858166344 0.0034070347076243074 0
3254 1 1 362793600 -169785589.40720081 -145945429.53440067 -19623691.450955618 10.504442566707908 -19.784477800481298 -0.021369620598897188 616.16772290524807 0.016592535149035113 -0.028558727715266196 0.00349941083714163 0
3255 1 1 362880000 -168870505.18872398 -147648631.47466329 -19624657.999635719 10.67797727306159 -19.641721014729654 -0.00097465355980079428 616.07442666835959 0.026066500509111051 -0.044077874271226808 0.0054876617099735821 0
3256 1 1 362966400 -167940466.90765157 -149339528.65131128 -19623858.312571548 10.850380254174036 -19.499265535021191 0.019469989624962762 615.95916720821037 0.026455138060812747 -0.043995253321766577 0.0056230263040593503 0
3257 1 1 363052800 -166995613.8114337 -151018075.94019189 -19621296.652749483 11.02091797787633 -19.355852783967485 0.039812458489435404 615.84526820988083 0.026837793108233244 -0.043903688887830812 0.0057575718971456967 0
3258 1 1 363139200 -166036104.19158271 -152684195.53435966 -19616981.353433523 11.189653249577455 -19.211590089974642 0.060063479711988568 615.73108229177728 0.027214216095118978 -0.043803334512068311 0.0058911747349371961 0
3259 1 1 363225600 -165062093.36289096 -154337814.6866037 -19610920.320012785 11.356595705665054 -19.066493317280536 0.080222953816604256 615.61662670176577 0.027584273029913755 -0.04369427038286721 0.0060237891654384727 0
3260 1 1 363312000 -164073735.81224152 -155978862.0053921 -19603121.466406018 11.521754873335929 -18.920577985038186 0.10029078233306987 615.50191878275973 0.027947805752403472 -0.043576597071792421 0.0061553537245498287 0
3261 1 1 363398400 -163071185.20825565 -157607267.42553014 -19593592.715083983 11.685140166454923 -18.773859277743082 0.1202668657230085 615.38697597078601 0.028304661055955787 -0.043450416138065752 0.0062858083028643538 0
3262 1 1 363484800 -162054594.41113016 -159222962.17960486 -19582341.997172166 11.846760884463592 -18.626352053555383 0.14015110311477513 615.27181579179648 0.028654689055124475 -0.043315831409143642 0.0064150933127571919 0
3263 1 1 363571200 -161024115.48257911 -160825878.77015176 -19569377.252583586 12.006626211119759 -18.478070852625329 0.15994339189983542 615.15645585871459 0.028997743040202487 -0.043172948608287111 0.0065431497639529069 0
3264 1 1 363657600 -159979899.6958786 -162415950.94252962 -19554706.430185694 12.164745213365904 -18.329029905206898 0.17964362734418238 615.04091386884033 0.029333679491932607 -0.043021875347445379 0.0066699191025782418 0
3265 1 1 363744000 -158922097.54600352 -163993113.65849015 -19538337.488000147 12.321126840335191 -18.17924313959907 0.19925170222027724 614.92520760100513 0.02966235820768973 -0.042862721075965206 0.006795343408204391 0
3266 1 1 363830400 -157850858.75984561 -165557303.07042506 -19520278.393433385 12.475779922453208 -18.028724189878766 0.21876750645737092 614.80935491329694 0.029983641922910632 -0.042695596657192712 0.0069193652178195248 0
3267 1 1 363916800 -156766332.30650476 -167108456.49627301 -19500537.12353703 12.628713170662474 -17.877486403481587 0.23819092680325576 614.69337374041027 0.030297396808976487 -0.042520614925348386 0.0070419276540676203 0
3268 1 1 364003200 -155668666.40764067 -168646512.39507613 -19479121.665296555 12.779935175765148 -17.725542848624844 0.25752184650951299 614.57728209069455 0.030603492102234495 -0.042337890154215713 0.007162974389510089 0
3269 1 1 364089600 -154558008.54787928 -170171410.34316891 -19456040.015946466 12.929454407843489 -17.572906321523035 0.27676014502833274 614.4610980439229 0.030901800204044469 -0.042147538012566745 0.0072824496509664516 0
3270 1 1 364176000 -153434505.48526359 -171683091.01098356 -19431300.183311094 13.077279215792851 -17.419589353467074 0.29590569772727859 614.3448397485447 0.031192196744706628 -0.041949675782464481 0.0074002982536767094 0
3271 1 1 364262400 -152298303.26174149 -173181496.14045992 -19404910.186169386 13.223417826931662 -17.265604217726818 0.31495837561338191 614.22852541927091 0.031474560391957229 -0.041744421801132921 0.0075164655300772433 0
3272 1 1 364348800 -151149547.21367931 -174666568.52304125 -19376878.054641403 13.367878346832699 -17.11096293616594 0.33391804512051942 614.11217333488491 0.031748773644665725 -0.04153189520233113 0.0076308976214637557 0
3273 1 1 364435200 -149988381.98243737 -176138251.97827756 -19347211.830612022 13.510668757616411 -16.955677287121805 0.35278456729769342 613.99580183525586 0.032014707763997181 -0.041312228628995855 0.0077435357979161786 0
3274 1 1 364521600 -148814952.01384792 -177596490.73764691 -19315919.687854987 13.651784796194013 -16.799744041971874 0.37155483074443685 613.87973182993346 0.032272313894282208 -0.041085489989868808 0.0078543508789273991 0
3275 1 1 364608000 -147629396.54565069 -179041235.54658675 -19283008.70337829 13.791403835173679 -16.643381218944334 0.39027019888396919 613.75974822123931 0.034589398718602803 -0.043369650931784173 0.0084695386496486027 0
3276 1 1 364694400 -146431840.11688668 -180472455.14481357 -19248482.525560249 13.929535865362777 -16.486600406164513 0.40893131902540331 613.63583991514224 0.034860074673918197 -0.04313444033152862 0.0085867798522680106 0
3277 1 1 364780800 -145222420.32070461 -181890102.25872207 -19212348.146660559 14.066020847302953 -16.32920610492793 0.42749724151889151 613.51223263176394 0.035121894163071869 -0.042892217445361806 0.0087020326328352202 0
3278 1 1 364867200 -144001278.59437111 -183294125.02074099 -19174613.66503422 14.200878050954952 -16.171223636910977 0.44597070519516474 613.38864517320121 0.035374788942217662 -0.042643083153237081 0.0088152570989204152 0
3279 1 1 364953600 -142768555.26611194 -184684473.06307554 -19135287.076683272 14.334114673678389 -16.012663380822982 0.46435153390978007 613.26509671443864 0.035618652637154642 -0.042387174482242815 0.0089263999270896219 0
3280 1 1 365040000 -141524390.04764533 -186061096.90599877 -19094376.393124305 14.46573778933646 -15.853535515871284 0.48263954470130899 613.14160647219126 0.035853388091661505 -0.042124624316477954 0.0090354103932659899 0
3281 1 1 365126400 -140268922.04480025 -187423947.94082031 -19051889.641971864 14.595754349338756 -15.693850026630809 0.50083454786702253 613.01819370247779 0.036078900896732734 -0.041855566114073463 0.0091422382594121346 0
3282 1 1 365212800 -139002289.76808172 -188772978.41330194 -19007834.867527846 14.724171182990776 -15.533616708382997 0.5189363468065562 612.89487769886534 0.036295099754685228 -0.041580133837537066 0.0092468339530619604 0
3283 1 1 365299200 -137724631.14320132 -190108141.4075276 -18962220.131382849 14.850994997957805 -15.37284517231681 0.53694473789798425 612.77167779013052 0.036501896486498597 -0.041298462102295666 0.0093491485279906666 0
3284 1 1 365385600 -136436083.52156502 -191429390.83021888 -18915053.513028231 14.976232380767732 -15.211544850608478 0.55485951037382675 612.64861333797057 0.036699205969495358 -0.041010685937910143 0.0094491336101149015 0
3285 1 1 365472000 -135136783.69071683 -192736681.3954823 -18866343.110478442 15.099889797348025 -15.0497250013656 0.5726804462090993 612.52570373495132 0.036886946086591536 -0.040716940729933621 0.0095467414908890474 0
3286 1 1 365558400 -133826867.88473424 -194029968.60997921 -18816097.040902473 15.22197359359277 -14.887394713453686 0.59040732001873586 612.40296840253336 0.037065037656727938 -0.040417362167115958 0.0096419250509732508 0
3287 1 1 365644800 -132506471.79457305 -195309208.75850815 -18764323.441264134 15.342489995978871 -14.724562911221568 0.60803989896086519 612.28042678881434 0.03723340462490022 -0.040112086342646298 0.0097346378145319185 0
3288 1 1 365731200 -131175730.57835707 -196574358.88999054 -18711030.46897006 15.461445112206004 -14.561238359100768 0.62557794264824551 612.15809836652818 0.037391973727708791 -0.039801249386701612 0.0098248338973877247 0
3289 1 1 365817600 -129834778.87161252 -197825376.80384815 -18656226.302525401 15.578844931857468 -14.397429666089948 0.64302120306227584 612.03600263122132 0.037540674677755619 -0.039484987672806136 0.0099124680046796809 0
3290 1 1 365904000 -128483750.79744284 -199062221.03676358 -18599919.142196596 15.694695327106837 -14.233145290152368 0.66036942447691982 611.91415909902844 0.037679440135262435 -0.039163437739189289 0.0099974954661467899 0
3291 1 1 365990400 -127122779.97664174 -200284850.84981769 -18542117.210680239 15.809002053445345 -14.068393542492894 0.67762234339118665 611.79258730468314 0.037808205608499013 -0.038836736108599841 0.01007987221752459 0
3292 1 1 366076800 -125751999.53774406 -201493226.21599135 -18482828.753777836 15.921770750377032 -13.903182591771142 0.69477968845767879 611.67130679975696 0.037926909067082543 -0.038505019579881554 0.010159554710999788 0
3293 1 1 366163200 -124371542.12700647 -202687307.80801868 -18422062.041077558 16.033006942461057 -13.737520467908917 0.71184118040015676 611.55033715080822 0.038035494807190075 -0.038168421407072328 0.010236500247877799 0
3294 1 1 366249600 -122981537.88723235 -203867058.99615651 -18359824.821380183 16.142766416145527 -13.571464909891997 0.72882005611459133 611.42857338907766 0.038133904151645283 -0.037827078699432776 0.010310673086737976 0
3295 1 1 366336000 -121582135.35460663 -205032425.14861619 -18296129.927931745 16.250349263118977 -13.40432538683738 0.74552677082747898 611.32178063296124 0.029665988111598891 -0.029015573289638073 0.0080851350818883505 0
3296 1 1 366422400 -120173540.72675642 -206183294.98253134 -18231005.841694109 16.355758118581306 -13.236114144522983 0.76195951804057083 611.22995398932767 0.029714283673007234 -0.028729635635929947 0.0081350188961382391 0
3297 1 1 366508800 -118755901.9854033 -207319615.84280655 -18164465.654788341 16.459701269911601 -13.067541482436663 0.77830594048112611 611.13734589925434 0.029752872801628229 -0.028439152858394788 0.0081821309493993917 0
3298 1 1 366595200 -117329347.85620025 -208441354.50743103 -18096517.455439031 16.562133692458666 -12.898564536026278 0.79455235368984367 611.04510246176778 0.029781759889338552 -0.028144171038147835 0.0082264714359653324 0
3299 1 1 366681600 -115894008.64610185 -209548476.359878 -18027169.896241937 16.663060460019782 -12.729190545580048 0.81069848286919466 610.95324351758961 0.029800869083492144 -0.027844835773471559 0.0082679857532535969 0
3300 1 1 366768000 -114450014.22859873 -210640947.40405437 -17956431.653959878 16.762486533266127 -12.559426632726122 0.82674404368712062 610.86178893217834 0.029810144692743686 -0.027541271034510019 0.0083066312147083189 0
3301 1 1 366854400 -112997494.05336353 -211718734.25407925 -17884311.430284809 16.860416762216392 -12.389279801710176 0.84268874338527355 610.77075859424701 0.029809532474511118 -0.027233601414194147 0.0083423649710047988 0
3302 1 1 366940800 -111536577.15578899 -212781804.12429664 -17810817.952573445 16.956855886784101 -12.21875694293724 0.85853228062479325 610.68017241473399 0.029798980694901094 -0.026921951106788997 0.0083751446724114782 0
3303 1 1 367027200 -110067392.16646914 -213830124.81958133 -17735959.97458981 17.05180853752611 -12.04786483623028 0.87427434545973981 610.59005032545508 0.029778440056440869 -0.026606443892588542 0.0084049284796835558 0
3304 1 1 367113600 -108590067.32061498 -214863664.7259227 -17659746.277250081 17.145279236393485 -11.876610154015948 0.88991461930799509 610.50041227782174 0.029747863697359957 -0.026287203052201912 0.0084316750123889124 0
3305 1 1 367200000 -107104730.46740529 -215882392.8012802 -17582185.669370178 17.237272397490674 -11.704999464427774 0.90545277492201626 610.41127824166301 0.029707207114967035 -0.025964351271001537 0.0084553433438403023 0
3306 1 1 367286400 -105611509.07927226 -216886278.56670332 -17503286.988415323 17.327792327829965 -11.533039234319915 0.92088847636452598 610.32266820434791 0.029656428031183513 -0.025638010458944576 0.0084758930088988209 0
3307 1 1 367372800 -104110530.26112132 -217875292.09770855 -17423059.10125206 17.416843228085522 -11.360735832206988 0.93622137898504976 610.23460217002787 0.029595486384104436 -0.025308301826618321 0.008493283957798848 0
3308 1 1 367459200 -102601920.75948575 -218849404.01590776 -17341510.904901821 17.504429193366164 -11.188095531145418 0.95145112940004062 610.1471001586134 0.029524344438546291 -0.024975345875960907 0.0085074765978872501 0
3309 1 1 367545600 -101085806.97161365 -219808585.4808827 -17258651.327296168 17.590554213998011 -11.015124511545627 0.96657736547926332 610.06018220469457 0.029442966665625819 -0.024639262317185072 0.0085184317745798238 0
3310 1 1 367632000 -99562314.954488337 -220752808.18229851 -17174489.328033235 17.675222176276872 -10.841828863890676 0.98159971632680953 609.9738683571444 0.029351319410067012 -0.024300169765171326 0.008526110683334644 0
3311 1 1 367718400 -98031570.433783695 -221682044.33224857 -17089033.89913572 17.758436863239464 -10.668214591389436 0.99651780226845665 609.88817867853334 0.029249371279344585 -0.023958186061212604 0.0085304749534907739 0
3312 1 1 367804800 -96493698.812757671 -222596266.65783638 -17002294.065812048 17.840201955279909 -10.494287612828163 1.0113312347744734 609.80313324410315 0.029137091951750148 -0.02361342943941222 0.0085314861250271341 0
3313 1 1 367891200 -94948825.181025878 -223495448.39390099 -16914278.887193076 17.920521032814147 -10.320053762362052 1.0260396172957968 609.71875214204579 0.029014469253653426 -0.023265994557481288 0.0085291115245505287 0
3314 1 1 367977600 -93397068.253922194 -224379568.0564076 -16824995.66462421 17.999548105777155 -10.14563736783915 1.0406869992985877 609.63199835026955 0.028881369229919979 -0.022916164309461876 0.0085232396005776277 0
3315 1 1 368064000 -91838602.835160598 -225248560.20119482 -16734468.380981918 18.075178356007132 -9.9693825411556602 1.0546504965043912 609.58571234089629 0.0032450039878477968 -0.0024864689392812404 0.00098474764981038238 0
3316 1 1 368150400 -90273776.74335818 -226102223.78985456 -16642772.298397629 18.147420644801365 -9.791315116925972 1.0679290348483963 609.57965192618155 0.0031681769181788914 -0.0024005074217822954 0.0009648130815819335 0
3317 1 1 368236800 -88702763.387809962 -226940497.20271438 -16549931.550607385 18.218392834871374 -9.6131214922410351 1.0811444379075674 609.570767182027 0.00309207113790396 -0.0023173946995913406 0.00094470314075258545 0
3318 1 1 368323200 -87125679.236581162 -227763364.26841897 -16455953.63016776 18.287949222571836 -9.4346877499482105 1.0942525282650992 609.56212397295428 0.0030196937054063674 -0.0022382462830424334 0.00092570331246052929 0
3319 1 1 368409600 -85542646.386694953 -228570804.50673348 -16360847.79667666 18.356095028428307 -9.2560200029337594 1.1072535699670873 609.55371222261226 0.002949134583345349 -0.002162000663517434 0.00090708985660603624 0
3320 1 1 368496000 -83953786.496887267 -229362797.95665058 -16264623.290358962 18.422835230972218 -9.0771241856287013 1.1201477678207983 609.54552455437147 0.0028805761962483667 -0.0020886829273776284 0.00088893670893636046 0
3321 1 1 368582400 -82359220.801413447 -230139325.16403422 -16167289.334219074 18.488174644501733 -8.8980060741132103 1.1329353051043352 609.5375550525473 0.0028129140491132301 -0.0020174179584271867 0.00087091081425335714 0
3322 1 1 368668800 -80759070.125080198 -230900367.16772509 -16068855.136256248 18.552117988125495 -8.7186713446909483 1.1456163629120921 609.52979784780314 0.0027472676058300232 -0.0019489555224631661 0.00085336301624815711 0
3323 1 1 368755200 -79153454.885096312 -231645905.49568442 -15969329.887696637 18.61466993777913 -8.5391256145446128 1.1581911360520649 609.52224608299798 0.0026831597214400224 -0.0018828844877237076 0.00083615259272122209 0
3324 1 1 368841600 -77542495.100765929 -232375922.15564135 -15868722.763647377 18.675835044927673 -8.3593743846685591 1.1706598079591561 609.51489352489045 0.002620755271529795 -0.0018192587451941072 0.00081933690682490709 0
3325 1 1 368928000 -75926310.403004631 -233090399.62610897 -15767042.923709441 18.735617727171405 -8.1794230373483323 1.1830225474349667 609.50773473346794 0.0025593576587677335 -0.0017575336968002097 0.00080270431742880579 0
3326 1 1 369014400 -74305020.049171582 -233789320.84399444 -15664299.514271507 18.794022222626488 -7.9992768080630352 1.1952794941166014 609.50076594233769 0.0024986127563693819 -0.0016974212702287009 0.0007861476808437277 0
3327 1 1 369100800 -72678742.936061442 -234472669.19385362 -15560501.670261411 18.851052647861959 -7.8189408298221945 1.2074307762192495 609.49398391258524 0.0024385107836561557 -0.0016388778299939748 0.00076966677855367391 0
3328 1 1 369187200 -71047597.609225869 -235140428.49998236 -15455658.515772752 18.906713016259172 -7.6384201487251131 1.2194765160842282 609.48738557011541 0.0023790344269156963 -0.0015818559482078981 0.00075325889295774456 0
3329 1 1 369273600 -69411702.269502193 -235792583.02058822 -15349779.163821237 18.961007317581526 -7.4577197789731784 1.2314168552783511 609.48096647159355 0.0023211073181454316 -0.0015269320560388109 0.00073721955627010594 0
3330 1 1 369360000 -67771174.774737433 -236429117.44530946 -15242872.714583585 19.013939460469309 -7.2768446659544512 1.2432519364050287 609.47472192124519 0.002263985908223506 -0.001473566217073519 0.00072131765908312691 0
3331 1 1 369446400 -66126132.653819822 -237050016.88469613 -15134948.257536426 19.065513159196595 -7.0957996137866912 1.2549818670449027 609.46864915109643 0.002207243028116253 -0.0014214454596335627 0.00070541994429401938 0
3332 1 1 369532800 -64476693.119989641 -237655266.86047599 -15026014.873393456 19.115732022921794 -6.9145893477347888 1.2666067477690692 609.46274559207438 0.0021511360450873662 -0.0013707080048471752 0.00068961052433792129 0
3333 1 1 369619200 -62822973.077935331 -238244853.30014253 -14916081.634085709 19.164599574478434 -6.7332185288418795 1.2781266779723965 609.45700851193567 0.0020955065326186953 -0.0013212221386352213 0.00067384096447731256 0
3334 1 1 369705600 -61165089.117711507 -238818762.53984338 -14805157.598483209 19.212119600365444 -6.5516919723299347 1.289541869012089 609.45142838594927 0.0020402082793800854 -0.0012728687157466396 0.00065806610561038818 0
3335 1 1 369792000 -59503157.686479591 -239376981.21708089 -14693251.865595756 19.258289950796605 -6.3700108026124349 1.3008506402124838 609.4461064578071 0.0019199291657033264 -0.0011851138185197561 0.00062117543890879935 0
3336 1 1 369878400 -57837295.381370559 -239919496.08945295 -14580373.667090153 19.303114369840369 -6.1881798272294537 1.3120532374890872 609.44103019832608 0.0018723904610875885 -0.0011437364406428287 0.00060762981401136043 0
3337 1 1 369964800 -56167618.021449551 -240446294.61236721 -14466532.065406518 19.346601877756708 -6.0062071167706668 1.3231516395345222 609.43608530720769 0.0018248994264946615 -0.0011031529829958211 0.00059400508221268066 0
3338 1 1 370051200 -54494241.004457146 -240957364.71421856 -14351736.066287572 19.388755093384706 -5.8240967311136407 1.3341457880529701 609.43127734364577 0.0017785974878155686 -0.0010640299762952274 0.0005806745888613555 0
3339 1 1 370137600 -52817279.482681289 -241452694.68619666 -14235994.673193969 19.429577008064882 -5.6418529647059312 1.3450357709524916 609.42660299156455 0.0017329012249263497 -0.001025986964019734 0.00056745092270414524 0
3340 1 1 370224000 -51136848.355713218 -241932273.18708435 -14119316.882725026 19.469070507488993 -5.4594800490590334 1.3558216681336177 609.42205914647786 0.0016883079943750099 -0.00098929202348937962 0.0005544994069819133 0
3341 1 1 370310400 -49453062.277366392 -242396089.23925781 -14001711.684599061 19.507238364123793 -5.2769821510973456 1.3665035487509303 609.41764305199547 0.0016440709884761875 -0.00095347869661623649 0.00054157744029582975 0
3342 1 1 370396800 -47766035.669969976 -242844132.22054833 -13883188.064069176 19.544083185105535 -5.0943633449685084 1.3770814539134226 609.41335327283093 0.0016003423993417056 -0.00091861599446530948 0.00052873651473132411 0
3343 1 1 370483200 -46075882.725368679 -243276391.86398569 -13763754.999967379 19.579607780785864 -4.9116278257758808 1.3875555183802963 609.40918282562654 0.0015605426683521391 -0.00088663182355263952 0.00051711154974223893 0
3344 1 1 370569600 -44382717.389653124 -243692858.26690733 -13643421.457355686 19.613814857216209 -4.7287797326368279 1.3979258691835224 609.40512492543235 0.0015211385461621637 -0.00085545417724561701 0.00050554006777980007 0
3345 1 1 370656000 -42686653.396335565 -244093521.87236747 -13522196.396192476 19.646706711374446 -4.5458229773960293 1.4081925244758797 609.40117865320553 0.0014818571457751897 -0.00082491355301389296 0.00049393238942310714 0
3346 1 1 370742400 -40987804.284942761 -244478373.45933571 -13400088.775229426 19.678285542983694 -4.3627614279228046 1.4183554961056319 609.39734312930852 0.0014427475570321729 -0.00079502490001969286 0.00048230537482218619 0
3347 1 1 370828800 -39286283.40683239 -244847404.1403935 -13277107.55169411 19.708553526978925 -4.179598949458625 1.4284148138260011 609.3936161776553 0.0014046126327792805 -0.00076621481324434424 0.00047092873404693382 0
3348 1 1 370915200 -37582203.927721478 -245200605.36134329 -13153261.679871617 19.737512747782084 -3.9963393695419569 1.4383705033223193 609.38999554561428 0.0013667275860488072 -0.00073806475595373231 0.00045956173106691711 0
3349 1 1 371001600 -35875678.84071324 -245537968.89515525 -13028560.113201464 19.765165135764715 -3.8129864449087276 1.4482225648374942 609.38648007827192 0.0013291249003860093 -0.00071057871189851183 0.00044821611143148181 0
3350 1 1 371088000 -34166820.975874767 -245859486.83800438 -12903011.805234972 19.791512534229714 -3.629543900525932 1.4579709954237556 609.38306847884803 0.0012918367624931962 -0.00068376008133103809 0.00043690363229652611 0
3351 1 1 371174400 -32455743.007857986 -246165151.60653958 -12776625.709946435 19.816556698522739 -3.4460154306371735 1.4676157885903129 609.37975932722566 0.0012549381993010771 -0.00065763436719749175 0.00042565069186431477 0
3352 1 1 371260800 -30742557.46339035 -246454955.93535525 -12649410.782005236 19.840299296475557 -3.2624047005856731 1.477156934389521 609.37655107341561 0.0012184628417467789 -0.0006322042085137651 0.00041446989513142199 0
3353 1 1 371347200 -29027376.729136106 -246728892.87440583 -12521375.977179023 19.862741901388379 -3.0787153447422031 1.4865944169686303 609.37344216740814 0.0011823999570934501 -0.00060744897630658843 0.00040335884094968812 0
3354 1 1 371433600 -27310313.059968691 -246986955.78634772 -12392530.252881918 19.883885991674255 -2.8949509680144194 1.4959282143956321 609.37043106618648 0.0011467797956963314 -0.00058336946778121267 0.00039232908684092661 0
3355 1 1 371520000 -25591478.586753603 -247229138.34427914 -12262882.568577427 19.903732961234343 -2.7111151528061193 1.5051583016234464 609.36751604755625 0.0011117002730955973 -0.0005600003766090179 0.00038141043160107459 0
3356 1 1 371606400 -23870985.322134595 -247455434.53061429 -12132441.88560624 19.922284148783028 -2.527211475034175 1.5142846591891355 609.36469468590167 0.0010769691226727692 -0.0005372294432215239 0.00037055313630213378 0
3357 1 3 371638888.36948651 -23223634.426737919 -247536415.94371733 -12083189.897265946 19.92892474774105 -2.4580426225259284 1.5176895082038797 609.36365930050351 0 0 0 216
3358 1 1 371692800 -22148945.187024888 -247665838.6257779 -12001217.172997585 19.939540141988477 -2.3432431596262173 1.5233070712702772 609.36197631390223 0.0010345048977332912 -0.0005110290015546327 0.00035741272308386789 0
3359 1 1 371779200 -20425470.085177179 -247860345.17338732 -11869217.42731929 19.955501030593705 -2.1592132158274953 1.5322251970373908 609.35937744571822 0.00098762092435770521 -0.00048312488140041362 0.00034293201606059069 0
3360 1 1 371865600 -18700671.885646306 -248038948.99198458 -11736451.665957434 19.97016760016599 -1.975125032317858 1.5410389167329765 609.35690040531847 0.00094265993238996579 -0.00045666018756608604 0.00032894921785151725 0
3361 1 1 371952000 -16974662.367455173 -248201645.20504934 -11602928.909309866 19.983540985715198 -1.79098219766558 1.5497482331637285 609.35453958229925 0.00089932241767269507 -0.0004314548177219552 0.00031538444323225687 0
3362 1 1 372038400 -15247553.222609747 -248348429.24186686 -11468658.18004358 19.99562206957901 -1.6067882041346677 1.5583530914835166 609.35229222789326 0.0008575881526813894 -0.00040746825751662854 0.00030223965757697984 0
3363 1 1 372124800 -13519456.032558251 -248479296.85076305 -11333648.492222207 20.006412933369887 -1.4225471354917485 1.5668538889733814 609.35013228024934 0.00083360878204148149 -0.00039227107795265038 0.00029524310790651369 0
3364 1 1 372211200 -11790482.152068574 -248594244.15575227 -11197908.80765409 20.015916116810406 -1.238263305898579 1.575251217973078 609.3480237867044 0.00081828068924935443 -0.00038137383230186714 0.00029124708138823861 0
3365 1 1 372297600 -10060742.768290943 -248693267.62954545 -11061448.053756377 20.0241331442271 -1.0539405623436096 1.5835453464394262 609.34594748953941 0.0008095795659897511 -0.00037372256905047433 0.0002895726601087374 0
3366 1 1 372384000 -8330348.9584893389 -248776364.06805572 -10924275.141213803 20.031064955504242 -0.86958250411493732 1.591736364875677 609.34389298595636 0.00080241384220238875 -0.00036689802143879019 0.00028842473585249169 0
3367 1 1 372470400 -6599411.7463112473 -248843530.56670031 -10786398.981491474 20.036711961217261 -0.6851925169261176 1.5998242033260917 609.34185770373608 0.00079614606227791337 -0.00036058980209657793 0.00028758126288079967 0
3368 1 1 372556800 -4868042.1230806401 -248894764.51350039 -10647828.492034422 20.041074537324985 -0.50077400603742173 1.6078088071026764 609.33983798782583 0.00079174991715441124 -0.00035522378846339987 0.00028739977756259182 0
3369 1 1 372643200 -3136351.0489765471 -248930063.59165251 -10508572.594292918 20.044152983817099 -0.31633037875175296 1.6156901219495552 609.33782984397646 0.00078837985890117118 -0.00035039809089840043 0.00028758200114778953 0
3370 1 1 372729600 -1404449.468627604 -248949425.77570555 -10368640.216958642 20.045947357019461 -0.1318649710705373 1.6234680330048101 609.33583194476057 0.00078502808406061427 -0.00034565412044693328 0.00028776433953433167 0
3371 1 1 372816000 327551.66982964787 -248952849.32645366 -10228040.300514398 20.046457544038301 0.052618915502535835 1.6311423910701914 609.33384428667614 0.00078169685616435688 -0.00034099210203234739 0.00028794777131280278 0
3372 1 1 372902400 2059541.4051326667 -248940332.79028621 -10086781.798391996 20.045683359301851 0.23711796885994435 1.6387130475780243 609.33186645752357 0.0007786255769257548 -0.00033651577759304769 0.00028822089716632913 0
3373 1 1 372988800 3791408.7576517276 -248911875.00061411 -9944873.6765304822 20.043624564236609 0.42162885645882142 1.6461798619841492 609.32989728535745 0.00077608588158353863 -0.00033233919647954028 0.00028868588758150629 0
3374 1 1 373075200 5523042.722858496 -248867475.07884288 -9802324.913401382 20.04028080024106 0.60614825305702402 1.6535426770037571 609.32793603775713 0.00077350681199066273 -0.00032821079288349828 0.00028913264243255599 0
3375 1 1 373161600 7254332.2584939254 -248807132.43275502 -9659144.5023743995 20.035651566664249 0.79067284829235318 1.6608013102468191 609.32598281383048 0.00077088510846457696 -0.00032412919314605556 0.00028955975375657988 0
3376 1 1 373248000 8985166.2753211949 -248730846.75662699 -9515341.452773083 20.029736279373004 0.97519931928184744 1.6679555757991364 609.3240374945027 0.00076833286420699767 -0.00032014336404428203 0.00029000931992646041 0
3377 1 1 373334400 10715433.629806545 -248638618.03233439 -9370924.7902193367 20.022534260734886 1.1597243333990725 1.6750052804536175 609.32209992145147 0.00076576494396415353 -0.0003162154820865391 0.00029044944743283392 0
3378 1 1 373420800 12445023.115260072 -248530446.5299235 -9225903.5575595405 20.014044727858682 1.3442445517268495 1.6819502192206861 609.32017010703112 0.00076315216674000431 -0.00031233292143059612 0.0002908689448867241 0
3379 1 1 373507200 14173823.453105597 -248406332.80839071 -9080286.8157494627 20.004266800303967 1.528756623937471 1.6887901781468455 609.31824809481589 0.00076049546883480141 -0.0003084963214112448 0.00029126793918278775 0
3380 1 1 373593600 15901723.284565642 -248266277.71679071 -8934083.6445883419 19.993199502019515 1.7132571857499521 1.6955249349938724 609.31633392374442 0.00075779787614309584 -0.00030470726557983615 0.00029164737797063447 0
3381 1 1 373680000 17628611.162468038 -248110282.39554545 -8787303.1434102524 19.980841763495782 1.8977428562843961 1.7021542600362296 609.3144275881599 0.0007550870799833383 -0.00030097814527389754 0.00029201788468882957 0
3382 1 1 373766400 19354375.543139528 -247938348.27793708 -8639954.4317452181 19.967192418983746 2.0822102375985931 1.7086779149329794 609.3125290867481 0.00075233329282177355 -0.00029729584405305531 0.00029236766598951118 0
3383 1 1 373852800 21078904.777896482 -247750477.09157059 -8492046.6501415092 19.952250204187148 2.2666559139866278 1.7150956517747422 609.31063846279346 0.00074953707870125189 -0.00029366079245240573 0.0002926966920929679 0
3384 1 1 373939200 22802087.104676928 -247546670.86004832 -8343588.9609374814 19.936013758895797 2.4510764490714867 1.7214072140599441 609.30875575524283 0.0007466997298450946 -0.00029007378691450492 0.00029300523069996081 0
3385 1 1 374025600 24523810.639751822 -247326931.90483093 -8194590.5490064202 19.918481626999895 2.6354683840525368 1.7276123366609264 609.30688099688837 0.00074382503263778271 -0.00028653674991046017 0.00029329456745233695 0
3386 1 1 374112000 26243963.369435098 -247091262.84724841 -8045060.6225053044 19.89965225620751 2.8198282360840148 1.7337107456684724 609.30501421791337 0.00074091177480997141 -0.00028304928301129312 0.00029356397344628505 0
3387 1 1 374198400 27962433.141745694 -246839666.61064056 -7895008.4136466235 19.87952399751385 3.0041524967521229 1.7397021581343399 609.30315545386793 0.00073795839773458792 -0.00027961083527831728 0.00029381255724472255 0
3388 1 1 374284800 29679107.658052158 -246572146.42264384 -7744443.1794809625 19.858095105277584 3.1884376302573054 1.7455862820594827 609.30130474252348 0.00073496556034960414 -0.00027622187799926557 0.00029404032232547428 0
3389 1 1 374371200 31393874.464729078 -246288705.81763709 -7593374.202678415 19.835363737299279 3.3726800715824541 1.75136281638566 609.29946212061179 0.00073193399670160172 -0.00027288290849014602 0.00029424730010315736 0
3390 1 1 374457600 33106620.944809224 -245989348.63934219 -7441810.7923150761 19.811327954697255 3.5568762247400039 1.7570314509056617 609.29762762418466 0.00072886428627836166 -0.00026959434497083766 0.00029443345797565635 0
3391 1 1 374544000 34817234.309625097 -245674079.04357561 -7289762.2846672842 19.785985721793907 3.7410224609977782 1.7625918661787932 609.295801288711 0.00072575709991408173 -0.00026635664533865955 0.00029459880217322647 0
3392 1 1 374630400 36525601.590441503 -245342901.50115594 -7137238.0440127626 19.75933490601447 3.9251151170826324 1.7680437334517118 609.29398314887999 0.00072261313765122688 -0.0002631702724377686 0.00029474334699288476 0
3393 1 1 374716800 38231609.630078658 -244995820.80096531 -6984247.4634388927 19.731373277769958 4.1091504933747967 1.7733867145729607 609.29217323864236 0.00071943305169837974 -0.00026003565783301114 0.00029486708625117377 0
3394 1 1 374803200 39935145.074524924 -244632842.05316883 -6830799.9656584309 19.70209851033778 4.293124852085076 1.7786204619074657 609.2903715912289 0.00071621752809899748 -0.00025695324271738789 0.00029497002966091828 0
3395 1 1 374889600 41636094.364539489 -244253970.69259182 -6676905.0038325367 19.67150817974473 4.4770344154123247 1.7837446182517003 609.2885782390789 0.00071296726426671247 -0.00025392346545282263 0.00029505218504468326 0
3396 1 1 374976000 43334343.727244586 -243859212.48225719 -6522572.062401263 19.639599764643393 4.6608753636845153 1.7887588167460013 609.28679321384107 0.00070968294744210101 -0.00025094675512405811 0.00029511355534326194 0
3397 1 1 375062400 45029779.167706981 -243448573.51708347 -6367810.6579216449 19.606370646186704 4.8446438334808573 1.7936626807868219 609.2850165463625 0.00070636527997157666 -0.00024802353714068669 0.00029515415144295318 0
3398 1 1 375148800 46722286.460508302 -243022060.22774717 -6212630.3399134502 19.571818107897812 5.0283359157354948 1.7984558239367339 609.28324826672792 0.00070301496977010598 -0.00024515423290199633 0.00029517398552354708 0
3399 1 1 375235200 48411751.141305938 -242579679.38470948 -6057040.6917120321 19.535939335592062 5.2119476537962575 1.8031378498567903 609.28148840331278 0.00069963340692031197 -0.00024233956055618586 0.00029517336795395943 0
3400 1 1 375321600 50098058.498389229 -242121438.10241354 -5901051.3313259687 19.498731417329484 5.3954750414489228 1.8077083522528794 609.279736981258 0.00069622220339388553 -0.00023958031857947666 0.00029515271604121056 0
3401 1 1 375408000 51781093.564221941 -241647343.84364781 -5744671.9123037923 19.460191343076751 5.5789140210449064 1.8121669146926542 609.27799402621599 0.00069278060571748555 -0.00023687627552083413 0.00029511139572773972 0
3402 1 1 375494400 53460741.106966577 -241157404.42407858 -5587912.1246114625 19.420316004918998 5.7622604813693012 1.8165131106678949 609.27625955806252 0.0006893141905594029 -0.00023422990280222154 0.00029505161424762933 0
3403 1 1 375580800 55136885.622034609 -240651628.01697013 -5430781.6955011562 19.379102196894806 5.9455102556456207 1.8207465034868238 609.27453359146705 0.00068582154071620259 -0.00023164066656156476 0.00029497244663394641 0
3404 1 1 375667200 56809411.323574446 -240130023.15805781 -5273290.3904110063 19.336546614204924 6.1286591197833209 1.8248666458814344 609.27281614789422 0.00068230038465954331 -0.00022910766481836322 0.0002948725487216314 0
3405 1 1 375753600 58478202.135930978 -239592598.75059086 -5115448.0138809774 19.292645853287091 6.3117027902284626 1.8288730800020285 609.27110725182172 0.00067875146759659405 -0.00022663128269283743 0.00029475193451572554 0
3406 1 1 375840000 60143141.685120381 -239039364.07056561 -4957264.4104652386 19.247396411920935 6.4946369217750828 1.8327653374268917 609.2694069264054 0.00067517553659513223 -0.00022421190349061681 0.00029461061805102507 0
3407 1 1 375926400 61804113.290299453 -238470328.77214339 -4798749.4656501766 19.200794689080301 6.6774571054580729 1.8365429390561474 609.2677151937819 0.0006715733470169864 -0.00022184990405666876 0.00029444861381715026 0
3408 1 1 376012800 63460999.955223247 -237885502.89325169 -4639913.1067812741 19.152836984805134 6.860158866410246 1.8402053950125687 609.26603207504286 0.00066794565804638559 -0.00021954565435062146 0.00029426593634773946 0
3409 1 1 376099200 65113684.359691925 -237284896.86137152 -4480765.3039985802 19.103519500075461 7.0427376616896868 1.8437522045415118 609.26435759021103 0.00066429323536504293 -0.00021729952051620306 0.00029406260246624214 0
3410 1 1 376185600 66762048.850986324 -236668521.49951419 -4321316.071180895 19.052838336688161 7.2251888780765245 1.8471828559097712 609.26269175821233 0.00066061685045586919 -0.00021511186297587387 0.00029383862870584773 0
3411 1 1 376272000 68405975.435293525 -236036388.03238928 -4161575.4668987123 19.000789497136918 7.4075078298385773 1.8504968263032795 609.26103459685044 0.00065691728118606675 -0.00021298303509897221 0.00029359403260632345 0
3412 1 1 376358400 70045345.769122079 -235388508.09276795 -4001553.5953760683 18.947368884495635 7.5896897564644101 1.853693581724059 609.25938612277889 0.00065319530834181657 -0.00021091338673985256 0.00029332883456559635 0
3413 1 1 376444800 71680041.150707036 -234724893.72804257 -3841260.6074613179 18.892572302306416 7.7717298203629701 1.8567725768857974 609.25774635147411 0.00064945172106033828 -0.00020890326111411525 0.00029304305197254892 0
3414 1 1 376531200 73309942.511405841 -234045557.40698695 -3680706.7016070108 18.836395454472676 7.9536231045291448 1.8597332551083696 609.2561152972022 0.00064568731589041413 -0.00020695299447143128 0.00029273670482205032 0
3415 1 1 376617600 74934930.407085076 -233350512.02672043 -3519902.1248588781 18.77883394515748 8.1353646101739283 1.8625750482118792 609.25449297298951 0.00064190289344142086 -0.00020506291639821423 0.00029240981610294199 0
3416 1 1 376704000 76554885.009498879 -232639770.91987684 -3358857.1738540493 18.719883278687689 8.3169492543179917 1.8652973764091787 609.25287939059569 0.00063809925833596757 -0.00020323335179732449 0.00029206240562133003 0
3417 1 1 376790400 78169686.097659051 -231913347.86198473 -3197582.1958286022 18.65953885946557 8.4983718673478439 1.8678996481973773 609.25127456048028 0.00063427722585441073 -0.00020146461873005663 0.00029169449577317317 0
3418 1 1 376876800 79779213.049198031 -231171257.07905877 -3036087.5896345051 18.597795991887839 8.6796271905336013 1.8703812602488252 609.24967849176494 0.00063043761563049729 -0.00019975702918046209 0.00029130611110189084 0
3419 1 1 376963200 81383344.831725165 -230413513.25540826 -2874383.8067660281 18.534649880272408 8.8607098735071492 1.8727415973008095 609.24809119220436 0.000626581250439538 -0.00019811088893886361 0.00029089727508777556 0
3420 1 1 377049600 82981959.994177237 -229640131.54166552 -2712481.352395738 18.470095628794525 9.0416144716998232 1.8749800320443326 609.24651266815374 0.00062270896249615561 -0.00019652649619667981 0.00029046801361256886 0
3421 1 1 377136000 84574936.658163562 -228851127.56303635 -2550390.7864201288 18.404128241432879 9.2223354437382117 1.8770959250120782 609.24494292452619 0.00061882158960298338 -0.00019500414430115829 0.00029001835257770056 0
3422 1 1 377222400 86162152.50930725 -228046517.42777851 -2388122.7245149813 18.33674262192611 9.4028671487973803 1.8790886244652254 609.24338196476208 0.00061491997542990093 -0.00019354411644624132 0.0002895483175680027 0
3423 1 1 377308800 87743484.788582742 -227226317.73590997 -2225687.8392005372 18.267933573740947 9.583203843910141 1.8809574662795026 609.24182979078876 0.00061100497171660134 -0.00019214669118189058 0.00028905793547501045 0
3424 1 1 377395200 89318810.283651456 -226390545.58815199 -2063096.8609165549 18.197695800052532 9.7633396812309137 1.8827017738304803 609.24028640298184 0.00060707743380531906 -0.00019081214093999156 0.00028854723413114855 0
3425 1 1 377481600 90888005.320196405 -225539218.59511039 -1900360.5791073041 18.126023903737959 9.9432687052536917 1.8843208578780715 609.23875180012726 0.00060313822427966735 -0.00018954072932999235 0.00028801624316176653 0
3426 1 1 377568000 92450945.753256455 -224672354.88669905 -1737489.8433165811 18.052912387384431 10.122984849982629 1.8858140164501929 609.23722597937933 0.00059918821211210366 -0.00018833271436179063 0.00028746499242659866 0
3427 1 1 377654400 94007506.958562359 -223789973.12181097 -1574495.5642928113 17.978355653312519 10.302481936054118 1.8871805347254569 609.23570893621809 0.00059522827402235 -0.00018718834464231062 0.00028689351122218473 0
3428 1 1 377740800 95557563.823875025 -222892092.49823871 -1411388.715104318 17.902348003615831 10.481753667808986 1.8884196849153763 609.23420066440758 0.00059125929183516412 -0.00018610786411294184 0.00028630183181647641 0
3429 1 1 377827200 97100990.740328655 -221978732.76285055 -1248180.3322647878 17.824883640217873 10.660793630313934 1.8895307261458998 609.23270115595085 0.0005872821532609835 -0.0001850915058592051 0.00028568998610371138 0
3430 1 1 377913600 98637661.593778744 -221049914.22202691 -1084881.5168690204 17.745956664947691 10.839595286330981 1.8905129043380198 609.23121040104741 0.0005832977539147172 -0.00018413949603244357 0.00028505800583657307 0
3431 1 1 378000000 100167449.7561582 -220105657.75235966 -921503.43573900417 17.665561079634895 11.018151973233286 1.8913654520880716 609.22972838804958 0.00057930699463857108 -0.00018325205443399834 0.00028440592712724005 0
3432 1 1 378086400 101690228.07684232 -219145984.81162161 -758057.32258029853 17.583690786229347 11.19645689986462 1.8920875885492623 609.22825510334894 0.00057531082391292974 -0.00018242941209910545 0.00028373380544822411 0
3433 1 1 378172800 103205868.87402476 -218170917.4500083 -594554.4791487226 17.500339586938725 11.374503143345448 1.892678519310028 609.22679053134868 0.0005713101434439787 -0.00018167176396843629 0.00028304166817478367 0
3434 1 1 378259200 104714243.92610671 -217180478.32165954 -431006.2764277691 17.415501184383569 11.552283645824705 1.8931374362690856 609.22533465454592 0.00056730585184607528 -0.00018097929264383799 0.00028232954013058165 0
3435 1 1 378345600 106215224.46310072 -216174690.69646358 -267424.15581634158 17.329169181804872 11.729791211158838 1.89346351752534 609.22388745308376 0.00056329918151539436 -0.00018035234148091911 0.00028159762884762764 0
3436 1 1 378432000 107708681.15805694 -215153578.47215202 -103819.63032434956 17.2413370833697 11.907018501495733 1.8936559273072875 609.2224489029262 0.00055929206900770967 -0.00017979158962799403 0.00028084653206845902 0
3437 1 1 378518400 109194484.11851101 -214117166.18669075 59795.714222263232 17.151998294281078 12.08395803390858 1.8937138157783366 609.22101897831669 0.00055528416877674721 -0.00017929657694474067 0.00028007558131742596 0
3438 1 1 378604800 110672502.87793721 -213065479.03096053 223410.21795674416 17.061146120958089 12.260602176948591 1.8936363188636502 609.21959765347231 0.00055127635648604789 -0.00017886741928624549 0.00027928477435653254 0
3439 1 1 378691200 112142606.38723394 -211998542.86174637 387012.14574025985 16.96877377149892 12.436943147007295 1.8934225582173876 609.21818489942427 0.0005472701676081359 -0.00017850457270759276 0.00027847448325469274 0
3440 1 1 378777600 113604663.00624412 -210916384.21504071 550589.68592413969 16.874874356002561 12.612973004699457 1.8930716410935624 609.21678068419658 0.00054326639978461301 -0.00017820810240551455 0.00027764466013682721 0
3441 1 1 378864000 115058540.49529935 -209819030.31965947 714130.94909802824 16.77944088685258 12.788683651219548 1.8925826601747604 609.21538497440076 0.00053926557975083375 -0.00017797790609742144 0.00027679509211063133 0
3442 1 1 378950400 116504106.00679456 -208706509.11117682 877623.96682558197 16.682466279138971 12.964066824577779 1.8919546934590041 609.21399773485689 0.00053526868200433017 -0.0001778141007832464 0.00027592582073986897 0
3443 1 1 379036800 117941226.07680273 -207578849.24619105 1041056.6903716082 16.583943351136973 13.139114095756142 1.8911868041582298 609.21261892784082 0.00053127669082297707 -0.00017771679507117366 0.00027503688990534585 0
3444 1 1 379123200 119369766.61673059 -206436080.11692327 1204416.98941922 16.483864824787524 13.313816864813459 1.8902780405750301 609.21124851306854 0.00052729059463514942 -0.00017768609093026782 0.0002741283429115318 0
3445 1 1 379209600 120789592.90501764 -205278231.86615574 1367692.6507764119 16.382223326222007 13.488166356917569 1.8892274359811612 609.20988644764293 0.00052331138724135415 -0.0001777220760799051 0.00027320022316125984 0
3446 1 1 379296000 122200569.57888246 -204105335.40251678 1530871.3770721776 16.279011386331717 13.662153618304634 1.8880340084967782 609.20853268599035 0.00051934007340133793 -0.00017782482631157053 0.00027225257540093974 0
3447 1 1 379382400 123602560.62612027 -202917422.41611779 1693940.7854422219 16.174221441383555 13.835769512163139 1.8866967609704699 609.20718717979275 0.00051537766238776554 -0.00017799440848007957 0.00027128544601139613 0
3448 1 1 379468800 124995429.37695578 -201714525.39454871 1856888.4062043424 16.067845833683922 14.009004714441732 1.8852146808600736 609.20584987792677 0.00051142517032373963 -0.00017823087740312515 0.00027029888233573869 0
3449 1 1 379555200 126379038.49595535 -200496677.63923994 2019701.6815235454 15.959876812293894 14.181849709579781 1.8835867401142357 609.2045207263975 0.00050748362142830159 -0.00017853427516914341 0.00026929293100572328 0
3450 1 1 379641600 127753249.97400348 -199263913.28219563 2182367.9640669706 15.850306533797523 14.354294786158817 1.8818118950550557 609.20319966827594 0.00050355404536937538 -0.0001789046321756364 0.00026826763971705801 0
3451 1 1 379728000 129117925.12034805 -198016267.30310673 2344874.5156487515 15.739127063125943 14.526330032473577 1.8798890862622557 609.20188664363377 0.00049963747880179806 -0.00017934196537293504 0.00026722305893187059 0
3452 1 1 379814400 130472924.55471902 -196753775.54685003 2507208.5058649033 15.626330374440233 14.697945332021101 1.8778172384585154 609.20058158947472 0.00049573496716529746 -0.00017984628079496768 0.00026615923778038926 0
3453 1 1 379900800 131818108.19952658 -195476474.74138066 2669357.0107183754 15.511908352075217 14.86913035890648 1.8755952603962471 609.1992844396683 0.00049184756013058461 -0.00018041757073822398 0.00026507622698455902 0
3454 1 1 379987200 133153335.27214275 -194184402.51602465 2831307.0112343952 15.395852791547243 15.039874573164196 1.8732220447463495 609.19799512488646 0.00048797631593721974 -0.00018105581304696518 0.00026397407895378382 0
3455 1 1 380073600 134478464.2772738 -192877597.42018032 2993045.3920662887 15.278155400628993 15.210167215993224 1.8706964679887041 609.19671357253526 0.00048412229841470259 -0.00018176097243452363 0.00026285284620498634 0
3456 1 1 380160000 135793352.99942794 -191556098.94243443 3154558.940091915 15.1588078004942 15.379997304904522 1.868017390304793 609.19543970668838 0.00048028657992486693 -0.00018253299960312069 0.00026171258324673015 0
3457 1 1 380246400 137097858.49548531 -190219947.53010163 3315834.3430009312 15.037801526935612 15.549353628779617 1.8651836554725973 609.19417344801991 0.00047647024000903684 -0.00018337183090565089 0.00026055334480421178 0
3458 1 1 380332800 138391837.08737633 -188869184.60919479 3476858.1878730766 14.915128031658991 15.718224742838952 1.8621940907638979 609.19291471373799 0.00047267436385573034 -0.00018427738786517216 0.00025937518660738287 0
3459 1 1 380419200 139675144.35487545 -187503852.60483423 3637616.959747693 14.790778683656741 15.886598963518452 1.8590475068442673 609.19166341752486 0.00046890004268765632 -0.000185249577063979 0.0002581781646047771 0
3460 1 1 380505600 140947635.12851691 -186123994.96210271 3798097.0401847381 14.664744770665049 16.054464363253143 1.8557426976762466 609.19041946946811 0.00046514837693441578 -0.00018628828871397656 0.00025696233877438871 0
3461 1 1 380592000 142209163.48264062 -184729656.16735676 3958284.7058175816 14.537017500707684 16.221808765166415 1.852278440425605 609.18918277599903 0.00046142047246985072 -0.00018739339697529237 0.00025572776828184344 0
3462 1 1 380678400 143459582.72857431 -183320881.76999927 4118166.1268978175 14.407588003730265 16.388619737663376 1.8486534953707201 609.18795323983079 0.00045771744258381103 -0.00018856476077596916 0.00025447451282212529 0
3463 1 1 380764800 144698745.40796211 -181897718.40472472 4277727.365832421 14.276447333329104 16.554884588927258 1.8448666058159024 609.18673075989852 0.00045404040779659403 -0.00018980222166860872 0.0002532026343641052 0
3464 1 1 380851200 145926503.286246 -180460213.81424341 4436954.3757135905 14.143586468578482 16.720590361317715 1.8409164980088137 609.18551523129872 0.00045039049572249002 -0.00019110560382615234 0.000251912197136711 0
3465 1 1 380937600 147142707.34630954 -179008416.87249428 4595832.9988416396 14.008996315960411 16.885723825669313 1.8368018810619671 609.1843065452349 0.00044676884003123603 -0.00019247471506325924 0.00025060326573825764 0
3466 1 1 381024000 148347207.78229368 -177542377.60835442 4754348.9652412804 13.872667711401315 17.050271475489591 1.8325214468787752 609.18310458896417 0.0004431765805515524 -0.00019390934275779188 0.00024927590705452933 0
3467 1 1 381110400 149539853.99359199 -176062147.22985452 4912487.891171745 13.734591422420191 17.214219521055227 1.8280738700844963 609.18190924574697 0.00043961486526446675 -0.00019540925699765131 0.00024793018870045266 0
3468 1 1 381196800 150720494.57903749 -174567778.14890912 5070235.2776311487 13.594758150393121 17.377553883404985 1.8234578079623749 609.18072039479557 0.00043608485084892202 -0.0001969742094444275 0.00024656618077070118 0
3469 1 1 381283200 151888977.33129036 -173059324.00656936 5227576.5088555906 13.453158532938104 17.540260188228707 1.8186719003955234 609.17953791122841 0.00043258769777613728 -0.00019860393167504443 0.00024518395637986094 0
3470 1 1 381369600 153045149.23143652 -171536839.69880956 5384496.8508134848 13.309783146425593 17.702323759651318 1.8137147698143994 609.17836166603365 0.00042912457382878675 -0.00020029813569618111 0.00024378358765663613 0
3471 1 1 381456000 154188856.44380906 -170000381.40285414 5540981.4496955778 13.16462250862031 17.863729613910706 1.8085850211506327 609.17719152603081 0.00042569665578977344 -0.00020205651318316964 0.00024236515068552125 0
3472 1 1 381542400 155319944.31104341 -168450006.60405672 5697015.3304013414 13.017667081459054 18.024462452928613 1.8032812417978741 609.1760273538348 0.00042230512579495701 -0.00020387873540464365 0.00024092872467083618 0
3473 1 1 381628800 156438257.34937942 -166885774.12333792 5852583.3950222125 12.868907273970059 18.184506657773959 1.7978020015794889 609.17486900782887 0.00041895117336784437 -0.00020576445157067771 0.00023947439012023475 0
3474 1 1 381715200 157543639.24422124 -165307744.14519387 6007670.4213224258 12.71833344533978 18.34384628201752 1.7921458527237162 609.17371634214282 0.00041563599550676646 -0.00020771329011375341 0.00023800223007615891 0
3475 1 1 381801600 158635932.84596857 -163715978.24628285 6162261.0612179823 12.565935908132687 18.502465044977516 1.7863113298469215 609.17256920663601 0.00041236079457491359 -0.0002097248562037202 0.00023651233041647638 0
3476 1 1 381888000 159714980.16613406 -162110539.42460042 6316339.8392545776 12.411704931670181 18.660346324855375 1.7802969499453154 609.17142744688761 0.00040912677953508682 -0.00021179873451799991 0.00023500478005528523 0
3477 1 1 381974400 160780622.37375838 -160491492.12925255 6469891.1510851728 12.25563074557537 18.817473151761227 1.7741012123956106 609.17029090418725 0.00040593516913368553 -0.00021393448524271294 0.00023347967108956177 0
3478 1 1 382060800 161832699.79213983 -158858902.29083577 6622899.2619480593 12.097703543489358 18.973828200629129 1.7677225989651526 609.169159415541 0.00040278718447444466 -0.00021613164458559879 0.00023193709908959085 0
3479 1 1 382147200 162871051.89589256 -157212837.35243464 6775348.3051461717 11.937913486966133 19.129393784021136 1.7611595738319159 609.16803281368016 0.00039968405669858249 -0.00021838972599953394 0.00023037716173121014 0
3480 1 1 382233600 163895517.30834886 -155553366.3012456 6927222.2805286273 11.776250709553304 19.28415184482046 1.7544105836151409 609.16691092707492 0.000396627023511841 -0.00022070821757186416 0.00022879996168824942 0
3481 1 1 382320000 164905933.79932287 -153880559.70083648 7078505.0529753799 11.612705321065071 19.438083948813613 1.7474740574172032 609.1657935799592 0.0003936173290740688 -0.00022308658391845495 0.00022720560541065175 0
3482 1 1 382406400 165902138.28325185 -152194489.72405258 7229180.3508859752 11.447267412055064 19.591171277161603 1.740348406877084 609.16468059236308 0.00039065622323777703 -0.00022552426423271162 0.00022559420320566496 0
3483 1 1 382492800 166883966.81773233 -150495230.18657732 7379231.7646734659 11.279927058496654 19.743394618760831 1.7330320262361671 609.16357178015585 0.00038774496191415286 -0.00022802067038013519 0.00022396586917882794 0
3484 1 1 382579200 167851254.60247061 -148782856.58115774 7528642.7452645916 11.110674326678684 19.894734362493544 1.7255232924171284 609.16246695509426 0.00038488480924251002 -0.00023057519038503514 0.00022232072266275044 0
3485 1 1 382665600 168803835.97866541 -147057446.11250487 7677396.6026073117 10.939499278324474 20.045170489368779 1.7178205651165419 609.16136592488181 0.0003820770338366018 -0.0002331871853882354 0.0002206588873052228 0
3486 1 1 382752000 169741544.42884293 -145319077.7328766 7825476.5041870028 10.766391975942321 20.194682564554768 1.7099221869116781 609.16026849323862 0.00037932291100039271 -0.00023585598843986518 0.00021898049002866605 0
3487 1 1 382838400 170664212.57716435 -143567832.17835554 7972865.473552498 10.591342488416293 20.343249729303519 1.701826483382608 609.15917445997934 0.00037662372235074143 -0.00023858090692894867 0.00021728566445108124 0
3488 1 1 382924800 171571672.19022718 -141803792.00582716 8119546.3888533842 10.41434089684601 20.490850692768589 1.6935317632503557 609.15808362109874 0.0003739807552396165 -0.00024136122161332859 0.00021557454943789224 0
3489 1 1 383011200 172463754.17838222 -140027041.63067085 8265501.9813899407 10.235377300644453 20.637463723718085 1.6850363185315231 609.15699576886823 0.00037139530335724818 -0.00024419618429283085 0.00021384728834182722 0
3490 1 1 383097600 173340288.59758896 -138237667.36517051 8410714.8341771793 10.054441823903012 20.78306664214405 1.6763384247105457 609.15591069194522 0.00036886866372800198 -0.00024708502073408114 0.00021210403115029105 0
3491 1 1 383184000 174201104.65183231 -136435757.4576554 8555167.380524585 9.8715246220336414 20.927636810770391 1.6674363409304016 609.15482817548911 0.00036640214068144554 -0.00025002692649629807 0.00021034493334078821 0
3492 1 1 383270400 175046030.69612646 -134621402.13237834 8698841.9026331268 9.6866158886979612 21.071151126461661 1.6583283102024375 609.15374800129041 0.00036399704191034744 -0.00025302106906736373 0.00020857015549525078 0
3493 1 1 383356800 175874894.24012926 -132794693.63014059 8841720.530211268 9.4997058630332347 21.213586011534613 1.6490125596366563 609.15266994790511 0.00036165468019986252 -0.00025606658846063861 0.00020677986662141358 0
3494 1 1 383443200 176687521.95239478 -130955726.24967156 8983785.2391118277 9.3107848371860165 21.354917404975918 1.6394873006930735 609.15159379080262 0.00035937637289039294 -0.00025916259417669212 0.00020497423977506414 0
3495 1 1 383529600 177483739.66529015 -129104596.38977124 9125017.8499914296 9.1198431641639033 21.495120753569005 1.6297507294549995 609.15051930252253 0.00035716344027112389 -0.00026230816750971833 0.00020315345360065936 0
3496 1 1 383616000 178263372.38060454 -127241402.59222285 9265400.0269946344 8.9268712660166383 21.634171002933066 1.6198010269258412 609.14944625283806 0.00035501720749798001 -0.00026550236120054276 0.00020131769436132981 0
3497 1 1 383702400 179026244.27588031 -125366245.58548383 9404913.2764647119 8.7318596423578327 21.772042588478531 1.6096363593501661 609.14837440893132 0.00035293900180532453 -0.00026874419752202842 0.00019946715395817048 0
3498 1 1 383788800 179772178.71149573 -123479228.32916129 9543538.9456832521 8.5347988792386378 21.908709426283124 1.5992548785602929 609.14730353557434 0.00035093015217649087 -0.00027203266988626084 0.00019760203320558204 0
3499 1 1 383875200 180500998.23852897 -121580456.05927941 9681258.2216408961 8.3356796583858017 22.044144903892732 1.5886547223493688 609.14623339531954 0.00034899199136075932 -0.00027536674175595042 0.00019572253740667256 0
3500 1 1 383961600 181212524.60743755 -119670036.33434436 9818052.1298414394 8.1344927668159333 22.178321871052677 1.5778340148719545 609.14516374869845 0.00034712585160509546 -0.00027874534595017503 0.00019382887783473782 0
3501 1 1 384048000 181906578.77758396 -117748079.08221298 9953901.5331417862 7.9312291068384475 22.311212630374399 1.5667908670739739 609.14409435442758 0.00034533306664660747 -0.00028216738650709212 0.00019192127419819186 0
3502 1 1 384134400 182582980.92764464 -115814696.64777078 10088787.13063045 7.7258797064605096 22.442788927943521 1.5555233771529622 609.14302496961625 0.00034361497169592306 -0.00028563173702455695 0.00018999995201469223 0
3503 1 1 384220800 183241550.4669334 -113870003.84142305 10222689.456547042 7.5184357302064901 22.573021943876306 1.5440296310497248 609.1419553499835 0.00034197290092371281 -0.00028913723949772533 0.00018806514265032364 0
3504 1 1 384307200 183882106.04767996 -111914117.98840438 10355588.879245738 7.3088884903653772 22.701882282830759 1.5323077029730792 609.14088525008242 0.00034040818571533525 -0.0002926827074365971 0.00018611708378206358 0
3505 1 1 384393600 184504465.57829863 -109947158.97890955 10487465.60020555 7.0972294586801912 22.829339964480383 1.5203556559592084 609.13981442352315 0.00033892215725034108 -0.00029626692283832393 0.0001841560208295067 0
3506 1 1 384480000 185108446.23768616 -107969249.31904872 10618299.653090455 6.8834502784932416 22.955364413958726 1.5081715424667559 609.13874262320508 0.00033751614329704486 -0.00029988863638831054 0.00018218220327303211 0
3507 1 1 384566400 185693864.49058971 -105980514.18262951 10748070.902862521 6.6675427773612324 23.079924452283336 1.4957534050092949 609.13766960154692 0.00033619146732683582 -0.00030354656796323598 0.00018019588760758741 0
3508 1 1 384652800 186260536.10408488 -103981081.46376641 10876759.044951411 6.4494989801551039 23.202988286768448 1.4830992768271274 609.13659511072149 0.00033494944956890139 -0.00030723940761835064 0.00017819733758417589 0
3509 1 1 384739200 186808276.16520828 -101971081.83031915 11004343.60448364 6.229311122659305 23.324523501436808 1.4702071825994292 609.13551890288761 0.00033379140482691857 -0.00031096581247771598 0.00017618682059557757 0
3510 1 1 384825600 187336899.09978551 -99950648.778158948 11130803.935575144 6.0069716656853727 23.444497047441317 1.4570751391986259 609.13444073043047 0.00033271864049807821 -0.00031472440832769615 0.00017416460995912288 0
3511 1 1 384912000 187846218.69250312 -97919918.686261654 11256119.220690986 5.7824733097152921 23.562875233507903 1.4437011564890043 609.13336034619226 0.00033173245726742363 -0.00031851379017582232 0.00017213098472976276 0
3512 1 1 384998400 188336048.10826749 -95879030.872624934 11380268.470075985 5.5558090100903703 23.679623716412255 1.4300832381710704 609.13227750370731 0.00033083414807432332 -0.00032233252026567385 0.00017008622899666612 0
3513 1 1 385084800 188806199.91490138 -93828127.651006699 11503230.52126034 5.3269719927611252 23.794707491503569 1.4162193826735285 609.13119195743241 0.00033002499601298254 -0.00032617912743580888 0.00016803063192808527 0
3514 1 1 385171200 189256486.10722616 -91767354.388479397 11624984.038644446 5.0959557706142986 23.908090883289368 1.4021075840947883 609.13010346297744 0.00032930627435250466 -0.00033005210888199939 0.00016596448726765279 0
3515 1 1 385257600 189686718.13257855 -89696859.56379503 11745507.513167305 4.8627541603932833 24.01973753609597 1.3877458331957662 609.12901177732783 0.00032867924517700187 -0.00033394992920319285 0.00016388809163413412 0
3516 1 1 385344000 190096706.91781771 -87616794.826552883 11864779.262062939 4.6273613002281229 24.12961040482136 1.3731321184462946 609.12791665906536 0.00032814515735124522 -0.00033787101883873326 0.00016180174763057566 0
3517 1 1 385430400 190486262.89787251 -85527315.057161808 11982777.42870966 4.3897716677916572 24.237671745796796 1.3582644271271587 609.1268178685882 0.00032770524538330425 -0.00034181377421662836 0.00015970576180531133 0
3518 1 1 385516800 190855196.04588538 -83428578.427586481 12099479.982577004 4.1499800990986664 24.343883107775277 1.3431407464894374 609.1257151683194 0.00032736072985213913 -0.00034577655747000164 0.00015760044294980263 0
3519 1 1 385603200 191203315.90500858 -81320746.462866649 12214864.719275383 3.9079818079648185 24.448205323065835 1.327759064973705 609.1246083229106 0.00032711281693473227 -0.00034975769827945739 0.00015548610452372974 0
3520 1 1 385689600 191530431.62191188 -79203984.103394628 12328909.260713764 3.6637724061418515 24.550598498834052 1.3121173734912572 609.12349709944112 0.00032696269351544318 -0.00035375548775371278 0.00015336306276773434 0
3521 1 1 385776000 191836351.98205829 -77078459.76793693 12441591.055370774 3.4173479241459739 24.651022008590349 1.2962136667695443 609.12238126761144 0.00032691152856425014 -0.00035776818301778838 0.00015123163804165292 0
3522 1 1 385862400 192120885.4468109 -74944345.417382598 12552887.378684934 3.1687048327967591 24.749434483887807 1.2800459447640322 609.12126059992909 0.00032696047236441906 -0.00036179400547438817 0.00014909215187291813 0
3523 1 1 385948800 192383840.19243169 -72801816.619198069 12662775.333569827 2.9178400654829679 24.845793806254278 1.2636122141388753 609.1201348718829 0.00032711065316230672 -0.00036583114004038424 0.00014694492881534084 0
3524 1 1 386035200 192625024.15103588 -70651052.612569109 12771231.851060245 2.6647510411721576 24.940057099383637 1.2469104898191861 609.11900386211437 0.00032736317755061657 -0.0003698777341467156 0.00014479029761058291 0
3525 1 1 386121600 192844245.05356774 -68492236.374204755 12878233.691095654 2.409435688180992 25.032180721612743 1.2299387966168265 609.11786735257976 0.00032771912943123534 -0.00037393189889437536 0.00014262858701294279 0
3526 1 1 386208000 193041310.47486246 -66325554.684777841 12983757.443447333 2.15189246872227 25.122120258712059 1.2126951709323539 609.11672512870439 0.00032817956550358016 -0.000377991707104482 0.00014046012847234143 0
3527 1 1 386294400 193216027.88086444 -64151198.195973955 13087779.528796045 1.8921204042454118 25.209830517019899 1.1951776625359689 609.11557697952992 0.00032874551919452892 -0.00038205519111838567 0.00013828525549138362 0
3528 1 1 386380800 193368204.6780687 -61969361.498117693 13190276.199967023 1.6301191015862828 25.295265516950664 1.1773843364298917 609.1144226978505 0.00032941799514504784 -0.00038612034690614644 0.00013610430446238693 0
3529 1 1 386467200 193497648.26525724 -59780243.188342288 13291223.543329453 1.3658887799415813 25.378378486909984 1.1593132747946275 609.11326208034609 0.00033019796804643713 -0.00039018512961761295 0.00013391761211729858 0
3530 1 1 386553600 193604166.08760366 -57584045.939266384 13390597.480367906 1.099430298683624 25.459121857651223 1.1409625790217963 609.11209492770331 0.00033108638401528108 -0.00039424745463485648 0.00013172551648253753 0
3531 1 1 386640000 193687565.69321534 -55380976.568137869 13488373.76943315 0.83074518603005021 25.53744725710887 1.1223303718364792 609.11092104472903 0.00033208415685479517 -0.00039830519809171784 0.00012952835762795317 0
3532 1 1 386726400 193747654.79219213 -53171246.10640239 13584528.007680418 0.55983566858234479 25.613305505746929 1.1034147995117656 609.10974024045845 0.00033319216582727585 -0.00040235619449132407 0.00012732647807643443 0
3533 1 1 386812800 193784241.31827444 -50955069.869649678 13679035.633203002 0.28670470174716023 25.686646612461598 1.0842140341779067 609.10855232825475 0.00033441125693060722 -0.00040639823724417611 0.00012512021990305461 0
3534 1 1 386899200 193797133.4931584 -48732667.527888916 13771871.927369529 0.011356001053073748 25.757419771079633 1.0647262762290064 609.10735712590167 0.00033574223858913682 -0.00041042907858153301 0.00012290992681014573 0
3535 1 1 386985600 193786139.89355582 -46504263.176099144 13863012.017373588 -0.26620592562534057 25.825573357495479 1.0449497568301713 609.10615445568874 0.0003371858817499216 -0.0004144464300289048 0.00012069594354609939 0
3536 1 1 387072000 193751069.5210779 -44270085.404997773 13952430.879004326 -0.54597574492479417 25.891054927492632 1.0248827405278065 609.10494414448829 0.00033874291846411054 -0.00041844795941587727 0.00011847861678393725 0
3537 1 1 387158400 193691731.87502289 -42030367.371966161 14040103.339647161 -0.82794726392225615 25.953811215296298 1.0045235279656777 609.10372602382961 0.00034041403810742887 -0.00042243129335850846 0.00011625829292538563 0
3538 1 1 387244800 193607937.02814737 -39785346.872066885 14126004.081523843 -1.1121133951265205 26.01378813290642 0.98387045870963907 609.10249992996421 0.0003421998885377409 -0.00042639401555657602 0.00011403532055753615 0
3539 1 1 387331200 193499495.70550361 -37535266.409082994 14210107.645181321 -1.3984661205246554 26.070930770262496 0.96292191418379658 609.10126570392538 0.00034410107352373108 -0.00043033366831911254 0.00011181004860570936 0
3540 1 1 387417600 193366219.36642361 -35280373.266505323 14292388.433239264 -1.6869964546776743 26.125183396293494 0.94167632072056906 609.1000231915807 0.00034611814808972486 -0.00043424775039841118 0.00010958282598408767 0
3541 1 1 387504000 193207920.28973377 -33020919.578388754 14372820.714406082 -1.9776944068603544 26.17648946090862 0.92013215272759696 609.09877224368699 0.00034825162080556375 -0.00043813371832460325 0.00010735400292121911 0
3542 1 1 387590400 193024411.66228163 -30757162.399993766 14451378.627773721 -2.2705489422421739 26.224791597986339 0.89828793597413359 609.09751271593154 0.00035050194993506997 -0.00044198898582412571 0.00010512393089713539 0
3543 1 1 387676800 192815507.67085773 -28489363.778124537 14528036.187401686 -2.5655479421086702 26.270031629421865 0.87614225099943965 609.09624446897044 0.00035286954124254526 -0.00044581092419076243 0.00010289296317995398 0
3544 1 1 387763200 192581023.59759665 -26217790.821069285 14602767.287200833 -2.8626781631237317 26.312150570294836 0.85369373664541581 609.0949673684662 0.00035535474803243233 -0.00044959686411564213 0.00010066145175895814 0
3545 1 1 387849600 192320775.91893837 -23942715.76804354 14675545.706127934 -3.161925195636039 26.351088635221981 0.83094109371611291 609.09368128511676 0.00035795786727345211 -0.00045334409245556057 9.8429750480675735e-05 0
3546 1 1 387936000 192034582.4082332 -21664416.058030803 14746345.113701915 -3.4632734210351881 26.386785245961313 0.80788308876647175 609.09238609468809 0.00036067913816420412 -0.0004570498550803904 9.6198212587171949e-05 0
3547 1 1 388022400 191722262.24207246 -19383174.397909872 14815139.075853139 -3.7667059681652586 26.419179040336246 0.78451855802251935 609.09108167803447 0.00036351874002055711 -0.00046071135744715379 9.3967194232914735e-05 0
3548 1 1 388108800 191383636.11042443 -17099278.829751346 14881901.06111712 -4.0722046688065845 26.448207882551188 0.76084641143496223 609.0897679211231 0.00036647678988292601 -0.00046432576291729523 9.173705024152686e-05 0
3549 1 1 388195200 191018526.33065721 -14813022.79716032 14946604.447184347 -4.3797500122391959 26.473808874971763 0.73686563686790185 609.08844471505392 0.00036955334223765467 -0.00046789019491950664 8.9508135661219398e-05 0
3550 1 1 388281600 190626756.96552598 -12524705.210535087 15009222.527817843 -4.6893210989047542 26.495918371444713 0.71257530442498962 609.08711195607441 0.00037274838477101014 -0.00047140173843545556 8.7280807894371496e-05 0
3551 1 1 388368000 190208153.94520238 -10234630.511105847 15069728.520150587 -5.0008955931872903 26.514471992235492 0.68797457091424552 609.0857695455951 0.00037606183600646725 -0.00047485743889575825 8.5055424247689582e-05 0
3552 1 1 388454400 189762545.19342104 -7943108.733610047 15128095.572374642 -5.3144496753361459 26.529404640662928 0.66306268445262839 609.08441739020418 0.00037949354464815498 -0.00047825430402253881 8.2832340902053747e-05 0
3553 1 1 388540800 189289760.75781497 -5650455.5674541825 15184296.771834273 -5.6299579925584711 26.540650521512571 0.63783898921193183 609.08305540167362 0.00038304328835264895 -0.0004815893065156155 8.0611915517058192e-05 0
3554 1 1 388627200 188789632.94451275 -3356992.4162048786 15238305.153535213 -5.9473936093133499 26.548143161312591 0.61230293030693106 609.08168349696996 0.00038671076770970106 -0.00048485938131839946 7.8394506824887555e-05 0
3555 1 1 388713600 188261996.45706242 -1063046.4552446129 15290093.70908244 -6.2667279568432521 26.551815430557259 0.58645405882599178 609.08030159826569 0.0003904956068810055 -0.00048806142975533389 7.6180472532855542e-05 0
3556 1 1 388800000 187706688.53974831 1231049.3125799575 15339635.396058751 -6.5879307819830251 26.551599567965489 0.56029203700458663 609.07890963294324 0.0003943973508148663 -0.00049119231889842242 7.397017053672405e-05 0
3557 1 1 388886400 187123549.12535936 3524956.0034966953 15386903.147856537 -6.910970095292063 26.547427206862661 0.53381664354196245 609.07750753360256 0.00039841546178466021 -0.00049424888655719102 7.1763959919371825e-05 0
3558 1 1 388972800 186512420.98746696 5818328.8017210318 15431869.883975048 -7.2358121185598847 26.53922940377619 0.50702777906023377 609.07609523806525 0.00040254931905327256 -0.00049722793796012216 6.9562198211888386e-05 0
3559 1 1 389059200 185873149.89726317 8110816.9109386317 15474508.520795478 -7.5624212317410855 26.526936669336596 0.47992547170515959 609.07467268938149 0.00040679821268536952 -0.00050012624929178517 6.7365242649275824e-05 0
3560 1 1 389145600 185205584.78500634 10402063.508560773 15514791.982846022 -7.8907599193811686 26.510479001575622 0.45250988288770555 609.07323983583819 0.00041116134386652624 -0.00050294057158411544 6.517345085266291e-05 0
3561 1 1 389232000 184509577.90611473 12691705.702963643 15552693.214569053 -8.2207887165999143 26.489785921715342 0.42478131316467971 609.07179663095746 0.00041563782627923531 -0.00050566763040562821 6.2987181076817737e-05 0
3562 1 1 389318400 183784985.01194426 14979374.493930774 15588185.192602294 -8.552466154706849 26.464786512542169 0.39674020825598044 609.0703430335011 0.00042022667607518802 -0.00050830412790723299 6.0806788856040847e-05 0
3563 1 1 389404800 183031665.52527764 17264694.736526087 15621240.938585661 -8.8857487065289167 26.435409459459979 0.36838716519607395 609.06887900747824 0.00042492681382044875 -0.00051084674534250789 5.863263016104855e-05 0
3564 1 1 389491200 182249482.72054672 19547285.108633015 15651833.532505382 -9.2205907315365447 26.401583094316422 0.33972293861674208 609.06740452214854 0.00042973706179117815 -0.00051329214575749466 5.6465060586462438e-05 0
3565 1 1 389577600 181438303.90880138 21826758.082403444 15679936.12658637 -9.5569444208627576 26.363235442096595 0.31074844715692523 609.06591955202578 0.00043465613993317161 -0.00051563697697772689 5.4304433903914989e-05 0
3566 1 1 389664000 180598000.62742934 24102719.899868175 15705521.959743802 -9.8947597423164328 26.320294270577797 0.28146477999535513 609.06442407688621 0.00043968266532837345 -0.00051787787134303421 5.2151102142275421e-05 0
3567 1 1 389750400 179728448.83462375 26374770.552968923 15728564.37260421 -10.233984385498392 26.272687143037242 0.25187320350114079 609.06291808176729 0.00044481515132790202 -0.00052001145332206111 5.000541676222165e-05 0
3568 1 1 389836800 178829529.10858384 28642503.768279258 15749036.823106121 -10.574563707137754 26.220341474103957 0.2219751679963658 609.06140155697426 0.00045005200005258803 -0.00052203433791959595 4.7867726770545351e-05 0
3569 1 1 389923200 177901126.8514246 30905506.99669034 15766912.902689535 -10.916440676773297 26.163184588844135 0.19177231462434161 609.0598744980889 0.00045539150429568386 -0.00052394313536438498 4.5738381298278163e-05 0
3570 1 1 390009600 176943132.49775952 33163361.408344381 15782166.353083193 -11.259555822912663 26.101143785166222 0.16126648231602558 609.05833690597115 0.00046083184502987402 -0.00052573445587036547 4.3617725222066434e-05 0
3571 1 1 390096000 175955441.72791034 35415641.893106326 15794771.083697602 -11.603847179812014 26.034146399630064 0.13045971484650537 609.05678878676804 0.00046637108646972552 -0.00052740490902952676 4.1506101865030563e-05 0
3572 1 1 390182400 174937955.68568206 37661917.066871494 15804701.189631416 -11.949250235026327 25.962119876740115 0.099354267973042712 609.05523015191852 0.00047200717794874643 -0.00052895111246780964 3.9403853715016237e-05 0
3573 1 1 390268800 173890581.20063069 39901749.284013361 15811930.970297642 -12.295697877889951 25.884991841799245 0.067952616644501071 609.05366101815616 0.00047773795021304908 -0.00053036969124938818 3.7311321219155451e-05 0
3574 1 1 390355200 172813231.01473632 42134694.656282291 15816434.948675476 -12.643120349096533 25.802690177395025 0.036257462271027947 609.05208140751938 0.00048356111149379236 -0.00053165728457771138 3.5228839223952486e-05 0
3575 1 1 390441600 171705824.01337895 44360303.078472175 15818187.891192362 -12.991445191556279 25.715143103584506 0.0042717400424657336 609.05049134735907 0.00048947424577814268 -0.00053281054829417297 3.3156738692080214e-05 0
3576 1 1 390528000 170568285.46049702 46578118.261176795 15817164.828240139 -13.340597202717206 25.622279261838305 -0.028001373716693125 609.04889087034462 0.00049547481477692462 -0.00053382615895939561 3.1095350025127921e-05 0
3577 1 1 390614400 169400547.23779666 48787677.77096346 15813341.07532765 -13.690498388547311 25.524027802797363 -0.06055845416995128 609.04728001446983 0.00050156015377699782 -0.0005347008192757547 2.9045000569153595e-05 0
3578 1 1 390700800 168202548.08785698 50988513.078295194 15806692.254871137 -14.041067919384032 25.420318477888305 -0.093395820584620662 609.04565882305974 0.00050772746933450141 -0.0005354312622233864 2.7006009948580803e-05 0
3579 1 1 390787200 166974233.86096171 53180149.613536581 15797194.318622475 -14.392222087865907 25.311081734835394 -0.12650952895597656 609.04402734477685 0.00051397383975947174 -0.00053601425750202808 2.4978696827437112e-05 0
3580 1 1 390873600 165715557.76546749 55362106.83138115 15784823.57073364 -14.743874269171153 25.19624881709742 -0.15989536465687115 609.04238563362492 0.00052029621166911285 -0.00053644661410020048 2.2963374405739078e-05 0
3581 1 1 390960000 164426480.62149951 57533898.284040496 15769556.691454509 -15.095934883797058 25.075751867248648 -0.19354883513164323 609.04073374896302 0.00052669139851047031 -0.0005367251818856676 2.0960350819630242e-05 0
3582 1 1 391046400 163106971.11774415 59695031.703536198 15751370.761459302 -15.448311363122146 24.94952403431089 -0.22746516265318759 609.03907175551365 0.00053315608418476399 -0.00053684686105420114 1.8969930948499937e-05 0
3583 1 1 391132800 161757006.07108903 61845009.093435608 15730243.286795324 -15.800908118002621 24.81749958503152 -0.26163927716429869 609.03739972336098 0.00053968681867906014 -0.00053680861262511053 1.6992412048525043e-05 0
3584 1 1 391219200 160376570.68883377 63983326.830373138 15706152.22444577 -16.153626510682972 24.67961401911154 -0.29606580922588172 609.03571772840087 0.00054628002853827386 -0.00053660747505455953 1.5028092599139066e-05 0
3585 1 1 391305600 158965658.8331871 66109475.775684632 15679076.008497126 -16.506364829934 24.53580418798574 -0.33073908307194538 609.03402584531705 0.00055293555023367194 -0.00053624423098855409 1.3077496807250485e-05 0
3586 1 1 391392000 157524273.28773776 68222941.397482455 15648993.576899339 -16.85901827060896 24.38600841807148 -0.36565310985921734 609.03232415372099 0.00055964627699874232 -0.00053571254368762426 1.11406651589953e-05 0
3587 1 1 391478400 156052426.02549255 70323203.903567865 15615884.398800235 -17.211478917359837 24.230166637845134 -0.40080158109680286 609.03061274515244 0.00056640800783451539 -0.00053500940805495162 9.2178487349848876e-06 0
3588 1 1 391564800 154550138.4781726 72409738.385441676 15579728.502441632 -17.563635732156555 24.068220507994806 -0.43617786223819094 609.02889171647928 0.00057321661971626321 -0.00053413214002049595 7.3093182586023222e-06 0
3589 1 1 391651200 153017441.806371 74482014.973735139 15540506.50359817 -17.915374546829486 23.900113555533082 -0.47177498652839134 609.02716117064131 0.00058006784976735585 -0.00053307814803921108 5.4153415242660259e-06 0
3590 1 1 391737600 151454377.17015597 76539499.005365059 15498199.634537304 -18.266578060085145 23.72579131091474 -0.50758564909095893 609.02542120620183 0.00058696289889991664 -0.00053185026016936972 3.536425152831134e-06 0
3591 1 1 391824000 149860995.99969292 78581651.202695221 15452789.773477007 -18.617125840653234 23.545201449333927 -0.54360220134846959 609.02367192498286 0.00059389294602737682 -0.00053044180640045139 1.6725850102965599e-06 0
3592 1 1 391910400 148237360.26531488 80607927.865084335 15404259.47451009 -18.966894336246447 23.35829393542312 -0.57981664577319569 609.02191344411028 0.00060085214802537725 -0.00052884934092046359 -1.7600234762294536e-07 0
3593 1 1 391996800 146583542.74662325 82617781.073012218 15352591.997969689 -19.315756887475608 23.165021170066549 -0.6162206309467434 609.02014588753104 0.00060783571193404745 -0.00052707068239008837 -2.0091056774696917e-06 0
3594 1 1 392083200 144899627.30010507 84610658.90502961 15297771.341204351 -19.663583748289678 22.965338140364352 -0.65280544702476861 609.01836938444455 0.00061483871890577186 -0.00052510377605444658 -3.8264979317862879e-06 0
3595 1 1 392169600 143185709.1247009 86586005.667783991 15239782.269726673 -20.010242113008303 22.759202572287546 -0.68956202162847602 609.01658406944421 0.00062185611975127081 -0.00052294669537850461 -5.6279612663357758e-06 0
3596 1 1 392256000 141441895.02474496 88543262.139338776 15178610.348697437 -20.355596150160423 22.546575085694236 -0.72648091619339028 609.01479008251124 0.0006288827445015459 -0.00052059765486843544 -7.4132877791065987e-06 0
3597 1 1 392342400 139668303.66967711 90481865.825978085 15114241.974704191 -20.699507043431563 22.327419351442867 -0.76355232281041474 609.01298756899382 0.00063591330696131747 -0.0005180550092448511 -9.182276813639757e-06 0
3598 1 1 392428800 137865065.8498987 92401251.232666582 15046664.407790218 -21.041833040010875 22.101702250307369 -0.80076606159511854 609.01117667959784 0.00064294239901307461 -0.00051531726244993174 -1.0934736385499762e-05 0
3599 1 1 392515200 136032324.72812167 94300850.147305697 14975865.803686626 -21.382429506619211 21.869394033371272 -0.83811157862180841 609.00935757037178 0.00064996450241425359 -0.00051238307803219631 -1.2670484162946647e-05 0
3600 1 1 392601600 134170236.08553581 96180091.9388998 14901835.24619728 -21.721148993489219 21.630468483553678 -0.87557794445867476 609.00753040267455 0.00065697399422154216 -0.00050925128714206832 -1.4389346057647642e-05 0
3601 1 1 392688000 132278968.56209408 98038403.869713038 14824562.779682973 -22.057841306558569 21.384903077893878 -0.91315385334034016 609.00569534314729 0.00066396514502039194 -0.00050592089170555866 -1.6091154341323151e-05 0
3602 1 1 392774400 130358703.89019752 99875211.421466559 14744039.441588243 -22.392353588122035 21.132679150195013 -0.95082762301527057 609.00385256369441 0.00067093212429807059 -0.00050239106812026977 -1.7775756291063804e-05 0
3603 1 1 392860800 128409637.12103775 101689938.63558832 14660257.29495094 -22.724530406171102 20.87378205360001 -0.98858719530364292 609.00200224144953 0.00067786901060187094 -0.00049866118147355283 -1.9443004067603622e-05 0
3604 1 1 392947200 126431976.84283781 103482008.46749024 14573209.460831553 -23.05421385263217 20.608201322647759 -1.0264201374011639 609.00014455873577 0.00068476979556907199 -0.00049473078699547939 -2.1092759125063442e-05 0
3605 1 1 393033600 124425945.39021364 105250843.1548076 14482890.150596447 -23.381243650693623 20.335930834333141 -1.0643136439649989 608.9982797030242 0.00069162838971421154 -0.00049059963538802321 -2.272489296147495e-05 0
3606 1 1 393120000 122391779.04386388 106995864.59949295 14389294.697985834 -23.705457271388909 20.056968967667533 -1.1022545400158825 608.99640786689645 0.00069843862555837724 -0.0004862676840066853 -2.4339288679665959e-05 0
3607 1 1 393206400 120329728.21978176 108716494.76361234 14292419.590894476 -24.026690059575873 19.771318761214353 -1.1402292846894377 608.99452924799289 0.00070519427026693104 -0.00048173509776347419 -2.5935838629131527e-05 0
3608 1 1 393292800 118240057.64717239 110412156.07864544 14192262.502790572 -24.34477536942526 19.478988068050132 -1.1782239758680133 608.99264404896132 0.000711889030046816 -0.00047700225860990153 -2.7514439247433532e-05 0
3609 1 1 393379200 116123046.5342502 112082271.86804268 14088822.323695198 -24.659544709501066 19.179989707580223 -1.2162243557243213 608.99075247739404 0.00071851656015503834 -0.00047206977195277724 -2.9075000201143747e-05 0
3610 1 1 393465600 113978988.72108442 113726266.78274237 13982099.190642396 -24.970827897482078 18.87434161361854 -1.2542158172053839 608.98885474576775 0.00072507046938065909 -0.00046693846795313481 -3.0617440035430743e-05 0
3611 1 1 393552000 111808192.81866045 115343567.24929813 13872094.517537465 -25.278453224538495 18.562066978122211 -1.2921834114822404 608.98695107137985 0.00073154433080697176 -0.00046160940571749609 -3.214168509011884e-05 0
3612 1 1 393638400 109610982.3333219 116933601.9302154 13758811.024329046 -25.582247629339527 18.24319438995483 -1.3301118563898866 608.98504167627698 0.00073793169314784711 -0.00045608388207538542 -3.364767117153637e-05 0
3613 1 1 393724800 107387695.77576497 118495802.19603893 13642252.765408358 -25.88203688162876 17.917757968038437 -1.3679855458789365 608.98312678717355 0.00074422608670303913 -0.00045036343293098995 -3.5135344925230327e-05 0
3614 1 1 393811200 105138686.75376213 120029602.60867885 13522425.157147534 -26.177645775261709 17.585797488243326 -1.4057885604967537 608.9812066353735 0.00075042103543320393 -0.00044444983622360195 -3.6604658650781496e-05 0
3615 1 1 393897600 102864324.04780336 121534441.41540599 13399335.004487282 -26.468898330555625 17.247358503354327 -1.4435046789131001 608.97928145667697 0.00075651006741446611 -0.00043834512284100362 -3.8055571211085675e-05 0
3616 1 1 393984000 100564991.66885975 123009761.05288887 13272990.52648321 -26.75561800575667 16.902492455447973 -1.4811173905029038 608.97735149128789 0.00076248672103989916 -0.00043205156961147612 -3.9488053902663974e-05 0
3617 1 1 394070400 98241088.897490308 124455008.6605884 13143401.380719027 -27.037627917381304 16.551256780011958 -1.5186099089933871 608.97541698371924 0.00076834456053262315 -0.00042557170633085413 -4.0902084256210044e-05 0
3618 1 1 394156800 95893030.303538829 125869636.60276754 13010578.686494488 -27.314751069139955 16.193715001137846 -1.5559651871788429 608.97347818268452 0.00077407718659812331 -0.00041890831725250764 -4.2297644893166285e-05 0
3619 1 1 394243200 93521245.745692417 127253102.99831617 12874535.046695864 -27.586810589101784 15.829936817123723 -1.5931659327034968 608.9715353409855 0.00077967824618039336 -0.00041206444349356155 -4.3674727073017185e-05 0
3620 1 1 394329600 91126180.350207567 128604872.2575341 12735284.568256842 -27.853629974708344 15.459998175831721 -1.6301946249076045 608.96958871540267 0.00078514144252865082 -0.0004050433799382471 -4.5033329902132678e-05 0
3621 1 1 394416000 88708294.468143493 129924415.62495916 12592842.881118195 -28.115033345191478 15.083981339156988 -1.6670335327265802 608.96763856656719 0.00079046055220802713 -0.00039784868182529242 -4.6373456587238353e-05 0
3622 1 1 394502400 86268063.610484228 131211211.72727226 12447227.155596128 -28.370845700900251 14.70197493598225 -1.7036647336287929 608.96568515883519 0.00079562943314960132 -0.00039048415574097033 -4.7695115227482453e-05 0
3623 1 1 394588800 83805978.360576257 132464747.12525871 12298456.118070075 -28.620893188990166 14.314074003012333 -1.7400701335732891 608.96372876015505 0.0008006420360034595 -0.00038295386684278977 -4.899832379680093e-05 0
3624 1 1 394675200 81322544.26335676 133684516.86875294 12146550.064903075 -28.865003374875826 13.920380012907964 -1.7762314879616066 608.96176964192671 0.00080549241736585476 -0.00037526213647454706 -5.0283099111786953e-05 0
3625 1 1 394761600 78818281.690902591 134870025.05344513 11991530.87450997 -29.103005518798895 13.521000889170123 -1.812130423553818 608.95980807886224 0.0008101747526826356 -0.00036741353030622485 -5.1549464242823732e-05 0
3626 1 1 394848000 76293725.683888137 136020785.37838319 11833422.017491655 -29.334730856812829 13.116051007258307 -1.8477484613143449 608.95784434883012 0.00081468335194901449 -0.00035941286577649377 -5.2797449444568926e-05 0
3627 1 1 394934400 73749425.768601343 137136321.70295945 11672248.564756753 -29.560012885443793 12.705651181466477 -1.8830670401451379 608.95587873274678 0.00081901266726456395 -0.00035126520493257532 -5.4027084841472121e-05 0
3628 1 1 395020800 71185945.749235809 138216168.60213074 11508037.193556072 -29.778687649197213 12.289928637107254 -1.918067541461816 608.95391151384342 0.00082315781967048863 -0.00034297606545816438 -5.5238427294215305e-05 0
3629 1 1 395107200 68603863.475252062 139259871.91858768 11340816.19135884 -29.990594030011181 11.869016967594092 -1.9527313145651386 608.95194297521334 0.00082711503629077769 -0.00033455155565333589 -5.6431585954091199e-05 0
3630 1 1 395193600 66003770.583661564 140266989.31055528 11170615.457505437 -30.195574038298883 11.443056076297907 -1.9870397027245275 608.94997340427335 0.00083087646360289569 -0.00032599625816736813 -5.7606460194961819e-05 0
3631 1 1 395280000 63386272.21613913 141237090.79389846 10997466.502577396 -30.393473104103062 11.012192102658407 -2.0209740699385579 608.94800309455093 0.00083443722866811075 -0.00031731618587182872 -5.8763085320635824e-05 0
3632 1 1 395366400 60751986.711028777 142169759.27714744 10821402.4454275 -30.584140367219462 10.576577332256994 -2.0545158283150591 608.94603234144893 0.00083779266391332348 -0.00030851756633780436 -5.9901493520016989e-05 0
3633 1 1 395452800 58101545.270332001 143064591.08806711 10642458.007821534 -30.767428965933878 10.136370090954777 -2.0876464659682337 608.94406144233892 0.00084093831566429077 -0.00029960683340573017 -6.1021716293983983e-05 0
3634 1 1 395539200 55435591.601856597 143921196.49038297 10460669.506649576 -30.943196323109127 9.6917346228907686 -2.1203475753690886 608.94209069639749 0.00084386996019307622 -0.00029059062442322468 -6.2123786129667508e-05 0
3635 1 1 395625600 52754781.536798254 144739200.18926805 10276074.843671178 -31.111304428613117 9.2428409523258477 -2.1526008820672087 608.94012040425127 0.00084658394123602763 -0.00028147587126721891 -6.3207755060241402e-05 0
3636 1 1 395712000 50059782.6231234 145518241.82419506 10088713.492765527 -31.271620116815516 8.7898647293081833 -2.1843882737116957 608.93815086339805 0.00084907958846732249 -0.00027227054950879179 -6.4273826831784368e-05 0
3637 1 1 395798400 47351273.695205249 146257976.44776535 9898626.4846657347 -31.424015338878895 8.3329870595377802 -2.2156918292389105 608.93618237180885 0.00085135095497252203 -0.00026298095097672608 -6.5321889630584959e-05 0
3638 1 1 395884800 44629944.420199484 146958074.98916253 9705856.3891671598 -31.568367428329754 7.8723943184680953 -2.2464938481620362 608.93421523183531 0.00085339483173943746 -0.00025361436979211803 -6.6351971461374196e-05 0
3639 1 1 395971200 41896494.821834534 147618224.70086163 9510447.2948024217 -31.704559358384731 7.4082779497658695 -2.2767768798939128 608.93224974633836 0.00085520828278847611 -0.00024417824969543643 -6.7364090410603118e-05 0
3640 1 1 396057600 39151634.782328412 148238129.58727369 9312444.7859867699 -31.832479990723492 6.9408342487268895 -2.3065237529655467 608.9302862187177 0.00085678865175801522 -0.00023468016702840944 -6.8358263689574379e-05 0
3641 1 1 396144000 36396083.523228236 148817510.81403944 9111895.9176465087 -31.952024314452292 6.4702641309970588 -2.3357176040552852 608.92832495269022 0.00085813357681561325 -0.00022512782075457952 -6.9334502808210592e-05 0
3642 1 1 396230400 33630569.066061676 149356107.09672412 8908849.1873511728 -32.063093674293668 5.9967728871160233 -2.3643419067255032 608.9263662520724 0.00085924098754946196 -0.00021552900871152928 -7.0292807769323879e-05 0
3643 1 1 396316800 30855827.673772678 149853675.06771249 8703354.5049790815 -32.165595987052534 5.5205699234696999 -2.3923804997666918 608.92441042057487 0.00086010911031036486 -0.00020589162398201808 -7.1233180110102885e-05 0
3644 1 1 396403200 28072603.273994043 150309989.62015915 8495463.1599546187 -32.259445945441982 5.0418684903109909 -2.4198176150463184 608.92245776156835 0.00086073648854376541 -0.00019622364213495177 -7.2155607811625428e-05 0
3645 1 1 396489600 25281646.865286998 150724844.22790784 8285227.7861044472 -32.344565208399118 4.5608853975820098 -2.4466379047611784 608.92050857786819 0.00086112196440256113 -0.00018653309375626302 -7.306007791902847e-05 0
3646 1 1 396576000 22483715.907550972 151098051.24035773 8072702.3241884317 -32.420882577066699 4.0778407193359554 -2.4728264679933898 608.91856317152474 0.00086126469865530552 -0.00017682806161632377 -7.3946564618676588e-05 0
3647 1 1 396662400 19679573.697875854 151429442.15133169 7857941.9821698479 -32.488334155669058 3.5929574876213359 -2.4983688764708822 608.91662184358927 0.00086116417340057394 -0.00016711666132810066 -7.4815033871732304e-05 0
3648 1 1 396748800 16869988.733172674 151718867.84107307 7641003.193297632 -32.546863496574552 3.1064613767523985 -2.5232511994378033 608.91468489389251 0.00086082018366512715 -0.00015740703350871477 -7.5665447642166595e-05 0
3649 1 1 396835200 14055734.060977703 151966198.79058346 7421943.5720816683 -32.596421728898882 2.6185803789448903 -2.5474600275403954 608.91275262083514 0.0008602328426277285 -0.00014770731779985107 -7.6497752596303362e-05 0
3650 1 1 396921600 11237586.619877202 152171325.2675994 7200821.868250126 -32.636967670072053 2.129544472347086 -2.5709824956394964 608.91082532116673 0.00085940258936837604 -0.00013802563358334075 -7.7311891353186281e-05 0
3651 1 1 397008000 8416326.5710471086 152334157.48359665 6977697.9187852219 -32.668467919867133 1.6395852825370296 -2.5938063044649531 608.90890328975718 0.00085833018523324988 -0.00012837008116768769 -7.8107797393329185e-05 0
3652 1 1 397094400 5592736.6224418124 152454625.72130549 6752632.5981409959 -32.690896936467709 1.1489357385985157 -2.6159197410302868 608.90698681938181 0.00085701670476047984 -0.00011874871329545475 -7.8885393458710397e-05 0
3653 1 1 397180800 2767601.3471993497 152532680.43231797 6525687.7667535925 -32.704237094229207 0.65782972492066427 -2.6373116977322009 608.90507620051767 0.00085546353654167068 -0.00010916952246239381 -7.9644585460549654e-05 0
3654 1 1 397267200 -58293.502143452788 152568292.30446801 6296926.2179606184 -32.708478722872535 0.16650172988836126 -2.6579716900666699 608.90317172113544 0.00085367238210860526 -9.9640430636974635e-05 -8.0385276902412265e-05 0
3655 1 1 397353600 -2884161.6820133966 152561452.29876631 6066411.6234519091 -32.70362012793472 -0.32481350734928605 -2.6778898728980036 608.90127366649119 0.00085164524823856105 -9.0169268963050491e-05 -8.1107364175625834e-05 0
3656 1 1 397440000 -5709217.1471169814 152512171.65577787 5834208.4773787595 -32.689667592385014 -0.81588135080157564 -2.6970570552368955 608.89938231891688 0.00084938445802884381 -8.0763632274871076e-05 -8.1810791543673438e-05 0
3657 1 1 397526400 -8532674.7390795853 152420481.87145561 5600382.0392427323 -32.666635359349151 -1.3064676205809254 -2.7154647136864214 608.89749795706416 0.00084689237605240874 -7.1434477301219755e-05 -8.2493942960562834e-05 0
3658 1 1 397612800 -11353750.872861303 152286434.64172643 5364998.2760555986 -32.63454559833778 -1.7963389670528593 -2.7331049940918639 608.89562087726233 0.00084415842663515094 -6.2325691795076747e-05 -8.3095882019766201e-05 0
3659 1 3 397678801.3071968 -13506692.739340622 152155541.92322779 5184179.788152352 -32.603948155365792 -2.1699277538079182 -2.7460590283713513 608.89419198852272 0 0 0 288
3660 1 1 397699200 -14171664.218990834 152110101.77958649 5128123.8023226568 -32.593428336659983 -2.2852630757344454 -2.7499707857312852 608.89375124057597 0.00084136808374253862 -5.1575450130154701e-05 -8.4449657730790883e-05 0
3661 1 1 397785600 -16985636.378482718 151891575.12077299 4889825.8109647343 -32.543321368600417 -2.7730088279453096 -2.7660558116886125 608.89188872804505 0.00083870527727300233 -3.7337502293059608e-05 -8.7380774776551625e-05 0
3662 1 1 397872000 -19794892.551375162 151630966.39284021 4650172.0067357188 -32.484270206454745 -3.2593470667434001 -2.7813544451855985 608.89003293832945 0.00083584924569844244 -2.2915625824405336e-05 -9.0417223612102669e-05 0
3663 1 1 397958400 -22598662.200582951 151328407.01515883 4409230.5569926277 -32.416327988827049 -3.7440511007427446 -2.7958616383725525 608.88818379029408 0.00083277069197866993 -8.6527920326522063e-06 -9.3407057640302371e-05 0
3664 1 1 398044800 -25396179.704009984 150984047.88706169 4167070.0346964193 -32.339555326902605 -4.2268967414451826 -2.8095730543150816 608.88634120812935 0.00082947827695255792 5.5033877581114589e-06 -9.6374427974537654e-05 0
3665 1 1 398131200 -28186684.994091798 150598059.15861034 3923759.3565509608 -32.254020161771486 -4.7076626123400267 -2.8224850723772388 608.88450510456539 0.00082597534571574331 1.9549319924937086e-05 -9.9318495371293329e-05 0
3666 1 1 398217600 -30969424.184429828 150170629.97389656 3679367.7212654878 -32.159797607307631 -5.1861304638475367 -2.8345947851429667 608.88267539211188 0.00082226533742425691 3.3481251405298333e-05 -0.00010223830423408617 0
3667 1 1 398304000 -33743650.182155184 149701968.1879403 3433964.5479905377 -32.056969777226591 -5.6620854709597443 -2.8458999967895164 608.88085198248234 0.0008183517708459147 4.7295613108428075e-05 -0.0001051329338533411 0
3668 1 1 398390400 -36508623.284724467 149192300.05833519 3187619.414971421 -31.94562559778986 -6.1353165200013278 -2.8563992196888734 608.8790347866609 0.00081423823893922909 6.0988980175299825e-05 -0.0001080014689387954 0
3669 1 1 398476800 -39263611.759941079 148641869.91263017 2940401.998564871 -31.825860606941799 -6.6056164834029056 -2.866091669406583 608.87722371496739 0.00080992840580996171 7.4558069689803177e-05 -0.00011084301689571348 0
3670 1 1 398563200 -42007892.408066899 148050939.79251552 2692382.0127554787 -31.697776740745738 -7.072782481742264 -2.8749772581404893 608.87541867711002 0.00080542600350333926 8.7999742161806521e-05 -0.00011365669760414632 0
3671 1 1 398649600 -44740751.10496594 147419789.07594272 2443629.1493048347 -31.561482108029075 -7.5366161323849399 -2.8830565866444777 608.87361958224801 0.00080073481725702594 0.00010131100319733064 -0.0001164416461811574 0
3672 1 1 398736000 -47461483.325301915 146748714.07836297 2194213.018662015 -31.417090754183022 -7.9969237841286089 -2.8903309346902586 608.87182633906059 0.0007958586821090101 0.00011448900238715751 -0.00011919701096286716 0
3673 1 1 398822400 -50169394.644894622 146038027.63431552 1944203.0917592412 -31.264722415090397 -8.4535167373301299 -2.8968022501257167 608.87003885580611 0.00079080147908754225 0.00012753103720082687 -0.00012192196391789799 0
3674 1 1 398908800 -52863801.221424967 145288058.66064081 1693668.6428112811 -31.104502262180432 -8.9062114490711277 -2.9024731365922123 608.86825704038085 0.00078556712716959293 0.00014043454303621372 -0.00012461569222119531 0
3675 1 1 398995200 -55544030.252765991 144499151.702627 1442678.6932316385 -30.936560639625263 -9.3548297229926156 -2.9073468399676279 608.8664808003773 0.00078015958093653878 0.00015319711212533705 -0.00012727740107324384 0
3676 1 1 399081600 -58209420.41230502 143671666.46442768 1191301.9567725067 -30.761032794704512 -9.7991988835080761 -2.9114272336075313 608.86471004314126 0.00077458281516131584 0.00016581647353837296 -0.00012990631518655622 0
3677 1 1 399168000 -60859322.260712244 142805977.32511058 939606.78598924726 -30.578058602389216 -10.239151934187017 -2.9147188024566124 608.86294467618973 0.00076884082442207533 0.00017829049747791886 -0.0001325016821223678 0
3678 1 1 399254400 -63493098.633689217 141902472.84171396 687661.12012212363 -30.387782284813753 -10.674527700074988 -2.9172266261556783 608.86118460216903 0.00076294126847797612 0.00019061814615835648 -0.00013506325642464697 0
3679 1 1 399340800 -66110125.005317166 140961555.24069741 435532.43448091549 -30.190352127490623 -11.105170954087885 -2.9189563611163627 608.85942972177486 0.0007568858737211293 0.00020279712665759284 -0.00013759005406714447 0
3680 1 1 399427200 -68709789.826789036 139983639.89915875 183287.69142092587 -29.985920193029326 -11.530932527446666 -2.9199142216740759 608.85767994074547 0.00075067711623757257 0.00021482534671719776 -0.0001400811863845303 0
3681 1 1 399513600 -71291494.840289682 138969154.81720629 -69006.707021642709 -29.774642032458676 -11.951669404001048 -2.9201069605199068 608.85593516659003 0.00074431906984312533 0.00022670124032675077 -0.00014253598981938496 0
3682 1 1 399600000 -73854655.367892161 137918540.08286828 -321284.96477228869 -29.556676395763869 -12.367244798719376 -2.9195418484171562 608.85419530532624 0.00073781684155443939 0.00023842371844854074 -0.00014495397689281495 0
3683 1 1 399686400 -76398700.575451195 136832247.33089456 -573481.93557952403 -29.332184942763899 -12.777528220614229 -2.9182266532600858 608.85246026132347 0.00073117462095271049 0.00024999159493572197 -0.00014733456748408752 0
3684 1 1 399772800 -78923073.711566016 135710739.19678375 -825533.1650409993 -29.101331955262218 -13.182395520398986 -2.9161696185514487 608.8507299407953 0.00072439494785124568 0.00026140322884836626 -0.00014967696283038832 0
3685 1 1 399859200 -81427232.32174553 134554488.76734477 -1077374.9307499798 -28.864284050918766 -13.581728923061737 -2.9133794414425416 608.84900425201704 0.00071748179342678766 0.00027265755459284668 -0.00015198058686601414 0
3686 1 1 399945600 -83910648.437954873 133363979.02908382 -1328944.28052895 -28.621209899744947 -13.975417045741514 -2.9098652504115821 608.84728310337835 0.00071043910736731555 0.00028375363074913183 -0.00015424489034895295 0
3687 1 1 400032000 -86372808.74382101 132139702.31566226 -1580179.0687201107 -28.372279944269774 -14.363354901416143 -2.9056365826244184 608.84556640356288 0.00070327081006336804 0.00029469063558905389 -0.00015646934725525657 0
3688 1 1 400118400 -88813214.715841323 130882159.75563459 -1831017.9905098106 -28.117666123982353 -14.745443888823532 -2.9007033610762654 608.84385406158697 0.00069598079050145467 0.00030546786634740974 -0.00015865345588739305 0
3689 1 1 400204800 -91231382.740993381 129591860.72163297 -2081400.6142713437 -27.857541604755383 -15.121591769123677 -2.8950758715914433 608.84214598683548 0.00068857290170034854 0.00031608473144297477 -0.00016079674169651938 0
3690 1 1 400291200 -93626844.211206228 128269322.2821224 -2331267.4119170806 -27.592080513897862 -15.491712629840233 -2.8887647397555871 608.84044208909745 0.00068105095802248664 0.00032654075047906534 -0.00016289875168194414 0
3691 1 1 400377600 -95999145.595204845 126915068.65679999 -2580559.787257228 -27.321457681435042 -15.855726836650517 -2.8817809078525194 608.83874227859997 0.00067341872945046689 0.00033683554993896417 -0.00016495905707277533 0
3692 1 1 400464000 -98347848.488289982 125529630.67666361 -2829220.1023686747 -27.04584838816308 -16.213560973619273 -2.8741356118759422 608.83704646604303 0.00066567993976850734 0.00034696885704564823 -0.00016697725860896322 0
3693 1 1 400550400 -100672529.64066117 124113545.24972096 -3077191.7019832423 -26.7654281209742 -16.565147772492118 -2.865840358680908 608.83535456262859 0.00065783826696686886 0.00035694049902755781 -0.00016895297884619195 0
3694 1 1 400636800 -102972780.96492942 122667354.83325793 -3324418.9359100987 -26.480372335897698 -16.910426031681521 -2.8569069033374084 608.83366648008359 0.00064989733646120176 0.00036675039921717017 -0.00017088586599663114 0
3695 1 1 400723200 -105248209.52350493 121191606.91352868 -3570847.179512416 -26.190856229251061 -17.24934052559157 -2.847347226745264 608.83198213068897 0.00064186072115389448 0.00037639857389200674 -0.00017277559073423677 0
3696 1 1 400809600 -107498437.49657473 119686853.49367362 -3816422.8522632224 -25.897054517243955 -17.581841904936809 -2.8371735135653413 608.83030142729933 0.00063373194230772762 0.00038588512402800882 -0.00017462185041507524 0
3697 1 1 400896000 -109723102.13141425 118153650.59061526 -4061093.43441005 -25.599141224330094 -17.90788658871455 -2.8263981305185277 608.82862428336693 0.00062551445913010533 0.00039521023436964241 -0.00017642436747565971 0
3698 1 1 400982400 -111921855.67379957 116592557.74162436 -4304807.4817821952 -25.297289480552063 -18.227436648491224 -2.8150336050989235 608.82695061296329 0.00061721167636827031 0.00040437417244668767 -0.00017818288436713379 0
3699 1 1 401068800 -114094365.28230543 115004137.52119233 -4547514.638778287 -24.991671328077153 -18.540459685662533 -2.8030926047457436 608.82528033079041 0.00060882693884812828 0.00041337728090827595 -0.00017989717382685166 0
3700 1 1 401155200 -116240312.92629166 113388955.0687879 -4789165.6495755641 -24.682457537078175 -18.846928702340694 -2.7905879165128247 608.82361335219764 0.0006003635283088444 0.00042221997713074236 -0.00018156702678836102 0
3701 1 1 401241600 -118359395.26838864 111747577.62802143 -5029712.3676053444 -24.369817431068473 -19.146821966514267 -2.777532427270593 608.821949593201 0.00059182466249401778 0.00043090274627016512 -0.00018319225490358854 0
3702 1 1 401328000 -120451323.53230301 110080574.09768385 -5269107.7633421579 -24.053918721757984 -19.440122872114927 -2.763939104473808 608.82028897049508 0.00058321350006869204 0.00043942613819113868 -0.00018477269682752565 0
3703 1 1 401414400 -122515823.35676754 108388514.5950737 -5507305.9304566877 -23.734927353459046 -19.726819794611494 -2.7498209775228166 608.81863140145788 0.00057453313385681778 0.000447790765549271 -0.00018630821813216488 0
3704 1 1 401500800 -124552634.63645972 106671970.03197172 -5744262.0903847795 -23.413007357032654 -20.006905942736257 -2.735191119741248 608.81697680415789 0.00056578659424045392 0.00045599729949159958 -0.00018779870199475901 0
3705 1 1 401587200 -126561511.35071233 104931511.70357265 -5979932.5953667313 -23.088320713330678 -20.280379206931048 -2.7200626309908302 608.8153250973686 0.00055697684278946987 0.00046404646417018874 -0.00018924404958727819 0
3706 1 1 401673600 -128542221.38083261 103167710.89063251 -6214274.9300126797 -22.761027226056481 -20.547242005079752 -2.7044486209419141 608.81367620057267 0.00054810677988973865 0.00047193903992746769 -0.00019064418747631747 0
3707 1 1 401760000 -130494546.31683987 101381138.47504148 -6447247.7114514019 -22.431284403935855 -20.807501126074076 -2.6883621930129884 608.81203003395694 0.0005391792403911925 0.00047967585352858401 -0.00019199906262888015 0
3708 1 1 401846400 -132418281.25442006 99572364.568988085 -6678810.6881207526 -22.099247352063426 -21.061167571737506 -2.6718164289893376 608.81038651842266 0.0005301969939888008 0.00048725777121233222 -0.00019330864370541124 0
3709 1 1 401932800 -134313234.58288345 97741958.157833472 -6908924.7372588022 -21.765068672262913 -21.308256397606492 -2.6548243743284221 608.80874557559048 0.00052116274129351988 0.00049468570758468553 -0.00019457291664834583 0
3710 1 1 402019200 -136179227.76489595 95890486.75677456 -7137551.8611551737 -21.42889837227634 -21.548786553045051 -2.637399024156895 608.80710712779262 0.00051207912232226432 0.00050196061811997716 -0.00019579188891828876 0
3711 1 1 402105600 -138016095.10873893 94018516.081333473 -7364655.1822225098 -21.09088378357642 -21.782780721145631 -2.6195533099613555 608.80547109806923 0.00050294871306124235 0.00050908349020015577 -0.00019696558705506494 0
3712 1 1 402192000 -139823683.5338318 92126609.731674105 -7590198.9369479567 -20.751169487579368 -22.010265158841598 -2.6013000869715452 608.80383741017363 0.00049377402392417416 0.0005160553411752781 -0.00019809405353915686 0
3713 1 1 402278400 -141601852.33023486 90215328.890708044 -7814148.4687843658 -20.409897250017309 -22.231269537630538 -2.5826521222333993 608.80220598857022 0.00048455749985381794 0.00052287722416578504 -0.00019917734926836559 0
3714 1 1 402364800 -143350472.91282398 88285232.035923377 -8036470.2200406613 -20.067205963215521 -22.445826785283106 -2.5636220833670089 608.80057675842772 0.00047530152470195953 0.00052955021902296399 -0.00020021555435928082 0
3715 1 1 402451200 -145069428.57081115 86336874.664833724 -8257131.7228301875 -19.723231596007867 -22.653972928886994 -2.5442225280018969 608.79894964560731 0.00046600842484689591 0.00053607543026119495 -0.00020120876663018672 0
3716 1 1 402537600 -146758614.21325657 84370809.033919245 -8476101.5891352259 -19.378107151014706 -22.855746939548506 -2.5244658938800089 608.79732457665909 0.0004566804617449642 0.00054245398344475253 -0.00020215709731766606 0
3717 1 1 402624000 -148417936.11119854 82387583.910902873 -8693349.5000448432 -19.031962628999178 -23.051190579049003 -2.504364489615968 608.79570147881725 0.00044731983406689433 0.00054868703122756173 -0.0002030606745996206 0
3718 1 1 402710400 -150047311.63699839 80387744.340181276 -8908846.1942224111 -18.684925000009134 -23.240348248730296 -2.4839304861025102 608.79408027998784 0.00043792868605210469 0.00055477573858199209 -0.00020391964308658133 0
3719 1 1 402796800 -151646669.00147495 78371831.421206623 -9122563.4556579255 -18.337118181010339 -23.423266840857782 -2.4631759085469178 608.79246090874142 0.00042850910130630795 0.00056072128658136359 -0.00020473416290569103 0
3720 1 1 402883200 -153215946.98937577 76340382.099595249 -9334474.1007589735 -17.988663019712902 -23.599995592685492 -2.4421126291231894 608.79084329430987 0.00041906310305495347 0.0005665248714572706 -0.00020550440576199981 0
3721 1 1 402969600 -154755094.69370797 74293928.970721096 -9544551.9648328964 -17.639677284289608 -23.77058594342563 -2.4207523602240837 608.78922736657307 0.00040959266065203543 0.00057218770364318272 -0.00020623055725172654 0
3722 1 1 403056000 -156264071.24942461 72233000.095535234 -9752771.8880112227 -17.290275658686319 -23.935091394303058 -2.3991066482965406 608.78761305604485 0.00040009968941243692 0.00057771100188697719 -0.00020691281878524231 0
3723 1 1 403142400 -157742845.56693652 70158118.828337252 -9959109.7006660812 -16.94056974322552 -24.093567371853393 -2.3771868682423056 608.78600029386416 0.00039058605079283077 0.00058309599185671552 -0.00020755140553450273 0
3724 1 1 403228800 -159191396.06589389 68069803.656212509 -10163542.208366524 -16.590668060206461 -24.246071094602566 -2.3550042183647375 608.78438901178674 0.00038105355083176801 0.00058834390771886032 -0.00020814654144527938 0
3725 1 1 403315200 -160609710.40965787 65968568.049838245 -10366047.176421162 -16.24067606420801 -24.392661443246457 -2.332569715843082 608.78277914217483 0.00037150394417114478 0.00059345598869898 -0.00020869846098927805 0
3726 1 1 403401600 -161997785.24085388 63854920.325350799 -10566603.314051935 -15.890696156804724 -24.533398834431001 -2.3098941927154746 608.7811706179815 0.00036193893633282688 0.00059843347994820346 -0.00020920741209550658 0
3727 1 1 403488000 -163355625.9183782 61729363.51696007 -10765190.258242076 -15.540827705412388 -24.668345098215422 -2.2869882923507538 608.77956337273895 0.00035236018374949774 0.00060327762466278812 -0.00020967365607500214 0
3728 1 1 403574400 -164683246.25619984 59592395.259989388 -10961788.557299549 -15.191167065985136 -24.797563359283895 -2.263862466388483 608.77795734054826 0.00034276929327341069 0.00060798967171894075 -0.0002100974620712611 0
3729 1 1 403660800 -165980668.26428083 57444507.684014954 -11156379.654175702 -14.841807609292433 -24.921117921955545 -2.2405269721271925 608.77635245606348 0.00033316782386813337 0.00061257086862640897 -0.00021047910775396492 0
3730 1 1 403747200 -167247921.89191183 55286187.315774992 -11348945.869576834 -14.492839750511298 -25.03907415902891 -2.2169918703412499 608.77474865448607 0.00032355728881715046 0.00061702246052404539 -0.00021081887997988766 0
3731 1 1 403833600 -168485044.77373776 53117914.991516411 -11539470.384905005 -14.144350981876594 -25.151498404481703 -2.1932670235066056 608.77314587154751 0.00031393916185349453 0.00062134568961916964 -0.0002111170782809235 0
3732 1 1 403920000 -169692081.97872898 50940165.77844505 -11727937.225062478 -13.796425908141755 -25.258457850034983 -2.169362094414709 608.77154404350233 0.00030431486769792108 0.00062554179254298899 -0.00021137400617889446 0
3733 1 1 404006400 -170869085.76232752 48753408.904946171 -11914331.241152391 -13.449146284609281 -25.360020445577756 -2.1452865451548981 608.76994310711621 0.00029468579220401803 0.00062961200732617535 -0.00021158997491126338 0
3734 1 1 404092800 -172016115.32198265 46558107.69924175 -12098638.093106812 -13.102591057498918 -25.456254803438181 -2.1210496364469029 608.76834299964366 0.000285053278922373 0.00063355756696405511 -0.00021176530699952497 0
3735 1 1 404179200 -173133236.5562669 44354719.53615357 -12280844.232271569 -12.756836406431633 -25.547230106478462 -2.0966604273034393 608.76674365882627 0.00027541862976597617 0.00063737969179562836 -0.00021190033063328719 0
3736 1 1 404265600 -174220521.82774657 42143695.791642718 -12460936.883975392 -12.411955788815053 -25.633016019978495 -2.072127775004041 608.76514502288285 0.00026578311089769886 0.00064107959932755971 -0.0002119953811862104 0
3737 1 1 404352000 -175278049.72976175 39925481.804800428 -12638904.030109707 -12.068019985925956 -25.71368260726603 -2.0474603353620404 608.76354703049185 0.00025614795124323178 0.00064465850036878427 -0.00021205079957925196 0
3738 1 1 404438400 -176305904.85725391 37700516.846968099 -12814734.39174342 -11.725097150494973 -25.789300249045262 -2.0226665632663159 608.76194962078478 0.0002465143440134677 0.00064811759501540666 -0.00021206692883480428 0
3739 1 1 404524800 -177304177.58176342 35469234.097669639 -12988417.41179581 -11.383252855607157 -25.859939566366261 -1.99775471348116 608.76035273333127 0.00023688344628922017 0.0006514580803414691 -0.00021204412272093735 0
3740 1 1 404611200 -178272963.83070222 33232060.62704429 -13159943.237789031 -11.04255014474162 -25.925671347173427 -1.9727328416870384 608.7587563081247 0.00022725638034838572 0.0006546811414586387 -0.00021198273895053083 0
3741 1 1 404697600 -179212364.87099302 30989417.38447341 -13329302.704700375 -10.703049582782146 -25.986566476365734 -1.9476088057448753 608.75716028558213 0.00021763423458912563 0.00065778794940034746 -0.00021188313812824051 0
3742 1 1 404784000 -180122487.09715241 28741719.193100907 -13496487.317932805 -10.364809307839639 -26.042695869295031 -1.9223902671689885 608.75556460653615 0.00020801806759867885 0.00066077966874402772 -0.00021174568855761037 0
3743 1 1 404870400 -181003441.82388037 26489374.749953665 -13661489.236421263 -10.027885083736178 -26.094130408625283 -1.8970846927927467 608.75396921221306 0.00019840891070870755 0.00066365745682718177 -0.00021157075959478237 0
3744 1 1 404956800 -181855345.08320856 24232786.63137513 -13824301.255890634 -9.6923303530098828 -26.140940884473675 -1.8716993566118652 608.7523740442258 0.00018880776122014024 0.00066642245802979656 -0.00021135872381351 0
3745 1 1 405043200 -182678317.4262453 21972351.303491678 -13984916.79228013 -9.3581962903077383 -26.183197937750556 -1.8462413417918562 608.75077904457555 0.00017921558627162764 0.0006690758010648234 -0.00021110995941636232 0
3746 1 1 405129600 -183472483.72954658 19708459.137439549 -14143329.865347788 -9.025531856040292 -26.220972006610644 -1.8207175428255389 608.74918415563889 0.00016963332757691027 0.00067161860957727702 -0.00021082484832269521 0
3747 1 1 405216000 -184237973.00612947 17441494.429087009 -14299535.082467282 -8.6943838501819641 -26.254333275928914 -1.7951346678272395 608.74758932015425 0.00016006190170197459 0.00067405199240093644 -0.00021050377511765451 0
3748 1 1 405302400 -184974918.22113612 15171835.422994358 -14453527.622628435 -8.3647969661085781 -26.283351629711643 -1.7694992409507357 608.74599448121955 0.00015050219549277787 0.00067637705065308246 -0.00021014712144028249 0
3749 1 1 405388800 -185683456.11214751 12899854.340362126 -14605303.220651587 -8.0368138443700978 -26.308096606352137 -1.7438176049200333 608.74439958228174 0.00014095507329203998 0.00067859486951670552 -0.0002097552774625689 0
3750 1 1 405475200 -186363727.01413697 10625917.4107255 -14754858.151625084 -7.7104751263038471 -26.328637356640346 -1.7180959236611046 608.74280456713541 0.00013142137629216987 0.00068070652167571402 -0.00020932863179573303 0
3751 1 1 405561600 -187015874.68904576 8350384.9071611026 -14902189.215574061 -7.385819507401969 -26.345042604433338 -1.692340185023131 608.74120937991279 0.00012190191933630416 0.00068271307257544212 -0.00020886757642515712 0
3752 1 1 405648000 -187640046.15995586 6073611.1847801916 -15047293.722367881 -7.0628837903518669 -26.357380609896254 -1.6665562035798696 608.73961396507673 0.00011239749670788874 0.00068461557133849492 -0.00020837250711808924 0
3753 1 1 405734400 -188236391.54982904 3795944.7222900474 -15190169.476872712 -6.7417029376754689 -26.365719135221863 -1.6407496235001842 608.73801826741374 0.00010290888045505397 0.00068641505852278266 -0.00020784381585062394 0
3754 1 1 405820800 -188805063.92477354 1517728.1664134392 -15330814.764354721 -6.4223101238996367 -26.370125412737679 -1.6149259214790284 608.73642223203581 9.343682223148253e-05 0.00068811255703629898 -0.0002072818978537467 0
3755 1 1 405907200 -189346219.1417965 -760701.62103627925 -15469228.336138871 -6.1047367871954599 -26.370666115310382 -1.589090409720753 608.73482580437258 8.3982053810637339e-05 0.00068970908177343746 -0.00020668715161136815 0
3756 1 1 405993600 -189860015.70099252 -3039013.513619001 -15605409.395527415 -5.7890126804299324 -26.367407328957416 -1.5632482389652558 608.73322893016075 7.4545288868186084e-05 0.00069120563823024173 -0.0002060599724530033 0
3757 1 1 406080000 -190346614.60211638 -5316882.0684575597 -15739357.583981367 -5.4751659215792232 -26.360414527579302 -1.5374044015497526 608.73163155544705 6.5127219710211479e-05 0.00069260321156154711 -0.00020540075886451735 0
3758 1 1 406166400 -190806179.20548105 -7593987.4723327691 -15871072.967567831 -5.1632230434571822 -26.349752549724663 -1.5115637344988895 608.73003362658869 5.572852212590991e-05 0.00069390277974567074 -0.00020470990702592111 0
3759 1 1 406252800 -191238875.09712273 -9870015.4858556464 -16000556.0236753 -4.8532090427176149 -26.33548557730197 -1.4857309226360194 608.72843509024392 4.6349854023262393e-05 0.00069510530905838111 -0.00020398781409740427 0
3760 1 1 406339200 -191644869.95816556 -12144657.385881457 -16127807.627998404 -4.5451474280940047 -26.317677116155448 -1.4599105017096305 608.72683589336987 3.6991856780416666e-05 0.00069621175351868275 -0.0002032348775775894 0
3761 1 1 406425600 -192024333.43832132 -14417609.906323075 -16252829.041793272 -4.2390602678437599 -26.296389978422624 -1.4341068615284469 608.72523598322073 2.7655158190112612e-05 0.00069722305390785134 -0.00020245149365454994 0
3762 1 1 406512000 -192377437.03345177 -16688575.177514089 -16375621.899403872 -3.9349682363692198 -26.271686266593335 -1.4083242490998242 608.72363530734992 1.8340366534292312e-05 0.0006981401390513956 -0.00020163805936515818 0
3763 1 1 406598400 -192704353.96712363 -18957260.664265346 -16496188.196059536 -3.6328906599906849 -26.243627359191397 -1.3825667717662289 608.72203381360396 9.0480762042882177e-06 0.00069896392858803842 -0.00020079497114086154 0
3764 1 1 406684800 -193005259.07608002 -21223379.102751594 -16614530.27594313 -3.3328455618495236 -26.212273898003136 -1.3568384003344884 608.72043145012162 -2.2112848727567056e-07 0.00069969532882571076 -0.00019992262188645181 0
3765 1 1 406771200 -193280328.69955432 -23486648.436359007 -16730650.820529221 -3.0348497059252102 -26.177685776778535 -1.3311429721938004 608.71882816533798 -9.4666846043023763e-06 0.00070033523397482601 -0.00019902140547633604 0
3766 1 1 406857600 -193529740.57234696 -25746791.750617318 -16844552.837190889 -2.738918640150716 -26.13992213133249 -1.3054841944185076 608.71722390798072 -1.8688034944068152e-05 0.0007008845270418876 -0.00019809171582476081 0
3767 1 1 406944000 -193753673.72158951 -28003537.207334805 -16956239.64807393 -2.4450667386144951 -26.099041330975826 -1.2798656468512184 608.71561862707006 -2.7884637867428069e-05 0.00070134408181321062 -0.00019713394452368303 0
3768 1 1 407030400 -193952308.36711392 -30256617.978047766 -17065714.879236378 -2.1533072428413202 -26.055100971208493 -1.2542907851627072 608.71401227191768 -3.7055964629177714e-05 0.00070171476121080021 -0.00019614847966505997 0
3769 1 1 407116800 -194125825.8253493 -32505772.176890913 -17172982.450051315 -1.86365230214494 -26.008157867609548 -1.228762943886063 608.71240479212997 -4.620150168924495e-05 0.00070199741309751539 -0.00019513571168552671 0
3770 1 1 407203200 -194274408.4166643 -34750742.792989329 -17278046.562870633 -1.5761130130481997 -25.958268050859779 -1.2032853394218654 608.71079613761435 -5.532074288650152e-05 0.0007021928781725628 -0.00019409602977670133 0
3771 1 1 407289600 -194398239.37607554 -36991277.622466937 -17380911.692947049 -1.2906994577685262 -25.905486762834336 -1.1778610730110717 608.709186258567 -6.4413190656716985e-05 0.00070230202692902056 -0.00019302982762955286 0
3772 1 1 407376000 -194497502.76724049 -39227129.20016022 -17481582.578611899 -1.0074207417718897 -25.849868453666812 -1.1524931336844477 608.70757510481349 -7.3478379825987831e-05 0.000702326143499532 -0.00019193760998758916 0
3773 1 1 407462400 -194572383.3996549 -41458054.731121689 -17580064.211705666 -0.7262850303932078 -25.791466779852968 -1.1271844011538752 608.70596262651009 -8.2515832437163558e-05 0.00070226554861056625 -0.00019081963275757884 0
3774 1 1 407548800 -194623066.74897397 -43683816.022001632 -17676361.828256007 -0.44729958452730029 -25.73033460324946 -1.101937648665928 608.70434877476987 -9.1525085318408455e-05 0.00070212103248285288 -0.00018967627087229761 0
3775 1 1 407635200 -194649738.8803775 -45904179.41237469 -17770480.89940206 -0.17047079539829688 -25.666523990842066 -1.0767555458353748 608.70273350106049 -0.00010050568062459895 0.00070189338377576755 -0.0001885079016893165 0
3776 1 1 407721600 -194652586.37489939 -48118915.706081294 -17862427.122561675 0.1041957815801802 -25.600086215270917 -1.0516406614473977 608.70111675597445 -0.00010945725017103368 0.00070158427670507118 -0.00018731513374331104 0
3777 1 1 407808000 -194631796.2586436 -50327800.102649264 -17952206.412838429 0.37669539386280265 -25.53107175624557 -1.0265954661793235 608.69949849029763 -0.00011837931329694928 0.00070119367232985023 -0.0001860981313823428 0
3778 1 1 407894400 -194587555.93480656 -52530612.128874324 -18039824.89466016 0.64702405973255139 -25.459530302673908 -1.0016223352744509 608.69787865629974 -0.0001272714385578763 0.00070072225413666048 -0.00018485724724159237 0
3779 1 1 407980800 -194520053.11843032 -54727135.57060317 -18125288.893649392 0.91517853713858532 -25.385510755293318 -0.97672355120985133 608.69625720658814 -0.00013613320630721112 0.00070017077190654038 -0.00018359284800317831 0
3780 1 1 408067200 -194429475.77381006 -56917158.40477448 -18208604.928720988 1.1811562934154523 -25.309061229983644 -0.95190130630001335 608.69463409407354 -0.00014496420758458819 0.00069953997492666869 -0.00018230530352906645 0
3781 1 1 408153600 -194316012.05447963 -59100472.731770843 -18289779.704403006 1.4449554758677388 -25.230229061650387 -0.92715770525391628 608.69300927193876 -0.00015376404169804205 0.00069883062719742659 -0.00018099498695166297 0
3782 1 1 408240000 -194179850.24570215 -61276874.708129898 -18368820.103376262 1.7065748832079963 -25.149060808643824 -0.90249476768279258 608.6913826936825 -0.00016253231057212949 0.00069804343014064443 -0.00017966225193730216 0
3783 1 1 408326400 -194021178.70939225 -63446164.479658782 -18445733.179228514 1.9660139378339823 -25.065602257673056 -0.87791443055996132 608.68975431318404 -0.00017126862290383322 0.00069717908238180258 -0.00017830745548152291 0
3784 1 1 408412800 -193840185.83139777 -65608146.114993028 -18520526.149419054 2.2232726589306671 -24.979898429171815 -0.85341855063391603 608.68812408467807 -0.00017997259485739997 0.00069623828857724387 -0.00017693095369980877 0
3785 1 1 408499200 -193637059.97106948 -67762627.539637476 -18593206.388449829 2.4783516363829614 -24.891993583088212 -0.8290089067925609 608.68649196274077 -0.00018864384923195733 0.00069522174766464091 -0.00017553310320054667 0
3786 1 1 408585600 -193411989.41305131 -69909420.470524728 -18663781.421238657 2.7312520054840248 -24.80193122506622 -0.80468720237838809 608.68485790228806 -0.00019728201760801787 0.00069413015101647563 -0.00017411425456648224 0
3787 1 1 408672000 -193165162.32122132 -72048340.351123348 -18732258.91669035 2.9819754224241422 -24.709754112987021 -0.78045506745474802 608.68322185858744 -0.00020588673594268064 0.00069296417843935055 -0.00017267475632232437 0
3788 1 1 408758400 -192896766.69471756 -74179206.287125736 -18798646.681461558 3.2305240405447022 -24.615504263840247 -0.756314061023731 608.68158378726264 -0.00021445764519447983 0.00069172450496331238 -0.00017121495409821297 0
3789 1 1 408844800 -192606990.32598296 -76301840.982742846 -18862952.653915115 3.4769004873406377 -24.519222960896499 -0.73226567319566216 608.67994364429251 -0.00022299439573978031 0.0006904117995357791 -0.00016973519343898289 0
3790 1 1 408931200 -192296020.760766 -78416070.677630782 -18925184.898259822 3.7211078421960595 -24.420950761155527 -0.70831132731034718 608.67830138601528 -0.00023149663900368233 0.00068902672173986419 -0.00016823581765388617 0
3791 1 1 409017600 -191964045.26001239 -80521725.084471732 -18985351.598871347 3.9631496148368432 -24.320727503044317 -0.6844523820098688 608.67665696913889 -0.00023996403285359754 0.00068756992267039122 -0.00016671716500578487 0
3792 1 1 409104000 -191611250.76359016 -82618637.327230245 -19043461.05479015 4.2030297244830912 -24.218592314340793 -0.66069013326342763 608.67501035074645 -0.00024839624189273339 0.00068604204728730774 -0.00016517956874331191 0
3793 1 1 409190400 -191237823.85578474 -84706643.88010262 -19099521.674392339 4.4407524796859681 -24.114583620300245 -0.63702581634539646 608.67336148829952 -0.00025679293403618205 0.00068444373382324519 -0.00016362336344630083 0
3794 1 1 409276800 -190843950.7325078 -86785584.507176757 -19153541.970229391 4.6763225588321564 -24.008739151963479 -0.61346060776646905 608.67171033964246 -0.00026515378479685176 0.00068277561343917841 -0.0001620488785162363 0
3795 1 1 409363200 -190429817.17016229 -88855302.202816784 -19205530.554032758 4.9097449912998723 -23.901095954625891 -0.58999562715795861 608.67005686300774 -0.00027347847079745686 0.00068103831068931056 -0.00016045643974018525 0
3796 1 1 409449600 -189995608.4961077 -90915643.132785648 -19255496.131879155 5.1410251392502389 -23.791690396448232 -0.56663193911074539 608.66840101702246 -0.00028176667382707874 0.00067923244448004152 -0.00015884637363705644 0
3797 1 1 409536000 -189541509.56067231 -92966456.576117203 -19303447.499512989 5.3701686800371329 -23.680558177190946 -0.54337055496889353 608.66674276070796 -0.00029001808206518078 0.00067735862802430257 -0.00015721900288375075 0
3798 1 1 409622400 -189067704.71065801 -95007594.86774759 -19349393.537821617 5.5971815892202494 -23.567734337055253 -0.52021243457814526 608.66508205348987 -0.00029823238523012628 0.00067541746503477782 -0.00015557464602377463 0
3799 1 1 409708800 -188574377.7642884 -97038913.341914713 -19393343.208459835 5.8220701241650827 -23.453253265614396 -0.49715848799051099 608.66341885520615 -0.00030640927945203242 0.00067340955434572625 -0.00015391361942664804 0
3800 1 1 409795200 -188061711.98754868 -99060270.276332438 -19435305.54961985 6.0448408082139569 -23.337148710819541 -0.47420957712538947 608.66175312610721 -0.00031454846372011395 0.00067133549054820894 -0.00015223623508126751 0
3801 1 1 409881600 -187529890.07186881 -101071526.83714566 -19475289.671942737 6.2655004154128058 -23.219453788066485 -0.45136651738812245 608.66008482686061 -0.00032264964137940282 0.00066919586214453646 -0.00015054280500497038 0
3802 1 1 409968000 -186979094.11310315 -103072547.02467109 -19513304.754568148 6.4840559557780466 -23.100200989310029 -0.42863007924663538 608.65841391855838 -0.00033071251907838188 0.00066699124936276354 -0.0001488336384049176 0
3803 1 1 410054400 -186409505.59175977 -105063197.61992705 -19549360.041318242 6.7005146610884889 -22.979422192212525 -0.4060009897665578 608.65674036272071 -0.00033873680743093344 0.00066472223042181875 -0.0001471090420158458 0
3804 1 1 410140800 -185821305.35443628 -107043348.13195445 -19583464.837012623 6.9148839711871357 -22.857148669315308 -0.38347993410540177 608.65506412129741 -0.00034672222084329042 0.00066238937621689931 -0.00014536931565023537 0
3805 1 1 410227200 -185214673.59641612 -109012870.74593113 -19615628.503910586 7.1271715207784698 -22.733411097221889 -0.36106755696713666 608.65338515668066 -0.00035466847550719692 0.00065999325288944061 -0.00014361475965755062 0
3806 1 1 410313600 -184589789.84538618 -110971640.27207972 -19645860.458277348 7.3373851267063621 -22.608239565782497 -0.33876446401795468 608.65170343170269 -0.00036257529306231369 0.00065753442151809146 -0.00014184567098556364 0
3807 1 1 410400000 -183946832.94623262 -112919534.0953684 -19674170.16707097 7.545532775698458 -22.481663587270248 -0.31657122326336096 608.65001890964379 -0.0003704423973036615 0.00065501343734999105 -0.00014006234347373715 0
3808 1 1 410486400 -183285981.04687551 -114856432.12600429 -19700567.144746594 7.7516226125631658 -22.353712105539909 -0.29448836638780806 608.64833155423526 -0.00037826951750381073 0.00065243085134863315 -0.00013826506883356525 0
3809 1 1 410572800 -182607411.58510524 -116782216.75071679 -19725060.950174887 7.9556629288255687 -22.224413505160907 -0.27251639005751893 608.64664132966391 -0.00038605638379615275 0.000649787209353169 -0.00013645413589932702 0
3810 1 1 410659200 -181911301.27638152 -118696772.78482872 -19747661.183671411 8.1576621517892427 -22.093795620516644 -0.25065575718745375 608.64494820057848 -0.00039380272619153839 0.00064708305266637594 -0.00013462983335677436 0
3811 1 1 410745600 -181197826.10255992 -120599987.4251118 -19768377.484133989 8.3576288340100557 -21.9618857448631 -0.22890689817265708 608.64325213209725 -0.0004015082792017325 0.00064431891721112146 -0.00013279244283295809 0
3812 1 1 410832000 -180467161.30150995 -122491750.20342301 -19787219.526284914 8.5555716431689177 -21.828710639339757 -0.20727021208498789 608.64155308980696 -0.00040917278385458098 0.00064149533564161992 -0.00013094224444363148 0
3813 1 1 410918400 -179719481.35759228 -124371952.94111696 -19804197.018015113 8.7514993523316829 -21.69429654192643 -0.18574606783652378 608.63985103976802 -0.00041679598109211274 0.00063861283686602948 -0.00012907951598546108 0
3814 1 1 411004800 -178954959.99296069 -126240489.7042298 -19819319.697827458 8.9454208305839273 -21.558669176341059 -0.16433480530982916 608.63814594851874 -0.00042437761503572757 0.00063567194337328073 -0.00012720453219123578 0
3815 1 1 411091200 -178173770.15965697 -128097256.75942895 -19832597.332376227 9.1373450340279163 -21.421853760872345 -0.14303673645620038 608.63643778307892 -0.00043191743361450105 0.00063267317562023303 -0.00012531756760443007 0
3816 1 1 411177600 -177376084.03246963 -129942152.53072317 -19844039.714100178 9.3272809971306501 -21.283875017142829 -0.12185214636242232 608.63472651095344 -0.00043941518503085611 0.00062961704748964174 -0.00012341889315223371 0
3817 1 1 411264000 -176562073.00252399 -131775077.55692656 -19853656.658946399 9.5152378244113933 -21.14475717879775 -0.10078129428646494 608.63301210013913 -0.00044687062003009669 0.00062650407207223832 -0.00012150877542905583 0
3818 1 1 411350400 -175731907.67157751 -133595934.44986977 -19861458.004182395 9.7012246824571591 -21.004524000115708 -0.079824414663397056 608.63129451912675 -0.00045428349348495726 0.00062333475512250209 -0.00011958747953118233 0
3819 1 1 411436800 -174885757.84699008 -135404627.8533518 -19867453.606293797 9.8852507922555137 -20.863198764537675 -0.058981718082253144 608.62957373690404 -0.0004616535627735615 0.00062010960090399159 -0.00011765526857810784 0
3820 1 1 411523200 -174023792.53734443 -137201064.40282533 -19871653.338965222 10.067325421834592 -20.720804293110216 -0.03825339223433015 608.62784972295833 -0.00046898058540783096 0.0006168291103023926 -0.00011571240337074431 0
3821 1 1 411609600 -173146179.94868869 -138985152.68580654 -19874067.091141813 10.247457879199423 -20.577362952841113 -0.017639602833340488 608.62612244728257 -0.00047626432234106693 0.00061349377815607333 -0.00011375913885958051 0
3822 1 1 411696000 -172253087.48137704 -140756803.20300561 -19874704.765169162 10.425657505561189 -20.432896664972787 0.0028595054928284877 608.62439188055407 -0.0004835045347660305 0.00061010409865051049 -0.00011179573283236074 0
3823 1 1 411782400 -171344681.72748655 -142515928.33016086 -19873576.275009878 10.601933668745721 -20.287426913023975 0.023243808310148845 608.62265799165903 -0.00049070207939047453 0.00060666210327977622 -0.00010982273347912713 0
3824 1 1 411868800 -170421128.46879062 -144262442.28056699 -19870691.544535909 10.776295756963494 -20.140974750877948 0.04351320054046174 608.62092074789336 -0.00049785661688996931 0.00060316803252290587 -0.00010784033657904764 0
3825 1 1 411955200 -169482592.67525053 -145996261.06831077 -19866060.505889468 10.948753172999085 -19.993560810995877 0.063667595690730758 608.61918011946568 -0.00050496701868379935 0.00059962106929838241 -0.0001058485364382165 0
3826 1 1 412041600 -168529238.50400382 -147717302.47220197 -19859693.097911499 11.119315328469419 -19.845205312266245 0.083706925054936723 608.61743607898006 -0.00051203305813971023 0.00059602169410124205 -0.00010384757875740249 0
3827 1 1 412128000 -167561229.29884464 -149425486.00037199 -19851599.264639392 11.287991638263964 -19.695928067677219 0.10363113692527641 608.61568859941258 -0.00051905450919241091 0.00059237038133947264 -0.00010183770662477467 0
3828 1 1 412214400 -166578727.59016871 -151120732.85553634 -19841788.953870583 11.454791515296222 -19.545748492001366 0.12344019584900223 608.61393765426749 -0.00052603114501265287 0.00058866760166120466 -9.981915679362645e-05 0
3829 1 1 412300800 -165581895.0953635 -152802965.9009172 -19830272.115789484 11.619724365473383 -19.394685609369649 0.14313408190573509 608.61218321758008 -0.00053296274163434269 0.00058491382401747161 -9.7792169215719658e-05 0
3830 1 1 412387200 -164570892.71962288 -154472109.62681541 -19817058.701655988 11.78279958288115 -19.24275806074181 0.16271279000635352 608.61042526391543 -0.00053984907975645308 0.00058110951403685454 -9.5756980623423781e-05 0
3831 1 1 412473600 -163545880.55716887 -156128090.11782306 -19802158.662553459 11.944026545176932 -19.089984111272823 0.18217632921378976 608.60866376837055 -0.00054668993888483549 0.00057725513439209537 -9.3713823315250369e-05 0
3832 1 1 412560000 -162507017.89286295 -157770835.02066854 -19785581.948194686 12.103414609183432 -18.936381657574255 0.20152472208423947 608.60689870657438 -0.00055348510274255865 0.00057335114854861584 -9.1662928712362213e-05 0
3833 1 1 412646400 -161454463.2041896 -159400273.51268467 -19767338.505783722 12.260973106675449 -18.781968234871226 0.22075800402843357 608.60513005469249 -0.00056023435411569104 0.00056939801166358832 -8.9604524081684305e-05 0
3834 1 1 412732800 -160388374.16359568 -161016336.27089012 -19747438.278932203 12.41671134035289 -18.626761024054169 0.23987622269244666 608.60335778943067 -0.00056693747875783134 0.00056539618013541908 -8.7538835820640768e-05 0
3835 1 1 412819200 -159308907.64116979 -162618955.44167536 -19725891.206628263 12.57063857999305 -18.470776858624909 0.25887943735701591 608.60158188803393 -0.00057359426197320981 0.00056134610784475993 -8.5466091072912583e-05 0
3836 1 1 412905600 -158216219.70764717 -164208064.61108515 -19702707.222256567 12.722764058775537 -18.314032231538299 0.27776771835574365 608.59980232829014 -0.00058020449272787767 0.00055724824395700183 -8.3386510479155343e-05 0
3837 1 1 412992000 -157110465.63772404 -165783598.7756868 -19677896.252667822 12.873096969773272 -18.156543301938566 0.29654114651150476 608.5980190885308 -0.00058676796197610714 0.00055310303811156826 -8.1300311712247347e-05 0
3838 1 1 413078400 -155991799.91366884 -167345494.31401619 -19651468.217296254 13.021646462603925 -17.9983259017915 0.31519981258942092 608.59623214763292 -0.00059328446027115422 0.00054891093192536956 -7.9207715184439369e-05 0
3839 1 1 413164800 -154860376.22921616 -168893688.95859215 -19623433.027323637 13.168421640235245 -17.839395542412301 0.33374381676681192 608.59444148502303 -0.00059975378161300258 0.00054467236994176717 -7.7108937216819785e-05 0
3840 1 1 413251200 -153716347.49372938 -170428121.76849085 -19593800.584888346 13.313431555938703 -17.679767420889139 0.35217326811983107 608.59264708067133 -0.00060617571951229407 0.00054038779564753888 -7.5004192899634636e-05 0
3841 1 1 413337600 -152559865.83662111 -171948733.10247001 -19562580.782338124 13.456685210385873 -17.519456426404478 0.37048828412588231 608.59084891509713 -0.00061255006938766218 0.00053605764704454451 -7.2893693858304575e-05 0
3842 1 1 413424000 -151391082.61201847 -173455464.59263581 -19529783.501525119 13.598191548881722 -17.358477146454078 0.3886889901817156 608.58904696937293 -0.0006188766290329082 0.00053168235938310477 -7.0777647514282823e-05 0
3843 1 1 413510400 -150210148.40366128 -174948259.11864126 -19495418.613141973 13.737959458730035 -17.196843872963871 0.40677551913615423 608.58724122512047 -0.00062515519624871114 0.0005272623700335533 -6.8656261762336268e-05 0
3844 1 1 413596800 -149017213.03002286 -176427060.78241059 -19459495.976097602 13.87599776672546 -17.034570608306119 0.4247480108368285 608.58543166451136 -0.00063138557325926985 0.00052279811132553385 -6.6529746006899212e-05 0
3845 1 1 413683200 -147812425.54964161 -177891814.88337722 -19422025.436931621 14.012315236767654 -16.871671071216042 0.44260661169154203 608.58361827026943 -0.00063756755892844781 0.00051829001345561154 -6.4398303358990884e-05 0
3846 1 1 413769600 -146595934.26665419 -179342467.89423028 -19383016.829265915 14.146920567592819 -16.708158702609015 0.46035147424352613 608.58180102567439 -0.0006437009549292613 0.00051373850797017853 -6.2262135300572877e-05 0
3847 1 1 413856000 -145367886.73651952 -180778967.43715811 -19342479.973292489 14.279822390617099 -16.54404667129997 0.47798275675932062 608.57997991455863 -0.00064978556582888044 0.00050914402033243333 -6.012144359665213e-05 0
3848 1 1 413942400 -144128429.77192461 -182201262.26058289 -19300424.675296258 14.411029267888443 -16.379347879626067 0.49550062282987117 608.57815492131033 -0.0006558211959558864 0.00050450697632378934 -5.7976424112318224e-05 0
3849 1 1 414028800 -142877709.44886261 -183609302.21637619 -19256860.727211848 14.540549690142198 -16.214074968973144 0.51290524098384682 608.57632603087222 -0.0006618076516644721 0.00049982779924352618 -5.5827275296320712e-05 0
3850 1 1 414115200 -141615871.11287436 -185003038.23754796 -19211797.906213228 14.668392074956161 -16.048240325207264 0.53019678431259354 608.57449322874038 -0.00066774474194169792 0.00049510691351101167 -5.3674194031883857e-05 0
3851 1 1 414201600 -140343059.38544601 -186382422.31640127 -19165245.974335287 14.794564765001461 -15.881856084012856 0.54737543010749545 608.57265650096178 -0.0006736322738789478 0.00049034474134857246 -5.1517371108989237e-05 0
3852 1 1 414288000 -139059418.17055261 -187747407.48314321 -19117214.678126164 14.919076026385468 -15.714934136138698 0.56444135950846186 608.57081583414322 -0.00067947005463352736 0.00048554170028791569 -4.9356997558454887e-05 0
3853 1 1 414374400 -137765090.66134202 -189097947.78494677 -19067713.748329561 15.041934047082094 -15.547486132552654 0.58139475716279987 608.56897121544898 -0.00068525789555060903 0.00048069820765380956 -4.7193264802060867e-05 0
3854 1 1 414460800 -136460219.34695026 -190433998.26545238 -19016752.899596125 15.163146935446479 -15.379523489506088 0.59823581089504996 608.56712263259851 -0.00069099560896573268 0.00047581468045600748 -4.502636027903369e-05 0
3855 1 1 414547200 -135144946.01944184 -191755514.94470444 -18964341.83022267 15.282722718810653 -15.211057393509549 0.61496471138720632 608.56527007386228 -0.00069668300905010151 0.00047089153554466756 -4.2856470337400663e-05 0
3856 1 1 414633600 -133819411.78086802 -193062454.79951298 -18910490.221918892 15.400669342157027 -15.042098806221443 0.63158165186840909 608.56341352806464 -0.00070231990781065181 0.00046592918548867012 -4.068378218780721e-05 0
3857 1 1 414720000 -132483757.05043644 -194354775.74423531 -18855207.739600286 15.516994666866017 -14.872658469250474 0.64808682781479754 608.5615529845893 -0.00070790611974614974 0.00046092804276128544 -3.8508475685322862e-05 0
3858 1 1 414806400 -131138121.57178581 -195632436.61196756 -18798504.031206653 15.63170646953435 -14.702746908873259 0.6644804366585727 608.55968843337325 -0.00071344146254587832 0.00045588851677258062 -3.6330732705551145e-05 0
3859 1 1 414892800 -129782644.42036001 -196895397.13614106 -18740388.727545351 15.744812440861885 -14.532374440668239 0.68076267750539443 608.55781986490717 -0.0007189257515084306 0.0004508110194116998 -3.4150735331756968e-05 0
3860 1 1 414979200 -128417464.01087493 -198143617.93251476 -18680871.442158557 15.856320184603575 -14.361551174067236 0.69693375086105802 608.55594727023401 -0.00072435880481784489 0.00044569596181816891 -3.1968661108392419e-05 0
3861 1 1 415065600 -127042718.10487396 -199377060.48155883 -18619961.771213863 15.966237216583565 -14.190287016826796 0.71299385836669804 608.55407064094879 -0.00072974044076748077 0.00044054375035085372 -2.9784686313950049e-05 0
3862 1 1 415152000 -125658543.81836529 -200595687.1112189 -18557669.293417286 16.07457096376913 -14.018591679420016 0.72894320254175349 608.55218996920235 -0.0007350704781164916 0.00043535479151636991 -2.7598987097177795e-05 0
3863 1 1 415238400 -124265077.6295373 -201799460.98005912 -18494003.569948237 16.181328763401446 -13.846474679349718 0.74478198653484218 608.55030524769757 -0.00074034873714428067 0.00043012949284951078 -2.5411737973219197e-05 0
3864 1 1 415324800 -122862455.38654649 -202988346.0607717 -18428974.144415602 16.286517862180578 -13.673945345385235 0.76051041388248286 608.54841646968589 -0.00074557504245041 0.00042486825838726933 -2.32231105060172e-05 0
3865 1 1 415411200 -121450812.31537342 -204162307.12405154 -18362590.542834379 16.390145415502715 -13.50101282172368 0.77612868827504022 608.54652362896388 -0.00075074921659073254 0.00041957149376998653 -2.1033276157145871e-05 0
3866 1 1 415497600 -120030283.02774252 -205321309.72282648 -18294862.273622312 16.492218486747554 -13.327686072077032 0.79163701332957925 608.54462671988028 -0.00075587108060169738 0.00041423960266864985 -1.8842405754530534e-05 0
3867 1 1 415584000 -118601001.52910158 -206465320.17683634 -18225798.827615757 16.592744046612527 -13.153973883687183 0.80703559236976852 608.54272573733442 -0.0007609404611212371 0.0004088729825217113 -1.6650667770967508e-05 0
3868 1 1 415670400 -117163101.22665654 -207594305.55755746 -18155409.678104218 16.691728972492097 -12.979884871268888 0.82232462821261731 608.54082067677166 -0.00076595718351622701 0.00040347203776174744 -1.4458227629802111e-05 0
3869 1 1 415756800 -115716714.93745787 -208708233.6734643 -18083704.280883234 16.789180047900885 -12.805427480882186 0.83750432296141064 608.53891153418226 -0.00077092107164166107 0.00039803717208038869 -1.2265251051251802e-05 0
3870 1 1 415843200 -114261974.89653565 -209807073.05562195 -18010692.074324697 16.885103961937354 -12.630609993737281 0.85257487780443719 608.53699830610424 -0.00077583195304788328 0.00039256878314178893 -1.0071905075092281e-05 0
3871 1 1 415929600 -112799012.76507851 -210890792.94360548 -17936382.479464404 16.979507308786516 -12.455440529931858 0.86753649282025203 608.53508098962016 -0.00078068965601494418 0.0003870672698922714 -7.8783505490988173e-06 0
3872 1 1 416016000 -111327959.63865457 -211959363.27173874 -17860784.900106106 17.072396587259831 -12.279927052121645 0.88238936678873736 608.53315958234987 -0.0007854940124220357 0.00038153303408195208 -5.6847491974009799e-06 0
3873 1 1 416102400 -109848946.05547011 -213012754.65564716 -17783908.722941719 17.163778200371116 -12.104077369126564 0.89713369700707735 608.53123408245494 -0.00079024484748470172 0.00037596647489091976 -3.491263927344831e-06 0
3874 1 1 416188800 -108362102.00466365 -214050938.37912098 -17705763.317687191 17.253658454946134 -11.92789913947383 0.91176967911155815 608.52930448864277 -0.00079494199085971076 0.00037036799029659091 -1.2980531829923392e-06 0
3875 1 1 416275200 -106867556.9346323 -215073886.38127962 -17626358.037233468 17.342043561263015 -11.751399874878963 0.92629750690487156 608.52737080015731 -0.00079958527864627317 0.00036473797518357247 8.9472726458688498e-07 0
3876 1 1 416361600 -105365439.76138622 -216081571.24403673 -17545702.217812233 17.428939632767239 -11.574586943685663 0.94071737218769813 608.52543301751825 -0.00080417454042747312 0.00035907682949199343 3.0869177227272758e-06 0
3877 1 1 416448000 -103855878.87694657 -217073966.17984959 -17463805.179176021 17.514352685159388 -11.397467573939343 0.95502946459472371 608.52349113202786 -0.00080871693719898076 0.0003533883624806907 5.2783598661454415e-06 0
3878 1 1 416534400 -102339002.15781687 -218051045.01973429 -17380676.224792086 17.59828863617647 -11.220048856729091 0.96923397143971035 608.52154512678862 -0.00081321125426678893 0.00034767230185144942 7.46894377090652e-06 0
3879 1 1 416620800 -100814936.97340715 -219012782.20159775 -17296324.642049477 17.680753306433548 -11.04233774994591 0.98333107756393512 608.51959499535144 -0.00081765177254251539 0.00034192637339803221 9.6585465522662235e-06 0
3880 1 1 416707200 -99283810.194439188 -219959152.75886422 -17210759.702479307 17.761752418761848 -10.864341081258127 0.99732096518324242 608.51764073412858 -0.00082204189344384671 0.00033615255851017088 1.1847025896732099e-05 0
3881 1 1 416793600 -97745748.201431274 -220890132.30934826 -17123990.661987953 17.841291597746562 -10.686065551122361 1.0112038137415846 608.51568233787953 -0.00082637904245176641 0.00033035007339917745 1.4034250458076836e-05 0
3882 1 1 416880000 -96200876.893167749 -221805697.04440865 -17036026.761102714 17.919376370006365 -10.507517736071941 1.0249797997689367 608.51371980747842 -0.00083066150566252054 0.00032451858974852214 1.6220075138422381e-05 0
3883 1 1 416966400 -94649321.695178837 -222705823.71836868 -16946877.225229584 17.996012163816619 -10.328704091639821 1.0386490967418964 608.51175314612044 -0.00083488911397938854 0.00031865849421494489 1.840435334910154e-05 0
3884 1 1 417052800 -93091207.56824699 -223590489.63818836 -16856551.264923058 18.071204308935016 -10.149630955312597 1.0522118749472038 608.5097823586467 -0.00083906170472735806 0.00031277018060062324 2.0586938534642926e-05 0
3885 1 1 417139200 -91526659.016945302 -224459672.65338477 -16765058.076166853 18.144958035678872 -9.9703045491578219 1.0656683013702957 608.50780743822418 -0.00084319212140618045 0.00030685885755168393 2.2768015317623824e-05 0
3886 1 1 417225600 -89955800.098386779 -225313351.14612928 -16672406.840660332 18.217278470782723 -9.7907309812646375 1.0790185396866021 608.50582829978293 -0.0008473249632128272 0.00030094077127889918 2.4948779143821563e-05 0
3887 1 1 417312000 -88378754.431072548 -226151504.02156451 -16578606.726111801 18.288170643054752 -9.6109162507457491 1.0922627500019875 608.50384487524218 -0.00085140373100075692 0.00029499493127909142 2.7127781638787549e-05 0
3888 1 1 417398400 -86795645.203028873 -226974110.69862783 -16483666.886561139 18.357639486958433 -9.430866251819582 1.1054010886223884 608.50185717361671 -0.00085542801373266082 0.00028902160122279717 2.9304877057049754e-05 0
3889 1 1 417484800 -85206595.180236518 -227781151.10100371 -16387596.462706773 18.425689837612953 -9.2505867746830699 1.1184337080521993 608.49986519903121 -0.00085939781253977919 0.00028302122144571441 3.1479929963313226e-05 0
3890 1 1 417571200 -83611726.715129673 -228572605.64828068 -16290404.582242381 18.492326432842777 -9.0700835088819485 1.1313607567987463 608.4978689848532 -0.00086331324260202798 0.00027699424608219273 3.3652818205862562e-05 0
3891 1 1 417657600 -82011161.755793884 -229348455.24712217 -16192100.360174926 18.55755388712145 -8.8893620378140827 1.1441823803244602 608.49586817033742 -0.00086747896673195369 0.00027103610246682219 3.583598788669298e-05 0
3892 1 1 417744000 -80405021.856962219 -230108681.28211844 -16092692.899074487 18.62137670222733 -8.708427845175537 1.1568987206322865 608.49386217643087 -0.00087176094709609259 0.00026509912640862947 3.8025474232288797e-05 0
3893 1 1 417830400 -78793428.187866017 -230853265.60789132 -15992191.289450349 18.683799298404868 -8.5272863274714101 1.1695099149304291 608.49185071349405 -0.00087608537343018095 0.00025915796756989089 4.0218841303962497e-05 0
3894 1 1 417916800 -77176501.539766774 -231582190.54150039 -15890604.610154921 18.744826003659497 -8.3459427928236316 1.1820160958644645 608.48983360536636 -0.00088042209471551859 0.00025320200634189587 4.2415150674060698e-05 0
3895 1 1 418003200 -75554362.334032848 -232295438.85487229 -15787941.928780047 18.804461052883163 -8.1644024630013732 1.1944173914011007 608.4878107741165 -0.00088472049153064862 0.00024721569489212513 4.4612236953646739e-05 0
3896 1 1 418089600 -73927130.630303264 -232992993.7674081 -15684212.302061044 18.862708582273807 -7.9826704741756256 1.2067139249721381 608.48578214915938 -0.00088902174296008238 0.00024121029837551706 4.6812219770643075e-05 0
3897 1 1 418176000 -72294926.134880379 -233674838.93871534 -15579424.776283309 18.919572636959352 -7.800751881158039 1.2189058149116054 608.48374778857954 -0.00089330446685040711 0.00023517927104820921 4.901416783843071e-05 0
3898 1 1 418262400 -70657868.212848082 -234340958.46060118 -15473588.387484469 18.975057027904256 -7.6186516233146406 1.2309931824989131 608.4817055846039 -0.00089923229699716148 0.00022954555251867138 5.1312940889506077e-05 0
3899 1 1 418348800 -69016075.908069849 -234991336.84732103 -15366712.161200585 19.029165459307862 -7.43637456145931 1.2429761451844394 608.47965331266846 -0.00090527754299688326 0.00022389272191962505 5.3628976003627929e-05 0
3900 1 1 418435200 -67369667.942678556 -235625959.03145146 -15258805.113332335 19.081901623714622 -7.2539255051908773 1.2548548113227647 608.47759015774557 -0.00091191899501806789 0.0002183321270999344 5.5992559061888995e-05 0
3901 1 1 418521600 -65718762.725100793 -236244810.35766894 -15149876.250564618 19.133269116694169 -7.0713091911434969 1.2666292843034157 608.47551533712465 -0.0009186145009504273 0.00021272364288284519 5.8373186449352951e-05 0
3902 1 1 418608000 -64063478.357221015 -236847876.57689396 -15039934.57085767 19.183271399209833 -6.8885302776093464 1.2782996651458665 608.47342750264988 -0.00092639543743034953 0.00020729613850128462 6.0838953956425067e-05 0
3903 1 1 418694400 -62403932.649213083 -237435143.83885229 -14928989.063458715 19.231911794825212 -6.7055933459443331 1.2898660525546073 608.47132469426003 -0.0009351004963423803 0.00020198901830195397 6.3385912319123991e-05 0
3904 1 1 418780800 -60740243.14074441 -238006598.68374252 -14817048.708409773 19.279193102594519 -6.5225028247641665 1.3013285705588153 608.46919819879031 -0.0009500579446923953 0.0001978891404738261 6.6391924155120657e-05 0
3905 1 1 418867200 -59072527.141364649 -238562228.0302754 -14704122.474676318 19.325118132327873 -6.3392631082066098 1.3126873323234591 608.46704106138327 -0.0009654415821134663 0.00019368520809375818 6.9476895402527063e-05 0
3906 1 1 418953600 -57400901.725016527 -239102019.17432433 -14590219.3212444 19.369689074334527 -6.1558784410136527 1.3239424880262898 608.46483811212192 -0.00099342955795697217 0.00019171809130135112 7.3544825350981921e-05 0
3907 1 1 419040000 -55725483.811740257 -239625959.77030438 -14475348.191942498 19.412907873851275 -5.9723529938663047 1.3350941972559103 608.46257189298717 -0.0010232176707120199 0.00018969822516358309 7.7851047212443574e-05 0
3908 1 1 419126400 -54046390.10446655 -240134037.84164619 -14359518.020744048 19.454777365353593 -5.7886910864492522 1.346142545517732 608.46024062497395 -0.0010537075574082485 0.0001873914147445734 8.2319996773452429e-05 0
3909 1 1 419212800 -52363737.063584447 -240626241.78296527 -14242737.734603299 19.495300305772517 -5.6048969870836789 1.3570876114400094 608.45784284977196 -0.0010848977448920498 0.00018478360069911555 8.6955014848790759e-05 0
3910 1 1 419299200 -50677640.915812075 -241102560.35530427 -14125016.253888693 19.534479347693328 -5.4209749099842455 1.3679294687971806 608.45537700481123 -0.0011167858220898401 0.00018186063230138917 9.1759341135267414e-05 0
3911 1 1 419385600 -48988217.662903935 -241562982.68160522 -14006362.492827799 19.572317046057616 -5.2369290185706285 1.378668185948106 608.45284152790975 -0.001149368448986046 0.00017860830143845907 9.6736099008726283e-05 0
3912 1 1 419472000 -47295583.09007819 -242007498.24240673 -13886785.359979384 19.608815858372441 -5.0527634274491291 1.3893038257411439 608.45023485895285 -0.0011826413145932455 0.00017501236651043357 0.00010188829154562266 0
3913 1 1 419558400 -45599852.774426207 -242436096.87171122 -13766293.75871356 19.643978144916858 -4.8684822043690259 1.3998364454195116 608.44755544155078 -0.0012165991979370149 0.00017105857826788646 0.00010721879786024058 0
3914 1 1 419644800 -43901142.093304195 -242848768.75301993 -13644896.587700175 19.677806168941203 -4.6840893721528989 1.4102660965268028 608.44480172460203 -0.0012512359802208041 0.00016673272328016013 0.00011273036869144227 0
3915 1 1 419731200 -42199566.232708022 -243245504.41553393 -13522602.741405327 19.710302096866773 -4.4995889106027827 1.4205928248125734 608.44197216388386 -0.0012865446174019747 0.00016202063693587714 0.00011842562239035318 0
3916 1 1 419817600 -40495240.195630804 -243626294.73051852 -13399421.110596091 19.741467998478971 -4.3149847583837868 1.4308166701373701 608.43906522358384 -0.0013225172485788485 0.00015690824060794563 0.00012430703620257613 0
3917 1 1 419904000 -38788278.810405247 -243991130.90782964 -13275360.582853291 19.771305847078786 -4.1302808148813517 1.4409376663809497 608.43607937721492 -0.0013591454948026036 0.00015138159870318308 0.00013037697898465677 0
3918 1 1 419990400 -37078796.739030875 -244340004.49259946 -13150430.043092467 19.799817519724716 -3.9454809420478947 1.4509558413421317 608.43301310999129 -0.0013964191166866435 0.0001454267925657124 0.00013663757731302508 0
3919 1 1 420076800 -35366908.485479601 -244672907.3620818 -13024638.374093553 19.827004797409256 -3.7605889662219907 1.4608712166437798 608.42986492023351 -0.0014343280927886636 0.0001390301796064565 0.00014309090356885888 0
3920 1 1 420163200 -33652728.403992534 -244989831.7226519 -12897994.457038209 19.852869365165962 -3.5756086799213369 1.4706838076436604 608.42663331974029 -0.0014728613214222387 0.00013217826141636083 0.00014973885091266903 0
3921 1 1 420249600 -31936370.707362115 -245290770.10696167 -12770507.172055371 19.877412812263309 -3.3905438436281163 1.4803936233365831 608.42331683558416 -0.0015120069109911701 0.00012485773816075258 0.00015658315580397713 0
3922 1 1 420336000 -30217949.475199424 -245575715.3712486 -12642185.398775134 19.900636632358797 -3.2053981875536581 1.4900006662595759 608.41991401134783 -0.0015517522614059431 0.00011705552902659965 0.00016362540170783695 0
3923 1 1 420422400 -28497578.662188765 -245844660.6927956 -12513038.016890759 19.922542223642949 -3.0201754133855028 1.4995049323971883 608.41642340827616 -0.0015920840844697273 0.00010875880789964331 0.00017086701619058086 0
3924 1 1 420508800 -26775372.106317934 -246097599.56754223 -12383073.906730253 19.943130889273885 -2.8348791960354132 1.5089064110540638 608.41284361103931 -0.0016329884159279658 9.9955003395054218e-05 0.00017830927232386477 0
3925 1 1 420595200 -25051443.537210252 -246334525.80783835 -12252301.949823622 19.962403833304446 -2.6495131851215334 1.518205085223451 608.40917316313585 -0.0016745007445914597 9.0634566637620736e-05 0.00018595882345303524 0
3926 1 1 420681600 -23325906.584777575 -246555433.54032978 -12120731.029441088 19.980362161288348 -2.4640810067791019 1.5274009314593653 608.40541057552639 -0.0017165967862690559 8.0784019913408465e-05 0.00019381587828683623 0
3927 1 1 420768000 -21598874.787360486 -246760317.20402497 -11988370.031193208 19.997006888269947 -2.2785862658023475 1.5364939189159721 608.40155445070275 -0.0017592157389226413 7.0388987322975442e-05 0.00020187632136579414 0
3928 1 1 420854400 -19870461.599380273 -246949171.54852504 -11855227.843694404 20.012338940887066 -2.093032547258912 1.5454840089868467 608.39760351478799 -0.0018023411221318663 5.9438195983235102e-05 0.00021014075851314104 0
3929 1 1 420940800 -18140780.400499992 -247121991.63234198 -11721313.359060034 20.026359110224956 -1.9074234167243291 1.5543711607302488 608.39355588038836 -0.0018464691523614035 4.7934340443413598e-05 0.00021867011428909459 0
3930 1 1 421027200 -16409944.508062063 -247278772.82128993 -11586635.473020215 20.03906806488385 -1.7217624230681758 1.5631553294476566 608.3894092501431 -0.0018914031764193714 3.5852609175638788e-05 0.00022744603103253165 0
3931 1 1 421113600 -14678067.183891905 -247419510.78723675 -11451203.085687391 20.050466425830315 -1.5360531021987773 1.5718364578061863 608.38516208546901 -0.0019367660697293624 2.3171321314271853e-05 0.00023642682626975577 0
3932 1 1 421200000 -12945261.63874368 -247544201.50699931 -11315025.102625025 20.060554736472632 -1.3502989771278411 1.5804144790750227 608.38081313870305 -0.00198296245868627 9.8834138304596124e-06 0.00024566451692974904 0
3933 1 1 421286400 -11211641.052093187 -247652841.26126704 -11178110.434039267 20.069333090282178 -1.1645035596186519 1.5888893634761148 608.376355632686 -0.0020338485732794244 -4.0351955298240598e-06 0.00025564593337298414 0
3934 1 1 421372800 -9477318.6075214073 -247745426.63388252 -11040467.991978208 20.076801490644559 -0.97867035663033919 1.5972610744728166 608.37178288193684 -0.0020855653216422343 -1.8649589872438015e-05 0.00026590648759698991 0
3935 1 1 421459200 -7742407.4761801139 -247821954.51159379 -10902106.693926537 20.082960105958744 -0.79280287230517654 1.6055295369689502 608.36709227798326 -0.002138855837920482 -3.3989346536664025e-05 0.00027654629484252211 0
3936 1 1 421545600 -6007020.8231259184 -247882422.08372474 -10763035.463614251 20.087808930490493 -0.60690460691342418 1.6136946788056432 608.36227998908896 -0.0021936498457542737 -5.008632274109218e-05 0.00028756448888310791 0
3937 1 1 421632000 -4271271.8164822655 -247926826.84189692 -10623263.231504355 20.091347907486771 -0.42097905779840561 1.6217564151340602 608.35734288434264 -0.0022495353039767197 -6.6960430669349679e-05 0.00029891454311086065 0
3938 1 1 421718400 -2535273.6338636894 -247955166.57989079 -10482798.935629088 20.093576843756829 -0.23502972313902387 1.6297146595721632 608.35227719643115 -0.0023072888695022178 -8.4663868592305637e-05 0.00031070692038660222 0
3939 1 1 421804800 -799139.47321698593 -247967439.39371938 -10341651.521862919 20.094495526741266 -0.049060098885118114 1.637569308246237 608.34708035480639 -0.0023650798344485428 -0.00010315682060132719 0.00032270206237385707 0
3940 1 1 421891200 937017.45352697256 -247963643.68117201 -10199829.946527982 20.094103803040309 0.13692632419753198 1.6453202286855093 608.34175221720716 -0.0024227646665728299 -0.00012243419769244977 0.00033488042731127487 0
3941 1 1 421977600 2673083.9171519182 -247943778.14162305 -10057343.177768219 20.092401423528923 0.32292605538572655 1.652967280012505 608.33629264742399 -0.0024803247669889033 -0.00014249430485031167 0.00034723897790747905 0
3942 1 1 422064000 4408946.6627939446 -247907841.77610531 -9914200.1962665841 20.089388043678039 0.50893560230150114 1.6605103128283523 608.33070152129687 -0.0025377414377450113 -0.00016333513961854499 0.00035977460185291027 0
3943 1 1 422150400 6144492.4017298492 -247855833.88752201 -9770409.9959895667 20.085063224219788 0.69495146931085738 1.6679491690288892 608.32497873828606 -0.0025949961997718566 -0.00018495440990050569 0.00037248414603759989 0
3944 1 1 422236800 7879607.8031865517 -247787754.08099845 -9625981.5849428345 20.079426431024846 0.88097015589522309 1.6752836817233061 608.31912422081882 -0.0026520708692964611 -0.00020734954018540361 0.00038536442797974232 0
3945 1 1 422323200 9614179.4861442298 -247703602.26437408 -9480923.9859346095 20.072477035129662 1.0669881550308578 1.6825136751307805 608.3131379160908 -0.0027089456469720765 -0.00023051752911055861 0.00039841197240560828 0
3946 1 1 422409600 11348094.011144828 -247603378.64883468 -9335246.2373484131 20.064214312731643 1.2530019515643294 1.689638964479476 608.30701979747585 -0.0027656013001116932 -0.00025445508367649239 0.00041162330589278204 0
3947 1 1 422496000 13081237.87209183 -247487083.74968541 -9188957.3939235192 20.054637445068625 1.4390080205771254 1.6966593559195029 608.30076986422478 -0.0028220182638777351 -0.00027915855074622277 0.00042499483302235811 0
3948 1 1 422582400 14813497.488043699 -247354718.38726497 -9042066.5275435671 20.043745518369246 1.6250028257506861 1.7035746464238055 608.29438814238597 -0.002878176697982618 -0.00030462391434580422 0.00043852283505343336 0
3949 1 1 422668800 16544759.195002582 -247206283.68800166 -8894582.7280337885 20.031537523795865 1.8109828177261953 1.7103846236882791 608.28787468571443 -0.0029340563806000103 -0.0003308467753979791 0.00045220346136386268 0
3950 1 1 422755200 18274909.237698205 -247041781.08561087 -8746515.1039669216 20.018012357389143 1.9969444324601284 1.7170890660296172 608.2812295767161 -0.0029896367181195048 -0.0003578223310677406 0.00046603271867340221 0
3951 1 1 422841600 20003833.761366718 -246861212.32243484 -8597872.7834780496 20.003168820005278 2.1828840895744395 1.7236877422813262 608.27445292768584 -0.0030448967368264445 -0.00038554535767713037 0.00048000646692552727 0
3952 1 1 422928000 21731418.803524118 -246664579.45092595 -8448664.915088553 19.987005617257434 2.3687981907004358 1.7301804116872148 608.26754488191784 -0.0030998149630964734 -0.00041401019100405955 0.00049412040109534934 0
3953 1 1 423014400 23457550.285734866 -246451884.83527282 -8298900.6685393481 19.969521359458732 2.5546831178174476 1.7365668237922744 608.2605056150494 -0.0031543694422851007 -0.00044321069612353412 0.00050837004953951167 0
3954 1 1 423100800 25182114.005375445 -246223131.15317029 -8148589.2356331898 19.950714561564627 2.7405352315637361 1.7428467183435257 608.25333533643072 -0.0032085376729463445 -0.00047314037782619415 0.00052275081118924045 0
3955 1 1 423187200 26904995.627391774 -245978321.39773247 -7997739.831090264 19.930583643077053 2.9263508697013818 1.7490198250448885 608.24603429073591 -0.0032622969825152311 -0.00050379051307061274 0.00053725659371062283 0
3956 1 1 423273600 28626080.902421929 -245717458.84200653 -7846361.7314088121 19.90913254241158 3.1121272762306051 1.75508492144997 608.23869220264896 -0.0033156229908024872 -0.00053515524683821604 0.00055188710002195495 0
3957 1 1 423360000 30345253.357072845 -245440547.42106062 -7694463.8898515422 19.886281554069349 3.2978478584692117 1.7610547876605069 608.23006793880415 -0.004317076524487316 -0.00072451380986256284 0.00072585855624535882 0
3958 1 1 423446400 32062389.672619075 -245147592.51503557 -7542054.1588549959 19.862020197012086 3.4835068942002261 1.766930714837013 608.22002284561813 -0.0044824123963836905 -0.00078331911769356137 0.00076160751411808413 0
3959 1 1 423532800 33777371.8185945 -244838598.99163148 -7389141.3149210522 19.836415548535197 3.6691113740110026 1.7727009846997979 608.20965481323094 -0.0046600278747080956 -0.00084669056522254833 0.00080007781029845849 0
3960 1 1 423619200 35490083.325142585 -244513571.79174802 -7235734.4440550385 19.809458327446986 3.8546560565065566 1.7783665531305854 608.19884814601176 -0.0048547215013690602 -0.00091576448025235146 0.00084217479312958111 0
3961 1 1 423705600 37200407.149293073 -244172516.27513841 -7081842.5883438867 19.78114455475815 4.0401364956330994 1.7839274775609804 608.18757290881467 -0.0050577822091998374 -0.00098923485875633153 0.00088647251495739098 0
3962 1 1 423792000 38908225.907152407 -243815438.18798763 -6927474.7860062616 19.751469766119431 4.2255480881442686 1.7893838862769671 608.17579274097818 -0.0052824260785844243 -0.0010699232028515602 0.00093536913148009474 0
3963 1 1 423878400 40613421.793816149 -243442343.68347237 -6772640.0586935868 19.720429305611333 4.4108861356291236 1.7947359249116213 608.16346958125507 -0.0055170814694599285 -0.0011559076007650279 0.00098692094177655091 0
3964 1 1 423964800 42315876.616991296 -243053239.3211174 -6617347.4185964754 19.688018206071401 4.5961457983408716 1.7999837834539545 608.15056166161037 -0.0057761464375860423 -0.0012504819093121019 0.0010438043317184363 0
3965 1 1 424051200 44015471.715092212 -242648132.08975542 -6461605.8549347185 19.654231246038702 4.7813221163242305 1.8051276828641489 608.13702445497165 -0.0060472528462996626 -0.0013514552411691015 0.0011039049463365414 0
3966 1 1 424137600 45712088.002270527 -242227029.40474033 -6305424.3431389658 19.619063220627133 4.9664100473305126 1.8101678310943925 608.12281495424975 -0.0063420983204849546 -0.0014617565810925656 0.0011694716135715343 0
3967 1 1 424224000 47405605.891836219 -241789939.13169399 -6148811.8318448281 19.582508126327276 5.1514042922075545 1.8151045706883615 608.10787854040598 -0.0066570741057816905 -0.0015810656773160223 0.0012399819384250632 0
3968 1 1 424310400 49095905.296678938 -241336869.59394333 -5991777.2438682327 19.544560308332716 5.3362995393435462 1.8199381701524395 608.09216744688763 -0.006991515647243025 -0.0017096764971956252 0.0013154442342840653 0
3969 1 1 424396800 50782865.616438441 -240867829.58360752 -5834329.4745852789 19.50521331138183 5.5210901919355981 1.8246690399625041 608.07562213802305 -0.0073538055595337602 -0.0018501087369630254 0.0013975959234686123 0
3970 1 1 424483200 52466365.683281727 -240382828.3828336 -5676477.3824654249 19.464461022880936 5.7057706418103953 1.8292975157795672 608.05818983156109 -0.0077294175286445142 -0.0019992911789134525 0.0014838118570496888 0
3971 1 1 424569600 54146283.876682349 -239881875.74347928 -5518229.8119392125 19.422298830924998 5.8903355696656545 1.8338236319399108 608.03984336360952 -0.0081137806187197778 -0.0021563554702877965 0.0015732949000696907 0
3972 1 1 424656000 55822498.155514486 -239364981.88589031 -5359595.6009065732 19.378721160039717 6.0747793315663809 1.8382475936310727 608.02054114390535 -0.0085204733772486912 -0.00232518453619979 0.0016688003859398938 0
3973 1 1 424742400 57494885.95808243 -238832157.53166121 -5200583.5626344942 19.333722222313927 6.259096147739009 1.8425696314588926 608.00023937054505 -0.0089351329556546059 -0.0025023458166114156 0.0017676137892610687 0
3974 1 1 424828800 59163324.340470016 -238283413.87306038 -5041202.5146440901 19.287299209385843 6.4432809833237243 1.8467893625616423 607.97894429834446 -0.0093330481656829917 -0.0026810793184423084 0.001864808175580642 0
3975 1 1 424915200 60827690.220183924 -237718762.50934762 -4881461.330114115 19.239451151120083 6.6273293049233333 1.8509059909266643 607.95669392147227 -0.0097126918989307882 -0.002860583062877804 0.0019599075499296074 0
3976 1 1 425001600 62487866.841293581 -237138213.48621625 -4721370.3130059829 19.190336034251612 6.8112848108634703 1.8548849572215476 607.93615472082979 -0.010074561406684024 -0.003040760092732952 0.0020531397383616945 0
3977 1 1 425088000 64143677.718787365 -236541795.28281793 -4560927.1986444918 19.137723586151033 6.9944679903687366 1.8591980631154836 607.88053599937894 -0.037290216014246765 -0.011372075924626895 0.0078458517961743062 0
3978 1 1 425174400 65794763.290437318 -235929592.67593667 -4400090.8604510082 19.081626684728107 7.1768629075795323 1.8638458206024071 607.7900341177758 -0.037426207188262034 -0.011697714549947438 0.0079512679200168853 0
3979 1 1 425260800 67440948.833544612 -235301636.52235913 -4238858.991773745 19.024285908619262 7.3591294810990409 1.8683559754917298 607.70164863403033 -0.03755274517360415 -0.012023794334902043 0.0080555029934685756 0
3980 1 1 425347200 69082119.382443473 -234657940.29892519 -4077241.9636232853 18.965538427511866 7.5412155910982159 1.8727614166317474 607.61275244634896 -0.037669857395408728 -0.012350005920140419 0.0081585147955616655 0
3981 1 1 425433600 70718153.285336569 -233998519.80183107 -3915248.8579031839 18.905381620682896 7.7231165048230732 1.8770613389302293 607.52336114529123 -0.037777519313945816 -0.012676220805901393 0.0082602549952315741 0
3982 1 1 425520000 72348928.65959093 -233323391.23800874 -3752888.8269442213 18.843812765009393 7.9048274478625506 1.8812549172226303 607.43349041324939 -0.037875718655461126 -0.013002273627244551 0.0083606764780542134 0
3983 1 1 425606400 73974323.382792383 -232632571.22861329 -3590171.0952384854 18.780829032990727 8.0863436056981612 1.8853413062506104 607.34315602670506 -0.037964444150242853 -0.013328000366959239 0.0084597324355004978 0
3984 1 1 425692800 75594215.083694339 -231926076.81260246 -3427104.9611820122 18.716427491973974 8.2676601211193663 1.8893196405045289 607.25237385753655 -0.038043686048340603 -0.013653236534298943 0.0085573761161566141 0
3985 1 1 425779200 77208481.133094326 -231203925.45052218 -3263699.7988315918 18.650605103255568 8.4487720919689924 1.8931890340627258 607.16115987438184 -0.038113436271153267 -0.013977817087232369 0.0086535609847580748 0
3986 1 1 425865600 78816998.634631455 -230466135.02848923 -3099965.059675097 18.583358721168707 8.6296745688354619 1.8969485804323014 607.06953014384021 -0.038173688406354503 -0.014301576482499053 0.0087482405988468688 0
3987 1 1 425952000 80419644.415505975 -229712723.86237586 -2935910.2744161612 18.514685092180098 8.8103625527003704 1.9005973523804429 606.9775008319242 -0.038224437574091372 -0.014624348616628733 0.008841368657127634 0
3988 1 1 426038400 82016295.017119646 -228943710.70219851 -2771545.0547731775 18.444580853958016 8.9908309925331995 1.9041344017713584 606.88508820512766 -0.038265680858233453 -0.014945966954682342 0.0089328990425912146 0
3989 1 1 426124800 83606826.685634211 -228159114.73671788 -2606879.0952924374 18.373042534417412 9.1710747828378327 1.9075587593997825 606.79230863125895 -0.038297417094768513 -0.015266264393693402 0.0090227857714226187 0
3990 1 1 426211200 85191115.362448752 -227358955.59825212 -2441922.1751760128 18.30006655079999 9.3510887611603195 1.9108694348173603 606.69917858091537 -0.038319646658952322 -0.015585073269373743 0.0091109829942100946 0
3991 1 1 426297600 86769036.674596846 -226543253.36770734 -2276684.1601245087 18.225649208720231 9.5308677055383111 1.9140654161643209 606.60571462848793 -0.038332372032155268 -0.015902225423633391 0.0091974450817238484 0
3992 1 1 426384000 88340465.925059825 -225712028.57983172 -2111175.0041944385 18.149786701197709 9.7104063318973566 1.9171456699934635 606.51193345305398 -0.0383355973856256 -0.016217552145121647 0.0092821264842718586 0
3993 1 1 426470400 89905278.082997501 -224865302.22869611 -1945404.7516712444 18.07247510769697 9.8896992913935033 1.920109141091445 606.41785183944125 -0.038329328891977064 -0.016530884234514227 0.0093649818828989411 0
3994 1 1 426556800 91463347.773895681 -224003095.77340901 -1779383.5389562969 17.993710393183903 10.068741167649554 1.9229547523329285 606.32348667914869 -0.038313574401549172 -0.01684205216960601 0.0094459662613119808 0
3995 1 1 426643200 93014549.269622192 -223125431.14405343 -1613121.5964772 17.913488406844142 10.247526474517754 1.925681404205122 606.2288549713237 -0.038288346755726149 -0.017150880703793146 0.0095250319761091429 0
3996 1 1 426729600 94558757.333766133 -222232330.34508008 -1446629.4741188292 17.831826097276561 10.426059641973564 1.9282824319395473 606.13434610946399 -0.038253645551081288 -0.017457219132223558 0.0096021465295061028 0
3997 1 1 426816000 96095838.413965493 -221323819.5975059 -1279915.7461527816 17.748422063151164 10.604195344848844 1.9308342566153682 606.03476677916569 -0.041781527172069954 -0.019442997254963238 0.010610672057589268 0
3998 1 1 426902400 97625634.114149109 -220399937.19159514 -1112982.6783677114 17.663271243002878 10.781925251717334 1.9333365056438716 605.93010897009765 -0.041733622981397898 -0.019776965737333743 0.01069361744799157 0
3999 1 1 426988800 99148010.031732962 -219460710.70027173 -945838.93683872721 17.576665658535433 10.959380880338424 1.9357111271030334 605.82557761629369 -0.041675977419747698 -0.020108056856362303 0.010774452812099549 0
4000 1 1 427075200 100662839.29857135 -218506164.52629292 -778495.34848952049 17.488579466811611 11.13654654705584 1.937962383721157 605.72081995756605 -0.041608605274081639 -0.020436097888866977 0.010853140705012769 0
4001 1 1 427161600 102169993.78453006 -217536323.97979856 -610962.62570796651 17.399007886702933 11.313416278233458 1.9400890292568369 605.61585373675416 -0.041531526549413986 -0.020760913902425591 0.010929635021946115 0
4002 1 1 427248000 103669344.94110508 -216551214.89087379 -443251.58959093946 17.307946014683026 11.489984011210908 1.9420897935416188 605.51069681116417 -0.041444763232387799 -0.021082328956514015 0.011003891198251009 0
4003 1 1 427334400 105160763.7908037 -215550863.61738017 -275373.17201217235 17.215388823808208 11.66624359104334 1.9439633824297931 605.40536715320218 -0.041348339551120349 -0.021400166782329651 0.011075864880952869 0
4004 1 1 427420800 106644120.91643591 -214535297.05307394 -107338.41770321107 17.121331162667165 11.84218876714262 1.945708477582921 605.29988285098489 -0.041242281933837194 -0.021714250514519293 0.011145511936223875 0
4005 1 1 427507200 108119286.45031486 -213504542.63601691 60841.513647172462 17.025767754331405 12.017813189857781 1.9473237362562172 605.19426210902157 -0.041126619126807318 -0.022024402800020822 0.011212788406350618 0
4006 1 1 427593600 109586130.06336729 -212458628.35728586 229155.34527495343 16.928693195314327 12.193110406975276 1.9488077910841 605.08852324895429 -0.04100138207017049 -0.022330445706491227 0.011277650580351318 0
4007 1 1 427680000 111044520.95415372 -211397582.76998845 397591.68120452267 16.830101954523656 12.368073860125341 1.9501592498693887 604.98268471005326 -0.040866604202734899 -0.02263220096808647 0.011340055002626383 0
4008 1 1 427766400 112494327.83779779 -210321434.99859354 566139.00409400032 16.72998837221439 12.542696881107471 1.951376695368561 604.87676504966373 -0.040722321256892298 -0.022929489705975824 0.011399958453444884 0
4009 1 1 427852800 113935418.93482694 -209230214.74858162 734785.67306171253 16.628346658971047 12.716972688151225 1.9524586850702774 604.77078294413468 -0.040568571263525824 -0.023222132473517811 0.011457317923247843 0
4010 1 1 427939200 115367661.95992415 -208123952.31642246 903519.9214934539 16.525170894675103 12.89089438206709 1.9534037509742734 604.66475718928621 -0.040405394851772178 -0.023509949458406752 0.011512090673484205 0
4011 1 1 428025600 116790924.1105908 -207002678.5998899 1072329.8548306767 16.420455027481562 13.064454942308085 1.9542103993680273 604.55870670089723 -0.040232834999989468 -0.023792760268444842 0.011564234180912946 0
4012 1 1 428112000 118205072.05572256 -205866425.10871953 1241203.4483389768 16.314192872829768 13.237647222960083 1.9548771105953289 604.45265051569436 -0.04005093706697431 -0.024070383900103645 0.011613706136417452 0
4013 1 1 428198400 119609971.9241001 -204715223.9756178 1410128.5448567637 16.20637811245016 13.410463948620192 1.9554023388317123 604.34660779198907 -0.039859749008825211 -0.02434263893713582 0.011660464546786911 0
4014 1 1 428284800 121005489.29279241 -203549107.96763006 1579092.8525233697 16.09700429333791 13.582897710222609 1.9557845118229003 604.24059781022129 -0.039659321519773721 -0.024609343144620033 0.011704467488560187 0
4015 1 1 428371200 122391489.17548545 -202368110.49788785 1748083.9424981163 15.986064827163899 13.754940960276279 1.956022031050122 604.13463997342103 -0.03944970417518083 -0.024870318405989484 0.011745676994678191 0
4016 1 1 428457600 123767833.1169329 -201172267.51892754 1917090.1418540403 15.873481214371061 13.926539350928422 1.9561354736211771 604.02739206247168 -0.039230967103655479 -0.025125367564309518 0.011784034194616041 0
4017 1 1 428544000 125134408.9688514 -199961598.1999352 2086091.3239995027 15.760252043314095 14.098337944113055 1.9558123392697551 603.93794148651307 -0.026960446481688962 -0.017545578879648367 0.0080940125542562913 0
4018 1 1 428630400 126491186.53325595 -198736068.48659456 2255041.6152542508 15.646364368779533 14.270334355232343 1.9550502223224302 603.86627577072215 -0.026804825252404803 -0.017718964032405946 0.0081186063712104257 0
4019 1 1 428716800 127838051.60214004 -197495698.15597337 2423920.5027391431 15.530799710010131 14.441872435839343 1.9541577233757255 603.79331747185472 -0.026640625968008581 -0.01788642079526169 0.0081404806163769498 0
4020 1 1 428803200 129174862.29228151 -196240525.04140058 2592715.6288651037 15.413622863879244 14.612989964823237 1.9531110224873252 603.72045100949367 -0.026467904774810064 -0.018047781247720763 0.00815957451800043 0
4021 1 1 428889600 130501478.98308823 -194970585.85075265 2761413.5977485762 15.294826223893457 14.783678296870242 1.9519084291427791 603.64769671770182 -0.026286731687898433 -0.018202848396900333 0.0081758503254106413 0
4022 1 1 428976000 131817761.39078668 -193685918.04651147 2930000.8662713366 15.174402045133338 14.953928608547466 1.9505482255038837 603.57507506703746 -0.026097175792815733 -0.01835143119370294 0.008189266543239199 0
4023 1 1 429062400 133123568.55645929 -192386559.86141443 3098463.7416866422 15.052342444099562 15.123731892432568 1.9490286657521536 603.50260666705753 -0.025899308799641283 -0.018493337168070223 0.0081997819384909548 0
4024 1 1 429148800 134418758.83405 -191072550.31457669 3266788.3791936631 14.928639398238447 15.293078951855566 1.9473479758992081 603.430312268732 -0.025693205058899039 -0.018628372948807832 0.008207355494147469 0
4025 1 1 429235200 135703189.87833288 -189743929.22807729 3434960.7794937431 14.803284745561529 15.461960395452934 1.9455043535538183 603.35821276718752 -0.025478941255670871 -0.018756343950630527 0.0082119462182674297 0
4026 1 1 429321600 136976718.63285106 -188400737.24401894 3602966.786325844 14.676270184326258 15.630366631609585 1.9434959676792938 603.28632920486837 -0.025256596615418275 -0.018877054479413367 0.0082135132177712459 0
4027 1 1 429408000 138239201.3178291 -187043015.84207609 3770792.083981555 14.5475872727422 15.798287862752328 1.9413209583632836 603.21468277428301 -0.025026253058958947 -0.018990307768075931 0.0082120157662185084 0
4028 1 1 429494400 139490493.4180617 -185670807.3575404 3938422.1948003024 14.417227428729186 15.965714079514406 1.9389774365855903 603.14329482086589 -0.024787995135363849 -0.019095905815180548 0.0082074132122951522 0
4029 1 1 429580800 140730449.67078593 -184284154.99987581 4105842.4766439172 14.28518192977015 16.132635054792466 1.9364634839733932 603.07218684669408 -0.024541909743193587 -0.019193649147452054 0.0081996649227941889 0
4030 1 1 429667200 141958924.05354217 -182883102.87179321 4273038.1203501793 14.151441912795875 16.299040337641369 1.9337771525642602 603.00138051373369 -0.024288086822003421 -0.019283337244589343 0.0081887304227612479 0
4031 1 1 429753600 143175769.77202696 -181467695.98886037 4439994.1471664095 14.015998374115417 16.464919247013132 1.9309164645763424 602.93089764682713 -0.024026618956819262 -0.019364768186019416 0.0081745693283462924 0
4032 1 1 429840000 144380839.24794427 -180037980.29965669 4606695.4061627062 13.878842169463953 16.630260865388866 1.9278794121663216 602.86076023777275 -0.023757601311522963 -0.019437738480549881 0.0081571412605989969 0
4033 1 1 429926400 145573984.10686442 -178594002.70648524 4773126.5716241356 13.739964014096804 16.795054032246725 1.9246639571887723 602.79099044907832 -0.023481132061644421 -0.019502043279970151 0.0081364059154798406 0
4034 1 1 430012800 146755055.16609216 -177135811.08665472 4939272.1404216792 13.5993544829516 16.959287337417109 1.9212680309373402 602.72161061819293 -0.023197312000072651 -0.019557475754466216 0.008112322884534659 0
4035 1 1 430099200 147923902.42256287 -175663454.31434831 5105116.4293675991 13.457004011174281 17.12294911406914 1.9176895341021962 602.65264326217846 -0.0229062424707186 -0.019603829556509623 0.0080848536138097438 0
4036 1 1 430185600 149080373.13760892 -174176983.96369335 5270644.2736635413 13.312855691250149 17.285985749454643 1.9139437251506368 602.5831075945996 -0.022608039009513407 -0.01964088791648531 0.0080539485652708059 0
4037 1 1 430272000 150224331.41398597 -172676437.05865538 5435833.8140976951 13.167560876106572 17.448968295056318 1.9097850198275537 602.52707564087405 -0.014401770367239993 -0.012691313974412139 0.0051088211387303704 0
4038 1 1 430358400 151355694.78448263 -171161803.54061717 5600642.9492377443 13.021105752862765 17.611889064783142 1.9052105022450145 602.48457554890604 -0.014140443865772061 -0.012648808970953223 0.0050621909826043948 0
4039 1 1 430444800 152474325.08444703 -169633121.92369857 5765049.3418574072 12.872815339891318 17.774156378319912 1.9004607471767383 602.44158812932903 -0.013871686893743134 -0.012595498186868649 0.005011758796447799 0
4040 1 1 430531200 153580065.49188238 -168090447.3222487 5929036.955070884 12.722726890312137 17.935798549918342 1.8955161548292641 602.3991438565065 -0.013595568924940224 -0.012531080650924474 0.0049574448440209166 0
4041 1 1 430617600 154672760.20861864 -166533834.32142836 6092588.8560152343 12.57083001734569 18.096802268600324 1.8903744294586098 602.35727042377505 -0.013312161738091981 -0.012455232923303866 0.0048991810071973372 0
4042 1 1 430704000 155752252.53368959 -164963338.6693885 6255687.9119385798 12.417114210108695 18.257153923087756 1.8850332395761022 602.31599600629772 -0.013021532897081359 -0.01236762168863448 0.0048368934092900152 0
4043 1 1 430790400 156818384.85271457 -163379017.30351883 6418316.7870689826 12.261568836020523 18.416839594889357 1.8794902170250596 602.27534929618605 -0.012723746793598348 -0.012267899473547318 0.0047705047774285496 0
4044 1 1 430876800 157870998.62748879 -161780928.37727597 6580457.9394180542 12.104183143290212 18.575845051690386 1.8737429563136279 602.23535954120644 -0.012418863991288184 -0.012155703367029874 0.0046999339124298789 0
4045 1 1 430963200 158909934.38580114 -160169131.28758445 6742093.6175235761 11.944946263658165 18.734155740727186 1.8677890138754198 602.19605658711691 -0.012106940662968448 -0.012030653433591772 0.0046250953140576055 0
4046 1 1 431049600 159935031.71149924 -158543686.70280692 6903205.8571258076 11.783847215433882 18.89175678223911 1.8616259072675991 602.15747092496815 -0.01178802741612427 -0.011892350446714758 0.004545898552529873 0
4047 1 1 431136000 160946129.23483184 -156904656.59127644 7063776.4777712589 11.620874906844341 19.048632963016839 1.8552511142973322 602.11963374375841 -0.011462168613561172 -0.011740373933378463 0.0044622477633837077 0
4048 1 1 431222400 161943064.62309399 -155252104.25038081 7223787.0793379322 11.456018139708863 19.204768730070004 1.8486620720726037 602.08257698885507 -0.011129401091314465 -0.011574279512060505 0.0043740409420640987 0
4049 1 1 431308800 162925674.57160535 -153586094.33618721 7383219.038474801 11.289265613470983 19.360148184463554 1.8418561759675891 602.0463334270637 -0.010789753215704776 -0.011393596239597195 0.0042811693047067421 0
4050 1 1 431395200 163893794.79505119 -151906692.89359152 7542053.504948373 11.120605929592182 19.514755075343558 1.8348307785054165 602.01093671860997 -0.010443243585515431 -0.011197823528495592 0.0041835165700967233 0
4051 1 1 431481600 164847260.01922262 -150213967.38697255 7700271.3978882581 10.950027596385361 19.668572794240571 1.8275831881303037 601.97642149788453 -0.010089879290960533 -0.010986427328475263 0.004080957968160541 0
4052 1 1 431568000 165785903.97319311 -148507986.73132524 7857853.4019214986 10.777519034280013 19.82158436967579 1.8201106678664469 601.94282346317357 -0.0097296547781764286 -0.010758836574673457 0.0039733594565968221 0
4053 1 1 431654400 166709559.38196859 -146788821.32384562 8014779.9631866533 10.603068581531984 19.973772462102264 1.8124104338718801 601.91017947582384 -0.0093625500539808709 -0.01051443880946339 0.00386057678819187 0
4054 1 1 431740800 167618057.95965171 -145056543.07593507 8171031.2852173299 10.426664500433883 20.12511935928919 1.8044796538591372 601.87852767073025 -0.0089885289265349694 -0.010252575281773911 0.0037424544387880542 0
4055 1 1 431827200 168511230.40317124 -143311225.44558594 8326587.3246866213 10.248294984192974 20.275606972078148 1.7963154454808929 601.84790757859162 -0.0086075359763429227 -0.0099725369569251075 0.003618825493365228 0
4056 1 1 431913600 169388905.03871739 -141552945.08338949 8481428.3709350731 10.067914733553726 20.425176818610922 1.7879293569238737 601.81753008645899 -0.0082195040091527505 -0.0096735551518848609 0.0034895061349933983 0
4057 1 1 432000000 170250921.76197034 -139781765.19874248 8635529.0052842014 9.8859818674516813 20.574372035693894 1.7791148987036864 601.79910324415823 -0.0022357067654718084 -0.0026657993202841815 0.00093318227171273885 0
4058 1 1 432086400 171097157.28281319 -137997705.1446386 8788847.1077445615 9.7024584314103777 20.723150172915339 1.7698785507306258 601.79212314241613 -0.0021680189972439899 -0.0026264090994270483 0.00091481987231599156 0
4059 1 1 432172800 171927445.7701157 -136200834.75565535 8941358.0823314525 9.516837733071835 20.870906539685755 1.7604299989873471 601.78444022246151 -0.0021005708664265004 -0.002585632999377595 0.00089616716433266663 0
4060 1 1 432259200 172741607.08062777 -134391241.3855803 9093042.7981574181 9.3291419478946427 21.017659728368272 1.7507518140050504 601.7769267706434 -0.0020334095146364679 -0.0025434990569818045 0.00087722746255846653 0
4061 1 1 432345600 173539461.35448128 -132569012.7267672 9243881.3169504628 9.1393578201908809 21.163386086669984 1.7408417239685432 601.76958432952233 -0.0019665829074982759 -0.0025000301555924216 0.00085801524689995291 0
4062 1 1 432432000 174320827.58493569 -130734238.5393817 9393853.503057234 8.9474720588720427 21.30806139875326 1.7306974316207306 601.76241435767565 -0.0019001369747071314 -0.0024552509236571928 0.00083854236234733156 0
4063 1 1 432518400 175085523.61563426 -128887010.70063865 9542939.0212328788 8.7534713447774291 21.451660872594282 1.7203166140585777 601.75541823191134 -0.0018341165219105298 -0.0024091860214069927 0.00081882063778476689 0
4064 1 1 432604800 175833366.13850436 -127027423.25513121 9691117.3344293833 8.5573423382896632 21.594159127283852 1.7096969228296752 601.74859724934083 -0.0017685652761831859 -0.0023618603193962901 0.00079886176997539312 0
4065 1 1 432691200 176564170.69233426 -125155572.46626784 9838367.7015920859 8.3590716873464483 21.735530180090056 1.6988359840287692 601.74195262929481 -0.0017035258951779936 -0.0023132988595004011 0.00077867732373782634 0
4066 1 1 432777600 177277751.66205755 -123271556.86883672 9984669.1754657626 8.158646035858844 21.875747433301111 1.6877313984239273 601.7354855151284 -0.0016390400324773689 -0.00226352694550017 0.00075827876575201131 0
4067 1 1 432864000 177973922.27878457 -121375477.32271634 10130000.600412998 7.9560520325479827 22.014783660843335 1.6763807416134777 601.72919697578538 -0.0015751484119185194 -0.002212570167778035 0.0007376774700482867 0
4068 1 1 432950400 178652494.62061521 -119467437.06775218 10274340.610247407 7.7512763402186282 22.152610994677762 1.6647815642151269 601.72308800715905 -0.0015118908932810456 -0.0021604544854899907 0.00071688475177775592 0
4069 1 1 433036800 179313279.61427256 -117547541.77981819 10417667.626084799 7.544305645488091 22.289200910969907 1.6529313920914996 601.71715953314447 -0.001449306553022098 -0.0021072063390523599 0.00069591190441586925 0
4070 1 1 433123200 179956087.03759766 -115615899.62808332 10559959.854215501 7.335126668984878 22.424524216030672 1.6408277266159716 601.71141240628538 -0.0013874338021102859 -0.0020528527873430631 0.00067477025762162064 0
4071 1 1 433209600 180580725.52294624 -113672621.33350213 10701195.284001404 7.1237261760439505 22.558551032038871 1.6284680449766871 601.70584740817594 -0.0013263103944439608 -0.0019974215476083685 0.00065347117193138642 0
4072 1 1 433296000 181187002.56153178 -111717820.22854884 10841351.685800964 6.9100909879125423 22.691250782536212 1.6158498005246964 601.70046524938914 -0.0012659736255092504 -0.0019409412919506577 0.00063202614597399531 0
4073 1 1 433382400 181774724.50875938 -109751612.31821471 10980406.608926652 6.6942079934798828 22.822592177684662 1.6029704231741186 601.69526656867345 -0.0012064604303374409 -0.0018834418525234431 0.00061044687910297591 0
4074 1 1 433468800 182343696.59084547 -107774116.34188575 11118337.379509721 6.4760641677368307 22.952543209301904 1.5898273166436676 601.69025211849612 -0.0011478074266448564 -0.0018249543417607219 0.00058874530376923915 0
4075 1 1 433555200 182893722.91024476 -105785453.84019057 11255121.099584453 6.255646499022812 23.081070997589801 1.5764179033022296 601.68542017990126 -0.001091082326456422 -0.0017671818588293059 0.00056746951441167225 0
4076 1 1 433641600 183424606.4447962 -103785749.23538089 11390734.650119836 6.0329419911929003 23.208141749804149 1.5627396324324945 601.68076611431104 -0.0010364489978035305 -0.0017104641899828013 0.00054672210391520698 0
4077 1 1 433728000 183936149.05443594 -101775129.90362448 11525154.691002663 5.8079377706716633 23.333720886740238 1.5487899344992377 601.67628505774121 -0.00098383998708755733 -0.0016547765586842681 0.00052648696010400731 0
4078 1 1 433814400 184428151.49391469 -99753726.241145477 11658357.658646019 5.5806211369359113 23.457773087339085 1.5345662026894462 601.67197303057935 -0.00093293574147526408 -0.0015996579096462136 0.00050661167339909063 0
4079 1 1 433900800 184900413.4281497 -97721671.729364246 11790319.762925528 5.350979550875901 23.58026222883219 1.520065807827168 601.66782611128269 -0.00088400592971350116 -0.001545639167455584 0.00048725881119979437 0
4080 1 1 433987200 185352733.44410452 -95679103.009577006 11921016.986769397 5.1190006000294312 23.701151282030278 1.5052861269591047 601.6638388060212 -0.00083740690108403243 -0.0014934473493562921 0.00046864800279262611 0
4081 1 1 434073600 185784909.0603478 -93626159.96610792 12050425.087993884 4.8846719542311128 23.820402176249804 1.4902245806016992 601.66000191881562 -0.00079402232424283356 -0.001444826160811053 0.00045131184313946425 0
4082 1 1 434160000 186196736.73956183 -91562985.808893159 12178519.60055472 4.6479815762238141 23.937976126766529 1.4748785262174824 601.65630881191805 -0.00075189101072891664 -0.0013963761230749118 0.00043418033824324103 0
4083 1 1 434246400 186588011.92290923 -89489727.120645285 12305275.82441288 4.4089178089497381 24.053833752255233 1.459245218135254 601.65275779150534 -0.00071108112390875231 -0.0013482585889161849 0.0004173008207009304 0
4084 1 1 434332800 186958529.05283907 -87406533.92843008 12430668.822711509 4.1674691856256061 24.167934683527847 1.4433219256115155 601.6493452793726 -0.00067203299780248227 -0.0013013685088466571 0.00040094501747813194 0
4085 1 1 434419200 187308081.59145686 -85313559.787910536 12554673.422536746 3.9236245059250439 24.280237649373042 1.427105902073289 601.64606766464237 -0.00063428665024452323 -0.0012548953513415815 0.00038485847962903855 0
4086 1 1 434505600 187636462.04749021 -83210961.856187075 12677264.21180976 3.677372892854728 24.390700529294765 1.4105943649821411 601.6429225407486 -0.00059785229955074788 -0.0012089065597190424 0.00036905853394196379 0
4087 1 1 434592000 187943462.00275877 -81098900.970411479 12798415.537628997 3.4287037704485179 24.499280253515902 1.3937845228223729 601.6399072013146 -0.00056276678611575119 -0.0011635295046567079 0.00035358037959444381 0
4088 1 1 434678400 188228872.13925567 -78977541.730394438 12918101.505507987 3.1776068901741179 24.605932792170574 1.3766735745585581 601.6370187446945 -0.00052902985745902694 -0.0011188235372374756 0.00033843807837157121 0
4089 1 1 434764800 188492482.268686 -76847052.581847876 13036295.978480576 2.9240723595690228 24.710613147872024 1.3592587082048662 601.63425423522176 -0.00049662088838115068 -0.0010748081679448553 0.00032363349650179767 0
4090 1 1 434851200 188734081.36433324 -74707605.900633678 13152972.57619899 2.6680906669187232 24.81327533843859 1.3415371025009661 601.6316106887208 -0.00046553945143637461 -0.0010315482557057218 0.00030918204617568244 0
4091 1 1 434937600 188953457.59498009 -72559378.078767732 13268104.674260218 2.4096527057290089 24.913872376857412 1.3235059295206515 601.62908500900619 -0.00043578220100899874 -0.0009891070834739397 0.00029509840376586003 0
4092 1 1 435024000 189150398.36110482 -70402549.611918569 13381665.403691107 2.1487498023367118 25.01235625552285 1.3051623561039722 601.62667399855616 -0.00040734273783764937 -0.00094754583432359572 0.00028139637441930491 0
4093 1 1 435110400 189324690.33419606 -68237305.186581925 13493627.650067046 1.8853737616618684 25.108677972321125 1.2865035331155015 601.62437508552534 -0.00038021149474907231 -0.00090692307608088532 0.00026808874516596191 0
4094 1 1 435196800 189476119.49269757 -66063833.782872297 13603964.056976041 1.6195166700200219 25.202786963689586 1.2675267595611053 601.62217685469477 -0.00035723968885229473 -0.00087430362561592354 0.00025724954364814189 0
4095 1 1 435283200 189604471.13529208 -63882328.841945171 13712647.048182048 1.3511707275918321 25.294630548668778 1.2482296405834123 601.62004990909668 -0.00034057602833432885 -0.00085573912330877855 0.00025061754409571885 0
4096 1 1 435369600 189709529.90782875 -61692988.414326414 13819648.843590591 1.0803287526549916 25.384155013593237 1.2286097621375522 601.61796589674327 -0.00032732959989795446 -0.00084493027238658012 0.00024629043070588218 0
4097 1 1 435456000 189791079.87707749 -59496015.202339716 13924941.443767825 0.80698449020496621 25.471306306868854 1.2086644863429155 601.61590960263936 -0.00031605361464244952 -0.00083869807709269955 0.00024331696998145303 0
4098 1 1 435542400 189848904.60472256 -57291616.605753474 14028496.615542619 0.53113251001531758 25.556029751139597 1.1883910382285674 601.61387410515442 -0.00030531442045096094 -0.00083353051721559335 0.00024066786363857804 0
4099 1 1 435628800 189882787.21782136 -55080004.780713476 14130285.881581312 0.25276815771963596 25.638269846294264 1.1677865628418769 601.61185758575743 -0.00029489066761694883 -0.00082890595184985762 0.00023818901637458128 0
4100 1 1 435715200 189892510.47127137 -52861396.726907134 14230280.518089073 -0.028112529086445095 25.717969948589644 1.1468482168412519 601.6098580937271 -0.00028491645323194467 -0.00082526826959781357 0.00023600096973543149 0
4101 1 1 435801600 189877856.80738613 -50636014.392397389 14328451.557456188 -0.31151282148148729 25.795072139593945 1.1255732041343418 601.60787158592802 -0.00027568805589666317 -0.00082360117164644747 0.00023437534415254798 0
4102 1 1 435888000 189838608.41918862 -48404084.779184327 14424769.791009089 -0.59743518687767416 25.869517421255892 1.1039587200407326 601.60589542882428 -0.0002664906287200917 -0.00082189731637022107 0.00023274301478315318 0
4103 1 1 435974400 189774547.32453313 -46165840.028187491 14519205.765919179 -0.88588122379885625 25.941245782022285 1.0820019324837726 601.60392970620023 -0.000257325710122536 -0.00082016379639835476 0.00023110584508190596 0
4104 1 1 436060800 189685455.4396024 -43921517.51697503 14611729.785699986 -1.1768516793787696 26.010196014420934 1.0597000333804292 601.60197435387067 -0.00024818545378436783 -0.00081837777221969857 0.00022945717227275725 0
4105 1 1 436147200 189571114.6543546 -41671359.963791214 14702311.912469188 -1.4703464086799756 26.076305688189322 1.0370502459976589 601.6000289117701 -0.00023916937230587698 -0.00081687980886787389 0.00022788929913903749 0
4106 1 1 436233600 189431306.9112317 -39415615.534947224 14790921.970149893 -1.7663643320339806 26.139511124615851 1.0140498323938192 601.59809228421943 -0.00023029953424892589 -0.00081578652427646392 0.00022643212825798286 0
4107 1 1 436320000 189265814.28877774 -37154537.950493164 14877529.547260309 -2.0649033661593159 26.199747457572961 0.99069607775899537 601.59616391556165 -0.00022142348868609815 -0.0008145906902750934 0.00022494699005850337 0
4108 1 1 436406400 189074419.09088787 -34888386.585617602 14962103.998652235 -2.3659603733148056 26.256948633204768 0.9669862920544634 601.59424393109737 -0.00021254038432760476 -0.00081328361897520577 0.00022343149007023229 0
4109 1 1 436492800 188856903.9393383 -32617426.576207053 15044614.448530031 -2.6695311246417801 26.311047352848099 0.94291782742435604 601.5923323293041 -0.00020366912119811805 -0.00081193440255370494 0.00022190408660713345 0
4110 1 1 436579200 188613051.87031186 -30341928.926837284 15125029.794310821 -2.9756102469418093 26.36197506599213 0.91848808241991542 601.5904289850987 -0.00019481385575946674 -0.00081056253994023903 0.00022036962319659743 0
4111 1 1 436665600 188342646.43575373 -28062170.618678793 15203318.710686879 -3.2841911645471713 26.409661977965666 0.8936945028472969 601.58853387356908 -0.00018595201317856747 -0.00080907433498171024 0.00021880307761248493 0
4112 1 1 436752000 188045471.80974963 -25778434.716929231 15279449.653838445 -3.5952660427738952 26.45403704644546 0.86853458618487944 601.58664708963261 -0.00017708527677110392 -0.00080746924139231651 0.00021720437004288146 0
4113 1 1 436838400 187721312.89969552 -23491010.479205143 15353390.866226908 -3.9088257316560635 26.495027970336828 0.8430058885839139 601.58476872177494 -0.00016821524874485779 -0.00080574622885051989 0.00021557327839039569 0
4114 1 1 436924800 187369955.46251407 -21200193.464442316 15425110.381898608 -4.2248597061536879 26.532561185946516 0.81710603054571673 601.58289882178065 -0.00015934906303102098 -0.00080393259123833958 0.0002139172600218491 0
4115 1 1 437011200 186991186.22612321 -18906285.64203291 15494576.032281477 -4.5433560038304703 26.566561867984994 0.79083270193644206 601.58103742729281 -0.00015048439837673142 -0.00080201025131315532 0.00021223135275261291 0
4116 1 1 437097600 186584793.01641265 -16609595.5005944 15561755.452368623 -4.8643011603673578 26.596953933852493 0.76418366682318473 601.57918461006136 -0.00014162136357845283 -0.00079997100459082307 0.00021051343989864695 0
4117 1 1 437184000 186150564.88981777 -14310438.156557551 15626616.087403504 -5.1876801441458786 26.623660045010929 0.73715676984282952 601.57734044770257 -0.00013276183388452961 -0.0007978152341390377 0.0002087636750174082 0
4118 1 1 437270400 185688292.27164087 -12009135.46249947 15689125.200110437 -5.5134762885897395 26.646601611819015 0.7097499423877891 601.57550502036793 -0.00012390697192084829 -0.00079553839932999001 0.00020698078984588157 0
4119 1 1 437356800 185197767.10030806 -9706016.1149298586 15749249.878460091 -5.8416712224983378 26.66569880083814 0.68196120895418044 601.57367841391556 -0.00011505854566558392 -0.00079313908562661756 0.00020516442898835756 0
4120 1 1 437443200 184678782.97772437 -7401415.7613863926 15806957.044004865 -6.1722447985399551 26.680870543804708 0.65378869391167982 601.57186071438616 -0.00010621850350424522 -0.00079061677456680822 0.00020331449626372831 0
4121 1 1 437529600 184131135.32589117 -5095677.1066398863 15862213.460806737 -6.5051750197697213 26.692034549255332 0.62523062845815702 601.57005200736239 -9.7388812768831333e-05 -0.00078797084013992825 0.0002014308580111059 0
4122 1 1 437616000 183554621.54995716 -2789150.0177849201 15914985.744977055 -6.840437964228733 26.699107316695724 0.59628535784085424 601.56825237800206 -8.8571493665599992e-05 -0.0007852008287016944 0.00019951342368349496 0
4123 1 1 437702400 182949041.20786437 -482191.62799344945 15965240.374852773 -7.1780077076492308 26.702004153421321 0.56695134886508236 601.56646191095103 -7.9768593425264507e-05 -0.00078230621412464063 0.00019756208240282572 0
4124 1 1 437788800 182314196.18675494 1824833.561306332 16012943.701833719 -7.5178562442865511 26.700639194166126 0.5372271976909716 601.56468069035361 -7.0982200806599761e-05 -0.00077928657584736536 0.00019557674630430884 0
4125 1 1 437875200 181649890.88629687 4131553.5800761296 16058061.961906396 -7.8599534059101126 26.694925423734812 0.5071116379266104 601.56290879975393 -6.2214437997438826e-05 -0.00077614150162435484 0.00019355732373429191 0
4126 1 1 437961600 180955932.40908733 6437588.8914050451 16100561.287879769 -8.2042667789911015 26.684774702807811 0.47660354901854884 601.56114632211938 -5.3467463461617074e-05 -0.0007728706255921608 0.00019150373307649329 0
4127 1 1 438048000 180232130.7582877 8742552.2956192177 16140407.722359205 -8.5507616201365302 26.67009779707012 0.44570196495132797 601.55939333952529 -4.4743490134783903e-05 -0.0007694740024482389 0.0001894160019837487 0
4128 1 1 438134400 179478299.04263783 11046048.837051732 16177567.231487399 -8.8994007698312227 26.650804409653087 0.41440608331287898 601.557649929381 -3.6044821193190199e-05 -0.00076595397187416328 0.00018729477810232149 0
4129 1 1 438220800 178694253.68899521 13347675.713785084 16212005.719479078 -9.2501445645275862 26.62680321776897 0.38271527453924703 601.55591616815377 -2.7373566657142596e-05 -0.00076230783531940527 0.00018513931463139965 0
4130 1 1 438307200 177879814.66253725 15647022.190742409 16243689.043963512 -9.6029507471898121 26.59800191325434 0.35062909147360238 601.55419213494986 -1.8732006706347361e-05 -0.00075853522796826532 0.00018294950883794518 0
4131 1 1 438393600 177034805.6947549 17943669.516429555 16272583.032174325 -9.9577743763956086 26.564307246827848 0.31814727934905696 601.55247790866747 -1.0122464204075412e-05 -0.00075463544637768408 0.00018072516241612966 0
4132 1 1 438480000 176159054.51936099 20237190.843697999 16298653.498012111 -10.314567734066351 26.525625076847849 0.28526978603431635 601.55077356797131 -1.5473100980453717e-06 -0.00075060837729467309 0.00017846622975096425 0
4133 1 1 438566400 175252393.11622396 22527151.15491109 16321866.260006644 -10.673280231953344 26.481860422556203 0.2519967726036923 601.54907919053267 6.9910476175323466e-06 -0.00074645395626543837 0.00017617267569967099 0
4134 1 1 438652800 174314657.96343106 24813107.191918418 16342187.160204636 -11.033858317010102 26.4329175221607 0.21832862419206583 601.54739485376308 1.5490173692752925e-05 -0.00074217216885981668 0.00017384447194785022 0
4135 1 1 438739200 173345690.29757166 27094607.391238589 16359582.084014492 -11.396245375762796 26.37869989514849 0.18426596134684112 601.54572062398734 2.3947952572828433e-05 -0.00073777076320286886 0.00017148360992554903 0
4136 1 1 438825600 172345336.38231796 29371191.824865442 16374016.98104039 -11.760381637906125 26.319110410912582 0.14980965138371036 601.54405656361087 3.2361830577218389e-05 -0.00073324423438018082 0.00016908858744735722 0
4137 1 1 438912000 171313447.78536177 31642392.147292543 16385457.886895375 -12.126204079299265 26.25405136315112 0.11496081994328423 601.54240274425024 4.0729200272016184e-05 -0.00072859051256839809 0.00016665881839564731 0
4138 1 1 438998400 170249881.66375476 33907731.549128979 16393870.946046066 -12.493646324482592 26.183424548537658 0.079720863191936595 601.54075923851929 4.9047497502920513e-05 -0.00072380979141447254 0.00016419431047913293 0
4139 1 1 439084800 169154501.05768228 36166724.717777573 16399222.435719727 -12.862638548971145 26.107131351589796 0.044091460206494751 601.5391261175622 5.7314130934433123e-05 -0.00071890233212319559 0.00016169507944091625 0
4140 1 1 439171200 168027175.19268072 38418877.805715322 16401478.79089063 -13.233107381562988 26.025072835757669 0.0080745855859165241 601.53750345119329 6.5526483912682463e-05 -0.0007138684539522807 0.00015916115240874841 0
4141 1 1 439257600 166867779.79028541 40663688.40691267 16400606.630367493 -13.604975806908612 25.937149840770775 -0.028327477675425004 601.53589130784292 7.3681913553360376e-05 -0.00070870854030994441 0.00015659256620225193 0
4142 1 1 439344000 165676197.38707593 42900645.541942 16396572.784003805 -13.978163068615961 25.843263086467996 -0.065112125071106475 601.53428975448958 8.177774664556997e-05 -0.00070342304127029133 0.00015398936666112338 0
4143 1 1 439430400 164452317.66205922 45129229.652344652 16389344.321051328 -14.352584573184652 25.743313283318496 -0.10227641723842773 601.5326988565896 8.9811295367418537e-05 -0.00069801247666946272 0.00015135161521438498 0
4144 1 1 439516800 163196037.77230573 47348912.604843415 16378888.579675762 -14.728151795087626 25.637201249835332 -0.1398170664055301 601.53111867800772 9.7779846635242938e-05 -0.00069247743280340536 0.00014867938569068358 0
4145 1 1 439603200 161907262.69672465 49559157.70600412 16365173.197651576 -15.10477218334179 25.524828037074759 -0.17773042265179828 601.52954928095289 0.0001056806660027789 -0.00068681856771162951 0.00014597276144642275 0
4146 1 1 439689600 160585905.58783391 51759419.7279668 16348166.144251198 -15.482349069930519 25.406095060403988 -0.21601246000430244 601.52799072590039 0.00011351100302613348 -0.00068103661524306026 0.00014323184179365912 0
4147 1 1 439776000 159231888.13134935 53949144.945881791 16327835.753341638 -15.86078158046687 25.28090423871009 -0.25465876239634427 601.52644307151559 0.00012126809150452917 -0.00067513238416940186 0.00014045674124249499 0
4148 1 1 439862400 157845140.91337991 56127771.187700823 16304150.757699179 -16.239964547510635 25.149158141208375 -0.29366450951789097 601.52490637457697 0.00012894915304124746 -0.00066910676101542054 0.0001376475868115297 0
4149 1 1 439948800 156425603.79498291 58294727.896985553 16277080.324550156 -16.619788426977596 25.010760141993135 -0.33302446258952512 601.52338068989991 0.00013655139336230253 -0.00066296070936557928 0.00013480451976251653 0
4150 1 1 440035200 154973226.29379049 60449436.209408678 16246594.092342891 -17.000139218103769 24.865614582455382 -0.37273295009451218 601.52186607025715 0.00014407201089058344 -0.00065669527474459437 0.00013192769645616265 0
4151 1 1 440121600 153487967.97238114 62591309.043631442 16212662.208752882 -17.380898387452344 24.713626941672445 -0.41278385350678598 601.52036256629697 0.00015150819737737024 -0.0006503115847149519 0.00012901729206338139 0
4152 1 1 440208000 151969798.83302304 64719751.207250156 16175255.369919762 -17.761942797477626 24.554704014851129 -0.45317059305625795 601.51887022645269 0.00015885713988722264 -0.0006438108547687834 0.00012607349855649455 0
4153 1 1 440294400 150418699.7183733 66834159.518510498 16134344.860910933 -18.143144640183433 24.38875409988179 -0.49388611357636475 601.51738909685639 0.00016611602574489906 -0.00063719438213744831 0.00012309652314487443 0
4154 1 1 440380800 148834662.71767011 68933922.944491491 16089902.59740272 -18.524371376438605 24.215687192032238 -0.53492287048153631 601.51591922125988 0.00017328204392490974 -0.00063046354900516614 0.00012008658854516784 0
4155 1 1 440467200 147217691.57790133 71018422.756462634 16041901.168565597 -18.905485681535968 24.03541518677801 -0.57627281592513457 601.51446064093955 0.00018035238744552328 -0.00062361983208264601 0.00011704394018962285 0
4156 1 1 440553600 145567802.11938551 73087032.703116015 15990313.881135704 -19.286345397603455 23.847852090733824 -0.61792738519306079 601.51301339459849 0.00018732425344161361 -0.00061666479747988481 0.00011396884167042262 0
4157 1 1 440640000 143885022.65514648 75139119.202370301 15935114.80464956 -19.666803493497468 23.652914240614709 -0.65987748339199181 601.51157751827793 0.00019419485128092088 -0.00060960010026843718 0.00011086157461561061 0
4158 1 1 440726400 142169394.41340595 77174041.552436143 15876278.817814074 -20.046708032827716 23.450520530113195 -0.70211347249327349 601.51015304525765 0.00020096141222739449 -0.00060242749809361496 0.00010772244408336272 0
4159 1 1 440812800 140420971.96246397 79191152.162819967 15813781.655978236 -20.425902150781081 23.240592644531343 -0.7446251587965681 601.5087400058419 0.00020762120822683355 -0.00059514890920291238 0.00010455179045637066 0
4160 1 1 440899200 138639823.63717663 81189796.805928811 15747599.959667159 -20.804224040442229 23.023055303001733 -0.78740178088941204 601.50733842761485 0.00021417147641674474 -0.00058776618961177331 0.00010134994345542443 0
4161 1 1 440985600 136826031.96618322 83169314.889915362 15677711.324133901 -21.181506949210018 22.797836507799115 -0.83043199812531887 601.50594833199852 0.00022061043709686 -0.00058028367325437934 9.8117728373634379e-05 0
4162 1 1 441072000 134979694.09897509 85129039.753373146 15604094.349878607 -21.557579186251029 22.564867801031259 -0.87370387981461806 601.50456973699431 0.00022693465101899043 -0.00057270140982819222 9.4855106524701046e-05 0
4163 1 1 441158400 133100922.23181938 87068298.98251459 15526728.694068477 -21.932264141550849 22.324084527941292 -0.91720489512293069 601.50320265924995 0.00023314180073743935 -0.00056502233634747709 9.1562626333500528e-05 0
4164 1 1 441244800 131189844.03151791 88986414.75134626 15445595.122801555 -22.305380317196121 22.075426106173627 -0.96092190371177388 601.50184711155282 0.00023922907234778584 -0.00055724820994445341 8.8240608682516549e-05 0
4165 1 1 441331200 129246603.05589783 90882704.185378745 15360675.564138165 -22.676741371819048 21.818836301065875 -1.0048411473144587 601.50050310475149 0.00024519365313556917 -0.00054938088462406619 8.4889404809330974e-05 0
4166 1 1 441417600 127271359.16987532 92756479.749343455 15271953.161820594 -23.046156178745907 21.554263505995827 -1.0489482422478338 601.49917064681074 0.00025103301453546415 -0.00054142286214990611 8.1509500998626559e-05 0
4167 1 1 441504000 125264288.95587565 94607049.65933454 15179412.329594839 -23.413428898631736 21.281661027357238 -1.0932281729843518 601.49784974197178 0.00025674467530618418 -0.00053337674117604676 7.8101412300927804e-05 0
4168 1 1 441590400 123225586.11732474 96433718.319751352 15083038.806038177 -23.778359067298684 21.00098737353267 -1.1376652868832591 601.49654039070549 0.0002623262095771916 -0.00052524521290533326 7.4665675818743989e-05 0
4169 1 1 441676800 121155461.87387168 98235786.785352111 14982819.709788997 -24.14074169943488 20.712206547074025 -1.18224329016324 601.49524258960776 0.00026777525104389703 -0.00051703106218346079 7.120285733875652e-05 0
4170 1 1 441763200 119054145.34694283 100012553.24866197 14878743.595067613 -24.50036740880973 20.415288339283503 -1.2269452452100451 601.49395633129143 0.00027308949675358251 -0.00050873716713294745 6.7713550909933334e-05 0
4171 1 1 441849600 116921883.93417268 101763313.55290484 14770800.50736862 -24.857022545628933 20.110208626313746 -1.2717535693138866 601.49268160428096 0.00027826671142598713 -0.00050036649638886298 6.419837613866939e-05 0
4172 1 1 441936000 114758943.67120624 103487361.73054995 14658982.039197177 -25.210489351615752 19.796949665834692 -1.3166500349299626 601.49141839291201 0.00028330473031463907 -0.00049192210523562663 6.0657983482509595e-05 0
4173 1 1 442022400 112565609.57931618 105183990.56747834 14543281.385713652 -25.560546133360031 19.475500393241685 -1.3616157715553752 601.49016667723151 0.00028820146837126574 -0.00048340713667260513 5.7093051317166903e-05 0
4174 1 1 442108800 110342185.99723645 106852492.19268288 14423693.400142906 -25.906967454426479 19.14585671630973 -1.4066312693149425 601.48892643289366 0.00029295492003216281 -0.0004748248189044501 5.3504285291932224e-05 0
4175 1 1 442195200 108088996.89557073 108492158.6933171 14300214.648796761 -26.249524346654876 18.808021807129087 -1.4516763843452669 601.48769763106054 0.00029756316698679574 -0.00046617846346438539 4.9892421996262481e-05 0
4176 1 1 442281600 105806386.17210256 110102282.7548061 14172843.465550402 -26.587984541018763 18.462006390090387 -1.4967303460642594 601.4864802383056 0.00030202438255382143 -0.00045747145788940108 4.6258228911389101e-05 0
4177 1 1 442368000 103494717.92630307 111682158.32562229 14041580.005606221 -26.922112718336049 18.107829024622301 -1.5417717664102211 601.48527421652068 0.00030633683481624357 -0.00044870726799854568 4.2602503091589434e-05 0
4178 1 1 442454400 101154376.71131238 113231081.30621411 13906426.298371436 -27.251670780044069 17.745516381323785 -1.5867786511297768 601.48407952282207 0.00031049889104299517 -0.00043988943395472621 3.8926071517689462e-05 0
4179 1 1 442540800 98785767.761653557 114748350.2614565 13767386.299269268 -27.576418139162062 17.375103510077491 -1.6317284131886443 601.48289610946188 0.00031450902400406374 -0.00043102156219874564 3.5229791466515134e-05 0
4180 1 1 442627200 96389317.194934994 116233267.15586755 13624465.940297207 -27.896112031468633 16.996634098678843 -1.6765978883730439 601.48172392374795 0.00031836581361604664 -0.00042210732418986139 3.1514553068558565e-05 0
4181 1 1 442713600 93965472.185795054 117685138.1107066 13477673.179140477 -28.210507846818285 16.61016072047002 -1.7213633531430492 601.4805629079649 0.00032206795051698781 -0.00041315045368861157 2.7781275808155706e-05 0
4182 1 1 442800000 91514701.110358432 119103274.18193744 13327018.046643738 -28.519359480409744 16.215745069430739 -1.7660005447910774 601.47941299929664 0.00032561424225496858 -0.00040415474063508657 2.4030909199822823e-05 0
4183 1 1 442886400 89037493.659490436 120486992.15790461 13172512.692439921 -28.822419703702067 15.813458181147716 -1.8104846839490296 601.47827412975857 0.00032900361909022296 -0.00039512402548960745 2.0264436175522784e-05 0
4184 1 1 442972800 86534360.919171184 121835615.37543392 13014171.428531669 -29.119440554552309 15.403380638063252 -1.8547904994788318 601.47714622613364 0.00033223513020303212 -0.00038606219564535674 1.6482868932248768e-05 0
4185 1 1 443059200 84005835.416350082 123148474.55292948 12852010.770618407 -29.41017374601871 14.985602757391979 -1.8988922557701833 601.4760292099179 0.00033530795269453575 -0.00037697317980278275 1.2687249677366151e-05 0
4186 1 1 443145600 81452471.128698543 124424908.63889977 12686049.476960411 -29.694371093139605 14.560224760094387 -1.9427637824568187 601.47492299727128 0.00033822139507126047 -0.00036786094112446126 8.8786538039016433e-06 0
4187 1 1 443232000 78874843.456741467 125664265.67420718 12516308.584570901 -29.971784956862429 14.127356919306019 -1.9863785065512745 601.47382749897281 0.00034097489571192251 -0.00035872947336035819 5.0581849141271772e-06 0
4188 1 1 443318400 76273549.156926304 126865903.66619711 12342811.442527613 -30.242168704155958 13.687119686643985 -2.0297094869846219 601.47274262039025 0.00034356802903400051 -0.00034958279364741344 1.2269751991759472e-06 0
4189 1 1 443404800 73649206.234279037 128029191.47272886 12165583.742197242 -30.505277183196718 13.239643794848359 -2.0727294515226942 601.47166826145747 0.00034600050419561344 -0.00034042493506019158 -2.6138117245583099e-06 0
4190 1 1 443491200 71002453.793397442 129153509.69399822 11984653.544169124 -30.760867212378241 12.785070335264233 -2.1154108360166641 601.47060431666068 0.00034827217049999618 -0.00033125994317907351 -6.4629838975189493e-06 0
4191 1 1 443577600 68333951.846646219 130238251.56991595 11800051.301698826 -31.008698081748911 12.323550808733488 -2.1577258259305592 601.46955067503359 0.0003503830172086933 -0.00032209186419574198 -1.0319321429681964e-05 0
4192 1 1 443664000 65644381.07854604 131282823.88068537 11611809.880467961 -31.24853206534468 11.855247148541745 -2.1996464000721079 601.46850722016529 0.00035233317571180462 -0.00031292474435996447 -1.4181577355141052e-05 0
4193 1 1 443750400 62934442.565485612 132286647.84810963 11419964.574473664 -31.480134942745618 11.380331714157093 -2.2411443764375942 601.46747383021636 0.00035412291857479068 -0.00030376261862852683 -1.804847875734065e-05 0
4194 1 1 443836800 60204857.45003774 133249160.03505442 11224553.117869511 -31.703276528053205 10.898987254603284 -2.2821914600648303 601.46645037795622 0.00035575265747315218 -0.00029460950589618945 -2.1918725528858684e-05 0
4195 1 1 443923200 57456366.569319755 134169813.24039587 11025615.692589501 -31.917731204359498 10.411406840428919 -2.3227592927723006 601.46543673080384 0.00035722294916400995 -0.00028546940312762178 -2.5790992362950947e-05 0
4196 1 1 444009600 54689730.03701213 135048077.38670135 10823194.931597995 -32.123278461661265 9.9177937633691808 -2.3628195046463611 601.46443275088143 0.00035853449337277295 -0.00027634627205390557 -2.9663929922091141e-05 0
4197 1 1 444096000 51905726.778829463 135883440.39781734 10617335.917621152 -32.319703436065623 9.4183614029428249 -2.4023437671221322 601.46343829509146 0.00035968812792834537 -0.00026724403700038304 -3.3536166626949196e-05 0
4198 1 1 444182400 49105154.021429256 136675409.06348094 10408086.177229447 -32.506797448035435 8.9133330593866695 -2.4413038474883715 601.46245321519973 0.0003606848303726032 -0.0002581665806674849 -3.7406312862734967e-05 0
4199 1 1 444268800 46288826.734941274 137423509.88802692 10195495.670155955 -32.684358537338127 8.402941752503688 -2.4796716646308328 601.46147735793636 0.00036152571447078496 -0.00024911772897944802 -4.1272957110213777e-05 0
4200 1 1 444355200 43457577.029506527 138127289.92023221 9979616.773752138 -32.852191992292212 7.887429986182501 -2.5174193458144645 601.4605105651143 0.0003622120321326983 -0.00024010124711446837 -4.5134666958278779e-05 0
4201 1 1 444441600 40612253.506423749 138786317.56133154 9760504.2625003345 -33.010110870850461 7.3670494785374778 -2.5545192842922675 601.45955267375609 0.00036274516649409524 -0.0002311208377653254 -4.8989992682397649e-05 0
4202 1 1 444528000 37753720.564717166 139400183.34823391 9538215.2825212013 -33.157936511021255 6.8420608578211679 -2.5909441975160208 601.45860351624083 0.00036312663143138203 -0.00022218012907106066 -5.2837471498335034e-05 0
4203 1 1 444614400 34882857.664154693 139968500.70900235 9312809.3210341856 -33.295499028108516 6.3127333244677128 -2.626667185712249 601.45766292046483 0.00036335806573752229 -0.00021328266953615405 -5.6675625651578243e-05 0
4204 1 1 444700800 32000558.545965277 140490906.68768826 9084348.1707501337 -33.422637796250363 5.7793442798372547 -2.6616617905774942 601.45673071002352 0.00036344122846218016 -0.00020443192158341056 -6.0502964723299697e-05 0
4205 1 1 444787200 29107730.412719507 140967062.63567981 8852895.8891965114 -33.539201911752968 5.2421789224474669 -2.6959020538396792 601.45580670440665 0.00036337799907712161 -0.00019563125258615732 -6.4317990239307125e-05 0
4206 1 1 444873600 26205293.069053505 141396654.86679515 8618518.7529981192 -33.645050635756142 4.7015298126935186 -2.7293625754247879 601.45489071920679 0.00036317036871963464 -0.00018688393498781104 -6.8119191170227451e-05 0
4207 1 1 444960000 23294178.025126383 141779395.273449 8381285.2071587518 -33.740053813825064 4.1576964072736136 -2.7620185709643907 601.45398256634235 0.00036282044032732535 -0.00017819313380673158 -7.1905050886595742e-05 0
4208 1 1 445046400 20375327.564905763 142115021.90133548 8141265.8094122522 -33.824092270141939 3.6109845647487142 -2.7938459283774963 601.45308205429694 0.00036233041607425188 -0.00016956190697849544 -7.5674050292983341e-05 0
4209 1 1 445132800 17449693.781572949 142403299.48020253 7898533.1697345795 -33.897058174071908 3.0617060238707143 -2.8248212632584551 601.45218898837663 0.00036170259542911729 -0.00016099319823414471 -7.9424668430855876e-05 0
4210 1 1 445219200 14518237.582526626 142644019.90844321 7653161.8851315258 -33.95885537699516 2.5101778565124619 -2.8549219728041475 601.45130317097426 0.00036093937023607813 -0.00015248983448190817 -8.3155378395123028e-05 0
4211 1 1 445305600 11581927.666640043 142837002.689394 7405228.4698396837 -34.009399717438811 1.9567218972216955 -2.8841262880188472 601.45042440185614 0.00036004321662418647 -0.00014405451524362203 -8.6864657318803555e-05 0
4212 1 1 445392000 8641739.4765901361 142982095.31741664 7154811.2811005441 -34.048619292697879 1.4016641515963664 -2.9124133239405063 601.449552478447 0.00035901669116875914 -0.00013568981853089021 -9.0550986421428716e-05 0
4213 1 1 445478400 5698654.1292256974 143079173.6120322 6901990.440689561 -34.076454695311178 0.84533418584188336 -2.9397631276390661 601.44868719613942 0.00035786241815352236 -0.00012739819073615964 -9.4212851679135391e-05 0
4214 1 1 445564800 2753657.32707506 143128141.99858922 6646847.7524029864 -34.092859212946891 0.28806450001784306 -2.9661567237491293 601.44782834860939 0.00035658308707012194 -0.00011918194647838647 -9.784875230262234e-05 0
4215 1 1 445651200 -192261.74579022976 143128933.73417222 6389466.6157254186 -34.097798990458024 -0.26981011239044195 -2.9915761573097419 601.44697572813482 0.0003551814485484629 -0.00011104326291541458 -0.00010145719056715063 0
4216 1 1 445737600 -3138111.5402214709 143081511.0776825 6129931.9359200615 -34.091253153086171 -0.82795321583054016 -3.0160045336989709 601.44612912592675 0.00035366030217918125 -0.00010298418093809699 -0.00010503668029230513 0
4217 1 1 445824000 -6082899.2673958708 142985865.40327254 5868330.0308011742 -34.073213890019495 -1.3860273921385957 -3.0394260554685952 601.44528833246852 0.00035202248686318379 -9.5006609039774618e-05 -0.00010858575503707753 0
4218 1 1 445910400 -9025632.0297052916 142842017.25655776 5604748.5344644757 -34.043686497745007 -1.9436949051902515 -3.0618260558990986 601.44445313785013 0.00035027088487135693 -8.711231362022765e-05 -0.00011210296427069677 0
4219 1 1 445996800 -11965317.953641456 142650016.35328341 5339276.2982659107 -34.002689382878273 -2.5006183678009424 -3.0831910291146722 601.44362333210438 0.00034840840565290127 -7.930291766642704e-05 -0.00011558687317669004 0
4220 1 1 446083200 -14900967.321171667 142409941.52038115 5072003.2893521702 -33.950254024400721 -3.0564614079104997 -3.103508656619824 601.44279870556329 0.00034643797532247448 -7.1579909794262917e-05 -0.0001190360668034863 0
4221 1 1 446169600 -17831593.696103569 142121900.57960537 4803020.4870573031 -33.886424895476665 -3.6108893310870132 -3.1227678301405049 601.44197904919338 0.00034436254100672539 -6.394463797119212e-05 -0.00012244915538761017 0
4222 1 1 446256000 -20756215.041962966 141786030.17419359 4532419.7774890373 -33.811259345270322 -4.1635697764106316 -3.1409586706743946 601.44116415493318 0.00034218505321762172 -5.6398314168776509e-05 -0.0001258247739017868 0
4223 1 1 446342400 -23673854.827955551 141402495.53924873 4260293.8466355884 -33.724827441423201 -4.7141733628476965 -3.1580725436781409 601.44035381603101 0.00033990846446557157 -4.894201455855453e-05 -0.0001291615816380354 0
4224 1 1 446428800 -26583543.119650636 140971490.21678761 3986736.0723289954 -33.627211774086589 -5.2623743232956937 -3.1741020703437508 601.43954782737649 0.00033753572083329347 -4.1576677947798441e-05 -0.00013245826513780406 0
4225 1 1 446515200 -29484317.65111196 140493235.71663916 3711840.4154040399 -33.518507222629886 -5.8078511235739088 -3.1890411349406498 601.43874598582033 0.00033506975477633097 -3.4303113521117399e-05 -0.00013571354493648158 0
4226 1 1 446601600 -32375224.875307161 139967981.1246064 3435701.3103929032 -33.398820686361063 -6.3502870637476709 -3.2028848882225955 601.437948090482 0.0003325134831571716 -2.7122000523307528e-05 -0.00013892617180696177 0
4227 1 1 446688000 -35255320.989751376 139396002.65952656 3158413.5560947149 -33.26827078079814 -6.8893708593068865 -3.215629746922549 601.43715394305025 0.00032986979676199047 -2.0033893776769212e-05 -0.00014209492964586189 0
4228 1 1 446774400 -38123672.934482135 138777603.18107298 2880072.2063561254 -33.12698750121924 -7.4247971998702251 -3.2272733893825789 601.43636334806956 0.00032714155530403017 -1.3039222480216734e-05 -0.00014521863693445588 0
4229 1 1 446860800 -40979359.359619185 138113111.650334 2600772.4613940311 -32.975111855388377 -7.9562672832533332 -3.2378147473875738 601.43557611322206 0.0003243315795526947 -6.1382981993586694e-06 -0.00014829614711514552 0
4230 1 1 446947200 -43821471.559933476 137402882.54538414 2320609.5599846528 -32.812795467510576 -8.4834893229202866 -3.2472539942938985 601.43479204958237 0.00032144265042562055 6.6868055989077981e-07 -0.00015132635594348158 0
4231 1 1 447033600 -46649114.374033406 136647295.23422712 2039678.6728344527 -32.640200155602471 -9.0061790270291873 -3.2555925295634336 601.43401097185381 0.00031847750636458216 7.3816264920950732e-06 -0.00015430819464368805 0
4232 1 1 447120000 -49461407.045969985 135846753.3076334 1758074.7974379875 -32.457497484583058 -9.5240600474857366 -3.2628329598328567 601.43323269859616 0.00031543883047660504 1.4000558835442939e-05 -0.00015724063391182102 0
4233 1 1 447206400 -52257484.047265992 135001683.87452713 1475892.6547157599 -32.264868297482323 -10.036864397629172 -3.2689790766670197 601.43245705243214 0.0003123292546448527 2.0525596563580237e-05 -0.00016012268763961792 0
4234 1 1 447292800 -55036495.857585356 134112536.82268041 1193226.5877115794 -32.062502227239627 -10.54433283738951 -3.2740358311600533 601.43168386023342 0.00030915134859051851 2.6956957517923502e-05 -0.0001629534123604007 0
4235 1 1 447379200 -57797609.702473961 133179784.04757196 910170.4626142151 -31.85059719161859 -11.046215224974576 -3.2780093055622204 601.43091295328998 0.00030590762134218952 3.3294945683685383e-05 -0.00016573190554426611 0
4236 1 1 447465600 -60540010.246823698 132203918.65233147 626817.57235211518 -31.629358873796384 -11.542270834364038 -3.2809066821239998 601.43014416745757 0.00030260051755859714 3.95399537252961e-05 -0.00016845730796211298 0
4237 1 1 447552000 -63262900.242933489 131185454.12174909 343260.54299297795 -31.399000191198251 -12.032268638105613 -3.2827362093596348 601.42937734328143 0.00029923241504214336 4.5692455440043062e-05 -0.00017112880506134508 0
4238 1 1 447638400 -65965501.132261656 130124923.47336118 59591.243162056453 -31.159740755141055 -12.515987555125305 -3.2835071659410353 601.4286123261063 0.00029580562003571548 5.1752996980766161e-05 -0.0001737456277483694 0
4239 1 1 447724800 -68647053.600186244 129022878.38864061 -224099.30332541658 -30.911806323822375 -12.993216663471793 -3.2832298224399019 601.42784896616229 0.00029232236662886184 5.7722195728692538e-05 -0.00017630705128692846 0
4240 1 1 447811200 -71306818.083306029 127879888.32731658 -507721.00144139153 -30.655428251146983 -13.463755378118595 -3.2819154011413216 601.42708711863338 0.00028878481613882914 6.3600731938204166e-05 -0.00017881239558841222 0
4241 1 1 447897600 -73944075.229027942 126696539.62783149 -791184.76537489984 -30.390842933821776 -13.927413594142314 -3.2795760341555829 601.42632664370547 0.00028519505517544768 6.9389343638446606e-05 -0.00018126102606492677 0
4242 1 1 447984000 -76558126.307393774 125473434.5969051 -1074402.5952775124 -30.118291259073121 -14.38401179577896 -3.27622472005645 601.42556740659211 0.00028155509358670057 7.5088823777412045e-05 -0.00018365235437991706 0
4243 1 1 448070400 -79148293.575296625 124211190.59112373 -1357287.6502090667 -29.83801805520622 -14.833381132114308 -3.2718752793275252 601.42480927684858 0.00027786686662941335 8.0700012472294813e-05 -0.00018598583755386489 0
4244 1 1 448156800 -81713920.593451366 122910439.09344769 -1639754.3171596923 -29.550271547926378 -15.275363458818349 -3.2665423078873133 601.42405213906932 0.00027412506779142401 8.6237228880911682e-05 -0.00018825197511888501 0
4245 1 1 448243200 -84254372.496838883 121571824.7877785 -1921718.2758243268 -29.255302826809068 -15.709811342520121 -3.2602411259652979 601.42329594904277 0.00027034389975024153 9.1678085446556703e-05 -0.00019046589263453054 0
4246 1 3 448278475.39437324 -85284208.535221577 121014561.48043804 -2036674.8122380625 -29.132855108252759 -15.884989787946672 -3.25739381689809 601.42298730775883 0 0 0 247
4247 1 1 448329600 -86769036.217141852 120196004.63018745 -2203096.5618104953 -28.953365248557684 -16.136588170051702 -3.2529878172409701 601.4225397094699 0.00026732277396430509 9.5528237021195352e-05 -0.00019363048167581431 0
4248 1 1 448416000 -89257320.654790074 118783646.91331959 -2483807.6323069222 -28.644713931150214 -16.55556807820917 -3.2447991666928724 601.42178172295928 0.00026489026960760105 9.8113566283981594e-05 -0.00019752637993002042 0
4249 1 1 448502400 -91718656.815019041 117335430.35157041 -2763771.4173188834 -28.329605370717573 -16.966635648779587 -3.2356924594665863 601.42102138800931 0.00026239114058359002 0.00010066712620049986 -0.00020132538206526541 0
4250 1 1 448588800 -94152497.905941665 115852043.18349832 -3042909.3604221861 -28.008296928883603 -17.369685846072439 -3.2256854604036951 601.42025882268604 0.00025985431107249351 0.00010313964938746853 -0.00020505952422540273 0
4251 1 1 448675200 -96558319.389535889 114334182.27427047 -3321144.4620910711 -27.68104630269583 -17.764623990839059 -3.2147964350490246 601.41949405733453 0.00025728499271444758 0.00010552631570472455 -0.00020873119786336722 0
4252 1 1 448761600 -98935618.990963191 112782552.2278017 -3598401.3205533591 -27.348111071532589 -18.15136559746416 -3.2030440950539605 601.41872712487236 0.000254685827805161 0.00010782717831822871 -0.00021233963430129245 0
4253 1 1 448848000 -101283916.6691985 111197864.51336144 -3874606.1683220183 -27.009748255527086 -18.529836200732433 -3.1904475517766855 601.4179580615147 0.00025205941983796963 0.00011004239501306149 -0.00021588410696596612 0
4254 1 1 448934400 -103602754.55029526 109580836.6080213 -4149686.9047545223 -26.66621389243689 -18.899971162556952 -3.1770262706875356 601.41718690646098 0.00024940833015924555 0.00011217222436054926 -0.00021936393251228501 0
4255 1 1 449020800 -105891696.82492203 107932191.15661377 -4423573.1247079764 -26.317762633819022 -19.261715460171491 -3.1628000266117886 601.41641370179957 0.00024673507493651987 0.00011421702136446023 -0.00022277847019543473 0
4256 1 1 449107200 -108150329.61186448 106252655.15073091 -4696196.1433689576 -25.964647361128453 -19.615023457487293 -3.1477888599590034 601.4156384924147 0.00024404212034711116 0.000116177233269584 -0.00022612712081590682 0
4257 1 1 449193600 -110378260.78923802 104542959.12814485 -4967489.0173484609 -25.607118822236622 -19.959858661280915 -3.1320130340571146 601.41486132589068 0.00024133187884057593 0.0001180533965642569 -0.00022940932803397514 0
4258 1 1 449280000 -112575119.79519065 102803836.39388923 -5237386.5621421291 -25.245425288733948 -20.296193463865535 -3.1154929936970075 601.41408225241844 0.00023860670839032661 0.00011984613216210546 -0.00023262457656162083 0
4259 1 1 449366400 -114740557.3999041 101036022.26409948 -5505825.3660643836 -24.879812234255418 -20.624008873871595 -3.0982493249811514 601.41330132469761 0.00023586890898208277 0.00012155614105744021 -0.00023577239218278549 0
4260 1 1 449452800 -116874245.45071532 99240253.333569482 -5772743.8007728551 -24.510522033949048 -20.943294236729397 -3.0803027165582146 601.41251859784131 0.0002331207214933474 0.00012318419957170005 -0.00023885234164787976 0
4261 1 1 449539200 -118975876.59218548 97417266.767847866 -6038082.0285058916 -24.137793685094767 -21.254046946403079 -3.0616739223135996 601.41173412928072 0.000230364324109405 0.00012473115629775978 -0.00024186403169428644 0
4262 1 1 449625600 -121045163.9629418 95567799.620563716 -6301782.0061615855 -23.76186254877673 -21.556272149876218 -3.0423837255745902 601.41094797867038 0.00022760183103880103 0.00012619792727718422 -0.00024480710860387989 0
4263 1 1 449712000 -123081840.87110209 93692588.176546186 -6563787.4863513131 -23.382960112415038 -21.849982445833746 -3.0224529048779569 601.41016020779307 0.00022483529076199873 0.00012758549112339826 -0.00024768125880568367 0
4264 1 1 449798400 -125085660.45007353 91792367.321178094 -6824044.015564464 -23.001313772873814 -22.135197578923766 -3.0019022013370944 601.40937088046746 0.0002220666853307483 0.00012889488403525481 -0.00025048620607191015 0
4265 1 1 449884800 -127056395.29648817 89867869.936309174 -7082498.9295838084 -22.617146639781449 -22.411944130917046 -2.9807522876357897 601.40858006245696 0.00021929793061022571 0.00013012719781731164 -0.00025322171159924603 0
4266 1 1 449971200 -128993837.09200263 87919826.322941422 -7339101.3462928841 -22.23067735862637 -22.680255210013485 -2.9590237386667626 601.40778782137477 0.00021653087284060561 0.0001312835755456908 -0.00025588757464922962 0
4267 1 1 450057600 -130897796.21065004 85948963.65079616 -7593802.1560179293 -21.842119953126069 -22.94017013947358 -2.9367370038235299 601.4069942265952 0.00021376729116617783 0.00013236520561042627 -0.00025848362954091392 0
4268 1 1 450144000 -132768101.31338522 83956005.43477191 -7846554.0095473165 -21.451683686310364 -23.191734146678716 -2.9139123809461642 601.40619934916333 0.00021100889350788093 0.00013337331868715739 -0.00026100974591108597 0
4269 1 1 450230400 -134604598.93141416 81941671.038212419 -8097311.3039711369 -21.059572939709803 -23.434998053649512 -2.8905699919140937 601.40540326171197 0.00020825731984749183 0.00013430918292674148 -0.00026346582881698938 0
4270 1 1 450316800 -136407153.03984395 79906675.202815711 -8346030.1664826516 -20.665987109998092 -23.670017969976193 -2.8667297598715593 601.40460603837028 0.00020551414098185497 0.0001351741023111457 -0.00026585181621683305 0
4271 1 1 450403200 -138175644.62313265 77851727.604937911 -8592668.4362818152 -20.271120522402217 -23.896854989039614 -2.842411388065095 601.40380775468111 0.00020278085904030811 0.00013596941139590321 -0.00026816767907772931 0
4272 1 1 450489600 -139909971.23375627 75777532.437972277 -8837185.6447191015 -19.875162360165621 -24.115574888327203 -2.8176343402667334 601.40300848751883 0.00020005890707991216 0.00013669647191511455 -0.00027041342051394712 0
4273 1 1 450576000 -141610046.54544753 73684788.02041772 -9079542.9938152581 -19.478296609327408 -24.326247834574062 -2.7924178227511391 601.40220831500585 0.00019734964931568101 0.00013735666898007201 -0.00027258907426581821 0
4274 1 1 450662400 -143275799.90229946 71574186.429190278 -9319703.3332897071 -19.080702018064077 -24.528948094387832 -2.7667807677903604 601.40140731643692 0.0001946543842666379 0.00013795140814182663 -0.00027469470435004907 0
4275 1 1 450748800 -144907175.86495692 69446413.157678753 -9557631.1362270396 -18.68255206983034 -24.723753750945367 -2.7407418186258452 601.40060557219806 0.00019197434329248537 0.00013848211375025766 -0.00027673040328874836 0
4276 1 1 450835200 -146504133.75505674 67302146.797995865 -9793292.4735073261 -18.284014969529913 -24.910746427282088 -2.7143193158739396 601.39980316368894 0.00018931069263476829 0.00013895022310298809 -0.00027869629337834553 0
4277 1 1 450921600 -148066647.19900662 65142058.746836469 -10026654.987122115 -17.88525364194604 -25.090011016629482 -2.6875312853177977 601.39900017325249 0.00018666453406536039 0.00013935718414979678 -0.0002805925223403785 0
4278 1 1 451008000 -149594703.67213205 62966812.934315346 -10257687.862493774 -17.486425741665755 -25.261635420192825 -2.6603954270362884 601.39819668410098 0.00018403690565311137 0.00013970445436484158 -0.00028241926449854303 0
4279 1 1 451094400 -151088304.0441494 60777065.575127408 -10486361.799911467 -17.087683673738709 -25.425710292702821 -2.6329291058188971 601.39739278024683 0.00018142878233935812 0.00013999349618644638 -0.00028417672027012411 0
4280 1 1 451180800 -152547462.12686014 58573464.941346385 -10712648.985192692 -16.689174624322739 -25.582328796017794 -2.6051493428133714 601.39658854643426 0.00017884107917906316 0.00014022577457570336 -0.00028586511428508297 0
4281 1 1 451267200 -153972204.22489813 56356651.156156287 -10936523.059674401 -16.291040600582274 -25.731586360999394 -2.5770728083519967 601.39578406807072 0.00017627465154123042 0.00014040275781864413 -0.00028748469459239826 0
4282 1 1 451353600 -155362568.69029862 54127256.007792778 -11157959.089633323 -15.893418479122545 -25.873580457835786 -2.5487158159016778 601.39497943116362 0.00017373029770529759 0.00014052591015776408 -0.00028903573128581509 0
4283 1 1 451440000 -156718605.4815942 51885902.782959163 -11376933.535230087 -15.496440062261744 -26.008410374938641 -2.5200943170825738 601.39417472225637 0.00017120875854930812 0.00014059669205504236 -0.0002905185166014666 0
4284 1 1 451526400 -158040375.72808796 49633206.118972018 -11593424.219067138 -15.10023214146452 -26.13617700649694 -2.4912238976998542 601.39337002837135 0.00016871071918864942 0.00014061655926499473 -0.0002919333630725954 0
4285 1 1 451612800 -159327951.29989278 47369771.873886764 -11807410.294445597 -14.704916567282512 -26.2569826487303 -2.4621197747333468 601.39256543694819 0.0001662368119268539 0.00014058696005791744 -0.00029328060348287829 0
4286 1 1 451699200 -160581414.38427114 45096197.013850369 -12018872.2134014 -14.310610325172314 -26.37093080484825 -2.432796794230371 601.39176103578734 0.00016378761717609819 0.00014050933245915353 -0.00029456058936902605 0
4287 1 1 451785600 -161800857.06875879 42813069.516930811 -12227791.694596462 -13.917425616586486 -26.478125998686913 -2.4032694300476827 601.39095691299235 0.00016136366556468912 0.00014038510416853196 -0.00029577369104457274 0
4288 1 1 451872000 -162986380.93150035 40520968.292675205 -12434151.6911359 -13.525469944759436 -26.578673596964475 -2.3735517833893467 601.39015315691893 0.00015896543796753334 0.00014021568948228942 -0.00029692029549916864 0
4289 1 1 451958400 -164138096.63918081 38220463.116655782 -12637936.358377844 -13.134846204636419 -26.672679640068672 -2.3436575830883157 601.3893498561257 0.00015659336862838003 0.00014000248936301961 -0.00029800080475065612 0
4290 1 1 452044800 -165256123.55288616 35912114.579271354 -12839131.021797877 -12.745652776421142 -26.760250681264445 -2.313600186581215 601.38854709932173 0.00015424784689839195 0.00013974688890090953 -0.00029901563789640683 0
4291 1 1 452131200 -166340589.34218502 33596474.048082009 -13037722.144965844 -12.357983622244829 -26.841493634187795 -2.2833925815268645 601.38774497532006 0.00015192921749510914 0.00013945025668356235 -0.00029996522859491103 0
4292 1 1 452217600 -167391629.6076805 31274083.642968033 -13233697.297688561 -11.971928385486773 -26.916515628471846 -2.2530473880202901 601.38694357299005 0.0001496377830579144 0.00013911394404695108 -0.0003008500243141887 0
4293 1 1 452304000 -168409387.51224163 28945476.223417461 -13427045.124367924 -11.587572492303199 -26.985423873334167 -2.222576861356016 601.38614298121433 0.0001473738064653217 0.0001387392828799514 -0.00030167048483319446 0
4294 1 1 452390400 -169394013.42108729 26611175.387262356 -13617755.312619811 -11.204997254948408 -27.048325528939213 -2.1919928952960341 601.38534328884737 0.0001451375114636592 0.00013832758567264134 -0.00030242708331880099 0
4295 1 1 452476800 -170345664.55086055 24271695.480200674 -13805818.562195648 -10.824279976498374 -27.105327585336873 -2.1613070257995259 601.3845445846722 0.00014292908409034387 0.00013788014459176139 -0.00030312030449057911 0
4296 1 1 452563200 -171264504.62779796 21927541.615458068 -13991226.554244613 -10.445494056612457 -27.156536748767653 -2.1305304351729366 601.3837469573607 0.00014074867485083394 0.00013739823091754946 -0.00030375064429889509 0
4297 1 1 452649600 -172150703.55507016 19579209.702962469 -14173971.920951208 -10.068709097994248 -27.202059335116054 -2.0996739566010647 601.38295049543797 0.00013859639999165425 0.00013688309334886555 -0.00030431860787975335 0
4298 1 1 452736000 -173004437.0893383 17227186.487423617 -14354048.215579385 -9.6939910132369107 -27.242001170286319 -2.0687480790216348 601.38215528724493 0.00013647234362135186 0.00013633595925224501 -0.00030482471080495795 0
4299 1 1 452822400 -173825886.52654925 14871949.594729446 -14531449.882951362 -9.3214021317619551 -27.276467497269763 -2.0377629523076717 601.38136142090434 0.00013437655718140934 0.00013575803253841525 -0.00030526947746408709 0
4300 1 1 452908800 -174615238.39696324 12513967.586091096 -14706172.230386307 -8.9510013065831124 -27.305562889668568 -2.0067283927235495 601.38056898428522 0.00013230906443198627 0.00013515049348746341 -0.00030565344091755694 0
4301 1 1 452995200 -175372684.16939068 10153700.019389212 -14878211.399121044 -8.582844020648734 -27.329391171438317 -1.9756538886226132 601.37977806497315 0.00013026986019680351 0.00013451449919191553 -0.00030597714155775589 0
4302 1 1 453081600 -176098419.96458983 7791597.5171943726 -15047564.336232401 -8.2169824925377597 -27.34805534261033 -1.9445486063558803 601.37898875023927 0.00012825891166697308 0.00013385118205417828 -0.00030624112629907104 0
4303 1 1 453168000 -176792646.27776071 5428101.8409554595 -15214228.767078122 -7.8534657813033473 -27.361657510754622 -1.9134213963633329 601.3782011270132 0.00012627616094350284 0.00013316165094110055 -0.00030644594878899623 0
4304 1 1 453254400 -177455567.71005586 3063645.9708701423 -15378203.168270985 -7.4923398902780942 -27.37029882794468 -1.8822807994208299 601.37741528185393 0.00012432152573774746 0.00013244699063699671 -0.00030659216895492037 0
4305 1 1 453340800 -178087392.7090064 698654.19097253249 -15539486.741198497 -7.1336478696725374 -27.374079432987841 -1.8511350530173494 601.3766313009221 0.00012239490165638243 0.00013170826066796924 -0.00030668035277358604 0
4306 1 1 453427200 -178688333.31775698 -1666457.8210069495 -15698079.386098288 -6.7774299178161401 -27.373098398686679 -1.8199920978387514 601.37584926995589 0.00012049616215151798 0.00013094649611166144 -0.00030671107045360078 0
4307 1 1 453513600 -179258604.93298316 -4031282.8994340631 -15853981.676697554 -6.4237234809060944 -27.367453683900269 -1.7888595843359461 601.37506927424783 0.00011862516028001064 0.00013016270742486285 -0.00030668489618528375 0
4308 1 1 453600000 -179798426.07135859 -6395422.2926205173 -16007194.835422879 -6.0725633511443844 -27.357242090178381 -1.7577448793571189 601.37429139862115 0.00011678173026066898 0.00012935788026114249 -0.00030660240918735973 0
4309 1 1 453686400 -180308018.14442825 -8758485.5611164253 -16157720.709185136 -5.7239817631582737 -27.342559222745649 -1.7266550728247381 601.37351572740818 0.00011496568836209852 0.00012853297586296815 -0.00030646419204196328 0
4310 1 1 453772800 -180787605.24173459 -11120090.472811855 -16305561.745742597 -5.3780084886129167 -27.323499455617799 -1.6955969844393672 601.37274234443055 0.00011317683330566047 0.00012768893130463206 -0.00030627082904859213 0
4311 1 1 453859200 -181237413.92203695 -13479862.895195276 -16450720.970643785 -5.0346709289371541 -27.300155900637325 -1.6645771703942365 601.37197133298002 0.00011141494842260254 0.00012682665939305171 -0.00030602290856112811 0
4312 1 1 453945600 -181657673.01245871 -15837436.685098477 -16593201.964750424 -4.6939942060955975 -27.272620380221689 -1.6336019300853966 601.37120277579879 0.00010967980213381543 0.00012594704802051311 -0.00030572102080674007 0
4313 1 1 454032000 -182048613.41539103 -18192453.576240107 -16733008.842339419 -4.3560012513511799 -27.240983403622749 -1.6026773128033034 601.37043675506402 0.00010797114864191395 0.00012505096112523935 -0.00030536575730736644 0
4314 1 1 454118400 -182410467.92297703 -20544563.064862669 -16870146.229781698 -4.0207128919722992 -27.205334146502242 -1.5718091243934302 601.36967335236898 0.00010628873000050214 0.0001241392392648186 -0.000304957712272283 0
4315 1 1 454204800 -182743471.0389967 -22893422.293741144 -17004619.244794879 -3.6881479358483471 -27.165760433634677 -1.5410029338740994 601.36891264871076 0.00010463227598599158 0.00012321269964216691 -0.00030449747999235194 0
4316 1 1 454291200 -183047858.80797231 -25238695.934825875 -17136433.476265348 -3.3583232539862027 -27.122348724555192 -1.5102640800009015 601.3681547244729 0.00010300150566007684 0.00012227213565582353 -0.00030398565548635329 0
4317 1 1 454377600 -183323868.65130821 -27580056.070766155 -17265594.964634907 -3.0312538608682007 -27.075184101976443 -1.4795976777683735 601.36739965941354 0.00010139612712541526 0.00012131831736863528 -0.00030342283482867681 0
4318 1 1 454464000 -183571739.21028164 -29917182.075546462 -17392110.182846207 -2.7069529926594549 -27.024350262805083 -1.4490086248401448 601.36664753265234 9.9815839782896535e-05 0.00012035199222176051 -0.00030280961412262745 0
4319 1 1 454550400 -183791710.1956965 -32249760.494453143 -17515986.017840259 -2.385432183259232 -26.969929511594838 -1.4185016078997754 601.36589842265801 9.8260334472832797e-05 0.000119373885618003 -0.00030214658943634949 0
4320 1 1 454636800 -183984022.24401593 -34577484.923574857 -17637229.752599023 -2.0667013381974266 -26.912002756279772 -1.3880811089153686 601.36515240723713 9.6729293865379962e-05 0.00011838470070629751 -0.00030143435598383833 0
4321 1 1 454723200 -184148916.77978587 -36900055.889027573 -17755849.048725359 -1.7507688063825468 -26.850649506038053 -1.3577514113118851 601.36440956352396 9.5222393600594504e-05 0.00011738511894088764 -0.0003006735088943185 0
4322 1 1 454809600 -184286635.88416556 -39217180.726081721 -17871851.929552048 -1.4376414497128367 -26.785947871142305 -1.327516606045771 601.36366996796971 9.3739303046140745e-05 0.00011637579993537781 -0.0002998646425213876 0
4323 1 1 454896000 -184397422.16938069 -41528573.458357476 -17985246.763771214 -1.1273247105667574 -26.717974564659599 -1.2973805975769701 601.36293369633529 9.2279685825812267e-05 0.00011535738254304666 -0.00029900834918547754 0
4324 1 1 454982400 -184481518.65891677 -43833954.677241847 -18096042.249575254 -0.81982267719321023 -26.646804905869843 -1.2673471097344022 601.36220082368175 9.0843200611978266e-05 0.0001143304847546246 -0.00029810522016384745 0
4325 1 1 455068800 -184539168.6732721 -46133051.421671011 -18204247.399299681 -0.51513814702553529 -26.572512825277535 -1.237419691471451 601.36147142436312 8.9429501376023829e-05 0.00011329570405201269 -0.000297155845205558 0
4326 1 1 455155200 -184570615.72109339 -48425597.058410101 -18309871.524558511 -0.21327268794665394 -26.495170871097994 -1.2076017225084745 601.3607455720196 8.8038238027810664e-05 0.00011225361858427904 -0.00029616081283384419 0
4327 1 1 455241600 -184576103.39551535 -50711331.162952945 -18412924.221862141 0.085773302464446838 -26.414850217104725 -1.177896418859846 601.36002333956947 8.6669056963484568e-05 0.00011120478591697884 -0.00029512070920260014 0
4328 1 1 455328000 -184555875.27553511 -52989999.40115501 -18513415.358707689 0.38200053967214864 -26.331620671730207 -1.148306838243548 601.35930479920387 8.5321602271265417e-05 0.00011014974524895386 -0.00029403611808377866 0
4329 1 1 455414400 -184510174.83224812 -55261353.411702603 -18611355.060131572 0.67541079687446381 -26.24555068831808 -1.1188358853719345 601.35859002238203 8.3995515261759906e-05 0.00010908901661708058 -0.0002929076211920285 0
4330 1 1 455500800 -184439245.33978087 -57525150.689514622 -18706753.695714131 0.96600685160714739 -26.156707376429758 -1.0894863171224469 601.35787907982683 8.269043494368023e-05 0.00010802310195452068 -0.00029173579720284415 0
4331 1 1 455587200 -184343329.7907542 -59781154.47016307 -18799621.867025644 1.2537924342233016 -26.065156514113777 -1.0602607475875974 601.35717204151956 8.1405999665550314e-05 0.00010695248509342653 -0.000290521222582228 0
4332 1 1 455673600 -184222670.81612036 -62029133.615392283 -18889970.395503588 1.5387721782084287 -25.970962561051206 -1.0311616530039072 601.35646897669562 8.0141846091189505e-05 0.00010587763203027895 -0.00028926447159526372 0
4333 1 1 455760000 -184077510.60921356 -64268862.499808773 -18977810.310750343 1.8209515722898837 -25.874188672495073 -1.0021913765595165 601.35576995384167 7.8897610692990738e-05 0.00010479899151285826 -0.00028796611488003941 0
4334 1 1 455846400 -183908090.85386229 -66500120.898806646 -19063152.839241304 2.1003369142988988 -25.774896713926321 -0.97335213308076052 601.35507504069142 7.7672929720933593e-05 0.00010371699611921936 -0.00028662672041291563 0
4335 1 1 455932800 -183714652.65641502 -68722693.877788231 -19146009.393432349 2.3769352667423633 -25.673147276353436 -0.94464601359819 601.35438430422425 7.6467438963174049e-05 0.00010263206092732451 -0.00028524685254857445 0
4336 1 1 456019200 -183497436.48153061 -70936371.682731181 -19226391.561256975 2.6507544140413377 -25.568999692187276 -0.91607498979271162 601.3536978106647 7.5280774710649768e-05 0.00010154458522130469 -0.00028382707267806697 0
4337 1 1 456105600 -183256682.0915944 -73140949.632150352 -19304311.096002154 2.921802821392808 -25.462512051625925 -0.88764091832283953 601.35301562547784 7.4112573933929853e-05 0.0001004549534443284 -0.00028236793923814359 0
4338 1 1 456192000 -182992628.4896186 -75336228.01049462 -19379779.906553198 3.1900895952110044 -25.353741219489326 -0.8593455450339994 601.35233781336819 7.296247483162634e-05 9.9363533782103551e-05 -0.00028087000667997522 0
4339 1 1 456278400 -182705513.86549473 -77522011.963015825 -19452810.047997061 3.4556244451045099 -25.242742852446614 -0.83119050905126657 601.3516644382795 7.1830116777011789e-05 9.8270680373353122e-05 -0.00027933382664793662 0
4340 1 1 456364800 -182395575.54546702 -79698111.392141193 -19523413.712574396 3.7184176473455652 -25.129571416582525 -0.80317734675692709 601.35099556339298 7.0715141115458731e-05 9.7176732423479145e-05 -0.00027775994659149403 0
4341 1 1 456451200 -182063049.9446975 -81864340.855376393 -19591603.220970295 3.9784800097880813 -25.014280205253204 -0.77530749565432522 601.35033125112795 6.9617190895319349e-05 9.6082014703413216e-05 -0.00027614890999555557 0
4342 1 1 456537600 -181708172.52280277 -84020519.464761749 -19657391.013934024 4.2358228381911438 -24.896921357184326 -0.74758229811988941 601.34967156314178 6.8535910795873393e-05 9.4986838484751373e-05 -0.0002745012573627017 0
4343 1 1 456624000 -181331177.74224061 -86166470.787901744 -19720789.644218247 4.4904579039053472 -24.777545874768027 -0.72000300504500314 601.34901656032821 6.7470947862760045e-05 9.3891501688199243e-05 -0.00027281752526830337 0
4344 1 1 456710400 -180932299.02943057 -88302022.750581786 -19781811.768828042 4.7423974128795949 -24.656203642517887 -0.69257077936952482 601.3483663028203 6.6421951466989187e-05 9.2796289189355091e-05 -0.00027109824645421278 0
4345 1 1 456796800 -180511768.73849827 -90427007.540985107 -19840470.141570721 4.9916539759466998 -24.532943445644065 -0.665286699508984 601.34772084998758 6.5388573902096234e-05 9.1701472469095757e-05 -0.00026934394972654183 0
4346 1 1 456883200 -180069818.11753163 -92541261.515518829 -19896777.605897289 5.2382405803465204 -24.40781298871326 -0.63815176267743168 601.34708026044052 6.4370470382218563e-05 9.060731138986899e-05 -0.00026755515972968406 0
4347 1 1 456969600 -179606677.27724656 -94644625.106254458 -19950747.088026401 5.4821705624462105 -24.280858914360618 -0.61116688810806619 601.34644459202991 6.3367299069044247e-05 8.9514053538415045e-05 -0.00026573239740993268 0
4348 1 1 457056000 -179122575.16195917 -96736942.729985923 -20002391.590342406 5.7234575816177218 -24.152126822023575 -0.58433292017374494 601.34581390184746 6.237872134706222e-05 8.842193458858057e-05 -0.00026387617974331503 0
4349 1 1 457142400 -178617739.52276599 -98818062.698906764 -20051724.185058668 5.9621155952335778 -24.021661286669108 -0.55765063140951721 601.34518824622876 6.140440153200526e-05 8.7331179078269786e-05 -0.00026198701995902498 0
4350 1 1 457228800 -178092396.89283815 -100887837.1329038 -20098758.008137867 6.1981588347426264 -23.889505877488737 -0.53112072543931155 601.34456768075415 6.0444007547792184e-05 8.6242000352469402e-05 -0.00026006542671122579 0
4351 1 1 457315200 -177546772.56473678 -102946121.87346365 -20143506.25346116 6.4316017827883867 -23.755703176537086 -0.50474383980897097 601.34395226025094 5.949721058832708e-05 8.5154601011073054e-05 -0.00025811190435779595 0
4352 1 1 457401600 -176981090.56966197 -104992776.39918667 -20185982.167238135 6.6624591513333495 -23.620294797292168 -0.4785205487280208 601.34334203879689 5.8563685818473241e-05 8.4069173380407197e-05 -0.00025612695406287804 0
4353 1 1 457488000 -176395573.65854999 -107027663.74290024 -20226199.042649731 6.8907458607534959 -23.483321403117095 -0.45245136572224703 601.34273706971908 5.7643112133844911e-05 8.2985899576919173e-05 -0.00025411107251064788 0
4354 1 1 457574400 -175790443.28493515 -109050650.41036214 -20264170.214716654 7.1164770198681113 -23.344822725604551 -0.42653674619923315 601.34213740559915 5.6735172162808076e-05 8.1904951790831527e-05 -0.00025206475220048959 0
4355 1 1 457660800 -175165919.58949867 -111061606.30054356 -20299909.055385754 7.3396679068709076 -23.204837582787295 -0.40077708992924727 601.34154309827375 5.583955242609355e-05 8.0826492840465258e-05 -0.00024998848212445178 0
4356 1 1 457747200 -174522221.38622725 -113060404.6274785 -20333428.968827102 7.560333951129329 -23.063403897199141 -0.37517274344349683 601.34095419883874 5.49559433077843e-05 7.975067562057358e-05 -0.00024788274606213942 0
4357 1 1 457833600 -173859566.15010756 -115046921.8436673 -20364743.38693488 7.7784907158198724 -22.920558713772387 -0.34972400235204526 601.34037075765264 5.4084039481537965e-05 7.8677644854948755e-05 -0.0002457480244254854 0
4358 1 1 457920000 -173178170.00628623 -117021037.56501873 -20393865.765025105 7.9941538813680149 -22.77633821755904 -0.32443111358361781 601.33979282433745 5.322353963786578e-05 7.760753618097564e-05 -0.00024358479327746607 0
4359 1 1 458006400 -172478247.72062707 -118982634.49731508 -20420809.577723533 8.2073392296623151 -22.630777751264457 -0.29929427754934607 601.33922044778262 5.2374146701406831e-05 7.6540476500111418e-05 -0.00024139352502001201 0
4360 1 1 458092800 -171760012.69159934 -120931598.36418399 -20445588.315037407 8.4180626290131588 -22.48391183258304 -0.27431365023260229 601.33865367614885 5.1535567885567706e-05 7.5476585011939045e-05 -0.00023917468767253489 0
4361 1 1 458179200 -171023676.94343546 -122867817.83655857 -20468215.478604563 8.6263400198274081 -22.335774171326861 -0.2494893452069539 601.33809255686913 5.0707514497138226e-05 7.4415972910255395e-05 -0.00023692874484933837 0
4362 1 1 458265600 -170269451.12049532 -124791184.46360908 -20488704.57811382 8.8321874009711241 -22.186397686339212 -0.22482143558443882 601.33753713665521 4.9889701852693344e-05 7.3358743316862188e-05 -0.00023465615659196262 0
4363 1 1 458352000 -169497544.48278061 -126701592.60512553 -20507069.127890937 9.0356208167934735 -22.035814522185589 -0.20030995589614725 601.33698746149867 4.9081849932522982e-05 7.2304992486845181e-05 -0.00023235737880048353 0
4364 1 1 458438400 -168708164.90254337 -128598939.36533308 -20523322.643644009 9.236656344785743 -21.884056065616157 -0.17595490390702445 601.33644357667549 4.8283683400532492e-05 7.1254809000073047e-05 -0.00023003286308345835 0
4365 1 1 458524800 -167901518.86193258 -130483124.52811964 -20537478.639362983 9.4353100838500392 -21.731152961794098 -0.15175624236696303 601.33590552674855 4.7494930787378897e-05 7.0208274396221649e-05 -0.00022768305733289154 0
4366 1 1 458611200 -167077811.45163089 -132354050.4936551 -20549550.624367792 9.6315981431532443 -21.57713513028526 -0.12771390070006858 601.33537335557253 4.6715325086660501e-05 6.9165463532489728e-05 -0.00022530840513240242 0
4367 1 1 458697600 -166237246.37042812 -134211622.21638188 -20559552.100499786 9.825536631542656 -21.42203178080505 -0.10382777663400902 601.33484710629602 4.5944603614288082e-05 6.8126444918506786e-05 -0.00022290934655965364 0
4368 1 1 458784000 -165380025.92568725 -136055747.14435509 -20567496.559451468 10.017141647500443 -21.265871428719379 -0.080097737771312377 601.33432682136629 4.5182508215177402e-05 6.7091280363926938e-05 -0.00022048631765721793 0
4369 1 1 458870400 -164506351.03465495 -137886335.15991169 -20573397.480229553 10.206429269614787 -21.1086819102972 -0.056523623104316099 601.33381254253288 4.4428785101004555e-05 6.6060025663140017e-05 -0.00021803975007937278 0
4370 1 1 458956800 -163616421.22657421 -139703298.52164599 -20577268.326746497 10.393415547546354 -20.95049039771229 -0.033105244475677184 601.33330431085142 4.3683185143831501e-05 6.5032731290231736e-05 -0.00021557007205407039 0
4371 1 1 459043200 -162710434.64555693 -141506551.8076714 -20579122.545535959 10.578116493469594 -20.791323413792995 -0.0098423879861296061 601.33280216668686 4.2945463578348231e-05 6.4009440976959623e-05 -0.00021307770757242781 0
4372 1 1 459129600 -161788588.05417573 -143296011.86014459 -20578973.563587666 10.760548073968883 -20.631206846519049 0.013265184648852549 601.33230614971842 4.2215379816577659e-05 6.2990193243974931e-05 -0.00021056307697401715 0
4373 1 1 459216000 -160851076.83773744 -145071597.73103192 -20576834.786297362 10.940726202370335 -20.470165963264524 0.036217734791781489 601.33181629894352 4.1492697588703912e-05 6.1975021546038312e-05 -0.00020802659672212206 0
4374 1 1 459302400 -159898095.00920069 -146833230.62909541 -20572719.595527597 11.118666731490981 -20.308225424787182 0.059015545623696791 601.33133265268032 4.0777184896081992e-05 6.0963953709754079e-05 -0.00020546867962029905 0
4375 1 1 459388800 -158929835.21470299 -148580833.86807582 -20566641.347775362 11.294385446787315 -20.145409298964491 0.081658920930942042 601.33085524857313 4.0068614666469995e-05 5.9957012777009813e-05 -0.00020288973466754665 0
4376 1 1 459475200 -157946488.73966232 -150314332.81605265 -20558613.372442592 11.46789805988616 -19.98174107427662 0.10414818393666035 601.33038412359508 3.9366763782053271e-05 5.8954217148033907e-05 -0.00020029016714309211 0
4377 1 1 459561600 -156948245.51542279 -152033654.84595713 -20548648.970205735 11.639220202481177 -19.817243673037805 0.1264836761755215 601.3299193140532 3.867141323515189e-05 5.7955580257121774e-05 -0.00019767037845166635 0
4378 1 1 459648000 -155935294.12641159 -153738729.28721866 -20536761.411480717 11.808367420579241 -19.6519394643772 0.14866575641019747 601.32946085559206 3.7982348875839713e-05 5.6961111213370557e-05 -0.00019503076662648732 0
4379 1 1 459734400 -154907821.81777862 -155429487.37852055 -20522963.934979849 11.975355169081308 -19.485850276970694 0.17069479958819425 601.3290087831972 3.7299360526358289e-05 5.59708146107794e-05 -0.00019237172595105878 0
4380 1 1 459820800 -153866014.50349122 -157105862.22164688 -20507269.746357046 12.140198806682974 -19.318997411525697 0.19257119583770846 601.32856313120033 3.662224216389222e-05 5.4984690778270299e-05 -0.00018969364705241049 0
4381 1 1 459907200 -152810056.77485484 -158767788.73639572 -20489692.016938321 12.302913591080586 -19.151401653020766 0.21429534950109752 601.3281239332822 3.5950792427300427e-05 5.4002736010402671e-05 -0.00018699691738270456 0
4382 1 1 459993600 -151740131.90943626 -160415203.61654091 -20470243.882534001 12.463514674469261 -18.983083282702459 0.23586767820475407 601.32769122247714 3.52848137320516e-05 5.3024942783101038e-05 -0.00018428192035954162 0
4383 1 1 460080000 -150656421.8803634 -162048045.28681871 -20448938.442330007 12.62201709931959 -18.814062089841784 0.25728861196413294 601.32726503117726 3.4624112670500892e-05 5.2051299838214147e-05 -0.00018154903583518658 0
4384 1 1 460166400 -149559107.365978 -163666253.86092055 -20425788.757854823 12.778435794420567 -18.644357383252899 0.27855859232256575 601.32684539113666 3.3968500046066407e-05 5.1081792104335209e-05 -0.00017879864086973177 0
4385 1 1 460252800 -148448367.75981978 -165269771.10047078 -20400807.852019526 12.932785571176483 -18.473988002576839 0.29967807152282266 601.32643233347494 3.3317790933441849e-05 5.0116401182106184e-05 -0.00017603110859159348 0
4386 1 1 460339200 -147324381.18091986 -166858540.37496909 -20374008.708228003 13.08508112014623 -18.302972329333191 0.32064751171027056 601.32602588868122 3.26718045425035e-05 4.9155105388374757e-05 -0.00017324680897404956 0
4387 1 1 460425600 -146187324.48438209 -168432506.62267831 -20345404.269554704 13.235337007813733 -18.131328297742694 0.34146738416642664 601.32562608661851 3.2030363780358034e-05 4.8197879166124849e-05 -0.0001704461086592035 0
4388 1 1 460512000 -145037373.27223569 -169991616.31243655 -20315007.437987294 13.383567673578765 -17.959073405323981 0.3621381685718994 601.32523295652629 3.1393295864964773e-05 4.7244694395326758e-05 -0.00016762937098903417 0
4389 1 1 460598400 -143874701.9045372 -171535817.4063763 -20282831.073731784 13.529787426957917 -17.786224723267484 0.38266035229765849 601.32484652702681 3.0760431972911539e-05 4.6295519728354378e-05 -0.00016479695589153567 0
4390 1 1 460684800 -142699483.5107061 -173065059.32353005 -20248887.994577795 13.674010444985706 -17.612798906590108 0.4030344297236127 601.32446682612738 3.0131607336213998e-05 4.5350320969466735e-05 -0.00016194922007424219 0
4391 1 1 460771200 -141511890.00107643 -174579292.90430355 -20213190.975321356 13.816250769806377 -17.438812204073869 0.42326090158346164 601.32409388122551 2.9506660751884321e-05 4.4409061114101987e-05 -0.00015908651745379787 0
4392 1 1 460857600 -140312092.07864943 -176078470.37579882 -20175752.747243427 13.956522306447189 -17.264280467991878 0.44334027433494083 601.32372771911071 2.8885435187605294e-05 4.3471700525909583e-05 -0.00015620919854636813 0
4393 1 1 460944000 -139100259.25102976 -177562545.31796843 -20136585.99764156 14.094838820764515 -17.089219163625415 0.46327305955456988 601.32336836597062 2.8267777212211695e-05 4.2538196559723777e-05 -0.00015331761051739159 0
4394 1 1 461030400 -137876559.84253287 -179031472.63058338 -20095703.369413048 14.231213937554296 -16.913643378575294 0.48305977335590528 601.32301584739355 2.7653537401709861e-05 4.1608504570570451e-05 -0.00015041209782544696 0
4395 1 1 461116800 -136641161.00644881 -180485208.50099584 -20053117.460687172 14.365661138818909 -16.7375678318712 0.50270093583048314 601.32267018837331 2.7042570383378739e-05 4.0682577379551973e-05 -0.00014749300173565283 0
4396 1 1 461203200 -135394228.73744857 -181923710.37268171 -20008840.824504822 14.498193762182478 -16.56100688288274 0.52219707051065112 601.32233141331233 2.643473362599605e-05 3.9760365541337968e-05 -0.00014456066053246654 0
4397 1 1 461289600 -134135927.88412216 -183346936.91454354 -19962885.968543772 14.628824999447399 -16.383974540035521 0.54154870385343001 601.32199954602515 2.5829888904822772e-05 3.8841817276258879e-05 -0.00014161540964980363 0
4398 1 1 461376000 -132866422.1616348 -184754847.99095839 -19915265.35488743 14.75756789528508 -16.206484469336107 0.56075636474465629 601.3216746097437 2.5227901562628895e-05 3.7926878574242311e-05 -0.00013865758145392487 0
4399 1 1 461462400 -131585874.16449147 -186147404.63255504 -19865991.399835784 14.884435346053856 -16.028550002709231 0.57982058402264947 601.32135662711846 2.4628640740096613e-05 3.7015493903855101e-05 -0.00013568750545157272 0
4400 1 1 461548800 -130294445.37939726 -187524569.00770181 -19815076.4737566 15.009440098737654 -15.850184146151015 0.59874189402064315 601.32104562022516 2.4031978744937572e-05 3.6107605336379186e-05 -0.0001327055083778032 0
4401 1 1 461635200 -128992296.19820544 -188886304.39469308 -19762532.900975309 15.1325947499992 -15.671399587701869 0.61752082812729259 601.3207416105671 2.3437791602805576e-05 3.5203153027600643e-05 -0.00012971191417527584 0
4402 1 1 461721600 -127679585.93094203 -190232575.15461555 -19708372.959702253 15.253911745341792 -15.492208705242351 0.63615792036459728 601.32044461907833 2.2845959085312724e-05 3.4302075679961793e-05 -0.00012670704385931735 0
4403 1 1 461808000 -126356472.81889842 -191563346.70488065 -19652608.88199557 15.373403378373807 -15.31262357411585 0.65465370498253672 601.32015466612722 2.2256364004894804e-05 3.3404310224308225e-05 -0.00012369121596302092 0
4404 1 1 461894400 -125023114.04778361 -192878585.49340895 -19595252.853758428 15.491081790170565 -15.132655974581516 0.6730087160697944 601.31987177152166 2.1668892965379879e-05 3.2509791510511786e-05 -0.00012066474623681031 0
4405 1 1 461980800 -123679665.76092686 -194178258.97345057 -19536317.014769185 15.606958968728245 -14.952317399100975 0.69122348717997517 601.31959595450985 2.108343575528153e-05 3.1618453169260134e-05 -0.00011762794788668835 0
4406 1 1 462067200 -122326283.07252453 -195462335.5790287 -19475813.458743259 15.721046748504856 -14.771619059462276 0.70929855097271233 601.31932723378668 2.0499885679724569e-05 3.0730227197367167e-05 -0.00011458113126323789 0
4407 1 1 462153600 -120963120.08092245 -196730784.70099089 -19413754.233425386 15.833356810043336 -14.590571893744555 0.72723443886908912 601.31906562749589 1.9918139108436905e-05 2.9845044435549464e-05 -0.00011152460422361056 0
4408 1 1 462240000 -119590329.88192773 -197983576.66365647 -19350151.34071096 15.943900679672351 -14.409186573126911 0.74503168072078263 601.31881115323347 1.9338095779295851e-05 2.8962834181603504e-05 -0.00010845867214333174 0
4409 1 1 462326400 -118208064.58214325 -199220682.70204467 -19285016.736795437 16.052689729280303 -14.227473508544785 0.76269080449242899 601.3185638280512 1.875965879125386e-05 2.8083524346691184e-05 -0.00010538363798114886 0
4410 1 1 462412800 -116816475.31231819 -200442074.93967161 -19218362.332350731 16.159735176158236 -14.045442857197274 0.78021233595667738 601.31832366845958 1.8182733897849362e-05 2.7207041886182537e-05 -0.00010229980227902982 0
4411 1 1 462499200 -115415712.2407102 -201647726.36690396 -19150199.992727235 16.265048082907793 -13.863104528908694 0.79759679840147657 601.31809069043209 1.7607230911500888e-05 2.6333312029058546e-05 -9.9207462842480719e-05 0
4412 1 1 462585600 -114005924.58645193 -202837610.81985465 -19080541.538180765 16.368639357410284 -13.680468192347586 0.81484471234907063 601.3178649094084 1.7033062519157065e-05 2.5462259304249376e-05 -9.6106915136900359e-05 0
4413 1 1 462672000 -112587260.63291819 -204011702.95981097 -19009398.744123261 16.470519752853122 -13.497543281106468 0.83195659528619637 601.31764634029639 1.6460143744528587e-05 2.4593807128751594e-05 -9.2998452487175543e-05 0
4414 1 1 462758400 -111159867.74108861 -205169978.25318193 -18936783.34139628 16.570699867810028 -13.31433899964555 0.84893296140509245 601.31743499747699 1.5888393625099269e-05 2.3727877587878407e-05 -8.9882365757529587e-05 0
4415 1 1 462844800 -109723892.36290072 -206312412.95195314 -18862707.016566504 16.669190146372067 -13.130864329103458 0.8657743213548823 601.31723089480738 1.5317734107567208e-05 2.2864392114220542e-05 -8.6758943550306421e-05 0
4416 1 1 462931200 -108279480.05458994 -207438984.07463777 -18787181.412242197 16.766000878325656 -12.947128032978124 0.88248118200287329 601.31703404562177 1.4748089444507223e-05 2.2003271309824287e-05 -8.3628472359646494e-05 0
4417 1 1 463017600 -106826775.49001248 -208549669.387714 -18710218.127409972 16.861142199374918 -12.76313866268093 0.89905404620538698 601.31684446273675 1.4179387427374459e-05 2.1144434749120977e-05 -8.0491236480489595e-05 0
4418 1 1 463104000 -105365922.47394641 -209644447.38753518 -18631828.717790853 16.954624091405439 -12.578904562967079 0.91549341258775252 601.31666215845439 1.3611558769099618e-05 2.0287800763593835e-05 -7.7347517921070265e-05 0
4419 1 1 463190400 -103897063.95536934 -210723297.28270596 -18552024.696215089 17.046456382786275 -12.394433877245119 0.93179977533309455 601.31648714456367 1.3044536752990925e-05 1.9433287720634436e-05 -7.4197596186288266e-05 0
4420 1 1 463276800 -102420342.0407075 -211786198.97691044 -18470817.533014692 17.136648748707859 -12.209734552768518 0.94797362397946794 601.31631943234504 1.2478257750418078e-05 1.8580812820675331e-05 -7.1041749196593869e-05 0
4421 1 1 463363200 -100935898.00705488 -212833133.0521847 -18388218.656433355 17.225210711553178 -12.024814345712292 0.96401544322501864 601.31615903257307 1.1912660828836641e-05 1.7730292510760193e-05 -6.7880252632900609e-05 0
4422 1 1 463449600 -99443872.315358505 -213864080.75262296 -18304239.45305264 17.312151641299589 -11.839680826137325 0.97992571274093454 601.31600595551947 1.1347688094825029e-05 1.6881642697899552e-05 -6.4713379787755527e-05 0
4423 1 1 463536000 -97944404.623567656 -214879023.96850765 -18218891.268234182 17.397480755949292 -11.654341382845287 0.99570490699171099 601.31586021095507 1.0783284451893267e-05 1.603477876643285e-05 -6.1541402423478803e-05 0
4424 1 1 463622400 -96437633.79974556 -215877945.22085455 -18132185.406577114 17.481207121985779 -11.468803228126722 1.0113534950624721 601.31572180815328 1.0219396994290435e-05 1.518961552772749e-05 -5.8364590140598341e-05 0
4425 1 1 463708800 -94923697.935139328 -216860827.64636362 -18044133.132389951 17.563339654854452 -11.283073402405142 1.0268719404930835 601.31559075589325 9.6559758293820871e-06 1.4346067030843064e-05 -5.5183210622830168e-05 0
4426 1 1 463795200 -93402734.35720858 -217827654.98276675 -17954745.670176677 17.643887119465418 -11.097158778779667 1.0422607011187226 601.31546706246297 9.0929740424142835e-06 1.3504047049789174e-05 -5.1997529538230882e-05 0
4427 1 1 463881600 -91874879.642608985 -218778411.55456346 -17864034.205136329 17.722858130716251 -10.911066067468704 1.0575202289166381 601.31535073565976 8.5303468982122732e-06 1.2663469075309733e-05 -4.880781053770461e-05 0
4428 1 1 463968000 -90340269.630130336 -219713082.25913662 -17772009.883675434 17.800261154033095 -10.724801820157406 1.0726509698587967 601.31524178279619 7.9680525873902874e-06 1.1824245649684214e-05 -4.5614315518364495e-05 0
4429 1 1 464054400 -88799039.433586642 -220631652.55323935 -17678683.813933168 17.876104505928335 -10.538372434251212 1.087653363770136 601.31514021070166 7.4060519579499782e-06 1.0986289336266591e-05 -4.2417304828603091e-05 0
4430 1 1 464140800 -87251323.454657733 -221534108.43984577 -17584067.066318285 17.950396354572941 -10.351784157037928 1.1025278441922419 601.31504602572284 6.8443082929146896e-06 1.0149512354023288e-05 -3.9217036600526626e-05 0
4431 1 1 464227200 -85697255.39568083 -222420436.45535797 -17488170.674057711 18.023144720382192 -10.165043089760818 1.1172748382521585 601.31495923372927 6.2827872780570189e-06 9.3138263189775188e-06 -3.6013767492453084e-05 0
4432 1 1 464313600 -84136968.272390872 -223290623.65715969 -17391005.633756269 18.094357476613002 -9.978155191605012 1.1318947665360894 601.31487984011426 5.721457103572148e-06 8.4791429255454371e-06 -3.2807752161884601e-05 0
4433 1 1 464400000 -82570594.426608726 -224144657.61151245 -17292582.905967105 18.164042349971599 -9.7911262835995103 1.1463880429677562 601.31480784979851 5.1602886048561954e-06 7.6453733065477483e-06 -2.9599243825579104e-05 0
4434 1 1 464486400 -80998265.538876772 -224982526.38178408 -17192913.415772412 18.232206921230009 -9.6039620524370601 1.1607550746911763 601.31474326723037 4.5992550420158873e-06 6.8124286890352565e-06 -2.6388494150920549e-05 0
4435 1 1 464572800 -79420112.641040504 -225804218.51700416 -17092008.053374115 18.29885862585008 -9.4166680542140995 1.1749962619577397 601.31468609639126 4.0383322548922351e-06 5.9802197676157609e-06 -2.3175752642253372e-05 0
4436 1 1 464659200 -77836266.128776282 -226609723.0407393 -16989877.674694069 18.364004754613902 -9.2292497180930759 1.1891119980172828 601.31463634079637 3.4774982357433788e-06 5.1486571000355764e-06 -1.9961267580739098e-05 0
4437 1 1 464745600 -76246855.774064168 -227399029.44028166 -16886533.101983644 18.42765245425915 -9.0417123498890177 1.2031026690129254 601.31459400349684 2.9167335234580717e-06 4.3176510988340653e-06 -1.6745285807003274e-05 0
4438 1 1 464832000 -74652010.737605885 -228172127.65614408 -16781985.124442134 18.489808728118533 -8.8540611355826186 1.2169686538795874 601.31455908708188 2.3560209322665118e-06 3.4871122827183135e-06 -1.3528052488343531e-05 0
4439 1 1 464918400 -73051859.581187084 -228929008.07185516 -16676244.498843756 18.550480436762061 -8.6663011447618512 1.2307103242459727 601.31453159368266 1.7953455705934558e-06 2.6569510130794206e-06 -1.0309811141171901e-05 0
4440 1 1 465004800 -71446530.279982865 -229669661.50404745 -16569321.950181954 18.609674298679455 -8.4784373339375119 1.2443280441198421 601.31451152144064 1.2346949473006624e-06 1.8270773836925681e-06 -7.0908038645455989e-06 0
4441 1 1 465091200 -69836150.23483181 -230394079.19286895 -16461228.172181047 18.667396890137475 -8.290474551013423 1.2578221743203635 601.31449893713909 6.6766217815238165e-07 9.8793617061373553e-07 -3.8345321979869307e-06 0
4442 1 1 465177600 -68220846.284487426 -231102252.79272756 -16351973.82762539 18.723654647282576 -8.1024175363686233 1.2711930640156803 601.31449384178404 1.3625432267518304e-07 2.0160665143552567e-07 -7.8255042832736044e-07 0
4443 1 3 465195081.64549983 -67893427.961534187 -231243563.70159277 -16329727.757341491 18.734859885479302 -8.0643561862474513 1.273883478840536 601.31449357740314 0 0 0 142
4444 1 1 465264000 -66600744.716790967 -231794174.36179787 -16241569.55457348 18.778453894150044 -7.9142708855403878 1.2844408934726423 601.31449331240253 -1.48198925965088e-08 -2.1928655150829185e-08 8.5115019519260956e-08 0
4445 1 4 465264060 -66599618.008430824 -231794649.21413037 -16241492.487845158 18.778491443855373 -7.9141401980305162 1.2844500505753926 601.31449331240253 0 0 0 0
