# tour results/plan_E3/tour_sc6.json m0=2000.0
1 1 0 2592000 -91073425.093152255 115826476.74318345 -6745.1432936046131 -20.710699656748929 -19.596890067935842 -2.1116963359791545 2000 0 0 0 0
2 1 1 2678400 -92848612.811983973 114115430.04634856 -189185.22148224528 -20.380290689346676 -20.009966536238796 -2.1113441042171428 2000 0 0 0 0
3 1 1 2764800 -94594932.728998154 112368894.61091062 -371572.57126395794 -20.042612098442486 -20.41825167032539 -2.110519166837272 1999.9580102454368 -0.021211769366276056 0.016374621844834576 -0.0063565635817082692 0
4 1 1 2851200 -96311750.980452612 110587286.2277893 -553864.8846322631 -19.697172145378275 -20.821976383689787 -2.109083920983025 1999.9062639530405 -0.013173598137108701 0.010629924805694925 -0.0044846178548089474 0
5 1 1 2937600 -97998371.810820952 108770985.76168562 -736002.03221054818 -19.343685566262931 -21.22121966014231 -2.1069509407915294 1999.8638030424524 -0.016239598393191085 0.013335500183641026 -0.0057666583277519333 0
6 1 1 3024000 -99654114.721813083 106920397.49496266 -917927.53328669618 -18.982374729178051 -21.615676035910177 -2.1041743746573656 1999.8165599689262 -0.015161119426201252 0.012885855577666043 -0.0058535138059475139 0
7 1 1 3110400 -101278298.12209223 105035936.71565145 -1099583.7899277571 -18.61314881805928 -22.005276822492288 -2.100719006730067 1999.7711133510536 -0.014783131739980767 0.01297353566002683 -0.0061369588056793102 0
8 1 1 3196800 -102870239.92034759 103118030.29359055 -1280912.2472868131 -18.236043400703885 -22.389855907047696 -2.0965853577911031 1999.7258624173915 -0.01441354109859758 0.013070611275619447 -0.0064184510647174765 0
9 1 1 3283200 -104429259.85071331 101167118.54660523 -1461854.0139254562 -17.851071000539719 -22.769263667708664 -2.0917667839384175 1999.6808411320178 -0.014052620456036979 0.01317677309506601 -0.0066979311614795093 0
10 1 1 3369600 -105954678.87216251 99183654.873028621 -1642349.6403968409 -17.458247383453415 -23.14334699489757 -2.0862569893185112 1999.6360020983705 -0.013700643051174048 0.013291700255465217 -0.006975343163239606 0
11 1 1 3456000 -107445819.39637689 97168106.010601595 -1822339.1330935634 -17.057590431402662 -23.511950210716794 -2.080049674417797 1999.5912983459918 -0.013357872696226812 0.013415063108557675 -0.0072506300351399839 0
12 1 1 3542400 -108902005.47590758 95120952.259604424 -2001761.9541808069 -16.649120266582749 -23.874915040958808 -2.0731385418988078 1999.5466835242653 -0.0130245641288663 0.013546523159603615 -0.0075237336505391463 0
13 1 1 3628800 -110322563.00325452 93042687.708285749 -2180557.0220506266 -16.23285938000598 -24.232080589949589 -2.0655173028287463 1999.5021120912641 -0.012700962707928821 0.013685733195779674 -0.0077945946830752406 0
14 1 1 3715200 -111706819.92124709 90933820.460335076 -2358662.7123313835 -15.808832764532776 -24.583283318449315 -2.0571796833038563 1999.4575394959688 -0.012387304049950022 0.013832337418229035 -0.0080631524699463185 0
15 1 1 3801600 -113054106.44511299 88794872.864123151 -2536016.859487175 -15.377068052423523 -24.928357024857029 -2.0481194314851754 1999.4129223511441 -0.012083813712709356 0.013985971582231043 -0.0083293448962475335 0
16 1 1 3888000 -114363755.29662943 86626381.743414998 -2712556.7590435292 -14.937595657473068 -25.267132829977662 -2.0383303250620872 1999.368218594466 -0.011790706836446167 0.014146263192113729 -0.008593108280745592 0
17 1 1 3974400 -115635101.95075491 84428898.629234955 -2888219.1704769926 -14.490448921782374 -25.599439165624936 -2.0278061791599753 1999.3233876359186 -0.011508187814203047 0.01431283166211105 -0.0088543772740217498 0
18 1 1 4060800 -116867484.8951437 82202989.992540345 -3062940.3208077373 -14.03566426721299 -25.925101767347986 -2.0165408547082695 1999.2783904899602 -0.011236449902787438 0.014485288508531207 -0.0091130847474402976 0
19 1 1 4147200 -118060245.90294969 79949237.477335036 -3236655.9089356568 -13.573281351561594 -26.2439436715824 -2.0045282672860028 1999.2331898913367 -0.010975674891719732 0.014663237585201402 -0.0093691617209572219 0
20 1 1 4233600 -119212730.31932889 77668238.133826032 -3409301.1107619442 -13.103343229481766 -26.555785217542216 -1.9917623964613567 1999.1877503939195 -0.010726032714612449 0.014846275303634545 -0.0096225372547459175 0
21 1 1 4320000 -120324287.36205108 75360604.651200682 -3580810.5851395596 -12.625896518167979 -26.860444054184548 -1.9782372956426191 1999.1420384524367 -0.010487681095858008 0.015033990884643423 -0.0098731384140915753 0
22 1 1 4406400 -121394270.43663239 73026965.58957006 -3751118.480697562 -12.140991567804692 -27.157735152592757 -1.9639471024575124 1999.0960224873002 -0.010260765155945536 0.015225966639809137 -0.010120890178965445 0
23 1 1 4492800 -122422037.46640033 70667965.610595539 -3920158.4435855709 -11.648682636769133 -27.447470824139792 -1.9488860496769831 1999.049672933153 -0.010045417047770989 0.015421778254148187 -0.010365715400144216 0
24 1 1 4579200 -123406951.23790063 68284265.706282824 -4087863.6261862433 -11.149028071561604 -27.72946074480917 -1.9330484767011988 1999.0029622720044 -0.0098417555674344005 0.015620995103245619 -0.010607534765204714 0
25 1 1 4665600 -124348379.7620531 65876543.425394744 -4254166.6968449745 -10.642090491419392 -28.003511986065142 -1.9164288416235045 1998.9558650520726 -0.0096498857689285133 0.015823180596106119 -0.010846266749452806 0
26 1 1 4752000 -125245696.65145767 63445493.096898898 -4418999.850667499 -10.127936977553077 -28.269429052680337 -1.8990217338888218 1998.9083578935956 -0.0094698985915333406 0.016027892524226709 -0.011081827613310761 0
27 1 1 4838400 -126098281.51424816 60991826.049831845 -4582294.8214374045 -9.6066392669231462 -28.527013927943376 -1.8808218875618974 1998.8604194830039 -0.0093018704597106379 0.016234683457235489 -0.01131413136130921 0
28 1 1 4924800 -126905520.3648801 58516270.828922272 -4743982.8947069254 -9.0782739504535215 -28.776066126683936 -1.8618241952204748 1998.8120305568573 -0.0091458629168413019 0.01644310113950298 -0.01154308975794348 0
29 1 1 5011200 -127666806.05223168 56019573.405279242 -4903994.9221156221 -8.5429226755552463 -29.016382756568014 -1.8420237224882687 1998.7631738769555 -0.0090019222325375663 0.016652688926786861 -0.011768612319503755 0
30 1 1 5097600 -128381538.7053836 53502497.381410338 -5062261.3369928356 -8.0006723528077579 -29.247758588129205 -1.8214157232205654 1998.7138341980158 -0.0088700790326978907 0.016862986242446833 -0.011990606318880074 0
31 1 1 5184000 -129049126.19742945 50965824.189794637 -5218712.1713008303 -7.4516153666186389 -29.469986134015517 -1.7999956553557472 1998.6639982291663 -0.0087503479350445109 0.017073529073250184 -0.01220897681624889 0
32 1 1 5270400 -129668984.62765136 48410353.284192652 -5373277.0739767151 -6.8958497896526119 -29.682855737944639 -1.7777591974438283 1998.6136545905117 -0.0086427271742495482 0.017283850464016044 -0.012423626663488587 0
33 1 1 5356800 -130240538.82237683 45836902.322833486 -5525885.3307320094 -6.333479600789599 -29.886155673871635 -1.7547022658624334 1998.5627937658498 -0.0085471982575891763 0.017493481070644964 -0.012634456555325808 0
34 1 1 5443200 -130763222.85480964 43246307.342573851 -5676465.8853697451 -5.7646149063383216 -30.079672255883754 -1.7308210327291065 1998.5114080524916 -0.0084637256155118551 0.01770194972460323 -0.012841365050324717 0
35 1 1 5529600 -131236480.58410363 40639422.923079975 -5824947.3626794722 -5.1893721641959223 -30.263189959347443 -1.7061119445167743 1998.4594915091041 -0.0083922562743604032 0.017908784009770369 -0.013044248621472557 0
36 1 1 5616000 -131659766.21391819 38017122.340037398 -5971258.0929712709 -4.6078744106060512 -30.436491553838888 -1.6805717413778911 1998.4070399022849 -0.0083327195286512345 0.018113510926946619 -0.013243001696835127 0
37 1 1 5702400 -132032544.87066478 35380297.70634681 -6115326.1383100916 -4.0202514891282819 -30.599358248397444 -1.6541974771808876 1998.3540506524869 -0.0082850266524785287 0.018315657502168989 -0.013437516733868152 0
38 1 1 5788800 -132354293.20161599 32729860.100218419 -6257079.3205120591 -3.4266402813885697 -30.751569849645584 -1.6269865402596049 1998.300522779906 -0.0082490705979730745 0.018514751488328558 -0.013627684257082572 0
39 1 1 5875200 -132624499.99301192 30066739.679028973 -6396445.2509642886 -2.8271849391361146 -30.892904933319187 -1.5989366748740701 1998.2464568506753 -0.0082247257449545932 0.018710322094022201 -0.013813392934963104 0
40 1 1 5961600 -132842666.80825393 27391885.777759992 -6533351.3623294886 -2.2220371170851667 -31.023141029755056 -1.5700460033788191 1998.1918549237907 -0.0082118476533555116 0.018901900677960087 -0.01399452964305817 0
41 1 1 6048000 -133008308.64622922 24706266.990786977 -6667724.9421962732 -1.6113562059704283 -31.142054823877324 -1.5403130490916761 1998.1367204990029 -0.0082102728438279392 0.019089021572327655 -0.014170979555011117 0
42 1 1 6134400 -133120954.61975895 22010871.235744406 -6799493.1687351866 -0.99530956519359559 -31.24942237021925 -1.5097367598525986 1998.081058465885 -0.0082198186024870449 0.019271222832272502 -0.014342626214676281 0
43 1 1 6220800 -133180148.65410469 19306705.798144072 -6928583.1484195376 -0.37407275438520826 -31.345019323508957 -1.4783165322580767 1998.0248750542692 -0.0082402828228690418 0.019448047098095389 -0.01450935161712663 0
44 1 1 6307200 -133185450.20540917 16594797.355379986 -7054921.9558686847 0.2521702368497995 -31.428621185333228 -1.4460522365540651 1997.9681777860985 -0.0082714438730721162 0.019619042419669257 -0.014671036317046087 0
45 1 1 6393600 -133136434.99888021 13876191.978708889 -7178436.6758697229 0.88322676179193393 -31.500003567378457 -1.4129442421654377 1997.9109754287704 -0.0083130605024922238 0.019783763167671428 -0.014827559515198761 0
46 1 1 6480000 -133032695.78645663 11151955.111753279 -7299054.447631469 1.5188952929208785 -31.55894247172656 -1.3789934438355262 1997.8532779500079 -0.0083648717710767453 0.019941770909335292 -0.014978799169205539 0
47 1 1 6566400 -132873843.12361918 8423171.5240337942 -7416702.5113222022 2.1589652025922894 -31.605214588658395 -1.3442012883449859 1997.7950964742472 -0.0084265970295866674 0.020092635363816665 -0.015124632098515696 0
48 1 1 6652800 -132659506.1649276 5690945.2379996888 -7531308.2569396365 2.8032165490480181 -31.6385976123867 -1.3085698017740937 1997.7364432404779 -0.0084979359566474729 0.020235935351518273 -0.015264934108558054 0
49 1 1 6739200 -132389333.47777896 2956399.427991325 -7642799.2755583841 3.4514198687947024 -31.658870575105968 -1.2721016172673236 1997.6773315615285 -0.0085785685990476344 0.020371259763225669 -0.015399580111388861 0
50 1 1 6825600 -132062993.87379013 220676.28953691936 -7751103.4129963005 4.1033359764486548 -31.665814199704585 -1.2348000032529376 1997.6177757847067 -0.0086681555016068293 0.020498208578998683 -0.015528444247601371 0
51 1 1 6912000 -131680177.25710975 -2515063.1226422237 -7856148.8259367738 4.7587157732091274 -31.659211271438121 -1.1966688920651254 1997.5577912537276 -0.0087663378504350808 0.020616393864308826 -0.015651400033052178 0
52 1 1 6998400 -131240595.48886092 -5249639.0895672105 -7957864.0405392833 5.4173000651862635 -31.638847028809138 -1.1577129089098619 1997.4973942718248 -0.0088727377061805571 0.02072544083085353 -0.015768320500637791 0
53 1 1 7084800 -130743983.26680882 -7981853.4575456893 -8056178.0135651017 6.0788193928735277 -31.604509573838943 -1.117937401108565 1997.4366020659652 -0.0089869582630437601 0.020824988858288585 -0.015879078345821539 0
54 1 1 7171200 -130190099.01923196 -10710489.904005758 -8151020.1960390666 6.7429938731176033 -31.55599030185034 -1.0773484675473886 1997.375432752083 -0.0091085841795953103 0.020914692574709612 -0.015983546087133548 0
55 1 1 7257600 -129578725.81185642 -13434314.241307786 -8242320.5994618433 7.4095330549995158 -31.49308435080502 -1.03595298825307 1997.313905301198 -0.0092371819573890089 0.020994222921528007 -0.016081596234733372 0
56 1 1 7344000 -128909672.26658846 -16152074.76022283 -8330009.8645799132 8.078135791099248 -31.415591070159596 -0.99375865400874774 1997.2520395063389 -0.009372300405563725 0.021063268228569604 -0.016173101464843239 0
57 1 1 7430400 -128182773.49065053 -18862502.614759132 -8414019.3327127341 8.7484901256727561 -31.323314509113796 -0.95077399591541634 1997.1898559501683 -0.0095134711438892884 0.021121535294020631 -0.016257934790667058 0
58 1 1 7516800 -127397892.0145909 -21564312.250003368 -8494281.119628042 9.4202732013228729 -31.216063924027878 -0.90700841479785865 1997.1273759732067 -0.009660209188149237 0.021168750461405112 -0.016335969768567282 0
59 1 1 7603200 -126554918.73750004 -24256201.874619544 -8570728.1919471845 10.093151185793225 -31.093654304681831 -0.8624722103454916 1997.0646216425507 -0.0098120136063718621 0.021204660684305082 -0.016407080677210504 0
60 1 1 7689600 -125653773.87762246 -26936853.979615066 -8643294.4460525922 10.76677922055771 -30.955906918935117 -0.81717660987118601 1997.0016157209932 -0.0099683682350492197 0.021229034600643612 -0.01647114274692164 0
61 1 1 7776000 -124694407.92640734 -29604935.90494068 -8711914.789459059 11.440801392915333 -30.802649875225907 -0.77113379656290371 1996.9383816364482 -0.010128742476122519 0.021241663564572476 -0.01652803234844244 0
62 1 1 7862400 -123676802.60389222 -32259100.455436565 -8776525.2245992497 12.114850733329661 -30.633718702219589 -0.72435693709525562 1996.8749434515962 -0.010292592165305446 0.021242362686038938 -0.01657762723533112 0
63 1 1 7948800 -122600971.81316262 -34897986.567571759 -8837062.9349622093 12.788549239774564 -30.448956944779653 -0.67686020846090822 1996.8113258336389 -0.01045936052191755 0.021230971833552957 -0.016619806765421272 0
64 1 1 8035200 -121466962.59147793 -37520220.028346039 -8893466.3735110983 13.461507930861391 -30.24821677529118 -0.62865882387344918 1996.7475540241089 -0.010628479160226011 0.021207356595376873 -0.016654452148367353 0
65 1 1 8121600 -120274856.05549923 -40124414.247633748 -8945675.3532931954 14.133326929525637 -30.031359619215554 -0.57976905758636998 1996.683653808632 -0.010799369194033301 0.021171409227903368 -0.016681446684107745 0
66 1 1 8208000 -119024768.33790289 -42709171.085144825 -8993631.1401417311 14.803595579043883 -29.798256793597236 -0.53020826846580105 1996.6196514865703 -0.010971442398140251 0.021123049558576662 -0.01670067602754622 0
67 1 1 8294400 -117716851.51251061 -45273081.733060971 -9037276.5473543685 15.471892593131763 -29.548790157081328 -0.47999492214809408 1996.5555738404687 -0.011144102464394942 0.021062225818231948 -0.016712028444429285 0
68 1 1 8380800 -116351294.50491662 -47814727.655273303 -9076556.0322187804 16.137786241840963 -29.282852769831379 -0.4291486116070537 1996.4914481052474 -0.011316746321121247 0.020988915450663601 -0.016715395086296311 0
69 1 1 8467200 -114928323.98544623 -50332681.584001027 -9111415.7942400463 16.800834574926842 -29.000349561563681 -0.37769007595075116 1996.427301937058 -0.01148876552792988 0.020903125841284342 -0.016710670276632509 0
70 1 1 8553600 -113448205.24113883 -52825508.574408993 -9141803.8749089018 17.460585684295808 -28.701198005738568 -0.3256412172620195 1996.363163381742 -0.011659547747610462 0.020804894996253976 -0.016697751776862016 0
71 1 1 8640000 -111911243.02331169 -55291767.117665082 -9167670.2588337604 18.116578007063971 -28.385328797771098 -0.273025115293971 1996.2990608428415 -0.011828478279554801 0.020694292128196654 -0.016676541104919479 0
72 1 1 8726400 -110317782.36713274 -57730010.312685743 -9188966.9760427959 18.768340670663992 -28.05268653494382 -0.21986603982813602 1996.2350230491174 -0.011994941655384159 0.020571418177279949 -0.016646943805906408 0
73 1 1 8812800 -108668209.37951177 -60138787.096610457 -9205648.2052458413 19.415393881323652 -27.703230395525907 -0.16618946050074371 1996.171079021497 -0.012158323320766209 0.020436406248338191 -0.016608869770346327 0
74 1 1 8899200 -106962951.99150988 -62516643.533822164 -9217670.3778288942 20.057249357109619 -27.336934814426456 -0.11202205390300567 1996.1072580394182 -0.012318011338512874 0.020289421942598692 -0.016562233543115909 0
75 1 1 8985600 -105202480.67137067 -64862124.163092628 -9224992.2823372893 20.693410806579564 -26.953790152538197 -0.057391707760060834 1996.0435896065462 -0.012473398187616105 0.020130663590016095 -0.016506954618249577 0
76 1 1 9072000 -103387309.09419326 -67173773.40217872 -9227575.1691868007 21.323374453916482 -26.55380335675931 -0.0023275219965417202 1995.9801034157799 -0.012623882571475196 0.019960362409432053 -0.016442957773485905 0
77 1 1 9158400 -101517994.76420055 -69450137.008928299 -9225382.8553254791 21.946629611230776 -26.136998607524394 0.05314019350042154 1995.9168293135467 -0.012768871292022525 0.019778782502589062 -0.016370173371029362 0
78 1 1 9244800 -99595139.58550486 -71689763.597674176 -9218381.8285529241 22.562659298506134 -25.703417950525886 0.10897992460523431 1995.8537972633367 -0.012907781160017506 0.019586220775329278 -0.016288537684787427 0
79 1 1 9331200 -97619390.377242118 -73891206.20940204 -9206541.3511878606 23.170940911438681 -25.253121909169764 0.16515896234249802 1995.7910373084585 -0.013040040906013921 0.019383006728128479 -0.016197993199731652 0
80 1 1 9417600 -95591439.328934833 -76053023.933873683 -9189833.562760178 23.770946937170301 -24.786190074188724 0.22164341610925145 1995.7285795339769 -0.013165093158238775 0.01916950209992271 -0.016098488943585215 0
81 1 1 9504000 -93512024.391955554 -78173783.581573859 -9168233.581389172 24.36214571765246 -24.302721666729436 0.27839823088925281 1995.6664540278098 -0.013282396381967517 0.018946100401176186 -0.015989980793663171 0
82 1 1 9590400 -91381929.602995962 -80252061.403026685 -9141719.6034966875 24.944002260093889 -23.802836071144284 0.33538720860644045 1995.6046908409655 -0.013391426860505809 0.018713226308492276 -0.015872431780509028 0
83 1 1 9676800 -89201985.335509121 -82286444.852698267 -9110273.0014916714 25.51597909364553 -23.286673333653557 0.39257303374964547 1995.5433199469003 -0.013491680635800569 0.018471334911806005 -0.015745812396176423 0
84 1 1 9763200 -86973068.475177228 -84275534.394370154 -9073878.4190520439 26.077537171162344 -22.754394623002472 0.44991730338469699 1995.4823711999684 -0.013582675473817099 0.01822091084076544 -0.015610100889359867 0
85 1 1 9849600 -84696102.515572354 -86217945.344531655 -9032523.8636203352 26.62813681455453 -22.206182649223141 0.50738056165216128 1995.4218742929418 -0.013663952749279453 0.01796246722114099 -0.015465283551753094 0
86 1 1 9936000 -82372057.570319593 -88112309.750003681 -8986200.7957220487 27.167238701902757 -21.642242036624545 0.56492233882905996 1995.3618587136177 -0.013735079339636323 0.017696544513715606 -0.015311354982631857 0
87 1 1 10022400 -80001950.29824689 -89957278.295673162 -8934904.2147098519 27.694304894165032 -21.062799647176679 0.62250119500988688 1995.3023537004456 -0.01379564943375499 0.017423709201854824 -0.015148318379430927 0
88 1 1 10108800 -77586843.738206446 -91751522.237889647 -8878632.7405329477 28.208799898951273 -20.468104850531081 0.68007476843914738 1995.2433881971617 -0.013845286302957839 0.017144552331073416 -0.014976185774383793 0
89 1 1 10195200 -75127847.050486788 -93493735.35875386 -8817388.6911291964 28.710191768486158 -19.858429737028519 0.73759982850272288 1995.1849908064396 -0.013883643977518905 0.016859687926123197 -0.014794978269585849 0
90 1 1 10281600 -72626115.161999434 -95182635.936221018 -8751178.1550381463 29.197953228526867 -19.234069270188449 0.79503233335678369 1995.1271897424915 -0.013910408860040619 0.016569751255621198 -0.014604726265428292 0
91 1 1 10368000 -70082848.312717125 -96816968.724644065 -8680011.0588363372 29.671562834651663 -18.595341375354508 0.85232749214525105 1995.0700127826178 -0.013925301214220457 0.016275396971174125 -0.014405469652279939 0
92 1 1 10454400 -67499291.501167104 -98395506.940104991 -8603901.2290014233 30.130506151992847 -17.942586961385388 0.90943983172643017 1995.0134872176272 -0.01392807658273385 0.015977297135845867 -0.014197258007792391 0
93 1 1 10540800 -64876733.827133916 -99917054.244624063 -8522866.4478202555 30.574276954156563 -17.276169872533615 0.96632326779882338 1994.9576398011086 -0.013918527038220409 0.015676139099752909 -0.013980150740756717 0
94 1 1 10627200 -62216507.730111189 -101380446.72310179 -8436928.5029665828 31.002378436757379 -16.596476767942466 1.0229311802846437 1994.9024966975069 -0.013896482349806808 0.01537262329848707 -0.01375421722888249 0
95 1 1 10713600 -59519988.122445971 -102784554.84664051 -8346113.2303878674 31.414324440699136 -15.903916926514711 1.0792164927961698 1994.8480834288798 -0.01386181097127564 0.015067460938003971 -0.013519536939621084 0
96 1 1 10800000 -56788591.416555241 -104128285.41571315 -8250450.5501571549 31.809640680063161 -15.198921975266416 1.1351317559784961 1994.7944248202978 -0.013814420907866883 0.014761371559741358 -0.013276199507844921 0
97 1 1 10886400 -54023774.446046598 -105410583.47650124 -8149974.4949651435 32.187865969220631 -14.481945539667848 1.1906292344898126 1994.741544943761 -0.013754260399183864 0.014455080576215435 -0.013024304790367721 0
98 1 1 10972800 -51227033.281050742 -106630434.20361161 -8044723.2309496673 32.548553443575329 -13.753462814895022 1.2456609973480255 1994.6894670605068 -0.01368131844756108 0.014149316688502884 -0.012763962887380043 0
99 1 1 11059200 -48399901.938564092 -107786864.74230857 -7934739.0705846027 32.891271768166369 -13.013970057364324 1.3001790113410348 1994.6382135615604 -0.013595625168411075 0.013844809270627326 -0.012495294146428968 0
100 1 1 11145600 -45543950.989104815 -108878946.00336328 -7820068.4773776121 33.215606328224531 -12.263983996394124 1.3541352371681583 1994.5878059063384 -0.013497251956893346 0.01354228570001389 -0.012218429119121646 0
101 1 1 11232000 -42660786.061500102 -109905794.40363063 -7700762.0621562181 33.521160395682173 -11.504041166330794 1.4074817279516996 1994.5382645590955 -0.013386311470470204 0.013242468671052211 -0.011933508491523298 0
102 1 1 11318400 -39752046.248143658 -110866573.54551451 -7576874.5707539469 33.80755626558804 -10.734697159985844 1.4601707297304738 1994.4896089229585 -0.013262957415481932 0.012946073476776173 -0.011640682979355915 0
103 1 1 11404800 -36819402.413584761 -111760495.828578 -7448464.8629429787 34.074436356377838 -9.9565258047520899 1.5121547835226892 1994.4418572712586 -0.013127384143755779 0.012653805302953972 -0.01134011318879897 0
104 1 1 11491200 -33864555.409831658 -112586823.98669598 -7315595.8824963653 34.321464268000511 -9.1701182632942597 1.5633868285235524 1994.395026675804 -0.012979826057191281 0.012366356531892619 -0.011031969439294267 0
105 1 1 11577600 -30889234.202266563 -113344872.54433459 -7178334.61830121 34.548325792000554 -8.3760820612388844 1.6138203059837035 1994.3491329316862 -0.012820556818586706 0.012084404085164752 -0.010716431554887123 0
106 1 1 11664000 -27895193.910572339 -114034009.18577376 -7036752.0564842215 34.754729867808976 -7.5750400448135427 1.6634092632983823 1994.3041904781653 -0.012649888355759023 0.011808606814500263 -0.010393688623244399 0
107 1 1 11750400 -24884213.76956005 -114653656.03136633 -6890923.1235521846 34.940409479699738 -6.7676292719016669 1.7121084578251939 1994.2602123150928 -0.012468169698419594 0.01153960294520784 -0.010063938704236159 0
108 1 1 11836800 -21858095.015254077 -115203290.81524917 -6740926.6205919459 35.105122489123289 -5.9544998404791265 1.7598734599390831 1994.2172099142806 -0.012275785618828489 0.011278007614890046 -0.0097273885205665205 0
109 1 1 11923200 -18818658.702035792 -115682447.95928422 -6586845.1486173104 35.24865239743567 -5.1363136588779756 1.8066607548278919 1994.1751931250919 -0.012073155089998211 0.011024410504022409 -0.009384253107792076 0
110 1 1 12009600 -15767743.457062485 -116090719.53841229 -6428765.0251930756 35.370809034394803 -4.3137431627760918 1.8524278425313512 1994.1341700735313 -0.011860729577715739 0.010779373568390267 -0.0090347554314690135 0
111 1 1 12096000 -12707203.178560728 -116427756.13304321 -6266776.1925094007 35.471429168195094 -3.4874699842318115 1.897133335729557 1994.0941470539744 -0.01163899117320444 0.010543428905804994 -0.008679125963792611 0
112 1 1 12182400 -9638904.6849403773 -116693267.56458293 -6100972.1171220439 35.550377033253632 -2.6581835784659149 1.9407370547936935 1994.055128412582 -0.011408450573200054 0.010317076764822681 -0.0083176022543007613 0
113 1 1 12268800 -6564725.3219818175 -116887023.51070587 -5931449.6816156497 35.607544772440725 -1.8265798144356193 1.9832001196238878 1994.0171164214394 -0.011169644912240611 0.010100783693180767 -0.0079504284414537735 0
114 1 1 12355200 -3486550.5356129347 -117008853.99751593 -5758309.0684876498 35.642852790962955 -0.99335953554085277 2.0244850378146935 1993.9801111423919 -0.010923135477783313 0.0098949808481710224 -0.0075778547628074554 0
115 1 1 12441600 -406271.41801019572 -117058649.76629832 -5581653.6365892328 35.656250019647963 -0.15922709704793431 2.0645557887078172 1993.9441102795188 -0.010669505309608324 0.0097000625020113654 -0.0072001370326118252 0
116 1 1 12528000 2674217.7650715336 -117036362.51314265 -5401589.790496923 35.647714085948991 0.6751111129905718 2.1033779029158328 1993.9091090192615 -0.010409356688355546 0.0095163846918935487 -0.0068175360991562161 0
117 1 1 12614400 5753022.0577157689 -116942005.00030926 -5218226.8432230754 35.61725139156944 1.5089481624043179 2.1409185369274919 1993.8750998573771 -0.010143308561891513 0.0093442640962782229 -0.0064303172862235037 0
118 1 1 12700800 8828248.2999136522 -116775651.03881185 -5031676.8727060063 35.56489709620454 2.341578066166857 2.1771465424356085 1993.842072412064 -0.0098719938866318122 0.0091839770805320579 -0.0060387498265294295 0
119 1 1 12787200 11898007.608174138 -116537435.34229557 -4842054.5725499941 35.490715007498345 3.1722972732331769 2.2120325300620269 1993.8100132231318 -0.0095960569185849394 0.009035758952955884 -0.0056431062863496499 0
120 1 1 12873600 14960417.842597868 -116227553.25289567 -4649477.0975120617 35.394797377913875 4.0004061419733512 2.2455489271909834 1993.7789055376463 -0.0093161504799900135 0.0088998034202210623 -0.0052436619698898587 0
121 1 1 12960000 18013606.052423757 -115846260.34035873 -4454063.9042555904 35.277264609807652 4.8252103973176297 2.2776700296599328 1993.7487290834365 -0.0090329332018977866 0.0087762622528955014 -0.0048406943534151899 0
122 1 1 13046400 21055710.892193604 -115393871.8763005 -4255936.5879109949 35.138264870578247 5.6460225628801854 2.3083720470975049 1993.7194598331535 -0.0087470667685954351 0.0086652451480506761 -0.0044344825023367885 0
123 1 1 13132800 24084885.000866361 -114870762.18604457 -4055218.7149997759 34.977973620319688 6.4621633615354845 2.3376331417408305 1993.6910697633484 -0.0084592131671053575 0.0085668197909013043 -0.0040253065028489727 0
124 1 1 13219200 27099297.33644665 -114277363.88104057 -3852035.6532911649 34.796593054943258 7.2729630781811005 2.3654334606065284 1993.6635266152375 -0.0081700319881318328 0.0084810121344777393 -0.003613446916627077 0
125 1 1 13305600 30097135.458970383 -113614166.97538942 -3646514.3991694027 34.594351468235978 8.0777628787281976 2.3917551609335632 1993.636793666667 -0.0078801777604990807 0.0084078068448686198 -0.0031991842442577294 0
126 1 1 13392000 33076607.755010437 -112881717.89050153 -3438783.4030949487 34.371502536792875 8.8759160797143863 2.4165824288596744 1993.6108295280751 -0.0075902973488582715 0.0083471479619962475 -0.0027827984221835728 0
127 1 1 13478400 36035945.59722434 -112080618.35238285 -3228972.3937443388 34.128324532188152 9.6667893633279665 2.4399014913361246 1993.5855879788521 -0.0073010274352791216 0.0082989397335681159 -0.0023645683413803784 0
128 1 1 13564800 38973405.432859898 -111211524.18647471 -3017212.2014111695 33.865119465136161 10.449763933060975 2.4617006213281321 1993.5610178641859 -0.0070129920890858533 0.0082630476039592844 -0.0019447713995107765 0
129 1 1 13651200 41887270.795560643 -110275144.01536743 -2803634.5812447709 33.582212166731637 11.224236605669988 2.4819701363893487 1993.5370630754953 -0.0067268004342178386 0.0082392994054703347 -0.0015236830868104387 0
130 1 1 13737600 44775854.235264704 -109272237.86505991 -2588372.036893819 33.279949312149462 11.989620835608262 2.5007023907383492 1993.5136626393626 -0.0064430444289935865 0.0082274866589784525 -0.0011015766098665097 0
131 1 1 13824000 47637499.161467426 -108203615.68574746 -2371557.6451094365 32.958698392421994 12.745347668597741 2.5178917610027733 1993.4907509393383 -0.0061622967855122284 0.0082273660574539182 -0.00067872254949043111 0
132 1 1 13910400 50470581.595610686 -107070135.79338494 -2153324.8818464275 32.618846640100749 13.490866621528244 2.5335346258319746 1993.4682580912131 -0.0058851090000332359 0.0082386610412247836 -0.00025538855966869209 0
133 1 1 13996800 53273511.828870997 -105872703.23849386 -1933807.4503825691 32.260799914744837 14.225646486398103 2.5476293396118828 1993.4461104846491 -0.0056120095362285237 0.0082610635322907557 0.00016816090190256789 0
134 1 1 14083200 56044735.982134849 -104612268.10885535 -1713139.1119543377 31.884981554261824 14.949176056539486 2.5601762005454285 1993.4242314922622 -0.0053435021513059226 0.0082942357308149316 0.00059166479795000467 0
135 1 1 14169600 58782737.465473041 -103289823.77286072 -1491453.5193835383 31.49183119815995 15.660964773898163 2.5711774133889582 1993.4025423322616 -0.0050800643738142127 0.0083378120419470639 0.0010148657139425214 0
136 1 1 14256000 61486038.334948123 -101906405.07037523 -1268884.0541431275 31.081803588754653 16.360543296656022 2.5806370471587248 1993.3809630544076 -0.004822146136978127 0.0083914010568675763 0.0014375100217564479 0
137 1 1 14342400 64153200.545109376 -100463086.45800917 -1045563.6672825295 30.655367356308901 17.04746398698936 2.5885609881415661 1993.3594136041656 -0.0045701685763106818 0.0084545876068804395 0.0018593480148574603 0
138 1 1 14428800 66782827.096041717 -98960980.115688935 -821624.724603093 30.213003793978864 17.721301319244393 2.5949568885613274 1993.3378149094399 -0.0043245229726825117 0.0085269348705380044 0.0022801340304673397 0
139 1 1 14515200 69373563.074336126 -97401234.021373942 -597198.85644333658 29.755205628287154 18.381652209277263 2.5998341112659014 1993.3160899304469 -0.0040855698736397741 0.0086079865168467613 0.0026996265411078665 0
140 1 1 14601600 71924096.587835774 -95785030.000683561 -372416.81240167981 29.282475790657678 19.028136266147669 2.6032036708098651 1993.2941646171955 -0.0038536383594479705 0.0086972688819077423 0.0031175882382906894 0
141 1 1 14688000 74433159.594480515 -94113581.758074775 -147408.32129160728 28.795326195324083 19.66039596776757 2.6050781713146707 1993.2719687297481 -0.0036290254793109235 0.0087942931475721142 0.0035337860990270549 0
142 1 1 14774400 76899528.626021534 -92388132.896060228 77698.043408956917 28.294276528670839 20.278096762488623 2.605471741492225 1993.249436491762 -0.0034119958213267524 0.0088985575339822261 0.003947991462096379 0
143 1 1 14860800 79322025.407801658 -90609954.928764507 302774.99238567561 27.779853054785359 20.880927098961436 2.6043999672177582 1993.2265070646711 -0.0032027812661975207 0.009009549476555483 0.0043599800770550146 0
144 1 1 14947200 81699517.376198009 -88780345.295905739 527696.64339806337 27.25258744169793 21.468598386913918 2.601879822035476 1993.2031248454743 -0.003001580848493491 0.0091267477866792679 0.0047695321724638123 0
145 1 1 15033600 84030918.095696405 -86900625.383045465 752338.63810979296 26.713015612464773 22.040844891774771 2.5979295959754878 1993.1792396033657 -0.0028085607903890904 0.0092496247761524736 0.0051764325105572162 0
146 1 1 15120000 86315187.577911586 -84972138.553687811 976578.25270920526 26.161676624913945 22.597423566311157 2.5925688230527495 1993.1548064784117 -0.0026238546464851758 0.0093776483557937232 0.0055804704679942004 0
147 1 1 15206400 88551332.505181432 -82996248.19852519 1200294.5022218069 25.599111583528355 23.138113822655146 2.5858182078081242 1993.129785869311 -0.0024475635947690858 0.0095102840627133822 0.0059814400865167211 0
148 1 1 15292800 90738406.361650139 -80974335.806829095 1423368.2384470941 25.025862586587078 23.662717248263792 2.5776995512394869 1993.1041432375528 -0.0022797568406069633 0.0096469970583354485 0.006379140158458683 0
149 1 1 15379200 92875509.475008696 -78907799.064672217 1645682.2414815801 24.442471711331169 24.171057269492326 2.5682356764572543 1993.0778488532026 -0.0021204721357559009 0.0097872540341116879 0.00677337430199267 0
150 1 1 15465600 94961788.972284004 -76798049.984344572 1867121.3048180398 23.849480039565222 24.662978766559558 2.5574503543818579 1993.0508775040123 -0.0019697164106733901 0.0099305250760386831 0.0071639510337414393 0
151 1 1 15552000 96996438.653262302 -74646513.068998724 2087572.3140377402 23.247426725754384 25.138347643751718 2.5453682297845397 1993.0232081854688 -0.0018274665036290883 0.010076285419999187 0.0075506838640941884 0
152 1 1 15638400 98978698.785295293 -72454623.516223282 2306924.3191376678 22.636848109332636 25.597050358746323 2.5320147479538275 1992.9948237853687 -0.0016936699739107414 0.010224017152476787 0.0079333913630305307 0
153 1 1 15724800 100907855.82336998 -70223825.463908866 2525068.6005583154 22.01827687260224 26.038993414943505 2.5174160822512333 1992.9657107728251 -0.0015682460215644403 0.010373210813572989 0.0083118972563011213 0
154 1 1 15811200 102783242.0592919 -67955570.281518519 2741898.728999096 21.392241241855444 26.464102818599311 2.5015990627884817 1992.9358589607239 -0.0014510864326928265 0.010523366915358425 0.0086860304974407665 0
155 1 1 15897600 104604235.20675479 -65651314.907831207 2957310.6191124758 20.759264319216886 26.872323556821286 2.4845911061048116 1992.9052597785292 -0.0013401600489452942 0.010675143982184896 0.009055631773164213 0
156 1 1 15984000 106370257.91975488 -63312520.241483927 3171202.5776708261 20.119863032606766 27.263618792851553 2.4664201601221341 1992.8739119130378 -0.0012529859065636441 0.010817489255259036 0.0094208344863605208 0
157 1 3 16050026.876777552 107682464.12569147 -61502839.340423837 3333572.4754481628 19.627218124994485 27.55122396552003 2.4517675434503174 1992.8494725425214 0 0 0 284
158 1 1 16070400 108080777.17142288 -60940649.632560648 3383475.3445714386 19.474545974495179 27.637968343457338 2.4471145616837373 1992.8418516809179 -0.0012432200154205177 0.010917565980780367 0.0097782061637296733 0
159 1 1 16156800 109735304.80373117 -58537167.386230364 3594033.2451667874 18.823846002217518 27.995370771000939 2.4267308172104718 1992.8081755075702 -0.0012556497000174689 0.011006756951630729 0.010123579235048193 0
160 1 1 16243200 111333383.94752245 -56103537.918471687 3802772.5931959851 18.167818031749185 28.335817461679738 2.4049058141378605 1992.772682268012 -0.018650163593404021 0.010168558662869221 -0.0050186506442386238 0
161 1 1 16329600 112874564.4170454 -53641225.770254582 4009560.1700793658 17.506964032145934 28.659333346457128 2.3816753643186974 1992.723676411651 -0.018048770843949787 0.010015770162024845 -0.0044145468565841717 0
162 1 1 16416000 114358475.57862264 -51151690.883345917 4214298.2756686248 16.842216380056424 28.965982302640516 2.3574675535962784 1992.6779561589301 -0.017455724707869547 0.0098712898737765564 -0.0038009551999521503 0
163 1 1 16502400 115784799.8475865 -48636388.099619091 4416902.4757598154 16.174011466526014 29.255823682367943 2.3322844790630755 1992.633745129122 -0.016875124130355003 0.0097312838049764903 -0.003183462112318426 0
164 1 1 16588800 117153258.42925693 -46096766.485612139 4617289.8243844323 15.502808629696451 29.528931655473681 2.3061566400061952 1992.590986258361 -0.016305727316706049 0.0095954800499818867 -0.0025611475542498502 0
165 1 1 16675200 118463611.79537091 -43534268.133129738 4815380.0141216479 14.829057420606794 29.785393386641143 2.2791145977763625 1992.5496210386013 -0.015746876713269992 0.0094630660444310517 -0.0019341337640560899 0
166 1 1 16761600 119715658.82470408 -40950327.066744372 5011095.3774121162 14.15319729618229 30.025308340794709 2.2511888912146154 1992.509588230326 -0.015197921990217326 0.009333306637046436 -0.0013025404701317428 0
167 1 1 16848000 120909235.92016654 -38346368.209957607 5204360.8826865656 13.475657376275214 30.248787614808908 2.2224099921429388 1992.470823465819 -0.014658225498683121 0.0092055183099922396 -0.00066651394671885542 0
168 1 1 16934400 122044216.10651991 -35723806.408898361 5395104.1266351845 12.796856237900018 30.455953274522191 2.1928082608961095 1992.4332588312034 -0.014127161219468573 0.0090790683026430036 -2.6225498167647223e-05 0
169 1 1 17020800 123120508.11191599 -33084045.512929849 5583255.3227515267 12.117201746207988 30.646937700677054 2.1624139045493038 1992.3968224729472 -0.01360411402345799 0.0089533737401856824 0.0006181302649001302 0
170 1 1 17107200 124138055.43635668 -30428477.511322331 5768747.2863809522 11.437090920476274 30.821882945440262 2.1312569377709996 1992.3614382465069 -0.013088478986403244 0.00882790076339998 0.001266337141068565 0
171 1 1 17193600 125096835.41002508 -27758481.725009479 5951515.4164991407 10.756909833361542 30.980940101031727 2.0993671462734667 1992.3270254287602 -0.012579660931864637 0.0087021636774191856 0.0019181591740840493 0
172 1 1 17280000 125996858.24428539 -25075424.052322656 6131497.6744436976 10.077033541643633 31.124268681822407 2.0667740528241056 1992.2934985196375 -0.012077074026704986 0.0085757240290681366 0.0025733424852392114 0
173 1 1 17366400 126838166.07799488 -22380656.267486341 6308634.5598181244 9.3978260466742469 31.252036021101038 2.0335068857715286 1992.2607671608998 -0.011580141541589806 0.0084481896961371879 0.003231617170373899 0
174 1 1 17452800 127620832.02161783 -19675515.370561 6482869.0837830463 8.7196402827407056 31.364416683555483 1.9995945500288599 1992.2287362002739 -0.011088295814195898 0.0083192138855624764 0.0038926990338427406 0
175 1 1 17539200 128344959.20147569 -16961322.987435862 6654146.7399442969 8.042818131565884 31.461591894367185 1.9650656004516156 1992.1973059263892 -0.010600978326241899 0.0081884941626106291 0.0045562914214457286 0
176 1 1 17625600 129010679.80631576 -14239384.818402456 6822415.4730418483 7.3676904611856173 31.543748985676277 1.9299482175403539 1992.1663724932537 -0.010117639935481313 0.00805577132873154 0.0052220868165829566 0
177 1 1 17712000 129618154.13822953 -11510990.133780202 6987625.6456370382 6.6945771874683979 31.61108086104219 1.894270185389562 1992.1358285417757 -0.0096377413564221748 0.0079208283241708061 0.0058897683809442745 0
178 1 1 17798400 130167569.66980293 -8777411.3150167204 7149730.0029888069 6.0237873565761966 31.6637854784016 1.8580588718044178 1992.1055640106683 -0.0091607538235055404 0.0077834890259055661 0.0065590113899256742 0
179 1 1 17884800 130659140.10923591 -6039903.4396473141 7308683.6363025634 5.3556192467090096 31.702065351906583 1.8213412104971995 1992.0754671120942 -0.0086861598791176352 0.0076436169864904377 0.0072294843658146594 0
180 1 1 17971200 131093104.47502805 -3299703.9084695857 7464443.9445274808 4.69036048752118 31.726127072921361 1.7841436852767434 1992.0454254300266 -0.0082134543794841492 0.0075011142132882548 0.0079008502438451342 0
181 1 1 18057600 131469726.18168814 -558032.11326976377 7616970.5948706847 4.0282881956475789 31.736180850349118 1.7464923161409454 1992.0153270856713 -0.0077421456434840193 0.0073559196477172182 0.0085727671783102991 0
182 1 1 18144000 131789292.13779554 2183910.8565735794 7766225.48218867 3.3696691248375248 31.732440070373855 1.7084126471795658 1991.9850619063923 -0.0072717566263697103 0.0072080079335292008 0.0092448893276451376 0
183 1 1 18230400 132052111.85761127 4924942.4702866049 7912172.6874085665 2.7147598292511281 31.715120875616972 1.6699297361991714 1991.954522534294 -0.0068018262595254545 0.0070573878584878035 0.0099168674709417867 0
184 1 1 18316800 132258516.58731689 7663898.9763723575 8054778.4351240434 2.0638068385341333 31.684441763626882 1.631068145977588 1991.9236054184214 -0.0063319107592017688 0.0069041009641855186 0.010588349457617885 0
185 1 1 18403200 132408858.44684087 10399635.589422656 8194011.0505028768 1.4170468433544881 31.640623204555613 1.5918519370606006 1991.8922116481172 -0.0058615849011993439 0.0067482200236061995 0.011258980676471915 0
186 1 1 18489600 132503509.58812192 13131026.644718634 8329840.915635597 0.77470689014477256 31.583887277809868 1.5523046620141308 1991.8602476022745 -0.0053904433328888311 0.0065898475854928446 0.011928404358110573 0
187 1 1 18576000 132542861.37055266 15856965.7222482 8462240.425447328 0.13700458386275632 31.514457327409442 1.5124493610454224 1991.8276254068981 -0.0049181016909368496 0.0064291144486979031 0.012596261874531183 0
188 1 1 18662400 132527323.55424751 18576365.741743404 8591183.9432874508 -0.49585170235403403 31.432557635735414 1.47230855891134 1991.7942632085549 -0.0044441977672551019 0.006266178197792383 0.013262192995339435 0
189 1 1 18748800 132457323.51168434 21288159.030311219 8716647.7563048862 -1.1236626116993778 31.338413115308455 1.4319042630340968 1991.7600852827682 -0.0039683924554486704 0.00610122171602421 0.013925836168673086 0
190 1 1 18835200 132333305.45818014 23991297.364198599 8838610.0307098906 -1.7462375833700676 31.232249018196633 1.3912579627457931 1991.7250220035032 -0.0034903706941553582 0.0059344516919828567 0.014586828725140067 0
191 1 1 18921600 132155729.70157826 26684751.986196563 8957050.7670165859 -2.3633946283302643 31.114290662620089 1.3503906295850565 1991.6890097028297 -0.0030098421676592602 0.0057660970895736111 0.015244807106871818 0
192 1 1 19008000 131925071.9114473 29367513.600149259 9071951.7553539872 -2.9749601020401815 30.984763176293754 1.3093227185752756 1991.6519904492134 -0.002526542040965534 0.0055964077044467634 0.015899407164844313 0
193 1 1 19094400 131641822.40801723 32038592.343993679 9183296.5309273452 -3.5807684749616389 30.843891256024826 1.2680741704130642 1991.6139117704672 -0.002040231475565361 0.0054256526039922082 0.016550264365944006 0
194 1 1 19180800 131306485.47101331 34697017.742712826 9291070.3297054041 -4.1806621015929313 30.691898943062114 1.2266644144996814 1991.574726343503 -0.0015506981110762032 0.0052541186284229859 0.017197014122020807 0
195 1 1 19267200 130919578.66848297 37341838.642540894 9395260.044403743 -4.7744909887307836 30.529009413681219 1.1851123727509532 1991.5343916686827 -0.0010577563834828494 0.0050821088317508081 0.017839292039277265 0
196 1 1 19353600 130481632.20565526 39972123.127714291 9495854.1808285769 -5.3621125636017188 30.355444784479229 1.1434364641233286 1991.4928697424191 -0.00056124777760774866 0.0049099409919173241 0.018476734268980097 0
197 1 1 19440000 129993188.29381797 42586958.421016358 9592842.8146405034 -5.9433914424550531 30.171425931843043 1.1016546097972437 1991.4501267379019 -6.1040996224088858e-05 0.0047379460044213312 0.019108977810666943 0
198 1 1 19526400 129454800.53914851 45185450.769317031 9686217.5485923626 -6.5181992001576461 29.977172325051363 1.0597842389619694 1991.4061327006877 0.0004429680079595644 0.0045664663386307406 0.019735660921806831 0
199 1 1 19612800 128867033.35139053 47766725.315262035 9775971.4702910166 -7.0864141412837158 29.772901872473071 1.0178422951460326 1991.3608612634218 0.00095085603994087117 0.0043958545431571324 0.020356423377964974 0
200 1 1 19699200 128230461.37222803 50329925.956220023 9862099.1105276868 -7.6479210731486429 29.558830780318623 0.97584524304349529 1991.3142893819461 0.0014626727618989265 0.0042264715654258943 0.020970906967260668 0
201 1 1 19785600 127545668.92317013 52874215.191548616 9944596.4022178967 -8.2026110811897404 29.335173423410041 0.93380907578801664 1991.2663970936028 0.0019784409237178597 0.004058685315990151 0.021578755793104677 0
202 1 1 19872000 126813249.47272851 55398773.959195197 10023460.639987402 -8.7503813070582144 29.102142227440154 0.89174932262599083 1991.2171672976697 0.0024981566032933242 0.0038928690604277771 0.02217961669443165 0
203 1 1 19958400 126033805.12263867 57902801.462602474 10098690.440436853 -9.2911347297468225 28.859947562196218 0.84968105694840779 1991.1665855569395 0.0030217895982106954 0.0037293999587125265 0.022773139675709979 0
204 1 1 20044800 125207946.11285017 60385514.988843359 10170285.703114396 -9.8247799500430144 28.608797645233089 0.8076189046374318 1991.1146399193153 0.0035492837651865364 0.0035686574822135176 0.02335897823631615 0
205 1 1 20131200 124336290.34498754 62846149.718866676 10238247.572221534 -10.351230978561137 28.348898455491533 0.76557705269061904 1991.0613207577933 0.0040805575732639158 0.0034110220106858937 0.023936789864542569 0
206 1 1 20217600 123419462.92396162 65283958.530691244 10302578.399074936 -10.870407027573851 28.080453656368846 0.72356925808647987 1991.0066206271852 0.0046155046518574676 0.0032568733202237099 0.024506236370786985 0
207 1 1 20304000 122458095.71739653 67698211.796344176 10363281.705343252 -11.382232306837707 27.803664527760645 0.68160885685462547 1990.9505341360571 0.0051539943610880564 0.0031065892446188927 0.025066984283410781 0
208 1 1 20390400 121452826.93251795 70088197.173298359 10420362.147075355 -11.886635823575954 27.518729906606094 0.63970877332099596 1990.893057832152 0.0056958725023556174 0.0029605442417544475 0.025618705268092415 0
209 1 1 20476800 120404300.71013863 72453219.391123965 10473825.479533903 -12.383551186754941 27.225846135480484 0.59788152949848328 1990.8341900997364 0.0062409620628785375 0.0028191080709917119 0.02616107652254555 0
210 1 1 20563200 119313166.73536481 74792600.034029931 10523678.522845386 -12.872916415770495 26.925207018797558 0.55613925459280467 1990.7739310675668 0.0067890639493306112 0.0026826445332115293 0.026693781096572555 0
211 1 1 20649600 118180079.86463791 77105677.319934934 10569929.128475586 -13.354673753634167 26.617003786195216 0.51449369459851491 1990.7122825261217 0.0073399578941439831 0.0025515102062608642 0.027216508301896685 0
212 1 1 20736000 117005699.76872037 79391805.876670241 10612586.146537218 -13.828769484731417 26.301425062694385 0.47295622196277093 1990.6492478528221 0.0078934032484678993 0.002426053290203106 0.027728954077129213 0
213 1 1 20822400 115790690.59122738 81650356.515882879 10651659.393934498 -14.29515375720298 25.978656845235413 0.43153784529204448 1990.5848319442953 0.0084491400184062686 0.0023066124368813974 0.02823082128731479 0
214 1 1 20908800 114535720.62230386 83880716.005172774 10687159.623347586 -14.753780409983936 25.648882485212447 0.39024921908307397 1990.5190411546118 0.0090068897420464318 0.0021935157119243919 0.028721820134561447 0
215 1 1 20995200 113241461.98704357 86082286.838967413 10719098.493058156 -15.204606804520781 25.312282676641306 0.3491006534586506 1990.4518832386825 0.0095663565612731632 0.0020870795582449662 0.029201668419913132 0
216 1 1 21081600 111908590.34824526 88254487.008604288 10747488.537615603 -15.64759366116955 24.969035449610683 0.3081021238899645 1990.3833673000834 0.010127228222385222 0.0019876078433754703 0.029670091900553107 0
217 1 1 21168000 110537784.62310229 90396749.772064388 10772343.139342252 -16.082704900266389 24.61931616868355 0.26726328089155688 1990.3135037425313 0.010689177217816452 0.0018953909974031575 0.030126824599152929 0
218 1 1 21254400 109129726.71342246 92508523.423769504 10793676.50067438 -16.509907487851084 24.263297535927872 0.22659345967238326 1990.2423042245259 0.011251861809506701 0.0018107051232811356 0.030571609069181487 0
219 1 1 21340800 107685101.24897742 94589271.064830109 10811503.617334772 -16.929171286012362 23.901149598272649 0.1861016897313697 1990.169781616562 0.011814927238001946 0.0017338112922121441 0.031004196737658384 0
220 1 1 21427200 106204595.34358422 96638470.374105394 10825840.252331542 -17.340468907812394 23.533039758898809 0.14579670438514364 1990.0959499604294 0.012378006864928225 0.0016649547821347261 0.031424348137145078 0
221 1 1 21513600 104688898.36352491 98655613.380412206 10836702.910776727 -17.743775576744891 23.159132792389709 0.10568695021718565 1990.020824430256 0.012940723298587949 0.0016043645221167247 0.031831833224837291 0
222 1 1 21600000 103138701.7079155 100640206.23619509 10844108.815517655 -18.139068990667326 22.77959086337783 0.065780596438357181 1989.9444212949143 0.013502689692271636 0.001552252437462488 0.032226431580043229 0
223 1 1 21686400 101554698.60063994 102591768.99295005 10848075.883572819 -18.526329190144782 22.394573548438526 0.026085544151125364 1989.8667578814282 0.014063510867421187 0.0015088129961191297 0.032607932737485294 0
224 1 1 21772800 99937583.893471077 104509835.37867153 10848622.703363858 -18.905538431138329 22.004237860996998 -0.013390564490385949 1989.7878525391752 0.014622784586193977 0.0014742227678436874 0.032976136356240887 0
225 1 1 21859200 98288053.880006284 106393952.57757303 10845768.512734115 -19.276681061961252 21.608738279023058 -0.052640337231914837 1989.7077246046072 0.015180102794900998 0.0014486400099227236 0.0333308525103546 0
226 1 1 21945600 96606806.120052725 108243681.01231429 10839533.177744024 -19.639743404427545 21.208226775305111 -0.091656622786414024 1989.6263943662564 0.015735052825599161 0.0014322044347345479 0.03367190189615913 0
227 1 1 22032000 94894539.274103001 110058594.12894738 10829937.172233058 -19.994713639110472 20.802852850103253 -0.13043250202421422 1989.543883029927 0.016287218673073006 0.0014250368815850313 0.033999116038742373 0
228 1 1 22118400 93151952.947549686 111838278.18478061 10817001.558137387 -20.341581694626299 20.392763565994255 -0.16896127928845225 1989.4602126838186 0.016836182219332314 0.0014272392158360828 0.034312337548039647 0
229 1 1 22204800 91379747.54429543 113582332.03934105 10800747.96655233 -20.680339140855992 19.978103584733105 -0.20723647384098251 1989.3754062634996 0.017381524523655136 0.0014388941623692079 0.034611420254851644 0
230 1 1 22291200 89578624.129421726 115290366.94860323 10781198.579528172 -21.010979086017457 19.559015205963576 -0.24525181144063415 1989.2894875166007 0.017922826998766281 0.0014600652638609741 0.034896229491343543 0
231 1 1 22377600 87749284.300587118 116962006.36263657 10758376.112587759 -21.333496077498641 19.135638407624722 -0.28300121605700068 1989.2024809671432 0.018459672677605822 0.0014907969274993685 0.035166642185323727 0
232 1 1 22464000 85892430.06783475 118596885.72681203 10732303.797954086 -21.647886006358352 18.708110887906379 -0.3204788017218187 1989.1144118793959 0.01899164745699785 0.0015311144492074307 0.035422547121359525 0
233 1 1 22550400 84008763.741495371 120194652.28669529 10703005.368476039 -21.954146015406248 18.276568108617113 -0.35767886451818481 1989.0253062211741 0.01951834124664412 0.0015810241828839099 0.035663845062262264 0
234 1 1 22636800 82098987.827881426 121754964.89674391 10670505.042240115 -22.252274410769122 17.841143339838379 -0.3945958747103589 1988.9351906265736 0.020039349239691147 0.0016405137058485757 0.035890448931670767 0
235 1 1 22723200 80163804.932474032 123277493.83291349 10634827.507856172 -22.542270576852562 17.401967705745765 -0.43122446901390621 1988.8440923580577 0.020554273011142082 0.0017095521013779705 0.036102283951016591 0
236 1 1 22809600 78203917.670314118 124761920.60926928 10595997.910404837 -22.824134894607564 16.959170231486905 -0.46755944300571878 1988.7520392678259 0.021062721751417084 0.001788090223651499 0.036299287832916201 0
237 1 1 22896000 76220028.5833157 126207937.79868993 10554041.838034784 -23.097868663011941 16.512877891012838 -0.50359574367537585 1988.6590597584925 0.021564313336573084 0.0018760610878368383 0.036481410844798216 0
238 1 1 22982400 74212840.064227641 127615248.85774192 10508985.309197346 -23.363474023677878 16.063215655769348 -0.53932846211691055 1988.5651827430247 0.022058675499233675 0.0019733802963736906 0.036648616004417725 0
239 1 1 23068800 72183054.286977008 128983567.95579432 10460854.760506583 -23.620953888498757 15.610306544158403 -0.57475282636045477 1988.4704376039567 0.022545446829154537 0.002079946468728445 0.036800879126232755 0
240 1 1 23155200 70131373.143136144 130312619.80843784 10409677.035212688 -23.870311870248436 15.15427167168858 -0.60986419434211669 1988.3748541518 0.023024277920058577 0.0021956417891176713 0.036938189027784611 0
241 1 1 23241600 68058498.184260905 131602139.51526359 10355479.372276837 -24.111552216048221 14.6952303017407 -0.64465804701230012 1988.2784625826946 0.023494832313809142 0.0023203325717656405 0.037060547510006377 0
242 1 1 23328000 65965130.569856837 132851872.40205219 10298289.39603552 -24.344679743620215 14.233299896878261 -0.67912998158128979 1988.1812934353436 0.023956787542905592 0.0024538698562470338 0.037167969541484457 0
243 1 1 23414400 63851971.020735435 134061573.86741742 10238135.106442614 -24.569699780245998 13.768596170640347 -0.71327570490008385 1988.083377547189 0.024409836013216751 0.0025960900952667876 0.037260483244450145 0
244 1 1 23500800 61719719.777530119 135231009.23394355 10175044.869877517 -24.786618104351579 13.301233139759013 -0.74709102697512597 1987.9847460098435 0.024853685989066523 0.0027468158296361563 0.037338130053313094 0
245 1 1 23587200 59569076.564149261 136359953.60385016 10109047.410507966 -24.995440889642246 12.831323176748148 -0.78057185461557932 1987.8854301237977 0.025288062402025569 0.0029058564487062315 0.037400964665831635 0
246 1 1 23673600 57400740.555947632 137448191.71921578 10040171.802195881 -25.196174651714621 12.358977062816535 -0.81371418521294536 1987.7854613525321 0.025712707694853745 0.0030730089656145531 0.037449055126113379 0
247 1 1 23760000 55215410.352406688 138495517.82678491 9968447.4609351903 -25.388826197072436 11.884304041061704 -0.84651410064880517 1987.6848712758999 0.026127382602728906 0.0032480588457227417 0.03748248284161549 0
248 1 1 23846400 53013783.954118349 139501735.54738224 9893904.1378104519 -25.573402574477555 11.407411869905413 -0.87896776133059484 1987.5836915429193 0.026531866880593995 0.0034307808461708136 0.037501342579381411 0
249 1 1 23932800 50796558.74387373 140466657.74995264 9816571.9124653097 -25.749911028569656 10.928406876736156 -0.91107140035404111 1987.4819538240197 0.026925959968406108 0.0036209399183014324 0.037505742436770927 0
250 1 1 24019200 48564431.471663296 141390106.43024355 9736481.1870699152 -25.918358955690252 10.447394011727399 -0.94282131778977307 1987.3796897627708 0.027309481622334607 0.0038182921051743129 0.037495803834452633 0
251 1 1 24105600 46318098.243400872 142271912.59414402 9653662.6807767339 -26.078753861848707 9.964476901804332 -0.97421387509220847 1987.2769309271077 0.027682272493389629 0.0040225855055817548 0.037471661459094523 0
252 1 1 24192000 44058254.513188913 143111916.1456919 9568147.4246541206 -26.23110332277216 9.47975790473415 -1.005245489630477 1987.1737087602055 0.028044194608861147 0.0042335611955824446 0.037433463166445552 0
253 1 1 24278400 41785595.07894776 143909965.77975923 9479966.7570872121 -26.375414945982484 8.9933381633202529 -1.0359126293384051 1987.0700545309803 0.028395131857880802 0.0044509542881295411 0.037381369932749535 0
254 1 1 24364800 39500814.081235439 144665918.87942356 9389152.319636073 -26.5116963348461 8.5053176596808129 -1.0662118074827485 1986.9659992843262 0.028734990352027527 0.0046744948408827909 0.037315555690040358 0
255 1 1 24451200 37204605.00509049 145379641.41803232 9295736.0533406772 -26.639955054547201 8.0157952695969072 -1.0961395775480323 1986.8615737911889 0.029063698736000562 0.004903908968672507 0.037236207239321924 0
256 1 1 24537600 34897660.68473307 146051007.86596471 9199750.1954629589 -26.760198599934402 7.5248688169174258 -1.1256925282358601 1986.7568084984769 0.029381208472472539 0.0051389197796731156 0.037143524062620878 0
257 1 1 24624000 32580673.310965188 146679901.10209745 9101227.2766559646 -26.872434365195463 7.0326351280099102 -1.1548672785792247 1986.6517334790044 0.029687494008306645 0.005379248493460333 0.037037718118571435 0
258 1 1 24710400 30254334.441113308 147266212.32997555 9000200.1185502056 -26.976669615318155 6.5391900862495929 -1.1836604731695062 1986.5463783815092 0.02998255287486366 0.0056246154122741726 0.036919013641596221 0
259 1 1 24796800 27919335.01136113 147809840.99869284 8896701.8317475896 -27.072911459296488 6.0446286865391379 -1.2120687774944645 1986.4407723808429 0.03026640573574569 0.0058747409987397348 0.036787646905637225 0
260 1 1 24883200 25576365.351323415 148310694.72848472 8790765.8142134249 -27.161166825044123 5.5490450898562411 -1.2400888733872719 1986.3349441284411 0.030539096359509309 0.006129346898908236 0.036643865925410767 0
261 1 1 24969600 23226115.20071464 148768689.24103361 8682425.7500567324 -27.241442435981636 5.0525326778239865 -1.2677174545858432 1986.2289217032544 0.030800691459712589 0.006388156926648735 0.036487930152276617 0
262 1 1 25056000 20869273.727969494 149183748.29449144 8571715.608689636 -27.313744789264533 4.5551841073048296 -1.294951222401495 1986.1227325632053 0.031051280545044729 0.0066508981393710335 0.036320110122186396 0
263 1 1 25142400 18506529.55067458 149555803.62321964 8458669.6443561967 -27.378080135623005 4.0570913650170342 -1.3217868814956388 1986.0164034973084 0.031290975583261015 0.0069173017440930726 0.036140687109795941 0
264 1 1 25228800 16138570.757673357 149884794.88224885 8343322.3960215487 -27.434454460787006 3.5583458221751529 -1.3482211357651668 1985.9099605786382 0.03151991067395403 0.0071871041391537039 0.035949952663069593 0
265 1 1 25315200 13766084.932708243 150170669.59646046 8225708.6876117419 -27.482873468471997 3.0590382891575403 -1.3742506843368956 1985.8034291182903 0.031738241570610455 0.007460047785491801 0.035748208160537663 0
266 1 1 25401600 11389759.179466315 150413383.1144937 8105863.6285950691 -27.52334256490451 2.5592590702028883 -1.3998722176689109 1985.6968336204548 0.031946145153529455 0.0077358821312512802 0.035535764344623556 0
267 1 1 25488000 9010280.1478959173 150612898.56737894 7983822.6148955906 -27.555866844869197 2.0590980181421696 -1.4250824137599638 1985.5901977388037 0.032143818768172142 0.0080143644842386418 0.035312940757230619 0
268 1 1 25574400 6628334.0616638241 150769186.83190179 7859621.3301294399 -27.580451079260158 1.558644589169502 -1.4498779344681716 1985.4835442343867 0.032331479559709018 0.0082952607931243167 0.035080065149958074 0
269 1 1 25660800 4244606.7466234313 150882226.49870175 7733295.7471544947 -27.597099704123973 1.0579878976574963 -1.4742554219381365 1985.3768949351945 0.032509363600696124 0.00857834641674062 0.03483747288127035 0
270 1 1 25747200 1859783.6601655525 150952003.84510842 7604882.1299240794 -27.60581681118413 0.55721677102437861 -1.498211495136474 1985.2702706975865 0.032677725026381416 0.0088634068348352728 0.034585506258639341 0
271 1 1 25833600 -525450.07867571339 150978512.81272054 7474417.035635218 -27.606606139836643 0.056419804658775434 -1.5217427464982034 1985.1636913697882 0.032836835047508138 0.0091502382704376824 0.034324513780311566 0
272 1 1 25920000 -2910409.6584889214 150961754.98973471 7341937.3171618674 -27.599471070612925 -0.44431458309115607 -1.5448457386837444 1985.0571757576793 0.032986980851128361 0.009438648256510267 0.034054849424723629 0
273 1 1 26006400 -5294410.5442496873 150901739.59802613 7207480.1257635299 -27.58441462010645 -0.94489809585620865 -1.5675170014472484 1984.9507415930789 0.033128464438403116 0.009728456145076482 0.03377687181083721 0
274 1 1 26092800 -7676768.4457098972 150798483.48499188 7071082.9140595794 -27.561439437361077 -1.4452425041059651 -1.5897530286178347 1984.8444055047103 0.033261601410142824 0.010019493478621293 0.033490943377997587 0
275 1 1 26179200 -10056799.28553813 150652011.1201607 6932783.4392595133 -27.530547801724634 -1.9452595899228635 -1.6115502751945601 1984.7381829921242 0.0333867195691952 0.01031160432416035 0.033197429467774396 0
276 1 1 26265600 -12433819.167338043 150462354.59657893 6792619.7666392075 -27.491741622170899 -2.4448610916820304 -1.6329051545569719 1984.6320884027814 0.033504157585624424 0.01060464550892451 0.032896697394089638 0
277 1 1 26352000 -14807144.343671821 150229553.63698018 6650630.273253168 -27.445022438096437 -2.9439586486309448 -1.6538140357918132 1984.5261349124801 0.033614263454100513 0.010898486720471256 0.032589115469134067 0
278 1 1 26438400 -17176091.184216574 149953655.60474783 6506853.6518726759 -27.390391421602821 -3.4424637453625233 -1.6742732411375165 1984.4203345094272 0.033717392962675688 0.01119301052310784 0.032275051982372398 0
279 1 1 26524800 -19539976.144182373 149634715.51968053 6361328.9151395848 -27.327849381273126 -3.9402876561738451 -1.6942790435485369 1984.314697982091 0.033813908110609969 0.01148811229230819 0.031954874127831427 0
280 1 1 26611200 -21898115.733121715 149272796.07856914 6214095.39992534 -27.257396767458438 -4.4373413893048781 -1.7138276643798811 1984.2092349110671 0.033904175389388475 0.011783699991654777 0.03162894695183098 0
281 1 1 26697600 -24249826.48426155 148867967.68059766 6065192.7718847999 -27.179033679090033 -4.9335356310526706 -1.7329152711942795 1984.1039536652079 0.033988564112894623 0.012079693833746311 0.031297632180473885 0
282 1 1 26784000 -26594424.92449028 148420308.45757818 5914661.0301941494 -27.092759872034605 -5.4287806897547348 -1.75153797569337 1983.9988614021513 0.034067444649134165 0.0123760258648729 0.030961287115024341 0
283 1 1 26870400 -28931227.545134287 147929904.30903128 5762540.5124622127 -26.998574769014304 -5.9229864396372101 -1.7696918317733044 1983.8939640734218 0.034141186649478322 0.012672639380109912 0.030620263449010966 0
284 1 1 26956800 -31259550.773659743 147396848.94212389 5608871.8998042652 -26.896477471113137 -6.4160622645243262 -1.7873728337072712 1983.7892664342692 0.034210157278836403 0.012969488250629784 0.030274906087043266 0
285 1 1 27043200 -33578710.946438119 146821243.91647691 5453696.2220673803 -26.786466770895789 -6.9079170014057167 -1.8045769144556356 1983.6847720583924 0.03427471939224544 0.013266536103929831 0.029925551955807421 0
286 1 1 27129600 -35888024.28271576 146203198.69385484 5297054.8631962333 -26.668541167165763 -7.3984588838592886 -1.8212999441053124 1983.5804833576458 0.034335229788224633 0.013563755404173651 0.029572528799006698 0
287 1 1 27216000 -38186806.859930508 145542830.69275001 5138989.5667281169 -26.542698881391942 -7.8875954853283616 -1.8375377284382206 1983.4764016067843 0.034392037431789507 0.013861126384252298 0.029216154034748743 0
288 1 1 27302400 -40474374.590520516 144840265.34787393 4979542.4414060488 -26.408937875834756 -8.3752336622524588 -1.8532860076305504 1983.3725269732834 0.0344454817854003 0.01415863589151458 0.028856733538603803 0
289 1 1 27388800 -42750043.200374074 144095636.17456818 4818755.9668985279 -26.267255873406764 -8.8612794970515001 -1.8685404550841942 1983.2688585523194 0.034495891094384987 0.014456276117919116 0.028494560513691623 0
290 1 1 27475200 -45013128.209071629 143309084.83814806 4656672.9996146047 -26.117650379303029 -9.3456382409650871 -1.8832966763892496 1983.1653944067887 0.034543580859933462 0.014754043223336894 0.028129914387847527 0
291 1 1 27561600 -47262944.912074178 142480761.22819152 4493336.7786028776 -25.960118704438852 -9.8282142567494404 -1.8975502084190377 1983.0621316123302 0.034588852311752231 0.015051935860554023 0.027763059718532577 0
292 1 1 27648000 -49498808.365016468 141610823.53778398 4328790.9315229328 -25.7946579907365 -10.308910961235389 -1.9112965185575979 1982.9590663072681 0.034631991025381906 0.015349953630280203 0.027394245187255539 0
293 1 1 27734400 -51720033.370266326 140699438.34773287 4163079.4806778585 -25.621265238302009 -10.787630767753127 -1.9245310040589001 1982.856193747238 0.034673265679573795 0.015648095415624924 0.027023702642406926 0
294 1 1 27820800 -53925934.4659153 139746780.7157622 3996246.8490963844 -25.439937334538403 -11.264275028429058 -1.9372489915389877 1982.7535083643872 0.034712926876660541 0.015946357733742662 0.026651646171713613 0
295 1 1 27907200 -56115825.917369999 138753034.27069744 3828337.8666531825 -25.250671085241922 -11.738743976362287 -1.9494457365996882 1982.6510038308106 0.034751206216072458 0.016244732971619866 0.026278271331869951 0
296 1 1 27993600 -58289021.711717516 137718391.31165153 3659397.7762160688 -25.053463247731173 -12.210936667691328 -1.9611164235826319 1982.5486731259455 0.034788315429479612 0.016543207604062186 0.025903754416079592 0
297 1 1 28080000 -60444835.555043273 136643052.91222033 3489472.2398087652 -24.848310566061439 -12.680750923561037 -1.9722561654551656 1982.4465086076045 0.034824445793435556 0.016841760418809568 0.025528251797614868 0
298 1 1 28166400 -62582580.872882992 135527229.02969685 3318607.3447780008 -24.63520980838155 -13.148083272002625 -1.9828600038219213 1982.34450208619 0.034859767546120669 0.017140360715460184 0.025151899596645776 0
299 1 1 28252800 -64701570.814268269 134371138.6192992 3146849.6101598879 -24.414157813208931 -13.612828889993416 -1.9929229039638388 1982.2426450235009 0.0348944298570582 0.01743896649245014 0.024774813014637215 0
300 1 1 28339200 -66801118.255602315 133175009.7539096 2974245.9912396483 -24.185151408178694 -14.074881532113745 -2.0024398235304539 1982.1409255041151 0.034932262312792846 0.017737660780635326 0.024394275899328542 0
301 1 1 28425600 -68880535.802709132 131939079.73561437 2800843.8413940514 -23.948187645322673 -14.534133852856574 -2.0114066401496782 1982.0393675253517 0.034957436701508172 0.018031093989148081 0.024008689628124816 0
302 1 3 28486838.203415796 -70341810.034131736 131039114.98321491 2677483.2764698598 -23.775414731683487 -14.857883882864316 -2.0174211761952581 1981.9673768856032 0 0 0 146
303 1 1 28512000 -70939135.911642447 130663595.29459132 2626691.2050881935 -23.703266780122668 -14.990473867909305 -2.0198077544313904 1981.9377484764937 0.034852195679618454 0.018454776092739746 0.02410522715705295 0
304 1 1 28598400 -72976228.927323535 129348814.23572524 2451836.8608914274 -23.450335560652803 -15.44375645797601 -2.0276473782754199 1981.8336441190031 0.034529514061225119 0.018988882512079704 0.024717423631719904 0
305 1 1 28684800 -74991147.733191639 127994993.69419788 2276344.1200003489 -23.190222167402375 -15.894266829037615 -2.0344455529319472 1981.741017654495 0.0017479298337804011 0.0037766085779988639 0.043560079878378011 0
306 1 1 28771200 -76983293.089094877 126602367.57494603 2100315.3070697584 -22.922924471345009 -16.341895993674434 -2.0401931774262376 1981.6422457275887 0.0014163841581231239 0.0040927773178782165 0.044369648683930105 0
307 1 1 28857600 -78951997.677839637 125171212.10150015 1923815.5452206335 -22.647615511970287 -16.786132385360681 -2.0453441533550509 1981.543152656036 0.0010824651587837146 0.0044059784806917066 0.045169861916524827 0
308 1 1 28944000 -80896571.988140732 123701824.20013231 1746898.1030683732 -22.364353048475579 -17.226886022444184 -2.0498609042726343 1981.4422696168974 0.00074880141657653661 0.0047208494074930636 0.045957709258191579 0
309 1 1 29030400 -82816328.803739756 122194509.96111506 1569617.9852180271 -22.073136409467242 -17.664036665952395 -2.0537386174321037 1981.3396150499022 0.00041514943583357677 0.0050369660139183616 0.046733160570502197 0
310 1 1 29116800 -84710580.878232881 120649585.94874705 1392030.6139578014 -21.773965576692962 -18.097462084338343 -2.0569724416710642 1981.2352082031184 8.1721255746960297e-05 0.0053547263189679291 0.047495640052599382 0
311 1 1 29203200 -86578640.993816316 119067379.37745653 1214191.8315413701 -21.466841243304419 -18.52703796939026 -2.0595575068163372 1981.1290698398877 -0.00025131627000516977 0.0056744956726988878 0.048244585511993662 0
312 1 1 29289600 -88419822.026147962 117448228.29351792 1036157.9018211446 -21.151764892841566 -18.952637882951091 -2.0614889241499559 1981.0212221526981 -0.00058382279838043003 0.0059966357965787389 0.04897942855523036 0
313 1 1 29376000 -90233437.016113356 115792481.76145107 857985.51175896346 -20.828738880276763 -19.374133202151988 -2.0627617885576535 1980.9116887388434 -0.00091568522961974581 0.0063215029603459994 0.049699595341709139 0
314 1 1 29462400 -92018799.248746246 114100500.05511211 679731.77274471847 -20.497766516618469 -19.791393065593272 -2.0633711808300568 1980.8004945735693 -0.00124681824028374 0.0066494461669006077 0.050404507399290178 0
315 1 1 29548800 -93775222.339615017 112372654.85339223 501454.22170759423 -20.158852157136163 -20.204284320521925 -2.0633121701642185 1980.6876659821708 -0.001577164706426713 0.0069808053841129225 0.051093582366939831 0
316 1 1 29635200 -95502020.328991979 110609329.44043261 323210.82200209913 -19.812001293308857 -20.612671471125541 -2.0625798168767817 1980.5732306110417 -0.0019066960719137022 0.0073159095450379685 0.051766234783759905 0
317 1 1 29721600 -97198507.784131393 108810918.91025414 145059.96405028974 -19.457220648596689 -21.016416628067653 -2.0611691753353525 1980.4572173974307 -0.0022354124895710434 0.007655074748648124 0.052421876996168015 0
318 1 1 29808000 -98863999.909990534 106977830.3756894 -32939.534279060441 -19.094518278137951 -21.415379459396991 -2.0590752971190969 1980.3396565378514 -0.0025633429603774314 0.007998602288442595 0.053059919961123282 0
319 1 1 29894400 -100497812.66873869 105110483.1814907 -210728.42757479512 -18.723903672473828 -21.80941714297564 -2.0562932344224873 1980.2205794552756 -0.0028905452412056557 0.0083467767973831961 0.0536797740789067 0
320 1 1 29980800 -102099262.90840484 103209309.12147802 -388247.04309257219 -18.345387865401069 -22.198384320581116 -2.0528180437094177 1980.1000187648733 -0.0032171056770390243 0.0086998642230292824 0.054280850183417578 0
321 1 1 30067200 -103667668.50102614 101274752.65957375 -565435.28129100148 -17.958983546054618 -22.582133053845496 -2.0486447896304769 1979.9780082383475 -0.0035431388771954703 0.0090581100291234635 0.054862560377679781 0
322 1 1 30153600 -105202348.49066672 99307271.154558957 -742232.61671812471 -17.564705175320455 -22.960512782205868 -2.043768549216483 1979.8545827668863 -0.0038687872846265734 0.0094217372313839236 0.055424319025868606 0
323 1 1 30240000 -106702623.25168504 97307335.088369146 -918578.09927252447 -17.162569106677132 -23.333370283054911 -2.0381844163597083 1979.7297783227139 -0.0041942205818054235 0.0097909445664478897 0.055965543669293009 0
324 1 1 30326400 -108167814.65763675 95275428.297730729 -1094410.3558645311 -16.752593711563055 -23.700549634288667 -2.0318875065957163 1979.6036319192344 -0.0045196349978624791 0.010165904630757366 0.056485656062174129 0
325 1 1 30412800 -109597246.26120828 93212048.20892252 -1269667.5925040278 -16.33479950936248 -24.061892179463378 -2.0248729621995047 1979.4761815698255 -0.0048452524000995216 0.010546762101899369 0.056984083116524746 0
326 1 1 30499200 -110990243.4855842 91117706.075426623 -1444287.5968426531 -15.909209302103019 -24.417236495783236 -2.0171359576091707 1979.3474662452686 -0.0051713193976136189 0.010933632041321513 0.057460257997945498 0
327 1 1 30585600 -112346133.8276587 88992927.218214646 -1618207.7411992238 -15.475848313949918 -24.766418365158483 -2.0086717051913574 1979.2175258298735 -0.0054981061000849421 0.011326598148293862 0.057913621106373797 0
328 1 1 30672000 -113664247.07350993 86838251.268392861 -1791364.9860986553 -15.034744335581125 -25.109270748583267 -1.9994754613639554 1979.0864010763767 -0.0058259050101526497 0.011725711251337843 0.058343621178756543 0
329 1 1 30758400 -114943915.52656199 84654232.411908045 -1963695.8843557502 -14.585927873520063 -25.445623764099839 -1.9895425330888599 1978.9541335595648 -0.0061550295114273026 0.012130987669173783 0.058749716383792124 0
330 1 1 30844800 -116184474.24886572 82441439.635992274 -2135136.5857365597 -14.129432304494181 -25.775304668628678 -1.9788682847516503 1978.820765628762 -0.0064858124079883468 0.012542407906086059 0.059131375403828602 0
331 1 1 30931200 -117385261.31593591 80200456.977000132 -2305622.8422314208 -13.665294034886443 -26.09813784395871 -1.96744814544346 1978.6863403591983 -0.0068186043015496097 0.012959915241965251 0.059488078573547147 0
332 1 1 31017600 -118545618.0855868 77931883.769265607 -2475090.0139750578 -13.193552665334398 -26.413944787211321 -1.955277616660394 1978.5509015023035 -0.0071537718629512467 0.01338341454995485 0.059819319014234713 0
333 1 1 31104000 -119664889.48121321 75636334.894577548 -2643473.0758505538 -12.714251160519504 -26.722544106104298 -1.9423522804367823 1978.4144934350165 -0.0074916958640443903 0.013812771157526681 0.060124603796843409 0
334 1 1 31190400 -120742424.28996682 73314441.031844765 -2810706.6248153606 -12.227436024184739 -27.02375151935934 -1.9286678079287598 1978.2771611081532 -0.0078327693252928446 0.014247809924314984 0.06040345509813741 0
335 1 1 31276800 -121777575.476281 70966848.906491086 -2976724.8879889678 -11.733157479403559 -27.317379862613638 -1.9142199684642942 1978.1389499938759 -0.0081773953271708569 0.014688314375313533 0.060655411403531874 0
336 1 1 31363200 -122769700.5111977 68594221.53908807 -3141461.7315432183 -11.231469654108299 -27.603239100215042 -1.8990046390758211 1977.99990603234 -0.008525984885359144 0.015134026002973961 0.06088002869803924 0
337 1 1 31449600 -123718161.71795173 66197238.492700055 -3304850.6704377653 -10.722430771876134 -27.881136343294227 -1.883017814533934 1977.8600755776265 -0.0088789546743643678 0.015584643778974134 0.061076881622367872 0
338 1 1 31536000 -124622326.63426456 63776596.118382409 -3466824.8790446236 -10.206103347950041 -28.150875874527834 -1.8662556178970169 1977.7195053429555 -0.0092367246702003726 0.016039823722251045 0.061245564742720193 0
339 1 1 31622400 -125481568.39180008 61333007.798235126 -3627317.2027070681 -9.6825543904566373 -28.412259180025178 -1.848714311592901 1977.5782423452526 -0.0095997157392890102 0.016499178687467801 0.06138569373604242 0
340 1 1 31708800 -126295266.11322716 58867204.185377955 -3786260.1702796016 -9.1518556067617745 -28.665084988783001 -1.8303903090498501 1977.4363338491225 -0.0099683471177803105 0.016962278418025802 0.061496906623662723 0
341 1 1 31795200 -127062805.32733148 56379933.440173 -3943586.0076972037 -8.6140836148858231 -28.909149320176329 -1.8112801868949804 1977.2938273103919 -0.010343033945463839 0.017428649637226856 0.061578864881703103 0
342 1 1 31881600 -127783578.4026074 53871961.461979352 -4099226.6526235477 -8.0693201598732607 -29.144245539972122 -1.7913806977327995 1977.1507703191971 -0.010724184571357678 0.017897776347749673 0.061631254783981723 0
343 1 1 31968000 -128456984.99975468 51344072.115682095 -4253113.7702288162 -7.5176523349890543 -29.370164425362741 -1.7706887835187308 1977.0072105425972 -0.01111219805442225 0.018369100470809269 0.061653788513771332 0
344 1 1 32054400 -129082432.54348919 48797067.452194281 -4405178.7701493697 -6.9591728075852028 -29.586694239538335 -1.749201589545371 1976.8631956669274 -0.011507461407833673 0.018842022480253275 0.061646205369177594 0
345 1 1 32140800 -129659336.71406342 46231767.922084421 -4555352.8246827563 -6.3939800494523453 -29.793620816334332 -1.7269164790541338 1976.7187733399076 -0.011910347111837551 0.019315902381943934 0.061608272894813389 0
346 1 1 32227200 -130187121.95887581 43649012.581435546 -4703566.8882725798 -5.8221785714372452 -29.990727655501885 -1.7038310484831642 1976.5739911124469 -0.012321210321167645 0.019790060818764547 0.061539788129486649 0
347 1 1 32313600 -130665222.02452599 41049659.288993776 -4849751.7183387987 -5.2438791620717247 -30.177796029165972 -1.6799431433670677 1976.4288963803758 -0.012740386345210677 0.020263780457646822 0.061440578564183487 0
348 1 1 32400000 -131093080.50965086 38434584.89361456 -4993837.8975103544 -4.6591991299252493 -30.35460510005144 -1.655250874897966 1976.2835363261092 -0.013168187988549599 0.020736307436727334 0.061310503384216924 0
349 1 1 32486400 -131470151.43884867 35804685.410964891 -5135755.857317389 -4.0682625493499165 -30.520932052066446 -1.6297526371545425 1976.1379578601711 -0.013604903060304877 0.021206853196461681 0.061149454460581544 0
350 1 1 32572800 -131795899.85796908 33160876.188387603 -5275435.9034014624 -3.4712005092464433 -30.676552233843939 -1.6034471250128488 1975.9922075628924 -0.01405079184323333 0.021674596375285456 0.060957357307289427 0
351 1 1 32659200 -132069802.45101234 30504092.056781653 -5412808.2423027679 -2.8681513644336962 -30.821239315853948 -1.5763333527391221 1975.8463316261066 -0.01450608473087588 0.022138684959513072 0.060734172195049466 0
352 1 1 32745600 -132291348.1788424 27835287.468299728 -5547803.0098833656 -2.2592609891563757 -30.954765461704419 -1.5484106732708238 1975.7003757950199 -0.014970979840762939 0.022598238571609662 0.06047989493709359 0
353 1 1 32832000 -132460038.93987712 25155436.618609998 -5680350.3014462618 -1.644683032212702 -31.076901514250526 -1.5196787981894953 1975.5543853103959 -0.015445640754095193 0.023052351097358287 0.060194557826225875 0
354 1 1 32918400 -132575390.25287145 22465533.552415852 -5810380.2036098465 -1.0245791731366409 -31.187417197140775 -1.4901378183817509 1975.4084048510049 -0.015930194482690164 0.023500093212341155 0.059878230408113055 0
355 1 1 33004800 -132636931.9618578 19766592.250872571 -5937822.8279971294 -0.39911937880815124 -31.286081332422945 -1.4597882253862804 1975.262478476498 -0.016424729409006442 0.023940515384446026 0.059531020239494581 0
356 1 1 33091200 -132644208.96325153 17059646.699486889 -6062608.3467987608 0.23151784019645674 -31.372662074827154 -1.4286309334202132 1975.1166495707823 -0.016929293390352609 0.02437265083792884 0.059153073514642301 0
357 1 1 33177600 -132596781.95506746 14345750.9350319 -6184667.030268142 0.86714517425687865 -31.446927163341968 -1.3966673020756415 1974.9709607860614 -0.017443892106931987 0.024795518721323597 0.058744575642840295 0
358 1 1 33264000 -132494228.20812596 11625979.069957007 -6303929.2862059521 1.5075662611752623 -31.508644190682777 -1.3638991596705128 1974.8254539875513 -0.017968487445707226 0.025208127397570751 0.05830575178325844 0
359 1 1 33350400 -132336142.35905468 8901425.2927218471 -6420325.7014898723 2.1525754353358426 -31.557580891235791 -1.3303288272384686 1974.6801701991042 -0.018502996110629832 0.025609477909886644 0.057836867164494141 0
360 1 1 33436800 -132122137.2248129 6173203.8424332365 -6533787.0857038414 2.8019574805018728 -31.59350544804256 -1.295959143133905 1974.5351495497985 -0.019047288434218757 0.025998567435568252 0.05733822748614887 0
361 1 1 33523200 -131851844.63838032 3442448.9561167313 -6644244.5169188185 3.4554873872689758 -31.616186819361999 -1.2607934882267084 1974.390431221736 -0.019601187294659123 0.026374392944679081 0.056810178990086134 0
362 1 1 33609600 -131524916.30516224 710314.78690913017 -6751629.3896748191 4.1129301162659502 -31.625395085313894 -1.2248358116565743 1974.2460533992582 -0.020164467288096472 0.026735954860281259 0.05625310859172436 0
363 1 1 33696000 -131141024.67956373 -2022024.7085834707 -6855873.4652108252 4.7740403682669523 -31.620901815071992 -1.1880906571054399 1974.1020532196012 -0.020736854078367482 0.027082260790668531 0.055667443877369632 0
364 1 1 33782400 -130699863.8610834 -4753375.9155563023 -6956908.9239856433 5.4385623624578541 -31.602480455029401 -1.1505631895508295 1973.9584667254651 -0.021318023901425873 0.027412329264438432 0.055053652796369104 0
365 1 1 33868800 -130201150.50916551 -7482525.7407335127 -7054668.4205292678 6.1062296241739933 -31.569906738306113 -1.1122592224481627 1973.8153288195961 -0.02190760333154667 0.027725193521909698 0.05441224351594743 0
366 1 1 33955200 -129644624.77593236 -10208241.828410707 -7149085.1406592615 6.7767647835025802 -31.522959115911583 -1.0731852452863977 1973.6726732216173 -0.022505169234352022 0.028019905207239761 0.053743763866330799 0
367 1 1 34041600 -129030051.25579561 -12929272.814694479 -7240092.8610920319 7.4498793862241426 -31.461419209805836 -1.0333484514579148 1973.5305324275701 -0.023110248822794017 0.028295538145295035 0.053048800814265648 0
368 1 1 34128000 -128357219.95081335 -15644348.621838715 -7327626.0114730811 8.125273718638347 -31.385072288027288 -0.99275676637163779 1973.3889376723191 -0.023722320075846424 0.028551191978179586 0.05232797969096669 0
369 1 1 34214400 -127625947.25052452 -18352180.794588771 -7411619.7388440575 8.8026366478962732 -31.293707761974698 -0.9514188757342823 1973.2479188952866 -0.024340812174615208 0.028785995727776535 0.051581963326807534 0
370 1 1 34300800 -126836076.92484824 -21051462.880447865 -7492009.9745575693 9.4816454795342207 -31.187119705834387 -0.90934425391513962 1973.1075047098605 -0.024965106255299248 0.028999111275299024 0.050811450994799501 0
371 1 1 34387200 -125987481.1284855 -23740870.855775021 -7568733.5036430378 10.161965833972442 -31.065107398041619 -0.86654319230209531 1972.9677223768228 -0.025594536211293862 0.029189736748445938 0.050017177246533887 0
372 1 1 34473600 -125080061.41510651 -26419063.599609673 -7641728.0366185363 10.843251543806145 -30.927475884553118 -0.8230268275495789 1972.8285977822179 -0.026228389839611815 0.029357109755879268 0.049199910507248361 0
373 1 1 34560000 -124113749.7594464 -29084683.417093173 -7710932.2837347882 11.525144573780246 -30.774036563588222 -0.77880716960983831 1972.6901554201518 -0.026865909890931433 0.029500510416751596 0.048360451592444169 0
374 1 1 34646400 -123088509.58526497 -31736356.614322912 -7776286.0316274315 12.207274965390228 -30.604607791361381 -0.7338971294305614 1972.5524183809091 -0.027506295580450733 0.029619264314914365 0.047499631979774998 0
375 1 1 34732800 -122004336.7969577 -34372694.126426682 -7837730.2223435221 12.88926080810165 -30.4190155081873 -0.68831054619283272 1972.4154083448052 -0.028148703887607252 0.029712745204052163 0.046618312017943808 0
376 1 1 34819200 -120861260.81243047 -36992292.200585596 -7895207.0346966647 13.570708239219474 -30.217093884190636 -0.6420622139546116 1972.279145582228 -0.028792251333229307 0.029780377537679984 0.04571737889548546 0
377 1 1 34905600 -119659345.59467389 -39593733.135660224 -7948659.9678934021 14.251211474466144 -29.998685983687718 -0.59516790755797255 1972.1436489602424 -0.029436015610668605 0.029821638827987034 0.044797744487256777 0
378 1 1 34992000 -118398690.67929378 -42175586.079986989 -7998033.9273607815 14.930352871352586 -29.763644447138741 -0.54764440764908318 1972.0089359562489 -0.030079037467130355 0.029836061764297574 0.043860343000888889 0
379 1 1 35078400 -117079432.19507532 -44736407.888808809 -8043275.3126914995 15.607703027427318 -29.511832189389292 -0.49950952464806125 1971.8750226788711 -0.030720322661416638 0.02982323612704026 0.042906128635448008 0
380 1 1 35164800 -115701743.87447584 -47274744.042685069 -8084332.1076086825 16.282820915488756 -29.243123112729915 -0.45078212150313401 1971.7419238965113 -0.031358843962295449 0.029782810536977292 0.041936072859374555 0
381 1 1 35251200 -114265838.05076507 -49789129.628091127 -8121153.9718378922 16.955254057819602 -28.957402833105917 -0.40148213505292007 1971.6096530736527 -0.031993543427728366 0.02971449400677724 0.040951161815712622 0
382 1 1 35337600 -112771966.63835166 -52278090.381263584 -8153692.3347580153 17.624538741468445 -28.654569417611494 -0.35163059581351758 1971.478222415097 -0.032623334629441184 0.029618057164286293 0.039952393366325348 0
383 1 1 35424000 -111220422.09266581 -54740143.796178728 -8181900.4906870639 18.290200276554277 -28.334534131185997 -0.30124964600192317 1971.3476429182181 -0.03324710500148613 0.029493333571765337 0.038940774237889941 0
384 1 1 35510400 -109611538.34579663 -57173800.297360934 -8205733.69564177 18.951753299489038 -27.997222190221031 -0.25036255559711706 1971.2179244329097 -0.03386371846061529 0.029340220580372615 0.037917316975795506 0
385 1 1 35596800 -107945691.71392553 -59577564.478012338 -8225149.2653931212 19.608702122924083 -27.642573520573432 -0.19899373624331299 1971.0890757292141 -0.034472018057276295 0.029158680201537883 0.03688303674130728 0
386 1 1 35683200 -106223301.77244407 -61949936.403727315 -8240106.6746224081 20.26054113411589 -27.27054351725387 -0.14716875278594505 1970.9611045719998 -0.035070828834167275 0.028948739823733825 0.035838948293602055 0
387 1 1 35769600 -104444832.19450486 -64289412.981811367 -8250567.6569642592 20.906755243266048 -26.881103802849022 -0.094914332235254209 1970.8340178021356 -0.035658960924212411 0.02871049277359241 0.03478606258895222 0
388 1 1 35856000 -102610791.54862595 -66594489.395960227 -8256496.3057056637 21.546820383235417 -26.474242981519577 -0.042258369951094589 1970.7078214235062 -0.036235212802401953 0.028444098758164345 0.033725383586769769 0
389 1 1 35942400 -100721734.05085622 -68863660.605772555 -8257859.1748915184 22.180204061847963 -26.049967385205676 0.010770067166472637 1970.5825206946497 -0.036798374911248918 0.028149784228190866 0.032657905023492459 0
390 1 1 36028800 -98778260.266912639 -71095422.910270318 -8254625.3805691451 22.80636596779155 -25.608301808466997 0.064140740683777828 1970.4581202238596 -0.037347233573601188 0.027827842663811556 0.031584607030862188 0
391 1 1 36115200 -96781017.759623319 -73288275.574283555 -8246766.7018867824 23.424758630895639 -25.149290228193241 0.11782224404306318 1970.334624066352 -0.037880575220228509 0.027478634756626201 0.030506452952996695 0
392 1 1 36201600 -94730701.676953837 -75440722.516222998 -8234257.6817431813 24.034828137307041 -24.672996504239357 0.17178200957427578 1970.2120358218115 -0.038397191093312966 0.02710258852336388 0.02942438600344743 0
393 1 1 36288000 -92628055.275860995 -77551274.055416271 -8217075.7266688459 24.636014899805662 -24.1795050568753 0.22598631930365179 1970.0903587304344 -0.038895882319059494 0.026700199288542434 0.028339326223922975 0
394 1 1 36374400 -90473870.377210274 -79618448.716821179 -8195201.2056026589 25.227754483197046 -23.668921516793095 0.28040031974207347 1969.9695957654017 -0.039375465582152533 0.026272029571220618 0.027252167213668001 0
395 1 1 36460800 -88268987.747013181 -81640775.090556741 -8168617.5472127767 25.809478484392585 -23.141373343286254 0.33498804082326267 1969.8497497195826 -0.039834779213560781 0.025818708895947784 0.026163773127131102 0
396 1 1 36547200 -86014297.399287716 -83616793.743308991 -8137311.3353960617 26.380615466440084 -22.597010406118411 0.38971241915420524 1969.7308232840383 -0.040272689933489147 0.0253409333220171 0.025074975673572447 0
397 1 1 36633600 -83710738.815927222 -85545059.178277299 -8101272.4025772307 26.940591945397884 -22.036005526524189 0.44453532571899723 1969.6128191158766 -0.040688100101593579 0.024839464851642991 0.023986571215092057 0
398 1 1 36720000 -81359301.079072207 -87424141.83993268 -8060493.9204174196 27.488833428559396 -21.458554972739972 0.49941759816254444 1969.4957398927918 -0.041079955667097399 0.024315130527311705 0.022899317992390429 0
399 1 1 36806400 -78961022.911628187 -89252630.159459218 -8014972.4875317682 28.024765502135612 -20.864878905455328 0.55431907775680511 1969.3795883518335 -0.041447254527135859 0.02376882120519162 0.021813933349899763 0
400 1 1 36892800 -76516992.621752828 -91029132.636354133 -7964708.2138077877 28.547814966086655 -20.255221768599842 0.60919865113291083 1969.2643673097405 -0.041789055662401819 0.023201489962762643 0.020731091219961754 0
401 1 1 36979200 -74028347.947352991 -92752279.951266974 -7909704.800909996 29.057411013369514 -19.6298526209474 0.66401429683598512 1969.1500796623136 -0.042104488639451418 0.022614149947291023 0.019651419558780543 0
402 1 1 37065600 -71496275.796889365 -94420727.104773715 -7849969.6185528254 29.552986450443452 -18.989065404122517 0.7187231367308724 1969.0367283605574 -0.042392763657317825 0.022007871816488472 0.018575497991988894 0
403 1 1 37152000 -68922011.883073792 -96033155.576404706 -7785513.7761222878 30.033978955439043 -18.333179142742363 0.77328149226044762 1968.9243163612434 -0.042653182005878768 0.021383780403450386 0.017503855508780697 0
404 1 1 37238400 -66306840.246377081 -97588275.497885719 -7716352.1892283242 30.499832369974126 -17.662538072622947 0.82764494552550494 1968.8128465501661 -0.042885146687174858 0.020743050709423123 0.016436968309968041 0
405 1 1 37324800 -63652092.665629491 -99084827.834209502 -7642503.6407736689 30.94999802017508 -16.97751169320799 0.88176840512363874 1968.7023216362857 -0.0430881733581032 0.020086903210076921 0.015375257739433932 0
406 1 1 37411200 -60959147.953395471 -100521586.56583403 -7563990.8361320635 31.383936062054811 -16.278494740665707 0.93560617664967349 1968.5927440155324 -0.043261901117863072 0.019416598152044759 0.014319088341767644 0
407 1 1 37497600 -58229431.134243257 -101897360.86501211 -7480840.4520384222 31.801116846007982 -15.565907078426871 0.98911203772626644 1968.4841156034597 -0.043406103259205013 0.018733429024243353 0.013268766049156553 0
408 1 1 37584000 -55464412.50449691 -103210997.2589924 -7393083.1788065434 32.201022294814621 -14.840193502303316 1.0422393173978863 1968.376437636301 -0.043520697498996466 0.018038715111911036 0.012224536518471552 0
409 1 1 37670400 -52665606.572558053 -104461381.77260281 -7300753.7555058626 32.58314728920314 -14.101823457747699 1.0949409796851028 1968.2697104406811 -0.043605755720286715 0.017333792929620465 0.011186583607707468 0
410 1 1 37756800 -49834570.879412957 -105647442.04253726 -7203890.9977478683 32.94700105471334 -13.351290667266365 1.1471697110603023 1968.163933172631 -0.043661512788786563 0.016620006893323543 0.010155028040180604 0
411 1 1 37843200 -46972904.69949238 -106768149.39551266 -7102537.8177548656 33.292108543333676 -12.589112666492953 1.198878011572674 1968.0591035274072 -0.043688374233018266 0.015898698862556765 0.0091299263286129927 0
412 1 1 37929600 -44082247.622626223 -107822520.88236146 -6996741.2364088986 33.618011803155284 -11.815830247962776 1.2500182893139153 1967.9552174221656 -0.043686922589867914 0.015171196918549946 0.0081112698724292477 0
413 1 1 38016000 -41164278.018427096 -108809621.26006146 -6886552.3870066749 33.924271329108173 -11.032006812185653 1.3005429578838303 1967.8522686543679 -0.043657921950931787 0.014438803300617213 0.0070989844194314826 0
414 1 1 38102400 -38220711.385041073 -109728564.91369879 -6772026.5104770297 34.210467387720769 -10.238227626204546 1.350404536486826 1967.750248539787 -0.043602320415056794 0.013702781749819946 0.0060929299037227949 0
415 1 1 38188800 -35253298.584818378 -110578517.7104 -6653222.9418506827 34.476201308765866 -9.4350989904369236 1.3995557522601167 1967.6491455346543 -0.043521250320412881 0.012964344311010094 0.0050929007079341107 0
416 1 1 38275200 -32263823.970073674 -111358698.77736594 -6530205.087807674 34.721096736646118 -8.6232473152207856 1.4479496444077053 1967.5489448475739 -0.043416025616697176 0.01222463794429034 0.0040986264058158048 0
417 1 1 38361600 -29254103.40272158 -112068382.19629025 -6403040.3951656036 34.944800834424406 -7.8033181091226895 1.4955396696940375 1967.4496280480378 -0.043288136236495779 0.011484731061381879 0.0031097731820544068 0
418 1 1 38448000 -26225982.172182001 -112706898.60665052 -6271800.3102111351 35.146985433508412 -6.9759748817023253 1.5422798088334608 1967.3511726791123 -0.043139239214785643 0.01074560045806623 0.0021259459565914299 0
419 1 1 38534400 -23181332.816546395 -113273636.71062031 -6136560.228818058 35.327348122179302 -6.1418979640629914 1.5881246732924801 1967.2535518831949 -0.042971146069457601 0.010008118806434724 0.0011466912348289716 0
420 1 1 38620800 -20122052.852574635 -113768044.67266545 -5997399.4373374879 35.485613266391432 -5.3017832511411065 1.6330296120139254 1967.1567340507197 -0.042785806484736968 0.0092730432442230358 0.0001715009835076018 0
421 1 1 38707200 -17050062.420647897 -114189631.40725483 -5854401.0442883121 35.621532956566455 -4.4563408702928493 1.6769508175660435 1967.0606825024281 -0.042585288077396512 0.0085410053415637711 -0.00080018253387082968 0
422 1 1 38793600 -13967301.851329977 -114537967.74853669 -5707651.9029193465 35.734887874465109 -3.6062937813191325 1.7198454312128177 1966.9653552165794 -0.04237175233524932 0.0078125029130315261 -0.0017689608481617205 0
423 1 1 38880000 -10875729.160683328 -114812687.49629764 -5557242.5247580381 35.825488074632659 -2.7523763136179848 1.7616716464055648 1966.8707046127222 -0.04214742691823755 0.0070878941166548108 -0.0027354721624689108 0
424 1 1 38966400 -7777317.4819418481 -115013488.33303724 -5403266.9843035126 35.893173675375621 -1.895332646666168 1.8023888102007017 1966.7766774034469 -0.041914574762038956 0.006367394207407737 -0.0037003830432130176 0
425 1 1 39052800 -4674052.4415566362 -115140132.60754682 -5245822.8150643902 35.937815454739308 -1.0359152405014562 1.8419575221140529 1966.6832145248939 -0.041675460510238668 0.0056510753070597008 -0.0046643789492686362 0
426 1 1 39139200 -1567929.4879984467 -115192447.98097542 -5085010.8971835729 35.959315347510184 -0.17488322329621644 1.8803397299351443 1966.590251155744 -0.041432314917709621 0.0049388695250731458 -0.0056281535477840355 0
427 1 1 39225600 1539048.8179812336 -115170327.93199617 -4920935.3369326992 35.957606839863743 0.68699925651905769 1.9174988220371787 1966.4977168329197 -0.041187297988841375 0.0042305755618780132 -0.006592397058504589 0
428 1 1 39312000 4644875.542663496 -115073732.11834322 -4753703.3383986726 35.93265525890321 1.5489647058145226 1.9533997157341871 1966.4055356700831 -0.040942461821068372 0.0035258689920271325 -0.0075577836465935532 0
429 1 1 39398400 7747542.1390729491 -114902686.59267214 -4583425.0677224789 35.88445795499603 2.4102439819855901 1.9880089412530155 1966.3136266827096 -0.040699713846430056 0.002824316101948725 -0.0085249582713553505 0
430 1 1 39484800 10845041.217757879 -114657283.87139858 -4410213.5102871656 35.813044375489341 3.2700679996398501 2.0212947209096654 1966.2219042205404 -0.040460781780941153 0.0021253911461168499 -0.0094945229872001637 0
431 1 1 39571200 13935369.319218311 -114337682.85588287 -4234184.3212862909 35.718476029078147 4.1276694404229355 2.0532270430980488 1966.1302785048329 -0.040227181054034292 0.001428496663390921 -0.010467023388744414 0
432 1 1 39657600 17016529.678528227 -113944108.60605198 -4055455.6701372764 35.60084634079977 4.9822844576072782 2.0837777307213043 1966.0386562643164 -0.040000185984071422 0.00073298642411585163 -0.011442935213639201 0
433 1 1 39744000 20086534.972725939 -113476851.96727251 -3874148.0792347882 35.460280398324208 5.8331543670810637 2.1129205037237067 1965.9469414599048 -0.039780805667335037 3.8190295316115975e-05 -0.012422651714955876 0
434 1 1 39830400 23143410.041634679 -112936269.05200775 -3690384.2575677405 35.296934590906616 6.6795273164582376 2.1406310354056508 1965.8550360846316 -0.039569765531601644 -0.00065655959022109858 -0.013406472045558721 0
435 1 1 39916800 26185194.572922856 -112322780.57850273 -3504288.9297497221 35.11099614304743 7.5206599241820893 2.1668870022333864 1965.7628410218788 -0.039367495500845506 -0.0013519022780378305 -0.014394591183460561 0
436 1 1 40003200 29209945.742419191 -111636871.06943227 -3315988.6610362539 34.90268254557084 8.355818880710645 2.1916681268879712 1965.670256942167 -0.039174125318470032 -0.0020484219134822676 -0.015387091560281849 0
437 1 1 40089600 32215740.800960176 -110879087.91412084 -3125611.6789226858 34.672240887481067 9.1842825041585812 2.2149562143341734 1965.5771852171349 -0.038989487317562778 -0.0027466229309230442 -0.01638393681889104 0
438 1 1 40176000 35200679.599364623 -110050040.29858527 -2933287.6919339322 34.419947092579832 10.005342243118385 2.2367351807290019 1965.4835288286843 -0.038813126558121677 -0.0034469074128797845 -0.017384967764629767 0
439 1 1 40262400 38162887.043500572 -109150398.00826478 -2739147.7062308523 34.146105065424564 10.81830411979379 2.2569910750354536 1965.3891932519393 -0.038644317871656959 -0.0041495552212271539 -0.018389900652530471 0
440 1 1 40348800 41100515.471829712 -108180890.10887471 -2543323.8406676315 33.851045751770904 11.622490107048826 2.2757120932547736 1965.2940872925767 -0.038482088925428537 -0.0048547074816240321 -0.019398327757084371 0
441 1 1 40435200 44011746.948281638 -107142303.51135166 -2345949.1409398266 33.535126119157667 12.417239433497613 2.2928885852427254 1965.1981238616481 -0.038325248512064612 -0.0055623537698596603 -0.020409720131843907 0
442 1 1 40521600 46894795.463819839 -106035481.42734061 -2147157.3934632721 33.19872806376268 13.201909811328807 2.3085130541314403 1965.1012206745422 -0.038172418542041196 -0.0062723232529890835 -0.021423432280756053 0
443 1 1 40608000 49747909.040609211 -104861321.72210731 -1947082.939619855 32.842257250066559 13.975878582167788 2.3225801484323019 1965.003300864337 -0.038022068876793789 -0.0069842797630506543 -0.022438708633530726 0
444 1 1 40694400 52569371.733273856 -103620775.17213707 -1745860.4909972618 32.466141890202067 14.73854377692161 2.3350866469512948 1964.9042935033715 -0.03787255350565237 -0.0076977207323512742 -0.023454691363705947 0
445 1 1 40780800 55357505.522342421 -102314843.63500372 -1543624.9462359992 32.070831470145137 15.489325086213814 2.3460314367033526 1964.8041340304969 -0.037722147117622049 -0.0084119797914580397 -0.024470429363109926 0
446 1 1 40867200 58110672.095603719 -100944578.13935554 -1340511.210078727 31.656795430104744 16.227664738696824 2.3554154840622656 1964.7027645844391 -0.037569080912325477 -0.009126232627219134 -0.025484887979117243 0
447 1 1 40953600 60827274.513739042 -99511076.903070092 -1136654.0151944174 31.224521806599856 16.953028285212863 2.3632417994293595 1964.6001342463292 -0.037411576893481714 -0.0098395058378269486 -0.026496959326475437 0
448 1 1 41040000 63505758.757246107 -98015483.287775964 -932187.74732347205 30.774515843766352 17.664905287456133 2.3695153957495108 1964.4961991964215 -0.037247879923592339 -0.010550688244993766 -0.027505472703775236 0
449 1 1 41126400 66144615.152322017 -96458983.698026255 -727246.27425984573 30.307298581424625 18.362809910461731 2.374243241237636 1964.3909227915581 -0.037076286957428151 -0.011258544284870071 -0.028509205184685249 0
450 1 1 41212800 68742379.674020037 -94842805.433438778 -521962.7791536072 29.823405427355233 19.0462814188983 2.3774342067120058 1964.2842755708079 -0.036895173195790956 -0.011961729043517465 -0.029506891833913515 0
451 1 1 41299200 71297635.125631899 -93168214.502092928 -316469.59858168097 29.323384721082498 19.714884577769833 2.3790990079573389 1964.176235197252 -0.03670301484279203 -0.012658804508884741 -0.030497235728159978 0
452 1 1 41385600 73809012.193870917 -91436513.403393716 -110898.06579740345 28.807796296261486 20.368209958730787 2.3792501435572002 1964.0667863439071 -0.036498408442045202 -0.013348256615526492 -0.031478917451860253 0
453 1 1 41472000 76275190.380031392 -89649038.888486385 94621.640469387101 28.277210048503694 21.005874153779722 2.3779018286541027 1963.9559205317619 -0.036280086743021675 -0.014028512787629241 -0.03245060404252776 0
454 1 1 41558400 78694898.807880476 -87807159.706128553 299960.64132987312 27.732204515170171 21.627519898618029 2.3750699251002674 1963.8436359273419 -0.036046931237915532 -0.014697959605156685 -0.033410957435229746 0
455 1 1 41644800 81066916.909583628 -85912274.341708511 504991.49687968486 27.173365473312138 22.232816108439337 2.3707718684664538 1963.7299371067686 -0.035797981461599591 -0.015354960328820867 -0.03435864225775194 0
456 1 1 41731200 83390074.991487384 -83965808.756841108 709588.33891703782 26.60128456155676 22.821457829347004 2.3650265923769611 1963.6148347927221 -0.035532441291558602 -0.015997872027955669 -0.035292333037234926 0
457 1 1 41817600 85663254.682062432 -81969214.136677712 913626.99702449283 26.016557931321305 23.393166108981049 2.3578544506307342 1963.498345569933 -0.035249682485891325 -0.016625062102738234 -0.036210720861206372 0
458 1 1 41904000 87885389.26475811 -79923964.651744902 1116985.1178427364 25.419784932306531 23.947687790270663 2.34927713756381 1963.3804915843893 -0.034949245621414271 -0.017234924029494409 -0.037112519321017813 0
459 1 1 41990400 90055463.898928314 -77831555.240773126 1319542.2774036976 24.811566836768126 24.484795232513473 2.3393176070948516 1963.261300230809 -0.034630838758006877 -0.017825892166861708 -0.037996469988653421 0
460 1 1 42076800 92172515.732356966 -75693499.42060478 1521180.0864276949 24.192505606602641 25.004285964219676 2.3279999908807865 1963.1408038323332 -0.034294334044777081 -0.018396455496366135 -0.03886134721065166 0
461 1 1 42163200 94235633.909238651 -73511327.128878489 1721782.2885256803 23.563202706814959 25.505982272343672 2.3153495159931996 1963.0190393158923 -0.033939762591686518 -0.018945170291316645 -0.039705962442941611 0
462 1 1 42249600 96243959.477760404 -71286582.60478057 1921234.8512821307 22.92425796846852 25.989730732666448 2.3013924225065141 1962.8960478862648 -0.033567307713334306 -0.019470671559647081 -0.040529167960876356 0
463 1 1 42336000 98196685.201676413 -69020822.312739447 2119426.0502270926 22.276268503753336 26.455401686186097 2.2861558813649441 1962.7718747012823 -0.03317729699459189 -0.019971683282530371 -0.041329860268939873 0
464 1 1 42422400 100093055.28047638 -66715612.913515195 2316246.5457364242 21.619827675351669 26.902888666425149 2.2696679128730795 1962.6465685503199 -0.032770193174274785 -0.020447027362708349 -0.042106982920850043 0
465 1 1 42508800 101932364.98291625 -64372529.28671369 2511589.4529282637 20.955524121838597 27.332107782572237 2.2519573061313189 1962.5201815378473 -0.032346584283270217 -0.020895631367316592 -0.042859529085433827 0
466 1 1 42595200 103713960.19881359 -61993152.608328581 2705350.4046502011 20.283940840427562 27.742997063348156 2.2330535397110918 1962.392768773522 -0.031907172969314126 -0.021316534975283127 -0.043586543639389554 0
467 1 1 42681600 105437236.91410303 -59579068.486495987 2897427.6076761945 19.605654327962224 28.135515766425506 2.2129867038391144 1962.2643880700398 -0.031452765474869804 -0.021708895167936268 -0.044287125074425164 0
468 1 1 42768000 107101640.61420929 -57131865.158232674 3087721.8922542343 18.921233780667677 28.509643658135762 2.1917874243360114 1962.1350996497715 -0.030984260148567509 -0.022071990202777659 -0.044960426922153587 0
469 1 1 42854400 108706665.62082432 -54653131.74952434 3276136.7551662019 18.231240352811412 28.86538026807473 2.1694867885298978 1962.004965861104 -0.030502635862350913 -0.02240522240620136 -0.045605659018937858 0
470 1 1 42940800 110251854.36717144 -52144456.600739375 3462578.3964789221 17.536226474082486 29.202744123070953 2.1461162733361738 1961.8740509050504 -0.030008940307289973 -0.022708119773934311 -0.046222088479427631 0
471 1 1 43027200 111736796.61681059 -49607425.658963822 3646955.7501811679 16.836735225184089 29.521771964811535 2.1217076756759536 1961.7424205727932 -0.029504278423099946 -0.022980336507160557 -0.046809040339046155 0
472 1 1 43113600 113161128.63098234 -47043620.938491113 3829180.5089152236 16.133299770846921 29.822517955231749 2.0962930453791251 1961.610141994588 -0.028989800936734755 -0.023221652477654418 -0.047365898030190964 0
473 1 1 43200000 114524532.28940758 -44454619.050353192 4009167.143022994 15.426442849209835 30.105052873571829 2.069904620692073 1961.4772834002727 -0.028466693244555769 -0.023431971717156122 -0.047892103659610795 0
474 1 1 43286400 115826734.16935915 -41841989.801452555 4186832.9141362621 14.71667631627977 30.369463308788465 2.042574766492987 1961.3439138916747 -0.027936164605882146 -0.023611320001456063 -0.048387157967346731 0
475 1 1 43372800 117067504.58770122 -39207294.863545254 4362097.8835486788 14.004500743975875 30.615850850782884 2.0143359152937022 1961.2101032270114 -0.027399437861619913 -0.023759841609454872 -0.048850620216710869 0
476 1 1 43459200 118246656.61045462 -36552086.512035318 4534884.9156127656 13.290405070081881 30.844331283678379 1.9852205110844428 1961.0759216172578 -0.026857739577152515 -0.023877795227864561 -0.049282107881417306 0
477 1 1 43545600 119364045.03429528 -33877906.434273265 4705119.6764095416 12.574866298277113 31.055033784141351 1.9552609560655481 1960.9414395346021 -0.026312290795008467 -0.023965549321364667 -0.049681296056898992 0
478 1 1 43632000 120419565.34422845 -31186284.606801335 4872730.6279413309 11.858349246283685 31.24810012750277 1.9244895602862473 1960.8067275327364 -0.025764298386740481 -0.024023576775989087 -0.050047916920206527 0
479 1 1 43718400 121413152.65150751 -28478738.240761362 5037649.0180991665 11.141306340060485 31.423683904204371 1.8929384941966645 1960.6718560788649 -0.025214947101435282 -0.024052449028493628 -0.05038175885601482 0
480 1 1 43804800 122344780.61568235 -25756770.794472445 5199808.8666563528 10.424177451892524 31.581949748854679 1.8606397441053475 1960.5368953972456 -0.024665392173637387 -0.02405282979735434 -0.050682665610155497 0
481 1 1 43891200 123214460.35447656 -23021871.051998608 5359146.9475382352 9.7073897801582607 31.72307258395119 1.8276250705184174 1960.4019153239192 -0.024116752774329932 -0.024025468403609068 -0.050950535217552294 0
482 1 1 43977600 124022239.34499472 -20275512.266358536 5515602.7676158166 8.9913577685145096 31.847236880101875 1.7939259693265646 1960.2669851723813 -0.023570106013786535 -0.023971192799119512 -0.051185318890025241 0
483 1 1 44064000 124768200.31956841 -17519151.365880527 5669118.5422672778 8.2764830622133871 31.954635934359917 1.7595736357935821 1960.1321736098314 -0.023026481790913808 -0.023890902388036664 -0.051387019749099247 0
484 1 1 44150400 125452460.15934911 -14754228.222075447 5819639.1679471508 7.5631544992559236 32.045471168077327 1.7245989312887422 1959.9975485435498 -0.022486858220715542 -0.023785560656824477 -0.051555691590887472 0
485 1 1 44236800 126075168.78855991 -11982164.977287926 5967112.1919973958 6.8517481340943833 32.119951445481639 1.6890323526999778 1959.8631770170655 -0.021952157865804282 -0.023656187768398482 -0.051691437391674436 0
486 1 1 44323200 126636508.07211846 -9204365.430290103 6111487.7799290763 6.1426272916143247 32.1782924139887 1.6529040044552574 1959.7291251156535 -0.021423244550650686 -0.02350385310316808 -0.051794407936552482 0
487 1 1 44409600 127136690.71915244 -6422214.4779027281 6252718.6803964181 5.4361426491610034 32.220715867086142 1.6162435730723641 1959.5954578806914 -0.02090092090808417 -0.023329667816293979 -0.051864800230828741 0
488 1 1 44496000 127575959.19473372 -3637077.6106636156 6390760.1880783224 4.7326323444165981 32.247449130449674 1.5790803041546622 1959.4622392324702 -0.020385926503007131 -0.023134777545314678 -0.051902855953476469 0
489 1 1 44582400 127954584.64197327 -850300.46051334857 6525570.104674683 4.0324221069884425 32.25872447179583 1.5414429817423303 1959.3295319008948 -0.0198789366023195 -0.022920355210910709 -0.051908859836726967 0
490 1 1 44668800 128272865.81643368 1936791.6015691624 6657108.6982171778 3.3358254116283685 32.254778534829562 1.5033599099286994 1959.1973973637007 -0.019380561489099214 -0.022687593998509434 -0.051883137975489567 0
491 1 1 44755200 128531128.03464258 4722893.8200733569 6785338.6608861359 2.6431436510705892 32.23585179750436 1.4648588966454752 1959.0658957916112 -0.0188913463698323 -0.022437700613241279 -0.051826056184966433 0
492 1 1 44841600 128729722.13831592 7506722.3637115378 6910225.0655166721 1.9546663265505746 32.202188054689856 1.4259672395216016 1958.9350860000495 -0.01841177168912141 -0.022171888735011743 -0.051738018203775681 0
493 1 1 44928000 128869023.47573899 10287014.590529865 7031735.3209691187 1.2706712541436718 32.154033925224859 1.386711713717679 1958.8050254069169 -0.017942254026052314 -0.021891372851037087 -0.051619464014538687 0
494 1 1 45014400 128949430.90159404 13062529.271478005 7149839.1265301229 0.5914247851438531 32.09163838323024 1.347118561637437 1958.6757699959519 -0.017483147314009771 -0.021597362320300961 -0.051470868019842748 0
495 1 1 45100800 128971365.79637402 15832046.774524685 7264508.4255024325 -0.082817961212448707 32.015252313462568 1.3072134844193566 1958.5473742853089 -0.017034744550864369 -0.021291055856319546 -0.051292737297752279 0
496 1 1 45187200 128935271.10637835 18594369.211383637 7375717.3581328653 -0.75181285428784295 31.925128090403646 1.2670216351082213 1958.4198913007776 -0.016597279789051549 -0.020973636315818899 -0.051085609857435793 0
497 1 1 45273600 128841610.40515244 21348320.548884965 7483442.2140194392 -1.4153264993709245 31.821519180707313 1.2265676134136161 1958.2933725534228 -0.016170930417870738 -0.020646265923801237 -0.050850052765723963 0
498 1 1 45360000 128690866.97710408 24092746.68699098 7587661.384130856 -2.0731359772260505 31.704679768557408 1.1858754619593681 1958.1678680211496 -0.015755819805521036 -0.020310081862845736 -0.050586660442833942 0
499 1 1 45446400 128483542.9239099 26826515.505415 7688355.3125628587 -2.7250285772150771 31.574864403436717 1.1449686639304766 1958.0434261338373 -0.015352020105933213 -0.019966192219891998 -0.050296052817944747 0
500 1 1 45532800 128220158.29421197 29548516.880755819 7785506.4481484964 -3.370801525252872 31.432327669754574 1.1038701420279924 1957.9200937617347 -0.014959555292073714 -0.019615672400097435 -0.04997887359878276 0
501 1 1 45619200 127901250.23699965 32257662.676011015 7879099.1960313329 -4.0102617077740979 31.277323877739587 1.0626022586424557 1957.7979162067536 -0.014578404289559917 -0.019259561891969288 -0.049635788488385617 0
502 1 1 45705600 127527372.17897309 34952886.704279616 7969119.8693032386 -4.6432253928080334 31.110106774971179 1.0211868171613872 1957.6769371964037 -0.01420850434274116 -0.018898861425172123 -0.049267483446122369 0
503 1 1 45792000 127099093.0260943 37633144.668409094 8055556.6408011289 -5.2695179491766213 30.930929277892037 0.97964506432754017 1957.5571988800343 -0.013849754375969031 -0.018534530596865714 -0.048874662955609528 0
504 1 1 45878400 126616996.38944596 40297414.07828404 8138399.4951500203 -5.8889735647515788 30.740043222625349 0.93799769356943374 1957.4387418272224 -0.013502018478456099 -0.018167485739998705 -0.048458048282066325 0
505 1 1 45964800 126081679.83544295 42944694.147394173 8217640.1811330393 -6.5014349646317502 30.537699134402015 0.89626484922674421 1957.3216050280396 -0.013165129350963509 -0.017798598318917544 -0.048018375815661596 0
506 1 1 46051200 125493754.16036783 45574005.670259774 8293272.1644624937 -7.1067531300304561 30.324146014890559 0.85446613159648999 1957.2058258949171 -0.012838891868416746 -0.017428693574129305 -0.047556395402107335 0
507 1 1 46137600 124853842.68913721 48184390.882229783 8365290.5810199007 -7.7047870185916567 30.09963114671914 0.81262060273154646 1957.0914402660462 -0.01252308649171726 -0.017058549552908663 -0.047072868674164124 0
508 1 1 46224000 124162580.59814835 50774913.303108029 8433692.1906271093 -8.2954032867863212 29.864399914472266 0.77074679292490633 1956.978482410143 -0.012217472719588169 -0.016688896499776989 -0.046568567427421236 0
509 1 1 46310400 123420614.26199825 53344657.565998949 8498475.3314049281 -8.8784760149808886 29.618695641447808 0.72886270781438101 1956.8669850323436 -0.011921792471659368 -0.016320416529605811 -0.046044272073326266 0
510 1 1 46396800 122628600.62382309 55892729.232704982 8559639.8747702688 -9.4538864357062931 29.362759441466551 0.68698583604859365 1956.7569792811919 -0.011635773349171388 -0.015953743548896962 -0.045500770034544384 0
511 1 1 46483200 121787206.58895907 58418254.596944906 8617187.1811177731 -10.021522665599326 29.09683008502936 0.64513315745717448 1956.6484947566066 -0.011359131787552934 -0.015589463594666078 -0.044938854257828953 0
512 1 1 46569600 120897108.44159003 60920380.47660283 8671120.0562272295 -10.581279441438019 28.821143879128233 0.60332115167131195 1956.5415595187101 -0.011091576171449808 -0.015228115320563295 -0.04435932166995709 0
513 1 1 46656000 119958991.2840109 63398273.996158637 8721442.7084333841 -11.133057860639505 28.535934560033663 0.56156580714418258 1956.4362000975004 -0.010832809710992309 -0.014870190742522707 -0.043762971745704697 0
514 1 1 46742400 118973548.49810801 65851122.360391453 8768160.706590686 -11.676765126541156 28.241433198390958 0.51988263052281514 1956.3324415032964 -0.010582533221721141 -0.014516136217293274 -0.043150605056089267 0
515 1 1 46828800 117941481.22862993 68278132.620391741 8811280.9388612844 -12.212314298745905 27.937868115973622 0.47828665632681749 1956.2303072378709 -0.010340447800593143 -0.014166353672275004 -0.042523021896611862 0
516 1 1 46915200 116863497.88780114 70678531.432861701 8850811.5723510273 -12.739624048768372 27.625464813461512 0.43679245689218671 1956.1298193062651 -0.010106257256362312 -0.013821201932156267 -0.041881020896893266 0
517 1 1 47001600 115740313.6808116 73051564.813629717 8886762.0136146583 -13.258618421180117 27.304445908630299 0.39541415254120771 1956.0309982293011 -0.0098796704175851627 -0.013480998259701052 -0.04122539771176302 0
518 1 1 47088000 114572650.15169987 75396497.886252642 8919142.8700480871 -13.769226600420254 26.975031084354715 0.35416542194164641 1955.9338630567265 -0.0096604032837148933 -0.013146020052776718 -0.040556943711275266 0
519 1 1 47174400 113361234.74913387 77712614.62652868 8947965.9121826887 -14.271382683402591 26.637437045851261 0.3130595126211142 1955.8384313809813 -0.0094481809615132046 -0.01281650663958789 -0.039876444748137167 0
520 1 1 47260800 112106800.41158448 79999217.603695408 8973244.0368935708 -14.765025458021318 26.291877486606111 0.27210925160559307 1955.7447193516171 -0.0092427394539534684 -0.012492661182581195 -0.039184679900343279 0
521 1 1 47347200 110810085.17137872 82255627.719039425 8994991.2315313276 -15.250098187630723 25.938563062454246 0.23132705615244423 1955.6527416903391 -0.0090438272673178353 -0.012174652697940698 -0.038482420326995365 0
522 1 1 47433600 109471831.7771132 84481183.942600518 9013222.5389842317 -15.726548401548728 25.577701373296655 0.19072494455114244 1955.562511706649 -0.0088512068371718287 -0.011862618146256908 -0.037770428075534761 0
523 1 1 47520000 108092787.33390796 86675243.048607975 9027954.0236756112 -16.19432769161099 25.209496951966056 0.15031454696684576 1955.4740413141321 -0.0086646557665910288 -0.011556664532428196 -0.037049455009631686 0
524 1 1 47606400 106673702.96097542 88837179.35024707 9039202.7384991683 -16.653391514782484 24.834151259770675 0.11010711630405344 1955.387341047347 -0.0084839679174891196 -0.011256871128780476 -0.036320241682593096 0
525 1 1 47692800 105215333.4659826 90966384.434312612 9046986.6926930174 -17.103699001815286 24.451862688266832 0.070113539069969144 1955.3024200793243 -0.0083089543277254929 -0.01096329166994179 -0.035583516317414084 0
526 1 1 47779200 103718437.0356852 93062266.896269426 9051324.8206515796 -17.545212771923349 24.062826566834097 0.030344346217127085 1955.2192862396216 -0.0081394439486995387 -0.010675956574394352 -0.034839993795875671 0
527 1 1 47865600 102183774.94231544 95124252.076203078 9052236.9516728036 -17.977898753430313 23.667235175645263 -0.0091902760507213948 1955.137946032959 -0.0079752842210058655 -0.010394875186515036 -0.034090374655992774 0
528 1 1 47952000 100612111.26520975 97151781.796110258 9049743.7806368154 -18.401726010334315 23.265277763644594 -0.048480475525501318 1955.0584046583704 -0.0078163415280912349 -0.010120037987433659 -0.033335344156077314 0
529 1 1 48038400 99004212.627167642 99144314.098946005 9043866.8396108653 -18.816666574721054 22.857140571168365 -0.08751672330971072 1954.9806660288086 -0.0076625014588647435 -0.009851418782131565 -0.032575571371307128 0
530 1 1 48124800 97360847.945041344 101101322.98981257 9034628.470374018 -19.222695284946127 22.443006856858691 -0.12628980321100039 1954.9047327911517 -0.0075136689643131574 -0.0095889769162013864 -0.031811708277554404 0
531 1 1 48211200 95682788.194059312 103022298.17964785 9022051.7978543788 -19.619789629498658 22.023056928543301 -0.16479080122779965 1954.8306063465614 -0.007369768334272048 -0.0093326593495055878 -0.031044388902945835 0
532 1 1 48297600 93970806.185398564 104906744.83174171 9006160.7044703532 -20.007929596450914 21.5974681777714 -0.20301109513727741 1954.7582868710376 -0.0072307430921499808 -0.0090824027763599866 -0.030274228508377059 0
533 1 1 48384000 92225676.356526479 106754183.31138349 8986979.8053668421 -20.387097528392331 21.166415117711374 -0.24094234419399493 1954.6877733360525 -0.0070965557381989048 -0.0088381356508846244 -0.029501822769169975 0
534 1 1 48470400 90448174.573843643 108564148.93891914 8964534.4245363511 -20.75727798273947 20.73006942413663 -0.2785764789468767 1954.6190635291407 -0.006967187373831939 -0.0085997801302166686 -0.028727746995219464 0
535 1 1 48556800 88639077.947167203 110336191.7464738 8938850.571814565 -21.118457597309931 20.28859997923983 -0.31590569118201772 1954.5521540742216 -0.0068426372181475898 -0.0083672540046528261 -0.027952555383322322 0
536 1 1 48643200 86799164.655605838 112069876.23857282 8909954.9207392391 -21.470624961045051 19.8421729180324 -0.35292242399688051 1954.4870404514331 -0.0067229220392353139 -0.0081404725002205483 -0.027176780269752197 0
537 1 1 48729600 84929213.784385875 113764781.15687563 8877874.7872607429 -21.813770489761772 19.390951677101793 -0.38961936201110847 1954.4237170161991 -0.0066080754441628685 -0.0079193500491307346 -0.026400931429985119 0
538 1 1 48816000 83030005.172199667 115420499.24921614 8842638.1092924234 -22.14788630681343 18.935097045513064 -0.42598942171793275 1954.3621770172094 -0.0064981471244519818 -0.007703801939193386 -0.025625495361537191 0
539 1 1 48902400 81102319.268657148 117036637.04312642 8804273.4270883687 -22.47296612853712 18.474767217656314 -0.46202574197986013 1954.3024126129026 -0.0063932019760308224 -0.0074937459034052365 -0.024850934627397465 0
540 1 1 48988800 79146937.001432344 118612814.62400381 8762809.8644359596 -22.789005154364311 18.010117847853152 -0.4977216746713799 1954.2444148859777 -0.0062933191564756626 -0.0072891036221704088 -0.024077687169577443 0
541 1 1 49075200 77164639.652707353 120148665.41806568 8718277.1106505916 -23.09599996147157 17.541302106549885 -0.53307077547023474 1954.1881738553971 -0.0061985910519071321 -0.0070898021195114668 -0.023306165662391191 0
542 1 1 49161600 75156208.744526774 121643835.98022194 8670705.4033593982 -23.39394840384772 17.068470737936899 -0.56806679479994848 1954.1336784851499 -0.0061091221731670578 -0.0068957750741649336 -0.022536756892621083 0
543 1 1 49248000 73122425.932686508 123097985.78698252 8620125.5120610856 -23.68284951565558 16.591772118844485 -0.60270366892321348 1954.0809166890308 -0.0060250279926102298 -0.0067069640401057288 -0.021769821086438653 0
544 1 1 49334400 71064072.908790842 124510787.03450276 8566568.7224487346 -23.962703418766491 16.111352318777179 -0.63697551118720908 1954.0298753304246 -0.0059464336995050885 -0.0065233195690041412 -0.021005691330656884 0
545 1 1 49420800 68981931.310122266 125881924.44186109 8510066.8214823902 -24.233511234347578 15.627355160959112 -0.67087660342169253 1953.9805402159257 -0.0058734729019463312 -0.0063448022296213697 -0.020244672945998386 0
546 1 1 49507200 66876782.636980332 127211095.05964997 8450652.0831983369 -24.49527499838376 15.139922284272991 -0.70440138748834991 1953.9328960814253 -0.0058062862683516793 -0.0061713835156911173 -0.019487042881833498 0
547 1 1 49593600 64749408.177152418 128498008.08395325 8388357.2552419314 -24.747997581017994 14.649193205984362 -0.73754445698149618 1953.886926568985 -0.0057450201063773583 -0.0060030466765996614 -0.018733049132012569 0
548 1 1 49680000 62600588.937193327 129742384.67577331 8323215.5461110342 -24.991682609596364 14.155305385151818 -0.77030054908001544 1953.8426141923967 -0.0056898249122952389 -0.0058397874203828639 -0.017982910177913262 0
549 1 1 49766400 60431105.580197781 130943957.78596269 8255260.6130968286 -25.226334395306896 13.658394286633236 -0.8026645365495606 1953.7999402890298 -0.0056408538505606917 -0.0056816145008393784 -0.017236814429109074 0
550 1 1 49852800 58241738.369759634 132102471.98570937 8184526.5509092836 -25.451957863303559 13.158593445605007 -0.83463141989425405 1953.7588849549602 -0.0055982612146170153 -0.0055285502255910347 -0.016494919706484999 0
551 1 1 49939200 56033267.119821995 133217683.30261539 8111047.8809742182 -25.66855848621044 12.65603453251887 -0.86619631965729171 1953.7194269597846 -0.0055622008345028772 -0.0053806308265901444 -0.015757352731644705 0
552 1 1 50025600 53806471.150129922 134289359.06240422 8034859.5413892576 -25.876142220903564 12.150847418429805 -0.89735446886796322 1953.68154363689 -0.0055328244517152446 -0.0052379066953791211 -0.015024208580653751 0
553 1 1 50112000 51562129.247007325 135317277.73628646 7955996.8775262367 -26.074715448470521 11.643160240633328 -0.92810120562920773 1953.6452107441921 -0.0055102800236095173 -0.0051004425400197817 -0.014295550002638813 0
554 1 1 50198400 49301019.629187666 136301228.79400805 7874495.6332682827 -26.264284917251931 11.133099468557228 -0.95843196583623436 1953.6104022894417 -0.0054947100255303746 -0.0049683173882826013 -0.0135714065662541 0
555 1 1 50284800 47023919.918435819 137241012.56260043 7790391.9428706625 -26.444857688873189 10.620789969860633 -0.98834227601953595 1953.5770903128728 -0.0054862497359005127 -0.0048416244326723512 -0.012851773807312087 0
556 1 1 50371200 44731607.114706904 138136440.09084967 7703722.3234344469 -26.616441087181872 10.106355076698437 -1.0178277463173941 1953.5452446179443 -0.0054850256594826483 -0.0047204707276270012 -0.012136612696735799 0
557 1 1 50457600 42424857.575594038 138987333.01949555 7614523.6679813033 -26.779042650012048 9.589916652115642 -1.0468840635907797 1953.5148324390473 -0.0054911540567638252 -0.0046049766791699687 -0.011425849450153912 0
558 1 1 50544000 40104446.999824464 139793523.45717323 7522833.239116529 -26.932670083700984 9.0715951565399067 -1.0755069846942831 1953.4858180334609 -0.0055047396155391759 -0.0044952754183135999 -0.010719375687010332 0
559 1 1 50630400 37771150.414568916 140554853.86210182 7428688.663266466 -27.077331220284556 8.5515097143453112 -1.1036923299085308 1953.4581621839009 -0.0055258741485002443 -0.0043915119686832689 -0.010017048595617702 0
560 1 1 50716800 35425742.166336402 141271176.92952639 7332127.9254764691 -27.213033977302207 8.0297781804640529 -1.1314359765322861 1953.4318215975561 -0.0055546354389549094 -0.0042938423133314458 -0.0093186911529902876 0
561 1 1 50803200 33068995.915231172 141942355.48491752 7233189.3647555234 -27.33978632014642 7.5065172070256034 -1.1587338526370776 1953.406748187806 -0.0055910861675010142 -0.0042024322875883393 -0.0086240925068650307 0
562 1 1 50889600 30701684.632355053 142568262.38292804 7131911.6699533528 -27.457596226897532 6.9818423100092604 -1.185581930986338 1953.382888227814 -0.0056352730498465389 -0.0041174562802186471 -0.0079330083854667246 0
563 1 1 50976000 28324580.600142721 143148780.41210952 7028333.8761558253 -27.56647165558919 6.455867935896813 -1.2119762231189783 1953.3601813722805 -0.005687226114835269 -0.0040390958383036491 -0.0072451616173660758 0
564 1 1 51062400 25938455.415421963 143683802.20538601 6922495.361584085 -27.666420513855066 5.9287075283164725 -1.2379127736086264 1953.3385595567354 -0.0057469582632079909 -0.0039675380386695498 -0.0065602431186606008 0
565 1 1 51148800 23544079.994995125 144173230.15628678 6814435.8449815586 -27.757450630913514 5.4004735946717419 -1.2633876545123961 1953.3179458067273 -0.0058144650558168282 -0.003902973773688259 -0.0058779130874448615 0
566 1 1 51235200 21142224.583541725 144616976.34093377 6704195.3834723318 -27.839569731848282 4.8712777727498731 -1.2883969600096798 1953.2982530251552 -0.0058897247104856875 -0.0038455958684764442 -0.0051978021877224344 0
567 1 1 51321600 18733658.763645262 145014962.44578347 6591814.3708741954 -27.912785414149322 4.3412308973072573 -1.31293680124448 1953.2793828740678 -0.0059726984141715246 -0.0037955971044210625 -0.0045195134470496709 0
568 1 1 51408000 16319151.467750411 145367119.70112067 6477333.5364474421 -27.977105126481906 3.810443066629686 -1.3370033013991245 1953.261224924858 -0.0060633308555089454 -0.0037531681388740541 -0.003842624669794036 0
569 1 1 51494400 13899470.991859479 145673388.82030198 6360793.9440590311 -28.032536149652174 3.2790237090661112 -1.3605925910042869 1953.2436563057677 -0.0061615509305680601 -0.0037184953870231362 -0.0031666907131866189 0
570 1 1 51580800 11475385.010779552 145933719.94474611 6242236.9917416954 -28.079085579740941 2.7470816495354482 -1.383700803490743 1953.2265421006332 -0.006267272665816506 -0.0036917588389302901 -0.0024912463088221414 0
571 1 1 51667200 9047660.5947341919 146148072.59467015 6121704.4116257373 -28.116760313379867 2.2147251760060001 -1.4063240710171381 1953.2097367148119 -0.0063803962362194979 -0.0036731299065984875 -0.0018158098194621139 0
572 1 1 51753600 6617064.2271556379 146316415.62556764 5999238.2702185269 -28.145567035142864 1.682062105946341 -1.4284585205927944 1953.193086299116 -0.006500809014612436 -0.0036627692927720516 -0.0011398869521665658 0
573 1 1 51840000 4184361.8234759849 146438727.19042724 5874880.9690065226 -28.165512207027458 1.1491998527473652 -1.4501002704895261 1953.1764321148605 -0.0066283866162220213 -0.0036608249122114674 -0.0004629744648809483 0
574 1 1 51926400 1750318.7507377653 146514994.70768863 5748675.2453540731 -28.17660206000058 0.6162454921143673 -1.4712454269667516 1953.15961448951 -0.0067629938059253674 -0.0036674299101803242 0.00021543506309525175 0
575 1 1 52012800 -684300.15215323051 146545214.8349334 5620664.1736704735 -28.178842587581709 0.083305828427558293 -1.4918900813381952 1953.1424768478241 -0.0069044851825878955 -0.0036827007867851862 0.00089584834172396583 0
576 1 1 52099200 -3118730.5537078101 146529393.44830832 5490891.1668159887 -28.172239541438248 -0.44951253893039667 -1.5120303073705008 1953.1248692842223 -0.0070527056310684235 -0.0037067356419767474 0.001578766844888127 0
577 1 1 52185600 -5552208.6088387221 146467545.62767747 5359399.9777182229 -28.156798428968408 -0.98210314928182318 -1.5316621590203645 1953.1066512771365 -0.0072074904109026465 -0.0037396125688142425 0.0022646816078991361 0
578 1 1 52272000 -7983970.9377220916 146359695.64750105 5226234.7011685763 -28.132524512845908 -1.5143596143990334 -1.5507816685297655 1953.0876933709742 -0.0073686648271125751 -0.0037813882026531661 0.002954067926844081 0
579 1 1 52358400 -10413254.60470348 146205876.97343597 5091439.7757680453 -28.099422812505512 -2.0461755522892888 -1.569384844869808 1953.0678778703552 -0.007536043575622875 -0.0038320964208501756 0.0036473804922296763 0
580 1 1 52444800 -12839297.097411813 146006132.264658 4955059.9859790923 -28.057498107460987 -2.5774445209801735 -1.5874676728639001 1953.0470987490964 -0.0077094298445692126 -0.0038917472430428182 0.0043450486678709398 0
581 1 1 52531200 -15261336.306087175 145760513.38204581 4817140.4633947713 -28.006754939019505 -3.1080599489571714 -1.6050261323460129 1953.0252616823377 -0.0078886657767396236 -0.0039603493063335091 0.0050476590288167584 0
582 1 1 52617600 -17678610.507943802 145469081.39890712 4677726.7084763022 -27.94719774954654 -3.6379151655125908 -1.6220555840741289 1953.0022604414316 -0.008076213346254477 -0.0040400554698561617 0.0057690751070822496 0
583 1 1 52704000 -20090358.343636226 145131906.62505159 4536864.5672774091 -27.87883024247828 -4.1669028426097166 -1.6385538427741819 1952.978091158835 -0.0082378088216672769 -0.0041091964433499079 0.0063657595148782125 0
584 1 1 52790400 -22495818.622616768 144749068.71359867 4394599.6081450554 -27.801651907575067 -4.6949139044509964 -1.6545311528448661 1952.9532960275956 -0.0082482773273653987 -0.0041318926900255053 0.006488494482313009 0
585 1 1 52876800 -24894230.00591822 144320656.79076397 4250976.2698017554 -27.715661593977185 -5.2218385879176346 -1.669998190328531 1952.9284827613433 -0.0082120609039195019 -0.0041320378336555438 0.0064677949225021951 0
586 1 3 52911335.590244219 -25850774.702767476 144136685.66192085 4193197.3708603755 -27.678825023326869 -5.432131304141123 -1.6760377542370484 1952.9185960077 0 0 0 2
587 1 1 52963200 -27284831.209609058 143846769.42814028 4106038.6538796802 -27.620861011637135 -5.7475680433246881 -1.6849535624248928 1952.9037870739887 -0.0081432707755187388 -0.0041392487327541385 0.0064483106686587634 0
588 1 1 53049600 -29666872.626636311 143327483.32234353 3959825.2085791212 -27.517537867066114 -6.27276892000146 -1.6995404838617543 1952.8452016616675 -0.0080676502040141346 -0.0041455158407761906 0.0064225749121737839 0
589 1 1 53136000 -32039498.184650142 142763175.06057933 3812429.748853764 -27.401703192472564 -6.7864711172738819 -1.7116957200753686 1952.3541063902157 0.14683735721835398 0.41652135726346839 0.086306138069824775 0
590 1 1 53222400 -34401521.776976764 142155123.93154159 3664117.2388471058 -27.2733038658243 -7.288580835885754 -1.7213734176763489 1951.3211642362332 0.14926275166263495 0.41530476201774014 0.087991963334652229 0
591 1 1 53308800 -36752080.150100626 141503723.07861409 3514988.146376289 -27.136287112948722 -7.7898658287920535 -1.7305863080265205 1950.3300002841866 0.15173212452156506 0.41400065312430373 0.089893390195398909 0
592 1 1 53395200 -39090411.50704255 140809083.68917626 3365088.0191483879 -26.990265383168389 -8.2894545679591545 -1.739223610540505 1949.3383748918004 0.15414869330980949 0.41268460850325767 0.091812821846358819 0
593 1 1 53481600 -41415787.185839258 140071367.63041335 3214484.4414902246 -26.836877186867863 -8.7868896828135075 -1.7466917043049817 1948.3489672222306 0.093638400820965154 0.42441278598896331 0.11664320374877692 0
594 1 1 53568000 -43727613.54191453 139290774.91368672 3063294.7569453856 -26.676138794733244 -9.2820510934092813 -1.752959208047826 1947.3573393666534 0.095861286534477022 0.4230544326961988 0.1197312019485828 0
595 1 1 53654400 -46025164.527995691 138467488.11851844 2911591.0845024236 -26.50643845740889 -9.7751571363192458 -1.7585857606093032 1946.3661752124342 0.098073720802338199 0.42163401615504664 0.1229076958898461 0
596 1 1 53740800 -48307671.708942674 137601691.07312897 2759430.9633978186 -26.327904887486827 -10.266064820882118 -1.7635238949970757 1945.3750110328135 0.10023752982515333 0.42015259912407105 0.1261912479684672 0
597 1 1 53827200 -50574372.502471872 136693578.85841447 2606874.2043341352 -26.14055224454259 -10.754655109388972 -1.7677658739336266 1944.3838468650627 0.10235715022243426 0.41860338483983894 0.12959251521199708 0
598 1 1 53913600 -52824502.963661298 135743355.98725453 2453982.2791147241 -25.944330646375729 -11.240830086258915 -1.7712793680933847 1943.3925602762704 0.10441905580558103 0.41698339105323223 0.13312217084474764 0
599 1 1 54000000 -55057324.737964295 134751245.18400133 2300808.2734779059 -25.740163217133603 -11.724174306037147 -1.7743958424354025 1942.4019144910101 0.07143388669523025 0.42671983939560876 0.12372299098307837 0
600 1 1 54086400 -57272175.710599095 133717504.0277983 2147378.4564489806 -25.528071973294232 -12.204563122987715 -1.7770935335130025 1941.410628127891 0.07317692996224319 0.4251340202555301 0.12808669619703475 0
601 1 1 54172800 -59468321.104830705 132642376.58391221 1993749.328185932 -25.30717078489063 -12.682169064339092 -1.7790089707794758 1940.4194639185664 0.074876260366476932 0.42342225388341698 0.13269190084484708 0
602 1 1 54259200 -61645002.993781514 131526108.86834288 1839989.2536165069 -25.07753012310641 -13.156865313626314 -1.7801200823320593 1939.4282904737543 0.076515138403929719 0.42157088827758332 0.13756242129257859 0
603 1 1 54345600 -63801471.832110181 130368962.64961655 1686154.3390491749 -24.83932685765479 -13.628358312414155 -1.7808788402639091 1938.4372166205119 0.071981713968499006 0.4263220803720506 0.1247722591019496 0
604 1 1 54432000 -65936992.905789748 129171224.556125 1532263.6845475014 -24.592585427541003 -14.096522893842574 -1.7812666478481161 1937.4460437190435 0.073281031958214629 0.42441885103003774 0.1303784078959464 0
605 1 1 54518400 -68050820.709968209 127933177.41903424 1378377.5896767229 -24.337172002631576 -14.561418297402319 -1.7807700806077427 1936.454887573359 0.074506281026676294 0.4222932993748556 0.13644479979344218 0
606 1 1 54604800 -70142207.255485609 126655112.37019117 1224562.2589782749 -24.073116250905215 -15.022811820493221 -1.7797239878231208 1935.4637402644044 0.075493374584783141 0.42408547653962231 0.13020084094184306 0
607 1 1 54691200 -72210408.799329162 125337346.28902104 1070855.9011654614 -23.800510907265927 -15.480411628526651 -1.7781743416276712 1934.4662911989465 0.073013965083557827 0.42366655181926499 0.13294966631154473 0
608 1 1 54777600 -74254697.985904098 123980162.68193802 917303.14801177219 -23.519654979370777 -15.935739202808413 -1.7763049731873719 1933.5440455992002 0.062382554617774276 0.35743012899976273 0.11803104688296227 0
609 1 1 54864000 -76274374.263425395 122583670.31980124 763905.95589862368 -23.230774030084987 -16.390324224332808 -1.7745758061812096 1932.7819998338682 0.05123605878195378 0.28918413081719391 0.10250652252184966 0
610 1 1 54950400 -78268744.265085891 121147947.85329723 610653.80685716204 -22.933854496903518 -16.843748556040566 -1.7729369369100867 1932.1653409211117 0.041424095356989758 0.23065030899068684 0.088326242735944166 0
611 1 1 55036800 -80237111.585566014 119673120.19230983 457541.71651363297 -22.628854043569845 -17.295451277806137 -1.7713236842052047 1931.6723313936568 0.032830385687609306 0.18078369381625989 0.075442267208726099 0
612 1 1 55123200 -82178776.527160227 118159357.73432724 304570.05729739892 -22.31573859282009 -17.744937792209289 -1.7696762822450662 1931.2845535741369 0.025337698725286552 0.1386683695631136 0.06383461035727718 0
613 1 1 55209600 -84093036.657044649 116606871.99067357 151744.3674033804 -21.994478972189587 -18.19175002198428 -1.7679345985505839 1930.9853950604945 0.018824841719207452 0.10351662510551254 0.053527584161242078 0
614 1 1 55296000 -85979187.251410618 115015912.68455949 -924.51876746029734 -21.665051444096477 -18.63546052771936 -1.7660356496354122 1930.7596847091465 0.013158584784580698 0.074670062208277238 0.044616255353156817 0
615 1 1 55382400 -87836521.804616675 113386765.35684502 -153420.06112994603 -21.327438765668376 -19.075666829292391 -1.7639095287226889 1930.5932481137331 0.0081736080877854531 0.051573186089645159 0.037304771240121749 0
616 1 1 55468800 -89664332.702576086 111719749.30530861 -305719.19624158909 -20.981633364357638 -19.511990732542866 -1.761474469863356 1930.4725036397604 0.0035953115876016977 0.033567176711711312 0.031883488075641758 0
617 1 1 55555200 -91461912.375515968 110015215.04427536 -457791.33296857373 -20.627645626831097 -19.944091138597763 -1.7586395311771792 1930.3844056466642 -0.0010811124266233809 0.01955615198807064 0.028441748693076026 0
618 1 1 55641600 -93228555.226075381 108273540.35968974 -609597.97758717206 -20.265511204433512 -20.371679319024732 -1.7553141315422411 1930.3158353067292 -0.0064035177391322867 0.0082470364501397685 0.026883763780784192 0
619 1 1 55728000 -94963559.621000394 106495125.62105106 -761092.9951788215 -19.895283407435116 -20.794520353556866 -1.7514120398427091 1930.2523135800077 -0.012548262240251983 -0.0015421798003483792 0.0270981556564888 0
620 1 1 55814400 -96666228.663772568 104680389.41178273 -912223.19313128397 -19.517016110693433 -21.212426383701924 -1.7468583522465086 1930.1802093537217 -0.01936524093318041 -0.010842870176100803 0.028682461056677388 0
621 1 1 55900800 -98335869.916762218 102829764.68360905 -1062929.7740501121 -19.130759755414733 -21.625252367730699 -1.7415988368823938 1930.0901154557853 -0.02684089665713197 -0.020644240774277851 0.031154801408663949 0
622 1 1 55987200 -99971795.416951045 100943695.21204439 -1213150.080866649 -18.736568453639542 -22.032891476993218 -1.7355969017964847 1929.9755832222936 -0.035087466347350431 -0.031761655646767237 0.034226476372813092 0
623 1 1 56073600 -101573322.16195002 99022632.694937959 -1362818.7584402924 -18.334502927480766 -22.435265343932599 -1.7288257017390865 1929.8309340241581 -0.044216981384804462 -0.044772783637912782 0.037740557444470843 0
624 1 1 56160000 -103139772.66665278 97067034.695754111 -1511868.387692743 -17.924630093250862 -22.832315627258748 -1.7212638396645146 1929.6503306550364 -0.054328830992847139 -0.060131716859754554 0.041603406034907996 0
625 1 1 56246400 -104670475.48314467 95077363.097171962 -1660229.8588728821 -17.507022774072968 -23.224000362425624 -1.7128933407429128 1929.4274217993805 -0.065518116295187889 -0.078250054884682618 0.045753450426535905 0
626 1 1 56332800 -106164765.71235223 93054082.742240056 -1807832.617147817 -17.081759771856536 -23.610292938328655 -1.7036986037518322 1929.155163080442 -0.077881079530257871 -0.099534156111905914 0.050146149626908811 0
627 1 1 56419200 -107621985.53076737 90997660.107253805 -1954604.8411182086 -16.648926122206788 -23.991182242466742 -1.6936658462039609 1928.8256998521979 -0.091517539576518175 -0.12440286264565642 0.054745872119802946 0
628 1 1 56505600 -109041484.74322218 88908561.934388638 -2100473.5864033233 -16.208613431474678 -24.366673384698998 -1.6827828248601884 1928.4302739006282 -0.10653177204393165 -0.15329667358934382 0.059521266453910801 0
629 1 1 56592000 -110422621.36655794 86787253.786908403 -2245364.9126001601 -15.76092025011088 -24.736788736044073 -1.6710387164733513 1927.9591400505976 -0.12303268008027476 -0.18668284176804167 0.064442509790807886 0
630 1 1 56678400 -111764762.24638589 84634198.505940065 -2389204.0044710455 -15.305952463435618 -25.101569153237794 -1.6584240957298704 1927.4014870860085 -0.14113363176743104 -0.22505833759334593 0.069479601179441935 0
631 1 1 56764800 -113067283.70811129 82449854.556058124 -2531915.2940443661 -14.843823693489526 -25.461075319395842 -1.6449309738792739 1926.7453607163334 -0.16095213741624584 -0.26895155864440906 0.074601268367153126 0
632 1 1 56851200 -114329572.24284436 80234674.251268253 -2673422.5882570255 -14.374655702637494 -25.815389168866666 -1.6305528887071099 1925.9775877660638 -0.1826091651189381 -0.31892348232608508 0.079773878775140153 0
633 1 1 56937600 -115551026.88059819 77989098.0633948 -2813648.6772230663 -13.898619789848125 -26.164709416697942 -1.6152719025293478 1925.0786643969006 -0.20622922731538754 -0.37556710309742469 0.084962193021969792 0
634 1 1 57024000 -116731045.15073918 75713586.303591013 -2952520.249383078 -13.41533593413048 -26.507979195105236 -1.599251916395567 1924.0964477407035 -0.21002742489192558 -0.3892025437378307 0.083125572125962124 0
635 1 1 57110400 -117868971.33474991 73408738.715319976 -3089984.548006915 -12.92423761849064 -26.843658630377053 -1.5827092012712192 1923.104072112922 -0.20879179001882636 -0.39062975993625682 0.079463067351296671 0
636 1 1 57196800 -118964131.47472736 71075235.388887361 -3225996.5533681456 -12.425431080121246 -27.171250244226545 -1.5656175013895779 1922.1129096515192 -0.212561315227348 -0.38892834624965261 0.077797356975223456 0
637 1 1 57283200 -120015862.59206 68713782.699416459 -3360508.7256545112 -11.918881521019363 -27.490641426739057 -1.5480182773410898 1921.1217557277103 -0.20827290249358252 -0.39222623225006337 0.07267035724295022 0
638 1 1 57369600 -121023499.04967339 66325098.302576825 -3493477.3162577585 -11.404856737231574 -27.801502407943808 -1.5298370839303408 1920.1306629853307 -0.21965171185200175 -0.38576820682236512 0.073729343449824153 0
639 1 1 57456000 -121986410.09031513 63909935.691497192 -3624846.6702872417 -10.883468157635912 -28.103599354578531 -1.5110387319139662 1919.1394920628657 -0.21645396218356688 -0.38831501577370575 0.069707465738625365 0
640 1 1 57542400 -122903941.11385006 61469047.851976819 -3754570.8480228153 -10.35440907562786 -28.39695605001798 -1.4917516611915218 1918.1483278564635 -0.21336648076823189 -0.39068023312231248 0.065906754828889191 0
641 1 1 57628800 -123775433.20547092 59003199.757912099 -3882605.8111659372 -9.8177651596526569 -28.68134681021542 -1.4719333362348903 1917.1571263764793 -0.21039587843144208 -0.3928761161601978 0.062305149786680246 0
642 1 1 57715200 -124600246.73591797 56513180.939147025 -4008914.2105576233 -9.2740208570017586 -28.95637340128927 -1.4518727850208279 1916.1661087830125 -0.22252490909921468 -0.38822867902161207 0.047551631050052598 0
643 1 1 57801600 -125377783.4567406 53999815.236419909 -4133481.9588058996 -8.7233018287369575 -29.221793795812925 -1.4315443926236118 1915.1749044639546 -0.22085976670689375 -0.38948563093455052 0.044965617372516059 0
644 1 1 57888000 -126107424.54870303 51463933.435743615 -4256267.8354288433 -8.1653454393177043 -29.477540692603476 -1.410626262931983 1914.1837402941533 -0.21927107329009463 -0.39066041729777312 0.042480993102089248 0
645 1 1 57974400 -126788550.66675931 48906381.715441965 -4377221.6824179934 -7.600289236858365 -29.723373940143635 -1.3891354260082924 1913.1925761256584 -0.21776607118385569 -0.39175384420980353 0.040085705531883606 0
646 1 1 58060800 -127420553.47606222 46328026.593772717 -4496293.8004989624 -7.0282522962615515 -29.95906214992802 -1.3670669488705731 1912.2014119605672 -0.21634795744673799 -0.39276816000374049 0.037772129883030879 0
647 1 1 58147200 -128002835.26506333 43729754.681043327 -4613434.0862522172 -6.4493615122811558 -30.184371641466178 -1.344416384821737 1911.2102477831477 -0.2150208500862571 -0.39370448479174464 0.035536075797002027 0
648 1 1 58233600 -128534809.88395402 41112473.089945205 -4728589.2055250769 -5.8637580757245713 -30.399061190732496 -1.3211087739927478 1910.2189015755166 -0.21378740808103197 -0.39456598075016031 0.033356123585609777 0
649 1 1 58320000 -129015900.85429515 38477107.285744525 -4841732.3733115522 -5.2714978970033002 -30.602971085504667 -1.2981432518595963 1909.2283669572334 -0.20937674775206785 -0.3982673595110407 -0.0066699212042125953 0
650 1 1 58406400 -129445537.72488683 35824597.319775172 -4952918.3891400797 -4.6727475836806978 -30.795849807178392 -1.2754973144132757 1908.2370235341739 -0.20893220815684624 -0.39847824255141812 -0.0079007979241004101 0
651 1 1 58492800 -129823172.33818883 33155911.695711855 -5062117.1924656238 -4.0677690139037344 -30.977368008096697 -1.2521474182825076 1907.2458593657766 -0.20858027151487343 -0.39863746461495597 -0.0090797654232581786 0
652 1 1 58579200 -130148273.51592281 30472042.057051096 -5169271.2403516779 -3.4567249856014013 -31.147291420917696 -1.228164818800676 1906.2546952041853 -0.20832416173489948 -0.39874361768024741 -0.010225996123613353 0
653 1 1 58665600 -130420324.90082261 27774000.625893079 -5274325.8238468384 -2.8397953604628667 -31.305378437130837 -1.2035485795286287 1905.2635310411279 -0.2081694171441599 -0.3987943206673516 -0.011339469534604962 0
654 1 1 58752000 -130638826.10985333 25062820.524669722 -5377226.1719680997 -2.2171700965393448 -31.451386921956079 -1.178298230353342 1904.2723668777517 -0.20812121413755316 -0.39878719665489432 -0.012423043509601448 0
655 1 1 58838400 -130803293.61843006 22339555.805573996 -5477917.4985741815 -1.5890495255227386 -31.585074588532017 -1.1524138914063125 1903.2812027139521 -0.20818475602852723 -0.39871972578729342 -0.013479155220121792 0
656 1 1 58924800 -130913261.66895632 19605281.446862984 -5576345.0535289207 -0.95564463438527214 -31.706199391947024 -1.1258962786322577 1902.290038549683 -0.20836523040979038 -0.39858925119931476 -0.014509982241357602 0
657 1 1 59011200 -130968283.20311975 16861093.313993268 -5672454.17488747 -0.31717733350950605 -31.814519949285298 -1.098746720387443 1901.2988743849055 -0.20866777713597182 -0.39839298060556322 -0.015517467233660581 0
658 1 1 59097600 -130967930.81673928 14108108.083341114 -5766190.3425552119 0.32611928979917343 -31.909795985729726 -1.0709671748861853 1900.3077102195559 -0.20909745087424969 -0.39812798934952337 -0.016503337068502183 0
659 1 1 59184000 -130911797.73606704 11347463.126389518 -5857499.2336280989 0.97400072747104238 -31.99178880301946 -1.0425602522126154 1899.316546054599 -0.20965927522650205 -0.39779117181384727 -0.017469171086921097 0
660 1 1 59270400 -130799498.81149983 8580316.350723099 -5946326.7782262592 1.6262109142030667 -32.060261823124378 -1.0135291923283993 1898.3253818830815 -0.21035575059433081 -0.39738059815481275 -0.018415167716286918 0
661 1 1 59356800 -130630669.90133069 5807845.0081209065 -6032618.3472725581 2.2825221825333468 -32.115005509251795 -0.98385642772097415 1897.3341256706658 -0.21120289802989026 -0.39688661186047836 -0.019348208952916984 0
662 1 1 59443200 -130404985.67110333 3031255.6218059179 -6116327.8156934455 2.9420885813724307 -32.155445495861649 -0.9538500751918747 1896.3432798493175 -0.23352849179925148 -0.38335630804346638 -0.031660458007581604 0
663 1 1 59529600 -130122192.54932013 251803.11977456842 -6197434.2418206986 3.6046029396424188 -32.181343645806614 -0.92350870994792511 1895.3520220877533 -0.23524260960094145 -0.38225533132469103 -0.032276559636828815 0
664 1 1 59616000 -129782017.77691494 -2529265.2152564274 -6275891.4533820739 4.2703131649408466 -32.192810767626639 -0.89252799698262331 1894.3608579428435 -0.23708703964865385 -0.38106506882143426 -0.03285040265739872 0
665 1 1 59702400 -129384200.62435585 -5310692.024510364 -6351645.4103926113 4.9388635982911628 -32.189605978112141 -0.86093380167451883 1893.3696937416109 -0.23905195742119734 -0.37979526063330871 -0.033312484950408124 0
666 1 1 59788800 -128928509.80757958 -8091200.4780980898 -6424643.2803739058 5.6099253883280049 -32.171517693468132 -0.82873089755009521 1892.378529562548 -0.24116125260238203 -0.37842107598288222 -0.033745214404531085 0
667 1 1 59875200 -128414743.02577966 -10869495.700219458 -6494832.8184500467 6.2831566079175598 -32.138339997434983 -0.79592765416263345 1891.3873653962053 -0.24342236859721061 -0.37693194397196955 -0.034173967870818819 0
668 1 1 59961600 -127842728.05806832 -13644265.31776868 -6562162.5643485766 6.9582029672388073 -32.089873955773854 -0.76253364858154637 1890.3962012297509 -0.2458331844440054 -0.37532546982388665 -0.034595333899217977 0
669 1 1 60048000 -127212323.8172957 -16414180.10452605 -6626581.9138154378 7.6346980812948235 -32.025928501789366 -0.72855914586201476 1889.4050370597847 -0.24839117358707807 -0.373599031400913 -0.035008407852024137 0
670 1 1 60134400 -126523421.39677441 -19177894.687659618 -6688041.1848527258 8.31226340772686 -31.946321039559987 -0.69401523330092008 1888.4138729343936 -0.25109670492386887 -0.3717477678924922 -0.035412453223764254 0
671 1 3 60181770.173693776 -126120862.59662332 -20690023.617100388 -6720463.2641079267 8.6840635423297883 -31.89596481327165 -0.67483859779749766 1887.8704514236993 0 0 0 97
672 1 1 60220800 -125775945.08999433 -21934048.327918917 -6746491.6921404647 8.9905092896212686 -31.850878783217617 -0.65891392745466881 1887.4227087723114 -0.25391297563504067 -0.36979157138542434 -0.035810536668107407 0
673 1 1 60307200 -124969862.02209523 -24681261.438576605 -6801884.8267534999 9.6688192615010227 -31.739330948161449 -0.62324333849819202 1886.4299434794048 -0.25683550076972916 -0.36772878100396056 -0.03620868909120744 0
674 1 1 60393600 -124105094.16080604 -27418181.35328256 -6854181.9804205326 10.349790804033198 -31.613042357811953 -0.58735443317898006 1885.444801943155 -0.14665977518250961 -0.42251215671760806 -0.049729269867056225 0
675 1 1 60480000 -123181345.10480969 -30143570.060690783 -6903379.3118403107 11.033212085764717 -31.47194997151389 -0.55144304306196901 1884.4519568168562 -0.14148018712129948 -0.42330318640852754 -0.057414239171537616 0
676 1 1 60566400 -122198580.72837047 -32856061.19225467 -6949466.158904694 11.715823821537251 -31.314471445315515 -0.51535654894822958 1883.4607946005726 -0.13679513344505148 -0.42371731980238136 -0.065187167589857958 0
677 1 1 60652800 -121156881.16341975 -35554238.097832039 -6992428.9512700457 12.397379459404899 -31.140582723601117 -0.47913229784198114 1882.4696340091359 -0.13205678675947821 -0.42389710011103288 -0.073286531213285835 0
678 1 1 60739200 -120056356.80623612 -38236678.075135402 -7032257.1579460362 13.077432984943545 -30.950173185285927 -0.44280170925786866 1881.478473071365 -0.1273873074594819 -0.42379588829133735 -0.081659071340433736 0
679 1 1 60825600 -118897157.24806567 -40901949.382058211 -7068942.8979130359 13.755524222690941 -30.743144599805138 -0.40639514105683516 1880.4873120915208 -0.12278959810821174 -0.42339930425598526 -0.090302021576028499 0
680 1 1 60912000 -117679472.254953 -43548612.400782779 -7102480.9421113813 14.431183394883272 -30.51941299736022 -0.36994357699675201 1879.4961510477449 -0.1182726361339929 -0.42269156064376889 -0.09920770895754337 0
681 1 1 60998400 -116403532.59477659 -46175220.896920428 -7132868.753999061 15.103931250891142 -30.278909309308453 -0.33347833858831727 1878.5049899317141 -0.11384590406453268 -0.42165711786205745 -0.10836586379669173 0
682 1 1 61084800 -115069610.83174069 -48780323.338856742 -7160106.51313804 15.773279630675654 -30.02158010534658 -0.29703095353158121 1877.5138287346513 -0.10951936735754614 -0.42028096365643314 -0.11776346250841654 0
683 1 1 61171200 -113678022.07020813 -51362464.280436322 -7184197.1267697057 16.438732074895356 -29.747388322212007 -0.26063300984596266 1876.5226674472876 -0.10530343483178431 -0.41854892629978402 -0.12738460834958318 0
684 1 1 61257600 -112229125.96699576 -53920185.395660639 -7205147.3390650982 17.099751660278624 -29.456303801905914 -0.22434354853014229 1875.5312073426303 -0.10120890444137896 -0.41644801133898557 -0.13721047191712057 0
685 1 1 61344000 -110723313.87025808 -56452031.838828631 -7222956.5431995606 17.756284008530692 -29.148482570516734 -0.18781430755343498 1874.5425942637162 -0.080138992114945171 -0.41927474371732032 -0.13286431820399339 0
686 1 1 61430400 -109160982.58100276 -58956555.857453495 -7237592.9470721185 18.407855243278167 -28.823737279224236 -0.1509937181132229 1873.5673758698722 -0.074632079886656544 -0.40830672346972391 -0.13972456950000176 0
687 1 1 61516800 -107542606.90972191 -61432277.371868245 -7249049.5924756322 19.053520473723427 -28.481771883677645 -0.11421083312578122 1872.6122863577668 -0.069515085741363142 -0.39756792024328574 -0.14651822602337286 0
688 1 1 61603200 -105868718.93724166 -63877713.250361413 -7257329.6526144221 19.692772642573551 -28.122696462109612 -0.07746524594108406 1871.6755373455585 -0.064776212874759043 -0.38706207762545886 -0.15324539181236765 0
689 1 1 61689600 -104139895.99630351 -66291389.521549366 -7262437.2904707408 20.325073410348811 -27.746614831997903 -0.040778827711444671 1870.7559897703402 -0.060403749076485394 -0.37679183007425798 -0.15990613807469789 0
690 1 1 61776000 -102356761.99015237 -68671842.088795558 -7264378.5845380817 20.949883262335256 -27.353651809653574 -0.0041740424999455808 1869.852512647336 -0.056386099692415634 -0.3667587307447604 -0.1665004985180612 0
691 1 1 61862400 -100519987.45037401 -71017618.557163581 -7263161.5785829183 21.566662525774369 -26.943953494486223 0.032326087669894241 1868.9639862849215 -0.052711839597812088 -0.3569633523262874 -0.17302840390452026 0
692 1 1 61948800 -98630289.505449101 -73327280.082640454 -7258796.3281388218 22.174872418960454 -26.517687499646151 0.068698023262050462 1868.089305440323 -0.049369748659510035 -0.34740538599822307 -0.17948964497655173 0
693 1 1 62035200 -96688431.757392675 -75599403.238847703 -7251294.9433059357 22.773976129226696 -26.075043125737597 0.10491775229796869 1867.2273823924056 -0.046348838944535078 -0.33808374948691405 -0.18588383532776448 0
694 1 1 62121600 -94695224.064135805 -77832581.896204054 -7240671.6274589533 23.363439916231471 -25.616231474877104 0.14096083995905467 1866.3771499022423 -0.043638371843841492 -0.32899670071618325 -0.19221037714582734 0
695 1 1 62208000 -92651522.225629687 -80025429.108270913 -7226942.711482008 23.942734236642913 -25.141485502486212 0.17680248248826833 1865.5375640357279 -0.041227866935333597 -0.32014195445542337 -0.19846842973612047 0
696 1 1 62294400 -90558227.57200326 -82176578.999794215 -7210126.6831714222 24.511334885997449 -24.651060004385158 0.21241756508058834 1864.7076068260956 -0.039107101308549032 -0.31151679847858915 -0.20465688319878247 0
697 1 1 62380800 -88416286.452483892 -84284688.650756225 -7190244.2114774985 25.068724153229095 -24.145231536978223 0.24778072340253876 1863.886288758325 -0.037266100687175972 -0.30311820706877679 -0.21077433606986837 0
698 1 1 62467200 -86226689.62419118 -86348439.970569715 -7167318.1652879603 25.61439198305602 -23.624298268589811 0.28286640834955046 1863.0726510615864 -0.035695123210061609 -0.29494294872203752 -0.21681907857412011 0
699 1 1 62553600 -83990471.540342793 -88366541.556391671 -7141373.626491975 26.14783714116567 -23.088579760262459 0.31764895361397744 1862.2657678022495 -0.034384636256500692 -0.28698768445366524 -0.2227890804448151 0
700 1 1 62640000 -81708709.537856787 -90337730.529402122 -7112437.8971012561 26.668568376902215 -22.538416674724811 0.35210264559924676 1861.4647477716744 -0.033325288289289323 -0.2792490576097944 -0.22868198498164952 0
701 1 1 62726400 -79382522.924804002 -92260774.342800483 -7080540.5002465183 27.176105577944067 -21.974170412590446 0.38620179520714715 1860.6687361682091 -0.032507876764352323 -0.27172376956563615 -0.23449510726951528 0
702 1 1 62812800 -77013071.968644589 -94134472.555205196 -7045713.1749074487 27.669980911332416 -21.39622267528269 0.41992081102255296 1859.876916076093 -0.031923312676645887 -0.26440864438841311 -0.24022543803790092 0
703 1 1 62899200 -74601556.786677003 -95957658.56312269 -7007989.8642770834 28.149739945069946 -20.804974954669131 0.45323427340229883 1859.0885097451555 -0.031562584846031076 -0.25730067843552418 -0.24586965160216062 0
704 1 1 62985600 -72149216.140630111 -97729201.286168694 -6967406.6977028884 28.614942744468056 -20.200847949853461 0.48611700899303167 1858.3027796788954 -0.031416722814849932 -0.2503970769795919 -0.25142411819599791 0
705 1 1 63072000 -69657326.137831137 -99448006.798788071 -6924001.9661880275 29.065164937416515 -19.58428091213251 0.51854416520684232 1857.5190295384373 -0.031476761965025746 -0.24369527712964956 -0.25688491963244597 0
706 1 1 63158400 -67127198.84188661 -101113019.90232857 -6877816.0914760893 29.499998742775336 -18.955730919647973 0.55049128420139182 1856.7366048714557 -0.031733710373107585 -0.23719295807660812 -0.26224786823894475 0
707 1 1 63244800 -64560180.79630658 -102723225.6314812 -6828891.5887814499 29.919053956238002 -18.315672083834734 0.58193437592002106 1855.9548936747128 -0.032178518597470833 -0.23088803997847865 -0.26750852835678202 0
708 1 1 63331200 -61957651.464986958 -104277650.68930355 -6777273.0232644407 30.321958888166616 -17.664594690289025 0.61284998978157001 1855.1733268002758 -0.032802053533472569 -0.22477867138958843 -0.27266223960792024 0
709 1 1 63417600 -59321021.593927972 -105775364.80529433 -6723006.9603853431 30.708361248122678 -17.003004277250845 0.64321528461656807 1854.3913782137722 -0.033595076808117859 -0.21886320894829897 -0.27770414221482059 0
710 1 1 63504000 -56651731.499012925 -107215482.01128519 -6666141.9103051256 31.077928971114424 -16.33142065540126 0.67300809648328364 1853.608565113761 -0.034548227884175733 -0.2131401879435689 -0.28262920272589381 0
711 1 1 63590400 -53951249.285084806 -108597161.83025666 -6606728.266531202 31.430350980922299 -15.650376873161905 0.70220700400414293 1852.8244479204411 -0.035652012387127049 -0.20760828786942201 -0.2874322414990752 0
712 1 1 63676800 -51221069.001944952 -109919610.37356812 -6544818.2390371636 31.765337886242303 -14.960418132158496 0.73079139090507927 1852.0386301415811 -0.036896795939967322 -0.20226629240552316 -0.29210795925825023 0
713 1 1 63763200 -48462708.743246332 -111182081.34251191 -6480465.7821104135 32.082622605833002 -14.26210065791709 0.75874150545626862 1851.2507581231141 -0.03827280298950838 -0.19711304699722296 -0.29665096508679095 0
714 1 1 63849600 -45677708.694563039 -112383876.93055581 -6413726.5172090372 32.381960919315475 -13.555990531217814 0.78603851652075507 1850.4605206909728 -0.039770121378880953 -0.19214741324551274 -0.30105580349117378 0
715 1 1 63936000 -42867629.137187108 -113524348.62312073 -6344657.6511306418 32.663131940787949 -12.842662485860584 0.81266456598632641 1849.6676486916285 -0.041378711459009898 -0.18736822398738781 -0.30531698098094823 0
716 1 1 64022400 -40034048.414424174 -114602897.89225021 -6273317.8898158409 32.92593851294648 -12.122698678841052 0.83860281734400333 1848.871914437299 -0.043088420614745764 -0.18277423711008067 -0.30942899262117624 0
717 1 1 64108800 -37178560.8673364 -115618976.78405313 -6199767.348128655 33.170207519962361 -11.396687439139914 0.86383750020789929 1848.0731310615399 -0.044889001529461542 -0.17836409240704904 -0.31338634767510748 0
718 1 1 64195200 -34302774.747006834 -116572088.39734666 -6124067.4559718501 33.395790117939576 -10.665222001472157 0.88835395060688649 1847.2711517908103 -0.046770134990180477 -0.17413626921754746 -0.31718359462125567 0
719 1 1 64281600 -31408310.11047719 -117461787.25247493 -6046280.8611088255 33.602561882332566 -9.9288992313793951 0.91213864691235735 1846.4658691384984 -0.048721456228426115 -0.1700890474094377 -0.32081534483784896 0
720 1 1 64368000 -28496796.707539249 -118287679.5498333 -5966471.3290742002 33.790422872296155 -9.1883183481004913 0.93517924127830354 1845.657214026138 -0.050732584291914795 -0.16622047182394462 -0.32427629606664382 0
721 1 1 64454400 -25569871.86553748 -119049423.31818248 -5884703.6405656626 33.959297612503043 -8.444079651595997 0.9574645864971465 1844.8451548366174 -0.052793154170472048 -0.16252832077816837 -0.32756125444476691 0
722 1 1 64540800 -22629178.379271004 -119746728.45338331 -5801043.4867153149 34.109134993517536 -7.6967832599780213 0.97898475822006259 1844.0296964050788 -0.054892850989749914 -0.15901007825901256 -0.3306651556391747 0
723 1 1 64627200 -19676362.41296491 -120379356.64871417 -5715557.3626431804 34.239908092348941 -6.9470278634494376 0.99973107249678683 1843.2108789518179 -0.057021446007393534 -0.15566291133601615 -0.33358308518759838 0
724 1 1 64713600 -16713071.421118943 -120947121.21845584 -5628312.4596976014 34.351613915322552 -6.1954095006414907 1.0196960986358423 1842.3887769621149 -0.05916883355053041 -0.15248365170693523 -0.33631029729759909 0
725 1 1 64800000 -13740952.094835408 -121449886.81692223 -5539376.5567860818 34.44427306588166 -5.4425203629577048 1.0388736674007693 1841.5634980176076 -0.061325068914912975 -0.14946878214385867 -0.33884223322503659 0
726 1 1 64886400 -10761648.339983532 -121887569.05558889 -5448817.9111981085 34.517929340381208 -4.6889476322455872 1.0572588745864089 1840.7351815833119 -0.063480406244552104 -0.14661442786644518 -0.34117453801371023 0
727 1 1 64972800 -7776799.2932741456 -122260134.02141611 -5356705.1493156496 34.572649255346185 -3.9352723567527197 1.0748480800556366 1839.9039977551377 -0.065625336219246586 -0.14391635219062632 -0.34330307644793628 0
728 1 1 65059200 -4788037.3820031481 -122567597.69987489 -5263107.1576001048 34.60852151003342 -3.1820683699559011 1.0916389023197446 1839.070145971453 -0.067750622930752596 -0.14136995734115515 -0.34522394806771517 0
729 1 1 65145600 -1796986.4328762447 -122810025.30656394 -5168092.9742355179 34.625656388439495 -2.42990125643751 1.1076302087920595 1838.2338536930952 -0.069847340281143755 -0.1389702890577667 -0.34693350062066358 0
730 1 1 65232000 1194740.165042477 -122987530.53164661 -5071731.6817957405 34.624185105192481 -1.6793273685416465 1.1228221018533868 1837.3953750558858 -0.071906906138927959 -0.13671204565955999 -0.34842834297706576 0
731 1 1 65318400 4185541.2386104544 -123100274.70164128 -4974092.3012908092 34.604259099997961 -0.93089289711378431 1.1372159008924851 1836.5549894994924 -0.073921115143172136 -0.1345895911209091 -0.34970535637085598 0
732 1 1 65404800 7173829.545877222 -123148465.86336361 -4875243.6879326552 34.566049285461396 -0.18513299915658749 1.1508141204915547 1835.7130003758455 -0.075882169585624604 -0.13259697169542808 -0.3507617054558656 0
733 1 1 65491200 10158033.424531542 -123132357.79504371 -4775254.4289448308 34.509745253267241 0.55742901524524546 1.163620444970602 1834.8697335418174 -0.077782707518388033 -0.13072793553064552 -0.35159484679013769 0
734 1 1 65577600 13136598.37014541 -123052248.94982406 -4674192.743721216 34.435554443771473 1.2962824348115338 1.175639699490151 1834.0255359389148 -0.079615828703460484 -0.12897595631535375 -0.35220253812084357 0
735 1 1 65664000 16107988.541273203 -122908481.33699186 -4572126.3866230249 34.343701284092539 2.0309298363431223 1.18687781792822 1833.1807741632824 -0.081375117786320741 -0.12733425808680349 -0.35258284495528663 0
736 1 1 65750400 19070688.188904896 -122701439.3463984 -4469122.5526807876 34.234426299804909 2.7608877104054659 1.1973418077910769 1832.3358330305939 -0.083054664100498027 -0.12579584388357087 -0.35273414684705218 0
737 1 1 65836800 22023203.0082113 -122431548.52158855 -4365247.7864486286 34.10798520528234 3.4856870228689849 1.2070397123748249 1831.491114137928 -0.084649078878429568 -0.12435352515751202 -0.35265514266598896 0
738 1 1 65923200 24964061.410950802 -122099274.28718956 -4260567.8942371365 33.964647977632296 4.2048737121969966 1.2159805704401487 1830.6470344263553 -0.086153509536464376 -0.12299995374483023 -0.35234485433707058 0
739 1 1 66009600 27891815.717330575 -121705120.63610095 -4155147.8599285441 33.80469791908147 4.9180091227640714 1.2241743736522819 1829.8040247474253 -0.087563649946784061 -0.12172765426505117 -0.35180263005283974 0
740 1 1 66096000 30805043.266528539 -121249628.7819865 -4049051.7645570557 33.628430712498016 5.624670374871652 1.231632022028659 1828.9625284360293 -0.088875748411785749 -0.12052905827683531 -0.35102814636704344 0
741 1 1 66182400 33702347.445477925 -120733375.78249636 -3942342.7098146472 33.43615347453725 6.3244506724809035 1.2383652776709453 1828.1229998932165 -0.090086612186918893 -0.11939653821156797 -0.35002140867197207 0
742 1 1 66268800 36582358.635897458 -120156973.13854335 -3835082.7456195271 33.228183810734549 7.016959550016888 1.2443867170240079 1827.2859031816331 -0.091193608277948923 -0.11832244218037435 -0.34878275170520356 0
743 1 1 66355200 39443735.079912506 -119521065.3748305 -3727332.801864739 33.004848876591389 7.7018230598811099 1.2497096819005133 1826.451710635363 -0.092194662462800711 -0.11729912842169803 -0.34731283850871281 0
744 1 1 66441600 42285163.664951347 -118826328.60666993 -3619152.6244418537 32.766484448490388 8.378683902586781 1.254348229537708 1825.6209014877809 -0.093088253570367291 -0.11631899968395713 -0.34561265835473615 0
745 1 1 66528000 45105360.62892282 -118073469.0979605 -3510600.7156131053 32.513434007990966 9.0472015016741558 1.25831708191813 1824.7939605195254 -0.093873406852904406 -0.11537453646384543 -0.34368352413008435 0
746 1 1 66614400 47903072.18697346 -117263221.8149941 -3401734.2787858457 32.246047842787249 9.7070520257569353 1.2616315745837476 1823.9713767286296 -0.094549682803427557 -0.1144583300667804 -0.34152706862421117 0
747 1 1 66700800 50677075.081397422 -116396348.98055065 -3292609.1677232436 31.964682167348112 10.357928360225872 1.2643076051644155 1823.1536420249486 -0.095117164713633767 -0.11356311403429376 -0.33914524031518811 0
748 1 1 66787200 53426177.056517936 -115473638.63251674 -3183279.8402067726 31.669698265934453 10.999540031292595 1.2663615818376244 1822.341249950824 -0.095576443297383684 -0.11268179454252859 -0.33654029791271356 0
749 1 1 66873600 56149217.260581471 -114495903.1910259 -3073799.3161469661 31.361461660445283 11.631613085153495 1.267810371930576 1821.5346944302073 -0.095928598977289628 -0.1118074793640101 -0.33371480435353978 0
750 1 1 66960000 58845066.576904275 -113463978.03787415 -2964219.1401224565 31.040341305232889 12.253889925160729 1.2686712508395324 1820.7344685472137 -0.096175182432540099 -0.11093350477966098 -0.33067162046447163 0
751 1 1 67046400 61512627.886684529 -112378720.11171301 -2854589.348312017 30.706708810755785 12.866129109933995 1.2689618514549732 1819.9410633559351 -0.09631819289828919 -0.11005346119851635 -0.32741389732236026 0
752 1 1 67132800 64150836.26604186 -111241006.52226588 -2744958.4397681546 30.360937697654446 13.468105115377206 1.2687001142589716 1819.1549667225652 -0.096360055413801132 -0.10916121659528873 -0.32394506865388684 0
753 1 1 67219200 66758659.119971663 -110051733.18655807 -2635373.3519676821 30.003402682570858 14.059608063594501 1.2679042382554508 1818.3766622012956 -0.096303596093934032 -0.10825093779646308 -0.32026884183373444 0
754 1 1 67305600 69335096.256005391 -108811813.48989153 -2525879.4405607157 29.634478996787223 14.640443421665685 1.2665926328670751 1817.6066279444801 -0.096152016387691705 -0.10731711016673019 -0.31638918951252748 0
755 1 1 67392000 71879179.900448516 -107522176.97404137 -2416520.4632300301 29.254541738490019 15.21043167322687 1.2647838709188508 1816.8453356472639 -0.095908866531802042 -0.10635455447217063 -0.3123103399203741 0
756 1 1 67478400 74389974.660129488 -106183768.05489834 -2307338.567560303 28.863965259252691 15.769407965748316 1.2624966428520783 1816.093249528378 -0.095578017741420038 -0.10535844220362228 -0.30803676670276003 0
757 1 1 67564800 76866577.432632536 -104797544.77153468 -2198374.282806986 28.463122585103154 16.317221736322725 1.259749712250559 1815.3508253462348 -0.095163634213339024 -0.10432430847019662 -0.30357317917546994 0
758 1 1 67651200 79308117.268010765 -103364477.56843092 -2089666.5154480771 28.052384872331839 16.853736318719342 1.2565618727671406 1814.6185094502498 -0.094670144460382258 -0.10324806260267623 -0.29892451161221417 0
759 1 1 67737600 81713755.184982419 -101885548.11236633 -1981252.5483933804 27.632120898005908 17.378828534357254 1.252951906543583 1813.8967378676552 -0.09410221280817728 -0.10212599668298147 -0.2940959124489656 0
760 1 1 67824000 84082683.944598705 -100361748.14525256 -1873168.0437196458 27.202696584987425 17.892388269737172 1.2489385441828957 1813.1859354247972 -0.093464710296131598 -0.10095479223307895 -0.28909273336142033 0
761 1 1 67910400 86414127.784352884 -98794078.373973221 -1765447.0487950838 26.764474561098623 18.394318042781077 1.2445404263272257 1812.4865149022589 -0.092762685942091111 -0.099731524196758209 -0.2839205181985241 0
762 1 1 67996800 88707342.115656555 -97183547.398087263 -1658122.0056523527 26.317813751900697 18.884532560394714 1.2397760668923439 1811.7988762225534 -0.092001338799862192 -0.098453663743712672 -0.27858499159463967 0
763 1 1 68083200 90961613.187562406 -95531170.676059052 -1551223.7634654406 25.863069006451312 19.362958269440337 1.23466381798415 1811.1234056684877 -0.091185989756392069 -0.097119078615127946 -0.27309204805047055 0
764 1 1 68169600 93176257.719549894 -93837969.530493364 -1444781.5939845475 25.400590755283908 19.829532903202235 1.2292218365162086 1810.4604751303518 -0.090322054559909756 -0.095726031693831176 -0.26744774065182336 0
765 1 1 68256000 95350622.506121889 -92104970.192680776 -1338823.2097805275 24.930724699751735 20.284205025274897 1.22346805255905 1809.810441380233 -0.089415016881002243 -0.094273178044306211 -0.26165826966900868 0
766 1 1 68342400 97484083.9958819 -90333202.886597052 -1233374.7851494625 24.453811531790027 20.726933572671989 1.217420139407186 1809.1736453698015 -0.088470402940566226 -0.092759560400474006 -0.25572997208117554 0
767 1 1 68428800 99576047.847675428 -88523700.952350736 -1128460.9795295154 23.970186683056049 21.157687399836206 1.2110954853634825 1808.5504115482504 -0.087493757045993895 -0.091184602844303006 -0.24966931037158563 0
768 1 1 68515200 101625948.46628799 -86677500.00893338 -1024104.9632814204 23.480180102382299 21.576444825093642 1.2045111672314635 1807.941047196894 -0.086490617633646308 -0.089548103374991042 -0.24348286237746633 0
769 1 1 68601600 103633248.52009787 -84795637.155999601 -920328.44568689447 22.984116060404986 21.983193180949289 1.1976839254812885 1807.3458417749616 -0.085466495183573965 -0.087850225487144828 -0.23717731108047085 0
770 1 1 68688000 105597438.44297953 -82879150.214288592 -817151.70502088359 22.482312980183007 22.377928369519026 1.1906301410727638 1806.7650662716178 -0.084426851079312443 -0.086091488045958606 -0.23075943476596017 0
771 1 1 68774400 107518035.92265297 -80929077.004192561 -714593.62055632519 21.975083292615281 22.760654424257059 1.183365813888636 1806.1989725575177 -0.083377077780765099 -0.084272754840403225 -0.22423609800166891 0
772 1 1 68860800 109394585.37756796 -78946454.661882117 -612671.70636448672 21.462733315424526 23.131383079011311 1.175906542730992 1805.6477927279605 -0.082322480722149594 -0.082395222939957297 -0.21761424292017184 0
773 1 1 68947200 111226657.4243062 -76932318.992314726 -511402.14677756606 20.945563154477135 23.490133345331483 1.1682675068374548 1805.1117384291456 -0.08126826124261341 -0.080460410778492045 -0.21090088113944275 0
774 1 1 69033600 113013848.3373778 -74887703.858378679 -410799.83338533196 20.423866626197537 23.836931098833393 1.1604634488389431 1804.5910001560667 -0.080219501609029242 -0.07847014560288032 -0.20410308706544225 0
775 1 1 69120000 114755779.50318107 -72813640.605357006 -310878.40344410558 19.897931199835682 24.17180867532959 1.1525086591061231 1804.0857465101365 -0.079181151266767349 -0.076426550556969966 -0.19722799098090435 0
776 1 1 69206400 116452096.86978793 -70711157.519842967 -211650.2795806675 19.368037958375375 24.494804477321647 1.1444169614037436 1803.5961234016588 -0.07815801465061338 -0.074332031875085441 -0.1902827744265039 0
777 1 1 69292800 118102470.39411299 -68581279.322188109 -113126.71068304483 18.83446157685152 24.805962591349022 1.1362016997541995 1803.1222531784665 -0.077154741446997271 -0.072189266161067273 -0.18327466595514777 0
778 1 1 69379200 119706593.48791812 -66425026.69152762 -15317.813876446729 18.29747031689169 25.105332416615248 1.1278757264372938 1802.6642336608011 -0.076175817608695753 -0.070001187565334508 -0.17621093835836762 0
779 1 1 69465600 121264182.46400465 -64243415.822392777 81767.382508944836 17.757326036313589 25.392968305202398 1.1194513910105293 1802.2221370566863 -0.075225559136684259 -0.067770976165407448 -0.16909890770456948 0
780 1 1 69552000 122774975.983843 -62037458.011900187 178120.89506141408 17.2142842126208 25.668929214113444 1.1109405302343334 1801.796008727435 -0.074308107239002191 -0.065502046283798049 -0.16194593392103146 0
781 1 1 69638400 124238734.50779356 -59808159.276486836 273735.74057577515 16.668593979296357 25.933278369311871 1.1023544587893683 1801.3858657682474 -0.073427425476058891 -0.063198036217194845 -0.15475942315896662 0
782 1 1 69724800 125655239.74897569 -57556519.997150771 368605.89056862483 16.120498173792583 26.186082941835863 1.0937039606429773 1800.9916953602535 -0.072587299454861892 -0.06086279894547867 -0.1475468327854477 0
783 1 1 69811200 127024294.13175115 -55283534.592152737 462726.22507027467 15.570233396165765 26.427413736018867 1.0849992809174909 1800.6134528431173 -0.071791338082676223 -0.058500394004799498 -0.14031567837468595 0
784 1 1 69897600 128345720.25569618 -52990191.216133885 556092.48573094932 15.018030077344909 26.657344889768023 1.0762501181239601 1800.2510594484988 -0.071042977271668209 -0.05611508129525037 -0.13307354304226829 0
785 1 1 69984000 129619360.36585289 -50677471.484611519 648701.22826584068 14.464112556040043 26.875953586820511 1.0674656165937222 1799.9043996232188 -0.070345485946985378 -0.053711315577327265 -0.12582808984437777 0
786 1 1 70070400 130845075.82996437 -48346350.222822718 740549.77424924157 13.908699163352729 27.083319780843258 1.058654358960692 1799.5733178607591 -0.069701973896805366 -0.05129374331805478 -0.11858707584069567 0
787 1 1 70156800 132022746.62332053 -45997795.237901025 831636.16225677228 13.352002314190715 27.27952593119689 1.0498243585642737 1799.2576149488916 -0.069115401858137054 -0.048867200314441119 -0.11135836848874923 0
788 1 1 70243200 133152270.82176548 -43632767.113384485 921959.09834404441 12.794228604635682 27.464656750205975 1.0409830516809029 1798.9570435333117 -0.068588593056987779 -0.046436709612364187 -0.10414996207968404 0
789 1 1 70329600 134233564.10334602 -41252219.025068723 1011517.9058462905 12.235578914489562 27.638798961773102 1.0321372895786669 1798.6713028951217 -0.068124245475051817 -0.044007478900194769 -0.096969992959721071 0
790 1 1 70416000 135266559.25901908 -38857096.577229999 1100312.4744875771 11.676248514307808 27.802041071221758 1.0232933305206753 1798.4000328488989 -0.067724943601351686 -0.041584894991249323 -0.089826749186181346 0
791 1 1 70502400 136251205.71277955 -36448337.65824867 1188343.2088092521 11.116427176360521 27.954473146390693 1.0144568320903249 1798.1428066997739 -0.067393167040672761 -0.039174511216908986 -0.082728668732095376 0
792 1 1 70588800 137187469.05153003 -34026872.31465371 1275610.9759738352 10.556299289119133 28.096186610177281 1.0056328445697442 1797.8991232621352 -0.067131293482298626 -0.036782023573092425 -0.075684317031534665 0
793 1 1 70675200 138075330.56498706 -31593622.642580971 1362117.0530862126 9.9960439750985586 28.227274045008279 0.99682580666184517 1797.6683980608429 -0.066941590407781665 -0.034413227232142393 -0.068702329812193402 0
794 1 1 70761600 138914786.79591766 -29149502.69557878 1447863.0743177254 9.4358352121912894 28.347829010153774 0.98803954562746055 1797.4499540295712 -0.066826190112836276 -0.032073943221708742 -0.061791302784534173 0
795 1 1 70848000 139705849.10102552 -26695418.40759341 1532850.9783403501 8.8758419589444166 28.457945873310884 0.97927728494279065 1797.2430123070528 -0.066787041955847753 -0.029769903786808296 -0.054959604028130868 0
796 1 1 70934400 140448543.22285768 -24232267.529819373 1617082.956897971 8.31622828455804 28.557719658456101 0.97054166377670881 1797.0466841148043 -0.066825836553423945 -0.027506584106618118 -0.048215084623126507 0
797 1 1 71020800 141142908.87318063 -21760939.579903387 1700561.4057611765 7.7571535044921296 28.647245912474027 0.96183477364501946 1796.8599651366926 -0.066943904844592533 -0.025288972164037592 -0.041564669764053291 0
798 1 1 71107200 141788999.32833764 -19282315.801764142 1783288.879799729 7.198772322287958 28.726620593214459 0.95315821800347211 1796.6817342029874 -0.067142103001539957 -0.02312127992558426 -0.035013833898804921 0
799 1 1 71193600 142386881.03712466 -16797269.134080157 1865268.0543721525 6.6412349773445927 28.795939981020606 0.94451319946853984 1796.5107582152448 -0.067420709710955609 -0.021006618694661968 -0.028566003061358668 0
800 1 1 71280000 142936633.24163416 -14306664.185385419 1946501.6955123863 6.0846873969395459 28.855300614113364 0.93590063606797813 1796.3457048993521 -0.067779368868637613 -0.018946684583298595 -0.022221977402367886 0
801 1 1 71366400 143438347.61131197 -11811357.213791065 2026992.6412899662 5.5292713494745378 28.904799245442003 0.92732130240730848 1796.1851640000116 -0.068217097325581982 -0.016941521630216436 -0.015979505811131983 0
802 1 1 71452800 143892127.89018926 -9312196.1097050291 2106743.7960792612 4.9751245957668022 28.944532815192062 0.91877598499657465 1796.0276760278359 -0.068732344733763218 -0.014989433021406514 -0.009833148216868242 0
803 1 1 71539200 144298089.55703235 -6810020.3805553727 2185758.138292355 4.4223810366673204 28.974598430295501 0.91026563561711638 1795.8717660464197 -0.069323062447896183 -0.013087084170573315 -0.0037745042362238163 0
804 1 1 71625600 144656359.49809301 -4305661.1373324329 2264038.7406352269 3.8711708573067192 28.995093341235258 0.90179150500567806 1795.7159787965188 -0.069986748049158831 -0.011229795545687994 0.0022072075289294515 0
805 1 1 71712000 144967075.69221044 -1799941.0835602519 2341588.8005184336 3.3216206688249943 29.00611490787902 0.8933552422952824 1795.5589111245813 -0.070720478479384008 -0.0094119693092364256 0.0081243317856708255 0
806 1 1 71798400 145230386.90803587 706325.49211838935 2418411.6772752991 2.7738536469899486 29.007760549541175 0.88495895255899149 1795.3992383257175 -0.071520974405987536 -0.0076275666611480492 0.01398988571928346 0
807 1 1 71884800 145446452.41301998 3212332.7183240973 2494510.9325243952 2.227989665416664 29.000127678655176 0.87660521269258262 1795.2357323958795 -0.07238471824039118 -0.0058705506247144126 0.019816748178043977 0
808 1 1 71971200 145615441.6935885 5717283.1369785322 2569890.3703227974 1.6841454210288911 28.98331362092884 0.86829705215573338 1795.0672718315327 -0.073308106656959027 -0.0041352381869175425 0.025617031144067399 0
809 1 1 72057600 145737534.18578658 8220387.6920306729 2644554.0744856913 1.1424345509551781 28.957415526838727 0.86003790837450844 1794.8928439911595 -0.074287596818090745 -0.0024165366305608778 0.031401666856392639 0
810 1 1 72144000 145812919.01568305 10720865.710353535 2718506.441327896 0.60296774187521285 28.92253027973258 0.85183156697570417 1794.7115418163237 -0.075319815185662387 -0.00071007138675816168 0.037180195015492683 0
811 1 1 72230400 145841794.7489686 13217944.874722568 2791752.2069055168 0.065852833827244467 28.878754405108221 0.84368209548998874 1794.5225568799174 -0.076401619284529737 0.00098777428770533966 0.042960705070812379 0
812 1 1 72316800 145824369.14936057 15710861.18913365 2864296.4684825325 -0.46880507940329053 28.826183984464112 0.83559377681515157 1794.3251704821485 -0.077530116808756572 0.00267988021623617 0.048749883804320639 0
813 1 1 72403200 145760858.94559497 18198858.936955795 2936144.7003900297 -1.0009035516671292 28.764914575846174 0.82757104644994883 1794.1187440836436 -0.078702656184472627 0.0043684464323045999 0.054553124400488096 0
814 1 1 72489600 145651489.60690218 20681190.632551741 3007302.7647076594 -1.5303426865684635 28.695041142211878 0.81961843563034431 1793.9027099270606 -0.079916799243253775 0.0060550689955026207 0.060374663399292303 0
815 1 1 72576000 145496495.12692848 23157116.967062537 3077776.9173203227 -2.0570250397816814 28.616657987987718 0.81174052120035323 1793.6765623396682 -0.081170286468100095 0.0077408208481929159 0.066217724980776355 0
816 1 1 72662400 145296117.81609562 25625906.74906157 3147573.8099373397 -2.5808555214186342 28.529858703703603 0.80394188223036156 1793.439849950774 -0.082461000526285577 0.0094263306629200697 0.072084658815445429 0
817 1 1 72748800 145050608.10239097 28086836.840761419 3216700.4886394264 -3.1017412985206123 28.434736118335561 0.79622706292747558 1793.1921688914572 -0.083786932055550073 0.011111855685265374 0.077977065591328665 0
818 1 1 72835200 144760224.34057128 30539192.090417888 3285164.3894691886 -3.6195916978515759 28.331382258847523 0.78860054116337208 1792.9331569470796 -0.085146148500334931 0.012797346469644215 0.083895906846497795 0
819 1 1 72921600 144425232.62974328 32982265.261529617 3352973.3315185956 -4.1343181092310965 28.219888316378675 0.78106670188910288 1792.6624885818719 -0.086536768003504405 0.014482503487314896 0.089841599981410933 0
820 1 1 73008000 144045906.63926473 35415356.959384061 3420135.5079049356 -4.6458338896514331 28.100344618545407 0.77362981472285752 1792.3798707341366 -0.087956936925448759 0.016166826153141946 0.09581409829802065 0
821 1 1 73094400 143622527.4428868 37837775.555455975 3486659.4749671291 -5.1540542684031321 27.972840607343809 0.76629401507435979 1792.0850392769687 -0.089404811896413666 0.017849654346101113 0.10181295930907647 0
822 1 1 73180800 143155383.36104295 40248837.110121861 3552554.1399635011 -5.6588962534168283 27.837464822195304 0.75906328823388858 1791.7777560453465 -0.090878544941900161 0.019530204353081993 0.10783740088437012 0
823 1 1 73267200 142644769.81117174 42647865.294116884 3617828.747504482 -6.1602785389885684 27.694304887725952 0.75194145593362105 1791.4578063410279 -0.092376271805130333 0.021207599109514679 0.11388634903485059 0
824 1 1 73353600 142090989.16594568 45034191.309127152 3682492.8649169072 -6.6581214150474102 27.543447505917712 0.74493216498861847 1791.1249968368197 -0.0938961029933508 0.022880894599747119 0.11995847750132006 0
825 1 1 73440000 141494350.61935198 47407153.807816923 3746556.366685485 -7.1523466760200147 27.384978450713838 0.73803887721332029 1790.7791538984525 -0.095436116739590779 0.024549101868155208 0.12605224101970455 0
826 1 1 73526400 140855170.05918515 49766098.814635329 3810029.4189399984 -7.6428775732444034 27.218982598895096 0.73126488355407815 1790.4201200021312 -0.09699538182823865 0.026211998621269141 0.13216612917969184 0
827 1 1 73612800 140173769.94847003 52110379.645251185 3872922.4468475962 -8.1296385832014639 27.045543809634413 0.72461280112896342 1790.047775385495 -0.098566533597192862 0.027864270670983706 0.13829030523987199 0
828 1 1 73699200 139450479.22892451 54439356.817258291 3935246.1843091538 -8.6125552746580283 26.864744988185851 0.71808837055165153 1789.6618980387884 -0.10014519076640881 0.029506448925695056 0.14455830969346611 0
829 1 3 73703876.954240188 139410137.82735351 54564978.634815797 3938603.8336511008 -8.638585113611196 26.854749706946514 0.71773901930181783 1789.6406171569131 0 0 0 266
830 1 1 73785600 138685633.24496117 56752397.959362224 3997012.0679079406 -9.0915536784552184 26.676667673805294 0.71170102029592297 1789.2621548158959 -0.1017066451950827 0.031119801920732142 0.15097210251352447 0
831 1 1 73872000 137879573.63722914 59048855.224835932 4058220.5720049301 -9.5665625663624141 26.480835276138052 0.70516728164790532 1788.8625444575048 -0.10328100337035208 0.0327257980287552 0.15741684726554053 0
832 1 1 73958400 137032648.68826556 61328296.573226504 4118981.5429789019 -10.037493214390635 26.285136218598367 0.70255979729650486 1788.1753249691706 -0.10417531527710254 0.31130914406145588 0.3077890844566129 0
833 1 1 74044800 136145214.84230602 63590938.54024978 4179734.1732063848 -10.504256860192189 26.089622418027858 0.70369917095262902 1787.1569525175391 -0.10512754985772813 0.31162825795621979 0.3071417052503333 0
834 1 1 74131200 135217634.82685724 65836358.855551712 4240562.7610485377 -10.966794206406878 25.886538129417033 0.70433573909759961 1786.1657886460516 -0.10654827624653385 0.31206321460878322 0.30620910325613254 0
835 1 1 74217600 134250276.10698026 68063932.258433416 4301437.8645910015 -11.425050333291324 25.676506758913003 0.70478061390481317 1785.1746241375326 -0.10826726401885398 0.31183038587246908 0.30584311335797437 0
836 1 1 74304000 133243510.86086845 70273060.768742397 4362343.6754233837 -11.878975425798235 25.459585095761593 0.70504528471146699 1784.1834602674762 -0.11061996832519268 0.3114948242782305 0.30534275340280753 0
837 1 1 74390400 132197715.3600516 72463152.265904367 4423264.3161929781 -12.328517846787582 25.235847626086713 0.70512347629805006 1783.1922962521639 -0.11315121460087543 0.31111810212489255 0.30479883392912049 0
838 1 1 74476800 131113270.19038929 74633622.401407316 4484182.0081593739 -12.773633322342 25.0054016861673 0.70497427491190134 1782.2010595248587 -0.11567816738412409 0.31072699197893039 0.3042487437055022 0
839 1 1 74563200 129990571.12166673 76783881.425046325 4545093.6532607544 -13.21391115891643 24.767876403545479 0.70514910002354481 1781.2101795016267 -0.10621316769226571 0.2945318288730312 0.32321782869990651 0
840 1 1 74649600 128830048.09145528 78913309.389014184 4606041.6371846637 -13.649276873697938 24.523348132110648 0.70565060897679444 1780.2189423792265 -0.10860748451927148 0.29414820133492947 0.32277120373078821 0
841 1 1 74736000 127632109.64814322 81021329.741704151 4667023.1941411942 -14.079995280086436 24.272340365102259 0.70592873953257274 1779.2277780898585 -0.1109873211280594 0.29375268959817374 0.32232153496571714 0
842 1 1 74822400 126397161.51921475 83107384.460940808 4728020.814214522 -14.505971966510049 24.014896970556883 0.70602197764313945 1778.2366117704271 -0.1135206428246522 0.29333613863499175 0.32181823040870544 0
843 1 1 74908800 125125615.51032665 85170919.409482419 4789019.5424900474 -14.927173137757521 23.751058886686756 0.70595134209253541 1777.2453426135482 -0.11819250803109799 0.29278512129277617 0.32063593653065969 0
844 1 1 74995200 123817873.57709125 87211398.391681001 4849986.9910831004 -15.343933253615416 23.481338630017909 0.70512592170776889 1776.2545351140918 -0.13513296422466076 0.30772133148248709 0.29924348636269743 0
845 1 1 75081600 122474313.2682362 89228327.754537597 4910842.8178093461 -15.756189550731575 23.205808162403532 0.70353618735909429 1775.2632634718941 -0.14017503666949557 0.30698287131301294 0.29767847724537239 0
846 1 1 75168000 121095345.67996573 91221183.707839385 4971552.6559633669 -16.163536904005799 22.924098210622073 0.70174321105416615 1774.2720992917095 -0.14526632221936298 0.30620081697331236 0.29603843553453713 0
847 1 1 75254400 119681396.64565498 93189436.998147354 5032096.9106675815 -16.565934472007655 22.636314398697245 0.69970251669158423 1773.2809351226379 -0.15041634448030747 0.30537422579862794 0.29431531650777204 0
848 1 1 75340800 118232896.61225635 95132566.038487166 5092453.9893711749 -16.963317852440117 22.342530676407637 0.69740968059586783 1772.2897709519007 -0.15562790519111208 0.30450140492343725 0.29250444359954453 0
849 1 1 75427200 116750281.57143366 97050055.632135242 5152601.9086768525 -17.355623099772117 22.042821022230566 0.69486007270264838 1771.2986067802458 -0.1609042874084689 0.30358065669323658 0.29060040463715131 0
850 1 1 75513600 115233993.01947005 98941396.976510346 5212518.2748860922 -17.742786735251066 21.737259474404883 0.69204882262136946 1770.3074426075996 -0.16624880297021788 0.30261009006300205 0.2885974166603566 0
851 1 1 75600000 113684477.91761521 100806087.66940774 5272180.262524846 -18.124745731372919 21.425920155765031 0.68897080288506773 1769.3162784338781 -0.17166477181522835 0.30158761756886776 0.286489293075256 0
852 1 1 75686400 112102188.65371089 102643631.7173948 5331564.5913226809 -18.501437497780195 21.108877298832169 0.685620610010239 1768.3251142589943 -0.17715550314414991 0.30051094163396808 0.28426941739133477 0
853 1 1 75772800 110487583.00501378 104453539.54635701 5390647.5015031695 -18.872799867601721 20.786205270483517 0.6819925443421776 1767.3339500828547 -0.18272427062932822 0.29937754081912005 0.28193071662391844 0
854 1 1 75859200 108841124.10218866 106235328.01415583 5449404.7272788994 -19.238771083985959 20.457978596176503 0.67808058864228271 1766.3427859053618 -0.18837428418155264 0.29818465521858301 0.27946563375710876 0
855 1 1 75945600 107163280.39446433 107988520.42535944 5507811.4684404554 -19.599289786613362 20.124271983687549 0.6738783853734559 1765.3516217264153 -0.19410865640720901 0.2969292719310877 0.27686609936621398 0
856 1 1 76032000 105454525.61596532 109712646.54800211 5565842.359925678 -19.954294997917177 19.785160346338586 0.66937921266033562 1764.360457545908 -0.1999303636103319 0.29560811015845273 0.27412350303319222 0
857 1 1 76118400 103715338.7532572 111407242.63232726 5623471.4392544795 -20.303726108723261 19.44071882568273 0.66457595892116261 1763.3692933637321 -0.20584220057157426 0.29421760640370981 0.27122866468336909 0
858 1 1 76204800 101946204.01416981 113071851.43146823 5680672.1117140437 -20.647522862968263 19.091022813670417 0.659461096160601 1762.3781291797591 -0.21184672860395487 0.29275390015795927 0.26817180597912588 0
859 1 1 76291200 100147610.79797898 114706022.22400376 5737417.1131872302 -20.985625341575386 18.736147973763202 0.65402665218504796 1761.3869649940098 -0.21794622620062112 0.29121280727389781 0.26494252841807658 0
860 1 1 76377600 98320053.992569059 116309311.27581871 5793678.280883478 -21.317965869832104 18.376181114121557 0.64825947768781422 1760.3957879156192 -0.22414255201869296 0.28958989034439353 0.26152975315414817 0
861 1 1 76464000 96464030.551485613 117881277.36851765 5849428.4227638105 -21.644599393593371 18.011046611912036 0.64221551888580575 1759.4046600199176 -0.23438562670690727 0.28257343939737695 0.26022226910921226 0
862 1 1 76550400 94580033.620052993 119421473.34349301 5904645.3004432479 -21.965451803786809 17.640819725236742 0.63589807668590381 1758.4134815381847 -0.240206019225402 0.28073040388197884 0.2568881248017254 0
863 1 1 76636800 92668572.476933509 120929471.05069762 5959301.8935886854 -22.280335792417855 17.265728614436668 0.62924474021100607 1757.4223173501759 -0.24611479784616849 0.27880910651689761 0.25336335252831826 0
864 1 1 76723200 90730164.919608623 122404853.09998742 6013368.9636379471 -22.589201578072217 16.88584071085744 0.62225013837067966 1756.4311531600426 -0.25211292252319184 0.27680504824964769 0.2496358138575579 0
865 1 1 76809600 88765333.461033463 123847208.44223559 6066816.6101711681 -22.891990399325245 16.501234653508721 0.61490456828819751 1755.4399889678655 -0.25820078413955144 0.27471338559559594 0.2456927163029588 0
866 1 1 76896000 86774605.681195781 125256132.84368467 6119614.0695766872 -23.188643720497751 16.111989570574867 0.60719774653643133 1754.448824773476 -0.26437803420214451 0.27252899738485525 0.24152060081039736 0
867 1 1 76982400 84758514.208854347 126631228.92924049 6171729.6635797843 -23.479103202579829 15.718185103065411 0.59911877865319008 1753.4576605768555 -0.2706435139644458 0.27024646745473341 0.23710532507140059 0
868 1 1 77068800 82717596.419450328 127972107.32979162 6223129.2004899718 -23.7633177752496 15.319928761661176 0.59061781782363332 1752.4664628546886 -0.27699512307203611 0.26786009429099883 0.23243207971518215 0
869 1 1 77155200 80652396.965496019 129278375.76703635 6273792.0358810099 -24.04113991283538 14.916927779922593 0.58222481688136296 1751.4747943594098 -0.27996982182829777 0.25205483398101236 0.24614073115239488 0
870 1 1 77241600 78563476.858554512 130549614.40869457 6323739.0008055661 -24.31238594440542 14.509143679462213 0.57386117974963891 1750.490587719793 -0.28159182505271163 0.24488338465676909 0.23823323012161146 0
871 1 1 77328000 76451410.533351615 131785427.16128665 6372935.6187908426 -24.576901826971927 14.096886192377211 0.56483383851919733 1749.5271351909837 -0.28085078739990271 0.23638567794238105 0.22740008049169541 0
872 1 1 77414400 74316785.661529258 132985428.59279683 6421322.2128054136 -24.834564114917324 13.680194202397484 0.55511193387215263 1748.5878057354432 -0.28004926017495735 0.22804731327526412 0.21666312479368893 0
873 1 1 77500800 72160196.944718316 134149239.88885914 6468839.2950180843 -25.085313565816946 13.259167855327906 0.54470719270809675 1747.6716495175071 -0.27919296868791654 0.21987110115056258 0.20602364532856876 0
874 1 1 77587200 69982244.388456821 135276490.79752392 6515428.1162653333 -25.329086962044443 12.833905412710529 0.53362539555541 1746.7780537476426 -0.27828736072348309 0.21185951625215449 0.19548238679229654 0
875 1 1 77673600 67783533.427664593 136366819.60707927 6561030.4372632587 -25.565821842536643 12.404506304476866 0.52187255999734117 1745.9063853135613 -0.27733758092319666 0.20401471996728762 0.18503954879367451 0
876 1 1 77760000 65564674.860905446 137419873.24720955 6605588.5478808396 -25.79545651133817 11.97107113386916 0.50945491269649812 1745.0559914440068 -0.27634845214708204 0.19633857527971846 0.1746947861150169 0
877 1 1 77846400 63326284.783922762 138435307.39059523 6649045.2839948032 -26.017930045851887 11.533701682717291 0.49637886138803611 1744.2262003740389 -0.2753244554866961 0.18883266106458996 0.16444720886546518 0
878 1 1 77932800 61068984.522475548 139412786.55498353 6691344.0419250214 -26.233182304812342 11.092500917092705 0.48265096690578801 1743.4163220177315 -0.27426971164792618 0.18149828672290827 0.15429538535179957 0
879 1 1 78019200 58793400.564493828 140351984.20576581 6732428.7904584426 -26.44115393606782 10.647572993342266 0.46827791534282448 1742.6256486524576 -0.27318796286477481 0.17433650623630312 0.14423734574520744 0
880 1 1 78105600 56500164.491568036 141252582.85909039 6772244.0804761387 -26.641786384234539 10.199023264478807 0.45326649042784711 1741.8534556212812 -0.27208255556008198 0.16734813182205757 0.13427058796755489 0
881 1 1 78192000 54189912.909778781 142114274.185543 6810735.0522077447 -26.835021898330982 9.7469582869122977 0.43762354625019778 1741.0990020578877 -0.27095642495894395 0.16053374735627207 0.12439208611661424 0
882 1 1 78278400 51863287.379864231 142936759.11442247 6847847.4401488872 -27.020803539485946 9.2914858274983256 0.42135598045648687 1740.3615316397447 -0.26981208009752472 0.1538937213351205 0.11459830098353345 0
883 1 1 78364800 49520934.346714064 143719747.93863869 6883527.5756883817 -27.199075188854838 8.8327148708770711 0.40447070807074409 1739.6402733736516 -0.26865159215589518 0.14742821961862024 0.1048851941861861 0
884 1 1 78451200 47163505.06816484 144462960.42025489 6917722.38750696 -27.369781555888601 8.3707556270596726 0.38697463611710553 1738.9344424174924 -0.2674765836350137 0.14113721740156338 0.095248245446515042 0
885 1 1 78537600 44791655.543060519 145166125.89669594 6950379.3998245802 -27.532868187109671 7.9057195392452559 0.36887463922996511 1738.2432409410108 -0.2662882213049248 0.13502051200135168 0.085682473855990635 0
886 1 1 78624000 42406046.438525796 145828983.38764051 6981446.72859082 -27.688281475589225 7.4377192918297199 0.35017753646753408 1737.5658590267924 -0.26508721142131086 0.12907773434690697 0.076182463398879491 0
887 1 1 78710400 40007343.016383432 146451281.70261186 7010873.0757316947 -27.835968671320796 6.9668688185540404 0.33089006954149469 1736.9014756125314 -0.26387379889382384 0.12330836109181098 0.066742392494474542 0
888 1 1 78796800 37596215.058628663 147032779.54927778 7038607.7215847578 -27.97587789270527 6.4932833107837666 0.31101888269313466 1736.2492594732739 -0.26264776951291163 0.11771172706512152 0.057356068454208022 0
889 1 1 78883200 35173336.791855209 147573245.64247006 7064600.5156754665 -28.107958139384635 6.0170792258753174 0.29057050445613858 1735.6083702414492 -0.26140845699914828 0.11228703742826882 0.048016966317578839 0
890 1 1 78969600 32739386.810505033 148072458.81393036 7088801.8660072284 -28.232159306665508 5.5383742955887438 0.26955133152571414 1734.9779594616834 -0.26015475335058802 0.10703338049733799 0.038718271962589736 0
891 1 1 79056000 30295047.998795178 148530208.12278166 7111162.7270569485 -28.348432201766002 5.0572875345248445 0.24796761496379086 1734.3571716764088 -0.25888512387087281 0.10194974107210128 0.029452929829565502 0
892 1 1 79142400 27841007.451152951 148946292.96673059 7131634.5866869101 -28.456728562133833 4.5739392485358232 0.22582544893299217 1733.7451455376536 -0.25759762604715331 0.097035013740058393 0.020213693612646414 0
893 1 1 79228800 25377956.390970722 149320523.19399214 7150169.4521982474 -28.557001076068804 4.0884510430767129 0.20313076212274175 1733.1410149398432 -0.25628993270245143 0.092288017457246102 0.010993180472981756 0
894 1 1 79315200 22906590.087471213 149652719.21593338 7166719.8357659569 -28.649203405868143 3.6009458314642306 0.17988931202922315 1732.5439101681181 -0.25495935855884655 0.087707510251790965 0.0017839279147254521 0
895 1 1 79401600 20427607.770457003 149942712.12042388 7181238.7395061888 -28.733290213694371 3.1115478429742716 0.15610668216822204 1731.9529590574016 -0.25360289050157508 0.083292204220309293 -0.0074215487099382688 0
896 1 1 79488000 17941712.542700596 150190343.78587675 7193679.6404314199 -28.809217190349163 2.6203826307309592 0.13178828228228887 1731.3672881566968 -0.25221722072429054 0.079040781455254699 -0.0166306969352027 0
897 1 1 79574400 15449611.289717508 150395466.99596083 7203996.4755539298 -28.876941087101418 2.1275770793215996 0.1069393515549362 1730.7860238938683 -0.2507987824813015 0.074951909788119137 -0.025850869144628329 0
898 1 1 79660800 12952014.586652765 150557945.55495489 7212143.6273949742 -28.936419750698004 1.6332594120513844 0.081564964784211352 1730.2082937361506 -0.24934378806116922 0.071024258863110756 -0.03508926502073046 0
899 1 1 79747200 10449636.602001356 150677654.40371099 7218075.9101529298 -28.987612161653352 1.137559197751232 0.055670041441208538 1729.633227341747 -0.24784826837524151 0.067256516041545172 -0.044352876392187573 0
900 1 1 79833600 7943194.997876361 150754479.73618203 7221748.556774213 -29.030478475884138 0.64060735702930438 0.029259357489039312 1729.0599576981876 -0.24630811382675374 0.063647401957279096 -0.053648434429055467 0
901 1 1 79920000 5433410.8265337283 150788319.11646229 7223117.207159061 -29.064980069731785 0.14253616785860729 0.0023375598013757912 1728.4876222427447 -0.2447191160879825 0.06019568591303421 -0.062982360665904541 0
902 1 1 80006400 2921008.4228601009 150779081.59627634 7222137.8977183457 -29.091079588386737 -0.35652072964629111 -0.025090817014721246 1727.9153639605704 -0.24307701027383796 0.056900199620519433 -0.072360721631296462 0
903 1 1 80092800 406715.29253091163 150726687.83283988 7218767.052480706 -29.108740997679458 -0.85642832942058345 -0.053021331588757256 1727.3423324573603 -0.2413775165572507 0.053759850423643868 -0.081789187526118162 0
904 1 1 80179200 -2108738.0044508441 150631070.20700341 7212961.4759306936 -29.117929639221828 -1.3570502567477454 -0.081449614792070135 1726.767685001184 -0.23961638285241565 0.050773633346008942 -0.091272996011349125 0
905 1 1 80265600 -4624617.9751226688 150492172.94157404 7204678.3477374082 -29.118612288820231 -1.8582487668638541 -0.1103713470019675 1726.1905875308223 -0.2377894250225849 0.047940640633507253 -0.10081691951691005 0
906 1 1 80352000 -7140188.3201141758 150309952.21969482 7193875.2195143132 -29.110757218044114 -2.3598847450600364 -0.13978223386967736 1725.6102156286561 -0.23589256707981621 0.045260070191718058 -0.11042523830911639 0
907 1 1 80438400 -9654710.0656518284 150084376.30314332 7180510.0137283271 -29.094334258865413 -2.8618177084698315 -0.16967798082946822 1725.0257554545806 -0.23392188001865682 0.042731231586906573 -0.12010171680786703 0
908 1 1 80524800 -12167441.701275583 149815425.65039551 7164541.0248579569 -29.069314871208189 -3.363905809767521 -0.20005426657506317 1724.4364046408484 -0.23187361835806863 0.040353549574711559 -0.12984958517795916 0
909 1 1 80611200 -14677639.323511371 149503093.03427938 7145926.922879844 -29.035672213240701 -3.8660058429897988 -0.23090671570545904 1723.8413731482835 -0.22974425517504043 0.038126565461761568 -0.13967152331257232 0
910 1 1 80697600 -17184556.785729092 149147383.65902629 7124626.7591476049 -28.993381214232194 -4.3679732517055232 -0.26223087075118745 1723.239884084632 -0.22753051470796631 0.036049935527824518 -0.14956965027287084 0
911 1 1 80784000 -19687445.854398984 148748315.27650678 7100599.9747066917 -28.942418649774382 -4.869662139744193 -0.29402216377390167 1722.6311744869456 -0.2252294028767417 0.034123427568375587 -0.15954551539730905 0
912 1 1 80870400 -22185556.37194138 148305918.30142134 7073806.4110764954 -28.882763219140848 -5.3709252847145548 -0.3262758876899956 1722.0144960718774 -0.22283823467118047 0.032346913707514989 -0.16960009336378756 0
913 1 1 80956800 -24678136.426344045 147820235.92519385 7044206.3235160401 -28.814395624551498 -5.8716141545322138 -0.35898716747181608 1721.3891159578659 -0.22035465942863214 0.030720361618932358 -0.17973378083750211 0
914 1 1 81043200 -27164432.527701866 147291324.22830111 7011760.3967790175 -28.737298652100776 -6.3715789271474579 -0.39215093134881712 1720.7543173638705 -0.21777668290170515 0.029243822774510955 -0.18994639600387633 0
915 1 1 81129600 -29643689.791811239 146719252.29075107 6976429.7633522125 -28.651457254092222 -6.8706685136840608 -0.42576188213653338 1720.1094002895959 -0.21510268687333153 0.027917418364401009 -0.20023717970591812 0
916 1 1 81216000 -32115152.130929489 146104102.30040836 6938176.0241624312 -28.556858632514874 -7.368730585174279 -0.45981446877980736 1719.453682182887 -0.21233144553653657 0.026741322923094276 -0.21060479804254498 0
917 1 1 81302400 -34578062.451786302 145445969.65884861 6896961.2717299145 -28.45349232339597 -7.8656116030515086 -0.49430285819128794 1718.7864985996171 -0.20946213958497956 0.025715746297887837 -0.22104734629853731 0
918 1 1 81388800 -37031662.860911824 144744963.08441007 6852748.1157391323 -28.34135028176712 -8.3611568535524228 -0.52922090746943773 1718.107203860538 -0.20649436731446458 0.024840913461268595 -0.23156235433933972 0
919 1 1 81475200 -39475194.877321526 144001204.71209875 6805499.7109917803 -28.220426966943645 -8.8552104861846672 -0.564562136536916 1717.4151717113823 -0.20342815247172841 0.024117042432657259 -0.2421467919206331 0
920 1 1 81561600 -41907899.652573436 143214830.18999064 6755179.7877038056 -28.090719427869946 -9.3476155563550041 -0.60031970126287493 1716.7097959891835 -0.20026395095274049 0.023544321833127883 -0.25279707610326085 0
921 1 1 81648000 -44329018.198192537 142385988.77176708 6701752.6841017036 -27.952227388246222 -9.8382140722635008 -0.6364863671106179 1715.9904912989512 -0.19700265325489696 0.023122886092748488 -0.26350907787287958 0
922 1 1 81734400 -46737791.620429471 141514843.40501082 6645183.3812722918 -27.804953331145441 -10.326847046149691 -0.67305448334286522 1715.256693704448 -0.19364558571123625 0.022852790734916136 -0.27427813055744465 0
923 1 1 81820800 -49133461.362299547 140601570.81488594 6585437.5402148832 -27.648902582868924 -10.813354549935921 -0.71001595783410354 1714.507861434209 -0.19019450887248965 0.022733986450256954 -0.28509903794624442 0
924 1 1 81907200 -51515269.452823296 139646361.58281675 6522481.5410433533 -27.48408339575062 -11.297575775312348 -0.74736223249731559 1713.7434756058015 -0.18665161363170071 0.022766293122421621 -0.29596608294969556 0
925 1 1 81993600 -53882458.763366506 138649420.2197845 6456282.5242826603 -27.310507029648516 -11.779349098272633 -0.78508425938811943 1712.9630409677736 -0.18301951544556241 0.022949373547487058 -0.30687303766408064 0
926 1 1 82080000 -56234273.270954549 137610965.23385477 6386808.4342000792 -27.12818783184418 -12.258512148103684 -0.82317247749030631 1712.1660866606885 -0.17930124587619048 0.023282707128203132 -0.31781317220154465 0
927 1 1 82166400 -58569958.32841143 136531229.19155389 6314028.0641118689 -26.937143315086839 -12.734901880791918 -0.86161679022758164 1711.3521669960721 -0.17550024278305426 0.023765564320866971 -0.32877926618994691 0
928 1 1 82252800 -60888760.941152565 135410458.77271289 6237911.103599485 -26.737394233520661 -13.208354656810318 -0.90040654373530349 1710.5208622520242 -0.17162033796265 0.024396980817754665 -0.33976361875455635 0
929 1 1 82339200 -63189930.050436273 134248914.81840381 6158428.1875702832 -26.528964656226879 -13.678706323211749 -0.93953050591496046 1709.6717794842586 -0.16766574325944422 0.025175733486714771 -0.35075806089474032 0
930 1 1 82425600 -65472716.822857581 133046872.37160115 6075550.9470911575 -26.311882038129198 -14.145792299936076 -0.97897684633755655 1708.8045533489196 -0.16364103457221596 0.026100316392308608 -0.36175396771875012 0
931 1 1 82512000 -67736374.9458424 131804620.71020745 5989252.0619207872 -26.086177287941972 -14.609447670224348 -1.0187331170309977 1707.9188469356002 -0.15955113322889977 0.027168918669710662 -0.37274227170469409 0
932 1 1 82598400 -69980160.928886235 130522463.37208976 5899505.3146680146 -25.851884833291422 -15.069507275140895 -1.058786233996539 1707.0143526088691 -0.15540130225858481 0.028379401371413624 -0.38371346979618892 0
933 1 1 82684800 -72203334.90448074 129200717.63454288 5806287.2516104244 -25.609054938783906 -15.525819136954825 -1.0990826461876546 1706.092245118017 -0.15119716623058349 0.029729316255607364 -0.39465763841869134 0
934 1 1 82771200 -74405156.088709578 127839720.10474209 5709559.9862032207 -25.357563381988506 -15.97802991718949 -1.1401838903320241 1705.1306612374326 -0.14113369616101401 0.037532650860352269 -0.4244343845435542 0
935 1 1 82857600 -76584873.359686121 126439837.53151216 5609247.6878556358 -25.097428909681913 -16.425968270277487 -1.1818231165509783 1704.1395228869194 -0.13408696160777372 0.038524482303309494 -0.42663445968322972 0
936 1 1 82944000 -78741726.742651939 125001424.95263153 5505343.3556799991 -24.828108868299566 -16.869996965223887 -1.2233956321580588 1703.1512675354459 -0.10382954749230161 0.028696305477374815 -0.43572385557642312 0
937 1 1 83030400 -80874907.59345071 123524819.51394476 5397846.0761590479 -24.549677617772435 -17.3099380500778 -1.2649221265561419 1702.1625158372647 -0.097784438709473245 0.029913276029394951 -0.43705365428505583 0
938 1 1 83116800 -82983671.611709133 122010399.61701626 5286773.3948052619 -24.262912883907475 -17.745306518422204 -1.3061570671834668 1701.1738522119242 -0.091969216909422932 0.031189767405895134 -0.43824149721962125 0
939 1 1 83203200 -85067299.566918328 120458566.17042986 5172150.6774768941 -23.967836700630293 -18.175965884949207 -1.3470954103088311 1700.1851523493892 -0.086379976060649219 0.03251904811808156 -0.43929835032157044 0
940 1 1 83289600 -87125076.609281078 118869732.91234869 5054004.4432057841 -23.664525059943674 -18.601757215264975 -1.3877165727090588 1699.1964137847619 -0.081012350481989168 0.033894642660626459 -0.44023453303714982 0
941 1 1 83376000 -89156294.595231429 117244327.27700058 4932362.9668817855 -23.353057206674848 -19.022522417581239 -1.4280004888029609 1698.2076341698537 -0.075861763900201759 0.035310402784010653 -0.44105969764414715 0
942 1 1 83462400 -91160252.368491843 115582790.31853019 4807256.2355178157 -23.033515638561354 -19.438104321082832 -1.4679275881330649 1697.2188112687388 -0.070923458184136215 0.036760436075017583 -0.44178287477045303 0
943 1 1 83548800 -93136256.040740088 113885576.6293007 4678715.9064388005 -22.705986094915222 -19.848346715587663 -1.5074787727447727 1696.2299429611548 -0.066192293686783185 0.038240097471475047 -0.44241245755276748 0
944 1 1 83635200 -95083617.470099464 112153162.23564881 4546774.8987010745 -22.370512891363056 -20.252896500454714 -1.5466445449990616 1695.2401207698631 -0.061664367261027357 0.039739331849106989 -0.44295659651081071 0
945 1 1 83721600 -97001673.091248661 110385962.3909115 4411471.178471853 -22.027814434271061 -20.654372422049629 -1.5852778809875765 1694.2545503494771 -0.078393238157992151 -0.052041430462090921 -0.43912013939010291 0
946 1 1 83808000 -98889819.018099219 108584176.4777147 4272854.5125762261 -21.67798741488053 -21.052650905869665 -1.6233721364259504 1693.2644416418291 -0.074312318366748162 -0.051465529020955789 -0.43991949512788064 0
947 1 1 83894400 -100747408.25426626 106748242.16021787 4130964.3687805803 -21.32050255318136 -21.444832752781863 -1.6610493663785335 1692.275211764553 -0.070370233559849102 -0.050881635568281659 -0.44065838726287782 0
948 1 1 83980800 -102573785.3984542 104878683.62072866 3985837.9605913651 -20.955501799609213 -21.830964550007295 -1.698282906393928 1691.2859307333431 -0.066563318231553439 -0.050298190765777392 -0.44134036451339081 0
949 1 1 84067200 -104368305.40486833 102976030.00143269 3837514.3335239184 -20.58308586405823 -22.210897936624423 -1.7350563526422353 1690.2965970328551 -0.062886730683005598 -0.049717782426550387 -0.44196955132339333 0
950 1 1 84153600 -106130332.06962748 101040823.20906273 3686033.9381628498 -20.203358713271673 -22.584485821656166 -1.771353581937716 1689.307209210526 -0.059335881416932863 -0.049143797819276497 -0.44254964264804542 0
951 1 1 84240000 -107859238.3127449 99073617.799364015 3531438.6064339527 -19.816427581950173 -22.9515825090376 -1.8071587413555377 1688.3177658776858 -0.055906222223752008 -0.04857942748163338 -0.44308407469362293 0
952 1 1 84326400 -109554406.46048285 97074980.852912575 3373771.5283967257 -19.422402972485934 -23.312043783079059 -1.8424562449930402 1687.3282657071745 -0.052593258808478885 -0.048027714229991698 -0.44357603599297007 0
953 1 1 84412800 -111215228.52760211 95045491.843334362 3213077.2293039062 -19.021398652667337 -23.665726998377657 -1.8772307710921168 1686.3387074314255 -0.049392553696765144 -0.047491561081861748 -0.44402848325698696 0
954 1 1 84499200 -112841106.49929085 92985742.497713596 3049401.5468744813 -18.613531650541844 -24.012491170696364 -1.9114672599647182 1685.3490898406712 -0.046299728596541335 -0.046973738030835002 -0.44444415613421095 0
955 1 1 84585600 -114431452.61252527 90896336.64910771 2882791.6087139649 -18.198922246381375 -24.352197068785248 -1.9451509126477924 1684.3594117812911 -0.043310466319251242 -0.046476889053168623 -0.44482559080350398 0
956 1 1 84672000 -115985689.63660738 88777890.08109282 2713295.8098214269 -17.777693961674245 -24.684707307014985 -1.9782671902324469 1683.3696721542867 -0.04042051207236539 -0.046003537537625025 -0.44517513269936471 0
957 1 1 84758400 -117503251.15262212 86631030.364275619 2540963.7901272206 -17.349973545078104 -25.009886438693567 -2.0108018138144557 1682.3798699138704 -0.037625674589395738 -0.045556092050135555 -0.44549494819310143 0
958 1 1 84844800 -118983581.83154629 84456396.684717074 2365846.4120100304 -16.915890955285711 -25.32760104993795 -2.0427407650146234 1681.3900040661699 -0.034921827113926732 -0.045136850694714868 -0.44578703548839593 0
959 1 1 84931200 -120426137.7107431 82254639.664226592 2187995.7377461102 -16.475579340759786 -25.637719853980524 -2.0740702870197487 1680.4000736680391 -0.032304908297966867 -0.044748006163221561 -0.44605323458371726 0
960 1 1 85017600 -121830386.46856882 80026421.172493652 2007465.0068477544 -16.02917501629376 -25.940113785780547 -2.1047768860989073 1679.4100778259622 -0.029770922865297127 -0.044391649161374766 -0.44629523661861309 0
961 1 1 85104000 -123195807.6968157 77772414.131037176 1824308.6132517352 -15.576817436371293 -26.234656096796609 -2.1348473335528904 1678.4200156950569 -0.027315942627223359 -0.044069772196186581 -0.44651459241543445 0
962 1 1 85190400 -124521893.1707149 75493302.308963448 1638582.0823221863 -15.118649165309279 -26.521222449813699 -2.1642686680527752 1677.4298864781633 -0.024936107506197808 -0.043784272986499145 -0.44671272038824705 0
963 1 1 85276800 -125808147.11621951 73189780.110533565 1450342.0476359776 -14.654815844161771 -26.79969101367907 -2.1930281983309534 1676.4396894250101 -0.022627626597444578 -0.043536957122790612 -0.44689091390452707 0
964 1 1 85363200 -127054086.47428817 70862552.354554698 1259646.2275216824 -14.185466154379471 -27.069942557823129 -2.221113506187109 1675.449423831461 -0.020386779633452139 -0.0433295410861387 -0.44705034802451893 0
965 1 1 85449600 -128259241.16188881 68512334.045617893 1066553.4013265315 -13.710751778230012 -27.331860546440144 -2.2485124497736986 1674.4590890388288 -0.018209918717386489 -0.043163654551417525 -0.44719208578568104 0
966 1 1 85536000 -129423154.32944283 66139850.137218773 871123.38538856432 -13.23082735598336 -27.585331232192136 -2.2752131671292295 1673.4686844332618 -0.016093470296352861 -0.04304084275906269 -0.44731708400841041 0
967 1 1 85622400 -130545382.61443101 63745835.286806889 673417.00869392895 -12.745850439878133 -27.830243749310092 -2.3012040799282607 1672.4782094451864 -0.014033937602902122 -0.042962568570425415 -0.44742619869499839 0
968 1 1 85708800 -131625496.39088351 61331033.60282208 473496.08820188441 -12.255981444885043 -28.066490205973192 -2.3264738974186172 1671.4876635488126 -0.01202790322229381 -0.042930214846439836 -0.44752019002016924 0
969 1 1 85795200 -132663080.01447868 58896198.383784577 271423.40382251539 -11.761383596301121 -28.293965775832557 -2.3510116205191789 1670.4970462616925 -0.010072032536890076 -0.042945086108318854 -0.44759972702761841 0
970 1 1 85881600 -133657732.06297868 56442091.849519603 67262.673034360618 -11.262222874212721 -28.512568788553125 -2.3748065460529859 1669.5063571443241 -0.0081630772774932536 -0.043008410774934884 -0.44766539198161109 0
971 1 1 85968000 -134609065.57173213 53969484.864605017 -138921.47486863701 -10.75866795486745 -28.722200819262873 -2.3978482710909788 1668.5155957998124 -0.006297879855613967 -0.043121343195512439 -0.44771768446227511 0
972 1 1 86054400 -135516708.26398048 51479156.654142968 -347063.52490950475 -10.250890149000321 -28.922766776775156 -2.4201266973855935 1667.5247618735664 -0.0044733778079414218 -0.043284965562249221 -0.44775702525286448 0
973 1 1 86140800 -136380302.77570528 48971894.511966035 -557097.10294680239 -9.7390633371761925 -29.114174990474382 -2.4416320358729369 1666.5338550530371 -0.002686609395250015 -0.043500290383806428 -0.44778375997158626 0
974 1 1 86227200 -137199506.87476319 46448493.5013979 -768955.0025844042 -9.2233639022142082 -29.296337295756402 -2.4623548112239346 1665.5428750674948 -0.00093471926058917912 -0.043768262866645716 -0.44779816256088245 0
975 1 1 86313600 -137973993.6740585 43909756.148699239 -982569.21247604908 -8.7039706587548054 -29.46916911789657 -2.4822858664285827 1664.5518216878402 0.00078503507423973904 -0.044089763305076211 -0.44780043864942026 0
976 1 1 86400000 -138703451.83932161 41356492.130217381 -1197870.9470454734 -8.1810648002050605 -29.632589532456883 -2.5014164422750675 1663.5606916603656 0.0024752760045126405 -0.044465610339828911 -0.44779072873607395 0
977 1 1 86486400 -139387585.78122658 38789517.942311421 -1414790.6464405488 -7.6548294991028172 -29.786521701460458 -2.5197370557454417 1662.5695246215041 0.0041478104419129845 -0.044906638587688195 -0.44773450780489632 0
978 1 1 86572800 -140026115.83398896 36209656.559319898 -1633257.9195919593 -7.1254504306334852 -29.93089221706818 -2.537238589372981 1661.5783604390149 0.0057858059906960415 -0.045390238087749141 -0.44766756721408296 0
979 1 1 86659200 -140618778.49033558 33617737.157450899 -1853201.6621878752 -6.5931156820731527 -30.065631270952899 -2.553913310602999 1660.5871962780486 0.0074011222892929789 -0.045930218366685274 -0.44758869336663043 0
980 1 1 86745600 -141165326.56503293 31014594.749374494 -2074550.1111111592 -6.0580150674638666 -30.190673457369272 -2.569753718655758 1659.5960321171722 0.0089958211314338943 -0.046527176156037076 -0.4474978179624079 0
981 1 1 86832000 -141665529.35878056 28401069.825511482 -2297230.8702703812 -5.5203403757373239 -30.305957396062496 -2.5847526626996946 1658.6048679563867 0.010571797851633194 -0.047181667135090713 -0.44739482269751146 0
982 1 1 86918400 -142119172.82410038 25778008.001868401 -2521170.9409078578 -4.9802852619857063 -30.411425830980122 -2.5989033436931837 1657.6137037956912 0.012130769959490788 -0.047894211833688499 -0.44727954222501581 0
983 1 1 87004800 -142526059.72270298 23146259.660755742 -2746296.7521837484 -4.438045157565047 -30.50702569819309 -2.6121993187586767 1656.6225396350872 0.013674265005539752 -0.04866530240926438 -0.44715176709700383 0
984 1 1 87091200 -142886009.77500349 20506679.585733511 -2972534.1921345429 -3.8938171782675082 -30.592708191595573 -2.6246345054727596 1655.63137547459 0.015203607510227448 -0.049495410131707461 -0.44701124672044779 0
985 1 1 87177600 -143198859.80163676 17860126.591137815 -3199808.6390169384 -3.347800031026956 -30.668428821982282 -2.6362031865722573 1654.6402113137942 0.016719901134280145 -0.050384942354728679 -0.44685769825523936 0
986 1 1 87264000 -143464463.85671398 15207463.144893551 -3428044.9928522897 -2.800193915068331 -30.734147526757155 -2.646900008317318 1653.6490471554605 0.018224109004005062 -0.051335529940394552 -0.44669065942411312 0
987 1 1 87350400 -143682692.43144125 12549543.524688529 -3657167.9809563677 -2.251177579919442 -30.790112866785243 -2.6567267919766793 1652.6560909301679 0.019716425719192531 -0.052341597554308499 -0.44651049228693651 0
988 1 1 87436800 -143853441.93982986 9887331.3743662518 -3887099.3551574522 -1.7012712719741896 -30.832311686096553 -2.6655833764042498 1651.6716181848694 0.010703361809620573 0.077161381813752913 -0.44320600086479489 0
989 1 1 87523200 -143976653.68822682 7222121.1484956061 -4117752.8877729475 -1.1507162876282184 -30.860698436693053 -2.6734739468089836 1650.6786553126001 0.010884225617841553 0.076606699921194385 -0.44329780865675839 0
990 1 1 87609600 -144052264.56483331 4554883.5160469981 -4349050.8105520699 -0.59943500065431898 -30.879220872246606 -2.6804989912188253 1649.6874911525422 0.011047120158394493 0.075961015542240093 -0.44340487734574768 0
991 1 1 87696000 -144080221.686499 1886484.4408386301 -4580917.9206581637 -0.047654643834614638 -30.887581760217817 -2.6866493065955588 1648.6963269620976 0.011192700297396429 0.075228685878846652 -0.44352606268515327 0
992 1 1 87782400 -144060490.74568453 -782197.76658073056 -4813278.5857408121 0.50442215265705415 -30.885774493594223 -2.6919237594289038 1647.7051628638251 0.011474526812613984 0.074326340046761072 -0.44367097088910368 0
993 1 1 87868800 -143993054.97630584 -3450284.4270135956 -5046057.0920431884 1.0565877732462068 -30.873794933171517 -2.6963213334352161 1646.7139986734319 0.011589148808613312 0.073410657310125485 -0.44382042204385674 0
994 1 1 87955200 -143877915.94465077 -6116896.5104785897 -5279177.6309864391 1.6086296962183084 -30.851641276550509 -2.6998411101581681 1645.7228345118172 0.011688870222057217 0.072402281068263033 -0.44398342312415695 0
995 1 1 88041600 -143715093.30851591 -8781155.1813713219 -5512564.3485662853 2.1603402391099125 -30.819319092424209 -2.7024828681986888 1644.7316703500323 0.011773797309229493 0.071299363827560233 -0.44415963168066769 0
996 1 1 88128000 -143504624.68685126 -11442182.286029141 -5746141.3875636244 2.7115113567435456 -30.776838610557053 -2.7042467555650447 1643.7405061880427 0.011843683704296056 0.070099900954539301 -0.44434865932337009 0
997 1 1 88214400 -143246565.67124888 -14099100.763613328 -5979832.920308413 3.2619350782648704 -30.724214899122231 -2.7051333078694078 1642.749342025809 0.011897904187714498 0.068801704178918274 -0.44455007072096686 0
998 1 1 88300800 -142940989.81505352 -16751035.064401615 -6213563.1820636131 3.8114036102215434 -30.661467870249062 -2.7051434458339472 1641.7581778632909 0.01193542700667111 0.067402370984287988 -0.44476338199976045 0
999 1 1 88387200 -142587988.61367446 -19397111.568446767 -6447256.5041726315 4.3597094369844784 -30.588622282771993 -2.7042784722724953 1640.7670137003686 0.011954775375959834 0.065899272218010216 -0.44498805519569506 0
1000 1 1 88473600 -142187670.88259539 -22036460.471504387 -6680837.5694931373 4.9066601460088091 -30.505744132492808 -2.7025455890512866 1639.7758231251523 0.011954054336692195 0.064289380948500938 -0.44522351249925463 0
1001 1 1 88560000 -141740168.83446234 -24668201.130470742 -6914229.1527065504 5.4518426894466838 -30.412358754753726 -2.6998694791983144 1638.7847698971025 0.0052216894794052436 0.079148285582308256 -0.44295404146295136 0
1002 1 1 88646400 -141245649.4623743 -27291413.932608783 -7147347.8723185379 5.9950521263576988 -30.308497467299382 -2.6962531322543248 1637.7935791118425 0.0052216030774063921 0.077584075819727774 -0.44323069167252033 0
1003 1 1 88732800 -140704280.41739431 -29905223.926916175 -7380117.0090701794 6.5362907084689432 -30.19470651111909 -2.6917774571069417 1636.8024149477762 0.0051947992066181427 0.075911543907082032 -0.44352051988926744 0
1004 1 1 88819200 -140116241.50742784 -32508773.611685 -7612462.2070816252 7.0753390619279592 -30.070998838970905 -2.6864403420111698 1635.8112507831163 0.005137981934601331 0.074126464068632048 -0.44382301480018083 0
1005 1 1 88905600 -139481731.11249125 -35101207.774667867 -7844309.10286754 7.6119851102878284 -29.937410962756672 -2.6802431893891203 1634.8200738177384 0.0050473154837800925 0.072224315237098768 -0.44413756077924704 0
1006 1 1 88992000 -138800961.97022769 -37681682.381491825 -8075585.2653230373 8.1461453841168474 -29.794239220154743 -2.6732409484912698 1633.8282462114921 0.0087692510907333154 0.06242549772247926 -0.44556274246104599 0
1007 1 1 89078400 -138074154.62697613 -40249378.956157081 -8306216.1421967 8.677613600861882 -29.641569742989233 -2.6652274416919157 1632.8444424656543 0.0084335916946692742 0.059435666530020435 -0.43824455537910584 0
1008 1 1 89164800 -137301557.21519467 -42803468.139355548 -8536096.8275532201 9.206068904997549 -29.479271231366322 -2.655841745252546 1631.8825800334721 0.0081512039410623835 0.055745026512647601 -0.42702264780547466 0
1009 1 1 89251200 -136483438.08099833 -45343122.627701588 -8765103.3766793273 9.7313241452177728 -29.307444569334997 -2.6449935345446063 1630.9467136050087 0.0078205574266776885 0.05204207270944973 -0.41574086302433177 0
1010 1 1 89337600 -135620082.25470945 -47867522.127083875 -8993109.8815363795 10.253181808769314 -29.126158530600172 -2.6326929840713542 1630.0365783625712 0.0074397927701554409 0.048333191425583968 -0.4044155002780187 0
1011 1 1 89424000 -134711791.75038639 -50375852.526033364 -9219990.9876147211 10.771446269548564 -28.935487353702339 -2.6189432901064613 1629.1522264459775 0.0070070680222991955 0.044624352248856476 -0.39306247543750084 0
1012 1 1 89510400 -133758885.4083146 -52867306.297441728 -9445621.6788232755 11.285923675611301 -28.735509211053248 -2.6037490861090968 1628.2936716262943 0.0065205929679506567 0.040921095229358558 -0.38169726506546964 0
1013 1 1 89596800 -132761698.73705503 -55341082.837177098 -9669877.4005634859 11.796422057283918 -28.526306179224957 -2.5871164166635152 1627.4608902462496 0.005978668990848415 0.037228518903265569 -0.37033485379990788 0
1014 1 1 89683200 -131720583.74611562 -57796388.800052814 -9892634.1803906299 12.302751436091128 -28.30796420734529 -2.5690527076979519 1626.6538222257893 0.0053797291221694254 0.03355127280479956 -0.35898968247031876 0
1015 1 1 89769600 -130635908.76917891 -60232438.432973869 -10113768.745944655 12.804723934436373 -28.080573083320797 -2.54956673308976 1625.8723721197327 0.0047223774154204565 0.029893555535492576 -0.34767559931595154 0
1016 1 1 89856000 -129508058.2778234 -62648453.905060723 -10333158.639844485 13.302153885951515 -27.84422639760777 -2.5286685777816036 1625.1164102134649 0.0040054276092298955 0.026259117537397521 -0.336405812366037 0
1017 1 1 89942400 -128337432.68568473 -65043665.634527758 -10550682.331248617 13.794857946438301 -27.599021504265064 -2.5063695975248987 1624.3857736426869 0.0032279413267977605 0.022651268981501566 -0.3251928446665901 0
1018 1 1 90028800 -127124448.14301014 -67417312.612068981 -10766219.323797973 14.282655205278349 -27.345059479006153 -2.4826823754176455 1623.6802675206991 0.0023892641977068647 0.019072892757355603 -0.31404849212711583 0
1019 1 1 90115200 -125869536.32157262 -69768642.72047998 -10979650.25967017 14.765367297148909 -27.082445073978299 -2.4576206753750278 1622.9996660575016 0.0014890603614696818 0.015526462271464045 -0.30298378336680276 0
1020 1 1 90201600 -124573144.18992504 -72096913.050221518 -11190857.019487178 15.242818513891528 -26.811286668997102 -2.4311993927090927 1622.3437136528946 0.00052734520859142367 0.012014064289646451 -0.29200894327395382 0
1021 1 1 90288000 -123235733.77898987 -74401390.210607231 -11399722.817835279 15.714835916325628 -26.531696218962843 -2.4034345020078312 1621.7121259445817 -0.00049548506194103828 0.0085374266445092193 -0.28113335896459307 0
1022 1 1 90374400 -121857781.93799759 -76681350.636273548 -11606132.294171099 16.181249445795594 -26.243789197210315 -2.3743430024843946 1621.1045907924015 -0.0015786257301348397 0.0050979502748864005 -0.27036554889784387 0
1023 1 1 90460800 -120439780.08080782 -78936080.888569966 -11809971.59890472 16.641892035218259 -25.947684534521279 -2.3439428610307687 1620.5207691762687 -0.0027208396116142597 0.0016967468414868772 -0.25971313623098519 0
1024 1 1 90547200 -118982233.92266685 -81164877.951483592 -12011128.4744708 17.096599719360988 -25.643504553550439 -2.3122529531665994 1619.9602959862443 -0.0039204359962312779 -0.0016653199214870921 -0.24918282406844347 0
1025 1 1 90633600 -117485663.20747994 -83367049.521692172 -12209492.331214311 17.545211744088274 -25.331374898446935 -2.2792930021132798 1619.4227806803121 -0.0051752530597927058 -0.0049875881347633509 -0.23878037610805 0
1026 1 1 90720000 -115950601.42569938 -85541914.292319626 -12404954.317940854 17.987570674289131 -25.011424459426131 -2.2450835162421581 1618.907807783236 -0.0064826438375249458 -0.0082695470449321434 -0.22851059975780652 0
1027 1 1 90806400 -114377595.5229557 -87688802.229949042 -12597407.386999875 18.423522500181807 -24.683785292076685 -2.2096457251217316 1618.4149371993053 -0.0078394660580909138 -0.011510782354184191 -0.21837733394503794 0
1028 1 1 90892800 -112767205.59958465 -89807054.844429135 -12786746.353791509 18.852916741706089 -24.348592531206997 -2.1730015144241919 1617.9437043085591 -0.00924207500420152 -0.014710917358665001 -0.20838344040274728 0
1029 1 1 90979200 -111120004.60122815 -91896025.450994059 -12972867.950608501 19.275606550706918 -24.005984299038886 -2.1351733599318208 1617.4936198150986 -0.010686320302644381 -0.017869550157518382 -0.19853079905662263 0
1030 1 1 91065600 -109436578.0007122 -93955079.424201027 -13155670.874746436 19.691448810609089 -23.656101607587114 -2.0961842608884029 1617.0641693141242 -0.012167545689113922 -0.020986187469133336 -0.18882030697451357 0
1031 1 1 91152000 -107717523.47143151 -95983594.443177342 -13335055.830835981 20.100304233329361 -23.299088255081042 -2.0560576729433437 1616.6548125429144 -0.013680591109801002 -0.02406017499689838 -0.17925188141618262 0
1032 1 1 91238400 -105963450.55248857 -97980960.727656767 -13510925.567372089 20.502037453173219 -22.935090716326449 -2.0148174409067074 1616.2649822814883 -0.015219797488307117 -0.027090625671301594 -0.16982446542952589 0
1033 1 1 91324800 -104174980.30585818 -99946581.264279678 -13683184.907431951 20.896517117519224 -22.56425802696414 -1.9724877315097677 1615.8940828703733 -0.016779011859182177 -0.030076346300329126 -0.16053603662779181 0
1034 1 1 91411200 -102352744.96586069 -101879872.02262978 -13851740.773589827 21.28361597415002 -22.186741661639768 -1.9290929663299927 1615.5414883174694 -0.01835159309054497 -0.03301576408710586 -0.15138361718859616 0
1035 1 1 91497600 -100497387.58123808 -103780262.16048528 -14016502.207047651 21.663210955138652 -21.802695406203316 -1.8846577549917112 1615.2065399743958 -0.019930416037122475 -0.035906855107027472 -0.14236328522602867 0
1036 1 1 91584000 -98609561.650131598 -105647194.21777885 -14177380.381007863 22.035183257295024 -21.412275224184764 -1.8392068286737711 1614.8885437778526 -0.021507872911773585 -0.038747077216328432 -0.13347018443270675 0
1037 1 1 91670400 -96689930.748254836 -107480124.2987881 -14334288.608311802 22.399418419248825 -21.015639117974441 -1.792764973842319 1614.5867670749146 -0.023075870396884558 -0.041533311406562863 -0.12469853098390229 0
1038 1 1 91756800 -94739168.150545955 -109278522.24212581 -14487142.343355944 22.755806395339754 -20.612946985351918 -1.7453569660114778 1614.3004350844803 -0.02462582064478681 -0.044261815428272212 -0.1160416142637663 0
1039 1 1 91843200 -92757956.446565568 -111041871.7781655 -14635859.178272836 23.10424162656027 -20.204360472292759 -1.6970075031380309 1614.0287270950375 -0.026148625471865611 -0.046928196216579773 -0.10749178770016407 0
1040 1 1 91929600 -90746987.149883032 -112769670.67363305 -14780358.833320098 23.444623108813104 -19.790042823317396 -1.6477411380310967 1613.7707725603518 -0.027634653873751362 -0.049527406784082344 -0.099040445122238266 0
1041 1 1 92016000 -88706960.30167149 -114461430.86321957 -14920563.141356938 23.776854458726202 -19.370158731018687 -1.5975822089141645 1613.5256473281845 -0.029073713778135116 -0.052053775466138187 -0.090677978268860787 0
1042 1 1 92102400 -86638584.068718165 -116116678.56822982 -15056396.026202274 24.10084397714467 -18.944874186791466 -1.5465547670326136 1613.2923703160918 -0.030455021979254322 -0.054501073595446627 -0.082393711101611963 0
1043 1 1 92188800 -84542574.336052671 -117734954.40246876 -15187783.474565933 24.416504710140153 -18.514356335114794 -1.4946825000712445 1613.0699010166466 -0.031767178704137783 -0.056862627292029101 -0.074175810992152327 0
1044 1 1 92275200 -82419654.294429958 -119315813.46578446 -15314653.501141766 24.723754506996215 -18.07877333396091 -1.4419886502984891 1612.8571382484486 -0.032998154781665456 -0.059131475207010384 -0.066011182820173334 0
1045 1 1 92361600 -80270554.022969648 -120858825.42590649 -15436936.10637898 25.022516074108587 -17.638294223856164 -1.3884959269279262 1612.6529205439026 -0.034135302671491265 -0.06130056794328767 -0.057885361645767006 0
1046 1 1 92448000 -78096010.067371726 -122363574.58942409 -15554563.226448298 25.312717023172681 -17.193088807723775 -1.3342264133027244 1612.4560284591969 -0.03516540091175567 -0.063362997868195936 -0.049782429628718095 0
1047 1 1 92534400 -75896765.014289901 -123829659.96289869 -15667468.675038496 25.594289911549058 -16.743327542780655 -1.2792014711216706 1612.2651889071722 -0.036074740171342261 -0.065312237947707685 -0.041684990595816658 0
1048 1 1 92620800 -73673567.062641963 -125256695.3051594 -15775588.076889083 25.867172272406606 -16.28918144438806 -1.2234416457309734 1612.0790813823951 -0.036849253244571153 -0.067142359650457673 -0.033574234349119644 0
1049 1 1 92707200 -71427169.59284164 -126644309.17174861 -15878858.793379325 26.131306632314857 -15.830822000052075 -1.166966577943733 1611.8963457269715 -0.037474684240863157 -0.068848196601688838 -0.025430110616457585 0
1050 1 1 92793600 -69158330.735124812 -127992144.95225471 -15977219.840999106 26.386640514352877 -15.368421090044059 -1.1097949284522666 1611.7155909309186 -0.037936787318055047 -0.070425423756050029 -0.017231614109202764 0
1051 1 1 92880000 -66867812.938278966 -129299860.90090376 -16070611.804035749 26.633126425534709 -14.902150909902982 -1.0519443203314576 1611.5354044020305 -0.038221538305023811 -0.071870537915690411 -0.0089571583667385195 0
1052 1 1 92966400 -64556382.540151611 -130567130.16035627 -16158976.743221972 26.87072182822434 -14.4321838898463 -0.99343130352314102 1611.3543611640632 -0.038315344436122625 -0.073180744768588296 -0.0005850021729172422 0
1053 1 1 93052800 -62224809.341303907 -131793640.77825402 -16242258.102335354 27.099389096077964 -13.958692606988734 -0.93427134302395787 1611.1710325149179 -0.038205235908901909 -0.074353778513867735 0.0079063145251733885 0
1054 1 1 93139200 -59873866.183094814 -132979095.71577922 -16320400.61478865 27.31909545579456 -13.481849687973492 -0.8744788302162545 1610.9839937704867 -0.037879029157086817 -0.075387689381210946 0.016537565401240718 0
1055 1 1 93225600 -57504328.531349294 -134123212.84736164 -16393350.212117102 27.529812916439166 -13.001827701502672 -0.81406711492955386 1610.7918308254843 -0.037325454910741664 -0.076280632139567525 0.025328491134290618 0
1056 1 1 93312000 -55116974.066597134 -135225724.95069575 -16461053.936003545 27.73151818835629 -12.51879904175682 -0.75304855459110809 1610.5931453818764 -0.036534249566017044 -0.077030677894572422 0.034297528861441523 0
1057 1 1 93398400 -52712582.281693988 -136286379.68635839 -16523459.855136901 27.924192593709336 -12.032935804599433 -0.69143457624740601 1610.3865588193107 -0.035496211579101142 -0.077635660903223574 0.043461621597457784 0
1058 1 1 93484800 -50291934.087465681 -137304939.5664984 -16580516.987832969 28.107821970494335 -11.544409658790631 -0.62923574724817533 1610.1707147942784 -0.034203228847130951 -0.078093061825544444 0.052836103627931973 0
1059 1 1 93571200 -47855811.426870979 -138281181.91226164 -16632175.230997214 28.282396571580026 -11.053391714372632 -0.56646185078422362 1609.9442807387447 -0.03264828278661526 -0.078399924928026873 0.062434651177618879 0
1060 1 1 93657600 -45404996.898056246 -139214898.79979545 -16678385.29570722 28.447910960007167 -10.560052390202456 -0.50312196311294777 1609.7059484738022 -0.030825436086380786 -0.078552805500387138 0.072269285341271541 0
1061 1 1 93744000 -42940273.386585183 -140105896.99483243 -16719098.649450447 28.604363901424204 -10.064561282329532 -0.43922453005355083 1609.4544341645696 -0.028729810815672503 -0.078547741867994639 0.08235041269430772 0
1062 1 1 93830400 -40462423.707063615 -140953997.87599134 -16754267.464875957 28.751758254259101 -9.5670870346695409 -0.37477744104465477 1609.1884778267463 -0.026357561141023344 -0.078380249179124672 0.092686891779942229 0
1063 1 1 93916800 -37972230.25433591 -141759037.34704959 -16783844.574798044 28.890100858023786 -9.0677972132169149 -0.30978809967470566 1608.9068425643711 -0.023705844565460453 -0.078045330629269827 0.1032861142488587 0
1064 1 1 94003200 -35470474.664404362 -142520865.73853785 -16807783.433119297 29.019402419981358 -8.5668581848190613 -0.24426349011582876 1608.6083136834272 -0.02077279429048904 -0.077537503209740316 0.11415409257820718 0
1065 1 1 94089600 -32957937.485205185 -143239347.69908899 -16826038.081308946 29.139677400327852 -8.0644350013765038 -0.17821023927762045 1608.2916977910622 -0.017557493475514791 -0.076850835542731477 0.12529554804241 0
1066 1 1 94176000 -30435397.857365321 -143914362.07704267 -16838563.120068491 29.25094389599434 -7.5606912901600065 -0.11163467476418579 1607.955821960107 -0.014059952611160479 -0.075978994610789941 0.13671399529302208 0
1067 1 1 94262400 -27903633.20505498 -144545801.79285648 -16845313.685832169 29.353223523162082 -7.0557891507811954 -0.044542878881581427 1607.5995330133255 -0.010281089474989923 -0.07491529960064322 0.1484118209671505 0
1068 1 1 94348800 -25363418.937042575 -145133573.70291939 -16846245.431775883 29.44654129860141 -6.5498890592419095 0.023059260937651704 1607.2216969624426 -0.00622271172871327 -0.073652781029361153 0.16039035458982559 0
1069 1 1 94435200 -22815528.158048205 -145677598.4553906 -16841314.513042234 29.530925519962128 -6.0431497793469449 0.091166004897208774 1606.8211986219635 -0.0018875014928950782 -0.072184242621190151 0.17264993228752645 0
1070 1 1 94521600 -20260731.390479676 -146177810.33871061 -16830477.575923748 29.606407645179232 -5.5357282816738245 0.15977171638525497 1606.3969414063602 0.002720998706992466 -0.070502325665499355 0.18518995257622434 0
1071 1 1 94608000 -17699796.306619193 -146634157.12344205 -16813691.750780471 29.673022171185831 -5.0277796702219844 0.22887081991737393 1605.9478473111551 0.0075983990968595582 -0.068599573993734578 0.19800892541148052 0
1072 1 1 94694400 -15133487.471311595 -147046599.89810595 -16790914.648500901 29.73080651214871 -4.5194571167647837 0.2984577611170372 1605.4728570731352 0.012739475457234839 -0.066468498594149786 0.21110451458207652 0
1073 1 1 94780800 -12562566.095184417 -147415112.89967838 -16762104.36034365 29.779800877485563 -4.0109118028976987 0.36852696843264998 1604.9709304999424 0.018138182613249888 -0.064101642064433029 0.22447357534416656 0
1074 1 1 94867200 -9987789.7984072883 -147739683.33941045 -16727219.461021582 29.820048149923522 -3.5022928697113196 0.43907281631458478 1604.4410469576853 0.023787667901090367 -0.061491640999666933 0.23811218644383336 0
1075 1 1 94953600 -7409912.3849753905 -148020311.22462615 -16686219.01491336 29.851593763881983 -2.993747374979892 0.51008958961671913 1603.882206003736 0.029680286341971358 -0.058631287338523963 0.25201567893391197 0
1076 1 1 95040000 -4829683.6274751769 -148257009.17714003 -16639062.585303847 29.874485584493268 -2.4854202577421018 0.58157144905114488 1603.2934281498485 0.035807617012128798 -0.055513587492394136 0.26617866156498954 0
1077 1 1 95126400 -2247849.0622644671 -148449802.24892995 -16585710.246570056 29.888773787560545 -1.9774543101043691 0.65351239752467782 1602.6737557422007 0.042160481015472533 -0.052131819339692957 0.28059504328265156 0
1078 1 1 95212800 334850.20502768556 -148598727.73567742 -16526122.599241629 29.894510740770027 -1.4699901560786863 0.72590624725099728 1602.0222539436584 0.048728961436126185 -0.048479586752967832 0.29525805441375519 0
1079 1 1 95299200 2917677.6838032282 -148703834.98877707 -16460260.787872946 29.8917508864652 -0.96316623726313155 0.79874658753007122 1601.3380118050829 0.05550242494269244 -0.044550872170890959 0.31016026515989548 0
1080 1 1 95385600 5499901.6727478914 -148765185.2263971 -16388086.521672925 29.880550626304146 -0.45711880514086561 0.87202675313801425 1600.6201434120153 0.062469546075589355 -0.040340086037856347 0.32529360444868505 0
1081 1 1 95472000 8080795.4242075346 -148782851.34415701 -16309562.097840665 29.860968208022122 0.048018080084078596 0.94573979328098379 1599.867789094106 0.069618333299762983 -0.035842114302976159 0.34064937636484927 0
1082 1 1 95558400 10659637.299018107 -148756917.72576129 -16224650.427569807 29.83306361829132 0.55211255028991391 1.0198784408355752 1599.0801166874967 0.07693619900325141 -0.031052295730311121 0.35621827452934707 0
1083 1 1 95644800 13235710.910717774 -148687480.0561884 -16133315.064596988 29.796898432641992 1.0550348511220644 1.0944350849140536 1598.2563228806837 0.084408929641849095 -0.02596816176908575 0.37199046287595661 0
1084 1 1 95731200 15808306.841670144 -148574642.40241909 -16035520.767117426 29.752575043343437 1.5567253195139621 1.1693885686691265 1597.3959506920196 0.092027784827823131 -0.020578149551182302 0.38795514737924786 0
1085 1 1 95817600 18376706.929343805 -148418545.08124077 -15931226.604724262 29.699619334334376 2.0561106814608814 1.2449512445194388 1596.4919232400041 0.08239042664897904 -0.044942536280666537 0.40994297812026775 0
1086 1 1 95904000 20940150.23076617 -148219417.39220378 -15820389.350032672 29.637969665722128 2.5530605292504642 1.3206417467628797 1595.5633149323485 0.085886419983003059 -0.039182284534630268 0.4101248975244412 0
1087 1 1 95990400 23497911.451386973 -147977414.58299488 -15703034.521129379 29.568095501129047 3.0485742311247641 1.3958228691429224 1594.6352684949507 0.089168165214216222 -0.033582944991026487 0.41024049726322886 0
1088 1 1 96076800 26049285.086673979 -147692751.02375242 -15579220.490533665 29.490159991354091 3.5397455491035879 1.4700010965768342 1593.7105112799813 0.096685786998511505 -0.11334400726776858 0.39392741208607851 0
1089 1 1 96163200 28593580.380589355 -147365878.43721411 -15449047.514498329 29.404209577909732 4.0264147846620002 1.5431808708720811 1592.781957813585 0.099273380296041713 -0.10849527860148259 0.39485455787078338 0
1090 1 1 96249600 31130098.958438322 -146997040.92521772 -15312572.093935145 29.310154424967479 4.5111194347600367 1.6158846789398398 1591.8536720647846 0.10172088043202117 -0.10378908827948208 0.39571464989432464 0
1091 1 1 96336000 33658143.769179255 -146586423.13758743 -15169838.107659958 29.208068236402326 4.9935276943119611 1.6880515109126615 1590.9249226988363 0.1040334743470518 -0.099201633886052965 0.39651919686197012 0
1092 1 1 96422400 36177023.731526837 -146134229.43745843 -15020892.865219893 29.098016214632658 5.473502077897737 1.7596602960338115 1589.9956865214331 0.10621698349420355 -0.094730403894112372 0.39727360466910056 0
1093 1 1 96508800 38686053.49583865 -145640675.9716534 -14865785.469429014 28.98006581997852 5.950907334422153 1.8306905981665078 1589.0659412829782 0.1082767870865686 -0.090369825982853161 0.397983552765871 0
1094 1 1 96595200 41184553.635609671 -145105990.47017345 -14704566.760852622 28.854286689592787 6.4256105822950191 1.9011226221441802 1588.1356656612693 0.11021800106327952 -0.08611487374827001 0.39865408852545053 0
1095 1 1 96681600 43671850.832419328 -144530412.04251316 -14537289.263854872 28.720750565177816 6.8974812872769586 1.9709371818135493 1587.2048391841465 0.11204548615548048 -0.081960894420893854 0.39928973530176032 0
1096 1 1 96768000 46147278.054722622 -143914190.97524408 -14364007.135109564 28.579531223162743 7.3663912534754363 2.0401156742862669 1586.2734421567857 0.11376389142607701 -0.077903573259214695 0.39989454339838837 0
1097 1 1 96854400 48610175.886435732 -143257587.68271011 -14184778.65389863 28.430733068648269 7.8322356394671315 2.1085770610492736 1585.3436997038618 0.11537747645101407 -0.073938958952684888 0.4004721845952986 0
1098 1 1 96940800 51059880.793187521 -142560881.21162918 -13999640.019973105 28.274032022223963 8.2945968137821104 2.177186751022429 1584.3839160331847 0.10426018300171161 -0.079324370568662164 0.4287704127238664 0
1099 1 1 97027200 53495703.002847582 -141824385.58481237 -13808556.421522088 28.109508627209703 8.7533473677644249 2.2459225595780388 1583.3940606449312 0.10571740861878783 -0.075731646458382623 0.42908663134235564 0
1100 1 1 97113600 55916992.882664964 -141048401.64675933 -13611567.785979412 27.937647335935942 9.2086571079159487 2.3138787963895906 1582.4064831926087 0.10708594500603283 -0.072221137456412315 0.42937648098355441 0
1101 1 1 97200000 58323118.701409236 -140233232.68336892 -13408739.273994068 27.758502728003673 9.6603889110024728 2.3811021158674777 1581.4188544079166 0.10836931768753512 -0.068789860811686671 0.4296424480517082 0
1102 1 1 97286400 60713454.84120106 -139379192.77919012 -13200134.920326022 27.5721598093191 10.108428559825168 2.447576146726266 1580.4311731631922 0.10957105615593769 -0.065435004357443011 0.42988674837254909 0
1103 1 1 97372800 63087383.097235993 -138486605.78765109 -12985820.153608028 27.378705162566714 10.552664138524301 2.5132849927696435 1579.4434383659127 0.11069450477845959 -0.062153962155718258 0.43011139092664696 0
1104 1 1 97459200 65444292.811363511 -137555805.1326336 -12765861.755779792 27.17822688631033 10.992986023169841 2.5782132218431464 1578.4556489574668 0.11174286294700204 -0.058944311363768001 0.43031819361930179 0
1105 1 1 97545600 67783581.000537008 -136587133.61084306 -12540327.822448697 26.970814536835043 11.429286872644168 2.6423458554769446 1577.4678039117161 0.11271919306132271 -0.055803798511524783 0.43050880283242238 0
1106 1 1 97632000 70104652.480293632 -135580943.1949721 -12309287.724107489 26.756559071263663 11.861461619422055 2.7056683593873108 1576.4799022337675 0.11362642901179773 -0.052730326606285467 0.43068471065253355 0
1107 1 1 97718400 72406919.983381584 -134537594.83765113 -12072812.068139616 26.535552792102401 12.289407460547762 2.7681666347263478 1575.4919429590182 0.11446738431493368 -0.049721943307935883 0.4308472701760287 0
1108 1 1 97804800 74689804.273535922 -133457458.27659146 -11830972.661563866 26.307889289903759 12.713023837352909 2.8298270096535516 1574.5039251496032 0.11524472235951745 -0.046776959042083587 0.4309977052468788 0
1109 1 1 97891200 76952734.255636021 -132340911.83697937 -11583842.474352863 26.073663426844476 13.132212554553284 2.890636235497261 1573.515847902248 0.11596187395497473 -0.043890738985739884 0.43113721640901603 0
1110 1 1 97977600 79195150.508652687 -131188331.62379567 -11331493.983776206 25.833056185228102 13.547140599620658 2.9506216450931526 1572.5261992902622 0.11661705621296915 -0.041076803490831523 0.43126640508366348 0
1111 1 1 98064000 81416469.98227936 -130000200.63925253 -11074015.865372557 25.584970661781686 13.954024588193143 3.0092066016923882 1571.5438547165327 0.080052278908129368 -0.15338109758149945 0.41383522541136902 0
1112 1 1 98150400 83616020.836847618 -128777313.54674447 -10811543.699007452 25.329537360684167 14.352772364015816 3.0663974113314603 1570.5543815395079 0.081677739924285994 -0.15055894622179039 0.41457942693595135 0
1113 1 1 98236800 85793241.59386757 -127520169.10726112 -10544165.664239645 25.068081359896404 14.746986413414358 3.1227635040862167 1569.566339394803 0.083239233419274319 -0.14777809783663354 0.41529535666983974 0
1114 1 1 98323200 87947612.25312236 -126229174.99201845 -10271955.476152673 24.800616958679523 15.136315202502963 3.1782507671177935 1568.5782426597591 0.084733758530149139 -0.14505199580647607 0.41598067107719927 0
1115 1 1 98409600 90078618.120889336 -124904757.00222453 -9994989.5887209568 24.527246912588037 15.520673172911124 3.2328471765599747 1567.5900903417275 0.086164582517840205 -0.14237697261600846 0.41663787156723037 0
1116 1 1 98496000 92185753.422011554 -123547348.22123079 -9713345.4733394496 24.248074893483086 15.899977282142196 3.2865411946779837 1566.6018814702786 0.087533827447142443 -0.13975232257071302 0.41726850177464603 0
1117 1 1 98582400 94268521.374110758 -122157388.80448709 -9427101.5791275874 23.963205386817208 16.274146865697066 3.3393217257118315 1565.6136151143312 0.088843597097481922 -0.13717726265839786 0.41787402902757809 0
1118 1 1 98668800 96326434.255642951 -120735325.77425542 -9136337.2949638516 23.672743639443318 16.643103631335332 3.3911781103457908 1564.6252903777427 0.090095934639743025 -0.13465105151444301 0.41845581812428784 0
1119 1 1 98755200 98359013.469307601 -119281612.81538023 -8841132.9121365901 23.376795604849963 17.006771641987168 3.4421001174353201 1563.6369063986419 0.091292825452080242 -0.13217298683915982 0.41901513898794407 0
1120 1 1 98841600 100365789.60078786 -117796710.07255362 -8541569.5876943469 23.075467889840876 17.365077298236994 3.4920779360795096 1562.6484623486863 0.092436199656050863 -0.12974240280148314 0.41955317375989493 0
1121 1 1 98928000 102346302.47294152 -116281083.94912283 -8237729.3084704475 22.768867702540373 17.71794932013912 3.5411021679364914 1561.6599574323668 0.093527934548761862 -0.12735866773227805 0.42007102325592666 0
1122 1 1 99014400 104300101.19555628 -114735206.90749659 -7929694.8557618987 22.457102801717703 18.06531872839885 3.5891638197578901 1560.6713908863815 0.094569857045624706 -0.12502118192983977 0.42056971286875128 0
1123 1 1 99100800 106226744.21078335 -113159557.27120328 -7617549.7706445288 22.140281447418982 18.407118824962058 3.6362542961246263 1559.6827619790531 0.095563745919280782 -0.12272937547222537 0.42105019804131788 0
1124 1 1 99187200 108125799.33436182 -111554619.02865058 -7301378.319907709 21.818512352893276 18.743285173043983 3.6823653923652264 1558.6940700097998 0.096511334018185346 -0.12048270643988578 0.42151336918991056 0
1125 1 1 99273600 109996843.79274462 -109920881.63863379 -6981265.4625935992 21.491904637796207 19.073755576632742 3.7274892876420767 1557.7053143086416 0.097414310224185188 -0.11828065898115946 0.42196005634362316 0
1126 1 1 99360000 111839464.25623609 -108258839.83763561 -6657296.8171269633 21.160567782660774 19.398470059504703 3.771618538191813 1556.7164942357567 0.098274321606290987 -0.11612274169627236 0.42239103328514166 0
1127 1 1 99446400 113653256.86825022 -106568993.44896033 -6329558.6290228954 20.824611584622271 19.717370843782405 3.8147460707064087 1555.7276091810681 0.09909297525344693 -0.11400848600725486 0.42280702144254656 0
1128 1 1 99532800 115437827.27079678 -104851847.19373786 -5998137.7391605945 20.484146114372855 20.030402328069329 3.8568651758466359 1554.7386585638608 0.099871840003463455 -0.11193744472069743 0.42320869345021705 0
1129 1 1 99619200 117192790.62630069 -103107910.50383471 -5663121.5526123066 20.139281674337983 20.33751106519178 3.8979695018758629 1553.7496418324383 0.10061244836529214 -0.1099091906360733 0.42359667637740583 0
1130 1 1 99705600 118917771.63586098 -101337697.33670378 -5324598.0080174096 19.790128758056809 20.638645739581136 3.9380530484066343 1552.760558463802 0.10131629805530244 -0.10792331523528667 0.42397155477158133 0
1131 1 1 99792000 120612404.55405042 -99541725.992202878 -4982655.547492139 19.436798010743626 20.933757144325465 3.9771101602533849 1551.771407963354 0.10198485362238682 -0.10597942750736641 0.42433387341314693 0
1132 1 1 99878400 122276333.20035894 -97720518.931409001 -4637383.0870661903 19.079400191019928 21.222798157915435 4.0151355213819357 1550.7821898646296 0.10261954804110827 -0.10407715291450777 0.4246841398290091 0
1133 1 1 99964800 123909210.96738006 -95874602.597454265 -4288869.9876380386 18.718046133794306 21.505723720722102 4.0521241489532116 1549.7929037290467 0.1032217840844618 -0.10221613211079487 0.42502282672294195 0
1134 1 1 100051200 125510700.82583939 -94004507.238404036 -3937206.0264409855 18.352846714273323 21.782490811229575 4.0880713874543897 1548.8035491456797 0.10379293583657154 -0.10039602018175245 0.42535037406059495 0
1135 1 1 100137600 127080475.32656191 -92110766.732199281 -3582481.3690128168 17.983912813087194 22.053058422042966 4.1229729029108046 1547.814125731049 0.10433435001389826 -0.098616485676774404 0.4256671910868613 0
1136 1 1 100224000 128618216.599473 -90193918.413679913 -3224786.5416620406 17.611355282504782 22.317387535706096 4.1568246771781725 1546.8246331289297 0.10484734718842219 -0.096877209720018093 0.42597365819237765 0
1137 1 1 100310400 130123616.34972782 -88254502.903704479 -2864212.4044239982 17.235284913725227 22.575441100353181 4.1896230023096539 1545.8350710101722 0.10533322318819258 -0.095177885171164184 0.4262701285805941 0
1138 1 1 100396800 131596375.8510593 -86293063.940380618 -2500850.1245005927 16.855812405223482 22.827184005211592 4.2213644749939219 1544.8454390725421 0.10579325012969834 -0.093518216040256563 0.4265569298367527 0
1139 1 1 100483200 133036205.93643716 -84310148.212417543 -2134791.1501775635 16.4730483321324 23.072583055985099 4.2520459910621247 1543.855737040572 0.10622867778838362 -0.091897916574248492 0.42683436536408231 0
1140 1 1 100569600 134442826.98612496 -82306305.194609269 -1766127.185213459 16.087103116639856 23.311606950139343 4.2816647400616823 1542.865964665423 0.10664073448803676 -0.090316710763850061 0.42710271573164577 0
1141 1 1 100656000 135815968.91322258 -80282086.985456899 -1394950.1636946579 15.69808699938012 23.544226252107027 4.3102181998939271 1541.8761217247625 0.10703062836117991 -0.088774331631859743 0.42736223987151623 0
1142 1 1 100742400 137155371.14677933 -78238048.146936119 -1021352.2253510256 15.306110011804202 23.770413368436152 4.3377041315132239 1540.8862080226529 0.10739954828747346 -0.087270520739251289 0.42761317621459982 0
1143 1 1 100828800 138460782.61256152 -76174745.546413466 -645425.69132693147 14.911281949503609 23.990142522900722 4.3641205736870488 1539.8962233894447 0.10774866492115397 -0.085805027546559914 0.42785574373903346 0
1144 1 1 100915200 139731961.71155554 -74092738.200713828 -267263.04040245817 14.513712346472317 24.203389731591969 4.3894658378141269 1538.906167681683 0.10807913169564502 -0.084377609003075019 0.42809014289401837 0
1145 1 1 101001600 140968676.29628718 -71992587.122340634 113043.11434012061 14.113510450287475 24.410132778009388 4.4137385027993012 1537.9160407820236 0.10839208579084071 -0.082988028937825239 0.42831655649433731 0
1146 1 1 101088000 142170703.64503491 -69874855.167847022 495400.04840951564 13.710785198183149 24.610351188167897 4.4369374099852523 1536.9258425991541 0.10868864890286004 -0.081636057725466921 0.42853515053341162 0
1147 1 1 101174400 143337830.43401486 -67740106.888357028 879714.94836305245 13.305645194001617 24.804026205734509 4.4590616581380225 1535.9355730677264 0.10896992828253191 -0.080321471817520695 0.42874607488653604 0
1148 1 1 101260800 144469852.70761058 -65588908.382232688 1265894.9338333223 12.898198686007062 24.991140767216578 4.4801105984855125 1534.945232148295 0.10923701757372679 -0.079044053258833735 0.42894946400236367 0
1149 1 1 101347200 145566575.84672308 -63421827.149882473 1653847.0791284807 12.488553545532783 25.171679477211672 4.5000838298093617 1533.9548198272578 0.10949099753426964 -0.077803589407247201 0.42914543752370915 0
1150 1 1 101433600 146627814.53531125 -61239431.950704642 2043478.4344106845 12.076817246449508 25.345628583732559 4.5189811935872672 1532.9643361168112 0.10973293701983011 -0.076599872498819693 0.42933410081217566 0
1151 1 1 101520000 147653392.72519276 -59042292.662158988 2434696.0464569898 11.663096845434247 25.512975953623798 4.5368027691858384 1531.973781054905 0.10996389362119986 -0.075432699314840659 0.42951554548885518 0
1152 1 1 101606400 148643143.5991742 -56830980.140958108 2827406.9790071025 11.247498963017883 25.673711048081149 4.5535488691035333 1530.9831547052095 0.11018491452888439 -0.074301870810204437 0.42968984987217329 0
1153 1 1 101692800 149596909.53257728 -54606066.086368911 3221518.3327021962 10.830129765397615 25.827824898286973 4.5692200342617486 1529.9924571570787 0.11039703726374167 -0.07320719178311931 0.42985707939342033 0
1154 1 1 101779200 150514542.05322528 -52368122.905613862 3616937.2646189476 10.411094946990682 25.975310081166722 4.5838170293434297 1529.0016885255252 0.11060129036892417 -0.072148470697592434 0.43001728694970631 0
1155 1 1 101865600 151395901.79995346 -50117723.581361361 4013571.0074028578 9.9904997137144758 26.116160695286027 4.5973408381789795 1528.0108489512038 0.11079869420186943 -0.071125519117186356 0.43017051325449823 0
1156 1 1 101952000 152240858.47970653 -47855441.541291639 4411326.8880049372 9.5684487669748997 26.250372336895211 4.6097926591781304 1527.0199386003915 0.11099026159131155 -0.070138151643275776 0.43031678709487869 0
1157 1 1 102038400 153049290.82328129 -45581850.529726632 4810112.3460256075 9.1450462883422414 26.377942076123887 4.62117390080651 1526.0289576649764 0.11117699852025144 -0.069186185541167872 0.43045612559446772 0
1158 1 1 102124800 153821086.53977603 -43297524.481308959 5209834.951669761 8.7203959249004193 26.498868433345578 4.6314861771069982 1525.0379063624546 0.11135990484833659 -0.068269440383796745 0.43058853442483025 0
1159 1 1 102211200 154556142.26940861 -41003037.394492939 5610402.4265594715 8.2946007655275711 26.613151410842526 4.6407313837017812 1524.0467823611145 0.11153997491012321 -0.067387737850868989 0.43071400798726461 0
1160 1 1 102297600 155254363.54031259 -38698963.232395872 6011722.630456022 7.8677635013344398 26.720791580946667 4.6489104778079753 1523.0556191520641 0.11172231692846178 -0.066564248581378882 0.43079847343152544 0
1161 1 1 102384000 155915664.72017965 -36385875.843989275 6413703.4883048413 7.4399858577640856 26.821791732972638 4.6560247220480759 1522.0644546733527 0.11189200460319636 -0.065749564545415806 0.43087953544809543 0
1162 1 1 102470400 156539968.81479797 -34064358.867897943 6816252.8815026116 7.0113661671050131 26.915904976066606 4.6620710695755045 1521.0720499576826 0.11206218898389318 -0.064961260012512567 0.43095487060448096 0
1163 1 1 102556800 157127208.58925447 -31734901.025978822 7219281.051071587 6.5820435566006088 27.006668854411906 4.6671318084923277 1520.0854239230855 0.11337012128105579 0.042336618170297956 0.43342222642894201 0
1164 1 1 102643200 157677328.32013988 -29397699.879514787 7622704.9468862899 6.1521083661533984 27.094088151575676 4.671207212096939 1519.0930209997557 0.11326668294421524 0.042848882093585054 0.43339892920742745 0
1165 1 1 102729600 158190277.14282703 -27053244.160119269 8026434.8977069827 5.7216265306108376 27.174610423838967 4.6742169715880584 1518.1018568607276 0.11356904760501992 0.042682964848587295 0.43333616966256466 0
1166 1 1 102816000 158666012.6296128 -24702118.354420763 8430379.2099565025 5.2907014332967019 27.248495980407011 4.6761701875695865 1517.1106927365959 0.11352606494833416 0.043112355674721485 0.43330492423410438 0
1167 1 1 102902400 159104500.07558089 -22344894.313924849 8834446.8110160623 4.8594199033931007 27.315774753722938 4.6770714629721422 1516.1195285771169 0.11350800019618354 0.043504748252622197 0.43327043606844351 0
1168 1 1 102988800 159505712.99094874 -19982142.505220693 9238546.9645156562 4.4278814846686805 27.37645536361671 4.6769243325559628 1515.1283644176194 0.11351624513687435 0.043860253997497572 0.43323243208386431 0
1169 1 1 103075200 159869633.42699298 -17614432.529766914 9642589.250245614 3.9961844002168152 27.430549114132219 4.6757325742280429 1514.1372002580922 0.11355221190798656 0.04417891438507985 0.43319062627734628 0
1170 1 1 103161600 160196251.90196532 -15242332.961663198 10046483.581281135 3.564426420558128 27.478068480990359 4.6735001245219721 1513.1460360985318 0.11361733283515492 0.044460769650489083 0.43314471212461059 0
1171 1 1 103248000 160485567.36168563 -12866411.246848984 10450140.217560319 3.1327048566023845 27.519027101613627 4.670231075644506 1512.1548719389386 0.11371306131519383 0.044705859189590698 0.43309436135840818 0
1172 1 1 103334400 160737587.13952839 -10487233.603164967 10853469.779205335 2.7011165526267966 27.553439765138862 4.6659296724768682 1511.1637077793084 0.1138408727071159 0.044914222145555113 0.4330392226465658 0
1173 1 1 103420800 160952326.91580242 -8105364.9212713102 11256383.259581467 2.2697578792594428 27.581322402571242 4.6606003095086983 1510.172543619638 0.11400226515016651 0.045085897928151819 0.43297892021280138 0
1174 1 1 103507200 161129810.67652497 -5721368.6664110459 11658792.038088255 1.8387247264630642 27.60269207706077 4.6542475276977635 1509.1813794599252 0.11419876048376303 0.045220926648339758 0.43291305235236049 0
1175 1 1 103593600 161270070.67158815 -3335806.7810086096 12060607.892675679 1.4081124965146825 27.617566974297372 4.6468760112468583 1508.1902153001661 0.11443190507976281 0.045319349909299762 0.43284118984174164 0
1176 1 1 103680000 161373147.37231994 -949239.58809335472 12461743.012078129 0.9780160969706444 27.625966393013012 4.6384905842914899 1507.1990511403585 0.11470327059800192 0.045381211309202585 0.43276287430211829 0
1177 1 1 103766400 161439089.42843539 1437774.3044604093 12862110.007757977 0.5485299336161501 27.627910735580095 4.6290962074891944 1506.2078869804982 0.11501445489667511 0.045406557321599303 0.43267761638085817 0
1178 1 1 103852800 161467953.62437832 3824678.0988850268 13261621.92554996 0.11974790339281849 27.623421498696597 4.6186979745025845 1505.2167228205819 0.11536708269941218 0.0453954379159969 0.43258489391776256 0
1179 1 1 103939200 161459804.83505073 6210916.9016694808 13660192.256996777 -0.30823661270178682 27.612521264145766 4.607301108368163 1504.2255586606047 0.11576280640793032 0.045347907503260503 0.43248414992648665 0
1180 1 1 104025600 161414715.98092875 8595937.8169119731 14057734.950365642 -0.7353307567155184 27.595233689571643 4.5949109577387022 1503.2343945005675 0.11620330677906336 0.04526402586107324 0.43237479049599892 0
1181 1 1 104112000 161332767.98252377 10979190.038954109 14454164.421337111 -1.161442201953881 27.571583501396763 4.5815329930666051 1502.2432303403948 0.11669028163881445 0.045143882271816413 0.43225618337333538 0
1182 1 1 104198400 161214049.71456555 13360124.943565756 14849395.563328275 -1.5864791478476208 27.541596461790778 4.5671728017210702 1501.2520661805872 0.1172257397523626 0.044987027591355491 0.4321276354134343 0
1183 1 1 104284800 161058664.35289574 15738184.994858142 15243345.169463996 -2.0101917801896603 27.505022044877339 4.5518711142997796 1500.2589992823491 0.11781007445025202 0.044796226536739148 0.43198852351202022 0
1184 1 1 104371200 160866663.6342425 18112918.93169922 15635917.391979072 -2.4347083264942717 27.465774005352227 4.5351426389848051 1499.2748919001758 0.052337686113613162 0.16021693770686107 0.41724249482058839 0
1185 1 1 104457600 160637923.25071201 20484198.078954663 16026976.684407441 -2.8599772799912477 27.42389142797677 4.5170000202534277 1498.2818178025007 0.05188256751909387 0.16018076020378436 0.41731321959430473 0
1186 1 1 104544000 160372505.1877245 22851577.385065451 16416429.206048401 -3.2837243881165339 27.375523089636378 4.4979477101705934 1497.2906536426476 0.051481848318703914 0.16010491959244891 0.41739194292174042 0
1187 1 1 104630400 160070537.54439193 25214510.494702753 16804195.035886385 -3.706017761096732 27.320975127727497 4.4779574581964745 1496.2994894828676 0.051136306219409539 0.15999207804347762 0.41747767982200507 0
1188 1 1 104716800 159732149.70781827 27572464.775909204 17190193.45646498 -4.1267698537173647 27.260277502303559 4.4570367121375671 1495.3083253229825 0.05084858143963477 0.15984203908387157 0.41757028666691182 0
1189 1 1 104803200 159357478.61420792 29924910.226059549 17574344.399851762 -4.5458934675657163 27.193461123141208 4.4351930574597658 1494.3171611630046 0.050621069551917815 0.15965510594374496 0.41766943204346596 0
1190 1 1 104889600 158946668.71796542 32271319.555186298 17956568.459069457 -4.9633017693271926 27.120557873627376 4.4124342082217858 1493.3259970029269 0.050456237088670024 0.15943158348545974 0.41777474591718772 0
1191 1 1 104976000 158499871.95998031 34611168.270124286 18336786.899113491 -5.3789082949720068 27.04160061161717 4.388768004790812 1492.3348328427417 0.050356611297718297 0.15917180081812712 0.41788580919065077 0
1192 1 1 105062400 158017247.73547333 36943934.758825973 18714921.667730484 -5.7926269555542191 26.956623172259441 4.3642024106739417 1491.3436686824389 0.050324780859302899 0.1588761152131497 0.4180021488536167 0
1193 1 1 105148800 157498962.86136156 39269100.374883175 19090895.405919883 -6.2043720422956801 26.865660369657242 4.33874550935065 1490.3525045220308 0.050363421199237382 0.15854489022998813 0.41812323971177351 0
1194 1 1 105235200 156945194.95991135 41586145.937039331 19464632.716866128 -6.6139734854216847 26.768659079160486 4.3124367213975709 1489.3610521750168 0.050475143734172799 0.15817866538391021 0.41824845448893128 0
1195 1 1 105321600 156356097.33008698 43894588.724861547 19836047.207400601 -7.0225318898041609 26.666902152549568 4.2848466346701954 1488.3709570832943 0.015590595056180906 0.19458043479779191 0.40545701096379683 0
1196 1 1 105408000 155731732.25486255 46194051.714465939 20205017.312231816 -7.4299866295249313 26.560424976425697 4.2559877488089946 1487.3795037789046 0.015143576848195133 0.1940406715743121 0.40573253487393979 0
1197 1 1 105494400 155072264.33582938 48484058.309594616 20571458.694012161 -7.8350893907195189 26.448016509033579 4.2263107988170594 1486.3883396187457 0.014773832249937516 0.19346930624956615 0.40601891756414787 0
1198 1 1 105580800 154377896.54182714 50764101.842555605 20935299.613278195 -8.2378403001987994 26.329805134789726 4.1957934017693868 1485.3971754584632 0.014484074883502911 0.19286719986583228 0.40631570827459057 0
1199 1 1 105667200 153648835.64598307 53033682.66655644 21296467.857443463 -8.6381567071139163 26.205830935149176 4.1644448837546246 1484.4060112980449 0.014277288506750179 0.19223518483433907 0.40662242036636703 0
1200 1 1 105753600 152885296.68572748 55292303.91261781 21654892.350850273 -9.0359280746381483 26.076116926414464 4.1322827755109728 1483.4148271260117 0.014156512706188425 0.19157417600485072 0.40693848212728917 0
1201 1 1 105840000 152087491.31771085 57539479.505758658 22010500.670101535 -9.4314655724528702 25.940969023352391 4.0992246893710824 1482.4228314024042 0.0024790573134763193 0.19833112317190085 0.40392897872795519 0
1202 1 1 105926400 151255604.68053675 59774744.661581151 22363205.494674768 -9.8247255482292566 25.80029978536809 4.0650206254309644 1481.4408337521745 0.0014127323747497086 0.19318239463494005 0.39545606922218024 0
1203 1 1 106012800 150389858.00071502 61997598.383599289 22712891.606284149 -10.215243755751338 25.653637958836779 4.029272463642692 1480.490971393476 0.0011757722514020338 0.18417232773125972 0.37933708353676915 0
1204 1 1 106099200 149490491.79193592 64207519.376313694 23059412.910118856 -10.602942137643872 25.500941051805988 3.9917657731743144 1479.5822410461324 0.0010403049577155706 0.17533561721913299 0.36342242527459889 0
1205 1 1 106185600 148557753.05129868 66403989.104708716 23402619.223482482 -10.987742926971773 25.342275699233998 3.9525400767245489 1478.7132410981835 0.00099737455298832818 0.16668068252127452 0.34772370844655509 0
1206 1 1 106272000 147591895.51708919 68586494.404230371 23742362.947728213 -11.369567966206874 25.177700223166081 3.9116169270100007 1477.8833484946506 0.0010379131904937986 0.15821532281993583 0.33225200722619724 0
1207 1 1 106358400 146593179.6206947 70754527.210718527 24078498.391416281 -11.748340484593026 25.007274356226123 3.869018912749532 1477.0919120479575 0.0011527911123317702 0.14994670623991249 0.31701785491758894 0
1208 1 1 106444800 145561872.36564234 72907584.679673389 24410881.858030666 -12.123985124050222 24.831059181112774 3.8247696170050616 1476.3382540685895 0.0013328487368826556 0.14188137398270589 0.3020312395058305 0
1209 1 1 106531200 144498247.20454827 75045169.300262213 24739371.730064034 -12.496427961650824 24.649117069390041 3.7788935748041217 1475.6216720093969 0.0015689290616383554 0.13402524710126881 0.28730160171803992 0
1210 1 1 106617600 143402583.91427487 77166789.004015669 25063828.549418066 -12.865596528597623 24.461511619841019 3.7314162302624556 1474.94144011654 0.0018519093437316884 0.12638363663170363 0.27283783571256592 0
1211 1 1 106704000 142275168.46959996 79271957.268191785 25384115.094084989 -13.231419825721391 24.268307596714848 3.6823638934099794 1474.2968110795246 0.0021727319991099638 0.1189612573649651 0.25864829228749692 0
1212 1 1 106790400 141116292.91569597 81360193.213811681 25700096.451093744 -13.593828335517236 24.06957086821571 3.6317636969374107 1473.6870176719826 0.0025224348885780718 0.11176224566682996 0.24474078519987855 0
1213 1 1 106876800 139926255.23971778 83431021.698405147 26011640.085724462 -13.952754030750443 23.865368345613589 3.5796435531130353 1473.111274373153 0.0028921807209770492 0.10479018199020534 0.23112260104639068 0
1214 1 1 106963200 138705359.24179351 85483973.403536603 26318615.907017738 -14.308130379676555 23.655767923391803 3.5260321111442798 1472.5687789585209 0.0032732856584025169 0.098048118699155001 0.21780051316321244 0
1215 1 1 107049600 137453914.40570951 87518584.917221308 26620896.329630055 -14.659892347923437 23.440838420896071 3.4709587152910766 1472.0587140460077 0.0036572471698039996 0.091538614337783777 0.20478080026054266 0
1216 1 1 107136000 136172235.76957384 89534398.81138429 26918356.332115624 -15.007976397085731 23.22064952602074 3.4144533640987191 1471.580248580696 0.0040357712259451659 0.08526377571725606 0.19206927112150929 0
1217 1 1 107222400 134860643.7967428 91530963.714563385 27210873.511749581 -15.352320480087458 22.995271741565283 3.3565466711804257 1471.1325392371386 0.0044007988345726844 0.079225309840873975 0.17967129626704789 0
1218 1 1 107308800 133519464.24728468 93507834.380120233 27498328.136048023 -15.692864033356276 22.764776335022834 3.2972698280703785 1470.714731712731 0.0047445324975730211 0.073424588210536282 0.16759184887512324 0
1219 1 1 107395200 132149028.05025738 95464571.750294551 27780603.191191316 -16.029547965842671 22.529235292756727 3.2366545698105553 1470.325961877076 0.0050594625753534288 0.067862727691021626 0.15583555753597356 0
1220 1 1 107481600 130749671.1770694 97400743.016531944 28057584.427621491 -16.362314644895879 22.288721279788302 3.1747331441095756 1469.9653567310916 0.0053383945009575356 0.062540693041848311 0.14440677439952965 0
1221 1 1 107568000 129321734.51619868 99315921.676635325 28329160.403167784 -16.691107878962498 22.043307606796326 3.1115382851710951 1469.6320351131674 0.0055744775874864271 0.057459429127903056 0.13330966413138343 0
1222 1 1 107654400 127865563.74954659 101209687.58945219 28595222.52416379 -17.015872897012791 21.793068206490226 3.0471031936621897 1469.3251080652878 0.0057612369262503771 0.052620034128605761 0.12254832113267269 0
1223 1 1 107740800 126381509.23071705 103081627.02802852 28855665.085168839 -17.336556324497071 21.538077622317566 2.9814615248206207 1469.0436787364731 0.0058926104845651358 0.04802399005866273 0.1121269258424037 0
1224 1 1 107827200 124869925.8655355 104931332.73246327 29110385.308109455 -17.653106155478039 21.278411013654175 2.9146473874697092 1468.7868416469028 0.0059629947476577735 0.043673475181972461 0.10204995583693924 0
1225 1 1 107913600 123331172.99516115 106758403.96412836 29359283.381941795 -17.965471720333522 21.014144183378384 2.8466953578210155 1468.5536810537606 0.0059673042135608943 0.039571794115105696 0.092322474329281548 0
1226 1 1 108000000 121765614.28221518 108562446.56353188 29602262.504336089 -18.273603648028391 20.74535363633429 2.7776405135682087 1468.3432680313072 0.0059010530335386674 0.035723979314246333 0.082950529200341683 0
1227 1 1 108086400 120173617.60045902 110343073.01499462 29839228.927454669 -18.577453821322457 20.472116681042863 2.7075184960864713 1468.1546556749715 0.0057604721865577918 0.032137642409919509 0.073941708564995781 0
1228 1 1 108172800 118555554.92873864 112099902.52260494 30070092.010701146 -18.876975322258872 20.194511592641433 2.6363656117611183 1467.9868715137575 0.0055426838330910055 0.028824188712664525 0.065305915857078956 0
1229 1 1 108259200 116911802.25020541 113832561.10379319 30294764.284443907 -19.172122363631296 19.912617862886702 2.5642189875806154 1467.8389056875819 0.0052459674848000151 0.025800546830099542 0.057056438693499412 0
1230 1 1 108345600 115242739.45830081 115540681.70951827 30513161.530213941 -19.462850199517966 19.626516572975621 2.4911168003924899 1467.7096925871238 0.0048701720064483322 0.023091588425797775 0.049211372518319356 0
1231 1 1 108432000 113548750.27174771 117223904.38357307 30725202.884652961 -19.749115004055035 19.336290934162008 2.4170986005383361 1467.5980822711308 0.0044173504247198344 0.020733343167215122 0.041795355367409331 0
1232 1 1 108518400 111830222.1619429 118881876.47747116 30930810.975953706 -20.030873702536635 19.042027039271712 2.3422057397431524 1467.5027958467319 0.003892703918751825 0.018776755361859368 0.034841226448532762 0
1233 1 1 108604800 110087546.29771179 120514252.93974988 31129912.100800283 -20.308083735151332 18.743814826634122 2.266481868005219 1467.4223561236977 0.0033058511016731064 0.017290666376262059 0.028390362211057198 0
1234 1 1 108691200 108321117.51562358 122120696.69307426 31322436.450775772 -20.580702698041232 18.44174910599488 2.1899735554734789 1467.3549762063724 0.0026721594463592459 0.016360498931378011 0.022488888746124609 0
1235 1 1 108777600 106531334.29013391 123700879.10779971 31508318.207638763 -20.848688919023051 18.135930741553231 2.1127255271216061 1467.2985408739598 0.0019963366021656286 0.016081954125288678 0.017090344264964037 0
1236 1 1 108864000 104718598.78426833 125254480.48284422 31687495.84428573 -21.111996966754287 17.826464120097391 2.0348002248055623 1467.2499235175217 0.0014568992645108982 0.016396159267412575 0.012936640905522476 0
1237 1 1 108950400 102883317.85975988 126781189.15220898 31859916.513715208 -21.370560406157949 17.513421946004861 1.9563474874381417 1467.2047277610486 0.0015252859829692148 0.016381430406509134 0.011833788357512587 0
1238 1 1 109036800 101025904.49788952 128280698.23194672 32025541.336029235 -21.624313657451975 17.196853637056154 1.8774974486349139 1467.1605337288283 0.0017318679787734219 0.016228392657510912 0.01135977243893452 0
1239 1 1 109123200 99146776.256447375 129752705.73311801 32184337.396953333 -21.873213018126993 16.876822722840924 1.7982761066072206 1467.1171649504372 0.0019243054127875197 0.016106777604529495 0.010815912996479207 0
1240 1 1 109209600 97246354.223612577 131196915.43876202 32336273.098018009 -22.117218805288125 16.553397365765445 1.7186954891412953 1467.074628691465 0.0021190760623019974 0.015997226287278558 0.010276334804670063 0
1241 1 1 109296000 95325062.927261576 132613036.97952354 32481318.094360664 -22.356291274205258 16.226644990610559 1.6387717079495201 1467.0328710536253 0.0023160973257919729 0.015899719379926656 0.0097409508508470247 0
1242 1 1 109382400 93383330.29119204 134000785.82629001 32619443.424839426 -22.590391556873069 15.896633359310458 1.5585206936766474 1466.991838980993 0.0025153050920594601 0.015814251660865895 0.0092096568139294933 0
1243 1 1 109468800 91421587.561353013 135359883.31677163 32750621.504787225 -22.81948161899011 15.563430514815259 1.4779583785018426 1466.9514777962329 0.0027166612929021053 0.015740821124283749 0.0086823494966498625 0
1244 1 1 109555200 89440269.236012354 136690056.68205148 32874826.124419127 -23.043524197596845 15.227104848373489 1.397100646027696 1466.9117293544346 0.0029210863167766356 0.01568062756213047 0.008158083529245427 0
1245 1 1 109641600 87439812.992011681 137991039.06672472 32992032.45092719 -23.262483089315527 14.887724712298676 1.3159635783425083 1466.8725421043 0.0031181923967982398 0.015620631749835289 0.007645008926742981 0
1246 1 1 109728000 85420659.552133784 139262569.48041385 33102217.070625111 -23.476324157315826 14.545357367953892 1.2345640091255938 1466.8339056758789 0.0032817644611489944 0.015533712055397459 0.0071575052324839286 0
1247 1 1 109814400 83383252.535454005 140504392.73612094 33205358.037936602 -23.685013901284023 14.20007047628058 1.1529188229414287 1466.795806955585 0.0034433815532066755 0.015449640512829417 0.0066842390532369364 0
1248 1 1 109900800 81328038.487510607 141716259.55088058 33301434.856503274 -23.888518337595396 13.851932633098574 1.0710449208205468 1466.7582038061901 0.0036098951966788079 0.015359123264239272 0.0062364984755528211 0
1249 1 1 109987200 79255466.861488983 142897926.57380143 33390428.491999488 -24.086804235051162 13.501012824542707 0.98895890407035614 1466.7210544015854 0.0037787021647754226 0.0152782398572004 0.0057926692232520196 0
1250 1 1 110073600 77165989.941205576 144049156.45627534 33472321.302559979 -24.279839273686797 13.147380848035835 0.90667661657671672 1466.6843089078129 0.0039496936063937189 0.015207946465653172 0.0053515717660867186 0
1251 1 1 110160000 75060062.768161699 145169717.89025003 33547097.015590135 -24.467591937616977 12.79110672305853 0.82421392095922075 1466.6479167830284 0.0041228118586527501 0.01514797342361527 0.0049133920310396543 0
1252 1 1 110246400 72938143.071980238 146259385.62688836 33614740.729290374 -24.650031517432083 12.43226069135661 0.74158668299888031 1466.6118270172769 0.0042979838506043136 0.015098264817304556 0.004478057770657763 0
1253 1 1 110332800 70800691.200801224 147317940.49610642 33675238.91227375 -24.827128108297739 12.070913222285057 0.65881075936793809 1466.5759880917947 0.0044751381850036765 0.015058763631982086 0.0040454981802220862 0
1254 1 1 110419200 68648170.051916853 148345169.4260875 33728579.402737737 -24.998852606436536 11.707135009473172 0.57590199656615282 1466.5403480826128 0.0046542045585980215 0.015029411878601731 0.0036156441008913572 0
1255 1 1 110505600 66481045.00183323 149340865.46125969 33774751.408354312 -25.165176731099233 11.34099693092436 0.49287625394104817 1466.5048561437104 0.0048346853643710126 0.015009521854380188 0.0031888732613433298 0
1256 1 1 110592000 64299783.842154317 150304827.78828225 33813745.502138048 -25.326072807798564 10.972570363009792 0.4097492342510079 1466.4694503849169 0.0050203930800844336 0.015004777810785489 0.0027617393716779103 0
1257 1 1 110678400 62104856.696411863 151236861.73307505 33845553.62811628 -25.481514913896437 10.601925472826855 0.32653722887954167 1466.4341260876711 0.0051781617919336703 0.014965984112288269 0.0023556468911482224 0
1258 1 1 110764800 59896735.840460069 152136778.61412382 33870169.168776736 -25.631478706329304 10.22913146689624 0.24325692573793081 1466.3989293641698 0.0053180183026102024 0.014908032234651701 0.0019610860543360737 0
1259 1 1 110851200 57675895.656902798 153004395.79400656 33887586.922431663 -25.775939694839035 9.8542591444508556 0.15992444444182599 1466.3638527023027 0.0054569350349456935 0.014856063554000537 0.001571456328919478 0
1260 1 1 110937600 55442812.64290823 153839536.80964848 33897803.066039905 -25.914873563927369 9.477380420466341 0.076555614721152285 1466.3288512950051 0.0055978756367987947 0.014814597746672683 0.00118382937427631 0
1261 1 1 111024000 53197965.366073802 154642031.42348945 33900815.138776638 -26.048256732110982 9.0985674285582796 -0.0068338338159869057 1466.293879505326 0.0057405977477940941 0.014782001562949896 0.00079800672242922308 0
1262 1 1 111110400 50941834.394083798 155411715.64131474 33896622.040114954 -26.176066506156815 8.7178926200743607 -0.090228115433235029 1466.2588889598642 0.0058825538758446516 0.014762385144095521 0.00041656493227744347 0
1263 1 3 111116150.68224493 50791280.251522623 155461776.43720606 33896087.20755402 -26.1843750092779 8.6924910409489868 -0.09577852326601885 1466.2565582951449 0 0 0 158
1264 1 1 111196800 48674902.224453166 156148431.73253909 33885224.037120275 -26.298280840307307 8.3354282766546355 -0.17361132829972137 1466.223842478614 0.0060269402616874874 0.014733491267336866 4.6108194658734423e-05 0
1265 1 1 111283200 46397678.107256442 156852044.18055543 33866644.124380745 -26.414261815325911 7.9516422814693657 -0.25643745962102521 1466.1606100556307 0.0061272954488509369 0.014608386121557909 -0.00024569180676299872 0
1266 1 1 111369600 44110441.376994245 157522273.36980352 33840709.211087421 -26.532647919711408 7.5610020852803324 -0.34608002770499902 1465.7736804280391 -0.24552423288118297 -0.14805851066148826 -0.21540332274865023 0
1267 1 1 111456000 41812761.45543249 158158390.38119045 33806641.152472176 -26.653393658454085 7.1637522135902438 -0.44246753003328915 1464.9540000048542 -0.24444737869776842 -0.14258722317668979 -0.2137941503462229 0
1268 1 1 111542400 39504924.595694877 158760151.92349371 33764277.410379142 -26.767803071873185 6.7657178386500476 -0.53814494738358876 1464.176661450852 -0.24365147826729897 -0.13734624564262332 -0.21243687765501976 0
1269 1 1 111628800 37187449.939519443 159327473.45756945 33713655.017990761 -26.876488145193353 6.366538876119769 -0.63363770789192275 1463.4066620899787 -0.24291866701998144 -0.13231404481285708 -0.21113174270403637 0
1270 1 1 111715200 34860832.774290316 159860258.47955027 33654790.534797333 -26.979432587410095 5.966271024141097 -0.72893183874706424 1462.643593391658 -0.24224157072747476 -0.12745863228432752 -0.20988013531307279 0
1271 1 1 111801600 32525569.775567655 160358415.38586456 33587701.710375376 -27.076620529611844 5.5649717987504941 -0.82401366047061486 1461.8870621506837 -0.24161320682808785 -0.12276969998422722 -0.20867650046204289 0
1272 1 1 111888000 30182158.992401786 160821857.59032041 33512407.494352847 -27.168036053812582 5.1626998327088032 -0.91886907739184009 1461.1367082055122 -0.24102684276990352 -0.11823704366013681 -0.20751559293271771 0
1273 1 1 111974400 27831099.849863298 161250503.62325147 33428928.071035668 -27.253663231888975 4.759514929435567 -1.013483605318072 1460.392203507495 -0.24047591679701344 -0.11385095171773675 -0.20639227645923353 0
1274 1 1 112060800 25472893.148306604 161644277.23214632 33337284.892818961 -27.333486163003517 4.3554780512534457 -1.1078423752504476 1459.6532508832508 -0.23995403301415208 -0.10960217674946976 -0.20530152272945693 0
1275 1 1 112147200 23108041.059367623 162003107.48133606 33237500.713242356 -27.40748901178145 3.9506513092432884 -1.2019301378737894 1458.9195828397062 -0.23945495811859863 -0.10548190857101433 -0.20423841042254742 0
1276 1 1 112233600 20737047.11863501 162326928.85082495 33129599.619644169 -27.475656047149272 3.5450979535526321 -1.2957312683661564 1458.1909604083608 -0.23897261957980814 -0.10148174911817789 -0.20319812523596908 0
1277 1 1 112320000 18360416.214934707 162615681.33430013 33013607.065384451 -27.537971681902274 3.1388823640473564 -1.3892297715665651 1457.4671720244874 -0.2385011049684245 -0.097593688309745699 -0.20217596000230356 0
1278 1 1 112406400 15978654.576162187 162869310.5363445 32889549.901605625 -27.594420513059838 2.7320700411913492 -1.4824092875212032 1456.7480324375442 -0.23803466252886069 -0.093810081794461181 -0.20116731529253679 0
1279 1 1 112492800 13592269.751591831 163087767.76886585 32757456.408496056 -27.644987363067937 2.3247275970323442 -1.5752530974473231 1456.0333816484233 -0.23756770294361279 -0.090123629789224127 -0.20016770058640218 0
1280 1 1 112579200 11201770.590588164 163271010.14674851 32617356.32601925 -27.6896573218939 1.916922746165324 -1.6677441301426899 1455.32308386966 -0.23709480202383601 -0.086527357905250554 -0.19917273563488749 0
1281 1 1 112665600 8807667.2176400162 163419000.6827186 32469280.884068932 -27.728415790055298 1.5087242965582495 -1.7598649688739574 1454.6170265047365 -0.23661070452814267 -0.083014598630014966 -0.19817815250874032 0
1282 1 1 112752000 6410471.0036355853 163531708.38140565 32313262.832007211 -27.761248522609332 1.1002021401202244 -1.851597858771161 1453.915119143019 -0.23611032854213876 -0.07957897486021398 -0.19717979767398053 0
1283 1 1 112838400 4010694.5332946973 163609108.33257499 32149336.46754092 -27.788141674122983 0.69142724288460344 -1.9429247147612885 1453.2172925667151 -0.2355887708791084 -0.076214384255729517 -0.19617363488412493 0
1284 1 1 112924800 1608851.5686725983 163651181.80348948 31977537.664888166 -27.809081844637877 0.28247163468695813 -2.0338271300625377 1452.5234977666457 -0.23504131292428401 -0.072914985410295452 -0.19515574778872055 0
1285 1 1 113011200 -794542.99135053111 163657916.33035481 31797903.902186166 -27.824056126629955 -0.12659160178598883 -2.1242863852639724 1451.8337049637892 -0.23446342719535626 -0.069675184873173077 -0.19412234345236315 0
1286 1 1 113097600 -3198973.1556802383 163629305.80878583 31610474.288087811 -27.833052152958565 -0.5356883426799548 -2.2142834580284445 1451.1479026334498 -0.23385078426041517 -0.066489625440742675 -0.19306975590724126 0
1287 1 1 113184000 -5603921.8898034133 163565350.58322889 31415289.587492898 -27.836058145788421 -0.94474343552235274 -2.3037990334169263 1450.4660965297639 -0.23319926013658701 -0.063353176052584684 -0.19199444958067016 0
1288 1 1 113270400 -8008871.1688519688 163466057.53525686 31212392.246359397 -27.833062966459796 -1.3536807127404633 -2.3928135148739456 1449.7883087076427 -0.23250494389792162 -0.060260922155700822 -0.19089302383365717 0
1289 1 1 113356800 -10413302.035014819 163331440.17065248 31001826.415536229 -27.824056166265759 -1.7624230062521768 -2.4813070358828906 1449.1145765402689 -0.23176414537664125 -0.057208157684630154 -0.18976221657634201 0
1290 1 1 113443200 -12816694.659374593 163161518.70517874 30783637.973560199 -27.809028038092457 -2.1708921632553797 -2.5692594723015447 1448.4449517300452 -0.23097340309176659 -0.054190378092705431 -0.18859890902813203 0
1291 1 1 113529600 -15218528.408241723 162956320.14893103 30557874.548356418 -27.787969668874101 -2.5790090632946892 -2.65665045540266 1447.7794993108737 -0.23012949220056628 -0.051203273759563683 -0.18740012992014507 0
1292 1 1 113616000 -17618281.91405315 162715878.38915592 30324585.537782289 -27.760872992787704 -2.986693636709016 -2.7434593856061054 1447.1182966409322 -0.22922943205831336 -0.048242725105571566 -0.18616305985840853 0
1293 1 1 113702400 -20015433.150896356 162440234.27141252 30083822.128954321 -27.727730845114198 -3.3938648845529369 -2.8296654469250075 1446.4614323842277 -0.22827049389179696 -0.045304797860337663 -0.18488503606377985 0
1294 1 1 113788800 -22409459.514713157 162129435.6789467 29835637.316296 -27.688537016690606 -3.8004409000719184 -2.9152476221203032 1445.8090054798131 -0.22725020811239516 -0.042385739719718846 -0.18356355656158807 0
1295 1 1 113875200 -24799837.908230022 161783537.61013925 29580085.918246035 -27.643286308849458 -4.2063388918118765 -3.0001847085584834 1445.1611240982256 -0.22616637103698262 -0.039481977194090287 -0.18219628473988325 0
1296 1 1 113961600 -27186044.830652494 161402602.25388512 29317224.592566147 -27.591974588743152 -4.6114752084233475 -3.0844553347672874 1444.5179045846492 -0.22501705136409816 -0.036590113388160206 -0.1807810533850063 0
1297 1 1 114048000 -29567556.472152513 160986699.06275296 29047111.850188747 -27.534598844949603 -5.0157653652383134 -3.1680379776824714 1443.8794703881429 -0.22380059606915362 -0.033706926478463732 -0.17931586905052829 0
1298 1 1 114134400 -31943848.813167844 160535904.8237707 28769808.067545008 -27.471157243230842 -5.4191240726566567 -3.2509109805650866 1443.2459509773926 -0.22251563547591824 -0.030829368114935148 -0.17779891554896821 0
1299 1 1 114220800 -34314397.728520922 160050303.72667894 28485375.497317024 -27.401649182320458 -5.8214652663916926 -3.3330525715709127 1442.6174807430791 -0.22116108789995553 -0.027954562918625036 -0.17622855784805866 0
1300 1 1 114307200 -36678679.096354507 159529987.42948854 28193878.277557708 -27.326075349606835 -6.2227021396175708 -3.4144408829494073 1441.9941978872432 -0.21973616327879292 -0.025079807818649911 -0.17460334499661542 0
1301 1 1 114393600 -39036168.9118682 158975055.12117851 27895382.439126242 -27.244437776560687 -6.6227471770314592 -3.4950539708411981 1441.3762433007951 -0.21824036593628063 -0.022202571781821716 -0.17292201326614101 0
1302 1 1 114480000 -41386343.405828021 158385613.58136743 27589955.911387671 -27.156739893769856 -7.0215121908534242 -3.5748698356500039 1440.7637594295891 -0.21667349674911002 -0.019320495740565127 -0.1711834885001004 0
1303 1 1 114566400 -43728679.167808324 157761777.23678997 27277668.526129521 -27.062986585417796 -7.4189083587685047 -3.6538664429397634 1440.1568891308636 -0.21503565378773162 -0.016431392544530955 -0.16938688804230656 0
1304 1 1 114652800 -46062653.274110548 157103668.21441212 26958592.019651487 -26.963184243046847 -7.8148462638040987 -3.7320217448196678 1439.5557745214119 -0.21332723249195853 -0.013533246895333768 -0.1675315222093117 0
1305 1 1 114739200 -48387743.420290947 156411416.391018 26632800.032987811 -26.857340818448279 -8.2092359361173521 -3.8093137017764849 1438.9605558189467 -0.21154892438007988 -0.010624214958783674 -0.16561689528621765 0
1306 1 1 114825600 -50703428.058213733 155685159.43910429 26300368.110225994 -26.74546587550444 -8.6019868966785982 -3.885720304897188 1438.3713701789659 -0.20970171485869415 -0.00770262437699474 -0.16364270565067068 0
1307 1 1 114912000 -53009186.537532359 154925042.86891991 25961373.694890622 -26.627570640819282 -8.9930082028032512 -3.9612195984300032 1437.7883505290802 -0.20778687985596569 -0.0047669732023292964 -0.16160884556902455 0
1308 1 1 114998400 -55304499.251486555 154131220.06649435 25615896.1243653 -26.503668052961878 -9.3822084954798051 -4.0357897026238785 1437.2116244034355 -0.20580598123490257 -0.0018159292261922387 -0.15951539994390568 0
1309 1 1 115084800 -57588847.786887862 153303852.32750076 25264016.622331522 -26.373772810147347 -9.769496048438354 -4.1094088367843158 1436.6413127799665 -0.20376086102442315 0.0011516717193942574 -0.15736264470723951 0
1310 1 1 115171200 -59861715.078151308 152443108.88680696 24905818.289208312 -26.237901416191523 -10.154778818877462 -4.1820553424844444 1436.0775289231071 -0.20165363471659334 0.0041368276011566592 -0.15515104419956355 0
1311 1 1 115257600 -62122585.565216668 151549166.94357529 24541386.090582661 -26.096072224563134 -10.537964499779994 -4.2537077068507747 1435.5203772355574 -0.19948668301708122 0.007140372599414556 -0.15288124771427705 0
1312 1 1 115344000 -64370945.355187468 150622211.68177664 24170806.843627233 -25.948305480362496 -10.918960573712722 -4.3243445858565925 1434.9699521225509 -0.19726264275930769 0.010162980455204558 -0.15055408543036503 0
1313 1 1 115430400 -66606282.387501732 149662436.28599647 23794169.201507367 -25.794623360070069 -11.297674368003026 -4.3939448275632005 1434.4263368718166 -0.19498439659616576 0.013205168288335499 -0.1481705637011356 0
1314 1 1 115516800 -68828086.60243462 148670041.95241767 23411563.6357859 -25.635050008896346 -11.674013111193149 -4.4624874952030229 1433.8896025541787 -0.19265506148062067 0.016267300994354937 -0.14573185853980253 0
1315 1 1 115603200 -71035850.112718895 147645237.89487445 23023082.416843202 -25.469611575578604 -12.047883990645849 -4.5299518900380251 1433.3598069489583 -0.19027797621899972 0.019349596684325204 -0.14323930954000755 0
1316 1 1 115689600 -73229067.378056079 146588241.34588507 22628819.592333898 -25.298336244478477 -12.41919421116193 -4.5963175739298601 1432.8369934984876 -0.18785668796410418 0.022452132921170171 -0.14069441209508193 0
1317 1 1 115776000 -75407235.382279098 145499277.55258048 22228870.963710163 -25.12125426483647 -12.787851054483649 -4.6615643915094775 1432.3211902977416 -0.1853949377447488 0.025574853480607909 -0.13809880879573361 0
1318 1 1 115862400 -77569853.812915355 144378579.76745835 21823334.060849089 -24.938397977052084 -13.153761939541578 -4.7256724918854696 1431.8124091242478 -0.18289664516540752 0.028717576204185205 -0.13545428048223698 0
1319 1 1 115948800 -79716425.242886558 143226389.23390624 21412308.114827424 -24.749801835864385 -13.516834483288987 -4.7886223498031475 1431.3106445146004 -0.18036589218829296 0.031880001590680267 -0.13276273581974207 0
1320 1 1 116035200 -81846455.314074025 142042955.1664474 20995894.028895061 -24.555502430316054 -13.876976561985405 -4.8503947861703738 1430.8158728944961 -0.17780690618710596 0.035061721890326226 -0.13002620064082718 0
1321 1 1 116121600 -83959452.922465622 140828534.72567829 20574194.347704895 -24.3555385004003 -14.234096372767478 -4.9109709878797858 1430.3280517692976 -0.17522404240190886 0.038262231421932469 -0.12724680618668741 0
1322 1 1 116208000 -86054930.404594794 139583392.9878796 20147313.224863596 -24.149950950302788 -14.588102495352468 -4.9703325268410765 1429.8471189831055 -0.17262176586366387 0.041480937079776986 -0.12442677672392652 0
1323 1 1 116294400 -88132403.724973723 138307802.90929604 19715356.388874698 -23.938782858154291 -14.938903953728698 -5.0284613781505714 1429.3729920550268 -0.17000463267263016 0.044717169700864375 -0.12156841644122045 0
1324 1 1 116380800 -90191392.66421552 137002045.2850911 19278431.107551519 -23.722079482230093 -15.286410277675106 -5.0853399373359149 1428.9055676015162 -0.16737727113430748 0.047970195828916921 -0.11867409603433469 0
1325 1 1 116467200 -92231421.007536992 135666408.70300072 18836646.15098235 -23.499888263543557 -15.630531563964716 -5.1409510366068485 1428.4447208545873 -0.16474436241195414 0.051239229901867189 -0.11574623840913842 0
1326 1 1 116553600 -94252016.73332803 134301189.49171671 18390111.753136966 -23.272258824795088 -15.97117853711206 -5.1952779600505865 1427.9903052862062 -0.16211062125998368 0.054523446595321531 -0.11278730428209797 0
1327 1 1 116640000 -96252712.201472402 132906691.66404632 17938939.572207633 -23.039242965661661 -16.30826260952497 -5.2483044577197209 1427.5421523491357 -0.15948077673599581 0.057821993486012038 -0.10979977720123993 0
1328 1 1 116726400 -98233044.341102779 131483226.85490526 17483242.649782151 -22.800894654407053 -16.641695940938341 -5.3000147585784525 1427.1000713452029 -0.15685955271489047 0.061134003332523189 -0.10678614895786818 0
1329 1 1 116812800 -100192554.8374716 130031114.25421092 17023135.368949007 -22.557270015826035 -16.971391497014661 -5.350393582264009 1426.6638494317285 -0.15425164910907754 0.064458606421226042 -0.10374890420883229 0
1330 1 1 116899200 -102130790.31762394 128550680.53475209 16558733.411438804 -22.308427315552507 -17.297263106996613 -5.3994261496382752 1426.2332517762065 -0.15166172320087687 0.067794942431505453 -0.10069050599999149 0
1331 1 1 116985600 -104047302.53455836 127042259.77512194 16090153.713906227 -22.054426940772075 -17.619225520334389 -5.4470981921230424 1425.8080218688549 -0.14909437179163954 0.07114217136566385 -0.097613381018838277 0
1332 1 1 117072000 -105941648.54956791 125506193.37780577 15617514.423458686 -21.795331377388958 -17.937194462191368 -5.4933959598087689 1425.3878820015989 -0.14655411358259579 0.074499484430095297 -0.094519905719115976 0
1333 1 1 117158400 -107813390.91245803 123942829.98252407 15140934.85253631 -21.531205183731203 -18.251086687767128 -5.5383062283624458 1424.9725339196116 -0.14404537315099297 0.077866113054117184 -0.091412393116690346 0
1334 1 1 117244800 -109662097.8393466 122352525.37493451 14660535.43324656 -21.262114960892546 -18.560820035385703 -5.5818163047468019 1424.5616596497523 -0.14157246539871315 0.081241337616248063 -0.088293080155742068 0
1335 1 1 117331200 -111487343.38775966 120735642.39080317 14176437.671254916 -20.988129319805903 -18.866313478296501 -5.6239140317881269 1424.154922507528 -0.13913958140016466 0.084624494339840053 -0.085164116426417039 0
1336 1 1 117417600 -113288707.62874579 119092550.81575631 13688764.099328417 -20.709318845188481 -19.167487175160876 -5.6645877916517602 1423.751968279925 -0.13675077579892086 0.088014981270312237 -0.082027554065925573 0
1337 1 1 117504000 -115065776.81574574 117423627.28072794 13197638.230624244 -20.4257560565033 -19.464262519198325 -5.7038265082795085 1423.3524265780734 -0.13440995561725863 0.091412262457145982 -0.078885338917082187 0
1338 1 1 117590400 -116818143.54996498 115729255.15321971 12703184.511809679 -20.13751536608163 -19.756562185974509 -5.7416196488717484 1422.9559123494398 -0.13212087050372709 0.094815871112570366 -0.075739303595529037 0
1339 1 1 117676800 -118545406.9420123 114009824.42449132 12205528.276092606 -19.844673034586968 -20.04431017980675 -5.7779572244832789 1422.5620275342965 -0.12988710524765948 0.098225411256512823 -0.072591161463956499 0
1340 1 1 117763200 -120247172.76958169 112265731.59280181 11704795.696235908 -19.547307124002071 -20.327431878782015 -5.8128297898230468 1422.1703628470054 -0.12771207367046211 0.10164055798887391 -0.069442503054079077 0
1341 1 1 117849600 -121923053.63097259 110497379.54282163 11201113.737619556 -19.245497448332493 -20.605854078364835 -5.8462284423605686 1421.7804996579173 -0.12559901498392015 0.1050610568559391 -0.066294793690722831 0
1342 1 1 117936000 -123572669.09425922 108705177.42133881 10694610.111407291 -18.939325522221289 -20.879505033573988 -5.8781448208159182 1421.3920119485326 -0.1235509914421212 0.10848672203147855 -0.063149372830145975 0
1343 1 1 118022400 -125195645.84193653 106889540.50938381 10185413.227866778 -18.628874507670268 -21.148314499696774 -5.9085711031305923 1421.0044683092287 -0.12157088836899375 0.11191743405491432 -0.060007455039947678 0
1344 1 1 118108800 -126791617.81088956 105050890.09090172 9673652.1498846412 -18.31422915907843 -21.412213771503371 -5.9375000039982906 1420.617433946637 -0.11966141578422991 0.1153531367739537 -0.056870132146753787 0
1345 1 1 118195200 -128360226.32754767 103189653.31810197 9159456.5467111301 -17.995475766793 -21.67113572091063 -5.9649247720320098 1420.2304726670518 -0.11782511186445238 0.1187938344298709 -0.053738376832387323 0
1346 1 1 118281600 -129901120.23810442 101306263.07362403 8642956.6479629092 -17.672702099359572 -21.925014833034677 -5.9908391866280422 1419.8431488027445 -0.11606434763816395 0.12223958842053739 -0.050613046872972599 0
1347 1 1 118368000 -131413956.03369845 99401157.82965894 8124283.1979080653 -17.345997344663353 -22.17378724057205 -6.0152375545811312 1419.4550290494199 -0.11438133354262861 0.125690514431996 -0.047494890530409867 0
1348 1 1 118454400 -132898397.97046788 97474781.504176334 7603567.4100527456 -17.015452050134041 -22.417390756429437 -6.0381147064871783 1419.0656841858759 -0.1127781265475656 0.12914677996843521 -0.044384551980633576 0
1349 1 1 118540800 -134354118.18440238 95527583.314410031 7080940.9220473329 -16.681158062170166 -22.65576490452332 -6.0594659929498196 1418.6746906509695 -0.11125663859493624 0.13260860242791397 -0.041282577243344311 0
1350 1 1 118627200 -135780796.80093479 93560017.627764866 6556535.7509280387 -16.343208464940293 -22.888850948667066 -6.0792872806091331 1418.2816319570602 -0.10981864549568102 0.13607624783695854 -0.038189420073885559 0
1351 1 1 118713600 -137178122.03922263 91572543.810312882 6030484.2487095883 -16.001697518691525 -23.116591919467567 -6.097574947983424 1417.8860999247283 -0.10846579634249998 0.13955003018370066 -0.035105447543432797 0
1352 1 1 118800000 -138545790.31108215 89565626.073055089 5502919.0583455563 -15.65672059769355 -23.338932639148496 -6.1143258811165824 1417.4876957283191 -0.10719962321007337 0.14303031166481447 -0.032030945497062806 0
1353 1 1 118886400 -139883506.31454983 87539733.316129997 4973973.0700740721 -15.308374127929854 -23.555819744234462 -6.1295374690014643 1417.0860307475916 -0.1060215508379756 0.14651750319422724 -0.028966123062471823 0
1354 1 1 118972800 -141190983.12205285 85495338.971157074 4443779.378169586 -14.956755524632353 -23.767201706039319 -6.1432075987581038 1416.6807272257583 -0.10493290613564103 0.15001206570505773 -0.025911117189539323 0
1355 1 1 119059200 -142467942.26317912 83432920.841906637 3912471.2381224991 -14.601963129759254 -23.973028848896778 -6.1553346505413185 1416.2714187379215 -0.10393492770722201 0.15351451191875762 -0.022865996074016532 0
1356 1 1 119145600 -143714113.80204615 81352960.943493918 3380182.0242722477 -14.244096149496682 -24.173253366107147 -6.1659174921328486 1415.8577504788243 -0.1030287746547872 0.15702540805683055 -0.019830762090587227 0
1357 1 1 119232000 -144929236.40927365 79255945.340294272 2847045.1879217452 -13.883254591860389 -24.367829333577106 -6.1749554732042613 1415.4393793814104 -0.10221553528050058 0.16054537598014709 -0.016805354391322615 0
1358 1 1 119318400 -146113057.4285723 77142363.982779965 2313194.2159628202 -13.519539204476727 -24.55671272114585 -6.1824484192173736 1415.0159740801801 -0.10149623512344202 0.16407509492770556 -0.013789650512623455 0
1359 1 1 119404800 -147265332.93796664 75012710.543478698 1778762.5900454775 -13.153051412602746 -24.739861401599985 -6.1883966249348425 1414.5872147351022 -0.10087184443344827 0.16761530349497644 -0.010783467811885415 0
1360 1 1 119491200 -148385827.80567572 72867482.252251312 1243883.7463247068 -12.783893257463514 -24.917235157404047 -6.1928008475395178 1414.1527927326963 -0.10034328546073711 0.17116680062100262 -0.0077865646038538941 0
1361 1 1 119577600 -149474315.7406823 70707179.731086329 708691.0358192483 -12.412167334963819 -25.088795685187062 -6.1956622993451065 1413.7124102818098 -0.099911438686636239 0.17473044652399367 -0.0047986407403269463 0
1362 1 1 119664000 -150530579.33802551 68532306.828601569 173317.68541803811 -12.037976734834333 -25.254506598025092 -6.1969826400964676 1413.2657799209824 -0.099577148986467856 0.17830716271546709 -0.0018193382996128558 0
1363 1 1 119750400 -151554410.11885545 66343370.454441786 -362103.24043064273 -11.661424980277697 -25.41433342559035 -6.1967639688642215 1412.8126239542955 -0.09934123094298325 0.18189793123084147 0.0011517580574036815 0
1364 1 1 119836800 -152545608.56529817 64140880.41375263 -897438.87731267698 -11.282615968172701 -25.568243612236412 -6.1950088155527272 1412.3526738316014 -0.0992044739648517 0.18550379302353093 0.0041151202275978441 0
1365 1 1 119923200 -153503984.15018013 61925349.241906837 -1432556.597691959 -10.901653909889795 -25.716206513101898 -6.1917201320363509 1411.885669488212 -0.099167646482035146 0.18912584532311855 0.0070712762294228371 0
1366 1 1 120009600 -154429355.36166653 59697292.039649032 -1967324.0469728534 -10.518643272770163 -25.858193388318931 -6.1869012829450627 1411.4113586578383 -0.099231500011759233 0.19276523812336135 0.010020809080011768 0
1367 1 1 120096000 -155321549.72287577 57457226.308819547 -2501609.1787528745 -10.133688722329026 -25.994177395431926 -6.1805560361363012 1410.9294961716328 -0.099396772581786363 0.19642316918855354 0.01296435566250588 0
1368 1 1 120182400 -156180403.80653155 55205671.788806416 -3035280.2892395533 -9.7468950652200359 -26.124133580128106 -6.1726885528840079 1410.4398432549644 -0.09966419150140457 0.20010087841223448 0.015902605035531335 0
1369 1 1 120268800 -157005763.24472275 52943150.293868132 -3568206.0508090062 -9.3583671930136489 -26.248038865374873 -6.1633033778265558 1409.9421668317559 -0.10003447595750729 0.20379964091459041 0.018836296459482975 0
1370 1 1 120355200 -157797482.73384166 50670185.55145926 -4100255.5446868544 -8.9682100268230922 -26.365872039087918 -6.1524054287106384 1409.4362388460745 -0.10050833856076431 0.20752075884208396 0.021766216957873709 0
1371 1 1 120441600 -158555426.03477627 48387303.041680999 -4631298.2927360656 -8.5765284628171337 -26.477613740434848 -6.1399999859837182 1408.9218356088047 -0.10108648693192204 0.21126555246378645 0.024693198205555808 0
1372 1 1 120528000 -159279465.96843389 46095029.837970465 -5161204.2883404549 -8.1834273186514572 -26.58324644488204 -6.1260926822704089 1408.3987371762616 -0.10176962413652545 0.21503535000985813 0.027618113387560136 0
1373 1 1 120614400 -159969484.4066779 43793894.44913207 -5689844.026375588 -7.7890112808434075 -26.682754448096713 -6.1106894917858519 1407.8667267668914 -0.10255844904600793 0.21883147676900441 0.030541872956302354 0
1374 1 1 120700800 -160625372.25875753 41484426.662805215 -6217088.5322624529 -7.3933848530977508 -26.776123848811007 -6.0937967196849998 1407.3255902211642 -0.10345365545589524 0.22265524318885999 0.033465420798039595 0
1375 1 1 120787200 -161247029.45301652 39167157.389787301 -6742809.3902596952 -6.9966522982148271 -26.863342547276606 -6.0754209955001883 1406.7751161721731 -0.10445593525074715 0.22650793309785525 0.036389714623186201 0
1376 1 1 120873600 -161834364.91708058 36842618.514761202 -7266878.772431816 -6.5989176935653155 -26.944400029129891 -6.0555692843714661 1406.215087811202 -0.10556891885632137 0.23039725820206627 0.039317124055787148 0
1377 1 1 120960000 -162387296.57631266 34511342.823571868 -7789169.4021225162 -6.2002852280082719 -27.019285798253698 -6.0342470408319215 1405.6452172776339 -0.10679349854028636 0.23433792504251835 0.042276400380778581 0
1378 1 1 121046400 -162905751.26746443 32173863.706572156 -8309554.6576658441 -5.8008556559126081 -27.088000712671821 -6.0114676433295182 1405.0656165186706 -0.10799858365029061 0.23791620466736535 0.044940182353938471 0
1379 1 1 121132800 -163389663.70077837 29830712.029752202 -8827910.7223979626 -5.4007061943434946 -27.150613917964787 -5.9872892793959709 1404.479152324199 -0.10866483974243572 0.23966829046682392 0.046380568508355556 0
1380 1 1 121219200 -163838974.77502018 27482411.31420872 -9344119.6055668332 -4.999914235631687 -27.207194271761914 -5.9617679661140643 1403.8886194674583 -0.10933321614750408 0.24111702646567973 0.047598184789567038 0
1381 1 1 121305600 -164253633.25606051 25129482.458158243 -9858065.8825722467 -4.5985798635027058 -27.257746553445596 -5.934915033070868 1403.2940891904511 -0.11012262309599821 0.24260633079225241 0.048868174718779883 0
1382 1 1 121392000 -164633596.71335867 22772446.414248176 -10369634.733081505 -4.1968056885560276 -27.302267634898598 -5.9067364455069109 1402.6952443474772 -0.11104031528450811 0.24418171834672378 0.050137298322435783 0
1383 1 1 121478400 -164978831.42457053 20411824.198477056 -10878712.327414596 -3.7946892131136782 -27.340761673278209 -5.8772520417274707 1402.0921030122054 -0.11195666684759088 0.24565047659428121 0.051083930212472234 0
1384 1 3 121537566.97357939 -165195201.36108547 18793462.982398156 -11225835.293754326 -3.5191692311289007 -27.363652943411413 -5.8563217191423869 1401.6767957684137 0 0 0 275
1385 1 1 121564800 -165289311.83264497 18048135.962727234 -11385187.042767961 -3.3923235943820127 -27.3732430082325 -5.8464880495525078 1401.4850540064429 -0.11289623663025081 0.24696036569833082 0.051855498689639991 0
1386 1 1 121651200 -165565043.46296939 15681912.713469967 -11888986.685914757 -2.9903734107110895 -27.399424202080738 -5.8153930587423206 1400.861202674376 -0.11390613372292718 0.24822287875469734 0.052618395955816952 0
1387 1 1 121737600 -165805826.61964533 13313572.323601052 -12389690.620021448 -2.5809535645794695 -27.423516196485611 -5.7709071245553814 1400.1465370785716 0.10661429643871842 0.1323574591915693 0.41667120705807015 0
1388 1 1 121824000 -166010815.1209338 10943180.126551291 -12885801.535965377 -2.1642256081709821 -27.445713428264582 -5.712980675134804 1399.1223898601777 0.10299151474199343 0.12834689130976165 0.41883149760049088 0
1389 1 1 121910400 -166179837.69264224 8571129.7309667543 -13376893.235341139 -1.7484083174707352 -27.461891388582224 -5.6546663446871079 1398.1312278221726 0.097119599247149607 0.12715492056132935 0.4205941150552574 0
1390 1 1 121996800 -166312953.75615504 6197932.2641319586 -13862890.758725051 -1.3330635357317311 -27.472274718485629 -5.5950627680039275 1397.1400631337006 0.091831387267583317 0.1253764526643604 0.42231237423240692 0
1391 1 1 122083200 -166410206.2208578 3824086.4138783761 -14343683.478924124 -0.91824527532924549 -27.476902162417794 -5.5341883031456902 1396.1488989206873 0.086620425098815984 0.12361081745512048 0.42393073462981817 0
1392 1 1 122169600 -166471643.944662 1450088.9758485113 -14819162.488391608 -0.5040313346933063 -27.475786447465481 -5.4720635027107765 1395.1577347637681 0.081480046440915208 0.12180141580908535 0.42547081819895544 0
1393 1 1 122256000 -166497322.42843577 -923564.56793670566 -15289220.612312064 -0.090497678697793862 -27.468944493055126 -5.4087081520722569 1394.1665706043168 0.0764124840475085 0.11995224917183953 0.42693394126059619 0
1394 1 1 122342400 -166487303.70117006 -3296380.2172982492 -15753752.389591541 0.32228052812989427 -27.456393697474624 -5.344142125424554 1393.17540644412 0.071418698227086325 0.11806646163580856 0.42832193520802619 0
1395 1 1 122428800 -166441656.25480947 -5667865.5035679135 -16212654.076730784 0.73422884041933267 -27.438152114723046 -5.2783853051639671 1392.1842422837176 0.066499252975642825 0.11614679122768136 0.42963679107031194 0
1396 1 1 122515200 -166360454.98304918 -8037529.5460811649 -16665823.648035692 1.1452735121605089 -27.414238447474613 -5.21145757186589 1391.1930781231026 0.061654504733761092 0.11419589886730998 0.43088051560487362 0
1397 1 1 122601600 -166243781.12160829 -10404883.107532663 -17113160.795207743 1.5553414804106482 -27.38467203147459 -5.1433787984976851 1390.2019139623012 0.056884600380394154 0.11221634969852894 0.43205512738526813 0
1398 1 1 122688000 -166091722.18994579 -12769438.648089318 -17554566.926443409 1.96436034838063 -27.349472822144392 -5.074168844930349 1389.2107498013286 0.05218948893795429 0.11021061116431974 0.43316264662500881 0
1399 1 1 122774400 -165904371.93442675 -15130710.378380312 -17989945.165094994 2.372258368746043 -27.308661382000899 -5.0038475532526299 1388.2195856402059 0.047568929314610112 0.10818104925782579 0.43420508696391097 0
1400 1 1 122860800 -165681830.27292401 -17488214.311437473 -18419200.347957771 2.7789644271200653 -27.262258868917002 -4.9324347438081322 1387.228421478952 0.043022500353217807 0.10612992701589988 0.43518444716574733 0
1401 1 1 122947200 -165424203.24083552 -19841468.313653827 -18842239.023245707 3.1844080258349701 -27.210287025128103 -4.8599502119397178 1386.2372573175828 0.038549611636534281 0.10405940341967743 0.43610270350298586 0
1402 1 1 123033600 -165131602.93848965 -22189992.15482286 -19258969.448314644 3.5885192680247129 -27.152768166930709 -4.7864137253938326 1385.2460931561172 0.03414951276815642 0.10197153348527833 0.43696180283447922 0
1403 1 1 123120000 -164804147.47991171 -24533307.557316188 -19669301.587187998 3.9912288420422781 -27.089725175047814 -4.7118450223369992 1384.2549289945703 0.029821304346975452 0.099868267904326832 0.43776365640929427 0
1404 1 1 123206400 -164441960.94291976 -26870938.244456779 -20073147.107936215 4.3924680062750738 -27.021181485619572 -4.6362638099448565 1383.2637648329571 0.025563948130981232 0.097751454238401467 0.4385101341477004 0
1405 1 1 123292800 -164045173.32051691 -29202409.988138746 -20470419.379957221 4.7921685743178211 -26.947161081780308 -4.5596897635169862 1382.272600671291 0.021376276249230167 0.095622837624090601 0.43920305980085506 0
1406 1 1 123379200 -163613920.47354797 -31527250.655743644 -20861033.471201852 5.1902629005388592 -26.867688485774995 -4.4821425260809811 1381.2814365095849 0.017257001516383288 0.093484063187781394 0.43984420631465226 0
1407 1 1 123465600 -163148344.08458477 -33844990.256397285 -21244906.145384781 5.5866838660595519 -26.782788751588754 -4.4036417084460435 1380.2902723478514 0.013204726478970454 0.091336677422738322 0.4404352921326698 0
1408 1 1 123552000 -162648591.61300591 -36155160.986611381 -21621955.859218094 5.9813648651556415 -26.692487458054988 -4.3242068896679395 1379.2991081860971 0.0092179531697491705 0.089182131427507375 0.44097797765127356 0
1409 1 1 123638400 -162114816.2512334 -38457297.275348656 -21992102.759701543 6.3742397920367537 -26.596810702413251 -4.2438576178891676 1378.3079440243346 0.0052950903066091085 0.087021782873943798 0.44147386256049748 0
1410 1 1 123724800 -161547176.88209477 -40750935.828551754 -22355268.681500059 6.765243028052141 -26.495785094334597 -4.1626134115127655 1377.3167798625686 0.0014344634416475575 0.084856898690260418 0.44192448343501572 0
1411 1 1 123811200 -160945838.03727287 -43035615.673174039 -22711377.144436277 7.1543094292539475 -26.389437750348218 -4.0804937606880509 1376.32561570081 -0.002365680263525567 0.082688658588241815 0.44233131168589901 0
1412 1 1 123897600 -160310969.85681623 -45310878.200744949 -23060353.351123847 7.541374314359846 -26.277796288651032 -3.9975181290781654 1375.3344515390597 -0.0061071615458125773 0.080518158071558488 0.44269575195456401 0
1413 1 1 123984000 -159642748.04966852 -47576267.210504308 -23402124.184764501 7.9263734531164109 -26.160888824316977 -3.9137059558773042 1374.3432873773263 -0.009791864976703011 0.078346411300607821 0.44301914091446887 0
1414 1 1 124070400 -158941353.85519207 -49831328.95213934 -23736618.207129292 8.3092430549731962 -26.038743964886276 -3.8290766580536566 1373.352123215612 -0.013421731428860849 0.076174354361164431 0.44330274628419719 0
1415 1 1 124156800 -158206974.00565261 -52075612.168156132 -24063765.656742595 8.6899197581492746 -25.911390806313793 -3.7436496327981992 1372.3609590539197 -0.016998752717200142 0.074002848464129745 0.443547766114603 0
1416 1 1 124243200 -157439800.68963429 -54308668.135916308 -24383498.447285973 9.068340619004541 -25.778858929267574 -3.6574442601599761 1371.3697948922513 -0.020524966872629696 0.071832683189036517 0.44375532826180353 0
1417 1 1 124329600 -156640031.5163604 -56530050.709368929 -24695750.166236974 9.4444431017440031 -25.641178395780472 -3.5704799058478747 1370.3786307306104 -0.024002452756493403 0.069664579329636003 0.44392649014053798 0
1418 1 1 124416000 -155807869.48088753 -58739316.360508434 -25000456.073756706 9.8181650684493373 -25.498379746247277 -3.4827759241831879 1369.3874665689955 -0.027433326060535054 0.067499192046464679 0.44406223853681909 0
1419 1 1 124502400 -154943522.93014938 -60936024.22058735 -25297553.10183847 10.189444769413674 -25.350493996757397 -3.3943516611902127 1368.3963024074067 -0.030819735208136991 0.065337113681168596 0.44416348960435098 0
1420 1 1 124588800 -154047205.52982312 -63119736.121113136 -25586979.853729077 10.558220833734786 -25.19755263676182 -3.3052264578156003 1367.4051382458458 -0.03416385904548782 0.063178876660946723 0.4442310888253781 0
1421 1 1 124675200 -153119136.23199603 -65290016.634657413 -25868676.603633471 10.924432260227022 -25.039587627060186 -3.2154196532632411 1366.4139740843082 -0.037467901785278548 0.061024956281151496 0.44426581125120612 0
1422 1 1 124761600 -152159539.24360397 -67446433.115506634 -26142585.296711899 11.288018408602751 -24.876631398159635 -3.1249505884320432 1365.4228099227953 -0.040734092490602662 0.058875772027763867 0.44426836166567363 0
1423 1 1 124848000 -151168643.99562314 -69588555.740185395 -26408649.54937879 11.64891899088596 -24.7087168489319 -3.0338386094620104 1364.4316457613038 -0.043964681463416415 0.056731691909973507 0.44423937456832008 0
1424 1 1 124934400 -150146685.11299023 -71715957.5478753 -26666814.649912268 12.007074063137615 -24.535877345578115 -2.9421030713751755 1363.4404815998312 -0.04716193827956755 0.054593033194824309 0.44417941454360882 0
1425 1 1 125020800 -149093902.38522649 -73828214.480761454 -26917027.559381992 12.36242401739003 -24.358146720966499 -2.8497633418069315 1362.4493174383747 -0.050328151158305724 0.052460064763598553 0.4440889762265956 0
1426 1 1 125107200 -148010540.73774931 -75924905.424334243 -27159236.912903607 12.714909573857218 -24.17555927425466 -2.7568388048299508 1361.4581532769305 -0.053465623814594201 0.050333009663032564 0.44396848447651932 0
1427 1 1 125193600 -146896850.20384392 -78005612.247672245 -27393393.021227121 13.064471773408536 -23.988149770857049 -2.6633488648624701 1360.4669891154954 -0.056576675553507906 0.048212045685074589 0.44381829438878861 0
1428 1 1 125280000 -145753085.89727598 -80069919.843737453 -27619447.872666832 13.411051970266506 -23.795953442719718 -2.5693129506682739 1359.4758249540646 -0.059663639567783845 0.046097308481924247 0.44363869112629017 0
1429 1 1 125366400 -144579507.98552397 -82117416.169705242 -27837355.135380946 13.754591824950479 -23.599005988896675 -2.4747505194480244 1358.4846607926354 -0.062728862895532408 0.043988891907859422 0.44342988977802583 0
1430 1 1 125452800 -143376381.66361192 -84147692.287360728 -28047070.160008363 14.09503329747171 -23.397343576476221 -2.3796810610167336 1357.4934966312019 -0.065774704878464929 0.041886849571724352 0.44319203516208028 0
1431 1 1 125539200 -142143977.12851682 -86160342.403587461 -28248549.982670296 14.432318640798147 -23.1910028418012 -2.2841241020736094 1356.5023324697599 -0.068803537043801252 0.039791196250824598 0.44292520135028512 0
1432 1 1 125625600 -140882569.55413121 -88154963.910973698 -28441753.328345172 14.766390394550116 -22.9800208919645 -2.1880992105738959 1355.5111683083055 -0.07181774286261898 0.037701909569102125 0.44262939105414356 0
1433 1 1 125712000 -139592439.06675926 -90131157.428561077 -28626640.614625506 15.097191378966771 -22.764435306634283 -2.091626000196102 1354.5200041468308 -0.074819716992713128 0.035618929612050709 0.44230453513662066 0
1434 1 1 125798400 -138273870.72112289 -92088526.842766091 -28803173.955865048 15.424664689125422 -22.544284140191721 -1.9947241349143454 1353.5288399853314 -0.077811865751788306 0.033542160701150361 0.44195049157538435 0
1435 1 1 125884800 -136927154.47685578 -94026679.348496109 -28971317.167726025 15.748753689428233 -22.319605924112341 -1.8974133336849555 1352.5376758238001 -0.080796606289656028 0.031471472390713143 0.44156704455567664 0
1436 1 1 125971200 -135552585.1754618 -95945225.49048382 -29131035.772136074 16.069402008368062 -22.090439669646955 -1.7997133752472223 1351.5465116622313 -0.08377636702547997 0.029406699487961162 0.44115390325059661 0
1437 1 1 126057600 -134150462.51771384 -97843779.204865918 -29282297.002665419 16.386553533569199 -21.856824870779597 -1.7016441030478884 1350.5553475006197 -0.086753587148344635 0.027347643179832456 0.44071070049342254 0
1438 1 1 126144000 -132721091.04146838 -99721957.861027986 -29425069.810334824 16.700152407131352 -21.618801507441418 -1.6032254302941276 1349.5641833389575 -0.089730716581320924 0.025294071231631517 0.44023699124713705 0
1439 1 1 126230400 -131264780.09986895 -101579382.30373892 -29559324.869866122 17.010143021275034 -21.376410048982454 -1.504477345143292 1348.5730191772368 -0.092710215773863347 0.023245718673413747 0.4397322508692309 0
1440 1 1 126316800 -129781843.83991368 -103415676.89559548 -29685034.586387496 17.316470014269122 -21.129691457899934 -1.4054199160438108 1347.5818550154534 -0.095694556354960422 0.02120228770067693 0.43919587302282909 0
1441 1 1 126403200 -128272601.18136123 -105230469.55979899 -29802173.102606971 17.619078266684511 -20.878687193763668 -1.3060732972317359 1346.5906908535962 -0.09868621995232571 0.019163449459853998 0.43862716764505233 0
1442 1 1 126489600 -126737375.79594441 -107023391.82327938 -29910716.306467533 17.917912898010407 -20.623439217367473 -1.2064577343843201 1345.5995266916584 -0.10168769808332928 0.017128842788878239 0.43802535863032815 0
1443 1 1 126576000 -125176496.08686239 -108794078.86019 -30010641.839298133 18.212919263589587 -20.363989995128062 -1.1065935704505721 1344.6083625296308 -0.10470149224335518 0.015098075116660174 0.43738958109423037 0
1444 1 1 126662400 -123590295.16852309 -110542169.53578816 -30101929.104476716 18.504042951899301 -20.100382503617016 -1.006501251671194 1343.6171983675054 -0.10773011325440479 0.013070723620499543 0.43671887855029767 0
1445 1 1 126748800 -121979110.84650357 -112267306.45071544 -30184559.276621338 18.791229782232676 -19.832660234307561 -0.9062013337847451 1342.6260342052715 -0.11077608010020715 0.011046333796794674 0.43601220004408398 0
1446 1 1 126835200 -120343285.59769464 -113969135.98569633 -30258515.311326478 19.074425802734005 -19.560867198457544 -0.80571448844793858 1341.6348700429228 -0.11384192046448208 0.0090244221057680391 0.43526839645282711 0
1447 1 1 126921600 -118683166.55059825 -115647308.34666216 -30323781.955463454 19.353577288860471 -19.285047932122346 -0.70506150986699601 1340.6437058804474 -0.11693016787632501 0.0070044743004936284 0.43448621748012695 0
1448 1 1 127008000 -116999105.46573858 -117301477.61031674 -30380345.758063145 19.628630742257361 -19.005247501325361 -0.6042633216583464 1339.6525417178354 -0.12004336261420596 0.0049859469721885291 0.43366430729893457 0
1449 1 1 127094400 -115291458.71615404 -118931301.77015156 -30428195.08180254 19.899532890041581 -18.721511507311337 -0.50334098395839644 1338.6613775550768 -0.12318404896882885 0.0029682673484876811 0.43280120086315965 0
1450 1 1 127180800 -113560587.26792917 -120536442.78291878 -30467320.115115762 20.166230684584775 -18.43388609186492 -0.40231570077510004 1337.670213392159 -0.12635477392114511 0.00095083491606886303 0.43189531951654525 0
1451 1 1 127267200 -111806856.66072614 -122116566.61556523 -30497712.884952046 20.428671303739719 -18.142417942690095 -0.3012088276143125 1336.6790492290709 -0.12955808572157776 -0.0010669791527919742 0.43094496630039414 0
1452 1 1 127353600 -110030636.98827541 -123671343.29263473 -30519367.27020454 20.686802151572628 -17.847154298846096 -0.20004187938242798 1335.6878850657997 -0.13279653103078498 -0.0030858306835480267 0.42994832130755234 0
1453 1 1 127440000 -108232302.87878034 -125200446.94413987 -30532279.015834235 20.940570859618401 -17.548142956173258 -0.098836538580566943 1334.696720902336 -0.13607265293260001 -0.0051064018148758621 0.42890343643341122 0
1454 1 1 127526400 -106412233.47519006 -126703555.85390142 -30536445.747715089 21.189925288692798 -17.245432272693748 0.0023853362009990386 1333.7055567386631 -0.13938898717529749 -0.0071293997041769726 0.42780823030196935 0
1455 1 1 127612800 -104570812.41529106 -128180352.50835243 -30531866.988226507 21.434813531253305 -16.939071173970369 0.10360170146373605 1332.7143925747703 -0.1427480602426823 -0.0091555559032716911 0.42666048222568448 0
1456 1 1 127699200 -102708427.81157006 -129630523.64580354 -30518544.172622342 21.675183914373573 -16.629109158403235 0.20479031965666683 1331.7232284106433 -0.14615238378734308 -0.011185624960600439 0.42545782694353851 0
1457 1 1 127785600 -100825472.23079059 -131053760.30616006 -30496480.666203648 21.91098500337807 -16.315596302394297 0.30592874970114137 1330.7320642462673 -0.14960445136138015 -0.013220382512327176 0.42419774824848872 0
1458 1 1 127872000 -98922342.673228338 -132449757.88108018 -30465681.78232592 22.142165606115871 -15.998583265389607 0.40699433715569833 1329.7409000816269 -0.15310673315773252 -0.015260624507268412 0.42287757282860844 0
1459 1 1 127958400 -96999440.551507354 -133818216.16456135 -30426154.80127136 22.368674777934178 -15.678121294730641 0.50796420401938269 1328.7497359167089 -0.15666167098695497 -0.017307164065587941 0.42149446368319221 0
1460 1 1 128044800 -95057171.668974265 -135158839.40393552 -30377908.99001817 22.590461827408554 -15.354262230287338 0.60881523817187433 1327.7585717514976 -0.16027167120020255 -0.019360830471371437 0.42004541379969024 0
1461 1 1 128131200 -93095946.197542697 -136471336.351257 -30320955.622937545 22.8074763228874 -15.027058508870002 0.70952408244896448 1326.7674075859775 -0.16393909794402317 -0.021422466360719736 0.41852723937675052 0
1462 1 1 128217600 -91116178.654937357 -137755420.31505635 -30255308.003451455 23.019668099834785 -14.696563168314295 0.81006712332918041 1325.7762434201331 -0.16766626607235699 -0.023492924555531706 0.41693657277478269 0
1463 1 1 128304000 -89118287.881266609 -139010809.21243405 -30180981.486684293 23.2269872690648 -14.362829851239965 0.91042047924470393 1324.7850792539487 -0.17145543169838848 -0.025573065637527818 0.41526985594311799 0
1464 1 1 128390400 -87102697.014842406 -140237225.6214627 -30097993.503140427 23.429384225915012 -14.025912808429293 1.0105599885167598 1323.7939150874106 -0.17530878333718483 -0.02766375388987926 0.41352333332661673 0
1465 1 1 128476800 -85069833.467165381 -141434396.8338621 -30006363.583440121 23.626809660434336 -13.685866901749794 1.1104611969319313 1322.8027509205017 -0.17922843008584091 -0.029765853483022922 0.41169304562427583 0
1466 1 1 128563200 -83020128.896983415 -142602054.90790746 -29906113.384144146 23.819214568618829 -13.342747606638119 1.2100993449541604 1321.8115867532108 -0.18321639135088719 -0.031880225184546793 0.40977482253371939 0
1467 1 1 128649600 -80954019.183333591 -143739936.72152892 -29797266.714698806 24.006550264758562 -12.996611014017624 1.3094493545934169 1320.8204225855218 -0.18727458280765469 -0.03400771984604066 0.40776427703403856 0
1468 1 1 128736000 -78871944.397463799 -144847784.02555141 -29679849.565528572 24.188768395004423 -12.647513831620232 1.4084858159684821 1319.829258417423 -0.19140480272424293 -0.036149174754777455 0.40565679910318553 0
1469 1 1 128822400 -76774348.773529112 -145925343.49702135 -29553890.137302577 24.365820952199563 -12.295513384682918 1.5071829735812083 1318.8380942489055 -0.19560871601250995 -0.038305406775893627 0.40344755053373493 0
1470 1 1 128908800 -74661680.677948073 -146972366.79256335 -29419418.871397603 24.537660292065752 -11.940667615903386 1.6055147123507405 1317.8469300799588 -0.19988783755152759 -0.040477206237431611 0.40113145996566579 0
1471 1 1 128995200 -72534392.577306211 -147988610.60178784 -29276468.481590077 24.7042391506623 -11.583035086824371 1.7034545431199879 1316.8557659112762 -0.20424351354077927 -0.042665329287844139 0.39870321901544431 0
1472 1 1 129081600 -70392941.004475236 -148973836.69768479 -29125073.98653141 24.865510669132636 -11.222674893631167 1.8009756009989657 1315.8646017249539 -0.20867684475066683 -0.044869680437711446 0.39615740084254863 0
1473 1 1 129168000 -68237786.524820879 -149927812.01433107 -28965272.74777025 25.021428348904415 -10.859647652891386 1.8980504770004161 1314.8734376408786 -0.21319003367388151 -0.047109756445569743 0.39348529882292721 0
1474 1 1 129254400 -66069396.363268867 -150850326.76539788 -28797104.528385967 25.171880199553758 -10.49446022885585 1.9946511621692193 1313.8794822184827 -0.217777417202621 -0.049288648397170003 0.39069633437714218 0
1475 1 1 129340800 -63888216.72831165 -151741007.93512252 -28620611.26426455 25.317751750608615 -10.120882885320899 2.0907578535102589 1312.8989177050889 -0.19831030607284902 0.11230674856171231 0.38802089728877909 0
1476 1 1 129427200 -61694622.975202359 -152598970.88798201 -28435835.983660381 25.458939873762432 -9.7389985210925527 2.1863637559207527 1311.9049811146842 -0.20475691860429349 0.10922870773188774 0.38554337459084492 0
1477 1 1 129513600 -59489077.388761505 -153423856.55273935 -28242822.556143358 25.594410718112183 -9.3551860530914883 2.2814500967649378 1310.9138170239223 -0.21141624547098026 0.10600252949087037 0.38284022110077642 0
1478 1 1 129600000 -57272072.885422558 -154215480.36374524 -28041617.388715047 25.724184279092075 -8.9690584484553373 2.3759814560214747 1309.9226527828175 -0.21827086850441152 0.10271780614985518 0.37987745426925601 0
1479 1 1 129686400 -55044103.864798121 -154973644.96931505 -27832269.981932897 25.848210632830646 -8.5806779933307258 2.4699217488242931 1308.9314885622998 -0.2253297213620527 0.099352446772344977 0.37663723659676568 0
1480 1 1 129772800 -52805669.05085618 -155698158.47752875 -27614833.009289999 25.966439671358845 -8.1901085519597245 2.5632335595772622 1307.9403243358427 -0.23259610724216059 0.095903225225347874 0.37309733621023017 0
1481 1 1 129859200 -50557271.491973467 -156388834.54120281 -27389362.444638196 26.078821411450395 -7.7974146245423199 2.655877890802905 1306.949160104449 -0.24007231053803538 0.092366110347659153 0.36923405500058248 0
1482 1 1 129945600 -48299418.547285445 -157045492.41725454 -27155917.702866726 26.185306067139628 -7.4026614363631467 2.7478140684329961 1305.9579958683478 -0.24775914864554605 0.088737108024056197 0.36502209511474953 0
1483 1 1 130032000 -46032621.865048252 -157667957.0281432 -26914561.789769344 26.28584415901086 -7.0059149036229096 2.8389996243927276 1304.9668316224368 -0.2556557057789472 0.085012674257151963 0.36043446743938867 0
1484 1 1 130118400 -43757397.349813767 -158256059.0351654 -26665361.457930408 26.380386671048047 -6.6072420580284472 2.9293903067635636 1303.975667401123 -0.26375850599784295 0.081181031948064544 0.35544491917262394 0
1485 1 1 130204800 -41474265.958789535 -158809651.63079271 -26408380.149962846 26.468864249896868 -6.2071245584630041 3.0191187798706065 1302.9817148745735 -0.27206468895036029 0.077280261078986931 0.35001223732022191 0
1486 1 1 130291200 -39183745.133448623 -159328438.25940326 -26143752.769090991 26.551517946154508 -5.7998141414186524 3.1056205231208041 1302.0010391409646 -0.27302357247915854 0.22360064662302589 0.27921475552069669 0
1487 1 1 130377600 -36886331.305952571 -159811648.5863305 -25871823.808423847 26.628342129814332 -5.3853467782474329 3.1888997391535296 1301.007078179814 -0.28059552247053449 0.22015711788545278 0.27440298142304986 0
1488 1 1 130464000 -34582544.315144531 -160258993.59620917 -25592729.034903102 26.699037896917186 -4.9695823463512854 3.2714754294367752 1300.0159139028153 -0.28841322951402726 0.2165634460275353 0.26910608110179868 0
1489 1 1 130550400 -32272914.945036195 -160670345.09337536 -25306539.87793573 26.763574400415209 -4.5521747681863207 3.3531126748790774 1299.0247495946671 -0.29646303592288525 0.21284915499453982 0.26325824877769055 0
1490 1 1 130636800 -29957977.415970549 -161045564.01593894 -25013339.768886194 26.821904090945392 -4.1331915200519989 3.4337566176803498 1298.0335852820283 -0.30473410936978379 0.20900141570203068 0.25681808896795327 0
1491 1 1 130723200 -27638270.015758354 -161384517.18229315 -24713217.003669474 26.873980440542773 -3.7127011516907453 3.5133494349756758 1297.0424209626917 -0.31320882883456874 0.20501494831710262 0.24973806379207311 0
1492 1 1 130809600 -25314334.991351854 -161687077.3633942 -24406265.015884079 26.919758398859997 -3.2907729058179926 3.5918300109365395 1296.0512566388106 -0.3218633904979365 0.20088466807828356 0.24196964269976248 0
1493 1 1 130896000 -22986718.402939942 -161953123.34396064 -24092582.662957605 26.959194823649401 -2.8674767474528546 3.6691339066611182 1295.0600923174359 -0.33066709128305855 0.19660573480734037 0.2334640438767118 0
1494 1 1 130982400 -20655971.599341229 -162182544.8166841 -23772272.339972336 26.9922077803785 -2.4430031806688453 3.7452472638557159 1294.0687056955005 -0.33958056023189004 0.19217681836538247 0.22417206247780858 0
1495 1 1 131068800 -18322634.012233604 -162375192.82179061 -23445462.779876571 27.019333770130004 -2.015746924401054 3.8193401070248338 1293.0784319875586 -0.33373259005506173 0.23072329850247308 0.1946517861805506 0
1496 1 1 131155200 -15987199.486423394 -162530784.85130057 -23112350.134636037 27.040583384195759 -1.5857251974818432 3.891379406568356 1292.0870310326156 -0.34150647107012061 0.22742069862627365 0.18480572516448318 0
1497 1 1 131241600 -13650207.22922324 -162649176.75913534 -22773070.107616853 27.055388956561547 -1.1546369884692456 3.9620870742759235 1291.0958666634785 -0.3493377027604021 0.22397322185225382 0.17406655429233409 0
1498 1 1 131328000 -11312213.745910374 -162730274.09684879 -22427743.726342559 27.063754712785851 -0.72243678284313317 4.0313280322951108 1290.1047023111059 -0.35716221317299313 0.22037874183945949 0.16238338469999419 0
1499 1 1 131414400 -8973777.817249272 -162773983.89007968 -22076503.896735597 27.065624559234351 -0.28919654259592137 4.0989542168896502 1289.1135851063138 -0.36490493138883395 0.21663424636218032 0.14971304001722957 0
1500 1 1 131500800 -6635450.1837335834 -162780219.14947414 -21719465.697371684 27.06135956097669 0.1450202162481071 4.1658164101450623 1288.1224452890774 -0.36268215524254205 0.21300045476216628 0.15997643745169157 0
1501 1 1 131587200 -4297753.4202493513 -162748897.39546192 -21356673.576917537 27.05089682870047 0.58017209890286847 4.2318609110164278 1287.1304048564361 -0.37042201723293305 0.20965495815621432 0.14605590597302351 0
1502 1 1 131673600 -1961235.2440872996 -162679941.22605857 -20988253.155220017 27.034202894851134 1.0161545523253657 4.2960852217467291 1286.1485353024589 -0.36689699348645438 0.20426466560825079 0.1305223237153107 0
1503 1 1 131760000 373597.67298407143 -162573294.39709359 -20614368.619805798 27.011969277017439 1.4525393807531777 4.3582787019153102 1285.202809790416 -0.35558722830376738 0.19099196544428895 0.10949437698845131 0
1504 1 1 131846400 2706279.7440674515 -162428940.09308743 -20235206.514115665 26.984403460280724 1.88901492381869 4.4182599409752479 1284.3037280128542 -0.34471058651741693 0.17873364526160485 0.089396584643786761 0
1505 1 1 131932800 5036346.6942916233 -162246869.26135987 -19850955.232070368 26.951424638997825 2.3256068734327973 4.4760907295888401 1283.4463400781137 -0.33422696586152356 0.16743059473637281 0.0701769236100723 0
1506 1 1 132019200 7363328.4264844647 -162027071.98241639 -19461798.796284992 26.912977306586399 2.7623112735311333 4.5318116912128668 1282.6270570596841 -0.32409705816433415 0.1570247567541698 0.051785831633268241 0
1507 1 1 132105600 9686750.1415819488 -161769538.87537155 -19067917.845566113 26.869008125502386 3.1991196176706342 4.585460557230097 1281.8424658952476 -0.31428251215459596 0.14745936223600012 0.034176653221842698 0
1508 1 1 132192000 12006132.52464119 -161474261.48960957 -18669489.877756611 26.819465890886686 3.6360188847832893 4.6370723329912913 1281.089328184516 -0.30474625639990571 0.13867900546652834 0.017305877253875272 0
1509 1 1 132278400 14320991.926664308 -161141232.69302946 -18266689.477402147 26.764301470413404 4.0729915828152077 4.6866794830471008 1280.3645789326642 -0.29545278808626563 0.13062975162261861 0.001133368455583592 0
1510 1 1 132364800 16630840.540292045 -160770447.05612159 -17859688.526612997 26.703467722733514 4.5100158015256415 4.7343121344630106 1279.6653252521746 -0.28636844791988025 0.12325924845948318 -0.014377436369439408 0
1511 1 1 132451200 18935186.567581616 -160361901.23110026 -17448656.397684243 26.636919396168977 4.9470652740768921 4.7799982952477942 1278.9888450346348 -0.27746166658974425 0.1165168381466498 -0.029259374033150105 0
1512 1 1 132537600 21233534.378261503 -159915594.32535687 -17033760.12630121 26.564613009963697 5.3841094467443682 4.823764084836915 1278.3325856094098 -0.26870318133766097 0.11035366190830619 -0.043541441519630152 0
1513 1 1 132624000 23525384.657058377 -159431528.26856846 -16615164.56442659 26.486506720490155 5.8211135559930733 4.865633973353594 1277.6941623927253 -0.26006622016277731 0.10472276022431201 -0.057248730996555378 0
1514 1 1 132710400 25810234.5389123 -158909708.17286041 -16193032.512258977 26.402560175181915 6.2580387119389673 4.9056310262717027 1277.0713575279963 -0.25152664622637577 0.099579157766902834 -0.070402408796382029 0
1515 1 1 132796800 28087577.731149666 -158350142.68553266 -15767524.828935429 26.312734357182819 6.6948419868135041 4.9437771512460902 1276.4621185157389 -0.24306306400939184 0.094879932058678937 -0.083019739720989361 0
1516 1 1 132883200 30356904.62193438 -157752844.33397293 -15338800.521929529 26.216991423518884 7.1314765071393138 4.9800933439299824 1275.8645568135425 -0.23465688997095507 0.090584266694149818 -0.095114153479014973 0
1517 1 1 132969600 32617702.374559075 -157117829.86249945 -14907016.815358832 26.115294539634096 7.5678915480785767 5.014599929922622 1275.2769463853053 -0.22629238474169963 0.086653481032622159 -0.10669534797251061 0
1518 1 1 133056000 34869455.007379718 -156445120.56101191 -14472329.197649881 26.007607712918357 8.004032628517173 5.047316800228784 1274.6977221710199 -0.21795665559947541 0.083051045478335861 -0.11776942786397554 0
1519 1 1 133142400 37111643.459408931 -155734742.58544481 -14034891.449226279 25.893895627607378 8.4398416054820462 5.0782636378712285 1274.1254784451182 -0.20963962745762846 0.079742573186875929 -0.12833907247222889 0
1520 1 1 133228800 39343745.641784191 -154986727.27014247 -13594855.651071392 25.774123483232628 8.8752567665099473 5.1074601336928316 1273.5589670358934 -0.20133399018796869 0.07669579743599772 -0.1384037283145714 0
1521 1 1 133315200 41565236.475498088 -154201111.43238136 -13152372.175178237 25.648256838460288 9.3102129188921641 5.1349261895330383 1272.9970953761811 -0.19303512360796746 0.073880532458222445 -0.14795982610155409 0
1522 1 1 133401600 43775587.915930279 -153377937.66935351 -12707589.658046331 25.516261461991203 9.7446414748125694 5.1606821072799693 1272.438924364222 -0.18474100396640061 0.071268622410247631 -0.1570010139209827 0
1523 1 1 133488000 45974268.964852966 -152517254.64799628 -12260654.958502447 25.378103191911013 10.178470531672655 5.1847487624357624 1271.8836660148088 -0.17645209577250864 0.068833880558884383 -0.16551841088897756 0
1524 1 1 133574400 48160745.67069231 -151619117.38810974 -11811713.101243936 25.233747804661348 10.611624947107444 5.2071477608610115 1271.3306808811153 -0.168171231163952 0.066552022104504074 -0.17350087583008042 0
1525 1 1 133660800 50334481.117922507 -150683587.53923139 -11360907.207607895 25.083160894680748 11.044026408454238 5.227901577515019 1270.7794752299167 -0.15990347815505246 0.06440059374827295 -0.18093529283049553 0
1526 1 1 133747200 52494935.406554483 -149710733.65175048 -10908378.415178131 24.926307765604655 11.475593496605473 5.2470336758726663 1270.229697946932 -0.15165600063689982 0.062358901450190095 -0.18780687519525979 0
1527 1 1 133833600 54641565.6227514 -148700631.44274372 -10454265.787959673 24.763153333788885 11.906241744441543 5.2645686066103812 1269.6811371408862 -0.1434379104624485 0.060407941598212701 -0.19409948894420473 0
1528 1 1 133920000 56773825.801668152 -147653364.05698285 -9998706.2189755272 24.593662044916027 12.335883690187417 5.2805320840674419 1269.1337164083402 -0.13526011156788748 0.058530334300228901 -0.19979599783669899 0
1529 1 1 134006400 58891166.883674264 -146569022.32353449 -9541834.3272840958 24.417797804310737 12.764428926202363 5.2949510385607876 1268.5874907016014 -0.12713513922837552 0.056710264308350383 -0.2048786394778899 0
1530 1 1 134092800 60993036.665170789 -145447705.00831836 -9083782.3515993748 24.235523921615982 13.19178414387641 5.3078536423473315 1268.0426417271844 -0.11907699054147335 0.054933428193297551 -0.20932943166184809 0
1531 1 1 134179200 63078879.745273046 -144289519.06292674 -8624680.0428969488 24.046803070521772 13.617853175404118 5.3192693066254844 1267.4994727841824 -0.11110094864580582 0.053186991621999455 -0.21313062184520717 0
1532 1 1 134265600 65148137.469688646 -143094579.86993873 -8164654.5586479949 23.851597264243733 14.042537033303448 5.3292286462526333 1266.9584029238677 -0.10322339740117618 0.051459555306691655 -0.2162651869982351 0
1533 1 1 134352000 67200247.873186648 -141863011.48488319 -7703830.3616370354 23.649867847566995 14.465733948661333 5.3377634081789331 1266.4199602856211 -0.095461626233775743 0.049741133876331528 -0.21871739690900877 0
1534 1 1 134438400 69234645.622126758 -140594946.87491351 -7242329.1267060935 23.441575506371734 14.887339409159893 5.3449063586079184 1265.8847744285526 -0.087833621941183812 0.048023145257190807 -0.22047345651482275 0
1535 1 1 134524800 71250761.95860666 -139290528.15416712 -6780269.6592484796 23.22668029575285 15.307246198000133 5.3506911227129752 1265.3535674374239 -0.080357844599968045 0.046298414614049085 -0.22152224641102153 0
1536 1 1 134611200 73248024.647889838 -137949906.81567937 -6317767.8298710901 23.005141688110321 15.725344434944247 5.3551519692225726 1264.8271435301174 -0.073052982301293534 0.044561191441584255 -0.2218561865233078 0
1537 1 1 134697600 75225857.930912659 -136573243.95961487 -5854936.5303833885 22.776918642946924 16.141521620736732 5.3583235304290984 1264.3063768352843 -0.065937679067286953 0.042807182407252509 -0.22147224995330933 0
1538 1 1 134784000 77183682.483836278 -135160710.51746619 -5391885.6571805244 22.541969700558642 16.555662686249985 5.3602404458612831 1263.7921969319514 -0.059030227922499873 0.041033599638392509 -0.22037316728495498 0
1539 1 1 134870400 79120915.386824116 -133712487.47175242 -4928722.129220644 22.300253102433459 16.967650047765307 5.3609369152045661 1263.2855716549 -0.05234821825399405 0.039239226585295411 -0.21856885857762287 0
1540 1 1 134956800 81036970.104504034 -132228766.07062483 -4465549.9491610564 22.051726942013502 17.377363669798207 5.360446143175289 1262.7874865737426 -0.045908123497812287 0.037424499471744574 -0.21607814062327987 0
1541 1 1 135043200 82931256.480931148 -130709748.0366684 -4002470.3178571342 21.796349350482057 17.784681136866229 5.3587996556734838 1262.2989204399155 -0.039724813143429023 0.035591605948448908 -0.21293075910892451 0
1542 1 1 135129600 84803180.752324715 -129155645.76907012 -3539581.8143490725 21.534078723504564 18.189477735447081 5.3560264635797807 1261.8208157937377 -0.033810967768684162 0.033744594940439021 -0.20916978131587238 0
1543 1 1 135216000 86652145.581426159 -127566682.53823493 -3076980.6555921216 21.264873996358567 18.59162654692112 5.3521520487441778 1261.3540438564225 -0.028176374661974275 0.031889491035747605 -0.20485436468732685 0
1544 1 1 135302400 88477550.118035868 -125943092.67189011 -2614761.0523829004 20.98869497639253 18.990998551599354 5.3471971473653044 1260.899362840458 -0.022827083260809514 0.030034399957239021 -0.20006286420482755 0
1545 1 1 135388800 90278790.091110498 -124285121.7317563 -2153015.6799069773 20.705502742847838 19.387462742738773 5.3411763107172749 1260.4573689501992 -0.01776441041266812 0.028189583862982585 -0.1948961691593333 0
1546 1 1 135475200 92055257.938679963 -122593026.68003374 -1691836.2826069091 20.415260124129244 19.780886247558268 5.3340962357172677 1260.028439733504 -0.012983804003112122 0.026367470716848432 -0.18948098828348234 0
1547 1 1 135561600 93806342.982686266 -120867076.03536232 -1231314.4324945547 20.117932261737561 20.171134448227249 5.325953890898151 1259.6126705063582 -0.0084735871327346213 0.02458251686524188 -0.1839723943051807 0
1548 1 1 135648000 95531431.65649496 -119107550.01878047 -771542.455501772 19.813487265804689 20.558071089584757 5.3167345203358831 1259.2098064203979 -0.0042136893451322124 0.022850824831984438 -0.17855464887511993 0
1549 1 1 135734400 97229907.792920277 -117314740.69169766 -312614.5299099955 19.501896958577401 20.941558351893629 5.3064096937581162 1258.8191755461012 -0.00017453526518611978 0.021189379223360425 -0.17343876631959257 0
1550 1 1 135820800 98901152.97880435 -115488952.08978245 145372.05945463921 19.183137662247603 21.321456868241224 5.29493571447283 1258.4396329998413 0.0036833368863263458 0.019614855149006415 -0.16885460097128197 0
1551 1 1 135907200 100544546.98083894 -113630500.36009452 602315.54129029019 18.857191101287583 21.69762559728979 5.2822523133173416 1258.0695142706447 0.0074133424842413578 0.018139235158070983 -0.16503961194468272 0
1552 1 1 135993600 102159468.32104813 -111739713.98208205 1058108.4923825485 18.52404720495716 22.069919752428913 5.26829080280248 1257.7068923192933 0.01110095608324929 0.016749910222352008 -0.16209088385502166 0
1553 1 1 136080000 103745294.75767976 -109816933.82168576 1512636.3909210747 18.183694448041006 22.438201354439155 5.2529427922672305 1257.3485638506677 0.014489107654449 0.015775365920209991 -0.16120663501059809 0
1554 1 1 136166400 105301401.59988165 -107862511.17726342 1965769.3230814876 17.836080090607727 22.802372216700803 5.2359409104752261 1256.9863190852202 0.016695048488853517 0.015975463451820566 -0.16513192089283993 0
1555 1 1 136252800 106827158.3282643 -105876805.09497434 2417353.1979232794 17.48113767382986 23.162333906247515 5.2170776553884002 1256.6140190437313 0.018148201024615594 0.016664607971716552 -0.16952978297580004 0
1556 1 3 136319209.36956829 107978868.69408974 -104329505.5816168 2763298.5703261252 17.203312257241123 23.436064398432546 5.2013110198810546 1256.3212814478647 0 0 0 157
1557 1 1 136339200 108321929.94573838 -103860185.00283439 2867226.6426923061 17.118826128930394 23.517950512282987 5.1963508276904404 1256.2321378331183 0.018970933884938267 0.017639826805987184 -0.17344594301986024 0
1558 1 1 136425600 109785076.52664171 -101813038.50868505 3315235.6008580481 16.749070215162813 23.868928096918431 5.1739302622654515 1255.8472115130755 0.019356371987958931 0.018760732002654573 -0.17698462086205213 0
1559 1 1 136512000 111215974.07331392 -99735712.432885647 3761170.1122842343 16.372518231188369 24.21713318276614 5.1476923433205268 1255.380016016147 0.035946295188614523 0.070475718899529846 -0.23334820208476992 0
1560 1 1 136598400 112614052.72413433 -97628399.858240291 4204645.0405007377 15.989179424994248 24.562433959779923 5.1176335087466827 1254.8271524288289 0.036202709253911301 0.072555275732599386 -0.23651099415263543 0
1561 1 1 136684800 113978690.79525745 -95491471.603913888 4645450.0741289929 15.598446616245422 24.90266106798467 5.0858780864138788 1254.2724335277858 0.037262720409204038 0.074554780527311085 -0.23957493448855846 0
1562 1 1 136771200 115309253.93732117 -93325367.154628962 5083431.4119063169 15.200408714733301 25.237779551507955 5.0522697800844245 1253.7098892322801 0.03808121711626225 0.076547907310436189 -0.24249515618087419 0
1563 1 1 136857600 116605111.35845858 -91130535.469276115 5518428.6621857425 14.795077365776224 25.567613923270901 5.0168003783568027 1253.1396814380262 0.038851283587454544 0.078553943116407302 -0.24536260556426101 0
1564 1 1 136944000 117865634.02616085 -88907441.042234868 5950281.6599378996 14.382479599380565 25.89197665333036 4.9794965367343407 1252.563044663699 0.039610974958625318 0.080309527687047091 -0.24717984653123634 0
1565 1 1 137030400 119090195.55034085 -86656565.21203652 6378834.4987878483 13.962649889055145 26.210669054286395 4.9404152920735269 1251.9821757493219 0.040419083473674039 0.081858622162090652 -0.24819098127964517 0
1566 1 1 137116800 120278172.71795368 -84378406.343705788 6803935.0524372552 13.53562547598931 26.523496533518131 4.8995842007349033 1251.3983100998328 0.041180036361359203 0.083320265829860796 -0.24890077153064311 0
1567 1 1 137203200 121428945.53021929 -82073479.37963526 7225432.2306539053 13.101444891135303 26.830269526563285 4.8570022905994357 1250.8117538394836 0.041907955395038457 0.084776215896573359 -0.24959261111381037 0
1568 1 1 137289600 122541897.54948342 -79742315.619382814 7643174.4549572645 12.660151763145375 27.130797623002351 4.8126637838027193 1250.2226369791795 0.042593313865803367 0.086194636384251871 -0.25016568862722999 0
1569 1 1 137376000 123616416.29600425 -77385462.988713056 8057009.9059305843 12.211794260971976 27.424886815952522 4.7665674085673642 1249.6312226700966 0.043238636642121832 0.087578321806375356 -0.25063710658871335 0
1570 1 1 137462400 124651893.67434667 -75003486.262984172 8466786.6282374375 11.756425702504201 27.712341024256787 4.7187115053731556 1249.0377435295168 0.043843861225004839 0.088924987052649812 -0.25100827159995687 0
1571 1 1 137548800 125647726.41946253 -72596967.257529348 8872352.5480294302 11.294104618566028 27.992961903896315 4.6690949957875318 1248.4424330754177 0.044409100157769638 0.090232357424008744 -0.25128039090558102 0
1572 1 1 137635200 126603316.55604602 -70166505.017896011 9273555.5233300626 10.824894958150296 28.266548969132135 4.6177173903878517 1247.84552472632 0.044934489374343627 0.091498027897068152 -0.25145441726598411 0
1573 1 1 137721600 127518071.87497813 -67712716.000129163 9670243.3973555211 10.348866281044479 28.532899704613833 4.5645788455629281 1247.2472524955817 0.045420187566081106 0.092719465683662905 -0.2515310174180973 0
1574 1 1 137808000 128391406.42645517 -65236234.240868047 10062264.056878885 9.8660939512408898 28.791809689031261 4.5096802234091156 1246.647851740649 0.045866371161675391 0.093894006399727947 -0.25151054441693699 0
1575 1 1 137894400 129222741.02982025 -62737711.516268253 10449465.49588521 9.3766593301239709 29.04307273026793 4.4530231541597587 1246.0475599583551 0.046273232187857678 0.09501885587590532 -0.25139302214185427 0
1576 1 1 137980800 130011503.80006212 -60217817.488724753 10831695.884704256 8.880649969000725 29.286481012712244 4.3946101004807243 1245.4466176040542 0.046640976459465411 0.096091093461671023 -0.25117813527006377 0
1577 1 1 138067200 130757130.69090264 -57677239.840319231 11208803.644756338 8.3781598005051734 29.521825257409546 4.3344444229498036 1244.8452689117346 0.046969825247046258 0.097107682694024255 -0.2508652318682269 0
1578 1 1 138153600 131459066.05435683 -55116684.391847417 11580637.528975403 7.8692893284065253 29.748894895786325 4.2725304458773357 1244.2437626868741 0.047260018257164318 0.098065485134300898 -0.25045333495951178 0
1579 1 1 138240000 132116763.21660227 -52536875.206228405 11947046.707907902 7.3541458152423358 29.96747825758904 4.2088735227432581 1243.6423530486843 0.047511818562999644 0.098961280123738782 -0.24994116376284267 0
1580 1 1 138326400 132729685.06994426 -49938554.675037287 12307880.861421624 6.8328434671524709 30.177362773697485 4.1434801004950144 1243.0413000973363 0.047725518700544228 0.09979178867928408 -0.24932716417371567 0
1581 1 1 138412800 133297304.68060529 -47322483.586850442 12662990.275892723 6.3055036152357316 30.378335194431543 4.0763577819275634 1242.4408704816167 0.047901448409216833 0.10055370304568785 -0.24860954895379112 0
1582 1 1 138499200 133819105.91200642 -44689441.176039189 13012225.94667487 5.7722548926707873 30.570181823891641 4.0075153854884382 1241.8413378470379 0.048039982545500834 0.10124371921660268 -0.24778634362864638 0
1583 1 1 138585600 134294584.06313881 -42040225.15060813 13355439.685605085 5.2332334067527517 30.752688770776107 3.9369630019652413 1241.2429831490276 0.048141549387546272 0.1018585736083289 -0.24685543869803017 0
1584 1 1 138672000 134723246.52154723 -39375651.697636425 13692484.233252261 4.6885829049374896 30.925642216064197 3.8647120474984908 1240.6460948159656 0.048206638539581785 0.10239508220610563 -0.24581464702141592 0
1585 1 1 138758400 135104613.4303652 -36696555.464853838 14023213.375573115 4.1384549339040557 31.088828697800945 3.7907753125536714 1240.0509687541119 0.048235808110620004 0.10285018125578547 -0.24466176226278691 0
1586 1 1 138844800 135438218.36875391 -34003789.516866818 14347482.064615691 3.5830089905641578 31.242035413129365 3.7151670065929401 1239.4579081905554 0.048229690333711224 0.10322096924366753 -0.24339461904197296 0
1587 1 1 138931200 135723609.04499903 -31298225.264543526 14665146.542889979 3.0224126638952735 31.385050537565995 3.6379027982877714 1238.8672233546472 0.048188995932884941 0.10350474805798608 -0.24201115099062367 0
1588 1 1 139017600 135960348.00142446 -28580752.366073411 14976064.471018001 2.4568417664116238 31.517663561372775 3.5589998511993723 1238.2792310022589 0.04811451610737251 0.10369906334188428 -0.24050944774561683 0
1589 1 1 139104000 136148013.3301715 -25852278.598234322 15280095.05827105 1.8864804540174762 31.639665642774673 3.4784768549605203 1237.6942537911677 0.048007122245649639 0.10380174300252895 -0.23888780663949244 0
1590 1 1 139190400 136286199.39878669 -23113729.696427796 15577099.195611576 1.3115213329849573 31.750849977616578 3.3963540520812647 1237.1126195194956 0.04786776371600468 0.1038109328153593 -0.2371447806846714 0
1591 1 1 139276800 136374517.58444923 -20366049.162085369 15866939.590866363 0.73216555276059614 31.851012184906779 3.3126532605159835 1236.5346602407487 0.047697462954041217 0.10372512848897167 -0.23527922044731894 0
1592 1 1 139363200 136412597.01555741 -17610198.036100499 16149480.905673189 0.14862288327752537 31.939950707605902 3.2273978921715933 1235.960711270503 0.047497308354809947 0.10354320460243413 -0.23329031090764432 0
1593 1 1 139449600 136400085.31927988 -14847154.637001179 16424589.893858444 -0.43888822450945814 32.017467227873873 3.1406129675684791 1235.3911101013498 0.047268445594041406 0.10326443863937472 -0.231177601277779 0
1594 1 1 139536000 136336649.37356377 -12077914.262653036 16692135.540922018 -1.0301405961710814 32.083367095875438 3.0523251268240008 1234.8261952420537 0.047012066386936183 0.10288853139282807 -0.228941030687524 0
1595 1 1 139622400 136221976.06198573 -9303488.8543634787 16951989.204317153 -1.6248983106852559 32.137459771135717 2.9625626371086637 1234.2663049963919 0.046729396821082902 0.10241562220022271 -0.22658094726511396 0
1596 1 1 139708800 136055773.02972114 -6524906.6223504478 17204024.754228521 -2.2229166978689312 32.179559275337787 2.8713553967377878 1233.7117761974878 0.046421683733135662 0.10184630055089597 -0.2240981227908882 0
1597 1 1 139795200 135837769.43880284 -3743211.631638966 17448118.7145629 -2.8239423575597669 32.209484655318327 2.7787349360305043 1233.1629429131835 0.046090180641013556 0.10118161176594087 -0.22149376153225922 0
1598 1 1 139881600 135567716.72074458 -959463.34756264964 17684150.403878 -3.4277132016432161 32.227060454927539 2.684734415016647 1232.620135136036 0.0457361334537153 0.10042305939912879 -0.21876950592571254 0
1599 1 1 139968000 135245389.32450739 1825263.8598359949 17912002.075979628 -4.0339585199923995 32.232117194324282 2.5893886180871823 1232.0836774719519 0.045360765588248676 0.099572601951955178 -0.21592743623374655 0
1600 1 1 140054400 134870585.45770001 4609881.2530811178 18131559.059927836 -4.6423990712957091 32.224491855141096 2.4927339456485389 1231.5538878406614 0.044965263885040706 0.098632645631986024 -0.21297006797255183 0
1601 1 1 140140800 134443127.81882453 7393286.3066528589 18342709.899193116 -5.2527471996650021 32.20402836988918 2.3948084028222976 1231.0310762000518 0.044550764513366287 0.097606032315131902 -0.20990034386670528 0
1602 1 1 140227200 133962864.31830372 10174363.328781782 18545346.489712242 -5.8647069778375078 32.170578113858305 2.295651585267767 1230.5155433074076 0.044118339977130584 0.096496023316697918 -0.2067216229651942 0
1603 1 1 140313600 133429668.78596124 12951984.125785472 18739364.216594603 -6.4779743776588852 32.124000397670684 2.1953046621327723 1230.007579528173 0.043668987182838549 0.095306278450372622 -0.20343766610389677 0
1604 1 1 140400000 132843441.66257232 15725008.70892174 18924662.08923316 -7.0922374684529235 32.064162958594295 2.0938103561747319 1229.507463703176 0.043203616493831372 0.094040831913208695 -0.20005261797434995 0
1605 1 1 140486400 132204110.67305242 18492286.043567039 19101142.874576695 -7.7071766437390794 31.990942448633216 1.9912129210841425 1229.0154620844817 0.042723042881806908 0.092704063573426726 -0.19657098604892467 0
1606 1 1 140572800 131511631.47882104 21252654.840352952 19268713.22832194 -8.3224648766390512 31.904224917356373 1.8875581160010586 1228.5318273480955 0.042227978323821094 0.091300667777495181 -0.19299761739699361 0
1607 1 1 140659200 130765988.30685003 24004944.387717269 19427283.823782895 -8.9377680041940781 31.803906287376087 1.7828931772451546 1228.0567976919217 0.041719026331357288 0.089835618223166477 -0.18933767206898636 0
1608 1 1 140745600 129967194.55289544 26747975.425141986 19576769.478198085 -9.5527450406474301 31.689892820353254 1.6772667872638243 1227.5905960257646 0.041196678591664898 0.088314131259670164 -0.18559659517530358 0
1609 1 1 140832000 129115293.35641266 29480561.056168534 19717089.27623314 -10.167048519632321 31.562101571392763 1.5707290407667798 1227.133429258244 0.040661313300621206 0.086741626368823668 -0.18178008687186833 0
1610 1 1 140918400 128210358.14466546 32201507.700093348 19848166.690435242 -10.780324865008319 31.420460829676443 1.4633314080195852 1226.6854876842699 0.040113196774421878 0.085123685909471558 -0.17789407143922686 0
1611 1 1 141004800 127252493.14357156 34909616.08106225 19969929.69839314 -11.39221478996838 31.264910543175585 1.3551266953015102 1226.2469444768039 0.039552486046788793 0.08346601285936546 -0.17394466409062959 0
1612 1 1 141091200 126241833.85286073 37603682.25309509 20082310.8963571 -12.002353723899695 31.095402725315811 1.2461690024729437 1225.8179552836657 0.038979234338760431 0.081774389190087685 -0.16993813886670533 0
1613 1 1 141177600 125178547.48318014 40282498.659391321 20185247.609064769 -12.610372266256118 30.91190184149562 1.1365136775940985 1225.3986579283999 0.038393398929857984 0.080054633280093546 -0.16588089497625463 0
1614 1 1 141264000 124062833.35284795 42944855.224086136 20278681.99551909 -13.215896666595093 30.714385173411412 1.0262172685864599 1224.9891722145358 0.037794850518455894 0.0783125591549442 -0.16177942374676738 0
1615 1 1 141350400 122894923.24203707 45589540.474453732 20362561.150459599 -13.818549329772239 30.502843159187563 0.91533747187901082 1224.5895998300814 0.037183384748030845 0.076553935492546299 -0.15764027575673614 0
1616 1 1 141436800 121675081.70226589 48215342.691381834 20436837.201266058 -14.417949345089648 30.277279707365658 0.80393307802758207 1224.2000243490213 0.036558735824802825 0.074784447107527727 -0.15347002828408704 0
1617 1 1 141523200 120403606.31918272 50821051.085780367 20501467.400031529 -15.013713038089072 30.037712482948166 0.69206391426690361 1223.8205113240685 0.035920590821433326 0.073009658397730465 -0.14927525425439733 0
1618 1 1 141609600 119080827.92674939 53405456.998433314 20556414.210538775 -15.605454543521773 29.784173163726383 0.57979078398533124 1223.4511084653159 0.035268605876465214 0.071234978720604816 -0.14506249151740089 0
1619 1 1 141696000 117707110.77106348 55967355.120653838 20601645.389875267 -16.192786397849847 29.516707665260871 0.46717540314359052 1223.0918458984838 0.034602423341951107 0.06946563110991294 -0.14083821361941876 0
1620 1 1 141782400 116282852.62220757 58505544.732969023 20637134.064422548 -16.775320149548069 29.235376332996896 0.35428033363746209 1222.7427364951886 0.033921689169865904 0.067706623482604908 -0.13660880208138271 0
1621 1 1 141868800 114808484.83266601 61018830.958932951 20662858.799957726 -17.352666985317072 28.940254100138269 0.24116891364952697 1222.4037762675327 0.033226071301237843 0.065962723944515536 -0.13238051982292648 0
1622 1 1 141955200 113284472.34102148 63506026.031055905 20678803.665610231 -17.924438370220372 28.631430610026772 0.12790518507913121 1222.074944819952 0.03251527724880162 0.064238438600443523 -0.12815948576274111 0
1623 1 1 142041600 111711313.61981691 65965950.565732762 20684958.291425139 -18.490246699640039 28.30901030192188 0.014553818121963437 1221.7562058499072 0.031789072288518398 0.062537993754166979 -0.12395165164270874 0
1624 1 1 142128000 110089540.56665806 68397434.843968824 20681317.919290412 -19.049705960834356 27.973112459273466 -0.098819966895014988 1221.4475076885624 0.031047296512688186 0.060865321674675753 -0.11976277988610504 0
1625 1 1 142214400 108419718.33782288 70799320.094626978 20667883.446997996 -19.602432401841636 27.623871219695111 -0.21215048025923436 1221.1487838745456 0.030289880846588704 0.05922404969937925 -0.11559842293155068 0
1626 1 1 142300800 106702445.12384607 73170459.776859671 20644661.465223197 -20.148045205356716 27.261435546047228 -0.32537164602464813 1220.8599537529255 0.029516862327259984 0.057617493512714994 -0.11146390396464864 0
1627 1 1 142387200 104938351.86675219 75509720.858347818 20611664.287222221 -20.686167165168374 26.885969158224363 -0.43841708739329188 1220.5809230911645 0.028728397356971431 0.056048653798136922 -0.10736429961378843 0
1628 1 1 142473600 103128101.91882223 77815985.085938364 20568909.971064474 -21.216425362704701 26.497650425397751 -0.55122021408878141 1220.3115847055087 0.027924773580481663 0.0545202162739329 -0.10330442316970233 0
1629 1 1 142560000 101272390.64299211 80088150.245261386 20516422.334239405 -21.73845184118597 26.09667221868062 -0.66371431146219251 1220.0518190909802 0.027106419648521375 0.053034555462348545 -0.099288809710756473 0
1630 1 1 142646400 99371944.955197036 82325131.40591298 20454230.960498959 -22.25188427489358 25.68324172435613 -0.77583263106463551 1219.8014950484755 0.026273912643259636 0.051593741105173438 -0.095321702017930623 0
1631 1 1 142732800 97427522.809192806 84525862.1488069 20382371.198822632 -22.756366631038755 25.257580217986316 -0.88750848237050728 1219.5604703035856 0.025427983566442998 0.050199547624114639 -0.091407037633975285 0
1632 1 1 142819200 95439912.624601021 86689295.772338554 20300884.15441924 -23.251549821745435 24.819922799933913 -0.9986753253330557 1219.3285921114089 0.024569519865026923 0.048853466270768468 -0.087548436935248358 0
1633 1 1 142905600 93409932.659138769 88814406.474055529 20209816.671708502 -23.737092343681876 24.370518093000001 -1.1092668634227336 1219.1056978424383 0.02369956601549501 0.047556719432442288 -0.083749191887401556 0
1634 1 1 142992000 91338430.326205224 90900190.504598632 20109221.309256587 -24.212660902919776 23.909627903059778 -1.2192171367727 1218.8916155451288 0.022819321043919507 0.046310276911315278 -0.080012255392637233 0
1635 1 1 143078400 89226281.459203556 92945667.290760919 19999156.306673151 -24.677931022657987 23.437526843765934 -1.3284606150490321 1218.6861644806113 0.021930134066213119 0.045114873927694039 -0.07634023128576943 0
1636 1 1 143164800 87074389.524179295 94949880.524613366 19879685.543510333 -25.13258763151703 22.95450192656223 -1.4369322896492684 1218.4891556249643 0.021033496883672748 0.043971030442011345 -0.072735364619395129 0
1637 1 1 143251200 84883684.782547653 96911899.215758502 19750878.490240678 -25.576325630214644 22.460852117400751 -1.5445677647855225 1218.3003921356578 0.020131034361232994 0.042879071198200065 -0.069199531509623241 0
1638 1 1 143337600 82655123.405871958 98830818.703901619 19612810.151429031 -26.008850434488437 21.956887861723729 -1.6513033470336633 1218.1196697770297 0.019224493031424358 0.041839146656917951 -0.065734229726680582 0
1639 1 1 143424000 80389686.544831261 100705761.62907092 19465561.001249183 -26.429878492282608 21.442930579429813 -1.7570761329032181 1217.9467772996957 0.018315726899716955 0.040851254238201858 -0.062340568070772942 0
1640 1 1 143510400 78088379.354682699 102535878.85697165 19309216.911537364 -26.839137773318711 20.919312131656376 -1.8618240939516846 1217.7814967688087 0.017406682282485222 0.039915259221325154 -0.059019255525906485 0
1641 1 1 143596800 75752229.979682475 104320350.35712281 19143869.072614558 -27.236368229285276 20.386374261342652 -1.9654861589794135 1217.6236038341992 0.016499380674745018 0.039030915503998502 -0.05577058913874252 0
1642 1 1 143683200 73382288.499073178 106058386.03160092 18969613.907150798 -27.621322223055554 19.844468009667708 -2.0680022928153359 1217.4728679344196 0.015595900477445851 0.038197885787813968 -0.052594440710896785 0
1643 1 1 143769600 70979625.837378696 107749226.49239983 18786552.977387581 -27.99376492544237 19.293953110543232 -2.1693135711971623 1217.3290524246638 0.014698358423654204 0.037415760758741902 -0.049490241584709278 0
1644 1 1 143856000 68545332.641870141 109392143.78560834 18594792.886077452 -28.353474678177772 18.735197365428082 -2.2693622512410272 1217.1919146164064 0.013808890044313338 0.036684077164047799 -0.046456965522137919 0
1645 1 1 143942400 66080518.130171448 110986442.06080551 18394445.171544045 -28.700243321956151 18.168576000805484 -2.3680918369857289 1217.0612057137675 0.012929630776166139 0.036002334474762525 -0.043493108884369455 0
1646 1 1 144028800 63586308.91106905 112531458.18427955 18185626.197310492 -29.033876488515066 17.594471010731723 -2.4654471394990973 1216.9366706276849 0.012062697566380143 0.035370010258046473 -0.040596668367014858 0
1647 1 1 144115200 61063847.781670384 114026562.29488578 17968457.036787491 -29.354193855897211 17.013270486899664 -2.5613743310440475 1216.8180476450602 0.011210171965657705 0.034786573590699484 -0.037765115715302215 0
1648 1 1 144201600 58514292.504125088 115471158.30157205 17743063.35355499 -29.661029366174294 16.425367938689437 -2.6558209928473193 1216.7050679247552 0.010374085322481998 0.03425149689722972 -0.034995370537577952 0
1649 1 1 144288000 55938814.565177187 116864684.32181318 17509575.277807474 -29.954231405067439 15.831161605703004 -2.7487361560716064 1216.5974547870428 0.0095564067842430853 0.033764265828782968 -0.032283771112433218 0
1650 1 1 144374400 53338597.921860121 118206613.06041385 17268127.279563189 -30.233662943032414 15.231053765264477 -2.840070335731264 1216.494922757634 0.0087590351806647471 0.033324387104467182 -0.02962604643602695 0
1651 1 1 144460800 50714837.736678407 119496452.12835065 17018858.039250243 -30.499201637502505 14.625450037365875 -2.9297755575036697 1216.3971763228315 0.0079837956802718737 0.032931394531616212 -0.027017291463755498 0
1652 1 1 144547200 48068739.105639942 120733744.30153945 16761910.316275489 -30.750739896119402 14.014758689492592 -3.0178053776938554 1216.3039083522078 0.0072324419174508766 0.032584852584788188 -0.024451951416921015 0
1653 1 1 144633600 45401515.782512732 121918067.71962059 16497430.816141028 -30.988184900902798 13.39938994371983 -3.1041148970390964 1216.2147981520914 0.006506664671443195 0.032284358148791284 -0.021923820354375411 0
1654 1 1 144720000 42714388.902677864 123049036.02505946 16225570.056594538 -31.211458593464098 12.779755288420757 -3.1886607695069369 1216.1295091348015 0.0058081067425490114 0.032029539989436827 -0.019426061064378962 0
1655 1 1 144806400 40008585.709932476 124126298.44306007 15946482.233177466 -31.42049762156779 12.156266796840571 -3.2714012077444892 1216.0476861321501 0.0051383836205898814 0.031820056120175209 -0.016951252111058371 0
1656 1 1 144892800 37285338.289560661 125149539.80297837 15660325.084376708 -31.61525324761109 11.529336454723746 -3.3522959871480373 1215.9689524553219 0.0044991073217815628 0.031655589406214234 -0.014491463877283622 0
1657 1 1 144979200 34545882.310922906 126118480.50211011 15367259.756412195 -31.795691220010387 10.899375499104908 -3.4313064505307467 1215.8929069088144 0.003891908642623908 0.031535841786651926 -0.012038360824052423 0
1658 1 1 145065600 31791455.782707065 127032876.41290706 15067450.66753857 -31.961791609037249 10.266793770328475 -3.508395514876645 1215.819121093024 0.0033184510396676741 0.031460528537164592 -0.0095833180847021675 0
1659 1 1 145152000 29023297.823820461 127892518.73485157 14761065.37165313 -32.113548609357217 9.6319990793084678 -3.583527680603281 1215.7471374496965 0.0027804269090991865 0.031429373178812219 -0.0071175339671855041 0
1660 1 1 145238400 26242647.452675246 128697233.79239327 14448274.421027031 -32.250970312284004 8.9953965920324386 -3.6566690422811399 1215.67646856332 0.0022795279653431656 0.03144210581916556 -0.0046321151700234459 0
1661 1 1 145324800 23450742.397330537 129446882.78052293 14129251.228139848 -32.374078451363921 8.3573882333011689 -3.7277872980798579 1215.6065981710522 0.0018173845819552976 0.031498465685650706 -0.0021181111362868032 0
1662 1 1 145411200 20648817.928629991 130141361.45973246 13804171.926898047 -32.482908125117646 7.7183721116795247 -3.7968517538108788 1215.5369841110642 0.0013954762483207937 0.031598210512983317 0.00043351790892027343 0
1663 1 1 145497600 17838105.718153745 130780599.80227509 13473215.23391063 -32.577507500408331 7.0787419675443868 -3.8638333167500316 1215.4670630700496 0.0010150233142621201 0.03174113152243789 0.0030320031009311494 0
1664 1 1 145584000 15019832.722541705 131364561.59179409 13136562.310906166 -32.657937498927964 6.4388866458483642 -3.9287044747213731 1215.396256568742 0.0006768786982825338 0.031927072038559122 0.0056869276000439534 0
1665 1 1 145670400 12195220.095589753 131893243.97851375 12794396.629715918 -32.724271467876022 5.7991895948694934 -3.9914392572296369 1215.3239772913723 0.00038144123031372555 0.032155945837706236 0.0084084219923322608 0
1666 1 1 145756800 9365482.1294906661 132366676.99227321 12446903.841442009 -32.77659483446449 5.1600283916840608 -4.0520131774406307 1215.2496347562251 0.00012860963471792472 0.032427748631134512 0.01120736320598874 0
1667 1 1 145843200 6531825.2266743081 132784923.01572528 12094271.651434973 -32.815004742793327 4.5217742945855637 -4.1104031560914072 1215.1726394803536 -8.2211099316580123e-05 0.032742559172079314 0.014095545680876648 0
1668 1 1 145929600 3695446.9038520758 133148076.22002454 11736689.70152002 -32.839609671190878 3.884791822319996 -4.1665874304419157 1215.0924051439667 -0.00025204988961106679 0.03310052772627211 0.017085800325537939 0
1669 1 1 146016000 857534.83002738492 133456261.96530987 11374349.460577486 -32.850529028419409 3.2494383598746777 -4.2205454527631696 1215.0083486739161 -0.00038226549310633367 0.033501854485538746 0.020192047639443395 0
1670 1 1 146102400 -1980734.0996651223 133709636.16826916 11007444.124164391 -32.84789272809536 2.6160637906827562 -4.2722577834047453 1214.9198885089638 -0.00047441517017885387 0.033946762470922945 0.023429283390623355 0
1671 1 1 146188800 -4818194.6524281939 133908384.63906825 10636168.523433482 -32.831840741994462 1.9850101553055577 -4.3217059832599718 1214.8264415137592 -0.00053011587481925973 0.034435469811759413 0.026813504569753326 0
1672 1 1 146275200 -7653694.1068330957 134052722.38994436 10260719.043221287 -32.802522634292757 1.3566113368733672 -4.3688725096307159 1214.7274190672313 -0.00055091705008259036 0.034968166281330954 0.030361590298400638 0
1673 1 1 146361600 -10486093.06089869 134142892.91779044 9881293.5488781594 -32.760097079978742 0.73119277367197455 -4.4137406183940007 1214.6222228048473 -0.00053819958623449991 0.035544995926326525 0.034091153315115488 0
1674 1 1 146448000 -13314266.19801899 134179167.46309346 9498091.3212094996 -32.704731371407867 0.10907119921724515 -4.4562942742954537 1214.5102403944111 -0.00049310822986055672 0.036166046438566544 0.038020376395464697 0
1675 1 1 146534400 -16137103.009897437 134161844.24760932 9111312.9987819009 -32.636600917242539 -0.50944558999389256 -4.496518070253547 1214.3908416116819 -0.00041651936430699078 0.036831343847108955 0.042167845414294906 0
1676 1 1 146620800 -18953508.476009872 134091247.69316667 8721160.5268020872 -32.555888737884253 -1.1240589391052063 -4.5343971559090708 1214.2633748817714 -0.00030904026703939603 0.037540850704963137 0.0465523855527155 0
1677 1 1 146707200 -21762403.699453734 133967727.62397525 8327837.1117747631 -32.462784961012012 -1.7344795121878054 -4.5699171752503451 1214.1271643740756 -0.00017103236213061613 0.03829446579447221 0.051192905414910284 0
1678 1 1 146793600 -24562726.499327052 133791658.45477851 7931547.1811703574 -32.357486320247027 -2.3404274427412743 -4.603064212958933 1213.9815076845657 -2.6515224195048897e-06 0.039092023000534992 0.056108249471395741 0
1679 1 1 146880000 -27353431.960015398 133563438.36713393 7532496.3473658515 -32.24019565932241 -2.9416324581545181 -4.6338247490791886 1213.8256741044593 0.000196103158862915 0.039933288616237565 0.061317059385761569 0
1680 1 1 146966400 -30133492.937942389 133283488.47603203 7130891.3751541907 -32.111121443534834 -3.537833979051479 -4.662185621715139 1213.658903456186 0.00042533783531486635 0.040817955019034909 0.066837640806950732 0
1681 1 1 147052800 -32901900.526473977 132952251.98897894 6726940.1521352082 -31.970477279816315 -4.1287811945889681 -4.6881339976134857 1213.4804054699393 0.00068521389645375829 0.041745630782631708 0.072687834554333086 0
1682 1 1 147139200 -35657664.479765013 132570193.35957117 6320851.6613079077 -31.818481446388859 -4.7142331148502734 -4.7116573506466413 1213.2893596721754 0.00097590312229518664 0.042715826561694419 0.078884888611606557 0
1683 1 1 147225600 -38399813.5964083 132137797.43748897 5912835.9551733835 -31.655356432718342 -5.29395860156382 -4.7327434484058397 1213.0849157612356 0.0012975487715327901 0.043727936592136599 0.085445329007854579 0
1684 1 1 147312000 -41127396.063801378 131655568.61672716 5503104.1306344187 -31.481328490325044 -5.8677363783860548 -4.7513803472271032 1212.866194448427 0.001650233878660375 0.044781216783716764 0.09238482820041434 0
1685 1 1 147398400 -43839479.764187582 131124029.98377636 5091868.303949154 -31.29662719487397 -6.4353550219728763 -4.7675563959549141 1212.6322887438212 0.0020339566008131722 0.045874759754132015 0.099718072319682827 0
1686 1 1 147484800 -46535152.543362804 130543722.46736211 4679341.5849710414 -31.101485019915962 -6.9966129350500967 -4.7812602487619209 1212.3822656686359 0.002448611909426988 0.047007467635716296 0.10745862558549006 0
1687 1 1 147571200 -49213522.443067797 129915203.99124534 4265738.0498807449 -30.896136922583516 -7.5513183026555541 -4.7924808872480282 1212.115168375655 0.0028939797219192931 0.048178023432844705 0.11561879606641588 0
1688 1 1 147657600 -51873717.898110121 129239048.63149074 3851272.7116070185 -30.680819941486522 -8.099289032662977 -4.801207651832117 1211.8300186552519 0.0033697185568212608 0.049384862201730287 0.1242095040253576 0
1689 1 1 147744000 -54514887.899279512 128515845.77951518 3436161.4871386588 -30.455772807038596 -8.6403526816368892 -4.8074302822782196 1211.5258198016311 0.0038753638812656873 0.050626142608000566 0.13324015634168346 0
1690 1 1 147830400 -57136202.12313953 127746199.31213842 3020621.1609522616 -30.221235564395212 -9.1743463670392789 -4.8111389670146734 1211.201559810836 0.0044103310645725894 0.051899719244799684 0.14271852858030862 0
1691 1 1 147916800 -59736851.02979023 126930726.76977462 2604869.343818373 -29.977449209132626 -9.7011166667450013 -4.8123244006732628 1210.8562148768895 0.0049739222949024241 0.053203116925223073 0.15265065928199098 0
1692 1 1 148003200 -62316045.929708496 126070058.54382156 2189124.4263079134 -29.724655335784352 -10.220519506751346 -4.8109778491066892 1210.4887531488562 0.0055653365674124483 0.054533507347560239 0.1630407564788553 0
1693 1 1 148089600 -64873019.020779379 125164837.07423081 1773605.5263870433 -29.463095799286325 -10.732420037950147 -4.8070912210591334 1210.0981387108282 0.0061836833956413085 0.055887687965700344 0.17389111895600948 0
1694 1 1 148176000 -67407023.396634653 124215716.05816698 1358532.4305671209 -29.19301238934985 -11.236692502789706 -4.8006571455131795 1209.6833357436299 0.0068279987106435354 0.057262063892399094 0.18520207357994417 0
1695 1 1 148262400 -69917333.027415931 123223359.67059684 944125.52816345892 -28.91464651776403 -11.733220092580405 -4.7916690536920887 1209.243312826522 0.0074972633656177892 0.058652633302846792 0.19697192866340035 0
1696 1 1 148348800 -72403242.714077115 122188441.79758506 530605.7383049496 -28.628238918572315 -12.221894796180361 -4.7801212646880424 1208.7770473380917 0.0081904237030009756 0.060054975838228442 0.20919694364024571 0
1697 1 1 148435200 -74864068.017336234 121111645.28301065 118194.42942615104 -28.334029361037732 -12.702617240749113 -4.7660090736790615 1208.2835299160424 0.0089064141082020754 0.061464245061858901 0.22187131489683007 0
1698 1 1 148521600 -77299145.162374884 119993661.18936212 -292886.668937337 -28.032256375298648 -13.175296525204558 -4.7493288417083734 1207.7617689365616 0.0096441806784139956 0.062875164522329358 0.23498717740082808 0
1699 1 1 148608000 -79707830.920379311 118835188.07321495 -702415.56214442383 -27.723156990579771 -13.639850046997267 -4.7300780861121821 1207.2107949780432 0.010402706553285315 0.064282027729891708 0.2485346196910134 0
1700 1 1 148694400 -82089502.467999294 117636931.27594411 -1110170.0942525768 -27.406966485811179 -14.096203322754242 -4.7082555706773146 1206.6296652342239 0.011181037584365377 0.065678702469775946 0.26250171440864639 0
1701 1 1 148780800 -84443557.225791037 116399602.23017973 -1515928.0595674191 -27.083918152495272 -14.544289803302007 -4.6838613946565255 1206.0174678436438 0.011978308974018984 0.067058639276587673 0.27687456073362171 0
1702 1 1 148867200 -86769412.676693842 115123917.78246953 -1919467.3218076457 -26.754243069630316 -14.984050683555783 -4.6568970799103955 1205.3733261071002 0.012793772043480155 0.068414884019696184 0.29163733870370634 0
1703 1 1 148953600 -89066506.165574983 113810599.53257293 -2320565.9406929049 -26.418169890514456 -15.415434707721582 -4.6273656554858453 1204.6964025664122 0.013626820779886407 0.069740094806776717 0.30677237408022934 0
1704 1 1 149040000 -91334294.680860564 112460373.18977343 -2719002.3057036991 -26.075924641245663 -15.838397970190314 -4.5952717389351729 1203.9859029178078 0.014477017926600564 0.071026563752183677 0.32226021472833838 0
1705 1 1 149126400 -93572254.619255692 111073967.94656749 -3114555.2767063356 -25.727730530720734 -16.252903712498561 -4.5606216138547131 1203.2410797390664 0.015344120419719331 0.0722662423495124 0.33807971318939467 0
1706 1 1 149212800 -95779881.534537941 109652115.87005223 -3507004.3310959707 -25.373807771943849 -16.658922116706023 -4.5234233031058633 1202.4612360095193 0.016228103573714223 0.073450771435344966 0.35420812054182294 0
1707 1 1 149299200 -97956689.871392116 108195551.31130956 -3896129.7170612914 -25.014373414422568 -17.056430095492345 -4.4836866372702486 1201.6457284048686 0.01712918383397536 0.074571515050661535 0.37062118411214678 0
1708 1 1 149385600 -100102212.6853034 106705010.33305603 -4281712.6125422847 -24.649641189256503 -17.445411079278625 -4.4414233178572919 1200.7939703509517 0.018047826305259546 0.07561959932342617 0.38729325593104363 0
1709 1 1 149472000 -102216001.34874356 105181230.15584369 -4663535.2894274788 -24.279821340844869 -17.825854799472175 -4.3966469755328861 1199.9054347979009 0.018985171550669318 0.076585973511989869 0.40419739117612064 0
1710 1 1 149558400 -104297630.68038315 103624949.98962326 -5041381.4651964679 -23.905255369713487 -18.197723171203592 -4.3493777532107858 1198.9797821279062 0.01994012500037266 0.07746134037777494 0.42130551699958907 0
1711 1 1 149644800 -106346642.54767482 102036896.8453656 -5415032.5367091699 -23.524253942247238 -18.561483058184294 -4.2995187086397735 1198.011222055738 0.065819934387993495 0.066944074565108772 0.44009797445316806 0
1712 1 1 149731200 -108362442.00249042 100417754.95234363 -5784283.3300279099 -23.137064959534548 -18.917269837599903 -4.247753244450716 1197.0178881190086 0.06549438370129769 0.064378418530224593 0.44052911927718746 0
1713 1 1 149817600 -110344612.24938305 98768232.271675661 -6149011.8156636776 -22.745822894474458 -19.264744994960463 -4.1948378658170498 1196.0267239541813 0.065188430153748061 0.061820806678720301 0.44094064956145995 0
1714 1 1 149904000 -112292797.98414387 97089042.91124481 -6509117.8064713739 -22.350406198890113 -19.604004840311646 -4.1407571641764385 1195.0351730609902 0.064911787653369121 0.059262772700929181 0.44133250910786292 0
1715 1 1 149990400 -114206719.2772446 95380922.025749519 -6864500.1481303498 -21.953421639520485 -19.934199322375537 -4.0854801344418705 1194.0454517586106 0.0072968788696435045 0.077214857162034245 0.44326585859076539 0
1716 1 1 150076800 -116086311.21532491 93644674.67072016 -7215055.1699865814 -21.555047236630791 -20.255342100007304 -4.0290382108626286 1193.0539019885448 0.0072611368698056464 0.074748047443015206 0.44368908629220832 0
1717 1 1 150163200 -117931314.51179209 91881031.853247285 -7560686.1235344112 -21.152784526687331 -20.568354398531746 -3.9715007067278632 1192.0619426504395 0.0071049167599026852 0.072421586522149112 0.44407728377327488 0
1718 1 1 150249600 -119741513.80902314 90090719.00796631 -7901311.326890924 -20.750499523052717 -20.872518487025694 -3.9132889227018839 1191.0734237296224 -0.07783069176807253 0.08474659326410483 0.43504068585481942 0
1719 1 1 150336000 -121517039.76573326 88274492.290197358 -8236886.9229676183 -20.349433334594536 -21.168634786474509 -3.8545242815437231 1190.0816960909565 -0.10308642708576632 0.064177598753378223 0.43330638625450857 0
1720 1 1 150422400 -123257829.76315549 86432990.402236849 -8567346.1728852335 -19.946152757143281 -21.45735490505508 -3.7948371413991557 1189.0903988859341 -0.1033395458587496 0.06260828172861771 0.43347565251199227 0
1721 1 1 150508800 -124963662.12956204 84566912.113934144 -8892612.1331063882 -19.540363908094552 -21.737404103043612 -3.7343615595699431 1188.0993021583413 -0.11162711809219061 0.071887784457624268 0.42996689750747824 0
1722 1 1 150595200 -126634339.77851349 82677014.899788007 -9212622.4050540999 -19.132312839431229 -22.008857953165322 -3.6731368824665847 1187.1081211267426 -0.11201282638179248 0.07069401416019902 0.43006451037940807 0
1723 1 1 150681600 -128269655.37951221 80764014.854793683 -9527304.9682140499 -18.721826524794718 -22.272195104941797 -3.6110409611761152 1186.1169569664091 -0.11242562108441252 0.069568212552243686 0.43014037653546305 0
1724 1 1 150768000 -129869406.57012077 78828613.304996699 -9836586.4124105554 -18.309088987860967 -22.527417086526075 -3.5481161798334213 1185.1257928048449 -0.11286904490681555 0.068511740161775525 0.43019381697303444 0
1725 1 1 150854400 -131433405.63295284 76871509.864055037 -10140396.464320144 -17.894256760344145 -22.774559923301318 -3.4843934727076964 1184.1346286437415 -0.11334224567316746 0.067520434204429255 0.43022613392332254 0
1726 1 1 150940800 -132961478.21952018 74893400.920550987 -10438667.500637323 -17.477482791221671 -23.013662202786243 -3.4199032539298111 1183.1434644828234 -0.11384518327071387 0.066591321836910966 0.43023815509793006 0
1727 1 1 151027200 -134453463.04435807 72894979.426788077 -10731334.504348772 -17.058916521619576 -23.24476485467714 -3.3546754404969739 1182.1523003220741 -0.11437784829283808 0.065721575232576129 0.43023061533188151 0
1728 1 1 151113600 -135909211.58333737 70876934.703102455 -11018335.021845372 -16.638703918127753 -23.467910996622969 -3.2887394540876622 1181.1611361614719 -0.11494028971906048 0.064908540595316797 0.43020415055771438 0
1729 1 1 151200000 -137328587.77518195 68839952.255470753 -11299609.120293202 -16.216987513096992 -23.683145781391858 -3.222124224980305 1180.1699720009979 -0.11553261203587827 0.064149726440719312 0.43015930555289417 0
1730 1 1 151286400 -138711467.72659343 66784713.606051236 -11575099.345355937 -15.793906447774356 -23.890516250293413 -3.154858196268056 1179.1788078406271 -0.11615497267818584 0.063442792825859295 0.43009654074473214 0
1731 1 1 151372800 -140057739.42145792 64711896.136260897 -11844750.67938065 -15.369596524637776 -24.090071189044806 -3.0869693307198869 1178.1876436804794 -0.11680763706919599 0.062785568400296934 0.43001621867432233 0
1732 1 1 151459200 -141367302.4323481 62622172.940315105 -12108510.49930355 -14.944190188674437 -24.281861041613126 -3.0184850903990315 1177.1964795202009 -0.11748963569305848 0.062175254295509769 0.42991908919935284 0
1733 1 1 151545600 -142640075.65297085 60516216.529340319 -12366330.518255439 -14.518015610135604 -24.465842404242835 -2.949481701868168 1176.2047420434553 -0.11820616395583897 0.061615612001860096 0.42980323307355606 0
1734 1 1 151632000 -143875911.91431391 58394661.852297239 -12618146.083228106 -14.088348353799683 -24.643336686131942 -2.8792902953300494 1175.2156738670328 -0.053976670401384194 0.030012447697997602 0.44574182217462538 0
1735 1 1 151718400 -145074477.81018421 56258009.559391618 -12863841.265791945 -13.65641811069613 -24.81519737970822 -2.8080458836955371 1174.2239311043709 -0.07603817922753793 0.008537241353917726 0.443447077800526 0
1736 1 1 151804800 -146235680.15656084 54106752.183486789 -13103359.917610768 -13.222348439946629 -24.981600692523799 -2.7362135141449988 1173.2348142808423 -0.012032944665833366 -0.025919305539563245 0.44909174768972965 0
1737 1 1 151891200 -147359205.00251096 51941363.66928111 -13336638.41826614 -12.785099271494834 -25.141921787261321 -2.6636776594869764 1172.2430724052956 -0.011938660439928486 -0.029384451356614948 0.44888085546765172 0
1738 1 1 151977600 -148444940.07470399 49762439.181071781 -13563631.497266134 -12.347589643212199 -25.294951713302879 -2.5907207460809651 1171.2519083833536 -0.011849090560973885 -0.03298571439162639 0.44863296991967933 0
1739 1 1 152064000 -149492858.274941 47570601.320909001 -13784303.04834185 -11.909725058813898 -25.44085275218066 -2.517350097559317 1170.2607442198776 -0.011706579472203098 -0.036592662939384561 0.44835692591513027 0
1740 1 1 152150400 -150502933.12369949 45366463.354763873 -13998618.381614562 -11.471602007121758 -25.579686810291584 -2.4435901119913925 1169.2695800618008 -0.011509975338051308 -0.040208572557200256 0.44805221923413102 0
1741 1 1 152236800 -151475142.07907152 43150629.192515016 -14206544.908060387 -11.033208069743148 -25.711615036823751 -2.3694650313933017 1168.2782163336128 -0.011259600938848062 -0.043831788519046851 0.4477186568615602 0
1742 1 1 152323200 -152409510.40313819 40923734.168283984 -14408052.048009327 -10.596123355305554 -25.835321258694481 -2.2949961985705771 1167.2878474133533 -0.04545621601427885 -0.01545046093185364 0.44743157653730303 0
1743 1 1 152409600 -153306193.75462592 38686522.767282017 -14603110.651422732 -10.160439381736252 -25.950833245112175 -2.2201940780198868 1166.2964820070854 -0.045135096655854502 -0.018160514349048883 0.44736229028433394 0
1744 1 1 152496000 -154165233.68989557 36439626.263288505 -14791691.897959339 -9.7247748658298683 -26.059499928232199 -2.1450600537551643 1165.3050057986634 -0.045173462975956015 -0.019519784106675001 0.44730116953925875 0
1745 1 1 152582400 -154986640.6373606 34183639.584839262 -14973771.939286361 -9.2893106360267836 -26.161279152618722 -2.0697498459745782 1164.3172221498396 -0.044479647397567726 -0.022021419445762653 0.44384928443932964 0
1746 1 1 152668800 -155770433.85086957 31919152.372345995 -15149344.708124198 -8.8541000955849007 -26.25628097424935 -1.9944367080403409 1163.3376465727752 -0.043717623065731376 -0.024469873573897571 0.43998600031726975 0
1747 1 1 152755200 -156516638.83377498 29646747.855438914 -15318411.288088899 -8.4192263457124934 -26.34455977427239 -1.9191468507865788 1162.3664350415315 -0.042938085671140082 -0.026867842131443481 0.43612405925813236 0
1748 1 1 152841600 -157225288.1937733 27367004.39546001 -15480974.483648792 -7.9847702469196289 -26.426173561867149 -1.8438986340152712 1161.4035209843228 -0.04214248476591273 -0.029214350863224173 0.43226402841632561 0
1749 1 1 152928000 -157896421.42671794 25080495.35315023 -15637038.723312862 -7.5508104097713353 -26.501180075313901 -1.7687112095783197 1160.4488755632337 -0.041332363765785085 -0.031508398110453979 0.42840638580155666 0
1750 1 1 153014400 -158530084.73257241 22787789.113539379 -15786610.07008099 -7.1174234241357981 -26.569636747532357 -1.6936032638230687 1159.502469866007 -0.040509358667053907 -0.033748960581518876 0.42455152045611627 0
1751 1 1 153100800 -159126330.84410036 20489449.114168085 -15929696.181938846 -6.6846839349030374 -26.631600664124417 -1.6185930341154493 1158.5642751456742 -0.039675197503434151 -0.035934998829960652 0.42069973407375333 0
1752 1 1 153187200 -159685218.86205339 18186033.876779567 -16066306.273778299 -6.2526647166740439 -26.687128524986125 -1.5436983253382361 1157.6342630608431 -0.038831698981986754 -0.038065462609028031 0.41685124071325885 0
1753 1 1 153273600 -160206814.09676516 15878097.04217954 -16196451.080743408 -5.8214367473414077 -26.736276609333316 -1.4689365263710821 1156.7124059169721 -0.037980771418026124 -0.040139295902187767 0.41300616776320676 0
1754 1 1 153360000 -160691187.91605315 13566187.407975398 -16320142.822997736 -5.3910692805153282 -26.779100744006893 -1.3943246265249158 1155.7986769077938 -0.037124411416700462 -0.042155442199561362 0.40916455574128047 0
1755 1 1 153446400 -161138417.59932613 11250848.968917297 -16437395.171910899 -4.9616299167495432 -26.815656274907663 -1.319879231951923 1154.8930503574643 -0.036264702771242337 -0.044112849036025782 0.40532635839235359 0
1756 1 1 153532800 -161548586.19779307 8932620.959577214 -16548223.217660565 -4.5331846735336487 -26.845998041428544 -1.2456165819999168 1153.9955019623837 -0.03540381520716826 -0.046010473077286076 0.40149144271414172 0
1757 1 1 153619200 -161921782.40066367 6612037.8991116174 -16652643.438245706 -4.1057980539996688 -26.870180353762105 -1.1715525655334931 1153.1060090331673 -0.03454400281880677 -0.047847284585091972 0.39765958822733399 0
1758 1 1 153705600 -162258100.4072291 4289629.6378658162 -16750673.669908244 -3.6795331143080174 -26.888256972944774 -1.0977027371999004 1152.2245507359276 -0.03368760261223188 -0.049622272009255966 0.39383048710314239 0
1759 1 1 153792000 -162557639.80470565 1965921.4055883042 -16842333.078957293 -3.2544515296892911 -26.900281093522629 -1.0240823336480562 1151.3511083327735 -0.032837032899022997 -0.0513344463542907 0.39000374293752155 0
1760 1 1 153878400 -162820505.45172662 -358566.13896627515 -16927642.134993579 -2.8306136591126938 -26.906305328724784 -0.95070628970415294 1150.4856654212651 -0.03199479159266249 -0.052982845640648674 0.38617887050089122 0
1761 1 1 153964800 -163046807.36736056 -2683316.8572573494 -17006622.585528541 -2.4080786085625747 -26.906381698027161 -0.87758925449475733 1149.6282081721463 -0.031163454460952023 -0.054566538990628577 0.38235529442956284 0
1762 1 1 154051200 -163236660.62553596 -5007819.0792037947 -17079297.431994963 -1.9869042928839025 -26.900561617012976 -0.8047456075238868 1148.7787255650569 -0.030345672767024129 -0.056084631230328232 0.37853234857268558 0
1763 1 1 154137600 -163390185.25474617 -7331565.5506490283 -17145690.907144614 -1.5671474961784577 -26.888895889424887 -0.73218947471577955 1147.9372096220216 -0.029544171248434083 -0.057536266777837686 0.3747092741992985 0
1764 1 1 154224000 -163507506.14290985 -9654053.3802297376 -17205828.453830656 -1.1488639307436925 -26.871434701297236 -0.65993474440980693 1147.1036556377605 -0.028761745648540688 -0.05892063384916614 0.37088521942358393 0
1765 1 1 154310400 -163588752.9472602 -11974783.98582503 -17259736.705169253 -0.73210829452934723 -26.848227617097113 -0.58799508331123729 1146.2780624061847 -0.028001260141335256 -0.060236968719327176 0.36705923712651495 0
1766 1 1 154396800 -163634060.0091328 -14293263.0407554 -17307443.466078971 -0.31693432708169994 -26.819323577773581 -0.51638395241898638 1145.4604324430627 -0.027265644133093472 -0.061484559632145983 0.36323028373784461 0
1767 1 1 154483200 -163643566.2735216 -16609000.419892546 -17348977.696194321 0.096605136036148023 -26.784770900636531 -0.44511462291947246 1144.650772203692 -0.026557889321554538 -0.062662751136803418 0.35939721719414164 0
1768 1 1 154569600 -163617415.21327084 -18921510.145835023 -17384369.494152132 0.50845811035585098 -26.744617280983466 -0.37420019206373745 1143.8490922952324 -0.02588104613983434 -0.063770947932390479 0.355558795229103 0
1769 1 1 154656000 -163555754.7577683 -21230310.33529675 -17413650.083248168 0.91857341119323099 -26.698909795388982 -0.30365359901057976 1143.0554076823771 -0.02523821961831256 -0.064808619037514781 0.35171367352797073 0
1770 1 1 154742400 -163458737.22600406 -23534923.145849712 -17436851.798462074 1.3269006039186764 -26.647694906609626 -0.2334876406651003 1142.2697378860742 -0.024632565485679568 -0.065775302171504027 0.34786040326512291 0
1771 1 1 154828800 -163326519.26385593 -25834874.723157343 -17454008.074850667 1.7333899558278925 -26.591018470012433 -0.16371498750747807 1141.4921071742101 -0.024067285305111791 -0.066670607484319813 0.34399742923009108 0
1772 1 1 154915200 -163159261.78546375 -28129695.148826454 -17465153.43730808 2.1379923896619273 -26.52892574146826 -0.094348199410251299 1140.7225447431028 -0.02354562118645219 -0.06749422209369442 0.34012308729237123 0
1773 1 1 155001600 -162957129.9185468 -30418918.389002781 -17470323.491692722 2.540659438785311 -26.461461386648786 -0.025399741458578023 1139.9610848889895 -0.023070850339933557 -0.068245913924059209 0.33623560210695325 0
1774 1 1 155088000 -162720292.95352155 -32702082.243828006 -17469554.917321272 2.9413432040543994 -26.388669491678009 0.043118000222346409 1139.2077671682996 -0.022646278705821098 -0.068925536512422753 0.33233308437967085 0
1775 1 1 155174400 -162448924.29627207 -34978728.29787384 -17462885.460830711 3.33999631241422 -26.310593575067116 0.11119270263042134 1138.4626365455308 -0.022275234235802958 -0.069533032603168815 0.32841352845463861 0
1776 1 1 155260800 -162143201.42442018 -37248401.871659935 -17450353.931408521 3.736571877261138 -26.227276600879833 0.17881209005084764 1137.7257435269869 -0.021961059243097148 -0.070068439048300915 0.3244748097134027 0
1777 1 1 155347200 -161803305.84694514 -39510651.974361524 -17432000.197392419 4.1310234605941263 -26.138760993082986 0.24596391818574947 1136.9971442798014 -0.021707102340280636 -0.070531890782254802 0.32051468163166608 0
1778 1 1 155433600 -161429423.06697524 -41765031.257813685 -17407865.184226185 4.5233050375067689 -26.045088651258308 0.31263595871457178 1136.2769007210434 -0.021516704063272378 -0.070923627998151162 0.31653077765522031 0
1779 1 1 155520000 -161021742.54741761 -44011095.971962251 -17377990.8737204 4.9133709651747122 -25.946300967917409 0.3788159835577905 1135.5650805978978 -0.021393274041423552 -0.071243959547971442 0.31252052527061402 0
1780 1 1 155606400 -160580457.68941048 -46248405.918032758 -17342420.310712285 5.3011756803624248 -25.842438745270023 0.44449159020954443 1134.8617621459894 -0.021342159672233626 -0.071492607734922844 0.30848021236210121 0
1781 1 1 155692800 -160105765.71512184 -48476524.440888278 -17301197.549745809 5.686677137327198 -25.733543533426531 0.50965232365316171 1134.1669721845983 -0.021309981942585196 -0.071691633838067689 0.30444189615278622 0
1782 1 1 155779200 -159597865.98218137 -50695019.018977091 -17254366.557615854 6.069866038020356 -25.619668733324122 0.57430961298422867 1133.4801096554347 -0.021598780165527645 -0.071727198611728701 0.30021751082544951 0
1783 1 1 155865600 -159056979.08106256 -52903453.882388063 -17201983.825010579 6.4500798153143135 -25.500617068209799 0.63804240947772861 1132.812778934772 -0.035578758174639714 -0.066517018687339391 0.28694622397521685 0
1784 1 1 155952000 -158483378.75924286 -55101378.459814318 -17144139.608551603 6.8273054414362848 -25.376461420616792 0.70085712374570963 1132.1640326724337 -0.035256017041834196 -0.067236603513734755 0.2831181624860955 0
1785 1 1 156038400 -157877288.81005213 -57288368.498344533 -17080889.828288533 7.2021478547766451 -25.247509302999458 0.76316968661505968 1131.5222020969095 -0.034735770761131941 -0.067991377550408988 0.27944116454134665 0
1786 1 1 156124800 -157238918.50815946 -59464010.595654279 -17012279.348731723 7.5745282227842692 -25.113783723455242 0.82494516560462738 1130.8879823559389 -0.034321552588154572 -0.068659653893462957 0.27571082960992516 0
1787 1 1 156211200 -156568482.50385883 -61627893.923449054 -16938355.123054795 7.9444027420675081 -24.975321969895386 0.88617140872730538 1130.2614638309335 -0.033958052320105146 -0.069266295971043224 0.27196459453385524 0
1788 1 1 156297600 -155866199.04407316 -63779610.932764545 -16859165.033572342 8.3117310949674668 -24.832162311337164 0.94683847424643208 1129.6426815811819 -0.033649658517186751 -0.069811493935227578 0.26819929396866471 0
1789 1 1 156384000 -155132289.85941356 -65918757.358953863 -16774757.828485401 8.6764730093265197 -24.68434251725396 1.00693629198368 1129.0316784151926 -0.033397913750802137 -0.070295999113604957 0.26441333255265331 0
1790 1 1 156470400 -154366980.19498476 -68044932.201636672 -16685183.154332966 9.0385870442072047 -24.531900513121162 1.0664539137583864 1128.4285163599102 -0.033228788122422664 -0.070729696008389353 0.260589784242994 0
1791 1 1 156556800 -153570499.46362832 -70157737.952058598 -16590491.997856125 9.398019049749303 -24.374878943576036 1.1253717863962109 1127.8334131946622 -0.033016278587829642 -0.071071297518909587 0.2568069192854347 0
1792 1 1 156643200 -152743073.34151241 -72256777.803515136 -16490731.519179586 9.7549828428023311 -24.213224259157322 1.1838461113791661 1127.2433884808349 -0.027371388910500682 -0.069306729626840022 0.25659882157277708 0
1793 1 1 156729600 -151884911.76996827 -74341649.661586016 -16385937.293579206 10.10939281822456 -24.046938805091727 1.2418328851345248 1126.6595241805867 -0.02840399451414061 -0.068713738402271185 0.25193830599982886 0
1794 1 1 156816000 -150996253.78631392 -76411958.240968496 -16276163.061657075 10.460911101516283 -23.87611746733095 1.2991216194789363 1126.0860370614412 -0.029658561533833193 -0.068096490741799992 0.24712369697371545 0
1795 1 1 156902400 -150077350.33703554 -78467313.08431688 -16161469.261587763 10.809512683763588 -23.700793466980333 1.3557096104520978 1125.5228273830708 -0.030992354281138529 -0.067426118732267684 0.24224123446111342 0
1796 1 1 156988800 -149128455.16602764 -80507326.708199039 -16041917.015224772 11.1551568948964 -23.521002669970866 1.411583186441981 1124.9700253482486 -0.032433726751264567 -0.066710989510902818 0.23726805641695872 0
1797 1 1 157075200 -148149825.6096971 -82531614.741933063 -15917568.692512641 11.497801665997267 -23.336781184956124 1.4667273948540103 1124.4277822610932 -0.033981733536722451 -0.065953846763109697 0.23219976120695082 0
1798 1 1 157161600 -147141722.6243498 -84539795.930774942 -15788487.963150982 11.837405256699212 -23.148165039844724 1.5211270882300674 1123.8962475673279 -0.035635929461159378 -0.065157790446355585 0.22703127160186692 0
1799 1 1 157248000 -146104410.76344818 -86531492.131442234 -15654739.81799471 12.173926143431055 -22.955190235827782 1.574766829719676 1123.3755694288552 -0.037395428725727681 -0.064326083152505945 0.22175736592050932 0
1800 1 1 157334400 -145038158.15775886 -88506328.31094563 -15516390.59446563 12.507323046447992 -22.75789277361892 1.6276308842744336 1122.8658935004223 -0.039258818154962391 -0.063462136455290627 0.21637273189155456 0
1801 1 1 157420800 -143943236.49302188 -90463932.547672823 -15373508.002652325 12.837554959712229 -22.556308679387307 1.6797032110533969 1122.3673615458272 -0.041224120748986799 -0.062569503889265687 0.210871977518821 0
1802 1 1 157507200 -142819920.98488256 -92403936.034680977 -15226161.152020488 13.164581184400705 -22.350474029908753 1.7309674569540006 1121.8801098867059 -0.043288755394800468 -0.061651870456234152 0.20524964630730283 0
1803 1 1 157593600 -141668490.35075977 -94325973.085119158 -15074420.57861666 13.488361366321264 -22.140424976670374 1.7814069516924349 1121.4042676577196 -0.045449496965199038 -0.060713040340815497 0.19950023506340894 0
1804 1 1 157680000 -140489226.77831542 -96229681.139678806 -14918358.272624362 13.808855537150736 -21.926197768678943 1.8310047045881903 1120.9399548447723 -0.047702437206876405 -0.059756920843763446 0.19361821335563573 0
1805 1 1 157766400 -139282415.89019954 -98114700.775949195 -14758047.706118125 14.126024159397684 -21.707828773700047 1.8797434032379414 1120.4872800787425 -0.050042946639963337 -0.058787503911072229 0.18759804609150116 0
1806 1 1 157852800 -138048346.70475522 -99980675.71952942 -14593563.860842725 14.439828174918032 -21.485354497612565 1.9276054142871493 1120.0463381524371 -0.052465639020968222 -0.057808842831449492 0.18143421832494452 0
1807 1 1 157939200 -136787311.59238693 -101827252.85671797 -14424983.255828224 14.750229056738556 -21.258811601527466 1.9745727864982539 1119.6172072238182 -0.054964338628094488 -0.056825025605515049 0.17512126309287626 0
1808 1 1 158025600 -135499606.22731966 -103654082.2485721 -14252383.974632224 15.057188863866388 -21.028236916293899 2.0206272563495524 1119.1999456619276 -0.05753205204134746 -0.055840142739093039 0.16865379230421826 0
1809 1 1 158112000 -134185529.53450859 -105460817.14609179 -14075845.691980636 15.360670298664109 -20.793667453963664 2.0657502564012926 1118.7945884855642 -0.060160945198852442 -0.0548582504457562 0.16202653084852339 0
1810 1 1 158198400 -132845383.63149904 -107247114.00624666 -13895449.699556865 15.660636766252315 -20.555140415757727 2.1099229266865738 1118.4011433372418 -0.062842327850229196 -0.05388332744841437 0.15523435431189955 0
1811 1 1 158284800 -131479473.7650903 -109012632.50852214 -13711278.930666443 15.957052435285279 -20.31269319602465 2.1531261293964454 1118.0195859278847 -0.06556664622871046 -0.052919225919398863 0.14827233031180978 0
1812 1 1 158371200 -130088108.24271625 -110757035.57161576 -13523417.983480297 16.249882299309711 -20.066363381678773 2.1953404671495482 1117.6498548809304 -0.068323486508840695 -0.051969615775782893 0.14113576403722269 0
1813 1 1 158457600 -128671598.35853358 -112479989.36986983 -13331953.142533476 16.539092237760432 -19.816188746565341 2.2365463051550214 1117.2918459003406 -0.071101590269043669 -0.051037922227663159 0.13382024797050418 0
1814 1 1 158544000 -127230258.31429024 -114181163.34897935 -13136972.398126548 16.824649075605997 -19.562207240234237 2.2767237976617785 1116.9454051872137 -0.073888883109531928 -0.050127257610132779 0.12632171631206757 0
1815 1 1 158630400 -125764405.13519008 -115860230.24047874 -12938565.463319192 17.106520639090729 -19.304456970867157 2.315852916933097 1116.6103220672626 -0.076672533382313446 -0.049240350211327132 0.11863648252484833 0
1816 1 1 158716800 -124274358.58127528 -117516866.07454482 -12736823.788419802 17.384675806028863 -19.042976183065694 2.3539134863523201 1116.2863207327371 -0.079438790180033039 -0.048379438111700084 0.11076165298840779 0
1817 1 1 158803200 -122760441.03515208 -119150750.18634698 -12531840.543592047 17.659085068024545 -18.777803115587645 2.3908859787797843 1115.9730444045213 -0.082169873734974114 -0.047545449078742197 0.10269969756708863 0
1818 1 1 158889600 -121222977.57985316 -120761565.26175821 -12323710.888463952 17.929713779866368 -18.508977443452554 2.4267414185646015 1115.6701233224576 -0.084960073635234737 -0.046763065439455159 0.094285986214221962 0
1819 1 1 158976000 -119662299.69953074 -122348998.45522189 -12112534.674955161 18.196451247254828 -18.236562756664473 2.4614093643841519 1115.3761696705692 -0.087217970533683298 -0.045904719521656805 0.086383280892952205 0
1820 1 1 159062400 -118078702.17768806 -123912729.12359798 -11898382.963349761 18.460669899876532 -17.960194232357189 2.4959224185041529 1115.0985181344438 -0.058930359007469825 -0.036213131180241782 0.10095332418899808 0
1821 1 1 159148800 -116472368.71318118 -125452406.23726857 -11681242.788034549 18.722321664444323 -17.679886548498107 2.5302835059100355 1114.8348450468186 -0.06158790996619045 -0.034862487212298454 0.093203766936131374 0
1822 1 1 159235200 -114843601.78315568 -126967712.4594384 -11461185.450393643 18.979958499893169 -17.396059097869994 2.5634415448566998 1114.5830255401393 -0.06469170539143386 -0.033646834715383551 0.08457359236479392 0
1823 1 1 159321600 -113192745.85110708 -128458344.30485673 -11238313.918054946 19.23363888241645 -17.108726502926586 2.5954258564008241 1114.3426217698257 -0.067577890092026249 -0.032449856117801622 0.075908760292163854 0
1824 1 1 159408000 -111520143.40340261 -129924000.51708588 -11012729.977947544 19.483346275226964 -16.817925800083408 2.6262254063490094 1114.1127714966099 -0.070348418924844308 -0.031290354616688512 0.067048289081900372 0
1825 1 1 159494400 -109826138.67471123 -131364383.09768531 -10784536.868321769 19.729058583548202 -16.523695037115445 2.655820096459665 1113.8925259323983 -0.072979878886724886 -0.03016434802485389 0.057999401427060698 0
1826 1 1 159580800 -108111077.71873625 -132779197.31862304 -10553839.513283545 19.970755711258537 -16.226071871069752 2.6841909115192077 1113.680744011142 -0.075453027802703868 -0.029067490461917009 0.048765353392104492 0
1827 1 1 159667200 -106375308.26363342 -134168151.69155033 -10320744.460583922 20.208418995244642 -15.925093633655234 2.7113192972089664 1113.4760851212823 -0.07774862339924779 -0.02799497728214374 0.039350163906802772 0
1828 1 1 159753600 -104619179.60137348 -135530957.92506033 -10085359.873788267 20.442030804348114 -15.62079689714429 2.7371861574459824 1113.2770130821373 -0.079853722845671701 -0.026935189321383172 0.029741068434464401 0
1829 1 1 159840000 -102843042.56904966 -136867330.75601363 -9847795.8405835181 20.671573414864973 -15.313215513387526 2.7617668879533701 1113.0818248853936 -0.081711036002335632 -0.025917719536968926 0.020031309571212061 0
1830 1 1 159926400 -101047248.02764376 -138176989.51726767 -9608160.1120106205 20.89707586406761 -15.002436786088772 2.7851781165440164 1112.8886934963066 -0.082423036692670495 -0.026027067580523248 0.013008838821206375 0
1831 1 1 160012800 -99232145.026221946 -139459661.20745623 -9366551.9101349656 21.118510094232057 -14.688508638498952 2.807378068808843 1112.6958674998305 -0.084074073829970425 -0.025238263125385046 0.0025200583617912891 0
1832 1 1 160099200 -97398092.466020301 -140715076.33191928 -9123091.8950919248 21.335725518701494 -14.371498513091147 2.828051854789039 1112.4977090839748 -0.084527900351250948 -0.023480375591366787 -0.0062651892808392581 0
1833 1 1 160185600 -95545400.250562459 -141942919.92594454 -8877811.5504578445 21.550505722927426 -14.049804806108815 2.8504734492147814 1112.3349932542912 -0.046180992246802353 0.013596453477880776 0.055520029150037266 0
1834 1 1 160272000 -93674236.312674999 -143142746.91152707 -8630476.1365116797 21.762760905919777 -13.723446585274667 2.8746743163647501 1112.1746370336084 -0.04800709756165656 0.015713238280372917 0.047544872431941707 0
1835 1 1 160358400 -91784923.873485878 -144314246.27838233 -8381112.721170783 21.970599745865325 -13.394083891002808 2.8974071157776407 1112.0262824273502 -0.050836549772470596 0.016868243098628669 0.037694872666269946 0
1836 1 1 160444800 -89877841.706762001 -145457156.74036425 -8129842.0610488756 22.17409886276554 -13.061668988209304 2.9188271324744055 1111.8851618052415 -0.053153583176313378 0.018234557716834732 0.028135701919565027 0
1837 1 1 160531200 -87953364.511890024 -146571215.39209425 -7876776.8996464806 22.373260088065035 -12.726223521383195 2.9389443322903746 1111.7485207272496 -0.055230645729702509 0.019607675897149512 0.018467726608755002 0
1838 1 1 160617600 -86011867.693704188 -147656161.85172588 -7622030.3775354009 22.568069648417865 -12.387781057359756 2.9577456859903863 1111.6134734602826 -0.057040758689047885 0.021000131271368572 0.0087077701597298787 0
1839 1 1 160704000 -84053727.712513909 -148711738.57914948 -7365716.6547793541 22.758516971718802 -12.046374035179385 2.9752203078370139 1111.4770373575209 -0.058545153875046864 0.022411080770163391 -0.0011442700676068372 0
1840 1 1 160790400 -82079321.799104601 -149737690.85171491 -7107950.8384184279 22.944595076953995 -11.702035327161918 2.9913570565340248 1111.3363747876831 -0.059683526859063175 0.023832572145872494 -0.011096690736919485 0
1841 1 1 160876800 -80089027.581200987 -150733766.82007989 -6848849.0270991921 23.126301893110664 -11.354798603661896 3.0061440656468341 1111.1889719159851 -0.060385007071561497 0.025254307792827418 -0.021161859565849706 0
1842 1 1 160963200 -78083222.641072005 -151699717.58014613 -6588528.3826163504 23.303640484822971 -11.004698346579325 3.0195685964375203 1111.0327012869645 -0.060583024325860275 0.026667917526805036 -0.031351720546405212 0
1843 1 1 161049600 -76062284.097391799 -152635297.23331162 -6327107.1992254062 23.476618357021994 -10.651769585283697 3.0316172305835152 1110.8657887352915 -0.060223266743631883 0.028069709399553583 -0.041673780652889847 0
1844 1 1 161136000 -74026588.266387954 -153540262.91678834 -6064704.9448384549 23.645246397090151 -10.29604749222441 3.0422763013015115 1110.6867382795131 -0.059265337862826402 0.029461546930199433 -0.052129152489405695 0
1845 1 1 161222400 -71976510.415971294 -154414374.79765749 -5801442.2607295197 23.809537818241164 -9.9375669646619063 3.0515323962339345 1110.494254344876 -0.057681466662079385 0.030850440615592389 -0.06271261759398028 0
1846 1 1 161308800 -69912424.60542661 -155257396.03299275 -5537440.9194890372 23.969507247678884 -9.5763622649636027 3.0593728061232746 1110.2871780939333 -0.055454265122896224 0.032247559732239313 -0.073413835750356066 0
1847 1 1 161395200 -67834703.596138597 -156069092.70246202 -5272823.7487988509 24.125169995337693 -9.2124667444938542 3.0657858631431707 1110.0644409398726 -0.052574385604079982 0.033667147878877569 -0.084218880137294005 0
1848 1 1 161481600 -65743718.817902952 -156849233.72064227 -5007714.5310749225 24.276541495150621 -8.8459126482815549 3.0707611627567575 1109.8250327280693 -0.049038431889260582 0.03512557957273655 -0.095111653489172457 0
1849 1 1 161568000 -63639840.376959838 -157597590.73544079 -4742237.8884109957 24.423636892927078 -8.4767309859260607 3.0742896857167139 1109.5679807156612 -0.044847261689492046 0.03664063547152778 -0.10607502689410844 0
1850 1 1 161654400 -61523437.094488911 -158313938.0175347 -4476519.1603347864 24.566470747826273 -8.1049514497986266 3.0763638465771486 1109.2923359025817 -0.040004709889430952 0.038231000427557928 -0.11709167668224481 0
1851 1 1 161740800 -59394876.566189893 -158998052.34533381 -4210684.2824189253 24.705056843093612 -7.7306023981917562 3.0769774127931138 1108.9971625660057 -0.034516370950308413 0.039915464423834895 -0.12814567682590852 0
1852 1 1 161827200 -57254525.232433476 -159649712.89387321 -3944859.6861977954 24.83940808192472 -7.3537109185725749 3.0761252058101154 1108.6815262004075 -0.028392831932961198 0.041716331918950238 -0.13921306381240048 0
1853 1 1 161913600 -55102748.626939803 -160268700.95940429 -3679171.7232858636 24.969531610550387 -6.9742980603048164 3.0738170479142291 1108.3448043415704 -0.021703620507328245 0.043718073339490911 -0.15009193567353116 0
1854 1 1 162000000 -52939911.530567341 -160854799.8354927 -3413746.5345083401 25.095446105902443 -6.5923969667881215 3.0700239683589374 1107.9854627079114 -0.013852254473899388 0.045386924877057713 -0.16245575346027 0
1855 1 1 162086400 -50766372.001971133 -161407799.72323203 -3148725.6478987643 25.217323157903138 -6.2081570128028538 3.0643436064861591 1107.5927623315486 -0.0016745614388444133 0.044535300312114251 -0.18349021811050709 0
1856 1 1 162172800 -48582463.310516931 -161927508.93086037 -2884303.852503397 25.335546340613238 -5.8218153258081298 3.0560352745601782 1107.1458590564005 0.016581470528998454 0.041413975122088928 -0.21366740940446979 0
1857 1 1 162259200 -46388484.212450154 -162413752.63516536 -2620732.8045999422 25.450480486506596 -5.4334984748598272 3.0446103304936782 1106.6277605634232 0.038904114400663034 0.038279691015496227 -0.24694349577774122 0
1858 1 1 162345600 -44184708.057308629 -162866360.73546654 -2358289.4443946183 25.562365593534981 -5.0432111163684183 3.0299143854539574 1106.0294201838185 0.064475819919112276 0.035777264742344439 -0.28150868894703468 0
1859 1 1 162432000 -41971389.34517476 -163285162.51784384 -2097261.1288055899 25.67140631879403 -4.650944617230663 3.0118316623689809 1105.3430341404683 0.093118152977552507 0.033770281990438224 -0.31777167760793479 0
1860 1 3 162432910.3306843 -41948019.359929025 -163289394.52944189 -2094519.4611489242 25.672540707190208 -4.6468010249742031 3.0116226118831602 1105.3353044073697 0 0 0 242
1861 1 1 162518400 -39748774.810485214 -163669980.97658205 -1837947.901236037 25.777562855733894 -4.2565480579341211 2.9901899595489763 1104.5611422939119 0.12472001901900887 0.03243059032762953 -0.35555582771671773 0
1862 1 1 162604800 -37517003.167167902 -164020691.18744421 -1580652.0140507787 25.88440141263683 -3.8620007623002102 2.9652717567098033 1103.651649238449 0.23135580940252792 -0.012192116323086465 -0.38251213183206806 0
1863 1 1 162691200 -35275928.932325982 -164337335.21200827 -1325599.5057749182 25.991635164256614 -3.4674223995102866 2.9387009173385974 1102.6431424811362 0.24276053901119174 -0.015812564953341286 -0.37510968471625161 0
1864 1 1 162777600 -33026023.003094539 -164619814.90726662 -1072723.0653318292 26.086258126025786 -3.0712610768297663 2.9161312965868609 1101.846249184516 0.065446243739321966 -0.025658930434552762 -0.27818186356440866 0
1865 1 1 162864000 -30768581.02384327 -164868002.97488332 -821621.59892728389 26.168840239822181 -2.6735380813746019 2.895835455523208 1101.192634646982 0.091659180511461158 -0.028519762571309525 -0.31222413219073708 0
1866 1 1 162950400 -28503990.633243442 -165081800.80569437 -572491.68324951676 26.25298924492154 -2.2757151311045423 2.8699514411639759 1100.3399421601541 0.21304841619397766 -0.068778920996464196 -0.3870344526541844 0
1867 1 1 163036800 -26232049.2790545 -165261238.70681301 -325792.65881338157 26.337537814979729 -1.877570579868181 2.8406946825749388 1099.3433652421136 0.22818639614624373 -0.064769925631259953 -0.37888506834096891 0
1868 1 1 163123200 -23952999.582552079 -165406177.5729636 -81608.918101655509 26.417518785305994 -1.4771427671874424 2.8117007413485195 1098.3588852146042 0.24105203745620116 -0.060698780315312846 -0.37141369676175057 0
1869 1 1 163209600 -21667214.795803364 -165516424.60263705 160074.9009563766 26.493435072788898 -1.0745199770877414 2.782830246880998 1097.3732832601515 0.25205951089045597 -0.056631809844873274 -0.36459957609465204 0
1870 1 1 163296000 -19375213.18284528 -165591834.34624821 399190.07512080349 26.55981668485277 -0.67115400463534425 2.7514603270672078 1096.3942150355276 0.14695720957482081 -0.08316596618650976 -0.41449770391784913 0
1871 1 1 163382400 -17077953.990205567 -165632382.03401101 635450.96334967588 26.616782472634753 -0.26712338032979871 2.7175163015525303 1095.4071361633726 0.16181067162486926 -0.079733203248196674 -0.40948777767705719 0
1872 1 1 163468800 -14775945.008176651 -165637934.74869639 868777.52639780345 26.669705207644075 0.13889964804776947 2.6835217760406174 1094.4216726094667 0.17474285799399586 -0.076294915932114821 -0.4046967836960727 0
1873 1 1 163555200 -12469542.936967526 -165608322.89674768 1099161.4311911371 26.71847679090466 0.54686904360520883 2.6494045639169612 1093.4344442769045 0.18605092191406583 -0.072882957016587174 -0.40017173741594059 0
1874 1 1 163641600 -10159318.148536287 -165543425.19118956 1326539.1451778396 26.756133209329413 0.95524689562690024 2.6134071482977168 1092.4567593715642 0.049114419495161314 -0.10169660166227289 -0.43381059656530951 0
1875 1 1 163728000 -7846405.1946006743 -165443248.63053778 1550698.9893063793 26.782800843417757 1.3639314478125433 2.575405179306534 1091.4674660124565 0.064530205395246051 -0.099296083681307948 -0.43221304239479907 0
1876 1 1 163814400 -5531362.01586725 -165307687.85213044 1771560.23800899 26.805381856729294 1.774310417120627 2.5370471331740077 1090.4805172739375 0.078424099325241026 -0.096816421973069278 -0.43035809226123822 0
1877 1 1 163900800 -3214553.9488679254 -165136599.26177433 1989088.2422923984 26.82365841612436 2.1863319879376908 2.4982502008022949 1089.4922450590091 0.090928730044788519 -0.094302739253766116 -0.42834924289438309 0
1878 1 1 163987200 -896551.62763057032 -164929887.80702642 2203240.9491152088 26.831087713851254 2.5984591319020103 2.4588660240365967 1088.511605851807 -0.035545357674027771 -0.1237992267645432 -0.42998160407712027 0
1879 1 1 164073600 1421541.0482110365 -164687587.10132325 2413959.3174778153 26.827694943202381 3.0105741601785847 2.4187590218211747 1087.5213913028867 -0.02127901059173521 -0.12250239807600294 -0.43116221762730539 0
1880 1 1 164160000 3739152.6605342198 -164409620.32328454 2621183.2199624996 26.819899343584538 3.42404672966487 2.3779821829253431 1086.5331481285855 -0.0080200212138494282 -0.12107675670943366 -0.43189495209359041 0
1881 1 1 164246400 6055875.6895521004 -164095877.2877506 2824856.4001491005 26.807105026256544 3.8387184160714423 2.33657186629127 1085.5451478009497 0.0042786752941726524 -0.11955719117937341 -0.43226202396864394 0
1882 1 1 164332800 8371290.1457415856 -163746252.68336341 3024922.6649078191 26.789616257691193 4.2546351535460278 2.2944887119189303 1084.5559309210123 0.015637299848470537 -0.11798400750137895 -0.43233385458769524 0
1883 1 1 164419200 10684804.344945801 -163360686.74139398 3221354.6828677864 26.761293396178022 4.6702314232965874 2.2527427488547422 1083.5736840573522 -0.10315587048870246 -0.14873950142008191 -0.41121520734798345 0
1884 1 1 164505600 12995323.888500903 -162939250.82472476 3414203.8028292255 26.722110478210983 5.0853803158543602 2.2112187097721079 1082.5826127467383 -0.091197033774939429 -0.14840969210765387 -0.41402654125442728 0
1885 1 1 164592000 15302250.321830142 -162481904.90499666 3603427.5385725931 26.678075318724161 5.5014642720309084 2.168833347501161 1081.5933792091816 -0.079789707018894193 -0.14794662701411704 -0.41642512973586754 0
1886 1 1 164678400 17605140.324053813 -161988575.67560017 3788956.7598928777 26.628658920151757 5.9183162759869887 2.1257032519272485 1080.6043730779543 -0.06896544031924827 -0.14738169896026729 -0.41844595937395201 0
1887 1 1 164764800 19903524.925879817 -161459199.67524719 3970728.5506381979 26.573768395311934 6.3358687936887241 2.0818608944631065 1079.6155804876494 -0.058692992918405226 -0.14673153166656377 -0.4201372486776852 0
1888 1 1 164851200 22196927.263638109 -160893719.38498732 4148682.6451602234 26.513313988465118 6.7540518583057443 2.0373352187552305 1078.6269888017357 -0.048934989754060465 -0.14600834462885029 -0.42154249260383997 0
1889 1 1 164937600 24484881.567444053 -160292078.75969318 4322754.6493016649 26.44767217689942 7.1729087500135913 1.9919912148016481 1077.6365863742435 -0.039744316406358386 -0.14524942238035285 -0.42268341494314615 0
1890 1 1 165024000 26766738.937310468 -159654271.81157669 4492943.3292584661 26.370201123429769 7.5907314789321205 1.948127740439811 1076.6556227916285 -0.17100889345483569 -0.17943822184449737 -0.37519235039953708 0
1891 1 1 165110400 29041304.511890575 -158980435.88647467 4659432.8626674553 26.280841951005726 8.0073677260726672 1.9056485392368714 1075.6630941967535 -0.16195639192175335 -0.18025491229943766 -0.37868526227253335 0
1892 1 1 165196800 31307919.071261987 -158270588.68407425 4822209.2290613065 26.186108670171151 8.4243060545372774 1.8621904756209944 1074.672953468192 -0.15309129892675277 -0.18096122393445654 -0.38191178660695718 0
1893 1 1 165283200 33566093.985385917 -157524712.49365991 4981196.8876374457 26.0854689205574 8.8413591147470019 1.8179515259915979 1073.6830136173819 -0.14448520671109402 -0.18158058019175463 -0.38485385242384235 0
1894 1 1 165369600 35815316.142585672 -156742800.78638011 5136329.5206328873 25.978858464886738 9.2584483242814386 1.7729579215414957 1072.6932675536414 -0.13611131287379849 -0.18211389032949157 -0.38754434068569865 0
1895 1 1 165456000 38055067.184866413 -155924853.77914566 5287542.8647102686 25.866220261202603 9.6754962555946005 1.7272309327794912 1071.7037128140978 -0.12795382476103997 -0.18256395454609112 -0.39000745035463802 0
1896 1 1 165542400 40284821.973581694 -155070879.47893837 5434775.4894904792 25.74743343690599 10.092388616322088 1.6808265367487343 1070.7143226381788 -0.12147907833278102 -0.18374066592773924 -0.39144215020874235 0
1897 1 1 165628800 42504041.284421436 -154180898.02930051 5577972.7880828883 25.622315573372745 10.508969293471031 1.6338339920622886 1069.7250717570655 -0.11651472518323722 -0.18569266614471655 -0.391962748251867 0
1898 1 1 165715200 44712172.69900956 -153254942.13635647 5717086.3999194205 25.490762001772033 10.925115129749727 1.5862985599153525 1068.7359499912282 -0.11157125229171413 -0.18764027506739223 -0.39240736743247268 0
1899 1 1 165801600 46908658.437572308 -152293053.28716797 5852069.8261004575 25.352731992286817 11.340734754100861 1.5382300623417209 1067.7469537931297 -0.1066714925038717 -0.18960108333007319 -0.39276260360955328 0
1900 1 1 165888000 49092936.925426863 -151295281.11132392 5982877.5934628844 25.208179016133187 11.755731373939385 1.4896420872303229 1066.758080768283 -0.10182075066161247 -0.19158185827120144 -0.39302549959332644 0
1901 1 1 165974400 51264442.583278015 -150261683.69455498 6109465.4162753467 25.057057030451571 12.170006093960353 1.4405484738091552 1065.7693285318605 -0.097015385640653332 -0.19358466168917837 -0.3931976005957229 0
1902 1 1 166060800 53422605.890997916 -149192327.75211206 6231790.2087792587 24.899320863448988 12.583458044035238 1.3909631652976349 1064.7806947634997 -0.092251561301636947 -0.19561156100424221 -0.39328018680835414 0
1903 1 1 166147200 55566853.464252576 -148087288.80187398 6349810.0959905656 24.734926248689792 12.995984323223894 1.3409002497679676 1063.7921772156151 -0.087525227141806411 -0.19766460563648799 -0.39327428403453302 0
1904 1 1 166233600 57696608.135640167 -146946651.3418074 6463484.4274405008 24.563829893226426 13.407479951348824 1.29037398973525 1062.8037737178345 -0.082832104492054082 -0.19974596925770652 -0.39318058707476589 0
1905 1 1 166320000 59811289.043396153 -145770509.04686436 6572773.8011845704 24.38598958601694 13.817837457081449 1.2393990356457694 1061.8154822890715 -0.07816776790478748 -0.20185693864793255 -0.39299995137297639 0
1906 1 1 166406400 61910311.707475297 -144558964.77931088 6677639.9948105039 24.201363616814429 14.22695339551238 1.1879871621240279 1060.8273002949538 -0.073539635414856613 -0.20387927980325116 -0.39279297427962767 0
1907 1 1 166492800 63993088.095411308 -143312130.46655774 6778045.8299440499 24.009911978713749 14.634716093193195 1.1361534068307342 1059.8392263925957 -0.068919822616436907 -0.20606268341053463 -0.39243568774823778 0
1908 1 1 166579200 66059026.818600744 -142030128.260717 6873955.6799972886 23.811596524239008 15.041005891670823 1.0839159814208619 1058.8512585867379 -0.064313708214784285 -0.20828259969971866 -0.39199076803044219 0
1909 1 1 166665600 68107533.220139325 -140713090.39111042 6965335.3262326345 23.606379914193806 15.4457073290008 1.0312901882570618 1057.8633952089594 -0.059715963575940091 -0.21054013474124422 -0.39145795146733187 0
1910 1 1 166752000 70138009.48009795 -139361159.17948475 7052151.8953147037 23.394226283020263 15.84870225796629 0.97829186517407896 1056.8756345984746 -0.055120938268553347 -0.21283714388422612 -0.39083626114196701 0
1911 1 1 166838400 72149854.744950071 -137974487.25552353 7134373.8980519166 23.175101288130111 16.249870213811548 0.92493721866054235 1055.8879751813095 -0.050522792197521593 -0.21517523803404506 -0.39012449114862241 0
1912 1 1 166924800 74142465.256652087 -136553237.75458476 7211971.261120975 22.948972063346957 16.649088476859308 0.87124281705554552 1054.9004153518999 -0.045913751991750448 -0.21755579435459585 -0.38932138462209903 0
1913 1 1 167011200 76115234.684691563 -135097584.57429826 7284915.3752451735 22.715813009513308 17.046230275584495 0.81722608847764577 1053.9129560095193 -0.041223813598397968 -0.2200017538736844 -0.38841915939133209 0
1914 1 1 167097600 78067553.878474191 -133607712.4746663 7353179.1123183519 22.475572669298867 17.441174306571508 0.76290306203587566 1052.9255909255262 -0.037222859894407087 -0.2222970902611687 -0.38746898963741527 0
1915 1 1 167184000 79998805.588538885 -132083815.859102 7416736.5061006723 22.228109008934766 17.833819179123417 0.70828431195034602 1051.9382984519402 -0.035071803273762726 -0.22419651581721575 -0.38654074958856832 0
1916 1 1 167270400 81908359.673505977 -130526097.99316147 7475562.4726146581 21.973306352295698 18.224050992291659 0.65338210034882072 1050.9510690060065 -0.03308166945068787 -0.2261660716385929 -0.38553515362685425 0
1917 1 1 167356800 83795580.887032285 -128934773.39957869 7529633.292573439 21.711141608889942 18.61172873869479 0.59821464735055963 1049.9639017649126 -0.030982966236520935 -0.2282798238073819 -0.38442903862492306 0
1918 1 1 167443200 85659832.437841102 -127310069.0055092 7578926.8905035257 21.441598229955577 18.996707213671332 0.54280158983953841 1048.9767977609808 -0.02880361403550737 -0.23053892832043088 -0.38321476396521437 0
1919 1 1 167529600 87500475.857112139 -125652228.43252385 7623425.2358848276 21.164654210227798 19.378738966649642 0.48722039643019294 1047.9896611451509 -0.026532142999637364 -0.23290148628303206 -0.38191369954543514 0
1920 1 1 167616000 89316873.489700675 -123961469.44165377 7663090.0287896767 20.880374198983905 19.759112384387272 0.43067200353382723 1047.0030763286245 -0.02256568098871432 -0.20566475478785951 -0.39747846599107978 0
1921 1 1 167702400 91108392.313116029 -122237906.50366576 7697818.0796962958 20.588723832331119 20.137614937874833 0.3732000291710999 1046.0160285553225 -0.020591246902579356 -0.20973117446255665 -0.39542281157250708 0
1922 1 1 167788800 92874389.484277695 -120481792.43980478 7727578.1052961815 20.289594602904167 20.512590530348586 0.3156721823314716 1045.0291411162777 -0.018475958143235185 -0.21402216037216962 -0.39318803708347666 0
1923 1 1 167875200 94614219.131491691 -118693432.1155581 7752362.6225093696 19.982995516844472 20.884048296829729 0.25802008064174942 1044.0423135465001 -0.016073652495366027 -0.21719119910074888 -0.39151828556829937 0
1924 1 1 167961600 96327235.908747017 -116873134.98871416 7772161.2337649595 19.668924146875238 21.251820278121649 0.20027388609990396 1043.055559343913 -0.013655647949332037 -0.22198890515904909 -0.38887413326871428 0
1925 1 1 168048000 98012793.888892502 -115021230.55345796 7786969.2317170324 19.347376249220019 21.615671133387959 0.1425017421027949 1042.0688738472115 -0.01102835185585993 -0.22700653900246714 -0.38601262113453394 0
1926 1 1 168134400 99670247.454394385 -113138064.70374617 7796785.6499635791 19.018360806013266 21.975435550937892 0.084733662636189533 1041.0822617035067 -0.008162737439730075 -0.23224498759181197 -0.38291588777497426 0
1927 1 1 168220800 101298951.9521008 -111223997.95278879 7801612.3207203718 18.681891265579736 22.330940753722889 0.027004279604690391 1040.095725662258 -0.005026084381638791 -0.23770552843934495 -0.37956314299724525 0
1928 1 1 168307200 102898264.17027082 -109279405.87493815 7801454.1756777298 18.337987921159709 22.682010753360291 -0.030649159548101344 1039.1092694152185 -0.0015633082617068136 -0.24339728827941329 -0.37592508654562096 0
1929 1 1 168393600 104467531.15625322 -107304689.85787162 7796323.933716936 17.986383640911008 23.028207536211482 -0.088076825611690668 1038.1214849332027 0.0021342793605606445 -0.24926046659154052 -0.37201554082450639 0
1930 1 1 168480000 106006210.23015065 -105300168.61562525 7786196.0766497273 17.631152105237025 23.373017500967173 -0.14679714861757059 1037.1407015923278 0.089298426220738705 -0.17977436626171162 -0.40003061327333894 0
1931 1 1 168566400 107514089.86255835 -103265872.17491825 7770917.1476722518 17.27218004231392 23.716342105342754 -0.20686986200796914 1036.1535402709094 0.090315253496927567 -0.18429770769965703 -0.39771751117305865 0
1932 1 1 168652800 108990611.75652854 -101202139.16899456 7750454.4868684411 16.90530078570897 24.054406269162534 -0.26679295633735223 1035.1677911677132 0.091422389701081935 -0.18895250664817922 -0.39525230293816216 0
1933 1 1 168739200 110435100.97140729 -99109428.19713679 7724819.0203892123 16.530676464561115 24.387088782047268 -0.32660502605144287 1034.1815216632699 0.09269980989519247 -0.19337883377792697 -0.3927852728790231 0
1934 1 1 168825600 111846955.4856952 -96988122.429539025 7694003.2445167126 16.150531050848411 24.717181186358548 -0.38688409398936208 1033.1980370521369 0.13912657013505877 -0.13713418828686985 -0.40260426504678887 0
1935 1 1 168912000 113225754.78944564 -94838375.138486847 7657950.4715606282 15.7648383415134 25.044554687246823 -0.44766584146407773 1032.2118358000612 0.13944681070787454 -0.14057943424118804 -0.40129290476424506 0
1936 1 1 168998400 114570893.92910288 -92660593.296437144 7616648.9543181835 15.371376163693686 25.366111595839435 -0.50838083755104702 1031.2262193796207 0.1398768454825059 -0.14410240668300872 -0.39987997338099196 0
1937 1 1 169084800 115881705.87359244 -90455286.250124469 7570104.5898095947 14.970225676180645 25.68166889132932 -0.56902290859716997 1030.2401926736538 0.1404328625032332 -0.14753667426120232 -0.39841832144089862 0
1938 1 1 169171200 117157575.16185455 -88222892.344746977 7518316.610528063 14.562995786623533 25.993969496543659 -0.62983878724187847 1029.2562394404629 0.17315458532221772 -0.091160780814368472 -0.4025022602666114 0
1939 1 1 169257600 118398017.58936457 -85963623.646288276 7461262.4227179 14.149680793818174 26.302876047189287 -0.69085596744818045 1028.2700200908394 0.17289003889105606 -0.093565836725423471 -0.40206204509245558 0
1940 1 1 169344000 119602418.15867862 -83677943.966988817 7398938.2444731053 13.728708930396136 26.605316937166517 -0.75182613055017444 1027.2842590450243 0.17273820994871816 -0.095928796623423906 -0.40156776973830355 0
1941 1 1 169430400 120770117.83562411 -81366419.058356062 7331347.6091708969 13.300119533695721 26.901106291290542 -0.81276535951345807 1026.2979917215102 0.17237521690376648 -0.097696017299904389 -0.40129755636079312 0
1942 1 1 169516800 121900506.28038853 -79029534.890425265 7258499.0977014583 12.865495264813934 27.193260041618881 -0.87347737563270977 1025.3140319134827 0.20350567989124055 -0.034617696808799094 -0.39729073299323014 0
1943 1 1 169603200 122993103.76440617 -76667530.844158396 7180417.2981776996 12.424866896103742 27.481602911636198 -0.93396601830668424 1024.327342883327 0.20271211505973283 -0.035925391084227598 -0.39758839137749585 0
1944 1 1 169689600 124047297.29148316 -74280938.14483285 7097105.0034127934 11.976521414956418 27.76240062520408 -0.99455668989306611 1023.3394601850009 0.20219226977759802 -0.037057254023472389 -0.39775800658932775 0
1945 1 1 169776000 125062517.7090003 -71870248.514841676 7008615.934528606 11.523612268094301 28.040949981020187 -1.0531909812979257 1022.3593866326465 0.26186924801369166 0.068801119117144816 -0.35710170027479821 0
1946 1 1 169862400 126038456.07308929 -69435534.279229447 6915162.8339852365 11.066332044084133 28.316921220272707 -1.1100916869983826 1021.3644582693022 0.26024956024737583 0.069388153370340072 -0.35820292968908074 0
1947 1 3 169944294.96988621 126926692.74930346 -67105986.758285753 6822099.8079975853 10.624036315385574 28.573845779103237 -1.1618955586749866 1020.4841467287265 0 0 0 82
1948 1 1 169948800 126974498.87309025 -66977229.035237774 6816859.3231083564 10.599400858534693 28.587911591528854 -1.1646056830009701 1020.4393194478896 0.20885808854595664 0.12931615390933315 -0.3011299669597422 0
1949 1 1 170035200 127869712.59583201 -64495707.914750017 6714052.2969110766 10.121445431878518 28.853115440416186 -1.2144435377255143 1019.6497323921454 0.17189243761204381 0.1098121426882062 -0.24913452098841005 0
1950 1 1 170121600 128723205.76997013 -61991680.295233943 6607265.693800319 9.6338033611049578 29.109070001809446 -1.2553537133708361 1019.0765861099638 0.14517272457235705 0.10346456082538975 -0.10572389672274503 0
1951 1 1 170208000 129534183.45046817 -59465908.023463376 6497339.1684856033 9.1374708801636544 29.35642281721363 -1.2890486337091156 1018.6504688420046 0.13019137369587169 0.097059116944374774 -0.092918756987202353 0
1952 1 1 170294400 130301943.68527548 -56919138.99396468 6384524.607009599 8.6335874141058166 29.595145180034724 -1.3223347997464221 1018.2439937279839 0.12720058623122663 0.095786366319185162 -0.091225687296007676 0
1953 1 1 170380800 131025869.66658457 -54352114.585942298 6268848.0868309503 8.1228228407051191 29.825261054476112 -1.3553142115267394 1017.8419866334522 0.12553986959593461 0.094575819485178431 -0.091029424330556011 0
1954 1 1 170467200 131705372.75947414 -51765588.635941349 6150335.0360367252 7.6052958062591234 30.046531042892653 -1.3879884507953559 1017.444291166177 0.12373949163026692 0.093190633614983476 -0.09058558422622813 0
1955 1 1 170553600 132339872.99170071 -49160335.462887719 6029013.5379264141 7.0811098841544782 30.258723234868654 -1.4203207289047446 1017.0515355322942 0.12195811627692585 0.091661644311989199 -0.090070836296709422 0
1956 1 1 170640000 132928800.33866332 -46537149.335204318 5904914.1188389407 6.5503892264849801 30.461607289917641 -1.4522882472284246 1016.6639014767992 0.12020429861181116 0.089989773973743026 -0.089484906472050998 0
1957 1 1 170726400 133471595.85351253 -43896844.437661864 5778069.3179172846 6.0132662130681283 30.654952663301643 -1.4838672427624984 1016.2815708461328 0.11848898138001733 0.088181963395264046 -0.088826654287629966 0
1958 1 1 170812800 133967712.41671875 -41240254.855718665 5648513.7432083348 5.4698822719704046 30.838529288394678 -1.515033590857884 1015.904700745516 0.11682290912087845 0.086245520325006458 -0.088095016641071403 0
1959 1 1 170899200 134416615.52482778 -38568234.520196788 5516284.1019518767 4.9203880436544445 31.012107913172251 -1.5457628261926084 1015.533422707958 0.11521685526862351 0.084188679460066362 -0.087288926991815646 0
1960 1 1 170985600 134817784.09393412 -35881657.119870149 5381419.2293686271 4.3649435524941822 31.175460496399872 -1.5760301579400147 1015.1678409980329 0.11368156330455546 0.082020573793394114 -0.08640731300686684 0
1961 1 1 171072000 135170711.27725697 -33181415.979369964 5243960.1160802236 3.8037183616556249 31.328360614428053 -1.6058104861832183 1014.8080310277567 0.11222769147578751 0.079751208281309008 -0.085449089452722629 0
1962 1 1 171158400 135474905.29539144 -30468423.901405908 5103949.9340804229 3.2368917114554887 31.470583880292143 -1.6350784190133416 1014.454037849216 0.11086575775727402 0.077391427191124143 -0.084413149051336372 0
1963 1 1 171244800 135729890.27776244 -27743612.972277008 4961434.0612049541 2.664652640120353 31.601908374225943 -1.6638082901537714 1014.1058747391666 0.10960608510223355 0.074952874502369954 -0.083298351042059016 0
1964 1 1 171331200 135935207.11371216 -25007934.329727538 4816460.1040629866 2.0872000858847279 31.722115084635149 -1.6919741769103951 1013.76352189214 0.10845874722600221 0.072447947596375253 -0.082103507089644506 0
1965 1 1 171417600 136090414.31156611 -22262357.892286155 4669077.9194117337 1.5047429693820025 31.830988358546261 -1.7195499182205602 1013.4269252393933 0.10743351512686709 0.06988974492347054 -0.080827364372474383 0
1966 1 1 171504000 136195088.86392871 -19507872.049313601 4519339.6339763906 0.91750025529825985 31.9283163605064 -1.7465091325468558 1013.0959954120426 0.10653980450927801 0.067292007858930997 -0.079468585531046507 0
1967 1 1 171590400 136248827.11737356 -16745483.311074099 4367299.6627404708 0.32570099228125171 32.013891538891222 -1.7728252353461837 1012.7706068672046 0.10578662429825957 0.064669057916371772 -0.078025725550419006 0
1968 1 1 171676800 136251245.64460629 -13976215.918235429 4213014.7257550955 -0.27041566990059579 32.087511098565798 -1.7984714558353554 1012.4505971965964 0.10518252589265145 0.062035729686469358 -0.076497205415995043 0
1969 1 1 171763200 136201982.11709154 -11201111.410295565 4056543.8635404403 -0.87060048695869729 32.148977478819937 -1.8234208527693472 1012.1357666376977 0.10473555306631611 0.059407300544596982 -0.074881282757024825 0
1970 1 1 171849600 136100696.17604581 -8421228.1525262203 3897948.4511760152 -1.4745941514477063 32.198098835512468 -1.8476463289736273 1011.8258778068837 0.10445319220399051 0.056799418175737519 -0.073176019941812873 0
1971 1 1 171936000 135947070.29961517 -5637640.8211161392 3737292.2111977478 -2.0821273499173496 32.234689526340752 -1.87112064439405 1011.5206556736888 0.1043423220962116 0.05422802642304593 -0.071379249867235706 0
1972 1 1 172022400 135740810.66396266 -2851439.8462914992 3574641.2254385534 -2.6929208469003476 32.258570598145504 -1.8938164274805376 1011.2197877939221 0.10440916282452201 0.051709290696029739 -0.06948854056900583 0
1973 1 1 172108800 135481647.9959017 -63730.813284421092 3410063.9459613096 -3.306685596797736 32.269570275156646 -1.9157061848016335 1010.9229248165473 0.10465922297108142 0.049259523469237267 -0.067501159533434205 0
1974 1 1 172195200 135169338.41461873 2724366.1788830929 3243631.2052383046 -3.9231228847586403 32.267524447052828 -1.9367623088812311 1010.6296812760775 0.10509724414165668 0.046895110515974642 -0.065414039200579657 0
1975 1 1 172281600 134803664.25993001 5511717.200733739 3075416.2257266482 -4.5419244976722046 32.252277155668722 -1.9569570843756323 1010.3396366774746 0.10572714219684543 0.044632438199503341 -0.063223745263660147 0
1976 1 1 172368000 134384434.90442407 8297175.2176187001 2905494.6289725373 -5.1627729263973734 32.223681079123153 -1.976262692862472 1010.0523368746041 0.10655194434362872 0.042487821959513256 -0.060926449879282432 0
1977 1 1 172454400 133911487.54674159 11079580.856671784 2733944.4443461667 -5.7853416003528082 32.181598012055602 -1.9946512166922374 1009.7672957365014 0.10757372164635887 0.040477435725022881 -0.058517911986063285 0
1978 1 1 172540800 133384687.9831493 13857763.215037096 2560846.117461795 -6.409295155550315 32.12589934054661 -2.0120946425508679 1009.4839970881932 0.10879351677002692 0.038617241739712121 -0.055993467293762936 0
1979 1 1 172627200 132803931.35447447 16630540.708844375 2386282.5182720269 -7.0342897370751958 32.056466510157946 -2.0285648656020863 1009.2018969050625 0.11021126732099462 0.036922919891574001 -0.053348030611306677 0
1980 1 1 172713600 132169142.865385 19396721.962264262 2210338.9487410076 -7.6599733368904923 31.973191485364115 -2.0440336952885785 1008.9204257328673 0.11182572555455127 0.035409795372400403 -0.050576112932431791 0
1981 1 1 172800000 131480278.47293153 22155106.735818274 2033103.1498986692 -8.2859861676474775 31.875977198460017 -2.0584728640960135 1008.6389912995447 0.11363437622667533 0.0340927632608072 -0.047671856174681525 0
1982 1 1 172886400 130737325.54122151 24904486.892944489 1854665.3079564718 -8.9119610729064203 31.764737985834554 -2.0718540407728732 1008.3569812808341 0.11563335508058095 0.032986208537866699 -0.044629087222802552 0
1983 1 1 172972800 129940303.45907316 27643647.403629098 1675118.0590299594 -9.5375239738340536 31.639400009300552 -2.0841488496469589 1008.0737661805535 0.11781737103099635 0.032103920015637132 -0.041441393217661202 0
1984 1 1 173059200 129089264.21751049 30371367.383706309 1494556.4918664091 -10.162294352010473 31.49990165999408 -2.0953288977786251 1007.7887022873084 0.12017963649145251 0.031458997056494971 -0.038102218560506586 0
1985 1 1 173145600 128184292.94401377 33086421.168207433 1313078.1478248884 -10.785885767474264 31.346193942201705 -2.1053658116983707 1007.5011346731516 0.12271181034754212 0.031063748045901268 -0.034604983527890182 0
1986 1 1 173232000 127225508.39053707 35787579.416907556 1130783.0172072996 -11.407906410576066 31.178240834384233 -2.1142312854041352 1007.2104002053109 0.12540395908951166 0.030929580797312055 -0.030943223043127608 0
1987 1 1 173318400 126213063.37245673 38473610.249980107 947773.53090164613 -12.027959685609423 30.996019624646692 -2.1218971411026604 1006.915830548841 0.12824454133151994 0.031066885327429596 -0.027110742820695734 0
1988 1 1 173404800 125147145.15581407 41143280.41143515 764154.5461827137 -12.645644823587343 30.799521217961303 -2.1283354038807962 1006.616755145131 0.1312204210009896 0.03148491079291571 -0.023101788925823926 0
1989 1 1 173491200 124027975.79046769 43795356.457789347 580033.32542953792 -13.260557520965907 30.588750412619966 -2.1335183910884812 1006.3125041573983 0.13431691343103508 0.032191639315468673 -0.018911225535914889 0
1990 1 1 173577600 122855812.38707124 46428605.969210029 395519.50647237967 -13.872290600616296 30.363726143661026 -2.1374188167199302 1006.0024113787571 0.13751786783303885 0.033193660493538078 -0.014534714835641366 0
1991 1 1 173664000 121630947.33612774 49041798.780194797 210725.06328134434 -14.480434690965096 30.124481691370946 -2.140009910506858 1005.6858171010726 0.1408057874621331 0.034496051046981911 -0.0099688921003744223 0
1992 1 1 173750400 120353708.46773611 51633708.226702325 25764.255759412925 -15.084578918995661 29.871064853397876 -2.1412655508428275 1005.3620709433254 0.14416198723303408 0.036102264862230816 -0.0052115293318069347 0
1993 1 1 173836800 119024459.15102106 54203112.406545125 -159246.43249557327 -15.684311612740622 29.60353807950646 -2.1411604100580606 1005.0305346367184 0.14756678612297355 0.038014038752666734 -0.00026168043946922688 0
1994 1 1 173923200 117643598.33261058 56748795.449792728 -344188.36944282276 -16.279221009023026 29.321978568505312 -2.1396701100149405 1004.6905847611789 0.15099972968168096 0.040231319026687931 0.0048801975208023068 0
1995 1 1 174009600 116211560.51388235 59269548.795914032 -528940.86365183641 -16.868895962503416 29.026478327365641 -2.1367713855391317 1004.3416154246881 0.15443983593701407 0.042752213328865217 0.01021215193607832 0
1996 1 1 174096000 114728815.66701855 61764172.474408805 -713381.26771352894 -17.452926652552595 28.717144192971656 -2.1324422528550357 1003.9830408741333 0.15786585634262099 0.045572970923162155 0.015730673991025887 0
1997 1 1 174182400 113195869.09018788 64231476.385731295 -897385.09631192742 -18.030905285037239 28.394097817284145 -2.1266621800031591 1003.6142980242471 0.16125654268030332 0.048687993501177758 0.021430671181793454 0
1998 1 1 174268800 111613261.20239776 66670281.579387218 -1080826.1589950633 -18.602426786741983 28.057475616927807 -2.1194122561765454 1003.2348488904113 0.1645909101764805 0.052089876632939833 0.027305472474406147 0
1999 1 1 174355200 109981567.27872755 69079421.526178017 -1263576.707422711 -19.167089490782814 27.707428688314288 -2.1106753570191854 1002.8441829114116 0.16784848801976657 0.055769480602686355 0.033346864163893479 0
2000 1 1 174441600 108301397.12677129 71457743.381663084 -1445507.5966226694 -19.724495811972496 27.34412268940396 -2.1004363031752566 1002.4418191503003 0.17100954852894132 0.059716027718082196 0.039545152783340892 0
2001 1 1 174528000 106573394.70518319 73804109.238001183 -1626488.4595675597 -20.274252911585048 26.967737689095411 -2.0886820097216234 1002.0273083639238 0.17405530916163128 0.063917222076224023 0.045889250901899888 0
2002 1 1 174614400 104798237.6852551 76117397.361410066 -1806387.8941965979 -20.815973351315304 26.578467985047773 -2.0754016245250551 1001.6002349343355 0.17696810215175962 0.068359386858588764 0.052366780693750239 0
2003 1 1 174700800 102976636.95645702 78396503.412543967 -1985073.6618572269 -21.34927573645389 26.176521890498886 -2.0605866540205859 1001.1602186588256 0.17973150941202121 0.073027613584925322 0.058964190188380568 0
2004 1 1 174787200 101109336.07687187 80640341.647125214 -2162412.8960306426 -21.873785348337446 25.762121490413236 -2.0442310753425086 1000.7069163974458 0.18233046207843082 0.077905918327652313 0.065666877517180949 0
2005 1 1 174873600 99197110.66944997 82847846.094186902 -2338272.3201308423 -22.389134766032416 25.335502367070916 -2.0263314341524907 1000.2400235786066 0.18475130613538887 0.082977399347848937 0.072459318691404845 0
2006 1 1 174960000 97240767.765024006 85017971.709284604 -2512518.4731261577 -22.894964476992545 24.896913295039187 -2.0068869278610313 999.75927556422278 0.18698183668934856 0.08822439219830111 0.079325195649551608 0
2007 1 1 175046400 95241145.093058214 87149695.500025883 -2685017.9417185532 -23.390923476133739 24.446615905375651 -1.9858994742252973 999.26444887603941 0.18901130472211505 0.093628618390575402 0.086247521661868637 0
2008 1 1 175132800 93199110.321169615 89242017.621251136 -2855637.5978246443 -23.8766698523938 23.984884318891265 -1.9633737655214067 998.75536228365547 0.19083040113643543 0.099171325323272469 0.093208762528801697 0
2009 1 1 175219200 91115560.244557276 91293962.437187791 -3024244.8401256334 -24.351871361475087 23.512004748364458 -1.9393173086251796 998.23187775347571 0.19243122240943994 0.10483341546990359 0.10019095246244496 0
2010 1 1 175305600 88991419.926601678 93304579.547894672 -3190707.8384865192 -24.816205983109004 23.028275069739792 -1.9137404514242822 997.69390125620316 0.19380722292836161 0.11059556439390791 0.10717580426353943 0
2011 1 1 175392000 86827641.792056203 95272944.777326196 -3354895.7800830174 -25.269362460852246 22.534004362554111 -1.8866563960109617 997.14138342838646 0.19495315807915359 0.11643832721864913 0.1141448140706723 0
2012 1 1 175478400 84625204.674433619 97198161.120376587 -3516679.1161133414 -25.711040822181804 22.029512420083933 -1.8580811991014401 996.57432008228147 0.19586502181555301 0.12234223427031687 0.12107936101287183 0
2013 1 1 175564800 82385112.819395497 99079359.646320596 -3675929.8080097605 -26.140952876457003 21.515129230012658 -1.8280337601038479 995.99275255658711 0.19653998208783693 0.12828787685050941 0.12796080253158823 0
2014 1 1 175651200 80108394.846163869 100915700.35614891 -3832521.5720994668 -26.558822688219966 20.991194426723833 -1.7965357972150062 995.39676789994598 0.19697631610226474 0.13425598423576673 0.13477056606251556 0
2015 1 1 175737600 77796102.669197559 102706372.99140586 -3986330.1216956526 -26.964387023285738 20.458056716641995 -1.7636118118933188 994.78649887899826 0.19717334743902612 0.14022749328687131 0.14149023767597319 0
2016 1 1 175824000 75449310.382592261 104450597.79227394 -4137233.4056284726 -27.357395765107078 19.916073278358201 -1.7292890420267923 994.16212380273396 0.19713138609335956 0.14618361204232147 0.14810164822946784 0
2017 1 1 175910400 73069113.109877467 106147626.20281146 -4285111.842252125 -27.737612299026932 19.365609139561471 -1.6935974040945372 993.52386615597436 0.19685167181526975 0.15210587835847911 0.15458695741662509 0
2018 1 1 175996800 70656625.822081953 107796741.52143654 -4429848.5479899691 -28.104813862198142 18.807036533058444 -1.6565694246219029 992.87199403611805 0.19633632117023889 0.15797621480623952 0.16092873576898753 0
2019 1 1 176083200 68212982.127122402 109397259.49495731 -4571329.5595059413 -28.45879185716629 18.240734234390953 -1.6182401612392823 992.20681938893529 0.19558827790607647 0.16377698052507189 0.16711004473506419 0
2020 1 1 176169600 65739333.03373193 110948528.85467374 -4709444.0486186771 -28.79935212737329 17.667086883746549 -1.5786471136931615 991.52869704157581 0.19461126631527406 0.16949102076187428 0.17311451428878707 0
2021 1 1 176256000 63236845.693283826 112449931.79331632 -4844084.5291066039 -29.126315193105892 17.086484295014852 -1.5378301251902804 990.83802353279646 0.19340974718683801 0.17510171458143167 0.17892641821065886 0
2022 1 1 176342400 60706702.122982234 113900884.38183801 -4975147.054586947 -29.439516446725452 16.499320754943309 -1.4958312745138689 990.13523574328246 0.19198887532739006 0.1805930207445953 0.18453074595729996 0
2023 1 1 176428800 58150097.913975097 115300836.92533414 -5102531.4066928495 -29.738806306311339 15.905994315421689 -1.4526947594092825 989.42080933114664 0.19035445860398961 0.18594952211349941 0.18991327119013388 0
2024 1 1 176515200 55568240.928010866 116649274.25762931 -5226141.2728174394 -30.024050327160726 15.306906081959728 -1.4084667717961541 988.69525698007715 0.18851291732629163 0.19115646821413235 0.19506061580113773 0
2025 1 1 176601600 52962349.986291878 117945715.97433487 -5345884.4127457608 -30.295129270896613 14.702459501423617 -1.3631953654369153 987.95912647003104 0.18647124397468021 0.19619981604206158 0.19996030924426858 0
2026 1 1 176688000 50333653.554187715 119189716.60444379 -5461672.8135516522 -30.551939132229524 14.093059652058582 -1.3169303167447737 987.21299858240207 0.18423696238353629 0.20106626842058142 0.20460084233446529 0
2027 1 1 176774400 47683388.425454535 120380865.72078954 -5573422.8321987931 -30.794391123707321 13.479112538772243 -1.2697229794779656 986.45748485347372 0.18181808648448253 0.20574331012696329 0.20897171513491331 0
2028 1 1 176860800 45012798.409566469 121518787.98994935 -5681055.3253515726 -31.022411619049052 12.861024396571594 -1.2216261341123975 985.69322519130174 0.17922307811993446 0.21021924094647013 0.21306347840806247 0
2029 1 1 176947200 42323133.025701806 122603143.16241676 -5784495.7659719903 -31.235942055931513 12.239201004918952 -1.1726938327348142 984.92088537314157 0.17646080376223877 0.21448320543427363 0.21686776817592895 0
2030 1 1 177033600 39615646.206841566 123633626.00410227 -5883674.3463532347 -31.43493879931642 11.614047015664282 -1.1229812403303565 984.14115444099104 0.17354049047537237 0.21852521927339694 0.22037733319630501 0
2031 1 1 177120000 36891595.017334953 124609966.17044459 -5978526.0673170211 -31.619372966629282 10.985965297058888 -1.0725444733641594 983.35474201379009 0.17047168071341526 0.22233619157207832 0.22358605503251652 0
2032 1 1 177206400 34152238.387163423 125531928.02462384 -6068990.8133802162 -31.789230216302894 10.355356296188248 -1.0214404365653789 982.56237553537528 0.1672641864753994 0.22590794304290032 0.22648896083150288 0
2033 1 1 177292800 31398835.865997512 126399310.40156423 -6155013.4137749057 -31.944510501362608 9.7226174219977981 -0.96972665883200759 981.76479747729093 0.16392804283840418 0.22923321979127401 0.22908222846995804 0
2034 1 1 177379200 28632646.399988201 127211946.31959146 -6236543.6892858651 -32.085227789898418 9.0881424508982125 -0.91746112917489664 980.96276251585277 0.16047346106539598 0.23230570252709423 0.2313631843829527 0
2035 1 1 177465600 25854927.134069294 127969702.64177565 -6313536.4849472968 -32.211409754397032 8.4523209567544235 -0.86470213358830839 980.15703470210713 0.15691078173097683 0.23512001125893567 0.23333029430323771 0
2036 1 1 177552000 23066932.242372304 128672479.68913706 -6385951.688716704 -32.323097432014286 7.8155377668600128 -0.81150809372112631 979.34838464306313 0.15325042811677725 0.23767170514437425 0.23498314690780198 0
2037 1 1 177638400 20269911.789170951 129320210.80802207 -6453754.2363183191 -32.420344857969788 7.1781724453075428 -0.75793740819184774 978.53758671188757 0.14950286008482658 0.23995727793036409 0.23632243091590946 0
2038 1 1 177724800 17465110.622580282 129912861.89406985 -6516914.1025191294 -32.503218674321893 6.5405988049583135 -0.70404829734315044 977.72541630390538 0.14567852879313029 0.24197414852709523 0.23734990593908781 0
2039 1 1 177811200 14653767.303038687 130450430.87528597 -6575406.2791676279 -32.571797716421997 5.9031844490220831 -0.64989865219035947 976.91264715408295 0.14178783275471935 0.243720647508747 0.23806836752151075 0
2040 1 1 177897600 11837113.068400335 130932947.15681745 -6629210.7403883096 -32.62617257938782 5.2662903430638197 -0.59554588826436661 976.10004873052549 0.13784107522861341 0.24519599912857795 0.23848160688298922 0
2041 1 1 177984000 9016370.8372625168 131360471.03008668 -6678312.3953829715 -32.666445166957836 4.6302704180464014 -0.54104680499124924 975.28838371753091 0.13384842344609207 0.24640029941875291 0.2385943658782336 0
2042 1 1 178070400 6192754.2519482831 131733093.04898487 -6722701.0293429196 -32.692728225080714 3.9954712048453285 -0.48645745119484096 974.47840560019688 0.12981986981448429 0.24733449057316317 0.23841228763664721 0
2043 1 1 178156800 3367466.7623619875 132050933.375857 -6762371.2330240617 -32.705144862582607 3.3622315004765366 -0.4318329972422475 973.67085636140655 0.12576519537608524 0.24800033176576272 0.23794186357474875 0
2044 1 1 178243200 541700.75173422508 132314141.10002147 -6797322.3215788621 -32.703828061218438 2.730882066110401 -0.37722761428381485 972.86646430042413 0.12169393573679985 0.24840036698835161 0.2371903772674562 0
2045 1 1 178329600 -2283363.2949248967 132522893.53156908 -6827558.2432755511 -32.688920177377184 2.1017453567706528 -0.32269436098351595 972.06594198129596 0.11761534945801626 0.24853788985489217 0.23616584563650223 0
2046 1 1 178416000 -5106557.5790389422 132677395.47316726 -6853087.4787661927 -32.660572437644298 1.475135282462122 -0.26828507805761853 971.26998431756681 0.11353838936109499 0.24841690617224418 0.23487695833073538 0
2047 1 1 178502400 -7926727.7329066526 132777878.47257017 -6873922.9315895289 -32.618944430359512 0.85135700032414152 -0.21405029087661892 970.479266798499 0.10947167645289207 0.24804209419952755 0.23333301547129165 0
2048 1 1 178588800 -10742733.520115647 132824600.05849132 -6890081.8106144536 -32.564203595229415 0.23070673725926458 -0.1600391203306398 969.6944438610052 0.10542347689889323 0.24741876322376985 0.23154386448555875 0
2049 1 1 178675200 -13553449.491845649 132817842.96244448 -6901585.5051438622 -32.496524712961644 -0.38652835763090471 -0.10629920207986736 968.91614740978525 0.1014016817912448 0.24655281069470494 0.22951983661365785 0
2050 1 1 178761600 -16357765.599144852 132757914.32909462 -6908459.4534066813 -32.41608939679324 -1.0000703315936452 -0.052876614261474948 968.14498548725373 0.097413789949526583 0.24545067825797856 0.2272716833033708 0
2051 1 1 178848000 -19154587.761420354 132645144.91758782 -6910733.0051698042 -32.323085587685149 -1.6096505186518295 0.00018418633513057219 967.38154109367701 0.093466893464094578 0.24411930702985829 0.22481051322674667 0
2052 1 1 178934400 -21942838.391531873 132479888.296248 -6908439.2791998349 -32.21770705484095 -2.2150096028964947 0.052840419671380916 966.62637115677239 0.089567666280169697 0.24256609244427199 0.22214773011492153 0
2053 1 1 179020800 -24721456.878016237 132262520.03293952 -6901615.0162987188 -32.100152903094163 -2.8158976557137456 0.1050510295346269 965.88000564908623 0.085722355437315975 0.2407988389633971 0.21929497193632944 0
2054 1 1 179107200 -27489400.025099128 131993436.88329746 -6890300.4286267245 -31.970627088602708 -3.4120741480888399 0.15677672242947502 965.1429468506692 0.081936775001403561 0.23882571487390311 0.21626405167029081 0
2055 1 1 179193600 -30245642.451269228 131673055.97892994 -6874539.0460122032 -31.829337944157675 -4.0033079391830926 0.2079799984734832 964.4156687535467 0.078216302684689681 0.23665520759871336 0.21306690007817231 0
2056 1 1 179280000 -32989176.947297767 131301814.01758672 -6854377.559929424 -31.676497715302879 -4.5893772424333585 0.25862517451991074 963.69861660400522 0.074565878798148022 0.23429607949483702 0.20971551056280974 0
2057 1 1 179366400 -35719014.794685014 130880166.45718209 -6829865.665805093 -31.512322108341902 -5.1700695704565822 0.30867839977223455 962.99220657788032 0.070990007642170672 0.23175732471012903 0.20622188665345162 0
2058 1 1 179452800 -38434186.045603126 130408586.71544622 -6801055.9042894123 -31.337029851187161 -5.7451816600687389 0.3581076641874793 962.29682558343382 0.067492761019357139 0.22904812694996371 0.20259799203144457 0
2059 1 1 179539200 -41133739.765481576 129887565.37686665 -6768003.502101399 -31.150842267894827 -6.3145193787492815 0.40688279998422855 961.61283118617564 0.064077783798768037 0.22617781860164163 0.19885570339350664 0
2060 1 1 179625600 -43816744.239450477 129317609.40846431 -6730766.2130295243 -30.953982867612343 -6.877897613883718 0.45497547659810028 960.94055164940357 0.06074830134650145 0.22315584121514631 0.19500676622504093 0
2061 1 1 179712000 -46482287.143914022 128699241.38583504 -6689404.1596380603 -30.746676948554235 -7.4351401461214781 0.50235918945375957 960.28028608388502 0.05750712869316163 0.21999170754951666 0.19106275377239132 0
2062 1 1 179798400 -49129475.684575468 128032998.73077151 -6643979.6761971405 -30.52915121751828 -7.9860795081731411 0.54900924292752828 959.63230469996165 0.054356681195404002 0.21669496530017274 0.18703502891350485 0
2063 1 1 179884800 -51757436.702274702 127319432.96166664 -6594557.1533219712 -30.301633425348463 -8.5305568303575168 0.59490272788988752 958.99684915515513 0.051298986650223484 0.21327516255979334 0.1829347094019893 0
2064 1 1 179971200 -54365316.748030223 126559108.95778786 -6541202.8847719627 -30.064352018657356 -9.0684216741879986 0.64001849422923607 958.37413299021546 0.048335698516809467 0.20974181510630999 0.17877263613778233 0
2065 1 1 180057600 -56952282.12870048 125752604.23840083 -6483984.916826413 -29.817535808022225 -9.59953185525268 0.68433711875419723 957.76434214650726 0.045468110366840515 0.20610437566679432 0.17455934466532386 0
2066 1 1 180144000 -59517518.924693964 124900508.25761455 -6422972.9006183939 -29.561413652786481 -10.123753256614854 0.72784086888092525 957.16763555764339 0.042697171042260861 0.20237220500369332 0.17030503978831418 0
2067 1 1 180230400 -62060232.981165737 124003421.71571553 -6358237.9477736959 -29.29621416251916 -10.640959633917058 0.77051366250723885 956.58414580830652 0.04002350068604818 0.19855454512354712 0.16601957327711472 0
2068 1 1 180316800 -64579649.874138698 123061955.88765772 -6289852.4896669732 -29.022165415100321 -11.15103241333148 0.81234102447269441 956.01397985327708 0.037447407343289024 0.19466049430142135 0.16171242458582322 0
2069 1 1 180403200 -67075014.852982759 122076731.96927953 -6217890.1405732352 -28.739494691338354 -11.65386048345573 0.8533100399918454 955.45721979000507 0.034968904003720193 0.1906989841985369 0.15739268441488841 0
2070 1 1 180489600 -69545592.760673255 121048380.44172403 -6142425.564959567 -28.448428225958335 -12.14933998219524 0.8934093054474489 954.91392367791047 0.032587725991250066 0.18667875893094329 0.15306904123824672 0
2071 1 1 180576000 -71990667.933234438 119977540.45445372 -6063534.3491289224 -28.149190974741444 -12.637374079632048 0.93262887691340324 954.38412639811236 0.030303348544292456 0.1826083560248917 0.14874977035490139 0
2072 1 1 180662400 -74409544.079751775 118864859.22716434 -5981292.8773967316 -27.842006397543212 -13.117872757820502 0.97096021676660726 953.86784054734471 0.028115004505485285 0.17849608936775843 0.14444272569711833 0
2073 1 1 180748800 -76801544.144312084 117710991.47082502 -5895778.2129501784 -27.527096256872362 -13.590752588398963 1.0083961387340798 953.36505736013453 0.026021701946973112 0.17435003392448473 0.14015533392654683 0
2074 1 1 180835200 -79166010.151199594 116516598.82799669 -5807067.9835112132 -27.204680431670074 -14.055936508852266 1.044930751703758 952.87574765363183 0.02402224171055059 0.17017801234403468 0.13589459097106849 0
2075 1 1 180921600 -81502303.034645617 115282349.33251187 -5715240.271896217 -26.874976745892141 -14.513353598202345 1.080559402615201 952.39986278965421 0.022115234706667874 0.16598758326348625 0.13166706063503664 0
2076 1 1 181008000 -83809802.454391539 114008916.88853297 -5620373.5115390122 -26.538200811465721 -14.962938852852687 1.1152786187249337 951.93733564895615 0.020299118950112331 0.16178603132757627 0.12747887528552054 0
2077 1 1 181094400 -86087906.598288208 112696980.76894647 -5522546.3870189805 -26.194565885166682 -15.404632963253611 1.1490860495274646 951.48808161288923 0.018572176175563903 0.15758035884567584 0.12333573838283761 0
2078 1 1 181180800 -88336031.973113641 111347225.13299611 -5421837.7396126101 -25.844282738942105 -15.838382092007727 1.1819804085925005 951.05199954808313 0.016932548051255606 0.15337727892037648 0.11924292874946006 0
2079 1 1 181267200 -90553613.184750021 109960338.56300412 -5318326.4778651502 -25.487559543182442 -16.2641376539787 1.2139614155613552 950.62897279000072 0.015378251884966818 0.14918321013673572 0.11520530639730103 0
2080 1 1 181353600 -92740102.708815768 108537013.61998653 -5212091.4931587456 -25.124601762435205 -16.681856098914142 1.2450297385266118 950.2188701215274 0.013907195810228914 0.14500427258485629 0.11122731979200856 0
2081 1 1 181440000 -94894970.65280737 107077946.41792426 -5103211.5802348694 -24.755612063045177 -17.091498697050874 1.2751869370028037 949.82154674315996 0.012517193312140022 0.14084628517763095 0.10731301441968483 0
2082 1 1 181526400 -97017704.510756686 105583836.21641359 -4991765.3626117762 -24.380790232195899 -17.493031328113887 1.3044354056743954 949.43684523153831 0.011205977233645047 0.13671476429183813 0.1034660424494358 0
2083 1 1 181612800 -99107808.911367357 104055385.03138754 -4877831.2228223598 -24.000333107823739 -17.886424274082124 1.3327783190917772 949.06459648347095 0.0099712130532845188 0.13261492342140954 0.099689673461018383 0
2084 1 1 181699200 -101164805.3605468 102493297.26356722 -4761487.2373837419 -23.614434518880412 -18.271652016049057 1.3602195774684598 948.70462064287358 0.0088105115199181398 0.12855167401337625 0.095986806001415917 0
2085 1 1 181785600 -103188231.97920448 100898279.34427729 -4642811.1163974805 -23.22328523541568 -18.64869303546023 1.3867637537143602 948.35672800825455 0.0077214406189183484 0.1245296272322301 0.092359979923633956 0
2086 1 1 181872000 -105177643.23714299 99271039.398236349 -4521880.1476683933 -22.827072927961673 -19.017529619975608 1.4124160418235301 948.02071991875573 0.0067015367995608387 0.12055309666210233 0.088811389307111341 0
2087 1 1 181958400 -107132609.68382367 97612286.922913522 -4398771.14522037 -22.425982135703805 -19.378147674165739 1.4371822067207383 947.69638961695227 0.0057483155638589703 0.11662610180870142 0.085342895958321757 0
2088 1 1 182044800 -109052717.67674272 95922732.484025627 -4273560.4020791585 -22.020194242933709 -19.730536535214377 1.4610685356553073 947.38352308685069 0.0048592812912992313 0.11275237241097548 0.081956043252574023 0
2089 1 1 182131200 -110937569.1081135 94203087.426735982 -4146323.6471852688 -21.609887463288594 -20.074688793770225 1.4840817912132696 947.08189986585069 0.0040319364406277191 0.10893535336884796 0.078652070295546356 0
2090 1 1 182217600 -112786781.13050571 92454063.602105379 -4017136.0062944572 -21.195236831294714 -20.410600120057449 1.5062291660106186 946.79129382953533 0.0032637899871635701 0.10517821036812593 0.075431926319573281 0
2091 1 1 182304000 -114599985.88205256 90676373.108336627 -3886071.9667183626 -20.776414200743933 -20.738269095327102 1.5275182391124045 946.51147394844577 0.0025523652792898643 0.1014838359821045 0.072296285127166265 0
2092 1 1 182390400 -116376830.21179619 88870728.046349049 -3753205.3457547324 -20.353588249445927 -21.057697048707343 1.547956934212825 946.24220501618549 0.0018952071639047677 0.097854856305056123 0.069245559638012877 0
2093 1 1 182476800 -118116975.40570359 87037840.289214581 -3618609.2626538826 -19.92692448991626 -21.368887899483475 1.5675534795997952 945.98324834834705 0.0012898885211441373 0.094293637980185058 0.066279916318213575 0
2094 1 1 182563200 -119820096.91384642 85178421.264985621 -3482356.1139666904 -19.496585285572298 -21.671848004818141 1.5863163699159943 945.73436245193921 0.00073401616112869544 0.090802295623426205 0.063399289549270377 0
2095 1 1 182649600 -121485884.0792038 83293181.752445638 -3344517.5521186558 -19.062729872027028 -21.96658601290256 1.6042543297197394 945.49530366514591 0.0002252361472656893 0.087382699519552631 0.060603395761299104 0
2096 1 1 182736000 -123114039.86851043 81382831.689313248 -3205164.4670547894 -18.625514383087197 -22.253112721510043 1.6213762788383963 945.26582676739793 -0.00023876147864364597 0.084036483624403455 0.057891747354577958 0
2097 1 1 182822400 -124704280.60554098 79448079.992435798 -3064366.9708010154 -18.185091881077859 -22.531440941908755 1.6376912994998967 945.04568555986384 -0.00066023847824581269 0.080765053712220661 0.055263666290392498 0
2098 1 1 182908800 -126256335.70718786 77489634.389511436 -2922194.3847893975 -17.741612391132648 -22.801585368074111 1.653208605219288 944.83463341656864 -0.0010414047477361416 0.077569595767045751 0.052718297351254662 0
2099 1 1 182995200 -127769947.42266089 75508201.261884779 -2778715.2297967528 -17.295222939106356 -23.063562451127233 1.6679375114120807 944.63242380641623 -0.0013844151159892 0.074451084442274995 0.050254621005460125 0
2100 1 1 183081600 -129244870.57610734 73504485.497968018 -2633997.2183489949 -16.846067592782283 -23.317390278919682 1.6818874076968502 944.43881078660161 -0.0016913666202853501 0.071410291596060466 0.047871465804903771 0
2101 1 1 183168000 -130680872.31292298 71479190.356847346 -2488107.2494470263 -16.394287506064526 -23.563088460668737 1.6950677318458702 944.25354946784944 -0.0019642962098847987 0.068447794921124877 0.045567520346726439 0
2102 1 1 183254400 -132077731.85000019 69433017.341642186 -2341111.405473738 -15.940020965860862 -23.80067801654134 1.7074879453380152 944.07639645201311 -0.0022051788588006065 0.065563986536162813 0.043341344709947854 0
2103 1 1 183340800 -133435240.23013239 67366666.082194313 -2193074.951145892 -15.483403441378172 -24.030181272078615 1.7191575104609902 943.90711024266955 -0.0024159260533268175 0.062759081586990714 0.041191381351583595 0
2104 1 1 183427200 -134753200.08077276 65280834.226674087 -2044062.3343794052 -15.024567635569836 -24.251621757344399 1.7300858689084426 943.74545162932054 -0.0025983846597094568 0.060033126789232449 0.039115965467029078 0
2105 1 1 183513600 -136031425.37732202 63176217.341700047 -1894137.1889413833 -14.563643538487828 -24.465024110678485 1.740282421812402 943.59118404586911 -0.0027543360798315372 0.057386008886963658 0.037113334738337798 0
2106 1 1 183600000 -137269741.21109906 61053508.820580117 -1743362.3387675844 -14.100758482308331 -24.670413986930441 1.7497565111489017 943.44407390405911 -0.0028854957484648115 0.054817463016777625 0.035181638514179055 0
2107 1 1 183686400 -138467983.56213152 58913399.799292289 -1591799.8038294353 -13.636037197815584 -24.86781797004528 1.7585174024517036 943.30389090249662 -0.002993512892457841 0.052327080964524555 0.033318946337575331 0
2108 1 1 183772800 -139625999.07688114 56756579.079834498 -1439510.8074405312 -13.169601872140795 -25.057263489873698 1.7665742687658854 943.17040831194538 -0.0030799705460689089 0.049914319232804615 0.031523255861757082 0
2109 1 1 183859200 -140743644.85100541 54583733.060584359 -1286555.7848984408 -12.701572207568534 -25.238778743075486 1.7739361757727523 943.04340323744736 -0.0031463858131205438 0.047578506997650163 0.029792500114641175 0
2110 1 1 183945600 -141820788.21724039 52395545.67332086 -1132994.3933637161 -12.232065481235336 -25.412392617984562 1.780612068013635 942.92265685778113 -0.0031942103251802914 0.045318853846737124 0.028124554091634325 0
2111 1 1 184032000 -142857306.53847328 50192698.326570891 -978885.52288431861 -11.761196605558473 -25.578134623305999 1.7866107561396458 942.80795464268533 -0.003224830916929532 0.043134457331285354 0.026517240690477017 0
2112 1 1 184118400 -143853087.00606316 47975869.854955912 -824287.30848002376 -11.289078189245526 -25.736034820514618 1.7919409051127664 942.69908654809399 -0.0032395704608906878 0.041024310303670458 0.024968335949298561 0
2113 1 1 184204800 -144808026.44345173 45745736.474223927 -669257.14320788288 -10.815820598746335 -25.886123759826138 1.7966110232824695 942.59584718942631 -0.0032396888710929522 0.038987308040777845 0.023475573606368445 0
2114 1 1 184291200 -145722031.1150994 43502971.741663799 -513851.69213640149 -10.34153202002113 -26.028432419614486 1.8006294522609074 942.49803599273116 -0.0032263842515456286 0.037022255106919262 0.022036648942668761 0
2115 1 1 184377600 -146595016.54076684 41248246.521609508 -358126.9071628137 -9.8663185205083703 -26.16299214915146 1.8040043575188196 942.40545732312307 -0.0032007941599278169 0.035127871982421635 0.020649221927989337 0
2116 1 1 184464000 -147426907.31515536 38982228.955752507 -202138.04261455385 -9.3902841111870945 -26.289834614546685 1.8067437196234195 942.31792058945928 -0.0031639970113101798 0.033302801421353154 0.019310919631463943 0
2117 1 1 184550400 -148217636.93291008 36705584.437991105 -45939.671582919043 -8.9135308086382707 -26.408991747769068 1.80885532603858 942.23524032359103 -0.0031170135659582504 0.031545614555412785 0.018019337913678882 0
2118 1 1 184636800 -148967147.61898249 34418975.593555249 110414.2970562306 -8.4361586970184952 -26.520495698635614 1.8103467634074661 942.15723623169754 -0.0030608085280874973 0.02985481668335024 0.016772042375443788 0
2119 1 1 184723200 -149675390.1643402 32123062.262155153 266870.6009729256 -7.9582659898681802 -26.624378789656021 1.8112254102369396 942.08373321407532 -0.0029962922091061775 0.028228852812556406 0.015566568566585812 0
2120 1 1 184809600 -150342323.76700771 29818501.484912295 423376.60609592119 -7.4799490916847882 -26.720673473625148 1.8114984299028529 942.01456134824866 -0.0029243222806137302 0.02666611287003063 0.014400421441106656 0
2121 1 1 184896000 -150967915.8784146 27505947.494839054 579880.28773214284 -7.0013026592001895 -26.809412293861246 1.8111727638955379 941.94955582825423 -0.002845705591558321 0.025164936623452587 0.013271074069046575 0
2122 1 1 184982400 -151552142.0550237 25186051.710643221 736330.21111001726 -6.5224196623073798 -26.890627846990125 1.8102551252248869 941.888556850123 -0.0027612000344426641 0.023723618295612713 0.012175965589999746 0
2123 1 1 185068800 -152094985.8152051 22859462.733641326 892675.5113570377 -6.0433914445893446 -26.96435274818112 1.8087519919059238 941.8314094297973 -0.0026715164740400829 0.022340410845088195 0.011112498446125371 0
2124 1 1 185155200 -152596438.50132319 20526826.347573012 1048865.8729151695 -5.5643077834093226 -27.030619598745478 1.8066696004473586 941.77796313442559 -0.0025773207118169458 0.02101352993228682 0.010078034882869161 0
2125 1 1 185241600 -153056499.14699382 18188785.521115761 1204851.5083910844 -5.0852569495270359 -27.089460956011379 1.8040139392684689 941.72807170061935 -0.0024792354864279905 0.019741157554299792 0.0090698927825596729 0
2126 1 1 185328000 -153475174.34947097 15845980.412907144 1360583.1368319939 -4.6063257662110164 -27.140909305395333 1.8007907419746296 941.68159250296958 -0.0023778424964841969 0.018521445338403851 0.0080853408615891992 0
2127 1 1 185414400 -153852478.14711845 13499048.378887897 1516011.9614120612 -4.1275996678216824 -27.184997034594272 1.7970054804278408 941.63838582172559 -0.0022736844368633686 0.01735251749517383 0.0071215933247788556 0
2128 1 1 185500800 -154188431.90191907 11148623.98178569 1671089.6465092669 -3.6491627578444259 -27.221756409827876 1.7926633575583579 941.59831383825474 -0.0021672670395161747 0.016232473414347741 0.0061758040827283294 0
2129 1 1 185587200 -154483064.18697417 8795339.0025655199 1825768.2941484628 -3.1710978663550384 -27.251219554065216 1.7877692998756949 941.56123925866086 -0.0020590610922709648 0.015159389911459842 0.0052450606837646354 0
2130 1 1 185673600 -154736410.67894176 6439822.4536776328 1980000.4197834122 -2.693486606902487 -27.273418427174825 1.7823279496539328 941.5270234270746 -0.0019495044223476628 0.014131323095734009 0.0043263781625878413 0
2131 1 1 185760000 -154948514.0553652 4082700.5939395567 2133738.9273893689 -2.2164094327966937 -27.288384807943203 1.7763436567880679 941.49552373843483 -0.0018390038266827584 0.013146309869843952 0.0034166930694356523 0
2132 1 1 185846400 -155119423.89683843 1724596.944892714 2286937.0838385518 -1.7399456927904058 -27.296150277911376 1.7698204703445544 941.46659009656685 -0.0017279369151600242 0.012202369028415361 0.002512857988862742 0
2133 1 1 185932800 -155249196.59395531 -633867.69152127684 2439548.4925342873 -1.2641736861448276 -27.296746206984832 1.7627621298627154 941.44006009638724 -0.0016166538422265227 0.011297501965132118 0.0016116369641733577 0
2134 1 1 186019200 -155337895.25898978 -2992075.2141162087 2591527.0662861159 -0.78917071706951158 -27.29020374077777 1.7551720565027036 941.41575257169666 -0.0015054789000416577 0.010429692954592402 0.00070970226306700177 0
2135 1 1 186105600 -155385589.64225268 -5349410.2025971087 2742826.9994183141 -0.31501314852695955 -27.276553789657864 1.7470533441794096 941.39345922664972 -0.0013947119409680497 0.0095969090205569509 -0.00019636699024176159 0
2136 1 1 186192000 -155392356.053069 -7705259.8968219627 2893402.7391183367 0.15822354460728286 -27.255827019462803 1.7384087508694994 941.37293443822932 -0.0012846296162242065 0.0087970993695548998 -0.0011100837902882094 0
2137 1 1 186278400 -155358277.28532037 -10059014.175332693 3043208.9560499345 0.63046472303707479 -27.228053843865769 1.7292406903258295 941.35388426853331 -0.0011754864235485271 0.0080281944046504093 -0.0020350493172152746 0
2138 1 1 186364800 -155283442.54749525 -12410065.533296991 3192200.5142780524 1.1016365311958463 -27.193264418368543 1.719551224481765 941.33595749551057 -0.0010675155735233972 0.0072881043090313579 -0.0029749456518218457 0
2139 1 1 186451200 -155167947.39736313 -14757809.05953382 3340332.4412707943 1.5716658418021197 -27.151488624336867 1.7093420740150016 941.31874354967499 -0.00096092943739289449 0.0065747163088205503 -0.0039335259842969601 0
2140 1 1 186537600 -155011893.6778464 -17101642.421869859 3487559.8843249124 2.0404803046895532 -27.102756335236499 1.6986142080577513 941.30178304611024 -0.00085480382843912135 0.005882853346855732 -0.0049191020081473229 0
2141 1 1 186624000 -154815389.46228623 -19440965.838422116 3633838.0863530599 2.5080078630260463 -27.047096237765505 1.6873695949562943 941.2845951562681 -0.00075965497455480558 0.0052381201656053677 -0.0058926732718521183 0
2142 1 1 186710400 -154578549.10445115 -21775181.78346796 3779122.7919932134 2.9741748396633056 -26.984530996817774 1.6756194908113839 941.26681496670039 -0.00070698333645347663 0.0047191604584553067 -0.0067169557335537656 0
2143 1 1 186796800 -154301493.34096044 -24103694.581884656 3923370.9124697442 3.4389081806545514 -26.915083520854978 1.663375327483704 941.24822208242074 -0.00066396892897066485 0.0042336560316907643 -0.0075243904688027169 0
2144 1 1 186883200 -153984349.08565754 -26425910.831263702 4066539.8852927098 3.9021375333312722 -26.838782316224762 1.6506395601902619 941.22859170234597 -0.00062292906560584068 0.0037635383959604952 -0.0083412201093577432 0
2145 1 1 186969600 -153627249.32282847 -28741239.501052946 4208587.5179226166 4.3637923112093615 -26.755652368067071 1.6374209755504119 941.20784840919202 -0.00060221722534146613 0.0033798629054491332 -0.0090251798354028124 0
2146 1 1 187056000 -153230333.16183317 -31049091.522942852 4349472.7531829095 4.8238017136071862 -26.665715565459141 1.623734461746978 941.18608866894601 -0.00059506631427694203 0.0030637365969920891 -0.0095954211461818633 0
2147 1 1 187142400 -152793745.78871137 -33348879.756372474 4489155.7791455081 5.2820957918027984 -26.568994218012271 1.6095947322739859 941.16346941497864 -0.00059916261399987122 0.0028215847437480894 -0.010025004542305057 0
2148 1 1 187228800 -152317638.4064585 -35640018.953263126 4627598.1353828935 5.7386052636642901 -26.465510008269678 1.595017918754855 941.14021460119318 -0.00060858147345326105 0.0026485866208061132 -0.010314194092962511 0
2149 1 1 187315200 -151802168.16784808 -37921925.74605912 4764762.7323022876 6.1932616815335226 -26.35528482685551 1.5800194658150886 941.11655985747871 -0.00061709145936662347 0.0025373054719812467 -0.01047320523103009 0
2150 1 1 187401600 -151247498.10396084 -40194018.648908347 4900613.8144080061 6.6459974110506019 -26.238340157581693 1.564615167009664 941.09276282076519 -0.00061879403421318728 0.0024912604483678011 -0.010491538924176574 0
2151 1 3 187452538.23141685 -150902185.28401667 -41528727.202770092 4980077.1027596071 6.9119863526525567 -26.166254470730966 1.5553482623598203 941.07874548280915 0 0 0 193
2152 1 1 187488000 -150653797.07182714 -42455718.060651749 5035116.8867007941 7.0967450608447802 -26.11469884123764 1.5488167323458844 941.06900228805432 -0.00061777463340159753 0.002470824771215531 -0.010462920719443786 0
2153 1 1 187574400 -150021276.98649997 -44706389.197354577 5168250.9397615017 7.5445137875360029 -25.982965337932086 1.5329470355416823 941.01910832585088 -0.00061478411141644893 0.0024793401322581112 -0.010398566181243787 0
2154 1 1 187660800 -149349809.45462728 -46945930.770410165 5299877.0761091532 8.0021755483735681 -25.863039508194895 1.5125825671802557 940.52266641935012 0.24074218980100751 -0.36863209258107771 -0.093024611631070064 0
2155 1 1 187747200 -148638210.53740254 -49175882.639409877 5429491.2757072672 8.4695532702894649 -25.755049696070571 1.4876951396106899 939.49018617430556 0.23814873782881782 -0.37020592615678388 -0.093449188915361331 0
2156 1 1 187833600 -147886379.38614193 -51396160.998410739 5556951.2316915467 8.9335292906704264 -25.639211008591289 1.4626968771229496 938.49902194147592 0.2356366081486061 -0.37172189378726639 -0.093798841034569896 0
2157 1 1 187920000 -147094569.57879445 -53606153.284879349 5682233.3256447585 9.3949737884566709 -25.516948173241541 1.4372828564446234 937.50785777163082 0.23313696100863179 -0.3732138087702514 -0.094120191005235221 0
2158 1 1 188006400 -146263002.82114664 -55805304.973801903 5805301.8968984503 9.8538173150569985 -25.388273227330508 1.4114586367855231 936.51669360544577 0.23063920030623672 -0.37468090500264384 -0.094444580090650848 0
2159 1 1 188092800 -145391906.91570351 -57993062.576974392 5926121.6859371532 10.309988231865656 -25.25319824353414 1.3852284407171254 935.52552943866897 0.22813650837002461 -0.37612766616319987 -0.094771896126215449 0
2160 1 1 188179200 -144481515.95260516 -60168873.671766274 6044657.805114937 10.763412613573253 -25.111735832069005 1.3585966357358636 934.53436527154554 0.22562132308846092 -0.37755858856779784 -0.095102737954827835 0
2161 1 1 188265600 -143532070.51159382 -62332186.95135583 6160875.7440181701 11.214014152879486 -24.963899229868346 1.3315675891783463 933.54320110399419 0.22308564160386288 -0.3789781719356291 -0.095437632548809784 0
2162 1 1 188352000 -142543817.87044087 -64482452.283617415 6274741.3702172572 11.661714099936711 -24.80970241040956 1.3041456857943183 932.5520369359208 0.22052100290996207 -0.38039091403955078 -0.09577703165028445 0
2163 1 1 188438400 -141517012.21860278 -66619120.779531486 6386220.9314133413 12.10643120190494 -24.64916019430926 1.2763353426812585 931.56087276721951 0.21791846688890942 -0.38180130443985988 -0.096121307298687508 0
2164 1 1 188524800 -140451914.87605035 -68741644.871179059 6495281.0588946845 12.548081643621837 -24.482288360572955 1.2481410246840228 930.56970859776891 0.21526858998228549 -0.3832138166860482 -0.096470746177017438 0
2165 1 1 188611200 -139348794.51718169 -70849478.399370879 6601888.7723474307 12.986578989206381 -24.309103758329094 1.2195672603641488 929.57854442743155 0.21256139778558669 -0.38463289826531083 -0.096825542825561786 0
2166 1 1 188697600 -138207927.39974767 -72942076.710942984 6706011.4860745911 13.42183412441555 -24.129624418819329 1.190618658647338 928.58738025605464 0.20978635416640948 -0.38606295797894608 -0.097185791564983179 0
2167 1 1 188784000 -137029597.59873068 -75018896.765729219 6807617.0166872106 13.853755199592122 -23.943869667346711 1.1612999262778398 927.59621608346356 0.20693232751109894 -0.38750834983588744 -0.09755147686379112 0
2168 1 1 188870400 -135814097.24513218 -77079397.253190741 6906673.5923448605 14.282247573068004 -23.751860234809747 1.1316158862569874 926.60505190946549 0.20398755391880574 -0.38897335294450025 -0.097922461903975799 0
2169 1 1 188956800 -134561726.76963034 -79123038.718637288 7003149.8636039523 14.707213755035777 -23.55361836806226 1.1015714965118988 925.61388773382077 0.20093959873769279 -0.39046214439685584 -0.098298481433559667 0
2170 1 1 189043200 -133272795.15111418 -81149283.699036092 7097014.9162955675 15.128553350435228 -23.34916794227324 1.0711718810616246 924.62272355639004 0.19777529566823998 -0.39197881600838763 -0.098678975592589382 0
2171 1 1 189129600 -131947620.28704296 -83157597.157219127 7188239.1810943261 15.546160103760249 -23.13854172909155 1.0404445187307609 923.63155643643745 0.19448079077870814 -0.39352704141285777 -0.099064068637076036 0
2172 1 1 189216000 -130586528.40345174 -85147443.806248024 7276785.148192592 15.959959475065638 -22.92167031288762 1.0090816339438702 922.64040686859062 0.19178623326364164 -0.39326948106917808 -0.10515301227317946 0
2173 1 1 189302400 -129189848.75039458 -87118281.303009197 7362590.8305384656 16.369956973541004 -22.698535042382503 0.97711462896049484 921.64923810133905 0.1904534674907255 -0.39394980350833708 -0.10502870577371574 0
2174 1 1 189388800 -127757910.26974051 -89069572.72867462 7445623.3321764758 16.776117670431312 -22.469220226002509 0.94488709199689047 920.65807393164255 0.18900313022221388 -0.39468069585623855 -0.10490455225889977 0
2175 1 1 189475200 -126291049.42620195 -91000785.466155261 7525859.3045702297 17.178326567095805 -22.233756462072229 0.91238124623976613 919.66690976015195 0.18742227673131356 -0.39546666797843089 -0.10478074585957295 0
2176 1 1 189561600 -124789612.47282413 -92911389.801335722 7603274.9877179936 17.576471696702399 -21.99218014075257 0.87960374835010768 918.67574558657941 0.18569743191282412 -0.3963123788863509 -0.10465640029364413 0
2177 1 1 189648000 -123253955.45385981 -94800859.268420979 7677847.2070894511 17.970438371645827 -21.744530082613846 0.84656149515532941 917.68458141062979 0.18381431906537848 -0.39722241444350187 -0.10453061546841712 0
2178 1 1 189734400 -121684444.44139265 -96668670.864577353 7749553.3947506053 18.360109148498957 -21.490847646061173 0.81326163563505049 916.69341723197988 0.18175785326905119 -0.39820126203256639 -0.10440228776563008 0
2179 1 1 189820800 -120081455.77478993 -98514305.273743317 7818371.6122941654 18.745363797077673 -21.2311768314453 0.77971159773940113 915.70225305028293 0.17951210710804219 -0.39925324389244615 -0.10427008508191454 0
2180 1 1 189907200 -118445376.30273744 -100337247.09914319 7884280.5761662209 19.126079271787585 -20.965564378141902 0.74591911724178184 914.71108886517356 0.17706028529836487 -0.4003824373885474 -0.10413241186521861 0
2181 1 1 189993600 -116776603.62760517 -102136985.10383083 7947259.6856297683 19.502129686533966 -20.69405985307132 0.71189226999726396 913.71992467627388 0.17438471055812413 -0.40159257925576736 -0.10398736947466025 0
2182 1 1 190080000 -115075546.35177578 -103913012.45844357 8007289.0536768138 19.873386294658417 -20.416715728725272 0.67763950800444073 912.72876048320893 0.17146682489670842 -0.40288695168202937 -0.10383271220672056 0
2183 1 1 190166400 -113342624.3254225 -105664826.99516715 8064349.5412357207 20.239717475804188 -20.133587448545867 0.64316969969726123 911.73759628561913 0.16828721110032779 -0.40426824855734644 -0.1036657985472994 0
2184 1 1 190252800 -111578268.89503767 -107391931.4667186 8118422.7950578034 20.600988732123422 -19.844733477293108 0.60849217488515661 910.74643208318605 0.16482564016411716 -0.40573842022544787 -0.10348353829207252 0
2185 1 1 190339200 -109782923.15177943 -109093833.80894163 8169491.2897012513 20.957062696843025 -19.550215333855892 0.57361677472054395 909.75526787566082 0.16106115130070148 -0.40729849578939431 -0.10328233570843245 0
2186 1 1 190425600 -107957042.1784135 -110770047.40538265 8217538.3740615984 21.307799158895278 -19.250097603842214 0.53855390701749672 908.76410366290065 0.15697217192927873 -0.40894838269469697 -0.10305802992099462 0
2187 1 1 190512000 -106101093.29328179 -112420091.35198331 8262548.3229100611 21.653055107885827 -18.944447929247531 0.50331460683550799 907.77293944495818 0.15253668456871083 -0.41068664453827902 -0.10280583572285609 0
2188 1 1 190598400 -104215556.28923529 -114043490.71979566 8304506.3940163925 21.992684807250246 -18.633336972581436 0.46791060600557594 906.7817752217594 0.14773248234406827 -0.41251025967804678 -0.10252023859126537 0
2189 1 1 190684800 -102300922.8483635 -115639776.85131735 8343400.0806912119 22.326560149718777 -18.316839293102753 0.43238389912288444 905.79059482915545 0.14253724126295061 -0.41441436896964989 -0.10219523298390339 0
2190 1 1 190771200 -100357705.78065638 -117208487.40348817 8379206.8776892293 22.654231256360511 -17.99502270484675 0.39633290788942205 904.79948550925894 0.13182873403604994 -0.41615528664937812 -0.10925182962415927 0
2191 1 1 190857600 -98386449.400406495 -118749164.16201244 8411871.8686636537 22.975740057233303 -17.66790760434473 0.35978902128182993 903.80830265823317 0.12957339748106234 -0.41706346888832335 -0.10848408908246972 0
2192 1 1 190944000 -96387665.467610419 -120261350.30997171 8441377.4308043532 23.291416439851133 -17.335532740336053 0.32319839972276909 902.81713845307536 0.12696078982212894 -0.4180778658197874 -0.10766548174467547 0
2193 1 1 191030400 -94361865.847563222 -121744595.42506595 8467718.7521742582 23.601078617864427 -16.997991512793519 0.28654530511968651 901.82597424524715 0.12397521645191426 -0.41919676639422726 -0.10679052743724338 0
2194 1 1 191116800 -92309576.551871136 -123198457.12744674 8490891.1200879142 23.90457863341901 -16.655376922888745 0.24984573055033474 900.83481003560189 0.12060251050125081 -0.42041675798311451 -0.10585265262506649 0
2195 1 1 191203200 -90231336.416211024 -124622501.21297465 8510891.2400963902 24.201767640591694 -16.307785201147905 0.21311652275673923 899.84364582540661 0.11683013777130691 -0.42173252502742875 -0.10484462905808122 0
2196 1 1 191289600 -88127697.163452372 -126016301.92651553 8527717.3124265373 24.492496229315272 -15.955315671436434 0.17637544512707279 898.85248161620825 0.11264767165291702 -0.42313670477008708 -0.10375852325225508 0
2197 1 1 191376000 -85999223.436441451 -127379442.22258845 8541369.1140313521 24.776614803481632 -15.598070594649073 0.13964124308798981 897.86131740979647 0.1080472575236241 -0.42461978079038909 -0.1025857295297237 0
2198 1 1 191462400 -83846492.79586646 -128711514.01175748 8551848.0860828906 25.053974011050592 -15.236154995828699 0.10293370426758908 896.87015320813146 0.10302406954001618 -0.42617003708831014 -0.10131703007669678 0
2199 1 1 191548800 -81670095.678766817 -130012118.39156754 8559157.4263437428 25.324425224445282 -14.869676480301885 0.066273710739040315 895.87898901324547 0.097576736415295129 -0.42777358490544837 -0.09994268641417034 0
2200 1 1 191635200 -79470635.313500822 -131280865.8613569 8563302.1856080163 25.587821067196018 -14.498745045512951 0.029683280530181193 894.88782482708018 0.091707713032564225 -0.42941447240840624 -0.09845255840528952 0
2201 1 1 191721600 -77248727.035143882 -132517376.57769546 8564290.0575839393 25.844029679098945 -14.123474304727536 -0.0067972797892004392 893.89665311073168 0.085423540927485844 -0.43107487998424932 -0.096836287113742703 0
2202 1 1 191808000 -75005004.093415871 -133721280.00303383 8562124.3546166997 26.09270836279973 -13.743960000601643 -0.043384058545784157 892.9055137559568 0.075331281865531771 -0.43238532429805632 -0.099338458333922644 0
2203 1 1 191894400 -72740125.280682802 -134892213.49888265 8556790.9077361692 26.333814577713508 -13.360301720009424 -0.080046701860841549 891.91433930049675 0.070121053142694831 -0.43371409265497435 -0.097340247270241181 0
2204 1 1 191980800 -70454734.338429645 -136029824.35697439 8548298.1230240073 26.567502568022427 -12.972623269821108 -0.11651362566133568 890.92317513942737 0.064549836882791034 -0.43505350936660064 -0.095193290447437615 0
2205 1 1 192067200 -68149478.875371635 -137133770.61118382 8536663.2612316906 26.793619921184252 -12.581049444225702 -0.15277537761673765 889.93201098803809 0.05863573341227294 -0.43638694281603035 -0.092888572531197297 0
2206 1 1 192153600 -65825018.510742202 -138203721.16264907 8521905.2528865617 27.012039700098846 -12.185706991340274 -0.18880393508740242 888.94084684618963 0.052399973534872982 -0.43769731146937785 -0.09041740046043692 0
2207 1 1 192240000 -63482023.733408511 -139239355.97770342 8504045.605965212 27.222637134766718 -11.786725340352296 -0.22456747724521342 887.94968455701814 0.04586653240691705 -0.4389674180292667 -0.087771676033241278 0
2208 1 1 192326400 -61121174.459330119 -140240366.28636926 8483107.2257394474 27.425329951140178 -11.384232971638239 -0.26007807173818759 886.95831149067419 0.039698624185410605 -0.43998586384975508 -0.085653131000392013 0
2209 1 1 192412800 -58743156.94904194 -141206451.37818336 8459112.7202870678 27.620027177121493 -10.978260293456449 -0.29528749823000966 885.96904568697391 0.033007481271751495 -0.43889219189301815 -0.082244806134940368 0
2210 1 1 192499200 -56348668.202816531 -142137303.90743852 8432094.0887413379 27.806585178098839 -10.568620208788753 -0.33006358566841665 884.98950899650436 0.025725065957106927 -0.43373745968349497 -0.077907531224772508 0
2211 1 1 192585600 -53938416.535935618 -143032602.38194519 8402091.8143544476 27.984897609100951 -10.155287743552954 -0.36435229066776892 884.02334773161738 0.018492947657282668 -0.42935732060330672 -0.073622979393166421 0
2212 1 1 192672000 -51513117.355139643 -143892038.18377578 8369148.1824103463 28.154895584169843 -9.7385022727824566 -0.39814892918592254 883.06814260123633 0.011302366896680221 -0.42571181310831802 -0.069368168863731566 0
2213 1 1 192758400 -49073492.012856536 -144715322.42786977 8333306.1619637692 28.316510539483637 -9.3184825084008729 -0.43144263136766048 882.12201436074713 0.0041439030650234727 -0.42276210202788933 -0.065120350354856749 0
2214 1 1 192844800 -46620267.65567676 -145502185.08793584 8294609.7512041656 28.4696769256933 -8.8954462806272296 -0.46422044976716997 881.18316154731622 -0.0029922381624171482 -0.42047079137802285 -0.060857118997165824 0
2215 1 1 192931200 -44154176.96075099 -146252374.91969347 8253104.15544564 28.614332284364092 -8.4696105279723373 -0.49646739605102214 880.24985715658784 -0.010115967431577505 -0.41880216676759807 -0.056556503778310306 0
2216 1 1 193017600 -41675957.864736579 -146965659.38403106 8208835.9615550153 28.750417343400279 -8.0411913041758663 -0.5281664863415515 879.32044467625064 -0.01723708827393609 -0.41772236930995216 -0.052197033436865922 0
2217 1 1 193104000 -39186353.283751182 -147641824.57130671 8161853.3080971204 28.877876129596405 -7.6104037970545342 -0.55929879520748382 878.39333362106504 -0.024365085614184816 -0.41719952616649292 -0.047757811381511542 0
2218 1 1 193190400 -36686110.819827132 -148280675.11857003 8112206.0484097274 28.99665617093137 -7.1774621284065505 -0.58984356598591592 877.46699972990348 -0.031509100211829809 -0.4172037260341569 -0.043218405097123366 0
2219 1 1 193276800 -34175982.505121835 -148882034.25346607 8059945.9420347484 29.106707030920518 -6.7425835148204047 -0.61977717804596588 876.53988781088867 -0.038698227151878525 -0.41776075591490475 -0.038544815311479318 0
2220 1 1 193363200 -31656724.736049298 -149445744.41867304 8005126.9800266316 29.207979797730044 -6.3059913617275392 -0.64907271048202941 875.6103361453155 -0.045840296998913552 -0.41858728415475455 -0.033784309774280957 0
2221 1 1 193449600 -29129095.121119455 -149971659.38531139 7947803.6471682405 29.300520710929039 -5.8676531819206144 -0.67776278659774225 874.68249939610507 -0.051385790817200558 -0.41531255560110453 -0.029969971673503071 0
2222 1 1 193536000 -26593843.206611779 -150459619.63794896 7888024.9049147479 29.384432522997237 -5.4274039862210266 -0.70591880842614729 873.76364404830588 -0.055983373147562902 -0.40999427137802158 -0.026742732847258463 0
2223 1 1 193622400 -24051713.284689728 -150909462.55027077 7825835.9228282459 29.459729826076668 -4.9853427294114461 -0.73355258061189899 872.85514171556906 -0.060535883538601377 -0.40507592831520478 -0.023476171028841288 0
2224 1 1 193708800 -21503449.289065916 -151321039.10849535 7761281.4887920776 29.526437919929347 -4.5416218497628176 -0.76068454687856413 871.95724499375399 -0.064117360276118016 -0.39929119037028399 -0.020896521534335053 0
2225 1 1 193795200 -18949790.370882999 -151694209.48474401 7694402.7697074031 29.584618187502436 -4.0963296773259081 -0.78735919927915454 871.07174101419548 -0.067183957142609982 -0.39298139211419919 -0.01864338013255382 0
2226 1 1 193881600 -16391472.691501725 -152028844.58633569 7625239.0089568421 29.634277052688205 -3.6496392457697011 -0.81357650782275182 870.19843779025302 -0.070274832468405171 -0.38723767388484137 -0.016354358975717666 0
2227 1 1 193968000 -13829232.196624339 -152324832.52088812 7553829.3029657314 29.675433310863742 -3.2017453639768343 -0.83935901047034944 869.3366924463046 -0.072759501246004762 -0.38139949266817835 -0.0147712495490095 0
2228 1 1 194054400 -11263801.052601201 -152582075.7999641 7480208.666898095 29.70814151697483 -2.7527974588673776 -0.86476393588603206 868.48696922594661 -0.074833482520517511 -0.37542570041556811 -0.013802248868507245 0
2229 1 3 194063257.16877359 -11000658.227027463 -152606253.74623582 7472537.8541864371 29.711017468741193 -2.7067213280529314 -0.86734948729633921 868.40053478384868 0 0 0 149
2230 1 1 194140800 -8695909.3014233038 -152800490.89634526 7404406.7345098099 29.732377199513682 -2.3029815016281039 -0.88986949001151083 867.64857957663969 -0.077793744200427478 -0.36998648014338958 -0.013965335611993942 0
2231 1 1 194227200 -6126284.0848737936 -152980000.75326073 7326441.5437850133 29.748271497015292 -1.8522284250063976 -0.91485983970689211 866.82692111854544 -0.081471096173113877 -0.36495698564016715 -0.015103990354429586 0
2232 1 1 194313600 -3555737.9067280893 -153120652.18590173 7246355.0061356779 29.752797008435984 -1.4047087867768406 -0.93862994176153713 865.92027200982773 -0.13673383292366181 -0.42870997779352876 0.003407913478394353 0
2233 1 1 194400000 -985330.09693920007 -153222842.02469882 7164282.124402645 29.745973851683896 -0.96080964975586602 -0.96118873272619276 864.92196766652467 -0.1402412915867387 -0.42758503104154527 0.0018496927539865995 0
2234 1 1 194486400 1584129.2685145431 -153286676.89436033 7080262.1016450319 29.730831830861653 -0.51690733453075721 -0.98369650625061178 863.93080349974309 -0.1437362095374721 -0.42642682486306538 0.00025515682342772968 0
2235 1 1 194572800 4151912.5720469472 -153312175.95140392 6994303.3543625632 29.707180536875413 -0.073433410946600289 -1.0060658589546181 862.93963935296063 -0.14722918898727189 -0.42523135276296453 -0.0013647481560340219 0
2236 1 1 194659200 6717285.8350684736 -153299383.14309496 6906418.0342706144 29.675049204439102 0.36945183722356678 -1.0282924008536714 861.94847520409928 -0.15070871729916543 -0.42400214010416493 -0.003011265037872518 0
2237 1 1 194745600 9279517.843049163 -153248356.20262682 6816618.6665939931 29.634472495552536 0.81158962157215564 -1.0503717910838797 860.95731103860749 -0.15416699729744854 -0.42274179173034027 -0.0046812892358909257 0
2238 1 1 194832000 11837880.590266647 -153159166.50687322 6724918.1292351745 29.585489957444867 1.2528229520695713 -1.0723006382172806 859.96614683808968 -0.15759929258850477 -0.42145170124107623 -0.0063973820118464917 0
2239 1 1 194918400 14391649.67656029 -153031898.90357962 6631329.3850970995 29.528145383426711 1.6929970800991476 -1.0940812793818842 858.97498273161807 -0.16100653185290831 -0.42012988148075014 -0.0082328237968087824 0
2240 1 1 195004800 16940104.677353613 -152866651.51379117 6535865.0669641942 29.46248725640719 2.1319593860020398 -1.1157165373963049 857.98381859525284 -0.16437423396891135 -0.4187824221031331 -0.010118999188003408 0
2241 1 1 195091200 19482529.583677195 -152663535.56450546 6438537.8193856357 29.388569180883461 2.5695591693714515 -1.1372041307645988 856.99265444026321 -0.16769372066523971 -0.41741350329114757 -0.012032594053640811 0
2242 1 1 195177600 22018213.21262918 -152422675.20695257 6339360.5299151391 29.30644918824505 3.0056480061614659 -1.1585411550967573 856.00149028627152 -0.17095960435431223 -0.41602581118472209 -0.013976340977202652 0
2243 1 1 195264000 24546449.57438726 -152144207.31023461 6238346.3142027827 29.216189430884931 3.4400799430806934 -1.1797251878122437 855.01032613148789 -0.17416667760170992 -0.41462217070272595 -0.015950673181455217 0
2244 1 1 195350400 27066538.221305482 -151828281.24328408 6135508.4862022195 29.117856014578848 3.8727116054605188 -1.2007540657113578 854.01916197588525 -0.17731019101396828 -0.41320535974161948 -0.017956248032061358 0
2245 1 1 195436800 29577784.580842212 -151475058.64696956 6030860.5342478892 29.011518797684065 4.3034023142313078 -1.2216259195175376 853.02799781945305 -0.18038585391118497 -0.41177807743580941 -0.019993965389617268 0
2246 1 1 195523200 32079500.271006376 -151084713.19640303 5924416.0945878504 28.897251187382192 4.7320141957606063 -1.2423391987413028 852.03683366218684 -0.18338983021243582 -0.41034291398607164 -0.022064974871350909 0
2247 1 1 195609600 34571003.39806141 -150657430.35404691 5816188.9227569969 28.775129932910243 5.1584122849713063 -1.2628926968240557 851.04566950408957 -0.18631873054135742 -0.40890232170895785 -0.024170683699079806 0
2248 1 1 195696000 37051618.836270958 -150193407.11420676 5706192.8627627874 28.645234916792042 5.5824646215756824 -1.2832855766216136 850.05450534517001 -0.18916960086347917 -0.40745858754341124 -0.026312763942243491 0
2249 1 1 195782400 39520678.48954609 -149692851.73950922 5594441.81406473 28.507648944815589 6.004042339383834 -1.3035173959807278 849.06334118546124 -0.1919399076132321 -0.40601380728549757 -0.028493159862654341 0
2250 1 1 195868800 41977521.535286367 -149155983.49011412 5480949.6960074864 28.362457545494962 6.4230197445428336 -1.3235881424764611 848.07217702446349 -0.19462746077650744 -0.40456988578388914 -0.030714150297541376 0
2251 1 1 195955200 44421494.647059485 -148583032.34487656 5365730.4127805224 28.209748650715866 6.8392744361284965 -1.3434981587047647 847.08101286540443 -0.19723187172365417 -0.40312790348907829 -0.032976995085733221 0
2252 1 1 196041600 46851946.524298951 -147974236.77579901 5248802.8783444706 28.049471930700008 7.252735382509532 -1.3631228861129152 846.08963208888406 -0.19974479732654576 -0.40169213748557486 -0.035290829166331257 0
2253 1 1 196128000 49268286.711488113 -147329863.55084759 5130139.0019687284 27.883697658792538 7.6626094051001594 -1.3842199049509378 845.09927639946125 -0.1690396480873147 -0.41159278022354573 -0.067208486386532956 0
2254 1 1 196214400 51670094.562667571 -146650244.32129964 5009563.5632043127 27.712487450598058 8.0688068911907926 -1.406867601642968 844.10789578288939 -0.1720340961553391 -0.40971842823325039 -0.070958292863416747 0
2255 1 1 196300800 54056791.076840661 -145935661.91561115 4887037.4658300672 27.53392281918498 8.4719222005575432 -1.4293835282425964 843.11673160888097 -0.17499933926692418 -0.40776944391610304 -0.074828549795463259 0
2256 1 1 196387200 56427751.393635698 -145186389.19656876 4762566.1377002057 27.348239074182612 8.8718073828334401 -1.4518978224239769 842.12556743171069 -0.17792717927093921 -0.40574295494962231 -0.078832565513472036 0
2257 1 1 196473600 58782364.446169667 -144402709.34000063 4636149.258074888 27.15552958271337 9.2683683949890767 -1.4744213167500155 841.13440325205579 -0.18081814676714322 -0.40363300068912439 -0.082977096565191838 0
2258 1 1 196560000 61120027.286614478 -143584913.46500927 4507785.5314205931 26.955888916830308 9.6615154145664608 -1.4969657757236805 840.14323906945845 -0.18367147445388546 -0.40143320606116512 -0.087270674017048119 0
2259 1 1 196646400 63440145.188825406 -142733300.2672748 4377472.5992891025 26.749412791003735 10.051162895392283 -1.5195440484154159 839.15207488357771 -0.18648655738427014 -0.39913627012843833 -0.091722417014171803 0
2260 1 1 196732800 65742131.739228249 -141848175.6456047 4245206.944304511 26.536197883952504 10.437229659735877 -1.5421701234138487 838.16091069401432 -0.18926283869909241 -0.39673388678103777 -0.096342103813296831 0
2261 1 1 196819200 68025408.913156852 -140929852.32052058 4110983.7889156896 26.31634167872113 10.819638991104238 -1.564859193833817 837.1697465003067 -0.19199974692080782 -0.39421663879503521 -0.10114019418357134 0
2262 1 1 196905600 70289407.137772337 -139978649.44462824 3974796.9884515372 26.089942312214934 11.198318731913346 -1.5876277241385333 836.17858230192348 -0.19469662442840235 -0.39157388106269936 -0.10612784792730229 0
2263 1 1 196992000 72533565.342452273 -138994892.2042892 3836638.918337225 25.857098435860497 11.573201387420989 -1.6104935183711484 835.18741809818698 -0.19735264516098697 -0.38879361221783471 -0.11131693737508933 0
2264 1 1 197078400 74757330.997574314 -137978911.4118818 3696500.3552239761 25.617909086140898 11.944224240327422 -1.633475793327664 834.196253890104 -0.19996673698852385 -0.38586231677556376 -0.11672007792473858 0
2265 1 1 197164800 76960160.143780097 -136931043.08884019 3554370.3534288905 25.37247360233297 12.311329441495021 -1.6565952009053542 833.205089665419 -0.20253707216494174 -0.38276521671525587 -0.12235000315396978 0
2266 1 1 197251200 79141522.161285967 -135851634.43552935 3410243.9984871699 25.121009245413482 12.674305522245103 -1.6796784949901551 832.21334226045235 -0.20506359545733308 -0.37948337900694867 -0.12822358158926855 0
2267 1 1 197337600 81300850.083087623 -134740977.2370981 3264041.1129318341 24.861944626513218 13.035336175443952 -1.7054899540417676 831.22411055970747 -0.23479773528955464 -0.33928764399043154 -0.17959375862851809 0
2268 1 1 197424000 83437455.910193712 -133599186.02272464 3115453.1721681533 24.595626195821339 13.394300199129852 -1.734075259334295 830.23237428357345 -0.23277384805233622 -0.33707815820979931 -0.18626500186776199 0
2269 1 1 197510400 85550824.699844599 -132426571.18780297 2964393.1629455602 24.324058794844291 13.748850511880546 -1.7627295906319853 829.24121006030782 -0.23063030613689989 -0.33467961161441268 -0.19313005840838374 0
2270 1 1 197596800 87640501.201175392 -131223508.04494441 2810845.3925486915 24.047211221339477 14.099116596415723 -1.791665429985541 828.25004583659904 -0.22836421802691151 -0.33206845904431281 -0.20020070537561246 0
2271 1 1 197683200 89706033.77411446 -129990368.11690843 2654784.719342446 23.765189173056335 14.445067678202154 -1.8209019024879214 827.25888160348677 -0.22596978715569507 -0.32922230657965607 -0.2074857299748126 0
2272 1 1 197769600 91746979.906905591 -128727525.36736903 2496184.3080200381 23.478098255336011 14.786678059161646 -1.8504590938101144 826.2677173611321 -0.22344044187539344 -0.32611631162210591 -0.21499423301224257 0
2273 1 1 197856000 93762906.208577916 -127435355.75468943 2335015.5458177337 23.186044002457567 15.123927286092224 -1.8803580553106272 825.2765531084558 -0.22076831463387617 -0.3227235583424154 -0.2227349459436653 0
2274 1 1 197942400 95753388.405903712 -126114236.7729148 2171247.9615061618 22.889131953717666 15.456800288312399 -1.9106207437683149 824.28538884450302 -0.2179440396638638 -0.31901493164275047 -0.23071599199875029 0
2275 1 1 198028800 97718011.348086089 -124764546.98035212 2004849.1507916304 22.587467757102484 15.785287526041706 -1.9412699310644796 823.29422456767975 -0.21495651159563064 -0.314959055922377 -0.23894453585533712 0
2276 1 1 198115200 99656365.861480564 -123386651.7316771 1835763.7684922637 22.281078896264223 16.109727034516979 -1.9728485561370619 822.30126473949827 -0.2117926419417005 -0.31052210382393503 -0.24742655446841597 0
2277 1 1 198201600 101568081.83875474 -121981044.23640104 1664129.1950459201 21.971183454813136 16.425337683856274 -1.9980973279273815 821.31740592855965 -0.19052635516740427 -0.38380796160406322 -0.13744510393592804 0
2278 1 1 198288000 103452884.52167019 -120548615.023535 1490679.7360316615 21.657720262761938 16.732001256793755 -2.0170563803046644 820.32444891740533 -0.18997627219670415 -0.38054741924978358 -0.14694447150054069 0
2279 1 1 198374400 105310398.62923911 -119089873.5182429 1315545.4971489885 21.339527401476509 17.034395818100997 -2.0370687579822562 819.333284610188 -0.18923335522230375 -0.37695835877353484 -0.1568219787595872 0
2280 1 1 198460800 107140224.37069833 -117605204.0035415 1138657.7963135815 21.016803809990837 17.332187203358853 -2.0576526429197437 818.34212028928141 -0.1882791145684756 -0.37300408041866789 -0.16708958976649266 0
2281 1 1 198547200 108941974.95815045 -116095003.96349448 959965.46067248681 20.689657710852497 17.625381786896035 -2.0788497417760712 817.35095595460859 -0.18709157885678088 -0.3686451150494528 -0.17775691342688374 0
2282 1 1 198633600 110715273.04871666 -114559667.73425786 779409.10924263787 20.358199641241217 17.914049947731328 -2.1008158567923001 816.35981032914867 -0.18564507615159312 -0.36383922034997968 -0.18883041978396414 0
2283 1 1 198720000 112459750.1729873 -112999609.91124162 596967.10619290476 20.022519617360167 18.197402067454682 -2.1220313406086531 815.36839422773812 -0.18414419430654591 -0.37162108097720181 -0.17461010244693481 0
2284 1 1 198806400 114175046.89853814 -111415313.39723215 412751.92543928191 19.682775741195982 18.475375003878973 -2.1422429418925479 814.37887009559074 -0.18057441693767762 -0.36558031748330799 -0.18079337569727519 0
2285 1 1 198892800 115860839.15515514 -109807157.15027386 226790.63357477391 19.339740070583002 18.750124905563329 -2.1623100270067495 813.42690140535399 -0.16709537740955052 -0.33648001300373148 -0.17963659129492662 0
2286 1 1 198979200 117516877.1514847 -108175350.25942402 39124.49102371301 18.994017812805694 19.022801509903061 -2.181704431271962 812.54045210501431 -0.15431107931773838 -0.3091847215584414 -0.17825612357175813 0
2287 1 1 199065600 119142926.90514001 -106520085.86736858 -150188.663623537 18.645568870449196 19.293088800799424 -2.2004313237679587 811.71264294206583 -0.14220270139162636 -0.28363572346262433 -0.17669229965230404 0
2288 1 1 199152000 120738753.1072937 -104841579.088156 -341090.18735743494 18.294399617847375 19.5607869463981 -2.21846897061033 810.93924563584255 -0.13074778264996423 -0.25977078022047712 -0.17498449225937326 0
2289 1 1 199238400 122304120.99937148 -103140062.02826616 -533519.74435067491 17.940516504699673 19.825702496096866 -2.2357999011969998 810.21616428850007 -0.11992056121446297 -0.23752409252617368 -0.17317089679460623 0
2290 1 1 199324800 123838796.40144117 -101415783.21954168 -727415.66892994044 17.583926555445895 20.087648743677363 -2.252410778189474 809.5394429520469 -0.10969234654873905 -0.21682637760925388 -0.17128825723183691 0
2291 1 1 199411200 125342545.78183927 -99669007.021151781 -922715.31590497692 17.224637823529175 20.346446079168221 -2.2682922354621282 808.90527257820952 -0.10003193351596344 -0.19760504624173594 -0.16937162002850745 0
2292 1 1 199497600 126815136.36391172 -97900012.992060363 -1119355.3956643385 16.862659795561068 20.601922317647606 -2.2834386882825455 808.30999706623084 -0.090906047594468214 -0.17978449233588367 -0.16745412639663171 0
2293 1 1 199584000 128256336.26537986 -96109095.236545935 -1317272.2918489345 16.498003741904711 20.853912992047839 -2.2978481207593187 807.75011810619628 -0.082279808953396177 -0.16328650098924427 -0.16556685212529798 0
2294 1 1 199670400 129665914.66561106 -94296561.726449236 -1516402.3598876868 16.13068301191219 21.102261596925569 -2.3115218564045783 807.22229852373482 -0.0741171992907462 -0.14803077200777301 -0.16373870032645116 0
2295 1 1 199756800 131043641.99600743 -92462733.604928091 -1716682.2052012212 15.760713274019814 21.346819770787604 -2.3244643179246722 806.72336387057078 -0.066381514562052282 -0.1339355507136957 -0.16199634615979694 0
2296 1 1 199843200 132389290.14882846 -90607944.47750929 -1918048.9403877137 15.388112702903747 21.587447406244216 -2.3366827816988827 806.25030208571002 -0.059035786780150791 -0.12091834386303214 -0.16036422209611093 0
2297 1 1 199929600 133702632.70003563 -88732539.697039291 -2120440.4211058225 15.012902117682739 21.824012680009403 -2.3481871305662785 805.8002611778478 -0.052043162007198697 -0.10889669323828011 -0.15886452135129586 0
2298 1 1 200016000 134983445.1421454 -86836875.649684072 -2323795.4605620475 14.635105076301411 22.056391998173229 -2.3589896055846027 805.37054504137814 -0.045367229151793399 -0.097788972391497322 -0.15751718776877402 0
2299 1 1 200102400 136231505.12353766 -84921319.049358845 -2528054.0224064691 14.254747931433869 22.284469855984213 -2.3691045535843562 804.95860770428555 -0.038972303675159421 -0.087515171896499391 -0.15633985395831351 0
2300 1 1 200188800 137446592.69109845 -82986246.247872233 -2733157.3913828032 13.871859852342435 22.508138615072959 -2.3785481630852878 804.56204649472488 -0.032823680836877242 -0.077997640739371404 -0.15534768925540943 0
2301 1 1 200275200 138628490.53337494 -81032042.567676768 -2939048.3202697989 13.486472815089744 22.727298204170104 -2.3873381774938118 804.17859477228012 -0.02688788256915027 -0.069161759751397905 -0.15455313086631961 0
2302 1 1 200361600 139776984.22151563 -79059101.66349268 -3145671.1505916989 13.09862156073541 22.94185575148682 -2.3954935724720712 803.80611496719519 -0.021132925379681106 -0.060936532882744969 -0.15396549009051896 0
2303 1 1 200448000 140891862.44510654 -77067824.918317676 -3352971.9034480639 12.708343518204478 23.151725157938127 -2.4030341850536141 803.44259267548352 -0.015528635585812103 -0.053255092179736591 -0.15359045665840287 0
2304 1 1 200534400 141972917.23962271 -75058620.87852928 -3560898.3358890251 12.315678686318742 23.356826620510351 -2.4099802860563395 803.08613245331128 -0.010047025002697713 -0.046055118589147001 -0.15342955310424938 0
2305 1 1 200620800 143019944.20169961 -73031904.732003808 -3769399.9578209282 11.920669468812759 23.557086114550348 -2.4163520945757195 802.73495573954187 -0.0046627249680869553 -0.039279185917746991 -0.15347962090952122 0
2306 1 1 200707200 144032742.68793383 -70988097.832445085 -3978428.0047237934 11.523360457492728 23.752434843117641 -2.4221692428228749 802.38740103815303 0.00064654529428856183 -0.032875032111833166 -0.1537324301944126 0
2307 1 1 200793600 145011115.9926447 -68927627.272429466 -4187935.362601696 11.123798162220849 23.942808661262056 -2.4274502093275188 802.04192616639318 0.0058995176350581579 -0.026795758820967835 -0.15417449891865312 0
2308 1 1 200880000 145954871.50012201 -66850925.506984524 -4397876.4435078558 10.72203069138596 24.12814748339315 -2.4322117464317481 801.69711208157867 0.011110971807823854 -0.020999953070770429 -0.15478717888896834 0
2309 1 1 200966400 146863820.80743501 -64758430.028784081 -4608207.0124379462 10.31810739195282 24.308394682652789 -2.436468332199154 801.351667596884 0.016291439815747221 -0.015451724076017711 -0.15554702662202127 0
2310 1 1 201052800 147737779.81487936 -62650583.095233083 -4818883.9690021537 9.9120784628738328 24.483496492084186 -2.4402316763604377 801.00443422078104 0.021447054580549844 -0.010120646649739082 -0.15642643102946199 0
2311 1 1 201139200 148576568.78246704 -60527831.506840259 -5029865.0896650609 9.5039945585653935 24.653401418000158 -2.4435103051704856 800.65439040449996 0.026579560245660612 -0.0049816092987486852 -0.15739443867333383 0
2312 1 1 201225600 149380012.35235658 -58390626.435375512 -5241108.738178228 9.0939063998563245 24.818059675860095 -2.4463092424021959 800.30065462815969 0.031686480458380836 -1.4570949969492484e-05 -0.15841769556193303 0
2313 1 1 201312000 150147939.53857905 -56239423.299449496 -5452573.5529367859 8.6818644084408341 24.977422658128596 -2.448629794859877 799.94248695554688 0.036761423766359227 0.0047957621625294459 -0.15946142450322368 0
2314 1 1 201398400 150880183.68667966 -54074681.684393369 -5664218.1203492926 8.2679183779454455 25.131442442149265 -2.4504694424838824 799.57928889221876 0.041794494005054507 0.0094603244531427967 -0.16049036634981356 0
2315 1 1 201484800 151576582.4068746 -51896865.302701317 -5876000.6430113707 7.8521171910200245 25.28007134415639 -2.4518218264159244 799.21060155755595 0.046772770295216246 0.013986123952563408 -0.16146963356259811 0
2316 1 1 201571200 152236977.48496944 -49706441.990858123 -6087878.6106902193 7.4345085881113375 25.423261523553748 -2.4526768238788921 798.83610230814008 0.051680823236364921 0.018376703662639021 -0.1623654443475368 0
2317 1 1 201657600 152861214.77562702 -47503883.73809731 -6299808.4810467921 7.0151389902864221 25.560964639728478 -2.453020696368835 798.45560002340562 0.056501240066387577 0.022632613778432505 -0.16314572558468352 0
2318 1 1 201744000 153449144.08266282 -45289666.742515437 -6511745.3758249963 6.5940533758939361 25.693131561964698 -2.4528362972132047 798.06902928980742 0.061215138447478841 0.026751881486060343 -0.16378058778804319 0
2319 1 1 201830400 154000619.03094557 -43064271.489976861 -6723642.7970617078 6.1712952091906415 25.81971213178225 -2.4521033253912763 797.67644371000438 0.065802658050835711 0.030730468899471515 -0.16424268434133163 0
2320 1 1 201916800 154515496.93427628 -40828182.851342626 -6935452.3668072484 5.7469064180822977 25.940654976092169 -2.4507986142110161 797.27800853126996 0.070243422433090286 0.034562711812042284 -0.16450747407497571 0
2321 1 1 202003200 154993638.66335022 -38581890.193724304 -7147123.5929514701 5.3209274177903394 26.055907369012075 -2.4488964455636077 796.8739927428918 0.074516972117266198 0.038241736808503485 -0.16455340736835153 0
2322 1 1 202089600 155434908.51763985 -36325887.501660056 -7358603.6630429514 4.8933971774775795 26.165415139962221 -2.4463688826535877 796.46476074446446 0.078603171366855837 0.041759855479787965 -0.16436205600019557 0
2323 1 1 202176000 155839174.1047968 -34060673.504315943 -7569837.2674663039 4.4643533273173626 26.269122625739804 -2.4431861161811659 796.05076364087995 0.082482594283730365 0.045108938729671963 -0.1639182052035934 0
2324 1 1 202262400 156206306.23098731 -31786751.805001769 -7780766.4529932514 4.033832304292595 26.366972664561359 -2.4393168208996086 795.63253017513262 0.086136898779040474 0.048280773997690464 -0.16320992559439421 0
2325 1 1 202348800 156536178.80546668 -29504631.009444933 -7991330.5075347731 3.6018695359890422 26.458906630582984 -2.4347285212132506 795.21065726851884 0.089549197386207993 0.051267412518791716 -0.16222863974282908 0
2326 1 1 202435200 156828668.76268506 -27214824.849362824 -8201465.8768741675 3.1684996627810427 26.544864508148269 -2.4293879660482567 794.78580009815335 0.092704436433471218 0.054061513415583122 -0.16096919798340581 0
2327 1 1 202521600 157083656.00530806 -24917852.297902431 -8411106.1142500788 2.7337568002323644 26.624785005927034 -2.4232615148439094 794.35866159815089 0.095589797538018925 0.056656695064520909 -0.15942997871797848 0
2328 1 1 202608000 157301023.37176526 -22614237.673450399 -8620181.8638877701 2.2976748451815987 26.698605712312265 -2.4163155381048096 793.92998122379674 0.098195137159386311 0.05904790568550667 -0.15761302765840837 0
2329 1 1 202694400 157480656.63232011 -20304510.728137482 -8828620.8799479157 1.860287831016203 26.766263294952903 -2.4085168377453789 793.50052276137512 0.10051348513521707 0.061231829228133194 -0.15552425473455542 0
2330 1 1 202780800 157622444.51824206 -17989206.717031784 -9036348.0829045661 1.4216303402215245 26.827693749221091 -2.3998330945757589 793.0710608950543 0.10254162773484041 0.063207345974146054 -0.15317370905343922 0
2331 1 1 202867200 157726278.78949028 -15668866.443499172 -9243285.6561052967 0.981737985547536 26.882832702893186 -2.3902333528768458 792.64236615104016 0.10428080853369465 0.064976074160671166 -0.15057595951291927 0
2332 1 1 202953600 157792054.34748116 -13344036.275444236 -9449353.18626629 0.54064797543005683 26.931615787613168 -2.3796885553812031 792.21518771746003 0.10573759123211388 0.066543026610113507 -0.14775061533186759 0
2333 1 1 203040000 157819669.40108648 -11015268.126055246 -9654467.8529836871 0.098399784914780741 26.9739790920014 -2.3681721462964624 791.79023347832901 0.10692494181811861 0.067917427202008676 -0.14472303180900378 0
2334 1 1 203126400 157809025.69616321 -8683119.3911543861 -9858544.6741051748 -0.34496403911059881 27.009859717085295 -2.355660765842384 791.36814638159501 0.10786360929536996 0.069113748650441273 -0.14152526297652213 0
2335 1 1 203212800 157760028.82181609 -6348152.8331458373 -10061496.816155454 -0.78939689938434643 27.039196462566977 -2.3421350675810677 790.94947596564941 0.10858391015406686 0.0701530534217258 -0.13819734271600692 0
2336 1 1 203299200 157672588.610535 -4010936.3986534066 -10263235.982144959 -1.234846943550834 27.061930683146123 -2.3275807004251932 790.53464346414648 0.10912806304123134 0.071064751422749456 -0.13478900716042946 0
2337 1 1 203385600 157546619.65470037 -1672042.952947164 -10463672.893307086 -1.681255561256713 27.078007368862426 -2.3119895117809866 790.12389835106524 0.10955327312249581 0.071888929673082608 -0.13136201213150811 0
2338 1 1 203472000 157382041.96924475 667950.09123285091 -10662717.887004059 -2.1285554847084529 27.087376523695067 -2.295361048250915 789.71726341979206 0.10993584337895823 0.072679467877894754 -0.12799325655513952 0
2339 1 1 203558400 157178781.84024653 3008461.280403269 -10860281.660763251 -2.5766683580984155 27.089994944520111 -2.2777044575858798 789.31446443652146 0.1103766892907677 0.073508231565440146 -0.12477899694312648 0
2340 1 1 203644800 156936772.91286859 5348905.8029302564 -11056276.202865949 -3.0255015923244017 27.085828540102035 -2.2590409319598184 788.91483899297759 0.1110087589720698 0.074470728831538727 -0.12184052510255662 0
2341 1 1 203731200 156655957.59055647 7688696.4018863486 -11250615.963931622 -3.4749442581716843 27.074855378125893 -2.2394068784266863 788.51721737801086 0.11200697773279766 0.075693706523822346 -0.11933175263408949 0
2342 1 1 203817600 156336288.84186518 10027244.59120499 -11443219.342171522 -3.9248616980340141 27.057069704147423 -2.218858052358847 788.11976625154864 0.11360135858328663 0.077345181184888714 -0.11744911929044487 0
2343 1 1 203904000 155977732.54183432 12363962.271479018 -11634010.577088004 -4.3750884744584981 27.032487224187044 -2.1974749237617202 787.71978431241462 0.11609359387362699 0.079647163841911006 -0.11644390198931376 0
2344 1 1 203990400 155580270.50787947 14698263.867117414 -11822922.168667471 -4.8254192971914955 27.00115192817886 -2.1753694993117612 787.31344027649152 0.11987605086989463 0.082890317035652902 -0.11663573509716854 0
2345 1 1 204076800 155143904.41151136 17029569.123581078 -12009897.948718214 -5.2755978563271171 26.963144524427229 -2.1526935452814642 786.89545266092387 0.12544863101094691 0.087447249236705882 -0.11842318986691967 0
2346 1 1 204163200 154668660.70010859 19357306.670113947 -12194896.884486679 -5.7253048579577444 26.918591546511074 -2.1296470881824763 786.45875118001118 0.13342385348321581 0.093777507560833168 -0.12228320632395537 0
2347 1 1 204249600 154154597.12274337 21680918.804629423 -12377897.976195149 -6.1741302223325274 26.867686545643846 -2.1064968821301511 785.99370119392086 0.14463734537177975 0.10251337025215473 -0.12883401139290582 0
2348 1 1 204336000 153601809.56131744 23999866.540595397 -12558905.300836319 -6.621631912968418 26.810646367597442 -2.0835349990916505 785.48978972869156 0.15820031716204297 0.11300157186363247 -0.13746887826185419 0
2349 1 1 204422400 153010415.26005501 26313617.099026512 -12737935.683007427 -7.0678866164173391 26.747302087040246 -2.0606660269113259 784.95162767604768 0.16656212160148354 0.11964917682419279 -0.14250033391853481 0
2350 1 1 204508800 152380504.94553465 28621608.407029551 -12914982.087457795 -7.5132220452555298 26.677300816299883 -2.0375848662317075 784.39140446837098 0.17310693451280518 0.12502018958921124 -0.14616458870314739 0
2351 1 1 204595200 151712157.62571174 30923260.37050125 -13090022.357720014 -7.9576116009701261 26.60055540200694 -2.0142288524362342 783.81130954888454 0.17978138658675735 0.1305717674345129 -0.14986066925989736 0
2352 1 1 204681600 151005460.64804238 33217989.83363549 -13263033.227009485 -8.4009250281341199 26.517054969073723 -1.9906087985607186 783.21062229320148 0.18659810901151505 0.13630854639333662 -0.15359344402207498 0
2353 1 1 204768000 150260512.84845147 35505212.736960031 -13433992.444551522 -8.8430248112215271 26.426790626061162 -1.9667387483361052 782.58851658681454 0.19359752604228814 0.14224943832281789 -0.15738838987752363 0
2354 1 1 204854400 149477421.76499933 37784342.442553297 -13602876.528707346 -9.2838905627703561 26.329686108443184 -1.9425441740851688 781.94742250630918 0.19852473915949195 0.14706070045367184 -0.15958558157094066 0
2355 1 1 204940800 148656283.9050844 40054777.359437056 -13769646.191208698 -9.7238086266032706 26.225454905348577 -1.9177273326955089 781.29843834040969 0.19861436385389725 0.14855486006681054 -0.15822311376904594 0
2356 1 1 205027200 147797164.82646453 42315883.972059131 -13934232.063234949 -10.163122866299695 26.113687743098517 -1.8919522633613561 780.65508850938124 0.19563190810753622 0.14681505063632336 -0.15462866507043474 0
2357 1 3 205034237.10069945 147725520.08316293 42499615.41505044 -13947538.369430695 -10.198882606503572 26.104241221640969 -1.8898045526591138 780.60322369832397 0 0 0 106
2358 1 1 205113600 146900110.09333658 44566995.279962935 -14096543.090397006 -10.601950024221624 25.99403012555338 -1.8650560677298178 780.02546736330305 0.19152657390479785 0.14255355198608971 -0.15034055832214102 0
2359 1 4 205113660 146899473.96675631 44568554.918864384 -14096654.992841883 -10.602269317432603 25.993933255518225 -1.8650254281468088 780.02546736330305 0 0 0 0
