[08:17:03] new run p2_count: N 8 H 540.0 d L 360.0 d proposer planbeam commit regrid nproc 9 stop_T None
[08:17:03] [slice 0 T=0 d] propose: 9 jobs (0 craft, 9 root) on 9 workers, proposer planbeam, H_eff 540 d, lam 0.3
[08:17:03] job s00_r0 (root, craft None, planbeam): T 0 d H 540 L 360; plan horizon 1620 d; remaining 298; prize >1 on 6; width 150 npt 6 mc 150 dv 1.2 drmax 0.15 plan_wall 240 s; quota {'fil': 12, 'med': 18}
[08:17:03] job s00_r1 (root, craft None, planbeam): T 0 d H 540 L 360; plan horizon 1620 d; remaining 298; prize >1 on 6; width 150 npt 6 mc 150 dv 1.2 drmax 0.15 plan_wall 240 s; quota {'fil': 12, 'med': 18}
[08:17:03] job s00_r3 (root, craft None, planbeam): T 0 d H 540 L 360; plan horizon 1620 d; remaining 298; prize >1 on 6; width 150 npt 6 mc 150 dv 1.2 drmax 0.15 plan_wall 240 s; quota {'fil': 12, 'med': 18}
[08:17:03] job s00_r4 (root, craft None, planbeam): T 0 d H 540 L 360; plan horizon 1620 d; remaining 298; prize >1 on 6; width 150 npt 6 mc 150 dv 1.2 drmax 0.15 plan_wall 240 s; quota {'fil': 12, 'med': 18}
[08:17:03] budget: job_wall 300 s, 300 s left before the plan -> plan cap 210 s (plan_wall 240, settle_reserve 90)
[08:17:03] budget: job_wall 300 s, 300 s left before the plan -> plan cap 210 s (plan_wall 240, settle_reserve 90)
[08:17:03] job s00_r6 (root, craft None, planbeam): T 0 d H 540 L 360; plan horizon 1620 d; remaining 298; prize >1 on 6; width 150 npt 6 mc 150 dv 1.2 drmax 0.15 plan_wall 240 s; quota {'fil': 12, 'med': 18}
[08:17:03] job s00_r7 (root, craft None, planbeam): T 0 d H 540 L 360; plan horizon 1620 d; remaining 298; prize >1 on 6; width 150 npt 6 mc 150 dv 1.2 drmax 0.15 plan_wall 240 s; quota {'fil': 12, 'med': 18}
[08:17:03] job s00_r5 (root, craft None, planbeam): T 0 d H 540 L 360; plan horizon 1620 d; remaining 298; prize >1 on 6; width 150 npt 6 mc 150 dv 1.2 drmax 0.15 plan_wall 240 s; quota {'fil': 12, 'med': 18}
[08:17:03] budget: job_wall 300 s, 300 s left before the plan -> plan cap 210 s (plan_wall 240, settle_reserve 90)
[08:17:03] budget: job_wall 300 s, 300 s left before the plan -> plan cap 210 s (plan_wall 240, settle_reserve 90)
[08:17:03] budget: job_wall 300 s, 300 s left before the plan -> plan cap 210 s (plan_wall 240, settle_reserve 90)
[08:17:03] budget: job_wall 300 s, 300 s left before the plan -> plan cap 210 s (plan_wall 240, settle_reserve 90)
[08:17:03] budget: job_wall 300 s, 300 s left before the plan -> plan cap 210 s (plan_wall 240, settle_reserve 90)
[08:17:03] job s00_r2 (root, craft None, planbeam): T 0 d H 540 L 360; plan horizon 1620 d; remaining 298; prize >1 on 6; width 150 npt 6 mc 150 dv 1.2 drmax 0.15 plan_wall 240 s; quota {'fil': 12, 'med': 18}
[08:17:03] budget: job_wall 300 s, 300 s left before the plan -> plan cap 210 s (plan_wall 240, settle_reserve 90)
[08:17:03] job s00_r8 (root, craft None, planbeam): T 0 d H 540 L 360; plan horizon 1620 d; remaining 298; prize >1 on 6; width 150 npt 6 mc 150 dv 1.2 drmax 0.15 plan_wall 240 s; quota {'fil': 12, 'med': 18}
[08:17:03] budget: job_wall 300 s, 300 s left before the plan -> plan cap 210 s (plan_wall 240, settle_reserve 90)
[08:17:05] plan start: 6 launch dates (430-480 d) -> 36 launch legs with first flyby <= T+H, 5 kept (cap min(roots_max 450, 3 x width) = 450; 1.8 s)
[08:17:05] plan start: 6 launch dates (130-180 d) -> 1340 launch legs with first flyby <= T+H, 185 kept (cap min(roots_max 450, 3 x width) = 450; 1.9 s)
[08:17:05] plan start: 6 launch dates (190-240 d) -> 1235 launch legs with first flyby <= T+H, 159 kept (cap min(roots_max 450, 3 x width) = 450; 1.9 s)
[08:17:05] plan start: 6 launch dates (70-120 d) -> 1681 launch legs with first flyby <= T+H, 192 kept (cap min(roots_max 450, 3 x width) = 450; 1.9 s)
[08:17:05] plan start: 6 launch dates (490-540 d) -> 0 launch legs with first flyby <= T+H, 0 kept (cap min(roots_max 450, 3 x width) = 450; 1.9 s)
[08:17:05] plan: 0 states, depth 0 new flybys, end no_children (2 s)
[08:17:05] candidates: 0 distinct committed target sets (n_new -, potential -)
[08:17:05] frontier: 0 candidates chosen (n fb / committed planner kg / continuation (lookahead) [full]; pot_mode lookahead, pot_cap None): 
[08:17:05] budget: 298 s of 300 left for the settles + regrids (settle_wall 480)
[08:17:05] RESULT s00_r8: 0 columns; frontier ; settles 0 (0 ok), regrids 0 (0 ok); wall 2 s of 300 (plan 2, price 0, settle 0; budget hit None, 0 unsettled)
[08:17:05] plan start: 6 launch dates (250-300 d) -> 726 launch legs with first flyby <= T+H, 116 kept (cap min(roots_max 450, 3 x width) = 450; 1.9 s)
[08:17:05] plan start: 6 launch dates (310-360 d) -> 276 launch legs with first flyby <= T+H, 62 kept (cap min(roots_max 450, 3 x width) = 450; 2.0 s)
[08:17:05] plan start: 6 launch dates (370-420 d) -> 160 launch legs with first flyby <= T+H, 27 kept (cap min(roots_max 450, 3 x width) = 450; 2.0 s)
[08:17:05]   job s00_r8 root  columns   0  levels 0  settles 0/0  end no_children  wall 1.9 s
[08:17:05] plan start: 7 launch dates (0-60 d) -> 2000 launch legs with first flyby <= T+H, 208 kept (cap min(roots_max 450, 3 x width) = 450; 2.1 s)
[08:17:57] plan: 1082 states, depth 11 new flybys, end plan_done (54 s); deepest 11 new to 1581 d at planner fuel 376 kg
[08:17:57]   depth  1:    5 states (5 in H), t_end 485-535 d, fuel 0-0 kg
[08:17:57]   depth  2:   58 states (0 in H), t_end 592-1085 d, fuel 7-58 kg
[08:17:57]   depth  3:  150 states (0 in H), t_end 768-1022 d, fuel 30-108 kg
[08:17:57]   depth  4:  150 states (0 in H), t_end 902-1095 d, fuel 48-159 kg
[08:17:57]   depth  5:  150 states (0 in H), t_end 1012-1197 d, fuel 79-199 kg
[08:17:57]   depth  6:  150 states (0 in H), t_end 1113-1326 d, fuel 97-240 kg
[08:17:57]   depth  7:  150 states (0 in H), t_end 1231-1428 d, fuel 147-285 kg
[08:17:57]   depth  8:  150 states (0 in H), t_end 1290-1541 d, fuel 186-321 kg
[08:17:57]   depth  9:  110 states (0 in H), t_end 1368-1618 d, fuel 221-362 kg
[08:17:57]   depth 10:    8 states (0 in H), t_end 1489-1619 d, fuel 306-389 kg
[08:17:57]   depth 11:    1 states (0 in H), t_end 1581-1581 d, fuel 376-376 kg
[08:17:57] candidates: 3 distinct committed target sets (n_new 1-1, potential 2-2)
[08:17:57] frontier: 3 candidates chosen (n fb / committed planner kg / continuation (lookahead) [full]; pot_mode lookahead, pot_cap None): 1fb/0kg/p2(2)[2], 1fb/0kg/p2(2)[2], 1fb/0kg/p2(2)[2]
[08:17:57] budget: 246 s of 300 left for the settles + regrids (settle_wall 480)
[08:17:57] RESULT s00_r7: 3 columns; frontier 1fb 0 kg p2/2; settles 3 (3 ok), regrids 3 (3 ok); wall 54 s of 300 (plan 54, price 0, settle 0; budget hit None, 0 unsettled)
[08:17:57]   job s00_r7 root  columns   3  levels 11  settles 3/3  end plan_done  wall 54.2 s
[08:18:08] plan: 1309 states, depth 10 new flybys, end plan_done (66 s); deepest 10 new to 1538 d at planner fuel 184 kg
[08:18:08]   depth  1:   27 states (27 in H), t_end 440-540 d, fuel 0-0 kg
[08:18:08]   depth  2:  150 states (0 in H), t_end 615-825 d, fuel 5-54 kg
[08:18:08]   depth  3:  150 states (0 in H), t_end 719-916 d, fuel 18-107 kg
[08:18:08]   depth  4:  150 states (0 in H), t_end 826-1007 d, fuel 32-141 kg
[08:18:08]   depth  5:  150 states (0 in H), t_end 938-1124 d, fuel 51-180 kg
[08:18:08]   depth  6:  150 states (0 in H), t_end 1058-1437 d, fuel 69-222 kg
[08:18:08]   depth  7:  150 states (0 in H), t_end 1162-1472 d, fuel 86-249 kg
[08:18:08]   depth  8:  150 states (0 in H), t_end 1280-1510 d, fuel 104-295 kg
[08:18:08]   depth  9:  150 states (0 in H), t_end 1366-1596 d, fuel 130-325 kg
[08:18:08]   depth 10:   82 states (0 in H), t_end 1488-1619 d, fuel 184-350 kg
[08:18:08] candidates: 9 distinct committed target sets (n_new 1-1, potential 2-3)
[08:18:08] frontier: 9 candidates chosen (n fb / committed planner kg / continuation (lookahead) [full]; pot_mode lookahead, pot_cap None): 1fb/0kg/p3(3)[3], 1fb/0kg/p3(3)[3], 1fb/0kg/p3(3)[3], 1fb/0kg/p3(3)[3], 1fb/0kg/p2(2)[2], 1fb/0kg/p2(2)[2], 1fb/0kg/p2(2)[2], 1fb/0kg/p2(2)[2], 1fb/0kg/p2(2)[2]
[08:18:08] budget: 234 s of 300 left for the settles + regrids (settle_wall 480)
[08:18:09] RESULT s00_r6: 9 columns; frontier 1fb 0 kg p3/3; settles 9 (9 ok), regrids 9 (9 ok); wall 66 s of 300 (plan 66, price 0, settle 0; budget hit None, 0 unsettled)
[08:18:09]   job s00_r6 root  columns   9  levels 10  settles 9/9  end plan_done  wall 66.1 s
[08:18:14] plan: 1468 states, depth 12 new flybys, end plan_done (71 s); deepest 12 new to 1614 d at planner fuel 349 kg
[08:18:14]   depth  1:   62 states (62 in H), t_end 350-540 d, fuel 0-0 kg
[08:18:14]   depth  2:  150 states (4 in H), t_end 530-746 d, fuel 3-56 kg
[08:18:14]   depth  3:  150 states (0 in H), t_end 620-855 d, fuel 17-107 kg
[08:18:14]   depth  4:  150 states (0 in H), t_end 778-948 d, fuel 34-155 kg
[08:18:14]   depth  5:  150 states (0 in H), t_end 858-1093 d, fuel 65-187 kg
[08:18:14]   depth  6:  150 states (0 in H), t_end 921-1438 d, fuel 109-228 kg
[08:18:14]   depth  7:  150 states (0 in H), t_end 1059-1600 d, fuel 126-261 kg
[08:18:14]   depth  8:  150 states (0 in H), t_end 1169-1620 d, fuel 172-290 kg
[08:18:14]   depth  9:  150 states (0 in H), t_end 1243-1619 d, fuel 188-327 kg
[08:18:14]   depth 10:  150 states (0 in H), t_end 1398-1620 d, fuel 205-344 kg
[08:18:14]   depth 11:   55 states (0 in H), t_end 1527-1619 d, fuel 256-371 kg
[08:18:14]   depth 12:    1 states (0 in H), t_end 1614-1614 d, fuel 349-349 kg
[08:18:14] candidates: 26 distinct committed target sets (n_new 1-2, potential 1-4)
[08:18:14] frontier: 16 candidates chosen (n fb / committed planner kg / continuation (lookahead) [full]; pot_mode lookahead, pot_cap None): 1fb/0kg/p4(4)[4], 1fb/0kg/p3(2)[3], 1fb/0kg/p3(3)[3], 1fb/0kg/p3(3)[3], 1fb/0kg/p3(3)[3], 1fb/0kg/p3(3)[3], 1fb/0kg/p3(3)[3], 1fb/0kg/p3(3)[3], 1fb/0kg/p3(3)[3], 1fb/0kg/p3(3)[3], 1fb/0kg/p3(3)[3], 1fb/0kg/p3(3)[3], 1fb/0kg/p3(3)[3], 2fb/35kg/p2(2)[2], 2fb/49kg/p2(2)[2], 2fb/55kg/p1(1)[1]
[08:18:14] budget: 229 s of 300 left for the settles + regrids (settle_wall 480)
[08:18:15]     settle  2:  93 @    531 d -> ok lintwin tank 606.4 (+4.9) miss 51 km (0.2 s)
[08:18:15]     settle  2: 276 @    540 d -> ok lintwin tank 605.8 (+4.3) miss 0 km (0.1 s)
[08:18:15]   drift: leg 276@540 d settled outside (T, T+H] -> column cut at 1
[08:18:15]     settle  2:  93 @    534 d -> ok lintwin tank 617.9 (+16.4) miss 77 km (0.1 s)
[08:18:15]   1 candidates dropped (settle failure / regrid failure / duplicate after truncation)
[08:18:15] RESULT s00_r5: 15 columns; frontier 1fb 0 kg p4/4 | 2fb 5 kg p2/2; settles 17 (17 ok), regrids 15 (15 ok); wall 73 s of 300 (plan 71, price 0, settle 1; budget hit None, 0 unsettled)
[08:18:17]   job s00_r5 root  columns  15  levels 12  settles 17/17  end plan_done  wall 72.6 s
[08:18:19] plan: 1550 states, depth 12 new flybys, end plan_done (76 s); deepest 12 new to 1589 d at planner fuel 405 kg
[08:18:19]   depth  1:  116 states (116 in H), t_end 295-540 d, fuel 0-0 kg
[08:18:19]   depth  2:  150 states (44 in H), t_end 460-618 d, fuel 5-54 kg
[08:18:19]   depth  3:  150 states (2 in H), t_end 538-760 d, fuel 11-103 kg
[08:18:19]   depth  4:  150 states (0 in H), t_end 709-856 d, fuel 25-141 kg
[08:18:19]   depth  5:  150 states (0 in H), t_end 796-975 d, fuel 66-174 kg
[08:18:19]   depth  6:  150 states (0 in H), t_end 904-1101 d, fuel 82-213 kg
[08:18:19]   depth  7:  150 states (0 in H), t_end 1007-1442 d, fuel 96-256 kg
[08:18:19]   depth  8:  150 states (0 in H), t_end 1110-1600 d, fuel 139-298 kg
[08:18:19]   depth  9:  150 states (0 in H), t_end 1247-1610 d, fuel 185-314 kg
[08:18:19]   depth 10:  150 states (0 in H), t_end 1317-1572 d, fuel 214-357 kg
[08:18:19]   depth 11:   82 states (0 in H), t_end 1486-1619 d, fuel 269-396 kg
[08:18:19]   depth 12:    2 states (0 in H), t_end 1589-1603 d, fuel 405-432 kg
[08:18:19] candidates: 67 distinct committed target sets (n_new 1-3, potential 0-3)
[08:18:19] frontier: 16 candidates chosen (n fb / committed planner kg / continuation (lookahead) [full]; pot_mode lookahead, pot_cap None): 1fb/0kg/p4(3)[4], 1fb/0kg/p4(3)[4], 1fb/0kg/p4(2)[4], 1fb/0kg/p4(2)[4], 1fb/0kg/p3(2)[3], 1fb/0kg/p3(3)[3], 1fb/0kg/p3(2)[3], 1fb/0kg/p3(3)[3], 1fb/0kg/p3(3)[3], 2fb/5kg/p2(2)[2], 2fb/16kg/p0(0)[0], 2fb/18kg/p3(3)[3], 2fb/21kg/p3(3)[3], 2fb/41kg/p3(3)[3], 3fb/54kg/p2(2)[2], 3fb/63kg/p2(2)[2]
[08:18:19] budget: 224 s of 300 left for the settles + regrids (settle_wall 480)
[08:18:20]     settle  2:  93 @    518 d -> ok lintwin tank 603.4 (+1.9) miss 0 km (0.2 s)
[08:18:20]     settle  2: 276 @    540 d -> ok lintwin tank 602.5 (+1.0) miss 1 km (0.1 s)
[08:18:20]   drift: leg 276@540 d settled outside (T, T+H] -> column cut at 1
[08:18:20]     settle  2: 244 @    525 d -> ok lintwin tank 604.5 (+3.0) miss 0 km (0.1 s)
[08:18:20]     settle  2: 117 @    460 d -> ok lintwin tank 606.0 (+4.5) miss 0 km (0.1 s)
[08:18:20]     settle  2:  37 @    535 d -> ok lintwin tank 604.9 (+3.4) miss 0 km (0.2 s)
[08:18:21]     settle  2:   8 @    492 d -> ok lintwin tank 605.9 (+4.4) miss 56 km (0.1 s)
[08:18:21]     settle  3: 276 @    538 d -> ok lintwin tank 612.8 (+6.9) miss 69 km (0.1 s)
[08:18:21]     settle  2:   8 @    490 d -> ok lintwin tank 604.7 (+3.2) miss 0 km (0.1 s)
[08:18:21]     settle  3: 276 @    539 d -> ok lintwin tank 613.5 (+8.8) miss 1 km (0.2 s)
[08:18:21]   1 candidates dropped (settle failure / regrid failure / duplicate after truncation)
[08:18:21] RESULT s00_r4: 15 columns; frontier 1fb 0 kg p3/3 | 2fb 2 kg p2/3 | 3fb 11 kg p2/2; settles 19 (19 ok), regrids 15 (15 ok); wall 78 s of 300 (plan 76, price 0, settle 2; budget hit None, 0 unsettled)
[08:18:22] plan: 1569 states, depth 11 new flybys, end plan_done (79 s); deepest 11 new to 1583 d at planner fuel 271 kg
[08:18:22]   depth  1:  208 states (208 in H), t_end 70-460 d, fuel 0-0 kg
[08:18:22]   depth  2:  150 states (147 in H), t_end 182-945 d, fuel 1-59 kg
[08:18:22]   depth  3:  150 states (92 in H), t_end 293-1110 d, fuel 18-106 kg
[08:18:22]   depth  4:  150 states (4 in H), t_end 413-1107 d, fuel 70-150 kg
[08:18:22]   depth  5:  150 states (0 in H), t_end 777-1443 d, fuel 108-188 kg
[08:18:22]   depth  6:  150 states (0 in H), t_end 840-1446 d, fuel 112-227 kg
[08:18:22]   depth  7:  150 states (0 in H), t_end 1063-1498 d, fuel 134-243 kg
[08:18:22]   depth  8:  150 states (0 in H), t_end 1198-1495 d, fuel 165-281 kg
[08:18:22]   depth  9:  150 states (0 in H), t_end 1279-1541 d, fuel 207-317 kg
[08:18:22]   depth 10:  148 states (0 in H), t_end 1381-1620 d, fuel 229-356 kg
[08:18:22]   depth 11:   13 states (0 in H), t_end 1564-1620 d, fuel 271-353 kg
[08:18:22] candidates: 189 distinct committed target sets (n_new 1-4, potential 0-3)
[08:18:22] frontier: 16 candidates chosen (n fb / committed planner kg / continuation (lookahead) [full]; pot_mode lookahead, pot_cap None): 1fb/0kg/p5(3)[5], 1fb/0kg/p3(2)[3], 1fb/0kg/p3(0)[3], 1fb/0kg/p2(0)[2], 1fb/0kg/p2(0)[2], 1fb/0kg/p2(0)[2], 1fb/0kg/p2(0)[2], 2fb/1kg/p0(0)[0], 2fb/6kg/p1(0)[1], 2fb/46kg/p4(3)[4], 3fb/18kg/p0(0)[0], 3fb/27kg/p0(0)[0], 3fb/78kg/p3(3)[3], 4fb/73kg/p0(0)[0], 4fb/101kg/p2(2)[2], 4fb/106kg/p1(1)[1]
[08:18:22] budget: 221 s of 300 left for the settles + regrids (settle_wall 480)
[08:18:23]     settle  2: 279 @    356 d -> ok lintwin tank 601.5 (+0.0) miss 0 km (0.1 s)
[08:18:23]     settle  2: 127 @    341 d -> ok lintwin tank 601.7 (+0.2) miss 1 km (0.1 s)
[08:18:23]   job s00_r4 root  columns  15  levels 12  settles 19/19  end plan_done  wall 78.4 s
[08:18:23]     settle  2:  67 @    195 d -> ok lintwin tank 615.6 (+14.1) miss 2 km (0.1 s)
[08:18:23]     settle  2:  67 @    330 d -> ok lintwin tank 603.0 (+1.5) miss 0 km (0.2 s)
[08:18:23]     settle  3: 185 @    442 d -> ok lintwin tank 605.1 (+2.1) miss 0 km (0.1 s)
[08:18:24]     settle  2: 272 @    300 d -> ok lintwin tank 606.4 (+4.9) miss 0 km (0.1 s)
[08:18:24]     settle  3: 185 @    440 d -> ok lintwin tank 606.7 (+0.4) miss 0 km (0.1 s)
[08:18:24] plan: 1680 states, depth 12 new flybys, end plan_done (81 s); deepest 12 new to 1492 d at planner fuel 318 kg
[08:18:24]   depth  1:  159 states (159 in H), t_end 275-540 d, fuel 0-0 kg
[08:18:24]   depth  2:  150 states (147 in H), t_end 405-548 d, fuel 2-61 kg
[08:18:24]   depth  3:  150 states (16 in H), t_end 478-695 d, fuel 17-111 kg
[08:18:24]   depth  4:  150 states (0 in H), t_end 598-832 d, fuel 36-158 kg
[08:18:24]   depth  5:  150 states (0 in H), t_end 770-924 d, fuel 63-203 kg
[08:18:24]   depth  6:  150 states (0 in H), t_end 858-1442 d, fuel 81-245 kg
[08:18:24]   depth  7:  150 states (0 in H), t_end 974-1597 d, fuel 162-289 kg
[08:18:24]   depth  8:  150 states (0 in H), t_end 1086-1606 d, fuel 178-329 kg
[08:18:24]   depth  9:  150 states (0 in H), t_end 1238-1386 d, fuel 210-360 kg
[08:18:24]   depth 10:  150 states (0 in H), t_end 1332-1491 d, fuel 222-394 kg
[08:18:24]   depth 11:  150 states (0 in H), t_end 1424-1609 d, fuel 257-416 kg
[08:18:24]   depth 12:   21 states (0 in H), t_end 1492-1618 d, fuel 318-431 kg
[08:18:24] candidates: 129 distinct committed target sets (n_new 1-3, potential 0-4)
[08:18:24] frontier: 16 candidates chosen (n fb / committed planner kg / continuation (lookahead) [full]; pot_mode lookahead, pot_cap None): 1fb/0kg/p5(4)[5], 1fb/0kg/p5(3)[5], 1fb/0kg/p5(4)[5], 1fb/0kg/p4(3)[4], 1fb/0kg/p4(3)[4], 1fb/0kg/p4(3)[4], 1fb/0kg/p4(3)[4], 1fb/0kg/p4(2)[4], 1fb/0kg/p4(3)[4], 1fb/0kg/p4(3)[4], 2fb/2kg/p1(1)[1], 2fb/10kg/p3(2)[3], 2fb/33kg/p4(4)[4], 3fb/34kg/p1(1)[1], 3fb/47kg/p2(2)[2], 3fb/103kg/p3(3)[3]
[08:18:24] budget: 219 s of 300 left for the settles + regrids (settle_wall 480)
[08:18:24]     settle  3: 139 @    369 d -> ok lintwin tank 627.6 (+12.0) miss 3 km (0.2 s)
[08:18:24]     settle  2: 284 @    235 d -> ok lintwin tank 612.1 (+10.6) miss 57 km (0.1 s)
[08:18:24]     settle  3: 226 @    334 d -> ok lintwin tank 623.8 (+11.7) miss 1 km (0.2 s)
[08:18:25]     settle  4: 293 @    413 d -> ok lintwin tank 625.0 (+1.2) miss 0 km (0.1 s)
[08:18:25]     settle  2: 162 @    480 d -> ok lintwin tank 602.0 (+0.5) miss 0 km (0.3 s)
[08:18:25]     settle  4: 230 @    455 d -> ok lintwin tank 632.9 (+5.3) miss 1 km (0.1 s)
[08:18:25]     settle  2: 293 @    409 d -> ok lintwin tank 608.6 (+7.1) miss 2 km (0.3 s)
[08:18:25]     settle  4:  83 @    503 d -> ok lintwin tank 636.6 (+9.0) miss 2 km (0.2 s)
[08:18:25] RESULT s00_r0: 16 columns; frontier 1fb 0 kg p3/3 | 2fb 0 kg p0/3 | 3fb 4 kg p0/3 | 4fb 24 kg p0/2; settles 23 (23 ok), regrids 16 (16 ok); wall 82 s of 300 (plan 79, price 0, settle 3; budget hit None, 0 unsettled)
[08:18:25]     settle  2:  94 @    465 d -> ok lintwin tank 607.5 (+6.0) miss 0 km (0.1 s)
[08:18:25]     settle  2: 117 @    465 d -> ok lintwin tank 605.4 (+3.9) miss 0 km (0.1 s)
[08:18:25]     settle  3: 299 @    537 d -> ok lintwin tank 617.7 (+12.3) miss 12 km (0.1 s)
[08:18:26]     settle  2:  19 @    418 d -> ok lintwin tank 601.7 (+0.2) miss 0 km (0.1 s)
[08:18:26]     settle  3: 150 @    510 d -> ok lintwin tank 607.5 (+5.8) miss 0 km (0.1 s)
[08:18:26]     settle  2:  19 @    415 d -> ok lintwin tank 601.7 (+0.2) miss 1 km (0.1 s)
[08:18:26]     settle  3: 162 @    478 d -> ok lintwin tank 612.5 (+10.9) miss 3 km (0.1 s)
[08:18:26] RESULT s00_r3: 16 columns; frontier 1fb 0 kg p4/4 | 2fb 0 kg p1/4 | 3fb 6 kg p2/3; settles 21 (21 ok), regrids 16 (16 ok); wall 83 s of 300 (plan 81, price 0, settle 2; budget hit None, 0 unsettled)
[08:18:26] plan: 1720 states, depth 12 new flybys, end plan_done (83 s); deepest 12 new to 1600 d at planner fuel 276 kg
[08:18:26]   depth  1:  185 states (185 in H), t_end 175-540 d, fuel 0-0 kg
[08:18:26]   depth  2:  150 states (150 in H), t_end 334-536 d, fuel 2-59 kg
[08:18:26]   depth  3:  150 states (26 in H), t_end 444-651 d, fuel 22-105 kg
[08:18:26]   depth  4:  150 states (0 in H), t_end 594-762 d, fuel 35-154 kg
[08:18:26]   depth  5:  150 states (0 in H), t_end 672-894 d, fuel 66-193 kg
[08:18:26]   depth  6:  150 states (0 in H), t_end 814-1004 d, fuel 94-238 kg
[08:18:26]   depth  7:  150 states (0 in H), t_end 882-1444 d, fuel 127-289 kg
[08:18:26]   depth  8:  150 states (0 in H), t_end 1019-1592 d, fuel 157-323 kg
[08:18:26]   depth  9:  150 states (0 in H), t_end 1127-1600 d, fuel 177-366 kg
[08:18:26]   depth 10:  150 states (0 in H), t_end 1271-1603 d, fuel 205-401 kg
[08:18:26]   depth 11:  150 states (0 in H), t_end 1395-1608 d, fuel 214-415 kg
[08:18:26]   depth 12:   35 states (0 in H), t_end 1499-1616 d, fuel 276-440 kg
[08:18:26] candidates: 142 distinct committed target sets (n_new 1-3, potential 0-5)
[08:18:26] frontier: 16 candidates chosen (n fb / committed planner kg / continuation (lookahead) [full]; pot_mode lookahead, pot_cap None): 1fb/0kg/p6(5)[6], 1fb/0kg/p5(3)[5], 1fb/0kg/p5(3)[5], 1fb/0kg/p5(3)[5], 1fb/0kg/p5(4)[5], 1fb/0kg/p5(3)[5], 1fb/0kg/p5(3)[5], 1fb/0kg/p5(4)[5], 1fb/0kg/p4(3)[4], 1fb/0kg/p4(3)[4], 2fb/2kg/p0(0)[0], 2fb/4kg/p0(0)[0], 2fb/18kg/p5(5)[5], 3fb/29kg/p3(3)[3], 3fb/36kg/p0(0)[0], 3fb/38kg/p2(2)[2]
[08:18:26] budget: 217 s of 300 left for the settles + regrids (settle_wall 480)
[08:18:27]     settle  2:  42 @    484 d -> ok lintwin tank 602.0 (+0.5) miss 0 km (0.5 s)
[08:18:27]   job s00_r0 root  columns  16  levels 11  settles 23/23  end plan_done  wall 82.4 s
[08:18:27]   job s00_r3 root  columns  16  levels 12  settles 21/21  end plan_done  wall 83.4 s
[08:18:28]     settle  2:  42 @    490 d -> ok lintwin tank 602.1 (+0.6) miss 7 km (0.6 s)
[08:18:28]     settle  2:  29 @    469 d -> ok lintwin tank 601.5 (+0.0) miss 0 km (0.1 s)
[08:18:28]     settle  2: 230 @    443 d -> ok lintwin tank 603.9 (+2.4) miss 0 km (0.3 s)
[08:18:29]     settle  3: 281 @    538 d -> ok lintwin tank 604.9 (+1.0) miss 0 km (0.3 s)
[08:18:29]     settle  2: 294 @    334 d -> ok lintwin tank 613.9 (+12.4) miss 76 km (0.3 s)
[08:18:30]     settle  3:  37 @    537 d -> ok lam tank 625.7 (+11.8) miss 92 km (1.1 s)
[08:18:31]   regrid FAIL (3 fb: miss 4005 km, None, 0.7 s) -> column dropped
[08:18:31]     settle  2:   5 @    340 d -> ok lintwin tank 602.8 (+1.3) miss 0 km (0.1 s)
[08:18:31]     settle  3:  60 @    460 d -> ok lintwin tank 613.0 (+10.2) miss 5 km (0.1 s)
[08:18:31]   1 candidates dropped (settle failure / regrid failure / duplicate after truncation)
[08:18:31] RESULT s00_r2: 15 columns; frontier 1fb 0 kg p5/5 | 2fb 0 kg p5/5 | 3fb 3 kg p3/3; settles 21 (21 ok), regrids 16 (15 ok); wall 89 s of 300 (plan 83, price 0, settle 5; budget hit None, 0 unsettled)
[08:18:33]   job s00_r2 root  columns  15  levels 12  settles 21/21  end plan_done  wall 88.5 s
[08:18:40] plan: 1963 states, depth 14 new flybys, end plan_done (98 s); deepest 14 new to 1600 d at planner fuel 447 kg
[08:18:40]   depth  1:  192 states (192 in H), t_end 95-510 d, fuel 0-0 kg
[08:18:40]   depth  2:  150 states (150 in H), t_end 190-461 d, fuel 6-59 kg
[08:18:40]   depth  3:  150 states (128 in H), t_end 314-588 d, fuel 31-106 kg
[08:18:40]   depth  4:  150 states (16 in H), t_end 460-660 d, fuel 53-154 kg
[08:18:40]   depth  5:  150 states (0 in H), t_end 548-762 d, fuel 64-206 kg
[08:18:40]   depth  6:  150 states (0 in H), t_end 620-889 d, fuel 109-252 kg
[08:18:40]   depth  7:  150 states (0 in H), t_end 709-967 d, fuel 144-296 kg
[08:18:40]   depth  8:  150 states (0 in H), t_end 834-1440 d, fuel 175-338 kg
[08:18:40]   depth  9:  150 states (0 in H), t_end 944-1440 d, fuel 199-382 kg
[08:18:40]   depth 10:  150 states (0 in H), t_end 1009-1600 d, fuel 206-400 kg
[08:18:40]   depth 11:  150 states (0 in H), t_end 1194-1605 d, fuel 234-437 kg
[08:18:40]   depth 12:  150 states (0 in H), t_end 1291-1609 d, fuel 250-468 kg
[08:18:40]   depth 13:  114 states (0 in H), t_end 1441-1620 d, fuel 300-505 kg
[08:18:40]   depth 14:    7 states (0 in H), t_end 1538-1616 d, fuel 447-511 kg
[08:18:40] candidates: 213 distinct committed target sets (n_new 1-4, potential 0-5)
[08:18:40] frontier: 16 candidates chosen (n fb / committed planner kg / continuation (lookahead) [full]; pot_mode lookahead, pot_cap None): 1fb/0kg/p7(4)[7], 1fb/0kg/p7(5)[7], 1fb/0kg/p6(4)[6], 1fb/0kg/p6(3)[6], 1fb/0kg/p5(3)[5], 1fb/0kg/p5(3)[5], 2fb/6kg/p1(0)[1], 2fb/6kg/p0(0)[0], 2fb/53kg/p6(5)[6], 2fb/54kg/p6(4)[6], 3fb/34kg/p0(0)[0], 3fb/43kg/p0(0)[0], 3fb/62kg/p5(5)[5], 4fb/94kg/p2(2)[2], 4fb/96kg/p2(2)[2], 4fb/152kg/p4(4)[4]
[08:18:40] budget: 202 s of 300 left for the settles + regrids (settle_wall 480)
[08:18:41]     settle  2:  19 @    420 d -> ok lintwin tank 601.9 (+0.4) miss 0 km (0.5 s)
[08:18:42]     settle  2:  32 @    442 d -> ok lintwin tank 603.1 (+1.6) miss 48 km (0.4 s)
[08:18:42]     settle  2: 297 @    311 d -> ok lintwin tank 619.4 (+17.9) miss 18 km (0.1 s)
[08:18:42]     settle  2: 162 @    200 d -> ok lintwin tank 609.6 (+8.1) miss 1 km (0.1 s)
[08:18:42]     settle  3:  81 @    504 d -> ok lintwin tank 603.0 (+1.1) miss 90 km (0.3 s)
[08:18:42]     settle  2:   5 @    342 d -> ok lintwin tank 606.4 (+4.9) miss 52 km (0.1 s)
[08:18:42]     settle  3:  32 @    443 d -> ok lintwin tank 612.9 (+6.5) miss 0 km (0.1 s)
[08:18:43]     settle  3:  61 @    405 d -> ok lintwin tank 619.7 (+0.3) miss 1 km (0.1 s)
[08:18:43]     settle  2: 279 @    285 d -> ok lintwin tank 601.9 (+0.4) miss 92 km (0.1 s)
[08:18:43]     settle  3:  11 @    383 d -> ok lintwin tank 619.5 (+17.6) miss 20 km (0.1 s)
[08:18:43]     settle  4:  60 @    480 d -> ok lintwin tank 630.8 (+11.3) miss 3 km (0.2 s)
[08:18:44]     settle  3: 291 @    378 d -> ok lam tank 629.0 (+9.6) miss 76 km (0.8 s)
[08:18:45]     settle  4: 165 @    514 d -> ok lam tank 631.3 (+2.3) miss 57 km (1.1 s)
[08:18:46]   regrid FAIL (4 fb: miss 353761 km, None, 0.7 s) -> column dropped
[08:18:46]     settle  3: 128 @    356 d -> ok lintwin tank 631.8 (+22.1) miss 74 km (0.3 s)
[08:18:46]     settle  4:  28 @    465 d -> ok lintwin tank 651.2 (+19.5) miss 66 km (0.4 s)
[08:18:46]   1 candidates dropped (settle failure / regrid failure / duplicate after truncation)
[08:18:46] RESULT s00_r1: 15 columns; frontier 1fb 0 kg p4/5 | 2fb 0 kg p0/5 | 3fb 2 kg p0/5 | 4fb 29 kg p2/4; settles 23 (23 ok), regrids 16 (15 ok); wall 104 s of 300 (plan 98, price 0, settle 6; budget hit None, 0 unsettled)
[08:18:47]   job s00_r1 root  columns  15  levels 14  settles 23/23  end plan_done  wall 103.7 s
[08:18:47] [slice 0] propose: 104 columns (0 bad dropped) in 104.4 s
[08:18:47] [slice 0] auction: 104 columns, kept 104, dropped {}; lam 0.30 H_eff 540 d fuel budget 482 kg quota on
[08:18:47] [slice 0] auction: status optimal objective 38.674 vars 104 rows 40 chosen 8 fuel 100/482 kg (0.017 s)
[08:18:49] [slice 0 T=0 d] launched 8/8  covered 23  remaining 275  fuel 112 kg  sumJi 8.0814  chosen: r->c0:3(+26) r->c1:3(+18) r->c2:4(+29) r->c3:3(+3) r->c4:2(+0) r->c5:3(+6) r->c6:2(+6) r->c7:3(+11)  rejected: -  (wall 106 s)
[08:18:49] [slice 1 T=540 d] propose: 8 jobs (8 craft, 0 root) on 9 workers, proposer planbeam, H_eff 540 d, lam 0.3
[08:18:49] job s01_c0 (craft, craft 0, planbeam): T 540 d H 540 L 360; plan horizon 2160 d; remaining 275; prize >1 on 18; width 150 npt 6 mc 150 dv 1.2 drmax 0.15 plan_wall 240 s; quota {'fil': 11, 'med': 17}
[08:18:49] job s01_c1 (craft, craft 1, planbeam): T 540 d H 540 L 360; plan horizon 2160 d; remaining 275; prize >1 on 18; width 150 npt 6 mc 150 dv 1.2 drmax 0.15 plan_wall 240 s; quota {'fil': 10, 'med': 18}
[08:18:49] job s01_c2 (craft, craft 2, planbeam): T 540 d H 540 L 360; plan horizon 2160 d; remaining 275; prize >1 on 18; width 150 npt 6 mc 150 dv 1.2 drmax 0.15 plan_wall 240 s; quota {'fil': 9, 'med': 18}
[08:18:49] job s01_c3 (craft, craft 3, planbeam): T 540 d H 540 L 360; plan horizon 2160 d; remaining 275; prize >1 on 18; width 150 npt 6 mc 150 dv 1.2 drmax 0.15 plan_wall 240 s; quota {'fil': 10, 'med': 17}
[08:18:49] job s01_c6 (craft, craft 6, planbeam): T 540 d H 540 L 360; plan horizon 2160 d; remaining 275; prize >1 on 18; width 150 npt 6 mc 150 dv 1.2 drmax 0.15 plan_wall 240 s; quota {'fil': 11, 'med': 18}
[08:18:49] job s01_c4 (craft, craft 4, planbeam): T 540 d H 540 L 360; plan horizon 2160 d; remaining 275; prize >1 on 18; width 150 npt 6 mc 150 dv 1.2 drmax 0.15 plan_wall 240 s; quota {'fil': 11, 'med': 17}
[08:18:49] job s01_c5 (craft, craft 5, planbeam): T 540 d H 540 L 360; plan horizon 2160 d; remaining 275; prize >1 on 18; width 150 npt 6 mc 150 dv 1.2 drmax 0.15 plan_wall 240 s; quota {'fil': 11, 'med': 16}
[08:18:49] job s01_c7 (craft, craft 7, planbeam): T 540 d H 540 L 360; plan horizon 2160 d; remaining 275; prize >1 on 18; width 150 npt 6 mc 150 dv 1.2 drmax 0.15 plan_wall 240 s; quota {'fil': 11, 'med': 17}
[08:18:49] prefix slices/s01/in/craft_1.npz: 3 flybys, t_end 405.8 d, tank 619.7 kg (planner view), miss 1.1 km, nreg 19
[08:18:49] prefix slices/s01/in/craft_4.npz: 2 flybys, t_end 467.6 d, tank 601.5 kg (planner view), miss 0.0 km, nreg 18
[08:18:49] prefix slices/s01/in/craft_6.npz: 2 flybys, t_end 464.9 d, tank 607.5 kg (planner view), miss 0.0 km, nreg 15
[08:18:49] budget: job_wall 300 s, 300 s left before the plan -> plan cap 210 s (plan_wall 240, settle_reserve 90)
[08:18:49] budget: job_wall 300 s, 300 s left before the plan -> plan cap 210 s (plan_wall 240, settle_reserve 90)
[08:18:49] budget: job_wall 300 s, 300 s left before the plan -> plan cap 210 s (plan_wall 240, settle_reserve 90)
[08:18:49] prefix slices/s01/in/craft_7.npz: 3 flybys, t_end 538.0 d, tank 612.8 kg (planner view), miss 88.9 km, nreg 16
[08:18:49] budget: job_wall 300 s, 300 s left before the plan -> plan cap 210 s (plan_wall 240, settle_reserve 90)
[08:18:49] prefix slices/s01/in/craft_0.npz: 3 flybys, t_end 369.5 d, tank 627.6 kg (planner view), miss 0.0 km, nreg 21
[08:18:49] budget: job_wall 300 s, 300 s left before the plan -> plan cap 210 s (plan_wall 240, settle_reserve 90)
[08:18:49] prefix slices/s01/in/craft_5.npz: 3 flybys, t_end 510.4 d, tank 607.5 kg (planner view), miss 0.0 km, nreg 19
[08:18:49] budget: job_wall 300 s, 300 s left before the plan -> plan cap 210 s (plan_wall 240, settle_reserve 90)
[08:18:49] prefix slices/s01/in/craft_2.npz: 4 flybys, t_end 480.3 d, tank 630.8 kg (planner view), miss 0.0 km, nreg 23
[08:18:49] prefix slices/s01/in/craft_3.npz: 3 flybys, t_end 537.1 d, tank 604.9 kg (planner view), miss 0.0 km, nreg 23
[08:18:49] budget: job_wall 300 s, 300 s left before the plan -> plan cap 210 s (plan_wall 240, settle_reserve 90)
[08:18:49] budget: job_wall 300 s, 300 s left before the plan -> plan cap 210 s (plan_wall 240, settle_reserve 90)
[08:18:53] first level (both): 0 production + 86 relaxed (dv 2.5, 0.3 AU; 0.1 s) + 81 lintwin children -> 123 unique (4.1 s)
[08:18:53] plan start: prefix 2 flybys, t_end 467.6 d, planner mass 1600.0 kg (dv 0.000 km/s); 123 first-level states
[08:18:53] first level (both): 0 production + 41 relaxed (dv 2.5, 0.3 AU; 0.1 s) + 69 lintwin children -> 93 unique (4.2 s)
[08:18:53] plan start: prefix 3 flybys, t_end 538.0 d, planner mass 1570.5 kg (dv 0.730 km/s); 93 first-level states
[08:18:54] first level (both): 0 production + 61 relaxed (dv 2.5, 0.3 AU; 0.1 s) + 100 lintwin children -> 141 unique (4.4 s)
[08:18:54] plan start: prefix 2 flybys, t_end 464.9 d, planner mass 1584.2 kg (dv 0.390 km/s); 141 first-level states
[08:18:54] first level (both): 0 production + 68 relaxed (dv 2.5, 0.3 AU; 0.1 s) + 90 lintwin children -> 129 unique (4.6 s)
[08:18:54] plan start: prefix 3 flybys, t_end 510.4 d, planner mass 1584.2 kg (dv 0.388 km/s); 129 first-level states
[08:18:54] first level (both): 0 production + 75 relaxed (dv 2.5, 0.3 AU; 0.1 s) + 113 lintwin children -> 157 unique (5.0 s)
[08:18:54] plan start: prefix 3 flybys, t_end 405.8 d, planner mass 1552.9 kg (dv 1.171 km/s); 157 first-level states
[08:18:54] first level (both): 0 production + 90 relaxed (dv 2.5, 0.3 AU; 0.1 s) + 77 lintwin children -> 124 unique (5.0 s)
[08:18:54] plan start: prefix 3 flybys, t_end 537.1 d, planner mass 1591.1 kg (dv 0.218 km/s); 124 first-level states
[08:18:54] first level (both): 0 production + 65 relaxed (dv 2.5, 0.3 AU; 0.1 s) + 83 lintwin children -> 116 unique (5.2 s)
[08:18:54] plan start: prefix 4 flybys, t_end 480.3 d, planner mass 1525.7 kg (dv 1.864 km/s); 116 first-level states
[08:18:55] first level (both): 0 production + 66 relaxed (dv 2.5, 0.3 AU; 0.1 s) + 90 lintwin children -> 131 unique (5.5 s)
[08:18:55] plan start: prefix 3 flybys, t_end 369.5 d, planner mass 1533.6 kg (dv 1.663 km/s); 131 first-level states
[08:19:56] plan: 1179 states, depth 10 new flybys, end plan_done (67 s); deepest 10 new to 2154 d at planner fuel 392 kg
[08:19:56]   depth  1:  129 states (110 in H), t_end 643-1175 d, fuel 18-132 kg
[08:19:56]   depth  2:  150 states (138 in H), t_end 745-1487 d, fuel 70-175 kg
[08:19:56]   depth  3:  150 states (3 in H), t_end 1007-1522 d, fuel 131-210 kg
[08:19:56]   depth  4:  150 states (0 in H), t_end 1217-1866 d, fuel 148-244 kg
[08:19:56]   depth  5:  150 states (0 in H), t_end 1315-2146 d, fuel 181-279 kg
[08:19:56]   depth  6:  150 states (0 in H), t_end 1440-2157 d, fuel 197-312 kg
[08:19:56]   depth  7:  150 states (0 in H), t_end 1869-2148 d, fuel 208-345 kg
[08:19:56]   depth  8:  121 states (0 in H), t_end 2032-2158 d, fuel 274-382 kg
[08:19:56]   depth  9:   28 states (0 in H), t_end 2104-2159 d, fuel 294-405 kg
[08:19:56]   depth 10:    1 states (0 in H), t_end 2154-2154 d, fuel 392-392 kg
[08:19:56] candidates: 153 distinct committed target sets (n_new 1-3, potential 0-4)
[08:19:56] frontier: 16 candidates chosen (n fb / committed planner kg / continuation (lookahead) [full]; pot_mode lookahead, pot_cap None): 1fb/35kg/p0(0)[0], 1fb/40kg/p0(0)[0], 1fb/88kg/p3(2)[3], 1fb/101kg/p4(3)[4], 1fb/109kg/p3(2)[3], 1fb/112kg/p4(3)[4], 1fb/113kg/p4(4)[4], 1fb/115kg/p4(2)[4], 1fb/118kg/p3(1)[3], 1fb/122kg/p2(0)[2], 2fb/70kg/p0(0)[0], 2fb/71kg/p0(0)[0], 2fb/120kg/p3(3)[3], 3fb/172kg/p1(1)[1], 3fb/195kg/p2(2)[2], 3fb/200kg/p0(0)[0]
[08:19:56] budget: 233 s of 300 left for the settles + regrids (settle_wall 480)
[08:19:57]     settle  4: 242 @   1069 d -> ok lintwin tank 614.2 (+6.7) miss 6 km (0.6 s)
[08:19:57]     settle  4: 171 @    862 d -> ok lintwin tank 618.2 (+10.7) miss 1 km (0.4 s)
[08:19:58]     settle  4: 110 @    864 d -> ok lintwin tank 669.3 (+61.8) miss 70 km (1.2 s)
[08:19:59]     settle  4: 207 @    660 d -> ok lintwin tank 640.6 (+33.1) miss 66 km (0.5 s)
[08:20:00]     settle  4:  49 @    841 d -> ok lintwin tank 629.5 (+22.0) miss 74 km (1.1 s)
[08:20:01]     settle  4:  83 @    680 d -> ok lintwin tank 630.3 (+22.8) miss 51 km (0.2 s)
[08:20:02]     settle  4: 224 @    927 d -> ok lintwin tank 676.6 (+69.1) miss 70 km (1.7 s)
[08:20:03]     settle  4:  85 @    682 d -> ok lintwin tank 646.6 (+39.1) miss 70 km (0.3 s)
[08:20:05]     settle  4: 191 @    922 d -> ok lintwin tank 639.9 (+32.4) miss 3 km (1.7 s)
[08:20:06]     settle  4: 121 @    748 d -> ok lintwin tank 632.7 (+25.2) miss 2 km (0.5 s)
[08:20:07]     settle  4: 183 @    679 d -> ok lintwin tank 633.1 (+25.6) miss 38 km (0.3 s)
[08:20:08]     settle  5: 171 @    868 d -> ok lintwin tank 682.4 (+49.3) miss 42 km (1.0 s)
[08:20:08]     settle  4: 290 @    696 d -> ok lintwin tank 617.1 (+9.6) miss 1 km (0.2 s)
[08:20:08]     settle  5:  25 @   1006 d -> ok lintwin tank 623.0 (+5.9) miss 2 km (0.3 s)
[08:20:10] plan: 1574 states, depth 12 new flybys, end plan_done (80 s); deepest 12 new to 2143 d at planner fuel 406 kg
[08:20:10]   depth  1:  141 states (124 in H), t_end 560-1183 d, fuel 23-132 kg
[08:20:10]   depth  2:  150 states (134 in H), t_end 705-1395 d, fuel 65-177 kg
[08:20:10]   depth  3:  150 states (31 in H), t_end 864-1495 d, fuel 121-218 kg
[08:20:10]   depth  4:  150 states (7 in H), t_end 999-1975 d, fuel 148-259 kg
[08:20:10]   depth  5:  150 states (0 in H), t_end 1107-2031 d, fuel 173-287 kg
[08:20:10]   depth  6:  150 states (0 in H), t_end 1299-1977 d, fuel 206-308 kg
[08:20:10]   depth  7:  150 states (0 in H), t_end 1444-2031 d, fuel 223-343 kg
[08:20:10]   depth  8:  150 states (0 in H), t_end 1578-2117 d, fuel 241-378 kg
[08:20:10]   depth  9:  150 states (0 in H), t_end 1701-2151 d, fuel 301-397 kg
[08:20:10]   depth 10:  150 states (0 in H), t_end 1877-2158 d, fuel 341-439 kg
[08:20:10]   depth 11:   75 states (0 in H), t_end 1912-2157 d, fuel 353-452 kg
[08:20:10]   depth 12:    8 states (0 in H), t_end 2140-2143 d, fuel 406-459 kg
[08:20:10] candidates: 169 distinct committed target sets (n_new 1-4, potential 0-3)
[08:20:10] frontier: 16 candidates chosen (n fb / committed planner kg / continuation (lookahead) [full]; pot_mode lookahead, pot_cap None): 1fb/28kg/p1(0)[1], 1fb/29kg/p0(0)[0], 1fb/88kg/p5(2)[5], 1fb/93kg/p3(2)[3], 1fb/94kg/p3(2)[3], 1fb/108kg/p4(3)[4], 2fb/65kg/p0(0)[0], 2fb/69kg/p0(0)[0], 2fb/126kg/p4(2)[4], 2fb/137kg/p4(2)[4], 3fb/137kg/p2(2)[2], 3fb/145kg/p2(2)[2], 3fb/167kg/p3(2)[3], 4fb/178kg/p1(1)[1], 4fb/184kg/p2(2)[2], 4fb/204kg/p1(1)[1]
[08:20:10] budget: 220 s of 300 left for the settles + regrids (settle_wall 480)
[08:20:10]     settle  5: 177 @   1008 d -> ok lintwin tank 645.3 (+4.7) miss 62 km (1.4 s)
[08:20:10]     settle  3: 290 @    702 d -> ok lintwin tank 612.1 (+4.6) miss 0 km (0.1 s)
[08:20:10] plan: 1456 states, depth 11 new flybys, end plan_done (81 s); deepest 11 new to 2150 d at planner fuel 418 kg
[08:20:10]   depth  1:  123 states (111 in H), t_end 574-1189 d, fuel 7-123 kg
[08:20:10]   depth  2:  150 states (80 in H), t_end 657-1442 d, fuel 24-161 kg
[08:20:10]   depth  3:  150 states (20 in H), t_end 937-1815 d, fuel 43-202 kg
[08:20:10]   depth  4:  150 states (0 in H), t_end 1263-1997 d, fuel 53-251 kg
[08:20:10]   depth  5:  150 states (0 in H), t_end 1349-2000 d, fuel 81-295 kg
[08:20:10]   depth  6:  150 states (0 in H), t_end 1529-2135 d, fuel 117-336 kg
[08:20:10]   depth  7:  150 states (0 in H), t_end 1658-2160 d, fuel 128-356 kg
[08:20:10]   depth  8:  150 states (0 in H), t_end 1773-2159 d, fuel 190-387 kg
[08:20:10]   depth  9:  150 states (0 in H), t_end 1877-2158 d, fuel 214-432 kg
[08:20:10]   depth 10:  129 states (0 in H), t_end 1942-2159 d, fuel 285-476 kg
[08:20:10]   depth 11:    4 states (0 in H), t_end 2112-2157 d, fuel 418-472 kg
[08:20:10] candidates: 113 distinct committed target sets (n_new 1-3, potential 0-2)
[08:20:10] frontier: 16 candidates chosen (n fb / committed planner kg / continuation (lookahead) [full]; pot_mode lookahead, pot_cap None): 1fb/11kg/p0(0)[0], 1fb/15kg/p0(0)[0], 1fb/16kg/p2(2)[2], 1fb/18kg/p2(1)[2], 1fb/19kg/p2(0)[2], 1fb/35kg/p2(0)[2], 1fb/53kg/p3(2)[3], 1fb/86kg/p3(2)[3], 1fb/102kg/p4(2)[4], 1fb/107kg/p3(2)[3], 2fb/51kg/p1(1)[1], 2fb/56kg/p1(0)[1], 2fb/114kg/p3(2)[3], 3fb/70kg/p0(0)[0], 3fb/80kg/p0(0)[0], 3fb/152kg/p2(2)[2]
[08:20:10] budget: 219 s of 300 left for the settles + regrids (settle_wall 480)
[08:20:10]     settle  3:  66 @   1072 d -> ok lintwin tank 614.1 (+6.6) miss 0 km (0.5 s)
[08:20:11]     settle  3: 134 @    857 d -> ok lintwin tank 605.5 (+4.0) miss 0 km (0.5 s)
[08:20:11]     settle  3: 192 @    614 d -> ok lintwin tank 637.6 (+30.1) miss 20 km (0.1 s)
[08:20:11]     settle  5: 177 @   1018 d -> ok lintwin tank 642.8 (+2.9) miss 71 km (1.1 s)
[08:20:11] plan: 1484 states, depth 12 new flybys, end plan_done (82 s); deepest 12 new to 2158 d at planner fuel 483 kg
[08:20:11]   depth  1:  116 states (100 in H), t_end 594-1173 d, fuel 85-185 kg
[08:20:11]   depth  2:  150 states (149 in H), t_end 760-1441 d, fuel 113-218 kg
[08:20:11]   depth  3:  150 states (49 in H), t_end 917-1566 d, fuel 118-257 kg
[08:20:11]   depth  4:  150 states (0 in H), t_end 1090-1991 d, fuel 179-276 kg
[08:20:11]   depth  5:  150 states (0 in H), t_end 1225-2077 d, fuel 205-308 kg
[08:20:11]   depth  6:  150 states (0 in H), t_end 1365-2146 d, fuel 241-336 kg
[08:20:11]   depth  7:  150 states (0 in H), t_end 1523-2156 d, fuel 264-368 kg
[08:20:11]   depth  8:  150 states (0 in H), t_end 1698-2160 d, fuel 282-405 kg
[08:20:11]   depth  9:  150 states (0 in H), t_end 1812-2160 d, fuel 301-429 kg
[08:20:11]   depth 10:  142 states (0 in H), t_end 1939-2160 d, fuel 331-465 kg
[08:20:11]   depth 11:   25 states (0 in H), t_end 2064-2159 d, fuel 395-500 kg
[08:20:11]   depth 12:    1 states (0 in H), t_end 2158-2158 d, fuel 483-483 kg
[08:20:11]     settle  3: 104 @    945 d -> ok lintwin tank 607.2 (+5.7) miss 0 km (0.3 s)
[08:20:11] candidates: 178 distinct committed target sets (n_new 1-3, potential 0-3)
[08:20:11] frontier: 16 candidates chosen (n fb / committed planner kg / continuation (lookahead) [full]; pot_mode lookahead, pot_cap None): 1fb/85kg/p0(0)[0], 1fb/86kg/p1(0)[1], 1fb/129kg/p3(2)[3], 1fb/131kg/p4(2)[4], 1fb/135kg/p5(3)[5], 1fb/136kg/p3(2)[3], 1fb/136kg/p3(2)[3], 1fb/156kg/p4(2)[4], 1fb/175kg/p3(2)[3], 2fb/113kg/p1(0)[1], 2fb/114kg/p0(0)[0], 2fb/179kg/p4(3)[4], 2fb/179kg/p3(2)[3], 3fb/118kg/p0(0)[0], 3fb/139kg/p0(0)[0], 3fb/200kg/p3(3)[3]
[08:20:11] budget: 218 s of 300 left for the settles + regrids (settle_wall 480)
[08:20:12]     settle  3: 207 @    659 d -> ok lintwin tank 655.8 (+48.3) miss 64 km (0.7 s)
[08:20:12]     settle  3: 187 @    945 d -> ok lintwin tank 610.2 (+8.7) miss 4 km (0.4 s)
[08:20:12]     settle  5: 124 @    867 d -> ok lintwin tank 651.5 (+20.7) miss 14 km (0.5 s)
[08:20:12]     settle  5: 226 @    715 d -> ok lintwin tank 636.4 (+5.7) miss 5 km (0.2 s)
[08:20:12]     settle  3:  47 @    699 d -> ok lintwin tank 606.4 (+4.9) miss 8 km (0.2 s)
[08:20:12] plan: 1526 states, depth 12 new flybys, end plan_done (83 s); deepest 12 new to 2115 d at planner fuel 437 kg
[08:20:12]   depth  1:   93 states (86 in H), t_end 656-1174 d, fuel 30-147 kg
[08:20:12]   depth  2:  150 states (93 in H), t_end 721-1538 d, fuel 48-181 kg
[08:20:12]   depth  3:  150 states (9 in H), t_end 1021-1398 d, fuel 113-229 kg
[08:20:12]   depth  4:  150 states (0 in H), t_end 1190-1408 d, fuel 143-267 kg
[08:20:12]   depth  5:  150 states (0 in H), t_end 1273-1513 d, fuel 158-290 kg
[08:20:12]   depth  6:  150 states (0 in H), t_end 1407-1631 d, fuel 178-304 kg
[08:20:12]   depth  7:  150 states (0 in H), t_end 1482-1996 d, fuel 213-337 kg
[08:20:12]   depth  8:  150 states (0 in H), t_end 1622-1860 d, fuel 234-379 kg
[08:20:12]   depth  9:  150 states (0 in H), t_end 1779-1998 d, fuel 281-388 kg
[08:20:12]   depth 10:  150 states (0 in H), t_end 1947-2102 d, fuel 289-420 kg
[08:20:12]   depth 11:   80 states (0 in H), t_end 2037-2158 d, fuel 351-461 kg
[08:20:12]   depth 12:    3 states (0 in H), t_end 2115-2125 d, fuel 437-472 kg
[08:20:12]     settle  6:  80 @   1066 d -> ok lintwin tank 663.9 (+21.1) miss 70 km (1.1 s)
[08:20:12] candidates: 131 distinct committed target sets (n_new 1-3, potential 0-4)
[08:20:12] frontier: 16 candidates chosen (n fb / committed planner kg / continuation (lookahead) [full]; pot_mode lookahead, pot_cap None): 1fb/30kg/p0(0)[0], 1fb/33kg/p1(0)[1], 1fb/59kg/p2(1)[2], 1fb/63kg/p3(2)[3], 1fb/81kg/p4(4)[4], 1fb/83kg/p4(2)[4], 1fb/95kg/p5(4)[5], 1fb/96kg/p4(3)[4], 1fb/117kg/p3(3)[3], 1fb/137kg/p4(3)[4], 2fb/48kg/p0(0)[0], 2fb/64kg/p0(0)[0], 2fb/133kg/p4(4)[4], 3fb/135kg/p2(2)[2], 3fb/166kg/p2(2)[2], 3fb/171kg/p0(0)[0]
[08:20:12] budget: 217 s of 300 left for the settles + regrids (settle_wall 480)
[08:20:12]     settle  3:  48 @    574 d -> ok lintwin tank 608.5 (+7.0) miss 0 km (0.2 s)
[08:20:12]     settle  4:  68 @   1043 d -> ok lintwin tank 613.6 (+0.8) miss 2 km (0.2 s)
[08:20:13]     settle  3:   1 @    639 d -> ok lintwin tank 613.1 (+11.6) miss 0 km (0.2 s)
[08:20:13]     settle  4: 178 @    723 d -> ok lintwin tank 613.5 (+0.7) miss 1 km (0.2 s)
[08:20:13]     settle  5: 141 @    762 d -> ok lintwin tank 648.6 (+17.9) miss 79 km (0.8 s)
[08:20:13]     settle  3: 292 @    739 d -> ok lintwin tank 622.0 (+20.5) miss 97 km (0.3 s)
[08:20:13]     settle  4: 182 @    784 d -> ok lintwin tank 621.5 (+8.7) miss 17 km (0.3 s)
[08:20:13] plan: 1494 states, depth 11 new flybys, end plan_done (84 s); deepest 11 new to 2144 d at planner fuel 374 kg
[08:20:13]   depth  1:  124 states (110 in H), t_end 620-1255 d, fuel 13-124 kg
[08:20:13]   depth  2:  150 states (129 in H), t_end 749-1581 d, fuel 25-168 kg
[08:20:13]   depth  3:  150 states (20 in H), t_end 884-1603 d, fuel 67-200 kg
[08:20:13]   depth  4:  150 states (0 in H), t_end 1112-1998 d, fuel 161-244 kg
[08:20:13]   depth  5:  150 states (0 in H), t_end 1181-1891 d, fuel 173-273 kg
[08:20:13]   depth  6:  150 states (0 in H), t_end 1436-2000 d, fuel 205-318 kg
[08:20:13]   depth  7:  150 states (0 in H), t_end 1586-2072 d, fuel 229-361 kg
[08:20:13]   depth  8:  150 states (0 in H), t_end 1708-1929 d, fuel 265-385 kg
[08:20:13]   depth  9:  150 states (0 in H), t_end 1856-2054 d, fuel 291-419 kg
[08:20:13]   depth 10:  150 states (0 in H), t_end 1956-2148 d, fuel 305-447 kg
[08:20:13]   depth 11:   20 states (0 in H), t_end 2094-2158 d, fuel 374-448 kg
[08:20:13] candidates: 137 distinct committed target sets (n_new 1-3, potential 0-3)
[08:20:13] frontier: 16 candidates chosen (n fb / committed planner kg / continuation (lookahead) [full]; pot_mode lookahead, pot_cap None): 1fb/13kg/p2(0)[2], 1fb/15kg/p1(0)[1], 1fb/27kg/p2(0)[2], 1fb/79kg/p3(2)[3], 1fb/83kg/p3(3)[3], 1fb/100kg/p3(2)[3], 1fb/101kg/p4(3)[4], 1fb/105kg/p3(2)[3], 1fb/112kg/p5(3)[5], 1fb/114kg/p3(2)[3], 2fb/25kg/p0(0)[0], 2fb/34kg/p0(0)[0], 2fb/157kg/p4(3)[4], 3fb/67kg/p0(0)[0], 3fb/77kg/p0(0)[0], 3fb/181kg/p3(3)[3]
[08:20:13] budget: 216 s of 300 left for the settles + regrids (settle_wall 480)
[08:20:13]     settle  3: 224 @    955 d -> ok lintwin tank 668.5 (+61.0) miss 4 km (1.6 s)
[08:20:13]     settle  5: 292 @    908 d -> ok lintwin tank 650.1 (+3.5) miss 96 km (0.8 s)
[08:20:13]     settle  3: 161 @    668 d -> ok lintwin tank 617.5 (+16.0) miss 4 km (0.2 s)
[08:20:13]     settle  5: 106 @    610 d -> ok lintwin tank 657.1 (+26.3) miss 57 km (0.5 s)
[08:20:14]     settle  4: 237 @    630 d -> ok lintwin tank 606.4 (+1.5) miss 0 km (0.4 s)
[08:20:14]     settle  3: 121 @    765 d -> ok lintwin tank 618.1 (+10.6) miss 89 km (0.3 s)
[08:20:14]     settle  3: 271 @    687 d -> ok lintwin tank 617.2 (+15.7) miss 1 km (0.5 s)
[08:20:14]     settle  5: 110 @    758 d -> ok lintwin tank 671.5 (+40.7) miss 64 km (0.5 s)
[08:20:14]     settle  4: 126 @    892 d -> ok lintwin tank 616.8 (+4.7) miss 67 km (0.3 s)
[08:20:14]     settle  6: 234 @   1007 d -> ok lintwin tank 662.9 (+12.8) miss 52 km (1.0 s)
[08:20:14]     settle  4: 222 @    888 d -> ok lintwin tank 606.8 (+1.9) miss 0 km (0.7 s)
[08:20:14]     settle  3: 217 @    741 d -> ok lintwin tank 646.5 (+45.0) miss 71 km (0.4 s)
[08:20:15]     settle  4: 187 @    946 d -> ok lintwin tank 616.5 (+3.5) miss 1 km (0.3 s)
[08:20:15]     settle  3: 183 @    682 d -> ok lintwin tank 651.9 (+44.4) miss 80 km (0.5 s)
[08:20:15]     settle  5: 293 @    896 d -> ok lintwin tank 653.2 (+20.5) miss 19 km (0.5 s)
[08:20:15]     settle  5:  30 @    786 d -> ok lintwin tank 676.0 (+45.2) miss 80 km (0.9 s)
[08:20:15]     settle  4:  47 @    730 d -> ok lintwin tank 614.8 (+1.8) miss 2 km (0.2 s)
[08:20:15]     settle  6: 264 @   1016 d -> ok lintwin tank 667.1 (+14.0) miss 12 km (0.3 s)
[08:20:15] plan: 1496 states, depth 11 new flybys, end plan_done (86 s); deepest 11 new to 2091 d at planner fuel 464 kg
[08:20:15]   depth  1:  131 states (121 in H), t_end 541-1224 d, fuel 74-179 kg
[08:20:15]   depth  2:  150 states (127 in H), t_end 643-1541 d, fuel 92-216 kg
[08:20:15]   depth  3:  150 states (39 in H), t_end 891-1445 d, fuel 145-250 kg
[08:20:15]   depth  4:  150 states (0 in H), t_end 1101-1885 d, fuel 163-288 kg
[08:20:15]   depth  5:  150 states (0 in H), t_end 1289-1652 d, fuel 240-329 kg
[08:20:15]   depth  6:  150 states (0 in H), t_end 1445-1815 d, fuel 280-364 kg
[08:20:15]   depth  7:  150 states (0 in H), t_end 1577-2159 d, fuel 311-394 kg
[08:20:15]   depth  8:  150 states (0 in H), t_end 1677-2158 d, fuel 338-428 kg
[08:20:15]   depth  9:  150 states (0 in H), t_end 1744-2160 d, fuel 364-460 kg
[08:20:15]   depth 10:  129 states (0 in H), t_end 1892-2160 d, fuel 393-489 kg
[08:20:15]   depth 11:   36 states (0 in H), t_end 2044-2136 d, fuel 464-525 kg
[08:20:15] candidates: 149 distinct committed target sets (n_new 1-3, potential 0-2)
[08:20:15] frontier: 16 candidates chosen (n fb / committed planner kg / continuation (lookahead) [full]; pot_mode lookahead, pot_cap None): 1fb/74kg/p1(0)[1], 1fb/75kg/p0(0)[0], 1fb/114kg/p3(1)[3], 1fb/127kg/p4(2)[4], 1fb/137kg/p3(1)[3], 1fb/142kg/p2(0)[2], 1fb/145kg/p2(1)[2], 1fb/156kg/p4(2)[4], 1fb/160kg/p3(1)[3], 1fb/167kg/p3(1)[3], 2fb/92kg/p0(0)[0], 2fb/107kg/p0(0)[0], 2fb/173kg/p3(2)[3], 3fb/145kg/p1(1)[1], 3fb/173kg/p1(1)[1], 3fb/217kg/p2(2)[2]
[08:20:15] budget: 214 s of 300 left for the settles + regrids (settle_wall 480)
[08:20:15] RESULT s01_c5: 16 columns; frontier 1fb 7 kg p0/4 | 2fb 15 kg p0/3 | 3fb 55 kg p2/2; settles 21 (21 ok), regrids 16 (16 ok); wall 86 s of 300 (plan 67, price 0, settle 19; budget hit None, 0 unsettled)
[08:20:16]   job s01_c5 craft columns  16  levels 10  settles 21/21  end plan_done  wall 86.3 s
[08:20:16]     settle  5: 161 @    762 d -> ok lintwin tank 648.6 (+17.8) miss 51 km (0.4 s)
[08:20:16]     settle  4: 177 @    946 d -> ok lintwin tank 633.0 (+15.8) miss 11 km (0.3 s)
[08:20:16]     settle  4: 102 @    810 d -> ok lintwin tank 631.1 (+3.6) miss 22 km (0.4 s)
[08:20:16]     settle  4: 109 @    864 d -> ok lintwin tank 689.6 (+37.7) miss 74 km (1.1 s)
[08:20:16]     settle  5: 187 @    945 d -> ok lintwin tank 617.8 (+3.0) miss 0 km (0.4 s)
[08:20:16]     settle  4: 107 @    841 d -> ok lintwin tank 634.1 (+6.6) miss 3 km (0.4 s)
[08:20:16]     settle  4: 103 @    737 d -> ok lintwin tank 641.5 (+3.9) miss 74 km (0.2 s)
[08:20:17]     settle  4:  47 @    734 d -> ok lintwin tank 615.8 (+7.3) miss 1 km (0.3 s)
[08:20:17]     settle  4: 216 @    719 d -> ok lintwin tank 650.7 (+23.1) miss 28 km (0.3 s)
[08:20:17]     settle  4:  96 @    803 d -> ok lintwin tank 644.0 (+6.4) miss 69 km (0.3 s)
[08:20:17]     settle  5: 187 @    943 d -> ok lintwin tank 618.5 (+2.6) miss 0 km (0.3 s)
[08:20:17]     settle  5: 267 @    639 d -> ok lintwin tank 759.3 (+128.6) miss 1 km (1.5 s)
[08:20:17]     settle  4: 141 @    866 d -> ok lintwin tank 641.5 (+3.9) miss 77 km (0.4 s)
[08:20:18]     settle  4:  31 @    672 d -> ok lintwin tank 649.4 (+21.8) miss 8 km (0.8 s)
[08:20:18]     settle  5: 256 @    799 d -> ok lintwin tank 670.2 (+39.4) miss 81 km (0.7 s)
[08:20:18]     settle  4: 173 @    630 d -> ok lintwin tank 644.2 (+16.7) miss 25 km (0.3 s)
[08:20:18]     settle  5: 234 @   1010 d -> ok lintwin tank 654.2 (+21.1) miss 68 km (1.1 s)
[08:20:18]     settle  5:  66 @   1075 d -> ok lintwin tank 644.0 (+2.5) miss 73 km (0.9 s)
[08:20:18] RESULT s01_c4: 16 columns; frontier 1fb 4 kg p0/2 | 2fb 13 kg p0/2 | 3fb 16 kg p0/2; settles 17 (17 ok), regrids 16 (16 ok); wall 89 s of 300 (plan 81, price 0, settle 8; budget hit None, 0 unsettled)
[08:20:19]     settle  4: 107 @    850 d -> FAIL [('lam', 59330478.5)] (5.3 s)
[08:20:19]     settle  5:  63 @    713 d -> ok lintwin tank 649.1 (+18.3) miss 7 km (0.4 s)
[08:20:19]     settle  4:  56 @    734 d -> ok lintwin tank 658.8 (+31.3) miss 71 km (0.5 s)
[08:20:19]     settle  4: 110 @    874 d -> ok lintwin tank 671.5 (+58.7) miss 73 km (0.3 s)
[08:20:19]     settle  6:  50 @    868 d -> ok lintwin tank 667.6 (+18.6) miss 40 km (0.3 s)
[08:20:19]     settle  4:  13 @    620 d -> FAIL [('lam', 8946610.9)] (4.6 s)
[08:20:19]     settle  4: 225 @    581 d -> ok lintwin tank 642.9 (+15.4) miss 52 km (0.5 s)
[08:20:19]   drift: leg 225@581 d settled outside (T, T+H] -> column cut at 0
[08:20:19]     settle  6: 197 @    958 d -> ok lintwin tank 639.6 (+3.2) miss 15 km (0.4 s)
[08:20:20]   job s01_c4 craft columns  16  levels 11  settles 17/17  end plan_done  wall 89.2 s
[08:20:20]     settle  4: 121 @    767 d -> ok lintwin tank 632.0 (+19.2) miss 43 km (0.6 s)
[08:20:20]     settle  5:  66 @   1073 d -> ok lintwin tank 645.2 (+1.3) miss 75 km (1.2 s)
[08:20:20]     settle  4:  98 @    862 d -> ok lintwin tank 640.2 (+35.3) miss 0 km (1.2 s)
[08:20:20]     settle  4: 237 @    616 d -> ok lintwin tank 656.4 (+28.9) miss 79 km (0.9 s)
[08:20:21]     settle  5: 293 @    890 d -> ok lintwin tank 656.5 (+14.9) miss 65 km (1.1 s)
[08:20:21]     settle  6: 273 @    976 d -> ok lintwin tank 678.0 (+6.5) miss 0 km (1.4 s)
[08:20:21]     settle  5: 141 @    864 d -> ok lintwin tank 645.7 (+1.7) miss 1 km (0.2 s)
[08:20:21]     settle  6:  66 @   1073 d -> ok lintwin tank 647.3 (+1.6) miss 35 km (0.2 s)
[08:20:21]     settle  4: 224 @    966 d -> ok lintwin tank 632.0 (+27.1) miss 86 km (1.1 s)
[08:20:22]     settle  4:  98 @    818 d -> ok lam tank 691.1 (+63.6) miss 0 km (1.1 s)
[08:20:22]   drift: leg 98@818 d settled outside (T, T+H] -> column cut at 0
[08:20:22]     settle  4:   2 @    739 d -> ok lintwin tank 644.6 (+17.1) miss 48 km (0.4 s)
[08:20:22]     settle  6: 296 @    999 d -> ok lintwin tank 650.6 (+4.9) miss 70 km (0.6 s)
[08:20:22]     settle  4:  47 @    867 d -> ok lintwin tank 650.8 (+45.9) miss 60 km (0.8 s)
[08:20:22]     settle  4: 102 @    810 d -> ok lintwin tank 631.1 (+3.6) miss 20 km (0.3 s)
[08:20:22]     settle  6: 286 @    977 d -> ok lintwin tank 683.7 (+12.2) miss 1 km (1.4 s)
[08:20:23]     settle  5: 190 @    899 d -> ok lintwin tank 635.5 (+4.4) miss 8 km (0.2 s)
[08:20:23]     settle  6: 103 @   1042 d -> ok lintwin tank 656.0 (+10.4) miss 57 km (0.8 s)
[08:20:23]     settle  7: 195 @   1077 d -> ok lintwin tank 676.4 (+8.8) miss 3 km (0.4 s)
[08:20:23]   drift: leg 195@1077 d settled outside (T, T+H] -> column cut at 2
[08:20:23]     settle  5: 128 @    684 d -> ok lintwin tank 636.9 (+6.1) miss 15 km (0.1 s)
[08:20:23] RESULT s01_c6: 16 columns; frontier 1fb 5 kg p0/3 | 2fb 9 kg p0/2 | 3fb 36 kg p2/2 | 4fb 40 kg p1/2; settles 19 (19 ok), regrids 16 (16 ok); wall 94 s of 300 (plan 80, price 0, settle 14; budget hit None, 0 unsettled)
[08:20:23]     settle  4: 103 @    857 d -> ok lintwin tank 632.8 (+27.9) miss 4 km (0.8 s)
[08:20:23]     settle  4: 288 @    869 d -> ok lintwin tank 649.3 (+21.7) miss 12 km (0.6 s)
[08:20:24]     settle  6: 101 @    856 d -> ok lintwin tank 650.9 (+14.0) miss 14 km (0.3 s)
[08:20:24]   job s01_c6 craft columns  16  levels 12  settles 19/19  end plan_done  wall 94.0 s
[08:20:24]     settle  7:  83 @   1070 d -> ok lintwin tank 654.6 (+3.7) miss 15 km (0.2 s)
[08:20:24]     settle  4: 294 @    793 d -> ok lintwin tank 637.4 (+32.5) miss 9 km (0.7 s)
[08:20:24]     settle  5: 266 @    944 d -> ok lintwin tank 663.7 (+14.4) miss 7 km (0.9 s)
[08:20:24]     settle  4:  76 @    782 d -> FAIL [('lam', 4604677.6)] (4.2 s)
[08:20:25]     settle  5: 232 @    759 d -> ok lintwin tank 654.3 (+4.9) miss 4 km (0.4 s)
[08:20:25]     settle  7: 195 @   1073 d -> ok lintwin tank 686.4 (+8.4) miss 70 km (1.0 s)
[08:20:25]     settle  4: 240 @    667 d -> ok lintwin tank 648.0 (+43.2) miss 79 km (0.7 s)
[08:20:25]   1 candidates dropped (settle failure / regrid failure / duplicate after truncation)
[08:20:25] RESULT s01_c2: 15 columns; frontier 1fb 6 kg p0/3 | 2fb 9 kg p0/3 | 3fb 24 kg p0/3; settles 19 (19 ok), regrids 15 (15 ok); wall 96 s of 300 (plan 82, price 0, settle 14; budget hit None, 0 unsettled)
[08:20:25]     settle  4:  81 @    787 d -> ok lintwin tank 649.5 (+36.7) miss 0 km (1.1 s)
[08:20:26]   job s01_c2 craft columns  15  levels 12  settles 19/19  end plan_done  wall 95.8 s
[08:20:26]     settle  5: 286 @    949 d -> ok lintwin tank 664.9 (+14.2) miss 46 km (0.6 s)
[08:20:26]     settle  4:  42 @    762 d -> ok lintwin tank 639.6 (+34.8) miss 67 km (0.7 s)
[08:20:26]     settle  6: 105 @   1043 d -> ok lintwin tank 666.7 (+1.9) miss 30 km (0.4 s)
[08:20:27]     settle  5: 296 @    987 d -> ok lintwin tank 609.7 (+2.9) miss 0 km (0.7 s)
[08:20:27]     settle  6:  54 @   1074 d -> ok lintwin tank 670.1 (+5.2) miss 69 km (0.6 s)
[08:20:27]     settle  4: 187 @    925 d -> ok lintwin tank 692.0 (+79.2) miss 89 km (1.3 s)
[08:20:27]     settle  5: 222 @    890 d -> ok lintwin tank 607.3 (+0.9) miss 0 km (0.5 s)
[08:20:27]     settle  6: 187 @    939 d -> ok lintwin tank 671.2 (+16.9) miss 73 km (0.5 s)
[08:20:28]   2 candidates dropped (settle failure / regrid failure / duplicate after truncation)
[08:20:28] RESULT s01_c0: 14 columns; frontier 1fb 4 kg p0/2 | 2fb 8 kg p0/2 | 3fb 39 kg p1/2; settles 19 (19 ok), regrids 14 (14 ok); wall 98 s of 300 (plan 86, price 0, settle 12; budget hit None, 0 unsettled)
[08:20:28]     settle  5: 178 @    797 d -> ok lintwin tank 665.1 (+17.0) miss 59 km (0.6 s)
[08:20:28]     settle  4: 237 @    630 d -> ok lintwin tank 606.4 (+1.5) miss 0 km (0.3 s)
[08:20:28]     settle  5: 289 @    755 d -> ok lintwin tank 616.5 (+10.2) miss 23 km (0.2 s)
[08:20:29]     settle  6: 222 @    888 d -> ok lintwin tank 622.0 (+5.5) miss 0 km (0.2 s)
[08:20:29]     settle  4: 224 @    820 d -> FAIL [('lam', 103032119.2)] (1.7 s)
[08:20:29]     settle  5:  68 @   1043 d -> ok lintwin tank 616.6 (+3.2) miss 16 km (0.1 s)
[08:20:29]     settle  5: 165 @    993 d -> ok lintwin tank 623.3 (+1.8) miss 2 km (0.1 s)
[08:20:30]   job s01_c0 craft columns  14  levels 11  settles 19/19  end plan_done  wall 98.4 s
[08:20:30]     settle  6: 264 @   1039 d -> ok lintwin tank 665.0 (+-0.1) miss 67 km (1.2 s)
[08:20:30]   2 candidates dropped (settle failure / regrid failure / duplicate after truncation)
[08:20:30] RESULT s01_c3: 14 columns; frontier 1fb 2 kg p0/3 | 2fb 2 kg p0/3 | 3fb 17 kg p0/3; settles 18 (16 ok), regrids 14 (14 ok); wall 101 s of 300 (plan 84, price 0, settle 17; budget hit None, 0 unsettled)
[08:20:32]   job s01_c3 craft columns  14  levels 11  settles 16/18  end plan_done  wall 101.0 s
[08:20:35]     settle  5: 224 @    916 d -> FAIL [('lam', 217866.3), ('lin', 58335.8)] (6.2 s)
[08:20:36]     settle  4: 103 @    749 d -> ok lintwin tank 653.1 (+40.3) miss 78 km (0.4 s)
[08:20:37]     settle  5: 163 @    922 d -> ok lintwin tank 660.4 (+7.2) miss 99 km (0.6 s)
[08:20:37]     settle  6: 264 @   1021 d -> ok lintwin tank 665.8 (+5.4) miss 35 km (0.3 s)
[08:20:37]   6 candidates dropped (settle failure / regrid failure / duplicate after truncation)
[08:20:37] RESULT s01_c7: 10 columns; frontier 1fb 1 kg p0/4 | 2fb 4 kg p0/0 | 3fb 53 kg p0/0; settles 19 (12 ok), regrids 10 (10 ok); wall 108 s of 300 (plan 83, price 0, settle 25; budget hit None, 0 unsettled)
[08:20:38]   job s01_c7 craft columns  10  levels 12  settles 12/19  end plan_done  wall 108.2 s
[08:20:39] plan: 1965 states, depth 14 new flybys, end plan_done (110 s); deepest 14 new to 2080 d at planner fuel 474 kg
[08:20:39]   depth  1:  157 states (142 in H), t_end 545-1162 d, fuel 58-161 kg
[08:20:39]   depth  2:  150 states (108 in H), t_end 640-1516 d, fuel 89-204 kg
[08:20:39]   depth  3:  150 states (57 in H), t_end 830-1213 d, fuel 104-239 kg
[08:20:39]   depth  4:  150 states (27 in H), t_end 925-1229 d, fuel 157-282 kg
[08:20:39]   depth  5:  150 states (2 in H), t_end 1059-1441 d, fuel 205-322 kg
[08:20:39]   depth  6:  150 states (0 in H), t_end 1194-2001 d, fuel 232-358 kg
[08:20:39]   depth  7:  150 states (0 in H), t_end 1311-2069 d, fuel 241-400 kg
[08:20:39]   depth  8:  150 states (0 in H), t_end 1434-2141 d, fuel 325-437 kg
[08:20:39]   depth  9:  130 states (0 in H), t_end 1504-2160 d, fuel 339-461 kg
[08:20:39]   depth 10:  150 states (0 in H), t_end 1649-2159 d, fuel 364-473 kg
[08:20:39]   depth 11:  150 states (0 in H), t_end 1761-2158 d, fuel 380-468 kg
[08:20:39]   depth 12:  150 states (0 in H), t_end 1819-2159 d, fuel 405-496 kg
[08:20:39]   depth 13:  150 states (0 in H), t_end 1943-2140 d, fuel 431-500 kg
[08:20:39]   depth 14:   28 states (0 in H), t_end 2080-2158 d, fuel 474-532 kg
[08:20:39] candidates: 210 distinct committed target sets (n_new 1-5, potential 0-4)
[08:20:39] frontier: 16 candidates chosen (n fb / committed planner kg / continuation (lookahead) [full]; pot_mode lookahead, pot_cap None): 1fb/58kg/p1(0)[1], 1fb/59kg/p1(0)[1], 1fb/61kg/p3(1)[3], 1fb/143kg/p7(3)[7], 2fb/89kg/p0(0)[0], 2fb/90kg/p0(0)[0], 2fb/145kg/p5(4)[5], 2fb/188kg/p6(3)[6], 3fb/123kg/p1(1)[1], 3fb/156kg/p0(0)[0], 3fb/236kg/p5(3)[5], 4fb/198kg/p3(3)[3], 4fb/238kg/p0(0)[0], 4fb/259kg/p4(3)[4], 5fb/279kg/p3(3)[3], 5fb/312kg/p1(1)[1]
[08:20:39] budget: 190 s of 300 left for the settles + regrids (settle_wall 480)
[08:20:40]     settle  4:  71 @    583 d -> ok lintwin tank 624.4 (+4.7) miss 0 km (0.2 s)
[08:20:40]     settle  4: 207 @    661 d -> ok lintwin tank 624.1 (+4.4) miss 0 km (0.2 s)
[08:20:40]     settle  4: 111 @    606 d -> ok lintwin tank 628.2 (+8.5) miss 5 km (0.2 s)
[08:20:41]     settle  4: 192 @    587 d -> ok lintwin tank 660.9 (+41.1) miss 74 km (0.5 s)
[08:20:41]     settle  5: 135 @    733 d -> ok lintwin tank 634.5 (+10.1) miss 2 km (0.1 s)
[08:20:41]     settle  5:  81 @    801 d -> ok lintwin tank 634.0 (+9.5) miss 2 km (0.2 s)
[08:20:42]     settle  5:  49 @    821 d -> ok lintwin tank 661.8 (+0.9) miss 11 km (0.2 s)
[08:20:42]     settle  5: 226 @    720 d -> ok lintwin tank 676.3 (+15.4) miss 11 km (0.1 s)
[08:20:42]     settle  5: 224 @    936 d -> ok lintwin tank 642.7 (+14.5) miss 59 km (0.3 s)
[08:20:43]     settle  6: 146 @   1075 d -> ok lintwin tank 644.7 (+2.0) miss 12 km (0.4 s)
[08:20:43]     settle  4:  85 @    683 d -> ok lintwin tank 650.7 (+30.9) miss 32 km (0.3 s)
[08:20:43]     settle  5: 224 @    943 d -> ok lintwin tank 654.2 (+3.5) miss 3 km (0.4 s)
[08:20:44]     settle  6: 241 @   1058 d -> ok lintwin tank 663.7 (+9.5) miss 63 km (0.4 s)
[08:20:45]     settle  6: 101 @    830 d -> ok lintwin tank 677.2 (+1.0) miss 68 km (0.6 s)
[08:20:45]     settle  5: 101 @    834 d -> ok lintwin tank 671.8 (+10.9) miss 70 km (0.5 s)
[08:20:45]     settle  6: 299 @    928 d -> ok lintwin tank 684.0 (+12.3) miss 30 km (0.1 s)
[08:20:46]     settle  7:  80 @   1057 d -> ok lintwin tank 692.8 (+8.7) miss 67 km (0.9 s)
[08:20:47]     settle  5: 228 @    709 d -> ok lintwin tank 674.9 (+14.0) miss 21 km (0.2 s)
[08:20:48]     settle  6: 299 @    927 d -> ok lintwin tank 683.4 (+8.6) miss 58 km (0.9 s)
[08:20:48]     settle  7:  80 @   1055 d -> ok lintwin tank 692.2 (+8.8) miss 49 km (0.3 s)
[08:20:49]     settle  7: 299 @    927 d -> ok lintwin tank 694.7 (+17.4) miss 70 km (0.6 s)
[08:20:49]     settle  8:  80 @   1059 d -> ok lintwin tank 703.8 (+9.2) miss 66 km (0.5 s)
[08:20:50]     settle  6: 101 @    840 d -> ok lintwin tank 681.6 (+6.8) miss 69 km (0.9 s)
[08:20:51]     settle  7: 299 @    936 d -> ok lintwin tank 691.8 (+10.1) miss 66 km (0.6 s)
[08:20:51]     settle  8: 183 @   1068 d -> ok lintwin tank 707.4 (+15.6) miss 77 km (0.3 s)
[08:20:51] RESULT s01_c1: 16 columns; frontier 1fb 4 kg p0/3 | 2fb 14 kg p0/4 | 3fb 25 kg p1/3 | 4fb 72 kg p0/3 | 5fb 84 kg p3/3; settles 25 (25 ok), regrids 16 (16 ok); wall 122 s of 300 (plan 110, price 0, settle 12; budget hit None, 0 unsettled)
[08:20:52]   job s01_c1 craft columns  16  levels 14  settles 25/25  end plan_done  wall 122.2 s
[08:20:52] [slice 1] propose: 117 columns (0 bad dropped) in 122.5 s
[08:20:52] [slice 1] auction: 117 columns, kept 117, dropped {}; lam 0.30 H_eff 540 d fuel budget 482 kg quota on
[08:20:52] [slice 1] auction: status optimal objective 35.563 vars 117 rows 57 chosen 8 fuel 412/482 kg (0.013 s)
[08:20:54] [slice 1 T=540 d] launched 8/8  covered 43  remaining 255  fuel 525 kg  sumJi 8.3946  chosen: c0:3(+44) c1:5(+84) c2:3(+56) c3:3(+60) c4:3(+53) c5:1(+69) c6:1(+11) c7:1(+37)  rejected: -  (wall 124 s)
[08:20:54] [slice 2 T=1080 d] propose: 8 jobs (8 craft, 0 root) on 9 workers, proposer planbeam, H_eff 540 d, lam 0.3
[08:20:54] job s02_c0 (craft, craft 0, planbeam): T 1080 d H 540 L 360; plan horizon 2700 d; remaining 255; prize >1 on 26; width 150 npt 6 mc 150 dv 1.2 drmax 0.15 plan_wall 240 s; quota {'fil': 11, 'med': 17}
[08:20:54] job s02_c2 (craft, craft 2, planbeam): T 1080 d H 540 L 360; plan horizon 2700 d; remaining 255; prize >1 on 26; width 150 npt 6 mc 150 dv 1.2 drmax 0.15 plan_wall 240 s; quota {'fil': 7, 'med': 18}
[08:20:54] job s02_c1 (craft, craft 1, planbeam): T 1080 d H 540 L 360; plan horizon 2700 d; remaining 255; prize >1 on 26; width 150 npt 6 mc 150 dv 1.2 drmax 0.15 plan_wall 240 s; quota {'fil': 8, 'med': 17}
[08:20:54] job s02_c3 (craft, craft 3, planbeam): T 1080 d H 540 L 360; plan horizon 2700 d; remaining 255; prize >1 on 26; width 150 npt 6 mc 150 dv 1.2 drmax 0.15 plan_wall 240 s; quota {'fil': 10, 'med': 15}
[08:20:54] job s02_c5 (craft, craft 5, planbeam): T 1080 d H 540 L 360; plan horizon 2700 d; remaining 255; prize >1 on 26; width 150 npt 6 mc 150 dv 1.2 drmax 0.15 plan_wall 240 s; quota {'fil': 11, 'med': 16}
[08:20:54] job s02_c7 (craft, craft 7, planbeam): T 1080 d H 540 L 360; plan horizon 2700 d; remaining 255; prize >1 on 26; width 150 npt 6 mc 150 dv 1.2 drmax 0.15 plan_wall 240 s; quota {'fil': 10, 'med': 17}
[08:20:54] job s02_c6 (craft, craft 6, planbeam): T 1080 d H 540 L 360; plan horizon 2700 d; remaining 255; prize >1 on 26; width 150 npt 6 mc 150 dv 1.2 drmax 0.15 plan_wall 240 s; quota {'fil': 11, 'med': 18}
[08:20:54] job s02_c4 (craft, craft 4, planbeam): T 1080 d H 540 L 360; plan horizon 2700 d; remaining 255; prize >1 on 26; width 150 npt 6 mc 150 dv 1.2 drmax 0.15 plan_wall 240 s; quota {'fil': 11, 'med': 16}
[08:20:54] prefix slices/s02/in/craft_7.npz: 4 flybys, t_end 793.6 d, tank 649.5 kg (planner view), miss 99.9 km, nreg 29
[08:20:54] prefix slices/s02/in/craft_6.npz: 3 flybys, t_end 754.7 d, tank 618.1 kg (planner view), miss 0.1 km, nreg 30
[08:20:54] budget: job_wall 300 s, 300 s left before the plan -> plan cap 210 s (plan_wall 240, settle_reserve 90)
[08:20:54] budget: job_wall 300 s, 300 s left before the plan -> plan cap 210 s (plan_wall 240, settle_reserve 90)
[08:20:54] prefix slices/s02/in/craft_4.npz: 5 flybys, t_end 1010.4 d, tank 654.1 kg (planner view), miss 2.5 km, nreg 45
[08:20:54] budget: job_wall 300 s, 300 s left before the plan -> plan cap 210 s (plan_wall 240, settle_reserve 90)
[08:20:54] prefix slices/s02/in/craft_5.npz: 4 flybys, t_end 931.8 d, tank 676.6 kg (planner view), miss 39.5 km, nreg 40
[08:20:54] budget: job_wall 300 s, 300 s left before the plan -> plan cap 210 s (plan_wall 240, settle_reserve 90)
[08:20:54] prefix slices/s02/in/craft_3.npz: 6 flybys, t_end 1036.6 d, tank 665.0 kg (planner view), miss 18.9 km, nreg 48
[08:20:54] prefix slices/s02/in/craft_1.npz: 8 flybys, t_end 1058.4 d, tank 703.7 kg (planner view), miss 1.8 km, nreg 52
[08:20:54] budget: job_wall 300 s, 300 s left before the plan -> plan cap 210 s (plan_wall 240, settle_reserve 90)
[08:20:54] prefix slices/s02/in/craft_0.npz: 6 flybys, t_end 922.0 d, tank 671.2 kg (planner view), miss 2.3 km, nreg 49
[08:20:54] budget: job_wall 300 s, 300 s left before the plan -> plan cap 210 s (plan_wall 240, settle_reserve 90)
[08:20:54] budget: job_wall 300 s, 300 s left before the plan -> plan cap 210 s (plan_wall 240, settle_reserve 90)
[08:20:54] prefix slices/s02/in/craft_2.npz: 7 flybys, t_end 1071.1 d, tank 686.4 kg (planner view), miss 98.4 km, nreg 52
[08:20:54] budget: job_wall 300 s, 300 s left before the plan -> plan cap 210 s (plan_wall 240, settle_reserve 90)
[08:21:01] first level (both): 0 production + 103 relaxed (dv 2.5, 0.3 AU; 0.1 s) + 90 lintwin children -> 148 unique (7.4 s)
[08:21:01] plan start: prefix 5 flybys, t_end 1010.4 d, planner mass 1471.2 kg (dv 3.291 km/s); 148 first-level states
[08:21:02] first level (both): 0 production + 4 relaxed (dv 2.5, 0.3 AU; 0.1 s) + 103 lintwin children -> 104 unique (7.8 s)
[08:21:02] plan start: prefix 3 flybys, t_end 754.7 d, planner mass 1557.1 kg (dv 1.067 km/s); 104 first-level states
[08:21:02] first level (both): 0 production + 24 relaxed (dv 2.5, 0.3 AU; 0.1 s) + 121 lintwin children -> 138 unique (7.8 s)
[08:21:02] plan start: prefix 4 flybys, t_end 793.6 d, planner mass 1481.8 kg (dv 3.012 km/s); 138 first-level states
[08:21:02] first level (both): 0 production + 110 relaxed (dv 2.5, 0.3 AU; 0.1 s) + 60 lintwin children -> 119 unique (7.9 s)
[08:21:02] plan start: prefix 6 flybys, t_end 1036.6 d, planner mass 1447.3 kg (dv 3.936 km/s); 119 first-level states
[08:21:02] first level (both): 0 production + 104 relaxed (dv 2.5, 0.3 AU; 0.1 s) + 135 lintwin children -> 189 unique (8.2 s)
[08:21:02] plan start: prefix 4 flybys, t_end 931.8 d, planner mass 1422.4 kg (dv 4.615 km/s); 189 first-level states
[08:21:02] first level (both): 0 production + 126 relaxed (dv 2.5, 0.3 AU; 0.1 s) + 97 lintwin children -> 156 unique (8.4 s)
[08:21:02] plan start: prefix 8 flybys, t_end 1058.4 d, planner mass 1367.6 kg (dv 6.157 km/s); 156 first-level states
[08:21:03] first level (both): 0 production + 55 relaxed (dv 2.5, 0.3 AU; 0.1 s) + 86 lintwin children -> 108 unique (9.0 s)
[08:21:03] plan start: prefix 7 flybys, t_end 1071.1 d, planner mass 1402.2 kg (dv 5.177 km/s); 108 first-level states
[08:21:03] first level (both): 0 production + 53 relaxed (dv 2.5, 0.3 AU; 0.1 s) + 88 lintwin children -> 117 unique (9.3 s)
[08:21:03] plan start: prefix 6 flybys, t_end 922.0 d, planner mass 1433.9 kg (dv 4.299 km/s); 117 first-level states
[08:22:09] plan: 1177 states, depth 10 new flybys, end plan_done (75 s); deepest 10 new to 2698 d at planner fuel 507 kg
[08:22:09]   depth  1:  108 states (87 in H), t_end 1148-1716 d, fuel 208-304 kg
[08:22:09]   depth  2:  150 states (141 in H), t_end 1225-2018 d, fuel 220-341 kg
[08:22:09]   depth  3:  150 states (13 in H), t_end 1365-2199 d, fuel 250-361 kg
[08:22:09]   depth  4:  150 states (0 in H), t_end 1657-2615 d, fuel 264-401 kg
[08:22:09]   depth  5:  150 states (0 in H), t_end 1836-2698 d, fuel 312-437 kg
[08:22:09]   depth  6:  150 states (0 in H), t_end 1991-2699 d, fuel 334-453 kg
[08:22:09]   depth  7:  150 states (0 in H), t_end 2376-2699 d, fuel 343-481 kg
[08:22:09]   depth  8:  142 states (0 in H), t_end 2423-2699 d, fuel 361-508 kg
[08:22:09]   depth  9:   24 states (0 in H), t_end 2460-2700 d, fuel 453-536 kg
[08:22:09]   depth 10:    3 states (0 in H), t_end 2638-2699 d, fuel 507-527 kg
[08:22:09] candidates: 145 distinct committed target sets (n_new 1-3, potential 0-3)
[08:22:09] frontier: 16 candidates chosen (n fb / committed planner kg / continuation (lookahead) [full]; pot_mode lookahead, pot_cap None): 1fb/208kg/p1(0)[1], 1fb/211kg/p0(0)[0], 1fb/216kg/p3(2)[3], 1fb/217kg/p3(2)[3], 1fb/230kg/p3(2)[3], 1fb/265kg/p3(2)[3], 1fb/270kg/p3(2)[3], 1fb/275kg/p4(2)[4], 1fb/275kg/p3(2)[3], 1fb/276kg/p4(3)[4], 2fb/220kg/p0(0)[0], 2fb/220kg/p0(0)[0], 2fb/314kg/p3(2)[3], 3fb/254kg/p0(0)[0], 3fb/273kg/p0(0)[0], 3fb/321kg/p2(2)[2]
[08:22:09] budget: 225 s of 300 left for the settles + regrids (settle_wall 480)
[08:22:09]     settle  8: 155 @   1193 d -> ok lintwin tank 692.6 (+6.2) miss 90 km (0.3 s)
[08:22:10]     settle  8:  95 @   1493 d -> ok lintwin tank 691.8 (+5.4) miss 10 km (0.7 s)
[08:22:11] plan: 1115 states, depth 9 new flybys, end plan_done (77 s); deepest 9 new to 2697 d at planner fuel 520 kg
[08:22:11]   depth  1:  156 states (142 in H), t_end 1116-1692 d, fuel 233-332 kg
[08:22:11]   depth  2:  150 states (79 in H), t_end 1198-2112 d, fuel 236-369 kg
[08:22:11]   depth  3:  150 states (18 in H), t_end 1490-2015 d, fuel 303-407 kg
[08:22:11]   depth  4:  150 states (8 in H), t_end 1533-2416 d, fuel 335-433 kg
[08:22:11]   depth  5:  150 states (0 in H), t_end 1919-2700 d, fuel 344-457 kg
[08:22:11]   depth  6:  150 states (0 in H), t_end 2330-2696 d, fuel 395-487 kg
[08:22:11]   depth  7:  150 states (0 in H), t_end 2417-2699 d, fuel 417-519 kg
[08:22:11]   depth  8:   53 states (0 in H), t_end 2530-2700 d, fuel 452-548 kg
[08:22:11]   depth  9:    6 states (0 in H), t_end 2660-2697 d, fuel 520-558 kg
[08:22:11] candidates: 130 distinct committed target sets (n_new 1-4, potential 0-3)
[08:22:11] frontier: 16 candidates chosen (n fb / committed planner kg / continuation (lookahead) [full]; pot_mode lookahead, pot_cap None): 1fb/233kg/p1(1)[1], 1fb/234kg/p1(1)[1], 1fb/235kg/p4(2)[4], 1fb/263kg/p3(1)[3], 1fb/298kg/p4(3)[4], 1fb/310kg/p4(2)[4], 1fb/326kg/p4(2)[4], 2fb/249kg/p0(0)[0], 2fb/254kg/p0(0)[0], 2fb/271kg/p3(2)[3], 3fb/311kg/p2(2)[2], 3fb/312kg/p0(0)[0], 3fb/332kg/p1(1)[1], 4fb/398kg/p0(0)[0], 4fb/399kg/p0(0)[0], 4fb/421kg/p0(0)[0]
[08:22:11] budget: 223 s of 300 left for the settles + regrids (settle_wall 480)
[08:22:11]     settle  8: 250 @   1363 d -> ok lintwin tank 692.4 (+6.1) miss 65 km (0.8 s)
[08:22:12]     settle  9: 257 @   1545 d -> ok lintwin tank 705.8 (+2.1) miss 5 km (0.5 s)
[08:22:12] plan: 1150 states, depth 9 new flybys, end plan_done (78 s); deepest 9 new to 2667 d at planner fuel 472 kg
[08:22:12]   depth  1:  119 states (108 in H), t_end 1114-1702 d, fuel 164-256 kg
[08:22:12]   depth  2:  150 states (78 in H), t_end 1366-2003 d, fuel 182-298 kg
[08:22:12]   depth  3:  150 states (11 in H), t_end 1495-2350 d, fuel 212-324 kg
[08:22:12]   depth  4:  150 states (0 in H), t_end 1645-2370 d, fuel 236-368 kg
[08:22:12]   depth  5:  150 states (0 in H), t_end 1888-2697 d, fuel 251-404 kg
[08:22:12]   depth  6:  150 states (0 in H), t_end 2238-2699 d, fuel 281-434 kg
[08:22:12]   depth  7:  150 states (0 in H), t_end 2389-2699 d, fuel 320-470 kg
[08:22:12]   depth  8:  128 states (0 in H), t_end 2547-2700 d, fuel 339-498 kg
[08:22:12]   depth  9:    3 states (0 in H), t_end 2667-2698 d, fuel 472-505 kg
[08:22:12] candidates: 108 distinct committed target sets (n_new 1-3, potential 0-3)
[08:22:12] frontier: 16 candidates chosen (n fb / committed planner kg / continuation (lookahead) [full]; pot_mode lookahead, pot_cap None): 1fb/164kg/p3(1)[3], 1fb/167kg/p1(0)[1], 1fb/167kg/p2(0)[2], 1fb/178kg/p2(2)[2], 1fb/190kg/p2(0)[2], 1fb/196kg/p2(0)[2], 1fb/197kg/p2(0)[2], 1fb/234kg/p2(0)[2], 1fb/254kg/p4(3)[4], 2fb/196kg/p0(0)[0], 2fb/203kg/p0(0)[0], 2fb/206kg/p2(1)[2], 2fb/283kg/p3(3)[3], 3fb/229kg/p0(0)[0], 3fb/230kg/p1(1)[1], 3fb/239kg/p0(0)[0]
[08:22:12] budget: 222 s of 300 left for the settles + regrids (settle_wall 480)
[08:22:12]     settle  9:   9 @   1308 d -> ok lintwin tank 703.9 (+0.2) miss 4 km (0.4 s)
[08:22:13]     settle  9: 284 @   1248 d -> ok lintwin tank 705.2 (+1.5) miss 12 km (0.2 s)
[08:22:13]     settle  7: 258 @   1262 d -> ok lintwin tank 685.0 (+20.0) miss 84 km (1.4 s)
[08:22:13]     settle  9:  18 @   1123 d -> ok lintwin tank 718.8 (+15.1) miss 35 km (0.4 s)
[08:22:14]     settle  8: 292 @   1389 d -> ok lintwin tank 734.9 (+48.6) miss 82 km (2.1 s)
[08:22:14]     settle  9: 213 @   1162 d -> ok lintwin tank 735.8 (+32.1) miss 82 km (0.6 s)
[08:22:16]     settle  7: 210 @   1249 d -> ok lintwin tank 677.6 (+12.7) miss 72 km (2.1 s)
[08:22:16]     settle  8: 228 @   1374 d -> ok lintwin tank 695.7 (+9.4) miss 76 km (1.9 s)
[08:22:16]     settle  9:  79 @   1297 d -> ok lintwin tank 752.6 (+48.9) miss 62 km (2.0 s)
[08:22:17]     settle  7: 164 @   1114 d -> ok lintwin tank 671.1 (+6.1) miss 67 km (1.5 s)
[08:22:18]     settle  8: 203 @   1238 d -> ok lintwin tank 709.9 (+23.6) miss 73 km (1.7 s)
[08:22:19]     settle  9: 132 @   1408 d -> ok lam tank 732.7 (+29.0) miss 0 km (2.0 s)
[08:22:19]     settle  7: 138 @   1437 d -> ok lintwin tank 675.4 (+10.4) miss 65 km (2.0 s)
[08:22:20]     settle  9: 105 @   1292 d -> ok lintwin tank 705.5 (+1.8) miss 23 km (0.4 s)
[08:22:21]     settle 10: 183 @   1452 d -> ok lintwin tank 708.6 (+3.1) miss 79 km (1.1 s)
[08:22:21]     settle  8: 207 @   1371 d -> ok lintwin tank 701.7 (+15.3) miss 72 km (2.6 s)
[08:22:21]     settle  9:  46 @   1209 d -> ok lintwin tank 706.8 (+3.1) miss 1 km (0.4 s)
[08:22:22]     settle  7:  42 @   1287 d -> ok lintwin tank 674.1 (+9.1) miss 69 km (1.8 s)
[08:22:23]     settle  7: 103 @   1177 d -> ok lintwin tank 672.7 (+7.7) miss 37 km (0.9 s)
[08:22:23]     settle  8: 114 @   1181 d -> ok lintwin tank 766.7 (+80.4) miss 62 km (1.8 s)
[08:22:24]     settle 10: 183 @   1453 d -> ok lintwin tank 710.5 (+3.7) miss 59 km (2.1 s)
[08:22:24]     settle  7: 140 @   1370 d -> ok lintwin tank 684.2 (+19.2) miss 62 km (1.5 s)
[08:22:25]     settle  8: 239 @   1279 d -> ok lintwin tank 784.9 (+98.6) miss 67 km (2.2 s)
[08:22:26]     settle 10: 211 @   1438 d -> ok lintwin tank 711.0 (+5.7) miss 61 km (1.7 s)
[08:22:26] plan: 1432 states, depth 11 new flybys, end plan_done (92 s); deepest 11 new to 2698 d at planner fuel 520 kg
[08:22:26]   depth  1:  117 states (108 in H), t_end 1114-1737 d, fuel 169-271 kg
[08:22:26]   depth  2:  150 states (71 in H), t_end 1207-2029 d, fuel 196-305 kg
[08:22:26]   depth  3:  150 states (62 in H), t_end 1355-2258 d, fuel 226-344 kg
[08:22:26]   depth  4:  150 states (10 in H), t_end 1519-2370 d, fuel 237-375 kg
[08:22:26]   depth  5:  150 states (1 in H), t_end 1594-2683 d, fuel 302-412 kg
[08:22:26]   depth  6:  150 states (0 in H), t_end 1849-2695 d, fuel 331-439 kg
[08:22:26]   depth  7:  150 states (0 in H), t_end 1946-2649 d, fuel 352-472 kg
[08:22:26]   depth  8:  150 states (0 in H), t_end 2238-2683 d, fuel 407-481 kg
[08:22:26]   depth  9:  150 states (0 in H), t_end 2376-2685 d, fuel 419-511 kg
[08:22:26]   depth 10:  103 states (0 in H), t_end 2500-2699 d, fuel 465-538 kg
[08:22:26]   depth 11:   12 states (0 in H), t_end 2621-2698 d, fuel 520-560 kg
[08:22:26] candidates: 158 distinct committed target sets (n_new 1-5, potential 0-3)
[08:22:26] frontier: 16 candidates chosen (n fb / committed planner kg / continuation (lookahead) [full]; pot_mode lookahead, pot_cap None): 1fb/169kg/p0(0)[0], 1fb/173kg/p0(0)[0], 1fb/186kg/p3(3)[3], 1fb/236kg/p5(2)[5], 1fb/257kg/p4(2)[4], 1fb/265kg/p6(2)[6], 2fb/196kg/p0(0)[0], 2fb/207kg/p1(0)[1], 2fb/284kg/p5(2)[5], 3fb/236kg/p0(0)[0], 3fb/246kg/p0(0)[0], 3fb/305kg/p4(2)[4], 4fb/318kg/p0(0)[0], 4fb/333kg/p2(2)[2], 4fb/352kg/p3(2)[3], 5fb/368kg/p2(2)[2]
[08:22:26] budget: 208 s of 300 left for the settles + regrids (settle_wall 480)
[08:22:26]     settle  7:  57 @   1466 d -> ok lintwin tank 672.7 (+1.5) miss 29 km (0.3 s)
[08:22:27]     settle  7: 238 @   1311 d -> ok lintwin tank 688.9 (+23.9) miss 65 km (2.0 s)
[08:22:27]     settle 11: 137 @   1618 d -> ok lintwin tank 727.8 (+16.8) miss 66 km (1.4 s)
[08:22:28]     settle  7:  54 @   1448 d -> ok lintwin tank 679.3 (+8.2) miss 7 km (1.2 s)
[08:22:28]     settle  7: 223 @   1393 d -> ok lintwin tank 684.8 (+19.8) miss 73 km (1.4 s)
[08:22:29]     settle  8: 193 @   1295 d -> ok lintwin tank 752.8 (+66.4) miss 63 km (2.8 s)
[08:22:29] plan: 1473 states, depth 11 new flybys, end plan_done (95 s); deepest 11 new to 2628 d at planner fuel 435 kg
[08:22:29]   depth  1:  148 states (122 in H), t_end 1093-1725 d, fuel 135-236 kg
[08:22:29]   depth  2:  150 states (76 in H), t_end 1299-2003 d, fuel 161-277 kg
[08:22:29]   depth  3:  150 states (21 in H), t_end 1579-2357 d, fuel 185-309 kg
[08:22:29]   depth  4:  150 states (0 in H), t_end 1849-2697 d, fuel 226-333 kg
[08:22:29]   depth  5:  150 states (0 in H), t_end 1940-2693 d, fuel 246-371 kg
[08:22:29]   depth  6:  150 states (0 in H), t_end 2069-2692 d, fuel 267-404 kg
[08:22:29]   depth  7:  150 states (0 in H), t_end 2183-2695 d, fuel 282-424 kg
[08:22:29]   depth  8:  150 states (0 in H), t_end 2318-2694 d, fuel 302-448 kg
[08:22:29]   depth  9:  150 states (0 in H), t_end 2406-2692 d, fuel 331-474 kg
[08:22:29]   depth 10:  112 states (0 in H), t_end 2503-2699 d, fuel 365-485 kg
[08:22:29]   depth 11:   13 states (0 in H), t_end 2616-2698 d, fuel 435-505 kg
[08:22:29] candidates: 110 distinct committed target sets (n_new 1-3, potential 0-3)
[08:22:29] frontier: 16 candidates chosen (n fb / committed planner kg / continuation (lookahead) [full]; pot_mode lookahead, pot_cap None): 1fb/135kg/p0(0)[0], 1fb/135kg/p0(0)[0], 1fb/149kg/p2(0)[2], 1fb/155kg/p2(1)[2], 1fb/160kg/p3(1)[3], 1fb/162kg/p4(3)[4], 1fb/196kg/p2(1)[2], 1fb/208kg/p3(2)[3], 1fb/208kg/p3(1)[3], 1fb/222kg/p4(2)[4], 2fb/161kg/p0(0)[0], 2fb/163kg/p1(0)[1], 2fb/180kg/p3(3)[3], 3fb/201kg/p0(0)[0], 3fb/204kg/p0(0)[0], 3fb/294kg/p2(2)[2]
[08:22:29] budget: 205 s of 300 left for the settles + regrids (settle_wall 480)
[08:22:30]     settle 10: 115 @   1399 d -> ok lintwin tank 709.6 (+2.8) miss 66 km (2.1 s)
[08:22:30]     settle 11: 137 @   1619 d -> ok lintwin tank 726.1 (+16.5) miss 10 km (0.3 s)
[08:22:30]     settle  6:  95 @   1584 d -> ok lintwin tank 655.7 (+1.6) miss 61 km (1.5 s)
[08:22:31]     settle 10: 115 @   1403 d -> ok lintwin tank 723.7 (+4.8) miss 56 km (0.6 s)
[08:22:31]     settle  7: 138 @   1448 d -> ok lintwin tank 694.0 (+22.8) miss 12 km (2.6 s)
[08:22:31]     settle  8:  23 @   1386 d -> ok lintwin tank 682.5 (+11.4) miss 70 km (1.7 s)
[08:22:31]     settle  9:  53 @   1546 d -> ok lintwin tank 751.8 (+16.9) miss 59 km (2.3 s)
[08:22:32]     settle  7: 231 @   1212 d -> ok lintwin tank 691.2 (+20.0) miss 9 km (0.9 s)
[08:22:32]     settle  9:  95 @   1493 d -> ok lintwin tank 696.3 (+3.7) miss 3 km (0.4 s)
[08:22:32]     settle  6:  44 @   1602 d -> ok lintwin tank 657.6 (+3.5) miss 77 km (1.8 s)
[08:22:33]     settle  7: 244 @   1292 d -> ok lintwin tank 674.9 (+10.0) miss 75 km (2.0 s)
[08:22:33]     settle 11: 137 @   1618 d -> ok lintwin tank 740.0 (+16.3) miss 61 km (2.5 s)
[08:22:33]     settle  7: 252 @   1133 d -> ok lintwin tank 685.0 (+13.8) miss 9 km (1.3 s)
[08:22:35]     settle  8:  36 @   1495 d -> ok lintwin tank 686.8 (+11.9) miss 60 km (1.8 s)
[08:22:35]     settle  9: 229 @   1381 d -> ok lintwin tank 829.6 (+62.9) miss 62 km (2.7 s)
[08:22:36]     settle  7: 210 @   1195 d -> ok lintwin tank 719.0 (+47.8) miss 70 km (1.8 s)
[08:22:36]     settle  9: 293 @   1157 d -> ok lintwin tank 764.6 (+60.9) miss 70 km (2.1 s)
[08:22:36]     settle  6: 288 @   1324 d -> ok lintwin tank 708.9 (+54.8) miss 15 km (2.8 s)
[08:22:36]     settle  8: 260 @   1157 d -> ok lintwin tank 698.2 (+11.8) miss 23 km (0.5 s)
[08:22:36]     settle  9: 250 @   1362 d -> ok lintwin tank 703.5 (+5.3) miss 2 km (0.3 s)
[08:22:37]     settle  7: 185 @   1193 d -> ok lintwin tank 678.9 (+7.7) miss 7 km (0.8 s)
[08:22:37]     settle 10:  95 @   1497 d -> ok lintwin tank 707.9 (+4.5) miss 23 km (0.6 s)
[08:22:37]     settle  8:  57 @   1466 d -> ok lintwin tank 680.4 (+1.5) miss 4 km (0.3 s)
[08:22:37]     settle 10:  23 @   1366 d -> ok lintwin tank 785.2 (+20.6) miss 68 km (1.8 s)
[08:22:38]     settle  8: 140 @   1377 d -> ok lintwin tank 750.8 (+65.9) miss 76 km (3.1 s)
[08:22:38] plan: 1677 states, depth 13 new flybys, end plan_done (105 s); deepest 13 new to 2681 d at planner fuel 460 kg
[08:22:38]   depth  1:  104 states (90 in H), t_end 1124-1700 d, fuel 47-154 kg
[08:22:38]   depth  2:  150 states (104 in H), t_end 1264-2127 d, fuel 71-194 kg
[08:22:38]   depth  3:  150 states (54 in H), t_end 1393-2499 d, fuel 93-227 kg
[08:22:38]   depth  4:  150 states (2 in H), t_end 1608-2663 d, fuel 126-235 kg
[08:22:38]   depth  5:  150 states (0 in H), t_end 1722-2577 d, fuel 145-271 kg
[08:22:38]   depth  6:  150 states (0 in H), t_end 1908-2506 d, fuel 157-314 kg
[08:22:38]   depth  7:  150 states (0 in H), t_end 2016-2689 d, fuel 186-346 kg
[08:22:38]   depth  8:  150 states (0 in H), t_end 2125-2689 d, fuel 217-388 kg
[08:22:38]   depth  9:  150 states (0 in H), t_end 2241-2685 d, fuel 240-421 kg
[08:22:38]   depth 10:  150 states (0 in H), t_end 2331-2700 d, fuel 296-461 kg
[08:22:38]   depth 11:  150 states (0 in H), t_end 2464-2700 d, fuel 317-498 kg
[08:22:38]   depth 12:   70 states (0 in H), t_end 2595-2697 d, fuel 392-532 kg
[08:22:38]   depth 13:    3 states (0 in H), t_end 2681-2681 d, fuel 460-498 kg
[08:22:38] candidates: 186 distinct committed target sets (n_new 1-4, potential 0-4)
[08:22:38] frontier: 16 candidates chosen (n fb / committed planner kg / continuation (lookahead) [full]; pot_mode lookahead, pot_cap None): 1fb/47kg/p1(0)[1], 1fb/48kg/p0(0)[0], 1fb/59kg/p3(2)[3], 1fb/67kg/p3(0)[3], 1fb/69kg/p5(3)[5], 1fb/72kg/p4(2)[4], 1fb/110kg/p4(4)[4], 1fb/116kg/p5(2)[5], 2fb/71kg/p0(0)[0], 2fb/83kg/p1(1)[1], 2fb/83kg/p4(3)[4], 3fb/101kg/p0(0)[0], 3fb/119kg/p0(0)[0], 3fb/126kg/p3(3)[3], 4fb/203kg/p0(0)[0], 4fb/227kg/p2(2)[2]
[08:22:38] budget: 195 s of 300 left for the settles + regrids (settle_wall 480)
[08:22:39]     settle  4: 293 @   1266 d -> ok lintwin tank 619.8 (+1.7) miss 6 km (0.2 s)
[08:22:39]     settle  7: 128 @   1202 d -> ok lintwin tank 707.3 (+36.2) miss 42 km (1.6 s)
[08:22:39]     settle  9: 102 @   1227 d -> ok lintwin tank 707.9 (+9.7) miss 65 km (1.8 s)
[08:22:39]     settle  4:  87 @   1499 d -> ok lintwin tank 619.1 (+1.0) miss 15 km (0.3 s)
[08:22:39]     settle  6: 238 @   1316 d -> ok lintwin tank 658.4 (+4.3) miss 78 km (1.4 s)
[08:22:39]     settle 11: 190 @   1521 d -> ok lintwin tank 825.8 (+40.6) miss 70 km (1.8 s)
[08:22:40]     settle  8: 138 @   1438 d -> ok lintwin tank 709.9 (+25.1) miss 63 km (1.0 s)
[08:22:40]     settle 10: 193 @   1440 d -> ok lintwin tank 717.2 (+9.3) miss 2 km (0.7 s)
[08:22:41]     settle  8: 140 @   1352 d -> ok lintwin tank 715.6 (+8.3) miss 63 km (2.1 s)
[08:22:41]     settle  4: 132 @   1417 d -> ok lintwin tank 645.1 (+27.0) miss 22 km (1.4 s)
[08:22:41]     settle  6:  43 @   1154 d -> ok lintwin tank 662.8 (+8.7) miss 77 km (1.6 s)
[08:22:42]     settle  7: 164 @   1117 d -> ok lintwin tank 671.1 (+6.1) miss 76 km (1.8 s)
[08:22:42]     settle 10: 269 @   1607 d -> ok lintwin tank 853.7 (+24.1) miss 80 km (2.1 s)
[08:22:42] RESULT s02_c2: 16 columns; frontier 1fb 5 kg p0/3 | 2fb 10 kg p0/2 | 3fb 22 kg p0/2; settles 19 (19 ok), regrids 16 (16 ok); wall 109 s of 300 (plan 75, price 1, settle 33; budget hit None, 0 unsettled)
[08:22:42]     settle 12:  79 @   1565 d -> ok lintwin tank 837.5 (+11.7) miss 55 km (3.2 s)
[08:22:43]     settle  6: 184 @   1093 d -> ok lintwin tank 665.8 (+11.6) miss 77 km (1.2 s)
[08:22:43]     settle  4: 128 @   1205 d -> ok lintwin tank 667.4 (+49.3) miss 77 km (1.8 s)
[08:22:43]     settle  8: 140 @   1365 d -> ok lintwin tank 721.2 (+2.2) miss 72 km (1.9 s)
[08:22:44] plan: 1743 states, depth 13 new flybys, end plan_done (110 s); deepest 13 new to 2693 d at planner fuel 508 kg
[08:22:44]   depth  1:  138 states (119 in H), t_end 1087-1699 d, fuel 118-225 kg
[08:22:44]   depth  2:  150 states (99 in H), t_end 1194-2020 d, fuel 128-258 kg
[08:22:44]   depth  3:  150 states (66 in H), t_end 1378-2329 d, fuel 153-289 kg
[08:22:44]   depth  4:  150 states (5 in H), t_end 1569-2030 d, fuel 162-334 kg
[08:22:44]   depth  5:  150 states (0 in H), t_end 1664-2630 d, fuel 216-363 kg
[08:22:44]   depth  6:  150 states (0 in H), t_end 1757-2691 d, fuel 277-391 kg
[08:22:44]   depth  7:  150 states (0 in H), t_end 1841-2693 d, fuel 302-417 kg
[08:22:44]   depth  8:  150 states (0 in H), t_end 1961-2695 d, fuel 304-455 kg
[08:22:44]   depth  9:  150 states (0 in H), t_end 2064-2697 d, fuel 345-455 kg
[08:22:44]   depth 10:  150 states (0 in H), t_end 2247-2695 d, fuel 371-473 kg
[08:22:44]   depth 11:  150 states (0 in H), t_end 2396-2696 d, fuel 417-506 kg
[08:22:44]   depth 12:  100 states (0 in H), t_end 2540-2700 d, fuel 446-536 kg
[08:22:44]   depth 13:    5 states (0 in H), t_end 2652-2696 d, fuel 508-541 kg
[08:22:44] candidates: 190 distinct committed target sets (n_new 1-4, potential 0-4)
[08:22:44] frontier: 16 candidates chosen (n fb / committed planner kg / continuation (lookahead) [full]; pot_mode lookahead, pot_cap None): 1fb/118kg/p2(1)[2], 1fb/118kg/p2(1)[2], 1fb/118kg/p2(0)[2], 1fb/126kg/p7(4)[7], 1fb/131kg/p4(3)[4], 1fb/170kg/p4(1)[4], 1fb/206kg/p4(2)[4], 2fb/128kg/p1(1)[1], 2fb/131kg/p0(0)[0], 2fb/156kg/p3(2)[3], 2fb/167kg/p6(4)[6], 3fb/176kg/p2(2)[2], 3fb/178kg/p2(2)[2], 3fb/215kg/p5(4)[5], 4fb/245kg/p1(1)[1], 4fb/252kg/p4(4)[4]
[08:22:44] budget: 190 s of 300 left for the settles + regrids (settle_wall 480)
[08:22:44]     settle  8: 140 @   1368 d -> ok lintwin tank 685.9 (+14.8) miss 62 km (2.2 s)
[08:22:44]     settle  4: 252 @   1158 d -> ok lintwin tank 636.5 (+18.4) miss 16 km (0.7 s)
[08:22:44]   job s02_c2 craft columns  16  levels 10  settles 19/19  end plan_done  wall 108.7 s
[08:22:44]     settle  7:  35 @   1154 d -> ok lintwin tank 699.3 (+28.1) miss 14 km (0.8 s)
[08:22:44]     settle  6: 132 @   1430 d -> ok lintwin tank 660.0 (+5.8) miss 65 km (1.5 s)
[08:22:45]     settle 11: 235 @   1490 d -> ok lintwin tank 815.0 (+29.9) miss 65 km (2.1 s)
[08:22:45]     settle  4: 212 @   1197 d -> ok lintwin tank 627.1 (+9.0) miss 45 km (0.9 s)
[08:22:45]     settle  8: 140 @   1358 d -> ok lintwin tank 702.9 (+3.6) miss 69 km (1.0 s)
[08:22:45]     settle  5: 170 @   1191 d -> ok lintwin tank 661.9 (+12.4) miss 86 km (1.7 s)
[08:22:46]     settle  9: 167 @   1532 d -> ok lintwin tank 691.8 (+5.9) miss 78 km (1.9 s)
[08:22:46]     settle  9:  42 @   1573 d -> ok lintwin tank 720.1 (+17.2) miss 67 km (1.1 s)
[08:22:47]     settle  6: 258 @   1335 d -> ok lintwin tank 681.6 (+27.4) miss 88 km (2.2 s)
[08:22:47]     settle 12: 190 @   1533 d -> ok lintwin tank 843.8 (+28.8) miss 47 km (2.1 s)
[08:22:47]     settle  4: 138 @   1439 d -> ok lintwin tank 636.7 (+18.6) miss 97 km (2.0 s)
[08:22:49]     settle  6: 248 @   1205 d -> ok lintwin tank 664.4 (+10.2) miss 62 km (1.6 s)
[08:22:49]     settle  4:  35 @   1167 d -> ok lintwin tank 656.9 (+38.8) miss 57 km (1.2 s)
[08:22:50]     settle 11: 235 @   1492 d -> ok lintwin tank 815.0 (+29.8) miss 0 km (2.6 s)
[08:22:50]     settle  9:  35 @   1581 d -> ok lintwin tank 774.1 (+58.5) miss 68 km (3.7 s)
[08:22:51]     settle  4: 128 @   1471 d -> ok lintwin tank 666.9 (+48.9) miss 79 km (1.6 s)
[08:22:51]     settle  6: 294 @   1150 d -> ok lintwin tank 735.0 (+80.8) miss 0 km (1.8 s)
[08:22:51]     settle  6: 293 @   1269 d -> ok lintwin tank 672.4 (+18.3) miss 87 km (0.7 s)
[08:22:52]     settle  9:  57 @   1465 d -> ok lintwin tank 744.4 (+23.2) miss 84 km (1.0 s)
[08:22:53]     settle  9: 167 @   1530 d -> ok lam tank 848.2 (+97.4) miss 4 km (6.5 s)
[08:22:53]     settle 12:  79 @   1566 d -> ok lintwin tank 894.4 (+79.5) miss 50 km (3.1 s)
[08:22:53]     settle  7: 221 @   1470 d -> ok lintwin tank 677.3 (+4.9) miss 75 km (1.7 s)
[08:22:53] RESULT s02_c1: 16 columns; frontier 1fb 0 kg p1/3 | 2fb 5 kg p0/2 | 3fb 22 kg p0/2 | 4fb 134 kg p0/0; settles 25 (25 ok), regrids 16 (16 ok); wall 120 s of 300 (plan 77, price 1, settle 42; budget hit None, 0 unsettled)
[08:22:54]     settle  5: 137 @   1616 d -> ok lintwin tank 700.3 (+33.3) miss 89 km (3.0 s)
[08:22:54] plan: 1817 states, depth 14 new flybys, end plan_done (120 s); deepest 14 new to 2667 d at planner fuel 586 kg
[08:22:54]   depth  1:  189 states (170 in H), t_end 1080-1751 d, fuel 180-281 kg
[08:22:54]   depth  2:  150 states (126 in H), t_end 1162-1996 d, fuel 203-305 kg
[08:22:54]   depth  3:  150 states (91 in H), t_end 1339-2180 d, fuel 244-340 kg
[08:22:54]   depth  4:  150 states (4 in H), t_end 1517-2216 d, fuel 268-380 kg
[08:22:54]   depth  5:  150 states (0 in H), t_end 1647-2366 d, fuel 321-422 kg
[08:22:54]   depth  6:  150 states (0 in H), t_end 1734-2646 d, fuel 346-423 kg
[08:22:54]   depth  7:  150 states (0 in H), t_end 1818-2699 d, fuel 368-456 kg
[08:22:54]   depth  8:  150 states (0 in H), t_end 1883-2698 d, fuel 404-492 kg
[08:22:54]   depth  9:  150 states (0 in H), t_end 1996-2697 d, fuel 413-523 kg
[08:22:54]   depth 10:  150 states (0 in H), t_end 2213-2699 d, fuel 438-540 kg
[08:22:54]   depth 11:  150 states (0 in H), t_end 2281-2699 d, fuel 475-563 kg
[08:22:54]   depth 12:  110 states (0 in H), t_end 2444-2688 d, fuel 502-591 kg
[08:22:54]   depth 13:   17 states (0 in H), t_end 2493-2681 d, fuel 540-601 kg
[08:22:54]   depth 14:    1 states (0 in H), t_end 2667-2667 d, fuel 586-586 kg
[08:22:54] candidates: 225 distinct committed target sets (n_new 1-4, potential 0-4)
[08:22:54] frontier: 16 candidates chosen (n fb / committed planner kg / continuation (lookahead) [full]; pot_mode lookahead, pot_cap None): 1fb/180kg/p0(0)[0], 1fb/188kg/p0(0)[0], 1fb/197kg/p3(0)[3], 1fb/232kg/p4(2)[4], 1fb/240kg/p7(4)[7], 1fb/257kg/p4(2)[4], 2fb/203kg/p1(1)[1], 2fb/209kg/p0(0)[0], 2fb/268kg/p6(4)[6], 2fb/278kg/p5(3)[5], 3fb/245kg/p0(0)[0], 3fb/253kg/p0(0)[0], 3fb/300kg/p5(4)[5], 4fb/317kg/p0(0)[0], 4fb/324kg/p4(4)[4], 4fb/342kg/p3(3)[3]
[08:22:54] budget: 180 s of 300 left for the settles + regrids (settle_wall 480)
[08:22:54]   job s02_c1 craft columns  16  levels 9  settles 25/25  end plan_done  wall 119.7 s
[08:22:55]     settle  5:  42 @   1173 d -> FAIL [('lam', 35662329.2)] (8.9 s)
[08:22:55]     settle  7: 248 @   1132 d -> ok lintwin tank 762.2 (+91.0) miss 0 km (2.9 s)
[08:22:55]     settle  8: 138 @   1437 d -> ok lintwin tank 685.4 (+12.7) miss 73 km (1.0 s)
[08:22:55]     settle  5: 191 @   1539 d -> ok lintwin tank 680.2 (+3.6) miss 41 km (1.4 s)
[08:22:56]     settle  4: 238 @   1297 d -> ok lintwin tank 631.3 (+13.2) miss 9 km (1.8 s)
[08:22:56]     settle  5: 223 @   1395 d -> ok lintwin tank 639.7 (+8.4) miss 6 km (0.6 s)
[08:22:56]     settle  9:  95 @   1573 d -> ok lintwin tank 709.4 (+24.0) miss 65 km (1.2 s)
[08:22:57]     settle  5: 223 @   1395 d -> ok lintwin tank 638.4 (+1.9) miss 4 km (0.2 s)
[08:22:57] RESULT s02_c3: 16 columns; frontier 1fb 6 kg p0/3 | 2fb 17 kg p0/3 | 3fb 27 kg p0/1; settles 20 (20 ok), regrids 16 (16 ok); wall 123 s of 300 (plan 78, price 1, settle 45; budget hit None, 0 unsettled)
[08:22:57]     settle  5: 292 @   1436 d -> ok lintwin tank 681.1 (+4.5) miss 85 km (1.4 s)
[08:22:58]     settle  8:  41 @   1207 d -> ok lintwin tank 737.9 (+-24.2) miss 0 km (2.9 s)
[08:22:58]   job s02_c3 craft columns  16  levels 9  settles 20/20  end plan_done  wall 123.2 s
[08:22:59]     settle  5: 258 @   1399 d -> ok lintwin tank 681.3 (+13.9) miss 78 km (1.9 s)
[08:22:59]     settle  7: 132 @   1429 d -> FAIL [('lam', 14230524.1)] (5.4 s)
[08:22:59]     settle  5: 242 @   1097 d -> ok lintwin tank 692.1 (+15.5) miss 3 km (1.9 s)
[08:22:59]     settle  7: 138 @   1441 d -> ok lintwin tank 670.6 (+4.8) miss 39 km (0.5 s)
[08:23:00]     settle  9:  45 @   1355 d -> ok lintwin tank 862.3 (+124.3) miss 3 km (2.6 s)
[08:23:02]     settle  6: 137 @   1619 d -> ok lintwin tank 748.2 (+66.9) miss 70 km (2.7 s)
[08:23:02]     settle  4:  17 @   1311 d -> ok lintwin tank 628.8 (+10.8) miss 70 km (0.4 s)
[08:23:03]     settle  5: 258 @   1399 d -> ok lintwin tank 631.5 (+2.6) miss 4 km (0.5 s)
[08:23:03]     settle  5:  58 @   1170 d -> ok lintwin tank 679.5 (+2.9) miss 99 km (2.0 s)
[08:23:03]     settle  6: 137 @   1619 d -> ok lintwin tank 641.3 (+9.8) miss 1 km (0.5 s)
[08:23:04]     settle  6:  76 @   1455 d -> ok lintwin tank 653.3 (+14.9) miss 28 km (0.4 s)
[08:23:04]     settle  5: 212 @   1179 d -> FAIL [('lin', 72399.1), ('lam', 10201.1)] (9.5 s)
[08:23:05]     settle  5: 252 @   1155 d -> ok lintwin tank 654.8 (+5.3) miss 93 km (0.3 s)
[08:23:05]     settle  5: 212 @   1139 d -> ok lintwin tank 690.2 (+13.6) miss 81 km (2.1 s)
[08:23:06]     settle  5: 138 @   1439 d -> ok lintwin tank 657.9 (+8.4) miss 61 km (0.6 s)
[08:23:06]     settle  5: 223 @   1392 d -> ok lintwin tank 679.0 (+11.6) miss 65 km (2.0 s)
[08:23:07]     settle  5:  89 @   1151 d -> ok lintwin tank 740.5 (+63.9) miss 72 km (1.7 s)
[08:23:08]     settle  6:  65 @   1492 d -> ok lintwin tank 691.8 (+12.8) miss 58 km (1.8 s)
[08:23:09]     settle  5: 114 @   1180 d -> ok lintwin tank 679.0 (+2.4) miss 79 km (2.0 s)
[08:23:11]     settle  7: 137 @   1620 d -> ok lintwin tank 761.3 (+69.4) miss 73 km (2.7 s)
[08:23:11]     settle  6: 136 @   1517 d -> ok lintwin tank 688.1 (+9.1) miss 72 km (1.7 s)
[08:23:12]     settle  5: 258 @   1367 d -> ok lintwin tank 660.1 (+3.2) miss 73 km (1.2 s)
[08:23:13]     settle  5: 286 @   1122 d -> ok lintwin tank 710.8 (+34.2) miss 0 km (1.7 s)
[08:23:13]   drift: leg 286@1122 d settled outside (T, T+H] -> column cut at 0
[08:23:13]     settle  5:  35 @   1165 d -> FAIL [('lam', 50201824.2)] (7.3 s)
[08:23:14]     settle  5:   6 @   1314 d -> ok lintwin tank 644.3 (+-5.2) miss 95 km (0.3 s)
[08:23:14]     settle  7: 132 @   1434 d -> FAIL [('lam', 8197508.7)] (14.1 s)
[08:23:14]     settle  6: 138 @   1439 d -> ok lintwin tank 669.6 (+9.4) miss 59 km (1.7 s)
[08:23:15]     settle  6: 116 @   1349 d -> ok lintwin tank 701.7 (+11.5) miss 72 km (2.0 s)
[08:23:15]     settle 10: 209 @   1520 d -> FAIL [('lam', 1720929.8)] (14.6 s)
[08:23:16]     settle  5: 220 @   1313 d -> ok lintwin tank 674.1 (+24.6) miss 95 km (1.7 s)
[08:23:16]     settle  7: 141 @   1375 d -> ok lintwin tank 776.6 (+41.7) miss 6 km (1.9 s)
[08:23:16]     settle  8: 140 @   1342 d -> ok lintwin tank 698.3 (+7.1) miss 9 km (0.3 s)
[08:23:16]     settle  6: 274 @   1427 d -> ok lintwin tank 663.5 (+-10.6) miss 96 km (0.4 s)
[08:23:16]     settle  7:  99 @   1608 d -> ok lintwin tank 695.0 (+25.4) miss 79 km (2.3 s)
[08:23:17]     settle  9: 116 @   1429 d -> ok lintwin tank 722.0 (+23.8) miss 4 km (0.6 s)
[08:23:17] RESULT s02_c6: 16 columns; frontier 1fb 1 kg p0/4 | 2fb 20 kg p3/3 | 3fb 23 kg p0/3 | 4fb 77 kg p2/2; settles 25 (25 ok), regrids 16 (16 ok); wall 143 s of 300 (plan 105, price 1, settle 38; budget hit None, 0 unsettled)
[08:23:17]     settle 10:  68 @   1550 d -> ok lintwin tank 733.6 (+11.5) miss 16 km (0.5 s)
[08:23:18]     settle  6: 189 @   1214 d -> ok lintwin tank 715.6 (+25.4) miss 3 km (2.3 s)
[08:23:18]     settle 10: 167 @   1535 d -> ok lintwin tank 761.9 (+17.5) miss 7 km (0.3 s)
[08:23:18]   job s02_c6 craft columns  16  levels 13  settles 25/25  end plan_done  wall 142.9 s
[08:23:19]     settle  8: 137 @   1615 d -> ok lam tank 796.3 (+19.7) miss 9 km (3.2 s)
[08:23:19]   drift: leg 137@1615 d settled outside (T, T+H] -> column cut at 2
[08:23:19]     settle 11: 253 @   1594 d -> ok lintwin tank 760.6 (+-1.3) miss 58 km (1.3 s)
[08:23:19] RESULT s02_c0: 16 columns; frontier 1fb 1 kg p0/3 | 2fb 9 kg p0/2 | 3fb 49 kg p0/2 | 4fb 62 kg p2/2 | 5fb 89 kg p2/2; settles 26 (24 ok), regrids 16 (16 ok); wall 146 s of 300 (plan 92, price 1, settle 53; budget hit None, 0 unsettled)
[08:23:20]   3 candidates dropped (settle failure / regrid failure / duplicate after truncation)
[08:23:20] RESULT s02_c4: 13 columns; frontier 1fb 2 kg p0/3 | 2fb 16 kg p3/3; settles 18 (15 ok), regrids 13 (13 ok); wall 146 s of 300 (plan 95, price 0, settle 51; budget hit None, 0 unsettled)
[08:23:20]     settle  5: 158 @   1250 d -> ok lintwin tank 686.2 (+9.6) miss 1 km (2.1 s)
[08:23:20]   job s02_c0 craft columns  16  levels 11  settles 24/26  end plan_done  wall 145.7 s
[08:23:20]   job s02_c4 craft columns  13  levels 11  settles 15/18  end plan_done  wall 146.0 s
[08:23:22]     settle  6: 250 @   1362 d -> ok lintwin tank 691.7 (+5.5) miss 67 km (1.8 s)
[08:23:23]     settle  7:  33 @   1527 d -> ok lintwin tank 706.9 (+15.2) miss 5 km (1.7 s)
[08:23:23]     settle  6: 269 @   1232 d -> FAIL [('lam', 647945.6)] (7.1 s)
[08:23:24]     settle  6: 258 @   1375 d -> ok lintwin tank 665.2 (+10.4) miss 97 km (0.3 s)
[08:23:25]     settle  6: 201 @   1284 d -> ok lintwin tank 708.6 (+29.5) miss 87 km (1.6 s)
[08:23:26]     settle  6: 258 @   1395 d -> ok lam tank 661.9 (+7.1) miss 74 km (2.2 s)
[08:23:27]     settle  7:  33 @   1528 d -> ok lintwin tank 715.4 (+6.9) miss 73 km (1.4 s)
[08:23:28]     settle  7: 167 @   1534 d -> ok lintwin tank 718.6 (+16.8) miss 84 km (1.7 s)
[08:23:29]     settle  7:  36 @   1491 d -> ok lam tank 666.1 (+4.2) miss 97 km (2.7 s)
[08:23:30]     settle  6: 117 @   1267 d -> ok lintwin tank 691.7 (+-0.4) miss 81 km (1.6 s)
[08:23:31]   regrid FAIL (3 fb: miss 45777 km, None, 1.9 s) -> column dropped
[08:23:32]     settle  7: 116 @   1367 d -> ok lintwin tank 712.4 (+20.7) miss 71 km (1.4 s)
[08:23:33]     settle  8: 294 @   1517 d -> ok lintwin tank 715.3 (+2.9) miss 77 km (1.3 s)
[08:23:34]     settle  8: 222 @   1575 d -> ok lintwin tank 739.6 (+21.0) miss 76 km (1.1 s)
[08:23:36]     settle  7: 116 @   1354 d -> ok lintwin tank 725.9 (+10.2) miss 55 km (1.1 s)
[08:23:38]     settle  8: 167 @   1534 d -> ok lintwin tank 748.8 (+22.9) miss 77 km (2.0 s)
[08:23:38]   1 candidates dropped (settle failure / regrid failure / duplicate after truncation)
[08:23:38] RESULT s02_c5: 15 columns; frontier 1fb 3 kg p2/4 | 2fb 12 kg p1/4 | 3fb 30 kg p0/4 | 4fb 39 kg p0/4; settles 23 (23 ok), regrids 15 (15 ok); wall 164 s of 300 (plan 120, price 1, settle 44; budget hit None, 0 unsettled)
[08:23:38]   job s02_c5 craft columns  15  levels 14  settles 23/23  end plan_done  wall 164.3 s
[08:23:39]     settle  7: 138 @   1439 d -> FAIL [('lam', 302757.3)] (8.1 s)
[08:23:39]   10 candidates dropped (settle failure / regrid failure / duplicate after truncation)
[08:23:39] RESULT s02_c7: 6 columns; frontier 1fb -5 kg p2/4 | 2fb 14 kg p0/4; settles 19 (9 ok), regrids 7 (6 ok); wall 165 s of 300 (plan 110, price 0, settle 55; budget hit None, 0 unsettled)
[08:23:40]   job s02_c7 craft columns   6  levels 13  settles 9/19  end plan_done  wall 165.2 s
[08:23:40] [slice 2] propose: 114 columns (0 bad dropped) in 166.7 s
[08:23:40] [slice 2] auction: 114 columns, kept 107, dropped {'ramp': 7}; lam 0.30 H_eff 540 d fuel budget 482 kg quota on
[08:23:40] [slice 2] auction: status optimal objective 34.250 vars 107 rows 47 chosen 8 fuel 383/482 kg (0.015 s)
[08:23:42] [slice 2 T=1080 d] launched 8/8  covered 64  remaining 234  fuel 908 kg  sumJi 8.7065  chosen: c0:5(+89) c1:3(+24) c2:3(+21) c3:1(+20) c4:2(+122) c5:2(+25) c6:4(+77) c7:1(+5)  rejected: -  (wall 169 s)
[08:23:42] [slice 3 T=1620 d] propose: 8 jobs (8 craft, 0 root) on 9 workers, proposer planbeam, H_eff 540 d, lam 0.3
[08:23:42] job s03_c1 (craft, craft 1, planbeam): T 1620 d H 540 L 360; plan horizon 3240 d; remaining 234; prize >1 on 48; width 150 npt 6 mc 150 dv 1.2 drmax 0.15 plan_wall 240 s; quota {'fil': 7, 'med': 16}
[08:23:42] job s03_c2 (craft, craft 2, planbeam): T 1620 d H 540 L 360; plan horizon 3240 d; remaining 234; prize >1 on 48; width 150 npt 6 mc 150 dv 1.2 drmax 0.15 plan_wall 240 s; quota {'fil': 6, 'med': 16}
[08:23:42] job s03_c0 (craft, craft 0, planbeam): T 1620 d H 540 L 360; plan horizon 3240 d; remaining 234; prize >1 on 48; width 150 npt 6 mc 150 dv 1.2 drmax 0.15 plan_wall 240 s; quota {'fil': 9, 'med': 16}
[08:23:42] job s03_c3 (craft, craft 3, planbeam): T 1620 d H 540 L 360; plan horizon 3240 d; remaining 234; prize >1 on 48; width 150 npt 6 mc 150 dv 1.2 drmax 0.15 plan_wall 240 s; quota {'fil': 10, 'med': 15}
[08:23:42] job s03_c5 (craft, craft 5, planbeam): T 1620 d H 540 L 360; plan horizon 3240 d; remaining 234; prize >1 on 48; width 150 npt 6 mc 150 dv 1.2 drmax 0.15 plan_wall 240 s; quota {'fil': 11, 'med': 16}
[08:23:42] job s03_c6 (craft, craft 6, planbeam): T 1620 d H 540 L 360; plan horizon 3240 d; remaining 234; prize >1 on 48; width 150 npt 6 mc 150 dv 1.2 drmax 0.15 plan_wall 240 s; quota {'fil': 9, 'med': 17}
[08:23:42] job s03_c4 (craft, craft 4, planbeam): T 1620 d H 540 L 360; plan horizon 3240 d; remaining 234; prize >1 on 48; width 150 npt 6 mc 150 dv 1.2 drmax 0.15 plan_wall 240 s; quota {'fil': 9, 'med': 16}
[08:23:42] job s03_c7 (craft, craft 7, planbeam): T 1620 d H 540 L 360; plan horizon 3240 d; remaining 234; prize >1 on 48; width 150 npt 6 mc 150 dv 1.2 drmax 0.15 plan_wall 240 s; quota {'fil': 10, 'med': 17}
[08:23:43] prefix slices/s03/in/craft_7.npz: 5 flybys, t_end 1155.5 d, tank 654.8 kg (planner view), miss 99.6 km, nreg 47
[08:23:43] budget: job_wall 300 s, 300 s left before the plan -> plan cap 210 s (plan_wall 240, settle_reserve 90)
[08:23:43] prefix slices/s03/in/craft_5.npz: 6 flybys, t_end 1341.1 d, tank 701.7 kg (planner view), miss 1.2 km, nreg 60
[08:23:43] prefix slices/s03/in/craft_4.npz: 7 flybys, t_end 1381.6 d, tank 776.0 kg (planner view), miss 29.7 km, nreg 64
[08:23:43] budget: job_wall 300 s, 300 s left before the plan -> plan cap 210 s (plan_wall 240, settle_reserve 90)
[08:23:43] budget: job_wall 300 s, 300 s left before the plan -> plan cap 210 s (plan_wall 240, settle_reserve 90)
[08:23:43] prefix slices/s03/in/craft_3.npz: 7 flybys, t_end 1392.6 d, tank 684.5 kg (planner view), miss 4.3 km, nreg 66
[08:23:43] budget: job_wall 300 s, 300 s left before the plan -> plan cap 210 s (plan_wall 240, settle_reserve 90)
[08:23:43] prefix slices/s03/in/craft_6.npz: 7 flybys, t_end 1612.4 d, tank 694.8 kg (planner view), miss 49.6 km, nreg 72
[08:23:43] budget: job_wall 300 s, 300 s left before the plan -> plan cap 210 s (plan_wall 240, settle_reserve 90)
[08:23:43] prefix slices/s03/in/craft_1.npz: 11 flybys, t_end 1618.5 d, tank 727.5 kg (planner view), miss 0.4 km, nreg 80
[08:23:43] budget: job_wall 300 s, 300 s left before the plan -> plan cap 210 s (plan_wall 240, settle_reserve 90)
[08:23:43] prefix slices/s03/in/craft_2.npz: 10 flybys, t_end 1494.9 d, tank 707.8 kg (planner view), miss 0.4 km, nreg 73
[08:23:43] budget: job_wall 300 s, 300 s left before the plan -> plan cap 210 s (plan_wall 240, settle_reserve 90)
[08:23:43] prefix slices/s03/in/craft_0.npz: 11 flybys, t_end 1593.5 d, tank 760.5 kg (planner view), miss 0.2 km, nreg 82
[08:23:43] budget: job_wall 300 s, 300 s left before the plan -> plan cap 210 s (plan_wall 240, settle_reserve 90)
[08:23:52] first level (both): 0 production + 48 relaxed (dv 2.5, 0.3 AU; 0.1 s) + 0 lintwin children -> 40 unique (9.5 s)
[08:23:52] plan start: prefix 7 flybys, t_end 1381.6 d, planner mass 1240.2 kg (dv 9.994 km/s); 40 first-level states
[08:23:54] first level (both): 0 production + 100 relaxed (dv 2.5, 0.3 AU; 0.1 s) + 69 lintwin children -> 128 unique (11.3 s)
[08:23:54] plan start: prefix 7 flybys, t_end 1392.6 d, planner mass 1405.9 kg (dv 5.072 km/s); 128 first-level states
[08:23:54] first level (both): 0 production + 10 relaxed (dv 2.5, 0.3 AU; 0.1 s) + 112 lintwin children -> 118 unique (11.7 s)
[08:23:54] plan start: prefix 5 flybys, t_end 1155.5 d, planner mass 1469.8 kg (dv 3.331 km/s); 118 first-level states
[08:23:54] first level (both): 0 production + 65 relaxed (dv 2.5, 0.3 AU; 0.1 s) + 103 lintwin children -> 142 unique (11.7 s)
[08:23:54] plan start: prefix 6 flybys, t_end 1341.1 d, planner mass 1371.6 kg (dv 6.043 km/s); 142 first-level states
[08:23:54] first level (both): 0 production + 81 relaxed (dv 2.5, 0.3 AU; 0.1 s) + 88 lintwin children -> 130 unique (11.8 s)
[08:23:54] plan start: prefix 7 flybys, t_end 1612.4 d, planner mass 1385.1 kg (dv 5.658 km/s); 130 first-level states
[08:23:55] first level (both): 0 production + 146 relaxed (dv 2.5, 0.3 AU; 0.1 s) + 84 lintwin children -> 164 unique (12.1 s)
[08:23:55] plan start: prefix 11 flybys, t_end 1618.5 d, planner mass 1322.9 kg (dv 7.460 km/s); 164 first-level states
[08:23:55] first level (both): 0 production + 50 relaxed (dv 2.5, 0.3 AU; 0.1 s) + 70 lintwin children -> 98 unique (12.8 s)
[08:23:55] plan start: prefix 10 flybys, t_end 1494.9 d, planner mass 1359.8 kg (dv 6.382 km/s); 98 first-level states
[08:23:56] first level (both): 0 production + 109 relaxed (dv 2.5, 0.3 AU; 0.1 s) + 65 lintwin children -> 126 unique (13.8 s)
[08:23:56] plan start: prefix 11 flybys, t_end 1593.5 d, planner mass 1265.6 kg (dv 9.198 km/s); 126 first-level states
[08:25:29] plan: 1133 states, depth 10 new flybys, end plan_done (107 s); deepest 10 new to 3235 d at planner fuel 647 kg
[08:25:29]   depth  1:   40 states (40 in H), t_end 1656-1982 d, fuel 376-445 kg
[08:25:29]   depth  2:  150 states (127 in H), t_end 1762-2342 d, fuel 390-481 kg
[08:25:29]   depth  3:  150 states (52 in H), t_end 2004-2352 d, fuel 420-511 kg
[08:25:29]   depth  4:  150 states (2 in H), t_end 2116-2863 d, fuel 445-546 kg
[08:25:29]   depth  5:  150 states (0 in H), t_end 2336-3172 d, fuel 506-573 kg
[08:25:29]   depth  6:  150 states (0 in H), t_end 2465-3240 d, fuel 519-603 kg
[08:25:29]   depth  7:  150 states (0 in H), t_end 2812-3237 d, fuel 560-633 kg
[08:25:29]   depth  8:  150 states (0 in H), t_end 2901-3239 d, fuel 597-657 kg
[08:25:29]   depth  9:   36 states (0 in H), t_end 3016-3237 d, fuel 611-675 kg
[08:25:29]   depth 10:    7 states (0 in H), t_end 3176-3237 d, fuel 647-679 kg
[08:25:29] candidates: 133 distinct committed target sets (n_new 1-4, potential 0-2)
[08:25:29] frontier: 16 candidates chosen (n fb / committed planner kg / continuation (lookahead) [full]; pot_mode lookahead, pot_cap None): 1fb/384kg/p1(1)[1], 1fb/386kg/p3(2)[3], 1fb/390kg/p5(2)[5], 1fb/405kg/p2(0)[2], 1fb/427kg/p4(2)[4], 1fb/428kg/p3(1)[3], 1fb/430kg/p3(1)[3], 1fb/442kg/p4(2)[4], 2fb/403kg/p2(2)[2], 2fb/407kg/p1(1)[1], 2fb/421kg/p4(2)[4], 3fb/426kg/p0(0)[0], 3fb/429kg/p0(0)[0], 3fb/461kg/p3(2)[3], 4fb/494kg/p2(2)[2], 4fb/542kg/p0(0)[0]
[08:25:29] budget: 193 s of 300 left for the settles + regrids (settle_wall 480)
[08:25:30] plan: 1215 states, depth 10 new flybys, end plan_done (107 s); deepest 10 new to 3230 d at planner fuel 497 kg
[08:25:30]   depth  1:   98 states (91 in H), t_end 1627-2238 d, fuel 248-341 kg
[08:25:30]   depth  2:  150 states (144 in H), t_end 1793-2384 d, fuel 267-373 kg
[08:25:30]   depth  3:  150 states (73 in H), t_end 1907-2853 d, fuel 291-408 kg
[08:25:30]   depth  4:  150 states (7 in H), t_end 2118-3203 d, fuel 322-445 kg
[08:25:30]   depth  5:  150 states (0 in H), t_end 2452-3239 d, fuel 340-463 kg
[08:25:30]   depth  6:  150 states (0 in H), t_end 2610-3240 d, fuel 372-471 kg
[08:25:30]   depth  7:  150 states (0 in H), t_end 2770-3237 d, fuel 401-504 kg
[08:25:30]   depth  8:  150 states (0 in H), t_end 2860-3231 d, fuel 429-510 kg
[08:25:30]   depth  9:   57 states (0 in H), t_end 2989-3231 d, fuel 455-527 kg
[08:25:30]   depth 10:   10 states (0 in H), t_end 3164-3231 d, fuel 497-523 kg
[08:25:30] candidates: 185 distinct committed target sets (n_new 1-4, potential 0-3)
[08:25:30] frontier: 16 candidates chosen (n fb / committed planner kg / continuation (lookahead) [full]; pot_mode lookahead, pot_cap None): 1fb/255kg/p0(0)[0], 1fb/259kg/p3(1)[3], 1fb/267kg/p3(2)[3], 1fb/273kg/p3(1)[3], 1fb/285kg/p4(3)[4], 1fb/298kg/p4(2)[4], 1fb/307kg/p4(2)[4], 2fb/274kg/p1(1)[1], 2fb/281kg/p0(0)[0], 2fb/318kg/p3(2)[3], 3fb/295kg/p1(1)[1], 3fb/317kg/p0(0)[0], 3fb/357kg/p2(2)[2], 4fb/378kg/p0(0)[0], 4fb/379kg/p0(0)[0], 4fb/385kg/p0(0)[0]
[08:25:30] budget: 193 s of 300 left for the settles + regrids (settle_wall 480)
[08:25:31]     settle 11:  83 @   2053 d -> ok lintwin tank 715.5 (+7.7) miss 29 km (1.1 s)
[08:25:33]     settle 11:  10 @   1749 d -> ok lintwin tank 720.5 (+12.7) miss 35 km (1.1 s)
[08:25:33]     settle  8:  91 @   1932 d -> ok lin tank 787.3 (+11.3) miss 39 km (3.9 s)
[08:25:35]     settle 11: 148 @   1983 d -> ok lintwin tank 714.1 (+6.3) miss 81 km (1.4 s)
[08:25:36]     settle 11: 233 @   1707 d -> ok lintwin tank 724.4 (+16.6) miss 29 km (0.4 s)
[08:25:38] plan: 1214 states, depth 10 new flybys, end plan_done (115 s); deepest 10 new to 3239 d at planner fuel 518 kg
[08:25:38]   depth  1:  130 states (112 in H), t_end 1642-2253 d, fuel 221-316 kg
[08:25:38]   depth  2:  150 states (108 in H), t_end 1934-2440 d, fuel 225-354 kg
[08:25:38]   depth  3:  150 states (25 in H), t_end 2054-2973 d, fuel 257-378 kg
[08:25:38]   depth  4:  150 states (0 in H), t_end 2254-3240 d, fuel 284-409 kg
[08:25:38]   depth  5:  150 states (0 in H), t_end 2307-3237 d, fuel 321-435 kg
[08:25:38]   depth  6:  150 states (0 in H), t_end 2709-3235 d, fuel 339-469 kg
[08:25:38]   depth  7:  150 states (0 in H), t_end 2837-3236 d, fuel 390-496 kg
[08:25:38]   depth  8:  136 states (0 in H), t_end 2979-3240 d, fuel 438-524 kg
[08:25:38]   depth  9:   43 states (0 in H), t_end 3138-3239 d, fuel 462-559 kg
[08:25:38]   depth 10:    5 states (0 in H), t_end 3234-3239 d, fuel 518-560 kg
[08:25:38] candidates: 114 distinct committed target sets (n_new 1-3, potential 0-3)
[08:25:38] frontier: 16 candidates chosen (n fb / committed planner kg / continuation (lookahead) [full]; pot_mode lookahead, pot_cap None): 1fb/223kg/p2(1)[2], 1fb/224kg/p0(0)[0], 1fb/234kg/p3(2)[3], 1fb/248kg/p3(2)[3], 1fb/250kg/p4(2)[4], 1fb/272kg/p4(3)[4], 1fb/278kg/p3(2)[3], 1fb/289kg/p3(2)[3], 1fb/296kg/p4(2)[4], 1fb/313kg/p3(2)[3], 2fb/225kg/p1(1)[1], 2fb/231kg/p0(0)[0], 2fb/290kg/p3(2)[3], 3fb/275kg/p0(0)[0], 3fb/276kg/p0(0)[0], 3fb/315kg/p2(2)[2]
[08:25:38] budget: 185 s of 300 left for the settles + regrids (settle_wall 480)
[08:25:38]     settle 11: 151 @   1791 d -> ok lintwin tank 731.5 (+23.8) miss 26 km (1.7 s)
[08:25:38] plan: 1218 states, depth 9 new flybys, end plan_done (116 s); deepest 9 new to 3157 d at planner fuel 523 kg
[08:25:38]   depth  1:  164 states (151 in H), t_end 1622-2252 d, fuel 279-370 kg
[08:25:38]   depth  2:  150 states (100 in H), t_end 1868-2370 d, fuel 285-402 kg
[08:25:38]   depth  3:  150 states (24 in H), t_end 1988-2795 d, fuel 350-431 kg
[08:25:38]   depth  4:  150 states (0 in H), t_end 2224-3153 d, fuel 371-469 kg
[08:25:38]   depth  5:  150 states (0 in H), t_end 2316-3154 d, fuel 400-499 kg
[08:25:38]   depth  6:  150 states (0 in H), t_end 2682-3239 d, fuel 425-526 kg
[08:25:38]   depth  7:  150 states (0 in H), t_end 2845-3239 d, fuel 459-555 kg
[08:25:38]   depth  8:  129 states (0 in H), t_end 3070-3240 d, fuel 482-586 kg
[08:25:38]   depth  9:   25 states (0 in H), t_end 3152-3240 d, fuel 523-600 kg
[08:25:38] candidates: 136 distinct committed target sets (n_new 1-3, potential 0-2)
[08:25:38] frontier: 16 candidates chosen (n fb / committed planner kg / continuation (lookahead) [full]; pot_mode lookahead, pot_cap None): 1fb/279kg/p0(0)[0], 1fb/280kg/p0(0)[0], 1fb/308kg/p2(0)[2], 1fb/314kg/p2(1)[2], 1fb/321kg/p2(1)[2], 1fb/328kg/p2(0)[2], 1fb/334kg/p2(0)[2], 1fb/339kg/p4(2)[4], 1fb/349kg/p2(2)[2], 1fb/351kg/p4(2)[4], 2fb/307kg/p0(0)[0], 2fb/312kg/p0(0)[0], 2fb/374kg/p3(2)[3], 3fb/364kg/p0(0)[0], 3fb/368kg/p0(0)[0], 3fb/386kg/p2(2)[2]
[08:25:38] budget: 184 s of 300 left for the settles + regrids (settle_wall 480)
[08:25:38]     settle  8: 289 @   1822 d -> ok lam tank 792.6 (+16.5) miss 27 km (4.3 s)
[08:25:39]     settle  8: 189 @   1875 d -> ok lintwin tank 697.8 (+2.9) miss 62 km (1.4 s)
[08:25:40]     settle 11:  24 @   1837 d -> ok lintwin tank 739.9 (+32.1) miss 72 km (1.9 s)
[08:25:42]     settle  8: 102 @   2098 d -> ok lintwin tank 698.2 (+3.4) miss 68 km (2.3 s)
[08:25:42]     settle 11: 262 @   1627 d -> ok lintwin tank 735.5 (+27.7) miss 33 km (0.9 s)
[08:25:42]     settle 12: 296 @   1858 d -> ok lintwin tank 729.0 (+1.5) miss 52 km (4.2 s)
[08:25:43]     settle 11: 180 @   1983 d -> ok lintwin tank 723.0 (+15.3) miss 46 km (0.7 s)
[08:25:44]     settle 12: 236 @   2105 d -> ok lintwin tank 724.2 (+1.2) miss 28 km (0.8 s)
[08:25:45]     settle  8: 245 @   1675 d -> ok lintwin tank 795.3 (+19.3) miss 42 km (4.5 s)
[08:25:45]     settle 12: 198 @   1902 d -> ok lintwin tank 728.9 (+1.4) miss 88 km (2.3 s)
[08:25:45]     settle  8: 222 @   1920 d -> ok lintwin tank 703.7 (+8.9) miss 78 km (2.9 s)
[08:25:46]     settle 12: 147 @   2003 d -> ok lintwin tank 727.1 (+6.6) miss 34 km (1.0 s)
[08:25:46] plan: 1393 states, depth 10 new flybys, end plan_done (123 s); deepest 10 new to 3230 d at planner fuel 462 kg
[08:25:46]   depth  1:  118 states (105 in H), t_end 1621-2229 d, fuel 130-236 kg
[08:25:46]   depth  2:  150 states (124 in H), t_end 1699-2600 d, fuel 142-281 kg
[08:25:46]   depth  3:  150 states (72 in H), t_end 1913-2818 d, fuel 172-303 kg
[08:25:46]   depth  4:  150 states (10 in H), t_end 2071-3209 d, fuel 215-341 kg
[08:25:46]   depth  5:  150 states (0 in H), t_end 2246-3239 d, fuel 233-376 kg
[08:25:46]   depth  6:  150 states (0 in H), t_end 2432-3240 d, fuel 287-411 kg
[08:25:46]   depth  7:  150 states (0 in H), t_end 2516-3240 d, fuel 328-447 kg
[08:25:46]   depth  8:  150 states (0 in H), t_end 2807-3239 d, fuel 354-478 kg
[08:25:46]   depth  9:  146 states (0 in H), t_end 2928-3238 d, fuel 421-510 kg
[08:25:46]   depth 10:   79 states (0 in H), t_end 3110-3237 d, fuel 462-527 kg
[08:25:46] candidates: 212 distinct committed target sets (n_new 1-4, potential 0-3)
[08:25:46] frontier: 16 candidates chosen (n fb / committed planner kg / continuation (lookahead) [full]; pot_mode lookahead, pot_cap None): 1fb/130kg/p2(1)[2], 1fb/130kg/p1(1)[1], 1fb/168kg/p4(1)[4], 1fb/186kg/p4(2)[4], 1fb/190kg/p4(1)[4], 1fb/209kg/p6(3)[6], 1fb/236kg/p5(2)[5], 2fb/142kg/p0(0)[0], 2fb/144kg/p0(0)[0], 2fb/231kg/p5(3)[5], 3fb/208kg/p0(0)[0], 3fb/208kg/p0(0)[0], 3fb/277kg/p4(3)[4], 4fb/259kg/p1(1)[1], 4fb/279kg/p1(1)[1], 4fb/319kg/p3(3)[3]
[08:25:46] budget: 177 s of 300 left for the settles + regrids (settle_wall 480)
[08:25:47]     settle 12: 205 @   1816 d -> ok lintwin tank 742.5 (+15.1) miss 67 km (1.0 s)
[08:25:47]     settle  8:   4 @   1882 d -> ok lintwin tank 699.2 (+4.3) miss 71 km (1.6 s)
[08:25:47]     settle 12: 148 @   1981 d -> ok lintwin tank 746.7 (+6.8) miss 79 km (1.5 s)
[08:25:48]     settle  8: 190 @   1782 d -> ok lam tank 798.3 (+22.3) miss 12 km (2.7 s)
[08:25:49]     settle  8:  72 @   1804 d -> ok lintwin tank 709.7 (+14.8) miss 80 km (1.6 s)
[08:25:49]     settle 11: 229 @   1782 d -> ok lintwin tank 719.8 (+12.0) miss 21 km (1.6 s)
[08:25:50]     settle 12: 148 @   1983 d -> ok lintwin tank 722.3 (+2.6) miss 32 km (0.9 s)
[08:25:51] plan: 1348 states, depth 11 new flybys, end plan_done (128 s); deepest 11 new to 3207 d at planner fuel 666 kg
[08:25:51]   depth  1:  126 states (116 in H), t_end 1748-2242 d, fuel 345-426 kg
[08:25:51]   depth  2:  150 states (86 in H), t_end 1826-2584 d, fuel 362-461 kg
[08:25:51]   depth  3:  150 states (6 in H), t_end 2071-3102 d, fuel 383-494 kg
[08:25:51]   depth  4:  150 states (0 in H), t_end 2180-3204 d, fuel 410-528 kg
[08:25:51]   depth  5:  150 states (0 in H), t_end 2416-3218 d, fuel 442-562 kg
[08:25:51]   depth  6:  150 states (0 in H), t_end 2574-3237 d, fuel 469-586 kg
[08:25:51]   depth  7:  150 states (0 in H), t_end 2677-3238 d, fuel 524-617 kg
[08:25:51]   depth  8:  150 states (0 in H), t_end 2830-3238 d, fuel 552-644 kg
[08:25:51]   depth  9:  130 states (0 in H), t_end 2955-3238 d, fuel 598-669 kg
[08:25:51]   depth 10:   37 states (0 in H), t_end 3157-3235 d, fuel 617-684 kg
[08:25:51]   depth 11:    5 states (0 in H), t_end 3207-3217 d, fuel 666-698 kg
[08:25:51] candidates: 89 distinct committed target sets (n_new 1-3, potential 0-3)
[08:25:51] frontier: 16 candidates chosen (n fb / committed planner kg / continuation (lookahead) [full]; pot_mode lookahead, pot_cap None): 1fb/349kg/p3(3)[3], 1fb/353kg/p3(1)[3], 1fb/362kg/p3(2)[3], 1fb/364kg/p3(2)[3], 1fb/374kg/p3(2)[3], 1fb/393kg/p2(2)[2], 1fb/415kg/p3(2)[3], 1fb/417kg/p3(2)[3], 1fb/418kg/p4(2)[4], 2fb/366kg/p2(2)[2], 2fb/377kg/p0(0)[0], 2fb/448kg/p3(2)[3], 2fb/453kg/p3(2)[3], 3fb/411kg/p1(1)[1], 3fb/452kg/p2(2)[2], 3fb/480kg/p2(2)[2]
[08:25:51] budget: 172 s of 300 left for the settles + regrids (settle_wall 480)
[08:25:51]     settle 13: 207 @   2078 d -> ok lintwin tank 726.4 (+4.0) miss 2 km (0.5 s)
[08:25:52]     settle 12: 290 @   1905 d -> ok lintwin tank 768.1 (+40.6) miss 69 km (4.7 s)
[08:25:52]     settle  8: 231 @   1804 d -> ok lintwin tank 723.0 (+28.2) miss 69 km (2.4 s)
[08:25:54]     settle  8: 247 @   1812 d -> ok lintwin tank 833.9 (+57.9) miss 52 km (5.2 s)
[08:25:54]     settle 11: 269 @   1825 d -> ok lintwin tank 729.0 (+21.2) miss 82 km (2.2 s)
[08:25:54]     settle  8: 292 @   1887 d -> ok lintwin tank 702.9 (+8.1) miss 74 km (1.0 s)
[08:25:54]     settle 12:  77 @   1903 d -> ok lintwin tank 767.3 (+6.9) miss 68 km (3.7 s)
[08:25:55]     settle 12: 290 @   2012 d -> ok lintwin tank 744.9 (+15.9) miss 78 km (1.3 s)
[08:25:56] plan: 1449 states, depth 11 new flybys, end plan_done (133 s); deepest 11 new to 3231 d at planner fuel 560 kg
[08:25:56]   depth  1:  128 states (120 in H), t_end 1622-2266 d, fuel 196-297 kg
[08:25:56]   depth  2:  150 states (147 in H), t_end 1763-2367 d, fuel 217-332 kg
[08:25:56]   depth  3:  150 states (58 in H), t_end 1923-2370 d, fuel 234-368 kg
[08:25:56]   depth  4:  150 states (5 in H), t_end 2113-2731 d, fuel 272-397 kg
[08:25:56]   depth  5:  150 states (0 in H), t_end 2275-3075 d, fuel 322-432 kg
[08:25:56]   depth  6:  150 states (0 in H), t_end 2388-3232 d, fuel 338-466 kg
[08:25:56]   depth  7:  150 states (0 in H), t_end 2665-3177 d, fuel 368-498 kg
[08:25:56]   depth  8:  150 states (0 in H), t_end 2829-3238 d, fuel 444-533 kg
[08:25:56]   depth  9:  150 states (0 in H), t_end 2940-3238 d, fuel 462-563 kg
[08:25:56]   depth 10:  107 states (0 in H), t_end 3054-3239 d, fuel 492-591 kg
[08:25:56]   depth 11:   14 states (0 in H), t_end 3123-3239 d, fuel 560-611 kg
[08:25:56] candidates: 187 distinct committed target sets (n_new 1-4, potential 0-3)
[08:25:56] frontier: 16 candidates chosen (n fb / committed planner kg / continuation (lookahead) [full]; pot_mode lookahead, pot_cap None): 1fb/201kg/p0(0)[0], 1fb/210kg/p1(0)[1], 1fb/213kg/p4(2)[4], 1fb/232kg/p5(2)[5], 1fb/244kg/p3(2)[3], 1fb/253kg/p4(1)[4], 1fb/284kg/p5(3)[5], 2fb/217kg/p3(2)[3], 2fb/231kg/p1(0)[1], 2fb/270kg/p4(2)[4], 3fb/250kg/p0(0)[0], 3fb/258kg/p2(2)[2], 3fb/312kg/p3(2)[3], 4fb/337kg/p1(1)[1], 4fb/343kg/p2(2)[2], 4fb/351kg/p1(1)[1]
[08:25:56] budget: 167 s of 300 left for the settles + regrids (settle_wall 480)
[08:25:56]     settle 12: 188 @   1873 d -> ok lintwin tank 740.5 (+13.0) miss 66 km (3.8 s)
[08:25:57]     settle 13: 298 @   2141 d -> ok lintwin tank 756.3 (+11.3) miss 56 km (1.9 s)
[08:25:58]     settle 12: 170 @   1776 d -> ok lintwin tank 832.3 (+71.9) miss 48 km (3.2 s)
[08:25:58]     settle 13: 236 @   2105 d -> ok lintwin tank 757.8 (+11.1) miss 99 km (0.8 s)
[08:25:59]     settle  8: 120 @   1877 d -> ok lintwin tank 732.9 (+38.1) miss 63 km (4.4 s)
[08:25:59]     settle 12: 173 @   1740 d -> ok lintwin tank 757.6 (+30.1) miss 74 km (2.6 s)
[08:25:59]     settle 12: 151 @   1807 d -> ok lintwin tank 747.4 (+11.9) miss 38 km (0.4 s)
[08:25:59]     settle  8: 176 @   2096 d -> ok lintwin tank 690.9 (+6.3) miss 81 km (3.4 s)
[08:26:00]     settle  8: 205 @   1812 d -> ok lin tank 792.4 (+16.4) miss 57 km (5.7 s)
[08:26:00]     settle 12: 103 @   1850 d -> ok lintwin tank 744.4 (+16.9) miss 43 km (1.0 s)
[08:26:01]     settle  8:  21 @   1770 d -> ok lintwin tank 733.4 (+38.5) miss 69 km (1.6 s)
[08:26:01]     settle 13: 133 @   1992 d -> ok lintwin tank 759.2 (+11.9) miss 39 km (2.0 s)
[08:26:01]     settle 12: 237 @   1854 d -> ok lintwin tank 763.5 (+3.0) miss 64 km (2.8 s)
[08:26:04]     settle  8: 257 @   1843 d -> ok lintwin tank 689.3 (+4.7) miss 66 km (4.0 s)
[08:26:04]     settle 14: 117 @   2128 d -> ok lintwin tank 766.9 (+7.7) miss 75 km (2.5 s)
[08:26:04]     settle  8: 267 @   1862 d -> ok lintwin tank 732.6 (+37.8) miss 73 km (3.3 s)
[08:26:05]     settle 12: 251 @   1880 d -> ok lintwin tank 743.9 (+16.4) miss 54 km (3.8 s)
[08:26:05]     settle 12: 268 @   1860 d -> ok lintwin tank 777.1 (+16.7) miss 74 km (3.2 s)
[08:26:05]     settle 11: 202 @   1681 d -> ok lintwin tank 738.1 (+30.3) miss 22 km (0.9 s)
[08:26:05]     settle  9: 124 @   2086 d -> ok lintwin tank 701.5 (+3.7) miss 3 km (0.5 s)
[08:26:06]     settle 12: 151 @   1826 d -> ok lintwin tank 740.4 (+2.3) miss 16 km (0.5 s)
[08:26:06]     settle  8: 173 @   1722 d -> ok lintwin tank 783.7 (+7.7) miss 14 km (5.1 s)
[08:26:07]     settle 13: 133 @   1988 d -> ok lintwin tank 749.0 (+8.6) miss 28 km (0.9 s)
[08:26:07]     settle  6: 261 @   1768 d -> FAIL [('lin', 68155.9), ('lam', 100045.8)] (21.1 s)
[08:26:08]     settle  8: 293 @   1673 d -> ok lintwin tank 692.4 (+7.9) miss 69 km (3.5 s)
[08:26:08]     settle 14: 117 @   2125 d -> ok lintwin tank 752.3 (+3.2) miss 24 km (1.0 s)
[08:26:08]     settle  9: 176 @   2113 d -> ok lintwin tank 700.2 (+2.4) miss 51 km (2.0 s)
[08:26:08] plan: 1608 states, depth 12 new flybys, end plan_done (145 s); deepest 12 new to 3226 d at planner fuel 612 kg
[08:26:08]   depth  1:  142 states (132 in H), t_end 1626-2231 d, fuel 233-329 kg
[08:26:08]   depth  2:  150 states (107 in H), t_end 1731-2486 d, fuel 256-362 kg
[08:26:08]   depth  3:  150 states (119 in H), t_end 1846-2711 d, fuel 283-401 kg
[08:26:08]   depth  4:  150 states (13 in H), t_end 2045-3093 d, fuel 307-435 kg
[08:26:08]   depth  5:  150 states (0 in H), t_end 2248-3239 d, fuel 346-465 kg
[08:26:08]   depth  6:  150 states (0 in H), t_end 2319-3236 d, fuel 365-488 kg
[08:26:08]   depth  7:  150 states (0 in H), t_end 2470-3236 d, fuel 373-514 kg
[08:26:08]   depth  8:  150 states (0 in H), t_end 2640-3221 d, fuel 429-547 kg
[08:26:08]   depth  9:  150 states (0 in H), t_end 2768-3236 d, fuel 481-580 kg
[08:26:08]   depth 10:  150 states (0 in H), t_end 2883-3240 d, fuel 499-608 kg
[08:26:08]   depth 11:  108 states (0 in H), t_end 3013-3240 d, fuel 521-632 kg
[08:26:08]   depth 12:    8 states (0 in H), t_end 3221-3239 d, fuel 612-650 kg
[08:26:08] candidates: 224 distinct committed target sets (n_new 1-4, potential 0-3)
[08:26:08] frontier: 16 candidates chosen (n fb / committed planner kg / continuation (lookahead) [full]; pot_mode lookahead, pot_cap None): 1fb/239kg/p0(0)[0], 1fb/240kg/p0(0)[0], 1fb/262kg/p4(2)[4], 1fb/270kg/p5(3)[5], 1fb/275kg/p4(2)[4], 1fb/300kg/p6(3)[6], 1fb/317kg/p5(2)[5], 2fb/261kg/p0(0)[0], 2fb/261kg/p0(0)[0], 2fb/343kg/p5(3)[5], 3fb/291kg/p0(0)[0], 3fb/296kg/p1(0)[1], 3fb/372kg/p4(3)[4], 4fb/336kg/p0(0)[0], 4fb/340kg/p0(0)[0], 4fb/403kg/p3(3)[3]
[08:26:08] budget: 155 s of 300 left for the settles + regrids (settle_wall 480)
[08:26:09]     settle 12: 288 @   1792 d -> ok lintwin tank 815.3 (+54.8) miss 77 km (3.9 s)
[08:26:10]     settle 12: 218 @   2001 d -> ok lintwin tank 748.0 (+20.5) miss 60 km (4.4 s)
[08:26:10]     settle 14: 186 @   2144 d -> ok lintwin tank 760.5 (+11.5) miss 16 km (1.4 s)
[08:26:10]     settle  8: 159 @   1656 d -> ok lam tank 833.1 (+57.1) miss 86 km (3.2 s)
[08:26:10] RESULT s03_c2: 16 columns; frontier 1fb 6 kg p2/3 | 2fb 16 kg p1/2 | 3fb 19 kg p1/2 | 4fb 44 kg p0/0; settles 26 (26 ok), regrids 16 (16 ok); wall 148 s of 300 (plan 107, price 2, settle 40; budget hit None, 0 unsettled)
[08:26:11]   job s03_c2 craft columns  16  levels 10  settles 26/26  end plan_done  wall 147.6 s
[08:26:11]     settle  9:  97 @   1934 d -> ok lintwin tank 712.6 (+3.0) miss 62 km (3.0 s)
[08:26:12]     settle 12:  16 @   1998 d -> ok lintwin tank 765.4 (+5.0) miss 53 km (1.8 s)
[08:26:12]     settle  7: 256 @   2110 d -> ok lintwin tank 706.1 (+4.5) miss 7 km (3.9 s)
[08:26:12]     settle  8: 222 @   1669 d -> ok lintwin tank 720.6 (+36.1) miss 64 km (3.9 s)
[08:26:13]     settle 12: 159 @   1764 d -> ok lintwin tank 765.1 (+37.6) miss 63 km (3.1 s)
[08:26:13]     settle  8: 181 @   1699 d -> ok lintwin tank 713.6 (+18.8) miss 82 km (1.6 s)
[08:26:15]     settle 12:  15 @   2020 d -> ok lintwin tank 735.5 (+8.0) miss 17 km (1.0 s)
[08:26:15]     settle  8:  50 @   1767 d -> ok lintwin tank 699.0 (+14.5) miss 69 km (3.2 s)
[08:26:16]     settle  9:  97 @   1948 d -> ok lintwin tank 721.2 (+7.6) miss 65 km (2.5 s)
[08:26:16]     settle  9:  91 @   1906 d -> ok lam tank 811.8 (+19.2) miss 20 km (5.7 s)
[08:26:17]     settle  7: 222 @   2065 d -> ok lintwin tank 702.3 (+0.6) miss 6 km (4.3 s)
[08:26:18]     settle 13: 298 @   2150 d -> ok lintwin tank 766.8 (+31.3) miss 69 km (2.9 s)
[08:26:18]     settle 12: 208 @   1953 d -> ok lintwin tank 799.6 (+39.1) miss 82 km (5.6 s)
[08:26:18]     settle 10: 183 @   2082 d -> ok lintwin tank 735.4 (+14.1) miss 64 km (2.2 s)
[08:26:19]     settle  8:  75 @   1681 d -> ok lintwin tank 705.7 (+21.2) miss 65 km (2.8 s)
[08:26:19]     settle 12: 103 @   1845 d -> ok lintwin tank 744.4 (+16.9) miss 46 km (0.9 s)
[08:26:20]     settle  7: 280 @   1646 d -> ok lintwin tank 716.7 (+15.0) miss 72 km (2.5 s)
[08:26:20]     settle  9:  96 @   2005 d -> ok lam tank 811.9 (+16.6) miss 29 km (2.9 s)
[08:26:20]     settle 13:  15 @   1988 d -> ok lintwin tank 752.6 (+8.2) miss 71 km (1.6 s)
[08:26:22]     settle 12:  34 @   1868 d -> ok lintwin tank 789.5 (+29.0) miss 58 km (3.3 s)
[08:26:22]     settle 10: 109 @   2086 d -> ok lintwin tank 738.8 (+17.6) miss 29 km (3.0 s)
[08:26:23]     settle  7:   9 @   1652 d -> ok lintwin tank 748.9 (+47.2) miss 74 km (2.8 s)
[08:26:24]     settle  8: 259 @   1703 d -> ok lam tank 703.5 (+19.0) miss 3 km (4.7 s)
[08:26:24]     settle 12: 120 @   1765 d -> ok lintwin tank 815.1 (+54.7) miss 71 km (2.4 s)
[08:26:25]     settle 13:  15 @   1988 d -> ok lintwin tank 866.9 (+123.1) miss 35 km (4.6 s)
[08:26:26]     settle  6: 265 @   1967 d -> ok lam tank 661.0 (+6.2) miss 97 km (18.8 s)
[08:26:26]     settle  9: 282 @   1998 d -> ok lintwin tank 695.4 (+3.0) miss 74 km (2.3 s)
[08:26:27]     settle  9: 296 @   1926 d -> ok lam tank 799.9 (+4.6) miss 54 km (5.2 s)
[08:26:27]     settle 10: 176 @   2104 d -> ok lintwin tank 738.0 (+25.4) miss 1 km (4.9 s)
[08:26:27]     settle  7: 189 @   1791 d -> ok lintwin tank 719.3 (+17.6) miss 71 km (3.8 s)
[08:26:27] RESULT s03_c6: 16 columns; frontier 1fb 3 kg p1/3 | 2fb 5 kg p0/2 | 3fb 40 kg p0/2; settles 18 (18 ok), regrids 16 (16 ok); wall 165 s of 300 (plan 115, price 1, settle 50; budget hit None, 0 unsettled)
[08:26:28]     settle 13: 169 @   1913 d -> ok lintwin tank 766.3 (+8.8) miss 80 km (2.0 s)
[08:26:29]     settle  8: 181 @   1662 d -> ok lintwin tank 689.4 (+4.9) miss 65 km (2.1 s)
[08:26:29]   job s03_c6 craft columns  16  levels 10  settles 18/18  end plan_done  wall 164.9 s
[08:26:29]   regrid FAIL (1 fb: miss 55050 km, None, 3.4 s) -> column dropped
[08:26:30]     settle  9: 198 @   1909 d -> ok lam tank 836.8 (+41.5) miss 14 km (1.2 s)
[08:26:30]     settle 14:  15 @   1988 d -> ok lintwin tank 772.8 (+6.5) miss 63 km (2.4 s)
[08:26:31]     settle  7: 146 @   1666 d -> ok lintwin tank 723.8 (+22.1) miss 1 km (3.5 s)
[08:26:31]     settle  9:  97 @   1941 d -> ok lintwin tank 691.8 (+2.4) miss 68 km (2.6 s)
[08:26:32]     settle 13:  77 @   1901 d -> FAIL [('lam', 38996780.7)] (6.8 s)
[08:26:32]     settle 13: 290 @   1905 d -> ok lintwin tank 744.2 (+1.6) miss 73 km (1.3 s)
[08:26:34]     settle 10: 254 @   2121 d -> ok lin tank 809.5 (+-27.4) miss 51 km (3.9 s)
[08:26:34]     settle  7:   2 @   1631 d -> ok lintwin tank 716.3 (+14.6) miss 76 km (3.2 s)
[08:26:34]     settle 12:  24 @   1855 d -> ok lintwin tank 777.2 (+16.7) miss 75 km (2.9 s)
[08:26:35]     settle 14: 133 @   2063 d -> ok lintwin tank 762.7 (+18.6) miss 68 km (2.6 s)
[08:26:36]     settle  9:  91 @   1912 d -> ok lam tank 829.8 (+37.2) miss 76 km (1.2 s)
[08:26:36]     settle  6:  75 @   1657 d -> ok lam tank 829.5 (+174.7) miss 0 km (7.2 s)
[08:26:37]     settle  7: 125 @   1655 d -> ok lintwin tank 707.1 (+5.4) miss 54 km (2.1 s)
[08:26:37]     settle 13: 248 @   2099 d -> ok lintwin tank 788.5 (+11.3) miss 65 km (2.7 s)
[08:26:38]     settle  9: 120 @   1763 d -> FAIL [('lam', 46896134.3)] (5.7 s)
[08:26:38]     settle 10: 254 @   2126 d -> ok lam tank 835.7 (+5.9) miss 25 km (2.2 s)
[08:26:38]     settle 13:  15 @   1985 d -> ok lintwin tank 866.4 (+122.5) miss 42 km (3.0 s)
[08:26:39]     settle  8: 181 @   1657 d -> ok lintwin tank 689.3 (+4.8) miss 78 km (1.4 s)
[08:26:39]     settle  8: 263 @   1805 d -> ok lintwin tank 713.9 (+6.8) miss 6 km (2.6 s)
[08:26:39]   regrid FAIL (1 fb: miss 11171 km, None, 2.8 s) -> column dropped
[08:26:40]     settle  6: 109 @   1685 d -> ok lintwin tank 662.8 (+8.0) miss 98 km (0.5 s)
[08:26:40]     settle 13: 118 @   1890 d -> ok lintwin tank 897.1 (+81.9) miss 50 km (2.3 s)
[08:26:42]     settle  9:  97 @   1939 d -> ok lintwin tank 691.9 (+2.6) miss 76 km (2.5 s)
[08:26:42]     settle  7: 292 @   1901 d -> ok lintwin tank 705.3 (+3.6) miss 73 km (1.9 s)
[08:26:43]     settle 14:  76 @   2124 d -> ok lintwin tank 1011.4 (+145.0) miss 3 km (4.7 s)
[08:26:43] RESULT s03_c1: 16 columns; frontier 1fb 1 kg p0/2 | 2fb 25 kg p0/2 | 3fb 35 kg p0/2; settles 21 (21 ok), regrids 16 (16 ok); wall 181 s of 300 (plan 116, price 1, settle 65; budget hit None, 0 unsettled)
[08:26:44]     settle 10: 124 @   2093 d -> ok lintwin tank 693.7 (+1.8) miss 51 km (2.3 s)
[08:26:44]     settle 10:  96 @   2011 d -> ok lam tank 812.4 (+12.5) miss 12 km (4.2 s)
[08:26:45]     settle  8: 124 @   2089 d -> ok lintwin tank 726.2 (+20.9) miss 74 km (3.2 s)
[08:26:45]     settle 13:  89 @   1984 d -> ok lintwin tank 835.4 (+20.2) miss 71 km (3.4 s)
[08:26:45]   job s03_c1 craft columns  16  levels 9  settles 21/21  end plan_done  wall 180.8 s
[08:26:45]     settle 10:  48 @   2137 d -> ok lintwin tank 705.4 (+10.0) miss 63 km (1.0 s)
[08:26:47]     settle 11: 254 @   2116 d -> ok lam tank 829.8 (+17.4) miss 20 km (2.4 s)
[08:26:47]     settle  9: 164 @   1813 d -> ok lintwin tank 713.0 (+7.2) miss 58 km (1.7 s)
[08:26:48]     settle  8: 120 @   1776 d -> ok lintwin tank 730.2 (+6.4) miss 10 km (2.8 s)
[08:26:48]     settle 10: 290 @   1923 d -> ok lintwin tank 719.0 (+6.1) miss 43 km (0.8 s)
[08:26:49]     settle  6: 159 @   1681 d -> FAIL [('lam', 475490.3)] (9.2 s)
[08:26:50]     settle  6: 172 @   1655 d -> ok lintwin tank 664.3 (+9.4) miss 92 km (0.4 s)
[08:26:50]     settle 11: 254 @   2113 d -> ok lintwin tank 725.6 (+6.5) miss 59 km (1.9 s)
[08:26:51]     settle  8: 159 @   1662 d -> ok lam tank 833.2 (+57.2) miss 23 km (2.2 s)
[08:26:51]     settle  8:  26 @   1785 d -> ok lintwin tank 726.0 (+18.9) miss 6 km (2.4 s)
[08:26:51]     settle 13:  77 @   1907 d -> FAIL [('lam', 41003875.8)] (5.7 s)
[08:26:52]     settle  9: 133 @   1994 d -> ok lintwin tank 726.8 (+0.8) miss 54 km (0.9 s)
[08:26:52]     settle  9: 181 @   1762 d -> ok lam tank 855.2 (+22.0) miss 36 km (1.6 s)
[08:26:53]     settle  9: 197 @   1772 d -> ok lintwin tank 715.5 (+9.8) miss 72 km (2.0 s)
[08:26:54]     settle 14:  42 @   2082 d -> ok lintwin tank 958.8 (+61.8) miss 51 km (3.0 s)
[08:26:55]     settle  7: 259 @   1662 d -> ok lintwin tank 713.7 (+12.0) miss 83 km (2.7 s)
[08:26:55]     settle 10:  96 @   2012 d -> ok lintwin tank 724.1 (+8.6) miss 34 km (2.3 s)
[08:26:57]     settle  8: 146 @   1754 d -> ok lintwin tank 713.5 (+-0.2) miss 78 km (1.6 s)
[08:26:57]     settle 14:  42 @   2083 d -> ok lintwin tank 852.9 (+17.5) miss 65 km (2.1 s)
[08:26:57]   2 candidates dropped (settle failure / regrid failure / duplicate after truncation)
[08:26:57] RESULT s03_c0: 14 columns; frontier 1fb 3 kg p2/3 | 2fb 28 kg p0/2 | 3fb 92 kg p2/2; settles 17 (15 ok), regrids 14 (14 ok); wall 195 s of 300 (plan 128, price 1, settle 66; budget hit None, 0 unsettled)
[08:26:57]     settle 11: 254 @   2113 d -> ok lintwin tank 739.3 (+15.2) miss 59 km (2.1 s)
[08:26:57]   job s03_c0 craft columns  14  levels 11  settles 15/17  end plan_done  wall 194.5 s
[08:26:57]   3 candidates dropped (settle failure / regrid failure / duplicate after truncation)
[08:26:57] RESULT s03_c3: 13 columns; frontier 1fb 5 kg p0/3 | 2fb 7 kg p0/2 | 3fb 9 kg p0/2 | 4fb 41 kg p1/1; settles 21 (20 ok), regrids 13 (13 ok); wall 195 s of 300 (plan 133, price 1, settle 62; budget hit None, 0 unsettled)
[08:26:58]     settle  9: 133 @   1995 d -> ok lintwin tank 722.8 (+9.3) miss 67 km (0.9 s)
[08:26:59]   job s03_c3 craft columns  13  levels 11  settles 20/21  end plan_done  wall 194.9 s
[08:27:00]     settle  9: 151 @   1889 d -> ok lintwin tank 743.6 (+13.4) miss 80 km (1.8 s)
[08:27:00]     settle  6: 191 @   1632 d -> FAIL [('lam', 1033714.8)] (9.6 s)
[08:27:00]     settle 10: 257 @   2006 d -> ok lin tank 882.4 (+27.2) miss 97 km (7.8 s)
[08:27:00]     settle  6: 289 @   1759 d -> ok lintwin tank 658.5 (+3.7) miss 96 km (0.5 s)
[08:27:01]     settle  9: 117 @   1925 d -> ok lintwin tank 719.0 (+5.5) miss 66 km (1.5 s)
[08:27:02]     settle 10: 124 @   2089 d -> ok lintwin tank 737.7 (+18.7) miss 61 km (0.8 s)
[08:27:03]     settle 11: 105 @   2152 d -> ok lam tank 906.9 (+24.5) miss 82 km (2.7 s)
[08:27:03] RESULT s03_c4: 16 columns; frontier 1fb 6 kg p1/2 | 2fb 19 kg p2/2 | 3fb 32 kg p0/2 | 4fb 51 kg p2/2; settles 21 (21 ok), regrids 16 (16 ok); wall 201 s of 300 (plan 107, price 1, settle 94; budget hit None, 0 unsettled)
[08:27:03]   job s03_c4 craft columns  16  levels 10  settles 21/21  end plan_done  wall 200.6 s
[08:27:04]     settle 10: 256 @   2112 d -> ok lintwin tank 727.1 (+4.3) miss 81 km (1.3 s)
[08:27:04]     settle  7: 265 @   1968 d -> ok lam tank 659.7 (+1.2) miss 91 km (4.3 s)
[08:27:05]     settle 10:  48 @   2143 d -> ok lintwin tank 762.4 (+18.7) miss 60 km (1.3 s)
[08:27:06] RESULT s03_c5: 16 columns; frontier 1fb 0 kg p0/3 | 2fb 12 kg p0/3 | 3fb 21 kg p0/3 | 4fb 25 kg p0/3; settles 22 (22 ok), regrids 16 (16 ok); wall 203 s of 300 (plan 145, price 1, settle 58; budget hit None, 0 unsettled)
[08:27:07]   regrid FAIL (2 fb: miss 89283 km, None, 2.6 s) -> column dropped
[08:27:07]   job s03_c5 craft columns  16  levels 12  settles 22/22  end plan_done  wall 203.1 s
[08:27:17]     settle  7: 263 @   1855 d -> FAIL [('lam', 609906.8)] (9.9 s)
[08:27:17]     settle  6: 183 @   1695 d -> ok lintwin tank 658.7 (+3.9) miss 26 km (0.3 s)
[08:27:18]     settle  7:  72 @   1869 d -> ok lintwin tank 680.4 (+21.7) miss 71 km (0.7 s)
[08:27:32]     settle  8: 218 @   2000 d -> FAIL [('lam', 149818.8), ('lin', 218400.6)] (13.8 s)
[08:27:44]     settle  7: 292 @   1971 d -> FAIL [('lam', 6837798.3)] (11.5 s)
[08:27:48]     settle  7:  72 @   1803 d -> FAIL [('lam', 126286422.3)] (3.8 s)
[08:27:58]     settle  7:  72 @   1807 d -> FAIL [('lam', 110973658.3)] (10.8 s)
[08:27:58]   13 candidates dropped (settle failure / regrid failure / duplicate after truncation)
[08:27:58] RESULT s03_c7: 3 columns; frontier 1fb 8 kg p2/3 | 2fb 26 kg p0/0; settles 24 (8 ok), regrids 6 (3 ok); wall 256 s of 300 (plan 123, price 1, settle 132; budget hit None, 0 unsettled)
[08:27:59]   job s03_c7 craft columns   3  levels 10  settles 8/24  end plan_done  wall 255.9 s
[08:27:59] [slice 3] propose: 110 columns (0 bad dropped) in 257.0 s
[08:27:59] [slice 3] auction: 110 columns, kept 105, dropped {'ramp': 5}; lam 0.30 H_eff 540 d fuel budget 482 kg quota on
[08:27:59] [slice 3] auction: status optimal objective 36.040 vars 105 rows 52 chosen 8 fuel 337/482 kg (0.013 s)
[08:28:02] [slice 3 T=1620 d] launched 8/8  covered 88  remaining 210  fuel 1244 kg  sumJi 9.0008  chosen: c0:3(+92) c1:3(+45) c2:3(+50) c3:3(+20) c4:4(+51) c5:4(+25) c6:3(+43) c7:1(+9)  rejected: -  (wall 259 s)
[08:28:02] [slice 4 T=2160 d] propose: 8 jobs (8 craft, 0 root) on 9 workers, proposer planbeam, H_eff 540 d, lam 0.3
[08:28:02] job s04_c1 (craft, craft 1, planbeam): T 2160 d H 540 L 360; plan horizon 3780 d; remaining 210; prize >1 on 65; width 150 npt 6 mc 150 dv 1.2 drmax 0.15 plan_wall 240 s; quota {'fil': 7, 'med': 15}
[08:28:02] job s04_c5 (craft, craft 5, planbeam): T 2160 d H 540 L 360; plan horizon 3780 d; remaining 210; prize >1 on 65; width 150 npt 6 mc 150 dv 1.2 drmax 0.15 plan_wall 240 s; quota {'fil': 10, 'med': 15}
[08:28:02] job s04_c0 (craft, craft 0, planbeam): T 2160 d H 540 L 360; plan horizon 3780 d; remaining 210; prize >1 on 65; width 150 npt 6 mc 150 dv 1.2 drmax 0.15 plan_wall 240 s; quota {'fil': 7, 'med': 16}
[08:28:02] job s04_c6 (craft, craft 6, planbeam): T 2160 d H 540 L 360; plan horizon 3780 d; remaining 210; prize >1 on 65; width 150 npt 6 mc 150 dv 1.2 drmax 0.15 plan_wall 240 s; quota {'fil': 9, 'med': 16}
[08:28:02] job s04_c3 (craft, craft 3, planbeam): T 2160 d H 540 L 360; plan horizon 3780 d; remaining 210; prize >1 on 65; width 150 npt 6 mc 150 dv 1.2 drmax 0.15 plan_wall 240 s; quota {'fil': 9, 'med': 15}
[08:28:02] job s04_c2 (craft, craft 2, planbeam): T 2160 d H 540 L 360; plan horizon 3780 d; remaining 210; prize >1 on 65; width 150 npt 6 mc 150 dv 1.2 drmax 0.15 plan_wall 240 s; quota {'fil': 5, 'med': 16}
[08:28:02] job s04_c4 (craft, craft 4, planbeam): T 2160 d H 540 L 360; plan horizon 3780 d; remaining 210; prize >1 on 65; width 150 npt 6 mc 150 dv 1.2 drmax 0.15 plan_wall 240 s; quota {'fil': 8, 'med': 15}
[08:28:02] job s04_c7 (craft, craft 7, planbeam): T 2160 d H 540 L 360; plan horizon 3780 d; remaining 210; prize >1 on 65; width 150 npt 6 mc 150 dv 1.2 drmax 0.15 plan_wall 240 s; quota {'fil': 10, 'med': 16}
[08:28:02] prefix slices/s04/in/craft_1.npz: 14 flybys, t_end 1988.1 d, tank 772.8 kg (planner view), miss 52.5 km, nreg 98
[08:28:02] budget: job_wall 300 s, 300 s left before the plan -> plan cap 210 s (plan_wall 240, settle_reserve 90)
[08:28:02] prefix slices/s04/in/craft_5.npz: 10 flybys, t_end 2113.3 d, tank 726.9 kg (planner view), miss 4.9 km, nreg 99
[08:28:02] budget: job_wall 300 s, 300 s left before the plan -> plan cap 210 s (plan_wall 240, settle_reserve 90)
[08:28:02] prefix slices/s04/in/craft_7.npz: 6 flybys, t_end 1661.4 d, tank 664.2 kg (planner view), miss 92.7 km, nreg 73
[08:28:02] budget: job_wall 300 s, 300 s left before the plan -> plan cap 210 s (plan_wall 240, settle_reserve 90)
[08:28:02] prefix slices/s04/in/craft_4.npz: 11 flybys, t_end 2115.4 d, tank 827.2 kg (planner view), miss 27.2 km, nreg 100
[08:28:02] prefix slices/s04/in/craft_3.npz: 10 flybys, t_end 2135.2 d, tank 704.7 kg (planner view), miss 5.6 km, nreg 103
[08:28:02] budget: job_wall 300 s, 300 s left before the plan -> plan cap 210 s (plan_wall 240, settle_reserve 90)
[08:28:02] budget: job_wall 300 s, 300 s left before the plan -> plan cap 210 s (plan_wall 240, settle_reserve 90)
[08:28:02] prefix slices/s04/in/craft_2.npz: 13 flybys, t_end 2103.7 d, tank 757.7 kg (planner view), miss 9.3 km, nreg 104
[08:28:02] budget: job_wall 300 s, 300 s left before the plan -> plan cap 210 s (plan_wall 240, settle_reserve 90)
[08:28:02] prefix slices/s04/in/craft_6.npz: 10 flybys, t_end 2100.6 d, tank 737.7 kg (planner view), miss 65.9 km, nreg 97
[08:28:02] budget: job_wall 300 s, 300 s left before the plan -> plan cap 210 s (plan_wall 240, settle_reserve 90)
[08:28:02] prefix slices/s04/in/craft_0.npz: 14 flybys, t_end 2083.2 d, tank 852.6 kg (planner view), miss 19.8 km, nreg 107
[08:28:02] budget: job_wall 300 s, 300 s left before the plan -> plan cap 210 s (plan_wall 240, settle_reserve 90)
[08:28:13] first level (both): 0 production + 57 relaxed (dv 2.5, 0.3 AU; 0.1 s) + 0 lintwin children -> 40 unique (11.3 s)
[08:28:13] plan start: prefix 11 flybys, t_end 2115.4 d, planner mass 1163.4 kg (dv 12.501 km/s); 40 first-level states
[08:28:14] first level (both): 0 production + 96 relaxed (dv 2.5, 0.3 AU; 0.1 s) + 56 lintwin children -> 115 unique (12.4 s)
[08:28:14] plan start: prefix 10 flybys, t_end 2135.2 d, planner mass 1365.6 kg (dv 6.214 km/s); 115 first-level states
[08:28:14] first level (both): 0 production + 60 relaxed (dv 2.5, 0.3 AU; 0.1 s) + 74 lintwin children -> 113 unique (12.6 s)
[08:28:14] plan start: prefix 14 flybys, t_end 1988.1 d, planner mass 1245.4 kg (dv 9.828 km/s); 113 first-level states
[08:28:14] first level (both): 0 production + 3 relaxed (dv 2.5, 0.3 AU; 0.1 s) + 93 lintwin children -> 95 unique (12.8 s)
[08:28:14] plan start: prefix 6 flybys, t_end 1661.4 d, planner mass 1448.9 kg (dv 3.893 km/s); 95 first-level states
[08:28:14] first level (both): 0 production + 150 relaxed (dv 2.5, 0.3 AU; 0.1 s) + 88 lintwin children -> 172 unique (12.9 s)
[08:28:14] plan start: prefix 10 flybys, t_end 2100.6 d, planner mass 1304.6 kg (dv 8.006 km/s); 172 first-level states
[08:28:15] first level (both): 0 production + 62 relaxed (dv 2.5, 0.3 AU; 0.1 s) + 77 lintwin children -> 112 unique (13.0 s)
[08:28:15] plan start: prefix 10 flybys, t_end 2113.3 d, planner mass 1324.0 kg (dv 7.429 km/s); 112 first-level states
[08:28:16] first level (both): 0 production + 67 relaxed (dv 2.5, 0.3 AU; 0.1 s) + 68 lintwin children -> 100 unique (14.1 s)
[08:28:16] plan start: prefix 13 flybys, t_end 2103.7 d, planner mass 1270.2 kg (dv 9.054 km/s); 100 first-level states
[08:28:16] first level (both): 0 production + 67 relaxed (dv 2.5, 0.3 AU; 0.1 s) + 79 lintwin children -> 116 unique (14.6 s)
[08:28:16] plan start: prefix 14 flybys, t_end 2083.2 d, planner mass 1128.8 kg (dv 13.683 km/s); 116 first-level states
[08:29:06] plan: 1109 states, depth 9 new flybys, end plan_done (64 s); deepest 9 new to 3755 d at planner fuel 501 kg
[08:29:06]   depth  1:  100 states (83 in H), t_end 2300-2790 d, fuel 332-423 kg
[08:29:06]   depth  2:  150 states (96 in H), t_end 2453-3220 d, fuel 346-461 kg
[08:29:06]   depth  3:  150 states (17 in H), t_end 2617-3488 d, fuel 362-491 kg
[08:29:06]   depth  4:  150 states (0 in H), t_end 2777-3694 d, fuel 384-502 kg
[08:29:06]   depth  5:  150 states (0 in H), t_end 2862-3756 d, fuel 392-522 kg
[08:29:06]   depth  6:  150 states (0 in H), t_end 3130-3759 d, fuel 423-522 kg
[08:29:06]   depth  7:  150 states (0 in H), t_end 3357-3760 d, fuel 439-550 kg
[08:29:06]   depth  8:   88 states (0 in H), t_end 3485-3780 d, fuel 471-579 kg
[08:29:06]   depth  9:   21 states (0 in H), t_end 3652-3762 d, fuel 501-564 kg
[08:29:06] candidates: 105 distinct committed target sets (n_new 1-3, potential 0-2)
[08:29:06] frontier: 16 candidates chosen (n fb / committed planner kg / continuation (lookahead) [full]; pot_mode lookahead, pot_cap None): 1fb/339kg/p1(0)[1], 1fb/339kg/p1(0)[1], 1fb/352kg/p2(1)[2], 1fb/354kg/p2(1)[2], 1fb/357kg/p4(2)[4], 1fb/363kg/p2(1)[2], 1fb/368kg/p3(2)[3], 1fb/379kg/p3(1)[3], 1fb/384kg/p3(1)[3], 1fb/395kg/p3(2)[3], 2fb/346kg/p0(0)[0], 2fb/356kg/p0(0)[0], 2fb/360kg/p3(2)[3], 3fb/377kg/p1(1)[1], 3fb/390kg/p2(2)[2], 3fb/399kg/p0(0)[0]
[08:29:06] budget: 236 s of 300 left for the settles + regrids (settle_wall 480)
[08:29:06] plan: 1046 states, depth 9 new flybys, end plan_done (65 s); deepest 9 new to 3764 d at planner fuel 632 kg
[08:29:06]   depth  1:   40 states (38 in H), t_end 2325-2715 d, fuel 461-517 kg
[08:29:06]   depth  2:  150 states (63 in H), t_end 2456-3245 d, fuel 475-548 kg
[08:29:06]   depth  3:  150 states (8 in H), t_end 2660-3386 d, fuel 504-577 kg
[08:29:06]   depth  4:  150 states (0 in H), t_end 2804-3735 d, fuel 529-600 kg
[08:29:06]   depth  5:  150 states (0 in H), t_end 3088-3726 d, fuel 539-626 kg
[08:29:06]   depth  6:  150 states (0 in H), t_end 3239-3779 d, fuel 561-650 kg
[08:29:06]   depth  7:  150 states (0 in H), t_end 3302-3780 d, fuel 571-674 kg
[08:29:06]   depth  8:   88 states (0 in H), t_end 3502-3780 d, fuel 599-686 kg
[08:29:06]   depth  9:   18 states (0 in H), t_end 3702-3780 d, fuel 632-676 kg
[08:29:06] candidates: 54 distinct committed target sets (n_new 1-3, potential 0-2)
[08:29:06] frontier: 16 candidates chosen (n fb / committed planner kg / continuation (lookahead) [full]; pot_mode lookahead, pot_cap None): 1fb/463kg/p1(0)[1], 1fb/464kg/p0(0)[0], 1fb/473kg/p2(2)[2], 1fb/479kg/p2(0)[2], 1fb/488kg/p3(2)[3], 1fb/488kg/p1(1)[1], 1fb/495kg/p3(2)[3], 1fb/497kg/p2(1)[2], 1fb/507kg/p2(1)[2], 2fb/481kg/p0(0)[0], 2fb/488kg/p0(0)[0], 2fb/507kg/p2(2)[2], 2fb/516kg/p2(2)[2], 3fb/527kg/p0(0)[0], 3fb/545kg/p0(0)[0], 3fb/546kg/p0(0)[0]
[08:29:06] budget: 235 s of 300 left for the settles + regrids (settle_wall 480)
[08:29:06]     settle 14: 190 @   2371 d -> ok lintwin tank 763.1 (+5.5) miss 8 km (0.4 s)
[08:29:07] plan: 1054 states, depth 9 new flybys, end plan_done (65 s); deepest 9 new to 3763 d at planner fuel 658 kg
[08:29:07]   depth  1:  116 states (103 in H), t_end 2183-2817 d, fuel 483-554 kg
[08:29:07]   depth  2:  150 states (130 in H), t_end 2389-3001 d, fuel 493-583 kg
[08:29:07]   depth  3:  150 states (27 in H), t_end 2503-3441 d, fuel 518-615 kg
[08:29:07]   depth  4:  150 states (0 in H), t_end 2821-3681 d, fuel 521-627 kg
[08:29:07]   depth  5:  150 states (0 in H), t_end 3234-3767 d, fuel 554-656 kg
[08:29:07]   depth  6:  150 states (0 in H), t_end 3371-3761 d, fuel 563-680 kg
[08:29:07]   depth  7:  150 states (0 in H), t_end 3502-3779 d, fuel 603-665 kg
[08:29:07]   depth  8:   37 states (0 in H), t_end 3543-3776 d, fuel 627-682 kg
[08:29:07]   depth  9:    1 states (0 in H), t_end 3763-3763 d, fuel 658-658 kg
[08:29:07] candidates: 131 distinct committed target sets (n_new 1-3, potential 0-2)
[08:29:07] frontier: 16 candidates chosen (n fb / committed planner kg / continuation (lookahead) [full]; pot_mode lookahead, pot_cap None): 1fb/483kg/p1(0)[1], 1fb/484kg/p3(2)[3], 1fb/485kg/p0(0)[0], 1fb/489kg/p2(1)[2], 1fb/495kg/p3(2)[3], 1fb/499kg/p3(2)[3], 1fb/500kg/p2(1)[2], 1fb/508kg/p2(0)[2], 1fb/529kg/p2(0)[2], 1fb/538kg/p2(1)[2], 2fb/499kg/p2(2)[2], 2fb/505kg/p0(0)[0], 2fb/505kg/p0(0)[0], 3fb/519kg/p0(0)[0], 3fb/544kg/p0(0)[0], 3fb/570kg/p1(1)[1]
[08:29:07] budget: 235 s of 300 left for the settles + regrids (settle_wall 480)
[08:29:08]     settle 15:  65 @   2447 d -> ok lintwin tank 860.1 (+7.6) miss 54 km (1.0 s)
[08:29:08]     settle 14:   9 @   2334 d -> ok lintwin tank 762.7 (+5.0) miss 73 km (1.2 s)
[08:29:09] plan: 1115 states, depth 10 new flybys, end plan_done (68 s); deepest 10 new to 3767 d at planner fuel 676 kg
[08:29:09]   depth  1:  113 states (104 in H), t_end 2166-2761 d, fuel 355-443 kg
[08:29:09]   depth  2:  150 states (130 in H), t_end 2324-3108 d, fuel 364-476 kg
[08:29:09]   depth  3:  150 states (42 in H), t_end 2537-3663 d, fuel 401-505 kg
[08:29:09]   depth  4:  150 states (0 in H), t_end 2787-3762 d, fuel 413-536 kg
[08:29:09]   depth  5:  150 states (0 in H), t_end 2882-3717 d, fuel 426-561 kg
[08:29:09]   depth  6:  150 states (0 in H), t_end 3232-3728 d, fuel 499-586 kg
[08:29:09]   depth  7:  150 states (0 in H), t_end 3299-3779 d, fuel 513-623 kg
[08:29:09]   depth  8:   73 states (0 in H), t_end 3489-3780 d, fuel 546-639 kg
[08:29:09]   depth  9:   28 states (0 in H), t_end 3609-3779 d, fuel 606-666 kg
[08:29:09]   depth 10:    1 states (0 in H), t_end 3767-3767 d, fuel 676-676 kg
[08:29:09] candidates: 162 distinct committed target sets (n_new 1-3, potential 0-2)
[08:29:09] frontier: 16 candidates chosen (n fb / committed planner kg / continuation (lookahead) [full]; pot_mode lookahead, pot_cap None): 1fb/355kg/p0(0)[0], 1fb/356kg/p1(0)[1], 1fb/362kg/p2(1)[2], 1fb/363kg/p3(1)[3], 1fb/364kg/p2(1)[2], 1fb/370kg/p3(1)[3], 1fb/383kg/p3(2)[3], 1fb/394kg/p3(1)[3], 1fb/400kg/p3(2)[3], 1fb/431kg/p4(2)[4], 2fb/375kg/p0(0)[0], 2fb/381kg/p1(1)[1], 2fb/456kg/p3(2)[3], 3fb/422kg/p1(1)[1], 3fb/430kg/p1(1)[1], 3fb/483kg/p2(2)[2]
[08:29:09] budget: 232 s of 300 left for the settles + regrids (settle_wall 480)
[08:29:11] plan: 1280 states, depth 10 new flybys, end plan_done (69 s); deepest 10 new to 3680 d at planner fuel 375 kg
[08:29:11]   depth  1:   95 states (74 in H), t_end 2161-2780 d, fuel 151-254 kg
[08:29:11]   depth  2:  150 states (101 in H), t_end 2321-3237 d, fuel 161-285 kg
[08:29:11]   depth  3:  150 states (36 in H), t_end 2624-3612 d, fuel 177-306 kg
[08:29:11]   depth  4:  150 states (2 in H), t_end 2690-3602 d, fuel 199-325 kg
[08:29:11]   depth  5:  150 states (0 in H), t_end 2909-3702 d, fuel 246-332 kg
[08:29:11]   depth  6:  150 states (0 in H), t_end 3062-3706 d, fuel 277-367 kg
[08:29:11]   depth  7:  150 states (0 in H), t_end 3222-3703 d, fuel 295-394 kg
[08:29:11]   depth  8:  150 states (0 in H), t_end 3366-3766 d, fuel 313-414 kg
[08:29:11]   depth  9:  129 states (0 in H), t_end 3499-3771 d, fuel 348-442 kg
[08:29:11]   depth 10:    6 states (0 in H), t_end 3639-3767 d, fuel 375-459 kg
[08:29:11]     settle 14: 269 @   2381 d -> ok lintwin tank 766.6 (+8.9) miss 76 km (2.5 s)
[08:29:11] candidates: 133 distinct committed target sets (n_new 1-4, potential 0-2)
[08:29:11] frontier: 16 candidates chosen (n fb / committed planner kg / continuation (lookahead) [full]; pot_mode lookahead, pot_cap None): 1fb/151kg/p3(1)[3], 1fb/151kg/p2(2)[2], 1fb/160kg/p4(1)[4], 1fb/163kg/p3(2)[3], 1fb/165kg/p4(1)[4], 1fb/166kg/p3(1)[3], 1fb/174kg/p3(1)[3], 2fb/167kg/p0(0)[0], 2fb/171kg/p1(1)[1], 2fb/177kg/p3(1)[3], 2fb/213kg/p3(1)[3], 3fb/197kg/p0(0)[0], 3fb/208kg/p0(0)[0], 3fb/210kg/p2(1)[2], 4fb/264kg/p1(1)[1], 4fb/264kg/p1(1)[1]
[08:29:11] budget: 231 s of 300 left for the settles + regrids (settle_wall 480)
[08:29:11]     settle 15:  88 @   2517 d -> ok lintwin tank 858.8 (+6.2) miss 69 km (2.9 s)
[08:29:13]     settle 15: 181 @   2443 d -> ok lintwin tank 859.4 (+6.9) miss 74 km (1.5 s)
[08:29:13]     settle 14: 156 @   2452 d -> ok lintwin tank 779.7 (+22.0) miss 76 km (1.9 s)
[08:29:14]     settle 15: 265 @   2680 d -> ok lintwin tank 1111.5 (+338.7) miss 6 km (4.9 s)
[08:29:14]     settle 12: 283 @   2335 d -> ok lin tank 839.7 (+12.5) miss 33 km (7.9 s)
[08:29:15] plan: 1249 states, depth 10 new flybys, end plan_done (73 s); deepest 10 new to 3758 d at planner fuel 564 kg
[08:29:15]   depth  1:  112 states (97 in H), t_end 2209-2814 d, fuel 295-373 kg
[08:29:15]   depth  2:  150 states (89 in H), t_end 2318-3104 d, fuel 314-415 kg
[08:29:15]   depth  3:  150 states (7 in H), t_end 2404-3388 d, fuel 328-441 kg
[08:29:15]   depth  4:  150 states (2 in H), t_end 2694-3663 d, fuel 361-470 kg
[08:29:15]   depth  5:  150 states (0 in H), t_end 2970-3760 d, fuel 382-496 kg
[08:29:15]   depth  6:  150 states (0 in H), t_end 3190-3767 d, fuel 398-524 kg
[08:29:15]   depth  7:  150 states (0 in H), t_end 3295-3777 d, fuel 404-552 kg
[08:29:15]   depth  8:  150 states (0 in H), t_end 3410-3779 d, fuel 415-551 kg
[08:29:15]   depth  9:   78 states (0 in H), t_end 3563-3777 d, fuel 434-583 kg
[08:29:15]   depth 10:    9 states (0 in H), t_end 3718-3768 d, fuel 564-598 kg
[08:29:15] candidates: 103 distinct committed target sets (n_new 1-4, potential 0-2)
[08:29:15] frontier: 16 candidates chosen (n fb / committed planner kg / continuation (lookahead) [full]; pot_mode lookahead, pot_cap None): 1fb/295kg/p3(2)[3], 1fb/298kg/p0(0)[0], 1fb/309kg/p3(1)[3], 1fb/317kg/p2(1)[2], 1fb/320kg/p2(1)[2], 1fb/322kg/p2(1)[2], 1fb/322kg/p2(1)[2], 1fb/357kg/p4(2)[4], 1fb/366kg/p3(2)[3], 2fb/314kg/p1(1)[1], 2fb/314kg/p2(1)[2], 2fb/389kg/p3(2)[3], 3fb/354kg/p1(1)[1], 3fb/358kg/p0(0)[0], 3fb/432kg/p2(2)[2], 4fb/450kg/p0(0)[0]
[08:29:15] budget: 227 s of 300 left for the settles + regrids (settle_wall 480)
[08:29:16]     settle 14: 217 @   2383 d -> ok lintwin tank 770.0 (+12.4) miss 82 km (3.1 s)
[08:29:17] plan: 1324 states, depth 10 new flybys, end plan_done (75 s); deepest 10 new to 3640 d at planner fuel 525 kg
[08:29:17]   depth  1:  115 states (98 in H), t_end 2269-2820 d, fuel 243-337 kg
[08:29:17]   depth  2:  150 states (132 in H), t_end 2326-3135 d, fuel 263-374 kg
[08:29:17]   depth  3:  150 states (73 in H), t_end 2504-3245 d, fuel 301-400 kg
[08:29:17]   depth  4:  150 states (16 in H), t_end 2619-3623 d, fuel 318-431 kg
[08:29:17]   depth  5:  150 states (0 in H), t_end 2829-3745 d, fuel 362-451 kg
[08:29:17]   depth  6:  150 states (0 in H), t_end 3126-3752 d, fuel 389-483 kg
[08:29:17]   depth  7:  150 states (0 in H), t_end 3320-3760 d, fuel 411-518 kg
[08:29:17]   depth  8:  150 states (0 in H), t_end 3430-3778 d, fuel 437-553 kg
[08:29:17]   depth  9:  141 states (0 in H), t_end 3511-3778 d, fuel 475-586 kg
[08:29:17]   depth 10:   18 states (0 in H), t_end 3640-3776 d, fuel 525-588 kg
[08:29:17] candidates: 146 distinct committed target sets (n_new 1-4, potential 0-2)
[08:29:17] frontier: 16 candidates chosen (n fb / committed planner kg / continuation (lookahead) [full]; pot_mode lookahead, pot_cap None): 1fb/243kg/p3(1)[3], 1fb/248kg/p0(0)[0], 1fb/255kg/p3(2)[3], 1fb/257kg/p3(0)[3], 1fb/291kg/p4(1)[4], 1fb/312kg/p3(1)[3], 1fb/313kg/p4(2)[4], 2fb/263kg/p0(0)[0], 2fb/267kg/p1(1)[1], 2fb/326kg/p3(1)[3], 3fb/302kg/p1(1)[1], 3fb/310kg/p0(0)[0], 3fb/365kg/p2(1)[2], 4fb/322kg/p0(0)[0], 4fb/369kg/p0(0)[0], 4fb/374kg/p1(1)[1]
[08:29:17] budget: 225 s of 300 left for the settles + regrids (settle_wall 480)
[08:29:17]     settle 15:  33 @   2519 d -> ok lintwin tank 889.9 (+37.4) miss 67 km (3.4 s)
[08:29:18]     settle 11:  18 @   2385 d -> ok lintwin tank 741.8 (+14.9) miss 0 km (3.2 s)
[08:29:18]     settle 11: 135 @   2276 d -> ok lintwin tank 712.4 (+7.7) miss 62 km (1.5 s)
[08:29:19]     settle 12: 189 @   2515 d -> ok lam tank 862.4 (+35.1) miss 57 km (4.1 s)
[08:29:19] plan: 1343 states, depth 10 new flybys, end plan_done (77 s); deepest 10 new to 3757 d at planner fuel 542 kg
[08:29:19]   depth  1:  172 states (164 in H), t_end 2243-2839 d, fuel 295-389 kg
[08:29:19]   depth  2:  150 states (127 in H), t_end 2390-3155 d, fuel 311-427 kg
[08:29:19]   depth  3:  150 states (31 in H), t_end 2510-3521 d, fuel 320-466 kg
[08:29:19]   depth  4:  150 states (0 in H), t_end 2705-3640 d, fuel 329-462 kg
[08:29:19]   depth  5:  150 states (0 in H), t_end 3068-3583 d, fuel 407-472 kg
[08:29:19]   depth  6:  150 states (0 in H), t_end 3203-3746 d, fuel 417-503 kg
[08:29:19]   depth  7:  150 states (0 in H), t_end 3365-3778 d, fuel 450-533 kg
[08:29:19]   depth  8:  150 states (0 in H), t_end 3484-3755 d, fuel 481-559 kg
[08:29:19]   depth  9:  112 states (0 in H), t_end 3595-3780 d, fuel 504-584 kg
[08:29:19]   depth 10:    9 states (0 in H), t_end 3749-3779 d, fuel 542-591 kg
[08:29:19] candidates: 145 distinct committed target sets (n_new 1-3, potential 0-2)
[08:29:19] frontier: 16 candidates chosen (n fb / committed planner kg / continuation (lookahead) [full]; pot_mode lookahead, pot_cap None): 1fb/297kg/p0(0)[0], 1fb/298kg/p0(0)[0], 1fb/311kg/p2(0)[2], 1fb/322kg/p2(0)[2], 1fb/333kg/p3(1)[3], 1fb/335kg/p2(1)[2], 1fb/337kg/p3(1)[3], 1fb/340kg/p3(2)[3], 1fb/343kg/p2(1)[2], 1fb/366kg/p2(0)[2], 2fb/311kg/p0(0)[0], 2fb/311kg/p0(0)[0], 2fb/356kg/p2(1)[2], 3fb/353kg/p0(0)[0], 3fb/365kg/p0(0)[0], 3fb/378kg/p1(1)[1]
[08:29:19] budget: 223 s of 300 left for the settles + regrids (settle_wall 480)
[08:29:19]     settle 15: 129 @   2435 d -> ok lintwin tank 863.7 (+11.2) miss 61 km (2.2 s)
[08:29:20]     settle 14:  62 @   2460 d -> ok lintwin tank 768.9 (+11.3) miss 61 km (2.8 s)
[08:29:20]     settle 11:  52 @   2669 d -> ok lintwin tank 741.2 (+3.5) miss 61 km (1.3 s)
[08:29:20]     settle 11: 156 @   2453 d -> ok lintwin tank 707.6 (+2.8) miss 73 km (1.7 s)
[08:29:21]     settle 15: 220 @   2183 d -> ok lintwin tank 861.5 (+8.9) miss 58 km (1.7 s)
[08:29:22]     settle 11: 243 @   2685 d -> ok lintwin tank 739.4 (+1.7) miss 75 km (1.4 s)
[08:29:22]     settle 11: 129 @   2346 d -> ok lintwin tank 710.4 (+5.6) miss 65 km (1.7 s)
[08:29:23]     settle 14:  22 @   2396 d -> ok lintwin tank 862.6 (+105.0) miss 53 km (2.8 s)
[08:29:23]     settle 15: 277 @   2438 d -> ok lintwin tank 774.7 (+1.9) miss 53 km (3.6 s)
[08:29:23]     settle 11:  76 @   2645 d -> ok lintwin tank 741.1 (+14.2) miss 1 km (3.6 s)
[08:29:24]     settle 11: 222 @   2267 d -> ok lintwin tank 749.1 (+11.4) miss 71 km (1.1 s)
[08:29:24]     settle 15: 105 @   2347 d -> ok lintwin tank 877.5 (+24.9) miss 67 km (1.8 s)
[08:29:25]     settle 11:  38 @   2297 d -> ok lintwin tank 716.8 (+12.1) miss 78 km (2.1 s)
[08:29:25]     settle 11: 105 @   2335 d -> ok lintwin tank 759.9 (+22.2) miss 61 km (1.3 s)
[08:29:25]     settle 14: 182 @   2418 d -> ok lintwin tank 778.8 (+21.1) miss 75 km (2.2 s)
[08:29:26]     settle 15:  85 @   2507 d -> ok lintwin tank 790.0 (+17.3) miss 56 km (2.9 s)
[08:29:26]     settle 11: 186 @   2286 d -> ok lintwin tank 763.4 (+25.7) miss 39 km (0.6 s)
[08:29:27]     settle 15: 300 @   2265 d -> ok lintwin tank 894.4 (+41.8) miss 53 km (2.5 s)
[08:29:27]     settle 11: 257 @   2275 d -> ok lintwin tank 718.7 (+14.0) miss 66 km (2.4 s)
[08:29:28]     settle 11:  46 @   2391 d -> ok lintwin tank 751.3 (+13.6) miss 78 km (1.5 s)
[08:29:29]     settle  7: 286 @   2452 d -> FAIL [('lin', 493635.4), ('lam', 175743.5)] (17.7 s)
[08:29:29]     settle 15: 117 @   2247 d -> ok lintwin tank 874.9 (+22.3) miss 55 km (2.0 s)
[08:29:29]     settle 15:   9 @   2201 d -> ok lintwin tank 780.7 (+7.9) miss 58 km (2.5 s)
[08:29:29]     settle 11: 123 @   2355 d -> ok lintwin tank 736.5 (+31.7) miss 53 km (1.5 s)
[08:29:30]     settle 11:  43 @   2279 d -> ok lintwin tank 742.9 (+16.0) miss 78 km (2.6 s)
[08:29:31]     settle 12: 196 @   2665 d -> ok lin tank 851.8 (+24.5) miss 50 km (10.7 s)
[08:29:31]     settle 15: 209 @   2321 d -> ok lintwin tank 897.0 (+44.4) miss 70 km (1.7 s)
[08:29:32]     settle 11: 128 @   2293 d -> ok lintwin tank 737.4 (+32.6) miss 76 km (2.2 s)
[08:29:32]     settle 15: 190 @   2416 d -> ok lintwin tank 783.2 (+10.4) miss 76 km (2.5 s)
[08:29:32]     settle 11:  18 @   2327 d -> ok lintwin tank 758.5 (+20.8) miss 1 km (3.6 s)
[08:29:33]     settle 11: 222 @   2406 d -> ok lintwin tank 744.1 (+17.2) miss 79 km (2.7 s)
[08:29:33]     settle 16:   2 @   2645 d -> ok lintwin tank 861.2 (+2.4) miss 81 km (2.2 s)
[08:29:35]     settle 15: 283 @   2335 d -> ok lintwin tank 784.9 (+12.1) miss 47 km (2.3 s)
[08:29:35]     settle 11: 129 @   2430 d -> ok lam tank 774.8 (+37.1) miss 2 km (2.0 s)
[08:29:35]     settle 12: 266 @   2678 d -> ok lintwin tank 714.2 (+3.9) miss 68 km (3.0 s)
[08:29:36]     settle 11:  40 @   2415 d -> ok lintwin tank 736.1 (+-1.6) miss 50 km (0.5 s)
[08:29:36]     settle 16:   2 @   2652 d -> ok lintwin tank 865.9 (+5.8) miss 61 km (2.3 s)
[08:29:37]     settle 11: 280 @   2310 d -> ok lintwin tank 748.8 (+21.9) miss 2 km (3.3 s)
[08:29:37]     settle 11: 117 @   2261 d -> ok lintwin tank 746.7 (+9.0) miss 97 km (0.8 s)
[08:29:37]     settle 15: 246 @   2185 d -> ok lintwin tank 785.4 (+12.6) miss 82 km (2.3 s)
[08:29:38]     settle 11:  40 @   2424 d -> ok lintwin tank 736.2 (+-1.5) miss 2 km (0.3 s)
[08:29:38]     settle 12: 202 @   2653 d -> ok lintwin tank 713.0 (+2.6) miss 70 km (2.2 s)
[08:29:39]     settle 15:  65 @   2443 d -> ok lintwin tank 860.4 (+7.9) miss 37 km (1.0 s)
[08:29:39]     settle 12:  38 @   2330 d -> ok lam tank 735.4 (+16.7) miss 97 km (0.8 s)
[08:29:40]     settle 11:  44 @   2343 d -> ok lintwin tank 744.2 (+17.3) miss 64 km (2.8 s)
[08:29:40]     settle 12: 243 @   2686 d -> ok lintwin tank 746.6 (+10.4) miss 81 km (2.5 s)
[08:29:41]     settle 16:  69 @   2640 d -> ok lintwin tank 879.5 (+19.0) miss 68 km (2.5 s)
[08:29:41]     settle 12:  68 @   2365 d -> ok lin tank 865.2 (+38.0) miss 66 km (10.1 s)
[08:29:42]     settle 15: 149 @   2282 d -> ok lintwin tank 845.5 (+72.8) miss 1 km (4.0 s)
[08:29:42]     settle 11: 227 @   2336 d -> ok lintwin tank 740.9 (+3.2) miss 67 km (1.1 s)
[08:29:42]     settle 12: 291 @   2456 d -> ok lam tank 736.1 (+23.7) miss 78 km (2.5 s)
[08:29:43]     settle 16: 129 @   2438 d -> ok lintwin tank 864.3 (+2.8) miss 75 km (1.1 s)
[08:29:43]     settle 11: 103 @   2392 d -> ok lintwin tank 749.0 (+22.1) miss 83 km (3.0 s)
[08:29:43]     settle 12:  69 @   2625 d -> ok lintwin tank 745.8 (+4.9) miss 71 km (1.4 s)
[08:29:44]     settle 13:  64 @   2694 d -> ok lintwin tank 748.7 (+12.5) miss 71 km (1.7 s)
[08:29:45]     settle 15: 229 @   2189 d -> ok lintwin tank 850.6 (+77.8) miss 76 km (2.7 s)
[08:29:45]     settle 17: 270 @   2668 d -> ok lintwin tank 873.7 (+9.4) miss 47 km (2.1 s)
[08:29:45]     settle 14: 207 @   2313 d -> FAIL [('lam', 24216380.3)] (19.1 s)
[08:29:46]     settle 11: 190 @   2213 d -> ok lintwin tank 753.2 (+26.3) miss 53 km (2.8 s)
[08:29:47]     settle 14: 291 @   2464 d -> ok lintwin tank 786.8 (+29.1) miss 84 km (1.8 s)
[08:29:47]     settle 12:  46 @   2390 d -> ok lintwin tank 764.1 (+5.6) miss 5 km (3.5 s)
[08:29:47]     settle 12:  63 @   2453 d -> ok lintwin tank 729.9 (+19.5) miss 51 km (3.0 s)
[08:29:48]     settle 15:  14 @   2218 d -> ok lintwin tank 812.1 (+39.3) miss 76 km (3.1 s)
[08:29:49]     settle 15: 122 @   2578 d -> ok lintwin tank 766.8 (+4.2) miss 82 km (1.4 s)
[08:29:49]     settle 17:  83 @   2673 d -> ok lintwin tank 878.2 (+13.9) miss 0 km (4.0 s)
[08:29:49]     settle 15: 122 @   2570 d -> ok lintwin tank 770.0 (+6.9) miss 39 km (0.4 s)
[08:29:49]     settle 13: 239 @   2654 d -> ok lintwin tank 732.7 (+2.8) miss 81 km (1.8 s)
[08:29:50]     settle  7:  64 @   2692 d -> FAIL [('lin', 91707.0), ('lam', 7316687.5)] (21.4 s)
[08:29:50]     settle 16:  45 @   2695 d -> ok lintwin tank 792.6 (+17.9) miss 60 km (1.6 s)
[08:29:50]     settle 15:  62 @   2461 d -> ok lintwin tank 773.1 (+3.1) miss 25 km (0.3 s)
[08:29:51]     settle 11: 129 @   2434 d -> ok lintwin tank 768.9 (+42.0) miss 62 km (4.2 s)
[08:29:51]     settle 16: 122 @   2651 d -> ok lintwin tank 775.5 (+2.4) miss 70 km (0.3 s)
[08:29:51]     settle 12:  33 @   2531 d -> ok lintwin tank 770.0 (+10.0) miss 71 km (1.6 s)
[08:29:51]     settle 13:  12 @   2641 d -> ok lintwin tank 778.7 (+8.8) miss 17 km (0.5 s)
[08:29:52]     settle 15: 129 @   2433 d -> ok lintwin tank 864.8 (+12.2) miss 74 km (2.3 s)
[08:29:52]     settle 16: 114 @   2619 d -> ok lintwin tank 791.3 (+18.2) miss 55 km (1.1 s)
[08:29:52]     settle 13:  88 @   2510 d -> ok lintwin tank 752.7 (+17.3) miss 65 km (2.6 s)
[08:29:53]     settle 12:  40 @   2427 d -> ok lintwin tank 754.9 (+5.8) miss 83 km (1.9 s)
[08:29:54]     settle 15: 156 @   2455 d -> ok lintwin tank 785.5 (+15.4) miss 77 km (1.6 s)
[08:29:55]     settle 16: 114 @   2631 d -> ok lintwin tank 821.5 (+38.3) miss 1 km (4.3 s)
[08:29:55]     settle 12: 117 @   2581 d -> ok lintwin tank 772.7 (+31.0) miss 64 km (3.8 s)
[08:29:55]     settle 13: 243 @   2684 d -> ok lintwin tank 773.1 (+18.3) miss 73 km (1.7 s)
[08:29:55]     settle 12: 291 @   2457 d -> ok lintwin tank 758.7 (+41.9) miss 79 km (2.8 s)
[08:29:56]     settle 16:  45 @   2695 d -> ok lintwin tank 786.2 (+0.7) miss 73 km (2.0 s)
[08:29:56]     settle 16: 270 @   2578 d -> ok lintwin tank 864.4 (+-0.4) miss 76 km (4.2 s)
[08:29:57]   1 candidates dropped (settle failure / regrid failure / duplicate after truncation)
[08:29:57] RESULT s04_c2: 15 columns; frontier 1fb 5 kg p0/2 | 2fb 9 kg p0/2 | 3fb 18 kg p1/2; settles 18 (16 ok), regrids 15 (15 ok); wall 115 s of 300 (plan 64, price 1, settle 51; budget hit None, 0 unsettled)
[08:29:57]     settle 12: 267 @   2487 d -> ok lintwin tank 745.2 (+2.3) miss 50 km (1.8 s)
[08:29:57]     settle 16: 255 @   2482 d -> ok lintwin tank 820.4 (+8.3) miss 72 km (2.3 s)
[08:29:58]   job s04_c2 craft columns  15  levels 9  settles 16/18  end plan_done  wall 115.0 s
[08:29:58]     settle 13: 186 @   2602 d -> ok lintwin tank 771.6 (+12.8) miss 67 km (2.6 s)
[08:29:58]     settle 12:  18 @   2321 d -> ok lintwin tank 774.2 (+21.0) miss 18 km (0.7 s)
[08:29:59]     settle 12:  46 @   2393 d -> ok lintwin tank 764.1 (+5.6) miss 5 km (3.5 s)
[08:29:59]     settle 12: 249 @   2390 d -> FAIL [('lin', 320851.7), ('lam', 983485.4)] (17.5 s)
[08:30:00]     settle 14: 122 @   2665 d -> ok lintwin tank 789.6 (+18.0) miss 67 km (1.7 s)
[08:30:01]     settle 13: 182 @   2515 d -> ok lintwin tank 768.8 (+4.7) miss 50 km (1.8 s)
[08:30:01] RESULT s04_c6: 16 columns; frontier 1fb -2 kg p1/2 | 2fb 8 kg p0/1 | 3fb 31 kg p1/1; settles 21 (21 ok), regrids 16 (16 ok); wall 120 s of 300 (plan 77, price 1, settle 43; budget hit None, 0 unsettled)
[08:30:02]     settle 13:  41 @   2680 d -> ok lintwin tank 763.8 (+18.6) miss 57 km (3.0 s)
[08:30:02]     settle 16: 291 @   2446 d -> ok lintwin tank 840.7 (+60.1) miss 69 km (3.9 s)
[08:30:02]     settle 14: 190 @   2675 d -> ok lintwin tank 757.4 (+4.7) miss 65 km (1.2 s)
[08:30:02]   job s04_c6 craft columns  16  levels 10  settles 21/21  end plan_done  wall 119.8 s
[08:30:03]     settle 14:  12 @   2638 d -> ok lam tank 760.3 (+7.6) miss 65 km (0.5 s)
[08:30:03]     settle  7: 277 @   2436 d -> FAIL [('lam', 10336519.0)] (13.0 s)
[08:30:03]     settle 17: 247 @   2697 d -> FAIL [('lam', 34929585.9)] (7.2 s)
[08:30:04]     settle 12:  18 @   2398 d -> ok lintwin tank 746.4 (+3.5) miss 98 km (1.7 s)
[08:30:04] RESULT s04_c0: 16 columns; frontier 1fb 6 kg p2/2 | 2fb 8 kg p2/2 | 3fb 21 kg p0/0; settles 20 (19 ok), regrids 16 (16 ok); wall 122 s of 300 (plan 65, price 1, settle 57; budget hit None, 0 unsettled)
[08:30:04] RESULT s04_c3: 16 columns; frontier 1fb 3 kg p0/2 | 2fb 8 kg p1/1 | 3fb 28 kg p0/1 | 4fb 52 kg p1/1; settles 20 (20 ok), regrids 16 (16 ok); wall 122 s of 300 (plan 75, price 1, settle 47; budget hit None, 0 unsettled)
[08:30:04]   job s04_c0 craft columns  16  levels 9  settles 19/20  end plan_done  wall 122.2 s
[08:30:04]   job s04_c3 craft columns  16  levels 10  settles 20/20  end plan_done  wall 122.4 s
[08:30:05]     settle 17: 114 @   2630 d -> ok lintwin tank 892.9 (+52.2) miss 77 km (3.2 s)
[08:30:07]     settle 13: 231 @   2626 d -> ok lintwin tank 762.9 (+16.5) miss 84 km (3.1 s)
[08:30:07]     settle 16: 275 @   2560 d -> ok lintwin tank 809.8 (+25.0) miss 39 km (1.6 s)
[08:30:10]     settle 13:  46 @   2404 d -> ok lintwin tank 798.2 (+24.1) miss 79 km (3.1 s)
[08:30:12]     settle 17: 196 @   2695 d -> ok lintwin tank 843.3 (+33.5) miss 2 km (4.7 s)
[08:30:13]     settle 14: 243 @   2697 d -> ok lintwin tank 804.5 (+6.3) miss 76 km (2.9 s)
[08:30:14] RESULT s04_c5: 16 columns; frontier 1fb 13 kg p0/2 | 2fb 18 kg p1/2 | 3fb 36 kg p0/2 | 4fb 78 kg p0/0; settles 17 (17 ok), regrids 16 (16 ok); wall 132 s of 300 (plan 73, price 1, settle 59; budget hit None, 0 unsettled)
[08:30:14]   job s04_c5 craft columns  16  levels 10  settles 17/17  end plan_done  wall 132.2 s
[08:30:14]     settle 17:  70 @   2542 d -> ok lintwin tank 828.1 (+7.7) miss 73 km (2.4 s)
[08:30:15] RESULT s04_c1: 16 columns; frontier 1fb 2 kg p0/2 | 2fb 20 kg p0/2 | 3fb 55 kg p2/2; settles 18 (18 ok), regrids 16 (16 ok); wall 133 s of 300 (plan 68, price 1, settle 65; budget hit None, 0 unsettled)
[08:30:16]   job s04_c1 craft columns  16  levels 10  settles 18/18  end plan_done  wall 133.2 s
[08:30:21]     settle 12: 109 @   2575 d -> FAIL [('lin', 359259.2), ('lam', 4847654.3)] (21.2 s)
[08:30:23]     settle  7: 114 @   2626 d -> FAIL [('lin', 96583.8), ('lam', 11365498.4)] (20.0 s)
[08:30:26]     settle 12:  47 @   2505 d -> ok lin tank 904.2 (+76.9) miss 0 km (4.9 s)
[08:30:40]     settle  7:  14 @   2255 d -> FAIL [('lin', 78999.7), ('lam', 155854.2)] (16.6 s)
[08:30:43]     settle 12: 136 @   2355 d -> ok lam tank 874.8 (+47.5) miss 46 km (15.3 s)
[08:30:50]     settle  7:  76 @   2161 d -> FAIL [('lam', 3706021.3)] (10.4 s)
[08:30:50]     settle 12:  70 @   2535 d -> FAIL [('lam', 2296038.8)] (5.5 s)
[08:30:53]     settle 13: 255 @   2470 d -> ok lintwin tank 1347.4 (+507.6) miss 88 km (2.6 s)
[08:30:59]     settle  7: 246 @   2219 d -> FAIL [('lam', 4628669.8)] (9.0 s)
[08:31:09]     settle 13: 155 @   2675 d -> ok lin tank 850.8 (+11.0) miss 17 km (10.4 s)
[08:31:14]     settle 13:  70 @   2555 d -> ok lam tank 894.9 (+29.7) miss 8 km (4.8 s)
[08:31:15]     settle 14: 196 @   2666 d -> ok lam tank 908.3 (+13.4) miss 8 km (0.6 s)
[08:31:15]     settle  7: 292 @   2550 d -> FAIL [('lam', 269179.6)] (15.7 s)
[08:31:15]   16 candidates dropped (settle failure / regrid failure / duplicate after truncation)
[08:31:15] RESULT s04_c7: 0 columns; frontier ; settles 16 (0 ok), regrids 0 (0 ok); wall 193 s of 300 (plan 69, price 0, settle 124; budget hit None, 0 unsettled)
[08:31:16]   job s04_c7 craft columns   0  levels 10  settles 0/16  end plan_done  wall 193.4 s
[08:31:29]     settle 12:  68 @   2375 d -> FAIL [('lin', 361498.8), ('lam', 2395431.3)] (11.1 s)
[08:31:29]   7 candidates dropped (settle failure / regrid failure / duplicate after truncation)
[08:31:29] RESULT s04_c4: 9 columns; frontier 1fb 12 kg p0/2 | 2fb 23 kg p0/0 | 3fb 83 kg p0/0; settles 14 (10 ok), regrids 9 (9 ok); wall 207 s of 300 (plan 65, price 1, settle 143; budget hit None, 0 unsettled)
[08:31:30]   job s04_c4 craft columns   9  levels 9  settles 10/14  end plan_done  wall 207.3 s
[08:31:30] [slice 4] propose: 104 columns (0 bad dropped) in 208.8 s
[08:31:30] [slice 4] auction: 104 columns, kept 102, dropped {'fuel': 1, 'ramp': 1}; lam 0.30 H_eff 540 d fuel budget 482 kg quota on
[08:31:30] [slice 4] auction: status optimal objective 31.764 vars 102 rows 45 chosen 7 fuel 254/482 kg (0.013 s)
[08:31:32] [slice 4 T=2160 d] launched 8/8  covered 108  remaining 190  fuel 1497 kg  sumJi 9.2273  chosen: c0:3(+20) c1:3(+55) c2:3(+33) c3:4(+52) c4:1(+24) c5:3(+37) c6:3(+31)  rejected: -  (wall 211 s)
[08:31:32] [slice 5 T=2700 d] propose: 8 jobs (8 craft, 0 root) on 9 workers, proposer planbeam, H_eff 540 d, lam 0.3
[08:31:32] job s05_c7 (craft, craft 7, planbeam): T 2700 d H 540 L 360; plan horizon 4320 d; remaining 190; prize >1 on 83; width 150 npt 6 mc 150 dv 1.2 drmax 0.15 plan_wall 240 s; quota {'fil': 10, 'med': 16}
[08:31:32] job s05_c6 (craft, craft 6, planbeam): T 2700 d H 540 L 360; plan horizon 4320 d; remaining 190; prize >1 on 83; width 150 npt 6 mc 150 dv 1.2 drmax 0.15 plan_wall 240 s; quota {'fil': 9, 'med': 13}
[08:31:32] job s05_c0 (craft, craft 0, planbeam): T 2700 d H 540 L 360; plan horizon 4320 d; remaining 190; prize >1 on 83; width 150 npt 6 mc 150 dv 1.2 drmax 0.15 plan_wall 240 s; quota {'fil': 7, 'med': 15}
[08:31:32] job s05_c5 (craft, craft 5, planbeam): T 2700 d H 540 L 360; plan horizon 4320 d; remaining 190; prize >1 on 83; width 150 npt 6 mc 150 dv 1.2 drmax 0.15 plan_wall 240 s; quota {'fil': 10, 'med': 13}
[08:31:32] job s05_c4 (craft, craft 4, planbeam): T 2700 d H 540 L 360; plan horizon 4320 d; remaining 190; prize >1 on 83; width 150 npt 6 mc 150 dv 1.2 drmax 0.15 plan_wall 240 s; quota {'fil': 8, 'med': 14}
[08:31:32] job s05_c3 (craft, craft 3, planbeam): T 2700 d H 540 L 360; plan horizon 4320 d; remaining 190; prize >1 on 83; width 150 npt 6 mc 150 dv 1.2 drmax 0.15 plan_wall 240 s; quota {'fil': 8, 'med': 13}
[08:31:32] job s05_c2 (craft, craft 2, planbeam): T 2700 d H 540 L 360; plan horizon 4320 d; remaining 190; prize >1 on 83; width 150 npt 6 mc 150 dv 1.2 drmax 0.15 plan_wall 240 s; quota {'fil': 5, 'med': 16}
[08:31:32] job s05_c1 (craft, craft 1, planbeam): T 2700 d H 540 L 360; plan horizon 4320 d; remaining 190; prize >1 on 83; width 150 npt 6 mc 150 dv 1.2 drmax 0.15 plan_wall 240 s; quota {'fil': 6, 'med': 15}
[08:31:32] prefix slices/s05/in/craft_7.npz: 6 flybys, t_end 1661.4 d, tank 664.2 kg (planner view), miss 92.7 km, nreg 73
[08:31:32] budget: job_wall 300 s, 300 s left before the plan -> plan cap 210 s (plan_wall 240, settle_reserve 90)
[08:31:32] prefix slices/s05/in/craft_0.npz: 17 flybys, t_end 2669.7 d, tank 873.1 kg (planner view), miss 28.0 km, nreg 136
[08:31:32] budget: job_wall 300 s, 300 s left before the plan -> plan cap 210 s (plan_wall 240, settle_reserve 90)
[08:31:32] prefix slices/s05/in/craft_3.npz: 14 flybys, t_end 2639.2 d, tank 757.0 kg (planner view), miss 20.1 km, nreg 128
[08:31:32] budget: job_wall 300 s, 300 s left before the plan -> plan cap 210 s (plan_wall 240, settle_reserve 90)
[08:31:32] prefix slices/s05/in/craft_6.npz: 13 flybys, t_end 2512.6 d, tank 768.8 kg (planner view), miss 20.4 km, nreg 117
[08:31:32] budget: job_wall 300 s, 300 s left before the plan -> plan cap 210 s (plan_wall 240, settle_reserve 90)
[08:31:32] prefix slices/s05/in/craft_4.npz: 12 flybys, t_end 2667.7 d, tank 851.3 kg (planner view), miss 53.6 km, nreg 128
[08:31:32] budget: job_wall 300 s, 300 s left before the plan -> plan cap 210 s (plan_wall 240, settle_reserve 90)
[08:31:32] prefix slices/s05/in/craft_1.npz: 17 flybys, t_end 2548.9 d, tank 827.8 kg (planner view), miss 4.4 km, nreg 126
[08:31:32] budget: job_wall 300 s, 300 s left before the plan -> plan cap 210 s (plan_wall 240, settle_reserve 90)
[08:31:32] prefix slices/s05/in/craft_2.npz: 16 flybys, t_end 2619.1 d, tank 791.1 kg (planner view), miss 0.5 km, nreg 129
[08:31:32] budget: job_wall 300 s, 300 s left before the plan -> plan cap 210 s (plan_wall 240, settle_reserve 90)
[08:31:32] prefix slices/s05/in/craft_5.npz: 13 flybys, t_end 2680.0 d, tank 763.6 kg (planner view), miss 4.0 km, nreg 127
[08:31:32] budget: job_wall 300 s, 300 s left before the plan -> plan cap 210 s (plan_wall 240, settle_reserve 90)
[08:31:46] first level (both): 0 production + 40 relaxed (dv 2.5, 0.3 AU; 0.1 s) + 0 lintwin children -> 24 unique (13.3 s)
[08:31:46] plan start: prefix 14 flybys, t_end 2639.2 d, planner mass 1271.4 kg (dv 9.018 km/s); 24 first-level states
[08:31:46] first level (both): 0 production + 89 relaxed (dv 2.5, 0.3 AU; 0.1 s) + 0 lintwin children -> 52 unique (13.3 s)
[08:31:46] plan start: prefix 12 flybys, t_end 2667.7 d, planner mass 1130.6 kg (dv 13.623 km/s); 52 first-level states
[08:31:47] first level (both): 0 production + 74 relaxed (dv 2.5, 0.3 AU; 0.1 s) + 63 lintwin children -> 109 unique (14.8 s)
[08:31:47] plan start: prefix 13 flybys, t_end 2680.0 d, planner mass 1260.4 kg (dv 9.360 km/s); 109 first-level states
[08:31:48] first level (both): 0 production + 50 relaxed (dv 2.5, 0.3 AU; 0.1 s) + 78 lintwin children -> 100 unique (15.1 s)
[08:31:48] plan start: prefix 13 flybys, t_end 2512.6 d, planner mass 1251.9 kg (dv 9.625 km/s); 100 first-level states
[08:31:48] first level (both): 0 production + 91 relaxed (dv 2.5, 0.3 AU; 0.1 s) + 72 lintwin children -> 121 unique (15.2 s)
[08:31:48] plan start: prefix 17 flybys, t_end 2548.9 d, planner mass 1162.7 kg (dv 12.525 km/s); 121 first-level states
[08:31:48] first level (both): 0 production + 0 relaxed (dv 2.5, 0.3 AU; 0.0 s) + 100 lintwin children -> 100 unique (15.5 s)
[08:31:48] plan start: prefix 6 flybys, t_end 1661.4 d, planner mass 1448.9 kg (dv 3.893 km/s); 100 first-level states
[08:31:49] first level (both): 0 production + 38 relaxed (dv 2.5, 0.3 AU; 0.1 s) + 64 lintwin children -> 85 unique (16.2 s)
[08:31:49] plan start: prefix 16 flybys, t_end 2619.1 d, planner mass 1216.6 kg (dv 10.746 km/s); 85 first-level states
[08:31:49] first level (both): 0 production + 59 relaxed (dv 2.5, 0.3 AU; 0.1 s) + 59 lintwin children -> 85 unique (16.6 s)
[08:31:49] plan start: prefix 17 flybys, t_end 2669.7 d, planner mass 1102.3 kg (dv 14.615 km/s); 85 first-level states
[08:32:27] plan: 883 states, depth 8 new flybys, end plan_done (54 s); deepest 8 new to 4318 d at planner fuel 583 kg
[08:32:27]   depth  1:   85 states (77 in H), t_end 2725-3334 d, fuel 387-473 kg
[08:32:27]   depth  2:  150 states (75 in H), t_end 2976-3784 d, fuel 403-502 kg
[08:32:27]   depth  3:  150 states (11 in H), t_end 3215-4089 d, fuel 428-531 kg
[08:32:27]   depth  4:  150 states (0 in H), t_end 3464-4318 d, fuel 457-550 kg
[08:32:27]   depth  5:  150 states (0 in H), t_end 3756-4244 d, fuel 483-571 kg
[08:32:27]   depth  6:  150 states (0 in H), t_end 3872-4318 d, fuel 498-595 kg
[08:32:27]   depth  7:   46 states (0 in H), t_end 4133-4312 d, fuel 534-614 kg
[08:32:27]   depth  8:    2 states (0 in H), t_end 4242-4318 d, fuel 583-600 kg
[08:32:27] candidates: 105 distinct committed target sets (n_new 1-3, potential 0-3)
[08:32:27] frontier: 16 candidates chosen (n fb / committed planner kg / continuation (lookahead) [full]; pot_mode lookahead, pot_cap None): 1fb/387kg/p1(1)[1], 1fb/393kg/p2(1)[2], 1fb/404kg/p2(2)[2], 1fb/406kg/p3(2)[3], 1fb/409kg/p2(1)[2], 1fb/414kg/p2(2)[2], 1fb/418kg/p3(2)[3], 1fb/418kg/p2(1)[2], 1fb/421kg/p3(3)[3], 1fb/426kg/p2(0)[2], 2fb/415kg/p0(0)[0], 2fb/418kg/p0(0)[0], 2fb/437kg/p2(2)[2], 3fb/466kg/p0(0)[0], 3fb/473kg/p0(0)[0], 3fb/491kg/p0(0)[0]
[08:32:27] budget: 246 s of 300 left for the settles + regrids (settle_wall 480)
[08:32:27]     settle 17: 190 @   3034 d -> ok lintwin tank 794.4 (+3.4) miss 80 km (0.4 s)
[08:32:31]     settle 17: 200 @   3057 d -> ok lintwin tank 805.9 (+14.8) miss 68 km (2.8 s)
[08:32:34]     settle 17:  20 @   2983 d -> ok lintwin tank 803.2 (+12.2) miss 78 km (3.0 s)
[08:32:35]     settle 17: 295 @   2859 d -> ok lintwin tank 806.0 (+14.9) miss 54 km (0.4 s)
[08:32:38]     settle 17: 158 @   3002 d -> ok lintwin tank 842.1 (+51.1) miss 76 km (2.7 s)
[08:32:38] plan: 1120 states, depth 9 new flybys, end plan_done (66 s); deepest 9 new to 4317 d at planner fuel 588 kg
[08:32:38]   depth  1:  109 states (100 in H), t_end 2785-3330 d, fuel 348-432 kg
[08:32:38]   depth  2:  150 states (109 in H), t_end 2997-3817 d, fuel 355-466 kg
[08:32:38]   depth  3:  150 states (11 in H), t_end 3176-3968 d, fuel 379-487 kg
[08:32:38]   depth  4:  150 states (0 in H), t_end 3313-4125 d, fuel 385-506 kg
[08:32:38]   depth  5:  150 states (0 in H), t_end 3613-4268 d, fuel 409-521 kg
[08:32:38]   depth  6:  150 states (0 in H), t_end 3766-4320 d, fuel 426-557 kg
[08:32:38]   depth  7:  150 states (0 in H), t_end 3903-4319 d, fuel 460-585 kg
[08:32:38]   depth  8:   91 states (0 in H), t_end 4013-4320 d, fuel 483-617 kg
[08:32:38]   depth  9:   20 states (0 in H), t_end 4176-4317 d, fuel 588-618 kg
[08:32:38] candidates: 98 distinct committed target sets (n_new 1-3, potential 0-3)
[08:32:38] frontier: 16 candidates chosen (n fb / committed planner kg / continuation (lookahead) [full]; pot_mode lookahead, pot_cap None): 1fb/349kg/p1(1)[1], 1fb/354kg/p3(2)[3], 1fb/355kg/p3(2)[3], 1fb/358kg/p2(2)[2], 1fb/365kg/p2(0)[2], 1fb/367kg/p2(1)[2], 1fb/369kg/p2(1)[2], 1fb/376kg/p3(2)[3], 1fb/390kg/p3(2)[3], 1fb/391kg/p3(3)[3], 2fb/356kg/p2(2)[2], 2fb/372kg/p1(1)[1], 2fb/375kg/p1(1)[1], 3fb/415kg/p0(0)[0], 3fb/426kg/p0(0)[0], 3fb/440kg/p0(0)[0]
[08:32:38] budget: 234 s of 300 left for the settles + regrids (settle_wall 480)
[08:32:38] plan: 1128 states, depth 9 new flybys, end plan_done (66 s); deepest 9 new to 4291 d at planner fuel 475 kg
[08:32:38]   depth  1:   24 states (24 in H), t_end 2830-3239 d, fuel 331-415 kg
[08:32:38]   depth  2:  150 states (69 in H), t_end 2931-3749 d, fuel 333-452 kg
[08:32:38]   depth  3:  150 states (5 in H), t_end 3186-4119 d, fuel 339-484 kg
[08:32:38]   depth  4:  150 states (0 in H), t_end 3290-4319 d, fuel 365-511 kg
[08:32:38]   depth  5:  150 states (0 in H), t_end 3536-4261 d, fuel 385-540 kg
[08:32:38]   depth  6:  150 states (0 in H), t_end 3692-4319 d, fuel 398-554 kg
[08:32:38]   depth  7:  150 states (0 in H), t_end 3957-4319 d, fuel 420-587 kg
[08:32:38]   depth  8:  150 states (0 in H), t_end 4030-4319 d, fuel 435-578 kg
[08:32:38]   depth  9:   54 states (0 in H), t_end 4172-4319 d, fuel 475-605 kg
[08:32:38] candidates: 66 distinct committed target sets (n_new 1-3, potential 0-3)
[08:32:38] frontier: 16 candidates chosen (n fb / committed planner kg / continuation (lookahead) [full]; pot_mode lookahead, pot_cap None): 1fb/331kg/p4(2)[4], 1fb/351kg/p1(1)[1], 1fb/364kg/p2(2)[2], 1fb/366kg/p3(2)[3], 1fb/370kg/p2(2)[2], 1fb/379kg/p3(2)[3], 1fb/391kg/p3(2)[3], 1fb/391kg/p3(2)[3], 1fb/412kg/p4(3)[4], 1fb/415kg/p3(2)[3], 2fb/333kg/p3(2)[3], 2fb/351kg/p2(2)[2], 2fb/365kg/p0(0)[0], 3fb/339kg/p2(2)[2], 3fb/365kg/p0(0)[0], 3fb/372kg/p2(2)[2]
[08:32:38] budget: 234 s of 300 left for the settles + regrids (settle_wall 480)
[08:32:39]     settle 15:  53 @   2856 d -> ok lam tank 757.8 (+0.8) miss 74 km (0.9 s)
[08:32:40] plan: 1240 states, depth 10 new flybys, end plan_done (68 s); deepest 10 new to 4271 d at planner fuel 390 kg
[08:32:40]   depth  1:  100 states (87 in H), t_end 2708-3339 d, fuel 151-256 kg
[08:32:40]   depth  2:  150 states (103 in H), t_end 2897-3709 d, fuel 165-282 kg
[08:32:40]   depth  3:  150 states (73 in H), t_end 3010-3890 d, fuel 177-302 kg
[08:32:40]   depth  4:  150 states (6 in H), t_end 3222-4170 d, fuel 218-329 kg
[08:32:40]   depth  5:  150 states (0 in H), t_end 3344-4243 d, fuel 227-347 kg
[08:32:40]   depth  6:  150 states (0 in H), t_end 3621-4319 d, fuel 242-387 kg
[08:32:40]   depth  7:  150 states (0 in H), t_end 3816-4298 d, fuel 278-422 kg
[08:32:40]   depth  8:  141 states (0 in H), t_end 3976-4319 d, fuel 293-437 kg
[08:32:40]   depth  9:   87 states (0 in H), t_end 4123-4305 d, fuel 354-473 kg
[08:32:40]   depth 10:   12 states (0 in H), t_end 4271-4307 d, fuel 390-469 kg
[08:32:40] candidates: 186 distinct committed target sets (n_new 1-4, potential 0-3)
[08:32:40] frontier: 16 candidates chosen (n fb / committed planner kg / continuation (lookahead) [full]; pot_mode lookahead, pot_cap None): 1fb/151kg/p2(0)[2], 1fb/151kg/p1(1)[1], 1fb/152kg/p4(2)[4], 1fb/153kg/p4(2)[4], 1fb/160kg/p4(1)[4], 1fb/169kg/p4(1)[4], 1fb/194kg/p4(1)[4], 2fb/165kg/p1(0)[1], 2fb/165kg/p1(1)[1], 2fb/175kg/p3(2)[3], 3fb/177kg/p0(0)[0], 3fb/182kg/p0(0)[0], 3fb/207kg/p2(2)[2], 4fb/236kg/p1(1)[1], 4fb/242kg/p0(0)[0], 4fb/253kg/p0(0)[0]
[08:32:40] budget: 232 s of 300 left for the settles + regrids (settle_wall 480)
[08:32:41]     settle 14:  58 @   3101 d -> ok lintwin tank 769.8 (+6.2) miss 63 km (2.7 s)
[08:32:41]     settle 15:  37 @   3149 d -> ok lin tank 766.7 (+9.8) miss 64 km (1.2 s)
[08:32:41]     settle 17: 203 @   2994 d -> ok lintwin tank 812.9 (+21.8) miss 81 km (2.9 s)
[08:32:44] plan: 1230 states, depth 11 new flybys, end plan_done (72 s); deepest 11 new to 4195 d at planner fuel 735 kg
[08:32:44]   depth  1:   52 states (52 in H), t_end 2777-3238 d, fuel 475-552 kg
[08:32:44]   depth  2:  150 states (113 in H), t_end 2877-3568 d, fuel 490-588 kg
[08:32:44]   depth  3:  150 states (50 in H), t_end 3020-3747 d, fuel 516-619 kg
[08:32:44]   depth  4:  150 states (1 in H), t_end 3216-3957 d, fuel 540-648 kg
[08:32:44]   depth  5:  150 states (0 in H), t_end 3401-4166 d, fuel 572-674 kg
[08:32:44]   depth  6:  150 states (0 in H), t_end 3649-4275 d, fuel 591-696 kg
[08:32:44]   depth  7:  150 states (0 in H), t_end 3775-4308 d, fuel 640-724 kg
[08:32:44]   depth  8:  150 states (0 in H), t_end 3949-4310 d, fuel 656-742 kg
[08:32:44]   depth  9:  101 states (0 in H), t_end 4049-4311 d, fuel 685-765 kg
[08:32:44]   depth 10:   24 states (0 in H), t_end 4125-4310 d, fuel 694-783 kg
[08:32:44]   depth 11:    3 states (0 in H), t_end 4195-4202 d, fuel 735-739 kg
[08:32:44] candidates: 114 distinct committed target sets (n_new 1-4, potential 0-2)
[08:32:44] frontier: 16 candidates chosen (n fb / committed planner kg / continuation (lookahead) [full]; pot_mode lookahead, pot_cap None): 1fb/475kg/p1(0)[1], 1fb/494kg/p4(2)[4], 1fb/497kg/p1(1)[1], 1fb/501kg/p2(0)[2], 1fb/522kg/p3(0)[3], 1fb/527kg/p4(2)[4], 1fb/537kg/p3(2)[3], 1fb/552kg/p4(2)[4], 1fb/552kg/p3(1)[3], 2fb/490kg/p0(0)[0], 2fb/502kg/p0(0)[0], 2fb/526kg/p3(2)[3], 3fb/547kg/p0(0)[0], 3fb/548kg/p0(0)[0], 3fb/557kg/p2(2)[2], 4fb/605kg/p0(0)[0]
[08:32:44] budget: 228 s of 300 left for the settles + regrids (settle_wall 480)
[08:32:45]     settle 15:  23 @   3189 d -> ok lin tank 766.0 (+9.1) miss 70 km (3.2 s)
[08:32:45]     settle 14: 262 @   2865 d -> ok lintwin tank 770.8 (+7.2) miss 5 km (3.6 s)
[08:32:45]     settle 13: 168 @   2786 d -> ok lam tank 855.2 (+4.0) miss 97 km (0.6 s)
[08:32:45]     settle 17: 180 @   3019 d -> ok lintwin tank 831.9 (+40.9) miss 80 km (3.4 s)
[08:32:46]     settle 17: 289 @   2805 d -> ok lintwin tank 806.8 (+15.8) miss 71 km (0.9 s)
[08:32:47]     settle 14: 229 @   2845 d -> ok lintwin tank 770.1 (+6.6) miss 73 km (1.4 s)
[08:32:49] plan: 1308 states, depth 10 new flybys, end plan_done (76 s); deepest 10 new to 4286 d at planner fuel 593 kg
[08:32:49]   depth  1:  100 states (87 in H), t_end 2705-3325 d, fuel 360-440 kg
[08:32:49]   depth  2:  150 states (77 in H), t_end 2860-3738 d, fuel 379-469 kg
[08:32:49]   depth  3:  150 states (51 in H), t_end 3013-3848 d, fuel 390-500 kg
[08:32:49]   depth  4:  150 states (1 in H), t_end 3178-4127 d, fuel 438-514 kg
[08:32:49]   depth  5:  150 states (0 in H), t_end 3406-4245 d, fuel 466-532 kg
[08:32:49]   depth  6:  150 states (0 in H), t_end 3542-4287 d, fuel 497-560 kg
[08:32:49]   depth  7:  150 states (0 in H), t_end 3867-4308 d, fuel 515-582 kg
[08:32:49]   depth  8:  150 states (0 in H), t_end 3966-4320 d, fuel 537-611 kg
[08:32:49]   depth  9:  150 states (0 in H), t_end 4176-4320 d, fuel 561-641 kg
[08:32:49]   depth 10:    8 states (0 in H), t_end 4272-4286 d, fuel 593-628 kg
[08:32:49] candidates: 130 distinct committed target sets (n_new 1-4, potential 0-3)
[08:32:49] frontier: 16 candidates chosen (n fb / committed planner kg / continuation (lookahead) [full]; pot_mode lookahead, pot_cap None): 1fb/360kg/p2(1)[2], 1fb/365kg/p2(2)[2], 1fb/367kg/p2(1)[2], 1fb/381kg/p2(0)[2], 1fb/386kg/p2(0)[2], 1fb/388kg/p3(1)[3], 1fb/403kg/p3(1)[3], 1fb/414kg/p5(3)[5], 1fb/417kg/p4(2)[4], 2fb/379kg/p1(1)[1], 2fb/389kg/p1(1)[1], 2fb/441kg/p4(3)[4], 3fb/422kg/p0(0)[0], 3fb/443kg/p1(1)[1], 3fb/460kg/p3(3)[3], 4fb/491kg/p0(0)[0]
[08:32:49] budget: 224 s of 300 left for the settles + regrids (settle_wall 480)
[08:32:49]     settle 17:  28 @   3139 d -> ok lintwin tank 803.7 (+12.6) miss 82 km (2.2 s)
[08:32:49] plan: 1293 states, depth 10 new flybys, end plan_done (77 s); deepest 10 new to 4276 d at planner fuel 658 kg
[08:32:49]   depth  1:  121 states (112 in H), t_end 2707-3339 d, fuel 447-522 kg
[08:32:49]   depth  2:  150 states (134 in H), t_end 2806-3620 d, fuel 457-555 kg
[08:32:49]   depth  3:  150 states (101 in H), t_end 2981-3918 d, fuel 483-573 kg
[08:32:49]   depth  4:  150 states (10 in H), t_end 3170-4164 d, fuel 491-595 kg
[08:32:49]   depth  5:  150 states (0 in H), t_end 3389-4112 d, fuel 508-608 kg
[08:32:49]   depth  6:  150 states (0 in H), t_end 3566-4276 d, fuel 547-635 kg
[08:32:49]   depth  7:  150 states (0 in H), t_end 3765-4242 d, fuel 572-655 kg
[08:32:49]   depth  8:  150 states (0 in H), t_end 3870-4272 d, fuel 594-669 kg
[08:32:49]   depth  9:  113 states (0 in H), t_end 4044-4319 d, fuel 611-680 kg
[08:32:49]   depth 10:    9 states (0 in H), t_end 4184-4310 d, fuel 658-698 kg
[08:32:49] candidates: 200 distinct committed target sets (n_new 1-4, potential 0-2)
[08:32:49] frontier: 16 candidates chosen (n fb / committed planner kg / continuation (lookahead) [full]; pot_mode lookahead, pot_cap None): 1fb/447kg/p2(0)[2], 1fb/452kg/p1(0)[1], 1fb/462kg/p5(2)[5], 1fb/462kg/p3(1)[3], 1fb/464kg/p3(1)[3], 1fb/486kg/p3(1)[3], 2fb/457kg/p0(0)[0], 2fb/463kg/p1(0)[1], 2fb/492kg/p3(2)[3], 2fb/496kg/p4(2)[4], 3fb/483kg/p0(0)[0], 3fb/486kg/p0(0)[0], 3fb/528kg/p3(2)[3], 4fb/526kg/p0(0)[0], 4fb/531kg/p0(0)[0], 4fb/542kg/p2(2)[2]
[08:32:49] budget: 223 s of 300 left for the settles + regrids (settle_wall 480)
[08:32:50]     settle 14:   3 @   3081 d -> ok lintwin tank 774.0 (+10.4) miss 44 km (2.6 s)
[08:32:50] plan: 1284 states, depth 10 new flybys, end plan_done (78 s); deepest 10 new to 4243 d at planner fuel 739 kg
[08:32:50]   depth  1:   85 states (77 in H), t_end 2712-3323 d, fuel 517-579 kg
[08:32:50]   depth  2:  150 states (69 in H), t_end 2851-3838 d, fuel 529-610 kg
[08:32:50]   depth  3:  150 states (15 in H), t_end 3076-4160 d, fuel 567-633 kg
[08:32:50]   depth  4:  150 states (0 in H), t_end 3348-4165 d, fuel 593-660 kg
[08:32:50]   depth  5:  150 states (0 in H), t_end 3669-4254 d, fuel 604-690 kg
[08:32:50]   depth  6:  150 states (0 in H), t_end 3749-4291 d, fuel 628-718 kg
[08:32:50]   depth  7:  150 states (0 in H), t_end 3847-4287 d, fuel 649-743 kg
[08:32:50]   depth  8:  150 states (0 in H), t_end 3969-4302 d, fuel 672-767 kg
[08:32:50]   depth  9:  136 states (0 in H), t_end 4008-4319 d, fuel 688-790 kg
[08:32:50]   depth 10:   13 states (0 in H), t_end 4239-4310 d, fuel 739-792 kg
[08:32:50] candidates: 98 distinct committed target sets (n_new 1-3, potential 0-2)
[08:32:50] frontier: 16 candidates chosen (n fb / committed planner kg / continuation (lookahead) [full]; pot_mode lookahead, pot_cap None): 1fb/517kg/p0(0)[0], 1fb/518kg/p1(1)[1], 1fb/526kg/p2(0)[2], 1fb/535kg/p2(1)[2], 1fb/544kg/p2(1)[2], 1fb/547kg/p3(1)[3], 1fb/552kg/p3(2)[3], 1fb/558kg/p2(2)[2], 1fb/561kg/p3(2)[3], 1fb/567kg/p3(1)[3], 2fb/529kg/p0(0)[0], 2fb/533kg/p1(0)[1], 2fb/563kg/p2(1)[2], 3fb/569kg/p0(0)[0], 3fb/594kg/p1(1)[1], 3fb/606kg/p0(0)[0]
[08:32:50] budget: 222 s of 300 left for the settles + regrids (settle_wall 480)
[08:32:52]     settle 14: 280 @   2975 d -> ok lintwin tank 768.2 (+4.6) miss 77 km (1.6 s)
[08:32:52]     settle 14: 171 @   2829 d -> ok lintwin tank 772.4 (+3.6) miss 3 km (3.7 s)
[08:32:53]     settle 18: 118 @   3218 d -> ok lintwin tank 895.1 (+22.1) miss 76 km (2.3 s)
[08:32:53]     settle 15: 166 @   2969 d -> FAIL [('lam', 1052586.6)] (6.9 s)
[08:32:54]     settle 14:  75 @   3070 d -> ok lintwin tank 789.7 (+26.1) miss 72 km (1.5 s)
[08:32:54]     settle 17: 165 @   2929 d -> ok lintwin tank 843.5 (+52.4) miss 65 km (5.0 s)
[08:32:55]     settle 13: 100 @   2898 d -> ok lin tank 852.3 (+1.1) miss 55 km (9.3 s)
[08:32:55]     settle 15: 290 @   3229 d -> ok lin tank 756.8 (+-0.2) miss 64 km (2.2 s)
[08:32:55]     settle 18: 194 @   2990 d -> ok lintwin tank 808.8 (+2.8) miss 28 km (0.3 s)
[08:32:55]     settle 18: 201 @   3222 d -> ok lintwin tank 877.0 (+3.9) miss 62 km (2.3 s)
[08:32:56]     settle 18: 242 @   2711 d -> FAIL [('lam', 6421949.1)] (6.8 s)
[08:32:56]     settle 18: 190 @   3034 d -> ok lintwin tank 806.8 (+3.5) miss 24 km (0.4 s)
[08:32:57]     settle 14: 190 @   2892 d -> ok lintwin tank 778.4 (+14.8) miss 72 km (2.5 s)
[08:32:58]     settle 18: 100 @   2845 d -> ok lintwin tank 888.4 (+15.4) miss 40 km (2.5 s)
[08:32:59]     settle 18:  28 @   3145 d -> ok lintwin tank 818.0 (+12.0) miss 80 km (2.2 s)
[08:32:59]     settle 18: 229 @   2862 d -> ok lintwin tank 831.2 (+3.4) miss 10 km (2.7 s)
[08:32:59]     settle 14:  23 @   3180 d -> ok lintwin tank 772.3 (+3.5) miss 3 km (4.2 s)
[08:33:00]     settle 14: 132 @   2822 d -> ok lintwin tank 791.7 (+28.1) miss 64 km (2.1 s)
[08:33:01]     settle 18: 222 @   2940 d -> ok lintwin tank 897.9 (+24.9) miss 23 km (2.0 s)
[08:33:01]     settle 15: 106 @   2954 d -> ok lam tank 778.9 (+21.9) miss 1 km (5.5 s)
[08:33:01]     settle  7:   6 @   2741 d -> FAIL [('lin', 576837.6), ('lam', 164370.3)] (21.4 s)
[08:33:02]     settle 18: 204 @   3071 d -> ok lintwin tank 827.4 (+20.6) miss 75 km (2.8 s)
[08:33:03]     settle 18:  50 @   2707 d -> ok lintwin tank 833.8 (+6.0) miss 78 km (3.5 s)
[08:33:03]   drift: leg 50@2707 d settled outside (T, T+H] -> column cut at 0
[08:33:04]     settle 14: 205 @   2823 d -> ok lintwin tank 794.4 (+30.8) miss 30 km (3.7 s)
[08:33:05]     settle 18: 152 @   2804 d -> ok lintwin tank 842.1 (+14.3) miss 60 km (2.5 s)
[08:33:06]     settle 15: 199 @   3129 d -> ok lin tank 783.3 (+26.3) miss 61 km (4.0 s)
[08:33:06]     settle 19: 102 @   3234 d -> ok lintwin tank 859.4 (+32.0) miss 71 km (4.1 s)
[08:33:06]     settle 18: 286 @   2939 d -> ok lintwin tank 899.3 (+26.2) miss 52 km (5.1 s)
[08:33:07]     settle 13: 225 @   3028 d -> ok lin tank 862.7 (+11.5) miss 53 km (11.4 s)
[08:33:07]     settle 14: 286 @   2945 d -> ok lintwin tank 772.6 (+3.8) miss 4 km (3.9 s)
[08:33:07]     settle 14: 268 @   3100 d -> ok lintwin tank 767.8 (+4.2) miss 40 km (3.0 s)
[08:33:08]     settle  7: 157 @   3238 d -> ok lin tank 669.1 (+4.9) miss 90 km (6.1 s)
[08:33:08]     settle 18: 132 @   2791 d -> ok lintwin tank 848.2 (+20.4) miss 62 km (2.1 s)
[08:33:09]     settle 18:  82 @   3124 d -> ok lintwin tank 846.3 (+2.8) miss 66 km (2.4 s)
[08:33:09]     settle 15: 111 @   2969 d -> ok lin tank 757.9 (+1.0) miss 60 km (3.1 s)
[08:33:11]     settle 19: 136 @   3220 d -> ok lintwin tank 862.7 (+16.4) miss 57 km (1.5 s)
[08:33:11]     settle 15:  58 @   3102 d -> ok lintwin tank 771.7 (+1.6) miss 77 km (3.7 s)
[08:33:12]     settle 15: 244 @   2831 d -> ok lam tank 780.6 (+23.7) miss 74 km (2.2 s)
[08:33:12]     settle 18: 100 @   2894 d -> ok lintwin tank 849.4 (+21.7) miss 78 km (4.1 s)
[08:33:13]   regrid FAIL (1 fb: miss 4153 km, None, 4.9 s) -> column dropped
[08:33:13]     settle 14: 222 @   2952 d -> ok lintwin tank 816.9 (+48.1) miss 2 km (4.2 s)
[08:33:14]     settle 15: 268 @   3106 d -> ok lintwin tank 780.5 (+9.7) miss 65 km (2.5 s)
[08:33:14]     settle 18: 237 @   2968 d -> ok lam tank 904.1 (+31.1) miss 3 km (7.3 s)
[08:33:14]     settle 15: 278 @   2834 d -> ok lam tank 783.5 (+26.6) miss 1 km (2.2 s)
[08:33:15]     settle 17: 130 @   2841 d -> ok lintwin tank 859.0 (+68.0) miss 74 km (4.0 s)
[08:33:15]     settle 18: 229 @   3015 d -> ok lintwin tank 838.5 (+10.7) miss 58 km (2.4 s)
[08:33:15]     settle 16: 111 @   2973 d -> ok lam tank 758.4 (+0.6) miss 40 km (0.5 s)
[08:33:18]     settle 15:  58 @   3100 d -> ok lintwin tank 777.4 (+6.7) miss 58 km (3.2 s)
[08:33:18]     settle 14:   9 @   2831 d -> ok lintwin tank 780.5 (+11.8) miss 3 km (3.9 s)
[08:33:18]     settle 18:  54 @   3125 d -> ok lintwin tank 865.1 (+6.0) miss 78 km (3.1 s)
[08:33:18]     settle 16: 290 @   3226 d -> ok lin tank 760.3 (+2.6) miss 73 km (2.5 s)
[08:33:19]     settle 18: 136 @   2972 d -> ok lam tank 916.9 (+43.9) miss 1 km (4.1 s)
[08:33:20]     settle 19:  16 @   3235 d -> ok lintwin tank 845.7 (+7.2) miss 59 km (4.3 s)
[08:33:20]     settle 15: 189 @   3082 d -> ok lintwin tank 800.5 (+8.8) miss 54 km (1.9 s)
[08:33:21]     settle 19: 107 @   3235 d -> ok lintwin tank 881.9 (+16.9) miss 5 km (2.3 s)
[08:33:21]   drift: leg 107@3235 d settled outside (T, T+H] -> column cut at 2
[08:33:21] RESULT s05_c2: 16 columns; frontier 1fb 3 kg p1/3 | 2fb 16 kg p0/2 | 3fb 68 kg p0/0; settles 20 (20 ok), regrids 16 (16 ok); wall 109 s of 300 (plan 54, price 1, settle 54; budget hit None, 0 unsettled)
[08:33:21]     settle 16: 155 @   3170 d -> ok lam tank 775.2 (+17.5) miss 63 km (2.2 s)
[08:33:22]     settle 17: 290 @   3223 d -> ok lam tank 761.8 (+3.4) miss 40 km (0.7 s)
[08:33:23]     settle 19: 189 @   3058 d -> ok lintwin tank 843.9 (+1.8) miss 64 km (2.6 s)
[08:33:23]     settle 18: 166 @   2973 d -> ok lintwin tank 917.1 (+44.0) miss 66 km (3.4 s)
[08:33:23]   job s05_c2 craft columns  16  levels 8  settles 20/20  end plan_done  wall 108.6 s
[08:33:23]     settle 14:  32 @   2717 d -> ok lintwin tank 775.4 (+6.6) miss 3 km (3.5 s)
[08:33:23]     settle 16: 107 @   3183 d -> ok lintwin tank 818.7 (+18.2) miss 78 km (3.4 s)
[08:33:24]     settle 17:   1 @   3218 d -> ok lam tank 775.6 (+17.2) miss 47 km (1.5 s)
[08:33:25]     settle  7:  66 @   2896 d -> FAIL [('lam', 22750893.4)] (12.5 s)
[08:33:26]     settle 19: 229 @   3016 d -> ok lintwin tank 853.4 (+11.3) miss 53 km (2.5 s)
[08:33:27]     settle 15: 229 @   2997 d -> ok lintwin tank 802.9 (+11.2) miss 85 km (2.3 s)
[08:33:27]     settle 17:  23 @   3186 d -> ok lam tank 779.1 (+20.7) miss 0 km (2.0 s)
[08:33:28]     settle 18: 109 @   2803 d -> ok lintwin tank 958.0 (+85.0) miss 57 km (4.5 s)
[08:33:28]   1 candidates dropped (settle failure / regrid failure / duplicate after truncation)
[08:33:28] RESULT s05_c3: 15 columns; frontier 1fb -0 kg p2/3 | 2fb 1 kg p2/2 | 3fb 5 kg p2/2; settles 16 (15 ok), regrids 15 (15 ok); wall 116 s of 300 (plan 66, price 1, settle 50; budget hit None, 0 unsettled)
[08:33:29]   job s05_c3 craft columns  15  levels 9  settles 15/16  end plan_done  wall 116.0 s
[08:33:30]     settle 20:  16 @   3235 d -> ok lintwin tank 855.3 (+2.0) miss 69 km (3.9 s)
[08:33:30]     settle 14:  51 @   2803 d -> ok lintwin tank 780.2 (+11.4) miss 3 km (3.7 s)
[08:33:31]     settle 13: 242 @   2792 d -> ok lin tank 867.6 (+16.3) miss 46 km (23.8 s)
[08:33:32]     settle 18: 183 @   2980 d -> ok lintwin tank 898.4 (+25.3) miss 71 km (3.5 s)
[08:33:32]     settle 16: 107 @   3182 d -> ok lintwin tank 817.9 (+15.0) miss 1 km (5.2 s)
[08:33:32]     settle 19: 189 @   3054 d -> ok lintwin tank 843.9 (+1.8) miss 64 km (2.5 s)
[08:33:35]     settle 18: 190 @   2913 d -> ok lintwin tank 885.3 (+12.2) miss 72 km (2.2 s)
[08:33:36]     settle 14: 108 @   2705 d -> ok lintwin tank 782.2 (+13.5) miss 2 km (3.7 s)
[08:33:36]     settle 20: 201 @   3194 d -> ok lintwin tank 856.9 (+13.0) miss 70 km (3.3 s)
[08:33:36]     settle 19:   3 @   3075 d -> ok lintwin tank 888.2 (+2.9) miss 61 km (1.8 s)
[08:33:37]     settle  7: 289 @   2708 d -> FAIL [('lam', 2803210.1)] (11.4 s)
[08:33:39]     settle 19: 222 @   3084 d -> ok lintwin tank 895.5 (+7.1) miss 64 km (2.1 s)
[08:33:41]     settle 18:  50 @   2714 d -> ok lintwin tank 833.7 (+5.9) miss 68 km (4.0 s)
[08:33:41]   drift: leg 50@2714 d settled outside (T, T+H] -> column cut at 0
[08:33:41]   8 candidates dropped (settle failure / regrid failure / duplicate after truncation)
[08:33:41] RESULT s05_c1: 8 columns; frontier 1fb 3 kg p0/1 | 2fb 16 kg p0/0 | 3fb 27 kg p0/0; settles 14 (13 ok), regrids 8 (8 ok); wall 128 s of 300 (plan 77, price 1, settle 51; budget hit None, 0 unsettled)
[08:33:41]   job s05_c1 craft columns   8  levels 10  settles 13/14  end plan_done  wall 128.2 s
[08:33:41]     settle 14: 228 @   2891 d -> ok lintwin tank 851.3 (+82.5) miss 21 km (4.8 s)
[08:33:43]     settle 19: 199 @   3126 d -> ok lintwin tank 915.4 (+11.3) miss 55 km (3.3 s)
[08:33:43]     settle 15: 268 @   3104 d -> ok lintwin tank 784.0 (+15.9) miss 10 km (5.2 s)
[08:33:44]     settle 15:  23 @   3177 d -> ok lintwin tank 778.0 (+5.4) miss 74 km (2.9 s)
[08:33:46]     settle 16: 201 @   3231 d -> ok lintwin tank 811.7 (+27.7) miss 46 km (2.4 s)
[08:33:46] RESULT s05_c5: 16 columns; frontier 1fb 4 kg p3/3 | 2fb 8 kg p2/2 | 3fb 48 kg p0/0; settles 19 (19 ok), regrids 16 (16 ok); wall 134 s of 300 (plan 66, price 1, settle 68; budget hit None, 0 unsettled)
[08:33:47]     settle 20: 107 @   3179 d -> ok lintwin tank 919.4 (+23.9) miss 53 km (3.3 s)
[08:33:47]   job s05_c5 craft columns  16  levels 9  settles 19/19  end plan_done  wall 133.8 s
[08:33:49]     settle 14: 171 @   2833 d -> ok lintwin tank 772.8 (+4.0) miss 3 km (3.7 s)
[08:33:50]     settle 20: 290 @   3214 d -> ok lintwin tank 935.0 (+19.6) miss 76 km (2.6 s)
[08:33:50]     settle  7: 288 @   2724 d -> FAIL [('lam', 7722314.0)] (13.4 s)
[08:33:52]     settle 15:  23 @   3183 d -> ok lintwin tank 780.0 (+7.3) miss 72 km (2.6 s)
[08:33:53]     settle 18: 100 @   2860 d -> ok lintwin tank 886.4 (+13.3) miss 69 km (2.9 s)
[08:33:56]     settle 19: 283 @   2995 d -> ok lintwin tank 923.1 (+36.8) miss 37 km (2.3 s)
[08:33:56]     settle 15: 166 @   2966 d -> ok lintwin tank 814.1 (+31.8) miss 2 km (3.8 s)
[08:34:00]     settle 15:  58 @   3098 d -> ok lintwin tank 793.9 (+13.3) miss 71 km (3.2 s)
[08:34:01]     settle 20: 206 @   3171 d -> ok lintwin tank 924.7 (+1.6) miss 4 km (5.7 s)
[08:34:02] RESULT s05_c0: 16 columns; frontier 1fb 4 kg p1/2 | 2fb 15 kg p0/1 | 3fb 46 kg p0/1; settles 19 (19 ok), regrids 16 (16 ok); wall 150 s of 300 (plan 78, price 1, settle 72; budget hit None, 0 unsettled)
[08:34:03]   job s05_c0 craft columns  16  levels 10  settles 19/19  end plan_done  wall 149.6 s
[08:34:04]     settle 16: 201 @   3220 d -> ok lintwin tank 798.2 (+4.3) miss 70 km (3.9 s)
[08:34:06]     settle  7: 208 @   2779 d -> FAIL [('lam', 24775154.7)] (16.3 s)
[08:34:10]     settle 15: 199 @   3126 d -> ok lam tank 807.1 (+26.9) miss 2 km (5.7 s)
[08:34:13]     settle 16:  23 @   3186 d -> ok lintwin tank 828.4 (+21.3) miss 46 km (3.1 s)
[08:34:19]     settle 16:  23 @   3186 d -> ok lintwin tank 839.5 (+25.4) miss 3 km (5.5 s)
[08:34:19]     settle 13:   7 @   2795 d -> ok lin tank 912.9 (+61.6) miss 92 km (46.5 s)
[08:34:20]     settle  7: 203 @   2829 d -> FAIL [('lam', 18132821.6)] (13.2 s)
[08:34:24]     settle 15: 158 @   3008 d -> ok lintwin tank 863.1 (+11.8) miss 67 km (2.8 s)
[08:34:30]     settle 16:  28 @   3138 d -> ok lintwin tank 919.6 (+56.5) miss 63 km (5.3 s)
[08:34:32]     settle  7:  49 @   2859 d -> FAIL [('lam', 4690241.1)] (11.9 s)
[08:34:34]     settle 13: 128 @   2878 d -> ok lin tank 938.3 (+87.1) miss 19 km (11.7 s)
[08:34:37]     settle 17: 170 @   3178 d -> FAIL [('lam', 3647960.6)] (7.6 s)
[08:34:38] RESULT s05_c6: 16 columns; frontier 1fb 1 kg p2/3 | 2fb 9 kg p1/3 | 3fb 29 kg p0/3; settles 21 (20 ok), regrids 16 (16 ok); wall 185 s of 300 (plan 76, price 1, settle 109; budget hit None, 0 unsettled)
[08:34:39]   job s05_c6 craft columns  16  levels 10  settles 20/21  end plan_done  wall 185.2 s
[08:34:46]     settle 13: 203 @   2902 d -> FAIL [('lam', 8599831.7)] (6.6 s)
[08:34:47]     settle  7: 103 @   2833 d -> FAIL [('lam', 2833103.8)] (15.7 s)
[08:34:47]   16 candidates dropped (settle failure / regrid failure / duplicate after truncation)
[08:34:47] RESULT s05_c7: 0 columns; frontier ; settles 17 (1 ok), regrids 1 (0 ok); wall 195 s of 300 (plan 68, price 0, settle 127; budget hit None, 0 unsettled)
[08:34:49]   job s05_c7 craft columns   0  levels 10  settles 1/17  end plan_done  wall 194.9 s
[08:34:55]     settle 13: 152 @   2808 d -> ok lam tank 902.0 (+50.8) miss 16 km (9.3 s)
[08:35:21]     settle 13: 285 @   2777 d -> FAIL [('lam', 2007293.2)] (23.5 s)
[08:35:25]     settle 13: 100 @   2893 d -> ok lam tank 856.2 (+4.9) miss 5 km (3.7 s)
[08:35:26]     settle 14: 225 @   3022 d -> ok lam tank 865.5 (+9.4) miss 5 km (0.6 s)
[08:35:32]   regrid FAIL (2 fb: miss 228467 km, None, 6.1 s) -> column dropped
[08:35:37]     settle 13: 242 @   2797 d -> ok lam tank 861.2 (+10.0) miss 107 km (5.6 s)
[08:35:46]     settle 14: 225 @   3026 d -> ok lam tank 879.7 (+18.5) miss 26 km (8.6 s)
[08:35:55]     settle 14:  75 @   3056 d -> FAIL [('lam', 8376053.7)] (7.5 s)
[08:36:03]     settle 14:  75 @   3048 d -> FAIL [('lam', 4686961.9)] (7.5 s)
[08:36:03]     settle 14: 100 @   2892 d -> ok lam tank 882.8 (+15.2) miss 46 km (0.6 s)
[08:36:22]     settle 15: 225 @   3020 d -> ok lin tank 918.0 (+35.2) miss 88 km (19.0 s)
[08:36:29]     settle 14: 100 @   2900 d -> ok lam tank 896.2 (+-16.7) miss 74 km (4.0 s)
[08:36:32]     settle 15:  75 @   3058 d -> FAIL [('lam', 'TimeoutError')] (3.4 s)
[08:36:32]   budget reached before the regrid of column 15: 1 candidates not emitted
[08:36:32]   6 candidates dropped (settle failure / regrid failure / duplicate after truncation)
[08:36:32] RESULT s05_c4: 9 columns; frontier 1fb 1 kg p2/2 | 2fb 27 kg p0/0 | 3fb 53 kg p0/0; settles 21 (14 ok), regrids 10 (9 ok); wall 300 s of 300 (plan 72, price 1, settle 228; budget hit job_wall, 1 unsettled)
[08:36:34]   job s05_c4 craft columns   9  levels 11  settles 14/21  end plan_done  wall 300.1 s
[08:36:34] [slice 5] propose: 96 columns (0 bad dropped) in 301.2 s
[08:36:34] [slice 5] auction: 96 columns, kept 95, dropped {'ramp': 1}; lam 0.30 H_eff 540 d fuel budget 482 kg quota on
[08:36:34] [slice 5] auction: status optimal objective 32.060 vars 95 rows 45 chosen 7 fuel 305/482 kg (0.007 s)
[08:36:38] [slice 5 T=2700 d] launched 8/8  covered 128  remaining 170  fuel 1800 kg  sumJi 9.5165  chosen: c0:3(+61) c1:3(+27) c2:2(+27) c3:3(+18) c4:3(+53) c5:3(+48) c6:3(+69)  rejected: -  (wall 305 s)
[08:36:38] [slice 6 T=3240 d] propose: 8 jobs (8 craft, 0 root) on 9 workers, proposer planbeam, H_eff 540 d, lam 0.3
[08:36:38] job s06_c2 (craft, craft 2, planbeam): T 3240 d H 540 L 360; plan horizon 4860 d; remaining 170; prize >1 on 103; width 150 npt 6 mc 150 dv 1.2 drmax 0.15 plan_wall 240 s; quota {'fil': 5, 'med': 16}
[08:36:38] job s06_c3 (craft, craft 3, planbeam): T 3240 d H 540 L 360; plan horizon 4860 d; remaining 170; prize >1 on 103; width 150 npt 6 mc 150 dv 1.2 drmax 0.15 plan_wall 240 s; quota {'fil': 8, 'med': 11}
[08:36:38] job s06_c1 (craft, craft 1, planbeam): T 3240 d H 540 L 360; plan horizon 4860 d; remaining 170; prize >1 on 103; width 150 npt 6 mc 150 dv 1.2 drmax 0.15 plan_wall 240 s; quota {'fil': 5, 'med': 15}
[08:36:38] job s06_c0 (craft, craft 0, planbeam): T 3240 d H 540 L 360; plan horizon 4860 d; remaining 170; prize >1 on 103; width 150 npt 6 mc 150 dv 1.2 drmax 0.15 plan_wall 240 s; quota {'fil': 7, 'med': 14}
[08:36:38] job s06_c6 (craft, craft 6, planbeam): T 3240 d H 540 L 360; plan horizon 4860 d; remaining 170; prize >1 on 103; width 150 npt 6 mc 150 dv 1.2 drmax 0.15 plan_wall 240 s; quota {'fil': 9, 'med': 13}
[08:36:38] job s06_c5 (craft, craft 5, planbeam): T 3240 d H 540 L 360; plan horizon 4860 d; remaining 170; prize >1 on 103; width 150 npt 6 mc 150 dv 1.2 drmax 0.15 plan_wall 240 s; quota {'fil': 10, 'med': 12}
[08:36:38] job s06_c4 (craft, craft 4, planbeam): T 3240 d H 540 L 360; plan horizon 4860 d; remaining 170; prize >1 on 103; width 150 npt 6 mc 150 dv 1.2 drmax 0.15 plan_wall 240 s; quota {'fil': 7, 'med': 12}
[08:36:38] job s06_c7 (craft, craft 7, planbeam): T 3240 d H 540 L 360; plan horizon 4860 d; remaining 170; prize >1 on 103; width 150 npt 6 mc 150 dv 1.2 drmax 0.15 plan_wall 240 s; quota {'fil': 10, 'med': 16}
[08:36:38] prefix slices/s06/in/craft_7.npz: 6 flybys, t_end 1661.4 d, tank 664.2 kg (planner view), miss 92.7 km, nreg 73
[08:36:38] budget: job_wall 300 s, 300 s left before the plan -> plan cap 210 s (plan_wall 240, settle_reserve 90)
[08:36:38] prefix slices/s06/in/craft_4.npz: 15 flybys, t_end 3019.9 d, tank 904.6 kg (planner view), miss 67.3 km, nreg 145
[08:36:38] budget: job_wall 300 s, 300 s left before the plan -> plan cap 210 s (plan_wall 240, settle_reserve 90)
[08:36:38] prefix slices/s06/in/craft_6.npz: 16 flybys, t_end 3189.0 d, tank 837.3 kg (planner view), miss 40.5 km, nreg 151
[08:36:38] budget: job_wall 300 s, 300 s left before the plan -> plan cap 210 s (plan_wall 240, settle_reserve 90)
[08:36:38] prefix slices/s06/in/craft_3.npz: 17 flybys, t_end 3218.4 d, tank 775.1 kg (planner view), miss 41.4 km, nreg 157
[08:36:38] budget: job_wall 300 s, 300 s left before the plan -> plan cap 210 s (plan_wall 240, settle_reserve 90)
[08:36:38] prefix slices/s06/in/craft_1.npz: 20 flybys, t_end 3236.0 d, tank 854.9 kg (planner view), miss 34.6 km, nreg 161
[08:36:38] prefix slices/s06/in/craft_5.npz: 16 flybys, t_end 3229.9 d, tank 811.5 kg (planner view), miss 7.9 km, nreg 155
[08:36:38] budget: job_wall 300 s, 300 s left before the plan -> plan cap 210 s (plan_wall 240, settle_reserve 90)
[08:36:38] budget: job_wall 300 s, 300 s left before the plan -> plan cap 210 s (plan_wall 240, settle_reserve 90)
[08:36:38] prefix slices/s06/in/craft_2.npz: 18 flybys, t_end 3145.3 d, tank 817.7 kg (planner view), miss 1.7 km, nreg 156
[08:36:38] budget: job_wall 300 s, 300 s left before the plan -> plan cap 210 s (plan_wall 240, settle_reserve 90)
[08:36:38] prefix slices/s06/in/craft_0.npz: 20 flybys, t_end 3214.8 d, tank 934.4 kg (planner view), miss 10.0 km, nreg 163
[08:36:38] budget: job_wall 300 s, 300 s left before the plan -> plan cap 210 s (plan_wall 240, settle_reserve 90)
[08:36:53] first level (both): 0 production + 22 relaxed (dv 2.5, 0.3 AU; 0.1 s) + 0 lintwin children -> 19 unique (15.1 s)
[08:36:53] plan start: prefix 15 flybys, t_end 3019.9 d, planner mass 1063.9 kg (dv 16.005 km/s); 19 first-level states
[08:36:54] first level (both): 0 production + 84 relaxed (dv 2.5, 0.3 AU; 0.1 s) + 0 lintwin children -> 50 unique (15.8 s)
[08:36:54] plan start: prefix 17 flybys, t_end 3218.4 d, planner mass 1241.7 kg (dv 9.946 km/s); 50 first-level states
[08:36:55] first level (both): 0 production + 49 relaxed (dv 2.5, 0.3 AU; 0.1 s) + 49 lintwin children -> 81 unique (16.9 s)
[08:36:55] plan start: prefix 16 flybys, t_end 3229.9 d, planner mass 1185.9 kg (dv 11.747 km/s); 81 first-level states
[08:36:55] first level (both): 0 production + 60 relaxed (dv 2.5, 0.3 AU; 0.1 s) + 71 lintwin children -> 102 unique (17.1 s)
[08:36:55] plan start: prefix 16 flybys, t_end 3189.0 d, planner mass 1149.4 kg (dv 12.976 km/s); 102 first-level states
[08:36:55] first level (both): 0 production + 84 relaxed (dv 2.5, 0.3 AU; 0.1 s) + 62 lintwin children -> 111 unique (17.4 s)
[08:36:55] plan start: prefix 20 flybys, t_end 3236.0 d, planner mass 1125.7 kg (dv 13.791 km/s); 111 first-level states
[08:36:56] first level (both): 0 production + 0 relaxed (dv 2.5, 0.3 AU; 0.0 s) + 93 lintwin children -> 93 unique (18.0 s)
[08:36:56] plan start: prefix 6 flybys, t_end 1661.4 d, planner mass 1448.9 kg (dv 3.893 km/s); 93 first-level states
[08:36:57] first level (both): 0 production + 64 relaxed (dv 2.5, 0.3 AU; 0.1 s) + 64 lintwin children -> 107 unique (18.9 s)
[08:36:57] plan start: prefix 20 flybys, t_end 3214.8 d, planner mass 1030.0 kg (dv 17.277 km/s); 107 first-level states
[08:36:57] first level (both): 0 production + 69 relaxed (dv 2.5, 0.3 AU; 0.1 s) + 84 lintwin children -> 117 unique (19.2 s)
[08:36:57] plan start: prefix 18 flybys, t_end 3145.3 d, planner mass 1177.0 kg (dv 12.043 km/s); 117 first-level states
[08:37:33] plan: 883 states, depth 9 new flybys, end plan_done (56 s); deepest 9 new to 4832 d at planner fuel 573 kg
[08:37:33]   depth  1:   50 states (46 in H), t_end 3353-3808 d, fuel 369-443 kg
[08:37:33]   depth  2:  150 states (79 in H), t_end 3425-4408 d, fuel 389-477 kg
[08:37:33]   depth  3:  150 states (14 in H), t_end 3690-4628 d, fuel 403-499 kg
[08:37:33]   depth  4:  150 states (0 in H), t_end 3863-4810 d, fuel 425-532 kg
[08:37:33]   depth  5:  150 states (0 in H), t_end 4251-4806 d, fuel 441-558 kg
[08:37:33]   depth  6:  121 states (0 in H), t_end 4374-4860 d, fuel 484-592 kg
[08:37:33]   depth  7:   91 states (0 in H), t_end 4574-4860 d, fuel 511-619 kg
[08:37:33]   depth  8:   18 states (0 in H), t_end 4739-4830 d, fuel 548-592 kg
[08:37:33]   depth  9:    3 states (0 in H), t_end 4827-4859 d, fuel 573-601 kg
[08:37:33] candidates: 67 distinct committed target sets (n_new 1-3, potential 0-2)
[08:37:33] frontier: 16 candidates chosen (n fb / committed planner kg / continuation (lookahead) [full]; pot_mode lookahead, pot_cap None): 1fb/380kg/p1(0)[1], 1fb/386kg/p2(2)[2], 1fb/392kg/p2(2)[2], 1fb/394kg/p3(2)[3], 1fb/400kg/p2(1)[2], 1fb/405kg/p2(1)[2], 1fb/412kg/p2(0)[2], 1fb/415kg/p3(2)[3], 1fb/417kg/p2(2)[2], 1fb/419kg/p2(1)[2], 2fb/389kg/p0(0)[0], 2fb/393kg/p0(0)[0], 2fb/422kg/p2(2)[2], 3fb/438kg/p0(0)[0], 3fb/449kg/p1(1)[1], 3fb/450kg/p1(1)[1]
[08:37:33] budget: 244 s of 300 left for the settles + regrids (settle_wall 480)
[08:37:34]     settle 18: 202 @   3418 d -> ok lam tank 788.4 (+13.3) miss 41 km (0.7 s)
[08:37:36]     settle 18:  91 @   3515 d -> ok lam tank 792.2 (+17.1) miss 16 km (1.3 s)
[08:37:37] plan: 932 states, depth 8 new flybys, end plan_done (59 s); deepest 8 new to 4825 d at planner fuel 579 kg
[08:37:37]   depth  1:   81 states (72 in H), t_end 3325-3875 d, fuel 425-499 kg
[08:37:37]   depth  2:  150 states (85 in H), t_end 3436-4241 d, fuel 454-533 kg
[08:37:37]   depth  3:  150 states (8 in H), t_end 3672-4560 d, fuel 474-552 kg
[08:37:37]   depth  4:  150 states (0 in H), t_end 4057-4856 d, fuel 494-577 kg
[08:37:37]   depth  5:  150 states (0 in H), t_end 4353-4860 d, fuel 515-602 kg
[08:37:37]   depth  6:  150 states (0 in H), t_end 4543-4859 d, fuel 527-630 kg
[08:37:37]   depth  7:   92 states (0 in H), t_end 4656-4860 d, fuel 545-646 kg
[08:37:37]   depth  8:    9 states (0 in H), t_end 4772-4828 d, fuel 579-647 kg
[08:37:37] candidates: 87 distinct committed target sets (n_new 1-3, potential 0-2)
[08:37:37] frontier: 16 candidates chosen (n fb / committed planner kg / continuation (lookahead) [full]; pot_mode lookahead, pot_cap None): 1fb/425kg/p0(0)[0], 1fb/427kg/p1(0)[1], 1fb/431kg/p2(1)[2], 1fb/452kg/p2(1)[2], 1fb/462kg/p3(2)[3], 1fb/467kg/p2(2)[2], 1fb/478kg/p2(2)[2], 1fb/481kg/p2(1)[2], 1fb/481kg/p2(1)[2], 1fb/483kg/p2(2)[2], 2fb/454kg/p0(0)[0], 2fb/456kg/p1(1)[1], 2fb/478kg/p2(2)[2], 3fb/527kg/p0(0)[0], 3fb/531kg/p0(0)[0], 3fb/539kg/p0(0)[0]
[08:37:37] budget: 241 s of 300 left for the settles + regrids (settle_wall 480)
[08:37:40] plan: 1086 states, depth 9 new flybys, end plan_done (62 s); deepest 9 new to 4817 d at planner fuel 395 kg
[08:37:40]   depth  1:   93 states (76 in H), t_end 3255-3884 d, fuel 151-255 kg
[08:37:40]   depth  2:  150 states (70 in H), t_end 3462-4377 d, fuel 163-294 kg
[08:37:40]   depth  3:  150 states (14 in H), t_end 3668-4596 d, fuel 179-319 kg
[08:37:40]   depth  4:  150 states (0 in H), t_end 3847-4790 d, fuel 206-358 kg
[08:37:40]   depth  5:  150 states (0 in H), t_end 3972-4853 d, fuel 227-389 kg
[08:37:40]   depth  6:  150 states (0 in H), t_end 4209-4856 d, fuel 257-424 kg
[08:37:40]   depth  7:  150 states (0 in H), t_end 4395-4857 d, fuel 294-450 kg
[08:37:40]   depth  8:   76 states (0 in H), t_end 4565-4860 d, fuel 328-483 kg
[08:37:40]   depth  9:   17 states (0 in H), t_end 4740-4850 d, fuel 395-473 kg
[08:37:40] candidates: 114 distinct committed target sets (n_new 1-3, potential 0-3)
[08:37:40] frontier: 16 candidates chosen (n fb / committed planner kg / continuation (lookahead) [full]; pot_mode lookahead, pot_cap None): 1fb/151kg/p2(2)[2], 1fb/151kg/p1(1)[1], 1fb/153kg/p2(1)[2], 1fb/164kg/p2(1)[2], 1fb/167kg/p3(2)[3], 1fb/171kg/p2(0)[2], 1fb/178kg/p4(2)[4], 1fb/204kg/p3(2)[3], 1fb/230kg/p3(3)[3], 1fb/252kg/p4(2)[4], 2fb/163kg/p0(0)[0], 2fb/169kg/p0(0)[0], 2fb/216kg/p3(2)[3], 3fb/204kg/p0(0)[0], 3fb/214kg/p1(1)[1], 3fb/257kg/p2(2)[2]
[08:37:40] budget: 238 s of 300 left for the settles + regrids (settle_wall 480)
[08:37:43]     settle 17:  49 @   3679 d -> ok lintwin tank 817.6 (+6.1) miss 22 km (6.4 s)
[08:37:43]     settle 18:  33 @   3538 d -> ok lam tank 792.6 (+17.5) miss 1 km (6.5 s)
[08:37:44] plan: 1047 states, depth 9 new flybys, end plan_done (67 s); deepest 9 new to 4860 d at planner fuel 695 kg
[08:37:44]   depth  1:  111 states (96 in H), t_end 3292-3873 d, fuel 485-557 kg
[08:37:44]   depth  2:  150 states (55 in H), t_end 3567-4433 d, fuel 499-592 kg
[08:37:44]   depth  3:  150 states (6 in H), t_end 3714-4676 d, fuel 528-620 kg
[08:37:44]   depth  4:  150 states (1 in H), t_end 3777-4805 d, fuel 554-646 kg
[08:37:44]   depth  5:  150 states (0 in H), t_end 4017-4860 d, fuel 582-669 kg
[08:37:44]   depth  6:  150 states (0 in H), t_end 4358-4854 d, fuel 599-698 kg
[08:37:44]   depth  7:  141 states (0 in H), t_end 4609-4860 d, fuel 618-697 kg
[08:37:44]   depth  8:   39 states (0 in H), t_end 4683-4860 d, fuel 633-717 kg
[08:37:44]   depth  9:    6 states (0 in H), t_end 4792-4860 d, fuel 695-718 kg
[08:37:44] candidates: 78 distinct committed target sets (n_new 1-4, potential 0-3)
[08:37:44] frontier: 16 candidates chosen (n fb / committed planner kg / continuation (lookahead) [full]; pot_mode lookahead, pot_cap None): 1fb/485kg/p1(1)[1], 1fb/488kg/p0(0)[0], 1fb/489kg/p2(1)[2], 1fb/504kg/p3(2)[3], 1fb/508kg/p2(1)[2], 1fb/531kg/p4(1)[4], 1fb/535kg/p3(1)[3], 1fb/545kg/p3(3)[3], 1fb/556kg/p3(2)[3], 2fb/501kg/p0(0)[0], 2fb/519kg/p0(0)[0], 2fb/559kg/p3(1)[3], 3fb/562kg/p1(1)[1], 3fb/576kg/p2(1)[2], 3fb/577kg/p1(1)[1], 4fb/612kg/p1(1)[1]
[08:37:44] budget: 233 s of 300 left for the settles + regrids (settle_wall 480)
[08:37:47]     settle 21:  92 @   3720 d -> ok lintwin tank 860.1 (+5.1) miss 51 km (2.3 s)
[08:37:47] plan: 1155 states, depth 10 new flybys, end plan_done (70 s); deepest 10 new to 4855 d at planner fuel 646 kg
[08:37:47]   depth  1:  117 states (104 in H), t_end 3292-3903 d, fuel 429-509 kg
[08:37:47]   depth  2:  150 states (81 in H), t_end 3473-4426 d, fuel 441-536 kg
[08:37:47]   depth  3:  150 states (3 in H), t_end 3641-4619 d, fuel 458-561 kg
[08:37:47]   depth  4:  150 states (0 in H), t_end 3831-4788 d, fuel 483-592 kg
[08:37:47]   depth  5:  150 states (0 in H), t_end 4009-4840 d, fuel 508-621 kg
[08:37:47]   depth  6:  150 states (0 in H), t_end 4168-4856 d, fuel 516-651 kg
[08:37:47]   depth  7:   97 states (0 in H), t_end 4341-4858 d, fuel 546-664 kg
[08:37:47]   depth  8:   96 states (0 in H), t_end 4450-4856 d, fuel 594-659 kg
[08:37:47]   depth  9:   69 states (0 in H), t_end 4574-4857 d, fuel 614-681 kg
[08:37:47]   depth 10:   26 states (0 in H), t_end 4763-4857 d, fuel 646-685 kg
[08:37:47] candidates: 102 distinct committed target sets (n_new 1-3, potential 0-2)
[08:37:47] frontier: 16 candidates chosen (n fb / committed planner kg / continuation (lookahead) [full]; pot_mode lookahead, pot_cap None): 1fb/429kg/p1(1)[1], 1fb/430kg/p0(0)[0], 1fb/433kg/p3(2)[3], 1fb/446kg/p3(2)[3], 1fb/448kg/p3(2)[3], 1fb/457kg/p3(2)[3], 1fb/472kg/p4(2)[4], 1fb/489kg/p3(2)[3], 1fb/489kg/p3(2)[3], 1fb/493kg/p3(2)[3], 2fb/444kg/p2(2)[2], 2fb/450kg/p1(1)[1], 2fb/493kg/p3(2)[3], 3fb/514kg/p2(2)[2], 3fb/520kg/p2(2)[2], 3fb/555kg/p0(0)[0]
[08:37:47] budget: 230 s of 300 left for the settles + regrids (settle_wall 480)
[08:37:49]     settle 18:  85 @   3425 d -> ok lam tank 795.3 (+20.2) miss 33 km (5.0 s)
[08:37:50]     settle 17: 105 @   3470 d -> ok lintwin tank 819.8 (+8.3) miss 18 km (6.0 s)
[08:37:50]     settle 21:  10 @   3584 d -> ok lintwin tank 862.7 (+7.7) miss 72 km (3.3 s)
[08:37:51]     settle 19: 122 @   3683 d -> ok lintwin tank 821.8 (+4.1) miss 68 km (3.7 s)
[08:37:53]     settle 21: 235 @   3612 d -> ok lintwin tank 863.6 (+8.7) miss 48 km (2.1 s)
[08:37:54] plan: 1265 states, depth 12 new flybys, end plan_done (76 s); deepest 12 new to 4802 d at planner fuel 818 kg
[08:37:54]   depth  1:   19 states (19 in H), t_end 3310-3500 d, fuel 556-605 kg
[08:37:54]   depth  2:   98 states (87 in H), t_end 3448-4030 d, fuel 567-633 kg
[08:37:54]   depth  3:  150 states (33 in H), t_end 3587-4308 d, fuel 587-659 kg
[08:37:54]   depth  4:  150 states (2 in H), t_end 3717-4715 d, fuel 599-686 kg
[08:37:54]   depth  5:  150 states (0 in H), t_end 3978-4860 d, fuel 608-707 kg
[08:37:54]   depth  6:  150 states (0 in H), t_end 4161-4859 d, fuel 638-724 kg
[08:37:54]   depth  7:  150 states (0 in H), t_end 4338-4856 d, fuel 669-741 kg
[08:37:54]   depth  8:  150 states (0 in H), t_end 4426-4856 d, fuel 682-766 kg
[08:37:54]   depth  9:  150 states (0 in H), t_end 4554-4855 d, fuel 701-780 kg
[08:37:54]   depth 10:   89 states (0 in H), t_end 4679-4831 d, fuel 710-792 kg
[08:37:54]   depth 11:    7 states (0 in H), t_end 4760-4811 d, fuel 774-792 kg
[08:37:54]   depth 12:    2 states (0 in H), t_end 4802-4811 d, fuel 818-819 kg
[08:37:54] candidates: 70 distinct committed target sets (n_new 1-4, potential 0-2)
[08:37:54] frontier: 16 candidates chosen (n fb / committed planner kg / continuation (lookahead) [full]; pot_mode lookahead, pot_cap None): 1fb/556kg/p4(2)[4], 1fb/566kg/p1(1)[1], 1fb/569kg/p4(2)[4], 1fb/570kg/p4(1)[4], 1fb/573kg/p2(1)[2], 1fb/594kg/p4(2)[4], 1fb/601kg/p3(1)[3], 2fb/567kg/p3(2)[3], 2fb/573kg/p0(0)[0], 2fb/576kg/p0(0)[0], 2fb/577kg/p2(2)[2], 2fb/592kg/p3(2)[3], 3fb/594kg/p2(2)[2], 3fb/599kg/p2(2)[2], 3fb/609kg/p0(0)[0], 4fb/650kg/p1(1)[1]
[08:37:54] budget: 224 s of 300 left for the settles + regrids (settle_wall 480)
[08:37:54] plan: 1207 states, depth 10 new flybys, end plan_done (76 s); deepest 10 new to 4826 d at planner fuel 776 kg
[08:37:54]   depth  1:  107 states (88 in H), t_end 3312-3889 d, fuel 581-646 kg
[08:37:54]   depth  2:  150 states (81 in H), t_end 3536-4469 d, fuel 598-671 kg
[08:37:54]   depth  3:  150 states (8 in H), t_end 3716-4590 d, fuel 619-698 kg
[08:37:54]   depth  4:  150 states (1 in H), t_end 3761-4796 d, fuel 621-723 kg
[08:37:54]   depth  5:  150 states (0 in H), t_end 3942-4778 d, fuel 659-747 kg
[08:37:54]   depth  6:  150 states (0 in H), t_end 4079-4859 d, fuel 682-769 kg
[08:37:54]   depth  7:  150 states (0 in H), t_end 4254-4860 d, fuel 691-770 kg
[08:37:54]   depth  8:  139 states (0 in H), t_end 4492-4858 d, fuel 712-796 kg
[08:37:54]   depth  9:   49 states (0 in H), t_end 4628-4855 d, fuel 756-817 kg
[08:37:54]   depth 10:   12 states (0 in H), t_end 4746-4826 d, fuel 776-842 kg
[08:37:54] candidates: 86 distinct committed target sets (n_new 1-4, potential 0-3)
[08:37:54] frontier: 16 candidates chosen (n fb / committed planner kg / continuation (lookahead) [full]; pot_mode lookahead, pot_cap None): 1fb/581kg/p3(2)[3], 1fb/583kg/p2(2)[2], 1fb/588kg/p4(2)[4], 1fb/596kg/p4(3)[4], 1fb/597kg/p3(2)[3], 1fb/612kg/p3(3)[3], 1fb/614kg/p4(3)[4], 1fb/630kg/p5(2)[5], 1fb/632kg/p3(1)[3], 2fb/601kg/p0(0)[0], 2fb/603kg/p1(1)[1], 2fb/650kg/p4(2)[4], 3fb/644kg/p2(2)[2], 3fb/646kg/p2(2)[2], 3fb/667kg/p3(2)[3], 4fb/703kg/p2(2)[2]
[08:37:54] budget: 224 s of 300 left for the settles + regrids (settle_wall 480)
[08:37:54]     settle 19: 109 @   3683 d -> ok lintwin tank 826.9 (+9.3) miss 90 km (2.8 s)
[08:37:55]     settle 18: 288 @   3363 d -> ok lam tank 792.8 (+17.7) miss 45 km (5.6 s)
[08:37:58]     settle 16: 263 @   3370 d -> ok lin tank 916.3 (+11.7) miss 31 km (3.9 s)
[08:37:58]     settle 21:   2 @   3671 d -> ok lintwin tank 936.0 (+1.6) miss 77 km (3.5 s)
[08:37:58]     settle 19: 163 @   3358 d -> ok lintwin tank 824.9 (+7.2) miss 84 km (2.8 s)
[08:37:59]     settle 21: 143 @   3387 d -> ok lintwin tank 872.2 (+17.3) miss 75 km (4.6 s)
[08:37:59]     settle 17: 249 @   3439 d -> ok lintwin tank 819.1 (+7.6) miss 18 km (6.1 s)
[08:38:01]     settle 18:  56 @   3393 d -> ok lam tank 795.3 (+20.2) miss 51 km (5.7 s)
[08:38:02]     settle 21:  34 @   3506 d -> ok lintwin tank 878.5 (+23.6) miss 75 km (3.0 s)
[08:38:03]     settle 19: 287 @   3401 d -> ok lintwin tank 866.1 (+48.5) miss 74 km (4.4 s)
[08:38:03]     settle 21: 275 @   3714 d -> ok lintwin tank 936.5 (+2.1) miss 71 km (4.6 s)
[08:38:06] plan: 1521 states, depth 12 new flybys, end plan_done (88 s); deepest 12 new to 4817 d at planner fuel 720 kg
[08:38:06]   depth  1:  102 states (85 in H), t_end 3284-3870 d, fuel 454-531 kg
[08:38:06]   depth  2:  150 states (72 in H), t_end 3461-4355 d, fuel 475-559 kg
[08:38:06]   depth  3:  150 states (29 in H), t_end 3582-4680 d, fuel 491-593 kg
[08:38:06]   depth  4:  150 states (5 in H), t_end 3765-4765 d, fuel 518-609 kg
[08:38:06]   depth  5:  150 states (0 in H), t_end 3845-4797 d, fuel 533-639 kg
[08:38:06]   depth  6:  150 states (0 in H), t_end 3905-4801 d, fuel 546-649 kg
[08:38:06]   depth  7:  150 states (0 in H), t_end 4052-4860 d, fuel 562-677 kg
[08:38:06]   depth  8:  150 states (0 in H), t_end 4217-4858 d, fuel 593-701 kg
[08:38:06]   depth  9:  150 states (0 in H), t_end 4339-4856 d, fuel 605-725 kg
[08:38:06]   depth 10:  150 states (0 in H), t_end 4531-4859 d, fuel 623-688 kg
[08:38:06]   depth 11:   68 states (0 in H), t_end 4754-4859 d, fuel 658-716 kg
[08:38:06]   depth 12:    1 states (0 in H), t_end 4817-4817 d, fuel 720-720 kg
[08:38:06] candidates: 110 distinct committed target sets (n_new 1-4, potential 0-3)
[08:38:06] frontier: 16 candidates chosen (n fb / committed planner kg / continuation (lookahead) [full]; pot_mode lookahead, pot_cap None): 1fb/459kg/p0(0)[0], 1fb/464kg/p1(0)[1], 1fb/465kg/p3(1)[3], 1fb/475kg/p4(2)[4], 1fb/482kg/p5(3)[5], 1fb/489kg/p6(3)[6], 1fb/513kg/p5(3)[5], 2fb/475kg/p0(0)[0], 2fb/484kg/p2(1)[2], 2fb/502kg/p5(3)[5], 2fb/505kg/p4(3)[4], 3fb/505kg/p1(1)[1], 3fb/508kg/p4(3)[4], 3fb/509kg/p2(2)[2], 4fb/529kg/p3(3)[3], 4fb/584kg/p2(2)[2]
[08:38:06] budget: 211 s of 300 left for the settles + regrids (settle_wall 480)
[08:38:07]     settle 21: 213 @   3413 d -> ok lintwin tank 945.9 (+11.5) miss 71 km (3.2 s)
[08:38:07]     settle 19: 197 @   3368 d -> ok lintwin tank 830.6 (+12.9) miss 80 km (3.9 s)
[08:38:08]     settle 21:  33 @   3545 d -> ok lintwin tank 888.6 (+33.7) miss 47 km (4.6 s)
[08:38:08]     settle 18:  30 @   3458 d -> ok lam tank 807.0 (+31.9) miss 65 km (6.4 s)
[08:38:10]     settle 17: 208 @   3490 d -> ok lintwin tank 833.0 (+21.5) miss 9 km (6.1 s)
[08:38:11]     settle 21: 246 @   3412 d -> ok lintwin tank 964.6 (+30.2) miss 63 km (3.7 s)
[08:38:11]     settle 21: 191 @   3418 d -> ok lintwin tank 890.0 (+35.1) miss 63 km (2.6 s)
[08:38:12]     settle 19: 207 @   3478 d -> ok lintwin tank 837.1 (+19.5) miss 72 km (4.0 s)
[08:38:12]     settle 17:  10 @   3576 d -> ok lintwin tank 841.0 (+3.6) miss 43 km (5.7 s)
[08:38:12]     settle  7:  33 @   3546 d -> FAIL [('lin', 590595.8), ('lam', 74252709.3)] (32.4 s)
[08:38:13]     settle 18:  93 @   3453 d -> ok lam tank 799.1 (+24.0) miss 61 km (3.2 s)
[08:38:13]     settle 16: 102 @   3400 d -> ok lin tank 907.9 (+3.4) miss 61 km (14.6 s)
[08:38:16]     settle 21:  93 @   3455 d -> ok lintwin tank 944.2 (+9.8) miss 45 km (4.1 s)
[08:38:16]     settle 17: 219 @   3495 d -> ok lintwin tank 843.2 (+31.6) miss 19 km (6.1 s)
[08:38:16]     settle 21: 213 @   3556 d -> ok lintwin tank 1034.6 (+179.6) miss 20 km (4.8 s)
[08:38:17]     settle 18: 154 @   3658 d -> ok lin tank 786.5 (+11.4) miss 63 km (3.8 s)
[08:38:17]     settle 19:   9 @   3343 d -> ok lintwin tank 851.0 (+33.4) miss 74 km (5.0 s)
[08:38:18]     settle 17: 128 @   3673 d -> ok lintwin tank 846.4 (+9.1) miss 57 km (5.1 s)
[08:38:19]     settle 21: 246 @   3414 d -> ok lintwin tank 915.5 (+60.6) miss 24 km (1.8 s)
[08:38:20]     settle 21:  92 @   3755 d -> ok lintwin tank 953.6 (+19.2) miss 30 km (4.2 s)
[08:38:21]     settle 16: 151 @   3360 d -> FAIL [('lam', 2486772.0)] (7.9 s)
[08:38:22]     settle 22: 128 @   3666 d -> ok lintwin tank 860.7 (+-2.9) miss 60 km (2.9 s)
[08:38:23]     settle 19: 103 @   3481 d -> ok lintwin tank 837.3 (+19.7) miss 63 km (4.8 s)
[08:38:23]     settle 17: 183 @   3368 d -> ok lintwin tank 845.5 (+8.1) miss 38 km (4.8 s)
[08:38:24]     settle 21: 115 @   3358 d -> ok lintwin tank 957.2 (+22.9) miss 82 km (3.3 s)
[08:38:24]     settle 18: 126 @   3568 d -> ok lam tank 790.8 (+15.8) miss 1 km (6.7 s)
[08:38:25]     settle 17: 147 @   3561 d -> ok lam tank 840.7 (+29.2) miss 4 km (3.6 s)
[08:38:25]     settle 21:  91 @   3586 d -> ok lintwin tank 878.7 (+23.7) miss 72 km (2.4 s)
[08:38:26]     settle 19: 128 @   3425 d -> ok lintwin tank 823.9 (+6.2) miss 82 km (3.1 s)
[08:38:27]     settle 19:  33 @   3536 d -> ok lam tank 793.3 (+5.0) miss 16 km (1.6 s)
[08:38:27]     settle 16: 241 @   3322 d -> ok lam tank 951.3 (+46.7) miss 2 km (5.5 s)
[08:38:27]     settle 22: 154 @   3686 d -> ok lintwin tank 881.8 (+3.2) miss 61 km (2.2 s)
[08:38:27]     settle 21: 183 @   3370 d -> ok lintwin tank 982.4 (+48.1) miss 74 km (2.9 s)
[08:38:28]     settle 17: 202 @   3408 d -> ok lintwin tank 854.3 (+17.0) miss 44 km (4.1 s)
[08:38:30]     settle  7:  91 @   3577 d -> FAIL [('lam', 37496584.5)] (17.1 s)
[08:38:30]     settle 21: 156 @   3390 d -> ok lintwin tank 950.0 (+15.6) miss 66 km (2.3 s)
[08:38:31]     settle 19: 198 @   3545 d -> ok lintwin tank 839.3 (+21.7) miss 52 km (4.2 s)
[08:38:31]     settle 18: 154 @   3678 d -> ok lin tank 786.5 (+11.4) miss 76 km (4.2 s)
[08:38:32]     settle 22: 235 @   3619 d -> ok lintwin tank 895.7 (+7.1) miss 73 km (3.9 s)
[08:38:32]     settle 17: 215 @   3619 d -> ok lintwin tank 837.3 (+25.8) miss 20 km (6.3 s)
[08:38:32]     settle 19: 183 @   3751 d -> ok lam tank 799.6 (+13.0) miss 76 km (1.1 s)
[08:38:34]     settle 17: 190 @   3284 d -> ok lintwin tank 838.9 (+1.6) miss 53 km (5.4 s)
[08:38:34]     settle 21: 156 @   3388 d -> ok lintwin tank 951.1 (+16.7) miss 92 km (3.5 s)
[08:38:34]     settle 20:  22 @   3648 d -> ok lintwin tank 828.1 (+3.2) miss 79 km (2.4 s)
[08:38:36]     settle 22: 147 @   3569 d -> ok lintwin tank 899.8 (+9.7) miss 64 km (3.4 s)
[08:38:36]     settle 19:  33 @   3536 d -> ok lam tank 809.1 (+10.0) miss 61 km (0.7 s)
[08:38:37]     settle 22: 266 @   3699 d -> ok lintwin tank 953.7 (+2.6) miss 59 km (3.0 s)
[08:38:37]     settle 17: 115 @   3327 d -> ok lintwin tank 853.9 (+16.6) miss 62 km (3.1 s)
[08:38:38]     settle 19:  10 @   3479 d -> ok lintwin tank 823.6 (+5.9) miss 71 km (2.8 s)
[08:38:38]     settle 20: 122 @   3676 d -> ok lintwin tank 826.2 (+2.6) miss 43 km (0.5 s)
[08:38:40]     settle 22: 275 @   3713 d -> ok lintwin tank 954.2 (+3.1) miss 45 km (2.7 s)
[08:38:41]     settle 17:  40 @   3682 d -> ok lintwin tank 858.0 (+46.5) miss 11 km (6.4 s)
[08:38:41]     settle 17:  93 @   3461 d -> ok lintwin tank 862.6 (+25.3) miss 53 km (3.1 s)
[08:38:41]     settle 19: 285 @   3675 d -> ok lam tank 813.1 (+17.8) miss 63 km (2.5 s)
[08:38:42]     settle 20: 291 @   3478 d -> ok lintwin tank 860.0 (+9.0) miss 71 km (3.0 s)
[08:38:42]     settle 23:   2 @   3756 d -> ok lintwin tank 903.1 (+3.4) miss 79 km (6.2 s)
[08:38:42]     settle 20: 233 @   3777 d -> ok lam tank 821.7 (+8.5) miss 63 km (0.8 s)
[08:38:45]     settle 23:  92 @   3715 d -> ok lintwin tank 906.6 (+10.9) miss 71 km (2.6 s)
[08:38:47]     settle 21:  22 @   3644 d -> ok lintwin tank 881.1 (+21.0) miss 76 km (3.7 s)
[08:38:47]     settle 17:   2 @   3664 d -> ok lintwin tank 848.5 (+11.2) miss 46 km (4.8 s)
[08:38:47]     settle 17: 269 @   3435 d -> ok lintwin tank 844.0 (+32.5) miss 36 km (5.9 s)
[08:38:48]     settle 23:  44 @   3776 d -> ok lintwin tank 905.6 (+9.9) miss 18 km (2.1 s)
[08:38:50]     settle 20: 238 @   3771 d -> ok lam tank 803.6 (+-5.5) miss 1 km (3.2 s)
[08:38:50]     settle 21:  50 @   3651 d -> ok lintwin tank 881.7 (+21.6) miss 81 km (2.7 s)
[08:38:52]     settle  7: 119 @   3423 d -> FAIL [('lam', 11532673.7)] (22.2 s)
[08:38:52]     settle 18: 238 @   3777 d -> ok lintwin tank 852.0 (+3.5) miss 9 km (4.9 s)
[08:38:53]     settle 17: 213 @   3541 d -> ok lintwin tank 898.3 (+86.8) miss 64 km (4.8 s)
[08:38:53]     settle 24:  44 @   3777 d -> ok lintwin tank 905.8 (+-0.8) miss 68 km (4.6 s)
[08:38:53]     settle 22: 147 @   3562 d -> ok lam tank 994.2 (+11.7) miss 82 km (12.2 s)
[08:38:53] RESULT s06_c1: 16 columns; frontier 1fb 5 kg p1/3 | 2fb 6 kg p0/1 | 3fb 48 kg p1/1 | 4fb 51 kg p1/1; settles 18 (18 ok), regrids 16 (16 ok); wall 136 s of 300 (plan 67, price 1, settle 69; budget hit None, 0 unsettled)
[08:38:54]     settle 20: 142 @   3756 d -> ok lam tank 808.1 (+-0.9) miss 2 km (3.0 s)
[08:38:54]   job s06_c1 craft columns  16  levels 9  settles 18/18  end plan_done  wall 135.6 s
[08:38:54] RESULT s06_c3: 16 columns; frontier 1fb 11 kg p2/2 | 2fb 14 kg p0/2 | 3fb 28 kg p1/1; settles 18 (18 ok), regrids 16 (16 ok); wall 137 s of 300 (plan 56, price 1, settle 81; budget hit None, 0 unsettled)
[08:38:55]     settle 19:  45 @   3375 d -> ok lintwin tank 834.5 (+16.9) miss 67 km (4.4 s)
[08:38:55]     settle 16:  55 @   3370 d -> FAIL [('lin', 1226755.8), ('lam', 1064466.3)] (24.9 s)
[08:38:56]   job s06_c3 craft columns  16  levels 9  settles 18/18  end plan_done  wall 136.7 s
[08:38:58]     settle 22: 275 @   3712 d -> ok lintwin tank 963.1 (+17.2) miss 60 km (3.7 s)
[08:38:59]     settle 18:   2 @   3671 d -> ok lintwin tank 849.8 (+4.3) miss 2 km (4.4 s)
[08:38:59]     settle 17: 208 @   3465 d -> ok lintwin tank 834.0 (+22.5) miss 17 km (5.9 s)
[08:39:01]     settle 20: 291 @   3482 d -> ok lintwin tank 906.2 (+71.7) miss 2 km (6.0 s)
[08:39:01]     settle 23:  92 @   3764 d -> ok lam tank 983.8 (+20.7) miss 76 km (3.6 s)
[08:39:03]     settle 18: 292 @   3719 d -> ok lintwin tank 833.7 (+-0.3) miss 75 km (3.3 s)
[08:39:03]     settle 16:  63 @   3327 d -> FAIL [('lam', 5567452.6)] (7.7 s)
[08:39:04]     settle 18:  93 @   3461 d -> ok lintwin tank 871.5 (+17.7) miss 98 km (4.4 s)
[08:39:06]     settle 18: 292 @   3714 d -> ok lintwin tank 835.4 (+16.3) miss 55 km (2.6 s)
[08:39:07]     settle 22:   2 @   3668 d -> ok lintwin tank 969.8 (+23.9) miss 67 km (4.9 s)
[08:39:07]     settle 17: 115 @   3324 d -> ok lintwin tank 854.3 (+16.9) miss 62 km (2.7 s)
[08:39:08]     settle 21: 247 @   3641 d -> ok lintwin tank 906.5 (+0.3) miss 91 km (7.0 s)
[08:39:08]     settle  7: 159 @   3410 d -> FAIL [('lam', 23577574.4)] (16.5 s)
[08:39:09] RESULT s06_c2: 16 columns; frontier 1fb 4 kg p1/2 | 2fb 8 kg p1/2 | 3fb 63 kg p2/2; settles 19 (19 ok), regrids 16 (16 ok); wall 151 s of 300 (plan 70, price 1, settle 81; budget hit None, 0 unsettled)
[08:39:09]     settle 18:  17 @   3746 d -> ok lintwin tank 854.8 (+11.7) miss 52 km (3.1 s)
[08:39:10]     settle 18:   2 @   3674 d -> ok lintwin tank 869.7 (+15.4) miss 40 km (2.5 s)
[08:39:10]   job s06_c2 craft columns  16  levels 10  settles 19/19  end plan_done  wall 151.2 s
[08:39:11]     settle 16:  44 @   3311 d -> FAIL [('lam', 10637971.4)] (7.6 s)
[08:39:11]     settle 23:  92 @   3752 d -> ok lintwin tank 987.3 (+17.5) miss 32 km (4.3 s)
[08:39:15]     settle 19:  92 @   3761 d -> ok lintwin tank 852.0 (+2.3) miss 9 km (4.8 s)
[08:39:16]     settle 17: 249 @   3435 d -> ok lintwin tank 819.1 (+7.6) miss 18 km (5.9 s)
[08:39:18]     settle 23: 275 @   3716 d -> ok lintwin tank 1343.9 (+349.8) miss 24 km (6.1 s)
[08:39:19]     settle 18:  21 @   3575 d -> ok lintwin tank 834.1 (+15.0) miss 57 km (3.4 s)
[08:39:20]     settle 17: 193 @   3638 d -> FAIL [('lam', 7411880.5)] (9.6 s)
[08:39:24]     settle 19:   2 @   3675 d -> ok lintwin tank 869.8 (+-1.8) miss 8 km (4.7 s)
[08:39:24]     settle 17:  68 @   3696 d -> ok lin tank 902.9 (+-5.0) miss 57 km (4.0 s)
[08:39:25]     settle 19: 189 @   3715 d -> ok lintwin tank 854.9 (+20.8) miss 16 km (6.0 s)
[08:39:27]     settle  7: 115 @   3444 d -> FAIL [('lam', 4064539.4)] (18.5 s)
[08:39:29]     settle 24:  92 @   3761 d -> ok lam tank 1045.5 (+-298.4) miss 32 km (5.2 s)
[08:39:29]     settle 17: 155 @   3681 d -> ok lin tank 901.6 (+-6.3) miss 31 km (4.2 s)
[08:39:29] RESULT s06_c0: 16 columns; frontier 1fb 1 kg p2/3 | 2fb 19 kg p0/2 | 3fb 49 kg p2/2 | 4fb 111 kg p2/2; settles 19 (19 ok), regrids 16 (16 ok); wall 172 s of 300 (plan 76, price 1, settle 95; budget hit None, 0 unsettled)
[08:39:29]     settle 17: 190 @   3308 d -> ok lintwin tank 838.8 (+1.4) miss 59 km (5.1 s)
[08:39:30]   job s06_c0 craft columns  16  levels 10  settles 19/19  end plan_done  wall 171.7 s
[08:39:36]     settle 18: 147 @   3562 d -> ok lintwin tank 866.5 (+27.8) miss 10 km (6.3 s)
[08:39:39]     settle 19: 215 @   3727 d -> ok lintwin tank 847.0 (+12.8) miss 16 km (6.4 s)
[08:39:39]     settle 17:  21 @   3600 d -> FAIL [('lam', 7219422.8)] (9.6 s)
[08:39:40]     settle 19: 275 @   3715 d -> ok lintwin tank 886.0 (+19.5) miss 71 km (4.0 s)
[08:39:45]     settle 20:  92 @   3770 d -> ok lintwin tank 886.9 (+17.1) miss 68 km (4.6 s)
[08:39:47]     settle  7:  34 @   3471 d -> FAIL [('lam', 3056491.6)] (20.2 s)
[08:39:48]     settle 17:  39 @   3519 d -> FAIL [('lam', 1915996.4)] (8.1 s)
[08:39:49]     settle 17: 115 @   3320 d -> ok lintwin tank 854.2 (+16.8) miss 43 km (2.8 s)
[08:39:49]     settle 17: 274 @   3397 d -> ok lintwin tank 868.1 (+56.6) miss 95 km (5.8 s)
[08:39:52]     settle 18: 277 @   3511 d -> ok lintwin tank 870.6 (+2.5) miss 62 km (3.1 s)
[08:39:55]     settle 18: 147 @   3560 d -> ok lintwin tank 869.6 (+15.4) miss 10 km (6.0 s)
[08:39:58]     settle 19:  49 @   3672 d -> ok lintwin tank 902.8 (+32.2) miss 1 km (5.5 s)
[08:39:59]     settle 19: 266 @   3706 d -> ok lam tank 876.6 (+7.0) miss 76 km (4.4 s)
[08:40:03] RESULT s06_c5: 16 columns; frontier 1fb 6 kg p0/2 | 2fb 22 kg p0/2 | 3fb 34 kg p0/0; settles 21 (21 ok), regrids 16 (16 ok); wall 205 s of 300 (plan 59, price 1, settle 146; budget hit None, 0 unsettled)
[08:40:03]     settle 17: 277 @   3517 d -> ok lin tank 1007.0 (+55.7) miss 0 km (15.0 s)
[08:40:04]     settle 20:  92 @   3771 d -> ok lintwin tank 900.3 (+23.6) miss 46 km (4.5 s)
[08:40:04]   job s06_c5 craft columns  16  levels 8  settles 21/21  end plan_done  wall 205.0 s
[08:40:05] RESULT s06_c6: 16 columns; frontier 1fb 2 kg p3/3 | 2fb 12 kg p1/3 | 3fb 13 kg p1/3 | 4fb 49 kg p3/3; settles 23 (23 ok), regrids 16 (16 ok); wall 207 s of 300 (plan 88, price 1, settle 119; budget hit None, 0 unsettled)
[08:40:06]   job s06_c6 craft columns  16  levels 12  settles 23/23  end plan_done  wall 207.1 s
[08:40:09]     settle  7: 291 @   3347 d -> FAIL [('lam', 12220280.2)] (21.8 s)
[08:40:12]     settle 18:  21 @   3592 d -> FAIL [('lam', 937946.8)] (9.1 s)
[08:40:17]   10 candidates dropped (settle failure / regrid failure / duplicate after truncation)
[08:40:17] RESULT s06_c4: 6 columns; frontier 1fb 3 kg p1/2 | 2fb -3 kg p0/1; settles 14 (6 ok), regrids 6 (6 ok); wall 219 s of 300 (plan 76, price 1, settle 143; budget hit None, 0 unsettled)
[08:40:18]   job s06_c4 craft columns   6  levels 12  settles 6/14  end plan_done  wall 219.1 s
[08:40:31]     settle  7: 123 @   3399 d -> FAIL [('lam', 6690171.2)] (21.6 s)
[08:40:46]     settle  7: 275 @   3724 d -> FAIL [('lam', 13836139.9)] (15.0 s)
[08:40:51]     settle  7: 246 @   3296 d -> ok lintwin tank 847.3 (+183.0) miss 0 km (5.3 s)
[08:41:13]     settle  7: 261 @   3312 d -> FAIL [('lam', 46606865.2)] (20.5 s)
[08:41:13]   15 candidates dropped (settle failure / regrid failure / duplicate after truncation)
[08:41:13] RESULT s06_c7: 1 columns; frontier 1fb 183 kg p2/2; settles 21 (1 ok), regrids 1 (1 ok); wall 275 s of 300 (plan 62, price 1, settle 213; budget hit None, 0 unsettled)
[08:41:15]   job s06_c7 craft columns   1  levels 9  settles 1/21  end plan_done  wall 275.4 s
[08:41:15] [slice 6] propose: 103 columns (0 bad dropped) in 276.9 s
[08:41:15] [slice 6] auction: 103 columns, kept 100, dropped {'ramp': 3}; lam 0.30 H_eff 540 d fuel budget 482 kg quota on
[08:41:15] [slice 6] auction: status optimal objective 36.500 vars 100 rows 47 chosen 8 fuel 467/482 kg (0.037 s)
[08:41:19] [slice 6] fuel dual: lam 0.300 -> 0.450 (chosen 467 / budget 482 kg, ramp drops 3 of 103)
[08:41:19] [slice 6 T=3240 d] launched 8/8  covered 147  remaining 151  fuel 2265 kg  sumJi 9.9549  chosen: c0:3(+49) c1:3(+50) c2:3(+63) c3:3(+34) c4:1(+11) c5:2(+43) c6:3(+32) c7:1(+183)  rejected: -  (wall 281 s)
[08:41:19] [slice 7 T=3780 d] propose: 8 jobs (8 craft, 0 root) on 9 workers, proposer planbeam, H_eff 540 d, lam 0.44999999999999996
[08:41:19] job s07_c0 (craft, craft 0, planbeam): T 3780 d H 540 L 360; plan horizon 5400 d; remaining 151; prize >1 on 117; width 150 npt 6 mc 150 dv 1.2 drmax 0.15 plan_wall 240 s; quota None
[08:41:19] job s07_c1 (craft, craft 1, planbeam): T 3780 d H 540 L 360; plan horizon 5400 d; remaining 151; prize >1 on 117; width 150 npt 6 mc 150 dv 1.2 drmax 0.15 plan_wall 240 s; quota None
[08:41:19] job s07_c3 (craft, craft 3, planbeam): T 3780 d H 540 L 360; plan horizon 5400 d; remaining 151; prize >1 on 117; width 150 npt 6 mc 150 dv 1.2 drmax 0.15 plan_wall 240 s; quota None
[08:41:19] job s07_c2 (craft, craft 2, planbeam): T 3780 d H 540 L 360; plan horizon 5400 d; remaining 151; prize >1 on 117; width 150 npt 6 mc 150 dv 1.2 drmax 0.15 plan_wall 240 s; quota None
[08:41:19] job s07_c6 (craft, craft 6, planbeam): T 3780 d H 540 L 360; plan horizon 5400 d; remaining 151; prize >1 on 117; width 150 npt 6 mc 150 dv 1.2 drmax 0.15 plan_wall 240 s; quota None
[08:41:19] job s07_c5 (craft, craft 5, planbeam): T 3780 d H 540 L 360; plan horizon 5400 d; remaining 151; prize >1 on 117; width 150 npt 6 mc 150 dv 1.2 drmax 0.15 plan_wall 240 s; quota None
[08:41:19] job s07_c4 (craft, craft 4, planbeam): T 3780 d H 540 L 360; plan horizon 5400 d; remaining 151; prize >1 on 117; width 150 npt 6 mc 150 dv 1.2 drmax 0.15 plan_wall 240 s; quota None
[08:41:19] job s07_c7 (craft, craft 7, planbeam): T 3780 d H 540 L 360; plan horizon 5400 d; remaining 151; prize >1 on 117; width 150 npt 6 mc 150 dv 1.2 drmax 0.15 plan_wall 240 s; quota None
[08:41:19] prefix slices/s07/in/craft_7.npz: 7 flybys, t_end 3324.7 d, tank 847.3 kg (planner view), miss 100.6 km, nreg 156
[08:41:19] budget: job_wall 300 s, 300 s left before the plan -> plan cap 210 s (plan_wall 240, settle_reserve 90)
[08:41:19] prefix slices/s07/in/craft_4.npz: 16 flybys, t_end 3371.0 d, tank 916.0 kg (planner view), miss 47.3 km, nreg 163
[08:41:19] budget: job_wall 300 s, 300 s left before the plan -> plan cap 210 s (plan_wall 240, settle_reserve 90)
[08:41:19] prefix slices/s07/in/craft_6.npz: 19 flybys, t_end 3675.7 d, tank 869.1 kg (planner view), miss 79.4 km, nreg 175
[08:41:19] budget: job_wall 300 s, 300 s left before the plan -> plan cap 210 s (plan_wall 240, settle_reserve 90)
[08:41:19] prefix slices/s07/in/craft_3.npz: 20 flybys, t_end 3774.7 d, tank 808.9 kg (planner view), miss 22.5 km, nreg 185
[08:41:19] budget: job_wall 300 s, 300 s left before the plan -> plan cap 210 s (plan_wall 240, settle_reserve 90)
[08:41:19] prefix slices/s07/in/craft_5.npz: 18 flybys, t_end 3745.8 d, tank 854.5 kg (planner view), miss 27.1 km, nreg 180
[08:41:19] prefix slices/s07/in/craft_1.npz: 23 flybys, t_end 3776.4 d, tank 905.2 kg (planner view), miss 1.2 km, nreg 188
[08:41:19] budget: job_wall 300 s, 300 s left before the plan -> plan cap 210 s (plan_wall 240, settle_reserve 90)
[08:41:19] budget: job_wall 300 s, 300 s left before the plan -> plan cap 210 s (plan_wall 240, settle_reserve 90)
[08:41:19] prefix slices/s07/in/craft_2.npz: 21 flybys, t_end 3646.5 d, tank 880.9 kg (planner view), miss 9.5 km, nreg 181
[08:41:19] budget: job_wall 300 s, 300 s left before the plan -> plan cap 210 s (plan_wall 240, settle_reserve 90)
[08:41:19] prefix slices/s07/in/craft_0.npz: 23 flybys, t_end 3764.4 d, tank 983.0 kg (planner view), miss 21.3 km, nreg 191
[08:41:19] budget: job_wall 300 s, 300 s left before the plan -> plan cap 210 s (plan_wall 240, settle_reserve 90)
[08:41:37] first level (both): 0 production + 52 relaxed (dv 2.5, 0.3 AU; 0.1 s) + 0 lintwin children -> 36 unique (18.1 s)
[08:41:37] plan start: prefix 20 flybys, t_end 3774.7 d, planner mass 1189.7 kg (dv 11.623 km/s); 36 first-level states
[08:41:37] first level (both): 0 production + 1 relaxed (dv 2.5, 0.3 AU; 0.1 s) + 0 lintwin children -> 1 unique (18.2 s)
[08:41:37] plan start: prefix 16 flybys, t_end 3371.0 d, planner mass 1050.6 kg (dv 16.499 km/s); 1 first-level states
[08:41:38] first level (both): 0 production + 68 relaxed (dv 2.5, 0.3 AU; 0.1 s) + 63 lintwin children -> 97 unique (19.4 s)
[08:41:38] plan start: prefix 19 flybys, t_end 3675.7 d, planner mass 1107.3 kg (dv 14.438 km/s); 97 first-level states
[08:41:38] first level (both): 0 production + 60 relaxed (dv 2.5, 0.3 AU; 0.1 s) + 37 lintwin children -> 67 unique (19.6 s)
[08:41:38] plan start: prefix 23 flybys, t_end 3776.4 d, planner mass 1063.2 kg (dv 16.031 km/s); 67 first-level states
[08:41:39] first level (both): 0 production + 5 relaxed (dv 2.5, 0.3 AU; 0.1 s) + 81 lintwin children -> 85 unique (19.8 s)
[08:41:39] plan start: prefix 7 flybys, t_end 3324.7 d, planner mass 1135.9 kg (dv 13.439 km/s); 85 first-level states
[08:41:39] first level (both): 0 production + 98 relaxed (dv 2.5, 0.3 AU; 0.1 s) + 71 lintwin children -> 119 unique (20.4 s)
[08:41:39] plan start: prefix 18 flybys, t_end 3745.8 d, planner mass 1126.3 kg (dv 13.771 km/s); 119 first-level states
[08:41:40] first level (both): 0 production + 73 relaxed (dv 2.5, 0.3 AU; 0.1 s) + 60 lintwin children -> 97 unique (21.4 s)
[08:41:40] plan start: prefix 23 flybys, t_end 3764.4 d, planner mass 979.0 kg (dv 19.268 km/s); 97 first-level states
[08:41:40] first level (both): 0 production + 35 relaxed (dv 2.5, 0.3 AU; 0.1 s) + 54 lintwin children -> 71 unique (21.5 s)
[08:41:40] plan start: prefix 21 flybys, t_end 3646.5 d, planner mass 1092.5 kg (dv 14.968 km/s); 71 first-level states
[08:42:02] plan: 925 states, depth 11 new flybys, end plan_done (43 s); deepest 11 new to 5394 d at planner fuel 806 kg
[08:42:02]   depth  1:    1 states (1 in H), t_end 3971-3971 d, fuel 601-601 kg
[08:42:02]   depth  2:   14 states (13 in H), t_end 4153-4337 d, fuel 619-632 kg
[08:42:02]   depth  3:   83 states (5 in H), t_end 4233-4886 d, fuel 630-660 kg
[08:42:02]   depth  4:  150 states (0 in H), t_end 4437-5301 d, fuel 642-687 kg
[08:42:02]   depth  5:  150 states (0 in H), t_end 4595-5395 d, fuel 649-712 kg
[08:42:02]   depth  6:  150 states (0 in H), t_end 4771-5398 d, fuel 675-737 kg
[08:42:02]   depth  7:  150 states (0 in H), t_end 4869-5396 d, fuel 708-754 kg
[08:42:02]   depth  8:  150 states (0 in H), t_end 4984-5400 d, fuel 724-775 kg
[08:42:02]   depth  9:   62 states (0 in H), t_end 5097-5400 d, fuel 751-793 kg
[08:42:02]   depth 10:   12 states (0 in H), t_end 5247-5397 d, fuel 787-810 kg
[08:42:02]   depth 11:    3 states (0 in H), t_end 5394-5396 d, fuel 806-815 kg
[08:42:02] candidates: 10 distinct committed target sets (n_new 1-3, potential 0-2)
[08:42:02] frontier: 10 candidates chosen (n fb / committed planner kg / continuation (lookahead) [full]; pot_mode lookahead, pot_cap None): 1fb/601kg/p4(2)[4], 2fb/619kg/p1(1)[1], 2fb/620kg/p1(1)[1], 2fb/620kg/p1(1)[1], 2fb/623kg/p3(2)[3], 2fb/629kg/p1(1)[1], 2fb/630kg/p1(1)[1], 3fb/635kg/p0(0)[0], 3fb/642kg/p1(1)[1], 3fb/653kg/p2(2)[2]
[08:42:02] budget: 257 s of 300 left for the settles + regrids (settle_wall 480)
[08:42:06] plan: 915 states, depth 8 new flybys, end plan_done (47 s); deepest 8 new to 5399 d at planner fuel 628 kg
[08:42:06]   depth  1:   36 states (33 in H), t_end 3889-4365 d, fuel 428-494 kg
[08:42:06]   depth  2:  150 states (44 in H), t_end 4059-4745 d, fuel 432-525 kg
[08:42:06]   depth  3:  150 states (3 in H), t_end 4189-5159 d, fuel 471-555 kg
[08:42:06]   depth  4:  150 states (0 in H), t_end 4564-5352 d, fuel 496-582 kg
[08:42:06]   depth  5:  150 states (0 in H), t_end 4717-5355 d, fuel 517-609 kg
[08:42:06]   depth  6:  150 states (0 in H), t_end 4983-5398 d, fuel 530-640 kg
[08:42:06]   depth  7:  110 states (0 in H), t_end 5109-5398 d, fuel 575-660 kg
[08:42:06]   depth  8:   19 states (0 in H), t_end 5247-5399 d, fuel 628-667 kg
[08:42:06] candidates: 40 distinct committed target sets (n_new 1-3, potential 0-3)
[08:42:06] frontier: 16 candidates chosen (n fb / committed planner kg / continuation (lookahead) [full]; pot_mode lookahead, pot_cap None): 1fb/428kg/p2(0)[2], 1fb/439kg/p1(1)[1], 1fb/440kg/p1(1)[1], 1fb/446kg/p2(1)[2], 1fb/447kg/p1(1)[1], 1fb/451kg/p1(1)[1], 1fb/452kg/p2(1)[2], 1fb/474kg/p3(1)[3], 1fb/486kg/p3(3)[3], 2fb/432kg/p0(0)[0], 2fb/453kg/p0(0)[0], 2fb/455kg/p1(0)[1], 2fb/509kg/p2(1)[2], 3fb/471kg/p0(0)[0], 3fb/471kg/p0(0)[0], 3fb/519kg/p1(1)[1]
[08:42:06] budget: 252 s of 300 left for the settles + regrids (settle_wall 480)
[08:42:07]     settle 21:  76 @   3896 d -> ok lam tank 820.7 (+11.8) miss 22 km (0.8 s)
[08:42:11]     settle 21: 183 @   3985 d -> ok lin tank 812.4 (+3.5) miss 62 km (2.7 s)
[08:42:12] plan: 1054 states, depth 9 new flybys, end plan_done (53 s); deepest 9 new to 5378 d at planner fuel 626 kg
[08:42:12]   depth  1:   85 states (72 in H), t_end 3802-4479 d, fuel 464-539 kg
[08:42:12]   depth  2:  150 states (99 in H), t_end 3893-4823 d, fuel 471-532 kg
[08:42:12]   depth  3:  150 states (46 in H), t_end 4074-5085 d, fuel 485-565 kg
[08:42:12]   depth  4:  150 states (0 in H), t_end 4454-5320 d, fuel 499-563 kg
[08:42:12]   depth  5:  150 states (0 in H), t_end 4744-5398 d, fuel 529-593 kg
[08:42:12]   depth  6:  150 states (0 in H), t_end 4915-5400 d, fuel 539-627 kg
[08:42:12]   depth  7:  150 states (0 in H), t_end 5087-5400 d, fuel 571-648 kg
[08:42:12]   depth  8:   65 states (0 in H), t_end 5197-5399 d, fuel 596-649 kg
[08:42:12]   depth  9:    4 states (0 in H), t_end 5378-5392 d, fuel 626-658 kg
[08:42:12] candidates: 142 distinct committed target sets (n_new 1-3, potential 0-3)
[08:42:12] frontier: 16 candidates chosen (n fb / committed planner kg / continuation (lookahead) [full]; pot_mode lookahead, pot_cap None): 1fb/464kg/p3(2)[3], 1fb/464kg/p3(1)[3], 1fb/464kg/p3(1)[3], 1fb/464kg/p3(1)[3], 1fb/464kg/p3(2)[3], 1fb/464kg/p3(3)[3], 1fb/464kg/p3(1)[3], 1fb/464kg/p3(2)[3], 1fb/464kg/p2(1)[2], 1fb/464kg/p2(0)[2], 2fb/472kg/p1(1)[1], 2fb/473kg/p0(0)[0], 2fb/492kg/p2(1)[2], 3fb/485kg/p0(0)[0], 3fb/502kg/p0(0)[0], 3fb/524kg/p1(1)[1]
[08:42:12] budget: 247 s of 300 left for the settles + regrids (settle_wall 480)
[08:42:12]     settle 17: 198 @   3971 d -> FAIL [('lam', 4043811.4)] (9.5 s)
[08:42:12]   10 candidates dropped (settle failure / regrid failure / duplicate after truncation)
[08:42:12] RESULT s07_c4: 0 columns; frontier ; settles 1 (0 ok), regrids 0 (0 ok); wall 53 s of 300 (plan 43, price 0, settle 10; budget hit None, 0 unsettled)
[08:42:13]   job s07_c4 craft columns   0  levels 11  settles 0/1  end plan_done  wall 53.1 s
[08:42:14]     settle 21: 207 @   4155 d -> ok lin tank 811.3 (+2.4) miss 68 km (2.6 s)
[08:42:15] plan: 1048 states, depth 9 new flybys, end plan_done (56 s); deepest 9 new to 5367 d at planner fuel 718 kg
[08:42:15]   depth  1:   71 states (63 in H), t_end 3797-4419 d, fuel 510-587 kg
[08:42:15]   depth  2:  150 states (80 in H), t_end 3979-4946 d, fuel 531-613 kg
[08:42:15]   depth  3:  150 states (17 in H), t_end 4217-5147 d, fuel 551-642 kg
[08:42:15]   depth  4:  150 states (2 in H), t_end 4279-5398 d, fuel 567-648 kg
[08:42:15]   depth  5:  150 states (0 in H), t_end 4504-5396 d, fuel 608-674 kg
[08:42:15]   depth  6:  150 states (0 in H), t_end 4886-5400 d, fuel 635-697 kg
[08:42:15]   depth  7:  150 states (0 in H), t_end 4994-5399 d, fuel 644-723 kg
[08:42:15]   depth  8:   76 states (0 in H), t_end 5226-5400 d, fuel 661-745 kg
[08:42:15]   depth  9:    1 states (0 in H), t_end 5367-5367 d, fuel 718-718 kg
[08:42:15] candidates: 99 distinct committed target sets (n_new 1-4, potential 0-2)
[08:42:15] frontier: 16 candidates chosen (n fb / committed planner kg / continuation (lookahead) [full]; pot_mode lookahead, pot_cap None): 1fb/510kg/p2(2)[2], 1fb/517kg/p2(2)[2], 1fb/538kg/p3(0)[3], 1fb/548kg/p3(1)[3], 1fb/549kg/p3(2)[3], 1fb/551kg/p3(1)[3], 1fb/555kg/p4(2)[4], 1fb/562kg/p3(2)[3], 1fb/566kg/p3(2)[3], 2fb/539kg/p1(1)[1], 2fb/540kg/p0(0)[0], 2fb/580kg/p3(2)[3], 3fb/583kg/p1(1)[1], 3fb/590kg/p0(0)[0], 3fb/610kg/p2(2)[2], 4fb/626kg/p0(0)[0]
[08:42:15] budget: 244 s of 300 left for the settles + regrids (settle_wall 480)
[08:42:15] plan: 1020 states, depth 9 new flybys, end plan_done (56 s); deepest 9 new to 5310 d at planner fuel 833 kg
[08:42:15]   depth  1:   97 states (85 in H), t_end 3837-4398 d, fuel 625-698 kg
[08:42:15]   depth  2:  150 states (62 in H), t_end 3951-4973 d, fuel 645-723 kg
[08:42:15]   depth  3:  150 states (19 in H), t_end 4023-5364 d, fuel 656-750 kg
[08:42:15]   depth  4:  150 states (0 in H), t_end 4493-5366 d, fuel 694-770 kg
[08:42:15]   depth  5:  150 states (0 in H), t_end 4863-5367 d, fuel 712-770 kg
[08:42:15]   depth  6:  150 states (0 in H), t_end 4968-5399 d, fuel 723-785 kg
[08:42:15]   depth  7:  150 states (0 in H), t_end 5158-5399 d, fuel 729-802 kg
[08:42:15]   depth  8:   22 states (0 in H), t_end 5263-5376 d, fuel 759-827 kg
[08:42:15]   depth  9:    1 states (0 in H), t_end 5310-5310 d, fuel 833-833 kg
[08:42:15] candidates: 87 distinct committed target sets (n_new 1-3, potential 0-3)
[08:42:15] frontier: 16 candidates chosen (n fb / committed planner kg / continuation (lookahead) [full]; pot_mode lookahead, pot_cap None): 1fb/627kg/p0(0)[0], 1fb/629kg/p0(0)[0], 1fb/639kg/p2(2)[2], 1fb/642kg/p3(2)[3], 1fb/647kg/p3(3)[3], 1fb/653kg/p2(1)[2], 1fb/659kg/p2(1)[2], 1fb/667kg/p2(1)[2], 1fb/681kg/p3(1)[3], 1fb/695kg/p3(1)[3], 2fb/660kg/p0(0)[0], 2fb/661kg/p2(2)[2], 2fb/665kg/p0(0)[0], 3fb/699kg/p0(0)[0], 3fb/705kg/p0(0)[0], 3fb/723kg/p1(1)[1]
[08:42:15] budget: 244 s of 300 left for the settles + regrids (settle_wall 480)
[08:42:16] plan: 1138 states, depth 9 new flybys, end plan_done (58 s); deepest 9 new to 5293 d at planner fuel 737 kg
[08:42:16]   depth  1:   67 states (56 in H), t_end 3828-4421 d, fuel 546-614 kg
[08:42:16]   depth  2:  150 states (45 in H), t_end 3981-4926 d, fuel 555-647 kg
[08:42:16]   depth  3:  150 states (11 in H), t_end 4066-5261 d, fuel 583-669 kg
[08:42:16]   depth  4:  150 states (0 in H), t_end 4495-5263 d, fuel 594-685 kg
[08:42:16]   depth  5:  150 states (0 in H), t_end 4752-5381 d, fuel 612-712 kg
[08:42:16]   depth  6:  150 states (0 in H), t_end 4895-5396 d, fuel 664-734 kg
[08:42:16]   depth  7:  150 states (0 in H), t_end 4980-5400 d, fuel 673-762 kg
[08:42:16]   depth  8:  150 states (0 in H), t_end 5088-5400 d, fuel 690-790 kg
[08:42:16]   depth  9:   21 states (0 in H), t_end 5288-5399 d, fuel 737-789 kg
[08:42:16] candidates: 62 distinct committed target sets (n_new 1-3, potential 0-2)
[08:42:16] frontier: 16 candidates chosen (n fb / committed planner kg / continuation (lookahead) [full]; pot_mode lookahead, pot_cap None): 1fb/553kg/p0(0)[0], 1fb/555kg/p0(0)[0], 1fb/564kg/p2(2)[2], 1fb/566kg/p2(2)[2], 1fb/586kg/p3(1)[3], 1fb/588kg/p3(2)[3], 1fb/589kg/p3(1)[3], 1fb/591kg/p3(1)[3], 1fb/598kg/p3(2)[3], 1fb/600kg/p3(2)[3], 2fb/582kg/p0(0)[0], 2fb/585kg/p1(1)[1], 2fb/596kg/p2(2)[2], 3fb/631kg/p0(0)[0], 3fb/632kg/p1(1)[1], 3fb/633kg/p1(1)[1]
[08:42:16] budget: 242 s of 300 left for the settles + regrids (settle_wall 480)
[08:42:17]     settle 21: 180 @   4062 d -> ok lam tank 831.8 (+22.8) miss 0 km (2.4 s)
[08:42:17] plan: 1234 states, depth 10 new flybys, end plan_done (59 s); deepest 10 new to 5366 d at planner fuel 737 kg
[08:42:17]   depth  1:   97 states (86 in H), t_end 3802-4402 d, fuel 501-568 kg
[08:42:17]   depth  2:  150 states (91 in H), t_end 3904-4950 d, fuel 513-599 kg
[08:42:17]   depth  3:  150 states (29 in H), t_end 4022-5153 d, fuel 536-633 kg
[08:42:17]   depth  4:  150 states (7 in H), t_end 4130-5353 d, fuel 555-661 kg
[08:42:17]   depth  5:  150 states (0 in H), t_end 4462-5348 d, fuel 582-686 kg
[08:42:17]   depth  6:  150 states (0 in H), t_end 4557-5400 d, fuel 624-713 kg
[08:42:17]   depth  7:  150 states (0 in H), t_end 4904-5399 d, fuel 664-734 kg
[08:42:17]   depth  8:  150 states (0 in H), t_end 5062-5400 d, fuel 680-756 kg
[08:42:17]   depth  9:   81 states (0 in H), t_end 5200-5400 d, fuel 693-780 kg
[08:42:17]   depth 10:    6 states (0 in H), t_end 5358-5382 d, fuel 737-767 kg
[08:42:18] candidates: 123 distinct committed target sets (n_new 1-4, potential 0-3)
[08:42:18] frontier: 16 candidates chosen (n fb / committed planner kg / continuation (lookahead) [full]; pot_mode lookahead, pot_cap None): 1fb/501kg/p0(0)[0], 1fb/510kg/p1(1)[1], 1fb/519kg/p3(1)[3], 1fb/520kg/p4(1)[4], 1fb/549kg/p3(2)[3], 1fb/561kg/p5(3)[5], 1fb/567kg/p3(1)[3], 2fb/513kg/p1(1)[1], 2fb/532kg/p1(1)[1], 2fb/588kg/p4(3)[4], 3fb/560kg/p1(1)[1], 3fb/571kg/p0(0)[0], 3fb/615kg/p3(3)[3], 4fb/601kg/p1(1)[1], 4fb/609kg/p1(1)[1], 4fb/622kg/p0(0)[0]
[08:42:18] budget: 241 s of 300 left for the settles + regrids (settle_wall 480)
[08:42:19] plan: 1264 states, depth 10 new flybys, end plan_done (60 s); deepest 10 new to 5345 d at planner fuel 711 kg
[08:42:19]   depth  1:  119 states (108 in H), t_end 3863-4412 d, fuel 478-556 kg
[08:42:19]   depth  2:  150 states (123 in H), t_end 3964-4951 d, fuel 496-582 kg
[08:42:19]   depth  3:  150 states (22 in H), t_end 4155-5030 d, fuel 517-608 kg
[08:42:19]   depth  4:  150 states (2 in H), t_end 4268-5291 d, fuel 554-636 kg
[08:42:19]   depth  5:  150 states (0 in H), t_end 4333-5369 d, fuel 585-651 kg
[08:42:19]   depth  6:  150 states (0 in H), t_end 4590-5393 d, fuel 606-674 kg
[08:42:19]   depth  7:  150 states (0 in H), t_end 4920-5399 d, fuel 622-703 kg
[08:42:19]   depth  8:  141 states (0 in H), t_end 5005-5396 d, fuel 655-730 kg
[08:42:19]   depth  9:   86 states (0 in H), t_end 5127-5391 d, fuel 680-751 kg
[08:42:19]   depth 10:   18 states (0 in H), t_end 5292-5391 d, fuel 711-760 kg
[08:42:19] candidates: 121 distinct committed target sets (n_new 1-4, potential 0-3)
[08:42:19] frontier: 16 candidates chosen (n fb / committed planner kg / continuation (lookahead) [full]; pot_mode lookahead, pot_cap None): 1fb/483kg/p2(1)[2], 1fb/484kg/p3(1)[3], 1fb/491kg/p3(1)[3], 1fb/515kg/p4(2)[4], 1fb/522kg/p3(2)[3], 1fb/535kg/p3(1)[3], 1fb/539kg/p3(1)[3], 1fb/543kg/p5(3)[5], 1fb/543kg/p3(2)[3], 2fb/496kg/p0(0)[0], 2fb/503kg/p1(1)[1], 2fb/578kg/p4(3)[4], 3fb/554kg/p1(1)[1], 3fb/556kg/p0(0)[0], 3fb/592kg/p3(3)[3], 4fb/614kg/p1(1)[1]
[08:42:19] budget: 240 s of 300 left for the settles + regrids (settle_wall 480)
[08:42:19]     settle 22: 207 @   4176 d -> ok lintwin tank 890.9 (+10.0) miss 33 km (4.4 s)
[08:42:21]     settle 22: 216 @   4172 d -> ok lintwin tank 895.1 (+14.2) miss 37 km (0.9 s)
[08:42:21]     settle 24: 155 @   4172 d -> ok lintwin tank 988.1 (+5.1) miss 72 km (5.7 s)
[08:42:22]     settle 24: 269 @   4235 d -> ok lintwin tank 925.3 (+20.1) miss 65 km (5.3 s)
[08:42:22]     settle 21: 292 @   4285 d -> ok lam tank 827.4 (+18.5) miss 2 km (3.6 s)
[08:42:24]     settle 20: 190 @   3945 d -> ok lintwin tank 881.1 (+12.0) miss 73 km (5.9 s)
[08:42:24]     settle  8:  32 @   3836 d -> FAIL [('lam', 557188.5)] (12.8 s)
[08:42:26]     settle 22: 170 @   3885 d -> ok lintwin tank 903.6 (+22.6) miss 73 km (4.6 s)
[08:42:26]     settle 19: 128 @   3978 d -> ok lintwin tank 860.4 (+5.9) miss 9 km (7.2 s)
[08:42:26]     settle 24: 194 @   4269 d -> ok lintwin tank 917.1 (+11.9) miss 65 km (3.8 s)
[08:42:27]     settle 24: 222 @   4314 d -> ok lintwin tank 1003.2 (+20.2) miss 76 km (5.2 s)
[08:42:28]     settle 21: 300 @   4165 d -> ok lam tank 834.6 (+25.6) miss 41 km (3.8 s)
[08:42:30]     settle 20:  55 @   4172 d -> ok lintwin tank 883.3 (+14.2) miss 54 km (5.4 s)
[08:42:31]     settle 22: 136 @   3842 d -> ok lintwin tank 949.2 (+68.2) miss 68 km (3.5 s)
[08:42:33]     settle 24: 168 @   4254 d -> ok lintwin tank 1011.0 (+28.0) miss 70 km (4.7 s)
[08:42:34]     settle 24:  21 @   4292 d -> ok lintwin tank 938.5 (+33.3) miss 1 km (6.7 s)
[08:42:34]   drift: leg 21@4292 d settled outside (T, T+H] -> column cut at 0
[08:42:37]     settle 21: 262 @   4090 d -> ok lam tank 831.4 (+22.5) miss 57 km (7.5 s)
[08:42:37]     settle 24: 243 @   4053 d -> ok lintwin tank 923.0 (+17.8) miss 49 km (3.8 s)
[08:42:38]     settle 24: 107 @   3963 d -> ok lintwin tank 1006.2 (+23.2) miss 58 km (3.9 s)
[08:42:39]     settle 20: 184 @   3966 d -> ok lintwin tank 893.0 (+23.9) miss 58 km (5.0 s)
[08:42:40]     settle 22:  59 @   3893 d -> ok lintwin tank 904.7 (+23.8) miss 2 km (7.6 s)
[08:42:41]     settle 19: 209 @   4019 d -> ok lintwin tank 861.7 (+7.2) miss 15 km (7.0 s)
[08:42:41]     settle 21: 130 @   3964 d -> ok lam tank 845.2 (+36.2) miss 24 km (3.9 s)
[08:42:42]     settle 24:  47 @   4238 d -> ok lintwin tank 1022.8 (+39.8) miss 59 km (4.2 s)
[08:42:43]     settle 24:   4 @   3978 d -> ok lintwin tank 947.8 (+42.7) miss 63 km (5.4 s)
[08:42:44]     settle 20:  51 @   3863 d -> ok lintwin tank 888.7 (+19.6) miss 77 km (4.2 s)
[08:42:46]     settle 21: 216 @   4161 d -> ok lam tank 823.0 (+14.1) miss 2 km (4.1 s)
[08:42:47]     settle 21:  76 @   3894 d -> ok lam tank 821.9 (+12.9) miss 22 km (0.8 s)
[08:42:48]     settle 22: 198 @   3954 d -> ok lintwin tank 912.6 (+31.6) miss 69 km (5.2 s)
[08:42:48]     settle 24: 203 @   3966 d -> ok lintwin tank 1007.5 (+102.3) miss 55 km (4.1 s)
[08:42:48]     settle 24:  71 @   3970 d -> ok lintwin tank 1001.4 (+18.4) miss 68 km (5.1 s)
[08:42:48]     settle 22: 207 @   4158 d -> ok lam tank 823.5 (+1.6) miss 22 km (0.8 s)
[08:42:50]     settle 20: 298 @   4148 d -> ok lintwin tank 1020.6 (+151.5) miss 52 km (5.3 s)
[08:42:50]     settle  8:   7 @   3876 d -> FAIL [('lam', 315.8)] (25.8 s)
[08:42:52]     settle 22:  45 @   3870 d -> ok lintwin tank 1012.1 (+131.2) miss 36 km (3.8 s)
[08:42:53]     settle 24: 125 @   4082 d -> ok lintwin tank 1022.3 (+39.3) miss 77 km (3.8 s)
[08:42:53]     settle 22: 292 @   4286 d -> ok lin tank 833.2 (+12.5) miss 61 km (2.3 s)
[08:42:54]     settle 24: 107 @   3935 d -> ok lintwin tank 971.7 (+66.6) miss 14 km (5.5 s)
[08:42:55]     settle 19: 222 @   3991 d -> ok lintwin tank 866.8 (+12.3) miss 8 km (7.0 s)
[08:42:57]     settle 22: 180 @   4059 d -> ok lam tank 833.1 (+12.4) miss 65 km (3.2 s)
[08:42:57]     settle 20:   7 @   3878 d -> ok lintwin tank 936.8 (+67.7) miss 6 km (6.4 s)
[08:42:57]     settle 24:  37 @   3861 d -> ok lintwin tank 936.1 (+31.0) miss 41 km (2.4 s)
[08:42:58]     settle 24: 145 @   4117 d -> ok lintwin tank 1044.3 (+61.3) miss 52 km (5.1 s)
[08:42:59]     settle 22: 251 @   3830 d -> ok lintwin tank 920.4 (+39.4) miss 99 km (5.9 s)
[08:42:59]     settle 22:  63 @   4191 d -> ok lam tank 860.0 (+14.8) miss 24 km (0.9 s)
[08:43:02]     settle 20: 135 @   3903 d -> ok lintwin tank 955.3 (+86.2) miss 61 km (4.3 s)
[08:43:02]     settle 23:  63 @   4189 d -> ok lam tank 845.5 (+12.4) miss 65 km (0.9 s)
[08:43:03]     settle 24:  69 @   3941 d -> ok lintwin tank 1034.5 (+129.3) miss 50 km (4.9 s)
[08:43:03]     settle 24: 184 @   3969 d -> ok lintwin tank 1018.9 (+35.9) miss 19 km (3.9 s)
[08:43:04]     settle 22: 109 @   4087 d -> ok lintwin tank 884.7 (+3.8) miss 12 km (4.5 s)
[08:43:05]     settle 23:   3 @   4269 d -> ok lin tank 841.5 (+8.4) miss 57 km (2.0 s)
[08:43:08]     settle 24: 269 @   3855 d -> ok lintwin tank 1033.5 (+50.5) miss 70 km (4.7 s)
[08:43:10]     settle 20: 107 @   3966 d -> ok lintwin tank 889.4 (+20.3) miss 72 km (4.7 s)
[08:43:10]     settle 19: 188 @   4031 d -> ok lintwin tank 876.5 (+22.0) miss 19 km (6.7 s)
[08:43:10]     settle 22: 241 @   3908 d -> ok lintwin tank 895.2 (+14.3) miss 90 km (5.4 s)
[08:43:11]     settle 23:   3 @   4264 d -> ok lam tank 892.7 (+32.7) miss 9 km (3.8 s)
[08:43:12]     settle 24: 180 @   4071 d -> ok lam tank 944.1 (+39.0) miss 1 km (8.5 s)
[08:43:13]     settle 24: 231 @   4027 d -> ok lintwin tank 1011.0 (+28.0) miss 63 km (4.3 s)
[08:43:14] RESULT s07_c3: 16 columns; frontier 1fb 2 kg p1/3 | 2fb 13 kg p0/1 | 3fb 29 kg p0/1; settles 17 (17 ok), regrids 16 (16 ok); wall 115 s of 300 (plan 47, price 1, settle 68; budget hit None, 0 unsettled)
[08:43:14]     settle 23: 207 @   4177 d -> ok lintwin tank 901.9 (+6.7) miss 6 km (3.7 s)
[08:43:14]     settle 21:  55 @   4171 d -> ok lintwin tank 885.7 (+-3.7) miss 62 km (4.3 s)
[08:43:15]   job s07_c3 craft columns  16  levels 8  settles 17/17  end plan_done  wall 115.1 s
[08:43:17]     settle 25: 269 @   4235 d -> ok lintwin tank 943.0 (+20.0) miss 68 km (4.8 s)
[08:43:18]     settle 23:  63 @   4193 d -> ok lintwin tank 892.7 (+-2.5) miss 65 km (3.2 s)
[08:43:19]     settle 20: 288 @   3951 d -> ok lintwin tank 893.8 (+24.7) miss 61 km (4.3 s)
[08:43:19]     settle 25:   6 @   4253 d -> ok lintwin tank 1017.3 (+6.3) miss 81 km (5.6 s)
[08:43:23]     settle 21:  55 @   4172 d -> ok lintwin tank 898.1 (+4.3) miss 58 km (3.5 s)
[08:43:23]     settle 24:  71 @   3954 d -> ok lintwin tank 956.3 (+51.2) miss 58 km (5.2 s)
[08:43:24]     settle 23: 132 @   4226 d -> ok lintwin tank 1029.2 (+17.1) miss 68 km (5.2 s)
[08:43:24]     settle 19: 161 @   3971 d -> ok lintwin tank 890.5 (+36.0) miss 3 km (6.9 s)
[08:43:26]     settle 25: 155 @   4171 d -> ok lintwin tank 1044.7 (+38.5) miss 16 km (6.6 s)
[08:43:28]     settle 21: 278 @   4124 d -> ok lam tank 944.3 (+7.5) miss 3 km (5.0 s)
[08:43:32]     settle  8:  69 @   3999 d -> FAIL [('lam', 4496448.9)] (41.2 s)
[08:43:32]     settle 23: 132 @   4242 d -> ok lintwin tank 971.1 (+22.0) miss 74 km (8.0 s)
[08:43:33]     settle 24: 104 @   4138 d -> ok lintwin tank 1012.3 (+29.2) miss 63 km (5.3 s)
[08:43:34]     settle 21: 104 @   4131 d -> ok lintwin tank 892.9 (+4.2) miss 71 km (3.8 s)
[08:43:36]     settle 19: 228 @   3971 d -> ok lintwin tank 868.0 (+13.5) miss 15 km (6.5 s)
[08:43:40]     settle 24:  84 @   4298 d -> ok lintwin tank 1045.2 (+74.1) miss 1 km (7.3 s)
[08:43:41]     settle 22: 168 @   4256 d -> ok lintwin tank 916.0 (+23.1) miss 17 km (7.3 s)
[08:43:41]     settle 25: 102 @   4289 d -> ok lintwin tank 1083.6 (+71.3) miss 1 km (8.2 s)
[08:43:46]     settle 22: 103 @   3797 d -> ok lintwin tank 911.8 (+30.9) miss 76 km (4.8 s)
[08:43:47]     settle 23: 143 @   4227 d -> ok lintwin tank 917.7 (+5.9) miss 6 km (0.6 s)
[08:43:47]     settle 20: 205 @   3915 d -> ok lintwin tank 905.6 (+36.5) miss 52 km (3.9 s)
[08:43:48]     settle 24:  71 @   3969 d -> ok lintwin tank 1001.4 (+18.4) miss 68 km (5.0 s)
[08:43:50]     settle 19:  56 @   3963 d -> ok lintwin tank 886.1 (+31.7) miss 14 km (6.8 s)
[08:43:52]     settle 24:   3 @   4283 d -> ok lintwin tank 932.7 (+15.0) miss 73 km (5.9 s)
[08:43:53]     settle 21: 278 @   4127 d -> ok lintwin tank 903.2 (+-2.4) miss 56 km (6.0 s)
[08:43:55]     settle 25: 155 @   4171 d -> ok lintwin tank 1014.2 (+12.8) miss 92 km (6.4 s)
[08:43:58]     settle 26: 208 @   4311 d -> ok lin tank 1039.2 (+24.9) miss 42 km (3.0 s)
[08:43:59]     settle 22:   6 @   4246 d -> ok lintwin tank 914.7 (+11.5) miss 22 km (6.0 s)
[08:44:00]     settle 25: 160 @   4064 d -> FAIL [('lam', 5817560.1)] (37.1 s)
[08:44:01]     settle 24:  84 @   4296 d -> ok lintwin tank 1053.6 (+24.4) miss 70 km (6.2 s)
[08:44:03]     settle 24: 269 @   3837 d -> ok lintwin tank 1032.2 (+49.2) miss 61 km (4.2 s)
[08:44:05]     settle 19:   7 @   3879 d -> ok lintwin tank 907.8 (+53.3) miss 4 km (6.7 s)
[08:44:07]     settle 25: 125 @   4072 d -> ok lintwin tank 1000.3 (+28.6) miss 78 km (5.6 s)
[08:44:07]     settle 23: 181 @   4013 d -> ok lintwin tank 906.5 (+2.9) miss 64 km (4.2 s)
[08:44:08]     settle 22: 132 @   4206 d -> ok lintwin tank 983.2 (+38.9) miss 83 km (6.0 s)
[08:44:11]     settle 24: 143 @   4222 d -> ok lintwin tank 926.9 (+20.4) miss 73 km (3.7 s)
[08:44:11]     settle 25: 160 @   4077 d -> ok lintwin tank 959.2 (+11.3) miss 79 km (3.3 s)
[08:44:11]     settle  8: 107 @   3906 d -> FAIL [('lam', 961967.1)] (39.4 s)
[08:44:11]     settle 25:   3 @   4279 d -> ok lintwin tank 948.3 (+21.4) miss 10 km (0.6 s)
[08:44:12] RESULT s07_c2: 16 columns; frontier 1fb 4 kg p2/2 | 2fb 12 kg p0/2 | 3fb 50 kg p0/2 | 4fb 67 kg p0/0; settles 22 (22 ok), regrids 16 (16 ok); wall 173 s of 300 (plan 56, price 2, settle 117; budget hit None, 0 unsettled)
[08:44:13]   job s07_c2 craft columns  16  levels 9  settles 22/22  end plan_done  wall 173.2 s
[08:44:13]     settle 21: 184 @   3967 d -> ok lintwin tank 891.3 (+2.6) miss 95 km (4.6 s)
[08:44:15]     settle 26:   6 @   4258 d -> ok lintwin tank 1078.2 (+119.1) miss 65 km (4.4 s)
[08:44:16]     settle 19:  13 @   4086 d -> ok lintwin tank 867.0 (+12.5) miss 17 km (7.0 s)
[08:44:21]     settle 22: 155 @   4177 d -> ok lintwin tank 908.1 (+16.8) miss 6 km (7.2 s)
[08:44:21]     settle 25: 184 @   3956 d -> ok lam tank 1042.2 (+9.9) miss 0 km (18.2 s)
[08:44:21]     settle 26: 175 @   4317 d -> ok lintwin tank 1045.1 (+86.0) miss 76 km (5.3 s)
[08:44:23]     settle 26: 155 @   4175 d -> ok lin tank 1057.9 (+15.8) miss 40 km (2.2 s)
[08:44:25]     settle 25: 248 @   4041 d -> ok lintwin tank 959.0 (+22.9) miss 71 km (3.4 s)
[08:44:26]     settle 25: 155 @   4170 d -> ok lam tank 1044.8 (+25.9) miss 0 km (2.5 s)
[08:44:28]     settle 23: 208 @   4292 d -> ok lam tank 931.3 (+23.2) miss 6 km (7.6 s)
[08:44:29]     settle 26: 208 @   4300 d -> ok lam tank 1060.4 (+15.6) miss 47 km (2.0 s)
[08:44:29] RESULT s07_c0: 16 columns; frontier 1fb 5 kg p0/3 | 2fb 34 kg p0/2 | 3fb 56 kg p0/1; settles 23 (23 ok), regrids 16 (16 ok); wall 191 s of 300 (plan 56, price 2, settle 134; budget hit None, 0 unsettled)
[08:44:30]     settle 26: 160 @   4106 d -> ok lintwin tank 970.1 (+11.1) miss 65 km (5.1 s)
[08:44:31]     settle 19: 205 @   3944 d -> ok lintwin tank 864.7 (+10.3) miss 11 km (6.8 s)
[08:44:31]   1 candidates dropped (settle failure / regrid failure / duplicate after truncation)
[08:44:31] RESULT s07_c1: 15 columns; frontier 1fb 12 kg p0/2 | 2fb 38 kg p0/2 | 3fb 65 kg p1/1; settles 20 (18 ok), regrids 15 (15 ok); wall 192 s of 300 (plan 58, price 1, settle 135; budget hit None, 0 unsettled)
[08:44:31]   job s07_c0 craft columns  16  levels 9  settles 23/23  end plan_done  wall 190.7 s
[08:44:31]   job s07_c1 craft columns  15  levels 9  settles 18/20  end plan_done  wall 192.4 s
[08:44:35]     settle 20: 278 @   4137 d -> ok lintwin tank 873.0 (+8.2) miss 68 km (4.5 s)
[08:44:37]     settle 20:  51 @   3883 d -> ok lintwin tank 882.1 (+13.0) miss 94 km (6.4 s)
[08:44:40]     settle 20:  47 @   4258 d -> ok lintwin tank 876.5 (+16.1) miss 75 km (3.7 s)
[08:44:41]     settle 21: 184 @   3948 d -> ok lintwin tank 895.2 (+13.1) miss 80 km (3.8 s)
[08:44:48]     settle 22:  13 @   4025 d -> ok lintwin tank 935.3 (+40.1) miss 8 km (7.0 s)
[08:44:48]     settle  8: 160 @   4047 d -> FAIL [('lam', 5832141.4)] (37.3 s)
[08:44:50]     settle 20: 161 @   3964 d -> FAIL [('lam', 9072525.7)] (9.3 s)
[08:44:55]     settle 23: 168 @   4255 d -> ok lintwin tank 951.9 (+16.6) miss 1 km (6.7 s)
[08:44:55]     settle 20: 171 @   4149 d -> ok lintwin tank 906.4 (+44.7) miss 68 km (5.7 s)
[08:45:02]     settle  8: 130 @   4062 d -> FAIL [('lam', 11780521.6)] (13.5 s)
[08:45:02]     settle 22:  13 @   4022 d -> ok lintwin tank 934.1 (+38.9) miss 71 km (6.6 s)
[08:45:03]     settle 21:  47 @   4280 d -> ok lintwin tank 920.6 (+14.2) miss 55 km (7.3 s)
[08:45:05]     settle 23: 104 @   4130 d -> ok lam tank 967.4 (+33.3) miss 79 km (3.0 s)
[08:45:06] RESULT s07_c6: 16 columns; frontier 1fb 11 kg p0/3 | 2fb 16 kg p1/3 | 3fb 44 kg p0/3 | 4fb 62 kg p1/1; settles 27 (27 ok), regrids 16 (16 ok); wall 227 s of 300 (plan 59, price 2, settle 169; budget hit None, 0 unsettled)
[08:45:07]   job s07_c6 craft columns  16  levels 10  settles 27/27  end plan_done  wall 227.5 s
[08:45:11]     settle 19:  56 @   3967 d -> ok lintwin tank 886.3 (+31.8) miss 14 km (6.8 s)
[08:45:18]     settle 20:  47 @   4257 d -> ok lintwin tank 903.2 (+16.9) miss 88 km (7.1 s)
[08:45:21]     settle  8: 191 @   3845 d -> ok lam tank 1011.4 (+164.2) miss 26 km (18.7 s)
[08:45:22]     settle 21: 175 @   4315 d -> ok lam tank 904.0 (+0.8) miss 43 km (4.0 s)
[08:45:22]   3 candidates dropped (settle failure / regrid failure / duplicate after truncation)
[08:45:22] RESULT s07_c5: 13 columns; frontier 1fb 4 kg p1/3 | 2fb 18 kg p0/1 | 3fb 49 kg p0/1; settles 18 (17 ok), regrids 13 (13 ok); wall 244 s of 300 (plan 60, price 1, settle 184; budget hit None, 0 unsettled)
[08:45:23]   job s07_c5 craft columns  13  levels 10  settles 17/18  end plan_done  wall 243.8 s
[08:45:28]   regrid FAIL (1 fb: miss 580244 km, None, 7.5 s) -> column dropped
[08:45:47]     settle  8: 104 @   3918 d -> ok lam tank 1031.8 (+184.6) miss 83 km (18.5 s)
[08:45:52]   regrid FAIL (1 fb: miss 266934 km, None, 5.1 s) -> column dropped
[08:46:30]     settle  8: 161 @   3891 d -> FAIL [('lam', 125987.8)] (37.9 s)
[08:46:30]   budget reached (job_wall: settle 258 s of 480, 0 s of the job left): 7 candidates not settled
[08:46:30]   9 candidates dropped (settle failure / regrid failure / duplicate after truncation)
[08:46:30] RESULT s07_c7: 0 columns; frontier ; settles 14 (2 ok), regrids 2 (0 ok); wall 311 s of 300 (plan 53, price 1, settle 258; budget hit job_wall, 7 unsettled)
[08:46:32]   job s07_c7 craft columns   0  levels 9  settles 2/14  end plan_done  wall 311.1 s
[08:46:32] [slice 7] propose: 92 columns (0 bad dropped) in 312.9 s
[08:46:32] [slice 7] auction: 92 columns, kept 83, dropped {'ramp': 7, 'fuel': 2}; lam 0.45 H_eff 540 d fuel budget 482 kg quota OFF
[08:46:32] [slice 7] auction: status optimal objective 32.926 vars 83 rows 43 chosen 6 fuel 405/482 kg (0.006 s)
[08:46:34] [slice 7 T=3780 d] launched 8/8  covered 166  remaining 132  fuel 2670 kg  sumJi 10.3771  chosen: c0:3(+56) c1:3(+65) c2:4(+67) c3:3(+38) c5:3(+66) c6:3(+114)  rejected: -  (wall 315 s)
[08:46:34] [slice 8 T=4320 d] propose: 8 jobs (8 craft, 0 root) on 9 workers, proposer planbeam, H_eff 540 d, lam 0.44999999999999996
[08:46:34] job s08_c1 (craft, craft 1, planbeam): T 4320 d H 540 L 360; plan horizon 5477 d; remaining 132; prize >1 on 129; width 150 npt 6 mc 150 dv 1.2 drmax 0.15 plan_wall 240 s; quota None
[08:46:34] job s08_c3 (craft, craft 3, planbeam): T 4320 d H 540 L 360; plan horizon 5477 d; remaining 132; prize >1 on 129; width 150 npt 6 mc 150 dv 1.2 drmax 0.15 plan_wall 240 s; quota None
[08:46:34] job s08_c2 (craft, craft 2, planbeam): T 4320 d H 540 L 360; plan horizon 5477 d; remaining 132; prize >1 on 129; width 150 npt 6 mc 150 dv 1.2 drmax 0.15 plan_wall 240 s; quota None
[08:46:34] job s08_c0 (craft, craft 0, planbeam): T 4320 d H 540 L 360; plan horizon 5477 d; remaining 132; prize >1 on 129; width 150 npt 6 mc 150 dv 1.2 drmax 0.15 plan_wall 240 s; quota None
[08:46:34] job s08_c5 (craft, craft 5, planbeam): T 4320 d H 540 L 360; plan horizon 5477 d; remaining 132; prize >1 on 129; width 150 npt 6 mc 150 dv 1.2 drmax 0.15 plan_wall 240 s; quota None
[08:46:34] job s08_c4 (craft, craft 4, planbeam): T 4320 d H 540 L 360; plan horizon 5477 d; remaining 132; prize >1 on 129; width 150 npt 6 mc 150 dv 1.2 drmax 0.15 plan_wall 240 s; quota None
[08:46:34] job s08_c6 (craft, craft 6, planbeam): T 4320 d H 540 L 360; plan horizon 5477 d; remaining 132; prize >1 on 129; width 150 npt 6 mc 150 dv 1.2 drmax 0.15 plan_wall 240 s; quota None
[08:46:34] job s08_c7 (craft, craft 7, planbeam): T 4320 d H 540 L 360; plan horizon 5477 d; remaining 132; prize >1 on 129; width 150 npt 6 mc 150 dv 1.2 drmax 0.15 plan_wall 240 s; quota None
[08:46:34] prefix slices/s08/in/craft_7.npz: 7 flybys, t_end 3324.7 d, tank 847.3 kg (planner view), miss 100.6 km, nreg 156
[08:46:34] budget: job_wall 300 s, 300 s left before the plan -> plan cap 210 s (plan_wall 240, settle_reserve 90)
[08:46:34] prefix slices/s08/in/craft_3.npz: 23 flybys, t_end 4189.3 d, tank 846.6 kg (planner view), miss 45.9 km, nreg 205
[08:46:34] budget: job_wall 300 s, 300 s left before the plan -> plan cap 210 s (plan_wall 240, settle_reserve 90)
[08:46:34] prefix slices/s08/in/craft_1.npz: 26 flybys, t_end 4104.8 d, tank 970.0 kg (planner view), miss 12.7 km, nreg 204
[08:46:34] budget: job_wall 300 s, 300 s left before the plan -> plan cap 210 s (plan_wall 240, settle_reserve 90)
[08:46:34] prefix slices/s08/in/craft_6.npz: 22 flybys, t_end 4196.8 d, tank 982.9 kg (planner view), miss 61.0 km, nreg 202
[08:46:34] budget: job_wall 300 s, 300 s left before the plan -> plan cap 210 s (plan_wall 240, settle_reserve 90)
[08:46:34] prefix slices/s08/in/craft_0.npz: 26 flybys, t_end 4311.7 d, tank 1038.7 kg (planner view), miss 2.3 km, nreg 218
[08:46:34] budget: job_wall 300 s, 300 s left before the plan -> plan cap 210 s (plan_wall 240, settle_reserve 90)
[08:46:34] prefix slices/s08/in/craft_2.npz: 25 flybys, t_end 4280.9 d, tank 947.9 kg (planner view), miss 26.8 km, nreg 213
[08:46:34] prefix slices/s08/in/craft_5.npz: 21 flybys, t_end 4286.2 d, tank 920.4 kg (planner view), miss 88.1 km, nreg 207
[08:46:34] budget: job_wall 300 s, 300 s left before the plan -> plan cap 210 s (plan_wall 240, settle_reserve 90)
[08:46:34] budget: job_wall 300 s, 300 s left before the plan -> plan cap 210 s (plan_wall 240, settle_reserve 90)
[08:46:34] prefix slices/s08/in/craft_4.npz: 16 flybys, t_end 3371.0 d, tank 916.0 kg (planner view), miss 47.3 km, nreg 163
[08:46:34] budget: job_wall 300 s, 300 s left before the plan -> plan cap 210 s (plan_wall 240, settle_reserve 90)
[08:46:54] first level (both): 0 production + 0 relaxed (dv 2.5, 0.3 AU; 0.1 s) + 0 lintwin children -> 0 unique (20.3 s)
[08:46:54] plan start: prefix 16 flybys, t_end 3371.0 d, planner mass 1050.6 kg (dv 16.499 km/s); 0 first-level states
[08:46:54] plan: 0 states, depth 0 new flybys, end no_children (20 s)
[08:46:54] candidates: 0 distinct committed target sets (n_new -, potential -)
[08:46:54] frontier: 0 candidates chosen (n fb / committed planner kg / continuation (lookahead) [full]; pot_mode lookahead, pot_cap None): 
[08:46:54] budget: 280 s of 300 left for the settles + regrids (settle_wall 480)
[08:46:54] RESULT s08_c4: 0 columns; frontier ; settles 0 (0 ok), regrids 0 (0 ok); wall 20 s of 300 (plan 20, price 0, settle 0; budget hit None, 0 unsettled)
[08:46:55] first level (both): 0 production + 26 relaxed (dv 2.5, 0.3 AU; 0.1 s) + 37 lintwin children -> 53 unique (21.4 s)
[08:46:55] plan start: prefix 22 flybys, t_end 4196.8 d, planner mass 979.2 kg (dv 19.263 km/s); 53 first-level states
[08:46:55] first level (both): 0 production + 45 relaxed (dv 2.5, 0.3 AU; 0.1 s) + 40 lintwin children -> 58 unique (21.6 s)
[08:46:55] plan start: prefix 21 flybys, t_end 4286.2 d, planner mass 1045.6 kg (dv 16.686 km/s); 58 first-level states
[08:46:55] first level (both): 0 production + 62 relaxed (dv 2.5, 0.3 AU; 0.1 s) + 51 lintwin children -> 84 unique (21.7 s)
[08:46:55] plan start: prefix 23 flybys, t_end 4189.3 d, planner mass 1136.8 kg (dv 13.408 km/s); 84 first-level states
[08:46:55] first level (both): 0 production + 0 relaxed (dv 2.5, 0.3 AU; 0.1 s) + 62 lintwin children -> 62 unique (21.7 s)
[08:46:55] plan start: prefix 7 flybys, t_end 3324.7 d, planner mass 1135.9 kg (dv 13.439 km/s); 62 first-level states
[08:46:55] first level (both): 0 production + 29 relaxed (dv 2.5, 0.3 AU; 0.1 s) + 2 lintwin children -> 21 unique (21.8 s)
[08:46:55] plan start: prefix 26 flybys, t_end 4311.7 d, planner mass 926.6 kg (dv 21.428 km/s); 21 first-level states
[08:46:56]   job s08_c4 craft columns   0  levels 0  settles 0/0  end no_children  wall 20.3 s
[08:46:56] first level (both): 0 production + 27 relaxed (dv 2.5, 0.3 AU; 0.1 s) + 53 lintwin children -> 70 unique (22.6 s)
[08:46:56] plan start: prefix 26 flybys, t_end 4104.8 d, planner mass 992.1 kg (dv 18.746 km/s); 70 first-level states
[08:46:58] first level (both): 0 production + 35 relaxed (dv 2.5, 0.3 AU; 0.1 s) + 49 lintwin children -> 71 unique (24.2 s)
[08:46:58] plan start: prefix 25 flybys, t_end 4280.9 d, planner mass 1015.3 kg (dv 17.841 km/s); 71 first-level states
[08:47:05] plan: 538 states, depth 7 new flybys, end plan_done (32 s); deepest 7 new to 5376 d at planner fuel 824 kg
[08:47:05]   depth  1:   21 states (17 in H), t_end 4381-4911 d, fuel 688-742 kg
[08:47:05]   depth  2:   83 states (24 in H), t_end 4603-5421 d, fuel 702-768 kg
[08:47:05]   depth  3:  150 states (1 in H), t_end 4727-5476 d, fuel 709-785 kg
[08:47:05]   depth  4:  150 states (0 in H), t_end 4918-5472 d, fuel 730-808 kg
[08:47:05]   depth  5:  118 states (0 in H), t_end 5110-5474 d, fuel 742-831 kg
[08:47:05]   depth  6:   14 states (0 in H), t_end 5320-5476 d, fuel 797-835 kg
[08:47:05]   depth  7:    2 states (0 in H), t_end 5374-5376 d, fuel 824-825 kg
[08:47:05] candidates: 22 distinct committed target sets (n_new 1-3, potential 0-3)
[08:47:05] frontier: 16 candidates chosen (n fb / committed planner kg / continuation (lookahead) [full]; pot_mode lookahead, pot_cap None): 1fb/708kg/p4(2)[4], 1fb/714kg/p3(3)[3], 1fb/722kg/p3(2)[3], 1fb/723kg/p3(3)[3], 1fb/725kg/p4(3)[4], 1fb/731kg/p1(1)[1], 1fb/739kg/p1(0)[1], 2fb/726kg/p3(2)[3], 2fb/730kg/p0(0)[0], 2fb/730kg/p3(3)[3], 2fb/731kg/p0(0)[0], 2fb/739kg/p2(2)[2], 2fb/743kg/p2(2)[2], 2fb/747kg/p0(0)[0], 2fb/766kg/p0(0)[0], 3fb/750kg/p2(2)[2]
[08:47:05] budget: 268 s of 300 left for the settles + regrids (settle_wall 480)
[08:47:09]     settle 27: 269 @   4381 d -> ok lam tank 1039.1 (+0.5) miss 36 km (3.3 s)
[08:47:11] plan: 709 states, depth 7 new flybys, end plan_done (38 s); deepest 7 new to 5458 d at planner fuel 598 kg
[08:47:11]   depth  1:   62 states (50 in H), t_end 4323-4987 d, fuel 464-526 kg
[08:47:11]   depth  2:  150 states (59 in H), t_end 4507-5417 d, fuel 469-545 kg
[08:47:11]   depth  3:  150 states (10 in H), t_end 4593-5432 d, fuel 488-536 kg
[08:47:11]   depth  4:  150 states (0 in H), t_end 4995-5471 d, fuel 506-567 kg
[08:47:11]   depth  5:  150 states (0 in H), t_end 5124-5472 d, fuel 515-598 kg
[08:47:11]   depth  6:   46 states (0 in H), t_end 5280-5475 d, fuel 560-624 kg
[08:47:11]   depth  7:    1 states (0 in H), t_end 5458-5458 d, fuel 598-598 kg
[08:47:11] candidates: 85 distinct committed target sets (n_new 1-3, potential 0-4)
[08:47:11] frontier: 16 candidates chosen (n fb / committed planner kg / continuation (lookahead) [full]; pot_mode lookahead, pot_cap None): 1fb/464kg/p4(4)[4], 1fb/464kg/p4(2)[4], 1fb/464kg/p4(2)[4], 1fb/464kg/p3(2)[3], 1fb/464kg/p3(2)[3], 1fb/464kg/p3(3)[3], 1fb/464kg/p3(2)[3], 1fb/464kg/p3(2)[3], 1fb/464kg/p3(2)[3], 1fb/464kg/p3(2)[3], 2fb/471kg/p2(2)[2], 2fb/475kg/p0(0)[0], 2fb/488kg/p3(2)[3], 3fb/507kg/p2(2)[2], 3fb/514kg/p1(1)[1], 3fb/515kg/p0(0)[0]
[08:47:11] budget: 262 s of 300 left for the settles + regrids (settle_wall 480)
[08:47:12] plan: 672 states, depth 7 new flybys, end plan_done (38 s); deepest 7 new to 5443 d at planner fuel 743 kg
[08:47:12]   depth  1:   53 states (46 in H), t_end 4325-5017 d, fuel 637-690 kg
[08:47:12]   depth  2:  150 states (55 in H), t_end 4529-5418 d, fuel 644-715 kg
[08:47:12]   depth  3:  150 states (19 in H), t_end 4606-5438 d, fuel 674-739 kg
[08:47:12]   depth  4:  150 states (4 in H), t_end 4710-5442 d, fuel 689-764 kg
[08:47:12]   depth  5:  108 states (0 in H), t_end 4899-5452 d, fuel 708-789 kg
[08:47:12]   depth  6:   41 states (0 in H), t_end 5190-5472 d, fuel 736-812 kg
[08:47:12]   depth  7:   20 states (0 in H), t_end 5360-5443 d, fuel 743-794 kg
[08:47:12] candidates: 67 distinct committed target sets (n_new 1-4, potential 0-3)
[08:47:12] frontier: 16 candidates chosen (n fb / committed planner kg / continuation (lookahead) [full]; pot_mode lookahead, pot_cap None): 1fb/637kg/p2(2)[2], 1fb/649kg/p3(3)[3], 1fb/650kg/p5(3)[5], 1fb/655kg/p2(2)[2], 1fb/662kg/p2(1)[2], 1fb/667kg/p2(1)[2], 1fb/677kg/p4(2)[4], 1fb/688kg/p4(3)[4], 2fb/644kg/p0(0)[0], 2fb/661kg/p3(3)[3], 2fb/664kg/p4(3)[4], 2fb/667kg/p3(2)[3], 3fb/679kg/p1(1)[1], 3fb/688kg/p3(3)[3], 3fb/689kg/p1(1)[1], 4fb/716kg/p1(1)[1]
[08:47:12] budget: 262 s of 300 left for the settles + regrids (settle_wall 480)
[08:47:12] plan: 766 states, depth 8 new flybys, end plan_done (39 s); deepest 8 new to 5451 d at planner fuel 778 kg
[08:47:12]   depth  1:   58 states (53 in H), t_end 4386-4960 d, fuel 557-631 kg
[08:47:12]   depth  2:  150 states (51 in H), t_end 4501-5423 d, fuel 586-658 kg
[08:47:12]   depth  3:  150 states (4 in H), t_end 4728-5432 d, fuel 625-676 kg
[08:47:12]   depth  4:  150 states (0 in H), t_end 4910-5422 d, fuel 645-702 kg
[08:47:12]   depth  5:  150 states (0 in H), t_end 4999-5430 d, fuel 654-723 kg
[08:47:12]   depth  6:   86 states (0 in H), t_end 5121-5451 d, fuel 698-748 kg
[08:47:12]   depth  7:   20 states (0 in H), t_end 5348-5451 d, fuel 732-768 kg
[08:47:12]   depth  8:    2 states (0 in H), t_end 5422-5451 d, fuel 778-798 kg
[08:47:12] candidates: 73 distinct committed target sets (n_new 1-3, potential 0-4)
[08:47:12] frontier: 16 candidates chosen (n fb / committed planner kg / continuation (lookahead) [full]; pot_mode lookahead, pot_cap None): 1fb/557kg/p0(0)[0], 1fb/565kg/p1(0)[1], 1fb/586kg/p2(1)[2], 1fb/587kg/p3(2)[3], 1fb/591kg/p3(1)[3], 1fb/592kg/p2(1)[2], 1fb/615kg/p2(0)[2], 1fb/615kg/p3(3)[3], 1fb/621kg/p5(4)[5], 2fb/586kg/p0(0)[0], 2fb/594kg/p0(0)[0], 2fb/633kg/p4(4)[4], 2fb/647kg/p4(4)[4], 3fb/638kg/p1(1)[1], 3fb/655kg/p0(0)[0], 3fb/666kg/p0(0)[0]
[08:47:12] budget: 261 s of 300 left for the settles + regrids (settle_wall 480)
[08:47:14] plan: 665 states, depth 7 new flybys, end plan_done (40 s); deepest 7 new to 5436 d at planner fuel 738 kg
[08:47:14]   depth  1:   71 states (63 in H), t_end 4356-5101 d, fuel 585-658 kg
[08:47:14]   depth  2:  150 states (30 in H), t_end 4604-5390 d, fuel 594-686 kg
[08:47:14]   depth  3:  150 states (9 in H), t_end 4771-5467 d, fuel 616-711 kg
[08:47:14]   depth  4:  150 states (2 in H), t_end 4855-5472 d, fuel 641-739 kg
[08:47:14]   depth  5:   91 states (0 in H), t_end 4907-5471 d, fuel 688-764 kg
[08:47:14]   depth  6:   28 states (0 in H), t_end 5109-5473 d, fuel 706-769 kg
[08:47:14]   depth  7:   25 states (0 in H), t_end 5393-5474 d, fuel 738-777 kg
[08:47:14] candidates: 63 distinct committed target sets (n_new 1-4, potential 0-3)
[08:47:14] frontier: 16 candidates chosen (n fb / committed planner kg / continuation (lookahead) [full]; pot_mode lookahead, pot_cap None): 1fb/585kg/p1(1)[1], 1fb/585kg/p0(0)[0], 1fb/626kg/p3(3)[3], 1fb/627kg/p4(2)[4], 1fb/629kg/p5(3)[5], 1fb/640kg/p5(2)[5], 1fb/651kg/p4(3)[4], 1fb/655kg/p4(2)[4], 2fb/622kg/p1(1)[1], 2fb/623kg/p1(1)[1], 2fb/658kg/p4(3)[4], 3fb/666kg/p2(2)[2], 3fb/670kg/p3(3)[3], 3fb/676kg/p3(3)[3], 4fb/697kg/p2(2)[2], 4fb/711kg/p1(1)[1]
[08:47:14] budget: 260 s of 300 left for the settles + regrids (settle_wall 480)
[08:47:14]     settle 27: 292 @   4832 d -> ok lam tank 1062.1 (+23.5) miss 1 km (4.6 s)
[08:47:15]     settle 22: 222 @   4465 d -> ok lintwin tank 921.3 (+0.9) miss 22 km (2.2 s)
[08:47:15] plan: 711 states, depth 6 new flybys, end plan_done (41 s); deepest 6 new to 5464 d at planner fuel 723 kg
[08:47:15]   depth  1:   70 states (63 in H), t_end 4325-4949 d, fuel 619-681 kg
[08:47:15]   depth  2:  150 states (89 in H), t_end 4459-5298 d, fuel 631-705 kg
[08:47:15]   depth  3:  150 states (21 in H), t_end 4610-5465 d, fuel 668-733 kg
[08:47:15]   depth  4:  150 states (0 in H), t_end 4980-5462 d, fuel 678-758 kg
[08:47:15]   depth  5:  150 states (0 in H), t_end 5090-5472 d, fuel 697-782 kg
[08:47:15]   depth  6:   41 states (0 in H), t_end 5270-5466 d, fuel 723-801 kg
[08:47:15] candidates: 109 distinct committed target sets (n_new 1-3, potential 0-3)
[08:47:15] frontier: 16 candidates chosen (n fb / committed planner kg / continuation (lookahead) [full]; pot_mode lookahead, pot_cap None): 1fb/626kg/p1(1)[1], 1fb/627kg/p1(0)[1], 1fb/630kg/p3(2)[3], 1fb/632kg/p2(1)[2], 1fb/634kg/p2(0)[2], 1fb/638kg/p2(0)[2], 1fb/641kg/p2(0)[2], 1fb/652kg/p3(2)[3], 1fb/664kg/p4(2)[4], 1fb/679kg/p4(3)[4], 2fb/638kg/p0(0)[0], 2fb/639kg/p0(0)[0], 2fb/690kg/p3(3)[3], 3fb/670kg/p0(0)[0], 3fb/673kg/p0(0)[0], 3fb/721kg/p2(2)[2]
[08:47:15] budget: 258 s of 300 left for the settles + regrids (settle_wall 480)
[08:47:17] plan: 879 states, depth 8 new flybys, end plan_done (43 s); deepest 8 new to 5447 d at planner fuel 683 kg
[08:47:17]   depth  1:   84 states (79 in H), t_end 4367-4952 d, fuel 471-545 kg
[08:47:17]   depth  2:  150 states (79 in H), t_end 4579-5354 d, fuel 493-571 kg
[08:47:17]   depth  3:  150 states (13 in H), t_end 4674-5407 d, fuel 509-596 kg
[08:47:17]   depth  4:  150 states (2 in H), t_end 4855-5435 d, fuel 522-630 kg
[08:47:17]   depth  5:  150 states (0 in H), t_end 4984-5459 d, fuel 545-645 kg
[08:47:17]   depth  6:  150 states (0 in H), t_end 5101-5460 d, fuel 559-673 kg
[08:47:17]   depth  7:   41 states (0 in H), t_end 5261-5451 d, fuel 627-686 kg
[08:47:17]   depth  8:    4 states (0 in H), t_end 5444-5451 d, fuel 683-697 kg
[08:47:17] candidates: 94 distinct committed target sets (n_new 1-4, potential 0-3)
[08:47:17] frontier: 16 candidates chosen (n fb / committed planner kg / continuation (lookahead) [full]; pot_mode lookahead, pot_cap None): 1fb/471kg/p0(0)[0], 1fb/479kg/p4(2)[4], 1fb/483kg/p3(1)[3], 1fb/492kg/p4(2)[4], 1fb/496kg/p3(2)[3], 1fb/497kg/p3(2)[3], 1fb/507kg/p4(2)[4], 1fb/526kg/p5(3)[5], 1fb/538kg/p4(2)[4], 2fb/493kg/p0(0)[0], 2fb/497kg/p0(0)[0], 2fb/553kg/p4(3)[4], 3fb/516kg/p1(1)[1], 3fb/526kg/p2(2)[2], 3fb/590kg/p3(3)[3], 4fb/575kg/p1(1)[1]
[08:47:17] budget: 257 s of 300 left for the settles + regrids (settle_wall 480)
[08:47:19]     settle 22: 288 @   4556 d -> ok lintwin tank 926.1 (+5.7) miss 65 km (3.6 s)
[08:47:20]     settle 27: 179 @   4600 d -> ok lam tank 1074.7 (+36.0) miss 42 km (3.6 s)
[08:47:20]     settle 23: 266 @   4617 d -> ok lintwin tank 987.6 (+4.7) miss 10 km (8.1 s)
[08:47:20]     settle 27:  30 @   4738 d -> ok lintwin tank 978.7 (+8.7) miss 70 km (5.2 s)
[08:47:21]     settle 26: 102 @   4720 d -> ok lintwin tank 961.1 (+13.2) miss 79 km (7.0 s)
[08:47:25]     settle 22: 228 @   4627 d -> ok lintwin tank 940.0 (+19.6) miss 50 km (4.9 s)
[08:47:27]     settle 27: 228 @   4635 d -> ok lintwin tank 981.0 (+11.0) miss 74 km (5.5 s)
[08:47:28]     settle 26: 202 @   4362 d -> ok lintwin tank 963.6 (+15.7) miss 68 km (5.9 s)
[08:47:29]     settle 27:  68 @   4617 d -> ok lam tank 1056.3 (+17.7) miss 67 km (8.6 s)
[08:47:30]     settle  8:  50 @   4600 d -> FAIL [('lam', 17034991.8)] (19.1 s)
[08:47:31]     settle 23: 158 @   4767 d -> ok lintwin tank 1001.3 (+18.4) miss 17 km (8.7 s)
[08:47:31]     settle 22: 249 @   4499 d -> ok lintwin tank 941.3 (+20.9) miss 61 km (5.4 s)
[08:47:33]     settle 27: 124 @   4536 d -> ok lintwin tank 1001.7 (+31.7) miss 49 km (6.1 s)
[08:47:34]     settle 22:  75 @   4463 d -> ok lintwin tank 975.6 (+55.2) miss 62 km (2.6 s)
[08:47:35]     settle 26:  36 @   4772 d -> ok lintwin tank 1017.9 (+70.0) miss 69 km (6.8 s)
[08:47:38]     settle 22: 154 @   4536 d -> ok lintwin tank 982.6 (+62.2) miss 69 km (3.3 s)
[08:47:39]     settle 27:  90 @   4493 d -> ok lintwin tank 987.9 (+17.9) miss 77 km (5.4 s)
[08:47:40]     settle 24:  54 @   4779 d -> ok lin tank 851.2 (+4.6) miss 70 km (22.8 s)
[08:47:41]     settle 23: 175 @   4325 d -> ok lintwin tank 996.6 (+13.8) miss 9 km (7.8 s)
[08:47:43]     settle 26: 105 @   4515 d -> ok lintwin tank 1031.3 (+83.4) miss 68 km (7.4 s)
[08:47:44]     settle 27:  52 @   4343 d -> ok lintwin tank 996.9 (+26.9) miss 64 km (4.0 s)
[08:47:44]     settle 22:  39 @   4560 d -> ok lintwin tank 955.3 (+34.9) miss 73 km (5.6 s)
[08:47:46]     settle 27: 283 @   4574 d -> ok lintwin tank 1121.0 (+82.4) miss 30 km (16.1 s)
[08:47:48]     settle  8:  25 @   4335 d -> FAIL [('lam', 6703145.3)] (17.4 s)
[08:47:48]     settle 27: 222 @   4325 d -> ok lintwin tank 1031.8 (+61.8) miss 75 km (3.8 s)
[08:47:48]   drift: leg 222@4325 d settled outside (T, T+H] -> column cut at 0
[08:47:49]     settle 24: 189 @   4464 d -> ok lintwin tank 850.8 (+4.2) miss 56 km (8.1 s)
[08:47:49]     settle 22: 277 @   4589 d -> ok lintwin tank 945.7 (+25.3) miss 40 km (4.3 s)
[08:47:49]     settle 23:  59 @   4634 d -> ok lintwin tank 987.8 (+4.9) miss 85 km (7.9 s)
[08:47:53]     settle 26:  25 @   4506 d -> ok lintwin tank 989.4 (+41.6) miss 3 km (8.4 s)
[08:47:54]     settle 27: 193 @   4385 d -> ok lintwin tank 976.1 (+6.0) miss 63 km (5.2 s)
[08:47:54]     settle 27:  26 @   4701 d -> ok lam tank 1098.5 (+59.9) miss 1 km (4.9 s)
[08:47:55]     settle 24: 214 @   4571 d -> ok lintwin tank 842.5 (+-4.1) miss 57 km (5.8 s)
[08:47:55]     settle 22:  90 @   4502 d -> ok lintwin tank 950.5 (+30.1) miss 72 km (5.4 s)
[08:47:58]     settle 27: 249 @   4495 d -> ok lintwin tank 1020.2 (+50.2) miss 46 km (3.6 s)
[08:47:59]     settle 27:  83 @   4436 d -> ok lam tank 1082.3 (+43.7) miss 1 km (4.2 s)
[08:47:59]     settle 23: 118 @   4547 d -> ok lintwin tank 1012.9 (+30.1) miss 17 km (8.7 s)
[08:47:59]     settle 26: 163 @   4451 d -> ok lintwin tank 987.4 (+39.5) miss 69 km (5.6 s)
[08:48:05]     settle 27:  75 @   4458 d -> ok lintwin tank 1085.4 (+115.4) miss 60 km (6.3 s)
[08:48:05]     settle 24: 128 @   4489 d -> ok lintwin tank 1172.7 (+326.0) miss 0 km (9.3 s)
[08:48:06]     settle 23: 222 @   4807 d -> ok lintwin tank 940.2 (+14.0) miss 6 km (9.5 s)
[08:48:09]     settle 28: 179 @   4603 d -> ok lintwin tank 1613.4 (+574.3) miss 93 km (9.4 s)
[08:48:10]     settle 27: 277 @   4603 d -> ok lintwin tank 1037.1 (+67.1) miss 18 km (3.9 s)
[08:48:10]     settle 26: 261 @   4545 d -> ok lintwin tank 1036.6 (+88.7) miss 97 km (10.0 s)
[08:48:12]     settle 23: 113 @   4727 d -> ok lintwin tank 1015.0 (+32.2) miss 9 km (8.6 s)
[08:48:15]     settle 26: 164 @   4518 d -> ok lintwin tank 1011.4 (+63.5) miss 70 km (4.6 s)
[08:48:15]     settle 28:  30 @   4752 d -> ok lintwin tank 998.8 (+17.8) miss 72 km (5.0 s)
[08:48:21]     settle 28:  83 @   4824 d -> ok lin tank 1095.5 (+-25.5) miss 63 km (6.4 s)
[08:48:21]     settle 23: 215 @   4577 d -> ok lintwin tank 1011.4 (+28.6) miss 8 km (7.9 s)
[08:48:23]     settle 26:  21 @   4456 d -> ok lintwin tank 1028.0 (+80.1) miss 22 km (7.2 s)
[08:48:23]     settle 23: 104 @   4768 d -> ok lintwin tank 951.5 (+25.3) miss 98 km (8.2 s)
[08:48:24]     settle 27: 186 @   4657 d -> ok lintwin tank 1032.6 (+62.6) miss 66 km (7.6 s)
[08:48:26]     settle 28: 194 @   4805 d -> ok lin tank 1097.6 (+-23.4) miss 67 km (4.4 s)
[08:48:28]     settle 27:  26 @   4676 d -> ok lintwin tank 1096.4 (+68.4) miss 74 km (4.7 s)
[08:48:29]     settle 23: 189 @   4392 d -> ok lintwin tank 1036.7 (+53.9) miss 94 km (7.7 s)
[08:48:33]     settle 24:  56 @   4538 d -> ok lam tank 860.3 (+13.7) miss 1 km (23.4 s)
[08:48:33]     settle 28: 231 @   4745 d -> ok lam tank 1073.2 (+40.6) miss 2 km (9.3 s)
[08:48:34]     settle  8: 222 @   4323 d -> FAIL [('lam', 14062348.4)] (45.7 s)
[08:48:36]     settle 26: 286 @   4470 d -> ok lintwin tank 988.7 (+40.8) miss 62 km (7.8 s)
[08:48:38]     settle 24: 105 @   4775 d -> ok lintwin tank 1029.7 (+42.2) miss 13 km (7.8 s)
[08:48:39]     settle 23: 198 @   4791 d -> ok lintwin tank 958.5 (+8.0) miss 80 km (6.0 s)
[08:48:41]     settle 27: 105 @   4767 d -> ok lintwin tank 1003.3 (+14.6) miss 54 km (5.1 s)
[08:48:44]     settle 28: 190 @   4666 d -> ok lam tank 1070.5 (+31.3) miss 1 km (16.5 s)
[08:48:45]     settle 28: 123 @   4643 d -> ok lintwin tank 1114.2 (+28.8) miss 20 km (7.7 s)
[08:48:47]     settle 23: 175 @   4331 d -> ok lintwin tank 998.9 (+16.0) miss 63 km (7.2 s)
[08:48:47]     settle 23: 179 @   4599 d -> ok lintwin tank 963.0 (+12.5) miss 99 km (6.8 s)
[08:48:50]     settle 27:  26 @   4676 d -> ok lintwin tank 1030.8 (+41.4) miss 64 km (8.0 s)
[08:48:50]     settle 28:  90 @   4496 d -> ok lintwin tank 995.9 (+19.8) miss 72 km (5.2 s)
[08:48:51]     settle 28: 231 @   4721 d -> ok lam tank 1078.4 (+3.7) miss 75 km (4.0 s)
[08:48:53]     settle 24: 203 @   4721 d -> ok lintwin tank 1013.7 (+14.8) miss 64 km (6.1 s)
[08:48:53]     settle 29:  30 @   4746 d -> ok lintwin tank 1005.3 (+9.4) miss 64 km (2.6 s)
[08:48:55]     settle 27:  36 @   4661 d -> ok lintwin tank 1064.8 (+33.4) miss 64 km (3.6 s)
[08:48:56]     settle 28: 269 @   4762 d -> ok lam tank 1094.7 (+-26.4) miss 66 km (3.8 s)
[08:48:59]     settle 28: 164 @   4602 d -> ok lintwin tank 1008.7 (+11.7) miss 62 km (5.6 s)
[08:49:00]     settle 23: 288 @   4573 d -> ok lintwin tank 982.3 (+6.7) miss 1 km (7.8 s)
[08:49:00]     settle 24:  59 @   4635 d -> ok lintwin tank 1024.6 (+27.9) miss 16 km (7.0 s)
[08:49:02]     settle 28: 183 @   4771 d -> ok lintwin tank 1065.0 (+0.3) miss 55 km (6.4 s)
[08:49:02]     settle 24:  36 @   4667 d -> ok lintwin tank 863.7 (+17.1) miss 3 km (27.1 s)
[08:49:07]     settle 28:  30 @   4785 d -> ok lam tank 1106.7 (+32.0) miss 6 km (10.2 s)
[08:49:08]     settle 28: 113 @   4783 d -> ok lintwin tank 1040.0 (+9.1) miss 23 km (5.3 s)
[08:49:08]     settle 24: 203 @   4733 d -> ok lintwin tank 1000.3 (+18.0) miss 8 km (8.0 s)
[08:49:11]     settle 24: 266 @   4615 d -> ok lintwin tank 1021.2 (+24.5) miss 15 km (6.9 s)
[08:49:11]     settle 24:  26 @   4410 d -> ok lintwin tank 856.6 (+10.0) miss 39 km (8.3 s)
[08:49:13]     settle 28: 130 @   4856 d -> ok lintwin tank 1033.2 (+2.4) miss 70 km (3.7 s)
[08:49:13]     settle 29: 135 @   4824 d -> ok lam tank 1013.5 (+4.8) miss 46 km (13.7 s)
[08:49:15]     settle  8: 124 @   4485 d -> FAIL [('lam', 9570628.1)] (41.7 s)
[08:49:18]     settle 23:  59 @   4634 d -> ok lintwin tank 961.9 (+6.6) miss 9 km (6.5 s)
[08:49:18]     settle 24: 142 @   4439 d -> ok lintwin tank 871.0 (+24.4) miss 22 km (6.0 s)
[08:49:19]     settle 24: 228 @   4611 d -> ok lintwin tank 1016.7 (+17.8) miss 15 km (7.0 s)
[08:49:19]     settle 27: 214 @   4663 d -> ok lintwin tank 1007.3 (+19.9) miss 67 km (5.8 s)
[08:49:19]     settle 28: 123 @   4648 d -> ok lintwin tank 1111.0 (+25.6) miss 29 km (5.7 s)
[08:49:22]     settle 28: 198 @   4802 d -> ok lintwin tank 1040.3 (+32.9) miss 68 km (2.8 s)
[08:49:24]     settle 29:  98 @   4755 d -> ok lam tank 1228.8 (+117.7) miss 2 km (4.0 s)
[08:49:25]     settle 25: 203 @   4721 d -> ok lintwin tank 1015.9 (+-0.8) miss 100 km (6.9 s)
[08:49:26]     settle 24:  98 @   4744 d -> ok lintwin tank 1004.4 (+42.5) miss 90 km (8.5 s)
[08:49:26]     settle 24:   4 @   4495 d -> ok lintwin tank 863.0 (+16.4) miss 1 km (7.8 s)
[08:49:27]   1 candidates dropped (settle failure / regrid failure / duplicate after truncation)
[08:49:27] RESULT s08_c1: 15 columns; frontier 1fb 6 kg p0/3 | 2fb 28 kg p0/3 | 3fb 35 kg p0/2; settles 20 (20 ok), regrids 15 (15 ok); wall 174 s of 300 (plan 41, price 2, settle 132; budget hit None, 0 unsettled)
[08:49:28]   job s08_c1 craft columns  15  levels 6  settles 20/20  end plan_done  wall 173.9 s
[08:49:30]     settle 29: 130 @   4855 d -> ok lintwin tank 1033.5 (+-6.8) miss 69 km (7.6 s)
[08:49:33]     settle  8: 249 @   4498 d -> FAIL [('lam', 837267.6)] (17.9 s)
[08:49:35]     settle 25:  54 @   4785 d -> ok lintwin tank 1092.0 (+67.5) miss 13 km (8.5 s)
[08:49:36]     settle 28: 190 @   4669 d -> ok lam tank 1115.9 (+33.6) miss 1 km (25.8 s)
[08:49:36]     settle 24: 128 @   4496 d -> ok lintwin tank 1019.7 (+173.1) miss 2 km (8.7 s)
[08:49:36]     settle 24: 292 @   4859 d -> ok lintwin tank 984.1 (+21.2) miss 1 km (8.4 s)
[08:49:36]   drift: leg 292@4859 d settled outside (T, T+H] -> column cut at 2
[08:49:36]   1 candidates dropped (settle failure / regrid failure / duplicate after truncation)
[08:49:36] RESULT s08_c5: 15 columns; frontier 1fb 1 kg p0/4 | 2fb 18 kg p0/4 | 3fb 78 kg p1/1; settles 18 (18 ok), regrids 15 (15 ok); wall 183 s of 300 (plan 39, price 2, settle 144; budget hit None, 0 unsettled)
[08:49:36]   job s08_c5 craft columns  15  levels 8  settles 18/18  end plan_done  wall 182.7 s
[08:49:37]     settle 28: 198 @   4802 d -> ok lintwin tank 1047.4 (+16.6) miss 16 km (6.4 s)
[08:49:41]     settle 29: 130 @   4860 d -> ok lintwin tank 1098.2 (+50.8) miss 54 km (3.9 s)
[08:49:43]     settle 29: 231 @   4727 d -> ok lam tank 1213.8 (+-399.6) miss 34 km (6.3 s)
[08:49:45] RESULT s08_c0: 16 columns; frontier 1fb 0 kg p2/3 | 2fb 29 kg p0/3 | 3fb 173 kg p2/2; settles 16 (16 ok), regrids 16 (16 ok); wall 191 s of 300 (plan 32, price 1, settle 159; budget hit None, 0 unsettled)
[08:49:46] RESULT s08_c2: 16 columns; frontier 1fb 13 kg p1/3 | 2fb 55 kg p1/3 | 3fb 85 kg p3/3 | 4fb 85 kg p2/2; settles 22 (22 ok), regrids 16 (16 ok); wall 192 s of 300 (plan 40, price 2, settle 152; budget hit None, 0 unsettled)
[08:49:46]     settle 25:  66 @   4735 d -> ok lam tank 859.4 (+-160.2) miss 6 km (10.3 s)
[08:49:46]   job s08_c0 craft columns  16  levels 7  settles 16/16  end plan_done  wall 191.1 s
[08:49:46]   job s08_c2 craft columns  16  levels 7  settles 22/22  end plan_done  wall 192.3 s
[08:49:52]     settle 24: 154 @   4533 d -> ok lintwin tank 1013.4 (+16.8) miss 10 km (8.1 s)
[08:49:55]     settle 24: 189 @   4465 d -> ok lintwin tank 851.3 (+4.7) miss 59 km (7.6 s)
[08:50:00]     settle 25: 203 @   4721 d -> ok lintwin tank 1020.6 (+7.1) miss 16 km (7.7 s)
[08:50:10]     settle 24: 154 @   4545 d -> ok lintwin tank 1027.4 (+28.5) miss 55 km (7.6 s)
[08:50:16]     settle  8: 289 @   4652 d -> FAIL [('lam', 2663907.1)] (42.3 s)
[08:50:17]     settle 25: 288 @   4615 d -> ok lintwin tank 1034.7 (+7.4) miss 63 km (6.0 s)
[08:50:19]     settle 25:  66 @   4736 d -> ok lam tank 863.7 (+12.4) miss 27 km (24.3 s)
[08:50:24]     settle 26: 203 @   4710 d -> ok lintwin tank 1035.1 (+0.4) miss 28 km (7.1 s)
[08:50:24] RESULT s08_c6: 16 columns; frontier 1fb 3 kg p2/3 | 2fb 31 kg p3/3 | 3fb 33 kg p1/3 | 4fb 52 kg p1/1; settles 21 (21 ok), regrids 16 (16 ok); wall 231 s of 300 (plan 38, price 2, settle 192; budget hit None, 0 unsettled)
[08:50:25]   job s08_c6 craft columns  16  levels 7  settles 21/21  end plan_done  wall 230.8 s
[08:50:27]     settle 25:  36 @   4674 d -> ok lintwin tank 882.2 (+11.2) miss 69 km (6.5 s)
[08:50:33]     settle 25: 215 @   4686 d -> ok lintwin tank 855.1 (+12.6) miss 63 km (5.9 s)
[08:50:38]     settle 26:  54 @   4786 d -> ok lam tank 858.8 (+3.7) miss 60 km (4.2 s)
[08:50:42]     settle 25:  36 @   4669 d -> ok lintwin tank 869.1 (+18.3) miss 78 km (4.1 s)
[08:50:45]     settle 26:  66 @   4737 d -> ok lam tank 881.2 (+12.1) miss 52 km (2.8 s)
[08:50:58]     settle  8:  54 @   4394 d -> FAIL [('lam', 8918328.8)] (42.4 s)
[08:51:07]     settle 26:  66 @   4734 d -> ok lam tank 900.2 (+18.0) miss 69 km (20.3 s)
[08:51:17]     settle 25:  36 @   4675 d -> ok lintwin tank 882.2 (+11.2) miss 69 km (6.3 s)
[08:51:31]     settle 26:  66 @   4735 d -> ok lam tank 901.2 (+19.0) miss 58 km (13.1 s)
[08:51:37]     settle 27:  30 @   4855 d -> FAIL [('lam', 'TimeoutError'), ('lin', 'TimeoutError')] (6.1 s)
[08:51:37]   1 candidates dropped (settle failure / regrid failure / duplicate after truncation)
[08:51:37] RESULT s08_c3: 15 columns; frontier 1fb -4 kg p1/3 | 2fb 13 kg p0/3 | 3fb 12 kg p1/3; settles 22 (21 ok), regrids 15 (15 ok); wall 303 s of 300 (plan 43, price 2, settle 260; budget hit None, 0 unsettled)
[08:51:37]   job s08_c3 craft columns  15  levels 8  settles 21/22  end plan_done  wall 303.1 s
[08:51:38]     settle  8: 269 @   4534 d -> FAIL [('lam', 3821632.9)] (40.3 s)
[08:51:38]   budget reached (job_wall: settle 267 s of 480, 0 s of the job left): 8 candidates not settled
[08:51:38]   8 candidates dropped (settle failure / regrid failure / duplicate after truncation)
[08:51:38] RESULT s08_c7: 0 columns; frontier ; settles 13 (0 ok), regrids 0 (0 ok); wall 305 s of 300 (plan 38, price 1, settle 267; budget hit job_wall, 8 unsettled)
[08:51:39]   job s08_c7 craft columns   0  levels 7  settles 0/13  end plan_done  wall 304.8 s
[08:51:39] [slice 8] propose: 93 columns (0 bad dropped) in 305.4 s
[08:51:39] [slice 8] auction: 93 columns, kept 75, dropped {'fuel': 18}; lam 0.45 H_eff 540 d fuel budget 482 kg quota OFF
[08:51:39] [slice 8] auction: status optimal objective 38.533 vars 75 rows 40 chosen 6 fuel 282/482 kg (0.008 s)
[08:51:41] [slice 8 T=4320 d] launched 8/8  covered 183  remaining 115  fuel 2951 kg  sumJi 10.6846  chosen: c0:1(+17) c1:3(+43) c2:4(+85) c3:3(+44) c5:2(+40) c6:4(+52)  rejected: -  (wall 308 s)
[08:51:41] [slice 9] effective horizon 616.8 d (the last slice absorbs the mission tail; H 540.0)
[08:51:41] [slice 9 T=4860 d] propose: 8 jobs (8 craft, 0 root) on 9 workers, proposer planbeam, H_eff 617 d, lam 0.44999999999999996
[08:51:41] job s09_c0 (craft, craft 0, planbeam): T 4860 d H 617 L 360; plan horizon 5477 d; remaining 115; prize >1 on 115; width 150 npt 6 mc 150 dv 1.2 drmax 0.15 plan_wall 240 s; quota None
[08:51:41] job s09_c1 (craft, craft 1, planbeam): T 4860 d H 617 L 360; plan horizon 5477 d; remaining 115; prize >1 on 115; width 150 npt 6 mc 150 dv 1.2 drmax 0.15 plan_wall 240 s; quota None
[08:51:41] job s09_c3 (craft, craft 3, planbeam): T 4860 d H 617 L 360; plan horizon 5477 d; remaining 115; prize >1 on 115; width 150 npt 6 mc 150 dv 1.2 drmax 0.15 plan_wall 240 s; quota None
[08:51:41] job s09_c2 (craft, craft 2, planbeam): T 4860 d H 617 L 360; plan horizon 5477 d; remaining 115; prize >1 on 115; width 150 npt 6 mc 150 dv 1.2 drmax 0.15 plan_wall 240 s; quota None
[08:51:41] job s09_c4 (craft, craft 4, planbeam): T 4860 d H 617 L 360; plan horizon 5477 d; remaining 115; prize >1 on 115; width 150 npt 6 mc 150 dv 1.2 drmax 0.15 plan_wall 240 s; quota None
[08:51:41] job s09_c5 (craft, craft 5, planbeam): T 4860 d H 617 L 360; plan horizon 5477 d; remaining 115; prize >1 on 115; width 150 npt 6 mc 150 dv 1.2 drmax 0.15 plan_wall 240 s; quota None
[08:51:41] job s09_c6 (craft, craft 6, planbeam): T 4860 d H 617 L 360; plan horizon 5477 d; remaining 115; prize >1 on 115; width 150 npt 6 mc 150 dv 1.2 drmax 0.15 plan_wall 240 s; quota None
[08:51:41] job s09_c7 (craft, craft 7, planbeam): T 4860 d H 617 L 360; plan horizon 5477 d; remaining 115; prize >1 on 115; width 150 npt 6 mc 150 dv 1.2 drmax 0.15 plan_wall 240 s; quota None
[08:51:41] prefix slices/s09/in/craft_4.npz: 16 flybys, t_end 3371.0 d, tank 916.0 kg (planner view), miss 47.3 km, nreg 163
[08:51:41] prefix slices/s09/in/craft_7.npz: 7 flybys, t_end 3324.7 d, tank 847.3 kg (planner view), miss 100.6 km, nreg 156
[08:51:41] budget: job_wall 300 s, 300 s left before the plan -> plan cap 210 s (plan_wall 240, settle_reserve 90)
[08:51:41] budget: job_wall 300 s, 300 s left before the plan -> plan cap 210 s (plan_wall 240, settle_reserve 90)
[08:51:41] prefix slices/s09/in/craft_5.npz: 23 flybys, t_end 4600.1 d, tank 960.1 kg (planner view), miss 25.3 km, nreg 223
[08:51:41] budget: job_wall 300 s, 300 s left before the plan -> plan cap 210 s (plan_wall 240, settle_reserve 90)
[08:51:41] prefix slices/s09/in/craft_3.npz: 26 flybys, t_end 4734.6 d, tank 890.6 kg (planner view), miss 82.3 km, nreg 233
[08:51:41] budget: job_wall 300 s, 300 s left before the plan -> plan cap 210 s (plan_wall 240, settle_reserve 90)
[08:51:41] prefix slices/s09/in/craft_6.npz: 26 flybys, t_end 4716.9 d, tank 1034.8 kg (planner view), miss 95.6 km, nreg 227
[08:51:41] budget: job_wall 300 s, 300 s left before the plan -> plan cap 210 s (plan_wall 240, settle_reserve 90)
[08:51:41] prefix slices/s09/in/craft_0.npz: 27 flybys, t_end 4616.2 d, tank 1056.1 kg (planner view), miss 78.5 km, nreg 233
[08:51:41] budget: job_wall 300 s, 300 s left before the plan -> plan cap 210 s (plan_wall 240, settle_reserve 90)
[08:51:41] prefix slices/s09/in/craft_1.npz: 29 flybys, t_end 4823.4 d, tank 1012.9 kg (planner view), miss 4.1 km, nreg 240
[08:51:41] budget: job_wall 300 s, 300 s left before the plan -> plan cap 210 s (plan_wall 240, settle_reserve 90)
[08:51:41] prefix slices/s09/in/craft_2.npz: 29 flybys, t_end 4852.3 d, tank 1033.3 kg (planner view), miss 8.2 km, nreg 241
[08:51:41] budget: job_wall 300 s, 300 s left before the plan -> plan cap 210 s (plan_wall 240, settle_reserve 90)
[08:52:04] first level (both): 0 production + 0 relaxed (dv 2.5, 0.3 AU; 0.1 s) + 0 lintwin children -> 0 unique (22.9 s)
[08:52:04] plan start: prefix 16 flybys, t_end 3371.0 d, planner mass 1050.6 kg (dv 16.499 km/s); 0 first-level states
[08:52:04] plan: 0 states, depth 0 new flybys, end no_children (23 s)
[08:52:04] candidates: 0 distinct committed target sets (n_new -, potential -)
[08:52:04] frontier: 0 candidates chosen (n fb / committed planner kg / continuation (lookahead) [full]; pot_mode lookahead, pot_cap None): 
[08:52:04] budget: 277 s of 300 left for the settles + regrids (settle_wall 480)
[08:52:04] RESULT s09_c4: 0 columns; frontier ; settles 0 (0 ok), regrids 0 (0 ok); wall 23 s of 300 (plan 23, price 0, settle 0; budget hit None, 0 unsettled)
[08:52:04] first level (both): 0 production + 70 relaxed (dv 2.5, 0.3 AU; 0.1 s) + 22 lintwin children -> 62 unique (23.2 s)
[08:52:04] plan start: prefix 26 flybys, t_end 4734.6 d, planner mass 1080.6 kg (dv 15.394 km/s); 62 first-level states
[08:52:05] first level (both): 0 production + 23 relaxed (dv 2.5, 0.3 AU; 0.1 s) + 26 lintwin children -> 39 unique (23.9 s)
[08:52:05] plan start: prefix 26 flybys, t_end 4716.9 d, planner mass 930.0 kg (dv 21.282 km/s); 39 first-level states
[08:52:05]   job s09_c4 craft columns   0  levels 0  settles 0/0  end no_children  wall 23.0 s
[08:52:05] first level (both): 0 production + 0 relaxed (dv 2.5, 0.3 AU; 0.1 s) + 59 lintwin children -> 58 unique (24.4 s)
[08:52:05] plan start: prefix 7 flybys, t_end 3324.7 d, planner mass 1135.9 kg (dv 13.439 km/s); 58 first-level states
[08:52:06] first level (both): 0 production + 89 relaxed (dv 2.5, 0.3 AU; 0.1 s) + 55 lintwin children -> 117 unique (24.4 s)
[08:52:06] plan start: prefix 23 flybys, t_end 4600.1 d, planner mass 1002.4 kg (dv 18.342 km/s); 117 first-level states
[08:52:06] first level (both): 0 production + 52 relaxed (dv 2.5, 0.3 AU; 0.1 s) + 39 lintwin children -> 69 unique (25.3 s)
[08:52:06] plan start: prefix 29 flybys, t_end 4823.4 d, planner mass 950.1 kg (dv 20.445 km/s); 69 first-level states
[08:52:07] plan: 119 states, depth 4 new flybys, end plan_done (25 s); deepest 4 new to 5430 d at planner fuel 768 kg
[08:52:07]   depth  1:   39 states (39 in H), t_end 4867-5477 d, fuel 678-736 kg
[08:52:07]   depth  2:   51 states (51 in H), t_end 5117-5441 d, fuel 703-760 kg
[08:52:07]   depth  3:   27 states (27 in H), t_end 5328-5441 d, fuel 748-786 kg
[08:52:07]   depth  4:    2 states (2 in H), t_end 5428-5430 d, fuel 768-777 kg
[08:52:07] candidates: 73 distinct committed target sets (n_new 1-4, potential 0-0)
[08:52:07] frontier: 16 candidates chosen (n fb / committed planner kg / continuation (lookahead) [full]; pot_mode lookahead, pot_cap None): 1fb/678kg/p0(0)[0], 1fb/692kg/p1(0)[1], 1fb/696kg/p1(0)[1], 1fb/710kg/p2(0)[2], 1fb/717kg/p3(0)[3], 1fb/724kg/p2(0)[2], 1fb/725kg/p2(0)[2], 1fb/726kg/p2(0)[2], 1fb/732kg/p2(0)[2], 2fb/703kg/p0(0)[0], 2fb/720kg/p0(0)[0], 2fb/744kg/p2(0)[2], 3fb/748kg/p0(0)[0], 3fb/751kg/p0(0)[0], 3fb/756kg/p1(0)[1], 4fb/768kg/p0(0)[0]
[08:52:07] budget: 274 s of 300 left for the settles + regrids (settle_wall 480)
[08:52:07] first level (both): 0 production + 47 relaxed (dv 2.5, 0.3 AU; 0.1 s) + 55 lintwin children -> 82 unique (25.9 s)
[08:52:07] plan start: prefix 27 flybys, t_end 4616.2 d, planner mass 911.3 kg (dv 22.081 km/s); 82 first-level states
[08:52:08] first level (both): 0 production + 22 relaxed (dv 2.5, 0.3 AU; 0.1 s) + 47 lintwin children -> 57 unique (27.2 s)
[08:52:08] plan start: prefix 29 flybys, t_end 4852.3 d, planner mass 931.4 kg (dv 21.224 km/s); 57 first-level states
[08:52:09] plan: 278 states, depth 4 new flybys, end plan_done (28 s); deepest 4 new to 5447 d at planner fuel 520 kg
[08:52:09]   depth  1:   58 states (58 in H), t_end 4877-5477 d, fuel 464-544 kg
[08:52:09]   depth  2:   95 states (95 in H), t_end 5072-5473 d, fuel 469-565 kg
[08:52:09]   depth  3:   96 states (96 in H), t_end 5250-5467 d, fuel 486-536 kg
[08:52:09]   depth  4:   29 states (29 in H), t_end 5360-5460 d, fuel 520-566 kg
[08:52:09] candidates: 207 distinct committed target sets (n_new 1-4, potential 0-0)
[08:52:09] frontier: 16 candidates chosen (n fb / committed planner kg / continuation (lookahead) [full]; pot_mode lookahead, pot_cap None): 1fb/464kg/p3(0)[3], 1fb/464kg/p3(0)[3], 1fb/464kg/p3(0)[3], 1fb/464kg/p3(0)[3], 1fb/464kg/p3(0)[3], 1fb/464kg/p2(0)[2], 1fb/486kg/p3(0)[3], 2fb/469kg/p0(0)[0], 2fb/471kg/p0(0)[0], 2fb/489kg/p2(0)[2], 3fb/486kg/p0(0)[0], 3fb/494kg/p0(0)[0], 3fb/498kg/p1(0)[1], 4fb/520kg/p0(0)[0], 4fb/529kg/p0(0)[0], 4fb/533kg/p0(0)[0]
[08:52:09] budget: 272 s of 300 left for the settles + regrids (settle_wall 480)
[08:52:09] plan: 286 states, depth 4 new flybys, end plan_done (28 s); deepest 4 new to 5464 d at planner fuel 710 kg
[08:52:09]   depth  1:   69 states (69 in H), t_end 4909-5477 d, fuel 655-716 kg
[08:52:09]   depth  2:  149 states (149 in H), t_end 5104-5475 d, fuel 677-741 kg
[08:52:09]   depth  3:   57 states (57 in H), t_end 5253-5466 d, fuel 694-764 kg
[08:52:09]   depth  4:   11 states (11 in H), t_end 5458-5466 d, fuel 710-772 kg
[08:52:09] candidates: 157 distinct committed target sets (n_new 1-4, potential 0-0)
[08:52:09] frontier: 16 candidates chosen (n fb / committed planner kg / continuation (lookahead) [full]; pot_mode lookahead, pot_cap None): 1fb/655kg/p0(0)[0], 1fb/660kg/p0(0)[0], 1fb/667kg/p2(0)[2], 1fb/671kg/p3(0)[3], 1fb/678kg/p2(0)[2], 1fb/702kg/p3(0)[3], 1fb/702kg/p3(0)[3], 2fb/677kg/p0(0)[0], 2fb/680kg/p1(0)[1], 2fb/688kg/p2(0)[2], 3fb/694kg/p0(0)[0], 3fb/695kg/p0(0)[0], 3fb/700kg/p1(0)[1], 4fb/710kg/p0(0)[0], 4fb/723kg/p0(0)[0], 4fb/727kg/p0(0)[0]
[08:52:09] budget: 272 s of 300 left for the settles + regrids (settle_wall 480)
[08:52:10] plan: 121 states, depth 4 new flybys, end plan_done (29 s); deepest 4 new to 5425 d at planner fuel 767 kg
[08:52:10]   depth  1:   57 states (57 in H), t_end 4908-5477 d, fuel 689-737 kg
[08:52:10]   depth  2:   49 states (49 in H), t_end 5110-5470 d, fuel 703-759 kg
[08:52:10]   depth  3:   13 states (13 in H), t_end 5322-5455 d, fuel 729-773 kg
[08:52:10]   depth  4:    2 states (2 in H), t_end 5425-5427 d, fuel 767-772 kg
[08:52:10] candidates: 79 distinct committed target sets (n_new 1-4, potential 0-0)
[08:52:10] frontier: 16 candidates chosen (n fb / committed planner kg / continuation (lookahead) [full]; pot_mode lookahead, pot_cap None): 1fb/689kg/p0(0)[0], 1fb/691kg/p1(0)[1], 1fb/696kg/p1(0)[1], 1fb/698kg/p2(0)[2], 1fb/701kg/p1(0)[1], 1fb/701kg/p3(0)[3], 1fb/709kg/p2(0)[2], 1fb/727kg/p2(0)[2], 1fb/734kg/p2(0)[2], 2fb/703kg/p0(0)[0], 2fb/712kg/p0(0)[0], 2fb/725kg/p2(0)[2], 3fb/729kg/p0(0)[0], 3fb/732kg/p0(0)[0], 3fb/746kg/p1(0)[1], 4fb/767kg/p0(0)[0]
[08:52:10] budget: 271 s of 300 left for the settles + regrids (settle_wall 480)
[08:52:11] plan: 438 states, depth 5 new flybys, end plan_done (30 s); deepest 5 new to 5427 d at planner fuel 631 kg
[08:52:11]   depth  1:   62 states (62 in H), t_end 4864-5477 d, fuel 536-599 kg
[08:52:11]   depth  2:  150 states (150 in H), t_end 5034-5341 d, fuel 546-631 kg
[08:52:11]   depth  3:  150 states (150 in H), t_end 5108-5443 d, fuel 559-648 kg
[08:52:11]   depth  4:   63 states (63 in H), t_end 5204-5446 d, fuel 588-660 kg
[08:52:11]   depth  5:   13 states (13 in H), t_end 5414-5444 d, fuel 631-686 kg
[08:52:11] candidates: 218 distinct committed target sets (n_new 1-5, potential 0-0)
[08:52:11] frontier: 16 candidates chosen (n fb / committed planner kg / continuation (lookahead) [full]; pot_mode lookahead, pot_cap None): 1fb/536kg/p2(0)[2], 1fb/538kg/p4(0)[4], 1fb/538kg/p0(0)[0], 1fb/564kg/p4(0)[4], 2fb/553kg/p0(0)[0], 2fb/555kg/p1(0)[1], 2fb/558kg/p3(0)[3], 3fb/561kg/p0(0)[0], 3fb/562kg/p1(0)[1], 3fb/577kg/p2(0)[2], 4fb/588kg/p0(0)[0], 4fb/593kg/p0(0)[0], 4fb/606kg/p1(0)[1], 5fb/631kg/p0(0)[0], 5fb/652kg/p0(0)[0], 5fb/657kg/p0(0)[0]
[08:52:11] budget: 270 s of 300 left for the settles + regrids (settle_wall 480)
[08:52:13] plan: 425 states, depth 5 new flybys, end plan_done (32 s); deepest 5 new to 5391 d at planner fuel 811 kg
[08:52:13]   depth  1:   82 states (82 in H), t_end 4886-5441 d, fuel 693-755 kg
[08:52:13]   depth  2:  150 states (150 in H), t_end 4980-5385 d, fuel 708-780 kg
[08:52:13]   depth  3:  150 states (150 in H), t_end 5139-5461 d, fuel 728-801 kg
[08:52:13]   depth  4:   39 states (39 in H), t_end 5277-5456 d, fuel 742-814 kg
[08:52:13]   depth  5:    4 states (4 in H), t_end 5382-5398 d, fuel 811-817 kg
[08:52:13] candidates: 240 distinct committed target sets (n_new 1-5, potential 0-0)
[08:52:13] frontier: 16 candidates chosen (n fb / committed planner kg / continuation (lookahead) [full]; pot_mode lookahead, pot_cap None): 1fb/693kg/p3(0)[3], 1fb/707kg/p0(0)[0], 1fb/709kg/p3(0)[3], 1fb/722kg/p4(0)[4], 1fb/726kg/p3(0)[3], 1fb/729kg/p3(0)[3], 2fb/708kg/p0(0)[0], 2fb/711kg/p0(0)[0], 2fb/742kg/p3(0)[3], 3fb/728kg/p0(0)[0], 3fb/731kg/p0(0)[0], 3fb/768kg/p2(0)[2], 4fb/742kg/p0(0)[0], 4fb/753kg/p0(0)[0], 4fb/792kg/p1(0)[1], 5fb/811kg/p0(0)[0]
[08:52:13] budget: 268 s of 300 left for the settles + regrids (settle_wall 480)
[08:52:15]     settle 27: 228 @   5267 d -> ok lintwin tank 1066.8 (+31.9) miss 12 km (7.9 s)
[08:52:16]     settle 30: 102 @   5413 d -> ok lintwin tank 1014.9 (+2.0) miss 60 km (6.1 s)
[08:52:16]     settle 30: 185 @   5062 d -> ok lintwin tank 1217.2 (+183.9) miss 63 km (5.8 s)
[08:52:17] plan: 586 states, depth 5 new flybys, end plan_done (36 s); deepest 5 new to 5453 d at planner fuel 691 kg
[08:52:17]   depth  1:  117 states (117 in H), t_end 4865-5443 d, fuel 604-670 kg
[08:52:17]   depth  2:  150 states (150 in H), t_end 4910-5296 d, fuel 615-700 kg
[08:52:17]   depth  3:  150 states (150 in H), t_end 5099-5347 d, fuel 628-710 kg
[08:52:17]   depth  4:  150 states (150 in H), t_end 5220-5453 d, fuel 648-731 kg
[08:52:17]   depth  5:   19 states (19 in H), t_end 5394-5455 d, fuel 691-755 kg
[08:52:17] candidates: 276 distinct committed target sets (n_new 1-5, potential 0-0)
[08:52:17] frontier: 16 candidates chosen (n fb / committed planner kg / continuation (lookahead) [full]; pot_mode lookahead, pot_cap None): 1fb/604kg/p1(0)[1], 1fb/609kg/p0(0)[0], 1fb/610kg/p4(0)[4], 1fb/624kg/p4(0)[4], 2fb/615kg/p0(0)[0], 2fb/615kg/p0(0)[0], 2fb/628kg/p3(0)[3], 3fb/628kg/p0(0)[0], 3fb/634kg/p1(0)[1], 3fb/659kg/p2(0)[2], 4fb/648kg/p0(0)[0], 4fb/651kg/p0(0)[0], 4fb/670kg/p1(0)[1], 5fb/691kg/p0(0)[0], 5fb/697kg/p0(0)[0], 5fb/702kg/p0(0)[0]
[08:52:17] budget: 264 s of 300 left for the settles + regrids (settle_wall 480)
[08:52:19]     settle 27:   6 @   5104 d -> ok lintwin tank 927.4 (+36.8) miss 25 km (8.1 s)
[08:52:20]     settle 28: 197 @   4929 d -> ok lintwin tank 1059.6 (+3.5) miss 70 km (7.0 s)
[08:52:22]     settle 30: 190 @   5353 d -> ok lintwin tank 1014.3 (+1.4) miss 78 km (5.6 s)
[08:52:23]     settle 30:   4 @   5047 d -> ok lintwin tank 1082.3 (+49.1) miss 85 km (4.1 s)
[08:52:26]     settle 24: 194 @   4911 d -> ok lintwin tank 964.6 (+4.6) miss 4 km (8.7 s)
[08:52:27]     settle  8: 157 @   4908 d -> FAIL [('lam', 31864849.9)] (17.9 s)
[08:52:28]     settle 28: 218 @   5371 d -> ok lintwin tank 1064.8 (+8.7) miss 71 km (5.8 s)
[08:52:28]     settle 30: 191 @   5173 d -> ok lintwin tank 1025.3 (+12.4) miss 56 km (5.1 s)
[08:52:30]     settle 30:  98 @   5307 d -> ok lam tank 1213.6 (+180.3) miss 5 km (6.0 s)
[08:52:31]     settle 27:  84 @   5277 d -> ok lintwin tank 1067.0 (+32.2) miss 13 km (8.0 s)
[08:52:34]     settle 27:  78 @   4899 d -> ok lintwin tank 935.9 (+45.3) miss 50 km (10.0 s)
[08:52:35]     settle 30:  91 @   5115 d -> ok lintwin tank 1066.8 (+33.5) miss 74 km (3.0 s)
[08:52:35]     settle 30: 185 @   5050 d -> ok lintwin tank 1026.9 (+14.0) miss 61 km (6.0 s)
[08:52:35]     settle 24: 261 @   5378 d -> ok lintwin tank 968.4 (+8.3) miss 4 km (8.3 s)
[08:52:38]     settle 28:  51 @   4911 d -> ok lintwin tank 1081.2 (+25.1) miss 61 km (5.8 s)
[08:52:42]     settle 30:  26 @   5256 d -> ok lintwin tank 1027.8 (+14.8) miss 60 km (6.1 s)
[08:52:45]     settle 24: 157 @   4908 d -> ok lintwin tank 969.0 (+8.9) miss 3 km (7.6 s)
[08:52:45]     settle 28: 194 @   4904 d -> ok lintwin tank 1089.1 (+33.0) miss 61 km (5.7 s)
[08:52:45]     settle 30: 227 @   5345 d -> ok lintwin tank 1149.0 (+115.7) miss 57 km (9.5 s)
[08:52:48]     settle 30: 136 @   4908 d -> ok lintwin tank 1068.2 (+34.9) miss 16 km (1.7 s)
[08:52:49]     settle 27: 183 @   5287 d -> ok lintwin tank 1076.3 (+41.5) miss 14 km (8.1 s)
[08:52:49]     settle 27:  74 @   5285 d -> ok lintwin tank 950.8 (+60.2) miss 110 km (11.1 s)
[08:52:50]     settle 28:  49 @   4929 d -> ok lintwin tank 1112.3 (+56.2) miss 53 km (4.6 s)
[08:52:50]     settle 30: 205 @   5079 d -> ok lintwin tank 1058.3 (+45.4) miss 66 km (8.0 s)
[08:52:50]     settle 30:  26 @   4965 d -> ok lintwin tank 1064.8 (+31.6) miss 54 km (1.8 s)
[08:52:53]     settle 24:  86 @   4865 d -> ok lintwin tank 973.5 (+13.5) miss 69 km (7.4 s)
[08:52:57]     settle 25: 283 @   5291 d -> ok lintwin tank 972.2 (+7.6) miss 7 km (3.5 s)
[08:52:57]     settle 30:  83 @   5008 d -> ok lintwin tank 1059.9 (+47.0) miss 73 km (6.2 s)
[08:52:58]     settle 30: 126 @   4972 d -> ok lintwin tank 1108.5 (+75.2) miss 66 km (6.6 s)
[08:53:00]     settle 28:  20 @   5041 d -> ok lintwin tank 1121.4 (+65.3) miss 65 km (8.7 s)
[08:53:00]     settle 31: 102 @   5413 d -> ok lintwin tank 1037.1 (+11.7) miss 51 km (2.3 s)
[08:53:03]     settle 25:  25 @   5211 d -> ok lintwin tank 971.7 (+7.1) miss 86 km (5.4 s)
[08:53:04]     settle 31: 190 @   5350 d -> ok lintwin tank 1041.9 (+15.0) miss 86 km (2.9 s)
[08:53:05]     settle 30:   6 @   5076 d -> ok lam tank 1089.0 (+55.7) miss 4 km (6.5 s)
[08:53:07]     settle 25: 205 @   5040 d -> ok lam tank 971.4 (+2.5) miss 73 km (3.0 s)
[08:53:09]     settle 27: 102 @   5155 d -> ok lintwin tank 1089.1 (+54.3) miss 13 km (9.5 s)
[08:53:11]     settle 29: 218 @   5369 d -> ok lintwin tank 1070.4 (+10.8) miss 0 km (10.0 s)
[08:53:11]     settle 30: 185 @   5048 d -> ok lintwin tank 1026.9 (+14.0) miss 61 km (6.5 s)
[08:53:12]     settle 27: 190 @   4885 d -> ok lin tank 911.6 (+21.0) miss 69 km (15.6 s)
[08:53:14]     settle 31: 191 @   5175 d -> ok lintwin tank 1041.9 (+15.0) miss 53 km (2.6 s)
[08:53:16]     settle  8: 128 @   4919 d -> FAIL [('lam', 41036346.2)] (48.9 s)
[08:53:17]     settle 24: 136 @   4913 d -> ok lintwin tank 969.0 (+9.0) miss 5 km (9.0 s)
[08:53:18]     settle 31: 186 @   5455 d -> ok lam tank 1346.6 (+133.0) miss 9 km (6.3 s)
[08:53:19]     settle 31:  26 @   5255 d -> ok lintwin tank 1044.2 (+18.8) miss 69 km (3.9 s)
[08:53:20]     settle 28:  64 @   5245 d -> ok lam tank 903.5 (+-32.4) miss 79 km (7.5 s)
[08:53:23]     settle 28: 197 @   4931 d -> ok lintwin tank 1059.5 (+3.4) miss 60 km (8.5 s)
[08:53:25]     settle 30:  26 @   4970 d -> ok lintwin tank 1065.0 (+31.7) miss 69 km (2.1 s)
[08:53:25]     settle 25:  77 @   4965 d -> ok lintwin tank 1032.3 (+63.3) miss 7 km (7.7 s)
[08:53:27]     settle 27:  83 @   5031 d -> ok lintwin tank 1086.8 (+52.0) miss 13 km (9.0 s)
[08:53:29]     settle 31: 292 @   5450 d -> ok lintwin tank 1080.9 (+16.0) miss 58 km (3.8 s)
[08:53:29]     settle 29:  13 @   5271 d -> ok lintwin tank 1075.9 (+16.4) miss 38 km (6.4 s)
[08:53:30]     settle 27: 286 @   5058 d -> ok lintwin tank 937.2 (+46.6) miss 88 km (8.5 s)
[08:53:31]     settle 32: 231 @   5459 d -> ok lintwin tank 1047.0 (+2.8) miss 2 km (12.3 s)
[08:53:35]     settle 26: 283 @   5285 d -> ok lintwin tank 1078.9 (+46.6) miss 3 km (9.8 s)
[08:53:36]     settle 31: 190 @   5352 d -> ok lintwin tank 1041.4 (+13.6) miss 73 km (3.4 s)
[08:53:36]     settle 28:  69 @   5257 d -> ok lintwin tank 909.7 (+-27.5) miss 30 km (6.3 s)
[08:53:38]     settle  8: 159 @   4936 d -> FAIL [('lam', 17126155.4)] (21.7 s)
[08:53:38]     settle 31:  91 @   5115 d -> ok lintwin tank 1098.0 (+29.8) miss 81 km (8.1 s)
[08:53:39]     settle 29: 128 @   5039 d -> ok lintwin tank 1095.9 (+6.9) miss 51 km (8.9 s)
[08:53:43]     settle 28: 286 @   5064 d -> ok lam tank 903.9 (+-32.0) miss 73 km (5.3 s)
[08:53:45]     settle 32: 292 @   5445 d -> ok lintwin tank 1094.7 (+-3.4) miss 69 km (6.0 s)
[08:53:46]     settle 32: 231 @   5457 d -> ok lintwin tank 1042.1 (+0.8) miss 64 km (9.7 s)
[08:53:46]     settle 27: 206 @   4867 d -> ok lintwin tank 1090.7 (+55.8) miss 14 km (8.5 s)
[08:53:49]     settle 28: 286 @   5068 d -> ok lam tank 903.9 (+-32.0) miss 73 km (5.2 s)
[08:53:49]     settle 26:  10 @   5307 d -> ok lintwin tank 984.4 (+13.0) miss 1 km (9.4 s)
[08:53:49]     settle 31: 191 @   5173 d -> ok lintwin tank 1041.9 (+15.0) miss 53 km (2.3 s)
[08:53:49]     settle 29:  10 @   5198 d -> ok lintwin tank 1083.5 (+23.9) miss 63 km (9.0 s)
[08:53:50]     settle 29: 222 @   5341 d -> ok lam tank 921.8 (+17.9) miss 73 km (1.2 s)
[08:53:51]     settle 31:  26 @   5255 d -> ok lintwin tank 1083.3 (+16.5) miss 66 km (5.0 s)
[08:53:52]     settle 30: 184 @   5431 d -> ok lam tank 1104.1 (+20.6) miss 0 km (3.2 s)
[08:53:53]     settle 32: 102 @   5410 d -> ok lintwin tank 1055.6 (+13.7) miss 65 km (3.5 s)
[08:53:54]     settle 29:  64 @   5246 d -> ok lin tank 903.6 (+-0.3) miss 7 km (1.1 s)
[08:53:56]     settle 29:   6 @   5108 d -> ok lam tank 920.4 (+16.5) miss 73 km (1.1 s)
[08:53:57]     settle  8: 126 @   4967 d -> FAIL [('lam', 49574116.4)] (19.5 s)
[08:53:57]     settle 32: 102 @   5408 d -> ok lintwin tank 1055.5 (+13.6) miss 65 km (3.5 s)
[08:53:58]     settle 27:   6 @   5100 d -> ok lintwin tank 1137.5 (+102.7) miss 11 km (7.1 s)
[08:54:02]     settle 30: 239 @   5446 d -> ok lam tank 1104.2 (+20.6) miss 53 km (2.9 s)
[08:54:02]     settle 32: 292 @   5455 d -> ok lintwin tank 1081.6 (+-1.6) miss 6 km (11.2 s)
[08:54:07]     settle 30:  59 @   5436 d -> ok lintwin tank 926.5 (+23.0) miss 35 km (7.9 s)
[08:54:07]     settle 33: 231 @   5464 d -> ok lintwin tank 1054.0 (+-1.6) miss 70 km (10.0 s)
[08:54:08]     settle 26: 202 @   5120 d -> ok lam tank 995.6 (+24.2) miss 70 km (14.1 s)
[08:54:09]     settle 29: 128 @   5308 d -> ok lam tank 922.2 (+18.3) miss 73 km (1.1 s)
[08:54:10]     settle 27:  86 @   4992 d -> ok lintwin tank 1102.9 (+68.1) miss 14 km (8.1 s)
[08:54:11]     settle 32:  98 @   5322 d -> ok lintwin tank 1110.7 (+12.7) miss 75 km (6.9 s)
[08:54:12]     settle 30: 202 @   5139 d -> ok lintwin tank 1130.5 (+34.5) miss 80 km (6.5 s)
[08:54:14]     settle 33: 149 @   5425 d -> ok lintwin tank 1117.1 (+6.4) miss 52 km (1.8 s)
[08:54:14]     settle 32: 190 @   5350 d -> ok lintwin tank 1047.8 (+6.0) miss 80 km (6.1 s)
[08:54:15]     settle 26:  49 @   5320 d -> ok lam tank 1100.5 (+68.1) miss 5 km (6.1 s)
[08:54:15] RESULT s09_c2: 16 columns; frontier 1fb 32 kg p0/0 | 2fb 47 kg p0/0 | 3fb 47 kg p0/0 | 4fb 84 kg p0/0; settles 18 (18 ok), regrids 16 (16 ok); wall 154 s of 300 (plan 29, price 2, settle 125; budget hit None, 0 unsettled)
[08:54:16]   job s09_c2 craft columns  16  levels 4  settles 18/18  end plan_done  wall 153.8 s
[08:54:19]     settle 30:  59 @   5427 d -> ok lam tank 930.4 (+8.2) miss 2 km (9.9 s)
[08:54:19]     settle 27: 134 @   4981 d -> ok lintwin tank 1115.9 (+81.1) miss 12 km (8.2 s)
[08:54:20]     settle 27:  45 @   5402 d -> ok lam tank 1136.8 (+36.3) miss 12 km (4.9 s)
[08:54:20]     settle 29:  56 @   5115 d -> ok lintwin tank 1084.1 (+24.6) miss 1 km (8.1 s)
[08:54:22]     settle 33: 231 @   5461 d -> ok lintwin tank 1049.9 (+2.1) miss 86 km (7.5 s)
[08:54:23]     settle 30:  69 @   5257 d -> ok lam tank 936.1 (+15.7) miss 35 km (3.3 s)
[08:54:26]     settle 32:  26 @   5253 d -> ok lintwin tank 1048.2 (+6.3) miss 61 km (3.3 s)
[08:54:30]     settle 30:  25 @   5205 d -> ok lintwin tank 1103.5 (+19.3) miss 75 km (9.1 s)
[08:54:31]     settle 28: 149 @   5362 d -> ok lintwin tank 1083.4 (+16.3) miss 22 km (9.5 s)
[08:54:31]     settle 24: 159 @   4895 d -> ok lintwin tank 1409.2 (+449.1) miss 61 km (8.3 s)
[08:54:34]     settle 31: 261 @   5376 d -> ok lin tank 1108.1 (+4.6) miss 78 km (3.9 s)
[08:54:34]     settle 33: 231 @   5463 d -> ok lintwin tank 1054.1 (+5.8) miss 62 km (7.9 s)
[08:54:35] RESULT s09_c1: 16 columns; frontier 1fb 1 kg p0/0 | 2fb 24 kg p0/0 | 3fb 29 kg p0/0 | 4fb 36 kg p0/0; settles 23 (23 ok), regrids 16 (16 ok); wall 174 s of 300 (plan 28, price 2, settle 145; budget hit None, 0 unsettled)
[08:54:36]   job s09_c1 craft columns  16  levels 4  settles 23/23  end plan_done  wall 173.6 s
[08:54:43]     settle 25: 205 @   5048 d -> FAIL [('lam', 5620483.7)] (12.0 s)
[08:54:43]     settle 30:  25 @   5207 d -> ok lintwin tank 1103.4 (+19.3) miss 64 km (8.8 s)
[08:54:49]     settle 27: 190 @   4897 d -> ok lintwin tank 1102.2 (+67.4) miss 14 km (7.5 s)
[08:54:49]     settle  8:  77 @   4975 d -> FAIL [('lam', 29386908.8)] (51.5 s)
[08:54:51]     settle 31: 184 @   5437 d -> ok lam tank 1119.4 (+16.0) miss 1 km (7.5 s)
[08:54:53]     settle 31:  59 @   5427 d -> ok lin tank 963.4 (+27.3) miss 45 km (27.7 s)
[08:54:56]     settle 31:  26 @   5277 d -> ok lin tank 1149.7 (+19.2) miss 55 km (3.8 s)
[08:54:57]     settle 27:  10 @   5309 d -> ok lintwin tank 1015.3 (+19.7) miss 10 km (7.4 s)
[08:54:58]     settle 28:  13 @   5187 d -> ok lintwin tank 1111.5 (+9.3) miss 24 km (9.4 s)
[08:55:00]     settle 32: 221 @   5391 d -> ok lam tank 1191.4 (+41.8) miss 98 km (3.4 s)
[08:55:06]     settle 28: 194 @   5453 d -> ok lintwin tank 1025.7 (+10.5) miss 79 km (9.3 s)
[08:55:06]     settle 27: 190 @   4909 d -> ok lintwin tank 970.9 (+80.3) miss 99 km (9.9 s)
[08:55:07] RESULT s09_c0: 16 columns; frontier 1fb 2 kg p0/0 | 2fb 12 kg p0/0 | 3fb 42 kg p0/0 | 4fb 52 kg p0/0 | 5fb 126 kg p0/0; settles 21 (21 ok), regrids 16 (16 ok); wall 206 s of 300 (plan 32, price 2, settle 174; budget hit None, 0 unsettled)
[08:55:08]   job s09_c0 craft columns  16  levels 5  settles 21/21  end plan_done  wall 206.0 s
[08:55:08]     settle  8: 265 @   4877 d -> FAIL [('lam', 6011001.7)] (18.8 s)
[08:55:08]   3 candidates dropped (settle failure / regrid failure / duplicate after truncation)
[08:55:08] RESULT s09_c5: 13 columns; frontier 1fb 4 kg p0/0 | 2fb 11 kg p0/0 | 3fb 22 kg p0/0 | 4fb 178 kg p0/0 | 5fb 65 kg p0/0; settles 18 (17 ok), regrids 13 (13 ok); wall 207 s of 300 (plan 36, price 2, settle 171; budget hit None, 0 unsettled)
[08:55:10]   job s09_c5 craft columns  13  levels 5  settles 17/18  end plan_done  wall 206.9 s
[08:55:18]     settle 28: 204 @   5143 d -> ok lintwin tank 1102.0 (+15.3) miss 77 km (8.9 s)
[08:55:27]     settle 28: 262 @   5329 d -> ok lintwin tank 1112.9 (+26.1) miss 1 km (8.7 s)
[08:55:28]     settle  8:  83 @   4925 d -> FAIL [('lam', 28401431.2)] (20.5 s)
[08:55:32]     settle 28: 286 @   5062 d -> ok lam tank 931.7 (+-39.2) miss 3 km (25.8 s)
[08:55:36]     settle 29:   6 @   5109 d -> ok lam tank 958.4 (+26.8) miss 59 km (4.1 s)
[08:55:37]     settle 29: 231 @   5430 d -> ok lintwin tank 1121.0 (+8.1) miss 9 km (9.8 s)
[08:55:48]     settle 29: 231 @   5430 d -> ok lintwin tank 1125.8 (+23.8) miss 33 km (8.5 s)
[08:55:56]     settle 29: 262 @   5328 d -> ok lintwin tank 1126.0 (+24.0) miss 62 km (7.1 s)
[08:56:04]     settle 30: 128 @   5304 d -> ok lam tank 981.6 (+23.2) miss 3 km (27.7 s)
[08:56:21]     settle  8:   4 @   5031 d -> FAIL [('lam', 5129176.4)] (52.5 s)
[08:56:27]     settle 30: 231 @   5430 d -> ok lam tank 1170.9 (+44.8) miss 7 km (30.4 s)
[08:56:31] RESULT s09_c6: 16 columns; frontier 1fb 26 kg p0/0 | 2fb 44 kg p0/0 | 3fb 86 kg p0/0 | 4fb 128 kg p0/0; settles 18 (18 ok), regrids 16 (16 ok); wall 290 s of 300 (plan 25, price 2, settle 264; budget hit None, 0 unsettled)
[08:56:32]   job s09_c6 craft columns  16  levels 4  settles 18/18  end plan_done  wall 290.0 s
[08:56:41]     settle 31:  59 @   5431 d -> ok lam tank 1010.7 (+29.1) miss 2 km (36.6 s)
[08:56:41]   budget reached before the regrid of column 14: 2 candidates not emitted
[08:56:41] RESULT s09_c3: 14 columns; frontier 1fb 8 kg p0/0 | 2fb 13 kg p0/0 | 3fb 13 kg p0/0 | 4fb 36 kg p0/0 | 5fb 75 kg p0/0; settles 22 (22 ok), regrids 14 (14 ok); wall 300 s of 300 (plan 30, price 2, settle 270; budget hit job_wall, 2 unsettled)
[08:56:41]     settle  8:  26 @   5239 d -> FAIL [('lam', 'TimeoutError')] (20.2 s)
[08:56:41]   budget reached (job_wall: settle 272 s of 480, 0 s of the job left): 7 candidates not settled
[08:56:41]   9 candidates dropped (settle failure / regrid failure / duplicate after truncation)
[08:56:41] RESULT s09_c7: 0 columns; frontier ; settles 12 (0 ok), regrids 0 (0 ok); wall 300 s of 300 (plan 28, price 1, settle 272; budget hit job_wall, 7 unsettled)
[08:56:42]   job s09_c3 craft columns  14  levels 5  settles 22/22  end plan_done  wall 299.6 s
[08:56:42]   job s09_c7 craft columns   0  levels 4  settles 0/12  end plan_done  wall 300.1 s
[08:56:42] [slice 9] propose: 91 columns (0 bad dropped) in 300.8 s
[08:56:42] [slice 9] auction: 91 columns, kept 49, dropped {'fuel': 42}; lam 0.45 H_eff 617 d fuel budget 551 kg quota OFF
[08:56:42] [slice 9] auction: status optimal objective 43.895 vars 49 rows 26 chosen 6 fuel 245/551 kg (0.028 s)
[08:56:44] [slice 9] fuel dual: lam 0.450 -> 0.360 (chosen 246 / budget 551 kg, ramp drops 0 of 49)
[08:56:44] [slice 9 T=4860 d] launched 8/8  covered 201  remaining 97  fuel 3196 kg  sumJi 10.9580  chosen: c0:2(+12) c1:4(+36) c2:1(+31) c3:5(+75) c5:5(+65) c6:1(+26)  rejected: -  (wall 303 s)
[08:56:44] stop: horizon at T=5477 d (slice 10)
[08:56:44] finalize: fleet/ 8 routes  covered 201  misses 97  fuel 3196 kg  sumJi 10.9580  J 109.9580  honest True
[08:56:44] p2_count: slice 10 phase propose T=5477 d  launched 8/8  covered 201  remaining 97  fuel 3196 kg  sumJi 10.9580  done True (horizon)
