304589 columns; recosting 1665 with >= 35 targets on 8 procs
[    1/1665] col 203345 n 38: planner 1.166 (fuel 357) -> twin tank 819.6 J_i 1.181 dv 12.13 (0.319/flyby) lag 1.00 d  5 s  [0.1 min]
[    2/1665] col 203342 n 38: planner 1.166 (fuel 357) -> twin tank 824.0 J_i 1.186 dv 12.35 (0.325/flyby) lag 1.00 d  5 s  [0.1 min]
[    3/1665] col 203357 n 38: planner 1.166 (fuel 358) -> twin tank 822.6 J_i 1.184 dv 12.28 (0.323/flyby) lag 1.00 d  5 s  [0.2 min]
[    4/1665] col 203356 n 38: planner 1.166 (fuel 358) -> twin tank 821.4 J_i 1.183 dv 12.22 (0.322/flyby) lag 1.00 d  5 s  [0.2 min]
[    5/1665] col 203351 n 38: planner 1.164 (fuel 354) -> twin tank 823.7 J_i 1.185 dv 12.33 (0.324/flyby) lag 1.00 d  12 s  [0.2 min]
[    6/1665] col 203355 n 38: planner 1.166 (fuel 357) -> twin tank 825.1 J_i 1.187 dv 12.40 (0.326/flyby) lag 1.00 d  13 s  [0.2 min]
[    7/1665] col 203343 n 38: planner 1.162 (fuel 352) -> twin tank 827.2 J_i 1.189 dv 12.50 (0.329/flyby) lag 1.00 d  15 s  [0.2 min]
[    8/1665] col 203353 n 38: planner 1.165 (fuel 356) -> twin tank 825.4 J_i 1.187 dv 12.41 (0.327/flyby) lag 1.00 d  15 s  [0.3 min]
[    9/1665] col 203359 n 38: planner 1.166 (fuel 357) -> twin tank 833.2 J_i 1.194 dv 12.78 (0.336/flyby) lag 1.00 d  16 s  [0.3 min]
[   10/1665] col 203360 n 38: planner 1.167 (fuel 359) -> twin tank 836.1 J_i 1.197 dv 12.92 (0.340/flyby) lag 1.00 d  12 s  [0.4 min]
[   11/1665] col 203344 n 38: planner 1.167 (fuel 359) -> twin tank 825.2 J_i 1.187 dv 12.40 (0.326/flyby) lag 1.00 d  7 s  [0.4 min]
[   12/1665] col 203352 n 38: planner 1.167 (fuel 359) -> twin tank 835.4 J_i 1.196 dv 12.89 (0.339/flyby) lag 1.00 d  15 s  [0.4 min]
[   13/1665] col 203358 n 38: planner 1.167 (fuel 359) -> twin tank 836.3 J_i 1.197 dv 12.93 (0.340/flyby) lag 1.00 d  15 s  [0.5 min]
[   14/1665] col 203354 n 38: planner 1.167 (fuel 359) -> twin tank 835.9 J_i 1.197 dv 12.91 (0.340/flyby) lag 1.00 d  14 s  [0.5 min]
[   15/1665] col 203347 n 38: planner 1.167 (fuel 359) -> twin tank 843.0 J_i 1.204 dv 13.24 (0.348/flyby) lag 1.00 d  16 s  [0.5 min]
[   16/1665] col 203348 n 38: planner 1.167 (fuel 360) -> twin tank 841.0 J_i 1.202 dv 13.15 (0.346/flyby) lag 1.00 d  16 s  [0.5 min]
[   17/1665] col 203346 n 38: planner 1.166 (fuel 357) -> twin tank 842.9 J_i 1.204 dv 13.23 (0.348/flyby) lag 0.25 d  32 s  [0.5 min]
[   18/1665] col 203350 n 38: planner 1.168 (fuel 360) -> twin tank 842.5 J_i 1.203 dv 13.22 (0.348/flyby) lag 1.00 d  13 s  [0.6 min]
[   19/1665] col 203349 n 38: planner 1.167 (fuel 360) -> twin tank 837.1 J_i 1.198 dv 12.97 (0.341/flyby) lag 1.00 d  15 s  [0.6 min]
[   20/1665] col 203112 n 37: planner 1.156 (fuel 343) -> twin tank 806.9 J_i 1.170 dv 11.52 (0.311/flyby) lag 1.00 d  15 s  [0.7 min]
[   21/1665] col 203106 n 37: planner 1.157 (fuel 344) -> twin tank 834.3 J_i 1.195 dv 12.83 (0.347/flyby) lag 1.00 d  15 s  [0.7 min]
[   22/1665] col 203100 n 37: planner 1.157 (fuel 344) -> twin tank 813.3 J_i 1.176 dv 11.83 (0.320/flyby) lag 1.00 d  15 s  [0.7 min]
[   23/1665] col 203187 n 37: planner 1.157 (fuel 344) -> twin tank 828.9 J_i 1.190 dv 12.58 (0.340/flyby) lag 1.00 d  15 s  [0.8 min]
[   24/1665] col 203149 n 37: planner 1.158 (fuel 345) -> twin tank 820.7 J_i 1.183 dv 12.19 (0.329/flyby) lag 1.00 d  15 s  [0.8 min]
[   25/1665] col 203038 n 37: planner 1.158 (fuel 345) -> twin tank 814.0 J_i 1.176 dv 11.87 (0.321/flyby) lag 1.00 d  15 s  [0.8 min]
[   26/1665] col 203129 n 37: planner 1.158 (fuel 346) -> twin tank 809.5 J_i 1.172 dv 11.65 (0.315/flyby) lag 1.00 d  13 s  [0.8 min]
[   27/1665] col 203123 n 37: planner 1.158 (fuel 346) -> twin tank 810.1 J_i 1.173 dv 11.68 (0.316/flyby) lag 1.00 d  15 s  [0.9 min]
[   28/1665] col 203061 n 37: planner 1.158 (fuel 346) -> twin tank 816.8 J_i 1.179 dv 12.00 (0.324/flyby) lag 1.00 d  14 s  [0.9 min]
[   29/1665] col 203126 n 37: planner 1.159 (fuel 348) -> twin tank 811.2 J_i 1.174 dv 11.73 (0.317/flyby) lag 1.00 d  6 s  [0.9 min]
[   30/1665] col 203119 n 37: planner 1.159 (fuel 347) -> twin tank 840.8 J_i 1.202 dv 13.14 (0.355/flyby) lag 1.00 d  12 s  [0.9 min]
[   31/1665] col 203131 n 37: planner 1.159 (fuel 347) -> twin tank 1123.0 J_i 1.513 dv 24.49 (0.662/flyby) lag 1.00 d  16 s  [1.0 min]
[   32/1665] col 203041 n 37: planner 1.159 (fuel 348) -> twin tank 813.3 J_i 1.176 dv 11.84 (0.320/flyby) lag 1.00 d  7 s  [1.0 min]
[   33/1665] col 203139 n 37: planner 1.159 (fuel 347) -> twin tank 815.0 J_i 1.177 dv 11.92 (0.322/flyby) lag 1.00 d  14 s  [1.0 min]
[   34/1665] col 203121 n 37: planner 1.159 (fuel 347) -> twin tank 938.2 J_i 1.300 dv 17.44 (0.471/flyby) lag 1.00 d  16 s  [1.0 min]
[   35/1665] col 203165 n 37: planner 1.159 (fuel 347) -> twin tank 813.5 J_i 1.176 dv 11.84 (0.320/flyby) lag 1.00 d  15 s  [1.0 min]
[   36/1665] col 203042 n 37: planner 1.160 (fuel 348) -> twin tank 814.3 J_i 1.177 dv 11.88 (0.321/flyby) lag 1.00 d  8 s  [1.0 min]
[   37/1665] col 203147 n 37: planner 1.159 (fuel 348) -> twin tank 813.3 J_i 1.176 dv 11.83 (0.320/flyby) lag 1.00 d  14 s  [1.1 min]
[   38/1665] col 203179 n 37: planner 1.159 (fuel 348) -> twin tank 824.7 J_i 1.186 dv 12.38 (0.335/flyby) lag 1.00 d  15 s  [1.1 min]
[   39/1665] col 203145 n 37: planner 1.160 (fuel 348) -> twin tank 822.1 J_i 1.184 dv 12.26 (0.331/flyby) lag 1.00 d  14 s  [1.2 min]
[   40/1665] col 203136 n 37: planner 1.160 (fuel 348) -> twin tank 819.3 J_i 1.181 dv 12.12 (0.328/flyby) lag 1.00 d  13 s  [1.2 min]
[   41/1665] col 203178 n 37: planner 1.160 (fuel 348) -> twin tank 837.4 J_i 1.198 dv 12.98 (0.351/flyby) lag 1.00 d  15 s  [1.2 min]
[   42/1665] col 203215 n 37: planner 1.160 (fuel 349) -> twin tank 812.7 J_i 1.175 dv 11.81 (0.319/flyby) lag 1.00 d  14 s  [1.3 min]
[   43/1665] col 203132 n 37: planner 1.160 (fuel 349) -> twin tank 834.8 J_i 1.196 dv 12.86 (0.347/flyby) lag 1.00 d  15 s  [1.3 min]
[   44/1665] col 203046 n 37: planner 1.160 (fuel 349) -> twin tank 829.8 J_i 1.191 dv 12.62 (0.341/flyby) lag 1.00 d  15 s  [1.3 min]
[   45/1665] col 203128 n 37: planner 1.161 (fuel 350) -> twin tank 817.8 J_i 1.180 dv 12.05 (0.326/flyby) lag 1.00 d  5 s  [1.3 min]
[   46/1665] col 203235 n 37: planner 1.160 (fuel 349) -> twin tank 811.3 J_i 1.174 dv 11.74 (0.317/flyby) lag 1.00 d  13 s  [1.4 min]
[   47/1665] col 203143 n 37: planner 1.160 (fuel 349) -> twin tank 802.4 J_i 1.165 dv 11.30 (0.305/flyby) lag 1.00 d  13 s  [1.4 min]
[   48/1665] col 203116 n 37: planner 1.161 (fuel 350) -> twin tank 813.5 J_i 1.176 dv 11.84 (0.320/flyby) lag 1.00 d  13 s  [1.5 min]
[   49/1665] col 203194 n 37: planner 1.160 (fuel 349) -> twin tank 817.0 J_i 1.179 dv 12.01 (0.325/flyby) lag 1.00 d  15 s  [1.5 min]
[   50/1665] col 203044 n 37: planner 1.161 (fuel 350) -> twin tank 821.2 J_i 1.183 dv 12.21 (0.330/flyby) lag 1.00 d  12 s  [1.5 min]
[   51/1665] col 203039 n 37: planner 1.161 (fuel 350) -> twin tank 828.9 J_i 1.190 dv 12.58 (0.340/flyby) lag 1.00 d  15 s  [1.5 min]
[   52/1665] col 203127 n 37: planner 1.161 (fuel 350) -> twin tank 821.7 J_i 1.183 dv 12.24 (0.331/flyby) lag 1.00 d  8 s  [1.5 min]
[   53/1665] col 203045 n 37: planner 1.161 (fuel 350) -> twin tank 818.7 J_i 1.181 dv 12.09 (0.327/flyby) lag 1.00 d  14 s  [1.5 min]
[   54/1665] col 203140 n 37: planner 1.161 (fuel 350) -> twin tank 821.8 J_i 1.184 dv 12.24 (0.331/flyby) lag 1.00 d  14 s  [1.6 min]
[   55/1665] col 203162 n 37: planner 1.161 (fuel 350) -> twin tank 1048.8 J_i 1.423 dv 21.81 (0.589/flyby) lag 1.00 d  15 s  [1.6 min]
[   56/1665] col 203190 n 37: planner 1.161 (fuel 350) -> twin tank 801.2 J_i 1.164 dv 11.25 (0.304/flyby) lag 1.00 d  13 s  [1.7 min]
[   57/1665] col 203138 n 37: planner 1.161 (fuel 350) -> twin tank 821.3 J_i 1.183 dv 12.22 (0.330/flyby) lag 1.00 d  15 s  [1.7 min]
[   58/1665] col 203144 n 37: planner 1.161 (fuel 351) -> twin tank 823.0 J_i 1.185 dv 12.30 (0.332/flyby) lag 1.00 d  15 s  [1.7 min]
[   59/1665] col 203040 n 37: planner 1.161 (fuel 351) -> twin tank 829.2 J_i 1.191 dv 12.59 (0.340/flyby) lag 1.00 d  15 s  [1.7 min]
[   60/1665] col 203120 n 37: planner 1.161 (fuel 351) -> twin tank 813.8 J_i 1.176 dv 11.86 (0.321/flyby) lag 1.00 d  15 s  [1.8 min]
[   61/1665] col 203157 n 37: planner 1.161 (fuel 351) -> twin tank 821.7 J_i 1.183 dv 12.24 (0.331/flyby) lag 1.00 d  12 s  [1.8 min]
[   62/1665] col 203028 n 37: planner 1.162 (fuel 351) -> twin tank 823.0 J_i 1.185 dv 12.30 (0.332/flyby) lag 1.00 d  11 s  [1.8 min]
[   63/1665] col 203065 n 37: planner 1.162 (fuel 351) -> twin tank 812.5 J_i 1.175 dv 11.79 (0.319/flyby) lag 1.00 d  13 s  [1.9 min]
[   64/1665] col 203257 n 37: planner 1.162 (fuel 351) -> twin tank 812.2 J_i 1.175 dv 11.78 (0.318/flyby) lag 1.00 d  15 s  [2.0 min]
[   65/1665] col 203264 n 37: planner 1.162 (fuel 351) -> twin tank 808.2 J_i 1.171 dv 11.59 (0.313/flyby) lag 1.00 d  15 s  [2.0 min]
[   66/1665] col 203150 n 37: planner 1.161 (fuel 351) -> twin tank 816.7 J_i 1.179 dv 12.00 (0.324/flyby) lag 0.25 d  31 s  [2.0 min]
[   67/1665] col 203148 n 37: planner 1.162 (fuel 351) -> twin tank 812.1 J_i 1.174 dv 11.78 (0.318/flyby) lag 1.00 d  14 s  [2.0 min]
[   68/1665] col 203153 n 37: planner 1.162 (fuel 351) -> twin tank 816.0 J_i 1.178 dv 11.96 (0.323/flyby) lag 1.00 d  15 s  [2.0 min]
[   69/1665] col 203198 n 37: planner 1.162 (fuel 351) -> twin tank 812.2 J_i 1.175 dv 11.78 (0.318/flyby) lag 1.00 d  15 s  [2.0 min]
[   70/1665] col 203171 n 37: planner 1.162 (fuel 351) -> twin tank 812.7 J_i 1.175 dv 11.80 (0.319/flyby) lag 1.00 d  14 s  [2.1 min]
[   71/1665] col 203238 n 37: planner 1.162 (fuel 352) -> twin tank 817.1 J_i 1.179 dv 12.02 (0.325/flyby) lag 1.00 d  12 s  [2.2 min]
[   72/1665] col 203118 n 37: planner 1.162 (fuel 352) -> twin tank 811.7 J_i 1.174 dv 11.76 (0.318/flyby) lag 1.00 d  14 s  [2.2 min]
[   73/1665] col 203164 n 37: planner 1.162 (fuel 352) -> twin tank 839.0 J_i 1.200 dv 13.05 (0.353/flyby) lag 1.00 d  15 s  [2.2 min]
[   74/1665] col 203159 n 37: planner 1.162 (fuel 352) -> twin tank 829.9 J_i 1.191 dv 12.63 (0.341/flyby) lag 1.00 d  14 s  [2.2 min]
[   75/1665] col 203299 n 37: planner 1.162 (fuel 352) -> twin tank 829.0 J_i 1.190 dv 12.58 (0.340/flyby) lag 1.00 d  15 s  [2.2 min]
[   76/1665] col 203181 n 37: planner 1.162 (fuel 352) -> twin tank 815.0 J_i 1.177 dv 11.91 (0.322/flyby) lag 1.00 d  13 s  [2.2 min]
[   77/1665] col 262192 n 37: planner 1.162 (fuel 351) -> twin tank 818.3 J_i 1.180 dv 12.08 (0.326/flyby) lag 1.00 d  28 s  [2.3 min]
[   78/1665] col 203224 n 37: planner 1.162 (fuel 352) -> twin tank 802.2 J_i 1.165 dv 11.29 (0.305/flyby) lag 1.00 d  12 s  [2.3 min]
[   79/1665] col 203060 n 37: planner 1.162 (fuel 352) -> twin tank 818.1 J_i 1.180 dv 12.07 (0.326/flyby) lag 1.00 d  7 s  [2.4 min]
[   80/1665] col 203193 n 37: planner 1.162 (fuel 352) -> twin tank 816.9 J_i 1.179 dv 12.01 (0.324/flyby) lag 1.00 d  8 s  [2.4 min]
[   81/1665] col 203172 n 37: planner 1.162 (fuel 352) -> twin tank 812.1 J_i 1.174 dv 11.78 (0.318/flyby) lag 1.00 d  14 s  [2.4 min]
[   82/1665] col 203274 n 37: planner 1.162 (fuel 352) -> twin tank 815.3 J_i 1.177 dv 11.93 (0.322/flyby) lag 1.00 d  15 s  [2.4 min]
[   83/1665] col 203160 n 37: planner 1.162 (fuel 352) -> twin tank 828.5 J_i 1.190 dv 12.56 (0.339/flyby) lag 1.00 d  11 s  [2.5 min]
[   84/1665] col 203155 n 37: planner 1.162 (fuel 352) -> twin tank 821.3 J_i 1.183 dv 12.22 (0.330/flyby) lag 1.00 d  15 s  [2.5 min]
[   85/1665] col 203158 n 37: planner 1.162 (fuel 352) -> twin tank 816.2 J_i 1.178 dv 11.97 (0.324/flyby) lag 1.00 d  15 s  [2.5 min]
[   86/1665] col 203287 n 37: planner 1.162 (fuel 352) -> twin tank 803.6 J_i 1.167 dv 11.36 (0.307/flyby) lag 1.00 d  13 s  [2.5 min]
[   87/1665] col 203054 n 37: planner 1.163 (fuel 352) -> twin tank 818.3 J_i 1.180 dv 12.07 (0.326/flyby) lag 1.00 d  14 s  [2.6 min]
[   88/1665] col 203223 n 37: planner 1.163 (fuel 353) -> twin tank 802.2 J_i 1.165 dv 11.29 (0.305/flyby) lag 1.00 d  9 s  [2.6 min]
[   89/1665] col 203185 n 37: planner 1.163 (fuel 353) -> twin tank 813.6 J_i 1.176 dv 11.85 (0.320/flyby) lag 1.00 d  15 s  [2.6 min]
[   90/1665] col 203027 n 37: planner 1.163 (fuel 353) -> twin tank 837.8 J_i 1.199 dv 13.00 (0.351/flyby) lag 1.00 d  14 s  [2.7 min]
[   91/1665] col 203169 n 37: planner 1.163 (fuel 353) -> twin tank 826.5 J_i 1.188 dv 12.46 (0.337/flyby) lag 1.00 d  14 s  [2.7 min]
[   92/1665] col 203237 n 37: planner 1.163 (fuel 353) -> twin tank 809.0 J_i 1.172 dv 11.63 (0.314/flyby) lag 1.00 d  15 s  [2.7 min]
[   93/1665] col 203122 n 37: planner 1.163 (fuel 353) -> twin tank 834.2 J_i 1.195 dv 12.83 (0.347/flyby) lag 1.00 d  14 s  [2.7 min]
[   94/1665] col 203072 n 37: planner 1.163 (fuel 353) -> twin tank 825.2 J_i 1.187 dv 12.40 (0.335/flyby) lag 1.00 d  13 s  [2.8 min]
[   95/1665] col 203250 n 37: planner 1.163 (fuel 353) -> twin tank 819.7 J_i 1.182 dv 12.14 (0.328/flyby) lag 1.00 d  14 s  [2.8 min]
[   96/1665] col 203302 n 37: planner 1.163 (fuel 353) -> twin tank 816.9 J_i 1.179 dv 12.01 (0.324/flyby) lag 1.00 d  14 s  [2.8 min]
[   97/1665] col 203192 n 37: planner 1.163 (fuel 353) -> twin tank 815.0 J_i 1.177 dv 11.92 (0.322/flyby) lag 1.00 d  10 s  [2.8 min]
[   98/1665] col 203174 n 37: planner 1.163 (fuel 353) -> twin tank 832.4 J_i 1.194 dv 12.74 (0.344/flyby) lag 1.00 d  16 s  [2.9 min]
[   99/1665] col 203210 n 37: planner 1.163 (fuel 354) -> twin tank 817.7 J_i 1.180 dv 12.04 (0.326/flyby) lag 1.00 d  14 s  [2.9 min]
[  100/1665] col 203088 n 37: planner 1.163 (fuel 353) -> twin tank 836.1 J_i 1.197 dv 12.92 (0.349/flyby) lag 1.00 d  16 s  [3.0 min]
[  101/1665] col 203267 n 37: planner 1.163 (fuel 354) -> twin tank 817.0 J_i 1.179 dv 12.01 (0.325/flyby) lag 1.00 d  16 s  [3.0 min]
[  102/1665] col 203168 n 37: planner 1.163 (fuel 354) -> twin tank 812.9 J_i 1.175 dv 11.81 (0.319/flyby) lag 1.00 d  15 s  [3.0 min]
[  103/1665] col 203156 n 37: planner 1.163 (fuel 354) -> twin tank 824.4 J_i 1.186 dv 12.37 (0.334/flyby) lag 1.00 d  14 s  [3.1 min]
[  104/1665] col 203247 n 37: planner 1.163 (fuel 354) -> twin tank 830.9 J_i 1.192 dv 12.67 (0.343/flyby) lag 1.00 d  15 s  [3.1 min]
[  105/1665] col 203232 n 37: planner 1.163 (fuel 354) -> twin tank 817.7 J_i 1.180 dv 12.05 (0.326/flyby) lag 1.00 d  14 s  [3.1 min]
[  106/1665] col 203202 n 37: planner 1.163 (fuel 354) -> twin tank 813.7 J_i 1.176 dv 11.85 (0.320/flyby) lag 1.00 d  14 s  [3.1 min]
[  107/1665] col 203201 n 37: planner 1.163 (fuel 354) -> twin tank 816.0 J_i 1.178 dv 11.96 (0.323/flyby) lag 1.00 d  14 s  [3.2 min]
[  108/1665] col 203207 n 37: planner 1.163 (fuel 354) -> twin tank 820.5 J_i 1.182 dv 12.18 (0.329/flyby) lag 1.00 d  15 s  [3.2 min]
[  109/1665] col 203062 n 37: planner 1.163 (fuel 354) -> twin tank 824.9 J_i 1.186 dv 12.39 (0.335/flyby) lag 1.00 d  15 s  [3.2 min]
[  110/1665] col 203117 n 37: planner 1.164 (fuel 354) -> twin tank 839.1 J_i 1.200 dv 13.06 (0.353/flyby) lag 1.00 d  15 s  [3.3 min]
[  111/1665] col 203266 n 37: planner 1.164 (fuel 354) -> twin tank 815.8 J_i 1.178 dv 11.95 (0.323/flyby) lag 1.00 d  13 s  [3.3 min]
[  112/1665] col 203310 n 37: planner 1.164 (fuel 354) -> twin tank 813.9 J_i 1.176 dv 11.86 (0.321/flyby) lag 1.00 d  13 s  [3.3 min]
[  113/1665] col 203109 n 37: planner 1.164 (fuel 354) -> twin tank 805.8 J_i 1.169 dv 11.47 (0.310/flyby) lag 1.00 d  14 s  [3.3 min]
[  114/1665] col 203176 n 37: planner 1.164 (fuel 354) -> twin tank 817.7 J_i 1.180 dv 12.04 (0.326/flyby) lag 1.00 d  14 s  [3.3 min]
[  115/1665] col 203196 n 37: planner 1.164 (fuel 354) -> twin tank 827.4 J_i 1.189 dv 12.51 (0.338/flyby) lag 1.00 d  12 s  [3.4 min]
[  116/1665] col 203195 n 37: planner 1.164 (fuel 354) -> twin tank 810.7 J_i 1.173 dv 11.71 (0.316/flyby) lag 1.00 d  14 s  [3.4 min]
[  117/1665] col 203226 n 37: planner 1.164 (fuel 355) -> twin tank 822.4 J_i 1.184 dv 12.27 (0.332/flyby) lag 1.00 d  12 s  [3.5 min]
[  118/1665] col 203047 n 37: planner 1.164 (fuel 354) -> twin tank 809.6 J_i 1.172 dv 11.65 (0.315/flyby) lag 1.00 d  14 s  [3.5 min]
[  119/1665] col 203069 n 37: planner 1.164 (fuel 355) -> twin tank 820.6 J_i 1.182 dv 12.18 (0.329/flyby) lag 1.00 d  14 s  [3.5 min]
[  120/1665] col 203068 n 37: planner 1.164 (fuel 355) -> twin tank 825.2 J_i 1.187 dv 12.40 (0.335/flyby) lag 1.00 d  14 s  [3.5 min]
[  121/1665] col 203269 n 37: planner 1.164 (fuel 355) -> twin tank 812.9 J_i 1.175 dv 11.81 (0.319/flyby) lag 1.00 d  15 s  [3.6 min]
[  122/1665] col 203154 n 37: planner 1.164 (fuel 355) -> twin tank 825.7 J_i 1.187 dv 12.43 (0.336/flyby) lag 1.00 d  15 s  [3.6 min]
[  123/1665] col 203229 n 37: planner 1.164 (fuel 355) -> twin tank 831.6 J_i 1.193 dv 12.71 (0.343/flyby) lag 1.00 d  14 s  [3.6 min]
[  124/1665] col 203230 n 37: planner 1.164 (fuel 355) -> twin tank 806.2 J_i 1.169 dv 11.49 (0.311/flyby) lag 1.00 d  14 s  [3.6 min]
[  125/1665] col 203258 n 37: planner 1.164 (fuel 355) -> twin tank 827.0 J_i 1.188 dv 12.49 (0.338/flyby) lag 1.00 d  15 s  [3.7 min]
[  126/1665] col 203324 n 37: planner 1.164 (fuel 355) -> twin tank 826.9 J_i 1.188 dv 12.48 (0.337/flyby) lag 1.00 d  15 s  [3.7 min]
[  127/1665] col 203199 n 37: planner 1.164 (fuel 355) -> twin tank 821.9 J_i 1.184 dv 12.25 (0.331/flyby) lag 1.00 d  15 s  [3.7 min]
[  128/1665] col 203231 n 37: planner 1.164 (fuel 355) -> twin tank 807.6 J_i 1.170 dv 11.56 (0.312/flyby) lag 1.00 d  11 s  [3.8 min]
[  129/1665] col 203285 n 37: planner 1.164 (fuel 355) -> twin tank 819.8 J_i 1.182 dv 12.15 (0.328/flyby) lag 1.00 d  15 s  [3.8 min]
[  130/1665] col 203188 n 37: planner 1.164 (fuel 355) -> twin tank 836.8 J_i 1.198 dv 12.95 (0.350/flyby) lag 1.00 d  16 s  [3.8 min]
[  131/1665] col 203323 n 37: planner 1.164 (fuel 355) -> twin tank 832.9 J_i 1.194 dv 12.77 (0.345/flyby) lag 1.00 d  13 s  [3.9 min]
[  132/1665] col 203052 n 37: planner 1.164 (fuel 355) -> twin tank 820.0 J_i 1.182 dv 12.16 (0.329/flyby) lag 1.00 d  6 s  [3.9 min]
[  133/1665] col 203279 n 37: planner 1.164 (fuel 355) -> twin tank 833.2 J_i 1.194 dv 12.78 (0.345/flyby) lag 1.00 d  15 s  [3.9 min]
[  134/1665] col 203184 n 37: planner 1.164 (fuel 355) -> twin tank 818.4 J_i 1.180 dv 12.08 (0.326/flyby) lag 1.00 d  15 s  [4.0 min]
[  135/1665] col 203277 n 37: planner 1.164 (fuel 355) -> twin tank 813.6 J_i 1.176 dv 11.85 (0.320/flyby) lag 1.00 d  15 s  [4.0 min]
[  136/1665] col 203191 n 37: planner 1.164 (fuel 355) -> twin tank 831.0 J_i 1.192 dv 12.68 (0.343/flyby) lag 1.00 d  15 s  [4.0 min]
[  137/1665] col 203256 n 37: planner 1.164 (fuel 355) -> twin tank 820.7 J_i 1.183 dv 12.19 (0.329/flyby) lag 1.00 d  13 s  [4.1 min]
[  138/1665] col 203291 n 37: planner 1.164 (fuel 355) -> twin tank 835.4 J_i 1.196 dv 12.89 (0.348/flyby) lag 1.00 d  15 s  [4.1 min]
[  139/1665] col 203051 n 37: planner 1.164 (fuel 355) -> twin tank 843.1 J_i 1.204 dv 13.25 (0.358/flyby) lag 1.00 d  14 s  [4.1 min]
[  140/1665] col 203107 n 37: planner 1.164 (fuel 355) -> twin tank 832.0 J_i 1.193 dv 12.72 (0.344/flyby) lag 1.00 d  15 s  [4.1 min]
[  141/1665] col 203208 n 37: planner 1.164 (fuel 355) -> twin tank 802.0 J_i 1.165 dv 11.28 (0.305/flyby) lag 1.00 d  14 s  [4.2 min]
[  142/1665] col 203288 n 37: planner 1.164 (fuel 355) -> twin tank 824.3 J_i 1.186 dv 12.36 (0.334/flyby) lag 1.00 d  16 s  [4.2 min]
[  143/1665] col 203108 n 37: planner 1.164 (fuel 355) -> twin tank 836.1 J_i 1.197 dv 12.92 (0.349/flyby) lag 1.00 d  16 s  [4.3 min]
[  144/1665] col 203189 n 37: planner 1.164 (fuel 355) -> twin tank 832.4 J_i 1.194 dv 12.75 (0.344/flyby) lag 1.00 d  18 s  [4.4 min]
[  145/1665] col 203110 n 37: planner 1.164 (fuel 355) -> twin tank 867.9 J_i 1.228 dv 14.38 (0.389/flyby) lag 1.00 d  17 s  [4.4 min]
[  146/1665] col 203135 n 37: planner 1.164 (fuel 355) -> twin tank 835.0 J_i 1.196 dv 12.87 (0.348/flyby) lag 1.00 d  18 s  [4.4 min]
[  147/1665] col 203036 n 37: planner 1.164 (fuel 355) -> twin tank 814.6 J_i 1.177 dv 11.90 (0.322/flyby) lag 1.00 d  18 s  [4.4 min]
[  148/1665] col 203311 n 37: planner 1.165 (fuel 355) -> twin tank 816.9 J_i 1.179 dv 12.00 (0.324/flyby) lag 1.00 d  14 s  [4.4 min]
[  149/1665] col 203133 n 37: planner 1.165 (fuel 355) -> twin tank 819.0 J_i 1.181 dv 12.11 (0.327/flyby) lag 1.00 d  15 s  [4.5 min]
[  150/1665] col 203212 n 37: planner 1.165 (fuel 355) -> twin tank 826.8 J_i 1.188 dv 12.48 (0.337/flyby) lag 1.00 d  15 s  [4.5 min]
[  151/1665] col 203206 n 37: planner 1.165 (fuel 355) -> twin tank 827.6 J_i 1.189 dv 12.51 (0.338/flyby) lag 1.00 d  14 s  [4.6 min]
[  152/1665] col 203239 n 37: planner 1.164 (fuel 355) -> twin tank 833.9 J_i 1.195 dv 12.81 (0.346/flyby) lag 0.25 d  52 s  [4.6 min]
[  153/1665] col 203216 n 37: planner 1.165 (fuel 356) -> twin tank 825.2 J_i 1.187 dv 12.40 (0.335/flyby) lag 1.00 d  14 s  [4.6 min]
[  154/1665] col 203183 n 37: planner 1.165 (fuel 356) -> twin tank 834.5 J_i 1.196 dv 12.84 (0.347/flyby) lag 1.00 d  15 s  [4.6 min]
[  155/1665] col 203053 n 37: planner 1.165 (fuel 356) -> twin tank 827.1 J_i 1.189 dv 12.50 (0.338/flyby) lag 1.00 d  15 s  [4.7 min]
[  156/1665] col 203037 n 37: planner 1.165 (fuel 356) -> twin tank 806.9 J_i 1.170 dv 11.52 (0.311/flyby) lag 1.00 d  15 s  [4.7 min]
[  157/1665] col 203087 n 37: planner 1.165 (fuel 356) -> twin tank 828.7 J_i 1.190 dv 12.57 (0.340/flyby) lag 1.00 d  15 s  [4.8 min]
[  158/1665] col 203209 n 37: planner 1.165 (fuel 356) -> twin tank 816.3 J_i 1.178 dv 11.98 (0.324/flyby) lag 1.00 d  6 s  [4.8 min]
[  159/1665] col 203200 n 37: planner 1.165 (fuel 356) -> twin tank 823.3 J_i 1.185 dv 12.31 (0.333/flyby) lag 1.00 d  15 s  [4.9 min]
[  160/1665] col 203180 n 37: planner 1.165 (fuel 356) -> twin tank 824.7 J_i 1.186 dv 12.38 (0.335/flyby) lag 1.00 d  15 s  [4.9 min]
[  161/1665] col 203173 n 37: planner 1.165 (fuel 356) -> twin tank 827.6 J_i 1.189 dv 12.52 (0.338/flyby) lag 1.00 d  15 s  [4.9 min]
[  162/1665] col 203175 n 37: planner 1.165 (fuel 356) -> twin tank 825.8 J_i 1.187 dv 12.43 (0.336/flyby) lag 1.00 d  15 s  [4.9 min]
[  163/1665] col 203055 n 37: planner 1.165 (fuel 356) -> twin tank 829.6 J_i 1.191 dv 12.61 (0.341/flyby) lag 1.00 d  15 s  [4.9 min]
[  164/1665] col 203050 n 37: planner 1.165 (fuel 356) -> twin tank 820.5 J_i 1.182 dv 12.18 (0.329/flyby) lag 1.00 d  5 s  [5.0 min]
[  165/1665] col 203080 n 37: planner 1.165 (fuel 356) -> twin tank 826.6 J_i 1.188 dv 12.47 (0.337/flyby) lag 1.00 d  15 s  [5.0 min]
[  166/1665] col 203043 n 37: planner 1.165 (fuel 356) -> twin tank 805.9 J_i 1.169 dv 11.48 (0.310/flyby) lag 1.00 d  14 s  [5.1 min]
[  167/1665] col 203092 n 37: planner 1.165 (fuel 356) -> twin tank 834.8 J_i 1.196 dv 12.86 (0.348/flyby) lag 1.00 d  14 s  [5.1 min]
[  168/1665] col 203298 n 37: planner 1.165 (fuel 356) -> twin tank 827.6 J_i 1.189 dv 12.52 (0.338/flyby) lag 1.00 d  16 s  [5.1 min]
[  169/1665] col 203056 n 37: planner 1.165 (fuel 356) -> twin tank 830.3 J_i 1.192 dv 12.64 (0.342/flyby) lag 1.00 d  16 s  [5.1 min]
[  170/1665] col 203161 n 37: planner 1.165 (fuel 356) -> twin tank 815.6 J_i 1.178 dv 11.95 (0.323/flyby) lag 1.00 d  14 s  [5.2 min]
[  171/1665] col 203177 n 37: planner 1.165 (fuel 356) -> twin tank 827.4 J_i 1.189 dv 12.51 (0.338/flyby) lag 1.00 d  16 s  [5.2 min]
[  172/1665] col 203137 n 37: planner 1.165 (fuel 356) -> twin tank 827.1 J_i 1.189 dv 12.50 (0.338/flyby) lag 1.00 d  7 s  [5.2 min]
[  173/1665] col 203252 n 37: planner 1.165 (fuel 356) -> twin tank 823.8 J_i 1.185 dv 12.34 (0.333/flyby) lag 1.00 d  12 s  [5.2 min]
[  174/1665] col 203089 n 37: planner 1.165 (fuel 356) -> twin tank 833.6 J_i 1.195 dv 12.80 (0.346/flyby) lag 1.00 d  16 s  [5.3 min]
/Users/mickey/.venvs/astro313/lib/python3.13/site-packages/numpy/linalg/_linalg.py:2803: RuntimeWarning: overflow encountered in multiply
  s = (x.conj() * x).real
[  175/1665] col 203030 n 37: planner 1.165 (fuel 356) -> twin tank 811.1 J_i 1.174 dv 11.73 (0.317/flyby) lag 1.00 d  13 s  [5.4 min]
[  176/1665] col 203275 n 37: planner 1.165 (fuel 356) -> twin tank 833.5 J_i 1.195 dv 12.79 (0.346/flyby) lag 1.00 d  15 s  [5.4 min]
[  177/1665] col 203163 n 37: planner 1.165 (fuel 356) -> twin tank 821.2 J_i 1.183 dv 12.21 (0.330/flyby) lag 1.00 d  12 s  [5.4 min]
[  178/1665] col 203213 n 37: planner 1.165 (fuel 356) -> twin tank 842.6 J_i 1.203 dv 13.22 (0.357/flyby) lag 1.00 d  16 s  [5.5 min]
[  179/1665] col 203217 n 37: planner 1.165 (fuel 356) -> twin tank 880.9 J_i 1.241 dv 14.96 (0.404/flyby) lag 1.00 d  13 s  [5.5 min]
[  180/1665] col 203182 n 37: planner 1.165 (fuel 356) -> twin tank 826.7 J_i 1.188 dv 12.48 (0.337/flyby) lag 1.00 d  16 s  [5.5 min]
[  181/1665] col 203218 n 37: planner 1.165 (fuel 356) -> twin tank 823.2 J_i 1.185 dv 12.31 (0.333/flyby) lag 1.00 d  15 s  [5.5 min]
[  182/1665] col 203222 n 37: planner 1.165 (fuel 356) -> twin tank 828.1 J_i 1.189 dv 12.54 (0.339/flyby) lag 1.00 d  5 s  [5.5 min]
[  183/1665] col 203186 n 37: planner 1.165 (fuel 356) -> twin tank 823.2 J_i 1.185 dv 12.31 (0.333/flyby) lag 1.00 d  6 s  [5.6 min]
[  184/1665] col 203297 n 37: planner 1.165 (fuel 356) -> twin tank 828.4 J_i 1.190 dv 12.55 (0.339/flyby) lag 1.00 d  13 s  [5.6 min]
[  185/1665] col 203319 n 37: planner 1.165 (fuel 356) -> twin tank 800.6 J_i 1.164 dv 11.22 (0.303/flyby) lag 1.00 d  14 s  [5.6 min]
[  186/1665] col 203318 n 37: planner 1.165 (fuel 356) -> twin tank 817.5 J_i 1.180 dv 12.04 (0.325/flyby) lag 1.00 d  13 s  [5.6 min]
[  187/1665] col 203265 n 37: planner 1.165 (fuel 357) -> twin tank 797.7 J_i 1.161 dv 11.07 (0.299/flyby) lag 1.00 d  5 s  [5.6 min]
[  188/1665] col 203115 n 37: planner 1.165 (fuel 357) -> twin tank 827.2 J_i 1.189 dv 12.50 (0.338/flyby) lag 1.00 d  5 s  [5.7 min]
[  189/1665] col 203321 n 37: planner 1.165 (fuel 357) -> twin tank 798.6 J_i 1.162 dv 11.12 (0.300/flyby) lag 1.00 d  4 s  [5.7 min]
[  190/1665] col 203204 n 37: planner 1.165 (fuel 357) -> twin tank 824.3 J_i 1.186 dv 12.36 (0.334/flyby) lag 1.00 d  10 s  [5.7 min]
[  191/1665] col 203225 n 37: planner 1.165 (fuel 357) -> twin tank 838.2 J_i 1.199 dv 13.01 (0.352/flyby) lag 1.00 d  12 s  [5.7 min]
[  192/1665] col 203057 n 37: planner 1.165 (fuel 357) -> twin tank 826.2 J_i 1.188 dv 12.45 (0.337/flyby) lag 1.00 d  6 s  [5.7 min]
[  193/1665] col 203219 n 37: planner 1.165 (fuel 357) -> twin tank 804.3 J_i 1.167 dv 11.40 (0.308/flyby) lag 1.00 d  11 s  [5.7 min]
[  194/1665] col 203211 n 37: FAIL miss 2229101 km after the lag ladder  81 s
[  195/1665] col 203261 n 37: planner 1.165 (fuel 357) -> twin tank 831.4 J_i 1.193 dv 12.70 (0.343/flyby) lag 1.00 d  11 s  [5.8 min]
[  196/1665] col 203317 n 37: planner 1.166 (fuel 357) -> twin tank 817.9 J_i 1.180 dv 12.06 (0.326/flyby) lag 1.00 d  4 s  [5.8 min]
[  197/1665] col 203141 n 37: planner 1.165 (fuel 357) -> twin tank 820.2 J_i 1.182 dv 12.17 (0.329/flyby) lag 1.00 d  11 s  [5.8 min]
[  198/1665] col 203313 n 37: planner 1.166 (fuel 357) -> twin tank 817.9 J_i 1.180 dv 12.06 (0.326/flyby) lag 1.00 d  11 s  [5.9 min]
[  199/1665] col 203071 n 37: planner 1.166 (fuel 357) -> twin tank 818.5 J_i 1.180 dv 12.08 (0.327/flyby) lag 1.00 d  11 s  [5.9 min]
[  200/1665] col 203101 n 37: planner 1.166 (fuel 357) -> twin tank 809.4 J_i 1.172 dv 11.65 (0.315/flyby) lag 1.00 d  11 s  [5.9 min]
[  201/1665] col 203029 n 37: planner 1.166 (fuel 357) -> twin tank 842.0 J_i 1.203 dv 13.19 (0.357/flyby) lag 1.00 d  12 s  [5.9 min]
[  202/1665] col 203234 n 37: planner 1.166 (fuel 357) -> twin tank 819.8 J_i 1.182 dv 12.15 (0.328/flyby) lag 1.00 d  12 s  [5.9 min]
[  203/1665] col 203079 n 37: planner 1.166 (fuel 357) -> twin tank 828.1 J_i 1.190 dv 12.54 (0.339/flyby) lag 1.00 d  11 s  [6.0 min]
[  204/1665] col 203103 n 37: planner 1.166 (fuel 357) -> twin tank 810.9 J_i 1.173 dv 11.72 (0.317/flyby) lag 1.00 d  11 s  [6.0 min]
[  205/1665] col 203058 n 37: planner 1.166 (fuel 357) -> twin tank 833.5 J_i 1.195 dv 12.79 (0.346/flyby) lag 1.00 d  9 s  [6.0 min]
[  206/1665] col 203268 n 37: planner 1.166 (fuel 357) -> twin tank 820.8 J_i 1.183 dv 12.20 (0.330/flyby) lag 1.00 d  11 s  [6.0 min]
[  207/1665] col 203073 n 37: planner 1.166 (fuel 357) -> twin tank 826.7 J_i 1.188 dv 12.47 (0.337/flyby) lag 1.00 d  11 s  [6.1 min]
[  208/1665] col 203334 n 37: planner 1.166 (fuel 357) -> twin tank 832.4 J_i 1.194 dv 12.75 (0.344/flyby) lag 1.00 d  11 s  [6.1 min]
[  209/1665] col 203228 n 37: planner 1.166 (fuel 357) -> twin tank 837.6 J_i 1.198 dv 12.99 (0.351/flyby) lag 1.00 d  12 s  [6.1 min]
[  210/1665] col 203245 n 37: planner 1.166 (fuel 357) -> twin tank 825.4 J_i 1.187 dv 12.41 (0.335/flyby) lag 1.00 d  11 s  [6.1 min]
[  211/1665] col 203074 n 37: planner 1.166 (fuel 357) -> twin tank 810.1 J_i 1.173 dv 11.68 (0.316/flyby) lag 1.00 d  12 s  [6.2 min]
[  212/1665] col 203221 n 37: planner 1.166 (fuel 357) -> twin tank 840.0 J_i 1.201 dv 13.10 (0.354/flyby) lag 1.00 d  13 s  [6.2 min]
[  213/1665] col 203241 n 37: planner 1.166 (fuel 357) -> twin tank 829.6 J_i 1.191 dv 12.61 (0.341/flyby) lag 1.00 d  13 s  [6.2 min]
[  214/1665] col 203290 n 37: planner 1.166 (fuel 357) -> twin tank 805.8 J_i 1.169 dv 11.47 (0.310/flyby) lag 1.00 d  9 s  [6.2 min]
[  215/1665] col 203309 n 37: planner 1.166 (fuel 357) -> twin tank 840.4 J_i 1.201 dv 13.12 (0.355/flyby) lag 1.00 d  13 s  [6.2 min]
[  216/1665] col 203283 n 37: planner 1.166 (fuel 357) -> twin tank 816.6 J_i 1.179 dv 11.99 (0.324/flyby) lag 1.00 d  11 s  [6.3 min]
[  217/1665] col 203240 n 37: planner 1.166 (fuel 357) -> twin tank 821.6 J_i 1.183 dv 12.23 (0.331/flyby) lag 1.00 d  15 s  [6.3 min]
[  218/1665] col 203289 n 37: planner 1.166 (fuel 357) -> twin tank 823.2 J_i 1.185 dv 12.31 (0.333/flyby) lag 1.00 d  15 s  [6.4 min]
[  219/1665] col 203166 n 37: planner 1.166 (fuel 357) -> twin tank 838.7 J_i 1.200 dv 13.04 (0.352/flyby) lag 1.00 d  14 s  [6.4 min]
[  220/1665] col 203253 n 37: planner 1.166 (fuel 357) -> twin tank 821.2 J_i 1.183 dv 12.21 (0.330/flyby) lag 1.00 d  14 s  [6.4 min]
[  221/1665] col 203331 n 37: planner 1.166 (fuel 358) -> twin tank 808.3 J_i 1.171 dv 11.59 (0.313/flyby) lag 1.00 d  13 s  [6.5 min]
[  222/1665] col 203048 n 37: planner 1.166 (fuel 357) -> twin tank 815.7 J_i 1.178 dv 11.95 (0.323/flyby) lag 1.00 d  14 s  [6.5 min]
[  223/1665] col 203076 n 37: planner 1.166 (fuel 358) -> twin tank 831.2 J_i 1.192 dv 12.69 (0.343/flyby) lag 1.00 d  13 s  [6.5 min]
[  224/1665] col 203049 n 37: planner 1.166 (fuel 357) -> twin tank 812.4 J_i 1.175 dv 11.79 (0.319/flyby) lag 1.00 d  15 s  [6.5 min]
[  225/1665] col 203227 n 37: planner 1.166 (fuel 358) -> twin tank 839.1 J_i 1.200 dv 13.06 (0.353/flyby) lag 1.00 d  11 s  [6.5 min]
[  226/1665] col 203284 n 37: planner 1.166 (fuel 358) -> twin tank 804.9 J_i 1.168 dv 11.43 (0.309/flyby) lag 1.00 d  11 s  [6.5 min]
[  227/1665] col 203096 n 37: planner 1.166 (fuel 358) -> twin tank 836.6 J_i 1.198 dv 12.94 (0.350/flyby) lag 1.00 d  6 s  [6.6 min]
[  228/1665] col 203306 n 37: planner 1.166 (fuel 358) -> twin tank 827.7 J_i 1.189 dv 12.52 (0.338/flyby) lag 1.00 d  11 s  [6.6 min]
[  229/1665] col 203305 n 37: planner 1.166 (fuel 358) -> twin tank 835.1 J_i 1.196 dv 12.87 (0.348/flyby) lag 1.00 d  13 s  [6.6 min]
[  230/1665] col 203243 n 37: planner 1.166 (fuel 358) -> twin tank 828.4 J_i 1.190 dv 12.56 (0.339/flyby) lag 1.00 d  10 s  [6.7 min]
[  231/1665] col 203308 n 37: planner 1.166 (fuel 358) -> twin tank 848.3 J_i 1.209 dv 13.49 (0.365/flyby) lag 1.00 d  13 s  [6.7 min]
[  232/1665] col 203081 n 37: planner 1.166 (fuel 358) -> twin tank 824.5 J_i 1.186 dv 12.37 (0.334/flyby) lag 1.00 d  13 s  [6.7 min]
[  233/1665] col 203083 n 37: planner 1.166 (fuel 358) -> twin tank 823.2 J_i 1.185 dv 12.31 (0.333/flyby) lag 1.00 d  4 s  [6.7 min]
[  234/1665] col 203286 n 37: planner 1.166 (fuel 358) -> twin tank 805.2 J_i 1.168 dv 11.44 (0.309/flyby) lag 1.00 d  13 s  [6.7 min]
[  235/1665] col 203330 n 37: planner 1.166 (fuel 358) -> twin tank 850.9 J_i 1.211 dv 13.61 (0.368/flyby) lag 1.00 d  14 s  [6.8 min]
[  236/1665] col 203066 n 37: planner 1.166 (fuel 358) -> twin tank 810.5 J_i 1.173 dv 11.70 (0.316/flyby) lag 1.00 d  13 s  [6.8 min]
[  237/1665] col 203059 n 37: planner 1.166 (fuel 358) -> twin tank 833.5 J_i 1.195 dv 12.80 (0.346/flyby) lag 1.00 d  13 s  [6.9 min]
[  238/1665] col 203328 n 37: planner 1.166 (fuel 358) -> twin tank 821.5 J_i 1.183 dv 12.22 (0.330/flyby) lag 1.00 d  13 s  [6.9 min]
[  239/1665] col 203098 n 37: planner 1.166 (fuel 358) -> twin tank 838.6 J_i 1.199 dv 13.03 (0.352/flyby) lag 1.00 d  7 s  [6.9 min]
[  240/1665] col 203251 n 37: planner 1.166 (fuel 358) -> twin tank 817.0 J_i 1.179 dv 12.01 (0.325/flyby) lag 1.00 d  13 s  [6.9 min]
[  241/1665] col 203260 n 37: planner 1.166 (fuel 358) -> twin tank 837.6 J_i 1.198 dv 12.99 (0.351/flyby) lag 1.00 d  11 s  [6.9 min]
[  242/1665] col 203111 n 37: planner 1.166 (fuel 358) -> twin tank 826.4 J_i 1.188 dv 12.46 (0.337/flyby) lag 1.00 d  15 s  [6.9 min]
[  243/1665] col 203078 n 37: planner 1.166 (fuel 358) -> twin tank 831.7 J_i 1.193 dv 12.71 (0.343/flyby) lag 1.00 d  14 s  [7.0 min]
[  244/1665] col 203246 n 37: planner 1.166 (fuel 358) -> twin tank 808.8 J_i 1.171 dv 11.62 (0.314/flyby) lag 1.00 d  11 s  [7.0 min]
[  245/1665] col 203307 n 37: planner 1.166 (fuel 358) -> twin tank 808.5 J_i 1.171 dv 11.60 (0.314/flyby) lag 1.00 d  13 s  [7.1 min]
[  246/1665] col 203249 n 37: planner 1.167 (fuel 358) -> twin tank 808.1 J_i 1.171 dv 11.58 (0.313/flyby) lag 1.00 d  9 s  [7.1 min]
[  247/1665] col 203031 n 37: planner 1.166 (fuel 358) -> twin tank 835.0 J_i 1.196 dv 12.86 (0.348/flyby) lag 1.00 d  14 s  [7.1 min]
[  248/1665] col 203075 n 37: planner 1.167 (fuel 358) -> twin tank 804.0 J_i 1.167 dv 11.38 (0.308/flyby) lag 1.00 d  8 s  [7.1 min]
[  249/1665] col 203248 n 37: planner 1.167 (fuel 358) -> twin tank 811.7 J_i 1.174 dv 11.76 (0.318/flyby) lag 1.00 d  12 s  [7.1 min]
[  250/1665] col 203295 n 37: planner 1.167 (fuel 358) -> twin tank 839.8 J_i 1.201 dv 13.09 (0.354/flyby) lag 1.00 d  9 s  [7.1 min]
[  251/1665] col 203086 n 37: planner 1.167 (fuel 358) -> twin tank 830.9 J_i 1.192 dv 12.67 (0.343/flyby) lag 1.00 d  14 s  [7.1 min]
[  252/1665] col 203063 n 37: planner 1.167 (fuel 358) -> twin tank 830.1 J_i 1.191 dv 12.64 (0.342/flyby) lag 1.00 d  14 s  [7.1 min]
[  253/1665] col 203125 n 37: planner 1.167 (fuel 358) -> twin tank 818.7 J_i 1.181 dv 12.09 (0.327/flyby) lag 1.00 d  5 s  [7.2 min]
[  254/1665] col 203325 n 37: planner 1.167 (fuel 358) -> twin tank 823.7 J_i 1.185 dv 12.33 (0.333/flyby) lag 1.00 d  13 s  [7.3 min]
[  255/1665] col 203236 n 37: planner 1.167 (fuel 359) -> twin tank 821.5 J_i 1.183 dv 12.23 (0.330/flyby) lag 1.00 d  15 s  [7.3 min]
[  256/1665] col 203114 n 37: planner 1.167 (fuel 359) -> twin tank 828.8 J_i 1.190 dv 12.57 (0.340/flyby) lag 1.00 d  12 s  [7.4 min]
[  257/1665] col 203242 n 37: planner 1.167 (fuel 359) -> twin tank 833.4 J_i 1.194 dv 12.79 (0.346/flyby) lag 1.00 d  16 s  [7.4 min]
[  258/1665] col 203314 n 37: planner 1.167 (fuel 359) -> twin tank 849.7 J_i 1.210 dv 13.55 (0.366/flyby) lag 1.00 d  16 s  [7.4 min]
[  259/1665] col 203294 n 37: planner 1.167 (fuel 359) -> twin tank 833.2 J_i 1.194 dv 12.78 (0.345/flyby) lag 1.00 d  15 s  [7.4 min]
[  260/1665] col 203151 n 37: planner 1.167 (fuel 359) -> twin tank 826.1 J_i 1.188 dv 12.45 (0.336/flyby) lag 1.00 d  15 s  [7.4 min]
[  261/1665] col 203263 n 37: planner 1.167 (fuel 359) -> twin tank 839.1 J_i 1.200 dv 13.06 (0.353/flyby) lag 1.00 d  16 s  [7.4 min]
[  262/1665] col 203152 n 37: planner 1.167 (fuel 359) -> twin tank 821.8 J_i 1.184 dv 12.24 (0.331/flyby) lag 1.00 d  5 s  [7.4 min]
[  263/1665] col 203339 n 37: planner 1.167 (fuel 359) -> twin tank 832.4 J_i 1.194 dv 12.75 (0.344/flyby) lag 1.00 d  12 s  [7.5 min]
[  264/1665] col 203142 n 37: planner 1.167 (fuel 359) -> twin tank 836.3 J_i 1.197 dv 12.93 (0.349/flyby) lag 1.00 d  16 s  [7.6 min]
[  265/1665] col 203099 n 37: planner 1.167 (fuel 359) -> twin tank 811.5 J_i 1.174 dv 11.75 (0.317/flyby) lag 1.00 d  16 s  [7.6 min]
[  266/1665] col 203170 n 37: planner 1.167 (fuel 359) -> twin tank 816.6 J_i 1.179 dv 11.99 (0.324/flyby) lag 1.00 d  14 s  [7.6 min]
[  267/1665] col 203033 n 37: planner 1.167 (fuel 359) -> twin tank 826.1 J_i 1.188 dv 12.45 (0.336/flyby) lag 1.00 d  12 s  [7.6 min]
[  268/1665] col 203276 n 37: planner 1.167 (fuel 359) -> twin tank 814.3 J_i 1.176 dv 11.88 (0.321/flyby) lag 1.00 d  17 s  [7.7 min]
[  269/1665] col 203084 n 37: planner 1.167 (fuel 359) -> twin tank 825.7 J_i 1.187 dv 12.43 (0.336/flyby) lag 1.00 d  15 s  [7.7 min]
[  270/1665] col 203146 n 37: planner 1.167 (fuel 359) -> twin tank 844.2 J_i 1.205 dv 13.30 (0.359/flyby) lag 1.00 d  16 s  [7.7 min]
[  271/1665] col 203203 n 37: planner 1.167 (fuel 359) -> twin tank 811.7 J_i 1.174 dv 11.76 (0.318/flyby) lag 1.00 d  16 s  [7.7 min]
[  272/1665] col 203070 n 37: planner 1.167 (fuel 359) -> twin tank 832.9 J_i 1.194 dv 12.77 (0.345/flyby) lag 1.00 d  13 s  [7.9 min]
[  273/1665] col 203032 n 37: planner 1.167 (fuel 359) -> twin tank 840.3 J_i 1.201 dv 13.11 (0.354/flyby) lag 1.00 d  16 s  [7.9 min]
[  274/1665] col 203271 n 37: planner 1.167 (fuel 359) -> twin tank 835.8 J_i 1.197 dv 12.90 (0.349/flyby) lag 1.00 d  15 s  [7.9 min]
[  275/1665] col 203336 n 37: planner 1.167 (fuel 359) -> twin tank 806.9 J_i 1.170 dv 11.52 (0.311/flyby) lag 1.00 d  16 s  [7.9 min]
[  276/1665] col 203113 n 37: planner 1.167 (fuel 359) -> twin tank 833.0 J_i 1.194 dv 12.77 (0.345/flyby) lag 1.00 d  17 s  [7.9 min]
[  277/1665] col 203244 n 37: planner 1.167 (fuel 359) -> twin tank 838.2 J_i 1.199 dv 13.02 (0.352/flyby) lag 1.00 d  17 s  [7.9 min]
[  278/1665] col 203315 n 37: planner 1.167 (fuel 359) -> twin tank 825.4 J_i 1.187 dv 12.41 (0.335/flyby) lag 1.00 d  17 s  [7.9 min]
[  279/1665] col 203064 n 37: planner 1.167 (fuel 359) -> twin tank 826.1 J_i 1.188 dv 12.44 (0.336/flyby) lag 1.00 d  7 s  [8.0 min]
[  280/1665] col 203335 n 37: planner 1.167 (fuel 359) -> twin tank 831.6 J_i 1.193 dv 12.71 (0.343/flyby) lag 1.00 d  17 s  [8.0 min]
[  281/1665] col 203322 n 37: planner 1.167 (fuel 359) -> twin tank 788.8 J_i 1.153 dv 10.63 (0.287/flyby) lag 1.00 d  9 s  [8.1 min]
[  282/1665] col 203292 n 37: planner 1.167 (fuel 359) -> twin tank 822.9 J_i 1.185 dv 12.30 (0.332/flyby) lag 1.00 d  13 s  [8.1 min]
[  283/1665] col 203278 n 37: planner 1.167 (fuel 359) -> twin tank 812.5 J_i 1.175 dv 11.80 (0.319/flyby) lag 1.00 d  13 s  [8.1 min]
[  284/1665] col 203327 n 37: planner 1.167 (fuel 359) -> twin tank 833.0 J_i 1.194 dv 12.77 (0.345/flyby) lag 1.00 d  15 s  [8.1 min]
[  285/1665] col 203124 n 37: planner 1.167 (fuel 359) -> twin tank 834.3 J_i 1.195 dv 12.83 (0.347/flyby) lag 1.00 d  15 s  [8.2 min]
[  286/1665] col 203326 n 37: planner 1.167 (fuel 359) -> twin tank 830.2 J_i 1.191 dv 12.64 (0.342/flyby) lag 1.00 d  7 s  [8.2 min]
[  287/1665] col 203320 n 37: planner 1.167 (fuel 359) -> twin tank 822.8 J_i 1.184 dv 12.29 (0.332/flyby) lag 1.00 d  16 s  [8.3 min]
[  288/1665] col 203095 n 37: planner 1.167 (fuel 359) -> twin tank 806.4 J_i 1.169 dv 11.50 (0.311/flyby) lag 1.00 d  16 s  [8.3 min]
[  289/1665] col 203220 n 37: planner 1.167 (fuel 359) -> twin tank 802.1 J_i 1.165 dv 11.29 (0.305/flyby) lag 1.00 d  10 s  [8.3 min]
[  290/1665] col 203104 n 37: planner 1.167 (fuel 359) -> twin tank 828.2 J_i 1.190 dv 12.54 (0.339/flyby) lag 1.00 d  17 s  [8.4 min]
[  291/1665] col 203329 n 37: planner 1.167 (fuel 359) -> twin tank 830.0 J_i 1.191 dv 12.63 (0.341/flyby) lag 1.00 d  16 s  [8.4 min]
[  292/1665] col 262193 n 37: planner 1.167 (fuel 359) -> twin tank 806.1 J_i 1.169 dv 11.48 (0.310/flyby) lag 1.00 d  29 s  [8.4 min]
[  293/1665] col 203254 n 37: planner 1.167 (fuel 359) -> twin tank 824.0 J_i 1.186 dv 12.35 (0.334/flyby) lag 1.00 d  7 s  [8.4 min]
[  294/1665] col 203077 n 37: planner 1.167 (fuel 359) -> twin tank 830.6 J_i 1.192 dv 12.66 (0.342/flyby) lag 1.00 d  17 s  [8.4 min]
[  295/1665] col 203270 n 37: planner 1.167 (fuel 359) -> twin tank 803.4 J_i 1.166 dv 11.35 (0.307/flyby) lag 1.00 d  7 s  [8.5 min]
[  296/1665] col 203035 n 37: planner 1.167 (fuel 359) -> twin tank 839.7 J_i 1.201 dv 13.09 (0.354/flyby) lag 1.00 d  17 s  [8.5 min]
[  297/1665] col 203272 n 37: planner 1.167 (fuel 359) -> twin tank 826.3 J_i 1.188 dv 12.46 (0.337/flyby) lag 1.00 d  16 s  [8.6 min]
[  298/1665] col 203296 n 37: planner 1.167 (fuel 359) -> twin tank 803.2 J_i 1.166 dv 11.34 (0.307/flyby) lag 1.00 d  8 s  [8.6 min]
[  299/1665] col 203255 n 37: planner 1.167 (fuel 359) -> twin tank 831.0 J_i 1.192 dv 12.68 (0.343/flyby) lag 1.00 d  18 s  [8.6 min]
[  300/1665] col 203282 n 37: planner 1.167 (fuel 359) -> twin tank 832.8 J_i 1.194 dv 12.76 (0.345/flyby) lag 1.00 d  16 s  [8.6 min]
[  301/1665] col 203097 n 37: planner 1.167 (fuel 359) -> twin tank 817.1 J_i 1.179 dv 12.02 (0.325/flyby) lag 1.00 d  15 s  [8.6 min]
[  302/1665] col 203304 n 37: planner 1.167 (fuel 359) -> twin tank 826.5 J_i 1.188 dv 12.47 (0.337/flyby) lag 1.00 d  15 s  [8.7 min]
[  303/1665] col 203259 n 37: planner 1.167 (fuel 359) -> twin tank 835.5 J_i 1.197 dv 12.89 (0.348/flyby) lag 1.00 d  12 s  [8.7 min]
[  304/1665] col 203340 n 37: planner 1.167 (fuel 359) -> twin tank 821.4 J_i 1.183 dv 12.22 (0.330/flyby) lag 1.00 d  14 s  [8.8 min]
[  305/1665] col 203197 n 37: planner 1.167 (fuel 359) -> twin tank 814.4 J_i 1.177 dv 11.89 (0.321/flyby) lag 1.00 d  15 s  [8.8 min]
[  306/1665] col 203167 n 37: planner 1.167 (fuel 359) -> twin tank 824.2 J_i 1.186 dv 12.36 (0.334/flyby) lag 1.00 d  16 s  [8.8 min]
[  307/1665] col 203214 n 37: planner 1.167 (fuel 359) -> twin tank 830.2 J_i 1.191 dv 12.64 (0.342/flyby) lag 1.00 d  16 s  [8.8 min]
[  308/1665] col 203332 n 37: planner 1.167 (fuel 360) -> twin tank 813.9 J_i 1.176 dv 11.86 (0.321/flyby) lag 1.00 d  12 s  [8.9 min]
[  309/1665] col 203338 n 37: planner 1.167 (fuel 359) -> twin tank 822.0 J_i 1.184 dv 12.25 (0.331/flyby) lag 1.00 d  16 s  [8.9 min]
[  310/1665] col 203082 n 37: planner 1.167 (fuel 359) -> twin tank 830.7 J_i 1.192 dv 12.66 (0.342/flyby) lag 1.00 d  16 s  [8.9 min]
[  311/1665] col 203130 n 37: planner 1.167 (fuel 360) -> twin tank 819.0 J_i 1.181 dv 12.11 (0.327/flyby) lag 1.00 d  16 s  [9.0 min]
[  312/1665] col 203134 n 37: planner 1.167 (fuel 360) -> twin tank 830.6 J_i 1.192 dv 12.66 (0.342/flyby) lag 1.00 d  11 s  [9.0 min]
[  313/1665] col 203280 n 37: planner 1.167 (fuel 360) -> twin tank 814.4 J_i 1.177 dv 11.89 (0.321/flyby) lag 1.00 d  7 s  [9.0 min]
[  314/1665] col 203316 n 37: planner 1.167 (fuel 360) -> twin tank 838.6 J_i 1.199 dv 13.04 (0.352/flyby) lag 1.00 d  17 s  [9.1 min]
[  315/1665] col 203301 n 37: planner 1.167 (fuel 360) -> twin tank 811.5 J_i 1.174 dv 11.74 (0.317/flyby) lag 1.00 d  14 s  [9.1 min]
[  316/1665] col 203205 n 37: planner 1.167 (fuel 360) -> twin tank 833.5 J_i 1.195 dv 12.80 (0.346/flyby) lag 1.00 d  16 s  [9.1 min]
[  317/1665] col 203273 n 37: planner 1.167 (fuel 360) -> twin tank 836.4 J_i 1.197 dv 12.93 (0.349/flyby) lag 1.00 d  15 s  [9.1 min]
[  318/1665] col 203333 n 37: planner 1.167 (fuel 360) -> twin tank 839.4 J_i 1.200 dv 13.08 (0.353/flyby) lag 1.00 d  18 s  [9.2 min]
[  319/1665] col 203341 n 37: planner 1.167 (fuel 360) -> twin tank 842.1 J_i 1.203 dv 13.20 (0.357/flyby) lag 1.00 d  16 s  [9.2 min]
[  320/1665] col 203102 n 37: planner 1.167 (fuel 360) -> twin tank 805.4 J_i 1.168 dv 11.45 (0.310/flyby) lag 1.00 d  16 s  [9.3 min]
[  321/1665] col 203337 n 37: planner 1.168 (fuel 360) -> twin tank 820.2 J_i 1.182 dv 12.17 (0.329/flyby) lag 1.00 d  14 s  [9.3 min]
[  322/1665] col 203293 n 37: planner 1.167 (fuel 360) -> twin tank 822.0 J_i 1.184 dv 12.25 (0.331/flyby) lag 1.00 d  16 s  [9.3 min]
[  323/1665] col 203094 n 37: planner 1.168 (fuel 360) -> twin tank 833.2 J_i 1.194 dv 12.78 (0.345/flyby) lag 1.00 d  18 s  [9.3 min]
[  324/1665] col 203085 n 37: planner 1.168 (fuel 360) -> twin tank 819.4 J_i 1.181 dv 12.13 (0.328/flyby) lag 1.00 d  18 s  [9.4 min]
[  325/1665] col 203281 n 37: planner 1.168 (fuel 360) -> twin tank 833.6 J_i 1.195 dv 12.80 (0.346/flyby) lag 1.00 d  18 s  [9.5 min]
[  326/1665] col 203093 n 37: planner 1.168 (fuel 360) -> twin tank 827.7 J_i 1.189 dv 12.52 (0.338/flyby) lag 1.00 d  14 s  [9.5 min]
[  327/1665] col 203303 n 37: planner 1.168 (fuel 360) -> twin tank 824.9 J_i 1.186 dv 12.39 (0.335/flyby) lag 1.00 d  17 s  [9.5 min]
[  328/1665] col 203312 n 37: planner 1.168 (fuel 360) -> twin tank 800.2 J_i 1.163 dv 11.20 (0.303/flyby) lag 1.00 d  15 s  [9.5 min]
[  329/1665] col 203233 n 37: planner 1.168 (fuel 360) -> twin tank 825.6 J_i 1.187 dv 12.42 (0.336/flyby) lag 1.00 d  13 s  [9.6 min]
[  330/1665] col 203067 n 37: planner 1.168 (fuel 360) -> twin tank 833.0 J_i 1.194 dv 12.77 (0.345/flyby) lag 1.00 d  15 s  [9.6 min]
[  331/1665] col 262191 n 37: planner 1.168 (fuel 360) -> twin tank 820.2 J_i 1.182 dv 12.16 (0.329/flyby) lag 1.00 d  30 s  [9.6 min]
[  332/1665] col 203105 n 37: planner 1.168 (fuel 360) -> twin tank 828.3 J_i 1.190 dv 12.55 (0.339/flyby) lag 1.00 d  15 s  [9.7 min]
[  333/1665] col 203034 n 37: planner 1.168 (fuel 360) -> twin tank 816.7 J_i 1.179 dv 12.00 (0.324/flyby) lag 1.00 d  10 s  [9.7 min]
[  334/1665] col 203262 n 37: planner 1.168 (fuel 360) -> twin tank 825.6 J_i 1.187 dv 12.42 (0.336/flyby) lag 1.00 d  14 s  [9.7 min]
[  335/1665] col 203090 n 37: planner 1.168 (fuel 360) -> twin tank 832.8 J_i 1.194 dv 12.76 (0.345/flyby) lag 1.00 d  14 s  [9.7 min]
[  336/1665] col 203091 n 37: planner 1.168 (fuel 360) -> twin tank 836.7 J_i 1.198 dv 12.95 (0.350/flyby) lag 1.00 d  14 s  [9.8 min]
[  337/1665] col 203300 n 37: planner 1.168 (fuel 360) -> twin tank 839.8 J_i 1.201 dv 13.09 (0.354/flyby) lag 1.00 d  15 s  [9.8 min]
[  338/1665] col 202771 n 36: planner 1.150 (fuel 333) -> twin tank 799.3 J_i 1.163 dv 11.15 (0.310/flyby) lag 1.00 d  14 s  [9.8 min]
[  339/1665] col 202685 n 36: planner 1.151 (fuel 336) -> twin tank 803.7 J_i 1.167 dv 11.37 (0.316/flyby) lag 1.00 d  15 s  [9.8 min]
[  340/1665] col 202935 n 36: planner 1.152 (fuel 337) -> twin tank 811.9 J_i 1.174 dv 11.77 (0.327/flyby) lag 1.00 d  15 s  [9.9 min]
[  341/1665] col 202950 n 36: planner 1.152 (fuel 337) -> twin tank 803.6 J_i 1.167 dv 11.37 (0.316/flyby) lag 1.00 d  14 s  [9.9 min]
[  342/1665] col 202680 n 36: planner 1.153 (fuel 338) -> twin tank 807.8 J_i 1.170 dv 11.57 (0.321/flyby) lag 1.00 d  14 s  [10.0 min]
[  343/1665] col 202723 n 36: planner 1.153 (fuel 338) -> twin tank 801.5 J_i 1.165 dv 11.26 (0.313/flyby) lag 1.00 d  14 s  [10.0 min]
[  344/1665] col 202886 n 36: planner 1.152 (fuel 337) -> twin tank 824.7 J_i 1.186 dv 12.38 (0.344/flyby) lag 1.00 d  15 s  [10.0 min]
[  345/1665] col 202830 n 36: planner 1.153 (fuel 339) -> twin tank 807.1 J_i 1.170 dv 11.53 (0.320/flyby) lag 1.00 d  13 s  [10.0 min]
[  346/1665] col 202973 n 36: planner 1.153 (fuel 338) -> twin tank 807.3 J_i 1.170 dv 11.55 (0.321/flyby) lag 1.00 d  14 s  [10.0 min]
[  347/1665] col 202779 n 36: planner 1.154 (fuel 339) -> twin tank 806.4 J_i 1.169 dv 11.50 (0.319/flyby) lag 1.00 d  13 s  [10.1 min]
[  348/1665] col 202738 n 36: planner 1.154 (fuel 340) -> twin tank 802.7 J_i 1.166 dv 11.32 (0.314/flyby) lag 1.00 d  14 s  [10.1 min]
[  349/1665] col 202988 n 36: planner 1.154 (fuel 340) -> twin tank 804.6 J_i 1.167 dv 11.41 (0.317/flyby) lag 1.00 d  14 s  [10.2 min]
[  350/1665] col 202651 n 36: planner 1.154 (fuel 340) -> twin tank 811.9 J_i 1.174 dv 11.77 (0.327/flyby) lag 1.00 d  14 s  [10.2 min]
[  351/1665] col 203000 n 36: planner 1.154 (fuel 340) -> twin tank 810.4 J_i 1.173 dv 11.69 (0.325/flyby) lag 1.00 d  14 s  [10.2 min]
[  352/1665] col 202986 n 36: planner 1.154 (fuel 340) -> twin tank 802.5 J_i 1.166 dv 11.31 (0.314/flyby) lag 1.00 d  14 s  [10.2 min]
[  353/1665] col 202702 n 36: planner 1.155 (fuel 341) -> twin tank 806.5 J_i 1.169 dv 11.50 (0.320/flyby) lag 1.00 d  14 s  [10.3 min]
[  354/1665] col 202708 n 36: planner 1.155 (fuel 341) -> twin tank 829.1 J_i 1.190 dv 12.59 (0.350/flyby) lag 1.00 d  14 s  [10.3 min]
[  355/1665] col 202712 n 36: planner 1.155 (fuel 342) -> twin tank 809.6 J_i 1.172 dv 11.65 (0.324/flyby) lag 1.00 d  6 s  [10.3 min]
[  356/1665] col 203014 n 36: planner 1.155 (fuel 342) -> twin tank 810.3 J_i 1.173 dv 11.69 (0.325/flyby) lag 1.00 d  14 s  [10.3 min]
[  357/1665] col 202959 n 36: planner 1.155 (fuel 342) -> twin tank 798.8 J_i 1.162 dv 11.13 (0.309/flyby) lag 1.00 d  12 s  [10.3 min]
[  358/1665] col 202995 n 36: planner 1.157 (fuel 344) -> twin tank 809.4 J_i 1.172 dv 11.64 (0.323/flyby) lag 1.00 d  7 s  [10.4 min]
[  359/1665] col 203015 n 36: planner 1.156 (fuel 342) -> twin tank 820.8 J_i 1.183 dv 12.19 (0.339/flyby) lag 1.00 d  15 s  [10.5 min]
[  360/1665] col 202719 n 36: planner 1.156 (fuel 342) -> twin tank 812.6 J_i 1.175 dv 11.80 (0.328/flyby) lag 1.00 d  14 s  [10.5 min]
[  361/1665] col 202729 n 36: planner 1.156 (fuel 343) -> twin tank 812.1 J_i 1.174 dv 11.78 (0.327/flyby) lag 1.00 d  15 s  [10.5 min]
[  362/1665] col 202743 n 36: planner 1.156 (fuel 343) -> twin tank 803.8 J_i 1.167 dv 11.37 (0.316/flyby) lag 1.00 d  14 s  [10.5 min]
[  363/1665] col 203020 n 36: planner 1.156 (fuel 343) -> twin tank 812.3 J_i 1.175 dv 11.79 (0.327/flyby) lag 1.00 d  13 s  [10.5 min]
[  364/1665] col 202887 n 36: planner 1.156 (fuel 343) -> twin tank 811.0 J_i 1.173 dv 11.72 (0.326/flyby) lag 1.00 d  14 s  [10.5 min]
[  365/1665] col 202701 n 36: planner 1.157 (fuel 344) -> twin tank 825.8 J_i 1.187 dv 12.43 (0.345/flyby) lag 1.00 d  14 s  [10.6 min]
[  366/1665] col 202945 n 36: planner 1.157 (fuel 344) -> twin tank 818.5 J_i 1.180 dv 12.08 (0.336/flyby) lag 1.00 d  14 s  [10.6 min]
[  367/1665] col 202658 n 36: planner 1.157 (fuel 344) -> twin tank 818.3 J_i 1.180 dv 12.08 (0.335/flyby) lag 1.00 d  10 s  [10.6 min]
[  368/1665] col 202647 n 36: planner 1.157 (fuel 345) -> twin tank 809.0 J_i 1.172 dv 11.62 (0.323/flyby) lag 1.00 d  6 s  [10.7 min]
[  369/1665] col 202725 n 36: planner 1.157 (fuel 344) -> twin tank 819.9 J_i 1.182 dv 12.15 (0.338/flyby) lag 1.00 d  14 s  [10.7 min]
[  370/1665] col 202773 n 36: planner 1.157 (fuel 345) -> twin tank 818.6 J_i 1.181 dv 12.09 (0.336/flyby) lag 1.00 d  14 s  [10.7 min]
[  371/1665] col 202696 n 36: planner 1.157 (fuel 345) -> twin tank 821.7 J_i 1.183 dv 12.24 (0.340/flyby) lag 1.00 d  14 s  [10.7 min]
[  372/1665] col 202907 n 36: planner 1.157 (fuel 345) -> twin tank 815.4 J_i 1.178 dv 11.94 (0.332/flyby) lag 1.00 d  14 s  [10.7 min]
[  373/1665] col 203009 n 36: planner 1.157 (fuel 345) -> twin tank 799.2 J_i 1.163 dv 11.15 (0.310/flyby) lag 1.00 d  12 s  [10.8 min]
[  374/1665] col 202783 n 36: planner 1.158 (fuel 345) -> twin tank 807.8 J_i 1.170 dv 11.57 (0.321/flyby) lag 1.00 d  12 s  [10.9 min]
[  375/1665] col 202667 n 36: planner 1.157 (fuel 345) -> twin tank 810.9 J_i 1.173 dv 11.72 (0.325/flyby) lag 1.00 d  14 s  [10.9 min]
[  376/1665] col 262089 n 36: planner 1.157 (fuel 344) -> twin tank 808.2 J_i 1.171 dv 11.59 (0.322/flyby) lag 1.00 d  26 s  [10.9 min]
[  377/1665] col 202772 n 36: planner 1.158 (fuel 345) -> twin tank 805.7 J_i 1.169 dv 11.47 (0.319/flyby) lag 1.00 d  13 s  [10.9 min]
[  378/1665] col 202735 n 36: planner 1.158 (fuel 345) -> twin tank 813.3 J_i 1.176 dv 11.83 (0.329/flyby) lag 1.00 d  14 s  [11.0 min]
[  379/1665] col 202999 n 36: planner 1.158 (fuel 346) -> twin tank 829.7 J_i 1.191 dv 12.62 (0.350/flyby) lag 1.00 d  15 s  [11.0 min]
[  380/1665] col 202789 n 36: planner 1.158 (fuel 346) -> twin tank 810.1 J_i 1.173 dv 11.68 (0.324/flyby) lag 1.00 d  15 s  [11.0 min]
[  381/1665] col 202933 n 36: planner 1.158 (fuel 346) -> twin tank 817.5 J_i 1.179 dv 12.04 (0.334/flyby) lag 1.00 d  14 s  [11.1 min]
[  382/1665] col 202854 n 36: planner 1.158 (fuel 346) -> twin tank 798.7 J_i 1.162 dv 11.12 (0.309/flyby) lag 1.00 d  12 s  [11.1 min]
[  383/1665] col 202677 n 36: planner 1.158 (fuel 346) -> twin tank 813.3 J_i 1.176 dv 11.84 (0.329/flyby) lag 1.00 d  11 s  [11.1 min]
[  384/1665] col 202938 n 36: planner 1.158 (fuel 346) -> twin tank 817.0 J_i 1.179 dv 12.01 (0.334/flyby) lag 1.00 d  14 s  [11.1 min]
[  385/1665] col 203026 n 36: planner 1.158 (fuel 346) -> twin tank 809.0 J_i 1.172 dv 11.63 (0.323/flyby) lag 1.00 d  12 s  [11.2 min]
[  386/1665] col 202805 n 36: planner 1.159 (fuel 347) -> twin tank 796.2 J_i 1.160 dv 11.00 (0.306/flyby) lag 1.00 d  6 s  [11.2 min]
[  387/1665] col 202688 n 36: planner 1.158 (fuel 346) -> twin tank 830.4 J_i 1.192 dv 12.65 (0.351/flyby) lag 1.00 d  14 s  [11.2 min]
[  388/1665] col 202664 n 36: planner 1.159 (fuel 347) -> twin tank 833.2 J_i 1.194 dv 12.78 (0.355/flyby) lag 1.00 d  14 s  [11.2 min]
[  389/1665] col 202926 n 36: planner 1.159 (fuel 347) -> twin tank 819.6 J_i 1.181 dv 12.14 (0.337/flyby) lag 1.00 d  12 s  [11.3 min]
[  390/1665] col 202794 n 36: planner 1.159 (fuel 347) -> twin tank 818.6 J_i 1.180 dv 12.09 (0.336/flyby) lag 1.00 d  14 s  [11.3 min]
[  391/1665] col 262092 n 36: planner 1.158 (fuel 346) -> twin tank 808.5 J_i 1.171 dv 11.60 (0.322/flyby) lag 1.00 d  25 s  [11.3 min]
[  392/1665] col 202706 n 36: planner 1.159 (fuel 348) -> twin tank 800.6 J_i 1.164 dv 11.22 (0.312/flyby) lag 1.00 d  12 s  [11.4 min]
[  393/1665] col 202733 n 36: planner 1.159 (fuel 347) -> twin tank 828.1 J_i 1.189 dv 12.54 (0.348/flyby) lag 1.00 d  14 s  [11.4 min]
[  394/1665] col 202691 n 36: planner 1.159 (fuel 347) -> twin tank 825.1 J_i 1.187 dv 12.40 (0.344/flyby) lag 1.00 d  15 s  [11.5 min]
[  395/1665] col 202788 n 36: planner 1.159 (fuel 348) -> twin tank 794.8 J_i 1.158 dv 10.93 (0.304/flyby) lag 1.00 d  8 s  [11.5 min]
[  396/1665] col 202756 n 36: planner 1.159 (fuel 348) -> twin tank 796.6 J_i 1.160 dv 11.02 (0.306/flyby) lag 1.00 d  11 s  [11.5 min]
[  397/1665] col 262127 n 36: planner 1.159 (fuel 347) -> twin tank 806.0 J_i 1.169 dv 11.48 (0.319/flyby) lag 1.00 d  26 s  [11.5 min]
[  398/1665] col 202761 n 36: planner 1.159 (fuel 348) -> twin tank 822.9 J_i 1.185 dv 12.29 (0.341/flyby) lag 1.00 d  14 s  [11.5 min]
[  399/1665] col 202980 n 36: planner 1.160 (fuel 349) -> twin tank 791.0 J_i 1.155 dv 10.74 (0.298/flyby) lag 1.00 d  6 s  [11.6 min]
[  400/1665] col 262136 n 36: planner 1.159 (fuel 347) -> twin tank 807.4 J_i 1.170 dv 11.55 (0.321/flyby) lag 1.00 d  27 s  [11.6 min]
[  401/1665] col 202808 n 36: planner 1.160 (fuel 348) -> twin tank 799.3 J_i 1.163 dv 11.15 (0.310/flyby) lag 1.00 d  12 s  [11.6 min]
[  402/1665] col 202679 n 36: planner 1.160 (fuel 348) -> twin tank 806.6 J_i 1.169 dv 11.51 (0.320/flyby) lag 1.00 d  12 s  [11.6 min]
[  403/1665] col 202982 n 36: planner 1.160 (fuel 348) -> twin tank 838.0 J_i 1.199 dv 13.01 (0.361/flyby) lag 1.00 d  15 s  [11.7 min]
[  404/1665] col 202670 n 36: planner 1.160 (fuel 348) -> twin tank 830.2 J_i 1.192 dv 12.64 (0.351/flyby) lag 1.00 d  14 s  [11.7 min]
[  405/1665] col 202966 n 36: planner 1.160 (fuel 349) -> twin tank 821.7 J_i 1.183 dv 12.24 (0.340/flyby) lag 1.00 d  13 s  [11.7 min]
[  406/1665] col 202703 n 36: planner 1.160 (fuel 349) -> twin tank 823.7 J_i 1.185 dv 12.33 (0.343/flyby) lag 1.00 d  14 s  [11.7 min]
[  407/1665] col 202700 n 36: planner 1.160 (fuel 349) -> twin tank 830.4 J_i 1.192 dv 12.65 (0.351/flyby) lag 1.00 d  14 s  [11.8 min]
[  408/1665] col 202868 n 36: planner 1.160 (fuel 349) -> twin tank 814.9 J_i 1.177 dv 11.91 (0.331/flyby) lag 1.00 d  14 s  [11.9 min]
[  409/1665] col 202731 n 36: planner 1.160 (fuel 349) -> twin tank 822.7 J_i 1.184 dv 12.28 (0.341/flyby) lag 1.00 d  14 s  [11.9 min]
[  410/1665] col 202918 n 36: planner 1.160 (fuel 349) -> twin tank 797.2 J_i 1.161 dv 11.05 (0.307/flyby) lag 1.00 d  10 s  [11.9 min]
[  411/1665] col 202832 n 36: planner 1.160 (fuel 349) -> twin tank 813.9 J_i 1.176 dv 11.86 (0.329/flyby) lag 1.00 d  12 s  [11.9 min]
[  412/1665] col 202908 n 36: planner 1.161 (fuel 350) -> twin tank 812.4 J_i 1.175 dv 11.79 (0.328/flyby) lag 1.00 d  12 s  [11.9 min]
[  413/1665] col 202775 n 36: planner 1.161 (fuel 350) -> twin tank 829.5 J_i 1.191 dv 12.61 (0.350/flyby) lag 1.00 d  15 s  [12.0 min]
[  414/1665] col 202686 n 36: planner 1.161 (fuel 350) -> twin tank 803.6 J_i 1.167 dv 11.36 (0.316/flyby) lag 1.00 d  13 s  [12.0 min]
[  415/1665] col 262134 n 36: planner 1.160 (fuel 349) -> twin tank 805.8 J_i 1.169 dv 11.47 (0.319/flyby) lag 1.00 d  26 s  [12.0 min]
[  416/1665] col 202653 n 36: planner 1.161 (fuel 350) -> twin tank 830.6 J_i 1.192 dv 12.66 (0.352/flyby) lag 1.00 d  8 s  [12.0 min]
[  417/1665] col 202992 n 36: planner 1.161 (fuel 350) -> twin tank 805.1 J_i 1.168 dv 11.43 (0.318/flyby) lag 1.00 d  13 s  [12.1 min]
[  418/1665] col 202990 n 36: planner 1.161 (fuel 350) -> twin tank 821.9 J_i 1.184 dv 12.25 (0.340/flyby) lag 1.00 d  15 s  [12.2 min]
[  419/1665] col 202983 n 36: planner 1.161 (fuel 350) -> twin tank 827.7 J_i 1.189 dv 12.52 (0.348/flyby) lag 1.00 d  16 s  [12.2 min]
[  420/1665] col 202921 n 36: planner 1.161 (fuel 350) -> twin tank 811.7 J_i 1.174 dv 11.76 (0.327/flyby) lag 1.00 d  13 s  [12.3 min]
[  421/1665] col 202718 n 36: planner 1.161 (fuel 350) -> twin tank 823.8 J_i 1.185 dv 12.34 (0.343/flyby) lag 1.00 d  14 s  [12.3 min]
[  422/1665] col 262085 n 36: planner 1.161 (fuel 350) -> twin tank 809.4 J_i 1.172 dv 11.64 (0.323/flyby) lag 1.00 d  26 s  [12.3 min]
[  423/1665] col 202780 n 36: planner 1.161 (fuel 351) -> twin tank 825.7 J_i 1.187 dv 12.43 (0.345/flyby) lag 1.00 d  16 s  [12.3 min]
[  424/1665] col 202834 n 36: planner 1.161 (fuel 351) -> twin tank 822.1 J_i 1.184 dv 12.26 (0.340/flyby) lag 1.00 d  13 s  [12.3 min]
[  425/1665] col 262096 n 36: planner 1.161 (fuel 350) -> twin tank 836.1 J_i 1.197 dv 12.92 (0.359/flyby) lag 1.00 d  29 s  [12.4 min]
[  426/1665] col 202640 n 36: planner 1.161 (fuel 351) -> twin tank 816.9 J_i 1.179 dv 12.01 (0.334/flyby) lag 1.00 d  10 s  [12.4 min]
[  427/1665] col 202883 n 36: planner 1.161 (fuel 351) -> twin tank 806.5 J_i 1.169 dv 11.50 (0.320/flyby) lag 1.00 d  13 s  [12.5 min]
[  428/1665] col 202956 n 36: planner 1.161 (fuel 351) -> twin tank 818.8 J_i 1.181 dv 12.10 (0.336/flyby) lag 1.00 d  12 s  [12.5 min]
[  429/1665] col 202790 n 36: planner 1.161 (fuel 351) -> twin tank 830.2 J_i 1.191 dv 12.64 (0.351/flyby) lag 1.00 d  16 s  [12.5 min]
[  430/1665] col 202838 n 36: planner 1.161 (fuel 351) -> twin tank 816.2 J_i 1.178 dv 11.97 (0.333/flyby) lag 1.00 d  14 s  [12.5 min]
[  431/1665] col 202890 n 36: planner 1.161 (fuel 351) -> twin tank 805.4 J_i 1.168 dv 11.45 (0.318/flyby) lag 1.00 d  11 s  [12.5 min]
[  432/1665] col 202781 n 36: planner 1.161 (fuel 351) -> twin tank 826.2 J_i 1.188 dv 12.45 (0.346/flyby) lag 1.00 d  15 s  [12.5 min]
[  433/1665] col 202928 n 36: planner 1.161 (fuel 351) -> twin tank 807.2 J_i 1.170 dv 11.54 (0.321/flyby) lag 1.00 d  12 s  [12.6 min]
[  434/1665] col 202716 n 36: planner 1.161 (fuel 351) -> twin tank 828.0 J_i 1.189 dv 12.54 (0.348/flyby) lag 1.00 d  13 s  [12.7 min]
[  435/1665] col 262137 n 36: planner 1.161 (fuel 351) -> twin tank 804.8 J_i 1.168 dv 11.42 (0.317/flyby) lag 1.00 d  25 s  [12.7 min]
[  436/1665] col 202927 n 36: planner 1.162 (fuel 351) -> twin tank 808.4 J_i 1.171 dv 11.60 (0.322/flyby) lag 1.00 d  8 s  [12.7 min]
[  437/1665] col 202842 n 36: planner 1.162 (fuel 351) -> twin tank 795.8 J_i 1.159 dv 10.98 (0.305/flyby) lag 1.00 d  10 s  [12.7 min]
[  438/1665] col 202751 n 36: planner 1.162 (fuel 351) -> twin tank 817.8 J_i 1.180 dv 12.05 (0.335/flyby) lag 1.00 d  12 s  [12.7 min]
[  439/1665] col 202763 n 36: planner 1.161 (fuel 351) -> twin tank 824.5 J_i 1.186 dv 12.37 (0.344/flyby) lag 1.00 d  12 s  [12.7 min]
[  440/1665] col 202726 n 36: planner 1.162 (fuel 351) -> twin tank 811.4 J_i 1.174 dv 11.74 (0.326/flyby) lag 1.00 d  11 s  [12.7 min]
[  441/1665] col 202644 n 36: planner 1.162 (fuel 351) -> twin tank 836.4 J_i 1.197 dv 12.93 (0.359/flyby) lag 1.00 d  12 s  [12.7 min]
[  442/1665] col 202877 n 36: planner 1.162 (fuel 352) -> twin tank 824.1 J_i 1.186 dv 12.35 (0.343/flyby) lag 1.00 d  5 s  [12.8 min]
[  443/1665] col 202659 n 36: planner 1.162 (fuel 351) -> twin tank 822.5 J_i 1.184 dv 12.27 (0.341/flyby) lag 1.00 d  7 s  [12.8 min]
[  444/1665] col 202859 n 36: planner 1.162 (fuel 352) -> twin tank 794.3 J_i 1.158 dv 10.91 (0.303/flyby) lag 1.00 d  4 s  [12.9 min]
[  445/1665] col 202944 n 36: planner 1.162 (fuel 351) -> twin tank 830.3 J_i 1.192 dv 12.64 (0.351/flyby) lag 1.00 d  11 s  [12.9 min]
[  446/1665] col 202801 n 36: planner 1.162 (fuel 352) -> twin tank 831.3 J_i 1.192 dv 12.69 (0.353/flyby) lag 1.00 d  12 s  [12.9 min]
[  447/1665] col 202769 n 36: planner 1.162 (fuel 352) -> twin tank 833.0 J_i 1.194 dv 12.77 (0.355/flyby) lag 1.00 d  12 s  [12.9 min]
[  448/1665] col 203017 n 36: planner 1.162 (fuel 352) -> twin tank 828.8 J_i 1.190 dv 12.57 (0.349/flyby) lag 1.00 d  12 s  [12.9 min]
[  449/1665] col 202727 n 36: planner 1.162 (fuel 352) -> twin tank 821.3 J_i 1.183 dv 12.22 (0.339/flyby) lag 1.00 d  12 s  [12.9 min]
[  450/1665] col 202649 n 36: planner 1.162 (fuel 352) -> twin tank 807.2 J_i 1.170 dv 11.54 (0.320/flyby) lag 1.00 d  12 s  [12.9 min]
[  451/1665] col 202857 n 36: planner 1.162 (fuel 352) -> twin tank 803.9 J_i 1.167 dv 11.38 (0.316/flyby) lag 1.00 d  11 s  [13.0 min]
[  452/1665] col 202858 n 36: planner 1.162 (fuel 352) -> twin tank 805.4 J_i 1.168 dv 11.45 (0.318/flyby) lag 1.00 d  11 s  [13.0 min]
[  453/1665] col 202650 n 36: planner 1.162 (fuel 352) -> twin tank 806.4 J_i 1.169 dv 11.50 (0.319/flyby) lag 1.00 d  9 s  [13.1 min]
[  454/1665] col 202811 n 36: planner 1.162 (fuel 352) -> twin tank 804.1 J_i 1.167 dv 11.39 (0.316/flyby) lag 1.00 d  9 s  [13.1 min]
[  455/1665] col 202960 n 36: planner 1.162 (fuel 352) -> twin tank 826.6 J_i 1.188 dv 12.47 (0.346/flyby) lag 1.00 d  12 s  [13.1 min]
[  456/1665] col 202972 n 36: planner 1.162 (fuel 352) -> twin tank 804.5 J_i 1.167 dv 11.40 (0.317/flyby) lag 1.00 d  10 s  [13.1 min]
[  457/1665] col 202984 n 36: planner 1.162 (fuel 352) -> twin tank 824.2 J_i 1.186 dv 12.35 (0.343/flyby) lag 1.00 d  5 s  [13.1 min]
[  458/1665] col 202799 n 36: planner 1.162 (fuel 352) -> twin tank 797.5 J_i 1.161 dv 11.07 (0.307/flyby) lag 1.00 d  5 s  [13.2 min]
[  459/1665] col 202652 n 36: planner 1.162 (fuel 352) -> twin tank 808.9 J_i 1.171 dv 11.62 (0.323/flyby) lag 1.00 d  9 s  [13.2 min]
[  460/1665] col 262171 n 36: planner 1.162 (fuel 352) -> twin tank 814.8 J_i 1.177 dv 11.91 (0.331/flyby) lag 1.00 d  27 s  [13.2 min]
[  461/1665] col 202820 n 36: planner 1.163 (fuel 352) -> twin tank 805.6 J_i 1.168 dv 11.46 (0.318/flyby) lag 1.00 d  8 s  [13.3 min]
[  462/1665] col 202967 n 36: planner 1.162 (fuel 352) -> twin tank 825.3 J_i 1.187 dv 12.41 (0.345/flyby) lag 1.00 d  12 s  [13.3 min]
[  463/1665] col 203022 n 36: planner 1.162 (fuel 352) -> twin tank 816.4 J_i 1.178 dv 11.98 (0.333/flyby) lag 1.00 d  12 s  [13.3 min]
[  464/1665] col 262102 n 36: planner 1.162 (fuel 352) -> twin tank 806.6 J_i 1.169 dv 11.51 (0.320/flyby) lag 1.00 d  23 s  [13.3 min]
[  465/1665] col 202822 n 36: planner 1.162 (fuel 352) -> twin tank 813.0 J_i 1.175 dv 11.82 (0.328/flyby) lag 1.00 d  13 s  [13.3 min]
[  466/1665] col 202662 n 36: planner 1.163 (fuel 353) -> twin tank 834.4 J_i 1.195 dv 12.84 (0.357/flyby) lag 1.00 d  6 s  [13.3 min]
[  467/1665] col 202914 n 36: planner 1.163 (fuel 352) -> twin tank 813.7 J_i 1.176 dv 11.85 (0.329/flyby) lag 1.00 d  12 s  [13.3 min]
[  468/1665] col 202807 n 36: planner 1.163 (fuel 353) -> twin tank 834.3 J_i 1.195 dv 12.83 (0.356/flyby) lag 1.00 d  13 s  [13.4 min]
[  469/1665] col 202795 n 36: planner 1.163 (fuel 353) -> twin tank 822.7 J_i 1.184 dv 12.28 (0.341/flyby) lag 1.00 d  11 s  [13.5 min]
[  470/1665] col 202835 n 36: planner 1.163 (fuel 353) -> twin tank 845.1 J_i 1.206 dv 13.34 (0.371/flyby) lag 1.00 d  13 s  [13.5 min]
[  471/1665] col 202684 n 36: planner 1.163 (fuel 353) -> twin tank 834.2 J_i 1.195 dv 12.83 (0.356/flyby) lag 1.00 d  12 s  [13.5 min]
[  472/1665] col 202768 n 36: planner 1.163 (fuel 353) -> twin tank 837.6 J_i 1.198 dv 12.99 (0.361/flyby) lag 1.00 d  12 s  [13.5 min]
[  473/1665] col 202804 n 36: planner 1.163 (fuel 353) -> twin tank 803.3 J_i 1.166 dv 11.35 (0.315/flyby) lag 1.00 d  11 s  [13.5 min]
[  474/1665] col 202864 n 36: planner 1.163 (fuel 353) -> twin tank 823.2 J_i 1.185 dv 12.31 (0.342/flyby) lag 1.00 d  12 s  [13.5 min]
[  475/1665] col 202739 n 36: planner 1.163 (fuel 353) -> twin tank 829.2 J_i 1.190 dv 12.59 (0.350/flyby) lag 1.00 d  9 s  [13.6 min]
[  476/1665] col 202891 n 36: planner 1.163 (fuel 353) -> twin tank 845.3 J_i 1.206 dv 13.35 (0.371/flyby) lag 1.00 d  8 s  [13.6 min]
[  477/1665] col 202759 n 36: planner 1.163 (fuel 353) -> twin tank 821.8 J_i 1.184 dv 12.24 (0.340/flyby) lag 1.00 d  7 s  [13.6 min]
[  478/1665] col 262123 n 36: planner 1.163 (fuel 353) -> twin tank 819.6 J_i 1.181 dv 12.13 (0.337/flyby) lag 1.00 d  21 s  [13.7 min]
[  479/1665] col 202931 n 36: planner 1.163 (fuel 353) -> twin tank 824.2 J_i 1.186 dv 12.35 (0.343/flyby) lag 1.00 d  10 s  [13.7 min]
[  480/1665] col 202764 n 36: planner 1.163 (fuel 353) -> twin tank 823.8 J_i 1.185 dv 12.34 (0.343/flyby) lag 1.00 d  7 s  [13.7 min]
[  481/1665] col 202666 n 36: planner 1.163 (fuel 353) -> twin tank 828.9 J_i 1.190 dv 12.58 (0.349/flyby) lag 1.00 d  12 s  [13.7 min]
[  482/1665] col 202663 n 36: planner 1.163 (fuel 353) -> twin tank 813.1 J_i 1.175 dv 11.82 (0.328/flyby) lag 1.00 d  5 s  [13.8 min]
[  483/1665] col 202766 n 36: planner 1.163 (fuel 353) -> twin tank 830.8 J_i 1.192 dv 12.67 (0.352/flyby) lag 1.00 d  12 s  [13.8 min]
[  484/1665] col 202728 n 36: planner 1.163 (fuel 353) -> twin tank 805.1 J_i 1.168 dv 11.43 (0.318/flyby) lag 1.00 d  9 s  [13.8 min]
[  485/1665] col 262149 n 36: planner 1.163 (fuel 353) -> twin tank 815.8 J_i 1.178 dv 11.95 (0.332/flyby) lag 1.00 d  21 s  [13.8 min]
[  486/1665] col 202991 n 36: planner 1.163 (fuel 353) -> twin tank 820.8 J_i 1.183 dv 12.20 (0.339/flyby) lag 1.00 d  6 s  [13.8 min]
[  487/1665] col 202782 n 36: planner 1.163 (fuel 353) -> twin tank 828.4 J_i 1.190 dv 12.55 (0.349/flyby) lag 1.00 d  13 s  [13.8 min]
[  488/1665] col 262142 n 36: planner 1.163 (fuel 353) -> twin tank 821.3 J_i 1.183 dv 12.22 (0.339/flyby) lag 1.00 d  22 s  [13.9 min]
[  489/1665] col 202639 n 36: planner 1.163 (fuel 353) -> twin tank 812.4 J_i 1.175 dv 11.79 (0.327/flyby) lag 1.00 d  10 s  [13.9 min]
[  490/1665] col 202873 n 36: planner 1.163 (fuel 353) -> twin tank 830.8 J_i 1.192 dv 12.67 (0.352/flyby) lag 1.00 d  12 s  [14.0 min]
[  491/1665] col 202656 n 36: planner 1.163 (fuel 353) -> twin tank 817.7 J_i 1.180 dv 12.04 (0.335/flyby) lag 1.00 d  12 s  [14.0 min]
[  492/1665] col 202863 n 36: planner 1.163 (fuel 353) -> twin tank 833.7 J_i 1.195 dv 12.81 (0.356/flyby) lag 1.00 d  10 s  [14.0 min]
[  493/1665] col 202707 n 36: planner 1.163 (fuel 354) -> twin tank 800.2 J_i 1.163 dv 11.20 (0.311/flyby) lag 1.00 d  7 s  [14.0 min]
[  494/1665] col 203023 n 36: planner 1.163 (fuel 353) -> twin tank 824.2 J_i 1.186 dv 12.36 (0.343/flyby) lag 1.00 d  12 s  [14.0 min]
[  495/1665] col 202748 n 36: planner 1.163 (fuel 354) -> twin tank 829.4 J_i 1.191 dv 12.60 (0.350/flyby) lag 1.00 d  13 s  [14.1 min]
[  496/1665] col 202806 n 36: planner 1.163 (fuel 354) -> twin tank 802.9 J_i 1.166 dv 11.33 (0.315/flyby) lag 1.00 d  11 s  [14.1 min]
[  497/1665] col 202816 n 36: planner 1.163 (fuel 354) -> twin tank 809.1 J_i 1.172 dv 11.63 (0.323/flyby) lag 1.00 d  12 s  [14.2 min]
[  498/1665] col 262097 n 36: planner 1.163 (fuel 353) -> twin tank 811.7 J_i 1.174 dv 11.76 (0.327/flyby) lag 1.00 d  23 s  [14.2 min]
[  499/1665] col 202998 n 36: planner 1.163 (fuel 354) -> twin tank 833.8 J_i 1.195 dv 12.81 (0.356/flyby) lag 1.00 d  13 s  [14.2 min]
[  500/1665] col 202809 n 36: planner 1.163 (fuel 354) -> twin tank 803.2 J_i 1.166 dv 11.34 (0.315/flyby) lag 1.00 d  12 s  [14.2 min]
[  501/1665] col 202745 n 36: planner 1.163 (fuel 354) -> twin tank 829.8 J_i 1.191 dv 12.62 (0.351/flyby) lag 1.00 d  10 s  [14.3 min]
[  502/1665] col 262179 n 36: planner 1.163 (fuel 353) -> twin tank 816.0 J_i 1.178 dv 11.96 (0.332/flyby) lag 1.00 d  27 s  [14.3 min]
[  503/1665] col 202819 n 36: planner 1.163 (fuel 354) -> twin tank 803.1 J_i 1.166 dv 11.34 (0.315/flyby) lag 1.00 d  9 s  [14.3 min]
[  504/1665] col 202826 n 36: planner 1.163 (fuel 354) -> twin tank 798.5 J_i 1.162 dv 11.11 (0.309/flyby) lag 1.00 d  7 s  [14.3 min]
[  505/1665] col 202833 n 36: planner 1.163 (fuel 354) -> twin tank 816.7 J_i 1.179 dv 12.00 (0.333/flyby) lag 1.00 d  11 s  [14.4 min]
[  506/1665] col 262167 n 36: planner 1.163 (fuel 354) -> twin tank 814.6 J_i 1.177 dv 11.90 (0.330/flyby) lag 1.00 d  25 s  [14.4 min]
[  507/1665] col 202975 n 36: planner 1.163 (fuel 354) -> twin tank 815.4 J_i 1.178 dv 11.93 (0.332/flyby) lag 1.00 d  12 s  [14.4 min]
[  508/1665] col 202654 n 36: planner 1.163 (fuel 354) -> twin tank 818.4 J_i 1.180 dv 12.08 (0.336/flyby) lag 1.00 d  14 s  [14.5 min]
[  509/1665] col 202823 n 36: planner 1.163 (fuel 354) -> twin tank 836.7 J_i 1.198 dv 12.95 (0.360/flyby) lag 1.00 d  15 s  [14.5 min]
[  510/1665] col 202815 n 36: planner 1.164 (fuel 354) -> twin tank 823.9 J_i 1.185 dv 12.34 (0.343/flyby) lag 1.00 d  14 s  [14.5 min]
[  511/1665] col 202843 n 36: planner 1.164 (fuel 354) -> twin tank 803.6 J_i 1.167 dv 11.36 (0.316/flyby) lag 1.00 d  14 s  [14.5 min]
[  512/1665] col 202871 n 36: planner 1.164 (fuel 354) -> twin tank 817.8 J_i 1.180 dv 12.05 (0.335/flyby) lag 1.00 d  16 s  [14.5 min]
[  513/1665] col 202668 n 36: planner 1.164 (fuel 354) -> twin tank 824.6 J_i 1.186 dv 12.37 (0.344/flyby) lag 1.00 d  11 s  [14.5 min]
[  514/1665] col 202923 n 36: planner 1.164 (fuel 354) -> twin tank 807.6 J_i 1.170 dv 11.56 (0.321/flyby) lag 1.00 d  5 s  [14.6 min]
[  515/1665] col 202867 n 36: planner 1.164 (fuel 354) -> twin tank 806.7 J_i 1.169 dv 11.51 (0.320/flyby) lag 1.00 d  15 s  [14.7 min]
[  516/1665] col 202798 n 36: planner 1.164 (fuel 354) -> twin tank 828.6 J_i 1.190 dv 12.57 (0.349/flyby) lag 1.00 d  12 s  [14.7 min]
[  517/1665] col 202754 n 36: planner 1.164 (fuel 354) -> twin tank 823.5 J_i 1.185 dv 12.32 (0.342/flyby) lag 1.00 d  15 s  [14.7 min]
[  518/1665] col 202862 n 36: planner 1.164 (fuel 354) -> twin tank 816.3 J_i 1.178 dv 11.98 (0.333/flyby) lag 1.00 d  12 s  [14.7 min]
[  519/1665] col 202829 n 36: planner 1.164 (fuel 354) -> twin tank 838.7 J_i 1.200 dv 13.04 (0.362/flyby) lag 1.00 d  15 s  [14.8 min]
[  520/1665] col 202687 n 36: planner 1.164 (fuel 354) -> twin tank 801.8 J_i 1.165 dv 11.27 (0.313/flyby) lag 1.00 d  11 s  [14.8 min]
[  521/1665] col 262147 n 36: planner 1.164 (fuel 354) -> twin tank 820.8 J_i 1.183 dv 12.19 (0.339/flyby) lag 1.00 d  26 s  [14.8 min]
[  522/1665] col 202734 n 36: planner 1.164 (fuel 354) -> twin tank 803.0 J_i 1.166 dv 11.33 (0.315/flyby) lag 1.00 d  11 s  [14.9 min]
[  523/1665] col 202657 n 36: planner 1.164 (fuel 354) -> twin tank 819.4 J_i 1.181 dv 12.13 (0.337/flyby) lag 1.00 d  15 s  [15.0 min]
[  524/1665] col 262148 n 36: planner 1.164 (fuel 354) -> twin tank 821.5 J_i 1.183 dv 12.23 (0.340/flyby) lag 1.00 d  27 s  [15.0 min]
[  525/1665] col 202786 n 36: planner 1.164 (fuel 355) -> twin tank 835.6 J_i 1.197 dv 12.89 (0.358/flyby) lag 1.00 d  15 s  [15.0 min]
[  526/1665] col 202797 n 36: planner 1.164 (fuel 355) -> twin tank 831.0 J_i 1.192 dv 12.68 (0.352/flyby) lag 1.00 d  15 s  [15.1 min]
[  527/1665] col 202814 n 36: planner 1.164 (fuel 355) -> twin tank 812.7 J_i 1.175 dv 11.80 (0.328/flyby) lag 1.00 d  14 s  [15.1 min]
[  528/1665] col 202942 n 36: planner 1.164 (fuel 355) -> twin tank 831.3 J_i 1.193 dv 12.69 (0.353/flyby) lag 1.00 d  15 s  [15.1 min]
[  529/1665] col 262157 n 36: planner 1.164 (fuel 354) -> twin tank 804.4 J_i 1.167 dv 11.40 (0.317/flyby) lag 1.00 d  27 s  [15.1 min]
[  530/1665] col 262129 n 36: planner 1.164 (fuel 354) -> twin tank 813.3 J_i 1.176 dv 11.83 (0.329/flyby) lag 1.00 d  26 s  [15.1 min]
[  531/1665] col 202881 n 36: planner 1.164 (fuel 355) -> twin tank 835.8 J_i 1.197 dv 12.90 (0.358/flyby) lag 1.00 d  11 s  [15.2 min]
[  532/1665] col 202962 n 36: planner 1.164 (fuel 355) -> twin tank 798.8 J_i 1.162 dv 11.13 (0.309/flyby) lag 1.00 d  11 s  [15.2 min]
[  533/1665] col 202646 n 36: planner 1.164 (fuel 355) -> twin tank 829.9 J_i 1.191 dv 12.63 (0.351/flyby) lag 1.00 d  13 s  [15.3 min]
[  534/1665] col 202715 n 36: planner 1.164 (fuel 355) -> twin tank 827.7 J_i 1.189 dv 12.52 (0.348/flyby) lag 1.00 d  11 s  [15.3 min]
[  535/1665] col 202852 n 36: planner 1.164 (fuel 355) -> twin tank 831.1 J_i 1.192 dv 12.68 (0.352/flyby) lag 1.00 d  15 s  [15.4 min]
[  536/1665] col 262159 n 36: planner 1.164 (fuel 355) -> twin tank 816.4 J_i 1.178 dv 11.98 (0.333/flyby) lag 1.00 d  27 s  [15.4 min]
[  537/1665] col 202897 n 36: planner 1.164 (fuel 355) -> twin tank 808.9 J_i 1.171 dv 11.62 (0.323/flyby) lag 1.00 d  16 s  [15.4 min]
[  538/1665] col 202906 n 36: planner 1.164 (fuel 355) -> twin tank 784.5 J_i 1.149 dv 10.42 (0.289/flyby) lag 1.00 d  9 s  [15.5 min]
[  539/1665] col 262128 n 36: planner 1.164 (fuel 355) -> twin tank 818.3 J_i 1.180 dv 12.08 (0.335/flyby) lag 1.00 d  28 s  [15.5 min]
[  540/1665] col 203003 n 36: planner 1.164 (fuel 355) -> twin tank 832.9 J_i 1.194 dv 12.77 (0.355/flyby) lag 1.00 d  15 s  [15.5 min]
[  541/1665] col 202699 n 36: planner 1.164 (fuel 355) -> twin tank 828.1 J_i 1.189 dv 12.54 (0.348/flyby) lag 1.00 d  16 s  [15.5 min]
[  542/1665] col 202851 n 36: planner 1.164 (fuel 355) -> twin tank 815.3 J_i 1.177 dv 11.93 (0.331/flyby) lag 1.00 d  13 s  [15.6 min]
[  543/1665] col 262098 n 36: planner 1.164 (fuel 355) -> twin tank 825.1 J_i 1.187 dv 12.40 (0.344/flyby) lag 1.00 d  26 s  [15.6 min]
[  544/1665] col 202853 n 36: planner 1.164 (fuel 355) -> twin tank 807.1 J_i 1.170 dv 11.53 (0.320/flyby) lag 1.00 d  15 s  [15.7 min]
[  545/1665] col 202898 n 36: planner 1.164 (fuel 355) -> twin tank 796.0 J_i 1.160 dv 10.99 (0.305/flyby) lag 1.00 d  12 s  [15.7 min]
[  546/1665] col 202791 n 36: planner 1.164 (fuel 355) -> twin tank 799.0 J_i 1.162 dv 11.14 (0.309/flyby) lag 1.00 d  14 s  [15.7 min]
[  547/1665] col 262112 n 36: planner 1.164 (fuel 355) -> twin tank 825.5 J_i 1.187 dv 12.42 (0.345/flyby) lag 1.00 d  26 s  [15.8 min]
[  548/1665] col 262139 n 36: planner 1.164 (fuel 355) -> twin tank 820.9 J_i 1.183 dv 12.20 (0.339/flyby) lag 1.00 d  28 s  [15.9 min]
[  549/1665] col 202939 n 36: planner 1.164 (fuel 355) -> twin tank 830.5 J_i 1.192 dv 12.66 (0.352/flyby) lag 1.00 d  15 s  [15.9 min]
[  550/1665] col 202848 n 36: planner 1.164 (fuel 355) -> twin tank 818.0 J_i 1.180 dv 12.06 (0.335/flyby) lag 1.00 d  7 s  [15.9 min]
[  551/1665] col 262132 n 36: planner 1.164 (fuel 355) -> twin tank 818.1 J_i 1.180 dv 12.06 (0.335/flyby) lag 1.00 d  27 s  [16.0 min]
[  552/1665] col 262126 n 36: planner 1.164 (fuel 355) -> twin tank 814.6 J_i 1.177 dv 11.90 (0.330/flyby) lag 1.00 d  26 s  [16.0 min]
[  553/1665] col 262110 n 36: planner 1.164 (fuel 355) -> twin tank 806.9 J_i 1.170 dv 11.52 (0.320/flyby) lag 1.00 d  26 s  [16.1 min]
[  554/1665] col 262113 n 36: planner 1.164 (fuel 355) -> twin tank 824.4 J_i 1.186 dv 12.37 (0.344/flyby) lag 1.00 d  25 s  [16.1 min]
[  555/1665] col 262152 n 36: planner 1.164 (fuel 355) -> twin tank 820.3 J_i 1.182 dv 12.17 (0.338/flyby) lag 1.00 d  27 s  [16.1 min]
[  556/1665] col 202732 n 36: planner 1.165 (fuel 356) -> twin tank 818.6 J_i 1.181 dv 12.09 (0.336/flyby) lag 1.00 d  10 s  [16.2 min]
[  557/1665] col 202722 n 36: planner 1.165 (fuel 356) -> twin tank 822.9 J_i 1.185 dv 12.29 (0.341/flyby) lag 1.00 d  10 s  [16.2 min]
[  558/1665] col 202749 n 36: planner 1.165 (fuel 356) -> twin tank 828.8 J_i 1.190 dv 12.58 (0.349/flyby) lag 1.00 d  11 s  [16.2 min]
[  559/1665] col 262154 n 36: planner 1.164 (fuel 355) -> twin tank 821.1 J_i 1.183 dv 12.21 (0.339/flyby) lag 1.00 d  24 s  [16.3 min]
[  560/1665] col 262181 n 36: planner 1.165 (fuel 355) -> twin tank 820.6 J_i 1.182 dv 12.19 (0.339/flyby) lag 1.00 d  24 s  [16.3 min]
[  561/1665] col 262131 n 36: planner 1.164 (fuel 355) -> twin tank 808.6 J_i 1.171 dv 11.61 (0.322/flyby) lag 1.00 d  25 s  [16.3 min]
[  562/1665] col 202981 n 36: planner 1.165 (fuel 356) -> twin tank 833.5 J_i 1.195 dv 12.79 (0.355/flyby) lag 1.00 d  7 s  [16.4 min]
[  563/1665] col 262095 n 36: planner 1.165 (fuel 355) -> twin tank 821.3 J_i 1.183 dv 12.22 (0.339/flyby) lag 1.00 d  23 s  [16.4 min]
[  564/1665] col 202831 n 36: planner 1.165 (fuel 356) -> twin tank 818.1 J_i 1.180 dv 12.07 (0.335/flyby) lag 1.00 d  12 s  [16.4 min]
[  565/1665] col 202705 n 36: planner 1.165 (fuel 356) -> twin tank 809.8 J_i 1.172 dv 11.66 (0.324/flyby) lag 1.00 d  4 s  [16.4 min]
[  566/1665] col 202661 n 36: planner 1.165 (fuel 356) -> twin tank 816.7 J_i 1.179 dv 12.00 (0.333/flyby) lag 1.00 d  11 s  [16.4 min]
[  567/1665] col 202785 n 36: planner 1.165 (fuel 356) -> twin tank 821.4 J_i 1.183 dv 12.22 (0.339/flyby) lag 1.00 d  5 s  [16.4 min]
[  568/1665] col 203006 n 36: planner 1.165 (fuel 356) -> twin tank 831.4 J_i 1.193 dv 12.70 (0.353/flyby) lag 1.00 d  9 s  [16.5 min]
[  569/1665] col 262158 n 36: planner 1.165 (fuel 356) -> twin tank 822.2 J_i 1.184 dv 12.26 (0.341/flyby) lag 1.00 d  21 s  [16.5 min]
[  570/1665] col 202689 n 36: planner 1.165 (fuel 356) -> twin tank 805.3 J_i 1.168 dv 11.45 (0.318/flyby) lag 1.00 d  10 s  [16.5 min]
[  571/1665] col 202762 n 36: planner 1.165 (fuel 356) -> twin tank 828.5 J_i 1.190 dv 12.56 (0.349/flyby) lag 1.00 d  8 s  [16.5 min]
[  572/1665] col 202720 n 36: planner 1.165 (fuel 356) -> twin tank 822.7 J_i 1.184 dv 12.28 (0.341/flyby) lag 1.00 d  11 s  [16.6 min]
[  573/1665] col 202903 n 36: planner 1.165 (fuel 356) -> twin tank 811.1 J_i 1.173 dv 11.73 (0.326/flyby) lag 1.00 d  11 s  [16.6 min]
[  574/1665] col 202671 n 36: planner 1.165 (fuel 356) -> twin tank 824.4 J_i 1.186 dv 12.37 (0.343/flyby) lag 1.00 d  9 s  [16.6 min]
[  575/1665] col 202660 n 36: planner 1.165 (fuel 356) -> twin tank 827.9 J_i 1.189 dv 12.53 (0.348/flyby) lag 1.00 d  10 s  [16.6 min]
[  576/1665] col 202793 n 36: planner 1.165 (fuel 356) -> twin tank 817.7 J_i 1.180 dv 12.04 (0.335/flyby) lag 1.00 d  3 s  [16.6 min]
[  577/1665] col 202792 n 36: planner 1.165 (fuel 356) -> twin tank 817.5 J_i 1.179 dv 12.03 (0.334/flyby) lag 1.00 d  4 s  [16.6 min]
[  578/1665] col 202846 n 36: planner 1.165 (fuel 356) -> twin tank 836.2 J_i 1.197 dv 12.92 (0.359/flyby) lag 1.00 d  11 s  [16.7 min]
[  579/1665] col 202961 n 36: planner 1.165 (fuel 356) -> twin tank 826.5 J_i 1.188 dv 12.47 (0.346/flyby) lag 1.00 d  11 s  [16.7 min]
[  580/1665] col 202894 n 36: planner 1.165 (fuel 356) -> twin tank 829.5 J_i 1.191 dv 12.61 (0.350/flyby) lag 1.00 d  9 s  [16.8 min]
[  581/1665] col 202796 n 36: planner 1.165 (fuel 356) -> twin tank 829.7 J_i 1.191 dv 12.62 (0.351/flyby) lag 1.00 d  11 s  [16.8 min]
[  582/1665] col 262133 n 36: planner 1.165 (fuel 356) -> twin tank 816.7 J_i 1.179 dv 12.00 (0.333/flyby) lag 1.00 d  21 s  [16.8 min]
[  583/1665] col 202770 n 36: planner 1.165 (fuel 356) -> twin tank 828.7 J_i 1.190 dv 12.57 (0.349/flyby) lag 1.00 d  12 s  [16.8 min]
[  584/1665] col 202902 n 36: planner 1.165 (fuel 356) -> twin tank 815.7 J_i 1.178 dv 11.95 (0.332/flyby) lag 1.00 d  12 s  [16.9 min]
[  585/1665] col 262153 n 36: planner 1.165 (fuel 356) -> twin tank 821.2 J_i 1.183 dv 12.21 (0.339/flyby) lag 1.00 d  21 s  [16.9 min]
[  586/1665] col 203010 n 36: planner 1.165 (fuel 356) -> twin tank 837.4 J_i 1.198 dv 12.98 (0.361/flyby) lag 1.00 d  10 s  [16.9 min]
[  587/1665] col 262100 n 36: planner 1.165 (fuel 356) -> twin tank 808.6 J_i 1.171 dv 11.61 (0.322/flyby) lag 1.00 d  20 s  [16.9 min]
[  588/1665] col 202730 n 36: planner 1.165 (fuel 357) -> twin tank 800.2 J_i 1.163 dv 11.20 (0.311/flyby) lag 1.00 d  4 s  [16.9 min]
[  589/1665] col 202641 n 36: planner 1.165 (fuel 356) -> twin tank 826.7 J_i 1.188 dv 12.47 (0.346/flyby) lag 1.00 d  10 s  [16.9 min]
[  590/1665] col 202774 n 36: planner 1.165 (fuel 356) -> twin tank 824.6 J_i 1.186 dv 12.37 (0.344/flyby) lag 1.00 d  11 s  [17.0 min]
[  591/1665] col 202692 n 36: planner 1.165 (fuel 356) -> twin tank 814.4 J_i 1.177 dv 11.89 (0.330/flyby) lag 1.00 d  7 s  [17.0 min]
[  592/1665] col 202892 n 36: planner 1.165 (fuel 357) -> twin tank 795.6 J_i 1.159 dv 10.97 (0.305/flyby) lag 1.00 d  4 s  [17.0 min]
[  593/1665] col 202916 n 36: planner 1.165 (fuel 357) -> twin tank 820.0 J_i 1.182 dv 12.16 (0.338/flyby) lag 1.00 d  9 s  [17.1 min]
[  594/1665] col 202802 n 36: planner 1.165 (fuel 357) -> twin tank 842.1 J_i 1.203 dv 13.20 (0.367/flyby) lag 1.00 d  11 s  [17.1 min]
[  595/1665] col 262116 n 36: planner 1.165 (fuel 356) -> twin tank 816.9 J_i 1.179 dv 12.01 (0.334/flyby) lag 1.00 d  18 s  [17.1 min]
[  596/1665] col 202694 n 36: planner 1.165 (fuel 357) -> twin tank 821.8 J_i 1.184 dv 12.24 (0.340/flyby) lag 1.00 d  11 s  [17.1 min]
[  597/1665] col 202920 n 36: planner 1.165 (fuel 357) -> twin tank 819.7 J_i 1.182 dv 12.14 (0.337/flyby) lag 1.00 d  11 s  [17.1 min]
[  598/1665] col 202876 n 36: planner 1.165 (fuel 357) -> twin tank 813.6 J_i 1.176 dv 11.85 (0.329/flyby) lag 1.00 d  10 s  [17.2 min]
[  599/1665] col 262115 n 36: planner 1.165 (fuel 357) -> twin tank 819.6 J_i 1.181 dv 12.14 (0.337/flyby) lag 1.00 d  19 s  [17.2 min]
[  600/1665] col 262099 n 36: planner 1.165 (fuel 357) -> twin tank 825.6 J_i 1.187 dv 12.42 (0.345/flyby) lag 1.00 d  19 s  [17.2 min]
[  601/1665] col 202740 n 36: planner 1.165 (fuel 357) -> twin tank 818.5 J_i 1.180 dv 12.08 (0.336/flyby) lag 1.00 d  12 s  [17.3 min]
[  602/1665] col 202803 n 36: planner 1.165 (fuel 357) -> twin tank 829.2 J_i 1.190 dv 12.59 (0.350/flyby) lag 1.00 d  11 s  [17.3 min]
[  603/1665] col 202861 n 36: planner 1.165 (fuel 357) -> twin tank 828.5 J_i 1.190 dv 12.56 (0.349/flyby) lag 1.00 d  13 s  [17.4 min]
[  604/1665] col 202698 n 36: planner 1.166 (fuel 357) -> twin tank 836.5 J_i 1.197 dv 12.94 (0.359/flyby) lag 1.00 d  12 s  [17.4 min]
[  605/1665] col 202824 n 36: planner 1.166 (fuel 357) -> twin tank 832.6 J_i 1.194 dv 12.75 (0.354/flyby) lag 1.00 d  12 s  [17.4 min]
[  606/1665] col 202925 n 36: planner 1.166 (fuel 357) -> twin tank 828.2 J_i 1.190 dv 12.54 (0.348/flyby) lag 1.00 d  9 s  [17.4 min]
[  607/1665] col 202879 n 36: planner 1.166 (fuel 357) -> twin tank 808.7 J_i 1.171 dv 11.61 (0.322/flyby) lag 1.00 d  10 s  [17.4 min]
[  608/1665] col 214832 n 36: planner 1.166 (fuel 357) -> twin tank 806.3 J_i 1.169 dv 11.50 (0.319/flyby) lag 1.00 d  9 s  [17.4 min]
[  609/1665] col 262175 n 36: planner 1.165 (fuel 357) -> twin tank 815.1 J_i 1.177 dv 11.92 (0.331/flyby) lag 1.00 d  20 s  [17.5 min]
[  610/1665] col 202690 n 36: planner 1.166 (fuel 357) -> twin tank 829.8 J_i 1.191 dv 12.62 (0.351/flyby) lag 1.00 d  12 s  [17.5 min]
[  611/1665] col 262161 n 36: planner 1.166 (fuel 357) -> twin tank 820.4 J_i 1.182 dv 12.18 (0.338/flyby) lag 1.00 d  24 s  [17.6 min]
[  612/1665] col 202847 n 36: planner 1.166 (fuel 357) -> twin tank 806.8 J_i 1.170 dv 11.52 (0.320/flyby) lag 1.00 d  10 s  [17.6 min]
[  613/1665] col 202695 n 36: planner 1.166 (fuel 357) -> twin tank 835.4 J_i 1.196 dv 12.88 (0.358/flyby) lag 1.00 d  13 s  [17.6 min]
[  614/1665] col 202866 n 36: planner 1.166 (fuel 357) -> twin tank 817.1 J_i 1.179 dv 12.02 (0.334/flyby) lag 1.00 d  4 s  [17.6 min]
[  615/1665] col 202976 n 36: planner 1.166 (fuel 357) -> twin tank 830.3 J_i 1.192 dv 12.65 (0.351/flyby) lag 1.00 d  13 s  [17.6 min]
[  616/1665] col 202810 n 36: planner 1.166 (fuel 357) -> twin tank 838.2 J_i 1.199 dv 13.02 (0.362/flyby) lag 1.00 d  13 s  [17.6 min]
[  617/1665] col 202855 n 36: planner 1.166 (fuel 357) -> twin tank 821.9 J_i 1.184 dv 12.25 (0.340/flyby) lag 1.00 d  13 s  [17.7 min]
[  618/1665] col 202937 n 36: planner 1.166 (fuel 357) -> twin tank 833.6 J_i 1.195 dv 12.80 (0.356/flyby) lag 1.00 d  9 s  [17.7 min]
[  619/1665] col 262119 n 36: planner 1.166 (fuel 357) -> twin tank 823.0 J_i 1.185 dv 12.30 (0.342/flyby) lag 1.00 d  21 s  [17.7 min]
[  620/1665] col 202941 n 36: planner 1.166 (fuel 357) -> twin tank 817.3 J_i 1.179 dv 12.02 (0.334/flyby) lag 1.00 d  10 s  [17.7 min]
[  621/1665] col 202669 n 36: planner 1.166 (fuel 357) -> twin tank 803.1 J_i 1.166 dv 11.34 (0.315/flyby) lag 1.00 d  4 s  [17.8 min]
[  622/1665] col 202675 n 36: planner 1.166 (fuel 357) -> twin tank 814.7 J_i 1.177 dv 11.90 (0.331/flyby) lag 1.00 d  9 s  [17.8 min]
[  623/1665] col 202697 n 36: planner 1.166 (fuel 357) -> twin tank 844.6 J_i 1.205 dv 13.32 (0.370/flyby) lag 1.00 d  12 s  [17.8 min]
[  624/1665] col 202969 n 36: planner 1.166 (fuel 357) -> twin tank 821.8 J_i 1.184 dv 12.24 (0.340/flyby) lag 1.00 d  12 s  [17.9 min]
[  625/1665] col 202849 n 36: planner 1.166 (fuel 357) -> twin tank 810.1 J_i 1.173 dv 11.68 (0.324/flyby) lag 1.00 d  11 s  [17.9 min]
[  626/1665] col 262109 n 36: planner 1.166 (fuel 357) -> twin tank 820.2 J_i 1.182 dv 12.16 (0.338/flyby) lag 1.00 d  21 s  [17.9 min]
[  627/1665] col 202946 n 36: planner 1.166 (fuel 357) -> twin tank 818.5 J_i 1.180 dv 12.08 (0.336/flyby) lag 1.00 d  12 s  [17.9 min]
[  628/1665] col 202936 n 36: planner 1.166 (fuel 357) -> twin tank 821.8 J_i 1.183 dv 12.24 (0.340/flyby) lag 1.00 d  8 s  [18.0 min]
[  629/1665] col 262169 n 36: planner 1.166 (fuel 357) -> twin tank 814.9 J_i 1.177 dv 11.91 (0.331/flyby) lag 1.00 d  21 s  [18.0 min]
[  630/1665] col 202812 n 36: planner 1.166 (fuel 357) -> twin tank 836.8 J_i 1.198 dv 12.95 (0.360/flyby) lag 1.00 d  11 s  [18.0 min]
[  631/1665] col 202900 n 36: planner 1.166 (fuel 357) -> twin tank 831.8 J_i 1.193 dv 12.71 (0.353/flyby) lag 1.00 d  8 s  [18.0 min]
[  632/1665] col 202910 n 36: planner 1.166 (fuel 357) -> twin tank 808.2 J_i 1.171 dv 11.59 (0.322/flyby) lag 1.00 d  10 s  [18.1 min]
[  633/1665] col 202845 n 36: planner 1.166 (fuel 357) -> twin tank 833.1 J_i 1.194 dv 12.78 (0.355/flyby) lag 1.00 d  11 s  [18.1 min]
[  634/1665] col 202747 n 36: planner 1.166 (fuel 357) -> twin tank 814.7 J_i 1.177 dv 11.90 (0.331/flyby) lag 1.00 d  10 s  [18.1 min]
[  635/1665] col 262138 n 36: planner 1.166 (fuel 357) -> twin tank 817.1 J_i 1.179 dv 12.02 (0.334/flyby) lag 1.00 d  21 s  [18.1 min]
[  636/1665] col 202746 n 36: planner 1.166 (fuel 357) -> twin tank 810.7 J_i 1.173 dv 11.71 (0.325/flyby) lag 1.00 d  11 s  [18.2 min]
[  637/1665] col 202913 n 36: planner 1.166 (fuel 357) -> twin tank 814.7 J_i 1.177 dv 11.90 (0.331/flyby) lag 1.00 d  9 s  [18.2 min]
[  638/1665] col 202996 n 36: planner 1.166 (fuel 357) -> twin tank 817.5 J_i 1.179 dv 12.04 (0.334/flyby) lag 1.00 d  10 s  [18.2 min]
[  639/1665] col 262160 n 36: planner 1.166 (fuel 357) -> twin tank 823.9 J_i 1.186 dv 12.34 (0.343/flyby) lag 1.00 d  20 s  [18.2 min]
[  640/1665] col 202911 n 36: planner 1.166 (fuel 357) -> twin tank 844.0 J_i 1.205 dv 13.29 (0.369/flyby) lag 1.00 d  8 s  [18.2 min]
[  641/1665] col 262140 n 36: planner 1.166 (fuel 357) -> twin tank 818.3 J_i 1.180 dv 12.07 (0.335/flyby) lag 1.00 d  19 s  [18.3 min]
[  642/1665] col 203012 n 36: planner 1.166 (fuel 357) -> twin tank 824.2 J_i 1.186 dv 12.36 (0.343/flyby) lag 1.00 d  10 s  [18.3 min]
[  643/1665] col 203002 n 36: planner 1.166 (fuel 358) -> twin tank 818.6 J_i 1.181 dv 12.09 (0.336/flyby) lag 1.00 d  11 s  [18.4 min]
[  644/1665] col 202704 n 36: planner 1.166 (fuel 358) -> twin tank 810.5 J_i 1.173 dv 11.70 (0.325/flyby) lag 1.00 d  10 s  [18.4 min]
[  645/1665] col 262165 n 36: planner 1.166 (fuel 358) -> twin tank 821.7 J_i 1.183 dv 12.24 (0.340/flyby) lag 1.00 d  20 s  [18.5 min]
[  646/1665] col 262186 n 36: planner 1.166 (fuel 358) -> twin tank 824.9 J_i 1.186 dv 12.39 (0.344/flyby) lag 1.00 d  20 s  [18.5 min]
[  647/1665] col 262163 n 36: planner 1.166 (fuel 358) -> twin tank 814.9 J_i 1.177 dv 11.91 (0.331/flyby) lag 1.00 d  20 s  [18.6 min]
[  648/1665] col 262162 n 36: planner 1.166 (fuel 358) -> twin tank 817.5 J_i 1.180 dv 12.04 (0.334/flyby) lag 1.00 d  21 s  [18.6 min]
[  649/1665] col 262084 n 36: planner 1.166 (fuel 358) -> twin tank 809.7 J_i 1.172 dv 11.66 (0.324/flyby) lag 1.00 d  21 s  [18.6 min]
[  650/1665] col 262093 n 36: planner 1.166 (fuel 358) -> twin tank 815.9 J_i 1.178 dv 11.96 (0.332/flyby) lag 1.00 d  21 s  [18.6 min]
[  651/1665] col 202724 n 36: planner 1.166 (fuel 358) -> twin tank 837.2 J_i 1.198 dv 12.97 (0.360/flyby) lag 1.00 d  10 s  [18.7 min]
[  652/1665] col 262117 n 36: planner 1.166 (fuel 358) -> twin tank 811.9 J_i 1.174 dv 11.76 (0.327/flyby) lag 1.00 d  21 s  [18.7 min]
[  653/1665] col 202776 n 36: planner 1.166 (fuel 358) -> twin tank 818.1 J_i 1.180 dv 12.06 (0.335/flyby) lag 1.00 d  10 s  [18.7 min]
[  654/1665] col 262104 n 36: planner 1.166 (fuel 358) -> twin tank 807.7 J_i 1.170 dv 11.56 (0.321/flyby) lag 1.00 d  21 s  [18.7 min]
[  655/1665] col 203024 n 36: planner 1.166 (fuel 358) -> twin tank 823.7 J_i 1.185 dv 12.33 (0.343/flyby) lag 1.00 d  12 s  [18.8 min]
[  656/1665] col 202885 n 36: planner 1.166 (fuel 358) -> twin tank 803.9 J_i 1.167 dv 11.38 (0.316/flyby) lag 1.00 d  9 s  [18.8 min]
[  657/1665] col 202940 n 36: planner 1.166 (fuel 358) -> twin tank 791.0 J_i 1.155 dv 10.74 (0.298/flyby) lag 1.00 d  7 s  [18.8 min]
[  658/1665] col 202672 n 36: planner 1.166 (fuel 358) -> twin tank 808.9 J_i 1.171 dv 11.62 (0.323/flyby) lag 1.00 d  11 s  [18.8 min]
[  659/1665] col 202678 n 36: planner 1.166 (fuel 358) -> twin tank 841.3 J_i 1.202 dv 13.16 (0.366/flyby) lag 1.00 d  7 s  [18.8 min]
[  660/1665] col 262105 n 36: planner 1.166 (fuel 358) -> twin tank 820.1 J_i 1.182 dv 12.16 (0.338/flyby) lag 1.00 d  22 s  [18.9 min]
[  661/1665] col 202778 n 36: planner 1.166 (fuel 358) -> twin tank 828.9 J_i 1.190 dv 12.58 (0.349/flyby) lag 1.00 d  9 s  [18.9 min]
[  662/1665] col 202919 n 36: planner 1.166 (fuel 358) -> twin tank 839.6 J_i 1.200 dv 13.08 (0.363/flyby) lag 1.00 d  10 s  [18.9 min]
[  663/1665] col 202818 n 36: planner 1.166 (fuel 358) -> twin tank 810.9 J_i 1.173 dv 11.72 (0.326/flyby) lag 1.00 d  5 s  [18.9 min]
[  664/1665] col 202709 n 36: planner 1.166 (fuel 358) -> twin tank 841.6 J_i 1.202 dv 13.17 (0.366/flyby) lag 1.00 d  7 s  [19.0 min]
[  665/1665] col 202681 n 36: planner 1.166 (fuel 358) -> twin tank 825.2 J_i 1.187 dv 12.40 (0.345/flyby) lag 1.00 d  11 s  [19.0 min]
[  666/1665] col 202836 n 36: planner 1.166 (fuel 358) -> twin tank 825.7 J_i 1.187 dv 12.43 (0.345/flyby) lag 1.00 d  14 s  [19.0 min]
[  667/1665] col 262177 n 36: planner 1.166 (fuel 358) -> twin tank 828.3 J_i 1.190 dv 12.55 (0.349/flyby) lag 1.00 d  24 s  [19.2 min]
[  668/1665] col 262178 n 36: planner 1.166 (fuel 358) -> twin tank 832.7 J_i 1.194 dv 12.76 (0.354/flyby) lag 1.00 d  24 s  [19.2 min]
[  669/1665] col 202674 n 36: planner 1.166 (fuel 358) -> twin tank 816.8 J_i 1.179 dv 12.00 (0.333/flyby) lag 1.00 d  12 s  [19.2 min]
[  670/1665] col 262145 n 36: planner 1.166 (fuel 358) -> twin tank 824.4 J_i 1.186 dv 12.36 (0.343/flyby) lag 1.00 d  24 s  [19.3 min]
[  671/1665] col 262164 n 36: planner 1.166 (fuel 358) -> twin tank 828.9 J_i 1.190 dv 12.58 (0.349/flyby) lag 1.00 d  23 s  [19.3 min]
[  672/1665] col 202901 n 36: planner 1.166 (fuel 358) -> twin tank 805.3 J_i 1.168 dv 11.45 (0.318/flyby) lag 1.00 d  8 s  [19.3 min]
[  673/1665] col 262170 n 36: planner 1.166 (fuel 358) -> twin tank 812.2 J_i 1.175 dv 11.78 (0.327/flyby) lag 1.00 d  27 s  [19.3 min]
[  674/1665] col 202888 n 36: planner 1.166 (fuel 358) -> twin tank 802.5 J_i 1.166 dv 11.31 (0.314/flyby) lag 1.00 d  10 s  [19.3 min]
[  675/1665] col 262146 n 36: planner 1.166 (fuel 358) -> twin tank 825.9 J_i 1.187 dv 12.44 (0.346/flyby) lag 1.00 d  23 s  [19.4 min]
[  676/1665] col 262103 n 36: planner 1.166 (fuel 358) -> twin tank 821.4 J_i 1.183 dv 12.22 (0.340/flyby) lag 1.00 d  22 s  [19.4 min]
[  677/1665] col 202693 n 36: planner 1.166 (fuel 358) -> twin tank 840.3 J_i 1.201 dv 13.11 (0.364/flyby) lag 1.00 d  12 s  [19.4 min]
[  678/1665] col 202648 n 36: planner 1.166 (fuel 358) -> twin tank 836.1 J_i 1.197 dv 12.92 (0.359/flyby) lag 1.00 d  10 s  [19.4 min]
[  679/1665] col 202896 n 36: planner 1.166 (fuel 358) -> twin tank 804.1 J_i 1.167 dv 11.39 (0.316/flyby) lag 1.00 d  13 s  [19.6 min]
[  680/1665] col 202655 n 36: planner 1.166 (fuel 358) -> twin tank 826.4 J_i 1.188 dv 12.46 (0.346/flyby) lag 1.00 d  13 s  [19.6 min]
[  681/1665] col 202958 n 36: planner 1.166 (fuel 358) -> twin tank 814.9 J_i 1.177 dv 11.91 (0.331/flyby) lag 1.00 d  14 s  [19.6 min]
[  682/1665] col 202870 n 36: planner 1.166 (fuel 358) -> twin tank 827.0 J_i 1.188 dv 12.49 (0.347/flyby) lag 1.00 d  15 s  [19.6 min]
[  683/1665] col 202821 n 36: planner 1.166 (fuel 358) -> twin tank 836.1 J_i 1.197 dv 12.92 (0.359/flyby) lag 1.00 d  15 s  [19.6 min]
[  684/1665] col 202953 n 36: planner 1.166 (fuel 358) -> twin tank 800.9 J_i 1.164 dv 11.23 (0.312/flyby) lag 1.00 d  13 s  [19.6 min]
[  685/1665] col 262086 n 36: planner 1.166 (fuel 358) -> twin tank 827.9 J_i 1.189 dv 12.53 (0.348/flyby) lag 1.00 d  25 s  [19.7 min]
[  686/1665] col 202865 n 36: planner 1.166 (fuel 358) -> twin tank 819.5 J_i 1.181 dv 12.13 (0.337/flyby) lag 1.00 d  13 s  [19.8 min]
[  687/1665] col 202817 n 36: planner 1.166 (fuel 358) -> twin tank 836.8 J_i 1.198 dv 12.95 (0.360/flyby) lag 1.00 d  12 s  [19.8 min]
[  688/1665] col 202905 n 36: planner 1.166 (fuel 358) -> twin tank 832.7 J_i 1.194 dv 12.76 (0.354/flyby) lag 1.00 d  11 s  [19.8 min]
[  689/1665] col 202673 n 36: planner 1.166 (fuel 358) -> twin tank 840.3 J_i 1.201 dv 13.11 (0.364/flyby) lag 1.00 d  15 s  [19.8 min]
[  690/1665] col 262180 n 36: planner 1.166 (fuel 358) -> twin tank 828.7 J_i 1.190 dv 12.57 (0.349/flyby) lag 1.00 d  26 s  [19.9 min]
[  691/1665] col 202993 n 36: planner 1.166 (fuel 358) -> twin tank 813.1 J_i 1.175 dv 11.82 (0.328/flyby) lag 1.00 d  13 s  [19.9 min]
[  692/1665] col 262106 n 36: planner 1.166 (fuel 358) -> twin tank 817.1 J_i 1.179 dv 12.01 (0.334/flyby) lag 1.00 d  26 s  [20.0 min]
[  693/1665] col 202930 n 36: planner 1.166 (fuel 358) -> twin tank 829.1 J_i 1.190 dv 12.59 (0.350/flyby) lag 1.00 d  12 s  [20.0 min]
[  694/1665] col 202777 n 36: planner 1.166 (fuel 358) -> twin tank 828.7 J_i 1.190 dv 12.57 (0.349/flyby) lag 1.00 d  14 s  [20.0 min]
[  695/1665] col 262107 n 36: planner 1.166 (fuel 358) -> twin tank 818.9 J_i 1.181 dv 12.10 (0.336/flyby) lag 1.00 d  26 s  [20.0 min]
[  696/1665] col 202924 n 36: planner 1.167 (fuel 358) -> twin tank 837.3 J_i 1.198 dv 12.98 (0.360/flyby) lag 1.00 d  15 s  [20.0 min]
[  697/1665] col 202951 n 36: planner 1.167 (fuel 358) -> twin tank 834.9 J_i 1.196 dv 12.86 (0.357/flyby) lag 1.00 d  37 s  [20.5 min]
[  698/1665] col 202875 n 36: planner 1.167 (fuel 358) -> twin tank 839.0 J_i 1.200 dv 13.05 (0.363/flyby) lag 1.00 d  33 s  [20.6 min]
[  699/1665] col 202895 n 36: planner 1.167 (fuel 358) -> twin tank 832.1 J_i 1.193 dv 12.73 (0.354/flyby) lag 1.00 d  80 s  [21.4 min]
[  700/1665] col 202932 n 36: planner 1.167 (fuel 358) -> twin tank 808.5 J_i 1.171 dv 11.60 (0.322/flyby) lag 1.00 d  81 s  [21.4 min]
[  701/1665] col 202741 n 36: planner 1.167 (fuel 358) -> twin tank 836.0 J_i 1.197 dv 12.92 (0.359/flyby) lag 1.00 d  83 s  [21.4 min]
[  702/1665] col 202767 n 36: planner 1.167 (fuel 358) -> twin tank 826.9 J_i 1.188 dv 12.49 (0.347/flyby) lag 1.00 d  83 s  [21.4 min]
[  703/1665] col 262130 n 36: planner 1.167 (fuel 358) -> twin tank 821.9 J_i 1.184 dv 12.25 (0.340/flyby) lag 1.00 d  100 s  [21.5 min]
[  704/1665] col 262088 n 36: planner 1.167 (fuel 358) -> twin tank 815.6 J_i 1.178 dv 11.95 (0.332/flyby) lag 1.00 d  109 s  [21.7 min]
[  705/1665] col 202856 n 36: planner 1.167 (fuel 358) -> twin tank 817.5 J_i 1.180 dv 12.04 (0.334/flyby) lag 1.00 d  97 s  [22.2 min]
[  706/1665] col 202753 n 36: planner 1.167 (fuel 358) -> twin tank 839.2 J_i 1.200 dv 13.07 (0.363/flyby) lag 1.00 d  48 s  [22.2 min]
[  707/1665] col 203016 n 36: planner 1.167 (fuel 358) -> twin tank 835.9 J_i 1.197 dv 12.91 (0.359/flyby) lag 1.00 d  50 s  [22.2 min]
[  708/1665] col 202837 n 36: planner 1.167 (fuel 359) -> twin tank 810.5 J_i 1.173 dv 11.70 (0.325/flyby) lag 1.00 d  33 s  [22.2 min]
[  709/1665] col 202929 n 36: planner 1.167 (fuel 359) -> twin tank 817.7 J_i 1.180 dv 12.05 (0.335/flyby) lag 1.00 d  43 s  [22.2 min]
[  710/1665] col 262176 n 36: planner 1.167 (fuel 358) -> twin tank 827.9 J_i 1.189 dv 12.53 (0.348/flyby) lag 1.00 d  106 s  [22.3 min]
[  711/1665] col 202840 n 36: planner 1.167 (fuel 359) -> twin tank 833.2 J_i 1.194 dv 12.78 (0.355/flyby) lag 1.00 d  11 s  [22.4 min]
[  712/1665] col 262118 n 36: planner 1.167 (fuel 358) -> twin tank 819.2 J_i 1.181 dv 12.12 (0.337/flyby) lag 1.00 d  59 s  [22.4 min]
[  713/1665] col 202947 n 36: planner 1.167 (fuel 359) -> twin tank 820.6 J_i 1.182 dv 12.18 (0.338/flyby) lag 1.00 d  12 s  [22.4 min]
[  714/1665] col 262182 n 36: planner 1.167 (fuel 358) -> twin tank 829.9 J_i 1.191 dv 12.63 (0.351/flyby) lag 1.00 d  59 s  [22.4 min]
[  715/1665] col 202869 n 36: planner 1.167 (fuel 359) -> twin tank 812.3 J_i 1.175 dv 11.79 (0.327/flyby) lag 1.00 d  9 s  [22.4 min]
[  716/1665] col 202637 n 36: planner 1.167 (fuel 359) -> twin tank 818.6 J_i 1.181 dv 12.09 (0.336/flyby) lag 1.00 d  11 s  [22.4 min]
[  717/1665] col 202642 n 36: planner 1.167 (fuel 359) -> twin tank 820.6 J_i 1.182 dv 12.18 (0.338/flyby) lag 1.00 d  11 s  [22.4 min]
[  718/1665] col 202765 n 36: planner 1.167 (fuel 359) -> twin tank 808.0 J_i 1.171 dv 11.58 (0.322/flyby) lag 1.00 d  7 s  [22.5 min]
[  719/1665] col 202994 n 36: planner 1.167 (fuel 359) -> twin tank 812.4 J_i 1.175 dv 11.79 (0.328/flyby) lag 1.00 d  6 s  [22.5 min]
[  720/1665] col 202643 n 36: planner 1.167 (fuel 359) -> twin tank 837.7 J_i 1.199 dv 12.99 (0.361/flyby) lag 1.00 d  8 s  [22.5 min]
[  721/1665] col 202750 n 36: planner 1.167 (fuel 359) -> twin tank 820.9 J_i 1.183 dv 12.20 (0.339/flyby) lag 1.00 d  9 s  [22.5 min]
[  722/1665] col 202893 n 36: planner 1.167 (fuel 359) -> twin tank 804.6 J_i 1.168 dv 11.41 (0.317/flyby) lag 1.00 d  4 s  [22.5 min]
[  723/1665] col 202899 n 36: planner 1.167 (fuel 359) -> twin tank 839.3 J_i 1.200 dv 13.07 (0.363/flyby) lag 1.00 d  11 s  [22.6 min]
[  724/1665] col 202987 n 36: planner 1.167 (fuel 359) -> twin tank 833.8 J_i 1.195 dv 12.81 (0.356/flyby) lag 1.00 d  9 s  [22.6 min]
[  725/1665] col 202968 n 36: planner 1.167 (fuel 359) -> twin tank 834.7 J_i 1.196 dv 12.85 (0.357/flyby) lag 1.00 d  9 s  [22.6 min]
[  726/1665] col 262090 n 36: planner 1.167 (fuel 359) -> twin tank 820.5 J_i 1.182 dv 12.18 (0.338/flyby) lag 1.00 d  20 s  [22.7 min]
[  727/1665] col 202710 n 36: planner 1.167 (fuel 359) -> twin tank 806.6 J_i 1.169 dv 11.51 (0.320/flyby) lag 1.00 d  10 s  [22.7 min]
[  728/1665] col 202917 n 36: planner 1.167 (fuel 359) -> twin tank 824.7 J_i 1.186 dv 12.38 (0.344/flyby) lag 1.00 d  7 s  [22.7 min]
[  729/1665] col 202884 n 36: planner 1.167 (fuel 359) -> twin tank 836.1 J_i 1.197 dv 12.92 (0.359/flyby) lag 1.00 d  8 s  [22.7 min]
[  730/1665] col 202882 n 36: planner 1.167 (fuel 359) -> twin tank 823.3 J_i 1.185 dv 12.31 (0.342/flyby) lag 1.00 d  11 s  [22.7 min]
[  731/1665] col 202874 n 36: planner 1.167 (fuel 359) -> twin tank 839.7 J_i 1.201 dv 13.09 (0.364/flyby) lag 1.00 d  11 s  [22.8 min]
[  732/1665] col 202952 n 36: planner 1.167 (fuel 359) -> twin tank 833.1 J_i 1.194 dv 12.78 (0.355/flyby) lag 1.00 d  6 s  [22.8 min]
[  733/1665] col 262166 n 36: planner 1.167 (fuel 359) -> twin tank 829.7 J_i 1.191 dv 12.62 (0.350/flyby) lag 1.00 d  21 s  [22.8 min]
[  734/1665] col 202711 n 36: planner 1.167 (fuel 359) -> twin tank 813.5 J_i 1.176 dv 11.84 (0.329/flyby) lag 1.00 d  11 s  [22.8 min]
[  735/1665] col 202979 n 36: planner 1.167 (fuel 359) -> twin tank 792.7 J_i 1.157 dv 10.83 (0.301/flyby) lag 1.00 d  8 s  [22.9 min]
[  736/1665] col 214834 n 36: planner 1.167 (fuel 359) -> twin tank 818.2 J_i 1.180 dv 12.07 (0.335/flyby) lag 1.00 d  12 s  [22.9 min]
[  737/1665] col 202934 n 36: planner 1.167 (fuel 359) -> twin tank 819.2 J_i 1.181 dv 12.11 (0.337/flyby) lag 1.00 d  5 s  [22.9 min]
[  738/1665] col 262141 n 36: planner 1.167 (fuel 359) -> twin tank 830.1 J_i 1.191 dv 12.64 (0.351/flyby) lag 1.00 d  23 s  [22.9 min]
[  739/1665] col 203011 n 36: planner 1.167 (fuel 359) -> twin tank 841.8 J_i 1.203 dv 13.19 (0.366/flyby) lag 1.00 d  11 s  [23.1 min]
[  740/1665] col 202758 n 36: planner 1.167 (fuel 359) -> twin tank 817.6 J_i 1.180 dv 12.04 (0.334/flyby) lag 1.00 d  15 s  [23.1 min]
[  741/1665] col 262150 n 36: planner 1.167 (fuel 359) -> twin tank 824.2 J_i 1.186 dv 12.36 (0.343/flyby) lag 1.00 d  26 s  [23.1 min]
[  742/1665] col 202954 n 36: planner 1.167 (fuel 359) -> twin tank 811.9 J_i 1.174 dv 11.77 (0.327/flyby) lag 1.00 d  16 s  [23.2 min]
[  743/1665] col 202744 n 36: planner 1.167 (fuel 359) -> twin tank 812.3 J_i 1.175 dv 11.79 (0.327/flyby) lag 1.00 d  29 s  [23.6 min]
[  744/1665] col 202828 n 36: planner 1.167 (fuel 359) -> twin tank 844.7 J_i 1.205 dv 13.32 (0.370/flyby) lag 1.00 d  40 s  [23.6 min]
[  745/1665] col 202878 n 36: planner 1.167 (fuel 359) -> twin tank 830.2 J_i 1.192 dv 12.64 (0.351/flyby) lag 1.00 d  39 s  [23.6 min]
[  746/1665] col 262094 n 36: planner 1.167 (fuel 359) -> twin tank 809.6 J_i 1.172 dv 11.66 (0.324/flyby) lag 1.00 d  51 s  [23.6 min]
[  747/1665] col 262122 n 36: planner 1.167 (fuel 359) -> twin tank 821.1 J_i 1.183 dv 12.21 (0.339/flyby) lag 1.00 d  51 s  [23.6 min]
[  748/1665] col 202997 n 36: planner 1.167 (fuel 359) -> twin tank 817.8 J_i 1.180 dv 12.05 (0.335/flyby) lag 1.00 d  97 s  [24.7 min]
[  749/1665] col 202949 n 36: planner 1.167 (fuel 359) -> twin tank 820.5 J_i 1.182 dv 12.18 (0.338/flyby) lag 1.00 d  70 s  [24.8 min]
[  750/1665] col 202889 n 36: planner 1.167 (fuel 359) -> twin tank 834.6 J_i 1.196 dv 12.85 (0.357/flyby) lag 1.00 d  71 s  [24.8 min]
[  751/1665] col 202800 n 36: planner 1.167 (fuel 359) -> twin tank 820.0 J_i 1.182 dv 12.16 (0.338/flyby) lag 1.00 d  97 s  [24.8 min]
[  752/1665] col 202955 n 36: planner 1.167 (fuel 359) -> twin tank 818.2 J_i 1.180 dv 12.07 (0.335/flyby) lag 1.00 d  92 s  [25.1 min]
[  753/1665] col 202880 n 36: planner 1.167 (fuel 359) -> twin tank 805.5 J_i 1.168 dv 11.46 (0.318/flyby) lag 1.00 d  29 s  [25.3 min]
[  754/1665] col 202645 n 36: planner 1.167 (fuel 359) -> twin tank 824.2 J_i 1.186 dv 12.35 (0.343/flyby) lag 1.00 d  45 s  [25.5 min]
[  755/1665] col 202676 n 36: planner 1.167 (fuel 359) -> twin tank 837.7 J_i 1.199 dv 12.99 (0.361/flyby) lag 1.00 d  53 s  [25.6 min]
[  756/1665] col 262111 n 36: planner 1.167 (fuel 359) -> twin tank 825.8 J_i 1.187 dv 12.43 (0.345/flyby) lag 1.00 d  149 s  [25.6 min]
[  757/1665] col 262121 n 36: planner 1.167 (fuel 359) -> twin tank 827.4 J_i 1.189 dv 12.51 (0.347/flyby) lag 1.00 d  124 s  [25.6 min]
[  758/1665] col 202948 n 36: planner 1.167 (fuel 359) -> twin tank 815.7 J_i 1.178 dv 11.95 (0.332/flyby) lag 1.00 d  43 s  [26.0 min]
[  759/1665] col 203005 n 36: planner 1.167 (fuel 359) -> twin tank 826.9 J_i 1.188 dv 12.49 (0.347/flyby) lag 1.00 d  55 s  [26.0 min]
[  760/1665] col 202736 n 36: planner 1.167 (fuel 359) -> twin tank 817.5 J_i 1.180 dv 12.04 (0.334/flyby) lag 1.00 d  38 s  [26.1 min]
[  761/1665] col 202963 n 36: planner 1.167 (fuel 359) -> twin tank 827.7 J_i 1.189 dv 12.52 (0.348/flyby) lag 1.00 d  34 s  [26.2 min]
[  762/1665] col 262174 n 36: planner 1.167 (fuel 359) -> twin tank 811.2 J_i 1.174 dv 11.73 (0.326/flyby) lag 1.00 d  147 s  [27.2 min]
[  763/1665] col 202757 n 36: planner 1.167 (fuel 359) -> twin tank 833.5 J_i 1.195 dv 12.80 (0.355/flyby) lag 1.00 d  80 s  [27.4 min]
[  764/1665] col 202737 n 36: planner 1.167 (fuel 359) -> twin tank 840.5 J_i 1.201 dv 13.12 (0.364/flyby) lag 1.00 d  107 s  [27.9 min]
[  765/1665] col 262184 n 36: planner 1.167 (fuel 359) -> twin tank 828.9 J_i 1.190 dv 12.58 (0.349/flyby) lag 1.00 d  175 s  [28.5 min]
[  766/1665] col 262151 n 36: planner 1.167 (fuel 359) -> twin tank 816.6 J_i 1.179 dv 11.99 (0.333/flyby) lag 1.00 d  175 s  [28.5 min]
[  767/1665] col 202872 n 36: planner 1.167 (fuel 359) -> twin tank 814.4 J_i 1.177 dv 11.88 (0.330/flyby) lag 1.00 d  83 s  [28.6 min]
[  768/1665] col 202943 n 36: planner 1.167 (fuel 359) -> twin tank 811.7 J_i 1.174 dv 11.75 (0.327/flyby) lag 1.00 d  26 s  [29.0 min]
[  769/1665] col 202714 n 36: planner 1.167 (fuel 359) -> twin tank 841.5 J_i 1.202 dv 13.17 (0.366/flyby) lag 1.00 d  102 s  [29.1 min]
[  770/1665] col 262173 n 36: planner 1.167 (fuel 359) -> twin tank 804.1 J_i 1.167 dv 11.39 (0.316/flyby) lag 1.00 d  180 s  [29.2 min]
[  771/1665] col 202850 n 36: planner 1.167 (fuel 359) -> twin tank 830.9 J_i 1.192 dv 12.67 (0.352/flyby) lag 1.00 d  45 s  [29.3 min]
[  772/1665] col 202665 n 36: planner 1.167 (fuel 359) -> twin tank 802.6 J_i 1.166 dv 11.32 (0.314/flyby) lag 1.00 d  1060 s  [46.8 min]
[  773/1665] col 203001 n 36: planner 1.167 (fuel 359) -> twin tank 837.0 J_i 1.198 dv 12.96 (0.360/flyby) lag 1.00 d  1098 s  [46.8 min]
[  774/1665] col 262143 n 36: planner 1.167 (fuel 359) -> twin tank 821.9 J_i 1.184 dv 12.24 (0.340/flyby) lag 0.25 d  1399 s  [46.9 min]
[  775/1665] col 203008 n 36: planner 1.167 (fuel 359) -> twin tank 842.9 J_i 1.204 dv 13.23 (0.368/flyby) lag 1.00 d  1980 s  [62.1 min]
[  776/1665] col 214833 n 36: planner 1.167 (fuel 359) -> twin tank 814.7 J_i 1.177 dv 11.90 (0.331/flyby) lag 1.00 d  915 s  [62.1 min]
[  777/1665] col 262168 n 36: planner 1.167 (fuel 359) -> twin tank 824.9 J_i 1.186 dv 12.39 (0.344/flyby) lag 1.00 d  3066 s  [77.1 min]
[  778/1665] col 202904 n 36: planner 1.167 (fuel 359) -> twin tank 831.7 J_i 1.193 dv 12.71 (0.353/flyby) lag 1.00 d  2868 s  [77.1 min]
[  779/1665] col 203019 n 36: planner 1.167 (fuel 359) -> twin tank 802.5 J_i 1.166 dv 11.31 (0.314/flyby) lag 1.00 d  1816 s  [77.1 min]
[  780/1665] col 262190 n 36: planner 1.167 (fuel 359) -> twin tank 824.0 J_i 1.186 dv 12.35 (0.343/flyby) lag 1.00 d  2952 s  [77.1 min]
[  781/1665] col 202844 n 36: planner 1.167 (fuel 359) -> twin tank 831.2 J_i 1.192 dv 12.69 (0.352/flyby) lag 1.00 d  2479 s  [88.2 min]
[  782/1665] col 202755 n 36: planner 1.167 (fuel 359) -> twin tank 834.9 J_i 1.196 dv 12.86 (0.357/flyby) lag 1.00 d  667 s  [88.2 min]
[  783/1665] col 262188 n 36: planner 1.167 (fuel 359) -> twin tank 823.8 J_i 1.185 dv 12.34 (0.343/flyby) lag 1.00 d  3552 s  [88.2 min]
[  784/1665] col 202827 n 36: planner 1.167 (fuel 359) -> twin tank 831.1 J_i 1.192 dv 12.68 (0.352/flyby) lag 1.00 d  1568 s  [88.2 min]
[  785/1665] col 202682 n 36: planner 1.167 (fuel 359) -> twin tank 826.5 J_i 1.188 dv 12.47 (0.346/flyby) lag 1.00 d  689 s  [88.6 min]
[  786/1665] col 202971 n 36: planner 1.167 (fuel 359) -> twin tank 820.4 J_i 1.182 dv 12.17 (0.338/flyby) lag 1.00 d  1611 s  [88.9 min]
[  787/1665] col 202683 n 36: planner 1.167 (fuel 360) -> twin tank 833.3 J_i 1.194 dv 12.79 (0.355/flyby) lag 1.00 d  44 s  [89.0 min]
[  788/1665] col 203025 n 36: planner 1.167 (fuel 359) -> twin tank 845.3 J_i 1.206 dv 13.35 (0.371/flyby) lag 1.00 d  933 s  [92.7 min]
[  789/1665] col 203021 n 36: planner 1.167 (fuel 360) -> twin tank 802.8 J_i 1.166 dv 11.32 (0.315/flyby) lag 1.00 d  270 s  [92.7 min]
[  790/1665] col 202839 n 36: planner 1.167 (fuel 360) -> twin tank 838.9 J_i 1.200 dv 13.05 (0.362/flyby) lag 1.00 d  255 s  [92.8 min]
[  791/1665] col 262185 n 36: planner 1.167 (fuel 359) -> twin tank 828.0 J_i 1.189 dv 12.53 (0.348/flyby) lag 1.00 d  944 s  [92.8 min]
[  792/1665] col 203018 n 36: planner 1.167 (fuel 360) -> twin tank 833.7 J_i 1.195 dv 12.80 (0.356/flyby) lag 1.00 d  235 s  [92.9 min]
[  793/1665] col 203007 n 36: planner 1.167 (fuel 360) -> twin tank 813.3 J_i 1.176 dv 11.84 (0.329/flyby) lag 1.00 d  234 s  [92.9 min]
[  794/1665] col 202989 n 36: planner 1.167 (fuel 360) -> twin tank 832.6 J_i 1.194 dv 12.75 (0.354/flyby) lag 1.00 d  8 s  [93.0 min]
[  795/1665] col 262087 n 36: planner 1.167 (fuel 360) -> twin tank 828.7 J_i 1.190 dv 12.57 (0.349/flyby) lag 1.00 d  284 s  [93.0 min]
[  796/1665] col 262124 n 36: planner 1.167 (fuel 360) -> twin tank 823.4 J_i 1.185 dv 12.32 (0.342/flyby) lag 1.00 d  22 s  [93.0 min]
[  797/1665] col 202977 n 36: planner 1.167 (fuel 360) -> twin tank 812.4 J_i 1.175 dv 11.79 (0.328/flyby) lag 1.00 d  12 s  [93.0 min]
[  798/1665] col 262156 n 36: planner 1.167 (fuel 359) -> twin tank 1784.1 J_i 2.561 dv 42.65 (1.185/flyby) lag 1.00 d  291 s  [93.0 min]
[  799/1665] col 202974 n 36: planner 1.167 (fuel 360) -> twin tank 817.2 J_i 1.179 dv 12.02 (0.334/flyby) lag 1.00 d  12 s  [93.1 min]
[  800/1665] col 262155 n 36: planner 1.167 (fuel 360) -> twin tank 826.0 J_i 1.187 dv 12.44 (0.346/flyby) lag 1.00 d  23 s  [93.1 min]
[  801/1665] col 203004 n 36: planner 1.167 (fuel 360) -> twin tank 830.4 J_i 1.192 dv 12.65 (0.351/flyby) lag 1.00 d  6 s  [93.2 min]
[  802/1665] col 202825 n 36: planner 1.167 (fuel 360) -> twin tank 817.0 J_i 1.179 dv 12.01 (0.334/flyby) lag 1.00 d  14 s  [93.3 min]
[  803/1665] col 262125 n 36: planner 1.167 (fuel 360) -> twin tank 822.9 J_i 1.185 dv 12.29 (0.342/flyby) lag 1.00 d  25 s  [93.3 min]
[  804/1665] col 202841 n 36: planner 1.167 (fuel 360) -> twin tank 823.5 J_i 1.185 dv 12.32 (0.342/flyby) lag 1.00 d  17 s  [93.3 min]
[  805/1665] col 202860 n 36: planner 1.168 (fuel 360) -> twin tank 837.8 J_i 1.199 dv 13.00 (0.361/flyby) lag 1.00 d  14 s  [93.3 min]
[  806/1665] col 262172 n 36: planner 1.167 (fuel 360) -> twin tank 820.5 J_i 1.182 dv 12.18 (0.338/flyby) lag 1.00 d  26 s  [93.4 min]
[  807/1665] col 262187 n 36: planner 1.167 (fuel 360) -> twin tank 824.0 J_i 1.186 dv 12.35 (0.343/flyby) lag 1.00 d  27 s  [93.4 min]
[  808/1665] col 202909 n 36: planner 1.168 (fuel 360) -> twin tank 807.5 J_i 1.170 dv 11.55 (0.321/flyby) lag 1.00 d  10 s  [93.4 min]
[  809/1665] col 262183 n 36: planner 1.167 (fuel 360) -> twin tank 828.1 J_i 1.190 dv 12.54 (0.348/flyby) lag 1.00 d  26 s  [93.5 min]
[  810/1665] col 202915 n 36: planner 1.168 (fuel 360) -> twin tank 806.8 J_i 1.170 dv 11.52 (0.320/flyby) lag 1.00 d  11 s  [93.5 min]
[  811/1665] col 202970 n 36: planner 1.168 (fuel 360) -> twin tank 840.6 J_i 1.201 dv 13.13 (0.365/flyby) lag 1.00 d  12 s  [93.5 min]
[  812/1665] col 202813 n 36: planner 1.168 (fuel 360) -> twin tank 817.6 J_i 1.180 dv 12.04 (0.334/flyby) lag 1.00 d  5 s  [93.5 min]
[  813/1665] col 262101 n 36: planner 1.168 (fuel 360) -> twin tank 824.0 J_i 1.186 dv 12.35 (0.343/flyby) lag 1.00 d  23 s  [93.5 min]
[  814/1665] col 202713 n 36: planner 1.168 (fuel 360) -> twin tank 798.7 J_i 1.162 dv 11.12 (0.309/flyby) lag 1.00 d  10 s  [93.6 min]
[  815/1665] col 202784 n 36: planner 1.168 (fuel 360) -> twin tank 807.3 J_i 1.170 dv 11.54 (0.321/flyby) lag 1.00 d  10 s  [93.7 min]
[  816/1665] col 262144 n 36: planner 1.168 (fuel 360) -> twin tank 823.7 J_i 1.185 dv 12.33 (0.343/flyby) lag 1.00 d  20 s  [93.7 min]
[  817/1665] col 202760 n 36: planner 1.168 (fuel 360) -> twin tank 840.2 J_i 1.201 dv 13.11 (0.364/flyby) lag 1.00 d  7 s  [93.7 min]
[  818/1665] col 202752 n 36: planner 1.168 (fuel 360) -> twin tank 823.7 J_i 1.185 dv 12.33 (0.343/flyby) lag 1.00 d  11 s  [93.7 min]
[  819/1665] col 202922 n 36: planner 1.168 (fuel 360) -> twin tank 811.4 J_i 1.174 dv 11.74 (0.326/flyby) lag 1.00 d  11 s  [93.7 min]
[  820/1665] col 262091 n 36: planner 1.168 (fuel 360) -> twin tank 819.4 J_i 1.181 dv 12.13 (0.337/flyby) lag 1.00 d  22 s  [93.8 min]
[  821/1665] col 262135 n 36: planner 1.168 (fuel 360) -> twin tank 812.2 J_i 1.175 dv 11.78 (0.327/flyby) lag 1.00 d  22 s  [93.8 min]
[  822/1665] col 262189 n 36: planner 1.168 (fuel 360) -> twin tank 832.0 J_i 1.193 dv 12.73 (0.354/flyby) lag 1.00 d  23 s  [93.8 min]
[  823/1665] col 202638 n 36: planner 1.168 (fuel 360) -> twin tank 833.0 J_i 1.194 dv 12.77 (0.355/flyby) lag 1.00 d  11 s  [93.9 min]
[  824/1665] col 202964 n 36: planner 1.168 (fuel 360) -> twin tank 812.1 J_i 1.174 dv 11.78 (0.327/flyby) lag 1.00 d  12 s  [93.9 min]
[  825/1665] col 202957 n 36: planner 1.168 (fuel 360) -> twin tank 814.9 J_i 1.177 dv 11.91 (0.331/flyby) lag 1.00 d  14 s  [94.0 min]
[  826/1665] col 202721 n 36: planner 1.168 (fuel 360) -> twin tank 818.3 J_i 1.180 dv 12.07 (0.335/flyby) lag 1.00 d  16 s  [94.0 min]
[  827/1665] col 202985 n 36: planner 1.168 (fuel 360) -> twin tank 807.5 J_i 1.170 dv 11.55 (0.321/flyby) lag 1.00 d  17 s  [94.0 min]
[  828/1665] col 202717 n 36: planner 1.168 (fuel 360) -> twin tank 840.6 J_i 1.201 dv 13.13 (0.365/flyby) lag 1.00 d  18 s  [94.1 min]
[  829/1665] col 202965 n 36: planner 1.168 (fuel 360) -> twin tank 815.1 J_i 1.177 dv 11.92 (0.331/flyby) lag 1.00 d  17 s  [94.2 min]
[  830/1665] col 202978 n 36: planner 1.168 (fuel 360) -> twin tank 807.4 J_i 1.170 dv 11.55 (0.321/flyby) lag 1.00 d  18 s  [94.2 min]
