# globalopt m0=676.3943632878947
1 1 0 50112000 93285285.217107534 -120156044.84038728 6986.5668213426507 21.338493455151806 17.896210327993952 0.94217741712414171 676.39436328789475 0 0 0 0
2 1 1 50198400 95115709.18199335 -118592965.93924803 88385.889914285843 21.031342918998675 18.285441402728843 0.94202189103903478 676.39436328789475 8.0287122979791679e-08 -2.7341447850073069e-06 1.4013989899980279e-05 0
3 1 1 50284800 96919313.631442338 -116996448.09287481 169760.54757527466 20.717677035496305 18.670244750154716 0.94160783287955319 676.39423025390238 -3.4994655322134295e-06 -1.0329970197613089e-05 8.7496786810945312e-05 0
4 1 1 50371200 98695537.127426535 -115366877.74501173 251088.14541534748 20.397530404873837 19.050530662757584 0.9409310258472654 676.39402216947917 -7.1981341603614306e-06 -5.3105568033149732e-06 9.7168076621295573e-05 0
5 1 1 50457600 100443821.26367395 -113704649.13608696 332345.78103849269 20.070938591933679 19.426207445047794 0.93998875295753592 676.39376908017903 -8.6260628802737826e-06 -1.0386728245888611e-05 0.00013156038562940685 0
6 1 1 50544000 102163610.73242933 -112010164.51525509 413510.53931874537 19.737937638651939 19.797182249267806 0.9387803710074305 676.39346515314924 -1.1037432798320407e-05 -1.0032735055170755e-05 0.0001411051753334539 0
7 1 1 50630400 103854353.35416867 -110283834.13491853 494559.28881837305 19.398564020361732 20.16336216828433 0.93730327955772752 676.39313888878303 -1.3385904999399618e-05 -1.0272906704014562e-05 0.00015365924123412025 0
8 1 1 50716800 105515500.13435085 -108526076.33916323 575468.78870616108 19.052854981183227 20.524652941050849 0.93555682982408284 676.39278483779424 -1.5249943421051871e-05 -1.0936684770834332e-05 0.00016579000338140835 0
9 1 1 50803200 107146505.32686687 -106737317.65171431 656215.72205279034 18.700848464340229 20.880959482397536 0.93354000026265627 676.39240405038311 -1.6947235077738788e-05 -1.1681221454808441e-05 0.00017769889001750637 0
10 1 1 50889600 108746826.49432372 -104917992.84964658 736776.6855523421 18.342583131425677 21.232185817440758 0.9312518100253484 676.39199688285089 -1.8551389622168285e-05 -1.2436400112061825e-05 0.00018950504123275115 0
11 1 1 50976000 110315924.57362184 -103068545.04258378 817128.19172925164 17.978098439558163 21.578235032676222 0.92869129027654007 676.39156350942039 -2.0076031460223179e-05 -1.3192285429487905e-05 0.00020125908679997876 0
12 1 1 51062400 111853263.9471757 -101189425.75503206 897246.66968678276 17.6074346979293 21.919009248552236 0.92585747811537933 676.39110404178177 -2.1537397992355717e-05 -1.3949094205720264e-05 0.00021297160508854806 0
13 1 1 51148800 113358312.51888967 -99281095.010862768 977108.46550096117 17.230633122667125 22.254409596408518 0.92274941447873948 676.39061858024468 -2.2954538574280209e-05 -1.4703319849492769e-05 0.00022464290424359918 0
14 1 1 51235200 114830541.79498024 -97344021.419698909 1056689.8425629095 16.847735894312404 22.584336197171552 0.91936614456660803 676.39010722525984 -2.4341280737273878e-05 -1.5449098955206016e-05 0.00023627101262082865 0
15 1 1 51321600 116269426.96987897 -95378682.2651124 1135966.9819888661 16.458786217854669 22.908688140640475 0.91570671885476307 676.38957008100431 -2.5703352485773701e-05 -1.618443456815664e-05 0.00024785342503928608 0
16 1 1 51408000 117674447.01740339 -93385563.594585061 1214915.9831258121 16.063828384481141 23.227363465510415 0.9117701942591776 676.38900725704366 -2.7042466120208793e-05 -1.6912081245707827e-05 0.00025938708587440397 0
17 1 1 51494400 119045084.78731449 -91365160.311131731 1293512.8641601522 15.66290783450818 23.540259141002554 0.90755563535620842 676.38841886957675 -2.8361605577210643e-05 -1.7634653829104764e-05 0.0002708683081998727 0
18 1 1 51580800 120380827.1073693 -89317976.266423956 1371733.5628366272 15.256071221735455 23.847271050487379 0.90306211573550743 676.38780504165823 -2.9666236215741795e-05 -1.8351033671057778e-05 0.00028229362448756304 0
19 1 1 51667200 121681164.89101782 -87244524.355257943 1449553.9373007501 14.843366479857924 24.148293976623577 0.89828871948461964 676.38716590290153 -3.0961049831913922e-05 -1.9059001362899798e-05 0.00029365964948922769 0
20 1 1 51753600 122945593.25093713 -85145326.611255929 1526949.7670719617 14.424842891124037 24.443221587683546 0.89323454273025893 676.38650158983432 -3.2248700789428942e-05 -1.9757444208739749e-05 0.00030496290640673947 0
21 1 1 51840000 124173611.61858326 -83020914.303686649 1603896.7541532244 14.000551156933918 24.731946425408434 0.88789869526208742 676.38581224619725 -3.3530957453914376e-05 -2.0445746694795342e-05 0.00031619994016575132 0
22 1 1 51926400 125364723.86992112 -80871828.035257399 1680370.5242851314 13.570543470274101 25.014359894667276 0.88228030225111675 676.38509802300018 -3.4809391446198845e-05 -2.1123323623147595e-05 0.00032736727939421275 0
23 1 1 52012800 126518438.45749675 -78698617.840720445 1756346.6283521145 13.134873590092518 25.290352254953543 0.87637850605270429 676.38435907861549 -3.6085528173939973e-05 -2.1789644222512295e-05 0.00033846139410089008 0
24 1 1 52099200 127634268.54902093 -76501843.286132216 1831800.5439483116 12.693596917671625 25.559812613810024 0.87019246810059558 676.38359557891397 -3.7360937773279516e-05 -2.2443870347259173e-05 0.00034947870624442846 0
25 1 1 52185600 128711732.17263924 -74282073.568590775 1906707.6771114008 12.246770575034603 25.822628922340769 0.86372137090319701 676.3828076973748 -3.8637074807637572e-05 -2.3084242949277481e-05 0.00036041566173302514 0
26 1 1 52272000 129750352.3690663 -72039887.616270006 1981043.3642334109 11.79445348544157 26.078687972838683 0.85696442014173024 676.38199561521674 -3.9914796827169207e-05 -2.3708962347979426e-05 0.00037126868934442574 0
27 1 1 52358400 130749657.35076603 -69775874.188570455 2054782.8741565836 11.336706455986905 26.327875398424126 0.84992084685281477 676.38115952164924 -4.1194274327794156e-05 -2.4318485112716304e-05 0.00038203400741469089 0
28 1 1 52444800 131709180.66835606 -67490631.976209179 2127901.4104616581 10.873592262220548 26.57007567492224 0.84258990970677017 676.38029961406573 -4.2475730422563541e-05 -2.4914799133924821e-05 0.00039270771249763853 0
29 1 1 52531200 132628461.38440935 -65184769.701031178 2200374.1139586 10.405175734750554 26.805172125481686 0.83497089742029651 676.37941609787697 -4.3760026332581536e-05 -2.5498578690315833e-05 0.00040328606598906885 0
30 1 1 52617600 133507044.25482611 -62858906.215299085 2272176.0653915112 9.9315238479053232 27.033046928011021 0.8270631312945711 676.37850918626975 -4.5048361339507706e-05 -2.6069121135142838e-05 0.00041376543364684518 0
31 1 1 52704000 134344479.91795793 -60513670.600224793 2343282.2883672556 9.4527058105206141 27.25358112527358 0.81886596785601429 676.3775791001209 -4.6341904800824442e-05 -2.6625555530244612e-05 0.00042414221443858166 0
32 1 1 52790400 135140325.09166694 -58149702.263511144 2413667.7525166809 8.9687931588290795 27.466654637751283 0.81037880159915177 676.37662606806509 -4.7641682187576536e-05 -2.7167379678752091e-05 0.00043441272094148843 0
33 1 1 52876800 135894142.77850011 -55767651.03565301 2483307.3768976531 8.4798598514015655 27.672146279543206 0.80160106784622076 676.37565032657153 -4.8948765144818936e-05 -2.7694088697216052e-05 0.00044457327200655289 0
34 1 1 52963200 136605502.47915348 -53368177.264726117 2552176.0336507773 7.985982366114273 27.869933777493323 0.79253224573566716 676.37465211989183 -5.0264299856335717e-05 -2.8205096488748617e-05 0.00045462019944923277 0
35 1 1 53049600 137273980.41440186 -50951951.909379885 2620248.5519185336 7.4872397991424329 28.059893793657814 0.78317186132974459 676.37363170008803 -5.1589397708070697e-05 -2.8699980862249181e-05 0.00046454978377829495 0
36 1 1 53136000 137899159.755669 -48519656.629738845 2687499.7220381675 6.9837139659504954 28.241901951279999 0.77351949084660176 676.37258932708562 -5.292516786156975e-05 -2.9178397138328463e-05 0.00047435829095986934 0
37 1 1 53222400 138480630.86440679 -46071983.875901356 2753904.3000195571 6.4754895042323612 28.415832864467593 0.76357476402490998 676.37152526867658 -5.4272743072929866e-05 -2.9640030636064416e-05 0.00048404197911448821 0
38 1 1 53308800 139017991.54045209 -43609636.973708548 2819437.0123194549 5.9626539787633721 28.581560171728142 0.7533373676192695 676.37043980052169 -5.5633253872692638e-05 -3.0084779670243456e-05 0.0004935970801588814 0
39 1 1 53395200 139510847.27952349 -41133330.207442768 2884072.560923337 5.4452979881134578 28.738956573541422 0.74280704902579464 676.36933320621301 -5.7007847339489906e-05 -3.0512742608398831e-05 0.00050301977315223955 0
40 1 1 53481600 139958811.54001561 -38643788.899097204 2947785.6287466143 4.923515273149726 28.887893874207013 0.7319836200529668 676.36820577719254 -5.8397804490833586e-05 -3.0923760642259623e-05 0.00051230632786667296 0
41 1 1 53568000 140361506.01924351 -36141749.483838111 3010550.8853679122 4.3974028272677934 29.028243028140633 0.72086696083277002 676.36705781265982 -5.9804439627204756e-05 -3.131768376943962e-05 0.00052145298384432496 0
42 1 1 53654400 140718560.93928331 -33627959.58126983 3072342.9931058865 3.8670610082824717 29.159874190775493 0.70945702386416476 676.36588961960638 -6.1229078739243755e-05 -3.1694495182940468e-05 0.00053045596269888306 0
43 1 1 53740800 141029615.34254807 -31103178.0620947 3133136.6134516178 3.3325936518774015 29.282656774301362 0.69775383820160353 676.36470151280173 -6.2673084929333397e-05 -3.2054240855196825e-05 0.00053931148228723998 0
44 1 1 53827200 141294317.39722916 -28568175.109739967 3192906.4138691812 2.7941081865102926 29.396459508460715 0.68575751378883421 676.36349381476305 -6.413786301755816e-05 -3.2397014093670094e-05 0.00054801575852137072 0
45 1 1 53913600 141512324.71272513 -26023732.276506085 3251627.0749769486 2.2517157496618849 29.501150506610301 0.67346824593845656 676.36226685572319 -6.5624857739938816e-05 -3.2722967083365147e-05 0.00055656500533223007 0
46 1 1 54000000 141683304.66516724 -23470642.533771973 3309273.2981222495 1.7055313053018937 29.596597337266186 0.66088631995842073 676.3610209735939 -6.7135552617956739e-05 -3.3032316943325194e-05 0.00056495543553789277 0
47 1 1 54086400 141806934.73314226 -20909710.315773837 3365819.813362177 1.1556737624311955 29.682667101356568 0.64801211592645958 676.3597565139263 -6.8671468364395302e-05 -3.3325348341214648e-05 0.00057318326160853811 0
48 1 1 54172800 141882902.84369752 -18341751.556454651 3421241.3878632821 0.60226609454491487 29.759226515409477 0.63484611361311605 676.35847382986583 -7.0234163360246302e-05 -3.3602416781932854e-05 0.00058124469755030611 0
49 1 1 54259200 141910907.72870219 -15767593.718861438 3475512.8347330685 0.04543545984584265 29.82614200090546 0.62138889755366922 676.35717328210228 -7.1825231861128642e-05 -3.3863950020288034e-05 0.00058913596007781083 0
50 1 1 54345600 141890659.29161942 -13188075.816547923 3528609.0222961381 -0.51468667797836642 29.883279780027713 0.60764116226871667 676.355855238814 -7.3446301951018091e-05 -3.4110452279317415e-05 0.00059685326902633609 0
51 1 1 54432000 141821878.98473245 -10604048.426419532 3580504.8838277827 -1.0779644286180665 29.930505978043762 0.59360371763296926 676.35452007560934 -7.5099035072202216e-05 -3.4342506481331793e-05 0.00060439284959541088 0
52 1 1 54518400 141704300.19684318 -8016373.6924376143 3631175.4277578127 -1.6442573538661422 29.967686732554448 0.57927749439132781 676.35316817545845 -7.6785123267809538e-05 -3.4560778631842244e-05 0.00061175093358091287 0
53 1 1 54604800 141537668.651447 -5425925.3195794662 3680595.7483573016 -2.2134203464444648 29.994688309845394 0.56466354982064171 676.35179992862356 -7.8506287884782294e-05 -3.4766021192414684e-05 0.00061892376006482451 0
54 1 1 54691200 141321742.81536308 -2833588.5574302515 3728741.0369206993 -2.7853035091922549 30.011377228576482 0.54976307353520582 676.35041573258104 -8.0264276996715796e-05 -3.4959076074680072e-05 0.00062590757750654864 0
55 1 1 54777600 141056294.31777722 -240260.17276275347 3775586.5934556951 -3.3597520348965868 30.017620391042552 0.53457739343343946 676.34901599193824 -8.2060862814017075e-05 -3.5140878680284985e-05 0.0006326986450805285 0
56 1 1 54864000 140741108.37962925 2353151.5895591965 3821107.8388928324 -3.9366060870667479 30.013285222236021 0.51910798178251638 676.3476011183426 -8.3897839655557851e-05 -3.5312461799359566e-05 0.00063929323442884329 0
57 1 1 54950400 140375984.25324798 4945727.0580375399 3865280.3278266666 -4.5157006819761438 29.99823981693871 0.50335646143703294 676.34617153038369 -8.5777020821818704e-05 -3.5474958276096901e-05 0.00064568763078366568 0
58 1 1 55036800 139960735.67211217 7536535.1990603926 3908079.7617998486 -5.0968655723182996 29.972353095064101 0.48732461218719386 676.34472765348949 -8.7700235438130177e-05 -3.5629604986687362e-05 0.00065187813573349914 0
59 1 1 55123200 139495191.31057945 10124633.695208224 3949482.0031410879 -5.679925132847262 29.935494965465672 0.4710143772311054 676.34326991981425 -8.9669325646505595e-05 -3.5777746330743646e-05 0.00065786106788328442 0
60 1 1 55209600 138979195.25339618 12709069.038086297 3989463.0893674749 -6.2646982483970035 29.887536498418076 0.45442786976497829 676.34179876811788 -9.1686142668131042e-05 -3.5920837535787863e-05 0.00066363276547572712 0
61 1 1 55296000 138412607.47476557 15288876.636441296 4027999.248161023 -6.8509982046995352 29.828350106968799 0.43756737968423881 676.34031464363716 -9.375254352005819e-05 -3.6060447579159685e-05 0.0006691895878495731 0
62 1 1 55382400 137795304.32671097 17863080.940336674 4065066.9129287149 -7.4386325824470392 29.757809737346037 0.42043538038756573 676.33881799794881 -9.5870386660795492e-05 -3.6198262672131531e-05 0.00067452791810320161 0
63 1 1 55468800 137127179.03643659 20430695.582176737 4100642.7389545324 -8.0274031550695355 29.675791068595576 0.40303453567492786 676.33730928882414 -9.8041527739853451e-05 -3.6336089632257927e-05 0.00067964416490306307 0
64 1 1 55555200 136408142.21234024 22990723.535383772 4134703.620151185 -8.6171057907263062 29.582171721603785 0.3853677067295524 676.3357889800717 -0.00010026781590508658 -3.6475858429671014e-05 0.00068453476414496474 0
65 1 1 55641600 135638122.35829484 25542157.291545346 4167226.7064183061 -9.207530359036264 29.476831477646815 0.36743795917282895 676.33425754137147 -0.00010255108840504753 -3.6619624982650027e-05 0.00068919618176561677 0
66 1 1 55728000 134817066.39576241 28083979.05686019 4198189.4216129277 -9.7984606430995065 29.359652506585824 0.34924857018000283 676.33271544810032 -0.00010489316551974475 -3.6769574158358668e-05 0.00069362491617774294 0
67 1 1 55814400 133944940.19326138 30615160.968720485 4227569.4821368679 -10.389674257390043 29.230519604806432 0.33080303564315922 676.33116318114321 -0.00010729584637961667 -3.6928024830474465e-05 0.00069781749991396839 0
68 1 1 55900800 133021729.10265143 33134665.333275709 4255344.9161445638 -10.98094257212683 29.089320442973886 0.31210507736684173 676.32960122669431 -0.00010976090471514196 -3.7097458555404877e-05 0.00070177050297639512 0
69 1 1 55987200 132047438.50165096 35641444.884828344 4281494.0833734479 -11.572030644757486 28.935945823650801 0.29315865028202476 676.32803007601831 -0.0001122900854132738 -3.7280506762237583e-05 0.00070548055263234286 0
70 1 1 56073600 131022094.34194291 38134443.067914933 4305995.6955976933 -12.162697159214343 28.770289948804763 0.27396794965644511 676.32645022526265 -0.00011488508220041476 -3.7479847711700496e-05 0.00070894427953888605 0
71 1 1 56160000 129945743.70216858 40612594.342926122 4328828.8377041863 -12.752694373631915 28.592250697173522 0.25453741828812487 676.32486217521011 -0.0001175475570183134 -3.7698392609464318e-05 0.00071215840633448164 0
72 1 1 56246400 128818455.34504741 43074824.51611498 4349972.9893887248 -13.34176807723836 28.401729911437361 0.23487175366138563 676.32326643098702 -0.00012027911525314084 -3.7939162037408336e-05 0.00071511968353434572 0
73 1 1 56332800 127640320.27779903 45520051.094838321 4369408.0474676741 -13.929657557155867 28.198633695123842 0.21497591503627889 676.32166350186685 -0.00012308129498382327 -3.8205265133228575e-05 0.00071782488345099936 0
74 1 1 56419200 126411452.31497774 47947183.668865785 4387114.3487988161 -14.516095575872688 27.98287271909626 0.19485513045631175 676.32005390102381 -0.00012595557060352935 -3.8499976150955557e-05 0.00072027083669488868 0
75 1 1 56505600 125131988.64276487 50355124.31857726 4403072.6938032582 -15.100808360169445 27.75436253744633 0.17451490365087091 676.31843814520948 -0.00012890334875585553 -3.8826747207677511e-05 0.00072245444260786212 0
76 1 1 56592000 123802090.38369386 52742768.050851956 4417264.3705781214 -15.683515602300572 27.513023912571082 0.15396102080222743 676.31681675443247 -0.0001319259540090686 -3.9189201301257808e-05 0.0007243726574360568 0
77 1 1 56678400 122421943.16071451 55109003.263430983 4429671.1795871984 -16.263930474251399 27.258783149153519 0.13319955715493881 676.31519025154387 -0.00013502462974901547 -3.9591169286256834e-05 0.00072602256700263527 0
78 1 1 56764800 120991757.65943074 57452712.238508843 4440275.4589146571 -16.841759655906333 26.99157243672299 0.11223688343080933 676.31355916186578 -0.00013820052364334505 -4.0036563576455802e-05 0.00072740126870163464 0
79 1 1 56851200 119511770.18727304 59772771.666279435 4449060.1100630229 -17.41670337797494 26.711330200410096 0.091079672009030402 676.31192401303031 -0.00014145466914763059 -4.0529353990189684e-05 0.0007285058290629542 0
80 1 1 56937600 117982243.22829355 62068053.19912447 4456008.6242745928 -17.988455480535322 26.418001459422104 0.069734902862630871 676.31028533461313 -0.00014478799501607429 -4.1073727759668377e-05 0.00072933346853217603 0
81 1 1 57024000 116403465.99219725 64337424.037089072 4461105.1093541328 -18.556703488058496 26.111538192725337 0.0482098692133964 676.30864365762523 -0.00014820130340020496 -4.1674034759930456e-05 0.00072988147397084514 0
82 1 1 57110400 114775754.95614822 66579747.545243695 4464334.3169659898 -19.121128701779032 25.79189971136234 0.026512182855195444 676.30699951413089 -0.00015169527834734119 -4.2334794899494587e-05 0.00073014720876849425 0
83 1 1 57196800 113099454.3978141 68793883.903476909 4465681.6703766314 -19.681406310284331 25.459053036737508 0.0046497791416677346 676.30535343639542 -0.00015527055683840465 -4.3060772737458742e-05 0.0007301284041443981 0
84 1 1 57283200 111374936.91803795 70978690.789204702 4465133.292610989 -20.237205519162139 25.112973284162731 -0.017369078450160429 676.30370595649458 -0.00015892750764354973 -4.3856733950737603e-05 0.00072982251475678167 0
85 1 1 57369600 109602603.95145558 73133024.093416974 4462676.034982211 -20.788189700549818 24.753644050861354 -0.039535794227042752 676.30205760651779 -0.0001626662827051753 -4.4727509172893681e-05 0.00072922693527277809 0
86 1 1 57456000 107782886.26330072 75255738.670407534 4458297.5059564654 -21.334016563439906 24.381057807518722 -0.061841436620716714 676.30040891793863 -0.00016648693837237427 -4.5678147580132284e-05 0.00072833935612798273 0
87 1 1 57542400 105916244.43057053 77345689.121453106 4451986.1003126195 -21.874338345536419 23.995216292429443 -0.084276735039868891 676.29876042079877 -0.00017038936060844047 -4.6713847068905048e-05 0.00072715755423395948 0
88 1 1 57628800 104003169.30565612 79401730.612622395 4443731.0285490649 -22.408802027427488 23.596130907211535 -0.10683207730005141 676.29711264315654 -0.00017437324725832053 -4.7839931332909773e-05 0.00072567940044319641 0
89 1 1 57715200 102044182.46047732 81422719.726802066 4433522.3464867743 -22.937049569818974 23.183823112957729 -0.12949750765854573 676.29546611051637 -0.00017843809655966269 -4.9061837693610737e-05 0.00072390284996241643 0
90 1 1 57801600 100039836.6090993 83407515.349925712 4421350.9850142999 -23.458718174526748 22.758324825609307 -0.15226272549944325 676.29382134523928 -0.00018258324345728008 -5.0385200578404546e-05 0.00072182605134960996 0
91 1 1 57888000 97990716.006748185 85354979.591282383 4407208.7799212746 -23.973440569908519 22.319678809238475 -0.17511708457433262 676.29217886344622 -0.00018680822652241783 -5.1816065008694472e-05 0.00071944883886112751 0
92 1 1 57974400 95897436.823091492 87263978.737668142 4391088.5017605312 -24.480845321211344 21.867939065954399 -0.19804959325436028 676.29053917684507 -0.00019111143223016772 -5.3359840395689943e-05 0.00071676769465931173 0
93 1 1 58060800 93760647.487608299 89133384.241026253 4372983.8856456205 -24.980557166432519 21.403171220911723 -0.22104891555052442 676.28890279429004 -0.00019549146326853465 -5.5022357565088076e-05 0.00071378096492376623 0
94 1 1 58147200 91581029.004818052 90962073.739082187 4352889.6609431496 -25.472197378209309 20.925452900825437 -0.24410337269290916 676.28727021848533 -0.00019994668741344908 -5.6809596063465422e-05 0.00071048711383977321 0
95 1 1 58233600 89359295.237109005 92748932.108347461 4330801.580783302 -25.955384151990256 20.43487410446723 -0.26720094572645409 676.28564194530043 -0.00020447522272034357 -5.872761105572482e-05 0.00070688473247308421 0
96 1 1 58320000 87096193.152882278 94492852.54872708 4306716.4513071198 -26.429733020795428 19.931537563431192 -0.29032927901886652 676.2840184630719 -0.00020907488092535337 -6.0782495111499036e-05 0.00070297240436929614 0
97 1 1 58406400 84792503.037704542 96192737.698812783 4280632.1605697088 -26.894857296738486 19.415559091402592 -0.3134756847177898 676.28240025180003 -0.00021374321591874292 -6.2980415371672181e-05 0.00069874888992342164 0
98 1 1 58492800 82449038.666154966 97847500.780791372 4252547.7070163395 -27.350368539373932 18.887067920104915 -0.3366271481922633 676.28078778214569 -0.00021847749475496415 -6.5327580355978383e-05 0.00069421305465311434 0
99 1 1 58579200 80066647.432050139 99456066.773735657 4222463.2274432844 -27.795877050803373 18.34620702004236 -0.35977033452376384 676.27918151473489 -0.00022327467561405261 -6.7830289202890198e-05 0.00068936387116966453 0
100 1 1 58665600 77646210.434739307 101017373.61387987 4190380.0243584942 -28.230992397426025 17.793133404057873 -0.38289159585607146 676.27758189563133 -0.00022813214813632686 -7.0495364665503572e-05 0.00068420288688421621 0
101 1 1 58752000 75188642.519184664 102530373.42031202 4156300.5926548848 -28.655323957861036 17.22801841184139 -0.40597698017191108 676.2759893577288 -0.00023304573783774747 -7.3328710231817219e-05 0.0006787274396038086 0
102 1 1 58838400 72694892.267587319 103994033.74435247 4120228.6454602825 -29.068481496641496 16.651047973322008 -0.42901224130505045 676.27440432404956 -0.00023801124529755906 -7.633638845244516e-05 0.00067293606820428538 0
103 1 1 58924800 70165941.940345883 105407338.84069823 4082169.1390951402 -29.470075763216414 16.062422848786969 -0.4519828497173064 676.27282720389667 -0.00024302432948353176 -7.9524634081842147e-05 0.00066682816698055781 0
104 1 1 59011200 67602807.364201784 106769290.95823811 4042128.2970441943 -29.859719115353798 15.462358843770508 -0.47487400455719309 676.27125839081793 -0.0002480802995338377 -8.2899648343202944e-05 0.00066040324712172472 0
105 1 1 59097600 65006537.76549989 108078911.64827007 4000113.6328316955 -30.23702616603153 14.85108699664656 -0.49767064696912955 676.26969826150355 -0.00025317408588128423 -8.6467551662584196e-05 0.00065366087425629889 0
106 1 1 59184000 62378215.546582013 109335243.08767281 3956133.9716946133 -30.601614452736143 14.228853736854335 -0.52035747460775994 676.26814717453806 -0.00025830025486317802 -9.0234385575592725e-05 0.0006466007465308005 0
107 1 1 59270400 59718956.003429458 110537349.41440584 3910199.4709494705 -30.953105127900884 13.595921011722769 -0.54291895736765972 676.26660546902986 -0.00026345298914756779 -9.4206084050170536e-05 0.00063922266469075431 0
108 1 1 59356800 57029906.982790105 111684318.0725389 3862321.6389470915 -31.291123669037113 12.952566379898352 -0.565339354339226 676.26507346325741 -0.00026862608194393254 -9.838847065216658e-05 0.00063152654798675784 0
109 1 1 59443200 54312248.477156691 112775261.16383998 3812513.3525110325 -31.615300606957508 12.299083069420313 -0.58760273194144974 676.26355145244395 -0.00027381312868206525 -0.0001027873468263002 0.00062351291954747311 0
110 1 1 59529600 51567192.156110369 113809316.80278707 3760788.8727551759 -31.925272270238665 11.635779998601137 -0.60969298335154642 676.2620397081223 -0.00027900689544689853 -0.00010740807285847058 0.00061518141760663462 0
111 1 1 59616000 48795980.832709894 114785650.47171092 3707163.8591720304 -32.220681544033987 10.962981757858742 -0.63159384899801851 676.26053847493574 -0.00028420055253023892 -0.00011225637012413255 0.00060653387356874027 0
112 1 1 59702400 45999887.863777198 115703456.37262066 3651655.3819020535 -32.50117864099272 10.281028550876854 -0.65328893834450641 676.25904796958184 -0.00028938585872317354 -0.00011733700842173091 0.00059756963199292723 0
113 1 1 59788800 43180216.483139463 116561958.77213426 3594281.932057037 -32.766421881936587 9.5902760935348255 -0.67476175298087449 676.25756838282268 -0.00029455413154388596 -0.00012265443811006354 0.00058828818982248061 0
114 1 1 59875200 40338299.067080371 117360413.33579385 3535063.4300138718 -33.016078483972926 8.8910954690413924 -0.69599571054740872 676.25609987626217 -0.00029969657254132518 -0.00012821308056620341 0.0005786901045254022 0
115 1 1 59961600 37475496.331475861 118098108.44792856 3474021.2315959684 -33.249825353285729 8.1838729380605049 -0.71697416973964623 676.25464257938563 -0.00030480390512354868 -0.00013401702639556244 0.00056877606634579637 0
116 1 1 60048000 34593196.460332155 118774366.51312789 3411178.1320463922 -33.467349879790589 7.4690097027300402 -0.73768045638947299 676.25319658775879 -0.00030986641656469306 -0.00014007000293748761 0.00055854697454975593 0
117 1 1 60134400 31692814.165689152 119388545.23529959 3346558.3677059188 -33.668350730734986 6.7469216236248446 -0.75809789050725118 676.25176196135158 -0.0003148738380194368 -0.00014637525416743877 0.00054800372064092251 0
118 1 1 60220800 28775789.679112546 119940038.87021308 3280187.6153154066 -33.852538640181443 6.0180388889278085 -0.77820981421015456 676.25033872284007 -0.00031981544801562366 -0.00015293557959109562 0.00053714744024212235 0
119 1 1 60307200 25843587.675265871 120428279.4473753 3212092.9888703395 -34.019637191202051 5.2828056352896375 -0.79799962045056594 676.24892685565965 -0.00032468002811211804 -0.00015975326290373473 0.00052597945747439028 0
120 1 1 60393600 22897696.128333941 120852737.95705028 3142303.0339606944 -34.169383587503233 4.5416795200992537 -0.81745078248186043 676.24752630220939 -0.00032945586390810346 -0.00016683002473026162 0.00051450131013053096 0
121 1 1 60480000 19939625.102354534 121212925.49822219 3070847.7195367757 -34.301529411135128 3.7951312451189128 -0.83654688395971488 676.24613696196002 -0.00033413078111944807 -0.00017416700033538897 0.00050271484730591805 0
122 1 1 60566400 16970905.476807985 121508394.38330549 2997758.4270499288 -34.415841362869926 3.0436440317031472 -0.85527164959594515 676.2447586897531 -0.00033869206941913551 -0.00018176461887726134 0.00049062210187465717 0
123 1 1 60652800 13993087.609110858 121738739.19543926 2923067.9369243491 -34.512101981801329 2.2877130480798056 -0.87360897626216205 676.24339129431564 -0.00034312653450588012 -0.00018962258093749602 0.00047822540634415329 0
124 1 1 60739200 11007739.93595824 121903597.7942535 2846810.4123267001 -34.590110340710183 1.5278447894366447 -0.89154296441849767 676.2420345366844 -0.00034742054067833802 -0.00019773984322492079 0.00046552750918432868 0
125 1 1 60825600 8016447.5157575915 122002652.26607099 2769021.3802107535 -34.649682713748732 0.76455641183270462 -0.90905794973828036 676.24068812826363 -0.00035156019533739031 -0.00020611473958703124 0.00045253192701782838 0
126 1 1 60912000 5020810.5146929491 122035629.81461115 2689737.7096265466 -34.690653213044932 -0.0016249787683968626 -0.92613853478620811 676.23935172794461 -0.00035553159924788099 -0.00021474505057998119 0.00043924319538498892 0
127 1 1 60998400 2022442.6392548832 122002303.58838688 2608997.5872874502 -34.712874390720899 -0.77016308062607686 -0.94276962085583405 676.23802494339066 -0.00035931927685009166 -0.00022362658863017991 0.00042566437212721952 0
128 1 1 61084800 -977030.48163365794 121902493.44114502 2526840.4903884199 -34.716217803177329 -1.5405131917524371 -0.95893643961320629 676.23670733163749 -0.00036290815288468506 -0.0002327547929506568 0.0004118002297540498 0
129 1 1 61171200 -3975972.9615064398 121736066.62185617 2443307.1567121851 -34.70057453454006 -2.3121230447513983 -0.97462458430594079 676.23539839661146 -0.00036628288827165214 -0.00024212414002819333 0.00039765623468062896 0
130 1 1 61257600 -6972740.3645876572 121502938.39096878 2358439.5520505882 -34.665855676086593 -3.084433678411528 -0.98982004065650775 676.23409758905279 -0.0003694280067407914 -0.00025172810714966842 0.00038323856773734037 0
131 1 1 61344000 -9965681.4534448739 121203072.55986375 2272280.8349791924 -34.611992758834091 -3.856880343411984 -1.0045092172133416 676.23280430685861 -0.00037232793384491621 -0.00026155919543409948 0.00036855423027205945 0
132 1 1 61430400 -12953139.971899344 120836481.95068434 2184875.3190413644 -34.538938136690497 -4.6288934392865322 -1.0186789749132981 676.23151789302858 -0.00037496820596095884 -0.00027160990930532127 0.00035361241582655841 0
133 1 1 61516800 -15933456.458809793 120403228.77398123 2096268.4324096134 -34.446665317488566 -5.3998994792714834 -1.0323166560027635 676.23023763803803 -0.00037733296592364464 -0.0002818703067974351 0.00033842108831756321 0
134 1 1 61603200 -18904970.088123921 119903424.92191143 2006506.6750802193 -34.335169239761328 -6.1693220797418693 -1.0454101120467434 676.22896278322412 -0.00037940748278162117 -0.00029233027187106536 0.00032299012743792376 0
135 1 1 61689600 -21866020.530435324 119337232.17500857 1915637.5737033216 -34.204466493386761 -6.9365829707507221 -1.0579477307350857 676.22769252130183 -0.0003811771413294081 -0.00030297850447064475 0.00030732998151170135 0
136 1 1 61776000 -24814949.831106551 118704862.32087594 1823709.6341405818 -34.054595482181099 -7.7011030236984253 -1.0699184616307089 676.2264260006973 -0.00038262746498386811 -0.00031380241260276078 0.00029145151847390088 0
137 1 1 61862400 -27750104.299886364 118006577.18348357 1730772.291855694 -33.885616527184176 -8.4623032923652186 -1.0813118405407247 676.22516232842622 -0.00038374513525588332 -0.00032478913519830348 0.00027536708551312327 0
138 1 1 61948800 -30669836.406847104 117242688.56208873 1636875.8602627292 -33.697611909482923 -9.2196060632171601 -1.0921180124353498 676.22390057256302 -0.00038451762155271676 -0.00033592517343659407 0.00025908994916253996 0
139 1 1 62035200 -33572506.679378115 116413558.0791609 1542071.4771579159 -33.490685851748502 -9.9724359107911571 -1.102327752856312 676.22263976531133 -0.0003849337505310098 -0.00034719694034403829 0.00024263460143534958 0
140 1 1 62121600 -36456485.594917804 115519596.93705563 1446411.0493697601 -33.264964437972623 -10.720220753864972 -1.1119324877718926 676.22137890816578 -0.00038498268702495523 -0.00035858964818458964 0.00022601541597627245 0
141 1 1 62208000 -39320155.464074828 114561265.58355519 1349947.1957640108 -33.0205954713079 -11.462392908174486 -1.1209243117370489 676.22011697781511 -0.00038465497990050628 -0.0003700884766985917 0.00020924763037621355 0
142 1 1 62294400 -42161912.29880324 113539073.28675433 1252733.1887607512 -32.757748270294933 -12.198390131464956 -1.1292960041896483 676.21885293041089 -0.00038394243457086325 -0.00038167852557688495 0.00019234710082844975 0
143 1 1 62380800 -44980167.660325035 112453577.62014204 1154822.8945224599 -32.476613403945194 -12.927656656507914 -1.13704104390696 676.21758570673876 -0.00038283810230308282 -0.00039334485258102369 0.00017533003634879026 0
144 1 1 62467200 -47773350.481554411 111305383.85910347 1056270.7119747461 -32.177402366605591 -13.649644207862456 -1.1441536215618702 676.21631423771873 -0.00038133641582318635 -0.0004050724973653784 0.00015821271561654093 0
145 1 1 62553600 -50539908.858865187 110095144.29043029 957131.51082663971 -31.860347193640788 -14.363812998107472 -1.1506286502887233 676.21503745358496 -0.00037943229741471788 -0.00041684709579893414 0.00014101268220007674 0
146 1 1 62640000 -53278311.808217563 108823557.43670136 857460.5688072152 -31.525700021605488 -15.069632702273809 -1.1564617729630038 676.21375423352174 -0.00037714516665541864 -0.00042868598118597458 0.00012376215518028746 0
147 1 1 62726400 -55987050.980825007 107491367.1977337 757313.50831818965 -31.17373258987179 -15.766583399797904 -1.1616493697314068 676.21246344967358 -0.00037445595382997561 -0.00044055295473147105 0.00010646413124722003 0
148 1 1 62812800 -58664642.333286956 106099361.91221496 656746.23242610076 -30.804735687942713 -16.454156483120144 -1.1661885639199741 676.21116403796509 -0.00037135958115989444 -0.00045242927184807109 8.9130941026238305e-05 0
149 1 1 62899200 -61309627.748007074 104648373.34198725 555814.86061520025 -30.419018556864646 -17.13185553787423 -1.1700772224111278 676.20985490850012 -0.00036787679880921018 -0.00046433521526898202 7.1789663310091342e-05 0
150 1 1 62985600 -63920576.599726759 103139275.58201946 454575.66454992408 -30.016908239660655 -17.799197180341196 -1.1733139558008541 676.208534941371 -0.00036400791421977319 -0.00047626145704920378 5.4453353170987933e-05 0
151 1 1 63072000 -66496087.263816632 101572983.90003715 353085.00382027461 -29.598748884717644 -18.45571184992157 -1.1758981177613381 676.20720304292627 -0.00035975272924400076 -0.00048819515204031748 3.713146668871518e-05 0
152 1 1 63158400 -69034788.562593415 99950453.5095433 251399.26187270085 -29.164901007531029 -19.100944556938732 -1.1778298016821904 676.20585819203029 -0.00035509550225270236 -0.00050009594048168395 1.9827872515825674e-05 0
153 1 1 63244800 -71535341.146164119 98272678.280242786 149574.78233773581 -28.715740715077864 -19.734455585220552 -1.1791098344946542 676.20449944086067 -0.0003500387633212099 -0.00051195184436527038 2.5545577186938494e-06 0
154 1 1 63331200 -73996438.804814741 96540689.389724389 47667.806016350063 -28.251658896271419 -20.355821147086786 -1.1797397680858492 676.20312587397041 -0.00034458550166072718 -0.0005237519218791824 -1.4676016545154825e-05 0
155 1 1 63417600 -76416809.70999217 94755553.920891777 -54265.59134467486 -27.773060379616215 -20.964633984473945 -1.1797218694819063 676.20173661248043 -0.000338739433012164 -0.00053548595716500604 -3.1852133854343516e-05 0
156 1 1 63504000 -78795217.581290901 92918373.409748778 -156169.56035247952 -27.280363063302381 -21.560503916742295 -1.1790591092504263 676.20033081737438 -0.00033250409050882067 -0.00054714264563467119 -4.8963170576052678e-05 0
157 1 1 63590400 -81130462.777227819 91030282.348215103 -257988.53819076976 -26.773997021672393 -22.143058333689737 -1.1777551481721282 676.19890769356266 -0.00032588457151589253 -0.0005587105392570493 -6.5999547459937236e-05 0
158 1 1 63676800 -83421383.307903886 89092446.646768078 -359667.30760337407 -26.254403591043218 -22.711942632590326 -1.1758143217802584 676.19746650649836 -0.00031888272373629316 -0.0005701948825384593 -8.2947486804081966e-05 0
159 1 1 63763200 -85666855.768285185 87106062.060893998 -461151.05448090419 -25.722034450096537 -23.266820625311983 -1.1732416239351344 676.19600611585577 -0.00031162372315401011 -0.0005819099861887146 -9.9803108189299797e-05 0
160 1 1 63849600 -87865796.191098824 85072352.585936755 -562385.42399762408 -25.177350668138203 -23.807374834419154 -1.1700426892814431 676.19452548743095 -0.00030399102527584791 -0.000593533199182015 -0.00011656868393721251 0
161 1 1 63936000 -90017160.817294464 82992568.828845143 -663316.57531776477 -24.62082177383034 -24.333306791341965 -1.1662237793452213 676.19302307930138 -0.00029634282825669695 -0.00060578684880870071 -0.00013332051913395677 0
162 1 1 64022400 -92119946.786942735 80867986.353359103 -763891.23506334808 -24.052924809364185 -24.84433727524334 -1.1617917634489727 676.1914963641367 -0.00028862745341798167 -0.00061865550208651165 -0.0001500825091707046 0
163 1 1 64108800 -94173192.744904965 78699904.014403567 -864056.74848062475 -23.474143327431381 -25.340206367452272 -1.1567540867453865 676.18994375991235 -0.00028054252851823737 -0.00063153468339388901 -0.00016679928272956461 0
164 1 1 64195200 -96175979.362002656 76489642.286607683 -963761.1280141687 -22.884966447494552 -25.820673556064417 -1.1511187458402143 676.18836450758988 -0.00027208990918656457 -0.00064442194015858646 -0.00018347330194742436 0
165 1 1 64281600 -98127429.776013374 74238541.58389084 -1062953.099819314 -22.285887924208669 -26.285517796408666 -1.1448942603886081 676.18675838047818 -0.00026326690727699638 -0.00065732141998104776 -0.00020009983538107928 0
166 1 1 64368000 -100026709.95657441 71947960.564372063 -1161582.1513278773 -21.677405373810348 -26.734537936757889 -1.1380897630853688 676.18511750351547 -0.00025615610536403163 -0.00067595955709011618 -0.00021821027985650428 0
167 1 1 64454400 -101873029.00120626 69619274.405992046 -1259598.5856690283 -21.060019291743256 -27.167552546395488 -1.1307149592655255 676.18342855997366 -0.0002498198336364437 -0.00069863241367009441 -0.00023755978052666262 0
168 1 1 64540800 -103665639.33009644 67253873.14627707 -1356953.5596243285 -20.434231867413761 -27.5843990336902 -1.1227798886144342 676.18168743129047 -0.00024316006506688132 -0.00072272860485279649 -0.00025754346591762322 0
169 1 1 64627200 -105403836.81494577 64853159.998431735 -1453599.1315540797 -19.800546805361268 -27.984935657390274 -1.1142956078687556 676.17985802658836 -0.00024488227955543265 -0.00077686650959929297 -0.0002880552897839913 0
170 1 1 64713600 -107086960.9010419 62418549.457489558 -1549488.3854437072 -19.159468818065644 -28.369042818237123 -1.1052747920595534 676.17784377713042 -0.0002600070518268175 -0.00088427380172728155 -0.00033930414432971145 0
171 1 1 64800000 -108714394.67932205 59951465.273398645 -1644575.6294485184 -18.511503685750135 -28.736627143417223 -1.0957336261833404 676.1754048247243 -0.00030692968388786686 -0.0011245335308320795 -0.00044435048647434647 0
172 1 1 64886400 -110285564.88513181 57453338.360711969 -1738816.6396198515 -17.857154617296029 -29.087612048403599 -1.0856883397962245 676.17233294262462 -0.00035178940685755874 -0.0013951645167407498 -0.00056628140888597127 0
173 1 1 64972800 -111799941.4906282 54925605.916571558 -1832168.444953338 -17.196919789679381 -29.421930662925082 -1.0751524384243256 676.16857987415415 -0.0003899613371725416 -0.0016832683349807791 -0.00070057344541344833 0
174 1 1 65059200 -113257037.37180474 52369710.180063471 -1924589.2423794169 -16.531294101010996 -29.739533238450548 -1.0641395020242446 676.16410846866972 -0.00041966637000259461 -0.001984437447803153 -0.00084568998287171289 0
175 1 1 65145600 -114656407.99784188 49787096.963529103 -2016038.403271155 -15.86076848780883 -30.040386688763558 -1.052663106920346 676.15889388262951 -0.00043906533971365612 -0.002292104225781029 -0.00099902527441172897 0
176 1 1 65232000 -115997651.06108159 47179214.231343448 -2106476.4709971622 -15.185829321525286 -30.324474324627545 -1.0407368458685473 676.15292053661619 -0.00044768908513473501 -0.0026048024839939276 -0.0011599593219142992 0
177 1 1 65318400 -117280406.06015496 44547510.68195989 -2195865.1691898629 -14.506957866518027 -30.591795765296304 -1.0283744421675203 676.14617522223421 -0.00044518121514421972 -0.0029211642721512841 -0.0013278961264560774 0
178 1 1 65404800 -118504353.83303525 41893434.356041953 -2284167.4130632472 -13.824629696566463 -30.842366577951456 -1.0155897670933522 676.13864497248426 -0.00043150858467718697 -0.0032416533240186393 -0.0015029589531308756 0
179 1 1 65491200 -119669216.0412426 39218431.27567219 -2371347.3227238911 -13.139314130597414 -31.076217805705589 -1.0023968237246168 676.13031661469086 -0.00040643338394980721 -0.0035653353060459609 -0.0016847247161647482 0
180 1 1 65577600 -120774754.60550201 36523944.133094028 -2457370.2320407508 -12.451473693099409 -31.293395421069704 -0.98880971068249535 676.1211773617581 -0.00036986523131594024 -0.0038922983861870647 -0.0018731876435505877 0
181 1 1 65664000 -121820771.09740867 33811411.021042325 -2542202.6968934461 -11.761563622173487 -31.493959813850033 -0.97484260535830214 676.11121445669517 -0.00032163445854909437 -0.0042218419003967698 -0.0020680260990725311 0
182 1 1 65750400 -122807106.08956127 31082264.212003101 -2625812.5005376055 -11.070031408937657 -31.677985249407588 -0.96050974732719585 676.10041507668973 -0.0002616529469217871 -0.004554100237434338 -0.0022693316283850817 0
183 1 1 65836800 -123733638.4678818 28337928.981794342 -2708168.6587280566 -10.377316375910056 -31.845559305993039 -0.94582541220927141 676.08876645953148 -0.00018977339035554255 -0.0048881767901752049 -0.002476693471949825 0
184 1 1 65923200 -124600284.70868301 25579822.489166062 -2789241.4192361259 -9.6838492879211451 -31.996782193961394 -0.93080383420482993 676.07625811992682 -0.00010588733401967539 -0.0052226333578524568 -0.0026894472790248694 0
185 1 1 66009600 -125406998.12421605 22809352.70990191 -2869002.2567704609 -8.9900520103792303 -32.131766186722238 -0.91545918020773998 676.06288185067126 -9.9754677981201837e-06 -0.0055565063905836055 -0.0029070705416019056 0
186 1 1 66096000 -126153768.08034799 20027917.418007255 -2947423.8666895647 -8.2963372040015564 -32.250635060754746 -0.89980553368120486 676.04863145802949 9.7921951658818304e-05 -0.0058885609385578653 -0.0031289491829363 0
187 1 1 66182400 -126840619.18926015 17236903.217490584 -3024480.1567310435 -7.6031080525128463 -32.35352351396034 -0.88385687458525553 676.03350284232988 0.00021770068852459146 -0.006217832743703181 -0.0033545722492806453 0
188 1 1 66268800 -127467610.48006985 14437684.621984789 -3100146.2379358183 -6.9107580230974124 -32.440576628400237 -0.8676270768067903 676.0174932724882 0.00034921768610075317 -0.0065436489618238575 -0.0035835491383029781 0
189 1 1 66355200 -128034834.5500769 11631623.181325501 -3174398.4151673955 -6.2196706577016725 -32.511949314502402 -0.85112989834121666 676.00060104156705 0.00049229739675527506 -0.006865354429556339 -0.0038154889226941248 0
190 1 1 66441600 -128542416.69934794 8820066.6570907142 -3247214.1763437772 -5.5302193959571797 -32.567805739930257 -0.83437896403262701 675.98282548138479 0.00064673314113713261 -0.0071823129157980873 -0.0040500010861001922 0
191 1 1 66528000 -128990514.05133827 6004348.2471949002 -3318572.1802531774 -4.8427674288619276 -32.608318765358625 -0.81738775000511765 675.96416694855623 0.00081228844805257105 -0.0074939082328890488 -0.0042866961038771582 0
192 1 1 66614400 -129379314.66215743 3185785.8589425352 -3388452.2430686988 -4.1576675820199185 -32.63366938719038 -0.80016956910880177 675.94462681005086 0.00098869841927064933 -0.0077995450545451832 -0.0045251857713029912 0
193 1 1 66700800 -129709036.62100494 365681.43003930233 -3456835.3235657085 -3.4752622278393872 -32.644046184668397 -0.78273755530751643 675.924207505607 0.0011756711465459107 -0.0080986496755053906 -0.0047650836380159012 0
194 1 1 66787200 -129979927.14397117 -2454679.7045230032 -3523703.507808595 -2.7958832168970029 -32.63964482755906 -0.76510467564023987 675.90291161149651 0.0013730082277341549 -0.0083914077936606112 -0.0050063919591205059 0
195 1 1 66873600 -130192261.66229053 -5274029.4071703656 -3589039.9969023857 -2.1198518188456115 -32.620667664463994 -0.74728378198684442 675.88073950269461 0.0015806746029430891 -0.0086787762274617916 -0.0052495375034421416 0
196 1 1 66960000 -130346342.90762149 -8091117.2897055289 -3652829.0953085823 -1.447478727585936 -32.587323068145579 -0.72928753077108976 675.85769200310779 0.0017981976973713281 -0.0089590873953695818 -0.0054935674946250297 0
197 1 1 67046400 -130442500.00032526 -10904711.20205481 -3715056.1883335607 -0.77906410229065504 -32.539824772027245 -0.71112828851874077 675.83377350814055 0.0020250934183139286 -0.009231130082645863 -0.0057377369620028049 0
198 1 1 67132800 -130481087.54037884 -13713597.677126495 -3775707.7181541538 -0.11489759643785584 -32.478391445933717 -0.69281815555887794 675.80899069796169 0.0022608861448702379 -0.0094940673962512299 -0.0059814762863329282 0
199 1 1 67219200 -130462484.70165244 -16516582.338557122 -3834771.1614299123 0.54474159399990441 -32.403246264245588 -0.67436898047630311 675.78335165932867 0.0025051416384536574 -0.0097474321437371961 -0.0062243969747000968 0
200 1 1 67305600 -130387094.33101834 -19312490.271708548 -3892235.0082709161 1.1995846665111738 -32.314616484864331 -0.65579237632413723 675.75686504940472 0.0027574681895647011 -0.0099910087840747626 -0.0064662584644913732 0
201 1 1 67392000 -130255342.05423667 -22100166.356731143 -3948088.7413803968 1.8493731147979908 -32.212732977356779 -0.63709969788138687 675.72954061616883 0.0030173138415057902 -0.010224065215302671 -0.0067064714304667563 0
202 1 1 67478400 -130067675.391293 -24878475.560390484 -4002322.8125056266 2.4938586171052837 -32.097829777446677 -0.61830202598887796 675.70138950392834 0.0032841938596239626 -0.01044624017665813 -0.0069446666743297469 0
203 1 1 67564800 -129824562.88126074 -27646303.193109412 -4054928.6195134413 3.1328029207123542 -31.970143699694948 -0.59941018002897239 675.67242367181848 0.0035576126559635152 -0.010657206020498574 -0.0071804836054928699 0
204 1 1 67651200 -129526493.21811743 -30402555.131694317 -4105898.4836001555 3.7659777059682269 -31.829913938386884 -0.58043471350863096 675.64265589400372 0.0038370661949655776 -0.010856669648533664 -0.0074135712661492553 0
205 1 1 67737600 -129173974.39883593 -33146158.008372214 -4155225.6262079175 4.3931644382881494 -31.677381686689021 -0.56138591160352824 675.61209971957578 0.004122044262045375 -0.011044372872196256 -0.0076435895084626636 0
206 1 1 67824000 -128767532.88475901 -35876059.367634691 -4202904.1457632994 5.0141542088495274 -31.5127897722728 -0.54227378948582849 675.58076943074775 0.0044120325623143277 -0.011220092090452608 -0.0078702098110333719 0
207 1 1 67910400 -128307712.7771859 -38591227.792309783 -4248928.994302881 5.6287475651189327 -31.336382309375569 -0.52310809137386605 675.54868000012596 0.00470651473238897 -0.011383637893848291 -0.00809311601205954 0
208 1 1 67996800 -127795075.00800058 -41290653.000279926 -4293295.9540461339 6.2367543322988919 -31.148404367218685 -0.50389829025183086 675.51584704761717 0.0050049741686606156 -0.011534854162712172 -0.0083120047970823563 0
209 1 1 68083200 -127230196.54608212 -43973345.913252033 -4336001.613971008 6.8379934267324387 -30.949101654633136 -0.48465358820475951 675.48228679775468 0.0053068956850796248 -0.0116736169603398 -0.0085265860795750038 0
210 1 1 68169600 -126613669.62014824 -46638338.698973626 -4377043.3464433094 7.4322926622594112 -30.738720220718637 -0.46538291732114551 675.4480160377982 0.0056117670034405345 -0.011799833290477129 -0.0087365832242423877 0
211 1 1 68256000 -125946100.95859997 -49284684.788270779 -4416419.2839468252 8.0194885504727793 -30.517506171317915 -0.4460949411131982 675.4130520769661 0.0059190800910269275 -0.011913439707996201 -0.0089417331394792861 0
212 1 1 68342400 -125228111.04685496 -51911458.868263423 -4454128.2959568594 8.5994260957775399 -30.285705401047348 -0.42679805641077156 675.3774127070817 0.0062283323526806517 -0.012014400831098206 -0.0091417862875083078 0
213 1 1 68428800 -124460333.40258119 -54517756.853089817 -4490169.9659964349 9.17195858610404 -30.043563340594645 -0.40750039568780477 675.34111616484165 0.0065390276325264611 -0.012102707810168827 -0.0093365065978583822 0
214 1 1 68515200 -123643413.86917217 -57102695.833445869 -4524544.5689106127 9.7369473800792843 -29.791324718968884 -0.38820982977857155 675.3041810958581 0.0068506770750337478 -0.012178376817525817 -0.0095256712804128452 0
215 1 1 68601600 -122778009.9277353 -59665414.006216571 -4557253.0483911261 10.294261691425813 -29.529233340362875 -0.36893397095115477 675.26662652040682 0.0071627999724785518 -0.01224144755037733 -0.0097090706674507754 0
216 1 1 68688000 -121864790.02780184 -62205070.585446715 -4588296.9947809139 10.843778371303776 -29.257531875263609 -0.34968017630744658 675.22847180086342 0.0074749243881387165 -0.012291981774484699 -0.009886507974260628 0
217 1 1 68774400 -120904432.93690801 -64720845.695865065 -4617678.6231852574 11.385381689260248 -28.9764616654261 -0.33045555147469824 675.18973661089569 0.0077865877054967341 -0.01233006189662684 -0.010057799027707931 0
218 1 1 68860800 -119897627.10913844 -67211940.250143066 -4645400.7519134618 11.918963113420439 -28.686262542310835 -0.31126695456198206 675.15044090627612 0.008097337157564298 -0.012355789619665545 -0.010222772005177547 0
219 1 1 68947200 -118845070.07267334 -69677575.811033219 -4671466.7812727839 12.444421090501974 -28.38717265857359 -0.29212100035141669 675.11060489725503 0.0084067301804379296 -0.012369284672398088 -0.010381267095089033 0
220 1 1 69033600 -117747467.83633015 -72116994.439496875 -4695880.6727337399 12.961660826194118 -28.07942833218436 -0.27302406470235685 675.07024902236583 0.0087143347984142486 -0.012370683619744111 -0.010533136263240659 0
221 1 1 69120000 -116605534.31504638 -74529458.529893979 -4718646.928484478 13.470594066408967 -27.763263902741642 -0.25398228914777948 675.02939392349879 0.0090197299223494908 -0.012360138718863942 -0.010678242942399715 0
222 1 1 69206400 -115419990.77420804 -76914250.633269399 -4739770.571389596 13.971138879860218 -27.438911599540042 -0.23500158565682122 674.98806042226397 0.0093225055501425149 -0.012337816833187869 -0.010816461748379729 0
223 1 1 69292800 -114191565.29269055 -79270673.269731596 -4759257.1253669206 14.463219442395948 -27.106601420949193 -0.21608764154403479 674.94626949750136 0.0096222630017272996 -0.012303898440735168 -0.010947678186884901 0
224 1 1 69379200 -112920992.24444303 -81598048.730883211 -4777112.5961940223 14.946765823473406 -26.766561024659801 -0.19724592450438252 674.90404226382861 0.0099186150496884257 -0.012258576692301492 -0.011071788361862345 0
225 1 1 69465600 -111609011.79841681 -83895718.873221472 -4793343.45275464 15.421713775125783 -26.419015628349491 -0.17848168775917578 674.86139995115843 0.010211186062385134 -0.012202056516572822 -0.011188698737808134 0
226 1 1 69552000 -110256369.43660673 -86163044.903390467 -4807956.6087339185 15.888004523744446 -26.064187920322102 -0.15979997529562467 674.81836388506792 0.010499612113618923 -0.012134553777133159 -0.011298325843092687 0
227 1 1 69638400 -108863815.48995227 -88399407.156128436 -4820959.4047681568 16.345584564928007 -25.702297979706071 -0.14120562713936458 674.77495546843966 0.010783540706910668 -0.012056294710055425 -0.011400595780629389 0
228 1 1 69724800 -107432104.69179253 -90604204.865790322 -4832359.5911459224 16.79440546240912 -25.333563207539637 -0.12270328709088665 674.73119611462027 0.01106263220639205 -0.011967513491267222 -0.011495448589358553 0
229 1 1 69811200 -105961995.74857938 -92776855.931625456 -4842165.310534142 17.234423647232997 -24.958198243257975 -0.1042973868668583 674.68710768642291 0.011336437482565751 -0.011868097279309523 -0.011582444570121876 0
230 1 1 69897600 -104454250.93779714 -94916796.661761135 -4850385.0617036438 17.665599957735857 -24.576414536513827 -0.08599169249632245 674.64272339590877 0.011603449023490919 -0.011757318533745519 -0.011660140585099244 0
231 1 3 69937799.015007794 -103740133.34778678 -95901135.701239064 -4853671.2987591047 17.863188490680994 -24.396654847940138 -0.077510683854338014 674.62195956443406 0 0 0 296
232 1 1 69984000 -102909635.66019468 -97023481.624533698 -4857027.7783562988 18.087901999415973 -24.188424612349507 -0.067794006796852671 674.59797302027266 0.011896459776628933 -0.011691895424407038 -0.011794909384378899 0
233 1 1 70070400 -101328918.97863452 -99096382.612763196 -4862101.4586408716 18.501274423620284 -23.794411105223077 -0.049671345200534858 674.55372830210649 0.012202321343263569 -0.011659626139020052 -0.012041660509997412 0
234 1 1 70156800 -99712861.412968948 -101135000.9077006 -4865634.0934740622 18.906094815116884 -23.395004657240126 -0.032330880598671612 674.49465080700941 0.017891595936134895 -0.017295005066326349 -0.021589155400938444 0
235 1 1 70243200 -98062192.300921261 -103138890.00016271 -4867711.4327116217 19.302344601636829 -22.990397897513013 -0.015775939212858529 674.4206930043872 0.018238261872323858 -0.017137934551256031 -0.021825091790966738 0
236 1 1 70329600 -96377675.418648526 -105107584.81393886 -4868362.2354214108 19.689607523178612 -22.580357180423619 0.00068762633480151181 674.34727462477269 0.018596582209019958 -0.016982287148983526 -0.022025246428278081 0
237 1 1 70416000 -94660086.534548014 -107040625.71869184 -4867596.696792298 20.067897817731101 -22.165107926223545 0.017009277075410799 674.27332360211449 0.018940623707691874 -0.016812302742761163 -0.022217362692841081 0
238 1 1 70502400 -92910201.447690487 -108937570.95131388 -4865427.190183403 20.437203092955922 -21.744840793219407 0.03318657449107467 674.19887634657061 0.019274739662924856 -0.016631224019321777 -0.022396093844702203 0
239 1 1 70588800 -91128796.862189665 -110797995.11052829 -4861866.2654184913 20.797514647878771 -21.31974379797003 0.049217740997707204 674.12396840922406 0.019598458620357157 -0.016439366660261443 -0.022561475335164127 0
240 1 1 70675200 -89316650.1010001 -112621488.91280653 -4856926.6214625714 21.148826840249562 -20.890002025302564 0.065101102418091042 674.04863538259804 0.019911544445280614 -0.016237197649200414 -0.02271356490042474 0
241 1 1 70761600 -87474538.846329913 -114407658.94037491 -4850621.0959325535 21.491136968194464 -20.455797651557326 0.080835127985283736 673.97291299720041 0.020213600749754784 -0.016025037556884208 -0.022852181064118987 0
242 1 1 70848000 -85603240.892333388 -116156127.38995762 -4842962.6522119399 21.824445121009923 -20.017309951329931 0.096418433439819651 673.89683731793275 0.020504338356900093 -0.015803291571241 -0.02297727584423007 0
243 1 1 70934400 -83703533.90952003 -117866531.82310162 -4833964.3675996363 22.148754049006545 -19.574715320243911 0.11184976510227572 673.8204444791071 0.020783485899140457 -0.015572370643685924 -0.02308881634259239 0
244 1 1 71020800 -81776195.220641434 -119538524.91824906 -4823639.4222607818 22.4640690299819 -19.128187294355772 0.1271279945572818 673.7437706742428 0.021050786103039537 -0.015332687996827472 -0.023186779829424905 0
245 1 1 71107200 -79822001.587914422 -121171774.22463664 -4812001.0886434149 22.770397740383874 -18.677896573040414 0.14225211312404393 673.66685213864469 0.021305995655678169 -0.015084658847032317 -0.023271153551000057 0
246 1 1 71193600 -77841729.011183232 -122765961.91830555 -4799062.7213700311 23.067750130904024 -18.224011044922378 0.15722122639424835 673.58972513157335 0.021548885018906689 -0.014828700044799798 -0.02334193454460514 0
247 1 1 71280000 -75836152.536642566 -124320784.56047411 -4784837.7475970006 23.356138306426249 -17.766695816593678 0.17203454886481645 673.51242591866253 0.021779238288061997 -0.014565229739134905 -0.023399129456033233 0
248 1 1 71366400 -73806046.075746492 -125835952.85850379 -4769339.6578335781 23.635576410268758 -17.306113243897226 0.18669139866612711 673.43499075456134 0.021996852991304116 -0.014294667085291847 -0.023442754382696246 0
249 1 1 71452800 -71752182.233936325 -127311191.42967139 -4752581.9972123438 23.9060805126554 -16.842422965560338 0.20119119238378769 673.35745586572875 0.022201539979984086 -0.01401743191097485 -0.023472834741290784 0
250 1 1 71539200 -69675332.148823678 -128746238.56794107 -4734578.3572027786 24.167668503342746 -16.375781938972775 0.2155334399812735 673.27985743350587 0.02239312319424322 -0.013733944409435641 -0.023489405045270924 0
251 1 1 71625600 -67576265.337474778 -130140846.01391347 -4715342.3677592445 24.420359988324737 -15.906344477921063 0.22971773981841562 673.2022315773919 0.02257143951006314 -0.013444624875442542 -0.023492508854366319 0
252 1 1 71712000 -65455749.552445099 -131494778.72811283 -4694887.6898953561 24.664176190539205 -15.434262292090112 0.24374377376584755 673.12461433853423 0.022736338539695485 -0.01314989332845729 -0.023482198564485513 0
253 1 1 71798400 -63314550.646223895 -132807814.66775714 -4673228.0086759105 24.899139854491477 -14.959684528159002 0.25761130242398939 673.04704166355941 0.022887682435992807 -0.012850169257505152 -0.023458535264827766 0
254 1 1 71884800 -61153432.443752572 -134079744.56714195 -4650377.0266177766 25.125275154711915 -14.482757812336466 0.27132016043567259 672.96954938855799 0.023025345700742848 -0.012545871367855805 -0.02342158866972895 0
255 1 1 71971200 -58973156.622689776 -135310371.72175607 -4626348.4574915841 25.34260760796387 -14.003626294176208 0.28487025189879056 672.89217322330956 0.023149215015790189 -0.012237417266189614 -0.023371436907824714 0
256 1 1 72057600 -56774482.601103134 -136499511.77623281 -4601156.0205153758 25.5511639891097 -13.522431691530514 0.29826154587673209 672.81494873576162 0.023259188982750437 -0.011925223257492868 -0.023308166486558191 0
257 1 1 72144000 -54558167.432275347 -137646992.51622936 -4574813.4349323018 25.750972250544688 -13.039313336501829 0.31149407200028423 672.73791133674126 0.023355177930830175 -0.011609703989398916 -0.023231872158416232 0
258 1 1 72230400 -52324965.706320018 -138752653.6643149 -4547334.4149639392 25.942061445115641 -12.554408222264156 0.32456791617122421 672.66109626495313 0.023437103727120722 -0.01129127226008288 -0.023142656757232309 0
259 1 1 72316800 -50075629.458310097 -139816346.67993733 -4518732.6651305938 26.124461652430018 -12.067851050637527 0.33748321636125073 672.58453857223844 0.023504899528943791 -0.010970338717562393 -0.023040631140919938 0
260 1 1 72403200 -47810908.082630202 -140837934.56352893 -4489021.8759307582 26.298203908466064 -11.57977428030032 0.35024015850008949 672.50827310903674 0.023558509593022428 -0.010647311650352978 -0.022925914106486124 0
261 1 1 72489600 -45531548.253270775 -141817291.66480124 -4458215.7198718786 26.46332013839729 -11.090308175538102 0.36283897245498153 672.43233451004744 0.023597889054212309 -0.01032259674746515 -0.022798632299130924 0
262 1 1 72576000 -43238293.849791192 -142754303.49527177 -4426327.8478445169 26.619843092536051 -10.599580855428615 0.37527992810219823 672.35675718018638 0.023623003661210812 -0.0099965968731726834 -0.022658920107728103 0
263 1 1 72662400 -40931885.888685271 -143648866.54505512 -4393371.885832048 26.76780628531132 -10.107718343367003 0.38756333148858713 672.28157528081215 0.023633829589633282 -0.0096697117859007899 -0.022506919591195624 0
264 1 1 72748800 -38613062.459891587 -144500888.10394534 -4359361.4319482045 26.907243937192735 -9.614844616848913 0.39968952107920247 672.20682271618216 0.023630353176460301 -0.0093423379651112505 -0.022342780418035557 0
265 1 1 72835200 -36282558.668197013 -145310286.08680734 -4324310.0537952716 27.038190919474069 -9.1210816574372693 0.41165886408770302 672.13253312009147 0.02361257072817052 -0.0090148684082013656 -0.022166659828226163 0
266 1 1 72921600 -33941106.579290599 -146076988.86329123 -4288231.2861358523 27.160682701834521 -8.6265495008303024 0.42347175288698086 672.05873984268646 0.023580488297378226 -0.008687692362669773 -0.021978722592428449 0
267 1 1 73008000 -31589435.170231398 -146800935.09187376 -4251138.6288712062 27.274755302588503 -8.131366286968392 0.43512860150167904 671.98547593752323 0.023534121420101906 -0.0083611952063599171 -0.02177914093993966 0
268 1 1 73094400 -29228270.284101505 -147482073.55822906 -4213045.5453191986 27.380445241540539 -7.6356483101169195 0.44662984217980417 671.91277414886747 0.023473494880296177 -0.0080357581932052388 -0.021568094542182923 0
269 1 1 73180800 -26858334.588622537 -148120363.017923 -4173965.4607852791 27.477789495370978 -7.1395100688582778 0.45797592203725418 671.84066689914573 0.023398642525981655 -0.0077117582392933273 -0.021345770510745009 0
270 1 1 73267200 -24480347.538541317 -148715772.04341403 -4133911.7613997273 27.566825454953452 -6.6430643157889167 0.46916730028271075 671.76918628925387 0.023309606980335632 -0.0073895677815680192 -0.021112363410668057 0
271 1 1 73353600 -22095025.341357652 -149268278.87541726 -4092897.7934327452 27.647590892904379 -6.1464221094681024 0.48020443770991622 671.69836390503258 0.023206535621617643 -0.0070695841752624559 -0.020868170531913512 0
272 1 1 73440000 -19703080.92584027 -149777871.27871159 -4050936.8634257056 27.720123924389213 -5.6496928630955061 0.49108779538682673 671.62823084970091 0.023089463457578063 -0.0067521594645107005 -0.020613374789258721 0
273 1 1 73526400 -17305223.914486028 -150244546.40193772 -4008042.2377827922 27.784462962587504 -5.1529843906848871 0.50181784084934578 671.55881796166864 0.022958430849044555 -0.0064376411376843639 -0.020348164554718783 0
274 1 1 73612800 -14902160.599150004 -150668310.64156926 -3964227.1424145019 27.840646687717665 -4.6564029567183969 0.51239504286097992 671.490155747995 0.022813511182848478 -0.0061263796508610937 -0.020072760927518585 0
275 1 1 73699200 -12494593.919209126 -151049179.51016849 -3919504.7628794545 27.888714018411669 -4.1600533253917353 0.52281986605475728 671.42227431298409 0.022654794648265981 -0.0058187225315638668 -0.019787401300176113 0
276 1 1 73785600 -10083223.442210799 -151387177.50884846 -3873888.2448867667 27.928704082880994 -3.6640388087676974 0.53309276785069937 671.35520334197395 0.022482374989421954 -0.0055150104863237797 -0.019492326826269155 0
277 1 1 73872000 -7668745.346955522 -151682338.00386935 -3827390.6950356984 27.960656191900171 -3.1684613144712048 0.54321419556340445 671.28897208855039 0.022296358819401844 -0.0052155796699048249 -0.019187791479523191 0
278 1 1 73958400 -5251852.4088013489 -151934703.10734546 -3780025.1818317063 27.98460981404833 -2.6734213930367186 0.5531845832129032 671.22360935298877 0.022096860355027757 -0.0049207600495888241 -0.01887405727986206 0
279 1 1 74044800 -2833233.9870470986 -152144323.56201699 -3731804.7369575012 28.000604552496117 -2.1790182847095623 0.56300434866323601 671.15914346766101 0.021884002988344455 -0.0046308755929444119 -0.018551395915132843 0
280 1 1 74131200 -413576.01423624787 -152311258.63004756 -3682742.3567964798 28.008680123705229 -1.6853499657918616 0.57267389067962249 671.09560227912641 0.021657919039003548 -0.0043462439366774488 -0.018220088766050319 0
281 1 1 74217600 2006439.0127725683 -152435575.98580259 -3632851.0042078416 28.008876337830593 -1.1925131944757019 0.58219358604128257 671.03301313050122 0.021418749698086804 -0.004067176150420568 -0.017880427063682518 0
282 1 1 74304000 4426132.040115308 -152517351.61256596 -3582143.6105502932 28.001233080825699 -0.70060355615336523 0.59156378666694842 670.97140284291049 0.02116664543919149 -0.0037939764567748156 -0.017532712393248641 0
283 1 1 74390400 6844827.462759004 -152556669.7031486 -3530633.0779546425 27.98579029822228 -0.20971550819245299 0.60078481672725359 670.91079769542762 0.020901766334283978 -0.0035269420229129609 -0.017177257215609542 0
284 1 1 74476800 9261853.1290068552 -152553622.56434119 -3478332.2818463272 27.962587980524908 0.28005757583779423 0.60985696974703907 670.8512234036566 0.020624282444496551 -0.0032663626610951071 -0.016814385380377047 0
285 1 1 74563200 11676540.343811609 -152508310.52516517 -3425254.073720166 27.931666150239494 0.76862336249896124 0.61878050565226972 670.7927050955841 0.020334374979947889 -0.003012520605650942 -0.016444433175090572 0
286 1 1 74649600 14088223.871035377 -152420841.84887007 -3371411.284170981 27.893064850410525 1.2558905154034714 0.62755564783190354 670.73526728652541 0.020032235747435442 -0.0027656899446949182 -0.016067748960300332 0
287 1 1 74736000 16496241.934781924 -152291332.64862829 -3316816.7261771224 27.846824134654643 1.7417686527301013 0.63618258017934515 670.678933852348 0.019718068778873363 -0.0025261363755230575 -0.015684694681678039 0
288 1 1 74822400 18899936.219936032 -152119906.8068749 -3261483.1986445743 27.79298405874523 2.2261683053318975 0.64466144404073189 670.62372799888362 0.019392091072312594 -0.0022941167318366704 -0.015295646437002796 0
289 1 1 74908800 21298651.872038603 -151906695.89823961 -3205423.4902157215 27.731584673649891 2.7090008754643438 0.65299233513652188 670.5696722290246 0.019054533579687474 -0.0020698784309619413 -0.014900995171862715 0
290 1 1 74995200 23691737.49662241 -151651839.11601824 -3148650.3833459988 27.662666020001076 3.1901785961392752 0.66117530043846018 670.51678830702758 0.018705642174803108 -0.0018536589369654748 -0.014501147412423995 0
291 1 1 75081600 26078545.158130758 -151355483.20212814 -3091176.658652171 27.586268123967621 3.6696144911195754 0.66921033500687521 670.4650972200136 0.018345678746480729 -0.0016456850183782046 -0.014096525887463473 0
292 1 1 75168000 28458430.378539156 -151017782.38049215 -3033015.099535211 27.502430994501779 4.1472223355689701 0.67709737879797283 670.41461913661078 0.017974922308113813 -0.0014461720134051547 -0.013687570101528228 0
293 1 1 75254400 30830752.135797061 -150638898.29379377 -2974178.4970798292 27.411194621920071 4.6229166173654841 0.68483631345720131 670.36537336298261 0.017593669984433097 -0.0012553229469979201 -0.013274736697148914 0
294 1 1 75340800 33194872.862202786 -150218999.94354519 -2914679.6552307187 27.312598977767596 5.0966124990928998 0.69242695912393248 670.3173782967225 0.017202237856382491 -0.0010733275773791599 -0.012858499632295439 0
295 1 1 75427200 35550158.442820475 -149758263.63341007 -2854531.3962433422 27.206684015915716 5.5682257807173716 0.69986907127901399 670.27065137915451 0.016800961629358787 -0.00090036136883191696 -0.01243935003673406 0
296 1 1 75513600 37895978.214042664 -149256872.91572136 -2793746.5664034821 27.093489674824554 6.0376728629620038 0.70716233768466652 670.22520904705198 0.016390196872195891 -0.00073658431924115378 -0.01201779563913234 0
297 1 1 75600000 40231704.962395787 -148715018.54113251 -2732338.0420054672 26.973055880888921 6.5048707113854389 0.71430637546344111 670.18106668491043 0.015970318860226856 -0.0005821397973025035 -0.011594359884117651 0
298 1 1 75686400 42556714.923678689 -148132898.41134211 -2670318.7355748918 26.845422552783987 6.9697368211659141 0.72130072837163517 670.13823857907187 0.015541721903569075 -0.00043715329070007541 -0.011169580493845904 0
299 1 1 75772800 44870387.782516122 -147510717.53483045 -2607701.6023160256 26.710629606712498 7.4321891825936151 0.72814486433514036 670.09673787531688 0.015104818046260342 -0.00030173115586505346 -0.010744007548152763 0
300 1 1 75859200 47172106.672400802 -146848687.98554757 -2544499.6467585168 26.568716962444995 7.8921462472636241 0.73483817331080725 670.05657654165873 0.014660035082506063 -0.00017595941178983972 -0.010318201071742292 0
301 1 1 75945600 49461258.176287867 -146147028.86449188 -2480725.9295727601 26.419724550053779 8.3495268949629597 0.74137996552818897 670.0177653378762 0.014207814046218568 -5.9902532385396635e-05 -0.0098927282710507252 0
302 1 1 76032000 51737232.327798091 -145405966.26412028 -2416393.5745193469 26.263692317258158 8.8042504012389102 0.74776947014979678 669.98031379294855 0.013748606243956024 4.6397628706978381e-05 -0.0094681605242868828 0
303 1 1 76118400 53999422.613079622 -144625733.23553157 -2351515.7754951534 26.100660237309064 9.2562364056284085 0.75400583437654689 669.94423019130977 0.013282869931858251 0.00014292281687981729 -0.0090450702223492403 0
304 1 1 76204800 56247225.973372608 -143806569.75836691 -2286105.8036374459 25.930668317377837 9.705404880534795 0.76008812299512984 669.90952156807623 0.012811067067135418 0.00022967930400728717 -0.0086240278145362382 0
305 1 1 76291200 58480042.808320977 -142948722.71337202 -2220177.014449372 25.753756607466336 10.151676100739495 0.76601531832685121 669.87619371231472 0.012333660475020339 0.00030669874579875093 -0.0082055992619536559 0
306 1 1 76377600 60697276.980078563 -142052445.857566 -2153742.8549148524 25.569965209904293 10.594970613539994 0.77178632050987628 669.84425117650699 0.011851111834164938 0.00037403905207245702 -0.0077903441333297165 0
307 1 1 76464000 62898335.818265706 -141117999.80196291 -2086816.8705779801 25.37933428956044 11.035209209520129 0.77739994802088896 669.81369728926586 0.011363880972528741 0.00043178538149324966 -0.0073788145546332326 0
308 1 1 76550400 65082630.125600278 -140145651.99181047 -2019412.7124190936 25.181904078871415 11.472312893512052 0.78285494207758277 669.78453428955618 0.01087242677767212 0.00048005114396787061 -0.0069715557963608366 0
309 1 1 76636800 67249574.186755463 -139135676.68911228 -1951544.1450837981 24.977714973791592 11.906202862659422 0.78814991443868765 669.7567616403652 0.01037834039959065 0.00051906199803848456 -0.0065698162109349553 0
310 1 1 76723200 69398585.785996735 -138088354.95693499 -1883225.0598069855 24.766807570180649 12.336800482362237 0.79328333630181169 669.73037558764054 0.0098823365891827879 0.00054903246092428818 -0.0061742464217450447 0
311 1 1 76809600 71529086.219076678 -137003974.64637014 -1814469.4826167508 24.549222536573801 12.764027251021565 0.79825363039870578 669.70537203702963 0.0093841158867667297 0.00057013635899157828 -0.0057848553583844716 0
312 1 1 76896000 73640500.297289193 -135882830.38641423 -1745291.5767592317 24.325000597493101 13.187804770564574 0.80305918966602408 669.6817471745095 0.0088839242240757715 0.00058260566626540215 -0.0054020059176152204 0
313 1 1 76982400 75732256.356776431 -134725223.57586536 -1675705.6476361479 24.094182638727982 13.608054727977111 0.80769832260039931 669.65949566266374 0.0083826367964778218 0.00058677200568255409 -0.0050264187138585343 0
314 1 1 77068800 77803786.274600491 -133531462.37688129 -1605726.1508640326 23.856809733793913 14.024698872123482 0.81216924929999101 669.63861044911607 0.0078807327251782817 0.00058296755660811994 -0.0046585643609960321 0
315 1 1 77155200 79854525.485524923 -132301861.7106344 -1535367.6996491444 23.612923180905021 14.437658993423527 0.81647009417171479 669.61908239912998 0.007379320256706394 0.00057164493301203152 -0.0042992389345508641 0
316 1 1 77241600 81883913.001771688 -131036743.25472525 -1464645.0726750584 23.362564467596705 14.846856895757623 0.8205989189951447 669.60090135765756 0.0068782538443396034 0.00055316351854835092 -0.0039485125980865546 0
317 1 1 77328000 83891391.429967463 -129736435.44294186 -1393573.219181393 23.105775364155253 15.252214384628758 0.8245536868220581 669.58405471419485 0.0063796249268087855 0.0005282031162864389 -0.0036076486254520272 0
318 1 1 77414400 85876407.001795426 -128401273.46533127 -1322167.2702185512 22.842597978042964 15.653653251951068 0.82833224851377485 669.56852674833692 0.0058838389956571459 0.0004973099113550005 -0.003276934769966561 0
319 1 1 77500800 87838409.601601571 -127031599.27053833 -1250442.5466984962 22.573074803955478 16.05109525847638 0.83193233423884105 669.55429809376869 0.0053932960393145097 0.00046129916515275093 -0.002957692479355413 0
320 1 1 77587200 89776852.801027209 -125627761.56920803 -1178414.5696816163 22.297248621490418 16.444462104651898 0.83535162714620192 669.54134817438694 0.0049067201757002485 0.00042069729340925857 -0.0026491986604786858 0
321 1 1 77673600 91691193.875446111 -124190115.84076074 -1106099.0591587385 22.015162455028609 16.833675409714022 0.83858780503574248 669.52965645046129 0.0044257175131027261 0.00037641198096652811 -0.0023522306215117078 0
322 1 1 77760000 93580893.837457553 -122719024.33992082 -1033511.9403365764 21.726859778570738 17.218656714237962 0.84163844900057816 669.51919890196814 0.003951224600249657 0.00032934539282559138 -0.0020671637699684162 0
323 1 1 77846400 95445417.470343173 -121214856.10484569 -960669.34836649138 21.43238437710901 17.599327448754799 0.84450113421727446 669.50995118632613 0.0034828699438498143 0.00028036627217859411 -0.0017936580415376219 0
324 1 1 77932800 97284233.354860097 -119677986.96718919 -887587.62792634743 21.131780413597369 17.975608928599986 0.84717341700763227 669.50188785932733 0.0030219920238326822 0.00023064541933343619 -0.0015321748591410095 0
325 1 1 78019200 99096813.904876947 -118108799.56228007 -814283.3356121087 20.825092414274621 18.3474223394016 0.84965285808767421 669.49498314334585 0.0025680562528313977 0.00018125626418550689 -0.0012822259843871091 0
326 1 1 78105600 100882635.40807047 -116507683.33968528 -740773.24281107122 20.512365683897102 18.714688775822832 0.85193685507194239 669.48920365785261 0.0021273042668902256 0.00013420668928444351 -0.0010463672744660073 0
327 1 1 78192000 102641178.09940876 -114875034.57056704 -667074.3515750349 20.19364606384632 19.077329209395508 0.85402277999525356 669.48451358974773 0.0016958201396315073 9.0516090938261043e-05 -0.00082235730231598509 0
328 1 1 78278400 104371926.17918763 -113211256.36149108 -593203.88261773821 19.868979685140662 19.435264462136118 0.85590811934053579 669.48087999217739 0.0012777997455395631 5.2293700642613415e-05 -0.00061160264733045111 0
329 1 1 78364800 106074367.87972641 -111516758.66167064 -519179.28311281576 19.538414100135508 19.788415337369855 0.85758999260441338 669.47825224497763 0.00089538947368231734 2.2743410597220428e-05 -0.00042347311076984778 0
330 1 1 78451200 107747996.01024261 -109791958.25726715 -445018.45133907255 19.202010997884226 20.136702789944323 0.85905932707922972 669.47632398441783 0.00071481590645259478 6.0390907084157188e-06 -0.00033345624477201812 0
331 1 1 78537600 109392309.21171701 -108037278.77681938 -370740.27642428048 18.859837836423576 20.480047247500696 0.86030504642197814 669.47469359215745 0.00064176905263354546 -3.6845818310058497e-06 -0.00029301082122778739 0
332 1 1 78624000 111006811.43770179 -106253150.7737391 -296364.33269984834 18.511950903894128 20.818368034892195 0.86132193270155721 669.4731834761875 0.00061246795704695124 -9.9857736323104861e-06 -0.00027131237386883439 0
333 1 1 78710400 112591011.21310215 -104440011.81100978 -221910.49801033095 18.158400211557602 21.151583571440042 0.86210789444314351 669.47174494072408 0.00058576920649178426 -1.6036473558806305e-05 -0.00025091194398769887 0
334 1 1 78796800 114144421.27852456 -102598306.53072201 -147398.77416359357 17.799234419308164 21.479611656953203 0.86266171491031007 669.47036621911207 0.00056925322895662854 -2.095823719713343e-05 -0.00023425036295545405 0
335 1 1 78883200 115666558.64071605 -100728486.69527629 -72849.279089326432 17.43450335031638 21.802369632522076 0.8629820219279507 669.46902673549334 0.00055880548255232145 -2.5347742106179906e-05 -0.00021963027281342022 0
336 1 1 78969600 117156944.61150022 -98831011.235097378 1717.7621858074826 17.064256809450288 22.119774225033765 0.86306771379383906 669.46771905288779 0.00054871445170844165 -2.993907759858849e-05 -0.00020508824926071504 0
337 1 1 79056000 118615104.81622086 -96906346.301104531 76282.036945610307 16.688544977008711 22.431741580240633 0.86291781866491257 669.46644241281501 0.00053900948634506742 -3.4735654515397594e-05 -0.00019062586783762716 0
338 1 1 79142400 120040569.25110313 -94954965.312515497 150823.14823098684 16.307418856820433 22.738187303908042 0.8625313596332308 669.46519549027653 0.00052980268544403682 -3.9653833717996267e-05 -0.00017622766286473228 0
339 1 1 79228800 121432872.3600819 -92977349.002941996 225320.61395932728 15.920930452960798 23.039026482120995 0.86190733393372454 669.46397417457467 0.00052312744461392073 -4.4232491710326271e-05 -0.00016228262220612988 0
340 1 1 79315200 122791553.12134606 -90973985.466543168 299753.86504539161 15.529132629572326 23.334173620859008 0.86104475077872134 669.4627747055797 0.00051663244706247953 -4.9025119868847926e-05 -0.00014828180770342538 0
341 1 1 79401600 124116155.11045079 -88945370.211773649 374102.24907440407 15.132079004683112 23.623542596789587 0.85994266015138943 669.46159623540461 0.00051031793624967787 -5.4074969620029461e-05 -0.00013424096766153677 0
342 1 1 79488000 125406226.57795899 -86892006.213809848 448345.03157518385 14.729824185310742 23.907046692130105 0.85860011344322351 669.46043763361274 0.00050419125635830532 -5.9356944868326049e-05 -0.00012015175486042719 0
343 1 1 79574400 126661320.53678003 -84814403.965884805 522461.39649206481 14.322423815769913 24.184598597084527 0.85701617184043455 669.45929754530198 0.00049842087883604275 -6.4714009845527352e-05 -0.00010596153847379962 0
344 1 1 79660800 127880994.85448126 -82713081.530325055 596430.44724601612 13.909934634618017 24.456110408574599 0.85518991020916402 669.45817429872068 0.00049308661035160997 -7.0044662699058656e-05 -9.1624005895593057e-05 0
345 1 1 79747200 129064812.34881756 -80588564.591017425 670231.20769555774 13.492414491313372 24.721493596929012 0.85312040979043846 669.45706638950492 0.00048789905028715348 -7.5549321622448988e-05 -7.7196470053844532e-05 0
346 1 1 79833600 130212340.88511682 -78441386.50858739 743842.62239935575 13.069922394024513 24.980658993220558 0.85080675486739887 669.45597252595633 0.00048287067802455565 -8.1232986884950046e-05 -6.2692008538892048e-05 0
347 1 1 79920000 131323153.48015846 -76272088.374810621 817243.55717529531 12.642518591557467 25.233516805349318 0.8482480391408489 669.45489122434662 0.00047807863288314211 -8.7040394782753831e-05 -4.8099838045578566e-05 0
348 1 1 80006400 132396828.41164111 -74081219.066505298 890412.80001133645 12.210264621983663 25.479976614384544 0.84544336710843782 669.4538209138866 0.00047347062045272108 -9.2981085442342027e-05 -3.3425066457529596e-05 0
349 1 1 80092800 133432949.33147745 -71869335.300009057 963329.06196423364 11.773223360161142 25.719947368952155 0.84239185353331081 669.45276006702159 0.00046900959018405559 -9.9063249260578835e-05 -1.86780149740009e-05 0
350 1 1 80179200 134431105.38396135 -69637001.685725987 1035970.978089757 11.331459080389413 25.953337388170574 0.83909262465897105 669.45170712258255 0.00046470502210752847 -0.00010527387986257629 -3.8652247297386747e-06 0
351 1 1 80265600 135390891.32925978 -67384790.782390594 1108317.1084735503 10.885037514034915 26.18005436377474 0.8355448187203004 669.45066050697483 0.00046051091784844777 -0.00011162560783300257 1.099294819267712e-05 0
352 1 1 80352000 136311907.67173955 -65113283.151167572 1180345.9392791931 10.434025908441876 26.400005363923867 0.83174758669307247 669.44961865607945 0.00045642750238070331 -0.00011811046865507547 2.5882678319660519e-05 0
353 1 1 80438400 137193760.79377845 -62823067.409178041 1252035.8839392632 9.9784930916324406 26.613096841270131 0.82770009427039271 669.44857997228576 0.0004524568365807076 -0.0001247153175876798 4.0791377243315074e-05 0
354 1 1 80524800 138036063.09501541 -60514740.282332033 1323365.2844892174 9.518509534541975 26.819234641199657 0.82340152326790361 669.44754283780571 0.00044860226900050393 -0.00013142751681260019 5.5705428985509946e-05 0
355 1 1 80611200 138838433.13703912 -58188906.657381818 1394312.4130190301 9.0541474146823191 27.018324011781946 0.81885107300625193 669.44650562429069 0.00044486862273551361 -0.00013823431554050531 7.0610727522721757e-05 0
356 1 1 80697600 139600495.79363123 -55846179.633023277 1464855.4732506843 8.5854806810265387 27.210269615849032 0.81404796183551031 669.44546670293653 0.00044126223370139216 -0.00014512294954582725 8.5492973339429889e-05 0
357 1 1 80784000 140321882.4066661 -53487180.569862217 1534972.6022521055 8.1125851200792525 27.394975545200079 0.80899142876905239 669.444424454662 0.00043779088881886423 -0.00015208082513960944 0.00010033793650925776 0
358 1 1 80870400 141002230.94776928 -51112539.139058851 1604641.8722970174 7.6355384231034034 27.572345337019968 0.80368073522773364 669.44337728012567 0.00043446369356694775 -0.00015909567608808414 0.00011513171996774583 0
359 1 1 80956800 141641186.18583405 -48722893.369454227 1673841.2928802879 7.1544202544729636 27.742281992607005 0.79811516689471662 669.44232360933484 0.00043129086909526627 -0.00016615570218637068 0.00012986099794793447 0
360 1 1 81043200 142238399.86048979 -46318889.692975529 1742548.8128982685 6.6693123211184693 27.90468799850898 0.79229403567973622 669.44126191062071 0.00042828350083189603 -0.00017324966951251801 0.00014451323117412732 0
361 1 1 81129600 142793530.86161798 -43901182.988107398 1810742.3230034879 6.1802984430310985 28.059465350169784 0.78621668178961979 669.44019069878573 0.00042545325253010735 -0.00018036701943072199 0.00015907680411606165 0
362 1 1 81216000 143306245.41500235 -41470436.621209927 1878399.6581414058 5.6874646247852052 28.206515578134802 0.77988247586316972 669.43910854217575 0.00042281203899403516 -0.00018749845236869299 0.00017354078594033375 0
363 1 1 81302400 143776217.27419883 -39027322.48545403 1945498.6002746038 5.1908991279472918 28.345739777088951 0.77329082121961268 669.43801407070021 0.00042037200166660524 -0.00019463296340227403 0.00018789691706189209 0
364 1 1 81388800 144203127.91875079 -36572521.037086755 2012016.8813525962 4.6906925460512436 28.477038638846313 0.76644115764816489 669.43690595749968 0.00041816642252305255 -0.00020174649327100918 0.00020215688012967017 0
365 1 1 81475200 144586666.75897151 -34106721.32871554 2077932.1866495651 4.1869378806401505 28.600312487649013 0.75933296531173944 669.43578289259437 0.00041622648505448145 -0.00020882317493921612 0.00021633242024235531 0
366 1 1 81561600 144926531.34708858 -31630621.039541516 2143222.1582486979 3.6797306117165944 28.715461315662409 0.75196576372579349 669.43464366055457 0.00041452603983365246 -0.0002158691397619275 0.00023039456085110582 0
367 1 1 81648000 145222427.59466663 -29144926.502290878 2207864.3985734582 3.1691687775795887 28.822384825725873 0.74433911768778527 669.43348707661983 0.00041314379249311273 -0.00022284790317373231 0.00024440008258420828 0
368 1 1 81734400 145474069.99725166 -26650352.726209819 2271836.4746605614 2.65535305438849 28.92098247651893 0.73645264244614228 669.43231193578833 0.00041208367708628926 -0.00022975804409460594 0.00025834992687581953 0
369 1 1 81820800 145681181.86517921 -24147623.416335028 2335115.9222723208 2.1383868237941175 29.011153525536631 0.72830599808744401 669.43111717423142 0.00041129450041945488 -0.00023662683882033679 0.0002721919937368192 0
370 1 1 81907200 145843495.56058955 -21637470.988767561 2397680.2497520889 1.6183762508355737 29.092797079568935 0.71989889113722871 669.42990187345663 0.00041077410420043358 -0.00024346075286310224 0.00028591248545232556 0
371 1 1 81993600 145960752.7415587 -19120636.581099376 2459506.9424393885 1.0954303681332667 29.165812156816123 0.71123108474515095 669.42866517684706 0.00041056132319185022 -0.00025017976980881278 0.00029957783191777965 0
372 1 1 82080000 146032704.61392769 -16597870.056936409 2520573.4686089102 0.5696611738749281 29.230097760327613 0.70230242658979747 669.42740593712711 0.00041089076154489232 -0.00025660999813595473 0.00031348629798231425 0
373 1 1 82166400 146059112.19067937 -14069930.005053135 2580857.2864786 0.041183689310346751 29.285552917152391 0.69311282272915742 669.42612306737942 0.00041151009031041124 -0.00026298598647009173 0.00032731550890843959 0
374 1 1 82252800 146039746.55508369 -11537583.735737799 2640335.8474497348 -0.48988397931478134 29.33207672924393 0.68366221661402538 669.42481585710686 0.00041241585501888248 -0.0002693484625324527 0.00034103789915460682 0
375 1 1 82339200 145974389.13179576 -9001607.2703108657 2698986.6008492918 -1.0234205411825021 29.369568463617998 0.673950617671912 669.42348364083421 0.0004136029363946671 -0.00027568683298271338 0.00035464623943711246 0
376 1 1 82425600 145862831.96526858 -6462785.3234659983 2756786.9996767552 -1.5593014452597558 29.39792763083252 0.66397810201581153 669.42212589338419 0.00041507157430057816 -0.00028198261575805626 0.00036814089502104928 0
377 1 1 82512000 145704878.00603634 -3921911.278880164 2813714.5076907761 -2.0973987615715077 29.41705406216969 0.65374485564120499 669.42074135973621 0.00041736914166906792 -0.00028825772870012079 0.00038208298293038309 0
378 1 1 82598400 145500341.40832722 -1379787.1581451239 2869746.6115571344 -2.6375810643622928 29.42684798842939 0.6432512232399914 669.41932712080052 0.00042093085964565433 -0.00029455953544495385 0.00039701232344849669 0
379 1 1 82684800 145249047.83196217 1162776.4177590492 2924860.831421128 -3.1797134634704221 29.427210137102904 0.63249760404235589 669.41788098992345 0.00042484047355936458 -0.00030080269029930743 0.00041205696412900119 0
380 1 1 82771200 144950834.74153042 3704960.2756808982 2979034.7218837566 -3.723657557041375 29.418041827192848 0.62148441648486108 669.41640226451545 0.00042908441149329217 -0.00030701555538980804 0.00042719733755040807 0
381 1 1 82857600 144605551.71610931 6245936.7456882447 3032245.8765245466 -4.2692713080556111 29.399245073863682 0.61021214326402085 669.41489083086924 0.00043365195944635468 -0.00031316780434035083 0.00044242749112533301 0
382 1 1 82944000 144213060.77665579 8784869.7214708738 3084471.9446981335 -4.8164086323667057 29.370722548623 0.59868170639971396 669.41333843838072 0.00044305154993725467 -0.00032119914875414847 0.00046274981948596469 0
383 1 1 83030400 143773236.74793112 11320914.717789775 3135690.6806574762 -5.3649193197931444 29.332377685903243 0.58689450979897084 669.41172818625353 0.00045723618512423254 -0.00033109858548489114 0.00048859184819078944 0
384 1 1 83116800 143285967.59160796 13853218.952523822 3185879.9570487719 -5.9146495057273878 29.284115019900149 0.57485184854884985 669.41004849989747 0.00047498195746796334 -0.00034272748380947986 0.00051882310585579957 0
385 1 1 83203200 142751154.75716722 16380921.428754322 3235017.7913545454 -6.4654403439082504 29.225839616060444 0.56255633589820364 669.40825886535981 0.00051745045752750332 -0.00036833415517404999 0.00057815180576303307 0
386 1 1 83289600 142168713.81995687 18903152.855488267 3283082.6982652489 -7.0171226156659232 29.157453680181401 0.55001813053073567 669.40613775421718 0.00065268072599589501 -0.00045350159585013804 0.00074691866361724553 0
387 1 1 83376000 141538575.39217857 21419035.391504589 3330054.3713844125 -7.5695194012021902 29.078858429913048 0.53725221526942257 669.40335444269954 0.00086112003352571817 -0.00058440327809020391 0.0010088830596974689 0
388 1 1 83462400 140860685.3331773 23927682.877544485 3375913.5815796615 -8.1224555771593252 28.989960743247675 0.52426740517617376 669.39974125239257 0.0010816674118264264 -0.00071902641272533925 0.0012959590035881952 0
389 1 1 83548800 140135004.56105036 26428201.352559119 3420641.579879859 -8.6757564719356228 28.890672316771191 0.51106732393545418 669.39526217965556 0.001306733640979323 -0.00085332701486108271 0.0015988514710121469 0
390 1 1 83635200 139361509.25065485 28919689.311747942 3464219.9085599137 -9.2292434885034531 28.780906803139398 0.49765519537745051 669.38989162273481 0.0015337991320299332 -0.00098623214946694411 0.001913932506323506 0
391 1 1 83721600 138540191.18183008 31401237.879586712 3506630.3731966498 -9.7827339895445871 28.660579954294466 0.48403387689496541 669.38361346949716 0.001760422390775229 -0.0011168801084956938 0.0022370623232373554 0
392 1 1 83808000 137671058.09406385 33871930.995927684 3547855.0130597162 -10.336041119407946 28.529609711545223 0.47020598186135476 669.37641802224425 0.0019863625622901547 -0.0012454717883819846 0.0025668347887560341 0
393 1 1 83894400 136754134.06371459 36330845.607446775 3587876.0940468367 -10.88897353965225 28.387916276702317 0.45617417006098199 669.36829576481443 0.002212228476069849 -0.0013724951173946628 0.0029030532978909242 0
394 1 1 83980800 135789459.89384156 38777051.870758414 3626676.1138782394 -11.44133541258881 28.235422313128964 0.44194111581820555 669.35923829010062 0.0024376366706243924 -0.001497856199562211 0.0032440770782394047 0
395 1 1 84067200 134777093.5015662 41209613.374766238 3664237.7991497051 -11.992926396825252 28.072053152056291 0.42750946464664014 669.34923942810701 0.0026628525898275113 -0.0016217017052986356 0.0035892076827114486 0
396 1 1 84153600 133717110.31353615 43627587.377095044 3700544.1104610916 -12.543541499222414 27.897736929405493 0.41288201515106432 669.33829160306652 0.0028888518672912948 -0.0017444642953375073 0.0039388866920438944 0
397 1 1 84240000 132609603.66507749 46030025.057020336 3735578.2502943473 -13.092971223963849 27.712404874789197 0.39806146743872362 669.32639139934179 0.0031136147693043028 -0.001864992293443091 0.0042890761554429556 0
398 1 1 84326400 131454685.1823373 48415971.795500971 3769323.6429816526 -13.641001616052874 27.515991547434666 0.38305033124505045 669.31354166162487 0.0033373041364283818 -0.0019831990988158472 0.0046389928208457271 0
399 1 1 84412800 130252485.17896254 50784467.46636603 3801763.9348262451 -14.187414037073022 27.308434938210418 0.36785125469961599 669.29974472551214 0.0035605783219434936 -0.0020991978914073079 0.0049887186322475656 0
400 1 1 84499200 129003153.05946937 53134546.742717557 3832883.0041029328 -14.731985238500457 27.089676719761581 0.35246691004399705 669.2850049645424 0.0037826853048609668 -0.0022124123488183652 0.0053361150178661398 0
401 1 1 84585600 127706857.71334288 55465239.426354423 3862664.9567885064 -15.274487411546385 26.859662486193574 0.33689992517695305 669.26933035898332 0.0040036219162014183 -0.0023226013144361994 0.0056802892998357463 0
402 1 1 84672000 126363787.91207701 57775570.794530407 3891094.1286003073 -15.814688135652075 26.618341945920672 0.32115299212676485 669.25273042436663 0.004223386702206222 -0.0024295118483353378 0.0060204170931658718 0
403 1 1 84758400 124974152.70673475 60064561.965255819 3918155.0907446961 -16.352350400989359 26.365669149967079 0.30522887127604442 669.23521628895276 0.0044419533221412818 -0.002532873513457184 0.0063556975225544593 0
404 1 1 84844800 123538181.82327822 62331230.28246785 3943832.6561575509 -16.887232637018045 26.101602723311679 0.28913039964500459 669.21680067977286 0.0046592851560021773 -0.0026324097153587211 0.0066853796439562928 0
405 1 1 84931200 122056126.0553966 64574589.721215419 3968111.8870801418 -17.419088739761776 25.826106095858687 0.27286051726252158 669.19749754141458 0.0048754411201674761 -0.002727888604372202 0.0070089459446382564 0
406 1 1 85017600 120528257.65417622 66793651.313149638 3990978.1042438936 -17.947668128036284 25.539147746030562 0.25642226022028036 669.17732231808452 0.0050902322403087704 -0.0028189748659075333 0.0073255204884629839 0
407 1 1 85104000 118954870.71219641 68987423.593350962 4012416.8949617557 -18.472715797173084 25.240701442560908 0.23981877528703197 669.15629179810367 0.0053037164561809584 -0.002905452522276412 0.0076347207873432976 0
408 1 1 85190400 117336281.5435458 71154913.067757323 4032414.1242233007 -18.993972381989007 24.930746489395556 0.22305333661612753 669.13442391214187 0.0055157230108210152 -0.0029870151892558948 0.0079358377687570453 0
409 1 1 85276800 115672829.05666722 73295124.702454478 4050955.9450560431 -19.511174240956269 24.609267978328582 0.20612934468291855 669.11173788276608 0.0057262044885936338 -0.0030634267825881373 0.0082284407680404507 0
410 1 1 85363200 113964875.12054859 75407062.43442744 4068028.8106988957 -20.024053538928694 24.276257038856087 0.18905034723868741 669.0882539272875 0.0059350288319566886 -0.0031344289273960166 0.00851201794547027 0
411 1 1 85449600 112212804.92210577 77489729.704523414 4083619.4865889712 -20.53233836500582 23.931711100804378 0.17182001978198586 669.06399376665559 0.0061419240783306822 -0.0031997213097272642 0.0087858761971973919 0
412 1 1 85536000 110417027.31400622 79542130.012683526 4097715.0626302138 -21.035752822377894 23.575634141190228 0.15444221523139801 669.03897973897836 0.0063470132172157691 -0.0032591969049009279 0.0090500627296953781 0
413 1 1 85622400 108577975.15363872 81563267.494810581 4110302.9688291061 -21.534017180672755 23.208036954360903 0.13692092817853566 669.01323562471975 0.0065497415513192251 -0.0033124742631503164 0.0093035179198473292 0
414 1 1 85708800 106696105.62953807 83552147.522555724 4121370.989801988 -22.026847936359708 22.828937378758916 0.1192604376468523 668.98678387488314 0.0067511663610262994 -0.0033598808663182675 0.0095479891975211936 0
415 1 1 85795200 104771900.58182205 85507777.322805345 4130907.2914081425 -22.513958041154158 22.438360590490227 0.10146518940985663 668.95964809307873 0.0069496838434638802 -0.0034006214646704006 0.0097807713521435267 0
416 1 1 85881600 102805866.79301248 87429166.626472309 4138900.4214064595 -22.99505717187078 22.036339407184393 0.083539630296230016 668.93185646466316 0.0071449893313047857 -0.0034344961822244642 0.010001416801790354 0
417 1 1 85968000 100798536.26918402 89315328.337342158 4145339.3199710236 -23.469851804627776 21.622914500468116 0.065488398590219626 668.90343800203118 0.0073367907380116901 -0.0034613377910871772 0.010209555816119679 0
418 1 1 86054400 98750466.507877901 91165279.221926466 4150213.3361635818 -23.938045417203686 21.198134656589982 0.047316322032508816 668.87442266718131 0.0075247805414114634 -0.0034809997509902949 0.010404845631311352 0
419 1 1 86140800 96662240.748085737 92978040.621657908 4153512.24455764 -24.399338701585808 20.762057032734091 0.029028423685480628 668.84484132816306 0.0077086367096205676 -0.0034933573498841376 0.010586970070611863 0
420 1 1 86227200 94534468.201213285 94752639.187104359 4155226.2623659745 -24.853429791759279 20.314747410290003 0.010629927690298181 668.814725710517 0.0078880236364644585 -0.0034983086745591597 0.010755638790439913 0
421 1 1 86313600 92367784.261688411 96488107.633908555 4155346.0670473119 -25.300014507157695 19.856280444337955 -0.0078737353999291434 668.78410834957629 0.0080625930980175436 -0.0034957754491025395 0.010910586605655675 0
422 1 1 86400000 90162850.695849732 98183485.520088822 4153862.8143545245 -25.73878661200947 19.386739908495791 -0.026476923742093518 668.75302254394126 0.0082319851091529946 -0.0034857037304006043 0.01105157261560176 0
423 1 1 86486400 87920355.807734087 99837820.044262126 4150768.1567831105 -26.169438090769479 18.90621893423053 -0.045173779818830813 668.72150231048124 0.008395828834785202 -0.0034680645297438745 0.011178379349589826 0
424 1 1 86572800 85641014.580366999 101450166.86427085 4146054.2623766186 -26.591659439769025 18.414820243692901 -0.063958226561412063 668.68958234074637 0.0085537435272019947 -0.0034428543903404986 0.011290812046915098 0
425 1 1 86659200 83325568.791150197 103019590.93561164 4139713.8338446836 -27.005139975167577 17.912656375101847 -0.082823963994253791 668.65729795870584 0.0087053395172593858 -0.0034100958392003652 0.011388697958470365 0
426 1 1 86745600 80974787.099937335 104545167.36897948 4131740.1279475968 -27.409568157238596 17.399849899670198 -0.10176446642396381 668.62468507986421 0.0088502191769442573 -0.0033698378200578607 0.011471885681171287 0
427 1 1 86832000 78589465.108385801 106025982.30615148 4122126.9750998034 -27.804631930961726 16.876533629027477 -0.12077298018306941 668.5917801716023 0.0089879779603034161 -0.0033221560600041108 0.011540244672524619 0
428 1 1 86918400 76170425.38918066 107461133.8133426 4110868.7991440124 -28.19001908282458 16.342850812070786 -0.13984252194015626 668.55862021456142 0.0091182055003185668 -0.0032671533746916996 0.011593664786024192 0
429 1 1 87004800 73718517.483736083 108849732.79107368 4097960.6372464336 -28.565417613670519 15.79895532014856 -0.15896587758561911 668.52524266484443 0.0092404867890155153 -0.0032049599296226634 0.011632056016710796 0
430 1 1 87091200 71234617.866997525 110190903.89949495 4083398.1598633276 -28.930516127364132 15.245011819460757 -0.17813560169704795 668.49168541680501 0.0093544033338625928 -0.0031357334364861341 0.011655348318696407 0
431 1 1 87177600 68719629.877990603 111483786.49801192 4067177.690728127 -29.285004234973794 14.681195929541989 -0.19734401760073128 668.45798676637355 0.0094595343874329264 -0.0030596593154371128 0.011663491472254015 0
432 1 1 87264000 66174483.614791431 112727535.59796204 4049296.2268072949 -29.628572974081834 14.107694366679691 -0.21658321803208921 668.42418537458184 0.0095554582883762007 -0.0029769508150973463 0.01165645517910343 0
433 1 1 87350400 63600135.792632282 113921322.82698992 4029751.4581732294 -29.960915242761779 13.524705071118376 -0.23584506639825675 668.39032023107575 0.009641753764785611 -0.0028878490158901374 0.011634229188813506 0
434 1 1 87436800 60997569.563896373 115064337.40367161 4008541.7877415707 -30.281726247680751 12.932437316897683 -0.25512119865560573 668.35643061755991 0.0097180013177763022 -0.0027926228152764798 0.011596823516405851 0
435 1 1 87523200 58367794.298809312 116155787.12083684 3985666.3508196129 -30.590703965692814 12.331111803170895 -0.27440302580444714 668.32255607090838 0.0097837846468957698 -0.0026915688557573748 0.011544268801582732 0
436 1 1 87609600 55711845.325691417 117194899.3359403 3961125.0344124739 -30.887549618203877 11.720960725867126 -0.29368173700260058 668.28873634574995 0.0098386921240735201 -0.0025850113549496304 0.011476616749308289 0
437 1 1 87696000 53030783.629702188 118180921.96673489 3934918.4962333776 -31.171968157500782 11.102227828579148 -0.3129483033016075 668.25501137638651 0.0098823182850047899 -0.0024733018517339978 0.011393940657886981 0
438 1 1 87782400 50325695.509080917 119113124.49040483 3907048.1833640817 -31.443668764144935 10.475168431577874 -0.33219348200961929 668.22142123791275 0.0099142653796412787 -0.0023568189105737112 0.011296335999769034 0
439 1 1 87868800 47597692.187969938 119990798.94422181 3877516.3505113316 -31.702365354440573 9.8400494378884442 -0.35140782167828816 668.18800610636799 0.0099341449297411216 -0.0022359677077256079 0.011183921150518502 0
440 1 1 87955200 44847909.384996034 120813260.92569858 3846326.0778057929 -31.947777096894072 9.1971493154034576 -0.37058166770579937 668.15480621768643 0.0099415793635141206 -0.0021111795395937507 0.011056838202444784 0
441 1 1 88041600 42077506.836883299 121579850.59012605 3813481.2880902393 -32.179628936489912 8.5467580540557186 -0.38970516855764153 668.121861825373 0.009936203653349792 -0.0019829112092472753 0.010915253775714479 0
442 1 1 88128000 39287667.776475914 122289933.64329979 3778986.7636437262 -32.397652125522917 7.8891770971238255 -0.40876828259843712 668.08921315679754 0.0099176669720815788 -0.001851644370070386 0.010759359987525223 0
443 1 1 88214400 36479598.364662297 122942902.327162 3742848.1622898448 -32.601584759630533 7.2247192458100242 -0.42776078551452207 668.05690036777708 0.0098856344595734721 -0.0017178846903437219 0.010589375550690332 0
444 1 1 88300800 33654527.075813033 123538176.39601611 3705072.0328383618 -32.791172317584483 6.5537085363065657 -0.44667227832346951 668.02496349539604 0.0098397889726574705 -0.0015821608939635733 0.010405546792306895 0
445 1 1 88387200 30813704.036472753 124075204.08090547 3665665.8298099693 -32.966168203321459 5.87648008863653 -0.46549219595174296 667.99344240885796 0.0097798329294900496 -0.0014450237264449081 0.010208148946456077 0
446 1 1 88473600 27958400.317181315 124553463.03968981 3624637.9273964581 -33.126334288611346 5.1933799266413985 -0.48420981635492905 667.96237675810085 0.0097054901549140666 -0.0013070447956280312 0.009997487414852459 0
447 1 1 88560000 25089907.177440986 124972461.29030225 3581997.6326100244 -33.271441454684556 4.5047647685928718 -0.50281427016186386 667.93180591999828 0.0096165078663351094 -0.001168815190535348 0.0097738991702075676 0
448 1 1 88646400 22209535.263994601 125331738.1246316 3537755.1975775938 -33.401270131075712 3.8110017880080904 -0.5212945508197756 667.90176894200386 0.0095126586043992132 -0.0010309439689954647 0.0095377541271805272 0
449 1 1 88732800 19318613.762732387 125630865.00043929 3491921.8309377106 -33.515610829882519 3.1124683443535623 -0.53963952521686609 667.87230448313892 0.0093937422872337993 -0.00089405646096604697 0.0092894566328108989 0
450 1 1 88819200 16418489.50470423 125869446.40870127 3444509.7083005332 -33.614264673563937 2.4095516834427784 -0.55783794473983006 667.84345075180397 0.0092595884378509803 -0.00075879239422396608 0.0090294471126914303 0
451 1 1 88905600 13510526.026878083 126047120.71375217 3395531.9817348737 -33.697043914368351 1.702648607455872 -0.57587845673544291 667.81524544022125 0.0091100583888567635 -0.00062580381914596479 0.0087582036319769317 0
452 1 1 88992000 10596102.588450758 126163560.96360809 3345002.7882480621 -33.763772443453725 0.99216511464290946 -0.59374961636001777 667.78772565561644 0.0089450475288386511 -0.00049575278789156993 0.0084762433766212078 0
453 1 1 89078400 7676613.1436875956 126218475.66785695 3292937.2572266716 -33.814286287713173 0.27851600891149575 -0.61143989877374849 667.76092784775108 0.0087644877670972291 -0.00036930875969872753 0.0081841243301512892 0
454 1 1 89164800 4753465.2724393634 126211609.54052806 3239351.5168102193 -33.848434092309894 -0.43787552036273336 -0.62893771164459922 667.73488773258043 0.0085683499527073499 -0.00024714576477316932 0.0078824467245452775 0
455 1 1 89251200 1828079.0696575104 126142744.20538767 3184262.6991717434 -33.866077586918344 -1.156578347823374 -0.64623140794278566 667.70964021207919 0.0083566464720319627 -0.00012993930354149948 0.0075718544208303673 0
456 1 1 89337600 -1098114.0045973833 126011698.86115529 3127688.9446815345 -33.86709203365902 -1.8771538902814708 -0.66330929899438773 667.6852192899413 0.0081294339810090797 -1.8362842333124981e-05 0.0072530361599270768 0
457 1 1 89424000 -4023672.3130443045 125818330.90419559 3069649.4048800473 -33.851366656177923 -2.5991566127945869 -0.68015966907600456 667.66165801615682 0.0078868162553543102 8.6915982563736486e-05 0.0069267266505749847 0
458 1 1 89510400 -6947145.2645096453 125562536.50633788 3010164.2448045337 -33.818805024299898 -3.322134560894872 -0.69677077006779331 667.63898791733016 0.0076292150964688988 0.0001852497947962679 0.0065939503218947499 0
459 1 1 89596800 -9867074.5697568227 125244251.14559685 2949254.6454720036 -33.769325441818573 -4.0456299189641811 -0.71313084193474985 667.61723905960901 0.0073567468556805073 0.00027600184803371747 0.0062554427305820072 0
460 1 1 89683200 -12781995.531478101 124863450.08751963 2886942.8029673118 -33.702861325757411 -4.7691795941913782 -0.72922814899144739 667.59644050605345 0.0070696312551516323 0.00035855338225837687 0.0059120335056255663 0
461 1 1 89769600 -15690438.363963712 124420148.81508949 2823251.926169598 -33.619361520853253 -5.4923158229481182 -0.74505098199751973 667.5766199116789 0.0067683062354620743 0.00043232270133430314 0.005564743003443182 0
462 1 1 89856000 -18590929.53731792 123914403.40547422 2758206.2354896166 -33.518790543927139 -6.2145667933458739 -0.76058762462125873 667.55780219154758 0.0064539396665400208 0.00049684115281447368 0.005215228177485657 0
463 1 1 89942400 -21481993.138256516 123346310.85262243 2691830.9671270256 -33.401128729826226 -6.9354572759308395 -0.7758262670126943 667.54000671788594 0.0061285767564170021 0.00055182030396401841 0.0048658251042456701 0
464 1 1 90028800 -24362152.25100372 122716009.33362328 2624152.3766682702 -33.266372647804559 -7.6545093077630986 -0.79075519052888799 667.52325144240888 0.0057910536053383645 0.00059663814151627583 0.0045159818087599198 0
465 1 1 90115200 -27229930.379952017 122023678.41409343 2555197.720758833 -33.114535458784246 -8.3712428970960016 -0.80536291876884691 667.50755632320329 0.0054414135749254189 0.00063080965803300306 0.0041662638392084414 0
466 1 1 90201600 -30083852.883993108 121269539.19400816 2484995.241597346 -32.945646942032347 -9.0851767080422139 -0.81963810613468857 667.4929400130585 0.0050803472144085099 0.00065397560524283426 0.0038177756901622705 0
467 1 1 90288000 -32922448.416085672 120453854.39351431 2413574.1567074172 -32.759753587969087 -9.7958287657045915 -0.83356952414217556 667.47941895129861 0.0047086313443622588 0.00066584661172029833 0.0034716490533716667 0
468 1 1 90374400 -35744250.371357262 119576928.37712188 2340964.6479690494 -32.55691869019779 -10.502717175637326 -0.84714608107123424 667.46700729403176 0.0043271324234182484 0.0006662124030393828 0.0031290340434516357 0
469 1 1 90460800 -38547798.341213301 118639107.11543308 2267197.8491449384 -32.337222390839514 -11.205360849582446 -0.86035683608477842 667.4557166651357 0.0039368889870621182 0.00065496561298101889 0.0027911460679820943 0
470 1 1 90547200 -41331639.569079943 117640778.08404642 2192305.8325541615 -32.100761672493199 -11.903280233429493 -0.87319100473566058 667.4455556109275 0.0035392067267986833 0.00063213341519151008 0.0024593126166129343 0
471 1 1 90633600 -44094330.405156739 116582370.09916012 2116321.5941997333 -31.847650355674155 -12.595998046542762 -0.8856379980105139 667.43653001117571 0.0031352763830108546 0.00059781827323760817 0.0021346807567026518 0
472 1 1 90720000 -46834437.749379747 115464353.09143905 2039279.0421587485 -31.578018713948918 -13.283039946666959 -0.89768722915471244 667.42863632701585 0.0027306862996676145 0.00055318459653435422 0.0018212833694804967 0
473 1 1 90806400 -49550540.462692916 114287237.82198742 1961212.9989594107 -31.292013453703603 -13.963935274122253 -0.9093282112859894 667.42186341709669 0.002325525701402546 0.00049840113158285018 0.0015190992939017565 0
474 1 1 90892800 -52241230.805416122 113051575.5274909 1882159.1745309227 -30.989798014968038 -14.638217877561573 -0.92055089409241686 667.41620184477483 0.0019197784821519681 0.0004336374922403539 0.0012279997296631407 0
475 1 1 90979200 -54905115.871258557 111757957.49982287 1802154.1306355952 -30.671552213188278 -15.30542680784921 -0.93134556386553369 667.41164011645503 0.0015172101520807128 0.00036002570056265626 0.00095020671650262068 0
476 1 1 91065600 -57540818.941362798 110407014.61818248 1721235.2828289082 -30.337470473876149 -15.965106649580308 -0.94170191496337896 667.40813306474979 0.0011411477946875435 0.00028383211005472562 0.00069969215634990267 0
477 1 1 91152000 -60146980.64650932 108999416.86467822 1639441.0026932505 -29.987759616823638 -16.616807672321137 -0.95160796026305472 667.40556236702616 0.00083123292108268289 0.00021657824526900689 0.00049892017643306578 0
478 1 1 91238400 -62722259.704185776 107535872.89582615 1556810.9434120203 -29.622629146927267 -17.26008382289535 -0.96104471757417154 667.40354676911659 0.00072612434665460419 0.00019836131223633423 0.00042645604448536382 0
479 1 1 91324800 -65265333.303660288 106017129.66341522 1473386.5289481948 -29.242303081392784 -17.894496359591056 -0.96999378224268917 667.40169026352214 0.00069836233773542058 0.00020024310032410334 0.00040097624085348331 0
480 1 1 91411200 -67774899.314046621 104443971.49281609 1389210.329998845 -28.847034520132247 -18.519618700888799 -0.97844601197462366 667.39988397731918 0.00068512591689516447 0.0002060975458494177 0.00038412959810295278 0
481 1 1 91497600 -70249678.352963015 102817219.09762451 1304325.5375454635 -28.437095775171979 -19.13503493828587 -0.98639551691874916 667.39811198984864 0.00067427884250129296 0.00021250239420336279 0.00036864673051220626 0
482 1 1 91584000 -72688415.218578428 101137728.68392596 1218775.8083752908 -28.012773972038307 -19.740339435559072 -0.9938372748445764 667.39637074285724 0.00066441020147536508 0.00021904899075327045 0.00035362864766908344 0
483 1 1 91670400 -75089880.118382215 99406391.045045748 1132605.208060923 -27.574370079212141 -20.335137300025561 -1.0007668427008507 667.39465898382889 0.00065442203078360623 0.00022526132868249624 0.00033845311022285982 0
484 1 1 91756800 -77452869.842678219 97624130.608005986 1045858.1614738175 -27.122198359172121 -20.919044950149896 -1.0071803332940759 667.39297689237549 0.00064434390857332391 0.00023113822634797618 0.00032312868255714383 0
485 1 1 91843200 -79776208.885141507 95791904.434504807 958579.40731801512 -26.656585733853543 -21.491690621409411 -1.01307436730078 667.39132405701287 0.00063446662387336766 0.00023681006492020837 0.00030778035894483394 0
486 1 1 91929600 -82058750.512568131 93910701.177287459 870813.95398829586 -26.177871239465549 -22.05271489232253 -1.0184460863247748 667.38969985233314 0.0006246468065047642 0.00024221009284109974 0.00029232221125247376 0
487 1 1 92016000 -84299377.787959933 91981539.99169369 782607.03369288193 -25.686405465009599 -22.601771183368889 -1.023293167031333 667.38810399182432 0.00061480896156659772 0.00024729746362779647 0.0002767109459910561 0
488 1 1 92102400 -86497004.541912079 90005469.406535834 694004.05648907239 -25.182549929252385 -23.138526204499996 -1.0276138151476391 667.38653629496957 0.00060493630806199522 0.00025205441757421233 0.00026093417671637953 0
489 1 1 92188800 -88650576.289552763 87983566.157706037 605050.56472226302 -24.666676444725894 -23.662660370607473 -1.0314067624012182 667.38499661203468 0.00059501207285512971 0.00025646157454251478 0.00024498274561818171 0
490 1 1 92275200 -90759071.091889665 85916933.987396732 515792.18769885466 -24.139166465226072 -24.173868180882746 -1.0346712633129822 667.38348478217335 0.00058504999349001598 0.00026051764206144789 0.00022886085265733921 0
491 1 1 92361600 -92821500.360024184 83806702.412183464 426274.59670353081 -23.600410417790297 -24.671858561055366 -1.0374070910261697 667.3820005970282 0.00057505647787175584 0.00026421751351699506 0.00021257067927319513 0
492 1 1 92448000 -94836909.60118559 81654025.463095859 336543.4603737343 -23.050807023176336 -25.156355168777278 -1.0396145327587494 667.38054380187032 0.00056504433750374447 0.00026756098779458562 0.00019611691104822295 0
493 1 1 92534400 -96804379.105514154 79460080.400992423 246644.40053402184 -22.49076260472506 -25.627096660125805 -1.0412943838731226 667.37911408019045 0.00055502709697111965 0.00027054953228639815 0.00017950435790057293 0
494 1 1 92620800 -98723024.572786465 77226066.410556093 156622.94857930078 -21.920690389611583 -26.083836917941834 -1.0424479410623926 667.37771105316165 0.00054501563093423307 0.00027318308445053557 0.00016273750196023362 0
495 1 1 92707200 -100591997.67850706 74953203.276227847 66524.502493320135 -21.341009804350783 -26.526345241490702 -1.0430769944424159 667.37633428107722 0.00053501989087665833 0.00027546141357573969 0.00014582113980881285 0
496 1 1 92793600 -102410486.5789585 72642730.043437794 -23605.71540220618 -20.752145766694152 -26.954406497162353 -1.0431838185681246 667.37498325940123 0.0005250502728190255 0.00027738554261018671 0.00012876044778041855 0
497 1 1 92880000 -104177716.35501005 70295903.66848509 -113722.69988011647 -20.154527976588721 -27.36782123063421 -1.0427711624870302 667.37365741453743 0.00051511644671702397 0.00027895675658956966 0.0001115608243424969 0
498 1 1 92966400 -105892949.3947168 67913997.660372108 -203781.70334113299 -19.548590208678757 -27.766405741007095 -1.041842238873391 667.37235610161781 0.00050522731423621357 0.0002801764492485137 9.4228037136736686e-05 0
499 1 1 93052800 -107555485.71493715 65498300.717860207 -293738.27536980045 -18.934769608575959 -28.149992117393335 -1.0404007122800174 667.37107860234414 0.0004953910003953801 0.00028104612614042175 7.6768314770558476e-05 0
500 1 1 93139200 -109164663.2223918 63050115.364961132 -383548.30123952968 -18.313505995148443 -28.518428238670115 -1.0384506865694429 667.36982412304235 0.0004856148407189576 0.00028156736856269543 5.9188466300521372e-05 0
501 1 1 93225600 -110719857.91477889 60570756.588010229 -473168.03929827479 -17.685241170988441 -28.871577737264392 -1.035996691581363 667.36859179307601 0.00047590538699523441 0.00028174181370116023 4.1496015831162441e-05 0
502 1 1 93312000 -112220484.02274163 58061550.477387078 -562554.15717145451 -17.050418243120642 -29.209319927967428 -1.0330436690968143 667.36738066370845 0.00046626843436257145 0.00028157115432730765 2.369934435461206e-05 0
503 1 1 93398400 -113665994.09365794 55523832.876857214 -651663.76672403817 -16.409480955908077 -29.531549702903657 -1.0295969581615436 667.36618970753079 0.00045670907972050192 0.00028105716187920988 5.8078355297232697e-06 0
504 1 1 93484800 -115055879.01838739 52958948.043406367 -740454.45772918174 -15.762873037999132 -29.838177393894547 -1.0256622798324067 667.365017818566 0.00044723180832568544 0.00028020173362668202 -1.2167980832445269e-05 0
505 1 1 93571200 -116389668.00226294 50368247.320326798 -828884.33019639063 -15.111037565040652 -30.129128603562624 -1.0212457214126667 667.36386381318505 0.00043784060561014108 0.00027900697528497246 -3.0216304192421191e-05 0
506 1 1 93657600 -117666928.48176077 47753087.826195657 -916912.02531799593 -14.454416339755626 -30.404344006611897 -1.0163537202447144 667.36272643191978 0.00042853911741290847 0.00027747533291851617 -4.8323971102179632e-05 0
507 1 1 93744000 -118887265.98841175 45114831.162256122 -1004496.754998461 -13.793449290857307 -30.663779122810489 -1.0109930471217654 667.36160434236126 0.00041933079881091947 0.00027560966807594755 -6.6476300455906836e-05 0
508 1 1 93830400 -120050323.96164237 42454842.140578136 -1091598.3299362485 -13.12857389213546 -30.907404063266458 -1.0051707893833914 667.36049614325111 0.0004102191491634267 0.00027341344920956448 -8.4657044421523371e-05 0
509 1 1 93916800 -121155783.51233888 39774487.535236076 -1178177.1862345224 -12.460224602925441 -31.135203251638657 -0.99889433378216674 667.35940036982333 0.00040120782476600169 0.00027089104202889105 -0.00010284865106418648 0
510 1 1 94003200 -122203363.13903134 37075134.858597577 -1264194.4105272237 -11.788832331008217 -31.347175121910006 -0.99217134928247441 667.35831549910654 0.00039230115194585136 0.00026804879628563195 -0.00012103346929211448 0
511 1 1 94089600 -123192818.39867428 34358151.16467391 -1349611.7636167263 -11.114823918875423 -31.54333179452512 -0.98500976976731525 667.35723995587045 0.00038350413768526511 0.00026489425594561605 -0.00013919268240017083 0
512 1 1 94176000 -124123941.53408374 31624901.881312482 -1434391.7026024631 -10.438621654284717 -31.72369873294285 -0.97741777636239102 667.35617212538216 0.00037482144442790432 0.00026143367710277911 -0.00015730322533566017 0
513 1 1 94262400 -124996561.06015584 28876749.672856364 -1518497.4014798854 -9.7606428055920631 -31.888314381975441 -0.96940377989277804 667.3551103652502 0.00036625962341727187 0.0002576763744355612 -0.00017534266215478377 0
514 1 1 94348800 -125810541.31102479 26115053.334783204 -1601892.7702443716 -9.0812991824000147 -32.037229789602328 -0.96097640369932946 667.35405301403398 0.00035782601439004032 0.00025363344077359987 -0.00019328846779923114 0
515 1 1 94435200 -126565781.95037733 23341166.721653361 -1684542.4725099041 -8.4009967220731969 -32.17050821438076 -0.95214446646522455 667.35299840329844 0.00034952904589377647 0.00024931760513654248 -0.00021111791371214463 0
516 1 1 94521600 -127262217.44716775 20556437.709541414 -1766411.941651209 -7.7201351023637574 -32.288224720092053 -0.94291696524802582 667.35194487046033 0.00034137753743245511 0.00024474340261388847 -0.00022880937898417516 0
517 1 1 94608000 -127899816.51899698 17762207.193988785 -1847467.3955071752 -7.0391073802486535 -32.39046575905477 -0.93330305926122836 667.35089076438896 0.00033338183462708885 0.00023993074287997855 -0.00024634841602606415 0
518 1 1 94694400 -128478581.5454168 14959808.124381742 -1927675.849706654 -6.358299656939284 -32.477328746087544 -0.92331205392992211 667.34983444805516 0.00032555371154947751 0.00023490052311597791 -0.00026372118586124042 0
519 1 1 94780800 -128998547.95344277 12150564.575436406 -2007005.1295617016 -5.6780907696999661 -32.548921626012209 -0.91295338349044475 667.34877433334827 0.00031789942109363518 0.00022966393865790643 -0.00028090011152062303 0
520 1 1 94867200 -129459783.57755907 9335790.8563507535 -2085423.880512214 -4.9988520089826505 -32.605362433572544 -0.90223659618821839 667.3477088734694 0.00031043566912160282 0.00022425204213663525 -0.0002978875056723389 0
521 1 1 94953600 -129862387.9963785 6516790.6582463318 -2162901.577407592 -4.3209468617015228 -32.646778848748305 -0.89117134035197687 667.34663655029919 0.00030316994180668049 0.0002186877467811785 -0.00031467969840659986 0
522 1 1 95040000 -130206491.84824914 3694856.2401037947 -2239408.5325052068 -3.6447307795190071 -32.673307749566064 -0.87976734988211358 667.34555586783017 0.00029612378175890427 0.00021300302445497488 -0.00033128449900071813 0
523 1 1 95126400 -130492256.12794378 871267.65328649688 -2314915.9020811245 -2.9705509742671512 -32.685094768404319 -0.86803442385005902 667.34446547613481 0.00028928428826793849 0.00020716679652956889 -0.00034761719077000438 0
524 1 1 95212800 -130719871.46731985 -1952707.9958180063 -2389395.690332599 -2.2987462492241293 -32.682293846860091 -0.85598238718080122 667.34336463436375 0.00028269113090588781 0.00020134236914176885 -0.00036357849952767577 0
525 1 1 95299200 -130889557.38743989 -4775817.22875835 -2462820.7651613289 -1.6296464350913122 -32.665066361312604 -0.84362149010374832 667.34224139646983 0.0002790200196663129 0.00019805470053818589 -0.0003822860685136389 0
526 1 1 95385600 -131001561.6117187 -7596820.9300874472 -2535164.8195366017 -0.96357544936556661 -32.633584406337228 -0.8309597728227176 667.34115912574816 0.00024064291641991722 0.00015399960823003739 -0.00037194801859833016 0
527 1 3 95417484.004439384 -131028377.83342735 -8637073.4414222781 -2561583.4350275681 -0.718616672388943 -32.618412997524764 -0.82620015782686385 667.3409440595218 0 0 0 203
528 1 1 95472000 -131056161.36695452 -10414497.027944079 -2606400.1878073602 -0.30089309633232048 -32.588070570781291 -0.81795609610802578 667.34036643275897 0.00023228167110467526 0.00015180494130260613 -0.00037479615709221147 0
529 1 1 95558400 -131053642.79588774 -13227621.262392959 -2676518.7949427157 0.35875458135607313 -32.528052859157441 -0.80532034400094143 667.32249414949649 0.0088905182861340123 0.0087689044707561382 -0.0096434631354160288 0
530 1 1 95644800 -130994264.25743817 -16034931.957641616 -2745571.3607003964 1.0150615585618044 -32.453727494526021 -0.79307484818511031 667.28637762457606 0.0087153592366161527 0.0086621634993889716 -0.0098246476495031151 0
531 1 1 95731200 -130878364.33658233 -18835238.504500363 -2813553.2222416517 1.6670761968035241 -32.365950496598714 -0.78053971937637345 667.25181869455969 0.0085311073487654137 0.0085131702761164184 -0.0099774609677723367 0
532 1 1 95817600 -130706323.67159277 -21627385.25332151 -2880441.9141270532 2.3145710039639193 -32.264876684695764 -0.76777165333362707 667.21742914414938 0.0083629230797950729 0.0083773745977189402 -0.010134291018858911 0
533 1 1 95904000 -130478544.27186857 -24410232.100097187 -2946217.729799015 2.9572812092053797 -32.15070945057689 -0.75478016126620073 667.18317042815056 0.0082034715916878432 0.0082419837907718296 -0.010287359623183853 0
534 1 1 95990400 -130195450.66720524 -27182656.769072 -3010861.7431971561 3.5949504447203462 -32.023657719785852 -0.74157398633177429 667.14902975822122 0.0080525510768309945 0.0081069157467385106 -0.010436702975690274 0
535 1 1 96076800 -129857489.14682119 -29943555.206393637 -3074355.7827867437 4.2273313739379184 -31.88393431425817 -0.72816184110552218 667.11499427351157 0.0079097451966371191 0.0079719274792440006 -0.010582090840393969 0
536 1 1 96163200 -129465126.98354805 -32691841.904094268 -3136682.4255585768 4.854185593611855 -31.731755652205923 -0.71455233884981306 667.08105286083446 0.0077746845432051072 0.0078367980050186841 -0.010723295896122385 0
537 1 1 96249600 -129018851.66426042 -35426450.194654822 -3197824.9882025914 5.4752835785891465 -31.567341375823979 -0.70075398783277831 667.04719600091687 0.0076470340169183309 0.0077013412632968951 -0.010860094662542652 0
538 1 1 96336000 -128519170.125788 -38146332.513886116 -3257767.5177550842 6.0904046106197347 -31.390913990472381 -0.68677518496962409 667.01341565309258 0.007526490301642352 0.0075654059530359426 -0.010992270628240527 0
539 1 1 96422400 -127966607.99754097 -40850460.63314347 -3316494.7817356419 6.6993366942902437 -31.202698515666402 -0.6726242103591985 666.97970514101985 0.0074127789285238256 0.0074288752621985412 -0.011119617048201033 0
540 1 1 96508800 -127361708.85192545 -43537825.861904696 -3373992.2578482823 7.3018764609114495 -31.002922148095706 -0.65830922265172453 666.94605904015691 0.0073056513581788085 0.0072916662709235245 -0.011241939443427721 0
541 1 1 96595200 -126705033.46355093 -46207439.221761435 -3430246.1233164435 7.8978290612629456 -30.791813936921795 -0.64383825519599025 666.91247306755361 0.0072048821177285657 0.0071537290266404062 -0.011359057765889342 0
542 1 1 96681600 -125997159.07815401 -48858331.592894308 -3485243.2439166475 8.4870080480792218 -30.569604471549336 -0.62921921290686722 666.87894397462605 0.0071102659893410849 0.0070150452643497575 -0.011470808186611055 0
543 1 1 96768000 -125238678.69208728 -51489553.834114954 -3538971.1627706536 9.069235249146562 -30.336525582006374 -0.61445986979907674 666.84546944340423 0.0070216153459993639 0.0068756269238629802 -0.011577044623362691 0
544 1 1 96854400 -124430200.34314738 -54100176.877569191 -3591418.0889513767 9.6443406318605724 -30.092810052014691 -0.59956786713280563 666.81204798666477 0.006938757602554386 0.0067355143866351429 -0.011677639900991096 0
545 1 1 96940800 -123572346.4134447 -56689291.799198769 -3642572.8859529383 10.212162160069411 -29.838691344786749 -0.584550712113583 666.77867885240482 0.0068615328335268067 0.0065947745244149484 -0.01177248662306642 0
546 1 1 97027200 -122665752.94494565 -59256009.866061784 -3692425.0600704029 10.772545644005092 -29.574403341535287 -0.5694157770930125 666.74536193297524 0.0067897915711227844 0.0064534985791199137 -0.011861497737335667 0
547 1 1 97113600 -121711068.9682519 -61799462.561607264 -3740964.748730171 11.325344584076115 -29.300180092639302 -0.55417029921698113 666.71209767916821 0.0067233927690665716 0.0063117999136210277 -0.011944606824585547 0
548 1 1 97200000 -120708955.84511414 -64318801.589994229 -3788182.7088074186 11.870420009265473 -29.016255581372505 -0.53882138046921202 666.67888701951745 0.0066622019585917316 0.0061698116333709181 -0.012021768103958472 0
549 1 1 97286400 -119660086.62511535 -66813198.860534951 -3834070.3049625498 12.407640310849033 -28.722863500063138 -0.52337598805915908 666.64573128503685 0.0066060895930482467 0.0060276841456672631 -0.01209295618176226 0
550 1 1 97372800 -118565145.41689844 -69281846.453329697 -3878619.4980241982 12.93688107211617 -28.420237038521574 -0.50784095510308358 666.61263213960444 0.0065549295615900272 0.0058855826438188171 -0.012158165522772459 0
551 1 1 97459200 -117424826.77425505 -71723956.567144528 -3921822.8334420472 13.458024894743259 -28.10860868453976 -0.49222298155287314 666.57959151609623 0.0065085979005155272 0.0057436846111884659 -0.01221740974331359 0
552 1 1 97545600 -116239835.09733801 -74138761.450566113 -3963673.4298290773 13.970961222437552 -27.788210036240589 -0.47652863532855677 666.54661155835902 0.0064669716525381253 0.0056021772906568457 -0.01227072064706795 0
553 1 1 97632000 -115010884.04920773 -76525513.317446366 -4004164.9676087098 14.475586162434004 -27.459271626034795 -0.46076435360702989 666.51369456918246 0.0064299278880720788 0.0054612551796376181 -0.012318147045506832 0
554 1 1 97718400 -113738695.98787419 -78883484.24762921 -4043291.6777786324 14.971802305396357 -27.122022755915275 -0.44493644422853601 666.48084296426271 0.006397342874621602 0.0053211176172521133 -0.012359753436054914 0
555 1 1 97804800 -112424001.41394956 -81211966.073926076 -4081048.3307999079 15.459518544238184 -26.776691343802295 -0.42905108718320289 666.44805923216597 0.0063690913541405983 0.0051819664162736957 -0.01239561848014281 0
556 1 1 97891200 -111067538.43398392 -83510270.256282166 -4117430.2256165887 15.938649892346675 -26.42350378063972 -0.41311433614009652 666.41534590032677 0.0063450459383887544 0.0050440035930110604 -0.012425833342466226 0
557 1 1 97977600 -109670052.23951593 -85777727.744049087 -4152433.1788080875 16.409117301660114 -26.062684797924536 -0.39713211998571807 666.38270550704249 0.006325076592642879 0.0049074292341750245 -0.012450499890951225 0
558 1 1 98064000 -108232294.60183257 -88013688.827250957 -4186053.5138738947 16.87084748101757 -25.694457345339998 -0.38111024434572321 666.35014057932938 0.0063090501978724754 0.004772439503938952 -0.012469728844209675 0
559 1 1 98150400 -106755023.38239798 -90217522.977702156 -4218288.0506480169 17.32377271516614 -25.319042478158757 -0.36505439305927245 666.31765361664384 0.0062968301425282199 0.0046392247565021421 -0.012483637731634229 0
560 1 1 98236800 -105239002.05887873 -92388618.680806786 -4249134.094837876 17.767830684782183 -24.936659254068672 -0.34897012958545154 666.28524708030113 0.0062882759808681197 0.0045079678945105211 -0.012492348928156802 0
561 1 1 98323200 -103684999.26666313 -94526383.258837998 -4278589.4276813036 18.202964287833733 -24.547524639071113 -0.33286289832534782 666.25292338839688 0.0062832430893191736 0.0043788428343363075 -0.012495987558617151 0
562 1 1 98409600 -102093788.35574655 -96630242.686466292 -4306652.2957133763 18.629121462580976 -24.151853422100018 -0.31673802584240635 666.22068491610173 0.0062815823347011296 0.0042520132072846276 -0.012494679467049387 0
563 1 1 98496000 -100466146.96282892 -98699641.399274841 -4333321.4006339805 19.046255012484878 -23.74985813800609 -0.3006007219694849 666.18853400114153 0.0062831397184938912 0.004127631214201114 -0.012488549132617332 0
564 1 1 98582400 -98802856.598448277 -100734042.09596927 -4358595.8892658483 19.45432243327237 -23.341748998551203 -0.28445608079931134 666.15647295413669 0.0062877560609164657 0.0040058367143927737 -0.012477717758847458 0
565 1 1 98668800 -97104702.248955175 -102732925.53495876 -4382475.3435931494 19.853285742376137 -22.927733831060067 -0.26830908155503141 666.12450407357471 0.0062952665686156458 0.0038867564658163645 -0.012462301312471119 0
566 1 1 98755200 -95372471.993113682 -104695790.32595468 -4404959.7708699573 20.243111310945046 -22.508018024379954 -0.25216458933968122 666.09262966516258 0.0063055004426999179 0.0037705035893616412 -0.012442408767979286 0
567 1 1 98841600 -93606956.633098826 -106622152.71720338 -4426049.5937886443 20.623769698606328 -22.082804481800988 -0.23602735577526388 666.06085206512262 0.006318280441834051 0.0036571772043339462 -0.012418140450853793 0
568 1 1 98928000 -91808949.339646235 -108511546.37893996 -4445745.6406989703 20.995235491132522 -21.652293580598883 -0.21990201953824209 666.02917366713234 0.0063334223909718513 0.0035468622288940092 -0.012389586544927998 0
569 1 1 99014400 -89979245.31109722 -110363522.18362032 -4464049.1358694155 21.357487141151303 -21.216683137866056 -0.20379310680470411 665.99759695252658 0.0063507346882024631 0.0034396293612199568 -0.012356825776749254 0
570 1 1 99100800 -88118641.446069956 -112177647.98346096 -4480961.6897836179 21.710506812019855 -20.776168382305947 -0.18770503162101612 665.96612452334432 0.0063700177830650628 0.0033355351847611267 -0.012319924302477631 0
571 1 1 99187200 -86227936.029479846 -113953508.38578834 -4496485.2894664062 22.054280224970174 -20.330941931673543 -0.17164209622203794 665.934759137745 0.0063910636663112143 0.0032346224296157717 -0.01227893484765193 0
572 1 1 99273600 -84307928.43162173 -115690704.52667141 -4510622.2888357667 22.388796509613808 -19.881193775553921 -0.15560849131512328 665.9035037473999 0.0064136553166627992 0.0031369203243896667 -0.012233896002314794 0
573 1 1 99360000 -82359418.820020616 -117388853.84328632 -4523375.3990786076 22.714048057885869 -19.427111263180834 -0.13960829635318617 665.87236153638821 0.0064375662333800432 0.0030424450680423248 -0.012184831829738294 0
574 1 1 99446400 -80383207.883750439 -119047589.84543599 -4534747.6790506691 23.030030381495788 -18.968879096007075 -0.12364547982370379 665.84133596107495 0.0064625599510326585 0.00295120035536061 -0.012131751673426523 0
575 1 1 99532800 -78380096.569915742 -120666561.8866227 -4544742.5257029282 23.336741972938906 -18.506679324749722 -0.10772389957717177 665.81043079052768 0.0064883896382891349 0.0028631779728533384 -0.012074650230705291 0
576 1 1 99619200 -76350885.831986219 -122245434.93504958 -4553363.664538946 23.634184170114917 -18.040691350642824 -0.091847303218515072 665.77965014701658 0.0065147977303437396 0.0027783584264468638 -0.012013507818317649 0
577 1 1 99705600 -74296376.389671415 -123783889.34490231 -4560615.1401096564 23.922361024591243 -17.571091930640414 -0.076019328588030663 665.74899854608748 0.0065415156960115378 0.0026967116063561238 -0.011948290935820265 0
578 1 1 99792000 -72217368.500018418 -125281620.62824243 -4566501.3065544795 24.201279173541081 -17.098055186324533 -0.060243504354258383 665.71848093575443 0.0065682638586147049 0.002618197436704633 -0.011878952962192874 0
579 1 1 99878400 -70114661.73941493 -126738339.22782172 -4571026.8181991903 24.470947715376489 -16.621752616282627 -0.044523250740716253 665.68810273437691 0.0065947513670251319 0.0025427665335715425 -0.011805435131205777 0
580 1 1 99964800 -67989054.796177536 -128153770.2911077 -4574196.6202230956 24.731378089090178 -16.1423531117298 -0.028861880404015661 665.65786986683838 0.0066206762421226733 0.0024703608188404226 -0.011727667576126987 0
581 1 1 100051200 -65841345.273403816 -129527653.44579139 -4576015.9394091936 24.982583957316741 -15.660022975159009 -0.013262599481536018 665.62778879858945 0.0066457256462580175 0.0024009141409495685 -0.011645570650457975 0
582 1 1 100137600 -63672329.501767606 -130859742.57702978 -4576490.2749928292 25.22458109311534 -15.174925941813767 0.0022714911757970315 665.59786656717756 0.0066695762097560961 0.0023343528110638715 -0.011559056272504597 0
583 1 1 100224000 -61482802.361935623 -132149805.60665821 -4575625.3896251107 25.457387270467507 -14.687223203787603 0.017737394577065531 665.56811081098772 0.006691894565691677 0.0022705961282302109 -0.011468029447472862 0
584 1 1 100310400 -59273557.116284549 -133397624.27459183 -4573427.3004683675 25.68102215848462 -14.197073436559888 0.033132215961162788 665.53852979483383 0.0067123380264559242 0.002209556849418494 -0.011372389815618765 0
585 1 1 100396800 -57045385.249599069 -134602993.92261824 -4569902.2704412872 25.895507219308453 -13.704632827790347 0.048453160960866763 665.50913243220339 0.0067305554007099531 0.0021511415929319636 -0.011272033269282335 0
586 1 1 100483200 -54799076.318432361 -135765723.28076968 -4565056.7996317865 26.100865609686185 -13.210055108199491 0.063697533556759528 665.47992830387909 0.0067461879898090089 0.0020952512231847864 -0.011166853610738733 0
587 1 1 100569600 -52535417.808812656 -136885634.25644717 -4558897.6168956235 26.297122086195746 -12.713491584369931 0.078862733823770501 665.45092767276162 0.0067588707074902098 0.00204178116950011 -0.011056744179891614 0
588 1 1 100656000 -50255195.001981705 -137962561.72645605 -4551431.6716585048 26.484302914091952 -12.215091173312215 0.093946255474898641 665.42214149475649 0.0067682333621592993 0.0019906217179053295 -0.010941599488064715 0
589 1 1 100742400 -47959190.847853564 -138996353.33209878 -4542666.1259390097 26.662435779740697 -11.715000438643324 0.10894568320782771 665.39358142556614 0.0067739020649839774 0.0019416582716062403 -0.010821316796778375 0
590 1 1 100828800 -45648185.845885575 -139986869.27745807 -4532608.3466088809 26.8315497066021 -11.213363628234447 0.12385868986498599 665.36525982333796 0.0067755007545841515 0.0018947715770963262 -0.010695797635048155 0
591 1 1 100915200 -43322957.933056489 -140933982.13099134 -4521265.8979064589 26.991674974722034 -10.710322713188827 0.13868303341591187 665.33718974704414 0.0067726528654031446 0.00184983795415186 -0.010564949264844883 0
592 1 1 101001600 -40984282.378650546 -141837576.63054517 -4508646.5342175867 27.142843043687662 -10.206017428019241 0.15341655378836558 665.30938495074383 0.0067649830804674353 0.0018067294819571465 -0.010428685913646934 0
593 1 1 101088000 -38632931.685601197 -142697549.49190396 -4494758.1930714119 27.28508647773457 -9.7005853122729739 0.16805717115474808 665.28185990858617 0.0067521190688999803 0.0017653143383548437 -0.010286930828222862 0
594 1 1 101174400 -36269675.49753949 -143513809.22078574 -4479608.989113926 27.418438894079713 -9.1941617470001056 0.1826028577807999 665.25462926859825 0.0067339250412067108 0.0017255278481200765 -0.01013992253588559 0
595 1 1 101260800 -33895280.510719948 -144286275.92820466 -4463207.2097541532 27.542934881171909 -8.6868800025662534 0.19705165477485279 665.22770826656802 0.0067098423828062014 0.0016871666991139964 -0.0099873317571119568 0
596 1 1 101347200 -31510510.394364621 -145014881.15045351 -4445561.3073929232 27.658609913974185 -8.1788712888231849 0.21140169622461152 665.20111330230941 0.006679475011377803 0.0016500748499859125 -0.0098290529246899492 0
597 1 1 101433600 -29116125.715869009 -145699567.67271742 -4426679.8927017609 27.765500310399347 -7.6702647940265125 0.22565118215941329 665.17486141639824 0.0066424924742331829 0.001614109826018637 -0.0096650665531000327 0
598 1 1 101520000 -26712883.870387454 -146340289.35631597 -4406571.7292144028 27.86364317447784 -7.161187729524352 0.23979837373260715 665.14897023919457 0.0065985735497718183 0.0015791257299936326 -0.0094953620058196679 0
599 1 1 101606400 -24301539.014381118 -146937010.96958384 -4385245.7293929197 27.953076372134099 -6.651765366052917 0.25384155000801045 665.12345710312604 0.0065478063453059104 0.0015450915258544812 -0.009320453922282106 0
600 1 1 101692800 -21882842.001558572 -147489708.02204096 -4362710.9538159799 28.033838469230474 -6.1421210828808164 0.26777901935980591 665.09833932347658 0.0064897419781881297 0.0015118046926156348 -0.0091401295225158573 0
601 1 1 101779200 -19457540.327172212 -147998366.6037482 -4338976.6053104894 28.105968631308745 -5.6323764290519733 0.28160918325808565 665.07363562092121 0.0064238218595051464 0.0014790281911356152 -0.008954037835197666 0
602 1 1 101865600 -17026378.078018963 -148462983.22908604 -4314052.0213976288 28.169506591243344 -5.1226511649725524 0.29533051323630782 665.04936567369157 0.0063497927514050345 0.0014466097117731903 -0.0087622180662091011 0
603 1 1 101952000 -14590095.883882843 -148883564.68379679 -4287946.6702067209 28.224492635004502 -4.6130633003782133 0.30894151138294851 665.02554928231245 0.0062675317476403227 0.0014144231092409955 -0.0085648354786910241 0
604 1 1 102038400 -12149430.871289954 -149260127.87567368 -4260670.1481974758 28.270967562214466 -4.1037291404196035 0.32244070637807221 665.00220630685817 0.0061768579116099048 0.0013823216031987097 -0.0083619793877728627 0
605 1 1 102124800 -9705116.6213975381 -149592699.68943012 -4232232.177369413 28.308972633290026 -3.5947633354740089 0.33582666554559798 664.9793569851696 0.0060775001961947779 0.0013501317783024905 -0.0081536353468733384 0
606 1 1 102211200 -7257883.1319497768 -149881316.84576783 -4202642.6018577954 28.338549533943404 -3.0862789271296425 0.34909799123368274 664.95702187975849 0.0059693213729520691 0.0013177082186163218 -0.0079399125083992189 0
607 1 1 102297600 -4808456.7815005155 -150126025.76424313 -4171911.3855429855 28.359740350831508 -2.5783873919215612 0.3622533085691248 664.93522161265798 0.0058522187415739873 0.0012849094574559441 -0.0077209375251919938 0
608 1 1 102384000 -2357560.2960950858 -150326882.43001571 -4140048.6102346247 28.372587541440179 -2.0711986868433434 0.37529126182060712 664.91397679838428 0.0057261303590055183 0.0012515998966143561 -0.0074968586300617809 0
609 1 1 102470400 94087.281557836803 -150483952.26451391 -4107064.4741776749 28.377133906944735 -1.5648212943938569 0.38821051020361036 664.8933079583046 0.0055910671124957149 0.0012176582046285554 -0.0072678750073720579 0
610 1 1 102556800 2545770.6219601301 -150597309.99967381 -4072969.2921969355 28.373422606902114 -1.0593622579755184 0.40100968457361669 664.87323448347979 0.0054475490831700103 0.0011830804054428696 -0.0070346671420608081 0
611 1 1 102643200 4996778.1389843244 -150667039.55547202 -4037773.4985072827 28.361497112136298 -0.55492723191596016 0.41368740777440727 664.85377512926982 0.0052953402698939535 0.0011476835778898911 -0.0067971379271117172 0
612 1 1 102729600 7446402.0128674181 -150693233.92251763 -4001487.6445503891 28.341401137025851 -0.051620536603096782 0.4262423390741355 664.83494907296563 0.0051344205541984768 0.0011113320838663729 -0.0065553599897858784 0
613 1 1 102816000 9893938.2112898324 -150675995.04849219 -3964122.3968341746 28.313178637925201 0.45045480180397268 0.43867315293032433 664.81677540306725 0.0049648934730112497 0.0010739183728997264 -0.0063095341652365348 0
614 1 1 102902400 12338686.512117704 -150615433.72759807 -3925688.5387679534 28.276873875650821 0.95119702663505401 0.45097844481843846 664.79927096345375 0.0047878190226721727 0.0010355574426739857 -0.0060608885001732695 0
615 1 1 102988800 14779950.528494863 -150511669.49283192 -3886196.9767526342 28.232531322718621 1.4505055905634616 0.46315682313514955 664.78245236256612 0.0046023731784361789 0.0009959354528793307 -0.005808402540380184 0
616 1 1 103075200 17217037.720727462 -150364830.51464966 -3845658.7323929477 28.18019558352502 1.9482810983258423 0.47520698373234777 664.76633762921222 0.0044088318255118431 0.00095499315048129139 -0.0055523042543383283 0
617 1 1 103161600 19649259.41190581 -150175053.50214294 -3804084.9406050448 28.119911467984352 2.4444252846499737 0.4871276078352238 664.7509438799168 0.004207524729223003 0.00091268702315833584 -0.0052928298493879478 0
618 1 1 103248000 22075930.804996904 -149942483.60723653 -3761486.8506591534 28.051723976839483 2.9388409720971618 0.4989173668429937 664.73628737549222 0.003998838678445478 0.00086899074978051148 -0.0050302190660673329 0
619 1 1 103334400 24496370.999149323 -149667274.33241227 -3717875.8272061539 27.975678299163153 3.431432031850111 0.51057491707916458 664.72238332668019 0.0037832830654568987 0.00082391081704622415 -0.0047647658374390545 0
620 1 1 103420800 26909903.005899306 -149349587.44178489 -3673263.3517391263 27.891819810232988 3.922103344793646 0.5220988969941035 664.70924574247465 0.0035614644910008614 0.00077748172179717813 -0.0044967924042944507 0
621 1 1 103507200 29315853.766739365 -148989592.8751826 -3627661.0259202956 27.80019412251513 4.4107607748084998 0.53348786835980833 664.69688597472077 0.0033348148097048806 0.00072993147566998199 -0.0042274214298270935 0
622 1 1 103593600 31713554.177876379 -148587468.6638808 -3581080.5823178426 27.700847175129592 4.8973111514537333 0.54474023593297938 664.68531057349082 0.003105123384636985 0.00068158202556542144 -0.003957877389120912 0
623 1 1 103680000 34102339.112602741 -148143400.85011697 -3533533.8919293298 27.593825020148135 5.3816621837402172 0.55585445592234639 664.67452627535033 0.0028711011379878438 0.0006320600387297252 -0.003686483080097717 0
624 1 1 103766400 36481547.421425089 -147657583.41493291 -3485032.9509452856 27.479173707605128 5.8637223962258407 0.5668291395066094 664.66454253954862 0.0026331290438796305 0.00058138153125681042 -0.0034130708931780582 0
625 1 1 103852800 38850521.941530801 -147130218.20712256 -3435589.8764460441 27.356939497480649 6.343401140182495 0.57766285243557491 664.65536652491812 0.0023928112371525844 0.00052985287192813617 -0.0031385980165847109 0
626 1 1 103939200 41208609.520767011 -146561514.87205815 -3385216.9159480273 27.227168979324631 6.8206085842280384 0.58835400062922638 664.64700023144587 0.002152212369641286 0.0004778985414233006 -0.0028643824349916889 0
627 1 1 104025600 43555161.041619711 -145951690.7836903 -3333926.4557487136 27.089908895965191 7.295255637069066 0.59890103572340958 664.63944510179147 0.0019106752506411748 0.00042532685710323172 -0.0025886302922075223 0
628 1 1 104112000 45889531.425822459 -145300970.98416707 -3281731.0069075217 26.945206035254547 7.7672538862404377 0.60930258882359833 664.63270494470316 0.0016688416265603901 0.00037225992971805981 -0.0023108025644361535 0
629 1 1 104198400 48211079.645314775 -144609588.12510562 -3228643.1963886861 26.793107377451058 8.2365155962162202 0.61955733760775555 664.62678258728056 0.0014279783439302644 0.00031897925503911385 -0.0020307410483601813 0
630 1 1 104284800 50519168.741485797 -143877782.4100334 -3174675.7641294003 26.63366014976247 8.7029536856380343 0.62966398894771702 664.6216791006558 0.0011897014648703792 0.00026586671896657461 -0.0017483184719095126 0
631 1 1 104371200 52813165.850093238 -143105801.53853625 -3119841.5622949172 26.466911931468083 9.1664817171103845 0.63962121462793087 664.61739191902723 0.00095696847396609791 0.00021363964576668446 -0.0014644873604273761 0
632 1 1 104457600 55092442.241826415 -142293900.64973676 -3064153.5678002713 26.292910908943654 9.6270139224768165 0.64942740177732405 664.6139089893959 0.00073493872635050218 0.00016355496764295516 -0.0011825782947838912 0
633 1 1 104544000 57356373.370850399 -141442342.2666738 -3007624.8953645192 26.111705697390992 10.084465132040451 0.65908102707541849 664.61121604981452 0.00052786442482935644 0.00011670378276226726 -0.00090494858718610913 0
634 1 1 104630400 59604339.020666182 -140551396.22191805 -2950268.9815718345 25.923349016737269 10.538751555415482 0.66857419749081448 664.60917039353092 0.00038905551449966555 8.5059768656683469e-05 -0.00072038678904630198 0
635 1 1 104716800 61835723.755849555 -139621339.51853955 -2892100.3279541787 25.727897610960561 10.989790723606351 0.6778920330834961 664.60749319724584 0.00031779887576108544 6.8563048195968145e-05 -0.00063391956710648291 0
636 1 1 104803200 64049916.928670369 -138652456.29403573 -2833134.5656089191 25.525404490558355 11.437499707261471 0.68702502352751915 664.60601845172903 0.00026556226285173203 5.6310374846546531e-05 -0.00057214628452474789 0
637 1 1 104889600 66246312.310570262 -137645037.87179509 -2773387.8835932184 25.31592032144523 11.881795406186543 0.69596779658370189 664.60466307031584 0.00024399932377082428 5.1203316799658905e-05 -0.00054748146597429208 0
638 1 1 104976000 68424308.055320978 -136599382.74033391 -2712876.9302321314 25.099494950413121 12.322594832770742 0.70471620788606049 664.60337051478803 0.00022456330232752242 4.6532802448857092e-05 -0.00052450539506387114 0
639 1 1 105062400 70583306.50861457 -135515796.5738928 -2651618.5644914219 24.876176203369159 12.759814781976365 0.71326872891296222 664.60214028702273 0.00020647861161493522 4.2108726122885287e-05 -0.00050264359726346632 0
640 1 1 105148800 72722714.159171537 -134394592.22319317 -2589629.784454254 24.646012196050073 13.193372340321375 0.72162364668480439 664.60096780689787 0.00019110123108246542 3.8279529902127058e-05 -0.00048289670812161703 0
641 1 1 105235200 74841941.678828552 -133236089.68789254 -2526927.7529352163 24.409051755596586 13.623184958881122 0.72977875713903306 664.59983703912917 0.00018445894289540479 3.657968606623183e-05 -0.00047071296004508545 0
642 1 1 105321600 76940403.970957577 -132040616.08988202 -2463529.8289200347 24.165343677587813 14.04917023122359 0.73773201956517587 664.59873580847841 0.0001779606964810744 3.4869394417744248e-05 -0.00045850184002247779 0
643 1 1 105408000 79017520.125736758 -130808505.67314361 -2399453.5156325824 23.914936280340857 14.471245743593524 0.74548195981258292 664.59766500491094 0.00017146437935126755 3.3107366123518147e-05 -0.00044631958065811396 0
644 1 1 105494400 81072713.418063954 -129540099.79616845 -2334716.4456162201 23.657878121826634 14.88932921823106 0.75302706154606369 664.59662443504578 0.00016517625179863544 3.1345034780856762e-05 -0.00043420583338564533 0
645 1 1 105580800 83105411.327955246 -128235746.92177705 -2269336.3823456061 23.394217983446303 15.303338474664091 0.76036581111963486 664.59561376339389 0.00015910726269637617 2.958427948588004e-05 -0.00042215831264221003 0
646 1 1 105667200 85115045.559600085 -126895802.61028415 -2203331.2198044593 23.124004866969226 15.713191394089476 0.76749670150154137 664.59463272589153 0.00015318035402500581 2.7803995665498106e-05 -0.0004101544418034786 0
647 1 1 105753600 87101052.061096981 -125520629.51548699 -2136718.9819030087 22.847288015128296 16.118805890117123 0.77441823147295108 664.59368112310619 0.0001474303819746242 2.6011621117089834e-05 -0.0003982002146918172 0
648 1 1 105840000 89062871.047535375 -124110597.38273987 -2069517.8222421617 22.564116972393411 16.520099890976788 0.7811288981393153 664.59275846714525 0.0001423761042722432 2.4349537329592188e-05 -0.00038639341836107924 0
649 1 1 105926400 90999947.031794444 -122666083.04784137 -2001746.0254472126 22.274541698192007 16.916991337269884 0.7876271646159243 664.59186292472657 0.00013913135366024849 2.3131243298170841e-05 -0.00037511827274234051 0
650 1 1 106012800 92911728.857554734 -121187470.43816972 -1933422.0090459727 21.97861242354341 17.309398109505711 0.79391151401587357 664.59099319940003 0.00013600358351029891 2.1899377132612562e-05 -0.00036375897575978102 0
651 1 1 106099200 94797669.715685949 -119675150.58128043 -1864564.3190477102 21.676379588155967 17.697237976876188 0.79998047373386671 664.5901494561358 0.00013291486950650378 2.0630623567545798e-05 -0.00035236721975448986 0
652 1 1 106185600 96657227.170806453 -118129521.61363438 -1795191.6289358239 21.367894002673413 18.080428608497218 0.80583256718793972 664.58933172589104 0.00012989175765798356 1.9331725725961102e-05 -0.00034093180589001379 0
653 1 1 106272000 98489863.194474593 -116550988.79032236 -1725322.7396238053 21.053206873141569 18.458887547949235 0.81146632090993065 664.58854003696638 0.00012694476043172422 1.8004549875013082e-05 -0.00032945103332807259 0
654 1 1 106358400 100295044.20046334 -114939964.49698605 -1654976.5792489781 20.732369827310176 18.832532188651008 0.81688026335659902 664.5877744100726 0.00012408335498352758 1.6650757452606305e-05 -0.00031792237901413583 0
655 1 1 106444800 102072241.08241646 -113296868.26380959 -1584172.2030288579 20.405434942986883 19.201279750419996 0.82207292431277745 664.58703485612909 0.00012131471207414531 1.5271500681710745e-05 -0.00030634458181338909 0
656 1 1 106531200 103820929.25419909 -111622126.78147195 -1512928.7930268692 20.072454784764442 19.565047257960806 0.82704283937834855 664.58632140673615 0.00011876289977315582 1.3886664501904742e-05 -0.00029464062309049726 0
657 1 1 106617600 105540588.69455408 -109916173.9187226 -1441265.6570565838 19.733482468547994 19.923751525263501 0.8317885645612717 664.58563412370745 0.00011684060156648089 1.2570809390755162e-05 -0.00028262544142776148 0
658 1 1 106704000 107230703.99540053 -108179450.74163501 -1369202.2272049142 19.388571650899475 20.277309126481377 0.83630865972694024 664.58497310378073 0.00011509996929148314 1.1233587795884923e-05 -0.00027044173644008264 0
659 1 1 106790400 108890764.40724096 -106412405.53570995 -1296758.0606462017 19.037776527591287 20.62563636970005 0.84060167190978863 664.58433844791682 0.00011348663300213198 9.8653588710877992e-06 -0.00025812704541975696 0
660 1 1 106876800 110520263.88921122 -104615493.82929981 -1223952.8401058076 18.68115190662693 20.968649285392829 0.84466614928942463 664.58373022989053 0.00011203202010499411 8.4690320967229232e-06 -0.00024565086967531704 0
661 1 1 106963200 112118701.1637384 -102789178.4183559 -1150806.3735215988 18.31875324717776 21.306263608647548 0.84850064514813095 664.58314852718684 0.00011075873475073084 7.045463052749547e-06 -0.00023298633903830247 0
662 1 1 107049600 113685579.77432601 -100933929.39270845 -1077338.5936207774 17.950636695306418 21.638394761803067 0.85210371771660998 664.58259341244843 0.00010969031234301654 5.5949005139053411e-06 -0.00022010024287065432 0
663 1 1 107136000 115220408.14653566 -99050224.163795799 -1003569.5574473642 17.576859121967015 21.964957838222233 0.85547393125562099 664.5820649511503 0.00010885105633646925 4.1164372534690644e-06 -0.00020695132160853609 0
664 1 1 107222400 116722699.65230016 -97138547.493753836 -929519.44578422094 17.197478162179678 22.285867587056948 0.85860985744847051 664.58156319614341 0.00010826787870342979 2.6081279906848589e-06 -0.00019348723777384591 0
665 1 1 107308800 118191972.67767408 -95199391.525776759 -855208.56243727356 16.812552255356746 22.601038399039847 0.86151007717657413 664.58108817700759 0.00010796897311496898 1.0662917592868654e-06 -0.00017964251305203408 0
666 1 1 107395200 119627750.69410805 -93233255.815662295 -780657.33335352165 16.422140686529335 22.910384293275548 0.86417318258427811 664.58063987995695 0.00010798212499729467 -5.1520572626552193e-07 -0.00016533681797855162 0
667 1 1 107481600 121029562.33332175 -91240647.364453807 -705886.30555055884 16.026303628410123 23.213818905070479 0.86659777935501492 664.5802182108846 0.0001083320458248212 -2.1456842414325157e-06 -0.00015047430876535635 0
668 1 1 107568000 122396941.46584122 -89222080.652087465 -630916.14584789658 15.625102184115994 23.511255474846038 0.86878248896384314 664.57982293006023 0.00010903586441846014 -3.83825544765585e-06 -0.00013494571534991982 0
669 1 1 107654400 123729427.28324653 -87178077.671947807 -555767.63942122029 15.21859843025724 23.80260683821497 0.870725950405558 664.5794535419044 0.00011009536009328595 -5.6099673123002229e-06 -0.00011863599042828468 0
670 1 1 107740800 125026564.38412768 -85109167.966226548 -480461.68827232195 14.806855459452615 24.087785417330856 0.87242682010363337 664.57910912149271 0.00011147832969233945 -7.4812706249919967e-06 -0.00010144641259016015 0
671 1 1 107827200 126287902.86363308 -83015888.661964342 -405019.30988955055 14.389937420792497 24.36670321379227 0.87388376714872584 664.5787880670398 0.00011309202050528704 -9.4729794325174741e-06 -8.3334976829395866e-05 0
672 1 1 107913600 127512998.40646359 -80898784.507638305 -329461.63638066547 13.967909559827993 24.63927180306564 0.87509546947148731 664.57848786234376 0.00011478814372725117 -1.1605578413654436e-05 -6.4250245485628058e-05 0
673 1 1 108000000 128701412.3835642 -78758407.910130218 -253809.91313226713 13.540838264945057 24.905402331639721 0.87606063172511406 664.57820494009798 0.0001163943995704264 -1.3881302223848417e-05 -4.3937655621516505e-05 0
674 1 1 108086400 129852711.95203041 -76595318.971815258 -178085.49629795935 13.108791083942469 25.165005516573981 0.87677797703123306 664.57793477178893 0.00011724207202839741 -1.6289433666248907e-05 -2.251935049936804e-05 0
675 1 1 108172800 130966470.15424249 -74410085.527677283 -102309.85410679433 12.671836699157884 25.417991645263196 0.87724617399050597 664.5776728435319 0.00011613364198129691 -1.8814942575748718e-05 -7.4605654893710206e-07 0
676 1 1 108259200 132042266.01735644 -72203283.182311758 -26504.573330126404 12.230044989579666 25.664270579469807 0.87746381758611691 664.57741535870218 0.00011260126938902589 -2.1395319953240827e-05 2.0957483424189815e-05 0
677 1 1 108345600 133079684.66463932 -69975495.346406147 49308.63608335871 11.783487227118242 25.90375176157535 0.8774294639026986 664.57715770599941 0.00010745422678242283 -2.3957774415913348e-05 4.2272014784453038e-05 0
678 1 1 108432000 134078317.44363348 -67727313.272800654 125107.93797001381 11.332236233861464 26.136344218491299 0.87714163486717445 664.57689352971761 0.00010171339738623886 -2.6437317401228091e-05 6.2858932883649819e-05 0
679 1 1 108518400 135037762.06229615 -65459336.092249103 200871.36707845502 10.876366420385658 26.361956564592614 0.87659882242770448 664.57661616673397 9.6018440545139107e-05 -2.8799464289969741e-05 8.2464333793476585e-05 0
680 1 1 108604800 135957622.72646484 -63172170.848941132 276576.82715238776 10.415953792439236 26.580497004809502 0.87579950562836051 664.57632018731613 9.068353538273451e-05 -3.104062394416464e-05 0.00010098683773909404 0
681 1 1 108691200 136837510.27855593 -60866432.535646819 352202.09073676047 9.9510759741361134 26.791873340616952 0.87474217177288449 664.57600184464127 8.5822183099140673e-05 -3.317381508558271e-05 0.00011847015568749005 0
682 1 1 108777600 137677042.33897388 -58542744.128183007 427724.80065442849 9.481812246715414 26.99599297966553 0.87342533276735357 664.57565880798393 8.1437879016642609e-05 -3.5218430710471453e-05 0.00013504277061174801 0
683 1 1 108864000 138475843.4513739 -56201736.618917085 503122.4725731159 9.0082435984500968 27.192762948315 0.87184753436136164 664.57528969611838 7.7489713629962445e-05 -3.7195778152541961e-05 0.00015087216484371488 0
684 1 1 108950400 139233545.23251876 -53844049.049089849 578372.49805193965 8.5304527803345369 27.382089906597766 0.87000735783814709 664.5748937165572 7.3930111564555315e-05 -3.9115639873284296e-05 0.0001661163805329926 0
685 1 1 109036800 139949786.52784356 -51470328.539357804 653452.1479592683 8.048524390046488 27.563880177865151 0.86790343335412989 664.57447009620125 7.1075186234552959e-05 -4.0815141362165329e-05 0.00018116577232680511 0
686 1 1 109123200 140624213.57679927 -49081230.316926762 728338.57947339199 7.5625450114476269 27.73803979371932 0.86553451454029384 664.57401642927414 6.9804389152025015e-05 -4.2002466902229616e-05 0.00019706375934993751 0
687 1 1 109209600 141256480.18471333 -46677417.741018437 803008.84507961443 7.0726031588195193 27.904474467979746 0.8628993795632276 664.5735306954474 6.885635065372835e-05 -4.3150822238870861e-05 0.00021287048213826314 0
688 1 1 109296000 141846247.88595366 -44259562.331572078 877439.88872401707 6.5787892681935807 28.063089595059576 0.85999676157998273 664.57301253741491 6.8121584869062639e-05 -4.4321921736313724e-05 0.00022866395566902185 0
689 1 1 109382400 142393186.1180912 -41828343.793702535 951608.54643135611 6.0811958601819871 28.21379031504858 0.85682542753641633 664.57246154464519 6.7562629188459473e-05 -4.5505683112871776e-05 0.00024444964253548867 0
690 1 1 109468800 142896972.40492791 -39384450.038230889 1025491.5488319577 5.5799176072316783 28.35648154606216 0.85338417194305327 664.57187735230752 6.7175437603161477e-05 -4.6692319698691788e-05 0.00026026915936932106 0
691 1 1 109555200 143357292.54540682 -36928577.1995188 1099065.5237718294 5.0750514020969018 28.491068015713559 0.84967182098092242 664.57125957539131 6.6947256119884356e-05 -4.7878225908518371e-05 0.00027614728462714924 0
692 1 1 109641600 143773840.80817041 -34461429.650508255 1172306.9988527244 4.5666964197230948 28.61745429410772 0.84568722622017189 664.57060794420545 6.6800799601076592e-05 -4.9080895843129405e-05 0.00029201501204783941 0
693 1 1 109728000 144146320.13151219 -31983720.014770895 1245192.4034173994 4.0549541839865109 28.735544831221432 0.84142926287084097 664.56992235739256 6.6705264677489892e-05 -5.0303652417879821e-05 0.00030784477261630203 0
694 1 1 109814400 144474442.32954907 -29496169.175065458 1317698.0709360396 3.5399286420011054 28.845243999417658 0.83689683750071164 664.56920276551705 6.6658191417938369e-05 -5.1542372967621064e-05 0.00032364067827060747 0
695 1 1 109900800 144757928.30451685 -26999506.278191648 1389800.2416735496 3.0217262311037008 28.946456136519444 0.83208888612467014 664.56844923841834 6.6658897253826302e-05 -5.2796581037579786e-05 0.00033941571535239757 0
696 1 1 109987200 144996508.26569399 -24494468.735701885 1461475.066275575 2.5004559820265078 29.039085603266116 0.82700442374090488 664.56766110414162 6.7463123444991494e-05 -5.3870917736265005e-05 0.00035642762720351962 0
697 1 1 110073600 145189921.96903154 -21981802.217444882 1532698.6370606669 1.9762299480901047 29.123036896634989 0.82164326037352697 664.56682423263101 7.3467868012371717e-05 -5.3999263383309604e-05 0.00038347875364964115 0
698 1 1 110160000 145337918.97601128 -19462260.638847731 1603447.0489525769 1.4491628602753321 29.198214621351195 0.81600524910821159 664.56592450848404 7.9941418862800739e-05 -5.4075326412424819e-05 0.00041187638354741235 0
699 1 1 110246400 145440258.8598122 -16936606.154307567 1673696.3486878544 0.91937185786660924 29.264523484658202 0.81008962127452921 664.56495974414588 8.6754511974322193e-05 -5.4168354244522815e-05 0.00044155925867493293 0
700 1 1 110332800 145496711.43780124 -14405609.141796919 1743422.5210058063 0.3869769522733062 29.321868431229806 0.80389571627649192 664.56392666846909 9.4076603099267153e-05 -5.4244136341653826e-05 0.00047285524379966307 0
701 1 1 110419200 145507057.02073771 -11870048.179239752 1812601.4910400696 -0.14789895202828471 29.370154715213634 0.7974228143764206 664.56282390290789 0.00010234213082312747 -5.4203179750445054e-05 0.00050660888811644299 0
702 1 1 110505600 145471086.69625616 -9330710.0145652443 1881209.2064493827 -0.68512900848909741 29.409287973815733 0.79067295303821505 664.56160218143589 0.00012388404216053764 -5.3942316954946446e-05 0.00057817974989548822 0
703 1 1 110592000 145388602.66851303 -6788389.5295153679 1949221.866480472 -1.224583247729768 29.439174296609263 0.78364843962751429 664.56020823615984 0.00014823892010368064 -5.3511556411204176e-05 0.00065856274920162664 0
704 1 1 110678400 145259418.48277313 -4243889.7008651141 2016615.8244694916 -1.7661285920153049 29.459720189760404 0.7763521479817429 664.55858005872551 0.00018731530993425119 -5.4409022635150028e-05 0.00078975229647591956 0
705 1 1 110764800 145083359.39120141 -1698021.5673880549 2083367.9408860626 -2.309627157485818 29.470832538080217 0.76879287189986545 664.55655261465927 0.000251305868422287 -5.8237488936472816e-05 0.0010111251526323155 0
706 1 1 110851200 144860262.74547195 848395.80937120726 2149456.0169166774 -2.8549369294596358 29.472418799426418 0.7609828558465116 664.55390142687475 0.00034127797478573978 -6.4729127204232821e-05 0.0013274871430205542 0
707 1 1 110937600 144589978.26239938 3394535.415853085 2214858.7306661047 -3.4019142600637662 29.464387552810262 0.75292792647236029 664.55051562522408 0.00043267354142431782 -6.9384559012547283e-05 0.0016450987831656231 0
708 1 1 111024000 144272368.11675125 5939562.3932484947 2279554.888572963 -3.9504138609781299 29.44664851471456 0.74462736405500407 664.54640033902342 0.00052491256736219368 -7.2885765296363855e-05 0.0019639519459270171 0
709 1 1 111110400 143907307.186313 8482634.1184659544 2343523.2527120165 -4.5002869909586796 29.419112262798773 0.73608073610207492 664.54155709820452 0.00061636545287477589 -7.5727290876152309e-05 0.0022799860019268232 0
710 1 1 111196800 143494683.34537739 11022900.28523423 2406742.5332365707 -5.051381506903712 29.381690388063909 0.72728735361202057 664.5359933230468 0.00070666975537976627 -7.8292655475710441e-05 0.0025926400084956198 0
711 1 1 111283200 143034397.76700082 13559502.996882075 2469191.3816205482 -5.6035416971295033 29.334295616340775 0.718246548948134 664.52971738596671 0.00079560872998581025 -8.0869605776309297e-05 0.0029014621199013758 0
712 1 1 111369600 142526365.23445487 16091576.869733946 2530848.3924342319 -6.1566082080538411 29.276841932412875 0.70895768027580297 664.52273854400164 0.00088316215900093975 -8.3669923504851829e-05 0.0032063587390478774 0
713 1 1 111456000 141970514.46126601 18618249.147454727 2591692.1131423186 -6.7104179043379295 29.209244710439791 0.69942035629029919 664.5150629685163 0.00097017141213087969 -8.6804038750164662e-05 0.0035097030368060477 0
714 1 1 111542400 141366788.4209058 21138639.826605875 2651701.0669677001 -7.2648038520256621 29.131420838556167 0.68963431386708907 664.50669598145464 0.0010561041450145013 -9.0451739339967671e-05 0.0038097329047867162 0
715 1 1 111628800 140715144.67255193 23651861.792752381 2710853.7496346701 -7.8195953335780573 29.04328884523968 0.67959921060312733 664.4976458159091 0.0011408795330530332 -9.4738082192361275e-05 0.0041059645553762746 0
716 1 1 111715200 140015555.69208243 26157020.968194202 2769128.627582001 -8.3746177672420536 28.944769038517848 0.669314698556572 664.48792234852681 0.001224294751583855 -9.9761380738465192e-05 0.0043973585666027722 0
717 1 1 111801600 139268009.20791608 28653216.471786492 2826504.13669746 -8.9296926541947315 28.835783647044192 0.65878043534818997 664.47753696655275 0.0013063543005652192 -0.00010560420451612444 0.0046835772125948067 0
718 1 1 111888000 138472508.54174405 31139540.79106465 2882958.6845483459 -9.4846375360521797 28.71625696342624 0.64799609417375503 664.46650248577259 0.0013868312949412989 -0.00011236219054730403 0.004963661484989077 0
719 1 1 111974400 137629072.95190117 33615079.966969006 2938470.6504487493 -10.039265955944904 28.586115494326094 0.63696136189481212 664.4548332654939 0.0014657158317920992 -0.00012009550324796006 0.0052372358373037643 0
720 1 1 112060800 136737737.98131505 36078913.791912585 2993018.3891014368 -10.593387406911477 28.445288117556704 0.62567598235386757 664.44254451291715 0.001542999861986586 -0.00012885300462719978 0.0055039368123790903 0
721 1 1 112147200 135798555.80982494 38530116.021579087 3046580.2386334292 -11.146807267737229 28.293706243747138 0.61413985740697785 664.42965057125036 0.0016190824921329394 -0.00013865697558420651 0.0057646449826816853 0
722 1 1 112233600 134811595.61112449 40967754.600877158 3099134.5351646347 -11.699326794195901 28.131303980956581 0.60235299391268671 664.41616595272455 0.0016936970377888631 -0.00014954866105510977 0.0060182350601353882 0
723 1 1 112320000 133776943.90783633 43390891.904263303 3150659.6154166674 -12.250743125308807 27.95801830481166 0.590315418112899 664.40210695117275 0.0017668368715198302 -0.00016154042898201042 0.006264360151744296 0
724 1 1 112406400 132694704.92882092 45798584.991081081 3201133.8211499928 -12.800849257146947 27.77378923373432 0.57802721017734138 664.38749112474204 0.0018383101216479514 -0.00017466414480307805 0.0065021993388334788 0
725 1 1 112492800 131565000.9672769 48189885.876153991 3250535.5030345093 -13.349434031954836 27.57856000899087 0.56548850910834203 664.37233730797743 0.0019081038987009515 -0.00018892426816839137 0.0067314627820306543 0
726 1 1 112579200 130387972.74072328 50563841.816311732 3298843.028236778 -13.896282118104805 27.372277281929239 0.55269955888813138 664.35666488487175 0.0019762028940538637 -0.00020431729736633382 0.0069518810092261164 0
727 1 1 112665600 129163779.7517153 52919495.613223441 3346034.7899197652 -14.441174008147312 27.154891304716251 0.53966072061146431 664.34049367120781 0.0020426235902917329 -0.00022082948731676577 0.0071632900205718291 0
728 1 1 112752000 127892600.6484023 55255885.932912834 3392089.2177106775 -14.9838860276401 26.926356125471088 0.52637247495384387 664.323843974223 0.0021073141749663759 -0.00023844583828838014 0.0073653847496258883 0
729 1 1 112838400 126574633.58378139 57572047.642314523 3436984.7878021519 -15.524190352388 26.686629787945275 0.51283542158017614 664.3067367093189 0.0021702373417513496 -0.00025714276394581776 0.0075579262610265584 0
730 1 1 112924800 125210096.573414 59867012.163306952 3480700.0336531363 -16.061855029102709 26.435674536173231 0.49905028798213918 664.28919334572879 0.0022313608788993534 -0.00027688933739979788 0.0077407199751419794 0
731 1 1 113011200 123799227.85176055 62139807.84462139 3523213.5596853988 -16.596643979225448 26.173457023706806 0.48501801239369968 664.27123453275078 0.0022909678424918129 -0.00029764388916864762 0.0079145417387825774 0
732 1 1 113097600 122342286.22753476 64389460.351962455 3564504.0614102152 -17.128317041571627 25.899948525225657 0.47073974033571253 664.25288027341526 0.0023489291526510138 -0.00031937958373777899 0.0080790244129384063 0
733 1 1 113184000 120839551.43237527 66614993.076561578 3604550.3372805892 -17.656630062694074 25.615125153045991 0.45621669642090068 664.23415231026638 0.0024049334959875325 -0.00034204614149044483 0.0082331839721672077 0
734 1 1 113270400 119291324.46337429 68815427.562712967 3643331.2952887476 -18.181334944379731 25.318968078606098 0.44145021156765385 664.21507374157409 0.0024589189668845941 -0.00036559085504021116 0.008376873292106778 0
735 1 1 113356800 117697927.92224666 70989783.954502359 3680825.9659471605 -18.70217968956981 25.011463755760872 0.42644179195374254 664.1956679067307 0.0025108159843981845 -0.00038995649289643358 0.0085099609220907133 0
736 1 1 113443200 116059706.34896523 73137081.461975843 3717013.5175535297 -19.218908478588254 24.692604147355379 0.41119312211223791 664.17595843844686 0.0025605474837254363 -0.00041508165492994934 0.0086323296071840958 0
737 1 1 113529600 114377026.54842602 75256338.847000495 3751873.271898469 -19.731261754457261 24.362386954430779 0.39570607176360895 664.15596924821455 0.0026080283929879296 -0.00044090118170555181 0.0087438753914112211 0
738 1 1 113616000 112650277.90934864 77346574.929029495 3785384.7207492464 -20.238976316618082 24.020815847709514 0.37998270909895349 664.13572439563711 0.0026531988212165408 -0.00046734648739517288 0.0088446015026571456 0
739 1 1 113702400 110879872.71479982 79406809.110948205 3817527.5440211082 -20.741785421725492 23.667900700830046 0.36402532489143569 664.11524776200622 0.0026960294707643433 -0.00049434745941885183 0.0089346286672682493 0
740 1 1 113788800 109066246.4429775 81436061.925133571 3848281.6285013496 -21.239418913946331 23.303657825028349 0.34783640573745983 664.09456363422942 0.0027362869794845695 -0.00052183094700335663 0.0090135399197815731 0
741 1 1 113875200 107209858.05596128 83433355.599845007 3877627.0835244735 -21.731603360671251 22.928110204961499 0.33141862554686097 664.0736969606354 0.0027738507354315958 -0.00054972043250259891 0.009081270700476169 0
742 1 1 113961600 105311190.27729672 85397714.646012023 3905544.2589501813 -22.218062185407003 22.541287734928044 0.31477487905287344 664.05267285172351 0.0028085910988507271 -0.00057793748182299019 0.0091377661559600819 0
743 1 1 114048000 103370749.85698986 87328166.464426786 3932013.7644254714 -22.698515823479898 22.143227454899559 0.29790828611566089 664.03151660174558 0.0028403697599331773 -0.00060640216300407901 0.0091829798105500533 0
744 1 1 114134400 101389067.82252729 89223741.973304883 3957016.4890909339 -23.172681889915886 21.733973785874813 0.2808221975929342 664.01025367914644 0.0028690398064691687 -0.00063503335914448403 0.0092168730382896011 0
745 1 1 114220800 99366699.71482493 91083476.256128788 3980533.6217836179 -23.64027536047832 21.313578763945948 0.26352020095879208 663.98890971824596 0.0028944459248236715 -0.00066374907214621049 0.0092394144858813365 0
746 1 1 114307200 97304225.807957232 92906409.229636669 4002546.6717135715 -24.101008766129635 20.882102272431016 0.24600612564841115 663.96751051205524 0.0029164247111897793 -0.00069246669176931184 0.0092505796018604418 0
747 1 1 114393600 95202251.311495885 94691586.331759408 4023037.4895900222 -24.554592401160839 20.439612271395241 0.22828404811939954 663.9460820059262 0.0029348050849550048 -0.00072110322104637311 0.0092503502473998758 0
748 1 1 114480000 93061406.554268032 96438059.229249656 4041988.2891721409 -25.000734545203834 19.98618502385002 0.21035829661695929 663.92465029176321 0.0029494088063706692 -0.00074957546251430576 0.0092387143845930539 0
749 1 1 114566400 90882347.148326099 98144886.544684842 4059381.6692183143 -25.439141699307413 19.521905317884734 0.19223345563155164 663.90324160248952 0.0029600511255978667 -0.00077780015556173953 0.0092156658757316171 0
750 1 1 114652800 88665754.131908014 99811134.602458209 4075200.6358069722 -25.869518836219029 19.046866683955276 0.1739143700410645 663.88188230637172 0.0029665415747688918 -0.00080569406499421815 0.0091812044105977538 0
751 1 1 114739200 86412334.090155303 101435878.19330573 4089428.6250013472 -26.291569664974631 18.561171606522212 0.1554061489278685 663.86059890080776 0.0029686849160093084 -0.00083317400464040796 0.0091353355198725422 0
752 1 1 114825600 84122819.252350673 103018201.35684486 4102049.5258289636 -26.704996909851836 18.064931729203227 0.13671416904081532 663.83941800548439 0.0029662822770966045 -0.00086015679986696503 0.0090780705342554061 0
753 1 1 114912000 81797967.564405367 104557198.18153006 4113047.7034800756 -27.109502604378729 17.558268052669742 0.1178440763163887 663.81836638341838 0.0029591321818145284 -0.00088655918352632975 0.0090094277827784553 0
754 1 1 114998400 79438562.735643238 106051973.6213132 4122408.0234263414 -27.504788389412347 17.041311122851514 0.098801812845478829 663.79747049090452 0.0029471538205277678 -0.000912314997151502 0.0089297369143213918 0
755 1 1 115084800 77045414.25900875 107501644.32819815 4130115.8773155315 -27.890555840229393 16.514201211879563 0.079593605800485412 663.77675670882672 0.0029300748235490818 -0.00093733290926342522 0.0088388454384458227 0
756 1 1 115171200 74619357.401571587 108905339.50011864 4136157.205800835 -28.266506814658197 15.977088490099014 0.060225938831257611 663.75625188390188 0.002907658301222952 -0.00096152326178600297 0.0087366940024063092 0
757 1 1 115257600 72161253.165352136 110262201.74308234 4140518.5214313902 -28.632343797088335 15.430133184718347 0.040705568906271757 663.73598303475967 0.0028797084525032809 -0.00098479981520401905 0.0086233243053585942 0
758 1 1 115344000 69671988.217679963 111571387.94652444 4143186.932601525 -28.987770260527384 14.873505726942486 0.02103953180500661 663.71597725376012 0.0028460367270056312 -0.0010070743408908641 0.0084987882091205995 0
759 1 1 115430400 67152474.789980114 112832070.17077063 4144150.1684959009 -29.332491030599073 14.307386884221371 0.0012351699885985326 663.69626117722112 0.0028066294935450487 -0.0010282830914650008 0.0083634953022741661 0
760 1 1 115516800 64603650.54429666 114043436.54536338 4143396.6058714576 -29.666212681739648 13.73196788143802 -0.01869988126980229 663.67686121833276 0.0027612303618181518 -0.0010483205420160227 0.0082173197691216334 0
761 1 1 115603200 62026478.40385025 115204692.17741723 4140915.2921025553 -29.988643957610929 13.147450509338432 -0.038757732640846296 663.65780425156674 0.0027096180204047148 -0.0010670768150883453 0.0080601921895546557 0
762 1 1 115689600 59421946.348255508 116315060.06843966 4136695.9680081704 -30.299496172381851 12.554047212304861 -0.058930215738887903 663.63911709359695 0.0026517231267003004 -0.0010844574469777283 0.0078923159075988021 0
763 1 1 115776000 56791067.173317857 117373782.03805646 4130729.0922599933 -30.598483637648172 11.9519811616639 -0.079208887324087124 663.62082651799449 0.0025873825085062753 -0.0011003435298125779 0.0077137042811811505 0
764 1 1 115862400 54134878.213992991 118380119.65300782 4123005.8673019973 -30.88532406804768 11.341486299150949 -0.099584944580388968 663.60295764569844 0.0025169512226277824 -0.0011147668679054384 0.0075256567202295326 0
765 1 1 115948800 51454441.031377666 119333355.15937035 4113518.2705607796 -31.15973905275899 10.722807382174466 -0.12004930334932308 663.5855352565851 0.0024399795624037435 -0.0011274685299804165 0.0073272055537914249 0
766 1 1 116035200 48750841.055702701 120232792.4187922 4102259.0713663013 -31.421454543537575 10.09620001184204 -0.14059269191397561 663.5685853784687 0.0023564542907668824 -0.0011383059086315897 0.0071184901341860059 0
767 1 1 116121600 46025187.191291355 121077757.84477292 4089221.8519823886 -31.670201284547016 9.4619306181784193 -0.16120556458356133 663.55213359408856 0.0022664129793388962 -0.0011471253785913264 0.0068996925752947734 0
768 1 1 116208000 43278611.382484421 121867601.33727209 4074401.0315646133 -31.905715273800908 8.8202764323144436 -0.18187808915337927 663.53620465775009 0.0021700662735338419 -0.00115379215870764 0.0066712801470423166 0
769 1 1 116294400 40512268.139447935 122601697.2139442 4057791.8912150613 -32.127738238980449 8.1715254384438598 -0.20260015297864312 663.52082244157816 0.0020675410206316869 -0.0011581178816372595 0.0064334359547450438 0
770 1 1 116380800 37727334.021624252 123279445.13652645 4039390.5962546966 -32.336018134802792 7.5159763078472448 -0.22336140587795816 663.50601055061247 0.0019589366830122571 -0.0011598630228737848 0.0061861701857212712 0
771 1 1 116467200 34925007.078643553 123900271.03037864 4019194.2160706758 -32.530309626745471 6.853938305029347 -0.24415126609990292 663.49179223499289 0.0018445438849980025 -0.0011587960992689335 0.0059297747275284538 0
772 1 1 116553600 32106506.251485221 124463627.99417163 3997200.74774731 -32.710374520141052 6.1857311506317831 -0.26495881388657061 663.4781881646395 0.0017253541492304586 -0.0011548695312520992 0.0056658053042489128 0
773 1 1 116640000 29273070.735934298 124968997.19661415 3973409.1481088023 -32.875982243306844 5.5116848701932115 -0.28577277731524986 663.46521595873287 0.0016018268191922422 -0.0011478743542276243 0.0053947956603007394 0
774 1 1 116726400 26425959.298890017 125415888.7609427 3947819.3557220367 -33.026910427715791 4.8321396585929106 -0.30658173977763187 663.45289382192198 0.0014738898423376154 -0.0011372512127181674 0.0051157186822366266 0
775 1 1 116812800 23566449.547568996 125803842.63607757 3920432.2996550403 -33.162945389358491 4.1474456900975385 -0.32737415910261758 663.44124060940351 0.0013422121232616988 -0.0011226428341424919 0.0048289828831466599 0
776 1 1 116899200 20695837.162098348 126132429.4480094 3891249.9179932228 -33.283882528563709 3.4579628649868104 -0.34813820422923081 663.43027250519197 0.0012079675460083567 -0.0011038117285259513 0.004535818407128204 0
777 1 1 116985600 17815435.089984138 126401251.32959968 3860275.1821070178 -33.389526831722307 2.7640605714192352 -0.36886182221818808 663.42000400357517 0.0010717498284281738 -0.0010801963057351944 0.0042360349826014963 0
778 1 1 117072000 14926572.695439311 126609942.72952449 3827512.1108340952 -33.479693364751647 2.0661174211877316 -0.3895328038201481 663.41044885643316 0.00093465708830967791 -0.0010513240787429227 0.0039302071835290407 0
779 1 1 117158400 12030594.870533057 126758171.19561757 3792965.7872608304 -33.554207693807179 1.3645209330507924 -0.41013872034302773 663.40161861204717 0.00079804612999997591 -0.0010167188748666093 0.0036191476093592927 0
780 1 1 117244800 9128861.1089535262 126845638.13014723 3756642.3781374008 -33.612906325201806 0.65966719739833779 -0.430666914092667 663.39352218936642 0.00066346942006344938 -0.00097590423242148374 0.0033038620298119336 0
781 1 1 117331200 6222744.5422449624 126872079.51481614 3718549.1543146335 -33.65563713012979 -0.048039490068209734 -0.45110448055811092 663.38616532689082 0.00053277823616323255 -0.00092844461000643854 0.0029856749558708163 0
782 1 1 117417600 3313630.940198502 126837266.60271706 3678694.5132219843 -33.682259753086214 -0.75818702606357979 -0.47143824327421974 663.37954993931328 0.00040806554376470475 -0.00087394619782130557 0.0026661551999098252 0
783 1 1 117504000 402917.67626970931 126741006.57530797 3637088.0014768159 -33.692646012381935 -1.4703559060317581 -0.49165479182567168 663.37367467362344 0.00029161707036224141 -0.00081181277207786862 0.0023463483931044776 0
784 1 1 117590400 -2507987.3418747042 126583143.16381924 3593740.3319331948 -33.686680312944056 -2.1841196501728404 -0.51174054520958923 663.36853607038097 0.00018558866269568594 -0.00074140187071455616 0.0020272158439150001 0
785 1 1 117676800 -5417666.7772339368 126363557.23207882 3548663.3973912033 -33.664260036252109 -2.8990452683436452 -0.53168176881273865 663.36412898643721 9.2436598250547578e-05 -0.00066210900506085877 0.0017099907854903776 0
786 1 1 117763200 -8324694.9982388569 126082167.31596375 3501870.2889588512 -33.625295840278682 -3.614693818848322 -0.55146440228817606 663.36044366132023 1.5418746236557929e-05 -0.00057433028687945862 0.0013986261754758305 0
787 1 1 117849600 -11227639.237153174 125738930.10950026 3453375.3383959485 -33.569711929423683 -4.330621078021605 -0.5710737126148312 663.35745982676053 -4.1967164831748348e-05 -0.00048024558548128283 0.0011008613686190041 0
788 1 1 117936000 -14125060.776816007 125333840.8817715 3403194.2089007096 -33.497446488359884 -5.0463785965915138 -0.59049326653000611 663.35512822242742 -7.8823570089433791e-05 -0.00039050812805990808 0.00084123059856231798 0
789 1 1 118022400 -17015516.211260401 124866933.68863587 3351344.2947226758 -33.408453136146377 -5.7615179505715872 -0.60969776261805986 663.35323452303794 -0.00010714928337308521 -0.0003535096807150792 0.00071603645959144452 0
790 1 1 118108800 -19897558.824108597 124338281.36565736 3297845.3921710197 -33.302701452049718 -6.4755881689015684 -0.628660928458317 663.35154225406768 -0.00012946377778897531 -0.00033765182330373992 0.00064431806082298018 0
791 1 1 118195200 -22769739.928855412 123747996.00127488 3242719.1794184167 -33.180176216248896 -7.188132286625974 -0.64736401768990315 663.34995178299687 -0.0001448767562827938 -0.00033637885223826745 0.00060728361700130705 0
792 1 1 118281600 -25630610.193270158 123096229.31755216 3185988.841203738 -33.04087786584936 -7.8986898181834846 -0.66579109763343303 663.34841288580822 -0.0001581856988999836 -0.00033870732016058966 0.00057891756252029529 0
793 1 1 118368000 -28478721.016008873 122383172.95621939 3127678.816872451 -32.884822815700907 -8.6067974613495046 -0.68392864092290362 663.34691564743855 -0.00016999052492319296 -0.00034126467988092427 0.00055204568286048835 0
794 1 1 118454400 -31312625.893034011 121609058.65260291 3067814.6887296569 -32.712043195141703 -9.3119906385439641 -0.70176351494004818 663.34545457932143 -0.00017957168440776113 -0.00034539643095393924 0.00052900780848498584 0
795 1 1 118540800 -34130881.77644483 120774158.29602319 3006423.186277993 -32.522586899527518 -10.013804576769257 -0.71928226640823234 663.34401520761628 -0.00018639498300126122 -0.00035366874332667334 0.0005136196790252285 0
796 1 1 118627200 -36932050.448478021 119878783.92842418 2943532.1908397046 -32.316517920914933 -10.711774552379561 -0.73647195405412869 663.34258791046523 -0.00019285410339628075 -0.00036199076966212653 0.00049805939400456001 0
797 1 1 118713600 -39714699.921533696 118923287.72910799 2879170.6595946299 -32.09391643349052 -11.405436394095739 -0.75332043552989814 663.34117263627331 -0.00019885996898699447 -0.00037044079216723191 0.00048246724304261196 0
798 1 1 118800000 -42477405.826801255 117908061.91899982 2813368.5903370613 -31.854878626456731 -12.094327495041879 -0.76981577496522091 663.33976852541207 -0.00020438314400141708 -0.00037897992495933064 0.00046681046737378172 0
799 1 1 118886400 -45218752.798382021 116833538.59697142 2746157.000185986 -31.599516705498608 -12.777987478165729 -0.78594631486742583 663.33837479220517 -0.00020939070567796284 -0.00038760459441979382 0.00045110405862364416 0
800 1 1 118972800 -47937335.855000973 115700189.51704392 2677567.9008465358 -31.327958836004768 -13.455958893642405 -0.80170069237527319 663.33699069418662 -0.00021375800792131577 -0.00039634298041921673 0.00043540762601379903 0
801 1 1 119059200 -50631761.77344472 114508525.80380729 2607634.2745251316 -31.040348997959274 -14.127787965910429 -0.81706778887952125 663.33561449582248 -0.00021675563702748191 -0.00040586727473833611 0.00042061755957924132 0
802 1 1 119145600 -53300650.449645504 113259097.60420495 2536390.0527492967 -30.736846896917552 -14.793025270491139 -0.83203678057026387 663.33424383300076 -0.00021879634894879035 -0.00041597488398959669 0.00040631881377984274 0
803 1 1 119232000 -55942636.255765066 111952493.68623151 2463870.0839988347 -30.417627898097187 -15.451226334102902 -0.84659727351950476 663.33287741082427 -0.00022044237185728168 -0.00042619817903360177 0.00039185613731899807 0
804 1 1 119318400 -58556369.383989416 110589340.9816595 2390110.0965489098 -30.082882791618538 -16.101952332059103 -0.8607392839077137 663.33151453601647 -0.00022169538502747073 -0.00043653088302454777 0.00037723226958933992 0
805 1 1 119404800 -61140517.166918747 109170304.06709057 2315146.6650771475 -29.73281751313975 -16.744770791432071 -0.8744532054980837 663.33015444002433 -0.00022251243773128699 -0.00044697137369756307 0.00036246062252411591 0
806 1 1 119491200 -63693765.374674283 107696084.58679497 2239017.1772495373 -29.367652873706078 -17.379256245599308 -0.88772982790855948 663.32879633386733 -0.0002228644936886871 -0.00045751920448989445 0.00034755027756356384 0
807 1 1 119577600 -66214819.487225227 106167420.61950758 2161759.7988647763 -28.987624254476355 -18.004990876649565 -0.90056035155165859 663.32743941150397 -0.00022269860353891856 -0.00046818022840133165 0.00033250819541742798 0
808 1 1 119664000 -68702405.938310206 104585085.99023283 2083413.4378326901 -28.592981251932567 -18.621565146958151 -0.9129363990857754 663.32608285073456 -0.00022178708587176788 -0.00047903077080726781 0.00031736634528841084 0
809 1 1 119750400 -71155273.32752718 102949889.52831119 2004017.7071483317 -28.183987308739511 -19.22857840642472 -0.92485002959054452 663.32472580365743 -0.00022013571401414544 -0.00049007072589062094 0.00030210456037253411 0
810 1 1 119836800 -73572193.601002634 101262674.27459642 1923612.8864060456 -27.760919347083181 -19.825639465639039 -0.9362937558270723 663.32336739333311 -0.00021800548569437123 -0.00050119905645536591 0.00028667742596241789 0
811 1 1 119923200 -75951963.197990566 99524316.639726311 1842239.8821558615 -27.324067335177542 -20.412367159330653 -0.94726055272876641 663.32200670890404 -0.00021541627946013598 -0.00051240231747443727 0.0002710872906809332 0
812 1 1 120009600 -78293404.15719378 97735725.514154956 1759940.1877618721 -26.873733804765696 -20.988390893055346 -0.95774386317575633 663.32064281027317 -0.00021235712029841239 -0.0005236710722688468 0.00025533658739274165 0
813 1 1 120096000 -80595365.181280568 95897841.332462981 1676755.8425981498 -26.410233362140847 -21.553351156418746 -0.96773760644037143 663.31927473889868 -0.00020882612594758145 -0.00053499239471179513 0.0002394277420441685 0
814 1 1 120182400 -82856722.658149555 94011635.094513267 1592729.3905757573 -25.933892175221938 -22.106900008718455 -0.97723618522281941 663.31790152021347 -0.00020482374392430955 -0.00054635072392217462 0.00022336384708031743 0
815 1 1 120268800 -85076381.636831477 92078107.345885307 1507903.8381189727 -25.445047436982541 -22.648701535666476 -0.98623449133172625 663.31652216693328 -0.00020035592390539879 -0.00055772783404011241 0.0002071506188315376 0
816 1 1 120355200 -87253276.75610055 90098287.120157376 1422322.6117032091 -24.944046807174114 -23.178432275698302 -0.99472791031473751 663.31513568820151 -0.00019541321388931126 -0.00056910764951929405 0.00019079048775241052 0
817 1 1 120441600 -89386373.123531431 88073230.845485494 1336029.5149419333 -24.431247820568576 -23.69578162185033 -1.0027123279170469 663.31374107927343 -0.00018981035119987113 -0.00058056242200575506 0.00017424861015237356 0
818 1 1 120528000 -91474667.142455474 86004021.217680067 1249068.6850685077 -23.907017282097108 -24.200452190977437 -1.01018413623457 663.31233727355152 -0.00018342839570828701 -0.00059214869872911485 0.00015748166473288357 0
819 1 1 120614400 -93517187.287772894 83891766.043709978 1161484.5492804875 -23.371730689898232 -24.692160136957394 -1.0171402292078311 663.31092318628055 -0.00017652598158263391 -0.00060371947656223906 0.00014053296907685269 0
820 1 1 120700800 -95512994.831289083 81737597.059657291 1073321.7816755618 -22.825771623830086 -25.170635440364766 -1.0235779980314841 663.30949775360307 -0.00016915470907806127 -0.0006152430731380153 0.00012342572664858335 0
821 1 1 120787200 -97461184.511646464 79542668.724015802 984625.26020580367 -22.269531092156409 -25.635622179692866 -1.0294953325260927 663.30805990322176 -0.00016133172022348222 -0.00062669585054788129 0.00010617772832632838 0
822 1 1 120873600 -99360885.148409203 77308156.9896207 895440.02368959796 -21.703406889522839 -26.086878757044381 -1.0348906184654598 663.30660857598798 -0.00015308890226077551 -0.00063805405018655607 8.8815439920471873e-05 0
823 1 1 120960000 -101211260.2002963 75035258.057629853 805811.22907259199 -21.127802941191085 -26.524178091090171 -1.0397627361099646 663.30514274478332 -0.00014427515260099222 -0.00064945392928391266 7.1313670249984718e-05 0
824 1 1 121046400 -103011508.26356396 72725187.111013114 715784.10809609166 -20.543128560084675 -26.947307934913756 -1.0441110786345615 663.3036591055178 -0.0001338057768833984 -0.00066286015055972672 5.3401392408156702e-05 0
825 1 1 121132800 -104760863.5097184 70379177.02836971 625403.92282414436 -19.949797870036786 -27.356070844000232 -1.0479355433594899 663.30215417800298 -0.00012257077224871903 -0.00067638371834382433 3.5099257845794287e-05 0
826 1 1 121219200 -106458596.07943641 67998477.113190219 534715.9235853242 -19.348229239162336 -27.750284111508822 -1.0512365037120925 663.30062650553896 -0.00011065874263180327 -0.00068998317496154538 1.6422364247791186e-05 0
827 1 1 121305600 -108104012.41725256 65584351.811150774 443765.30816870875 -18.738844554563205 -28.12977993475122 -1.054014802011912 663.2990751016797 -9.7974450386358058e-05 -0.00070368612373602948 -2.6685254363022721e-06 0
828 1 1 121392000 -109696455.54376523 63138079.40375986 352597.17919773015 -18.122068455819225 -28.494406021146656 -1.0562718216213998 663.29748984551634 -8.2925760531827412e-05 -0.00072534754769099921 -2.3291015582072319e-05 0
829 1 1 121478400 -111235305.26085529 60660950.654754132 261256.49383921624 -17.498327629353149 -28.844025546565906 -1.058009542400256 663.29585163848651 -6.4524375231048552e-05 -0.00075550484936515194 -4.6500045004529771e-05 0
830 1 1 121564800 -112719978.30555208 58154267.494697958 169788.0129648514 -16.868050267939424 -29.178517078216494 -1.0592305513965834 663.29413220005199 -4.1857550821124006e-05 -0.00080636893214917861 -7.4629441279910162e-05 0
831 1 1 121651200 -114149928.44036271 55619341.553857036 78236.226418155828 -16.231664988509657 -29.497778687039961 -1.0599387703016541 663.29222218048676 -6.8276357443124109e-06 -0.00094465042715658398 -0.00012096051855182649 0
832 1 1 121737600 -115524646.41443491 53057491.989846759 -13354.863955037616 -15.58959904238305 -29.801740289280538 -1.0601421014777943 663.2897142357383 5.767338073440749e-05 -0.0013326077464350047 -0.00022177245428724841 0
833 1 1 121824000 -116843659.7925182 50470043.137065217 -104942.07308704944 -14.942277406883601 -30.090344053398947 -1.0598504200639742 663.28622872497363 0.00016346763424162795 -0.0017774460505079099 -0.00036363067757658673 0
834 1 1 121910400 -118106532.78292045 47858324.594476879 -196483.0148768595 -14.290123531907758 -30.363529531444321 -1.0590725649438557 663.28166500378711 0.00030916052503137347 -0.0022421942236126166 -0.00054220478241465478 0
835 1 1 121996800 -119312866.137293 45223670.698596708 -287936.062170755 -13.633559828396615 -30.621247915309329 -1.0578172735900029 663.27595893069599 0.00049121535665076581 -0.0027123572698379075 -0.00075381119142845193 0
836 1 1 122083200 -120462297.04058968 42567419.454813115 -379260.34044146951 -12.973007138497808 -30.863463267618631 -1.0560932586858789 663.26906038194659 0.00070697040206414447 -0.0031836834357661563 -0.00099615924823611172 0
837 1 1 122169600 -121554498.94711682 39890911.396004863 -470415.73116809205 -12.308884086886719 -31.090153020257137 -1.0539093138374593 663.26092184416495 0.0009544402196025913 -0.0036540675770188398 -0.0012673819561741084 0
838 1 1 122256000 -122589181.36246258 37195488.428330906 -561362.88101729809 -11.641606469424531 -31.301307946446638 -1.0512743689104989 663.25149505748243 0.0012323624695960696 -0.0041231776221391375 -0.0015661966715048404 0
839 1 1 122342400 -123566089.57750408 34482492.691444442 -652063.21199532354 -10.971586799001477 -31.496931744789258 -1.0481974064125428 663.24073441269934 0.0015383641587086701 -0.0045874704110071664 -0.0018898940984986333 0
840 1 1 122428800 -124485004.36679919 31753265.461640507 -742478.92187390733 -10.299233845633584 -31.677040716714316 -1.0446874234274908 663.22859813307855 0.0018710335287106309 -0.0050463131475767965 -0.0022368241655896437 0
841 1 1 122515200 -125345741.64402233 29009146.070265017 -832572.9863920951 -9.6249521968592173 -31.841663465922675 -1.0407533979020371 663.21504873378433 0.0022278965271788223 -0.0054964130558300336 -0.0026039992483842434 0
842 1 1 122601600 -126148152.08470458 26251470.862370174 -922309.15326849651 -8.9491418464961612 -31.990840508547866 -1.0364042424286974 663.20005458184585 0.0026074800249900267 -0.0059366941293988789 -0.0029894569252566618 0
843 1 1 122688000 -126892120.70668933 23481572.17178962 -1011651.9411709347 -8.2721976876419347 -32.124624133552892 -1.0316488965409227 663.18358590389869 0.0030087426024534231 -0.0063666882670091957 -0.0033916413086980189 0
844 1 1 122774400 -127577566.41158071 20700777.317746926 -1100566.6427966247 -7.5945091145547012 -32.243078067707977 -1.0264963348859508 663.16561438039707 0.0034305644188979559 -0.0067858715197067192 -0.0038089722852235933 0
845 1 1 122860800 -128204441.49575013 17910407.635073274 -1189019.3258328612 -6.9164597137673862 -32.346277029859138 -1.0209555080553017 663.14611498144154 0.0038713651548983588 -0.0071929193888176984 -0.0042393568482160552 0
846 1 1 122947200 -128772731.13485265 15111777.542615231 -1276976.8293249195 -6.2384269276115685 -32.434306347595907 -1.0150353315999989 663.12506608829335 0.004330133163662344 -0.0075873600255767044 -0.0046812844898965721 0
847 1 1 123033600 -129282452.83741294 12306193.640090697 -1364406.7623790745 -5.5607817115309812 -32.507261626310566 -1.0087447136533019 663.10244825541997 0.0048058578496788708 -0.0079687994722539256 -0.0051333023819241704 0
848 1 1 123120000 -129733655.87019171 9494953.8345614988 -1451277.5050895775 -4.8838881904267337 -32.56524843789412 -1.002092611024981 663.07824218210419 0.0052983628745036388 -0.0083379626707534293 -0.005594851083052175 0
849 1 1 123206400 -130126420.65620598 6679346.4964981833 -1537558.2127157389 -4.2081034377863116 -32.608381853524605 -0.99508797697233298 663.05243020950343 0.0058061735276757698 -0.008693682293125421 -0.0060640120927080311 0
850 1 1 123292800 -130460858.15937144 3860649.6625834974 -1623218.8105032833 -3.5337772932163882 -32.6367859654016 -0.9877396967266957 663.02499811832683 0.0063284724299308781 -0.0090358335040951736 -0.0065396145809292292 0
851 1 1 123379200 -130737109.24664247 1040130.2687213806 -1708229.9911909213 -2.8612520773561152 -32.650593582356883 -0.9800566557288849 662.99593262981659 0.0068647425075136588 -0.0093646423202912669 -0.0070208130201223603 0
852 1 1 123465600 -130955344.02872424 -1780956.5866493313 -1792563.2158928879 -2.1908623768942714 -32.649945843331274 -0.97204775494739315 662.9652207070302 0.0074145409688552346 -0.00968038917380264 -0.007506855948157384 0
853 1 1 123552000 -131115761.18585862 -4601368.3427174538 -1876190.7135816915 -1.522934927081081 -32.634991744917343 -0.96372184974387898 662.93285116291997 0.0079767237841404642 -0.0099825448013193332 -0.0079962930936878836 0
854 1 1 123638400 -131218587.28482264 -7419875.6353687122 -1959085.4748642968 -0.85778847989600648 -32.605887715339414 -0.95508772568898115 662.89881511002352 0.0085506739333277241 -0.010271206056707069 -0.0084882287056965555 0
855 1 1 123724800 -131264076.08134039 -10235262.924298901 -2041221.2478743251 -0.19573363795270968 -32.562797254055361 -0.94615413105189838 662.86310469425189 0.0091357961419477069 -0.010546490269709535 -0.0089818037029893421 0
856 1 1 123811200 -131252507.81137833 -13046329.086307941 -2122572.5345742842 0.4629272487813535 -32.505890523649818 -0.93692976592659816 662.82571316150188 0.0097315148308170403 -0.010808528668998013 -0.0094761894980927089 0
857 1 1 123897600 -131184188.47425449 -15851887.97363057 -2203114.5862350632 1.1179001691383417 -32.435343948635584 -0.92742327394427382 662.78663484557762 0.010337273338318687 -0.011057464048215617 -0.0099705848052328971 0
858 1 1 123984000 -131059449.10913107 -18650768.937807545 -2282823.3982032523 1.7688995179327589 -32.351339819133258 -0.91764323410785265 662.74586515542205 0.010952534525337242 -0.011293449113511017 -0.010464213900682274 0
859 1 1 124070400 -130878645.06656486 -21441817.319490429 -2361675.7039013733 2.4156481431824974 -32.254065898677119 -0.9075981511201725 662.70340061023603 0.011576782329999863 -0.011516646771622265 -0.010956326779197634 0
860 1 1 124156800 -130642155.27589165 -24223894.905424286 -2439648.9688400966 3.0578774035821912 -32.143715064235806 -0.89729647333623874 662.65923808527066 0.012209870486274544 -0.011727549652656813 -0.01144654130661547 0
861 1 1 124243200 -130350381.50801829 -26995880.354885995 -2516721.3865221543 3.6953271971241786 -32.020484939797335 -0.8867465983743964 662.6133744294342 0.012851474099922362 -0.011926442311120085 -0.011934293499413008 0
862 1 1 124329600 -130003747.63967249 -29756669.591752183 -2592871.8716311776 4.3277459031103156 -31.884577472624997 -0.87595680916309493 662.5658080874598 0.01350073687361234 -0.012113106995982705 -0.012418495054484672 0
863 1 1 124416000 -129602698.92252602 -32505176.161197904 -2668080.0485273832 4.9548903573059384 -31.736198565283388 -0.86493525864281917 662.51653931755015 0.01415722763509019 -0.012287710818567631 -0.012898479703879964 0
864 1 1 124502400 -129147701.25217445 -35240331.55770231 -2742326.2413384342 5.5765258472139392 -31.575557748996697 -0.85368998945190788 662.46556941834251 0.014820457273488174 -0.012450362909833678 -0.013373531707457595 0
865 1 1 124588800 -128639240.43992376 -37961085.523521625 -2815591.4639808033 6.1924260674030558 -31.402867840273309 -0.84222892750264322 662.41290072469997 0.015490056551901615 -0.012601250273556604 -0.01384305032308044 0
866 1 1 124675200 -128077821.48823667 -40666406.318489432 -2887857.4103402467 6.8023730743287114 -31.218344616312713 -0.83055988712715023 662.35853628410007 0.016165730035967458 -0.012740591405653265 -0.014306503908713929 0
867 1 1 124761600 -127463967.87089823 -43355280.961929835 -2959106.4446264282 7.4061572227576074 -31.02220649454225 -0.81869057036002224 662.30247971337974 0.016847222349186172 -0.012868606632328857 -0.014763398859256711 0
868 1 1 124848000 -126798220.81928381 -46026715.447216898 -3029321.5915673487 8.0035770889043452 -30.814674220494641 -0.8066285645924306 662.2447351143403 0.017534315764152451 -0.012985513550246386 -0.015213277560944578 0
869 1 1 124934400 -126081138.61572258 -48679734.929808341 -3098486.5264149029 8.5944393831585995 -30.595970565924564 -0.79438134052273146 662.18530699259884 0.018226826919407208 -0.013091522449176425 -0.015655715806615237 0
870 1 1 125020800 -125313295.89483373 -51313383.889639139 -3166585.5647768383 9.1785588529190836 -30.366320037204229 -0.7819562501790468 662.12420018584658 0.018924603089530912 -0.013186831867997857 -0.016090319928000259 0
871 1 1 125107200 -124495282.95365976 -53926726.268770292 -3233603.6522799865 9.7557581762351262 -30.125948594152955 -0.76936052499100827 662.06141980219206 0.019627517976697071 -0.01327162449996218 -0.016516723976777871 0
872 1 1 125193600 -123627705.07136112 -56518845.585200191 -3299526.3540688176 10.325867846957644 -29.87508337943876 -0.75660127390371623 661.99697116871869 0.020335467354401501 -0.013346063594342619 -0.016934586888421557 0
873 1 1 125280000 -122711181.83917582 -59088845.023756757 -3364339.8441426461 10.888726052093343 -29.613952458645841 -0.74368548152989844 661.93085979028194 0.021048364435060633 -0.013410289693169012 -0.017343589779654101 0
874 1 1 125366400 -121746346.50128719 -61635847.504994325 -3428030.8945353348 11.444178542052729 -29.342784571072826 -0.73062000635587343 661.86309131813493 0.021766135360553208 -0.013464418000760705 -0.017743433504866755 0
875 1 1 125452800 -120733845.30718464 -64158995.73302494 -3490586.864343083 11.992078494470084 -29.061808891307933 -0.71741157902148278 661.79367152770556 0.022488714571471127 -0.013508536289257194 -0.018133836424889072 0
876 1 1 125539200 -119674336.87604551 -66657452.223215446 -3551995.6886072615 12.532286372243314 -28.771254801576621 -0.70406680068658101 661.72260630517655 0.023216040248783924 -0.013542703222783206 -0.018514532347478244 0
877 1 1 125625600 -118568491.57360755 -69130399.310679629 -3612245.8670603153 13.064669776435665 -28.471351674833905 -0.69059214149805459 661.64990164223548 0.023948049884178056 -0.013566947292302246 -0.018885268706799005 0
878 1 1 125712000 -117416990.90195142 -71577039.140491813 -3671326.4527444909 13.589103294656603 -28.162328668547921 -0.67699393918380035 661.57556363827234 0.024684675953948285 -0.01358126617864449 -0.019245805070140266 0
879 1 1 125798400 -116220526.9025564 -73996593.640542641 -3729227.0405150852 14.105468345512877 -27.844414529080733 -0.66327839778480269 661.49959850955588 0.025425841727592349 -0.013585626530563133 -0.019595911702311366 0
880 1 1 125884800 -114979801.57294506 -76388304.477946237 -3785937.7554405848 14.613653019698607 -27.517837406556534 -0.64945158654344415 661.42201260478942 0.02617145724354545 -0.013579964241857591 -0.019935368544229285 0
881 1 1 125971200 -113695526.29718272 -78751432.999901086 -3841449.2411146103 15.113551918272979 -27.182824680081247 -0.63551943897453167 661.34281242632835 0.026921415513392374 -0.01356418505924362 -0.02026396434334049 0
882 1 1 126057600 -112368421.29045291 -81085260.159890845 -3895752.6478955429 15.605065988651189 -26.839602793150377 -0.62148775212037666 661.26200465662112 0.027675588946456935 -0.0135381655705728 -0.020581495883843955 0
883 1 1 126144000 -110999215.0578832 -83389086.430098146 -3948839.6210901104 16.088102358805372 -26.488397099067114 -0.60736218600236103 661.17959618934208 0.028433825975983481 -0.01350175452465642 -0.020887767490620796 0
884 1 1 126230400 -109588643.86775693 -85662231.700888336 -4000702.2890985701 16.562574170142344 -26.129431716175898 -0.59314826328021986 661.09559416477032 0.029195947866761152 -0.013454774487732657 -0.02118259061860835 0
885 1 1 126316800 -108137451.2392052 -87904035.168201417 -4051333.2515395647 17.028400409509981 -25.762929392695021 -0.57885136912410651 661.01000600894872 0.029961745874945062 -0.01339702370551981 -0.021465783629872282 0
886 1 1 126403200 -106646387.44443533 -90113855.209672228 -4100725.5673732571 17.48550574076339 -25.38911138092222 -0.56447675130155417 660.92283947610929 0.030730978652531264 -0.013328278298220326 -0.021737171611332037 0
887 1 1 126489600 -105116209.02551699 -92291069.250278383 -4148872.7430413431 17.933820336284413 -25.008197320577718 -0.55002952048412868 660.83410269399349 0.031503369862087786 -0.01324829464364014 -0.021996586410758905 0
888 1 1 126576000 -103547678.32571273 -94435073.618294671 -4195768.720643376 18.373279708837714 -24.620405131031294 -0.53551465078006466 660.74380421154876 0.032278606207836666 -0.013156811944528696 -0.022243866721181511 0
889 1 1 126662400 -101941563.03530933 -96545283.392310604 -4241407.8661686312 18.803824544117546 -24.225950912154939 -0.52093698048672998 660.65195304865631 0.033056335624740509 -0.013053554986917423 -0.022478858223421647 0
890 1 1 126748800 -100298635.75187509 -98621132.240044594 -4285784.9578024615 19.225400534316304 -23.825048853538778 -0.50630121306357745 660.55855874746169 0.03383616589667475 -0.012938237071429893 -0.022701413851690753 0
891 1 1 126835200 -98619673.554840699 -100662072.24966601 -4328895.1743263137 19.637958213035926 -23.417911151796645 -0.49161191832592521 660.46363142475877 0.034617663584177227 -0.012810563026082694 -0.02291139411395416 0
892 1 1 126921600 -96905457.594275951 -102667573.7543117 -4370734.0836304016 20.041452791826487 -23.004747935681216 -0.47687353386011477 660.3671818250798 0.035400353205037607 -0.012670232316199691 -0.023108667520817482 0
893 1 1 127008000 -95156772.693708971 -104637125.1504599 -4411297.631357844 20.4358439986223 -22.585767198729702 -0.46209036664640413 660.26922137414635 0.03618371679834205 -0.012516942252123464 -0.023293110880473748 0
894 1 1 127094400 -93374406.966814071 -106570232.71079995 -4450582.1296974318 20.821095918320356 -22.161174739157669 -0.44726659487818804 660.16976223240817 0.036967193690770311 -0.01235039123689465 -0.023464609731184933 0
895 1 1 127180800 -91559151.447772309 -108466420.39221142 -4488584.2463424141 21.197176835735338 -21.731174106714818 -0.43240626998635062 660.0688173480836 0.037750180755086446 -0.012170282036479544 -0.023623058878669202 0
896 1 1 127267200 -89711799.735090375 -110325229.63944237 -4525300.9936325401 21.564059081148883 -21.29596655621317 -0.41751331885070958 659.96640050935378 0.038532032894438781 -0.011976325013264273 -0.023768362735470446 0
897 1 1 127353600 -87833147.648645043 -112146219.18504989 -4560729.7178946007 21.9217188786346 -20.855751007447658 -0.4025915461855375 659.86252639550355 0.039312063780175183 -0.011768241452999503 -0.023900435811141204 0
898 1 1 127440000 -85923992.899706617 -113928964.84614421 -4594868.0889965994 22.270136197331453 -20.410724011218107 -0.3876446370957351 659.75721062666162 0.040089546920414228 -0.011545766658873965 -0.024019203119500832 0
899 1 1 127526400 -83985134.773678392 -115673059.31844981 -4627714.0901295971 22.609294605830957 -19.961079721163937 -0.37267615978965046 659.65046981175328 0.040863717088913912 -0.011308653117081928 -0.024124600603602098 0
900 1 1 127612800 -82017373.825278014 -117378111.96817449 -4659266.007830333 22.939181129817552 -19.507009871139413 -0.35768956843752231 659.54232159432081 0.041633771948603279 -0.011056673556180336 -0.024216575501103427 0
901 1 1 127699200 -80021511.585873589 -119043748.62215261 -4689522.4222566346 23.259786113082399 -19.04870375784358 -0.34268820616239548 659.43278469601751 0.042398873969744857 -0.010789623845080747 -0.024295086699692096 0
902 1 1 127785600 -77998350.282678246 -120669611.35670501 -4718482.1977266185 23.57110308201954 -18.58634822842971 -0.32767530815453333 659.32187895747074 0.043158152561522341 -0.010507325824729978 -0.024360105075005436 0
903 1 1 127872000 -75948692.569498688 -122255358.28563328 -4746144.4735317994 23.873128613700171 -18.120127672820512 -0.31265400489378514 659.2096253762661 0.043910706496861247 -0.010209629923693016 -0.02441161373067741 0
904 1 1 127958400 -73873341.268724307 -123800663.34774351 -4772508.6550326794 24.165862207605436 -17.650224020459998 -0.29762732546397613 659.09604614183058 0.04465560649523672 -0.009896417673996483 -0.02444960821236165 0
905 1 1 128044800 -71773099.12423858 -125305216.09427215 -4797574.4050443582 24.449306161075544 -17.17681674124125 -0.28259820095176463 658.98116466707381 0.045391897966570727 -0.0095676040276376981 -0.024474096722417373 0
906 1 1 128131200 -69648768.564928681 -126768721.47656247 -4821341.6355190175 24.72346544854372 -16.7000828503487 -0.26756946791549635 658.86500561638934 0.046118604155445636 -0.0092231394760026279 -0.024485100223783664 0
907 1 1 128217600 -67501151.478464112 -128190899.63432002 -4843810.4995306749 24.988347604586608 -16.220196916762852 -0.25254387191352135 658.74759492995474 0.046834729110788668 -0.0088630119873622602 -0.024482652582343837 0
908 1 1 128304000 -65331048.995014809 -129571485.68475144 -4864981.3835669514 25.243962610811902 -15.737331075178423 -0.23752407107828993 658.62895984430645 0.047539261028606998 -0.0084872486937521852 -0.024466800551676694 0
909 1 1 128390400 -63139261.280574679 -130910229.51287226 -4884854.9001308633 25.49032278661717 -15.251655041092691 -0.22251263971745316 658.50912890888151 0.048231175675372155 -0.0080959173761127635 -0.024437603735579679 0
910 1 1 128476800 -60926587.339556485 -132206895.56324632 -4903431.8806547746 25.727442683818392 -14.763336128833044 -0.20751207193798935 658.38813199845856 0.04890943985145451 -0.0076891277572804567 -0.024395134575105188 0
911 1 1 128563200 -58693824.826323643 -133461262.63340254 -4920713.3687282456 25.955338985146245 -14.272539272296441 -0.19252478528640982 658.26600032136162 0.049573014998250439 -0.0072670325401732747 -0.02433947827306494 0
912 1 1 128649600 -56441769.865325063 -134673123.66915131 -4936700.6136404462 26.174030406603215 -13.779427048171131 -0.17755312438649798 658.1427664233521 0.050220860854622018 -0.0068298281321531526 -0.024270732591180167 0
913 1 1 128736000 -54171216.879500777 -135842285.56200746 -4951395.0642363057 26.383537603648612 -13.284159701430884 -0.16259936456331942 658.01846418732578 0.05085193901711655 -0.0063777552714038279 -0.024189007673316613 0
914 1 1 128822400 -51882958.426628575 -136968568.94890684 -4964798.3630850939 26.583883081192109 -12.786895172896973 -0.14766571545110765 657.89312882857098 0.051465216776617494 -0.0059110993045287299 -0.024094425849899754 0
915 1 1 128908800 -49577785.04328341 -138051808.01438579 -4976912.3409595685 26.775091107364929 -12.287789128658659 -0.13275432457081784 657.76679688553281 0.052059670768835858 -0.0054301902298261855 -0.023987121326880443 0
916 1 1 128995200 -47256485.09608607 -139091850.29537609 -4987739.0116226748 26.957187631014168 -11.786994991167644 -0.11786728087349736 657.6395062061921 0.05263429065885087 -0.0049354025991248524 -0.023867239972976045 0
917 1 1 129081600 -44919844.639921173 -140088556.48875216 -4997280.5669187019 27.130200202867684 -11.284663971818102 -0.10300661823983161 657.51129593012286 0.053188082702588589 -0.0044271550595737638 -0.023734938923669856 0
918 1 1 129168000 -42568647.282809772 -141041800.26175088 -5005539.37216454 27.294157900321856 -10.780945104831936 -0.088174318929780074 657.38220646612308 0.053720073453343856 -0.0039059097609847231 -0.023590386319870614 0
919 1 1 129254400 -40203674.057125896 -141951468.06536883 -5012517.9618366743 27.449091255787554 -10.275985282279301 -0.0733723169737482 657.25227946551445 0.054229313165315728 -0.0033721714516334218 -0.02343376083231383 0
920 1 1 129340800 -37825703.296853222 -142817458.95082924 -5018219.0355482064 27.595032188522691 -9.7699292900709587 -0.05860250149781044 657.12155779124782 0.05471487928811359 -0.0028264864471286293 -0.02326525134100833 0
921 1 1 129427200 -35435510.520582646 -143639684.3891947 -5022645.454310677 27.732013939886407 -9.2629198447728598 -0.043866719989486276 656.99008548270024 0.05517587975714363 -0.0022694413725152722 -0.02308505656037476 0
922 1 1 129513600 -33033868.319959465 -144418068.09419066 -5025800.2370748436 27.860071011928763 -8.7550976310882085 -0.029166781485667211 656.8579077165183 0.055611456150031165 -0.0017016616426005586 -0.022893384521567833 0
923 1 1 129600000 -30621546.25329487 -145152545.84829104 -5027686.5575434892 27.979239109244766 -8.2466013398682421 -0.014504459686012534 656.72507076341481 0.056020786834930843 -0.0011238098352150539 -0.022690452253439068 0
924 1 1 129686400 -28199310.744063027 -145843065.33210683 -5028307.7412500614 28.089555084010652 -7.7375677065214861 0.00011850401311321065 656.59162194103567 0.056403089862461994 -0.00053658384021660211 -0.022476485227593972 0
925 1 1 129772800 -25767924.984013073 -146489585.95710465 -5027667.2628955413 28.191056884104821 -7.2281315496926535 0.014700397570425584 656.45760956322977 0.056757625672895572 5.9285150128476483e-05 -0.022251716983864921 0
926 1 1 129859200 -23328148.840633422 -147092078.70167553 -5025768.7439366337 28.283783504228996 -6.7184258100933425 0.029239535434169371 656.32308288575871 0.057083699724825923 0.00066303480724037671 -0.022016388632210102 0
927 1 1 129945600 -20880738.768712163 -147650525.95056096 -5022615.9504176797 28.367774939953634 -6.2085815893748899 0.043734255763570665 656.18809204838658 0.057380665046868666 0.0012738739508925474 -0.021770748454313711 0
928 1 1 130032000 -18426447.725745399 -148164921.33763489 -5018212.7910392387 28.443072144580235 -5.6987281889379977 0.058182917729152954 656.05268801368891 0.057647924323372804 0.0018909849962628613 -0.02151505151727006 0
929 1 1 130118400 -15966025.090954738 -148635269.59203422 -5012563.315456043 28.509716988722275 -5.1889931485864054 0.072583898906317543 655.91692250290043 0.057884932022047343 0.002513526431226916 -0.021249559118417475 0
930 1 1 130204800 -13500216.587682253 -149061586.38761717 -5005671.7127961498 28.567752222524398 -4.6795022849266878 0.086935592756753971 655.78084792871925 0.05809119627036563 0.0031406355730722807 -0.020974538480905455 0
931 1 1 130291200 -11029764.208939498 -149443898.19572634 -4997542.3103943197 28.617221440417431 -4.1703797294306044 0.1012364061910912 655.64451732531154 0.058266280517812144 0.0037714312303251903 -0.020690262297131678 0
932 1 1 130377600 -8555406.1458955817 -149782242.1412228 -4988179.5727320649 28.658169048313603 -3.6617479660917747 0.11548475722125172 655.50798427576831 0.058409805001508448 0.0044050165092390835 -0.02039700833168263 0
933 1 1 130464000 -6077876.7190977484 -150076665.86175406 -4977588.1005766513 28.690640233140929 -3.153727868597259 0.12967907270458004 655.37130283728663 0.058521447939579571 0.0050404817071345205 -0.0200950589419568 0
934 1 1 130550400 -3597906.3122266992 -150327227.37020916 -4965772.6303109331 28.714680934620091 -2.6464387369530398 0.14381778618094623 655.23452746430553 0.058600946583016698 0.0056769071829839016 -0.019784700680656245 0
935 1 1 130636800 -1116221.3081963696 -150533994.92031369 -4952738.0334463352 28.730337819204411 -2.1399983335026427 0.15789933579493859 655.09771292950074 0.058648098189429176 0.0063133663498451242 -0.019466223919222293 0
936 1 1 130723200 1366455.9725842949 -150697046.87530831 -4938489.3163113948 28.737658256070347 -1.6345229182848429 0.1719221623138813 654.96091424318695 0.058662760446253848 0.0069489286062299213 -0.019139922339927222 0
937 1 1 130809600 3849407.331960022 -150816471.57965145 -4923031.6199077042 28.736690295065156 -1.130127283687167 0.18588470722619926 654.82418657125197 0.058644852034900143 0.0075826623020811088 -0.018806092767730181 0
938 1 1 130896000 6331918.7519545453 -150892367.2336846 -4906370.2199272951 28.7274826465326 -0.62692478834689525 0.19978541091157301 654.68758515157742 0.05859435281476106 0.0082136377456807994 -0.018465034790897835 0
939 1 1 130982400 8813280.4510302041 -150924841.77119231 -4888510.5269246614 28.710084662914475 -0.1250273902599528 0.21362271088691645 654.55116520934916 0.058511303862203802 0.0088409301714083895 -0.01811705056130988 0
940 1 1 131068800 11292786.938831603 -150914012.73978773 -4869458.0866375631 28.684546322043463 0.37545432092482284 0.22739504011800998 654.41498187135664 0.058395807312814463 0.0094636225755867567 -0.017762444526611354 0
941 1 1 131155200 13769737.069555465 -150860007.18405259 -4849218.580450071 28.650918212032725 0.87441109245788917 0.24110082542011596 654.27909007971493 0.058248025931217792 0.010080808664060107 -0.017401522933928375 0
942 1 1 131241600 16243434.094080623 -150762961.53135556 -4827797.8259896673 28.609251517671375 1.3717349779179731 0.2547384859507541 654.14354450527833 0.058068182515501374 0.010691595682213253 -0.017034593510242346 0
943 1 1 131328000 18713185.710984718 -150623021.48027465 -4805201.7778510172 28.55959800824693 1.8673193075280079 0.26830643178524172 654.00839946084102 0.05785655916769647 0.011295107140956646 -0.016661965093318087 0
944 1 1 131414400 21178304.116567504 -150440341.89154533 -4781436.5284393886 28.502010026710924 2.3610586593739296 0.28180306256876753 653.87370881432503 0.057613496337777279 0.01189048552333653 -0.016283947424659165 0
945 1 1 131500800 23638106.053993396 -150215086.68145478 -4756508.3089280417 28.436540480118452 2.8528488315443186 0.29522676622167338 653.73952590186252 0.057339391884129835 0.012476894940572117 -0.015900851096223897 0
946 1 1 131587200 26091912.861660261 -149947428.71760437 -4730423.490325531 28.363242831256674 3.3425868151904532 0.30857591769247722 653.60590344109596 0.057034699694269358 0.013053523577132665 -0.015512987424699845 0
947 1 1 131673600 28539050.520892739 -149637549.71695936 -4703188.5846482432 28.282171091373083 3.8301707685177631 0.32184887776975718 653.47289344515013 0.056699928256982501 0.013619586239613972 -0.015120668247480229 0
948 1 1 131760000 30978849.703052942 -149285640.1461055 -4674810.2461927142 28.193379813946095 4.315499991706611 0.33504399196261148 653.34054713727289 0.056335639171050417 0.014174326565882266 -0.014724205651576051 0
949 1 1 131846400 33410645.816155199 -148891899.12363279 -4645295.2729014903 28.096924089426032 4.7984749027585805 0.34815958945475101 653.20891486639277 0.05594244541459769 0.014717019336168502 -0.014323911678753187 0
950 1 1 131932800 35833779.051065624 -148456534.32456502 -4614650.6078157602 27.992859540865233 5.2789970142692058 0.36119398214580761 653.07804602400404 0.055521009418878074 0.015246972511866788 -0.013920097879277359 0
951 1 1 132019200 38247594.427360222 -147979761.88675857 -4582883.3406071439 27.881242320381791 5.7569689111010112 0.3741454637708086 652.94798896244492 0.055072041204470068 0.015763529082821671 -0.013513075157988146 0
952 1 1 132105600 40651441.838911749 -147461806.31919006 -4550000.7091836873 27.762129106400774 6.2322942289643315 0.38701230905699435 652.81879091441351 0.054596296302506536 0.016266069074668505 -0.013103153876100903 0
953 1 1 132192000 43044676.099268928 -146902900.41205588 -4516010.1013677176 27.635577101601946 6.7048776339045091 0.3997927729056609 652.69049791397617 0.054094573547835312 0.016754011269524138 -0.012690643872911489 0
954 1 1 132278400 45426656.986887723 -146303285.14860564 -4480919.0566426897 27.501644031533417 7.1746248026604906 0.41248508961723224 652.56315471915707 0.053567712988798664 0.017226814685903473 -0.012275854304519577 0
955 1 1 132364800 47796749.290268935 -145663209.61863616 -4444735.2679639142 27.360388143820874 7.6414424038813102 0.42508747219429133 652.43680473663233 0.053016593301498369 0.017683980043055939 -0.011859093170149397 0
956 1 1 132451200 50154322.853050977 -144982930.93357101 -4407466.5836251136 27.211868207916254 8.1052380801908104 0.43759811174627433 652.31148994879675 0.052442129468184898 0.018125051056392307 -0.011440666834175255 0
957 1 1 132537600 52498752.619103186 -144262714.14305446 -4369121.0091729593 27.056143515347973 8.5659204310724899 0.4500151769648062 652.18725084308596 0.051845270187685283 0.018549615510938141 -0.011020879967463804 0
958 1 1 132624000 54829418.67766057 -143502832.15298897 -4329706.709365529 26.893273880429202 9.023398996561351 0.46233681362826246 652.06412634349488 0.051226995465319065 0.018957306356782076 -0.010600035632793834 0
959 1 1 132710400 57145706.308538243 -142703565.64494777 -4289232.0101724965 26.723319641383924 9.4775842417243954 0.47456114413380013 651.94215374436635 0.050588313950416484 0.019347802529866977 -0.010178435261733006 0
960 1 1 132796800 59447006.027459338 -141865202.99689493 -4247705.4008137984 26.546341661840749 9.9283875418995375 0.48668626707822327 651.82136864684901 0.049930260312665238 0.019720829654192241 -0.0097563784308366142 0
961 1 1 132883200 61732713.631526709 -140988040.2051492 -4205135.5358314272 26.362401332661836 10.375721168669028 0.49871025691651411 651.70180489816823 0.049253892559118037 0.02007616055690245 -0.0093341624179696225 0
962 1 1 132969600 64002230.244865693 -140072380.8075285 -4161531.2371865367 26.17156057406542 10.819498276546174 0.51063116371777229 651.58349453395351 0.048560289273365816 0.020413615712155574 -0.0089120816897634101 0
963 1 1 133056000 66254962.364461526 -139118535.80761522 -4116901.4963733917 25.973881838010314 11.259632890352936 0.52244701301781682 651.46646772368968 0.047850546904438594 0.02073306348998509 -0.0084904274776031758 0
964 1 1 133142400 68490321.906213567 -138126823.60008246 -4071255.4765430237 25.769428110819373 11.696039893260908 0.53415580573238763 651.35075271918197 0.047125777068189295 0.021034420275899204 -0.0080694877596138616 0
965 1 1 133228800 70707726.251225233 -137097569.89702657 -4024602.5146332378 25.55826291601123 12.128635015468602 0.54575551809632261 651.23637580612615 0.046387103784975431 0.021317650401636572 -0.0076495472832870098 0
966 1 1 133315200 72906598.292346612 -136031107.65525106 -3976952.1235018969 25.340450317308996 12.557334823489004 0.55724410165847915 651.12336125907052 0.045635660707883219 0.021582765970271436 -0.0072308871185042013 0
967 1 1 133401600 75086366.480983704 -134927777.00445026 -3928313.9940555976 25.116054921808381 12.982056710023901 0.56861948340550961 651.01173129995459 0.044872588431463495 0.021829826528286862 -0.0068137836928544209 0
968 1 1 133488000 77246464.874187797 -133787925.17624429 -3878697.9973614053 24.885141883277225 13.402718884399558 0.57987956602069346 650.90150606040254 0.044099031663189799 0.022058938609342198 -0.0063985082490498257 0
969 1 1 133574400 79386333.182034343 -132611906.4340159 -3828114.1867327509 24.647776905569586 13.819240363537132 0.59102222821328965 650.79270354767857 0.043316136586863056 0.022270255110832859 -0.0059853267156170864 0
970 1 1 133660800 81505416.815301806 -131400082.0035066 -3776572.7997846296 24.404026246139612 14.231540963428863 0.60204532510520459 650.68533961436776 0.042525048102062764 0.022463974511966207 -0.0055744993546319585 0
971 1 1 133747200 83603166.933457047 -130152820.00412755 -3724084.26045164 24.153956719630045 14.639541291094197 0.61294668871011249 650.57942793212237 0.041726907113913421 0.022640339966281068 -0.005166280152685351 0
972 1 1 133833600 85679040.492953986 -128870495.38094556 -3670659.1809594296 23.897635701523821 15.043162736994061 0.62372412853748116 650.47497996957304 0.040922847849999305 0.022799638290015918 -0.0047609159945425439 0
973 1 1 133920000 87732500.295849711 -127553489.83730604 -3616308.363737979 23.635131131849157 15.442327467878391 0.63437543233517657 650.3720049744777 0.040113995241324286 0.022942198778813361 -0.0043586458357174869 0
974 1 1 134006400 89763015.038742676 -126202191.76805592 -3561042.80326461 23.366511518919975 15.83695842003789 0.64489836697397496 650.27050996033461 0.039301462211715342 0.02306839186772738 -0.0039596998354095971 0
975 1 1 134092800 91770059.36203523 -124816996.193333 -3504873.6878251201 23.091845943104104 16.226979292936218 0.65529067945054376 650.17049969748882 0.038486347138704649 0.023178627677713944 -0.003564298850982129 0
976 1 1 134179200 93753113.89952223 -123398304.6928899 -3447812.4011845039 22.811204060603743 16.612314543197641 0.66555009797601783 650.07197670891162 0.037669731120705402 0.023273354392059381 -0.0031726539599907658 0
977 1 1 134265600 95711665.32830669 -121946525.34092325 -3389870.5241583437 22.524656107238869 16.992889378925167 0.67567433320435966 649.97494127090238 0.036852675482447944 0.023353056516243326 -0.002784965224208649 0
978 1 1 134352000 97645206.419042289 -120462072.64138018 -3331059.8360695178 22.232272902236147 17.368629754332609 0.68566107965807577 649.87939141870424 0.036036219220121998 0.023418253065551085 -0.002401420466017453 0
979 1 1 134438400 99553236.086503431 -118945367.46371543 -3271392.3160751546 21.934125852011903 17.739462364664984 0.69550801728887168 649.78532295716514 0.035221376499761599 0.023469495512721955 -0.0020221947989260188 0
980 1 1 134524800 101435259.44048093 -117396836.97907667 -3210880.1443542535 21.630286953934078 18.105314641374797 0.70521281315299611 649.69272947679372 0.034409134034144771 0.023507365571136547 -0.0016474496877878599 0
981 1 1 134611200 103290787.83700202 -115816914.59689574 -3149535.7031442728 21.320828800062841 18.46611474753761 0.71477312322927355 649.60160237529499 0.033600448692547434 0.023532472930860235 -0.0012773321197660269 0
982 1 1 134697600 105119338.92987269 -114206039.9018663 -3087371.5776143312 21.005824580872329 18.821791573492476 0.72418659438962363 649.51193088457671 0.03279624501799374 0.023545452855523372 -0.0009119734916212132 0
983 1 1 134784000 106920436.72254038 -112564658.59128942 -3024400.5565607776 20.685348088943325 19.172274732680489 0.73345086653857228 649.42370210352658 0.031997412820675745 0.023546963567923872 -0.00055148857593550528 0
984 1 1 134870400 108693611.62027489 -110893222.41277078 -2960635.6329115569 20.359473722634039 19.517494557665223 0.74256357489282265 649.33690103650815 0.03120480487808951 0.023537683616375059 -0.00019597478425599418 0
985 1 1 134956800 110438400.48266503 -109192189.10225435 -2896090.0040285871 20.028276489728508 19.85738209631851 0.75152235237639209 649.25151063767021 0.030419234610509726 0.023518309012636133 0.00015448852891363952 0
986 1 1 135043200 112154346.67642981 -107462022.32237935 -2830777.0717983493 19.691832011052185 20.191869108143738 0.76032483212803914 649.16751186144597 0.029641473744878372 0.023489550211713294 0.00049984076942890697 0
987 1 1 135129600 113841000.12854028 -105703191.60114951 -2764710.442500073 19.350216524069847 20.520888060732414 0.76896865015026661 649.08488371903377 0.028872250275377594 0.023452129145205391 0.00084004115745891649 0
988 1 1 135216000 115497917.37965311 -103916172.2709031 -2697903.9264391861 19.003506886489568 20.844372126338101 0.77745144807816313 649.00360334066443 0.028112246448324836 0.023406776035181306 0.0011750690942048637 0
989 1 1 135302400 117124661.63784856 -102101445.40756936 -2630371.5373401698 18.651780579681297 21.162255178701553 0.78577087596645445 648.92364604467218 0.027362095768758393 0.023354227380366053 0.0015049239637224255 0
990 1 1 135388800 118720802.83238867 -100259497.76996608 -2562127.4915938415 18.29511570569548 21.474471795411841 0.79392459274735527 648.84498543553514 0.026622400975461768 0.023295212622896785 0.0018296265263367088 0
991 1 1 135475200 120285917.6758576 -98390821.746827677 -2493186.2064513955 17.933591225689423 21.780957042103839 0.80191030047423983 648.76759288056644 0.025895131011653496 0.023229357276732119 0.0021496573604961691 0
992 1 1 135561600 121819589.67014794 -96495915.241198078 -2423562.2837408362 17.567284755857258 22.081648800776239 0.80972604375836488 648.69143849717807 0.025158558936416189 0.023180167334933031 0.0024655889997290356 0
993 1 1 135648000 123321395.30811615 -94575282.295404419 -2353271.6694888822 17.195936087208317 22.376463063290924 0.81733978563984921 648.62074499477455 0.024499800499793025 0.023047208785069707 0.0027312172276511382 0
994 1 1 135734400 124791047.56853263 -92629426.906229109 -2282320.7057811329 16.824450747565503 22.665560467011716 0.82512345582533098 648.48633608175805 0.085737152565504751 0.025883339239375799 0.0077749442840781514 0
995 1 3 135804721.61664355 125963565.27261105 -91027400.290224656 -2224069.0991883408 16.522339466807388 22.896630654509671 0.83156301971122848 648.3216672311172 0 0 0 87
996 1 1 135820800 126228658.79936613 -90658838.97104615 -2210687.3323174752 16.452772334575744 22.948903642924222 0.83300058809676725 648.28535043436682 0.083152250785963805 0.026086678720347863 0.0069908812521945378 0
997 1 1 135907200 127633936.86476718 -88664030.205036655 -2138389.011448801 16.076035647465982 23.226216233499649 0.84051546061029636 648.09550207004497 0.080587501071572823 0.026203546721675439 0.0061138976507261675 0
998 1 1 135993600 129006464.78200313 -86645524.121561438 -2065455.9496765635 15.694681462389342 23.497441547996043 0.84769391185423526 647.91104849009093 0.078044097601388224 0.026290030040476538 0.0052577107936444866 0
999 1 1 136080000 130345847.0997057 -84603849.591606975 -1991917.372057213 15.308788206138994 23.762511062961554 0.85452959580510213 647.73207572547699 0.075403496322521843 0.026311332848904759 0.0043079455426981049 0
1000 1 1 136166400 131651694.77728948 -82539541.519481897 -1917803.4284780698 14.91842978636808 24.021354651402618 0.86101164933072971 647.55876729940644 0.072717367359275822 0.026275344768533087 0.003329398125490813 0
1001 1 1 136252800 132923625.63659625 -80453140.737803951 -1843144.7686901034 14.523692060993064 24.273905613175966 0.86713934061600528 647.39110768719911 0.07007816849380831 0.026207577836767911 0.0023875029661182589 0
1002 1 1 136339200 134161265.30407099 -78345193.707493365 -1767971.8575467824 14.124667498875466 24.520099729909234 0.87291608507905438 647.22898021853302 0.067477530211699929 0.026106218785867608 0.0014782801738578303 0
1003 1 1 136425600 135364247.37929463 -76216252.41155754 -1692314.8935774234 13.721448493019544 24.759873499282939 0.87834476577327047 647.07228505555747 0.06491845331350278 0.025973517658976718 0.00060245063857390408 0
1004 1 1 136512000 136532213.49921793 -74066874.269766912 -1616203.8180254272 13.314128675054462 24.993164564310678 0.88342845115960844 646.92091587107075 0.062403020724309581 0.025811350272852796 -0.00023936468693622705 0
1005 1 1 136598400 137664813.43812302 -71897622.041812256 -1539668.3006557398 12.902802774375917 25.219911674722589 0.88817035487651008 646.77476232693027 0.059933177057138659 0.025621597076452129 -0.001046632592266351 0
1006 1 1 136684800 138761705.20179778 -69709063.731117487 -1462737.7277752121 12.487566602450292 25.440054699767096 0.89257382250714934 646.63371030402175 0.05751073534885983 0.025406136250282624 -0.0018189152037244786 0
1007 1 1 136771200 139822555.12019271 -67501772.487685472 -1385441.1914367727 12.06851703360806 25.653534638002739 0.89664231753648227 646.4976422038867 0.055137381123436996 0.025166839664006981 -0.0025558723981165777 0
1008 1 1 136857600 140847037.93844578 -65276326.510124981 -1307807.4798712318 11.645751986499587 25.860293626477294 0.90037940696944341 646.36643724388091 0.05281467693411613 0.024905569145855767 -0.0032572645101225216 0
1009 1 1 136944000 141834836.9063364 -63033308.946908496 -1229865.069178998 11.219370406250516 26.060274949355257 0.90378874654056907 646.23997174526608 0.050544066332032955 0.024624173163136198 -0.0039229554085500884 0
1010 1 1 137030400 142785643.86622602 -60773307.796906024 -1151642.1163185432 10.789472247299216 26.253423046084635 0.90687406548408067 646.11811941409792 0.048326877814440852 0.02432448400329228 -0.0045529157659549143 0
1011 1 1 137116800 143699159.33954668 -58496915.809228808 -1073166.4534308049 10.356158456923357 26.439683519205492 0.90963915083171931 646.00075161409632 0.046164328436764164 0.024008315481142597 -0.0051472267031860888 0
1012 1 1 137203200 144575092.61189297 -56204730.382411018 -994465.5835416253 9.9195309593848808 26.619003141880153 0.91208783121582371 645.88773763179927 0.044057526446248912 0.023677460831543515 -0.0057060834910251596 0
1013 1 1 137289600 145413161.81676787 -53897353.462950595 -915566.67768547975 9.4796926406079827 26.791329865216404 0.91422396016062968 645.77894493432655 0.042007473349552064 0.023333690979176556 -0.0062297995339060854 0
1014 1 1 137376000 146213094.01802552 -51575391.443223156 -836496.57349529711 9.036747333301177 26.956612825463971 0.91605139885789311 645.67423941982975 0.040015064929498655 0.022978753048532616 -0.0067188102199025766 0
1015 1 1 137462400 146974625.2910412 -49239455.058777638 -757281.77530224156 8.5907998023756171 27.114802351133211 0.91757399843828202 645.57348566155758 0.038081090977011171 0.022614368833891264 -0.0071736768134016615 0
1016 1 1 137548800 147697500.80263007 -46890159.285018861 -677948.45578785264 8.1419557305202748 27.26584997008742 0.91879558177956833 645.47654714609848 0.036206234041259923 0.022242233475002704 -0.0075950897893119658 0
1017 1 1 137635200 148381474.88972053 -44528123.233276673 -598522.45922534552 7.6903217037565827 27.409708416639717 0.91971992492164389 645.38328650689357 0.034391066449442079 0.021864013800068745 -0.0079838717906392208 0
1018 1 1 137721600 149026311.13677058 -42153970.046261601 -519029.3063408304 7.2360051967878132 27.546331638669638 0.92035073817295254 645.29356575411543 0.032636046290503831 0.02148134663551856 -0.0083409797621765511 0
1019 1 1 137808000 149631782.45190495 -39768326.792903855 -439494.20081551728 6.7791145579849434 27.675674804776001 0.92069164704360518 645.20724650156012 0.030941512022381851 0.021095836743765816 -0.0086675059993377799 0
1020 1 1 137894400 150197671.14173168 -37371824.362573631 -359942.03743667161 6.3197589938124814 27.797694311445234 0.92074617317915886 645.12419019199888 0.029307675671222066 0.020709054238254754 -0.0089646777958905677 0
1021 1 1 137980800 150723768.98478368 -34965097.358681977 -280397.41188858653 5.8580485525414243 27.912347790217723 0.920517715498957 645.04425832180948 0.027734615284535434 0.020322531645104686 -0.0092338555552391524 0
1022 1 1 138067200 151209877.30351767 -32548783.991662685 -200884.63215631834 5.3940941071412372 28.019594114843947 0.9200095317662873 644.96731266506686 0.026222266648596976 0.019937760525056733 -0.0094765291104695892 0
1023 1 1 138153600 151655807.03479588 -30123525.971338045 -121427.73149297784 4.9280073372356563 28.119393408388955 0.91922472087895746 644.89321549795875 0.024770414346411692 0.019556187334568018 -0.0096943116837311695 0
1024 1 1 138240000 152061378.7987664 -27689968.398674209 -42050.482875176029 4.4599007100830175 28.211707050247906 0.91816620617464584 644.82182982354402 0.02337868316801419 0.019179208883504578 -0.0098889319114435683 0
1025 1 1 138326400 152426422.96605808 -25248759.65693536 37223.585153476852 3.9898874605927102 28.296497683040403 0.91683672005135219 644.75301959648698 0.022046529698574763 0.018808167107427849 -0.010062223386774104 0
1026 1 1 138412800 152750779.72320956 -22800551.302248955 116371.17137908435 3.5180815704379085 28.373729219346878 0.91523879023952437 644.68664994735877 0.020773235074230938 0.018444343425354448 -0.010216111814810268 0
1027 1 1 138499200 153034299.13625914 -20345997.953596197 195369.18371070799 3.0445977464032574 28.44336684827385 0.91337472803552089 644.62258740531365 0.01955789908476804 0.018088952734201826 -0.010352600017119001 0
1028 1 1 138585600 153276841.21243736 -17885757.182243221 274194.72005202435 2.5695513981542755 28.505377041832574 0.91124661878120838 644.56070011784379 0.018399436266731677 0.017743137022965746 -0.010473750908666427 0
1029 1 1 138672000 153478275.95992312 -15420489.400629358 352825.04845700652 2.0930586156891628 28.559727561131808 0.90885631485170171 644.50085806590369 0.017296574424640849 0.017407958876995425 -0.010581668676741773 0
1030 1 1 138758400 153638483.44564798 -12950857.750727836 431237.58679625357 1.615236146756883 28.60638746239686 0.90620543137223619 644.442933272853 0.016247855613316233 0.017084394833284201 -0.01067847854572564 0
1031 1 1 138844800 153757353.85115978 -10477527.991892906 509409.88217685232 1.1362013745795037 28.64532710285301 0.90329534481343021 644.38680000524016 0.015251640345528863 0.016773329067694687 -0.010766305773135519 0
1032 1 1 138931200 153834787.52654985 -8001168.38825827 587319.59040353762 0.65607229529488265 28.676518145152912 0.90012719541787412 644.33233499415257 0.014306114758957118 0.01647554786185371 -0.010847254334954717 0
1033 1 1 139017600 153870695.04289752 -5522449.5951265488 664944.45539590565 0.17496751036904701 28.699933582439776 0.89670187997823969 644.27941718838383 0.013409471728661516 0.016191989478119336 -0.01092354327769165 0
1034 1 1 139104000 153864997.24429822 -3042044.5428052661 742262.28783353849 -0.30699378573356401 28.71554775801231 0.89302004967469728 644.22792762497386 0.01255965049016226 0.01592337424688791 -0.010997276812961887 0
1035 1 1 139190400 153817625.29707986 -560628.32146527211 819250.94538855157 -0.78969185756062121 28.723336319989382 0.88908215098448562 644.17775070625135 0.011754115981270864 0.015669760347352617 -0.011070135863562211 0
1036 1 1 139276800 153728520.73504892 1921121.9304695749 895888.31648542522 -1.2730064487350075 28.72327621750879 0.88488844618998275 644.12877455210742 0.010990483493675608 0.015431487927581792 -0.011143931052475372 0
1037 1 1 139363200 153597635.50507224 4402527.1407792997 972152.30402391986 -1.7568167749921966 28.71534573829318 0.88043901127489199 644.08089045560462 0.010266258215783693 0.015208761895745028 -0.011220340291115165 0
1038 1 1 139449600 153424932.0121201 6882906.4193102876 1048020.8101022374 -2.2410015360006739 28.699524514805887 0.8757337542782051 644.03399301746799 0.0095788909707069797 0.015001696053310911 -0.011300931319280075 0
1039 1 1 139536000 153210383.16356745 9361577.1746515073 1123471.7222254174 -2.7254389220090891 28.675793535248584 0.87077243258456838 643.98798017230104 0.0089257817472413476 0.014810292185086397 -0.011387134437924155 0
1040 1 1 139622400 152953972.41294622 11837855.231708148 1198482.9011416952 -3.2100066194682624 28.644135153948994 0.86555467280332932 643.94275323907289 0.0083043032184862663 0.014634444632852035 -0.011480236700769898 0
1041 1 1 139708800 152655693.80332643 14311054.95024354 1273032.1704244954 -3.6945818140549744 28.604533103371651 0.86007999127968959 643.89821694586283 0.0077118220754728382 0.01447394448751905 -0.011581377067458676 0
1042 1 1 139795200 152315552.01051542 16780489.344496369 1347097.3078784079 -4.1790411920252151 28.556972506780784 0.85434781599412257 643.85427945866059 0.0071457132106518152 0.014328474812632011 -0.01169153378429694 0
1043 1 1 139881600 151933562.38622636 19245470.203950129 1420656.0388616272 -4.6632609392424174 28.501439892843059 0.84835750840606139 643.81085238589969 0.0066033893767572498 0.014197631246917659 -0.011811538123671875 0
1044 1 1 139968000 151509751.00144449 21705308.215489335 1493686.031444733 -5.1471167379117748 28.437923212689164 0.84210838451032111 643.76785075001544 0.0060823152083072434 0.014080924288381749 -0.011942071650434342 0
1045 1 1 140054400 151044154.6901257 24159313.087083872 1566164.8933989103 -5.6304837621407957 28.366411858365339 0.8355997359671099 643.72519295722907 0.0055800231552257324 0.013977787373392737 -0.012083670179259546 0
1046 1 1 140140800 150536821.09333283 26606793.673150845 1638070.1709843886 -6.1132366722771927 28.286896683216685 0.82883085060796235 643.68280075476423 0.005094127430272208 0.013887585447284389 -0.01223672937613479 0
1047 1 1 140227200 149987808.70390189 29047058.101760827 1709379.3494773943 -6.5952496083814482 28.199370024201961 0.82180103214416744 643.64059917788336 0.0046223356285766942 0.013809623743735434 -0.01240151160201656 0
1048 1 1 140313600 149397186.91169682 31479413.90385583 1780069.8553597012 -7.0763961831754392 28.103825726143789 0.81450961892095364 643.59851648833194 0.0041624582582469212 0.01374315670263474 -0.012578153759196454 0
1049 1 1 140400000 148765036.04948452 33903168.144645303 1850119.0600829241 -7.556549474793961 28.000259167890473 0.80695600159972891 643.55648410572644 0.0037124161096608473 0.013687396700051674 -0.012766675804073618 0
1050 1 1 140486400 148091447.4394322 36317627.557342954 1919504.2853111031 -8.0355820196653216 27.888667290325163 0.79913963968294877 643.51443653350418 0.0032702455724696916 0.013641522387139194 -0.012966989787013324 0
1051 1 1 140572800 147376523.44020525 38722098.679400921 1988202.8095386829 -8.5133658058144857 27.769048626157158 0.79106007681891444 643.47231128054784 0.0028341022134420841 0.013604686786616318 -0.013178909202734406 0
1052 1 1 140659200 146620377.49461302 41115887.991392128 2056191.8759769935 -8.9897722668691209 27.641403331411858 0.78271695485918158 643.43004877958526 0.0024022625113696997 0.013576024756013301 -0.013402158376026518 0
1053 1 1 140745600 145823134.17773512 43498302.058682591 2123448.701601008 -9.4646722770278551 27.505733218507949 0.77411002665685136 643.38759230339588 0.0019731241647462914 0.013554659840819161 -0.013636381903320579 0
1054 1 1 140832000 144984929.24543077 45868647.676026389 2189950.4872477404 -9.9379361472092231 27.362041790808671 0.76523916761839161 643.34488787960174 0.0015452051128333928 0.013539710463350379 -0.013881153788579459 0
1055 1 1 140918400 144105909.68312383 48226232.015205041 2255674.4286599448 -10.409433622582332 27.210334278529693 0.75610438603625363 643.30188420468573 0.0011171414091394047 0.013530295445915217 -0.014135986418921605 0
1056 1 1 141004800 143186233.75473464 50570362.775823578 2320597.7283709655 -10.879033881655145 27.050617675881064 0.74670583223644316 643.25853255765696 0.00068768417364801831 0.01352553881835509 -0.014400339110681714 0
1057 1 1 141091200 142226071.0516184 52900348.339364611 2384697.608330911 -11.34660553706645 26.88290077931245 0.7370438066018643 643.21478671396187 0.00025569582320151695 0.013524573863117433 -0.014673626154685069 0
1058 1 1 141177600 141225602.54135618 55215497.926588804 2447951.3231805433 -11.812016638202932 26.707194226720038 0.72711876655141627 643.17060286039725 -0.00017985425527091873 0.013526546572851976 -0.014955224505977013 0
1059 1 1 141264000 140185020.61623847 57515121.758370608 2510336.1740706344 -12.275134675740858 26.523510537818314 0.71693133208147197 643.12593950213784 -0.00061989446119450366 0.013530621842259274 -0.015244485723231184 0
1060 1 1 141350400 139104529.14126793 59798531.220047548 2571829.5229290356 -12.735826588226493 26.331864154775122 0.70648229102615767 643.08075738388982 -0.0010652563668634403 0.013535976179298864 -0.015540729378195044 0
1061 1 1 141436800 137984343.50150561 62065039.029282667 2632408.8071805476 -13.193958770705777 26.132271483272 0.69577260376134875 643.03501941813704 -0.0015166792477972213 0.013541806278119684 -0.015843258354580524 0
1062 1 1 141523200 136824690.64858177 64313959.407530606 2692051.5547944703 -13.649397085443701 25.924750934680926 0.68480340630498826 642.98869059823346 -0.0019748155724885843 0.013547330515518888 -0.016151364937544661 0
1063 1 1 141609600 135625809.14618653 66544608.255163036 2750735.3995721587 -14.102006874824665 25.709322968545138 0.67357601284372459 642.9417379159147 -0.0024402362274234734 0.013551788191227361 -0.016464333708060597 0
1064 1 1 141696000 134387949.21435216 68756303.330273435 2808438.0966328671 -14.551652976421705 25.486010135279862 0.66209191776274023 642.89413028333115 -0.0029134354677860428 0.013554439865071289 -0.016781445790278675 0
1065 1 1 141782400 133111372.7723607 70948364.43112573 2865137.5381176881 -14.998199739725671 25.254837117729807 0.65035279879002195 642.84583849341095 -0.00339483619182498 0.013554567736850209 -0.017101982531400446 0
1066 1 1 141868800 131796353.47984548 73120113.582896218 2920811.7683211979 -15.44151105362039 25.015830795179575 0.63836049321484223 642.79683460077968 -0.0038848930714650508 0.013551729203812923 -0.017425530743766526 0
1067 1 1 141955200 130443176.77556603 75270875.229444385 2975438.9973203614 -15.881450364718363 24.769020273681782 0.62611701287104726 642.74709216845724 -0.0043838559110675667 0.013545080189247872 -0.017751193025462617 0
1068 1 1 142041600 129052139.91516303 77399976.425995559 3028997.6178966132 -16.317880692358013 24.514436905505868 0.61362457188574182 642.69658680868042 -0.0048919443392253532 0.013533912861056378 -0.018078215426704881 0
1069 1 1 142128000 127623552.00680868 79506747.03569746 3081466.2223107545 -16.750664657583215 24.252114344045019 0.60088557356505845 642.64529582559828 -0.0054093245146267493 0.013517552388629797 -0.018405860717854491 0
1070 1 1 142214400 126157734.04441603 81590519.930354089 3132823.6186054302 -17.17966451138399 23.982088588234785 0.5879026090460745 642.5931981250568 -0.0059361131492286041 0.013495357841501035 -0.018733421780176153 0
1071 1 1 142300800 124655018.93829219 83650631.195037499 3183048.8466767333 -17.60474216571793 23.704398027928089 0.57467845345086588 642.54027408508307 -0.0064723858629258868 0.013466725733018986 -0.019060230221799368 0
1072 1 1 142387200 123115751.54301387 85686420.336587042 3232121.1940307743 -18.0257592264851 23.419083487938256 0.56121606320866935 642.48650545778696 -0.0070181721017210262 0.013431069737152673 -0.019385632104096419 0
1073 1 1 142473600 121540288.68239546 87697230.495820001 3280020.2114084917 -18.442577028030993 23.126188270357556 0.5475185750931898 642.43187531409149 -0.007573457537358331 0.013387819833912951 -0.019708988647669599 0
1074 1 1 142560000 119928999.17138331 89682408.663389713 3326725.7283149324 -18.855056669795964 22.825758196649971 0.53358930498887192 642.37636798851031 -0.0081381860293047118 0.013336421570785364 -0.020029676666937467 0
1075 1 1 142646400 118282263.83469275 91641305.899263695 3372217.868437293 -19.263059055054338 22.517841649361838 0.51943174655196123 642.31996902707783 -0.008712261397865996 0.013276335383026248 -0.02034708887989161 0
1076 1 1 142732800 116600475.52200873 93573277.555788025 3416477.0649432209 -19.666444931737132 22.202489613396736 0.50504956978062221 642.26266513844962 -0.0092955488730190796 0.013207035990475792 -0.020660634079741082 0
1077 1 1 142819200 114884039.11956888 95477683.504296482 3459484.0756524149 -20.065074935321981 21.879755716803981 0.49044661951606922 642.20444414836993 -0.0098878762467190535 0.013128011916016889 -0.020969737100931408 0
1078 1 1 142905600 113133371.55795291 97353888.365221113 3501219.9980763067 -20.458809633778277 21.549696271028566 0.47562691388797995 642.14529495762361 -0.010489034773290625 0.013038765104064225 -0.021273838761567358 0
1079 1 1 142992000 111348901.81590006 99201261.741655678 3541666.2843210818 -20.847509574562579 21.2123703105717 0.46059464270644485 642.0852075034295 -0.01109877989477176 0.012938810699167193 -0.021572395741867787 0
1080 1 1 143078400 109531070.91997722 101019178.45631784 3580804.755849814 -21.231035333659165 20.867839632004369 0.44535416581113457 642.02417272442767 -0.011716831736858318 0.012827676884261325 -0.02186488035154098 0
1081 1 1 143164800 107680331.93992245 102807018.79185221 3618617.6181001593 -21.609247566660098 20.516168832280911 0.4299100113761713 641.96218252921983 -0.01234287545325285 0.012704904960687019 -0.022150780378818218 0
1082 1 1 143251200 105797149.97948663 104564168.73441185 3655087.4749536593 -21.982007061880708 20.157425346296641 0.41426687417324315 641.89922976853222 -0.012976561396155864 0.012570049480728592 -0.022429598788723921 0
1083 1 1 143337600 103882002.16259827 106290020.22044936 3690197.3430533279 -22.349174795513687 19.791679483623565 0.39842961379372893 641.83530821104284 -0.013617505255996533 0.01242267854414103 -0.02270085353338433 0
1084 1 1 143424000 101935377.61467519 107983971.38664475 3723930.665965362 -22.710611988820208 19.419004464370392 0.38240325281756854 641.77041252271829 -0.014265288006964499 0.012262374305715289 -0.022964077369630277 0
1085 1 1 143510400 99957777.438906193 109645426.82289094 3756271.3281803257 -23.066180167359111 19.039476454098821 0.36619297492880026 641.70453824972094 -0.014919455896021226 0.012088733522940331 -0.023218817655777532 0
1086 1 1 143596800 97949714.687327668 111273797.82825348 3787203.6689488078 -23.415741222262898 18.653174597727411 0.34980412296362234 641.63768180470686 -0.015579520367580693 0.011901368321298716 -0.023464636318616585 0
1087 1 1 143683200 95911714.326517239 112868502.66981278 3816712.4959451254 -23.759157473559494 18.260181052357019 0.3332421968844097 641.56984045646709 -0.01624495796061071 0.011699907067967755 -0.023701109713088978 0
1088 1 1 143769600 93844313.197727695 114428966.84429359 3844783.098752765 -24.096291735545989 17.860581018943652 0.31651285167486737 641.50101232285897 -0.016915210276314315 0.011483995389330853 -0.023927828635522768 0
1089 1 1 143856000 91748059.971283823 115954623.34237844 3871401.2621638058 -24.427007384227089 17.45446277274274 0.29962189513752546 641.43119636672316 -0.017589684043462627 0.011253297297525578 -0.02414439839948429 0
1090 1 1 143942400 89623515.095063001 117444912.91559532 3896553.2792834449 -24.751168426821089 17.041917692442105 0.2825752855823071 641.36039239466118 -0.018267751183049206 0.01100749640621807 -0.024350438974689328 0
1091 1 1 144028800 87471250.73688139 118899284.34566309 3920225.9644299299 -25.0686395733346 16.62304028790458 0.26537912940271335 641.28860105859519 -0.018948748997103707 0.010746297326577739 -0.024545585095854989 0
1092 1 1 144115200 85291850.720606163 120317194.71617049 3942406.6658196738 -25.379286310213121 16.197928226433358 0.24803967852050368 641.21582385978797 -0.019631980493756064 0.010469427071336183 -0.024729486622213911 0
1093 1 1 144201600 83085910.455814317 121698109.68645765 3963083.2780252495 -25.682974976079656 15.766682357463795 0.23056332768577775 641.14206315502781 -0.020316714943603466 0.010176636553283189 -0.024901808793637216 0
1094 1 1 144288000 80854036.860817611 123041503.76755904 3982244.2541939514 -25.97957283955931 15.329406735590835 0.21295661163137328 641.06732216485932 -0.0210021884671928 0.0098677021712291549 -0.025062232596415723 0
1095 1 1 144374400 78596848.278873324 124346860.60006125 3999878.6180134406 -26.268948179187547 14.886208641835044 0.19522620206055641 640.99160498348238 -0.021687604901062599 0.0095424274439464725 -0.025210455260868559 0
1096 1 1 144460800 76314974.387400746 125613673.23371814 4015975.9754094826 -26.550970365411736 14.437198603047092 0.17737890445745666 640.91491658989935 -0.022372136905880798 0.0092006446973095218 -0.025346190745663778 0
1097 1 1 144547200 74009056.100022048 126841444.40865822 4030526.5259603467 -26.825509944677368 13.98249040933778 0.15942165471700692 640.83726286013871 -0.023054927192720866 0.0088422166607731931 -0.025469170256859634 0
1098 1 1 144633600 71679745.461249307 128029686.83800863 4043521.0740119768 -27.092438725587009 13.52220112942496 0.14136151558669083 640.75865058026727 -0.023735090019046712 0.0084670381790819538 -0.025579142809588114 0
1099 1 1 144720000 69327705.533637226 129177923.49175113 4054951.039477108 -27.35162986713074 13.056451123786539 0.12320567290609361 640.67908745964519 -0.024411712996144128 0.0080750378164351749 -0.025675875898234144 0
1100 1 1 144806400 66953610.277224109 130285687.8816157 4064808.4683006238 -27.602957968969793 12.585364055497326 0.10496143164353373 640.59858214417045 -0.025083859030160804 0.0076661794461750392 -0.025759156050902163 0
1101 1 1 144892800 64558144.421084568 131352524.3468055 4073086.042573622 -27.846299163750832 12.109066898629578 0.08663621172356914 640.51714422913642 -0.025750568596059523 0.0072404637567008191 -0.025828789550606496 0
1102 1 1 144979200 62142003.326819047 132377988.34033842 4079777.0902776308 -28.081531211428601 11.627689944092653 0.068237543640968221 640.43478427127616 -0.026410862209631937 0.0067979296926714214 -0.025884603018820087 0
1103 1 1 145065600 59705892.843808599 133361646.71577774 4084875.5946408091 -28.308533595562793 11.141366802782269 0.049773063862093458 640.35151379966453 -0.027063743172386745 0.0063386557477238988 -0.025926444101099694 0
1104 1 1 145152000 57250529.156065382 134303078.01411361 4088376.2030874137 -28.527187621551317 10.650234405906401 0.031250510010465367 640.26734532505554 -0.027708200539975893 0.0058627611484287955 -0.025954182061306886 0
1105 1 1 145238400 54776638.620514028 135201872.75054646 4090274.2357621184 -28.737376516753631 10.154433002359827 0.012677715838072489 640.18229234726266 -0.028343212335056208 0.0053704069341396149 -0.025967708421172749 0
1106 1 1 145324800 52284957.596542627 136057633.70091081 4090565.6936105844 -28.938985532447774 9.654106153002493 -0.0059373940153101788 640.09636936025174 -0.028967748936335143 0.0048617967134262589 -0.025966937493407803 0
1107 1 1 145411200 49776232.266667545 136869976.18746588 4089247.2659984143 -29.131902047558057 9.1494007217052129 -0.024586809467347381 640.00959185461818 -0.029580776710831327 0.004337177403955568 -0.0259518068996532 0
1108 1 1 145497600 47251218.448162481 137638528.36376864 4086316.3378508599 -29.316015674076503 8.6404668630311203 -0.043262440640250643 639.92197631709689 -0.030181261735817623 0.0037968396837967525 -0.025922278038638058 0
1109 1 1 145584000 44710681.395508744 138362931.49833101 4081770.9962960859 -29.491218364103439 8.1274580064060622 -0.061956123704564638 639.83354022669221 -0.030768173867877346 0.0032411182196752336 -0.025878336506564889 0
1110 1 1 145670400 42155395.593530387 139042840.25675374 4075610.0367954941 -29.657404518410669 7.61053083663829 -0.080659626906037896 639.74430204721796 -0.031340490715208481 0.0026703916624560807 -0.025819992367766841 0
1111 1 1 145756800 39586144.541088007 139677922.98201388 4067832.9687457089 -29.81447109641546 7.0898452706534139 -0.09936465676932428 639.65428121602758 -0.031897201848234989 0.002085082448902824 -0.025747280462488226 0
1112 1 1 145843200 37003720.525213428 140267861.97257376 4058440.0205372283 -29.962317727456416 6.5655644303007428 -0.11806286446698876 639.56349812863721 -0.032437313032429242 0.0014856562196986021 -0.02566026050451924 0
1113 1 1 145929600 34408924.385578893 140812353.7579658 4047432.1440562867 -30.100846823242758 6.0378546110966527 -0.13674585233903433 639.47197411907587 -0.032959850539833767 0.00087262111490987954 -0.025559017177109841 0
1114 1 1 146016000 31802565.269204609 141311109.37149704 4034811.0186172463 -30.229963691332078 5.5068852467803007 -0.1554051805516484 639.37973143584964 -0.033463865367929217 0.00024652675108961715 -0.025443660065509591 0
1115 1 1 146102400 29185460.375323009 141763854.61970487 4020579.054314089 -30.349576649492256 4.9728288695466514 -0.1740323738860417 639.28679321327297 -0.033948437626018284 -0.00039203710102584294 -0.025314323612478852 0
1116 1 1 146188800 26558434.690329399 142170330.34818634 4004739.3947803006 -30.459597140788084 4.4358610658311068 -0.19261892863652916 639.1931834380938 -0.034412680716468545 -0.0010424421053466118 -0.025171166770442781 0
1117 1 1 146275200 23922320.712764427 142530292.70341033 3987295.9193488825 -30.559939849206412 3.8961604275355901 -0.21115631960043937 639.09892691152527 -0.034855745438013515 -0.0017040231264110004 -0.025014372720135545 0
1118 1 1 146361600 21277958.168290175 142843513.39011508 3968253.2446046877 -30.65052281563068 3.3539084985801781 -0.22963600714885019 639.00404920668041 -0.035276823921007831 -0.0023760803979666918 -0.024844148366830538 0
1119 1 1 146448000 18626193.71463789 143109779.9238821 3947616.7253232272 -30.731267553972106 2.8092897166747988 -0.24804944435710155 638.90857662140513 -0.035675153529873681 -0.0030578818186504614 -0.024660723795905105 0
1120 1 1 146534400 15967880.636522446 143328895.87846908 3925392.4547910774 -30.802099167250777 2.2624913502254289 -0.26638808418656146 638.81253612649448 -0.036050020487797346 -0.0037486654945363762 -0.024464351648323158 0
1121 1 1 146620800 13303878.530538058 143500681.12747809 3901587.2645044266 -30.862946463392198 1.7137034302837939 -0.28464338669249861 638.71595530966954 -0.036400763215074711 -0.0044476425607919336 -0.024255306270117068 0
1122 1 1 146707200 10635052.980069492 143624972.07992768 3876208.7232443062 -30.913742070516925 1.1631186774614515 -0.30280682624557381 638.61886231532981 -0.036726775588362418 -0.0051540002019113537 -0.024033882931914861 0
1123 1 1 146793600 7962275.2202727851 143701621.90929037 3849265.1355276913 -30.954422551477887 0.61093242375304213 -0.32086989875194016 638.52128578032705 -0.037027509709637085 -0.0058669047614825064 -0.023800396798276672 0
1124 1 1 146880000 5286421.7932019234 143730500.77555376 3820765.5394358519 -30.984928517387328 0.057342529215601339 -0.33882412884688795 638.42325476620226 -0.037302478503468975 -0.0065855051326190609 -0.023555181860236807 0
1125 1 1 146966400 2608374.1931792423 143711496.03985897 3790719.7038224707 -31.005204739882398 -0.49745070654331286 -0.35666107705768174 638.32479868792552 -0.037551257955847975 -0.0073089362738895059 -0.023298589864260026 0
1126 1 1 147052800 -70981.497469358932 143644512.47126696 3759138.1249048798 -31.015200261851085 -1.0532446380820195 -0.37437234691502352 638.22594723968473 -0.03777348891820257 -0.0080363227174683142 -0.023030989021532382 0
1127 1 1 147139200 -2750754.9821696212 143529472.44520196 3726032.0222439175 -31.014868506348005 -1.6098343730554787 -0.39194959199242835 638.12673031807981 -0.037968878687960173 -0.0087667822796149483 -0.022752762718210466 0
1128 1 1 147225600 -5430052.1331765782 143366316.13312244 3691413.3341188505 -31.004167383428133 -2.1670128763625529 -0.40938452286943133 638.02717794288969 -0.038137202176957034 -0.0094994298055676597 -0.022464308208847022 0
1129 1 1 147312000 -8107975.3837819807 143155001.68296912 3655294.7123045996 -30.983059394599305 -2.7245710794881077 -0.42666891399845508 637.92732017607148 -0.038278302559984996 -0.010233380964095012 -0.022166035131849893 0
1130 1 1 147398400 -10783624.129432935 142895505.38994235 3617689.5162604568 -30.951511734601795 -3.2822979950010991 -0.44379461046133856 637.82718703946978 -0.038392091630551177 -0.010967756001738412 -0.021858364086380502 0
1131 1 1 147484800 -13456095.137518836 142587821.85716632 3578611.8067399203 -30.909496390236001 -3.8399808361552332 -0.46075353461048824 637.72680843146338 -0.038478549821250048 -0.011701683513976437 -0.021541725146194197 0
1132 1 1 147571200 -16124482.965558974 142231964.1458016 3538076.3388322853 -30.856990235945226 -4.3974051415213804 -0.47753769257887319 637.62621404304218 -0.0385377257719225 -0.012434304115476011 -0.021216556312988796 0
1133 1 1 147657600 -18787880.387497395 141827963.9141756 3496098.5544479736 -30.793975125849656 -4.9543549045633215 -0.49413918064436774 637.52543327397973 -0.038569735429072466 -0.013164774074682271 -0.02088330192582534 0
1134 1 1 147744000 -21445378.827785708 141375871.54550672 3452694.5742605701 -30.720437981943157 -5.5106127080628466 -0.51055019144115465 637.42449514944667 -0.038574760881739577 -0.013892268921763276 -0.02054241111063396 0
1135 1 1 147830400 -24096068.802910171 140875756.26381016 3407881.1891189078 -30.63637087816938 -6.0659598632586409 -0.52676302001486974 637.32342823747638 -0.038553048779461287 -0.014615986679973055 -0.020194336236828498 0
1136 1 1 147916800 -26739040.369994462 140327706.2375837 3361675.8509432562 -30.541771120086906 -6.6201765535554049 -0.54277006970544439 637.22226056789816 -0.038504908388649416 -0.015335151136764735 -0.019839531271054436 0
1137 1 1 148003200 -29373383.582084946 139731828.67088342 3314096.6631209725 -30.436641319845972 -7.1730419826634009 -0.55856385785314022 637.12101955304877 -0.038430709346578829 -0.01604901494280319 -0.019478450282452476 0
1138 1 1 148089600 -31998188.949701663 139088249.88141692 3265162.3704166366 -30.320989466206505 -7.724334526984693 -0.57413702132901112 637.0197319106444 -0.038330879108702358 -0.016756862393192559 -0.019111545915210283 0
1139 1 1 148176000 -34612547.908214875 138397115.36529246 3214892.3484125985 -30.194828989327135 -8.2738318920561493 -0.5894823218712949 636.91842358938311 -0.038205900027876993 -0.017458012106555922 -0.018739267786429856 0
1140 1 1 148262400 -37215553.290584035 137658589.84808391 3163306.592497013 -30.058178820063493 -8.8213112728405623 -0.60459265122643735 636.81711969771379 -0.038056306188878564 -0.018151819327071005 -0.018362061061408249 0
1141 1 1 148348800 -39806299.804974362 136872857.32188937 3110425.7064158684 -29.911063443540758 -9.366549517638715 -0.61946103609934633 636.71584443596532 -0.037882680110498793 -0.018837678070200852 -0.017980365035269948 0
1142 1 1 148435200 -42383884.51674632 136040121.06807786 3056270.890405877 -29.753512946762619 -9.9093232953932926 -0.6340806429043705 636.61462103218321 -0.037685649101878584 -0.019515023022216801 -0.017594611736848821 0
1143 1 1 148521600 -44947407.334292389 135160603.66544503 3000863.9289256986 -29.585563060027937 -10.449409266129649 -0.64844478231138769 636.51347168210543 -0.037465881486128005 -0.020183331123936096 -0.017205224570173167 0
1144 1 1 148608000 -47495971.498177268 134234546.98351631 2944227.17800334 -29.407255191947645 -10.986584254254195 -0.66254691358455486 636.41241749361109 -0.037224082643669089 -0.020842122769069309 -0.016812617029697306 0
1145 1 1 148694400 -50028684.073020443 133262212.16076399 2886383.5522174542 -29.218636457876723 -11.520625424439718 -0.67638064871973991 636.31147843565498 -0.03696099107784577 -0.021490962935927518 -0.016417191557827775 0
1146 1 1 148780800 -52544656.441544041 132243879.56752639 2827356.5113298763 -29.019759701575214 -12.051310459804588 -0.68993975637798088 636.21067329201537 -0.036677374159435797 -0.022129461808476351 -0.016019338372714863 0
1147 1 1 148867200 -55043004.800193459 131179848.75344399 2767170.0465873843 -28.810683509935249 -12.578417742073713 -0.70321816560942352 636.11001962012665 -0.036374024040625445 -0.022757275238756109 -0.015619434404300464 0
1148 1 1 148953600 -57522850.655726388 130070438.37925585 2705848.6667105961 -28.591472220636572 -13.101726533412219 -0.71620996937251113 636.00953371496041 -0.03605175340584884 -0.023374104860272873 -0.015217842329558908 0
1149 1 1 149040000 -59983321.322152324 128915986.13282435 2643417.3835874638 -28.362195922594086 -13.621017159608435 -0.72890942785371537 635.90923057815928 -0.035711391253908903 -0.023979697998308912 -0.01481490972296679 0
1150 1 1 149126400 -62423550.417395853 127716848.62928699 2579901.6976886583 -28.122930449095321 -14.136071194271791 -0.74131097158313453 635.80912389244008 -0.035353778770652655 -0.024573847198825802 -0.014410968187692557 0
1151 1 1 149212800 -64842678.359048001 126473401.2952621 2515327.583222568 -27.873757363541312 -14.64667164369898 -0.75340920434986514 635.7092260013136 -0.034979765248837898 -0.025156389522252586 -0.014006332700988933 0
1152 1 1 149299200 -67239852.858563334 125186038.23706509 2449721.4730468094 -27.614763937719015 -15.152603132071741 -0.76519890592081408 635.6095478940565 -0.034590204090378621 -0.025727205663848559 -0.013601300939293204 0
1153 1 1 149385600 -69614229.413255334 123855172.09292218 2383110.2433534455 -27.346043122553386 -15.653652086635276 -0.77667503456181008 635.51009919594185 -0.034185948910099302 -0.026286218752772469 -0.01319615276406433 0
1154 1 1 149472000 -71964971.795438722 122481233.86919835 2315521.1981445625 -27.067693511311191 -16.149606922495742 -0.78783272937073567 635.41088816366232 -0.033767849822610836 -0.026833392923969013 -0.012791149811381974 0
1155 1 1 149558400 -74291252.538066238 121064672.76068783 2246982.0535143027 -26.779819295254807 -16.640258226689344 -0.7986673124239233 635.31192168568236 -0.033336749943741029 -0.027368731794806762 -0.012386535142109346 0
1156 1 1 149644800 -76592253.416208357 119605955.95504539 2177520.9217534633 -26.48253021175476 -17.125398941166797 -0.80917429073800451 635.21320528741171 -0.032893481993015637 -0.027892276658772412 -0.011982532998932089 0
1157 1 1 149731200 -78867165.923724711 118105568.42146786 2107166.2952924231 -26.175941484888082 -17.604824544326938 -0.81934935805089038 635.11474314117936 -0.032438865128647867 -0.028404104500964769 -0.011579348640213205 0
1158 1 1 149817600 -81115191.744480744 116564012.68376587 2035947.0304978602 -25.86017375858529 -18.07833323075382 -0.82918839642626041 635.01653808059132 -0.031973702087161382 -0.02890432599527085 -0.011177168286328013 0
1159 1 1 149904000 -83335543.217469126 114981808.57799728 1963892.3313383393 -25.535353022392197 -18.54572608880223 -0.83868747768469865 634.91859161915977 -0.031498776398719897 -0.029393083227139575 -0.010776159127832811 0
1160 1 1 149990400 -85527443.795200825 113359492.99486224 1891031.7329334589 -25.201610529942307 -19.006807275683165 -0.847842864670592 634.8209039729096 -0.031014850033772787 -0.029870547474610983 -0.010376469507924865 0
1161 1 1 150076800 -87690128.494741604 111697619.6070914 1817395.0850005271 -24.859082710257209 -19.46138418971276 -0.8566510123544836 634.72347408658368 -0.030522661169454145 -0.030336916824991077 -0.0099782290473759468 0
1162 1 1 150163200 -89822844.340779737 109996758.58208661 1743012.5352132467 -24.50791107199862 -19.909267639377255 -0.86510856877039477 634.62629966338773 -0.030022922251267535 -0.030792413709638984 -0.009581548940571432 0
1163 1 1 150249600 -91924850.800121576 108257496.28010359 1667914.5124859861 -24.14824210083059 -20.350272008894567 -0.87321237580268807 634.52937719775002 -0.02951631836901545 -0.031237282544819715 -0.0091865223643689837 0
1164 1 1 150336000 -93995420.207028285 106480434.93829292 1592131.7101965402 -23.780227150059119 -20.784215419953266 -0.88095946982120654 634.43270201079793 -0.029003505824759072 -0.031671787251697676 -0.008793224865960951 0
1165 1 1 150422400 -96033838.178819597 104666192.34094331 1515695.0693606359 -23.404022324733422 -21.210919889315928 -0.88834708216520031 634.33626828829244 -0.028485111004429638 -0.032096208874079164 -0.0084017148710446611 0
1166 1 1 150508800 -98039404.021188587 102815401.47629714 1438635.7617708822 -23.019788359412022 -21.630211481988102 -0.89537263948241885 634.24006912066352 -0.027961729457708893 -0.032510843152973833 -0.0080120342356810835 0
1167 1 1 150595200 -100011431.1226898 100928710.18033479 1360985.1731126278 -22.627690489808828 -22.041920459660098 -0.90203376392537005 634.14409654490282 -0.027433925235368747 -0.032915998191049275 -0.0076242088642553343 0
1168 1 1 150681600 -101949247.33788157 99006780.767947048 1282774.8860688114 -22.227898318559152 -22.445881424157268 -0.90832827321098153 634.04834158777578 -0.026902230527001574 -0.0333119922857502 -0.0072382494077165502 0
1169 1 1 150768000 -103852195.35862534 97050289.651938647 1204036.6634255352 -21.820585675351758 -22.841933455631313 -0.91425418054282492 633.95279431010306 -0.026367145445320588 -0.033699151702076303 -0.0068541519348559472 0
1170 1 1 150854400 -105719633.07306629 95059926.950328812 1124802.4311903606 -21.405930471681859 -23.229920245237647 -0.91980969439596827 633.85744385193379 -0.025829138032303075 -0.034077808616264471 -0.0064718986861324159 0
1171 1 1 150940800 -107550933.91184188 93036396.082434639 1045104.261734903 -20.984114550499591 -23.60969022207307 -0.924993218169749 633.7622784781671 -0.025288644471097924 -0.034448299209607694 -0.0060914588564877602 0
1172 1 1 151027200 -109345487.1810898 90980413.354243055 964974.35697304353 -20.555323531039637 -23.981096674152546 -0.92980334971111267 633.66728562431933 -0.024746069501080489 -0.034810961831773353 -0.0057127894195036708 0
1173 1 1 151113600 -111102698.38185184 88892707.533595353 884445.03158597345 -20.119746649127045 -24.343997863221794 -0.9342388807060249 633.57245194216159 -0.024201786987083605 -0.035166135352921041 -0.0053358359086607184 0
1174 1 1 151200000 -112821989.51549505 86774019.415725157 803548.69630551664 -19.677576593254919 -24.698257133215819 -0.93829879594073196 633.47776334504238 -0.023656140562307408 -0.035514157573750878 -0.0049605332808526229 0
1175 1 1 151286400 -114502799.37479883 84625101.379705891 722317.84126677958 -19.229009336751851 -25.043743012194707 -0.94198227243440591 633.38320505255456 -0.023109444556688861 -0.03585536389219509 -0.0045868067262761622 0
1176 1 1 151372800 -116144583.82038411 82446716.936378628 640785.01944141311 -18.774243966356686 -25.380329307604754 -0.94528867844126774 633.28876163429027 -0.02256198487660336 -0.036190086031287032 -0.0042145725123572441 0
1177 1 1 151459200 -117746816.04218704 80239640.268342838 558982.83016261458 -18.313482507516088 -25.707895194719033 -0.94821757232480453 633.19441705265137 -0.022014020039087135 -0.03651865090221159 -0.0038437388154940041 0
1178 1 1 151545600 -119308986.80570924 78004655.762605026 476943.90275301662 -17.846929746740688 -26.026325298143828 -0.95076870130119373 633.10015470438179 -0.021465782301633513 -0.036841379701137565 -0.0034742065167452344 0
1179 1 1 151632000 -120830604.68280432 75742557.536487982 394700.88026675646 -17.374793051351908 -26.33550976628592 -0.95294200005397733 633.00595746068439 -0.020917478826752559 -0.037158587034507064 -0.0031058700314648565 0
1180 1 1 151718400 -122311196.26678981 73454148.957414284 312286.40335681639 -16.897282186951283 -26.635344338685833 -0.95473758921783214 632.91180770593314 -0.020369292869860268 -0.037470580192798815 -0.0027386180471945416 0
1181 1 1 151804800 -123750306.37170225 71140242.157181829 229733.09427911782 -16.414609132951679 -26.925730406158888 -0.9561557737307802 632.81768737470748 -0.019821385034667655 -0.037777658659596196 -0.0023723343033820905 0
1182 1 1 151891200 -125147498.21554258 68801657.541356996 147073.5410446047 -15.926987896509388 -27.206575063687101 -0.95719704105460734 632.72357798711869 -0.019273894510030466 -0.038080113578991437 -0.002006898278148558 0
1183 1 1 151977600 -126502353.5873885 66439223.294411622 64340.281730864415 -15.434634325193507 -27.477791156021677 -0.95786205926297829 632.62946068245685 -0.018726940314508882 -0.038378227423935735 -0.001642185907165172 0
1184 1 1 152064000 -127814472.9982789 64053774.881235912 -18434.211035434862 -14.93776591872936 -27.739297315983052 -0.95815167499788445 632.535316251052 -0.018180622512095727 -0.038672273730688017 -0.0012780702152017322 0
1185 1 1 152150400 -129083475.81580491 61646154.545657814 -101217.54541376754 -14.436601640152363 -27.991017995451298 -0.9580669112933986 632.44112516440691 -0.017635023437241694 -0.038962516885199659 -0.00091442195221139882 0
1186 1 1 152236800 -130309000.38237131 59217210.806600258 -183977.42549118763 -13.931361726706665 -28.232883489062456 -0.95760896526456973 632.34686760359091 -0.017090208875515333 -0.039249212029639498 -0.0005511101274468229 0
1187 1 1 152323200 -131490704.11712067 56767797.952504799 -266681.66621841461 -13.422267500814126 -28.464829950642205 -0.95677920566865482 632.25252348593517 -0.016546229176900153 -0.03953260498994924 -0.00018800265096811759 0
1188 1 1 152409600 -132628263.60153948 54298775.534648076 -349298.20812979515 -12.909541181440174 -28.686799402418181 -0.95557917033691098 632.1580724901554 -0.01600312037860846 -0.039812932233139968 0.00017503323962587541 0
1189 1 1 152496000 -133721374.64879522 51811007.859971598 -431795.13183545851 -12.39340569617894 -28.898739737075076 -0.95401056347248225 632.06349407991911 -0.015460905257450483 -0.040090420908424844 0.00053813047717672755 0
1190 1 1 152582400 -134769752.35687983 49305363.484040916 -514140.67227476567 -11.874084494363418 -29.100604712726831 -0.95207525282779837 631.96876752603328 -0.014919594267693159 -0.040365288837008795 0.000901421674579586 0
1191 1 1 152668800 -135773131.14566144 46782714.704741821 -596303.23272060486 -11.351801361515843 -29.292353940896255 -0.94977526675806379 631.87387192733115 -0.014379186588419466 -0.040637744586516089 0.0012650387564842893 0
1192 1 1 152755200 -136731264.77797341 44243937.057313159 -678251.39852372208 -10.826780235437534 -29.473952867613146 -0.94711279115232072 631.77878623028903 -0.013839670962500761 -0.040907987556567792 0.0016291125522662491 0
1193 1 1 152841600 -137643926.36489463 41689908.811305977 -759953.9505869986 -10.299245024227206 -29.645372747752255 -0.94409016625181796 631.68348924750308 -0.013301026616014976 -0.041176208100223058 0.0019937724143237788 0
1194 1 1 152928000 -138510908.35539967 39121510.470046408 -841379.87855985318 -9.7694194265028393 -29.806590612761568 -0.94070988335288463 631.58795967490664 -0.012763224062798362 -0.041442587850321594 0.0023591458905767768 0
1195 1 1 153014400 -139332022.5108628 36539624.271695681 -922498.39372374676 -9.2375267611068423 -29.957589268423625 -0.93697458093978092 631.49217551325557 -0.012226228160940626 -0.041707300086161005 0.0027253575712452879 0
1196 1 1 153100800 -140107099.85793644 33945133.717587955 -1003278.9429025777 -8.7037896008081663 -30.098356491046815 -0.93288707638139168 631.3961266834873 -0.011688800906767138 -0.041964111203644038 0.0030924367248454437 0
1197 1 1 153187200 -140835990.6939328 31338923.016579367 -1083691.1956901895 -8.1684319234337064 -30.228889374454752 -0.92844956228606745 631.29973620202713 -0.011167818859937678 -0.042256687940389288 0.0034653645709986983 0
1198 1 3 153267795.16648141 -141474158.98507106 28898026.034451172 -1158342.443951847 -7.6677682298205179 -30.341420070800417 -0.92400102831271402 631.20962419495072 0 0 0 11
1199 1 1 153273600 -141518564.31944293 28721876.595039286 -1163705.1542707556 -7.6316651049985316 -30.349180779519372 -0.92366939327628583 631.20313316753709 -0.010492857248089274 -0.042422969225879632 0.003772011096420988 0
1200 1 1 153360000 -142154707.59984252 26094879.522446454 -1243291.7727474771 -7.0936897277612427 -30.459231331989383 -0.91855941582370548 631.1064515943923 -0.0097221461539062932 -0.042647948564369376 0.0040177236711652475 0
1201 1 1 153446400 -142744315.18288878 23458829.931020856 -1322423.5271589209 -6.5544723587737108 -30.558707169901158 -0.91314161523571113 631.01588841387093 -0.009085588628687611 -0.042789014130698265 0.0042659551137154772 0
1202 1 1 153532800 -143287397.63200438 20814496.536013648 -1401067.7215749347 -6.0178305884520453 -30.652432784346264 -0.90721270448351687 630.84012837694934 -0.053299686626877354 -0.10314471278476045 0.0070595418750484 0
1203 1 1 153619200 -143784277.14003322 18162252.217827141 -1479176.2410980214 -5.4838928991168139 -30.740372295518416 -0.90081596742849845 630.57861409025088 -0.051447849721253144 -0.10247375732141349 0.0067736079321816913 0
1204 1 1 153705600 -144234989.68400645 15502870.502941769 -1556722.5590096158 -4.9492048310087773 -30.817676967098457 -0.89419824864920128 630.32722512404348 -0.049613579457624686 -0.1017662617328451 0.006489999909832316 0
1205 1 1 153792000 -144639492.00181258 12837253.231612979 -1633686.9418027776 -4.4142482269418899 -30.884718138293685 -0.8873459280893794 630.07906620662413 -0.047809383362037917 -0.10101570838407924 0.0062077135160910355 0
1206 1 1 153878400 -144997770.32496282 10166285.985565154 -1710049.2970164001 -3.8792411231486779 -30.941524184750801 -0.88026311025258219 629.83415812548287 -0.046033871527959937 -0.10022476762682685 0.0059272671029743738 0
1207 1 1 153964800 -145309829.64045033 7490851.6507061142 -1785789.8881979778 -3.3443996727533509 -30.988129083386891 -0.87295393837394764 629.59251978851421 -0.044288063689298995 -0.099394656079531712 0.0056488841422022793 0
1208 1 1 154051200 -145575693.53457269 4811829.9450019253 -1860889.3396896662 -2.8099382311408316 -31.024572177808135 -0.86542261988487423 629.3541687157217 -0.042572845396476704 -0.098526667582151617 0.0053727962414139635 0
1209 1 1 154137600 -145795404.02938777 2130096.9577171183 -1935328.6418731757 -2.2760691692153543 -31.050898107734625 -0.85767341981723988 629.119120998467 -0.040889047631282802 -0.097622117039991005 0.005099231103109501 0
1210 1 1 154224000 -145969021.40422291 -553475.30433898815 -2009089.1559730999 -1.7430027113433564 -31.067156719309597 -0.8497106567813334 628.88739130446424 -0.03923744666116831 -0.096682338052012637 0.0048284122743071384 0
1211 1 1 154310400 -146096624.00335506 -3238019.3625651044 -2082152.6185086486 -1.2109467773271756 -31.073402969611152 -0.84153869885663146 628.65899288217258 -0.03761876375003672 -0.095708680754624534 0.0045605588360147914 0
1212 1 1 154396800 -146178308.0302389 -5922672.7038165359 -2154501.1453899457 -0.68010682912385689 -31.069696825325149 -0.83316195947374627 628.43393756590649 -0.036033665068562835 -0.094702509604438878 0.0042958851395020516 0
1213 1 1 154483200 -146214187.32870677 -8606578.2086561769 -2226117.2356582317 -0.15068572256130064 -31.056103155840539 -0.82458489329072726 628.21223578176114 -0.034482761595868987 -0.093665201160993208 0.0040346005706466629 0
1214 1 1 154569600 -146204393.15157995 -11288884.570138032 -2296983.7748701186 0.37711643572090364 -31.032691621046634 -0.8158119920814616 627.9938965543912 -0.032966609141371353 -0.092598141886556254 0.0037769091932966887 0
1215 1 1 154656000 -146149073.91715473 -13968746.702678004 -2367084.0381275378 0.90310242588392675 -30.999536554125324 -0.80684778064430585 627.77892751456034 -0.031485708498856138 -0.091502725994791215 0.0035230095283897431 0
1216 1 1 154742400 -146048394.95403978 -16645326.140592428 -2436401.6927552288 1.4270780468575848 -30.956716839634677 -0.79769681273892246 627.56733490750037 -0.03004050565109178 -0.090380353252123083 0.0032730942189497783 0
1217 1 1 154828800 -145902538.23484296 -19317791.425910592 -2504920.8006288721 1.9488522424857502 -30.904315787191486 -0.78836366706145933 627.35912360209204 -0.028631392083784377 -0.089232426872065604 0.0030273498085365883 0
1218 1 1 154915200 -145711702.09921604 -21985318.485094741 -2572625.8201571517 2.4682372216863846 -30.842421001069162 -0.7788529432606448 627.15429710080707 -0.0272587051907658 -0.088060351398892955 0.0027859564844907904 0
1219 1 1 155001600 -145476100.9667818 -24647090.994328227 -2639501.6079219505 2.985048572483807 -30.771124246028347 -0.76916925801109171 626.95285755045074 -0.025922728767238761 -0.086865530628313342 0.0025490877721826032 0
1220 1 1 155088000 -145195965.04047689 -27302300.73306033 -2705533.4199821642 3.4991053697917849 -30.690521309703538 -0.75931724115373755 626.75480575371796 -0.024623693565083777 -0.08564936555267437 0.0023169102650298329 0
1221 1 1 155174400 -144871540.00085765 -29950147.925524373 -2770706.9128470556 4.0102302768449878 -30.600711861875183 -0.74930153190665294 626.56014118152666 -0.023361777936895176 -0.084413252380860213 0.0020895833876517413 0
1222 1 1 155260800 -144503086.6919184 -32589841.569974191 -2835008.144125483 4.5182496401902226 -30.501799310956191 -0.73912677515279934 626.36886198609977 -0.022137108595703076 -0.083158580565252382 0.0018672591516507081 0
1223 1 1 155347200 -144090880.79898345 -35220599.755412586 -2898423.5728581017 5.0229935781746189 -30.393890658020599 -0.72879761781581986 626.1809650148391 -0.020949761380969417 -0.0818867308847782 0.0016500818866051307 0
1224 1 1 155433600 -143635212.51923677 -37841649.965613402 -2960940.0595404631 5.524296062882593 -30.277096348704958 -0.71831870532856057 625.99644582495466 -0.019799762177102994 -0.080599073583223768 0.0014381880360463343 0
1225 1 1 155520000 -143136386.22545639 -40452229.370268188 -3022544.8658450786 6.0219949954941594 -30.151530123314068 -0.70769467819792398 625.81529869878204 -0.018687087809402841 -0.07929696660116814 0.0012317059365077267 0
1226 1 1 155606400 -142594720.12352178 -43051585.103115782 -3083225.6540512517 6.5159322750521458 -30.017308865453181 -0.69693016867722968 625.6375166598192 -0.017611667116994599 -0.077981753783731914 0.001030755571806403 0
1227 1 1 155692800 -142010545.90426522 -45638974.526941597 -3142970.4861921524 7.0059538606492557 -29.874552449503128 -0.68602979754702897 625.46309148955231 -0.016573381935399367 -0.076654763167116294 0.00083544842315579537 0
1228 1 1 155779200 -141384208.39023316 -48213665.485360585 -3201767.8229285129 7.4919098270539912 -29.723383587262809 -0.6749981710092704 625.29201374492402 -0.015572068350431711 -0.075317305400641937 0.00064588724823820358 0
1229 1 1 155865600 -140716065.1779238 -50774936.541324988 -3259606.5221591499 7.9736544138178216 -29.563927674071106 -0.66383987769968811 625.12427277641257 -0.01460751777410102 -0.073970672174094587 0.00046216594846590212 0
1230 1 1 155952000 -140006486.27606055 -53322077.202326059 -3316475.8373785336 8.4510460679264483 -29.396312634710242 -0.65255948582260737 624.95985674676558 -0.013679478235004639 -0.072616134737232219 0.00028436937093273025 0
1231 1 1 156038400 -139255853.74045834 -55854388.132282384 -3372365.415792211 8.9239474800581586 -29.22066876938538 -0.64116154040886653 624.79875265037595 -0.012787655655867435 -0.071254942432708468 0.00011257323550624774 0
1232 1 1 156124800 -138464561.30602884 -58371181.350134604 -3427265.2962006545 9.392225614542058 -29.037128600060161 -0.62965056069995229 624.64094633344223 -0.011931715177714774 -0.069888321408788409 -5.3156024468294148e-05 0
1233 1 1 156211200 -137633014.01646715 -60871780.415194049 -3481165.9066624027 9.8557517331029469 -28.845826717603533 -0.61803103764937939 624.48642251210413 -0.011111282690128758 -0.068517475662997207 -0.00021276114185103518 0
1234 1 1 156297600 -136761627.85215116 -63355520.599342942 -3534058.0619450128 10.314401412495862 -28.646899630341363 -0.60630743150735522 624.3351647834296 -0.010325946282089837 -0.067143588638334153 -0.00036619381750748478 0
1235 1 1 156384000 -135850829.35677397 -65821749.046166509 -3585932.9607756734 10.7680545562645 -28.440485612546691 -0.59448416964452933 624.18715565662376 -0.0095752565904437155 -0.065767804387085224 -0.00051341635726830516 0
1236 1 1 156470400 -134901055.2632111 -68269824.917021722 -3636782.1829124689 11.21659540065242 -28.226724554489984 -0.58256564449665593 624.04237658262571 -0.0088587296061553317 -0.064391245718812218 -0.00065440001692463506 0
1237 1 1 156556800 -133912752.1191282 -70699119.524294034 -3686597.6860371381 11.659912514769694 -28.00575781523229 -0.57055621154237945 623.90080796711527 -0.0081758476327328695 -0.063015007021918243 -0.00078912553063301681 0
1238 1 1 156643200 -132886375.91281156 -73109016.451984659 -3735371.8024813216 12.097898795283959 -27.777728076758951 -0.55846018745637371 623.7624291927799 -0.0075260608298962639 -0.061640153664813097 -0.00091758307038986269 0
1239 1 1 156729600 -131822391.69968997 -75498911.663788259 -3783097.2357984837 12.530451455754301 -27.542779200309315 -0.54628184838509619 623.62721864064451 -0.0069087887016942911 -0.060267721485320745 -0.0010397722111460841 0
1240 1 1 156816000 -130721273.23000307 -77868213.598855734 -3829767.0571923396 12.957472010793257 -27.301056084983973 -0.53402542834831568 623.49515371237646 -0.0063234215729096382 -0.058898715363685621 -0.0011557018623884136 0
1241 1 1 156902400 -129583502.57805493 -80216343.255447164 -3875374.7018123334 13.378866255232516 -27.052704528887933 -0.52169511775848731 623.36621085246372 -0.0057693221664005248 -0.057534109689112496 -0.0012653901162274158 0
1242 1 1 156988800 -128409569.77347702 -82542734.262706742 -3919913.964926145 13.794544238479411 -26.797871093047288 -0.50929506205581132 623.24036556930491 -0.0052458270981008744 -0.056174847823081131 -0.0013688641322291363 0
1243 1 1 157075200 -127199972.43490706 -84846832.940803081 -3963378.9979792591 14.204420234265626 -26.536702968198941 -0.49682936045711767 623.11759245625319 -0.0047522483660828009 -0.054821841982003544 -0.0014661599501864569 0
1244 1 1 157161600 -125955215.40647435 -87128098.349691316 -4005764.3045511516 14.608412705980198 -26.269347844640834 -0.48430206481435328 622.99786521203134 -0.0042878749020719238 -0.053475973229140376 -0.0015573223145716902 0
1245 1 1 157248000 -124675810.39746284 -89386002.326767355 -4047064.7362174508 15.00644426779302 -25.995953785283611 -0.47171717857734458 622.88115666050953 -0.0038519740015998559 -0.052138091560955557 -0.0016424044155664618 0
1246 1 1 157334400 -123362275.62550838 -91620029.51369752 -4087275.4883267325 15.398441641775095 -25.716669102054951 -0.4590786558550296 622.76743876945056 -0.0034437928349293004 -0.050809016365700663 -0.0017214676419826777 0
1247 1 1 157420800 -122015135.46366568 -93829677.372719705 -4126392.0957003869 15.784335611221495 -25.431642235795454 -0.44639040057272716 622.65668266784587 -0.0030625598630899383 -0.049489536972039554 -0.0017945812940506666 0
1248 1 1 157507200 -120634920.09166473 -96014456.192722127 -4164410.428263633 16.164060970389983 -25.141021639756072 -0.43365626572016908 622.54885866172128 -0.0027074862628703789 -0.048180413383029086 -0.0018618222783648088 0
1249 1 1 157593600 -119222165.15165748 -98173889.085416019 -4201326.6866152538 16.537556470864402 -24.844955666811742 -0.42088005268353118 622.44393624803206 -0.0023777673029728589 -0.046882377287937017 -0.0019232747475119349 0
1250 1 1 157680000 -117777411.40873633 -100307511.97192827 -4237137.397543041 16.904764764755122 -24.543592460495891 -0.40806551065653879 622.34188412624121 -0.0020725836883343438 -0.045596133291142246 -0.0019790297507388125 0
1251 1 1 157766400 -116301204.41648972 -102414873.56014697 -4271839.4094917756 17.265632344947424 -24.237079849944315 -0.39521633613066121 622.24267020725085 -0.0017911028594093351 -0.044322360362673292 -0.0020291848885534004 0
1252 1 1 157852800 -114794094.18783937 -104495535.31316285 -4305429.8879903285 17.620109482606455 -23.92556524883118 -0.38233617245602591 622.14626161926969 -0.0015324802684881682 -0.04306171355964146 -0.0020738438855015884 0
1253 1 1 157939200 -113256634.87138945 -106549071.40915313 -4337906.3110436518 17.968150162145108 -23.60919555836265 -0.36942860946878298 622.05262471030903 -0.0012958606149021941 -0.04181482588832517 -0.0021131162219824098 0
1254 1 1 158025600 -111689384.4334956 -108575068.69306147 -4369266.4644956607 18.309712013857162 -23.288117074378547 -0.35649718319074314 621.96172504706715 -0.0010803790750556468 -0.040582310355962346 -0.0021471168049974586 0
1255 1 1 158112000 -110092904.346249 -110573126.62042989 -4399508.4373691054 18.644756244415763 -22.962475398591767 -0.34354537559439791 621.87352741013547 -0.00088516248727391739 -0.039364762011090466 -0.0021759655609871519 0
1256 1 1 158198400 -108467759.28155011 -112542857.1937411 -4428630.6171879731 18.973247565427588 -22.63241535397211 -0.33057661443746511 621.78799578567691 -0.00070933061065847158 -0.038162759971229095 -0.0021997871982872633 0
1257 1 1 158284800 -106814516.8114329 -114483884.89162807 -4456631.6852889685 19.29515412022554 -22.298080904250966 -0.31759427317342515 621.70509335405063 -0.00055199739200241938 -0.036976869130192505 -0.0022187109287711061 0
1258 1 1 158371200 -105133747.114784 -116395846.59130502 -4483510.6121285288 19.610447409075586 -21.959615077483196 -0.30460167094076041 621.62478247636454 -0.00041227235401980971 -0.035807641411951252 -0.0022328703239040933 0
1259 1 1 158457600 -103426022.6905867 -118278391.48456545 -4509266.65259274 19.919102212962233 -21.617159893564967 -0.29160207264202131 621.54702468038488 -0.00028926208334270333 -0.034655616266407431 -0.0022424032302412666 0
1260 1 1 158544000 -101691918.07780527 -120131180.98768409 -4533899.3413182823 20.221096516104151 -21.270856295560161 -0.27859868912040575 621.47178064785464 -0.0001820719513916945 -0.033521320180118032 -0.0022474517876582179 0
1261 1 1 158630400 -99932009.582014129 -121953888.64554244 -4557408.4880331447 20.516411427339211 -20.920844084646617 -0.26559467744449589 621.39901020578463 -8.9808039335182292e-05 -0.03240526493313476 -0.0022481625422740401 0
1262 1 1 158716800 -98146875.008863211 -123746200.03028323 -4579794.1729270993 20.8050311005106 -20.567261858459894 -0.25259314131257227 621.32867232471506 -1.1579330039525288e-05 -0.031307944507942678 -0.0022446866622446125 0
1263 1 1 158803200 -96337093.404471338 -125507812.63467771 -4601056.7420664057 21.08694265372818 -20.210246950182789 -0.23959713167764962 621.26072516509578 5.3499867262728365e-05 -0.030229830627499118 -0.0022371800684296578 0
1264 1 1 158889600 -94503244.802733019 -127238435.76127663 -4621196.8028260292 21.362136091115467 -19.849935401951353 -0.22660964608758255 621.19512564252648 0.00010635042388562514 -0.029171783870118647 -0.0022257856510289192 0
1265 1 1 158976000 -92645909.979161769 -128937790.41178782 -4640215.2191845365 21.630604228907778 -19.486461987569744 -0.21363362673950267 621.13182827494973 0.00014792771210748925 -0.028135048738976171 -0.0022106406338189806 0
1266 1 1 159062400 -90765670.211832047 -130605609.17185163 -4658113.1071486128 21.892342598215947 -19.119960018791488 -0.20067196775677212 621.07078749558207 0.00017894603482078827 -0.027118652242523637 -0.0021919776398458463 0
1267 1 1 159148800 -88863107.051054716 -132241636.07647406 -4674891.830899612 22.147349355952677 -18.750561244360284 -0.18772751850419761 621.0119585603868 0.00020024979374039725 -0.026123066108030654 -0.0021699751458679702 0
1268 1 1 159235200 -86938802.095414087 -133845626.47980152 -4690552.9986905195 22.395625213652917 -18.378395921800333 -0.17480307962107014 620.95529579175286 0.00021265493161303146 -0.025148579803793824 -0.002144816856927685 0
1269 1 1 159321600 -84993336.774768114 -135417346.92277613 -4705098.4586890647 22.63717335111528 -18.00359273337175 -0.16190140413116191 620.90075333159245 0.00021693383832389776 -0.024195137557526652 -0.0021166873139973753 0
1270 1 1 159408000 -83027292.140626013 -136956574.9945946 -4718530.2948850058 22.87199933328186 -17.626278742889923 -0.14902519795552968 620.84828530262541 0.00021385464888239484 -0.023262864084040016 -0.0020857722950569815 0
1271 1 1 159494400 -81041248.663543344 -138463099.19255015 -4730850.8230549488 23.100111029599983 -17.246579384819846 -0.1361771207981036 620.79784551148816 0.00020416649469002956 -0.022351909955719011 -0.0020522619880344998 0
1272 1 1 159580800 -79035786.037550986 -139936718.78008157 -4742062.5868184613 23.321518532145717 -16.864618436557784 -0.12335978723967368 620.74938746729595 0.00018859623277585084 -0.02146241202334076 -0.0020163483810892338 0
1273 1 1 159667200 -77011482.991510063 -141377243.64343211 -4752168.3537300099 23.536234078463764 -16.480518024274669 -0.11057576606761289 620.70286392239757 0.00016789615190972038 -0.020594868953908399 -0.0019782065265695598 0
1274 1 1 159753600 -74968917.107089028 -142784494.14908507 -4761171.1113127442 23.744271971953072 -16.094398607819905 -0.097827580872155706 620.65822678983943 0.00014274762768451543 -0.019749386930015003 -0.0019380277809101776 0
1275 1 1 159840000 -72908664.644209012 -144158300.99443319 -4769074.0632579215 23.945648489293959 -15.706378837896279 -0.085117712031984732 620.61542911736285 0.00011369453504673305 -0.018924903589696656 -0.0018960017646378557 0
1276 1 1 159926400 -70831300.374206752 -145498505.04800999 -4775880.6256686831 24.140381801409323 -15.316575530231221 -0.072448595834980936 620.57442526349655 8.1365886003149365e-05 -0.018121417817289688 -0.0018523017357128635 0
1277 1 1 160012800 -68737397.418839425 -146804957.19779411 -4781594.4232812533 24.328491911034117 -14.925103822916467 -0.059822626268427222 620.53516822802635 4.6440586173511208e-05 -0.017339924799760258 -0.001807128243788306 0
1278 1 1 160099200 -66627527.095235944 -148077518.20741001 -4786219.285908631 24.510000574205066 -14.53207715031839 -0.047242155911771194 620.49760991676328 9.4734613613578129e-06 -0.016580204290415314 -0.0017606516469495814 0
1279 1 1 160185600 -64502258.768317223 -149316058.56066048 -4789759.2446841449 24.684931210567843 -14.137607057706624 -0.034709491726860824 620.46170395937997 -2.9083695660739638e-05 -0.015841053965150943 -0.0017130088813357741 0
1280 1 1 160272000 -62362159.710357666 -150520458.29690525 -4792218.528066108 24.853308831549615 -13.741803222592099 -0.022226895092325918 620.42740530258084 -6.870458718806141e-05 -0.01512250229735305 -0.0016643563693492308 0
1281 1 1 160358400 -60207794.966193885 -151690606.85465887 -4793601.5580038372 25.015159974580804 -13.344773539026393 -0.0097965836237997733 620.39466884735998 -0.00010889270904466127 -0.014424577931117399 -0.0016148472507542333 0
1282 1 1 160444800 -58039727.224222012 -152826402.92221096 -4793912.9463746091 25.170512640438655 -12.946624278606793 0.0025792615084539098 620.36344690956082 -0.00014906499075754913 -0.01374937293997471 -0.0015647240614601612 0
1283 1 1 160531200 -55858516.692990325 -153927754.30210197 -4793157.4923314098 25.319396215471652 -12.547460096107539 0.014898486080036071 620.33368915295318 -0.00018887863830690735 -0.013096805074195746 -0.0015142325131097536 0
1284 1 1 160617600 -53664720.985455647 -154994577.75658214 -4791340.179397082 25.461841385003073 -12.147383688516676 0.027158982643059607 620.30534804704473 -0.00022802421283317259 -0.01246471782054849 -0.0014633574367212113 0
1285 1 1 160704000 -51458895.009467229 -156026798.83502737 -4788466.1706733545 25.597880072754489 -11.746495817562673 0.03935869783529479 620.27837862086437 -0.00026613949623565021 -0.011853087762748654 -0.0014122345741622029 0
1286 1 1 160790400 -49241590.863296479 -157024351.71683896 -4784540.8049369883 25.727545380442454 -11.344895491841941 0.051495618290360388 620.25273570122056 -0.00030289793614194396 -0.011261920929477537 -0.0013610023108917688 0
1287 1 1 160876800 -47013357.736732759 -157987179.06000602 -4779569.5932132518 25.850871521432701 -10.9426799696356 0.063567769766908686 620.22837401740253 -0.00033801235832872867 -0.010691295464372494 -0.0013098077006644016 0
1288 1 1 160963200 -44774741.817835644 -158915231.85124275 -4773558.2155455193 25.967893756236304 -10.539944795315506 0.075573213178357412 620.20524779774314 -0.00037123414094689106 -0.010141546208007319 -0.0012588264995002946 0
1289 1 1 161049600 -42526286.205191225 -159808469.25918218 -4766512.5181015357 26.078648329528711 -10.136783818148384 0.087510042330386908 620.18331066920189 -0.00040235554421010267 -0.0096128053556217685 -0.0012082187174281742 0
1290 1 1 161136000 -40268530.825570039 -160666858.48577583 -4758438.5101460097 26.183172407887042 -9.7332891341009944 0.099376388964990486 620.16251679930861 -0.00043122138676226785 -0.0091046774511970296 -0.001158101603163552 0
1291 1 1 161222400 -38002012.357062683 -161490374.62004834 -4749342.361339095 26.281504014564838 -9.3295512852491225 0.11117040164535351 620.14281796546379 -0.0004577664489886726 -0.0086193645062190398 -0.0011088609720985368 0
1292 1 1 161308800 -35727264.157596968 -162279000.50516221 -4739230.4003752619 26.373681974673651 -8.9256591120013002 0.12289026233063058 620.12416616469307 -0.00048186857738638923 -0.0081543736807235673 -0.0010603865805545122 0
1293 1 1 161395200 -33444816.197666712 -163032726.57428491 -4728109.110205791 26.459745866795313 -8.521699508647421 0.13453421479266953 620.10651777931287 -0.00050343593370566844 -0.0077086990655361809 -0.001012700105335004 0
1294 1 1 161481600 -31155194.997633927 -163751550.69258642 -4715985.123633828 26.539735967211627 -8.1177576389525967 0.1461005443149975 620.08983044739705 -0.00052242640387099751 -0.0072821025394228661 -0.00096590721706709065 0
1295 1 1 161568000 -28858923.569801696 -164435478.01144472 -4702865.2200987162 26.613693196109335 -7.7139170041806882 0.15758757116091851 620.07406228773061 -0.00053882964724329802 -0.0068743391574185922 -0.00092011114841193111 0
1296 1 1 161654400 -26556521.364979837 -165084520.82539073 -4688756.3226599079 26.681659066983478 -7.3102594567774597 0.16899365045008996 620.05917200274939 -0.00055266490669087789 -0.0064851444238244972 -0.00087541050188121809 0
1297 1 1 161740800 -24248504.223346204 -165698698.43042302 -4673665.4950044276 26.743675637792851 -6.9068652183919523 0.18031717172618561 620.04511892468713 -0.00056397920465480248 -0.0061142339616908504 -0.00083189886469935733 0
1298 1 1 161827200 -21935384.329413399 -166278036.98355114 -4657599.9384280164 26.799785464835139 -6.5038128896576062 0.19155656010779704 620.03186320549594 -0.00057284527542657716 -0.0057613035350445084 -0.00078966409519107468 0
1299 1 1 161913600 -19617670.171313226 -166822569.36744729 -4640566.989414921 26.85003154503941 -6.1011795979928714 0.20271025471445553 620.01936379606764 -0.0005795139385762209 -0.0054275870935427007 -0.00074904824768346455 0
1300 1 1 162000000 -17295866.504964322 -167332335.06676006 -4622574.1189570706 26.894457271811635 -5.6990409983043282 0.21377670966971743 620.00757879339267 -0.00058410955713656288 -0.0051124596327130215 -0.0007101029064711682 0
1301 1 1 162086400 -14970474.320798554 -167807380.03243008 -4603628.9296930097 26.933106410204328 -5.2974711148934404 0.22475442578090277 619.99646836266163 -0.00058672652530530032 -0.0048149797717960919 -0.00067277556092073783 0
1302 1 1 162172800 -12641990.813650658 -168247756.54492289 -4583739.152229704 26.966023045641819 -4.8965424807577378 0.23564193338047118 619.98599288287596 -0.00058764038800337645 -0.0045356717069022128 -0.00063727338406640796 0
1303 1 1 162259200 -10310909.356635252 -168653523.08550277 -4562912.6426898791 26.993251560648925 -4.4963260291062968 0.24643780770306553 619.97611506979251 -0.00058679890861961534 -0.0042720024517949318 -0.00060334710936896761 0
1304 1 1 162345600 -7977719.4761220152 -169024744.19116715 -4541157.3776998501 27.014836605408711 -4.0968910717285025 0.25714067460138246 619.96680071692379 -0.00058442362771716171 -0.004023959315643982 -0.00057112598206741894 0
1305 1 1 162432000 -5642906.8312179744 -169361490.32639468 -4518481.451597821 27.030823045525302 -3.698305499564702 0.26774918590654484 619.95801587611834 -0.00058069059237965143 -0.0037910787870830136 -0.00054063303616325685 0
1306 1 1 162518400 -3306953.1961657275 -169663837.75820994 -4494893.0735149588 27.04125593855214 -3.3006357378388826 0.27826203394748128 619.94972799305674 -0.00057573925371769044 -0.0035726334026942893 -0.00051182481224537233 0
1307 1 1 162604800 -970336.44501522579 -169931868.43023214 -4470400.5637812596 27.046180503234265 -2.9039467750684604 0.28867795083210795 619.94190584776993 -0.00056975147369554792 -0.0033681763129295474 -0.00048471307776776581 0
1308 1 1 162691200 1366469.4608234239 -170165669.84108946 -4445012.3508146126 27.045642086137811 -2.5083022168639912 0.29899570197851749 619.93451909150861 -0.00056292502340730196 -0.0031773349004715176 -0.00045932188864696911 0
1309 1 1 162777600 3702994.482352165 -170365334.92635387 -4418736.9683263386 27.039686132544187 -2.1137643180716745 0.3092140843665841 619.92753813736476 -0.00055546880887163703 -0.0029997804656131692 -0.00043567973992351044 0
1310 1 1 162864000 6038772.510223357 -170530961.94362921 -4391583.052751475 27.028358156116287 -1.7203940277470271 0.31933192215511935 619.92093384122199 -0.00054762842470724125 -0.0028353596438766265 -0.00041384819885808123 0
1311 1 1 162950400 8373341.3696289742 -170662654.36042774 -4363559.3408262599 27.011703718776786 -1.3282509887983021 0.32934807191420601 619.91467792740286 -0.00053955315930887568 -0.0026834225220818504 -0.00039377890492890667 0
1312 1 1 163036800 10706242.823729185 -170760520.74098021 -4334674.6664907029 26.989768409988489 -0.93739355025118487 0.33926142523894026 619.90874320908108 -0.00053144952423065772 -0.0025436439708621836 -0.00037548777647006503 0
1313 1 1 163123200 13037022.574794859 -170824674.6370393 -4304937.9581863964 26.9625978200317 -0.54787881838766705 0.34907090315516826 619.90310317134958 -0.00052351205042484329 -0.0024156647372835377 -0.00035897848651475457 0
1314 1 1 163209600 15365230.263449712 -170855234.48127696 -4274358.23624756 26.930237521151298 -0.1597626743336851 0.35877545770869845 619.89773210498458 -0.00051591681214359776 -0.002299077442243612 -0.00034423931156305707 0
1315 1 1 163296000 17690419.466291968 -170852323.4824667 -4242944.6102167163 26.892733048240384 0.22690019954221763 0.36837407147834189 619.89260509445626 -0.00050884261271598084 -0.0021935273790812263 -0.00033126739701502941 0
1316 1 1 163382400 20012147.691823754 -170816069.52328548 -4210706.2762864744 26.850129879753958 0.61205628890275654 0.37786575596238958 619.88769793296797 -0.00050246046695120691 -0.0020986694362629082 -0.00032005947770444884 0
1317 1 1 163468800 22329976.374829426 -170746605.06055468 -4177652.5148358513 26.802473420640055 0.99565322058581818 0.38724955074153211 619.88298709988794 -0.00049693283978486269 -0.0020141694638090291 -0.00031061305636644488 0
1318 1 1 163555200 24643470.869324956 -170644067.02781552 -4143792.6880481541 26.749808986324215 1.3776397354579655 0.39652452242855907 619.87844973140056 -0.00049241306784058724 -0.001939705596277184 -0.00030292766751174638 0
1319 1 1 163641600 26952200.440169357 -170508596.74024963 -4109136.2376264757 26.692181787742321 1.7579656612491468 0.40568976345691465 619.87406358846579 -0.00048904514122623851 -0.0018749701914632026 -0.00029700629492977537 0
1320 1 1 163728000 29255738.253440738 -170340339.80189562 -4073692.6826088671 26.62963691769129 2.1365818865537753 0.41474439097307653 619.86980704159475 -0.00048696532384852158 -0.0018196778042808906 -0.00029285837315800266 0
1321 1 1 163814400 31553661.365420535 -170139446.01602459 -4037471.6175035653 26.562219330195855 2.51344030629854 0.42368753878188492 619.86565857368771 -0.00048638388524207854 -0.0017738603129925901 -0.00029057088368310632 0
1322 1 1 163900800 33845550.710164085 -169906069.2989994 -4000482.7108406047 26.489973837289046 2.8884938279355961 0.43251836338565952 619.8615972967383 -0.00048730760510720504 -0.0017368560148804495 -0.00029007102293886281 0
1323 1 1 163987200 36130991.087368764 -169640367.59167588 -3962735.7027516775 26.412945105012799 3.2616963702562876 0.44123604825675716 619.85760334345207 -0.0004898375195076252 -0.0017084146415070284 -0.00029138575677819167 0
1324 1 1 164073600 38409571.148796543 -169342502.77508721 -3924240.4031664124 26.331177633787494 3.6330028021679839 0.44983979390052536 619.85365724868973 -0.00049406767585179927 -0.0016883126054234882 -0.00029455236939396275 0
1325 1 1 164160000 40680883.383556828 -169012640.58943146 -3885006.6904088524 26.244715749125355 4.0023689178639845 0.45832881626930078 619.84973993496487 -0.00050008293833918207 -0.0016763442308338657 -0.00029961753015077844 0
1326 1 1 164246400 42944524.102602988 -168650950.5552558 -3845044.5099506578 26.153603592696197 4.3697514107438025 0.46670234472516336 619.84583267244636 -0.00050795904509519818 -0.0016723211681118194 -0.00030663758209992432 0
1327 1 1 164332800 45200093.42248816 -168257605.89688203 -3804363.8733415576 26.057885114103708 4.7351078476096582 0.47495961997611896 619.84191703886631 -0.00051776293124613799 -0.0016760724438443649 -0.00031567877796481248 0
1328 1 1 164419200 47447195.248442076 -167832783.46804169 -3762974.8573164837 25.95760406339334 5.0983966433330803 0.48309989205803683 619.83797488244761 -0.00052955303674695952 -0.0016874442284133117 -0.00032681729891368165 0
1329 1 1 164505600 49685437.256830841 -167376663.67968133 -3720887.6030742587 25.852803984068039 5.4595770353768893 0.49112241822558345 619.83398827726535 -0.00054338876116744419 -0.0017063279177900376 -0.00034014697788032505 0
1330 1 1 164592000 51914430.876724049 -166889430.43092519 -3678112.3160124128 25.743528197232003 5.8186090295671038 0.49902645259956685 619.82993897952122 -0.00055942424320222527 -0.0017329448646399652 -0.00035586084997599741 0
1331 1 1 164678400 54133791.270452172 -166371271.04365176 -3634659.2660689042 25.629819803829449 6.1754534007917838 0.50681125094630886 619.82580881820058 -0.00057760650935280119 -0.0017669097849477397 -0.00037398912437884568 0
1332 1 1 164764800 56343137.315054595 -165822376.19493538 -3590538.7870633579 25.511721688546316 6.5300716966712908 0.51447607655157868 619.82158013375147 -0.00059796394821800603 -0.0018081323199290386 -0.00039464724947996558 0
1333 1 1 164851200 58542091.582963087 -165242939.85266897 -3545761.2764984402 25.389276507544718 6.882426189524689 0.52202019174971825 619.81723532566673 -0.00062051689175340841 -0.0018565330660695913 -0.00041795799359657036 0
1334 1 1 164937600 60730280.322107688 -164633159.21387219 -3500337.1956924214 25.262526684990132 7.232479854827039 0.52944285670589231 619.81275684706395 -0.00064528029155390735 -0.0019120497438052106 -0.00044405244270083824 0
1335 1 1 165024000 62907333.435716242 -163993234.64492914 -3454277.0700359894 25.131514409589645 7.5801963485378332 0.5367433278719449 619.80812717407935 -0.00067226151291775878 -0.0019746286242364988 -0.00047306755769691266 0
1336 1 1 165110400 65072884.46184627 -163323369.6237359 -3407591.4893704914 24.996281631771883 7.9255399853371769 0.54392085666552314 619.80332878485615 -0.00070146136203295267 -0.0020442257697608443 -0.0005051458920115765 0
1337 1 1 165196800 67226570.552691355 -162623770.68371588 -3360291.1084765834 24.856870061316634 8.2684757172477266 0.55097468825851958 619.79834413922345 -0.00073287380614912379 -0.0021208043332048791 -0.00054043440510931286 0
1338 1 1 165283200 69368032.453705788 -161894647.3596518 -3312386.647659712 24.713321165508415 8.6089691129261503 0.55790406054223285 619.7931556639013 -0.00076648600411226341 -0.0022043328057354972 -0.00057908344515378643 0
1339 1 1 165369600 71496914.482590511 -161136212.13528296 -3263888.8934179805 24.565676167766359 8.9469863375351579 0.56470820325733506 619.78774574174088 -0.0008022783070608646 -0.002294783200757745 -0.00062124564576883747 0
1340 1 1 165456000 73612864.508180603 -160348680.39261493 -3214808.6991776857 24.413976046735741 9.2824941332046063 0.5713863372983139 619.78209670519732 -0.00084022426064657397 -0.0023921292622651464 -0.00066707478418558119 0
1341 1 1 165542400 75715533.929273427 -159532270.36289254 -3165156.9860811448 24.25826153582473 9.6154598000809788 0.57793767420078479 619.77619083409388 -0.00088029058543058621 -0.0024963446528657976 -0.00071672454919074655 0
1342 1 1 165628800 77804577.653436095 -158687203.07918495 -3114944.7438104097 24.098573123171786 9.9458511779658494 0.58436141582566004 619.7700103578029 -0.00092243714447591194 -0.0026074011505627646 -0.00077034720213865402 0
1343 1 1 165715200 79879654.075827405 -157813702.3305313 -3064183.0314293117 23.93495105202777 10.273636628536739 0.59065675425247555 619.76353746186328 -0.00096661690989414929 -0.0027252669150693055 -0.00082809216251716498 0
1344 1 1 165801600 81940425.05807063 -156911994.6175983 -3012882.9782252503 23.76743532153689 10.598785018140397 0.59682287189486549 619.75675429902765 -0.0010127759281687557 -0.0028499048026401478 -0.00089010447653921387 0
1345 1 1 165888000 83986555.907215744 -155982309.1097846 -2961055.7845243886 23.596065688038237 10.921265701523209 0.60285894201337376 619.7496430115217 -0.001060853267977881 -0.0029812707333637758 -0.00095652317813852436 0
1346 1 1 165974400 86017715.354818478 -155024877.60373706 -2908712.7224597572 23.420881665954887 11.24104850404772 0.6087641287121468 619.7421857208783 -0.0011108044092833255 -0.0031193763692538355 -0.0010275070219334876 0
1347 1 1 166060800 88033575.535561994 -154039934.48491544 -2855865.1374416025 23.241922512630335 11.558103658421334 0.61453756570916651 619.7343636838674 -0.0011627711153743905 -0.00326476684866173 -0.0011034575794232812 0
1348 1 1 166147200 90033811.96451804 -153027716.6948384 -2802524.4515091982 23.059227223675215 11.872401768977426 0.62017834967213092 619.72615695338379 -0.0012167701561985075 -0.0034176607765660687 -0.001184598748917512 0
1349 1 1 166233600 92018103.515842855 -151988463.69626966 -2748702.1649630861 22.872834566207342 12.183913883127465 0.62568557884978715 619.71754596308642 -0.0012725815778251886 -0.0035776066873977157 -0.0012708893417612242 0
1350 1 1 166320000 93986132.402654812 -150922417.43695903 -2694409.8569655688 22.682783050358559 12.492611388330578 0.63105831201181894 619.70850993710962 -0.0013305451083812799 -0.0037457538949336243 -0.0013629914006608765 0
1351 1 1 166406400 95937584.154546961 -149829822.32206124 -2639659.1894287225 22.489110958832466 12.798466073115655 0.63629560280787867 619.69902827713543 -0.0013900918554016447 -0.0039206750279929684 -0.0014604212271532376 0
1352 1 1 166492800 97872147.601224095 -148710925.17114156 -2584461.903366602 22.291856390694832 13.101450228325195 0.6413965546991055 619.68908269031999 -0.0014510613576986025 -0.0041021107958958761 -0.0015631682408209036 0
1353 1 1 166579200 99789514.854641706 -147565975.18146577 -2528829.817070649 22.091057224414424 13.401536518382253 0.64636027428721077 619.67865515023459 -0.0015133399567417787 -0.0042899416077953429 -0.0016712736410575185 0
1354 1 1 166665600 101689381.28999704 -146395223.89661527 -2472774.8258991977 21.886751120240405 13.698697963989828 0.65118587153349305 619.66772785763078 -0.0015768066256904808 -0.0044840335675374165 -0.0017847560084536553 0
1355 1 1 166752000 103571445.52713387 -145198925.17602149 -2416308.9017520742 21.678975526218597 13.992907934782142 0.6558724651864184 619.65628338186025 -0.0016413379047983756 -0.0046842523997124453 -0.0019036178260123814 0
1356 1 1 166838400 105435409.41159111 -143977335.16764498 -2359444.093331831 21.46776765633177 14.284140062263534 0.66041914834122872 619.64430332657935 -0.0017071127923597037 -0.0048913319334564637 -0.0020282789252473281 0
1357 1 1 166924800 107280977.99421737 -142730712.28692943 -2302192.5287680537 21.253164505239305 14.572368255556515 0.66482500506523701 619.63176888795715 -0.0017738550003902464 -0.0051047278224360514 -0.0021585061924021603 0
1358 1 1 167011200 109107859.51468103 -141459317.18695199 -2244566.4130831994 21.035202896282147 14.857566812127406 0.66908917480395658 619.61866316621195 -0.0018411986361712607 -0.0053236397521219054 -0.0022939154951113726 0
1359 1 1 167097600 110915765.38668013 -140163412.72591749 -2186578.0234941449 20.813919475029337 15.139710374165634 0.6732108408840709 619.60497063027685 -0.0019089722680619423 -0.0055478272256538428 -0.0024343709174097687 0
1360 1 1 167184000 112704410.1819236 -138843263.94038254 -2128239.7066765497 20.589350699042591 15.418773873180015 0.67718921296761414 619.59067636038901 -0.0019769956110661344 -0.005777032127657785 -0.0025797042518015709 0
1361 1 1 167270400 114473511.614214 -137499138.02047437 -2069563.8761843191 20.361532845429704 15.694732524938876 0.68102353408086014 619.57576621375858 -0.0020450796232033917 -0.006010979186315258 -0.0027297149150644156 0
1362 1 1 167356800 116222790.52386653 -136131304.28648722 -2010563.0098138999 20.13050200857451 15.967561795261938 0.68471307040799001 619.56022643256961 -0.002113128783196961 -0.0062496779531115172 -0.0028843516740987337 0
1363 1 1 167443200 117951970.86194502 -134740034.16841549 -1951249.6478696715 19.896294105346385 16.237237387296211 0.68825711309437809 619.54404365216556 -0.0021809520190465993 -0.0064928694102339979 -0.0030433870961823232 0
1364 1 1 167529600 119660779.67559923 -133325601.18471101 -1891636.3901161295 19.658944887754718 16.503735249587571 0.69165499426386456 619.52720531514751 -0.0022483894335830609 -0.0067404101370846939 -0.0032066137485891036 0
1365 1 1 167616000 121348947.09284255 -131888280.9253999 -1831735.8940857239 19.418489911755355 16.767031449862781 0.6949060294775502 619.50969757132918 -0.0023156494367062609 -0.0069933051396070386 -0.0033744258503165267 0
1366 1 1 167702400 123016206.30657542 -130428351.04012534 -1771560.8753317103 19.174964592869554 17.027102316073542 0.69800959955959863 619.49150812381981 -0.0023819519303410076 -0.0072495290456021429 -0.0035455971440134042 0
1367 1 1 167788800 124662293.56587465 -128946091.20637755 -1711124.0964965033 18.928404248088061 17.283924536976251 0.70096521284263125 619.47262833074888 -0.0024470530552706889 -0.0075086963731543074 -0.0037197406537282161 0
1368 1 1 167875200 126286948.16516033 -127441783.10665481 -1650438.360308486 18.678844055794528 17.5374750107583 0.70377243397072864 619.45305062116108 -0.0025107030544435356 -0.0077704082029102992 -0.0038964444924946915 0
1369 1 1 167961600 127889912.43267912 -125915710.41022778 -1589516.5042925016 18.426319066233358 17.787730847813439 0.70643089341588272 619.43276876642278 -0.002572647061405121 -0.0080342525986250735 -0.0040752741999766483 0
1370 1 1 168048000 129470931.71943076 -124368158.75606067 -1528371.3955552501 18.170864198709477 18.034669333389097 0.70894027083973432 619.41177736704503 -0.0026327350320231413 -0.0083001350781331928 -0.0042559989531310068 0
1371 1 1 168134400 131029754.38819058 -122799415.73794329 -1467015.9263473027 17.912514257435923 18.278267946363965 0.71130031579044217 619.39007243243475 -0.0026905943147903012 -0.0085672902059417636 -0.0044379263420255824 0
1372 1 1 168220800 132566131.80455025 -121209770.88604631 -1405463.0065167388 17.651303945679508 18.518504372877981 0.7135108651387454 619.3676518580769 -0.0027459838536721937 -0.0088353487435752394 -0.0046206166836691943 0
1373 1 1 168307200 134079818.32769679 -119599515.65181731 -1343725.557492913 17.38726785620733 18.755356447143733 0.71557181139511516 619.34451447136769 -0.0027987141986627068 -0.009104107388667312 -0.0048037334102257927 0
1374 1 1 168393600 135570571.30137131 -117968943.39483948 -1281816.5069848089 17.12044048818295 18.988802176710855 0.71748312510633794 619.32066070406734 -0.0028484380370022069 -0.0093728322755943522 -0.0049865988147970225 0
1375 1 1 168480000 137038151.04618767 -116318349.36790121 -1219748.7819720644 16.850856246554443 19.21881970750572 0.71924483964870256 619.29609210966089 -0.0028950585499944665 -0.0096416395193255587 -0.0051690640402639937 0
1376 1 1 168566400 138482320.85088614 -114648030.70849197 -1157535.3052008201 16.578549437082852 19.445387274958971 0.7208570258038608 619.27081059791806 -0.0029383582526908056 -0.0099102221322036697 -0.0053507238947005072 0
1377 1 1 168652800 139902846.96515083 -112958286.42757423 -1095188.9895789807 16.303554300466089 19.668483292978443 0.72231985178274083 619.24482029365288 -0.0029779171894084612 -0.010177517804980966 -0.0055307065091196551 0
1378 1 1 168739200 141299498.59469253 -111249417.39291699 -1032722.7287628568 16.025905018866659 19.88808634802276 0.72363358468383687 619.21812758229953 -0.0030135153336260756 -0.010443139096282854 -0.0057085602499225068 0
1379 1 1 168825600 142672047.89568532 -109521726.31729554 -970149.39034280286 15.745635710025041 20.104175147443907 0.72479856280175847 619.19074027581178 -0.0030449003206371923 -0.01070656050283836 -0.0058837590378949143 0
1380 1 1 168912000 144020269.96951503 -107775517.74824695 -907481.80969474663 15.462780431209728 20.316728503554753 0.7258151882564442 619.16266744125949 -0.0030719225257527416 -0.010967577747799245 -0.0060559988383589404 0
1381 1 1 168998400 145343942.85711804 -106011098.06200318 -844732.78621504968 15.177373168991762 20.525725261557529 0.72668388538751383 619.13391816526132 -0.0030945367955096453 -0.011226395461493744 -0.0062252307535519864 0
1382 1 1 169084800 146642847.5335983 -104228775.45954381 -781915.08046667487 14.889447867138815 20.731144368308911 0.72740514951552848 619.10450301771561 -0.0031123498814120917 -0.011481865555487738 -0.0063905528172330337 0
1383 1 1 169171200 147916767.90600857 -102428859.9535277 -719041.40518990438 14.599038447839792 20.932964923295906 0.72797958202399815 619.07443514773365 -0.0031251535687805178 -0.011733459218813146 -0.0065514789401580195 0
1384 1 1 169257600 149165490.81081638 -100611663.35886636 -656124.4184304307 14.306178799496504 21.131166103009615 0.72840784490692789 619.04372895473159 -0.0031327969624788507 -0.011980821293427943 -0.0067076411261595484 0
1385 1 1 169344000 150388806.01112086 -98777499.286970913 -593176.71873286529 14.010902781051589 21.325727144654831 0.72869065344280648 619.01239989727185 -0.0031351356542248044 -0.012223572634832765 -0.0068586736764084102 0
1386 1 1 169430400 151586506.1945352 -96926683.140236646 -530210.84030923434 13.71324423279775 21.516627356264056 0.72882878359293168 618.9804647867802 -0.0031319955865209727 -0.012461152591212277 -0.0070041259095483298 0
1387 1 1 169516800 152758386.97195655 -95059532.105805248 -467239.24766128929 13.413236983161859 21.703846111170257 0.72882307049006256 618.94794178732695 -0.0031232577024785592 -0.012693158917905524 -0.00714365198243161 0
1388 1 1 169603200 153904246.87665129 -93176365.150912061 -404274.33095044643 13.110914852258349 21.887362828986859 0.72867439941827228 618.91485016379056 -0.003108820276510966 -0.012919197648602757 -0.0072769276143349413 0
1389 1 1 169689600 155023887.36366498 -91277503.019880846 -341328.40223028738 12.806311653270582 22.067156945706373 0.72838368816903321 618.88120980866347 -0.0030886630467467798 -0.013139159437703524 -0.007403831720389692 0
1390 1 1 169776000 156117112.80939516 -89363268.233573258 -278413.69311856816 12.499461199905987 22.243207908247363 0.72795188547962464 618.84704123671816 -0.0030627052329853248 -0.013352621739814878 -0.0075240530838971975 0
1391 1 1 169862400 157183730.51237765 -87433985.086873278 -215542.3510067391 12.190397322572402 22.415495207279477 0.72737999451961177 618.81236631022023 -0.0030308463810557419 -0.013558994721891258 -0.0076371866401696445 0
1392 1 1 169948800 158223550.69505009 -85489979.645053357 -152726.43437490481 11.879153873652424 22.583998364234372 0.72666906615792992 618.77720808101446 -0.0029930570192500199 -0.013757920616571644 -0.0077429954571931348 0
1393 1 1 170035200 159236386.50571314 -83531579.742457449 -89977.909475185777 11.565764730257424 22.748696905729719 0.72582018391921954 618.74159038977712 -0.0029493267402300569 -0.013949054266041611 -0.0078412660139643466 0
1394 1 1 170121600 160222054.02098548 -81559114.982332066 -27308.647619063358 11.250263801611787 22.909570357029523 0.72483446140990271 618.70553782854381 -0.00289966421350033 -0.014132063874185854 -0.0079318081827812071 0
1395 1 1 170208000 161180372.2488912 -79572916.737278953 35269.577274310061 10.932685036320832 23.066598234287259 0.72371303890822092 618.66907567780697 -0.0028440971040738041 -0.014306631822534855 -0.0080144551753759622 0
1396 1 1 170294400 162111163.13261569 -77573318.150183097 97745.090955668711 10.613062430651503 23.219760041607383 0.7224570829456981 618.63222993216345 -0.0027826718477899923 -0.014472455494440428 -0.0080890633087165719 0
1397 1 1 170380800 163014251.55459559 -75560654.137688115 160106.31965574715 10.291430024438506 23.369035194237316 0.72106773978346828 618.59502593871218 -0.0027155919241466293 -0.014630065772805047 -0.0081560219746212685 0
1398 1 1 170467200 163889465.34052971 -73535261.398930237 222341.78773953067 9.9678219157435919 23.51440304485908 0.71954615336808814 618.5574889710324 -0.0026428537517870676 -0.014778753353381708 -0.008214957237866331 0
1399 1 1 170553600 164736635.26572347 -71497478.415785611 284440.12078945199 9.6422722850837328 23.655842969391525 0.71789352027293218 618.51964591421051 -0.0025644996913409706 -0.014917937366286863 -0.0082655885520932174 0
1400 1 1 170640000 165555595.06227103 -69447645.452699259 346390.04905750445 9.3148153962155984 23.793334319957921 0.71611106156920779 618.48152445274206 -0.0024806451122133793 -0.015047371210936186 -0.0083078551074735642 0
1401 1 1 170726400 166346181.42638746 -67386104.560392395 408180.40860968706 8.9854856007883832 23.926856394394672 0.71420000515140891 618.44315257021503 -0.0023914221996106763 -0.015166825760097362 -0.0083417171061677294 0
1402 1 1 170812800 167108234.02640307 -65313199.580771253 469800.14183757443 8.6543173476481865 24.056388431088376 0.71216158386650874 618.40455852249136 -0.0022969793978431506 -0.015276089825593914 -0.0083671553335284213 0
1403 1 1 170899200 167841595.51156053 -63229276.152361937 531238.29775796121 8.3213451921102699 24.181909602096201 0.70999703255730862 618.36577077675031 -0.0021974807622169878 -0.015374970696075569 -0.0083841706792454878 0
1404 1 1 170985600 168546111.52162501 -61134681.716333374 592484.03206035995 7.9866038055394295 24.303399006408288 0.70770758518432342 618.32681795125973 -0.0020931052277626009 -0.015463294498229906 -0.0083927835749105419 0
1405 1 1 171072000 169221630.6973359 -59029765.523095414 653526.60690957331 7.6501279852471233 24.420835663377748 0.7052944720353258 618.28772875620859 -0.0019840458790525675 -0.015540906469372447 -0.008393033395484098 0
1406 1 1 171158400 169868004.69172785 -56914878.639456712 714355.39051111776 7.3119526647106854 24.534198506334086 0.70275891702677296 618.24853193575586 -0.0018705091805695778 -0.015607671165873534 -0.0083849778394985905 0
1407 1 1 171244800 170485088.18234921 -54790373.956325926 774959.85644757375 6.9721129241253816 24.643466376396166 0.70010213510037655 618.20925621145136 -0.001752714144367601 -0.015663472586412919 -0.0083686922846369655 0
1408 1 1 171331200 171072738.88440621 -52656606.196938254 835329.58279440552 6.6306440012973535 24.748618016505876 0.69732532972384542 618.1699302272724 -0.0016308914940343152 -0.015708214181345166 -0.008344269059138187 0
1409 1 1 171417600 171630817.56486335 -50513931.925587095 895454.25102445669 6.2875813028782321 24.849632065696834 0.69442969049669445 618.13058249635537 -0.0015052828480709942 -0.015741818856400282 -0.0083118167817512988 0
1410 1 1 171504000 172159188.05752996 -48362709.556840345 955323.64471015765 5.9429604159500711 24.946487053618689 0.69141639086465334 618.09124134960393 -0.0013761398145264619 -0.015764228796482788 -0.0082714595899851702 0
1411 1 1 171590400 172657717.27916226 -46203299.365217634 1014927.6480332646 5.5968171199642711 25.039161395338986 0.68828658594901471 618.05193488639225 -0.0012437231641252353 -0.015775405275913666 -0.0082233364104264302 0
1412 1 1 171676800 173126275.24661264 -44036063.495304719 1074256.2441117938 5.249187399028739 25.12763338642964 0.68504141048522049 618.01269092725533 -0.0011083020216234017 -0.015775328469170853 -0.0081676002545776963 0
1413 1 1 171763200 173564735.0950554 -41861365.972279146 1133299.5131536925 4.9001074545535097 25.211881198359691 0.68168197687537035 617.97353696876326 -0.00097015295003593822 -0.015763997081036981 -0.0081044174389931223 0
1414 1 1 171849600 173972973.09732121 -39679572.712820001 1192047.6304474182 4.549613718257846 25.291882874216498 0.67820937336005849 617.93450014076791 -0.00082955913849349619 -0.015741427983046358 -0.0080339668256330116 0
1415 1 1 171936000 174350868.68437007 -37491051.536373056 1250490.8641994146 4.1977428655296709 25.367616324758401 0.67462466230041507 617.89560716582355 -0.00068680962602969263 -0.015707655895695109 -0.0079564391562118673 0
1416 1 1 172022400 174698304.46693471 -35296172.17674198 1308619.5732278603 3.8445318291393362 25.43905932481951 0.67092887857126349 617.85688432090899 -0.0005421985020929457 -0.015662732879495347 -0.0078720362925975666 0
1417 1 1 172108800 175015166.25836304 -33095306.293974001 1366424.2045226346 3.4900178133078343 25.506189510085591 0.66712302807015866 617.81835740157612 -0.00039602415785168433 -0.015606727895506892 -0.0077809705050079963 0
1418 1 1 172195200 175301343.09869239 -30888827.486508235 1423895.2906812346 3.1342383081265122 25.568984374248885 0.66320808633594319 617.78005168841287 -0.00024858854882369574 -0.015539726316188546 -0.0076834637994111724 0
1419 1 1 172281600 175556727.27998388 -28677111.303552635 1481023.4472298506 2.7772311043258067 25.627421266554261 0.65918499727102386 617.74199191576929 -0.00010019650429501369 -0.015461829459548274 -0.0075797472876048232 0
1420 1 1 172368000 175781214.37294838 -26460535.257655792 1537799.3698385851 2.4190343083907289 25.681477389750018 0.65505467197014611 617.70420224276859 4.8844957535964068e-05 -0.015373154060207788 -0.0074700604947538166 0
1421 1 1 172454400 175974703.25489289 -24239478.837437518 1594213.8314401112 2.0596863580186731 25.73112979846459 0.65081798765446541 617.66670622670449 0.00019822724352028996 -0.015273831684540948 -0.0073546507586473402 0
1422 1 1 172540800 176137096.13901716 -22014323.520440985 1650257.6792603754 1.6992260379151913 25.776355398013603 0.64647578670034411 617.62952679862326 0.00034764079679016523 -0.015164008281270763 -0.0072337726742920782 0
1423 1 1 172627200 176268298.6050899 -19785452.786069039 1705921.8317695165 1.3376924959241252 25.817130943651431 0.64202887576530554 617.5926862411161 0.00049677564879091257 -0.015043843575445272 -0.007107687483002779 0
1424 1 1 172713600 176368219.63153228 -17553252.128565241 1761197.275561431 0.97512525948674722 25.853433040281278 0.63747802500774575 617.55620616829697 0.00064532195129914658 -0.014913510601343209 -0.0069766625688545223 0
1425 1 1 172800000 176436771.62893832 -15318109.070000077 1816075.0621697246 0.61156425242493262 25.885238142632709 0.63282396739569657 617.52010750786576 0.00079297045715522919 -0.014773195143654671 -0.0068409709177055878 0
1426 1 1 172886400 176473870.47505805 -13080413.173220826 1870546.3048278044 0.24704981204368082 25.912522555922287 0.6280673981035847 617.48441048527513 0.00093941298829535065 -0.014623095249244222 -0.0067008906464686635 0
1427 1 1 172972800 176479435.55127347 -10840556.054723373 1924602.1751802997 -0.11837729345227674 25.935262437005573 0.62320897398740227 617.44913460984412 0.0010843428499627372 -0.014463420731265476 -0.0065567045873973764 0
1428 1 1 173059200 176453389.78059095 -8598931.3974025026 1978233.8999525411 -0.48467584723350965 25.95343379603915 0.61824931314039899 617.41429866290628 0.0012274552316393144 -0.01429439263690664 -0.0064086998094977608 0
1429 1 1 173145600 176395659.66717958 -6355934.9631363377 2031432.7575851325 -0.85180416581691343 25.967012498658423 0.61318899452696385 617.37992068784183 0.0013684475723654427 -0.01411624286465152 -0.0062571672437891634 0
1430 1 1 173232000 176306175.33747959 -4111964.6051600538 2084190.0748399519 -1.219720080741229 25.975974268680336 0.6080285576875043 617.34601798187964 0.0015070198677528256 -0.013929213702576672 -0.0061024013034781969 0
1431 1 1 173318400 176184870.58290628 -1867420.2801825323 2136497.2233837228 -1.5883809199561287 25.980294691355667 0.60276850251388325 617.31260708980881 0.0016428749437588416 -0.013733557351882274 -0.0059446995309740758 0
1432 1 1 173404800 176031682.90417418 377295.93980196619 2188345.616355116 -1.9577434889255716 25.979949217174298 0.59740928909245827 617.27970379941848 0.0017757187759330575 -0.013529535616046711 -0.0057843622644084963 0
1433 1 1 173491200 175846553.55726674 2621779.856054984 2239726.7049211632 -2.3277640514515654 25.97491316623292 0.59195133761317686 617.24732313856873 0.0019052607188222465 -0.013317419519492852 -0.0056216923191088897 0
1434 1 1 173577600 175629427.6010738 4865625.1320375251 2290631.9748284705 -2.6983983102282121 25.965161733185433 0.58639502833856028 617.21547937393984 0.0020312137399980689 -0.013097488966851194 -0.0054569947398030666 0
1435 1 1 173664000 175380253.94672054 7108423.2828069683 2341052.9429542399 -3.0696013871323768 25.95066999278626 0.5807407016317998 617.18418601137478 0.002153294611759581 -0.012870032457353808 -0.0052905765026655368 0
1436 1 1 173750400 175098985.4086116 9349763.6649188194 2390981.1538624261 -3.4413278032579515 25.931412906034577 0.57498865804655008 617.15345579773236 0.0022712241123827768 -0.01263534687524601 -0.0051227462514555682 0
1437 1 1 173836800 174785578.7572096 11589233.466885675 2440408.1763700107 -3.8135314586966897 25.907365326930289 0.56913915846963281 617.12330072410873 0.0023847272349345069 -0.012393737300902003 -0.004953814108746589 0
1438 1 1 173923200 174439994.77357244 13826417.700247118 2489325.6001279796 -4.1861656120775566 25.878502009866313 0.56319242432191385 617.09373203059738 0.0024935333118617604 -0.012145516746146537 -0.004784091363357711 0
1439 1 1 174009600 174062198.30566779 16060899.191306261 2537725.0322222705 -4.5591828598712008 25.844797617664884 0.55714863781618995 617.0647602124518 0.0025973762209205407 -0.011891006117490817 -0.0046138903036746191 0
1440 1 1 174096000 173652158.32648617 18292258.573588435 2585598.0937991454 -4.9325351154575046 25.80622673026058 0.55100794226660854 617.03639502738315 0.0026959946149948031 -0.011630534170488274 -0.0044435239748959743 0
1441 1 1 174182400 173209847.99397263 20520074.281078737 2632936.4167198199 -5.3061735879689049 25.762763854050927 0.54477044245650585 617.00864550409801 0.002789132072632395 -0.011364437484379545 -0.0042733059386426192 0
1442 1 1 174268800 172735244.71279532 22743922.542296886 2679731.6402494162 -5.6800487609179537 25.714383431928585 0.53843620506565215 616.98151995201806 0.0028765373323109294 -0.011093060504510805 -0.0041035500187897997 0
1443 1 1 174355200 172228330.19796982 24963377.375268795 2725975.4077854599 -6.0541103706065043 25.661059854008691 0.5320052591578508 616.95502597207178 0.0029579645886201613 -0.010816755626334218 -0.003934570053166264 0
1444 1 1 174441600 171689090.54035908 27178010.583455659 2771659.3636312764 -6.4283073843274785 25.602767469069985 0.52547759673459704 616.92917046857508 0.0030331737545667829 -0.010535883387459701 -0.0037666796111051324 0
1445 1 1 174528000 171117516.2740649 29387391.75269996 2816775.1498190942 -6.8025879783386118 25.5394805966205 0.51885317331852565 616.90395966031713 0.0031019312068340738 -0.010250814072858959 -0.0036001922427071147 0
1446 1 1 174614400 170513602.44573626 31591088.249232206 2861314.4029813576 -7.1768995155302839 25.471173539371499 0.51213190848068624 616.87939908664555 0.0031640109282211363 -0.0099619300004600304 -0.0034354218838972789 0
1447 1 1 174700800 169877348.68580714 33788665.218818843 2905268.751284373 -7.5511885231826223 25.397820597538157 0.50531368690811107 616.85549363307985 0.0032191918008947738 -0.0096696140263300961 -0.0032726774112087228 0
1448 1 1 174787200 169208759.28169507 35979685.587085299 2948629.8114214083 -7.9254006693237358 25.319396080059768 0.49839835802238786 616.83224748964415 0.0032672751082248835 -0.0093743055075265567 -0.0031122847507984303 0
1449 1 1 174873600 168507843.25305873 38163710.060813382 2991389.1855621156 -8.2994807398159089 25.23587431957715 0.49138573680396197 616.80966416156332 0.003308057002440302 -0.0090764085172668624 -0.002954550026305442 0
1450 1 1 174960000 167774614.42894027 40340297.130914472 3033538.4585209819 -8.6733726166097576 25.147229692916152 0.48427560677096837 616.78774656303949 0.0033413440488731629 -0.0087763376699826166 -0.0027997750587494016 0
1451 1 1 175046400 167009091.52697915 42509003.076594882 3075069.1949274186 -9.0470192508382166 25.053436625751399 0.47706771579178553 616.76649681697666 0.0033669957663310431 -0.0084746600902646223 -0.0026483218140273381 0
1452 1 1 175132800 166211298.23492 44669381.970152631 3115972.9361355766 -9.4203626398807376 24.954469614202267 0.46976177970968097 616.74591633843818 0.0033848360443941915 -0.0081717659731669282 -0.0025004556868010197 0
1453 1 1 175219200 165381263.29388323 46820985.684548229 3156241.1978769149 -9.7933438054213973 24.850303252885883 0.46235748913484137 616.72600601413319 0.0033947291308220819 -0.0078681302335824026 -0.0023564637702264087 0
1454 1 1 175305600 164519020.58382395 48963363.90237873 3195865.4679996464 -10.165902767361246 24.740912247775075 0.45485450827527496 616.70676609621103 0.0033965500576347263 -0.0075642344677143919 -0.0022166278528184149 0
1455 1 1 175392000 163624609.21104965 51096064.126557663 3234837.2043251088 -10.537978521888791 24.626271442150969 0.44725247875892188 616.68819631097142 0.0033901693895364527 -0.007260514999051915 -0.0020811983965091981 0
1456 1 1 175478400 162698073.59768564 53218631.693224862 3273147.8328515696 -10.909509016685112 24.506355838039678 0.43955102219997189 616.6702958670511 0.0033755061769601704 -0.0069574851809461966 -0.0019504366887635001 0
1457 1 1 175564800 161739463.57357591 55330609.785879999 3310788.7459422504 -11.280431120028533 24.381140604977812 0.43174973789213023 616.65306321453875 0.0033525520813936422 -0.0066557803712913475 -0.0018246310015393487 0
1458 1 1 175651200 160748834.47088334 57431539.450375013 3347751.3003607285 -11.650680590655528 24.250601095100748 0.42384820330392636 616.63649589037288 0.0033213348226485378 -0.0063560356246507603 -0.0017040405127075626 0
1459 1 1 175737600 159726247.22086442 59520959.612404153 3384026.8158282498 -12.020192059139793 24.114712888600398 0.41584598647028609 616.62059088163744 0.0032818199816826341 -0.006058658034547023 -0.0015888086857417489 0
1460 1 1 175824000 158671768.45223996 61598407.098955356 3419606.5746402349 -12.388899002749929 23.973451824095804 0.4077426520470509 616.60534469146683 0.0032340898838606903 -0.005764245930868629 -0.0014791240324411724 0
1461 1 1 175910400 157585470.59241012 63663416.66092255 3454481.821243708 -12.756733710563267 23.826794009542258 0.39953776007084485 616.590753023449 0.0031782887763873485 -0.0054734241613496682 -0.0013751489572632238 0
1462 1 1 175996800 156467431.9714027 65715520.997547761 3488643.7620719983 -13.123627253341636 23.674715849384647 0.3912308714347435 616.57681071968125 0.0031146366078822767 -0.0051868496967023758 -0.0012770164603254437 0
1463 1 1 176083200 155317736.92865542 67754250.78295818 3522083.565805221 -13.489509446694456 23.517194063785389 0.38282155180424454 616.56351150954026 0.0030434983806463174 -0.0049053043984942715 -0.001184846374885499 0
1464 1 1 176169600 154136475.92303401 69779134.694466844 3554792.3640232184 -13.854308816249356 23.354205715757658 0.37430937808261766 616.55084785754411 0.0029653301855381287 -0.0046295741415331498 -0.0010987121734410219 0
1465 1 1 176256000 152923745.64692506 71789699.441660196 3586761.2519546738 -14.217952524491858 23.185728179605828 0.36569392787469956 616.53880964767563 0.0028811632612713292 -0.0043612196051905612 -0.0010188550819589508 0
1466 1 1 176342400 151679649.14599177 73785469.794232458 3617981.2888315739 -14.580366352162946 23.011739210263315 0.35697480067529058 616.5273846947623 0.002791508503698352 -0.0041006630406009697 -0.0009451027382075479 0
1467 1 1 176428800 150404295.93905997 75765968.618658468 3648443.500972013 -14.9414746521512 22.832216973376688 0.34815162838731134 616.51655844428228 0.0026977456771995838 -0.0038495134636430872 -0.00087755614851652084 0
1468 1 1 176515200 149097802.14481282 77730716.912615344 3678138.8842580807 -15.301200308387406 22.647140079678326 0.33922408460907211 616.50631372573457 0.0026006791352368012 -0.0036081994641821665 -0.00081591579766604363 0
1469 1 1 176601600 147760290.60802492 79679233.849055454 3707058.4092994281 -15.659464723058564 22.456487669039085 0.33019190752521549 616.49663138716937 0.0025016986376935695 -0.0033778369777899141 -0.00076001714526795531 0
1470 1 1 176688000 146391891.03157735 81611036.820131466 3735193.0264428658 -16.016187732255272 22.260239383275273 0.32105489081907207 616.48748875776459 0.0024024707223354283 -0.0031596804323844332 -0.00070966962041565745 0
1471 1 1 176774400 144992740.11365876 83525641.48223564 3762533.6709129089 -16.371287559333986 22.058375401227014 0.31181289046361038 616.47885924393665 0.0023051129182268984 -0.0029553421001293832 -0.00066471852630835412 0
1472 1 1 176860800 143562981.69933546 85422561.791145459 3789071.2657310548 -16.724680445671297 21.850876071689175 0.30246574537214926 616.47070367724234 0.0022156419702633119 -0.0027710558604923255 -0.00062593651566323347 0
1473 1 1 176947200 142102766.95837912 87301310.013500214 3814796.7195580723 -17.076280696528993 21.637722095415278 0.29301331626078042 616.46297259854066 0.002136016468889342 -0.0026073855457801197 -0.00059282347586395807 0
1474 1 1 177033600 140612254.55488211 89161396.761055112 3839700.9296588441 -17.42600032341327 21.418894235685681 0.28345543182194816 616.45559864635527 0.002076301639481136 -0.0024743957869430904 -0.00056676940063173499 0
1475 1 1 177120000 139091610.85195696 91002330.992265671 3863774.7777975881 -17.773749350167428 21.194373783815678 0.27379196572611625 616.44850480651485 0.0020366766853138914 -0.0023698100898074761 -0.00054680051527880146 0
1476 1 1 177206400 137541010.13580814 92823620.007161617 3887009.1232766095 -18.119433449117867 20.964140059404723 0.26402232309481355 616.44154927312684 0.0020531258718101929 -0.0023315633958225514 -0.00053999232970136158 0
1477 1 1 177292800 135960634.98187888 94624769.293572798 3909394.7640907262 -18.462956865315228 20.728173850599163 0.25414607543475443 616.43459643401775 0.0020879839612516866 -0.0023138209028755511 -0.00053724990409957174 0
1478 1 1 177379200 134350676.09129012 96405282.97699587 3930922.5130091412 -18.804226735901484 20.48646218362498 0.24416386236160909 616.4276183137921 0.0021242918206364893 -0.0022970218447607195 -0.0005347134098108127 0
1479 1 1 177465600 132711332.19028883 98164664.180523813 3951583.2540352168 -19.143149742947724 20.238994366759634 0.23407660077685391 616.42061168475823 0.0021624647616660143 -0.0022814841251062291 -0.00053243693576623973 0
1480 1 1 177552000 131042810.13307665 99902415.152168602 3971367.9522147463 -19.479631130494049 19.985760922593016 0.22388526525899149 616.41357446229904 0.0022001458784297705 -0.0022646521042242649 -0.00052991360727318543 0
1481 1 1 177638400 129345325.01485708 101618037.38431342 3990267.6610394977 -19.813574832145989 19.726753783472947 0.21359091633727545 616.40650878101053 0.0022373052095258634 -0.0022465401488212396 -0.00052714491564015474 0
1482 1 1 177724800 127619100.29617785 103311031.72607927 4008273.5275751497 -20.144883272099104 19.461966137516967 0.20319465995212332 616.39941645079182 0.0022739097254234667 -0.0022271614672892594 -0.00052413360336975377 0
1483 1 1 177811200 125864367.93290998 104980898.49509144 4025376.7965828758 -20.473457374423607 19.191392503443151 0.19269765187868973 616.39229929227395 0.0023099292855042926 -0.0022065328404618514 -0.00052088261533947118 0
1484 1 1 177897600 124081368.50630715 106627137.59477225 4041568.8148365216 -20.799196550187339 18.915028782013952 0.18210109748245221 616.38515892754663 0.0023454468742477867 -0.0021847841279889115 -0.00051741563485790704 0
1485 1 1 177984000 122270351.35416406 108249248.63611208 4056841.0354176797 -21.121998692656156 18.632872316107026 0.17140625297328085 616.37799672365441 0.002380451119893229 -0.0021619451811028942 -0.00051373526238900449 0
1486 1 1 178070400 120431574.70093033 109846731.0660696 4071185.0223758002 -21.441760205144362 18.344921982425532 0.160614432138417 616.37081441948737 0.0024146806302767668 -0.0021378069145999699 -0.00050980110827839856 0
1487 1 1 178156800 118565305.78583051 111419084.30341613 4084592.455852272 -21.758376003867859 18.051178257214172 0.14972700769005148 616.363614144184 0.0024480986270712284 -0.0021123887586762969 -0.00050561624341160486 0
1488 1 1 178243200 116671820.99225836 112965807.87876457 4097055.1370367967 -22.071739502858961 17.75164326454097 0.13874540923012441 616.35639800277249 0.0024806670454685801 -0.0020857101840952427 -0.0005011837721843168 0
1489 1 1 178329600 114751405.97728676 114486401.57994989 4108564.9931598543 -22.381742620624426 17.446320846064829 0.12767112501952946 616.34916810739617 0.002512348247556917 -0.0020577919609295657 -0.00049650694275393977 0
1490 1 1 178416000 112804355.80058286 115980365.60343441 4119114.0826261993 -22.688275787402134 17.135216630853513 0.11650570349110775 616.34192657628807 0.0025431050915741384 -0.0020286562178909269 -0.00049158918824214308 0
1491 1 1 178502400 110830975.05260395 117447200.71180849 4128694.6002791133 -22.991227954557463 16.81833810664941 0.10525075476359659 616.33467553247783 0.0025729012390963307 -0.0019983266402511593 -0.00048643417308346092 0
1492 1 1 178588800 108831577.98188661 118886408.39750925 4137298.8827954358 -23.290486606202208 16.495694692541612 0.09390795215442603 616.32741710181358 0.002601701424091496 -0.0019668285991869244 -0.00048104582923150425 0
1493 1 1 178675200 106806488.62123191 120297491.05287811 4144919.4142112127 -23.585937773144902 16.167297813013477 0.082479033690498346 616.32015341031945 0.002629471788403768 -0.0019341893053764249 -0.00047542838448728437 0
1494 1 1 178761600 104756040.91258046 121679952.14667456 4151548.8315778025 -23.877466049292668 15.833160973335218 0.070965803617189127 616.31288658107144 0.0026561801133978785 -0.001900437858585976 -0.00046958637721465114 0
1495 1 1 178848000 102680578.83036205 123033296.40715832 4157179.9307477814 -24.164954610549053 15.493299836215643 0.05937013388919634 616.30561872931253 0.0026817970103288112 -0.0018656058911801655 -0.00046352484235596904 0
1496 1 1 178934400 100580456.50311401 124357030.01184183 4161805.6722853673 -24.448285236021579 15.147732299529101 0.047693965563547554 616.29835195056478 0.0027062961703891329 -0.0018297276087481066 -0.00045724917901248128 0
1497 1 1 179020800 98456038.333032727 125650660.7840579 4165419.1875337576 -24.727338335932917 14.796478576904189 0.035939311412634498 616.29108837583976 0.0027296031836058646 -0.001792817092323115 -0.00045074992953133988 0
1498 1 1 179107200 96307699.112724856 126913698.3966832 4168013.7849594401 -25.00199298738249 14.439561282512871 0.02410825910749299 616.28383031862211 0.0027515945512008363 -0.0017548572335655682 -0.00044401319121864762 0
1499 1 1 179193600 94135824.139132738 128145654.58307354 4169582.9566286323 -25.272126960053477 14.077005510826453 0.012202970425807813 616.27658019057128 0.0027722574476944707 -0.0017158851764507942 -0.00043705772786191855 0
1500 1 1 179280000 91940809.325493321 129346043.35468194 4170120.3845595093 -25.537616743202911 13.708838914977617 0.00022568118486477159 616.26934037288493 0.0027915575159534211 -0.0016759379373564602 -0.00042988994248918026 0
1501 1 1 179366400 89723061.310282186 130514381.22572741 4169619.9472417319 -25.798337584396926 13.335091790054742 -0.011821296278369293 616.26211323764835 0.0028094708525657056 -0.0016350594803930889 -0.00042251766953268799 0
1502 1 1 179452800 87482997.562780991 131650187.44508077 4168075.7263074773 -26.054163530299785 12.955797157316011 -0.023935571633160745 616.25490115017283 0.002825963957729688 -0.0015932898664317049 -0.00041494658071625906 0
1503 1 1 179539200 85221046.484992519 132752984.2354487 4165482.0133246277 -26.304967468716274 12.570990848035549 -0.036114675533852739 616.24770643094826 0.0028410434963005958 -0.0015506891921632136 -0.00040718976112317297 0
1504 1 1 179625600 82937647.509894386 133822297.03976904 4161833.3166535711 -26.550621173556191 12.180711587685856 -0.048356058719679795 616.24053130493371 0.0028547148874400862 -0.0015073161809864559 -0.00039925901721328641 0
1505 1 1 179712000 80633251.195444688 134857654.77500457 4157124.3684209562 -26.790995357265576 11.785001082493011 -0.060657090423257273 616.23337791634594 0.0028669798477719542 -0.0014632267502202763 -0.00039116481395663462 0
1506 1 1 179798400 78308319.313901737 135858590.09342596 4151350.1316244099 -27.025959726683308 11.383904106123238 -0.073015056959703423 616.22624833458917 0.0028778422618374456 -0.0014184767018787553 -0.00038291749906509863 0
1507 1 1 179884800 75963324.93616876 136824639.65138313 4144505.8073520516 -27.255383042545862 10.977468586412515 -0.085427160448772771 616.21914455315436 0.0028873073614776382 -0.001373121200619975 -0.00037452721474514055 0
1508 1 1 179971200 73598752.510811418 137755344.38557878 4136586.8421110306 -27.479133183292394 10.565745692244104 -0.097890517570295918 616.21206849087548 0.0028953809520320911 -0.0013272143884596828 -0.00036600380969177722 0
1509 1 1 180057600 71215097.937371552 138650249.79684871 4127588.9352622903 -27.697077213405908 10.148789920452529 -0.11040215834092308 616.20502199751104 0.0029020655351486512 -0.0012808078290935606 -0.00035735630771222563 0
1510 1 1 180144000 68812868.633520678 139508906.24146602 4117508.0465671765 -27.909081457986005 9.726659183172421 -0.12295902470849382 616.19800689034025 0.0029073441935615636 -0.0012339445961676975 -0.00034859085056794368 0
1511 1 1 180230400 66392583.595645681 140330869.22994626 4106340.4038410797 -28.11501157846196 9.29941489339223 -0.13555796973395212 616.19102493322816 0.0029112361600111269 -0.0011866813194777845 -0.00033971880708458919 0
1512 1 1 180316800 63954773.452853329 141115699.73316827 4094082.5106205964 -28.314732651960924 8.8671220498222354 -0.14819575772024127 616.18407779999416 0.0029137386174940857 -0.0011390649590651354 -0.00033074680781566108 0
1513 1 1 180403200 61499980.513320297 141862964.49590859 4080731.1543131731 -28.508109271994144 8.4298493234920766 -0.16086904883192557 616.17716731975531 0.0029146464754426487 -0.001091110479780495 -0.00032150493202715388 0
1514 1 1 180489600 59028758.80004143 142572236.35839874 4066283.4157681861 -28.695005696814132 7.9876691608895012 -0.1735743930470455 616.17029643226567 0.0029132417079281263 -0.001042620712191331 -0.00031194343225462908 0
1515 1 1 180576000 56541674.074208915 143243094.58672518 4050736.6779335975 -28.875285955393007 7.5406578714605317 -0.18630825125913955 616.16346933060652 0.0029093097146494266 -0.00099358263220095219 -0.00030218407182203334 0
1516 1 1 180662400 54039303.855891332 143875125.20838809 4034088.6319037029 -29.048813798956743 7.0888956606848001 -0.19906703585118421 616.156688948843 0.0029044079024104345 -0.00094453472943958428 -0.00029258592593593577 0
1517 1 3 180706194.4407469 52765252.201121584 144180530.41012299 4025228.8257855494 -29.134149174716637 6.8581186523062447 -0.20554253902649644 616.15326842915715 0 0 0 255
1518 1 1 180748800 51522237.462087907 144467921.34610748 4016337.2845296655 -29.215452307386862 6.6324665384478898 -0.21184697990149851 616.14994890287596 0.002904602408158187 -0.00089760966775602003 -0.00028165522361252933 0
1519 1 1 180835200 48991076.069043435 145021083.54637113 3997480.9799554981 -29.375064008031423 6.1714583913636094 -0.22464406979797005 616.14323366744577 0.0029115886930880337 -0.00085341233073118051 -0.00026902425551949269 0
1520 1 1 180921600 46446432.739457458 145534220.12543219 3977518.4116022377 -29.527511207630642 5.705963212504253 -0.23745427661876597 616.13652215504317 0.0029283789700685881 -0.00081200669566127445 -0.00025610828274057272 0
1521 1 1 181008000 43888932.435975343 146006947.5319525 3956448.6146034147 -29.672656321439572 5.2360773166914356 -0.25027372159180067 616.12979120269597 0.0029506371698880245 -0.00077143108178734962 -0.00024435275568393571 0
1522 1 1 181094400 41319210.443539895 146438891.2935383 3934270.2134618391 -29.810401330614347 4.7619156407267189 -0.26311689086394702 616.12363291516363 0.0029354627929967865 -0.00072229961881319397 -0.00022931032435514448 0
1523 1 1 181180800 38737926.667604476 146829680.87171924 3910989.2027014275 -29.940119169854999 4.2833957233950848 -0.27571781558328018 616.1095169734989 0.0089732273244568696 -0.0029684261930779956 0.0029889813363468739 0
1524 1 1 181267200 36145793.537625626 147178939.79752821 3886633.6682175384 -30.061667626260597 3.8006355995501657 -0.28806603134305697 616.08697260079225 0.0090551267704291234 -0.0028088040200227584 0.0030870615791680259 0
1525 1 1 181353600 33543495.182711359 147486317.68821201 3861211.2290482777 -30.175400774309026 3.3139458734013671 -0.30041262532748381 616.06494293631556 0.0091372318594122766 -0.0026456428973538745 0.003190612158964884 0
1526 1 1 181440000 30931714.188711543 147751479.49463171 3834723.0750264516 -30.281151152761492 2.8234316511608468 -0.31273462787941841 616.04277237741314 0.0092182211971965997 -0.0024799185602981159 0.0032943965459896474 0
1527 1 1 181526400 28311145.955281008 147974100.08872664 3807171.5213047513 -30.378787275388639 2.3292165832317284 -0.32502760057864494 616.02045539585504 0.0092983270156354186 -0.0023113973253439052 0.0033989656039066234 0
1528 1 1 181612800 25682497.190552779 148153865.22620371 3778559.2736234781 -30.468178896507887 1.8314289621750501 -0.33728696109175937 615.9979859999296 0.0093773087291422683 -0.0021399629295335452 0.003504116889439678 0
1529 1 1 181699200 23046485.794583473 148290471.94855204 3748889.435870463 -30.549197216406419 1.3302017464524216 -0.34950807526715472 615.97535875350331 0.0094549296866386166 -0.0019655138762944497 0.0036096486471126495 0
1530 1 1 181785600 20403840.727441728 148383628.98767689 3718165.5146914087 -30.621715044072623 0.82567259407618787 -0.361686254590252 615.95256871433651 0.0095309490900583847 -0.0017879691494028503 0.0037153508075403654 0
1531 1 1 181872000 17755301.862874765 148433057.17315102 3686391.4240718898 -30.685606967871337 0.31798388965506846 -0.37381675885404447 615.92961144376568 0.0096051231274690823 -0.0016072685534948138 0.0038210056918506785 0
1532 1 1 181958400 15101619.827043056 148438489.84154952 3653571.4896882693 -30.740749530494163 -0.19271723444971181 -0.38589479883584504 615.90648301492229 0.0096772060286665143 -0.0014233729133438532 0.0039263889676203227 0
1533 1 1 182044800 12443555.822014924 148399673.24732861 3619710.4531064038 -30.787021406663744 -0.7062788836596301 -0.39791553700824467 615.88317998714956 0.0097469511899219707 -0.001236263969372595 0.0040312707465250059 0
1534 1 1 182131200 9781881.4328435697 148316366.97497898 3584813.4745551655 -30.824303611951269 -1.2225443839896801 -0.40987412922757105 615.85970003201408 0.0098138706136477651 -0.0010458643646137043 0.0041350738870561121 0
1535 1 1 182217600 7117378.4188932776 148188344.35124797 3548886.1378701567 -30.852479615467001 -1.7413523135029922 -0.42176555918439312 615.83603979905229 0.0098787366616552505 -0.00085258352097210657 0.0042394234569502328 0
1536 1 1 182304000 4450838.4981591664 148015392.85506368 3511934.4617742738 -30.871435447455632 -2.2625364828297965 -0.43358489327158972 615.81219530814883 0.0099428605350406936 -0.0006562311159665704 0.004341361638090597 0
1537 1 1 182390400 1783063.146314437 147797314.52528653 3473964.9047354585 -30.881059001221431 -2.7859261084693294 -0.44532657280680477 615.78814459277055 0.01001697244624193 -0.00045902017175106241 0.00445051060574781 0
1538 1 1 182476800 -885136.58949839254 147533926.35792494 3434984.4281292697 -30.881241454142181 -3.311345626649977 -0.45698500248682505 615.76386917770526 0.010087373582902338 -0.00025825394061628252 0.0045567300214651909 0
1539 1 1 182563200 -3552940.461377928 147225060.73333272 3395000.4357057917 -30.871878343119874 -3.8386145615352882 -0.46855525493102457 615.73937115056754 0.010153988687993975 -5.4231600358303466e-05 0.004661247440079703 0
1540 1 1 182649600 -6219519.3408397315 146870565.82526341 3354020.7664876082 -30.85286860711205 -4.3675478017384446 -0.48003222920720895 615.71465096937038 0.010216510210228366 0.00015294025810739189 0.0047635379345557583 0
1541 1 1 182736000 -8884035.5261448901 146470306.00108382 3312053.6995219872 -30.824114884992468 -4.8979556158657198 -0.491410834011617 615.68970997916597 0.010274689701364052 0.00036310348013010579 0.0048633417116818473 0
1542 1 1 182822400 -11545643.070467822 146024162.21840808 3269107.9546092656 -30.785523713020485 -5.4296437118230836 -0.50268595786700265 615.66455008117191 0.010328317822507543 0.00057608158931739587 0.0049604352081087603 0
1543 1 1 182908800 -14203488.127589006 145532032.41641361 3225192.6938292589 -30.737005734745861 -5.9624133015860341 -0.51385247636800624 615.63917380026828 0.010377129145398343 0.00079167920687469456 0.005054538106267774 0
1544 1 1 182995200 -16856709.315945055 144993831.90113765 3180317.5223168 -30.678475911155218 -6.4960611757795457 -0.52490525769039587 615.61358433079965 0.010420902695052676 0.00100968286351492 0.0051454118472175053 0
1545 1 1 183081600 -19504438.100473426 144409493.72391143 3134492.4889329886 -30.609853725698514 -7.0303797879299781 -0.53583916274774113 615.58778546587757 0.010459428188604871 0.0012298626975592068 0.0052328272212310827 0
1546 1 1 183168000 -22145799.192349266 143778969.05209172 3087728.0867484473 -30.531063392469083 -7.5651573485981958 -0.54664904852803886 615.56178159141962 0.010492506580009522 0.0014519734805438194 0.0053165653576474946 0
1547 1 1 183254400 -24779910.96667964 143102227.53122267 3040035.2532443521 -30.44203406362718 -8.1001779296345369 -0.55732977130232242 615.53557767425548 0.010519950857293075 0.0016757557670604682 0.0053964187269276353 0
1548 1 1 183340800 -27405885.89807003 142379257.63774827 2991425.3702429971 -30.342700035590628 -8.6352215786792819 -0.56787618966468545 615.50917924439352 0.010541586639604571 0.0019009369271036059 0.0054721919471458777 0
1549 1 1 183427200 -30022831.013935916 141610067.02138746 2941910.2635835535 -30.233000954065375 -9.1700644441297499 -0.57828316825383319 615.48259238601497 0.010557226403150325 0.0021272249916871777 0.0055436602984946888 0
1550 1 1 183513600 -32629848.367981598 140794682.83539957 2891502.1982181077 -30.112882084702509 -9.7044789335430757 -0.58854569510764054 615.45582553531108 0.01056640268972675 0.0023542206257025564 0.0056101217725619797 0
1551 1 1 183600000 -35226035.517916419 139933152.05906028 2840213.8950234768 -29.982293938158531 -10.238233666661529 -0.59865792254520533 615.42887410428 0.010576139239553042 0.002584078421900169 0.0056834272715083527 0
1552 1 1 183686400 -37810485.962677501 139025541.82836017 2788058.6444154312 -29.841192199068413 -10.771093481989626 -0.60861270389387701 615.40171281054575 0.010588618685721507 0.0028180107945192942 0.0057675272657889357 0
1553 1 1 183772800 -40382289.648320541 138071939.74037448 2735050.3343445836 -29.689539248648487 -11.302820040488776 -0.61840382274673755 615.37433110517793 0.010594660432195417 0.0030528334514321269 0.0058471424149317934 0
1554 1 1 183859200 -42940533.583464488 137072454.10755774 2681203.3208624688 -29.527304523733893 -11.833172119654037 -0.62802629693449208 615.34673817359305 0.01059388264218347 0.0032881608102074281 0.0059217453679742118 0
1555 1 1 183945600 -45484302.415019415 136027214.21247897 2626532.3916780967 -29.354463945199335 -12.361905553021369 -0.63747511090111963 615.31894267726864 0.010586192195813502 0.0035237286010211077 0.0059913226056358205 0
1556 1 1 184032000 -48012678.997006215 134936370.5531036 2571052.7668084274 -29.171000116417588 -12.888773447550243 -0.64674527671262938 615.29095349397039 0.010571626141422605 0.0037591261225089771 0.006055763082255864 0
1557 1 1 184118400 -50524744.97516042 133800095.06883296 2514780.0953271966 -28.976902494978773 -13.413526401321514 -0.65583185168533498 615.26277984296678 0.010550129843325234 0.0039939898334686507 0.0061149483566251134 0
1558 1 1 184204800 -53019581.386806183 132618581.34811071 2457730.4511851477 -28.7721675668096 -13.935912718358429 -0.66472994421106157 615.23443138897687 0.010521644128863741 0.0042279629353359389 0.00616877268148957 0
1559 1 1 184291200 -55496269.274956383 131392044.81677397 2399920.3285931479 -28.556799002927811 -14.455678638691356 -0.67343471841413549 615.20591822766812 0.010486127937225989 0.0044606843300248264 0.0062171467622073994 0
1560 1 1 184377600 -57953890.315530434 130120722.90606402 2341366.6370084146 -28.330807806814171 -14.972568578775094 -0.68194139877270654 615.1772508588665 0.010443555934399293 0.0046917909923283232 0.0062599974155000526 0
1561 1 1 184464000 -60391527.456937775 128804875.19946249 2282086.6957146409 -28.094212453106376 -15.486325381208751 -0.69024527488703058 615.14844016306472 0.010393918498608587 0.0049209190137646849 0.0062972674836097413 0
1562 1 1 184550400 -62808265.571232706 127444783.55755413 2222098.2279859749 -27.847039016655646 -15.996690573591337 -0.6983417063450803 615.11949737750376 0.010337221693669449 0.0051477046339138237 0.0063289156452342376 0
1563 1 1 184636800 -65203192.115981244 126040752.22014426 2161419.3548267116 -27.589321291335835 -16.503404636117871 -0.70622612767353998 615.0904340719386 0.010273487281616249 0.0053717852358723533 0.0063549162931238563 0
1564 1 1 184723200 -67575397.805928811 124593107.88489334 2100068.5882799998 -27.321100898003248 -17.006207277482062 -0.71389405336507239 615.0612621241695 0.010202752627413922 0.0055928003490921191 0.006375259243551373 0
1565 1 1 184809600 -69923977.293506145 123102199.76177241 2038064.8242988281 -27.042427381030997 -17.504837718612396 -0.72134108298119237 615.03199369560241 0.010125070564134477 0.0058103925629802615 0.0063899494065937819 0
1566 1 1 184896000 -72248029.857161909 121568399.60268278 1975427.3351733494 -26.753358292855953 -17.999034983722179 -0.72856290631730158 615.00264120688553 0.010040509236404625 0.0060242084890796957 0.0063990064292994472 0
1567 1 1 184982400 -74546660.096462503 119992101.70563427 1912175.7615097808 -26.453959265995238 -18.488538198106909 -0.73555530861517837 614.97321731355896 0.0099491519883983977 0.006233899686559549 0.0064024643114199654 0
1568 1 1 185068800 -76818978.632854402 118373722.89292285 1848330.1037572154 -26.144304072024742 -18.97308689208981 -0.74231417581537973 614.94373488185272 0.0098510971408753388 0.0064391235362482148 0.0064003709018135803 0
1569 1 1 185155200 -79064102.814942479 116713702.46280551 1783910.7132791532 -25.824474667054261 -19.452421310474897 -0.74883549984093711 614.91420696486171 0.0097464576962133388 0.0066395440999442949 0.0063927873785047115 0
1570 1 1 185241600 -81281157.427097425 115012502.11422436 1718938.2829679232 -25.49456122325352 -19.926282726822862 -0.75511538389084143 614.88464677899731 0.0096353611122037674 0.0068348329971142721 0.0063797877554966249 0
1571 1 1 185328000 -83469275.400169984 113270605.84419471 1653433.8374018609 -25.154662146026141 -20.394413761839253 -0.76115004773054673 614.85506768081336 0.0095179489562986219 0.0070246701508574275 0.0063614582704326636 0
1572 1 1 185414400 -85627598.523055911 111488519.81753358 1587418.7225458156 -24.804884076476647 -20.856558705127433 -0.76693583296950352 614.82548314437304 0.00939437655082229 0.0072087445934892608 0.0063378967631138872 0
1573 1 1 185500800 -87755278.153827339 109666772.20867135 1520914.5949969401 -24.44534187885337 -21.31246383952033 -0.77246920830603294 614.79590673910343 0.0092648125742995392 0.0073867552281423983 0.0063092120471486528 0
1574 1 1 185587200 -89851475.929120243 107805913.01535867 1453943.4107793998 -24.076158612694723 -21.761877767187418 -0.77774677472175091 614.76635210816596 0.0091294386809536859 0.0075584115253472224 0.0062755232523515753 0
1575 1 1 185673600 -91915364.470446378 105906513.84415118 1386527.413692916 -23.69746548946507 -22.204551736689378 -0.78276527061322854 614.73683294750617 0.0089884489727551382 0.0077234341689731006 0.0062369590989260169 0
1576 1 1 185760000 -93946128.08608228 103969167.66762571 1318689.1232212926 -23.309401813514075 -22.640239970120948 -0.78752157684099766 614.70736298556562 0.0088420495359634605 0.0078815557548698664 0.0061936572358462982 0
1577 1 1 185846400 -95942963.46717605 101994488.55335985 1250451.3220092237 -22.912114907235541 -23.068699989467316 -0.79201272167119785 614.67795596348117 0.0086904579644365969 0.0080325214045478214 0.0061457635627226448 0
1578 1 1 185932800 -97905080.376702145 99983111.364779294 1181837.0429169892 -22.505760020380009 -23.48969294130309 -0.79623588560590419 614.64862561616451 0.0085339026874879549 0.0081760892223579455 0.0060934313887084307 0
1579 1 1 186019200 -99831702.329897091 97935691.434055164 1112869.5556633417 -22.090500223516742 -23.902983918930069 -0.8001884060762503 614.61938565409889 0.008372622463200469 0.0083120309328606583 0.0060368208289845468 0
1580 1 1 186105600 -101722067.26480648 95852904.207311928 1043572.3530698852 -21.666506285699423 -24.308342281048574 -0.80386778197602915 614.59024974578142 0.0082068656734340332 0.0084401322999010167 0.005976098006671148 0
1581 1 1 186192000 -103575428.20158443 93735444.862484202 973969.13692070253 -21.233956536454624 -24.705541966071102 -0.80727167802963062 614.56123150103588 0.0080368897249860991 0.0085601935538024785 0.0059114343186258862 0
1582 1 1 186278400 -105391053.88919701 91584027.900237486 904083.80345278629 -20.793036712261728 -25.094361801168986 -0.81039792896637575 614.53234445498663 0.0078629603607402176 0.0086720298222246611 0.005843005760386065 0
1583 1 1 186364800 -107168229.43820055 89399386.708447009 833940.42849481036 -20.343939787763258 -25.474585805160366 -0.81324454348477471 614.50360205275615 0.0076853509566622144 0.0087754714532162562 0.0057709922006124459 0
1584 1 1 186451200 -108906256.93828663 87182273.100805074 763563.25227288436 -19.886865791998659 -25.846003484361091 -0.81580970799421937 614.4750176349487 0.0075043417900574295 0.0088703643146483217 0.0056955766759245558 0
1585 1 1 186537600 -110604456.0593154 84933456.830202252 692976.66390335851 -19.422021610010788 -26.20841012052605 -0.81809179011377431 614.44660442379291 0.0073202193260557859 0.0089565700997914863 0.0056169447383675585 0
1586 1 1 186624000 -112262164.63459036 82653725.077602237 622205.18559446093 -18.949620770236123 -26.561607050035953 -0.82008934191154836 614.41837550995308 0.0071332754282346861 0.0090339665151390434 0.0055352837947138878 0
1587 1 1 186710400 -113878739.22516575 80343881.917203173 551273.45657969511 -18.469883218145352 -26.905401933513318 -0.82180110287213204 614.39034384008255 0.0069438066089788945 0.009102447432595577 0.0054507824667761468 0
1588 1 1 186796800 -115453555.66402137 78004747.758746237 480206.21680722554 -17.983035076645788 -27.23960901506646 -0.8232260025741498 614.36252220491235 0.0067521133076064764 0.0091619230761810968 0.0053636300190556228 0
1589 1 1 186883200 -116986009.57898435 75637158.76790145 409028.29041093611 -17.489308393825354 -27.564049370397989 -0.82436316306595592 614.33492322789618 0.0065584990394867114 0.0092123201187783964 0.0052740157577030504 0
1590 1 1 186969600 -118475516.89333192 73241966.265723869 337764.56898969196 -16.988940878663403 -27.878551143056402 -0.82521190092578456 614.30755935442915 0.006363269624240768 0.0092535817477747348 0.0051821285314202553 0
1591 1 1 187056000 -119921514.30306302 70820036.108234927 266439.99472279981 -16.482175625366501 -28.182949768143974 -0.82577172899275708 614.28044284146802 0.006166732464213398 0.0092856676985826302 0.0050881562150790144 0
1592 1 1 187142400 -121323459.72988713 68372248.047240183 195079.54335018503 -15.969260827050947 -28.47708818284503 -0.82604235776662849 614.25358574768461 0.0059691956938327084 0.0093085542102878879 0.0049922851984940935 0
1593 1 1 187228800 -122680832.74904157 65899495.073549524 123708.20704688858 -15.450449479515196 -28.76081702314918 -0.82602369644561979 614.22699992351761 0.005770967616195141 0.0093222343802100219 0.0048947002096882877 0
1594 1 1 187315200 -123993134.9911142 63402682.743818 52350.977224882583 -14.925999075871349 -29.033994806183653 -0.82571585357254274 614.20069700023737 0.0055723560519002095 0.0093267183908534584 0.0047955840435980517 0
1595 1 1 187401600 -125259890.51712118 60882728.49226585 -18967.172708524391 -14.396171292992513 -29.296488097901488 -0.82511913743143728 614.17468838281491 0.0053736663138243077 0.0093220310811526312 0.0046951157736265653 0
1596 1 1 187488000 -126480646.16616845 58340560.92856203 -90221.304613133412 -13.861231670512808 -29.548171665478588 -0.82423405605552291 614.14898524223611 0.0051752019794407186 0.0093082145826149081 0.0045934721335512138 0
1597 1 1 187574400 -127654971.87508647 55777119.123218395 -161386.53286034911 -13.321449283256149 -29.788928614065377 -0.82306131686580475 614.12359850764949 0.0049772636620575824 0.0092853273350636378 0.0044908266749919103 0
1598 1 1 187660800 -128782460.96948665 53193351.881924592 -232438.04148736448 -12.777096407153659 -30.018650505307249 -0.82160182451218622 614.09853881505171 0.0047801583002620111 0.0092534697995172738 0.0043873657224151917 0
1599 1 1 187747200 -129862730.42576146 50590217.010300212 -303351.10117800086 -12.228448181787986 -30.237237462850803 -0.81985668045832605 614.07381651875812 0.004584172162757724 0.0092127195737007703 0.00428324641072281 0
1600 1 1 187833600 -130895421.10383354 47968680.570046745 -374101.08631362399 -11.675782269786803 -30.444598263217735 -0.81782718326922588 614.04944173656736 0.004389588944457885 0.0091631747218251548 0.004178625614764675 0
1601 1 1 187920000 -131880197.95025463 45329716.128182501 -444663.49188858777 -11.119378511675448 -30.640650406006888 -0.81551482586338908 614.0254243148197 0.0041966902205450088 0.0091049582366784405 0.0040736620578539721 0
1602 1 1 188006400 -132816750.17140286 42674304.000919811 -515013.95018354984 -10.559518579127099 -30.825320168017601 -0.81292129284380588 614.00177380518176 0.0040057511572811084 0.0090382090363860055 0.0039685103969799773 0
1603 1 1 188092800 -133704791.37668864 40003430.493546896 -585128.24721863552 -9.9964856275365612 -30.998542641394927 -0.81004845792814284 613.97849945461235 0.003817039867728465 0.0089630818637697948 0.0038633211430671834 0
1604 1 1 188179200 -134544059.69173437 37318087.137735911 -654982.33896785323 -9.4305639485522779 -31.160261755074817 -0.80689838099545064 613.95561019367233 0.0036308167751812285 0.0088797472701181903 0.003758240617619004 0
1605 1 1 188265600 -135334317.84156513 34619269.927714676 -724552.36730342754 -8.8620386235080915 -31.310430279660363 -0.80347330478876455 613.93311462375254 0.0034473340785650479 0.0087883917322016253 0.003653410945254077 0
1606 1 1 188352000 -136075353.20392856 31907978.556725524 -793814.67564173148 -8.2911951786886533 -31.449009815957304 -0.79977565131636297 613.91102100437388 0.0032668349222711632 0.0086892168715761529 0.0035489696904905453 0
1607 1 1 188438400 -136766977.83294079 29185215.655173551 -862745.82426520833 -7.7183192433059062 -31.575970767326243 -0.7958080179347522 613.88933723942591 0.0030895530962059764 0.0085824402763483576 0.0034450502290377686 0
1608 1 1 188524800 -137409028.45340618 26451986.031544793 -931322.60543011513 -7.1436962129642803 -31.691292303808918 -0.79157317655312787 613.86807099662155 0.0029157121727647092 0.0084682952213347429 0.0033417815822093691 0
1609 1 1 188611200 -138001366.42529243 23709295.920946002 -999522.05667402106 -6.5676108871121492 -31.79496218766991 -0.7870740176248352 613.84722767434403 0.0027458488959617652 0.0083483482895955492 0.0032398750524392167 0
1610 1 1 188697600 -138543877.67811507 20958152.245686766 -1067321.4709931309 -5.990347167801847 -31.886976797843005 -0.7823135917228875 613.82681213492322 0.0025798274338003635 0.0082216497956289318 0.0031388816334504354 0
1611 1 1 188784000 -139036472.62172338 18199561.865479182 -1134698.4145582803 -5.4121877665809244 -31.967341161758259 -0.7772951583498604 613.80683080013455 0.002417801343747473 0.0080883243094841892 0.0030388484094142679 0
1612 1 1 188870400 -139479086.02816403 15434530.840202356 -1201630.7418975169 -4.8334138587972131 -32.03606874505298 -0.77202213060110025 613.78728973571629 0.0022599505812729544 0.0079486601638602515 0.0029398857436020629 0
1613 1 1 188956800 -139871676.88548586 12664063.706169672 -1268096.6087717214 -4.2543047739732929 -32.093181329197535 -0.76649806745485738 613.76819454212011 0.0021064427727217152 0.0078029617849983057 0.0028420999562388809 0
1614 1 1 189043200 -140214228.22523731 9889162.7631483302 -1334074.4845522642 -3.6751376957362258 -32.138708881788091 -0.76072666847220971 613.74955034705886 0.0019574326235371085 0.0076515496564262802 0.0027455932226308406 0
1615 1 1 189129600 -140506746.92440259 7110827.3731768513 -1399543.1641156934 -3.0961873703361302 -32.172689413311232 -0.75471176794755768 613.73136178185621 0.0018130613717875601 0.0074947602429845713 0.0026504634393568279 0
1616 1 1 189216000 -140749263.48255745 4330053.272283026 -1464481.7792270624 -2.5177258245554177 -32.195168821864634 -0.74845732892370043 613.71363295683557 0.0016734562776955573 0.0073329459037955779 0.0025568041162586648 0
1617 1 1 189302400 -140941831.77507567 1547831.896113659 -1528869.8094014802 -1.9400220935442687 -32.206200726519135 -0.74196743710480317 613.69636743640456 0.0015387301463187291 0.0071664745745474235 0.0024647041750058851 0
1618 1 1 189388800 -141084528.78327149 -1234850.2795957201 -1592687.0922444335 -1.363341959155602 -32.205846290508326 -0.73524629486516069 613.67956822250915 0.0014089813310917939 0.0069957335156372409 0.0023742491791290845 0
1619 1 1 189475200 -141177454.30239454 -4017012.3828507476 -1655913.8332728643 -0.78794769853779167 -32.194174031888956 -0.72829821424215913 613.66323769458256 0.0012843145691734371 0.0068212713322308291 0.0022855702792512725 0
1620 1 1 189561600 -141220730.6277214 -6797679.7673911266 -1718530.6134095849 -0.2140978244065527 -32.171259472777344 -0.72112755843329357 613.64737502140849 0.0011650223437412229 0.0066452716515077196 0.0021993393066610111 0
1621 1 1 189648000 -141214502.21963608 -9575884.6096293796 -1780518.3934203174 0.35795311975117428 -32.137185069540017 -0.71373878406661739 613.6319784091113 0.0010508901190243803 0.0064666305452611601 0.0021150742911395901 0
1622 1 1 189734400 -141158935.35297868 -12350666.51114512 -1841858.5260197013 0.92795475365742452 -32.092040181266896 -0.70613649636401665 613.61704808770389 0.00094190495941009675 0.0062853366663446911 0.0020326835728814927 0
1623 1 1 189820800 -141054217.74724633 -15121073.079076855 -1902532.7660705124 1.4956610875797831 -32.035920715635264 -0.69832539459742926 613.60258403060379 0.00083808550009390815 0.0061018150056015661 0.0019522179953879901 0
1624 1 1 189907200 -140900558.17871907 -17886160.480628502 -1962523.2778985535 2.06083071667193 -31.968928876622517 -0.69031025682015323 613.58858550177058 0.00073943459559437511 0.0059164997525550664 0.0018737224147617642 0
1625 1 1 189993600 -140698186.07649046 -20644993.977213394 -2021812.6418696872 2.6232270002901097 -31.891172935320178 -0.68209593450089412 613.57505107834027 0.00064593929040058053 0.0057298330962828499 0.0017972355215340313 0
1626 1 1 190080000 -140447351.10353169 -23396648.438468039 -2080383.8604654123 3.1826182290848077 -31.80276699343074 -0.67368734634021632 613.56197863316322 0.00055757092456674138 0.0055422640650507624 0.0017227897725783747 0
1627 1 1 190166400 -140148322.72387603 -26140208.836013548 -2138220.3639301136 3.7387777791545238 -31.703830751700675 -0.66508947471391766 613.54936546560941 0.00047428485254943703 0.0053542466625716651 0.0016504112605650592 0
1628 1 1 190252800 -139801389.75684488 -28874770.712583527 -2195306.0143323317 4.2914842594771763 -31.594489131900716 -0.65630732124924041 613.53720610707933 0.00039608130210464025 0.0051677687420058713 0.0015805562491064918 0
1629 1 1 190339200 -139406859.9193368 -31599440.622773368 -2251625.1070980798 4.8405216339700434 -31.474872148413311 -0.64734593610712887 613.52549423817266 0.00032279450977712058 0.0049818488392521952 0.0015128081034281554 0
1630 1 1 190425600 -138965059.35849336 -34313336.57265754 -2307162.3779370333 5.3856793334041813 -31.345114791133344 -0.63821044952955952 613.51422481641748 0.00025433199133773521 0.0047968941998395133 0.0014471589948484565 0
1631 1 1 190512000 -138476332.17432481 -37015588.431497768 -2361903.0073254248 5.9267523677133207 -31.205356633404161 -0.62890602433478993 613.50339174931855 0.00019058580281953468 0.0046135800529328924 0.001383664698815868 0
1632 1 1 190598400 -137941039.93365076 -39705338.315257914 -2415832.6226780899 6.4635414167587975 -31.055741541942538 -0.61943784106684052 613.49298725656433 0.00013142054240793238 0.0044328373491653384 0.0013224328851690955 0
1633 1 1 190684800 -137359561.17665598 -42381740.948763385 -2468937.3001650213 6.995852911745267 -30.89641751204023 -0.60981111395213206 613.48300324611421 7.6711815635454363e-05 0.0042542941983106999 0.0012632465005243203 0
1634 1 1 190771200 -136732290.91681129 -45043964.01566191 -2521203.5683533596 7.5234991058418839 -30.727536460063138 -0.60003109495993456 613.47343199362717 2.6320145673838527e-05 0.0040783623786963029 0.0012060877084029841 0
1635 1 1 190857600 -136059640.13534015 -47691188.481805392 -2572618.4100486841 8.0462981303216594 -30.549253878943265 -0.59010304410904924 613.46426460434532 -1.9915801640315813e-05 0.003905772931414917 0.0011510133252508998 0
1636 1 1 190944000 -135342035.27129099 -50322608.893731959 -2623169.262798097 8.564074040948741 -30.36172861582325 -0.58003223016981853 613.45549141635229 -6.2157455489961986e-05 0.0037367158724156426 0.0010979462112925521 0
1637 1 1 191030400 -134579917.70811814 -52937433.65840295 -2672844.0195745444 9.0766568506072627 -30.165122607922488 -0.56982392157755102 613.44710170223436 -0.00010061561551075987 0.00357209386464666 0.0010469723471219486 0
1638 1 1 191116800 -133773743.25786211 -55534885.299139678 -2721631.0283661606 9.5838825563319698 -29.959600674206225 -0.5594833881390785 613.43908421783215 -0.00013543954258480117 0.0034116368263788594 0.00099791853553457088 0
1639 1 1 191203200 -132923981.64315653 -58114200.698376313 -2769519.0929674646 10.085593157525089 -29.745330329021858 -0.54901590700539005 613.43142805600712 -0.00016681225544628119 0.0032556300962229821 0.00095074218687207117 0
1640 1 1 191289600 -132031115.97858322 -60674631.316565037 -2816497.4725421597 10.581636654831101 -29.522481461398513 -0.53842673863809354 613.42412129698369 -0.00019496971752852043 0.003104852471827361 0.00090550751090634496 0
1641 1 1 191376000 -131095642.25271693 -63215443.383323647 -2862555.8790664417 11.0718670351954 -29.291226007935972 -0.52772109986805249 613.41714948609729 -0.00022021984179101267 0.0029606508857012502 0.00086242104061905872 0
1642 1 1 191462400 -130118068.81115964 -65735918.068746172 -2907684.474272355 11.556144272103872 -29.051737906165908 -0.51690419947498301 613.41049854634309 -0.00024263895861553072 0.0028216336303683218 0.00082106582927341594 0
1643 1 1 191548800 -129098915.83969094 -68235351.65308477 -2951873.8702875534 12.034334304003826 -28.804192894514845 -0.50598124067687533 613.40415516772748 -0.00026252089584190497 0.0026887875457464873 0.000781550378589322 0
1644 1 1 191635200 -128038714.85094573 -70713055.664135307 -2995115.126958848 12.506308993536594 -28.548768177794006 -0.49495738851115972 613.39810494369578 -0.00028005350395947408 0.0025620258789996178 0.00074378153875787945 0
1645 1 1 191721600 -126938008.17371507 -73168356.999611109 -3037399.7493135678 12.971946096464301 -28.285642297175318 -0.48383778148611006 613.39233370535362 -0.00029544065421861581 0.0024414002695491172 0.00070769841538224042 0
1646 1 1 191808000 -125797348.44577755 -75600598.033120632 -3078719.684976784 13.431129215156218 -28.014994919097461 -0.47262752630826338 613.3868274776006 -0.00030886669163277593 0.0023268247681795268 0.00067322033313117671 0
1647 1 1 191894400 -124617298.11119331 -78009136.70151639 -3119067.3210041593 13.883747737690001 -27.737006585799381 -0.46133168391963286 613.3815717269481 -0.00032062678908438509 0.0022189591810552983 0.00064041984571519572 0
1648 1 1 191980800 -123398428.92357336 -80393346.568542108 -3158435.4790873025 14.329696766043753 -27.451858457716643 -0.44995525433593259 613.3765503854014 -0.00033102985468323211 0.002118391695126788 0.0006093460689418599 0
1649 1 1 192067200 -122141321.4548054 -82752616.873580515 -3196817.4108997476 14.76887706479714 -27.159732237400828 -0.43850319659633086 613.37174769248804 -0.00034017736810397389 0.0020243869341485753 0.00057978979071434517 0
1650 1 1 192153600 -120846564.60818532 -85086352.574993625 -3234206.7952396171 15.201194997268795 -26.860810038449387 -0.42698043429085764 613.36714905080999 -0.00034828571253134961 0.0019369994128083455 0.00055170722020901099 0
1651 1 1 192240000 -119514755.14004625 -87393974.36581783 -3270597.7330516637 15.626562392357416 -26.555273884220341 -0.41539180739671605 613.36273590458404 -0.00035598819443676243 0.0018586657158666444 0.00052536002808545692 0
1652 1 1 192326400 -118146497.19012637 -89674918.66539748 -3305984.7412516247 16.04489654234208 -26.243306041232955 -0.40374213561676853 613.35849372238465 -0.00036182787053740936 0.0017794757301453326 0.0004996978516208047 0
1653 1 3 192406179.76789239 -116851241.68522178 -91756926.220728427 -3337764.4158328129 16.424864840224448 -25.949692588248201 -0.39293532275635279 613.35478195568055 0 0 0 14
1654 1 1 192412800 -116742401.78299241 -91928637.802884892 -3340362.7639644262 16.456120964963056 -25.925093591671981 -0.39203654020343248 613.35448587991539 -0.00035645878311412203 0.0016454001992918675 0.00047169076964203449 0
1655 1 1 192499200 -115303086.29951796 -94154600.44094485 -3373727.1719217282 16.860164614803111 -25.600825753474243 -0.38027946570506244 613.35080986193202 -0.0003454462998979028 0.0014733182796747796 0.0004504915886963456 0
1656 1 1 192585600 -113829174.0147243 -96352291.621436656 -3406073.7293394222 17.256962701509035 -25.270694187714749 -0.36847637567716135 613.34761293696101 -0.00030963752176094378 0.001211291491309314 0.00041295296088530341 0
1657 1 1 192672000 -112321293.53036879 -98521212.950528353 -3437398.7689309246 17.646455790507687 -24.934886976660401 -0.35663424733317972 613.34500608397218 -0.00026684547424422048 0.00095704332722054122 0.00036565118640163581 0
1658 1 1 192758400 -110780078.51488657 -100660881.63400987 -3467699.0755384592 18.028585793191176 -24.593577646811326 -0.34475559934345784 613.34286574397663 -0.00024391939436291038 0.00078718964978190308 0.00035413284035239249 0
1659 1 1 192844800 -109206167.52120262 -102770829.59102976 -3496971.5611016327 18.403298749582333 -24.246935824612731 -0.33284312570997721 613.34102552573665 -0.00022555392480034828 0.00067182691687013509 0.00033215893000463281 0
1660 1 1 192931200 -107600203.50868177 -104850603.49415103 -3525213.5162488963 18.770545979252471 -23.895132611161657 -0.3209010642275717 613.33936907227383 -0.00022100101072482881 0.0006101362756686749 0.00032687935855923073 0
1661 1 1 193017600 -105962833.45251128 -106899764.86027688 -3552422.504500438 19.130283775478112 -23.538341719049026 -0.30893261887966711 613.33782863915792 -0.00021592578989801774 0.00055283063178861213 0.00032065346756633088 0
1662 1 1 193104000 -104294707.85937752 -108917890.32967326 -3578596.4306685715 19.482473548175019 -23.176737799602595 -0.2969418665850086 613.33637568334586 -0.00021728801851004779 0.00051919104160920492 0.00032047299196230925 0
1663 1 1 193190400 -102596480.40523863 -110904571.50635423 -3603733.5200705435 19.827080776403996 -22.810493409006433 -0.28493241210502668 613.33496845518846 -0.00022123690999323033 0.00049499998291042686 0.00032290575527298116 0
1664 1 1 193276800 -100868807.53744134 -112859414.9266122 -3627832.3294057385 20.164075781266959 -22.439781481253068 -0.27290830634298879 613.33359586806239 -0.00022494009658652244 0.00047174446232783049 0.00032502139487948002 0
1665 1 1 193363200 -99112348.07528086 -114782042.03439732 -3650891.7736423826 20.49343324586048 -22.064773945484887 -0.26087371977623686 613.33225650036638 -0.00022845992524801924 0.00044950496990335331 0.00032685538709754133 0
1666 1 1 193449600 -97327762.850531071 -116672089.05490842 -3672911.1235476448 20.815131883868762 -21.685641022204866 -0.24883271929667086 613.33094803375729 -0.0002318324741981439 0.00042828209138954886 0.00032843472511304947 0
1667 1 1 193536000 -95515714.362996504 -118529206.84713161 -3693889.9979089354 21.129154349454492 -21.302551221577247 -0.2367892938177738 613.32966860666613 -0.00023515065315833154 0.00040821881591778262 0.00032982178235222326 0
1668 1 1 193622400 -93676866.452221185 -120353060.73563343 -3713828.3516658084 21.435486893886523 -20.915670722248468 -0.22474718975354935 613.32840790204853 -0.00024098769469444941 0.00039544567173715599 0.00033291346299918245 0
1669 1 1 193708800 -91811883.990652204 -122143330.31047733 -3732726.4554848108 21.734119462490167 -20.525163874255426 -0.21271005901001597 613.32715635548652 -0.00024679181748770009 0.00038309549458475809 0.00033595947760465096 0
1670 1 1 193795200 -89921432.551954791 -123899709.31024657 -3750584.9003308648 22.025045797626468 -20.131193666410276 -0.20068162253796368 613.32591376168659 -0.00025242717385622548 0.0003708051148638291 0.00033886069288590042 0
1671 1 1 193881600 -88006178.100333035 -125621905.46909267 -3767404.595026725 22.308263094321855 -19.73392106526537 -0.18866551548755831 613.32467972818131 -0.00025790376470482922 0.00035858741660827208 0.00034161584067045786 0
1672 1 1 193968000 -86066786.697353661 -127309640.33961385 -3783186.758851097 22.583771883828977 -19.333504966042799 -0.17666528911768431 613.3234537708671 -0.00026324652901144453 0.00034650099341726221 0.00034422922858414081 0
1673 1 1 194054400 -84103924.21877946 -128962649.11171107 -3797932.9142902945 22.851575916716673 -18.930102145159815 -0.16468441083481888 613.32223534290779 -0.00026846774599137619 0.00033455472370562091 0.00034670790669021626 0
1674 1 1 194140800 -82118256.081339747 -130580680.42791301 -3811644.87983516 23.111682049485122 -18.523867223851362 -0.15272626566463376 613.32102395189713 -0.00027355473448486113 0.00032270448689231395 0.00034904187522709102 0
1675 1 1 194227200 -80110446.979298845 -132163496.19552808 -3824324.7629367253 23.364100129824187 -18.114952628592061 -0.14079415733937875 613.31981917228563 -0.00027851194614835081 0.00031095064405558577 0.00035122948036607769 0
1676 1 1 194313600 -78081160.631038696 -133710871.39523429 -3835974.9529565368 23.608842880967291 -17.703508551536153 -0.12889130785985789 613.31862058329193 -0.00028334714443560446 0.0002993007551754357 0.00035327175236753362 0
1677 1 1 194400000 -76031059.53551054 -135222593.88661262 -3846598.1141084288 23.845925788459365 -17.289682918163042 -0.11702085754349523 613.31742774645045 -0.00028807432803474963 0.00028777506376854241 0.00035517392539849906 0
1678 1 1 194486400 -73960804.738320619 -136698464.21125525 -3856197.1784562226 24.075366991039022 -16.87362136479463 -0.10518586662321193 613.3162402667914 -0.00029269491665578153 0.00027636883085132912 0.00035693495114905995 0
1679 1 1 194572800 -71871055.607727244 -138138295.39273632 -3864775.3387331208 24.297187153791953 -16.455467172872833 -0.093389305719120116 613.3150571948529 -0.00029743815681034777 0.00026562761120435123 0.0003586876093620587 0
1680 1 1 194659200 -69762469.621635213 -139541912.73092967 -3872336.040204742 24.511409356937332 -16.03536124454476 -0.081634052181596917 613.3138769347272 -0.00030233125193193433 0.00025556773065566997 0.00036047407790643635 0
1681 1 1 194745600 -67635702.161850065 -140909153.59988466 -3878882.9735315875 24.718059030696747 -15.613442186723695 -0.069922913820491206 613.31269860682301 -0.00030711141391001747 0.00024553010581741054 0.0003621487683828045 0
1682 1 1 194832000 -65491406.314911872 -142239867.25033638 -3884420.0692683286 24.917163852322446 -15.189846297926371 -0.058258632472469742 613.31152202900228 -0.00031178188699482288 0.00023551432708539204 0.00036371204533692576 0
1683 1 1 194918400 -63330232.683600113 -143533914.60682335 -3888951.491514388 25.108753622310498 -14.76470750564382 -0.046643872623241121 613.31034696773509 -0.00031634801635300553 0.00022552562272863935 0.00036516531835155804 0
1684 1 1 195004800 -61152829.207728431 -144791168.06277302 -3892481.6313133519 25.292860166574176 -14.338157365548227 -0.035081223346752191 613.30917319210175 -0.00032081160260594144 0.00021556331114549269 0.00036650789168334328 0
1685 1 1 195091200 -58959840.993353501 -146011511.27551255 -3895015.1001923624 25.469517239385283 -13.910325060360499 -0.023573199536743285 613.30800048122785 -0.00032517454005986441 0.00020562714643896737 0.00036773889474664369 0
1686 1 1 195177600 -56751910.150284797 -147194838.96128875 -3896556.7238081065 25.638760428379086 -13.481337401330471 -0.01212224318628851 613.30682862803985 -0.0003294391306194842 0.00019571769608042275 0.00036885812945060769 0
1687 1 1 195264000 -54529675.637784481 -148341056.69042903 -3897111.5356033552 25.800627059179924 -13.051318828900634 -0.00073072135988779745 613.30565736087669 -0.00033364014469640575 0.0001858800317234691 0.00036990656477118574 0
1688 1 1 195350400 -52293773.118490599 -149450080.68257305 -3896684.7701756577 25.955156101958437 -12.620391415872755 0.010599076623178907 613.30448625469103 -0.00033781392015069957 0.00017615715763749922 0.0003709321022310597 0
1689 1 1 195436800 -50044834.820070609 -150521837.6026333 -3895281.8566937814 26.102388086278275 -12.188674881378132 0.021864934664136033 613.30331482680867 -0.00034195288565693946 0.0001665305407891903 0.00037192998142482916 0
1690 1 1 195523200 -47783489.403883308 -151556264.35838062 -3892908.4130451954 26.242365023154534 -11.756286613242663 0.033064698486499657 613.30214278173048 -0.00034599872444351888 0.0001569157178858886 0.00037282792739554577 0
1691 1 1 195609600 -45510361.840727352 -152553307.89941609 -3889570.2404180891 26.375130314197182 -11.323341671370709 0.044196283192150354 613.30096978824167 -0.00035002470757307304 0.00014741051760833903 0.00037371899320561404 0
1692 1 1 195696000 -43226073.294480115 -153512925.01635692 -3885273.3170273942 26.500728671119298 -10.889952804838497 0.055257671312089349 613.29979550039275 -0.00035396341976815936 0.00013791587281457694 0.00037452224105635008 0
1693 1 1 195782400 -40931241.01181718 -154435082.14264575 -3880023.7929874794 26.619206043666875 -10.456230478998727 0.066246902774865904 613.29861976212624 -0.00035780932098567473 0.00012842205878837773 0.00037522935824657009 0
1694 1 1 195868800 -38626478.218893237 -155319755.15760571 -3873827.9850253216 26.730609537006988 -10.022282886349485 0.077162080845371184 613.29744242494701 -0.00036156365503303722 0.00011892893251486743 0.00037584071716135993 0
1695 1 1 195955200 -36312394.02474767 -156166929.190956 -3866692.3710470637 26.83498733740198 -9.5882159676196359 0.088001371035550835 613.29626334329907 -0.00036522747360151123 0.00010943615268986774 0.0003763566126157447 0
1696 1 1 196041600 -33989593.331020214 -156976598.42923108 -3858623.5848138123 26.932388640262609 -9.1541334344035459 0.098762999944070395 613.29508237128516 -0.00036880420144936866 9.9947583580315213e-05 0.00037678095215307341 0
1697 1 1 196128000 -31658676.747812111 -157748765.92416883 -3849628.4106726851 27.02286357975926 -8.7201367919899688 0.1094452552688493 613.29389933500352 -0.00037230483541814694 9.0479732733101271e-05 0.00037712987948945221 0
1698 1 1 196214400 -29320240.515498821 -158483443.40317976 -3839713.7783272876 27.106463162116786 -8.2863253657947489 0.12004648387189738 613.29271404849067 -0.00037572608144651891 8.1025882908319837e-05 0.00037739972719750235 0
1699 1 1 196300800 -26974876.432148889 -159180651.08225164 -3828886.7578632794 27.18323920159294 -7.8527963297093377 0.13056508917287749 613.29152634217894 -0.00037906660929120463 7.158240891376329e-05 0.00037758989481076596 0
1700 1 1 196387200 -24623171.786427844 -159840417.48126775 -3817154.5549290907 27.253244258175741 -7.4196447346890402 0.14099952923506981 613.29033607419126 -0.0003823178676517912 6.2134117905675849e-05 0.00037768903391317225 0
1701 1 1 196473600 -22265709.295800678 -160462779.24181983 -3804524.5060694199 27.316531576425298 -6.9869635365613156 0.15134831629252499 613.28914311027006 -0.00038548680814101476 5.2691477265217704e-05 0.00037770699631567379 0
1702 1 1 196560000 -19903067.049969062 -161047780.94738942 -3791004.0740296743 27.37315502661917 -6.554843624943115 0.16161001630481192 613.28794730608115 -0.00038857145508325709 4.325054574174673e-05 0.00037764254736493682 0
1703 1 1 196646400 -17535818.459197499 -161595474.94623309 -3776600.8432392864 27.42316904969195 -6.1233738557091133 0.1717832461977315 613.28674853738585 -0.00039156639306412377 3.3801514805239383e-05 0.00037748873233674635 0
1704 1 1 196732800 -15164532.207356185 -162105921.17702264 -3761322.5154697266 27.466628603023221 -5.6926410821142808 0.18186667276232676 613.2855466939194 -0.00039447173551122335 2.4343864039151514e-05 0.00037724608729276972 0
1705 1 1 196819200 -12789772.209582489 -162579186.99716011 -3745176.9055478834 27.503589108093408 -5.2627301861808169 0.19185901196603772 613.28434166650175 -0.00039728750464508881 1.4877163467058705e-05 0.00037691513383985827 0
1706 1 1 196905600 -10412097.574348951 -163015347.01387525 -3728171.937164749 27.534106400672833 -4.8337241114755036 0.20175902762677234 613.28313334781717 -0.00040001365717880628 5.4009685615145999e-06 0.00037649642361372351 0
1707 1 1 196992000 -8032062.5697486484 -163414482.91817689 -3710315.638797055 27.558236683006736 -4.4057038963762141 0.2115655301183888 613.28192163270694 -0.00040265009620876974 -4.0850401115716221e-06 0.00037599052573415498 0
1708 1 1 197078400 -5650216.5938347951 -163776683.32168311 -3691616.1397280106 27.576036477697411 -3.9787487073139194 0.22127737548511062 613.28070641118143 -0.00040519971133258682 -1.3576006049289037e-05 0.00037540245951599242 0
1709 1 1 197164800 -3267104.1488570576 -164102043.59634775 -3672081.6661482537 27.58756258387336 -3.5529358729880642 0.23089346410820633 613.2794875706694 -0.00040766093955421471 -2.3074343466184282e-05 0.00037473150308015094 0
1710 1 1 197251200 -883264.81917610555 -164390665.71720168 -3651720.5374102294 27.592872035604749 -3.1283409195171861 0.24041273882896591 613.27826500764138 -0.0004100310404375989 -3.2584558557405167e-05 0.00037397483918510439 0
1711 1 1 197337600 1500766.7472841681 -164642658.10810295 -3630541.1624123892 27.592022061583908 -2.7050376048726892 0.24983418386306019 613.27703862428814 -0.00041230967943472021 -4.210697768920466e-05 0.0003731330390733266 0
1712 1 1 197424000 3884460.8541697566 -164858135.49045321 -3608552.0360611668 27.585070046542711 -2.2830979533738165 0.2591568238691111 613.27580832339424 -0.00041449646682231603 -5.1641844011473506e-05 0.00037220667447095812 0
1713 1 1 197510400 6267292.7685842123 -165037218.73492086 -3585761.7358290283 27.572073494639582 -1.8625922906822252 0.2683797227415628 613.27457400864012 -0.00041659096712711135 -6.1189366354376319e-05 0.00037119633067710008 0
1714 1 1 197596800 8648742.7298855633 -165180034.71619019 -3562178.9184139497 27.553089994511293 -1.4435892788164133 0.27750198247929347 613.27333558381554 -0.00041859307551196656 -7.0749161243322225e-05 0.00037010301142387345 0
1715 1 1 197683200 11028295.955537347 -165286716.17073932 -3537812.3164970041 27.528177186059644 -1.0261559513044649 0.28652274200628891 613.27209295332852 -0.00042050189233935415 -8.0321915618823049e-05 0.00036892696151131983 0
1716 1 1 197769600 13405442.644163091 -165357401.55765867 -3512670.7356037674 27.497392728867606 -0.61035774834190082 0.29544117600483505 613.27084602274306 -0.00042231681764688737 -8.9907780548403315e-05 0.00036766877740150919 0
1717 1 1 197856000 15779677.975936295 -165392234.92250034 -3486763.0510612633 27.460794272131871 -0.19625855180931334 0.30425649383474096 613.26959469804785 -0.00042403724199891011 -9.9506818827017657e-05 0.00036632908841474312 0
1718 1 1 197942400 18150502.110441063 -165391365.76415151 -3460098.2050492279 27.418439426166309 0.21607927974372743 0.31296793843898901 613.26833888556951 -0.0004256625184551944 -0.00010911905302430474 0.00036490853464015089 0
1719 1 1 198028800 20517420.182135548 -165354948.90472588 -3432685.2037451058 27.370385735401065 0.6265948762315986 0.32157478526869226 613.26707849189779 -0.00042719196481287027 -0.00011874446241417892 0.00036340776509824572 0
1720 1 1 198115200 22879942.293545559 -165283144.36246139 -3404533.1145610702 27.316690652833049 1.0352288213179397 0.33007634122782104 613.26581342381155 -0.00042862486907604958 -0.00012838298200582493 0.00036182744041453856 0
1721 1 1 198201600 25237583.50631192 -165176117.22760898 -3375651.0634713829 27.257411515885355 1.4419231178846472 0.33847194363768712 613.26454358821104 -0.00042996048696834104 -0.00013803450199704383 0.00036016822955224978 0
1722 1 1 198288000 27589863.830211349 -165034037.54129693 -3346048.232428351 27.19260552363372 1.8466211537138282 0.34676095922108174 613.26326889206484 -0.00043119804668040031 -0.00014769886929857733 0.00035843080921233974 0
1723 1 1 198374400 29936308.210267235 -164857080.17734897 -3315733.8568652109 27.122329715357491 2.2492676674104093 0.35494278310662708 613.26198924235678 -0.0004323367509972452 -0.00015737588261042945 0.00035661586555761317 0
1724 1 1 198460800 32276446.512063049 -164645424.7270363 -3284717.2232841323 27.046640950374403 2.6498087145903759 0.36301683785361383 613.2607045460378 -0.00043337577961902608 -0.00016706529674704671 0.00035472409565464095 0
1725 1 1 198547200 34609813.505367361 -164399255.38673759 -3253007.6669276091 26.965595889118639 3.0481916343577855 0.3709825724969642 613.25941470998725 -0.00043431428958172225 -0.00017676681897069093 0.00035275620394407394 0
1726 1 1 198633600 36935948.846176423 -164118760.84848329 -3220614.5695315092 26.87925097542249 3.4443650160920987 0.37883946161211274 613.25811964098364 -0.00043515141813871489 -0.00018648011077892736 0.00035071290099696718 0
1727 1 1 198720000 39254397.057276316 -163804134.19335461 -3187547.3571580267 26.787662419962032 3.8382786665654574 0.38658700440056121 613.25681924567527 -0.00043588628663242707 -0.00019620478297104293 0.00034859490878837792 0
1728 1 1 198806400 41564707.507423811 -163455572.78770867 -3153815.498106759 26.690886184828738 4.2298835774075743 0.39422472379575824 613.25551343055872 -0.00043651800195091734 -0.00020594039994266939 0.00034640295577981998 0
1729 1 1 198892800 43866434.38924145 -163073278.18219963 -3119428.5009021834 26.588977969189902 4.619131892933857 0.40175216558882709 613.25420210196251 -0.00043704565591437143 -0.00021568648077865645 0.00034413777734126525 0
1730 1 1 198979200 46159136.695919424 -162657456.01356271 -3084395.9123557787 26.481993196000893 5.0059768783524055 0.40916889757465147 613.25288516603996 -0.0004374683295945378 -0.00022544249265966403 0.00034180011746944976 0
1731 1 1 199065600 48442378.196813621 -162208315.90912828 -3048727.3157010865 26.36998699973315 5.3903728883624096 0.41647450871792591 613.25156252876468 -0.0004377850932630139 -0.00023520785898006801 0.00033939072625614069 0
1732 1 1 199152000 50715727.412025727 -161726071.39403227 -3012432.3287999332 26.253014215083262 5.7722753361557135 0.42366860833915709 613.2502340959287 -0.00043799501046404006 -0.00024498195326308123 0.00033691036286213156 0
1733 1 1 199238400 52978757.586049296 -161210939.80108654 -2975520.6024181396 26.131129366628567 6.1516406628325466 0.43075082532055836 613.24889977314774 -0.00043809713798372729 -0.00025476410155999657 0.00033435979378548445 0
1734 1 1 199324800 55231046.660561442 -160663142.18327346 -2938001.8185690013 26.004386659396623 6.528426307240176 0.43772080733126872 613.24755946587322 -0.00043809052737269047 -0.00026455358164453012 0.00033173979122360281 0
1735 1 1 199411200 57472177.24643825 -160082903.22882828 -2899885.6889228704 25.872839970315272 6.9025906762428928 0.44457822007198522 613.2462130794064 -0.00043797423029351813 -0.00027434962245523168 0.0003290511342079339 0
1736 1 1 199497600 59701736.595068254 -159470451.17887086 -2861181.9532811637 25.736542840512669 7.2740931154297011 0.45132274653873966 613.24486051891824 -0.00043774729315223003 -0.00028415141000870338 0.00032629460652702454 0
1737 1 1 199584000 61919316.569036268 -158826017.74754956 -2821900.3781131674 25.595548468436185 7.6428938802662332 0.45795408630588125 613.24350168947103 -0.00043740876650588212 -0.00029395808061883922 0.00032347100093728186 0
1738 1 1 199670400 64124513.612247162 -158149838.04465756 -2782050.7551539578 25.449909703760294 8.0089541076960824 0.46447195482787279 613.24213649604474 -0.00043695770077985821 -0.0003037687240104738 0.00032058111508222078 0
1739 1 1 199756800 66316928.719556063 -157442150.50068432 -2741642.9000618663 25.29967904205531 8.3722357881951766 0.47087608275952753 613.24076484357067 -0.00043639314901286203 -0.00031358238230721092 0.00031762575389763115 0
1740 1 1 199843200 68496167.405969873 -156703196.79426032 -2700686.6511338721 25.144908620187863 8.7327017382824703 0.47716621529455167 613.23938663696174 -0.00043571417371295897 -0.00032339805309902298 0.00031460572658180652 0
1741 1 1 199929600 70661839.675482064 -155933221.78195912 -2659191.8680773638 24.985650212426968 9.0903155734893737 0.48334211152201456 613.23800178114993 -0.00043491984106084952 -0.00033321468823188492 0.00031152184772208073 0
1742 1 1 200016000 72813559.989600778 -155132473.43041274 -2617168.4308367432 24.821955227229434 9.4450416817899594 0.48940354380082801 613.23661018112728 -0.00043400922589744459 -0.00034303119402203687 0.00030837493808643875 0
1743 1 1 200102400 74950947.23562707 -154301202.75070438 -2574626.238473292 24.65387470467876 9.7968451974926865 0.49535029715171786 613.23521174198879 -0.00043298141193858338 -0.00035284643161948085 0.00030516582323879992 0
1744 1 1 200188800 77073624.694739878 -153439663.73499653 -2531575.2080968083 24.481459314553625 10.145691975594834 0.50118216866745846 613.23380636898059 -0.00043183549234080147 -0.00036265921477631553 0.00030189533936234616 0
1745 1 1 200275200 79181220.009939909 -152548113.29535419 -2488025.2738477974 24.304759354999785 10.491548566590884 0.50689896692904324 613.23239396753695 -0.00043057059179838592 -0.0003724683825128012 0.00029856422832265009 0
1746 1 1 200361600 81273365.153928563 -151626811.20471686 -2443986.3859693012 24.12382475239334 10.834382191989548 0.5125005104648831 613.23097445893336 -0.00042918576227933482 -0.00038227237707182452 0.00029517374373746791 0
1747 1 1 200448000 83349696.396699488 -150676020.0400717 -2399468.5095024812 23.938705052161076 11.174160716832246 0.51798664243644454 613.22954754917942 -0.00042778256733734462 -0.00039210686512690938 0.00029189803485822304 0
1748 1 1 200534400 85409854.272659972 -149696005.12788713 -2354481.6222215211 23.74944942722092 11.510852628432199 0.52335721648595801 613.22811293775044 -0.0004262613455257289 -0.00040193912975043829 0.00028857187349175852 0
1749 1 1 200620800 87453483.549179241 -148687034.49111822 -2309035.7149312701 23.556106687734491 11.844427016207689 0.52861208116995939 613.22667054286308 -0.00042461569609074417 -0.00041176605115799449 0.00028518619384732506 0
1750 1 1 200707200 89480233.194828913 -147649378.79832801 -2263140.7911331626 23.358725273769338 12.174853546007967 0.53375109412569355 613.22522027955415 -0.00042284468372127173 -0.00042158598166886532 0.00028174174746023949 0
1751 1 1 200793600 91489756.347485214 -146583311.31485561 -2216806.8662609551 23.157353257285116 12.50210243772246 0.53877412142116632 613.22376206283957 -0.00042094741047922187 -0.00043139728685695743 0.00027823922513525165 0
1752 1 1 200880000 93481710.282622322 -145489107.85590068 -2170043.966975288 22.952038344482062 12.826144443287861 0.54368103703117587 613.2222958085531 -0.00041892300482934534 -0.00044119829189076971 0.00027467933069825649 0
1753 1 1 200966400 95455756.381827429 -144367046.74148825 -2122862.130499885 22.74282787856346 13.146950825134676 0.54847172239224429 613.22082143338105 -0.00041677062448321564 -0.00045098728422229248 0.00027106278579083391 0
1754 1 1 201052800 97411560.10157226 -143217408.75327805 -2075271.4039955719 22.529768842926579 13.464493335073964 0.55314606597151506 613.2193388548983 -0.00041448945510108381 -0.00046076251082528483 0.0002673903228077334 0
1755 1 1 201139200 99348790.942278638 -142040477.09317791 -2027281.8439709572 22.312907864766053 13.778744193620421 0.55770396284978019 613.2178479916098 -0.00041207871333060224 -0.00047052218266045476 0.00026366268936351078 0
1756 1 1 201225600 101267122.4177129 -140836537.34372559 -1978903.5157285032 22.092291219074411 14.089676069747737 0.56214531431879944 613.21634876298822 -0.00040953764494783127 -0.00048026447315517703 0.00025988064583538098 0
1757 1 1 201312000 103166232.0247418 -139605877.43020082 -1930146.4928448158 21.867964833025127 14.397262061072276 0.56647002749195052 613.21484108951904 -0.00040686552909125233 -0.00048998751796794024 0.00025604496214806915 0
1758 1 1 201398400 105045801.21348408 -138348787.58443156 -1881020.8566839849 21.639974290724115 14.701475674460225 0.57067801492859993 613.21332489274289 -0.00040406167852808999 -0.0004996894186068922 0.00025215642263533804 0
1759 1 1 201484800 106905515.35788713 -137065560.31025779 -1831536.6959427837 21.408364838316544 15.002290807053766 0.57476919427202311 613.21180009529746 -0.00040112543768770011 -0.00050936824226683198 0.0002482158237576041 0
1760 1 1 201571200 108745063.72676048 -135756490.35061589 -1781704.1062266063 21.173181389436213 15.299681727711986 0.57874348789999008 613.21026662096415 -0.00039805618705673131 -0.00051902202029291877 0.00024422397163863241 0
1761 1 1 201657600 110564139.45529391 -134421874.65620941 -1731533.189655039 20.934468530985185 15.593623058861526 0.58260082258823209 613.20872439471498 -0.0003948533408739143 -0.00052864875209732935 0.00024018168466997329 0
1762 1 1 201744000 112362439.51708928 -133062012.35573058 -1681034.0544959626 20.69227052923247 15.884089758752104 0.58634112918644188 613.20717334275912 -0.00039151634949604935 -0.00053824640537489092 0.00023608978990804464 0
1763 1 1 201830400 114139664.69673224 -131677204.72759698 -1630216.8148271167 20.446631336220264 16.171057104112393 0.58996434230643369 613.20561339258813 -0.00038804470139886893 -0.00054781291643825683 0.00023194912419209938 0
1764 1 1 201916800 115895519.56293058 -130267755.1731701 -1579091.5902240858 20.197594596467809 16.454500673201508 0.59347040002263385 613.20404447302519 -0.00038443792229009088 -0.00055734618981190785 0.00022776053501037856 0
1765 1 1 202003200 117629712.44224425 -128833969.1914213 -1527668.5054736305 19.945203653962704 16.73439632925113 0.5968592435845369 613.20246651427101 -0.00038069557768449178 -0.00056684410037180564 0.00022352488000365746 0
1766 1 1 202089600 119341955.39343137 -127376154.35501143 -1475957.6903113716 19.689501559430727 17.010720204293559 0.60013081714066085 613.20087944795489 -0.00037681727046295812 -0.00057630449293876113 0.00021924302471856106 0
1767 1 1 202176000 121031964.18243441 -125894620.28775126 -1423969.2791828241 19.430531077874939 17.283448683370661 0.60328506747400679 613.19928320718145 -0.00037280264412101942 -0.00058572518718911267 0.00021491584433829116 0
1768 1 1 202262400 122699458.25802885 -124389678.64341041 -1371713.4110268024 19.168334696375819 17.552558389119326 0.60632194374875725 613.19767772657633 -0.00036865138289129859 -0.00059510397358161695 0.00021054422096798686 0
1769 1 1 202348800 124344160.7281566 -122861643.08584136 -1319200.2290802237 18.902954632144485 17.818026166729094 0.60924139726815507 613.19606294233938 -0.00036436321291478767 -0.00060443861521881979 0.00020612904684154409 0
1770 1 1 202435200 125965798.3369661 -121310829.27038749 -1266439.8807033577 18.634432840821816 18.079829069266761 0.61204338124334401 613.19443879228982 -0.00035993790236838542 -0.00061372685005453901 0.00020167122110763158 0
1771 1 1 202521600 127564101.44258001 -119737554.8265435 -1213442.5172245884 18.362811025016285 18.337944343363809 0.61472785057281121 613.19280521591713 -0.00035537526158063156 -0.00062296639064962666 0.00019717165109834511 0
1772 1 1 202608000 129138803.99561007 -118142139.34183687 -1160218.2938037724 18.088130643074152 18.592349415262145 0.61729476163250929 613.19116215442648 -0.00035067514544791489 -0.00063215492657549797 0.0001926312517142118 0
1773 1 1 202694400 130689643.51844023 -116524904.34689929 -1106777.3693132717 17.810432918075627 18.843021877214099 0.61974407207639326 613.18950955078469 -0.00034583745333567617 -0.00064129012412549014 0.00018805094572842246 0
1774 1 1 202780800 132216361.08529592 -114886173.30169857 -1053129.9062357896 17.529758847051625 19.089939474232342 0.62207574064714088 613.18784734976987 -0.00034086212867568333 -0.00065036962691301372 0.00018343166213997031 0
1775 1 1 202867200 133718701.30311978 -113226271.5828999 -999286.07057811797 17.246149210415751 19.333080091186119 0.62428972699695517 613.18617549801888 -0.00033574915991185512 -0.00065939105556680284 0.00017877433719505663 0
1776 1 1 202953600 135196412.29327044 -111545526.47232756 -945256.03179992456 16.959644581606394 19.572421740239331 0.62638599151856522 613.18449394407287 -0.00033049858173218925 -0.00066835201264680254 0.00017407991556395635 0
1777 1 1 203040000 136649245.67406419 -109844267.14649679 -891049.96275672573 16.670285336934207 19.807942548626983 0.62836449518589121 613.18280263842155 -0.00032511047706390036 -0.00067725007993602135 0.00016934934671111984 0
1778 1 1 203126400 138076956.54417554 -108122824.66718796 -836678.03965620999 16.378111665631121 20.039620746766946 0.63022519940428456 613.18110153354803 -0.0003195849764643165 -0.00068608282008426045 0.00016458358647515993 0
1779 1 1 203212800 139479303.46691531 -106381531.97303298 -782150.44202707987 16.083163580097057 20.267434656702882 0.63196806587056042 613.17939058397587 -0.00031392225594204171 -0.00069484777866461885 0.00015978359753023312 0
1780 1 1 203299200 140856048.45540115 -104620723.87208642 -727477.35269956721 15.785480926340409 20.491362680875763 0.63359305644265884 613.17766974631104 -0.00030812254319832343 -0.00070354248347713412 0.00015495035027464016 0
1781 1 1 203385600 142206956.95864034 -102840737.03535244 -672668.95779680845 15.485103394609053 20.71138329122072 0.63510013301857282 613.17593897928475 -0.00030218611475542025 -0.00071216444606966519 0.0001500848200484416 0
1782 1 1 203472000 143531797.8485373 -101041909.99123992 -617735.44673629198 15.18207053020955 20.927475018586271 0.63648925742425355 613.17419824379715 -0.0002961132944096563 -0.00072071116433671391 0.00014518798587549297 0
1783 1 1 203558400 144830343.4078449 -99224583.120917976 -562687.01224058308 14.876421744511426 21.139616442473589 0.63776039131105644 613.17244750295856 -0.00028990445719076789 -0.00072918012207203061 0.00014026083534795429 0
1784 1 1 203644800 146102369.31907457 -97389098.654544085 -507533.85035650083 14.568196326133735 21.347786181093213 0.63891349606249204 613.17068672212713 -0.00028356003053451857 -0.00073756879043355105 0.00013530436163331744 0
1785 1 1 203731200 147347654.65437987 -95535800.668337703 -452286.16048197297 14.257433452312625 21.551962881737644 0.63994853270975016 613.16891586895395 -0.00027708049158774926 -0.00074587462434443032 0.00013031956284481573 0
1786 1 1 203817600 148565981.86643109 -93665035.082472473 -396954.14539980149 13.944172200447591 21.752125211467149 0.64086546185627846 613.16713491342239 -0.00027046637039196663 -0.00075409507091653066 0.00012530744292449359 0
1787 1 1 203904000 149757136.78029421 -91777149.659759179 -341548.0113175516 13.628451559824757 21.948251848106839 0.64166424361134644 613.16534382788336 -0.00026371825045163412 -0.00076222756768821033 0.00012026901090950744 0
1788 1 1 203990400 150920908.58633065 -89872494.00509347 -286077.96791280445 13.310310443516027 22.140321471554486 0.64234483753235838 613.16354258709168 -0.00025683676752931499 -0.00077026954241536216 0.00011520527989258068 0
1789 1 1 204076800 152057089.83413297 -87951419.565641329 -230554.22838300397 12.989787700453061 22.328312755397317 0.64290720257630163 613.1617311682437 -0.00024982260931737164 -0.0007782184143655742 0.00011011727101933274 0
1790 1 1 204163200 153165476.42751098 -86014279.631735116 -174987.0094991099 12.666922127674866 22.512204358837131 0.64335129705995953 613.15990955101938 -0.00024267651779650637 -0.00078607159367790626 0.0001050060085034306 0
1791 1 1 204249600 154245867.62054315 -84061429.338454425 -119386.5316623277 12.341752482747976 22.691974918922543 0.64367707862862744 613.1580777176132 -0.00023539929158498523 -0.00079382648692417543 9.9872520967607062e-05 0
1792 1 1 204336000 155298066.0147092 -82093225.667864472 -63763.018963146198 12.014317496359153 22.867603043087811 0.64388450423400034 613.15623565276633 -0.00022799178276611818 -0.0008014804964036952 9.4717844115163301e-05 0
1793 1 1 204422400 156321877.55711818 -80110027.451886326 -8126.6992419076842 11.684655885080319 23.039067301999058 0.64397353012063552 613.15438334380235 -0.00022045489729211827 -0.00080903101725368425 8.9543015646313882e-05 0
1794 1 1 204508800 157317111.53984609 -78112195.375771135 47512.195849819516 11.352806364304916 23.206346222707264 0.64394411182114297 613.15252078066317 -0.00021278959978256946 -0.00081647544258693563 8.4349079524265511e-05 0
1795 1 1 204595200 158283580.6003992 -76100091.982154012 103143.4307878525 11.018807661355785 23.369418282108072 0.64379620416049466 613.15064795593617 -0.00020499691091506285 -0.00082381116611416911 7.9137085306001153e-05 0
1796 1 1 204681600 159221100.72331753 -74074081.675658062 158756.76611474997 10.682698528765163 23.52826190070973 0.64352976126893524 613.1487648648847 -0.00019707790693346093 -0.00083103557868083192 7.3908086222115518e-05 0
1797 1 1 204768000 160129491.24293238 -72034530.728025034 214341.95838065579 10.34451775772669 23.682855436710287 0.64314473660353266 613.1468715054815 -0.00018903371914731859 -0.00083814607108919736 6.8663138528507895e-05 0
1798 1 1 204854400 161008574.84729421 -69981807.283743232 269888.76008639304 10.004304191719477 23.833177180384642 0.64264108297884737 613.14496787844018 -0.00018086553869213069 -0.00084514003660861325 6.3403304957380721e-05 0
1799 1 1 204940800 161858177.58328491 -67916281.366147414 325386.91962960159 9.6620967403046762 23.979205348783346 0.64201875260651942 613.1430539872382 -0.00017257461469279389 -0.00085201487213241252 5.8129651432358955e-05 0
1800 1 1 205027200 162678128.86292958 -65838324.883963279 380826.18125467561 9.3179343930956371 24.120918080745124 0.64127769714385296 613.14112983814414 -0.00016416225309719918 -0.00085876797773437998 5.2843250589494652e-05 0
1801 1 1 205113600 163468261.47092265 -63748311.638268776 436196.28500729345 8.9718562339017165 24.258293432225706 0.64041786775132858 613.13919544025009 -0.00015562982056784906 -0.00086539675668413207 4.7545176945685954e-05 0
1802 1 1 205200000 164228411.57338363 -61646617.329845741 491486.96669429197 8.6239014550464947 24.391309371944825 0.63943921515899516 613.13725080549602 -0.00014697874333684417 -0.00087189861997478588 4.2236509233960094e-05 0
1803 1 1 205286400 164958418.72785792 -59533619.566893578 546687.95784968545 8.2741093718617833 24.519943777354353 0.63834168974228456 613.13529594869078 -0.00013821050308036737 -0.00087827098720275976 3.691833099699615e-05 0
1804 1 1 205372800 165658125.894577 -57409697.873077214 601788.98570763215 7.9225194373576704 24.644174430931471 0.63712524160697526 613.13333088754143 -0.0001293266431294792 -0.00088451128418997227 3.1591729158786345e-05 0
1805 1 1 205459200 166327379.44899386 -55275233.695881262 656779.77318314661 7.5691712570691152 24.763979016800004 0.63578982068368839 613.13135564267668 -0.00012032876749484226 -0.00089061694723000201 2.6257797580855659e-05 0
1806 1 1 205545600 166966029.19560939 -53130610.415241748 711650.03886138368 7.2141046040806609 24.879335117683596 0.63433537683154706 613.12937023766972 -0.00011121853969220413 -0.00089658542409752542 2.0917630283156985e-05 0
1807 1 1 205632000 167573928.38310325 -50976213.352426767 766389.49699627247 6.8573594342299771 24.990220212195499 0.63276185995131751 613.12737469906017 -0.00010199768328276768 -0.00090241417448236848 1.5572327471273005e-05 0
1808 1 1 205718400 168150933.72078797 -48812429.779136218 820987.85751935886 6.4989759014909509 25.096611672469439 0.63106922010830335 613.12536905637683 -9.2667982770911714e-05 -0.00090810067137478683 1.0222990527311442e-05 0
1809 1 1 205804800 168696905.39639843 -46639648.926791705 875434.82605967508 6.1389943735372343 25.198486762136369 0.62925740766492411 613.12335334215709 -8.3231284054701679e-05 -0.00091364240438461433 4.8707263001654991e-06 0
1810 1 1 205891200 169211707.09523457 -44458261.995985918 929720.10397550615 5.777455447487128 25.295822634652961 0.62732637342350484 613.12132759196743 -7.3689494529141858e-05 -0.0009190368774559893 -4.8335375453849861e-07 0
1811 1 1 205977600 169695206.02067193 -42268662.16606091 983833.38839889411 5.4143999658311301 25.388596331988943 0.62527606877821096 613.11929184444762 -6.4044581449247174e-05 -0.00092428161476450839 -5.8381362789146844e-06 0
1812 1 1 206064000 170147272.91605663 -40071244.604784586 1037764.3722938134 5.0498690325394913 25.476784783664293 0.62310644588204178 613.117246141142 -5.4298627263684978e-05 -0.00092937443840206938 -1.1192403432665491e-05 0
1813 1 1 206150400 170567782.08799878 -37866406.478100009 1091502.7445311956 4.6839040293284677 25.560364805999811 0.62081745787971954 613.11519052387575 -4.4454027597273701e-05 -0.00093431481386573858 -1.6544363593904299e-05 0
1814 1 1 206236800 170956611.43108067 -35654546.959914692 1145038.1899814976 4.3165466321755268 25.639313102110997 0.61840905901863752 613.11312503789259 -3.4512534679751176e-05 -0.00093909820231512123 -2.1893675723798369e-05 0
1815 1 1 206323200 171313642.45400199 -33436067.24186337 1198360.3896135392 3.9478388280068062 25.713606262244042 0.61588120478855735 613.11104973428098 -2.4476361785953549e-05 -0.00094372220755482579 -2.7239212277098681e-05 0
1816 1 1 206409600 171638760.30717012 -31211370.543048374 1251459.0206144375 3.5778229315101902 25.783220764163463 0.61323385219510218 613.10896466707345 -1.4347784911666335e-05 -0.00094818445893880344 -3.2579841747964463e-05 0
1817 1 1 206496000 171931853.81175342 -28980862.119718172 1304323.7565296199 3.2065416021706721 25.848132974138313 0.61046695997116129 613.10686989345777 -4.1291417287030151e-06 -0.00095248261015458944 -3.7914431893204532e-05 0
1818 1 1 206582400 172192815.49021429 -26744949.274843954 1356944.2674217871 2.834037861488842 25.908319148324981 0.60758048880406978 613.10476547378971 6.1771673507080783e-06 -0.0009566143460281579 -4.3241847148288674e-05 0
1819 1 1 206668800 172421541.5983375 -24504041.367558502 1409310.2200500178 2.4603551103845978 25.963755434568384 0.6045744015744432 613.10265147160635 1.6568678857687788e-05 -0.00096057737778294729 -4.8560949245758849e-05 0
1820 1 1 206755200 172617932.15877092 -22258549.822421245 1461411.2780699725 2.0855371467861881 26.014417874630091 0.60144866360583438 613.1005279536239 2.7042869237151773e-05 -0.0009643694613587126 -5.3870605196774562e-05 0
1821 1 1 206841600 172781890.99609303 -20008888.138471771 1513237.1022562096 1.7096281834036613 26.060282406856032 0.59820324292762339 613.09839498976089 3.7597149860796488e-05 -0.00096798836127360188 -5.9169663071166023e-05 0
1822 1 1 206928000 172913325.77342531 -17755471.898033414 1564777.350747756 1.3326728656861058 26.101324869296445 0.59483811054925118 613.09625265322416 4.8228868505641008e-05 -0.0009714318819574239 -6.4456973742755001e-05 0
1823 1 1 207014400 173012148.03060246 -15498718.775228612 1616021.6793180821 0.95471628995991398 26.137521003247599 0.59135324075555995 613.0941010200188 5.893528187580503e-05 -0.00097469842187406094 -6.9731225654705032e-05 0
1824 1 1 207100800 173078273.22391841 -13239048.544174757 1666959.7416731142 0.57580402174361378 26.168846457088094 0.58774861146551993 613.09194016579556 6.9713539283978884e-05 -0.0009777881960926554 -7.4990601101405981e-05 0
1825 1 1 207187200 173111620.76746294 -10976883.086815597 1717581.1897771715 0.19598211426717449 26.195276791085313 0.58402420446095982 613.0897701701092 8.0560983057756727e-05 -0.0009806962858481857 -8.023479643425728e-05 0
1826 1 1 207273600 173112114.07606617 -8712646.4003039543 1767875.6741957779 -0.18470287284093206 26.216787482607028 0.58018000565672256 613.08759111927884 9.1474720674910142e-05 -0.00098342064231305847 -8.5462664940280411e-05 0
1827 1 1 207360000 173079680.60986432 -6446764.6039432762 1817832.8444708579 -0.56620385471183898 26.233353931393093 0.57621600550080976 613.08540310245201 0.00010245177227783715 -0.00098595926033570288 -9.0673013778462235e-05 0
1828 1 1 207446400 173014251.92011398 -4179665.9425363708 1867442.3497967713 -0.94847321181603284 26.244951542548147 0.57213220605568693 613.08320742791955 0.00011348873786893989 -0.00098830818196236274 -9.5862171089388328e-05 0
1829 1 1 207532800 172915763.70041761 -1911780.8199535392 1916693.8371480959 -1.3314626322954299 26.251554607875789 0.56792852620937717 613.08098884369076 0.00012621376250783174 -0.001003538368842367 -0.00010214060144369143 0
1830 1 1 207619200 172784155.84914559 356458.09728297818 1965576.9432381969 -1.7151231505297064 26.253136993613921 0.56360485272991145 613.07872623046455 0.00013988036319757997 -0.0010230365666950624 -0.00010886547756297115 0
1831 1 1 207705600 172619372.51632181 2624615.9339761757 2014081.299071345 -2.0994053049872217 26.249673605374507 0.55916115840935099 613.07641560157606 0.00015395794957339748 -0.0010421491788628098 -0.00011571500323690934 0
1832 1 1 207792000 172421362.15006581 4892255.6629302073 2062196.5348135568 -2.4842590484285298 26.241139613310636 0.55459744358739194 613.07405778138013 0.00016843606871798678 -0.0010608549246934947 -0.000122682985344286 0
1833 1 1 207878400 172190077.55026096 7158938.1090451851 2109912.2809015024 -2.8696336897207431 26.227510130597658 0.54991371439195247 613.07165319846695 0.00018330358876140419 -0.0010791331130747023 -0.00012976296248838474 0
1834 1 1 207964800 171925475.92490283 9424221.9460495207 2157218.1686484399 -3.2554778770447661 26.208760250038836 0.54510998506456265 613.06920231350409 0.00019854873680018447 -0.0010969636149623558 -0.00013694834267632253 0
1835 1 1 208051200 171627518.94804516 11687663.695168581 2204103.830965702 -3.6417395778977948 26.184865054095994 0.54018627843739409 613.06670561865837 0.00021415911574520583 -0.0011143269087809193 -0.00014423238331005034 0
1836 1 1 208137600 171296172.81947982 13948817.724687967 2250558.9031262603 -4.0283660589617218 26.155799625575703 0.5351426264299286 613.06416363728204 0.00023012168215989694 -0.0011312038937575436 -0.00015160817835533383 0
1837 1 1 208224000 170931408.32616159 16207236.250467693 2296573.0235716826 -4.4153038658334118 26.12153905893879 0.52997907055431515 613.06157692306158 0.00024642288879276708 -0.0011475764982855909 -0.00015906875904772509 0
1838 1 1 208310400 170533200.90539047 18462469.337461367 2342135.8347632396 -4.8024988026317654 26.082058472287535 0.5246956624364143 613.0589460592048 0.00026304857951683463 -0.001163427064898463 -0.00016660700415804691 0
1839 1 1 208396800 170101530.7097601 20714064.902303312 2387236.9840790639 -5.1898959114966203 26.03733302008159 0.51929246435771059 613.05627165819203 0.00027998405520114324 -0.0011787385815963023 -0.00017421568278752658 0
1840 1 1 208483200 169636382.67387933 22961568.717035044 2431866.1247598529 -5.5774394520484298 25.987337906821409 0.51376954984017753 613.05355436565742 0.00029721409300702641 -0.0011934947196192056 -0.00018188746054646513 0
1841 1 1 208569600 169137746.58290836 25204524.413906444 2476012.9168907995 -5.965072879630771 25.932048397030481 0.50812700376699571 613.05079479247354 0.00031473498042330314 -0.0012077270383369992 -0.00018962005077327408 0
1842 1 1 208656000 168605617.14294454 27442473.491215054 2519667.0284091122 -6.3527388254113211 25.871439834008108 0.50236492335678373 613.04799357629759 0.00033251965648130755 -0.0012213736079620414 -0.00019740123354133313 0
1843 1 1 208742400 168039994.05305278 29674955.321103111 2562818.1362296627 -6.7403790765119993 25.805487659406044 0.49648341919173122 613.04515144427967 0.00035055137408244915 -0.0012344197981785461 -0.00020522340218336472 0
1844 1 1 208828800 167440882.0791482 31901507.158531439 2605455.9274031725 -7.1279345541270569 25.734167425568753 0.49048261542221883 613.04226914614514 0.0003688129649684291 -0.0012468518055186012 -0.00021307889021450181 0
1845 1 1 208915200 166808291.12971485 34121664.151595615 2647570.1003171625 -7.5153452926154154 25.657454813071748 0.4843626504316228 613.03934745786057 0.00038728683571003571 -0.0012586565585872103 -0.00022095997802565472 0
1846 1 1 209001600 166142236.33333546 36334959.35338144 2689150.3659538846 -7.9025504184999873 25.575325648832578 0.47812367749194123 613.03638718104889 0.0004059549922607229 -0.0012698217173357056 -0.00022885889512440214 0
1847 1 1 209088000 165442738.11803627 38540923.735422187 2730186.4492056519 -8.2894881294494134 25.48775592507852 0.47176586543701965 613.03338914236463 0.0004247990793209501 -0.0012803357103164249 -0.00023676783884161878 0
1848 1 1 209174400 164709822.29244819 40739086.202832103 2770668.0902490988 -8.676095673260658 25.394721819193819 0.46528939935353031 613.03035419283583 0.00044380038760436852 -0.0012901877343930084 -0.00024467897828060281 0
1849 1 1 209260800 163943520.12878275 42928973.611194029 2810585.0459799673 -9.0623093268621844 25.296199714473413 0.4586944812910882 613.02728320725362 0.00046293987591218983 -0.0012993677402168351 -0.00025258446057975557 0
1850 1 1 209347200 163143868.44762129 45110110.785280079 2849927.0915100533 -9.4480643753553331 25.192166221804715 0.45198133099092369 613.02417708356688 0.00048219819668015738 -0.0013078664493021764 -0.00026047642450708323 0
1851 1 1 209433600 162310909.70451185 47282020.539686233 2888684.0217279093 -9.8332950911150245 25.082598202299504 0.44515018663331235 613.02103674227135 0.0005015557158322021 -0.0013156753549073146 -0.00026834700782615189 0
1852 1 1 209520000 161444692.07836905 49444223.701464489 2926845.6529249819 -10.217934712971152 24.967472790899158 0.43820130560490311 613.01786312578133 0.00052099255112729784 -0.0013227867572336105 -0.00027618835329781219 0
1853 1 1 209606400 160545269.56166771 51596239.134836689 2964401.8244887972 -10.601915425486823 24.846767420959853 0.43113496528218193 613.01465719749262 0.00054048866502575971 -0.0013291939351255126 -0.00028399265817639744 0
1854 1 1 209692800 159612702.05242258 53737583.768077165 3001342.4006647156 -10.985168338377623 24.720459849889448 0.42395146383893878 613.01141994134139 0.00056002368438041236 -0.0013348906403953819 -0.00029175209350550184 0
1855 1 1 209779200 158647055.44793823 55867772.622656219 3037657.2723885477 -11.367623466085163 24.588528185826803 0.41665112107448837 613.0081523613004 0.00057957714947942023 -0.0013398716645762888 -0.00029945889619310096 0
1856 1 1 209865600 157648401.74031749 57986318.844732426 3073336.3591911742 -11.749209707516739 24.450950915350141 0.40923427925418271 613.00485548016377 0.00059912850285874194 -0.001344132728630184 -0.00030710537945361497 0
1857 1 1 209952000 156616819.11371019 60092733.739088468 3108369.6111770859 -12.129854826028797 24.307706932352446 0.40170130398480836 613.00153033957258 0.00061865681021363173 -0.0013476697965778895 -0.00031468378129140837 0
1858 1 1 210038400 155552392.04328126 62186526.805609748 3142747.0110794161 -12.509485429628468 24.158775567976832 0.39405258509700986 612.99817799901075 0.00063814138048618038 -0.0013504804194513847 -0.0003221865879802151 0
1859 1 1 210124800 154455211.3958793 64267205.778395563 3176458.5763913533 -12.888026951453938 24.004136621699139 0.38628853754706183 612.99479953485456 0.00065756115540490192 -0.001352562302931329 -0.00032960623560904337 0
1860 1 1 210211200 153325374.53237444 66334276.667612664 3209494.3615777721 -13.265403630616566 23.843770393683943 0.3784096023640558 612.99139604128811 0.00067689477998997629 -0.0013539134860931193 -0.00033693513582066473 0
1861 1 1 210297600 152162985.4116393 68387243.804193303 3241844.4603692885 -13.641538493369849 23.677657718275157 0.37041624760833908 612.9879686302653 0.0006961208219206349 -0.0013545327973003497 -0.00034416577246907228 0
1862 1 1 210384000 150968154.69613922 70425609.887477204 3273499.0081395921 -14.016353334649104 23.505779998663066 0.36230896934334111 612.98451843080147 0.00071521782248581414 -0.0013544199085831826 -0.00035129072316682827 0
1863 1 1 210470400 149740999.85910136 72448876.035901561 3304448.1843675966 -14.389768700034692 23.328119242781561 0.35408829262726593 612.98104658812792 0.00073416431317937549 -0.0013535753140803985 -0.00035830265294930119 0
1864 1 1 210556800 148481645.29321897 74456541.840850949 3334682.2151871584 -14.761703868251299 23.144658100585712 0.34575477255674558 612.97755426502795 0.00075293812151667951 -0.0013519990208876503 -0.00036519399533664946 0
1865 1 1 210643200 147190222.420847 76448105.423781052 3364191.3760274644 -15.132076834105463 22.955379902464937 0.33730899529401226 612.97404264050954 0.00077151805206788549 -0.0013496936394819168 -0.0003719577444242563 0
1866 1 1 210729600 145866869.80565327 78423063.496708214 3392965.9943405292 -15.500804291924677 22.760268698854443 0.32875157908733227 612.97051290651075 0.0007898829681023832 -0.0013466625322253178 -0.00037858700685393831 0
1867 1 1 210816000 144511733.26566896 80380911.426188439 3420996.4524203604 -15.867801619718367 22.559309301378811 0.32008317536413694 612.96696626835785 0.00080801146285796363 -0.0013429092279320224 -0.00038507485837446857 0
1868 1 1 210902400 143124965.98767895 82321143.300910324 3448273.1903177267 -16.232982864002377 22.352487325335542 0.31130446984488552 612.96340394514186 0.00082588215701334471 -0.0013384379288361671 -0.00039141446966451781 0
1869 1 1 210988800 141706728.64289346 84243252.003014833 3474786.7088515158 -16.596260725318821 22.139789233501869 0.30241618366793216 612.95982716935396 0.00084347370023594396 -0.0013332534887921942 -0.00039759911075153593 0
1870 1 1 211075200 140257189.50383854 86146729.283260107 3500527.5727182301 -16.957546544534853 21.921202381330186 0.2934190745362788 612.95623718664024 0.00086076476465847605 -0.0013273613881948211 -0.00040362215171832699 0
1871 1 1 211161600 138776524.56239337 88031065.84015134 3525486.4137014714 -17.316750289975175 21.696715063544591 0.28431393788548126 612.95263525560108 0.00087773406479993877 -0.0013207677228797238 -0.00040947706255884439 0
1872 1 1 211248000 137264917.64890203 89895751.403157696 3549653.9339832631 -17.673780545450509 21.466316562154891 0.2751016080731154 612.94902264764119 0.00089436034175609041 -0.0013134791712182587 -0.00041515740357121853 0
1873 1 1 211334400 135722560.5522784 91740274.820139751 3573020.9095590785 -18.02854449924769 21.229997195903682 0.26578295959001924 612.94540064692569 0.0009106223517232634 -0.0013055029566089525 -0.0004206568159784584 0
1874 1 1 211420800 134149653.14101815 93564124.149111181 3595578.1937584965 -18.380947934151099 20.987748371163093 0.25635890829395774 612.94177055051091 0.00092649882150823719 -0.0012968467834451308 -0.00042596900371711982 0
1875 1 1 211507200 132546403.48502629 95366786.754460961 3617316.7208731514 -18.730895218548635 20.739562634270857 0.24683041265776931 612.93813366824327 0.00094196860833776954 -0.0012875190314471539 -0.00043108780609263023 0
1876 1 1 211593600 130913027.97816665 97147749.407755166 3638227.5098919235 -19.078289298627649 20.485433725228592 0.23719847500537583 612.93449132067462 0.00095701049073388647 -0.001277528448509866 -0.00043600708088091425 0
1877 1 1 211680000 129249751.46139483 98906498.393293709 3658301.6683602165 -19.423031693039224 20.225356634507573 0.22746414329374554 612.93084487006013 0.00097158956902407777 -0.0012668660828221543 -0.00044071488911890668 0
1878 1 1 211766400 127556807.346303 100642519.6186246 3677530.3963902732 -19.76502248763439 19.959327659567549 0.21762851236971203 612.92719571668761 0.00098568667639972155 -0.0012555455583563436 -0.00044520618871415083 0
1879 1 1 211852800 125834437.73918356 102355298.7298405 3695904.9907279504 -20.104160329619379 19.687344460288099 0.20769272440019951 612.92354524302539 0.00099929219610656018 -0.0012435928231372792 -0.00044948003911299419 0
1880 1 1 211939200 124082893.56544922 104044321.23184967 3713416.8488942385 -20.440342425509684 19.409406119084114 0.19765797032281721 612.91989482173597 0.00101238499627117 -0.0012310186276648775 -0.00045353058963059197 0
1881 1 1 212025600 122302434.6940988 105709072.61398622 3730057.4734803643 -20.773464541348236 19.125513203345395 0.18752549160769949 612.91624584156023 0.001024943845506177 -0.0012178340595370395 -0.00045735198942558231 0
1882 1 1 212112000 120493330.06214859 107349038.48100366 3745818.4765717899 -21.103421003576635 18.835667827985418 0.17729658160354386 612.91259970613521 0.001036947433572711 -0.0012040505941884167 -0.00046093839962752479 0
1883 1 1 212198400 118655857.79891102 108963704.68953921 3760691.5842903866 -21.430104701718729 18.539873719535755 0.1669725869261118 612.90895783474218 0.0010483742892017935 -0.0011896800094827037 -0.00046428395864138796 0
1884 1 1 212284800 116790305.34996283 110552557.49017841 3774668.6414571786 -21.753407092902144 18.238136281681456 0.15655490885955614 612.90532166317178 0.0010592028003432133 -0.0011747344295804239 -0.00046738278542340504 0
1885 1 1 212371200 114896969.60063899 112115083.67524348 3787741.6163766007 -22.073218208307466 17.930462662213966 0.14604500476815546 612.90169264458393 0.0010694111893764149 -0.0011592263112775321 -0.00047022895489689511 0
1886 1 1 212457600 112976156.99888398 113650770.732427 3799902.6057431563 -22.389426661646088 17.61686182138379 0.13544438951746932 612.89807225044001 0.0010789774995218306 -0.0011431684476815175 -0.00047281649368396641 0
1887 1 1 212544000 111028183.67721896 115159107.00444999 3811143.8396921284 -22.701919661238289 17.297344603101664 0.12475463742254983 612.8944620050097 0.0010878795782212855 -0.0011265739652489108 -0.00047513934651114743 0
1888 1 1 212630400 109053375.5742216 116639581.85427313 3821457.6867896048 -23.010583002904458 16.971923785903851 0.11397737666208563 612.89086303122667 0.0010963457865364045 -0.0011097075710909585 -0.00047727967769492757 0
1889 1 1 212716800 107052068.55684592 118091685.83449371 3830836.6584241968 -23.315301073218023 16.640614145003322 0.10311428648853437 612.88727579756141 0.0011044682395064251 -0.0010926779539529113 -0.00047927204543550875 0
1890 1 1 212803200 105024608.53947389 119514910.86505646 3839273.4139724891 -23.61595692258123 16.303432581969986 0.092167118185196628 612.88370138583048 0.0011118004580073148 -0.0010750694704891063 -0.00048096110588637239 0
1891 1 1 212889600 102971351.59714052 120908750.42147417 3846760.7675679228 -23.912432293386683 15.960398205584202 0.081137699354573198 612.88014165259483 0.0011183189580588836 -0.0010569011036337243 -0.00048234026391895363 0
1892 1 1 212976000 100892664.07957362 122272699.72676891 3853291.6940553864 -24.204607607306858 15.611532371591665 0.070027922859416739 612.87659841484731 0.0011240006518966176 -0.0010381926417965743 -0.00048340296696176767 0
1893 1 1 213062400 98788922.724109054 123606255.94904909 3858859.3347305409 -24.492361993263994 15.256858762331113 0.058839749096113857 612.87307350677577 0.0011288229107944497 -0.0010189646794638101 -0.00048414275970733444 0
1894 1 1 213148800 96660514.766180247 124908918.40589507 3863457.0032346947 -24.775573315790535 14.896403464864781 0.047575207380821861 612.86956877930731 0.0011327636100210972 -0.00099923862184023117 -0.00048455327643615395 0
1895 1 1 213235200 94507838.04722926 126180188.77553801 3867078.1915688766 -25.054118206377453 14.530195050090121 0.036236397322213135 612.86608609958921 0.0011358011839256213 -0.00097903668520592105 -0.00048462825612105695 0
1896 1 1 213321600 92331301.119775712 127419571.31491403 3869716.5762258023 -25.327872097924129 14.158264652756404 0.024825490176639757 612.86262735038611 0.0011379146860067313 -0.00095838190400538055 -0.00048436154601734656 0
1897 1 1 213408000 90131323.349371925 128626573.08466731 3871366.0244380455 -25.596709262404509 13.780646052302803 0.013344730182763199 612.85919442938291 0.0011390838549644035 -0.00093729813216909407 -0.00048374711619866769 0
1898 1 1 213494400 87908335.013159901 129800704.18117011 3872020.6005404629 -25.860502851863806 13.397375754426488 0.0017964358705471598 612.85578924835374 0.0011392891967927574 -0.00091581006041600659 -0.00048277908374127224 0
1899 1 1 213580800 85662777.394738704 130941477.97561857 3871674.572444492 -26.119124942862047 13.008493073283832 -0.0098169986580497089 612.85241373221743 0.0011385120457984114 -0.00089394320136412808 -0.00048145171823309234 0
1900 1 1 213667200 83395102.875038311 132048411.36025405 3870322.4182217838 -26.37244658447953 12.614040214219528 -0.021493102480165848 612.84906981798122 0.0011367346517546166 -0.00087172389899366827 -0.00047975946483530183 0
1901 1 1 213753600 81105775.018888429 133121025.00175071 3867958.8327941257 -26.620337849993998 12.214062356906116 -0.033229326641099725 612.84575945346648 0.0011339403054007617 -0.00084917935006552879 -0.00047769697772846037 0
1902 1 1 213840000 78795268.656959534 134158843.60180016 3864578.7347262241 -26.862667892343381 11.808607738774196 -0.045023042984787279 612.84248459585763 0.0011301133969017088 -0.00082633758065443015 -0.00047525913913297973 0
1903 1 1 213926400 76464069.962743282 135161396.16491225 3860177.2731175791 -27.0993050035148 11.397727738606223 -0.056871543030981367 612.83924721042342 0.001125239248626777 -0.00080322742554448962 -0.00047244110782490708 0
1904 1 1 214012800 74112676.524230063 136128216.27344024 3854749.8345890697 -27.330116677904083 10.981476960141634 -0.068772036906310244 612.83604926852888 0.0011193049466222281 -0.00077987864431859817 -0.00046923836788238338 0
1905 1 1 214099200 71741597.409938052 137058842.36982432 3848292.0503595872 -27.554969679750805 10.559913315551727 -0.080721652327852528 612.83289274497031 0.0011122991601360431 -0.00075632179457315327 -0.00046564670023485622 0
1906 1 1 214185600 69351353.228931412 137952818.0460377 3840799.8034083936 -27.773730114866186 10.133098108655396 -0.092717433635032029 612.82977961629808 0.0011042116420033224 -0.00073258800570370568 -0.00046166212837023556 0
1907 1 1 214272000 66942476.184453309 138809692.34020445 3832269.2357186484 -27.986263506698929 9.7010961176882127 -0.1047563408842252 612.82671185923755 0.001095033743727977 -0.00070870913187475468 -0.00045728103939265128 0
1908 1 1 214358400 64515510.120801851 139629020.04034042 3822696.7555944249 -28.192434876694389 9.2639756773676059 -0.11683524906342509 612.82369144656423 0.0010847595068736071 -0.0006847184064259238 -0.00045250070469335331 0
1909 1 1 214444800 62071010.563067921 140410361.99515113 3812079.0450426429 -28.392108829245416 8.8218087602082935 -0.12895094734121243 612.82072034457724 0.0010733838950136177 -0.00066064902654670897 -0.00044731839551286491 0
1910 1 1 214531200 59609544.749333702 141153285.43181473 3800413.0672173626 -28.585149641167519 8.3746710567861786 -0.14110013843058083 612.8178005090424 0.001060905548895474 -0.00063653595290136483 -0.00044173272977345111 0
1911 1 1 214617600 57131691.654946201 141857364.28064421 3787696.0739119779 -28.771421355810361 7.9226420547665724 -0.15327943805594368 612.8149338802674 0.0010473245700067569 -0.0006124141884854121 -0.00043574255517518521 0
1912 1 1 214704000 54638042.008444451 142522179.5065251 3773925.6130987373 -28.950787882090975 7.4658051166279913 -0.16548537442390573 612.81212238165142 0.0010326429164026832 -0.00058831894288099529 -0.00042934713265875037 0
1913 1 1 214790400 52129198.298727959 143147319.44699523 3759099.5365073672 -29.123113098197852 7.004247555638722 -0.17771438786079763 612.80936791525323 0.0010168658329748469 -0.00056428641067638352 -0.00042254684098862535 0
1914 1 1 214876800 49605774.773061454 143732380.1568048 3743216.0072274613 -29.288260960047573 6.5380607098786463 -0.18996283061089081 612.80667235496765 0.0010000020180358578 -0.00054035365131277697 -0.00041534325402904187 0
1915 1 1 214963200 47068397.425494112 144276965.75878459 3726273.5073250509 -29.446095614755155 6.0673400142008811 -0.20222696669459758 612.80403754161682 0.0009820624793760559 -0.00051655768244493494 -0.00040773856669808645 0
1916 1 1 215049600 44517703.975257672 144780688.80083221 3708270.8454682804 -29.596481519088556 5.5921850698327207 -0.21450297186563505 612.80146527858801 0.0009630614150468661 -0.00049293585214641637 -0.00039973602735628698 0
1917 1 1 215136000 41954343.834718049 145243170.61879823 3689207.1645500115 -29.739283562853387 5.1126997112995678 -0.22678693371604769 612.7989573263759 0.00094301633985047423 -0.00046952571390492318 -0.00039134000362850267 0
1918 1 1 215222400 39378978.066459879 145664041.70502579 3669081.949292358 -29.874367196963888 4.6289920702870822 -0.23907485203145165 612.79651539139161 0.0009219524498971848 -0.00044636691387700669 -0.00038255773362856187 0
1919 1 1 215308800 36792279.329125218 146042942.08225662 3647895.0338006164 -30.001598565687676 4.1411746359452497 -0.25136263960805594 612.79414109975812 0.00089990635840788314 -0.00042350244046762269 -0.00037340083785011597 0
1920 1 1 215395200 34194931.811472133 146379521.68266264 3625646.6090967138 -30.120844648189873 3.6493643137091176 -0.26364612147182975 612.79183605011656 0.0008768900105692542 -0.00040096165502077847 -0.00036387103315111086 0
1921 1 1 215481600 31587631.151184604 146673440.73298785 3602337.2318570279 -30.231973466972146 3.1536825063748597 -0.27592100901752625 612.78960298720449 0.0008531990307739587 -0.0003788986257222215 -0.00035408731462918154 0
1922 1 1 215568000 28971084.377017107 146924370.12860987 3577967.8183412496 -30.33485298507043 2.6542546251443127 -0.28818341360888566 612.78742306228798 0.00084349072721405917 -0.00036360444544026791 -0.00035004550833432781 0
1923 1 1 215654400 26346009.918591272 147131991.77834797 3552539.6055124635 -30.429351912815836 2.151210457929543 -0.30042956952774108 612.78526799604231 0.00083980343037320297 -0.00035115266374358145 -0.00034835760379580452 0
1924 1 1 215740800 23713137.439568501 147295999.02673894 3526054.1797243981 -30.515341426715139 1.644684889463029 -0.31265519612305764 612.78312846184588 0.00083767445563334285 -0.00033950303193729304 -0.00034720130789699457 0
1925 1 1 215827200 21073207.644365232 147416097.08217114 3498513.5092771566 -30.592694743243346 1.1348176355368538 -0.32485576101013691 612.78100298162622 0.00083526266191834471 -0.00032793654135137684 -0.00034594788349736651 0
1926 1 1 215913600 18426972.109299377 147492003.42872423 3469919.9599238359 -30.661286966131957 0.62175312719671649 -0.33702661129666245 612.77889206992995 0.00083256981927711091 -0.00031646157121257548 -0.00034459723228927715 0
1927 1 1 216000000 15775193.119464198 147523448.23182234 3440276.3028003988 -30.720995133087001 0.10564048681233205 -0.34916301602109112 612.77679604931143 0.00082959803565013678 -0.00030508649535729223 -0.00034314918611620459 0
1928 1 1 216086400 13118643.49355177 147510174.74457437 3409585.7212696886 -30.771698402791589 -0.41336644990210714 -0.36126016416629947 612.77471523786971 0.00082635128464325852 -0.00029382036470760545 -0.00034160447828003815 0
1929 1 1 216172800 10458106.392834639 147451939.71554738 3377851.8177608289 -30.813278235457553 -0.93510912240335364 -0.37331316642007523 612.77264995139069 0.00082283074270817066 -0.00028267083974375023 -0.00033996219290582035 0
1930 1 1 216259200 7794375.1143670361 147348513.7972497 3345078.6204538569 -30.845618577297941 -1.4594242405416775 -0.38531705712253311 612.7706005056566 0.00081903933373172165 -0.00027164622103018234 -0.0003382222427224796 0
1931 1 1 216345600 5128252.8681045463 147199681.95471808 3311270.5897777556 -30.868606048423466 -1.9861437869400318 -0.39726679655785385 612.76856721366141 0.00081498034405116297 -0.00026075480244513473 -0.00033638460283829969 0
1932 1 1 216432000 2460552.5376311536 147005243.87358531 3276432.6247058222 -30.88213013432771 -2.5150950266725163 -0.40915727337400876 612.76655038543299 0.00081065736287051836 -0.00025000482839330172 -0.00033444928636885014 0
1933 1 1 216518400 -207903.57579777058 146765014.36698341 3240570.0688330522 -30.886083380560365 -3.0461005246257353 -0.42098330720951993 612.76455032786441 0.00080607428240464464 -0.00023940448231818935 -0.00033241634029061251 0
1934 1 1 216604800 -2876284.0261576432 146478823.7806024 3203688.7162164575 -30.880361590234909 -3.5789781708795858 -0.43273965156478605 612.76256734335334 0.00080123602258948897 -0.00022896211617866183 -0.0003302862295814463 0
1935 1 1 216691200 -5543748.5127359079 146146518.39519909 3165794.8169582631 -30.864864024185589 -4.1135412143689702 -0.44442099685380504 612.7606017295974 0.00079614700727132003 -0.00021868569588296945 -0.00032805902449230983 0
1936 1 1 216777600 -8209448.1876132274 145767960.82583162 3126895.0825196095 -30.839493603486353 -4.6495983051119962 -0.45602197361371122 612.75865378141407 0.00079081138080860675 -0.00020858291293249736 -0.00032573452469570089 0
1937 1 1 216864000 -10872525.980722319 145343030.41706061 3086996.6907452038 -30.804157113735229 -5.1869535453718125 -0.46753715600017753 612.75672379025366 0.00078523425141967772 -0.00019866157614071471 -0.0003233129234468932 0
1938 1 1 216950400 -13532116.942620976 144871623.63333556 3046107.2905743769 -30.758765410800514 -5.7254065499931839 -0.47896106552588436 612.75481204292078 0.000779421027940515 -0.00018892936653586845 -0.00032079444971835907 0
1939 1 1 217036800 -16187348.60509515 144353654.443764 3004235.0064213178 -30.703233627720891 -6.2647525161402617 -0.49028817498941096 612.75291882135787 0.00077337741905000087 -0.00017939382651339868 -0.0003181793710442772 0
1940 1 1 217123200 -18837341.359669857 143789054.70043862 2961388.4422061522 -30.637481382264603 -6.8047823026988974 -0.50151291262834363 612.75104440233974 0.00076710943184390566 -0.0001700623430526494 -0.00031546799443276172 0
1941 1 1 217209600 -21481208.85406556 143177774.50947997 2917576.685017616 -30.561432984696125 -7.3452825195655196 -0.51262966649407637 612.74918905716515 0.00076062336789687549 -0.00016094213572890996 -0.00031266066751676309 0
1942 1 1 217296000 -24118058.406597294 142519782.59392908 2872809.3083882118 -30.475017645271091 -7.8860356270258576 -0.5236327890470821 612.74735305133993 0.00075392581752137678 -0.00015204024294241276 -0.00030975777668393263 0
1943 1 1 217382400 -26746991.438471809 141815066.64761126 2827096.3751628618 -30.378169680959239 -8.4268200454037263 -0.53451660197083062 612.74553664425446 0.00074702365547958812 -0.00014336350877656206 -0.00030675974750846125 0
1944 1 1 217468800 -29367103.923893377 141063633.67907748 2780448.4399422901 -30.270828720872824 -8.9674102751358049 -0.54527540120204698 612.74374008885422 0.00073992403490438232 -0.00013491856941745019 -0.00030366704602119942 0
1945 1 1 217555200 -31977486.857843328 140265510.34471551 2732876.5510825361 -30.152939909858503 -9.5075770274016058 -0.55590346217422582 612.74196363129238 0.00073263438727187984 -0.00012671183715674415 -0.00030048018228840523 0
1946 1 1 217641600 -34577226.741350412 139420743.27011567 2684392.2522323942 -30.024454109692403 -10.047087365409613 -0.56639504526963791 612.74020751057515 0.00072516240829451171 -0.0001187494886703844 -0.00029719970497973209 0
1947 1 1 217728000 -37165406.084020205 138529399.35876545 2635007.5833909758 -29.885328097301119 -10.585704856410807 -0.57674440147437245 612.7384719582127 0.00071751604989876586 -0.00011103745096224609 -0.00029382620200579996 0
1948 1 1 217814400 -39741103.923540838 137591566.08714604 2584735.0814680466 -29.735524759410257 -11.123189734472469 -0.58694577823315996 612.73675719780135 0.00070970355541793084 -0.00010358133339002876 -0.00029036032407676079 0
1949 1 1 217900800 -42303396.361830436 136607351.7852999 2533587.7803302305 -29.575013283022326 -11.659299074031136 -0.59699342549236067 612.73506344467171 0.00070173334048029962 -9.6386577852142284e-05 -0.00028680273132686155 0
1950 1 1 217987200 -44851357.117439441 135576885.90193802 2481579.2103172778 -29.403769341099832 -12.193786974185636 -0.60688160192493568 612.73339090554043 0.00069361408182933612 -8.9458294457205888e-05 -0.00028315413597563324 0
1951 1 1 218073600 -47384058.093765713 134500319.25316352 2428723.3972127344 -29.221775272816576 -12.726404753651064 -0.61660458133235818 612.73173977807028 0.00068535468208704331 -8.2801284124922559e-05 -0.00027941529224109453 0
1952 1 1 218160000 -49900569.962586328 133377824.25389418 2375034.8606543751 -29.029020257749593 -13.256901156281495 -0.62615665920970942 612.73011025045435 0.00067696425397101539 -7.6420037707793895e-05 -0.00027558699575626556 0
1953 1 1 218246400 -52399962.762354217 132209595.13107628 2320528.6119705932 -28.825500483363726 -13.785022567006983 -0.63553215946737351 612.72850250093859 0.00066845213924096049 -7.0318682359082839e-05 -0.00027167011418517879 0
1954 1 1 218332800 -54881306.510652974 130995848.1177977 2265220.1514298702 -28.611219305150712 -14.31051323800536 -0.64472544129111753 612.72691669739515 0.00065982782105640709 -6.4501075257938253e-05 -0.00026766551113623386 0
1955 1 1 218419200 -57343671.830146946 129736821.62742615 2209125.4648920237 -28.386187398775441 -14.83311552487573 -0.65373090613058416 612.7253529969089 0.00065110097082375499 -5.8970708455143474e-05 -0.00026357410761863583 0
1956 1 1 218505600 -59786130.587308228 128432776.40691994 2152261.0198502424 -28.150422903582143 -15.352570132531543 -0.66254300480937312 612.72381154525169 0.00064228143413728263 -5.3730695728745606e-05 -0.00025939688153918584 0
1957 1 1 218592000 -62207756.543146543 127083995.66848464 2094643.7608543916 -27.903951556832407 -15.868616370508423 -0.67115624473416324 612.72229247638609 0.00063337918876908163 -4.8783808528122976e-05 -0.0002551348341623584 0
1958 1 1 218678400 -64607626.015114412 125690785.19877683 2036291.1043077463 -27.64680681804947 -16.380992417326567 -0.67956519718743802 612.7207959120002 0.00062440432670528376 -4.4132464546302464e-05 -0.00025078898478488488 0
1959 1 1 218764800 -66984818.54930611 124253473.44489054 1977220.9326303806 -27.379029982850206 -16.88943559350005 -0.68776450469398676 612.719321960976 0.00061536706794811048 -3.9778702737617525e-05 -0.00024636040953599669 0
1960 1 1 218851200 -69338417.60200648 122772411.57638372 1917451.5877776549 -27.100670285438483 -17.393682643102458 -0.69574888858776074 612.7178707143247 0.00060627771932109293 -3.5723951835624326e-05 -0.00024185020085765123 0
1961 1 1 218937600 -71667511.229794636 121247973.52296653 1857001.8642336158 -26.811784995195556 -17.893470013615374 -0.70351315285926641 612.7164423533236 0.00059710739713312699 -3.1905202993337268e-05 -0.00023723453812650328 0
1962 1 3 219018942.50154012 -73837061.114301458 119773483.03720361 1799486.0468148405 -26.530248874173392 -18.359690027091858 -0.71061719970286696 612.71511830126701 0 0 0 70
1963 1 1 219024000 -73971192.786605582 119680555.98630926 1795891.0010559645 -26.512439468451522 -18.388534195608706 -0.71105221067347946 612.71503661323004 0.00058826155328849702 -2.896660667449088e-05 -0.00023277930621689943 0
1964 1 1 219110400 -76248561.621815771 118070578.41726595 1734138.6701433358 -26.202707128544084 -18.878612172041841 -0.71836113582120187 612.7136511896806 0.00058068089515942703 -2.8498184004676327e-05 -0.00022895077227730158 0
1965 1 1 219196800 -78498723.78199853 116418482.96395838 1671764.9637833301 -25.882669636193558 -19.363441529108982 -0.72543509777942639 612.71228400882524 0.00057332098040958771 -2.870515409706274e-05 -0.00022512468051754124 0
1966 1 1 219283200 -80720792.731635347 114724734.41842788 1608790.3899252245 -25.55241702793456 -19.842760600932518 -0.7322693178881482 612.71093506580883 0.0005658896630243729 -2.9081028773322922e-05 -0.00022113222420282641 0
1967 1 1 219369600 -82913890.073277354 112989820.13026944 1545235.864495228 -25.212047642500927 -20.316308956407443 -0.73885913829145988 612.7096045194761 0.00055847247634522343 -2.9762158949955531e-05 -0.00021706479155012196 0
1968 1 1 219456000 -85077146.264119729 111214249.88387363 1481122.6998308965 -24.861668112150156 -20.783827753265896 -0.74520003958930636 612.70829233478435 0.00055108250515946834 -3.0753172309257847e-05 -0.00021292444885250765 0
1969 1 1 219542400 -87209701.332888991 109398555.74786197 1416472.5928717032 -24.501393365798897 -21.245060049517726 -0.75128763954655653 612.70699845378192 0.00054373171888557009 -3.2053116660562496e-05 -0.00020871193331657194 0
1970 1 1 219628800 -89310705.595907822 107543291.89673227 1351307.6129835872 -24.131346608720094 -21.699751131902204 -0.75711770058762518 612.70572278591089 0.00053643241312190289 -3.3661609203018362e-05 -0.00020442838024942213 0
1971 1 1 219715200 -91379320.370752424 105649034.40406294 1285650.1891591495 -23.751659287078493 -22.147648845514468 -0.76268613673378904 612.70446520564201 0.000529196911800344 -3.5577755197723274e-05 -0.00020007495296223558 0
1972 1 1 219801600 -93414718.686170429 103716381.007209 1219523.0966276329 -23.362471036796144 -22.588503923997987 -0.76798902033340466 612.7032255508434 0.00052203753009137416 -3.7800143511644826e-05 -0.00019565280372640375 0
1973 1 1 219888000 -95416085.986896053 101745950.84347001 1152949.442891238 -22.963929616557454 -23.022070319561465 -0.77302258860992645 612.70200362108073 0.00051496656224074046 -4.032682967919341e-05 -0.0001911631365162746 0
1974 1 1 219974400 -97382620.831988275 99738384.157784566 1085952.6532042651 -22.556190824850255 -23.448105531932015 -0.77778325000589921 612.70079917587736 0.00050799625227903038 -4.3155338534240533e-05 -0.00018660718147854976 0
1975 1 1 220060800 -99313535.585309699 97694341.98208113 1018556.4555139359 -22.139418400995808 -23.866370935349281 -0.7822675902972076 612.69961193300708 0.00050113876636973919 -4.6282663644287069e-05 -0.00018198619596590629 0
1976 1 1 220147200 -101208057.09676275 95614505.786493868 950784.86488349119 -21.713783910176446 -24.276632102694478 -0.78647237845996243 612.69844156681086 0.00049440616744329672 -4.9705269587779488e-05 -0.00017730146338305457 0
1977 1 1 220233600 -103065427.37290339 93499577.102730364 882662.16741980088 -21.279466612528321 -24.678659125842447 -0.79039457227004872 612.69728770657571 0.00048781038698383672 -5.3419089037523337e-05 -0.00017255429403195975 0
1978 1 1 220320000 -104884904.2355599 91350277.119956881 814212.90372918476 -20.836653316423511 -25.072226931320767 -0.79403132362318651 612.6961499349278 0.00048136322887344722 -5.7419499521579821e-05 -0.00016774609146220446 0
1979 1 1 220406400 -106665761.96709926 89167346.253646433 745461.85192674119 -20.385538216134165 -25.457115590372865 -0.79737998354122563 612.69502778644005 0.00047507627144136884 -6.1701402637204581e-05 -0.00016287816736339637 0
1980 1 1 220492800 -108407291.94100179 86951543.687910989 676434.01022732432 -19.92632271412279 -25.83311062251887 -0.80043810685567052 612.69392074641428 0.00046896090126843633 -6.6259165139566725e-05 -0.00015795190457446138 0
1981 1 1 220579200 -110108803.23642755 84703646.891920164 607154.5791456406 -19.459215228259971 -26.200003291717881 -0.80320345656464287 612.69282824974607 0.00046302827431295043 -7.1086638643263114e-05 -0.00015296871763687464 0
1982 1 1 220665600 -111769623.2354888 82424451.11108166 537648.9433352598 -18.984430984340612 -26.557590894262496 -0.80567400783284138 612.69174968007792 0.000457289289157729 -7.6177169497557916e-05 -0.00014793004403134541 0
1983 1 1 220752000 -113389098.20197579 80114768.833736196 467942.65309777629 -18.502191794320755 -26.905677037549854 -0.80784795162487522 612.69068436924078 0.0004517545624217478 -8.1523607677159404e-05 -0.00014283734672192414 0
1984 1 1 220838400 -114966593.8403222 77775429.234190613 398061.40559437458 -18.012725820755833 -27.244071908900253 -0.80972369795859944 612.68963159704435 0.00044643440438700869 -8.7118318496427991e-05 -0.00013769211023410217 0
1985 1 1 220924800 -116501495.83364098 75407277.592983782 328031.02579301503 -17.516267327973253 -27.572592533618366 -0.81129987877250476 612.68859059141903 0.00044133885096119463 -9.2953112788786492e-05 -0.00013249595508098047 0
1986 1 1 221011200 -117993210.35970856 73011174.695350021 257877.44718268843 -17.013056420533662 -27.891063021494123 -0.81257535046158025 612.68756052829599 0.00043647796826558962 -9.9018924267168165e-05 -0.00012725123632830278 0
1987 1 1 221097600 -119441164.58382884 70587996.208906546 187626.69229004451 -16.503338769739152 -28.199314801148958 -0.81354919583568475 612.68654053366049 0.00043186053964730314 -0.0001053072758949522 -0.00012195847907444906 0
1988 1 1 221184000 -120844807.12757489 68138632.041644946 117304.85304956569 -15.987365328785081 -28.497186841434242 -0.814220725684352 612.68552968584925 0.00042749543718816042 -0.00011180872774741287 -0.00011661922368746527 0
1989 1 1 221270400 -122203608.51245044 65663985.681382008 46938.071045849254 -15.465392037218356 -28.78452585915743 -0.81458948007618304 612.68452701689432 0.00042339113481119499 -0.00011851339012217577 -0.00011123504534355571 0
1990 1 1 221356800 -123517061.57758775 63164973.517868869 -23447.482332822987 -14.937679515597948 -29.061186512679328 -0.81465522913697597 612.68353151537315 0.00041955568940253002 -0.00012541096675225771 -0.00010580752498879872 0
1991 1 1 221443200 -124784681.87066843 60642524.148805477 -93825.625789720143 -14.40449275112287 -29.327031580787015 -0.81441797340142719 612.68254212979912 0.00041599673096214538 -0.00013249076326375385 -0.00010033825171892693 0
1992 1 1 221529600 -126006008.01132222 58097577.671054758 -164170.1880266644 -13.866100775075868 -29.581932126351187 -0.81387794373357936 612.68155777259733 0.00041272145209606556 -0.00013974169957452293 -9.4828819219720781e-05 0
1993 1 1 221616000 -127180602.02633533 55531084.958389759 -234455.02762551917 -13.32277633295916 -29.825767644332888 -0.81303560081606618 612.6805773246324 0.00040973660225104131 -0.00014715232179428285 -8.9280826245771372e-05 0
1994 1 1 221702400 -128308049.65607491 52944006.927142777 -304654.05286701542 -12.774795548224342 -30.058426193762489 -0.81189163421102761 612.67959964023839 0.00040704848251298131 -0.00015471081321295849 -8.3695884382285589e-05 0
1995 1 1 221788800 -129387960.63161629 50337313.79115589 -374741.24145010038 -12.222437580520333 -30.279804513373247 -0.8104469609973437 612.67862355269006 0.0004046629420759759 -0.00016240500637273203 -7.8075633793421215e-05 0
1996 1 1 221875200 -130419968.92213976 47711984.307456054 -444690.66007546789 -11.665984279400329 -30.489808120633398 -0.80870272399077292 612.67764788002512 0.00040258537442261456 -0.00017022239740115027 -7.2421771153057579e-05 0
1997 1 1 221961600 -131403732.95224591 45069005.014098227 -514476.48385758541 -11.105719834441215 -30.688351393983407 -0.8066602895552677 612.67667143112055 0.0004008207136737782 -0.0001781501679648593 -6.6736087543521388e-05 0
1998 1 1 222048000 -132338935.78892082 42409369.461633801 -584073.01553028554 -10.541930422737416 -30.875357638147953 -0.80432124501467217 612.6756930119185 0.00039937342454246521 -0.00018617521655477494 -6.1020510462849733e-05 0
1999 1 1 222134400 -133225285.29796615 39734077.439669736 -653454.70441179757 -9.974903854734297 -31.050759132455955 -0.80168739567388925 612.67471143169382 0.00039824748888288557 -0.00019428420722300929 -5.5277134419179014e-05 0
2000 1 1 222220800 -134062514.26979198 37044134.199987292 -722596.16509583732 -9.4049292193647709 -31.214497162165099 -0.79876076145789277 612.67372550923756 0.00039744639005070747 -0.00020246363223871066 -4.9508227410602272e-05 0
2001 1 1 222307200 -134850380.51455399 34340549.677686609 -791472.19583609642 -8.8322965294466531 -31.366522032848991 -0.7955435731768925 612.67273407884716 0.00039697309031528586 -0.00021069989220019771 -4.3716207109621289e-05 0
2002 1 1 222393600 -135588666.92669857 31624337.711816009 -860057.79659222031 -8.2572963682880296 -31.506793067966289 -0.7920382684269085 612.67173599600289 0.00039683001046135697 -0.00021897937855497524 -3.7903589624391087e-05 0
2003 1 1 222480000 -136277181.5190599 28896515.266931575 -928328.18670626287 -7.6802195384311176 -31.635278589787703 -0.78824748713784432 612.67073014262007 0.00039701902027536339 -0.00022728854173708168 -3.2072930206599919e-05 0
2004 1 1 222566400 -136915757.42673457 26158101.657015383 -996258.82217981899 -7.1013567134456705 -31.751955883913997 -0.78417406678454538 612.66971543178477 0.00039754143596539498 -0.00023561394121760447 -2.622676640746931e-05 0
2005 1 1 222652800 -137504252.88103402 23410117.773157936 -1063825.4125234066 -6.5209980936671981 -31.856811147680666 -0.77982103727676244 612.66869081194818 0.00039839794658996856 -0.00024394235174568052 -2.036755342533489e-05 0
2006 1 1 222739200 -138042551.1538955 20653585.316382512 -1131003.9371512365 -5.9394330667349609 -31.949839422784017 -0.77519161555053684 612.66765527051973 0.00039958869923728703 -0.00025226067812378963 -1.4497669349419512e-05 0
2007 1 1 222825600 -138530560.47319964 17889526.036958259 -1197770.6612965891 -5.3569498737637371 -32.031044512526549 -0.77028919988186317 612.66660783686655 0.00040111320864170334 -0.0002605560550005929 -8.6193867851211162e-06 0
2008 1 1 222912000 -138968213.90951833 15118960.981511764 -1264102.1514245761 -4.7738352819459662 -32.100438884125069 -0.765117363943291 612.6655475847333 0.00040297046365459697 -0.00026881572218447498 -2.7349018240459533e-06 0
2009 1 1 222998400 -139355469.23488048 12342909.749207355 -1329975.2901211253 -4.1903742643401456 -32.158043556567755 -0.75967985062508003 612.66447363409179 0.00040515889566980175 -0.00027702706309953455 3.1536701218375397e-06 0
2010 1 1 223084800 -139692308.75420746 9562389.7582212035 -1395367.2904385675 -3.6068496875752887 -32.203887974565625 -0.75398056563948068 612.66338515248162 0.00040767638932504946 -0.00028517760769854227 9.0442813499785695e-06 0
2011 1 1 223171200 -139978739.1101343 6778415.5236864453 -1460255.7096800786 -3.0235420081462636 -32.238009869168089 -0.7480235709301678 612.6622813558655 0.00041052029486163017 -0.00029325503358963012 1.4934939232105838e-05 0
2012 1 1 223257600 -140214791.06198353 3991997.9482352505 -1524618.4626070063 -2.4407289779362262 -32.26045510565438 -0.74181307790724993 612.66116150904531 0.00041368742398440963 -0.00030124720081617823 2.0823696902348076e-05 0
2013 1 1 223344000 -140400519.23971659 1204143.6262099014 -1588433.8340549103 -1.8586853595526664 -32.271277519340217 -0.73535344052842277 612.66002492568282 0.00041717408231718418 -0.00030914213789096838 2.6708645587761634e-05 0
2014 1 1 223430400 -140536001.87373403 -1584145.8374417771 -1651680.4909459294 -1.2776826520174154 -32.270538739969069 -0.728649148247562 612.65887096798394 0.00042097606608077024 -0.00031692807581101129 3.2587902845886484e-05 0
2015 1 1 223516800 -140621340.50143996 -4371874.492630248 -1714337.4936869307 -0.69798882730372858 -32.258308005384279 -0.72170481885155524 612.65769904608919 0.00042508867399405128 -0.00032459347369226876 3.845960806667378e-05 0
2016 1 1 223603200 -140656659.65152869 -7158052.6930518579 -1776384.3069446688 -0.11986807815959286 -32.234661965193887 -0.71452519120548519 612.65650861721622 0.00042950672861624136 -0.00033212702632870483 4.4321920465828102e-05 0
2017 1 1 223689600 -140642106.50698492 -9941697.7277470026 -1837800.8097908995 0.45641942239238631 -32.199684475158548 -0.70711511792692383 612.65529918459572 0.00043422459440275443 -0.00033951768628044969 5.0173015099064403e-05 0
2018 1 1 223776000 -140577850.54782054 -12721834.434519351 -1898567.3052122146 1.0306177495393882 -32.153466383045789 -0.6994795580088955 612.65407029624464 0.00043923620607574742 -0.00034675466790780784 5.6011090755804418e-05 0
2019 1 1 223862400 -140464083.1746015 -15497495.794511309 -1958664.5289809909 1.6024754428572465 -32.096105306703848 -0.69162356941170111 612.65282154360887 0.00044453507459723309 -0.00035382748164988163 6.183436326401207e-05 0
2020 1 1 223948800 -140301017.31383631 -18267723.507296354 -2018073.6578856828 2.1717457099438811 -32.02770540511532 -0.68355230164426251 612.65155256011815 0.00045011429473587876 -0.00036072595855854379 6.7641058254368897e-05 0
2021 1 1 224035200 -140088887.00631988 -21031568.545914337 -2076776.3173204295 2.7381866173179592 -31.948377143188424 -0.67527098835567201 612.65026301971056 0.00045596654120645051 -0.00036744026521588953 7.3429385266856915e-05 0
2022 1 1 224121600 -139827946.97953895 -23788091.691341598 -2134754.5882356199 3.3015612684477817 -31.858237051042842 -0.6667849399528446 612.64895263531184 0.00046208412882638134 -0.0003739609011423676 7.9197562675280603e-05 0
2023 1 1 224208000 -139518472.20525521 -26536364.045952506 -2191991.0134522445 3.8616379688218285 -31.757407478542813 -0.65809953625852813 612.64762115726614 0.00046845903964675491 -0.00038027870739425532 8.4943833656897437e-05 0
2024 1 1 224294400 -139160757.44338766 -29275467.525594387 -2248468.6033443515 4.4181903780117322 -31.646016345824751 -0.64922021923021134 612.64626837177127 0.00047508292647497301 -0.00038638488508533118 9.066645073705982e-05 0
2025 1 1 224380800 -138755116.77331889 -32004495.329961546 -2304170.8408957147 4.9709976487286438 -31.524196890554606 -0.64015248575692585 612.64489409933299 0.00048194713813336199 -0.00039227101144846677 9.6363681057309058e-05 0
2026 1 1 224467200 -138301883.11374789 -34722552.391016886 -2359081.6861379934 5.5198445529184728 -31.39208741263473 -0.63090188054805429 612.64349819323661 0.00048904273665893391 -0.00039792904852757577 0.00010203380623534451 0
2027 1 1 224553600 -137801407.73220474 -37428755.799271539 -2413185.579979015 6.0645215949815467 -31.249831017064103 -0.62147398912937002 612.64208053805851 0.00049636051751640034 -0.0004033513498962992 0.00010767512130883704 0
2028 1 1 224640000 -137254059.74533471 -40122235.207792483 -2466467.4474310488 6.6048251122427022 -31.09757535563746 -0.61187443096004934 612.64064104821625 0.00050389103174054489 -0.00040853067185406619 0.0001132859346166033 0
2029 1 1 224726400 -136660225.61104715 -42802133.213867001 -2518912.700250071 7.1405573628350929 -30.935472368148016 -0.60210885268310621 612.63917966655538 0.00051162460730602482 -0.00041346017902484713 0.00011886457169445843 0
2030 1 1 224812800 -136020308.61360773 -45467605.71830862 -2570507.2389980536 7.6715266011957004 -30.763678023735107 -0.59218292152114016 612.63769636298787 0.00051955136702121435 -0.0004181334528013955 0.00012440937560763247 0
2031 1 1 224899200 -135334728.34273532 -48117822.262444057 -2621237.4545413409 8.1975471414040637 -30.582352062993337 -0.58210231882900643 612.63619113317679 0.00052766125261343648 -0.00042254449144302957 0.00012991870466695719 0
2032 1 1 224985600 -134603920.16774142 -50751966.342872605 -2671090.2289993078 8.7184394086231727 -30.391657741431292 -0.5718727338172982 612.63466399734568 0.00053594404481400234 -0.00042668771487788419 0.00013539094628044996 0
2033 1 1 225072000 -133828334.70772833 -53369235.704140209 -2720052.9361558221 9.2340299789810025 -30.191761574879706 -0.56149985737441432 612.63311499802046 0.0005443899041012285 -0.00043055833839814923 0.00014082535958452177 0
2034 1 1 225158400 -133008437.29883076 -55968842.609517843 -2768113.4413459864 9.7441516081250512 -29.982833087293049 -0.55098937617043375 612.63154419908619 0.00055298834402682105 -0.00043415137820820252 0.00014622005535802697 0
2035 1 1 225244800 -132144707.45951031 -58550014.089996457 -2815260.1008974388 10.248643247751616 -29.765044558646348 -0.54034696824285111 612.62995172888759 0.00056172775228453852 -0.00043746299816747051 0.00015157329818615289 0
2036 1 1 225331200 -131237638.35441306 -61111992.173094049 -2861481.7605801229 10.747350066601793 -29.538570822454957 -0.52957827908523514 612.62833714460874 0.00057075757469256163 -0.00044098119670667266 0.00015709294232833719 0
2037 1 1 225417600 -130287736.25727913 -63654034.092864178 -2906767.752585995 11.240123435941374 -29.303588984370059 -0.51868893198291022 612.62669999063644 0.00057992836082585678 -0.00044422197562236541 0.00016258644152950005 0
2038 1 1 225504000 -129295520.01658744 -66175412.472563028 -2951107.8947840468 11.726820903004365 -29.060278142693683 -0.50768454072286595 612.62504040963756 0.00058922518698609834 -0.0004471654633130359 0.00016804496251718995 0
2039 1 1 225590400 -128261520.52217889 -68675415.489037827 -2994492.4887611945 12.207306180849454 -28.808819197721814 -0.49657068780796093 612.62335854085643 0.00059863662549459258 -0.00044980757930581332 0.00017346611311628256 0
2040 1 1 225676800 -127186280.17384812 -71153347.018471822 -3036912.3169393744 12.681449116334781 -28.549394622142021 -0.48535292042248501 612.62165454374133 0.00060815116571756719 -0.00045214442982319936 0.00017884731196561192 0
2041 1 1 225763200 -126070352.35302979 -73608526.762612551 -3078358.6393075786 13.149125650828617 -28.282188239469935 -0.47403674521476641 612.61992857592236 0.00061776615563627314 -0.00045418616500093477 0.00018419533677899009 0
2042 1 1 225849600 -124914300.89824785 -76040290.356078908 -3118823.1897243075 13.610217771702537 -28.007385006453614 -0.46262762438272165 612.61818080329476 0.00062746573793817173 -0.00045592231315789387 0.00018950333215840835 0
2043 1 1 225936000 -123718699.58516476 -78447989.455009699 -3158298.1719663427 14.064613455367111 -27.725170800293753 -0.45113097275419023 612.61641143175768 0.00063723719417509009 -0.00045734835023987172 0.0001947672433955972 0
2044 1 1 226022400 -122484131.61167797 -80830991.8078731 -3196776.2553623645 14.512206608189432 -27.435732219407676 -0.43955215057335278 612.61462059294001 0.00064711616681936365 -0.00045852760720436971 0.00020002304292845291 0
2045 1 1 226108800 -121211189.08840574 -83188681.309337661 -3234250.5698031872 14.952896998395786 -27.13925638696189 -0.42789645843598384 612.61280829594955 0.00065713383500544506 -0.00045951078539911282 0.00020529939127463624 0
2046 1 1 226195200 -119900472.53508428 -85520458.037748739 -3270714.7001790861 15.386590194950127 -26.835930777992058 -0.41616912352235563 612.61097403123927 0.00066757510558274535 -0.00046066968793572518 0.00021079817087318138 0
2047 1 1 226281600 -118552590.38191257 -87825738.279169247 -3306162.6789544835 15.813197514297112 -26.525943079264088 -0.40437527121884831 612.60911592291518 0.0006793301521332471 -0.00046301547655481232 0.00021707076893472959 0
2048 1 1 226368000 -117168158.46007377 -90103954.551725894 -3340588.9699010402 16.232636457273944 -26.209481432929113 -0.39251969834521039 612.60721970331349 0.0006995232041967723 -0.00047230877024896488 0.00022718029484011963 0
2049 1 1 226454400 -115747799.46068904 -92354555.642811388 -3373988.4364935877 16.64483066976624 -25.88673420001529 -0.38060689588251995 612.6052586934328 0.00073464617789374481 -0.00049212519535367773 0.00024312197123206204 0
2050 1 1 226540800 -114292142.25403 -94577006.719708458 -3406356.2640917562 17.049715015168939 -25.557893237124173 -0.36863926112413736 612.603092863386 0.00085428781813548364 -0.00056965793468198795 0.00028963118101517203 0
2051 1 1 226627200 -112801820.80430378 -96770789.705989107 -3437687.7309996341 17.447234892064923 -25.223153270119184 -0.35661714915914194 612.60048015960388 0.001054044796561683 -0.00070016278508942657 0.00036683486430936357 0
2052 1 1 226713600 -111277473.70577493 -98935403.219812766 -3467978.1792245647 17.837336695876264 -24.882705359464207 -0.34454201736582069 612.5972609105936 0.0012871989307644569 -0.00085212549351699476 0.00046068126992993182 0
2053 1 1 226800000 -109719744.20240474 -101070362.18795352 -3497223.1473435075 18.219967116252278 -24.536736397967918 -0.33241675318229458 612.59336952537524 0.0015368322352993723 -0.0010127790793465043 0.00056540161651021689 0
2054 1 1 226886400 -108129279.99793921 -103175197.58784246 -3525418.4447444179 18.595076488925457 -24.18543120625063 -0.32024464511922329 612.58876815603537 0.0017979735353843729 -0.0011775410983350294 0.00067913838017562538 0
2055 1 1 226972800 -106506732.91455504 -105249456.28521536 -3552560.1770594832 18.962619000355613 -23.828972647369699 -0.30802931795993971 612.5834403744351 0.0020608748750415937 -0.0013387604923269017 0.00079784541082919081 0
2056 1 1 227059200 -104852758.56997301 -107292700.85777283 -3578644.7784837359 19.322552798195439 -23.467541693142522 -0.29577467166214527 612.57738647888448 0.0023245240593957155 -0.0014949922657446154 0.000920766536833438 0
2057 1 1 227145600 -103168015.99982332 -109304509.4558049 -3603669.0200979603 19.674840605493806 -23.101317839961222 -0.28348460070069836 612.57060868215899 0.0025884287880438826 -0.0016453151968081417 0.001047350960645633 0
2058 1 1 227232000 -101453167.26765639 -111284475.67092642 -3627630.009332824 20.01944958995243 -22.730479016947683 -0.27116299525495918 612.56311108726641 0.0028521966455190956 -0.0017890305382315707 0.001177102852045282 0
2059 1 1 227318400 -99708877.083890766 -113232208.39870209 -3650525.1882855478 20.356351314008123 -22.355201553745548 -0.25881370069364812 612.55489801327587 0.0031162826033024889 -0.0019261402124987712 0.0013099853880674773 0
2060 1 1 227404800 -97935812.429139704 -115147331.6985326 -3672352.3284457452 20.685521628413266 -21.975660111636738 -0.24644050329832701 612.54597349227629 0.0033805227547835455 -0.0020563094229771256 0.0014456836645561732 0
2061 1 1 227491200 -96134642.19207859 -117029484.64407837 -3693109.5269059357 21.006940492315859 -21.592027568500423 -0.23404715403317655 612.53634228795545 0.0036446868225520086 -0.0021792427454277704 0.0015838668620365632 0
2062 1 1 227577600 -94306036.820588052 -118878321.16558528 -3712795.2035994665 21.320591826386504 -21.204474933125642 -0.22163737850991116 612.52601025019464 0.0039082664358474125 -0.0022945425062783097 0.0017240606845745513 0
2063 1 1 227664000 -92450667.986367226 -120693509.88455603 -3731408.0998966764 21.626463358630581 -20.813171260782791 -0.20921489254489892 612.51498483269165 0.0041707024651050778 -0.0024018568668476444 0.0018657636810145762 0
2064 1 1 227750400 -90569208.259569734 -122474733.94340321 -3748947.2766847941 21.924546563359439 -20.418283631015118 -0.19678336440442476 612.50327373263849 0.0044322779464539622 -0.0025014061239131274 0.0020089703382562499 0
2065 1 1 227836800 -88662330.787045732 -124221690.83426248 -3765412.1083401479 22.214836591460333 -20.019977120968452 -0.1843463862912067 612.49088377383271 0.0046930820361651016 -0.0025933113198451487 0.0021535217183561023 0
2066 1 1 227923200 -86730708.982725143 -125934092.22188176 -3780802.2777715633 22.497332071625124 -19.618414704127737 -0.17190751661417425 612.47782241082757 0.004952479498152103 -0.0026772955236903685 0.0022989014999047035 0
2067 1 1 228009600 -84775016.235240117 -127611663.7580633 -3795117.7748568812 22.772034942925163 -19.213757175560868 -0.15947030130296083 612.46409857921947 0.0052099175400717145 -0.0027531828612739305 0.0024446437246831544 0
2068 1 1 228096000 -82795925.627775997 -129254144.89130409 -3808358.8956354079 23.038950304862567 -18.806163095059123 -0.14703828733170798 612.44972320537556 0.0054643646897919017 -0.0028205821579532463 0.0025900487958024397 0
2069 1 1 228182400 -80794109.671358749 -130861288.67142577 -3820526.2429375909 23.298086293508419 -18.395788748847202 -0.13461502358808941 612.43470923456721 0.0057152394164092339 -0.0028794055191294901 0.0027346555042437157 0
2070 1 1 228268800 -78770240.045139134 -132432861.553094 -3831620.7252351199 23.54945401390609 -17.982788145064564 -0.12220403376534621 612.41907059899086 0.0059621502754222287 -0.0029296991815296386 0.0028781111225957431 0
2071 1 1 228355200 -76724987.343997434 -133968643.19815776 -3841643.5539247855 23.793067443032321 -17.567312993913209 -0.10980880479791183 612.40282180923361 0.0062048144290041225 -0.0029715862145450471 0.0030201310684195648 0
2072 1 1 228441600 -74659020.834966809 -135468426.27613607 -3850596.2398757841 24.028943322215508 -17.149512684531647 -0.097432781740594387 612.38597779209761 0.0064429596504831247 -0.0030052090179306058 0.0031604458419066512 0
2073 1 1 228528000 -72573008.223281264 -136932016.26265365 -3858480.5897589759 24.257101044341209 -16.72953426195059 -0.085079366554245126 612.36855386909815 0.0066763247787492682 -0.0030307269780715787 0.0032988007393632765 0
2074 1 1 228614400 -70467615.428059876 -138359231.23606646 -3865298.7022616635 24.477562543555809 -16.307522408184642 -0.072751916691680255 612.35056572542317 0.0069046599416056368 -0.0030483143992039792 0.0034349554915886009 0
2075 1 1 228700800 -68343506.36743547 -139749901.67261282 -3871052.9641850591 24.690352186962766 -15.883619426991306 -0.060453743795843853 612.33202938071565 0.0071277266919446613 -0.0030581586455736749 0.0035686838916568027 0
2076 1 1 228787200 -66201342.752951317 -141103870.24040031 -3875746.0464342055 24.895496668385402 -15.457965232150334 -0.048188112513698492 612.3129611615642 0.0073452980495420849 -0.0030604585225917267 0.0036997733308674454 0
2077 1 1 228873600 -64041783.893045627 -142420991.59252822 -3879380.8999104789 25.093024904268464 -15.030697339121046 -0.035958239425555136 612.29337767546406 0.0075571585562792974 -0.0030554228846196435 0.0038280243724977871 0
2078 1 1 228960000 -61865486.505435079 -143701132.15962851 -3881960.7513164026 25.28296793176947 -14.601950859926131 -0.023767292086966534 612.2732957862429 0.0077631041100392406 -0.0030432693403645 0.0039532502671979913 0
2079 1 1 229046400 -59673104.538207561 -144944169.94209915 -3883489.0988826407 25.46535880908834 -14.171858501110824 -0.011618388184315181 612.25273259092376 0.0079629418981651007 -0.0030242231397471244 0.0040752764670896101 0
2080 1 1 229132800 -57465288.999427207 -146149994.30228895 -3883969.7080267142 25.640232518095143 -13.7405505646297 0.00048540520176551907 612.23170539770717 0.0081564903343002391 -0.0029985161529670823 0.004193940162121902 0
2081 1 1 229219200 -55242687.795052215 -147318505.75687921 -3883406.6069526682 25.807625869279207 -13.308154951510023 0.012541072226712451 612.2102317051947 0.0083435787827453155 -0.0029663859508366804 0.0043090897732715227 0
2082 1 1 229305600 -53005945.574963942 -148449615.76969767 -3881804.0822007335 25.967577409051046 -12.874797168147113 0.024545648811163046 612.18832918275677 0.0085240474605015205 -0.0029280750009894889 0.0044205845095365284 0
2083 1 1 229392000 -50755703.586901784 -149543246.5451839 -3879166.6741553824 26.120127329431675 -12.440600335088876 0.036496223074524159 612.16601565181509 0.0086977472541636333 -0.0028838299330234953 0.0045282938904361563 0
2084 1 1 229478400 -48492599.538097821 -150599330.82271683 -3875499.17252002 26.265317380137223 -12.005685198161041 0.048389935675147558 612.14330906815599 0.0088645394892052105 -0.0028339008082153179 0.0046320972950510929 0
2085 1 1 229564800 -46217267.464403108 -151617811.67199883 -3870806.6117660934 26.403190783072258 -11.570170141798949 0.060223980062615375 612.12022750516121 0.0090242957445877126 -0.0027785405659246257 0.0047318835137323129 0
2086 1 1 229651200 -43930337.606697641 -152598642.28968298 -3865094.2665641289 26.533792149239193 -11.134171204450858 0.071995602644322851 612.09678913790242 0.0091768976242861226 -0.0027180044170139082 0.0048275502951701313 0
2087 1 1 229737600 -41632436.294374824 -153541785.79741514 -3858367.6472038361 26.657167398059681 -10.697802095916494 0.083702102874022036 612.07301222811532 0.009322236513783751 -0.0026525493431218124 0.0049190039650054704 0
2088 1 1 229824000 -39324185.835692413 -154447215.04145324 -3850632.4950094847 26.77336367911504 -10.261174216496643 0.09534083327419908 612.04891510978132 0.0094602134764034777 -0.0025824336256454381 0.0050061590827530037 0
2089 1 1 229910400 -37006204.414780796 -155314912.39401525 -3841894.7777563315 26.882429296291349 -9.8243966778261491 0.10690919938638475 612.0245161754425 0.0095907389387077258 -0.0025079163887255047 0.0050889379660035913 0
2090 1 1 229996800 -34679105.995102309 -156144869.55649459 -3832160.6850945293 26.984413634302435 -9.3875763252668349 0.11840465965156015 611.99983386340421 0.0097137324301254015 -0.0024292571655068419 0.0051672703511923268 0
2091 1 1 230083200 -32343500.229156408 -156937087.36467463 -3821436.6239856603 27.079367087590771 -8.9508177617497502 0.12982472523904143 611.97488664545233 0.0098291224610218067 -0.0023467155740923757 0.0052410931096641567 0
2092 1 1 230169600 -29999992.374225792 -157691575.59606031 -3809729.2141563287 27.167340991577902 -8.5142233729534649 0.14116695982053498 611.94969301519484 0.0099368461886651608 -0.0022605509318618664 0.0053103498562821943 0
2093 1 1 230256000 -27649183.213961955 -158408352.77944082 -3797045.2835736619 27.248387556243632 -8.0778933537070028 0.15242897929212879 611.92427147697663 0.010036849337144438 -0.0021710219446780953 0.0053749906768967614 0
2094 1 1 230342400 -25291668.985609643 -159087446.00678074 -3783391.863946659 27.322559802007035 -7.6419257355151862 0.16360845145360134 611.89864053528129 0.010129085864094119 -0.0020783863868985117 0.0054349718299263163 0
2095 1 1 230428800 -22928041.31267339 -159728890.74753523 -3768776.1862570178 27.389911497870862 -7.2064164151060535 0.1747030956484619 611.87281868471064 0.01021351779490489 -0.0019829008303409732 0.0054902555009277735 0
2096 1 1 230515200 -20558887.142831061 -160332730.66547254 -3753205.6763225854 27.450497101808846 -6.7714591839090845 0.18571068236788874 611.84682440033725 0.010290115029366442 -0.0018848204137454972 0.0055408095237885731 0
2097 1 1 230601600 -18184788.690902732 -160899017.43807989 -3736687.9503966006 27.504371703354902 -6.3371457583685951 0.19662903281977887 611.82067612851768 0.010358855112152912 -0.0017843985563530322 0.0055866071389809582 0
2098 1 1 230688000 -15806323.386685897 -161427810.5786218 -3719230.8108053165 27.551590968355193 -5.9035658110018385 0.20745601847295772 611.79439227813316 0.01041972301747811 -0.0016818867239092299 0.0056276268174387609 0
2099 1 1 230774400 -13424063.827472216 -161919177.26091021 -3700842.2416260196 27.592211085847818 -5.4708070021225073 0.21818956057599787 611.76799121219301 0.010472710965082302 -0.0015775342209717073 0.0056638520040340487 0
2100 1 1 230860800 -11038577.735063072 -162373192.14684239 -3681530.4044077159 27.626288717032882 -5.0389550121529059 0.22882762965379602 611.74149123974234 0.010517818246436736 -0.0014715880171160274 0.0056952709682830159 0
2101 1 1 230947200 -8650427.9171054307 -162789937.21675265 -3661303.6339359027 27.653880946288446 -4.608093574445836 0.23936824498975751 611.71491060805408 0.010555051015388128 -0.0013642925270886291 0.0057218766293063847 0
2102 1 1 231033600 -6260172.2325730817 -163169501.60261953 -3640170.4340427509 27.675045234191852 -4.1783045085443504 0.2498094740933039 611.68826749508935 0.010584422137909234 -0.0012558894551042471 0.0057436663967967054 0
2103 1 1 231120000 -3868363.5612217546 -163511981.42416313 -3618139.4734638082 27.689839372499989 -3.7496677538113845 0.26014943215565828 611.6615800022322 0.010605950958541957 -0.0011466175982028503 0.0057606420221328735 0
2104 1 1 231206400 -1475549.776850994 -163817479.6278612 -3595219.5817420692 27.698321441045827 -3.3222614033642572 0.27038628149903871 611.63486614723672 0.010619663177801256 -0.0010367127068943239 0.0057728094932724778 0
2105 1 1 231292800 917726.2757912681 -164086105.82890889 -3571419.745179777 27.700549766509727 -2.8961617382570575 0.28051823102196011 611.60814385732135 0.010625590661109999 -0.00092640735158839574 0.0057801789097466283 0
2106 1 1 231379200 3310926.800621056 -164317976.15614 -3546749.1028384166 27.696582883015108 -2.4714432618486848 0.2905435356385298 611.58143096248625 0.010623771271005918 -0.00081593074863936922 0.005782764351697149 0
2107 1 1 231465600 5703519.0665035527 -164513213.09992385 -3521216.9425870972 27.68647949450861 -2.0481787343040754 0.30046049572209427 611.55474518890935 0.010614248747147047 -0.0007055086620060113 0.0057805838680877767 0
2108 1 1 231552000 8094975.4203633862 -164671945.3630468 -3494832.6971987309 27.670298438877438 -1.6264392071788984 0.31026745655162041 611.52810415242629 0.010597072531419139 -0.00059536325972147242 0.0057736593245406214 0
2109 1 1 231638400 10484773.297267912 -164794307.71458414 -3467605.9404941476 27.648098653755468 -1.2062940580362358 0.31996280775910479 611.50152535216569 0.010572297623016086 -0.00048571298916860511 0.0057620163711567824 0
2110 1 1 231724800 12872395.227627497 -164880440.84676164 -3439546.3835334028 27.619939143973436 -0.78781102505142453 0.32954498278960642 611.47502616421286 0.010539984425726826 -0.00037677245993712998 0.0057456844200726694 0
2111 1 1 231811200 15257328.841652995 -164930491.23480615 -3410663.8708533025 27.585878950610905 -0.37105624156414568 0.33901245837040839 611.44862383528846 0.010500198650864689 -0.00026875234760479107 0.0057246965729500637 0
2112 1 1 231897600 17639066.871206831 -164944610.99977756 -3380968.376750493 27.545977121603041 0.043905729461286624 0.34836375398806529 611.42233547645947 0.010453011157913123 -0.00016185929172616705 0.0056990895804441884 0
2113 1 1 231984000 20017107.149180036 -164922957.7743713 -3350470.0016091624 27.500292683856138 0.457011861106765 0.35759743137949229 611.39617805685839 0.010398497848255629 -5.629577887729445e-05 0.0056689038403599434 0
2114 1 1 232070400 22390952.606523592 -164865694.57168263 -3319178.9682720322 27.448884616828376 0.8682006283373962 0.366712094038737 611.37016839736259 0.010336739533744713 4.7739958441744181e-05 0.0056341833822783037 0
2115 1 1 232156800 24760111.267059073 -164772989.65691155 -3287105.6184531273 27.391811827533843 1.2774119740330925 0.37570638674440576 611.34432316417474 0.010267821857795742 0.00015005401059499135 0.0055949759225956981 0
2116 1 1 232243200 27124096.240189295 -164645016.4219954 -3254260.4091904853 27.329133126922439 1.6845872752462141 0.38457899510584126 611.31865886235619 0.010191835133437029 0.00025045690602409817 0.0055513328221012837 0
2117 1 1 232329600 29482425.711626105 -164481953.2631439 -3220653.9093375774 27.260907207592808 2.0896693097144055 0.39332864512126609 611.29319182935672 0.010108874271601861 0.00034876369463695677 0.0055033090659289885 0
2118 1 1 232416000 31834622.932248905 -164283983.46125782 -3186296.7960919426 27.187192622802367 2.492602222651505 0.40195410276128563 611.26793822835248 0.010019038706939822 0.00044479402914478498 0.0054509633794080931 0
2119 1 1 232502400 34180216.205204032 -164051295.06520188 -3151199.8515585088 27.108047766729079 2.893331493838831 0.41045417358065345 611.24291404141002 0.0099224322908023199 0.00053837223479177897 0.0053943582466482601 0
2120 1 1 232588800 36518738.871351279 -163784080.77790877 -3115373.9593455605 27.023530855944198 3.2918039050439614 0.41882770235009703 611.2181350625317 0.0098191632251740379 0.00062932745279781113 0.0053335599327688299 0
2121 1 1 232675200 38849729.293160625 -163482537.84528244 -3078830.1011915426 26.933699912054131 3.6879675077828145 0.42707357271273788 611.19361689056598 0.0097093439413975906 0.00071749366271104699 0.005268638554638343 0
2122 1 1 232761600 41172730.837158144 -163146867.94787157 -3041579.3536202707 26.83861274547322 4.0817715914387067 0.43519070686950162 611.16937492193199 0.0095930910582266073 0.00080270977613932173 0.00519966816054236 0
2123 1 1 232848000 43487291.855017647 -162777277.09528202 -3003632.884622097 26.738326940292918 4.473166651761634 0.44317806529334541 611.14542434309476 0.0094705253194690992 0.00088481973713156132 0.0051267268039473712 0
2124 1 1 232934400 45792965.663390979 -162373975.52329287 -2965001.950358503 26.63289984020934 4.8621043597593498 0.45103464647260999 611.12178012279298 0.0093417715517272286 0.00096367258361627743 0.0050498966296061067 0
2125 1 1 233020800 48089310.522566728 -161937177.59364405 -2925697.8918875637 26.522388535469531 5.2485375309932261 0.45875948668504951 611.09845700404207 0.0092069585797733243 0.0010391225444926011 0.0049692639688920064 0
2126 1 1 233107200 50375889.614043869 -161467101.69645798 -2885732.1319075781 26.406849850801994 5.6324200952926615 0.46635165980319043 611.07546949587709 0.0090662192066708336 0.0011110291232396482 0.0048849194401472899 0
2127 1 1 233193600 52652271.017103955 -160963970.15525994 -2845116.1715160571 26.286340334300416 6.0137070668956527 0.47381027713432244 611.05283186476106 0.0089196901860622829 0.0011792571632147709 0.0047969580887739678 0
2128 1 1 233280000 54918027.684462838 -160428009.13455924 -2803861.5869809603 26.160916247224609 6.3923545150248327 0.48113448729673358 611.03055812567084 0.0087675121902344652 0.0012436769335263903 0.0047054795123285748 0
2129 1 1 233366400 57172737.417079583 -159859448.54995447 -2761980.0265211058 26.030633554687341 6.7683195349095238 0.4883234761314133 611.00866203282874 0.0086098298121668557 0.0013041642275661658 0.0046105879980316671 0
2130 1 1 233452800 59415982.838198036 -159258521.98072082 -2719483.2070925687 25.89554791719792 7.1415602192613736 0.49537646665207707 610.98715707001577 0.0084467915771318253 0.0013606004585947533 0.0045123926843928129 0
2131 1 1 233539200 61647351.366693325 -158625466.58484423 -2676382.9111777917 25.755714683025719 7.512035630206106 0.50229271903172201 610.96605644055933 0.0082785498934314743 0.0014128727211762263 0.0044110076897369618 0
2132 1 1 233625600 63866435.189793304 -157960523.01646 -2632690.9835740672 25.611188881361759 7.8797057716766865 0.50907153063352595 610.94537305681877 0.0081052611759061706 0.0014608738973402632 0.0043065523743630544 0
2133 1 1 233712000 66072831.235242784 -157263935.34565595 -2588419.3281772193 25.462025216255181 8.2445315622779205 0.51571223608924954 610.92511952904647 0.0079270858810251924 0.0015045027924795566 0.0041991515143849044 0
2134 1 1 233798400 68266141.142975941 -156535950.98060027 -2543579.9047566908 25.308278061288448 8.6064748086224352 0.5222142074202758 610.90530815377349 0.0077441885542577282 0.0015436642100673679 0.0040889355143207051 0
2135 1 1 233884800 70445971.236359939 -155776820.59195247 -2498184.7257182356 25.150001454968084 8.9654981791376311 0.52857685420356171 610.8859509016479 0.0075567379258754293 0.0015782690621278783 0.0039760406163952683 0
2136 1 1 233971200 72611932.49307017 -154986798.0395171 -2452245.8528501065 24.987249096811443 9.3215651783520173 0.5347996237902799 610.86705940455704 0.0073649070598788974 0.0016082345308973498 0.0038606092198777359 0
2137 1 1 234057600 74763640.515657067 -154166140.30109787 -2405775.3940477753 24.82007434410718 9.6746401216637068 0.54088200158343491 610.84864494194255 0.0071688735055638773 0.0016334842118011961 0.0037427901731192726 0
2138 1 1 234144000 76900715.501860976 -153315107.40351129 -2358785.5000123824 24.648530209323422 10.024688110588356 0.54682351136705321 610.83071842638446 0.0069688194464139408 0.0016539482506073219 0.0036227390191924764 0
2139 1 1 234230400 79022782.214730203 -152433962.35571814 -2311288.3609183743 24.472669358144959 10.371675008491124 0.55262371569324786 610.81329038832848 0.0067649319298046622 0.0016695635526322327 0.0035006183691923282 0
2140 1 1 234316800 81129469.95259653 -151522971.08403033 -2263296.2030449142 24.292544108120353 10.715567416804047 0.55828221633260411 610.79637095986516 0.0065574030790843873 0.0016802739618367317 0.0033765982248567857 0
2141 1 1 234403200 83220412.518958986 -150582402.36935204 -2214821.2853657044 24.108206427902111 11.056332651730893 0.56379865478767865 610.77996985748416 0.0063464303964440635 0.0016860305253587574 0.0032508563598248382 0
2142 1 1 234489600 85295248.192326725 -149612527.78641224 -2165875.8960916786 23.919707937052902 11.393938721441421 0.56917271286901872 610.76409636387632 0.0061322169234428424 0.0016867917333539607 0.0031235786419490799 0
2143 1 1 234576000 87353619.696069419 -148613621.64494577 -2116472.3491612598 23.727099906402117 11.728354303756243 0.57440411333465247 610.74875930870849 0.0059149716055020675 0.0016825238411061509 0.0029949594336512795 0
2144 1 1 234662400 89395174.168184087 -147585960.93282357 -2066622.9807488152 23.530433255530244 12.059548723312826 0.57949261870214275 610.73396711094188 0.0056949094616404036 0.0016732011771067479 0.0028652019472615656 0
2145 1 1 234748800 91419563.132250085 -146529825.26072747 -2016340.1451019631 23.329758597231233 12.3874919428821 0.58443805600927468 610.71972696589683 0.0054728292135168529 0.0016589780802175507 0.0027348398106893778 0
2146 1 1 234835200 93426442.474281877 -145445496.80688861 -1965636.2071174027 23.125126306480112 12.712154564393437 0.58924035457688551 610.70604358478022 0.0052497349187509224 0.0016401024538941493 0.002604521497336565 0
2147 1 1 234921600 95415472.420103326 -144333260.26326424 -1914523.534707919 22.916586435754098 13.033507785229482 0.59389949779805051 610.69292076649708 0.0050253464809326878 0.0016164534878880415 0.0024741838624844827 0
2148 1 1 235008000 97386317.501776174 -143193402.78671163 -1863014.4973391141 22.704188614560948 13.351523346366656 0.59841546658300238 610.68036327644609 0.0047993780079503973 0.0015878953361362627 0.0023437693127882448 0
2149 1 1 235094400 99338646.522060156 -142026213.95272416 -1811121.4657127615 22.487982081288912 13.666173519094773 0.602788256342633 610.66837630336556 0.0045719197484855425 0.0015544065695213291 0.0022134363180494011 0
2150 1 1 235180800 101272132.52502507 -140831985.70904341 -1758856.8080325429 22.268015802867364 13.97743112512457 0.60701794491879491 610.65696326640193 0.0043441337745034328 0.0015163526501281777 0.0020839732187244355 0
2151 1 1 235267200 103186452.77507681 -139611012.3280282 -1706232.8815359678 22.044338480552788 14.28526952066105 0.61110469317727234 610.64612575785452 0.0041161571527176949 0.0014737669020705704 0.0019555581057822424 0
2152 1 1 235353600 105081288.7287793 -138363590.36308852 -1653262.028524657 21.81699844883078 14.589662542190641 0.61504868272030477 610.63586550514106 0.0038878857891605232 0.0014265976591882887 0.0018282300370820411 0
2153 1 1 235440000 106956326.00297588 -137090018.60813966 -1599956.5747638058 21.586043681236838 14.890584488269473 0.61885011759411268 610.62618432677459 0.0036594000080956207 0.0013748630879060304 0.0017021457017194366 0
2154 1 1 235526400 108811254.34449995 -135790598.05820841 -1546328.8270771084 21.35152180471221 15.188010105020204 0.62250923128873403 610.61708392973071 0.0034307061686240448 0.0013185583257921513 0.0015774282120462253 0
2155 1 1 235612800 110645767.59960528 -134465631.87184712 -1492391.0712155886 21.113480084827053 15.481914560905242 0.62602627708869085 610.60856626024304 0.0032017361483876292 0.0012576538848806992 0.0014541713406548569 0
2156 1 1 235699200 112459563.68554011 -133115425.33430214 -1438155.5686699543 20.871965520992152 15.772273467411553 0.62940157890842807 610.60063178582175 0.0029735525542764043 0.0011925998469674026 0.0013330981931325295 0
2157 1 1 235785600 114252344.56909066 -131740285.81933805 -1383634.5498402142 20.627024815400556 16.059062849571347 0.63263551112733007 610.59328016265238 0.0027456655358356679 0.001123232707802863 0.0012140731451540036 0
2158 1 1 235872000 116023816.2355772 -130340522.75640152 -1328840.2127405365 20.378704306077257 16.342259101923641 0.63572845900927222 610.58651157978704 0.0025182874406242959 0.0010496933474718202 0.0010973591324738351 0
2159 1 1 235958400 117773688.6612066 -128916447.59783308 -1273784.7200485719 20.127050038712348 16.621839002099069 0.63868085581850453 610.58032548986341 0.0022916923886166212 0.0009721786214589097 0.00098325272268732903 0
2160 1 1 236044800 119501675.78877538 -127468373.78595924 -1218480.1946244256 19.872107793747677 16.897779708841234 0.64149319282498973 610.57472018707062 0.0020663926632054365 0.00089103050376372866 0.00087216631756872583 0
2161 1 1 236131200 121207495.50500496 -125996616.72061555 -1162938.7145515862 19.613923075981816 17.170058744461947 0.64416600977091154 610.56969308811495 0.0018424866831068952 0.00080645019434291969 0.00076429496860125053 0
2162 1 1 236217600 122890869.6153657 -124501493.72887544 -1107172.3098122133 19.352541103196259 17.43865397763398 0.64669988474061713 610.56524103035383 0.0016205165347888575 0.00071888966148169321 0.00066003311854648087 0
2163 1 1 236304000 124551523.82869191 -122983324.03122956 -1051192.9550894436 19.088007090921494 17.70354374539539 0.64909555146337516 610.56135510797355 0.0014041708530652505 0.00063033895981681786 0.00056108060647834372 0
2164 1 1 236390400 126189187.77193943 -121442428.69432074 -995012.55053500901 18.820366520346791 17.964706975915753 0.65135399744835376 610.55801583378729 0.0011970370124220885 0.00054288579481605423 0.00046895960823015593 0
2165 1 1 236476800 127803594.99465235 -119879130.58865823 -938642.90837910981 18.549664576927221 18.22212292000766 0.65347621175705983 610.55520357391083 0.0009975576011887078 0.00045625282942516997 0.00038294510527366943 0
2166 1 1 236563200 129394482.96970248 -118293754.34841651 -882095.74300906854 18.275947494093362 18.475771786428865 0.6554637075981945 610.55287401952319 0.00082922662783753301 0.00038216519679848209 0.00031219176927329054 0
2167 1 1 236649600 130961593.39224234 -116686626.19107291 -825382.54849677929 17.999267593900292 18.72563709249085 0.65732034383454141 610.55086709509078 0.00074775716786785172 0.00034732097667999369 0.00027655298034806624 0
2168 1 1 236736000 132504672.60102107 -115058073.68053353 -768514.4423776716 17.719677489442997 18.971702968138047 0.65905001257259543 610.54901273120231 0.00070490493668201842 0.00033032379644736042 0.00025663829576485169 0
2169 1 1 236822400 134023471.19729003 -113408425.86385718 -711502.31382348912 17.437223930575236 19.213951258025869 0.66065439135556014 610.54724232940862 0.00067934953150444884 0.00032176501185100039 0.0002441255715716929 0
2170 1 1 236908800 135517743.70973629 -111738013.39405508 -654356.94705061568 17.151951349542006 19.452363044278119 0.66213432685095397 610.54552498977091 0.00066124455856134861 0.00031671593572436417 0.00023478428721115515 0
2171 1 1 236995200 136987248.44256279 -110047168.57805462 -597089.07565474324 16.863902782723112 19.686918990742459 0.66349017907679453 610.54385136190785 0.00064399471724543237 0.00031177009188362192 0.0002259491826936921 0
2172 1 1 237081600 138431747.389 -108336225.39525466 -539709.40945413674 16.573120825690843 19.917599849150044 0.6647222368787683 610.54221570033712 0.0006306913453150815 0.00030893532766689149 0.00021899326082585252 0
2173 1 1 237168000 139851006.22749621 -106605519.4718537 -482228.6270260606 16.279648097342907 20.144386688325298 0.6658308908854893 610.54060741099852 0.0006207204090298348 0.00030793661083910789 0.00021354508810895944 0
2174 1 1 237254400 141244794.29862976 -104855388.0698531 -424657.37849653262 15.983526688200532 20.36726052908779 0.6668163821374935 610.53902200913456 0.00061084628739881423 0.00030674702572743999 0.00020812542743443011 0
2175 1 1 237340800 142612884.55668449 -103086170.09418875 -367006.29952347238 15.68479824021162 20.586202368215478 0.66767884108581421 610.53745977464337 0.00060108329719285776 0.00030537799320096544 0.00020273894181835214 0
2176 1 1 237427200 143955053.54626074 -101298206.08588935 -309286.01406341611 15.383504220850156 20.801193333700454 0.66841840742581649 610.5359205842442 0.00059143914031902335 0.00030383695757092114 0.00019738533090510912 0
2177 1 1 237513600 145271081.3866818 -99491838.21180886 -251507.13402589146 15.079685912158602 21.012214660651306 0.66903522009366567 610.53440432545256 0.00058190555103515551 0.00030211975428958885 0.00019205554777259907 0
2178 1 1 237600000 146560751.75630823 -97667410.255937427 -193680.25942756524 14.773384419490201 21.219247678927534 0.66952941570612456 610.53291093644611 0.0005725036338586274 0.00030024561670757789 0.00018675724812444418 0
2179 1 1 237686400 147823851.87892941 -95825267.610355675 -135815.97763689328 14.464640720244253 21.422273844746076 0.66990115924632054 610.53143947602518 0.00056369585711316713 0.00029872181539055092 0.00018185499775528642 0
2180 1 1 237772800 149060172.51443258 -93965757.263388559 -77924.860065831352 14.153495684246593 21.621274740217729 0.6701506464948076 610.52998791673394 0.0005555862534212864 0.00029764495294308714 0.00017736052583751787 0
2181 1 1 237859200 150269507.94680837 -92089227.792518094 -20017.462113026642 13.83999000506417 21.816231981094685 0.67027804283993608 610.52855503510705 0.00054766957117173055 0.00029651569694165848 0.0001728959018916031 0
2182 1 1 237945600 151451655.96784222 -90196029.363318965 37895.673394177596 13.524164201185526 22.007127200357552 0.67028348269730176 610.52714059456775 0.00053989260602637452 0.00029530193399930496 0.0001684382647736619 0
2183 1 1 238032000 152606417.86450711 -88286513.726227611 95804.015152508437 13.206058662059439 22.193942076069977 0.67016709802973018 610.52574450449731 0.00053216867866773081 0.00029394353511957893 0.000163955791841642 0
2184 1 1 238118400 153733598.40830898 -86361034.213062182 153697.04313513369 12.885713663601011 22.376658324896237 0.66992901898237778 610.52436674665853 0.0005245329567590449 0.00029246882373322008 0.00015946084139917136 0
2185 1 1 238204800 154833005.84645191 -84419945.733691975 211564.24860523597 12.563169387043152 22.555257699326717 0.6695693764573637 610.52300722696737 0.0005169922990742264 0.00029088482577895134 0.00015495442789297171 0
2186 1 1 238291200 155904451.89395869 -82463604.773431033 269395.13410688448 12.23846592626051 22.729721976624329 0.66908830054979651 610.5216658599885 0.00050953588954662894 0.00028918441982690257 0.00015043192275664133 0
2187 1 1 238377600 156947751.72653842 -80492369.391302392 327179.21336457232 11.911643297644984 22.900032949663988 0.6684859198929185 610.52034260678738 0.00050214614312453672 0.00028735294564984505 0.0001458855637024891 0
2188 1 1 238464000 157962723.97440708 -78506599.219008222 384906.01115746755 11.582741452596457 23.066172420087156 0.66776236190523419 610.51903746208427 0.00049482090280771203 0.000285388481580086 0.00014131404843814363 0
2189 1 1 238550400 158949190.71729881 -76506655.460377112 442565.06326106383 11.251800292072682 23.228122193675652 0.66691775387829977 610.51775039877305 0.00048757407614145713 0.00028330418349083056 0.0001367227344597748 0
2190 1 1 238636800 159906977.48064196 -74492900.891282871 500145.91644164949 10.918859678011424 23.385864073103882 0.66595222270235421 610.51648138238795 0.00048039664128186877 0.00028109171529692832 0.00013210739461328003 0
2191 1 1 238723200 160835913.2326341 -72465699.860263973 557638.12838936015 10.583959444537856 23.539379850647443 0.66486589447781763 610.51523039336053 0.00047329027740199332 0.00027875271324122357 0.00012746853352135223 0
2192 1 1 238809600 161735830.38242835 -70425418.289632529 615031.26767533273 10.247139411356375 23.6886513031241 0.66365889499115516 610.51399740476586 0.00046625734965306586 0.00027628957414354877 0.00012280696165289286 0
2193 1 1 238896000 162606564.77942714 -68372423.677057445 672314.91372646415 9.9084393962620076 23.8336601861993 0.6623313497550688 610.51278238217412 0.00045930020053203526 0.00027370478713966372 0.00011812352149591716 0
2194 1 1 238982400 163447955.71366251 -66307085.097627096 729478.65680388175 9.5678992277877111 23.974388228993103 0.66088338405793312 610.51158528356518 0.00045242107210593369 0.00027100084898799853 0.00011341903856588487 0
2195 1 1 239068800 164259845.91727573 -64229773.20636487 786512.09798602038 9.2255587579986607 24.110817129003809 0.65931512302526241 610.51040605904109 0.00044562240469575045 0.00026818060964217043 0.00010869446082294962 0
2196 1 1 239155200 165042081.56711572 -62140860.241160095 843404.84916085424 8.8814578756607609 24.242928547620316 0.65762669179003841 610.50924464491857 0.00043890897682439216 0.00026524983346144771 0.00010395174690557894 0
2197 1 1 239241600 165794512.28847003 -60040720.026086688 900146.53302810248 8.5356365190219456 24.3707041053305 0.65581821544134422 610.50810097021156 0.000432279637097232 0.00026220747346362034 9.9190294315846004e-05 0
2198 1 1 239328000 166516991.15989047 -57929727.975141108 956726.78309093369 8.1881346888015489 24.494125377310834 0.65388981902232801 610.50697496150235 0.00042573640229621063 0.00025905622510287619 9.4410991618725228e-05 0
2199 1 1 239414400 167209374.71918193 -55808261.096307404 1013135.243663185 7.8389924618111229 24.613173889905461 0.65184162775201515 610.50586653612982 0.00041928117003335342 0.00025579875774192352 8.9614699653374556e-05 0
2200 1 1 239500800 167871522.97055662 -53676697.995932326 1069361.5698884698 7.488250004412075 24.727831117074626 0.64967376711903324 610.50477560244133 0.00041291578065115123 0.00025243779381168619 8.4802294655698406e-05 0
2201 1 1 239587200 168503299.3929587 -51535418.883392036 1125395.4277683429 7.1359475861336357 24.838078477186244 0.64738636299556751 610.50370205947684 0.00040664199969009634 0.00024897608915834069 7.9974656525786159e-05 0
2202 1 1 239673600 169104570.94957128 -49384805.576022498 1181226.4942006548 6.7821255934277636 24.943897330124937 0.64497954175969996 610.50264579667112 0.00040046152998999087 0.00024541643774435811 7.5132675881830373e-05 0
2203 1 1 239760000 169675208.09851763 -47225241.504285865 1236844.457028884 6.4268245435620841 25.045268974722692 0.64245343042700509 610.50160669352738 0.00039437600159263682 0.00024176166454403707 7.027724909876358e-05 0
2204 1 1 239846400 170215084.80476877 -45057111.717144616 1292239.0151032114 6.0700850986499413 25.142174646513748 0.63980815679080849 610.50058461929825 0.00038838697300931023 0.00023801462294580631 6.5409278023317594e-05 0
2205 1 1 239932800 170724078.55326906 -42880802.887615763 1347399.8783541054 5.7119480798183373 25.234595515817336 0.63704384957162541 610.49957943265156 0.00038249592831642108 0.00023417819244498823 6.0529669996932245e-05 0
2206 1 1 240019200 171202070.36329231 -40696703.318476312 1402316.7678792207 5.3524544815137309 25.32251268615251 0.63416063857586114 610.49859098132606 0.000376704277602539 0.00023025527950678486 5.5639337728446263e-05 0
2207 1 1 240105600 171648944.80403918 -38505202.948091164 1456979.4160444122 4.9916454859459609 25.405907192988675 0.6311586548638578 610.49761910176949 0.00037101335698457862 0.00022624881287150626 5.0739199632435477e-05 0
2208 1 1 240192000 172064590.01148951 -36306693.356334336 1511377.5665996876 4.6295624776710929 25.484760002837245 0.62803803092771515 610.49666361875575 0.00036542443648415247 0.00022216175391879696 4.5830182753691195e-05 0
2209 1 1 240278400 172448897.70651913 -34101567.770573899 1565500.9748106087 4.2662470583137857 25.559052012686855 0.62479890087050505 610.49572434498714 0.0003599386922086383 0.00021799706507447789 4.0913211063360738e-05 0
2210 1 1 240364800 172801763.21429479 -31890221.071690369 1619339.4076096143 3.9017410613751689 25.628764049788124 0.62144140072147069 610.49480108121361 0.00035455671010180213 0.00021375773246446543 3.5990475581935255e-05 0
2211 1 1 240451200 173123085.48494279 -29673049.800098885 1672882.6437998789 3.5360865669860839 25.693876871794288 0.61796566923126028 610.49389361838848 0.00034928058125683345 0.00020944676475840855 3.1060369065867335e-05 0
2212 1 1 240537600 173412767.11565778 -27450452.161742378 1726120.4739450219 3.1693259217935039 25.754371167287047 0.6143718366155555 610.49300168655373 0.00034416736691454317 0.0002050674590910561 2.5988409704761287e-05 0
2213 1 1 240624000 173670714.3744812 -25222828.034024041 1779042.6994173345 2.8015017533177744 25.810227556643415 0.61066002700156974 610.4921249570931 0.00033920474284424842 0.00020062280254315261 2.0807553172761425e-05 0
2214 1 1 240710400 173896837.22482619 -22990578.971638646 1831639.1328802714 2.4326569768515651 25.861426593546675 0.60683037957158092 610.49126313138106 0.00033434850284840787 0.00019611558834505086 1.5627563385511303e-05 0
2215 1 1 240796800 174091049.35114083 -20754108.21255032 1883899.5989741206 2.0628348167219932 25.907948758495824 0.6028830259837541 610.49041594789708 0.00032962817956896912 0.00019149605260135807 1.0321247774731893e-05 0
2216 1 3 240869669.67783931 174229980.59434554 -18864887.414472494 1927707.371039957 1.7501994419016709 25.943535492464171 0.59946249176126565 610.48971255711569 0 0 0 132
2217 1 1 240883200 174253268.18585128 -18513820.68296491 1935813.9361307654 1.6920788013665786 25.949774508453881 0.59881819329021058 610.48958304934854 0.00032471921695582229 0.00018740482812752628 6.3830833418746169e-06 0
2218 1 1 240969600 174383414.93422467 -16270122.995236998 1987372.0143458631 1.3204327361384951 25.986884361447647 0.59463639901815024 610.48876395061927 0.00031918036751865447 0.00018469634557074062 5.8228819980579369e-06 0
2219 1 1 241056000 174481414.60116687 -14023423.44676885 2038563.7502312039 0.94794080002660386 26.019258741725633 0.59033808114128661 610.48795831326936 0.00031367029954924614 0.00018209274025276888 5.6290092322739095e-06 0
2220 1 1 241142400 174547196.02780846 -11774132.034962025 2089379.0836889185 0.57464760408590043 26.046877901340569 0.58592340565779411 610.48716597953637 0.00030828307777142853 0.00017941610392505935 5.3751956830163294e-06 0
2221 1 1 241228800 174580691.92651919 -9522660.4660732895 2139807.968224281 0.2005981495832925 26.069722036656824 0.58139253238824296 610.48638679458304 0.00030300534684149743 0.00017669495382944351 5.1222760368377316e-06 0
2222 1 1 241315200 174581838.91503975 -7269422.1593059124 2189840.3717209515 -0.17416215953193159 26.08777129977366 0.57674563272556445 610.48562059699464 0.00029783699963789817 0.00017393196357681613 4.8703309847963519e-06 0
2223 1 1 241401600 174550577.5520725 -5014832.2506121313 2239466.2770561143 -0.54958749849653921 26.10100579983029 0.57198288242781392 610.48486722329835 0.00029277786930625895 0.00017112978839186254 4.6194466086918665e-06 0
2224 1 1 241488000 174486852.37435251 -2759307.5961872386 2288675.6825084831 -0.92563160520774312 26.109405608109039 0.56710446231029177 610.48412650772866 0.00028782773817212075 0.00016829106289458873 4.3697056304019859e-06 0
2225 1 1 241574400 174390611.93515509 -503266.77551007405 2337458.6022100677 -1.3022477634957927 26.112950763445319 0.56211055859075854 610.48339828219991 0.0002829863381864072 0.00016541840334474532 4.1211900464022442e-06 0
2226 1 1 241660800 174261808.84425458 1752869.906104143 2385805.0666283024 -1.6793887862767805 26.111621278107112 0.55700136324691518 610.48268237628554 0.0002782533516457588 0.00016251440526850498 3.8739808194592414e-06 0
2227 1 1 241747200 174100399.80934319 4008680.4154796298 2433705.1230795928 -2.0570069985890038 26.105397144154825 0.55177707438604562 610.48197861719405 0.0002736284096184978 0.00015958164340507992 3.6281574507984898e-06 0
2228 1 1 241833600 173906345.67892024 6263740.9901265157 2481148.8362753163 -2.4350542205163799 26.094258340292839 0.54643789662711595 610.48128682975562 0.00026911109369890008 0.00015662266960297775 3.3837985666012386e-06 0
2229 1 1 241920000 173679611.48666236 8517626.1374009512 2528126.288901404 -2.8134817500026488 26.078184839224498 0.54098404149552815 610.48060683640176 0.0002647009366760929 0.00015364001391976437 3.1409814435084542e-06 0
2230 1 1 242006400 173420166.4972823 10769908.634322871 2574627.5822325638 -3.1922403455608173 26.05715661552275 0.53541572783072666 610.47993845714996 0.00026039742353341054 0.00015063618295034349 2.8997824098651686e-06 0
2231 1 1 242092800 173127984.25388652 13020159.528096486 2620642.836782292 -3.5712802088828304 26.031153654028703 0.52973318220680499 610.47928150959387 0.0002561999894487234 0.00014761365904368833 2.6602755996742728e-06 0
2232 1 1 242179200 172803042.62683886 15267948.13737973 2666162.1929897964 -3.9505509673546113 26.000155958791009 0.52393663936640267 610.478635808896 0.00025210802232224975 0.00014457489932536766 2.4225343334199729e-06 0
2233 1 1 242265600 172445323.86413968 17512842.054349814 2711175.8119449909 -4.3300016564819677 25.964143562559432 0.51802634266821745 610.47800116778319 0.00024812086317538246 0.0001415223345318005 2.1866310944269591e-06 0
2234 1 1 242352000 172054814.64332595 19754407.147613563 2755673.8761527478 -4.7095807022339038 25.92309653684616 0.51200254454817351 610.4773773965469 0.00024423780544404405 0.00013845837058846665 1.9526368879619671e-06 0
2235 1 1 242438400 171631506.12490109 21992207.566012029 2799646.5903375908 -5.0892359033099392 25.87699500256894 0.50586550699452315 610.47676430304682 0.00024045809755540679 0.00013538538542995078 1.7206218031251706e-06 0
2236 1 1 242524800 171175394.00729972 24225805.743370313 2843084.1822900535 -5.4689144133387488 25.825819141290243 0.49961550203713234 610.47616169272248 0.00023678094193225224 0.00013230572942422755 1.490654638937693e-06 0
2237 1 1 242611200 170686478.58339268 26454762.404244687 2885976.9037559205 -5.8485627230164283 25.769549207067296 0.49325281225101125 610.47556936861179 0.00023320549411781971 0.00012922172386966002 1.2628018202629324e-06 0
2238 1 1 242697600 170164764.79853815 28678636.570720647 2928315.0313696139 -6.2281266421925876 25.708165538927947 0.48677773127457125 610.47498713137406 0.00022973086560042249 0.00012613566084627246 1.0371299632405863e-06 0
2239 1 1 242784000 169610262.31018206 30896985.570316248 2970088.867632994 -6.6075512819134445 25.641648573988121 0.48019056434276364 610.47441477932477 0.0002263561244434829 0.00012304980239719523 8.1370407793732296e-07 0
2240 1 1 242870400 169022985.54901186 33109365.045047317 3011288.7419408588 -6.9867810364318421 25.569978861226353 0.4734916288350452 610.47385210846824 0.00022308029774949711 0.00011996638099060587 5.9258701249559575e-07 0
2241 1 1 242956800 168402953.78166568 35315328.961711504 3051905.0116544645 -7.3657595651947627 25.493137075931863 0.46668125483870088 610.47329891253935 0.00021990237341242081 0.00011688760019723743 3.7384126356189142e-07 0
2242 1 1 243043200 167750191.17499736 37514429.623450525 3091928.0632243622 -7.7444297748204045 25.411104034842133 0.45975978572770332 610.47275498306226 0.00021682129296515066 0.00011381562858299634 1.5752802975170363e-07 0
2243 1 1 243129600 167064726.86190033 39706217.682650529 3131348.3133639423 -8.1227338010786756 25.323860711985649 0.45272757875701658 610.47222010945552 0.0002138359377998843 0.00011075259100459952 -5.6294264137705421e-08 0
2244 1 1 243216000 166346595.00868624 41890242.155242495 3170156.2102749976 -8.5006129908825887 25.231388255249943 0.445585005672957 610.47169407908655 0.00021094518406299573 0.00010770059695383954 -2.6756640179894448e-07 0
2245 1 1 243302400 165595834.88401964 44066050.436466001 3208342.2349267211 -8.8780078843096835 25.133668003689817 0.43833245333956311 610.47117667736939 0.00020814782964799627 0.00010466170297852266 -4.7623252008827328e-07 0
2246 1 1 243388800 164812490.92940336 46233188.318160951 3245896.902389511 -9.2548581966689856 25.0306815055926 0.43097032438110455 610.47066768791319 0.00020544264237471946 0.00010163793565587636 -6.822372605044552e-07 0
2247 1 1 243475200 163996612.83121136 48391200.007653669 3282810.7632250162 -9.6311028006230917 24.922410537321362 0.42349903784115434 610.47016689262125 0.00020282835656024238 9.8631287102490895e-05 -8.8552717532936753e-07 0
2248 1 1 243561600 163148255.59426299 50539628.148305133 3319074.4049338284 -10.00667970838713 24.808837122951648 0.4159190298582271 610.46967407182137 0.00020030366827732777 9.5643713252710073e-05 -1.086049657573424e-06 0
2249 1 1 243648000 162267479.61693156 52678013.841790751 3354678.453462272 -10.381526054021885 24.689943554720458 0.40823075435824707 610.46918900442438 0.00019786723434161491 9.2677132013390217e-05 -1.2837533225571687e-06 0
2250 1 1 243734400 161354350.7677775 54805896.672182932 3389613.5747697661 -10.755578075837155 24.565712414306429 0.40043468376396929 610.46871146806018 0.00019551769921630392 8.9733430982253591e-05 -1.4785874020489356e-06 0
2251 1 1 243820800 160408940.46369681 56922814.7319085 3423870.476458204 -11.128771098931367 24.436126594957937 0.39253130972124028 610.46824123929264 0.00019325362462916287 8.6814441888398092e-05 -1.6705050151142148e-06 0
2252 1 1 243907200 159431325.74957165 59028304.649655364 3457439.9094648217 -11.501039517885587 24.301169324488683 0.38452114384251734 610.46777809386515 0.00019107355330730348 8.3921962533685661e-05 -1.8594591390071996e-06 0
2253 1 1 243993600 158421589.37940797 61121901.620304413 3490312.6698200647 -11.872316779629216 24.160824189161278 0.37640471846787804 610.4673218068906 0.00018897599660344603 8.1057751157929023e-05 -2.0454044347360802e-06 0
2254 1 1 244080000 157379819.89894593 63203139.436963625 3522479.600471945 -12.242535366507033 24.015075158475234 0.36818258744328775 610.46687215308577 0.00018695943225695606 7.8223524635528109e-05 -2.2282970073572681e-06 0
2255 1 1 244166400 156306111.72972354 65271550.525183842 3553931.5931784092 -12.611626779571122 23.863906610878711 0.35985532691638067 610.46642890703004 0.00018502230283485153 7.5420957344240455e-05 -2.4080943384409436e-06 0
2256 1 1 244252800 155200565.25457337 67326665.979436532 3584659.5904692067 -12.979521522123582 23.707303360422749 0.35142353614980709 610.46599184343825 0.000183163018896837 7.2651680681158254e-05 -2.5847550875792634e-06 0
2257 1 1 244339200 154063286.9045288 69368015.601935849 3614654.5876787971 -13.346149083537618 23.545250684376406 0.34288783835208358 610.46556073745012 0.00018137995873047219 6.9917281601059882e-05 -2.7582401973507709e-06 0
2258 1 1 244425600 152894389.24711561 71395127.943888918 3643907.6350517985 -13.711437923386265 23.377734351821061 0.33424888152604776 610.46513536493569 0.00017967146932223047 6.7219302163791799e-05 -2.9285116896272295e-06 0
2259 1 1 244512000 151693991.07600042 73407530.349259287 3672409.8399225036 -14.07531545590914 23.204740653242567 0.3255073393349936 610.46471550281251 0.00017803586730701638 6.4559239369863615e-05 -3.0955327584198576e-06 0
2260 1 1 244598400 150462217.50196525 75404749.00113152 3700152.3689699983 -14.437708034849425 23.026256431138723 0.31666391198632887 610.46430092937999 0.00017647143978777308 6.1938543821537988e-05 -3.2592680735240978e-06 0
2261 1 1 244684800 149199200.04517511 77386308.970764101 3727126.4505503676 -14.798540938694579 22.842269111659917 0.30771932713265188 610.4638914246616 0.00017497644543472583 5.9358618836604237e-05 -3.4196843702482293e-06 0
2262 1 1 244771200 147905076.72870153 79351734.269421801 3753323.3771075173 -15.157738356356104 22.652766737299913 0.29867434079024552 610.4634867707565 0.00017354911530509596 5.6820820183306303e-05 -3.5767496595639069e-06 0
2263 1 1 244857600 146579992.1732645 81300547.903078228 3778734.5076641003 -15.515223373325318 22.457738000654018 0.28952973827490902 610.46308675220064 0.00017218765368567484 5.4326454920709292e-05 -3.730433305833092e-06 0
2264 1 1 244944000 145224097.69314668 83232271.930082142 3803351.2703940347 -15.87091795834367 22.257172279260477 0.28028633515486645 610.46269115633152 0.0001708902393586494 5.1876781333451697e-05 -3.8807063658469415e-06 0
2265 1 1 245030400 143837551.39323717 85146427.521880791 3827165.1652780916 -16.224742950627949 22.051059671540909 0.27094497822056546 610.46229977365545 0.00016965502633762677 4.9473007292749099e-05 -4.0275416217495082e-06 0
2266 1 1 245116800 142420518.26715311 87042535.026897252 3850167.7668439914 -16.576618047692556 21.83939103385481 0.2615065464712123 610.46191239821496 0.00016848014529360854 4.7116290287563905e-05 -4.1709129353792761e-06 0
2267 1 1 245203200 140973170.29638547 88920114.037657365 3872350.7269924558 -16.926461793812791 21.622158018682249 0.25197195211772516 610.46152882795263 0.00016736370460603377 4.4807737257314653e-05 -4.3107957732119709e-06 0
2268 1 1 245289600 139495686.55041268 90778683.46126537 3893705.7779106 -17.274191569174977 21.399353113948116 0.24234214160170559 610.46114886507098 0.00016630379132994563 4.2548402392087363e-05 -4.4471675049362986e-06 0
2269 1 1 245376000 137988253.28772119 92617761.59332633 3914224.7350740498 -17.619723579761068 21.170969683500203 0.23261809663013885 610.46077231638287 0.00016529847218689083 4.0339287348728329e-05 -4.5800069778800592e-06 0
2270 1 1 245462400 136451064.05766454 94436866.19541654 3933899.5003391285 -17.962972848017689 20.937002008752533 0.22280083522542038 610.46039899365155 0.00016434579472979116 3.8181340671807325e-05 -4.709294643348356e-06 0
2271 1 1 245548800 134884319.80309501 96235514.576202691 3952722.0651264042 -18.303853204360646 20.697445331504124 0.21289141279020041 610.46002871391613 0.0001634437893565886 3.6075456888865164e-05 -4.8350124997755036e-06 0
2272 1 1 245635200 133288228.96368952 98013223.676311195 3970684.5136968559 -18.642277279569107 20.452295897941926 0.20289092318657465 610.45966129980354 0.00016259046932883372 3.4022476731854189e-05 -4.9571436587498979e-06 0
2273 1 1 245721600 131663007.57989344 99769510.157051429 3987779.0265218997 -18.978156498124829 20.20155100383532 0.19280049982897426 610.45929657981787 0.00016178383213877296 3.2023185368217021e-05 -5.0756730476083997e-06 0
2274 1 1 245808000 130008879.39739631 101503890.49309485 4003997.8837483791 -19.31140107255391 19.945209040928212 0.18262131679004909 610.45893438861367 0.00016102186207034362 3.0078312351231962e-05 -5.1905876713113064e-06 0
2275 1 1 245894400 128326075.97205152 103215881.06921487 4019333.4687596671 -19.64191999883089 19.683269544532838 0.17235458991895014 610.45857456724104 0.00016030253124460635 2.8188531138721064e-05 -5.3018758991334779e-06 0
2276 1 1 245980800 126614836.77514422 104904998.28119025 4033778.2718338859 -19.969621052907076 19.415733242327914 0.16200157797128992 610.45821696337191 0.00015962379941946307 2.6354458817769963e-05 -5.409527063148457e-06 0
2277 1 1 246067200 124875409.29890905 106570758.64097746 4047324.8939002315 -20.294410788426909 19.142602104361377 0.15156358374979209 610.45786143149917 0.00015898361640702749 2.4576654968399906e-05 -5.5135324229309069e-06 0
2278 1 1 246153600 123108049.1621913 108212678.88625427 4059966.0503942678 -20.616194535697971 18.86387939425623 0.14104195525467716 610.45750783310928 0.00015837992392662509 2.2855621781000965e-05 -5.613885130065976e-06 0
2279 1 1 246240000 121313020.21614017 109830276.09444042 4071694.5752130174 -20.934876401982816 18.579569721615787 0.13043808684290781 610.45715603682913 0.00015781065676953598 2.119180366603765e-05 -5.7105797376868976e-06 0
2280 1 1 246326400 119490594.64981744 111423067.80129686 4082503.4247705378 -21.250359273182582 18.289679095621864 0.11975342039518859 610.45680591854295 0.00015727374386318639 1.9585586356056411e-05 -5.8036123553911961e-06 0
2281 1 1 246412800 117641053.09559807 112990572.12420757 4092385.6821546373 -21.562544816984374 17.994214979817112 0.10898944648955097 610.45645736148424 0.00015676711004411451 1.8037296930046997e-05 -5.8929802652534391e-06 0
2282 1 1 246499200 115764684.73423274 114532307.89024523 4101334.5613852087 -21.871333487546377 17.693186348060006 0.098147705580179698 610.45611025630137 0.00015628867818181253 1.654720311918906e-05 -5.9786830941197653e-06 0
2283 1 1 246585600 113861787.39943641 116047794.76912151 4109343.4117746083 -22.176624531796744 17.386603741637987 0.087229789180246528 610.45576450109479 0.0001558363693738598 1.5115513629396661e-05 -6.0607211588015296e-06 0
2284 1 1 246672000 111932667.68186049 117536553.41112116 4116405.7223903476 -22.478315997424144 17.074479327521082 0.076237341047307824 610.4554200014303 0.00015540810580424855 1.3742377245067697e-05 -6.1390966762223051e-06 0
2285 1 1 246758400 109977641.03229842 118998105.59011829 4122515.1266202596 -22.776304742639542 16.756826957735154 0.065172058369610902 610.45507667032723 0.00015500181181135898 1.2427882972661285e-05 -6.2138134728977341e-06 0
2286 1 1 246844800 107997031.86396831 120431974.35176934 4127665.4068401312 -23.07048644779093 16.433662229830418 0.054035692951748773 610.45473442822299 0.00015461541526231787 1.1172060122333941e-05 -6.284877282380362e-06 0
2287 1 1 246931200 105991173.65370916 121837684.16697721 4131850.4991837065 -23.36075562891401 16.105002548417009 0.042830052397967167 610.45439320291666 0.00015424685037484549 9.9748772932825834e-06 -6.3522948206381466e-06 0
2288 1 1 247017600 103960409.04191983 123214761.09071706 4135064.4984147474 -23.6470056533038 15.770867187735867 0.031557001291255507 610.45405292948988 0.00015389405851850695 8.8362432589685155e-06 -6.4160743183553664e-06 0
2289 1 1 247104000 101905089.93106166 124562732.92631164 4137301.6629007203 -23.929128757193524 15.431277355228625 0.02021846236615733 610.45371355021143 0.00015355498961718215 7.7560062747363474e-06 -6.4762257498736654e-06 0
2290 1 1 247190400 99825577.58254008 125881129.39524041 4138556.419687456 -24.207016065628437 15.086256256066342 0.0088164176733139255 610.45337501442054 0.00015322760495134586 6.733954627215858e-06 -6.5327603569259266e-06 0
2291 1 1 247276800 97722242.711770684 127169482.31256439 4138823.3696740083 -24.4805576146235 14.735829158592082 -0.0026470902664689259 610.45303727840064 0.00015290987845931485 5.7698161690379377e-06 -6.5856909914764852e-06 0
2292 1 1 247363200 95595465.581229016 128427325.76804247 4138097.2928866767 -24.749642375695171 14.380023460627793 -0.014169957320959766 610.45270030523136 0.0001525997983427215 4.8632587488833804e-06 -6.6350318237600875e-06 0
2293 1 1 247449600 93445636.091275156 129654196.31301224 4136373.1538509973 -25.01415828285834 14.018868756590885 -0.025750016620493525 610.45236406463425 0.00015229536900920225 4.0138904839569703e-06 -6.6807987913413958e-06 0
2294 1 1 247536000 91273153.868535906 130849633.15310261 4133646.1070602629 -25.273992262179988 13.652396905360852 -0.037385037449747999 610.45202853280523 0.00015199461301156859 3.2212598434745554e-06 -6.72300892703933e-06 0
2295 1 1 247622400 89078428.351619571 132013178.34683993 4129911.5025389493 -25.529030263982239 13.28064209883081 -0.049072724159978535 610.45169369223618 0.00015169557303030656 2.4848562311147796e-06 -6.7616806442607376e-06 0
2296 1 1 247708800 86861878.873930946 133144377.01020426 4125164.8914991119 -25.779157297787279 12.903640931073285 -0.060810715104595563 610.45135953152953 0.00015139631351814559 1.8041098660274144e-06 -6.7968338381707322e-06 0
2297 1 1 247795200 84623934.743344903 134242777.52718523 4119402.0320876567 -26.024257470097123 12.521432468043731 -0.072596581600998675 610.45102604520775 0.00015109492270090394 1.1783927203548323e-06 -6.8284898015279612e-06 0
2298 1 1 247881600 82365035.318490416 135307931.76638058 4112618.8952220515 -26.264214025100859 12.134058317739399 -0.084427826921757973 610.4506932335164 0.00015078951455421092 6.0701863559730277e-07 -6.8566713742261566e-06 0
2299 1 1 247968000 80085630.081387296 136339395.30367327 4104811.6705118264 -26.498909388401664 11.741562700724728 -0.096301885318275257 610.45036110221997 0.00015047823104674939 8.9244178703442796e-08 -6.8814019583387958e-06 0
2300 1 1 248054400 77786178.706171378 137336727.65101355 4095976.7722628913 -26.72822521385492 11.343992520928195 -0.10821612108034132 610.45002966239656 0.00015015924509974817 -3.7573138871788731e-07 -6.9027065662942536e-06 0
2301 1 1 248140800 75467151.123635247 138299492.49132702 4086110.8455614522 -26.95204243360855 10.941397436609011 -0.12016782763518274 610.44969893023381 0.00014983075761896525 -7.887638227684173e-07 -6.9206121352492301e-06 0
2302 1 1 248227200 73129027.581303716 139227257.91955706 4075210.7724339124 -27.170241311434307 10.53382993138513 -0.13215422668940294 610.44936892682165 0.00014949100461146688 -1.1507640814581638e-06 -6.9351462050157748e-06 0
2303 1 1 248313600 70772298.698756427 140119596.68984243 4063273.6780789448 -27.382701499437129 10.121345385206945 -0.14417246741758344 610.44903967794346 0.00014913825741028367 -1.4626980748088157e-06 -6.9463375022471148e-06 0
2304 1 1 248400000 68397465.51790157 140976086.46882102 4050296.9371675001 -27.589302098228309 9.7040021451543144 -0.15621962570155787 610.44871121386711 0.00014877082460169373 -1.7255850356653021e-06 -6.9542162622553374e-06 0
2305 1 1 248486400 66005039.547898121 141796310.09503737 4036278.1802062127 -27.789921720645069 9.2818615959271451 -0.16829270342422203 610.44838356913624 0.00014838705429394473 -1.9404961207337243e-06 -6.9588133507067886e-06 0
2306 1 1 248572800 63595542.804416485 142579855.84442303 4021215.2999593215 -27.984438559096358 8.8549882298922604 -0.18038862782203438 610.44805678236639 0.00014798533544585726 -2.1085538288695965e-06 -6.9601609355826546e-06 0
2307 1 1 248659200 61169507.842921227 143326317.70180389 4005106.4579238356 -28.172730456611259 8.4234497165419455 -0.19250425090050471 610.44773089603837 0.00014756409985439126 -2.2309303442576438e-06 -6.9582922857823609e-06 0
2308 1 1 248745600 58727477.785652503 144035295.63837919 3987950.0908523453 -28.354674981662374 7.9873169712118912 -0.20463634891694368 610.44740595630026 0.00014712182447461158 -2.3088469600703409e-06 -6.9532415170576477e-06 0
2309 1 1 248832000 56270006.341977306 144706395.89509812 3969744.91731743 -28.530149506832384 7.5466642228986229 -0.21678162193500974 610.44708201276512 0.0001466570330504432 -2.3435721615425128e-06 -6.9450441574926153e-06 0
2310 1 1 248918400 53797657.821775444 145339231.27185285 3950489.9443113157 -28.699031291386842 7.1015690810090222 -0.22893669345557646 610.44675911831564 0.00014616829774154855 -2.3364198572245185e-06 -6.933736353892989e-06 0
2311 1 1 249004800 51311007.141520575 145933421.42238504 3930184.4738739361 -28.861197567810994 6.6521126008665803 -0.24109811012857055 610.44643732891097 0.00014565424139300888 -2.2887483817406916e-06 -6.9193552531693951e-06 0
2312 1 1 249091200 48810639.822711222 146488593.15479231 3908828.1097422368 -29.016525632362207 6.1983793477913878 -0.25326234155060723 610.44611670339748 0.00014511353888120533 -2.2019589750601607e-06 -6.9019389368526307e-06 0
2313 1 1 249177600 46297151.982302964 147004380.73750287 3886420.7640130841 -29.164892939683142 5.7404574595634443 -0.26542578015314261 610.44579730332157 0.00014454491842407535 -2.0774935734941111e-06 -6.8815255644299955e-06 0
2314 1 1 249264000 43771150.314789183 147480426.21056974 3862962.6638117479 -29.306177201513449 5.2784387070711469 -0.27758474118618842 610.44547919274942 0.00014394716421992616 -1.9168330401175919e-06 -6.8581548925564652e-06 0
2315 1 1 249350400 41233252.065575071 147916379.70211917 3838454.3579574693 -29.440256489529933 4.8124185529394605 -0.28973546280253942 610.44516243808641 0.00014331911760334792 -1.7214953683702894e-06 -6.8318672085747392e-06 0
2316 1 1 249436800 38684084.995286949 148311899.74976993 3812896.723617251 -29.567009342336835 4.3424962079249498 -0.30187410624740574 610.44484710790084 0.00014265967894699992 -1.4930336343933312e-06 -6.8027034856408142e-06 0
2317 1 1 249523200 36124287.33465796 148666653.62682101 3786290.9729385278 -29.686314876618486 3.8687746848578732 -0.31399675615860684 610.44453327275278 0.00014196780847887429 -1.2330340261056475e-06 -6.7707054664159774e-06 0
2318 1 1 249609600 33554507.729630269 148980317.67298508 3758638.6596509204 -29.798052902457275 3.3913608499047285 -0.32609942098230937 610.44422100502766 0.00014124252806130576 -9.4311328959027296e-07 -6.7359149508735065e-06 0
2319 1 1 249696000 30975405.176313918 149252577.62942705 3729941.6856269175 -29.902104042808649 2.9103654709180922 -0.33817803350942321 610.44391037877233 0.00014048292275225846 -6.2491686314603178e-07 -6.6983743942858374e-06 0
2320 1 1 249782400 28387648.945444223 149483128.97784644 3700202.3073908077 -29.998349857114423 2.4259032626344328 -0.35022845153779597 610.44360146953284 0.00013968814214550981 -2.8011628496811251e-07 -6.6581271804071448e-06 0
2321 1 1 249868800 25791918.495981257 149671677.28331882 3669423.1425647787 -30.086672969023759 1.9380929284748705 -0.36224645866510796 610.44329435419775 0.00013885740140819026 8.9593105448874295e-08 -6.615216774132785e-06 0
2322 1 1 249955200 23188903.377498314 149817938.54059395 3637607.176240704 -30.166957198178331 1.447057198698485 -0.37422776521745338 610.44298911084513 0.00013798998216428128 4.8249473675766483e-07 -6.5696870962669481e-06 0
2323 1 1 250041600 20579303.12101049 149921639.52352288 3604757.7672656323 -30.239087696005356 0.95292286465309661 -0.3861680093185878 610.44268581859524 0.0001370852339218678 8.9685383266254956e-07 -6.5215825524274219e-06 0
2324 1 1 250128000 17963827.117900107 149982518.13726711 3570878.654428673 -30.302951085448289 0.45582080886401471 -0.39806275810455949 610.44238455746029 0.0001361425754818177 1.3309191171655446e-06 -6.4709473625729617e-06 0
2325 1 1 250214400 15343194.486602355 150000323.77291733 3535973.9625364663 -30.3584356045505 -0.044113969302139372 -0.40990750908848578 610.44208540820375 0.00013516149463830949 1.7829266785553696e-06 -6.417826302460241e-06 0
2326 1 1 250300800 12718133.926722247 149974817.66412976 3500048.2083640965 -30.405431253792035 -0.54674233266438166 -0.42169769168003607 610.44178845220097 0.00013414154947024117 2.2511020814598302e-06 -6.3622641528493204e-06 0
2327 1 1 250387200 10089383.560263809 149905773.24536157 3463106.3064678749 -30.443829947064003 -1.0519209902132778 -0.43342866886398512 610.44149377130088 0.00013308237010140801 2.7336625723529505e-06 -6.3043060352657599e-06 0
2328 1 1 250473600 7457690.7596625164 149792976.51126638 3425153.5748460786 -30.47352566614865 -1.5595024863248852 -0.44509573904201816 610.44120144769386 0.00013198365680982667 3.228822390203387e-06 -6.2439966626714233e-06 0
2329 1 1 250560000 4823811.9623245522 149636226.37678581 3386195.7404333493 -30.494414618556558 -2.0693351954725996 -0.45669413804182624 610.44091156378397 0.00013084518175879778 3.7347941588451784e-06 -6.181381283080578e-06 0
2330 1 1 250646400 2188512.4713897812 149435335.03745067 3346238.9444141514 -30.506395398554766 -2.5812633227064206 -0.46821904129722791 610.44062420206058 0.00012966678918787213 4.2497914530197771e-06 -6.1165048882132081e-06 0
2331 1 1 250732800 -447433.75754936656 149190128.32938272 3305289.7473403574 -30.509369151201753 -3.0951269101671772 -0.47966556620269762 610.44033944497414 0.00012844839592505397 4.7720329347843276e-06 -6.0494121931348075e-06 0
2332 1 1 250819200 -3083244.3440243234 148900446.08846205 3263355.1340377443 -30.503239739187126 -3.6107618499008565 -0.49102877464558392 610.44005737481643 0.00012718999061193985 5.2997454118897013e-06 -5.9801482034368363e-06 0
2333 1 1 250905600 -5718128.7247950546 148566142.50810692 3220442.518285925 -30.487913912255323 -4.127999903234632 -0.502303675718765 610.43977807360284 0.00012589163394066769 5.831166467023228e-06 -5.9087572931470645e-06 0
2334 1 1 250992000 -8351288.4106959915 148187086.49508625 3176559.7472560373 -30.463301478973211 -4.6466687269710825 -0.51348522861616586 610.43950162295687 0.00012455345823235344 6.3645478515686986e-06 -5.8352833781458314e-06 0
2335 1 1 251078400 -10981917.258414682 147763162.02276486 3131715.1056902665 -30.429315480582819 -5.1665919066508739 -0.52456834571337796 610.43922810399795 0.00012317566707143924 6.898159211049032e-06 -5.7597709232288166e-06 0
2336 1 1 251164800 -13609201.757371448 147294268.48116186 3085917.3198071523 -30.385872366660756 -5.6875889971268618 -0.53554789583487938 610.43895759723421 0.00012175853455293648 7.4302910277759919e-06 -5.6822635012874079e-06 0
2337 1 1 251251200 -16232321.331843428 146780321.02317807 3039175.5609165058 -30.332892172286542 -6.2094755706836642 -0.54641870770900247 610.43869018245289 0.00012030240449951144 7.9592577628553373e-06 -5.602804356999205e-06 0
2338 1 1 251337600 -18850448.658449784 146221250.90633234 2991499.4487276813 -30.270298696402925 -6.7320632729265242 -0.55717557361147008 610.43842593862132 0.00011880768909462712 8.4834009420653962e-06 -5.5214363522880979e-06 0
2339 1 1 251424000 -21462749.99908673 145617005.82932562 2942899.0543348785 -30.198019681031482 -7.2551598866515903 -0.5678132531976019 610.43816494378427 0.00011727486871480191 9.0010928926636107e-06 -5.438201821714604e-06 0
2340 1 1 251510400 -24068385.549370911 144967550.26273462 2893384.9028632124 -30.115986990988159 -7.7785694038965536 -0.57832647752285582 610.43790727496742 0.00011570448984469959 9.5107398398522122e-06 -5.353142816634431e-06 0
2341 1 1 251596800 -26666509.80261853 144272865.77312037 2842967.9757593144 -30.024136793724498 -8.3020921063560102 -0.58870995325071174 610.43765300808241 0.00011409716397081383 1.0010785259432578e-05 -5.2663005859406968e-06 0
2342 1 1 251683200 -29256271.929354005 143532951.33982152 2791659.7127103116 -29.922409738901827 -8.8255246543297172 -0.59895836704639516 610.4374022178348 0.00011245356595699231 1.049971249739601e-05 -5.1777163324574147e-06 0
2343 1 1 251769600 -31836816.172307651 142747823.66368741 2739472.0131752514 -29.810751137288221 -9.3486601843542303 -0.60906639015419217 610.43715497763549 0.00011077443217974442 1.0976048014337575e-05 -5.0874301281592047e-06 0
2344 1 1 251856000 -34407282.256825477 141917517.46699747 2686417.2375132148 -29.689111138550615 -9.8712884156488911 -0.61902868315551141 610.43691135951769 0.00010906055813962763 1.1438365076845329e-05 -4.9954816335562885e-06 0
2345 1 1 251942400 -36966805.816576473 141042085.78379756 2632508.2076926404 -29.557444907498265 -10.393195765486643 -0.62883990090426223 610.43667143405185 0.00010731279684166122 1.1885286272913507e-05 -4.9019102156431385e-06 0
2346 1 1 252028800 -39514518.834404074 140121600.23988026 2577758.2075667251 -29.4157127983183 -10.914165473577743 -0.63849469763518696 610.43643527026779 0.00010553205658619183 1.2315486160965817e-05 -4.806754176021192e-06 0
2347 1 1 252115200 -42049550.098127879 139156151.32162568 2522180.9827001784 -29.263880526329988 -11.433977735530494 -0.64798773224023831 610.43620293557683 0.00010371929817504835 1.2727694466819512e-05 -4.7100513354998928e-06 0
2348 1 1 252201600 -44571025.671059996 138145848.63291892 2465790.7397330292 -29.101919336770745 -11.952409845427997 -0.65731367370734417 610.43597449570166 0.00010187553224673267 1.3120698429381608e-05 -4.6118387811454038e-06 0
2349 1 1 252288000 -47078069.376958691 137090821.13935363 2408602.1452677399 -28.929806170115441 -12.469236347533021 -0.66646720671510151 610.43575001460454 0.00010000181686779448 1.3493346059225424e-05 -4.512153260366069e-06 0
2350 1 1 252374400 -49569803.299097352 135991217.39893466 2350630.3242664593 -28.747523823420718 -12.984229197105041 -0.67544303737612965 610.4355295544284 9.8099254134708161e-05 1.3844548533532652e-05 -4.41103081277414e-06 0
2351 1 1 252460800 -52045348.293083273 134847205.77849415 2291890.857945893 -28.555061107169944 -13.497157930286836 -0.68423589912192684 610.43531317535269 9.6169053407609898e-05 1.4173255761078968e-05 -4.3085158572891217e-06 0
2352 1 1 252547200 -54503824.513014689 133658974.65503971 2232399.781157956 -28.352412997105802 -14.007789842980296 -0.69284055871897443 610.43510093553732 9.4212390488405349e-05 1.4478514455043513e-05 -4.204642584008039e-06 0
2353 1 1 252633600 -56944351.950521037 132426732.60126409 2172173.5792453494 -28.139580780525346 -14.515890178602319 -0.70125182240586337 610.43489289122078 9.223041932687085e-05 1.4759461598711093e-05 -4.0994368292416684e-06 0
2354 1 1 252720000 -59366050.986183822 131150708.5544529 2111229.1843619258 -27.916572196482456 -15.021222324589473 -0.70946454214413734 610.4346890966566 9.0224386530610127e-05 1.5015281117828829e-05 -3.9929323164519762e-06 0
2355 1 1 252806400 -61768042.952788919 129831151.9680436 2049583.971248528 -27.683401569377196 -15.523548017471716 -0.71747362196922382 610.43448960408534 8.8195566293023845e-05 1.5245230006558225e-05 -3.8851622777801757e-06 0
2356 1 1 252892800 -64149450.709813207 128468332.9451008 1987255.7524554636 -27.440089935300399 -16.02262755635671 -0.7252740244546767 610.43429446235552 8.6146383048470179e-05 1.5448088870162641e-05 -3.7764347436925031e-06 0
2357 1 1 252979200 -66509399.228500485 127062542.35299522 1924262.7730032718 -27.186665160813412 -16.518220024477095 -0.73286077722559684 610.43410371717641 8.4077882629997208e-05 1.562342146449211e-05 -3.6667184605570551e-06 0
2358 1 1 253065600 -68847016.186858013 125614091.91860399 1860623.7044800611 -26.923162053638098 -17.010083518526329 -0.74022897950785604 610.43391741296296 8.1990919093390295e-05 1.5770957627720191e-05 -3.5559301108844734e-06 0
2359 1 1 253152000 -71161432.573836207 124123314.30336455 1796357.6385688833 -26.649622464460844 -17.497975385608154 -0.74737380876752146 610.43373559232043 7.9886901950066447e-05 1.5890236238405244e-05 -3.4441185869858575e-06 0
2360 1 1 253238400 -73451783.301907435 122590563.15754303 1731484.0799993831 -26.36609537950244 -17.981652467370552 -0.75429052738795477 610.43355829539712 7.7767260025714708e-05 1.5980870740507464e-05 -3.3313360074553755e-06 0
2361 1 1 253324800 -75717207.827229053 121016213.15311356 1666022.9389222011 -26.072637003416787 -18.460871350914399 -0.76097448935590717 610.4333855598868 7.56334391552612e-05 1.6042549053172719e-05 -3.2176379378151246e-06 0
2362 1 1 253411200 -77956850.776531845 119400659.99468097 1599994.5227053494 -25.769310831993732 -18.935388626081455 -0.76742114695274433 610.43321742098317 7.3486900938229071e-05 1.6075032537349132e-05 -3.1030847243437336e-06 0
2363 1 1 253497600 -80169862.57983315 117744320.40791374 1533419.5271528666 -25.456187714211726 -19.404961148666477 -0.77362605743380097 610.43305391133185 7.1329121600381966e-05 1.6078155585333921e-05 -2.9877418509529444e-06 0
2364 1 1 253584000 -82355400.108035445 116047632.10499771 1466319.0271474838 -25.133345903204194 -19.869346309065648 -0.77958488967918116 610.43289506098665 6.9161591040723847e-05 1.6051823469236463e-05 -2.8716815760589091e-06 0
2365 1 1 253670400 -84512627.314434707 114311053.7266618 1398714.4667205105 -24.800871095727125 -20.328302305840843 -0.78529343079898939 610.43274089735746 6.6985813315304248e-05 1.5996010721661047e-05 -2.7549843860138259e-06 0
2366 1 1 253756800 -86640715.879127622 112535064.76037541 1330627.6485536229 -24.458856459742176 -20.781588423647481 -0.79074759267543482 610.43259144516003 6.4803307249345618e-05 1.5910758351333449e-05 -2.6377396253226711e-06 0
2367 1 1 253843200 -88738845.85527584 110720165.43436526 1262080.7229187789 -24.107402649758406 -21.228965314943213 -0.79594341842420269 610.43244672635922 6.2615608523731428e-05 1.5796171396112383e-05 -2.5200485476940631e-06 0
2368 1 1 253929600 -90806206.316155404 108866876.58715102 1193096.1760639984 -23.746617809607525 -21.670195284866004 -0.80087708875723285 610.43230676010228 6.0424272485346023e-05 1.5652414920369227e-05 -2.4020261845207357e-06 0
2369 1 1 254016000 -92841996.001932532 106975739.51236953 1123696.8180647201 -23.37661756336059 -22.105042578245079 -0.80554492797064192 610.43217157625941 5.8230878407522952e-05 1.5479709747293501e-05 -2.2838034850643011e-06 0
2370 1 1 254102400 -94845423.964589074 105047315.77851599 1053905.7700343565 -22.997524977152729 -22.533273674860638 -0.80994341392240998 610.43204101213541 5.6206488681177539e-05 1.5210768844612384e-05 -2.2092946312676525e-06 0
2371 1 1 254188800 -96815710.209487319 103082187.02332677 983746.45061042148 -22.6094705364604 -22.954657574267628 -0.81406918045503562 610.43191490098798 5.4185077815053653e-05 1.4914427339372722e-05 -2.1357436119056329e-06 0
2372 1 1 254275200 -98752086.335500225 101080954.72396992 913242.56252576574 -22.21259211057443 -23.368966080964565 -0.81791901943426659 610.43179326744757 5.2162005768326937e-05 1.4593424568924386e-05 -2.0617067590176108e-06 0
2373 1 1 254361600 -100653796.16950995 99044239.941803917 842418.07850441616 -21.80703487414381 -23.775974101127368 -0.8214898901335802 610.4316761267155 5.0138240060321238e-05 1.4248280204314941e-05 -1.9871935420688217e-06 0
2374 1 1 254448000 -102520096.39436558 96972683.041876212 771297.22656809608 -21.392951230308288 -24.175459932091051 -0.82477892448983503 610.43156349161609 4.8114699908187146e-05 1.3879574190613286e-05 -1.9122134279540007e-06 0
2375 1 1 254534400 -104350257.16958784 94866943.387472332 699904.47489375679 -20.970500719573902 -24.567205550296514 -0.82778343225848039 610.43145537309852 4.6092252875972486e-05 1.3487944103891026e-05 -1.8367757968146443e-06 0
2376 1 1 254620800 -106143562.7436033 92727699.009888619 628264.51623558486 -20.539849914886091 -24.950996896755139 -0.83050090593642312 610.4313517802974 4.4071711463963425e-05 1.3074082152942253e-05 -1.7608899860381125e-06 0
2377 1 1 254707200 -107899312.05632053 90555646.253675655 556402.25193267805 -20.10117230298334 -25.326624159253562 -0.83292902542774183 610.43125272060024 4.2053829555597838e-05 1.2638731924432529e-05 -1.6845656628804354e-06 0
2378 1 1 254793600 -109616819.33086517 88351499.39766781 484342.77552527131 -19.654648152130012 -25.693882050531833 -0.83506566243651714 610.43115819971842 4.0039299704865737e-05 1.2182685196889756e-05 -1.6078125209933837e-06 0
2379 1 1 254880000 -111295414.65330425 86115990.252179995 412111.35600376077 -19.200464366375424 -26.052570081670261 -0.83690888457176926 610.43106822176787 3.8028750123657758e-05 1.1706778695777919e-05 -1.5306404835253419e-06 0
2380 1 1 254966400 -112934444.53920318 83849867.73281765 339733.42071600753 -18.738814326535593 -26.402492829924231 -0.83845695915032437 610.43098278935554 3.6022741450112395e-05 1.1211890032520393e-05 -1.4530599899409805e-06 0
2381 1 1 255052800 -114533272.48587866 81553897.411413088 267234.53795961058 -18.269897718142971 -26.743460200255345 -0.83970835668421173 610.43090190367025 3.4021764733366081e-05 1.0698933769156488e-05 -1.3750821704498457e-06 0
2382 1 1 255139200 -116091279.50923394 79228861.044664368 194640.39928695027 -17.793920346658332 -27.075287679818583 -0.84066175404008658 610.43082556458603 3.2026239018963355e-05 1.0168857884054575e-05 -1.2967185641774469e-06 0
2383 1 1 255225600 -117607864.66409008 76875556.081117317 121976.80155184213 -17.311093940286824 -27.397796584680972 -0.841316037259209 610.43075377076514 3.0036508786319477e-05 9.622639258104993e-06 -1.2179813625658654e-06 0
2384 1 1 255312000 -119082445.54695901 74494795.147191569 49269.628727587537 -16.821635940787505 -27.710814298066051 -0.8416703040275979 610.43068651977171 2.8052842564736881e-05 9.0612793165207066e-06 -1.1388836545646286e-06 0
2385 1 1 255398400 -120514458.78023943 72087405.513013512 -23455.16647294697 -16.325769282711843 -28.01417449944087 -0.84172386578704539 610.43062380819015 2.6075431381209058e-05 8.4857998714252243e-06 -1.0594394417748846e-06 0
2386 1 1 255484800 -121903360.47685581 69654228.538875282 -96171.58114382744 -15.823722161550423 -28.307717383787903 -0.8414762494788286 610.43056563175162 2.410438712875759e-05 7.8972383587048229e-06 -9.7966360518340881e-07 0
2387 1 1 255571200 -123248626.68440539 67196119.103195369 -168853.58086708796 -15.315727791310918 -28.591289870433577 -0.84092719891324197 610.4305119854647 2.2139741304674129e-05 7.296643305989578e-06 -8.9957225649875172e-07 0
2388 1 1 255657600 -124549753.80792263 64713945.012909502 -241475.11849572093 -14.802024152090047 -28.864745800836964 -0.8400766757592929 610.43046286375181 2.0181444541606761e-05 6.6850696105144762e-06 -8.1918265256893318e-07 0
2389 1 1 255744000 -125806259.01042402 62208586.397269383 -314010.15300560545 -14.282853728241218 -29.127946124777242 -0.83892486015017753 610.43041826059323 1.8229365954466655e-05 6.0635737478718184e-06 -7.3851321051977971e-07 0
2390 1 1 255830400 -127017680.59044646 59680935.086075418 -386432.66838303808 -13.758463237775455 -29.380759074417035 -0.83747215090156157 610.43037816967455 1.6283292578441122e-05 5.4332089738422423e-06 -6.5758397865634642e-07 0
2391 1 1 255916800 -128183578.33585176 57131893.973411225 -458716.69251433108 -13.229103353666151 -29.623060325758249 -0.83571916534093627 610.43034258453815 1.4342929876959684e-05 4.795020636357678e-06 -5.7641613872950648e-07 0
2392 1 1 256003200 -129303533.85322645 54562376.36798948 -530836.31604384538 -12.695028417758664 -29.854733147050684 -0.83366673874771724 610.43031149873809 1.2407901578154737e-05 4.1500410197554991e-06 -4.950323800259108e-07 0
2393 1 1 256089600 -130377150.87227096 51973305.33125297 -602765.71116686973 -12.156496148012737 -30.075668533758396 -0.83131592340519644 610.43028490600022 1.0477750289675706e-05 3.4992848944336027e-06 -4.1345722882362339e-07 0
2394 1 1 256176000 -131404055.52463283 49365613.004408002 -674479.15032389935 -11.613767339829643 -30.285765329735256 -0.82866798726669166 610.43026280037577 8.5519384725046504e-06 2.8437444879507332e-06 -3.3171680326037391e-07 0
2395 1 1 256262400 -132383896.59670793 46740239.925594948 -745951.02476313722 -11.067105562253746 -30.484930334313571 -0.82572441223971005 610.43024517666151 6.6298495423222393e-06 2.1843849088242106e-06 -2.4983897897316274e-07 0
2396 1 1 256348800 -133316345.7559846 44098134.338428006 -817155.86293867149 -10.516776849396969 -30.673078394944309 -0.82248689209917558 610.43023202399525 4.7137647101814605e-06 1.5227086937911914e-06 -1.678403215322326e-07 0
2397 1 1 256435200 -134201097.75063533 41440251.493118525 -888068.34870488208 -9.9630493907630431 -30.850132486518149 -0.81895732982141523 610.43022336141439 2.7757921178693559e-06 8.4986925927294079e-07 -8.4533775798457261e-08 0
2398 1 1 256521600 -135037870.58261293 38767552.941438921 -958663.33930457034 -9.4061932268211059 -31.016023772617228 -0.81513783599575296 610.43021937539334 7.8231773196985533e-07 2.1957810353847797e-07 -1.7239162873772006e-08 0
2399 1 3 256551887.45605126 -135319794.5250375 37827312.536263309 -983330.57058953692 -9.2102974109245235 -31.07152292232286 -0.81373070718056062 610.43021895634411 0 0 0 280
2400 1 1 256608000 -135826405.65116814 36081005.827946797 -1028915.8832868725 -8.8464798382971868 -31.170691626757229 -0.81103072821933364 610.43021881960181 -6.6642471838692925e-08 -1.9311824978152011e-08 1.7250531407222057e-09 0
2401 1 4 256608060 -135826936.42826986 36079135.583344288 -1028964.5450420207 -8.8460902187542558 -31.170795122635834 -0.81102777669874582 610.43021881960181 0 0 0 0
