[11:19:30] new run p10_claims: N 8 H 540.0 d L 360.0 d proposer planbeam commit regrid nproc 9 stop_T None claims on (bonus 0.5, ttl 2)
[11:19:30] [slice 0] claims in force: -  (0 targets; claim_bonus 0.5, ttl 2)
[11:19:30] [slice 0 T=0 d] propose: 9 jobs (0 craft, 9 root) on 9 workers, proposer planbeam, H_eff 540 d, lam 1.0
[11:19:30] job s00_r0 (root, craft None, planbeam): T 0 d H 540 L 360; plan horizon 1620 d; remaining 298; prize >1 on 6; width 150 npt 6 mc 150 dv 1.2 drmax 0.15 plan_wall 240 s; quota {'fil': 12, 'med': 18}
[11:19:30] job s00_r1 (root, craft None, planbeam): T 0 d H 540 L 360; plan horizon 1620 d; remaining 298; prize >1 on 6; width 150 npt 6 mc 150 dv 1.2 drmax 0.15 plan_wall 240 s; quota {'fil': 12, 'med': 18}
[11:19:30] job s00_r3 (root, craft None, planbeam): T 0 d H 540 L 360; plan horizon 1620 d; remaining 298; prize >1 on 6; width 150 npt 6 mc 150 dv 1.2 drmax 0.15 plan_wall 240 s; quota {'fil': 12, 'med': 18}
[11:19:30] job s00_r4 (root, craft None, planbeam): T 0 d H 540 L 360; plan horizon 1620 d; remaining 298; prize >1 on 6; width 150 npt 6 mc 150 dv 1.2 drmax 0.15 plan_wall 240 s; quota {'fil': 12, 'med': 18}
[11:19:30] budget: job_wall 300 s, 300 s left before the plan -> plan cap 210 s (plan_wall 240, settle_reserve 90)
[11:19:30] job s00_r5 (root, craft None, planbeam): T 0 d H 540 L 360; plan horizon 1620 d; remaining 298; prize >1 on 6; width 150 npt 6 mc 150 dv 1.2 drmax 0.15 plan_wall 240 s; quota {'fil': 12, 'med': 18}
[11:19:30] budget: job_wall 300 s, 300 s left before the plan -> plan cap 210 s (plan_wall 240, settle_reserve 90)
[11:19:30] budget: job_wall 300 s, 300 s left before the plan -> plan cap 210 s (plan_wall 240, settle_reserve 90)
[11:19:30] job s00_r6 (root, craft None, planbeam): T 0 d H 540 L 360; plan horizon 1620 d; remaining 298; prize >1 on 6; width 150 npt 6 mc 150 dv 1.2 drmax 0.15 plan_wall 240 s; quota {'fil': 12, 'med': 18}
[11:19:30] job s00_r7 (root, craft None, planbeam): T 0 d H 540 L 360; plan horizon 1620 d; remaining 298; prize >1 on 6; width 150 npt 6 mc 150 dv 1.2 drmax 0.15 plan_wall 240 s; quota {'fil': 12, 'med': 18}
[11:19:30] budget: job_wall 300 s, 300 s left before the plan -> plan cap 210 s (plan_wall 240, settle_reserve 90)
[11:19:30] budget: job_wall 300 s, 300 s left before the plan -> plan cap 210 s (plan_wall 240, settle_reserve 90)
[11:19:30] job s00_r8 (root, craft None, planbeam): T 0 d H 540 L 360; plan horizon 1620 d; remaining 298; prize >1 on 6; width 150 npt 6 mc 150 dv 1.2 drmax 0.15 plan_wall 240 s; quota {'fil': 12, 'med': 18}
[11:19:30] budget: job_wall 300 s, 300 s left before the plan -> plan cap 210 s (plan_wall 240, settle_reserve 90)
[11:19:30] budget: job_wall 300 s, 300 s left before the plan -> plan cap 210 s (plan_wall 240, settle_reserve 90)
[11:19:30] budget: job_wall 300 s, 300 s left before the plan -> plan cap 210 s (plan_wall 240, settle_reserve 90)
[11:19:30] job s00_r2 (root, craft None, planbeam): T 0 d H 540 L 360; plan horizon 1620 d; remaining 298; prize >1 on 6; width 150 npt 6 mc 150 dv 1.2 drmax 0.15 plan_wall 240 s; quota {'fil': 12, 'med': 18}
[11:19:30] budget: job_wall 300 s, 300 s left before the plan -> plan cap 210 s (plan_wall 240, settle_reserve 90)
[11:19:32] plan start: 6 launch dates (490-540 d) -> 0 launch legs with first flyby <= T+H, 0 kept (cap min(roots_max 450, 3 x width) = 450; 1.8 s)
[11:19:32] plan: 0 states, depth 0 new flybys, end no_children (2 s)
[11:19:32] candidates: 0 distinct committed target sets (n_new -, potential -)
[11:19:32] frontier: 0 candidates chosen (n fb / committed planner kg / continuation (lookahead) [full]; pot_mode lookahead, pot_cap None): 
[11:19:32] budget: 298 s of 300 left for the settles + regrids (settle_wall 480)
[11:19:32] RESULT s00_r8: 0 columns; frontier ; settles 0 (0 ok), regrids 0 (0 ok); wall 2 s of 300 (plan 2, price 0, settle 0; budget hit None, 0 unsettled)
[11:19:32] plan start: 6 launch dates (370-420 d) -> 160 launch legs with first flyby <= T+H, 27 kept (cap min(roots_max 450, 3 x width) = 450; 1.8 s)
[11:19:32] plan start: 6 launch dates (430-480 d) -> 36 launch legs with first flyby <= T+H, 5 kept (cap min(roots_max 450, 3 x width) = 450; 1.9 s)
[11:19:32] plan start: 6 launch dates (190-240 d) -> 1235 launch legs with first flyby <= T+H, 159 kept (cap min(roots_max 450, 3 x width) = 450; 1.9 s)
[11:19:32] plan start: 6 launch dates (310-360 d) -> 276 launch legs with first flyby <= T+H, 62 kept (cap min(roots_max 450, 3 x width) = 450; 1.9 s)
[11:19:32] plan start: 6 launch dates (250-300 d) -> 726 launch legs with first flyby <= T+H, 116 kept (cap min(roots_max 450, 3 x width) = 450; 1.9 s)
[11:19:32] plan start: 6 launch dates (130-180 d) -> 1340 launch legs with first flyby <= T+H, 185 kept (cap min(roots_max 450, 3 x width) = 450; 2.0 s)
[11:19:32]   job s00_r8 root  columns   0  levels 0  settles 0/0  end no_children  wall 1.8 s
[11:19:32] plan start: 6 launch dates (70-120 d) -> 1681 launch legs with first flyby <= T+H, 192 kept (cap min(roots_max 450, 3 x width) = 450; 2.0 s)
[11:19:32] plan start: 7 launch dates (0-60 d) -> 2000 launch legs with first flyby <= T+H, 208 kept (cap min(roots_max 450, 3 x width) = 450; 2.3 s)
[11:20:26] plan: 1082 states, depth 11 new flybys, end plan_done (57 s); deepest 11 new to 1581 d at planner fuel 376 kg
[11:20:26]   depth  1:    5 states (5 in H), t_end 485-535 d, fuel 0-0 kg
[11:20:26]   depth  2:   58 states (0 in H), t_end 592-1085 d, fuel 7-58 kg
[11:20:26]   depth  3:  150 states (0 in H), t_end 768-1022 d, fuel 30-108 kg
[11:20:26]   depth  4:  150 states (0 in H), t_end 902-1095 d, fuel 48-159 kg
[11:20:26]   depth  5:  150 states (0 in H), t_end 1012-1197 d, fuel 79-199 kg
[11:20:26]   depth  6:  150 states (0 in H), t_end 1113-1326 d, fuel 97-240 kg
[11:20:26]   depth  7:  150 states (0 in H), t_end 1231-1428 d, fuel 147-285 kg
[11:20:26]   depth  8:  150 states (0 in H), t_end 1290-1541 d, fuel 186-321 kg
[11:20:26]   depth  9:  110 states (0 in H), t_end 1368-1618 d, fuel 221-362 kg
[11:20:26]   depth 10:    8 states (0 in H), t_end 1489-1619 d, fuel 306-389 kg
[11:20:26]   depth 11:    1 states (0 in H), t_end 1581-1581 d, fuel 376-376 kg
[11:20:26] candidates: 3 distinct committed target sets (n_new 1-1, potential 2-2)
[11:20:26] frontier: 3 candidates chosen (n fb / committed planner kg / continuation (lookahead) [full]; pot_mode lookahead, pot_cap None): 1fb/0kg/p2(2)[2], 1fb/0kg/p2(2)[2], 1fb/0kg/p2(2)[2]
[11:20:26] budget: 243 s of 300 left for the settles + regrids (settle_wall 480)
[11:20:26] RESULT s00_r7: 3 columns; frontier 1fb 0 kg p2/2; settles 3 (3 ok), regrids 3 (3 ok); wall 57 s of 300 (plan 57, price 0, settle 0; budget hit None, 0 unsettled)
[11:20:28]   job s00_r7 root  columns   3  levels 11  settles 3/3  end plan_done  wall 56.7 s
[11:20:38] plan: 1309 states, depth 10 new flybys, end plan_done (68 s); deepest 10 new to 1538 d at planner fuel 184 kg
[11:20:38]   depth  1:   27 states (27 in H), t_end 440-540 d, fuel 0-0 kg
[11:20:38]   depth  2:  150 states (0 in H), t_end 615-825 d, fuel 5-54 kg
[11:20:38]   depth  3:  150 states (0 in H), t_end 719-916 d, fuel 18-107 kg
[11:20:38]   depth  4:  150 states (0 in H), t_end 826-1007 d, fuel 32-141 kg
[11:20:38]   depth  5:  150 states (0 in H), t_end 938-1124 d, fuel 51-180 kg
[11:20:38]   depth  6:  150 states (0 in H), t_end 1058-1437 d, fuel 69-222 kg
[11:20:38]   depth  7:  150 states (0 in H), t_end 1162-1472 d, fuel 86-249 kg
[11:20:38]   depth  8:  150 states (0 in H), t_end 1280-1510 d, fuel 104-295 kg
[11:20:38]   depth  9:  150 states (0 in H), t_end 1366-1596 d, fuel 130-325 kg
[11:20:38]   depth 10:   82 states (0 in H), t_end 1488-1619 d, fuel 184-350 kg
[11:20:38] candidates: 9 distinct committed target sets (n_new 1-1, potential 2-3)
[11:20:38] frontier: 9 candidates chosen (n fb / committed planner kg / continuation (lookahead) [full]; pot_mode lookahead, pot_cap None): 1fb/0kg/p3(3)[3], 1fb/0kg/p3(3)[3], 1fb/0kg/p3(3)[3], 1fb/0kg/p3(3)[3], 1fb/0kg/p2(2)[2], 1fb/0kg/p2(2)[2], 1fb/0kg/p2(2)[2], 1fb/0kg/p2(2)[2], 1fb/0kg/p2(2)[2]
[11:20:38] budget: 232 s of 300 left for the settles + regrids (settle_wall 480)
[11:20:39] RESULT s00_r6: 9 columns; frontier 1fb 0 kg p3/3; settles 9 (9 ok), regrids 9 (9 ok); wall 69 s of 300 (plan 68, price 0, settle 0; budget hit None, 0 unsettled)
[11:20:40]   job s00_r6 root  columns   9  levels 10  settles 9/9  end plan_done  wall 68.8 s
[11:20:44] plan: 1468 states, depth 12 new flybys, end plan_done (74 s); deepest 12 new to 1614 d at planner fuel 349 kg
[11:20:44]   depth  1:   62 states (62 in H), t_end 350-540 d, fuel 0-0 kg
[11:20:44]   depth  2:  150 states (4 in H), t_end 530-746 d, fuel 3-56 kg
[11:20:44]   depth  3:  150 states (0 in H), t_end 620-855 d, fuel 17-107 kg
[11:20:44]   depth  4:  150 states (0 in H), t_end 778-948 d, fuel 34-155 kg
[11:20:44]   depth  5:  150 states (0 in H), t_end 858-1093 d, fuel 65-187 kg
[11:20:44]   depth  6:  150 states (0 in H), t_end 921-1438 d, fuel 109-228 kg
[11:20:44]   depth  7:  150 states (0 in H), t_end 1059-1600 d, fuel 126-261 kg
[11:20:44]   depth  8:  150 states (0 in H), t_end 1169-1620 d, fuel 172-290 kg
[11:20:44]   depth  9:  150 states (0 in H), t_end 1243-1619 d, fuel 188-327 kg
[11:20:44]   depth 10:  150 states (0 in H), t_end 1398-1620 d, fuel 205-344 kg
[11:20:44]   depth 11:   55 states (0 in H), t_end 1527-1619 d, fuel 256-371 kg
[11:20:44]   depth 12:    1 states (0 in H), t_end 1614-1614 d, fuel 349-349 kg
[11:20:44] candidates: 26 distinct committed target sets (n_new 1-2, potential 1-4)
[11:20:44] frontier: 16 candidates chosen (n fb / committed planner kg / continuation (lookahead) [full]; pot_mode lookahead, pot_cap None): 1fb/0kg/p4(4)[4], 1fb/0kg/p3(2)[3], 1fb/0kg/p3(3)[3], 1fb/0kg/p3(3)[3], 1fb/0kg/p3(3)[3], 1fb/0kg/p3(3)[3], 1fb/0kg/p3(3)[3], 1fb/0kg/p3(3)[3], 1fb/0kg/p3(3)[3], 1fb/0kg/p3(3)[3], 1fb/0kg/p3(3)[3], 1fb/0kg/p3(3)[3], 1fb/0kg/p3(3)[3], 2fb/35kg/p2(2)[2], 2fb/49kg/p2(2)[2], 2fb/55kg/p1(1)[1]
[11:20:44] budget: 226 s of 300 left for the settles + regrids (settle_wall 480)
[11:20:44]     settle  2:  93 @    531 d -> ok lintwin tank 606.4 (+4.9) miss 51 km (0.2 s)
[11:20:45]     settle  2: 276 @    540 d -> ok lintwin tank 605.8 (+4.3) miss 0 km (0.1 s)
[11:20:45]   drift: leg 276@540 d settled outside (T, T+H] -> column cut at 1
[11:20:45]     settle  2:  93 @    534 d -> ok lintwin tank 617.9 (+16.4) miss 77 km (0.1 s)
[11:20:45]   1 candidates dropped (settle failure / regrid failure / duplicate after truncation)
[11:20:45] RESULT s00_r5: 15 columns; frontier 1fb 0 kg p4/4 | 2fb 5 kg p2/2; settles 17 (17 ok), regrids 15 (15 ok); wall 75 s of 300 (plan 74, price 0, settle 1; budget hit None, 0 unsettled)
[11:20:46]   job s00_r5 root  columns  15  levels 12  settles 17/17  end plan_done  wall 74.9 s
[11:20:49] plan: 1550 states, depth 12 new flybys, end plan_done (79 s); deepest 12 new to 1589 d at planner fuel 405 kg
[11:20:49]   depth  1:  116 states (116 in H), t_end 295-540 d, fuel 0-0 kg
[11:20:49]   depth  2:  150 states (44 in H), t_end 460-618 d, fuel 5-54 kg
[11:20:49]   depth  3:  150 states (2 in H), t_end 538-760 d, fuel 11-103 kg
[11:20:49]   depth  4:  150 states (0 in H), t_end 709-856 d, fuel 25-141 kg
[11:20:49]   depth  5:  150 states (0 in H), t_end 796-975 d, fuel 66-174 kg
[11:20:49]   depth  6:  150 states (0 in H), t_end 904-1101 d, fuel 82-213 kg
[11:20:49]   depth  7:  150 states (0 in H), t_end 1007-1442 d, fuel 96-256 kg
[11:20:49]   depth  8:  150 states (0 in H), t_end 1110-1600 d, fuel 139-298 kg
[11:20:49]   depth  9:  150 states (0 in H), t_end 1247-1610 d, fuel 185-314 kg
[11:20:49]   depth 10:  150 states (0 in H), t_end 1317-1572 d, fuel 214-357 kg
[11:20:49]   depth 11:   82 states (0 in H), t_end 1486-1619 d, fuel 269-396 kg
[11:20:49]   depth 12:    2 states (0 in H), t_end 1589-1603 d, fuel 405-432 kg
[11:20:49] candidates: 67 distinct committed target sets (n_new 1-3, potential 0-3)
[11:20:49] frontier: 16 candidates chosen (n fb / committed planner kg / continuation (lookahead) [full]; pot_mode lookahead, pot_cap None): 1fb/0kg/p4(3)[4], 1fb/0kg/p4(3)[4], 1fb/0kg/p4(2)[4], 1fb/0kg/p4(2)[4], 1fb/0kg/p3(2)[3], 1fb/0kg/p3(3)[3], 1fb/0kg/p3(2)[3], 1fb/0kg/p3(3)[3], 1fb/0kg/p3(3)[3], 2fb/5kg/p2(2)[2], 2fb/16kg/p0(0)[0], 2fb/18kg/p3(3)[3], 2fb/21kg/p3(3)[3], 2fb/41kg/p3(3)[3], 3fb/54kg/p2(2)[2], 3fb/63kg/p2(2)[2]
[11:20:49] budget: 221 s of 300 left for the settles + regrids (settle_wall 480)
[11:20:49]     settle  2:  93 @    518 d -> ok lintwin tank 603.4 (+1.9) miss 0 km (0.2 s)
[11:20:49]     settle  2: 276 @    540 d -> ok lintwin tank 602.5 (+1.0) miss 1 km (0.1 s)
[11:20:49]   drift: leg 276@540 d settled outside (T, T+H] -> column cut at 1
[11:20:49]     settle  2: 244 @    525 d -> ok lintwin tank 604.5 (+3.0) miss 0 km (0.1 s)
[11:20:50]     settle  2: 117 @    460 d -> ok lintwin tank 606.0 (+4.5) miss 0 km (0.1 s)
[11:20:50]     settle  2:  37 @    535 d -> ok lintwin tank 604.9 (+3.4) miss 0 km (0.2 s)
[11:20:50]     settle  2:   8 @    492 d -> ok lintwin tank 605.9 (+4.4) miss 56 km (0.1 s)
[11:20:50]     settle  3: 276 @    538 d -> ok lintwin tank 612.8 (+6.9) miss 69 km (0.1 s)
[11:20:50]     settle  2:   8 @    490 d -> ok lintwin tank 604.7 (+3.2) miss 0 km (0.1 s)
[11:20:50]     settle  3: 276 @    539 d -> ok lintwin tank 613.5 (+8.8) miss 1 km (0.2 s)
[11:20:50]   1 candidates dropped (settle failure / regrid failure / duplicate after truncation)
[11:20:50] RESULT s00_r4: 15 columns; frontier 1fb 0 kg p3/3 | 2fb 2 kg p2/3 | 3fb 11 kg p2/2; settles 19 (19 ok), regrids 15 (15 ok); wall 81 s of 300 (plan 79, price 0, settle 2; budget hit None, 0 unsettled)
[11:20:51] plan: 1569 states, depth 11 new flybys, end plan_done (81 s); deepest 11 new to 1583 d at planner fuel 271 kg
[11:20:51]   depth  1:  208 states (208 in H), t_end 70-460 d, fuel 0-0 kg
[11:20:51]   depth  2:  150 states (147 in H), t_end 182-945 d, fuel 1-59 kg
[11:20:51]   depth  3:  150 states (92 in H), t_end 293-1110 d, fuel 18-106 kg
[11:20:51]   depth  4:  150 states (4 in H), t_end 413-1107 d, fuel 70-150 kg
[11:20:51]   depth  5:  150 states (0 in H), t_end 777-1443 d, fuel 108-188 kg
[11:20:51]   depth  6:  150 states (0 in H), t_end 840-1446 d, fuel 112-227 kg
[11:20:51]   depth  7:  150 states (0 in H), t_end 1063-1498 d, fuel 134-243 kg
[11:20:51]   depth  8:  150 states (0 in H), t_end 1198-1495 d, fuel 165-281 kg
[11:20:51]   depth  9:  150 states (0 in H), t_end 1279-1541 d, fuel 207-317 kg
[11:20:51]   depth 10:  148 states (0 in H), t_end 1381-1620 d, fuel 229-356 kg
[11:20:51]   depth 11:   13 states (0 in H), t_end 1564-1620 d, fuel 271-353 kg
[11:20:51] candidates: 189 distinct committed target sets (n_new 1-4, potential 0-3)
[11:20:51] frontier: 16 candidates chosen (n fb / committed planner kg / continuation (lookahead) [full]; pot_mode lookahead, pot_cap None): 1fb/0kg/p5(3)[5], 1fb/0kg/p3(2)[3], 1fb/0kg/p3(0)[3], 1fb/0kg/p2(0)[2], 1fb/0kg/p2(0)[2], 1fb/0kg/p2(0)[2], 1fb/0kg/p2(0)[2], 2fb/1kg/p0(0)[0], 2fb/6kg/p1(0)[1], 2fb/46kg/p4(3)[4], 3fb/18kg/p0(0)[0], 3fb/27kg/p0(0)[0], 3fb/78kg/p3(3)[3], 4fb/73kg/p0(0)[0], 4fb/101kg/p2(2)[2], 4fb/106kg/p1(1)[1]
[11:20:51] budget: 219 s of 300 left for the settles + regrids (settle_wall 480)
[11:20:52]     settle  2: 279 @    356 d -> ok lintwin tank 601.5 (+0.0) miss 0 km (0.1 s)
[11:20:52]     settle  2: 127 @    341 d -> ok lintwin tank 601.7 (+0.2) miss 1 km (0.1 s)
[11:20:52]   job s00_r4 root  columns  15  levels 12  settles 19/19  end plan_done  wall 80.7 s
[11:20:52]     settle  2:  67 @    195 d -> ok lintwin tank 615.6 (+14.1) miss 2 km (0.1 s)
[11:20:53]     settle  2:  67 @    330 d -> ok lintwin tank 603.0 (+1.5) miss 0 km (0.2 s)
[11:20:53]     settle  3: 185 @    442 d -> ok lintwin tank 605.1 (+2.1) miss 0 km (0.1 s)
[11:20:53]     settle  2: 272 @    300 d -> ok lintwin tank 606.4 (+4.9) miss 0 km (0.1 s)
[11:20:53]     settle  3: 185 @    440 d -> ok lintwin tank 606.7 (+0.4) miss 0 km (0.1 s)
[11:20:53]     settle  3: 139 @    369 d -> ok lintwin tank 627.6 (+12.0) miss 3 km (0.2 s)
[11:20:53]     settle  2: 284 @    235 d -> ok lintwin tank 612.1 (+10.6) miss 57 km (0.1 s)
[11:20:54]     settle  3: 226 @    334 d -> ok lintwin tank 623.8 (+11.7) miss 1 km (0.2 s)
[11:20:54]     settle  4: 293 @    413 d -> ok lintwin tank 625.0 (+1.2) miss 0 km (0.1 s)
[11:20:54]     settle  4: 230 @    455 d -> ok lintwin tank 632.9 (+5.3) miss 1 km (0.1 s)
[11:20:54] plan: 1680 states, depth 12 new flybys, end plan_done (84 s); deepest 12 new to 1492 d at planner fuel 318 kg
[11:20:54]   depth  1:  159 states (159 in H), t_end 275-540 d, fuel 0-0 kg
[11:20:54]   depth  2:  150 states (147 in H), t_end 405-548 d, fuel 2-61 kg
[11:20:54]   depth  3:  150 states (16 in H), t_end 478-695 d, fuel 17-111 kg
[11:20:54]   depth  4:  150 states (0 in H), t_end 598-832 d, fuel 36-158 kg
[11:20:54]   depth  5:  150 states (0 in H), t_end 770-924 d, fuel 63-203 kg
[11:20:54]   depth  6:  150 states (0 in H), t_end 858-1442 d, fuel 81-245 kg
[11:20:54]   depth  7:  150 states (0 in H), t_end 974-1597 d, fuel 162-289 kg
[11:20:54]   depth  8:  150 states (0 in H), t_end 1086-1606 d, fuel 178-329 kg
[11:20:54]   depth  9:  150 states (0 in H), t_end 1238-1386 d, fuel 210-360 kg
[11:20:54]   depth 10:  150 states (0 in H), t_end 1332-1491 d, fuel 222-394 kg
[11:20:54]   depth 11:  150 states (0 in H), t_end 1424-1609 d, fuel 257-416 kg
[11:20:54]   depth 12:   21 states (0 in H), t_end 1492-1618 d, fuel 318-431 kg
[11:20:54] candidates: 129 distinct committed target sets (n_new 1-3, potential 0-4)
[11:20:54] frontier: 16 candidates chosen (n fb / committed planner kg / continuation (lookahead) [full]; pot_mode lookahead, pot_cap None): 1fb/0kg/p5(4)[5], 1fb/0kg/p5(3)[5], 1fb/0kg/p5(4)[5], 1fb/0kg/p4(3)[4], 1fb/0kg/p4(3)[4], 1fb/0kg/p4(3)[4], 1fb/0kg/p4(3)[4], 1fb/0kg/p4(2)[4], 1fb/0kg/p4(3)[4], 1fb/0kg/p4(3)[4], 2fb/2kg/p1(1)[1], 2fb/10kg/p3(2)[3], 2fb/33kg/p4(4)[4], 3fb/34kg/p1(1)[1], 3fb/47kg/p2(2)[2], 3fb/103kg/p3(3)[3]
[11:20:54] budget: 216 s of 300 left for the settles + regrids (settle_wall 480)
[11:20:54]     settle  4:  83 @    503 d -> ok lintwin tank 636.6 (+9.0) miss 2 km (0.2 s)
[11:20:54] RESULT s00_r0: 16 columns; frontier 1fb 0 kg p3/3 | 2fb 0 kg p0/3 | 3fb 4 kg p0/3 | 4fb 24 kg p0/2; settles 23 (23 ok), regrids 16 (16 ok); wall 85 s of 300 (plan 81, price 0, settle 3; budget hit None, 0 unsettled)
[11:20:55]     settle  2: 162 @    480 d -> ok lintwin tank 602.0 (+0.5) miss 0 km (0.3 s)
[11:20:55]     settle  2: 293 @    409 d -> ok lintwin tank 608.6 (+7.1) miss 2 km (0.3 s)
[11:20:55]     settle  2:  94 @    465 d -> ok lintwin tank 607.5 (+6.0) miss 0 km (0.1 s)
[11:20:55]     settle  2: 117 @    465 d -> ok lintwin tank 605.4 (+3.9) miss 0 km (0.1 s)
[11:20:56]     settle  3: 299 @    537 d -> ok lintwin tank 617.7 (+12.3) miss 12 km (0.1 s)
[11:20:56]     settle  2:  19 @    418 d -> ok lintwin tank 601.7 (+0.2) miss 0 km (0.1 s)
[11:20:56]     settle  3: 150 @    510 d -> ok lintwin tank 607.5 (+5.8) miss 0 km (0.1 s)
[11:20:56]   job s00_r0 root  columns  16  levels 11  settles 23/23  end plan_done  wall 84.5 s
[11:20:56]     settle  2:  19 @    415 d -> ok lintwin tank 601.7 (+0.2) miss 1 km (0.1 s)
[11:20:56]     settle  3: 162 @    478 d -> ok lintwin tank 612.5 (+10.9) miss 3 km (0.1 s)
[11:20:56] plan: 1720 states, depth 12 new flybys, end plan_done (86 s); deepest 12 new to 1600 d at planner fuel 276 kg
[11:20:56]   depth  1:  185 states (185 in H), t_end 175-540 d, fuel 0-0 kg
[11:20:56]   depth  2:  150 states (150 in H), t_end 334-536 d, fuel 2-59 kg
[11:20:56]   depth  3:  150 states (26 in H), t_end 444-651 d, fuel 22-105 kg
[11:20:56]   depth  4:  150 states (0 in H), t_end 594-762 d, fuel 35-154 kg
[11:20:56]   depth  5:  150 states (0 in H), t_end 672-894 d, fuel 66-193 kg
[11:20:56]   depth  6:  150 states (0 in H), t_end 814-1004 d, fuel 94-238 kg
[11:20:56]   depth  7:  150 states (0 in H), t_end 882-1444 d, fuel 127-289 kg
[11:20:56]   depth  8:  150 states (0 in H), t_end 1019-1592 d, fuel 157-323 kg
[11:20:56]   depth  9:  150 states (0 in H), t_end 1127-1600 d, fuel 177-366 kg
[11:20:56]   depth 10:  150 states (0 in H), t_end 1271-1603 d, fuel 205-401 kg
[11:20:56]   depth 11:  150 states (0 in H), t_end 1395-1608 d, fuel 214-415 kg
[11:20:56]   depth 12:   35 states (0 in H), t_end 1499-1616 d, fuel 276-440 kg
[11:20:56] candidates: 142 distinct committed target sets (n_new 1-3, potential 0-5)
[11:20:56] frontier: 16 candidates chosen (n fb / committed planner kg / continuation (lookahead) [full]; pot_mode lookahead, pot_cap None): 1fb/0kg/p6(5)[6], 1fb/0kg/p5(3)[5], 1fb/0kg/p5(3)[5], 1fb/0kg/p5(3)[5], 1fb/0kg/p5(4)[5], 1fb/0kg/p5(3)[5], 1fb/0kg/p5(3)[5], 1fb/0kg/p5(4)[5], 1fb/0kg/p4(3)[4], 1fb/0kg/p4(3)[4], 2fb/2kg/p0(0)[0], 2fb/4kg/p0(0)[0], 2fb/18kg/p5(5)[5], 3fb/29kg/p3(3)[3], 3fb/36kg/p0(0)[0], 3fb/38kg/p2(2)[2]
[11:20:56] budget: 214 s of 300 left for the settles + regrids (settle_wall 480)
[11:20:56] RESULT s00_r3: 16 columns; frontier 1fb 0 kg p4/4 | 2fb 0 kg p1/4 | 3fb 6 kg p2/3; settles 21 (21 ok), regrids 16 (16 ok); wall 86 s of 300 (plan 84, price 0, settle 2; budget hit None, 0 unsettled)
[11:20:57]     settle  2:  42 @    484 d -> ok lintwin tank 602.0 (+0.5) miss 0 km (0.5 s)
[11:20:58]     settle  2:  42 @    490 d -> ok lintwin tank 602.1 (+0.6) miss 7 km (0.7 s)
[11:20:58]   job s00_r3 root  columns  16  levels 12  settles 21/21  end plan_done  wall 86.4 s
[11:20:58]     settle  2:  29 @    469 d -> ok lintwin tank 601.5 (+0.0) miss 0 km (0.1 s)
[11:20:59]     settle  2: 230 @    443 d -> ok lintwin tank 603.9 (+2.4) miss 0 km (0.4 s)
[11:20:59]     settle  3: 281 @    538 d -> ok lintwin tank 604.9 (+1.0) miss 0 km (0.4 s)
[11:20:59]     settle  2: 294 @    334 d -> ok lintwin tank 613.9 (+12.4) miss 76 km (0.3 s)
[11:21:00]     settle  3:  37 @    537 d -> ok lam tank 625.7 (+11.8) miss 92 km (1.1 s)
[11:21:01]   regrid FAIL (3 fb: miss 4005 km, None, 0.7 s) -> column dropped
[11:21:01]     settle  2:   5 @    340 d -> ok lintwin tank 602.8 (+1.3) miss 0 km (0.1 s)
[11:21:01]     settle  3:  60 @    460 d -> ok lintwin tank 613.0 (+10.2) miss 5 km (0.1 s)
[11:21:01]   1 candidates dropped (settle failure / regrid failure / duplicate after truncation)
[11:21:01] RESULT s00_r2: 15 columns; frontier 1fb 0 kg p5/5 | 2fb 0 kg p5/5 | 3fb 3 kg p3/3; settles 21 (21 ok), regrids 16 (15 ok); wall 92 s of 300 (plan 86, price 0, settle 5; budget hit None, 0 unsettled)
[11:21:02]   job s00_r2 root  columns  15  levels 12  settles 21/21  end plan_done  wall 91.7 s
[11:21:11] plan: 1963 states, depth 14 new flybys, end plan_done (101 s); deepest 14 new to 1600 d at planner fuel 447 kg
[11:21:11]   depth  1:  192 states (192 in H), t_end 95-510 d, fuel 0-0 kg
[11:21:11]   depth  2:  150 states (150 in H), t_end 190-461 d, fuel 6-59 kg
[11:21:11]   depth  3:  150 states (128 in H), t_end 314-588 d, fuel 31-106 kg
[11:21:11]   depth  4:  150 states (16 in H), t_end 460-660 d, fuel 53-154 kg
[11:21:11]   depth  5:  150 states (0 in H), t_end 548-762 d, fuel 64-206 kg
[11:21:11]   depth  6:  150 states (0 in H), t_end 620-889 d, fuel 109-252 kg
[11:21:11]   depth  7:  150 states (0 in H), t_end 709-967 d, fuel 144-296 kg
[11:21:11]   depth  8:  150 states (0 in H), t_end 834-1440 d, fuel 175-338 kg
[11:21:11]   depth  9:  150 states (0 in H), t_end 944-1440 d, fuel 199-382 kg
[11:21:11]   depth 10:  150 states (0 in H), t_end 1009-1600 d, fuel 206-400 kg
[11:21:11]   depth 11:  150 states (0 in H), t_end 1194-1605 d, fuel 234-437 kg
[11:21:11]   depth 12:  150 states (0 in H), t_end 1291-1609 d, fuel 250-468 kg
[11:21:11]   depth 13:  114 states (0 in H), t_end 1441-1620 d, fuel 300-505 kg
[11:21:11]   depth 14:    7 states (0 in H), t_end 1538-1616 d, fuel 447-511 kg
[11:21:11] candidates: 213 distinct committed target sets (n_new 1-4, potential 0-5)
[11:21:11] frontier: 16 candidates chosen (n fb / committed planner kg / continuation (lookahead) [full]; pot_mode lookahead, pot_cap None): 1fb/0kg/p7(4)[7], 1fb/0kg/p7(5)[7], 1fb/0kg/p6(4)[6], 1fb/0kg/p6(3)[6], 1fb/0kg/p5(3)[5], 1fb/0kg/p5(3)[5], 2fb/6kg/p1(0)[1], 2fb/6kg/p0(0)[0], 2fb/53kg/p6(5)[6], 2fb/54kg/p6(4)[6], 3fb/34kg/p0(0)[0], 3fb/43kg/p0(0)[0], 3fb/62kg/p5(5)[5], 4fb/94kg/p2(2)[2], 4fb/96kg/p2(2)[2], 4fb/152kg/p4(4)[4]
[11:21:11] budget: 199 s of 300 left for the settles + regrids (settle_wall 480)
[11:21:12]     settle  2:  19 @    420 d -> ok lintwin tank 601.9 (+0.4) miss 0 km (0.6 s)
[11:21:12]     settle  2:  32 @    442 d -> ok lintwin tank 603.1 (+1.6) miss 48 km (0.4 s)
[11:21:12]     settle  2: 297 @    311 d -> ok lintwin tank 619.4 (+17.9) miss 18 km (0.1 s)
[11:21:12]     settle  2: 162 @    200 d -> ok lintwin tank 609.6 (+8.1) miss 1 km (0.1 s)
[11:21:13]     settle  3:  81 @    504 d -> ok lintwin tank 603.0 (+1.1) miss 90 km (0.3 s)
[11:21:13]     settle  2:   5 @    342 d -> ok lintwin tank 606.4 (+4.9) miss 52 km (0.1 s)
[11:21:13]     settle  3:  32 @    443 d -> ok lintwin tank 612.9 (+6.5) miss 0 km (0.1 s)
[11:21:13]     settle  3:  61 @    405 d -> ok lintwin tank 619.7 (+0.3) miss 1 km (0.1 s)
[11:21:13]     settle  2: 279 @    285 d -> ok lintwin tank 601.9 (+0.4) miss 92 km (0.1 s)
[11:21:13]     settle  3:  11 @    383 d -> ok lintwin tank 619.5 (+17.6) miss 20 km (0.1 s)
[11:21:14]     settle  4:  60 @    480 d -> ok lintwin tank 630.8 (+11.3) miss 3 km (0.2 s)
[11:21:14]     settle  3: 291 @    378 d -> ok lam tank 629.0 (+9.6) miss 76 km (0.8 s)
[11:21:16]     settle  4: 165 @    514 d -> ok lam tank 631.3 (+2.3) miss 57 km (1.1 s)
[11:21:16]   regrid FAIL (4 fb: miss 353761 km, None, 0.7 s) -> column dropped
[11:21:17]     settle  3: 128 @    356 d -> ok lintwin tank 631.8 (+22.1) miss 74 km (0.3 s)
[11:21:17]     settle  4:  28 @    465 d -> ok lintwin tank 651.2 (+19.5) miss 66 km (0.4 s)
[11:21:17]   1 candidates dropped (settle failure / regrid failure / duplicate after truncation)
[11:21:17] RESULT s00_r1: 15 columns; frontier 1fb 0 kg p4/5 | 2fb 0 kg p0/5 | 3fb 2 kg p0/5 | 4fb 29 kg p2/4; settles 23 (23 ok), regrids 16 (15 ok); wall 107 s of 300 (plan 101, price 0, settle 6; budget hit None, 0 unsettled)
[11:21:18]   job s00_r1 root  columns  15  levels 14  settles 23/23  end plan_done  wall 107.2 s
[11:21:18] [slice 0] propose: 104 columns (0 bad dropped) in 108.3 s
[11:21:18] [slice 0] auction: 104 columns, kept 104, dropped {}; lam 1.00 H_eff 540 d fuel budget 482 kg quota on
[11:21:18] [slice 0] auction: status optimal objective 31.108 vars 104 rows 40 chosen 8 fuel 127/482 kg (0.021 s)
[11:21:20] [slice 0] claims: c1:1 c2:5 c3:1 c4:2 c5:5 c6:2 c7:1  (17 targets: 0 kept, 17 new; 0 released, 0 expired (ttl 2), 1 conflicts)
[11:21:20] [slice 0 T=0 d] launched 8/8  covered 26  remaining 272  fuel 139 kg  sumJi 8.1009  chosen: r->c0:4(+24) r->c1:4(+35) r->c2:3(+18) r->c3:4(+29) r->c4:3(+3) r->c5:2(+0) r->c6:3(+6) r->c7:3(+11)  rejected: -  (wall 110 s)
[11:21:20] [slice 1] claims in force: c1:1 c2:5 c3:1 c4:2 c5:5 c6:2 c7:1  (17 targets; claim_bonus 0.5, ttl 2)
[11:21:20]   c0: claims: 0 own (prized +0.5), 17 claimed by others withheld
[11:21:20]   c1: claims: 1 own (prized +0.5), 16 claimed by others withheld
[11:21:20]   c2: claims: 5 own (prized +0.5), 12 claimed by others withheld
[11:21:20]   c3: claims: 1 own (prized +0.5), 16 claimed by others withheld
[11:21:20]   c4: claims: 2 own (prized +0.5), 15 claimed by others withheld
[11:21:20]   c5: claims: 5 own (prized +0.5), 12 claimed by others withheld
[11:21:20]   c6: claims: 2 own (prized +0.5), 15 claimed by others withheld
[11:21:20]   c7: claims: 1 own (prized +0.5), 16 claimed by others withheld
[11:21:20] [slice 1 T=540 d] propose: 8 jobs (8 craft, 0 root) on 9 workers, proposer planbeam, H_eff 540 d, lam 1.0
[11:21:20] job s01_c0 (craft, craft 0, planbeam): T 540 d H 540 L 360; plan horizon 2160 d; remaining 255; prize >1 on 18; width 150 npt 6 mc 150 dv 1.2 drmax 0.15 plan_wall 240 s; quota {'fil': 9, 'med': 17}
[11:21:20] job s01_c3 (craft, craft 3, planbeam): T 540 d H 540 L 360; plan horizon 2160 d; remaining 256; prize >1 on 19; width 150 npt 6 mc 150 dv 1.2 drmax 0.15 plan_wall 240 s; quota {'fil': 9, 'med': 18}
[11:21:20] job s01_c6 (craft, craft 6, planbeam): T 540 d H 540 L 360; plan horizon 2160 d; remaining 257; prize >1 on 20; width 150 npt 6 mc 150 dv 1.2 drmax 0.15 plan_wall 240 s; quota {'fil': 11, 'med': 16}
[11:21:20] job s01_c4 (craft, craft 4, planbeam): T 540 d H 540 L 360; plan horizon 2160 d; remaining 257; prize >1 on 20; width 150 npt 6 mc 150 dv 1.2 drmax 0.15 plan_wall 240 s; quota {'fil': 10, 'med': 17}
[11:21:20] job s01_c2 (craft, craft 2, planbeam): T 540 d H 540 L 360; plan horizon 2160 d; remaining 260; prize >1 on 23; width 150 npt 6 mc 150 dv 1.2 drmax 0.15 plan_wall 240 s; quota {'fil': 10, 'med': 18}
[11:21:20] job s01_c5 (craft, craft 5, planbeam): T 540 d H 540 L 360; plan horizon 2160 d; remaining 260; prize >1 on 23; width 150 npt 6 mc 150 dv 1.2 drmax 0.15 plan_wall 240 s; quota {'fil': 11, 'med': 17}
[11:21:20] job s01_c1 (craft, craft 1, planbeam): T 540 d H 540 L 360; plan horizon 2160 d; remaining 256; prize >1 on 19; width 150 npt 6 mc 150 dv 1.2 drmax 0.15 plan_wall 240 s; quota {'fil': 10, 'med': 17}
[11:21:20] job s01_c7 (craft, craft 7, planbeam): T 540 d H 540 L 360; plan horizon 2160 d; remaining 256; prize >1 on 19; width 150 npt 6 mc 150 dv 1.2 drmax 0.15 plan_wall 240 s; quota {'fil': 11, 'med': 17}
[11:21:20] prefix slices/s01/in/craft_5.npz: 2 flybys, t_end 467.6 d, tank 601.5 kg (planner view), miss 0.0 km, nreg 18
[11:21:20] budget: job_wall 300 s, 300 s left before the plan -> plan cap 210 s (plan_wall 240, settle_reserve 90)
[11:21:20] prefix slices/s01/in/craft_7.npz: 3 flybys, t_end 538.0 d, tank 612.8 kg (planner view), miss 88.9 km, nreg 16
[11:21:20] budget: job_wall 300 s, 300 s left before the plan -> plan cap 210 s (plan_wall 240, settle_reserve 90)
[11:21:20] prefix slices/s01/in/craft_4.npz: 3 flybys, t_end 537.1 d, tank 604.9 kg (planner view), miss 0.0 km, nreg 23
[11:21:20] budget: job_wall 300 s, 300 s left before the plan -> plan cap 210 s (plan_wall 240, settle_reserve 90)
[11:21:20] prefix slices/s01/in/craft_2.npz: 3 flybys, t_end 405.8 d, tank 619.7 kg (planner view), miss 1.1 km, nreg 19
[11:21:20] budget: job_wall 300 s, 300 s left before the plan -> plan cap 210 s (plan_wall 240, settle_reserve 90)
[11:21:20] prefix slices/s01/in/craft_0.npz: 4 flybys, t_end 412.8 d, tank 625.0 kg (planner view), miss 0.5 km, nreg 23
[11:21:20] prefix slices/s01/in/craft_6.npz: 3 flybys, t_end 510.4 d, tank 607.5 kg (planner view), miss 0.0 km, nreg 19
[11:21:20] budget: job_wall 300 s, 300 s left before the plan -> plan cap 210 s (plan_wall 240, settle_reserve 90)
[11:21:20] budget: job_wall 300 s, 300 s left before the plan -> plan cap 210 s (plan_wall 240, settle_reserve 90)
[11:21:20] prefix slices/s01/in/craft_3.npz: 4 flybys, t_end 480.3 d, tank 630.8 kg (planner view), miss 0.0 km, nreg 23
[11:21:20] budget: job_wall 300 s, 300 s left before the plan -> plan cap 210 s (plan_wall 240, settle_reserve 90)
[11:21:20] prefix slices/s01/in/craft_1.npz: 4 flybys, t_end 499.8 d, tank 636.5 kg (planner view), miss 0.2 km, nreg 28
[11:21:20] budget: job_wall 300 s, 300 s left before the plan -> plan cap 210 s (plan_wall 240, settle_reserve 90)
[11:21:24] first level (both): 0 production + 86 relaxed (dv 2.5, 0.3 AU; 0.1 s) + 77 lintwin children -> 119 unique (4.3 s)
[11:21:24] plan start: prefix 2 flybys, t_end 467.6 d, planner mass 1600.0 kg (dv 0.000 km/s); 119 first-level states
[11:21:24] first level (both): 0 production + 32 relaxed (dv 2.5, 0.3 AU; 0.1 s) + 65 lintwin children -> 85 unique (4.3 s)
[11:21:24] plan start: prefix 3 flybys, t_end 538.0 d, planner mass 1570.5 kg (dv 0.730 km/s); 85 first-level states
[11:21:25] first level (both): 0 production + 45 relaxed (dv 2.5, 0.3 AU; 0.1 s) + 81 lintwin children -> 110 unique (4.8 s)
[11:21:25] plan start: prefix 3 flybys, t_end 510.4 d, planner mass 1584.2 kg (dv 0.388 km/s); 110 first-level states
[11:21:25] first level (both): 0 production + 73 relaxed (dv 2.5, 0.3 AU; 0.1 s) + 71 lintwin children -> 110 unique (5.1 s)
[11:21:25] plan start: prefix 3 flybys, t_end 537.1 d, planner mass 1591.1 kg (dv 0.218 km/s); 110 first-level states
[11:21:25] first level (both): 0 production + 67 relaxed (dv 2.5, 0.3 AU; 0.1 s) + 107 lintwin children -> 145 unique (5.1 s)
[11:21:25] plan start: prefix 3 flybys, t_end 405.8 d, planner mass 1552.9 kg (dv 1.171 km/s); 145 first-level states
[11:21:25] first level (both): 0 production + 47 relaxed (dv 2.5, 0.3 AU; 0.1 s) + 75 lintwin children -> 102 unique (5.2 s)
[11:21:25] plan start: prefix 4 flybys, t_end 480.3 d, planner mass 1525.7 kg (dv 1.864 km/s); 102 first-level states
[11:21:26] first level (both): 0 production + 36 relaxed (dv 2.5, 0.3 AU; 0.1 s) + 89 lintwin children -> 105 unique (5.7 s)
[11:21:26] plan start: prefix 4 flybys, t_end 412.8 d, planner mass 1539.8 kg (dv 1.504 km/s); 105 first-level states
[11:21:26] first level (both): 0 production + 77 relaxed (dv 2.5, 0.3 AU; 0.1 s) + 71 lintwin children -> 118 unique (5.7 s)
[11:21:26] plan start: prefix 4 flybys, t_end 499.8 d, planner mass 1511.9 kg (dv 2.220 km/s); 118 first-level states
[11:22:28] plan: 1301 states, depth 11 new flybys, end plan_done (68 s); deepest 11 new to 2149 d at planner fuel 500 kg
[11:22:28]   depth  1:  102 states (83 in H), t_end 610-1188 d, fuel 85-185 kg
[11:22:28]   depth  2:  150 states (137 in H), t_end 760-1442 d, fuel 107-226 kg
[11:22:28]   depth  3:  150 states (6 in H), t_end 970-1990 d, fuel 114-257 kg
[11:22:28]   depth  4:  150 states (0 in H), t_end 1090-1991 d, fuel 128-270 kg
[11:22:28]   depth  5:  150 states (0 in H), t_end 1317-1901 d, fuel 167-317 kg
[11:22:28]   depth  6:  150 states (0 in H), t_end 1490-2159 d, fuel 197-360 kg
[11:22:28]   depth  7:  150 states (0 in H), t_end 1708-2160 d, fuel 236-368 kg
[11:22:28]   depth  8:  150 states (0 in H), t_end 1850-2160 d, fuel 253-408 kg
[11:22:28]   depth  9:  127 states (0 in H), t_end 1965-2160 d, fuel 281-446 kg
[11:22:28]   depth 10:   21 states (0 in H), t_end 2099-2160 d, fuel 332-475 kg
[11:22:28]   depth 11:    1 states (0 in H), t_end 2149-2149 d, fuel 500-500 kg
[11:22:28] candidates: 132 distinct committed target sets (n_new 1-3, potential 0-3)
[11:22:28] frontier: 16 candidates chosen (n fb / committed planner kg / continuation (lookahead) [full]; pot_mode lookahead, pot_cap None): 1fb/85kg/p3(3)[3], 1fb/89kg/p1(0)[1], 1fb/129kg/p3(2)[3], 1fb/131kg/p4(2)[4], 1fb/135kg/p4(2)[4], 1fb/136kg/p2(1)[2], 1fb/136kg/p2(1)[2], 1fb/156kg/p4(2)[4], 1fb/175kg/p2(1)[2], 2fb/107kg/p2(2)[2], 2fb/116kg/p1(1)[1], 2fb/151kg/p3(2)[3], 2fb/185kg/p2(2)[2], 3fb/179kg/p2(2)[2], 3fb/200kg/p2(2)[2], 3fb/217kg/p2(2)[2]
[11:22:28] budget: 232 s of 300 left for the settles + regrids (settle_wall 480)
[11:22:29]     settle  5: 124 @    867 d -> ok lintwin tank 651.5 (+20.7) miss 14 km (0.5 s)
[11:22:29]     settle  5: 182 @    696 d -> ok lintwin tank 636.2 (+5.4) miss 2 km (0.2 s)
[11:22:30]     settle  5: 141 @    762 d -> ok lintwin tank 648.6 (+17.9) miss 79 km (0.7 s)
[11:22:31]     settle  5: 106 @    610 d -> ok lintwin tank 657.1 (+26.3) miss 57 km (0.4 s)
[11:22:31]     settle  5: 110 @    758 d -> ok lintwin tank 671.5 (+40.7) miss 64 km (0.4 s)
[11:22:32]     settle  5:  30 @    786 d -> ok lintwin tank 676.0 (+45.2) miss 80 km (1.0 s)
[11:22:32] plan: 1454 states, depth 11 new flybys, end plan_done (72 s); deepest 11 new to 2115 d at planner fuel 341 kg
[11:22:32]   depth  1:   85 states (77 in H), t_end 656-1174 d, fuel 30-147 kg
[11:22:32]   depth  2:  150 states (77 in H), t_end 793-1664 d, fuel 64-181 kg
[11:22:32]   depth  3:  150 states (16 in H), t_end 1012-1627 d, fuel 87-229 kg
[11:22:32]   depth  4:  150 states (0 in H), t_end 1116-1628 d, fuel 102-252 kg
[11:22:32]   depth  5:  150 states (0 in H), t_end 1275-1940 d, fuel 116-277 kg
[11:22:32]   depth  6:  150 states (0 in H), t_end 1381-2123 d, fuel 149-275 kg
[11:22:32]   depth  7:  150 states (0 in H), t_end 1493-2155 d, fuel 179-294 kg
[11:22:32]   depth  8:  150 states (0 in H), t_end 1637-2117 d, fuel 228-322 kg
[11:22:32]   depth  9:  150 states (0 in H), t_end 1776-2139 d, fuel 266-355 kg
[11:22:32]   depth 10:  128 states (0 in H), t_end 1944-2158 d, fuel 283-370 kg
[11:22:32]   depth 11:   41 states (0 in H), t_end 1983-2158 d, fuel 341-389 kg
[11:22:32] candidates: 117 distinct committed target sets (n_new 1-3, potential 0-3)
[11:22:32] frontier: 16 candidates chosen (n fb / committed planner kg / continuation (lookahead) [full]; pot_mode lookahead, pot_cap None): 1fb/33kg/p1(0)[1], 1fb/41kg/p1(1)[1], 1fb/48kg/p4(3)[4], 1fb/63kg/p3(2)[3], 1fb/76kg/p5(3)[5], 1fb/83kg/p4(2)[4], 1fb/95kg/p4(3)[4], 1fb/128kg/p3(2)[3], 1fb/137kg/p3(2)[3], 2fb/64kg/p0(0)[0], 2fb/66kg/p0(0)[0], 2fb/89kg/p4(3)[4], 3fb/106kg/p3(3)[3], 3fb/115kg/p3(3)[3], 3fb/129kg/p2(2)[2], 3fb/139kg/p3(3)[3]
[11:22:32] budget: 228 s of 300 left for the settles + regrids (settle_wall 480)
[11:22:33]     settle  5: 161 @    762 d -> ok lintwin tank 648.6 (+17.8) miss 51 km (0.5 s)
[11:22:33]     settle  4: 163 @    921 d -> ok lintwin tank 621.3 (+8.5) miss 12 km (0.6 s)
[11:22:33]     settle  4:  37 @   1010 d -> ok lintwin tank 617.8 (+5.0) miss 94 km (0.2 s)
[11:22:33]     settle  4: 102 @    797 d -> ok lintwin tank 619.2 (+6.4) miss 5 km (0.2 s)
[11:22:35]     settle  5: 267 @    639 d -> ok lintwin tank 759.3 (+128.6) miss 1 km (1.7 s)
[11:22:36]     settle  5: 256 @    799 d -> ok lintwin tank 670.2 (+39.4) miss 81 km (0.7 s)
[11:22:36]     settle  6: 183 @   1077 d -> ok lintwin tank 663.6 (+12.1) miss 32 km (0.8 s)
[11:22:37]     settle  6: 298 @   1058 d -> ok lintwin tank 664.4 (+12.9) miss 45 km (0.5 s)
[11:22:38]     settle  6: 141 @    764 d -> ok lintwin tank 669.9 (+12.8) miss 72 km (0.8 s)
[11:22:39]     settle  5: 124 @    850 d -> ok lintwin tank 651.5 (+20.7) miss 9 km (0.5 s)
[11:22:39]     settle  6:  21 @   1040 d -> ok lintwin tank 665.0 (+13.5) miss 7 km (0.5 s)
[11:22:39]     settle  4: 107 @    850 d -> FAIL [('lam', 59330478.5)] (5.8 s)
[11:22:40]     settle  4: 294 @    656 d -> ok lintwin tank 631.6 (+18.8) miss 7 km (0.2 s)
[11:22:40]     settle  7: 204 @    970 d -> ok lintwin tank 677.1 (+7.2) miss 89 km (0.4 s)
[11:22:40]     settle  4: 121 @    767 d -> ok lintwin tank 632.0 (+19.2) miss 43 km (0.6 s)
[11:22:41]     settle  6: 273 @    976 d -> ok lintwin tank 678.0 (+6.5) miss 0 km (1.4 s)
[11:22:43]     settle  7: 195 @   1073 d -> ok lintwin tank 686.4 (+8.4) miss 70 km (1.2 s)
[11:22:43] plan: 1555 states, depth 12 new flybys, end plan_done (82 s); deepest 12 new to 2157 d at planner fuel 481 kg
[11:22:43]   depth  1:  118 states (105 in H), t_end 631-1208 d, fuel 90-200 kg
[11:22:43]   depth  2:  150 states (112 in H), t_end 770-1484 d, fuel 126-246 kg
[11:22:43]   depth  3:  150 states (37 in H), t_end 849-1395 d, fuel 139-280 kg
[11:22:43]   depth  4:  150 states (3 in H), t_end 1019-1857 d, fuel 177-319 kg
[11:22:43]   depth  5:  150 states (0 in H), t_end 1229-2089 d, fuel 195-338 kg
[11:22:43]   depth  6:  150 states (0 in H), t_end 1338-2123 d, fuel 231-380 kg
[11:22:43]   depth  7:  150 states (0 in H), t_end 1462-2147 d, fuel 303-401 kg
[11:22:43]   depth  8:  150 states (0 in H), t_end 1621-2158 d, fuel 335-434 kg
[11:22:43]   depth  9:  150 states (0 in H), t_end 1739-2151 d, fuel 374-471 kg
[11:22:43]   depth 10:  150 states (0 in H), t_end 1804-2143 d, fuel 396-480 kg
[11:22:43]   depth 11:   76 states (0 in H), t_end 1976-2157 d, fuel 405-510 kg
[11:22:43]   depth 12:   11 states (0 in H), t_end 2091-2157 d, fuel 481-544 kg
[11:22:43] candidates: 118 distinct committed target sets (n_new 1-4, potential 0-3)
[11:22:43] frontier: 16 candidates chosen (n fb / committed planner kg / continuation (lookahead) [full]; pot_mode lookahead, pot_cap None): 1fb/90kg/p3(3)[3], 1fb/94kg/p0(0)[0], 1fb/155kg/p4(2)[4], 1fb/192kg/p4(3)[4], 1fb/193kg/p2(1)[2], 1fb/196kg/p3(2)[3], 1fb/200kg/p5(2)[5], 2fb/131kg/p0(0)[0], 2fb/138kg/p1(1)[1], 2fb/198kg/p3(2)[3], 2fb/207kg/p4(2)[4], 3fb/202kg/p1(1)[1], 3fb/225kg/p1(1)[1], 3fb/243kg/p3(3)[3], 4fb/284kg/p1(1)[1], 4fb/293kg/p2(2)[2]
[11:22:43] budget: 217 s of 300 left for the settles + regrids (settle_wall 480)
[11:22:43]     settle  5: 290 @    780 d -> ok lintwin tank 637.1 (+0.6) miss 2 km (0.2 s)
[11:22:43]     settle  5: 107 @    841 d -> ok lintwin tank 639.8 (+3.3) miss 28 km (0.2 s)
[11:22:44]     settle  5: 136 @    651 d -> ok lintwin tank 660.8 (+24.2) miss 65 km (0.4 s)
[11:22:44]     settle  5:  56 @    725 d -> ok lintwin tank 666.4 (+29.9) miss 7 km (0.3 s)
[11:22:44]     settle  6: 286 @    977 d -> ok lintwin tank 683.7 (+12.2) miss 1 km (1.3 s)
[11:22:45]     settle  7: 195 @   1075 d -> ok lintwin tank 689.6 (+5.9) miss 57 km (0.4 s)
[11:22:45] RESULT s01_c3: 16 columns; frontier 1fb 5 kg p0/3 | 2fb 33 kg p2/2 | 3fb 46 kg p2/2; settles 19 (19 ok), regrids 16 (16 ok); wall 85 s of 300 (plan 68, price 0, settle 16; budget hit None, 0 unsettled)
[11:22:45]     settle  4:  76 @    782 d -> FAIL [('lam', 4604677.6)] (4.2 s)
[11:22:46]     settle  5: 261 @    715 d -> ok lintwin tank 737.3 (+100.7) miss 63 km (1.3 s)
[11:22:46]     settle  4: 193 @    689 d -> ok lintwin tank 684.3 (+71.5) miss 63 km (0.6 s)
[11:22:46]   job s01_c3 craft columns  16  levels 11  settles 19/19  end plan_done  wall 84.7 s
[11:22:47]     settle  5:  31 @    680 d -> ok lintwin tank 701.4 (+64.9) miss 71 km (1.4 s)
[11:22:47]     settle  5: 173 @    650 d -> ok lintwin tank 661.5 (+25.0) miss 37 km (0.2 s)
[11:22:48]     settle  4: 224 @    820 d -> FAIL [('lam', 103032119.2)] (1.9 s)
[11:22:48]     settle  4: 182 @    784 d -> ok lintwin tank 621.5 (+8.7) miss 17 km (0.2 s)
[11:22:48]     settle  5: 165 @    993 d -> ok lintwin tank 623.3 (+1.8) miss 2 km (0.1 s)
[11:22:48]     settle  4:   9 @    803 d -> ok lintwin tank 621.7 (+8.9) miss 81 km (0.2 s)
[11:22:49]     settle  5:  86 @   1018 d -> ok lintwin tank 623.1 (+1.4) miss 1 km (0.1 s)
[11:22:49]     settle  5:  76 @    853 d -> ok lintwin tank 652.8 (+16.3) miss 64 km (1.1 s)
[11:22:49]     settle  5: 102 @    793 d -> ok lintwin tank 633.6 (+2.0) miss 6 km (0.1 s)
[11:22:49] plan: 1715 states, depth 13 new flybys, end plan_done (89 s); deepest 13 new to 2132 d at planner fuel 406 kg
[11:22:49]   depth  1:  119 states (107 in H), t_end 574-1189 d, fuel 7-123 kg
[11:22:49]   depth  2:  150 states (120 in H), t_end 719-1498 d, fuel 26-166 kg
[11:22:49]   depth  3:  150 states (57 in H), t_end 814-1712 d, fuel 37-186 kg
[11:22:49]   depth  4:  150 states (12 in H), t_end 882-1443 d, fuel 82-214 kg
[11:22:49]   depth  5:  150 states (0 in H), t_end 1165-1791 d, fuel 84-252 kg
[11:22:49]   depth  6:  150 states (0 in H), t_end 1359-2135 d, fuel 110-285 kg
[11:22:49]   depth  7:  150 states (0 in H), t_end 1461-2145 d, fuel 200-328 kg
[11:22:49]   depth  8:  150 states (0 in H), t_end 1529-2160 d, fuel 211-362 kg
[11:22:49]   depth  9:  150 states (0 in H), t_end 1649-2160 d, fuel 248-398 kg
[11:22:49]   depth 10:  150 states (0 in H), t_end 1779-2159 d, fuel 265-412 kg
[11:22:49]   depth 11:  150 states (0 in H), t_end 1873-2158 d, fuel 286-444 kg
[11:22:49]   depth 12:   90 states (0 in H), t_end 1984-2160 d, fuel 317-444 kg
[11:22:49]   depth 13:    6 states (0 in H), t_end 2109-2145 d, fuel 406-466 kg
[11:22:49] candidates: 152 distinct committed target sets (n_new 1-4, potential 0-2)
[11:22:49] frontier: 16 candidates chosen (n fb / committed planner kg / continuation (lookahead) [full]; pot_mode lookahead, pot_cap None): 1fb/10kg/p1(1)[1], 1fb/11kg/p0(0)[0], 1fb/18kg/p4(2)[4], 1fb/19kg/p4(2)[4], 1fb/35kg/p5(2)[5], 1fb/86kg/p2(0)[2], 2fb/26kg/p1(1)[1], 2fb/28kg/p0(0)[0], 2fb/61kg/p4(2)[4], 2fb/63kg/p3(1)[3], 3fb/50kg/p0(0)[0], 3fb/66kg/p0(0)[0], 3fb/107kg/p3(2)[3], 4fb/115kg/p1(1)[1], 4fb/120kg/p1(1)[1], 4fb/141kg/p2(2)[2]
[11:22:49] budget: 211 s of 300 left for the settles + regrids (settle_wall 480)
[11:22:49]     settle  3: 178 @    812 d -> ok lintwin tank 605.0 (+3.5) miss 4 km (0.2 s)
[11:22:49]     settle  6:  37 @   1012 d -> ok lintwin tank 638.9 (+5.3) miss 6 km (0.3 s)
[11:22:49]     settle  6: 266 @    936 d -> ok lintwin tank 662.9 (+10.1) miss 35 km (0.5 s)
[11:22:50]     settle  3: 134 @    857 d -> ok lintwin tank 605.5 (+4.0) miss 0 km (0.4 s)
[11:22:50]     settle  6: 189 @   1055 d -> ok lintwin tank 655.4 (+18.3) miss 1 km (0.2 s)
[11:22:50]     settle  3:  47 @    699 d -> ok lintwin tank 606.4 (+4.9) miss 8 km (0.2 s)
[11:22:50]     settle  6:  68 @   1033 d -> ok lintwin tank 635.9 (+2.3) miss 64 km (0.7 s)
[11:22:50]     settle  3:  48 @    574 d -> ok lintwin tank 608.5 (+7.0) miss 0 km (0.2 s)
[11:22:50]     settle  5: 173 @    631 d -> ok lintwin tank 661.6 (+25.1) miss 72 km (0.6 s)
[11:22:51]     settle  3:   1 @    639 d -> ok lintwin tank 613.1 (+11.6) miss 0 km (0.2 s)
[11:22:51]     settle  6:  86 @   1019 d -> ok lintwin tank 648.0 (+14.4) miss 45 km (0.7 s)
[11:22:51]     settle  3:  35 @    736 d -> ok lintwin tank 629.5 (+28.0) miss 13 km (0.3 s)
[11:22:51]     settle  5: 102 @    796 d -> ok lintwin tank 633.9 (+2.2) miss 39 km (0.1 s)
[11:22:51]     settle  6: 224 @    851 d -> ok lintwin tank 668.9 (+7.3) miss 70 km (0.7 s)
[11:22:51]     settle  4:  10 @    882 d -> ok lintwin tank 611.8 (+5.4) miss 0 km (0.2 s)
[11:22:52]     settle  6: 194 @   1056 d -> ok lintwin tank 642.6 (+8.7) miss 83 km (0.4 s)
[11:22:52]     settle  4: 295 @    986 d -> ok lintwin tank 611.5 (+5.1) miss 8 km (0.3 s)
[11:22:52]   3 candidates dropped (settle failure / regrid failure / duplicate after truncation)
[11:22:52] RESULT s01_c7: 13 columns; frontier 1fb 5 kg p1/3 | 2fb 10 kg p0/3 | 3fb 23 kg p3/3; settles 21 (16 ok), regrids 13 (13 ok); wall 92 s of 300 (plan 72, price 0, settle 20; budget hit None, 0 unsettled)
[11:22:52]     settle  4:  47 @    719 d -> ok lintwin tank 614.8 (+1.8) miss 2 km (0.2 s)
[11:22:52]     settle  6: 290 @    774 d -> ok lintwin tank 682.0 (+20.5) miss 60 km (0.7 s)
[11:22:52] plan: 1730 states, depth 13 new flybys, end plan_done (92 s); deepest 13 new to 2064 d at planner fuel 482 kg
[11:22:52]   depth  1:  145 states (129 in H), t_end 545-1193 d, fuel 58-161 kg
[11:22:52]   depth  2:  150 states (89 in H), t_end 656-1474 d, fuel 74-204 kg
[11:22:52]   depth  3:  150 states (33 in H), t_end 736-1707 d, fuel 112-239 kg
[11:22:52]   depth  4:  150 states (14 in H), t_end 936-2087 d, fuel 128-265 kg
[11:22:52]   depth  5:  150 states (0 in H), t_end 1086-2126 d, fuel 162-307 kg
[11:22:52]   depth  6:  150 states (0 in H), t_end 1226-2124 d, fuel 197-344 kg
[11:22:52]   depth  7:  150 states (0 in H), t_end 1398-2159 d, fuel 212-379 kg
[11:22:52]   depth  8:  150 states (0 in H), t_end 1508-2156 d, fuel 254-396 kg
[11:22:52]   depth  9:  150 states (0 in H), t_end 1647-2160 d, fuel 297-417 kg
[11:22:52]   depth 10:  150 states (0 in H), t_end 1757-2159 d, fuel 347-439 kg
[11:22:52]   depth 11:  150 states (0 in H), t_end 1841-2160 d, fuel 367-462 kg
[11:22:52]   depth 12:   79 states (0 in H), t_end 1891-2160 d, fuel 408-489 kg
[11:22:52]   depth 13:    6 states (0 in H), t_end 2064-2156 d, fuel 482-522 kg
[11:22:52] candidates: 158 distinct committed target sets (n_new 1-4, potential 0-3)
[11:22:52] frontier: 16 candidates chosen (n fb / committed planner kg / continuation (lookahead) [full]; pot_mode lookahead, pot_cap None): 1fb/59kg/p5(3)[5], 1fb/61kg/p4(1)[4], 1fb/82kg/p4(1)[4], 1fb/129kg/p6(3)[6], 2fb/80kg/p0(0)[0], 2fb/86kg/p0(0)[0], 2fb/89kg/p3(2)[3], 2fb/98kg/p3(1)[3], 2fb/106kg/p4(3)[4], 2fb/138kg/p5(3)[5], 3fb/112kg/p0(0)[0], 3fb/123kg/p0(0)[0], 3fb/192kg/p4(3)[4], 4fb/181kg/p1(1)[1], 4fb/181kg/p1(1)[1], 4fb/225kg/p3(3)[3]
[11:22:52] budget: 208 s of 300 left for the settles + regrids (settle_wall 480)
[11:22:52]   job s01_c7 craft columns  13  levels 11  settles 16/21  end plan_done  wall 91.6 s
[11:22:52]     settle  4: 178 @    814 d -> ok lintwin tank 618.2 (+5.1) miss 49 km (0.2 s)
[11:22:52] plan: 1745 states, depth 13 new flybys, end plan_done (92 s); deepest 13 new to 2156 d at planner fuel 471 kg
[11:22:52]   depth  1:  105 states (95 in H), t_end 548-1185 d, fuel 70-173 kg
[11:22:52]   depth  2:  150 states (146 in H), t_end 697-1525 d, fuel 87-213 kg
[11:22:52]   depth  3:  150 states (33 in H), t_end 750-1536 d, fuel 130-251 kg
[11:22:52]   depth  4:  150 states (13 in H), t_end 927-1326 d, fuel 156-292 kg
[11:22:52]   depth  5:  150 states (2 in H), t_end 1055-1434 d, fuel 210-329 kg
[11:22:52]   depth  6:  150 states (0 in H), t_end 1212-1894 d, fuel 238-347 kg
[11:22:52]   depth  7:  150 states (0 in H), t_end 1323-2158 d, fuel 260-380 kg
[11:22:52]   depth  8:  150 states (0 in H), t_end 1417-2159 d, fuel 287-407 kg
[11:22:52]   depth  9:  150 states (0 in H), t_end 1571-2160 d, fuel 319-442 kg
[11:22:52]   depth 10:  150 states (0 in H), t_end 1647-2157 d, fuel 336-475 kg
[11:22:52]   depth 11:  150 states (0 in H), t_end 1822-2112 d, fuel 365-490 kg
[11:22:52]   depth 12:  139 states (0 in H), t_end 1998-2160 d, fuel 390-525 kg
[11:22:52]   depth 13:    1 states (0 in H), t_end 2156-2156 d, fuel 471-471 kg
[11:22:52]     settle  4: 207 @    661 d -> ok lintwin tank 624.1 (+4.4) miss 0 km (0.2 s)
[11:22:52] candidates: 179 distinct committed target sets (n_new 1-5, potential 0-4)
[11:22:52] frontier: 16 candidates chosen (n fb / committed planner kg / continuation (lookahead) [full]; pot_mode lookahead, pot_cap None): 1fb/76kg/p0(0)[0], 1fb/78kg/p1(0)[1], 1fb/102kg/p6(3)[6], 1fb/136kg/p6(3)[6], 1fb/166kg/p7(4)[7], 1fb/167kg/p6(3)[6], 2fb/87kg/p0(0)[0], 2fb/92kg/p0(0)[0], 2fb/212kg/p6(4)[6], 3fb/137kg/p0(0)[0], 3fb/149kg/p0(0)[0], 3fb/244kg/p5(4)[5], 4fb/206kg/p3(3)[3], 4fb/214kg/p3(3)[3], 4fb/267kg/p4(4)[4], 5fb/295kg/p2(2)[2]
[11:22:52] budget: 208 s of 300 left for the settles + regrids (settle_wall 480)
[11:22:53]     settle  4:  47 @    724 d -> ok lintwin tank 614.8 (+1.8) miss 2 km (0.2 s)
[11:22:53]     settle  4: 111 @    606 d -> ok lintwin tank 628.2 (+8.5) miss 5 km (0.2 s)
[11:22:53]     settle  5: 104 @    946 d -> ok lintwin tank 617.4 (+2.6) miss 0 km (0.2 s)
[11:22:53] plan: 1767 states, depth 14 new flybys, end plan_done (93 s); deepest 14 new to 2131 d at planner fuel 483 kg
[11:22:53]   depth  1:  110 states (91 in H), t_end 643-1175 d, fuel 18-132 kg
[11:22:53]   depth  2:  150 states (111 in H), t_end 783-1487 d, fuel 44-173 kg
[11:22:53]   depth  3:  150 states (14 in H), t_end 906-1486 d, fuel 92-210 kg
[11:22:53]   depth  4:  150 states (1 in H), t_end 975-1488 d, fuel 124-197 kg
[11:22:53]   depth  5:  150 states (0 in H), t_end 1165-1869 d, fuel 143-238 kg
[11:22:53]   depth  6:  150 states (0 in H), t_end 1259-2137 d, fuel 173-280 kg
[11:22:53]   depth  7:  150 states (0 in H), t_end 1415-2154 d, fuel 197-319 kg
[11:22:53]   depth  8:  150 states (0 in H), t_end 1539-2153 d, fuel 229-351 kg
[11:22:53]   depth  9:  150 states (0 in H), t_end 1645-2158 d, fuel 277-390 kg
[11:22:53]   depth 10:  150 states (0 in H), t_end 1721-2157 d, fuel 306-421 kg
[11:22:53]   depth 11:  150 states (0 in H), t_end 1818-2075 d, fuel 318-457 kg
[11:22:53]   depth 12:  134 states (0 in H), t_end 1955-2160 d, fuel 400-487 kg
[11:22:53]   depth 13:   21 states (0 in H), t_end 2020-2159 d, fuel 435-496 kg
[11:22:53]   depth 14:    2 states (0 in H), t_end 2130-2131 d, fuel 483-484 kg
[11:22:53] candidates: 149 distinct committed target sets (n_new 1-4, potential 0-4)
[11:22:53] frontier: 16 candidates chosen (n fb / committed planner kg / continuation (lookahead) [full]; pot_mode lookahead, pot_cap None): 1fb/18kg/p1(0)[1], 1fb/35kg/p0(0)[0], 1fb/60kg/p2(1)[2], 1fb/64kg/p6(3)[6], 1fb/69kg/p2(0)[2], 1fb/79kg/p2(1)[2], 1fb/88kg/p2(1)[2], 1fb/113kg/p2(2)[2], 2fb/53kg/p0(0)[0], 2fb/64kg/p0(0)[0], 2fb/106kg/p5(3)[5], 3fb/126kg/p3(3)[3], 3fb/126kg/p1(1)[1], 3fb/128kg/p4(4)[4], 3fb/149kg/p4(3)[4], 4fb/190kg/p3(3)[3]
[11:22:53] budget: 207 s of 300 left for the settles + regrids (settle_wall 480)
[11:22:53]     settle  3:  47 @    712 d -> ok lintwin tank 606.4 (+4.9) miss 9 km (0.1 s)
[11:22:53]     settle  5:  25 @   1004 d -> ok lintwin tank 645.5 (+20.5) miss 17 km (0.7 s)
[11:22:53]     settle  4: 126 @    857 d -> ok lintwin tank 608.4 (+0.9) miss 0 km (0.3 s)
[11:22:53]     settle  6: 224 @    856 d -> ok lintwin tank 668.8 (+7.2) miss 68 km (1.0 s)
[11:22:53]     settle  4: 178 @    811 d -> ok lintwin tank 606.5 (+0.1) miss 1 km (0.1 s)
[11:22:54]     settle  5: 104 @    946 d -> ok lintwin tank 616.7 (+10.1) miss 1 km (0.3 s)
[11:22:54]     settle  5: 236 @    672 d -> ok lintwin tank 634.5 (+9.5) miss 81 km (0.3 s)
[11:22:54]     settle  4: 135 @    731 d -> ok lintwin tank 633.7 (+14.0) miss 84 km (0.9 s)
[11:22:54]     settle  4: 242 @   1069 d -> ok lintwin tank 614.2 (+6.7) miss 6 km (0.5 s)
[11:22:54]     settle  5: 178 @    815 d -> ok lintwin tank 627.4 (+12.6) miss 0 km (0.2 s)
[11:22:54]     settle  4:  71 @    576 d -> ok lintwin tank 624.4 (+4.7) miss 0 km (0.2 s)
[11:22:54]     settle  4: 183 @    679 d -> ok lintwin tank 633.1 (+25.6) miss 38 km (0.2 s)
[11:22:54]     settle  5:  10 @    880 d -> ok lintwin tank 622.7 (+7.8) miss 0 km (0.3 s)
[11:22:54]     settle  5: 294 @    651 d -> ok lintwin tank 656.1 (+31.1) miss 19 km (0.6 s)
[11:22:55]     settle  7: 247 @   1000 d -> ok lintwin tank 678.1 (+9.2) miss 62 km (1.3 s)
[11:22:55]     settle  4:  63 @    713 d -> ok lintwin tank 625.1 (+17.6) miss 2 km (0.3 s)
[11:22:55]     settle  4:  81 @    796 d -> ok lintwin tank 633.4 (+13.6) miss 63 km (0.5 s)
[11:22:55]     settle  6: 295 @    999 d -> ok lintwin tank 630.7 (+8.0) miss 1 km (0.3 s)
[11:22:55] plan: 1801 states, depth 13 new flybys, end plan_done (95 s); deepest 13 new to 2126 d at planner fuel 340 kg
[11:22:55]   depth  1:  110 states (96 in H), t_end 620-1255 d, fuel 13-124 kg
[11:22:55]   depth  2:  150 states (92 in H), t_end 749-1630 d, fuel 25-168 kg
[11:22:55]   depth  3:  150 states (60 in H), t_end 884-1920 d, fuel 41-166 kg
[11:22:55]   depth  4:  150 states (7 in H), t_end 988-2002 d, fuel 85-198 kg
[11:22:55]   depth  5:  150 states (2 in H), t_end 1075-2074 d, fuel 98-213 kg
[11:22:55]   depth  6:  150 states (0 in H), t_end 1214-2151 d, fuel 141-241 kg
[11:22:55]   depth  7:  150 states (0 in H), t_end 1355-2121 d, fuel 166-252 kg
[11:22:55]   depth  8:  150 states (0 in H), t_end 1494-1708 d, fuel 186-287 kg
[11:22:55]   depth  9:  150 states (0 in H), t_end 1592-1846 d, fuel 228-326 kg
[11:22:55]   depth 10:  150 states (0 in H), t_end 1652-2007 d, fuel 239-360 kg
[11:22:55]   depth 11:  150 states (0 in H), t_end 1802-2025 d, fuel 262-371 kg
[11:22:55]   depth 12:  150 states (0 in H), t_end 1914-2143 d, fuel 287-402 kg
[11:22:55]   depth 13:   41 states (0 in H), t_end 1994-2160 d, fuel 340-438 kg
[11:22:55] candidates: 139 distinct committed target sets (n_new 1-5, potential 0-2)
[11:22:55] frontier: 16 candidates chosen (n fb / committed planner kg / continuation (lookahead) [full]; pot_mode lookahead, pot_cap None): 1fb/15kg/p2(1)[2], 1fb/23kg/p6(2)[6], 1fb/23kg/p0(0)[0], 1fb/27kg/p6(2)[6], 1fb/31kg/p5(2)[5], 2fb/25kg/p1(1)[1], 2fb/34kg/p1(0)[1], 2fb/48kg/p5(2)[5], 3fb/41kg/p0(0)[0], 3fb/66kg/p0(0)[0], 3fb/67kg/p4(2)[4], 4fb/100kg/p3(2)[3], 4fb/126kg/p3(2)[3], 4fb/126kg/p1(1)[1], 5fb/153kg/p2(2)[2], 5fb/167kg/p2(2)[2]
[11:22:55] budget: 205 s of 300 left for the settles + regrids (settle_wall 480)
[11:22:55]     settle  5: 128 @    933 d -> ok lintwin tank 644.4 (+11.0) miss 22 km (0.3 s)
[11:22:55]     settle  5:  10 @    880 d -> ok lintwin tank 622.6 (+4.4) miss 11 km (0.1 s)
[11:22:55]     settle  4: 128 @    644 d -> ok lintwin tank 643.9 (+36.4) miss 60 km (0.2 s)
[11:22:55]     settle  5: 189 @    589 d -> ok lintwin tank 647.2 (+22.2) miss 83 km (0.5 s)
[11:22:55]     settle  6: 295 @    993 d -> ok lintwin tank 635.8 (+13.3) miss 8 km (0.2 s)
[11:22:55]     settle  5: 273 @   1051 d -> ok lintwin tank 635.5 (+11.4) miss 6 km (0.3 s)
[11:22:55]     settle  4: 222 @    888 d -> ok lintwin tank 606.8 (+1.9) miss 0 km (0.6 s)
[11:22:55]     settle  6:  10 @    882 d -> ok lintwin tank 628.6 (+1.2) miss 2 km (0.1 s)
[11:22:55]     settle  5:  78 @    616 d -> ok lintwin tank 643.1 (+18.1) miss 10 km (0.3 s)
[11:22:55] RESULT s01_c5: 16 columns; frontier 1fb 4 kg p1/2 | 2fb 10 kg p0/2 | 3fb 15 kg p0/2 | 4fb 27 kg p2/2; settles 21 (21 ok), regrids 16 (16 ok); wall 95 s of 300 (plan 89, price 0, settle 7; budget hit None, 0 unsettled)
[11:22:56]     settle  4:  50 @    843 d -> ok lintwin tank 624.2 (+16.7) miss 11 km (0.6 s)
[11:22:56]     settle  4:  71 @    583 d -> ok lintwin tank 624.4 (+4.7) miss 0 km (0.2 s)
[11:22:56]     settle  5: 135 @    733 d -> ok lintwin tank 634.5 (+10.1) miss 2 km (0.1 s)
[11:22:56]     settle  4: 237 @    630 d -> ok lintwin tank 606.4 (+1.5) miss 0 km (0.3 s)
[11:22:56]     settle  4: 296 @    987 d -> ok lintwin tank 609.5 (+4.7) miss 13 km (0.2 s)
[11:22:56]     settle  5:  81 @    801 d -> ok lintwin tank 635.5 (+7.3) miss 3 km (0.4 s)
[11:22:56]     settle  5: 233 @    658 d -> ok lintwin tank 641.2 (+16.2) miss 4 km (0.7 s)
[11:22:56]   job s01_c5 craft columns  16  levels 13  settles 21/21  end plan_done  wall 95.4 s
[11:22:56]     settle  6: 134 @    857 d -> ok lintwin tank 709.1 (+7.7) miss 74 km (1.7 s)
[11:22:56]     settle  5: 135 @    736 d -> ok lintwin tank 637.1 (+13.0) miss 14 km (0.2 s)
[11:22:57]     settle  4: 110 @    864 d -> ok lintwin tank 669.3 (+61.8) miss 70 km (1.0 s)
[11:22:57]     settle  5: 207 @    661 d -> ok lintwin tank 642.0 (+17.5) miss 2 km (0.2 s)
[11:22:57]     settle  5: 107 @    810 d -> ok lintwin tank 639.2 (+14.2) miss 2 km (0.5 s)
[11:22:57]     settle  6: 190 @    875 d -> ok lintwin tank 639.8 (+0.7) miss 3 km (0.2 s)
[11:22:57]     settle  5:  81 @    801 d -> ok lintwin tank 634.0 (+9.5) miss 2 km (0.2 s)
[11:22:57]     settle  6: 117 @    936 d -> ok lintwin tank 639.2 (+5.3) miss 0 km (0.1 s)
[11:22:57]     settle  6: 190 @    871 d -> ok lintwin tank 637.2 (+2.7) miss 18 km (0.3 s)
[11:22:58]     settle  7: 194 @   1051 d -> ok lintwin tank 718.9 (+9.8) miss 61 km (1.1 s)
[11:22:58]     settle  5: 224 @    936 d -> ok lintwin tank 642.7 (+14.5) miss 59 km (0.3 s)
[11:22:58]     settle  6: 146 @   1075 d -> ok lintwin tank 644.7 (+2.0) miss 12 km (0.4 s)
[11:22:58]     settle  4: 224 @    927 d -> ok lintwin tank 676.6 (+69.1) miss 70 km (1.3 s)
[11:22:58]     settle  6: 135 @    736 d -> ok lintwin tank 644.8 (+2.8) miss 12 km (0.1 s)
[11:22:59]     settle  6: 290 @    775 d -> ok lintwin tank 682.0 (+20.5) miss 60 km (0.7 s)
[11:22:59]     settle  6: 117 @    937 d -> ok lintwin tank 645.9 (+10.4) miss 1 km (0.2 s)
[11:22:59]     settle  6:  97 @    700 d -> ok lintwin tank 653.9 (+10.8) miss 40 km (1.2 s)
[11:22:59]     settle  7: 164 @   1043 d -> ok lintwin tank 647.0 (+1.1) miss 1 km (0.2 s)
[11:22:59]     settle  5: 242 @   1079 d -> ok lintwin tank 620.2 (+11.9) miss 2 km (0.5 s)
[11:22:59]     settle  5:  81 @    801 d -> ok lintwin tank 637.5 (+3.8) miss 22 km (0.2 s)
[11:22:59]     settle  5:   9 @    672 d -> ok lintwin tank 642.8 (+17.8) miss 6 km (0.3 s)
[11:22:59]     settle  6: 117 @    935 d -> ok lintwin tank 644.3 (+6.8) miss 0 km (0.1 s)
[11:22:59]     settle  4: 171 @    862 d -> ok lintwin tank 618.2 (+10.7) miss 1 km (0.3 s)
[11:22:59]     settle  7: 164 @   1040 d -> ok lintwin tank 646.0 (+1.8) miss 6 km (0.2 s)
[11:22:59]     settle  5: 241 @   1059 d -> ok lintwin tank 622.5 (+4.3) miss 10 km (0.1 s)
[11:23:00]     settle  6:  76 @    802 d -> ok lintwin tank 656.7 (+14.0) miss 24 km (0.4 s)
[11:23:00]     settle  7:   4 @    850 d -> ok lintwin tank 698.2 (+16.2) miss 68 km (1.2 s)
[11:23:00]     settle  5:  50 @    849 d -> ok lintwin tank 633.3 (+8.2) miss 5 km (0.2 s)
[11:23:00]     settle  7: 117 @    936 d -> ok lintwin tank 650.9 (+6.1) miss 8 km (0.3 s)
[11:23:00] RESULT s01_c2: 16 columns; frontier 1fb 4 kg p3/3 | 2fb 15 kg p2/3 | 3fb 20 kg p0/3 | 4fb 26 kg p1/3; settles 23 (23 ok), regrids 16 (16 ok); wall 100 s of 300 (plan 92, price 0, settle 8; budget hit None, 0 unsettled)
[11:23:00]     settle  5:  50 @    842 d -> ok lintwin tank 633.3 (+8.2) miss 14 km (0.2 s)
[11:23:00]     settle  7: 288 @    879 d -> ok lintwin tank 668.0 (+11.2) miss 28 km (0.5 s)
[11:23:00]   job s01_c2 craft columns  16  levels 13  settles 23/23  end plan_done  wall 99.9 s
[11:23:01]     settle  4:  13 @    620 d -> FAIL [('lam', 8946610.9)] (4.2 s)
[11:23:01]     settle  6:  21 @   1022 d -> ok lintwin tank 635.4 (+2.1) miss 6 km (0.4 s)
[11:23:01]     settle  4: 289 @    756 d -> ok lintwin tank 613.2 (+8.4) miss 13 km (0.1 s)
[11:23:01]     settle  5: 193 @    681 d -> ok lintwin tank 635.7 (+10.6) miss 22 km (0.4 s)
[11:23:01]     settle  5:  50 @    838 d -> ok lintwin tank 633.3 (+8.3) miss 12 km (0.1 s)
[11:23:01]     settle  6: 107 @    826 d -> ok lintwin tank 656.1 (+20.4) miss 86 km (0.3 s)
[11:23:01]     settle  8:  66 @   1074 d -> ok lintwin tank 714.0 (+15.8) miss 59 km (1.3 s)
[11:23:01]     settle  7: 190 @    862 d -> ok lintwin tank 662.7 (+6.6) miss 19 km (0.3 s)
[11:23:01]     settle  6: 183 @   1067 d -> ok lintwin tank 645.3 (+12.0) miss 3 km (0.6 s)
[11:23:01]     settle  5: 296 @    987 d -> ok lintwin tank 609.7 (+2.9) miss 0 km (0.6 s)
[11:23:02]     settle  7:  76 @    750 d -> ok lintwin tank 675.4 (+21.5) miss 5 km (0.1 s)
[11:23:02]     settle  6:  65 @    976 d -> ok lintwin tank 644.7 (+11.4) miss 6 km (0.3 s)
[11:23:02]     settle  4: 237 @    630 d -> ok lintwin tank 606.4 (+1.5) miss 0 km (0.3 s)
[11:23:02]     settle  6:  97 @    697 d -> ok lintwin tank 645.7 (+4.5) miss 11 km (0.2 s)
[11:23:02]     settle  7: 224 @    947 d -> ok lintwin tank 651.5 (+5.8) miss 15 km (0.2 s)
[11:23:02]     settle  5: 222 @    890 d -> ok lintwin tank 607.3 (+0.9) miss 0 km (0.5 s)
[11:23:03]     settle  6:  26 @    906 d -> ok lintwin tank 644.1 (+10.8) miss 71 km (0.7 s)
[11:23:03]     settle  7:   4 @    849 d -> ok lintwin tank 698.1 (+16.1) miss 62 km (1.4 s)
[11:23:03]     settle  8: 273 @   1040 d -> ok lintwin tank 657.9 (+6.4) miss 82 km (0.5 s)
[11:23:03]     settle  6: 296 @    987 d -> ok lintwin tank 611.8 (+4.5) miss 0 km (0.2 s)
[11:23:03]     settle  7:  65 @    975 d -> ok lintwin tank 659.4 (+15.3) miss 2 km (0.1 s)
[11:23:03] RESULT s01_c6: 16 columns; frontier 1fb 1 kg p0/3 | 2fb 13 kg p0/3 | 3fb 28 kg p3/4 | 4fb 52 kg p3/3; settles 19 (19 ok), regrids 16 (16 ok); wall 103 s of 300 (plan 93, price 0, settle 10; budget hit None, 0 unsettled)
[11:23:03]     settle  5: 289 @    749 d -> ok lintwin tank 616.5 (+10.1) miss 0 km (0.2 s)
[11:23:04]     settle  6:  25 @   1004 d -> ok lintwin tank 623.3 (+6.8) miss 0 km (0.3 s)
[11:23:04]     settle  6: 266 @    856 d -> ok lintwin tank 667.8 (+11.7) miss 72 km (0.8 s)
[11:23:04]     settle  5: 289 @    755 d -> ok lintwin tank 616.5 (+10.2) miss 23 km (0.2 s)
[11:23:04]     settle  8: 130 @   1023 d -> ok lintwin tank 707.8 (+9.7) miss 80 km (1.3 s)
[11:23:04]     settle  6: 222 @    888 d -> ok lintwin tank 622.0 (+5.5) miss 0 km (0.2 s)
[11:23:04]     settle  7: 224 @    943 d -> ok lintwin tank 692.0 (+24.3) miss 55 km (0.6 s)
[11:23:04]   job s01_c6 craft columns  16  levels 14  settles 19/19  end plan_done  wall 103.0 s
[11:23:04] RESULT s01_c1: 16 columns; frontier 1fb 1 kg p3/3 | 2fb 19 kg p1/2 | 3fb 41 kg p1/3 | 4fb 71 kg p2/2; settles 22 (22 ok), regrids 16 (16 ok); wall 104 s of 300 (plan 82, price 0, settle 22; budget hit None, 0 unsettled)
[11:23:04]     settle  7: 296 @    990 d -> ok lintwin tank 634.5 (+12.4) miss 1 km (0.2 s)
[11:23:05]     settle  8: 146 @   1080 d -> ok lintwin tank 698.3 (+6.2) miss 72 km (0.3 s)
[11:23:05]     settle  6: 222 @    885 d -> ok lintwin tank 622.0 (+5.5) miss 0 km (0.2 s)
[11:23:05]     settle  7:  66 @   1076 d -> ok lintwin tank 640.1 (+18.1) miss 3 km (0.3 s)
[11:23:06]     settle  8:  66 @   1075 d -> ok lintwin tank 654.7 (+20.2) miss 33 km (0.3 s)
[11:23:06]   4 candidates dropped (settle failure / regrid failure / duplicate after truncation)
[11:23:06] RESULT s01_c4: 12 columns; frontier 1fb 2 kg p2/2 | 2fb 2 kg p0/1 | 3fb 7 kg p0/2 | 4fb 30 kg p2/2 | 5fb 50 kg p2/2; settles 18 (16 ok), regrids 12 (12 ok); wall 106 s of 300 (plan 95, price 0, settle 11; budget hit None, 0 unsettled)
[11:23:06]     settle  8: 224 @    927 d -> ok lintwin tank 693.5 (+18.1) miss 74 km (1.0 s)
[11:23:06]   job s01_c1 craft columns  16  levels 12  settles 22/22  end plan_done  wall 104.3 s
[11:23:06]   job s01_c4 craft columns  12  levels 13  settles 16/18  end plan_done  wall 105.6 s
[11:23:06]     settle  9: 273 @   1055 d -> ok lintwin tank 698.7 (+5.2) miss 19 km (0.5 s)
[11:23:07] RESULT s01_c0: 16 columns; frontier 1fb 9 kg p0/4 | 2fb 12 kg p0/4 | 3fb 38 kg p0/4 | 4fb 33 kg p3/4 | 5fb 74 kg p2/2; settles 25 (25 ok), regrids 16 (16 ok); wall 106 s of 300 (plan 92, price 0, settle 14; budget hit None, 0 unsettled)
[11:23:08]   job s01_c0 craft columns  16  levels 13  settles 25/25  end plan_done  wall 106.4 s
[11:23:08] [slice 1] propose: 121 columns (0 bad dropped) in 108.2 s
[11:23:08] [slice 1] auction: 121 columns, kept 121, dropped {}; lam 1.00 H_eff 540 d fuel budget 482 kg quota on
[11:23:08] [slice 1] auction: status optimal objective 34.711 vars 121 rows 67 chosen 8 fuel 374/482 kg (0.014 s)
[11:23:10] [slice 1] claims: c0:2 c1:2 c2:3 c3:2 c4:2 c5:1 c6:3 c7:2  (17 targets: 1 kept, 16 new; 16 released, 0 expired (ttl 2), 2 conflicts)
[11:23:10] [slice 1 T=540 d] launched 8/8  covered 58  remaining 240  fuel 512 kg  sumJi 8.3856  chosen: c0:5(+74) c1:4(+71) c2:4(+31) c3:3(+46) c4:5(+50) c5:4(+27) c6:4(+52) c7:3(+23)  rejected: -  (wall 110 s)
[11:23:10] [slice 2] claims in force: c0:2 c1:2 c2:3 c3:2 c4:2 c5:1 c6:3 c7:2  (17 targets; claim_bonus 0.5, ttl 2)
[11:23:10]   c0: claims: 2 own (prized +0.5), 15 claimed by others withheld
[11:23:10]   c1: claims: 2 own (prized +0.5), 15 claimed by others withheld
[11:23:10]   c2: claims: 3 own (prized +0.5), 14 claimed by others withheld
[11:23:10]   c3: claims: 2 own (prized +0.5), 15 claimed by others withheld
[11:23:10]   c4: claims: 2 own (prized +0.5), 15 claimed by others withheld
[11:23:10]   c5: claims: 1 own (prized +0.5), 16 claimed by others withheld
[11:23:10]   c6: claims: 3 own (prized +0.5), 14 claimed by others withheld
[11:23:10]   c7: claims: 2 own (prized +0.5), 15 claimed by others withheld
[11:23:10] [slice 2 T=1080 d] propose: 8 jobs (8 craft, 0 root) on 9 workers, proposer planbeam, H_eff 540 d, lam 1.0
[11:23:10] job s02_c1 (craft, craft 1, planbeam): T 1080 d H 540 L 360; plan horizon 2700 d; remaining 225; prize >1 on 32; width 150 npt 6 mc 150 dv 1.2 drmax 0.15 plan_wall 240 s; quota {'fil': 9, 'med': 15}
[11:23:10] job s02_c2 (craft, craft 2, planbeam): T 1080 d H 540 L 360; plan horizon 2700 d; remaining 226; prize >1 on 33; width 150 npt 6 mc 150 dv 1.2 drmax 0.15 plan_wall 240 s; quota {'fil': 8, 'med': 16}
[11:23:10] job s02_c0 (craft, craft 0, planbeam): T 1080 d H 540 L 360; plan horizon 2700 d; remaining 225; prize >1 on 32; width 150 npt 6 mc 150 dv 1.2 drmax 0.15 plan_wall 240 s; quota {'fil': 7, 'med': 16}
[11:23:10] job s02_c4 (craft, craft 4, planbeam): T 1080 d H 540 L 360; plan horizon 2700 d; remaining 225; prize >1 on 32; width 150 npt 6 mc 150 dv 1.2 drmax 0.15 plan_wall 240 s; quota {'fil': 7, 'med': 16}
[11:23:10] job s02_c3 (craft, craft 3, planbeam): T 1080 d H 540 L 360; plan horizon 2700 d; remaining 225; prize >1 on 32; width 150 npt 6 mc 150 dv 1.2 drmax 0.15 plan_wall 240 s; quota {'fil': 7, 'med': 18}
[11:23:10] job s02_c6 (craft, craft 6, planbeam): T 1080 d H 540 L 360; plan horizon 2700 d; remaining 226; prize >1 on 33; width 150 npt 6 mc 150 dv 1.2 drmax 0.15 plan_wall 240 s; quota {'fil': 9, 'med': 15}
[11:23:10] job s02_c7 (craft, craft 7, planbeam): T 1080 d H 540 L 360; plan horizon 2700 d; remaining 225; prize >1 on 32; width 150 npt 6 mc 150 dv 1.2 drmax 0.15 plan_wall 240 s; quota {'fil': 8, 'med': 17}
[11:23:10] job s02_c5 (craft, craft 5, planbeam): T 1080 d H 540 L 360; plan horizon 2700 d; remaining 224; prize >1 on 31; width 150 npt 6 mc 150 dv 1.2 drmax 0.15 plan_wall 240 s; quota {'fil': 10, 'med': 15}
[11:23:10] prefix slices/s02/in/craft_5.npz: 6 flybys, t_end 881.3 d, tank 628.6 kg (planner view), miss 0.4 km, nreg 39
[11:23:10] budget: job_wall 300 s, 300 s left before the plan -> plan cap 210 s (plan_wall 240, settle_reserve 90)
[11:23:10] prefix slices/s02/in/craft_2.npz: 7 flybys, t_end 937.8 d, tank 650.8 kg (planner view), miss 0.1 km, nreg 46
[11:23:10] prefix slices/s02/in/craft_3.npz: 7 flybys, t_end 970.3 d, tank 677.1 kg (planner view), miss 21.3 km, nreg 47
[11:23:10] budget: job_wall 300 s, 300 s left before the plan -> plan cap 210 s (plan_wall 240, settle_reserve 90)
[11:23:10] budget: job_wall 300 s, 300 s left before the plan -> plan cap 210 s (plan_wall 240, settle_reserve 90)
[11:23:10] prefix slices/s02/in/craft_7.npz: 6 flybys, t_end 1036.4 d, tank 635.8 kg (planner view), miss 0.1 km, nreg 41
[11:23:10] budget: job_wall 300 s, 300 s left before the plan -> plan cap 210 s (plan_wall 240, settle_reserve 90)
[11:23:10] prefix slices/s02/in/craft_6.npz: 7 flybys, t_end 976.5 d, tank 659.3 kg (planner view), miss 0.3 km, nreg 42
[11:23:10] budget: job_wall 300 s, 300 s left before the plan -> plan cap 210 s (plan_wall 240, settle_reserve 90)
[11:23:10] prefix slices/s02/in/craft_4.npz: 8 flybys, t_end 1075.4 d, tank 654.5 kg (planner view), miss 0.0 km, nreg 50
[11:23:10] budget: job_wall 300 s, 300 s left before the plan -> plan cap 210 s (plan_wall 240, settle_reserve 90)
[11:23:10] prefix slices/s02/in/craft_0.npz: 9 flybys, t_end 1044.3 d, tank 698.5 kg (planner view), miss 0.9 km, nreg 55
[11:23:10] budget: job_wall 300 s, 300 s left before the plan -> plan cap 210 s (plan_wall 240, settle_reserve 90)
[11:23:10] prefix slices/s02/in/craft_1.npz: 8 flybys, t_end 1025.7 d, tank 707.8 kg (planner view), miss 71.7 km, nreg 54
[11:23:10] budget: job_wall 300 s, 300 s left before the plan -> plan cap 210 s (plan_wall 240, settle_reserve 90)
[11:23:17] first level (both): 0 production + 72 relaxed (dv 2.5, 0.3 AU; 0.1 s) + 60 lintwin children -> 103 unique (6.6 s)
[11:23:17] plan start: prefix 6 flybys, t_end 881.3 d, planner mass 1531.1 kg (dv 1.726 km/s); 103 first-level states
[11:23:18] first level (both): 0 production + 15 relaxed (dv 2.5, 0.3 AU; 0.1 s) + 70 lintwin children -> 82 unique (7.1 s)
[11:23:18] plan start: prefix 6 flybys, t_end 1036.4 d, planner mass 1513.6 kg (dv 2.178 km/s); 82 first-level states
[11:23:18] first level (both): 0 production + 44 relaxed (dv 2.5, 0.3 AU; 0.1 s) + 81 lintwin children -> 100 unique (7.5 s)
[11:23:18] plan start: prefix 7 flybys, t_end 937.8 d, planner mass 1478.8 kg (dv 3.089 km/s); 100 first-level states
[11:23:18] first level (both): 0 production + 56 relaxed (dv 2.5, 0.3 AU; 0.1 s) + 85 lintwin children -> 115 unique (7.6 s)
[11:23:18] plan start: prefix 7 flybys, t_end 970.3 d, planner mass 1421.4 kg (dv 4.643 km/s); 115 first-level states
[11:23:18] first level (both): 0 production + 89 relaxed (dv 2.5, 0.3 AU; 0.1 s) + 89 lintwin children -> 129 unique (7.7 s)
[11:23:18] plan start: prefix 7 flybys, t_end 976.5 d, planner mass 1459.6 kg (dv 3.602 km/s); 129 first-level states
[11:23:18] first level (both): 0 production + 60 relaxed (dv 2.5, 0.3 AU; 0.1 s) + 60 lintwin children -> 88 unique (8.0 s)
[11:23:18] plan start: prefix 8 flybys, t_end 1075.4 d, planner mass 1470.4 kg (dv 3.313 km/s); 88 first-level states
[11:23:19] first level (both): 0 production + 53 relaxed (dv 2.5, 0.3 AU; 0.1 s) + 72 lintwin children -> 96 unique (8.7 s)
[11:23:19] plan start: prefix 8 flybys, t_end 1025.7 d, planner mass 1359.8 kg (dv 6.381 km/s); 96 first-level states
[11:23:19] first level (both): 0 production + 59 relaxed (dv 2.5, 0.3 AU; 0.1 s) + 79 lintwin children -> 109 unique (9.0 s)
[11:23:19] plan start: prefix 9 flybys, t_end 1044.3 d, planner mass 1377.7 kg (dv 5.867 km/s); 109 first-level states
[11:24:05] plan: 1038 states, depth 9 new flybys, end plan_done (54 s); deepest 9 new to 2612 d at planner fuel 354 kg
[11:24:05]   depth  1:  103 states (88 in H), t_end 1091-1769 d, fuel 77-176 kg
[11:24:05]   depth  2:  150 states (77 in H), t_end 1226-2002 d, fuel 101-216 kg
[11:24:05]   depth  3:  150 states (83 in H), t_end 1394-2301 d, fuel 125-244 kg
[11:24:05]   depth  4:  150 states (1 in H), t_end 1610-2512 d, fuel 143-259 kg
[11:24:05]   depth  5:  150 states (0 in H), t_end 1780-2698 d, fuel 168-284 kg
[11:24:05]   depth  6:  150 states (0 in H), t_end 2137-2700 d, fuel 193-316 kg
[11:24:05]   depth  7:  150 states (0 in H), t_end 2394-2700 d, fuel 217-331 kg
[11:24:05]   depth  8:   32 states (0 in H), t_end 2535-2690 d, fuel 247-342 kg
[11:24:05]   depth  9:    3 states (0 in H), t_end 2610-2615 d, fuel 354-360 kg
[11:24:05] candidates: 156 distinct committed target sets (n_new 1-4, potential 0-3)
[11:24:05] frontier: 16 candidates chosen (n fb / committed planner kg / continuation (lookahead) [full]; pot_mode lookahead, pot_cap None): 1fb/80kg/p0(0)[0], 1fb/91kg/p2(0)[2], 1fb/93kg/p4(3)[4], 1fb/103kg/p3(2)[3], 1fb/107kg/p3(1)[3], 1fb/117kg/p3(1)[3], 1fb/128kg/p3(2)[3], 1fb/132kg/p4(2)[4], 2fb/117kg/p3(3)[3], 2fb/120kg/p1(0)[1], 2fb/127kg/p1(0)[1], 2fb/129kg/p3(2)[3], 3fb/125kg/p0(0)[0], 3fb/130kg/p0(0)[0], 3fb/169kg/p2(2)[2], 4fb/259kg/p0(0)[0]
[11:24:05] budget: 246 s of 300 left for the settles + regrids (settle_wall 480)
[11:24:06]     settle  7: 274 @   1404 d -> ok lintwin tank 635.8 (+7.3) miss 1 km (0.9 s)
[11:24:06] plan: 1041 states, depth 9 new flybys, end plan_done (56 s); deepest 9 new to 2689 d at planner fuel 496 kg
[11:24:06]   depth  1:  115 states (97 in H), t_end 1085-1714 d, fuel 179-282 kg
[11:24:06]   depth  2:  150 states (88 in H), t_end 1282-1996 d, fuel 200-312 kg
[11:24:06]   depth  3:  150 states (40 in H), t_end 1391-2240 d, fuel 239-340 kg
[11:24:06]   depth  4:  150 states (0 in H), t_end 1697-2573 d, fuel 252-370 kg
[11:24:06]   depth  5:  150 states (0 in H), t_end 1983-2611 d, fuel 340-409 kg
[11:24:06]   depth  6:  150 states (0 in H), t_end 2245-2700 d, fuel 366-443 kg
[11:24:06]   depth  7:  150 states (0 in H), t_end 2475-2700 d, fuel 386-475 kg
[11:24:06]   depth  8:   25 states (0 in H), t_end 2621-2699 d, fuel 429-490 kg
[11:24:06]   depth  9:    1 states (0 in H), t_end 2689-2689 d, fuel 496-496 kg
[11:24:06] candidates: 124 distinct committed target sets (n_new 1-3, potential 0-2)
[11:24:06] frontier: 16 candidates chosen (n fb / committed planner kg / continuation (lookahead) [full]; pot_mode lookahead, pot_cap None): 1fb/179kg/p0(0)[0], 1fb/185kg/p0(0)[0], 1fb/193kg/p1(1)[1], 1fb/198kg/p3(1)[3], 1fb/211kg/p2(2)[2], 1fb/236kg/p2(1)[2], 1fb/249kg/p2(1)[2], 1fb/257kg/p3(2)[3], 1fb/258kg/p2(1)[2], 2fb/216kg/p2(1)[2], 2fb/222kg/p0(0)[0], 2fb/232kg/p0(0)[0], 2fb/233kg/p2(1)[2], 3fb/239kg/p0(0)[0], 3fb/246kg/p1(1)[1], 3fb/249kg/p0(0)[0]
[11:24:06] budget: 244 s of 300 left for the settles + regrids (settle_wall 480)
[11:24:06]     settle  8: 249 @   1325 d -> ok lintwin tank 677.3 (+0.2) miss 3 km (0.2 s)
[11:24:06]     settle  7: 220 @   1311 d -> ok lintwin tank 637.7 (+9.1) miss 2 km (0.2 s)
[11:24:07]     settle  7: 212 @   1223 d -> ok lintwin tank 637.9 (+9.4) miss 7 km (0.1 s)
[11:24:07]     settle  8: 103 @   1531 d -> ok lintwin tank 679.5 (+2.4) miss 18 km (0.5 s)
[11:24:07]     settle  7: 140 @   1372 d -> ok lintwin tank 639.8 (+11.3) miss 13 km (0.7 s)
[11:24:08]     settle  8:  32 @   1567 d -> ok lintwin tank 678.2 (+1.1) miss 57 km (0.7 s)
[11:24:08]     settle  7:  84 @   1202 d -> ok lintwin tank 640.6 (+12.0) miss 2 km (0.6 s)
[11:24:08]     settle  8:  56 @   1092 d -> ok lintwin tank 685.6 (+8.5) miss 43 km (0.3 s)
[11:24:09]     settle  7: 164 @   1123 d -> ok lintwin tank 645.0 (+16.5) miss 3 km (0.4 s)
[11:24:09]     settle  8:  41 @   1204 d -> ok lintwin tank 687.4 (+10.3) miss 69 km (0.5 s)
[11:24:09]     settle  7: 108 @   1291 d -> ok lintwin tank 638.6 (+10.1) miss 2 km (0.3 s)
[11:24:10]     settle  7:  86 @   1144 d -> ok lintwin tank 715.6 (+87.1) miss 69 km (0.9 s)
[11:24:11]     settle  8: 116 @   1387 d -> ok lintwin tank 643.2 (+5.3) miss 5 km (0.4 s)
[11:24:11]     settle  8:  79 @   1339 d -> ok lintwin tank 722.4 (+45.4) miss 65 km (1.8 s)
[11:24:12]     settle  8: 167 @   1532 d -> ok lintwin tank 644.9 (+4.3) miss 5 km (0.6 s)
[11:24:12]     settle  7:  84 @   1194 d -> ok lintwin tank 640.6 (+12.0) miss 3 km (0.7 s)
[11:24:13]     settle  8:  23 @   1349 d -> ok lam tank 722.1 (+45.0) miss 0 km (1.4 s)
[11:24:13]     settle  8:  35 @   1301 d -> ok lintwin tank 645.7 (+5.1) miss 32 km (0.4 s)
[11:24:13]     settle  8:  36 @   1399 d -> ok lintwin tank 645.4 (+7.5) miss 2 km (0.4 s)
[11:24:14] plan: 1186 states, depth 10 new flybys, end plan_done (64 s); deepest 10 new to 2599 d at planner fuel 375 kg
[11:24:14]   depth  1:   88 states (65 in H), t_end 1156-1706 d, fuel 141-238 kg
[11:24:14]   depth  2:  150 states (52 in H), t_end 1328-2085 d, fuel 154-277 kg
[11:24:14]   depth  3:  150 states (11 in H), t_end 1537-2096 d, fuel 174-291 kg
[11:24:14]   depth  4:  150 states (2 in H), t_end 1603-2516 d, fuel 195-286 kg
[11:24:14]   depth  5:  150 states (0 in H), t_end 1797-2691 d, fuel 203-324 kg
[11:24:14]   depth  6:  150 states (0 in H), t_end 2003-2694 d, fuel 230-354 kg
[11:24:14]   depth  7:  150 states (0 in H), t_end 2237-2698 d, fuel 264-389 kg
[11:24:14]   depth  8:  101 states (0 in H), t_end 2396-2700 d, fuel 320-401 kg
[11:24:14]   depth  9:   86 states (0 in H), t_end 2512-2699 d, fuel 340-417 kg
[11:24:14]   depth 10:   11 states (0 in H), t_end 2596-2700 d, fuel 375-427 kg
[11:24:14] candidates: 80 distinct committed target sets (n_new 1-4, potential 0-2)
[11:24:14] frontier: 16 candidates chosen (n fb / committed planner kg / continuation (lookahead) [full]; pot_mode lookahead, pot_cap None): 1fb/141kg/p1(0)[1], 1fb/145kg/p0(0)[0], 1fb/154kg/p1(0)[1], 1fb/159kg/p1(0)[1], 1fb/163kg/p1(0)[1], 1fb/164kg/p4(2)[4], 1fb/210kg/p2(1)[2], 2fb/162kg/p1(1)[1], 2fb/163kg/p0(0)[0], 2fb/183kg/p3(2)[3], 3fb/199kg/p2(2)[2], 3fb/201kg/p1(1)[1], 3fb/204kg/p2(2)[2], 3fb/216kg/p2(2)[2], 4fb/235kg/p1(1)[1], 4fb/267kg/p1(1)[1]
[11:24:14] budget: 236 s of 300 left for the settles + regrids (settle_wall 480)
[11:24:14]     settle  7:  84 @   1196 d -> ok lintwin tank 640.6 (+12.0) miss 3 km (0.7 s)
[11:24:14]     settle  8: 140 @   1380 d -> ok lintwin tank 645.4 (+4.8) miss 38 km (0.2 s)
[11:24:14]     settle  8:  42 @   1311 d -> ok lintwin tank 703.9 (+26.8) miss 73 km (1.6 s)
[11:24:15]     settle  9: 298 @   1617 d -> ok lintwin tank 646.3 (+0.9) miss 4 km (0.2 s)
[11:24:15] plan: 1179 states, depth 9 new flybys, end plan_done (64 s); deepest 9 new to 2686 d at planner fuel 438 kg
[11:24:15]   depth  1:   96 states (73 in H), t_end 1114-1702 d, fuel 249-342 kg
[11:24:15]   depth  2:  150 states (63 in H), t_end 1335-1871 d, fuel 254-374 kg
[11:24:15]   depth  3:  150 states (9 in H), t_end 1530-2305 d, fuel 270-397 kg
[11:24:15]   depth  4:  150 states (0 in H), t_end 1732-2691 d, fuel 310-430 kg
[11:24:15]   depth  5:  150 states (0 in H), t_end 1853-2697 d, fuel 332-440 kg
[11:24:15]   depth  6:  150 states (0 in H), t_end 1973-2696 d, fuel 363-467 kg
[11:24:15]   depth  7:  150 states (0 in H), t_end 2170-2699 d, fuel 376-485 kg
[11:24:15]   depth  8:  135 states (0 in H), t_end 2371-2699 d, fuel 389-512 kg
[11:24:15]   depth  9:   48 states (0 in H), t_end 2588-2698 d, fuel 438-477 kg
[11:24:15] candidates: 76 distinct committed target sets (n_new 1-3, potential 0-3)
[11:24:15] frontier: 16 candidates chosen (n fb / committed planner kg / continuation (lookahead) [full]; pot_mode lookahead, pot_cap None): 1fb/254kg/p0(0)[0], 1fb/259kg/p0(0)[0], 1fb/277kg/p3(2)[3], 1fb/288kg/p5(3)[5], 1fb/290kg/p3(2)[3], 1fb/301kg/p2(2)[2], 1fb/305kg/p3(2)[3], 1fb/308kg/p2(2)[2], 1fb/309kg/p4(2)[4], 2fb/274kg/p1(1)[1], 2fb/292kg/p0(0)[0], 2fb/300kg/p2(2)[2], 2fb/311kg/p4(3)[4], 3fb/330kg/p3(3)[3], 3fb/348kg/p1(1)[1], 3fb/368kg/p2(2)[2]
[11:24:15] budget: 236 s of 300 left for the settles + regrids (settle_wall 480)
[11:24:15]     settle  9:  79 @   1533 d -> ok lintwin tank 646.8 (+1.3) miss 4 km (0.2 s)
[11:24:16]     settle  9: 116 @   1427 d -> ok lintwin tank 658.7 (+4.2) miss 65 km (1.4 s)
[11:24:16]     settle  9: 143 @   1610 d -> ok lintwin tank 659.7 (+14.3) miss 3 km (0.4 s)
[11:24:16]     settle  7:  38 @   1166 d -> ok lintwin tank 648.9 (+20.4) miss 30 km (0.3 s)
[11:24:16]     settle  8: 108 @   1296 d -> ok lintwin tank 659.8 (+10.8) miss 67 km (0.4 s)
[11:24:17]     settle  8:  59 @   1432 d -> ok lintwin tank 725.4 (+48.4) miss 1 km (2.3 s)
[11:24:17]     settle  9: 271 @   1540 d -> ok lintwin tank 660.5 (+5.9) miss 61 km (1.3 s)
[11:24:17]     settle  9: 115 @   1563 d -> ok lintwin tank 713.9 (+6.1) miss 51 km (2.3 s)
[11:24:17]     settle  9: 167 @   1535 d -> ok lintwin tank 675.1 (+15.3) miss 65 km (0.9 s)
[11:24:18]     settle 10: 298 @   1610 d -> ok lintwin tank 686.7 (+11.7) miss 15 km (0.2 s)
[11:24:18] RESULT s02_c5: 16 columns; frontier 1fb 7 kg p0/3 | 2fb 14 kg p3/3 | 3fb 18 kg p0/2 | 4fb 58 kg p0/0; settles 22 (22 ok), regrids 16 (16 ok); wall 67 s of 300 (plan 54, price 0, settle 13; budget hit None, 0 unsettled)
[11:24:18]     settle  9: 242 @   1156 d -> ok lintwin tank 667.2 (+12.7) miss 74 km (0.7 s)
[11:24:18]     settle  9:  45 @   1344 d -> ok lintwin tank 693.3 (+7.7) miss 78 km (1.2 s)
[11:24:19]   job s02_c5 craft columns  16  levels 9  settles 22/22  end plan_done  wall 67.4 s
[11:24:19]     settle  9:  44 @   1363 d -> ok lintwin tank 664.9 (+10.4) miss 84 km (0.6 s)
[11:24:19] plan: 1322 states, depth 11 new flybys, end plan_done (68 s); deepest 11 new to 2676 d at planner fuel 435 kg
[11:24:19]   depth  1:  100 states (85 in H), t_end 1083-1707 d, fuel 128-230 kg
[11:24:19]   depth  2:  150 states (101 in H), t_end 1208-2082 d, fuel 152-268 kg
[11:24:19]   depth  3:  150 states (59 in H), t_end 1376-2316 d, fuel 180-312 kg
[11:24:19]   depth  4:  150 states (1 in H), t_end 1564-2558 d, fuel 200-330 kg
[11:24:19]   depth  5:  150 states (0 in H), t_end 1749-2698 d, fuel 228-364 kg
[11:24:19]   depth  6:  150 states (0 in H), t_end 1986-2699 d, fuel 259-386 kg
[11:24:19]   depth  7:  150 states (0 in H), t_end 2063-2687 d, fuel 297-419 kg
[11:24:19]   depth  8:  150 states (0 in H), t_end 2292-2696 d, fuel 329-457 kg
[11:24:19]   depth  9:  127 states (0 in H), t_end 2471-2698 d, fuel 364-479 kg
[11:24:19]   depth 10:   39 states (0 in H), t_end 2532-2684 d, fuel 374-490 kg
[11:24:19]   depth 11:    6 states (0 in H), t_end 2669-2681 d, fuel 435-463 kg
[11:24:19] candidates: 165 distinct committed target sets (n_new 1-4, potential 0-3)
[11:24:19] frontier: 16 candidates chosen (n fb / committed planner kg / continuation (lookahead) [full]; pot_mode lookahead, pot_cap None): 1fb/128kg/p2(0)[2], 1fb/135kg/p1(1)[1], 1fb/136kg/p4(2)[4], 1fb/138kg/p3(3)[3], 1fb/152kg/p4(2)[4], 1fb/159kg/p4(2)[4], 1fb/165kg/p4(2)[4], 1fb/171kg/p4(2)[4], 1fb/218kg/p3(2)[3], 2fb/152kg/p1(0)[1], 2fb/161kg/p0(0)[0], 2fb/178kg/p3(2)[3], 3fb/180kg/p0(0)[0], 3fb/187kg/p0(0)[0], 3fb/202kg/p2(2)[2], 4fb/260kg/p0(0)[0]
[11:24:19] budget: 232 s of 300 left for the settles + regrids (settle_wall 480)
[11:24:19]     settle  9: 118 @   1226 d -> ok lintwin tank 676.4 (+21.9) miss 38 km (0.3 s)
[11:24:19]     settle  8: 146 @   1083 d -> ok lintwin tank 652.8 (+2.0) miss 99 km (0.3 s)
[11:24:19]     settle  9:  89 @   1504 d -> ok lintwin tank 694.6 (+7.2) miss 28 km (0.8 s)
[11:24:20]     settle  8:  54 @   1476 d -> ok lintwin tank 660.6 (+9.8) miss 27 km (0.5 s)
[11:24:20]     settle  8: 267 @   1118 d -> ok lintwin tank 693.4 (+16.3) miss 22 km (0.3 s)
[11:24:20]     settle  9: 245 @   1605 d -> ok lintwin tank 746.9 (+39.1) miss 74 km (2.5 s)
[11:24:20]   drift: leg 245@1605 d settled outside (T, T+H] -> column cut at 0
[11:24:20]     settle  9: 166 @   1245 d -> ok lintwin tank 662.1 (+7.6) miss 31 km (0.5 s)
[11:24:20]     settle  8: 269 @   1238 d -> ok lintwin tank 656.3 (+5.5) miss 10 km (0.4 s)
[11:24:21] plan: 1377 states, depth 11 new flybys, end plan_done (70 s); deepest 11 new to 2679 d at planner fuel 467 kg
[11:24:21]   depth  1:  129 states (112 in H), t_end 1086-1770 d, fuel 141-245 kg
[11:24:21]   depth  2:  150 states (109 in H), t_end 1170-1992 d, fuel 155-288 kg
[11:24:21]   depth  3:  150 states (52 in H), t_end 1355-2257 d, fuel 187-282 kg
[11:24:21]   depth  4:  150 states (7 in H), t_end 1538-2255 d, fuel 215-303 kg
[11:24:21]   depth  5:  150 states (0 in H), t_end 1643-2611 d, fuel 238-330 kg
[11:24:21]   depth  6:  150 states (0 in H), t_end 1920-2699 d, fuel 289-364 kg
[11:24:21]   depth  7:  150 states (0 in H), t_end 2038-2696 d, fuel 297-391 kg
[11:24:21]   depth  8:  150 states (0 in H), t_end 2316-2697 d, fuel 323-420 kg
[11:24:21]   depth  9:  150 states (0 in H), t_end 2433-2699 d, fuel 341-442 kg
[11:24:21]   depth 10:   46 states (0 in H), t_end 2513-2694 d, fuel 390-464 kg
[11:24:21]   depth 11:    2 states (0 in H), t_end 2657-2679 d, fuel 467-478 kg
[11:24:21] candidates: 162 distinct committed target sets (n_new 1-4, potential 0-3)
[11:24:21] frontier: 16 candidates chosen (n fb / committed planner kg / continuation (lookahead) [full]; pot_mode lookahead, pot_cap None): 1fb/141kg/p2(0)[2], 1fb/143kg/p0(0)[0], 1fb/162kg/p3(2)[3], 1fb/171kg/p3(1)[3], 1fb/173kg/p4(1)[4], 1fb/174kg/p4(2)[4], 1fb/177kg/p5(3)[5], 2fb/155kg/p0(0)[0], 2fb/164kg/p0(0)[0], 2fb/209kg/p4(3)[4], 3fb/191kg/p0(0)[0], 3fb/193kg/p0(0)[0], 3fb/223kg/p3(3)[3], 4fb/227kg/p1(1)[1], 4fb/255kg/p1(1)[1], 4fb/266kg/p2(2)[2]
[11:24:21] budget: 230 s of 300 left for the settles + regrids (settle_wall 480)
[11:24:21]     settle  8: 186 @   1183 d -> ok lintwin tank 659.7 (+0.3) miss 3 km (0.2 s)
[11:24:21]     settle  9:  36 @   1405 d -> ok lintwin tank 668.6 (+14.1) miss 74 km (0.9 s)
[11:24:21]     settle  9: 240 @   1300 d -> ok lintwin tank 695.2 (+1.8) miss 75 km (1.1 s)
[11:24:21]     settle  8:  36 @   1494 d -> ok lintwin tank 660.3 (+9.5) miss 79 km (0.5 s)
[11:24:21]     settle  8:  87 @   1573 d -> ok lintwin tank 662.4 (+3.1) miss 47 km (0.2 s)
[11:24:21]     settle  8:  81 @   1103 d -> ok lintwin tank 665.5 (+14.7) miss 20 km (0.1 s)
[11:24:22]     settle  9: 166 @   1243 d -> ok lintwin tank 662.1 (+7.6) miss 31 km (0.7 s)
[11:24:22]     settle  9: 158 @   1245 d -> ok lintwin tank 725.8 (+18.1) miss 0 km (2.1 s)
[11:24:22]     settle  8: 195 @   1192 d -> ok lintwin tank 667.8 (+17.1) miss 38 km (0.3 s)
[11:24:22]     settle  8: 201 @   1272 d -> ok lintwin tank 679.3 (+20.0) miss 10 km (0.5 s)
[11:24:22]     settle 10: 191 @   1537 d -> ok lintwin tank 667.9 (+5.8) miss 14 km (0.3 s)
[11:24:22]     settle  9: 132 @   1422 d -> ok lintwin tank 697.1 (+11.5) miss 69 km (1.1 s)
[11:24:23]     settle  8: 252 @   1161 d -> ok lintwin tank 668.6 (+17.8) miss 12 km (0.3 s)
[11:24:23]     settle  8: 158 @   1252 d -> ok lintwin tank 699.5 (+40.2) miss 67 km (0.7 s)
[11:24:23] plan: 1487 states, depth 12 new flybys, end plan_done (73 s); deepest 12 new to 2680 d at planner fuel 430 kg
[11:24:23]   depth  1:   82 states (71 in H), t_end 1137-1702 d, fuel 92-197 kg
[11:24:23]   depth  2:  150 states (72 in H), t_end 1315-2134 d, fuel 106-247 kg
[11:24:23]   depth  3:  150 states (20 in H), t_end 1412-1893 d, fuel 178-261 kg
[11:24:23]   depth  4:  150 states (9 in H), t_end 1492-2345 d, fuel 193-282 kg
[11:24:23]   depth  5:  150 states (2 in H), t_end 1611-2625 d, fuel 225-301 kg
[11:24:23]   depth  6:  150 states (0 in H), t_end 1700-2692 d, fuel 244-333 kg
[11:24:23]   depth  7:  150 states (0 in H), t_end 1874-2695 d, fuel 280-358 kg
[11:24:23]   depth  8:  150 states (0 in H), t_end 2054-2696 d, fuel 295-392 kg
[11:24:23]   depth  9:  150 states (0 in H), t_end 2239-2700 d, fuel 325-417 kg
[11:24:23]   depth 10:  150 states (0 in H), t_end 2427-2699 d, fuel 359-448 kg
[11:24:23]   depth 11:   52 states (0 in H), t_end 2493-2698 d, fuel 402-471 kg
[11:24:23]   depth 12:    3 states (0 in H), t_end 2679-2680 d, fuel 430-453 kg
[11:24:23] candidates: 130 distinct committed target sets (n_new 1-5, potential 0-4)
[11:24:23] frontier: 16 candidates chosen (n fb / committed planner kg / continuation (lookahead) [full]; pot_mode lookahead, pot_cap None): 1fb/92kg/p1(1)[1], 1fb/103kg/p0(0)[0], 1fb/118kg/p6(3)[6], 1fb/195kg/p6(4)[6], 2fb/122kg/p0(0)[0], 2fb/132kg/p0(0)[0], 2fb/167kg/p4(3)[4], 2fb/167kg/p5(3)[5], 3fb/178kg/p3(3)[3], 3fb/186kg/p1(1)[1], 3fb/216kg/p4(3)[4], 4fb/212kg/p1(1)[1], 4fb/224kg/p0(0)[0], 4fb/231kg/p3(3)[3], 5fb/249kg/p2(2)[2], 5fb/258kg/p1(1)[1]
[11:24:23] budget: 227 s of 300 left for the settles + regrids (settle_wall 480)
[11:24:23]     settle  8:  35 @   1168 d -> ok lintwin tank 679.8 (+29.0) miss 12 km (0.4 s)
[11:24:23]     settle  9: 190 @   1260 d -> ok lintwin tank 716.0 (+8.2) miss 69 km (1.2 s)
[11:24:23]     settle  8: 260 @   1146 d -> ok lintwin tank 672.0 (+12.7) miss 5 km (0.2 s)
[11:24:23]     settle  9: 116 @   1391 d -> ok lintwin tank 658.8 (+4.2) miss 64 km (1.0 s)
[11:24:24]     settle  7: 206 @   1443 d -> ok lintwin tank 638.4 (+2.6) miss 71 km (0.4 s)
[11:24:24]     settle 10: 271 @   1539 d -> ok lintwin tank 666.3 (+7.5) miss 2 km (0.2 s)
[11:24:24]     settle  8: 195 @   1086 d -> ok lintwin tank 671.8 (+12.4) miss 6 km (0.3 s)
[11:24:24]     settle 10: 156 @   1526 d -> ok lintwin tank 698.4 (+5.1) miss 68 km (1.4 s)
[11:24:24]     settle  8: 158 @   1257 d -> ok lam tank 688.2 (+37.5) miss 4 km (0.8 s)
[11:24:24]     settle  8: 253 @   1165 d -> ok lintwin tank 670.8 (+11.4) miss 9 km (0.2 s)
[11:24:24]     settle 10:  44 @   1358 d -> ok lintwin tank 671.2 (+9.1) miss 27 km (0.5 s)
[11:24:24]     settle 10: 182 @   1550 d -> ok lintwin tank 698.5 (+1.4) miss 3 km (0.2 s)
[11:24:25]     settle  8: 292 @   1338 d -> ok lintwin tank 661.2 (+1.8) miss 2 km (0.2 s)
[11:24:25]     settle  9: 118 @   1227 d -> ok lintwin tank 659.3 (+6.6) miss 17 km (0.4 s)
[11:24:25]     settle  9:  53 @   1564 d -> ok lintwin tank 662.6 (+1.4) miss 6 km (0.2 s)
[11:24:25]     settle  9: 114 @   1190 d -> ok lintwin tank 733.2 (+25.5) miss 63 km (1.3 s)
[11:24:25]     settle 11: 191 @   1542 d -> ok lintwin tank 672.9 (+1.7) miss 53 km (0.4 s)
[11:24:25]     settle  7: 211 @   1498 d -> ok lintwin tank 665.4 (+29.6) miss 80 km (1.2 s)
[11:24:25]     settle  9:  87 @   1568 d -> ok lintwin tank 665.4 (+4.2) miss 2 km (0.2 s)
[11:24:25]     settle  8: 172 @   1104 d -> ok lintwin tank 670.8 (+20.1) miss 14 km (0.3 s)
[11:24:26]     settle  7:  12 @   1137 d -> ok lintwin tank 646.9 (+11.1) miss 8 km (0.3 s)
[11:24:26]     settle 11:  30 @   1602 d -> ok lintwin tank 672.8 (+1.5) miss 30 km (0.6 s)
[11:24:26]     settle  9: 201 @   1276 d -> ok lintwin tank 681.4 (+10.6) miss 5 km (0.3 s)
[11:24:26]     settle 10:  98 @   1504 d -> ok lintwin tank 698.7 (+5.4) miss 53 km (1.4 s)
[11:24:26]     settle  9: 292 @   1337 d -> ok lintwin tank 671.0 (+11.3) miss 2 km (0.2 s)
[11:24:26] RESULT s02_c3: 16 columns; frontier 1fb 0 kg p0/2 | 2fb 16 kg p1/1 | 3fb 21 kg p0/1; settles 17 (17 ok), regrids 16 (16 ok); wall 76 s of 300 (plan 56, price 0, settle 20; budget hit None, 0 unsettled)
[11:24:26]     settle  9: 116 @   1321 d -> ok lintwin tank 723.7 (+16.0) miss 68 km (1.2 s)
[11:24:26]     settle 10:  87 @   1568 d -> ok lintwin tank 675.1 (+4.1) miss 28 km (0.2 s)
[11:24:26]     settle  9: 116 @   1375 d -> ok lintwin tank 679.8 (+9.0) miss 72 km (1.1 s)
[11:24:27]     settle 11:  35 @   1597 d -> ok lintwin tank 678.4 (+7.1) miss 31 km (0.6 s)
[11:24:27]   job s02_c3 craft columns  16  levels 9  settles 17/17  end plan_done  wall 75.9 s
[11:24:27]     settle  9: 269 @   1243 d -> ok lintwin tank 666.1 (+0.6) miss 80 km (0.2 s)
[11:24:27]     settle 10:  53 @   1565 d -> ok lintwin tank 675.3 (+4.3) miss 69 km (0.2 s)
[11:24:27]     settle 11: 256 @   1548 d -> ok lintwin tank 680.2 (+8.9) miss 23 km (0.4 s)
[11:24:27]     settle 10: 292 @   1420 d -> ok lintwin tank 689.0 (+7.6) miss 30 km (0.2 s)
[11:24:28]     settle 12:  30 @   1603 d -> ok lintwin tank 674.7 (+1.8) miss 2 km (0.2 s)
[11:24:28]     settle  9: 250 @   1442 d -> ok lintwin tank 666.8 (+10.5) miss 16 km (0.4 s)
[11:24:28]     settle  9: 201 @   1276 d -> ok lintwin tank 681.2 (+9.5) miss 9 km (0.3 s)
[11:24:28]     settle  9: 261 @   1240 d -> ok lintwin tank 737.0 (+29.3) miss 67 km (1.5 s)
[11:24:28]     settle 10: 241 @   1617 d -> ok lintwin tank 667.1 (+0.3) miss 13 km (0.4 s)
[11:24:28]     settle 10: 292 @   1431 d -> ok lintwin tank 681.7 (+0.5) miss 22 km (0.5 s)
[11:24:28]     settle 11: 256 @   1558 d -> ok lintwin tank 680.2 (+8.9) miss 41 km (0.5 s)
[11:24:28]     settle 11: 256 @   1538 d -> ok lintwin tank 688.1 (+6.4) miss 3 km (0.2 s)
[11:24:29] plan: 1509 states, depth 11 new flybys, end plan_done (78 s); deepest 11 new to 2645 d at planner fuel 423 kg
[11:24:29]   depth  1:  109 states (90 in H), t_end 1104-1733 d, fuel 224-323 kg
[11:24:29]   depth  2:  150 states (95 in H), t_end 1192-2122 d, fuel 231-366 kg
[11:24:29]   depth  3:  150 states (62 in H), t_end 1321-2452 d, fuel 234-388 kg
[11:24:29]   depth  4:  150 states (24 in H), t_end 1480-2423 d, fuel 262-413 kg
[11:24:29]   depth  5:  150 states (7 in H), t_end 1544-2582 d, fuel 270-438 kg
[11:24:29]   depth  6:  150 states (0 in H), t_end 1764-2621 d, fuel 324-475 kg
[11:24:29]   depth  7:  150 states (0 in H), t_end 1976-2687 d, fuel 350-504 kg
[11:24:29]   depth  8:  150 states (0 in H), t_end 2142-2699 d, fuel 362-535 kg
[11:24:29]   depth  9:  150 states (0 in H), t_end 2344-2694 d, fuel 376-538 kg
[11:24:29]   depth 10:  150 states (0 in H), t_end 2416-2699 d, fuel 389-519 kg
[11:24:29]   depth 11:   50 states (0 in H), t_end 2621-2699 d, fuel 423-541 kg
[11:24:29] candidates: 170 distinct committed target sets (n_new 1-5, potential 0-3)
[11:24:29] frontier: 16 candidates chosen (n fb / committed planner kg / continuation (lookahead) [full]; pot_mode lookahead, pot_cap None): 1fb/224kg/p5(3)[5], 1fb/227kg/p3(1)[3], 1fb/245kg/p6(3)[6], 1fb/278kg/p5(1)[5], 2fb/231kg/p1(0)[1], 2fb/232kg/p4(2)[4], 2fb/282kg/p5(3)[5], 3fb/234kg/p2(1)[2], 3fb/249kg/p1(1)[1], 3fb/288kg/p4(3)[4], 4fb/266kg/p1(1)[1], 4fb/280kg/p1(1)[1], 4fb/320kg/p3(3)[3], 5fb/382kg/p1(1)[1], 5fb/388kg/p1(1)[1], 5fb/405kg/p1(1)[1]
[11:24:29] budget: 222 s of 300 left for the settles + regrids (settle_wall 480)
[11:24:29]     settle 10: 116 @   1376 d -> ok lintwin tank 668.6 (+9.3) miss 20 km (0.4 s)
[11:24:29]     settle  9: 201 @   1276 d -> ok lintwin tank 682.9 (+10.9) miss 7 km (0.3 s)
[11:24:29]     settle 10: 189 @   1223 d -> ok lintwin tank 698.8 (+0.3) miss 19 km (0.5 s)
[11:24:29]     settle  7:  42 @   1182 d -> ok lam tank 671.6 (+35.7) miss 4 km (3.5 s)
[11:24:29]     settle 12:  74 @   1614 d -> ok lintwin tank 684.4 (+4.3) miss 46 km (1.1 s)
[11:24:29]   drift: leg 74@1614 d settled outside (T, T+H] -> column cut at 3
[11:24:29]   1 candidates dropped (settle failure / regrid failure / duplicate after truncation)
[11:24:29] RESULT s02_c4: 15 columns; frontier 1fb 4 kg p0/2 | 2fb 12 kg p0/2 | 3fb 18 kg p1/2 | 4fb 20 kg p1/1; settles 19 (19 ok), regrids 15 (15 ok); wall 79 s of 300 (plan 64, price 0, settle 15; budget hit None, 0 unsettled)
[11:24:29]     settle 10: 292 @   1416 d -> ok lintwin tank 699.6 (+16.7) miss 8 km (0.4 s)
[11:24:30]     settle 10: 123 @   1321 d -> ok lintwin tank 700.8 (+2.2) miss 9 km (0.2 s)
[11:24:30]     settle 11:  42 @   1570 d -> ok lintwin tank 700.6 (+1.0) miss 3 km (0.2 s)
[11:24:30]     settle 10:  54 @   1476 d -> ok lintwin tank 673.8 (+7.8) miss 69 km (0.9 s)
[11:24:30]     settle 10: 195 @   1196 d -> ok lintwin tank 715.9 (+17.4) miss 71 km (0.5 s)
[11:24:30]     settle 11: 179 @   1568 d -> ok lintwin tank 706.6 (+17.6) miss 1 km (0.5 s)
[11:24:30]     settle  9: 210 @   1401 d -> ok lintwin tank 686.2 (+6.4) miss 34 km (0.5 s)
[11:24:31]   job s02_c4 craft columns  15  levels 10  settles 19/19  end plan_done  wall 79.0 s
[11:24:31] RESULT s02_c6: 16 columns; frontier 1fb 0 kg p0/3 | 2fb 3 kg p0/3 | 3fb 16 kg p0/3 | 4fb 29 kg p1/2; settles 22 (22 ok), regrids 16 (16 ok); wall 80 s of 300 (plan 70, price 1, settle 10; budget hit None, 0 unsettled)
[11:24:31]     settle  9:  30 @   1425 d -> ok lintwin tank 747.6 (+39.8) miss 71 km (2.3 s)
[11:24:31]     settle 10:  36 @   1496 d -> ok lintwin tank 692.4 (+6.3) miss 11 km (0.5 s)
[11:24:31]     settle 10: 242 @   1137 d -> ok lintwin tank 714.9 (+16.4) miss 83 km (0.6 s)
[11:24:32]     settle 11: 235 @   1495 d -> ok lintwin tank 702.6 (+3.7) miss 6 km (0.2 s)
[11:24:32]     settle 11: 182 @   1564 d -> ok lintwin tank 703.6 (+11.2) miss 29 km (0.6 s)
[11:24:32] RESULT s02_c2: 16 columns; frontier 1fb 2 kg p0/3 | 2fb 8 kg p0/2 | 3fb 16 kg p0/2 | 4fb 53 kg p0/0; settles 20 (20 ok), regrids 16 (16 ok); wall 81 s of 300 (plan 68, price 0, settle 13; budget hit None, 0 unsettled)
[11:24:32]     settle 11: 123 @   1319 d -> ok lintwin tank 701.8 (+3.0) miss 6 km (0.2 s)
[11:24:33]   job s02_c2 craft columns  16  levels 11  settles 20/20  end plan_done  wall 81.3 s
[11:24:33]   job s02_c6 craft columns  16  levels 11  settles 22/22  end plan_done  wall 80.2 s
[11:24:33]     settle 11: 123 @   1331 d -> ok lintwin tank 717.4 (+1.5) miss 79 km (0.6 s)
[11:24:33]     settle 12: 235 @   1494 d -> ok lintwin tank 702.4 (+0.6) miss 13 km (0.2 s)
[11:24:34]     settle 12: 167 @   1532 d -> ok lintwin tank 705.1 (+3.3) miss 25 km (0.6 s)
[11:24:34]     settle  9: 146 @   1193 d -> FAIL [('lam', 21772163.7)] (3.3 s)
[11:24:35]     settle 12: 167 @   1532 d -> ok lintwin tank 724.0 (+6.6) miss 62 km (0.9 s)
[11:24:36]     settle 12:  54 @   1480 d -> ok lintwin tank 710.0 (+8.2) miss 62 km (0.5 s)
[11:24:36]     settle 13: 194 @   1597 d -> ok lintwin tank 715.5 (+5.5) miss 5 km (0.2 s)
[11:24:36]     settle  9: 190 @   1279 d -> ok lintwin tank 713.0 (+5.3) miss 60 km (2.1 s)
[11:24:37]     settle 13: 298 @   1602 d -> ok lintwin tank 720.9 (+18.5) miss 14 km (0.2 s)
[11:24:37]     settle 13: 298 @   1607 d -> ok lintwin tank 729.2 (+5.1) miss 11 km (0.2 s)
[11:24:38]     settle 11: 189 @   1221 d -> ok lintwin tank 720.9 (+5.9) miss 81 km (0.6 s)
[11:24:38]     settle 10: 160 @   1598 d -> ok lintwin tank 728.4 (+15.4) miss 74 km (1.6 s)
[11:24:39]     settle 12: 123 @   1321 d -> ok lintwin tank 740.8 (+19.9) miss 73 km (1.2 s)
[11:24:39]     settle  8: 122 @   1618 d -> ok lam tank 651.1 (+12.7) miss 60 km (9.7 s)
[11:24:39]     settle  9: 116 @   1315 d -> ok lintwin tank 723.5 (+15.8) miss 64 km (0.9 s)
[11:24:40]     settle 13:  54 @   1480 d -> ok lintwin tank 750.1 (+9.3) miss 46 km (0.8 s)
[11:24:41]     settle 10:  53 @   1573 d -> ok lintwin tank 732.9 (+9.4) miss 48 km (1.5 s)
[11:24:41]     settle 14: 194 @   1597 d -> ok lintwin tank 756.3 (+6.2) miss 49 km (0.9 s)
[11:24:41]   regrid FAIL (2 fb: miss 23011 km, None, 2.1 s) -> column dropped
[11:24:41]     settle 13: 235 @   1495 d -> ok lintwin tank 745.3 (+4.5) miss 23 km (0.4 s)
[11:24:42]     settle 14: 298 @   1603 d -> ok lintwin tank 759.8 (+14.5) miss 74 km (0.4 s)
[11:24:42]     settle  9: 190 @   1265 d -> ok lintwin tank 715.8 (+8.0) miss 59 km (1.3 s)
[11:24:43]     settle  7:  45 @   1344 d -> ok lintwin tank 644.0 (+8.2) miss 79 km (1.4 s)
[11:24:43]     settle 14:  79 @   1551 d -> ok lintwin tank 764.4 (+14.3) miss 82 km (0.6 s)
[11:24:43] RESULT s02_c0: 16 columns; frontier 1fb 0 kg p3/3 | 2fb 3 kg p2/3 | 3fb 4 kg p1/3 | 4fb 17 kg p1/3 | 5fb 58 kg p1/1; settles 21 (21 ok), regrids 16 (16 ok); wall 92 s of 300 (plan 78, price 1, settle 14; budget hit None, 0 unsettled)
[11:24:44]     settle  8:  98 @   1604 d -> ok lintwin tank 648.3 (+4.3) miss 71 km (1.0 s)
[11:24:44]     settle 10: 211 @   1571 d -> ok lintwin tank 722.8 (+7.0) miss 75 km (1.9 s)
[11:24:45]   job s02_c0 craft columns  16  levels 11  settles 21/21  end plan_done  wall 92.5 s
[11:24:45]     settle  8:  17 @   1315 d -> ok lintwin tank 665.5 (+18.6) miss 41 km (0.9 s)
[11:24:45]     settle 10: 261 @   1417 d -> ok lintwin tank 717.8 (+1.8) miss 67 km (0.9 s)
[11:24:46]     settle  8: 127 @   1327 d -> ok lintwin tank 662.1 (+15.2) miss 75 km (1.3 s)
[11:24:47]     settle 11: 211 @   1572 d -> ok lintwin tank 720.7 (+2.9) miss 60 km (1.3 s)
[11:24:48]     settle 11: 115 @   1545 d -> ok lintwin tank 731.3 (+13.5) miss 60 km (0.4 s)
[11:24:48]     settle  9:  95 @   1570 d -> ok lintwin tank 667.4 (+1.9) miss 97 km (1.3 s)
[11:24:48]   3 candidates dropped (settle failure / regrid failure / duplicate after truncation)
[11:24:48] RESULT s02_c1: 13 columns; frontier 1fb 6 kg p0/3 | 2fb 10 kg p3/3 | 3fb 13 kg p3/3; settles 18 (17 ok), regrids 13 (13 ok); wall 97 s of 300 (plan 64, price 0, settle 33; budget hit None, 0 unsettled)
[11:24:49]     settle  9: 195 @   1613 d -> ok lintwin tank 673.3 (+7.8) miss 71 km (0.7 s)
[11:24:49]   job s02_c1 craft columns  13  levels 9  settles 17/18  end plan_done  wall 97.5 s
[11:24:50]     settle  9: 132 @   1422 d -> ok lintwin tank 676.8 (+14.7) miss 73 km (1.1 s)
[11:24:51]     settle  9:  36 @   1493 d -> ok lintwin tank 669.5 (+7.4) miss 64 km (1.0 s)
[11:24:52]     settle 10: 195 @   1614 d -> ok lintwin tank 679.1 (+9.6) miss 64 km (0.5 s)
[11:24:52]     settle  9: 258 @   1417 d -> ok lintwin tank 672.0 (+10.0) miss 66 km (0.4 s)
[11:24:54]     settle 10: 195 @   1616 d -> ok lintwin tank 681.0 (+8.9) miss 72 km (1.5 s)
[11:24:54]     settle 10:  36 @   1492 d -> ok lintwin tank 678.2 (+1.4) miss 68 km (0.6 s)
[11:24:55]     settle 11: 195 @   1611 d -> ok lintwin tank 690.6 (+12.4) miss 70 km (0.5 s)
[11:24:56]     settle 10:  36 @   1494 d -> ok lintwin tank 677.8 (+5.7) miss 69 km (0.9 s)
[11:24:57]     settle 11: 195 @   1616 d -> ok lintwin tank 681.9 (+4.2) miss 49 km (0.7 s)
[11:24:57]   1 candidates dropped (settle failure / regrid failure / duplicate after truncation)
[11:24:57] RESULT s02_c7: 15 columns; frontier 1fb 3 kg p1/4 | 2fb 12 kg p0/3 | 3fb 32 kg p3/3 | 4fb 42 kg p3/3 | 5fb 46 kg p1/2; settles 21 (20 ok), regrids 16 (15 ok); wall 107 s of 300 (plan 73, price 0, settle 34; budget hit None, 0 unsettled)
[11:24:59]   job s02_c7 craft columns  15  levels 12  settles 20/21  end plan_done  wall 106.8 s
[11:24:59] [slice 2] propose: 123 columns (0 bad dropped) in 108.2 s
[11:24:59] [slice 2] auction: 123 columns, kept 123, dropped {}; lam 1.00 H_eff 540 d fuel budget 482 kg quota on
[11:24:59] [slice 2] auction: status optimal objective 33.137 vars 123 rows 59 chosen 8 fuel 281/482 kg (0.014 s)
[11:25:01] [slice 2] claims: c0:1 c1:3 c3:1 c4:1 c6:2  (8 targets: 0 kept, 8 new; 17 released, 0 expired (ttl 2), 0 conflicts)
[11:25:01] [slice 2 T=1080 d] launched 8/8  covered 89  remaining 209  fuel 793 kg  sumJi 8.6098  chosen: c0:5(+58) c1:3(+13) c2:3(+18) c3:3(+21) c4:4(+20) c5:4(+58) c6:4(+47) c7:5(+46)  rejected: -  (wall 110 s)
[11:25:01] [slice 3] claims in force: c0:1 c1:3 c3:1 c4:1 c6:2  (8 targets; claim_bonus 0.5, ttl 2)
[11:25:01]   c0: claims: 1 own (prized +0.5), 7 claimed by others withheld
[11:25:01]   c1: claims: 3 own (prized +0.5), 5 claimed by others withheld
[11:25:01]   c2: claims: 0 own (prized +0.5), 8 claimed by others withheld
[11:25:01]   c3: claims: 1 own (prized +0.5), 7 claimed by others withheld
[11:25:01]   c4: claims: 1 own (prized +0.5), 7 claimed by others withheld
[11:25:01]   c5: claims: 0 own (prized +0.5), 8 claimed by others withheld
[11:25:01]   c6: claims: 2 own (prized +0.5), 6 claimed by others withheld
[11:25:01]   c7: claims: 0 own (prized +0.5), 8 claimed by others withheld
[11:25:01] [slice 3 T=1620 d] propose: 8 jobs (8 craft, 0 root) on 9 workers, proposer planbeam, H_eff 540 d, lam 1.0
[11:25:01] job s03_c4 (craft, craft 4, planbeam): T 1620 d H 540 L 360; plan horizon 3240 d; remaining 202; prize >1 on 54; width 150 npt 6 mc 150 dv 1.2 drmax 0.15 plan_wall 240 s; quota {'fil': 5, 'med': 15}
[11:25:01] job s03_c0 (craft, craft 0, planbeam): T 1620 d H 540 L 360; plan horizon 3240 d; remaining 202; prize >1 on 54; width 150 npt 6 mc 150 dv 1.2 drmax 0.15 plan_wall 240 s; quota {'fil': 3, 'med': 15}
[11:25:01] job s03_c6 (craft, craft 6, planbeam): T 1620 d H 540 L 360; plan horizon 3240 d; remaining 203; prize >1 on 55; width 150 npt 6 mc 150 dv 1.2 drmax 0.15 plan_wall 240 s; quota {'fil': 7, 'med': 14}
[11:25:01] job s03_c5 (craft, craft 5, planbeam): T 1620 d H 540 L 360; plan horizon 3240 d; remaining 201; prize >1 on 53; width 150 npt 6 mc 150 dv 1.2 drmax 0.15 plan_wall 240 s; quota {'fil': 9, 'med': 14}
[11:25:01] job s03_c1 (craft, craft 1, planbeam): T 1620 d H 540 L 360; plan horizon 3240 d; remaining 204; prize >1 on 56; width 150 npt 6 mc 150 dv 1.2 drmax 0.15 plan_wall 240 s; quota {'fil': 7, 'med': 14}
[11:25:01] job s03_c2 (craft, craft 2, planbeam): T 1620 d H 540 L 360; plan horizon 3240 d; remaining 201; prize >1 on 53; width 150 npt 6 mc 150 dv 1.2 drmax 0.15 plan_wall 240 s; quota {'fil': 7, 'med': 16}
[11:25:01] job s03_c3 (craft, craft 3, planbeam): T 1620 d H 540 L 360; plan horizon 3240 d; remaining 202; prize >1 on 54; width 150 npt 6 mc 150 dv 1.2 drmax 0.15 plan_wall 240 s; quota {'fil': 7, 'med': 16}
[11:25:01] job s03_c7 (craft, craft 7, planbeam): T 1620 d H 540 L 360; plan horizon 3240 d; remaining 201; prize >1 on 53; width 150 npt 6 mc 150 dv 1.2 drmax 0.15 plan_wall 240 s; quota {'fil': 5, 'med': 16}
[11:25:01] prefix slices/s03/in/craft_5.npz: 10 flybys, t_end 1612.8 d, tank 686.6 kg (planner view), miss 1.0 km, nreg 75
[11:25:01] budget: job_wall 300 s, 300 s left before the plan -> plan cap 210 s (plan_wall 240, settle_reserve 90)
[11:25:01] prefix slices/s03/in/craft_2.npz: 10 flybys, t_end 1373.8 d, tank 668.5 kg (planner view), miss 0.6 km, nreg 68
[11:25:01] budget: job_wall 300 s, 300 s left before the plan -> plan cap 210 s (plan_wall 240, settle_reserve 90)
[11:25:01] prefix slices/s03/in/craft_3.npz: 10 flybys, t_end 1547.3 d, tank 698.5 kg (planner view), miss 1.3 km, nreg 76
[11:25:01] budget: job_wall 300 s, 300 s left before the plan -> plan cap 210 s (plan_wall 240, settle_reserve 90)
[11:25:01] prefix slices/s03/in/craft_6.npz: 11 flybys, t_end 1569.4 d, tank 706.4 kg (planner view), miss 0.6 km, nreg 71
[11:25:01] prefix slices/s03/in/craft_4.npz: 12 flybys, t_end 1603.2 d, tank 674.7 kg (planner view), miss 0.1 km, nreg 76
[11:25:01] budget: job_wall 300 s, 300 s left before the plan -> plan cap 210 s (plan_wall 240, settle_reserve 90)
[11:25:01] prefix slices/s03/in/craft_7.npz: 11 flybys, t_end 1617.3 d, tank 681.8 kg (planner view), miss 0.2 km, nreg 70
[11:25:01] budget: job_wall 300 s, 300 s left before the plan -> plan cap 210 s (plan_wall 240, settle_reserve 90)
[11:25:01] budget: job_wall 300 s, 300 s left before the plan -> plan cap 210 s (plan_wall 240, settle_reserve 90)
[11:25:01] prefix slices/s03/in/craft_0.npz: 14 flybys, t_end 1596.2 d, tank 756.3 kg (planner view), miss 18.2 km, nreg 82
[11:25:01] budget: job_wall 300 s, 300 s left before the plan -> plan cap 210 s (plan_wall 240, settle_reserve 90)
[11:25:01] prefix slices/s03/in/craft_1.npz: 11 flybys, t_end 1567.4 d, tank 720.6 kg (planner view), miss 2.8 km, nreg 81
[11:25:01] budget: job_wall 300 s, 300 s left before the plan -> plan cap 210 s (plan_wall 240, settle_reserve 90)
[11:25:10] first level (both): 0 production + 50 relaxed (dv 2.5, 0.3 AU; 0.1 s) + 55 lintwin children -> 78 unique (9.0 s)
[11:25:10] plan start: prefix 10 flybys, t_end 1612.8 d, planner mass 1401.7 kg (dv 5.191 km/s); 78 first-level states
[11:25:10] first level (both): 0 production + 38 relaxed (dv 2.5, 0.3 AU; 0.1 s) + 67 lintwin children -> 87 unique (9.2 s)
[11:25:10] plan start: prefix 10 flybys, t_end 1373.8 d, planner mass 1439.6 kg (dv 4.144 km/s); 87 first-level states
[11:25:10] first level (both): 0 production + 62 relaxed (dv 2.5, 0.3 AU; 0.1 s) + 64 lintwin children -> 99 unique (9.6 s)
[11:25:10] plan start: prefix 11 flybys, t_end 1569.4 d, planner mass 1362.3 kg (dv 6.308 km/s); 99 first-level states
[11:25:11] first level (both): 0 production + 66 relaxed (dv 2.5, 0.3 AU; 0.1 s) + 56 lintwin children -> 91 unique (9.8 s)
[11:25:11] plan start: prefix 10 flybys, t_end 1547.3 d, planner mass 1377.8 kg (dv 5.866 km/s); 91 first-level states
[11:25:11] first level (both): 0 production + 51 relaxed (dv 2.5, 0.3 AU; 0.0 s) + 53 lintwin children -> 75 unique (9.8 s)
[11:25:11] plan start: prefix 11 flybys, t_end 1617.3 d, planner mass 1411.5 kg (dv 4.917 km/s); 75 first-level states
[11:25:11] first level (both): 0 production + 72 relaxed (dv 2.5, 0.3 AU; 0.1 s) + 62 lintwin children -> 104 unique (10.2 s)
[11:25:11] plan start: prefix 12 flybys, t_end 1603.2 d, planner mass 1426.5 kg (dv 4.503 km/s); 104 first-level states
[11:25:12] first level (both): 0 production + 79 relaxed (dv 2.5, 0.3 AU; 0.1 s) + 51 lintwin children -> 86 unique (10.9 s)
[11:25:12] plan start: prefix 11 flybys, t_end 1567.4 d, planner mass 1335.6 kg (dv 7.087 km/s); 86 first-level states
[11:25:12] first level (both): 0 production + 35 relaxed (dv 2.5, 0.3 AU; 0.1 s) + 51 lintwin children -> 66 unique (10.9 s)
[11:25:12] plan start: prefix 14 flybys, t_end 1596.2 d, planner mass 1272.6 kg (dv 8.981 km/s); 66 first-level states
[11:25:52] plan: 1010 states, depth 8 new flybys, end plan_done (52 s); deepest 8 new to 3203 d at planner fuel 426 kg
[11:25:52]   depth  1:   78 states (62 in H), t_end 1717-2292 d, fuel 199-300 kg
[11:25:52]   depth  2:  150 states (29 in H), t_end 1888-2693 d, fuel 213-340 kg
[11:25:52]   depth  3:  150 states (2 in H), t_end 2043-3083 d, fuel 230-371 kg
[11:25:52]   depth  4:  150 states (0 in H), t_end 2389-3072 d, fuel 272-395 kg
[11:25:52]   depth  5:  150 states (0 in H), t_end 2529-3238 d, fuel 292-429 kg
[11:25:52]   depth  6:  150 states (0 in H), t_end 2725-3238 d, fuel 342-448 kg
[11:25:52]   depth  7:  144 states (0 in H), t_end 2882-3238 d, fuel 379-485 kg
[11:25:52]   depth  8:   38 states (0 in H), t_end 3135-3235 d, fuel 426-485 kg
[11:25:52] candidates: 59 distinct committed target sets (n_new 1-3, potential 0-2)
[11:25:52] frontier: 16 candidates chosen (n fb / committed planner kg / continuation (lookahead) [full]; pot_mode lookahead, pot_cap None): 1fb/209kg/p2(2)[2], 1fb/211kg/p0(0)[0], 1fb/212kg/p2(1)[2], 1fb/213kg/p1(1)[1], 1fb/216kg/p3(2)[3], 1fb/216kg/p2(1)[2], 1fb/221kg/p1(1)[1], 1fb/236kg/p1(1)[1], 1fb/244kg/p3(2)[3], 1fb/254kg/p3(2)[3], 1fb/284kg/p2(1)[2], 1fb/288kg/p2(1)[2], 2fb/243kg/p1(1)[1], 2fb/243kg/p1(1)[1], 2fb/248kg/p2(2)[2], 3fb/288kg/p0(0)[0]
[11:25:52] budget: 248 s of 300 left for the settles + regrids (settle_wall 480)
[11:25:53]     settle 11:  94 @   2124 d -> ok lintwin tank 693.8 (+7.2) miss 13 km (0.9 s)
[11:25:55]     settle 11:   6 @   2080 d -> ok lintwin tank 700.9 (+14.3) miss 2 km (1.5 s)
[11:25:56]     settle 11:  27 @   1887 d -> ok lintwin tank 690.6 (+4.0) miss 42 km (0.8 s)
[11:25:56] plan: 1056 states, depth 9 new flybys, end plan_done (55 s); deepest 9 new to 3187 d at planner fuel 544 kg
[11:25:56]   depth  1:   86 states (76 in H), t_end 1642-2250 d, fuel 288-360 kg
[11:25:56]   depth  2:  150 states (104 in H), t_end 1854-2421 d, fuel 306-393 kg
[11:25:56]   depth  3:  150 states (8 in H), t_end 1974-2857 d, fuel 329-424 kg
[11:25:56]   depth  4:  150 states (0 in H), t_end 2162-2942 d, fuel 369-442 kg
[11:25:56]   depth  5:  150 states (0 in H), t_end 2283-3126 d, fuel 387-473 kg
[11:25:56]   depth  6:  150 states (0 in H), t_end 2637-3238 d, fuel 426-496 kg
[11:25:56]   depth  7:  150 states (0 in H), t_end 2780-3239 d, fuel 447-531 kg
[11:25:56]   depth  8:   62 states (0 in H), t_end 2998-3239 d, fuel 483-557 kg
[11:25:56]   depth  9:    8 states (0 in H), t_end 3137-3220 d, fuel 544-575 kg
[11:25:56] candidates: 77 distinct committed target sets (n_new 1-3, potential 0-2)
[11:25:56] frontier: 16 candidates chosen (n fb / committed planner kg / continuation (lookahead) [full]; pot_mode lookahead, pot_cap None): 1fb/288kg/p1(0)[1], 1fb/288kg/p1(0)[1], 1fb/297kg/p2(1)[2], 1fb/315kg/p2(2)[2], 1fb/327kg/p4(2)[4], 1fb/339kg/p2(1)[2], 1fb/343kg/p2(1)[2], 1fb/346kg/p4(2)[4], 1fb/348kg/p2(1)[2], 1fb/358kg/p2(0)[2], 2fb/306kg/p0(0)[0], 2fb/306kg/p0(0)[0], 2fb/364kg/p3(2)[3], 3fb/378kg/p2(2)[2], 3fb/388kg/p0(0)[0], 3fb/391kg/p2(2)[2]
[11:25:56] budget: 244 s of 300 left for the settles + regrids (settle_wall 480)
[11:25:59]     settle 11:  48 @   2133 d -> ok lintwin tank 697.4 (+10.8) miss 81 km (2.2 s)
[11:25:59]     settle 11:  92 @   2054 d -> ok lintwin tank 704.3 (+17.7) miss 9 km (0.7 s)
[11:26:00]     settle 12: 247 @   1873 d -> ok lintwin tank 744.1 (+23.5) miss 1 km (3.4 s)
[11:26:00] plan: 1175 states, depth 10 new flybys, end plan_done (59 s); deepest 10 new to 3236 d at planner fuel 476 kg
[11:26:00]   depth  1:   75 states (64 in H), t_end 1662-2226 d, fuel 193-295 kg
[11:26:00]   depth  2:  150 states (90 in H), t_end 1816-2682 d, fuel 212-334 kg
[11:26:00]   depth  3:  150 states (20 in H), t_end 1976-3097 d, fuel 221-375 kg
[11:26:00]   depth  4:  150 states (4 in H), t_end 2110-3192 d, fuel 252-382 kg
[11:26:00]   depth  5:  150 states (0 in H), t_end 2341-3237 d, fuel 272-418 kg
[11:26:00]   depth  6:  150 states (0 in H), t_end 2560-3238 d, fuel 295-447 kg
[11:26:00]   depth  7:  150 states (0 in H), t_end 2606-3239 d, fuel 325-454 kg
[11:26:00]   depth  8:  150 states (0 in H), t_end 2930-3239 d, fuel 340-481 kg
[11:26:00]   depth  9:   46 states (0 in H), t_end 3098-3238 d, fuel 362-517 kg
[11:26:00]   depth 10:    4 states (0 in H), t_end 3233-3238 d, fuel 476-546 kg
[11:26:00] candidates: 108 distinct committed target sets (n_new 1-4, potential 0-3)
[11:26:00] frontier: 16 candidates chosen (n fb / committed planner kg / continuation (lookahead) [full]; pot_mode lookahead, pot_cap None): 1fb/193kg/p2(0)[2], 1fb/198kg/p2(1)[2], 1fb/215kg/p3(2)[3], 1fb/228kg/p4(2)[4], 1fb/249kg/p4(1)[4], 1fb/251kg/p3(1)[3], 1fb/259kg/p4(3)[4], 1fb/273kg/p4(3)[4], 2fb/212kg/p1(1)[1], 2fb/222kg/p1(0)[1], 2fb/259kg/p3(2)[3], 3fb/266kg/p2(2)[2], 3fb/270kg/p0(0)[0], 3fb/272kg/p0(0)[0], 4fb/324kg/p1(1)[1], 4fb/336kg/p0(0)[0]
[11:26:00] budget: 241 s of 300 left for the settles + regrids (settle_wall 480)
[11:26:00]     settle 11:   9 @   1810 d -> ok lintwin tank 689.3 (+2.7) miss 9 km (0.6 s)
[11:26:01]     settle 12: 164 @   1820 d -> ok lintwin tank 683.2 (+1.4) miss 36 km (0.8 s)
[11:26:01]     settle 11:  89 @   2006 d -> ok lintwin tank 693.8 (+7.2) miss 31 km (0.5 s)
[11:26:02] plan: 1216 states, depth 10 new flybys, end plan_done (61 s); deepest 10 new to 3237 d at planner fuel 512 kg
[11:26:02]   depth  1:   87 states (79 in H), t_end 1627-2263 d, fuel 167-265 kg
[11:26:02]   depth  2:  150 states (108 in H), t_end 1685-2592 d, fuel 175-304 kg
[11:26:02]   depth  3:  150 states (48 in H), t_end 1995-2695 d, fuel 235-342 kg
[11:26:02]   depth  4:  150 states (0 in H), t_end 2175-2925 d, fuel 268-352 kg
[11:26:02]   depth  5:  150 states (0 in H), t_end 2474-3115 d, fuel 303-390 kg
[11:26:02]   depth  6:  150 states (0 in H), t_end 2567-3238 d, fuel 325-423 kg
[11:26:02]   depth  7:  150 states (0 in H), t_end 2734-3239 d, fuel 338-450 kg
[11:26:02]   depth  8:  141 states (0 in H), t_end 2886-3239 d, fuel 382-485 kg
[11:26:02]   depth  9:   84 states (0 in H), t_end 3032-3240 d, fuel 416-524 kg
[11:26:02]   depth 10:    4 states (0 in H), t_end 3227-3238 d, fuel 512-529 kg
[11:26:02] candidates: 155 distinct committed target sets (n_new 1-3, potential 0-2)
[11:26:02] frontier: 16 candidates chosen (n fb / committed planner kg / continuation (lookahead) [full]; pot_mode lookahead, pot_cap None): 1fb/171kg/p1(1)[1], 1fb/172kg/p0(0)[0], 1fb/180kg/p2(1)[2], 1fb/205kg/p4(2)[4], 1fb/208kg/p3(2)[3], 1fb/219kg/p3(1)[3], 1fb/237kg/p4(2)[4], 1fb/240kg/p3(1)[3], 1fb/241kg/p4(2)[4], 1fb/242kg/p3(2)[3], 2fb/207kg/p1(0)[1], 2fb/208kg/p1(0)[1], 2fb/238kg/p3(2)[3], 3fb/245kg/p0(0)[0], 3fb/248kg/p0(0)[0], 3fb/266kg/p2(2)[2]
[11:26:02] budget: 239 s of 300 left for the settles + regrids (settle_wall 480)
[11:26:02]     settle 12: 169 @   1872 d -> ok lintwin tank 731.4 (+10.8) miss 73 km (2.3 s)
[11:26:03]     settle 12:  86 @   1978 d -> ok lintwin tank 688.0 (+6.2) miss 61 km (1.4 s)
[11:26:03]     settle 11: 113 @   2076 d -> ok lintwin tank 703.2 (+16.6) miss 71 km (1.6 s)
[11:26:03]     settle 11: 176 @   2133 d -> ok lintwin tank 680.8 (+12.3) miss 26 km (1.2 s)
[11:26:03] plan: 1228 states, depth 10 new flybys, end plan_done (63 s); deepest 10 new to 3240 d at planner fuel 576 kg
[11:26:03]   depth  1:   91 states (77 in H), t_end 1629-2272 d, fuel 229-323 kg
[11:26:03]   depth  2:  150 states (90 in H), t_end 1780-2620 d, fuel 251-355 kg
[11:26:03]   depth  3:  150 states (13 in H), t_end 1959-3067 d, fuel 271-381 kg
[11:26:03]   depth  4:  150 states (2 in H), t_end 2078-3226 d, fuel 292-400 kg
[11:26:03]   depth  5:  150 states (0 in H), t_end 2484-3232 d, fuel 309-437 kg
[11:26:03]   depth  6:  150 states (0 in H), t_end 2599-3235 d, fuel 346-472 kg
[11:26:03]   depth  7:  150 states (0 in H), t_end 2750-3237 d, fuel 375-507 kg
[11:26:03]   depth  8:  150 states (0 in H), t_end 2963-3237 d, fuel 394-538 kg
[11:26:03]   depth  9:   86 states (0 in H), t_end 3143-3238 d, fuel 449-565 kg
[11:26:03]   depth 10:    1 states (0 in H), t_end 3240-3240 d, fuel 576-576 kg
[11:26:03] candidates: 90 distinct committed target sets (n_new 1-4, potential 0-2)
[11:26:03] frontier: 16 candidates chosen (n fb / committed planner kg / continuation (lookahead) [full]; pot_mode lookahead, pot_cap None): 1fb/229kg/p2(2)[2], 1fb/240kg/p0(0)[0], 1fb/253kg/p3(2)[3], 1fb/255kg/p3(2)[3], 1fb/261kg/p3(2)[3], 1fb/264kg/p4(1)[4], 1fb/281kg/p3(2)[3], 1fb/285kg/p3(2)[3], 1fb/301kg/p3(2)[3], 2fb/265kg/p0(0)[0], 2fb/265kg/p1(1)[1], 2fb/292kg/p3(1)[3], 3fb/292kg/p1(1)[1], 3fb/299kg/p1(1)[1], 3fb/321kg/p2(1)[2], 4fb/351kg/p1(1)[1]
[11:26:03] budget: 237 s of 300 left for the settles + regrids (settle_wall 480)
[11:26:04]     settle 11: 163 @   1784 d -> ok lintwin tank 670.9 (+2.4) miss 14 km (0.5 s)
[11:26:04]     settle 12:  96 @   2012 d -> ok lintwin tank 699.5 (+17.6) miss 39 km (1.1 s)
[11:26:05]     settle 11: 257 @   1842 d -> ok lintwin tank 677.5 (+9.0) miss 17 km (0.5 s)
[11:26:05]     settle 11:  13 @   1768 d -> ok lintwin tank 710.2 (+23.6) miss 62 km (2.0 s)
[11:26:05]     settle 12: 197 @   1787 d -> ok lintwin tank 699.4 (+17.6) miss 59 km (1.0 s)
[11:26:06]     settle 12: 159 @   1744 d -> ok lintwin tank 730.0 (+9.4) miss 1 km (2.9 s)
[11:26:06]     settle 11: 282 @   1990 d -> ok lintwin tank 699.9 (+1.4) miss 64 km (2.5 s)
[11:26:06]     settle 11: 282 @   2002 d -> ok lintwin tank 697.8 (+11.2) miss 21 km (0.8 s)
[11:26:06]     settle 12: 159 @   1676 d -> ok lintwin tank 711.4 (+29.6) miss 53 km (0.8 s)
[11:26:07]     settle 11:   9 @   1836 d -> ok lintwin tank 692.1 (+23.5) miss 48 km (1.6 s)
[11:26:07] plan: 1273 states, depth 11 new flybys, end plan_done (66 s); deepest 11 new to 3183 d at planner fuel 503 kg
[11:26:07]   depth  1:  104 states (88 in H), t_end 1644-2306 d, fuel 180-279 kg
[11:26:07]   depth  2:  150 states (64 in H), t_end 1841-2456 d, fuel 194-311 kg
[11:26:07]   depth  3:  150 states (21 in H), t_end 1958-2810 d, fuel 208-337 kg
[11:26:07]   depth  4:  150 states (2 in H), t_end 2134-3112 d, fuel 242-362 kg
[11:26:07]   depth  5:  150 states (0 in H), t_end 2440-3233 d, fuel 268-399 kg
[11:26:07]   depth  6:  150 states (0 in H), t_end 2573-3238 d, fuel 295-423 kg
[11:26:07]   depth  7:  150 states (0 in H), t_end 2689-3240 d, fuel 320-460 kg
[11:26:07]   depth  8:  150 states (0 in H), t_end 2753-3238 d, fuel 347-493 kg
[11:26:07]   depth  9:   94 states (0 in H), t_end 2853-3239 d, fuel 397-504 kg
[11:26:07]   depth 10:   20 states (0 in H), t_end 3024-3212 d, fuel 431-508 kg
[11:26:07]   depth 11:    5 states (0 in H), t_end 3143-3217 d, fuel 503-540 kg
[11:26:07] candidates: 99 distinct committed target sets (n_new 1-4, potential 0-2)
[11:26:07] frontier: 16 candidates chosen (n fb / committed planner kg / continuation (lookahead) [full]; pot_mode lookahead, pot_cap None): 1fb/180kg/p2(2)[2], 1fb/182kg/p1(0)[1], 1fb/187kg/p2(2)[2], 1fb/209kg/p3(0)[3], 1fb/220kg/p4(1)[4], 1fb/230kg/p4(2)[4], 1fb/236kg/p3(2)[3], 2fb/199kg/p0(0)[0], 2fb/209kg/p1(1)[1], 2fb/245kg/p3(2)[3], 2fb/249kg/p3(1)[3], 3fb/236kg/p1(1)[1], 3fb/253kg/p2(2)[2], 3fb/260kg/p1(1)[1], 4fb/296kg/p1(1)[1], 4fb/301kg/p0(0)[0]
[11:26:07] budget: 234 s of 300 left for the settles + regrids (settle_wall 480)
[11:26:07]     settle 12: 299 @   1723 d -> ok lintwin tank 701.7 (+19.9) miss 52 km (0.8 s)
[11:26:07]     settle 13: 236 @   2103 d -> ok lintwin tank 676.8 (+2.1) miss 3 km (0.5 s)
[11:26:08]     settle 13: 128 @   2009 d -> ok lintwin tank 678.6 (+3.9) miss 18 km (0.6 s)
[11:26:08]     settle 11:  25 @   1717 d -> ok lintwin tank 725.2 (+38.6) miss 0 km (2.0 s)
[11:26:09]     settle 11: 185 @   1986 d -> ok lintwin tank 709.3 (+10.8) miss 69 km (2.4 s)
[11:26:09]     settle 12: 270 @   1995 d -> ok lintwin tank 736.8 (+16.2) miss 0 km (2.9 s)
[11:26:09]     settle 13: 148 @   2016 d -> ok lintwin tank 682.0 (+7.3) miss 52 km (0.6 s)
[11:26:09] plan: 1282 states, depth 10 new flybys, end plan_done (69 s); deepest 10 new to 3186 d at planner fuel 581 kg
[11:26:09]   depth  1:   66 states (60 in H), t_end 1736-2232 d, fuel 329-418 kg
[11:26:09]   depth  2:  150 states (91 in H), t_end 1833-2628 d, fuel 362-454 kg
[11:26:09]   depth  3:  150 states (11 in H), t_end 1983-3021 d, fuel 380-489 kg
[11:26:09]   depth  4:  150 states (0 in H), t_end 2209-3235 d, fuel 404-520 kg
[11:26:09]   depth  5:  150 states (0 in H), t_end 2460-3233 d, fuel 429-549 kg
[11:26:09]   depth  6:  150 states (0 in H), t_end 2518-3225 d, fuel 471-565 kg
[11:26:09]   depth  7:  150 states (0 in H), t_end 2753-3239 d, fuel 494-588 kg
[11:26:09]   depth  8:  150 states (0 in H), t_end 2845-3238 d, fuel 537-609 kg
[11:26:09]   depth  9:  137 states (0 in H), t_end 3013-3239 d, fuel 554-630 kg
[11:26:09]   depth 10:   29 states (0 in H), t_end 3156-3238 d, fuel 581-641 kg
[11:26:09] candidates: 100 distinct committed target sets (n_new 1-3, potential 0-5)
[11:26:09] frontier: 16 candidates chosen (n fb / committed planner kg / continuation (lookahead) [full]; pot_mode lookahead, pot_cap None): 1fb/329kg/p2(1)[2], 1fb/346kg/p1(1)[1], 1fb/358kg/p2(1)[2], 1fb/363kg/p2(2)[2], 1fb/369kg/p2(2)[2], 1fb/373kg/p2(2)[2], 1fb/378kg/p5(5)[5], 1fb/387kg/p2(1)[2], 1fb/397kg/p3(1)[3], 1fb/418kg/p3(1)[3], 2fb/363kg/p1(1)[1], 2fb/366kg/p0(0)[0], 2fb/421kg/p2(1)[2], 3fb/429kg/p1(1)[1], 3fb/437kg/p1(1)[1], 3fb/439kg/p1(1)[1]
[11:26:09] budget: 231 s of 300 left for the settles + regrids (settle_wall 480)
[11:26:10]     settle 11: 170 @   1883 d -> ok lintwin tank 705.1 (+18.5) miss 8 km (0.4 s)
[11:26:10]     settle 11: 164 @   1742 d -> ok lintwin tank 693.0 (+24.5) miss 1 km (2.8 s)
[11:26:10]     settle 13: 225 @   1836 d -> ok lintwin tank 687.0 (+12.3) miss 14 km (0.6 s)
[11:26:10]     settle 12:  48 @   2139 d -> ok lintwin tank 699.9 (+10.5) miss 46 km (0.6 s)
[11:26:11]     settle 15: 164 @   1821 d -> ok lintwin tank 756.9 (+0.7) miss 70 km (1.1 s)
[11:26:11]     settle 12: 169 @   1901 d -> ok lintwin tank 749.8 (+68.0) miss 68 km (3.1 s)
[11:26:11]     settle 11: 202 @   1633 d -> ok lintwin tank 699.4 (+30.9) miss 77 km (1.0 s)
[11:26:11]     settle 12:  94 @   2125 d -> ok lintwin tank 702.4 (+11.8) miss 6 km (0.4 s)
[11:26:11]     settle 13: 143 @   1741 d -> ok lintwin tank 718.4 (+43.8) miss 83 km (0.9 s)
[11:26:11]     settle 15: 142 @   2113 d -> ok lintwin tank 765.7 (+9.4) miss 26 km (0.6 s)
[11:26:12]     settle 11: 259 @   1672 d -> ok lintwin tank 689.9 (+21.4) miss 25 km (0.6 s)
[11:26:12]     settle 11: 203 @   1955 d -> ok lintwin tank 715.8 (+17.3) miss 77 km (2.8 s)
[11:26:12]     settle 13: 120 @   1761 d -> ok lintwin tank 708.4 (+33.8) miss 10 km (0.7 s)
[11:26:12]     settle 12: 103 @   1779 d -> ok lam tank 719.9 (+38.1) miss 0 km (1.6 s)
[11:26:13]     settle 12: 251 @   1849 d -> ok lintwin tank 739.3 (+18.7) miss 73 km (3.3 s)
[11:26:13]     settle 12:  48 @   2140 d -> ok lintwin tank 728.6 (+24.3) miss 81 km (1.6 s)
[11:26:13]     settle 13: 268 @   1843 d -> ok lintwin tank 688.5 (+13.9) miss 28 km (0.6 s)
[11:26:14]     settle 12:  27 @   1888 d -> ok lintwin tank 696.3 (+7.0) miss 12 km (0.3 s)
[11:26:14]     settle 14: 236 @   2103 d -> ok lintwin tank 680.0 (+1.4) miss 0 km (0.3 s)
[11:26:14]     settle 11: 267 @   1878 d -> ok lintwin tank 712.3 (+13.8) miss 77 km (2.0 s)
[11:26:14]     settle 13: 254 @   2116 d -> ok lintwin tank 693.3 (+5.3) miss 38 km (1.2 s)
[11:26:15]     settle 11:  13 @   1774 d -> ok lintwin tank 686.2 (+17.7) miss 48 km (2.8 s)
[11:26:15]     settle 12:  45 @   1860 d -> ok lintwin tank 760.9 (+40.3) miss 58 km (1.6 s)
[11:26:15]     settle 15:  86 @   1978 d -> ok lintwin tank 820.9 (+64.6) miss 58 km (3.2 s)
[11:26:16]     settle 13:  92 @   2048 d -> ok lintwin tank 714.6 (+18.3) miss 67 km (1.9 s)
[11:26:16]     settle 11:  42 @   1674 d -> ok lintwin tank 697.3 (+28.8) miss 37 km (0.6 s)
[11:26:16]     settle 13:  81 @   2004 d -> ok lintwin tank 696.6 (+13.4) miss 40 km (1.1 s)
[11:26:16] RESULT s03_c5: 16 columns; frontier 1fb 2 kg p1/2 | 2fb 13 kg p1/2 | 3fb 28 kg p0/0; settles 17 (17 ok), regrids 16 (16 ok); wall 75 s of 300 (plan 52, price 1, settle 23; budget hit None, 0 unsettled)
[11:26:16]     settle 11: 214 @   1782 d -> ok lintwin tank 714.3 (+15.7) miss 64 km (1.7 s)
[11:26:17]     settle 13:  13 @   1665 d -> ok lintwin tank 736.2 (+61.5) miss 84 km (2.7 s)
[11:26:17]   job s03_c5 craft columns  16  levels 8  settles 17/17  end plan_done  wall 75.1 s
[11:26:17]     settle 12:  52 @   1674 d -> ok lintwin tank 784.3 (+63.7) miss 69 km (1.9 s)
[11:26:17]     settle 13:  81 @   2001 d -> ok lintwin tank 711.9 (+12.4) miss 48 km (1.1 s)
[11:26:18]     settle 11:  42 @   1697 d -> ok lintwin tank 712.0 (+13.5) miss 66 km (1.5 s)
[11:26:18]     settle 11: 120 @   1766 d -> ok lintwin tank 692.0 (+23.5) miss 68 km (2.5 s)
[11:26:18]     settle 15: 168 @   2043 d -> ok lintwin tank 807.6 (+51.3) miss 78 km (3.1 s)
[11:26:19]     settle 14: 148 @   2015 d -> ok lam tank 753.3 (+17.1) miss 0 km (1.8 s)
[11:26:19]     settle 14: 254 @   2120 d -> ok lintwin tank 713.1 (+1.2) miss 37 km (1.2 s)
[11:26:19]     settle 12: 111 @   1792 d -> ok lintwin tank 739.4 (+18.8) miss 64 km (1.9 s)
[11:26:19]     settle 11: 202 @   1767 d -> ok lintwin tank 670.0 (+1.5) miss 15 km (0.5 s)
[11:26:19]     settle 14: 200 @   1914 d -> ok lintwin tank 711.7 (+3.3) miss 0 km (0.5 s)
[11:26:20]     settle 11: 163 @   1784 d -> ok lintwin tank 725.1 (+26.6) miss 40 km (1.6 s)
[11:26:20]     settle 12: 257 @   1846 d -> ok lintwin tank 684.0 (+14.1) miss 21 km (0.5 s)
[11:26:20]     settle 14: 254 @   2126 d -> ok lintwin tank 709.2 (+12.6) miss 45 km (1.1 s)
[11:26:21]     settle 11: 259 @   1684 d -> ok lintwin tank 689.9 (+21.4) miss 27 km (0.7 s)
[11:26:21]     settle 12: 105 @   1720 d -> ok lintwin tank 699.2 (+17.3) miss 60 km (0.7 s)
[11:26:21]     settle 13:  86 @   1978 d -> ok lintwin tank 712.8 (+13.6) miss 40 km (0.2 s)
[11:26:21]     settle 11:  51 @   1764 d -> ok lintwin tank 721.4 (+22.9) miss 81 km (1.7 s)
[11:26:22]     settle 14: 254 @   2117 d -> ok lintwin tank 723.0 (+10.2) miss 25 km (0.3 s)
[11:26:22]     settle 12: 185 @   1980 d -> ok lintwin tank 694.1 (+4.2) miss 87 km (0.9 s)
[11:26:22]     settle 15: 210 @   1895 d -> ok lintwin tank 813.2 (+56.9) miss 61 km (3.0 s)
[11:26:22]     settle 12: 205 @   1822 d -> ok lintwin tank 762.1 (+41.5) miss 76 km (2.7 s)
[11:26:22]     settle 14: 225 @   1841 d -> ok lintwin tank 776.8 (+58.4) miss 56 km (2.3 s)
[11:26:23]     settle 12: 282 @   1994 d -> ok lintwin tank 700.2 (+8.2) miss 27 km (0.6 s)
[11:26:23]     settle 13: 164 @   1816 d -> ok lintwin tank 715.7 (+4.3) miss 47 km (0.8 s)
[11:26:23]     settle 14: 260 @   1991 d -> ok lintwin tank 701.1 (+14.1) miss 49 km (0.8 s)
[11:26:23]     settle 14:  96 @   2021 d -> ok lintwin tank 725.2 (+9.4) miss 14 km (0.5 s)
[11:26:23] plan: 1640 states, depth 12 new flybys, end plan_done (83 s); deepest 12 new to 3198 d at planner fuel 557 kg
[11:26:23]   depth  1:   99 states (89 in H), t_end 1633-2246 d, fuel 241-337 kg
[11:26:23]   depth  2:  150 states (74 in H), t_end 1764-2599 d, fuel 253-374 kg
[11:26:23]   depth  3:  150 states (54 in H), t_end 1942-2815 d, fuel 286-406 kg
[11:26:23]   depth  4:  150 states (19 in H), t_end 2045-3096 d, fuel 310-446 kg
[11:26:23]   depth  5:  150 states (0 in H), t_end 2181-3220 d, fuel 323-432 kg
[11:26:23]   depth  6:  150 states (0 in H), t_end 2348-3184 d, fuel 369-462 kg
[11:26:23]   depth  7:  150 states (0 in H), t_end 2468-3239 d, fuel 378-497 kg
[11:26:23]   depth  8:  150 states (0 in H), t_end 2532-3237 d, fuel 426-530 kg
[11:26:23]   depth  9:  150 states (0 in H), t_end 2709-3238 d, fuel 444-554 kg
[11:26:23]   depth 10:  150 states (0 in H), t_end 2852-3237 d, fuel 451-561 kg
[11:26:23]   depth 11:  150 states (0 in H), t_end 2969-3240 d, fuel 490-587 kg
[11:26:23]   depth 12:   41 states (0 in H), t_end 3181-3239 d, fuel 557-620 kg
[11:26:23] candidates: 137 distinct committed target sets (n_new 1-4, potential 0-3)
[11:26:23] frontier: 16 candidates chosen (n fb / committed planner kg / continuation (lookahead) [full]; pot_mode lookahead, pot_cap None): 1fb/241kg/p1(0)[1], 1fb/250kg/p1(0)[1], 1fb/269kg/p4(2)[4], 1fb/273kg/p6(3)[6], 1fb/275kg/p6(3)[6], 1fb/334kg/p4(1)[4], 2fb/275kg/p2(2)[2], 2fb/279kg/p2(2)[2], 2fb/306kg/p5(3)[5], 2fb/313kg/p5(3)[5], 3fb/288kg/p2(2)[2], 3fb/300kg/p0(0)[0], 3fb/346kg/p4(3)[4], 4fb/327kg/p0(0)[0], 4fb/346kg/p2(2)[2], 4fb/382kg/p3(3)[3]
[11:26:23] budget: 217 s of 300 left for the settles + regrids (settle_wall 480)
[11:26:23]     settle 11:  55 @   1734 d -> ok lintwin tank 696.3 (+27.8) miss 31 km (0.7 s)
[11:26:23]     settle 15: 238 @   2131 d -> ok lintwin tank 701.1 (+0.1) miss 2 km (0.3 s)
[11:26:24]     settle 15:  94 @   2130 d -> ok lintwin tank 715.5 (+3.7) miss 4 km (0.3 s)
[11:26:24]     settle 12:  92 @   2026 d -> ok lintwin tank 708.4 (+1.9) miss 11 km (0.8 s)
[11:26:24]     settle 11: 263 @   1771 d -> ok lintwin tank 728.4 (+29.9) miss 0 km (2.4 s)
[11:26:25]     settle 15: 254 @   2126 d -> ok lintwin tank 763.7 (+7.5) miss 70 km (2.5 s)
[11:26:25]     settle 12: 170 @   1872 d -> ok lintwin tank 712.1 (+5.6) miss 7 km (0.3 s)
[11:26:25]     settle 12:  28 @   1782 d -> ok lintwin tank 761.5 (+40.9) miss 74 km (2.6 s)
[11:26:25]     settle 12:  72 @   1809 d -> ok lintwin tank 716.0 (+19.7) miss 65 km (1.6 s)
[11:26:25]     settle 15: 254 @   2117 d -> ok lintwin tank 735.8 (+10.6) miss 72 km (2.0 s)
[11:26:25]     settle 12:  35 @   1728 d -> ok lintwin tank 722.3 (+15.8) miss 3 km (0.5 s)
[11:26:26]     settle 14: 200 @   1916 d -> ok lintwin tank 715.7 (+28.7) miss 78 km (1.6 s)
[11:26:26]     settle 14:  86 @   1976 d -> ok lintwin tank 729.4 (+13.7) miss 15 km (0.4 s)
[11:26:26]     settle 12: 269 @   1636 d -> ok lintwin tank 721.5 (+15.0) miss 5 km (0.5 s)
[11:26:26]     settle 11:   9 @   1825 d -> ok lintwin tank 701.1 (+2.6) miss 75 km (1.8 s)
[11:26:26]     settle 13: 254 @   2099 d -> ok lintwin tank 718.6 (+2.5) miss 68 km (1.3 s)
[11:26:27]     settle 15:  48 @   2144 d -> ok lintwin tank 732.5 (+16.8) miss 47 km (0.8 s)
[11:26:27]     settle 15: 254 @   2110 d -> ok lintwin tank 745.0 (+15.6) miss 64 km (0.9 s)
[11:26:27]     settle 11:  37 @   1722 d -> ok lintwin tank 682.6 (+14.1) miss 34 km (0.5 s)
[11:26:27] RESULT s03_c7: 16 columns; frontier 1fb 1 kg p0/3 | 2fb 11 kg p1/2 | 3fb 27 kg p0/2 | 4fb 54 kg p1/1; settles 21 (21 ok), regrids 16 (16 ok); wall 87 s of 300 (plan 59, price 1, settle 27; budget hit None, 0 unsettled)
[11:26:28]     settle 15: 133 @   1931 d -> ok lintwin tank 818.7 (+62.4) miss 71 km (2.8 s)
[11:26:28]     settle 12: 257 @   1842 d -> ok lintwin tank 692.9 (+10.3) miss 21 km (0.5 s)
[11:26:28]     settle 12:   2 @   1633 d -> ok lintwin tank 724.3 (+17.8) miss 79 km (1.4 s)
[11:26:29]     settle 13: 299 @   2147 d -> ok lintwin tank 741.0 (+9.6) miss 69 km (3.5 s)
[11:26:29]     settle 12: 202 @   1689 d -> ok lintwin tank 726.6 (+20.2) miss 79 km (0.7 s)
[11:26:29]     settle 12:  92 @   2082 d -> ok lintwin tank 717.5 (+16.5) miss 82 km (2.5 s)
[11:26:29]   job s03_c7 craft columns  16  levels 10  settles 21/21  end plan_done  wall 86.5 s
[11:26:29]     settle 13: 176 @   2132 d -> ok lintwin tank 704.9 (+12.0) miss 28 km (1.4 s)
[11:26:29]     settle 15:  42 @   1958 d -> ok lintwin tank 794.9 (+18.0) miss 77 km (2.3 s)
[11:26:29]     settle 12: 151 @   1854 d -> ok lintwin tank 712.7 (+6.2) miss 13 km (0.3 s)
[11:26:29]     settle 12:  92 @   2082 d -> ok lintwin tank 718.0 (+3.8) miss 1 km (0.3 s)
[11:26:30]     settle 15:  21 @   1886 d -> ok lintwin tank 786.3 (+30.1) miss 62 km (1.5 s)
[11:26:30]     settle 13: 134 @   2041 d -> ok lintwin tank 720.7 (+8.0) miss 9 km (0.2 s)
[11:26:30]     settle 12: 214 @   1782 d -> ok lintwin tank 720.6 (+8.6) miss 8 km (0.3 s)
[11:26:30]     settle 12: 151 @   1857 d -> ok lintwin tank 712.7 (+6.2) miss 16 km (0.4 s)
[11:26:30]     settle 15: 266 @   1776 d -> ok lintwin tank 762.3 (+6.0) miss 61 km (0.5 s)
[11:26:31]     settle 12: 214 @   1780 d -> ok lintwin tank 720.7 (+8.7) miss 22 km (0.3 s)
[11:26:31]     settle 12:  82 @   1864 d -> ok lintwin tank 735.6 (+15.0) miss 55 km (1.7 s)
[11:26:31]     settle 13: 113 @   2071 d -> ok lintwin tank 720.5 (+7.8) miss 4 km (0.7 s)
[11:26:31]     settle 13:  48 @   2140 d -> ok lintwin tank 703.2 (+2.9) miss 75 km (1.5 s)
[11:26:31] RESULT s03_c2: 16 columns; frontier 1fb 2 kg p0/2 | 2fb 15 kg p0/2 | 3fb 35 kg p2/2; settles 22 (22 ok), regrids 16 (16 ok); wall 91 s of 300 (plan 61, price 1, settle 30; budget hit None, 0 unsettled)
[11:26:32]     settle 16:  94 @   2134 d -> ok lintwin tank 819.1 (+24.2) miss 49 km (2.4 s)
[11:26:33]     settle 13:  92 @   2083 d -> ok lintwin tank 729.0 (+8.3) miss 64 km (1.9 s)
[11:26:33]     settle 13: 151 @   1868 d -> ok lintwin tank 734.2 (+10.0) miss 67 km (1.4 s)
[11:26:33]   job s03_c2 craft columns  16  levels 10  settles 22/22  end plan_done  wall 90.7 s
[11:26:33]     settle 15: 260 @   1993 d -> ok lintwin tank 731.6 (+15.9) miss 40 km (0.9 s)
[11:26:33]     settle 15: 103 @   1738 d -> ok lintwin tank 797.6 (+41.3) miss 64 km (2.5 s)
[11:26:33]     settle 13: 151 @   1870 d -> ok lintwin tank 733.9 (+12.4) miss 14 km (0.6 s)
[11:26:34]     settle 16:  48 @   2146 d -> ok lintwin tank 739.6 (+8.1) miss 85 km (0.9 s)
[11:26:34]     settle 13: 299 @   2147 d -> ok lintwin tank 741.2 (+5.6) miss 1 km (3.1 s)
[11:26:34] RESULT s03_c4: 16 columns; frontier 1fb 2 kg p2/2 | 2fb 5 kg p0/2 | 3fb 26 kg p1/2 | 4fb 65 kg p0/1; settles 21 (21 ok), regrids 16 (16 ok); wall 93 s of 300 (plan 66, price 1, settle 27; budget hit None, 0 unsettled)
[11:26:34]     settle 13: 151 @   1856 d -> ok lintwin tank 725.3 (+3.0) miss 14 km (0.5 s)
[11:26:34]     settle 13: 186 @   2142 d -> ok lintwin tank 722.2 (+1.5) miss 66 km (1.6 s)
[11:26:35]     settle 14:  94 @   2125 d -> ok lintwin tank 728.1 (+2.8) miss 32 km (0.5 s)
[11:26:35]   job s03_c4 craft columns  16  levels 11  settles 21/21  end plan_done  wall 93.4 s
[11:26:35]     settle 16: 254 @   2112 d -> ok lintwin tank 767.1 (+10.2) miss 69 km (1.8 s)
[11:26:36]     settle 13: 151 @   1853 d -> ok lintwin tank 725.3 (+3.0) miss 16 km (0.5 s)
[11:26:36]     settle 16: 142 @   2111 d -> ok lintwin tank 767.7 (+10.8) miss 78 km (0.8 s)
[11:26:37]     settle 14:  42 @   2081 d -> ok lintwin tank 732.7 (+7.4) miss 70 km (1.0 s)
[11:26:37]     settle 13: 203 @   1972 d -> ok lintwin tank 731.9 (+11.3) miss 70 km (1.8 s)
[11:26:37]     settle 16: 164 @   1833 d -> ok lintwin tank 791.0 (+28.7) miss 15 km (0.4 s)
[11:26:37]     settle 14:  92 @   2083 d -> ok lintwin tank 743.6 (+11.7) miss 3 km (0.3 s)
[11:26:37]     settle 13: 270 @   1969 d -> ok lintwin tank 744.6 (+5.4) miss 1 km (2.9 s)
[11:26:37] RESULT s03_c3: 16 columns; frontier 1fb 1 kg p2/2 | 2fb 19 kg p0/1 | 3fb 24 kg p1/1 | 4fb 45 kg p1/1; settles 18 (18 ok), regrids 16 (16 ok); wall 97 s of 300 (plan 63, price 1, settle 34; budget hit None, 0 unsettled)
[11:26:38]     settle 17: 210 @   2077 d -> ok lintwin tank 793.1 (+2.1) miss 45 km (0.4 s)
[11:26:39]     settle 17: 254 @   2113 d -> ok lintwin tank 800.4 (+9.5) miss 63 km (0.5 s)
[11:26:39]   job s03_c3 craft columns  16  levels 10  settles 18/18  end plan_done  wall 96.8 s
[11:26:39]     settle 14: 286 @   1942 d -> ok lintwin tank 748.8 (+14.6) miss 56 km (2.1 s)
[11:26:40]     settle 14: 113 @   2077 d -> ok lintwin tank 728.3 (+3.0) miss 3 km (0.3 s)
[11:26:40]     settle 17: 109 @   2092 d -> ok lintwin tank 798.6 (+7.6) miss 43 km (0.9 s)
[11:26:40]     settle 15:  48 @   2137 d -> ok lintwin tank 730.2 (+1.9) miss 8 km (0.2 s)
[11:26:40] RESULT s03_c0: 16 columns; frontier 1fb 1 kg p1/5 | 2fb 11 kg p1/1 | 3fb 37 kg p1/1; settles 16 (16 ok), regrids 16 (16 ok); wall 99 s of 300 (plan 69, price 1, settle 31; budget hit None, 0 unsettled)
[11:26:41]     settle 14: 286 @   1944 d -> ok lintwin tank 741.4 (+7.5) miss 3 km (0.3 s)
[11:26:41]     settle 13: 251 @   1854 d -> ok lintwin tank 740.8 (+1.4) miss 0 km (3.1 s)
[11:26:41]     settle 15:  94 @   2129 d -> ok lintwin tank 748.2 (+6.8) miss 1 km (0.3 s)
[11:26:41]   job s03_c0 craft columns  16  levels 10  settles 16/16  end plan_done  wall 99.4 s
[11:26:43]     settle 15:  48 @   2136 d -> ok lintwin tank 770.2 (+21.4) miss 94 km (1.8 s)
[11:26:43]     settle 14: 270 @   1984 d -> ok lintwin tank 746.0 (+5.2) miss 60 km (2.4 s)
[11:26:43] RESULT s03_c6: 16 columns; frontier 1fb 2 kg p0/3 | 2fb 14 kg p2/3 | 3fb 22 kg p2/3 | 4fb 24 kg p0/3; settles 22 (22 ok), regrids 16 (16 ok); wall 103 s of 300 (plan 83, price 1, settle 20; budget hit None, 0 unsettled)
[11:26:45]   job s03_c6 craft columns  16  levels 12  settles 22/22  end plan_done  wall 102.5 s
[11:26:45]     settle 13:  72 @   1927 d -> ok lintwin tank 765.3 (+3.8) miss 72 km (2.0 s)
[11:26:48]     settle 14: 254 @   2087 d -> ok lintwin tank 775.8 (+10.5) miss 64 km (2.3 s)
[11:26:50]     settle 14:  49 @   2073 d -> ok lintwin tank 777.4 (+32.8) miss 68 km (2.2 s)
[11:26:51] RESULT s03_c1: 16 columns; frontier 1fb 9 kg p1/2 | 2fb 20 kg p0/2 | 3fb 25 kg p2/2; settles 19 (19 ok), regrids 16 (16 ok); wall 110 s of 300 (plan 55, price 1, settle 54; budget hit None, 0 unsettled)
[11:26:51]   job s03_c1 craft columns  16  levels 9  settles 19/19  end plan_done  wall 110.0 s
[11:26:51] [slice 3] propose: 128 columns (0 bad dropped) in 110.2 s
[11:26:51] [slice 3] auction: 128 columns, kept 128, dropped {}; lam 1.00 H_eff 540 d fuel budget 482 kg quota on
[11:26:51] [slice 3] auction: status optimal objective 29.667 vars 128 rows 58 chosen 8 fuel 338/482 kg (0.023 s)
[11:26:53] [slice 3] claims: c0:4 c1:1 c3:1 c4:2 c5:2 c6:2 c7:1  (13 targets: 0 kept, 13 new; 8 released, 0 expired (ttl 2), 0 conflicts)
[11:26:53] [slice 3 T=1620 d] launched 8/8  covered 112  remaining 186  fuel 1132 kg  sumJi 8.8954  chosen: c0:1(+62) c1:3(+25) c2:3(+36) c3:4(+45) c4:3(+41) c5:1(+11) c6:4(+64) c7:4(+54)  rejected: -  (wall 112 s)
[11:26:53] [slice 4] claims in force: c0:4 c1:1 c3:1 c4:2 c5:2 c6:2 c7:1  (13 targets; claim_bonus 0.5, ttl 2)
[11:26:53]   c0: claims: 4 own (prized +0.5), 9 claimed by others withheld
[11:26:53]   c1: claims: 1 own (prized +0.5), 12 claimed by others withheld
[11:26:53]   c2: claims: 0 own (prized +0.5), 13 claimed by others withheld
[11:26:53]   c3: claims: 1 own (prized +0.5), 12 claimed by others withheld
[11:26:53]   c4: claims: 2 own (prized +0.5), 11 claimed by others withheld
[11:26:53]   c5: claims: 2 own (prized +0.5), 11 claimed by others withheld
[11:26:53]   c6: claims: 2 own (prized +0.5), 11 claimed by others withheld
[11:26:53]   c7: claims: 1 own (prized +0.5), 12 claimed by others withheld
[11:26:53] [slice 4 T=2160 d] propose: 8 jobs (8 craft, 0 root) on 9 workers, proposer planbeam, H_eff 540 d, lam 1.0
[11:26:53] job s04_c4 (craft, craft 4, planbeam): T 2160 d H 540 L 360; plan horizon 3780 d; remaining 175; prize >1 on 70; width 150 npt 6 mc 150 dv 1.2 drmax 0.15 plan_wall 240 s; quota {'fil': 5, 'med': 14}
[11:26:53] job s04_c0 (craft, craft 0, planbeam): T 2160 d H 540 L 360; plan horizon 3780 d; remaining 177; prize >1 on 72; width 150 npt 6 mc 150 dv 1.2 drmax 0.15 plan_wall 240 s; quota {'fil': 3, 'med': 15}
[11:26:53] job s04_c2 (craft, craft 2, planbeam): T 2160 d H 540 L 360; plan horizon 3780 d; remaining 173; prize >1 on 68; width 150 npt 6 mc 150 dv 1.2 drmax 0.15 plan_wall 240 s; quota {'fil': 5, 'med': 16}
[11:26:53] job s04_c3 (craft, craft 3, planbeam): T 2160 d H 540 L 360; plan horizon 3780 d; remaining 174; prize >1 on 69; width 150 npt 6 mc 150 dv 1.2 drmax 0.15 plan_wall 240 s; quota {'fil': 6, 'med': 14}
[11:26:53] job s04_c1 (craft, craft 1, planbeam): T 2160 d H 540 L 360; plan horizon 3780 d; remaining 174; prize >1 on 69; width 150 npt 6 mc 150 dv 1.2 drmax 0.15 plan_wall 240 s; quota {'fil': 7, 'med': 13}
[11:26:53] job s04_c5 (craft, craft 5, planbeam): T 2160 d H 540 L 360; plan horizon 3780 d; remaining 175; prize >1 on 70; width 150 npt 6 mc 150 dv 1.2 drmax 0.15 plan_wall 240 s; quota {'fil': 9, 'med': 14}
[11:26:53] job s04_c6 (craft, craft 6, planbeam): T 2160 d H 540 L 360; plan horizon 3780 d; remaining 175; prize >1 on 70; width 150 npt 6 mc 150 dv 1.2 drmax 0.15 plan_wall 240 s; quota {'fil': 6, 'med': 13}
[11:26:53] job s04_c7 (craft, craft 7, planbeam): T 2160 d H 540 L 360; plan horizon 3780 d; remaining 174; prize >1 on 69; width 150 npt 6 mc 150 dv 1.2 drmax 0.15 plan_wall 240 s; quota {'fil': 4, 'med': 16}
[11:26:53] prefix slices/s04/in/craft_5.npz: 11 flybys, t_end 2000.2 d, tank 697.6 kg (planner view), miss 2.4 km, nreg 95
[11:26:53] budget: job_wall 300 s, 300 s left before the plan -> plan cap 210 s (plan_wall 240, settle_reserve 90)
[11:26:53] prefix slices/s04/in/craft_3.npz: 14 flybys, t_end 2076.5 d, tank 743.5 kg (planner view), miss 1.0 km, nreg 103
[11:26:53] budget: job_wall 300 s, 300 s left before the plan -> plan cap 210 s (plan_wall 240, settle_reserve 90)
[11:26:53] prefix slices/s04/in/craft_2.npz: 13 flybys, t_end 2140.2 d, tank 704.6 kg (planner view), miss 0.8 km, nreg 106
[11:26:53] budget: job_wall 300 s, 300 s left before the plan -> plan cap 210 s (plan_wall 240, settle_reserve 90)
[11:26:53] prefix slices/s04/in/craft_6.npz: 15 flybys, t_end 2135.7 d, tank 770.1 kg (planner view), miss 75.1 km, nreg 100
[11:26:53] budget: job_wall 300 s, 300 s left before the plan -> plan cap 210 s (plan_wall 240, settle_reserve 90)
[11:26:53] prefix slices/s04/in/craft_1.npz: 14 flybys, t_end 1985.4 d, tank 745.9 kg (planner view), miss 2.1 km, nreg 102
[11:26:53] budget: job_wall 300 s, 300 s left before the plan -> plan cap 210 s (plan_wall 240, settle_reserve 90)
[11:26:53] prefix slices/s04/in/craft_4.npz: 15 flybys, t_end 2129.2 d, tank 715.4 kg (planner view), miss 0.3 km, nreg 102
[11:26:53] budget: job_wall 300 s, 300 s left before the plan -> plan cap 210 s (plan_wall 240, settle_reserve 90)
[11:26:53] prefix slices/s04/in/craft_0.npz: 15 flybys, t_end 1977.2 d, tank 818.7 kg (planner view), miss 14.2 km, nreg 101
[11:26:53] budget: job_wall 300 s, 300 s left before the plan -> plan cap 210 s (plan_wall 240, settle_reserve 90)
[11:26:53] prefix slices/s04/in/craft_7.npz: 15 flybys, t_end 2116.7 d, tank 735.7 kg (planner view), miss 47.0 km, nreg 95
[11:26:53] budget: job_wall 300 s, 300 s left before the plan -> plan cap 210 s (plan_wall 240, settle_reserve 90)
[11:27:04] first level (both): 0 production + 42 relaxed (dv 2.5, 0.3 AU; 0.1 s) + 65 lintwin children -> 94 unique (11.2 s)
[11:27:04] plan start: prefix 11 flybys, t_end 2000.2 d, planner mass 1379.6 kg (dv 5.814 km/s); 94 first-level states
[11:27:06] first level (both): 0 production + 81 relaxed (dv 2.5, 0.3 AU; 0.1 s) + 61 lintwin children -> 105 unique (12.6 s)
[11:27:06] plan start: prefix 13 flybys, t_end 2140.2 d, planner mass 1365.8 kg (dv 6.208 km/s); 105 first-level states
[11:27:06] first level (both): 0 production + 38 relaxed (dv 2.5, 0.3 AU; 0.1 s) + 45 lintwin children -> 65 unique (12.7 s)
[11:27:06] plan start: prefix 14 flybys, t_end 2076.5 d, planner mass 1294.3 kg (dv 8.316 km/s); 65 first-level states
[11:27:06] first level (both): 0 production + 48 relaxed (dv 2.5, 0.3 AU; 0.1 s) + 59 lintwin children -> 87 unique (13.1 s)
[11:27:06] plan start: prefix 15 flybys, t_end 2135.7 d, planner mass 1249.6 kg (dv 9.695 km/s); 87 first-level states
[11:27:06] first level (both): 0 production + 33 relaxed (dv 2.5, 0.3 AU; 0.1 s) + 61 lintwin children -> 77 unique (13.2 s)
[11:27:06] plan start: prefix 15 flybys, t_end 2116.7 d, planner mass 1308.2 kg (dv 7.899 km/s); 77 first-level states
[11:27:06] first level (both): 0 production + 41 relaxed (dv 2.5, 0.3 AU; 0.1 s) + 49 lintwin children -> 71 unique (13.3 s)
[11:27:06] plan start: prefix 15 flybys, t_end 2129.2 d, planner mass 1345.3 kg (dv 6.802 km/s); 71 first-level states
[11:27:07] first level (both): 0 production + 40 relaxed (dv 2.5, 0.3 AU; 0.1 s) + 46 lintwin children -> 66 unique (13.8 s)
[11:27:07] plan start: prefix 14 flybys, t_end 1985.4 d, planner mass 1290.2 kg (dv 8.441 km/s); 66 first-level states
[11:27:07] first level (both): 0 production + 31 relaxed (dv 2.5, 0.3 AU; 0.1 s) + 70 lintwin children -> 87 unique (14.3 s)
[11:27:07] plan start: prefix 15 flybys, t_end 1977.2 d, planner mass 1175.6 kg (dv 12.091 km/s); 87 first-level states
[11:27:44] plan: 883 states, depth 8 new flybys, end plan_done (50 s); deepest 8 new to 3685 d at planner fuel 540 kg
[11:27:44]   depth  1:   65 states (58 in H), t_end 2176-2778 d, fuel 310-392 kg
[11:27:44]   depth  2:  150 states (55 in H), t_end 2363-3235 d, fuel 315-436 kg
[11:27:44]   depth  3:  150 states (6 in H), t_end 2678-3613 d, fuel 334-469 kg
[11:27:44]   depth  4:  150 states (0 in H), t_end 2874-3761 d, fuel 387-498 kg
[11:27:44]   depth  5:  150 states (0 in H), t_end 3185-3767 d, fuel 388-521 kg
[11:27:44]   depth  6:  150 states (0 in H), t_end 3340-3766 d, fuel 409-552 kg
[11:27:44]   depth  7:   58 states (0 in H), t_end 3493-3778 d, fuel 472-578 kg
[11:27:44]   depth  8:   10 states (0 in H), t_end 3593-3761 d, fuel 540-591 kg
[11:27:44] candidates: 75 distinct committed target sets (n_new 1-3, potential 0-2)
[11:27:44] frontier: 16 candidates chosen (n fb / committed planner kg / continuation (lookahead) [full]; pot_mode lookahead, pot_cap None): 1fb/317kg/p1(1)[1], 1fb/322kg/p1(1)[1], 1fb/325kg/p2(2)[2], 1fb/326kg/p2(2)[2], 1fb/349kg/p2(1)[2], 1fb/352kg/p2(1)[2], 1fb/359kg/p2(2)[2], 1fb/367kg/p3(1)[3], 1fb/389kg/p3(1)[3], 1fb/392kg/p3(1)[3], 2fb/349kg/p1(1)[1], 2fb/353kg/p0(0)[0], 2fb/407kg/p2(1)[2], 3fb/430kg/p0(0)[0], 3fb/442kg/p1(1)[1], 3fb/447kg/p1(1)[1]
[11:27:44] budget: 250 s of 300 left for the settles + regrids (settle_wall 480)
[11:27:46] plan: 909 states, depth 8 new flybys, end plan_done (53 s); deepest 8 new to 3730 d at planner fuel 481 kg
[11:27:46]   depth  1:  105 states (94 in H), t_end 2177-2852 d, fuel 238-334 kg
[11:27:46]   depth  2:  150 states (80 in H), t_end 2433-3033 d, fuel 266-367 kg
[11:27:46]   depth  3:  150 states (10 in H), t_end 2632-3460 d, fuel 301-400 kg
[11:27:46]   depth  4:  150 states (0 in H), t_end 2783-3635 d, fuel 333-419 kg
[11:27:46]   depth  5:  150 states (0 in H), t_end 3233-3696 d, fuel 344-456 kg
[11:27:46]   depth  6:  150 states (0 in H), t_end 3445-3732 d, fuel 361-483 kg
[11:27:46]   depth  7:   49 states (0 in H), t_end 3580-3777 d, fuel 404-517 kg
[11:27:46]   depth  8:    5 states (0 in H), t_end 3730-3731 d, fuel 481-526 kg
[11:27:46] candidates: 86 distinct committed target sets (n_new 1-3, potential 0-2)
[11:27:46] frontier: 16 candidates chosen (n fb / committed planner kg / continuation (lookahead) [full]; pot_mode lookahead, pot_cap None): 1fb/241kg/p0(0)[0], 1fb/242kg/p1(0)[1], 1fb/246kg/p2(0)[2], 1fb/260kg/p2(1)[2], 1fb/269kg/p2(1)[2], 1fb/272kg/p2(0)[2], 1fb/285kg/p3(1)[3], 1fb/295kg/p2(1)[2], 1fb/299kg/p3(1)[3], 1fb/307kg/p3(1)[3], 2fb/272kg/p0(0)[0], 2fb/273kg/p0(0)[0], 2fb/308kg/p2(1)[2], 3fb/309kg/p0(0)[0], 3fb/324kg/p0(0)[0], 3fb/341kg/p1(1)[1]
[11:27:46] budget: 247 s of 300 left for the settles + regrids (settle_wall 480)
[11:27:46]     settle 15:  33 @   2540 d -> ok lintwin tank 754.5 (+10.9) miss 50 km (2.5 s)
[11:27:47]     settle 14: 165 @   2437 d -> ok lintwin tank 711.1 (+6.5) miss 82 km (1.6 s)
[11:27:48] plan: 926 states, depth 9 new flybys, end plan_done (55 s); deepest 9 new to 3769 d at planner fuel 551 kg
[11:27:48]   depth  1:   66 states (49 in H), t_end 2164-2850 d, fuel 326-403 kg
[11:27:48]   depth  2:  150 states (66 in H), t_end 2333-3420 d, fuel 340-437 kg
[11:27:48]   depth  3:  150 states (11 in H), t_end 2571-3775 d, fuel 361-470 kg
[11:27:48]   depth  4:  150 states (0 in H), t_end 2821-3576 d, fuel 384-502 kg
[11:27:48]   depth  5:  150 states (0 in H), t_end 3089-3775 d, fuel 402-528 kg
[11:27:48]   depth  6:  150 states (0 in H), t_end 3237-3776 d, fuel 447-558 kg
[11:27:48]   depth  7:   93 states (0 in H), t_end 3363-3778 d, fuel 486-590 kg
[11:27:48]   depth  8:   16 states (0 in H), t_end 3551-3776 d, fuel 506-617 kg
[11:27:48]   depth  9:    1 states (0 in H), t_end 3769-3769 d, fuel 551-551 kg
[11:27:48] candidates: 60 distinct committed target sets (n_new 1-3, potential 0-2)
[11:27:48] frontier: 16 candidates chosen (n fb / committed planner kg / continuation (lookahead) [full]; pot_mode lookahead, pot_cap None): 1fb/326kg/p1(1)[1], 1fb/335kg/p2(2)[2], 1fb/341kg/p2(1)[2], 1fb/355kg/p2(1)[2], 1fb/360kg/p3(1)[3], 1fb/366kg/p3(1)[3], 1fb/368kg/p3(2)[3], 1fb/373kg/p2(2)[2], 1fb/379kg/p3(2)[3], 1fb/385kg/p3(1)[3], 2fb/340kg/p0(0)[0], 2fb/366kg/p1(1)[1], 2fb/381kg/p2(1)[2], 3fb/406kg/p1(1)[1], 3fb/409kg/p1(1)[1], 3fb/419kg/p1(1)[1]
[11:27:48] budget: 245 s of 300 left for the settles + regrids (settle_wall 480)
[11:27:49] plan: 1031 states, depth 9 new flybys, end plan_done (56 s); deepest 9 new to 3762 d at planner fuel 490 kg
[11:27:49]   depth  1:   94 states (82 in H), t_end 2163-2780 d, fuel 230-319 kg
[11:27:49]   depth  2:  150 states (103 in H), t_end 2363-3168 d, fuel 239-360 kg
[11:27:49]   depth  3:  150 states (41 in H), t_end 2506-3414 d, fuel 280-393 kg
[11:27:49]   depth  4:  150 states (0 in H), t_end 2745-3720 d, fuel 304-412 kg
[11:27:49]   depth  5:  150 states (0 in H), t_end 2981-3746 d, fuel 326-448 kg
[11:27:49]   depth  6:  150 states (0 in H), t_end 3323-3777 d, fuel 346-471 kg
[11:27:49]   depth  7:  150 states (0 in H), t_end 3448-3766 d, fuel 363-475 kg
[11:27:49]   depth  8:   34 states (0 in H), t_end 3540-3775 d, fuel 417-495 kg
[11:27:49]   depth  9:    3 states (0 in H), t_end 3762-3762 d, fuel 490-501 kg
[11:27:49] candidates: 119 distinct committed target sets (n_new 1-3, potential 0-2)
[11:27:49] frontier: 16 candidates chosen (n fb / committed planner kg / continuation (lookahead) [full]; pot_mode lookahead, pot_cap None): 1fb/232kg/p4(2)[4], 1fb/232kg/p0(0)[0], 1fb/236kg/p0(0)[0], 1fb/246kg/p3(1)[3], 1fb/249kg/p3(2)[3], 1fb/257kg/p3(2)[3], 1fb/263kg/p3(1)[3], 1fb/276kg/p4(2)[4], 1fb/278kg/p3(2)[3], 1fb/295kg/p3(1)[3], 2fb/248kg/p0(0)[0], 2fb/257kg/p0(0)[0], 2fb/273kg/p3(2)[3], 3fb/280kg/p0(0)[0], 3fb/288kg/p1(1)[1], 3fb/300kg/p2(2)[2]
[11:27:49] budget: 244 s of 300 left for the settles + regrids (settle_wall 480)
[11:27:49]     settle 14: 227 @   2339 d -> ok lintwin tank 715.8 (+11.2) miss 40 km (1.1 s)
[11:27:49]     settle 15: 263 @   2633 d -> ok lintwin tank 754.3 (+10.7) miss 66 km (2.6 s)
[11:27:49]     settle 12: 171 @   2178 d -> ok lintwin tank 702.4 (+4.8) miss 16 km (0.6 s)
[11:27:50]     settle 12: 105 @   2598 d -> ok lintwin tank 703.4 (+5.8) miss 26 km (0.3 s)
[11:27:51]     settle 15: 208 @   2660 d -> ok lintwin tank 746.9 (+0.9) miss 67 km (2.9 s)
[11:27:51]     settle 12: 240 @   2580 d -> ok lintwin tank 705.0 (+7.4) miss 8 km (0.6 s)
[11:27:52]     settle 14: 255 @   2359 d -> ok lintwin tank 717.9 (+13.2) miss 97 km (2.6 s)
[11:27:53]     settle 12: 300 @   2268 d -> ok lintwin tank 712.5 (+14.9) miss 65 km (1.5 s)
[11:27:53]     settle 15:  88 @   2480 d -> ok lintwin tank 768.5 (+25.0) miss 73 km (3.3 s)
[11:27:54] plan: 1073 states, depth 9 new flybys, end plan_done (61 s); deepest 9 new to 3779 d at planner fuel 560 kg
[11:27:54]   depth  1:   87 states (76 in H), t_end 2191-2776 d, fuel 359-440 kg
[11:27:54]   depth  2:  150 states (75 in H), t_end 2462-3213 d, fuel 366-473 kg
[11:27:54]   depth  3:  150 states (12 in H), t_end 2577-3286 d, fuel 406-504 kg
[11:27:54]   depth  4:  150 states (0 in H), t_end 2837-3641 d, fuel 432-534 kg
[11:27:54]   depth  5:  150 states (0 in H), t_end 3029-3726 d, fuel 448-541 kg
[11:27:54]   depth  6:  150 states (0 in H), t_end 3220-3778 d, fuel 495-569 kg
[11:27:54]   depth  7:  150 states (0 in H), t_end 3399-3779 d, fuel 505-601 kg
[11:27:54]   depth  8:   81 states (0 in H), t_end 3621-3779 d, fuel 527-628 kg
[11:27:54]   depth  9:    5 states (0 in H), t_end 3766-3779 d, fuel 560-643 kg
[11:27:54] candidates: 101 distinct committed target sets (n_new 1-3, potential 0-3)
[11:27:54] frontier: 16 candidates chosen (n fb / committed planner kg / continuation (lookahead) [full]; pot_mode lookahead, pot_cap None): 1fb/359kg/p1(0)[1], 1fb/359kg/p1(0)[1], 1fb/371kg/p2(1)[2], 1fb/382kg/p4(3)[4], 1fb/386kg/p3(1)[3], 1fb/401kg/p2(0)[2], 1fb/403kg/p2(1)[2], 1fb/405kg/p2(1)[2], 1fb/416kg/p3(2)[3], 1fb/426kg/p3(2)[3], 2fb/366kg/p0(0)[0], 2fb/369kg/p0(0)[0], 2fb/412kg/p3(3)[3], 3fb/438kg/p0(0)[0], 3fb/445kg/p1(1)[1], 3fb/447kg/p0(0)[0]
[11:27:54] budget: 239 s of 300 left for the settles + regrids (settle_wall 480)
[11:27:54]     settle 12: 115 @   2355 d -> ok lintwin tank 710.9 (+13.3) miss 33 km (1.1 s)
[11:27:54]     settle 15:  99 @   2389 d -> ok lintwin tank 757.6 (+11.6) miss 76 km (3.3 s)
[11:27:55]     settle 14:  18 @   2365 d -> ok lintwin tank 734.9 (+30.2) miss 64 km (2.8 s)
[11:27:56]     settle 15: 187 @   2484 d -> ok lintwin tank 749.8 (+6.3) miss 73 km (2.8 s)
[11:27:56]     settle 14:  46 @   2403 d -> ok lintwin tank 722.1 (+17.5) miss 13 km (1.1 s)
[11:27:57]     settle 12: 239 @   2313 d -> ok lintwin tank 715.0 (+17.4) miss 74 km (2.1 s)
[11:27:57] plan: 1153 states, depth 9 new flybys, end plan_done (64 s); deepest 9 new to 3767 d at planner fuel 476 kg
[11:27:57]   depth  1:   71 states (58 in H), t_end 2249-2756 d, fuel 255-353 kg
[11:27:57]   depth  2:  150 states (60 in H), t_end 2399-2976 d, fuel 273-386 kg
[11:27:57]   depth  3:  150 states (10 in H), t_end 2604-3302 d, fuel 285-423 kg
[11:27:57]   depth  4:  150 states (0 in H), t_end 2734-3680 d, fuel 304-443 kg
[11:27:57]   depth  5:  150 states (0 in H), t_end 2839-3639 d, fuel 338-450 kg
[11:27:57]   depth  6:  150 states (0 in H), t_end 3129-3770 d, fuel 345-469 kg
[11:27:57]   depth  7:  150 states (0 in H), t_end 3387-3771 d, fuel 380-469 kg
[11:27:57]   depth  8:  150 states (0 in H), t_end 3490-3779 d, fuel 417-493 kg
[11:27:57]   depth  9:   32 states (0 in H), t_end 3614-3777 d, fuel 476-515 kg
[11:27:57] candidates: 81 distinct committed target sets (n_new 1-3, potential 0-2)
[11:27:57] frontier: 16 candidates chosen (n fb / committed planner kg / continuation (lookahead) [full]; pot_mode lookahead, pot_cap None): 1fb/269kg/p1(1)[1], 1fb/270kg/p4(2)[4], 1fb/272kg/p0(0)[0], 1fb/278kg/p3(2)[3], 1fb/280kg/p1(1)[1], 1fb/286kg/p2(1)[2], 1fb/291kg/p3(2)[3], 1fb/311kg/p2(0)[2], 1fb/333kg/p2(1)[2], 1fb/347kg/p2(1)[2], 2fb/273kg/p1(1)[1], 2fb/290kg/p3(2)[3], 2fb/296kg/p2(2)[2], 3fb/315kg/p2(2)[2], 3fb/326kg/p1(1)[1], 3fb/353kg/p0(0)[0]
[11:27:57] budget: 236 s of 300 left for the settles + regrids (settle_wall 480)
[11:27:58]     settle 16:  69 @   2625 d -> ok lintwin tank 783.0 (+12.9) miss 98 km (3.9 s)
[11:27:58]     settle 15: 128 @   2300 d -> ok lintwin tank 751.1 (+5.2) miss 63 km (3.3 s)
[11:27:59]     settle 15: 161 @   2369 d -> ok lintwin tank 766.4 (+22.9) miss 72 km (2.8 s)
[11:28:00]     settle 12: 267 @   2394 d -> ok lintwin tank 717.6 (+20.0) miss 61 km (2.7 s)
[11:28:00]     settle 16: 247 @   2674 d -> ok lintwin tank 769.4 (+54.0) miss 84 km (3.5 s)
[11:28:01]     settle 15: 134 @   2240 d -> ok lintwin tank 777.5 (+31.6) miss 66 km (2.0 s)
[11:28:01]     settle 16:  33 @   2528 d -> ok lintwin tank 783.6 (+13.5) miss 79 km (3.0 s)
[11:28:02]     settle 16: 161 @   2366 d -> ok lintwin tank 738.2 (+22.8) miss 58 km (0.8 s)
[11:28:02] plan: 1233 states, depth 10 new flybys, end plan_done (68 s); deepest 10 new to 3779 d at planner fuel 564 kg
[11:28:02]   depth  1:   77 states (60 in H), t_end 2219-2827 d, fuel 297-388 kg
[11:28:02]   depth  2:  150 states (54 in H), t_end 2440-3070 d, fuel 327-425 kg
[11:28:02]   depth  3:  150 states (19 in H), t_end 2610-3512 d, fuel 347-459 kg
[11:28:02]   depth  4:  150 states (2 in H), t_end 2680-3765 d, fuel 360-476 kg
[11:28:02]   depth  5:  150 states (0 in H), t_end 2911-3693 d, fuel 386-507 kg
[11:28:02]   depth  6:  150 states (0 in H), t_end 3012-3772 d, fuel 400-539 kg
[11:28:02]   depth  7:  150 states (0 in H), t_end 3211-3777 d, fuel 426-563 kg
[11:28:02]   depth  8:  150 states (0 in H), t_end 3400-3771 d, fuel 451-584 kg
[11:28:02]   depth  9:   97 states (0 in H), t_end 3535-3779 d, fuel 485-608 kg
[11:28:02]   depth 10:    9 states (0 in H), t_end 3667-3779 d, fuel 564-621 kg
[11:28:02] candidates: 93 distinct committed target sets (n_new 1-4, potential 0-3)
[11:28:02] frontier: 16 candidates chosen (n fb / committed planner kg / continuation (lookahead) [full]; pot_mode lookahead, pot_cap None): 1fb/306kg/p1(1)[1], 1fb/309kg/p1(0)[1], 1fb/319kg/p3(2)[3], 1fb/327kg/p3(2)[3], 1fb/351kg/p5(2)[5], 1fb/352kg/p3(3)[3], 1fb/372kg/p3(1)[3], 1fb/377kg/p5(2)[5], 2fb/327kg/p0(0)[0], 2fb/328kg/p1(1)[1], 2fb/368kg/p4(2)[4], 3fb/372kg/p3(2)[3], 3fb/385kg/p2(2)[2], 3fb/389kg/p2(2)[2], 4fb/403kg/p2(2)[2], 4fb/467kg/p2(2)[2]
[11:28:02] budget: 231 s of 300 left for the settles + regrids (settle_wall 480)
[11:28:02]     settle 14: 220 @   2177 d -> FAIL [('lam', 81518599.4)] (5.7 s)
[11:28:02]     settle 16: 229 @   2457 d -> ok lintwin tank 740.8 (+5.1) miss 67 km (0.8 s)
[11:28:04]     settle 12: 128 @   2292 d -> ok lintwin tank 715.3 (+17.7) miss 70 km (3.7 s)
[11:28:04] plan: 1193 states, depth 9 new flybys, end plan_done (71 s); deepest 9 new to 3685 d at planner fuel 606 kg
[11:28:04]   depth  1:   87 states (77 in H), t_end 2168-2795 d, fuel 424-510 kg
[11:28:04]   depth  2:  150 states (106 in H), t_end 2353-3170 d, fuel 439-536 kg
[11:28:04]   depth  3:  150 states (40 in H), t_end 2459-3700 d, fuel 458-570 kg
[11:28:04]   depth  4:  150 states (15 in H), t_end 2518-3696 d, fuel 487-597 kg
[11:28:04]   depth  5:  150 states (0 in H), t_end 2717-3744 d, fuel 502-622 kg
[11:28:04]   depth  6:  150 states (0 in H), t_end 2802-3770 d, fuel 517-621 kg
[11:28:04]   depth  7:  150 states (0 in H), t_end 3315-3746 d, fuel 539-649 kg
[11:28:04]   depth  8:  150 states (0 in H), t_end 3497-3733 d, fuel 562-667 kg
[11:28:04]   depth  9:   56 states (0 in H), t_end 3629-3759 d, fuel 606-677 kg
[11:28:04] candidates: 144 distinct committed target sets (n_new 1-4, potential 0-2)
[11:28:04] frontier: 16 candidates chosen (n fb / committed planner kg / continuation (lookahead) [full]; pot_mode lookahead, pot_cap None): 1fb/424kg/p2(1)[2], 1fb/425kg/p0(0)[0], 1fb/426kg/p5(2)[5], 1fb/431kg/p2(1)[2], 1fb/496kg/p3(2)[3], 1fb/501kg/p3(1)[3], 2fb/439kg/p1(1)[1], 2fb/446kg/p4(2)[4], 2fb/448kg/p1(0)[1], 2fb/464kg/p3(1)[3], 3fb/471kg/p1(1)[1], 3fb/475kg/p2(1)[2], 3fb/481kg/p3(2)[3], 4fb/502kg/p1(1)[1], 4fb/502kg/p1(1)[1], 4fb/513kg/p2(2)[2]
[11:28:04] budget: 229 s of 300 left for the settles + regrids (settle_wall 480)
[11:28:04]     settle 15:  81 @   2581 d -> ok lintwin tank 767.8 (+24.3) miss 2 km (4.4 s)
[11:28:04]     settle 16: 215 @   2686 d -> ok lintwin tank 723.3 (+7.9) miss 69 km (2.0 s)
[11:28:04]     settle 15: 163 @   2197 d -> ok lintwin tank 764.4 (+18.5) miss 68 km (3.0 s)
[11:28:04]     settle 14: 274 @   2402 d -> ok lintwin tank 728.5 (+23.9) miss 37 km (1.7 s)
[11:28:05]     settle 16:  49 @   2470 d -> ok lintwin tank 804.0 (+33.9) miss 78 km (3.2 s)
[11:28:05]     settle 14: 109 @   2470 d -> ok lintwin tank 709.1 (+4.5) miss 29 km (0.7 s)
[11:28:06]     settle 12:  22 @   2372 d -> ok lintwin tank 741.6 (+44.0) miss 97 km (1.6 s)
[11:28:06]     settle 16:  25 @   2406 d -> ok lintwin tank 817.2 (+-1.4) miss 80 km (1.8 s)
[11:28:06]     settle 16: 129 @   2438 d -> ok lintwin tank 725.8 (+10.4) miss 79 km (1.8 s)
[11:28:07]     settle 16:  89 @   2529 d -> ok lintwin tank 789.6 (+53.9) miss 64 km (3.8 s)
[11:28:07]     settle 15:  17 @   2537 d -> ok lintwin tank 754.8 (+11.3) miss 71 km (3.1 s)
[11:28:08]     settle 14:  40 @   2400 d -> ok lintwin tank 723.2 (+18.6) miss 43 km (1.9 s)
[11:28:08]     settle 15: 105 @   2345 d -> ok lintwin tank 760.2 (+14.3) miss 56 km (3.2 s)
[11:28:08]     settle 16:  69 @   2618 d -> ok lintwin tank 728.8 (+13.4) miss 69 km (1.3 s)
[11:28:08]     settle 16: 283 @   2354 d -> ok lintwin tank 751.7 (+16.0) miss 51 km (1.0 s)
[11:28:09]     settle 16: 103 @   2488 d -> ok lintwin tank 751.0 (+15.3) miss 28 km (0.5 s)
[11:28:09]     settle 16:  88 @   2506 d -> ok lintwin tank 774.8 (+4.7) miss 66 km (3.6 s)
[11:28:10]     settle 12:  89 @   2163 d -> ok lintwin tank 831.5 (+133.9) miss 0 km (3.7 s)
[11:28:10]     settle 16: 209 @   2381 d -> ok lintwin tank 816.0 (+-2.6) miss 0 km (3.9 s)
[11:28:10]     settle 12: 115 @   2454 d -> ok lintwin tank 701.9 (+4.3) miss 33 km (0.3 s)
[11:28:11]     settle 15:  22 @   2370 d -> ok lintwin tank 796.5 (+50.6) miss 71 km (2.7 s)
[11:28:11]     settle 13: 163 @   2580 d -> ok lintwin tank 704.7 (+2.8) miss 9 km (1.0 s)
[11:28:11]     settle 16:  59 @   2363 d -> ok lintwin tank 776.7 (+61.3) miss 78 km (3.1 s)
[11:28:11]     settle 15: 291 @   2476 d -> ok lintwin tank 775.0 (+31.5) miss 75 km (3.7 s)
[11:28:12]     settle 16:  81 @   2308 d -> ok lintwin tank 768.4 (+32.7) miss 74 km (2.3 s)
[11:28:12]     settle 16: 186 @   2284 d -> ok lintwin tank 819.1 (+0.5) miss 69 km (1.3 s)
[11:28:12]     settle 16: 126 @   2259 d -> ok lintwin tank 736.0 (+20.6) miss 10 km (0.3 s)
[11:28:13]     settle 14:  88 @   2495 d -> ok lam tank 734.6 (+30.0) miss 1 km (4.8 s)
[11:28:13]     settle 16: 161 @   2362 d -> ok lintwin tank 783.8 (+13.7) miss 83 km (3.4 s)
[11:28:14]     settle 12:  22 @   2507 d -> ok lintwin tank 708.4 (+10.8) miss 82 km (2.3 s)
[11:28:14]     settle 15:  22 @   2386 d -> ok lam tank 776.1 (+32.6) miss 63 km (2.4 s)
[11:28:15]     settle 13: 263 @   2636 d -> ok lintwin tank 708.7 (+0.3) miss 33 km (1.0 s)
[11:28:16]     settle 16: 128 @   2305 d -> ok lintwin tank 798.1 (+82.7) miss 60 km (3.3 s)
[11:28:16]     settle 16: 128 @   2305 d -> ok lintwin tank 792.7 (+22.5) miss 83 km (2.8 s)
[11:28:16]     settle 16: 275 @   2560 d -> ok lintwin tank 793.1 (+57.4) miss 80 km (4.1 s)
[11:28:16]     settle 15: 216 @   2524 d -> ok lintwin tank 825.9 (+80.0) miss 3 km (5.1 s)
[11:28:17]     settle 13:  88 @   2503 d -> ok lintwin tank 712.1 (+9.6) miss 8 km (1.3 s)
[11:28:17]     settle 16:  46 @   2397 d -> ok lintwin tank 843.7 (+25.0) miss 1 km (4.6 s)
[11:28:17]     settle 14:  40 @   2409 d -> ok lintwin tank 723.2 (+18.6) miss 32 km (1.9 s)
[11:28:18]     settle 13: 115 @   2438 d -> ok lintwin tank 702.7 (+0.3) miss 10 km (0.6 s)
[11:28:18]     settle 15: 247 @   2669 d -> ok lintwin tank 729.6 (+6.4) miss 24 km (0.8 s)
[11:28:18]     settle 16: 210 @   2219 d -> ok lintwin tank 810.2 (+74.5) miss 55 km (1.6 s)
[11:28:18]     settle 14:  69 @   2643 d -> ok lintwin tank 718.4 (+15.6) miss 20 km (0.8 s)
[11:28:19]     settle 15:  79 @   2457 d -> ok lintwin tank 909.8 (+166.3) miss 0 km (4.5 s)
[11:28:19]     settle 16:  31 @   2311 d -> ok lintwin tank 770.4 (+34.7) miss 23 km (0.7 s)
[11:28:19]     settle 15:  52 @   2669 d -> ok lintwin tank 731.7 (+8.5) miss 24 km (0.9 s)
[11:28:19]     settle 13: 156 @   2460 d -> ok lintwin tank 711.5 (+0.6) miss 5 km (0.7 s)
[11:28:20]     settle 16: 177 @   2481 d -> ok lintwin tank 754.8 (+39.4) miss 99 km (3.6 s)
[11:28:20]     settle 14: 122 @   2690 d -> ok lintwin tank 715.2 (+3.7) miss 12 km (0.4 s)
[11:28:20]     settle 15: 161 @   2248 d -> ok lintwin tank 764.8 (+18.8) miss 64 km (3.5 s)
[11:28:21]     settle 16:  40 @   2397 d -> ok lintwin tank 828.5 (+9.9) miss 1 km (3.9 s)
[11:28:21]     settle 13:  88 @   2508 d -> ok lintwin tank 718.0 (+2.6) miss 8 km (1.0 s)
[11:28:22]     settle 15: 212 @   2550 d -> ok lintwin tank 735.1 (+6.6) miss 87 km (2.0 s)
[11:28:22]     settle 16: 197 @   2566 d -> ok lintwin tank 790.6 (+22.1) miss 75 km (2.3 s)
[11:28:22]     settle 16: 156 @   2455 d -> ok lam tank 796.6 (+26.4) miss 3 km (6.0 s)
[11:28:23]     settle 15: 171 @   2164 d -> ok lintwin tank 784.7 (+38.8) miss 78 km (1.9 s)
[11:28:23]     settle 14: 177 @   2614 d -> ok lintwin tank 748.8 (+30.9) miss 29 km (1.3 s)
[11:28:23] RESULT s04_c5: 16 columns; frontier 1fb 5 kg p2/2 | 2fb 7 kg p0/2 | 3fb 18 kg p1/2; settles 21 (21 ok), regrids 16 (16 ok); wall 90 s of 300 (plan 56, price 1, settle 34; budget hit None, 0 unsettled)
[11:28:23]     settle 16: 105 @   2588 d -> ok lintwin tank 768.3 (+18.5) miss 15 km (0.7 s)
[11:28:23]     settle 16: 277 @   2442 d -> ok lintwin tank 760.7 (+25.0) miss 63 km (3.4 s)
[11:28:23]   job s04_c5 craft columns  16  levels 9  settles 21/21  end plan_done  wall 89.9 s
[11:28:24]     settle 16: 216 @   2511 d -> ok lintwin tank 805.6 (+90.2) miss 99 km (3.7 s)
[11:28:24]     settle 16:  81 @   2605 d -> ok lintwin tank 792.6 (+17.6) miss 64 km (1.1 s)
[11:28:25]     settle 17: 266 @   2693 d -> ok lintwin tank 760.0 (+-0.7) miss 72 km (1.5 s)
[11:28:25]     settle 15: 212 @   2539 d -> ok lintwin tank 728.5 (+10.7) miss 99 km (2.6 s)
[11:28:26]     settle 16: 202 @   2646 d -> ok lintwin tank 794.0 (+19.0) miss 64 km (0.8 s)
[11:28:26]     settle 16:  62 @   2463 d -> ok lintwin tank 794.4 (+24.2) miss 70 km (2.9 s)
[11:28:26]     settle 15: 128 @   2305 d -> ok lintwin tank 751.1 (+5.2) miss 77 km (3.3 s)
[11:28:26]     settle 17: 177 @   2613 d -> ok lintwin tank 740.5 (+2.3) miss 76 km (2.1 s)
[11:28:27]     settle 17: 110 @   2682 d -> ok lintwin tank 759.3 (+-1.4) miss 68 km (2.1 s)
[11:28:27]     settle 17: 122 @   2690 d -> ok lintwin tank 798.7 (+4.7) miss 74 km (1.7 s)
[11:28:27]     settle 17: 129 @   2438 d -> ok lintwin tank 746.9 (+8.7) miss 37 km (0.8 s)
[11:28:28]     settle 16:  41 @   2685 d -> ok lintwin tank 739.7 (+11.2) miss 73 km (2.8 s)
[11:28:28]     settle 17: 177 @   2614 d -> ok lintwin tank 726.0 (+0.2) miss 10 km (0.6 s)
[11:28:29]     settle 18: 177 @   2617 d -> ok lintwin tank 753.4 (+6.5) miss 55 km (0.3 s)
[11:28:30]     settle 16: 192 @   2390 d -> ok lintwin tank 799.3 (+29.2) miss 35 km (3.8 s)
[11:28:30]     settle 14:  40 @   2405 d -> ok lintwin tank 723.2 (+18.6) miss 37 km (2.0 s)
[11:28:30]     settle 16: 208 @   2670 d -> ok lintwin tank 757.9 (+6.8) miss 79 km (3.9 s)
[11:28:30]     settle 17: 110 @   2699 d -> ok lintwin tank 807.8 (+15.2) miss 65 km (2.4 s)
[11:28:31]     settle 17: 277 @   2441 d -> ok lintwin tank 772.0 (+3.7) miss 36 km (3.1 s)
[11:28:32]     settle 18: 215 @   2687 d -> ok lintwin tank 772.8 (+25.9) miss 80 km (2.5 s)
[11:28:33]     settle 16: 114 @   2623 d -> ok lintwin tank 790.5 (+14.4) miss 74 km (2.3 s)
[11:28:34]     settle 18: 114 @   2627 d -> ok lintwin tank 773.4 (+1.3) miss 66 km (2.6 s)
[11:28:34]     settle 15: 235 @   2556 d -> ok lintwin tank 734.6 (+11.4) miss 99 km (3.7 s)
[11:28:34]     settle 15:  99 @   2395 d -> ok lintwin tank 757.6 (+11.7) miss 69 km (3.8 s)
[11:28:35]     settle 16:  52 @   2501 d -> ok lintwin tank 939.8 (+169.7) miss 53 km (4.3 s)
[11:28:35]     settle 17: 266 @   2679 d -> ok lintwin tank 796.7 (+6.3) miss 58 km (1.8 s)
[11:28:35]     settle 16: 264 @   2396 d -> ok lam tank 895.2 (+76.5) miss 99 km (11.4 s)
[11:28:35] RESULT s04_c3: 16 columns; frontier 1fb 6 kg p2/2 | 2fb 25 kg p0/1 | 3fb 53 kg p1/1; settles 18 (18 ok), regrids 16 (16 ok); wall 102 s of 300 (plan 50, price 1, settle 52; budget hit None, 0 unsettled)
[11:28:36]     settle 18: 110 @   2681 d -> ok lintwin tank 783.9 (+11.9) miss 78 km (2.3 s)
[11:28:37]     settle 17:  40 @   2415 d -> ok lintwin tank 995.6 (+197.6) miss 96 km (4.4 s)
[11:28:37]   job s04_c3 craft columns  16  levels 8  settles 18/18  end plan_done  wall 102.4 s
[11:28:37]     settle 18:  64 @   2696 d -> ok lintwin tank 780.0 (+7.9) miss 68 km (0.4 s)
[11:28:38]     settle 16: 208 @   2658 d -> ok lintwin tank 757.6 (+0.1) miss 73 km (3.3 s)
[11:28:38]     settle 16:   9 @   2700 d -> ok lintwin tank 745.5 (+10.9) miss 0 km (4.5 s)
[11:28:38]   drift: leg 9@2700 d settled outside (T, T+H] -> column cut at 2
[11:28:39]     settle 19: 110 @   2680 d -> ok lintwin tank 788.8 (+15.4) miss 62 km (0.9 s)
[11:28:39]     settle 17:  87 @   2694 d -> ok lintwin tank 817.5 (+34.5) miss 55 km (4.1 s)
[11:28:39]   drift: leg 87@2694 d settled outside (T, T+H] -> column cut at 1
[11:28:41]     settle 16: 263 @   2482 d -> ok lintwin tank 775.0 (+10.6) miss 62 km (2.4 s)
[11:28:41]     settle 17:  87 @   2693 d -> ok lintwin tank 783.7 (+0.0) miss 70 km (2.1 s)
[11:28:41]     settle 16:  41 @   2686 d -> ok lintwin tank 758.2 (+23.1) miss 82 km (2.6 s)
[11:28:41]     settle 17: 277 @   2440 d -> ok lintwin tank 793.1 (+22.7) miss 78 km (2.4 s)
[11:28:42]   1 candidates dropped (settle failure / regrid failure / duplicate after truncation)
[11:28:42] RESULT s04_c2: 15 columns; frontier 1fb 4 kg p1/1 | 2fb 25 kg p0/1 | 3fb 35 kg p0/1; settles 20 (19 ok), regrids 15 (15 ok); wall 109 s of 300 (plan 53, price 1, settle 56; budget hit None, 0 unsettled)
[11:28:42]     settle 17: 215 @   2652 d -> ok lintwin tank 819.9 (+2.6) miss 66 km (1.1 s)
[11:28:43]   job s04_c2 craft columns  15  levels 8  settles 19/20  end plan_done  wall 108.5 s
[11:28:44]     settle 17: 177 @   2613 d -> ok lintwin tank 786.3 (+11.5) miss 59 km (2.0 s)
[11:28:44]     settle 18:  81 @   2610 d -> ok lintwin tank 806.1 (+13.0) miss 69 km (2.1 s)
[11:28:44]     settle 18: 177 @   2609 d -> FAIL [('lam', 52278128.8)] (6.6 s)
[11:28:44]     settle 16: 263 @   2485 d -> ok lintwin tank 767.8 (+7.6) miss 77 km (2.7 s)
[11:28:44] RESULT s04_c4: 16 columns; frontier 1fb 8 kg p0/2 | 2fb 10 kg p2/2 | 3fb 38 kg p2/2; settles 17 (16 ok), regrids 16 (16 ok); wall 111 s of 300 (plan 64, price 1, settle 47; budget hit None, 0 unsettled)
[11:28:44]     settle 17:  25 @   2406 d -> ok lintwin tank 819.3 (+0.2) miss 75 km (2.1 s)
[11:28:45]   job s04_c4 craft columns  16  levels 9  settles 16/17  end plan_done  wall 111.0 s
[11:28:46]     settle 17: 299 @   2526 d -> ok lintwin tank 827.0 (+7.8) miss 76 km (1.8 s)
[11:28:47]     settle 19: 110 @   2680 d -> ok lintwin tank 810.0 (+3.9) miss 65 km (3.3 s)
[11:28:47]     settle 16: 161 @   2366 d -> ok lintwin tank 783.9 (+13.7) miss 76 km (3.5 s)
[11:28:48]     settle 17:  64 @   2686 d -> ok lintwin tank 775.0 (+7.2) miss 1 km (4.1 s)
[11:28:48] RESULT s04_c7: 16 columns; frontier 1fb 5 kg p1/3 | 2fb 24 kg p1/2 | 3fb 38 kg p2/2 | 4fb 53 kg p2/2; settles 19 (19 ok), regrids 16 (16 ok); wall 115 s of 300 (plan 68, price 1, settle 46; budget hit None, 0 unsettled)
[11:28:49]     settle 17: 181 @   2451 d -> ok lintwin tank 828.9 (+9.8) miss 69 km (2.2 s)
[11:28:49]   job s04_c7 craft columns  16  levels 10  settles 19/19  end plan_done  wall 114.9 s
[11:28:50]     settle 17: 197 @   2559 d -> ok lintwin tank 796.0 (+12.2) miss 66 km (2.3 s)
[11:28:51]     settle 17:  25 @   2404 d -> ok lintwin tank 819.3 (+0.2) miss 66 km (2.2 s)
[11:28:52]     settle 18: 177 @   2607 d -> ok lintwin tank 803.8 (+7.8) miss 53 km (1.7 s)
[11:28:52]     settle 17:  64 @   2686 d -> ok lintwin tank 783.4 (+8.3) miss 71 km (4.2 s)
[11:28:53]     settle 18: 215 @   2654 d -> ok lintwin tank 820.7 (+1.3) miss 73 km (1.5 s)
[11:28:55]     settle 18: 299 @   2521 d -> ok lintwin tank 828.4 (+9.1) miss 69 km (1.7 s)
[11:28:55]     settle 17:  49 @   2462 d -> ok lintwin tank 802.5 (+18.6) miss 1 km (3.4 s)
[11:28:56]     settle 16: 263 @   2484 d -> ok lintwin tank 784.3 (+-0.4) miss 65 km (2.7 s)
[11:28:57]     settle 18: 177 @   2603 d -> ok lintwin tank 819.2 (+16.7) miss 74 km (1.9 s)
[11:28:58]     settle 18: 181 @   2459 d -> ok lintwin tank 832.7 (+13.3) miss 69 km (2.5 s)
[11:28:59]     settle 17: 234 @   2694 d -> ok lintwin tank 801.6 (+17.3) miss 68 km (3.5 s)
[11:28:59]     settle 17: 177 @   2616 d -> ok lintwin tank 786.3 (+11.5) miss 58 km (1.9 s)
[11:29:00] RESULT s04_c1: 16 columns; frontier 1fb 1 kg p1/2 | 2fb 12 kg p1/1 | 3fb 29 kg p1/1; settles 20 (20 ok), regrids 16 (16 ok); wall 127 s of 300 (plan 55, price 1, settle 72; budget hit None, 0 unsettled)
[11:29:00]     settle 19: 243 @   2687 d -> ok lintwin tank 846.3 (+18.0) miss 68 km (1.4 s)
[11:29:01]     settle 18: 299 @   2523 d -> ok lintwin tank 831.2 (+2.3) miss 23 km (0.5 s)
[11:29:01]   job s04_c1 craft columns  16  levels 9  settles 20/20  end plan_done  wall 126.5 s
[11:29:02]     settle 18: 215 @   2676 d -> ok lintwin tank 793.7 (+7.4) miss 71 km (2.2 s)
[11:29:02]   1 candidates dropped (settle failure / regrid failure / duplicate after truncation)
[11:29:02] RESULT s04_c6: 15 columns; frontier 1fb 5 kg p3/3 | 2fb 14 kg p0/3 | 3fb 23 kg p0/1; settles 20 (20 ok), regrids 15 (15 ok); wall 129 s of 300 (plan 61, price 1, settle 68; budget hit None, 0 unsettled)
[11:29:03]   job s04_c6 craft columns  15  levels 9  settles 20/20  end plan_done  wall 129.0 s
[11:29:03]     settle 19: 243 @   2688 d -> ok lintwin tank 849.2 (+18.0) miss 38 km (2.8 s)
[11:29:05]     settle 19: 299 @   2518 d -> ok lintwin tank 835.4 (+2.7) miss 72 km (1.5 s)
[11:29:06] RESULT s04_c0: 16 columns; frontier 1fb -3 kg p0/2 | 2fb 0 kg p2/2 | 3fb 2 kg p1/2 | 4fb 16 kg p2/2; settles 18 (18 ok), regrids 16 (16 ok); wall 133 s of 300 (plan 71, price 1, settle 62; budget hit None, 0 unsettled)
[11:29:07]   job s04_c0 craft columns  16  levels 9  settles 18/18  end plan_done  wall 132.7 s
[11:29:07] [slice 4] propose: 126 columns (0 bad dropped) in 134.3 s
[11:29:07] [slice 4] auction: 126 columns, kept 123, dropped {'ramp': 3}; lam 1.00 H_eff 540 d fuel budget 482 kg quota on
[11:29:07] [slice 4] auction: status optimal objective 33.308 vars 123 rows 52 chosen 8 fuel 317/482 kg (0.012 s)
[11:29:09] [slice 4] claims: c0:1 c1:1 c2:1 c3:1 c4:1 c6:3 c7:2  (10 targets: 0 kept, 10 new; 13 released, 0 expired (ttl 2), 1 conflicts)
[11:29:09] [slice 4 T=2160 d] launched 8/8  covered 137  remaining 161  fuel 1448 kg  sumJi 9.1725  chosen: c0:4(+16) c1:3(+29) c2:3(+53) c3:3(+53) c4:3(+57) c5:3(+18) c6:2(+16) c7:4(+74)  rejected: -  (wall 136 s)
[11:29:09] [slice 5] claims in force: c0:1 c1:1 c2:1 c3:1 c4:1 c6:3 c7:2  (10 targets; claim_bonus 0.5, ttl 2)
[11:29:09]   c0: claims: 1 own (prized +0.5), 9 claimed by others withheld
[11:29:09]   c1: claims: 1 own (prized +0.5), 9 claimed by others withheld
[11:29:09]   c2: claims: 1 own (prized +0.5), 9 claimed by others withheld
[11:29:09]   c3: claims: 1 own (prized +0.5), 9 claimed by others withheld
[11:29:09]   c4: claims: 1 own (prized +0.5), 9 claimed by others withheld
[11:29:09]   c5: claims: 0 own (prized +0.5), 10 claimed by others withheld
[11:29:09]   c6: claims: 3 own (prized +0.5), 7 claimed by others withheld
[11:29:09]   c7: claims: 2 own (prized +0.5), 8 claimed by others withheld
[11:29:09] [slice 5 T=2700 d] propose: 8 jobs (8 craft, 0 root) on 9 workers, proposer planbeam, H_eff 540 d, lam 1.0
[11:29:09] job s05_c2 (craft, craft 2, planbeam): T 2700 d H 540 L 360; plan horizon 4320 d; remaining 152; prize >1 on 82; width 150 npt 6 mc 150 dv 1.2 drmax 0.15 plan_wall 240 s; quota {'fil': 5, 'med': 15}
[11:29:09] job s05_c6 (craft, craft 6, planbeam): T 2700 d H 540 L 360; plan horizon 4320 d; remaining 154; prize >1 on 84; width 150 npt 6 mc 150 dv 1.2 drmax 0.15 plan_wall 240 s; quota {'fil': 6, 'med': 13}
[11:29:09] job s05_c3 (craft, craft 3, planbeam): T 2700 d H 540 L 360; plan horizon 4320 d; remaining 152; prize >1 on 82; width 150 npt 6 mc 150 dv 1.2 drmax 0.15 plan_wall 240 s; quota {'fil': 6, 'med': 12}
[11:29:09] job s05_c5 (craft, craft 5, planbeam): T 2700 d H 540 L 360; plan horizon 4320 d; remaining 151; prize >1 on 81; width 150 npt 6 mc 150 dv 1.2 drmax 0.15 plan_wall 240 s; quota {'fil': 9, 'med': 11}
[11:29:09] job s05_c4 (craft, craft 4, planbeam): T 2700 d H 540 L 360; plan horizon 4320 d; remaining 152; prize >1 on 82; width 150 npt 6 mc 150 dv 1.2 drmax 0.15 plan_wall 240 s; quota {'fil': 4, 'med': 13}
[11:29:09] job s05_c1 (craft, craft 1, planbeam): T 2700 d H 540 L 360; plan horizon 4320 d; remaining 152; prize >1 on 82; width 150 npt 6 mc 150 dv 1.2 drmax 0.15 plan_wall 240 s; quota {'fil': 6, 'med': 12}
[11:29:09] job s05_c0 (craft, craft 0, planbeam): T 2700 d H 540 L 360; plan horizon 4320 d; remaining 152; prize >1 on 82; width 150 npt 6 mc 150 dv 1.2 drmax 0.15 plan_wall 240 s; quota {'fil': 2, 'med': 13}
[11:29:09] job s05_c7 (craft, craft 7, planbeam): T 2700 d H 540 L 360; plan horizon 4320 d; remaining 153; prize >1 on 83; width 150 npt 6 mc 150 dv 1.2 drmax 0.15 plan_wall 240 s; quota {'fil': 3, 'med': 15}
[11:29:09] prefix slices/s05/in/craft_6.npz: 17 flybys, t_end 2612.3 d, tank 786.1 kg (planner view), miss 5.0 km, nreg 124
[11:29:09] budget: job_wall 300 s, 300 s left before the plan -> plan cap 210 s (plan_wall 240, settle_reserve 90)
[11:29:09] prefix slices/s05/in/craft_5.npz: 14 flybys, t_end 2688.4 d, tank 715.1 kg (planner view), miss 0.7 km, nreg 129
[11:29:09] budget: job_wall 300 s, 300 s left before the plan -> plan cap 210 s (plan_wall 240, settle_reserve 90)
[11:29:09] prefix slices/s05/in/craft_7.npz: 19 flybys, t_end 2682.4 d, tank 809.9 kg (planner view), miss 41.2 km, nreg 124
[11:29:09] budget: job_wall 300 s, 300 s left before the plan -> plan cap 210 s (plan_wall 240, settle_reserve 90)
[11:29:09] prefix slices/s05/in/craft_3.npz: 17 flybys, t_end 2681.1 d, tank 796.5 kg (planner view), miss 0.7 km, nreg 133
[11:29:09] prefix slices/s05/in/craft_2.npz: 16 flybys, t_end 2686.0 d, tank 757.9 kg (planner view), miss 2.5 km, nreg 133
[11:29:09] budget: job_wall 300 s, 300 s left before the plan -> plan cap 210 s (plan_wall 240, settle_reserve 90)
[11:29:09] budget: job_wall 300 s, 300 s left before the plan -> plan cap 210 s (plan_wall 240, settle_reserve 90)
[11:29:09] prefix slices/s05/in/craft_0.npz: 19 flybys, t_end 2519.2 d, tank 835.0 kg (planner view), miss 0.7 km, nreg 128
[11:29:09] budget: job_wall 300 s, 300 s left before the plan -> plan cap 210 s (plan_wall 240, settle_reserve 90)
[11:29:09] prefix slices/s05/in/craft_4.npz: 18 flybys, t_end 2689.1 d, tank 772.5 kg (planner view), miss 4.5 km, nreg 130
[11:29:09] budget: job_wall 300 s, 300 s left before the plan -> plan cap 210 s (plan_wall 240, settle_reserve 90)
[11:29:09] prefix slices/s05/in/craft_1.npz: 17 flybys, t_end 2685.8 d, tank 774.9 kg (planner view), miss 3.1 km, nreg 137
[11:29:09] budget: job_wall 300 s, 300 s left before the plan -> plan cap 210 s (plan_wall 240, settle_reserve 90)
[11:29:23] first level (both): 0 production + 50 relaxed (dv 2.5, 0.3 AU; 0.1 s) + 39 lintwin children -> 62 unique (13.8 s)
[11:29:23] plan start: prefix 14 flybys, t_end 2688.4 d, planner mass 1345.8 kg (dv 6.787 km/s); 62 first-level states
[11:29:24] first level (both): 0 production + 47 relaxed (dv 2.5, 0.3 AU; 0.1 s) + 34 lintwin children -> 54 unique (14.3 s)
[11:29:24] plan start: prefix 16 flybys, t_end 2686.0 d, planner mass 1269.9 kg (dv 9.065 km/s); 54 first-level states
[11:29:24] first level (both): 0 production + 37 relaxed (dv 2.5, 0.3 AU; 0.1 s) + 43 lintwin children -> 56 unique (14.8 s)
[11:29:24] plan start: prefix 17 flybys, t_end 2612.3 d, planner mass 1224.3 kg (dv 10.499 km/s); 56 first-level states
[11:29:25] first level (both): 0 production + 53 relaxed (dv 2.5, 0.3 AU; 0.1 s) + 40 lintwin children -> 64 unique (15.3 s)
[11:29:25] plan start: prefix 17 flybys, t_end 2681.1 d, planner mass 1208.3 kg (dv 11.014 km/s); 64 first-level states
[11:29:25] first level (both): 0 production + 30 relaxed (dv 2.5, 0.3 AU; 0.1 s) + 36 lintwin children -> 53 unique (15.8 s)
[11:29:25] plan start: prefix 19 flybys, t_end 2682.4 d, planner mass 1188.3 kg (dv 11.669 km/s); 53 first-level states
[11:29:26] first level (both): 0 production + 15 relaxed (dv 2.5, 0.3 AU; 0.1 s) + 43 lintwin children -> 49 unique (16.1 s)
[11:29:26] plan start: prefix 18 flybys, t_end 2689.1 d, planner mass 1245.8 kg (dv 9.814 km/s); 49 first-level states
[11:29:26] first level (both): 0 production + 53 relaxed (dv 2.5, 0.3 AU; 0.1 s) + 48 lintwin children -> 75 unique (16.7 s)
[11:29:26] plan start: prefix 19 flybys, t_end 2519.2 d, planner mass 1152.6 kg (dv 12.866 km/s); 75 first-level states
[11:29:26] first level (both): 0 production + 32 relaxed (dv 2.5, 0.3 AU; 0.1 s) + 36 lintwin children -> 52 unique (16.8 s)
[11:29:26] plan start: prefix 17 flybys, t_end 2685.8 d, planner mass 1241.9 kg (dv 9.938 km/s); 52 first-level states
[11:30:03] plan: 777 states, depth 8 new flybys, end plan_done (54 s); deepest 8 new to 4247 d at planner fuel 546 kg
[11:30:03]   depth  1:   52 states (43 in H), t_end 2736-3401 d, fuel 363-449 kg
[11:30:03]   depth  2:  150 states (29 in H), t_end 3089-3902 d, fuel 388-486 kg
[11:30:03]   depth  3:  150 states (1 in H), t_end 3188-4277 d, fuel 409-513 kg
[11:30:03]   depth  4:  150 states (0 in H), t_end 3420-4311 d, fuel 420-548 kg
[11:30:03]   depth  5:  150 states (0 in H), t_end 3860-4316 d, fuel 466-571 kg
[11:30:03]   depth  6:   99 states (0 in H), t_end 4002-4318 d, fuel 473-583 kg
[11:30:03]   depth  7:   21 states (0 in H), t_end 4027-4276 d, fuel 505-561 kg
[11:30:03]   depth  8:    5 states (0 in H), t_end 4244-4275 d, fuel 546-582 kg
[11:30:03] candidates: 39 distinct committed target sets (n_new 1-3, potential 0-2)
[11:30:03] frontier: 16 candidates chosen (n fb / committed planner kg / continuation (lookahead) [full]; pot_mode lookahead, pot_cap None): 1fb/376kg/p1(1)[1], 1fb/386kg/p1(0)[1], 1fb/388kg/p3(2)[3], 1fb/389kg/p3(2)[3], 1fb/398kg/p1(1)[1], 1fb/400kg/p2(2)[2], 1fb/420kg/p3(1)[3], 1fb/422kg/p2(1)[2], 1fb/442kg/p3(2)[3], 1fb/449kg/p2(2)[2], 1fb/449kg/p2(2)[2], 2fb/404kg/p1(1)[1], 2fb/405kg/p2(2)[2], 2fb/421kg/p0(0)[0], 2fb/429kg/p2(2)[2], 3fb/497kg/p1(1)[1]
[11:30:03] budget: 246 s of 300 left for the settles + regrids (settle_wall 480)
[11:30:08] plan: 899 states, depth 8 new flybys, end plan_done (58 s); deepest 8 new to 4313 d at planner fuel 616 kg
[11:30:08]   depth  1:   64 states (60 in H), t_end 2822-3353 d, fuel 405-480 kg
[11:30:08]   depth  2:  150 states (66 in H), t_end 2946-3728 d, fuel 424-512 kg
[11:30:08]   depth  3:  150 states (11 in H), t_end 3141-4177 d, fuel 451-537 kg
[11:30:08]   depth  4:  150 states (0 in H), t_end 3391-4218 d, fuel 468-562 kg
[11:30:08]   depth  5:  150 states (0 in H), t_end 3517-4316 d, fuel 487-591 kg
[11:30:08]   depth  6:  150 states (0 in H), t_end 3813-4317 d, fuel 500-618 kg
[11:30:08]   depth  7:   78 states (0 in H), t_end 4031-4317 d, fuel 562-625 kg
[11:30:08]   depth  8:    7 states (0 in H), t_end 4222-4313 d, fuel 616-647 kg
[11:30:08] candidates: 71 distinct committed target sets (n_new 1-3, potential 0-3)
[11:30:08] frontier: 16 candidates chosen (n fb / committed planner kg / continuation (lookahead) [full]; pot_mode lookahead, pot_cap None): 1fb/410kg/p1(0)[1], 1fb/414kg/p1(0)[1], 1fb/425kg/p2(2)[2], 1fb/425kg/p2(0)[2], 1fb/433kg/p2(1)[2], 1fb/435kg/p4(2)[4], 1fb/437kg/p4(3)[4], 1fb/441kg/p3(1)[3], 1fb/447kg/p2(2)[2], 1fb/452kg/p2(2)[2], 2fb/424kg/p0(0)[0], 2fb/426kg/p0(0)[0], 2fb/469kg/p3(2)[3], 3fb/451kg/p0(0)[0], 3fb/466kg/p0(0)[0], 3fb/493kg/p2(2)[2]
[11:30:08] budget: 241 s of 300 left for the settles + regrids (settle_wall 480)
[11:30:09] plan: 1025 states, depth 10 new flybys, end plan_done (60 s); deepest 10 new to 4239 d at planner fuel 576 kg
[11:30:09]   depth  1:   62 states (57 in H), t_end 2808-3334 d, fuel 262-359 kg
[11:30:09]   depth  2:  150 states (45 in H), t_end 2914-3718 d, fuel 281-392 kg
[11:30:09]   depth  3:  150 states (1 in H), t_end 3198-4069 d, fuel 319-422 kg
[11:30:09]   depth  4:  150 states (0 in H), t_end 3316-4316 d, fuel 361-447 kg
[11:30:09]   depth  5:  150 states (0 in H), t_end 3541-4319 d, fuel 399-474 kg
[11:30:09]   depth  6:  150 states (0 in H), t_end 3641-4287 d, fuel 425-512 kg
[11:30:09]   depth  7:  141 states (0 in H), t_end 3786-4311 d, fuel 445-524 kg
[11:30:09]   depth  8:   42 states (0 in H), t_end 3926-4319 d, fuel 488-552 kg
[11:30:09]   depth  9:   26 states (0 in H), t_end 3991-4320 d, fuel 542-584 kg
[11:30:09]   depth 10:    4 states (0 in H), t_end 4239-4319 d, fuel 576-600 kg
[11:30:09] candidates: 60 distinct committed target sets (n_new 1-3, potential 0-3)
[11:30:09] frontier: 16 candidates chosen (n fb / committed planner kg / continuation (lookahead) [full]; pot_mode lookahead, pot_cap None): 1fb/268kg/p0(0)[0], 1fb/270kg/p2(1)[2], 1fb/279kg/p2(1)[2], 1fb/305kg/p2(2)[2], 1fb/307kg/p2(1)[2], 1fb/308kg/p2(1)[2], 1fb/309kg/p3(3)[3], 1fb/313kg/p3(3)[3], 1fb/315kg/p4(3)[4], 1fb/317kg/p3(2)[3], 1fb/344kg/p3(2)[3], 1fb/348kg/p3(1)[3], 2fb/281kg/p0(0)[0], 2fb/309kg/p1(1)[1], 2fb/342kg/p3(3)[3], 3fb/394kg/p1(1)[1]
[11:30:09] budget: 240 s of 300 left for the settles + regrids (settle_wall 480)
[11:30:10]     settle 18: 260 @   3031 d -> ok lintwin tank 808.0 (+11.5) miss 80 km (1.7 s)
[11:30:10]     settle 18: 283 @   3106 d -> ok lintwin tank 775.9 (+1.0) miss 1 km (6.7 s)
[11:30:11] plan: 914 states, depth 8 new flybys, end plan_done (61 s); deepest 8 new to 4249 d at planner fuel 638 kg
[11:30:11]   depth  1:   75 states (64 in H), t_end 2702-3341 d, fuel 457-532 kg
[11:30:11]   depth  2:  150 states (90 in H), t_end 2889-3674 d, fuel 472-561 kg
[11:30:11]   depth  3:  150 states (15 in H), t_end 3173-4154 d, fuel 497-581 kg
[11:30:11]   depth  4:  150 states (0 in H), t_end 3382-4273 d, fuel 508-613 kg
[11:30:11]   depth  5:  150 states (0 in H), t_end 3671-4319 d, fuel 520-644 kg
[11:30:11]   depth  6:  150 states (0 in H), t_end 3838-4318 d, fuel 547-663 kg
[11:30:11]   depth  7:   79 states (0 in H), t_end 4039-4319 d, fuel 592-692 kg
[11:30:11]   depth  8:   10 states (0 in H), t_end 4244-4320 d, fuel 638-696 kg
[11:30:11] candidates: 90 distinct committed target sets (n_new 1-3, potential 0-2)
[11:30:11] frontier: 16 candidates chosen (n fb / committed planner kg / continuation (lookahead) [full]; pot_mode lookahead, pot_cap None): 1fb/457kg/p0(0)[0], 1fb/458kg/p1(1)[1], 1fb/465kg/p3(2)[3], 1fb/468kg/p3(2)[3], 1fb/488kg/p3(2)[3], 1fb/490kg/p2(1)[2], 1fb/503kg/p2(2)[2], 1fb/521kg/p3(1)[3], 1fb/530kg/p3(2)[3], 2fb/477kg/p0(0)[0], 2fb/483kg/p0(0)[0], 2fb/486kg/p2(2)[2], 2fb/487kg/p2(2)[2], 3fb/528kg/p0(0)[0], 3fb/535kg/p0(0)[0], 3fb/573kg/p1(1)[1]
[11:30:11] budget: 239 s of 300 left for the settles + regrids (settle_wall 480)
[11:30:11]     settle 15: 267 @   3134 d -> ok lintwin tank 721.9 (+6.8) miss 16 km (1.5 s)
[11:30:11] plan: 967 states, depth 9 new flybys, end plan_done (62 s); deepest 9 new to 4256 d at planner fuel 576 kg
[11:30:11]   depth  1:   54 states (50 in H), t_end 2784-3286 d, fuel 339-422 kg
[11:30:11]   depth  2:  150 states (55 in H), t_end 2929-3836 d, fuel 349-459 kg
[11:30:11]   depth  3:  150 states (16 in H), t_end 3102-4046 d, fuel 389-487 kg
[11:30:11]   depth  4:  150 states (3 in H), t_end 3234-4169 d, fuel 406-494 kg
[11:30:11]   depth  5:  150 states (0 in H), t_end 3430-4262 d, fuel 426-526 kg
[11:30:11]   depth  6:  150 states (0 in H), t_end 3487-4291 d, fuel 435-557 kg
[11:30:11]   depth  7:  121 states (0 in H), t_end 3860-4316 d, fuel 474-576 kg
[11:30:11]   depth  8:   37 states (0 in H), t_end 3970-4285 d, fuel 515-576 kg
[11:30:11]   depth  9:    5 states (0 in H), t_end 4162-4256 d, fuel 576-590 kg
[11:30:11] candidates: 80 distinct committed target sets (n_new 1-4, potential 0-3)
[11:30:11] frontier: 16 candidates chosen (n fb / committed planner kg / continuation (lookahead) [full]; pot_mode lookahead, pot_cap None): 1fb/339kg/p2(1)[2], 1fb/347kg/p2(2)[2], 1fb/366kg/p3(1)[3], 1fb/372kg/p4(1)[4], 1fb/379kg/p5(3)[5], 1fb/381kg/p3(2)[3], 1fb/395kg/p3(1)[3], 1fb/401kg/p3(1)[3], 2fb/364kg/p1(1)[1], 2fb/366kg/p0(0)[0], 2fb/386kg/p4(3)[4], 3fb/402kg/p1(1)[1], 3fb/418kg/p2(1)[2], 3fb/425kg/p3(3)[3], 4fb/437kg/p1(1)[1], 4fb/442kg/p1(1)[1]
[11:30:11] budget: 238 s of 300 left for the settles + regrids (settle_wall 480)
[11:30:11]     settle 20: 209 @   3224 d -> ok lintwin tank 842.4 (+7.4) miss 57 km (0.6 s)
[11:30:12] plan: 965 states, depth 10 new flybys, end plan_done (62 s); deepest 10 new to 4219 d at planner fuel 621 kg
[11:30:12]   depth  1:   49 states (39 in H), t_end 2738-3328 d, fuel 366-445 kg
[11:30:12]   depth  2:  150 states (50 in H), t_end 2895-3759 d, fuel 376-468 kg
[11:30:12]   depth  3:  150 states (4 in H), t_end 3153-4090 d, fuel 392-503 kg
[11:30:12]   depth  4:  150 states (0 in H), t_end 3491-4250 d, fuel 421-521 kg
[11:30:12]   depth  5:  150 states (0 in H), t_end 3807-4319 d, fuel 439-551 kg
[11:30:12]   depth  6:  150 states (0 in H), t_end 3855-4318 d, fuel 460-557 kg
[11:30:12]   depth  7:   87 states (0 in H), t_end 3930-4297 d, fuel 488-580 kg
[11:30:12]   depth  8:   56 states (0 in H), t_end 3993-4275 d, fuel 519-598 kg
[11:30:12]   depth  9:   22 states (0 in H), t_end 4070-4271 d, fuel 554-625 kg
[11:30:12]   depth 10:    1 states (0 in H), t_end 4219-4219 d, fuel 621-621 kg
[11:30:12] candidates: 68 distinct committed target sets (n_new 1-3, potential 0-2)
[11:30:12] frontier: 16 candidates chosen (n fb / committed planner kg / continuation (lookahead) [full]; pot_mode lookahead, pot_cap None): 1fb/367kg/p1(0)[1], 1fb/367kg/p2(2)[2], 1fb/370kg/p3(2)[3], 1fb/375kg/p3(2)[3], 1fb/381kg/p2(2)[2], 1fb/390kg/p2(2)[2], 1fb/393kg/p2(2)[2], 1fb/407kg/p3(2)[3], 1fb/411kg/p3(2)[3], 1fb/414kg/p3(2)[3], 1fb/417kg/p3(2)[3], 2fb/382kg/p0(0)[0], 2fb/382kg/p2(2)[2], 2fb/384kg/p1(1)[1], 3fb/453kg/p0(0)[0], 3fb/465kg/p0(0)[0]
[11:30:12] budget: 238 s of 300 left for the settles + regrids (settle_wall 480)
[11:30:13]     settle 15: 245 @   2816 d -> ok lintwin tank 721.6 (+6.5) miss 31 km (1.2 s)
[11:30:13]     settle 17: 229 @   2862 d -> ok lintwin tank 762.1 (+4.2) miss 67 km (1.8 s)
[11:30:13]     settle 19: 172 @   2805 d -> ok lintwin tank 780.6 (+8.1) miss 94 km (1.5 s)
[11:30:13]     settle 18: 128 @   2822 d -> ok lam tank 926.1 (+129.6) miss 77 km (2.9 s)
[11:30:14]     settle 20: 220 @   3222 d -> ok lintwin tank 845.5 (+10.5) miss 73 km (1.9 s)
[11:30:14]     settle 15: 193 @   2917 d -> ok lintwin tank 725.4 (+10.3) miss 12 km (1.4 s)
[11:30:16]     settle 18: 188 @   2950 d -> ok lintwin tank 819.5 (+23.0) miss 62 km (0.7 s)
[11:30:16]     settle 19: 199 @   3130 d -> ok lintwin tank 778.7 (+6.2) miss 77 km (2.2 s)
[11:30:16] plan: 1039 states, depth 11 new flybys, end plan_done (66 s); deepest 11 new to 4255 d at planner fuel 714 kg
[11:30:16]   depth  1:   53 states (46 in H), t_end 2750-3369 d, fuel 419-495 kg
[11:30:16]   depth  2:  150 states (52 in H), t_end 2989-3886 d, fuel 434-529 kg
[11:30:16]   depth  3:  150 states (5 in H), t_end 3210-4095 d, fuel 463-560 kg
[11:30:16]   depth  4:  150 states (0 in H), t_end 3305-4264 d, fuel 476-582 kg
[11:30:16]   depth  5:  150 states (0 in H), t_end 3400-4239 d, fuel 505-601 kg
[11:30:16]   depth  6:  150 states (0 in H), t_end 3657-4319 d, fuel 526-626 kg
[11:30:16]   depth  7:  128 states (0 in H), t_end 3735-4320 d, fuel 545-657 kg
[11:30:16]   depth  8:   71 states (0 in H), t_end 3935-4319 d, fuel 575-680 kg
[11:30:16]   depth  9:   24 states (0 in H), t_end 4118-4320 d, fuel 607-703 kg
[11:30:16]   depth 10:   10 states (0 in H), t_end 4172-4320 d, fuel 683-718 kg
[11:30:16]   depth 11:    3 states (0 in H), t_end 4252-4262 d, fuel 714-722 kg
[11:30:16] candidates: 65 distinct committed target sets (n_new 1-3, potential 0-2)
[11:30:16] frontier: 16 candidates chosen (n fb / committed planner kg / continuation (lookahead) [full]; pot_mode lookahead, pot_cap None): 1fb/419kg/p4(2)[4], 1fb/428kg/p1(0)[1], 1fb/432kg/p1(0)[1], 1fb/437kg/p2(2)[2], 1fb/451kg/p2(1)[2], 1fb/452kg/p2(2)[2], 1fb/472kg/p3(2)[3], 1fb/482kg/p3(2)[3], 1fb/483kg/p3(2)[3], 1fb/490kg/p4(2)[4], 2fb/434kg/p0(0)[0], 2fb/453kg/p3(2)[3], 2fb/455kg/p0(0)[0], 3fb/468kg/p2(2)[2], 3fb/537kg/p0(0)[0], 3fb/548kg/p2(2)[2]
[11:30:16] budget: 234 s of 300 left for the settles + regrids (settle_wall 480)
[11:30:16]     settle 20: 244 @   2827 d -> ok lintwin tank 852.5 (+17.5) miss 61 km (1.6 s)
[11:30:16]     settle 15: 137 @   2987 d -> ok lintwin tank 743.1 (+28.0) miss 91 km (1.1 s)
[11:30:16]     settle 17:  16 @   3234 d -> ok lintwin tank 764.2 (+6.4) miss 92 km (2.6 s)
[11:30:17]     settle 18: 288 @   2964 d -> ok lintwin tank 807.1 (+32.2) miss 61 km (4.7 s)
[11:30:18]     settle 20:   6 @   2832 d -> ok lintwin tank 858.2 (+23.2) miss 70 km (1.4 s)
[11:30:18]     settle 17: 260 @   2931 d -> ok lintwin tank 770.0 (+12.1) miss 68 km (1.4 s)
[11:30:18]     settle 18: 193 @   2905 d -> ok lintwin tank 811.5 (+15.0) miss 74 km (2.1 s)
[11:30:20]     settle 20: 165 @   2911 d -> ok lintwin tank 812.2 (+2.3) miss 71 km (3.8 s)
[11:30:20]     settle 20: 160 @   2805 d -> ok lintwin tank 863.9 (+28.9) miss 68 km (1.5 s)
[11:30:20]     settle 15: 103 @   3076 d -> ok lintwin tank 784.8 (+69.7) miss 34 km (3.4 s)
[11:30:20] plan: 1134 states, depth 10 new flybys, end plan_done (71 s); deepest 10 new to 4306 d at planner fuel 599 kg
[11:30:20]   depth  1:   56 states (52 in H), t_end 2732-3284 d, fuel 384-465 kg
[11:30:20]   depth  2:  150 states (67 in H), t_end 2841-3762 d, fuel 391-496 kg
[11:30:20]   depth  3:  150 states (23 in H), t_end 3026-3982 d, fuel 399-529 kg
[11:30:20]   depth  4:  150 states (2 in H), t_end 3210-4270 d, fuel 420-543 kg
[11:30:20]   depth  5:  150 states (0 in H), t_end 3335-4275 d, fuel 441-541 kg
[11:30:20]   depth  6:  150 states (0 in H), t_end 3621-4275 d, fuel 464-567 kg
[11:30:20]   depth  7:  150 states (0 in H), t_end 3851-4318 d, fuel 501-599 kg
[11:30:20]   depth  8:  137 states (0 in H), t_end 3971-4318 d, fuel 516-629 kg
[11:30:20]   depth  9:   36 states (0 in H), t_end 4174-4317 d, fuel 550-627 kg
[11:30:20]   depth 10:    5 states (0 in H), t_end 4295-4310 d, fuel 599-611 kg
[11:30:20] candidates: 108 distinct committed target sets (n_new 1-4, potential 0-2)
[11:30:20] frontier: 16 candidates chosen (n fb / committed planner kg / continuation (lookahead) [full]; pot_mode lookahead, pot_cap None): 1fb/384kg/p2(1)[2], 1fb/390kg/p3(1)[3], 1fb/393kg/p3(2)[3], 1fb/401kg/p3(1)[3], 1fb/401kg/p4(2)[4], 1fb/408kg/p4(2)[4], 1fb/410kg/p4(1)[4], 1fb/422kg/p3(1)[3], 2fb/395kg/p1(1)[1], 2fb/400kg/p2(2)[2], 2fb/426kg/p3(2)[3], 3fb/440kg/p1(1)[1], 3fb/442kg/p2(1)[2], 3fb/443kg/p1(1)[1], 4fb/465kg/p1(1)[1], 4fb/466kg/p1(1)[1]
[11:30:20] budget: 229 s of 300 left for the settles + regrids (settle_wall 480)
[11:30:20]     settle 18: 238 @   2940 d -> ok lintwin tank 815.5 (+19.0) miss 53 km (1.5 s)
[11:30:21]     settle 17:  87 @   2786 d -> ok lintwin tank 769.5 (+11.6) miss 74 km (2.4 s)
[11:30:21]     settle 19:  51 @   2802 d -> ok lintwin tank 786.1 (+13.6) miss 0 km (4.8 s)
[11:30:23]     settle 18: 199 @   3131 d -> ok lintwin tank 790.4 (+4.3) miss 73 km (2.9 s)
[11:30:23]     settle 15:  13 @   2926 d -> ok lintwin tank 740.3 (+25.2) miss 13 km (2.7 s)
[11:30:24]     settle 18: 225 @   3059 d -> ok lintwin tank 792.2 (+17.3) miss 0 km (6.6 s)
[11:30:25]     settle 20:  49 @   2866 d -> ok lintwin tank 888.3 (+78.4) miss 71 km (4.2 s)
[11:30:25]     settle 19:  80 @   3023 d -> ok lintwin tank 787.9 (+15.4) miss 68 km (3.2 s)
[11:30:25]     settle 17: 100 @   2811 d -> ok lintwin tank 783.9 (+26.0) miss 95 km (3.9 s)
[11:30:25]     settle 18: 278 @   2833 d -> ok lintwin tank 793.6 (+7.5) miss 45 km (1.9 s)
[11:30:26]     settle 20: 278 @   2832 d -> ok lintwin tank 869.2 (+34.2) miss 70 km (5.3 s)
[11:30:26]     settle 18: 245 @   2869 d -> ok lintwin tank 875.7 (+79.2) miss 60 km (5.2 s)
[11:30:27]     settle 15: 206 @   3235 d -> ok lintwin tank 743.9 (+28.8) miss 31 km (3.0 s)
[11:30:27]   drift: leg 206@3235 d settled outside (T, T+H] -> column cut at 0
[11:30:28]     settle 17:  58 @   3106 d -> ok lintwin tank 763.3 (+5.4) miss 66 km (1.9 s)
[11:30:28]     settle 18:  53 @   2853 d -> ok lintwin tank 795.6 (+9.5) miss 79 km (2.0 s)
[11:30:28]     settle 19:  23 @   3184 d -> ok lintwin tank 785.3 (+12.8) miss 63 km (2.9 s)
[11:30:29]     settle 15: 220 @   3202 d -> ok lintwin tank 738.5 (+23.4) miss 13 km (2.5 s)
[11:30:29]     settle 20:  95 @   3105 d -> ok lintwin tank 821.6 (+11.7) miss 72 km (4.1 s)
[11:30:30]     settle 20:  28 @   3129 d -> ok lintwin tank 853.6 (+18.6) miss 72 km (3.5 s)
[11:30:30]     settle 17: 280 @   2971 d -> ok lintwin tank 768.6 (+10.7) miss 46 km (1.8 s)
[11:30:30]     settle 18: 140 @   2986 d -> ok lintwin tank 791.1 (+16.2) miss 1 km (5.6 s)
[11:30:30]     settle 18: 171 @   2837 d -> ok lintwin tank 803.9 (+17.8) miss 68 km (2.1 s)
[11:30:31]     settle 15:  86 @   2938 d -> ok lintwin tank 738.9 (+23.8) miss 20 km (1.8 s)
[11:30:32]     settle 20: 180 @   3031 d -> ok lintwin tank 822.2 (+12.3) miss 78 km (2.4 s)
[11:30:33]     settle 17:  35 @   2879 d -> ok lintwin tank 791.5 (+33.7) miss 67 km (2.5 s)
[11:30:33]     settle 18: 198 @   2732 d -> ok lintwin tank 809.6 (+23.5) miss 79 km (2.8 s)
[11:30:33]     settle 19: 248 @   3074 d -> ok lintwin tank 801.7 (+29.2) miss 1 km (4.8 s)
[11:30:34]     settle 18:  75 @   3006 d -> ok lintwin tank 865.0 (+68.5) miss 2 km (5.5 s)
[11:30:34]     settle 15: 295 @   2888 d -> ok lintwin tank 751.7 (+36.6) miss 85 km (2.1 s)
[11:30:34]     settle 18: 210 @   2903 d -> ok lintwin tank 830.4 (+33.9) miss 13 km (0.4 s)
[11:30:35]     settle 20: 295 @   2902 d -> ok lintwin tank 857.8 (+22.8) miss 69 km (4.3 s)
[11:30:36]     settle 20: 227 @   3091 d -> ok lintwin tank 939.9 (+130.0) miss 79 km (2.8 s)
[11:30:36]     settle 15:  20 @   2931 d -> ok lintwin tank 754.8 (+39.7) miss 72 km (1.9 s)
[11:30:36]     settle 19:  82 @   3209 d -> ok lintwin tank 786.3 (+13.8) miss 64 km (2.6 s)
[11:30:37]     settle 18: 183 @   2844 d -> ok lintwin tank 814.8 (+28.7) miss 73 km (2.9 s)
[11:30:37]     settle 18: 220 @   3122 d -> ok lintwin tank 799.5 (+24.6) miss 1 km (6.4 s)
[11:30:37]     settle 18:  58 @   3103 d -> ok lintwin tank 775.5 (+13.4) miss 4 km (3.9 s)
[11:30:37]     settle 18: 137 @   2996 d -> ok lintwin tank 815.7 (+19.2) miss 57 km (1.6 s)
[11:30:37]     settle 15: 269 @   2818 d -> ok lintwin tank 753.2 (+38.1) miss 65 km (0.8 s)
[11:30:38]     settle 20:  53 @   2849 d -> ok lintwin tank 873.2 (+38.2) miss 19 km (2.8 s)
[11:30:39]     settle 20: 158 @   3012 d -> ok lintwin tank 813.9 (+4.0) miss 73 km (2.6 s)
[11:30:39]     settle 16: 267 @   3135 d -> ok lintwin tank 727.5 (+5.9) miss 56 km (1.1 s)
[11:30:39]     settle 18: 223 @   2842 d -> ok lintwin tank 803.5 (+17.4) miss 49 km (2.1 s)
[11:30:39]     settle 20:  49 @   2866 d -> ok lintwin tank 855.9 (+21.0) miss 77 km (1.0 s)
[11:30:40]     settle 17: 280 @   2968 d -> ok lintwin tank 768.6 (+10.7) miss 42 km (1.9 s)
[11:30:40]     settle 18: 268 @   3076 d -> ok lintwin tank 822.7 (+26.2) miss 54 km (2.1 s)
[11:30:40]     settle 19:  53 @   2853 d -> ok lintwin tank 795.8 (+23.3) miss 70 km (3.2 s)
[11:30:41]     settle 21: 220 @   3221 d -> ok lintwin tank 856.7 (+0.8) miss 60 km (1.2 s)
[11:30:41]     settle 18:  75 @   3145 d -> ok lintwin tank 799.7 (+24.8) miss 67 km (3.8 s)
[11:30:41]     settle 16: 300 @   3224 d -> ok lintwin tank 737.5 (+12.1) miss 9 km (2.0 s)
[11:30:41]     settle 18:  16 @   3235 d -> ok lintwin tank 772.6 (+4.1) miss 42 km (1.8 s)
[11:30:42]     settle 18: 260 @   2930 d -> ok lintwin tank 790.0 (+6.2) miss 99 km (0.4 s)
[11:30:42]     settle 18: 250 @   2905 d -> ok lintwin tank 842.0 (+45.5) miss 60 km (2.1 s)
[11:30:43]     settle 20: 104 @   2861 d -> ok lintwin tank 849.7 (+14.8) miss 62 km (1.5 s)
[11:30:43]     settle 20:  20 @   2995 d -> ok lintwin tank 858.4 (+48.5) miss 64 km (3.9 s)
[11:30:44]     settle 19: 278 @   2839 d -> ok lintwin tank 799.9 (+27.4) miss 4 km (3.3 s)
[11:30:44]     settle 17:  87 @   2784 d -> ok lintwin tank 769.5 (+11.6) miss 86 km (1.6 s)
[11:30:44]     settle 16: 259 @   3196 d -> ok lintwin tank 748.3 (+9.3) miss 85 km (2.7 s)
[11:30:44]     settle 21: 220 @   3221 d -> ok lintwin tank 861.0 (+11.3) miss 52 km (1.9 s)
[11:30:44]     settle 18:  51 @   2801 d -> ok lintwin tank 830.0 (+43.9) miss 4 km (4.9 s)
[11:30:45]     settle 20: 103 @   2812 d -> ok lintwin tank 840.2 (+30.3) miss 56 km (1.0 s)
[11:30:46]     settle 19: 267 @   3045 d -> ok lintwin tank 803.9 (+31.4) miss 88 km (1.7 s)
[11:30:46]     settle 18:  58 @   3105 d -> ok lintwin tank 773.8 (+4.3) miss 76 km (1.5 s)
[11:30:46]     settle 19: 300 @   3229 d -> ok lintwin tank 851.1 (+9.1) miss 65 km (4.0 s)
[11:30:47]     settle 18: 269 @   3026 d -> ok lintwin tank 821.0 (+46.1) miss 59 km (5.3 s)
[11:30:47]     settle 19:  23 @   3188 d -> ok lintwin tank 798.7 (+8.3) miss 77 km (2.1 s)
[11:30:47]     settle 20:  86 @   2939 d -> ok lam tank 853.6 (+43.7) miss 0 km (2.4 s)
[11:30:48]     settle 21:  28 @   3152 d -> ok lintwin tank 871.5 (+13.3) miss 77 km (2.8 s)
[11:30:48]     settle 16:  13 @   2914 d -> ok lintwin tank 762.5 (+9.3) miss 72 km (3.0 s)
[11:30:49]     settle 19:  16 @   3233 d -> ok lintwin tank 780.4 (+6.7) miss 7 km (3.4 s)
[11:30:50]     settle 19: 300 @   3232 d -> ok lam tank 978.0 (+51.9) miss 1 km (2.9 s)
[11:30:50]   drift: leg 300@3232 d settled outside (T, T+H] -> column cut at 1
[11:30:50]     settle 19: 199 @   3130 d -> ok lintwin tank 797.9 (+2.3) miss 75 km (2.3 s)
[11:30:51]     settle 19:   3 @   3074 d -> ok lintwin tank 780.7 (+8.2) miss 74 km (4.3 s)
[11:30:51]     settle 18: 260 @   2930 d -> ok lintwin tank 780.8 (+11.4) miss 80 km (0.8 s)
[11:30:51]     settle 20: 245 @   2824 d -> ok lintwin tank 872.0 (+62.1) miss 63 km (3.3 s)
[11:30:51]     settle 21:  28 @   3151 d -> ok lintwin tank 861.3 (+8.8) miss 80 km (3.2 s)
[11:30:52]     settle 20:   3 @   3072 d -> ok lintwin tank 784.8 (+4.1) miss 46 km (0.5 s)
[11:30:52]     settle 18:  20 @   2905 d -> ok lintwin tank 821.0 (+46.0) miss 70 km (4.2 s)
[11:30:52]     settle 17: 259 @   3198 d -> ok lintwin tank 779.1 (+16.6) miss 77 km (4.0 s)
[11:30:52]   1 candidates dropped (settle failure / regrid failure / duplicate after truncation)
[11:30:52] RESULT s05_c5: 15 columns; frontier 1fb 6 kg p1/3 | 2fb 12 kg p0/3 | 3fb 64 kg p1/1; settles 17 (17 ok), regrids 15 (15 ok); wall 103 s of 300 (plan 60, price 1, settle 43; budget hit None, 0 unsettled)
[11:30:52]     settle 19:  89 @   3034 d -> ok lintwin tank 833.3 (+18.5) miss 45 km (2.0 s)
[11:30:53]     settle 19: 268 @   3110 d -> ok lintwin tank 788.5 (+7.6) miss 86 km (2.0 s)
[11:30:54]   job s05_c5 craft columns  15  levels 10  settles 17/17  end plan_done  wall 103.0 s
[11:30:54]     settle 21:  59 @   3002 d -> ok lintwin tank 871.8 (+7.9) miss 75 km (1.8 s)
[11:30:54]     settle 20: 268 @   3112 d -> ok lintwin tank 794.3 (+8.2) miss 69 km (1.8 s)
[11:30:54]     settle 19: 188 @   2949 d -> ok lintwin tank 947.4 (+71.7) miss 31 km (4.5 s)
[11:30:54]     settle 19: 268 @   3115 d -> ok lintwin tank 801.4 (+11.4) miss 76 km (1.2 s)
[11:30:55]     settle 22:   9 @   3202 d -> ok lintwin tank 873.2 (+1.4) miss 72 km (1.1 s)
[11:30:55]     settle 18: 223 @   2836 d -> ok lintwin tank 803.5 (+17.4) miss 70 km (2.3 s)
[11:30:55]     settle 18: 260 @   2931 d -> ok lintwin tank 790.0 (+6.2) miss 72 km (0.4 s)
[11:30:55]     settle 21: 158 @   3015 d -> ok lintwin tank 815.4 (+3.2) miss 68 km (3.6 s)
[11:30:56]     settle 20:   3 @   3072 d -> ok lintwin tank 787.1 (+1.0) miss 65 km (1.7 s)
[11:30:56]     settle 18:  13 @   2946 d -> ok lam tank 820.5 (+45.6) miss 1 km (4.2 s)
[11:30:57]     settle 19: 137 @   3002 d -> ok lintwin tank 848.0 (+36.6) miss 36 km (1.4 s)
[11:30:57]     settle 19: 268 @   3109 d -> ok lintwin tank 801.4 (+11.4) miss 67 km (1.8 s)
[11:30:58]     settle 19:   3 @   3076 d -> ok lintwin tank 810.0 (+6.4) miss 37 km (2.4 s)
[11:30:59]     settle 20: 107 @   3232 d -> ok lintwin tank 851.7 (+3.7) miss 68 km (2.1 s)
[11:30:59]     settle 21: 180 @   3032 d -> ok lintwin tank 825.0 (+12.8) miss 71 km (3.0 s)
[11:30:59]     settle 19: 255 @   2928 d -> ok lintwin tank 833.5 (+61.0) miss 61 km (2.8 s)
[11:31:00]     settle 20: 227 @   2878 d -> ok lintwin tank 1027.0 (+192.0) miss 41 km (4.8 s)
[11:31:00]     settle 20:  72 @   3205 d -> ok lintwin tank 821.0 (+11.0) miss 41 km (2.8 s)
[11:31:01]     settle 20:  16 @   3238 d -> ok lintwin tank 810.2 (+8.7) miss 75 km (3.7 s)
[11:31:02]     settle 20:  79 @   3222 d -> ok lintwin tank 860.7 (+12.7) miss 78 km (2.5 s)
[11:31:03]     settle 21: 240 @   3210 d -> ok lintwin tank 827.4 (+5.8) miss 72 km (3.3 s)
[11:31:03]     settle 18: 154 @   2994 d -> ok lintwin tank 819.1 (+44.1) miss 69 km (5.0 s)
[11:31:04]     settle 19: 183 @   2985 d -> ok lintwin tank 821.9 (+18.4) miss 56 km (2.9 s)
[11:31:04]     settle 20: 210 @   3076 d -> ok lintwin tank 856.7 (+23.2) miss 77 km (5.1 s)
[11:31:04]     settle 20:  16 @   3235 d -> ok lintwin tank 799.9 (+11.4) miss 67 km (3.2 s)
[11:31:05] RESULT s05_c2: 16 columns; frontier 1fb 4 kg p1/3 | 2fb 14 kg p0/3 | 3fb 23 kg p1/3 | 4fb 42 kg p1/1; settles 22 (22 ok), regrids 16 (16 ok); wall 116 s of 300 (plan 62, price 1, settle 54; budget hit None, 0 unsettled)
[11:31:06]   job s05_c2 craft columns  16  levels 9  settles 22/22  end plan_done  wall 115.7 s
[11:31:06]     settle 22: 157 @   3240 d -> ok lintwin tank 831.9 (+6.9) miss 82 km (2.5 s)
[11:31:06]     settle 20:  89 @   3029 d -> ok lintwin tank 824.8 (+2.9) miss 81 km (1.9 s)
[11:31:07]     settle 20:  75 @   3188 d -> ok lintwin tank 1073.3 (+125.8) miss 0 km (5.1 s)
[11:31:08]   1 candidates dropped (settle failure / regrid failure / duplicate after truncation)
[11:31:08] RESULT s05_c3: 15 columns; frontier 1fb 11 kg p0/3 | 2fb 55 kg p0/2 | 3fb 55 kg p0/2; settles 18 (18 ok), regrids 15 (15 ok); wall 118 s of 300 (plan 58, price 1, settle 60; budget hit None, 0 unsettled)
[11:31:08]   job s05_c3 craft columns  15  levels 8  settles 18/18  end plan_done  wall 118.2 s
[11:31:09]     settle 18: 206 @   3146 d -> ok lintwin tank 805.9 (+31.0) miss 76 km (5.1 s)
[11:31:09]     settle 21: 206 @   3159 d -> ok lintwin tank 904.0 (+47.3) miss 1 km (4.3 s)
[11:31:09]     settle 19:  89 @   3036 d -> ok lintwin tank 797.6 (+4.0) miss 57 km (2.7 s)
[11:31:09]     settle 20:  13 @   2922 d -> ok lintwin tank 857.7 (+47.8) miss 69 km (3.2 s)
[11:31:11]     settle 20:  82 @   3203 d -> ok lintwin tank 823.0 (+25.4) miss 58 km (2.5 s)
[11:31:12]     settle 21: 128 @   3127 d -> ok lintwin tank 866.7 (+9.0) miss 73 km (3.1 s)
[11:31:14]     settle 20: 103 @   3048 d -> ok lintwin tank 873.2 (+39.7) miss 44 km (4.5 s)
[11:31:14]     settle 21: 232 @   3220 d -> ok lintwin tank 840.7 (+15.9) miss 77 km (2.4 s)
[11:31:15]     settle 18: 140 @   2979 d -> ok lintwin tank 791.1 (+16.2) miss 1 km (5.5 s)
[11:31:16]     settle 22: 259 @   3210 d -> ok lintwin tank 892.4 (+25.7) miss 74 km (3.6 s)
[11:31:17]     settle 21:  72 @   3210 d -> ok lintwin tank 844.8 (+20.0) miss 74 km (2.0 s)
[11:31:17] RESULT s05_c6: 16 columns; frontier 1fb 4 kg p1/2 | 2fb 12 kg p2/2 | 3fb 35 kg p1/1 | 4fb 54 kg p1/1; settles 20 (20 ok), regrids 16 (16 ok); wall 128 s of 300 (plan 71, price 1, settle 57; budget hit None, 0 unsettled)
[11:31:18]   job s05_c6 craft columns  16  levels 10  settles 20/20  end plan_done  wall 127.6 s
[11:31:19]     settle 21: 206 @   3155 d -> ok lintwin tank 900.4 (+27.2) miss 0 km (5.0 s)
[11:31:19] RESULT s05_c4: 16 columns; frontier 1fb 6 kg p2/2 | 2fb 12 kg p0/2 | 3fb 128 kg p0/0; settles 19 (19 ok), regrids 16 (16 ok); wall 130 s of 300 (plan 62, price 1, settle 68; budget hit None, 0 unsettled)
[11:31:19]     settle 19: 283 @   3107 d -> ok lintwin tank 800.4 (+9.3) miss 2 km (4.6 s)
[11:31:20]   job s05_c4 craft columns  16  levels 10  settles 19/19  end plan_done  wall 129.8 s
[11:31:20]     settle 21:  20 @   2989 d -> ok lintwin tank 882.5 (+10.5) miss 81 km (3.0 s)
[11:31:23]     settle 22: 206 @   3220 d -> ok lintwin tank 887.1 (+4.6) miss 75 km (2.8 s)
[11:31:24] RESULT s05_c7: 16 columns; frontier 1fb 2 kg p2/2 | 2fb 5 kg p0/2 | 3fb 22 kg p2/2; settles 19 (19 ok), regrids 16 (16 ok); wall 135 s of 300 (plan 66, price 1, settle 68; budget hit None, 0 unsettled)
[11:31:26]   job s05_c7 craft columns  16  levels 11  settles 19/19  end plan_done  wall 134.5 s
[11:31:29]     settle 19: 107 @   3194 d -> ok lintwin tank 799.6 (+8.5) miss 2 km (5.3 s)
[11:31:30]     settle 21:  80 @   3019 d -> FAIL [('lam', 44275176.0)] (29.4 s)
[11:31:32]     settle 21: 180 @   3034 d -> ok lintwin tank 885.1 (+27.3) miss 74 km (1.8 s)
[11:31:34]     settle 22: 259 @   3217 d -> ok lintwin tank 911.5 (+26.4) miss 47 km (2.2 s)
[11:31:35] RESULT s05_c0: 16 columns; frontier 1fb 7 kg p0/2 | 2fb 22 kg p0/2 | 3fb 38 kg p0/1; settles 22 (20 ok), regrids 16 (16 ok); wall 145 s of 300 (plan 61, price 1, settle 84; budget hit None, 0 unsettled)
[11:31:36]   job s05_c0 craft columns  16  levels 8  settles 20/22  end plan_done  wall 145.4 s
[11:31:36]     settle 19: 232 @   3214 d -> ok lintwin tank 1014.4 (+207.3) miss 46 km (3.9 s)
[11:31:48]     settle 19: 206 @   3162 d -> ok lintwin tank 817.8 (+25.6) miss 3 km (4.5 s)
[11:31:59]     settle 19: 220 @   3134 d -> ok lintwin tank 919.7 (+98.6) miss 1 km (6.9 s)
[11:32:04]     settle 20: 107 @   3188 d -> ok lintwin tank 1054.7 (+135.0) miss 9 km (5.3 s)
[11:32:06] RESULT s05_c1: 16 columns; frontier 1fb 0 kg p1/2 | 2fb 20 kg p2/2 | 3fb 278 kg p1/1; settles 18 (18 ok), regrids 16 (16 ok); wall 176 s of 300 (plan 54, price 1, settle 122; budget hit None, 0 unsettled)
[11:32:08]   job s05_c1 craft columns  16  levels 8  settles 18/18  end plan_done  wall 176.4 s
[11:32:08] [slice 5] propose: 126 columns (0 bad dropped) in 178.4 s
[11:32:08] [slice 5] auction: 126 columns, kept 122, dropped {'fuel': 1, 'ramp': 3}; lam 1.00 H_eff 540 d fuel budget 482 kg quota on
[11:32:08] [slice 5] auction: status optimal objective 31.369 vars 122 rows 61 chosen 8 fuel 286/482 kg (0.015 s)
[11:32:10] [slice 5] claims: c0:2 c1:2 c2:1 c5:3 c6:1 c7:1  (10 targets: 0 kept, 10 new; 10 released, 0 expired (ttl 2), 2 conflicts)
[11:32:10] [slice 5 T=2700 d] launched 8/8  covered 159  remaining 139  fuel 1733 kg  sumJi 9.4349  chosen: c0:2(+26) c1:2(+20) c2:4(+52) c3:3(+64) c4:2(+14) c5:2(+33) c6:4(+54) c7:3(+22)  rejected: -  (wall 180 s)
[11:32:10] [slice 6] claims in force: c0:2 c1:2 c2:1 c5:3 c6:1 c7:1  (10 targets; claim_bonus 0.5, ttl 2)
[11:32:10]   c0: claims: 2 own (prized +0.5), 8 claimed by others withheld
[11:32:10]   c1: claims: 2 own (prized +0.5), 8 claimed by others withheld
[11:32:10]   c2: claims: 1 own (prized +0.5), 9 claimed by others withheld
[11:32:10]   c3: claims: 0 own (prized +0.5), 10 claimed by others withheld
[11:32:10]   c4: claims: 0 own (prized +0.5), 10 claimed by others withheld
[11:32:10]   c5: claims: 3 own (prized +0.5), 7 claimed by others withheld
[11:32:10]   c6: claims: 1 own (prized +0.5), 9 claimed by others withheld
[11:32:10]   c7: claims: 1 own (prized +0.5), 9 claimed by others withheld
[11:32:10] [slice 6 T=3240 d] propose: 8 jobs (8 craft, 0 root) on 9 workers, proposer planbeam, H_eff 540 d, lam 1.0
[11:32:10] job s06_c0 (craft, craft 0, planbeam): T 3240 d H 540 L 360; plan horizon 4860 d; remaining 131; prize >1 on 96; width 150 npt 6 mc 150 dv 1.2 drmax 0.15 plan_wall 240 s; quota {'fil': 2, 'med': 12}
[11:32:10] job s06_c1 (craft, craft 1, planbeam): T 3240 d H 540 L 360; plan horizon 4860 d; remaining 131; prize >1 on 96; width 150 npt 6 mc 150 dv 1.2 drmax 0.15 plan_wall 240 s; quota {'fil': 6, 'med': 12}
[11:32:10] job s06_c2 (craft, craft 2, planbeam): T 3240 d H 540 L 360; plan horizon 4860 d; remaining 130; prize >1 on 95; width 150 npt 6 mc 150 dv 1.2 drmax 0.15 plan_wall 240 s; quota {'fil': 4, 'med': 14}
[11:32:10] job s06_c7 (craft, craft 7, planbeam): T 3240 d H 540 L 360; plan horizon 4860 d; remaining 130; prize >1 on 95; width 150 npt 6 mc 150 dv 1.2 drmax 0.15 plan_wall 240 s; quota {'fil': 2, 'med': 14}
[11:32:10] job s06_c6 (craft, craft 6, planbeam): T 3240 d H 540 L 360; plan horizon 4860 d; remaining 130; prize >1 on 95; width 150 npt 6 mc 150 dv 1.2 drmax 0.15 plan_wall 240 s; quota {'fil': 4, 'med': 13}
[11:32:10] job s06_c3 (craft, craft 3, planbeam): T 3240 d H 540 L 360; plan horizon 4860 d; remaining 129; prize >1 on 94; width 150 npt 6 mc 150 dv 1.2 drmax 0.15 plan_wall 240 s; quota {'fil': 5, 'med': 11}
[11:32:10] job s06_c5 (craft, craft 5, planbeam): T 3240 d H 540 L 360; plan horizon 4860 d; remaining 132; prize >1 on 97; width 150 npt 6 mc 150 dv 1.2 drmax 0.15 plan_wall 240 s; quota {'fil': 9, 'med': 10}
[11:32:10] job s06_c4 (craft, craft 4, planbeam): T 3240 d H 540 L 360; plan horizon 4860 d; remaining 129; prize >1 on 94; width 150 npt 6 mc 150 dv 1.2 drmax 0.15 plan_wall 240 s; quota {'fil': 4, 'med': 11}
[11:32:10] prefix slices/s06/in/craft_5.npz: 16 flybys, t_end 3203.9 d, tank 748.0 kg (planner view), miss 7.5 km, nreg 155
[11:32:10] budget: job_wall 300 s, 300 s left before the plan -> plan cap 210 s (plan_wall 240, settle_reserve 90)
[11:32:10] prefix slices/s06/in/craft_6.npz: 21 flybys, t_end 3219.5 d, tank 840.4 kg (planner view), miss 1.4 km, nreg 154
[11:32:10] budget: job_wall 300 s, 300 s left before the plan -> plan cap 210 s (plan_wall 240, settle_reserve 90)
[11:32:10] prefix slices/s06/in/craft_2.npz: 20 flybys, t_end 3238.1 d, tank 809.8 kg (planner view), miss 6.1 km, nreg 161
[11:32:10] budget: job_wall 300 s, 300 s left before the plan -> plan cap 210 s (plan_wall 240, settle_reserve 90)
[11:32:10] prefix slices/s06/in/craft_4.npz: 20 flybys, t_end 3071.8 d, tank 786.7 kg (planner view), miss 0.4 km, nreg 150
[11:32:10] budget: job_wall 300 s, 300 s left before the plan -> plan cap 210 s (plan_wall 240, settle_reserve 90)
[11:32:10] prefix slices/s06/in/craft_0.npz: 21 flybys, t_end 3152.1 d, tank 861.0 kg (planner view), miss 6.9 km, nreg 160
[11:32:10] budget: job_wall 300 s, 300 s left before the plan -> plan cap 210 s (plan_wall 240, settle_reserve 90)
[11:32:10] prefix slices/s06/in/craft_1.npz: 19 flybys, t_end 3194.9 d, tank 795.3 kg (planner view), miss 25.6 km, nreg 162
[11:32:10] budget: job_wall 300 s, 300 s left before the plan -> plan cap 210 s (plan_wall 240, settle_reserve 90)
[11:32:10] prefix slices/s06/in/craft_7.npz: 22 flybys, t_end 3239.4 d, tank 831.5 kg (planner view), miss 28.8 km, nreg 151
[11:32:10] budget: job_wall 300 s, 300 s left before the plan -> plan cap 210 s (plan_wall 240, settle_reserve 90)
[11:32:10] prefix slices/s06/in/craft_3.npz: 20 flybys, t_end 3212.4 d, tank 860.2 kg (planner view), miss 1.3 km, nreg 160
[11:32:10] budget: job_wall 300 s, 300 s left before the plan -> plan cap 210 s (plan_wall 240, settle_reserve 90)
[11:32:26] first level (both): 0 production + 52 relaxed (dv 2.5, 0.3 AU; 0.1 s) + 52 lintwin children -> 74 unique (16.6 s)
[11:32:26] plan start: prefix 16 flybys, t_end 3203.9 d, planner mass 1286.6 kg (dv 8.551 km/s); 74 first-level states
[11:32:27] first level (both): 0 production + 44 relaxed (dv 2.5, 0.3 AU; 0.1 s) + 41 lintwin children -> 60 unique (16.8 s)
[11:32:27] plan start: prefix 21 flybys, t_end 3219.5 d, planner mass 1145.2 kg (dv 13.119 km/s); 60 first-level states
[11:32:27] first level (both): 0 production + 41 relaxed (dv 2.5, 0.3 AU; 0.1 s) + 31 lintwin children -> 48 unique (16.9 s)
[11:32:27] plan start: prefix 20 flybys, t_end 3238.1 d, planner mass 1188.4 kg (dv 11.666 km/s); 48 first-level states
[11:32:27] first level (both): 0 production + 22 relaxed (dv 2.5, 0.3 AU; 0.1 s) + 21 lintwin children -> 33 unique (17.0 s)
[11:32:27] plan start: prefix 20 flybys, t_end 3212.4 d, planner mass 1118.8 kg (dv 14.034 km/s); 33 first-level states
[11:32:28] first level (both): 0 production + 18 relaxed (dv 2.5, 0.3 AU; 0.1 s) + 34 lintwin children -> 46 unique (17.8 s)
[11:32:28] plan start: prefix 20 flybys, t_end 3071.8 d, planner mass 1223.3 kg (dv 10.531 km/s); 46 first-level states
[11:32:28] first level (both): 0 production + 39 relaxed (dv 2.5, 0.3 AU; 0.1 s) + 35 lintwin children -> 61 unique (18.0 s)
[11:32:28] plan start: prefix 22 flybys, t_end 3239.4 d, planner mass 1157.5 kg (dv 12.701 km/s); 61 first-level states
[11:32:28] first level (both): 0 production + 64 relaxed (dv 2.5, 0.3 AU; 0.1 s) + 48 lintwin children -> 83 unique (18.5 s)
[11:32:28] plan start: prefix 21 flybys, t_end 3152.1 d, planner mass 1117.8 kg (dv 14.069 km/s); 83 first-level states
[11:32:29] first level (both): 0 production + 31 relaxed (dv 2.5, 0.3 AU; 0.0 s) + 38 lintwin children -> 54 unique (18.8 s)
[11:32:29] plan start: prefix 19 flybys, t_end 3194.9 d, planner mass 1210.1 kg (dv 10.957 km/s); 54 first-level states
[11:32:56] plan: 718 states, depth 8 new flybys, end plan_done (46 s); deepest 8 new to 4812 d at planner fuel 633 kg
[11:32:56]   depth  1:   33 states (33 in H), t_end 3329-3752 d, fuel 497-562 kg
[11:32:56]   depth  2:   91 states (33 in H), t_end 3549-4259 d, fuel 513-593 kg
[11:32:56]   depth  3:  150 states (6 in H), t_end 3675-4563 d, fuel 529-618 kg
[11:32:56]   depth  4:  150 states (0 in H), t_end 3958-4792 d, fuel 535-650 kg
[11:32:56]   depth  5:  150 states (0 in H), t_end 4114-4848 d, fuel 564-644 kg
[11:32:56]   depth  6:  112 states (0 in H), t_end 4350-4836 d, fuel 595-670 kg
[11:32:56]   depth  7:   24 states (0 in H), t_end 4550-4859 d, fuel 599-681 kg
[11:32:56]   depth  8:    8 states (0 in H), t_end 4804-4825 d, fuel 633-653 kg
[11:32:56] candidates: 46 distinct committed target sets (n_new 1-3, potential 0-3)
[11:32:56] frontier: 16 candidates chosen (n fb / committed planner kg / continuation (lookahead) [full]; pot_mode lookahead, pot_cap None): 1fb/497kg/p2(2)[2], 1fb/508kg/p0(0)[0], 1fb/520kg/p2(0)[2], 1fb/522kg/p2(1)[2], 1fb/533kg/p2(2)[2], 1fb/536kg/p3(2)[3], 1fb/536kg/p2(1)[2], 1fb/539kg/p2(1)[2], 1fb/542kg/p4(3)[4], 1fb/552kg/p2(2)[2], 2fb/520kg/p0(0)[0], 2fb/538kg/p1(1)[1], 2fb/556kg/p3(3)[3], 3fb/580kg/p0(0)[0], 3fb/582kg/p0(0)[0], 3fb/585kg/p0(0)[0]
[11:32:56] budget: 254 s of 300 left for the settles + regrids (settle_wall 480)
[11:32:58] plan: 748 states, depth 8 new flybys, end plan_done (48 s); deepest 8 new to 4822 d at planner fuel 625 kg
[11:32:58]   depth  1:   54 states (49 in H), t_end 3346-3886 d, fuel 413-477 kg
[11:32:58]   depth  2:  150 states (21 in H), t_end 3495-4316 d, fuel 436-509 kg
[11:32:58]   depth  3:  150 states (1 in H), t_end 3746-4606 d, fuel 450-539 kg
[11:32:58]   depth  4:  150 states (0 in H), t_end 4004-4804 d, fuel 477-573 kg
[11:32:58]   depth  5:  150 states (0 in H), t_end 4250-4828 d, fuel 507-604 kg
[11:32:58]   depth  6:   71 states (0 in H), t_end 4363-4858 d, fuel 532-617 kg
[11:32:58]   depth  7:   22 states (0 in H), t_end 4497-4828 d, fuel 586-623 kg
[11:32:58]   depth  8:    1 states (0 in H), t_end 4822-4822 d, fuel 625-625 kg
[11:32:58] candidates: 41 distinct committed target sets (n_new 1-3, potential 0-3)
[11:32:58] frontier: 16 candidates chosen (n fb / committed planner kg / continuation (lookahead) [full]; pot_mode lookahead, pot_cap None): 1fb/413kg/p0(0)[0], 1fb/425kg/p1(0)[1], 1fb/429kg/p2(1)[2], 1fb/431kg/p1(1)[1], 1fb/435kg/p2(2)[2], 1fb/438kg/p2(2)[2], 1fb/442kg/p2(1)[2], 1fb/451kg/p2(2)[2], 1fb/452kg/p3(3)[3], 1fb/453kg/p3(2)[3], 1fb/455kg/p3(2)[3], 2fb/436kg/p1(1)[1], 2fb/449kg/p0(0)[0], 2fb/472kg/p2(2)[2], 2fb/509kg/p2(2)[2], 3fb/517kg/p0(0)[0]
[11:32:58] budget: 252 s of 300 left for the settles + regrids (settle_wall 480)
[11:32:59]     settle 21: 280 @   3629 d -> ok lintwin tank 867.6 (+7.3) miss 61 km (3.2 s)
[11:33:01] plan: 847 states, depth 9 new flybys, end plan_done (51 s); deepest 9 new to 4800 d at planner fuel 644 kg
[11:33:01]   depth  1:   48 states (44 in H), t_end 3284-3856 d, fuel 434-498 kg
[11:33:01]   depth  2:  150 states (39 in H), t_end 3403-4383 d, fuel 451-531 kg
[11:33:01]   depth  3:  150 states (5 in H), t_end 3715-4670 d, fuel 476-557 kg
[11:33:01]   depth  4:  150 states (0 in H), t_end 3968-4856 d, fuel 490-588 kg
[11:33:01]   depth  5:  150 states (0 in H), t_end 4116-4836 d, fuel 506-599 kg
[11:33:01]   depth  6:  150 states (0 in H), t_end 4275-4856 d, fuel 517-620 kg
[11:33:01]   depth  7:   41 states (0 in H), t_end 4505-4855 d, fuel 535-626 kg
[11:33:01]   depth  8:    5 states (0 in H), t_end 4668-4805 d, fuel 617-639 kg
[11:33:01]   depth  9:    3 states (0 in H), t_end 4793-4800 d, fuel 644-654 kg
[11:33:01] candidates: 49 distinct committed target sets (n_new 1-3, potential 0-3)
[11:33:01] frontier: 16 candidates chosen (n fb / committed planner kg / continuation (lookahead) [full]; pot_mode lookahead, pot_cap None): 1fb/434kg/p2(2)[2], 1fb/441kg/p2(2)[2], 1fb/442kg/p2(1)[2], 1fb/443kg/p2(1)[2], 1fb/448kg/p2(1)[2], 1fb/457kg/p2(1)[2], 1fb/466kg/p2(2)[2], 1fb/471kg/p3(3)[3], 1fb/487kg/p4(3)[4], 1fb/488kg/p3(1)[3], 2fb/467kg/p0(0)[0], 2fb/469kg/p1(1)[1], 2fb/506kg/p3(3)[3], 3fb/495kg/p1(1)[1], 3fb/513kg/p0(0)[0], 3fb/556kg/p0(0)[0]
[11:33:01] budget: 249 s of 300 left for the settles + regrids (settle_wall 480)
[11:33:01]     settle 20:  24 @   3459 d -> ok lintwin tank 805.6 (+10.3) miss 71 km (3.6 s)
[11:33:02] plan: 870 states, depth 8 new flybys, end plan_done (52 s); deepest 8 new to 4858 d at planner fuel 601 kg
[11:33:02]   depth  1:   46 states (43 in H), t_end 3254-3882 d, fuel 396-462 kg
[11:33:02]   depth  2:   94 states (42 in H), t_end 3467-4217 d, fuel 413-496 kg
[11:33:02]   depth  3:  150 states (13 in H), t_end 3561-4603 d, fuel 430-521 kg
[11:33:02]   depth  4:  150 states (0 in H), t_end 3927-4793 d, fuel 442-550 kg
[11:33:02]   depth  5:  150 states (0 in H), t_end 4037-4860 d, fuel 469-581 kg
[11:33:02]   depth  6:  150 states (0 in H), t_end 4276-4859 d, fuel 492-602 kg
[11:33:02]   depth  7:  108 states (0 in H), t_end 4425-4860 d, fuel 516-632 kg
[11:33:02]   depth  8:   22 states (0 in H), t_end 4671-4858 d, fuel 601-644 kg
[11:33:02] candidates: 64 distinct committed target sets (n_new 1-3, potential 0-2)
[11:33:02] frontier: 16 candidates chosen (n fb / committed planner kg / continuation (lookahead) [full]; pot_mode lookahead, pot_cap None): 1fb/410kg/p2(1)[2], 1fb/410kg/p3(2)[3], 1fb/413kg/p3(2)[3], 1fb/424kg/p4(2)[4], 1fb/428kg/p3(2)[3], 1fb/428kg/p3(2)[3], 1fb/434kg/p4(2)[4], 1fb/441kg/p3(1)[3], 1fb/452kg/p3(2)[3], 1fb/458kg/p3(1)[3], 2fb/413kg/p1(1)[1], 2fb/416kg/p2(2)[2], 2fb/438kg/p3(2)[3], 3fb/471kg/p0(0)[0], 3fb/471kg/p2(2)[2], 3fb/479kg/p0(0)[0]
[11:33:02] budget: 248 s of 300 left for the settles + regrids (settle_wall 480)
[11:33:03] plan: 884 states, depth 9 new flybys, end plan_done (53 s); deepest 9 new to 4859 d at planner fuel 677 kg
[11:33:03]   depth  1:   60 states (50 in H), t_end 3389-3883 d, fuel 462-534 kg
[11:33:03]   depth  2:  150 states (39 in H), t_end 3583-4427 d, fuel 471-565 kg
[11:33:03]   depth  3:  150 states (0 in H), t_end 3844-4597 d, fuel 483-593 kg
[11:33:03]   depth  4:  150 states (0 in H), t_end 4122-4792 d, fuel 511-602 kg
[11:33:03]   depth  5:  150 states (0 in H), t_end 4314-4844 d, fuel 533-628 kg
[11:33:03]   depth  6:  150 states (0 in H), t_end 4424-4860 d, fuel 551-651 kg
[11:33:03]   depth  7:   62 states (0 in H), t_end 4538-4860 d, fuel 583-680 kg
[11:33:03]   depth  8:   11 states (0 in H), t_end 4737-4860 d, fuel 620-659 kg
[11:33:03]   depth  9:    1 states (0 in H), t_end 4859-4859 d, fuel 677-677 kg
[11:33:03] candidates: 53 distinct committed target sets (n_new 1-2, potential 0-2)
[11:33:03] frontier: 16 candidates chosen (n fb / committed planner kg / continuation (lookahead) [full]; pot_mode lookahead, pot_cap None): 1fb/462kg/p1(1)[1], 1fb/462kg/p3(2)[3], 1fb/463kg/p3(2)[3], 1fb/469kg/p2(2)[2], 1fb/475kg/p1(1)[1], 1fb/480kg/p1(1)[1], 1fb/496kg/p2(1)[2], 1fb/504kg/p2(2)[2], 1fb/506kg/p2(2)[2], 1fb/506kg/p2(2)[2], 1fb/526kg/p2(1)[2], 2fb/471kg/p1(1)[1], 2fb/478kg/p1(1)[1], 2fb/482kg/p2(2)[2], 2fb/484kg/p2(2)[2], 2fb/493kg/p2(2)[2]
[11:33:03] budget: 247 s of 300 left for the settles + regrids (settle_wall 480)
[11:33:04]     settle 21: 168 @   3519 d -> ok lintwin tank 822.7 (+12.9) miss 61 km (2.6 s)
[11:33:04]     settle 21:  70 @   3606 d -> ok lintwin tank 884.3 (+24.1) miss 65 km (4.4 s)
[11:33:04]     settle 21:  21 @   3574 d -> ok lintwin tank 807.9 (+21.1) miss 98 km (2.7 s)
[11:33:06] plan: 947 states, depth 9 new flybys, end plan_done (56 s); deepest 9 new to 4807 d at planner fuel 699 kg
[11:33:06]   depth  1:   61 states (52 in H), t_end 3289-3856 d, fuel 457-527 kg
[11:33:06]   depth  2:  141 states (45 in H), t_end 3408-4330 d, fuel 475-556 kg
[11:33:06]   depth  3:  150 states (12 in H), t_end 3660-4669 d, fuel 493-580 kg
[11:33:06]   depth  4:  150 states (1 in H), t_end 3779-4860 d, fuel 510-612 kg
[11:33:06]   depth  5:  150 states (0 in H), t_end 3984-4855 d, fuel 531-634 kg
[11:33:06]   depth  6:  150 states (0 in H), t_end 4185-4858 d, fuel 556-654 kg
[11:33:06]   depth  7:  106 states (0 in H), t_end 4315-4858 d, fuel 572-682 kg
[11:33:06]   depth  8:   34 states (0 in H), t_end 4450-4860 d, fuel 607-704 kg
[11:33:06]   depth  9:    5 states (0 in H), t_end 4616-4854 d, fuel 699-732 kg
[11:33:06] candidates: 53 distinct committed target sets (n_new 1-4, potential 0-3)
[11:33:06] frontier: 16 candidates chosen (n fb / committed planner kg / continuation (lookahead) [full]; pot_mode lookahead, pot_cap None): 1fb/457kg/p4(2)[4], 1fb/458kg/p2(1)[2], 1fb/461kg/p1(1)[1], 1fb/471kg/p2(2)[2], 1fb/472kg/p3(2)[3], 1fb/500kg/p3(2)[3], 1fb/501kg/p3(2)[3], 1fb/507kg/p4(2)[4], 2fb/475kg/p0(0)[0], 2fb/476kg/p3(2)[3], 2fb/485kg/p0(0)[0], 2fb/490kg/p3(3)[3], 3fb/505kg/p2(2)[2], 3fb/508kg/p1(1)[1], 3fb/519kg/p0(0)[0], 4fb/565kg/p1(1)[1]
[11:33:06] budget: 244 s of 300 left for the settles + regrids (settle_wall 480)
[11:33:06]     settle 22: 275 @   3717 d -> ok lintwin tank 846.0 (+5.6) miss 78 km (3.6 s)
[11:33:08]     settle 21: 219 @   3493 d -> ok lintwin tank 799.3 (+12.5) miss 67 km (2.6 s)
[11:33:08]     settle 23: 256 @   3305 d -> ok lintwin tank 835.8 (+4.4) miss 64 km (2.3 s)
[11:33:09] plan: 969 states, depth 8 new flybys, end plan_done (59 s); deepest 8 new to 4796 d at planner fuel 638 kg
[11:33:09]   depth  1:   83 states (72 in H), t_end 3282-3921 d, fuel 493-564 kg
[11:33:09]   depth  2:  150 states (82 in H), t_end 3420-4368 d, fuel 500-593 kg
[11:33:09]   depth  3:  150 states (15 in H), t_end 3582-4454 d, fuel 517-607 kg
[11:33:09]   depth  4:  150 states (0 in H), t_end 3815-4798 d, fuel 530-637 kg
[11:33:09]   depth  5:  150 states (0 in H), t_end 3949-4835 d, fuel 550-624 kg
[11:33:09]   depth  6:  150 states (0 in H), t_end 4170-4847 d, fuel 561-654 kg
[11:33:09]   depth  7:  122 states (0 in H), t_end 4428-4859 d, fuel 594-682 kg
[11:33:09]   depth  8:   14 states (0 in H), t_end 4688-4856 d, fuel 638-697 kg
[11:33:09] candidates: 87 distinct committed target sets (n_new 1-3, potential 0-3)
[11:33:09] frontier: 16 candidates chosen (n fb / committed planner kg / continuation (lookahead) [full]; pot_mode lookahead, pot_cap None): 1fb/495kg/p1(0)[1], 1fb/496kg/p0(0)[0], 1fb/498kg/p1(1)[1], 1fb/507kg/p2(2)[2], 1fb/514kg/p4(2)[4], 1fb/516kg/p2(1)[2], 1fb/517kg/p4(3)[4], 1fb/527kg/p3(1)[3], 1fb/539kg/p3(2)[3], 1fb/550kg/p2(1)[2], 2fb/511kg/p2(2)[2], 2fb/512kg/p2(2)[2], 2fb/535kg/p3(2)[3], 3fb/530kg/p0(0)[0], 3fb/544kg/p1(1)[1], 3fb/567kg/p2(2)[2]
[11:33:09] budget: 241 s of 300 left for the settles + regrids (settle_wall 480)
[11:33:09]     settle 21:  55 @   3367 d -> ok lintwin tank 886.1 (+25.9) miss 81 km (4.2 s)
[11:33:09]     settle 20:  34 @   3471 d -> ok lintwin tank 819.8 (+24.5) miss 69 km (6.5 s)
[11:33:09] plan: 1070 states, depth 9 new flybys, end plan_done (59 s); deepest 9 new to 4728 d at planner fuel 507 kg
[11:33:09]   depth  1:   74 states (63 in H), t_end 3266-3924 d, fuel 324-407 kg
[11:33:09]   depth  2:  150 states (67 in H), t_end 3402-4334 d, fuel 335-442 kg
[11:33:09]   depth  3:  150 states (23 in H), t_end 3477-4724 d, fuel 354-477 kg
[11:33:09]   depth  4:  150 states (5 in H), t_end 3627-4775 d, fuel 376-502 kg
[11:33:09]   depth  5:  150 states (1 in H), t_end 3776-4843 d, fuel 413-531 kg
[11:33:09]   depth  6:  150 states (0 in H), t_end 3991-4840 d, fuel 431-558 kg
[11:33:09]   depth  7:  150 states (0 in H), t_end 4202-4860 d, fuel 443-565 kg
[11:33:09]   depth  8:   80 states (0 in H), t_end 4452-4857 d, fuel 481-585 kg
[11:33:09]   depth  9:   16 states (0 in H), t_end 4724-4846 d, fuel 507-600 kg
[11:33:09] candidates: 104 distinct committed target sets (n_new 1-5, potential 0-3)
[11:33:09] frontier: 16 candidates chosen (n fb / committed planner kg / continuation (lookahead) [full]; pot_mode lookahead, pot_cap None): 1fb/324kg/p4(2)[4], 1fb/324kg/p5(2)[5], 1fb/327kg/p2(2)[2], 1fb/342kg/p3(2)[3], 1fb/351kg/p5(2)[5], 2fb/335kg/p0(0)[0], 2fb/347kg/p1(0)[1], 2fb/353kg/p4(2)[4], 2fb/359kg/p3(2)[3], 3fb/369kg/p0(0)[0], 3fb/372kg/p0(0)[0], 3fb/393kg/p3(2)[3], 4fb/417kg/p2(2)[2], 4fb/422kg/p0(0)[0], 4fb/428kg/p1(0)[1], 5fb/460kg/p0(0)[0]
[11:33:09] budget: 241 s of 300 left for the settles + regrids (settle_wall 480)
[11:33:10]     settle 21:  17 @   3744 d -> ok lintwin tank 836.8 (+26.9) miss 77 km (5.1 s)
[11:33:10]     settle 22: 246 @   3399 d -> ok lintwin tank 844.7 (+4.4) miss 73 km (2.8 s)
[11:33:10]     settle 21: 208 @   3502 d -> ok lintwin tank 797.0 (+10.3) miss 33 km (1.7 s)
[11:33:11]     settle 17: 291 @   3404 d -> ok lintwin tank 753.0 (+5.0) miss 42 km (2.1 s)
[11:33:11]     settle 22: 239 @   3351 d -> ok lintwin tank 866.9 (+5.9) miss 64 km (2.7 s)
[11:33:13]     settle 23:  91 @   3559 d -> ok lintwin tank 839.2 (+7.7) miss 70 km (4.2 s)
[11:33:13]     settle 22: 213 @   3415 d -> ok lintwin tank 844.7 (+4.3) miss 72 km (2.6 s)
[11:33:14]     settle 17:   9 @   3333 d -> ok lintwin tank 753.4 (+5.4) miss 30 km (1.9 s)
[11:33:14]     settle 21: 249 @   3433 d -> ok lintwin tank 821.8 (+12.0) miss 18 km (3.0 s)
[11:33:14]     settle 21:  77 @   3459 d -> ok lintwin tank 888.3 (+28.1) miss 69 km (3.8 s)
[11:33:15]     settle 20: 147 @   3563 d -> ok lintwin tank 811.0 (+15.7) miss 60 km (5.5 s)
[11:33:15]     settle 22:  35 @   3728 d -> ok lintwin tank 866.1 (+5.1) miss 24 km (3.5 s)
[11:33:16]     settle 22: 147 @   3564 d -> ok lintwin tank 847.8 (+7.4) miss 76 km (2.2 s)
[11:33:16]     settle 17: 185 @   3504 d -> ok lintwin tank 755.0 (+6.9) miss 15 km (1.9 s)
[11:33:17]     settle 23: 154 @   3679 d -> ok lintwin tank 845.8 (+14.3) miss 71 km (3.3 s)
[11:33:17]     settle 21: 202 @   3507 d -> ok lintwin tank 830.7 (+20.9) miss 77 km (2.1 s)
[11:33:17]     settle 21:  70 @   3563 d -> ok lintwin tank 851.5 (+64.8) miss 0 km (7.0 s)
[11:33:18]     settle 22: 142 @   3759 d -> ok lintwin tank 846.6 (+6.2) miss 74 km (1.9 s)
[11:33:19]     settle 22:   6 @   3586 d -> ok lintwin tank 873.7 (+12.7) miss 69 km (2.8 s)
[11:33:19]     settle 21:  17 @   3752 d -> ok lintwin tank 871.8 (+11.6) miss 67 km (3.9 s)
[11:33:19]     settle 17: 221 @   3457 d -> ok lintwin tank 776.6 (+28.6) miss 76 km (2.6 s)
[11:33:20]     settle 21: 168 @   3520 d -> ok lintwin tank 811.7 (+25.0) miss 65 km (1.5 s)
[11:33:20]     settle 20: 241 @   3346 d -> ok lintwin tank 817.3 (+22.0) miss 60 km (4.0 s)
[11:33:21]     settle 21: 219 @   3492 d -> ok lintwin tank 832.3 (+22.4) miss 81 km (3.2 s)
[11:33:21]     settle 23: 138 @   3614 d -> ok lintwin tank 841.7 (+10.2) miss 72 km (3.2 s)
[11:33:22]     settle 22:  27 @   3621 d -> ok lintwin tank 855.0 (+14.6) miss 80 km (3.6 s)
[11:33:22]     settle 21: 208 @   3565 d -> ok lintwin tank 894.8 (+34.6) miss 60 km (2.6 s)
[11:33:22]     settle 17: 197 @   3352 d -> ok lintwin tank 773.2 (+25.2) miss 5 km (2.6 s)
[11:33:22]     settle 22: 101 @   3581 d -> ok lintwin tank 881.5 (+20.5) miss 66 km (2.9 s)
[11:33:24]     settle 21: 143 @   3394 d -> ok lintwin tank 848.7 (+38.8) miss 77 km (3.0 s)
[11:33:24]     settle 23:  33 @   3545 d -> ok lintwin tank 848.6 (+17.1) miss 74 km (2.9 s)
[11:33:25]     settle 17: 163 @   3362 d -> ok lintwin tank 756.6 (+8.5) miss 77 km (2.1 s)
[11:33:25]     settle 18: 185 @   3505 d -> ok lintwin tank 758.0 (+1.4) miss 26 km (0.4 s)
[11:33:25]     settle 22:  93 @   3452 d -> ok lintwin tank 858.0 (+17.6) miss 80 km (2.5 s)
[11:33:25]     settle 22: 109 @   3282 d -> ok lintwin tank 891.2 (+30.2) miss 79 km (2.6 s)
[11:33:27]     settle 20: 171 @   3493 d -> ok lintwin tank 817.8 (+22.5) miss 95 km (6.5 s)
[11:33:27]     settle 21: 143 @   3392 d -> ok lintwin tank 840.5 (+53.7) miss 82 km (6.7 s)
[11:33:27]     settle 18:  74 @   3481 d -> ok lintwin tank 758.2 (+4.9) miss 81 km (1.8 s)
[11:33:28]     settle 21: 213 @   3552 d -> ok lintwin tank 906.4 (+46.2) miss 74 km (5.3 s)
[11:33:28]     settle 21: 255 @   3262 d -> ok lintwin tank 807.1 (+20.4) miss 37 km (0.8 s)
[11:33:29]     settle 22:  57 @   3318 d -> ok lintwin tank 881.5 (+20.5) miss 68 km (2.8 s)
[11:33:29]     settle 22:  33 @   3537 d -> ok lintwin tank 862.0 (+21.6) miss 68 km (3.4 s)
[11:33:29]     settle 18: 291 @   3402 d -> ok lintwin tank 760.4 (+7.0) miss 67 km (1.3 s)
[11:33:30]     settle 21: 267 @   3685 d -> ok lintwin tank 839.2 (+29.3) miss 21 km (5.1 s)
[11:33:30]     settle 18: 185 @   3502 d -> ok lintwin tank 755.5 (+2.5) miss 70 km (0.5 s)
[11:33:30]     settle 23: 235 @   3595 d -> ok lintwin tank 869.2 (+37.8) miss 74 km (5.7 s)
[11:33:31]     settle 21:  39 @   3520 d -> ok lintwin tank 894.3 (+34.1) miss 63 km (2.4 s)
[11:33:31]     settle 21: 229 @   3259 d -> ok lintwin tank 812.9 (+26.2) miss 82 km (2.0 s)
[11:33:32]     settle 22: 119 @   3407 d -> ok lintwin tank 869.6 (+8.6) miss 79 km (3.1 s)
[11:33:33]     settle 19: 218 @   3685 d -> ok lintwin tank 769.5 (+11.3) miss 77 km (2.1 s)
[11:33:34]     settle 20: 250 @   3636 d -> ok lintwin tank 827.0 (+31.7) miss 76 km (6.2 s)
[11:33:34]     settle 21:  14 @   3381 d -> ok lintwin tank 864.7 (+54.8) miss 65 km (3.9 s)
[11:33:35]     settle 22: 126 @   3679 d -> ok lintwin tank 875.5 (+35.1) miss 62 km (5.5 s)
[11:33:35]     settle 21:  34 @   3552 d -> ok lintwin tank 817.8 (+31.1) miss 1 km (3.5 s)
[11:33:35]     settle 21:  72 @   3329 d -> ok lintwin tank 918.2 (+58.0) miss 61 km (4.0 s)
[11:33:36]     settle 18: 185 @   3502 d -> ok lintwin tank 757.6 (+4.2) miss 78 km (2.2 s)
[11:33:36]     settle 22: 128 @   3392 d -> ok lintwin tank 881.1 (+20.2) miss 66 km (3.0 s)
[11:33:36]     settle 23: 103 @   3482 d -> ok lintwin tank 861.2 (+29.7) miss 80 km (5.1 s)
[11:33:38]     settle 19: 218 @   3685 d -> ok lintwin tank 768.9 (+11.3) miss 78 km (2.6 s)
[11:33:39]     settle 22: 235 @   3609 d -> ok lintwin tank 878.3 (+37.9) miss 58 km (3.3 s)
[11:33:39]     settle 21:  77 @   3421 d -> ok lintwin tank 810.6 (+23.9) miss 78 km (3.5 s)
[11:33:39]     settle 20:  33 @   3535 d -> ok lintwin tank 810.9 (+15.6) miss 74 km (5.1 s)
[11:33:39]     settle 21:  34 @   3498 d -> ok lintwin tank 855.0 (+45.1) miss 65 km (4.3 s)
[11:33:40]     settle 19: 185 @   3501 d -> ok lintwin tank 766.4 (+6.0) miss 93 km (1.5 s)
[11:33:40]     settle 21:  34 @   3577 d -> ok lintwin tank 905.5 (+45.2) miss 68 km (4.5 s)
[11:33:41]     settle 23: 128 @   3399 d -> ok lintwin tank 855.4 (+23.9) miss 66 km (3.2 s)
[11:33:41]     settle 22: 175 @   3407 d -> ok lintwin tank 883.7 (+22.7) miss 71 km (4.4 s)
[11:33:41]     settle 21:  24 @   3284 d -> ok lintwin tank 867.3 (+57.4) miss 1 km (1.2 s)
[11:33:43]     settle 22:  34 @   3511 d -> ok lintwin tank 905.1 (+64.7) miss 79 km (3.3 s)
[11:33:43]     settle 20: 218 @   3685 d -> ok lintwin tank 775.9 (+9.5) miss 99 km (2.0 s)
[11:33:43]     settle 21: 255 @   3300 d -> ok lintwin tank 806.7 (+20.0) miss 65 km (3.5 s)
[11:33:44]     settle 21: 172 @   3353 d -> ok lintwin tank 886.4 (+26.2) miss 60 km (2.7 s)
[11:33:44]     settle 21: 202 @   3513 d -> ok lintwin tank 830.7 (+20.9) miss 74 km (2.6 s)
[11:33:44]     settle 22: 280 @   3630 d -> ok lintwin tank 897.8 (+11.4) miss 29 km (0.7 s)
[11:33:46]     settle 23: 275 @   3717 d -> ok lintwin tank 847.0 (+2.3) miss 71 km (2.3 s)
[11:33:46]     settle 19: 247 @   3527 d -> ok lintwin tank 782.1 (+21.7) miss 71 km (2.7 s)
[11:33:47]     settle 22:  27 @   3620 d -> ok lintwin tank 826.4 (+19.7) miss 41 km (3.7 s)
[11:33:47]     settle 22: 287 @   3451 d -> ok lintwin tank 892.3 (+31.3) miss 84 km (5.3 s)
[11:33:47]     settle 20: 168 @   3510 d -> ok lintwin tank 827.3 (+32.0) miss 58 km (7.1 s)
[11:33:47]     settle 24: 138 @   3615 d -> ok lintwin tank 844.4 (+8.5) miss 1 km (6.0 s)
[11:33:48]     settle 22: 142 @   3766 d -> ok lintwin tank 844.9 (+14.2) miss 70 km (3.8 s)
[11:33:49]     settle 22: 103 @   3689 d -> ok lintwin tank 801.9 (+2.6) miss 65 km (1.1 s)
[11:33:49]     settle 22:  70 @   3597 d -> ok lintwin tank 908.7 (+22.5) miss 67 km (4.2 s)
[11:33:49]     settle 20: 267 @   3766 d -> ok lintwin tank 802.5 (+20.4) miss 81 km (3.3 s)
[11:33:50]     settle 22: 119 @   3412 d -> ok lintwin tank 869.6 (+8.6) miss 73 km (2.8 s)
[11:33:51]     settle 20: 136 @   3627 d -> ok lintwin tank 788.9 (+22.6) miss 60 km (1.0 s)
[11:33:51]     settle 21: 202 @   3503 d -> ok lintwin tank 830.8 (+21.0) miss 75 km (2.1 s)
[11:33:51]     settle 24:  91 @   3560 d -> ok lintwin tank 848.2 (+12.4) miss 82 km (2.9 s)
[11:33:51]     settle 23: 275 @   3719 d -> ok lintwin tank 849.2 (+4.5) miss 54 km (4.7 s)
[11:33:52]     settle 20:  43 @   3475 d -> ok lam tank 828.3 (+33.0) miss 2 km (3.7 s)
[11:33:52]     settle 21: 267 @   3776 d -> ok lintwin tank 806.4 (+17.4) miss 21 km (0.5 s)
[11:33:52] RESULT s06_c5: 16 columns; frontier 1fb 5 kg p2/2 | 2fb 7 kg p2/2 | 3fb 18 kg p2/2 | 4fb 28 kg p2/2 | 5fb 58 kg p0/0; settles 19 (19 ok), regrids 16 (16 ok); wall 102 s of 300 (plan 59, price 1, settle 43; budget hit None, 0 unsettled)
[11:33:53]     settle 23:  15 @   3635 d -> ok lintwin tank 872.5 (+3.0) miss 62 km (2.8 s)
[11:33:54]     settle 22: 267 @   3683 d -> ok lintwin tank 840.6 (+9.8) miss 73 km (2.4 s)
[11:33:54]     settle 22: 155 @   3668 d -> ok lintwin tank 1126.8 (+275.3) miss 58 km (4.5 s)
[11:33:54]   job s06_c5 craft columns  16  levels 9  settles 19/19  end plan_done  wall 102.4 s
[11:33:54]     settle 24: 142 @   3665 d -> ok lintwin tank 854.1 (+18.3) miss 77 km (2.5 s)
[11:33:56]     settle 22: 208 @   3549 d -> ok lintwin tank 956.3 (+38.1) miss 2 km (5.6 s)
[11:33:56]     settle 22: 250 @   3685 d -> ok lintwin tank 862.4 (+7.5) miss 63 km (1.6 s)
[11:33:56]     settle 22: 202 @   3516 d -> ok lintwin tank 822.0 (+15.3) miss 63 km (1.6 s)
[11:33:56]     settle 23: 142 @   3759 d -> ok lintwin tank 847.5 (+2.8) miss 44 km (4.5 s)
[11:33:57]     settle 23:  46 @   3589 d -> ok lintwin tank 880.8 (+11.2) miss 11 km (2.9 s)
[11:33:57]     settle 23: 267 @   3696 d -> ok lintwin tank 831.0 (+9.0) miss 46 km (1.3 s)
[11:33:58]     settle 24:  33 @   3548 d -> ok lintwin tank 857.3 (+21.5) miss 100 km (2.5 s)
[11:33:58]     settle 20: 208 @   3439 d -> ok lintwin tank 853.8 (+58.5) miss 65 km (5.6 s)
[11:33:58]     settle 22: 128 @   3667 d -> ok lintwin tank 867.5 (+2.8) miss 52 km (1.9 s)
[11:33:59]     settle 23: 119 @   3420 d -> ok lintwin tank 901.9 (+10.7) miss 76 km (1.4 s)
[11:34:00]     settle 22:  70 @   3600 d -> ok lintwin tank 906.8 (+20.7) miss 60 km (3.7 s)
[11:34:00]     settle 23:  27 @   3621 d -> ok lintwin tank 855.3 (+10.6) miss 84 km (3.5 s)
[11:34:01]     settle 23: 238 @   3777 d -> ok lintwin tank 871.5 (+4.1) miss 61 km (2.7 s)
[11:34:02]     settle 22: 119 @   3417 d -> ok lintwin tank 869.6 (+8.6) miss 86 km (2.5 s)
[11:34:02]     settle 23:  27 @   3620 d -> ok lintwin tank 860.1 (+15.4) miss 75 km (1.1 s)
[11:34:02]     settle 25: 142 @   3670 d -> ok lintwin tank 858.4 (+10.2) miss 70 km (4.0 s)
[11:34:02] RESULT s06_c6: 16 columns; frontier 1fb 4 kg p2/2 | 2fb 6 kg p1/2; settles 16 (16 ok), regrids 16 (16 ok); wall 113 s of 300 (plan 53, price 1, settle 60; budget hit None, 0 unsettled)
[11:34:03]     settle 23: 163 @   3744 d -> ok lintwin tank 944.9 (+38.1) miss 75 km (3.4 s)
[11:34:04]     settle 23: 142 @   3747 d -> ok lintwin tank 883.7 (+16.2) miss 83 km (2.1 s)
[11:34:04]   job s06_c6 craft columns  16  levels 9  settles 16/16  end plan_done  wall 112.5 s
[11:34:05]     settle 20: 269 @   3369 d -> ok lintwin tank 816.9 (+21.5) miss 3 km (6.6 s)
[11:34:05]     settle 23:   6 @   3584 d -> ok lintwin tank 876.9 (+7.3) miss 71 km (3.5 s)
[11:34:05]     settle 24:  91 @   3555 d -> ok lintwin tank 847.7 (+11.9) miss 80 km (2.7 s)
[11:34:07]     settle 22: 229 @   3403 d -> ok lintwin tank 873.7 (+6.5) miss 82 km (2.6 s)
[11:34:07]     settle 23: 163 @   3757 d -> FAIL [('lam', 20102756.4)] (9.6 s)
[11:34:08]     settle 24:  35 @   3728 d -> ok lintwin tank 886.5 (+9.6) miss 76 km (2.9 s)
[11:34:09]     settle 22:  49 @   3674 d -> ok lintwin tank 895.0 (+6.7) miss 60 km (4.8 s)
[11:34:09]     settle 23: 250 @   3765 d -> ok lintwin tank 913.5 (+18.5) miss 48 km (0.6 s)
[11:34:10]     settle 25: 109 @   3775 d -> ok lintwin tank 863.2 (+15.5) miss 63 km (4.6 s)
[11:34:10]     settle 21: 271 @   3256 d -> ok lintwin tank 811.3 (+24.6) miss 13 km (2.8 s)
[11:34:11]     settle 23: 245 @   3756 d -> ok lintwin tank 917.8 (+22.8) miss 86 km (0.6 s)
[11:34:11] RESULT s06_c3: 16 columns; frontier 1fb 7 kg p2/3 | 2fb 38 kg p0/3 | 3fb 53 kg p0/0; settles 19 (19 ok), regrids 16 (16 ok); wall 121 s of 300 (plan 46, price 1, settle 76; budget hit None, 0 unsettled)
[11:34:11]     settle 20: 269 @   3412 d -> ok lintwin tank 816.9 (+21.5) miss 64 km (5.4 s)
[11:34:12]     settle 23: 275 @   3715 d -> ok lintwin tank 891.3 (+17.6) miss 69 km (4.8 s)
[11:34:12]     settle 23:  46 @   3597 d -> ok lintwin tank 880.9 (+11.3) miss 77 km (3.2 s)
[11:34:12] RESULT s06_c2: 16 columns; frontier 1fb 12 kg p1/3 | 2fb 31 kg p1/3 | 3fb 61 kg p1/1; settles 20 (20 ok), regrids 16 (16 ok); wall 122 s of 300 (plan 51, price 1, settle 71; budget hit None, 0 unsettled)
[11:34:12]   job s06_c2 craft columns  16  levels 9  settles 20/20  end plan_done  wall 122.2 s
[11:34:12]   job s06_c3 craft columns  16  levels 8  settles 19/19  end plan_done  wall 121.3 s
[11:34:13]     settle 24: 128 @   3410 d -> ok lintwin tank 866.0 (+30.1) miss 65 km (1.8 s)
[11:34:15]     settle 24:  35 @   3730 d -> ok lintwin tank 897.4 (+16.5) miss 78 km (2.5 s)
[11:34:15]     settle 25: 142 @   3663 d -> ok lintwin tank 881.5 (+15.5) miss 52 km (2.2 s)
[11:34:15]     settle 22: 208 @   3476 d -> ok lintwin tank 826.1 (+14.8) miss 0 km (4.7 s)
[11:34:17]     settle 24: 101 @   3584 d -> ok lintwin tank 931.8 (+29.9) miss 81 km (1.8 s)
[11:34:17] RESULT s06_c0: 16 columns; frontier 1fb 5 kg p0/3 | 2fb 11 kg p2/2 | 3fb 25 kg p0/2; settles 20 (20 ok), regrids 16 (16 ok); wall 127 s of 300 (plan 59, price 1, settle 69; budget hit None, 0 unsettled)
[11:34:18]     settle 21: 283 @   3722 d -> ok lintwin tank 832.2 (+15.3) miss 63 km (6.8 s)
[11:34:18]   drift: leg 283@3722 d settled outside (T, T+H] -> column cut at 1
[11:34:18]   job s06_c0 craft columns  16  levels 8  settles 20/20  end plan_done  wall 127.4 s
[11:34:20]     settle 23: 103 @   3692 d -> ok lintwin tank 827.3 (+1.1) miss 75 km (4.6 s)
[11:34:20]     settle 25: 154 @   3679 d -> ok lintwin tank 889.8 (+23.8) miss 82 km (4.4 s)
[11:34:20]   1 candidates dropped (settle failure / regrid failure / duplicate after truncation)
[11:34:20] RESULT s06_c4: 15 columns; frontier 1fb 10 kg p2/2 | 2fb 15 kg p2/2 | 3fb 40 kg p0/0; settles 20 (19 ok), regrids 15 (15 ok); wall 130 s of 300 (plan 52, price 1, settle 79; budget hit None, 0 unsettled)
[11:34:22]   job s06_c4 craft columns  15  levels 8  settles 19/20  end plan_done  wall 130.4 s
[11:34:23]     settle 21: 283 @   3725 d -> ok lintwin tank 831.5 (+11.7) miss 2 km (5.2 s)
[11:34:23]     settle 26: 109 @   3779 d -> ok lintwin tank 900.4 (+10.6) miss 74 km (3.5 s)
[11:34:23]   drift: leg 109@3779 d settled outside (T, T+H] -> column cut at 3
[11:34:24] RESULT s06_c7: 16 columns; frontier 1fb 4 kg p2/2 | 2fb 12 kg p0/3 | 3fb 27 kg p2/2; settles 19 (19 ok), regrids 16 (16 ok); wall 134 s of 300 (plan 56, price 1, settle 78; budget hit None, 0 unsettled)
[11:34:24]   job s06_c7 craft columns  16  levels 9  settles 19/19  end plan_done  wall 134.0 s
[11:34:29]     settle 21: 280 @   3643 d -> ok lintwin tank 889.9 (+36.1) miss 62 km (4.5 s)
[11:34:32]     settle 20:  43 @   3470 d -> ok lam tank 828.1 (+32.8) miss 2 km (3.3 s)
[11:34:35]     settle 21:  21 @   3584 d -> ok lintwin tank 848.7 (+20.6) miss 63 km (2.3 s)
[11:34:39]     settle 21: 269 @   3587 d -> ok lintwin tank 891.9 (+38.1) miss 60 km (3.9 s)
[11:34:46]     settle 22:  17 @   3746 d -> ok lintwin tank 937.2 (+45.3) miss 5 km (6.3 s)
[11:34:46]   1 candidates dropped (settle failure / regrid failure / duplicate after truncation)
[11:34:46] RESULT s06_c1: 15 columns; frontier 1fb 10 kg p0/3 | 2fb 36 kg p0/2 | 3fb 142 kg p0/0; settles 19 (19 ok), regrids 15 (15 ok); wall 156 s of 300 (plan 48, price 1, settle 108; budget hit None, 0 unsettled)
[11:34:48]   job s06_c1 craft columns  15  levels 8  settles 19/19  end plan_done  wall 156.3 s
[11:34:48] [slice 6] propose: 126 columns (0 bad dropped) in 158.3 s
[11:34:48] [slice 6] auction: 126 columns, kept 125, dropped {'fuel': 1}; lam 1.00 H_eff 540 d fuel budget 482 kg quota on
[11:34:48] [slice 6] auction: status optimal objective 31.652 vars 125 rows 58 chosen 8 fuel 305/482 kg (0.008 s)
[11:34:50] [slice 6] claims: c0:1 c1:2 c5:1 c6:1 c7:2  (7 targets: 0 kept, 7 new; 10 released, 0 expired (ttl 2), 2 conflicts)
[11:34:50] [slice 6 T=3240 d] launched 8/8  covered 182  remaining 116  fuel 2037 kg  sumJi 9.7263  chosen: c0:3(+36) c1:2(+53) c2:3(+61) c3:3(+53) c4:3(+40) c5:4(+28) c6:2(+6) c7:3(+27)  rejected: -  (wall 160 s)
[11:34:50] [slice 7] claims in force: c0:1 c1:2 c5:1 c6:1 c7:2  (7 targets; claim_bonus 0.5, ttl 2)
[11:34:50]   c0: claims: 1 own (prized +0.5), 6 claimed by others withheld
[11:34:50]   c1: claims: 2 own (prized +0.5), 5 claimed by others withheld
[11:34:50]   c2: claims: 0 own (prized +0.5), 7 claimed by others withheld
[11:34:50]   c3: claims: 0 own (prized +0.5), 7 claimed by others withheld
[11:34:50]   c4: claims: 0 own (prized +0.5), 7 claimed by others withheld
[11:34:50]   c5: claims: 1 own (prized +0.5), 6 claimed by others withheld
[11:34:50]   c6: claims: 1 own (prized +0.5), 6 claimed by others withheld
[11:34:50]   c7: claims: 2 own (prized +0.5), 5 claimed by others withheld
[11:34:50] [slice 7 T=3780 d] propose: 8 jobs (8 craft, 0 root) on 9 workers, proposer planbeam, H_eff 540 d, lam 1.0
[11:34:50] job s07_c4 (craft, craft 4, planbeam): T 3780 d H 540 L 360; plan horizon 5400 d; remaining 109; prize >1 on 97; width 150 npt 6 mc 150 dv 1.2 drmax 0.15 plan_wall 240 s; quota None
[11:34:50] job s07_c2 (craft, craft 2, planbeam): T 3780 d H 540 L 360; plan horizon 5400 d; remaining 109; prize >1 on 97; width 150 npt 6 mc 150 dv 1.2 drmax 0.15 plan_wall 240 s; quota None
[11:34:50] job s07_c5 (craft, craft 5, planbeam): T 3780 d H 540 L 360; plan horizon 5400 d; remaining 110; prize >1 on 98; width 150 npt 6 mc 150 dv 1.2 drmax 0.15 plan_wall 240 s; quota None
[11:34:50] job s07_c3 (craft, craft 3, planbeam): T 3780 d H 540 L 360; plan horizon 5400 d; remaining 109; prize >1 on 97; width 150 npt 6 mc 150 dv 1.2 drmax 0.15 plan_wall 240 s; quota None
[11:34:50] job s07_c0 (craft, craft 0, planbeam): T 3780 d H 540 L 360; plan horizon 5400 d; remaining 110; prize >1 on 98; width 150 npt 6 mc 150 dv 1.2 drmax 0.15 plan_wall 240 s; quota None
[11:34:50] job s07_c6 (craft, craft 6, planbeam): T 3780 d H 540 L 360; plan horizon 5400 d; remaining 110; prize >1 on 98; width 150 npt 6 mc 150 dv 1.2 drmax 0.15 plan_wall 240 s; quota None
[11:34:50] job s07_c1 (craft, craft 1, planbeam): T 3780 d H 540 L 360; plan horizon 5400 d; remaining 111; prize >1 on 99; width 150 npt 6 mc 150 dv 1.2 drmax 0.15 plan_wall 240 s; quota None
[11:34:50] job s07_c7 (craft, craft 7, planbeam): T 3780 d H 540 L 360; plan horizon 5400 d; remaining 111; prize >1 on 99; width 150 npt 6 mc 150 dv 1.2 drmax 0.15 plan_wall 240 s; quota None
[11:34:50] prefix slices/s07/in/craft_5.npz: 20 flybys, t_end 3685.0 d, tank 775.6 kg (planner view), miss 1.9 km, nreg 179
[11:34:50] budget: job_wall 300 s, 300 s left before the plan -> plan cap 210 s (plan_wall 240, settle_reserve 90)
[11:34:50] prefix slices/s07/in/craft_6.npz: 23 flybys, t_end 3716.2 d, tank 846.6 kg (planner view), miss 4.8 km, nreg 179
[11:34:50] budget: job_wall 300 s, 300 s left before the plan -> plan cap 210 s (plan_wall 240, settle_reserve 90)
[11:34:50] prefix slices/s07/in/craft_2.npz: 23 flybys, t_end 3773.4 d, tank 871.2 kg (planner view), miss 4.4 km, nreg 188
[11:34:50] budget: job_wall 300 s, 300 s left before the plan -> plan cap 210 s (plan_wall 240, settle_reserve 90)
[11:34:50] prefix slices/s07/in/craft_0.npz: 24 flybys, t_end 3731.4 d, tank 896.9 kg (planner view), miss 7.0 km, nreg 189
[11:34:50] budget: job_wall 300 s, 300 s left before the plan -> plan cap 210 s (plan_wall 240, settle_reserve 90)
[11:34:50] prefix slices/s07/in/craft_1.npz: 21 flybys, t_end 3581.8 d, tank 848.7 kg (planner view), miss 1.2 km, nreg 182
[11:34:50] budget: job_wall 300 s, 300 s left before the plan -> plan cap 210 s (plan_wall 240, settle_reserve 90)
[11:34:50] prefix slices/s07/in/craft_4.npz: 23 flybys, t_end 3689.1 d, tank 826.8 kg (planner view), miss 0.9 km, nreg 181
[11:34:50] budget: job_wall 300 s, 300 s left before the plan -> plan cap 210 s (plan_wall 240, settle_reserve 90)
[11:34:50] prefix slices/s07/in/craft_3.npz: 23 flybys, t_end 3766.0 d, tank 913.4 kg (planner view), miss 6.6 km, nreg 187
[11:34:50] budget: job_wall 300 s, 300 s left before the plan -> plan cap 210 s (plan_wall 240, settle_reserve 90)
[11:34:50] prefix slices/s07/in/craft_7.npz: 25 flybys, t_end 3666.6 d, tank 858.0 kg (planner view), miss 99.8 km, nreg 173
[11:34:50] budget: job_wall 300 s, 300 s left before the plan -> plan cap 210 s (plan_wall 240, settle_reserve 90)
[11:35:10] first level (both): 0 production + 45 relaxed (dv 2.5, 0.3 AU; 0.1 s) + 33 lintwin children -> 53 unique (19.7 s)
[11:35:10] plan start: prefix 23 flybys, t_end 3716.2 d, planner mass 1136.7 kg (dv 13.409 km/s); 53 first-level states
[11:35:10] first level (both): 0 production + 23 relaxed (dv 2.5, 0.3 AU; 0.0 s) + 37 lintwin children -> 53 unique (19.8 s)
[11:35:10] plan start: prefix 20 flybys, t_end 3685.0 d, planner mass 1240.9 kg (dv 9.970 km/s); 53 first-level states
[11:35:10] first level (both): 0 production + 12 relaxed (dv 2.5, 0.3 AU; 0.0 s) + 21 lintwin children -> 26 unique (20.0 s)
[11:35:10] plan start: prefix 23 flybys, t_end 3766.0 d, planner mass 1053.7 kg (dv 16.386 km/s); 26 first-level states
[11:35:11] first level (both): 0 production + 22 relaxed (dv 2.5, 0.3 AU; 0.1 s) + 21 lintwin children -> 32 unique (20.3 s)
[11:35:11] plan start: prefix 23 flybys, t_end 3773.4 d, planner mass 1104.7 kg (dv 14.532 km/s); 32 first-level states
[11:35:11] first level (both): 0 production + 46 relaxed (dv 2.5, 0.3 AU; 0.1 s) + 28 lintwin children -> 49 unique (21.1 s)
[11:35:11] plan start: prefix 24 flybys, t_end 3731.4 d, planner mass 1073.0 kg (dv 15.672 km/s); 49 first-level states
[11:35:12] first level (both): 0 production + 5 relaxed (dv 2.5, 0.3 AU; 0.0 s) + 25 lintwin children -> 28 unique (21.3 s)
[11:35:12] plan start: prefix 23 flybys, t_end 3689.1 d, planner mass 1164.0 kg (dv 12.478 km/s); 28 first-level states
[11:35:12] first level (both): 0 production + 26 relaxed (dv 2.5, 0.3 AU; 0.0 s) + 22 lintwin children -> 44 unique (21.3 s)
[11:35:12] plan start: prefix 21 flybys, t_end 3581.8 d, planner mass 1134.0 kg (dv 13.505 km/s); 44 first-level states
[11:35:12] first level (both): 0 production + 14 relaxed (dv 2.5, 0.3 AU; 0.1 s) + 42 lintwin children -> 49 unique (21.6 s)
[11:35:12] plan start: prefix 25 flybys, t_end 3666.6 d, planner mass 1121.7 kg (dv 13.932 km/s); 49 first-level states
[11:35:17] plan: 137 states, depth 7 new flybys, end plan_done (26 s); deepest 7 new to 5263 d at planner fuel 669 kg
[11:35:17]   depth  1:   28 states (22 in H), t_end 3823-4400 d, fuel 441-517 kg
[11:35:17]   depth  2:   27 states (6 in H), t_end 3973-4925 d, fuel 461-549 kg
[11:35:17]   depth  3:   33 states (0 in H), t_end 4338-5265 d, fuel 494-568 kg
[11:35:17]   depth  4:   29 states (0 in H), t_end 4463-5319 d, fuel 502-594 kg
[11:35:17]   depth  5:   13 states (0 in H), t_end 4660-5296 d, fuel 526-624 kg
[11:35:17]   depth  6:    5 states (0 in H), t_end 4913-5338 d, fuel 578-650 kg
[11:35:17]   depth  7:    2 states (0 in H), t_end 5263-5273 d, fuel 669-672 kg
[11:35:17] candidates: 22 distinct committed target sets (n_new 1-2, potential 0-3)
[11:35:17] frontier: 16 candidates chosen (n fb / committed planner kg / continuation (lookahead) [full]; pot_mode lookahead, pot_cap None): 1fb/449kg/p0(0)[0], 1fb/452kg/p3(2)[3], 1fb/455kg/p0(0)[0], 1fb/459kg/p0(0)[0], 1fb/465kg/p1(0)[1], 1fb/469kg/p2(2)[2], 1fb/489kg/p0(0)[0], 1fb/489kg/p0(0)[0], 1fb/489kg/p0(0)[0], 1fb/502kg/p1(1)[1], 1fb/506kg/p2(2)[2], 1fb/517kg/p4(3)[4], 2fb/470kg/p2(2)[2], 2fb/490kg/p0(0)[0], 2fb/500kg/p1(1)[1], 2fb/544kg/p3(3)[3]
[11:35:17] budget: 274 s of 300 left for the settles + regrids (settle_wall 480)
[11:35:19]     settle 24: 300 @   4160 d -> ok lintwin tank 846.3 (+19.6) miss 47 km (2.5 s)
[11:35:21]     settle 24: 255 @   3959 d -> ok lintwin tank 830.5 (+3.7) miss 21 km (0.8 s)
[11:35:27]     settle 24: 225 @   4258 d -> ok lintwin tank 863.3 (+36.6) miss 65 km (5.8 s)
[11:35:28] plan: 608 states, depth 8 new flybys, end plan_done (38 s); deepest 8 new to 5351 d at planner fuel 694 kg
[11:35:28]   depth  1:   32 states (25 in H), t_end 3832-4414 d, fuel 518-571 kg
[11:35:28]   depth  2:   70 states (10 in H), t_end 4140-4954 d, fuel 534-596 kg
[11:35:28]   depth  3:  150 states (0 in H), t_end 4418-5317 d, fuel 539-623 kg
[11:35:28]   depth  4:  150 states (0 in H), t_end 4600-5381 d, fuel 582-653 kg
[11:35:28]   depth  5:  150 states (0 in H), t_end 4739-5398 d, fuel 599-684 kg
[11:35:28]   depth  6:   43 states (0 in H), t_end 4908-5395 d, fuel 622-682 kg
[11:35:28]   depth  7:   11 states (0 in H), t_end 5131-5342 d, fuel 668-700 kg
[11:35:28]   depth  8:    2 states (0 in H), t_end 5351-5351 d, fuel 694-713 kg
[11:35:28] candidates: 18 distinct committed target sets (n_new 1-2, potential 0-2)
[11:35:28] frontier: 16 candidates chosen (n fb / committed planner kg / continuation (lookahead) [full]; pot_mode lookahead, pot_cap None): 1fb/520kg/p2(1)[2], 1fb/528kg/p2(1)[2], 1fb/536kg/p2(2)[2], 1fb/548kg/p3(2)[3], 1fb/553kg/p1(1)[1], 1fb/555kg/p1(1)[1], 1fb/556kg/p2(1)[2], 1fb/556kg/p0(0)[0], 1fb/557kg/p2(1)[2], 1fb/564kg/p2(2)[2], 1fb/571kg/p1(1)[1], 2fb/547kg/p1(1)[1], 2fb/560kg/p1(1)[1], 2fb/562kg/p1(1)[1], 2fb/576kg/p2(2)[2], 2fb/577kg/p0(0)[0]
[11:35:28] budget: 262 s of 300 left for the settles + regrids (settle_wall 480)
[11:35:31] plan: 676 states, depth 8 new flybys, end plan_done (41 s); deepest 8 new to 5271 d at planner fuel 771 kg
[11:35:31]   depth  1:   26 states (18 in H), t_end 3906-4392 d, fuel 553-615 kg
[11:35:31]   depth  2:   45 states (15 in H), t_end 4071-4912 d, fuel 579-645 kg
[11:35:31]   depth  3:  108 states (0 in H), t_end 4330-5171 d, fuel 593-676 kg
[11:35:31]   depth  4:  150 states (0 in H), t_end 4433-5396 d, fuel 604-703 kg
[11:35:31]   depth  5:  150 states (0 in H), t_end 4552-5391 d, fuel 633-726 kg
[11:35:31]   depth  6:  150 states (0 in H), t_end 4797-5397 d, fuel 652-753 kg
[11:35:31]   depth  7:   41 states (0 in H), t_end 5121-5398 d, fuel 699-765 kg
[11:35:31]   depth  8:    6 states (0 in H), t_end 5256-5393 d, fuel 771-784 kg
[11:35:31] candidates: 26 distinct committed target sets (n_new 1-2, potential 0-3)
[11:35:31] frontier: 16 candidates chosen (n fb / committed planner kg / continuation (lookahead) [full]; pot_mode lookahead, pot_cap None): 1fb/553kg/p0(0)[0], 1fb/562kg/p3(2)[3], 1fb/573kg/p3(2)[3], 1fb/579kg/p2(2)[2], 1fb/580kg/p1(1)[1], 1fb/589kg/p3(2)[3], 1fb/592kg/p3(3)[3], 1fb/592kg/p2(1)[2], 1fb/597kg/p3(3)[3], 1fb/599kg/p1(0)[1], 1fb/608kg/p2(1)[2], 1fb/615kg/p4(3)[4], 2fb/585kg/p1(1)[1], 2fb/585kg/p2(2)[2], 2fb/617kg/p2(2)[2], 2fb/645kg/p3(3)[3]
[11:35:31] budget: 259 s of 300 left for the settles + regrids (settle_wall 480)
[11:35:32]     settle 24: 255 @   4083 d -> ok lintwin tank 886.9 (+15.7) miss 66 km (3.7 s)
[11:35:35]     settle 24: 196 @   3949 d -> ok lintwin tank 862.3 (+35.6) miss 60 km (6.7 s)
[11:35:35]     settle 24: 216 @   4170 d -> ok lintwin tank 915.1 (+1.8) miss 61 km (3.9 s)
[11:35:36]     settle 24:  45 @   4052 d -> ok lintwin tank 844.2 (+17.4) miss 13 km (0.8 s)
[11:35:36]     settle 24: 170 @   4038 d -> ok lintwin tank 892.0 (+20.8) miss 68 km (3.2 s)
[11:35:38] plan: 879 states, depth 9 new flybys, end plan_done (47 s); deepest 9 new to 5397 d at planner fuel 597 kg
[11:35:38]   depth  1:   53 states (46 in H), t_end 3830-4414 d, fuel 370-450 kg
[11:35:38]   depth  2:   73 states (18 in H), t_end 3894-5007 d, fuel 402-482 kg
[11:35:38]   depth  3:  150 states (7 in H), t_end 4211-5307 d, fuel 411-516 kg
[11:35:38]   depth  4:  150 states (0 in H), t_end 4598-5318 d, fuel 428-539 kg
[11:35:38]   depth  5:  150 states (0 in H), t_end 4680-5310 d, fuel 451-536 kg
[11:35:38]   depth  6:  150 states (0 in H), t_end 4888-5400 d, fuel 489-569 kg
[11:35:38]   depth  7:  100 states (0 in H), t_end 4980-5400 d, fuel 525-599 kg
[11:35:38]   depth  8:   51 states (0 in H), t_end 5184-5400 d, fuel 567-623 kg
[11:35:38]   depth  9:    2 states (0 in H), t_end 5395-5397 d, fuel 597-628 kg
[11:35:38] candidates: 39 distinct committed target sets (n_new 1-3, potential 0-3)
[11:35:38] frontier: 16 candidates chosen (n fb / committed planner kg / continuation (lookahead) [full]; pot_mode lookahead, pot_cap None): 1fb/385kg/p0(0)[0], 1fb/392kg/p2(2)[2], 1fb/396kg/p2(2)[2], 1fb/397kg/p2(2)[2], 1fb/399kg/p2(2)[2], 1fb/399kg/p2(2)[2], 1fb/401kg/p2(1)[2], 1fb/409kg/p4(3)[4], 1fb/428kg/p3(2)[3], 1fb/441kg/p2(2)[2], 2fb/417kg/p1(1)[1], 2fb/428kg/p0(0)[0], 2fb/439kg/p3(3)[3], 3fb/485kg/p0(0)[0], 3fb/492kg/p0(0)[0], 3fb/495kg/p0(0)[0]
[11:35:38] budget: 253 s of 300 left for the settles + regrids (settle_wall 480)
[11:35:39]     settle 24: 198 @   3974 d -> ok lintwin tank 926.9 (+13.5) miss 68 km (3.6 s)
[11:35:41] plan: 857 states, depth 8 new flybys, end plan_done (50 s); deepest 8 new to 5397 d at planner fuel 643 kg
[11:35:41]   depth  1:   49 states (42 in H), t_end 3818-4402 d, fuel 488-560 kg
[11:35:41]   depth  2:  130 states (55 in H), t_end 3937-4878 d, fuel 509-590 kg
[11:35:41]   depth  3:  150 states (8 in H), t_end 4141-5127 d, fuel 516-615 kg
[11:35:41]   depth  4:  150 states (1 in H), t_end 4252-5304 d, fuel 538-646 kg
[11:35:41]   depth  5:  150 states (0 in H), t_end 4734-5397 d, fuel 550-653 kg
[11:35:41]   depth  6:  150 states (0 in H), t_end 4883-5392 d, fuel 570-683 kg
[11:35:41]   depth  7:   68 states (0 in H), t_end 5116-5395 d, fuel 605-695 kg
[11:35:41]   depth  8:   10 states (0 in H), t_end 5283-5397 d, fuel 643-685 kg
[11:35:41] candidates: 74 distinct committed target sets (n_new 1-4, potential 0-2)
[11:35:41] frontier: 16 candidates chosen (n fb / committed planner kg / continuation (lookahead) [full]; pot_mode lookahead, pot_cap None): 1fb/488kg/p2(1)[2], 1fb/498kg/p2(2)[2], 1fb/499kg/p2(2)[2], 1fb/506kg/p3(2)[3], 1fb/511kg/p2(1)[2], 1fb/524kg/p2(1)[2], 1fb/525kg/p2(1)[2], 1fb/541kg/p3(1)[3], 1fb/548kg/p3(2)[3], 2fb/512kg/p1(1)[1], 2fb/516kg/p2(2)[2], 2fb/523kg/p0(0)[0], 3fb/578kg/p1(1)[1], 3fb/585kg/p0(0)[0], 3fb/591kg/p1(1)[1], 4fb/613kg/p0(0)[0]
[11:35:41] budget: 250 s of 300 left for the settles + regrids (settle_wall 480)
[11:35:41]     settle 24: 109 @   4035 d -> ok lintwin tank 860.1 (+33.4) miss 83 km (3.9 s)
[11:35:41]     settle 21: 168 @   4262 d -> ok lintwin tank 805.1 (+29.6) miss 69 km (3.2 s)
[11:35:41] plan: 885 states, depth 8 new flybys, end plan_done (51 s); deepest 8 new to 5165 d at planner fuel 698 kg
[11:35:41]   depth  1:   49 states (45 in H), t_end 3881-4412 d, fuel 531-606 kg
[11:35:41]   depth  2:  150 states (54 in H), t_end 4041-4892 d, fuel 537-635 kg
[11:35:41]   depth  3:  150 states (0 in H), t_end 4350-5197 d, fuel 562-660 kg
[11:35:41]   depth  4:  150 states (0 in H), t_end 4560-5339 d, fuel 591-673 kg
[11:35:41]   depth  5:  150 states (0 in H), t_end 4808-5398 d, fuel 611-689 kg
[11:35:41]   depth  6:  150 states (0 in H), t_end 4938-5399 d, fuel 625-714 kg
[11:35:41]   depth  7:   78 states (0 in H), t_end 5093-5396 d, fuel 646-708 kg
[11:35:41]   depth  8:    8 states (0 in H), t_end 5165-5256 d, fuel 698-727 kg
[11:35:41] candidates: 49 distinct committed target sets (n_new 1-2, potential 0-2)
[11:35:41] frontier: 16 candidates chosen (n fb / committed planner kg / continuation (lookahead) [full]; pot_mode lookahead, pot_cap None): 1fb/531kg/p3(2)[3], 1fb/536kg/p1(1)[1], 1fb/543kg/p0(0)[0], 1fb/547kg/p2(2)[2], 1fb/547kg/p2(1)[2], 1fb/554kg/p2(2)[2], 1fb/558kg/p2(1)[2], 1fb/559kg/p2(2)[2], 1fb/563kg/p3(2)[3], 1fb/565kg/p2(1)[2], 1fb/579kg/p2(2)[2], 1fb/582kg/p2(1)[2], 1fb/590kg/p2(2)[2], 2fb/537kg/p0(0)[0], 2fb/546kg/p0(0)[0], 2fb/556kg/p2(2)[2]
[11:35:41] budget: 249 s of 300 left for the settles + regrids (settle_wall 480)
[11:35:43] plan: 1018 states, depth 9 new flybys, end plan_done (52 s); deepest 9 new to 5284 d at planner fuel 708 kg
[11:35:43]   depth  1:   53 states (48 in H), t_end 3846-4390 d, fuel 470-543 kg
[11:35:43]   depth  2:  110 states (43 in H), t_end 3978-4902 d, fuel 493-574 kg
[11:35:43]   depth  3:  150 states (14 in H), t_end 4130-5121 d, fuel 498-601 kg
[11:35:43]   depth  4:  150 states (0 in H), t_end 4385-5398 d, fuel 508-629 kg
[11:35:43]   depth  5:  150 states (0 in H), t_end 4552-5400 d, fuel 519-661 kg
[11:35:43]   depth  6:  150 states (0 in H), t_end 4722-5400 d, fuel 568-682 kg
[11:35:43]   depth  7:  150 states (0 in H), t_end 4815-5400 d, fuel 593-710 kg
[11:35:43]   depth  8:   94 states (0 in H), t_end 4965-5395 d, fuel 625-735 kg
[11:35:43]   depth  9:   11 states (0 in H), t_end 5266-5399 d, fuel 708-726 kg
[11:35:43] candidates: 60 distinct committed target sets (n_new 1-3, potential 0-2)
[11:35:43] frontier: 16 candidates chosen (n fb / committed planner kg / continuation (lookahead) [full]; pot_mode lookahead, pot_cap None): 1fb/470kg/p1(0)[1], 1fb/482kg/p3(1)[3], 1fb/483kg/p3(2)[3], 1fb/487kg/p2(1)[2], 1fb/491kg/p2(2)[2], 1fb/497kg/p2(2)[2], 1fb/507kg/p3(1)[3], 1fb/508kg/p2(1)[2], 1fb/539kg/p4(2)[4], 2fb/493kg/p1(1)[1], 2fb/500kg/p0(0)[0], 2fb/560kg/p3(2)[3], 2fb/570kg/p3(2)[3], 3fb/535kg/p0(0)[0], 3fb/550kg/p1(1)[1], 3fb/586kg/p2(2)[2]
[11:35:43] budget: 248 s of 300 left for the settles + regrids (settle_wall 480)
[11:35:43] plan: 955 states, depth 9 new flybys, end plan_done (52 s); deepest 9 new to 5331 d at planner fuel 679 kg
[11:35:43]   depth  1:   44 states (41 in H), t_end 3811-4442 d, fuel 473-547 kg
[11:35:43]   depth  2:  150 states (53 in H), t_end 3966-4935 d, fuel 491-580 kg
[11:35:43]   depth  3:  150 states (23 in H), t_end 4094-5052 d, fuel 507-606 kg
[11:35:43]   depth  4:  150 states (0 in H), t_end 4337-5323 d, fuel 523-629 kg
[11:35:43]   depth  5:  150 states (0 in H), t_end 4472-5390 d, fuel 550-654 kg
[11:35:43]   depth  6:  150 states (0 in H), t_end 4632-5398 d, fuel 564-677 kg
[11:35:43]   depth  7:  106 states (0 in H), t_end 4882-5396 d, fuel 569-700 kg
[11:35:43]   depth  8:   53 states (0 in H), t_end 5053-5393 d, fuel 629-721 kg
[11:35:43]   depth  9:    2 states (0 in H), t_end 5331-5348 d, fuel 679-679 kg
[11:35:43] candidates: 60 distinct committed target sets (n_new 1-3, potential 0-3)
[11:35:43] frontier: 16 candidates chosen (n fb / committed planner kg / continuation (lookahead) [full]; pot_mode lookahead, pot_cap None): 1fb/481kg/p2(1)[2], 1fb/481kg/p1(1)[1], 1fb/482kg/p2(1)[2], 1fb/482kg/p5(3)[5], 1fb/492kg/p2(1)[2], 1fb/500kg/p2(1)[2], 1fb/504kg/p2(0)[2], 1fb/514kg/p3(2)[3], 1fb/540kg/p4(2)[4], 2fb/491kg/p2(2)[2], 2fb/494kg/p1(1)[1], 2fb/497kg/p3(3)[3], 2fb/501kg/p4(3)[4], 3fb/518kg/p3(3)[3], 3fb/520kg/p2(2)[2], 3fb/529kg/p2(2)[2]
[11:35:43] budget: 247 s of 300 left for the settles + regrids (settle_wall 480)
[11:35:44]     settle 25:  95 @   3888 d -> ok lintwin tank 899.0 (+2.1) miss 70 km (2.7 s)
[11:35:45]     settle 24: 269 @   4233 d -> ok lintwin tank 850.6 (+23.9) miss 87 km (3.8 s)
[11:35:46]     settle 26: 155 @   4180 d -> ok lintwin tank 855.3 (+-2.7) miss 66 km (5.2 s)
[11:35:46]     settle 24: 269 @   4233 d -> ok lintwin tank 897.5 (+26.3) miss 73 km (5.0 s)
[11:35:46]     settle 25:  45 @   4048 d -> ok lintwin tank 902.9 (+6.0) miss 63 km (1.9 s)
[11:35:46]     settle 24:  13 @   4010 d -> ok lintwin tank 849.9 (+3.3) miss 69 km (3.8 s)
[11:35:48]     settle 21: 255 @   4119 d -> ok lintwin tank 804.9 (+29.4) miss 63 km (6.8 s)
[11:35:49]     settle 22: 171 @   4152 d -> ok lintwin tank 851.4 (+2.7) miss 63 km (6.1 s)
[11:35:50]     settle 25: 202 @   4248 d -> ok lintwin tank 904.1 (+7.2) miss 67 km (3.3 s)
[11:35:50]     settle 24: 269 @   3858 d -> ok lintwin tank 859.0 (+12.3) miss 51 km (3.2 s)
[11:35:52]     settle 26: 168 @   4271 d -> ok lintwin tank 864.9 (+6.9) miss 76 km (5.5 s)
[11:35:52]     settle 24:  59 @   3875 d -> ok lintwin tank 979.0 (+152.2) miss 31 km (6.6 s)
[11:35:52]     settle 21:  20 @   4030 d -> ok lintwin tank 810.8 (+35.2) miss 82 km (3.5 s)
[11:35:53]     settle 25: 216 @   4161 d -> ok lintwin tank 909.8 (+12.9) miss 76 km (2.0 s)
[11:35:54]     settle 24:  69 @   3950 d -> ok lintwin tank 874.2 (+27.6) miss 63 km (2.8 s)
[11:35:55]     settle 24: 243 @   4065 d -> ok lintwin tank 984.7 (+113.4) miss 1 km (7.6 s)
[11:35:56]     settle 25: 255 @   3919 d -> ok lintwin tank 911.2 (+14.3) miss 76 km (2.4 s)
[11:35:57]     settle 24: 288 @   3982 d -> ok lintwin tank 872.4 (+25.7) miss 77 km (3.0 s)
[11:35:57]     settle 21: 239 @   4054 d -> ok lintwin tank 799.5 (+23.9) miss 69 km (4.1 s)
[11:35:59]     settle 25: 192 @   4034 d -> ok lintwin tank 918.5 (+21.6) miss 60 km (2.6 s)
[11:35:59]     settle 26:  55 @   4177 d -> ok lintwin tank 860.5 (+2.5) miss 70 km (6.6 s)
[11:36:00]     settle 24: 143 @   4085 d -> ok lintwin tank 947.0 (+120.3) miss 75 km (6.8 s)
[11:36:01]     settle 21: 241 @   3897 d -> ok lintwin tank 809.8 (+34.2) miss 65 km (3.5 s)
[11:36:04]     settle 24: 248 @   4023 d -> ok lintwin tank 873.6 (+26.9) miss 75 km (5.8 s)
[11:36:07]     settle 24: 171 @   4213 d -> ok lintwin tank 851.4 (+24.6) miss 68 km (5.7 s)
[11:36:07]     settle 25: 113 @   3937 d -> ok lintwin tank 965.0 (+68.1) miss 74 km (7.1 s)
[11:36:07]     settle 26: 217 @   3977 d -> ok lintwin tank 863.3 (+5.3) miss 67 km (6.8 s)
[11:36:08]     settle 24: 229 @   4213 d -> ok lintwin tank 903.7 (+32.5) miss 70 km (8.7 s)
[11:36:08]     settle 21: 262 @   4099 d -> ok lintwin tank 796.5 (+21.0) miss 68 km (5.2 s)
[11:36:10]     settle 24: 125 @   4077 d -> ok lintwin tank 863.0 (+16.4) miss 70 km (5.8 s)
[11:36:11]     settle 25: 196 @   3950 d -> ok lintwin tank 923.7 (+26.8) miss 59 km (3.5 s)
[11:36:11]     settle 21: 172 @   3932 d -> ok lintwin tank 800.3 (+24.7) miss 70 km (2.7 s)
[11:36:13]     settle 24: 245 @   3911 d -> FAIL [('lam', 1566767.9)] (32.9 s)
[11:36:13]     settle 26:  57 @   3936 d -> ok lintwin tank 873.0 (+15.0) miss 63 km (5.3 s)
[11:36:13]     settle 25:  59 @   3896 d -> ok lintwin tank 905.0 (+8.1) miss 67 km (1.8 s)
[11:36:14]     settle 24: 184 @   3971 d -> ok lintwin tank 861.7 (+15.1) miss 67 km (3.2 s)
[11:36:14]     settle 21: 170 @   3920 d -> ok lintwin tank 799.6 (+24.0) miss 65 km (2.5 s)
[11:36:15]     settle 24: 198 @   3968 d -> ok lintwin tank 889.6 (+62.9) miss 70 km (7.4 s)
[11:36:17]     settle 21: 227 @   3830 d -> ok lintwin tank 819.2 (+43.7) miss 60 km (1.8 s)
[11:36:17]     settle 24: 225 @   4243 d -> ok lintwin tank 882.6 (+11.4) miss 93 km (8.8 s)
[11:36:19]     settle 24: 300 @   4172 d -> ok lintwin tank 934.4 (+21.0) miss 72 km (6.0 s)
[11:36:19]     settle 24: 243 @   4066 d -> ok lintwin tank 856.6 (+10.0) miss 73 km (5.1 s)
[11:36:19]     settle 25: 109 @   4071 d -> ok lintwin tank 920.2 (+23.2) miss 70 km (5.5 s)
[11:36:22]     settle 24: 245 @   3833 d -> ok lintwin tank 995.4 (+168.7) miss 55 km (6.7 s)
[11:36:22]     settle 26: 248 @   4041 d -> ok lintwin tank 932.4 (+74.4) miss 56 km (8.4 s)
[11:36:23]     settle 21: 134 @   4016 d -> ok lintwin tank 879.7 (+104.2) miss 47 km (5.4 s)
[11:36:25]     settle 25: 300 @   4159 d -> ok lintwin tank 849.6 (+19.1) miss 82 km (2.0 s)
[11:36:25]     settle 24:   7 @   3883 d -> ok lintwin tank 955.7 (+109.0) miss 72 km (5.1 s)
[11:36:25]     settle 24:  45 @   4040 d -> ok lintwin tank 929.4 (+16.0) miss 73 km (5.4 s)
[11:36:27]     settle 22: 229 @   4062 d -> ok lintwin tank 812.3 (+2.5) miss 73 km (2.8 s)
[11:36:27]     settle 22: 278 @   4149 d -> FAIL [('lam', 29684662.4)] (37.4 s)
[11:36:27]     settle 25:  82 @   4260 d -> ok lintwin tank 974.7 (+77.8) miss 61 km (7.1 s)
[11:36:28]     settle 24:  13 @   4027 d -> ok lintwin tank 924.0 (+52.8) miss 60 km (7.4 s)
[11:36:29]     settle 24: 109 @   4153 d -> ok lintwin tank 838.0 (+11.2) miss 77 km (3.2 s)
[11:36:29]     settle 26: 231 @   4043 d -> ok lintwin tank 998.2 (+140.2) miss 62 km (6.3 s)
[11:36:29]     settle 21: 170 @   3910 d -> ok lintwin tank 799.9 (+24.3) miss 70 km (1.8 s)
[11:36:29]     settle 24: 184 @   3980 d -> ok lintwin tank 861.7 (+15.1) miss 75 km (3.7 s)
[11:36:30]     settle 24: 210 @   3915 d -> ok lintwin tank 949.0 (+35.6) miss 76 km (3.8 s)
[11:36:31]     settle 22: 229 @   4060 d -> ok lintwin tank 806.2 (+6.3) miss 76 km (1.4 s)
[11:36:32]     settle 25:  24 @   3998 d -> ok lintwin tank 972.2 (+75.3) miss 67 km (3.6 s)
[11:36:32]     settle 25: 225 @   4248 d -> ok lintwin tank 868.7 (+7.0) miss 74 km (2.7 s)
[11:36:32]     settle 22: 262 @   4090 d -> ok lintwin tank 806.0 (+6.5) miss 17 km (0.7 s)
[11:36:32]     settle 25: 269 @   4249 d -> ok lintwin tank 853.3 (+15.3) miss 64 km (3.6 s)
[11:36:34]     settle 22: 170 @   3896 d -> ok lintwin tank 841.9 (+22.7) miss 54 km (1.1 s)
[11:36:35]     settle 24: 255 @   3969 d -> ok lintwin tank 830.4 (+3.6) miss 10 km (1.3 s)
[11:36:35]     settle 24: 160 @   4176 d -> ok lintwin tank 973.1 (+101.9) miss 1 km (6.7 s)
[11:36:37]     settle 25: 225 @   4252 d -> ok lintwin tank 865.1 (+15.2) miss 46 km (3.7 s)
[11:36:37]     settle 25: 170 @   3958 d -> ok lintwin tank 950.0 (+53.1) miss 78 km (5.1 s)
[11:36:38]     settle 23: 229 @   4211 d -> ok lintwin tank 849.9 (+8.0) miss 58 km (3.3 s)
[11:36:38]     settle 24: 255 @   4281 d -> ok lintwin tank 960.5 (+47.1) miss 65 km (7.4 s)
[11:36:38]   drift: leg 255@4281 d settled outside (T, T+H] -> column cut at 0
[11:36:39]     settle 25: 109 @   4158 d -> ok lintwin tank 852.2 (+21.8) miss 74 km (3.8 s)
[11:36:39]     settle 26:  45 @   4048 d -> ok lintwin tank 902.1 (+3.2) miss 41 km (1.2 s)
[11:36:41]     settle 26: 240 @   3848 d -> ok lintwin tank 894.9 (+36.9) miss 65 km (7.0 s)
[11:36:42]     settle 24: 125 @   4082 d -> ok lintwin tank 912.9 (+41.7) miss 60 km (5.7 s)
[11:36:42]     settle 26: 202 @   4258 d -> ok lintwin tank 908.9 (+9.9) miss 49 km (2.2 s)
[11:36:43]     settle 24:  59 @   3906 d -> ok lintwin tank 1034.5 (+121.1) miss 62 km (4.9 s)
[11:36:44]     settle 25: 278 @   4121 d -> ok lintwin tank 1003.4 (+47.7) miss 74 km (6.3 s)
[11:36:44]     settle 21:  32 @   3870 d -> ok lintwin tank 869.4 (+93.8) miss 66 km (5.5 s)
[11:36:45]     settle 26: 216 @   4160 d -> ok lintwin tank 909.3 (+10.4) miss 78 km (1.9 s)
[11:36:45] RESULT s07_c0: 16 columns; frontier 1fb 2 kg p2/2 | 2fb 5 kg p0/2; settles 16 (16 ok), regrids 16 (16 ok); wall 115 s of 300 (plan 51, price 1, settle 64; budget hit None, 0 unsettled)
[11:36:45]     settle 25: 170 @   3978 d -> ok lintwin tank 989.8 (+-5.7) miss 51 km (5.8 s)
[11:36:46] RESULT s07_c4: 16 columns; frontier 1fb 4 kg p2/3 | 2fb 23 kg p2/3; settles 18 (18 ok), regrids 16 (16 ok); wall 116 s of 300 (plan 26, price 2, settle 89; budget hit None, 0 unsettled)
[11:36:46]     settle 26:  69 @   3917 d -> ok lintwin tank 910.6 (+52.6) miss 40 km (5.2 s)
[11:36:46]   job s07_c0 craft columns  16  levels 8  settles 16/16  end plan_done  wall 114.8 s
[11:36:46]   job s07_c4 craft columns  16  levels 7  settles 18/18  end plan_done  wall 115.6 s
[11:36:47]     settle 24: 109 @   4098 d -> ok lintwin tank 948.3 (+34.9) miss 84 km (3.8 s)
[11:36:47]     settle 24: 143 @   4091 d -> ok lintwin tank 896.3 (+25.1) miss 78 km (4.8 s)
[11:36:49]     settle 27: 168 @   4271 d -> ok lintwin tank 880.2 (+25.0) miss 31 km (2.2 s)
[11:36:49]     settle 22: 255 @   4058 d -> ok lintwin tank 889.4 (+20.0) miss 66 km (5.7 s)
[11:36:50]     settle 25:  99 @   4017 d -> ok lintwin tank 1076.3 (+120.7) miss 4 km (5.5 s)
[11:36:52]     settle 22:  53 @   4142 d -> ok lin tank 852.3 (+3.6) miss 61 km (24.9 s)
[11:36:54]     settle 23: 269 @   4243 d -> ok lintwin tank 909.4 (+20.1) miss 76 km (4.2 s)
[11:36:54]     settle 24:  20 @   4049 d -> ok lintwin tank 893.0 (+21.8) miss 78 km (6.0 s)
[11:36:55]     settle 24: 143 @   4087 d -> ok lintwin tank 1053.5 (+140.1) miss 1 km (7.3 s)
[11:36:55]     settle 25: 125 @   4080 d -> ok lintwin tank 881.2 (+22.2) miss 36 km (4.8 s)
[11:36:56]     settle 27: 168 @   4273 d -> ok lintwin tank 890.1 (+26.8) miss 99 km (5.9 s)
[11:36:58]     settle 26: 168 @   4262 d -> ok lintwin tank 893.8 (+12.7) miss 61 km (2.7 s)
[11:36:58]     settle 23: 225 @   4248 d -> ok lintwin tank 895.1 (+5.8) miss 17 km (3.7 s)
[11:36:59] RESULT s07_c5: 16 columns; frontier 1fb 21 kg p2/3 | 2fb 30 kg p0/3 | 3fb 74 kg p0/0; settles 20 (20 ok), regrids 16 (16 ok); wall 128 s of 300 (plan 47, price 2, settle 81; budget hit None, 0 unsettled)
[11:37:00]     settle 22: 187 @   4052 d -> ok lintwin tank 842.8 (+-5.9) miss 63 km (5.9 s)
[11:37:00]     settle 24: 170 @   3915 d -> ok lintwin tank 968.1 (+54.7) miss 8 km (4.6 s)
[11:37:00]     settle 25: 229 @   4216 d -> ok lintwin tank 905.8 (+18.8) miss 71 km (6.0 s)
[11:37:01]   job s07_c5 craft columns  16  levels 9  settles 20/20  end plan_done  wall 128.4 s
[11:37:01]     settle 25: 184 @   3978 d -> ok lintwin tank 874.6 (+15.6) miss 72 km (2.4 s)
[11:37:03]     settle 26: 225 @   4251 d -> ok lintwin tank 888.0 (+13.4) miss 50 km (2.2 s)
[11:37:04]     settle 25: 168 @   4262 d -> ok lintwin tank 926.7 (+2.7) miss 80 km (3.2 s)
[11:37:05]     settle 26: 295 @   3849 d -> ok lintwin tank 882.1 (+24.1) miss 61 km (5.6 s)
[11:37:06]     settle 24: 187 @   4060 d -> ok lam tank 965.2 (+51.8) miss 4 km (5.3 s)
[11:37:08]     settle 22: 197 @   4152 d -> ok lintwin tank 948.7 (+100.0) miss 65 km (7.5 s)
[11:37:09]     settle 25: 229 @   4212 d -> ok lintwin tank 907.8 (+15.9) miss 78 km (4.2 s)
[11:37:11]     settle 25: 280 @   4292 d -> ok lintwin tank 947.3 (+20.4) miss 74 km (4.0 s)
[11:37:11]     settle 27: 269 @   4229 d -> ok lintwin tank 892.0 (+10.0) miss 2 km (6.1 s)
[11:37:11]     settle 26:  84 @   4271 d -> ok lintwin tank 1078.0 (+74.6) miss 3 km (7.4 s)
[11:37:13]     settle 22:   7 @   3893 d -> ok lam tank 875.5 (+26.8) miss 1 km (4.8 s)
[11:37:14] RESULT s07_c6: 16 columns; frontier 1fb 3 kg p0/2 | 2fb 18 kg p0/2 | 3fb 41 kg p1/2; settles 19 (19 ok), regrids 16 (16 ok); wall 144 s of 300 (plan 52, price 1, settle 92; budget hit None, 0 unsettled)
[11:37:15]   job s07_c6 craft columns  16  levels 9  settles 19/19  end plan_done  wall 144.1 s
[11:37:15]     settle 25: 300 @   4165 d -> ok lintwin tank 938.1 (+11.2) miss 55 km (4.0 s)
[11:37:16]     settle 25: 168 @   4260 d -> ok lintwin tank 1016.6 (+31.9) miss 57 km (5.9 s)
[11:37:19]     settle 24: 198 @   3976 d -> ok lintwin tank 926.6 (+13.3) miss 48 km (3.1 s)
[11:37:22]     settle 22: 205 @   3862 d -> ok lintwin tank 877.0 (+28.3) miss 1 km (7.7 s)
[11:37:22]     settle 25: 216 @   4168 d -> ok lintwin tank 953.4 (+26.7) miss 52 km (2.7 s)
[11:37:23]     settle 27:  69 @   3940 d -> ok lintwin tank 1098.2 (+203.3) miss 5 km (7.4 s)
[11:37:24]     settle 25: 104 @   4140 d -> ok lintwin tank 1084.4 (+99.8) miss 7 km (7.7 s)
[11:37:25] RESULT s07_c2: 16 columns; frontier 1fb 10 kg p1/2 | 2fb 34 kg p1/2; settles 16 (16 ok), regrids 16 (16 ok); wall 154 s of 300 (plan 38, price 1, settle 116; budget hit None, 0 unsettled)
[11:37:25]   job s07_c2 craft columns  16  levels 8  settles 16/16  end plan_done  wall 154.3 s
[11:37:28]     settle 25: 197 @   4190 d -> ok lintwin tank 970.3 (+5.1) miss 63 km (5.2 s)
[11:37:28]   2 candidates dropped (settle failure / regrid failure / duplicate after truncation)
[11:37:28] RESULT s07_c3: 14 columns; frontier 1fb 1 kg p0/3 | 2fb 24 kg p2/3; settles 18 (16 ok), regrids 14 (14 ok); wall 158 s of 300 (plan 41, price 1, settle 117; budget hit None, 0 unsettled)
[11:37:29]   job s07_c3 craft columns  14  levels 8  settles 16/18  end plan_done  wall 158.0 s
[11:37:32]     settle 22: 264 @   4152 d -> ok lintwin tank 984.3 (+135.6) miss 4 km (6.8 s)
[11:37:41]     settle 22: 198 @   3969 d -> ok lintwin tank 1353.7 (+505.0) miss 55 km (6.8 s)
[11:37:53]     settle 28: 197 @   4190 d -> FAIL [('lam', 16751720.9)] (30.0 s)
[11:37:53]     settle 22: 187 @   4009 d -> ok lintwin tank 842.6 (+-6.1) miss 2 km (7.3 s)
[11:38:00]     settle 26: 229 @   3818 d -> ok lintwin tank 919.5 (+61.5) miss 96 km (5.8 s)
[11:38:01]     settle 23:  55 @   4173 d -> ok lintwin tank 941.1 (+98.4) miss 7 km (7.7 s)
[11:38:03]     settle 27:  20 @   4018 d -> ok lam tank 946.6 (+27.1) miss 1 km (3.4 s)
[11:38:09]     settle 28: 143 @   4219 d -> ok lintwin tank 950.7 (+4.1) miss 80 km (6.2 s)
[11:38:11]     settle 23: 280 @   4305 d -> ok lintwin tank 855.5 (+4.1) miss 1 km (7.7 s)
[11:38:16]     settle 28: 264 @   4155 d -> ok lintwin tank 1192.9 (+94.8) miss 26 km (6.4 s)
[11:38:19]     settle 23: 280 @   4305 d -> ok lintwin tank 856.0 (+13.2) miss 51 km (4.9 s)
[11:38:25]     settle 23: 171 @   4155 d -> ok lintwin tank 855.9 (+13.1) miss 51 km (4.8 s)
[11:38:29]     settle 24: 280 @   4305 d -> ok lintwin tank 866.0 (+10.1) miss 70 km (3.3 s)
[11:38:35]     settle 23: 171 @   4157 d -> ok lintwin tank 855.8 (+13.0) miss 50 km (5.5 s)
[11:38:40]     settle 24: 149 @   4297 d -> ok lintwin tank 867.8 (+12.0) miss 73 km (5.0 s)
[11:38:41]     settle 28: 197 @   4180 d -> ok lam tank 1235.9 (+137.7) miss 22 km (17.8 s)
[11:38:46]     settle 23: 197 @   4150 d -> ok lintwin tank 857.0 (+14.3) miss 48 km (5.1 s)
[11:38:52]     settle 24: 149 @   4303 d -> ok lintwin tank 869.0 (+12.0) miss 3 km (6.1 s)
[11:38:54]   1 candidates dropped (settle failure / regrid failure / duplicate after truncation)
[11:38:54] RESULT s07_c1: 15 columns; frontier 1fb -6 kg p3/3 | 2fb 5 kg p1/3 | 3fb 17 kg p3/3; settles 20 (18 ok), regrids 15 (15 ok); wall 244 s of 300 (plan 52, price 1, settle 191; budget hit None, 0 unsettled)
[11:38:55]   job s07_c1 craft columns  15  levels 9  settles 18/20  end plan_done  wall 243.9 s
[11:39:19]     settle 29:   6 @   4252 d -> FAIL [('lam', 3564590.4)] (38.0 s)
[11:39:24] RESULT s07_c7: 16 columns; frontier 1fb -3 kg p1/2 | 2fb 22 kg p1/2 | 3fb 92 kg p0/1; settles 23 (19 ok), regrids 16 (16 ok); wall 274 s of 300 (plan 50, price 2, settle 224; budget hit None, 0 unsettled)
[11:39:25]   job s07_c7 craft columns  16  levels 8  settles 19/23  end plan_done  wall 274.0 s
[11:39:25] [slice 7] propose: 125 columns (0 bad dropped) in 274.6 s
[11:39:25] [slice 7] auction: 125 columns, kept 118, dropped {'fuel': 6, 'ramp': 1}; lam 1.00 H_eff 540 d fuel budget 482 kg quota OFF
[11:39:25] [slice 7] auction: status optimal objective 31.011 vars 118 rows 46 chosen 8 fuel 211/482 kg (0.011 s)
[11:39:27] [slice 7] claims: c0:2 c2:1 c4:1 c5:3 c6:1 c7:1  (9 targets: 0 kept, 9 new; 7 released, 0 expired (ttl 2), 3 conflicts)
[11:39:27] [slice 7 T=3780 d] launched 8/8  covered 199  remaining 99  fuel 2247 kg  sumJi 9.9336  chosen: c0:2(+12) c1:3(+18) c2:1(+25) c3:2(+34) c4:2(+22) c5:2(+30) c6:3(+41) c7:2(+28)  rejected: -  (wall 277 s)
[11:39:27] [slice 8] claims in force: c0:2 c2:1 c4:1 c5:3 c6:1 c7:1  (9 targets; claim_bonus 0.5, ttl 2)
[11:39:27]   c0: claims: 2 own (prized +0.5), 7 claimed by others withheld
[11:39:27]   c1: claims: 0 own (prized +0.5), 9 claimed by others withheld
[11:39:27]   c2: claims: 1 own (prized +0.5), 8 claimed by others withheld
[11:39:27]   c3: claims: 0 own (prized +0.5), 9 claimed by others withheld
[11:39:27]   c4: claims: 1 own (prized +0.5), 8 claimed by others withheld
[11:39:27]   c5: claims: 3 own (prized +0.5), 6 claimed by others withheld
[11:39:27]   c6: claims: 1 own (prized +0.5), 8 claimed by others withheld
[11:39:27]   c7: claims: 1 own (prized +0.5), 8 claimed by others withheld
[11:39:27] [slice 8 T=4320 d] propose: 8 jobs (8 craft, 0 root) on 9 workers, proposer planbeam, H_eff 540 d, lam 1.0
[11:39:27] job s08_c0 (craft, craft 0, planbeam): T 4320 d H 540 L 360; plan horizon 5477 d; remaining 92; prize >1 on 92; width 150 npt 6 mc 150 dv 1.2 drmax 0.15 plan_wall 240 s; quota None
[11:39:27] job s08_c5 (craft, craft 5, planbeam): T 4320 d H 540 L 360; plan horizon 5477 d; remaining 93; prize >1 on 93; width 150 npt 6 mc 150 dv 1.2 drmax 0.15 plan_wall 240 s; quota None
[11:39:27] job s08_c1 (craft, craft 1, planbeam): T 4320 d H 540 L 360; plan horizon 5477 d; remaining 90; prize >1 on 90; width 150 npt 6 mc 150 dv 1.2 drmax 0.15 plan_wall 240 s; quota None
[11:39:27] job s08_c4 (craft, craft 4, planbeam): T 4320 d H 540 L 360; plan horizon 5477 d; remaining 91; prize >1 on 91; width 150 npt 6 mc 150 dv 1.2 drmax 0.15 plan_wall 240 s; quota None
[11:39:27] job s08_c2 (craft, craft 2, planbeam): T 4320 d H 540 L 360; plan horizon 5477 d; remaining 91; prize >1 on 91; width 150 npt 6 mc 150 dv 1.2 drmax 0.15 plan_wall 240 s; quota None
[11:39:27] job s08_c3 (craft, craft 3, planbeam): T 4320 d H 540 L 360; plan horizon 5477 d; remaining 90; prize >1 on 90; width 150 npt 6 mc 150 dv 1.2 drmax 0.15 plan_wall 240 s; quota None
[11:39:27] job s08_c7 (craft, craft 7, planbeam): T 4320 d H 540 L 360; plan horizon 5477 d; remaining 91; prize >1 on 91; width 150 npt 6 mc 150 dv 1.2 drmax 0.15 plan_wall 240 s; quota None
[11:39:27] job s08_c6 (craft, craft 6, planbeam): T 4320 d H 540 L 360; plan horizon 5477 d; remaining 91; prize >1 on 91; width 150 npt 6 mc 150 dv 1.2 drmax 0.15 plan_wall 240 s; quota None
[11:39:27] prefix slices/s08/in/craft_5.npz: 22 flybys, t_end 4087.6 d, tank 805.8 kg (planner view), miss 2.4 km, nreg 199
[11:39:27] budget: job_wall 300 s, 300 s left before the plan -> plan cap 210 s (plan_wall 240, settle_reserve 90)
[11:39:27] prefix slices/s08/in/craft_6.npz: 26 flybys, t_end 4247.4 d, tank 887.5 kg (planner view), miss 5.9 km, nreg 206
[11:39:27] prefix slices/s08/in/craft_2.npz: 24 flybys, t_end 4085.2 d, tank 896.0 kg (planner view), miss 61.8 km, nreg 204
[11:39:27] budget: job_wall 300 s, 300 s left before the plan -> plan cap 210 s (plan_wall 240, settle_reserve 90)
[11:39:27] budget: job_wall 300 s, 300 s left before the plan -> plan cap 210 s (plan_wall 240, settle_reserve 90)
[11:39:27] prefix slices/s08/in/craft_0.npz: 26 flybys, t_end 4160.8 d, tank 909.0 kg (planner view), miss 21.6 km, nreg 211
[11:39:27] budget: job_wall 300 s, 300 s left before the plan -> plan cap 210 s (plan_wall 240, settle_reserve 90)
[11:39:27] prefix slices/s08/in/craft_3.npz: 25 flybys, t_end 4291.6 d, tank 946.9 kg (planner view), miss 4.7 km, nreg 213
[11:39:27] prefix slices/s08/in/craft_4.npz: 25 flybys, t_end 4157.1 d, tank 849.3 kg (planner view), miss 12.5 km, nreg 204
[11:39:27] budget: job_wall 300 s, 300 s left before the plan -> plan cap 210 s (plan_wall 240, settle_reserve 90)
[11:39:27] budget: job_wall 300 s, 300 s left before the plan -> plan cap 210 s (plan_wall 240, settle_reserve 90)
[11:39:27] prefix slices/s08/in/craft_7.npz: 27 flybys, t_end 4272.3 d, tank 886.5 kg (planner view), miss 70.1 km, nreg 203
[11:39:27] budget: job_wall 300 s, 300 s left before the plan -> plan cap 210 s (plan_wall 240, settle_reserve 90)
[11:39:27] prefix slices/s08/in/craft_1.npz: 24 flybys, t_end 4298.9 d, tank 866.4 kg (planner view), miss 41.2 km, nreg 218
[11:39:27] budget: job_wall 300 s, 300 s left before the plan -> plan cap 210 s (plan_wall 240, settle_reserve 90)
[11:39:49] first level (both): 0 production + 23 relaxed (dv 2.5, 0.3 AU; 0.0 s) + 28 lintwin children -> 38 unique (22.3 s)
[11:39:49] plan start: prefix 22 flybys, t_end 4087.6 d, planner mass 1194.3 kg (dv 11.470 km/s); 38 first-level states
[11:39:50] first level (both): 0 production + 16 relaxed (dv 2.5, 0.3 AU; 0.0 s) + 28 lintwin children -> 40 unique (23.1 s)
[11:39:50] plan start: prefix 26 flybys, t_end 4247.4 d, planner mass 1084.4 kg (dv 15.257 km/s); 40 first-level states
[11:39:50] first level (both): 0 production + 19 relaxed (dv 2.5, 0.3 AU; 0.1 s) + 21 lintwin children -> 38 unique (23.3 s)
[11:39:50] plan start: prefix 24 flybys, t_end 4085.2 d, planner mass 1074.1 kg (dv 15.633 km/s); 38 first-level states
[11:39:51] first level (both): 0 production + 22 relaxed (dv 2.5, 0.3 AU; 0.0 s) + 20 lintwin children -> 31 unique (23.7 s)
[11:39:51] plan start: prefix 25 flybys, t_end 4291.6 d, planner mass 1016.3 kg (dv 17.801 km/s); 31 first-level states
[11:39:51] first level (both): 0 production + 23 relaxed (dv 2.5, 0.3 AU; 0.0 s) + 30 lintwin children -> 39 unique (24.4 s)
[11:39:51] plan start: prefix 26 flybys, t_end 4160.8 d, planner mass 1058.8 kg (dv 16.196 km/s); 39 first-level states
[11:39:52] first level (both): 0 production + 41 relaxed (dv 2.5, 0.3 AU; 0.0 s) + 32 lintwin children -> 51 unique (25.2 s)
[11:39:52] plan start: prefix 27 flybys, t_end 4272.3 d, planner mass 1085.7 kg (dv 15.212 km/s); 51 first-level states
[11:39:52] first level (both): 0 production + 10 relaxed (dv 2.5, 0.3 AU; 0.0 s) + 31 lintwin children -> 35 unique (25.2 s)
[11:39:52] plan start: prefix 25 flybys, t_end 4157.1 d, planner mass 1133.2 kg (dv 13.531 km/s); 35 first-level states
[11:39:53] first level (both): 0 production + 13 relaxed (dv 2.5, 0.3 AU; 0.0 s) + 25 lintwin children -> 35 unique (25.6 s)
[11:39:53] plan start: prefix 24 flybys, t_end 4298.9 d, planner mass 1110.7 kg (dv 14.316 km/s); 35 first-level states
[11:39:54] plan: 172 states, depth 5 new flybys, end plan_done (27 s); deepest 5 new to 5425 d at planner fuel 618 kg
[11:39:54]   depth  1:   38 states (33 in H), t_end 4395-4996 d, fuel 540-604 kg
[11:39:54]   depth  2:   41 states (9 in H), t_end 4782-5385 d, fuel 562-633 kg
[11:39:54]   depth  3:   52 states (0 in H), t_end 5029-5455 d, fuel 573-657 kg
[11:39:54]   depth  4:   27 states (0 in H), t_end 5245-5456 d, fuel 593-668 kg
[11:39:54]   depth  5:   14 states (0 in H), t_end 5336-5425 d, fuel 618-671 kg
[11:39:54] candidates: 20 distinct committed target sets (n_new 1-2, potential 0-2)
[11:39:54] frontier: 16 candidates chosen (n fb / committed planner kg / continuation (lookahead) [full]; pot_mode lookahead, pot_cap None): 1fb/540kg/p2(1)[2], 1fb/561kg/p0(0)[0], 1fb/561kg/p1(1)[1], 1fb/563kg/p0(0)[0], 1fb/565kg/p0(0)[0], 1fb/572kg/p2(1)[2], 1fb/572kg/p2(2)[2], 1fb/577kg/p0(0)[0], 1fb/578kg/p1(1)[1], 1fb/590kg/p2(1)[2], 1fb/592kg/p1(1)[1], 1fb/592kg/p2(1)[2], 1fb/604kg/p2(1)[2], 2fb/569kg/p1(1)[1], 2fb/590kg/p1(1)[1], 2fb/611kg/p1(1)[1]
[11:39:54] budget: 273 s of 300 left for the settles + regrids (settle_wall 480)
[11:39:56] plan: 247 states, depth 6 new flybys, end plan_done (29 s); deepest 6 new to 5413 d at planner fuel 711 kg
[11:39:56]   depth  1:   31 states (24 in H), t_end 4540-5004 d, fuel 595-654 kg
[11:39:56]   depth  2:   50 states (6 in H), t_end 4649-5411 d, fuel 619-679 kg
[11:39:56]   depth  3:   89 states (0 in H), t_end 4885-5452 d, fuel 636-706 kg
[11:39:56]   depth  4:   61 states (0 in H), t_end 5025-5464 d, fuel 662-730 kg
[11:39:56]   depth  5:   15 states (0 in H), t_end 5173-5419 d, fuel 677-721 kg
[11:39:56]   depth  6:    1 states (0 in H), t_end 5413-5413 d, fuel 711-711 kg
[11:39:56] candidates: 16 distinct committed target sets (n_new 1-2, potential 1-3)
[11:39:56] frontier: 16 candidates chosen (n fb / committed planner kg / continuation (lookahead) [full]; pot_mode lookahead, pot_cap None): 1fb/595kg/p3(2)[3], 1fb/612kg/p2(2)[2], 1fb/619kg/p2(2)[2], 1fb/620kg/p2(1)[2], 1fb/621kg/p2(2)[2], 1fb/631kg/p1(1)[1], 1fb/631kg/p2(2)[2], 1fb/631kg/p4(3)[4], 1fb/639kg/p2(2)[2], 1fb/646kg/p2(2)[2], 1fb/647kg/p1(1)[1], 1fb/654kg/p1(1)[1], 2fb/626kg/p2(2)[2], 2fb/645kg/p3(3)[3], 2fb/646kg/p1(1)[1], 2fb/674kg/p1(1)[1]
[11:39:56] budget: 271 s of 300 left for the settles + regrids (settle_wall 480)
[11:39:56] plan: 200 states, depth 5 new flybys, end plan_done (29 s); deepest 5 new to 5421 d at planner fuel 597 kg
[11:39:56]   depth  1:   35 states (20 in H), t_end 4369-5021 d, fuel 474-549 kg
[11:39:56]   depth  2:   66 states (8 in H), t_end 4742-5448 d, fuel 480-577 kg
[11:39:56]   depth  3:   62 states (0 in H), t_end 4932-5451 d, fuel 506-606 kg
[11:39:56]   depth  4:   30 states (0 in H), t_end 5030-5433 d, fuel 543-613 kg
[11:39:56]   depth  5:    7 states (0 in H), t_end 5218-5432 d, fuel 597-626 kg
[11:39:56] candidates: 19 distinct committed target sets (n_new 1-2, potential 0-3)
[11:39:56] frontier: 16 candidates chosen (n fb / committed planner kg / continuation (lookahead) [full]; pot_mode lookahead, pot_cap None): 1fb/474kg/p1(1)[1], 1fb/474kg/p1(1)[1], 1fb/479kg/p2(2)[2], 1fb/483kg/p0(0)[0], 1fb/492kg/p0(0)[0], 1fb/492kg/p3(3)[3], 1fb/494kg/p1(1)[1], 1fb/504kg/p1(0)[1], 1fb/521kg/p1(1)[1], 1fb/534kg/p4(3)[4], 1fb/535kg/p1(1)[1], 1fb/536kg/p2(2)[2], 2fb/537kg/p0(0)[0], 2fb/538kg/p2(2)[2], 2fb/546kg/p3(3)[3], 2fb/555kg/p3(3)[3]
[11:39:56] budget: 270 s of 300 left for the settles + regrids (settle_wall 480)
[11:39:58] plan: 456 states, depth 6 new flybys, end plan_done (31 s); deepest 6 new to 5462 d at planner fuel 657 kg
[11:39:58]   depth  1:   40 states (28 in H), t_end 4382-5005 d, fuel 520-595 kg
[11:39:58]   depth  2:   91 states (7 in H), t_end 4597-5332 d, fuel 536-621 kg
[11:39:58]   depth  3:  137 states (1 in H), t_end 4723-5461 d, fuel 550-654 kg
[11:39:58]   depth  4:  119 states (0 in H), t_end 4983-5466 d, fuel 561-673 kg
[11:39:58]   depth  5:   58 states (0 in H), t_end 5188-5468 d, fuel 616-684 kg
[11:39:58]   depth  6:   11 states (0 in H), t_end 5423-5462 d, fuel 657-692 kg
[11:39:58] candidates: 19 distinct committed target sets (n_new 1-3, potential 0-3)
[11:39:58] frontier: 16 candidates chosen (n fb / committed planner kg / continuation (lookahead) [full]; pot_mode lookahead, pot_cap None): 1fb/529kg/p2(2)[2], 1fb/530kg/p2(2)[2], 1fb/552kg/p3(2)[3], 1fb/566kg/p2(2)[2], 1fb/568kg/p0(0)[0], 1fb/575kg/p2(2)[2], 1fb/580kg/p0(0)[0], 1fb/584kg/p2(2)[2], 1fb/587kg/p4(2)[4], 1fb/588kg/p1(0)[1], 1fb/591kg/p3(3)[3], 2fb/574kg/p2(2)[2], 2fb/588kg/p2(2)[2], 2fb/590kg/p3(2)[3], 2fb/591kg/p2(2)[2], 3fb/620kg/p2(2)[2]
[11:39:58] budget: 269 s of 300 left for the settles + regrids (settle_wall 480)
[11:39:58] plan: 271 states, depth 5 new flybys, end plan_done (31 s); deepest 5 new to 5336 d at planner fuel 615 kg
[11:39:58]   depth  1:   35 states (29 in H), t_end 4426-4978 d, fuel 506-568 kg
[11:39:58]   depth  2:   57 states (7 in H), t_end 4754-5467 d, fuel 528-599 kg
[11:39:58]   depth  3:   81 states (0 in H), t_end 4895-5474 d, fuel 539-628 kg
[11:39:58]   depth  4:   70 states (0 in H), t_end 5011-5460 d, fuel 592-656 kg
[11:39:58]   depth  5:   28 states (0 in H), t_end 5265-5458 d, fuel 615-676 kg
[11:39:58] candidates: 18 distinct committed target sets (n_new 1-2, potential 0-2)
[11:39:58] frontier: 16 candidates chosen (n fb / committed planner kg / continuation (lookahead) [full]; pot_mode lookahead, pot_cap None): 1fb/508kg/p1(1)[1], 1fb/514kg/p2(2)[2], 1fb/526kg/p1(0)[1], 1fb/527kg/p0(0)[0], 1fb/530kg/p1(1)[1], 1fb/533kg/p2(2)[2], 1fb/535kg/p2(1)[2], 1fb/540kg/p2(2)[2], 1fb/543kg/p2(2)[2], 1fb/545kg/p1(1)[1], 1fb/554kg/p0(0)[0], 1fb/563kg/p0(0)[0], 1fb/566kg/p3(2)[3], 2fb/541kg/p0(0)[0], 2fb/566kg/p1(1)[1], 2fb/581kg/p2(2)[2]
[11:39:58] budget: 269 s of 300 left for the settles + regrids (settle_wall 480)
[11:39:59]     settle 26: 163 @   4850 d -> ok lintwin tank 864.5 (+15.3) miss 47 km (2.5 s)
[11:39:59]     settle 27: 239 @   4747 d -> ok lintwin tank 901.3 (+13.9) miss 77 km (1.4 s)
[11:39:59] plan: 358 states, depth 5 new flybys, end plan_done (32 s); deepest 5 new to 5422 d at planner fuel 606 kg
[11:39:59]   depth  1:   51 states (45 in H), t_end 4428-4947 d, fuel 527-594 kg
[11:39:59]   depth  2:   81 states (20 in H), t_end 4555-5323 d, fuel 535-620 kg
[11:39:59]   depth  3:  112 states (1 in H), t_end 4802-5454 d, fuel 550-646 kg
[11:39:59]   depth  4:   87 states (0 in H), t_end 5024-5465 d, fuel 595-673 kg
[11:39:59]   depth  5:   27 states (0 in H), t_end 5398-5454 d, fuel 606-681 kg
[11:39:59] candidates: 36 distinct committed target sets (n_new 1-3, potential 0-2)
[11:39:59] frontier: 16 candidates chosen (n fb / committed planner kg / continuation (lookahead) [full]; pot_mode lookahead, pot_cap None): 1fb/527kg/p2(2)[2], 1fb/531kg/p2(1)[2], 1fb/533kg/p2(2)[2], 1fb/548kg/p2(2)[2], 1fb/549kg/p3(2)[3], 1fb/550kg/p2(2)[2], 1fb/553kg/p3(2)[3], 1fb/563kg/p3(2)[3], 1fb/574kg/p3(2)[3], 1fb/577kg/p2(1)[2], 1fb/583kg/p3(2)[3], 2fb/557kg/p0(0)[0], 2fb/559kg/p1(1)[1], 2fb/570kg/p2(2)[2], 2fb/574kg/p2(2)[2], 3fb/609kg/p0(0)[0]
[11:39:59] budget: 268 s of 300 left for the settles + regrids (settle_wall 480)
[11:40:01]     settle 26: 154 @   4545 d -> ok lintwin tank 953.7 (+6.8) miss 81 km (5.2 s)
[11:40:02]     settle 25: 288 @   4600 d -> ok lin tank 899.6 (+3.6) miss 60 km (7.8 s)
[11:40:02]     settle 28: 124 @   4527 d -> ok lintwin tank 893.8 (+7.3) miss 76 km (2.8 s)
[11:40:02]     settle 26: 158 @   4774 d -> ok lintwin tank 849.9 (+0.7) miss 87 km (2.6 s)
[11:40:03] plan: 658 states, depth 7 new flybys, end plan_done (36 s); deepest 7 new to 5423 d at planner fuel 581 kg
[11:40:03]   depth  1:   38 states (30 in H), t_end 4352-5015 d, fuel 410-494 kg
[11:40:03]   depth  2:   88 states (31 in H), t_end 4416-5408 d, fuel 434-526 kg
[11:40:03]   depth  3:  150 states (8 in H), t_end 4676-5463 d, fuel 447-546 kg
[11:40:03]   depth  4:  150 states (0 in H), t_end 4870-5465 d, fuel 470-576 kg
[11:40:03]   depth  5:  150 states (0 in H), t_end 5065-5466 d, fuel 502-593 kg
[11:40:03]   depth  6:   75 states (0 in H), t_end 5175-5459 d, fuel 527-622 kg
[11:40:03]   depth  7:    7 states (0 in H), t_end 5423-5456 d, fuel 581-626 kg
[11:40:03] candidates: 45 distinct committed target sets (n_new 1-3, potential 0-3)
[11:40:03] frontier: 16 candidates chosen (n fb / committed planner kg / continuation (lookahead) [full]; pot_mode lookahead, pot_cap None): 1fb/418kg/p1(1)[1], 1fb/422kg/p4(2)[4], 1fb/424kg/p3(2)[3], 1fb/436kg/p2(2)[2], 1fb/440kg/p3(2)[3], 1fb/455kg/p2(2)[2], 1fb/457kg/p4(2)[4], 1fb/467kg/p5(3)[5], 1fb/477kg/p5(3)[5], 2fb/439kg/p1(1)[1], 2fb/444kg/p1(1)[1], 2fb/455kg/p3(2)[3], 2fb/489kg/p4(3)[4], 3fb/481kg/p2(2)[2], 3fb/492kg/p2(2)[2], 3fb/522kg/p3(3)[3]
[11:40:03] budget: 264 s of 300 left for the settles + regrids (settle_wall 480)
[11:40:03] plan: 589 states, depth 7 new flybys, end plan_done (36 s); deepest 7 new to 5444 d at planner fuel 748 kg
[11:40:03]   depth  1:   39 states (30 in H), t_end 4351-4998 d, fuel 548-618 kg
[11:40:03]   depth  2:  138 states (49 in H), t_end 4587-5460 d, fuel 567-636 kg
[11:40:03]   depth  3:  150 states (14 in H), t_end 4806-5457 d, fuel 577-665 kg
[11:40:03]   depth  4:  150 states (0 in H), t_end 4931-5452 d, fuel 600-690 kg
[11:40:03]   depth  5:   79 states (0 in H), t_end 5113-5451 d, fuel 613-713 kg
[11:40:03]   depth  6:   32 states (0 in H), t_end 5248-5447 d, fuel 667-729 kg
[11:40:03]   depth  7:    1 states (0 in H), t_end 5444-5444 d, fuel 748-748 kg
[11:40:03] candidates: 46 distinct committed target sets (n_new 1-3, potential 0-3)
[11:40:03] frontier: 16 candidates chosen (n fb / committed planner kg / continuation (lookahead) [full]; pot_mode lookahead, pot_cap None): 1fb/548kg/p2(1)[2], 1fb/557kg/p1(1)[1], 1fb/559kg/p2(2)[2], 1fb/570kg/p3(2)[3], 1fb/578kg/p4(2)[4], 1fb/580kg/p4(3)[4], 1fb/581kg/p2(1)[2], 1fb/603kg/p2(1)[2], 1fb/605kg/p4(3)[4], 2fb/576kg/p1(1)[1], 2fb/579kg/p0(0)[0], 2fb/598kg/p3(2)[3], 2fb/602kg/p2(2)[2], 3fb/603kg/p1(1)[1], 3fb/607kg/p2(2)[2], 3fb/637kg/p1(1)[1]
[11:40:03] budget: 264 s of 300 left for the settles + regrids (settle_wall 480)
[11:40:04]     settle 27: 233 @   4825 d -> ok lintwin tank 898.1 (+10.6) miss 54 km (3.9 s)
[11:40:05]     settle 27:  27 @   4487 d -> ok lintwin tank 917.9 (+9.0) miss 57 km (1.7 s)
[11:40:05]     settle 28:  33 @   4555 d -> ok lintwin tank 897.1 (+10.6) miss 35 km (2.4 s)
[11:40:07]     settle 26: 288 @   4568 d -> ok lintwin tank 958.2 (+11.2) miss 59 km (5.0 s)
[11:40:07]     settle 23:  99 @   4835 d -> ok lintwin tank 821.1 (+15.3) miss 64 km (4.7 s)
[11:40:08]     settle 25:  18 @   4800 d -> ok lintwin tank 868.7 (+2.2) miss 1 km (9.8 s)
[11:40:08]     settle 27:  18 @   4808 d -> ok lintwin tank 918.1 (+9.1) miss 75 km (2.8 s)
[11:40:08]     settle 26: 239 @   4741 d -> ok lintwin tank 853.7 (+4.5) miss 76 km (5.1 s)
[11:40:10]     settle 27: 169 @   4593 d -> ok lintwin tank 912.0 (+24.5) miss 69 km (6.2 s)
[11:40:10]     settle 25: 202 @   4403 d -> ok lintwin tank 925.5 (+29.5) miss 71 km (5.9 s)
[11:40:11]     settle 28: 231 @   4607 d -> ok lintwin tank 947.2 (+60.8) miss 64 km (4.7 s)
[11:40:11]     settle 23: 234 @   4376 d -> ok lintwin tank 818.3 (+12.5) miss 79 km (3.3 s)
[11:40:12]     settle 27:  59 @   4670 d -> ok lintwin tank 919.2 (+10.3) miss 78 km (2.8 s)
[11:40:15]     settle 26:  72 @   4677 d -> ok lintwin tank 972.2 (+25.3) miss 81 km (7.6 s)
[11:40:15]     settle 27:  72 @   4691 d -> ok lintwin tank 930.9 (+21.9) miss 45 km (2.2 s)
[11:40:15]     settle 23: 267 @   4404 d -> ok lintwin tank 813.6 (+7.9) miss 83 km (3.2 s)
[11:40:17]     settle 25:  70 @   4615 d -> ok lintwin tank 911.2 (+15.1) miss 70 km (5.3 s)
[11:40:17]     settle 27:  82 @   4441 d -> ok lintwin tank 922.3 (+13.3) miss 38 km (1.5 s)
[11:40:18]     settle 25: 171 @   4813 d -> ok lintwin tank 871.6 (+5.1) miss 77 km (8.6 s)
[11:40:18]     settle 27:  74 @   4384 d -> ok lintwin tank 920.3 (+32.8) miss 67 km (6.4 s)
[11:40:18]     settle 26:  99 @   4832 d -> ok lintwin tank 950.0 (+100.7) miss 71 km (8.9 s)
[11:40:20]     settle 23: 233 @   4835 d -> ok lintwin tank 809.5 (+3.7) miss 68 km (3.5 s)
[11:40:21]     settle 28: 235 @   4705 d -> ok lintwin tank 966.8 (+80.3) miss 68 km (8.9 s)
[11:40:23]     settle 27:  99 @   4822 d -> ok lintwin tank 902.8 (+15.3) miss 66 km (4.4 s)
[11:40:24]     settle 26:  75 @   4608 d -> ok lintwin tank 1044.1 (+97.2) miss 3 km (8.4 s)
[11:40:24]     settle 26:  27 @   4486 d -> ok lintwin tank 857.6 (+8.3) miss 72 km (5.1 s)
[11:40:25]     settle 25:  72 @   4675 d -> ok lintwin tank 913.6 (+17.6) miss 2 km (7.1 s)
[11:40:25]     settle 25: 154 @   4514 d -> ok lintwin tank 975.6 (+109.2) miss 80 km (6.6 s)
[11:40:25]     settle 28:  90 @   4508 d -> ok lintwin tank 907.9 (+21.4) miss 72 km (3.3 s)
[11:40:26]     settle 23: 155 @   4503 d -> ok lintwin tank 863.5 (+57.7) miss 78 km (5.5 s)
[11:40:26]     settle 27: 288 @   4360 d -> ok lam tank 1011.9 (+102.9) miss 1 km (8.1 s)
[11:40:27]     settle 26: 202 @   4378 d -> ok lintwin tank 863.7 (+14.4) miss 50 km (2.2 s)
[11:40:30]     settle 27: 158 @   4771 d -> ok lintwin tank 917.3 (+29.8) miss 8 km (6.8 s)
[11:40:31]     settle 25: 104 @   4571 d -> ok lintwin tank 938.6 (+42.6) miss 73 km (5.0 s)
[11:40:31]     settle 26:  70 @   4638 d -> ok lintwin tank 975.7 (+28.8) miss 73 km (6.3 s)
[11:40:33]     settle 23:  45 @   4548 d -> ok lintwin tank 919.2 (+113.4) miss 25 km (6.3 s)
[11:40:33]     settle 27: 109 @   4456 d -> ok lintwin tank 942.0 (+33.1) miss 62 km (5.7 s)
[11:40:34]     settle 28: 241 @   4458 d -> ok lintwin tank 899.0 (+12.5) miss 73 km (7.7 s)
[11:40:35]     settle 25: 227 @   4583 d -> ok lintwin tank 896.3 (+29.9) miss 65 km (9.2 s)
[11:40:36]     settle 23: 202 @   4367 d -> ok lintwin tank 838.5 (+32.7) miss 70 km (2.2 s)
[11:40:36]     settle 27: 113 @   4773 d -> ok lam tank 943.4 (+55.9) miss 9 km (5.3 s)
[11:40:37]     settle 26: 210 @   4564 d -> ok lintwin tank 939.2 (+89.9) miss 16 km (8.5 s)
[11:40:38]     settle 23: 239 @   4398 d -> ok lintwin tank 833.3 (+27.5) miss 27 km (1.2 s)
[11:40:40]     settle 25: 154 @   4545 d -> ok lintwin tank 925.2 (+29.2) miss 69 km (8.0 s)
[11:40:41]     settle 27:  70 @   4606 d -> ok lintwin tank 949.5 (+40.5) miss 83 km (7.1 s)
[11:40:41]     settle 26: 206 @   4834 d -> ok lintwin tank 963.4 (+16.4) miss 72 km (7.8 s)
[11:40:41]   drift: leg 206@4834 d settled outside (T, T+H] -> column cut at 0
[11:40:41]     settle 23: 252 @   4368 d -> ok lintwin tank 816.4 (+10.6) miss 68 km (2.9 s)
[11:40:42]     settle 26: 229 @   4477 d -> ok lintwin tank 856.5 (+7.3) miss 46 km (3.6 s)
[11:40:42]     settle 25: 240 @   4493 d -> ok lintwin tank 885.9 (+19.4) miss 56 km (6.1 s)
[11:40:43]     settle 28: 172 @   4487 d -> ok lintwin tank 911.9 (+25.4) miss 25 km (7.7 s)
[11:40:44]     settle 27: 283 @   4600 d -> ok lintwin tank 946.7 (+59.2) miss 73 km (5.7 s)
[11:40:45]     settle 23: 252 @   4376 d -> ok lintwin tank 816.4 (+10.6) miss 79 km (2.7 s)
[11:40:47]     settle 25:  18 @   4701 d -> ok lintwin tank 908.5 (+12.5) miss 79 km (6.9 s)
[11:40:48]     settle 24:  45 @   4726 d -> ok lintwin tank 824.8 (+8.4) miss 82 km (3.2 s)
[11:40:48]     settle 26: 171 @   4763 d -> ok lintwin tank 1033.2 (+86.3) miss 83 km (7.4 s)
[11:40:49]     settle 26: 283 @   4620 d -> ok lintwin tank 884.3 (+35.0) miss 69 km (6.5 s)
[11:40:49]     settle 27:  39 @   4553 d -> ok lintwin tank 935.6 (+26.6) miss 67 km (8.0 s)
[11:40:50]     settle 28: 283 @   4567 d -> ok lintwin tank 914.4 (+28.0) miss 77 km (7.1 s)
[11:40:51]     settle 27: 221 @   4387 d -> ok lintwin tank 892.8 (+5.3) miss 63 km (4.3 s)
[11:40:51]     settle 27:  82 @   4438 d -> ok lintwin tank 922.3 (+13.3) miss 38 km (1.3 s)
[11:40:52]     settle 23: 267 @   4407 d -> ok lintwin tank 813.7 (+7.9) miss 83 km (3.0 s)
[11:40:52]     settle 25:  75 @   4458 d -> ok lintwin tank 884.9 (+18.4) miss 1 km (9.2 s)
[11:40:53]     settle 28: 171 @   4798 d -> ok lintwin tank 926.0 (+3.7) miss 71 km (1.9 s)
[11:40:55]     settle 24:  45 @   4727 d -> ok lintwin tank 823.5 (+9.9) miss 66 km (3.1 s)
[11:40:56]     settle 28:  75 @   4447 d -> ok lintwin tank 945.9 (+59.4) miss 58 km (4.6 s)
[11:40:56]     settle 26:  39 @   4560 d -> ok lintwin tank 969.5 (+22.5) miss 83 km (6.6 s)
[11:40:58]     settle 28: 171 @   4799 d -> ok lintwin tank 934.0 (+16.0) miss 69 km (3.5 s)
[11:40:59]     settle 24: 246 @   4603 d -> ok lintwin tank 835.2 (+17.0) miss 58 km (3.8 s)
[11:41:00]     settle 28:  59 @   4651 d -> ok lintwin tank 935.4 (+13.2) miss 36 km (1.5 s)
[11:41:00]     settle 27: 134 @   4608 d -> ok lintwin tank 1153.8 (+266.4) miss 2 km (8.1 s)
[11:41:01]     settle 25:  39 @   4563 d -> ok lintwin tank 908.6 (+42.2) miss 65 km (8.3 s)
[11:41:03]     settle 26: 235 @   4623 d -> FAIL [('lam', 480.5)] (12.3 s)
[11:41:03]     settle 28: 134 @   4622 d -> ok lintwin tank 988.6 (+102.2) miss 40 km (6.3 s)
[11:41:03]     settle 24: 246 @   4595 d -> ok lintwin tank 844.0 (+10.7) miss 70 km (3.6 s)
[11:41:03]     settle 28:  18 @   4811 d -> ok lintwin tank 938.7 (+16.4) miss 69 km (2.9 s)
[11:41:06]     settle 25: 155 @   4681 d -> ok lintwin tank 843.8 (+8.6) miss 80 km (1.4 s)
[11:41:06]     settle 26:  98 @   4831 d -> ok lintwin tank 994.6 (+47.6) miss 3 km (9.0 s)
[11:41:07]     settle 27:  45 @   4728 d -> ok lintwin tank 912.6 (+25.1) miss 72 km (6.7 s)
[11:41:07]     settle 26:  45 @   4728 d -> ok lintwin tank 894.6 (+45.3) miss 42 km (4.6 s)
[11:41:09]     settle 28: 249 @   4497 d -> ok lintwin tank 920.5 (+34.1) miss 59 km (4.7 s)
[11:41:09]     settle 25: 245 @   4706 d -> FAIL [('lam', 391.5)] (21.4 s)
[11:41:10]     settle 25: 210 @   4756 d -> ok lintwin tank 875.8 (+9.3) miss 66 km (8.0 s)
[11:41:10]     settle 24: 246 @   4604 d -> ok lintwin tank 833.3 (+16.9) miss 74 km (3.8 s)
[11:41:11]     settle 25: 155 @   4680 d -> ok lintwin tank 842.6 (+9.3) miss 34 km (1.3 s)
[11:41:13]     settle 28:  45 @   4725 d -> ok lintwin tank 921.2 (+9.3) miss 76 km (4.7 s)
[11:41:13]     settle 25: 158 @   4769 d -> ok lintwin tank 862.3 (+18.3) miss 76 km (1.3 s)
[11:41:14] RESULT s08_c5: 16 columns; frontier 1fb 3 kg p2/3 | 2fb 17 kg p1/3 | 3fb 36 kg p2/3; settles 19 (19 ok), regrids 16 (16 ok); wall 107 s of 300 (plan 36, price 2, settle 71; budget hit None, 0 unsettled)
[11:41:14]     settle 26: 245 @   4766 d -> ok lintwin tank 975.0 (+28.1) miss 68 km (8.1 s)
[11:41:15]     settle 25: 109 @   4811 d -> ok lintwin tank 914.0 (+18.0) miss 73 km (5.4 s)
[11:41:15]   job s08_c5 craft columns  16  levels 7  settles 19/19  end plan_done  wall 106.9 s
[11:41:15]     settle 29: 113 @   4790 d -> ok lintwin tank 909.9 (+16.1) miss 76 km (5.3 s)
[11:41:15]     settle 28:  70 @   4618 d -> ok lintwin tank 1002.5 (+-9.3) miss 1 km (11.2 s)
[11:41:16]     settle 26: 113 @   4838 d -> ok lintwin tank 893.0 (+43.7) miss 12 km (8.2 s)
[11:41:19]     settle 27: 245 @   4847 d -> ok lintwin tank 888.0 (+31.4) miss 66 km (2.0 s)
[11:41:20]     settle 27: 169 @   4582 d -> ok lintwin tank 911.9 (+24.5) miss 85 km (6.3 s)
[11:41:20]     settle 25: 172 @   4858 d -> ok lintwin tank 993.7 (+127.3) miss 2 km (9.5 s)
[11:41:20]   drift: leg 172@4858 d settled outside (T, T+H] -> column cut at 0
[11:41:23]     settle 25:  39 @   4556 d -> ok lintwin tank 921.1 (+25.1) miss 2 km (6.8 s)
[11:41:23]     settle 29: 113 @   4790 d -> ok lintwin tank 906.3 (+9.2) miss 74 km (6.9 s)
[11:41:23]     settle 26: 104 @   4782 d -> ok lintwin tank 967.3 (+20.3) miss 3 km (8.2 s)
[11:41:23]     settle 28: 158 @   4767 d -> ok lintwin tank 930.0 (+18.1) miss 74 km (3.7 s)
[11:41:24]     settle 29: 109 @   4855 d -> ok lintwin tank 1044.7 (+42.1) miss 1 km (8.6 s)
[11:41:25]     settle 26: 202 @   4372 d -> ok lintwin tank 863.7 (+14.4) miss 49 km (2.0 s)
[11:41:27]     settle 29:  18 @   4811 d -> ok lintwin tank 938.6 (+3.2) miss 82 km (1.7 s)
[11:41:27]     settle 29:  72 @   4597 d -> ok lintwin tank 926.3 (+14.4) miss 66 km (3.3 s)
[11:41:28]     settle 27: 239 @   4742 d -> ok lintwin tank 870.9 (+7.2) miss 50 km (2.6 s)
[11:41:29]   3 candidates dropped (settle failure / regrid failure / duplicate after truncation)
[11:41:29] RESULT s08_c4: 13 columns; frontier 1fb 0 kg p1/3 | 2fb 21 kg p2/2; settles 15 (14 ok), regrids 13 (13 ok); wall 122 s of 300 (plan 29, price 1, settle 92; budget hit None, 0 unsettled)
[11:41:29]     settle 25: 245 @   4716 d -> ok lintwin tank 1006.7 (+140.2) miss 68 km (8.6 s)
[11:41:29]   job s08_c4 craft columns  13  levels 5  settles 14/15  end plan_done  wall 122.0 s
[11:41:29]     settle 28: 169 @   4600 d -> ok lintwin tank 926.2 (+33.4) miss 84 km (5.3 s)
[11:41:30]     settle 28:  59 @   4657 d -> ok lintwin tank 939.8 (+4.2) miss 61 km (2.3 s)
[11:41:30]     settle 26: 136 @   4708 d -> ok lam tank 991.5 (+44.5) miss 3 km (5.9 s)
[11:41:31]     settle 25: 171 @   4777 d -> ok lintwin tank 929.7 (+33.7) miss 1 km (6.8 s)
[11:41:31]     settle 29:  18 @   4740 d -> ok lintwin tank 928.3 (+20.5) miss 69 km (3.5 s)
[11:41:33]     settle 27: 221 @   4457 d -> ok lintwin tank 892.9 (+5.4) miss 54 km (3.4 s)
[11:41:34]     settle 27:  70 @   4651 d -> ok lintwin tank 987.1 (+33.4) miss 64 km (3.2 s)
[11:41:36]     settle 28: 239 @   4744 d -> ok lintwin tank 905.9 (+13.0) miss 78 km (2.3 s)
[11:41:36]     settle 29:  72 @   4602 d -> ok lintwin tank 926.0 (+14.1) miss 77 km (3.9 s)
[11:41:36]     settle 29: 109 @   4842 d -> ok lintwin tank 974.5 (+34.7) miss 13 km (6.2 s)
[11:41:37] RESULT s08_c0: 16 columns; frontier 1fb 9 kg p1/3 | 2fb 17 kg p1/2 | 3fb 29 kg p2/2; settles 19 (19 ok), regrids 16 (16 ok); wall 130 s of 300 (plan 36, price 2, settle 93; budget hit None, 0 unsettled)
[11:41:37]     settle 25:  75 @   4553 d -> ok lintwin tank 939.5 (+43.5) miss 70 km (5.6 s)
[11:41:37]   job s08_c0 craft columns  16  levels 7  settles 19/19  end plan_done  wall 129.6 s
[11:41:38]     settle 25:  98 @   4730 d -> ok lintwin tank 912.4 (+45.9) miss 71 km (8.5 s)
[11:41:39]     settle 29:  45 @   4723 d -> ok lintwin tank 938.8 (+12.6) miss 70 km (2.7 s)
[11:41:40]     settle 27:  72 @   4680 d -> ok lintwin tank 973.3 (+3.9) miss 68 km (5.1 s)
[11:41:40] RESULT s08_c6: 16 columns; frontier 1fb 5 kg p2/3 | 2fb 18 kg p2/2 | 3fb 51 kg p2/2; settles 18 (18 ok), regrids 16 (16 ok); wall 133 s of 300 (plan 31, price 1, settle 102; budget hit None, 0 unsettled)
[11:41:41]   job s08_c6 craft columns  16  levels 6  settles 18/18  end plan_done  wall 132.8 s
[11:41:42]     settle 30: 171 @   4802 d -> ok lintwin tank 942.0 (+16.1) miss 67 km (5.7 s)
[11:41:42] RESULT s08_c7: 16 columns; frontier 1fb 7 kg p2/2 | 2fb 20 kg p1/2 | 3fb 55 kg p0/0; settles 17 (17 ok), regrids 16 (16 ok); wall 135 s of 300 (plan 32, price 1, settle 103; budget hit None, 0 unsettled)
[11:41:43]   job s08_c7 craft columns  16  levels 5  settles 17/17  end plan_done  wall 135.3 s
[11:41:45]     settle 25:  27 @   4482 d -> ok lintwin tank 935.3 (+39.3) miss 71 km (7.0 s)
[11:41:48]     settle 25:  27 @   4484 d -> ok lintwin tank 1074.3 (+207.8) miss 33 km (9.2 s)
[11:41:49]     settle 27: 295 @   4793 d -> ok lintwin tank 1108.6 (+64.5) miss 4 km (8.4 s)
[11:41:51]     settle 26:  18 @   4841 d -> ok lam tank 925.7 (+26.1) miss 63 km (5.8 s)
[11:41:57]     settle 26:  72 @   4605 d -> ok lam tank 989.7 (+42.7) miss 4 km (5.6 s)
[11:41:58]     settle 25: 288 @   4665 d -> ok lam tank 920.3 (+53.9) miss 2 km (6.6 s)
[11:41:58]     settle 25: 154 @   4535 d -> ok lintwin tank 925.4 (+29.4) miss 74 km (5.9 s)
[11:42:03]     settle 27: 113 @   4795 d -> ok lintwin tank 1029.3 (+39.6) miss 80 km (6.4 s)
[11:42:04]   1 candidates dropped (settle failure / regrid failure / duplicate after truncation)
[11:42:04] RESULT s08_c3: 15 columns; frontier 1fb 7 kg p2/3 | 2fb 26 kg p3/3; settles 17 (17 ok), regrids 15 (15 ok); wall 157 s of 300 (plan 29, price 1, settle 128; budget hit None, 0 unsettled)
[11:42:04]     settle 26:  18 @   4837 d -> ok lintwin tank 933.1 (+7.7) miss 34 km (6.1 s)
[11:42:05]   job s08_c3 craft columns  15  levels 6  settles 17/17  end plan_done  wall 157.1 s
[11:42:08]     settle 26: 210 @   4754 d -> ok lintwin tank 1054.7 (+79.1) miss 5 km (9.0 s)
[11:42:11]     settle 26:  18 @   4841 d -> ok lintwin tank 928.4 (+7.3) miss 69 km (6.4 s)
[11:42:12]   1 candidates dropped (settle failure / regrid failure / duplicate after truncation)
[11:42:12] RESULT s08_c2: 15 columns; frontier 1fb 3 kg p1/2 | 2fb 30 kg p1/1; settles 17 (16 ok), regrids 15 (15 ok); wall 165 s of 300 (plan 27, price 1, settle 138; budget hit None, 0 unsettled)
[11:42:13]   job s08_c2 craft columns  15  levels 5  settles 16/17  end plan_done  wall 164.9 s
[11:42:17]     settle 26:  18 @   4791 d -> ok lintwin tank 928.3 (+19.7) miss 64 km (7.3 s)
[11:42:27]     settle 26: 295 @   4776 d -> ok lintwin tank 925.3 (+5.0) miss 1 km (9.1 s)
[11:42:27]   1 candidates dropped (settle failure / regrid failure / duplicate after truncation)
[11:42:27] RESULT s08_c1: 15 columns; frontier 1fb 2 kg p1/2 | 2fb 58 kg p2/2; settles 16 (16 ok), regrids 15 (15 ok); wall 180 s of 300 (plan 31, price 2, settle 149; budget hit None, 0 unsettled)
[11:42:29]   job s08_c1 craft columns  15  levels 5  settles 16/16  end plan_done  wall 180.5 s
[11:42:29] [slice 8] propose: 122 columns (0 bad dropped) in 182.4 s
[11:42:29] [slice 8] auction: 122 columns, kept 119, dropped {'fuel': 3}; lam 1.00 H_eff 540 d fuel budget 482 kg quota OFF
[11:42:29] [slice 8] auction: status optimal objective 40.933 vars 119 rows 45 chosen 8 fuel 257/482 kg (0.015 s)
[11:42:31] [slice 8] claims: c0:2 c1:2 c2:1 c3:3 c4:2 c5:1 c6:2  (13 targets: 0 kept, 13 new; 9 released, 0 expired (ttl 2), 2 conflicts)
[11:42:31] [slice 8 T=4320 d] launched 8/8  covered 217  remaining 81  fuel 2503 kg  sumJi 10.1936  chosen: c0:3(+29) c1:2(+58) c2:1(+14) c3:2(+26) c4:2(+21) c5:3(+36) c6:3(+51) c7:2(+20)  rejected: -  (wall 184 s)
[11:42:31] [slice 9] effective horizon 616.8 d (the last slice absorbs the mission tail; H 540.0)
[11:42:31] [slice 9] claims in force: c0:2 c1:2 c2:1 c3:3 c4:2 c5:1 c6:2  (13 targets; claim_bonus 0.5, ttl 2)
[11:42:31]   c0: claims: 2 own (prized +0.5), 11 claimed by others withheld
[11:42:31]   c1: claims: 2 own (prized +0.5), 11 claimed by others withheld
[11:42:31]   c2: claims: 1 own (prized +0.5), 12 claimed by others withheld
[11:42:31]   c3: claims: 3 own (prized +0.5), 10 claimed by others withheld
[11:42:31]   c4: claims: 2 own (prized +0.5), 11 claimed by others withheld
[11:42:31]   c5: claims: 1 own (prized +0.5), 12 claimed by others withheld
[11:42:31]   c6: claims: 2 own (prized +0.5), 11 claimed by others withheld
[11:42:31]   c7: claims: 0 own (prized +0.5), 13 claimed by others withheld
[11:42:31] [slice 9 T=4860 d] propose: 8 jobs (8 craft, 0 root) on 9 workers, proposer planbeam, H_eff 617 d, lam 1.0
[11:42:31] job s09_c1 (craft, craft 1, planbeam): T 4860 d H 617 L 360; plan horizon 5477 d; remaining 70; prize >1 on 70; width 150 npt 6 mc 150 dv 1.2 drmax 0.15 plan_wall 240 s; quota None
[11:42:31] job s09_c2 (craft, craft 2, planbeam): T 4860 d H 617 L 360; plan horizon 5477 d; remaining 69; prize >1 on 69; width 150 npt 6 mc 150 dv 1.2 drmax 0.15 plan_wall 240 s; quota None
[11:42:31] job s09_c4 (craft, craft 4, planbeam): T 4860 d H 617 L 360; plan horizon 5477 d; remaining 70; prize >1 on 70; width 150 npt 6 mc 150 dv 1.2 drmax 0.15 plan_wall 240 s; quota None
[11:42:31] job s09_c5 (craft, craft 5, planbeam): T 4860 d H 617 L 360; plan horizon 5477 d; remaining 69; prize >1 on 69; width 150 npt 6 mc 150 dv 1.2 drmax 0.15 plan_wall 240 s; quota None
[11:42:31] job s09_c0 (craft, craft 0, planbeam): T 4860 d H 617 L 360; plan horizon 5477 d; remaining 70; prize >1 on 70; width 150 npt 6 mc 150 dv 1.2 drmax 0.15 plan_wall 240 s; quota None
[11:42:31] job s09_c7 (craft, craft 7, planbeam): T 4860 d H 617 L 360; plan horizon 5477 d; remaining 68; prize >1 on 68; width 150 npt 6 mc 150 dv 1.2 drmax 0.15 plan_wall 240 s; quota None
[11:42:31] job s09_c3 (craft, craft 3, planbeam): T 4860 d H 617 L 360; plan horizon 5477 d; remaining 71; prize >1 on 71; width 150 npt 6 mc 150 dv 1.2 drmax 0.15 plan_wall 240 s; quota None
[11:42:31] job s09_c6 (craft, craft 6, planbeam): T 4860 d H 617 L 360; plan horizon 5477 d; remaining 70; prize >1 on 70; width 150 npt 6 mc 150 dv 1.2 drmax 0.15 plan_wall 240 s; quota None
[11:42:31] prefix slices/s09/in/craft_5.npz: 25 flybys, t_end 4685.3 d, tank 842.0 kg (planner view), miss 3.4 km, nreg 229
[11:42:31] budget: job_wall 300 s, 300 s left before the plan -> plan cap 210 s (plan_wall 240, settle_reserve 90)
[11:42:31] prefix slices/s09/in/craft_3.npz: 27 flybys, t_end 4680.9 d, tank 972.9 kg (planner view), miss 2.1 km, nreg 233
[11:42:31] prefix slices/s09/in/craft_4.npz: 27 flybys, t_end 4738.0 d, tank 870.5 kg (planner view), miss 5.9 km, nreg 233
[11:42:31] budget: job_wall 300 s, 300 s left before the plan -> plan cap 210 s (plan_wall 240, settle_reserve 90)
[11:42:31] budget: job_wall 300 s, 300 s left before the plan -> plan cap 210 s (plan_wall 240, settle_reserve 90)
[11:42:31] prefix slices/s09/in/craft_7.npz: 29 flybys, t_end 4789.5 d, tank 906.2 kg (planner view), miss 12.2 km, nreg 229
[11:42:31] budget: job_wall 300 s, 300 s left before the plan -> plan cap 210 s (plan_wall 240, settle_reserve 90)
[11:42:31] prefix slices/s09/in/craft_2.npz: 25 flybys, t_end 4619.8 d, tank 910.4 kg (planner view), miss 23.0 km, nreg 230
[11:42:31] budget: job_wall 300 s, 300 s left before the plan -> plan cap 210 s (plan_wall 240, settle_reserve 90)
[11:42:31] prefix slices/s09/in/craft_1.npz: 26 flybys, t_end 4777.8 d, tank 924.9 kg (planner view), miss 12.5 km, nreg 241
[11:42:31] budget: job_wall 300 s, 300 s left before the plan -> plan cap 210 s (plan_wall 240, settle_reserve 90)
[11:42:31] prefix slices/s09/in/craft_6.npz: 29 flybys, t_end 4725.7 d, tank 938.4 kg (planner view), miss 3.3 km, nreg 229
[11:42:31] budget: job_wall 300 s, 300 s left before the plan -> plan cap 210 s (plan_wall 240, settle_reserve 90)
[11:42:31] prefix slices/s09/in/craft_0.npz: 29 flybys, t_end 4810.0 d, tank 937.9 kg (planner view), miss 9.0 km, nreg 243
[11:42:31] budget: job_wall 300 s, 300 s left before the plan -> plan cap 210 s (plan_wall 240, settle_reserve 90)
[11:42:51] first level (both): 0 production + 7 relaxed (dv 2.5, 0.3 AU; 0.1 s) + 15 lintwin children -> 20 unique (19.7 s)
[11:42:51] plan start: prefix 25 flybys, t_end 4619.8 d, planner mass 1057.1 kg (dv 16.258 km/s); 20 first-level states
[11:42:51] first level (both): 0 production + 21 relaxed (dv 2.5, 0.3 AU; 0.0 s) + 31 lintwin children -> 41 unique (19.9 s)
[11:42:51] plan start: prefix 25 flybys, t_end 4685.3 d, planner mass 1143.0 kg (dv 13.193 km/s); 41 first-level states
[11:42:52] plan: 44 states, depth 3 new flybys, end plan_done (20 s); deepest 3 new to 5430 d at planner fuel 606 kg
[11:42:52]   depth  1:   20 states (20 in H), t_end 4945-5477 d, fuel 560-620 kg
[11:42:52]   depth  2:   20 states (20 in H), t_end 5171-5451 d, fuel 572-649 kg
[11:42:52]   depth  3:    4 states (4 in H), t_end 5420-5430 d, fuel 606-616 kg
[11:42:52] candidates: 21 distinct committed target sets (n_new 1-3, potential 0-0)
[11:42:52] frontier: 16 candidates chosen (n fb / committed planner kg / continuation (lookahead) [full]; pot_mode lookahead, pot_cap None): 1fb/562kg/p0(0)[0], 1fb/565kg/p0(0)[0], 1fb/567kg/p1(0)[1], 1fb/568kg/p2(0)[2], 1fb/575kg/p0(0)[0], 1fb/584kg/p0(0)[0], 1fb/586kg/p0(0)[0], 1fb/596kg/p0(0)[0], 1fb/598kg/p1(0)[1], 1fb/608kg/p1(0)[1], 1fb/620kg/p1(0)[1], 1fb/620kg/p1(0)[1], 2fb/582kg/p0(0)[0], 2fb/593kg/p1(0)[1], 2fb/611kg/p0(0)[0], 3fb/606kg/p0(0)[0]
[11:42:52] budget: 280 s of 300 left for the settles + regrids (settle_wall 480)
[11:42:52] first level (both): 0 production + 41 relaxed (dv 2.5, 0.3 AU; 0.0 s) + 27 lintwin children -> 49 unique (20.9 s)
[11:42:52] plan start: prefix 29 flybys, t_end 4725.7 d, planner mass 1025.6 kg (dv 17.447 km/s); 49 first-level states
[11:42:53] first level (both): 0 production + 15 relaxed (dv 2.5, 0.3 AU; 0.0 s) + 21 lintwin children -> 25 unique (21.5 s)
[11:42:53] plan start: prefix 29 flybys, t_end 4789.5 d, planner mass 1062.0 kg (dv 16.077 km/s); 25 first-level states
[11:42:53] plan: 123 states, depth 3 new flybys, end plan_done (22 s); deepest 3 new to 5290 d at planner fuel 510 kg
[11:42:53]   depth  1:   41 states (41 in H), t_end 4883-5457 d, fuel 461-534 kg
[11:42:53]   depth  2:   56 states (56 in H), t_end 5043-5453 d, fuel 487-563 kg
[11:42:53]   depth  3:   26 states (26 in H), t_end 5277-5464 d, fuel 510-579 kg
[11:42:53] candidates: 77 distinct committed target sets (n_new 1-3, potential 0-0)
[11:42:53] frontier: 16 candidates chosen (n fb / committed planner kg / continuation (lookahead) [full]; pot_mode lookahead, pot_cap None): 1fb/461kg/p1(0)[1], 1fb/465kg/p0(0)[0], 1fb/472kg/p2(0)[2], 1fb/475kg/p2(0)[2], 1fb/475kg/p2(0)[2], 1fb/484kg/p2(0)[2], 1fb/485kg/p2(0)[2], 1fb/490kg/p2(0)[2], 1fb/518kg/p2(0)[2], 1fb/518kg/p2(0)[2], 2fb/487kg/p1(0)[1], 2fb/495kg/p1(0)[1], 2fb/496kg/p0(0)[0], 3fb/510kg/p0(0)[0], 3fb/514kg/p0(0)[0], 3fb/518kg/p0(0)[0]
[11:42:53] budget: 278 s of 300 left for the settles + regrids (settle_wall 480)
[11:42:53] first level (both): 0 production + 27 relaxed (dv 2.5, 0.3 AU; 0.1 s) + 20 lintwin children -> 37 unique (21.6 s)
[11:42:53] plan start: prefix 29 flybys, t_end 4810.0 d, planner mass 1026.1 kg (dv 17.426 km/s); 37 first-level states
[11:42:53] first level (both): 0 production + 23 relaxed (dv 2.5, 0.3 AU; 0.0 s) + 35 lintwin children -> 44 unique (21.9 s)
[11:42:53] plan start: prefix 27 flybys, t_end 4680.9 d, planner mass 989.2 kg (dv 18.861 km/s); 44 first-level states
[11:42:54] plan: 48 states, depth 4 new flybys, end plan_done (22 s); deepest 4 new to 5446 d at planner fuel 669 kg
[11:42:54]   depth  1:   25 states (25 in H), t_end 4887-5444 d, fuel 550-616 kg
[11:42:54]   depth  2:   19 states (19 in H), t_end 5004-5406 d, fuel 585-638 kg
[11:42:54]   depth  3:    3 states (3 in H), t_end 5276-5409 d, fuel 612-658 kg
[11:42:54]   depth  4:    1 states (1 in H), t_end 5446-5446 d, fuel 669-669 kg
[11:42:54] candidates: 32 distinct committed target sets (n_new 1-4, potential 0-0)
[11:42:54] frontier: 16 candidates chosen (n fb / committed planner kg / continuation (lookahead) [full]; pot_mode lookahead, pot_cap None): 1fb/550kg/p0(0)[0], 1fb/553kg/p0(0)[0], 1fb/555kg/p0(0)[0], 1fb/562kg/p2(0)[2], 1fb/573kg/p2(0)[2], 1fb/580kg/p1(0)[1], 1fb/585kg/p1(0)[1], 1fb/593kg/p1(0)[1], 1fb/597kg/p3(0)[3], 2fb/585kg/p1(0)[1], 2fb/585kg/p0(0)[0], 2fb/627kg/p2(0)[2], 3fb/612kg/p0(0)[0], 3fb/619kg/p0(0)[0], 3fb/658kg/p1(0)[1], 4fb/669kg/p0(0)[0]
[11:42:54] budget: 278 s of 300 left for the settles + regrids (settle_wall 480)
[11:42:54] first level (both): 0 production + 17 relaxed (dv 2.5, 0.3 AU; 0.1 s) + 22 lintwin children -> 33 unique (22.3 s)
[11:42:54] plan start: prefix 26 flybys, t_end 4777.8 d, planner mass 1040.5 kg (dv 16.878 km/s); 33 first-level states
[11:42:54] first level (both): 0 production + 16 relaxed (dv 2.5, 0.3 AU; 0.0 s) + 23 lintwin children -> 29 unique (22.4 s)
[11:42:54] plan start: prefix 27 flybys, t_end 4738.0 d, planner mass 1105.6 kg (dv 14.498 km/s); 29 first-level states
[11:42:54] plan: 126 states, depth 4 new flybys, end plan_done (23 s); deepest 4 new to 5426 d at planner fuel 700 kg
[11:42:54]   depth  1:   49 states (49 in H), t_end 4895-5436 d, fuel 583-647 kg
[11:42:54]   depth  2:   58 states (58 in H), t_end 5102-5471 d, fuel 601-673 kg
[11:42:54]   depth  3:   17 states (17 in H), t_end 5239-5447 d, fuel 628-698 kg
[11:42:54]   depth  4:    2 states (2 in H), t_end 5405-5426 d, fuel 700-727 kg
[11:42:54] candidates: 66 distinct committed target sets (n_new 1-4, potential 0-0)
[11:42:54] frontier: 16 candidates chosen (n fb / committed planner kg / continuation (lookahead) [full]; pot_mode lookahead, pot_cap None): 1fb/583kg/p0(0)[0], 1fb/591kg/p1(0)[1], 1fb/592kg/p2(0)[2], 1fb/596kg/p1(0)[1], 1fb/626kg/p2(0)[2], 1fb/631kg/p3(0)[3], 1fb/638kg/p2(0)[2], 1fb/647kg/p3(0)[3], 2fb/601kg/p0(0)[0], 2fb/610kg/p0(0)[0], 2fb/652kg/p2(0)[2], 3fb/628kg/p0(0)[0], 3fb/673kg/p0(0)[0], 3fb/683kg/p1(0)[1], 4fb/700kg/p0(0)[0], 4fb/727kg/p0(0)[0]
[11:42:54] budget: 277 s of 300 left for the settles + regrids (settle_wall 480)
[11:42:54] plan: 83 states, depth 3 new flybys, end plan_done (23 s); deepest 3 new to 5440 d at planner fuel 631 kg
[11:42:54]   depth  1:   37 states (37 in H), t_end 4930-5440 d, fuel 585-645 kg
[11:42:54]   depth  2:   37 states (37 in H), t_end 5123-5443 d, fuel 609-665 kg
[11:42:54]   depth  3:    9 states (9 in H), t_end 5248-5443 d, fuel 631-660 kg
[11:42:54] candidates: 41 distinct committed target sets (n_new 1-3, potential 0-0)
[11:42:54] frontier: 16 candidates chosen (n fb / committed planner kg / continuation (lookahead) [full]; pot_mode lookahead, pot_cap None): 1fb/595kg/p2(0)[2], 1fb/599kg/p0(0)[0], 1fb/601kg/p2(0)[2], 1fb/604kg/p2(0)[2], 1fb/604kg/p1(0)[1], 1fb/616kg/p1(0)[1], 1fb/617kg/p1(0)[1], 1fb/622kg/p1(0)[1], 1fb/623kg/p1(0)[1], 2fb/609kg/p0(0)[0], 2fb/613kg/p1(0)[1], 2fb/615kg/p0(0)[0], 2fb/616kg/p1(0)[1], 3fb/631kg/p0(0)[0], 3fb/634kg/p0(0)[0], 3fb/640kg/p0(0)[0]
[11:42:54] budget: 277 s of 300 left for the settles + regrids (settle_wall 480)
[11:42:55] plan: 68 states, depth 3 new flybys, end plan_done (23 s); deepest 3 new to 5421 d at planner fuel 634 kg
[11:42:55]   depth  1:   33 states (33 in H), t_end 4884-5422 d, fuel 571-634 kg
[11:42:55]   depth  2:   33 states (33 in H), t_end 5200-5458 d, fuel 594-662 kg
[11:42:55]   depth  3:    2 states (2 in H), t_end 5418-5421 d, fuel 634-653 kg
[11:42:55] candidates: 32 distinct committed target sets (n_new 1-3, potential 0-0)
[11:42:55] frontier: 16 candidates chosen (n fb / committed planner kg / continuation (lookahead) [full]; pot_mode lookahead, pot_cap None): 1fb/577kg/p1(0)[1], 1fb/581kg/p0(0)[0], 1fb/582kg/p0(0)[0], 1fb/587kg/p0(0)[0], 1fb/591kg/p2(0)[2], 1fb/592kg/p0(0)[0], 1fb/599kg/p1(0)[1], 1fb/600kg/p2(0)[2], 1fb/616kg/p1(0)[1], 1fb/620kg/p1(0)[1], 1fb/625kg/p1(0)[1], 2fb/594kg/p0(0)[0], 2fb/597kg/p0(0)[0], 2fb/619kg/p1(0)[1], 3fb/634kg/p0(0)[0], 3fb/653kg/p0(0)[0]
[11:42:55] budget: 277 s of 300 left for the settles + regrids (settle_wall 480)
[11:42:55] plan: 58 states, depth 3 new flybys, end plan_done (23 s); deepest 3 new to 5265 d at planner fuel 546 kg
[11:42:55]   depth  1:   29 states (29 in H), t_end 4896-5449 d, fuel 508-576 kg
[11:42:55]   depth  2:   23 states (23 in H), t_end 5017-5465 d, fuel 527-608 kg
[11:42:55]   depth  3:    6 states (6 in H), t_end 5215-5265 d, fuel 546-568 kg
[11:42:55] candidates: 36 distinct committed target sets (n_new 1-3, potential 0-0)
[11:42:55] frontier: 16 candidates chosen (n fb / committed planner kg / continuation (lookahead) [full]; pot_mode lookahead, pot_cap None): 1fb/508kg/p0(0)[0], 1fb/510kg/p2(0)[2], 1fb/511kg/p0(0)[0], 1fb/513kg/p2(0)[2], 1fb/516kg/p0(0)[0], 1fb/523kg/p0(0)[0], 1fb/541kg/p1(0)[1], 1fb/543kg/p1(0)[1], 1fb/561kg/p1(0)[1], 1fb/576kg/p1(0)[1], 2fb/527kg/p0(0)[0], 2fb/529kg/p0(0)[0], 2fb/530kg/p1(0)[1], 3fb/546kg/p0(0)[0], 3fb/558kg/p0(0)[0], 3fb/568kg/p0(0)[0]
[11:42:55] budget: 277 s of 300 left for the settles + regrids (settle_wall 480)
[11:42:56] plan: 161 states, depth 4 new flybys, end plan_done (24 s); deepest 4 new to 5409 d at planner fuel 678 kg
[11:42:56]   depth  1:   44 states (44 in H), t_end 4874-5465 d, fuel 623-682 kg
[11:42:56]   depth  2:   66 states (66 in H), t_end 5009-5454 d, fuel 636-709 kg
[11:42:56]   depth  3:   46 states (46 in H), t_end 5173-5446 d, fuel 650-718 kg
[11:42:56]   depth  4:    5 states (5 in H), t_end 5366-5435 d, fuel 678-733 kg
[11:42:56] candidates: 97 distinct committed target sets (n_new 1-4, potential 0-0)
[11:42:56] frontier: 16 candidates chosen (n fb / committed planner kg / continuation (lookahead) [full]; pot_mode lookahead, pot_cap None): 1fb/624kg/p1(0)[1], 1fb/625kg/p2(0)[2], 1fb/627kg/p3(0)[3], 1fb/634kg/p2(0)[2], 1fb/638kg/p3(0)[3], 1fb/649kg/p3(0)[3], 1fb/679kg/p2(0)[2], 2fb/636kg/p0(0)[0], 2fb/639kg/p0(0)[0], 2fb/652kg/p2(0)[2], 3fb/650kg/p0(0)[0], 3fb/653kg/p0(0)[0], 3fb/665kg/p1(0)[1], 4fb/678kg/p0(0)[0], 4fb/703kg/p0(0)[0], 4fb/727kg/p0(0)[0]
[11:42:56] budget: 276 s of 300 left for the settles + regrids (settle_wall 480)
[11:42:56]     settle 30: 219 @   5305 d -> ok lintwin tank 914.5 (+8.2) miss 60 km (2.2 s)
[11:42:57]     settle 26:  98 @   5292 d -> ok lintwin tank 843.0 (+1.1) miss 71 km (3.5 s)
[11:42:57]     settle 28: 240 @   5119 d -> ok lintwin tank 1000.4 (+27.5) miss 23 km (1.2 s)
[11:42:58]     settle 30: 148 @   4935 d -> ok lintwin tank 950.2 (+12.3) miss 34 km (3.2 s)
[11:43:00]     settle 26: 171 @   5457 d -> ok lintwin tank 859.5 (+17.5) miss 66 km (2.1 s)
[11:43:00]     settle 26:  62 @   5153 d -> ok lintwin tank 930.1 (+19.7) miss 62 km (8.0 s)
[11:43:00]     settle 30: 104 @   5424 d -> ok lintwin tank 949.6 (+11.2) miss 69 km (5.9 s)
[11:43:01]     settle 30:  27 @   5350 d -> ok lintwin tank 925.8 (+19.6) miss 76 km (3.6 s)
[11:43:01]     settle 26: 210 @   4913 d -> ok lintwin tank 852.3 (+10.3) miss 55 km (0.5 s)
[11:43:01]     settle 28: 241 @   5032 d -> ok lintwin tank 982.5 (+9.7) miss 16 km (3.4 s)
[11:43:01]     settle 30: 243 @   5430 d -> ok lintwin tank 948.9 (+11.0) miss 23 km (2.8 s)
[11:43:04]     settle 26: 172 @   5049 d -> ok lintwin tank 848.6 (+6.6) miss 99 km (2.9 s)
[11:43:04]     settle 28: 243 @   5429 d -> ok lintwin tank 969.4 (+99.0) miss 71 km (9.6 s)
[11:43:05]     settle 27:  15 @   5298 d -> ok lintwin tank 933.6 (+8.7) miss 2 km (10.0 s)
[11:43:05]     settle 28: 229 @   4879 d -> ok lintwin tank 989.9 (+17.0) miss 22 km (3.3 s)
[11:43:05]     settle 30: 243 @   5413 d -> ok lintwin tank 930.7 (+24.4) miss 38 km (3.2 s)
[11:43:07]     settle 26: 109 @   5235 d -> ok lintwin tank 917.7 (+7.3) miss 54 km (5.5 s)
[11:43:07]     settle 30: 240 @   5130 d -> ok lintwin tank 947.7 (+9.3) miss 62 km (6.1 s)
[11:43:07]     settle 26: 245 @   4888 d -> ok lintwin tank 854.0 (+12.0) miss 47 km (2.3 s)
[11:43:08]     settle 28: 126 @   4919 d -> ok lintwin tank 881.7 (+11.3) miss 30 km (1.2 s)
[11:43:09]     settle 30: 265 @   4887 d -> ok lintwin tank 927.7 (+21.5) miss 15 km (2.8 s)
[11:43:09]     settle 28: 134 @   4999 d -> ok lintwin tank 997.2 (+24.4) miss 55 km (3.3 s)
[11:43:10]     settle 30:   6 @   5106 d -> ok lintwin tank 977.3 (+39.3) miss 55 km (7.4 s)
[11:43:12]     settle 26: 145 @   4961 d -> ok lintwin tank 881.0 (+39.0) miss 70 km (3.6 s)
[11:43:12]     settle 30: 163 @   4931 d -> ok lintwin tank 937.3 (+31.1) miss 81 km (2.4 s)
[11:43:12]     settle 28: 206 @   4886 d -> ok lintwin tank 984.8 (+11.9) miss 30 km (1.9 s)
[11:43:13]     settle 30:  32 @   5006 d -> ok lintwin tank 952.6 (+14.1) miss 50 km (5.3 s)
[11:43:13]     settle 26: 126 @   5028 d -> ok lintwin tank 922.1 (+11.7) miss 56 km (5.8 s)
[11:43:13]     settle 30: 248 @   4987 d -> ok lintwin tank 957.4 (+19.5) miss 56 km (3.2 s)
[11:43:14]     settle 28: 109 @   5257 d -> ok lintwin tank 882.4 (+11.9) miss 73 km (5.3 s)
[11:43:15]     settle 28: 267 @   4963 d -> ok lintwin tank 1012.8 (+39.9) miss 27 km (1.5 s)
[11:43:15]     settle 27: 219 @   5308 d -> ok lintwin tank 970.7 (+45.8) miss 59 km (8.6 s)
[11:43:15]     settle 30: 220 @   5119 d -> ok lintwin tank 944.0 (+37.8) miss 63 km (1.8 s)
[11:43:16]     settle 28: 136 @   4896 d -> ok lintwin tank 887.2 (+16.7) miss 80 km (1.3 s)
[11:43:16]     settle 26: 147 @   5121 d -> ok lintwin tank 854.9 (+12.9) miss 53 km (3.8 s)
[11:43:17]     settle 30: 121 @   5127 d -> ok lintwin tank 961.0 (+23.1) miss 57 km (2.6 s)
[11:43:18]     settle 28: 219 @   5306 d -> ok lintwin tank 889.0 (+18.5) miss 49 km (1.4 s)
[11:43:19]     settle 30: 126 @   4991 d -> ok lintwin tank 946.7 (+40.5) miss 26 km (2.7 s)
[11:43:20]     settle 30: 172 @   5063 d -> ok lintwin tank 957.3 (+18.9) miss 62 km (6.0 s)
[11:43:21]     settle 26: 220 @   5120 d -> ok lintwin tank 922.4 (+12.0) miss 77 km (7.0 s)
[11:43:21]     settle 30:  80 @   4986 d -> ok lintwin tank 969.7 (+31.7) miss 28 km (3.6 s)
[11:43:22]     settle 26:  34 @   5031 d -> ok lintwin tank 894.2 (+52.2) miss 79 km (5.0 s)
[11:43:24]     settle 28:  80 @   5089 d -> ok lintwin tank 1035.5 (+62.7) miss 78 km (8.7 s)
[11:43:24]     settle 30: 210 @   4901 d -> ok lintwin tank 985.9 (+47.5) miss 5 km (3.5 s)
[11:43:26]     settle 26: 236 @   4960 d -> ok lintwin tank 881.1 (+39.1) miss 69 km (3.0 s)
[11:43:26]     settle 27:  24 @   5422 d -> ok lintwin tank 931.5 (+6.6) miss 7 km (10.2 s)
[11:43:26]     settle 28: 206 @   4882 d -> ok lintwin tank 985.5 (+12.6) miss 15 km (1.5 s)
[11:43:26]     settle 26: 136 @   5087 d -> ok lintwin tank 941.7 (+31.3) miss 76 km (4.4 s)
[11:43:28]     settle 28: 231 @   5449 d -> ok lintwin tank 988.7 (+118.2) miss 63 km (9.2 s)
[11:43:28]     settle 29: 104 @   5412 d -> ok lintwin tank 990.3 (+4.8) miss 12 km (2.0 s)
[11:43:29]     settle 30: 134 @   5211 d -> ok lintwin tank 1271.8 (+365.6) miss 51 km (9.7 s)
[11:43:29]     settle 30: 145 @   4980 d -> ok lintwin tank 965.9 (+27.5) miss 69 km (4.4 s)
[11:43:30]     settle 30: 220 @   5135 d -> ok lintwin tank 969.8 (+31.9) miss 22 km (8.0 s)
[11:43:32]     settle 28:  20 @   5032 d -> ok lintwin tank 902.5 (+32.0) miss 75 km (2.4 s)
[11:43:32]     settle 26:  24 @   5058 d -> ok lintwin tank 906.2 (+64.2) miss 53 km (3.3 s)
[11:43:33]     settle 26: 243 @   5282 d -> ok lintwin tank 940.4 (+30.0) miss 43 km (5.9 s)
[11:43:33]     settle 27: 172 @   5046 d -> ok lintwin tank 859.4 (+7.0) miss 53 km (0.7 s)
[11:43:35]     settle 29: 104 @   5412 d -> ok lintwin tank 992.1 (+9.5) miss 69 km (5.5 s)
[11:43:36]     settle 27: 210 @   5245 d -> ok lintwin tank 872.1 (+17.2) miss 91 km (1.9 s)
[11:43:38]     settle 29: 248 @   5009 d -> ok lintwin tank 1062.2 (+72.3) miss 13 km (2.6 s)
[11:43:38]     settle 30:  58 @   5025 d -> ok lintwin tank 977.3 (+38.9) miss 6 km (8.2 s)
[11:43:39]     settle 27:  27 @   5342 d -> ok lintwin tank 950.7 (+25.8) miss 54 km (9.4 s)
[11:43:39]     settle 30: 231 @   5288 d -> ok lintwin tank 983.7 (+45.7) miss 38 km (8.1 s)
[11:43:40]     settle 30: 109 @   4891 d -> ok lintwin tank 977.7 (+71.5) miss 7 km (10.4 s)
[11:43:41]     settle 27:  93 @   5407 d -> ok lintwin tank 865.2 (+22.2) miss 70 km (4.2 s)
[11:43:42]     settle 26: 283 @   5386 d -> ok lintwin tank 928.2 (+17.8) miss 75 km (8.3 s)
[11:43:42]     settle 29:  57 @   5173 d -> ok lintwin tank 993.5 (+3.6) miss 65 km (3.4 s)
[11:43:43]     settle 30: 245 @   4895 d -> ok lintwin tank 1003.2 (+64.8) miss 64 km (3.9 s)
[11:43:43]     settle 28: 134 @   5214 d -> ok lintwin tank 1032.0 (+161.5) miss 33 km (10.5 s)
[11:43:44]     settle 30:  93 @   5409 d -> ok lintwin tank 999.1 (+5.7) miss 13 km (1.1 s)
[11:43:44]     settle 30: 134 @   4986 d -> ok lintwin tank 970.1 (+32.2) miss 78 km (4.7 s)
[11:43:44]     settle 28:  98 @   5290 d -> ok lintwin tank 867.6 (+8.3) miss 81 km (2.5 s)
[11:43:46]     settle 29:  57 @   5173 d -> ok lintwin tank 988.4 (+2.9) miss 9 km (2.0 s)
[11:43:47]     settle 27: 210 @   5097 d -> ok lintwin tank 875.7 (+21.7) miss 72 km (2.1 s)
[11:43:47]     settle 30: 148 @   4933 d -> ok lintwin tank 950.4 (+12.5) miss 39 km (2.4 s)
[11:43:48]     settle 30: 104 @   5413 d -> ok lintwin tank 987.0 (+-1.3) miss 31 km (1.9 s)
[11:43:49]     settle 31: 188 @   5114 d -> ok lintwin tank 940.5 (+12.9) miss 1 km (7.2 s)
[11:43:49]     settle 26: 188 @   5105 d -> ok lintwin tank 926.2 (+15.8) miss 59 km (5.5 s)
[11:43:49]     settle 27: 205 @   5053 d -> ok lintwin tank 943.1 (+18.2) miss 16 km (9.2 s)
[11:43:49]     settle 28:  93 @   5407 d -> ok lintwin tank 881.6 (+5.9) miss 75 km (2.0 s)
[11:43:50]     settle 31: 231 @   5443 d -> ok lintwin tank 954.5 (+4.2) miss 57 km (3.0 s)
[11:43:50]     settle 31: 171 @   5463 d -> ok lintwin tank 962.5 (+5.2) miss 4 km (6.8 s)
[11:43:54]     settle 30:  57 @   5174 d -> ok lam tank 1075.4 (+13.2) miss 2 km (4.4 s)
[11:43:54]     settle 31:  69 @   5266 d -> ok lintwin tank 989.5 (+12.3) miss 51 km (2.9 s)
[11:43:54]     settle 28: 248 @   5180 d -> ok lintwin tank 1054.6 (+184.1) miss 5 km (9.9 s)
[11:43:55]     settle 28: 104 @   5410 d -> ok lintwin tank 877.2 (+17.8) miss 66 km (4.6 s)
[11:43:55] RESULT s09_c5: 16 columns; frontier 1fb 1 kg p0/0 | 2fb 17 kg p0/0 | 3fb 25 kg p0/0; settles 17 (17 ok), regrids 16 (16 ok); wall 84 s of 300 (plan 22, price 2, settle 62; budget hit None, 0 unsettled)
[11:43:55]   job s09_c5 craft columns  16  levels 3  settles 17/17  end plan_done  wall 83.9 s
[11:43:57]     settle 31:   6 @   5004 d -> ok lintwin tank 946.3 (+18.7) miss 92 km (5.8 s)
[11:43:58]     settle 31:  69 @   5262 d -> ok lintwin tank 965.0 (+7.6) miss 64 km (3.4 s)
[11:43:59]     settle 26: 231 @   5261 d -> ok lintwin tank 934.4 (+24.0) miss 80 km (9.2 s)
[11:44:00]     settle 27: 243 @   5417 d -> ok lintwin tank 937.0 (+12.1) miss 64 km (9.8 s)
[11:44:01]     settle 31: 121 @   5123 d -> ok lintwin tank 972.3 (+22.1) miss 76 km (2.0 s)
[11:44:02]     settle 28: 229 @   5281 d -> ok lintwin tank 907.5 (+37.0) miss 68 km (6.7 s)
[11:44:02]     settle 31:  93 @   5409 d -> ok lintwin tank 1105.2 (+29.8) miss 53 km (7.2 s)
[11:44:03]     settle 31:  93 @   5398 d -> ok lintwin tank 976.6 (+19.2) miss 3 km (8.8 s)
[11:44:04]     settle 26:  87 @   5090 d -> ok lintwin tank 915.4 (+5.0) miss 48 km (3.9 s)
[11:44:04]     settle 28: 126 @   4926 d -> ok lintwin tank 881.5 (+11.0) miss 62 km (1.4 s)
[11:44:04]     settle 32: 231 @   5440 d -> ok lintwin tank 983.0 (+10.7) miss 77 km (2.4 s)
[11:44:04]     settle 29: 241 @   5026 d -> ok lintwin tank 987.0 (+2.2) miss 38 km (1.3 s)
[11:44:06]     settle 31: 188 @   5116 d -> ok lintwin tank 1011.8 (+34.1) miss 65 km (8.1 s)
[11:44:06]     settle 30:  57 @   5173 d -> ok lintwin tank 992.9 (+5.8) miss 25 km (1.6 s)
[11:44:07]     settle 29: 109 @   5266 d -> ok lintwin tank 882.8 (+1.3) miss 40 km (3.3 s)
[11:44:08]     settle 32:  69 @   5253 d -> ok lintwin tank 982.3 (+10.0) miss 75 km (3.5 s)
[11:44:09]     settle 31: 104 @   5413 d -> ok lam tank 1004.4 (+11.6) miss 44 km (2.5 s)
[11:44:11]     settle 27: 109 @   5268 d -> ok lintwin tank 969.7 (+44.8) miss 52 km (10.5 s)
[11:44:12]     settle 31: 147 @   5122 d -> ok lintwin tank 990.5 (+24.6) miss 85 km (6.7 s)
[11:44:13]     settle 32: 243 @   5409 d -> ok lintwin tank 957.8 (+17.3) miss 79 km (6.6 s)
[11:44:14]     settle 32: 229 @   5434 d -> ok lintwin tank 1029.7 (+40.2) miss 71 km (4.9 s)
[11:44:15] RESULT s09_c0: 16 columns; frontier 1fb 10 kg p0/0 | 2fb 16 kg p0/0 | 3fb 44 kg p0/0; settles 17 (17 ok), regrids 16 (16 ok); wall 103 s of 300 (plan 23, price 2, settle 80; budget hit None, 0 unsettled)
[11:44:15]     settle 29: 109 @   5256 d -> ok lintwin tank 884.7 (+-2.5) miss 74 km (6.9 s)
[11:44:16]   job s09_c0 craft columns  16  levels 3  settles 17/17  end plan_done  wall 103.3 s
[11:44:16]     settle 26: 267 @   5071 d -> ok lam tank 938.8 (+28.4) miss 3 km (11.4 s)
[11:44:16]     settle 31:  85 @   5256 d -> ok lintwin tank 976.3 (+23.7) miss 72 km (2.7 s)
[11:44:17]     settle 29:   6 @   5096 d -> ok lintwin tank 1066.7 (+54.0) miss 2 km (7.8 s)
[11:44:18]     settle 27:   6 @   4991 d -> ok lintwin tank 954.0 (+29.1) miss 46 km (5.9 s)
[11:44:19]     settle 32:  53 @   5428 d -> ok lintwin tank 986.0 (+9.8) miss 64 km (3.0 s)
[11:44:19]     settle 29:  20 @   5021 d -> ok lintwin tank 905.1 (+23.4) miss 93 km (3.6 s)
[11:44:22]     settle 30: 109 @   5265 d -> ok lintwin tank 907.7 (+2.6) miss 92 km (1.4 s)
[11:44:22]     settle 31: 188 @   5119 d -> ok lintwin tank 940.7 (+3.4) miss 73 km (5.8 s)
[11:44:22]     settle 30: 210 @   4906 d -> ok lintwin tank 986.8 (+48.4) miss 78 km (2.4 s)
[11:44:25]     settle 27: 163 @   4958 d -> ok lintwin tank 949.9 (+25.0) miss 67 km (6.3 s)
[11:44:26]     settle 30: 196 @   5215 d -> ok lintwin tank 920.0 (+14.9) miss 69 km (3.1 s)
[11:44:26]     settle 26: 265 @   4945 d -> ok lintwin tank 939.8 (+29.4) miss 71 km (4.5 s)
[11:44:29]     settle 31:  85 @   5256 d -> ok lintwin tank 992.6 (+5.8) miss 3 km (6.8 s)
[11:44:30]     settle 32: 219 @   5306 d -> ok lintwin tank 961.2 (+20.5) miss 76 km (7.5 s)
[11:44:31]     settle 29:  20 @   5017 d -> ok lintwin tank 909.3 (+22.1) miss 14 km (4.4 s)
[11:44:32]     settle 27: 136 @   5101 d -> ok lam tank 964.1 (+39.2) miss 2 km (6.9 s)
[11:44:33]     settle 30: 109 @   5257 d -> ok lintwin tank 914.8 (+5.5) miss 93 km (1.8 s)
[11:44:33]     settle 27: 109 @   5238 d -> ok lam tank 931.3 (+9.2) miss 0 km (6.8 s)
[11:44:33]     settle 32: 285 @   5447 d -> ok lintwin tank 1004.5 (+11.9) miss 65 km (4.1 s)
[11:44:33] RESULT s09_c4: 16 columns; frontier 1fb 11 kg p0/0 | 2fb 12 kg p0/0 | 3fb 37 kg p0/0; settles 18 (18 ok), regrids 16 (16 ok); wall 122 s of 300 (plan 23, price 2, settle 99; budget hit None, 0 unsettled)
[11:44:34]   job s09_c4 craft columns  16  levels 3  settles 18/18  end plan_done  wall 122.1 s
[11:44:36]     settle 32: 210 @   5242 d -> ok lintwin tank 1006.1 (+15.7) miss 66 km (1.9 s)
[11:44:38]     settle 32: 229 @   5276 d -> ok lintwin tank 1015.4 (+3.6) miss 5 km (7.8 s)
[11:44:40]     settle 33:  53 @   5426 d -> ok lintwin tank 1019.4 (+13.3) miss 74 km (2.7 s)
[11:44:40]     settle 27: 283 @   5183 d -> ok lintwin tank 976.0 (+51.1) miss 65 km (5.9 s)
[11:44:42]     settle 27: 109 @   5245 d -> ok lintwin tank 925.0 (+2.6) miss 3 km (6.9 s)
[11:44:46]     settle 33: 231 @   5446 d -> ok lintwin tank 1041.6 (+26.2) miss 73 km (6.5 s)
[11:44:46]     settle 30:  69 @   5265 d -> ok lam tank 1105.5 (+38.8) miss 3 km (28.7 s)
[11:44:47]     settle 27:  15 @   5281 d -> ok lintwin tank 933.3 (+8.4) miss 47 km (6.0 s)
[11:44:47]     settle 31: 210 @   5102 d -> ok lintwin tank 1024.2 (+20.9) miss 3 km (6.6 s)
[11:44:48] RESULT s09_c7: 16 columns; frontier 1fb 8 kg p0/0 | 2fb 33 kg p0/0 | 3fb 50 kg p0/0 | 4fb 135 kg p0/0; settles 17 (17 ok), regrids 16 (16 ok); wall 137 s of 300 (plan 22, price 2, settle 114; budget hit None, 0 unsettled)
[11:44:50]   job s09_c7 craft columns  16  levels 4  settles 17/17  end plan_done  wall 136.5 s
[11:44:50]     settle 32:  98 @   5282 d -> ok lintwin tank 1046.6 (+22.4) miss 77 km (3.0 s)
[11:44:53]     settle 26: 126 @   5001 d -> ok lintwin tank 922.9 (+12.5) miss 2 km (7.5 s)
[11:44:53]     settle 31: 229 @   5435 d -> ok lintwin tank 1183.8 (+78.3) miss 66 km (6.9 s)
[11:44:54] RESULT s09_c3: 16 columns; frontier 1fb 9 kg p0/0 | 2fb 17 kg p0/0 | 3fb 14 kg p0/0 | 4fb 31 kg p0/0; settles 23 (23 ok), regrids 16 (16 ok); wall 143 s of 300 (plan 24, price 2, settle 119; budget hit None, 0 unsettled)
[11:44:55]     settle 28:  24 @   5420 d -> ok lintwin tank 944.2 (+10.9) miss 65 km (7.8 s)
[11:44:56]   job s09_c3 craft columns  16  levels 4  settles 23/23  end plan_done  wall 142.9 s
[11:44:58]     settle 27:  52 @   5172 d -> ok lam tank 1252.3 (+329.4) miss 43 km (4.7 s)
[11:44:59]     settle 33:  93 @   5405 d -> ok lintwin tank 1085.1 (+38.5) miss 38 km (9.0 s)
[11:45:00] RESULT s09_c6: 16 columns; frontier 1fb 9 kg p0/0 | 2fb 23 kg p0/0 | 3fb 47 kg p0/0 | 4fb 81 kg p0/0; settles 21 (21 ok), regrids 16 (16 ok); wall 149 s of 300 (plan 23, price 2, settle 126; budget hit None, 0 unsettled)
[11:45:02]   job s09_c6 craft columns  16  levels 4  settles 21/21  end plan_done  wall 148.7 s
[11:45:03]     settle 27: 205 @   5060 d -> ok lintwin tank 944.7 (+19.8) miss 51 km (6.3 s)
[11:45:09]     settle 28: 154 @   5430 d -> ok lintwin tank 951.3 (+26.3) miss 93 km (6.9 s)
[11:45:09] RESULT s09_c2: 16 columns; frontier 1fb 4 kg p0/0 | 2fb 9 kg p0/0 | 3fb 41 kg p0/0; settles 17 (17 ok), regrids 16 (16 ok); wall 158 s of 300 (plan 20, price 2, settle 137; budget hit None, 0 unsettled)
[11:45:10]   job s09_c2 craft columns  16  levels 3  settles 17/17  end plan_done  wall 157.8 s
[11:45:12]     settle 28: 163 @   5335 d -> ok lintwin tank 956.1 (+11.4) miss 3 km (9.1 s)
[11:45:22]     settle 28:  15 @   5287 d -> ok lintwin tank 961.2 (+18.1) miss 1 km (9.6 s)
[11:45:32]     settle 29:  24 @   5421 d -> ok lintwin tank 985.5 (+24.3) miss 6 km (8.3 s)
[11:45:41]     settle 28:  15 @   5291 d -> ok lintwin tank 955.6 (+1.6) miss 63 km (8.2 s)
[11:45:44]     settle 29:  24 @   5418 d -> ok lintwin tank 987.7 (+32.1) miss 52 km (2.8 s)
[11:45:54] RESULT s09_c1: 16 columns; frontier 1fb 4 kg p0/0 | 2fb 19 kg p0/0 | 3fb 48 kg p0/0; settles 19 (19 ok), regrids 16 (16 ok); wall 203 s of 300 (plan 23, price 2, settle 180; budget hit None, 0 unsettled)
[11:45:56]   job s09_c1 craft columns  16  levels 3  settles 19/19  end plan_done  wall 203.1 s
[11:45:56] [slice 9] propose: 128 columns (0 bad dropped) in 204.4 s
[11:45:56] [slice 9] auction: 128 columns, kept 122, dropped {'fuel': 6}; lam 1.00 H_eff 617 d fuel budget 551 kg quota OFF
[11:45:56] [slice 9] auction: status optimal objective 59.153 vars 122 rows 50 chosen 8 fuel 335/551 kg (0.018 s)
[11:45:58] [slice 9] claims: -  (0 targets: 0 kept, 0 new; 13 released, 0 expired (ttl 2), 0 conflicts)
[11:45:58] [slice 9 T=4860 d] launched 8/8  covered 242  remaining 56  fuel 2836 kg  sumJi 10.5457  chosen: c0:3(+44) c1:3(+47) c2:3(+40) c3:4(+31) c4:3(+49) c5:3(+25) c6:3(+47) c7:3(+49)  rejected: -  (wall 206 s)
[11:45:58] stop: horizon at T=5477 d (slice 10)
[11:45:58] finalize: fleet/ 8 routes  covered 242  misses 56  fuel 2836 kg  sumJi 10.5457  J 68.5457  honest True
[11:45:58] p10_claims: slice 10 phase propose T=5477 d  launched 8/8  covered 242  remaining 56  fuel 2836 kg  sumJi 10.5457  done True (horizon)
