[09:39:38] new run p4_long: N 8 H 720.0 d L 540.0 d proposer planbeam commit regrid nproc 9 stop_T None
[09:39:38] [slice 0 T=0 d] propose: 9 jobs (0 craft, 9 root) on 9 workers, proposer planbeam, H_eff 720 d, lam 0.7
[09:39:38] job s00_r0 (root, craft None, planbeam): T 0 d H 720 L 540; plan horizon 1980 d; remaining 298; prize >1 on 10; width 150 npt 6 mc 150 dv 1.2 drmax 0.15 plan_wall 240 s; quota {'fil': 7, 'med': 12}
[09:39:38] job s00_r1 (root, craft None, planbeam): T 0 d H 720 L 540; plan horizon 1980 d; remaining 298; prize >1 on 10; width 150 npt 6 mc 150 dv 1.2 drmax 0.15 plan_wall 240 s; quota {'fil': 7, 'med': 12}
[09:39:38] job s00_r3 (root, craft None, planbeam): T 0 d H 720 L 540; plan horizon 1980 d; remaining 298; prize >1 on 10; width 150 npt 6 mc 150 dv 1.2 drmax 0.15 plan_wall 240 s; quota {'fil': 7, 'med': 12}
[09:39:38] job s00_r5 (root, craft None, planbeam): T 0 d H 720 L 540; plan horizon 1980 d; remaining 298; prize >1 on 10; width 150 npt 6 mc 150 dv 1.2 drmax 0.15 plan_wall 240 s; quota {'fil': 7, 'med': 12}
[09:39:38] job s00_r6 (root, craft None, planbeam): T 0 d H 720 L 540; plan horizon 1980 d; remaining 298; prize >1 on 10; width 150 npt 6 mc 150 dv 1.2 drmax 0.15 plan_wall 240 s; quota {'fil': 7, 'med': 12}
[09:39:38] job s00_r7 (root, craft None, planbeam): T 0 d H 720 L 540; plan horizon 1980 d; remaining 298; prize >1 on 10; width 150 npt 6 mc 150 dv 1.2 drmax 0.15 plan_wall 240 s; quota {'fil': 7, 'med': 12}
[09:39:38] budget: job_wall 300 s, 300 s left before the plan -> plan cap 210 s (plan_wall 240, settle_reserve 90)
[09:39:38] job s00_r4 (root, craft None, planbeam): T 0 d H 720 L 540; plan horizon 1980 d; remaining 298; prize >1 on 10; width 150 npt 6 mc 150 dv 1.2 drmax 0.15 plan_wall 240 s; quota {'fil': 7, 'med': 12}
[09:39:38] budget: job_wall 300 s, 300 s left before the plan -> plan cap 210 s (plan_wall 240, settle_reserve 90)
[09:39:38] budget: job_wall 300 s, 300 s left before the plan -> plan cap 210 s (plan_wall 240, settle_reserve 90)
[09:39:38] job s00_r8 (root, craft None, planbeam): T 0 d H 720 L 540; plan horizon 1980 d; remaining 298; prize >1 on 10; width 150 npt 6 mc 150 dv 1.2 drmax 0.15 plan_wall 240 s; quota {'fil': 7, 'med': 12}
[09:39:38] budget: job_wall 300 s, 300 s left before the plan -> plan cap 210 s (plan_wall 240, settle_reserve 90)
[09:39:38] budget: job_wall 300 s, 300 s left before the plan -> plan cap 210 s (plan_wall 240, settle_reserve 90)
[09:39:38] budget: job_wall 300 s, 300 s left before the plan -> plan cap 210 s (plan_wall 240, settle_reserve 90)
[09:39:38] budget: job_wall 300 s, 300 s left before the plan -> plan cap 210 s (plan_wall 240, settle_reserve 90)
[09:39:38] job s00_r2 (root, craft None, planbeam): T 0 d H 720 L 540; plan horizon 1980 d; remaining 298; prize >1 on 10; width 150 npt 6 mc 150 dv 1.2 drmax 0.15 plan_wall 240 s; quota {'fil': 7, 'med': 12}
[09:39:38] budget: job_wall 300 s, 300 s left before the plan -> plan cap 210 s (plan_wall 240, settle_reserve 90)
[09:39:38] budget: job_wall 300 s, 300 s left before the plan -> plan cap 210 s (plan_wall 240, settle_reserve 90)
[09:39:40] plan start: 8 launch dates (250-320 d) -> 1908 launch legs with first flyby <= T+H, 257 kept (cap min(roots_max 450, 3 x width) = 450; 2.4 s)
[09:39:40] plan start: 8 launch dates (330-400 d) -> 1473 launch legs with first flyby <= T+H, 214 kept (cap min(roots_max 450, 3 x width) = 450; 2.4 s)
[09:39:40] plan start: 8 launch dates (650-720 d) -> 14 launch legs with first flyby <= T+H, 5 kept (cap min(roots_max 450, 3 x width) = 450; 2.4 s)
[09:39:40] plan start: 8 launch dates (410-480 d) -> 907 launch legs with first flyby <= T+H, 144 kept (cap min(roots_max 450, 3 x width) = 450; 2.5 s)
[09:39:40] plan start: 8 launch dates (170-240 d) -> 2031 launch legs with first flyby <= T+H, 255 kept (cap min(roots_max 450, 3 x width) = 450; 2.5 s)
[09:39:40] plan start: 8 launch dates (570-640 d) -> 114 launch legs with first flyby <= T+H, 15 kept (cap min(roots_max 450, 3 x width) = 450; 2.5 s)
[09:39:40] plan start: 8 launch dates (90-160 d) -> 2009 launch legs with first flyby <= T+H, 242 kept (cap min(roots_max 450, 3 x width) = 450; 2.5 s)
[09:39:40] plan start: 8 launch dates (490-560 d) -> 288 launch legs with first flyby <= T+H, 54 kept (cap min(roots_max 450, 3 x width) = 450; 2.5 s)
[09:39:41] plan start: 9 launch dates (0-80 d) -> 2594 launch legs with first flyby <= T+H, 261 kept (cap min(roots_max 450, 3 x width) = 450; 2.8 s)
[09:40:46] plan: 1189 states, depth 10 new flybys, end plan_done (68 s); deepest 10 new to 1977 d at planner fuel 332 kg
[09:40:46]   depth  1:   54 states (54 in H), t_end 575-720 d, fuel 0-0 kg
[09:40:46]   depth  2:  150 states (3 in H), t_end 704-865 d, fuel 8-56 kg
[09:40:46]   depth  3:  150 states (0 in H), t_end 812-966 d, fuel 34-106 kg
[09:40:46]   depth  4:  150 states (0 in H), t_end 919-1440 d, fuel 59-149 kg
[09:40:46]   depth  5:  150 states (0 in H), t_end 984-1890 d, fuel 73-184 kg
[09:40:46]   depth  6:  150 states (0 in H), t_end 1436-1780 d, fuel 109-193 kg
[09:40:46]   depth  7:  150 states (0 in H), t_end 1579-1778 d, fuel 125-231 kg
[09:40:46]   depth  8:  150 states (0 in H), t_end 1713-1856 d, fuel 140-277 kg
[09:40:46]   depth  9:   82 states (0 in H), t_end 1813-1980 d, fuel 175-319 kg
[09:40:46]   depth 10:    3 states (0 in H), t_end 1890-1977 d, fuel 332-355 kg
[09:40:46] candidates: 23 distinct committed target sets (n_new 1-2, potential 0-4)
[09:40:46] frontier: 16 candidates chosen (n fb / committed planner kg / continuation (lookahead) [full]; pot_mode lookahead, pot_cap None): 1fb/0kg/p4(4)[4], 1fb/0kg/p4(4)[4], 1fb/0kg/p4(4)[4], 1fb/0kg/p4(4)[4], 1fb/0kg/p4(4)[4], 1fb/0kg/p4(4)[4], 1fb/0kg/p3(3)[3], 1fb/0kg/p3(3)[3], 1fb/0kg/p2(2)[2], 1fb/0kg/p2(2)[2], 1fb/0kg/p2(2)[2], 1fb/0kg/p2(2)[2], 1fb/0kg/p1(1)[1], 1fb/0kg/p1(1)[1], 2fb/36kg/p2(2)[2], 2fb/47kg/p3(3)[3]
[09:40:46] budget: 232 s of 300 left for the settles + regrids (settle_wall 480)
[09:40:47]     settle  2: 182 @    704 d -> ok lintwin tank 609.7 (+8.2) miss 0 km (0.1 s)
[09:40:47]     settle  2: 228 @    715 d -> ok lintwin tank 606.9 (+5.4) miss 1 km (0.2 s)
[09:40:47] RESULT s00_r6: 16 columns; frontier 1fb 0 kg p4/4 | 2fb 5 kg p3/3; settles 16 (16 ok), regrids 16 (16 ok); wall 70 s of 300 (plan 68, price 0, settle 2; budget hit None, 0 unsettled)
[09:40:48]   job s00_r6 root  columns  16  levels 10  settles 16/16  end plan_done  wall 69.7 s
[09:41:00] plan: 1081 states, depth 9 new flybys, end plan_done (82 s); deepest 9 new to 1979 d at planner fuel 207 kg
[09:41:00]   depth  1:   15 states (15 in H), t_end 615-715 d, fuel 0-0 kg
[09:41:00]   depth  2:  150 states (0 in H), t_end 725-1044 d, fuel 4-59 kg
[09:41:00]   depth  3:  150 states (0 in H), t_end 885-1436 d, fuel 15-105 kg
[09:41:00]   depth  4:  150 states (0 in H), t_end 994-1876 d, fuel 30-146 kg
[09:41:00]   depth  5:  150 states (0 in H), t_end 1066-1978 d, fuel 44-188 kg
[09:41:00]   depth  6:  150 states (0 in H), t_end 1170-1979 d, fuel 59-231 kg
[09:41:00]   depth  7:  150 states (0 in H), t_end 1625-1897 d, fuel 145-243 kg
[09:41:00]   depth  8:  150 states (0 in H), t_end 1790-1980 d, fuel 165-288 kg
[09:41:00]   depth  9:   16 states (0 in H), t_end 1888-1980 d, fuel 207-312 kg
[09:41:00] candidates: 5 distinct committed target sets (n_new 1-1, potential 1-5)
[09:41:00] frontier: 5 candidates chosen (n fb / committed planner kg / continuation (lookahead) [full]; pot_mode lookahead, pot_cap None): 1fb/0kg/p5(5)[5], 1fb/0kg/p4(4)[4], 1fb/0kg/p4(4)[4], 1fb/0kg/p4(4)[4], 1fb/0kg/p1(1)[1]
[09:41:00] budget: 218 s of 300 left for the settles + regrids (settle_wall 480)
[09:41:00] RESULT s00_r7: 5 columns; frontier 1fb 0 kg p5/5; settles 5 (5 ok), regrids 5 (5 ok); wall 83 s of 300 (plan 82, price 0, settle 0; budget hit None, 0 unsettled)
[09:41:02]   job s00_r7 root  columns   5  levels 9  settles 5/5  end plan_done  wall 82.6 s
[09:41:18] plan: 1352 states, depth 12 new flybys, end plan_done (100 s); deepest 12 new to 1938 d at planner fuel 376 kg
[09:41:18]   depth  1:    5 states (5 in H), t_end 705-720 d, fuel 0-0 kg
[09:41:18]   depth  2:   55 states (0 in H), t_end 840-1295 d, fuel 7-52 kg
[09:41:18]   depth  3:  150 states (0 in H), t_end 936-1292 d, fuel 21-108 kg
[09:41:18]   depth  4:  150 states (0 in H), t_end 1141-1880 d, fuel 59-154 kg
[09:41:18]   depth  5:  150 states (0 in H), t_end 1235-1886 d, fuel 87-199 kg
[09:41:18]   depth  6:  150 states (0 in H), t_end 1316-1979 d, fuel 121-235 kg
[09:41:18]   depth  7:  150 states (0 in H), t_end 1410-1975 d, fuel 149-283 kg
[09:41:18]   depth  8:  150 states (0 in H), t_end 1490-1978 d, fuel 184-319 kg
[09:41:18]   depth  9:  150 states (0 in H), t_end 1589-1877 d, fuel 207-360 kg
[09:41:18]   depth 10:  150 states (0 in H), t_end 1734-1972 d, fuel 229-380 kg
[09:41:18]   depth 11:   82 states (0 in H), t_end 1812-1979 d, fuel 279-410 kg
[09:41:18]   depth 12:   10 states (0 in H), t_end 1938-1978 d, fuel 376-420 kg
[09:41:18] candidates: 2 distinct committed target sets (n_new 1-1, potential 4-4)
[09:41:18] frontier: 2 candidates chosen (n fb / committed planner kg / continuation (lookahead) [full]; pot_mode lookahead, pot_cap None): 1fb/0kg/p4(4)[4], 1fb/0kg/p4(4)[4]
[09:41:18] budget: 200 s of 300 left for the settles + regrids (settle_wall 480)
[09:41:18] RESULT s00_r8: 2 columns; frontier 1fb 0 kg p4/4; settles 2 (2 ok), regrids 2 (2 ok); wall 101 s of 300 (plan 100, price 0, settle 0; budget hit None, 0 unsettled)
[09:41:20]   job s00_r8 root  columns   2  levels 12  settles 2/2  end plan_done  wall 100.6 s
[09:41:40] plan: 1742 states, depth 14 new flybys, end plan_done (122 s); deepest 14 new to 1934 d at planner fuel 438 kg
[09:41:40]   depth  1:  144 states (144 in H), t_end 475-720 d, fuel 0-0 kg
[09:41:40]   depth  2:  150 states (46 in H), t_end 592-1285 d, fuel 7-58 kg
[09:41:40]   depth  3:  150 states (0 in H), t_end 814-1213 d, fuel 34-109 kg
[09:41:40]   depth  4:  150 states (0 in H), t_end 935-1235 d, fuel 54-154 kg
[09:41:40]   depth  5:  150 states (0 in H), t_end 1044-1316 d, fuel 67-195 kg
[09:41:40]   depth  6:  150 states (0 in H), t_end 1168-1865 d, fuel 80-232 kg
[09:41:40]   depth  7:  150 states (0 in H), t_end 1273-1866 d, fuel 114-253 kg
[09:41:40]   depth  8:  150 states (0 in H), t_end 1405-1873 d, fuel 125-296 kg
[09:41:40]   depth  9:  150 states (0 in H), t_end 1478-1878 d, fuel 177-326 kg
[09:41:40]   depth 10:  150 states (0 in H), t_end 1584-1979 d, fuel 214-349 kg
[09:41:40]   depth 11:  150 states (0 in H), t_end 1724-1947 d, fuel 230-382 kg
[09:41:40]   depth 12:   76 states (0 in H), t_end 1809-1980 d, fuel 287-422 kg
[09:41:40]   depth 13:   19 states (0 in H), t_end 1860-1970 d, fuel 381-449 kg
[09:41:40]   depth 14:    3 states (0 in H), t_end 1930-1935 d, fuel 438-468 kg
[09:41:40] candidates: 67 distinct committed target sets (n_new 1-2, potential 0-4)
[09:41:40] frontier: 16 candidates chosen (n fb / committed planner kg / continuation (lookahead) [full]; pot_mode lookahead, pot_cap None): 1fb/0kg/p5(4)[5], 1fb/0kg/p2(2)[2], 1fb/0kg/p1(0)[1], 1fb/0kg/p1(0)[1], 1fb/0kg/p1(0)[1], 1fb/0kg/p1(0)[1], 1fb/0kg/p1(0)[1], 1fb/0kg/p1(1)[1], 1fb/0kg/p1(1)[1], 1fb/0kg/p1(0)[1], 1fb/0kg/p1(1)[1], 1fb/0kg/p1(0)[1], 2fb/7kg/p0(0)[0], 2fb/11kg/p0(0)[0], 2fb/53kg/p3(3)[3], 2fb/57kg/p4(4)[4]
[09:41:40] budget: 178 s of 300 left for the settles + regrids (settle_wall 480)
[09:41:42] plan: 2199 states, depth 16 new flybys, end plan_done (124 s); deepest 16 new to 1932 d at planner fuel 523 kg
[09:41:42]   depth  1:  255 states (255 in H), t_end 270-635 d, fuel 0-0 kg
[09:41:42]   depth  2:  150 states (150 in H), t_end 405-714 d, fuel 5-57 kg
[09:41:42]   depth  3:  150 states (17 in H), t_end 584-870 d, fuel 37-104 kg
[09:41:42]   depth  4:  150 states (3 in H), t_end 690-1004 d, fuel 51-152 kg
[09:41:42]   depth  5:  150 states (0 in H), t_end 827-1081 d, fuel 82-190 kg
[09:41:42]   depth  6:  150 states (0 in H), t_end 922-1154 d, fuel 119-235 kg
[09:41:42]   depth  7:  150 states (0 in H), t_end 1018-1277 d, fuel 153-249 kg
[09:41:42]   depth  8:  150 states (0 in H), t_end 1131-1437 d, fuel 172-293 kg
[09:41:42]   depth  9:  150 states (0 in H), t_end 1296-1957 d, fuel 220-334 kg
[09:41:42]   depth 10:  150 states (0 in H), t_end 1370-1976 d, fuel 234-362 kg
[09:41:42]   depth 11:  150 states (0 in H), t_end 1482-1980 d, fuel 277-385 kg
[09:41:42]   depth 12:  150 states (0 in H), t_end 1562-1961 d, fuel 291-424 kg
[09:41:42]   depth 13:  150 states (0 in H), t_end 1654-1963 d, fuel 308-458 kg
[09:41:42]   depth 14:  122 states (0 in H), t_end 1784-1977 d, fuel 375-494 kg
[09:41:42]   depth 15:   15 states (0 in H), t_end 1858-1956 d, fuel 495-528 kg
[09:41:42]   depth 16:    7 states (0 in H), t_end 1928-1978 d, fuel 523-562 kg
[09:41:42] candidates: 155 distinct committed target sets (n_new 1-4, potential 0-5)
[09:41:42] frontier: 16 candidates chosen (n fb / committed planner kg / continuation (lookahead) [full]; pot_mode lookahead, pot_cap None): 1fb/0kg/p7(4)[7], 1fb/0kg/p6(5)[6], 1fb/0kg/p6(4)[6], 1fb/0kg/p6(5)[6], 1fb/0kg/p6(4)[6], 1fb/0kg/p5(3)[5], 2fb/5kg/p2(2)[2], 2fb/7kg/p3(3)[3], 2fb/38kg/p6(4)[6], 2fb/42kg/p6(5)[6], 3fb/66kg/p3(3)[3], 3fb/67kg/p4(4)[4], 3fb/75kg/p5(4)[5], 4fb/112kg/p4(4)[4], 4fb/119kg/p1(1)[1], 4fb/119kg/p3(3)[3]
[09:41:42] budget: 176 s of 300 left for the settles + regrids (settle_wall 480)
[09:41:42]     settle  2:  63 @    714 d -> ok lin tank 603.0 (+1.5) miss 94 km (1.7 s)
[09:41:43]     settle  2: 152 @    708 d -> ok lintwin tank 602.2 (+0.7) miss 0 km (0.5 s)
[09:41:43]     settle  2:  31 @    678 d -> ok lintwin tank 603.3 (+1.8) miss 0 km (0.4 s)
[09:41:43]   regrid FAIL (2 fb: miss 55341 km, None, 0.9 s) -> column dropped
[09:41:43] plan: 1827 states, depth 13 new flybys, end plan_done (125 s); deepest 13 new to 1927 d at planner fuel 428 kg
[09:41:43]   depth  1:  214 states (214 in H), t_end 430-720 d, fuel 0-0 kg
[09:41:43]   depth  2:  150 states (98 in H), t_end 534-1260 d, fuel 3-56 kg
[09:41:43]   depth  3:  150 states (0 in H), t_end 788-1147 d, fuel 16-108 kg
[09:41:43]   depth  4:  150 states (0 in H), t_end 908-1201 d, fuel 33-145 kg
[09:41:43]   depth  5:  150 states (0 in H), t_end 1012-1251 d, fuel 68-177 kg
[09:41:43]   depth  6:  150 states (0 in H), t_end 1155-1359 d, fuel 88-211 kg
[09:41:43]   depth  7:  150 states (0 in H), t_end 1256-1496 d, fuel 98-251 kg
[09:41:43]   depth  8:  150 states (0 in H), t_end 1330-1584 d, fuel 150-275 kg
[09:41:43]   depth  9:  150 states (0 in H), t_end 1499-1687 d, fuel 171-310 kg
[09:41:43]   depth 10:  150 states (0 in H), t_end 1591-1848 d, fuel 200-352 kg
[09:41:43]   depth 11:  150 states (0 in H), t_end 1732-1893 d, fuel 245-393 kg
[09:41:43]   depth 12:  111 states (0 in H), t_end 1838-1976 d, fuel 290-429 kg
[09:41:43]   depth 13:    2 states (0 in H), t_end 1923-1927 d, fuel 428-432 kg
[09:41:43] candidates: 100 distinct committed target sets (n_new 1-2, potential 0-5)
[09:41:43] frontier: 16 candidates chosen (n fb / committed planner kg / continuation (lookahead) [full]; pot_mode lookahead, pot_cap None): 1fb/0kg/p6(5)[6], 1fb/0kg/p4(3)[4], 1fb/0kg/p3(3)[3], 1fb/0kg/p2(2)[2], 1fb/0kg/p1(0)[1], 1fb/0kg/p1(0)[1], 1fb/0kg/p1(0)[1], 1fb/0kg/p1(0)[1], 1fb/0kg/p1(0)[1], 1fb/0kg/p1(0)[1], 1fb/0kg/p1(0)[1], 1fb/0kg/p1(0)[1], 2fb/8kg/p0(0)[0], 2fb/9kg/p0(0)[0], 2fb/48kg/p3(3)[3], 2fb/52kg/p5(5)[5]
[09:41:43] budget: 174 s of 300 left for the settles + regrids (settle_wall 480)
[09:41:43]     settle  2:  32 @    448 d -> ok lintwin tank 606.5 (+5.0) miss 0 km (0.1 s)
[09:41:43] plan: 2263 states, depth 16 new flybys, end plan_done (126 s); deepest 16 new to 1947 d at planner fuel 448 kg
[09:41:43]   depth  1:  242 states (242 in H), t_end 165-555 d, fuel 0-0 kg
[09:41:43]   depth  2:  150 states (149 in H), t_end 280-720 d, fuel 6-59 kg
[09:41:43]   depth  3:  150 states (46 in H), t_end 578-854 d, fuel 18-100 kg
[09:41:43]   depth  4:  150 states (18 in H), t_end 664-900 d, fuel 44-145 kg
[09:41:43]   depth  5:  150 states (0 in H), t_end 756-994 d, fuel 57-191 kg
[09:41:43]   depth  6:  150 states (0 in H), t_end 879-1086 d, fuel 106-216 kg
[09:41:43]   depth  7:  150 states (0 in H), t_end 991-1194 d, fuel 135-254 kg
[09:41:43]   depth  8:  150 states (0 in H), t_end 1126-1312 d, fuel 145-299 kg
[09:41:43]   depth  9:  150 states (0 in H), t_end 1256-1408 d, fuel 168-328 kg
[09:41:43]   depth 10:  150 states (0 in H), t_end 1318-1861 d, fuel 188-353 kg
[09:41:43]   depth 11:  150 states (0 in H), t_end 1454-1906 d, fuel 200-392 kg
[09:41:43]   depth 12:  150 states (0 in H), t_end 1526-1868 d, fuel 231-431 kg
[09:41:43]   depth 13:  150 states (0 in H), t_end 1643-1979 d, fuel 283-456 kg
[09:41:43]   depth 14:  150 states (0 in H), t_end 1763-1978 d, fuel 322-490 kg
[09:41:43]   depth 15:   61 states (0 in H), t_end 1854-1979 d, fuel 384-506 kg
[09:41:43]   depth 16:   10 states (0 in H), t_end 1936-1956 d, fuel 448-490 kg
[09:41:43] candidates: 175 distinct committed target sets (n_new 1-4, potential 0-5)
[09:41:43] frontier: 16 candidates chosen (n fb / committed planner kg / continuation (lookahead) [full]; pot_mode lookahead, pot_cap None): 1fb/0kg/p8(5)[8], 1fb/0kg/p7(4)[7], 1fb/0kg/p7(4)[7], 1fb/0kg/p7(5)[7], 1fb/0kg/p7(5)[7], 1fb/0kg/p6(5)[6], 2fb/6kg/p0(0)[0], 2fb/6kg/p0(0)[0], 2fb/16kg/p6(4)[6], 2fb/47kg/p7(5)[7], 3fb/45kg/p3(3)[3], 3fb/48kg/p4(4)[4], 3fb/91kg/p6(5)[6], 4fb/71kg/p4(4)[4], 4fb/78kg/p4(4)[4], 4fb/144kg/p5(5)[5]
[09:41:43] budget: 174 s of 300 left for the settles + regrids (settle_wall 480)
[09:41:43] plan: 1848 states, depth 13 new flybys, end plan_done (126 s); deepest 13 new to 1927 d at planner fuel 408 kg
[09:41:43]   depth  1:  257 states (257 in H), t_end 295-710 d, fuel 0-0 kg
[09:41:43]   depth  2:  150 states (107 in H), t_end 460-1275 d, fuel 5-57 kg
[09:41:43]   depth  3:  150 states (2 in H), t_end 706-1049 d, fuel 11-114 kg
[09:41:43]   depth  4:  150 states (0 in H), t_end 862-1132 d, fuel 44-164 kg
[09:41:43]   depth  5:  150 states (0 in H), t_end 1012-1212 d, fuel 73-211 kg
[09:41:43]   depth  6:  150 states (0 in H), t_end 1104-1342 d, fuel 112-231 kg
[09:41:43]   depth  7:  150 states (0 in H), t_end 1250-1459 d, fuel 131-243 kg
[09:41:43]   depth  8:  150 states (0 in H), t_end 1330-1568 d, fuel 168-262 kg
[09:41:43]   depth  9:  150 states (0 in H), t_end 1514-1688 d, fuel 196-303 kg
[09:41:43]   depth 10:  150 states (0 in H), t_end 1635-1808 d, fuel 227-330 kg
[09:41:43]   depth 11:  150 states (0 in H), t_end 1732-1893 d, fuel 261-371 kg
[09:41:43]   depth 12:   89 states (0 in H), t_end 1848-1976 d, fuel 285-408 kg
[09:41:43]   depth 13:    2 states (0 in H), t_end 1923-1927 d, fuel 408-411 kg
[09:41:44] candidates: 124 distinct committed target sets (n_new 1-3, potential 0-5)
[09:41:44] frontier: 16 candidates chosen (n fb / committed planner kg / continuation (lookahead) [full]; pot_mode lookahead, pot_cap None): 1fb/0kg/p6(5)[6], 1fb/0kg/p6(4)[6], 1fb/0kg/p5(4)[5], 1fb/0kg/p5(4)[5], 1fb/0kg/p5(4)[5], 1fb/0kg/p5(4)[5], 1fb/0kg/p4(3)[4], 1fb/0kg/p4(4)[4], 1fb/0kg/p3(2)[3], 1fb/0kg/p2(2)[2], 2fb/5kg/p0(0)[0], 2fb/12kg/p0(0)[0], 2fb/18kg/p4(4)[4], 2fb/24kg/p5(5)[5], 2fb/38kg/p5(4)[5], 3fb/88kg/p4(4)[4]
[09:41:44] budget: 174 s of 300 left for the settles + regrids (settle_wall 480)
[09:41:44]     settle  2: 297 @    719 d -> ok lintwin tank 602.7 (+1.2) miss 0 km (0.3 s)
[09:41:44]     settle  2:  60 @    456 d -> ok lintwin tank 606.7 (+5.2) miss 0 km (0.1 s)
[09:41:44]     settle  2: 226 @    720 d -> ok lintwin tank 604.5 (+3.0) miss 0 km (0.2 s)
[09:41:44]     settle  2: 228 @    705 d -> ok lintwin tank 612.6 (+11.1) miss 3 km (0.1 s)
[09:41:44]     settle  2: 128 @    644 d -> ok lintwin tank 603.0 (+1.5) miss 0 km (0.2 s)
[09:41:44]   1 candidates dropped (settle failure / regrid failure / duplicate after truncation)
[09:41:44] RESULT s00_r5: 15 columns; frontier 1fb 0 kg p4/4 | 2fb 1 kg p0/4; settles 17 (17 ok), regrids 16 (15 ok); wall 126 s of 300 (plan 122, price 0, settle 4; budget hit None, 0 unsettled)
[09:41:44]     settle  2:  93 @    518 d -> ok lintwin tank 606.0 (+4.5) miss 42 km (0.1 s)
[09:41:44]     settle  2:  19 @    420 d -> ok lintwin tank 601.9 (+0.4) miss 0 km (0.5 s)
[09:41:44]     settle  2: 276 @    541 d -> ok lintwin tank 602.5 (+1.0) miss 1 km (0.1 s)
[09:41:45]     settle  2: 195 @    674 d -> ok lintwin tank 602.0 (+0.5) miss 0 km (0.6 s)
[09:41:45]     settle  2:  32 @    442 d -> ok lintwin tank 603.1 (+1.6) miss 48 km (0.4 s)
[09:41:45]     settle  2:  35 @    445 d -> ok lintwin tank 603.6 (+2.1) miss 0 km (0.2 s)
[09:41:45]     settle  2:  31 @    685 d -> ok lintwin tank 602.9 (+1.4) miss 0 km (0.5 s)
[09:41:45]     settle  2: 152 @    718 d -> ok lintwin tank 608.6 (+7.1) miss 1 km (0.1 s)
[09:41:45]   drift: leg 152@718 d settled outside (T, T+H] -> column cut at 1
[09:41:45]     settle  2: 277 @    284 d -> ok lintwin tank 604.6 (+3.1) miss 0 km (0.1 s)
[09:41:46]     settle  2: 192 @    595 d -> ok lintwin tank 606.9 (+5.4) miss 0 km (0.3 s)
[09:41:46]     settle  2: 190 @    690 d -> ok lintwin tank 603.6 (+2.1) miss 25 km (0.5 s)
[09:41:46]     settle  3:  63 @    716 d -> ok lintwin tank 608.9 (+2.0) miss 0 km (0.2 s)
[09:41:46]   job s00_r5 root  columns  15  levels 14  settles 17/17  end plan_done  wall 126.4 s
[09:41:46]   1 candidates dropped (settle failure / regrid failure / duplicate after truncation)
[09:41:46] RESULT s00_r4: 15 columns; frontier 1fb 0 kg p5/5 | 2fb 0 kg p0/5; settles 18 (18 ok), regrids 15 (15 ok); wall 128 s of 300 (plan 125, price 0, settle 3; budget hit None, 0 unsettled)
[09:41:46]     settle  2: 190 @    690 d -> ok lintwin tank 605.7 (+4.2) miss 29 km (0.8 s)
[09:41:46]     settle  2:  60 @    450 d -> ok lintwin tank 605.0 (+3.5) miss 35 km (0.1 s)
[09:41:46]     settle  2: 192 @    571 d -> ok lintwin tank 607.1 (+5.6) miss 27 km (0.1 s)
[09:41:46]     settle  3: 192 @    640 d -> ok lintwin tank 607.2 (+2.1) miss 0 km (0.3 s)
[09:41:47]     settle  3: 190 @    706 d -> ok lintwin tank 625.7 (+18.6) miss 2 km (0.2 s)
[09:41:47] RESULT s00_r3: 16 columns; frontier 1fb 0 kg p5/5 | 2fb 1 kg p0/5 | 3fb 24 kg p4/4; settles 17 (17 ok), regrids 16 (16 ok); wall 129 s of 300 (plan 126, price 0, settle 3; budget hit None, 0 unsettled)
[09:41:47]     settle  2: 192 @    597 d -> FAIL [('lam', 134578.3)] (2.9 s)
[09:41:47]     settle  3: 192 @    586 d -> ok lintwin tank 618.4 (+13.8) miss 6 km (0.3 s)
[09:41:47]     settle  2:  19 @    420 d -> ok lintwin tank 602.8 (+1.3) miss 0 km (0.4 s)
[09:41:47]     settle  3: 192 @    598 d -> ok lintwin tank 619.0 (+16.2) miss 0 km (0.2 s)
[09:41:47]     settle  3: 192 @    595 d -> ok lintwin tank 610.3 (+6.7) miss 0 km (0.2 s)
[09:41:47]     settle  4:  63 @    716 d -> ok lintwin tank 614.7 (+4.4) miss 3 km (0.2 s)
[09:41:48]     settle  3: 192 @    588 d -> ok lintwin tank 613.1 (+6.6) miss 3 km (0.2 s)
[09:41:48]     settle  2: 201 @    330 d -> ok lintwin tank 618.0 (+16.5) miss 37 km (0.2 s)
[09:41:48]   job s00_r3 root  columns  16  levels 13  settles 17/17  end plan_done  wall 128.9 s
[09:41:48]   job s00_r4 root  columns  15  levels 13  settles 18/18  end plan_done  wall 128.3 s
[09:41:48]     settle  4:  63 @    712 d -> ok lintwin tank 631.5 (+18.4) miss 7 km (0.4 s)
[09:41:48]     settle  3: 192 @    594 d -> ok lintwin tank 620.9 (+2.9) miss 5 km (0.4 s)
[09:41:48]     settle  4:  63 @    716 d -> ok lintwin tank 626.2 (+5.3) miss 40 km (0.3 s)
[09:41:48]     settle  3: 192 @    600 d -> ok lintwin tank 619.0 (+16.2) miss 0 km (0.3 s)
[09:41:49]     settle  4:  97 @    690 d -> ok lintwin tank 638.6 (+19.6) miss 10 km (0.3 s)
[09:41:49]     settle  4: 228 @    691 d -> ok lintwin tank 625.4 (+7.0) miss 7 km (0.2 s)
[09:41:49] RESULT s00_r1: 16 columns; frontier 1fb 0 kg p5/5 | 2fb 0 kg p0/5 | 3fb 6 kg p4/5 | 4fb 13 kg p4/5; settles 23 (23 ok), regrids 16 (16 ok); wall 131 s of 300 (plan 126, price 0, settle 5; budget hit None, 0 unsettled)
[09:41:49]     settle  3: 192 @    602 d -> ok lintwin tank 615.0 (+8.3) miss 3 km (0.3 s)
[09:41:49]     settle  4:  97 @    692 d -> ok lintwin tank 629.7 (+14.7) miss 5 km (0.3 s)
[09:41:49]   1 candidates dropped (settle failure / regrid failure / duplicate after truncation)
[09:41:49] RESULT s00_r2: 15 columns; frontier 1fb 0 kg p4/5 | 2fb 1 kg p2/5 | 3fb 12 kg p4/4 | 4fb 28 kg p3/4; settles 22 (20 ok), regrids 15 (15 ok); wall 132 s of 300 (plan 124, price 0, settle 7; budget hit None, 0 unsettled)
[09:41:50]   job s00_r1 root  columns  16  levels 16  settles 23/23  end plan_done  wall 131.1 s
[09:41:50]   job s00_r2 root  columns  15  levels 16  settles 20/22  end plan_done  wall 131.7 s
[09:42:09] plan: 2278 states, depth 16 new flybys, end plan_done (152 s); deepest 16 new to 1947 d at planner fuel 464 kg
[09:42:09]   depth  1:  261 states (261 in H), t_end 70-475 d, fuel 0-0 kg
[09:42:09]   depth  2:  150 states (144 in H), t_end 182-945 d, fuel 1-59 kg
[09:42:09]   depth  3:  150 states (42 in H), t_end 369-864 d, fuel 20-107 kg
[09:42:09]   depth  4:  150 states (17 in H), t_end 455-914 d, fuel 32-148 kg
[09:42:09]   depth  5:  150 states (0 in H), t_end 777-977 d, fuel 76-190 kg
[09:42:09]   depth  6:  150 states (0 in H), t_end 840-1087 d, fuel 87-213 kg
[09:42:09]   depth  7:  150 states (0 in H), t_end 991-1195 d, fuel 98-255 kg
[09:42:09]   depth  8:  150 states (0 in H), t_end 1126-1439 d, fuel 152-298 kg
[09:42:09]   depth  9:  150 states (0 in H), t_end 1256-1844 d, fuel 186-327 kg
[09:42:09]   depth 10:  150 states (0 in H), t_end 1315-1965 d, fuel 204-348 kg
[09:42:09]   depth 11:  150 states (0 in H), t_end 1429-1962 d, fuel 227-390 kg
[09:42:09]   depth 12:  150 states (0 in H), t_end 1526-1972 d, fuel 288-417 kg
[09:42:09]   depth 13:  150 states (0 in H), t_end 1632-1979 d, fuel 314-449 kg
[09:42:09]   depth 14:  150 states (0 in H), t_end 1746-1978 d, fuel 354-478 kg
[09:42:09]   depth 15:   62 states (0 in H), t_end 1854-1979 d, fuel 401-514 kg
[09:42:09]   depth 16:    5 states (0 in H), t_end 1936-1956 d, fuel 464-496 kg
[09:42:09] candidates: 183 distinct committed target sets (n_new 1-4, potential 0-6)
[09:42:09] frontier: 16 candidates chosen (n fb / committed planner kg / continuation (lookahead) [full]; pot_mode lookahead, pot_cap None): 1fb/0kg/p8(6)[8], 1fb/0kg/p7(4)[7], 1fb/0kg/p7(5)[7], 1fb/0kg/p7(5)[7], 1fb/0kg/p6(4)[6], 1fb/0kg/p6(3)[6], 2fb/1kg/p0(0)[0], 2fb/6kg/p5(4)[5], 2fb/32kg/p7(6)[7], 2fb/55kg/p7(5)[7], 3fb/20kg/p4(4)[4], 3fb/36kg/p4(4)[4], 3fb/76kg/p6(5)[6], 4fb/101kg/p4(4)[4], 4fb/103kg/p4(4)[4], 4fb/122kg/p5(5)[5]
[09:42:09] budget: 148 s of 300 left for the settles + regrids (settle_wall 480)
[09:42:10]     settle  2: 279 @    356 d -> ok lintwin tank 601.5 (+0.0) miss 0 km (0.1 s)
[09:42:10]     settle  2: 127 @    341 d -> ok lintwin tank 601.7 (+0.2) miss 1 km (0.1 s)
[09:42:10]     settle  2: 277 @    284 d -> ok lintwin tank 602.0 (+0.5) miss 0 km (0.3 s)
[09:42:11]     settle  2: 297 @    305 d -> ok lintwin tank 612.1 (+10.6) miss 0 km (0.1 s)
[09:42:11]     settle  2: 294 @    317 d -> ok lintwin tank 614.8 (+13.3) miss 1 km (0.1 s)
[09:42:11]     settle  3: 192 @    580 d -> ok lintwin tank 617.5 (+2.6) miss 11 km (0.2 s)
[09:42:11]     settle  2: 127 @    330 d -> ok lintwin tank 605.9 (+4.4) miss 0 km (0.3 s)
[09:42:12]     settle  3: 192 @    576 d -> ok lintwin tank 610.5 (+4.6) miss 0 km (0.2 s)
[09:42:12]     settle  3: 192 @    580 d -> ok lintwin tank 628.7 (+16.7) miss 7 km (0.2 s)
[09:42:12]     settle  2:  67 @    195 d -> ok lintwin tank 615.6 (+14.1) miss 2 km (0.1 s)
[09:42:12]     settle  3: 139 @    369 d -> ok lintwin tank 627.6 (+12.0) miss 3 km (0.2 s)
[09:42:12]     settle  4: 230 @    455 d -> ok lintwin tank 632.9 (+5.3) miss 1 km (0.1 s)
[09:42:13]     settle  4: 286 @    603 d -> ok lintwin tank 636.1 (+8.5) miss 0 km (0.2 s)
[09:42:13]     settle  4: 228 @    710 d -> ok lintwin tank 631.3 (+2.6) miss 4 km (0.2 s)
[09:42:13] RESULT s00_r0: 16 columns; frontier 1fb 0 kg p6/6 | 2fb 0 kg p0/6 | 3fb 9 kg p4/5 | 4fb 30 kg p5/5; settles 23 (23 ok), regrids 16 (16 ok); wall 155 s of 300 (plan 152, price 0, settle 4; budget hit None, 0 unsettled)
[09:42:14]   job s00_r0 root  columns  16  levels 16  settles 23/23  end plan_done  wall 155.3 s
[09:42:14] [slice 0] propose: 116 columns (0 bad dropped) in 156.3 s
[09:42:14] [slice 0] auction: 116 columns, kept 116, dropped {}; lam 0.70 H_eff 720 d fuel budget 643 kg quota on
[09:42:14] [slice 0] auction: status optimal objective 37.635 vars 116 rows 44 chosen 8 fuel 52/643 kg (0.022 s)
[09:42:16] [slice 0 T=0 d] launched 8/8  covered 18  remaining 280  fuel 64 kg  sumJi 8.0465  chosen: r->c0:4(+31) r->c1:1(+0) r->c2:1(+0) r->c3:2(+0) r->c4:4(+13) r->c5:2(+5) r->c6:2(+1) r->c7:2(+1)  rejected: -  (wall 158 s)
[09:42:16] [slice 1 T=720 d] propose: 8 jobs (8 craft, 0 root) on 9 workers, proposer planbeam, H_eff 720 d, lam 0.7
[09:42:16] job s01_c1 (craft, craft 1, planbeam): T 720 d H 720 L 540; plan horizon 2700 d; remaining 280; prize >1 on 27; width 150 npt 6 mc 150 dv 1.2 drmax 0.15 plan_wall 240 s; quota {'fil': 6, 'med': 12}
[09:42:16] job s01_c2 (craft, craft 2, planbeam): T 720 d H 720 L 540; plan horizon 2700 d; remaining 280; prize >1 on 27; width 150 npt 6 mc 150 dv 1.2 drmax 0.15 plan_wall 240 s; quota {'fil': 6, 'med': 12}
[09:42:16] job s01_c0 (craft, craft 0, planbeam): T 720 d H 720 L 540; plan horizon 2700 d; remaining 280; prize >1 on 27; width 150 npt 6 mc 150 dv 1.2 drmax 0.15 plan_wall 240 s; quota {'fil': 6, 'med': 10}
[09:42:16] job s01_c3 (craft, craft 3, planbeam): T 720 d H 720 L 540; plan horizon 2700 d; remaining 280; prize >1 on 27; width 150 npt 6 mc 150 dv 1.2 drmax 0.15 plan_wall 240 s; quota {'fil': 6, 'med': 11}
[09:42:16] job s01_c4 (craft, craft 4, planbeam): T 720 d H 720 L 540; plan horizon 2700 d; remaining 280; prize >1 on 27; width 150 npt 6 mc 150 dv 1.2 drmax 0.15 plan_wall 240 s; quota {'fil': 5, 'med': 11}
[09:42:16] job s01_c5 (craft, craft 5, planbeam): T 720 d H 720 L 540; plan horizon 2700 d; remaining 280; prize >1 on 27; width 150 npt 6 mc 150 dv 1.2 drmax 0.15 plan_wall 240 s; quota {'fil': 5, 'med': 12}
[09:42:16] job s01_c6 (craft, craft 6, planbeam): T 720 d H 720 L 540; plan horizon 2700 d; remaining 280; prize >1 on 27; width 150 npt 6 mc 150 dv 1.2 drmax 0.15 plan_wall 240 s; quota {'fil': 6, 'med': 12}
[09:42:16] job s01_c7 (craft, craft 7, planbeam): T 720 d H 720 L 540; plan horizon 2700 d; remaining 280; prize >1 on 27; width 150 npt 6 mc 150 dv 1.2 drmax 0.15 plan_wall 240 s; quota {'fil': 7, 'med': 12}
[09:42:16] prefix slices/s01/in/craft_1.npz: 1 flybys, t_end 185.0 d, tank 601.5 kg (planner view), miss 0.0 km, nreg 9
[09:42:16] budget: job_wall 300 s, 300 s left before the plan -> plan cap 210 s (plan_wall 240, settle_reserve 90)
[09:42:16] prefix slices/s01/in/craft_2.npz: 1 flybys, t_end 315.0 d, tank 601.5 kg (planner view), miss 0.0 km, nreg 14
[09:42:16] budget: job_wall 300 s, 300 s left before the plan -> plan cap 210 s (plan_wall 240, settle_reserve 90)
[09:42:16] prefix slices/s01/in/craft_3.npz: 2 flybys, t_end 284.2 d, tank 602.0 kg (planner view), miss 0.0 km, nreg 13
[09:42:16] budget: job_wall 300 s, 300 s left before the plan -> plan cap 210 s (plan_wall 240, settle_reserve 90)
[09:42:16] prefix slices/s01/in/craft_5.npz: 2 flybys, t_end 456.8 d, tank 606.7 kg (planner view), miss 0.0 km, nreg 17
[09:42:16] budget: job_wall 300 s, 300 s left before the plan -> plan cap 210 s (plan_wall 240, settle_reserve 90)
[09:42:16] prefix slices/s01/in/craft_7.npz: 2 flybys, t_end 684.4 d, tank 602.9 kg (planner view), miss 0.0 km, nreg 24
[09:42:16] budget: job_wall 300 s, 300 s left before the plan -> plan cap 210 s (plan_wall 240, settle_reserve 90)
[09:42:16] prefix slices/s01/in/craft_0.npz: 4 flybys, t_end 455.5 d, tank 632.8 kg (planner view), miss 0.0 km, nreg 25
[09:42:16] budget: job_wall 300 s, 300 s left before the plan -> plan cap 210 s (plan_wall 240, settle_reserve 90)
[09:42:16] prefix slices/s01/in/craft_6.npz: 2 flybys, t_end 708.5 d, tank 602.2 kg (planner view), miss 0.0 km, nreg 26
[09:42:16] budget: job_wall 300 s, 300 s left before the plan -> plan cap 210 s (plan_wall 240, settle_reserve 90)
[09:42:16] prefix slices/s01/in/craft_4.npz: 4 flybys, t_end 715.5 d, tank 614.6 kg (planner view), miss 1.9 km, nreg 33
[09:42:16] budget: job_wall 300 s, 300 s left before the plan -> plan cap 210 s (plan_wall 240, settle_reserve 90)
[09:42:22] first level (both): 0 production + 115 relaxed (dv 2.5, 0.3 AU; 0.1 s) + 89 lintwin children -> 149 unique (5.5 s)
[09:42:22] plan start: prefix 2 flybys, t_end 708.5 d, planner mass 1598.1 kg (dv 0.048 km/s); 149 first-level states
[09:42:22] first level (both): 0 production + 73 relaxed (dv 2.5, 0.3 AU; 0.1 s) + 94 lintwin children -> 135 unique (5.6 s)
[09:42:22] plan start: prefix 2 flybys, t_end 684.4 d, planner mass 1596.4 kg (dv 0.088 km/s); 135 first-level states
[09:42:22] first level (both): 0 production + 34 relaxed (dv 2.5, 0.3 AU; 0.1 s) + 120 lintwin children -> 140 unique (6.1 s)
[09:42:22] plan start: prefix 2 flybys, t_end 456.8 d, planner mass 1586.4 kg (dv 0.335 km/s); 140 first-level states
[09:42:22] first level (both): 0 production + 15 relaxed (dv 2.5, 0.3 AU; 0.1 s) + 122 lintwin children -> 135 unique (6.3 s)
[09:42:22] plan start: prefix 1 flybys, t_end 315.0 d, planner mass 1600.0 kg (dv 0.000 km/s); 135 first-level states
[09:42:23] first level (both): 0 production + 67 relaxed (dv 2.5, 0.3 AU; 0.1 s) + 83 lintwin children -> 115 unique (6.4 s)
[09:42:23] plan start: prefix 4 flybys, t_end 715.5 d, planner mass 1565.9 kg (dv 0.845 km/s); 115 first-level states
[09:42:23] first level (both): 0 production + 5 relaxed (dv 2.5, 0.3 AU; 0.1 s) + 113 lintwin children -> 117 unique (6.6 s)
[09:42:23] plan start: prefix 1 flybys, t_end 185.0 d, planner mass 1600.0 kg (dv 0.000 km/s); 117 first-level states
[09:42:23] first level (both): 0 production + 8 relaxed (dv 2.5, 0.3 AU; 0.1 s) + 119 lintwin children -> 123 unique (6.6 s)
[09:42:23] plan start: prefix 2 flybys, t_end 284.2 d, planner mass 1598.8 kg (dv 0.030 km/s); 123 first-level states
[09:42:23] first level (both): 0 production + 72 relaxed (dv 2.5, 0.3 AU; 0.1 s) + 114 lintwin children -> 156 unique (7.2 s)
[09:42:23] plan start: prefix 4 flybys, t_end 455.5 d, planner mass 1520.8 kg (dv 1.992 km/s); 156 first-level states
[09:43:25] plan: 1256 states, depth 10 new flybys, end plan_done (69 s); deepest 10 new to 2695 d at planner fuel 329 kg
[09:43:25]   depth  1:  140 states (140 in H), t_end 727-1328 d, fuel 17-130 kg
[09:43:25]   depth  2:  150 states (121 in H), t_end 822-1761 d, fuel 58-171 kg
[09:43:25]   depth  3:  150 states (139 in H), t_end 978-1926 d, fuel 85-208 kg
[09:43:25]   depth  4:  150 states (39 in H), t_end 1296-1885 d, fuel 132-251 kg
[09:43:25]   depth  5:  150 states (3 in H), t_end 1372-2357 d, fuel 160-289 kg
[09:43:25]   depth  6:  150 states (0 in H), t_end 1496-2598 d, fuel 206-306 kg
[09:43:25]   depth  7:  150 states (0 in H), t_end 2287-2697 d, fuel 215-335 kg
[09:43:25]   depth  8:  150 states (0 in H), t_end 2365-2697 d, fuel 260-373 kg
[09:43:25]   depth  9:   64 states (0 in H), t_end 2567-2699 d, fuel 304-399 kg
[09:43:25]   depth 10:    2 states (0 in H), t_end 2695-2695 d, fuel 329-358 kg
[09:43:25] candidates: 280 distinct committed target sets (n_new 1-5, potential 0-2)
[09:43:25] frontier: 16 candidates chosen (n fb / committed planner kg / continuation (lookahead) [full]; pot_mode lookahead, pot_cap None): 1fb/17kg/p0(0)[0], 1fb/18kg/p1(0)[1], 1fb/98kg/p4(1)[4], 1fb/104kg/p5(1)[5], 1fb/117kg/p5(2)[5], 2fb/58kg/p0(0)[0], 2fb/59kg/p0(0)[0], 2fb/153kg/p4(1)[4], 3fb/85kg/p0(0)[0], 3fb/97kg/p2(1)[2], 3fb/162kg/p3(2)[3], 4fb/132kg/p1(1)[1], 4fb/176kg/p1(1)[1], 4fb/204kg/p2(2)[2], 5fb/252kg/p0(0)[0], 5fb/267kg/p1(1)[1]
[09:43:25] budget: 231 s of 300 left for the settles + regrids (settle_wall 480)
[09:43:26]     settle  3: 241 @   1056 d -> ok lintwin tank 607.9 (+1.3) miss 6 km (0.2 s)
[09:43:26]     settle  3:  30 @    934 d -> ok lintwin tank 608.9 (+2.3) miss 2 km (0.3 s)
[09:43:27]     settle  3: 286 @    950 d -> ok lintwin tank 639.7 (+33.0) miss 59 km (0.5 s)
[09:43:27] plan: 1303 states, depth 11 new flybys, end plan_done (71 s); deepest 11 new to 2697 d at planner fuel 394 kg
[09:43:27]   depth  1:  115 states (115 in H), t_end 860-1342 d, fuel 38-148 kg
[09:43:27]   depth  2:  150 states (124 in H), t_end 930-1843 d, fuel 59-194 kg
[09:43:27]   depth  3:  150 states (51 in H), t_end 1174-1996 d, fuel 109-223 kg
[09:43:27]   depth  4:  150 states (57 in H), t_end 1252-2499 d, fuel 123-256 kg
[09:43:27]   depth  5:  150 states (0 in H), t_end 1660-2687 d, fuel 192-281 kg
[09:43:27]   depth  6:  150 states (0 in H), t_end 1857-2693 d, fuel 200-300 kg
[09:43:27]   depth  7:  150 states (0 in H), t_end 1970-2699 d, fuel 243-331 kg
[09:43:27]   depth  8:  150 states (0 in H), t_end 2360-2696 d, fuel 288-354 kg
[09:43:27]   depth  9:  116 states (0 in H), t_end 2450-2700 d, fuel 319-399 kg
[09:43:27]   depth 10:   20 states (0 in H), t_end 2594-2700 d, fuel 337-431 kg
[09:43:27]   depth 11:    2 states (0 in H), t_end 2697-2699 d, fuel 394-423 kg
[09:43:27] candidates: 225 distinct committed target sets (n_new 1-4, potential 0-4)
[09:43:27] frontier: 16 candidates chosen (n fb / committed planner kg / continuation (lookahead) [full]; pot_mode lookahead, pot_cap None): 1fb/38kg/p0(0)[0], 1fb/47kg/p0(0)[0], 1fb/49kg/p3(0)[3], 1fb/71kg/p3(0)[3], 1fb/74kg/p3(0)[3], 1fb/81kg/p3(2)[3], 1fb/97kg/p6(4)[6], 2fb/62kg/p0(0)[0], 2fb/62kg/p0(0)[0], 2fb/147kg/p5(4)[5], 3fb/112kg/p1(0)[1], 3fb/131kg/p1(0)[1], 3fb/169kg/p4(4)[4], 4fb/123kg/p0(0)[0], 4fb/146kg/p0(0)[0], 4fb/151kg/p0(0)[0]
[09:43:27] budget: 229 s of 300 left for the settles + regrids (settle_wall 480)
[09:43:28]     settle  5: 123 @   1295 d -> ok lintwin tank 616.0 (+1.4) miss 0 km (0.7 s)
[09:43:28]     settle  3: 224 @    876 d -> ok lintwin tank 687.3 (+80.6) miss 1 km (1.5 s)
[09:43:29]     settle  5:  71 @   1263 d -> ok lintwin tank 640.9 (+26.3) miss 44 km (1.0 s)
[09:43:30]     settle  3: 180 @    801 d -> ok lintwin tank 672.1 (+65.4) miss 62 km (1.1 s)
[09:43:30]     settle  4: 114 @   1184 d -> ok lintwin tank 616.4 (+7.5) miss 14 km (0.2 s)
[09:43:30]     settle  5: 109 @    890 d -> ok lintwin tank 621.9 (+7.3) miss 1 km (0.3 s)
[09:43:31]     settle  5:  30 @    938 d -> ok lintwin tank 622.0 (+7.4) miss 2 km (0.5 s)
[09:43:31]     settle  5:  50 @    867 d -> ok lintwin tank 624.0 (+9.4) miss 4 km (0.3 s)
[09:43:31]     settle  3:  65 @    984 d -> ok lintwin tank 619.7 (+13.0) miss 26 km (0.7 s)
[09:43:31] plan: 1345 states, depth 10 new flybys, end plan_done (75 s); deepest 10 new to 2682 d at planner fuel 275 kg
[09:43:31]   depth  1:  135 states (135 in H), t_end 725-1390 d, fuel 4-117 kg
[09:43:31]   depth  2:  150 states (134 in H), t_end 825-1706 d, fuel 19-142 kg
[09:43:31]   depth  3:  150 states (133 in H), t_end 1018-1861 d, fuel 58-188 kg
[09:43:31]   depth  4:  150 states (16 in H), t_end 1304-1979 d, fuel 82-227 kg
[09:43:31]   depth  5:  150 states (0 in H), t_end 1595-2509 d, fuel 156-253 kg
[09:43:31]   depth  6:  150 states (0 in H), t_end 1995-2695 d, fuel 200-287 kg
[09:43:31]   depth  7:  150 states (0 in H), t_end 2346-2696 d, fuel 217-319 kg
[09:43:31]   depth  8:  150 states (0 in H), t_end 2448-2697 d, fuel 238-344 kg
[09:43:31]   depth  9:  150 states (0 in H), t_end 2594-2700 d, fuel 254-379 kg
[09:43:31]   depth 10:   10 states (0 in H), t_end 2681-2696 d, fuel 275-384 kg
[09:43:31] candidates: 277 distinct committed target sets (n_new 1-4, potential 0-2)
[09:43:31] frontier: 16 candidates chosen (n fb / committed planner kg / continuation (lookahead) [full]; pot_mode lookahead, pot_cap None): 1fb/5kg/p0(0)[0], 1fb/7kg/p0(0)[0], 1fb/22kg/p3(1)[3], 1fb/27kg/p4(2)[4], 1fb/35kg/p3(0)[3], 1fb/54kg/p4(1)[4], 1fb/97kg/p4(2)[4], 2fb/19kg/p0(0)[0], 2fb/37kg/p1(0)[1], 2fb/79kg/p3(2)[3], 3fb/58kg/p0(0)[0], 3fb/61kg/p0(0)[0], 3fb/91kg/p2(2)[2], 4fb/124kg/p0(0)[0], 4fb/128kg/p0(0)[0], 4fb/182kg/p1(1)[1]
[09:43:31] budget: 225 s of 300 left for the settles + regrids (settle_wall 480)
[09:43:32] plan: 1393 states, depth 11 new flybys, end plan_done (76 s); deepest 11 new to 2546 d at planner fuel 342 kg
[09:43:32]   depth  1:  149 states (149 in H), t_end 749-1426 d, fuel 9-118 kg
[09:43:32]   depth  2:  150 states (86 in H), t_end 974-1749 d, fuel 71-154 kg
[09:43:32]   depth  3:  150 states (117 in H), t_end 1115-1996 d, fuel 82-190 kg
[09:43:32]   depth  4:  150 states (4 in H), t_end 1390-2036 d, fuel 128-217 kg
[09:43:32]   depth  5:  150 states (0 in H), t_end 1599-2081 d, fuel 137-252 kg
[09:43:32]   depth  6:  150 states (0 in H), t_end 1709-2578 d, fuel 174-294 kg
[09:43:32]   depth  7:  150 states (0 in H), t_end 1998-2632 d, fuel 186-318 kg
[09:43:32]   depth  8:  150 states (0 in H), t_end 2203-2697 d, fuel 227-345 kg
[09:43:32]   depth  9:  132 states (0 in H), t_end 2305-2700 d, fuel 256-380 kg
[09:43:32]   depth 10:   51 states (0 in H), t_end 2398-2698 d, fuel 298-425 kg
[09:43:32]   depth 11:   11 states (0 in H), t_end 2534-2611 d, fuel 342-382 kg
[09:43:32] candidates: 185 distinct committed target sets (n_new 1-4, potential 0-3)
[09:43:32] frontier: 16 candidates chosen (n fb / committed planner kg / continuation (lookahead) [full]; pot_mode lookahead, pot_cap None): 1fb/9kg/p0(0)[0], 1fb/17kg/p0(0)[0], 1fb/67kg/p5(3)[5], 1fb/71kg/p3(2)[3], 1fb/85kg/p3(1)[3], 1fb/97kg/p5(2)[5], 2fb/71kg/p1(0)[1], 2fb/82kg/p4(3)[4], 2fb/87kg/p0(0)[0], 2fb/98kg/p4(3)[4], 3fb/82kg/p0(0)[0], 3fb/96kg/p0(0)[0], 3fb/115kg/p3(3)[3], 4fb/165kg/p0(0)[0], 4fb/170kg/p0(0)[0], 4fb/210kg/p2(2)[2]
[09:43:32] budget: 224 s of 300 left for the settles + regrids (settle_wall 480)
[09:43:32]     settle  4: 114 @   1184 d -> ok lintwin tank 628.5 (+8.9) miss 50 km (1.0 s)
[09:43:33]     settle  5: 224 @    927 d -> ok lintwin tank 672.2 (+57.6) miss 69 km (1.7 s)
[09:43:33]     settle  2:  26 @    903 d -> ok lintwin tank 602.5 (+1.0) miss 96 km (2.1 s)
[09:43:33]     settle  3:   5 @   1065 d -> ok lintwin tank 605.1 (+2.9) miss 0 km (1.3 s)
[09:43:33]     settle  5: 286 @    956 d -> ok lintwin tank 621.3 (+6.7) miss 2 km (0.5 s)
[09:43:34]     settle  3:  90 @   1038 d -> ok lintwin tank 607.2 (+5.0) miss 1 km (0.4 s)
[09:43:34]     settle  5: 286 @    965 d -> ok lintwin tank 621.3 (+6.7) miss 0 km (0.3 s)
[09:43:34]     settle  4: 242 @   1058 d -> ok lintwin tank 688.8 (+1.5) miss 86 km (1.7 s)
[09:43:34]     settle  6: 260 @   1151 d -> ok lintwin tank 629.2 (+7.9) miss 4 km (0.2 s)
[09:43:35]     settle  6: 203 @   1174 d -> ok lintwin tank 625.0 (+3.1) miss 20 km (0.2 s)
[09:43:35]     settle  3: 264 @   1036 d -> ok lintwin tank 625.5 (+23.3) miss 2 km (0.9 s)
[09:43:35]     settle  3: 299 @    927 d -> ok lintwin tank 620.9 (+14.2) miss 63 km (1.2 s)
[09:43:35]     settle  2: 257 @    963 d -> ok lintwin tank 602.8 (+1.3) miss 18 km (0.5 s)
[09:43:36]     settle  6:  54 @   1112 d -> ok lintwin tank 671.5 (+50.2) miss 66 km (1.1 s)
[09:43:36]     settle  4: 177 @   1015 d -> ok lintwin tank 636.1 (+15.2) miss 29 km (0.5 s)
[09:43:36]     settle  5: 109 @   1262 d -> ok lintwin tank 641.4 (+5.4) miss 13 km (0.2 s)
[09:43:37]     settle  6: 198 @   1073 d -> ok lintwin tank 628.5 (+6.5) miss 7 km (0.4 s)
[09:43:37]     settle  3: 240 @    924 d -> ok lintwin tank 659.4 (+57.2) miss 73 km (1.6 s)
[09:43:37]     settle  7: 114 @   1178 d -> ok lintwin tank 643.2 (+14.7) miss 15 km (0.4 s)
[09:43:37]     settle  2: 226 @    923 d -> ok lintwin tank 625.3 (+23.8) miss 82 km (1.5 s)
[09:43:38]     settle  6: 198 @   1074 d -> ok lintwin tank 633.8 (+12.5) miss 6 km (0.7 s)
[09:43:38]     settle  7: 114 @   1178 d -> ok lintwin tank 645.8 (+12.0) miss 8 km (0.4 s)
[09:43:38]     settle  3: 224 @    965 d -> ok lintwin tank 682.6 (+75.9) miss 74 km (2.1 s)
[09:43:40]     settle  2:  30 @    837 d -> ok lintwin tank 613.2 (+11.7) miss 13 km (1.7 s)
[09:43:40]     settle  4: 242 @   1075 d -> ok lintwin tank 687.3 (+4.7) miss 1 km (1.8 s)
[09:43:41]     settle  7: 138 @   1437 d -> ok lintwin tank 692.8 (+21.3) miss 67 km (2.1 s)
[09:43:41]     settle  8:  73 @   1410 d -> ok lintwin tank 647.9 (+4.6) miss 4 km (0.5 s)
[09:43:41]     settle  2: 183 @    920 d -> ok lintwin tank 617.5 (+16.0) miss 73 km (1.5 s)
[09:43:42]     settle  8:  73 @   1410 d -> ok lintwin tank 652.0 (+6.2) miss 32 km (0.2 s)
[09:43:42] plan: 1529 states, depth 12 new flybys, end plan_done (86 s); deepest 12 new to 2682 d at planner fuel 372 kg
[09:43:42]   depth  1:  123 states (123 in H), t_end 735-1392 d, fuel 4-119 kg
[09:43:42]   depth  2:  150 states (128 in H), t_end 830-1863 d, fuel 29-155 kg
[09:43:42]   depth  3:  150 states (122 in H), t_end 1006-1920 d, fuel 68-200 kg
[09:43:42]   depth  4:  150 states (39 in H), t_end 1163-2380 d, fuel 110-222 kg
[09:43:42]   depth  5:  150 states (0 in H), t_end 1454-2575 d, fuel 127-260 kg
[09:43:42]   depth  6:  150 states (0 in H), t_end 1765-2568 d, fuel 177-268 kg
[09:43:42]   depth  7:  150 states (0 in H), t_end 1854-2695 d, fuel 211-294 kg
[09:43:42]   depth  8:  150 states (0 in H), t_end 2102-2698 d, fuel 234-304 kg
[09:43:42]   depth  9:  150 states (0 in H), t_end 2348-2697 d, fuel 250-332 kg
[09:43:42]   depth 10:  150 states (0 in H), t_end 2450-2698 d, fuel 284-371 kg
[09:43:42]   depth 11:   54 states (0 in H), t_end 2535-2700 d, fuel 300-400 kg
[09:43:42]   depth 12:    2 states (0 in H), t_end 2682-2692 d, fuel 372-389 kg
[09:43:42] candidates: 286 distinct committed target sets (n_new 1-4, potential 0-4)
[09:43:42] frontier: 16 candidates chosen (n fb / committed planner kg / continuation (lookahead) [full]; pot_mode lookahead, pot_cap None): 1fb/4kg/p0(0)[0], 1fb/5kg/p0(0)[0], 1fb/39kg/p3(0)[3], 1fb/65kg/p4(1)[4], 1fb/68kg/p6(3)[6], 1fb/68kg/p4(1)[4], 1fb/82kg/p6(4)[6], 2fb/31kg/p0(0)[0], 2fb/32kg/p0(0)[0], 2fb/91kg/p5(4)[5], 3fb/68kg/p0(0)[0], 3fb/75kg/p0(0)[0], 3fb/124kg/p4(4)[4], 4fb/120kg/p1(1)[1], 4fb/123kg/p0(0)[0], 4fb/151kg/p3(3)[3]
[09:43:42] budget: 214 s of 300 left for the settles + regrids (settle_wall 480)
[09:43:42]     settle  5: 170 @   1150 d -> ok lam tank 736.7 (+49.4) miss 46 km (1.7 s)
[09:43:42]     settle  2: 141 @    751 d -> ok lintwin tank 621.4 (+19.9) miss 69 km (1.0 s)
[09:43:43]     settle  8:  29 @   1378 d -> ok lintwin tank 650.7 (+7.4) miss 9 km (0.7 s)
[09:43:43] RESULT s01_c4: 16 columns; frontier 1fb 1 kg p0/4 | 2fb 10 kg p0/4 | 3fb 28 kg p0/4 | 4fb 33 kg p0/0; settles 19 (19 ok), regrids 16 (16 ok); wall 87 s of 300 (plan 71, price 0, settle 15; budget hit None, 0 unsettled)
[09:43:43]     settle  3:  78 @   1324 d -> ok lintwin tank 602.9 (+0.9) miss 0 km (1.2 s)
[09:43:44]     settle  3:  37 @    993 d -> FAIL [('lam', 3027836.3)] (6.8 s)
[09:43:44]   job s01_c4 craft columns  16  levels 11  settles 19/19  end plan_done  wall 86.6 s
[09:43:44]     settle  3: 201 @   1257 d -> ok lintwin tank 604.2 (+2.3) miss 1 km (1.2 s)
[09:43:44]     settle  4: 234 @   1006 d -> ok lam tank 691.0 (+18.9) miss 1 km (1.0 s)
[09:43:45]     settle  3: 105 @    857 d -> ok lintwin tank 642.5 (+40.5) miss 69 km (0.3 s)
[09:43:46]     settle  2: 177 @    859 d -> ok lam tank 699.2 (+97.7) miss 19 km (2.5 s)
[09:43:46]     settle  5: 293 @   1235 d -> ok lintwin tank 758.1 (+67.1) miss 1 km (2.0 s)
[09:43:46]     settle  3: 141 @    753 d -> ok lam tank 623.9 (+21.9) miss 86 km (1.5 s)
[09:43:48]     settle  3:  16 @    749 d -> FAIL [('lam', 4890402.2)] (4.0 s)
[09:43:48] plan: 1663 states, depth 13 new flybys, end plan_done (92 s); deepest 13 new to 2683 d at planner fuel 395 kg
[09:43:48]   depth  1:  117 states (117 in H), t_end 740-1351 d, fuel 2-117 kg
[09:43:48]   depth  2:  150 states (136 in H), t_end 833-1671 d, fuel 13-150 kg
[09:43:48]   depth  3:  150 states (144 in H), t_end 959-1868 d, fuel 60-190 kg
[09:43:48]   depth  4:  150 states (95 in H), t_end 1213-2468 d, fuel 81-226 kg
[09:43:48]   depth  5:  150 states (4 in H), t_end 1373-2688 d, fuel 139-233 kg
[09:43:48]   depth  6:  150 states (0 in H), t_end 1531-2697 d, fuel 174-276 kg
[09:43:48]   depth  7:  150 states (0 in H), t_end 1899-2699 d, fuel 192-312 kg
[09:43:48]   depth  8:  150 states (0 in H), t_end 2066-2698 d, fuel 230-345 kg
[09:43:48]   depth  9:  150 states (0 in H), t_end 2211-2700 d, fuel 247-346 kg
[09:43:48]   depth 10:  150 states (0 in H), t_end 2343-2698 d, fuel 264-358 kg
[09:43:48]   depth 11:  150 states (0 in H), t_end 2505-2699 d, fuel 282-395 kg
[09:43:48]   depth 12:   40 states (0 in H), t_end 2565-2700 d, fuel 323-412 kg
[09:43:48]   depth 13:    6 states (0 in H), t_end 2680-2690 d, fuel 395-441 kg
[09:43:48] candidates: 318 distinct committed target sets (n_new 1-5, potential 0-3)
[09:43:48] frontier: 16 candidates chosen (n fb / committed planner kg / continuation (lookahead) [full]; pot_mode lookahead, pot_cap None): 1fb/2kg/p3(0)[3], 1fb/3kg/p0(0)[0], 1fb/24kg/p6(3)[6], 1fb/32kg/p5(1)[5], 2fb/34kg/p5(3)[5], 2fb/35kg/p0(0)[0], 2fb/36kg/p0(0)[0], 3fb/60kg/p0(0)[0], 3fb/68kg/p0(0)[0], 3fb/88kg/p4(3)[4], 4fb/81kg/p0(0)[0], 4fb/90kg/p0(0)[0], 4fb/131kg/p3(3)[3], 5fb/180kg/p1(1)[1], 5fb/226kg/p1(1)[1], 5fb/233kg/p1(1)[1]
[09:43:48] budget: 208 s of 300 left for the settles + regrids (settle_wall 480)
[09:43:48]     settle  3:  30 @    834 d -> ok lintwin tank 618.7 (+16.7) miss 2 km (1.1 s)
[09:43:48]     settle  3: 264 @    947 d -> ok lintwin tank 629.7 (+27.5) miss 21 km (0.3 s)
[09:43:49]     settle  4:  90 @   1040 d -> ok lintwin tank 630.1 (+0.4) miss 0 km (0.3 s)
[09:43:49]     settle  6: 140 @   1370 d -> ok lintwin tank 757.0 (+20.3) miss 72 km (2.1 s)
[09:43:49]     settle  2: 188 @    781 d -> ok lintwin tank 604.1 (+2.6) miss 0 km (0.9 s)
[09:43:49]     settle  3: 256 @    799 d -> ok lintwin tank 636.3 (+34.4) miss 78 km (0.8 s)
[09:43:49] plan: 1685 states, depth 13 new flybys, end plan_done (93 s); deepest 13 new to 2692 d at planner fuel 472 kg
[09:43:49]   depth  1:  135 states (135 in H), t_end 783-1411 d, fuel 9-124 kg
[09:43:49]   depth  2:  150 states (125 in H), t_end 977-1741 d, fuel 49-165 kg
[09:43:49]   depth  3:  150 states (116 in H), t_end 1155-1640 d, fuel 73-204 kg
[09:43:49]   depth  4:  150 states (55 in H), t_end 1242-2088 d, fuel 120-250 kg
[09:43:49]   depth  5:  150 states (0 in H), t_end 1500-2480 d, fuel 175-275 kg
[09:43:49]   depth  6:  150 states (0 in H), t_end 1600-2692 d, fuel 229-318 kg
[09:43:49]   depth  7:  150 states (0 in H), t_end 1790-2690 d, fuel 246-338 kg
[09:43:49]   depth  8:  150 states (0 in H), t_end 1940-2673 d, fuel 262-379 kg
[09:43:49]   depth  9:  150 states (0 in H), t_end 2034-2700 d, fuel 326-421 kg
[09:43:49]   depth 10:  150 states (0 in H), t_end 2089-2699 d, fuel 346-451 kg
[09:43:49]   depth 11:  150 states (0 in H), t_end 2455-2697 d, fuel 386-488 kg
[09:43:49]   depth 12:   46 states (0 in H), t_end 2518-2699 d, fuel 409-505 kg
[09:43:49]   depth 13:    4 states (0 in H), t_end 2648-2692 d, fuel 472-531 kg
[09:43:49] candidates: 231 distinct committed target sets (n_new 1-4, potential 0-4)
[09:43:49] frontier: 16 candidates chosen (n fb / committed planner kg / continuation (lookahead) [full]; pot_mode lookahead, pot_cap None): 1fb/9kg/p2(1)[2], 1fb/14kg/p0(0)[0], 1fb/34kg/p3(0)[3], 1fb/39kg/p3(0)[3], 1fb/95kg/p7(4)[7], 1fb/96kg/p7(4)[7], 2fb/49kg/p1(1)[1], 2fb/56kg/p1(0)[1], 2fb/123kg/p6(4)[6], 2fb/128kg/p6(4)[6], 3fb/73kg/p0(0)[0], 3fb/76kg/p0(0)[0], 3fb/167kg/p5(4)[5], 4fb/128kg/p0(0)[0], 4fb/134kg/p0(0)[0], 4fb/214kg/p4(4)[4]
[09:43:49] budget: 207 s of 300 left for the settles + regrids (settle_wall 480)
[09:43:49]     settle  4: 141 @   1262 d -> ok lintwin tank 628.5 (+3.0) miss 5 km (0.5 s)
[09:43:50]     settle  3: 266 @    976 d -> ok lintwin tank 604.9 (+2.0) miss 0 km (0.5 s)
[09:43:50]     settle  3: 252 @   1169 d -> ok lintwin tank 632.0 (+29.8) miss 90 km (0.4 s)
[09:43:50]     settle  4: 229 @   1407 d -> ok lintwin tank 632.9 (+0.8) miss 30 km (0.2 s)
[09:43:50]     settle  3: 106 @   1195 d -> ok lintwin tank 607.3 (+4.5) miss 1 km (0.4 s)
[09:43:50]     settle  3: 110 @    861 d -> ok lintwin tank 650.2 (+48.3) miss 67 km (1.1 s)
[09:43:50]     settle  2: 300 @   1304 d -> ok lintwin tank 607.2 (+5.7) miss 2 km (1.1 s)
[09:43:50]   regrid FAIL (1 fb: miss 10005587 km, None, 4.5 s) -> column dropped
[09:43:51]     settle  3: 158 @   1258 d -> ok lintwin tank 611.3 (+9.3) miss 0 km (0.4 s)
[09:43:51]     settle  3: 143 @    793 d -> ok lintwin tank 614.3 (+11.5) miss 5 km (0.2 s)
[09:43:51]     settle  3: 214 @    927 d -> ok lintwin tank 616.5 (+13.6) miss 9 km (0.1 s)
[09:43:51]     settle  3: 173 @    783 d -> ok lintwin tank 643.9 (+41.1) miss 79 km (0.2 s)
[09:43:51]     settle  6: 223 @   1390 d -> ok lintwin tank 760.4 (+2.3) miss 2 km (2.5 s)
[09:43:52]     settle  4: 193 @   1425 d -> ok lintwin tank 617.0 (+5.7) miss 3 km (0.9 s)
[09:43:52]     settle  2:  95 @    830 d -> ok lintwin tank 607.3 (+5.8) miss 0 km (1.3 s)
[09:43:52]     settle  4: 258 @   1364 d -> ok lintwin tank 633.4 (+7.8) miss 7 km (1.6 s)
[09:43:52]     settle  5: 117 @   1430 d -> ok lintwin tank 633.6 (+3.5) miss 5 km (0.2 s)
[09:43:52]     settle  3: 264 @    920 d -> ok lintwin tank 647.3 (+44.5) miss 59 km (0.6 s)
[09:43:52]     settle  2:  58 @   1177 d -> ok lintwin tank 602.2 (+0.7) miss 1 km (1.8 s)
[09:43:52]     settle  4: 275 @   1397 d -> ok lintwin tank 613.8 (+2.6) miss 48 km (0.3 s)
[09:43:53]     settle  5: 228 @   1432 d -> ok lintwin tank 639.2 (+9.2) miss 93 km (0.6 s)
[09:43:53]     settle  2: 256 @    798 d -> ok lintwin tank 642.5 (+41.0) miss 85 km (1.0 s)
[09:43:53]     settle  4: 204 @    957 d -> ok lintwin tank 627.0 (+8.3) miss 5 km (0.3 s)
[09:43:53]     settle  4: 166 @   1230 d -> ok lintwin tank 618.1 (+13.2) miss 1 km (0.7 s)
[09:43:53]     settle  6: 138 @   1438 d -> ok lintwin tank 783.1 (+25.0) miss 75 km (1.6 s)
[09:43:53]   drift: leg 138@1438 d settled outside (T, T+H] -> column cut at 3
[09:43:53]     settle  3: 136 @    869 d -> ok lintwin tank 615.2 (+12.4) miss 20 km (0.1 s)
[09:43:53]     settle  3: 126 @    865 d -> ok lintwin tank 617.6 (+15.7) miss 53 km (0.6 s)
[09:43:54]     settle  3:  78 @   1323 d -> ok lintwin tank 628.7 (+26.5) miss 77 km (1.4 s)
[09:43:54]     settle  4: 252 @   1154 d -> ok lintwin tank 622.0 (+6.7) miss 7 km (0.3 s)
[09:43:54]     settle  4: 146 @    990 d -> ok lintwin tank 618.0 (+0.4) miss 8 km (0.3 s)
[09:43:54]     settle  5: 158 @   1258 d -> ok lintwin tank 625.7 (+7.7) miss 5 km (0.5 s)
[09:43:54]     settle  3:  65 @    898 d -> ok lintwin tank 624.1 (+16.8) miss 0 km (1.6 s)
[09:43:55]     settle  5: 269 @   1118 d -> ok lam tank 703.0 (+14.1) miss 2 km (1.3 s)
[09:43:55]     settle  3: 253 @   1167 d -> ok lintwin tank 627.5 (+25.5) miss 40 km (0.4 s)
[09:43:55]     settle  4: 166 @   1227 d -> ok lintwin tank 651.6 (+4.3) miss 68 km (1.2 s)
[09:43:55]     settle  2: 202 @    932 d -> ok lintwin tank 616.7 (+15.2) miss 63 km (1.3 s)
[09:43:56]     settle  2: 296 @    796 d -> ok lintwin tank 608.6 (+7.1) miss 0 km (0.4 s)
[09:43:56]     settle  3: 257 @    956 d -> ok lintwin tank 615.8 (+7.2) miss 3 km (0.3 s)
[09:43:56]     settle  4: 114 @   1177 d -> ok lintwin tank 652.7 (+8.7) miss 74 km (0.9 s)
[09:43:56]     settle  6: 108 @   1296 d -> ok lintwin tank 757.3 (+54.4) miss 79 km (1.6 s)
[09:43:57]     settle  5: 229 @   1387 d -> ok lintwin tank 627.3 (+5.4) miss 20 km (0.3 s)
[09:43:57]     settle  3: 186 @    872 d -> ok lintwin tank 617.8 (+15.0) miss 0 km (0.2 s)
[09:43:57]     settle  2: 292 @    864 d -> ok lintwin tank 608.1 (+6.6) miss 0 km (0.8 s)
[09:43:57]     settle  4: 158 @   1258 d -> ok lintwin tank 657.3 (+29.8) miss 86 km (2.1 s)
[09:43:57]     settle  4: 252 @   1153 d -> ok lintwin tank 622.9 (+5.1) miss 4 km (0.3 s)
[09:43:57]     settle  3: 191 @    960 d -> ok lintwin tank 616.1 (+8.0) miss 9 km (0.5 s)
[09:43:57]     settle  5: 229 @   1386 d -> ok lintwin tank 627.3 (+4.4) miss 4 km (0.2 s)
[09:43:58]     settle  5: 136 @   1306 d -> ok lintwin tank 682.4 (+30.8) miss 63 km (1.0 s)
[09:43:58]     settle  7:  36 @   1398 d -> ok lintwin tank 771.2 (+13.9) miss 63 km (2.2 s)
[09:43:59]     settle  5: 193 @   1425 d -> ok lintwin tank 659.6 (+2.3) miss 71 km (1.6 s)
[09:43:59]     settle  4: 114 @   1183 d -> ok lintwin tank 621.1 (+6.8) miss 2 km (0.2 s)
[09:43:59] plan: 1816 states, depth 13 new flybys, end plan_done (103 s); deepest 13 new to 2686 d at planner fuel 449 kg
[09:43:59]   depth  1:  156 states (156 in H), t_end 721-1352 d, fuel 81-190 kg
[09:43:59]   depth  2:  150 states (130 in H), t_end 805-1859 d, fuel 101-229 kg
[09:43:59]   depth  3:  150 states (66 in H), t_end 945-2002 d, fuel 163-258 kg
[09:43:59]   depth  4:  150 states (7 in H), t_end 1208-2087 d, fuel 196-272 kg
[09:43:59]   depth  5:  150 states (0 in H), t_end 1481-2181 d, fuel 243-305 kg
[09:43:59]   depth  6:  150 states (0 in H), t_end 1692-2697 d, fuel 271-343 kg
[09:43:59]   depth  7:  150 states (0 in H), t_end 1858-2697 d, fuel 291-371 kg
[09:43:59]   depth  8:  150 states (0 in H), t_end 1987-2700 d, fuel 296-408 kg
[09:43:59]   depth  9:  150 states (0 in H), t_end 2072-2698 d, fuel 319-442 kg
[09:43:59]   depth 10:  150 states (0 in H), t_end 2360-2695 d, fuel 335-460 kg
[09:43:59]   depth 11:  150 states (0 in H), t_end 2460-2682 d, fuel 372-496 kg
[09:43:59]   depth 12:  134 states (0 in H), t_end 2587-2700 d, fuel 391-523 kg
[09:43:59]   depth 13:   26 states (0 in H), t_end 2672-2698 d, fuel 449-511 kg
[09:43:59] candidates: 211 distinct committed target sets (n_new 1-4, potential 0-3)
[09:43:59] frontier: 16 candidates chosen (n fb / committed planner kg / continuation (lookahead) [full]; pot_mode lookahead, pot_cap None): 1fb/81kg/p0(0)[0], 1fb/85kg/p0(0)[0], 1fb/112kg/p3(2)[3], 1fb/120kg/p3(0)[3], 1fb/137kg/p4(3)[4], 1fb/178kg/p6(3)[6], 2fb/105kg/p0(0)[0], 2fb/118kg/p1(0)[1], 2fb/195kg/p5(3)[5], 2fb/203kg/p5(3)[5], 3fb/163kg/p0(0)[0], 3fb/166kg/p0(0)[0], 3fb/228kg/p4(3)[4], 4fb/221kg/p0(0)[0], 4fb/231kg/p0(0)[0], 4fb/243kg/p3(3)[3]
[09:43:59] budget: 197 s of 300 left for the settles + regrids (settle_wall 480)
[09:43:59]     settle  5: 292 @   1293 d -> ok lintwin tank 626.9 (+5.7) miss 0 km (0.3 s)
[09:43:59]     settle  5:  43 @   1248 d -> ok lintwin tank 633.5 (+0.7) miss 1 km (0.2 s)
[09:43:59]     settle  2: 155 @    998 d -> ok lintwin tank 637.8 (+36.3) miss 1 km (1.7 s)
[09:43:59]     settle  6: 255 @   1438 d -> ok lintwin tank 632.1 (+5.2) miss 95 km (0.3 s)
[09:43:59]   drift: leg 255@1438 d settled outside (T, T+H] -> column cut at 3
[09:44:00]     settle  4: 170 @   1038 d -> ok lintwin tank 619.4 (+5.1) miss 1 km (0.1 s)
[09:44:00]     settle  5:   6 @   1331 d -> ok lintwin tank 647.4 (+20.3) miss 36 km (1.2 s)
[09:44:00]     settle  5: 186 @   1330 d -> ok lintwin tank 662.2 (+29.4) miss 1 km (0.6 s)
[09:44:00]     settle  5: 114 @   1186 d -> ok lintwin tank 631.9 (+12.5) miss 9 km (0.3 s)
[09:44:00]     settle  3: 177 @   1025 d -> ok lam tank 628.3 (+11.5) miss 3 km (5.1 s)
[09:44:00]     settle  4: 177 @   1023 d -> ok lintwin tank 627.4 (+3.6) miss 6 km (0.2 s)
[09:44:01]     settle  6: 100 @   1426 d -> ok lintwin tank 634.5 (+2.6) miss 1 km (0.5 s)
[09:44:01]     settle  5: 130 @   1027 d -> ok lintwin tank 648.7 (+15.9) miss 7 km (0.4 s)
[09:44:01]     settle  7: 123 @   1376 d -> ok lintwin tank 812.0 (+54.7) miss 50 km (2.1 s)
[09:44:01]     settle  3: 177 @   1027 d -> ok lintwin tank 614.9 (+1.7) miss 30 km (0.6 s)
[09:44:01]     settle  3: 158 @   1254 d -> ok lintwin tank 663.9 (+26.2) miss 73 km (1.7 s)
[09:44:01]   1 candidates dropped (settle failure / regrid failure / duplicate after truncation)
[09:44:01] RESULT s01_c5: 15 columns; frontier 1fb 1 kg p0/2 | 2fb 10 kg p0/1 | 3fb 35 kg p0/2 | 4fb 150 kg p1/1 | 5fb 164 kg p0/1; settles 24 (24 ok), regrids 15 (15 ok); wall 105 s of 300 (plan 69, price 0, settle 36; budget hit None, 0 unsettled)
[09:44:01]     settle  5: 138 @   1436 d -> FAIL [('lam', 4286320.5)] (8.5 s)
[09:44:01]   6 candidates dropped (settle failure / regrid failure / duplicate after truncation)
[09:44:01] RESULT s01_c6: 10 columns; frontier 1fb 3 kg p0/3 | 2fb 26 kg p3/3 | 3fb 31 kg p0/0; settles 18 (12 ok), regrids 10 (10 ok); wall 105 s of 300 (plan 76, price 0, settle 29; budget hit None, 0 unsettled)
[09:44:01]     settle  5:  41 @   1212 d -> ok lintwin tank 630.7 (+3.3) miss 0 km (1.2 s)
[09:44:02]     settle  5: 212 @   1053 d -> ok lintwin tank 651.6 (+18.8) miss 22 km (0.8 s)
[09:44:02]     settle  6:  73 @   1391 d -> ok lintwin tank 696.5 (+14.2) miss 81 km (0.9 s)
[09:44:02] RESULT s01_c7: 16 columns; frontier 1fb 2 kg p1/4 | 2fb 15 kg p1/4 | 3fb 24 kg p0/4 | 4fb 32 kg p0/4; settles 23 (23 ok), regrids 16 (16 ok); wall 106 s of 300 (plan 93, price 0, settle 13; budget hit None, 0 unsettled)
[09:44:02]   job s01_c5 craft columns  15  levels 10  settles 24/24  end plan_done  wall 104.9 s
[09:44:02]   job s01_c6 craft columns  10  levels 11  settles 12/18  end plan_done  wall 105.2 s
[09:44:02]   job s01_c7 craft columns  16  levels 13  settles 23/23  end plan_done  wall 105.6 s
[09:44:03]     settle  5: 224 @    863 d -> ok lintwin tank 647.3 (+14.4) miss 11 km (0.8 s)
[09:44:03]     settle  6: 297 @   1376 d -> ok lintwin tank 639.6 (+8.9) miss 11 km (1.0 s)
[09:44:03]     settle  4: 142 @   1426 d -> ok lintwin tank 704.5 (+40.6) miss 3 km (2.0 s)
[09:44:03]     settle  4:  37 @   1235 d -> ok lintwin tank 634.4 (+6.1) miss 7 km (2.0 s)
[09:44:04]     settle  4:  52 @   1001 d -> ok lintwin tank 695.6 (+53.1) miss 72 km (1.2 s)
[09:44:04]     settle  2: 255 @   1020 d -> ok lintwin tank 617.1 (+15.6) miss 33 km (0.8 s)
[09:44:04]     settle  5: 169 @    721 d -> ok lintwin tank 771.5 (+138.7) miss 1 km (1.5 s)
[09:44:04]   drift: leg 169@721 d settled outside (T, T+H] -> column cut at 0
[09:44:05]     settle  5:  97 @    795 d -> ok lintwin tank 642.0 (+9.2) miss 14 km (0.3 s)
[09:44:05]     settle  6: 117 @    931 d -> ok lintwin tank 642.1 (+0.1) miss 0 km (0.1 s)
[09:44:05]     settle  5: 102 @    810 d -> ok lintwin tank 635.9 (+3.1) miss 4 km (0.1 s)
[09:44:05]     settle  6: 266 @    925 d -> ok lintwin tank 644.5 (+8.6) miss 13 km (0.2 s)
[09:44:06]     settle  3: 177 @   1022 d -> ok lintwin tank 615.0 (+1.8) miss 21 km (0.3 s)
[09:44:06]     settle  5: 114 @   1186 d -> ok lintwin tank 763.0 (+67.4) miss 94 km (1.7 s)
[09:44:06]     settle  7: 158 @   1246 d -> ok lintwin tank 656.1 (+11.5) miss 12 km (0.8 s)
[09:44:07]     settle  6: 261 @   1253 d -> ok lintwin tank 780.1 (+17.1) miss 74 km (1.4 s)
[09:44:07]     settle  3: 158 @   1253 d -> FAIL [('lam', 6880697.6)] (3.0 s)
[09:44:07]     settle  5: 288 @    854 d -> ok lintwin tank 654.0 (+21.1) miss 2 km (0.8 s)
[09:44:07]     settle  4: 142 @   1341 d -> ok lintwin tank 626.8 (+11.8) miss 86 km (1.8 s)
[09:44:08]     settle  4: 204 @    964 d -> ok lintwin tank 627.0 (+8.3) miss 6 km (0.4 s)
[09:44:08]     settle  6:  58 @   1199 d -> ok lintwin tank 669.2 (+15.2) miss 38 km (0.5 s)
[09:44:09]     settle  5:   6 @   1329 d -> ok lintwin tank 647.4 (+20.3) miss 34 km (1.0 s)
[09:44:09]     settle  4: 204 @    963 d -> ok lintwin tank 664.9 (+40.8) miss 2 km (1.8 s)
[09:44:10]     settle  7:  29 @   1393 d -> ok lintwin tank 680.9 (+11.7) miss 18 km (2.2 s)
[09:44:11]     settle  6: 138 @   1438 d -> ok lintwin tank 655.3 (+8.0) miss 3 km (1.9 s)
[09:44:11]     settle  4:  41 @   1211 d -> ok lintwin tank 615.0 (+0.1) miss 4 km (0.7 s)
[09:44:11] RESULT s01_c3: 16 columns; frontier 1fb 1 kg p0/4 | 2fb 12 kg p0/4 | 3fb 24 kg p0/4 | 4fb 38 kg p1/3; settles 27 (27 ok), regrids 16 (16 ok); wall 115 s of 300 (plan 86, price 1, settle 29; budget hit None, 0 unsettled)
[09:44:11]     settle  2: 161 @    755 d -> ok lintwin tank 608.9 (+7.4) miss 55 km (0.2 s)
[09:44:12]     settle  3:  79 @   1005 d -> ok lintwin tank 609.0 (+0.0) miss 4 km (0.5 s)
[09:44:12]     settle  3: 177 @   1028 d -> ok lintwin tank 621.0 (+3.5) miss 90 km (0.7 s)
[09:44:12]   job s01_c3 craft columns  16  levels 12  settles 27/27  end plan_done  wall 114.9 s
[09:44:12]     settle  4: 158 @   1253 d -> ok lintwin tank 618.2 (+9.2) miss 2 km (0.9 s)
[09:44:13]     settle  5:  78 @   1328 d -> ok lintwin tank 620.9 (+2.7) miss 3 km (0.2 s)
[09:44:13]     settle  4:  41 @   1212 d -> ok lintwin tank 671.5 (+50.5) miss 6 km (1.7 s)
[09:44:15]     settle  5: 238 @   1289 d -> ok lintwin tank 688.7 (+23.8) miss 55 km (1.9 s)
[09:44:15]     settle  5: 297 @   1379 d -> ok lintwin tank 670.3 (+-1.2) miss 72 km (1.4 s)
[09:44:15]     settle  6: 252 @   1147 d -> FAIL [('lam', 12125794.5)] (3.3 s)
[09:44:15]   7 candidates dropped (settle failure / regrid failure / duplicate after truncation)
[09:44:15] RESULT s01_c0: 9 columns; frontier 1fb 1 kg p0/3 | 2fb 9 kg p0/0 | 3fb 23 kg p0/0; settles 15 (14 ok), regrids 9 (9 ok); wall 119 s of 300 (plan 103, price 0, settle 16; budget hit None, 0 unsettled)
[09:44:15]     settle  5: 141 @   1217 d -> ok lintwin tank 673.3 (+8.4) miss 36 km (0.5 s)
[09:44:15]     settle  5: 297 @   1380 d -> ok lintwin tank 627.4 (+12.3) miss 7 km (0.5 s)
[09:44:16]   job s01_c0 craft columns   9  levels 13  settles 14/15  end plan_done  wall 119.0 s
[09:44:17]     settle  3: 204 @    975 d -> ok lintwin tank 632.2 (+10.8) miss 9 km (1.0 s)
[09:44:17]     settle  3: 204 @    964 d -> ok lintwin tank 689.5 (+46.9) miss 70 km (1.3 s)
[09:44:18]     settle  4:  43 @   1139 d -> ok lintwin tank 642.1 (+9.9) miss 77 km (1.2 s)
[09:44:18]     settle  4:   6 @   1322 d -> ok lam tank 745.7 (+56.2) miss 6 km (1.1 s)
[09:44:19]     settle  5: 138 @   1436 d -> ok lintwin tank 650.5 (+8.3) miss 64 km (1.5 s)
[09:44:20]   1 candidates dropped (settle failure / regrid failure / duplicate after truncation)
[09:44:20] RESULT s01_c2: 15 columns; frontier 1fb 1 kg p0/2 | 2fb 13 kg p2/2 | 3fb 14 kg p2/2 | 4fb 26 kg p0/1; settles 23 (23 ok), regrids 16 (15 ok); wall 123 s of 300 (plan 75, price 0, settle 48; budget hit None, 0 unsettled)
[09:44:20]   job s01_c2 craft columns  15  levels 10  settles 23/23  end plan_done  wall 123.4 s
[09:44:31]     settle  5: 258 @   1375 d -> FAIL [('lam', 11703919.2)] (12.5 s)
[09:44:33]     settle  2: 202 @    801 d -> ok lintwin tank 611.0 (+9.5) miss 63 km (0.4 s)
[09:44:34]     settle  3:  88 @    966 d -> ok lintwin tank 628.5 (+17.4) miss 63 km (0.9 s)
[09:44:36]     settle  4: 164 @   1149 d -> ok lintwin tank 644.9 (+16.5) miss 8 km (1.7 s)
[09:44:37]     settle  5:  68 @   1253 d -> ok lintwin tank 659.2 (+14.3) miss 79 km (0.6 s)
[09:44:38]     settle  6: 116 @   1373 d -> ok lintwin tank 677.5 (+18.2) miss 57 km (1.5 s)
[09:44:40]     settle  3: 187 @    939 d -> ok lintwin tank 631.7 (+20.7) miss 68 km (1.7 s)
[09:44:42]     settle  4: 141 @   1224 d -> ok lintwin tank 636.8 (+5.2) miss 2 km (1.8 s)
[09:44:42]     settle  5: 220 @   1323 d -> ok lintwin tank 644.3 (+7.5) miss 51 km (0.4 s)
[09:44:43]     settle  6: 116 @   1386 d -> ok lintwin tank 665.0 (+20.7) miss 17 km (0.7 s)
[09:44:43] RESULT s01_c1: 16 columns; frontier 1fb 3 kg p0/3 | 2fb 14 kg p0/3 | 3fb 60 kg p3/3 | 4fb 19 kg p0/3 | 5fb 64 kg p1/1; settles 34 (31 ok), regrids 16 (16 ok); wall 147 s of 300 (plan 92, price 1, settle 55; budget hit None, 0 unsettled)
[09:44:44]   job s01_c1 craft columns  16  levels 13  settles 31/34  end plan_done  wall 147.1 s
[09:44:44] [slice 1] propose: 113 columns (0 bad dropped) in 148.3 s
[09:44:44] [slice 1] auction: 113 columns, kept 112, dropped {'ramp': 1}; lam 0.70 H_eff 720 d fuel budget 643 kg quota on
[09:44:44] [slice 1] auction: status optimal objective 40.018 vars 112 rows 57 chosen 8 fuel 533/643 kg (0.022 s)
[09:44:46] [slice 1 T=720 d] launched 8/8  covered 49  remaining 249  fuel 597 kg  sumJi 8.4556  chosen: c0:3(+23) c1:5(+63) c2:4(+69) c3:4(+53) c4:4(+36) c5:5(+165) c6:2(+31) c7:4(+94)  rejected: -  (wall 150 s)
[09:44:47] [slice 2 T=1440 d] propose: 8 jobs (8 craft, 0 root) on 9 workers, proposer planbeam, H_eff 720 d, lam 0.7
[09:44:47] job s02_c0 (craft, craft 0, planbeam): T 1440 d H 720 L 540; plan horizon 3420 d; remaining 249; prize >1 on 50; width 150 npt 6 mc 150 dv 1.2 drmax 0.15 plan_wall 240 s; quota {'fil': 5, 'med': 9}
[09:44:47] job s02_c7 (craft, craft 7, planbeam): T 1440 d H 720 L 540; plan horizon 3420 d; remaining 249; prize >1 on 50; width 150 npt 6 mc 150 dv 1.2 drmax 0.15 plan_wall 240 s; quota {'fil': 5, 'med': 12}
[09:44:47] job s02_c1 (craft, craft 1, planbeam): T 1440 d H 720 L 540; plan horizon 3420 d; remaining 249; prize >1 on 50; width 150 npt 6 mc 150 dv 1.2 drmax 0.15 plan_wall 240 s; quota {'fil': 4, 'med': 11}
[09:44:47] job s02_c3 (craft, craft 3, planbeam): T 1440 d H 720 L 540; plan horizon 3420 d; remaining 249; prize >1 on 50; width 150 npt 6 mc 150 dv 1.2 drmax 0.15 plan_wall 240 s; quota {'fil': 5, 'med': 10}
[09:44:47] job s02_c4 (craft, craft 4, planbeam): T 1440 d H 720 L 540; plan horizon 3420 d; remaining 249; prize >1 on 50; width 150 npt 6 mc 150 dv 1.2 drmax 0.15 plan_wall 240 s; quota {'fil': 3, 'med': 10}
[09:44:47] job s02_c6 (craft, craft 6, planbeam): T 1440 d H 720 L 540; plan horizon 3420 d; remaining 249; prize >1 on 50; width 150 npt 6 mc 150 dv 1.2 drmax 0.15 plan_wall 240 s; quota {'fil': 5, 'med': 12}
[09:44:47] job s02_c2 (craft, craft 2, planbeam): T 1440 d H 720 L 540; plan horizon 3420 d; remaining 249; prize >1 on 50; width 150 npt 6 mc 150 dv 1.2 drmax 0.15 plan_wall 240 s; quota {'fil': 4, 'med': 12}
[09:44:47] job s02_c5 (craft, craft 5, planbeam): T 1440 d H 720 L 540; plan horizon 3420 d; remaining 249; prize >1 on 50; width 150 npt 6 mc 150 dv 1.2 drmax 0.15 plan_wall 240 s; quota {'fil': 4, 'med': 12}
[09:44:47] prefix slices/s02/in/craft_2.npz: 5 flybys, t_end 1376.8 d, tank 670.2 kg (planner view), miss 59.1 km, nreg 67
[09:44:47] budget: job_wall 300 s, 300 s left before the plan -> plan cap 210 s (plan_wall 240, settle_reserve 90)
[09:44:47] prefix slices/s02/in/craft_6.npz: 4 flybys, t_end 1406.6 d, tank 632.8 kg (planner view), miss 1.4 km, nreg 61
[09:44:47] budget: job_wall 300 s, 300 s left before the plan -> plan cap 210 s (plan_wall 240, settle_reserve 90)
[09:44:47] prefix slices/s02/in/craft_5.npz: 7 flybys, t_end 1386.5 d, tank 771.2 kg (planner view), miss 6.2 km, nreg 64
[09:44:47] budget: job_wall 300 s, 300 s left before the plan -> plan cap 210 s (plan_wall 240, settle_reserve 90)
[09:44:47] prefix slices/s02/in/craft_0.npz: 7 flybys, t_end 1246.5 d, tank 655.9 kg (planner view), miss 0.7 km, nreg 65
[09:44:47] prefix slices/s02/in/craft_1.npz: 6 flybys, t_end 1385.6 d, tank 665.0 kg (planner view), miss 2.1 km, nreg 69
[09:44:47] budget: job_wall 300 s, 300 s left before the plan -> plan cap 210 s (plan_wall 240, settle_reserve 90)
[09:44:47] budget: job_wall 300 s, 300 s left before the plan -> plan cap 210 s (plan_wall 240, settle_reserve 90)
[09:44:47] prefix slices/s02/in/craft_7.npz: 6 flybys, t_end 1391.7 d, tank 696.4 kg (planner view), miss 0.8 km, nreg 59
[09:44:47] prefix slices/s02/in/craft_4.npz: 8 flybys, t_end 1376.5 d, tank 650.5 kg (planner view), miss 0.3 km, nreg 66
[09:44:47] budget: job_wall 300 s, 300 s left before the plan -> plan cap 210 s (plan_wall 240, settle_reserve 90)
[09:44:47] budget: job_wall 300 s, 300 s left before the plan -> plan cap 210 s (plan_wall 240, settle_reserve 90)
[09:44:47] prefix slices/s02/in/craft_3.npz: 6 flybys, t_end 1436.9 d, tank 654.9 kg (planner view), miss 88.0 km, nreg 70
[09:44:47] budget: job_wall 300 s, 300 s left before the plan -> plan cap 210 s (plan_wall 240, settle_reserve 90)
[09:44:55] first level (both): 0 production + 71 relaxed (dv 2.5, 0.3 AU; 0.1 s) + 88 lintwin children -> 125 unique (8.8 s)
[09:44:55] plan start: prefix 4 flybys, t_end 1406.6 d, planner mass 1520.9 kg (dv 1.988 km/s); 125 first-level states
[09:44:55] first level (both): 0 production + 111 relaxed (dv 2.5, 0.3 AU; 0.1 s) + 28 lintwin children -> 94 unique (8.9 s)
[09:44:55] plan start: prefix 7 flybys, t_end 1386.5 d, planner mass 1248.0 kg (dv 9.747 km/s); 94 first-level states
[09:44:56] first level (both): 0 production + 63 relaxed (dv 2.5, 0.3 AU; 0.1 s) + 84 lintwin children -> 110 unique (9.1 s)
[09:44:56] plan start: prefix 6 flybys, t_end 1391.7 d, planner mass 1382.0 kg (dv 5.746 km/s); 110 first-level states
[09:44:56] first level (both): 0 production + 47 relaxed (dv 2.5, 0.3 AU; 0.1 s) + 67 lintwin children -> 92 unique (9.4 s)
[09:44:56] plan start: prefix 8 flybys, t_end 1376.5 d, planner mass 1479.4 kg (dv 3.074 km/s); 92 first-level states
[09:44:56] first level (both): 0 production + 62 relaxed (dv 2.5, 0.3 AU; 0.1 s) + 87 lintwin children -> 122 unique (9.6 s)
[09:44:56] plan start: prefix 5 flybys, t_end 1376.8 d, planner mass 1436.0 kg (dv 4.242 km/s); 122 first-level states
[09:44:56] first level (both): 0 production + 120 relaxed (dv 2.5, 0.3 AU; 0.1 s) + 67 lintwin children -> 136 unique (9.6 s)
[09:44:56] plan start: prefix 6 flybys, t_end 1436.9 d, planner mass 1469.6 kg (dv 3.336 km/s); 136 first-level states
[09:44:56] first level (both): 0 production + 62 relaxed (dv 2.5, 0.3 AU; 0.1 s) + 85 lintwin children -> 118 unique (9.9 s)
[09:44:56] plan start: prefix 6 flybys, t_end 1385.6 d, planner mass 1447.3 kg (dv 3.934 km/s); 118 first-level states
[09:44:57] first level (both): 0 production + 33 relaxed (dv 2.5, 0.3 AU; 0.1 s) + 101 lintwin children -> 118 unique (10.6 s)
[09:44:57] plan start: prefix 7 flybys, t_end 1246.5 d, planner mass 1467.2 kg (dv 3.398 km/s); 118 first-level states
[09:45:55] plan: 1186 states, depth 10 new flybys, end plan_done (69 s); deepest 10 new to 3399 d at planner fuel 617 kg
[09:45:55]   depth  1:   94 states (94 in H), t_end 1478-2016 d, fuel 365-442 kg
[09:45:55]   depth  2:  150 states (139 in H), t_end 1664-2252 d, fuel 372-476 kg
[09:45:55]   depth  3:  150 states (84 in H), t_end 1973-2812 d, fuel 388-506 kg
[09:45:55]   depth  4:  150 states (7 in H), t_end 2040-3352 d, fuel 440-531 kg
[09:45:55]   depth  5:  150 states (0 in H), t_end 2294-3420 d, fuel 476-564 kg
[09:45:55]   depth  6:  150 states (0 in H), t_end 2574-3420 d, fuel 491-582 kg
[09:45:55]   depth  7:  150 states (0 in H), t_end 2922-3418 d, fuel 549-604 kg
[09:45:55]   depth  8:  144 states (0 in H), t_end 3079-3420 d, fuel 555-631 kg
[09:45:55]   depth  9:   42 states (0 in H), t_end 3230-3420 d, fuel 591-643 kg
[09:45:55]   depth 10:    6 states (0 in H), t_end 3398-3407 d, fuel 617-655 kg
[09:45:55] candidates: 178 distinct committed target sets (n_new 1-4, potential 0-3)
[09:45:55] frontier: 16 candidates chosen (n fb / committed planner kg / continuation (lookahead) [full]; pot_mode lookahead, pot_cap None): 1fb/387kg/p1(0)[1], 1fb/389kg/p2(0)[2], 1fb/400kg/p4(2)[4], 1fb/410kg/p4(2)[4], 1fb/422kg/p5(2)[5], 1fb/431kg/p5(3)[5], 1fb/433kg/p4(2)[4], 2fb/372kg/p1(1)[1], 2fb/393kg/p0(0)[0], 2fb/452kg/p4(3)[4], 3fb/407kg/p0(0)[0], 3fb/431kg/p0(0)[0], 3fb/465kg/p3(3)[3], 4fb/485kg/p0(0)[0], 4fb/493kg/p2(2)[2], 4fb/493kg/p0(0)[0]
[09:45:55] budget: 231 s of 300 left for the settles + regrids (settle_wall 480)
[09:45:57]     settle  8:  82 @   1986 d -> ok lin tank 790.2 (+19.0) miss 33 km (2.3 s)
[09:45:58] plan: 1246 states, depth 10 new flybys, end plan_done (71 s); deepest 10 new to 3405 d at planner fuel 499 kg
[09:45:58]   depth  1:  122 states (122 in H), t_end 1456-2055 d, fuel 167-268 kg
[09:45:58]   depth  2:  150 states (134 in H), t_end 1674-2227 d, fuel 194-301 kg
[09:45:58]   depth  3:  150 states (70 in H), t_end 1897-2467 d, fuel 221-331 kg
[09:45:58]   depth  4:  150 states (45 in H), t_end 1955-2834 d, fuel 242-366 kg
[09:45:58]   depth  5:  150 states (0 in H), t_end 2278-3237 d, fuel 279-399 kg
[09:45:58]   depth  6:  150 states (0 in H), t_end 2683-3405 d, fuel 325-433 kg
[09:45:58]   depth  7:  150 states (0 in H), t_end 3023-3401 d, fuel 373-467 kg
[09:45:58]   depth  8:  150 states (0 in H), t_end 3136-3403 d, fuel 396-491 kg
[09:45:58]   depth  9:   72 states (0 in H), t_end 3289-3420 d, fuel 420-528 kg
[09:45:58]   depth 10:    2 states (0 in H), t_end 3405-3405 d, fuel 499-521 kg
[09:45:58] candidates: 228 distinct committed target sets (n_new 1-4, potential 0-3)
[09:45:58] frontier: 16 candidates chosen (n fb / committed planner kg / continuation (lookahead) [full]; pot_mode lookahead, pot_cap None): 1fb/167kg/p1(0)[1], 1fb/170kg/p0(0)[0], 1fb/200kg/p4(2)[4], 1fb/202kg/p4(2)[4], 1fb/220kg/p5(3)[5], 1fb/253kg/p4(2)[4], 1fb/255kg/p4(2)[4], 2fb/194kg/p0(0)[0], 2fb/200kg/p1(0)[1], 2fb/242kg/p4(3)[4], 3fb/227kg/p1(0)[1], 3fb/230kg/p0(0)[0], 3fb/282kg/p3(3)[3], 4fb/250kg/p0(0)[0], 4fb/262kg/p0(0)[0], 4fb/291kg/p1(1)[1]
[09:45:58] budget: 229 s of 300 left for the settles + regrids (settle_wall 480)
[09:45:58]     settle  6: 160 @   1514 d -> ok lintwin tank 671.2 (+1.0) miss 61 km (0.7 s)
[09:45:59]     settle  8: 170 @   1763 d -> ok lin tank 784.6 (+13.4) miss 25 km (1.0 s)
[09:45:59]     settle  6:  44 @   1841 d -> ok lintwin tank 671.8 (+1.7) miss 74 km (0.7 s)
[09:46:01]     settle  6:  98 @   1585 d -> ok lintwin tank 682.5 (+12.4) miss 69 km (1.3 s)
[09:46:01] plan: 1347 states, depth 10 new flybys, end plan_done (75 s); deepest 10 new to 3418 d at planner fuel 414 kg
[09:46:01]   depth  1:  136 states (136 in H), t_end 1577-2143 d, fuel 136-236 kg
[09:46:01]   depth  2:  150 states (89 in H), t_end 1754-2357 d, fuel 153-275 kg
[09:46:01]   depth  3:  150 states (17 in H), t_end 1855-2932 d, fuel 166-296 kg
[09:46:01]   depth  4:  150 states (9 in H), t_end 2074-3307 d, fuel 172-328 kg
[09:46:01]   depth  5:  150 states (0 in H), t_end 2342-3403 d, fuel 250-364 kg
[09:46:01]   depth  6:  150 states (0 in H), t_end 2672-3176 d, fuel 272-384 kg
[09:46:01]   depth  7:  150 states (0 in H), t_end 2987-3366 d, fuel 304-384 kg
[09:46:01]   depth  8:  150 states (0 in H), t_end 3075-3414 d, fuel 317-420 kg
[09:46:01]   depth  9:  150 states (0 in H), t_end 3225-3412 d, fuel 343-443 kg
[09:46:01]   depth 10:   11 states (0 in H), t_end 3365-3418 d, fuel 414-463 kg
[09:46:01] candidates: 125 distinct committed target sets (n_new 1-4, potential 0-4)
[09:46:01] frontier: 16 candidates chosen (n fb / committed planner kg / continuation (lookahead) [full]; pot_mode lookahead, pot_cap None): 1fb/136kg/p0(0)[0], 1fb/136kg/p0(0)[0], 1fb/148kg/p3(3)[3], 1fb/151kg/p5(3)[5], 1fb/157kg/p5(4)[5], 1fb/186kg/p3(2)[3], 2fb/156kg/p1(0)[1], 2fb/168kg/p0(0)[0], 2fb/169kg/p4(3)[4], 2fb/202kg/p4(4)[4], 3fb/177kg/p0(0)[0], 3fb/205kg/p0(0)[0], 3fb/221kg/p3(3)[3], 4fb/231kg/p2(2)[2], 4fb/239kg/p2(2)[2], 4fb/245kg/p0(0)[0]
[09:46:01] budget: 225 s of 300 left for the settles + regrids (settle_wall 480)
[09:46:02]     settle  8: 214 @   1692 d -> ok lintwin tank 795.2 (+24.0) miss 18 km (2.5 s)
[09:46:04]     settle  7: 200 @   1911 d -> ok lintwin tank 656.6 (+1.7) miss 72 km (2.3 s)
[09:46:04]     settle  6: 137 @   1614 d -> ok lintwin tank 687.3 (+17.1) miss 97 km (2.6 s)
[09:46:04]     settle  7: 285 @   1893 d -> ok lintwin tank 657.2 (+2.3) miss 2 km (0.3 s)
[09:46:05]     settle  8: 262 @   1630 d -> ok lintwin tank 780.7 (+9.5) miss 1 km (2.7 s)
[09:46:05] plan: 1445 states, depth 12 new flybys, end plan_done (78 s); deepest 12 new to 3418 d at planner fuel 469 kg
[09:46:05]   depth  1:  125 states (125 in H), t_end 1475-2153 d, fuel 84-190 kg
[09:46:05]   depth  2:  150 states (148 in H), t_end 1755-2357 d, fuel 98-238 kg
[09:46:05]   depth  3:  150 states (89 in H), t_end 1929-2351 d, fuel 145-279 kg
[09:46:05]   depth  4:  150 states (17 in H), t_end 1988-2830 d, fuel 187-303 kg
[09:46:05]   depth  5:  150 states (0 in H), t_end 2180-3241 d, fuel 216-341 kg
[09:46:05]   depth  6:  150 states (0 in H), t_end 2350-3396 d, fuel 268-375 kg
[09:46:05]   depth  7:  150 states (0 in H), t_end 2678-3402 d, fuel 302-383 kg
[09:46:05]   depth  8:  150 states (0 in H), t_end 2978-3395 d, fuel 318-418 kg
[09:46:05]   depth  9:  150 states (0 in H), t_end 3095-3419 d, fuel 351-450 kg
[09:46:05]   depth 10:  108 states (0 in H), t_end 3217-3419 d, fuel 371-482 kg
[09:46:05]   depth 11:   11 states (0 in H), t_end 3345-3419 d, fuel 411-501 kg
[09:46:05]   depth 12:    1 states (0 in H), t_end 3418-3418 d, fuel 469-469 kg
[09:46:05] candidates: 220 distinct committed target sets (n_new 1-4, potential 0-4)
[09:46:05] frontier: 16 candidates chosen (n fb / committed planner kg / continuation (lookahead) [full]; pot_mode lookahead, pot_cap None): 1fb/84kg/p1(0)[1], 1fb/85kg/p0(0)[0], 1fb/102kg/p3(0)[3], 1fb/125kg/p3(1)[3], 1fb/148kg/p4(2)[4], 1fb/164kg/p6(3)[6], 2fb/98kg/p0(0)[0], 2fb/99kg/p0(0)[0], 2fb/171kg/p5(3)[5], 2fb/196kg/p5(4)[5], 3fb/145kg/p1(0)[1], 3fb/166kg/p0(0)[0], 3fb/218kg/p4(3)[4], 4fb/187kg/p0(0)[0], 4fb/200kg/p0(0)[0], 4fb/246kg/p3(3)[3]
[09:46:05] budget: 221 s of 300 left for the settles + regrids (settle_wall 480)
[09:46:05]     settle  5: 199 @   1843 d -> ok lintwin tank 635.5 (+2.7) miss 15 km (0.2 s)
[09:46:06]     settle  6: 157 @   1584 d -> ok lintwin tank 740.9 (+70.7) miss 64 km (2.1 s)
[09:46:06] plan: 1500 states, depth 12 new flybys, end plan_done (80 s); deepest 12 new to 3398 d at planner fuel 591 kg
[09:46:06]   depth  1:  110 states (110 in H), t_end 1494-2094 d, fuel 226-319 kg
[09:46:06]   depth  2:  150 states (150 in H), t_end 1721-2130 d, fuel 241-356 kg
[09:46:06]   depth  3:  150 states (73 in H), t_end 1811-2600 d, fuel 253-392 kg
[09:46:06]   depth  4:  150 states (20 in H), t_end 1906-2913 d, fuel 298-425 kg
[09:46:06]   depth  5:  150 states (3 in H), t_end 2159-3293 d, fuel 317-439 kg
[09:46:06]   depth  6:  150 states (0 in H), t_end 2324-3413 d, fuel 344-473 kg
[09:46:06]   depth  7:  150 states (0 in H), t_end 2508-3418 d, fuel 405-507 kg
[09:46:06]   depth  8:  150 states (0 in H), t_end 2681-3411 d, fuel 436-541 kg
[09:46:06]   depth  9:  150 states (0 in H), t_end 2931-3419 d, fuel 494-575 kg
[09:46:06]   depth 10:  150 states (0 in H), t_end 3110-3420 d, fuel 511-583 kg
[09:46:06]   depth 11:   38 states (0 in H), t_end 3268-3419 d, fuel 529-601 kg
[09:46:06]   depth 12:    2 states (0 in H), t_end 3376-3398 d, fuel 591-617 kg
[09:46:06] candidates: 214 distinct committed target sets (n_new 1-5, potential 0-4)
[09:46:06] frontier: 16 candidates chosen (n fb / committed planner kg / continuation (lookahead) [full]; pot_mode lookahead, pot_cap None): 1fb/228kg/p3(1)[3], 1fb/229kg/p3(2)[3], 1fb/281kg/p6(4)[6], 1fb/316kg/p7(4)[7], 2fb/241kg/p0(0)[0], 2fb/246kg/p2(2)[2], 2fb/342kg/p6(4)[6], 3fb/266kg/p0(0)[0], 3fb/276kg/p0(0)[0], 3fb/384kg/p5(4)[5], 4fb/316kg/p2(2)[2], 4fb/320kg/p2(2)[2], 4fb/395kg/p4(4)[4], 5fb/361kg/p0(0)[0], 5fb/369kg/p0(0)[0], 5fb/435kg/p2(2)[2]
[09:46:06] budget: 220 s of 300 left for the settles + regrids (settle_wall 480)
[09:46:06]     settle  7: 276 @   1876 d -> ok lintwin tank 660.7 (+5.9) miss 96 km (2.0 s)
[09:46:07]     settle  5: 128 @   1987 d -> ok lintwin tank 634.9 (+2.1) miss 12 km (1.0 s)
[09:46:07] plan: 1423 states, depth 11 new flybys, end plan_done (80 s); deepest 11 new to 3407 d at planner fuel 488 kg
[09:46:07]   depth  1:  118 states (118 in H), t_end 1480-2153 d, fuel 157-258 kg
[09:46:07]   depth  2:  150 states (126 in H), t_end 1680-2348 d, fuel 181-298 kg
[09:46:07]   depth  3:  150 states (85 in H), t_end 1752-2728 d, fuel 201-337 kg
[09:46:07]   depth  4:  150 states (25 in H), t_end 1996-3114 d, fuel 221-363 kg
[09:46:07]   depth  5:  150 states (0 in H), t_end 2177-3174 d, fuel 277-387 kg
[09:46:07]   depth  6:  150 states (0 in H), t_end 2422-3264 d, fuel 329-406 kg
[09:46:07]   depth  7:  150 states (0 in H), t_end 2569-3412 d, fuel 357-436 kg
[09:46:07]   depth  8:  150 states (0 in H), t_end 3015-3381 d, fuel 390-454 kg
[09:46:07]   depth  9:  150 states (0 in H), t_end 3149-3418 d, fuel 399-481 kg
[09:46:07]   depth 10:   91 states (0 in H), t_end 3253-3420 d, fuel 427-514 kg
[09:46:07]   depth 11:   14 states (0 in H), t_end 3393-3418 d, fuel 488-524 kg
[09:46:07] candidates: 213 distinct committed target sets (n_new 1-4, potential 0-3)
[09:46:07] frontier: 16 candidates chosen (n fb / committed planner kg / continuation (lookahead) [full]; pot_mode lookahead, pot_cap None): 1fb/164kg/p2(0)[2], 1fb/165kg/p0(0)[0], 1fb/168kg/p3(3)[3], 1fb/179kg/p4(2)[4], 1fb/219kg/p6(3)[6], 1fb/223kg/p6(3)[6], 1fb/243kg/p4(1)[4], 2fb/197kg/p0(0)[0], 2fb/198kg/p0(0)[0], 2fb/259kg/p5(3)[5], 3fb/224kg/p0(0)[0], 3fb/227kg/p0(0)[0], 3fb/277kg/p4(3)[4], 4fb/289kg/p0(0)[0], 4fb/290kg/p1(1)[1], 4fb/315kg/p3(3)[3]
[09:46:07] budget: 219 s of 300 left for the settles + regrids (settle_wall 480)
[09:46:07]     settle  7: 259 @   1691 d -> ok lintwin tank 665.3 (+10.4) miss 52 km (0.4 s)
[09:46:07]     settle  7: 191 @   1552 d -> ok lintwin tank 701.0 (+4.6) miss 74 km (1.2 s)
[09:46:07]     settle  8: 259 @   1656 d -> ok lintwin tank 809.4 (+38.2) miss 71 km (2.5 s)
[09:46:08]     settle  5:  68 @   1697 d -> ok lintwin tank 643.3 (+10.5) miss 16 km (0.7 s)
[09:46:08]     settle  7: 253 @   1589 d -> ok lintwin tank 669.1 (+4.1) miss 53 km (0.8 s)
[09:46:09]     settle  7: 272 @   1988 d -> ok lintwin tank 671.1 (+6.1) miss 95 km (0.4 s)
[09:46:09]     settle  6: 273 @   1727 d -> ok lintwin tank 708.1 (+37.9) miss 12 km (2.4 s)
[09:46:09]     settle  7: 120 @   1758 d -> ok lintwin tank 666.0 (+11.1) miss 22 km (1.3 s)
[09:46:09]     settle  5: 286 @   1910 d -> ok lintwin tank 658.6 (+25.9) miss 3 km (1.3 s)
[09:46:09]     settle  8:  68 @   1478 d -> ok lam tank 852.8 (+81.7) miss 6 km (1.7 s)
[09:46:10]     settle  7:  28 @   1821 d -> ok lintwin tank 722.9 (+26.5) miss 70 km (1.9 s)
[09:46:10]     settle  5:   2 @   1627 d -> ok lintwin tank 637.3 (+4.5) miss 9 km (0.2 s)
[09:46:10]     settle  7: 276 @   1868 d -> ok lintwin tank 686.0 (+21.1) miss 60 km (1.0 s)
[09:46:10]     settle  7: 125 @   1639 d -> ok lintwin tank 675.2 (+20.4) miss 83 km (1.1 s)
[09:46:10]     settle  7: 167 @   1531 d -> ok lintwin tank 677.2 (+12.3) miss 4 km (0.4 s)
[09:46:11]     settle  8:  13 @   1754 d -> ok lintwin tank 665.7 (+0.4) miss 25 km (0.3 s)
[09:46:11]     settle  6: 134 @   1670 d -> ok lintwin tank 818.6 (+148.4) miss 24 km (2.1 s)
[09:46:11]     settle  5: 259 @   1591 d -> ok lintwin tank 647.0 (+14.3) miss 2 km (1.6 s)
[09:46:11]     settle  7: 222 @   1571 d -> ok lintwin tank 695.0 (+30.1) miss 43 km (0.6 s)
[09:46:11]     settle  8:  10 @   1855 d -> ok lintwin tank 669.9 (+4.7) miss 38 km (0.3 s)
[09:46:11]     settle  7: 170 @   1744 d -> ok lintwin tank 719.6 (+23.2) miss 60 km (1.7 s)
[09:46:12]     settle  5:   2 @   1621 d -> ok lintwin tank 637.3 (+4.5) miss 1 km (0.3 s)
[09:46:12]     settle  6: 199 @   1841 d -> ok lintwin tank 638.6 (+1.3) miss 7 km (0.3 s)
[09:46:12]     settle  6: 182 @   1635 d -> ok lintwin tank 675.0 (+4.9) miss 64 km (1.2 s)
[09:46:13]     settle  7: 190 @   1539 d -> ok lintwin tank 698.2 (+33.2) miss 58 km (0.8 s)
[09:46:13]     settle  6: 128 @   1990 d -> ok lintwin tank 635.9 (+0.4) miss 24 km (0.3 s)
[09:46:13]     settle  8:  27 @   1892 d -> ok lintwin tank 672.7 (+7.4) miss 85 km (1.2 s)
[09:46:13]     settle  7: 169 @   1909 d -> ok lintwin tank 683.3 (+8.2) miss 53 km (0.9 s)
[09:46:13]     settle  8: 107 @   1664 d -> ok lintwin tank 794.9 (+23.7) miss 52 km (2.9 s)
[09:46:14]     settle  7:  56 @   1651 d -> ok lintwin tank 713.0 (+16.6) miss 72 km (1.9 s)
[09:46:14]     settle  7: 259 @   1690 d -> ok lintwin tank 665.3 (+10.4) miss 58 km (0.5 s)
[09:46:14] plan: 1601 states, depth 12 new flybys, end plan_done (87 s); deepest 12 new to 3363 d at planner fuel 446 kg
[09:46:14]   depth  1:   92 states (92 in H), t_end 1491-2068 d, fuel 129-229 kg
[09:46:14]   depth  2:  150 states (130 in H), t_end 1721-2361 d, fuel 142-278 kg
[09:46:14]   depth  3:  150 states (116 in H), t_end 1824-2881 d, fuel 169-322 kg
[09:46:14]   depth  4:  150 states (22 in H), t_end 1904-3246 d, fuel 219-314 kg
[09:46:14]   depth  5:  150 states (2 in H), t_end 1996-3251 d, fuel 245-351 kg
[09:46:14]   depth  6:  150 states (0 in H), t_end 2353-3246 d, fuel 254-386 kg
[09:46:14]   depth  7:  150 states (0 in H), t_end 2547-3419 d, fuel 299-421 kg
[09:46:14]   depth  8:  150 states (0 in H), t_end 2669-3370 d, fuel 353-457 kg
[09:46:14]   depth  9:  150 states (0 in H), t_end 2923-3418 d, fuel 394-460 kg
[09:46:14]   depth 10:  150 states (0 in H), t_end 3084-3420 d, fuel 402-488 kg
[09:46:14]   depth 11:  137 states (0 in H), t_end 3213-3420 d, fuel 427-522 kg
[09:46:14]   depth 12:   22 states (0 in H), t_end 3344-3420 d, fuel 446-537 kg
[09:46:14] candidates: 215 distinct committed target sets (n_new 1-5, potential 0-3)
[09:46:14] frontier: 16 candidates chosen (n fb / committed planner kg / continuation (lookahead) [full]; pot_mode lookahead, pot_cap None): 1fb/129kg/p0(0)[0], 1fb/133kg/p0(0)[0], 1fb/155kg/p5(3)[5], 1fb/199kg/p7(3)[7], 1fb/225kg/p5(2)[5], 2fb/142kg/p0(0)[0], 2fb/154kg/p0(0)[0], 2fb/247kg/p6(3)[6], 3fb/169kg/p0(0)[0], 3fb/170kg/p0(0)[0], 3fb/277kg/p5(3)[5], 4fb/244kg/p0(0)[0], 4fb/262kg/p0(0)[0], 4fb/302kg/p4(3)[4], 5fb/330kg/p0(0)[0], 5fb/333kg/p3(3)[3]
[09:46:14] budget: 213 s of 300 left for the settles + regrids (settle_wall 480)
[09:46:14]     settle  6: 199 @   1844 d -> ok lintwin tank 654.7 (+7.7) miss 13 km (0.9 s)
[09:46:14]     settle  7: 135 @   1480 d -> ok lintwin tank 718.1 (+53.1) miss 69 km (1.3 s)
[09:46:15]     settle  9:  10 @   1755 d -> ok lintwin tank 653.7 (+3.1) miss 27 km (0.9 s)
[09:46:15]     settle  8: 276 @   1877 d -> ok lintwin tank 674.5 (+9.3) miss 62 km (1.0 s)
[09:46:15]     settle  9:  10 @   1855 d -> ok lintwin tank 670.3 (+4.6) miss 4 km (0.3 s)
[09:46:16]     settle  6:  28 @   1831 d -> ok lintwin tank 690.7 (+20.5) miss 82 km (2.0 s)
[09:46:16]     settle  8:  16 @   2012 d -> ok lintwin tank 701.4 (+0.4) miss 88 km (2.0 s)
[09:46:16]     settle  9: 208 @   1995 d -> ok lintwin tank 656.7 (+6.2) miss 23 km (1.0 s)
[09:46:17]     settle  8: 262 @   1636 d -> ok lintwin tank 780.9 (+9.7) miss 2 km (2.8 s)
[09:46:17]     settle  7:  10 @   1852 d -> ok lintwin tank 702.7 (+37.8) miss 56 km (2.3 s)
[09:46:17]     settle  9:  27 @   1892 d -> ok lintwin tank 673.0 (+7.3) miss 73 km (1.3 s)
[09:46:17]     settle  9: 239 @   1606 d -> ok lintwin tank 665.6 (+15.0) miss 7 km (0.8 s)
[09:46:17]     settle  6:  77 @   1936 d -> ok lintwin tank 661.8 (+14.8) miss 2 km (2.9 s)
[09:46:18]     settle  9:  92 @   1990 d -> ok lintwin tank 686.0 (+13.3) miss 31 km (0.5 s)
[09:46:18]     settle  9: 107 @   1576 d -> ok lintwin tank 663.3 (+12.7) miss 3 km (0.7 s)
[09:46:18]     settle  8:  82 @   1966 d -> ok lintwin tank 741.0 (+18.2) miss 80 km (1.7 s)
[09:46:18]     settle  7: 190 @   2007 d -> ok lintwin tank 693.2 (+2.5) miss 76 km (2.4 s)
[09:46:19]     settle 10:  44 @   2079 d -> ok lintwin tank 689.8 (+3.8) miss 60 km (0.7 s)
[09:46:19]     settle  8: 199 @   1819 d -> ok lintwin tank 724.5 (+11.5) miss 49 km (0.7 s)
[09:46:19]     settle  6:  28 @   1861 d -> ok lintwin tank 647.8 (+4.6) miss 75 km (0.4 s)
[09:46:19]     settle  8:  48 @   2146 d -> ok lintwin tank 714.5 (+11.7) miss 76 km (2.8 s)
[09:46:20]     settle  9: 290 @   2007 d -> ok lintwin tank 781.7 (+0.8) miss 48 km (3.1 s)
[09:46:20]     settle  9:  13 @   1662 d -> ok lintwin tank 699.8 (+49.3) miss 78 km (1.5 s)
[09:46:21]     settle  7:  37 @   1496 d -> ok lintwin tank 706.8 (+10.4) miss 67 km (1.4 s)
[09:46:21]     settle  7: 232 @   1996 d -> ok lintwin tank 658.1 (+10.3) miss 34 km (1.6 s)
[09:46:21]     settle  9:  77 @   1932 d -> ok lintwin tank 655.3 (+4.7) miss 8 km (0.9 s)
[09:46:21]     settle 10: 195 @   2131 d -> ok lintwin tank 657.6 (+2.4) miss 23 km (0.4 s)
[09:46:21]     settle  7: 120 @   1752 d -> ok lintwin tank 678.2 (+13.2) miss 25 km (1.5 s)
[09:46:22]     settle 10: 293 @   2114 d -> ok lintwin tank 689.4 (+3.4) miss 68 km (2.3 s)
[09:46:22]     settle  5: 215 @   1855 d -> ok lintwin tank 663.1 (+30.3) miss 96 km (1.0 s)
[09:46:22]     settle  8: 199 @   1826 d -> ok lintwin tank 712.5 (+5.7) miss 71 km (1.5 s)
[09:46:22]     settle  7:  11 @   1774 d -> ok lintwin tank 758.2 (+17.3) miss 67 km (4.0 s)
[09:46:22]     settle  8: 238 @   2132 d -> ok lintwin tank 690.7 (+12.5) miss 49 km (1.0 s)
[09:46:22]     settle  8: 262 @   1634 d -> ok lintwin tank 780.7 (+9.6) miss 63 km (2.4 s)
[09:46:23]     settle 10: 296 @   2100 d -> ok lintwin tank 696.9 (+10.9) miss 71 km (0.7 s)
[09:46:23]     settle  9: 233 @   1712 d -> ok lintwin tank 661.0 (+10.4) miss 7 km (1.1 s)
[09:46:23] RESULT s02_c3: 16 columns; frontier 1fb 2 kg p0/4 | 2fb 11 kg p0/4 | 3fb 15 kg p0/3 | 4fb 34 kg p2/2; settles 17 (17 ok), regrids 16 (16 ok); wall 96 s of 300 (plan 75, price 1, settle 22; budget hit None, 0 unsettled)
[09:46:23]     settle  6: 282 @   1999 d -> ok lintwin tank 663.0 (+-0.1) miss 29 km (0.9 s)
[09:46:23]     settle 10:  77 @   1932 d -> ok lintwin tank 665.5 (+4.5) miss 21 km (0.5 s)
[09:46:24]     settle  6: 209 @   1542 d -> ok lintwin tank 673.7 (+3.6) miss 80 km (1.0 s)
[09:46:25]     settle  7: 287 @   1712 d -> ok lintwin tank 682.4 (+8.6) miss 54 km (0.7 s)
[09:46:25]   job s02_c3 craft columns  16  levels 10  settles 17/17  end plan_done  wall 96.5 s
[09:46:25]     settle  9:  80 @   2025 d -> ok lintwin tank 715.1 (+2.6) miss 69 km (2.3 s)
[09:46:25]     settle 10: 119 @   1721 d -> ok lintwin tank 681.5 (+18.2) miss 74 km (1.3 s)
[09:46:25]     settle  9: 147 @   2004 d -> ok lam tank 786.8 (+6.1) miss 62 km (2.8 s)
[09:46:26]     settle 10: 199 @   1829 d -> ok lintwin tank 666.9 (+1.3) miss 25 km (0.3 s)
[09:46:26]     settle 11: 208 @   2000 d -> ok lintwin tank 667.9 (+1.0) miss 1 km (0.2 s)
[09:46:26]     settle  8: 276 @   1865 d -> ok lintwin tank 710.5 (+15.4) miss 70 km (3.5 s)
[09:46:26]     settle 11: 180 @   1994 d -> ok lintwin tank 668.7 (+1.8) miss 4 km (0.3 s)
[09:46:27]     settle  7: 238 @   2149 d -> ok lintwin tank 683.9 (+20.9) miss 62 km (3.4 s)
[09:46:27]     settle  8: 169 @   1901 d -> ok lintwin tank 690.3 (+7.9) miss 74 km (2.1 s)
[09:46:27]     settle 11:  28 @   1831 d -> ok lintwin tank 685.6 (+4.1) miss 10 km (0.3 s)
[09:46:27]     settle  8: 189 @   1791 d -> ok lintwin tank 686.3 (+9.0) miss 33 km (0.5 s)
[09:46:27]     settle  7:  16 @   1988 d -> ok lintwin tank 667.2 (+12.5) miss 7 km (0.2 s)
[09:46:28]     settle  9: 113 @   2075 d -> ok lintwin tank 693.5 (+7.2) miss 39 km (0.4 s)
[09:46:28]     settle  8: 149 @   2134 d -> ok lintwin tank 670.1 (+12.0) miss 64 km (0.2 s)
[09:46:28]     settle  7: 107 @   1642 d -> ok lintwin tank 710.8 (+14.4) miss 3 km (2.9 s)
[09:46:28]     settle  9: 273 @   1507 d -> ok lintwin tank 671.3 (+20.8) miss 76 km (0.7 s)
[09:46:28]     settle  5:   2 @   1617 d -> ok lintwin tank 637.3 (+4.6) miss 16 km (0.2 s)
[09:46:29]     settle  8: 225 @   1826 d -> ok lintwin tank 694.2 (+16.9) miss 46 km (0.8 s)
[09:46:29]     settle  9: 151 @   1868 d -> ok lintwin tank 874.0 (+21.2) miss 5 km (3.1 s)
[09:46:29]     settle  6:  28 @   1851 d -> ok lintwin tank 647.1 (+9.8) miss 8 km (0.6 s)
[09:46:29]     settle  9: 286 @   1933 d -> ok lintwin tank 696.6 (+2.4) miss 34 km (0.3 s)
[09:46:29]     settle  8: 199 @   1827 d -> ok lintwin tank 714.6 (+3.8) miss 70 km (1.0 s)
[09:46:29]     settle  6: 219 @   1675 d -> ok lintwin tank 696.6 (+26.4) miss 61 km (2.0 s)
[09:46:29]     settle  7: 148 @   2021 d -> ok lintwin tank 657.4 (+10.2) miss 33 km (0.5 s)
[09:46:30]     settle 10:  11 @   1777 d -> ok lintwin tank 677.1 (+5.8) miss 68 km (1.6 s)
[09:46:30]     settle  8:  98 @   2105 d -> ok lintwin tank 659.6 (+2.2) miss 7 km (0.3 s)
[09:46:30]     settle  8: 207 @   2050 d -> ok lintwin tank 673.5 (+6.3) miss 4 km (0.4 s)
[09:46:30]     settle  9: 282 @   2000 d -> ok lintwin tank 719.0 (+8.5) miss 63 km (1.3 s)
[09:46:30] RESULT s02_c6: 16 columns; frontier 1fb 2 kg p0/3 | 2fb 3 kg p0/4 | 3fb 25 kg p0/3 | 4fb 27 kg p0/3; settles 23 (23 ok), regrids 16 (16 ok); wall 104 s of 300 (plan 78, price 1, settle 25; budget hit None, 0 unsettled)
[09:46:31]   job s02_c6 craft columns  16  levels 12  settles 23/23  end plan_done  wall 104.0 s
[09:46:31]     settle  9:  80 @   2027 d -> ok lintwin tank 720.7 (+6.1) miss 74 km (1.9 s)
[09:46:31]     settle 11: 240 @   1925 d -> ok lintwin tank 689.0 (+11.9) miss 71 km (1.4 s)
[09:46:31]     settle  7: 235 @   1496 d -> ok lintwin tank 684.7 (+19.7) miss 6 km (0.2 s)
[09:46:31]     settle  7: 169 @   1909 d -> ok lintwin tank 707.2 (+10.6) miss 73 km (2.0 s)
[09:46:31]     settle 12: 147 @   2007 d -> ok lintwin tank 695.3 (+6.3) miss 29 km (0.3 s)
[09:46:32]     settle  9:  82 @   1986 d -> ok lintwin tank 793.7 (+12.8) miss 3 km (2.9 s)
[09:46:33]     settle  8: 199 @   1840 d -> ok lintwin tank 691.2 (+6.5) miss 41 km (1.4 s)
[09:46:33]     settle 10: 119 @   1726 d -> ok lintwin tank 681.5 (+18.2) miss 75 km (1.0 s)
[09:46:33]     settle  9:  77 @   1928 d -> ok lintwin tank 749.8 (+25.3) miss 73 km (1.6 s)
[09:46:33]     settle 11:  28 @   1826 d -> ok lintwin tank 685.6 (+4.1) miss 9 km (0.3 s)
[09:46:33]     settle 12:  79 @   2145 d -> ok lintwin tank 689.9 (+4.3) miss 6 km (0.3 s)
[09:46:34]     settle 12: 232 @   1996 d -> ok lintwin tank 702.2 (+16.6) miss 7 km (0.4 s)
[09:46:34]     settle  7:  33 @   1531 d -> ok lintwin tank 712.4 (+16.0) miss 79 km (1.2 s)
[09:46:34] plan: 1934 states, depth 15 new flybys, end plan_done (108 s); deepest 15 new to 3395 d at planner fuel 633 kg
[09:46:34]   depth  1:  118 states (118 in H), t_end 1440-2069 d, fuel 138-241 kg
[09:46:34]   depth  2:  150 states (148 in H), t_end 1595-2227 d, fuel 153-278 kg
[09:46:34]   depth  3:  150 states (103 in H), t_end 1872-2262 d, fuel 179-313 kg
[09:46:34]   depth  4:  150 states (27 in H), t_end 1940-2821 d, fuel 216-353 kg
[09:46:34]   depth  5:  150 states (5 in H), t_end 2046-3121 d, fuel 238-382 kg
[09:46:34]   depth  6:  150 states (1 in H), t_end 2131-3400 d, fuel 261-420 kg
[09:46:34]   depth  7:  150 states (0 in H), t_end 2331-3418 d, fuel 323-445 kg
[09:46:34]   depth  8:  150 states (0 in H), t_end 2431-3419 d, fuel 341-477 kg
[09:46:34]   depth  9:  150 states (0 in H), t_end 2617-3416 d, fuel 359-507 kg
[09:46:34]   depth 10:  150 states (0 in H), t_end 2750-3419 d, fuel 408-537 kg
[09:46:34]   depth 11:  150 states (0 in H), t_end 2906-3420 d, fuel 475-546 kg
[09:46:34]   depth 12:  150 states (0 in H), t_end 2977-3417 d, fuel 506-576 kg
[09:46:34]   depth 13:  147 states (0 in H), t_end 3214-3420 d, fuel 533-598 kg
[09:46:34]   depth 14:   18 states (0 in H), t_end 3356-3415 d, fuel 552-626 kg
[09:46:34]   depth 15:    1 states (0 in H), t_end 3395-3395 d, fuel 633-633 kg
[09:46:34] candidates: 233 distinct committed target sets (n_new 1-6, potential 0-3)
[09:46:34] frontier: 16 candidates chosen (n fb / committed planner kg / continuation (lookahead) [full]; pot_mode lookahead, pot_cap None): 1fb/138kg/p0(0)[0], 1fb/140kg/p2(1)[2], 1fb/222kg/p8(3)[8], 2fb/153kg/p0(0)[0], 2fb/163kg/p1(1)[1], 2fb/246kg/p7(3)[7], 3fb/212kg/p0(0)[0], 3fb/219kg/p0(0)[0], 3fb/288kg/p6(3)[6], 4fb/261kg/p3(3)[3], 4fb/263kg/p3(3)[3], 4fb/334kg/p5(3)[5], 5fb/339kg/p1(1)[1], 5fb/361kg/p2(2)[2], 5fb/362kg/p4(3)[4], 6fb/405kg/p3(3)[3]
[09:46:34] budget: 192 s of 300 left for the settles + regrids (settle_wall 480)
[09:46:35]     settle 12:  68 @   1912 d -> ok lintwin tank 690.3 (+4.7) miss 11 km (0.3 s)
[09:46:35]     settle  8: 168 @   2022 d -> ok lintwin tank 658.2 (+2.3) miss 3 km (0.3 s)
[09:46:35]     settle  8: 298 @   2149 d -> ok lintwin tank 728.3 (+21.2) miss 82 km (3.7 s)
[09:46:35]     settle 10: 248 @   2126 d -> ok lam tank 797.4 (+3.7) miss 5 km (3.2 s)
[09:46:35]     settle  9:  77 @   1935 d -> ok lintwin tank 709.4 (+18.2) miss 67 km (2.8 s)
[09:46:35]     settle  8: 119 @   1731 d -> ok lintwin tank 726.7 (+14.3) miss 83 km (1.1 s)
[09:46:36]     settle  8:  11 @   1766 d -> ok lintwin tank 658.6 (+2.7) miss 31 km (0.4 s)
[09:46:36]     settle 10:  98 @   2085 d -> ok lintwin tank 725.5 (+16.1) miss 93 km (0.8 s)
[09:46:37]     settle  9:  28 @   1816 d -> ok lintwin tank 728.4 (+1.7) miss 78 km (1.1 s)
[09:46:37]     settle 13: 232 @   1996 d -> ok lintwin tank 713.0 (+22.7) miss 93 km (2.0 s)
[09:46:37]     settle 10:  68 @   2076 d -> ok lintwin tank 733.9 (+5.5) miss 10 km (0.3 s)
[09:46:37]     settle  8: 120 @   1759 d -> ok lintwin tank 683.3 (+6.1) miss 82 km (0.5 s)
[09:46:37]     settle  8: 128 @   1993 d -> ok lintwin tank 762.6 (+4.4) miss 62 km (2.1 s)
[09:46:38]     settle  8:  26 @   1524 d -> ok lintwin tank 728.2 (+72.2) miss 73 km (1.6 s)
[09:46:38]     settle 10: 208 @   1985 d -> ok lintwin tank 738.6 (+10.2) miss 25 km (0.4 s)
[09:46:38]     settle 13: 193 @   2153 d -> ok lintwin tank 709.8 (+7.5) miss 61 km (0.8 s)
[09:46:38]     settle  9: 113 @   2080 d -> ok lintwin tank 696.1 (+12.8) miss 77 km (1.2 s)
[09:46:38] RESULT s02_c4: 16 columns; frontier 1fb 3 kg p0/3 | 2fb 7 kg p0/3 | 3fb 17 kg p0/3 | 4fb 39 kg p0/3 | 5fb 59 kg p3/3; settles 25 (25 ok), regrids 16 (16 ok); wall 112 s of 300 (plan 87, price 1, settle 24; budget hit None, 0 unsettled)
[09:46:38]     settle  9: 168 @   2022 d -> ok lintwin tank 662.8 (+4.2) miss 15 km (0.3 s)
[09:46:38]     settle  8: 233 @   1702 d -> ok lintwin tank 789.3 (+18.1) miss 51 km (2.5 s)
[09:46:39]     settle 10:  48 @   2141 d -> ok lintwin tank 703.5 (+7.4) miss 10 km (0.3 s)
[09:46:39]   job s02_c4 craft columns  16  levels 12  settles 25/25  end plan_done  wall 111.8 s
[09:46:39]     settle 10:  16 @   2029 d -> ok lintwin tank 756.0 (+6.2) miss 71 km (0.8 s)
[09:46:39]     settle  9:  79 @   2091 d -> ok lintwin tank 698.5 (+8.1) miss 79 km (1.2 s)
[09:46:39]     settle  9:  15 @   2016 d -> ok lintwin tank 665.0 (+6.3) miss 47 km (0.3 s)
[09:46:40]     settle  9: 253 @   2144 d -> ok lintwin tank 700.1 (+9.7) miss 72 km (1.2 s)
[09:46:40]     settle 10:  48 @   2142 d -> ok lintwin tank 732.8 (+13.8) miss 68 km (1.7 s)
[09:46:41]     settle  9:  82 @   1984 d -> ok lam tank 809.8 (+20.5) miss 67 km (2.2 s)
[09:46:41] RESULT s02_c1: 16 columns; frontier 1fb 4 kg p0/3 | 2fb 26 kg p0/3 | 3fb 28 kg p0/3 | 4fb 38 kg p1/3; settles 25 (25 ok), regrids 16 (16 ok); wall 114 s of 300 (plan 80, price 1, settle 34; budget hit None, 0 unsettled)
[09:46:41]     settle 11: 193 @   2159 d -> ok lintwin tank 748.9 (+10.3) miss 79 km (1.7 s)
[09:46:41]   drift: leg 193@2159 d settled outside (T, T+H] -> column cut at 4
[09:46:41]     settle 10: 180 @   1990 d -> ok lintwin tank 748.9 (+20.5) miss 28 km (0.3 s)
[09:46:42]     settle  9: 259 @   1650 d -> ok lintwin tank 745.9 (+17.7) miss 76 km (2.4 s)
[09:46:42]     settle  8:  42 @   1956 d -> ok lintwin tank 774.1 (+15.9) miss 72 km (1.8 s)
[09:46:43]   job s02_c1 craft columns  16  levels 11  settles 25/25  end plan_done  wall 114.2 s
[09:46:43]     settle 11: 193 @   2160 d -> ok lintwin tank 756.4 (+7.5) miss 68 km (1.6 s)
[09:46:43]   drift: leg 193@2160 d settled outside (T, T+H] -> column cut at 4
[09:46:44]     settle 10: 250 @   2128 d -> ok lintwin tank 818.6 (+8.8) miss 59 km (3.3 s)
[09:46:44]     settle  8:  68 @   1734 d -> ok lintwin tank 721.4 (+65.5) miss 81 km (2.6 s)
[09:46:45]     settle  7:   1 @   1521 d -> ok lintwin tank 769.2 (+72.8) miss 53 km (1.4 s)
[09:46:45]     settle  9:  48 @   2156 d -> ok lintwin tank 795.1 (+21.0) miss 63 km (2.7 s)
[09:46:46] RESULT s02_c2: 16 columns; frontier 1fb 1 kg p0/3 | 2fb 13 kg p0/3 | 3fb 20 kg p0/3 | 4fb 28 kg p0/1; settles 23 (23 ok), regrids 16 (16 ok); wall 119 s of 300 (plan 71, price 1, settle 48; budget hit None, 0 unsettled)
[09:46:46]     settle 10:  92 @   2082 d -> ok lam tank 908.7 (+34.7) miss 3 km (2.0 s)
[09:46:47]     settle  8: 199 @   1821 d -> ok lam tank 861.8 (+92.6) miss 1 km (2.0 s)
[09:46:47]   job s02_c2 craft columns  16  levels 10  settles 23/23  end plan_done  wall 119.1 s
[09:46:48]     settle  9: 148 @   1986 d -> ok lintwin tank 743.7 (+22.3) miss 71 km (3.4 s)
[09:46:49]     settle  9:  77 @   1930 d -> ok lintwin tank 990.3 (+128.6) miss 20 km (2.8 s)
[09:46:49]     settle  8: 259 @   1651 d -> ok lintwin tank 811.2 (+40.0) miss 37 km (2.5 s)
[09:46:52]     settle 10: 236 @   2107 d -> ok lintwin tank 910.6 (+167.0) miss 89 km (4.2 s)
[09:46:52]     settle  9: 208 @   1891 d -> ok lintwin tank 828.8 (+17.6) miss 40 km (2.9 s)
[09:46:52]     settle 10:  16 @   2024 d -> ok lintwin tank 999.2 (+8.8) miss 22 km (3.0 s)
[09:46:55]     settle  8:  10 @   1739 d -> ok lintwin tank 686.0 (+30.1) miss 68 km (1.5 s)
[09:46:55]     settle 10: 148 @   1973 d -> ok lintwin tank 841.7 (+12.9) miss 6 km (2.9 s)
[09:46:57]     settle 11: 193 @   2159 d -> FAIL [('lam', 15398056.6)] (4.9 s)
[09:46:58]     settle  9: 148 @   1979 d -> ok lintwin tank 693.1 (+7.2) miss 39 km (2.6 s)
[09:46:58]   1 candidates dropped (settle failure / regrid failure / duplicate after truncation)
[09:46:58] RESULT s02_c7: 15 columns; frontier 1fb 4 kg p1/4 | 2fb 5 kg p0/4 | 3fb 19 kg p0/4 | 4fb 38 kg p2/4; settles 28 (27 ok), regrids 15 (15 ok); wall 132 s of 300 (plan 80, price 1, settle 52; budget hit None, 0 unsettled)
[09:46:59]   job s02_c7 craft columns  15  levels 12  settles 27/28  end plan_done  wall 131.6 s
[09:47:00]     settle 10: 236 @   2108 d -> ok lintwin tank 752.6 (+59.4) miss 68 km (2.5 s)
[09:47:03]     settle 10: 151 @   1882 d -> ok lintwin tank 772.8 (+27.0) miss 69 km (2.2 s)
[09:47:05]     settle 11: 272 @   2040 d -> ok lam tank 852.8 (+11.0) miss 6 km (9.2 s)
[09:47:05]     settle  8:  13 @   1629 d -> ok lintwin tank 679.4 (+23.5) miss 72 km (1.7 s)
[09:47:06]     settle  9: 268 @   1859 d -> ok lintwin tank 695.7 (+16.3) miss 23 km (1.0 s)
[09:47:08]     settle  9: 237 @   1871 d -> ok lintwin tank 829.1 (+19.7) miss 70 km (3.2 s)
[09:47:08]     settle 10:  92 @   2047 d -> ok lintwin tank 714.4 (+18.7) miss 87 km (2.6 s)
[09:47:09]     settle 11:  94 @   2132 d -> ok lintwin tank 716.0 (+1.5) miss 57 km (0.7 s)
[09:47:10]     settle 10: 148 @   1975 d -> ok lam tank 833.6 (+4.5) miss 95 km (1.6 s)
[09:47:12]     settle  8: 143 @   1615 d -> ok lintwin tank 736.6 (+80.7) miss 76 km (2.5 s)
[09:47:12]     settle 11: 195 @   2115 d -> ok lin tank 847.3 (+13.7) miss 71 km (2.2 s)
[09:47:13]     settle 11: 112 @   2085 d -> ok lam tank 851.1 (+17.4) miss 95 km (0.4 s)
[09:47:14] RESULT s02_c5: 16 columns; frontier 1fb 9 kg p2/3 | 2fb 10 kg p1/3 | 3fb 25 kg p0/3 | 4fb 76 kg p2/2; settles 26 (26 ok), regrids 16 (16 ok); wall 147 s of 300 (plan 69, price 1, settle 78; budget hit None, 0 unsettled)
[09:47:15]   job s02_c5 craft columns  16  levels 10  settles 26/26  end plan_done  wall 147.1 s
[09:47:15]     settle  9: 268 @   1858 d -> ok lintwin tank 760.9 (+24.3) miss 6 km (3.3 s)
[09:47:18]     settle 10:  92 @   2047 d -> ok lintwin tank 864.7 (+103.8) miss 35 km (3.2 s)
[09:47:30]     settle 11:  94 @   2131 d -> ok lam tank 898.8 (+34.1) miss 1 km (11.5 s)
[09:47:33]     settle 11: 286 @   1946 d -> ok lintwin tank 791.7 (+18.9) miss 74 km (2.4 s)
[09:47:37]     settle  9: 120 @   1763 d -> ok lam tank 763.8 (+35.6) miss 2 km (4.1 s)
[09:47:40]     settle 10: 151 @   1872 d -> ok lintwin tank 772.6 (+8.9) miss 67 km (2.7 s)
[09:47:42]     settle 11: 286 @   1943 d -> ok lintwin tank 786.7 (+14.1) miss 78 km (2.3 s)
[09:47:44]     settle 12:  94 @   2130 d -> ok lintwin tank 792.7 (+6.0) miss 66 km (1.8 s)
[09:47:47]     settle 12:  48 @   2129 d -> ok lintwin tank 805.1 (+13.4) miss 52 km (2.7 s)
[09:47:51]     settle 12:  92 @   2046 d -> ok lintwin tank 794.2 (+2.5) miss 3 km (3.1 s)
[09:47:53]     settle 13:  94 @   2131 d -> ok lam tank 836.8 (+42.6) miss 59 km (1.9 s)
[09:47:54] RESULT s02_c0: 16 columns; frontier 1fb 2 kg p0/3 | 2fb 7 kg p0/3 | 3fb 96 kg p0/3 | 4fb 60 kg p3/3 | 5fb 137 kg p1/3 | 6fb 179 kg p3/3; settles 29 (29 ok), regrids 16 (16 ok); wall 187 s of 300 (plan 108, price 1, settle 79; budget hit None, 0 unsettled)
[09:47:55]   job s02_c0 craft columns  16  levels 15  settles 29/29  end plan_done  wall 187.3 s
[09:47:55] [slice 2] propose: 127 columns (0 bad dropped) in 188.4 s
[09:47:55] [slice 2] auction: 127 columns, kept 122, dropped {'ramp': 5}; lam 0.70 H_eff 720 d fuel budget 643 kg quota on
[09:47:55] [slice 2] auction: status optimal objective 46.281 vars 122 rows 64 chosen 8 fuel 442/643 kg (0.016 s)
[09:47:57] [slice 2 T=1440 d] launched 8/8  covered 77  remaining 221  fuel 1039 kg  sumJi 8.8228  chosen: c0:4(+60) c1:4(+38) c2:3(+92) c3:1(+6) c4:5(+59) c5:4(+76) c6:3(+51) c7:4(+60)  rejected: -  (wall 190 s)
[09:47:57] [slice 3 T=2160 d] propose: 8 jobs (8 craft, 0 root) on 9 workers, proposer planbeam, H_eff 720 d, lam 0.7
[09:47:57] job s03_c0 (craft, craft 0, planbeam): T 2160 d H 720 L 540; plan horizon 4140 d; remaining 221; prize >1 on 77; width 150 npt 6 mc 150 dv 1.2 drmax 0.15 plan_wall 240 s; quota {'fil': 4, 'med': 9}
[09:47:57] job s03_c1 (craft, craft 1, planbeam): T 2160 d H 720 L 540; plan horizon 4140 d; remaining 221; prize >1 on 77; width 150 npt 6 mc 150 dv 1.2 drmax 0.15 plan_wall 240 s; quota {'fil': 4, 'med': 10}
[09:47:57] job s03_c4 (craft, craft 4, planbeam): T 2160 d H 720 L 540; plan horizon 4140 d; remaining 221; prize >1 on 77; width 150 npt 6 mc 150 dv 1.2 drmax 0.15 plan_wall 240 s; quota {'fil': 3, 'med': 9}
[09:47:57] job s03_c2 (craft, craft 2, planbeam): T 2160 d H 720 L 540; plan horizon 4140 d; remaining 221; prize >1 on 77; width 150 npt 6 mc 150 dv 1.2 drmax 0.15 plan_wall 240 s; quota {'fil': 3, 'med': 12}
[09:47:57] job s03_c7 (craft, craft 7, planbeam): T 2160 d H 720 L 540; plan horizon 4140 d; remaining 221; prize >1 on 77; width 150 npt 6 mc 150 dv 1.2 drmax 0.15 plan_wall 240 s; quota {'fil': 5, 'med': 11}
[09:47:57] job s03_c5 (craft, craft 5, planbeam): T 2160 d H 720 L 540; plan horizon 4140 d; remaining 221; prize >1 on 77; width 150 npt 6 mc 150 dv 1.2 drmax 0.15 plan_wall 240 s; quota {'fil': 3, 'med': 11}
[09:47:57] job s03_c3 (craft, craft 3, planbeam): T 2160 d H 720 L 540; plan horizon 4140 d; remaining 221; prize >1 on 77; width 150 npt 6 mc 150 dv 1.2 drmax 0.15 plan_wall 240 s; quota {'fil': 5, 'med': 10}
[09:47:57] job s03_c6 (craft, craft 6, planbeam): T 2160 d H 720 L 540; plan horizon 4140 d; remaining 221; prize >1 on 77; width 150 npt 6 mc 150 dv 1.2 drmax 0.15 plan_wall 240 s; quota {'fil': 4, 'med': 11}
[09:47:57] prefix slices/s03/in/craft_3.npz: 7 flybys, t_end 1878.1 d, tank 660.6 kg (planner view), miss 16.0 km, nreg 92
[09:47:57] budget: job_wall 300 s, 300 s left before the plan -> plan cap 210 s (plan_wall 240, settle_reserve 90)
[09:47:57] prefix slices/s03/in/craft_7.npz: 10 flybys, t_end 2029.7 d, tank 755.9 kg (planner view), miss 77.7 km, nreg 91
[09:47:57] budget: job_wall 300 s, 300 s left before the plan -> plan cap 210 s (plan_wall 240, settle_reserve 90)
[09:47:57] prefix slices/s03/in/craft_4.npz: 13 flybys, t_end 2156.1 d, tank 709.5 kg (planner view), miss 0.3 km, nreg 105
[09:47:57] budget: job_wall 300 s, 300 s left before the plan -> plan cap 210 s (plan_wall 240, settle_reserve 90)
[09:47:57] prefix slices/s03/in/craft_2.npz: 8 flybys, t_end 2006.4 d, tank 762.5 kg (planner view), miss 27.7 km, nreg 99
[09:47:57] budget: job_wall 300 s, 300 s left before the plan -> plan cap 210 s (plan_wall 240, settle_reserve 90)
[09:47:57] prefix slices/s03/in/craft_6.npz: 7 flybys, t_end 2139.5 d, tank 683.9 kg (planner view), miss 99.1 km, nreg 98
[09:47:57] budget: job_wall 300 s, 300 s left before the plan -> plan cap 210 s (plan_wall 240, settle_reserve 90)
[09:47:57] prefix slices/s03/in/craft_1.npz: 10 flybys, t_end 2140.4 d, tank 703.4 kg (planner view), miss 2.0 km, nreg 107
[09:47:57] budget: job_wall 300 s, 300 s left before the plan -> plan cap 210 s (plan_wall 240, settle_reserve 90)
[09:47:57] prefix slices/s03/in/craft_5.npz: 11 flybys, t_end 2114.4 d, tank 847.1 kg (planner view), miss 36.6 km, nreg 100
[09:47:57] budget: job_wall 300 s, 300 s left before the plan -> plan cap 210 s (plan_wall 240, settle_reserve 90)
[09:47:57] prefix slices/s03/in/craft_0.npz: 11 flybys, t_end 2126.8 d, tank 715.7 kg (planner view), miss 5.9 km, nreg 109
[09:47:57] budget: job_wall 300 s, 300 s left before the plan -> plan cap 210 s (plan_wall 240, settle_reserve 90)
[09:48:09] first level (both): 0 production + 74 relaxed (dv 2.5, 0.3 AU; 0.1 s) + 0 lintwin children -> 49 unique (11.7 s)
[09:48:09] plan start: prefix 11 flybys, t_end 2114.4 d, planner mass 1136.1 kg (dv 13.431 km/s); 49 first-level states
[09:48:09] first level (both): 0 production + 69 relaxed (dv 2.5, 0.3 AU; 0.1 s) + 75 lintwin children -> 109 unique (12.3 s)
[09:48:09] plan start: prefix 10 flybys, t_end 2029.7 d, planner mass 1273.2 kg (dv 8.963 km/s); 109 first-level states
[09:48:09] first level (both): 0 production + 62 relaxed (dv 2.5, 0.3 AU; 0.1 s) + 94 lintwin children -> 126 unique (12.3 s)
[09:48:09] plan start: prefix 7 flybys, t_end 2139.5 d, planner mass 1407.3 kg (dv 5.034 km/s); 126 first-level states
[09:48:10] first level (both): 0 production + 26 relaxed (dv 2.5, 0.3 AU; 0.1 s) + 81 lintwin children -> 96 unique (12.6 s)
[09:48:10] plan start: prefix 8 flybys, t_end 2006.4 d, planner mass 1262.1 kg (dv 9.305 km/s); 96 first-level states
[09:48:10] first level (both): 0 production + 64 relaxed (dv 2.5, 0.3 AU; 0.1 s) + 79 lintwin children -> 119 unique (12.7 s)
[09:48:10] plan start: prefix 13 flybys, t_end 2156.1 d, planner mass 1356.5 kg (dv 6.476 km/s); 119 first-level states
[09:48:10] first level (both): 0 production + 72 relaxed (dv 2.5, 0.3 AU; 0.1 s) + 98 lintwin children -> 131 unique (13.0 s)
[09:48:10] plan start: prefix 7 flybys, t_end 1878.1 d, planner mass 1456.8 kg (dv 3.677 km/s); 131 first-level states
[09:48:11] first level (both): 0 production + 101 relaxed (dv 2.5, 0.3 AU; 0.1 s) + 89 lintwin children -> 144 unique (13.7 s)
[09:48:11] plan start: prefix 10 flybys, t_end 2140.4 d, planner mass 1368.2 kg (dv 6.139 km/s); 144 first-level states
[09:48:11] first level (both): 0 production + 87 relaxed (dv 2.5, 0.3 AU; 0.1 s) + 83 lintwin children -> 129 unique (14.0 s)
[09:48:11] plan start: prefix 11 flybys, t_end 2126.8 d, planner mass 1344.6 kg (dv 6.821 km/s); 129 first-level states
[09:49:08] plan: 1218 states, depth 10 new flybys, end plan_done (71 s); deepest 10 new to 4131 d at planner fuel 514 kg
[09:49:08]   depth  1:  126 states (126 in H), t_end 2169-2788 d, fuel 197-294 kg
[09:49:08]   depth  2:  150 states (141 in H), t_end 2385-3041 d, fuel 212-334 kg
[09:49:08]   depth  3:  150 states (50 in H), t_end 2569-3330 d, fuel 263-371 kg
[09:49:08]   depth  4:  150 states (6 in H), t_end 2832-3648 d, fuel 312-397 kg
[09:49:08]   depth  5:  150 states (0 in H), t_end 3096-4046 d, fuel 333-423 kg
[09:49:08]   depth  6:  150 states (0 in H), t_end 3550-4053 d, fuel 359-448 kg
[09:49:08]   depth  7:  150 states (0 in H), t_end 3664-4139 d, fuel 394-485 kg
[09:49:08]   depth  8:  150 states (0 in H), t_end 3857-4133 d, fuel 420-520 kg
[09:49:08]   depth  9:   37 states (0 in H), t_end 3994-4136 d, fuel 449-541 kg
[09:49:08]   depth 10:    5 states (0 in H), t_end 4086-4131 d, fuel 514-533 kg
[09:49:08] candidates: 201 distinct committed target sets (n_new 1-4, potential 0-2)
[09:49:08] frontier: 16 candidates chosen (n fb / committed planner kg / continuation (lookahead) [full]; pot_mode lookahead, pot_cap None): 1fb/197kg/p0(0)[0], 1fb/202kg/p0(0)[0], 1fb/239kg/p3(2)[3], 1fb/251kg/p4(2)[4], 1fb/263kg/p3(1)[3], 1fb/283kg/p3(0)[3], 1fb/290kg/p4(2)[4], 2fb/212kg/p0(0)[0], 2fb/228kg/p0(0)[0], 2fb/288kg/p3(2)[3], 3fb/263kg/p0(0)[0], 3fb/289kg/p0(0)[0], 3fb/301kg/p2(2)[2], 4fb/345kg/p0(0)[0], 4fb/365kg/p0(0)[0], 4fb/369kg/p1(1)[1]
[09:49:08] budget: 229 s of 300 left for the settles + regrids (settle_wall 480)
[09:49:08] plan: 1245 states, depth 10 new flybys, end plan_done (71 s); deepest 10 new to 4134 d at planner fuel 620 kg
[09:49:08]   depth  1:  109 states (109 in H), t_end 2175-2843 d, fuel 332-420 kg
[09:49:08]   depth  2:  150 states (127 in H), t_end 2277-3298 d, fuel 334-450 kg
[09:49:08]   depth  3:  150 states (65 in H), t_end 2565-3706 d, fuel 360-473 kg
[09:49:08]   depth  4:  150 states (9 in H), t_end 2749-4093 d, fuel 382-496 kg
[09:49:08]   depth  5:  150 states (0 in H), t_end 3077-4133 d, fuel 416-529 kg
[09:49:08]   depth  6:  150 states (0 in H), t_end 3411-4122 d, fuel 446-559 kg
[09:49:08]   depth  7:  150 states (0 in H), t_end 3531-4125 d, fuel 482-588 kg
[09:49:08]   depth  8:  150 states (0 in H), t_end 3798-4140 d, fuel 514-603 kg
[09:49:08]   depth  9:   80 states (0 in H), t_end 3924-4135 d, fuel 525-630 kg
[09:49:08]   depth 10:    6 states (0 in H), t_end 4074-4136 d, fuel 620-646 kg
[09:49:08] candidates: 204 distinct committed target sets (n_new 1-4, potential 0-3)
[09:49:08] frontier: 16 candidates chosen (n fb / committed planner kg / continuation (lookahead) [full]; pot_mode lookahead, pot_cap None): 1fb/332kg/p1(0)[1], 1fb/338kg/p3(2)[3], 1fb/375kg/p5(3)[5], 1fb/376kg/p4(2)[4], 1fb/385kg/p4(1)[4], 1fb/386kg/p5(2)[5], 1fb/412kg/p4(2)[4], 2fb/334kg/p0(0)[0], 2fb/352kg/p1(0)[1], 2fb/401kg/p4(2)[4], 3fb/360kg/p0(0)[0], 3fb/376kg/p0(0)[0], 3fb/408kg/p3(2)[3], 4fb/425kg/p0(0)[0], 4fb/446kg/p1(1)[1], 4fb/447kg/p2(2)[2]
[09:49:08] budget: 229 s of 300 left for the settles + regrids (settle_wall 480)
[09:49:08] plan: 1205 states, depth 12 new flybys, end plan_done (71 s); deepest 12 new to 4131 d at planner fuel 561 kg
[09:49:08]   depth  1:  119 states (119 in H), t_end 2217-2797 d, fuel 247-340 kg
[09:49:08]   depth  2:  150 states (100 in H), t_end 2439-3277 d, fuel 255-380 kg
[09:49:08]   depth  3:  150 states (29 in H), t_end 2624-3736 d, fuel 291-409 kg
[09:49:08]   depth  4:  150 states (1 in H), t_end 2878-4096 d, fuel 328-400 kg
[09:49:08]   depth  5:  150 states (0 in H), t_end 3229-4125 d, fuel 351-420 kg
[09:49:08]   depth  6:  150 states (0 in H), t_end 3422-4120 d, fuel 378-456 kg
[09:49:08]   depth  7:  150 states (0 in H), t_end 3578-4140 d, fuel 415-489 kg
[09:49:08]   depth  8:   94 states (0 in H), t_end 3718-4140 d, fuel 447-514 kg
[09:49:08]   depth  9:   53 states (0 in H), t_end 3766-4134 d, fuel 478-524 kg
[09:49:08]   depth 10:   26 states (0 in H), t_end 3898-4136 d, fuel 505-553 kg
[09:49:08]   depth 11:    9 states (0 in H), t_end 3948-4135 d, fuel 540-562 kg
[09:49:08]   depth 12:    4 states (0 in H), t_end 4065-4131 d, fuel 561-595 kg
[09:49:08] candidates: 138 distinct committed target sets (n_new 1-4, potential 0-3)
[09:49:08] frontier: 16 candidates chosen (n fb / committed planner kg / continuation (lookahead) [full]; pot_mode lookahead, pot_cap None): 1fb/247kg/p2(1)[2], 1fb/249kg/p0(0)[0], 1fb/250kg/p2(2)[2], 1fb/256kg/p2(2)[2], 1fb/257kg/p2(1)[2], 1fb/269kg/p4(2)[4], 1fb/276kg/p3(1)[3], 1fb/292kg/p3(1)[3], 2fb/255kg/p0(0)[0], 2fb/262kg/p1(1)[1], 2fb/296kg/p3(2)[3], 2fb/307kg/p3(3)[3], 3fb/315kg/p1(1)[1], 3fb/322kg/p1(1)[1], 3fb/337kg/p2(2)[2], 4fb/386kg/p0(0)[0]
[09:49:08] budget: 229 s of 300 left for the settles + regrids (settle_wall 480)
[09:49:09]     settle 14: 292 @   2566 d -> ok lintwin tank 711.0 (+1.5) miss 21 km (0.3 s)
[09:49:10]     settle 14: 257 @   2721 d -> ok lintwin tank 711.0 (+1.5) miss 11 km (0.4 s)
[09:49:10]     settle 11:  50 @   2743 d -> ok lintwin tank 755.3 (+-0.6) miss 59 km (1.8 s)
[09:49:10]     settle  8: 163 @   2562 d -> ok lintwin tank 684.5 (+0.7) miss 67 km (2.0 s)
[09:49:10]     settle 14: 110 @   2673 d -> ok lintwin tank 712.7 (+3.2) miss 13 km (0.4 s)
[09:49:11]     settle 14:  64 @   2697 d -> ok lintwin tank 716.6 (+7.1) miss 5 km (0.3 s)
[09:49:11]     settle  8:   2 @   2652 d -> ok lintwin tank 686.1 (+2.3) miss 28 km (1.0 s)
[09:49:12]     settle 14: 293 @   2550 d -> ok lintwin tank 717.1 (+7.6) miss 23 km (0.3 s)
[09:49:12]     settle 11: 106 @   2367 d -> ok lintwin tank 760.4 (+4.4) miss 65 km (1.8 s)
[09:49:13]     settle 14: 217 @   2354 d -> ok lintwin tank 723.0 (+13.5) miss 63 km (1.2 s)
[09:49:13]     settle 11: 241 @   2205 d -> ok lintwin tank 810.3 (+54.3) miss 70 km (1.3 s)
[09:49:14] plan: 1269 states, depth 10 new flybys, end plan_done (77 s); deepest 10 new to 4016 d at planner fuel 661 kg
[09:49:14]   depth  1:   49 states (49 in H), t_end 2284-2714 d, fuel 482-541 kg
[09:49:14]   depth  2:  150 states (122 in H), t_end 2424-3174 d, fuel 494-567 kg
[09:49:14]   depth  3:  150 states (43 in H), t_end 2657-3401 d, fuel 505-594 kg
[09:49:14]   depth  4:  150 states (0 in H), t_end 2936-3899 d, fuel 537-623 kg
[09:49:14]   depth  5:  150 states (0 in H), t_end 3259-3829 d, fuel 555-631 kg
[09:49:14]   depth  6:  150 states (0 in H), t_end 3408-3999 d, fuel 574-655 kg
[09:49:14]   depth  7:  150 states (0 in H), t_end 3599-4074 d, fuel 586-669 kg
[09:49:14]   depth  8:  150 states (0 in H), t_end 3770-4139 d, fuel 623-692 kg
[09:49:14]   depth  9:  138 states (0 in H), t_end 3890-4134 d, fuel 634-699 kg
[09:49:14]   depth 10:   32 states (0 in H), t_end 3997-4128 d, fuel 661-700 kg
[09:49:14] candidates: 93 distinct committed target sets (n_new 1-3, potential 0-3)
[09:49:14] frontier: 16 candidates chosen (n fb / committed planner kg / continuation (lookahead) [full]; pot_mode lookahead, pot_cap None): 1fb/482kg/p3(2)[3], 1fb/487kg/p5(3)[5], 1fb/495kg/p2(2)[2], 1fb/496kg/p2(1)[2], 1fb/506kg/p3(2)[3], 1fb/518kg/p2(0)[2], 1fb/519kg/p3(3)[3], 1fb/527kg/p3(1)[3], 1fb/532kg/p3(1)[3], 2fb/494kg/p1(1)[1], 2fb/499kg/p2(1)[2], 2fb/513kg/p2(2)[2], 2fb/518kg/p4(3)[4], 3fb/515kg/p1(1)[1], 3fb/530kg/p3(3)[3], 3fb/537kg/p0(0)[0]
[09:49:14] budget: 223 s of 300 left for the settles + regrids (settle_wall 480)
[09:49:14]     settle 12: 149 @   2294 d -> ok lam tank 860.7 (+13.6) miss 37 km (0.5 s)
[09:49:14] plan: 1300 states, depth 11 new flybys, end plan_done (77 s); deepest 11 new to 4139 d at planner fuel 574 kg
[09:49:14]   depth  1:   96 states (96 in H), t_end 2176-2777 d, fuel 357-430 kg
[09:49:14]   depth  2:  150 states (125 in H), t_end 2320-3301 d, fuel 375-463 kg
[09:49:14]   depth  3:  150 states (63 in H), t_end 2526-3404 d, fuel 404-493 kg
[09:49:14]   depth  4:  150 states (5 in H), t_end 2848-3692 d, fuel 431-511 kg
[09:49:14]   depth  5:  150 states (0 in H), t_end 3117-3821 d, fuel 457-533 kg
[09:49:14]   depth  6:  150 states (0 in H), t_end 3397-4065 d, fuel 480-561 kg
[09:49:14]   depth  7:  150 states (0 in H), t_end 3537-4137 d, fuel 496-593 kg
[09:49:14]   depth  8:  150 states (0 in H), t_end 3627-4131 d, fuel 508-625 kg
[09:49:14]   depth  9:  110 states (0 in H), t_end 3817-4136 d, fuel 517-646 kg
[09:49:14]   depth 10:   36 states (0 in H), t_end 3931-4139 d, fuel 534-657 kg
[09:49:14]   depth 11:    8 states (0 in H), t_end 4065-4139 d, fuel 574-676 kg
[09:49:14] candidates: 186 distinct committed target sets (n_new 1-4, potential 0-3)
[09:49:14] frontier: 16 candidates chosen (n fb / committed planner kg / continuation (lookahead) [full]; pot_mode lookahead, pot_cap None): 1fb/357kg/p1(1)[1], 1fb/358kg/p1(0)[1], 1fb/365kg/p2(0)[2], 1fb/388kg/p5(2)[5], 1fb/397kg/p3(2)[3], 1fb/399kg/p4(3)[4], 1fb/410kg/p4(2)[4], 2fb/375kg/p0(0)[0], 2fb/376kg/p0(0)[0], 2fb/415kg/p4(2)[4], 3fb/404kg/p0(0)[0], 3fb/405kg/p0(0)[0], 3fb/431kg/p3(2)[3], 4fb/463kg/p2(2)[2], 4fb/487kg/p0(0)[0], 4fb/491kg/p0(0)[0]
[09:49:14] budget: 223 s of 300 left for the settles + regrids (settle_wall 480)
[09:49:15]     settle 14: 291 @   2404 d -> ok lintwin tank 733.4 (+23.9) miss 64 km (1.6 s)
[09:49:15]     settle  8: 123 @   2423 d -> ok lintwin tank 725.6 (+41.8) miss 5 km (4.1 s)
[09:49:18]     settle 14: 190 @   2406 d -> ok lintwin tank 720.8 (+11.3) miss 67 km (2.2 s)
[09:49:18]     settle 12:  43 @   2369 d -> ok lam tank 864.3 (+17.2) miss 37 km (1.7 s)
[09:49:18]     settle  9:  12 @   2632 d -> ok lintwin tank 766.7 (+4.2) miss 65 km (3.7 s)
[09:49:18]     settle 11: 101 @   2253 d -> ok lintwin tank 878.5 (+122.6) miss 69 km (4.6 s)
[09:49:19]     settle 14: 122 @   2635 d -> ok lintwin tank 711.4 (+1.9) miss 52 km (0.5 s)
[09:49:19]     settle 15: 257 @   2721 d -> ok lintwin tank 713.8 (+2.4) miss 58 km (0.3 s)
[09:49:19] plan: 1368 states, depth 11 new flybys, end plan_done (82 s); deepest 11 new to 4131 d at planner fuel 565 kg
[09:49:19]   depth  1:  144 states (144 in H), t_end 2215-2833 d, fuel 236-331 kg
[09:49:19]   depth  2:  150 states (141 in H), t_end 2408-3254 d, fuel 246-372 kg
[09:49:19]   depth  3:  150 states (50 in H), t_end 2650-3238 d, fuel 287-400 kg
[09:49:19]   depth  4:  150 states (12 in H), t_end 2799-3543 d, fuel 328-431 kg
[09:49:19]   depth  5:  150 states (0 in H), t_end 2983-3726 d, fuel 345-461 kg
[09:49:19]   depth  6:  150 states (0 in H), t_end 3366-3996 d, fuel 372-489 kg
[09:49:19]   depth  7:  150 states (0 in H), t_end 3617-4060 d, fuel 397-501 kg
[09:49:19]   depth  8:  150 states (0 in H), t_end 3815-4136 d, fuel 418-536 kg
[09:49:19]   depth  9:  139 states (0 in H), t_end 3881-4139 d, fuel 455-536 kg
[09:49:19]   depth 10:   30 states (0 in H), t_end 3989-4139 d, fuel 486-565 kg
[09:49:19]   depth 11:    5 states (0 in H), t_end 4124-4135 d, fuel 565-588 kg
[09:49:19] candidates: 195 distinct committed target sets (n_new 1-4, potential 0-3)
[09:49:19] frontier: 16 candidates chosen (n fb / committed planner kg / continuation (lookahead) [full]; pot_mode lookahead, pot_cap None): 1fb/236kg/p0(0)[0], 1fb/238kg/p1(0)[1], 1fb/289kg/p5(3)[5], 1fb/296kg/p4(1)[4], 1fb/303kg/p4(1)[4], 1fb/307kg/p4(2)[4], 2fb/246kg/p0(0)[0], 2fb/247kg/p0(0)[0], 2fb/299kg/p3(3)[3], 2fb/310kg/p4(3)[4], 3fb/287kg/p0(0)[0], 3fb/290kg/p0(0)[0], 3fb/326kg/p3(3)[3], 4fb/362kg/p1(1)[1], 4fb/369kg/p1(1)[1], 4fb/381kg/p0(0)[0]
[09:49:19] budget: 218 s of 300 left for the settles + regrids (settle_wall 480)
[09:49:20]     settle 15: 110 @   2672 d -> ok lintwin tank 715.9 (+4.9) miss 33 km (0.3 s)
[09:49:20]     settle 11: 190 @   2668 d -> ok lintwin tank 705.4 (+2.0) miss 16 km (1.0 s)
[09:49:21]     settle 11:  14 @   2295 d -> ok lintwin tank 786.1 (+30.2) miss 64 km (2.3 s)
[09:49:21]     settle 11: 257 @   2433 d -> ok lintwin tank 709.2 (+5.8) miss 23 km (0.6 s)
[09:49:21]     settle 15: 173 @   2618 d -> ok lintwin tank 736.0 (+13.0) miss 51 km (1.3 s)
[09:49:22]     settle  8: 217 @   2485 d -> ok lintwin tank 715.4 (+31.5) miss 72 km (3.4 s)
[09:49:22]     settle  9: 294 @   2297 d -> ok lintwin tank 773.3 (+10.8) miss 62 km (3.9 s)
[09:49:23]     settle 12: 173 @   2574 d -> ok lam tank 855.9 (+8.9) miss 4 km (2.9 s)
[09:49:23]     settle 14: 217 @   2360 d -> ok lintwin tank 723.0 (+13.5) miss 78 km (1.6 s)
[09:49:24]     settle 11: 246 @   2214 d -> ok lintwin tank 774.1 (+18.2) miss 66 km (2.4 s)
[09:49:24]     settle 11:  38 @   2332 d -> ok lintwin tank 737.5 (+34.1) miss 32 km (2.4 s)
[09:49:24]     settle  8:  59 @   2278 d -> ok lintwin tank 716.1 (+32.3) miss 66 km (1.6 s)
[09:49:25]     settle  9:  38 @   2326 d -> ok lintwin tank 778.2 (+15.7) miss 73 km (1.8 s)
[09:49:26]     settle 15: 110 @   2668 d -> ok lintwin tank 737.0 (+14.0) miss 78 km (2.9 s)
[09:49:27]     settle 12: 103 @   2474 d -> ok lam tank 868.8 (+21.7) miss 61 km (2.3 s)
[09:49:27]     settle 11: 173 @   2509 d -> ok lintwin tank 765.3 (+61.9) miss 46 km (2.5 s)
[09:49:27] plan: 1512 states, depth 12 new flybys, end plan_done (90 s); deepest 12 new to 4103 d at planner fuel 528 kg
[09:49:27]   depth  1:  131 states (131 in H), t_end 2168-2821 d, fuel 145-250 kg
[09:49:27]   depth  2:  150 states (106 in H), t_end 2243-3259 d, fuel 190-280 kg
[09:49:27]   depth  3:  150 states (106 in H), t_end 2453-3687 d, fuel 221-314 kg
[09:49:27]   depth  4:  150 states (58 in H), t_end 2694-3740 d, fuel 248-341 kg
[09:49:27]   depth  5:  150 states (4 in H), t_end 2835-4140 d, fuel 286-372 kg
[09:49:27]   depth  6:  150 states (0 in H), t_end 3095-4136 d, fuel 304-401 kg
[09:49:27]   depth  7:  150 states (0 in H), t_end 3339-4139 d, fuel 326-436 kg
[09:49:27]   depth  8:  150 states (0 in H), t_end 3631-4131 d, fuel 350-468 kg
[09:49:27]   depth  9:  150 states (0 in H), t_end 3732-4140 d, fuel 369-491 kg
[09:49:27]   depth 10:  150 states (0 in H), t_end 3890-4140 d, fuel 394-527 kg
[09:49:27]   depth 11:   30 states (0 in H), t_end 3993-4140 d, fuel 437-557 kg
[09:49:27]   depth 12:    1 states (0 in H), t_end 4103-4103 d, fuel 528-528 kg
[09:49:27] candidates: 234 distinct committed target sets (n_new 1-5, potential 0-3)
[09:49:27] frontier: 16 candidates chosen (n fb / committed planner kg / continuation (lookahead) [full]; pot_mode lookahead, pot_cap None): 1fb/145kg/p0(0)[0], 1fb/150kg/p0(0)[0], 1fb/197kg/p6(3)[6], 1fb/198kg/p5(2)[5], 1fb/215kg/p6(3)[6], 1fb/228kg/p5(2)[5], 2fb/190kg/p2(1)[2], 2fb/198kg/p1(1)[1], 2fb/232kg/p5(3)[5], 3fb/221kg/p0(0)[0], 3fb/222kg/p1(1)[1], 3fb/267kg/p4(3)[4], 4fb/270kg/p0(0)[0], 4fb/275kg/p0(0)[0], 4fb/297kg/p3(3)[3], 5fb/341kg/p2(2)[2]
[09:49:27] budget: 210 s of 300 left for the settles + regrids (settle_wall 480)
[09:49:27]     settle  8: 161 @   2374 d -> ok lintwin tank 695.2 (+11.3) miss 80 km (2.6 s)
[09:49:27]     settle  8: 172 @   2233 d -> ok lintwin tank 661.2 (+0.6) miss 40 km (0.3 s)
[09:49:27]     settle 11: 161 @   2289 d -> ok lintwin tank 784.9 (+29.0) miss 66 km (3.3 s)
[09:49:28]     settle  9: 129 @   2356 d -> ok lintwin tank 767.3 (+4.8) miss 74 km (2.5 s)
[09:49:28]     settle  8: 265 @   2699 d -> ok lintwin tank 664.6 (+4.0) miss 36 km (0.7 s)
[09:49:28]     settle 11: 161 @   2376 d -> ok lintwin tank 733.7 (+30.3) miss 34 km (1.0 s)
[09:49:29]     settle 12:   7 @   2789 d -> ok lintwin tank 757.7 (+2.4) miss 48 km (1.0 s)
[09:49:29]     settle 12:  26 @   2377 d -> ok lam tank 872.8 (+25.7) miss 35 km (1.7 s)
[09:49:29]     settle  8:  19 @   2281 d -> ok lintwin tank 727.3 (+43.5) miss 71 km (1.8 s)
[09:49:30]     settle 15: 122 @   2623 d -> ok lintwin tank 739.9 (+16.9) miss 64 km (2.9 s)
[09:49:30]     settle  8: 146 @   2327 d -> ok lintwin tank 691.0 (+7.1) miss 70 km (0.8 s)
[09:49:31]     settle 12:  50 @   2744 d -> ok lintwin tank 768.0 (+7.7) miss 72 km (1.6 s)
[09:49:31]     settle  9: 243 @   2687 d -> ok lintwin tank 692.0 (+1.0) miss 3 km (0.4 s)
[09:49:31] plan: 1605 states, depth 12 new flybys, end plan_done (94 s); deepest 12 new to 4129 d at planner fuel 574 kg
[09:49:31]   depth  1:  129 states (129 in H), t_end 2189-2813 d, fuel 262-354 kg
[09:49:31]   depth  2:  150 states (138 in H), t_end 2392-3408 d, fuel 275-390 kg
[09:49:31]   depth  3:  150 states (116 in H), t_end 2620-3958 d, fuel 308-429 kg
[09:49:31]   depth  4:  150 states (21 in H), t_end 2793-4034 d, fuel 313-445 kg
[09:49:31]   depth  5:  150 states (1 in H), t_end 2850-4057 d, fuel 332-475 kg
[09:49:31]   depth  6:  150 states (0 in H), t_end 3180-4132 d, fuel 340-505 kg
[09:49:31]   depth  7:  150 states (0 in H), t_end 3384-4134 d, fuel 404-535 kg
[09:49:31]   depth  8:  150 states (0 in H), t_end 3540-4140 d, fuel 435-565 kg
[09:49:31]   depth  9:  150 states (0 in H), t_end 3763-4138 d, fuel 481-592 kg
[09:49:31]   depth 10:  150 states (0 in H), t_end 3843-4140 d, fuel 521-618 kg
[09:49:31]   depth 11:  104 states (0 in H), t_end 3915-4137 d, fuel 564-645 kg
[09:49:31]   depth 12:   22 states (0 in H), t_end 3988-4137 d, fuel 574-662 kg
[09:49:31] candidates: 228 distinct committed target sets (n_new 1-5, potential 0-3)
[09:49:31] frontier: 16 candidates chosen (n fb / committed planner kg / continuation (lookahead) [full]; pot_mode lookahead, pot_cap None): 1fb/262kg/p1(0)[1], 1fb/266kg/p2(1)[2], 1fb/275kg/p5(2)[5], 1fb/317kg/p5(3)[5], 1fb/320kg/p6(3)[6], 1fb/338kg/p6(2)[6], 2fb/275kg/p0(0)[0], 2fb/275kg/p0(0)[0], 2fb/359kg/p5(3)[5], 3fb/308kg/p0(0)[0], 3fb/308kg/p0(0)[0], 3fb/384kg/p4(2)[4], 4fb/356kg/p1(1)[1], 4fb/374kg/p1(1)[1], 4fb/405kg/p3(2)[3], 5fb/417kg/p2(2)[2]
[09:49:31] budget: 206 s of 300 left for the settles + regrids (settle_wall 480)
[09:49:32]     settle 12: 291 @   2368 d -> ok lintwin tank 774.5 (+0.5) miss 57 km (0.7 s)
[09:49:33]     settle  8:  22 @   2502 d -> ok lintwin tank 693.8 (+10.0) miss 17 km (1.5 s)
[09:49:33]     settle  9: 173 @   2535 d -> ok lintwin tank 857.3 (+94.8) miss 98 km (4.7 s)
[09:49:33]     settle 16: 257 @   2726 d -> ok lintwin tank 747.9 (+8.0) miss 62 km (2.8 s)
[09:49:33]     settle 11: 291 @   2485 d -> ok lintwin tank 738.3 (+34.9) miss 57 km (4.1 s)
[09:49:33]     settle 12: 293 @   2622 d -> ok lintwin tank 718.7 (+3.0) miss 51 km (1.3 s)
[09:49:33]     settle  8: 126 @   2202 d -> ok lintwin tank 684.6 (+23.9) miss 4 km (4.3 s)
[09:49:33]     settle  9: 298 @   2689 d -> ok lintwin tank 695.6 (+1.8) miss 13 km (0.7 s)
[09:49:33]     settle 12:   9 @   2324 d -> ok lin tank 876.1 (+29.0) miss 22 km (4.1 s)
[09:49:34]     settle 12:   2 @   2651 d -> ok lintwin tank 712.4 (+3.2) miss 14 km (0.4 s)
[09:49:34]     settle 12:  32 @   2709 d -> ok lintwin tank 724.1 (+8.4) miss 61 km (0.9 s)
[09:49:35]     settle 11: 123 @   2462 d -> ok lintwin tank 706.6 (+3.3) miss 34 km (1.1 s)
[09:49:35]     settle 13:   7 @   2789 d -> ok lintwin tank 770.5 (+2.4) miss 78 km (3.1 s)
[09:49:36]     settle 15: 293 @   2549 d -> ok lintwin tank 733.8 (+10.8) miss 82 km (2.4 s)
[09:49:36]     settle 12: 190 @   2669 d -> ok lintwin tank 707.4 (+0.8) miss 7 km (0.5 s)
[09:49:36]     settle 12:  40 @   2423 d -> ok lintwin tank 727.2 (+11.5) miss 55 km (1.4 s)
[09:49:36]     settle  9: 216 @   2364 d -> ok lintwin tank 777.3 (+14.8) miss 60 km (2.7 s)
[09:49:36]     settle  9: 122 @   2647 d -> ok lintwin tank 719.5 (+4.1) miss 78 km (2.7 s)
[09:49:37]     settle  8: 123 @   2330 d -> ok lintwin tank 687.1 (+26.5) miss 47 km (3.1 s)
[09:49:37]     settle 16:  64 @   2698 d -> ok lintwin tank 740.2 (+6.5) miss 66 km (1.7 s)
[09:49:37]     settle 11: 291 @   2364 d -> ok lintwin tank 767.2 (+11.3) miss 65 km (1.6 s)
[09:49:38]     settle 12: 122 @   2554 d -> ok lam tank 875.8 (+28.8) miss 5 km (3.7 s)
[09:49:38]     settle 12: 129 @   2437 d -> ok lintwin tank 746.0 (+30.3) miss 65 km (1.5 s)
[09:49:38]     settle 16:  64 @   2698 d -> ok lintwin tank 739.5 (+3.4) miss 14 km (0.4 s)
[09:49:39]     settle  8: 161 @   2388 d -> ok lintwin tank 695.1 (+11.2) miss 79 km (2.1 s)
[09:49:39]     settle 12: 227 @   2328 d -> ok lintwin tank 749.4 (+33.7) miss 62 km (0.8 s)
[09:49:40]     settle 15: 293 @   2542 d -> ok lintwin tank 733.8 (+10.8) miss 91 km (1.3 s)
[09:49:40]     settle  9: 291 @   2373 d -> ok lintwin tank 803.4 (+40.9) miss 60 km (3.9 s)
[09:49:40]     settle  8:  90 @   2193 d -> ok lintwin tank 671.9 (+11.2) miss 47 km (2.7 s)
[09:49:41]     settle  9: 235 @   2569 d -> ok lintwin tank 706.9 (+11.8) miss 80 km (1.8 s)
[09:49:41]     settle 12: 110 @   2690 d -> ok lintwin tank 760.4 (+22.9) miss 2 km (4.9 s)
[09:49:41]     settle 12: 275 @   2571 d -> ok lintwin tank 771.1 (+3.9) miss 2 km (3.7 s)
[09:49:41]     settle 16: 110 @   2668 d -> ok lintwin tank 738.9 (+5.1) miss 79 km (1.6 s)
[09:49:42]     settle 10: 278 @   2828 d -> ok lintwin tank 707.1 (+0.2) miss 19 km (1.2 s)
[09:49:43]     settle 12: 161 @   2365 d -> ok lintwin tank 755.6 (+39.8) miss 91 km (3.1 s)
[09:49:43]     settle 10:  69 @   2627 d -> ok lintwin tank 778.5 (+5.2) miss 77 km (2.5 s)
[09:49:43]     settle  8: 155 @   2178 d -> ok lintwin tank 678.2 (+17.6) miss 40 km (2.6 s)
[09:49:44]     settle 12: 292 @   2505 d -> ok lam tank 875.9 (+28.8) miss 2 km (5.9 s)
[09:49:44]     settle 13: 172 @   2805 d -> ok lintwin tank 724.7 (+0.6) miss 68 km (0.7 s)
[09:49:44]     settle 17: 103 @   2878 d -> ok lintwin tank 762.1 (+23.2) miss 71 km (2.9 s)
[09:49:45] RESULT s03_c4: 16 columns; frontier 1fb 1 kg p0/2 | 2fb 4 kg p0/3 | 3fb 30 kg p2/2 | 4fb 52 kg p0/0; settles 22 (22 ok), regrids 16 (16 ok); wall 108 s of 300 (plan 71, price 1, settle 36; budget hit None, 0 unsettled)
[09:49:45]   job s03_c4 craft columns  16  levels 12  settles 22/22  end plan_done  wall 107.8 s
[09:49:45]     settle 12: 291 @   2472 d -> ok lintwin tank 774.6 (+37.1) miss 74 km (2.2 s)
[09:49:46]     settle 13: 154 @   2783 d -> ok lintwin tank 774.6 (+3.5) miss 80 km (4.4 s)
[09:49:46]     settle 13: 150 @   2800 d -> ok lintwin tank 725.8 (+7.1) miss 69 km (1.1 s)
[09:49:46]     settle  8: 143 @   2565 d -> ok lintwin tank 668.3 (+7.7) miss 78 km (1.8 s)
[09:49:46]     settle  9: 234 @   2683 d -> ok lintwin tank 669.7 (+1.4) miss 7 km (0.4 s)
[09:49:47]     settle  8: 294 @   2437 d -> ok lintwin tank 729.8 (+45.9) miss 7 km (4.2 s)
[09:49:47]     settle 12: 283 @   2404 d -> ok lam tank 870.6 (+23.5) miss 5 km (2.3 s)
[09:49:47]     settle 11:  88 @   2505 d -> ok lintwin tank 720.3 (+16.9) miss 17 km (1.5 s)
[09:49:47]     settle 13:  88 @   2508 d -> ok lintwin tank 769.0 (+19.6) miss 70 km (1.4 s)
[09:49:48]     settle 12: 247 @   2675 d -> ok lintwin tank 724.3 (+4.0) miss 75 km (0.7 s)
[09:49:48]     settle 13: 275 @   2572 d -> ok lintwin tank 780.4 (+5.8) miss 78 km (2.1 s)
[09:49:48]     settle 10: 190 @   2601 d -> ok lintwin tank 777.9 (+-0.3) miss 5 km (4.6 s)
[09:49:49]     settle 13:  32 @   2712 d -> ok lintwin tank 728.7 (+1.5) miss 54 km (0.8 s)
[09:49:49]     settle 13: 278 @   2826 d -> ok lintwin tank 761.5 (+37.2) miss 83 km (1.1 s)
[09:49:49]     settle  8:  22 @   2370 d -> ok lintwin tank 712.6 (+52.0) miss 75 km (2.8 s)
[09:49:49]     settle 14: 171 @   2836 d -> ok lintwin tank 739.0 (+10.2) miss 72 km (0.7 s)
[09:49:50]     settle 12:  52 @   2670 d -> ok lintwin tank 727.0 (+6.8) miss 62 km (0.9 s)
[09:49:51]     settle 12: 299 @   2540 d -> ok lintwin tank 722.1 (+6.4) miss 61 km (1.1 s)
[09:49:51]     settle 13:  32 @   2715 d -> ok lintwin tank 725.4 (+3.3) miss 38 km (0.4 s)
[09:49:51]     settle 10:  17 @   2521 d -> ok lintwin tank 803.1 (+35.8) miss 73 km (2.8 s)
[09:49:52]     settle 14: 154 @   2784 d -> ok lintwin tank 788.6 (+8.2) miss 1 km (3.6 s)
[09:49:52]     settle 13: 286 @   2626 d -> ok lintwin tank 859.6 (+-1.1) miss 66 km (4.4 s)
[09:49:53]     settle 14:  51 @   2796 d -> ok lintwin tank 732.8 (+7.4) miss 70 km (1.4 s)
[09:49:53]     settle  9:  64 @   2699 d -> FAIL [('lam', 9348220.8)] (6.2 s)
[09:49:54]     settle 10: 105 @   2607 d -> ok lintwin tank 784.7 (+17.3) miss 56 km (1.9 s)
[09:49:54]     settle 13: 278 @   2825 d -> ok lintwin tank 769.2 (+42.2) miss 70 km (3.4 s)
[09:49:54]     settle  9: 173 @   2700 d -> ok lintwin tank 725.2 (+12.6) miss 2 km (5.0 s)
[09:49:55]     settle 10: 245 @   2837 d -> ok lintwin tank 740.2 (+20.7) miss 91 km (1.4 s)
[09:49:55]     settle 13:  49 @   2460 d -> ok lintwin tank 756.6 (+1.0) miss 71 km (1.7 s)
[09:49:55]     settle 14:   2 @   2666 d -> ok lintwin tank 763.4 (+6.8) miss 70 km (0.4 s)
[09:49:56]     settle  9:  88 @   2504 d -> ok lintwin tank 717.3 (+22.1) miss 85 km (0.9 s)
[09:49:56]     settle 12: 103 @   2518 d -> ok lintwin tank 915.3 (+36.8) miss 45 km (3.6 s)
[09:49:57]     settle 13: 299 @   2538 d -> ok lintwin tank 731.5 (+4.2) miss 76 km (1.2 s)
[09:49:57]     settle  9: 129 @   2349 d -> ok lintwin tank 693.6 (+9.0) miss 63 km (1.3 s)
[09:49:57]     settle 11: 296 @   2821 d -> ok lintwin tank 800.5 (+15.8) miss 55 km (3.5 s)
[09:49:57]     settle 10: 255 @   2734 d -> ok lintwin tank 728.1 (+10.8) miss 82 km (1.4 s)
[09:49:58]     settle 13: 110 @   2691 d -> ok lintwin tank 804.7 (+30.2) miss 64 km (3.6 s)
[09:49:58]     settle 13: 286 @   2623 d -> ok lintwin tank 853.6 (+-10.7) miss 0 km (5.0 s)
[09:49:58]     settle 11: 278 @   2832 d -> ok lintwin tank 732.4 (+4.4) miss 53 km (1.0 s)
[09:50:00]     settle 13:  64 @   2690 d -> ok lintwin tank 970.2 (+54.9) miss 46 km (3.5 s)
[09:50:00]     settle 14:  32 @   2718 d -> ok lintwin tank 738.0 (+6.6) miss 67 km (2.8 s)
[09:50:00]     settle  8: 272 @   2358 d -> ok lintwin tank 678.2 (+17.5) miss 64 km (2.4 s)
[09:50:00]     settle  9:  88 @   2507 d -> ok lintwin tank 717.3 (+22.1) miss 42 km (1.0 s)
[09:50:00]     settle 10: 240 @   2595 d -> ok lintwin tank 786.3 (+18.9) miss 66 km (2.4 s)
[09:50:00]     settle 15:  51 @   2798 d -> ok lintwin tank 739.8 (+1.8) miss 24 km (0.5 s)
[09:50:01]     settle 12: 293 @   2535 d -> ok lintwin tank 771.4 (+33.9) miss 62 km (2.8 s)
[09:50:01]   drift: leg 293@2535 d settled outside (T, T+H] -> column cut at 1
[09:50:02]     settle 10: 255 @   2736 d -> ok lintwin tank 728.1 (+10.8) miss 69 km (2.4 s)
[09:50:03]     settle 12:  18 @   2331 d -> ok lintwin tank 739.6 (+23.8) miss 48 km (1.6 s)
[09:50:03]     settle 13:  46 @   2395 d -> ok lintwin tank 741.1 (+1.5) miss 43 km (0.5 s)
[09:50:04]     settle 12: 234 @   2689 d -> ok lintwin tank 768.2 (+2.9) miss 59 km (2.8 s)
[09:50:05]     settle 13: 110 @   2573 d -> ok lintwin tank 873.1 (+12.4) miss 60 km (6.0 s)
[09:50:05]     settle 11:  53 @   2852 d -> ok lintwin tank 743.2 (+15.1) miss 77 km (2.4 s)
[09:50:05]     settle 11: 296 @   2821 d -> ok lintwin tank 797.2 (+10.9) miss 63 km (4.9 s)
[09:50:05]     settle  9: 110 @   2673 d -> ok lintwin tank 680.7 (+2.5) miss 64 km (5.4 s)
[09:50:06]     settle 14: 203 @   2879 d -> ok lam tank 1057.1 (+86.8) miss 1 km (6.3 s)
[09:50:07]     settle  9: 173 @   2655 d -> ok lintwin tank 718.5 (+3.1) miss 45 km (1.4 s)
[09:50:07]     settle 13: 110 @   2570 d -> ok lam tank 877.5 (+13.2) miss 4 km (2.5 s)
[09:50:08]     settle 14: 293 @   2621 d -> ok lintwin tank 775.1 (+34.1) miss 72 km (4.4 s)
[09:50:08]     settle 10: 245 @   2829 d -> ok lintwin tank 688.7 (+8.0) miss 63 km (2.8 s)
[09:50:08]     settle 13: 257 @   2722 d -> ok lintwin tank 820.8 (+52.5) miss 1 km (4.3 s)
[09:50:09]     settle 11: 173 @   2697 d -> ok lintwin tank 810.0 (+6.9) miss 67 km (3.1 s)
[09:50:09]     settle 15: 150 @   2811 d -> ok lintwin tank 778.5 (+3.4) miss 64 km (1.7 s)
[09:50:10]     settle 10: 272 @   2731 d -> ok lintwin tank 757.3 (+38.8) miss 81 km (3.3 s)
[09:50:10]     settle 14: 208 @   2753 d -> ok lintwin tank 791.7 (+11.3) miss 0 km (3.5 s)
[09:50:10]     settle 10: 245 @   2817 d -> ok lintwin tank 690.6 (+20.9) miss 65 km (1.6 s)
[09:50:10] RESULT s03_c7: 16 columns; frontier 1fb -1 kg p0/3 | 2fb 2 kg p0/2 | 3fb 14 kg p0/2 | 4fb 32 kg p0/2; settles 20 (20 ok), regrids 16 (16 ok); wall 133 s of 300 (plan 71, price 1, settle 63; budget hit None, 0 unsettled)
[09:50:11]   job s03_c7 craft columns  16  levels 10  settles 20/20  end plan_done  wall 133.5 s
[09:50:11]     settle 15: 278 @   2836 d -> ok lintwin tank 766.2 (+2.8) miss 45 km (1.5 s)
[09:50:11]     settle 12:  42 @   2867 d -> ok lintwin tank 807.5 (+-2.5) miss 81 km (2.3 s)
[09:50:12]     settle 11: 245 @   2876 d -> ok lintwin tank 791.4 (+34.1) miss 47 km (1.4 s)
[09:50:12] RESULT s03_c6: 16 columns; frontier 1fb 0 kg p0/2 | 2fb 8 kg p0/2 | 3fb 23 kg p0/2 | 4fb 49 kg p0/1; settles 27 (26 ok), regrids 16 (16 ok); wall 135 s of 300 (plan 71, price 1, settle 64; budget hit None, 0 unsettled)
[09:50:13]     settle  9: 129 @   2350 d -> ok lintwin tank 679.0 (+7.1) miss 68 km (1.9 s)
[09:50:13]     settle 14: 178 @   2807 d -> ok lintwin tank 873.4 (+52.6) miss 44 km (4.7 s)
[09:50:13]     settle 14: 262 @   2855 d -> ok lam tank 871.1 (+17.5) miss 50 km (5.1 s)
[09:50:13]   job s03_c6 craft columns  16  levels 10  settles 26/27  end plan_done  wall 135.0 s
[09:50:13]     settle 16:  53 @   2850 d -> ok lintwin tank 768.2 (+2.1) miss 57 km (1.5 s)
[09:50:14] RESULT s03_c0: 16 columns; frontier 1fb 3 kg p0/3 | 2fb 9 kg p0/3 | 3fb 17 kg p0/2 | 4fb 24 kg p1/2 | 5fb 52 kg p2/2; settles 25 (25 ok), regrids 16 (16 ok); wall 137 s of 300 (plan 94, price 1, settle 42; budget hit None, 0 unsettled)
[09:50:15]     settle 10:  62 @   2466 d -> ok lintwin tank 703.3 (+24.3) miss 56 km (2.0 s)
[09:50:15]     settle 10:  62 @   2451 d -> ok lintwin tank 779.3 (+1.9) miss 87 km (3.3 s)
[09:50:15]   job s03_c0 craft columns  16  levels 12  settles 25/25  end plan_done  wall 136.8 s
[09:50:15]     settle 14: 150 @   2835 d -> ok lam tank 895.8 (+18.3) miss 51 km (1.7 s)
[09:50:16]     settle 10:  62 @   2466 d -> ok lintwin tank 697.2 (+3.7) miss 78 km (1.2 s)
[09:50:16]     settle 12:  88 @   2503 d -> ok lintwin tank 741.2 (+7.5) miss 78 km (2.9 s)
[09:50:17]     settle 11: 173 @   2696 d -> ok lintwin tank 708.3 (+11.0) miss 85 km (0.5 s)
[09:50:18]     settle 11:  78 @   2749 d -> ok lintwin tank 795.8 (+16.5) miss 63 km (2.6 s)
[09:50:18]     settle 14: 100 @   2870 d -> ok lam tank 889.4 (+16.3) miss 60 km (0.6 s)
[09:50:19] RESULT s03_c5: 16 columns; frontier 1fb 8 kg p2/3 | 2fb 6 kg p1/3 | 3fb 24 kg p1/3; settles 16 (16 ok), regrids 16 (16 ok); wall 142 s of 300 (plan 77, price 1, settle 65; budget hit None, 0 unsettled)
[09:50:19]     settle 13: 228 @   2677 d -> ok lintwin tank 751.4 (+10.2) miss 74 km (2.4 s)
[09:50:19]     settle 11: 272 @   2739 d -> ok lintwin tank 703.5 (+0.2) miss 68 km (2.1 s)
[09:50:19]   job s03_c5 craft columns  16  levels 10  settles 16/16  end plan_done  wall 141.6 s
[09:50:21]     settle 12: 257 @   2853 d -> ok lintwin tank 812.2 (+16.5) miss 80 km (2.7 s)
[09:50:21]     settle 10: 110 @   2685 d -> ok lintwin tank 700.4 (+6.9) miss 81 km (1.3 s)
[09:50:22]     settle 11: 178 @   2804 d -> ok lintwin tank 706.2 (+5.8) miss 69 km (1.0 s)
[09:50:22]     settle 14: 278 @   2831 d -> ok lintwin tank 764.8 (+13.4) miss 66 km (3.2 s)
[09:50:23]   1 candidates dropped (settle failure / regrid failure / duplicate after truncation)
[09:50:23] RESULT s03_c1: 15 columns; frontier 1fb 2 kg p0/3 | 2fb 4 kg p0/3 | 3fb 58 kg p0/3 | 4fb 61 kg p0/1; settles 24 (24 ok), regrids 15 (15 ok); wall 146 s of 300 (plan 82, price 1, settle 63; budget hit None, 0 unsettled)
[09:50:23]   job s03_c1 craft columns  15  levels 11  settles 24/24  end plan_done  wall 145.6 s
[09:50:24]     settle 11: 186 @   2742 d -> ok lintwin tank 824.5 (+21.4) miss 79 km (2.9 s)
[09:50:24]     settle 11: 233 @   2726 d -> ok lintwin tank 719.8 (+16.4) miss 65 km (1.8 s)
[09:50:25]     settle 12: 296 @   2835 d -> ok lintwin tank 724.9 (+5.1) miss 23 km (0.4 s)
[09:50:25] RESULT s03_c3: 16 columns; frontier 1fb 1 kg p0/3 | 2fb 9 kg p1/3 | 3fb 28 kg p0/3 | 4fb 43 kg p0/3 | 5fb 64 kg p2/2; settles 24 (24 ok), regrids 16 (16 ok); wall 148 s of 300 (plan 90, price 1, settle 58; budget hit None, 0 unsettled)
[09:50:25]   job s03_c3 craft columns  16  levels 12  settles 24/24  end plan_done  wall 148.1 s
[09:50:27]     settle 12: 257 @   2861 d -> ok lintwin tank 827.3 (+2.9) miss 64 km (3.2 s)
[09:50:27] RESULT s03_c2: 16 columns; frontier 1fb 4 kg p1/3 | 2fb 15 kg p0/2 | 3fb 35 kg p0/2 | 4fb 45 kg p2/2; settles 21 (21 ok), regrids 16 (16 ok); wall 151 s of 300 (plan 77, price 1, settle 73; budget hit None, 0 unsettled)
[09:50:29]   job s03_c2 craft columns  16  levels 11  settles 21/21  end plan_done  wall 150.5 s
[09:50:29] [slice 3] propose: 127 columns (0 bad dropped) in 152.4 s
[09:50:29] [slice 3] auction: 127 columns, kept 126, dropped {'ramp': 1}; lam 0.70 H_eff 720 d fuel budget 643 kg quota on
[09:50:29] [slice 3] auction: status optimal objective 49.604 vars 126 rows 59 chosen 8 fuel 432/643 kg (0.009 s)
[09:50:31] [slice 3 T=2160 d] launched 8/8  covered 105  remaining 193  fuel 1470 kg  sumJi 9.2028  chosen: c0:4(+24) c1:4(+170) c2:1(+15) c3:5(+64) c4:3(+30) c5:3(+44) c6:4(+49) c7:4(+35)  rejected: -  (wall 154 s)
[09:50:31] [slice 4 T=2880 d] propose: 8 jobs (8 craft, 0 root) on 9 workers, proposer planbeam, H_eff 720 d, lam 0.7
[09:50:31] job s04_c3 (craft, craft 3, planbeam): T 2880 d H 720 L 540; plan horizon 4860 d; remaining 193; prize >1 on 113; width 150 npt 6 mc 150 dv 1.2 drmax 0.15 plan_wall 240 s; quota None
[09:50:31] job s04_c1 (craft, craft 1, planbeam): T 2880 d H 720 L 540; plan horizon 4860 d; remaining 193; prize >1 on 113; width 150 npt 6 mc 150 dv 1.2 drmax 0.15 plan_wall 240 s; quota None
[09:50:31] job s04_c0 (craft, craft 0, planbeam): T 2880 d H 720 L 540; plan horizon 4860 d; remaining 193; prize >1 on 113; width 150 npt 6 mc 150 dv 1.2 drmax 0.15 plan_wall 240 s; quota None
[09:50:31] job s04_c2 (craft, craft 2, planbeam): T 2880 d H 720 L 540; plan horizon 4860 d; remaining 193; prize >1 on 113; width 150 npt 6 mc 150 dv 1.2 drmax 0.15 plan_wall 240 s; quota None
[09:50:31] job s04_c7 (craft, craft 7, planbeam): T 2880 d H 720 L 540; plan horizon 4860 d; remaining 193; prize >1 on 113; width 150 npt 6 mc 150 dv 1.2 drmax 0.15 plan_wall 240 s; quota None
[09:50:31] job s04_c4 (craft, craft 4, planbeam): T 2880 d H 720 L 540; plan horizon 4860 d; remaining 193; prize >1 on 113; width 150 npt 6 mc 150 dv 1.2 drmax 0.15 plan_wall 240 s; quota None
[09:50:31] job s04_c5 (craft, craft 5, planbeam): T 2880 d H 720 L 540; plan horizon 4860 d; remaining 193; prize >1 on 113; width 150 npt 6 mc 150 dv 1.2 drmax 0.15 plan_wall 240 s; quota None
[09:50:31] job s04_c6 (craft, craft 6, planbeam): T 2880 d H 720 L 540; plan horizon 4860 d; remaining 193; prize >1 on 113; width 150 npt 6 mc 150 dv 1.2 drmax 0.15 plan_wall 240 s; quota None
[09:50:31] prefix slices/s04/in/craft_2.npz: 9 flybys, t_end 2364.1 d, tank 777.1 kg (planner view), miss 18.3 km, nreg 117
[09:50:31] budget: job_wall 300 s, 300 s left before the plan -> plan cap 210 s (plan_wall 240, settle_reserve 90)
[09:50:31] prefix slices/s04/in/craft_3.npz: 12 flybys, t_end 2836.4 d, tank 724.8 kg (planner view), miss 9.4 km, nreg 140
[09:50:31] budget: job_wall 300 s, 300 s left before the plan -> plan cap 210 s (plan_wall 240, settle_reserve 90)
[09:50:31] prefix slices/s04/in/craft_4.npz: 16 flybys, t_end 2698.1 d, tank 739.9 kg (planner view), miss 1.6 km, nreg 132
[09:50:31] budget: job_wall 300 s, 300 s left before the plan -> plan cap 210 s (plan_wall 240, settle_reserve 90)
[09:50:31] prefix slices/s04/in/craft_7.npz: 14 flybys, t_end 2750.9 d, tank 791.4 kg (planner view), miss 3.2 km, nreg 127
[09:50:31] budget: job_wall 300 s, 300 s left before the plan -> plan cap 210 s (plan_wall 240, settle_reserve 90)
[09:50:31] prefix slices/s04/in/craft_6.npz: 11 flybys, t_end 2832.9 d, tank 732.4 kg (planner view), miss 92.8 km, nreg 132
[09:50:31] budget: job_wall 300 s, 300 s left before the plan -> plan cap 210 s (plan_wall 240, settle_reserve 90)
[09:50:31] prefix slices/s04/in/craft_1.npz: 14 flybys, t_end 2809.9 d, tank 873.3 kg (planner view), miss 19.7 km, nreg 140
[09:50:31] budget: job_wall 300 s, 300 s left before the plan -> plan cap 210 s (plan_wall 240, settle_reserve 90)
[09:50:31] prefix slices/s04/in/craft_0.npz: 15 flybys, t_end 2796.2 d, tank 739.8 kg (planner view), miss 3.6 km, nreg 142
[09:50:31] budget: job_wall 300 s, 300 s left before the plan -> plan cap 210 s (plan_wall 240, settle_reserve 90)
[09:50:31] prefix slices/s04/in/craft_5.npz: 14 flybys, t_end 2835.5 d, tank 891.1 kg (planner view), miss 70.4 km, nreg 136
[09:50:32] budget: job_wall 300 s, 300 s left before the plan -> plan cap 210 s (plan_wall 240, settle_reserve 90)
[09:50:47] first level (both): 0 production + 48 relaxed (dv 2.5, 0.3 AU; 0.1 s) + 2 lintwin children -> 33 unique (15.1 s)
[09:50:47] plan start: prefix 14 flybys, t_end 2835.5 d, planner mass 1080.0 kg (dv 15.419 km/s); 33 first-level states
[09:50:47] first level (both): 0 production + 115 relaxed (dv 2.5, 0.3 AU; 0.1 s) + 5 lintwin children -> 96 unique (15.3 s)
[09:50:47] plan start: prefix 14 flybys, t_end 2809.9 d, planner mass 1102.0 kg (dv 14.626 km/s); 96 first-level states
[09:50:47] first level (both): 0 production + 54 relaxed (dv 2.5, 0.3 AU; 0.1 s) + 60 lintwin children -> 81 unique (15.8 s)
[09:50:47] plan start: prefix 14 flybys, t_end 2750.9 d, planner mass 1216.1 kg (dv 10.763 km/s); 81 first-level states
[09:50:47] first level (both): 0 production + 63 relaxed (dv 2.5, 0.3 AU; 0.1 s) + 79 lintwin children -> 108 unique (15.8 s)
[09:50:47] plan start: prefix 16 flybys, t_end 2698.1 d, planner mass 1300.8 kg (dv 8.122 km/s); 108 first-level states
[09:50:47] first level (both): 0 production + 70 relaxed (dv 2.5, 0.3 AU; 0.1 s) + 70 lintwin children -> 106 unique (15.9 s)
[09:50:47] plan start: prefix 12 flybys, t_end 2836.4 d, planner mass 1327.8 kg (dv 7.314 km/s); 106 first-level states
[09:50:48] first level (both): 0 production + 4 relaxed (dv 2.5, 0.3 AU; 0.1 s) + 85 lintwin children -> 88 unique (16.1 s)
[09:50:48] plan start: prefix 9 flybys, t_end 2364.1 d, planner mass 1238.4 kg (dv 10.049 km/s); 88 first-level states
[09:50:48] first level (both): 0 production + 37 relaxed (dv 2.5, 0.3 AU; 0.1 s) + 77 lintwin children -> 94 unique (16.1 s)
[09:50:48] plan start: prefix 11 flybys, t_end 2832.9 d, planner mass 1314.0 kg (dv 7.725 km/s); 94 first-level states
[09:50:49] first level (both): 0 production + 39 relaxed (dv 2.5, 0.3 AU; 0.1 s) + 66 lintwin children -> 83 unique (17.6 s)
[09:50:49] plan start: prefix 15 flybys, t_end 2796.2 d, planner mass 1301.0 kg (dv 8.116 km/s); 83 first-level states
[09:51:42] plan: 1104 states, depth 10 new flybys, end plan_done (70 s); deepest 10 new to 4853 d at planner fuel 778 kg
[09:51:42]   depth  1:   33 states (33 in H), t_end 2978-3425 d, fuel 522-592 kg
[09:51:42]   depth  2:  150 states (119 in H), t_end 3150-3905 d, fuel 563-621 kg
[09:51:42]   depth  3:  150 states (29 in H), t_end 3400-4050 d, fuel 572-651 kg
[09:51:42]   depth  4:  150 states (0 in H), t_end 3607-4590 d, fuel 613-677 kg
[09:51:42]   depth  5:  150 states (0 in H), t_end 3987-4765 d, fuel 639-703 kg
[09:51:42]   depth  6:  150 states (0 in H), t_end 4161-4799 d, fuel 664-729 kg
[09:51:42]   depth  7:  150 states (0 in H), t_end 4298-4859 d, fuel 684-752 kg
[09:51:42]   depth  8:  135 states (0 in H), t_end 4473-4859 d, fuel 697-767 kg
[09:51:42]   depth  9:   35 states (0 in H), t_end 4603-4858 d, fuel 743-780 kg
[09:51:42]   depth 10:    1 states (0 in H), t_end 4853-4853 d, fuel 778-778 kg
[09:51:42] candidates: 59 distinct committed target sets (n_new 1-3, potential 0-3)
[09:51:42] frontier: 16 candidates chosen (n fb / committed planner kg / continuation (lookahead) [full]; pot_mode lookahead, pot_cap None): 1fb/522kg/p0(0)[0], 1fb/533kg/p0(0)[0], 1fb/540kg/p3(1)[3], 1fb/553kg/p3(1)[3], 1fb/555kg/p2(2)[2], 1fb/565kg/p3(1)[3], 1fb/570kg/p2(2)[2], 1fb/581kg/p3(2)[3], 1fb/591kg/p4(2)[4], 2fb/566kg/p0(0)[0], 2fb/567kg/p0(0)[0], 2fb/610kg/p3(3)[3], 2fb/618kg/p3(2)[3], 3fb/588kg/p1(1)[1], 3fb/595kg/p1(1)[1], 3fb/625kg/p2(2)[2]
[09:51:42] budget: 230 s of 300 left for the settles + regrids (settle_wall 480)
[09:51:42] plan: 1173 states, depth 10 new flybys, end plan_done (70 s); deepest 10 new to 4819 d at planner fuel 667 kg
[09:51:42]   depth  1:   81 states (81 in H), t_end 2901-3543 d, fuel 390-473 kg
[09:51:42]   depth  2:  150 states (132 in H), t_end 3016-4088 d, fuel 394-505 kg
[09:51:42]   depth  3:  150 states (63 in H), t_end 3250-4598 d, fuel 420-537 kg
[09:51:42]   depth  4:  150 states (16 in H), t_end 3404-4654 d, fuel 451-562 kg
[09:51:42]   depth  5:  150 states (0 in H), t_end 3741-4753 d, fuel 492-583 kg
[09:51:42]   depth  6:  150 states (0 in H), t_end 4017-4816 d, fuel 496-614 kg
[09:51:42]   depth  7:  150 states (0 in H), t_end 4335-4859 d, fuel 525-639 kg
[09:51:42]   depth  8:  150 states (0 in H), t_end 4467-4860 d, fuel 547-658 kg
[09:51:42]   depth  9:   39 states (0 in H), t_end 4726-4851 d, fuel 585-688 kg
[09:51:42]   depth 10:    3 states (0 in H), t_end 4819-4845 d, fuel 667-672 kg
[09:51:42] candidates: 198 distinct committed target sets (n_new 1-4, potential 0-3)
[09:51:42] frontier: 16 candidates chosen (n fb / committed planner kg / continuation (lookahead) [full]; pot_mode lookahead, pot_cap None): 1fb/390kg/p0(0)[0], 1fb/391kg/p2(0)[2], 1fb/426kg/p4(2)[4], 1fb/432kg/p5(3)[5], 1fb/456kg/p4(3)[4], 1fb/464kg/p4(2)[4], 2fb/394kg/p0(0)[0], 2fb/404kg/p1(0)[1], 2fb/442kg/p4(3)[4], 2fb/477kg/p4(3)[4], 3fb/420kg/p0(0)[0], 3fb/437kg/p0(0)[0], 3fb/455kg/p3(3)[3], 4fb/483kg/p2(2)[2], 4fb/493kg/p0(0)[0], 4fb/496kg/p0(0)[0]
[09:51:42] budget: 230 s of 300 left for the settles + regrids (settle_wall 480)
[09:51:43]     settle 15: 280 @   2978 d -> ok lin tank 890.6 (+-0.5) miss 31 km (1.4 s)
[09:51:43] plan: 1152 states, depth 10 new flybys, end plan_done (72 s); deepest 10 new to 4831 d at planner fuel 601 kg
[09:51:43]   depth  1:   94 states (94 in H), t_end 2917-3535 d, fuel 293-380 kg
[09:51:43]   depth  2:  150 states (95 in H), t_end 3185-3933 d, fuel 313-416 kg
[09:51:43]   depth  3:  150 states (72 in H), t_end 3378-4273 d, fuel 343-446 kg
[09:51:43]   depth  4:  150 states (2 in H), t_end 3586-4554 d, fuel 374-482 kg
[09:51:43]   depth  5:  150 states (0 in H), t_end 3685-4845 d, fuel 399-517 kg
[09:51:43]   depth  6:  150 states (0 in H), t_end 4270-4840 d, fuel 424-543 kg
[09:51:43]   depth  7:  150 states (0 in H), t_end 4436-4856 d, fuel 450-562 kg
[09:51:43]   depth  8:  121 states (0 in H), t_end 4521-4858 d, fuel 475-596 kg
[09:51:43]   depth  9:   36 states (0 in H), t_end 4661-4860 d, fuel 544-605 kg
[09:51:43]   depth 10:    1 states (0 in H), t_end 4831-4831 d, fuel 601-601 kg
[09:51:43] candidates: 151 distinct committed target sets (n_new 1-4, potential 0-3)
[09:51:43] frontier: 16 candidates chosen (n fb / committed planner kg / continuation (lookahead) [full]; pot_mode lookahead, pot_cap None): 1fb/295kg/p1(0)[1], 1fb/297kg/p2(0)[2], 1fb/314kg/p4(3)[4], 1fb/320kg/p4(2)[4], 1fb/321kg/p4(2)[4], 1fb/330kg/p4(3)[4], 1fb/342kg/p4(2)[4], 1fb/372kg/p4(1)[4], 2fb/315kg/p0(0)[0], 2fb/318kg/p0(0)[0], 2fb/348kg/p3(3)[3], 3fb/343kg/p0(0)[0], 3fb/350kg/p0(0)[0], 3fb/380kg/p2(2)[2], 4fb/403kg/p0(0)[0], 4fb/482kg/p1(1)[1]
[09:51:43] budget: 228 s of 300 left for the settles + regrids (settle_wall 480)
[09:51:45]     settle 15: 115 @   3402 d -> ok lintwin tank 793.3 (+1.8) miss 65 km (2.8 s)
[09:51:46]     settle 12: 228 @   3335 d -> ok lintwin tank 736.3 (+3.8) miss 80 km (2.7 s)
[09:51:47]     settle 15: 292 @   3215 d -> ok lin tank 898.5 (+7.4) miss 28 km (2.5 s)
[09:51:47] plan: 1212 states, depth 10 new flybys, end plan_done (76 s); deepest 10 new to 4852 d at planner fuel 603 kg
[09:51:47]   depth  1:   83 states (83 in H), t_end 2903-3501 d, fuel 316-394 kg
[09:51:47]   depth  2:  150 states (126 in H), t_end 3109-4011 d, fuel 328-428 kg
[09:51:47]   depth  3:  150 states (88 in H), t_end 3275-4541 d, fuel 359-464 kg
[09:51:47]   depth  4:  150 states (14 in H), t_end 3567-4756 d, fuel 389-494 kg
[09:51:47]   depth  5:  150 states (0 in H), t_end 3779-4832 d, fuel 413-526 kg
[09:51:47]   depth  6:  150 states (0 in H), t_end 4189-4801 d, fuel 431-551 kg
[09:51:47]   depth  7:  150 states (0 in H), t_end 4394-4860 d, fuel 478-572 kg
[09:51:47]   depth  8:  150 states (0 in H), t_end 4560-4860 d, fuel 488-584 kg
[09:51:47]   depth  9:   76 states (0 in H), t_end 4689-4857 d, fuel 516-597 kg
[09:51:47]   depth 10:    3 states (0 in H), t_end 4850-4855 d, fuel 603-617 kg
[09:51:47] candidates: 205 distinct committed target sets (n_new 1-4, potential 0-3)
[09:51:47] frontier: 16 candidates chosen (n fb / committed planner kg / continuation (lookahead) [full]; pot_mode lookahead, pot_cap None): 1fb/316kg/p1(1)[1], 1fb/316kg/p1(0)[1], 1fb/319kg/p4(2)[4], 1fb/325kg/p4(1)[4], 1fb/348kg/p4(2)[4], 1fb/356kg/p4(1)[4], 1fb/362kg/p4(3)[4], 2fb/339kg/p0(0)[0], 2fb/345kg/p1(1)[1], 2fb/348kg/p3(2)[3], 3fb/367kg/p0(0)[0], 3fb/368kg/p0(0)[0], 3fb/391kg/p2(2)[2], 4fb/396kg/p0(0)[0], 4fb/401kg/p0(0)[0], 4fb/436kg/p1(1)[1]
[09:51:47] budget: 224 s of 300 left for the settles + regrids (settle_wall 480)
[09:51:47]     settle 12:  44 @   3052 d -> ok lintwin tank 739.2 (+6.8) miss 38 km (0.7 s)
[09:51:48]     settle 15:  54 @   3133 d -> ok lintwin tank 793.5 (+2.1) miss 72 km (2.8 s)
[09:51:48]     settle 16: 249 @   3431 d -> ok lintwin tank 750.6 (+10.8) miss 80 km (0.8 s)
[09:51:49]     settle 12:  23 @   3179 d -> ok lintwin tank 754.1 (+21.7) miss 29 km (1.2 s)
[09:51:50]     settle 16: 241 @   3329 d -> ok lintwin tank 753.4 (+13.7) miss 31 km (1.1 s)
[09:51:51]     settle 15:  75 @   3172 d -> ok lintwin tank 817.9 (+26.5) miss 71 km (2.2 s)
[09:51:51]     settle 16:  58 @   3106 d -> ok lintwin tank 752.5 (+12.7) miss 31 km (0.9 s)
[09:51:52]     settle 15: 283 @   3000 d -> ok lintwin tank 919.0 (+27.9) miss 17 km (5.0 s)
[09:51:53] plan: 1328 states, depth 10 new flybys, end plan_done (81 s); deepest 10 new to 4791 d at planner fuel 551 kg
[09:51:53]   depth  1:  106 states (106 in H), t_end 2931-3540 d, fuel 278-370 kg
[09:51:53]   depth  2:  150 states (135 in H), t_end 3167-3931 d, fuel 301-404 kg
[09:51:53]   depth  3:  150 states (44 in H), t_end 3260-4225 d, fuel 340-435 kg
[09:51:53]   depth  4:  150 states (7 in H), t_end 3532-4761 d, fuel 360-462 kg
[09:51:53]   depth  5:  150 states (0 in H), t_end 3838-4792 d, fuel 398-492 kg
[09:51:53]   depth  6:  150 states (0 in H), t_end 4080-4781 d, fuel 409-514 kg
[09:51:53]   depth  7:  150 states (0 in H), t_end 4314-4860 d, fuel 434-545 kg
[09:51:53]   depth  8:  150 states (0 in H), t_end 4484-4822 d, fuel 489-569 kg
[09:51:53]   depth  9:  150 states (0 in H), t_end 4638-4860 d, fuel 517-601 kg
[09:51:53]   depth 10:   22 states (0 in H), t_end 4791-4859 d, fuel 551-625 kg
[09:51:53] candidates: 161 distinct committed target sets (n_new 1-4, potential 0-2)
[09:51:53] frontier: 16 candidates chosen (n fb / committed planner kg / continuation (lookahead) [full]; pot_mode lookahead, pot_cap None): 1fb/278kg/p0(0)[0], 1fb/283kg/p0(0)[0], 1fb/291kg/p3(1)[3], 1fb/296kg/p3(0)[3], 1fb/314kg/p3(0)[3], 1fb/325kg/p3(0)[3], 1fb/344kg/p5(2)[5], 2fb/301kg/p0(0)[0], 2fb/310kg/p1(1)[1], 2fb/383kg/p4(2)[4], 3fb/341kg/p1(1)[1], 3fb/348kg/p0(0)[0], 3fb/421kg/p3(2)[3], 4fb/375kg/p0(0)[0], 4fb/404kg/p0(0)[0], 4fb/444kg/p2(2)[2]
[09:51:53] budget: 219 s of 300 left for the settles + regrids (settle_wall 480)
[09:51:53]     settle 16:  72 @   3213 d -> ok lintwin tank 752.7 (+12.9) miss 38 km (0.9 s)
[09:51:53]     settle 15: 132 @   2906 d -> ok lintwin tank 822.3 (+30.8) miss 69 km (2.2 s)
[09:51:53]     settle 12: 201 @   3195 d -> ok lintwin tank 791.4 (+59.0) miss 17 km (3.8 s)
[09:51:53]     settle 13: 175 @   3431 d -> ok lintwin tank 726.1 (+1.3) miss 65 km (0.6 s)
[09:51:54]     settle 12:  82 @   3194 d -> ok lintwin tank 752.1 (+19.6) miss 36 km (0.4 s)
[09:51:54]     settle 13:  10 @   3478 d -> ok lintwin tank 730.6 (+5.8) miss 21 km (0.5 s)
[09:51:56]     settle 13: 290 @   3129 d -> ok lintwin tank 734.9 (+10.1) miss 65 km (1.3 s)
[09:51:56] plan: 1431 states, depth 11 new flybys, end plan_done (85 s); deepest 11 new to 4671 d at planner fuel 637 kg
[09:51:56]   depth  1:   88 states (88 in H), t_end 2886-3519 d, fuel 373-452 kg
[09:51:56]   depth  2:  150 states (144 in H), t_end 2982-3667 d, fuel 392-485 kg
[09:51:56]   depth  3:  150 states (124 in H), t_end 3293-4157 d, fuel 408-513 kg
[09:51:56]   depth  4:  150 states (7 in H), t_end 3485-4540 d, fuel 443-547 kg
[09:51:56]   depth  5:  150 states (0 in H), t_end 3627-4856 d, fuel 474-563 kg
[09:51:56]   depth  6:  150 states (0 in H), t_end 3828-4857 d, fuel 482-581 kg
[09:51:56]   depth  7:  150 states (0 in H), t_end 4106-4859 d, fuel 505-600 kg
[09:51:56]   depth  8:  150 states (0 in H), t_end 4251-4860 d, fuel 526-626 kg
[09:51:56]   depth  9:  150 states (0 in H), t_end 4403-4859 d, fuel 540-655 kg
[09:51:56]   depth 10:  114 states (0 in H), t_end 4549-4860 d, fuel 566-680 kg
[09:51:56]   depth 11:   29 states (0 in H), t_end 4663-4857 d, fuel 637-703 kg
[09:51:57] candidates: 229 distinct committed target sets (n_new 1-4, potential 0-4)
[09:51:57] frontier: 16 candidates chosen (n fb / committed planner kg / continuation (lookahead) [full]; pot_mode lookahead, pot_cap None): 1fb/373kg/p1(0)[1], 1fb/373kg/p5(2)[5], 1fb/385kg/p4(3)[4], 1fb/392kg/p6(3)[6], 1fb/426kg/p5(2)[5], 1fb/429kg/p6(4)[6], 1fb/440kg/p5(3)[5], 2fb/392kg/p0(0)[0], 2fb/393kg/p0(0)[0], 2fb/428kg/p5(3)[5], 3fb/408kg/p0(0)[0], 3fb/416kg/p0(0)[0], 3fb/461kg/p4(3)[4], 4fb/443kg/p0(0)[0], 4fb/474kg/p2(2)[2], 4fb/484kg/p3(3)[3]
[09:51:57] budget: 215 s of 300 left for the settles + regrids (settle_wall 480)
[09:51:57]     settle 12: 271 @   3242 d -> ok lintwin tank 769.3 (+36.9) miss 31 km (1.9 s)
[09:51:57]     settle 15: 140 @   3120 d -> ok lintwin tank 848.8 (+57.4) miss 58 km (3.3 s)
[09:51:58]     settle 13: 239 @   3001 d -> ok lintwin tank 740.5 (+15.7) miss 51 km (1.0 s)
[09:51:58]     settle 16: 286 @   3089 d -> ok lintwin tank 771.5 (+31.7) miss 14 km (4.6 s)
[09:51:59]     settle 10:  57 @   3327 d -> ok lintwin tank 783.0 (+5.9) miss 48 km (2.4 s)
[09:51:59]     settle 16: 222 @   2943 d -> ok lintwin tank 796.5 (+56.7) miss 42 km (0.9 s)
[09:52:00] plan: 1499 states, depth 12 new flybys, end plan_done (89 s); deepest 12 new to 4837 d at planner fuel 581 kg
[09:52:00]   depth  1:  108 states (108 in H), t_end 2882-3537 d, fuel 308-394 kg
[09:52:00]   depth  2:  150 states (134 in H), t_end 3004-3841 d, fuel 318-421 kg
[09:52:00]   depth  3:  150 states (92 in H), t_end 3363-4259 d, fuel 352-451 kg
[09:52:00]   depth  4:  150 states (9 in H), t_end 3486-4592 d, fuel 369-473 kg
[09:52:00]   depth  5:  150 states (0 in H), t_end 3618-4788 d, fuel 411-503 kg
[09:52:00]   depth  6:  150 states (0 in H), t_end 3838-4827 d, fuel 443-526 kg
[09:52:00]   depth  7:  150 states (0 in H), t_end 3964-4777 d, fuel 467-561 kg
[09:52:00]   depth  8:  150 states (0 in H), t_end 4272-4857 d, fuel 484-585 kg
[09:52:00]   depth  9:  150 states (0 in H), t_end 4422-4858 d, fuel 514-615 kg
[09:52:00]   depth 10:  121 states (0 in H), t_end 4574-4858 d, fuel 529-623 kg
[09:52:00]   depth 11:   58 states (0 in H), t_end 4696-4858 d, fuel 564-651 kg
[09:52:00]   depth 12:   12 states (0 in H), t_end 4814-4852 d, fuel 581-657 kg
[09:52:00] candidates: 190 distinct committed target sets (n_new 1-4, potential 0-4)
[09:52:00] frontier: 16 candidates chosen (n fb / committed planner kg / continuation (lookahead) [full]; pot_mode lookahead, pot_cap None): 1fb/308kg/p2(1)[2], 1fb/310kg/p2(1)[2], 1fb/323kg/p5(2)[5], 1fb/345kg/p6(3)[6], 1fb/348kg/p5(3)[5], 1fb/353kg/p6(3)[6], 1fb/368kg/p6(4)[6], 2fb/318kg/p1(1)[1], 2fb/331kg/p1(1)[1], 2fb/371kg/p5(3)[5], 3fb/377kg/p0(0)[0], 3fb/378kg/p0(0)[0], 3fb/396kg/p4(3)[4], 4fb/425kg/p2(2)[2], 4fb/429kg/p1(1)[1], 4fb/430kg/p3(3)[3]
[09:52:00] budget: 211 s of 300 left for the settles + regrids (settle_wall 480)
[09:52:00]     settle 13: 279 @   3182 d -> ok lintwin tank 741.9 (+17.1) miss 70 km (2.2 s)
[09:52:01]     settle 15: 225 @   2990 d -> ok lintwin tank 832.6 (+41.2) miss 71 km (3.1 s)
[09:52:01]     settle 12: 156 @   3376 d -> ok lintwin tank 744.3 (+11.9) miss 12 km (3.7 s)
[09:52:01]     settle 17: 134 @   3230 d -> ok lintwin tank 744.4 (+4.5) miss 23 km (0.8 s)
[09:52:01] plan: 1443 states, depth 12 new flybys, end plan_done (90 s); deepest 12 new to 4819 d at planner fuel 774 kg
[09:52:01]   depth  1:   96 states (96 in H), t_end 2965-3456 d, fuel 511-577 kg
[09:52:01]   depth  2:  150 states (120 in H), t_end 3078-3800 d, fuel 532-608 kg
[09:52:01]   depth  3:  150 states (50 in H), t_end 3234-4175 d, fuel 555-628 kg
[09:52:01]   depth  4:  150 states (12 in H), t_end 3533-4466 d, fuel 574-654 kg
[09:52:01]   depth  5:  150 states (0 in H), t_end 3618-4721 d, fuel 592-679 kg
[09:52:01]   depth  6:  150 states (0 in H), t_end 3881-4850 d, fuel 619-700 kg
[09:52:01]   depth  7:  150 states (0 in H), t_end 4155-4811 d, fuel 655-724 kg
[09:52:01]   depth  8:  150 states (0 in H), t_end 4345-4831 d, fuel 684-745 kg
[09:52:01]   depth  9:  150 states (0 in H), t_end 4435-4855 d, fuel 689-758 kg
[09:52:01]   depth 10:  112 states (0 in H), t_end 4540-4860 d, fuel 705-782 kg
[09:52:01]   depth 11:   34 states (0 in H), t_end 4653-4855 d, fuel 735-797 kg
[09:52:01]   depth 12:    1 states (0 in H), t_end 4819-4819 d, fuel 774-774 kg
[09:52:01] candidates: 128 distinct committed target sets (n_new 1-4, potential 0-3)
[09:52:01] frontier: 16 candidates chosen (n fb / committed planner kg / continuation (lookahead) [full]; pot_mode lookahead, pot_cap None): 1fb/512kg/p0(0)[0], 1fb/515kg/p3(1)[3], 1fb/541kg/p3(2)[3], 1fb/543kg/p3(0)[3], 1fb/546kg/p3(1)[3], 1fb/551kg/p5(2)[5], 1fb/567kg/p5(2)[5], 2fb/536kg/p0(0)[0], 2fb/540kg/p0(0)[0], 2fb/582kg/p4(2)[4], 3fb/558kg/p0(0)[0], 3fb/560kg/p0(0)[0], 3fb/602kg/p3(3)[3], 4fb/590kg/p0(0)[0], 4fb/612kg/p0(0)[0], 4fb/617kg/p2(2)[2]
[09:52:01] budget: 210 s of 300 left for the settles + regrids (settle_wall 480)
[09:52:01]     settle 10: 180 @   3028 d -> ok lintwin tank 781.6 (+4.4) miss 70 km (1.7 s)
[09:52:02]     settle 17:  86 @   2944 d -> ok lintwin tank 745.6 (+5.7) miss 51 km (0.4 s)
[09:52:03]     settle 16:  82 @   3233 d -> ok lam tank 793.4 (+53.7) miss 16 km (3.7 s)
[09:52:03]     settle 13:  65 @   3102 d -> ok lintwin tank 752.9 (+28.1) miss 73 km (2.5 s)
[09:52:04]     settle 17: 137 @   3005 d -> ok lintwin tank 753.2 (+13.4) miss 56 km (1.5 s)
[09:52:04]     settle 15: 286 @   3125 d -> ok lin tank 898.0 (+6.9) miss 82 km (5.6 s)
[09:52:05]     settle 12: 273 @   2970 d -> ok lintwin tank 785.9 (+53.5) miss 70 km (3.7 s)
[09:52:05]     settle 16: 189 @   3061 d -> ok lintwin tank 757.0 (+17.2) miss 24 km (0.9 s)
[09:52:05]     settle 17: 125 @   3273 d -> ok lintwin tank 762.1 (+5.1) miss 14 km (0.4 s)
[09:52:05]     settle 10:  97 @   3267 d -> ok lintwin tank 796.4 (+19.3) miss 69 km (3.9 s)
[09:52:06]     settle 16: 115 @   3402 d -> ok lintwin tank 795.6 (+2.1) miss 1 km (4.8 s)
[09:52:06]     settle 12: 258 @   3389 d -> ok lintwin tank 745.1 (+12.7) miss 57 km (1.0 s)
[09:52:06]     settle 17:  44 @   3316 d -> ok lintwin tank 758.2 (+5.7) miss 34 km (0.4 s)
[09:52:06]     settle 17:  37 @   2928 d -> ok lintwin tank 758.6 (+18.8) miss 56 km (2.3 s)
[09:52:07]     settle 13: 284 @   3497 d -> ok lintwin tank 746.9 (+1.8) miss 55 km (0.4 s)
[09:52:07]     settle 17: 241 @   3327 d -> ok lintwin tank 761.7 (+9.3) miss 75 km (0.7 s)
[09:52:07]     settle 15: 253 @   3260 d -> ok lintwin tank 880.2 (+6.9) miss 91 km (6.3 s)
[09:52:08]     settle 13: 180 @   3032 d -> ok lintwin tank 758.7 (+33.9) miss 73 km (3.7 s)
[09:52:08]     settle 15: 159 @   3355 d -> ok lin tank 903.8 (+12.7) miss 96 km (3.9 s)
[09:52:08]     settle 12:  14 @   3360 d -> ok lintwin tank 738.5 (+6.1) miss 53 km (1.4 s)
[09:52:09]     settle 14: 287 @   3451 d -> ok lintwin tank 739.7 (+-0.7) miss 36 km (0.6 s)
[09:52:09]     settle 16: 201 @   3220 d -> ok lintwin tank 756.9 (+17.2) miss 27 km (1.1 s)
[09:52:09]     settle 13:  98 @   3499 d -> ok lintwin tank 743.1 (+4.6) miss 11 km (0.4 s)
[09:52:10]     settle 13: 156 @   3377 d -> ok lintwin tank 759.4 (+5.3) miss 48 km (0.5 s)
[09:52:10]     settle 17: 249 @   3431 d -> ok lintwin tank 768.8 (+11.9) miss 50 km (1.1 s)
[09:52:10]     settle 17:  20 @   2960 d -> ok lintwin tank 771.7 (+31.8) miss 78 km (3.4 s)
[09:52:11]     settle 13: 239 @   3348 d -> ok lintwin tank 739.8 (+15.0) miss 67 km (1.5 s)
[09:52:11]     settle 10:  20 @   3049 d -> ok lintwin tank 813.1 (+35.9) miss 75 km (4.8 s)
[09:52:11]     settle 14: 123 @   3548 d -> ok lintwin tank 743.5 (+3.8) miss 11 km (0.5 s)
[09:52:13]     settle 18: 117 @   3564 d -> ok lintwin tank 778.8 (+10.0) miss 66 km (3.0 s)
[09:52:14]     settle 15:  75 @   3081 d -> ok lintwin tank 888.2 (+14.9) miss 93 km (5.6 s)
[09:52:14]     settle 16: 213 @   3414 d -> ok lintwin tank 800.6 (+7.1) miss 1 km (4.4 s)
[09:52:14]     settle 17: 200 @   3026 d -> ok lintwin tank 789.6 (+49.8) miss 75 km (3.1 s)
[09:52:15]     settle 18:  21 @   3571 d -> ok lintwin tank 771.2 (+9.5) miss 73 km (1.0 s)
[09:52:15]     settle 15:  71 @   3110 d -> ok lam tank 911.4 (+20.2) miss 5 km (6.0 s)
[09:52:15]     settle 12:   5 @   3131 d -> ok lintwin tank 744.6 (+12.2) miss 81 km (4.8 s)
[09:52:15]     settle 10:  59 @   3039 d -> ok lintwin tank 801.8 (+24.7) miss 76 km (4.1 s)
[09:52:16]     settle 14: 159 @   3297 d -> ok lintwin tank 778.2 (+19.5) miss 4 km (4.2 s)
[09:52:16]     settle 17:  97 @   3208 d -> ok lintwin tank 759.7 (+19.8) miss 93 km (1.9 s)
[09:52:16]     settle 18: 249 @   3436 d -> ok lintwin tank 776.2 (+14.5) miss 72 km (0.9 s)
[09:52:17]     settle 18: 151 @   3348 d -> ok lintwin tank 746.3 (+1.9) miss 3 km (0.4 s)
[09:52:18]     settle 16:   3 @   3080 d -> ok lintwin tank 763.8 (+24.1) miss 31 km (0.9 s)
[09:52:18]     settle 18:  38 @   3454 d -> ok lintwin tank 746.3 (+0.7) miss 48 km (0.7 s)
[09:52:20]     settle 13:  14 @   3366 d -> ok lintwin tank 758.1 (+13.5) miss 76 km (4.4 s)
[09:52:20]     settle 14: 159 @   3300 d -> ok lintwin tank 747.2 (+6.8) miss 45 km (0.7 s)
[09:52:20]     settle 15:  82 @   3215 d -> ok lintwin tank 902.8 (+29.5) miss 0 km (6.0 s)
[09:52:20]     settle 10: 295 @   2934 d -> ok lintwin tank 794.1 (+17.0) miss 58 km (4.5 s)
[09:52:20]     settle 16:  54 @   3130 d -> ok lintwin tank 826.8 (+4.5) miss 0 km (4.0 s)
[09:52:22]     settle 17: 201 @   3226 d -> ok lintwin tank 771.5 (+7.7) miss 78 km (4.2 s)
[09:52:22]     settle 14: 284 @   3511 d -> ok lintwin tank 763.9 (+5.8) miss 85 km (2.3 s)
[09:52:22]     settle 15: 287 @   3442 d -> ok lintwin tank 753.9 (+6.7) miss 71 km (2.3 s)
[09:52:23]     settle 18:  97 @   3206 d -> ok lintwin tank 792.5 (+2.9) miss 64 km (4.1 s)
[09:52:23]     settle 15: 132 @   2911 d -> ok lintwin tank 824.4 (+33.0) miss 23 km (0.4 s)
[09:52:24]     settle 18: 258 @   3426 d -> ok lintwin tank 777.8 (+6.3) miss 79 km (2.3 s)
[09:52:24]     settle 15:  85 @   3425 d -> FAIL [('lam', 107860834.6)] (8.6 s)
[09:52:25]     settle 15: 236 @   3532 d -> ok lintwin tank 758.1 (+10.8) miss 62 km (2.4 s)
[09:52:25]     settle 19:  21 @   3577 d -> ok lintwin tank 781.5 (+3.7) miss 53 km (1.1 s)
[09:52:26]     settle 16: 222 @   3108 d -> ok lintwin tank 831.9 (+7.5) miss 60 km (2.9 s)
[09:52:26]     settle 18: 249 @   3433 d -> ok lintwin tank 773.6 (+2.1) miss 97 km (0.5 s)
[09:52:27]     settle 15: 287 @   3437 d -> ok lintwin tank 783.4 (+5.2) miss 91 km (1.0 s)
[09:52:27]     settle 17: 137 @   3009 d -> ok lintwin tank 753.3 (+13.4) miss 58 km (3.3 s)
[09:52:27]     settle 15: 103 @   3015 d -> ok lintwin tank 917.1 (+43.8) miss 18 km (5.8 s)
[09:52:28]     settle 12: 288 @   3098 d -> ok lintwin tank 859.9 (+127.5) miss 6 km (5.2 s)
[09:52:28]     settle 13:  23 @   3185 d -> FAIL [] (0.0 s)
[09:52:28]     settle 19:  21 @   3576 d -> ok lintwin tank 775.0 (+1.3) miss 55 km (1.3 s)
[09:52:29]     settle 17:  19 @   3336 d -> ok lintwin tank 760.4 (+7.8) miss 25 km (0.4 s)
[09:52:29]     settle 18:  79 @   3259 d -> ok lintwin tank 761.5 (+8.3) miss 79 km (2.3 s)
[09:52:29]     settle 15: 287 @   3440 d -> ok lintwin tank 754.0 (+6.7) miss 33 km (2.1 s)
[09:52:29]     settle 13: 228 @   3344 d -> ok lintwin tank 755.6 (+3.5) miss 73 km (1.2 s)
[09:52:30]     settle 15:  80 @   3174 d -> ok lintwin tank 922.8 (+31.6) miss 23 km (5.0 s)
[09:52:30]     settle 18: 249 @   3436 d -> ok lintwin tank 767.3 (+6.9) miss 57 km (0.9 s)
[09:52:30]     settle 16: 236 @   3533 d -> ok lintwin tank 771.8 (+17.8) miss 80 km (1.0 s)
[09:52:30]     settle 10: 172 @   3206 d -> ok lam tank 924.7 (+147.6) miss 6 km (9.7 s)
[09:52:31]     settle 19:  14 @   3443 d -> ok lintwin tank 773.7 (+12.2) miss 96 km (1.7 s)
[09:52:31]     settle 14: 147 @   3567 d -> ok lintwin tank 772.1 (+16.5) miss 56 km (1.4 s)
[09:52:31]     settle 14: 159 @   3303 d -> ok lintwin tank 744.7 (+2.9) miss 38 km (0.5 s)
[09:52:32]     settle 17:  34 @   3531 d -> ok lintwin tank 809.3 (+8.7) miss 75 km (5.4 s)
[09:52:33]     settle 15: 287 @   3442 d -> ok lintwin tank 754.1 (+9.4) miss 60 km (1.6 s)
[09:52:34]     settle 19:  21 @   3581 d -> ok lintwin tank 787.8 (+20.5) miss 73 km (4.0 s)
[09:52:34]     settle 16: 236 @   3533 d -> ok lintwin tank 772.2 (+18.1) miss 93 km (1.0 s)
[09:52:34] RESULT s04_c0: 16 columns; frontier 1fb 11 kg p1/3 | 2fb 18 kg p1/2 | 3fb 31 kg p0/2 | 4fb 35 kg p0/1; settles 25 (25 ok), regrids 16 (16 ok); wall 123 s of 300 (plan 76, price 2, settle 47; budget hit None, 0 unsettled)
[09:52:35]     settle 19: 247 @   3496 d -> ok lintwin tank 795.1 (+2.6) miss 59 km (3.3 s)
[09:52:35]     settle 15: 189 @   3005 d -> ok lintwin tank 895.2 (+21.9) miss 2 km (6.0 s)
[09:52:35]     settle 15: 186 @   3099 d -> ok lintwin tank 818.7 (+27.3) miss 80 km (2.7 s)
[09:52:36]   job s04_c0 craft columns  16  levels 10  settles 25/25  end plan_done  wall 122.9 s
[09:52:36]     settle 13: 258 @   3400 d -> ok lintwin tank 798.7 (+7.3) miss 84 km (4.7 s)
[09:52:38]     settle 16: 236 @   3533 d -> ok lintwin tank 797.3 (+13.9) miss 73 km (3.0 s)
[09:52:38]     settle 15:  96 @   3130 d -> ok lam tank 942.3 (+51.1) miss 8 km (3.2 s)
[09:52:38] RESULT s04_c3: 16 columns; frontier 1fb 1 kg p0/2 | 2fb 15 kg p0/2 | 3fb 29 kg p1/2 | 4fb 47 kg p0/2; settles 21 (21 ok), regrids 16 (16 ok); wall 127 s of 300 (plan 81, price 1, settle 46; budget hit None, 0 unsettled)
[09:52:38]     settle 11: 236 @   3536 d -> ok lintwin tank 798.4 (+2.0) miss 10 km (4.6 s)
[09:52:39]     settle 19: 287 @   3425 d -> ok lintwin tank 801.3 (+8.8) miss 79 km (4.2 s)
[09:52:40]   job s04_c3 craft columns  16  levels 10  settles 21/21  end plan_done  wall 126.9 s
[09:52:40]     settle 15: 188 @   2969 d -> ok lintwin tank 918.9 (+45.6) miss 50 km (4.8 s)
[09:52:40]     settle 16:  93 @   3475 d -> ok lintwin tank 833.3 (+14.5) miss 1 km (4.6 s)
[09:52:42]     settle 14: 284 @   3501 d -> ok lintwin tank 825.5 (+26.8) miss 93 km (6.3 s)
[09:52:45]     settle 11: 236 @   3536 d -> ok lintwin tank 789.2 (+6.2) miss 78 km (5.6 s)
[09:52:45]     settle 18:  84 @   3310 d -> ok lintwin tank 771.9 (+18.6) miss 1 km (5.4 s)
[09:52:45]     settle 17: 147 @   3565 d -> ok lintwin tank 846.3 (+13.0) miss 92 km (5.2 s)
[09:52:46]     settle 15: 283 @   3005 d -> ok lintwin tank 916.8 (+25.7) miss 14 km (4.8 s)
[09:52:46]     settle 15: 140 @   3025 d -> ok lintwin tank 891.1 (+17.8) miss 10 km (5.5 s)
[09:52:47]     settle 19:  14 @   3419 d -> ok lintwin tank 789.8 (+17.9) miss 60 km (1.8 s)
[09:52:49]     settle 20: 219 @   3486 d -> ok lintwin tank 803.6 (+13.8) miss 81 km (1.5 s)
[09:52:49]     settle 16:  80 @   3155 d -> ok lam tank 912.6 (+-4.2) miss 13 km (3.2 s)
[09:52:50]     settle 11:  99 @   3199 d -> ok lintwin tank 831.6 (+18.6) miss 69 km (4.8 s)
[09:52:51]     settle 17: 213 @   3413 d -> ok lintwin tank 834.2 (+7.4) miss 2 km (5.0 s)
[09:52:51]     settle 15:  70 @   3586 d -> FAIL [('lam', 2910966.7)] (8.4 s)
[09:52:52]     settle 15:  54 @   3135 d -> ok lintwin tank 882.0 (+8.7) miss 50 km (5.4 s)
[09:52:54]     settle 18:  19 @   3350 d -> ok lintwin tank 766.9 (+13.7) miss 66 km (4.6 s)
[09:52:55]     settle 11: 145 @   3261 d -> ok lintwin tank 794.1 (+12.5) miss 79 km (4.0 s)
[09:52:57]     settle 12:  52 @   3516 d -> ok lintwin tank 794.9 (+0.8) miss 42 km (2.0 s)
[09:52:57]     settle 19: 249 @   3461 d -> ok lintwin tank 773.4 (+6.5) miss 77 km (3.2 s)
[09:52:57]     settle 15:  80 @   3158 d -> ok lintwin tank 922.4 (+31.3) miss 20 km (5.4 s)
[09:52:58]     settle 16: 147 @   3565 d -> ok lintwin tank 886.6 (+4.6) miss 62 km (6.4 s)
[09:53:00]     settle 20:  34 @   3595 d -> ok lintwin tank 805.3 (+31.8) miss 71 km (2.8 s)
[09:53:01]     settle 11: 209 @   3228 d -> ok lintwin tank 781.9 (+0.3) miss 74 km (3.9 s)
[09:53:01]     settle 17:  93 @   3469 d -> ok lintwin tank 841.8 (+15.0) miss 2 km (6.6 s)
[09:53:01]     settle 13: 287 @   3430 d -> ok lintwin tank 801.8 (+15.9) miss 34 km (2.8 s)
[09:53:02]     settle 16: 261 @   3297 d -> ok lam tank 909.4 (+-13.0) miss 80 km (4.4 s)
[09:53:02]     settle 18: 147 @   3563 d -> ok lintwin tank 859.2 (+17.4) miss 61 km (1.0 s)
[09:53:05]     settle 20: 123 @   3514 d -> ok lintwin tank 820.3 (+19.0) miss 74 km (4.2 s)
[09:53:05]     settle 15: 142 @   3025 d -> ok lintwin tank 915.8 (+42.5) miss 100 km (6.0 s)
[09:53:05]     settle 14: 123 @   3535 d -> ok lintwin tank 821.7 (+19.9) miss 82 km (3.7 s)
[09:53:05] RESULT s04_c4: 16 columns; frontier 1fb 4 kg p1/4 | 2fb 6 kg p1/3 | 3fb 34 kg p0/3 | 4fb 63 kg p2/3; settles 22 (22 ok), regrids 16 (16 ok); wall 154 s of 300 (plan 89, price 1, settle 65; budget hit None, 0 unsettled)
[09:53:06]   job s04_c4 craft columns  16  levels 12  settles 22/22  end plan_done  wall 153.9 s
[09:53:06]     settle 15:  96 @   3136 d -> ok lam tank 942.2 (+51.1) miss 8 km (3.2 s)
[09:53:07]     settle 16:  38 @   3566 d -> ok lam tank 960.5 (+18.3) miss 8 km (0.7 s)
[09:53:07]     settle 16:  54 @   3131 d -> ok lintwin tank 826.8 (+4.5) miss 0 km (4.0 s)
[09:53:07]     settle 12:  52 @   3516 d -> ok lintwin tank 817.3 (+35.4) miss 17 km (6.3 s)
[09:53:09]     settle 15: 244 @   3591 d -> ok lintwin tank 841.9 (+20.2) miss 25 km (3.7 s)
[09:53:09] RESULT s04_c6: 16 columns; frontier 1fb 4 kg p0/3 | 2fb 11 kg p0/3 | 3fb 31 kg p0/2 | 4fb 109 kg p1/1; settles 26 (24 ok), regrids 16 (16 ok); wall 158 s of 300 (plan 72, price 1, settle 86; budget hit None, 0 unsettled)
[09:53:10]   job s04_c6 craft columns  16  levels 10  settles 24/26  end plan_done  wall 157.8 s
[09:53:10]     settle 16: 201 @   3202 d -> ok lintwin tank 898.7 (+-17.1) miss 34 km (5.2 s)
[09:53:12]     settle 17: 115 @   3402 d -> ok lintwin tank 828.7 (+1.9) miss 2 km (4.8 s)
[09:53:12]     settle 12: 274 @   3368 d -> ok lintwin tank 845.0 (+13.3) miss 77 km (4.4 s)
[09:53:13]     settle 18: 168 @   3526 d -> ok lintwin tank 843.6 (+14.8) miss 68 km (1.3 s)
[09:53:15]     settle 16:  75 @   3079 d -> ok lintwin tank 1276.5 (+357.6) miss 54 km (3.8 s)
[09:53:17]     settle 11: 209 @   3220 d -> ok lintwin tank 781.0 (+-0.5) miss 2 km (3.9 s)
[09:53:17]     settle 16: 151 @   3400 d -> ok lam tank 951.6 (+9.3) miss 33 km (6.5 s)
[09:53:18]     settle 17: 115 @   3400 d -> ok lintwin tank 828.7 (+1.9) miss 2 km (4.8 s)
[09:53:19]     settle 12: 207 @   3444 d -> ok lintwin tank 795.0 (+13.9) miss 68 km (2.6 s)
[09:53:23]     settle 13: 236 @   3536 d -> ok lintwin tank 800.0 (+5.1) miss 75 km (3.2 s)
[09:53:23]     settle 18: 284 @   3492 d -> ok lintwin tank 854.6 (+25.9) miss 74 km (4.9 s)
[09:53:24] RESULT s04_c7: 16 columns; frontier 1fb 2 kg p0/3 | 2fb 1 kg p0/3 | 3fb 18 kg p0/3 | 4fb 52 kg p0/2; settles 23 (23 ok), regrids 16 (16 ok); wall 172 s of 300 (plan 70, price 1, settle 102; budget hit None, 0 unsettled)
[09:53:25]     settle 15:  75 @   3080 d -> ok lam tank 892.2 (+18.9) miss 20 km (7.3 s)
[09:53:26]   job s04_c7 craft columns  16  levels 10  settles 23/23  end plan_done  wall 172.4 s
[09:53:26]     settle 16:  97 @   3311 d -> ok lintwin tank 923.5 (+12.2) miss 11 km (5.6 s)
[09:53:27]     settle 11: 209 @   3238 d -> ok lintwin tank 781.8 (+0.2) miss 68 km (3.7 s)
[09:53:29]     settle 16:  91 @   3465 d -> ok lam tank 938.6 (+46.4) miss 7 km (3.8 s)
[09:53:30]     settle 12:  78 @   3463 d -> ok lintwin tank 807.1 (+25.3) miss 77 km (3.4 s)
[09:53:31]     settle 17:  38 @   3591 d -> ok lam tank 920.0 (+-3.6) miss 60 km (4.6 s)
[09:53:33]     settle 13:  38 @   3514 d -> ok lintwin tank 816.0 (+8.9) miss 68 km (2.5 s)
[09:53:33]     settle 16:  96 @   3260 d -> ok lam tank 941.2 (+22.2) miss 0 km (1.8 s)
[09:53:37]     settle 13:  70 @   3561 d -> ok lintwin tank 883.3 (+38.4) miss 80 km (4.1 s)
[09:53:38] RESULT s04_c2: 16 columns; frontier 1fb 4 kg p2/4 | 2fb 12 kg p0/3 | 3fb 18 kg p0/3 | 4fb 23 kg p0/3; settles 22 (22 ok), regrids 16 (16 ok); wall 187 s of 300 (plan 85, price 1, settle 101; budget hit None, 0 unsettled)
[09:53:38]     settle 17: 213 @   3408 d -> ok lam tank 937.8 (+-3.4) miss 9 km (5.1 s)
[09:53:40]   job s04_c2 craft columns  16  levels 11  settles 22/22  end plan_done  wall 186.5 s
[09:53:41]     settle 17:  18 @   3600 d -> ok lam tank 958.6 (+20.0) miss 50 km (11.3 s)
[09:53:41]   drift: leg 18@3600 d settled outside (T, T+H] -> column cut at 2
[09:53:43]     settle 16: 151 @   3395 d -> ok lam tank 946.9 (+4.6) miss 15 km (3.4 s)
[09:53:49]     settle 17:  38 @   3573 d -> ok lintwin tank 966.2 (+19.4) miss 11 km (5.3 s)
[09:53:49]     settle 15:  58 @   3108 d -> ok lintwin tank 887.9 (+14.6) miss 39 km (5.3 s)
[09:53:51]   1 candidates dropped (settle failure / regrid failure / duplicate after truncation)
[09:53:51] RESULT s04_c5: 15 columns; frontier 1fb -1 kg p0/2 | 2fb 16 kg p0/3 | 3fb 29 kg p1/2; settles 22 (21 ok), regrids 15 (15 ok); wall 200 s of 300 (plan 70, price 1, settle 130; budget hit None, 0 unsettled)
[09:53:52]   job s04_c5 craft columns  15  levels 10  settles 21/22  end plan_done  wall 200.0 s
[09:53:55]     settle 16: 300 @   3203 d -> ok lintwin tank 893.8 (+5.9) miss 12 km (5.5 s)
[09:53:56]     settle 17: 186 @   3545 d -> ok lam tank 899.6 (+5.8) miss 12 km (0.7 s)
[09:54:03]     settle 16:  19 @   3352 d -> ok lintwin tank 916.0 (+24.8) miss 41 km (5.4 s)
[09:54:08]     settle 17:  70 @   3562 d -> ok lintwin tank 963.0 (+47.0) miss 45 km (4.9 s)
[09:54:13]     settle 16:  19 @   3355 d -> ok lintwin tank 946.6 (+29.5) miss 42 km (5.0 s)
[09:54:15]     settle 17: 249 @   3430 d -> ok lam tank 972.4 (+25.8) miss 12 km (1.3 s)
[09:54:18]     settle 18:  70 @   3560 d -> ok lam tank 974.4 (+2.1) miss 60 km (3.5 s)
[09:54:30]     settle 17: 253 @   3260 d -> ok lin tank 958.9 (+-317.6) miss 29 km (10.9 s)
[09:54:33]     settle 18: 147 @   3567 d -> ok lin tank 954.3 (+-4.6) miss 40 km (2.9 s)
[09:54:40]     settle 17:  84 @   3234 d -> ok lintwin tank 936.7 (+-339.8) miss 26 km (6.4 s)
[09:54:46]     settle 18: 147 @   3568 d -> ok lintwin tank 962.5 (+25.8) miss 77 km (6.2 s)
[09:54:50] RESULT s04_c1: 16 columns; frontier 1fb 7 kg p0/2 | 2fb 13 kg p0/2 | 3fb 26 kg p0/3 | 4fb 76 kg p2/2; settles 27 (27 ok), regrids 16 (16 ok); wall 259 s of 300 (plan 90, price 2, settle 169; budget hit None, 0 unsettled)
[09:54:52]   job s04_c1 craft columns  16  levels 12  settles 27/27  end plan_done  wall 258.8 s
[09:54:52] [slice 4] propose: 127 columns (0 bad dropped) in 260.5 s
[09:54:52] [slice 4] auction: 127 columns, kept 127, dropped {}; lam 0.70 H_eff 720 d fuel budget 643 kg quota OFF
[09:54:52] [slice 4] auction: status optimal objective 58.663 vars 127 rows 68 chosen 8 fuel 512/643 kg (0.021 s)
[09:54:54] [slice 4 T=2880 d] launched 8/8  covered 133  remaining 165  fuel 1982 kg  sumJi 9.6876  chosen: c0:4(+48) c1:4(+81) c2:4(+106) c3:4(+72) c4:4(+63) c5:3(+74) c6:2(+27) c7:3(+40)  rejected: -  (wall 263 s)
[09:54:54] [slice 5 T=3600 d] propose: 8 jobs (8 craft, 0 root) on 9 workers, proposer planbeam, H_eff 720 d, lam 0.7
[09:54:54] job s05_c4 (craft, craft 4, planbeam): T 3600 d H 720 L 540; plan horizon 5477 d; remaining 165; prize >1 on 127; width 150 npt 6 mc 150 dv 1.2 drmax 0.15 plan_wall 240 s; quota None
[09:54:54] job s05_c3 (craft, craft 3, planbeam): T 3600 d H 720 L 540; plan horizon 5477 d; remaining 165; prize >1 on 127; width 150 npt 6 mc 150 dv 1.2 drmax 0.15 plan_wall 240 s; quota None
[09:54:54] job s05_c1 (craft, craft 1, planbeam): T 3600 d H 720 L 540; plan horizon 5477 d; remaining 165; prize >1 on 127; width 150 npt 6 mc 150 dv 1.2 drmax 0.15 plan_wall 240 s; quota None
[09:54:54] job s05_c5 (craft, craft 5, planbeam): T 3600 d H 720 L 540; plan horizon 5477 d; remaining 165; prize >1 on 127; width 150 npt 6 mc 150 dv 1.2 drmax 0.15 plan_wall 240 s; quota None
[09:54:54] job s05_c0 (craft, craft 0, planbeam): T 3600 d H 720 L 540; plan horizon 5477 d; remaining 165; prize >1 on 127; width 150 npt 6 mc 150 dv 1.2 drmax 0.15 plan_wall 240 s; quota None
[09:54:54] job s05_c2 (craft, craft 2, planbeam): T 3600 d H 720 L 540; plan horizon 5477 d; remaining 165; prize >1 on 127; width 150 npt 6 mc 150 dv 1.2 drmax 0.15 plan_wall 240 s; quota None
[09:54:54] job s05_c6 (craft, craft 6, planbeam): T 3600 d H 720 L 540; plan horizon 5477 d; remaining 165; prize >1 on 127; width 150 npt 6 mc 150 dv 1.2 drmax 0.15 plan_wall 240 s; quota None
[09:54:54] job s05_c7 (craft, craft 7, planbeam): T 3600 d H 720 L 540; plan horizon 5477 d; remaining 165; prize >1 on 127; width 150 npt 6 mc 150 dv 1.2 drmax 0.15 plan_wall 240 s; quota None
[09:54:54] prefix slices/s05/in/craft_6.npz: 13 flybys, t_end 3378.2 d, tank 759.4 kg (planner view), miss 12.4 km, nreg 159
[09:54:54] budget: job_wall 300 s, 300 s left before the plan -> plan cap 210 s (plan_wall 240, settle_reserve 90)
[09:54:54] prefix slices/s05/in/craft_3.npz: 16 flybys, t_end 3533.0 d, tank 797.3 kg (planner view), miss 46.5 km, nreg 175
[09:54:54] budget: job_wall 300 s, 300 s left before the plan -> plan cap 210 s (plan_wall 240, settle_reserve 90)
[09:54:54] prefix slices/s05/in/craft_2.npz: 13 flybys, t_end 3558.8 d, tank 883.1 kg (planner view), miss 23.8 km, nreg 177
[09:54:54] budget: job_wall 300 s, 300 s left before the plan -> plan cap 210 s (plan_wall 240, settle_reserve 90)
[09:54:54] prefix slices/s05/in/craft_4.npz: 20 flybys, t_end 3484.9 d, tank 803.2 kg (planner view), miss 5.0 km, nreg 172
[09:54:54] prefix slices/s05/in/craft_7.npz: 17 flybys, t_end 3413.0 d, tank 831.7 kg (planner view), miss 5.7 km, nreg 160
[09:54:54] budget: job_wall 300 s, 300 s left before the plan -> plan cap 210 s (plan_wall 240, settle_reserve 90)
[09:54:54] budget: job_wall 300 s, 300 s left before the plan -> plan cap 210 s (plan_wall 240, settle_reserve 90)
[09:54:54] prefix slices/s05/in/craft_1.npz: 18 flybys, t_end 3567.0 d, tank 954.3 kg (planner view), miss 52.9 km, nreg 178
[09:54:54] budget: job_wall 300 s, 300 s left before the plan -> plan cap 210 s (plan_wall 240, settle_reserve 90)
[09:54:54] prefix slices/s05/in/craft_5.npz: 17 flybys, t_end 3574.5 d, tank 965.3 kg (planner view), miss 48.1 km, nreg 173
[09:54:54] budget: job_wall 300 s, 300 s left before the plan -> plan cap 210 s (plan_wall 240, settle_reserve 90)
[09:54:54] prefix slices/s05/in/craft_0.npz: 19 flybys, t_end 3581.7 d, tank 787.4 kg (planner view), miss 5.6 km, nreg 182
[09:54:54] budget: job_wall 300 s, 300 s left before the plan -> plan cap 210 s (plan_wall 240, settle_reserve 90)
[09:55:15] first level (both): 0 production + 72 relaxed (dv 2.5, 0.3 AU; 0.1 s) + 0 lintwin children -> 51 unique (20.5 s)
[09:55:15] plan start: prefix 17 flybys, t_end 3574.5 d, planner mass 997.0 kg (dv 18.554 km/s); 51 first-level states
[09:55:15] first level (both): 0 production + 72 relaxed (dv 2.5, 0.3 AU; 0.1 s) + 0 lintwin children -> 42 unique (20.6 s)
[09:55:15] plan start: prefix 18 flybys, t_end 3567.0 d, planner mass 1008.5 kg (dv 18.103 km/s); 42 first-level states
[09:55:15] first level (both): 0 production + 104 relaxed (dv 2.5, 0.3 AU; 0.1 s) + 55 lintwin children -> 106 unique (20.8 s)
[09:55:15] plan start: prefix 13 flybys, t_end 3558.8 d, planner mass 1089.8 kg (dv 15.064 km/s); 106 first-level states
[09:55:15] first level (both): 0 production + 63 relaxed (dv 2.5, 0.3 AU; 0.1 s) + 54 lintwin children -> 92 unique (20.9 s)
[09:55:15] plan start: prefix 20 flybys, t_end 3484.9 d, planner mass 1198.2 kg (dv 11.345 km/s); 92 first-level states
[09:55:16] first level (both): 0 production + 69 relaxed (dv 2.5, 0.3 AU; 0.1 s) + 77 lintwin children -> 114 unique (21.7 s)
[09:55:16] plan start: prefix 13 flybys, t_end 3378.2 d, planner mass 1267.4 kg (dv 9.142 km/s); 114 first-level states
[09:55:16] first level (both): 0 production + 25 relaxed (dv 2.5, 0.3 AU; 0.1 s) + 56 lintwin children -> 69 unique (21.8 s)
[09:55:16] plan start: prefix 17 flybys, t_end 3413.0 d, planner mass 1157.2 kg (dv 12.710 km/s); 69 first-level states
[09:55:16] first level (both): 0 production + 82 relaxed (dv 2.5, 0.3 AU; 0.1 s) + 75 lintwin children -> 120 unique (21.9 s)
[09:55:16] plan start: prefix 16 flybys, t_end 3533.0 d, planner mass 1207.1 kg (dv 11.054 km/s); 120 first-level states
[09:55:18] first level (both): 0 production + 67 relaxed (dv 2.5, 0.3 AU; 0.1 s) + 67 lintwin children -> 94 unique (23.8 s)
[09:55:18] plan start: prefix 19 flybys, t_end 3581.7 d, planner mass 1222.3 kg (dv 10.563 km/s); 94 first-level states
[09:55:45] plan: 947 states, depth 8 new flybys, end plan_done (51 s); deepest 8 new to 5437 d at planner fuel 793 kg
[09:55:45]   depth  1:   51 states (51 in H), t_end 3839-4064 d, fuel 610-670 kg
[09:55:45]   depth  2:  129 states (42 in H), t_end 3991-4654 d, fuel 611-699 kg
[09:55:45]   depth  3:  150 states (0 in H), t_end 4323-5114 d, fuel 623-725 kg
[09:55:45]   depth  4:  150 states (0 in H), t_end 4439-5395 d, fuel 633-753 kg
[09:55:45]   depth  5:  150 states (0 in H), t_end 4709-5441 d, fuel 667-772 kg
[09:55:45]   depth  6:  150 states (0 in H), t_end 4970-5477 d, fuel 697-798 kg
[09:55:45]   depth  7:  150 states (0 in H), t_end 5194-5461 d, fuel 726-811 kg
[09:55:45]   depth  8:   17 states (0 in H), t_end 5342-5459 d, fuel 793-834 kg
[09:55:45] candidates: 41 distinct committed target sets (n_new 1-2, potential 0-3)
[09:55:45] frontier: 16 candidates chosen (n fb / committed planner kg / continuation (lookahead) [full]; pot_mode lookahead, pot_cap None): 1fb/610kg/p2(2)[2], 1fb/614kg/p2(2)[2], 1fb/621kg/p3(2)[3], 1fb/627kg/p2(1)[2], 1fb/637kg/p3(3)[3], 1fb/643kg/p2(2)[2], 1fb/648kg/p3(2)[3], 1fb/651kg/p3(3)[3], 1fb/653kg/p3(3)[3], 1fb/662kg/p4(3)[4], 1fb/667kg/p4(3)[4], 1fb/668kg/p4(3)[4], 1fb/670kg/p3(2)[3], 2fb/617kg/p1(1)[1], 2fb/632kg/p2(2)[2], 2fb/683kg/p3(3)[3]
[09:55:45] budget: 249 s of 300 left for the settles + regrids (settle_wall 480)
[09:55:46]     settle 18: 184 @   3950 d -> ok lam tank 971.9 (+6.6) miss 48 km (1.0 s)
[09:55:49]     settle 18:  83 @   4034 d -> ok lin tank 971.8 (+6.5) miss 76 km (2.0 s)
[09:55:52] plan: 1190 states, depth 10 new flybys, end plan_done (58 s); deepest 10 new to 5447 d at planner fuel 703 kg
[09:55:52]   depth  1:   92 states (92 in H), t_end 3614-4260 d, fuel 407-489 kg
[09:55:52]   depth  2:  150 states (134 in H), t_end 3833-4569 d, fuel 424-523 kg
[09:55:52]   depth  3:  150 states (62 in H), t_end 3974-5148 d, fuel 441-553 kg
[09:55:52]   depth  4:  150 states (8 in H), t_end 4274-5428 d, fuel 466-585 kg
[09:55:52]   depth  5:  150 states (0 in H), t_end 4504-5417 d, fuel 477-593 kg
[09:55:52]   depth  6:  150 states (0 in H), t_end 4739-5435 d, fuel 498-608 kg
[09:55:52]   depth  7:  150 states (0 in H), t_end 5028-5477 d, fuel 538-637 kg
[09:55:52]   depth  8:  150 states (0 in H), t_end 5180-5475 d, fuel 581-662 kg
[09:55:52]   depth  9:   47 states (0 in H), t_end 5322-5463 d, fuel 626-684 kg
[09:55:52]   depth 10:    1 states (0 in H), t_end 5447-5447 d, fuel 703-703 kg
[09:55:52] candidates: 150 distinct committed target sets (n_new 1-4, potential 0-3)
[09:55:52] frontier: 16 candidates chosen (n fb / committed planner kg / continuation (lookahead) [full]; pot_mode lookahead, pot_cap None): 1fb/407kg/p0(0)[0], 1fb/410kg/p1(0)[1], 1fb/417kg/p3(1)[3], 1fb/427kg/p4(2)[4], 1fb/429kg/p3(1)[3], 1fb/466kg/p5(2)[5], 1fb/473kg/p5(3)[5], 2fb/424kg/p0(0)[0], 2fb/429kg/p0(0)[0], 2fb/488kg/p4(2)[4], 3fb/455kg/p1(1)[1], 3fb/461kg/p0(0)[0], 3fb/504kg/p3(2)[3], 4fb/523kg/p2(2)[2], 4fb/541kg/p1(1)[1], 4fb/546kg/p1(1)[1]
[09:55:52] budget: 242 s of 300 left for the settles + regrids (settle_wall 480)
[09:55:52]     settle 18: 248 @   4034 d -> ok lin tank 967.8 (+2.5) miss 45 km (2.6 s)
[09:55:54] plan: 1161 states, depth 9 new flybys, end plan_done (60 s); deepest 9 new to 5418 d at planner fuel 600 kg
[09:55:54]   depth  1:   94 states (94 in H), t_end 3689-4217 d, fuel 389-468 kg
[09:55:54]   depth  2:  150 states (97 in H), t_end 3886-4685 d, fuel 396-499 kg
[09:55:54]   depth  3:  150 states (23 in H), t_end 4135-5038 d, fuel 420-517 kg
[09:55:54]   depth  4:  150 states (0 in H), t_end 4449-5418 d, fuel 453-548 kg
[09:55:54]   depth  5:  150 states (0 in H), t_end 4668-5468 d, fuel 479-580 kg
[09:55:54]   depth  6:  150 states (0 in H), t_end 4861-5466 d, fuel 492-594 kg
[09:55:54]   depth  7:  150 states (0 in H), t_end 5106-5470 d, fuel 521-620 kg
[09:55:54]   depth  8:  136 states (0 in H), t_end 5293-5476 d, fuel 545-646 kg
[09:55:54]   depth  9:   31 states (0 in H), t_end 5396-5446 d, fuel 600-668 kg
[09:55:54] candidates: 125 distinct committed target sets (n_new 1-3, potential 0-3)
[09:55:54] frontier: 16 candidates chosen (n fb / committed planner kg / continuation (lookahead) [full]; pot_mode lookahead, pot_cap None): 1fb/389kg/p1(1)[1], 1fb/389kg/p0(0)[0], 1fb/395kg/p3(1)[3], 1fb/408kg/p4(3)[4], 1fb/415kg/p3(1)[3], 1fb/428kg/p4(3)[4], 1fb/436kg/p3(2)[3], 1fb/443kg/p3(2)[3], 1fb/449kg/p4(2)[4], 1fb/450kg/p4(2)[4], 2fb/396kg/p0(0)[0], 2fb/407kg/p0(0)[0], 2fb/432kg/p3(3)[3], 3fb/439kg/p0(0)[0], 3fb/453kg/p0(0)[0], 3fb/494kg/p2(2)[2]
[09:55:54] budget: 240 s of 300 left for the settles + regrids (settle_wall 480)
[09:55:55] plan: 1176 states, depth 11 new flybys, end plan_done (60 s); deepest 11 new to 5456 d at planner fuel 724 kg
[09:55:55]   depth  1:   69 states (69 in H), t_end 3651-4251 d, fuel 457-527 kg
[09:55:55]   depth  2:  150 states (114 in H), t_end 3858-4643 d, fuel 476-559 kg
[09:55:55]   depth  3:  150 states (57 in H), t_end 4017-4916 d, fuel 499-589 kg
[09:55:55]   depth  4:  150 states (8 in H), t_end 4242-5276 d, fuel 520-619 kg
[09:55:55]   depth  5:  150 states (0 in H), t_end 4565-5390 d, fuel 541-642 kg
[09:55:55]   depth  6:  150 states (0 in H), t_end 4719-5464 d, fuel 607-670 kg
[09:55:55]   depth  7:  150 states (0 in H), t_end 4844-5474 d, fuel 617-697 kg
[09:55:55]   depth  8:  105 states (0 in H), t_end 4989-5473 d, fuel 636-719 kg
[09:55:55]   depth  9:   73 states (0 in H), t_end 5188-5467 d, fuel 660-739 kg
[09:55:55]   depth 10:   26 states (0 in H), t_end 5253-5469 d, fuel 685-736 kg
[09:55:55]   depth 11:    3 states (0 in H), t_end 5435-5456 d, fuel 724-752 kg
[09:55:55] candidates: 138 distinct committed target sets (n_new 1-4, potential 0-3)
[09:55:55] frontier: 16 candidates chosen (n fb / committed planner kg / continuation (lookahead) [full]; pot_mode lookahead, pot_cap None): 1fb/461kg/p3(2)[3], 1fb/471kg/p1(1)[1], 1fb/479kg/p4(2)[4], 1fb/480kg/p4(3)[4], 1fb/507kg/p4(2)[4], 1fb/518kg/p4(2)[4], 1fb/525kg/p6(3)[6], 2fb/478kg/p1(1)[1], 2fb/489kg/p2(2)[2], 2fb/557kg/p5(3)[5], 3fb/523kg/p0(0)[0], 3fb/529kg/p2(2)[2], 3fb/581kg/p4(3)[4], 4fb/575kg/p0(0)[0], 4fb/594kg/p0(0)[0], 4fb/612kg/p3(3)[3]
[09:55:55] budget: 240 s of 300 left for the settles + regrids (settle_wall 480)
[09:55:55]     settle 21: 103 @   4200 d -> ok lintwin tank 808.4 (+5.1) miss 30 km (2.3 s)
[09:55:56]     settle 21:   8 @   3892 d -> ok lintwin tank 812.2 (+9.0) miss 26 km (0.9 s)
[09:55:56] plan: 1261 states, depth 10 new flybys, end plan_done (62 s); deepest 10 new to 5429 d at planner fuel 715 kg
[09:55:56]   depth  1:  106 states (106 in H), t_end 3704-4207 d, fuel 515-590 kg
[09:55:56]   depth  2:  150 states (143 in H), t_end 3857-4549 d, fuel 534-617 kg
[09:55:56]   depth  3:  150 states (72 in H), t_end 3992-4944 d, fuel 559-645 kg
[09:55:56]   depth  4:  150 states (13 in H), t_end 4223-5404 d, fuel 572-671 kg
[09:55:56]   depth  5:  150 states (0 in H), t_end 4675-5456 d, fuel 598-682 kg
[09:55:56]   depth  6:  150 states (0 in H), t_end 4858-5473 d, fuel 612-709 kg
[09:55:56]   depth  7:  150 states (0 in H), t_end 4976-5476 d, fuel 643-728 kg
[09:55:56]   depth  8:  150 states (0 in H), t_end 5177-5476 d, fuel 658-739 kg
[09:55:56]   depth  9:   95 states (0 in H), t_end 5303-5477 d, fuel 681-760 kg
[09:55:56]   depth 10:   10 states (0 in H), t_end 5397-5435 d, fuel 715-737 kg
[09:55:56] candidates: 159 distinct committed target sets (n_new 1-4, potential 0-3)
[09:55:56] frontier: 16 candidates chosen (n fb / committed planner kg / continuation (lookahead) [full]; pot_mode lookahead, pot_cap None): 1fb/515kg/p0(0)[0], 1fb/522kg/p2(1)[2], 1fb/533kg/p4(2)[4], 1fb/544kg/p4(3)[4], 1fb/547kg/p4(3)[4], 1fb/567kg/p5(3)[5], 1fb/571kg/p5(3)[5], 2fb/534kg/p0(0)[0], 2fb/538kg/p1(1)[1], 2fb/585kg/p4(3)[4], 3fb/559kg/p0(0)[0], 3fb/577kg/p0(0)[0], 3fb/613kg/p3(3)[3], 4fb/614kg/p0(0)[0], 4fb/622kg/p0(0)[0], 4fb/626kg/p0(0)[0]
[09:55:56] budget: 238 s of 300 left for the settles + regrids (settle_wall 480)
[09:55:58]     settle 21: 256 @   3749 d -> ok lintwin tank 811.0 (+7.7) miss 39 km (1.2 s)
[09:55:58]     settle 20: 300 @   4158 d -> ok lintwin tank 809.8 (+22.4) miss 70 km (4.0 s)
[09:56:00] plan: 1236 states, depth 9 new flybys, end plan_done (65 s); deepest 9 new to 5476 d at planner fuel 570 kg
[09:56:00]   depth  1:  114 states (114 in H), t_end 3605-4254 d, fuel 338-425 kg
[09:56:00]   depth  2:  150 states (137 in H), t_end 3758-4754 d, fuel 355-459 kg
[09:56:00]   depth  3:  150 states (60 in H), t_end 4039-4724 d, fuel 377-487 kg
[09:56:00]   depth  4:  150 states (6 in H), t_end 4200-5238 d, fuel 403-519 kg
[09:56:00]   depth  5:  150 states (0 in H), t_end 4333-5461 d, fuel 438-550 kg
[09:56:00]   depth  6:  150 states (0 in H), t_end 4787-5476 d, fuel 459-581 kg
[09:56:00]   depth  7:  150 states (0 in H), t_end 4982-5477 d, fuel 463-610 kg
[09:56:00]   depth  8:  150 states (0 in H), t_end 5103-5477 d, fuel 500-627 kg
[09:56:00]   depth  9:   72 states (0 in H), t_end 5282-5476 d, fuel 570-640 kg
[09:56:00] candidates: 180 distinct committed target sets (n_new 1-4, potential 0-3)
[09:56:00] frontier: 16 candidates chosen (n fb / committed planner kg / continuation (lookahead) [full]; pot_mode lookahead, pot_cap None): 1fb/338kg/p0(0)[0], 1fb/338kg/p2(1)[2], 1fb/346kg/p4(1)[4], 1fb/379kg/p4(3)[4], 1fb/394kg/p4(1)[4], 1fb/410kg/p5(3)[5], 1fb/418kg/p5(3)[5], 2fb/355kg/p0(0)[0], 2fb/360kg/p1(1)[1], 2fb/442kg/p4(3)[4], 3fb/387kg/p0(0)[0], 3fb/389kg/p2(2)[2], 3fb/454kg/p3(3)[3], 4fb/410kg/p1(1)[1], 4fb/433kg/p0(0)[0], 4fb/444kg/p1(1)[1]
[09:56:00] budget: 234 s of 300 left for the settles + regrids (settle_wall 480)
[09:56:00]     settle 18: 289 @   3803 d -> ok lintwin tank 838.1 (+6.5) miss 1 km (5.8 s)
[09:56:01]     settle 18: 286 @   3966 d -> ok lam tank 987.2 (+22.0) miss 55 km (7.3 s)
[09:56:02]     settle 14: 286 @   3924 d -> ok lintwin tank 878.5 (+-4.6) miss 69 km (5.2 s)
[09:56:02]     settle 21: 295 @   3835 d -> ok lintwin tank 813.1 (+9.8) miss 83 km (3.0 s)
[09:56:03]     settle 14: 126 @   3616 d -> ok lintwin tank 760.7 (+1.3) miss 64 km (3.1 s)
[09:56:03] plan: 1310 states, depth 11 new flybys, end plan_done (69 s); deepest 11 new to 5402 d at planner fuel 801 kg
[09:56:03]   depth  1:   42 states (42 in H), t_end 3682-4167 d, fuel 613-666 kg
[09:56:03]   depth  2:  150 states (119 in H), t_end 3811-4667 d, fuel 622-693 kg
[09:56:03]   depth  3:  150 states (50 in H), t_end 4066-4952 d, fuel 639-719 kg
[09:56:03]   depth  4:  150 states (4 in H), t_end 4306-5156 d, fuel 657-746 kg
[09:56:03]   depth  5:  150 states (0 in H), t_end 4531-5256 d, fuel 670-768 kg
[09:56:03]   depth  6:  150 states (0 in H), t_end 4664-5462 d, fuel 687-761 kg
[09:56:03]   depth  7:  150 states (0 in H), t_end 4926-5469 d, fuel 703-776 kg
[09:56:03]   depth  8:  150 states (0 in H), t_end 5021-5468 d, fuel 715-798 kg
[09:56:03]   depth  9:  150 states (0 in H), t_end 5126-5470 d, fuel 734-812 kg
[09:56:03]   depth 10:   58 states (0 in H), t_end 5206-5461 d, fuel 772-824 kg
[09:56:03]   depth 11:   10 states (0 in H), t_end 5311-5434 d, fuel 801-834 kg
[09:56:03] candidates: 104 distinct committed target sets (n_new 1-4, potential 0-3)
[09:56:03] frontier: 16 candidates chosen (n fb / committed planner kg / continuation (lookahead) [full]; pot_mode lookahead, pot_cap None): 1fb/613kg/p1(0)[1], 1fb/628kg/p2(1)[2], 1fb/629kg/p4(2)[4], 1fb/631kg/p5(3)[5], 1fb/641kg/p4(3)[4], 1fb/646kg/p5(2)[5], 1fb/658kg/p3(2)[3], 2fb/622kg/p0(0)[0], 2fb/629kg/p0(0)[0], 2fb/636kg/p4(3)[4], 2fb/657kg/p4(3)[4], 3fb/646kg/p3(3)[3], 3fb/661kg/p1(1)[1], 3fb/663kg/p0(0)[0], 4fb/703kg/p2(2)[2], 4fb/722kg/p0(0)[0]
[09:56:03] budget: 231 s of 300 left for the settles + regrids (settle_wall 480)
[09:56:04]     settle 20: 163 @   4145 d -> ok lintwin tank 793.2 (+5.8) miss 83 km (4.5 s)
[09:56:06] plan: 1394 states, depth 11 new flybys, end plan_done (71 s); deepest 11 new to 5444 d at planner fuel 657 kg
[09:56:06]   depth  1:  120 states (120 in H), t_end 3626-4319 d, fuel 393-481 kg
[09:56:06]   depth  2:  150 states (114 in H), t_end 3773-4653 d, fuel 402-514 kg
[09:56:06]   depth  3:  150 states (72 in H), t_end 3946-4993 d, fuel 429-537 kg
[09:56:06]   depth  4:  150 states (9 in H), t_end 4108-5392 d, fuel 449-554 kg
[09:56:06]   depth  5:  150 states (0 in H), t_end 4433-5476 d, fuel 490-583 kg
[09:56:06]   depth  6:  150 states (0 in H), t_end 4556-5470 d, fuel 510-611 kg
[09:56:06]   depth  7:  150 states (0 in H), t_end 4770-5473 d, fuel 544-630 kg
[09:56:06]   depth  8:  150 states (0 in H), t_end 4975-5476 d, fuel 557-658 kg
[09:56:06]   depth  9:  150 states (0 in H), t_end 5178-5475 d, fuel 578-688 kg
[09:56:06]   depth 10:   67 states (0 in H), t_end 5265-5472 d, fuel 612-707 kg
[09:56:06]   depth 11:    7 states (0 in H), t_end 5414-5450 d, fuel 657-734 kg
[09:56:06] candidates: 154 distinct committed target sets (n_new 1-4, potential 0-4)
[09:56:06] frontier: 16 candidates chosen (n fb / committed planner kg / continuation (lookahead) [full]; pot_mode lookahead, pot_cap None): 1fb/393kg/p0(0)[0], 1fb/394kg/p0(0)[0], 1fb/398kg/p3(3)[3], 1fb/421kg/p4(2)[4], 1fb/444kg/p6(4)[6], 1fb/456kg/p6(3)[6], 2fb/402kg/p0(0)[0], 2fb/405kg/p0(0)[0], 2fb/482kg/p5(4)[5], 3fb/454kg/p0(0)[0], 3fb/455kg/p1(1)[1], 3fb/490kg/p4(3)[4], 3fb/515kg/p4(4)[4], 4fb/470kg/p2(2)[2], 4fb/492kg/p0(0)[0], 4fb/503kg/p3(3)[3]
[09:56:06] budget: 228 s of 300 left for the settles + regrids (settle_wall 480)
[09:56:06]     settle 18: 256 @   3864 d -> ok lam tank 996.7 (+31.4) miss 18 km (4.0 s)
[09:56:07]     settle 21: 240 @   3834 d -> ok lintwin tank 857.1 (+53.9) miss 69 km (4.1 s)
[09:56:07]     settle 20: 212 @   3878 d -> ok lintwin tank 798.5 (+11.1) miss 83 km (2.8 s)
[09:56:08]     settle 14:  76 @   3985 d -> ok lintwin tank 760.2 (+0.8) miss 70 km (3.2 s)
[09:56:09]     settle 17:  45 @   4051 d -> ok lintwin tank 800.1 (+2.8) miss 92 km (2.9 s)
[09:56:09]     settle 14:   7 @   3884 d -> ok lintwin tank 881.7 (+-1.4) miss 74 km (6.2 s)
[09:56:10]     settle 21:  66 @   3800 d -> ok lintwin tank 841.4 (+38.2) miss 70 km (3.3 s)
[09:56:11]     settle 19: 172 @   3933 d -> ok lintwin tank 969.8 (+15.6) miss 23 km (7.3 s)
[09:56:11]     settle 14: 235 @   3623 d -> ok lintwin tank 765.5 (+6.2) miss 66 km (2.6 s)
[09:56:13]     settle 18: 182 @   4111 d -> ok lintwin tank 842.7 (+11.1) miss 1 km (5.4 s)
[09:56:14]     settle 18:   9 @   3847 d -> ok lam tank 997.7 (+32.5) miss 35 km (6.8 s)
[09:56:14]     settle 17:  83 @   4238 d -> ok lintwin tank 799.9 (+2.6) miss 72 km (4.5 s)
[09:56:15]     settle 14: 295 @   3868 d -> ok lintwin tank 767.6 (+8.2) miss 73 km (3.3 s)
[09:56:15]     settle 21: 222 @   3800 d -> ok lintwin tank 851.2 (+47.9) miss 58 km (4.0 s)
[09:56:15]     settle 14: 212 @   3817 d -> ok lintwin tank 892.0 (+8.9) miss 10 km (5.9 s)
[09:56:16]     settle 18: 105 @   3904 d -> ok lin tank 1014.8 (+49.5) miss 49 km (1.5 s)
[09:56:16]     settle 20:  47 @   4168 d -> ok lintwin tank 823.8 (+36.5) miss 18 km (7.9 s)
[09:56:17]     settle 22: 103 @   4192 d -> ok lintwin tank 815.3 (+3.1) miss 10 km (1.1 s)
[09:56:18]     settle 19: 295 @   3862 d -> ok lintwin tank 969.7 (+15.5) miss 51 km (6.3 s)
[09:56:18]     settle 14:   2 @   3673 d -> ok lintwin tank 772.9 (+13.5) miss 69 km (2.8 s)
[09:56:18]     settle 17:  12 @   4080 d -> ok lintwin tank 810.0 (+12.7) miss 73 km (3.8 s)
[09:56:20]     settle 18: 160 @   4064 d -> ok lam tank 996.0 (+30.7) miss 17 km (3.5 s)
[09:56:21]     settle 22: 143 @   4217 d -> ok lintwin tank 824.4 (+12.2) miss 78 km (3.6 s)
[09:56:21]     settle 14: 228 @   3949 d -> ok lintwin tank 914.2 (+31.1) miss 75 km (5.2 s)
[09:56:22]     settle 14: 254 @   3717 d -> ok lam tank 788.0 (+28.6) miss 5 km (3.4 s)
[09:56:22]     settle 20: 288 @   3711 d -> ok lintwin tank 896.0 (+108.6) miss 23 km (5.6 s)
[09:56:23]     settle 17: 251 @   3819 d -> ok lintwin tank 841.0 (+43.7) miss 85 km (4.1 s)
[09:56:25]     settle 22:   7 @   3889 d -> ok lintwin tank 863.9 (+22.5) miss 69 km (3.2 s)
[09:56:26]     settle 18:  98 @   4044 d -> ok lam tank 985.4 (+20.1) miss 35 km (3.6 s)
[09:56:26]     settle 22:  69 @   3929 d -> ok lintwin tank 817.7 (+6.8) miss 16 km (0.6 s)
[09:56:26]     settle 18: 203 @   3737 d -> ok lintwin tank 855.8 (+24.2) miss 1 km (6.1 s)
[09:56:26]     settle 19:  37 @   3852 d -> ok lintwin tank 971.4 (+17.1) miss 60 km (7.1 s)
[09:56:26]     settle 20: 200 @   4156 d -> ok lintwin tank 817.1 (+29.7) miss 72 km (3.3 s)
[09:56:26]     settle 14:  17 @   3739 d -> ok lintwin tank 903.1 (+20.0) miss 70 km (4.6 s)
[09:56:28]     settle 14:  79 @   3712 d -> ok lintwin tank 794.7 (+35.3) miss 5 km (5.3 s)
[09:56:29]     settle 23: 143 @   4216 d -> ok lintwin tank 828.7 (+11.0) miss 72 km (2.9 s)
[09:56:29]     settle 17: 218 @   3684 d -> ok lintwin tank 883.0 (+85.7) miss 60 km (4.5 s)
[09:56:29]     settle 18: 205 @   3908 d -> ok lam tank 1009.4 (+44.1) miss 23 km (3.1 s)
[09:56:30]     settle 22:  69 @   3936 d -> ok lintwin tank 817.6 (+6.7) miss 5 km (0.5 s)
[09:56:31]     settle 23: 225 @   4214 d -> ok lintwin tank 833.2 (+15.6) miss 77 km (1.0 s)
[09:56:32]     settle 14:   2 @   3791 d -> ok lintwin tank 904.5 (+21.4) miss 90 km (5.2 s)
[09:56:32]     settle 17: 122 @   3693 d -> ok lintwin tank 824.9 (+27.6) miss 78 km (2.8 s)
[09:56:32]     settle 14: 190 @   4016 d -> ok lintwin tank 765.3 (+5.9) miss 72 km (3.8 s)
[09:56:33]     settle 18: 130 @   3851 d -> ok lintwin tank 901.3 (+69.6) miss 52 km (6.1 s)
[09:56:36]     settle 18: 294 @   3912 d -> ok lam tank 1022.2 (+56.9) miss 4 km (5.5 s)
[09:56:36]     settle 17: 181 @   3979 d -> ok lintwin tank 796.2 (+-1.1) miss 95 km (2.4 s)
[09:56:36]     settle 23:  80 @   3977 d -> ok lintwin tank 872.9 (+8.9) miss 69 km (4.3 s)
[09:56:36]     settle 20: 262 @   4103 d -> ok lintwin tank 1124.5 (+337.1) miss 9 km (8.9 s)
[09:56:36]     settle 19:   8 @   3879 d -> ok lintwin tank 993.3 (+39.0) miss 61 km (7.9 s)
[09:56:36]     settle 15: 223 @   4274 d -> ok lintwin tank 768.4 (+3.1) miss 49 km (4.3 s)
[09:56:39]     settle 14: 283 @   3844 d -> ok lintwin tank 895.9 (+12.8) miss 70 km (6.3 s)
[09:56:39]     settle 24: 168 @   4280 d -> ok lintwin tank 872.0 (+-0.9) miss 71 km (3.2 s)
[09:56:40]     settle 18: 172 @   3661 d -> ok lintwin tank 887.4 (+55.7) miss 2 km (5.5 s)
[09:56:40]     settle 18: 228 @   3979 d -> ok lam tank 986.2 (+20.9) miss 92 km (3.4 s)
[09:56:40]     settle 14: 112 @   3744 d -> ok lintwin tank 764.5 (+5.1) miss 67 km (3.2 s)
[09:56:42]     settle 18:  78 @   4187 d -> ok lintwin tank 800.3 (+4.1) miss 31 km (5.8 s)
[09:56:42]     settle 15: 223 @   4274 d -> ok lintwin tank 770.5 (+5.9) miss 13 km (1.3 s)
[09:56:42]     settle 19:  76 @   3817 d -> ok lam tank 991.8 (+37.5) miss 52 km (5.3 s)
[09:56:44]     settle 22: 135 @   3899 d -> ok lintwin tank 858.5 (+17.0) miss 67 km (3.5 s)
[09:56:44]     settle 18:   2 @   3855 d -> ok lam tank 1030.9 (+65.6) miss 51 km (3.9 s)
[09:56:45]     settle 17: 245 @   3843 d -> ok lintwin tank 802.8 (+5.5) miss 60 km (2.7 s)
[09:56:46]     settle 23: 155 @   4039 d -> ok lintwin tank 900.7 (+42.2) miss 68 km (2.2 s)
[09:56:46]     settle 15: 168 @   4264 d -> ok lintwin tank 887.4 (+5.7) miss 81 km (6.3 s)
[09:56:47]     settle 15:  12 @   4048 d -> ok lintwin tank 812.7 (+24.6) miss 71 km (4.1 s)
[09:56:47]     settle 18:  45 @   3850 d -> ok lam tank 882.0 (+50.3) miss 1 km (3.9 s)
[09:56:48]     settle 19:   3 @   4320 d -> ok lin tank 972.2 (+0.3) miss 48 km (2.1 s)
[09:56:48]   drift: leg 3@4320 d settled outside (T, T+H] -> column cut at 1
[09:56:48]     settle 20:   7 @   3885 d -> ok lam tank 822.4 (+35.0) miss 12 km (5.1 s)
[09:56:48]     settle 15: 295 @   3863 d -> ok lintwin tank 772.3 (+6.7) miss 10 km (0.6 s)
[09:56:50]     settle 19:   3 @   4319 d -> ok lam tank 988.6 (+20.8) miss 70 km (2.0 s)
[09:56:50]   drift: leg 3@4319 d settled outside (T, T+H] -> column cut at 1
[09:56:51]     settle 16: 243 @   4054 d -> ok lintwin tank 785.2 (+13.0) miss 83 km (2.5 s)
[09:56:51]     settle 24: 168 @   4275 d -> ok lintwin tank 914.7 (+14.1) miss 70 km (5.0 s)
[09:56:51]     settle 19:  66 @   3682 d -> ok lintwin tank 1061.1 (+106.9) miss 23 km (6.0 s)
[09:56:51]     settle 18: 300 @   4164 d -> ok lintwin tank 805.6 (+2.8) miss 92 km (6.1 s)
[09:56:52]     settle 14:  69 @   3939 d -> ok lintwin tank 886.2 (+3.1) miss 85 km (5.2 s)
[09:56:52]     settle 15: 295 @   3865 d -> ok lintwin tank 772.2 (+6.7) miss 5 km (0.5 s)
[09:56:53]     settle 23:  80 @   3974 d -> ok lintwin tank 869.8 (+5.9) miss 67 km (1.4 s)
[09:56:53]     settle 18: 133 @   3671 d -> ok lintwin tank 890.9 (+59.2) miss 76 km (5.0 s)
[09:56:55]     settle 19: 182 @   4113 d -> ok lintwin tank 844.2 (+6.1) miss 35 km (0.9 s)
[09:56:55]     settle 19: 145 @   4076 d -> ok lin tank 1041.8 (+32.4) miss 17 km (5.1 s)
[09:56:55]     settle 16: 223 @   4275 d -> ok lintwin tank 779.3 (+7.1) miss 66 km (3.4 s)
[09:56:55]     settle 20: 135 @   3895 d -> ok lintwin tank 824.6 (+37.3) miss 95 km (6.8 s)
[09:56:56]   2 candidates dropped (settle failure / regrid failure / duplicate after truncation)
[09:56:56] RESULT s05_c5: 14 columns; frontier 1fb 2 kg p2/3 | 2fb 76 kg p3/3; settles 16 (16 ok), regrids 14 (14 ok); wall 122 s of 300 (plan 51, price 1, settle 70; budget hit None, 0 unsettled)
[09:56:56]   job s05_c5 craft columns  14  levels 8  settles 16/16  end plan_done  wall 121.7 s
[09:56:56]     settle 19:  79 @   3922 d -> ok lam tank 1010.4 (+56.2) miss 17 km (4.2 s)
[09:56:59]     settle 15: 225 @   4268 d -> ok lintwin tank 895.2 (+9.0) miss 4 km (7.0 s)
[09:57:00]     settle 15:  12 @   4052 d -> ok lintwin tank 796.8 (+2.1) miss 79 km (3.7 s)
[09:57:00]     settle 20: 191 @   3890 d -> ok lam tank 833.0 (+45.6) miss 8 km (4.1 s)
[09:57:00]     settle 16:  78 @   4184 d -> ok lintwin tank 799.2 (+2.4) miss 2 km (0.6 s)
[09:57:00]     settle 19: 130 @   4026 d -> ok lintwin tank 854.2 (+-1.7) miss 87 km (5.3 s)
[09:57:01]     settle 24: 105 @   4313 d -> ok lam tank 903.2 (+33.3) miss 2 km (8.4 s)
[09:57:03]     settle 20: 117 @   3895 d -> ok lintwin tank 795.6 (+8.3) miss 53 km (1.6 s)
[09:57:03] RESULT s05_c4: 16 columns; frontier 1fb 5 kg p0/3 | 2fb 12 kg p0/2 | 3fb 26 kg p1/2 | 4fb 68 kg p2/2; settles 21 (21 ok), regrids 16 (16 ok); wall 129 s of 300 (plan 58, price 2, settle 70; budget hit None, 0 unsettled)
[09:57:03]     settle 21: 201 @   4188 d -> ok lintwin tank 797.5 (+1.8) miss 61 km (0.5 s)
[09:57:04]   job s05_c4 craft columns  16  levels 10  settles 21/21  end plan_done  wall 128.6 s
[09:57:04]     settle 15:   8 @   3880 d -> ok lintwin tank 776.5 (+11.0) miss 83 km (3.5 s)
[09:57:05]     settle 19:  37 @   3857 d -> ok lintwin tank 973.6 (+19.4) miss 44 km (7.3 s)
[09:57:05]     settle 19: 212 @   3858 d -> ok lintwin tank 898.4 (+7.5) miss 72 km (3.6 s)
[09:57:06]     settle 15: 248 @   4030 d -> ok lintwin tank 910.1 (+14.2) miss 77 km (6.3 s)
[09:57:07]     settle 20: 179 @   3850 d -> ok lintwin tank 794.6 (+7.2) miss 77 km (2.8 s)
[09:57:08]     settle 21: 185 @   4270 d -> ok lintwin tank 797.3 (+2.7) miss 57 km (1.1 s)
[09:57:09]     settle 16: 145 @   4126 d -> ok lintwin tank 798.4 (+21.9) miss 51 km (4.2 s)
[09:57:09]     settle 17: 263 @   4208 d -> ok lintwin tank 801.7 (+3.3) miss 67 km (0.5 s)
[09:57:10]     settle 21: 115 @   4293 d -> ok lintwin tank 823.8 (+-0.0) miss 72 km (1.9 s)
[09:57:12]     settle 15: 104 @   4152 d -> ok lintwin tank 908.1 (+16.0) miss 69 km (5.5 s)
[09:57:12]     settle 18: 191 @   3889 d -> ok lintwin tank 851.4 (+19.7) miss 2 km (6.7 s)
[09:57:13]     settle 20:  57 @   3936 d -> ok lintwin tank 1052.5 (+78.9) miss 81 km (7.9 s)
[09:57:13]     settle 16: 248 @   4053 d -> ok lintwin tank 784.4 (+7.9) miss 71 km (3.0 s)
[09:57:14]     settle 20: 179 @   3851 d -> ok lintwin tank 794.6 (+7.2) miss 73 km (2.5 s)
[09:57:15]     settle 21: 201 @   4181 d -> ok lintwin tank 798.5 (+3.9) miss 79 km (1.0 s)
[09:57:15]     settle 16: 168 @   4266 d -> ok lam tank 910.0 (+2.0) miss 72 km (3.6 s)
[09:57:16]     settle 19:  69 @   3999 d -> ok lam tank 880.2 (+28.8) miss 4 km (3.5 s)
[09:57:16]     settle 22: 185 @   4273 d -> ok lintwin tank 807.3 (+8.9) miss 57 km (1.6 s)
[09:57:18]     settle 17: 115 @   4308 d -> ok lintwin tank 809.9 (+25.5) miss 73 km (4.7 s)
[09:57:18]     settle 18: 251 @   3819 d -> FAIL [('lam', 672146.3)] (25.5 s)
[09:57:18]     settle 21: 197 @   4168 d -> ok lintwin tank 800.3 (+1.8) miss 14 km (0.8 s)
[09:57:19]     settle 20: 103 @   4293 d -> ok lin tank 968.1 (+-1.7) miss 53 km (5.1 s)
[09:57:21]     settle 14: 135 @   3899 d -> ok lintwin tank 879.3 (+-3.9) miss 76 km (4.9 s)
[09:57:21]     settle 22: 280 @   4299 d -> ok lintwin tank 814.5 (+14.2) miss 67 km (3.2 s)
[09:57:23]     settle 21: 160 @   4140 d -> ok lintwin tank 831.7 (+-1.3) miss 36 km (0.5 s)
[09:57:23]     settle 17: 263 @   4203 d -> ok lintwin tank 801.8 (+17.4) miss 68 km (4.9 s)
[09:57:24]     settle 20: 182 @   4214 d -> ok lintwin tank 905.2 (+25.0) miss 3 km (7.8 s)
[09:57:24] RESULT s05_c6: 16 columns; frontier 1fb 1 kg p1/3 | 2fb 9 kg p0/3 | 3fb 20 kg p2/3 | 4fb 42 kg p1/1; settles 24 (24 ok), regrids 16 (16 ok); wall 150 s of 300 (plan 65, price 2, settle 84; budget hit None, 0 unsettled)
[09:57:24]   job s05_c6 craft columns  16  levels 9  settles 24/24  end plan_done  wall 149.6 s
[09:57:26]     settle 15: 248 @   4012 d -> ok lintwin tank 905.9 (+26.7) miss 70 km (4.7 s)
[09:57:26]     settle 20: 243 @   4058 d -> ok lin tank 994.5 (+1.2) miss 40 km (5.6 s)
[09:57:27]     settle 22: 223 @   4258 d -> ok lintwin tank 843.0 (+11.2) miss 25 km (4.1 s)
[09:57:27]     settle 17: 207 @   3626 d -> FAIL [('lam', 17821865.2)] (9.0 s)
[09:57:27] RESULT s05_c0: 16 columns; frontier 1fb 6 kg p0/3 | 2fb 10 kg p0/3 | 3fb 20 kg p0/2; settles 22 (22 ok), regrids 16 (16 ok); wall 153 s of 300 (plan 60, price 2, settle 93; budget hit None, 0 unsettled)
[09:57:28]   job s05_c0 craft columns  16  levels 9  settles 22/22  end plan_done  wall 153.2 s
[09:57:29]     settle 20:  71 @   3953 d -> ok lam tank 1013.9 (+20.7) miss 38 km (2.3 s)
[09:57:31]     settle 18: 196 @   3949 d -> ok lintwin tank 861.0 (+20.0) miss 76 km (4.3 s)
[09:57:32]     settle 16: 225 @   4262 d -> ok lintwin tank 918.2 (+12.3) miss 3 km (6.0 s)
[09:57:33]     settle 21: 223 @   4274 d -> ok lam tank 1001.0 (+6.5) miss 47 km (3.1 s)
[09:57:36]     settle 19:  86 @   3907 d -> ok lintwin tank 855.5 (+-0.4) miss 58 km (4.0 s)
[09:57:37]     settle 16: 223 @   4270 d -> ok lintwin tank 941.8 (+31.7) miss 43 km (5.2 s)
[09:57:38]     settle 19:   3 @   4269 d -> ok lintwin tank 875.6 (+14.6) miss 59 km (6.9 s)
[09:57:39]     settle 20: 170 @   4036 d -> ok lintwin tank 871.5 (+16.0) miss 6 km (3.4 s)
[09:57:40]     settle 21: 225 @   4248 d -> ok lin tank 1014.0 (+19.5) miss 51 km (5.3 s)
[09:57:42]     settle 18: 181 @   3998 d -> ok lintwin tank 829.3 (+4.4) miss 78 km (3.0 s)
[09:57:43]     settle 14: 212 @   3824 d -> ok lintwin tank 890.2 (+7.1) miss 76 km (5.4 s)
[09:57:44]     settle 20: 209 @   4060 d -> ok lintwin tank 906.6 (+8.2) miss 68 km (3.9 s)
[09:57:44]     settle 19:  12 @   4074 d -> ok lintwin tank 834.6 (+5.3) miss 57 km (2.2 s)
[09:57:48]     settle 17: 122 @   3698 d -> ok lintwin tank 824.7 (+27.4) miss 66 km (2.8 s)
[09:57:48]     settle 15: 228 @   3953 d -> ok lintwin tank 917.1 (+26.9) miss 76 km (4.4 s)
[09:57:51]     settle 18: 256 @   3717 d -> ok lintwin tank 910.0 (+78.4) miss 62 km (6.5 s)
[09:57:52]     settle 18: 245 @   3843 d -> ok lintwin tank 824.6 (+-0.2) miss 74 km (4.2 s)
[09:57:53]     settle 19:  12 @   4073 d -> ok lintwin tank 839.5 (+14.9) miss 33 km (0.9 s)
[09:57:54]     settle 16: 145 @   4118 d -> ok lintwin tank 938.2 (+21.1) miss 18 km (6.2 s)
[09:57:56]     settle 19:  80 @   3982 d -> ok lintwin tank 920.8 (+10.8) miss 3 km (5.1 s)
[09:57:56]     settle 20:  78 @   4187 d -> ok lintwin tank 851.6 (+12.2) miss 58 km (3.0 s)
[09:57:59]     settle 17: 263 @   4243 d -> ok lam tank 950.9 (+12.7) miss 76 km (4.4 s)
[09:58:00]     settle 18: 241 @   3893 d -> ok lintwin tank 860.6 (+19.6) miss 75 km (3.2 s)
[09:58:00]     settle 20:  76 @   3816 d -> ok lam tank 1090.0 (+28.9) miss 0 km (20.0 s)
[09:58:02]     settle 20: 160 @   4057 d -> ok lintwin tank 974.5 (+53.7) miss 73 km (6.0 s)
[09:58:03]     settle 21: 271 @   4094 d -> ok lam tank 1079.3 (+-10.7) miss 39 km (2.5 s)
[09:58:04]     settle 19: 196 @   3946 d -> ok lintwin tank 902.5 (+41.9) miss 69 km (4.4 s)
[09:58:05]     settle 15: 228 @   3948 d -> ok lintwin tank 927.7 (+24.6) miss 5 km (5.4 s)
[09:58:08]     settle 21: 263 @   4251 d -> ok lintwin tank 1047.7 (+73.2) miss 51 km (6.2 s)
[09:58:08]     settle 20: 270 @   4108 d -> ok lintwin tank 933.9 (+31.4) miss 69 km (4.2 s)
[09:58:09]     settle 20:  79 @   3916 d -> ok lam tank 1039.6 (+-21.5) miss 52 km (3.5 s)
[09:58:10]     settle 16: 145 @   4118 d -> ok lintwin tank 935.3 (+7.6) miss 2 km (5.4 s)
[09:58:10]     settle 20:  78 @   4191 d -> ok lintwin tank 842.4 (+7.7) miss 41 km (1.1 s)
[09:58:11]   3 candidates dropped (settle failure / regrid failure / duplicate after truncation)
[09:58:11] RESULT s05_c3: 13 columns; frontier 1fb 3 kg p0/4 | 2fb 3 kg p0/0 | 3fb 37 kg p3/3 | 4fb 45 kg p3/3; settles 25 (22 ok), regrids 13 (13 ok); wall 197 s of 300 (plan 71, price 2, settle 125; budget hit None, 0 unsettled)
[09:58:12]     settle 19: 118 @   3889 d -> ok lintwin tank 911.5 (+20.6) miss 81 km (3.4 s)
[09:58:12]   job s05_c3 craft columns  13  levels 11  settles 22/25  end plan_done  wall 196.6 s
[09:58:15]     settle 20: 209 @   4059 d -> ok lintwin tank 915.3 (+3.8) miss 50 km (3.0 s)
[09:58:17]     settle 17: 263 @   4238 d -> ok lintwin tank 936.1 (+0.8) miss 5 km (6.9 s)
[09:58:18]     settle 21: 207 @   4146 d -> ok lam tank 1077.1 (+37.5) miss 61 km (8.6 s)
[09:58:21]     settle 21: 185 @   4291 d -> ok lintwin tank 930.4 (+15.1) miss 50 km (5.2 s)
[09:58:24]     settle 14: 288 @   3810 d -> ok lintwin tank 926.6 (+43.5) miss 72 km (4.7 s)
[09:58:28]     settle 21: 267 @   4308 d -> ok lintwin tank 918.2 (+11.6) miss 1 km (5.5 s)
[09:58:32] RESULT s05_c7: 16 columns; frontier 1fb 3 kg p2/3 | 2fb 12 kg p1/3 | 3fb 40 kg p2/3 | 4fb 84 kg p3/3; settles 24 (24 ok), regrids 16 (16 ok); wall 218 s of 300 (plan 60, price 2, settle 158; budget hit None, 0 unsettled)
[09:58:33]   job s05_c7 craft columns  16  levels 11  settles 24/24  end plan_done  wall 218.3 s
[09:58:35]     settle 15: 205 @   3857 d -> ok lam tank 1002.4 (+75.8) miss 99 km (10.5 s)
[09:58:38]     settle 22: 200 @   4311 d -> ok lam tank 1085.9 (+8.8) miss 96 km (20.1 s)
[09:58:40]     settle 16: 184 @   3992 d -> FAIL [('lam', 24590433.4)] (5.8 s)
[09:58:47] RESULT s05_c2: 16 columns; frontier 1fb -5 kg p0/3 | 2fb 4 kg p0/3 | 3fb 27 kg p0/3 | 4fb 52 kg p0/0; settles 27 (26 ok), regrids 16 (16 ok); wall 233 s of 300 (plan 62, price 2, settle 171; budget hit None, 0 unsettled)
[09:58:49]   job s05_c2 craft columns  16  levels 10  settles 26/27  end plan_done  wall 233.4 s
[09:59:02]     settle 22: 201 @   4316 d -> ok lam tank 1080.6 (+3.5) miss 65 km (22.7 s)
[09:59:03] RESULT s05_c1: 16 columns; frontier 1fb 16 kg p1/3 | 2fb 14 kg p0/3 | 3fb 46 kg p3/3 | 4fb 126 kg p0/2; settles 20 (20 ok), regrids 16 (16 ok); wall 249 s of 300 (plan 69, price 1, settle 180; budget hit None, 0 unsettled)
[09:59:05]   job s05_c1 craft columns  16  levels 11  settles 20/20  end plan_done  wall 249.1 s
[09:59:05] [slice 5] propose: 123 columns (0 bad dropped) in 250.5 s
[09:59:05] [slice 5] auction: 123 columns, kept 115, dropped {'ramp': 4, 'fuel': 4}; lam 0.70 H_eff 720 d fuel budget 643 kg quota OFF
[09:59:05] [slice 5] auction: status optimal objective 65.121 vars 115 rows 63 chosen 8 fuel 393/643 kg (0.027 s)
[09:59:07] [slice 5 T=3600 d] launched 8/8  covered 158  remaining 140  fuel 2374 kg  sumJi 10.0796  chosen: c0:2(+36) c1:3(+59) c2:4(+52) c3:4(+45) c4:4(+68) c5:1(+28) c6:3(+19) c7:4(+83)  rejected: -  (wall 253 s)
[09:59:07] [slice 6 T=4320 d] propose: 8 jobs (8 craft, 0 root) on 9 workers, proposer planbeam, H_eff 720 d, lam 0.7
[09:59:07] job s06_c0 (craft, craft 0, planbeam): T 4320 d H 720 L 540; plan horizon 5477 d; remaining 140; prize >1 on 139; width 150 npt 6 mc 150 dv 1.2 drmax 0.15 plan_wall 240 s; quota None
[09:59:07] job s06_c1 (craft, craft 1, planbeam): T 4320 d H 720 L 540; plan horizon 5477 d; remaining 140; prize >1 on 139; width 150 npt 6 mc 150 dv 1.2 drmax 0.15 plan_wall 240 s; quota None
[09:59:07] job s06_c4 (craft, craft 4, planbeam): T 4320 d H 720 L 540; plan horizon 5477 d; remaining 140; prize >1 on 139; width 150 npt 6 mc 150 dv 1.2 drmax 0.15 plan_wall 240 s; quota None
[09:59:07] job s06_c2 (craft, craft 2, planbeam): T 4320 d H 720 L 540; plan horizon 5477 d; remaining 140; prize >1 on 139; width 150 npt 6 mc 150 dv 1.2 drmax 0.15 plan_wall 240 s; quota None
[09:59:07] job s06_c5 (craft, craft 5, planbeam): T 4320 d H 720 L 540; plan horizon 5477 d; remaining 140; prize >1 on 139; width 150 npt 6 mc 150 dv 1.2 drmax 0.15 plan_wall 240 s; quota None
[09:59:07] job s06_c6 (craft, craft 6, planbeam): T 4320 d H 720 L 540; plan horizon 5477 d; remaining 140; prize >1 on 139; width 150 npt 6 mc 150 dv 1.2 drmax 0.15 plan_wall 240 s; quota None
[09:59:07] job s06_c3 (craft, craft 3, planbeam): T 4320 d H 720 L 540; plan horizon 5477 d; remaining 140; prize >1 on 139; width 150 npt 6 mc 150 dv 1.2 drmax 0.15 plan_wall 240 s; quota None
[09:59:07] job s06_c7 (craft, craft 7, planbeam): T 4320 d H 720 L 540; plan horizon 5477 d; remaining 140; prize >1 on 139; width 150 npt 6 mc 150 dv 1.2 drmax 0.15 plan_wall 240 s; quota None
[09:59:07] prefix slices/s06/in/craft_4.npz: 24 flybys, t_end 4284.2 d, tank 871.6 kg (planner view), miss 9.8 km, nreg 212
[09:59:07] budget: job_wall 300 s, 300 s left before the plan -> plan cap 210 s (plan_wall 240, settle_reserve 90)
[09:59:07] prefix slices/s06/in/craft_7.npz: 21 flybys, t_end 4310.3 d, tank 914.9 kg (planner view), miss 7.1 km, nreg 205
[09:59:07] budget: job_wall 300 s, 300 s left before the plan -> plan cap 210 s (plan_wall 240, settle_reserve 90)
[09:59:07] prefix slices/s06/in/craft_1.npz: 21 flybys, t_end 4248.1 d, tank 1013.7 kg (planner view), miss 72.0 km, nreg 212
[09:59:07] budget: job_wall 300 s, 300 s left before the plan -> plan cap 210 s (plan_wall 240, settle_reserve 90)
[09:59:07] prefix slices/s06/in/craft_3.npz: 20 flybys, t_end 4190.8 d, tank 842.3 kg (planner view), miss 68.8 km, nreg 208
[09:59:07] budget: job_wall 300 s, 300 s left before the plan -> plan cap 210 s (plan_wall 240, settle_reserve 90)
[09:59:07] prefix slices/s06/in/craft_5.npz: 18 flybys, t_end 4053.2 d, tank 993.7 kg (planner view), miss 64.6 km, nreg 197
[09:59:07] budget: job_wall 300 s, 300 s left before the plan -> plan cap 210 s (plan_wall 240, settle_reserve 90)
[09:59:07] prefix slices/s06/in/craft_2.npz: 17 flybys, t_end 4244.9 d, tank 935.4 kg (planner view), miss 48.4 km, nreg 211
[09:59:07] budget: job_wall 300 s, 300 s left before the plan -> plan cap 210 s (plan_wall 240, settle_reserve 90)
[09:59:07] prefix slices/s06/in/craft_6.npz: 16 flybys, t_end 4274.7 d, tank 778.9 kg (planner view), miss 14.5 km, nreg 204
[09:59:07] budget: job_wall 300 s, 300 s left before the plan -> plan cap 210 s (plan_wall 240, settle_reserve 90)
[09:59:07] prefix slices/s06/in/craft_0.npz: 21 flybys, t_end 4278.6 d, tank 823.5 kg (planner view), miss 18.0 km, nreg 217
[09:59:07] budget: job_wall 300 s, 300 s left before the plan -> plan cap 210 s (plan_wall 240, settle_reserve 90)
[09:59:29] first level (both): 0 production + 40 relaxed (dv 2.5, 0.3 AU; 0.1 s) + 0 lintwin children -> 30 unique (21.7 s)
[09:59:29] plan start: prefix 18 flybys, t_end 4053.2 d, planner mass 968.5 kg (dv 19.694 km/s); 30 first-level states
[09:59:29] first level (both): 0 production + 42 relaxed (dv 2.5, 0.3 AU; 0.1 s) + 38 lintwin children -> 63 unique (21.8 s)
[09:59:29] plan start: prefix 17 flybys, t_end 4244.9 d, planner mass 1028.8 kg (dv 17.322 km/s); 63 first-level states
[09:59:29] first level (both): 0 production + 80 relaxed (dv 2.5, 0.3 AU; 0.1 s) + 0 lintwin children -> 51 unique (22.2 s)
[09:59:29] plan start: prefix 21 flybys, t_end 4248.1 d, planner mass 949.4 kg (dv 20.475 km/s); 51 first-level states
[09:59:30] first level (both): 0 production + 63 relaxed (dv 2.5, 0.3 AU; 0.1 s) + 44 lintwin children -> 68 unique (22.9 s)
[09:59:30] plan start: prefix 24 flybys, t_end 4284.2 d, planner mass 1104.1 kg (dv 14.550 km/s); 68 first-level states
[09:59:30] first level (both): 0 production + 82 relaxed (dv 2.5, 0.3 AU; 0.1 s) + 67 lintwin children -> 109 unique (23.2 s)
[09:59:30] plan start: prefix 20 flybys, t_end 4190.8 d, planner mass 1142.5 kg (dv 13.209 km/s); 109 first-level states
[09:59:30] first level (both): 0 production + 51 relaxed (dv 2.5, 0.3 AU; 0.1 s) + 45 lintwin children -> 76 unique (23.4 s)
[09:59:30] plan start: prefix 21 flybys, t_end 4310.3 d, planner mass 1051.9 kg (dv 16.450 km/s); 76 first-level states
[09:59:30] first level (both): 0 production + 65 relaxed (dv 2.5, 0.3 AU; 0.1 s) + 67 lintwin children -> 96 unique (23.4 s)
[09:59:30] plan start: prefix 16 flybys, t_end 4274.7 d, planner mass 1235.6 kg (dv 10.137 km/s); 96 first-level states
[09:59:32] first level (both): 0 production + 108 relaxed (dv 2.5, 0.3 AU; 0.1 s) + 65 lintwin children -> 110 unique (24.9 s)
[09:59:32] plan start: prefix 21 flybys, t_end 4278.6 d, planner mass 1168.7 kg (dv 12.321 km/s); 110 first-level states
[09:59:41] plan: 602 states, depth 6 new flybys, end plan_done (35 s); deepest 6 new to 5366 d at planner fuel 749 kg
[09:59:41]   depth  1:   30 states (30 in H), t_end 4328-4633 d, fuel 635-696 kg
[09:59:41]   depth  2:   71 states (61 in H), t_end 4508-5153 d, fuel 665-718 kg
[09:59:41]   depth  3:  150 states (58 in H), t_end 4776-5402 d, fuel 680-744 kg
[09:59:41]   depth  4:  150 states (17 in H), t_end 4915-5452 d, fuel 706-767 kg
[09:59:41]   depth  5:  150 states (0 in H), t_end 5196-5472 d, fuel 723-791 kg
[09:59:41]   depth  6:   51 states (0 in H), t_end 5344-5472 d, fuel 749-804 kg
[09:59:41] candidates: 96 distinct committed target sets (n_new 1-4, potential 0-3)
[09:59:41] frontier: 16 candidates chosen (n fb / committed planner kg / continuation (lookahead) [full]; pot_mode lookahead, pot_cap None): 1fb/639kg/p2(2)[2], 1fb/657kg/p5(2)[5], 1fb/658kg/p0(0)[0], 1fb/675kg/p5(3)[5], 1fb/682kg/p4(2)[4], 1fb/687kg/p5(3)[5], 2fb/665kg/p0(0)[0], 2fb/677kg/p2(2)[2], 2fb/679kg/p4(2)[4], 2fb/700kg/p4(2)[4], 3fb/695kg/p3(3)[3], 3fb/703kg/p0(0)[0], 3fb/703kg/p3(2)[3], 4fb/711kg/p2(2)[2], 4fb/727kg/p2(2)[2], 4fb/738kg/p2(2)[2]
[09:59:41] budget: 265 s of 300 left for the settles + regrids (settle_wall 480)
[09:59:42] plan: 577 states, depth 6 new flybys, end plan_done (36 s); deepest 6 new to 5433 d at planner fuel 676 kg
[09:59:42]   depth  1:   68 states (68 in H), t_end 4381-5009 d, fuel 504-577 kg
[09:59:42]   depth  2:  150 states (85 in H), t_end 4575-5439 d, fuel 514-603 kg
[09:59:42]   depth  3:  150 states (21 in H), t_end 4805-5472 d, fuel 563-634 kg
[09:59:42]   depth  4:  150 states (2 in H), t_end 5035-5472 d, fuel 571-661 kg
[09:59:42]   depth  5:   55 states (0 in H), t_end 5255-5471 d, fuel 600-684 kg
[09:59:42]   depth  6:    4 states (0 in H), t_end 5385-5433 d, fuel 676-696 kg
[09:59:42] candidates: 97 distinct committed target sets (n_new 1-4, potential 0-4)
[09:59:42] frontier: 16 candidates chosen (n fb / committed planner kg / continuation (lookahead) [full]; pot_mode lookahead, pot_cap None): 1fb/504kg/p2(2)[2], 1fb/511kg/p0(0)[0], 1fb/531kg/p4(2)[4], 1fb/542kg/p5(3)[5], 1fb/551kg/p4(1)[4], 1fb/558kg/p4(3)[4], 1fb/560kg/p4(2)[4], 1fb/563kg/p5(3)[5], 1fb/568kg/p4(4)[4], 2fb/529kg/p0(0)[0], 2fb/535kg/p0(0)[0], 2fb/573kg/p4(3)[4], 3fb/585kg/p2(2)[2], 3fb/591kg/p2(2)[2], 3fb/595kg/p3(3)[3], 4fb/601kg/p1(1)[1]
[09:59:42] budget: 264 s of 300 left for the settles + regrids (settle_wall 480)
[09:59:45]     settle 25: 256 @   4926 d -> ok lintwin tank 875.3 (+3.7) miss 62 km (2.8 s)
[09:59:46]     settle 19: 191 @   4473 d -> ok lin tank 995.9 (+2.2) miss 49 km (4.1 s)
[09:59:48]     settle 25: 164 @   4519 d -> ok lintwin tank 881.2 (+9.6) miss 71 km (1.6 s)
[09:59:48] plan: 829 states, depth 7 new flybys, end plan_done (41 s); deepest 7 new to 5445 d at planner fuel 708 kg
[09:59:48]   depth  1:   63 states (63 in H), t_end 4390-4967 d, fuel 580-646 kg
[09:59:48]   depth  2:  150 states (119 in H), t_end 4607-5445 d, fuel 600-676 kg
[09:59:48]   depth  3:  150 states (70 in H), t_end 4810-5450 d, fuel 619-689 kg
[09:59:48]   depth  4:  150 states (16 in H), t_end 4914-5448 d, fuel 645-713 kg
[09:59:48]   depth  5:  150 states (0 in H), t_end 5160-5450 d, fuel 658-742 kg
[09:59:48]   depth  6:  128 states (0 in H), t_end 5269-5449 d, fuel 683-758 kg
[09:59:48]   depth  7:   38 states (0 in H), t_end 5365-5476 d, fuel 708-783 kg
[09:59:48] candidates: 145 distinct committed target sets (n_new 1-4, potential 0-3)
[09:59:48] frontier: 16 candidates chosen (n fb / committed planner kg / continuation (lookahead) [full]; pot_mode lookahead, pot_cap None): 1fb/580kg/p1(0)[1], 1fb/602kg/p2(0)[2], 1fb/610kg/p6(3)[6], 1fb/616kg/p5(3)[5], 1fb/623kg/p6(3)[6], 1fb/627kg/p6(3)[6], 1fb/645kg/p5(3)[5], 2fb/600kg/p0(0)[0], 2fb/601kg/p0(0)[0], 2fb/623kg/p5(3)[5], 3fb/619kg/p3(3)[3], 3fb/630kg/p0(0)[0], 3fb/641kg/p4(3)[4], 4fb/662kg/p3(3)[3], 4fb/672kg/p0(0)[0], 4fb/687kg/p2(2)[2]
[09:59:48] budget: 259 s of 300 left for the settles + regrids (settle_wall 480)
[09:59:48] plan: 718 states, depth 7 new flybys, end plan_done (41 s); deepest 7 new to 5454 d at planner fuel 810 kg
[09:59:48]   depth  1:   51 states (51 in H), t_end 4353-4808 d, fuel 667-722 kg
[09:59:48]   depth  2:  150 states (123 in H), t_end 4453-5328 d, fuel 677-749 kg
[09:59:48]   depth  3:  150 states (107 in H), t_end 4724-5466 d, fuel 690-764 kg
[09:59:48]   depth  4:  150 states (5 in H), t_end 4941-5461 d, fuel 706-788 kg
[09:59:48]   depth  5:  150 states (0 in H), t_end 5129-5475 d, fuel 717-812 kg
[09:59:48]   depth  6:   58 states (0 in H), t_end 5315-5471 d, fuel 759-816 kg
[09:59:48]   depth  7:    9 states (0 in H), t_end 5424-5455 d, fuel 810-837 kg
[09:59:48] candidates: 156 distinct committed target sets (n_new 1-4, potential 0-3)
[09:59:48] frontier: 16 candidates chosen (n fb / committed planner kg / continuation (lookahead) [full]; pot_mode lookahead, pot_cap None): 1fb/667kg/p1(0)[1], 1fb/668kg/p1(1)[1], 1fb/668kg/p5(3)[5], 1fb/671kg/p5(2)[5], 1fb/702kg/p5(3)[5], 1fb/703kg/p5(3)[5], 1fb/708kg/p6(3)[6], 2fb/679kg/p1(0)[1], 2fb/681kg/p0(0)[0], 2fb/735kg/p5(3)[5], 3fb/690kg/p0(0)[0], 3fb/696kg/p0(0)[0], 3fb/752kg/p4(3)[4], 4fb/741kg/p2(2)[2], 4fb/745kg/p2(2)[2], 4fb/762kg/p3(3)[3]
[09:59:48] budget: 259 s of 300 left for the settles + regrids (settle_wall 480)
[09:59:50]     settle 25:  76 @   4536 d -> ok lintwin tank 888.3 (+16.6) miss 63 km (2.0 s)
[09:59:52] plan: 821 states, depth 8 new flybys, end plan_done (45 s); deepest 8 new to 5452 d at planner fuel 761 kg
[09:59:52]   depth  1:   76 states (76 in H), t_end 4358-5010 d, fuel 576-622 kg
[09:59:52]   depth  2:  150 states (125 in H), t_end 4556-5322 d, fuel 579-647 kg
[09:59:52]   depth  3:  150 states (103 in H), t_end 4719-5440 d, fuel 606-672 kg
[09:59:52]   depth  4:  150 states (12 in H), t_end 4883-5407 d, fuel 621-699 kg
[09:59:52]   depth  5:  150 states (0 in H), t_end 5055-5471 d, fuel 641-725 kg
[09:59:52]   depth  6:  125 states (0 in H), t_end 5163-5475 d, fuel 654-751 kg
[09:59:52]   depth  7:   18 states (0 in H), t_end 5315-5468 d, fuel 686-756 kg
[09:59:52]   depth  8:    2 states (0 in H), t_end 5449-5452 d, fuel 761-763 kg
[09:59:52] candidates: 173 distinct committed target sets (n_new 1-4, potential 0-4)
[09:59:52] frontier: 16 candidates chosen (n fb / committed planner kg / continuation (lookahead) [full]; pot_mode lookahead, pot_cap None): 1fb/576kg/p0(0)[0], 1fb/577kg/p2(0)[2], 1fb/581kg/p5(4)[5], 1fb/590kg/p5(2)[5], 1fb/612kg/p6(3)[6], 1fb/618kg/p7(4)[7], 2fb/579kg/p0(0)[0], 2fb/585kg/p0(0)[0], 2fb/612kg/p5(4)[5], 2fb/645kg/p6(4)[6], 3fb/606kg/p0(0)[0], 3fb/608kg/p0(0)[0], 3fb/659kg/p5(4)[5], 4fb/638kg/p1(1)[1], 4fb/642kg/p2(2)[2], 4fb/673kg/p4(4)[4]
[09:59:52] budget: 255 s of 300 left for the settles + regrids (settle_wall 480)
[09:59:52] plan: 899 states, depth 8 new flybys, end plan_done (45 s); deepest 8 new to 5392 d at planner fuel 569 kg
[09:59:52]   depth  1:   96 states (96 in H), t_end 4342-4995 d, fuel 373-454 kg
[09:59:52]   depth  2:  150 states (117 in H), t_end 4435-5225 d, fuel 394-475 kg
[09:59:52]   depth  3:  150 states (72 in H), t_end 4686-5475 d, fuel 427-503 kg
[09:59:52]   depth  4:  150 states (25 in H), t_end 4804-5381 d, fuel 463-536 kg
[09:59:52]   depth  5:  150 states (2 in H), t_end 5031-5477 d, fuel 470-565 kg
[09:59:52]   depth  6:  150 states (0 in H), t_end 5108-5476 d, fuel 493-575 kg
[09:59:52]   depth  7:   47 states (0 in H), t_end 5212-5476 d, fuel 515-607 kg
[09:59:52]   depth  8:    6 states (0 in H), t_end 5332-5461 d, fuel 569-588 kg
[09:59:52] candidates: 174 distinct committed target sets (n_new 1-5, potential 0-3)
[09:59:52] frontier: 16 candidates chosen (n fb / committed planner kg / continuation (lookahead) [full]; pot_mode lookahead, pot_cap None): 1fb/376kg/p0(0)[0], 1fb/384kg/p0(0)[0], 1fb/400kg/p5(3)[5], 1fb/412kg/p7(3)[7], 1fb/429kg/p6(3)[6], 2fb/394kg/p0(0)[0], 2fb/401kg/p0(0)[0], 2fb/439kg/p6(3)[6], 3fb/432kg/p0(0)[0], 3fb/441kg/p2(2)[2], 3fb/458kg/p5(3)[5], 4fb/466kg/p2(2)[2], 4fb/467kg/p0(0)[0], 4fb/480kg/p4(3)[4], 5fb/496kg/p2(2)[2], 5fb/512kg/p3(3)[3]
[09:59:52] budget: 255 s of 300 left for the settles + regrids (settle_wall 480)
[09:59:53]     settle 18:  68 @   4611 d -> ok lintwin tank 941.5 (+6.1) miss 58 km (5.0 s)
[09:59:53]     settle 22: 105 @   4506 d -> ok lintwin tank 1047.1 (+33.4) miss 56 km (5.2 s)
[09:59:55]     settle 19: 165 @   4368 d -> ok lam tank 1011.5 (+17.8) miss 4 km (8.6 s)
[09:59:56]     settle 25: 294 @   4381 d -> ok lintwin tank 918.7 (+47.1) miss 74 km (4.7 s)
[09:59:56] plan: 983 states, depth 8 new flybys, end plan_done (49 s); deepest 8 new to 5426 d at planner fuel 672 kg
[09:59:56]   depth  1:  109 states (109 in H), t_end 4341-5014 d, fuel 464-542 kg
[09:59:56]   depth  2:  150 states (147 in H), t_end 4425-5063 d, fuel 483-575 kg
[09:59:56]   depth  3:  150 states (89 in H), t_end 4653-5200 d, fuel 497-597 kg
[09:59:56]   depth  4:  150 states (47 in H), t_end 4757-5466 d, fuel 522-625 kg
[09:59:56]   depth  5:  150 states (8 in H), t_end 4962-5471 d, fuel 533-655 kg
[09:59:56]   depth  6:  150 states (0 in H), t_end 5072-5475 d, fuel 552-668 kg
[09:59:56]   depth  7:  106 states (0 in H), t_end 5198-5475 d, fuel 577-699 kg
[09:59:56]   depth  8:   18 states (0 in H), t_end 5395-5470 d, fuel 672-722 kg
[09:59:56] candidates: 227 distinct committed target sets (n_new 1-5, potential 0-4)
[09:59:56] frontier: 16 candidates chosen (n fb / committed planner kg / continuation (lookahead) [full]; pot_mode lookahead, pot_cap None): 1fb/464kg/p6(2)[6], 1fb/470kg/p1(0)[1], 1fb/491kg/p6(3)[6], 1fb/513kg/p7(3)[7], 2fb/483kg/p0(0)[0], 2fb/485kg/p1(1)[1], 2fb/550kg/p6(3)[6], 3fb/497kg/p0(0)[0], 3fb/501kg/p0(0)[0], 3fb/562kg/p5(3)[5], 4fb/524kg/p2(2)[2], 4fb/528kg/p3(3)[3], 4fb/588kg/p4(3)[4], 5fb/580kg/p2(2)[2], 5fb/618kg/p2(2)[2], 5fb/620kg/p3(3)[3]
[09:59:56] budget: 251 s of 300 left for the settles + regrids (settle_wall 480)
[09:59:56]     settle 17: 164 @   4514 d -> ok lintwin tank 784.2 (+5.3) miss 79 km (4.1 s)
[09:59:57] plan: 935 states, depth 8 new flybys, end plan_done (50 s); deepest 8 new to 5471 d at planner fuel 650 kg
[09:59:57]   depth  1:  110 states (110 in H), t_end 4343-4971 d, fuel 434-512 kg
[09:59:57]   depth  2:  150 states (150 in H), t_end 4473-4995 d, fuel 442-542 kg
[09:59:57]   depth  3:  150 states (87 in H), t_end 4680-5306 d, fuel 470-567 kg
[09:59:57]   depth  4:  150 states (22 in H), t_end 4739-5439 d, fuel 498-589 kg
[09:59:57]   depth  5:  150 states (9 in H), t_end 4869-5471 d, fuel 522-612 kg
[09:59:57]   depth  6:  150 states (0 in H), t_end 5069-5442 d, fuel 543-643 kg
[09:59:57]   depth  7:   66 states (0 in H), t_end 5158-5471 d, fuel 563-664 kg
[09:59:57]   depth  8:    9 states (0 in H), t_end 5355-5471 d, fuel 650-675 kg
[09:59:57] candidates: 210 distinct committed target sets (n_new 1-5, potential 0-4)
[09:59:57] frontier: 16 candidates chosen (n fb / committed planner kg / continuation (lookahead) [full]; pot_mode lookahead, pot_cap None): 1fb/434kg/p1(0)[1], 1fb/436kg/p0(0)[0], 1fb/461kg/p6(3)[6], 1fb/509kg/p7(3)[7], 2fb/442kg/p0(0)[0], 2fb/451kg/p0(0)[0], 2fb/516kg/p6(3)[6], 3fb/470kg/p2(2)[2], 3fb/487kg/p0(0)[0], 3fb/540kg/p5(3)[5], 4fb/523kg/p2(2)[2], 4fb/529kg/p3(3)[3], 4fb/553kg/p4(3)[4], 5fb/577kg/p2(2)[2], 5fb/583kg/p3(3)[3], 5fb/588kg/p2(2)[2]
[09:59:57] budget: 250 s of 300 left for the settles + regrids (settle_wall 480)
[09:59:59]     settle 22:  57 @   4559 d -> ok lintwin tank 824.6 (+1.1) miss 54 km (1.9 s)
[09:59:59]     settle 19: 290 @   4453 d -> ok lam tank 1006.9 (+13.1) miss 43 km (3.7 s)
[10:00:00]     settle 22: 190 @   4828 d -> ok lintwin tank 925.4 (+10.5) miss 62 km (8.3 s)
[10:00:00]     settle 25: 283 @   4526 d -> ok lintwin tank 910.5 (+38.9) miss 75 km (3.9 s)
[10:00:01]     settle 17:  83 @   4425 d -> ok lintwin tank 788.2 (+9.4) miss 69 km (3.7 s)
[10:00:01]     settle 22: 106 @   4708 d -> ok lintwin tank 1094.4 (+80.7) miss 49 km (7.0 s)
[10:00:02]     settle 21:  82 @   4438 d -> ok lintwin tank 849.9 (+7.6) miss 80 km (5.4 s)
[10:00:02]     settle 18:  76 @   4515 d -> ok lintwin tank 954.6 (+19.1) miss 79 km (5.7 s)
[10:00:06]     settle 22: 286 @   4547 d -> ok lam tank 1033.4 (+19.7) miss 99 km (3.1 s)
[10:00:06]     settle 19: 226 @   4352 d -> ok lam tank 1042.1 (+48.3) miss 10 km (4.7 s)
[10:00:07]     settle 21:  27 @   4484 d -> ok lintwin tank 851.0 (+8.7) miss 71 km (4.1 s)
[10:00:08]     settle 17: 283 @   4579 d -> ok lintwin tank 821.3 (+42.5) miss 82 km (6.3 s)
[10:00:08]     settle 25: 135 @   4725 d -> ok lintwin tank 910.5 (+38.9) miss 64 km (7.2 s)
[10:00:08]     settle 18: 134 @   4391 d -> ok lintwin tank 961.8 (+26.4) miss 73 km (4.4 s)
[10:00:09]     settle 22: 279 @   4971 d -> ok lintwin tank 825.7 (+2.3) miss 27 km (9.2 s)
[10:00:12]     settle 21: 290 @   4456 d -> ok lintwin tank 874.8 (+32.4) miss 61 km (3.8 s)
[10:00:12]     settle 22: 106 @   4358 d -> FAIL [('lam', 16420864.2)] (11.4 s)
[10:00:12]     settle 17:  42 @   4342 d -> ok lintwin tank 810.6 (+31.7) miss 66 km (3.9 s)
[10:00:14]     settle 25:  44 @   4494 d -> ok lintwin tank 899.6 (+27.9) miss 66 km (5.2 s)
[10:00:15]     settle 22: 258 @   4476 d -> ok lintwin tank 841.1 (+17.7) miss 72 km (4.9 s)
[10:00:16]     settle 22: 123 @   4565 d -> ok lintwin tank 949.5 (+34.6) miss 21 km (4.0 s)
[10:00:16]     settle 18: 124 @   4554 d -> ok lintwin tank 1009.4 (+73.9) miss 82 km (5.4 s)
[10:00:17]     settle 19:   3 @   4328 d -> ok lam tank 1009.6 (+15.8) miss 7 km (9.9 s)
[10:00:19]     settle 22: 211 @   4398 d -> ok lintwin tank 850.2 (+26.7) miss 82 km (3.1 s)
[10:00:20]     settle 17: 134 @   4398 d -> ok lintwin tank 870.4 (+91.6) miss 75 km (7.2 s)
[10:00:21]     settle 21: 256 @   4461 d -> ok lintwin tank 869.9 (+27.6) miss 93 km (8.1 s)
[10:00:21]     settle 25:  97 @   4478 d -> ok lintwin tank 921.1 (+49.4) miss 66 km (5.9 s)
[10:00:22]     settle 22: 222 @   4666 d -> ok lintwin tank 829.8 (+6.3) miss 43 km (2.6 s)
[10:00:23]     settle 22:  44 @   4511 d -> ok lam tank 1023.1 (+9.4) miss 81 km (15.5 s)
[10:00:23]     settle 19:   9 @   4361 d -> ok lam tank 1031.9 (+38.2) miss 42 km (4.5 s)
[10:00:24]     settle 22:  39 @   4559 d -> ok lintwin tank 942.5 (+27.6) miss 9 km (6.8 s)
[10:00:25]     settle 23: 271 @   4963 d -> ok lintwin tank 829.5 (+-0.3) miss 82 km (2.3 s)
[10:00:25]     settle 18: 241 @   4465 d -> ok lintwin tank 945.0 (+9.5) miss 74 km (5.5 s)
[10:00:27]     settle 17:  49 @   4528 d -> ok lintwin tank 852.0 (+73.1) miss 72 km (5.8 s)
[10:00:27]     settle 19: 117 @   4573 d -> ok lin tank 995.3 (+1.6) miss 75 km (1.7 s)
[10:00:28]     settle 25: 125 @   4870 d -> ok lintwin tank 919.8 (+48.2) miss 61 km (6.2 s)
[10:00:31]     settle 23: 130 @   4867 d -> ok lintwin tank 835.5 (+10.9) miss 62 km (5.2 s)
[10:00:31]     settle 18:  97 @   4525 d -> ok lintwin tank 980.2 (+44.7) miss 59 km (5.3 s)
[10:00:32]     settle 22: 211 @   4406 d -> ok lintwin tank 964.4 (+49.5) miss 56 km (2.3 s)
[10:00:33]     settle 25: 142 @   4552 d -> ok lintwin tank 879.9 (+8.2) miss 78 km (4.9 s)
[10:00:34]     settle 22: 170 @   4678 d -> ok lintwin tank 1148.3 (+134.5) miss 55 km (7.8 s)
[10:00:35]     settle 26: 256 @   4921 d -> ok lintwin tank 893.6 (+13.7) miss 68 km (1.3 s)
[10:00:36]     settle 18: 197 @   4978 d -> ok lintwin tank 861.7 (+9.7) miss 4 km (8.4 s)
[10:00:37]     settle 21: 112 @   4823 d -> ok lintwin tank 849.8 (+7.5) miss 1 km (8.6 s)
[10:00:39]     settle 18: 283 @   4576 d -> ok lintwin tank 988.9 (+53.5) miss 14 km (6.7 s)
[10:00:39]     settle 23: 288 @   4585 d -> ok lintwin tank 870.6 (+20.4) miss 21 km (7.5 s)
[10:00:39]     settle 25:  95 @   4581 d -> ok lintwin tank 894.4 (+22.8) miss 67 km (3.9 s)
[10:00:40]     settle 20: 118 @   4892 d -> ok lam tank 1023.5 (+28.2) miss 65 km (12.8 s)
[10:00:44]     settle 18: 126 @   4968 d -> ok lintwin tank 864.5 (+12.5) miss 60 km (7.2 s)
[10:00:44]     settle 26: 186 @   5001 d -> ok lintwin tank 899.2 (+4.8) miss 75 km (4.7 s)
[10:00:44]     settle 22: 248 @   5000 d -> ok lintwin tank 852.3 (+2.5) miss 73 km (7.3 s)
[10:00:46]     settle 18: 241 @   4462 d -> ok lintwin tank 945.0 (+9.6) miss 76 km (6.0 s)
[10:00:46]     settle 19: 123 @   4583 d -> ok lam tank 1024.4 (+30.7) miss 8 km (4.3 s)
[10:00:49]     settle 20: 118 @   4885 d -> ok lam tank 1046.8 (+22.4) miss 21 km (2.4 s)
[10:00:49]     settle 22: 130 @   4869 d -> ok lintwin tank 827.8 (+4.4) miss 78 km (9.6 s)
[10:00:50]     settle 18:  97 @   4435 d -> ok lintwin tank 813.8 (+3.2) miss 78 km (4.9 s)
[10:00:50]     settle 26: 135 @   4715 d -> ok lam tank 968.9 (+50.1) miss 1 km (4.9 s)
[10:00:50]   drift: leg 135@4715 d settled outside (T, T+H] -> column cut at 1
[10:00:51]     settle 18: 135 @   4812 d -> ok lintwin tank 822.9 (+1.5) miss 12 km (0.7 s)
[10:00:51]     settle 22: 258 @   4506 d -> ok lintwin tank 949.2 (+34.3) miss 86 km (8.5 s)
[10:00:52]     settle 23:   1 @   4944 d -> ok lintwin tank 833.7 (+5.9) miss 72 km (2.2 s)
[10:00:53]     settle 22: 206 @   4878 d -> ok lintwin tank 852.1 (+2.2) miss 23 km (7.3 s)
[10:00:53]     settle 19: 273 @   5032 d -> ok lintwin tank 953.5 (+8.5) miss 65 km (7.3 s)
[10:00:54]     settle 24: 273 @   5038 d -> ok lintwin tank 849.8 (+16.1) miss 63 km (2.2 s)
[10:00:55]     settle 20: 214 @   4551 d -> ok lam tank 1036.2 (+24.7) miss 4 km (4.5 s)
[10:00:55]     settle 19: 163 @   4929 d -> ok lintwin tank 840.3 (+17.4) miss 70 km (4.1 s)
[10:00:55]     settle 26:  50 @   4615 d -> ok lintwin tank 897.5 (+9.2) miss 74 km (5.3 s)
[10:00:58]     settle 23:  18 @   4722 d -> ok lintwin tank 844.0 (+2.9) miss 74 km (3.2 s)
[10:00:59]     settle 22: 123 @   4568 d -> ok lintwin tank 884.2 (+14.3) miss 80 km (5.6 s)
[10:01:00]     settle 19:  55 @   4979 d -> ok lam tank 950.9 (+9.4) miss 64 km (5.9 s)
[10:01:00]     settle 22: 203 @   4748 d -> ok lintwin tank 930.6 (+15.7) miss 44 km (7.7 s)
[10:01:00]     settle 27:  49 @   4905 d -> ok lintwin tank 902.6 (+5.1) miss 63 km (4.4 s)
[10:01:01]     settle 19: 284 @   4637 d -> ok lam tank 978.6 (+16.8) miss 83 km (0.6 s)
[10:01:02]     settle 17: 289 @   4765 d -> ok lintwin tank 827.0 (+48.1) miss 81 km (6.6 s)
[10:01:03]     settle 24: 222 @   5009 d -> ok lintwin tank 856.3 (+12.3) miss 63 km (4.5 s)
[10:01:05]     settle 26:  68 @   4734 d -> ok lintwin tank 973.2 (+62.6) miss 68 km (4.3 s)
[10:01:06]     settle 22: 206 @   4874 d -> ok lintwin tank 848.2 (+-1.6) miss 95 km (6.2 s)
[10:01:06]     settle 18: 135 @   4820 d -> ok lintwin tank 842.3 (+15.3) miss 29 km (3.9 s)
[10:01:06]     settle 23:  44 @   5018 d -> ok lintwin tank 935.3 (+4.8) miss 1 km (6.7 s)
[10:01:08]     settle 23: 248 @   5000 d -> ok lintwin tank 854.1 (+5.9) miss 70 km (2.1 s)
[10:01:09]     settle 24: 203 @   4685 d -> ok lintwin tank 889.2 (+18.6) miss 35 km (5.3 s)
[10:01:10]     settle 19: 165 @   4363 d -> ok lam tank 1014.6 (+20.9) miss 6 km (8.8 s)
[10:01:11]     settle 27: 197 @   5006 d -> ok lintwin tank 1070.9 (+97.7) miss 72 km (5.8 s)
[10:01:11]     settle 22: 221 @   4383 d -> ok lam tank 1052.6 (+38.9) miss 83 km (34.9 s)
[10:01:12]     settle 22: 179 @   4604 d -> ok lintwin tank 828.5 (+5.1) miss 82 km (2.2 s)
[10:01:12]     settle 19: 194 @   4909 d -> ok lintwin tank 857.8 (+15.5) miss 59 km (5.7 s)
[10:01:13]     settle 19:  71 @   4640 d -> ok lintwin tank 956.8 (+11.8) miss 69 km (6.3 s)
[10:01:14]     settle 23: 130 @   4859 d -> ok lintwin tank 835.8 (+7.2) miss 54 km (1.5 s)
[10:01:14]     settle 20: 170 @   4571 d -> ok lam tank 1045.0 (+30.4) miss 97 km (4.0 s)
[10:01:15]     settle 21: 227 @   4589 d -> ok lintwin tank 875.3 (+32.9) miss 83 km (5.8 s)
[10:01:16]     settle 20: 169 @   4566 d -> ok lam tank 1047.1 (+5.0) miss 10 km (1.0 s)
[10:01:16]     settle 19: 135 @   4728 d -> ok lintwin tank 823.4 (+9.6) miss 41 km (3.4 s)
[10:01:17]     settle 21: 203 @   4786 d -> ok lam tank 1059.2 (+12.1) miss 10 km (1.0 s)
[10:01:18]     settle 26:  71 @   4629 d -> ok lintwin tank 1161.3 (+250.8) miss 24 km (6.4 s)
[10:01:18]     settle 22: 270 @   4839 d -> ok lintwin tank 882.0 (+6.7) miss 66 km (3.5 s)
[10:01:19]     settle 19: 170 @   4690 d -> ok lintwin tank 825.6 (+11.9) miss 62 km (2.2 s)
[10:01:19]     settle 24:   1 @   4945 d -> ok lintwin tank 847.1 (+11.3) miss 49 km (5.5 s)
[10:01:19]     settle 23:  24 @   4882 d -> ok lintwin tank 937.4 (+6.8) miss 1 km (7.1 s)
[10:01:20]     settle 20: 130 @   4930 d -> ok lintwin tank 968.3 (+11.5) miss 82 km (6.8 s)
[10:01:21]     settle 25: 273 @   5035 d -> ok lintwin tank 866.2 (+19.1) miss 68 km (1.6 s)
[10:01:22]     settle 22: 261 @   4357 d -> ok lintwin tank 1101.2 (+87.5) miss 23 km (7.8 s)
[10:01:22]     settle 23:  58 @   5020 d -> ok lintwin tank 924.6 (+42.6) miss 50 km (4.1 s)
[10:01:23]     settle 20:  58 @   5030 d -> ok lintwin tank 836.4 (+10.8) miss 64 km (3.8 s)
[10:01:24]     settle 23: 125 @   4878 d -> ok lam tank 1044.7 (+11.3) miss 99 km (1.0 s)
[10:01:24]     settle 23:  59 @   4657 d -> ok lintwin tank 892.4 (+8.3) miss 49 km (0.9 s)
[10:01:25]     settle 23:  18 @   4716 d -> ok lintwin tank 844.0 (+2.9) miss 82 km (3.3 s)
[10:01:26]     settle 19: 289 @   4668 d -> ok lintwin tank 969.6 (+15.1) miss 81 km (4.7 s)
[10:01:27]     settle 23: 206 @   4962 d -> ok lintwin tank 899.6 (+17.7) miss 67 km (1.7 s)
[10:01:27]     settle 20: 214 @   4548 d -> ok lam tank 1026.3 (+14.8) miss 3 km (4.0 s)
[10:01:27]     settle 19:  26 @   4686 d -> ok lintwin tank 828.8 (+15.0) miss 57 km (3.3 s)
[10:01:28]     settle 24:   9 @   4856 d -> ok lintwin tank 854.5 (+10.4) miss 81 km (2.5 s)
[10:01:29]     settle 27: 135 @   4805 d -> FAIL [('lam', 35476084.1)] (11.0 s)
[10:01:30]     settle 24:  58 @   5019 d -> ok lintwin tank 921.8 (+22.2) miss 79 km (3.1 s)
[10:01:30]     settle 20: 101 @   4949 d -> ok lam tank 982.8 (+13.2) miss 56 km (4.2 s)
[10:01:30]     settle 25: 222 @   5006 d -> ok lintwin tank 860.1 (+5.7) miss 62 km (2.2 s)
[10:01:30]     settle 20:  58 @   5031 d -> ok lintwin tank 834.1 (+5.3) miss 58 km (3.1 s)
[10:01:31]   2 candidates dropped (settle failure / regrid failure / duplicate after truncation)
[10:01:31] RESULT s06_c4: 14 columns; frontier 1fb 3 kg p2/4 | 2fb 22 kg p0/1 | 3fb 31 kg p2/2; settles 20 (19 ok), regrids 14 (14 ok); wall 144 s of 300 (plan 36, price 2, settle 109; budget hit None, 0 unsettled)
[10:01:31]     settle 22: 258 @   4497 d -> ok lintwin tank 950.0 (+35.1) miss 58 km (7.4 s)
[10:01:32]     settle 21: 163 @   4931 d -> ok lam tank 1047.9 (+21.7) miss 4 km (4.5 s)
[10:01:32]     settle 20: 194 @   4804 d -> ok lintwin tank 828.3 (+4.9) miss 27 km (0.6 s)
[10:01:33]   job s06_c4 craft columns  14  levels 6  settles 19/20  end plan_done  wall 144.3 s
[10:01:34]     settle 22: 239 @   4738 d -> ok lintwin tank 1082.5 (+68.8) miss 83 km (8.7 s)
[10:01:36]     settle 20:  86 @   4859 d -> ok lin tank 992.5 (+13.9) miss 77 km (4.1 s)
[10:01:36]     settle 21:  58 @   5031 d -> ok lintwin tank 834.0 (+5.7) miss 67 km (3.9 s)
[10:01:37]     settle 22: 123 @   4564 d -> ok lintwin tank 862.4 (+12.5) miss 22 km (6.8 s)
[10:01:38]     settle 21: 273 @   4806 d -> ok lam tank 1059.2 (+23.1) miss 31 km (5.3 s)
[10:01:38]     settle 23:  58 @   5027 d -> ok lam tank 1080.3 (+-2.3) miss 58 km (3.9 s)
[10:01:38]     settle 23:  18 @   4722 d -> ok lintwin tank 964.8 (+14.8) miss 1 km (7.0 s)
[10:01:39]     settle 25: 261 @   4869 d -> ok lintwin tank 905.6 (+16.4) miss 68 km (8.0 s)
[10:01:40]     settle 23: 112 @   4822 d -> ok lintwin tank 872.0 (+9.7) miss 83 km (2.2 s)
[10:01:41]     settle 21:  68 @   5039 d -> ok lintwin tank 844.1 (+15.8) miss 73 km (3.5 s)
[10:01:41] RESULT s06_c6: 16 columns; frontier 1fb 5 kg p0/3 | 2fb 35 kg p3/3 | 3fb 44 kg p3/3 | 4fb 49 kg p3/3 | 5fb 55 kg p2/3; settles 22 (22 ok), regrids 16 (16 ok); wall 155 s of 300 (plan 45, price 2, settle 109; budget hit None, 0 unsettled)
[10:01:43]   job s06_c6 craft columns  16  levels 8  settles 22/22  end plan_done  wall 154.7 s
[10:01:44]     settle 25: 273 @   4741 d -> ok lintwin tank 897.7 (+8.5) miss 56 km (4.7 s)
[10:01:45]     settle 24: 248 @   5001 d -> ok lintwin tank 875.6 (+3.6) miss 63 km (5.4 s)
[10:01:45]     settle 22: 261 @   5036 d -> ok lam tank 1064.4 (+5.2) miss 7 km (4.9 s)
[10:01:46]     settle 21: 279 @   4969 d -> ok lintwin tank 988.4 (+-4.1) miss 65 km (6.7 s)
[10:01:48]     settle 20: 194 @   4905 d -> ok lam tank 991.8 (+13.2) miss 83 km (1.2 s)
[10:01:48]     settle 23:  68 @   4590 d -> ok lam tank 1131.0 (+29.8) miss 54 km (9.2 s)
[10:01:48]     settle 26: 261 @   4869 d -> ok lintwin tank 908.1 (+10.4) miss 66 km (3.8 s)
[10:01:49]     settle 23: 289 @   4771 d -> ok lintwin tank 983.2 (+34.0) miss 71 km (7.2 s)
[10:01:52]     settle 24: 261 @   4862 d -> ok lintwin tank 898.7 (+6.2) miss 81 km (6.3 s)
[10:01:53]     settle 22: 134 @   4988 d -> ok lam tank 1076.9 (+17.7) miss 2 km (5.2 s)
[10:01:54]     settle 25: 273 @   4739 d -> ok lintwin tank 897.5 (+8.3) miss 54 km (4.5 s)
[10:01:54]     settle 21: 279 @   4972 d -> ok lam tank 992.7 (+0.9) miss 77 km (6.0 s)
[10:01:55]     settle 23:  59 @   4653 d -> ok lintwin tank 875.2 (+12.8) miss 71 km (2.3 s)
[10:01:56]     settle 23: 203 @   4730 d -> ok lintwin tank 945.8 (+-3.7) miss 63 km (6.0 s)
[10:01:57]     settle 26: 241 @   5021 d -> ok lintwin tank 914.9 (+17.4) miss 56 km (3.8 s)
[10:01:59]     settle 24: 261 @   4861 d -> ok lintwin tank 893.1 (+18.0) miss 54 km (3.4 s)
[10:01:59]     settle 21: 203 @   4776 d -> ok lam tank 1058.7 (+13.7) miss 8 km (5.3 s)
[10:02:01]     settle 19: 179 @   4607 d -> ok lintwin tank 976.0 (+14.2) miss 74 km (5.9 s)
[10:02:01]     settle 25: 248 @   4996 d -> ok lintwin tank 909.1 (+16.0) miss 37 km (2.2 s)
[10:02:03]     settle 23:  59 @   4653 d -> ok lintwin tank 892.4 (+8.2) miss 49 km (1.0 s)
[10:02:03]     settle 24: 294 @   4869 d -> ok lintwin tank 948.3 (+2.5) miss 78 km (6.7 s)
[10:02:05]     settle 25: 206 @   4882 d -> ok lintwin tank 924.7 (+35.5) miss 62 km (7.2 s)
[10:02:08]     settle 24: 203 @   4757 d -> ok lintwin tank 917.5 (+25.1) miss 63 km (4.9 s)
[10:02:08]     settle 22: 226 @   4915 d -> ok lam tank 1112.2 (+53.5) miss 86 km (8.9 s)
[10:02:10]     settle 20:  86 @   4859 d -> ok lintwin tank 997.6 (+21.5) miss 72 km (8.3 s)
[10:02:11]     settle 22: 288 @   4555 d -> ok lintwin tank 939.6 (+24.7) miss 2 km (6.2 s)
[10:02:13]     settle 23:  18 @   4715 d -> ok lintwin tank 942.9 (+3.3) miss 21 km (1.5 s)
[10:02:13]     settle 26: 248 @   5007 d -> ok lintwin tank 922.7 (+-2.0) miss 62 km (7.1 s)
[10:02:13] RESULT s06_c0: 16 columns; frontier 1fb 1 kg p0/3 | 2fb 6 kg p0/3 | 3fb 26 kg p2/3 | 4fb 36 kg p3/3 | 5fb 84 kg p2/3; settles 28 (28 ok), regrids 16 (16 ok); wall 187 s of 300 (plan 50, price 2, settle 136; budget hit None, 0 unsettled)
[10:02:14]     settle 25: 134 @   4989 d -> ok lintwin tank 916.4 (+-1.1) miss 74 km (5.6 s)
[10:02:15] RESULT s06_c5: 16 columns; frontier 1fb 2 kg p2/3 | 2fb 30 kg p0/2 | 3fb 47 kg p3/3 | 4fb 65 kg p2/2; settles 22 (22 ok), regrids 16 (16 ok); wall 188 s of 300 (plan 35, price 2, settle 153; budget hit None, 0 unsettled)
[10:02:15]     settle 24: 222 @   4817 d -> ok lintwin tank 953.4 (+10.5) miss 59 km (2.2 s)
[10:02:15]   job s06_c0 craft columns  16  levels 8  settles 28/28  end plan_done  wall 186.8 s
[10:02:15]   job s06_c5 craft columns  16  levels 6  settles 22/22  end plan_done  wall 188.1 s
[10:02:17]     settle 21: 130 @   4914 d -> ok lintwin tank 1018.3 (+20.8) miss 13 km (7.7 s)
[10:02:19]     settle 25: 248 @   4997 d -> ok lintwin tank 920.1 (+21.4) miss 70 km (4.7 s)
[10:02:22] RESULT s06_c3: 16 columns; frontier 1fb 8 kg p2/3 | 2fb 9 kg p1/3 | 3fb 12 kg p0/3 | 4fb 33 kg p3/3 | 5fb 67 kg p2/3; settles 27 (27 ok), regrids 16 (16 ok); wall 195 s of 300 (plan 49, price 2, settle 145; budget hit None, 0 unsettled)
[10:02:22]     settle 24:  86 @   4865 d -> ok lintwin tank 994.7 (+11.5) miss 69 km (6.3 s)
[10:02:23]   job s06_c3 craft columns  16  levels 8  settles 27/27  end plan_done  wall 194.9 s
[10:02:24] RESULT s06_c2: 16 columns; frontier 1fb 5 kg p0/3 | 2fb 16 kg p0/3 | 3fb 33 kg p3/3 | 4fb 53 kg p3/3; settles 22 (22 ok), regrids 16 (16 ok); wall 197 s of 300 (plan 41, price 2, settle 156; budget hit None, 0 unsettled)
[10:02:25]   job s06_c2 craft columns  16  levels 7  settles 22/22  end plan_done  wall 197.2 s
[10:02:26]     settle 22:  44 @   4508 d -> ok lam tank 1017.4 (+3.7) miss 92 km (36.3 s)
[10:02:27]     settle 23: 194 @   4807 d -> ok lam tank 1022.7 (+5.3) miss 92 km (1.0 s)
[10:02:28]     settle 24:  55 @   4986 d -> ok lam tank 1030.3 (+7.6) miss 92 km (1.0 s)
[10:02:28]     settle 23: 203 @   4732 d -> ok lintwin tank 946.6 (+-2.9) miss 73 km (5.3 s)
[10:02:33]     settle 24: 190 @   4846 d -> ok lintwin tank 967.1 (+20.5) miss 46 km (4.8 s)
[10:02:33]     settle 24:  68 @   5033 d -> ok lam tank 1059.5 (+14.8) miss 95 km (4.3 s)
[10:02:34]     settle 25: 134 @   4989 d -> ok lam tank 980.3 (+13.2) miss 46 km (1.0 s)
[10:02:44]     settle 22: 258 @   4495 d -> ok lintwin tank 950.0 (+35.1) miss 58 km (7.3 s)
[10:02:45]     settle 24: 130 @   4890 d -> ok lam tank 1150.8 (+19.8) miss 63 km (10.6 s)
[10:02:51]     settle 23: 288 @   4563 d -> ok lintwin tank 1130.8 (+180.8) miss 30 km (6.3 s)
[10:02:58]     settle 23: 214 @   4681 d -> ok lam tank 1038.7 (+15.6) miss 98 km (8.9 s)
[10:03:02]     settle 24:  86 @   4868 d -> FAIL [('lam', 202369256.4)] (11.2 s)
[10:03:06]     settle 25: 163 @   4927 d -> ok lam tank 1018.0 (+23.3) miss 57 km (3.1 s)
[10:03:07]     settle 24: 260 @   4806 d -> ok lam tank 1075.4 (+36.7) miss 94 km (9.2 s)
[10:03:07]   1 candidates dropped (settle failure / regrid failure / duplicate after truncation)
[10:03:07] RESULT s06_c7: 15 columns; frontier 1fb 10 kg p0/4 | 2fb 18 kg p0/4 | 3fb 33 kg p0/4 | 4fb 63 kg p1/4; settles 25 (23 ok), regrids 15 (15 ok); wall 240 s of 300 (plan 45, price 2, settle 195; budget hit None, 0 unsettled)
[10:03:07]   job s06_c7 craft columns  15  levels 8  settles 23/25  end plan_done  wall 240.3 s
[10:03:11]     settle 25: 101 @   4941 d -> ok lam tank 1097.0 (+21.6) miss 27 km (4.4 s)
[10:03:17]     settle 25:  55 @   4984 d -> ok lam tank 1113.8 (+38.4) miss 97 km (4.4 s)
[10:03:22]     settle 25: 126 @   5000 d -> ok lam tank 1152.2 (+1.4) miss 44 km (4.0 s)
[10:03:23] RESULT s06_c1: 16 columns; frontier 1fb 4 kg p2/3 | 2fb 30 kg p0/3 | 3fb 18 kg p0/3 | 4fb 82 kg p2/3; settles 21 (21 ok), regrids 16 (16 ok); wall 256 s of 300 (plan 41, price 2, settle 215; budget hit None, 0 unsettled)
[10:03:23]   job s06_c1 craft columns  16  levels 7  settles 21/21  end plan_done  wall 256.4 s
[10:03:23] [slice 6] propose: 125 columns (0 bad dropped) in 256.5 s
[10:03:23] [slice 6] auction: 125 columns, kept 112, dropped {'fuel': 13}; lam 0.70 H_eff 720 d fuel budget 643 kg quota OFF
[10:03:23] [slice 6] auction: status optimal objective 92.913 vars 112 rows 61 chosen 8 fuel 423/643 kg (0.014 s)
[10:03:25] [slice 6 T=4320 d] launched 8/8  covered 188  remaining 110  fuel 2797 kg  sumJi 10.5225  chosen: c0:4(+42) c1:3(+45) c2:4(+53) c3:5(+77) c4:3(+31) c5:4(+73) c6:5(+55) c7:2(+48)  rejected: -  (wall 259 s)
[10:03:25] [slice 7] effective horizon 436.8 d (the last slice absorbs the mission tail; H 720.0)
[10:03:25] [slice 7 T=5040 d] propose: 8 jobs (8 craft, 0 root) on 9 workers, proposer planbeam, H_eff 437 d, lam 0.7
[10:03:25] job s07_c0 (craft, craft 0, planbeam): T 5040 d H 437 L 540; plan horizon 5477 d; remaining 110; prize >1 on 110; width 150 npt 6 mc 150 dv 1.2 drmax 0.15 plan_wall 240 s; quota None
[10:03:25] job s07_c3 (craft, craft 3, planbeam): T 5040 d H 437 L 540; plan horizon 5477 d; remaining 110; prize >1 on 110; width 150 npt 6 mc 150 dv 1.2 drmax 0.15 plan_wall 240 s; quota None
[10:03:25] job s07_c2 (craft, craft 2, planbeam): T 5040 d H 437 L 540; plan horizon 5477 d; remaining 110; prize >1 on 110; width 150 npt 6 mc 150 dv 1.2 drmax 0.15 plan_wall 240 s; quota None
[10:03:25] job s07_c1 (craft, craft 1, planbeam): T 5040 d H 437 L 540; plan horizon 5477 d; remaining 110; prize >1 on 110; width 150 npt 6 mc 150 dv 1.2 drmax 0.15 plan_wall 240 s; quota None
[10:03:25] job s07_c4 (craft, craft 4, planbeam): T 5040 d H 437 L 540; plan horizon 5477 d; remaining 110; prize >1 on 110; width 150 npt 6 mc 150 dv 1.2 drmax 0.15 plan_wall 240 s; quota None
[10:03:25] job s07_c5 (craft, craft 5, planbeam): T 5040 d H 437 L 540; plan horizon 5477 d; remaining 110; prize >1 on 110; width 150 npt 6 mc 150 dv 1.2 drmax 0.15 plan_wall 240 s; quota None
[10:03:25] job s07_c6 (craft, craft 6, planbeam): T 5040 d H 437 L 540; plan horizon 5477 d; remaining 110; prize >1 on 110; width 150 npt 6 mc 150 dv 1.2 drmax 0.15 plan_wall 240 s; quota None
[10:03:25] job s07_c7 (craft, craft 7, planbeam): T 5040 d H 437 L 540; plan horizon 5477 d; remaining 110; prize >1 on 110; width 150 npt 6 mc 150 dv 1.2 drmax 0.15 plan_wall 240 s; quota None
[10:03:25] prefix slices/s07/in/craft_2.npz: 21 flybys, t_end 4969.0 d, tank 988.2 kg (planner view), miss 7.2 km, nreg 247
[10:03:25] budget: job_wall 300 s, 300 s left before the plan -> plan cap 210 s (plan_wall 240, settle_reserve 90)
[10:03:25] prefix slices/s07/in/craft_4.npz: 27 flybys, t_end 4901.6 d, tank 902.2 kg (planner view), miss 6.9 km, nreg 243
[10:03:25] budget: job_wall 300 s, 300 s left before the plan -> plan cap 210 s (plan_wall 240, settle_reserve 90)
[10:03:25] prefix slices/s07/in/craft_7.npz: 23 flybys, t_end 4717.1 d, tank 962.9 kg (planner view), miss 50.7 km, nreg 226
[10:03:25] budget: job_wall 300 s, 300 s left before the plan -> plan cap 210 s (plan_wall 240, settle_reserve 90)
[10:03:25] prefix slices/s07/in/craft_3.npz: 25 flybys, t_end 4997.9 d, tank 919.1 kg (planner view), miss 41.6 km, nreg 248
[10:03:25] budget: job_wall 300 s, 300 s left before the plan -> plan cap 210 s (plan_wall 240, settle_reserve 90)
[10:03:25] prefix slices/s07/in/craft_1.npz: 24 flybys, t_end 5032.8 d, tank 1058.8 kg (planner view), miss 80.8 km, nreg 251
[10:03:25] budget: job_wall 300 s, 300 s left before the plan -> plan cap 210 s (plan_wall 240, settle_reserve 90)
[10:03:25] prefix slices/s07/in/craft_6.npz: 21 flybys, t_end 5031.9 d, tank 833.5 kg (planner view), miss 11.0 km, nreg 242
[10:03:25] budget: job_wall 300 s, 300 s left before the plan -> plan cap 210 s (plan_wall 240, settle_reserve 90)
[10:03:25] prefix slices/s07/in/craft_0.npz: 25 flybys, t_end 5037.7 d, tank 865.8 kg (planner view), miss 14.8 km, nreg 254
[10:03:25] budget: job_wall 300 s, 300 s left before the plan -> plan cap 210 s (plan_wall 240, settle_reserve 90)
[10:03:25] prefix slices/s07/in/craft_5.npz: 22 flybys, t_end 4915.2 d, tank 1066.3 kg (planner view), miss 48.0 km, nreg 240
[10:03:25] budget: job_wall 300 s, 300 s left before the plan -> plan cap 210 s (plan_wall 240, settle_reserve 90)
[10:03:48] first level (both): 0 production + 40 relaxed (dv 2.5, 0.3 AU; 0.0 s) + 27 lintwin children -> 43 unique (23.0 s)
[10:03:48] plan start: prefix 21 flybys, t_end 4969.0 d, planner mass 973.9 kg (dv 19.476 km/s); 43 first-level states
[10:03:49] first level (both): 0 production + 56 relaxed (dv 2.5, 0.3 AU; 0.1 s) + 27 lintwin children -> 51 unique (23.5 s)
[10:03:49] plan start: prefix 25 flybys, t_end 4997.9 d, planner mass 1047.1 kg (dv 16.632 km/s); 51 first-level states
[10:03:49] first level (both): 0 production + 46 relaxed (dv 2.5, 0.3 AU; 0.1 s) + 0 lintwin children -> 35 unique (23.5 s)
[10:03:49] plan start: prefix 22 flybys, t_end 4915.2 d, planner mass 902.6 kg (dv 22.457 km/s); 35 first-level states
[10:03:49] plan: 80 states, depth 3 new flybys, end plan_done (24 s); deepest 3 new to 5429 d at planner fuel 724 kg
[10:03:49]   depth  1:   43 states (43 in H), t_end 5082-5477 d, fuel 643-698 kg
[10:03:49]   depth  2:   36 states (36 in H), t_end 5296-5457 d, fuel 659-722 kg
[10:03:49]   depth  3:    1 states (1 in H), t_end 5429-5429 d, fuel 724-724 kg
[10:03:49] candidates: 46 distinct committed target sets (n_new 1-3, potential 0-0)
[10:03:49] frontier: 16 candidates chosen (n fb / committed planner kg / continuation (lookahead) [full]; pot_mode lookahead, pot_cap None): 1fb/643kg/p0(0)[0], 1fb/644kg/p0(0)[0], 1fb/645kg/p1(0)[1], 1fb/654kg/p1(0)[1], 1fb/666kg/p1(0)[1], 1fb/676kg/p2(0)[2], 1fb/679kg/p1(0)[1], 1fb/680kg/p1(0)[1], 1fb/682kg/p1(0)[1], 1fb/683kg/p1(0)[1], 1fb/684kg/p1(0)[1], 1fb/694kg/p1(0)[1], 2fb/659kg/p0(0)[0], 2fb/669kg/p0(0)[0], 2fb/705kg/p1(0)[1], 3fb/724kg/p0(0)[0]
[10:03:49] budget: 276 s of 300 left for the settles + regrids (settle_wall 480)
[10:03:49] first level (both): 0 production + 52 relaxed (dv 2.5, 0.3 AU; 0.1 s) + 0 lintwin children -> 30 unique (23.9 s)
[10:03:49] plan start: prefix 24 flybys, t_end 5032.8 d, planner mass 909.0 kg (dv 22.181 km/s); 30 first-level states
[10:03:50] plan: 73 states, depth 2 new flybys, end plan_done (24 s); deepest 2 new to 5318 d at planner fuel 581 kg
[10:03:50]   depth  1:   51 states (51 in H), t_end 5083-5477 d, fuel 562-624 kg
[10:03:50]   depth  2:   22 states (22 in H), t_end 5317-5461 d, fuel 581-655 kg
[10:03:50] candidates: 41 distinct committed target sets (n_new 1-2, potential 0-0)
[10:03:50] frontier: 16 candidates chosen (n fb / committed planner kg / continuation (lookahead) [full]; pot_mode lookahead, pot_cap None): 1fb/562kg/p1(0)[1], 1fb/569kg/p0(0)[0], 1fb/569kg/p0(0)[0], 1fb/572kg/p0(0)[0], 1fb/574kg/p1(0)[1], 1fb/580kg/p0(0)[0], 1fb/591kg/p1(0)[1], 1fb/598kg/p1(0)[1], 1fb/600kg/p1(0)[1], 1fb/613kg/p1(0)[1], 1fb/614kg/p1(0)[1], 1fb/615kg/p1(0)[1], 1fb/623kg/p1(0)[1], 2fb/581kg/p0(0)[0], 2fb/587kg/p0(0)[0], 2fb/607kg/p0(0)[0]
[10:03:50] budget: 276 s of 300 left for the settles + regrids (settle_wall 480)
[10:03:50] first level (both): 0 production + 21 relaxed (dv 2.5, 0.3 AU; 0.0 s) + 33 lintwin children -> 43 unique (24.2 s)
[10:03:50] plan start: prefix 27 flybys, t_end 4901.6 d, planner mass 1066.7 kg (dv 15.902 km/s); 43 first-level states
[10:03:50] first level (both): 0 production + 38 relaxed (dv 2.5, 0.3 AU; 0.0 s) + 31 lintwin children -> 47 unique (24.3 s)
[10:03:50] plan start: prefix 21 flybys, t_end 5031.9 d, planner mass 1154.6 kg (dv 12.796 km/s); 47 first-level states
[10:03:50] plan: 62 states, depth 3 new flybys, end plan_done (24 s); deepest 3 new to 5421 d at planner fuel 791 kg
[10:03:50]   depth  1:   35 states (35 in H), t_end 5045-5355 d, fuel 709-758 kg
[10:03:50]   depth  2:   22 states (22 in H), t_end 5255-5475 d, fuel 721-778 kg
[10:03:50]   depth  3:    5 states (5 in H), t_end 5419-5441 d, fuel 791-801 kg
[10:03:50] candidates: 31 distinct committed target sets (n_new 1-3, potential 0-0)
[10:03:50] frontier: 16 candidates chosen (n fb / committed planner kg / continuation (lookahead) [full]; pot_mode lookahead, pot_cap None): 1fb/709kg/p0(0)[0], 1fb/716kg/p1(0)[1], 1fb/735kg/p1(0)[1], 1fb/746kg/p1(0)[1], 1fb/747kg/p1(0)[1], 1fb/748kg/p1(0)[1], 1fb/750kg/p1(0)[1], 1fb/754kg/p1(0)[1], 1fb/758kg/p2(0)[2], 2fb/721kg/p0(0)[0], 2fb/745kg/p0(0)[0], 2fb/771kg/p1(0)[1], 2fb/776kg/p1(0)[1], 3fb/791kg/p0(0)[0], 3fb/794kg/p0(0)[0], 3fb/798kg/p0(0)[0]
[10:03:50] budget: 276 s of 300 left for the settles + regrids (settle_wall 480)
[10:03:50] first level (both): 0 production + 19 relaxed (dv 2.5, 0.3 AU; 0.1 s) + 44 lintwin children -> 58 unique (24.3 s)
[10:03:50] plan start: prefix 23 flybys, t_end 4717.1 d, planner mass 999.5 kg (dv 18.457 km/s); 58 first-level states
[10:03:50] plan: 64 states, depth 3 new flybys, end plan_done (24 s); deepest 3 new to 5424 d at planner fuel 771 kg
[10:03:50]   depth  1:   30 states (30 in H), t_end 5107-5443 d, fuel 700-753 kg
[10:03:50]   depth  2:   28 states (28 in H), t_end 5299-5458 d, fuel 724-774 kg
[10:03:50]   depth  3:    6 states (6 in H), t_end 5389-5439 d, fuel 771-796 kg
[10:03:50] candidates: 40 distinct committed target sets (n_new 1-3, potential 0-0)
[10:03:50] frontier: 16 candidates chosen (n fb / committed planner kg / continuation (lookahead) [full]; pot_mode lookahead, pot_cap None): 1fb/711kg/p1(0)[1], 1fb/712kg/p1(0)[1], 1fb/715kg/p1(0)[1], 1fb/726kg/p1(0)[1], 1fb/726kg/p1(0)[1], 1fb/728kg/p2(0)[2], 1fb/742kg/p1(0)[1], 1fb/746kg/p2(0)[2], 1fb/750kg/p1(0)[1], 1fb/753kg/p1(0)[1], 2fb/724kg/p0(0)[0], 2fb/731kg/p0(0)[0], 2fb/745kg/p1(0)[1], 3fb/771kg/p0(0)[0], 3fb/773kg/p0(0)[0], 3fb/774kg/p0(0)[0]
[10:03:50] budget: 275 s of 300 left for the settles + regrids (settle_wall 480)
[10:03:50] plan: 69 states, depth 2 new flybys, end plan_done (25 s); deepest 2 new to 5416 d at planner fuel 560 kg
[10:03:50]   depth  1:   43 states (43 in H), t_end 5064-5477 d, fuel 547-609 kg
[10:03:50]   depth  2:   26 states (26 in H), t_end 5266-5441 d, fuel 560-627 kg
[10:03:50] candidates: 42 distinct committed target sets (n_new 1-2, potential 0-0)
[10:03:50] frontier: 16 candidates chosen (n fb / committed planner kg / continuation (lookahead) [full]; pot_mode lookahead, pot_cap None): 1fb/550kg/p1(0)[1], 1fb/550kg/p0(0)[0], 1fb/552kg/p0(0)[0], 1fb/554kg/p0(0)[0], 1fb/556kg/p1(0)[1], 1fb/557kg/p1(0)[1], 1fb/559kg/p0(0)[0], 1fb/565kg/p1(0)[1], 1fb/571kg/p1(0)[1], 1fb/573kg/p1(0)[1], 1fb/574kg/p1(0)[1], 1fb/577kg/p1(0)[1], 1fb/596kg/p1(0)[1], 2fb/560kg/p0(0)[0], 2fb/568kg/p0(0)[0], 2fb/571kg/p0(0)[0]
[10:03:50] budget: 275 s of 300 left for the settles + regrids (settle_wall 480)
[10:03:50] plan: 88 states, depth 3 new flybys, end plan_done (25 s); deepest 3 new to 5437 d at planner fuel 512 kg
[10:03:50]   depth  1:   47 states (47 in H), t_end 5093-5470 d, fuel 447-529 kg
[10:03:50]   depth  2:   34 states (34 in H), t_end 5174-5467 d, fuel 463-556 kg
[10:03:50]   depth  3:    7 states (7 in H), t_end 5397-5460 d, fuel 512-588 kg
[10:03:50] candidates: 53 distinct committed target sets (n_new 1-3, potential 0-0)
[10:03:50] frontier: 16 candidates chosen (n fb / committed planner kg / continuation (lookahead) [full]; pot_mode lookahead, pot_cap None): 1fb/447kg/p1(0)[1], 1fb/458kg/p0(0)[0], 1fb/465kg/p1(0)[1], 1fb/483kg/p2(0)[2], 1fb/484kg/p1(0)[1], 1fb/491kg/p1(0)[1], 1fb/496kg/p2(0)[2], 1fb/501kg/p1(0)[1], 1fb/519kg/p2(0)[2], 1fb/524kg/p2(0)[2], 2fb/463kg/p0(0)[0], 2fb/474kg/p0(0)[0], 2fb/496kg/p1(0)[1], 3fb/512kg/p0(0)[0], 3fb/524kg/p0(0)[0], 3fb/557kg/p0(0)[0]
[10:03:50] budget: 275 s of 300 left for the settles + regrids (settle_wall 480)
[10:03:51] first level (both): 0 production + 55 relaxed (dv 2.5, 0.3 AU; 0.1 s) + 32 lintwin children -> 57 unique (25.4 s)
[10:03:51] plan start: prefix 25 flybys, t_end 5037.7 d, planner mass 1111.6 kg (dv 14.287 km/s); 57 first-level states
[10:03:52] plan: 180 states, depth 3 new flybys, end plan_done (26 s); deepest 3 new to 5393 d at planner fuel 646 kg
[10:03:52]   depth  1:   58 states (58 in H), t_end 5045-5477 d, fuel 607-670 kg
[10:03:52]   depth  2:   89 states (89 in H), t_end 5189-5452 d, fuel 616-700 kg
[10:03:52]   depth  3:   33 states (33 in H), t_end 5327-5451 d, fuel 646-708 kg
[10:03:52] candidates: 107 distinct committed target sets (n_new 1-3, potential 0-0)
[10:03:52] frontier: 16 candidates chosen (n fb / committed planner kg / continuation (lookahead) [full]; pot_mode lookahead, pot_cap None): 1fb/607kg/p1(0)[1], 1fb/614kg/p0(0)[0], 1fb/616kg/p1(0)[1], 1fb/616kg/p2(0)[2], 1fb/617kg/p1(0)[1], 1fb/618kg/p1(0)[1], 1fb/620kg/p1(0)[1], 1fb/630kg/p2(0)[2], 1fb/646kg/p2(0)[2], 1fb/647kg/p2(0)[2], 2fb/616kg/p0(0)[0], 2fb/618kg/p0(0)[0], 2fb/633kg/p1(0)[1], 3fb/646kg/p0(0)[0], 3fb/648kg/p0(0)[0], 3fb/649kg/p0(0)[0]
[10:03:52] budget: 274 s of 300 left for the settles + regrids (settle_wall 480)
[10:03:52] plan: 117 states, depth 3 new flybys, end plan_done (26 s); deepest 3 new to 5429 d at planner fuel 521 kg
[10:03:52]   depth  1:   57 states (57 in H), t_end 5100-5466 d, fuel 495-568 kg
[10:03:52]   depth  2:   51 states (51 in H), t_end 5289-5450 d, fuel 504-589 kg
[10:03:52]   depth  3:    9 states (9 in H), t_end 5420-5435 d, fuel 521-587 kg
[10:03:52] candidates: 55 distinct committed target sets (n_new 1-3, potential 0-0)
[10:03:52] frontier: 16 candidates chosen (n fb / committed planner kg / continuation (lookahead) [full]; pot_mode lookahead, pot_cap None): 1fb/495kg/p0(0)[0], 1fb/496kg/p1(0)[1], 1fb/498kg/p2(0)[2], 1fb/502kg/p2(0)[2], 1fb/510kg/p1(0)[1], 1fb/517kg/p1(0)[1], 1fb/522kg/p1(0)[1], 1fb/524kg/p1(0)[1], 1fb/531kg/p2(0)[2], 1fb/548kg/p2(0)[2], 2fb/504kg/p0(0)[0], 2fb/504kg/p0(0)[0], 2fb/515kg/p1(0)[1], 3fb/521kg/p0(0)[0], 3fb/554kg/p0(0)[0], 3fb/570kg/p0(0)[0]
[10:03:52] budget: 274 s of 300 left for the settles + regrids (settle_wall 480)
[10:03:53]     settle 24:  89 @   5065 d -> ok lintwin tank 969.4 (+6.5) miss 69 km (1.0 s)
[10:03:53]     settle 26:  57 @   5179 d -> ok lintwin tank 926.8 (+7.7) miss 73 km (3.5 s)
[10:03:53]     settle 23:  74 @   5335 d -> ok lin tank 1075.1 (+8.8) miss 52 km (3.5 s)
[10:03:53]     settle 26: 184 @   5434 d -> ok lintwin tank 870.4 (+4.6) miss 82 km (1.6 s)
[10:03:53]     settle 28: 218 @   5334 d -> ok lintwin tank 930.8 (+28.7) miss 19 km (2.9 s)
[10:03:54]     settle 22: 142 @   5343 d -> ok lintwin tank 835.2 (+1.7) miss 72 km (3.2 s)
[10:03:56]     settle 26: 283 @   5310 d -> ok lintwin tank 870.4 (+4.6) miss 73 km (1.6 s)
[10:03:56]     settle 22:  10 @   5305 d -> ok lintwin tank 1001.9 (+13.6) miss 17 km (7.1 s)
[10:03:57]     settle 23: 121 @   5154 d -> ok lam tank 1087.9 (+21.6) miss 67 km (2.8 s)
[10:03:57]     settle 24: 222 @   5364 d -> ok lintwin tank 974.6 (+11.7) miss 67 km (3.7 s)
[10:03:57]     settle 22: 171 @   5462 d -> ok lintwin tank 840.6 (+7.1) miss 82 km (3.0 s)
[10:03:58]     settle 28:  24 @   5416 d -> ok lintwin tank 909.2 (+7.0) miss 68 km (4.3 s)
[10:03:59]     settle 26:  74 @   5328 d -> ok lintwin tank 930.5 (+11.3) miss 76 km (4.7 s)
[10:04:00]     settle 25:  83 @   5207 d -> ok lam tank 1075.5 (+16.7) miss 89 km (9.7 s)
[10:04:00]     settle 24: 155 @   5194 d -> ok lintwin tank 980.6 (+17.7) miss 71 km (2.1 s)
[10:04:01]     settle 22: 247 @   5206 d -> ok lintwin tank 846.4 (+12.9) miss 55 km (2.5 s)
[10:04:02]     settle 26:  93 @   5409 d -> ok lintwin tank 939.3 (+20.1) miss 70 km (2.9 s)
[10:04:04]     settle 24: 185 @   5050 d -> ok lintwin tank 979.6 (+16.7) miss 79 km (3.8 s)
[10:04:06]     settle 28: 283 @   5273 d -> ok lintwin tank 919.3 (+17.1) miss 70 km (6.3 s)
[10:04:06]     settle 22:   9 @   5227 d -> ok lintwin tank 857.7 (+24.2) miss 29 km (4.1 s)
[10:04:06]     settle 25: 247 @   5193 d -> ok lin tank 1058.3 (+-0.5) miss 45 km (5.3 s)
[10:04:09]     settle 23: 254 @   5285 d -> ok lam tank 1094.4 (+28.1) miss 53 km (9.3 s)
[10:04:09]     settle 22: 163 @   5329 d -> ok lintwin tank 1000.6 (+12.3) miss 17 km (7.3 s)
[10:04:09]     settle 24: 244 @   5103 d -> ok lintwin tank 991.3 (+28.4) miss 74 km (4.0 s)
[10:04:10]     settle 26: 294 @   5185 d -> FAIL [('lam', 17698843.5)] (13.0 s)
[10:04:11]     settle 26: 149 @   5417 d -> ok lintwin tank 941.8 (+22.6) miss 70 km (6.2 s)
[10:04:11]     settle 28:  27 @   5358 d -> ok lintwin tank 936.1 (+33.9) miss 38 km (4.9 s)
[10:04:12]     settle 26:  87 @   5100 d -> ok lintwin tank 876.2 (+10.4) miss 63 km (1.9 s)
[10:04:13]     settle 22:  65 @   5204 d -> ok lintwin tank 874.7 (+41.2) miss 71 km (6.4 s)
[10:04:15]     settle 26:  25 @   5205 d -> ok lintwin tank 883.1 (+17.3) miss 59 km (1.6 s)
[10:04:15]     settle 24: 105 @   5205 d -> ok lintwin tank 986.4 (+23.4) miss 64 km (5.0 s)
[10:04:16]     settle 26: 227 @   5339 d -> ok lintwin tank 943.2 (+24.1) miss 81 km (3.8 s)
[10:04:17]     settle 28:  25 @   5187 d -> ok lintwin tank 917.5 (+15.3) miss 71 km (4.7 s)
[10:04:20]     settle 22: 196 @   5232 d -> ok lintwin tank 1002.0 (+13.7) miss 69 km (7.7 s)
[10:04:21]     settle 22: 189 @   5218 d -> ok lintwin tank 965.1 (+131.6) miss 74 km (7.1 s)
[10:04:21]     settle 26: 176 @   5262 d -> ok lintwin tank 901.5 (+35.7) miss 67 km (5.7 s)
[10:04:21]     settle 24: 121 @   5143 d -> ok lintwin tank 1004.0 (+41.1) miss 76 km (5.8 s)
[10:04:22]     settle 25:   9 @   5233 d -> ok lin tank 1096.5 (+37.7) miss 88 km (15.0 s)
[10:04:22]     settle 26:  98 @   5294 d -> ok lintwin tank 948.3 (+29.2) miss 9 km (6.0 s)
[10:04:23]     settle 28: 164 @   5232 d -> ok lintwin tank 911.2 (+9.1) miss 72 km (5.4 s)
[10:04:26]     settle 22: 191 @   5093 d -> ok lintwin tank 873.4 (+39.9) miss 79 km (4.1 s)
[10:04:27]     settle 22:  15 @   5289 d -> ok lintwin tank 1010.7 (+22.5) miss 18 km (6.9 s)
[10:04:28]     settle 26: 163 @   5324 d -> ok lintwin tank 883.1 (+17.3) miss 73 km (6.0 s)
[10:04:28]     settle 26:  69 @   5288 d -> ok lintwin tank 941.3 (+22.1) miss 58 km (4.3 s)
[10:04:29]     settle 23: 190 @   5255 d -> ok lin tank 1115.3 (+49.0) miss 7 km (19.3 s)
[10:04:31]     settle 28: 176 @   5348 d -> ok lintwin tank 994.4 (+92.2) miss 79 km (7.4 s)
[10:04:31]     settle 24:  71 @   5165 d -> ok lintwin tank 1063.8 (+100.9) miss 4 km (8.9 s)
[10:04:31]     settle 22:  44 @   5240 d -> ok lintwin tank 873.0 (+39.5) miss 81 km (4.4 s)
[10:04:32]     settle 25: 103 @   5318 d -> ok lam tank 1097.8 (+39.0) miss 67 km (5.1 s)
[10:04:35]     settle 26:  15 @   5277 d -> ok lintwin tank 884.0 (+18.2) miss 75 km (6.2 s)
[10:04:35]     settle 26: 292 @   5308 d -> ok lintwin tank 956.8 (+37.7) miss 70 km (5.8 s)
[10:04:36]     settle 24:  87 @   5191 d -> ok lintwin tank 1001.4 (+38.5) miss 73 km (3.6 s)
[10:04:38]     settle 22:  10 @   5208 d -> ok lintwin tank 872.0 (+38.5) miss 81 km (5.4 s)
[10:04:38]     settle 22: 205 @   5097 d -> ok lintwin tank 1085.7 (+97.5) miss 65 km (7.7 s)
[10:04:38]   drift: leg 205@5097 d settled outside (T, T+H] -> column cut at 0
[10:04:38]     settle 26: 103 @   5117 d -> ok lintwin tank 901.2 (+35.4) miss 87 km (2.2 s)
[10:04:38]     settle 26: 142 @   5214 d -> ok lintwin tank 962.6 (+43.5) miss 68 km (1.5 s)
[10:04:40]     settle 28: 103 @   5226 d -> ok lintwin tank 974.9 (+72.8) miss 59 km (7.9 s)
[10:04:42]     settle 24:   5 @   5200 d -> ok lintwin tank 993.0 (+30.1) miss 54 km (4.7 s)
[10:04:43]     settle 22: 254 @   5224 d -> ok lintwin tank 1022.2 (+34.0) miss 72 km (5.0 s)
[10:04:45]     settle 28:  44 @   5175 d -> ok lintwin tank 937.2 (+35.0) miss 60 km (4.2 s)
[10:04:45]     settle 26: 262 @   5318 d -> ok lam tank 962.4 (+43.3) miss 21 km (5.3 s)
[10:04:45]     settle 26: 196 @   5184 d -> ok lintwin tank 895.9 (+30.1) miss 21 km (5.9 s)
[10:04:46]     settle 22: 300 @   5099 d -> ok lintwin tank 913.0 (+79.5) miss 73 km (7.1 s)
[10:04:47]     settle 23: 171 @   5460 d -> ok lintwin tank 842.8 (+7.6) miss 9 km (0.7 s)
[10:04:47]     settle 27: 184 @   5431 d -> ok lintwin tank 873.6 (+3.2) miss 21 km (1.3 s)
[10:04:49]     settle 23:  53 @   5427 d -> ok lintwin tank 849.4 (+3.0) miss 20 km (0.7 s)
[10:04:49]     settle 23:  87 @   5195 d -> ok lin tank 1119.7 (+53.4) miss 5 km (19.1 s)
[10:04:49]     settle 27: 184 @   5431 d -> ok lintwin tank 877.2 (+1.0) miss 34 km (1.2 s)
[10:04:50]     settle 26:  65 @   5088 d -> ok lintwin tank 954.7 (+35.6) miss 59 km (3.8 s)
[10:04:50]     settle 25: 250 @   5213 d -> ok lin tank 1063.5 (+4.7) miss 85 km (16.8 s)
[10:04:50]     settle 23: 142 @   5345 d -> ok lintwin tank 860.1 (+2.4) miss 17 km (0.8 s)
[10:04:51]     settle 25: 298 @   5392 d -> ok lintwin tank 977.4 (+8.0) miss 1 km (8.3 s)
[10:04:51]     settle 27: 283 @   5310 d -> ok lintwin tank 882.9 (+6.6) miss 43 km (1.0 s)
[10:04:51]     settle 23:  52 @   5174 d -> ok lintwin tank 873.9 (+0.5) miss 57 km (0.6 s)
[10:04:52]     settle 22:  87 @   5082 d -> ok lintwin tank 1024.4 (+36.2) miss 72 km (8.0 s)
[10:04:53]     settle 28:  71 @   5277 d -> ok lintwin tank 937.3 (+35.1) miss 71 km (7.4 s)
[10:04:54]     settle 28: 184 @   5429 d -> ok lintwin tank 884.7 (+1.9) miss 77 km (1.8 s)
[10:04:54]     settle 26:   5 @   5284 d -> ok lintwin tank 980.7 (+61.6) miss 51 km (3.0 s)
[10:04:54]     settle 24: 210 @   5437 d -> ok lintwin tank 885.1 (+11.2) miss 77 km (2.9 s)
[10:04:56]     settle 24: 171 @   5459 d -> ok lintwin tank 877.0 (+16.9) miss 8 km (0.8 s)
[10:04:57]     settle 27:  10 @   5311 d -> ok lintwin tank 905.3 (+4.1) miss 67 km (2.6 s)
[10:04:58]     settle 23: 155 @   5205 d -> ok lin tank 1096.6 (+30.4) miss 55 km (5.8 s)
[10:04:59]     settle 28:  24 @   5420 d -> ok lintwin tank 918.0 (+12.7) miss 36 km (1.3 s)
[10:04:59]     settle 25:  65 @   5193 d -> ok lam tank 1091.8 (+33.0) miss 72 km (4.8 s)
[10:04:59]     settle 28: 186 @   5164 d -> ok lintwin tank 935.7 (+33.5) miss 69 km (5.2 s)
[10:04:59]   2 candidates dropped (settle failure / regrid failure / duplicate after truncation)
[10:04:59] RESULT s07_c0: 14 columns; frontier 1fb 4 kg p0/0 | 2fb 8 kg p0/0 | 3fb 19 kg p0/0; settles 16 (15 ok), regrids 14 (14 ok); wall 94 s of 300 (plan 26, price 2, settle 68; budget hit None, 0 unsettled)
[10:04:59]   job s07_c0 craft columns  14  levels 3  settles 15/16  end plan_done  wall 94.2 s
[10:05:00]     settle 25: 231 @   5440 d -> ok lintwin tank 979.1 (+-1.4) miss 68 km (7.3 s)
[10:05:00]     settle 23: 103 @   5292 d -> ok lintwin tank 900.3 (+28.3) miss 63 km (3.2 s)
[10:05:01]     settle 22:  25 @   5202 d -> ok lintwin tank 1020.5 (+32.3) miss 91 km (8.7 s)
[10:05:03]     settle 23: 143 @   5063 d -> ok lam tank 1139.3 (+73.0) miss 24 km (4.6 s)
[10:05:03]     settle 24: 185 @   5045 d -> ok lintwin tank 979.9 (+17.0) miss 52 km (2.8 s)
[10:05:04]     settle 26:  89 @   5228 d -> ok lintwin tank 971.2 (+52.1) miss 39 km (7.5 s)
[10:05:07]     settle 27:  74 @   5318 d -> ok lintwin tank 935.6 (+8.8) miss 69 km (2.3 s)
[10:05:09]     settle 24: 272 @   5415 d -> ok lintwin tank 1000.5 (+100.2) miss 61 km (8.3 s)
[10:05:09] RESULT s07_c6: 16 columns; frontier 1fb 1 kg p0/0 | 2fb 9 kg p0/0 | 3fb 43 kg p0/0; settles 18 (18 ok), regrids 16 (16 ok); wall 104 s of 300 (plan 25, price 2, settle 79; budget hit None, 0 unsettled)
[10:05:09]     settle 25: 155 @   5189 d -> ok lintwin tank 989.5 (+9.6) miss 75 km (6.1 s)
[10:05:09]   job s07_c6 craft columns  16  levels 3  settles 18/18  end plan_done  wall 103.9 s
[10:05:10]     settle 25: 142 @   5328 d -> ok lam tank 1111.0 (+52.2) miss 72 km (5.1 s)
[10:05:10]     settle 22:  26 @   5276 d -> ok lintwin tank 1037.1 (+48.8) miss 75 km (8.7 s)
[10:05:11]     settle 23: 176 @   5285 d -> ok lam tank 1104.6 (+38.3) miss 71 km (6.3 s)
[10:05:11]     settle 28:  79 @   5297 d -> ok lintwin tank 986.4 (+84.2) miss 70 km (7.9 s)
[10:05:12]     settle 27: 292 @   5417 d -> ok lintwin tank 941.2 (+14.4) miss 50 km (4.6 s)
[10:05:14]     settle 25: 200 @   5280 d -> ok lintwin tank 1002.7 (+23.1) miss 67 km (3.0 s)
[10:05:16]     settle 25:  10 @   5214 d -> ok lam tank 1132.2 (+73.4) miss 55 km (4.8 s)
[10:05:16]     settle 23:  65 @   5045 d -> ok lam tank 1098.6 (+32.3) miss 59 km (4.4 s)
[10:05:16]   drift: leg 65@5045 d settled outside (T, T+H] -> column cut at 0
[10:05:17]     settle 24:  98 @   5301 d -> ok lam tank 1094.4 (+6.4) miss 67 km (1.1 s)
[10:05:17]     settle 28: 196 @   5202 d -> ok lintwin tank 955.7 (+53.5) miss 47 km (6.0 s)
[10:05:19]     settle 27: 149 @   5398 d -> ok lintwin tank 948.7 (+5.5) miss 73 km (5.4 s)
[10:05:19]     settle 22: 106 @   5300 d -> ok lintwin tank 1029.6 (+41.3) miss 78 km (8.0 s)
[10:05:21] RESULT s07_c3: 16 columns; frontier 1fb 8 kg p0/0 | 2fb 16 kg p0/0; settles 16 (16 ok), regrids 16 (16 ok); wall 115 s of 300 (plan 24, price 1, settle 91; budget hit None, 0 unsettled)
[10:05:21]     settle 26: 298 @   5393 d -> ok lintwin tank 1004.8 (+2.2) miss 65 km (6.9 s)
[10:05:21]     settle 25:  44 @   5243 d -> ok lam tank 1114.8 (+56.0) miss 77 km (4.7 s)
[10:05:22]   job s07_c3 craft columns  16  levels 2  settles 16/16  end plan_done  wall 115.4 s
[10:05:23]     settle 29:  24 @   5416 d -> ok lintwin tank 914.1 (+2.9) miss 65 km (4.9 s)
[10:05:26]     settle 29:  24 @   5416 d -> ok lintwin tank 925.6 (+8.1) miss 33 km (2.3 s)
[10:05:27]     settle 25: 214 @   5268 d -> ok lam tank 1113.5 (+54.7) miss 96 km (4.6 s)
[10:05:28]     settle 22: 283 @   5317 d -> ok lintwin tank 1033.2 (+45.0) miss 76 km (7.9 s)
[10:05:30]     settle 26:  53 @   5424 d -> ok lam tank 1108.4 (+11.9) miss 88 km (1.2 s)
[10:05:31]     settle 26: 221 @   5443 d -> ok lintwin tank 996.6 (+7.0) miss 3 km (8.6 s)
[10:05:33]     settle 26: 239 @   5430 d -> ok lam tank 1115.5 (+17.6) miss 67 km (1.1 s)
[10:05:34]     settle 29: 154 @   5425 d -> ok lintwin tank 954.8 (+23.9) miss 65 km (7.2 s)
[10:05:35] RESULT s07_c4: 16 columns; frontier 1fb 7 kg p0/0 | 2fb 12 kg p0/0; settles 16 (16 ok), regrids 16 (16 ok); wall 130 s of 300 (plan 25, price 1, settle 104; budget hit None, 0 unsettled)
[10:05:36]   job s07_c4 craft columns  16  levels 2  settles 16/16  end plan_done  wall 129.6 s
[10:05:36]     settle 24:  95 @   5445 d -> ok lin tank 1112.5 (+18.1) miss 5 km (17.5 s)
[10:05:36]     settle 22: 298 @   5231 d -> ok lintwin tank 1139.1 (+150.9) miss 12 km (7.6 s)
[10:05:38]   6 candidates dropped (settle failure / regrid failure / duplicate after truncation)
[10:05:38] RESULT s07_c5: 10 columns; frontier 1fb 9 kg p0/0 | 2fb 28 kg p0/0; settles 11 (11 ok), regrids 10 (10 ok); wall 133 s of 300 (plan 24, price 1, settle 108; budget hit None, 0 unsettled)
[10:05:40]   job s07_c5 craft columns  10  levels 3  settles 11/11  end plan_done  wall 132.8 s
[10:05:40]     settle 26:  79 @   5392 d -> ok lintwin tank 995.2 (+5.6) miss 3 km (6.8 s)
[10:05:44] RESULT s07_c7: 16 columns; frontier 1fb 6 kg p0/0 | 2fb 14 kg p0/0 | 3fb 31 kg p0/0; settles 18 (18 ok), regrids 16 (16 ok); wall 139 s of 300 (plan 26, price 2, settle 112; budget hit None, 0 unsettled)
[10:05:46]   job s07_c7 craft columns  16  levels 3  settles 18/18  end plan_done  wall 138.6 s
[10:05:46]     settle 26: 142 @   5327 d -> ok lam tank 1150.5 (+58.6) miss 58 km (9.0 s)
[10:05:57]     settle 27:  53 @   5424 d -> ok lam tank 1140.5 (+-9.9) miss 53 km (4.9 s)
[10:06:02]     settle 23:  27 @   5350 d -> ok lam tank 1017.3 (+15.3) miss 69 km (23.1 s)
[10:06:02]     settle 26: 103 @   5304 d -> ok lam tank 1129.9 (+-2.3) miss 51 km (2.9 s)
[10:06:03]     settle 27:  45 @   5395 d -> ok lam tank 1145.8 (+15.9) miss 51 km (1.1 s)
[10:06:07]     settle 26: 103 @   5299 d -> ok lam tank 1145.3 (+13.1) miss 59 km (2.9 s)
[10:06:10]     settle 27: 214 @   5393 d -> ok lam tank 1151.4 (+6.0) miss 73 km (2.7 s)
[10:06:12]     settle 23:  24 @   5426 d -> ok lintwin tank 1011.1 (+0.4) miss 58 km (8.6 s)
[10:06:13] RESULT s07_c1: 16 columns; frontier 1fb -1 kg p0/0 | 2fb 45 kg p0/0 | 3fb 76 kg p0/0; settles 18 (18 ok), regrids 16 (16 ok); wall 168 s of 300 (plan 24, price 2, settle 143; budget hit None, 0 unsettled)
[10:06:14]   job s07_c1 craft columns  16  levels 3  settles 18/18  end plan_done  wall 167.8 s
[10:06:19]     settle 23:  15 @   5296 d -> ok lam tank 1030.5 (+8.3) miss 63 km (5.9 s)
[10:06:30]     settle 24:  24 @   5429 d -> ok lintwin tank 1041.7 (+11.2) miss 17 km (10.7 s)
[10:06:32]   1 candidates dropped (settle failure / regrid failure / duplicate after truncation)
[10:06:32] RESULT s07_c2: 15 columns; frontier 1fb 9 kg p0/0 | 2fb 23 kg p0/0 | 3fb 53 kg p0/0; settles 16 (16 ok), regrids 15 (15 ok); wall 186 s of 300 (plan 24, price 1, settle 162; budget hit None, 0 unsettled)
[10:06:32]   job s07_c2 craft columns  15  levels 3  settles 16/16  end plan_done  wall 186.3 s
[10:06:32] [slice 7] propose: 119 columns (0 bad dropped) in 186.4 s
[10:06:32] [slice 7] auction: 119 columns, kept 94, dropped {'fuel': 25}; lam 0.70 H_eff 437 d fuel budget 390 kg quota OFF
[10:06:32] [slice 7] auction: status optimal objective 58.005 vars 94 rows 42 chosen 7 fuel 215/390 kg (0.006 s)
[10:06:34] [slice 7 T=5040 d] launched 8/8  covered 205  remaining 93  fuel 3010 kg  sumJi 10.7476  chosen: c0:3(+19) c1:1(-1) c2:3(+53) c3:2(+16) c4:2(+52) c6:3(+43) c7:3(+30)  rejected: -  (wall 188 s)
[10:06:34] stop: horizon at T=5477 d (slice 8)
[10:06:34] finalize: fleet/ 8 routes  covered 205  misses 93  fuel 3010 kg  sumJi 10.7476  J 105.7476  honest True
[10:06:34] p4_long: slice 8 phase propose T=5477 d  launched 8/8  covered 205  remaining 93  fuel 3010 kg  sumJi 10.7476  done True (horizon)
