[15:27:41] new run p20_claims_H360: N 8 H 360.0 d L 360.0 d proposer planbeam commit regrid nproc 9 stop_T None claims on (bonus 1.0, ttl 6)
[15:27:41] [slice 0] claims in force: -  (0 targets; claim_bonus 1.0, ttl 6)
[15:27:41] [slice 0 T=0 d] propose: 9 jobs (0 craft, 9 root) on 9 workers, proposer planbeam, H_eff 360 d, lam 1.0
[15:27:41] job s00_r1 (root, craft None, planbeam): T 0 d H 360 L 360; plan horizon 1440 d; remaining 298; prize >1 on 5; width 150 npt 6 mc 150 dv 1.2 drmax 0.15 plan_wall 240 s; quota {'fil': 12, 'med': 18}
[15:27:41] job s00_r0 (root, craft None, planbeam): T 0 d H 360 L 360; plan horizon 1440 d; remaining 298; prize >1 on 5; width 150 npt 6 mc 150 dv 1.2 drmax 0.15 plan_wall 240 s; quota {'fil': 12, 'med': 18}
[15:27:41] job s00_r3 (root, craft None, planbeam): T 0 d H 360 L 360; plan horizon 1440 d; remaining 298; prize >1 on 5; width 150 npt 6 mc 150 dv 1.2 drmax 0.15 plan_wall 240 s; quota {'fil': 12, 'med': 18}
[15:27:41] job s00_r2 (root, craft None, planbeam): T 0 d H 360 L 360; plan horizon 1440 d; remaining 298; prize >1 on 5; width 150 npt 6 mc 150 dv 1.2 drmax 0.15 plan_wall 240 s; quota {'fil': 12, 'med': 18}
[15:27:41] budget: job_wall 300 s, 300 s left before the plan -> plan cap 210 s (plan_wall 240, settle_reserve 90)
[15:27:41] job s00_r6 (root, craft None, planbeam): T 0 d H 360 L 360; plan horizon 1440 d; remaining 298; prize >1 on 5; width 150 npt 6 mc 150 dv 1.2 drmax 0.15 plan_wall 240 s; quota {'fil': 12, 'med': 18}
[15:27:41] budget: job_wall 300 s, 300 s left before the plan -> plan cap 210 s (plan_wall 240, settle_reserve 90)
[15:27:41] budget: job_wall 300 s, 300 s left before the plan -> plan cap 210 s (plan_wall 240, settle_reserve 90)
[15:27:41] job s00_r4 (root, craft None, planbeam): T 0 d H 360 L 360; plan horizon 1440 d; remaining 298; prize >1 on 5; width 150 npt 6 mc 150 dv 1.2 drmax 0.15 plan_wall 240 s; quota {'fil': 12, 'med': 18}
[15:27:41] job s00_r5 (root, craft None, planbeam): T 0 d H 360 L 360; plan horizon 1440 d; remaining 298; prize >1 on 5; width 150 npt 6 mc 150 dv 1.2 drmax 0.15 plan_wall 240 s; quota {'fil': 12, 'med': 18}
[15:27:41] job s00_r7 (root, craft None, planbeam): T 0 d H 360 L 360; plan horizon 1440 d; remaining 298; prize >1 on 5; width 150 npt 6 mc 150 dv 1.2 drmax 0.15 plan_wall 240 s; quota {'fil': 12, 'med': 18}
[15:27:41] budget: job_wall 300 s, 300 s left before the plan -> plan cap 210 s (plan_wall 240, settle_reserve 90)
[15:27:41] budget: job_wall 300 s, 300 s left before the plan -> plan cap 210 s (plan_wall 240, settle_reserve 90)
[15:27:41] budget: job_wall 300 s, 300 s left before the plan -> plan cap 210 s (plan_wall 240, settle_reserve 90)
[15:27:41] budget: job_wall 300 s, 300 s left before the plan -> plan cap 210 s (plan_wall 240, settle_reserve 90)
[15:27:41] budget: job_wall 300 s, 300 s left before the plan -> plan cap 210 s (plan_wall 240, settle_reserve 90)
[15:27:41] job s00_r8 (root, craft None, planbeam): T 0 d H 360 L 360; plan horizon 1440 d; remaining 298; prize >1 on 5; width 150 npt 6 mc 150 dv 1.2 drmax 0.15 plan_wall 240 s; quota {'fil': 12, 'med': 18}
[15:27:41] budget: job_wall 300 s, 300 s left before the plan -> plan cap 210 s (plan_wall 240, settle_reserve 90)
[15:27:42] plan start: 4 launch dates (50-80 d) -> 688 launch legs with first flyby <= T+H, 90 kept (cap min(roots_max 450, 3 x width) = 450; 1.3 s)
[15:27:42] plan start: 4 launch dates (210-240 d) -> 206 launch legs with first flyby <= T+H, 25 kept (cap min(roots_max 450, 3 x width) = 450; 1.4 s)
[15:27:42] plan start: 4 launch dates (170-200 d) -> 188 launch legs with first flyby <= T+H, 34 kept (cap min(roots_max 450, 3 x width) = 450; 1.4 s)
[15:27:42] plan start: 4 launch dates (330-360 d) -> 0 launch legs with first flyby <= T+H, 0 kept (cap min(roots_max 450, 3 x width) = 450; 1.4 s)
[15:27:42] plan: 0 states, depth 0 new flybys, end no_children (1 s)
[15:27:42] candidates: 0 distinct committed target sets (n_new -, potential -)
[15:27:42] frontier: 0 candidates chosen (n fb / committed planner kg / continuation (lookahead) [full]; pot_mode lookahead, pot_cap None): 
[15:27:42] budget: 299 s of 300 left for the settles + regrids (settle_wall 480)
[15:27:42] RESULT s00_r8: 0 columns; frontier ; settles 0 (0 ok), regrids 0 (0 ok); wall 1 s of 300 (plan 1, price 0, settle 0; budget hit None, 0 unsettled)
[15:27:42] plan start: 4 launch dates (90-120 d) -> 464 launch legs with first flyby <= T+H, 69 kept (cap min(roots_max 450, 3 x width) = 450; 1.4 s)
[15:27:42] plan start: 4 launch dates (290-320 d) -> 16 launch legs with first flyby <= T+H, 4 kept (cap min(roots_max 450, 3 x width) = 450; 1.4 s)
[15:27:42] plan start: 4 launch dates (130-160 d) -> 227 launch legs with first flyby <= T+H, 47 kept (cap min(roots_max 450, 3 x width) = 450; 1.4 s)
[15:27:42] plan start: 4 launch dates (250-280 d) -> 92 launch legs with first flyby <= T+H, 14 kept (cap min(roots_max 450, 3 x width) = 450; 1.4 s)
[15:27:42] plan start: 5 launch dates (0-40 d) -> 1043 launch legs with first flyby <= T+H, 120 kept (cap min(roots_max 450, 3 x width) = 450; 1.8 s)
[15:27:43]   job s00_r8 root  columns   0  levels 0  settles 0/0  end no_children  wall 1.4 s
[15:28:47] plan: 1032 states, depth 10 new flybys, end plan_done (66 s); deepest 10 new to 1402 d at planner fuel 282 kg
[15:28:47]   depth  1:    4 states (4 in H), t_end 335-355 d, fuel 0-0 kg
[15:28:47]   depth  2:   45 states (0 in H), t_end 525-940 d, fuel 9-53 kg
[15:28:47]   depth  3:  150 states (0 in H), t_end 645-985 d, fuel 17-103 kg
[15:28:47]   depth  4:  150 states (0 in H), t_end 780-1437 d, fuel 41-152 kg
[15:28:47]   depth  5:  150 states (0 in H), t_end 858-1438 d, fuel 79-194 kg
[15:28:47]   depth  6:  150 states (0 in H), t_end 921-1440 d, fuel 109-228 kg
[15:28:47]   depth  7:  150 states (0 in H), t_end 1084-1436 d, fuel 134-261 kg
[15:28:47]   depth  8:  150 states (0 in H), t_end 1169-1440 d, fuel 162-290 kg
[15:28:47]   depth  9:   78 states (0 in H), t_end 1243-1440 d, fuel 215-327 kg
[15:28:47]   depth 10:    5 states (0 in H), t_end 1398-1437 d, fuel 282-304 kg
[15:28:47] candidates: 2 distinct committed target sets (n_new 1-1, potential 2-2)
[15:28:47] frontier: 2 candidates chosen (n fb / committed planner kg / continuation (lookahead) [full]; pot_mode lookahead, pot_cap None): 1fb/0kg/p2(2)[2], 1fb/0kg/p2(2)[2]
[15:28:47] budget: 234 s of 300 left for the settles + regrids (settle_wall 480)
[15:28:47] RESULT s00_r7: 2 columns; frontier 1fb 0 kg p2/2; settles 2 (2 ok), regrids 2 (2 ok); wall 66 s of 300 (plan 66, price 0, settle 0; budget hit None, 0 unsettled)
[15:28:47]   job s00_r7 root  columns   2  levels 10  settles 2/2  end plan_done  wall 66.1 s
[15:29:07] plan: 1220 states, depth 10 new flybys, end plan_done (86 s); deepest 10 new to 1413 d at planner fuel 280 kg
[15:29:07]   depth  1:   14 states (14 in H), t_end 295-355 d, fuel 0-0 kg
[15:29:07]   depth  2:  150 states (0 in H), t_end 460-835 d, fuel 5-54 kg
[15:29:07]   depth  3:  150 states (0 in H), t_end 539-781 d, fuel 31-103 kg
[15:29:07]   depth  4:  150 states (0 in H), t_end 709-870 d, fuel 39-141 kg
[15:29:07]   depth  5:  150 states (0 in H), t_end 796-965 d, fuel 66-174 kg
[15:29:07]   depth  6:  150 states (0 in H), t_end 904-1101 d, fuel 82-213 kg
[15:29:07]   depth  7:  150 states (0 in H), t_end 1007-1440 d, fuel 96-256 kg
[15:29:07]   depth  8:  150 states (0 in H), t_end 1110-1440 d, fuel 139-298 kg
[15:29:07]   depth  9:  150 states (0 in H), t_end 1247-1440 d, fuel 193-314 kg
[15:29:07]   depth 10:    6 states (0 in H), t_end 1317-1420 d, fuel 280-357 kg
[15:29:07] candidates: 6 distinct committed target sets (n_new 1-1, potential 1-3)
[15:29:07] frontier: 6 candidates chosen (n fb / committed planner kg / continuation (lookahead) [full]; pot_mode lookahead, pot_cap None): 1fb/0kg/p3(3)[3], 1fb/0kg/p3(3)[3], 1fb/0kg/p2(2)[2], 1fb/0kg/p2(2)[2], 1fb/0kg/p2(2)[2], 1fb/0kg/p1(1)[1]
[15:29:07] budget: 214 s of 300 left for the settles + regrids (settle_wall 480)
[15:29:07] RESULT s00_r6: 6 columns; frontier 1fb 0 kg p3/3; settles 6 (6 ok), regrids 6 (6 ok); wall 87 s of 300 (plan 86, price 0, settle 0; budget hit None, 0 unsettled)
[15:29:08] plan: 1242 states, depth 10 new flybys, end plan_done (87 s); deepest 10 new to 1347 d at planner fuel 244 kg
[15:29:08]   depth  1:   25 states (25 in H), t_end 285-345 d, fuel 0-0 kg
[15:29:08]   depth  2:  150 states (0 in H), t_end 405-632 d, fuel 3-54 kg
[15:29:08]   depth  3:  150 states (0 in H), t_end 526-722 d, fuel 16-111 kg
[15:29:08]   depth  4:  150 states (0 in H), t_end 598-850 d, fuel 36-158 kg
[15:29:08]   depth  5:  150 states (0 in H), t_end 789-985 d, fuel 50-178 kg
[15:29:08]   depth  6:  150 states (0 in H), t_end 880-1436 d, fuel 81-220 kg
[15:29:08]   depth  7:  150 states (0 in H), t_end 1002-1190 d, fuel 120-264 kg
[15:29:08]   depth  8:  150 states (0 in H), t_end 1088-1440 d, fuel 139-291 kg
[15:29:08]   depth  9:  150 states (0 in H), t_end 1264-1439 d, fuel 188-330 kg
[15:29:08]   depth 10:   17 states (0 in H), t_end 1332-1439 d, fuel 244-356 kg
[15:29:08] candidates: 9 distinct committed target sets (n_new 1-1, potential 2-3)
[15:29:08] frontier: 9 candidates chosen (n fb / committed planner kg / continuation (lookahead) [full]; pot_mode lookahead, pot_cap None): 1fb/0kg/p3(3)[3], 1fb/0kg/p3(3)[3], 1fb/0kg/p3(3)[3], 1fb/0kg/p3(3)[3], 1fb/0kg/p3(3)[3], 1fb/0kg/p2(2)[2], 1fb/0kg/p2(2)[2], 1fb/0kg/p2(2)[2], 1fb/0kg/p2(2)[2]
[15:29:08] budget: 213 s of 300 left for the settles + regrids (settle_wall 480)
[15:29:08] RESULT s00_r5: 9 columns; frontier 1fb 0 kg p3/3; settles 9 (9 ok), regrids 9 (9 ok); wall 87 s of 300 (plan 87, price 0, settle 0; budget hit None, 0 unsettled)
[15:29:09]   job s00_r5 root  columns   9  levels 10  settles 9/9  end plan_done  wall 87.2 s
[15:29:09]   job s00_r6 root  columns   6  levels 10  settles 6/6  end plan_done  wall 86.6 s
[15:29:13] plan: 1348 states, depth 10 new flybys, end plan_done (92 s); deepest 10 new to 1405 d at planner fuel 220 kg
[15:29:13]   depth  1:   34 states (34 in H), t_end 270-360 d, fuel 0-0 kg
[15:29:13]   depth  2:  150 states (0 in H), t_end 409-582 d, fuel 1-54 kg
[15:29:13]   depth  3:  150 states (0 in H), t_end 478-700 d, fuel 25-105 kg
[15:29:13]   depth  4:  150 states (0 in H), t_end 604-818 d, fuel 47-152 kg
[15:29:13]   depth  5:  150 states (0 in H), t_end 767-915 d, fuel 78-203 kg
[15:29:13]   depth  6:  150 states (0 in H), t_end 850-1435 d, fuel 104-245 kg
[15:29:13]   depth  7:  150 states (0 in H), t_end 992-1131 d, fuel 105-289 kg
[15:29:13]   depth  8:  150 states (0 in H), t_end 1090-1437 d, fuel 130-329 kg
[15:29:13]   depth  9:  150 states (0 in H), t_end 1238-1386 d, fuel 195-323 kg
[15:29:13]   depth 10:  114 states (0 in H), t_end 1348-1440 d, fuel 220-359 kg
[15:29:13] candidates: 16 distinct committed target sets (n_new 1-1, potential 0-3)
[15:29:13] frontier: 16 candidates chosen (n fb / committed planner kg / continuation (lookahead) [full]; pot_mode lookahead, pot_cap None): 1fb/0kg/p3(3)[3], 1fb/0kg/p3(3)[3], 1fb/0kg/p3(3)[3], 1fb/0kg/p3(3)[3], 1fb/0kg/p3(3)[3], 1fb/0kg/p3(3)[3], 1fb/0kg/p3(3)[3], 1fb/0kg/p2(2)[2], 1fb/0kg/p2(2)[2], 1fb/0kg/p2(2)[2], 1fb/0kg/p2(2)[2], 1fb/0kg/p2(2)[2], 1fb/0kg/p2(2)[2], 1fb/0kg/p1(1)[1], 1fb/0kg/p1(1)[1], 1fb/0kg/p0(0)[0]
[15:29:13] budget: 208 s of 300 left for the settles + regrids (settle_wall 480)
[15:29:14] RESULT s00_r4: 16 columns; frontier 1fb 0 kg p3/3; settles 16 (16 ok), regrids 16 (16 ok); wall 93 s of 300 (plan 92, price 0, settle 1; budget hit None, 0 unsettled)
[15:29:15] plan: 1398 states, depth 11 new flybys, end plan_done (94 s); deepest 11 new to 1395 d at planner fuel 354 kg
[15:29:15]   depth  1:   47 states (47 in H), t_end 175-360 d, fuel 0-0 kg
[15:29:15]   depth  2:  150 states (4 in H), t_end 334-545 d, fuel 2-59 kg
[15:29:15]   depth  3:  150 states (0 in H), t_end 444-660 d, fuel 21-105 kg
[15:29:15]   depth  4:  150 states (0 in H), t_end 594-762 d, fuel 29-154 kg
[15:29:15]   depth  5:  150 states (0 in H), t_end 672-894 d, fuel 32-193 kg
[15:29:15]   depth  6:  150 states (0 in H), t_end 814-1036 d, fuel 38-227 kg
[15:29:15]   depth  7:  150 states (0 in H), t_end 882-1174 d, fuel 70-263 kg
[15:29:15]   depth  8:  150 states (0 in H), t_end 1019-1440 d, fuel 87-308 kg
[15:29:15]   depth  9:  150 states (0 in H), t_end 1127-1439 d, fuel 177-349 kg
[15:29:15]   depth 10:  150 states (0 in H), t_end 1302-1440 d, fuel 205-390 kg
[15:29:15]   depth 11:    1 states (0 in H), t_end 1395-1395 d, fuel 354-354 kg
[15:29:15] candidates: 20 distinct committed target sets (n_new 1-2, potential 1-4)
[15:29:15] frontier: 16 candidates chosen (n fb / committed planner kg / continuation (lookahead) [full]; pot_mode lookahead, pot_cap None): 1fb/0kg/p4(3)[4], 1fb/0kg/p4(4)[4], 1fb/0kg/p4(4)[4], 1fb/0kg/p3(2)[3], 1fb/0kg/p3(3)[3], 1fb/0kg/p3(3)[3], 1fb/0kg/p3(3)[3], 1fb/0kg/p3(3)[3], 1fb/0kg/p3(3)[3], 1fb/0kg/p3(3)[3], 1fb/0kg/p2(2)[2], 1fb/0kg/p2(2)[2], 1fb/0kg/p1(1)[1], 1fb/0kg/p1(1)[1], 2fb/5kg/p3(3)[3], 2fb/33kg/p2(2)[2]
[15:29:15] budget: 206 s of 300 left for the settles + regrids (settle_wall 480)
[15:29:15]   job s00_r4 root  columns  16  levels 10  settles 16/16  end plan_done  wall 93.2 s
[15:29:15]     settle  2:   5 @    340 d -> ok lintwin tank 602.8 (+1.3) miss 0 km (0.1 s)
[15:29:16]     settle  2: 294 @    334 d -> ok lintwin tank 604.1 (+2.6) miss 0 km (0.1 s)
[15:29:16] RESULT s00_r3: 16 columns; frontier 1fb 0 kg p3/4 | 2fb 1 kg p3/3; settles 16 (16 ok), regrids 16 (16 ok); wall 95 s of 300 (plan 94, price 0, settle 1; budget hit None, 0 unsettled)
[15:29:17]   job s00_r3 root  columns  16  levels 11  settles 16/16  end plan_done  wall 95.2 s
[15:29:27] plan: 1612 states, depth 12 new flybys, end plan_done (106 s); deepest 12 new to 1396 d at planner fuel 281 kg
[15:29:27]   depth  1:   90 states (90 in H), t_end 85-360 d, fuel 0-0 kg
[15:29:27]   depth  2:  150 states (59 in H), t_end 245-443 d, fuel 1-59 kg
[15:29:27]   depth  3:  150 states (0 in H), t_end 379-540 d, fuel 18-105 kg
[15:29:27]   depth  4:  150 states (0 in H), t_end 478-662 d, fuel 54-145 kg
[15:29:27]   depth  5:  150 states (0 in H), t_end 547-778 d, fuel 66-187 kg
[15:29:27]   depth  6:  150 states (0 in H), t_end 719-896 d, fuel 89-230 kg
[15:29:27]   depth  7:  150 states (0 in H), t_end 803-1438 d, fuel 93-261 kg
[15:29:27]   depth  8:  150 states (0 in H), t_end 888-1439 d, fuel 127-272 kg
[15:29:27]   depth  9:  150 states (0 in H), t_end 1023-1440 d, fuel 160-306 kg
[15:29:27]   depth 10:  150 states (0 in H), t_end 1148-1440 d, fuel 166-333 kg
[15:29:27]   depth 11:  150 states (0 in H), t_end 1246-1440 d, fuel 196-372 kg
[15:29:27]   depth 12:   22 states (0 in H), t_end 1348-1438 d, fuel 281-408 kg
[15:29:27] candidates: 60 distinct committed target sets (n_new 1-2, potential 0-4)
[15:29:27] frontier: 16 candidates chosen (n fb / committed planner kg / continuation (lookahead) [full]; pot_mode lookahead, pot_cap None): 1fb/0kg/p5(4)[5], 1fb/0kg/p4(3)[4], 1fb/0kg/p4(3)[4], 1fb/0kg/p4(3)[4], 1fb/0kg/p4(4)[4], 1fb/0kg/p4(3)[4], 1fb/0kg/p4(4)[4], 1fb/0kg/p3(2)[3], 1fb/0kg/p3(2)[3], 1fb/0kg/p3(3)[3], 1fb/0kg/p3(3)[3], 2fb/1kg/p1(1)[1], 2fb/6kg/p3(3)[3], 2fb/8kg/p3(3)[3], 2fb/29kg/p3(3)[3], 2fb/41kg/p4(4)[4]
[15:29:27] budget: 194 s of 300 left for the settles + regrids (settle_wall 480)
[15:29:28]     settle  2: 279 @    356 d -> ok lintwin tank 601.5 (+0.0) miss 0 km (0.1 s)
[15:29:28]     settle  2: 127 @    341 d -> ok lintwin tank 601.7 (+0.2) miss 1 km (0.1 s)
[15:29:29]     settle  2:  67 @    330 d -> ok lintwin tank 603.0 (+1.5) miss 0 km (0.2 s)
[15:29:29] plan: 1635 states, depth 13 new flybys, end plan_done (108 s); deepest 13 new to 1399 d at planner fuel 332 kg
[15:29:29]   depth  1:   69 states (69 in H), t_end 165-360 d, fuel 0-0 kg
[15:29:29]   depth  2:  150 states (12 in H), t_end 280-492 d, fuel 5-58 kg
[15:29:29]   depth  3:  150 states (0 in H), t_end 383-634 d, fuel 24-108 kg
[15:29:29]   depth  4:  150 states (0 in H), t_end 511-710 d, fuel 39-148 kg
[15:29:29]   depth  5:  150 states (0 in H), t_end 674-861 d, fuel 83-196 kg
[15:29:29]   depth  6:  150 states (0 in H), t_end 744-947 d, fuel 98-230 kg
[15:29:29]   depth  7:  150 states (0 in H), t_end 881-1054 d, fuel 129-256 kg
[15:29:29]   depth  8:  150 states (0 in H), t_end 998-1440 d, fuel 158-294 kg
[15:29:29]   depth  9:  150 states (0 in H), t_end 1072-1439 d, fuel 168-324 kg
[15:29:29]   depth 10:  150 states (0 in H), t_end 1167-1333 d, fuel 191-354 kg
[15:29:29]   depth 11:  150 states (0 in H), t_end 1248-1434 d, fuel 226-387 kg
[15:29:29]   depth 12:   61 states (0 in H), t_end 1295-1439 d, fuel 269-417 kg
[15:29:29]   depth 13:    5 states (0 in H), t_end 1398-1424 d, fuel 332-404 kg
[15:29:29]     settle  2: 279 @    285 d -> ok lintwin tank 601.9 (+0.4) miss 92 km (0.1 s)
[15:29:29] candidates: 35 distinct committed target sets (n_new 1-2, potential 0-4)
[15:29:29] frontier: 16 candidates chosen (n fb / committed planner kg / continuation (lookahead) [full]; pot_mode lookahead, pot_cap None): 1fb/0kg/p4(3)[4], 1fb/0kg/p4(3)[4], 1fb/0kg/p4(3)[4], 1fb/0kg/p4(4)[4], 1fb/0kg/p3(3)[3], 1fb/0kg/p3(3)[3], 1fb/0kg/p3(3)[3], 1fb/0kg/p3(3)[3], 1fb/0kg/p3(3)[3], 1fb/0kg/p3(3)[3], 1fb/0kg/p3(3)[3], 2fb/20kg/p3(3)[3], 2fb/22kg/p3(3)[3], 2fb/27kg/p3(3)[3], 2fb/44kg/p3(3)[3], 2fb/47kg/p3(3)[3]
[15:29:29] budget: 192 s of 300 left for the settles + regrids (settle_wall 480)
[15:29:29]     settle  2: 297 @    310 d -> ok lintwin tank 615.5 (+14.0) miss 0 km (0.1 s)
[15:29:29] RESULT s00_r1: 16 columns; frontier 1fb 0 kg p4/4 | 2fb 0 kg p1/4; settles 17 (17 ok), regrids 16 (16 ok); wall 108 s of 300 (plan 106, price 0, settle 2; budget hit None, 0 unsettled)
[15:29:29]   job s00_r1 root  columns  16  levels 12  settles 17/17  end plan_done  wall 108.1 s
[15:29:29]     settle  2:   5 @    342 d -> ok lintwin tank 606.4 (+4.9) miss 52 km (0.1 s)
[15:29:29]     settle  2:  30 @    280 d -> ok lintwin tank 604.5 (+3.0) miss 0 km (0.1 s)
[15:29:30]     settle  2:  30 @    304 d -> ok lintwin tank 606.8 (+5.3) miss 0 km (0.1 s)
[15:29:30]     settle  2: 201 @    325 d -> ok lintwin tank 618.0 (+16.5) miss 53 km (0.1 s)
[15:29:30]     settle  2: 277 @    284 d -> ok lintwin tank 604.6 (+3.1) miss 0 km (0.1 s)
[15:29:30] RESULT s00_r2: 16 columns; frontier 1fb 0 kg p3/4 | 2fb 3 kg p3/3; settles 18 (18 ok), regrids 16 (16 ok); wall 109 s of 300 (plan 108, price 0, settle 1; budget hit None, 0 unsettled)
[15:29:31]   job s00_r2 root  columns  16  levels 13  settles 18/18  end plan_done  wall 109.3 s
[15:29:34] plan: 1725 states, depth 14 new flybys, end plan_done (113 s); deepest 14 new to 1440 d at planner fuel 368 kg
[15:29:34]   depth  1:  120 states (120 in H), t_end 70-360 d, fuel 0-0 kg
[15:29:34]   depth  2:  150 states (93 in H), t_end 182-421 d, fuel 8-59 kg
[15:29:34]   depth  3:  150 states (13 in H), t_end 293-493 d, fuel 33-106 kg
[15:29:34]   depth  4:  150 states (0 in H), t_end 412-611 d, fuel 50-150 kg
[15:29:34]   depth  5:  150 states (0 in H), t_end 518-741 d, fuel 82-185 kg
[15:29:34]   depth  6:  150 states (0 in H), t_end 627-856 d, fuel 86-219 kg
[15:29:34]   depth  7:  150 states (0 in H), t_end 696-926 d, fuel 111-260 kg
[15:29:34]   depth  8:  150 states (0 in H), t_end 870-1042 d, fuel 142-289 kg
[15:29:34]   depth  9:  150 states (0 in H), t_end 1001-1169 d, fuel 162-326 kg
[15:29:34]   depth 10:  150 states (0 in H), t_end 1080-1436 d, fuel 215-358 kg
[15:29:34]   depth 11:  150 states (0 in H), t_end 1140-1440 d, fuel 222-380 kg
[15:29:34]   depth 12:   91 states (0 in H), t_end 1221-1440 d, fuel 268-400 kg
[15:29:34]   depth 13:   13 states (0 in H), t_end 1326-1438 d, fuel 327-420 kg
[15:29:34]   depth 14:    1 states (0 in H), t_end 1440-1440 d, fuel 368-368 kg
[15:29:34] candidates: 97 distinct committed target sets (n_new 1-3, potential 0-4)
[15:29:34] frontier: 16 candidates chosen (n fb / committed planner kg / continuation (lookahead) [full]; pot_mode lookahead, pot_cap None): 1fb/0kg/p6(4)[6], 1fb/0kg/p5(4)[5], 1fb/0kg/p5(3)[5], 1fb/0kg/p5(4)[5], 1fb/0kg/p4(2)[4], 1fb/0kg/p4(3)[4], 1fb/0kg/p4(3)[4], 1fb/0kg/p4(3)[4], 2fb/9kg/p2(2)[2], 2fb/14kg/p3(3)[3], 2fb/29kg/p4(3)[4], 2fb/32kg/p4(3)[4], 2fb/44kg/p5(4)[5], 3fb/42kg/p3(3)[3], 3fb/61kg/p3(3)[3], 3fb/68kg/p4(4)[4]
[15:29:34] budget: 187 s of 300 left for the settles + regrids (settle_wall 480)
[15:29:35]     settle  2: 294 @    317 d -> ok lintwin tank 602.1 (+0.6) miss 0 km (0.3 s)
[15:29:35]     settle  2: 297 @    320 d -> ok lintwin tank 608.4 (+6.9) miss 0 km (0.2 s)
[15:29:35]     settle  2: 288 @    265 d -> ok lintwin tank 605.2 (+3.7) miss 19 km (0.1 s)
[15:29:35]     settle  2: 279 @    265 d -> ok lintwin tank 608.0 (+6.5) miss 0 km (0.1 s)
[15:29:35]     settle  2: 284 @    235 d -> ok lintwin tank 612.1 (+10.6) miss 57 km (0.1 s)
[15:29:35]     settle  3: 127 @    333 d -> ok lintwin tank 614.3 (+6.3) miss 1 km (0.1 s)
[15:29:36]     settle  3: 226 @    334 d -> ok lintwin tank 613.0 (+7.8) miss 8 km (0.1 s)
[15:29:36]     settle  3: 226 @    334 d -> ok lintwin tank 623.8 (+11.7) miss 1 km (0.2 s)
[15:29:36] RESULT s00_r0: 16 columns; frontier 1fb 0 kg p4/4 | 2fb 1 kg p2/4 | 3fb 12 kg p3/4; settles 16 (16 ok), regrids 16 (16 ok); wall 115 s of 300 (plan 113, price 0, settle 2; budget hit None, 0 unsettled)
[15:29:37]   job s00_r0 root  columns  16  levels 14  settles 16/16  end plan_done  wall 115.3 s
[15:29:37] [slice 0] propose: 97 columns (0 bad dropped) in 116.2 s
[15:29:37] [slice 0] auction: 97 columns, kept 97, dropped {}; lam 1.00 H_eff 360 d fuel budget 322 kg quota on
[15:29:37] [slice 0] auction: status optimal objective 24.872 vars 97 rows 31 chosen 8 fuel 63/322 kg (0.008 s)
[15:29:39] [slice 0] claims: c0:3 c1:4 c2:3 c3:2 c4:3 c5:3 c6:1 c7:2  (21 targets: 0 kept, 21 new; 0 released, 0 expired (ttl 6), 3 conflicts)
[15:29:39] [slice 0 T=0 d] launched 8/8  covered 18  remaining 280  fuel 75 kg  sumJi 8.0540  chosen: r->c0:3(+13) r->c1:3(+22) r->c2:2(+2) r->c3:2(+14) r->c4:2(+3) r->c5:2(+5) r->c6:2(+1) r->c7:2(+3)  rejected: -  (wall 118 s)
[15:29:39] [slice 1] claims in force: c0:3 c1:4 c2:3 c3:2 c4:3 c5:3 c6:1 c7:2  (21 targets; claim_bonus 1.0, ttl 6)
[15:29:39]   c0: claims: 3 own (prized +1.0), 18 claimed by others withheld
[15:29:39]   c1: claims: 4 own (prized +1.0), 17 claimed by others withheld
[15:29:39]   c2: claims: 3 own (prized +1.0), 18 claimed by others withheld
[15:29:39]   c3: claims: 2 own (prized +1.0), 19 claimed by others withheld
[15:29:39]   c4: claims: 3 own (prized +1.0), 18 claimed by others withheld
[15:29:39]   c5: claims: 3 own (prized +1.0), 18 claimed by others withheld
[15:29:39]   c6: claims: 1 own (prized +1.0), 20 claimed by others withheld
[15:29:39]   c7: claims: 2 own (prized +1.0), 19 claimed by others withheld
[15:29:39] [slice 1 T=360 d] propose: 8 jobs (8 craft, 0 root) on 9 workers, proposer planbeam, H_eff 360 d, lam 1.0
[15:29:39] job s01_c7 (craft, craft 7, planbeam): T 360 d H 360 L 360; plan horizon 1800 d; remaining 261; prize >1 on 11; width 150 npt 6 mc 150 dv 1.2 drmax 0.15 plan_wall 240 s; quota {'fil': 11, 'med': 17}
[15:29:39] job s01_c3 (craft, craft 3, planbeam): T 360 d H 360 L 360; plan horizon 1800 d; remaining 261; prize >1 on 11; width 150 npt 6 mc 150 dv 1.2 drmax 0.15 plan_wall 240 s; quota {'fil': 10, 'med': 18}
[15:29:39] job s01_c1 (craft, craft 1, planbeam): T 360 d H 360 L 360; plan horizon 1800 d; remaining 263; prize >1 on 13; width 150 npt 6 mc 150 dv 1.2 drmax 0.15 plan_wall 240 s; quota {'fil': 10, 'med': 17}
[15:29:39] job s01_c6 (craft, craft 6, planbeam): T 360 d H 360 L 360; plan horizon 1800 d; remaining 260; prize >1 on 10; width 150 npt 6 mc 150 dv 1.2 drmax 0.15 plan_wall 240 s; quota {'fil': 10, 'med': 18}
[15:29:39] job s01_c2 (craft, craft 2, planbeam): T 360 d H 360 L 360; plan horizon 1800 d; remaining 262; prize >1 on 12; width 150 npt 6 mc 150 dv 1.2 drmax 0.15 plan_wall 240 s; quota {'fil': 11, 'med': 17}
[15:29:39] job s01_c4 (craft, craft 4, planbeam): T 360 d H 360 L 360; plan horizon 1800 d; remaining 262; prize >1 on 12; width 150 npt 6 mc 150 dv 1.2 drmax 0.15 plan_wall 240 s; quota {'fil': 11, 'med': 17}
[15:29:39] job s01_c0 (craft, craft 0, planbeam): T 360 d H 360 L 360; plan horizon 1800 d; remaining 262; prize >1 on 12; width 150 npt 6 mc 150 dv 1.2 drmax 0.15 plan_wall 240 s; quota {'fil': 9, 'med': 18}
[15:29:39] job s01_c5 (craft, craft 5, planbeam): T 360 d H 360 L 360; plan horizon 1800 d; remaining 262; prize >1 on 12; width 150 npt 6 mc 150 dv 1.2 drmax 0.15 plan_wall 240 s; quota {'fil': 11, 'med': 17}
[15:29:39] prefix slices/s01/in/craft_6.npz: 2 flybys, t_end 339.1 d, tank 602.8 kg (planner view), miss 0.0 km, nreg 13
[15:29:39] budget: job_wall 300 s, 300 s left before the plan -> plan cap 210 s (plan_wall 240, settle_reserve 90)
[15:29:39] prefix slices/s01/in/craft_2.npz: 2 flybys, t_end 327.8 d, tank 603.0 kg (planner view), miss 0.0 km, nreg 16
[15:29:39] budget: job_wall 300 s, 300 s left before the plan -> plan cap 210 s (plan_wall 240, settle_reserve 90)
[15:29:39] prefix slices/s01/in/craft_7.npz: 2 flybys, t_end 333.0 d, tank 604.1 kg (planner view), miss 0.0 km, nreg 13
[15:29:39] budget: job_wall 300 s, 300 s left before the plan -> plan cap 210 s (plan_wall 240, settle_reserve 90)
[15:29:39] prefix slices/s01/in/craft_5.npz: 2 flybys, t_end 304.2 d, tank 606.8 kg (planner view), miss 0.0 km, nreg 13
[15:29:39] prefix slices/s01/in/craft_4.npz: 2 flybys, t_end 283.9 d, tank 604.6 kg (planner view), miss 0.0 km, nreg 12
[15:29:39] budget: job_wall 300 s, 300 s left before the plan -> plan cap 210 s (plan_wall 240, settle_reserve 90)
[15:29:39] budget: job_wall 300 s, 300 s left before the plan -> plan cap 210 s (plan_wall 240, settle_reserve 90)
[15:29:39] prefix slices/s01/in/craft_3.npz: 2 flybys, t_end 310.3 d, tank 615.5 kg (planner view), miss 0.0 km, nreg 15
[15:29:39] budget: job_wall 300 s, 300 s left before the plan -> plan cap 210 s (plan_wall 240, settle_reserve 90)
[15:29:39] prefix slices/s01/in/craft_0.npz: 3 flybys, t_end 332.8 d, tank 614.3 kg (planner view), miss 0.0 km, nreg 19
[15:29:39] budget: job_wall 300 s, 300 s left before the plan -> plan cap 210 s (plan_wall 240, settle_reserve 90)
[15:29:39] prefix slices/s01/in/craft_1.npz: 3 flybys, t_end 333.8 d, tank 623.8 kg (planner view), miss 0.8 km, nreg 19
[15:29:39] budget: job_wall 300 s, 300 s left before the plan -> plan cap 210 s (plan_wall 240, settle_reserve 90)
[15:29:44] first level (both): 0 production + 101 relaxed (dv 2.5, 0.3 AU; 0.1 s) + 70 lintwin children -> 119 unique (4.8 s)
[15:29:44] plan start: prefix 2 flybys, t_end 333.0 d, planner mass 1593.0 kg (dv 0.171 km/s); 119 first-level states
[15:29:44] first level (both): 0 production + 32 relaxed (dv 2.5, 0.3 AU; 0.1 s) + 76 lintwin children -> 93 unique (4.9 s)
[15:29:44] plan start: prefix 2 flybys, t_end 339.1 d, planner mass 1596.6 kg (dv 0.083 km/s); 93 first-level states
[15:29:44] first level (both): 0 production + 48 relaxed (dv 2.5, 0.3 AU; 0.1 s) + 82 lintwin children -> 101 unique (5.0 s)
[15:29:44] plan start: prefix 2 flybys, t_end 283.9 d, planner mass 1591.8 kg (dv 0.202 km/s); 101 first-level states
[15:29:44] first level (both): 0 production + 79 relaxed (dv 2.5, 0.3 AU; 0.1 s) + 79 lintwin children -> 119 unique (5.0 s)
[15:29:44] plan start: prefix 2 flybys, t_end 310.3 d, planner mass 1563.7 kg (dv 0.901 km/s); 119 first-level states
[15:29:44] first level (both): 0 production + 100 relaxed (dv 2.5, 0.3 AU; 0.1 s) + 91 lintwin children -> 133 unique (5.0 s)
[15:29:44] plan start: prefix 2 flybys, t_end 304.2 d, planner mass 1586.1 kg (dv 0.342 km/s); 133 first-level states
[15:29:44] first level (both): 0 production + 112 relaxed (dv 2.5, 0.3 AU; 0.1 s) + 87 lintwin children -> 138 unique (5.2 s)
[15:29:44] plan start: prefix 2 flybys, t_end 327.8 d, planner mass 1596.0 kg (dv 0.098 km/s); 138 first-level states
[15:29:44] first level (both): 0 production + 88 relaxed (dv 2.5, 0.3 AU; 0.1 s) + 76 lintwin children -> 123 unique (5.4 s)
[15:29:44] plan start: prefix 3 flybys, t_end 332.8 d, planner mass 1566.7 kg (dv 0.825 km/s); 123 first-level states
[15:29:45] first level (both): 0 production + 65 relaxed (dv 2.5, 0.3 AU; 0.1 s) + 88 lintwin children -> 113 unique (5.9 s)
[15:29:45] plan start: prefix 3 flybys, t_end 333.8 d, planner mass 1542.9 kg (dv 1.426 km/s); 113 first-level states
[15:30:50] plan: 926 states, depth 8 new flybys, end plan_done (72 s); deepest 8 new to 1707 d at planner fuel 246 kg
[15:30:50]   depth  1:  119 states (58 in H), t_end 443-1024 d, fuel 13-128 kg
[15:30:50]   depth  2:  150 states (15 in H), t_end 600-1433 d, fuel 22-166 kg
[15:30:50]   depth  3:  150 states (0 in H), t_end 830-1434 d, fuel 42-192 kg
[15:30:50]   depth  4:  150 states (0 in H), t_end 970-1686 d, fuel 71-219 kg
[15:30:50]   depth  5:  150 states (0 in H), t_end 1433-1800 d, fuel 92-212 kg
[15:30:50]   depth  6:  150 states (0 in H), t_end 1472-1797 d, fuel 127-256 kg
[15:30:50]   depth  7:   54 states (0 in H), t_end 1603-1800 d, fuel 166-262 kg
[15:30:50]   depth  8:    3 states (0 in H), t_end 1707-1798 d, fuel 246-260 kg
[15:30:50] candidates: 43 distinct committed target sets (n_new 1-2, potential 0-3)
[15:30:50] frontier: 16 candidates chosen (n fb / committed planner kg / continuation (lookahead) [full]; pot_mode lookahead, pot_cap None): 1fb/13kg/p1(1)[1], 1fb/18kg/p2(2)[2], 1fb/19kg/p1(1)[1], 1fb/31kg/p3(3)[3], 1fb/33kg/p1(1)[1], 1fb/36kg/p1(1)[1], 1fb/36kg/p1(0)[1], 1fb/47kg/p1(1)[1], 1fb/57kg/p1(0)[1], 1fb/58kg/p3(2)[3], 1fb/60kg/p1(1)[1], 1fb/64kg/p1(0)[1], 1fb/65kg/p1(1)[1], 2fb/69kg/p0(0)[0], 2fb/91kg/p0(0)[0], 2fb/103kg/p2(2)[2]
[15:30:50] budget: 228 s of 300 left for the settles + regrids (settle_wall 480)
[15:30:51]     settle  3:  37 @    537 d -> ok lintwin tank 606.1 (+2.0) miss 0 km (0.3 s)
[15:30:51]     settle  3: 135 @    655 d -> ok lintwin tank 608.7 (+4.5) miss 1 km (0.5 s)
[15:30:52]     settle  3: 195 @    668 d -> ok lintwin tank 608.0 (+3.9) miss 14 km (0.3 s)
[15:30:53]     settle  3: 122 @    577 d -> ok lintwin tank 612.9 (+8.8) miss 1 km (0.4 s)
[15:30:53]     settle  3:   7 @    607 d -> ok lintwin tank 627.8 (+23.7) miss 16 km (0.4 s)
[15:30:54]     settle  3: 172 @    531 d -> ok lintwin tank 617.4 (+13.2) miss 78 km (0.3 s)
[15:30:54]     settle  3: 268 @    564 d -> ok lintwin tank 620.9 (+16.8) miss 5 km (0.4 s)
[15:30:55]     settle  3:  72 @    506 d -> ok lintwin tank 619.1 (+15.0) miss 1 km (0.3 s)
[15:30:55]     settle  3:  28 @    494 d -> ok lintwin tank 620.8 (+16.7) miss 0 km (0.3 s)
[15:30:55]     settle  3:  42 @    491 d -> ok lintwin tank 624.5 (+20.3) miss 81 km (0.3 s)
[15:30:56]     settle  3: 163 @    599 d -> ok lintwin tank 620.8 (+16.7) miss 2 km (0.4 s)
[15:30:56]     settle  3: 112 @    443 d -> ok lintwin tank 625.3 (+21.2) miss 73 km (0.4 s)
[15:30:57]     settle  3: 176 @    575 d -> ok lintwin tank 647.4 (+43.2) miss 34 km (0.8 s)
[15:30:58]     settle  4: 205 @    716 d -> ok lintwin tank 655.0 (+34.1) miss 73 km (0.5 s)
[15:30:58]     settle  4: 195 @    671 d -> ok lintwin tank 626.3 (+1.9) miss 3 km (0.2 s)
[15:30:59]     settle  4: 135 @    657 d -> ok lintwin tank 632.2 (+7.8) miss 38 km (0.2 s)
[15:30:59] RESULT s01_c7: 16 columns; frontier 1fb 2 kg p1/3 | 2fb 22 kg p0/2; settles 16 (16 ok), regrids 16 (16 ok); wall 80 s of 300 (plan 72, price 0, settle 9; budget hit None, 0 unsettled)
[15:30:59]   job s01_c7 craft columns  16  levels 8  settles 16/16  end plan_done  wall 80.1 s
[15:31:20] plan: 1215 states, depth 10 new flybys, end plan_done (101 s); deepest 10 new to 1774 d at planner fuel 397 kg
[15:31:20]   depth  1:  123 states (53 in H), t_end 437-988 d, fuel 38-147 kg
[15:31:20]   depth  2:  150 states (31 in H), t_end 526-1320 d, fuel 45-178 kg
[15:31:20]   depth  3:  150 states (0 in H), t_end 772-1442 d, fuel 76-196 kg
[15:31:20]   depth  4:  150 states (0 in H), t_end 906-1343 d, fuel 106-204 kg
[15:31:20]   depth  5:  150 states (0 in H), t_end 1032-1796 d, fuel 135-235 kg
[15:31:20]   depth  6:  150 states (0 in H), t_end 1295-1646 d, fuel 174-244 kg
[15:31:20]   depth  7:  150 states (0 in H), t_end 1359-1678 d, fuel 196-281 kg
[15:31:20]   depth  8:  150 states (0 in H), t_end 1484-1799 d, fuel 221-309 kg
[15:31:20]   depth  9:   41 states (0 in H), t_end 1589-1799 d, fuel 268-354 kg
[15:31:20]   depth 10:    1 states (0 in H), t_end 1774-1774 d, fuel 397-397 kg
[15:31:20] candidates: 49 distinct committed target sets (n_new 1-2, potential 0-3)
[15:31:20] frontier: 16 candidates chosen (n fb / committed planner kg / continuation (lookahead) [full]; pot_mode lookahead, pot_cap None): 1fb/38kg/p4(3)[4], 1fb/40kg/p1(1)[1], 1fb/42kg/p0(0)[0], 1fb/57kg/p1(1)[1], 1fb/73kg/p1(1)[1], 1fb/80kg/p3(2)[3], 1fb/83kg/p1(0)[1], 1fb/88kg/p1(0)[1], 1fb/107kg/p1(1)[1], 1fb/113kg/p1(0)[1], 1fb/124kg/p1(1)[1], 1fb/125kg/p1(0)[1], 1fb/127kg/p1(0)[1], 2fb/77kg/p3(3)[3], 2fb/82kg/p0(0)[0], 2fb/93kg/p0(0)[0]
[15:31:20] budget: 199 s of 300 left for the settles + regrids (settle_wall 480)
[15:31:20]     settle  4: 238 @    457 d -> ok lintwin tank 616.3 (+2.0) miss 1 km (0.2 s)
[15:31:21]     settle  4:   7 @    602 d -> ok lintwin tank 619.3 (+5.0) miss 0 km (0.3 s)
[15:31:21]     settle  4: 106 @    611 d -> ok lintwin tank 618.0 (+3.7) miss 2 km (0.1 s)
[15:31:21]     settle  4: 190 @    638 d -> ok lintwin tank 630.1 (+15.8) miss 15 km (0.6 s)
[15:31:22] plan: 1405 states, depth 11 new flybys, end plan_done (103 s); deepest 11 new to 1775 d at planner fuel 316 kg
[15:31:22]   depth  1:  133 states (71 in H), t_end 398-981 d, fuel 15-129 kg
[15:31:22]   depth  2:  150 states (34 in H), t_end 532-1387 d, fuel 40-174 kg
[15:31:22]   depth  3:  150 states (4 in H), t_end 704-1441 d, fuel 76-197 kg
[15:31:22]   depth  4:  150 states (0 in H), t_end 809-1440 d, fuel 86-184 kg
[15:31:22]   depth  5:  150 states (0 in H), t_end 881-1439 d, fuel 130-205 kg
[15:31:22]   depth  6:  150 states (0 in H), t_end 1002-1775 d, fuel 142-236 kg
[15:31:22]   depth  7:  150 states (0 in H), t_end 1146-1796 d, fuel 181-265 kg
[15:31:22]   depth  8:  150 states (0 in H), t_end 1302-1799 d, fuel 221-288 kg
[15:31:22]   depth  9:  146 states (0 in H), t_end 1347-1799 d, fuel 234-322 kg
[15:31:22]   depth 10:   65 states (0 in H), t_end 1596-1800 d, fuel 262-347 kg
[15:31:22]   depth 11:   11 states (0 in H), t_end 1763-1793 d, fuel 316-346 kg
[15:31:22] candidates: 63 distinct committed target sets (n_new 1-3, potential 0-3)
[15:31:22] frontier: 16 candidates chosen (n fb / committed planner kg / continuation (lookahead) [full]; pot_mode lookahead, pot_cap None): 1fb/21kg/p1(0)[1], 1fb/28kg/p0(0)[0], 1fb/33kg/p1(0)[1], 1fb/38kg/p2(2)[2], 1fb/47kg/p1(0)[1], 1fb/48kg/p1(1)[1], 1fb/49kg/p1(1)[1], 1fb/49kg/p2(1)[2], 1fb/52kg/p5(3)[5], 1fb/53kg/p2(2)[2], 1fb/53kg/p1(0)[1], 1fb/81kg/p2(2)[2], 2fb/40kg/p0(0)[0], 2fb/41kg/p0(0)[0], 2fb/68kg/p4(3)[4], 3fb/101kg/p3(3)[3]
[15:31:22] budget: 197 s of 300 left for the settles + regrids (settle_wall 480)
[15:31:22]     settle  4:  42 @    496 d -> ok lintwin tank 625.1 (+10.8) miss 1 km (0.4 s)
[15:31:22]     settle  3:  28 @    496 d -> ok lintwin tank 613.7 (+6.9) miss 0 km (0.2 s)
[15:31:22]     settle  4: 192 @    583 d -> ok lintwin tank 618.9 (+4.7) miss 1 km (0.2 s)
[15:31:23]     settle  3: 106 @    608 d -> ok lintwin tank 620.8 (+14.0) miss 3 km (0.3 s)
[15:31:23]     settle  4:  33 @    508 d -> ok lintwin tank 662.0 (+47.7) miss 65 km (0.3 s)
[15:31:23]     settle  3: 112 @    438 d -> ok lintwin tank 615.5 (+8.7) miss 2 km (0.2 s)
[15:31:23]     settle  4: 299 @    532 d -> ok lintwin tank 630.3 (+16.0) miss 0 km (0.5 s)
[15:31:23]     settle  3:  26 @    619 d -> ok lintwin tank 611.6 (+4.8) miss 1 km (0.5 s)
[15:31:24]     settle  3:  42 @    485 d -> ok lintwin tank 623.4 (+16.6) miss 4 km (0.2 s)
[15:31:24]     settle  3: 195 @    674 d -> ok lintwin tank 607.4 (+0.6) miss 0 km (0.1 s)
[15:31:24]     settle  4: 163 @    619 d -> ok lintwin tank 629.8 (+15.6) miss 33 km (0.5 s)
[15:31:24]     settle  3:   7 @    605 d -> ok lintwin tank 621.4 (+14.6) miss 3 km (0.4 s)
[15:31:25]     settle  4: 189 @    487 d -> ok lintwin tank 649.0 (+34.7) miss 69 km (0.4 s)
[15:31:25]     settle  3: 268 @    592 d -> ok lintwin tank 618.6 (+11.8) miss 0 km (0.3 s)
[15:31:25] plan: 1325 states, depth 11 new flybys, end plan_done (106 s); deepest 11 new to 1799 d at planner fuel 352 kg
[15:31:25]   depth  1:   93 states (48 in H), t_end 412-1008 d, fuel 7-120 kg
[15:31:25]   depth  2:  150 states (38 in H), t_end 632-1074 d, fuel 32-156 kg
[15:31:25]   depth  3:  150 states (0 in H), t_end 730-1554 d, fuel 74-163 kg
[15:31:25]   depth  4:  150 states (0 in H), t_end 871-1200 d, fuel 88-190 kg
[15:31:25]   depth  5:  150 states (0 in H), t_end 1018-1277 d, fuel 121-229 kg
[15:31:25]   depth  6:  150 states (0 in H), t_end 1174-1394 d, fuel 154-255 kg
[15:31:25]   depth  7:  150 states (0 in H), t_end 1338-1532 d, fuel 175-298 kg
[15:31:25]   depth  8:  150 states (0 in H), t_end 1423-1674 d, fuel 217-338 kg
[15:31:25]   depth  9:  150 states (0 in H), t_end 1529-1776 d, fuel 259-360 kg
[15:31:25]   depth 10:   29 states (0 in H), t_end 1664-1800 d, fuel 307-403 kg
[15:31:25]   depth 11:    3 states (0 in H), t_end 1763-1799 d, fuel 352-388 kg
[15:31:25] candidates: 60 distinct committed target sets (n_new 1-2, potential 0-3)
[15:31:25] frontier: 16 candidates chosen (n fb / committed planner kg / continuation (lookahead) [full]; pot_mode lookahead, pot_cap None): 1fb/22kg/p1(1)[1], 1fb/23kg/p1(1)[1], 1fb/29kg/p2(2)[2], 1fb/30kg/p2(1)[2], 1fb/32kg/p2(1)[2], 1fb/36kg/p4(3)[4], 1fb/47kg/p2(2)[2], 1fb/54kg/p2(1)[2], 1fb/61kg/p2(1)[2], 1fb/69kg/p2(1)[2], 1fb/75kg/p2(1)[2], 1fb/84kg/p2(2)[2], 2fb/59kg/p2(2)[2], 2fb/59kg/p0(0)[0], 2fb/81kg/p3(3)[3], 2fb/82kg/p3(3)[3]
[15:31:25] budget: 194 s of 300 left for the settles + regrids (settle_wall 480)
[15:31:25]     settle  3: 244 @    550 d -> ok lintwin tank 620.1 (+13.3) miss 3 km (0.3 s)
[15:31:25]     settle  3: 193 @    680 d -> ok lintwin tank 618.1 (+15.3) miss 4 km (0.4 s)
[15:31:26]     settle  3:  68 @    615 d -> ok lintwin tank 617.2 (+10.4) miss 3 km (0.4 s)
[15:31:26]     settle  3:  37 @    517 d -> ok lintwin tank 623.1 (+16.3) miss 6 km (0.2 s)
[15:31:26]     settle  4:  26 @    623 d -> ok lintwin tank 633.2 (+18.9) miss 74 km (1.4 s)
[15:31:26]     settle  3: 207 @    672 d -> ok lintwin tank 611.5 (+8.7) miss 7 km (0.6 s)
[15:31:26]     settle  3: 230 @    534 d -> ok lintwin tank 614.4 (+7.6) miss 0 km (0.3 s)
[15:31:27]     settle  4: 195 @    679 d -> ok lintwin tank 618.6 (+5.0) miss 4 km (0.3 s)
[15:31:27]     settle  3: 236 @    672 d -> ok lintwin tank 623.5 (+20.7) miss 7 km (0.5 s)
[15:31:27]     settle  4: 117 @    461 d -> ok lintwin tank 698.4 (+84.2) miss 65 km (0.6 s)
[15:31:27]     settle  4: 195 @    678 d -> ok lintwin tank 617.7 (+2.3) miss 3 km (0.2 s)
[15:31:27]     settle  3:  60 @    461 d -> ok lintwin tank 613.0 (+10.2) miss 6 km (0.1 s)
[15:31:27]     settle  4:  68 @    615 d -> ok lintwin tank 626.0 (+5.9) miss 5 km (0.3 s)
[15:31:28]     settle  5:  74 @    709 d -> ok lintwin tank 638.3 (+12.4) miss 20 km (0.2 s)
[15:31:28]     settle  4: 168 @    541 d -> ok lintwin tank 645.6 (+31.3) miss 75 km (0.7 s)
[15:31:28] RESULT s01_c5: 16 columns; frontier 1fb 1 kg p1/3 | 2fb 11 kg p0/3 | 3fb 32 kg p3/3; settles 16 (16 ok), regrids 16 (16 ok); wall 109 s of 300 (plan 103, price 0, settle 6; budget hit None, 0 unsettled)
[15:31:28]     settle  3:  32 @    447 d -> ok lintwin tank 610.9 (+8.1) miss 71 km (0.7 s)
[15:31:28]     settle  5: 192 @    582 d -> ok lintwin tank 627.2 (+10.9) miss 1 km (0.2 s)
[15:31:28]     settle  3: 150 @    486 d -> ok lintwin tank 615.6 (+12.9) miss 1 km (0.2 s)
[15:31:28]     settle  5: 106 @    610 d -> ok lintwin tank 626.5 (+10.2) miss 1 km (0.2 s)
[15:31:29]     settle  4: 238 @    453 d -> ok lintwin tank 616.3 (+2.0) miss 17 km (0.1 s)
[15:31:29]     settle  5:   7 @    601 d -> ok lintwin tank 633.5 (+17.2) miss 4 km (0.2 s)
[15:31:29] RESULT s01_c0: 16 columns; frontier 1fb 2 kg p3/3 | 2fb 12 kg p0/3; settles 17 (17 ok), regrids 16 (16 ok); wall 110 s of 300 (plan 101, price 0, settle 9; budget hit None, 0 unsettled)
[15:31:29]   job s01_c0 craft columns  16  levels 10  settles 17/17  end plan_done  wall 110.1 s
[15:31:29]   job s01_c5 craft columns  16  levels 11  settles 16/16  end plan_done  wall 108.9 s
[15:31:33]     settle  3: 117 @    618 d -> FAIL [('lam', 103535356.2)] (5.0 s)
[15:31:34]     settle  3: 128 @    507 d -> ok lintwin tank 627.2 (+24.4) miss 68 km (0.8 s)
[15:31:35]     settle  3: 265 @    504 d -> ok lintwin tank 619.6 (+16.8) miss 1 km (0.3 s)
[15:31:35]     settle  3:  19 @    412 d -> ok lintwin tank 627.9 (+25.1) miss 3 km (0.1 s)
[15:31:35] plan: 1624 states, depth 12 new flybys, end plan_done (116 s); deepest 12 new to 1790 d at planner fuel 350 kg
[15:31:35]   depth  1:  119 states (69 in H), t_end 406-1005 d, fuel 37-148 kg
[15:31:35]   depth  2:  150 states (65 in H), t_end 516-1470 d, fuel 50-191 kg
[15:31:35]   depth  3:  150 states (4 in H), t_end 603-1438 d, fuel 81-192 kg
[15:31:35]   depth  4:  150 states (0 in H), t_end 820-1626 d, fuel 111-214 kg
[15:31:35]   depth  5:  150 states (0 in H), t_end 948-1253 d, fuel 155-258 kg
[15:31:35]   depth  6:  150 states (0 in H), t_end 1066-1330 d, fuel 170-287 kg
[15:31:35]   depth  7:  150 states (0 in H), t_end 1125-1402 d, fuel 194-328 kg
[15:31:35]   depth  8:  150 states (0 in H), t_end 1289-1491 d, fuel 226-336 kg
[15:31:35]   depth  9:  150 states (0 in H), t_end 1400-1580 d, fuel 244-368 kg
[15:31:35]   depth 10:  150 states (0 in H), t_end 1533-1709 d, fuel 282-406 kg
[15:31:35]   depth 11:  150 states (0 in H), t_end 1671-1798 d, fuel 307-432 kg
[15:31:35]   depth 12:    5 states (0 in H), t_end 1786-1795 d, fuel 350-368 kg
[15:31:35] candidates: 76 distinct committed target sets (n_new 1-3, potential 0-3)
[15:31:35] frontier: 16 candidates chosen (n fb / committed planner kg / continuation (lookahead) [full]; pot_mode lookahead, pot_cap None): 1fb/50kg/p1(1)[1], 1fb/59kg/p0(0)[0], 1fb/60kg/p3(2)[3], 1fb/76kg/p1(0)[1], 1fb/80kg/p1(1)[1], 1fb/85kg/p1(0)[1], 1fb/87kg/p1(1)[1], 1fb/87kg/p1(0)[1], 1fb/92kg/p5(3)[5], 2fb/50kg/p1(1)[1], 2fb/61kg/p2(2)[2], 2fb/86kg/p2(1)[2], 2fb/125kg/p4(3)[4], 3fb/107kg/p1(1)[1], 3fb/131kg/p3(3)[3], 3fb/148kg/p1(1)[1]
[15:31:35] budget: 184 s of 300 left for the settles + regrids (settle_wall 480)
[15:31:36]     settle  3: 207 @    661 d -> ok lintwin tank 620.1 (+4.7) miss 20 km (0.3 s)
[15:31:36] plan: 1642 states, depth 13 new flybys, end plan_done (117 s); deepest 13 new to 1752 d at planner fuel 376 kg
[15:31:36]   depth  1:  101 states (54 in H), t_end 382-1015 d, fuel 12-124 kg
[15:31:36]   depth  2:  150 states (57 in H), t_end 566-1523 d, fuel 44-177 kg
[15:31:36]   depth  3:  150 states (5 in H), t_end 678-1430 d, fuel 58-194 kg
[15:31:36]   depth  4:  150 states (0 in H), t_end 858-1245 d, fuel 95-172 kg
[15:31:36]   depth  5:  150 states (0 in H), t_end 993-1668 d, fuel 123-201 kg
[15:31:36]   depth  6:  150 states (0 in H), t_end 1085-1327 d, fuel 147-243 kg
[15:31:36]   depth  7:  150 states (0 in H), t_end 1167-1430 d, fuel 164-263 kg
[15:31:36]   depth  8:  150 states (0 in H), t_end 1252-1534 d, fuel 196-284 kg
[15:31:36]   depth  9:  150 states (0 in H), t_end 1295-1606 d, fuel 207-319 kg
[15:31:36]   depth 10:  150 states (0 in H), t_end 1398-1678 d, fuel 232-342 kg
[15:31:36]   depth 11:  150 states (0 in H), t_end 1565-1773 d, fuel 254-370 kg
[15:31:36]   depth 12:   38 states (0 in H), t_end 1646-1799 d, fuel 305-398 kg
[15:31:36]   depth 13:    3 states (0 in H), t_end 1692-1773 d, fuel 376-396 kg
[15:31:36] candidates: 84 distinct committed target sets (n_new 1-3, potential 0-2)
[15:31:36] frontier: 16 candidates chosen (n fb / committed planner kg / continuation (lookahead) [full]; pot_mode lookahead, pot_cap None): 1fb/18kg/p1(1)[1], 1fb/30kg/p3(2)[3], 1fb/44kg/p2(2)[2], 1fb/45kg/p2(1)[2], 1fb/46kg/p4(2)[4], 1fb/49kg/p2(1)[2], 1fb/70kg/p2(1)[2], 1fb/84kg/p2(1)[2], 2fb/52kg/p1(1)[1], 2fb/53kg/p2(2)[2], 2fb/56kg/p3(2)[3], 2fb/59kg/p2(2)[2], 2fb/61kg/p3(2)[3], 3fb/85kg/p2(2)[2], 3fb/103kg/p0(0)[0], 3fb/117kg/p2(2)[2]
[15:31:36] budget: 183 s of 300 left for the settles + regrids (settle_wall 480)
[15:31:36]     settle  3: 189 @    557 d -> ok lintwin tank 656.5 (+53.7) miss 62 km (1.1 s)
[15:31:36]     settle  3: 276 @    540 d -> ok lintwin tank 624.7 (+9.3) miss 4 km (0.2 s)
[15:31:36]     settle  3: 128 @    641 d -> ok lintwin tank 608.5 (+3.9) miss 1 km (0.1 s)
[15:31:36]     settle  3: 165 @    515 d -> ok lintwin tank 622.5 (+7.0) miss 0 km (0.2 s)
[15:31:36]     settle  3:  71 @    579 d -> ok lintwin tank 614.1 (+9.5) miss 2 km (0.2 s)
[15:31:37]     settle  3: 183 @    681 d -> ok lintwin tank 615.2 (+10.5) miss 9 km (0.3 s)
[15:31:37]     settle  3: 176 @    529 d -> ok lintwin tank 633.8 (+18.3) miss 71 km (0.7 s)
[15:31:37]     settle  3:  78 @    616 d -> ok lintwin tank 675.4 (+72.7) miss 78 km (1.3 s)
[15:31:37]     settle  3: 276 @    550 d -> ok lintwin tank 638.0 (+33.4) miss 67 km (0.5 s)
[15:31:37]     settle  3: 142 @    548 d -> ok lintwin tank 639.5 (+24.1) miss 7 km (0.3 s)
[15:31:38]     settle  3: 291 @    382 d -> ok lintwin tank 619.8 (+15.2) miss 5 km (0.1 s)
[15:31:38]     settle  4:  63 @    716 d -> ok lintwin tank 622.1 (+6.5) miss 2 km (0.2 s)
[15:31:38]     settle  3: 168 @    546 d -> ok lintwin tank 633.4 (+18.0) miss 20 km (0.3 s)
[15:31:38]     settle  3: 239 @    563 d -> ok lintwin tank 639.7 (+35.1) miss 82 km (0.3 s)
[15:31:38]     settle  4:  83 @    670 d -> ok lintwin tank 617.3 (+4.3) miss 1 km (0.2 s)
[15:31:38] plan: 1513 states, depth 11 new flybys, end plan_done (119 s); deepest 11 new to 1765 d at planner fuel 306 kg
[15:31:38]   depth  1:  138 states (78 in H), t_end 408-980 d, fuel 7-129 kg
[15:31:38]   depth  2:  150 states (24 in H), t_end 534-1211 d, fuel 16-162 kg
[15:31:38]   depth  3:  150 states (10 in H), t_end 647-1440 d, fuel 42-199 kg
[15:31:38]   depth  4:  150 states (0 in H), t_end 742-1441 d, fuel 112-225 kg
[15:31:38]   depth  5:  150 states (0 in H), t_end 858-1781 d, fuel 121-254 kg
[15:31:38]   depth  6:  150 states (0 in H), t_end 1207-1790 d, fuel 147-235 kg
[15:31:38]   depth  7:  150 states (0 in H), t_end 1320-1796 d, fuel 154-266 kg
[15:31:38]   depth  8:  150 states (0 in H), t_end 1440-1798 d, fuel 159-303 kg
[15:31:38]   depth  9:  150 states (0 in H), t_end 1530-1800 d, fuel 169-331 kg
[15:31:38]   depth 10:  150 states (0 in H), t_end 1595-1800 d, fuel 238-368 kg
[15:31:38]   depth 11:   25 states (0 in H), t_end 1722-1799 d, fuel 306-385 kg
[15:31:38] candidates: 63 distinct committed target sets (n_new 1-3, potential 0-3)
[15:31:38] frontier: 16 candidates chosen (n fb / committed planner kg / continuation (lookahead) [full]; pot_mode lookahead, pot_cap None): 1fb/26kg/p0(0)[0], 1fb/27kg/p0(0)[0], 1fb/30kg/p2(2)[2], 1fb/32kg/p4(2)[4], 1fb/33kg/p2(1)[2], 1fb/49kg/p2(1)[2], 1fb/50kg/p1(1)[1], 1fb/53kg/p2(1)[2], 1fb/54kg/p1(1)[1], 1fb/89kg/p4(2)[4], 2fb/51kg/p1(1)[1], 2fb/60kg/p1(1)[1], 2fb/83kg/p3(2)[3], 3fb/101kg/p2(2)[2], 3fb/113kg/p0(0)[0], 3fb/118kg/p0(0)[0]
[15:31:38] budget: 181 s of 300 left for the settles + regrids (settle_wall 480)
[15:31:38]     settle  4: 182 @    696 d -> ok lintwin tank 626.2 (+10.5) miss 1 km (0.4 s)
[15:31:39]     settle  3: 191 @    459 d -> ok lintwin tank 629.2 (+24.6) miss 75 km (0.6 s)
[15:31:39]     settle  3: 161 @    665 d -> ok lintwin tank 618.0 (+15.0) miss 7 km (0.5 s)
[15:31:39]     settle  3: 189 @    537 d -> ok lintwin tank 638.2 (+22.7) miss 80 km (1.0 s)
[15:31:39]     settle  4: 128 @    686 d -> ok lintwin tank 623.6 (+8.0) miss 2 km (0.4 s)
[15:31:39]   1 candidates dropped (settle failure / regrid failure / duplicate after truncation)
[15:31:39] RESULT s01_c6: 15 columns; frontier 1fb 8 kg p1/3 | 2fb 14 kg p0/3; settles 17 (15 ok), regrids 15 (15 ok); wall 120 s of 300 (plan 106, price 0, settle 14; budget hit None, 0 unsettled)
[15:31:39]     settle  3: 299 @    544 d -> ok lintwin tank 640.9 (+36.3) miss 93 km (0.4 s)
[15:31:39]   job s01_c6 craft columns  15  levels 11  settles 15/17  end plan_done  wall 120.1 s
[15:31:39]     settle  3: 272 @    671 d -> ok lintwin tank 613.9 (+10.9) miss 9 km (0.3 s)
[15:31:39]     settle  3: 267 @    566 d -> ok lintwin tank 631.4 (+16.0) miss 2 km (0.2 s)
[15:31:39]     settle  3:  61 @    411 d -> ok lintwin tank 615.9 (+0.4) miss 0 km (0.1 s)
[15:31:40]     settle  3:  61 @    406 d -> ok lintwin tank 615.9 (+0.4) miss 0 km (0.1 s)
[15:31:40]     settle  4: 207 @    662 d -> ok lintwin tank 620.4 (+4.6) miss 1 km (0.2 s)
[15:31:40]     settle  4: 128 @    656 d -> ok lintwin tank 621.9 (+6.0) miss 4 km (0.1 s)
[15:31:40]     settle  3:   1 @    649 d -> ok lintwin tank 610.5 (+7.5) miss 0 km (0.6 s)
[15:31:40]     settle  4: 183 @    685 d -> ok lintwin tank 690.0 (+52.0) miss 69 km (0.9 s)
[15:31:40]     settle  3:  29 @    465 d -> ok lintwin tank 614.1 (+11.1) miss 5 km (0.1 s)
[15:31:40]     settle  4: 111 @    606 d -> ok lintwin tank 624.7 (+8.8) miss 2 km (0.2 s)
[15:31:40]     settle  4: 183 @    684 d -> ok lintwin tank 620.0 (+0.2) miss 19 km (0.2 s)
[15:31:41]     settle  3:  28 @    470 d -> ok lintwin tank 611.8 (+8.8) miss 0 km (0.2 s)
[15:31:41]     settle  4: 165 @    516 d -> ok lintwin tank 635.2 (+19.3) miss 5 km (0.2 s)
[15:31:41]     settle  4:  71 @    579 d -> ok lintwin tank 620.8 (+1.0) miss 1 km (0.1 s)
[15:31:41]     settle  5: 207 @    660 d -> ok lintwin tank 632.3 (+7.6) miss 2 km (0.1 s)
[15:31:41]     settle  4: 183 @    682 d -> ok lintwin tank 626.2 (+12.1) miss 24 km (0.1 s)
[15:31:41]     settle  5: 128 @    665 d -> ok lintwin tank 640.7 (+5.5) miss 9 km (0.1 s)
[15:31:41]     settle  4: 111 @    603 d -> ok lintwin tank 621.7 (+1.9) miss 0 km (0.1 s)
[15:31:41]     settle  5: 183 @    683 d -> ok lintwin tank 631.2 (+10.5) miss 1 km (0.2 s)
[15:31:41]     settle  4: 176 @    536 d -> ok lintwin tank 637.2 (+21.3) miss 3 km (0.4 s)
[15:31:42]     settle  5:  63 @    714 d -> ok lintwin tank 635.7 (+14.1) miss 4 km (0.1 s)
[15:31:42]     settle  3:  48 @    570 d -> ok lintwin tank 619.5 (+16.5) miss 7 km (0.9 s)
[15:31:42]     settle  5:   7 @    603 d -> ok lintwin tank 645.3 (+8.1) miss 5 km (0.2 s)
[15:31:42] RESULT s01_c3: 16 columns; frontier 1fb 0 kg p3/3 | 2fb 5 kg p1/3 | 3fb 17 kg p1/3; settles 18 (18 ok), regrids 16 (16 ok); wall 123 s of 300 (plan 116, price 0, settle 6; budget hit None, 0 unsettled)
[15:31:42]     settle  5: 183 @    685 d -> ok lintwin tank 640.2 (+18.6) miss 5 km (0.2 s)
[15:31:42] RESULT s01_c4: 16 columns; frontier 1fb 4 kg p1/2 | 2fb 15 kg p2/2 | 3fb 27 kg p2/2; settles 16 (16 ok), regrids 16 (16 ok); wall 123 s of 300 (plan 117, price 0, settle 6; budget hit None, 0 unsettled)
[15:31:42]     settle  3: 115 @    553 d -> ok lintwin tank 612.0 (+9.0) miss 9 km (0.4 s)
[15:31:42]     settle  3:  89 @    483 d -> ok lintwin tank 622.1 (+19.1) miss 2 km (0.2 s)
[15:31:43]   job s01_c3 craft columns  16  levels 12  settles 18/18  end plan_done  wall 122.8 s
[15:31:43]   job s01_c4 craft columns  16  levels 13  settles 16/16  end plan_done  wall 123.0 s
[15:31:43]     settle  3: 152 @    718 d -> ok lintwin tank 612.1 (+9.1) miss 5 km (0.7 s)
[15:31:43]   drift: leg 152@718 d settled outside (T, T+H] -> column cut at 0
[15:31:43]     settle  3: 185 @    438 d -> ok lintwin tank 605.1 (+2.1) miss 0 km (0.1 s)
[15:31:43]     settle  3: 185 @    442 d -> ok lintwin tank 605.1 (+2.1) miss 0 km (0.1 s)
[15:31:44]     settle  4:  45 @    671 d -> ok lintwin tank 615.8 (+10.6) miss 5 km (0.2 s)
[15:31:44]     settle  4: 115 @    556 d -> ok lintwin tank 614.7 (+9.5) miss 0 km (0.2 s)
[15:31:44]     settle  4:  48 @    575 d -> ok lintwin tank 629.0 (+14.9) miss 3 km (0.2 s)
[15:31:45]     settle  4:  48 @    575 d -> ok lintwin tank 629.0 (+14.9) miss 3 km (0.2 s)
[15:31:45]     settle  5:   1 @    647 d -> ok lintwin tank 630.6 (+1.5) miss 0 km (0.1 s)
[15:31:45]     settle  5: 161 @    670 d -> ok lintwin tank 640.3 (+11.2) miss 1 km (0.1 s)
[15:31:45]     settle  5: 272 @    662 d -> ok lintwin tank 630.3 (+1.3) miss 2 km (0.1 s)
[15:31:45] plan: 1648 states, depth 13 new flybys, end plan_done (126 s); deepest 13 new to 1800 d at planner fuel 438 kg
[15:31:45]   depth  1:  113 states (65 in H), t_end 413-996 d, fuel 60-170 kg
[15:31:45]   depth  2:  150 states (63 in H), t_end 525-1380 d, fuel 97-204 kg
[15:31:45]   depth  3:  150 states (21 in H), t_end 613-1269 d, fuel 121-250 kg
[15:31:45]   depth  4:  150 states (1 in H), t_end 693-1195 d, fuel 166-267 kg
[15:31:45]   depth  5:  150 states (0 in H), t_end 762-1635 d, fuel 176-271 kg
[15:31:45]   depth  6:  150 states (0 in H), t_end 954-1699 d, fuel 191-295 kg
[15:31:45]   depth  7:  150 states (0 in H), t_end 1040-1797 d, fuel 240-331 kg
[15:31:45]   depth  8:  150 states (0 in H), t_end 1180-1796 d, fuel 262-365 kg
[15:31:45]   depth  9:  150 states (0 in H), t_end 1373-1797 d, fuel 293-398 kg
[15:31:45]   depth 10:  150 states (0 in H), t_end 1438-1797 d, fuel 323-427 kg
[15:31:45]   depth 11:  150 states (0 in H), t_end 1589-1795 d, fuel 335-462 kg
[15:31:45]   depth 12:   31 states (0 in H), t_end 1693-1799 d, fuel 384-476 kg
[15:31:45]   depth 13:    4 states (0 in H), t_end 1784-1800 d, fuel 438-495 kg
[15:31:45] candidates: 83 distinct committed target sets (n_new 1-4, potential 0-3)
[15:31:45] frontier: 16 candidates chosen (n fb / committed planner kg / continuation (lookahead) [full]; pot_mode lookahead, pot_cap None): 1fb/60kg/p2(0)[2], 1fb/75kg/p1(1)[1], 1fb/84kg/p2(1)[2], 1fb/89kg/p6(3)[6], 1fb/90kg/p2(1)[2], 1fb/109kg/p5(3)[5], 1fb/112kg/p2(2)[2], 1fb/112kg/p2(1)[2], 1fb/125kg/p3(2)[3], 2fb/101kg/p1(0)[1], 2fb/108kg/p1(0)[1], 2fb/130kg/p5(3)[5], 3fb/131kg/p0(0)[0], 3fb/142kg/p0(0)[0], 3fb/180kg/p4(3)[4], 4fb/201kg/p3(3)[3]
[15:31:45] budget: 174 s of 300 left for the settles + regrids (settle_wall 480)
[15:31:45]   1 candidates dropped (settle failure / regrid failure / duplicate after truncation)
[15:31:45] RESULT s01_c2: 15 columns; frontier 1fb 2 kg p2/2 | 2fb 12 kg p1/2 | 3fb 27 kg p0/2; settles 18 (18 ok), regrids 15 (15 ok); wall 126 s of 300 (plan 119, price 0, settle 7; budget hit None, 0 unsettled)
[15:31:45]   job s01_c2 craft columns  15  levels 11  settles 18/18  end plan_done  wall 126.2 s
[15:31:45]     settle  4: 293 @    413 d -> ok lintwin tank 625.0 (+1.2) miss 0 km (0.1 s)
[15:31:46]     settle  4: 118 @    562 d -> ok lintwin tank 630.5 (+6.8) miss 0 km (0.2 s)
[15:31:46]     settle  4: 109 @    486 d -> ok lintwin tank 634.1 (+10.4) miss 13 km (0.2 s)
[15:31:46]     settle  4:  73 @    468 d -> ok lintwin tank 637.3 (+13.5) miss 10 km (0.2 s)
[15:31:46]     settle  4: 257 @    525 d -> ok lintwin tank 638.1 (+14.3) miss 5 km (0.2 s)
[15:31:47]     settle  4: 148 @    554 d -> ok lintwin tank 638.9 (+15.1) miss 3 km (0.3 s)
[15:31:47]     settle  4: 216 @    574 d -> ok lintwin tank 635.3 (+11.5) miss 99 km (0.2 s)
[15:31:48]     settle  4:  24 @    605 d -> ok lintwin tank 640.6 (+16.8) miss 9 km (0.4 s)
[15:31:48]     settle  4: 189 @    579 d -> ok lintwin tank 638.8 (+15.0) miss 49 km (0.3 s)
[15:31:48]     settle  5: 189 @    572 d -> ok lintwin tank 639.4 (+2.1) miss 31 km (0.1 s)
[15:31:49]     settle  5: 257 @    525 d -> ok lintwin tank 640.8 (+15.7) miss 47 km (0.2 s)
[15:31:49]     settle  5: 148 @    550 d -> ok lintwin tank 649.0 (+11.7) miss 43 km (0.1 s)
[15:31:49]     settle  6:  97 @    697 d -> ok lintwin tank 649.5 (+8.7) miss 7 km (0.3 s)
[15:31:49]     settle  6:  97 @    687 d -> ok lintwin tank 654.3 (+14.9) miss 17 km (0.1 s)
[15:31:50]     settle  6: 233 @    657 d -> ok lintwin tank 664.4 (+15.4) miss 2 km (0.1 s)
[15:31:50]     settle  7:  97 @    693 d -> ok lintwin tank 663.7 (+-0.7) miss 2 km (0.1 s)
[15:31:50] RESULT s01_c1: 16 columns; frontier 1fb 1 kg p0/3 | 2fb 16 kg p0/3 | 3fb 26 kg p0/3 | 4fb 40 kg p3/3; settles 16 (16 ok), regrids 16 (16 ok); wall 131 s of 300 (plan 126, price 0, settle 5; budget hit None, 0 unsettled)
[15:31:51]   job s01_c1 craft columns  16  levels 13  settles 16/16  end plan_done  wall 131.0 s
[15:31:51] [slice 1] propose: 126 columns (0 bad dropped) in 132.2 s
[15:31:51] [slice 1] auction: 126 columns, kept 126, dropped {}; lam 1.00 H_eff 360 d fuel budget 322 kg quota on
[15:31:51] [slice 1] auction: status optimal objective 26.526 vars 126 rows 53 chosen 8 fuel 215/322 kg (0.008 s)
[15:31:53] [slice 1] claims: c0:3 c1:3 c2:2 c3:2 c4:2 c5:3 c6:3 c7:2  (20 targets: 0 kept, 20 new; 21 released, 0 expired (ttl 6), 1 conflicts)
[15:31:53] [slice 1 T=360 d] launched 8/8  covered 40  remaining 258  fuel 290 kg  sumJi 8.2127  chosen: c0:2(+13) c1:4(+40) c2:3(+28) c3:3(+25) c4:3(+27) c5:3(+31) c6:2(+23) c7:2(+28)  rejected: -  (wall 134 s)
[15:31:53] [slice 2] claims in force: c0:3 c1:3 c2:2 c3:2 c4:2 c5:3 c6:3 c7:2  (20 targets; claim_bonus 1.0, ttl 6)
[15:31:53]   c0: claims: 3 own (prized +1.0), 17 claimed by others withheld
[15:31:53]   c1: claims: 3 own (prized +1.0), 17 claimed by others withheld
[15:31:53]   c2: claims: 2 own (prized +1.0), 18 claimed by others withheld
[15:31:53]   c3: claims: 2 own (prized +1.0), 18 claimed by others withheld
[15:31:53]   c4: claims: 2 own (prized +1.0), 18 claimed by others withheld
[15:31:53]   c5: claims: 3 own (prized +1.0), 17 claimed by others withheld
[15:31:53]   c6: claims: 3 own (prized +1.0), 17 claimed by others withheld
[15:31:53]   c7: claims: 2 own (prized +1.0), 18 claimed by others withheld
[15:31:53] [slice 2 T=720 d] propose: 8 jobs (8 craft, 0 root) on 9 workers, proposer planbeam, H_eff 360 d, lam 1.0
[15:31:53] job s02_c2 (craft, craft 2, planbeam): T 720 d H 360 L 360; plan horizon 2160 d; remaining 240; prize >1 on 20; width 150 npt 6 mc 150 dv 1.2 drmax 0.15 plan_wall 240 s; quota {'fil': 11, 'med': 16}
[15:31:53] job s02_c6 (craft, craft 6, planbeam): T 720 d H 360 L 360; plan horizon 2160 d; remaining 241; prize >1 on 21; width 150 npt 6 mc 150 dv 1.2 drmax 0.15 plan_wall 240 s; quota {'fil': 10, 'med': 16}
[15:31:53] job s02_c5 (craft, craft 5, planbeam): T 720 d H 360 L 360; plan horizon 2160 d; remaining 241; prize >1 on 21; width 150 npt 6 mc 150 dv 1.2 drmax 0.15 plan_wall 240 s; quota {'fil': 10, 'med': 16}
[15:31:53] job s02_c1 (craft, craft 1, planbeam): T 720 d H 360 L 360; plan horizon 2160 d; remaining 241; prize >1 on 21; width 150 npt 6 mc 150 dv 1.2 drmax 0.15 plan_wall 240 s; quota {'fil': 9, 'med': 16}
[15:31:53] job s02_c0 (craft, craft 0, planbeam): T 720 d H 360 L 360; plan horizon 2160 d; remaining 241; prize >1 on 21; width 150 npt 6 mc 150 dv 1.2 drmax 0.15 plan_wall 240 s; quota {'fil': 9, 'med': 17}
[15:31:53] job s02_c3 (craft, craft 3, planbeam): T 720 d H 360 L 360; plan horizon 2160 d; remaining 240; prize >1 on 20; width 150 npt 6 mc 150 dv 1.2 drmax 0.15 plan_wall 240 s; quota {'fil': 8, 'med': 18}
[15:31:53] job s02_c4 (craft, craft 4, planbeam): T 720 d H 360 L 360; plan horizon 2160 d; remaining 240; prize >1 on 20; width 150 npt 6 mc 150 dv 1.2 drmax 0.15 plan_wall 240 s; quota {'fil': 10, 'med': 15}
[15:31:53] job s02_c7 (craft, craft 7, planbeam): T 720 d H 360 L 360; plan horizon 2160 d; remaining 240; prize >1 on 20; width 150 npt 6 mc 150 dv 1.2 drmax 0.15 plan_wall 240 s; quota {'fil': 9, 'med': 17}
[15:31:53] prefix slices/s02/in/craft_3.npz: 5 flybys, t_end 665.1 d, tank 640.6 kg (planner view), miss 0.0 km, nreg 33
[15:31:53] budget: job_wall 300 s, 300 s left before the plan -> plan cap 210 s (plan_wall 240, settle_reserve 90)
[15:31:53] prefix slices/s02/in/craft_1.npz: 7 flybys, t_end 692.4 d, tank 663.6 kg (planner view), miss 2.9 km, nreg 37
[15:31:53] prefix slices/s02/in/craft_2.npz: 5 flybys, t_end 647.0 d, tank 630.6 kg (planner view), miss 0.1 km, nreg 32
[15:31:53] prefix slices/s02/in/craft_7.npz: 4 flybys, t_end 655.1 d, tank 632.2 kg (planner view), miss 99.9 km, nreg 29
[15:31:53] budget: job_wall 300 s, 300 s left before the plan -> plan cap 210 s (plan_wall 240, settle_reserve 90)
[15:31:53] budget: job_wall 300 s, 300 s left before the plan -> plan cap 210 s (plan_wall 240, settle_reserve 90)
[15:31:53] budget: job_wall 300 s, 300 s left before the plan -> plan cap 210 s (plan_wall 240, settle_reserve 90)
[15:31:53] prefix slices/s02/in/craft_0.npz: 5 flybys, t_end 581.3 d, tank 627.1 kg (planner view), miss 0.2 km, nreg 32
[15:31:53] budget: job_wall 300 s, 300 s left before the plan -> plan cap 210 s (plan_wall 240, settle_reserve 90)
[15:31:53] prefix slices/s02/in/craft_4.npz: 5 flybys, t_end 682.9 d, tank 631.1 kg (planner view), miss 0.1 km, nreg 32
[15:31:53] budget: job_wall 300 s, 300 s left before the plan -> plan cap 210 s (plan_wall 240, settle_reserve 90)
[15:31:53] prefix slices/s02/in/craft_5.npz: 5 flybys, t_end 711.0 d, tank 638.2 kg (planner view), miss 0.4 km, nreg 34
[15:31:53] budget: job_wall 300 s, 300 s left before the plan -> plan cap 210 s (plan_wall 240, settle_reserve 90)
[15:31:53] prefix slices/s02/in/craft_6.npz: 4 flybys, t_end 697.0 d, tank 626.1 kg (planner view), miss 0.1 km, nreg 31
[15:31:53] budget: job_wall 300 s, 300 s left before the plan -> plan cap 210 s (plan_wall 240, settle_reserve 90)
[15:32:07] first level (both): 0 production + 66 relaxed (dv 2.5, 0.3 AU; 0.1 s) + 84 lintwin children -> 121 unique (13.6 s)
[15:32:07] plan start: prefix 4 flybys, t_end 655.1 d, planner mass 1522.3 kg (dv 1.953 km/s); 121 first-level states
[15:32:08] first level (both): 0 production + 80 relaxed (dv 2.5, 0.3 AU; 0.2 s) + 60 lintwin children -> 92 unique (14.5 s)
[15:32:08] plan start: prefix 5 flybys, t_end 647.0 d, planner mass 1526.3 kg (dv 1.850 km/s); 92 first-level states
[15:32:08] first level (both): 0 production + 111 relaxed (dv 2.5, 0.3 AU; 0.2 s) + 83 lintwin children -> 135 unique (14.8 s)
[15:32:08] plan start: prefix 5 flybys, t_end 711.0 d, planner mass 1507.9 kg (dv 2.326 km/s); 135 first-level states
[15:32:08] first level (both): 0 production + 83 relaxed (dv 2.5, 0.3 AU; 0.1 s) + 72 lintwin children -> 113 unique (15.0 s)
[15:32:08] plan start: prefix 4 flybys, t_end 697.0 d, planner mass 1537.1 kg (dv 1.574 km/s); 113 first-level states
[15:32:08] first level (both): 0 production + 75 relaxed (dv 2.5, 0.3 AU; 0.1 s) + 87 lintwin children -> 131 unique (15.2 s)
[15:32:08] plan start: prefix 5 flybys, t_end 665.1 d, planner mass 1502.3 kg (dv 2.472 km/s); 131 first-level states
[15:32:09] first level (both): 0 production + 79 relaxed (dv 2.5, 0.3 AU; 0.1 s) + 102 lintwin children -> 146 unique (15.5 s)
[15:32:09] plan start: prefix 5 flybys, t_end 581.3 d, planner mass 1534.7 kg (dv 1.635 km/s); 146 first-level states
[15:32:09] first level (both): 0 production + 97 relaxed (dv 2.5, 0.3 AU; 0.2 s) + 88 lintwin children -> 147 unique (15.7 s)
[15:32:09] plan start: prefix 5 flybys, t_end 682.9 d, planner mass 1524.8 kg (dv 1.887 km/s); 147 first-level states
[15:32:10] first level (both): 0 production + 64 relaxed (dv 2.5, 0.3 AU; 0.1 s) + 72 lintwin children -> 101 unique (16.6 s)
[15:32:10] plan start: prefix 7 flybys, t_end 692.4 d, planner mass 1450.3 kg (dv 3.854 km/s); 101 first-level states
[15:34:00] plan: 1030 states, depth 8 new flybys, end plan_done (127 s); deepest 8 new to 2119 d at planner fuel 311 kg
[15:34:00]   depth  1:  113 states (68 in H), t_end 773-1365 d, fuel 71-182 kg
[15:34:00]   depth  2:  150 states (15 in H), t_end 888-1906 d, fuel 99-217 kg
[15:34:00]   depth  3:  150 states (0 in H), t_end 1149-1904 d, fuel 112-263 kg
[15:34:00]   depth  4:  150 states (0 in H), t_end 1408-2101 d, fuel 169-295 kg
[15:34:00]   depth  5:  150 states (0 in H), t_end 1683-2158 d, fuel 208-336 kg
[15:34:00]   depth  6:  150 states (0 in H), t_end 1788-2160 d, fuel 229-357 kg
[15:34:00]   depth  7:  131 states (0 in H), t_end 1950-2157 d, fuel 270-394 kg
[15:34:00]   depth  8:   36 states (0 in H), t_end 2057-2157 d, fuel 311-429 kg
[15:34:00] candidates: 48 distinct committed target sets (n_new 1-2, potential 0-2)
[15:34:00] frontier: 16 candidates chosen (n fb / committed planner kg / continuation (lookahead) [full]; pot_mode lookahead, pot_cap None): 1fb/71kg/p2(2)[2], 1fb/76kg/p2(2)[2], 1fb/89kg/p0(0)[0], 1fb/96kg/p0(0)[0], 1fb/96kg/p1(0)[1], 1fb/102kg/p1(0)[1], 1fb/112kg/p1(0)[1], 1fb/119kg/p1(1)[1], 1fb/159kg/p1(1)[1], 1fb/167kg/p3(2)[3], 1fb/171kg/p2(2)[2], 2fb/114kg/p1(1)[1], 2fb/132kg/p0(0)[0], 2fb/144kg/p1(1)[1], 2fb/150kg/p1(1)[1], 2fb/211kg/p2(2)[2]
[15:34:00] budget: 173 s of 300 left for the settles + regrids (settle_wall 480)
[15:34:00]     settle  5:  49 @    824 d -> ok lintwin tank 629.5 (+3.4) miss 1 km (0.3 s)
[15:34:01]     settle  5: 281 @    938 d -> ok lintwin tank 631.5 (+5.4) miss 11 km (0.4 s)
[15:34:03]     settle  5:  54 @    922 d -> ok lintwin tank 646.0 (+19.9) miss 70 km (1.0 s)
[15:34:04]     settle  5:  79 @   1018 d -> ok lintwin tank 656.1 (+30.0) miss 79 km (1.4 s)
[15:34:08]     settle  5: 207 @    877 d -> ok lintwin tank 984.6 (+358.5) miss 33 km (3.1 s)
[15:34:09]     settle  5: 299 @    902 d -> ok lintwin tank 647.4 (+21.3) miss 7 km (0.3 s)
[15:34:09]     settle  5: 255 @    773 d -> ok lintwin tank 647.9 (+21.8) miss 10 km (0.3 s)
[15:34:12]     settle  5: 177 @   1017 d -> ok lintwin tank 642.8 (+16.7) miss 24 km (2.7 s)
[15:34:13]     settle  5: 285 @   1006 d -> ok lam tank 650.9 (+24.8) miss 21 km (0.8 s)
[15:34:15]     settle  5:  21 @    937 d -> ok lintwin tank 650.5 (+24.3) miss 1 km (1.0 s)
[15:34:15] plan: 1257 states, depth 10 new flybys, end plan_done (142 s); deepest 10 new to 2103 d at planner fuel 428 kg
[15:34:15]   depth  1:  101 states (61 in H), t_end 763-1390 d, fuel 159-256 kg
[15:34:15]   depth  2:  150 states (43 in H), t_end 871-1638 d, fuel 174-294 kg
[15:34:15]   depth  3:  150 states (7 in H), t_end 973-1830 d, fuel 193-326 kg
[15:34:15]   depth  4:  150 states (0 in H), t_end 1138-2116 d, fuel 219-333 kg
[15:34:15]   depth  5:  150 states (0 in H), t_end 1172-2116 d, fuel 255-368 kg
[15:34:15]   depth  6:  150 states (0 in H), t_end 1430-2158 d, fuel 291-410 kg
[15:34:15]   depth  7:  150 states (0 in H), t_end 1724-2100 d, fuel 330-405 kg
[15:34:15]   depth  8:  150 states (0 in H), t_end 1807-2116 d, fuel 350-433 kg
[15:34:15]   depth  9:   97 states (0 in H), t_end 1953-2155 d, fuel 358-458 kg
[15:34:15]   depth 10:    9 states (0 in H), t_end 2047-2136 d, fuel 428-489 kg
[15:34:15] candidates: 62 distinct committed target sets (n_new 1-3, potential 0-3)
[15:34:15] frontier: 16 candidates chosen (n fb / committed planner kg / continuation (lookahead) [full]; pot_mode lookahead, pot_cap None): 1fb/163kg/p1(1)[1], 1fb/167kg/p1(1)[1], 1fb/182kg/p2(2)[2], 1fb/195kg/p2(2)[2], 1fb/197kg/p5(3)[5], 1fb/198kg/p1(1)[1], 1fb/204kg/p3(2)[3], 1fb/227kg/p3(2)[3], 1fb/236kg/p2(0)[2], 2fb/186kg/p1(1)[1], 2fb/195kg/p1(1)[1], 2fb/203kg/p3(2)[3], 2fb/240kg/p4(3)[4], 3fb/253kg/p2(2)[2], 3fb/258kg/p0(0)[0], 3fb/287kg/p3(3)[3]
[15:34:15] budget: 158 s of 300 left for the settles + regrids (settle_wall 480)
[15:34:16]     settle  8: 246 @    997 d -> ok lintwin tank 669.8 (+6.2) miss 9 km (0.6 s)
[15:34:16]     settle  5: 204 @    987 d -> ok lintwin tank 646.3 (+20.2) miss 9 km (1.4 s)
[15:34:17]     settle  5:  49 @    827 d -> ok lintwin tank 629.5 (+3.4) miss 20 km (0.2 s)
[15:34:17]     settle  8: 280 @    973 d -> ok lintwin tank 672.2 (+8.6) miss 9 km (0.6 s)
[15:34:18]     settle  8: 164 @   1040 d -> ok lintwin tank 676.1 (+12.5) miss 3 km (0.7 s)
[15:34:18]     settle  6:  83 @   1072 d -> ok lintwin tank 637.9 (+8.4) miss 15 km (1.0 s)
[15:34:19]     settle  8: 224 @    949 d -> ok lintwin tank 681.0 (+17.4) miss 18 km (0.7 s)
[15:34:19]     settle  8:  76 @    782 d -> ok lintwin tank 675.6 (+12.0) miss 8 km (0.6 s)
[15:34:22] plan: 1310 states, depth 11 new flybys, end plan_done (148 s); deepest 11 new to 2160 d at planner fuel 458 kg
[15:34:22]   depth  1:   92 states (58 in H), t_end 737-1346 d, fuel 77-185 kg
[15:34:22]   depth  2:  150 states (25 in H), t_end 881-1610 d, fuel 85-223 kg
[15:34:22]   depth  3:  150 states (6 in H), t_end 1031-2081 d, fuel 124-225 kg
[15:34:22]   depth  4:  150 states (0 in H), t_end 1170-2129 d, fuel 149-267 kg
[15:34:22]   depth  5:  150 states (0 in H), t_end 1341-2131 d, fuel 185-294 kg
[15:34:22]   depth  6:  150 states (0 in H), t_end 1439-2036 d, fuel 199-330 kg
[15:34:22]   depth  7:  150 states (0 in H), t_end 1714-1978 d, fuel 239-369 kg
[15:34:22]   depth  8:  150 states (0 in H), t_end 1793-2017 d, fuel 295-398 kg
[15:34:22]   depth  9:  150 states (0 in H), t_end 1978-2136 d, fuel 324-418 kg
[15:34:22]   depth 10:   16 states (0 in H), t_end 2073-2159 d, fuel 373-450 kg
[15:34:22]   depth 11:    2 states (0 in H), t_end 2160-2160 d, fuel 458-458 kg
[15:34:22] candidates: 48 distinct committed target sets (n_new 1-3, potential 0-3)
[15:34:22] frontier: 16 candidates chosen (n fb / committed planner kg / continuation (lookahead) [full]; pot_mode lookahead, pot_cap None): 1fb/77kg/p1(1)[1], 1fb/90kg/p0(0)[0], 1fb/95kg/p1(0)[1], 1fb/95kg/p1(0)[1], 1fb/97kg/p1(1)[1], 1fb/114kg/p5(3)[5], 1fb/127kg/p1(0)[1], 1fb/129kg/p1(1)[1], 1fb/132kg/p3(2)[3], 2fb/127kg/p1(1)[1], 2fb/130kg/p1(1)[1], 2fb/135kg/p2(2)[2], 2fb/160kg/p4(3)[4], 3fb/198kg/p0(0)[0], 3fb/203kg/p3(3)[3], 3fb/205kg/p1(1)[1]
[15:34:22] budget: 152 s of 300 left for the settles + regrids (settle_wall 480)
[15:34:22]     settle  6: 177 @   1012 d -> FAIL [('lam', 56728870.1)] (4.0 s)
[15:34:22]     settle  6: 187 @    945 d -> ok lintwin tank 632.1 (+1.5) miss 0 km (0.2 s)
[15:34:22]     settle  8: 189 @   1056 d -> ok lintwin tank 724.0 (+60.4) miss 1 km (2.8 s)
[15:34:22]   drift: leg 189@1056 d settled outside (T, T+H] -> column cut at 0
[15:34:23]     settle  6: 272 @   1036 d -> ok lintwin tank 638.2 (+7.6) miss 2 km (0.4 s)
[15:34:23]     settle  6:  80 @   1056 d -> ok lintwin tank 648.5 (+19.0) miss 2 km (1.2 s)
[15:34:23]     settle  8: 288 @    867 d -> ok lintwin tank 683.4 (+19.8) miss 5 km (0.6 s)
[15:34:23]     settle  6: 143 @    920 d -> ok lintwin tank 638.8 (+8.2) miss 3 km (0.5 s)
[15:34:24]     settle  5:  21 @    920 d -> ok lintwin tank 650.8 (+24.7) miss 6 km (0.6 s)
[15:34:24]     settle  6: 112 @    852 d -> ok lintwin tank 641.4 (+10.8) miss 4 km (0.7 s)
[15:34:25]     settle  6: 177 @   1018 d -> ok lintwin tank 657.9 (+7.1) miss 11 km (0.7 s)
[15:34:25]     settle  6:  88 @    973 d -> ok lintwin tank 640.8 (+10.3) miss 2 km (0.4 s)
[15:34:25]     settle  8: 190 @    880 d -> ok lintwin tank 702.7 (+39.1) miss 63 km (1.8 s)
[15:34:26]     settle  6:  80 @   1058 d -> ok lintwin tank 656.7 (+6.3) miss 38 km (0.9 s)
[15:34:26]   1 candidates dropped (settle failure / regrid failure / duplicate after truncation)
[15:34:26] RESULT s02_c6: 15 columns; frontier 1fb 3 kg p2/2 | 2fb 12 kg p1/2; settles 18 (17 ok), regrids 15 (15 ok); wall 153 s of 300 (plan 127, price 1, settle 26; budget hit None, 0 unsettled)
[15:34:27]     settle  8: 266 @    850 d -> ok lintwin tank 685.1 (+21.5) miss 68 km (1.4 s)
[15:34:27]     settle  6:  47 @    743 d -> ok lintwin tank 644.3 (+13.7) miss 98 km (1.9 s)
[15:34:28]   job s02_c6 craft columns  15  levels 8  settles 17/18  end plan_done  wall 152.9 s
[15:34:28]     settle  8:  76 @    770 d -> ok lintwin tank 675.6 (+12.0) miss 14 km (0.8 s)
[15:34:29]     settle  9: 246 @    993 d -> ok lintwin tank 680.1 (+4.5) miss 10 km (0.8 s)
[15:34:30]     settle  6:  98 @    939 d -> ok lintwin tank 666.1 (+35.5) miss 73 km (2.2 s)
[15:34:30]     settle  9: 194 @    954 d -> ok lintwin tank 681.2 (+5.6) miss 9 km (0.8 s)
[15:34:31]     settle  6: 264 @   1041 d -> ok lintwin tank 652.5 (+22.0) miss 3 km (0.6 s)
[15:34:31]     settle  8:  76 @    768 d -> ok lintwin tank 675.6 (+12.0) miss 12 km (0.7 s)
[15:34:31]     settle  6:  44 @    872 d -> ok lintwin tank 633.7 (+3.1) miss 13 km (0.3 s)
[15:34:31]     settle  6:  44 @    876 d -> ok lintwin tank 633.7 (+3.2) miss 11 km (0.2 s)
[15:34:32]     settle  9: 280 @    973 d -> ok lintwin tank 678.2 (+2.6) miss 5 km (0.8 s)
[15:34:32]     settle  7: 272 @   1023 d -> ok lintwin tank 639.5 (+5.8) miss 4 km (0.4 s)
[15:34:34]     settle  9: 288 @    871 d -> ok lintwin tank 684.9 (+9.3) miss 20 km (1.7 s)
[15:34:34]     settle  7: 272 @   1029 d -> ok lintwin tank 650.4 (+6.2) miss 21 km (1.5 s)
[15:34:35]     settle  7: 187 @    937 d -> ok lintwin tank 645.7 (+1.4) miss 22 km (0.8 s)
[15:34:35]     settle 10: 164 @   1040 d -> ok lintwin tank 697.1 (+18.9) miss 20 km (0.8 s)
[15:34:35]     settle  7:  44 @    881 d -> ok lintwin tank 653.6 (+9.3) miss 26 km (0.3 s)
[15:34:36]     settle 10: 273 @   1051 d -> ok lintwin tank 702.1 (+17.2) miss 4 km (1.0 s)
[15:34:37] plan: 1491 states, depth 11 new flybys, end plan_done (163 s); deepest 11 new to 2115 d at planner fuel 363 kg
[15:34:37]   depth  1:  135 states (78 in H), t_end 734-1381 d, fuel 93-202 kg
[15:34:37]   depth  2:  150 states (28 in H), t_end 881-1745 d, fuel 104-241 kg
[15:34:37]   depth  3:  150 states (3 in H), t_end 999-1993 d, fuel 117-265 kg
[15:34:37]   depth  4:  150 states (0 in H), t_end 1146-1610 d, fuel 138-268 kg
[15:34:37]   depth  5:  150 states (0 in H), t_end 1302-2062 d, fuel 155-310 kg
[15:34:37]   depth  6:  150 states (0 in H), t_end 1347-1752 d, fuel 174-265 kg
[15:34:37]   depth  7:  150 states (0 in H), t_end 1643-1861 d, fuel 190-306 kg
[15:34:37]   depth  8:  150 states (0 in H), t_end 1764-2122 d, fuel 218-325 kg
[15:34:37]   depth  9:  150 states (0 in H), t_end 1930-2098 d, fuel 240-340 kg
[15:34:37]   depth 10:  150 states (0 in H), t_end 2030-2159 d, fuel 273-383 kg
[15:34:37]   depth 11:    6 states (0 in H), t_end 2110-2137 d, fuel 363-385 kg
[15:34:37] candidates: 61 distinct committed target sets (n_new 1-3, potential 0-3)
[15:34:37] frontier: 16 candidates chosen (n fb / committed planner kg / continuation (lookahead) [full]; pot_mode lookahead, pot_cap None): 1fb/95kg/p2(1)[2], 1fb/96kg/p2(2)[2], 1fb/96kg/p2(2)[2], 1fb/98kg/p5(3)[5], 1fb/106kg/p1(0)[1], 1fb/109kg/p3(2)[3], 1fb/118kg/p3(1)[3], 1fb/170kg/p2(2)[2], 1fb/179kg/p2(2)[2], 2fb/105kg/p1(1)[1], 2fb/120kg/p2(2)[2], 2fb/122kg/p4(3)[4], 2fb/205kg/p2(2)[2], 3fb/130kg/p3(3)[3], 3fb/191kg/p1(1)[1], 3fb/241kg/p0(0)[0]
[15:34:37] budget: 137 s of 300 left for the settles + regrids (settle_wall 480)
[15:34:37]     settle  6:  59 @    839 d -> ok lintwin tank 639.5 (+1.3) miss 0 km (0.2 s)
[15:34:37]     settle  6:  47 @    737 d -> ok lintwin tank 644.3 (+13.8) miss 68 km (1.6 s)
[15:34:37]     settle 10: 280 @    973 d -> ok lintwin tank 695.7 (+10.8) miss 7 km (0.8 s)
[15:34:37]     settle  6: 177 @    942 d -> ok lintwin tank 639.5 (+1.3) miss 0 km (0.2 s)
[15:34:38]   1 candidates dropped (settle failure / regrid failure / duplicate after truncation)
[15:34:38] RESULT s02_c1: 15 columns; frontier 1fb 6 kg p1/3 | 2fb 15 kg p2/3 | 3fb 32 kg p3/3; settles 18 (18 ok), regrids 15 (15 ok); wall 164 s of 300 (plan 142, price 1, settle 23; budget hit None, 0 unsettled)
[15:34:38]     settle  6: 163 @   1005 d -> ok lintwin tank 639.6 (+1.4) miss 2 km (0.2 s)
[15:34:38]     settle  7: 181 @    932 d -> ok lintwin tank 667.0 (+22.7) miss 2 km (0.7 s)
[15:34:38]     settle  6: 202 @    813 d -> ok lintwin tank 639.9 (+1.6) miss 7 km (0.2 s)
[15:34:39]     settle  8: 184 @   1068 d -> ok lintwin tank 667.3 (+0.2) miss 16 km (0.4 s)
[15:34:39]     settle  6: 245 @    734 d -> ok lintwin tank 643.9 (+5.7) miss 18 km (0.3 s)
[15:34:39]     settle  6:  35 @    880 d -> ok lintwin tank 643.8 (+5.6) miss 42 km (0.2 s)
[15:34:40]     settle  8: 272 @   1037 d -> ok lintwin tank 656.4 (+2.8) miss 12 km (0.6 s)
[15:34:40]   job s02_c1 craft columns  15  levels 10  settles 18/18  end plan_done  wall 164.5 s
[15:34:40]     settle  6: 125 @    833 d -> ok lintwin tank 646.3 (+8.1) miss 2 km (0.6 s)
[15:34:41]     settle  6: 234 @   1001 d -> ok lintwin tank 639.8 (+1.5) miss 3 km (0.6 s)
[15:34:41] plan: 1531 states, depth 12 new flybys, end plan_done (168 s); deepest 12 new to 2154 d at planner fuel 349 kg
[15:34:41]   depth  1:  121 states (74 in H), t_end 723-1362 d, fuel 82-187 kg
[15:34:41]   depth  2:  150 states (39 in H), t_end 813-1840 d, fuel 107-231 kg
[15:34:41]   depth  3:  150 states (6 in H), t_end 970-1811 d, fuel 131-274 kg
[15:34:41]   depth  4:  150 states (0 in H), t_end 1167-1781 d, fuel 154-277 kg
[15:34:41]   depth  5:  150 states (0 in H), t_end 1284-2151 d, fuel 159-309 kg
[15:34:41]   depth  6:  150 states (0 in H), t_end 1421-2160 d, fuel 167-321 kg
[15:34:41]   depth  7:  150 states (0 in H), t_end 1490-2160 d, fuel 189-344 kg
[15:34:41]   depth  8:  150 states (0 in H), t_end 1658-2157 d, fuel 220-363 kg
[15:34:41]   depth  9:  150 states (0 in H), t_end 1834-2158 d, fuel 247-337 kg
[15:34:41]   depth 10:  150 states (0 in H), t_end 1890-2156 d, fuel 263-359 kg
[15:34:41]   depth 11:   58 states (0 in H), t_end 1985-2155 d, fuel 266-376 kg
[15:34:41]   depth 12:    2 states (0 in H), t_end 2154-2157 d, fuel 349-367 kg
[15:34:41]     settle  7: 234 @   1013 d -> ok lintwin tank 666.5 (+22.2) miss 11 km (1.7 s)
[15:34:41] candidates: 65 distinct committed target sets (n_new 1-3, potential 0-3)
[15:34:41] frontier: 16 candidates chosen (n fb / committed planner kg / continuation (lookahead) [full]; pot_mode lookahead, pot_cap None): 1fb/89kg/p1(1)[1], 1fb/94kg/p1(1)[1], 1fb/102kg/p2(1)[2], 1fb/103kg/p2(1)[2], 1fb/106kg/p2(1)[2], 1fb/109kg/p2(1)[2], 1fb/113kg/p2(1)[2], 1fb/121kg/p2(2)[2], 1fb/127kg/p5(3)[5], 1fb/158kg/p4(3)[4], 2fb/116kg/p1(1)[1], 2fb/131kg/p1(1)[1], 2fb/134kg/p4(3)[4], 3fb/148kg/p3(3)[3], 3fb/174kg/p0(0)[0], 3fb/181kg/p0(0)[0]
[15:34:41] budget: 132 s of 300 left for the settles + regrids (settle_wall 480)
[15:34:42]     settle  6:  88 @    981 d -> ok lintwin tank 647.0 (+8.8) miss 24 km (0.8 s)
[15:34:42]     settle  8: 190 @   1072 d -> ok lintwin tank 672.7 (+6.1) miss 18 km (0.5 s)
[15:34:42]     settle  7: 163 @   1005 d -> ok lintwin tank 640.9 (+1.4) miss 0 km (0.3 s)
[15:34:42] RESULT s02_c2: 16 columns; frontier 1fb 2 kg p1/3 | 2fb 9 kg p1/3 | 3fb 26 kg p3/3; settles 20 (20 ok), regrids 16 (16 ok); wall 169 s of 300 (plan 148, price 1, settle 21; budget hit None, 0 unsettled)
[15:34:43] plan: 1532 states, depth 11 new flybys, end plan_done (170 s); deepest 11 new to 2115 d at planner fuel 319 kg
[15:34:43]     settle  7: 163 @   1002 d -> ok lintwin tank 644.4 (+4.5) miss 2 km (0.5 s)
[15:34:43]   depth  1:  146 states (86 in H), t_end 754-1353 d, fuel 66-176 kg
[15:34:43]   depth  2:  150 states (59 in H), t_end 835-1739 d, fuel 91-223 kg
[15:34:43]   depth  3:  150 states (10 in H), t_end 1054-1999 d, fuel 118-253 kg
[15:34:43]   depth  4:  150 states (0 in H), t_end 1163-1865 d, fuel 137-249 kg
[15:34:43]   depth  5:  150 states (0 in H), t_end 1326-2091 d, fuel 158-269 kg
[15:34:43]   depth  6:  150 states (0 in H), t_end 1519-1859 d, fuel 184-263 kg
[15:34:43]   depth  7:  150 states (0 in H), t_end 1630-2158 d, fuel 208-303 kg
[15:34:43]   depth  8:  150 states (0 in H), t_end 1725-2156 d, fuel 229-333 kg
[15:34:43]   depth  9:  150 states (0 in H), t_end 1846-2116 d, fuel 257-372 kg
[15:34:43]   depth 10:  150 states (0 in H), t_end 1951-2141 d, fuel 285-383 kg
[15:34:43]   depth 11:   36 states (0 in H), t_end 2063-2146 d, fuel 319-402 kg
[15:34:43] candidates: 84 distinct committed target sets (n_new 1-3, potential 0-2)
[15:34:43] frontier: 16 candidates chosen (n fb / committed planner kg / continuation (lookahead) [full]; pot_mode lookahead, pot_cap None): 1fb/75kg/p0(0)[0], 1fb/76kg/p1(1)[1], 1fb/76kg/p3(2)[3], 1fb/80kg/p4(2)[4], 1fb/88kg/p2(2)[2], 1fb/91kg/p2(1)[2], 1fb/95kg/p4(2)[4], 1fb/99kg/p2(1)[2], 1fb/121kg/p3(1)[3], 1fb/123kg/p2(0)[2], 2fb/106kg/p0(0)[0], 2fb/111kg/p1(1)[1], 2fb/120kg/p3(2)[3], 3fb/125kg/p2(2)[2], 3fb/147kg/p2(2)[2], 3fb/166kg/p0(0)[0]
[15:34:43] budget: 130 s of 300 left for the settles + regrids (settle_wall 480)
[15:34:43]     settle  7:  35 @    881 d -> ok lintwin tank 646.2 (+6.4) miss 3 km (0.2 s)
[15:34:43]     settle  6: 180 @    957 d -> ok lintwin tank 631.3 (+4.2) miss 2 km (0.4 s)
[15:34:44]   job s02_c2 craft columns  16  levels 11  settles 20/20  end plan_done  wall 169.1 s
[15:34:44]     settle  6: 202 @    816 d -> ok lintwin tank 639.7 (+1.4) miss 1 km (0.3 s)
[15:34:44]     settle  6:  65 @    989 d -> ok lintwin tank 631.5 (+4.4) miss 0 km (0.2 s)
[15:34:44]     settle  5: 285 @   1004 d -> ok lintwin tank 639.2 (+7.0) miss 126 km (2.5 s)
[15:34:44]     settle  7: 177 @    946 d -> ok lintwin tank 655.5 (+15.8) miss 6 km (0.3 s)
[15:34:44]     settle  6:  26 @    909 d -> ok lintwin tank 631.1 (+4.0) miss 4 km (0.3 s)
[15:34:45] plan: 1565 states, depth 12 new flybys, end plan_done (171 s); deepest 12 new to 2126 d at planner fuel 482 kg
[15:34:45]   depth  1:  147 states (77 in H), t_end 761-1369 d, fuel 79-186 kg
[15:34:45]   depth  2:  150 states (51 in H), t_end 881-1753 d, fuel 97-229 kg
[15:34:45]   depth  3:  150 states (0 in H), t_end 1088-1867 d, fuel 114-254 kg
[15:34:45]   depth  4:  150 states (0 in H), t_end 1188-1694 d, fuel 130-246 kg
[15:34:45]   depth  5:  150 states (0 in H), t_end 1382-1647 d, fuel 149-290 kg
[15:34:45]   depth  6:  150 states (0 in H), t_end 1447-1707 d, fuel 178-331 kg
[15:34:45]   depth  7:  150 states (0 in H), t_end 1568-1836 d, fuel 205-359 kg
[15:34:45]   depth  8:  150 states (0 in H), t_end 1632-1941 d, fuel 221-395 kg
[15:34:45]   depth  9:  150 states (0 in H), t_end 1740-2011 d, fuel 247-433 kg
[15:34:45]   depth 10:  150 states (0 in H), t_end 1851-2144 d, fuel 263-465 kg
[15:34:45]   depth 11:   67 states (0 in H), t_end 2025-2159 d, fuel 337-471 kg
[15:34:45]   depth 12:    1 states (0 in H), t_end 2126-2126 d, fuel 482-482 kg
[15:34:45] candidates: 65 distinct committed target sets (n_new 1-2, potential 0-3)
[15:34:45] frontier: 16 candidates chosen (n fb / committed planner kg / continuation (lookahead) [full]; pot_mode lookahead, pot_cap None): 1fb/79kg/p0(0)[0], 1fb/81kg/p1(1)[1], 1fb/88kg/p4(3)[4], 1fb/91kg/p2(2)[2], 1fb/112kg/p1(0)[1], 1fb/112kg/p1(1)[1], 1fb/113kg/p1(0)[1], 1fb/119kg/p1(1)[1], 1fb/125kg/p1(0)[1], 1fb/125kg/p1(1)[1], 1fb/134kg/p1(0)[1], 1fb/166kg/p2(1)[2], 2fb/103kg/p1(1)[1], 2fb/107kg/p3(3)[3], 2fb/127kg/p0(0)[0], 2fb/136kg/p1(1)[1]
[15:34:45] budget: 129 s of 300 left for the settles + regrids (settle_wall 480)
[15:34:45]     settle  8: 163 @   1002 d -> ok lintwin tank 649.1 (+2.8) miss 1 km (0.3 s)
[15:34:45]     settle  6: 296 @    789 d -> ok lintwin tank 635.1 (+8.0) miss 2 km (0.3 s)
[15:34:45]     settle  7:  35 @    882 d -> ok lintwin tank 647.0 (+0.7) miss 5 km (0.1 s)
[15:34:45]     settle  6: 198 @   1079 d -> ok lintwin tank 632.5 (+1.3) miss 1 km (0.3 s)
[15:34:45]     settle  8: 163 @    999 d -> ok lintwin tank 655.1 (+8.1) miss 0 km (0.2 s)
[15:34:45]     settle  8: 234 @   1006 d -> ok lintwin tank 656.2 (+0.7) miss 0 km (0.1 s)
[15:34:45]     settle  6:  52 @   1000 d -> ok lintwin tank 634.3 (+3.1) miss 1 km (0.2 s)
[15:34:45]     settle  6: 273 @    942 d -> ok lintwin tank 647.5 (+20.4) miss 11 km (0.6 s)
[15:34:46] RESULT s02_c5: 16 columns; frontier 1fb 1 kg p1/3 | 2fb 3 kg p1/3 | 3fb 11 kg p3/3; settles 18 (18 ok), regrids 16 (16 ok); wall 172 s of 300 (plan 163, price 0, settle 9; budget hit None, 0 unsettled)
[15:34:46]   job s02_c5 craft columns  16  levels 11  settles 18/18  end plan_done  wall 172.3 s
[15:34:46]     settle  6: 283 @    848 d -> ok lintwin tank 641.5 (+14.4) miss 19 km (0.4 s)
[15:34:46]     settle  6: 126 @    876 d -> ok lintwin tank 635.1 (+3.9) miss 1 km (0.6 s)
[15:34:46]     settle  6: 215 @    833 d -> ok lintwin tank 639.3 (+12.2) miss 11 km (0.2 s)
[15:34:47]     settle  6: 146 @    991 d -> ok lintwin tank 638.8 (+7.6) miss 3 km (0.4 s)
[15:34:47]     settle  6: 101 @    831 d -> ok lintwin tank 646.3 (+19.2) miss 46 km (0.3 s)
[15:34:47]     settle  6: 255 @    858 d -> ok lintwin tank 647.6 (+16.4) miss 4 km (0.4 s)
[15:34:47]     settle  6: 188 @    781 d -> ok lintwin tank 634.0 (+6.9) miss 1 km (0.3 s)
[15:34:48]     settle  6: 161 @    754 d -> ok lintwin tank 647.6 (+20.5) miss 2 km (0.3 s)
[15:34:48]     settle  6: 286 @    935 d -> ok lintwin tank 640.4 (+9.2) miss 3 km (0.3 s)
[15:34:48]     settle  6: 188 @    779 d -> ok lintwin tank 634.0 (+6.9) miss 2 km (0.2 s)
[15:34:48]     settle  7: 180 @    958 d -> ok lintwin tank 638.3 (+4.2) miss 3 km (0.2 s)
[15:34:49]     settle  6: 296 @    791 d -> ok lintwin tank 635.1 (+8.0) miss 3 km (0.3 s)
[15:34:49]     settle  7: 298 @   1071 d -> ok lintwin tank 639.4 (+4.3) miss 5 km (0.2 s)
[15:34:49]     settle  6: 141 @    864 d -> ok lintwin tank 646.4 (+15.3) miss 95 km (1.2 s)
[15:34:49]     settle  7:  26 @    907 d -> ok lintwin tank 666.2 (+31.0) miss 1 km (0.4 s)
[15:34:50]     settle  7:  26 @    907 d -> ok lintwin tank 643.3 (+4.0) miss 37 km (0.1 s)
[15:34:50]     settle  8: 298 @   1071 d -> ok lintwin tank 649.1 (+5.7) miss 1 km (0.3 s)
[15:34:50]     settle  8: 298 @   1068 d -> ok lintwin tank 677.4 (+11.3) miss 77 km (0.2 s)
[15:34:51]     settle  5: 181 @    974 d -> FAIL [('lam', 223.7)] (5.1 s)
[15:34:51]     settle  6: 224 @    970 d -> ok lintwin tank 665.7 (+34.6) miss 73 km (1.2 s)
[15:34:51]     settle  7: 180 @    956 d -> ok lintwin tank 660.8 (+25.7) miss 1 km (0.4 s)
[15:34:51]     settle  8: 298 @   1071 d -> ok lintwin tank 673.1 (+12.3) miss 4 km (0.2 s)
[15:34:51] RESULT s02_c0: 16 columns; frontier 1fb 4 kg p2/2 | 2fb 11 kg p0/2 | 3fb 22 kg p2/2; settles 20 (20 ok), regrids 16 (16 ok); wall 178 s of 300 (plan 170, price 0, settle 8; budget hit None, 0 unsettled)
[15:34:52]     settle  6: 272 @    916 d -> ok lintwin tank 652.1 (+21.0) miss 17 km (0.6 s)
[15:34:52]   job s02_c0 craft columns  16  levels 11  settles 20/20  end plan_done  wall 178.1 s
[15:34:52]     settle  5:  60 @    836 d -> ok lintwin tank 656.1 (+23.9) miss 0 km (1.5 s)
[15:34:52] plan: 1668 states, depth 12 new flybys, end plan_done (179 s); deepest 12 new to 2115 d at planner fuel 429 kg
[15:34:52]   depth  1:  131 states (70 in H), t_end 779-1344 d, fuel 99-206 kg
[15:34:52]   depth  2:  150 states (28 in H), t_end 928-1574 d, fuel 122-243 kg
[15:34:52]   depth  3:  150 states (1 in H), t_end 1077-1870 d, fuel 160-274 kg
[15:34:52]   depth  4:  150 states (0 in H), t_end 1187-1869 d, fuel 190-275 kg
[15:34:52]   depth  5:  150 states (0 in H), t_end 1242-2146 d, fuel 209-310 kg
[15:34:52]   depth  6:  150 states (0 in H), t_end 1290-2156 d, fuel 246-350 kg
[15:34:52]   depth  7:  150 states (0 in H), t_end 1451-2159 d, fuel 268-373 kg
[15:34:52]   depth  8:  150 states (0 in H), t_end 1619-2156 d, fuel 287-409 kg
[15:34:52]   depth  9:  150 states (0 in H), t_end 1735-2157 d, fuel 306-438 kg
[15:34:52]   depth 10:  150 states (0 in H), t_end 1845-2109 d, fuel 344-464 kg
[15:34:52]   depth 11:  150 states (0 in H), t_end 1925-2136 d, fuel 391-503 kg
[15:34:52]   depth 12:   37 states (0 in H), t_end 2023-2158 d, fuel 429-531 kg
[15:34:52] candidates: 58 distinct committed target sets (n_new 1-3, potential 0-3)
[15:34:52] frontier: 16 candidates chosen (n fb / committed planner kg / continuation (lookahead) [full]; pot_mode lookahead, pot_cap None): 1fb/114kg/p1(1)[1], 1fb/119kg/p1(0)[1], 1fb/119kg/p1(0)[1], 1fb/126kg/p1(1)[1], 1fb/133kg/p1(1)[1], 1fb/135kg/p5(3)[5], 1fb/157kg/p2(2)[2], 1fb/160kg/p2(2)[2], 1fb/164kg/p2(2)[2], 1fb/166kg/p2(1)[2], 1fb/197kg/p2(1)[2], 1fb/200kg/p2(2)[2], 2fb/164kg/p0(0)[0], 2fb/168kg/p0(0)[0], 2fb/173kg/p4(3)[4], 3fb/208kg/p3(3)[3]
[15:34:52] budget: 121 s of 300 left for the settles + regrids (settle_wall 480)
[15:34:53]     settle  6: 117 @    931 d -> ok lintwin tank 646.9 (+15.8) miss 1 km (0.8 s)
[15:34:53]     settle  6: 273 @    948 d -> ok lintwin tank 654.2 (+13.6) miss 3 km (0.3 s)
[15:34:53]     settle  6: 109 @    879 d -> ok lintwin tank 648.5 (+7.9) miss 4 km (0.3 s)
[15:34:53]     settle  6: 105 @    856 d -> ok lintwin tank 656.4 (+25.3) miss 82 km (0.4 s)
[15:34:53]     settle  6:  52 @    998 d -> ok lintwin tank 660.6 (+20.0) miss 6 km (0.4 s)
[15:34:54]     settle  6: 239 @    903 d -> ok lintwin tank 643.5 (+12.4) miss 2 km (0.3 s)
[15:34:54]     settle  6:  54 @    915 d -> ok lintwin tank 645.5 (+4.9) miss 2 km (0.1 s)
[15:34:54]     settle  6: 126 @    896 d -> ok lintwin tank 635.1 (+3.9) miss 1 km (0.3 s)
[15:34:54]     settle  7:  52 @   1000 d -> ok lintwin tank 642.9 (+7.8) miss 5 km (0.2 s)
[15:34:54]     settle  6: 247 @    973 d -> ok lintwin tank 671.5 (+30.9) miss 42 km (0.5 s)
[15:34:55]     settle  7: 146 @    994 d -> ok lintwin tank 646.5 (+11.4) miss 2 km (0.2 s)
[15:34:55]     settle  6:  50 @    852 d -> ok lintwin tank 650.9 (+10.3) miss 3 km (0.5 s)
[15:34:56]     settle  6: 257 @    956 d -> ok lintwin tank 655.2 (+14.6) miss 34 km (0.4 s)
[15:34:56]     settle  6: 141 @    856 d -> ok lintwin tank 646.9 (+15.8) miss 0 km (1.2 s)
[15:34:56]     settle  6: 286 @    945 d -> ok lintwin tank 648.0 (+7.4) miss 3 km (0.4 s)
[15:34:56]     settle  7: 241 @   1053 d -> ok lintwin tank 658.4 (+11.5) miss 65 km (0.5 s)
[15:34:57]     settle  6: 126 @    868 d -> ok lintwin tank 635.1 (+3.9) miss 1 km (0.7 s)
[15:34:58]     settle  7: 198 @   1079 d -> ok lintwin tank 638.9 (+3.8) miss 2 km (0.2 s)
[15:34:58]   drift: leg 198@1079 d settled outside (T, T+H] -> column cut at 1
[15:34:58]   1 candidates dropped (settle failure / regrid failure / duplicate after truncation)
[15:34:58] RESULT s02_c4: 15 columns; frontier 1fb 1 kg p0/3 | 2fb 12 kg p1/3; settles 19 (19 ok), regrids 15 (15 ok); wall 184 s of 300 (plan 171, price 0, settle 13; budget hit None, 0 unsettled)
[15:34:58]   job s02_c4 craft columns  15  levels 12  settles 19/19  end plan_done  wall 184.3 s
[15:34:58]     settle  5:  65 @    879 d -> FAIL [('lam', 54039.7)] (4.5 s)
[15:34:59]     settle  5: 256 @    827 d -> ok lintwin tank 650.8 (+18.6) miss 64 km (0.7 s)
[15:35:02]     settle  6: 207 @    868 d -> FAIL [('lam', 30203046.3)] (6.3 s)
[15:35:03]     settle  6: 299 @    920 d -> ok lintwin tank 662.2 (+21.6) miss 73 km (0.6 s)
[15:35:04]     settle  6: 256 @    975 d -> ok lam tank 670.3 (+29.7) miss 68 km (0.9 s)
[15:35:05]     settle  5: 296 @    806 d -> FAIL [('lam', 1440771.8)] (5.0 s)
[15:35:05]     settle  6: 105 @   1030 d -> ok lintwin tank 690.5 (+49.8) miss 63 km (0.7 s)
[15:35:06]     settle  7:  79 @   1013 d -> ok lintwin tank 660.5 (+12.0) miss 4 km (0.5 s)
[15:35:06]     settle  7: 198 @   1076 d -> ok lintwin tank 680.6 (+20.0) miss 67 km (0.6 s)
[15:35:07]     settle  7: 257 @    956 d -> ok lintwin tank 663.2 (+12.3) miss 10 km (0.2 s)
[15:35:07]     settle  8:  83 @   1077 d -> ok lintwin tank 673.4 (+10.1) miss 17 km (0.4 s)
[15:35:07]   1 candidates dropped (settle failure / regrid failure / duplicate after truncation)
[15:35:07] RESULT s02_c3: 15 columns; frontier 1fb 5 kg p1/3 | 2fb 20 kg p0/3 | 3fb 33 kg p3/3; settles 17 (15 ok), regrids 15 (15 ok); wall 194 s of 300 (plan 179, price 0, settle 15; budget hit None, 0 unsettled)
[15:35:08]   job s02_c3 craft columns  15  levels 12  settles 15/17  end plan_done  wall 194.2 s
[15:35:08]     settle  5: 175 @    723 d -> FAIL [('lam', 31871.2)] (3.5 s)
[15:35:17]     settle  5: 204 @    980 d -> FAIL [('lin', 1618.5), ('lam', 199.2)] (9.0 s)
[15:35:19]     settle  5: 141 @    773 d -> ok lam tank 658.4 (+26.2) miss 48 km (1.4 s)
[15:35:21]     settle  5: 293 @    832 d -> ok lintwin tank 641.0 (+8.8) miss 119 km (1.6 s)
[15:35:26]     settle  6:  20 @    936 d -> FAIL [('lam', 27753.6)] (4.1 s)
[15:35:32]     settle  6: 234 @    996 d -> FAIL [('lam', 10789.3)] (5.6 s)
[15:35:37]     settle  6: 293 @    831 d -> ok lin tank 657.7 (+-0.7) miss 13 km (5.4 s)
[15:35:40]     settle  7: 197 @    971 d -> ok lam tank 664.3 (+6.6) miss 0 km (2.7 s)
[15:35:45]     settle  7: 260 @   1057 d -> ok lam tank 668.3 (+10.7) miss 0 km (3.0 s)
[15:35:50]     settle  7: 256 @    974 d -> ok lam tank 676.8 (+19.1) miss 81 km (2.9 s)
[15:35:52]   7 candidates dropped (settle failure / regrid failure / duplicate after truncation)
[15:35:52] RESULT s02_c7: 9 columns; frontier 1fb 7 kg p1/3 | 2fb 25 kg p3/3 | 3fb 30 kg p3/3; settles 24 (9 ok), regrids 9 (9 ok); wall 238 s of 300 (plan 168, price 0, settle 70; budget hit None, 0 unsettled)
[15:35:52]   job s02_c7 craft columns   9  levels 12  settles 9/24  end plan_done  wall 238.3 s
[15:35:52] [slice 2] propose: 117 columns (0 bad dropped) in 238.5 s
[15:35:52] [slice 2] auction: 117 columns, kept 116, dropped {'ramp': 1}; lam 1.00 H_eff 360 d fuel budget 322 kg quota on
[15:35:52] [slice 2] auction: status optimal objective 26.673 vars 116 rows 56 chosen 8 fuel 200/322 kg (0.008 s)
[15:35:54] [slice 2] claims: c0:2 c1:2 c2:3 c3:3 c4:3 c5:3 c7:3  (19 targets: 0 kept, 19 new; 20 released, 0 expired (ttl 6), 1 conflicts)
[15:35:54] [slice 2 T=720 d] launched 8/8  covered 62  remaining 236  fuel 489 kg  sumJi 8.3654  chosen: c0:3(+22) c1:3(+32) c2:3(+26) c3:3(+33) c4:2(+15) c5:3(+11) c6:2(+32) c7:3(+29)  rejected: -  (wall 240 s)
[15:35:54] [slice 3] claims in force: c0:2 c1:2 c2:3 c3:3 c4:3 c5:3 c7:3  (19 targets; claim_bonus 1.0, ttl 6)
[15:35:54]   c0: claims: 2 own (prized +1.0), 17 claimed by others withheld
[15:35:54]   c1: claims: 2 own (prized +1.0), 17 claimed by others withheld
[15:35:54]   c2: claims: 3 own (prized +1.0), 16 claimed by others withheld
[15:35:54]   c3: claims: 3 own (prized +1.0), 16 claimed by others withheld
[15:35:54]   c4: claims: 3 own (prized +1.0), 16 claimed by others withheld
[15:35:54]   c5: claims: 3 own (prized +1.0), 16 claimed by others withheld
[15:35:54]   c6: claims: 0 own (prized +1.0), 19 claimed by others withheld
[15:35:54]   c7: claims: 3 own (prized +1.0), 16 claimed by others withheld
[15:35:54] [slice 3 T=1080 d] propose: 8 jobs (8 craft, 0 root) on 9 workers, proposer planbeam, H_eff 360 d, lam 1.0
[15:35:54] job s03_c4 (craft, craft 4, planbeam): T 1080 d H 360 L 360; plan horizon 2520 d; remaining 220; prize >1 on 31; width 150 npt 6 mc 150 dv 1.2 drmax 0.15 plan_wall 240 s; quota {'fil': 9, 'med': 14}
[15:35:54] job s03_c5 (craft, craft 5, planbeam): T 1080 d H 360 L 360; plan horizon 2520 d; remaining 220; prize >1 on 31; width 150 npt 6 mc 150 dv 1.2 drmax 0.15 plan_wall 240 s; quota {'fil': 7, 'med': 16}
[15:35:54] job s03_c6 (craft, craft 6, planbeam): T 1080 d H 360 L 360; plan horizon 2520 d; remaining 217; prize >1 on 28; width 150 npt 6 mc 150 dv 1.2 drmax 0.15 plan_wall 240 s; quota {'fil': 10, 'med': 15}
[15:35:54] job s03_c1 (craft, craft 1, planbeam): T 1080 d H 360 L 360; plan horizon 2520 d; remaining 219; prize >1 on 30; width 150 npt 6 mc 150 dv 1.2 drmax 0.15 plan_wall 240 s; quota {'fil': 8, 'med': 15}
[15:35:54] job s03_c7 (craft, craft 7, planbeam): T 1080 d H 360 L 360; plan horizon 2520 d; remaining 220; prize >1 on 31; width 150 npt 6 mc 150 dv 1.2 drmax 0.15 plan_wall 240 s; quota {'fil': 7, 'med': 16}
[15:35:54] job s03_c3 (craft, craft 3, planbeam): T 1080 d H 360 L 360; plan horizon 2520 d; remaining 220; prize >1 on 31; width 150 npt 6 mc 150 dv 1.2 drmax 0.15 plan_wall 240 s; quota {'fil': 6, 'med': 18}
[15:35:54] job s03_c2 (craft, craft 2, planbeam): T 1080 d H 360 L 360; plan horizon 2520 d; remaining 220; prize >1 on 31; width 150 npt 6 mc 150 dv 1.2 drmax 0.15 plan_wall 240 s; quota {'fil': 9, 'med': 15}
[15:35:54] job s03_c0 (craft, craft 0, planbeam): T 1080 d H 360 L 360; plan horizon 2520 d; remaining 219; prize >1 on 30; width 150 npt 6 mc 150 dv 1.2 drmax 0.15 plan_wall 240 s; quota {'fil': 6, 'med': 17}
[15:35:54] prefix slices/s03/in/craft_4.npz: 7 flybys, t_end 988.4 d, tank 646.4 kg (planner view), miss 0.7 km, nreg 48
[15:35:54] budget: job_wall 300 s, 300 s left before the plan -> plan cap 210 s (plan_wall 240, settle_reserve 90)
[15:35:54] prefix slices/s03/in/craft_5.npz: 8 flybys, t_end 1001.8 d, tank 649.0 kg (planner view), miss 0.3 km, nreg 48
[15:35:54] prefix slices/s03/in/craft_3.npz: 8 flybys, t_end 1074.6 d, tank 673.2 kg (planner view), miss 0.1 km, nreg 53
[15:35:54] budget: job_wall 300 s, 300 s left before the plan -> plan cap 210 s (plan_wall 240, settle_reserve 90)
[15:35:54] prefix slices/s03/in/craft_1.npz: 10 flybys, t_end 972.9 d, tank 695.6 kg (planner view), miss 0.7 km, nreg 51
[15:35:54] budget: job_wall 300 s, 300 s left before the plan -> plan cap 210 s (plan_wall 240, settle_reserve 90)
[15:35:54] budget: job_wall 300 s, 300 s left before the plan -> plan cap 210 s (plan_wall 240, settle_reserve 90)
[15:35:54] prefix slices/s03/in/craft_0.npz: 8 flybys, t_end 1071.6 d, tank 648.9 kg (planner view), miss 0.1 km, nreg 56
[15:35:54] budget: job_wall 300 s, 300 s left before the plan -> plan cap 210 s (plan_wall 240, settle_reserve 90)
[15:35:54] prefix slices/s03/in/craft_7.npz: 7 flybys, t_end 968.5 d, tank 661.6 kg (planner view), miss 0.1 km, nreg 45
[15:35:54] budget: job_wall 300 s, 300 s left before the plan -> plan cap 210 s (plan_wall 240, settle_reserve 90)
[15:35:54] prefix slices/s03/in/craft_6.npz: 6 flybys, t_end 1021.3 d, tank 657.8 kg (planner view), miss 0.2 km, nreg 47
[15:35:54] budget: job_wall 300 s, 300 s left before the plan -> plan cap 210 s (plan_wall 240, settle_reserve 90)
[15:35:54] prefix slices/s03/in/craft_2.npz: 8 flybys, t_end 1029.3 d, tank 656.3 kg (planner view), miss 0.2 km, nreg 51
[15:35:54] budget: job_wall 300 s, 300 s left before the plan -> plan cap 210 s (plan_wall 240, settle_reserve 90)
[15:36:05] first level (both): 0 production + 82 relaxed (dv 2.5, 0.3 AU; 0.1 s) + 80 lintwin children -> 118 unique (11.0 s)
[15:36:05] plan start: prefix 7 flybys, t_end 968.5 d, planner mass 1454.6 kg (dv 3.736 km/s); 118 first-level states
[15:36:05] first level (both): 0 production + 64 relaxed (dv 2.5, 0.3 AU; 0.1 s) + 68 lintwin children -> 99 unique (11.7 s)
[15:36:05] plan start: prefix 8 flybys, t_end 1074.6 d, planner mass 1429.6 kg (dv 4.418 km/s); 99 first-level states
[15:36:06] first level (both): 0 production + 57 relaxed (dv 2.5, 0.3 AU; 0.1 s) + 78 lintwin children -> 106 unique (12.0 s)
[15:36:06] plan start: prefix 8 flybys, t_end 1001.8 d, planner mass 1482.9 kg (dv 2.983 km/s); 106 first-level states
[15:36:06] first level (both): 0 production + 59 relaxed (dv 2.5, 0.3 AU; 0.1 s) + 64 lintwin children -> 95 unique (12.1 s)
[15:36:06] plan start: prefix 8 flybys, t_end 1071.6 d, planner mass 1483.1 kg (dv 2.977 km/s); 95 first-level states
[15:36:06] first level (both): 0 production + 84 relaxed (dv 2.5, 0.3 AU; 0.1 s) + 75 lintwin children -> 110 unique (12.1 s)
[15:36:06] plan start: prefix 7 flybys, t_end 988.4 d, planner mass 1488.8 kg (dv 2.825 km/s); 110 first-level states
[15:36:06] first level (both): 0 production + 53 relaxed (dv 2.5, 0.3 AU; 0.1 s) + 82 lintwin children -> 112 unique (12.2 s)
[15:36:06] plan start: prefix 6 flybys, t_end 1021.3 d, planner mass 1463.0 kg (dv 3.512 km/s); 112 first-level states
[15:36:06] first level (both): 0 production + 78 relaxed (dv 2.5, 0.3 AU; 0.1 s) + 84 lintwin children -> 120 unique (12.5 s)
[15:36:06] plan start: prefix 8 flybys, t_end 1029.3 d, planner mass 1466.4 kg (dv 3.420 km/s); 120 first-level states
[15:36:08] first level (both): 0 production + 21 relaxed (dv 2.5, 0.3 AU; 0.1 s) + 70 lintwin children -> 79 unique (13.8 s)
[15:36:08] plan start: prefix 10 flybys, t_end 972.9 d, planner mass 1383.6 kg (dv 5.702 km/s); 79 first-level states
[15:36:58] plan: 1005 states, depth 8 new flybys, end plan_done (64 s); deepest 8 new to 2436 d at planner fuel 390 kg
[15:36:58]   depth  1:  112 states (51 in H), t_end 1093-1730 d, fuel 144-240 kg
[15:36:58]   depth  2:  150 states (44 in H), t_end 1155-1991 d, fuel 156-281 kg
[15:36:58]   depth  3:  150 states (0 in H), t_end 1588-2351 d, fuel 196-319 kg
[15:36:58]   depth  4:  150 states (0 in H), t_end 1776-2469 d, fuel 279-358 kg
[15:36:58]   depth  5:  150 states (0 in H), t_end 1920-2492 d, fuel 298-381 kg
[15:36:58]   depth  6:  150 states (0 in H), t_end 2019-2468 d, fuel 329-412 kg
[15:36:58]   depth  7:  134 states (0 in H), t_end 2221-2519 d, fuel 356-445 kg
[15:36:58]   depth  8:    9 states (0 in H), t_end 2431-2520 d, fuel 390-458 kg
[15:36:58] candidates: 56 distinct committed target sets (n_new 1-2, potential 0-3)
[15:36:58] frontier: 16 candidates chosen (n fb / committed planner kg / continuation (lookahead) [full]; pot_mode lookahead, pot_cap None): 1fb/148kg/p0(0)[0], 1fb/150kg/p0(0)[0], 1fb/167kg/p1(0)[1], 1fb/170kg/p1(0)[1], 1fb/171kg/p1(0)[1], 1fb/191kg/p1(0)[1], 1fb/198kg/p1(0)[1], 1fb/199kg/p1(0)[1], 1fb/209kg/p1(1)[1], 1fb/214kg/p2(1)[2], 1fb/229kg/p2(2)[2], 1fb/229kg/p3(3)[3], 1fb/230kg/p3(3)[3], 2fb/184kg/p0(0)[0], 2fb/187kg/p0(0)[0], 2fb/255kg/p1(1)[1]
[15:36:58] budget: 236 s of 300 left for the settles + regrids (settle_wall 480)
[15:36:59]     settle  7: 115 @   1411 d -> ok lintwin tank 664.6 (+6.7) miss 18 km (1.2 s)
[15:37:00]     settle  7: 299 @   1297 d -> ok lintwin tank 665.6 (+7.8) miss 27 km (0.4 s)
[15:37:02]     settle  7:  40 @   1151 d -> ok lintwin tank 669.7 (+11.9) miss 68 km (1.6 s)
[15:37:03]     settle  7: 255 @   1155 d -> ok lintwin tank 672.7 (+14.8) miss 11 km (0.7 s)
[15:37:05]     settle  7:  46 @   1215 d -> ok lintwin tank 672.5 (+14.7) miss 52 km (1.1 s)
[15:37:06] plan: 1078 states, depth 8 new flybys, end plan_done (72 s); deepest 8 new to 2507 d at planner fuel 302 kg
[15:37:06]   depth  1:  110 states (81 in H), t_end 1085-1707 d, fuel 119-219 kg
[15:37:06]   depth  2:  150 states (89 in H), t_end 1187-2040 d, fuel 133-266 kg
[15:37:06]   depth  3:  150 states (7 in H), t_end 1294-2350 d, fuel 162-297 kg
[15:37:06]   depth  4:  150 states (1 in H), t_end 1399-2409 d, fuel 184-311 kg
[15:37:06]   depth  5:  150 states (0 in H), t_end 1564-2519 d, fuel 200-340 kg
[15:37:06]   depth  6:  150 states (0 in H), t_end 1774-2517 d, fuel 241-362 kg
[15:37:06]   depth  7:  150 states (0 in H), t_end 2197-2515 d, fuel 257-351 kg
[15:37:06]   depth  8:   68 states (0 in H), t_end 2348-2520 d, fuel 302-378 kg
[15:37:06] candidates: 110 distinct committed target sets (n_new 1-4, potential 0-2)
[15:37:06] frontier: 16 candidates chosen (n fb / committed planner kg / continuation (lookahead) [full]; pot_mode lookahead, pot_cap None): 1fb/119kg/p0(0)[0], 1fb/124kg/p2(1)[2], 1fb/125kg/p3(2)[3], 1fb/132kg/p2(2)[2], 1fb/134kg/p3(1)[3], 1fb/144kg/p2(2)[2], 1fb/146kg/p5(2)[5], 1fb/194kg/p2(1)[2], 2fb/133kg/p0(0)[0], 2fb/146kg/p0(0)[0], 2fb/177kg/p4(2)[4], 2fb/186kg/p3(2)[3], 3fb/194kg/p3(2)[3], 3fb/205kg/p0(0)[0], 3fb/217kg/p1(1)[1], 4fb/241kg/p2(2)[2]
[15:37:06] budget: 228 s of 300 left for the settles + regrids (settle_wall 480)
[15:37:07]     settle  8: 193 @   1421 d -> ok lintwin tank 649.3 (+2.9) miss 7 km (1.2 s)
[15:37:08] plan: 1130 states, depth 9 new flybys, end plan_done (74 s); deepest 9 new to 2465 d at planner fuel 349 kg
[15:37:08]   depth  1:  106 states (46 in H), t_end 1094-1725 d, fuel 119-224 kg
[15:37:08]   depth  2:  150 states (23 in H), t_end 1214-2136 d, fuel 130-256 kg
[15:37:08]   depth  3:  150 states (0 in H), t_end 1478-2368 d, fuel 142-283 kg
[15:37:08]   depth  4:  150 states (0 in H), t_end 1668-2403 d, fuel 203-308 kg
[15:37:08]   depth  5:  150 states (0 in H), t_end 1776-2517 d, fuel 220-346 kg
[15:37:08]   depth  6:  150 states (0 in H), t_end 2017-2518 d, fuel 252-378 kg
[15:37:08]   depth  7:  150 states (0 in H), t_end 2167-2520 d, fuel 270-414 kg
[15:37:08]   depth  8:   98 states (0 in H), t_end 2339-2518 d, fuel 299-444 kg
[15:37:08]   depth  9:   26 states (0 in H), t_end 2461-2517 d, fuel 349-436 kg
[15:37:08] candidates: 48 distinct committed target sets (n_new 1-2, potential 0-3)
[15:37:08] frontier: 16 candidates chosen (n fb / committed planner kg / continuation (lookahead) [full]; pot_mode lookahead, pot_cap None): 1fb/121kg/p0(0)[0], 1fb/123kg/p0(0)[0], 1fb/141kg/p2(2)[2], 1fb/141kg/p2(1)[2], 1fb/142kg/p2(2)[2], 1fb/161kg/p1(1)[1], 1fb/165kg/p1(1)[1], 1fb/170kg/p1(1)[1], 1fb/176kg/p1(0)[1], 1fb/182kg/p1(1)[1], 1fb/185kg/p4(3)[4], 1fb/209kg/p2(1)[2], 2fb/137kg/p1(1)[1], 2fb/143kg/p1(1)[1], 2fb/187kg/p3(3)[3], 2fb/216kg/p3(3)[3]
[15:37:08] budget: 226 s of 300 left for the settles + regrids (settle_wall 480)
[15:37:08]     settle  8: 261 @   1255 d -> ok lintwin tank 649.9 (+3.5) miss 11 km (0.5 s)
[15:37:08]     settle  7:  18 @   1161 d -> ok lintwin tank 712.7 (+54.9) miss 41 km (3.0 s)
[15:37:09]     settle  8: 158 @   1260 d -> ok lintwin tank 649.0 (+2.6) miss 14 km (0.9 s)
[15:37:10]     settle  8: 275 @   1400 d -> ok lintwin tank 655.9 (+9.5) miss 15 km (0.6 s)
[15:37:11]     settle  9:  49 @   1273 d -> ok lintwin tank 739.1 (+90.1) miss 0 km (3.0 s)
[15:37:11] plan: 1176 states, depth 10 new flybys, end plan_done (78 s); deepest 10 new to 2505 d at planner fuel 459 kg
[15:37:11]   depth  1:   79 states (33 in H), t_end 1134-1853 d, fuel 225-317 kg
[15:37:11]   depth  2:  150 states (15 in H), t_end 1172-2108 d, fuel 235-352 kg
[15:37:11]   depth  3:  150 states (2 in H), t_end 1432-2463 d, fuel 254-382 kg
[15:37:11]   depth  4:  150 states (0 in H), t_end 1575-2372 d, fuel 275-383 kg
[15:37:11]   depth  5:  150 states (0 in H), t_end 1744-2517 d, fuel 290-422 kg
[15:37:11]   depth  6:  150 states (0 in H), t_end 1834-2518 d, fuel 304-447 kg
[15:37:11]   depth  7:  150 states (0 in H), t_end 2031-2507 d, fuel 330-442 kg
[15:37:11]   depth  8:  150 states (0 in H), t_end 2176-2507 d, fuel 361-472 kg
[15:37:11]   depth  9:   45 states (0 in H), t_end 2363-2517 d, fuel 398-500 kg
[15:37:11]   depth 10:    2 states (0 in H), t_end 2505-2505 d, fuel 459-491 kg
[15:37:11] candidates: 37 distinct committed target sets (n_new 1-3, potential 0-2)
[15:37:11] frontier: 16 candidates chosen (n fb / committed planner kg / continuation (lookahead) [full]; pot_mode lookahead, pot_cap None): 1fb/225kg/p2(2)[2], 1fb/241kg/p1(0)[1], 1fb/244kg/p4(2)[4], 1fb/253kg/p1(1)[1], 1fb/256kg/p1(1)[1], 1fb/257kg/p1(1)[1], 1fb/263kg/p1(1)[1], 1fb/269kg/p2(2)[2], 1fb/278kg/p2(2)[2], 1fb/304kg/p2(2)[2], 1fb/314kg/p2(2)[2], 1fb/315kg/p2(2)[2], 2fb/248kg/p0(0)[0], 2fb/248kg/p2(2)[2], 2fb/267kg/p3(2)[3], 3fb/273kg/p2(2)[2]
[15:37:11] budget: 222 s of 300 left for the settles + regrids (settle_wall 480)
[15:37:12]     settle  8:  58 @   1174 d -> ok lintwin tank 665.7 (+19.3) miss 7 km (1.1 s)
[15:37:12]     settle  9:  39 @   1438 d -> ok lintwin tank 651.8 (+2.8) miss 2 km (0.4 s)
[15:37:12]     settle  7:  80 @   1191 d -> ok lintwin tank 741.5 (+83.7) miss 80 km (3.3 s)
[15:37:13]     settle 11: 206 @   1429 d -> ok lintwin tank 699.0 (+3.3) miss 64 km (1.1 s)
[15:37:13]     settle  8:  78 @   1325 d -> ok lintwin tank 657.3 (+10.9) miss 5 km (0.6 s)
[15:37:13]     settle  9: 249 @   1302 d -> ok lintwin tank 658.9 (+9.9) miss 10 km (0.7 s)
[15:37:13]     settle  9:  43 @   1152 d -> ok lintwin tank 656.5 (+7.5) miss 5 km (0.3 s)
[15:37:13]     settle  8: 260 @   1142 d -> ok lintwin tank 662.1 (+15.7) miss 11 km (0.4 s)
[15:37:14]     settle  7: 267 @   1093 d -> ok lintwin tank 694.4 (+36.6) miss 63 km (1.4 s)
[15:37:14]     settle 11:  38 @   1169 d -> ok lintwin tank 709.2 (+13.6) miss 16 km (0.9 s)
[15:37:14]     settle  8: 186 @   1328 d -> ok lintwin tank 655.4 (+9.0) miss 83 km (0.6 s)
[15:37:14]     settle  9:  45 @   1346 d -> ok lintwin tank 667.7 (+18.7) miss 4 km (0.7 s)
[15:37:15]     settle  7:  60 @   1201 d -> ok lintwin tank 685.6 (+27.8) miss 13 km (0.8 s)
[15:37:15]     settle 11:  12 @   1138 d -> ok lintwin tank 706.6 (+11.0) miss 54 km (0.8 s)
[15:37:15]     settle  9: 193 @   1421 d -> ok lintwin tank 652.6 (+2.7) miss 3 km (0.4 s)
[15:37:15]     settle  7:  62 @   1125 d -> ok lintwin tank 692.6 (+34.7) miss 12 km (0.3 s)
[15:37:16]     settle  9: 223 @   1402 d -> ok lintwin tank 666.5 (+17.4) miss 36 km (1.6 s)
[15:37:18]     settle 11: 222 @   1387 d -> ok lintwin tank 731.6 (+36.0) miss 10 km (2.3 s)
[15:37:19]     settle  9: 132 @   1413 d -> ok lintwin tank 675.8 (+26.8) miss 10 km (2.1 s)
[15:37:19]     settle  7: 104 @   1425 d -> ok lintwin tank 717.2 (+59.4) miss 71 km (3.5 s)
[15:37:20]     settle  9:  23 @   1394 d -> ok lam tank 671.8 (+22.7) miss 56 km (0.9 s)
[15:37:21] plan: 1251 states, depth 10 new flybys, end plan_done (87 s); deepest 10 new to 2505 d at planner fuel 446 kg
[15:37:21]   depth  1:  120 states (56 in H), t_end 1116-1730 d, fuel 143-241 kg
[15:37:21]   depth  2:  150 states (31 in H), t_end 1212-1910 d, fuel 159-274 kg
[15:37:21]   depth  3:  150 states (1 in H), t_end 1389-2393 d, fuel 193-305 kg
[15:37:21]   depth  4:  150 states (0 in H), t_end 1697-2396 d, fuel 214-335 kg
[15:37:21]   depth  5:  150 states (0 in H), t_end 1866-2515 d, fuel 273-365 kg
[15:37:21]   depth  6:  150 states (0 in H), t_end 1986-2518 d, fuel 310-388 kg
[15:37:21]   depth  7:  150 states (0 in H), t_end 2084-2519 d, fuel 330-420 kg
[15:37:21]   depth  8:  150 states (0 in H), t_end 2238-2518 d, fuel 353-453 kg
[15:37:21]   depth  9:   71 states (0 in H), t_end 2359-2520 d, fuel 378-485 kg
[15:37:21]   depth 10:   10 states (0 in H), t_end 2473-2519 d, fuel 446-496 kg
[15:37:21] candidates: 51 distinct committed target sets (n_new 1-3, potential 0-3)
[15:37:21] frontier: 16 candidates chosen (n fb / committed planner kg / continuation (lookahead) [full]; pot_mode lookahead, pot_cap None): 1fb/146kg/p0(0)[0], 1fb/147kg/p0(0)[0], 1fb/152kg/p1(0)[1], 1fb/153kg/p3(3)[3], 1fb/155kg/p1(1)[1], 1fb/158kg/p1(0)[1], 1fb/169kg/p1(1)[1], 1fb/173kg/p2(0)[2], 1fb/179kg/p2(2)[2], 1fb/184kg/p1(1)[1], 1fb/213kg/p2(1)[2], 1fb/224kg/p3(2)[3], 2fb/159kg/p0(0)[0], 2fb/161kg/p0(0)[0], 2fb/244kg/p2(2)[2], 3fb/268kg/p0(0)[0]
[15:37:21] budget: 213 s of 300 left for the settles + regrids (settle_wall 480)
[15:37:21]     settle  9:   9 @   1176 d -> ok lintwin tank 675.5 (+26.5) miss 23 km (0.3 s)
[15:37:21]     settle  9:   8 @   1337 d -> ok lintwin tank 661.8 (+5.5) miss 3 km (0.4 s)
[15:37:22]     settle 11: 210 @   1405 d -> ok lintwin tank 714.6 (+19.0) miss 68 km (4.0 s)
[15:37:22] plan: 1286 states, depth 10 new flybys, end plan_done (88 s); deepest 10 new to 2513 d at planner fuel 451 kg
[15:37:22]   depth  1:  118 states (66 in H), t_end 1099-1777 d, fuel 147-252 kg
[15:37:22]   depth  2:  150 states (30 in H), t_end 1283-1875 d, fuel 157-281 kg
[15:37:22]   depth  3:  150 states (5 in H), t_end 1421-2332 d, fuel 177-309 kg
[15:37:22]   depth  4:  150 states (0 in H), t_end 1490-2370 d, fuel 182-341 kg
[15:37:22]   depth  5:  150 states (0 in H), t_end 1658-2322 d, fuel 251-320 kg
[15:37:22]   depth  6:  150 states (0 in H), t_end 1790-2512 d, fuel 273-359 kg
[15:37:22]   depth  7:  150 states (0 in H), t_end 2054-2422 d, fuel 284-386 kg
[15:37:22]   depth  8:  150 states (0 in H), t_end 2169-2482 d, fuel 303-424 kg
[15:37:22]   depth  9:  111 states (0 in H), t_end 2349-2520 d, fuel 353-457 kg
[15:37:22]   depth 10:    7 states (0 in H), t_end 2406-2518 d, fuel 451-483 kg
[15:37:22] candidates: 53 distinct committed target sets (n_new 1-3, potential 0-3)
[15:37:22] frontier: 16 candidates chosen (n fb / committed planner kg / continuation (lookahead) [full]; pot_mode lookahead, pot_cap None): 1fb/151kg/p3(1)[3], 1fb/152kg/p3(2)[3], 1fb/159kg/p5(3)[5], 1fb/162kg/p2(1)[2], 1fb/171kg/p2(2)[2], 1fb/172kg/p3(3)[3], 1fb/192kg/p2(1)[2], 1fb/208kg/p3(2)[3], 1fb/235kg/p3(3)[3], 2fb/167kg/p0(0)[0], 2fb/174kg/p2(1)[2], 2fb/183kg/p2(2)[2], 2fb/191kg/p4(3)[4], 2fb/192kg/p2(2)[2], 3fb/220kg/p1(1)[1], 3fb/226kg/p3(3)[3]
[15:37:22] budget: 212 s of 300 left for the settles + regrids (settle_wall 480)
[15:37:22]     settle  7: 223 @   1372 d -> ok lam tank 692.5 (+34.7) miss 0 km (2.7 s)
[15:37:22]     settle  9:  17 @   1312 d -> ok lintwin tank 662.6 (+6.3) miss 9 km (0.5 s)
[15:37:23] plan: 1239 states, depth 11 new flybys, end plan_done (89 s); deepest 11 new to 2518 d at planner fuel 495 kg
[15:37:23]   depth  1:   99 states (53 in H), t_end 1154-1714 d, fuel 172-274 kg
[15:37:23]   depth  2:  150 states (35 in H), t_end 1278-2243 d, fuel 194-311 kg
[15:37:23]   depth  3:  150 states (0 in H), t_end 1449-2308 d, fuel 236-334 kg
[15:37:23]   depth  4:  150 states (0 in H), t_end 1609-2463 d, fuel 262-349 kg
[15:37:23]   depth  5:  150 states (0 in H), t_end 1699-2515 d, fuel 298-387 kg
[15:37:23]   depth  6:  150 states (0 in H), t_end 2026-2516 d, fuel 325-422 kg
[15:37:23]   depth  7:  150 states (0 in H), t_end 2176-2518 d, fuel 352-458 kg
[15:37:23]   depth  8:  150 states (0 in H), t_end 2246-2518 d, fuel 374-485 kg
[15:37:23]   depth  9:   84 states (0 in H), t_end 2435-2518 d, fuel 404-516 kg
[15:37:23]   depth 10:    5 states (0 in H), t_end 2467-2518 d, fuel 457-518 kg
[15:37:23]   depth 11:    1 states (0 in H), t_end 2518-2518 d, fuel 495-495 kg
[15:37:23] candidates: 49 distinct committed target sets (n_new 1-2, potential 0-3)
[15:37:23] frontier: 16 candidates chosen (n fb / committed planner kg / continuation (lookahead) [full]; pot_mode lookahead, pot_cap None): 1fb/180kg/p1(1)[1], 1fb/192kg/p2(1)[2], 1fb/213kg/p2(1)[2], 1fb/213kg/p1(0)[1], 1fb/217kg/p1(1)[1], 1fb/217kg/p1(1)[1], 1fb/217kg/p1(0)[1], 1fb/230kg/p4(3)[4], 1fb/230kg/p1(0)[1], 1fb/234kg/p1(0)[1], 1fb/245kg/p1(0)[1], 1fb/248kg/p1(1)[1], 1fb/259kg/p1(0)[1], 2fb/226kg/p1(1)[1], 2fb/228kg/p1(1)[1], 2fb/263kg/p3(3)[3]
[15:37:23] budget: 211 s of 300 left for the settles + regrids (settle_wall 480)
[15:37:23]     settle  9: 140 @   1384 d -> ok lam tank 677.4 (+28.4) miss 46 km (1.6 s)
[15:37:23]     settle  9: 273 @   1349 d -> ok lintwin tank 677.2 (+4.0) miss 20 km (0.4 s)
[15:37:23]     settle  9: 231 @   1232 d -> ok lintwin tank 665.9 (+9.6) miss 14 km (0.5 s)
[15:37:23]     settle  9: 265 @   1244 d -> ok lintwin tank 684.0 (+10.8) miss 12 km (0.3 s)
[15:37:24]     settle  9: 248 @   1194 d -> ok lintwin tank 653.1 (+4.1) miss 3 km (0.4 s)
[15:37:24]     settle  9:  24 @   1141 d -> ok lintwin tank 664.8 (+8.5) miss 1 km (0.4 s)
[15:37:24]     settle 11:  17 @   1316 d -> ok lintwin tank 808.9 (+113.3) miss 55 km (1.5 s)
[15:37:24]     settle  9: 168 @   1290 d -> ok lintwin tank 685.9 (+12.7) miss 4 km (0.5 s)
[15:37:24]     settle  7: 132 @   1407 d -> ok lintwin tank 689.7 (+31.9) miss 74 km (1.5 s)
[15:37:24]     settle  9:  56 @   1105 d -> ok lintwin tank 715.5 (+66.5) miss 77 km (0.5 s)
[15:37:25]     settle  8:   9 @   1326 d -> ok lintwin tank 676.6 (+3.9) miss 26 km (0.5 s)
[15:37:25]     settle  9: 248 @   1154 d -> ok lintwin tank 653.2 (+4.2) miss 1 km (0.2 s)
[15:37:25]     settle  9: 132 @   1426 d -> ok lintwin tank 664.0 (+7.7) miss 22 km (1.1 s)
[15:37:25]     settle 10:  39 @   1438 d -> ok lintwin tank 655.4 (+2.2) miss 2 km (0.3 s)
[15:37:25]     settle  9: 255 @   1298 d -> ok lam tank 695.7 (+30.0) miss 72 km (9.9 s)
[15:37:25]     settle  7: 255 @   1151 d -> ok lintwin tank 672.7 (+14.8) miss 1 km (0.4 s)
[15:37:26]     settle 10:   8 @   1333 d -> ok lintwin tank 658.2 (+5.0) miss 2 km (0.2 s)
[15:37:26]     settle  9: 239 @   1255 d -> ok lintwin tank 673.2 (+11.1) miss 6 km (0.2 s)
[15:37:26]     settle  9: 210 @   1210 d -> ok lintwin tank 666.7 (+10.4) miss 9 km (0.6 s)
[15:37:26]     settle 11: 112 @   1267 d -> ok lintwin tank 740.9 (+45.3) miss 69 km (1.6 s)
[15:37:26]     settle  8: 299 @   1301 d -> ok lintwin tank 674.6 (+1.9) miss 8 km (0.5 s)
[15:37:26]     settle  9: 255 @   1242 d -> ok lintwin tank 712.7 (+39.5) miss 59 km (1.7 s)
[15:37:26]     settle 10: 249 @   1304 d -> ok lintwin tank 674.7 (+21.5) miss 22 km (0.5 s)
[15:37:26]     settle  9: 255 @   1295 d -> ok lintwin tank 674.7 (+12.5) miss 4 km (0.4 s)
[15:37:27]     settle 10: 255 @   1295 d -> ok lintwin tank 676.0 (+2.8) miss 10 km (0.2 s)
[15:37:27]     settle 10:  45 @   1343 d -> ok lintwin tank 674.1 (+21.0) miss 1 km (0.4 s)
[15:37:27]     settle  8: 213 @   1167 d -> ok lam tank 668.4 (+6.8) miss 6 km (4.7 s)
[15:37:27]     settle  8: 132 @   1380 d -> ok lintwin tank 698.5 (+5.9) miss 42 km (0.9 s)
[15:37:27] RESULT s03_c5: 16 columns; frontier 1fb 3 kg p0/3 | 2fb 6 kg p1/3; settles 17 (17 ok), regrids 16 (16 ok); wall 93 s of 300 (plan 74, price 1, settle 19; budget hit None, 0 unsettled)
[15:37:27]     settle  9: 190 @   1321 d -> ok lintwin tank 705.9 (+32.7) miss 75 km (0.9 s)
[15:37:27] RESULT s03_c6: 16 columns; frontier 1fb 7 kg p0/3 | 2fb 17 kg p0/1; settles 17 (17 ok), regrids 16 (16 ok); wall 94 s of 300 (plan 64, price 1, settle 29; budget hit None, 0 unsettled)
[15:37:27]     settle 10: 193 @   1422 d -> ok lintwin tank 677.2 (+4.0) miss 10 km (0.2 s)
[15:37:28]   job s03_c5 craft columns  16  levels 9  settles 17/17  end plan_done  wall 93.4 s
[15:37:28]   job s03_c6 craft columns  16  levels 8  settles 17/17  end plan_done  wall 93.5 s
[15:37:28]     settle  9:   4 @   1365 d -> ok lintwin tank 696.2 (+23.0) miss 34 km (0.5 s)
[15:37:29]     settle  9: 292 @   1317 d -> ok lintwin tank 698.8 (+25.6) miss 15 km (0.5 s)
[15:37:29]     settle  9: 223 @   1395 d -> ok lintwin tank 670.6 (+14.3) miss 73 km (2.8 s)
[15:37:29]     settle 11: 132 @   1386 d -> ok lintwin tank 731.4 (+35.8) miss 1 km (2.9 s)
[15:37:29]   drift: leg 132@1386 d settled outside (T, T+H] -> column cut at 0
[15:37:29]     settle  9: 149 @   1189 d -> ok lintwin tank 687.6 (+14.4) miss 21 km (0.2 s)
[15:37:29]     settle  9:  78 @   1325 d -> ok lintwin tank 716.3 (+50.5) miss 94 km (1.9 s)
[15:37:30]     settle  9: 164 @   1142 d -> ok lintwin tank 672.2 (+15.9) miss 13 km (0.6 s)
[15:37:30]   regrid FAIL (1 fb: miss 398 km, None, 2.9 s) -> column dropped
[15:37:30]     settle 11: 220 @   1308 d -> ok lintwin tank 733.1 (+37.5) miss 69 km (1.4 s)
[15:37:31]     settle  9: 102 @   1223 d -> ok lintwin tank 703.3 (+30.1) miss 79 km (1.5 s)
[15:37:31]     settle 10: 193 @   1420 d -> ok lintwin tank 779.2 (+63.0) miss 30 km (1.4 s)
[15:37:31]     settle  9:   6 @   1324 d -> ok lintwin tank 672.4 (+16.1) miss 20 km (1.1 s)
[15:37:31] plan: 1430 states, depth 11 new flybys, end plan_done (98 s); deepest 11 new to 2504 d at planner fuel 472 kg
[15:37:31]   depth  1:   95 states (45 in H), t_end 1140-1750 d, fuel 124-226 kg
[15:37:31]   depth  2:  150 states (16 in H), t_end 1224-2036 d, fuel 148-265 kg
[15:37:31]   depth  3:  150 states (0 in H), t_end 1505-2402 d, fuel 186-303 kg
[15:37:31]   depth  4:  150 states (0 in H), t_end 1581-2507 d, fuel 226-324 kg
[15:37:31]   depth  5:  150 states (0 in H), t_end 1701-2503 d, fuel 265-352 kg
[15:37:31]   depth  6:  150 states (0 in H), t_end 1874-2519 d, fuel 267-377 kg
[15:37:31]   depth  7:  150 states (0 in H), t_end 1948-2518 d, fuel 284-413 kg
[15:37:31]   depth  8:  150 states (0 in H), t_end 2128-2519 d, fuel 326-448 kg
[15:37:31]   depth  9:  150 states (0 in H), t_end 2186-2508 d, fuel 365-476 kg
[15:37:31]   depth 10:  126 states (0 in H), t_end 2297-2520 d, fuel 420-508 kg
[15:37:31]   depth 11:    9 states (0 in H), t_end 2457-2516 d, fuel 472-519 kg
[15:37:31] candidates: 31 distinct committed target sets (n_new 1-2, potential 0-3)
[15:37:31] frontier: 16 candidates chosen (n fb / committed planner kg / continuation (lookahead) [full]; pot_mode lookahead, pot_cap None): 1fb/139kg/p1(1)[1], 1fb/140kg/p1(1)[1], 1fb/153kg/p1(1)[1], 1fb/168kg/p2(2)[2], 1fb/169kg/p1(1)[1], 1fb/169kg/p1(1)[1], 1fb/170kg/p4(3)[4], 1fb/176kg/p1(0)[1], 1fb/187kg/p1(1)[1], 1fb/191kg/p2(1)[2], 1fb/197kg/p1(1)[1], 1fb/200kg/p1(0)[1], 1fb/206kg/p1(0)[1], 2fb/219kg/p3(3)[3], 2fb/221kg/p0(0)[0], 2fb/221kg/p1(1)[1]
[15:37:31] budget: 202 s of 300 left for the settles + regrids (settle_wall 480)
[15:37:31]     settle 11: 275 @   1399 d -> ok lintwin tank 695.4 (+19.4) miss 3 km (0.4 s)
[15:37:32]     settle  9:   4 @   1361 d -> ok lintwin tank 658.6 (+9.7) miss 69 km (0.2 s)
[15:37:32] RESULT s03_c4: 16 columns; frontier 1fb 2 kg p2/2 | 2fb 6 kg p0/2 | 3fb 30 kg p2/2 | 4fb 49 kg p2/2; settles 17 (17 ok), regrids 16 (16 ok); wall 98 s of 300 (plan 72, price 1, settle 26; budget hit None, 0 unsettled)
[15:37:32]   job s03_c4 craft columns  16  levels 8  settles 17/17  end plan_done  wall 98.0 s
[15:37:32]     settle  9: 142 @   1324 d -> ok lintwin tank 660.8 (+11.8) miss 28 km (0.2 s)
[15:37:32]     settle  9: 239 @   1261 d -> ok lintwin tank 716.4 (+43.2) miss 72 km (1.7 s)
[15:37:33]     settle  8: 105 @   1287 d -> ok lin tank 666.7 (+5.1) miss 80 km (3.1 s)
[15:37:33]     settle  9:  69 @   1299 d -> ok lintwin tank 673.7 (+24.8) miss 2 km (0.7 s)
[15:37:33]     settle  9:  23 @   1389 d -> ok lintwin tank 675.7 (+19.4) miss 30 km (2.3 s)
[15:37:33]     settle  9: 186 @   1193 d -> ok lintwin tank 719.7 (+46.5) miss 71 km (0.7 s)
[15:37:34]     settle 11: 140 @   1347 d -> ok lintwin tank 805.5 (+109.9) miss 0 km (3.1 s)
[15:37:34]     settle  9: 100 @   1304 d -> ok lintwin tank 665.1 (+16.2) miss 5 km (0.5 s)
[15:37:34]     settle  9: 142 @   1335 d -> ok lintwin tank 685.0 (+11.8) miss 15 km (0.5 s)
[15:37:34]     settle  9: 109 @   1256 d -> ok lintwin tank 675.3 (+26.3) miss 52 km (0.5 s)
[15:37:35]     settle  9: 258 @   1329 d -> ok lintwin tank 677.3 (+21.0) miss 70 km (1.6 s)
[15:37:35]     settle  9: 190 @   1326 d -> ok lintwin tank 670.2 (+21.3) miss 12 km (0.8 s)
[15:37:36]   regrid FAIL (1 fb: miss 179 km, None, 2.6 s) -> column dropped
[15:37:36]     settle  9:  43 @   1229 d -> ok lintwin tank 726.0 (+52.8) miss 71 km (1.6 s)
[15:37:36]     settle  9:  84 @   1233 d -> ok lintwin tank 672.3 (+16.0) miss 2 km (0.7 s)
[15:37:36]     settle 10: 132 @   1427 d -> ok lintwin tank 666.9 (+2.2) miss 5 km (0.2 s)
[15:37:37]     settle  9: 149 @   1195 d -> ok lintwin tank 687.3 (+14.1) miss 7 km (0.4 s)
[15:37:37]     settle  9: 300 @   1296 d -> ok lintwin tank 667.7 (+18.8) miss 14 km (0.9 s)
[15:37:37]     settle 11:  23 @   1373 d -> ok lintwin tank 789.7 (+94.1) miss 0 km (2.4 s)
[15:37:37]     settle 10: 132 @   1425 d -> ok lintwin tank 669.1 (+3.1) miss 8 km (0.3 s)
[15:37:37]     settle 10: 115 @   1399 d -> ok lintwin tank 691.5 (+4.1) miss 20 km (0.4 s)
[15:37:37]     settle  9:  43 @   1229 d -> ok lintwin tank 672.8 (+23.9) miss 11 km (0.4 s)
[15:37:37]     settle 10: 142 @   1329 d -> ok lintwin tank 691.6 (+7.6) miss 1 km (0.3 s)
[15:37:38]     settle  9: 273 @   1336 d -> ok lintwin tank 653.1 (+4.2) miss 8 km (0.2 s)
[15:37:38]     settle 10: 168 @   1292 d -> ok lintwin tank 691.0 (+3.4) miss 4 km (0.3 s)
[15:37:38] RESULT s03_c3: 16 columns; frontier 1fb 4 kg p1/3 | 2fb 18 kg p3/3; settles 17 (17 ok), regrids 16 (16 ok); wall 104 s of 300 (plan 89, price 0, settle 16; budget hit None, 0 unsettled)
[15:37:39]     settle  9: 255 @   1253 d -> ok lintwin tank 683.7 (+34.8) miss 74 km (0.9 s)
[15:37:39]     settle 11: 223 @   1392 d -> ok lintwin tank 753.7 (+58.1) miss 80 km (2.4 s)
[15:37:39]     settle 10: 258 @   1408 d -> ok lintwin tank 687.1 (+14.8) miss 46 km (2.1 s)
[15:37:40]     settle 10:  84 @   1212 d -> ok lintwin tank 674.0 (+1.8) miss 1 km (0.2 s)
[15:37:40]     settle  9:  46 @   1228 d -> ok lintwin tank 689.4 (+40.5) miss 78 km (0.8 s)
[15:37:40]     settle 11:  23 @   1389 d -> ok lintwin tank 678.8 (+4.8) miss 18 km (0.2 s)
[15:37:40]   job s03_c3 craft columns  16  levels 11  settles 17/17  end plan_done  wall 104.3 s
[15:37:40] RESULT s03_c2: 16 columns; frontier 1fb 5 kg p0/3 | 2fb 11 kg p0/2 | 3fb 22 kg p0/0; settles 17 (17 ok), regrids 16 (16 ok); wall 106 s of 300 (plan 87, price 0, settle 19; budget hit None, 0 unsettled)
[15:37:40]     settle 12: 281 @   1435 d -> ok lintwin tank 712.3 (+3.1) miss 30 km (0.2 s)
[15:37:41]     settle  9:  18 @   1140 d -> ok lintwin tank 684.9 (+36.0) miss 70 km (0.9 s)
[15:37:41]     settle 11:  12 @   1141 d -> ok lintwin tank 706.6 (+11.0) miss 13 km (0.5 s)
[15:37:41]     settle 12: 281 @   1436 d -> ok lintwin tank 709.8 (+3.2) miss 8 km (0.3 s)
[15:37:42]     settle 12:  38 @   1172 d -> ok lintwin tank 710.0 (+3.3) miss 27 km (0.5 s)
[15:37:42]   job s03_c2 craft columns  16  levels 10  settles 17/17  end plan_done  wall 106.3 s
[15:37:42]     settle 13: 281 @   1435 d -> ok lintwin tank 712.4 (+2.4) miss 13 km (0.2 s)
[15:37:42]   1 candidates dropped (settle failure / regrid failure / duplicate after truncation)
[15:37:42] RESULT s03_c1: 15 columns; frontier 1fb 3 kg p2/2 | 2fb 14 kg p2/2 | 3fb 17 kg p2/2; settles 17 (17 ok), regrids 15 (15 ok); wall 109 s of 300 (plan 78, price 1, settle 31; budget hit None, 0 unsettled)
[15:37:43]     settle  9: 239 @   1263 d -> ok lintwin tank 717.8 (+68.8) miss 77 km (1.8 s)
[15:37:43]     settle 10: 100 @   1405 d -> ok lintwin tank 679.1 (+11.4) miss 7 km (0.4 s)
[15:37:44]   job s03_c1 craft columns  15  levels 10  settles 17/17  end plan_done  wall 108.7 s
[15:37:45]     settle 10: 142 @   1420 d -> ok lintwin tank 690.8 (+18.0) miss 9 km (1.2 s)
[15:37:45]     settle  8: 296 @   1174 d -> FAIL [('lam', 259.1), ('lin', 12672.2)] (9.4 s)
[15:37:46]     settle 10: 100 @   1407 d -> ok lintwin tank 702.7 (+19.0) miss 71 km (1.0 s)
[15:37:46] RESULT s03_c0: 16 columns; frontier 1fb 4 kg p1/3 | 2fb 30 kg p3/3; settles 16 (16 ok), regrids 16 (16 ok); wall 112 s of 300 (plan 98, price 0, settle 15; budget hit None, 0 unsettled)
[15:37:47]     settle  8:  60 @   1210 d -> ok lam tank 672.0 (+10.4) miss 27 km (1.6 s)
[15:37:48]   job s03_c0 craft columns  16  levels 11  settles 16/16  end plan_done  wall 112.3 s
[15:37:55]     settle  8: 211 @   1399 d -> ok lam tank 679.1 (+17.5) miss 21 km (7.9 s)
[15:38:03]     settle  8:   9 @   1321 d -> FAIL [('lam', 2809.4)] (5.6 s)
[15:38:07]     settle  8: 267 @   1108 d -> ok lam tank 689.8 (+28.1) miss 4 km (4.1 s)
[15:38:13]     settle  8:  62 @   1119 d -> FAIL [('lam', 16921.8)] (4.3 s)
[15:38:17]     settle  8:  49 @   1239 d -> ok lam tank 679.3 (+17.7) miss 7 km (4.0 s)
[15:38:20]   regrid FAIL (1 fb: miss 1839 km, None, 3.0 s) -> column dropped
[15:38:25]     settle  9: 105 @   1286 d -> ok lam tank 680.6 (+12.3) miss 1 km (5.0 s)
[15:38:33]     settle  9: 115 @   1401 d -> ok lam tank 679.7 (+13.1) miss 42 km (5.0 s)
[15:38:36]   regrid FAIL (2 fb: miss 653 km, None, 3.1 s) -> column dropped
[15:38:39]     settle 10: 211 @   1424 d -> ok lam tank 699.2 (+18.5) miss 63 km (3.1 s)
[15:38:42]   regrid FAIL (3 fb: miss 485 km, None, 3.2 s) -> column dropped
[15:38:42]   12 candidates dropped (settle failure / regrid failure / duplicate after truncation)
[15:38:42] RESULT s03_c7: 4 columns; frontier 1fb 10 kg p1/2 | 2fb 20 kg p1/1; settles 15 (9 ok), regrids 9 (4 ok); wall 169 s of 300 (plan 88, price 0, settle 80; budget hit None, 0 unsettled)
[15:38:44]   job s03_c7 craft columns   4  levels 10  settles 9/15  end plan_done  wall 168.7 s
[15:38:44] [slice 3] propose: 115 columns (0 bad dropped) in 170.4 s
[15:38:44] [slice 3] auction: 115 columns, kept 113, dropped {'ramp': 2}; lam 1.00 H_eff 360 d fuel budget 322 kg quota on
[15:38:44] [slice 3] auction: status optimal objective 23.042 vars 113 rows 53 chosen 8 fuel 221/322 kg (0.007 s)
[15:38:46] [slice 3] commit: c7 column s03_c7_k0 REJECTED: regrid_settle failed (miss 209 km / cap 0.734)  (targets stay in remaining)
[15:38:46] [slice 3] retry 1 auction: 3 columns, kept 3, dropped {}; lam 1.00 H_eff 360 d fuel budget 120 kg quota on
[15:38:46] [slice 3] retry 1 auction: status optimal objective 1.437 vars 3 rows 2 chosen 1 fuel 16/120 kg (0.002 s)
[15:38:50] [slice 3] commit: c7 column s03_c7_k2 REJECTED: regrid_settle failed (miss 156 km / cap 0.579)  (targets stay in remaining)
[15:38:50] [slice 3] retry 2 auction: 2 columns, kept 2, dropped {}; lam 1.00 H_eff 360 d fuel budget 120 kg quota on
[15:38:50] [slice 3] retry 2 auction: status optimal objective 1.200 vars 2 rows 2 chosen 1 fuel 10/120 kg (0.004 s)
[15:38:52] [slice 3] claims: c0:2 c1:2 c3:2 c4:2 c5:2 c6:1 c7:2  (13 targets: 2 kept, 11 new; 17 released, 0 expired (ttl 6), 2 conflicts)
[15:38:52] [slice 3 T=1080 d] launched 8/8  covered 81  remaining 217  fuel 700 kg  sumJi 8.5320  chosen: c0:2(+30) c1:3(+17) c2:3(+22) c3:2(+18) c4:4(+49) c5:2(+25) c6:2(+41) c7:1(+10)[retry 2]  rejected: -  recovered by retry: c7 c7  (wall 178 s)
[15:38:52] [slice 4] claims in force: c0:2 c1:2 c3:2 c4:2 c5:2 c6:1 c7:2  (13 targets; claim_bonus 1.0, ttl 6)
[15:38:52]   c0: claims: 2 own (prized +1.0), 11 claimed by others withheld
[15:38:52]   c1: claims: 2 own (prized +1.0), 11 claimed by others withheld
[15:38:52]   c2: claims: 0 own (prized +1.0), 13 claimed by others withheld
[15:38:52]   c3: claims: 2 own (prized +1.0), 11 claimed by others withheld
[15:38:52]   c4: claims: 2 own (prized +1.0), 11 claimed by others withheld
[15:38:52]   c5: claims: 2 own (prized +1.0), 11 claimed by others withheld
[15:38:52]   c6: claims: 1 own (prized +1.0), 12 claimed by others withheld
[15:38:52]   c7: claims: 2 own (prized +1.0), 11 claimed by others withheld
[15:38:52] [slice 4 T=1440 d] propose: 8 jobs (8 craft, 0 root) on 9 workers, proposer planbeam, H_eff 360 d, lam 1.0
[15:38:52] job s04_c1 (craft, craft 1, planbeam): T 1440 d H 360 L 360; plan horizon 2880 d; remaining 206; prize >1 on 38; width 150 npt 6 mc 150 dv 1.2 drmax 0.15 plan_wall 240 s; quota {'fil': 7, 'med': 13}
[15:38:52] job s04_c3 (craft, craft 3, planbeam): T 1440 d H 360 L 360; plan horizon 2880 d; remaining 206; prize >1 on 38; width 150 npt 6 mc 150 dv 1.2 drmax 0.15 plan_wall 240 s; quota {'fil': 6, 'med': 17}
[15:38:52] job s04_c0 (craft, craft 0, planbeam): T 1440 d H 360 L 360; plan horizon 2880 d; remaining 206; prize >1 on 38; width 150 npt 6 mc 150 dv 1.2 drmax 0.15 plan_wall 240 s; quota {'fil': 6, 'med': 15}
[15:38:52] job s04_c2 (craft, craft 2, planbeam): T 1440 d H 360 L 360; plan horizon 2880 d; remaining 204; prize >1 on 36; width 150 npt 6 mc 150 dv 1.2 drmax 0.15 plan_wall 240 s; quota {'fil': 8, 'med': 14}
[15:38:52] job s04_c4 (craft, craft 4, planbeam): T 1440 d H 360 L 360; plan horizon 2880 d; remaining 206; prize >1 on 38; width 150 npt 6 mc 150 dv 1.2 drmax 0.15 plan_wall 240 s; quota {'fil': 6, 'med': 13}
[15:38:52] job s04_c7 (craft, craft 7, planbeam): T 1440 d H 360 L 360; plan horizon 2880 d; remaining 206; prize >1 on 38; width 150 npt 6 mc 150 dv 1.2 drmax 0.15 plan_wall 240 s; quota {'fil': 6, 'med': 16}
[15:38:52] job s04_c6 (craft, craft 6, planbeam): T 1440 d H 360 L 360; plan horizon 2880 d; remaining 205; prize >1 on 37; width 150 npt 6 mc 150 dv 1.2 drmax 0.15 plan_wall 240 s; quota {'fil': 10, 'med': 15}
[15:38:52] job s04_c5 (craft, craft 5, planbeam): T 1440 d H 360 L 360; plan horizon 2880 d; remaining 206; prize >1 on 38; width 150 npt 6 mc 150 dv 1.2 drmax 0.15 plan_wall 240 s; quota {'fil': 7, 'med': 14}
[15:38:52] prefix slices/s04/in/craft_4.npz: 11 flybys, t_end 1398.0 d, tank 695.3 kg (planner view), miss 32.2 km, nreg 68
[15:38:52] budget: job_wall 300 s, 300 s left before the plan -> plan cap 210 s (plan_wall 240, settle_reserve 90)
[15:38:52] prefix slices/s04/in/craft_6.npz: 8 flybys, t_end 1376.8 d, tank 698.4 kg (planner view), miss 79.2 km, nreg 65
[15:38:52] budget: job_wall 300 s, 300 s left before the plan -> plan cap 210 s (plan_wall 240, settle_reserve 90)
[15:38:52] prefix slices/s04/in/craft_3.npz: 10 flybys, t_end 1287.1 d, tank 690.9 kg (planner view), miss 0.1 km, nreg 64
[15:38:52] budget: job_wall 300 s, 300 s left before the plan -> plan cap 210 s (plan_wall 240, settle_reserve 90)
[15:38:52] prefix slices/s04/in/craft_2.npz: 11 flybys, t_end 1385.8 d, tank 678.6 kg (planner view), miss 1.7 km, nreg 69
[15:38:52] budget: job_wall 300 s, 300 s left before the plan -> plan cap 210 s (plan_wall 240, settle_reserve 90)
[15:38:52] prefix slices/s04/in/craft_7.npz: 8 flybys, t_end 1210.2 d, tank 671.6 kg (planner view), miss 29.9 km, nreg 57
[15:38:52] budget: job_wall 300 s, 300 s left before the plan -> plan cap 210 s (plan_wall 240, settle_reserve 90)
[15:38:52] prefix slices/s04/in/craft_0.npz: 10 flybys, t_end 1400.0 d, tank 678.9 kg (planner view), miss 1.3 km, nreg 73
[15:38:52] budget: job_wall 300 s, 300 s left before the plan -> plan cap 210 s (plan_wall 240, settle_reserve 90)
[15:38:52] prefix slices/s04/in/craft_5.npz: 10 flybys, t_end 1346.3 d, tank 674.0 kg (planner view), miss 0.6 km, nreg 65
[15:38:52] budget: job_wall 300 s, 300 s left before the plan -> plan cap 210 s (plan_wall 240, settle_reserve 90)
[15:38:52] prefix slices/s04/in/craft_1.npz: 13 flybys, t_end 1435.1 d, tank 712.3 kg (planner view), miss 0.1 km, nreg 74
[15:38:52] budget: job_wall 300 s, 300 s left before the plan -> plan cap 210 s (plan_wall 240, settle_reserve 90)
[15:39:04] first level (both): 0 production + 89 relaxed (dv 2.5, 0.3 AU; 0.1 s) + 92 lintwin children -> 154 unique (11.3 s)
[15:39:04] plan start: prefix 8 flybys, t_end 1210.2 d, planner mass 1433.0 kg (dv 4.323 km/s); 154 first-level states
[15:39:04] first level (both): 0 production + 76 relaxed (dv 2.5, 0.3 AU; 0.1 s) + 82 lintwin children -> 117 unique (11.8 s)
[15:39:04] plan start: prefix 10 flybys, t_end 1346.3 d, planner mass 1427.9 kg (dv 4.463 km/s); 117 first-level states
[15:39:04] first level (both): 0 production + 69 relaxed (dv 2.5, 0.3 AU; 0.1 s) + 87 lintwin children -> 125 unique (11.9 s)
[15:39:04] plan start: prefix 10 flybys, t_end 1287.1 d, planner mass 1393.0 kg (dv 5.434 km/s); 125 first-level states
[15:39:04] first level (both): 0 production + 92 relaxed (dv 2.5, 0.3 AU; 0.1 s) + 60 lintwin children -> 114 unique (12.0 s)
[15:39:04] plan start: prefix 11 flybys, t_end 1398.0 d, planner mass 1384.2 kg (dv 5.684 km/s); 114 first-level states
[15:39:04] first level (both): 0 production + 45 relaxed (dv 2.5, 0.3 AU; 0.1 s) + 62 lintwin children -> 87 unique (12.2 s)
[15:39:04] plan start: prefix 10 flybys, t_end 1400.0 d, planner mass 1417.5 kg (dv 4.751 km/s); 87 first-level states
[15:39:05] first level (both): 0 production + 103 relaxed (dv 2.5, 0.3 AU; 0.1 s) + 68 lintwin children -> 114 unique (12.4 s)
[15:39:05] plan start: prefix 11 flybys, t_end 1385.8 d, planner mass 1418.1 kg (dv 4.733 km/s); 114 first-level states
[15:39:05] first level (both): 0 production + 94 relaxed (dv 2.5, 0.3 AU; 0.1 s) + 75 lintwin children -> 121 unique (12.4 s)
[15:39:05] plan start: prefix 8 flybys, t_end 1376.8 d, planner mass 1378.0 kg (dv 5.860 km/s); 121 first-level states
[15:39:06] first level (both): 0 production + 24 relaxed (dv 2.5, 0.3 AU; 0.1 s) + 77 lintwin children -> 91 unique (14.1 s)
[15:39:06] plan start: prefix 13 flybys, t_end 1435.1 d, planner mass 1351.2 kg (dv 6.631 km/s); 91 first-level states
[15:39:55] plan: 903 states, depth 8 new flybys, end plan_done (63 s); deepest 8 new to 2870 d at planner fuel 456 kg
[15:39:55]   depth  1:  121 states (81 in H), t_end 1471-2081 d, fuel 229-322 kg
[15:39:55]   depth  2:  150 states (29 in H), t_end 1533-2464 d, fuel 248-356 kg
[15:39:55]   depth  3:  150 states (2 in H), t_end 1634-2691 d, fuel 292-393 kg
[15:39:55]   depth  4:  150 states (0 in H), t_end 2006-2878 d, fuel 307-429 kg
[15:39:55]   depth  5:  150 states (0 in H), t_end 2129-2879 d, fuel 323-450 kg
[15:39:55]   depth  6:   94 states (0 in H), t_end 2439-2879 d, fuel 360-485 kg
[15:39:55]   depth  7:   78 states (0 in H), t_end 2648-2879 d, fuel 429-491 kg
[15:39:55]   depth  8:   10 states (0 in H), t_end 2861-2877 d, fuel 456-513 kg
[15:39:55] candidates: 55 distinct committed target sets (n_new 1-3, potential 0-3)
[15:39:55] frontier: 16 candidates chosen (n fb / committed planner kg / continuation (lookahead) [full]; pot_mode lookahead, pot_cap None): 1fb/231kg/p0(0)[0], 1fb/233kg/p2(2)[2], 1fb/261kg/p3(2)[3], 1fb/265kg/p1(1)[1], 1fb/265kg/p1(1)[1], 1fb/274kg/p1(0)[1], 1fb/275kg/p1(1)[1], 1fb/282kg/p2(2)[2], 1fb/293kg/p4(3)[4], 1fb/295kg/p2(2)[2], 1fb/312kg/p2(2)[2], 2fb/291kg/p0(0)[0], 2fb/296kg/p0(0)[0], 2fb/324kg/p3(3)[3], 3fb/334kg/p0(0)[0], 3fb/343kg/p1(1)[1]
[15:39:55] budget: 237 s of 300 left for the settles + regrids (settle_wall 480)
[15:39:55]     settle  9: 181 @   1641 d -> ok lintwin tank 702.8 (+4.4) miss 15 km (0.2 s)
[15:39:56]     settle  9:  63 @   1588 d -> ok lintwin tank 699.9 (+1.4) miss 71 km (1.0 s)
[15:39:57]     settle  9: 250 @   1471 d -> ok lintwin tank 711.8 (+13.3) miss 73 km (0.9 s)
[15:40:00]     settle  9:  65 @   1510 d -> ok lintwin tank 717.1 (+18.6) miss 71 km (2.1 s)
[15:40:00] plan: 1023 states, depth 9 new flybys, end plan_done (68 s); deepest 9 new to 2844 d at planner fuel 464 kg
[15:40:00]   depth  1:  114 states (75 in H), t_end 1456-2075 d, fuel 185-286 kg
[15:40:00]   depth  2:  150 states (87 in H), t_end 1516-2487 d, fuel 206-330 kg
[15:40:00]   depth  3:  150 states (2 in H), t_end 1759-2696 d, fuel 242-362 kg
[15:40:00]   depth  4:  150 states (0 in H), t_end 1934-2846 d, fuel 261-399 kg
[15:40:00]   depth  5:  150 states (0 in H), t_end 2344-2857 d, fuel 285-420 kg
[15:40:00]   depth  6:  150 states (0 in H), t_end 2454-2856 d, fuel 303-438 kg
[15:40:00]   depth  7:  147 states (0 in H), t_end 2695-2877 d, fuel 329-477 kg
[15:40:00]   depth  8:   10 states (0 in H), t_end 2769-2846 d, fuel 409-461 kg
[15:40:00]   depth  9:    2 states (0 in H), t_end 2844-2845 d, fuel 464-466 kg
[15:40:00] candidates: 85 distinct committed target sets (n_new 1-3, potential 0-3)
[15:40:00] frontier: 16 candidates chosen (n fb / committed planner kg / continuation (lookahead) [full]; pot_mode lookahead, pot_cap None): 1fb/185kg/p0(0)[0], 1fb/186kg/p1(0)[1], 1fb/187kg/p3(3)[3], 1fb/197kg/p2(1)[2], 1fb/201kg/p3(1)[3], 1fb/210kg/p2(1)[2], 1fb/213kg/p2(1)[2], 1fb/218kg/p3(3)[3], 1fb/220kg/p2(1)[2], 1fb/255kg/p2(1)[2], 1fb/270kg/p2(1)[2], 1fb/277kg/p2(1)[2], 2fb/206kg/p0(0)[0], 2fb/223kg/p0(0)[0], 2fb/245kg/p2(1)[2], 3fb/252kg/p1(1)[1]
[15:40:00] budget: 232 s of 300 left for the settles + regrids (settle_wall 480)
[15:40:00]     settle 12:  25 @   1709 d -> ok lintwin tank 680.0 (+1.4) miss 6 km (0.3 s)
[15:40:01]     settle 12: 112 @   1677 d -> ok lintwin tank 680.6 (+2.0) miss 2 km (0.3 s)
[15:40:01] plan: 1057 states, depth 10 new flybys, end plan_done (69 s); deepest 10 new to 2847 d at planner fuel 542 kg
[15:40:01]   depth  1:   91 states (45 in H), t_end 1518-2052 d, fuel 262-348 kg
[15:40:01]   depth  2:  150 states (33 in H), t_end 1714-2458 d, fuel 281-386 kg
[15:40:01]   depth  3:  150 states (1 in H), t_end 1778-2770 d, fuel 297-429 kg
[15:40:01]   depth  4:  150 states (0 in H), t_end 1978-2816 d, fuel 323-436 kg
[15:40:01]   depth  5:  150 states (0 in H), t_end 2054-2880 d, fuel 335-462 kg
[15:40:01]   depth  6:  150 states (0 in H), t_end 2223-2880 d, fuel 351-468 kg
[15:40:01]   depth  7:  126 states (0 in H), t_end 2336-2880 d, fuel 384-503 kg
[15:40:01]   depth  8:   64 states (0 in H), t_end 2421-2880 d, fuel 422-532 kg
[15:40:01]   depth  9:   22 states (0 in H), t_end 2744-2860 d, fuel 495-566 kg
[15:40:01]   depth 10:    4 states (0 in H), t_end 2844-2852 d, fuel 542-566 kg
[15:40:01] candidates: 55 distinct committed target sets (n_new 1-3, potential 0-3)
[15:40:01] frontier: 16 candidates chosen (n fb / committed planner kg / continuation (lookahead) [full]; pot_mode lookahead, pot_cap None): 1fb/265kg/p0(0)[0], 1fb/274kg/p1(1)[1], 1fb/283kg/p2(1)[2], 1fb/295kg/p2(2)[2], 1fb/299kg/p2(2)[2], 1fb/305kg/p2(1)[2], 1fb/311kg/p4(3)[4], 1fb/315kg/p2(1)[2], 1fb/320kg/p2(1)[2], 1fb/330kg/p2(1)[2], 1fb/346kg/p2(0)[2], 2fb/281kg/p1(1)[1], 2fb/293kg/p1(1)[1], 2fb/308kg/p2(2)[2], 2fb/347kg/p3(3)[3], 3fb/429kg/p0(0)[0]
[15:40:01] budget: 231 s of 300 left for the settles + regrids (settle_wall 480)
[15:40:01]     settle  9: 230 @   1552 d -> ok lintwin tank 728.7 (+30.3) miss 72 km (1.1 s)
[15:40:01]     settle 12: 259 @   1674 d -> ok lintwin tank 680.8 (+2.2) miss 21 km (0.3 s)
[15:40:02]     settle 14: 261 @   1766 d -> ok lintwin tank 722.0 (+9.8) miss 78 km (1.1 s)
[15:40:02]     settle 12: 214 @   1672 d -> ok lintwin tank 689.1 (+10.5) miss 3 km (0.6 s)
[15:40:02] plan: 1087 states, depth 9 new flybys, end plan_done (70 s); deepest 9 new to 2855 d at planner fuel 438 kg
[15:40:02]   depth  1:  117 states (82 in H), t_end 1466-2061 d, fuel 174-276 kg
[15:40:02]   depth  2:  150 states (69 in H), t_end 1598-2516 d, fuel 204-317 kg
[15:40:02]   depth  3:  150 states (2 in H), t_end 1783-2781 d, fuel 220-332 kg
[15:40:02]   depth  4:  150 states (0 in H), t_end 1911-2810 d, fuel 226-352 kg
[15:40:02]   depth  5:  150 states (0 in H), t_end 1991-2839 d, fuel 275-374 kg
[15:40:02]   depth  6:  150 states (0 in H), t_end 2335-2877 d, fuel 325-404 kg
[15:40:02]   depth  7:  150 states (0 in H), t_end 2529-2862 d, fuel 355-421 kg
[15:40:02]   depth  8:   67 states (0 in H), t_end 2691-2866 d, fuel 380-456 kg
[15:40:02]   depth  9:    3 states (0 in H), t_end 2837-2855 d, fuel 438-448 kg
[15:40:02] candidates: 92 distinct committed target sets (n_new 1-3, potential 0-2)
[15:40:02] frontier: 16 candidates chosen (n fb / committed planner kg / continuation (lookahead) [full]; pot_mode lookahead, pot_cap None): 1fb/181kg/p2(2)[2], 1fb/184kg/p1(1)[1], 1fb/188kg/p1(1)[1], 1fb/194kg/p1(1)[1], 1fb/196kg/p1(1)[1], 1fb/199kg/p1(0)[1], 1fb/207kg/p1(0)[1], 1fb/212kg/p1(1)[1], 1fb/212kg/p1(0)[1], 1fb/218kg/p4(2)[4], 2fb/224kg/p0(0)[0], 2fb/228kg/p0(0)[0], 2fb/229kg/p2(2)[2], 2fb/249kg/p3(2)[3], 3fb/270kg/p1(1)[1], 3fb/275kg/p2(2)[2]
[15:40:02] budget: 230 s of 300 left for the settles + regrids (settle_wall 480)
[15:40:03]     settle  9: 190 @   1533 d -> ok lintwin tank 712.5 (+14.1) miss 65 km (1.5 s)
[15:40:03]     settle 14: 111 @   1792 d -> ok lintwin tank 726.2 (+13.9) miss 6 km (0.4 s)
[15:40:03]     settle 12: 230 @   1564 d -> ok lintwin tank 689.2 (+10.6) miss 15 km (0.6 s)
[15:40:03]     settle 11: 194 @   1692 d -> ok lintwin tank 678.0 (+4.1) miss 4 km (0.8 s)
[15:40:04]     settle 12: 190 @   1535 d -> ok lintwin tank 694.1 (+15.4) miss 2 km (0.8 s)
[15:40:04]     settle 11: 159 @   1690 d -> ok lintwin tank 675.7 (+1.7) miss 1 km (0.7 s)
[15:40:04]     settle  9: 167 @   1533 d -> ok lintwin tank 709.4 (+11.0) miss 72 km (1.3 s)
[15:40:05]     settle 14: 109 @   1684 d -> ok lintwin tank 744.6 (+32.3) miss 77 km (1.5 s)
[15:40:05]     settle 12: 222 @   1577 d -> ok lintwin tank 688.9 (+10.2) miss 1 km (0.5 s)
[15:40:05]     settle 11:  75 @   1695 d -> ok lintwin tank 683.5 (+9.5) miss 2 km (0.7 s)
[15:40:06]     settle 12: 167 @   1533 d -> ok lintwin tank 694.4 (+15.8) miss 8 km (0.4 s)
[15:40:06]     settle 11: 191 @   1647 d -> ok lintwin tank 681.6 (+7.6) miss 14 km (0.6 s)
[15:40:06]     settle 12: 235 @   1483 d -> ok lintwin tank 697.6 (+18.9) miss 10 km (0.3 s)
[15:40:06]     settle 14: 241 @   1618 d -> ok lintwin tank 749.9 (+37.6) miss 82 km (1.4 s)
[15:40:07]     settle  9:  36 @   1493 d -> ok lintwin tank 740.6 (+42.2) miss 75 km (2.1 s)
[15:40:07]     settle 11:  32 @   1607 d -> ok lintwin tank 707.3 (+33.4) miss 81 km (0.9 s)
[15:40:07]     settle 12: 253 @   1590 d -> ok lintwin tank 723.9 (+45.2) miss 73 km (1.0 s)
[15:40:08]     settle 11: 221 @   1566 d -> ok lintwin tank 693.3 (+19.3) miss 36 km (0.6 s)
[15:40:08]     settle 12:  59 @   1492 d -> ok lintwin tank 727.1 (+48.5) miss 31 km (0.4 s)
[15:40:08] plan: 1144 states, depth 9 new flybys, end plan_done (76 s); deepest 9 new to 2838 d at planner fuel 453 kg
[15:40:08]   depth  1:  114 states (54 in H), t_end 1472-2084 d, fuel 222-315 kg
[15:40:08]   depth  2:  150 states (31 in H), t_end 1569-2469 d, fuel 229-344 kg
[15:40:08]   depth  3:  150 states (5 in H), t_end 1649-2474 d, fuel 267-378 kg
[15:40:08]   depth  4:  150 states (0 in H), t_end 2083-2684 d, fuel 303-396 kg
[15:40:08]   depth  5:  150 states (0 in H), t_end 2299-2861 d, fuel 339-428 kg
[15:40:08]   depth  6:  150 states (0 in H), t_end 2419-2880 d, fuel 365-463 kg
[15:40:08]   depth  7:  150 states (0 in H), t_end 2517-2879 d, fuel 388-486 kg
[15:40:08]   depth  8:  124 states (0 in H), t_end 2646-2880 d, fuel 415-506 kg
[15:40:08]   depth  9:    6 states (0 in H), t_end 2761-2838 d, fuel 453-513 kg
[15:40:08] candidates: 56 distinct committed target sets (n_new 1-3, potential 0-2)
[15:40:08] frontier: 16 candidates chosen (n fb / committed planner kg / continuation (lookahead) [full]; pot_mode lookahead, pot_cap None): 1fb/225kg/p2(1)[2], 1fb/231kg/p3(2)[3], 1fb/238kg/p2(1)[2], 1fb/263kg/p1(0)[1], 1fb/263kg/p1(0)[1], 1fb/267kg/p1(1)[1], 1fb/274kg/p2(0)[2], 1fb/275kg/p2(1)[2], 1fb/276kg/p2(1)[2], 1fb/294kg/p2(2)[2], 2fb/264kg/p0(0)[0], 2fb/270kg/p1(1)[1], 2fb/271kg/p2(2)[2], 3fb/317kg/p0(0)[0], 3fb/324kg/p0(0)[0], 3fb/349kg/p0(0)[0]
[15:40:08] budget: 224 s of 300 left for the settles + regrids (settle_wall 480)
[15:40:09]     settle 11:  95 @   1583 d -> ok lintwin tank 685.9 (+12.0) miss 6 km (0.6 s)
[15:40:09]     settle 12: 119 @   1693 d -> ok lintwin tank 702.7 (+7.4) miss 33 km (0.5 s)
[15:40:10]     settle 14: 195 @   1614 d -> ok lintwin tank 786.2 (+73.9) miss 66 km (2.9 s)
[15:40:10]     settle  9: 259 @   1717 d -> ok lintwin tank 729.5 (+31.1) miss 75 km (2.9 s)
[15:40:10] plan: 1197 states, depth 10 new flybys, end plan_done (78 s); deepest 10 new to 2816 d at planner fuel 469 kg
[15:40:10]   depth  1:   87 states (40 in H), t_end 1489-2067 d, fuel 187-284 kg
[15:40:10]   depth  2:  150 states (21 in H), t_end 1596-2589 d, fuel 195-326 kg
[15:40:10]   depth  3:  150 states (0 in H), t_end 1812-2538 d, fuel 222-296 kg
[15:40:10]   depth  4:  150 states (0 in H), t_end 1943-2828 d, fuel 245-331 kg
[15:40:10]   depth  5:  150 states (0 in H), t_end 2306-2868 d, fuel 256-359 kg
[15:40:10]   depth  6:  150 states (0 in H), t_end 2388-2866 d, fuel 298-401 kg
[15:40:10]   depth  7:  150 states (0 in H), t_end 2453-2880 d, fuel 331-433 kg
[15:40:10]   depth  8:  150 states (0 in H), t_end 2517-2879 d, fuel 365-460 kg
[15:40:10]   depth  9:   52 states (0 in H), t_end 2641-2876 d, fuel 414-489 kg
[15:40:10]   depth 10:    8 states (0 in H), t_end 2761-2841 d, fuel 469-500 kg
[15:40:10] candidates: 37 distinct committed target sets (n_new 1-2, potential 0-3)
[15:40:10] frontier: 16 candidates chosen (n fb / committed planner kg / continuation (lookahead) [full]; pot_mode lookahead, pot_cap None): 1fb/187kg/p1(1)[1], 1fb/196kg/p1(0)[1], 1fb/198kg/p3(2)[3], 1fb/200kg/p1(1)[1], 1fb/201kg/p1(1)[1], 1fb/207kg/p1(1)[1], 1fb/209kg/p1(1)[1], 1fb/209kg/p3(3)[3], 1fb/215kg/p1(1)[1], 1fb/215kg/p1(1)[1], 1fb/225kg/p1(1)[1], 1fb/232kg/p1(0)[1], 1fb/253kg/p1(0)[1], 2fb/209kg/p1(1)[1], 2fb/216kg/p2(2)[2], 2fb/226kg/p1(1)[1]
[15:40:10] budget: 222 s of 300 left for the settles + regrids (settle_wall 480)
[15:40:10]     settle 11: 273 @   1723 d -> ok lintwin tank 721.1 (+47.1) miss 42 km (1.0 s)
[15:40:10]     settle 12: 250 @   1456 d -> ok lintwin tank 737.5 (+58.9) miss 77 km (1.7 s)
[15:40:10]     settle 12:  53 @   1564 d -> ok lintwin tank 701.9 (+6.6) miss 68 km (0.9 s)
[15:40:10]     settle 11:  24 @   1676 d -> ok lintwin tank 681.0 (+2.0) miss 2 km (0.3 s)
[15:40:11]     settle 13:  13 @   1752 d -> ok lintwin tank 686.7 (+6.1) miss 2 km (0.3 s)
[15:40:11]     settle 13: 189 @   1764 d -> ok lintwin tank 698.1 (+0.5) miss 0 km (0.3 s)
[15:40:11]     settle 11: 278 @   1545 d -> ok lintwin tank 701.5 (+22.6) miss 46 km (0.6 s)
[15:40:11]     settle 11: 104 @   1600 d -> ok lintwin tank 734.4 (+60.4) miss 79 km (1.2 s)
[15:40:12]     settle 13: 259 @   1682 d -> ok lintwin tank 696.1 (+6.9) miss 39 km (0.2 s)
[15:40:12]     settle 11:  93 @   1506 d -> ok lintwin tank 692.4 (+13.5) miss 4 km (0.6 s)
[15:40:12]     settle 14:  13 @   1759 d -> ok lintwin tank 700.8 (+4.8) miss 23 km (0.3 s)
[15:40:12]     settle 11:  87 @   1483 d -> ok lintwin tank 697.8 (+23.8) miss 53 km (0.4 s)
[15:40:12] RESULT s04_c2: 16 columns; frontier 1fb 1 kg p0/3 | 2fb 8 kg p0/1 | 3fb 22 kg p1/1; settles 16 (16 ok), regrids 16 (16 ok); wall 80 s of 300 (plan 68, price 1, settle 12; budget hit None, 0 unsettled)
[15:40:13]     settle  9: 159 @   1625 d -> ok lintwin tank 732.0 (+33.5) miss 79 km (2.5 s)
[15:40:13] plan: 1226 states, depth 10 new flybys, end plan_done (81 s); deepest 10 new to 2766 d at planner fuel 479 kg
[15:40:13]   depth  1:  125 states (74 in H), t_end 1449-2114 d, fuel 218-309 kg
[15:40:13]   depth  2:  150 states (64 in H), t_end 1559-2465 d, fuel 229-349 kg
[15:40:13]   depth  3:  150 states (0 in H), t_end 1888-2515 d, fuel 245-328 kg
[15:40:13]   depth  4:  150 states (0 in H), t_end 2131-2766 d, fuel 283-364 kg
[15:40:13]   depth  5:  150 states (0 in H), t_end 2271-2792 d, fuel 293-401 kg
[15:40:13]   depth  6:  150 states (0 in H), t_end 2404-2769 d, fuel 321-438 kg
[15:40:13]   depth  7:  150 states (0 in H), t_end 2453-2830 d, fuel 368-466 kg
[15:40:13]   depth  8:  150 states (0 in H), t_end 2513-2846 d, fuel 396-482 kg
[15:40:13]   depth  9:   46 states (0 in H), t_end 2643-2878 d, fuel 435-501 kg
[15:40:13]   depth 10:    5 states (0 in H), t_end 2766-2841 d, fuel 479-523 kg
[15:40:13]     settle 11:  13 @   1656 d -> ok lintwin tank 687.9 (+9.0) miss 25 km (0.4 s)
[15:40:13] candidates: 71 distinct committed target sets (n_new 1-2, potential 0-2)
[15:40:13] frontier: 16 candidates chosen (n fb / committed planner kg / continuation (lookahead) [full]; pot_mode lookahead, pot_cap None): 1fb/218kg/p0(0)[0], 1fb/219kg/p1(1)[1], 1fb/234kg/p2(2)[2], 1fb/236kg/p1(0)[1], 1fb/245kg/p1(0)[1], 1fb/250kg/p3(2)[3], 1fb/254kg/p3(2)[3], 1fb/257kg/p1(0)[1], 1fb/263kg/p1(0)[1], 1fb/265kg/p1(1)[1], 1fb/271kg/p1(1)[1], 1fb/275kg/p1(1)[1], 1fb/276kg/p1(0)[1], 2fb/241kg/p0(0)[0], 2fb/256kg/p2(2)[2], 2fb/258kg/p0(0)[0]
[15:40:13] budget: 219 s of 300 left for the settles + regrids (settle_wall 480)
[15:40:13]     settle 11: 286 @   1560 d -> ok lintwin tank 731.9 (+58.0) miss 41 km (0.7 s)
[15:40:13]     settle 14: 245 @   1666 d -> ok lintwin tank 779.1 (+66.8) miss 1 km (3.4 s)
[15:40:14]     settle 11: 122 @   1644 d -> ok lintwin tank 699.5 (+8.6) miss 16 km (0.8 s)
[15:40:14]     settle 11:  10 @   1752 d -> ok lintwin tank 694.8 (+15.9) miss 52 km (0.7 s)
[15:40:14] plan: 1291 states, depth 10 new flybys, end plan_done (82 s); deepest 10 new to 2787 d at planner fuel 420 kg
[15:40:14]   depth  1:  154 states (105 in H), t_end 1445-2094 d, fuel 167-272 kg
[15:40:14]   depth  2:  150 states (51 in H), t_end 1517-2331 d, fuel 191-319 kg
[15:40:14]   depth  3:  150 states (28 in H), t_end 1662-2610 d, fuel 244-355 kg
[15:40:14]   depth  4:  150 states (0 in H), t_end 1862-2870 d, fuel 274-352 kg
[15:40:14]   depth  5:  150 states (0 in H), t_end 1979-2868 d, fuel 299-384 kg
[15:40:14]   depth  6:  150 states (0 in H), t_end 2307-2860 d, fuel 301-413 kg
[15:40:14]   depth  7:  150 states (0 in H), t_end 2392-2860 d, fuel 345-420 kg
[15:40:14]   depth  8:  150 states (0 in H), t_end 2514-2879 d, fuel 367-455 kg
[15:40:14]   depth  9:   69 states (0 in H), t_end 2640-2878 d, fuel 391-475 kg
[15:40:14]   depth 10:   18 states (0 in H), t_end 2760-2791 d, fuel 420-480 kg
[15:40:14]     settle 14:  99 @   1605 d -> ok lintwin tank 720.6 (+8.3) miss 0 km (0.3 s)
[15:40:14] candidates: 93 distinct committed target sets (n_new 1-3, potential 0-3)
[15:40:14] frontier: 16 candidates chosen (n fb / committed planner kg / continuation (lookahead) [full]; pot_mode lookahead, pot_cap None): 1fb/174kg/p0(0)[0], 1fb/179kg/p1(0)[1], 1fb/188kg/p1(1)[1], 1fb/193kg/p1(1)[1], 1fb/208kg/p2(1)[2], 1fb/211kg/p4(3)[4], 1fb/222kg/p4(2)[4], 1fb/253kg/p2(0)[2], 1fb/269kg/p2(0)[2], 2fb/203kg/p0(0)[0], 2fb/215kg/p0(0)[0], 2fb/231kg/p3(3)[3], 2fb/248kg/p3(3)[3], 3fb/281kg/p0(0)[0], 3fb/288kg/p0(0)[0], 3fb/302kg/p2(2)[2]
[15:40:14] budget: 218 s of 300 left for the settles + regrids (settle_wall 480)
[15:40:14]     settle 11: 219 @   1680 d -> ok lintwin tank 696.8 (+5.9) miss 11 km (0.5 s)
[15:40:14]     settle 11: 107 @   1605 d -> ok lintwin tank 684.8 (+5.9) miss 5 km (0.3 s)
[15:40:14]     settle 12: 173 @   1722 d -> ok lintwin tank 750.8 (+18.8) miss 89 km (1.3 s)
[15:40:14]   job s04_c2 craft columns  16  levels 9  settles 16/16  end plan_done  wall 80.2 s
[15:40:14]     settle  9: 120 @   1722 d -> ok lam tank 728.9 (+30.4) miss 27 km (1.5 s)
[15:40:15]     settle 12:  75 @   1698 d -> ok lintwin tank 689.3 (+3.4) miss 27 km (0.2 s)
[15:40:16]     settle 11: 229 @   1647 d -> ok lintwin tank 688.5 (+9.6) miss 7 km (1.0 s)
[15:40:16]     settle 12: 173 @   1725 d -> ok lintwin tank 700.7 (+3.0) miss 13 km (0.6 s)
[15:40:16]     settle 11: 287 @   1693 d -> ok lintwin tank 703.7 (+12.8) miss 19 km (1.2 s)
[15:40:16]     settle 10: 189 @   1718 d -> ok lintwin tank 734.4 (+21.9) miss 71 km (0.9 s)
[15:40:16]     settle 11: 206 @   1511 d -> ok lintwin tank 706.9 (+16.0) miss 14 km (0.4 s)
[15:40:17]     settle 12: 137 @   1609 d -> ok lintwin tank 705.9 (+8.1) miss 41 km (0.6 s)
[15:40:17]     settle 11: 157 @   1578 d -> ok lintwin tank 700.2 (+21.3) miss 2 km (0.8 s)
[15:40:17]     settle 10: 189 @   1715 d -> ok lintwin tank 730.4 (+18.6) miss 63 km (0.8 s)
[15:40:17]     settle 12:  32 @   1601 d -> ok lintwin tank 710.4 (+12.7) miss 13 km (0.6 s)
[15:40:17]     settle 11: 283 @   1599 d -> ok lintwin tank 706.8 (+16.0) miss 1 km (0.8 s)
[15:40:18]     settle 13: 111 @   1783 d -> ok lintwin tank 715.0 (+4.6) miss 5 km (0.4 s)
[15:40:18]     settle 11: 136 @   1709 d -> ok lintwin tank 697.0 (+18.1) miss 72 km (1.0 s)
[15:40:18]     settle 14:  49 @   1636 d -> ok lintwin tank 797.7 (+85.4) miss 1 km (3.6 s)
[15:40:18]     settle 11: 115 @   1477 d -> ok lintwin tank 706.8 (+15.9) miss 5 km (0.5 s)
[15:40:18]     settle 11: 262 @   1647 d -> ok lintwin tank 695.9 (+16.9) miss 10 km (0.3 s)
[15:40:19]     settle 14:  65 @   1518 d -> ok lintwin tank 753.2 (+40.9) miss 32 km (0.4 s)
[15:40:19]     settle 13: 190 @   1798 d -> ok lintwin tank 714.4 (+8.5) miss 28 km (0.5 s)
[15:40:19]     settle 11: 198 @   1488 d -> ok lintwin tank 725.0 (+34.1) miss 7 km (0.5 s)
[15:40:19]     settle 10:  79 @   1771 d -> ok lintwin tank 734.1 (+4.6) miss 55 km (1.5 s)
[15:40:19] RESULT s04_c5: 16 columns; frontier 1fb 2 kg p1/2 | 2fb 15 kg p0/2 | 3fb 40 kg p2/2; settles 18 (18 ok), regrids 16 (16 ok); wall 87 s of 300 (plan 70, price 1, settle 17; budget hit None, 0 unsettled)
[15:40:19]     settle 11: 134 @   1453 d -> ok lintwin tank 720.5 (+29.6) miss 4 km (0.4 s)
[15:40:19]     settle 14:  85 @   1605 d -> ok lintwin tank 721.9 (+9.6) miss 8 km (0.6 s)
[15:40:20]     settle 10: 167 @   1533 d -> ok lintwin tank 718.8 (+7.0) miss 42 km (0.6 s)
[15:40:20]     settle  9: 190 @   1765 d -> ok lam tank 694.4 (+22.8) miss 84 km (5.6 s)
[15:40:20]     settle 11: 119 @   1702 d -> ok lintwin tank 688.9 (+10.0) miss 49 km (1.2 s)
[15:40:20]     settle 11: 189 @   1713 d -> ok lintwin tank 738.8 (+20.1) miss 33 km (0.7 s)
[15:40:20]   job s04_c5 craft columns  16  levels 9  settles 18/18  end plan_done  wall 86.7 s
[15:40:21]     settle 11: 109 @   1673 d -> ok lintwin tank 712.1 (+21.2) miss 27 km (1.1 s)
[15:40:21]     settle 14: 227 @   1589 d -> ok lintwin tank 782.8 (+70.5) miss 70 km (1.0 s)
[15:40:21]     settle 11: 191 @   1556 d -> ok lintwin tank 701.1 (+22.2) miss 60 km (0.8 s)
[15:40:21]     settle 14:  99 @   1614 d -> ok lintwin tank 720.6 (+8.3) miss 1 km (0.3 s)
[15:40:22]     settle 15: 261 @   1767 d -> ok lintwin tank 726.9 (+6.3) miss 2 km (0.3 s)
[15:40:22]     settle 12: 207 @   1543 d -> FAIL [('lam', 17742447.1)] (11.4 s)
[15:40:22]     settle 11: 125 @   1634 d -> ok lintwin tank 761.4 (+42.6) miss 12 km (1.8 s)
[15:40:22]     settle 11: 159 @   1789 d -> ok lintwin tank 712.3 (+21.4) miss 91 km (1.5 s)
[15:40:22]     settle 15: 111 @   1792 d -> ok lintwin tank 733.2 (+12.6) miss 18 km (0.5 s)
[15:40:22]     settle 11: 198 @   1489 d -> ok lintwin tank 707.0 (+28.0) miss 68 km (1.3 s)
[15:40:22] RESULT s04_c6: 16 columns; frontier 1fb 1 kg p2/3 | 2fb 32 kg p0/3 | 3fb 40 kg p0/1; settles 17 (17 ok), regrids 16 (16 ok); wall 90 s of 300 (plan 63, price 1, settle 28; budget hit None, 0 unsettled)
[15:40:23]     settle 12:  13 @   1650 d -> ok lintwin tank 719.0 (+23.7) miss 67 km (1.2 s)
[15:40:23]     settle 11: 145 @   1523 d -> ok lintwin tank 722.4 (+31.5) miss 14 km (0.5 s)
[15:40:23]     settle 12: 229 @   1646 d -> ok lintwin tank 727.6 (+35.1) miss 72 km (0.5 s)
[15:40:24]   regrid FAIL (1 fb: miss 728 km, None, 3.9 s) -> column dropped
[15:40:24]     settle 12: 119 @   1697 d -> ok lintwin tank 711.7 (+19.3) miss 43 km (0.6 s)
[15:40:24]   job s04_c6 craft columns  16  levels 8  settles 17/17  end plan_done  wall 90.3 s
[15:40:25]     settle 15: 205 @   1798 d -> ok lintwin tank 741.6 (+21.0) miss 62 km (2.0 s)
[15:40:25]     settle 12: 267 @   1753 d -> ok lintwin tank 704.2 (+11.8) miss 21 km (0.5 s)
[15:40:25]     settle 11:  98 @   1591 d -> ok lintwin tank 719.5 (+28.6) miss 41 km (1.7 s)
[15:40:25] RESULT s04_c0: 16 columns; frontier 1fb 2 kg p1/3 | 2fb 25 kg p1/2; settles 16 (16 ok), regrids 16 (16 ok); wall 93 s of 300 (plan 78, price 1, settle 15; budget hit None, 0 unsettled)
[15:40:26]     settle 12:  24 @   1678 d -> ok lintwin tank 717.4 (+22.2) miss 80 km (2.5 s)
[15:40:26]     settle 15: 289 @   1765 d -> ok lintwin tank 745.3 (+24.6) miss 77 km (0.9 s)
[15:40:26]   job s04_c0 craft columns  16  levels 10  settles 16/16  end plan_done  wall 92.9 s
[15:40:26]     settle 11: 173 @   1606 d -> ok lintwin tank 728.1 (+37.2) miss 8 km (1.2 s)
[15:40:27]     settle 12: 122 @   1633 d -> ok lintwin tank 707.4 (+0.5) miss 0 km (0.2 s)
[15:40:27]     settle 12: 287 @   1688 d -> ok lintwin tank 710.1 (+3.3) miss 8 km (0.3 s)
[15:40:28]     settle 12: 219 @   1677 d -> ok lintwin tank 723.1 (+2.6) miss 32 km (0.5 s)
[15:40:28]     settle 15: 181 @   1716 d -> ok lintwin tank 783.5 (+0.7) miss 71 km (1.8 s)
[15:40:28] RESULT s04_c3: 16 columns; frontier 1fb 6 kg p1/2 | 2fb 16 kg p0/2; settles 16 (16 ok), regrids 16 (16 ok); wall 96 s of 300 (plan 81, price 0, settle 15; budget hit None, 0 unsettled)
[15:40:28]     settle 12: 262 @   1671 d -> ok lintwin tank 736.3 (+41.0) miss 77 km (2.1 s)
[15:40:28]   job s04_c3 craft columns  16  levels 10  settles 16/16  end plan_done  wall 96.0 s
[15:40:29]     settle  9: 137 @   1621 d -> ok lin tank 677.7 (+6.1) miss 90 km (5.9 s)
[15:40:30]     settle 16: 106 @   1778 d -> ok lintwin tank 808.1 (+24.6) miss 66 km (1.8 s)
[15:40:30] RESULT s04_c1: 16 columns; frontier 1fb 8 kg p3/3 | 2fb 15 kg p1/3 | 3fb 96 kg p0/0; settles 18 (18 ok), regrids 16 (16 ok); wall 98 s of 300 (plan 69, price 1, settle 29; budget hit None, 0 unsettled)
[15:40:30]   job s04_c1 craft columns  16  levels 10  settles 18/18  end plan_done  wall 98.0 s
[15:40:42]     settle 12: 142 @   1472 d -> FAIL [('lam', 9953035.2)] (13.7 s)
[15:40:43]     settle 12: 278 @   1564 d -> ok lintwin tank 717.7 (+22.4) miss 9 km (0.6 s)
[15:40:44]     settle  9: 296 @   1543 d -> ok lam tank 692.4 (+20.9) miss 86 km (13.2 s)
[15:40:44]     settle 12: 229 @   1643 d -> ok lintwin tank 699.9 (+4.6) miss 69 km (1.4 s)
[15:40:46]     settle 12:  11 @   1778 d -> ok lintwin tank 706.1 (+10.8) miss 72 km (1.0 s)
[15:40:47]   regrid FAIL (1 fb: miss 1713 km, None, 3.3 s) -> column dropped
[15:40:48]     settle 13:  11 @   1773 d -> ok lintwin tank 720.5 (+17.8) miss 99 km (2.2 s)
[15:40:49]     settle 13:  11 @   1774 d -> ok lintwin tank 716.5 (+14.6) miss 76 km (0.8 s)
[15:40:50]     settle 12: 278 @   1533 d -> ok lintwin tank 717.7 (+22.4) miss 42 km (0.7 s)
[15:40:51]     settle 13: 119 @   1697 d -> ok lintwin tank 723.9 (+6.1) miss 64 km (0.6 s)
[15:40:51]     settle 14:  11 @   1774 d -> ok lintwin tank 734.1 (+10.3) miss 8 km (0.2 s)
[15:40:51]   5 candidates dropped (settle failure / regrid failure / duplicate after truncation)
[15:40:51] RESULT s04_c4: 11 columns; frontier 1fb 5 kg p1/2 | 2fb 21 kg p2/2 | 3fb 39 kg p0/0; settles 17 (13 ok), regrids 11 (11 ok); wall 119 s of 300 (plan 76, price 0, settle 43; budget hit None, 0 unsettled)
[15:40:52]   job s04_c4 craft columns  11  levels 9  settles 13/17  end plan_done  wall 119.1 s
[15:40:57]     settle  9: 219 @   1676 d -> FAIL [('lam', 18272.1)] (9.3 s)
[15:41:08]     settle  9: 159 @   1642 d -> FAIL [('lam', 18639.1)] (11.1 s)
[15:41:11]     settle  9: 211 @   1512 d -> ok lam tank 704.2 (+32.6) miss 18 km (3.2 s)
[15:41:16]     settle  9: 105 @   1462 d -> ok lam tank 719.4 (+47.8) miss 10 km (4.4 s)
[15:41:25]     settle  9: 221 @   1540 d -> ok lam tank 703.3 (+31.8) miss 32 km (6.3 s)
[15:41:32]     settle  9: 115 @   1455 d -> ok lam tank 690.2 (+18.7) miss 42 km (4.6 s)
[15:41:32]   drift: leg 115@1455 d settled outside (T, T+H] -> column cut at 0
[15:41:40]     settle 10: 190 @   1761 d -> ok lam tank 690.5 (+12.8) miss 44 km (7.5 s)
[15:41:48]     settle  9: 283 @   1587 d -> ok lam tank 690.4 (+18.9) miss 4 km (4.7 s)
[15:41:54]     settle 10: 219 @   1675 d -> ok lam tank 715.9 (+25.5) miss 61 km (6.7 s)
[15:41:58]   regrid FAIL (2 fb: miss 332 km, None, 3.8 s) -> column dropped
[15:42:06]     settle 10: 137 @   1618 d -> FAIL [('lam', 15189.2)] (7.5 s)
[15:42:14]     settle 10: 219 @   1676 d -> FAIL [('lam', 6916.2)] (8.9 s)
[15:42:24]     settle  9: 211 @   1445 d -> FAIL [('lam', 2770.4), ('lin', 13173.2)] (9.6 s)
[15:42:33]     settle 10: 137 @   1622 d -> FAIL [('lam', 15002.2)] (8.6 s)
[15:42:33]   11 candidates dropped (settle failure / regrid failure / duplicate after truncation)
[15:42:33] RESULT s04_c7: 5 columns; frontier 1fb 6 kg p0/3 | 2fb 18 kg p0/0; settles 23 (10 ok), regrids 8 (5 ok); wall 221 s of 300 (plan 82, price 0, settle 139; budget hit None, 0 unsettled)
[15:42:35]   job s04_c7 craft columns   5  levels 10  settles 10/23  end plan_done  wall 220.5 s
[15:42:35] [slice 4] propose: 112 columns (0 bad dropped) in 222.5 s
[15:42:35] [slice 4] auction: 112 columns, kept 112, dropped {}; lam 1.00 H_eff 360 d fuel budget 322 kg quota on
[15:42:35] [slice 4] auction: status optimal objective 22.451 vars 112 rows 49 chosen 8 fuel 267/322 kg (0.01 s)
[15:42:39] [slice 4] claims: c0:3 c1:3 c2:1 c3:2 c5:2 c6:1 c7:1  (13 targets: 1 kept, 12 new; 12 released, 0 expired (ttl 6), 2 conflicts)
[15:42:39] [slice 4 T=1440 d] launched 8/8  covered 99  remaining 199  fuel 967 kg  sumJi 8.7519  chosen: c0:1(+21) c1:2(+33) c2:3(+22) c3:2(+19) c4:3(+39) c5:3(+40) c6:3(+63) c7:1(+30)  rejected: -  (wall 227 s)
[15:42:39] [slice 5] claims in force: c0:3 c1:3 c2:1 c3:2 c5:2 c6:1 c7:1  (13 targets; claim_bonus 1.0, ttl 6)
[15:42:39]   c0: claims: 3 own (prized +1.0), 10 claimed by others withheld
[15:42:39]   c1: claims: 3 own (prized +1.0), 10 claimed by others withheld
[15:42:39]   c2: claims: 1 own (prized +1.0), 12 claimed by others withheld
[15:42:39]   c3: claims: 2 own (prized +1.0), 11 claimed by others withheld
[15:42:39]   c4: claims: 0 own (prized +1.0), 13 claimed by others withheld
[15:42:39]   c5: claims: 2 own (prized +1.0), 11 claimed by others withheld
[15:42:39]   c6: claims: 1 own (prized +1.0), 12 claimed by others withheld
[15:42:39]   c7: claims: 1 own (prized +1.0), 12 claimed by others withheld
[15:42:39] [slice 5 T=1800 d] propose: 8 jobs (8 craft, 0 root) on 9 workers, proposer planbeam, H_eff 360 d, lam 1.0
[15:42:39] job s05_c1 (craft, craft 1, planbeam): T 1800 d H 360 L 360; plan horizon 3240 d; remaining 189; prize >1 on 54; width 150 npt 6 mc 150 dv 1.2 drmax 0.15 plan_wall 240 s; quota {'fil': 6, 'med': 12}
[15:42:39] job s05_c2 (craft, craft 2, planbeam): T 1800 d H 360 L 360; plan horizon 3240 d; remaining 187; prize >1 on 52; width 150 npt 6 mc 150 dv 1.2 drmax 0.15 plan_wall 240 s; quota {'fil': 7, 'med': 13}
[15:42:39] job s05_c0 (craft, craft 0, planbeam): T 1800 d H 360 L 360; plan horizon 3240 d; remaining 189; prize >1 on 54; width 150 npt 6 mc 150 dv 1.2 drmax 0.15 plan_wall 240 s; quota {'fil': 6, 'med': 15}
[15:42:39] job s05_c4 (craft, craft 4, planbeam): T 1800 d H 360 L 360; plan horizon 3240 d; remaining 186; prize >1 on 51; width 150 npt 6 mc 150 dv 1.2 drmax 0.15 plan_wall 240 s; quota {'fil': 6, 'med': 12}
[15:42:39] job s05_c3 (craft, craft 3, planbeam): T 1800 d H 360 L 360; plan horizon 3240 d; remaining 188; prize >1 on 53; width 150 npt 6 mc 150 dv 1.2 drmax 0.15 plan_wall 240 s; quota {'fil': 6, 'med': 16}
[15:42:39] job s05_c5 (craft, craft 5, planbeam): T 1800 d H 360 L 360; plan horizon 3240 d; remaining 188; prize >1 on 53; width 150 npt 6 mc 150 dv 1.2 drmax 0.15 plan_wall 240 s; quota {'fil': 5, 'med': 14}
[15:42:39] job s05_c6 (craft, craft 6, planbeam): T 1800 d H 360 L 360; plan horizon 3240 d; remaining 187; prize >1 on 52; width 150 npt 6 mc 150 dv 1.2 drmax 0.15 plan_wall 240 s; quota {'fil': 10, 'med': 13}
[15:42:39] job s05_c7 (craft, craft 7, planbeam): T 1800 d H 360 L 360; plan horizon 3240 d; remaining 187; prize >1 on 52; width 150 npt 6 mc 150 dv 1.2 drmax 0.15 plan_wall 240 s; quota {'fil': 6, 'med': 15}
[15:42:39] prefix slices/s05/in/craft_5.npz: 13 flybys, t_end 1799.5 d, tank 714.2 kg (planner view), miss 0.3 km, nreg 88
[15:42:39] budget: job_wall 300 s, 300 s left before the plan -> plan cap 210 s (plan_wall 240, settle_reserve 90)
[15:42:39] prefix slices/s05/in/craft_7.npz: 9 flybys, t_end 1519.3 d, tank 701.1 kg (planner view), miss 11.1 km, nreg 72
[15:42:39] budget: job_wall 300 s, 300 s left before the plan -> plan cap 210 s (plan_wall 240, settle_reserve 90)
[15:42:39] prefix slices/s05/in/craft_2.npz: 14 flybys, t_end 1759.4 d, tank 700.7 kg (planner view), miss 1.3 km, nreg 87
[15:42:39] budget: job_wall 300 s, 300 s left before the plan -> plan cap 210 s (plan_wall 240, settle_reserve 90)
[15:42:39] prefix slices/s05/in/craft_4.npz: 14 flybys, t_end 1773.0 d, tank 734.0 kg (planner view), miss 0.3 km, nreg 87
[15:42:39] prefix slices/s05/in/craft_6.npz: 11 flybys, t_end 1633.4 d, tank 761.4 kg (planner view), miss 3.9 km, nreg 78
[15:42:39] prefix slices/s05/in/craft_0.npz: 11 flybys, t_end 1578.7 d, tank 700.0 kg (planner view), miss 1.5 km, nreg 81
[15:42:39] budget: job_wall 300 s, 300 s left before the plan -> plan cap 210 s (plan_wall 240, settle_reserve 90)
[15:42:39] budget: job_wall 300 s, 300 s left before the plan -> plan cap 210 s (plan_wall 240, settle_reserve 90)
[15:42:39] budget: job_wall 300 s, 300 s left before the plan -> plan cap 210 s (plan_wall 240, settle_reserve 90)
[15:42:39] prefix slices/s05/in/craft_3.npz: 12 flybys, t_end 1690.6 d, tank 710.0 kg (planner view), miss 0.9 km, nreg 84
[15:42:39] budget: job_wall 300 s, 300 s left before the plan -> plan cap 210 s (plan_wall 240, settle_reserve 90)
[15:42:39] prefix slices/s05/in/craft_1.npz: 15 flybys, t_end 1764.8 d, tank 745.1 kg (planner view), miss 0.6 km, nreg 91
[15:42:39] budget: job_wall 300 s, 300 s left before the plan -> plan cap 210 s (plan_wall 240, settle_reserve 90)
[15:42:51] first level (both): 0 production + 37 relaxed (dv 2.5, 0.3 AU; 0.1 s) + 73 lintwin children -> 101 unique (12.2 s)
[15:42:51] plan start: prefix 9 flybys, t_end 1519.3 d, planner mass 1372.7 kg (dv 6.011 km/s); 101 first-level states
[15:42:51] first level (both): 0 production + 68 relaxed (dv 2.5, 0.3 AU; 0.1 s) + 68 lintwin children -> 100 unique (12.6 s)
[15:42:51] plan start: prefix 12 flybys, t_end 1690.6 d, planner mass 1355.4 kg (dv 6.507 km/s); 100 first-level states
[15:42:51] first level (both): 0 production + 66 relaxed (dv 2.5, 0.3 AU; 0.1 s) + 47 lintwin children -> 75 unique (12.6 s)
[15:42:51] plan start: prefix 14 flybys, t_end 1759.4 d, planner mass 1373.5 kg (dv 5.988 km/s); 75 first-level states
[15:42:51] first level (both): 0 production + 68 relaxed (dv 2.5, 0.3 AU; 0.1 s) + 61 lintwin children -> 93 unique (12.6 s)
[15:42:51] plan start: prefix 13 flybys, t_end 1799.5 d, planner mass 1347.5 kg (dv 6.737 km/s); 93 first-level states
[15:42:51] first level (both): 0 production + 65 relaxed (dv 2.5, 0.3 AU; 0.1 s) + 53 lintwin children -> 83 unique (12.7 s)
[15:42:51] plan start: prefix 14 flybys, t_end 1773.0 d, planner mass 1311.2 kg (dv 7.808 km/s); 83 first-level states
[15:42:51] first level (both): 0 production + 77 relaxed (dv 2.5, 0.3 AU; 0.1 s) + 72 lintwin children -> 118 unique (12.7 s)
[15:42:51] plan start: prefix 11 flybys, t_end 1578.7 d, planner mass 1374.8 kg (dv 5.952 km/s); 118 first-level states
[15:42:52] first level (both): 0 production + 29 relaxed (dv 2.5, 0.3 AU; 0.1 s) + 29 lintwin children -> 53 unique (13.0 s)
[15:42:52] plan start: prefix 11 flybys, t_end 1633.4 d, planner mass 1264.1 kg (dv 9.245 km/s); 53 first-level states
[15:42:54] first level (both): 0 production + 21 relaxed (dv 2.5, 0.3 AU; 0.1 s) + 63 lintwin children -> 77 unique (14.8 s)
[15:42:54] plan start: prefix 15 flybys, t_end 1764.8 d, planner mass 1291.6 kg (dv 8.398 km/s); 77 first-level states
[15:43:20] plan: 603 states, depth 6 new flybys, end plan_done (42 s); deepest 6 new to 3212 d at planner fuel 512 kg
[15:43:20]   depth  1:   53 states (34 in H), t_end 1808-2544 d, fuel 351-428 kg
[15:43:20]   depth  2:  150 states (9 in H), t_end 1983-2768 d, fuel 364-465 kg
[15:43:20]   depth  3:  150 states (0 in H), t_end 2365-3203 d, fuel 380-494 kg
[15:43:20]   depth  4:  150 states (0 in H), t_end 2595-3236 d, fuel 425-527 kg
[15:43:20]   depth  5:   89 states (0 in H), t_end 2888-3237 d, fuel 448-556 kg
[15:43:20]   depth  6:   11 states (0 in H), t_end 3123-3238 d, fuel 512-588 kg
[15:43:20] candidates: 24 distinct committed target sets (n_new 1-2, potential 0-2)
[15:43:20] frontier: 16 candidates chosen (n fb / committed planner kg / continuation (lookahead) [full]; pot_mode lookahead, pot_cap None): 1fb/363kg/p1(1)[1], 1fb/367kg/p2(2)[2], 1fb/376kg/p1(1)[1], 1fb/390kg/p1(1)[1], 1fb/402kg/p1(1)[1], 1fb/402kg/p1(1)[1], 1fb/406kg/p1(1)[1], 1fb/406kg/p1(1)[1], 1fb/406kg/p1(1)[1], 1fb/414kg/p1(1)[1], 1fb/418kg/p1(1)[1], 1fb/420kg/p1(1)[1], 1fb/421kg/p1(1)[1], 2fb/406kg/p0(0)[0], 2fb/429kg/p0(0)[0], 2fb/436kg/p0(0)[0]
[15:43:20] budget: 258 s of 300 left for the settles + regrids (settle_wall 480)
[15:43:23]     settle 12:  20 @   2011 d -> ok lam tank 814.6 (+53.3) miss 0 km (2.5 s)
[15:43:26]     settle 12: 175 @   1852 d -> ok lintwin tank 789.9 (+28.5) miss 58 km (2.0 s)
[15:43:29]     settle 12: 237 @   2016 d -> ok lintwin tank 819.8 (+58.4) miss 31 km (3.1 s)
[15:43:34]     settle 12: 227 @   2123 d -> ok lintwin tank 778.2 (+16.9) miss 45 km (4.3 s)
[15:43:34]   drift: leg 227@2123 d settled outside (T, T+H] -> column cut at 0
[15:43:37]     settle 12:  79 @   1833 d -> ok lintwin tank 784.2 (+22.8) miss 80 km (2.9 s)
[15:43:39]     settle 12: 232 @   1997 d -> ok lam tank 789.9 (+28.5) miss 52 km (1.9 s)
[15:43:42] plan: 943 states, depth 8 new flybys, end plan_done (63 s); deepest 8 new to 2847 d at planner fuel 480 kg
[15:43:42]   depth  1:   77 states (42 in H), t_end 1873-2481 d, fuel 319-407 kg
[15:43:42]   depth  2:  150 states (8 in H), t_end 1978-2901 d, fuel 335-439 kg
[15:43:42]   depth  3:  150 states (1 in H), t_end 2053-3239 d, fuel 354-476 kg
[15:43:42]   depth  4:  150 states (0 in H), t_end 2223-3238 d, fuel 379-505 kg
[15:43:42]   depth  5:  150 states (0 in H), t_end 2336-3229 d, fuel 388-537 kg
[15:43:42]   depth  6:  150 states (0 in H), t_end 2471-3237 d, fuel 406-569 kg
[15:43:42]   depth  7:   97 states (0 in H), t_end 2744-3239 d, fuel 439-588 kg
[15:43:42]   depth  8:   19 states (0 in H), t_end 2844-3239 d, fuel 480-589 kg
[15:43:42] candidates: 36 distinct committed target sets (n_new 1-3, potential 0-3)
[15:43:42] frontier: 16 candidates chosen (n fb / committed planner kg / continuation (lookahead) [full]; pot_mode lookahead, pot_cap None): 1fb/324kg/p5(3)[5], 1fb/333kg/p2(2)[2], 1fb/338kg/p1(1)[1], 1fb/340kg/p3(3)[3], 1fb/342kg/p2(2)[2], 1fb/346kg/p2(2)[2], 1fb/356kg/p2(2)[2], 1fb/378kg/p2(1)[2], 1fb/398kg/p2(2)[2], 1fb/399kg/p2(2)[2], 1fb/402kg/p2(1)[2], 1fb/407kg/p4(3)[4], 2fb/345kg/p4(3)[4], 2fb/357kg/p3(3)[3], 2fb/386kg/p1(1)[1], 3fb/360kg/p3(3)[3]
[15:43:42] budget: 237 s of 300 left for the settles + regrids (settle_wall 480)
[15:43:42]     settle 12: 147 @   2010 d -> ok lintwin tank 795.5 (+34.1) miss 76 km (2.8 s)
[15:43:43]     settle 16: 231 @   1937 d -> ok lintwin tank 758.3 (+13.2) miss 29 km (1.5 s)
[15:43:44] plan: 1014 states, depth 9 new flybys, end plan_done (66 s); deepest 9 new to 3227 d at planner fuel 433 kg
[15:43:44]   depth  1:   75 states (49 in H), t_end 1852-2430 d, fuel 245-326 kg
[15:43:44]   depth  2:  150 states (23 in H), t_end 2034-2868 d, fuel 280-362 kg
[15:43:44]   depth  3:  150 states (0 in H), t_end 2183-3111 d, fuel 293-389 kg
[15:43:44]   depth  4:  150 states (0 in H), t_end 2395-3225 d, fuel 326-407 kg
[15:43:44]   depth  5:  150 states (0 in H), t_end 2594-3240 d, fuel 331-444 kg
[15:43:44]   depth  6:  150 states (0 in H), t_end 2763-3231 d, fuel 347-464 kg
[15:43:44]   depth  7:  130 states (0 in H), t_end 2939-3238 d, fuel 370-494 kg
[15:43:44]   depth  8:   56 states (0 in H), t_end 3084-3240 d, fuel 395-476 kg
[15:43:44]   depth  9:    3 states (0 in H), t_end 3209-3227 d, fuel 433-511 kg
[15:43:45] candidates: 39 distinct committed target sets (n_new 1-2, potential 0-2)
[15:43:45] frontier: 16 candidates chosen (n fb / committed planner kg / continuation (lookahead) [full]; pot_mode lookahead, pot_cap None): 1fb/245kg/p1(1)[1], 1fb/261kg/p1(1)[1], 1fb/270kg/p1(1)[1], 1fb/271kg/p3(2)[3], 1fb/275kg/p1(0)[1], 1fb/278kg/p2(2)[2], 1fb/279kg/p2(1)[2], 1fb/280kg/p2(1)[2], 1fb/293kg/p2(2)[2], 1fb/300kg/p2(2)[2], 1fb/318kg/p2(1)[2], 1fb/321kg/p2(2)[2], 2fb/280kg/p2(2)[2], 2fb/292kg/p0(0)[0], 2fb/299kg/p0(0)[0], 2fb/322kg/p2(2)[2]
[15:43:45] budget: 234 s of 300 left for the settles + regrids (settle_wall 480)
[15:43:45]     settle 15: 112 @   2091 d -> ok lintwin tank 710.5 (+9.8) miss 34 km (0.3 s)
[15:43:46]     settle 15: 134 @   2041 d -> ok lintwin tank 713.8 (+13.1) miss 27 km (0.9 s)
[15:43:46]     settle 16: 229 @   2041 d -> ok lintwin tank 784.7 (+39.6) miss 80 km (3.1 s)
[15:43:47]     settle 12: 109 @   2144 d -> ok lintwin tank 843.0 (+81.6) miss 78 km (4.1 s)
[15:43:47]     settle 15: 236 @   2103 d -> ok lintwin tank 720.3 (+19.6) miss 4 km (0.5 s)
[15:43:48] plan: 1055 states, depth 9 new flybys, end plan_done (69 s); deepest 9 new to 3230 d at planner fuel 564 kg
[15:43:48]   depth  1:   83 states (45 in H), t_end 1888-2434 d, fuel 294-384 kg
[15:43:48]   depth  2:  150 states (6 in H), t_end 1995-2853 d, fuel 321-419 kg
[15:43:48]   depth  3:  150 states (0 in H), t_end 2189-3138 d, fuel 339-451 kg
[15:43:48]   depth  4:  150 states (0 in H), t_end 2298-3208 d, fuel 358-482 kg
[15:43:48]   depth  5:  150 states (0 in H), t_end 2589-3227 d, fuel 393-512 kg
[15:43:48]   depth  6:  150 states (0 in H), t_end 2699-3238 d, fuel 433-542 kg
[15:43:48]   depth  7:  150 states (0 in H), t_end 2914-3238 d, fuel 459-540 kg
[15:43:48]   depth  8:   69 states (0 in H), t_end 3082-3238 d, fuel 478-574 kg
[15:43:48]   depth  9:    3 states (0 in H), t_end 3227-3230 d, fuel 564-567 kg
[15:43:48] candidates: 22 distinct committed target sets (n_new 1-2, potential 0-2)
[15:43:48] frontier: 16 candidates chosen (n fb / committed planner kg / continuation (lookahead) [full]; pot_mode lookahead, pot_cap None): 1fb/294kg/p2(2)[2], 1fb/297kg/p2(2)[2], 1fb/307kg/p2(2)[2], 1fb/307kg/p1(1)[1], 1fb/313kg/p2(2)[2], 1fb/315kg/p2(2)[2], 1fb/318kg/p1(1)[1], 1fb/321kg/p1(1)[1], 1fb/332kg/p3(2)[3], 1fb/336kg/p2(1)[2], 1fb/342kg/p2(2)[2], 1fb/353kg/p2(2)[2], 1fb/383kg/p2(2)[2], 2fb/350kg/p0(0)[0], 2fb/365kg/p0(0)[0], 2fb/372kg/p2(2)[2]
[15:43:48] budget: 231 s of 300 left for the settles + regrids (settle_wall 480)
[15:43:48]     settle 15: 154 @   1936 d -> ok lintwin tank 713.3 (+12.6) miss 8 km (0.7 s)
[15:43:48]     settle 15: 180 @   1994 d -> ok lintwin tank 737.1 (+3.2) miss 11 km (0.7 s)
[15:43:48] plan: 1094 states, depth 9 new flybys, end plan_done (70 s); deepest 9 new to 3163 d at planner fuel 472 kg
[15:43:48]   depth  1:  118 states (83 in H), t_end 1808-2436 d, fuel 230-321 kg
[15:43:48]   depth  2:  150 states (72 in H), t_end 1889-2982 d, fuel 242-364 kg
[15:43:48]   depth  3:  150 states (2 in H), t_end 2133-2969 d, fuel 272-376 kg
[15:43:48]   depth  4:  150 states (0 in H), t_end 2333-3233 d, fuel 289-378 kg
[15:43:48]   depth  5:  150 states (0 in H), t_end 2684-3202 d, fuel 298-415 kg
[15:43:48]   depth  6:  150 states (0 in H), t_end 2760-3238 d, fuel 361-433 kg
[15:43:48]   depth  7:  150 states (0 in H), t_end 2884-3238 d, fuel 367-454 kg
[15:43:48]   depth  8:   70 states (0 in H), t_end 3026-3239 d, fuel 389-477 kg
[15:43:48]   depth  9:    6 states (0 in H), t_end 3152-3238 d, fuel 472-502 kg
[15:43:48] candidates: 68 distinct committed target sets (n_new 1-3, potential 0-2)
[15:43:48] frontier: 16 candidates chosen (n fb / committed planner kg / continuation (lookahead) [full]; pot_mode lookahead, pot_cap None): 1fb/232kg/p0(0)[0], 1fb/235kg/p2(1)[2], 1fb/239kg/p2(1)[2], 1fb/239kg/p3(1)[3], 1fb/241kg/p2(1)[2], 1fb/241kg/p1(1)[1], 1fb/249kg/p1(1)[1], 1fb/250kg/p2(1)[2], 1fb/251kg/p2(1)[2], 1fb/256kg/p2(1)[2], 1fb/260kg/p2(2)[2], 2fb/257kg/p0(0)[0], 2fb/265kg/p1(1)[1], 2fb/267kg/p2(2)[2], 2fb/275kg/p2(1)[2], 3fb/307kg/p1(1)[1]
[15:43:48] budget: 230 s of 300 left for the settles + regrids (settle_wall 480)
[15:43:49]     settle 15: 286 @   1929 d -> ok lintwin tank 726.8 (+26.1) miss 7 km (0.7 s)
[15:43:49]     settle 16: 142 @   2087 d -> ok lintwin tank 780.4 (+35.3) miss 32 km (2.1 s)
[15:43:49]     settle 12:  79 @   2086 d -> ok lintwin tank 703.7 (+3.6) miss 52 km (0.6 s)
[15:43:49] plan: 1110 states, depth 9 new flybys, end plan_done (70 s); deepest 9 new to 3229 d at planner fuel 545 kg
[15:43:49]   depth  1:   93 states (45 in H), t_end 1885-2467 d, fuel 259-350 kg
[15:43:49]   depth  2:  150 states (8 in H), t_end 1993-2821 d, fuel 287-388 kg
[15:43:49]   depth  3:  150 states (0 in H), t_end 2173-3110 d, fuel 297-425 kg
[15:43:49]   depth  4:  150 states (0 in H), t_end 2294-3231 d, fuel 318-456 kg
[15:43:49]   depth  5:  150 states (0 in H), t_end 2484-3231 d, fuel 359-493 kg
[15:43:49]   depth  6:  150 states (0 in H), t_end 2545-3233 d, fuel 370-520 kg
[15:43:49]   depth  7:  150 states (0 in H), t_end 2745-3236 d, fuel 442-551 kg
[15:43:49]   depth  8:   92 states (0 in H), t_end 2935-3240 d, fuel 509-567 kg
[15:43:49]   depth  9:   25 states (0 in H), t_end 3059-3236 d, fuel 545-590 kg
[15:43:49] candidates: 31 distinct committed target sets (n_new 1-2, potential 0-3)
[15:43:49] frontier: 16 candidates chosen (n fb / committed planner kg / continuation (lookahead) [full]; pot_mode lookahead, pot_cap None): 1fb/263kg/p2(2)[2], 1fb/267kg/p1(1)[1], 1fb/273kg/p2(2)[2], 1fb/279kg/p2(1)[2], 1fb/280kg/p1(1)[1], 1fb/283kg/p1(1)[1], 1fb/284kg/p1(1)[1], 1fb/288kg/p1(1)[1], 1fb/291kg/p1(1)[1], 1fb/302kg/p1(1)[1], 1fb/309kg/p1(1)[1], 1fb/315kg/p1(1)[1], 1fb/350kg/p4(3)[4], 2fb/299kg/p1(1)[1], 2fb/335kg/p0(0)[0], 2fb/388kg/p3(3)[3]
[15:43:49] budget: 230 s of 300 left for the settles + regrids (settle_wall 480)
[15:43:49]     settle 15: 208 @   2004 d -> ok lintwin tank 738.4 (+4.4) miss 7 km (0.7 s)
[15:43:50]     settle 12:  91 @   1930 d -> ok lintwin tank 703.1 (+3.0) miss 31 km (0.4 s)
[15:43:50]     settle 14:  15 @   1996 d -> ok lintwin tank 720.1 (+5.9) miss 50 km (0.7 s)
[15:43:50]     settle 15:  92 @   2014 d -> ok lintwin tank 723.7 (+23.0) miss 33 km (1.0 s)
[15:43:50]     settle 15:  16 @   1998 d -> ok lintwin tank 749.1 (+15.2) miss 8 km (0.6 s)
[15:43:50]     settle 14: 295 @   1955 d -> ok lintwin tank 722.5 (+8.3) miss 52 km (0.3 s)
[15:43:50]     settle 12: 242 @   1904 d -> ok lintwin tank 707.3 (+7.3) miss 24 km (0.3 s)
[15:43:51] plan: 1127 states, depth 9 new flybys, end plan_done (72 s); deepest 9 new to 3221 d at planner fuel 456 kg
[15:43:51]   depth  1:  100 states (63 in H), t_end 1891-2455 d, fuel 252-343 kg
[15:43:51]   depth  2:  150 states (17 in H), t_end 1985-2701 d, fuel 267-378 kg
[15:43:51]   depth  3:  150 states (0 in H), t_end 2209-3121 d, fuel 286-396 kg
[15:43:51]   depth  4:  150 states (0 in H), t_end 2445-3224 d, fuel 296-420 kg
[15:43:51]   depth  5:  150 states (0 in H), t_end 2625-3239 d, fuel 319-443 kg
[15:43:51]   depth  6:  150 states (0 in H), t_end 2682-3239 d, fuel 365-454 kg
[15:43:51]   depth  7:  150 states (0 in H), t_end 2879-3238 d, fuel 407-486 kg
[15:43:51]   depth  8:  112 states (0 in H), t_end 3027-3240 d, fuel 416-521 kg
[15:43:51]   depth  9:   15 states (0 in H), t_end 3164-3240 d, fuel 456-512 kg
[15:43:51] candidates: 40 distinct committed target sets (n_new 1-2, potential 0-3)
[15:43:51] frontier: 16 candidates chosen (n fb / committed planner kg / continuation (lookahead) [full]; pot_mode lookahead, pot_cap None): 1fb/252kg/p3(2)[3], 1fb/263kg/p1(1)[1], 1fb/267kg/p1(1)[1], 1fb/271kg/p1(1)[1], 1fb/273kg/p1(1)[1], 1fb/274kg/p1(1)[1], 1fb/276kg/p1(0)[1], 1fb/280kg/p3(3)[3], 1fb/283kg/p2(2)[2], 1fb/284kg/p2(2)[2], 1fb/287kg/p2(2)[2], 1fb/290kg/p3(2)[3], 1fb/293kg/p2(2)[2], 2fb/284kg/p2(2)[2], 2fb/290kg/p0(0)[0], 2fb/311kg/p0(0)[0]
[15:43:51] budget: 228 s of 300 left for the settles + regrids (settle_wall 480)
[15:43:51]     settle 16: 292 @   1987 d -> ok lintwin tank 755.2 (+10.1) miss 41 km (1.8 s)
[15:43:51]     settle 13: 240 @   1939 d -> ok lintwin tank 714.6 (+4.6) miss 19 km (0.5 s)
[15:43:52]     settle 15:  78 @   2042 d -> ok lintwin tank 752.0 (+18.0) miss 18 km (0.8 s)
[15:43:52]     settle 12: 188 @   1870 d -> ok lintwin tank 707.5 (+7.4) miss 22 km (0.9 s)
[15:43:52]     settle 15:  27 @   1892 d -> ok lintwin tank 759.4 (+58.7) miss 55 km (1.3 s)
[15:43:52]     settle 13: 232 @   1989 d -> ok lintwin tank 719.9 (+9.9) miss 13 km (0.3 s)
[15:43:52]     settle 12: 136 @   1932 d -> ok lintwin tank 707.7 (+7.7) miss 16 km (0.3 s)
[15:43:53]     settle 15:  65 @   2041 d -> ok lintwin tank 746.5 (+12.5) miss 41 km (0.9 s)
[15:43:53]     settle 14:  66 @   1990 d -> ok lintwin tank 727.8 (+13.6) miss 70 km (2.3 s)
[15:43:53]     settle 15: 276 @   1872 d -> ok lintwin tank 723.4 (+22.7) miss 22 km (0.6 s)
[15:43:53]     settle 13:  79 @   2110 d -> ok lintwin tank 723.5 (+13.5) miss 5 km (1.1 s)
[15:43:53]     settle 12:  20 @   1989 d -> ok lintwin tank 704.2 (+4.1) miss 18 km (0.8 s)
[15:43:54] plan: 1205 states, depth 9 new flybys, end plan_done (75 s); deepest 9 new to 3220 d at planner fuel 376 kg
[15:43:54]   depth  1:  101 states (72 in H), t_end 1809-2421 d, fuel 227-326 kg
[15:43:54]   depth  2:  150 states (42 in H), t_end 1889-2848 d, fuel 232-361 kg
[15:43:54]   depth  3:  150 states (7 in H), t_end 1970-3144 d, fuel 259-364 kg
[15:43:54]   depth  4:  150 states (0 in H), t_end 2307-3143 d, fuel 277-403 kg
[15:43:54]   depth  5:  150 states (0 in H), t_end 2464-3161 d, fuel 306-421 kg
[15:43:54]   depth  6:  150 states (0 in H), t_end 2768-3210 d, fuel 313-436 kg
[15:43:54]   depth  7:  150 states (0 in H), t_end 2878-3239 d, fuel 338-465 kg
[15:43:54]   depth  8:  150 states (0 in H), t_end 3024-3240 d, fuel 351-446 kg
[15:43:54]   depth  9:   54 states (0 in H), t_end 3160-3240 d, fuel 376-463 kg
[15:43:54] candidates: 72 distinct committed target sets (n_new 1-3, potential 0-3)
[15:43:54] frontier: 16 candidates chosen (n fb / committed planner kg / continuation (lookahead) [full]; pot_mode lookahead, pot_cap None): 1fb/227kg/p4(3)[4], 1fb/227kg/p3(3)[3], 1fb/227kg/p3(2)[3], 1fb/227kg/p2(2)[2], 1fb/227kg/p2(1)[2], 1fb/231kg/p2(2)[2], 1fb/252kg/p2(2)[2], 1fb/259kg/p3(1)[3], 1fb/280kg/p3(2)[3], 2fb/232kg/p1(1)[1], 2fb/243kg/p0(0)[0], 2fb/257kg/p3(2)[3], 2fb/261kg/p3(3)[3], 3fb/264kg/p1(1)[1], 3fb/283kg/p2(2)[2], 3fb/290kg/p1(1)[1]
[15:43:54] budget: 225 s of 300 left for the settles + regrids (settle_wall 480)
[15:43:54]     settle 14:  72 @   1885 d -> ok lintwin tank 729.9 (+15.7) miss 30 km (0.7 s)
[15:43:54]     settle 15: 282 @   1998 d -> ok lintwin tank 718.5 (+17.8) miss 24 km (1.0 s)
[15:43:55]     settle 16: 133 @   2057 d -> ok lintwin tank 755.5 (+10.4) miss 78 km (3.0 s)
[15:43:55]     settle 12: 147 @   2008 d -> ok lintwin tank 710.6 (+10.6) miss 20 km (1.1 s)
[15:43:55]     settle 13:  82 @   1989 d -> ok lintwin tank 725.5 (+15.5) miss 32 km (1.4 s)
[15:43:56]     settle 12: 273 @   2054 d -> FAIL [('lam', 164.8)] (8.6 s)
[15:43:56]     settle 12:  82 @   1979 d -> ok lintwin tank 705.1 (+5.1) miss 17 km (0.4 s)
[15:43:56]     settle 15: 242 @   1984 d -> ok lintwin tank 743.6 (+9.6) miss 69 km (3.0 s)
[15:43:56]     settle 14: 229 @   2055 d -> ok lintwin tank 732.6 (+18.4) miss 4 km (1.4 s)
[15:43:56]     settle 15:  65 @   2070 d -> ok lintwin tank 719.9 (+19.2) miss 3 km (1.2 s)
[15:43:57]     settle 13: 208 @   1965 d -> ok lintwin tank 723.5 (+13.4) miss 13 km (0.8 s)
[15:43:57]     settle 12:  28 @   1824 d -> ok lintwin tank 722.0 (+22.0) miss 21 km (0.6 s)
[15:43:58]     settle 15: 170 @   1879 d -> ok lintwin tank 733.6 (+32.9) miss 79 km (0.9 s)
[15:43:58]     settle 13: 147 @   2004 d -> ok lintwin tank 726.1 (+16.1) miss 4 km (0.6 s)
[15:43:58]     settle 14:  79 @   2069 d -> ok lintwin tank 760.7 (+46.5) miss 49 km (1.2 s)
[15:43:58]     settle 16:  79 @   2106 d -> ok lintwin tank 775.6 (+30.5) miss 37 km (2.7 s)
[15:43:59]     settle 13: 242 @   1927 d -> ok lintwin tank 731.3 (+21.3) miss 11 km (0.6 s)
[15:43:59]     settle 12: 218 @   2000 d -> ok lintwin tank 713.5 (+13.5) miss 54 km (1.4 s)
[15:43:59]     settle 15:  34 @   2010 d -> ok lintwin tank 745.0 (+11.0) miss 73 km (2.5 s)
[15:43:59]     settle 15: 208 @   2064 d -> ok lintwin tank 722.9 (+22.2) miss 2 km (1.3 s)
[15:43:59]     settle 12: 142 @   2098 d -> ok lintwin tank 782.0 (+20.7) miss 70 km (3.3 s)
[15:44:00]     settle 12:  54 @   2028 d -> ok lintwin tank 717.2 (+17.2) miss 67 km (0.8 s)
[15:44:00]     settle 16: 134 @   2040 d -> ok lintwin tank 714.2 (+0.9) miss 23 km (0.3 s)
[15:44:00]     settle 13:  98 @   2129 d -> ok lintwin tank 733.8 (+23.8) miss 72 km (1.2 s)
[15:44:00]     settle 16: 290 @   1920 d -> ok lintwin tank 778.3 (+33.2) miss 45 km (2.0 s)
[15:44:01]     settle 14:  20 @   1995 d -> ok lintwin tank 742.7 (+28.5) miss 12 km (2.3 s)
[15:44:01]     settle 15: 207 @   2060 d -> ok lintwin tank 748.3 (+14.3) miss 22 km (1.5 s)
[15:44:01]     settle 12:  82 @   1975 d -> ok lintwin tank 705.0 (+5.0) miss 44 km (0.7 s)
[15:44:01]     settle 16: 105 @   1894 d -> ok lintwin tank 786.5 (+41.4) miss 35 km (0.4 s)
[15:44:02]     settle 13: 290 @   2005 d -> ok lintwin tank 727.0 (+17.0) miss 1 km (1.1 s)
[15:44:02]     settle 13:  79 @   2089 d -> ok lintwin tank 711.2 (+6.1) miss 25 km (0.5 s)
[15:44:02]     settle 14:  37 @   1952 d -> ok lintwin tank 732.4 (+18.2) miss 85 km (1.2 s)
[15:44:03]     settle 16: 113 @   2081 d -> ok lintwin tank 809.7 (+50.3) miss 33 km (2.6 s)
[15:44:03]     settle 12:  14 @   2137 d -> ok lam tank 782.5 (+21.1) miss 3 km (3.8 s)
[15:44:03]   drift: leg 14@2137 d settled outside (T, T+H] -> column cut at 0
[15:44:04]     settle 13: 232 @   1993 d -> ok lintwin tank 728.9 (+6.9) miss 27 km (1.6 s)
[15:44:04]     settle 15: 285 @   1897 d -> ok lintwin tank 732.2 (+31.5) miss 2 km (0.6 s)
[15:44:04]     settle 14: 218 @   2000 d -> ok lintwin tank 730.2 (+16.0) miss 14 km (1.4 s)
[15:44:05]     settle 13:  54 @   2027 d -> ok lintwin tank 719.1 (+11.7) miss 54 km (0.5 s)
[15:44:05]     settle 13:  65 @   1980 d -> ok lintwin tank 741.4 (+31.4) miss 98 km (2.7 s)
[15:44:05]     settle 16: 113 @   2073 d -> ok lintwin tank 731.8 (+-0.5) miss 23 km (1.2 s)
[15:44:06]     settle 13: 218 @   2001 d -> ok lintwin tank 716.0 (+8.6) miss 29 km (0.9 s)
[15:44:06]     settle 16: 109 @   2080 d -> ok lintwin tank 781.9 (+36.8) miss 65 km (4.1 s)
[15:44:06]     settle 15: 154 @   1929 d -> ok lintwin tank 713.3 (+12.6) miss 8 km (0.7 s)
[15:44:07]     settle 12: 254 @   2131 d -> ok lintwin tank 768.1 (+6.8) miss 82 km (3.1 s)
[15:44:07]     settle 14: 254 @   2118 d -> ok lintwin tank 734.4 (+20.2) miss 75 km (2.0 s)
[15:44:07]     settle 16: 296 @   2089 d -> ok lintwin tank 733.6 (+20.3) miss 8 km (0.6 s)
[15:44:07]     settle 13: 180 @   1988 d -> ok lintwin tank 728.0 (+18.0) miss 12 km (1.9 s)
[15:44:07]     settle 14: 136 @   2133 d -> ok lintwin tank 726.9 (+10.9) miss 19 km (1.0 s)
[15:44:07] RESULT s05_c2: 16 columns; frontier 1fb 10 kg p1/2 | 2fb 13 kg p2/2; settles 18 (18 ok), regrids 16 (16 ok); wall 89 s of 300 (plan 66, price 1, settle 23; budget hit None, 0 unsettled)
[15:44:08] RESULT s05_c0: 16 columns; frontier 1fb 3 kg p1/2 | 2fb 11 kg p0/2 | 3fb 27 kg p1/1; settles 17 (17 ok), regrids 16 (16 ok); wall 89 s of 300 (plan 70, price 1, settle 19; budget hit None, 0 unsettled)
[15:44:09]   job s05_c0 craft columns  16  levels 9  settles 17/17  end plan_done  wall 88.9 s
[15:44:09]   job s05_c2 craft columns  16  levels 9  settles 18/18  end plan_done  wall 88.7 s
[15:44:09]     settle 13:  34 @   1945 d -> ok lintwin tank 726.8 (+16.7) miss 78 km (1.5 s)
[15:44:10]     settle 12:  65 @   2029 d -> ok lintwin tank 799.5 (+38.2) miss 68 km (2.5 s)
[15:44:11]     settle 16: 253 @   2136 d -> ok lintwin tank 815.7 (+70.6) miss 69 km (4.3 s)
[15:44:11]     settle 14:  82 @   1980 d -> ok lintwin tank 773.0 (+58.8) miss 0 km (3.7 s)
[15:44:11]     settle 13:  16 @   2006 d -> ok lintwin tank 751.0 (+41.0) miss 46 km (1.6 s)
[15:44:11]     settle 10:  28 @   1823 d -> FAIL [('lin', 15987.5), ('lam', 7515.9)] (17.5 s)
[15:44:12]     settle 14:  79 @   2108 d -> ok lintwin tank 724.4 (+9.8) miss 60 km (0.6 s)
[15:44:12]     settle 13: 256 @   2157 d -> ok lam tank 824.8 (+35.0) miss 84 km (2.0 s)
[15:44:12]     settle 14: 232 @   1989 d -> ok lintwin tank 737.9 (+6.6) miss 7 km (0.2 s)
[15:44:13]     settle 14: 198 @   1901 d -> ok lintwin tank 749.4 (+35.2) miss 59 km (1.9 s)
[15:44:14]     settle 14: 169 @   1925 d -> ok lintwin tank 720.9 (+6.7) miss 9 km (0.6 s)
[15:44:14]     settle 13:  34 @   1930 d -> ok lintwin tank 726.5 (+16.5) miss 71 km (1.6 s)
[15:44:14]     settle 16:  65 @   1953 d -> ok lintwin tank 811.9 (+66.8) miss 54 km (3.3 s)
[15:44:15]     settle 15:  15 @   2003 d -> ok lintwin tank 733.4 (+3.5) miss 25 km (0.5 s)
[15:44:15]     settle 12:  79 @   1808 d -> ok lintwin tank 783.5 (+22.1) miss 35 km (2.4 s)
[15:44:15]     settle 14: 295 @   1949 d -> ok lintwin tank 722.4 (+8.2) miss 15 km (0.2 s)
[15:44:15]     settle 14:  82 @   1985 d -> ok lintwin tank 727.3 (+0.8) miss 72 km (1.1 s)
[15:44:16] RESULT s05_c3: 16 columns; frontier 1fb 4 kg p2/3 | 2fb 14 kg p2/2; settles 17 (17 ok), regrids 16 (16 ok); wall 97 s of 300 (plan 72, price 1, settle 25; budget hit None, 0 unsettled)
[15:44:16]     settle 16: 210 @   1885 d -> ok lintwin tank 763.1 (+18.0) miss 55 km (0.9 s)
[15:44:16]     settle 15: 103 @   2155 d -> ok lintwin tank 743.0 (+20.6) miss 4 km (0.9 s)
[15:44:16]     settle 17: 292 @   1978 d -> ok lintwin tank 767.4 (+9.1) miss 39 km (0.3 s)
[15:44:16]     settle 13: 232 @   1997 d -> ok lintwin tank 809.7 (+26.2) miss 57 km (1.6 s)
[15:44:17]     settle 15:  15 @   1993 d -> ok lintwin tank 734.8 (+13.9) miss 22 km (0.5 s)
[15:44:17]   job s05_c3 craft columns  16  levels 9  settles 17/17  end plan_done  wall 96.9 s
[15:44:17] RESULT s05_c5: 16 columns; frontier 1fb 6 kg p2/3 | 2fb 19 kg p1/3; settles 17 (17 ok), regrids 16 (16 ok); wall 98 s of 300 (plan 70, price 1, settle 28; budget hit None, 0 unsettled)
[15:44:18]     settle 17: 133 @   2053 d -> ok lintwin tank 769.2 (+10.9) miss 73 km (1.0 s)
[15:44:19]   job s05_c5 craft columns  16  levels 9  settles 17/17  end plan_done  wall 98.3 s
[15:44:19]     settle 12: 175 @   1883 d -> ok lintwin tank 790.2 (+28.8) miss 76 km (2.1 s)
[15:44:20]     settle 17: 254 @   2098 d -> ok lintwin tank 788.3 (+1.8) miss 69 km (2.6 s)
[15:44:21]     settle 13: 203 @   2158 d -> ok lintwin tank 817.5 (+27.3) miss 70 km (1.8 s)
[15:44:21]   3 candidates dropped (settle failure / regrid failure / duplicate after truncation)
[15:44:21] RESULT s05_c6: 13 columns; frontier 1fb 6 kg p1/2 | 2fb 48 kg p0/0; settles 18 (17 ok), regrids 13 (13 ok); wall 102 s of 300 (plan 42, price 1, settle 61; budget hit None, 0 unsettled)
[15:44:21]     settle 18: 133 @   2053 d -> ok lintwin tank 775.6 (+8.2) miss 5 km (0.3 s)
[15:44:21]     settle 15: 237 @   1888 d -> FAIL [('lam', 18600287.9)] (19.8 s)
[15:44:21] RESULT s05_c1: 16 columns; frontier 1fb 10 kg p3/3 | 2fb 22 kg p3/3 | 3fb 30 kg p3/3; settles 16 (16 ok), regrids 16 (16 ok); wall 103 s of 300 (plan 63, price 1, settle 40; budget hit None, 0 unsettled)
[15:44:22]     settle 10:  82 @   1973 d -> FAIL [('lam', 9119.3)] (10.7 s)
[15:44:22]     settle 15: 269 @   1890 d -> ok lintwin tank 755.8 (+21.8) miss 65 km (1.1 s)
[15:44:23]   job s05_c1 craft columns  16  levels 8  settles 16/16  end plan_done  wall 102.7 s
[15:44:23]   job s05_c6 craft columns  13  levels 6  settles 17/18  end plan_done  wall 102.3 s
[15:44:23]     settle 15: 236 @   2103 d -> ok lintwin tank 758.8 (+24.8) miss 53 km (0.8 s)
[15:44:26]     settle 15:  79 @   2093 d -> ok lintwin tank 766.7 (+32.8) miss 50 km (2.7 s)
[15:44:28]     settle 15: 232 @   1996 d -> ok lintwin tank 774.6 (+40.6) miss 7 km (1.7 s)
[15:44:30]     settle 15:  80 @   2038 d -> ok lintwin tank 755.8 (+21.8) miss 3 km (1.0 s)
[15:44:30]     settle 16: 236 @   2103 d -> ok lintwin tank 758.8 (+3.0) miss 21 km (0.3 s)
[15:44:30]   3 candidates dropped (settle failure / regrid failure / duplicate after truncation)
[15:44:30] RESULT s05_c4: 13 columns; frontier 1fb 3 kg p2/2 | 2fb 25 kg p0/0; settles 16 (14 ok), regrids 13 (13 ok); wall 112 s of 300 (plan 69, price 1, settle 43; budget hit None, 0 unsettled)
[15:44:31]   job s05_c4 craft columns  13  levels 9  settles 14/16  end plan_done  wall 111.6 s
[15:44:38]     settle 10:   3 @   1890 d -> FAIL [('lin', 170.3), ('lam', 11438.0)] (16.0 s)
[15:44:57]     settle 10: 147 @   2008 d -> FAIL [('lam', 68683.9)] (19.1 s)
[15:45:29]     settle 10: 208 @   2011 d -> FAIL [('lam', 62312.2)] (31.9 s)
[15:45:46]     settle 10: 232 @   1993 d -> FAIL [('lin', 15270.8), ('lam', 67513.9)] (17.1 s)
[15:46:18]     settle 10: 104 @   2052 d -> FAIL [('lam', 78418.3)] (31.7 s)
[15:46:24]     settle 10: 199 @   1832 d -> ok lam tank 727.4 (+26.3) miss 85 km (5.9 s)
[15:46:29]   regrid FAIL (1 fb: miss 1337 km, None, 4.8 s) -> column dropped
[15:46:46]     settle 10: 242 @   1889 d -> FAIL [('lin', 6687.1), ('lam', 11971.7)] (17.5 s)
[15:46:53]     settle 10:  65 @   2024 d -> ok lam tank 710.0 (+8.9) miss 64 km (6.5 s)
[15:47:04]     settle 11: 236 @   2102 d -> FAIL [('lam', 7104.2)] (11.1 s)
[15:47:08]   regrid FAIL (1 fb: miss 484 km, None, 4.6 s) -> column dropped
[15:47:21]     settle 10:  28 @   1819 d -> FAIL [('lin', 16892.8), ('lam', 11090.4)] (12.6 s)
[15:47:21]   16 candidates dropped (settle failure / regrid failure / duplicate after truncation)
[15:47:21] RESULT s05_c7: 0 columns; frontier ; settles 22 (2 ok), regrids 2 (0 ok); wall 282 s of 300 (plan 75, price 0, settle 207; budget hit None, 0 unsettled)
[15:47:21]   job s05_c7 craft columns   0  levels 9  settles 2/22  end plan_done  wall 282.2 s
[15:47:21] [slice 5] propose: 106 columns (0 bad dropped) in 282.6 s
[15:47:21] [slice 5] auction: 106 columns, kept 106, dropped {}; lam 1.00 H_eff 360 d fuel budget 322 kg quota on
[15:47:21] [slice 5] auction: status optimal objective 19.521 vars 106 rows 44 chosen 7 fuel 180/322 kg (0.008 s)
[15:47:23] [slice 5] claims: c0:1 c1:3 c2:2 c5:3  (9 targets: 0 kept, 9 new; 13 released, 0 expired (ttl 6), 0 conflicts)
[15:47:23] [slice 5 T=1800 d] launched 8/8  covered 115  remaining 183  fuel 1146 kg  sumJi 8.9070  chosen: c0:3(+27) c1:3(+30) c2:2(+13) c3:2(+17) c4:2(+25) c5:2(+20) c6:2(+47)  rejected: -  (wall 285 s)
[15:47:23] [slice 6] claims in force: c0:1 c1:3 c2:2 c5:3  (9 targets; claim_bonus 1.0, ttl 6)
[15:47:23]   c0: claims: 1 own (prized +1.0), 8 claimed by others withheld
[15:47:23]   c1: claims: 3 own (prized +1.0), 6 claimed by others withheld
[15:47:23]   c2: claims: 2 own (prized +1.0), 7 claimed by others withheld
[15:47:23]   c3: claims: 0 own (prized +1.0), 9 claimed by others withheld
[15:47:23]   c4: claims: 0 own (prized +1.0), 9 claimed by others withheld
[15:47:23]   c5: claims: 3 own (prized +1.0), 6 claimed by others withheld
[15:47:23]   c6: claims: 0 own (prized +1.0), 9 claimed by others withheld
[15:47:23]   c7: claims: 0 own (prized +1.0), 9 claimed by others withheld
[15:47:23] [slice 6 T=2160 d] propose: 8 jobs (8 craft, 0 root) on 9 workers, proposer planbeam, H_eff 360 d, lam 1.0
[15:47:23] job s06_c2 (craft, craft 2, planbeam): T 2160 d H 360 L 360; plan horizon 3600 d; remaining 176; prize >1 on 61; width 150 npt 6 mc 150 dv 1.2 drmax 0.15 plan_wall 240 s; quota {'fil': 7, 'med': 11}
[15:47:23] job s06_c1 (craft, craft 1, planbeam): T 2160 d H 360 L 360; plan horizon 3600 d; remaining 177; prize >1 on 62; width 150 npt 6 mc 150 dv 1.2 drmax 0.15 plan_wall 240 s; quota {'fil': 5, 'med': 11}
[15:47:23] job s06_c5 (craft, craft 5, planbeam): T 2160 d H 360 L 360; plan horizon 3600 d; remaining 177; prize >1 on 62; width 150 npt 6 mc 150 dv 1.2 drmax 0.15 plan_wall 240 s; quota {'fil': 5, 'med': 14}
[15:47:23] job s06_c3 (craft, craft 3, planbeam): T 2160 d H 360 L 360; plan horizon 3600 d; remaining 174; prize >1 on 59; width 150 npt 6 mc 150 dv 1.2 drmax 0.15 plan_wall 240 s; quota {'fil': 6, 'med': 15}
[15:47:23] job s06_c7 (craft, craft 7, planbeam): T 2160 d H 360 L 360; plan horizon 3600 d; remaining 174; prize >1 on 59; width 150 npt 6 mc 150 dv 1.2 drmax 0.15 plan_wall 240 s; quota {'fil': 6, 'med': 15}
[15:47:23] job s06_c4 (craft, craft 4, planbeam): T 2160 d H 360 L 360; plan horizon 3600 d; remaining 174; prize >1 on 59; width 150 npt 6 mc 150 dv 1.2 drmax 0.15 plan_wall 240 s; quota {'fil': 6, 'med': 11}
[15:47:23] job s06_c6 (craft, craft 6, planbeam): T 2160 d H 360 L 360; plan horizon 3600 d; remaining 174; prize >1 on 59; width 150 npt 6 mc 150 dv 1.2 drmax 0.15 plan_wall 240 s; quota {'fil': 9, 'med': 13}
[15:47:23] job s06_c0 (craft, craft 0, planbeam): T 2160 d H 360 L 360; plan horizon 3600 d; remaining 175; prize >1 on 60; width 150 npt 6 mc 150 dv 1.2 drmax 0.15 plan_wall 240 s; quota {'fil': 5, 'med': 14}
[15:47:23] prefix slices/s06/in/craft_7.npz: 9 flybys, t_end 1519.3 d, tank 701.1 kg (planner view), miss 11.1 km, nreg 72
[15:47:23] budget: job_wall 300 s, 300 s left before the plan -> plan cap 210 s (plan_wall 240, settle_reserve 90)
[15:47:23] prefix slices/s06/in/craft_2.npz: 16 flybys, t_end 2040.3 d, tank 714.0 kg (planner view), miss 2.8 km, nreg 102
[15:47:23] budget: job_wall 300 s, 300 s left before the plan -> plan cap 210 s (plan_wall 240, settle_reserve 90)
[15:47:23] prefix slices/s06/in/craft_4.npz: 16 flybys, t_end 2102.9 d, tank 758.7 kg (planner view), miss 0.9 km, nreg 103
[15:47:23] budget: job_wall 300 s, 300 s left before the plan -> plan cap 210 s (plan_wall 240, settle_reserve 90)
[15:47:23] prefix slices/s06/in/craft_3.npz: 14 flybys, t_end 1987.7 d, tank 727.2 kg (planner view), miss 81.5 km, nreg 99
[15:47:23] budget: job_wall 300 s, 300 s left before the plan -> plan cap 210 s (plan_wall 240, settle_reserve 90)
[15:47:23] prefix slices/s06/in/craft_5.npz: 15 flybys, t_end 1992.8 d, tank 734.6 kg (planner view), miss 0.7 km, nreg 98
[15:47:23] budget: job_wall 300 s, 300 s left before the plan -> plan cap 210 s (plan_wall 240, settle_reserve 90)
[15:47:23] prefix slices/s06/in/craft_6.npz: 13 flybys, t_end 1996.9 d, tank 808.5 kg (planner view), miss 4.4 km, nreg 96
[15:47:23] budget: job_wall 300 s, 300 s left before the plan -> plan cap 210 s (plan_wall 240, settle_reserve 90)
[15:47:23] prefix slices/s06/in/craft_0.npz: 14 flybys, t_end 2129.9 d, tank 726.7 kg (planner view), miss 0.5 km, nreg 109
[15:47:23] budget: job_wall 300 s, 300 s left before the plan -> plan cap 210 s (plan_wall 240, settle_reserve 90)
[15:47:23] prefix slices/s06/in/craft_1.npz: 18 flybys, t_end 2054.4 d, tank 775.4 kg (planner view), miss 1.3 km, nreg 105
[15:47:23] budget: job_wall 300 s, 300 s left before the plan -> plan cap 210 s (plan_wall 240, settle_reserve 90)
[15:47:38] first level (both): 0 production + 56 relaxed (dv 2.5, 0.3 AU; 0.1 s) + 52 lintwin children -> 85 unique (14.2 s)
[15:47:38] plan start: prefix 14 flybys, t_end 2129.9 d, planner mass 1324.4 kg (dv 7.415 km/s); 85 first-level states
[15:47:39] first level (both): 0 production + 0 relaxed (dv 2.5, 0.3 AU; 0.1 s) + 79 lintwin children -> 79 unique (16.0 s)
[15:47:39] plan start: prefix 9 flybys, t_end 1519.3 d, planner mass 1372.7 kg (dv 6.011 km/s); 79 first-level states
[15:47:40] first level (both): 0 production + 65 relaxed (dv 2.5, 0.3 AU; 0.1 s) + 61 lintwin children -> 92 unique (16.1 s)
[15:47:40] plan start: prefix 14 flybys, t_end 1987.7 d, planner mass 1323.4 kg (dv 7.445 km/s); 92 first-level states
[15:47:40] first level (both): 0 production + 13 relaxed (dv 2.5, 0.3 AU; 0.1 s) + 11 lintwin children -> 19 unique (16.5 s)
[15:47:40] plan start: prefix 13 flybys, t_end 1996.9 d, planner mass 1190.3 kg (dv 11.602 km/s); 19 first-level states
[15:47:40] first level (both): 0 production + 39 relaxed (dv 2.5, 0.3 AU; 0.1 s) + 50 lintwin children -> 70 unique (16.9 s)
[15:47:40] plan start: prefix 16 flybys, t_end 2102.9 d, planner mass 1268.5 kg (dv 9.108 km/s); 70 first-level states
[15:47:41] first level (both): 0 production + 42 relaxed (dv 2.5, 0.3 AU; 0.1 s) + 60 lintwin children -> 76 unique (17.2 s)
[15:47:41] plan start: prefix 16 flybys, t_end 2040.3 d, planner mass 1347.9 kg (dv 6.725 km/s); 76 first-level states
[15:47:41] first level (both): 0 production + 42 relaxed (dv 2.5, 0.3 AU; 0.1 s) + 75 lintwin children -> 94 unique (17.2 s)
[15:47:41] plan start: prefix 15 flybys, t_end 1992.8 d, planner mass 1310.1 kg (dv 7.841 km/s); 94 first-level states
[15:47:43] first level (both): 0 production + 40 relaxed (dv 2.5, 0.3 AU; 0.1 s) + 67 lintwin children -> 89 unique (19.2 s)
[15:47:43] plan start: prefix 18 flybys, t_end 2054.4 d, planner mass 1241.1 kg (dv 9.962 km/s); 89 first-level states
[15:48:23] plan: 730 states, depth 7 new flybys, end plan_done (60 s); deepest 7 new to 3455 d at planner fuel 584 kg
[15:48:23]   depth  1:   19 states (9 in H), t_end 2243-2783 d, fuel 437-493 kg
[15:48:23]   depth  2:   93 states (10 in H), t_end 2447-3235 d, fuel 449-527 kg
[15:48:23]   depth  3:  150 states (0 in H), t_end 2560-3518 d, fuel 458-553 kg
[15:48:23]   depth  4:  150 states (0 in H), t_end 2865-3596 d, fuel 473-581 kg
[15:48:23]   depth  5:  150 states (0 in H), t_end 2990-3599 d, fuel 494-593 kg
[15:48:23]   depth  6:  150 states (0 in H), t_end 3245-3599 d, fuel 529-622 kg
[15:48:23]   depth  7:   18 states (0 in H), t_end 3454-3590 d, fuel 584-636 kg
[15:48:23] candidates: 8 distinct committed target sets (n_new 1-2, potential 1-3)
[15:48:23] frontier: 8 candidates chosen (n fb / committed planner kg / continuation (lookahead) [full]; pot_mode lookahead, pot_cap None): 1fb/446kg/p2(2)[2], 1fb/453kg/p2(2)[2], 1fb/476kg/p3(3)[3], 1fb/485kg/p2(2)[2], 1fb/487kg/p1(1)[1], 2fb/483kg/p1(1)[1], 2fb/492kg/p1(1)[1], 2fb/504kg/p1(1)[1]
[15:48:23] budget: 240 s of 300 left for the settles + regrids (settle_wall 480)
[15:48:26]     settle 14:  56 @   2410 d -> ok lintwin tank 818.3 (+9.8) miss 44 km (2.4 s)
[15:48:26] plan: 840 states, depth 8 new flybys, end plan_done (63 s); deepest 8 new to 3532 d at planner fuel 530 kg
[15:48:26]   depth  1:   85 states (49 in H), t_end 2271-2792 d, fuel 284-374 kg
[15:48:26]   depth  2:  150 states (12 in H), t_end 2350-3239 d, fuel 310-408 kg
[15:48:26]   depth  3:  150 states (0 in H), t_end 2639-3505 d, fuel 333-431 kg
[15:48:26]   depth  4:  150 states (0 in H), t_end 2888-3597 d, fuel 342-460 kg
[15:48:26]   depth  5:  150 states (0 in H), t_end 3130-3598 d, fuel 354-493 kg
[15:48:26]   depth  6:  130 states (0 in H), t_end 3266-3600 d, fuel 403-517 kg
[15:48:26]   depth  7:   22 states (0 in H), t_end 3379-3598 d, fuel 444-547 kg
[15:48:26]   depth  8:    3 states (0 in H), t_end 3524-3532 d, fuel 530-537 kg
[15:48:26] candidates: 25 distinct committed target sets (n_new 1-2, potential 0-2)
[15:48:26] frontier: 16 candidates chosen (n fb / committed planner kg / continuation (lookahead) [full]; pot_mode lookahead, pot_cap None): 1fb/284kg/p2(2)[2], 1fb/291kg/p2(2)[2], 1fb/310kg/p1(1)[1], 1fb/315kg/p2(2)[2], 1fb/320kg/p2(2)[2], 1fb/324kg/p1(1)[1], 1fb/327kg/p1(1)[1], 1fb/327kg/p1(1)[1], 1fb/328kg/p1(0)[1], 1fb/334kg/p1(1)[1], 1fb/341kg/p2(1)[2], 1fb/343kg/p2(2)[2], 1fb/357kg/p1(1)[1], 2fb/367kg/p1(1)[1], 2fb/368kg/p0(0)[0], 2fb/378kg/p1(1)[1]
[15:48:26] budget: 237 s of 300 left for the settles + regrids (settle_wall 480)
[15:48:27]     settle 15: 249 @   2375 d -> ok lintwin tank 731.2 (+4.5) miss 49 km (1.4 s)
[15:48:28] plan: 877 states, depth 8 new flybys, end plan_done (64 s); deepest 8 new to 3597 d at planner fuel 509 kg
[15:48:28]   depth  1:   70 states (35 in H), t_end 2190-2796 d, fuel 338-420 kg
[15:48:28]   depth  2:  150 states (29 in H), t_end 2366-3240 d, fuel 365-453 kg
[15:48:28]   depth  3:  150 states (0 in H), t_end 2587-3548 d, fuel 394-486 kg
[15:48:28]   depth  4:  150 states (0 in H), t_end 2798-3597 d, fuel 429-513 kg
[15:48:28]   depth  5:  150 states (0 in H), t_end 3096-3599 d, fuel 439-534 kg
[15:48:28]   depth  6:  150 states (0 in H), t_end 3268-3600 d, fuel 465-541 kg
[15:48:28]   depth  7:   53 states (0 in H), t_end 3392-3598 d, fuel 484-550 kg
[15:48:28]   depth  8:    4 states (0 in H), t_end 3593-3597 d, fuel 509-528 kg
[15:48:28] candidates: 39 distinct committed target sets (n_new 1-2, potential 0-2)
[15:48:28] frontier: 16 candidates chosen (n fb / committed planner kg / continuation (lookahead) [full]; pot_mode lookahead, pot_cap None): 1fb/338kg/p1(1)[1], 1fb/354kg/p0(0)[0], 1fb/355kg/p1(0)[1], 1fb/357kg/p1(1)[1], 1fb/359kg/p1(0)[1], 1fb/369kg/p1(0)[1], 1fb/373kg/p2(2)[2], 1fb/384kg/p3(2)[3], 1fb/388kg/p2(2)[2], 1fb/405kg/p1(1)[1], 1fb/409kg/p2(1)[2], 1fb/413kg/p2(2)[2], 2fb/372kg/p0(0)[0], 2fb/377kg/p0(0)[0], 2fb/398kg/p2(2)[2], 2fb/411kg/p2(2)[2]
[15:48:28] budget: 236 s of 300 left for the settles + regrids (settle_wall 480)
[15:48:28]     settle 14: 142 @   2252 d -> ok lintwin tank 833.5 (+25.0) miss 43 km (1.7 s)
[15:48:28]     settle 17: 296 @   2464 d -> ok lintwin tank 762.7 (+4.0) miss 64 km (0.3 s)
[15:48:28] plan: 918 states, depth 8 new flybys, end plan_done (65 s); deepest 8 new to 3587 d at planner fuel 433 kg
[15:48:28]   depth  1:   92 states (58 in H), t_end 2171-2845 d, fuel 286-373 kg
[15:48:28]   depth  2:  150 states (56 in H), t_end 2271-3239 d, fuel 309-409 kg
[15:48:28]   depth  3:  150 states (4 in H), t_end 2484-3483 d, fuel 318-439 kg
[15:48:28]   depth  4:  150 states (0 in H), t_end 2760-3555 d, fuel 348-472 kg
[15:48:28]   depth  5:  150 states (0 in H), t_end 3059-3564 d, fuel 379-498 kg
[15:48:28]   depth  6:  150 states (0 in H), t_end 3344-3596 d, fuel 385-526 kg
[15:48:28]   depth  7:   62 states (0 in H), t_end 3393-3595 d, fuel 413-558 kg
[15:48:28]   depth  8:   14 states (0 in H), t_end 3581-3596 d, fuel 433-517 kg
[15:48:28] candidates: 64 distinct committed target sets (n_new 1-3, potential 0-2)
[15:48:28] frontier: 16 candidates chosen (n fb / committed planner kg / continuation (lookahead) [full]; pot_mode lookahead, pot_cap None): 1fb/287kg/p0(0)[0], 1fb/294kg/p2(1)[2], 1fb/295kg/p3(2)[3], 1fb/297kg/p3(2)[3], 1fb/300kg/p2(2)[2], 1fb/309kg/p2(2)[2], 1fb/314kg/p2(2)[2], 1fb/337kg/p2(2)[2], 1fb/339kg/p2(1)[2], 1fb/368kg/p3(1)[3], 2fb/311kg/p2(2)[2], 2fb/316kg/p1(0)[1], 2fb/316kg/p1(1)[1], 2fb/325kg/p2(2)[2], 3fb/336kg/p0(0)[0], 3fb/429kg/p1(1)[1]
[15:48:28] budget: 235 s of 300 left for the settles + regrids (settle_wall 480)
[15:48:29]     settle 17:  93 @   2481 d -> ok lintwin tank 772.3 (+13.6) miss 1 km (0.4 s)
[15:48:29]     settle 15: 229 @   2452 d -> ok lintwin tank 734.8 (+8.2) miss 22 km (0.8 s)
[15:48:29]     settle 17:  98 @   2225 d -> ok lintwin tank 772.9 (+14.2) miss 0 km (0.4 s)
[15:48:30]     settle 15: 143 @   2446 d -> ok lintwin tank 741.6 (+14.4) miss 68 km (1.8 s)
[15:48:30]     settle 14:  54 @   2243 d -> ok lintwin tank 839.3 (+30.7) miss 61 km (1.8 s)
[15:48:30]     settle 15: 221 @   2446 d -> ok lintwin tank 745.8 (+19.1) miss 28 km (0.9 s)
[15:48:31]     settle 15: 104 @   2214 d -> ok lintwin tank 742.7 (+15.5) miss 31 km (0.6 s)
[15:48:33]     settle 17:  88 @   2503 d -> ok lintwin tank 804.4 (+45.7) miss 67 km (3.4 s)
[15:48:34]     settle 15:  18 @   2404 d -> ok lintwin tank 744.9 (+18.2) miss 16 km (3.3 s)
[15:48:34]     settle 15: 142 @   2192 d -> ok lintwin tank 750.1 (+22.9) miss 81 km (2.5 s)
[15:48:34]     settle 17: 267 @   2398 d -> ok lintwin tank 775.7 (+17.0) miss 34 km (0.5 s)
[15:48:35]     settle 14: 299 @   2421 d -> ok lintwin tank 857.8 (+49.2) miss 7 km (4.2 s)
[15:48:35] plan: 1063 states, depth 10 new flybys, end plan_done (71 s); deepest 10 new to 3587 d at planner fuel 537 kg
[15:48:35]   depth  1:   79 states (44 in H), t_end 2165-2807 d, fuel 227-327 kg
[15:48:35]   depth  2:  150 states (52 in H), t_end 2273-3214 d, fuel 234-357 kg
[15:48:35]   depth  3:  150 states (1 in H), t_end 2450-3308 d, fuel 254-388 kg
[15:48:35]   depth  4:  150 states (0 in H), t_end 2675-3582 d, fuel 274-415 kg
[15:48:35]   depth  5:  150 states (0 in H), t_end 2841-3596 d, fuel 306-419 kg
[15:48:35]   depth  6:  150 states (0 in H), t_end 3011-3591 d, fuel 339-447 kg
[15:48:35]   depth  7:  150 states (0 in H), t_end 3175-3597 d, fuel 356-464 kg
[15:48:35]   depth  8:   69 states (0 in H), t_end 3315-3596 d, fuel 401-494 kg
[15:48:35]   depth  9:   14 states (0 in H), t_end 3421-3593 d, fuel 446-523 kg
[15:48:35]   depth 10:    1 states (0 in H), t_end 3587-3587 d, fuel 537-537 kg
[15:48:35] candidates: 78 distinct committed target sets (n_new 1-3, potential 0-3)
[15:48:35] frontier: 16 candidates chosen (n fb / committed planner kg / continuation (lookahead) [full]; pot_mode lookahead, pot_cap None): 1fb/227kg/p3(2)[3], 1fb/227kg/p3(1)[3], 1fb/227kg/p2(2)[2], 1fb/227kg/p2(2)[2], 1fb/234kg/p4(3)[4], 1fb/236kg/p2(2)[2], 1fb/236kg/p3(2)[3], 1fb/259kg/p3(2)[3], 1fb/279kg/p2(2)[2], 1fb/285kg/p2(1)[2], 1fb/299kg/p2(2)[2], 2fb/246kg/p0(0)[0], 2fb/246kg/p2(2)[2], 2fb/262kg/p2(1)[2], 2fb/271kg/p3(3)[3], 3fb/304kg/p1(1)[1]
[15:48:35] budget: 229 s of 300 left for the settles + regrids (settle_wall 480)
[15:48:35]     settle 15:  39 @   2480 d -> ok lintwin tank 751.6 (+25.0) miss 82 km (1.1 s)
[15:48:36]     settle 15:  14 @   2261 d -> ok lintwin tank 742.2 (+15.0) miss 73 km (1.8 s)
[15:48:37]     settle 17: 102 @   2376 d -> ok lintwin tank 820.0 (+61.3) miss 4 km (2.5 s)
[15:48:38] plan: 970 states, depth 9 new flybys, end plan_done (75 s); deepest 9 new to 3474 d at planner fuel 589 kg
[15:48:38]   depth  1:   89 states (49 in H), t_end 2184-2825 d, fuel 365-450 kg
[15:48:38]   depth  2:  150 states (50 in H), t_end 2337-3385 d, fuel 383-487 kg
[15:48:38]   depth  3:  150 states (8 in H), t_end 2402-3493 d, fuel 410-521 kg
[15:48:38]   depth  4:  150 states (2 in H), t_end 2482-3530 d, fuel 436-554 kg
[15:48:38]   depth  5:  150 states (0 in H), t_end 2739-3571 d, fuel 460-583 kg
[15:48:38]   depth  6:  150 states (0 in H), t_end 2909-3595 d, fuel 505-616 kg
[15:48:38]   depth  7:   96 states (0 in H), t_end 3090-3598 d, fuel 537-636 kg
[15:48:38]   depth  8:   31 states (0 in H), t_end 3384-3555 d, fuel 552-614 kg
[15:48:38]   depth  9:    4 states (0 in H), t_end 3474-3521 d, fuel 589-643 kg
[15:48:38] candidates: 58 distinct committed target sets (n_new 1-4, potential 0-2)
[15:48:38] frontier: 16 candidates chosen (n fb / committed planner kg / continuation (lookahead) [full]; pot_mode lookahead, pot_cap None): 1fb/371kg/p1(1)[1], 1fb/376kg/p1(0)[1], 1fb/376kg/p3(1)[3], 1fb/379kg/p4(1)[4], 1fb/380kg/p2(1)[2], 1fb/400kg/p2(2)[2], 1fb/415kg/p2(1)[2], 1fb/417kg/p2(2)[2], 1fb/441kg/p3(1)[3], 2fb/383kg/p0(0)[0], 2fb/391kg/p0(0)[0], 2fb/419kg/p3(1)[3], 3fb/420kg/p1(1)[1], 3fb/443kg/p0(0)[0], 3fb/461kg/p2(1)[2], 4fb/482kg/p1(1)[1]
[15:48:38] budget: 225 s of 300 left for the settles + regrids (settle_wall 480)
[15:48:39] plan: 992 states, depth 8 new flybys, end plan_done (75 s); deepest 8 new to 3592 d at planner fuel 458 kg
[15:48:39]   depth  1:   76 states (40 in H), t_end 2186-2816 d, fuel 259-351 kg
[15:48:39]   depth  2:  150 states (26 in H), t_end 2392-3033 d, fuel 274-391 kg
[15:48:39]   depth  3:  150 states (0 in H), t_end 2570-3468 d, fuel 307-424 kg
[15:48:39]   depth  4:  150 states (0 in H), t_end 2810-3596 d, fuel 322-397 kg
[15:48:39]   depth  5:  150 states (0 in H), t_end 3018-3598 d, fuel 334-411 kg
[15:48:39]   depth  6:  150 states (0 in H), t_end 3200-3598 d, fuel 339-447 kg
[15:48:39]   depth  7:  142 states (0 in H), t_end 3418-3598 d, fuel 390-485 kg
[15:48:39]   depth  8:   24 states (0 in H), t_end 3468-3597 d, fuel 458-522 kg
[15:48:39]     settle 15: 175 @   2516 d -> ok lintwin tank 749.5 (+22.9) miss 11 km (2.2 s)
[15:48:39]   drift: leg 175@2516 d settled outside (T, T+H] -> column cut at 0
[15:48:39] candidates: 39 distinct committed target sets (n_new 1-2, potential 0-2)
[15:48:39] frontier: 16 candidates chosen (n fb / committed planner kg / continuation (lookahead) [full]; pot_mode lookahead, pot_cap None): 1fb/266kg/p1(1)[1], 1fb/267kg/p3(2)[3], 1fb/277kg/p1(1)[1], 1fb/283kg/p1(1)[1], 1fb/283kg/p1(1)[1], 1fb/284kg/p1(1)[1], 1fb/286kg/p2(1)[2], 1fb/286kg/p2(2)[2], 1fb/288kg/p1(1)[1], 1fb/296kg/p1(0)[1], 1fb/313kg/p2(1)[2], 1fb/342kg/p2(1)[2], 1fb/350kg/p2(1)[2], 2fb/292kg/p0(0)[0], 2fb/297kg/p1(1)[1], 2fb/300kg/p2(2)[2]
[15:48:39] budget: 225 s of 300 left for the settles + regrids (settle_wall 480)
[15:48:40]     settle 17: 156 @   2453 d -> ok lintwin tank 719.7 (+5.7) miss 18 km (0.9 s)
[15:48:40]     settle 15: 106 @   2369 d -> ok lintwin tank 736.4 (+9.2) miss 77 km (2.7 s)
[15:48:40]     settle 14:  52 @   2519 d -> ok lam tank 844.5 (+36.0) miss 2 km (4.0 s)
[15:48:40]     settle 17: 129 @   2345 d -> ok lintwin tank 789.9 (+31.2) miss 65 km (2.3 s)
[15:48:41]     settle 17: 261 @   2284 d -> ok lintwin tank 721.7 (+7.7) miss 29 km (0.5 s)
[15:48:41]     settle 19: 221 @   2519 d -> ok lintwin tank 786.7 (+11.3) miss 23 km (2.4 s)
[15:48:42]     settle 17:  63 @   2454 d -> ok lintwin tank 727.0 (+13.0) miss 11 km (0.6 s)
[15:48:42]     settle 15: 246 @   2215 d -> ok lintwin tank 750.6 (+23.4) miss 66 km (2.2 s)
[15:48:42] plan: 1149 states, depth 10 new flybys, end plan_done (79 s); deepest 10 new to 3570 d at planner fuel 546 kg
[15:48:42]   depth  1:   94 states (46 in H), t_end 2171-2789 d, fuel 295-386 kg
[15:48:42]   depth  2:  150 states (29 in H), t_end 2283-3290 d, fuel 308-426 kg
[15:48:42]   depth  3:  150 states (7 in H), t_end 2377-3307 d, fuel 322-442 kg
[15:48:42]   depth  4:  150 states (2 in H), t_end 2482-3522 d, fuel 366-477 kg
[15:48:42]   depth  5:  150 states (0 in H), t_end 2652-3566 d, fuel 391-508 kg
[15:48:42]   depth  6:  150 states (0 in H), t_end 2753-3591 d, fuel 416-510 kg
[15:48:42]   depth  7:  150 states (0 in H), t_end 2963-3599 d, fuel 467-544 kg
[15:48:42]   depth  8:  111 states (0 in H), t_end 3155-3598 d, fuel 486-566 kg
[15:48:42]   depth  9:   34 states (0 in H), t_end 3401-3599 d, fuel 521-594 kg
[15:48:42]   depth 10:   10 states (0 in H), t_end 3506-3570 d, fuel 546-583 kg
[15:48:42] candidates: 49 distinct committed target sets (n_new 1-4, potential 0-2)
[15:48:42] frontier: 16 candidates chosen (n fb / committed planner kg / continuation (lookahead) [full]; pot_mode lookahead, pot_cap None): 1fb/295kg/p2(1)[2], 1fb/305kg/p2(1)[2], 1fb/319kg/p2(1)[2], 1fb/319kg/p2(2)[2], 1fb/325kg/p2(1)[2], 1fb/334kg/p5(2)[5], 1fb/338kg/p2(1)[2], 1fb/349kg/p3(2)[3], 2fb/312kg/p1(1)[1], 2fb/330kg/p0(0)[0], 2fb/360kg/p3(2)[3], 2fb/366kg/p4(2)[4], 3fb/392kg/p0(0)[0], 3fb/393kg/p2(2)[2], 3fb/406kg/p3(2)[3], 4fb/440kg/p2(2)[2]
[15:48:42] budget: 221 s of 300 left for the settles + regrids (settle_wall 480)
[15:48:43]     settle 16: 246 @   2187 d -> ok lintwin tank 737.3 (+2.7) miss 13 km (0.5 s)
[15:48:44]     settle 16: 103 @   2171 d -> ok lintwin tank 743.1 (+8.5) miss 20 km (0.4 s)
[15:48:44]     settle 14: 142 @   2257 d -> ok lintwin tank 832.9 (+24.4) miss 36 km (3.2 s)
[15:48:45]     settle 15: 258 @   2446 d -> ok lintwin tank 748.5 (+21.8) miss 14 km (6.1 s)
[15:48:45]     settle 15:  31 @   2308 d -> ok lintwin tank 738.7 (+11.5) miss 65 km (2.2 s)
[15:48:45]     settle 17: 123 @   2456 d -> ok lintwin tank 732.1 (+18.1) miss 13 km (3.1 s)
[15:48:45]     settle 16: 269 @   2291 d -> ok lintwin tank 755.8 (+21.2) miss 7 km (0.9 s)
[15:48:46]     settle 16: 271 @   2381 d -> ok lintwin tank 750.9 (+16.3) miss 62 km (0.3 s)
[15:48:47]     settle 19: 283 @   2323 d -> ok lintwin tank 847.2 (+71.7) miss 70 km (5.5 s)
[15:48:47]     settle 17: 216 @   2368 d -> ok lintwin tank 786.6 (+27.9) miss 81 km (5.6 s)
[15:48:47]     settle 16:   9 @   2194 d -> ok lintwin tank 760.9 (+26.3) miss 15 km (0.6 s)
[15:48:47]     settle 17: 296 @   2465 d -> ok lintwin tank 728.4 (+14.4) miss 14 km (1.6 s)
[15:48:47]     settle 15: 258 @   2447 d -> ok lam tank 847.5 (+14.5) miss 1 km (2.9 s)
[15:48:48]     settle 15: 172 @   2222 d -> ok lintwin tank 756.7 (+29.5) miss 77 km (2.4 s)
[15:48:48]     settle 19: 210 @   2223 d -> ok lintwin tank 784.6 (+9.1) miss 24 km (0.5 s)
[15:48:48]     settle 16: 109 @   2188 d -> ok lintwin tank 754.0 (+19.4) miss 10 km (0.8 s)
[15:48:48]     settle 17: 267 @   2398 d -> ok lintwin tank 730.4 (+16.4) miss 8 km (0.7 s)
[15:48:49]     settle 15: 241 @   2197 d -> ok lintwin tank 766.5 (+39.3) miss 10 km (0.9 s)
[15:48:49]     settle 17:  22 @   2504 d -> ok lintwin tank 797.6 (+38.9) miss 24 km (1.8 s)
[15:48:49]     settle 19: 296 @   2274 d -> ok lintwin tank 811.3 (+35.9) miss 74 km (1.2 s)
[15:48:49]     settle 17: 129 @   2347 d -> ok lintwin tank 731.5 (+17.6) miss 6 km (0.4 s)
[15:48:49]     settle 15: 286 @   2428 d -> ok lintwin tank 748.1 (+21.4) miss 25 km (4.2 s)
[15:48:51]     settle 19: 220 @   2265 d -> ok lintwin tank 799.8 (+24.4) miss 22 km (0.7 s)
[15:48:51]     settle 15: 193 @   2171 d -> ok lintwin tank 787.4 (+60.2) miss 23 km (1.4 s)
[15:48:51]     settle 16: 106 @   2359 d -> ok lintwin tank 768.9 (+34.3) miss 4 km (2.4 s)
[15:48:52]     settle 19: 286 @   2437 d -> ok lintwin tank 804.2 (+28.8) miss 40 km (0.5 s)
[15:48:52]     settle 17: 187 @   2508 d -> ok lintwin tank 727.4 (+13.4) miss 5 km (2.4 s)
[15:48:53]     settle 15: 283 @   2327 d -> ok lintwin tank 763.1 (+36.5) miss 63 km (2.8 s)
[15:48:53]     settle 15: 181 @   2518 d -> ok lintwin tank 843.1 (+3.9) miss 24 km (4.8 s)
[15:48:53]   drift: leg 181@2518 d settled outside (T, T+H] -> column cut at 1
[15:48:54]     settle 17: 216 @   2369 d -> ok lintwin tank 731.3 (+17.3) miss 49 km (1.0 s)
[15:48:54]     settle 16:  31 @   2310 d -> ok lintwin tank 753.1 (+10.9) miss 72 km (2.6 s)
[15:48:54]     settle 17: 156 @   2458 d -> ok lintwin tank 780.1 (+21.4) miss 69 km (4.5 s)
[15:48:55]     settle 17:   8 @   2186 d -> ok lintwin tank 745.2 (+31.2) miss 86 km (0.9 s)
[15:48:55]     settle 16: 229 @   2224 d -> ok lintwin tank 808.0 (+73.4) miss 63 km (3.4 s)
[15:48:56]     settle 17:  98 @   2248 d -> ok lintwin tank 746.9 (+32.9) miss 54 km (0.3 s)
[15:48:56]     settle 17: 103 @   2497 d -> ok lintwin tank 742.3 (+5.0) miss 15 km (0.4 s)
[15:48:56]     settle 19: 106 @   2367 d -> ok lintwin tank 852.6 (+77.1) miss 63 km (4.5 s)
[15:48:57]     settle 15: 299 @   2478 d -> ok lintwin tank 840.3 (+1.0) miss 62 km (3.5 s)
[15:48:57]     settle 16: 143 @   2446 d -> ok lintwin tank 752.4 (+10.2) miss 78 km (2.6 s)
[15:48:57]     settle 17: 161 @   2271 d -> ok lintwin tank 789.0 (+30.3) miss 71 km (2.2 s)
[15:48:57]   1 candidates dropped (settle failure / regrid failure / duplicate after truncation)
[15:48:57] RESULT s06_c6: 7 columns; frontier 1fb 9 kg p2/3 | 2fb 32 kg p1/1; settles 9 (9 ok), regrids 7 (7 ok); wall 94 s of 300 (plan 60, price 0, settle 34; budget hit None, 0 unsettled)
[15:48:57]     settle 17: 194 @   2339 d -> ok lintwin tank 745.4 (+2.2) miss 20 km (0.6 s)
[15:48:58]   job s06_c6 craft columns   7  levels 7  settles 9/9  end plan_done  wall 93.6 s
[15:48:58]     settle 19: 224 @   2414 d -> ok lintwin tank 793.6 (+18.2) miss 17 km (0.7 s)
[15:48:58]     settle 17: 271 @   2376 d -> ok lintwin tank 769.6 (+15.7) miss 34 km (0.6 s)
[15:48:58]     settle 15:  70 @   2519 d -> ok lintwin tank 765.2 (+38.5) miss 0 km (4.8 s)
[15:48:58]   drift: leg 70@2519 d settled outside (T, T+H] -> column cut at 0
[15:48:59]     settle 17: 123 @   2346 d -> ok lintwin tank 797.2 (+38.5) miss 48 km (1.3 s)
[15:48:59]     settle 17:  59 @   2266 d -> ok lintwin tank 776.3 (+62.3) miss 71 km (2.9 s)
[15:48:59]     settle 17: 269 @   2293 d -> ok lintwin tank 770.5 (+16.5) miss 70 km (0.6 s)
[15:48:59]     settle 16: 175 @   2515 d -> ok lintwin tank 756.5 (+5.9) miss 82 km (2.0 s)
[15:49:00]     settle 16: 103 @   2183 d -> ok lintwin tank 743.0 (+8.4) miss 12 km (0.5 s)
[15:49:00]     settle 15: 273 @   2285 d -> ok lintwin tank 758.6 (+31.9) miss 60 km (2.2 s)
[15:49:01]     settle 17: 179 @   2328 d -> ok lintwin tank 757.5 (+43.5) miss 28 km (1.3 s)
[15:49:01]     settle 17: 283 @   2348 d -> ok lintwin tank 757.8 (+14.8) miss 9 km (0.8 s)
[15:49:01]     settle 19:   9 @   2184 d -> ok lintwin tank 886.5 (+111.1) miss 20 km (2.7 s)
[15:49:01]     settle 18:  39 @   2477 d -> ok lintwin tank 773.5 (+15.7) miss 12 km (0.3 s)
[15:49:01]     settle 18: 296 @   2462 d -> ok lintwin tank 780.6 (+7.7) miss 66 km (2.3 s)
[15:49:01]     settle 18:  93 @   2480 d -> ok lintwin tank 732.0 (+10.3) miss 53 km (0.4 s)
[15:49:02]     settle 20: 221 @   2516 d -> ok lintwin tank 804.4 (+4.6) miss 10 km (0.3 s)
[15:49:02]     settle 18: 296 @   2464 d -> ok lintwin tank 734.4 (+12.7) miss 16 km (0.6 s)
[15:49:02]     settle 16: 109 @   2183 d -> ok lintwin tank 754.0 (+19.4) miss 4 km (1.1 s)
[15:49:04]     settle 17: 269 @   2286 d -> ok lintwin tank 770.5 (+16.5) miss 88 km (1.1 s)
[15:49:04]     settle 16:  31 @   2310 d -> ok lintwin tank 769.1 (+19.0) miss 97 km (4.1 s)
[15:49:04]     settle 18: 187 @   2509 d -> ok lintwin tank 728.8 (+7.1) miss 4 km (0.8 s)
[15:49:04]     settle 18: 103 @   2480 d -> ok lintwin tank 779.6 (+9.1) miss 33 km (0.3 s)
[15:49:04]     settle 18:  65 @   2469 d -> ok lintwin tank 784.6 (+11.6) miss 71 km (2.4 s)
[15:49:04] RESULT s06_c2: 16 columns; frontier 1fb 6 kg p1/2 | 2fb 15 kg p2/2; settles 16 (16 ok), regrids 16 (16 ok); wall 101 s of 300 (plan 75, price 1, settle 26; budget hit None, 0 unsettled)
[15:49:05]     settle 18: 271 @   2377 d -> ok lintwin tank 773.3 (+2.8) miss 40 km (0.4 s)
[15:49:05]     settle 19: 103 @   2482 d -> ok lintwin tank 781.7 (+8.4) miss 9 km (0.3 s)
[15:49:06]   job s06_c2 craft columns  16  levels 8  settles 16/16  end plan_done  wall 100.9 s
[15:49:06] RESULT s06_c5: 16 columns; frontier 1fb 3 kg p1/2 | 2fb 8 kg p1/2 | 3fb 38 kg p2/2 | 4fb 47 kg p2/2; settles 20 (20 ok), regrids 16 (16 ok); wall 102 s of 300 (plan 79, price 1, settle 23; budget hit None, 0 unsettled)
[15:49:06]     settle 15:  43 @   2345 d -> ok lintwin tank 755.7 (+29.0) miss 80 km (4.8 s)
[15:49:06]     settle 17: 175 @   2503 d -> ok lintwin tank 762.7 (+10.3) miss 65 km (1.8 s)
[15:49:06]     settle 18:  63 @   2454 d -> ok lintwin tank 790.7 (+4.2) miss 72 km (1.6 s)
[15:49:06]     settle 10: 101 @   2207 d -> FAIL [('lin', 281.7), ('lam', 11874.6)] (31.4 s)
[15:49:06]     settle 20: 221 @   2513 d -> ok lintwin tank 872.6 (+25.4) miss 64 km (4.6 s)
[15:49:07]     settle 16: 229 @   2441 d -> ok lintwin tank 793.0 (+5.5) miss 57 km (0.4 s)
[15:49:07]     settle 17:  39 @   2485 d -> ok lintwin tank 796.2 (+3.3) miss 2 km (0.3 s)
[15:49:07] RESULT s06_c3: 16 columns; frontier 1fb 9 kg p2/2 | 2fb 25 kg p0/2 | 3fb 35 kg p0/1; settles 17 (17 ok), regrids 16 (16 ok); wall 104 s of 300 (plan 65, price 1, settle 39; budget hit None, 0 unsettled)
[15:49:08]   job s06_c3 craft columns  16  levels 8  settles 17/17  end plan_done  wall 104.0 s
[15:49:08]   job s06_c5 craft columns  16  levels 10  settles 20/20  end plan_done  wall 102.3 s
[15:49:09]     settle 18: 156 @   2454 d -> ok lintwin tank 802.1 (+15.5) miss 78 km (2.8 s)
[15:49:10] RESULT s06_c4: 16 columns; frontier 1fb 4 kg p1/2 | 2fb 22 kg p0/2; settles 16 (16 ok), regrids 16 (16 ok); wall 106 s of 300 (plan 64, price 1, settle 42; budget hit None, 0 unsettled)
[15:49:10]   job s06_c4 craft columns  16  levels 8  settles 16/16  end plan_done  wall 106.2 s
[15:49:10]     settle 15: 274 @   2404 d -> ok lintwin tank 756.3 (+29.7) miss 5 km (3.5 s)
[15:49:11]     settle 15: 249 @   2370 d -> ok lintwin tank 731.1 (+4.4) miss 44 km (0.6 s)
[15:49:11]     settle 20:  43 @   2337 d -> ok lintwin tank 848.6 (+37.3) miss 0 km (3.8 s)
[15:49:12]     settle 20: 107 @   2397 d -> ok lintwin tank 798.8 (+14.2) miss 18 km (0.4 s)
[15:49:12]     settle 16: 229 @   2455 d -> ok lintwin tank 748.6 (+17.5) miss 77 km (1.4 s)
[15:49:13]     settle 21: 224 @   2478 d -> ok lintwin tank 801.9 (+3.1) miss 3 km (0.4 s)
[15:49:13]     settle 20: 107 @   2393 d -> ok lintwin tank 798.7 (+14.2) miss 32 km (0.5 s)
[15:49:14]     settle 21: 221 @   2517 d -> ok lintwin tank 805.5 (+6.8) miss 8 km (0.5 s)
[15:49:16]     settle 16: 175 @   2519 d -> ok lintwin tank 782.2 (+19.0) miss 71 km (3.2 s)
[15:49:17]     settle 16:  43 @   2350 d -> ok lintwin tank 766.9 (+8.3) miss 92 km (0.5 s)
[15:49:17]   2 candidates dropped (settle failure / regrid failure / duplicate after truncation)
[15:49:17] RESULT s06_c0: 14 columns; frontier 1fb 4 kg p2/2 | 2fb 22 kg p1/1; settles 17 (17 ok), regrids 14 (14 ok); wall 114 s of 300 (plan 63, price 1, settle 51; budget hit None, 0 unsettled)
[15:49:18]   job s06_c0 craft columns  14  levels 8  settles 17/17  end plan_done  wall 113.6 s
[15:49:18]     settle 21: 107 @   2402 d -> ok lintwin tank 857.3 (+8.6) miss 57 km (3.3 s)
[15:49:21]     settle 22: 224 @   2486 d -> ok lintwin tank 899.8 (+42.5) miss 74 km (2.5 s)
[15:49:21] RESULT s06_c1: 16 columns; frontier 1fb 9 kg p1/2 | 2fb 29 kg p0/1 | 3fb 26 kg p1/1 | 4fb 124 kg p1/1; settles 18 (18 ok), regrids 16 (16 ok); wall 118 s of 300 (plan 75, price 1, settle 43; budget hit None, 0 unsettled)
[15:49:22]   job s06_c1 craft columns  16  levels 9  settles 18/18  end plan_done  wall 117.6 s
[15:49:28]     settle 10: 172 @   2230 d -> FAIL [('lin', 809.5), ('lam', 4785.3)] (22.1 s)
[15:49:40]     settle 10: 217 @   2362 d -> FAIL [('lam', 459.5)] (11.2 s)
[15:49:50]     settle 10: 161 @   2285 d -> FAIL [('lam', 13607.9)] (10.2 s)
[15:50:17]     settle 10: 139 @   2298 d -> FAIL [('lin', 15531.7), ('lam', 78894.8)] (26.6 s)
[15:50:28]     settle 10: 216 @   2372 d -> FAIL [('lam', 6927.8)] (11.6 s)
[15:50:40]     settle 10:  37 @   2203 d -> FAIL [('lam', 5890.2)] (11.2 s)
[15:50:49]     settle 10:  59 @   2222 d -> FAIL [('lam', 33031.7)] (9.3 s)
[15:50:59]     settle 10:   4 @   2421 d -> FAIL [('lam', 1129.6)] (10.4 s)
[15:51:09]     settle 10: 241 @   2195 d -> FAIL [('lam', 23856.1)] (9.4 s)
[15:51:32]     settle 10: 129 @   2343 d -> FAIL [('lam', 14616.6)] (23.7 s)
[15:51:32]   16 candidates dropped (settle failure / regrid failure / duplicate after truncation)
[15:51:32] RESULT s06_c7: 0 columns; frontier ; settles 20 (0 ok), regrids 0 (0 ok); wall 249 s of 300 (plan 71, price 0, settle 178; budget hit None, 0 unsettled)
[15:51:34]   job s06_c7 craft columns   0  levels 10  settles 0/20  end plan_done  wall 249.0 s
[15:51:34] [slice 6] propose: 101 columns (0 bad dropped) in 250.5 s
[15:51:34] [slice 6] auction: 101 columns, kept 100, dropped {'ramp': 1}; lam 1.00 H_eff 360 d fuel budget 322 kg quota on
[15:51:34] [slice 6] auction: status optimal objective 22.060 vars 100 rows 47 chosen 7 fuel 199/322 kg (0.009 s)
[15:51:36] [slice 6] claims: c0:1 c1:1 c2:2 c3:2 c4:1 c5:2 c6:1  (10 targets: 0 kept, 10 new; 9 released, 0 expired (ttl 6), 1 conflicts)
[15:51:36] [slice 6 T=2160 d] launched 8/8  covered 132  remaining 166  fuel 1345 kg  sumJi 9.0829  chosen: c0:2(+22) c1:3(+26) c2:2(+14) c3:2(+26) c4:2(+32) c5:4(+47) c6:2(+31)  rejected: -  (wall 253 s)
[15:51:36] [slice 7] claims in force: c0:1 c1:1 c2:2 c3:2 c4:1 c5:2 c6:1  (10 targets; claim_bonus 1.0, ttl 6)
[15:51:36]   c0: claims: 1 own (prized +1.0), 9 claimed by others withheld
[15:51:36]   c1: claims: 1 own (prized +1.0), 9 claimed by others withheld
[15:51:36]   c2: claims: 2 own (prized +1.0), 8 claimed by others withheld
[15:51:36]   c3: claims: 2 own (prized +1.0), 8 claimed by others withheld
[15:51:36]   c4: claims: 1 own (prized +1.0), 9 claimed by others withheld
[15:51:36]   c5: claims: 2 own (prized +1.0), 8 claimed by others withheld
[15:51:36]   c6: claims: 1 own (prized +1.0), 9 claimed by others withheld
[15:51:36]   c7: claims: 0 own (prized +1.0), 10 claimed by others withheld
[15:51:36] [slice 7 T=2520 d] propose: 8 jobs (8 craft, 0 root) on 9 workers, proposer planbeam, H_eff 360 d, lam 1.0
[15:51:36] job s07_c4 (craft, craft 4, planbeam): T 2520 d H 360 L 360; plan horizon 3960 d; remaining 157; prize >1 on 72; width 150 npt 6 mc 150 dv 1.2 drmax 0.15 plan_wall 240 s; quota {'fil': 6, 'med': 10}
[15:51:36] job s07_c3 (craft, craft 3, planbeam): T 2520 d H 360 L 360; plan horizon 3960 d; remaining 158; prize >1 on 73; width 150 npt 6 mc 150 dv 1.2 drmax 0.15 plan_wall 240 s; quota {'fil': 6, 'med': 15}
[15:51:36] job s07_c1 (craft, craft 1, planbeam): T 2520 d H 360 L 360; plan horizon 3960 d; remaining 157; prize >1 on 72; width 150 npt 6 mc 150 dv 1.2 drmax 0.15 plan_wall 240 s; quota {'fil': 4, 'med': 11}
[15:51:36] job s07_c7 (craft, craft 7, planbeam): T 2520 d H 360 L 360; plan horizon 3960 d; remaining 156; prize >1 on 71; width 150 npt 6 mc 150 dv 1.2 drmax 0.15 plan_wall 240 s; quota {'fil': 6, 'med': 15}
[15:51:36] job s07_c6 (craft, craft 6, planbeam): T 2520 d H 360 L 360; plan horizon 3960 d; remaining 157; prize >1 on 72; width 150 npt 6 mc 150 dv 1.2 drmax 0.15 plan_wall 240 s; quota {'fil': 7, 'med': 13}
[15:51:36] job s07_c0 (craft, craft 0, planbeam): T 2520 d H 360 L 360; plan horizon 3960 d; remaining 157; prize >1 on 72; width 150 npt 6 mc 150 dv 1.2 drmax 0.15 plan_wall 240 s; quota {'fil': 4, 'med': 13}
[15:51:36] job s07_c2 (craft, craft 2, planbeam): T 2520 d H 360 L 360; plan horizon 3960 d; remaining 158; prize >1 on 73; width 150 npt 6 mc 150 dv 1.2 drmax 0.15 plan_wall 240 s; quota {'fil': 6, 'med': 11}
[15:51:36] job s07_c5 (craft, craft 5, planbeam): T 2520 d H 360 L 360; plan horizon 3960 d; remaining 158; prize >1 on 73; width 150 npt 6 mc 150 dv 1.2 drmax 0.15 plan_wall 240 s; quota {'fil': 3, 'med': 13}
[15:51:36] prefix slices/s07/in/craft_7.npz: 9 flybys, t_end 1519.3 d, tank 701.1 kg (planner view), miss 11.1 km, nreg 72
[15:51:36] budget: job_wall 300 s, 300 s left before the plan -> plan cap 210 s (plan_wall 240, settle_reserve 90)
[15:51:36] prefix slices/s07/in/craft_3.npz: 16 flybys, t_end 2308.7 d, tank 752.9 kg (planner view), miss 2.8 km, nreg 115
[15:51:36] budget: job_wall 300 s, 300 s left before the plan -> plan cap 210 s (plan_wall 240, settle_reserve 90)
[15:51:36] prefix slices/s07/in/craft_2.npz: 18 flybys, t_end 2510.0 d, tank 728.5 kg (planner view), miss 5.5 km, nreg 125
[15:51:36] budget: job_wall 300 s, 300 s left before the plan -> plan cap 210 s (plan_wall 240, settle_reserve 90)
[15:51:36] prefix slices/s07/in/craft_4.npz: 18 flybys, t_end 2455.5 d, tank 790.6 kg (planner view), miss 93.3 km, nreg 121
[15:51:36] budget: job_wall 300 s, 300 s left before the plan -> plan cap 210 s (plan_wall 240, settle_reserve 90)
[15:51:36] prefix slices/s07/in/craft_0.npz: 16 flybys, t_end 2455.6 d, tank 748.3 kg (planner view), miss 4.4 km, nreg 125
[15:51:36] budget: job_wall 300 s, 300 s left before the plan -> plan cap 210 s (plan_wall 240, settle_reserve 90)
[15:51:36] prefix slices/s07/in/craft_6.npz: 15 flybys, t_end 2479.9 d, tank 840.0 kg (planner view), miss 10.6 km, nreg 120
[15:51:36] budget: job_wall 300 s, 300 s left before the plan -> plan cap 210 s (plan_wall 240, settle_reserve 90)
[15:51:36] prefix slices/s07/in/craft_5.npz: 19 flybys, t_end 2484.4 d, tank 781.5 kg (planner view), miss 0.5 km, nreg 122
[15:51:36] budget: job_wall 300 s, 300 s left before the plan -> plan cap 210 s (plan_wall 240, settle_reserve 90)
[15:51:36] prefix slices/s07/in/craft_1.npz: 21 flybys, t_end 2476.4 d, tank 801.8 kg (planner view), miss 0.4 km, nreg 126
[15:51:36] budget: job_wall 300 s, 300 s left before the plan -> plan cap 210 s (plan_wall 240, settle_reserve 90)
[15:51:50] first level (both): 0 production + 57 relaxed (dv 2.5, 0.3 AU; 0.1 s) + 36 lintwin children -> 59 unique (13.7 s)
[15:51:50] plan start: prefix 18 flybys, t_end 2455.5 d, planner mass 1217.2 kg (dv 10.725 km/s); 59 first-level states
[15:51:50] first level (both): 0 production + 60 relaxed (dv 2.5, 0.3 AU; 0.1 s) + 42 lintwin children -> 77 unique (13.9 s)
[15:51:50] plan start: prefix 18 flybys, t_end 2510.0 d, planner mass 1321.1 kg (dv 7.514 km/s); 77 first-level states
[15:51:50] first level (both): 0 production + 0 relaxed (dv 2.5, 0.3 AU; 0.1 s) + 72 lintwin children -> 72 unique (13.9 s)
[15:51:50] plan start: prefix 9 flybys, t_end 1519.3 d, planner mass 1372.7 kg (dv 6.011 km/s); 72 first-level states
[15:51:50] first level (both): 0 production + 28 relaxed (dv 2.5, 0.3 AU; 0.1 s) + 13 lintwin children -> 36 unique (13.9 s)
[15:51:50] plan start: prefix 15 flybys, t_end 2479.9 d, planner mass 1145.8 kg (dv 13.099 km/s); 36 first-level states
[15:51:50] first level (both): 0 production + 42 relaxed (dv 2.5, 0.3 AU; 0.1 s) + 57 lintwin children -> 80 unique (14.3 s)
[15:51:50] plan start: prefix 16 flybys, t_end 2308.7 d, planner mass 1278.2 kg (dv 8.807 km/s); 80 first-level states
[15:51:51] first level (both): 0 production + 42 relaxed (dv 2.5, 0.3 AU; 0.1 s) + 58 lintwin children -> 70 unique (14.5 s)
[15:51:51] plan start: prefix 19 flybys, t_end 2484.4 d, planner mass 1231.5 kg (dv 10.269 km/s); 70 first-level states
[15:51:51] first level (both): 0 production + 64 relaxed (dv 2.5, 0.3 AU; 0.0 s) + 44 lintwin children -> 72 unique (14.6 s)
[15:51:51] plan start: prefix 16 flybys, t_end 2455.6 d, planner mass 1286.1 kg (dv 8.567 km/s); 72 first-level states
[15:51:52] first level (both): 0 production + 17 relaxed (dv 2.5, 0.3 AU; 0.1 s) + 36 lintwin children -> 41 unique (15.8 s)
[15:51:52] plan start: prefix 21 flybys, t_end 2476.4 d, planner mass 1200.2 kg (dv 11.277 km/s); 41 first-level states
[15:52:15] plan: 620 states, depth 7 new flybys, end plan_done (39 s); deepest 7 new to 3946 d at planner fuel 605 kg
[15:52:15]   depth  1:   36 states (22 in H), t_end 2592-3162 d, fuel 468-538 kg
[15:52:15]   depth  2:  108 states (5 in H), t_end 2806-3712 d, fuel 478-567 kg
[15:52:15]   depth  3:  150 states (0 in H), t_end 2936-3890 d, fuel 501-594 kg
[15:52:15]   depth  4:  150 states (0 in H), t_end 3083-3951 d, fuel 523-625 kg
[15:52:15]   depth  5:  147 states (0 in H), t_end 3566-3947 d, fuel 543-650 kg
[15:52:15]   depth  6:   28 states (0 in H), t_end 3645-3947 d, fuel 557-667 kg
[15:52:15]   depth  7:    1 states (0 in H), t_end 3946-3946 d, fuel 605-605 kg
[15:52:15] candidates: 9 distinct committed target sets (n_new 1-2, potential 0-2)
[15:52:15] frontier: 9 candidates chosen (n fb / committed planner kg / continuation (lookahead) [full]; pot_mode lookahead, pot_cap None): 1fb/475kg/p2(2)[2], 1fb/505kg/p0(0)[0], 1fb/513kg/p1(1)[1], 1fb/518kg/p1(1)[1], 1fb/523kg/p1(1)[1], 1fb/525kg/p1(1)[1], 1fb/534kg/p3(2)[3], 2fb/505kg/p1(1)[1], 2fb/565kg/p2(2)[2]
[15:52:15] budget: 261 s of 300 left for the settles + regrids (settle_wall 480)
[15:52:18]     settle 16: 108 @   2680 d -> ok lintwin tank 846.7 (+6.8) miss 22 km (3.6 s)
[15:52:21] plan: 726 states, depth 7 new flybys, end plan_done (45 s); deepest 7 new to 3958 d at planner fuel 552 kg
[15:52:21]   depth  1:   41 states (23 in H), t_end 2596-3156 d, fuel 407-488 kg
[15:52:21]   depth  2:  102 states (7 in H), t_end 2746-3706 d, fuel 439-523 kg
[15:52:21]   depth  3:  150 states (0 in H), t_end 2901-3918 d, fuel 453-554 kg
[15:52:21]   depth  4:  150 states (0 in H), t_end 3090-3958 d, fuel 470-567 kg
[15:52:21]   depth  5:  150 states (0 in H), t_end 3377-3955 d, fuel 507-591 kg
[15:52:21]   depth  6:  100 states (0 in H), t_end 3637-3959 d, fuel 536-612 kg
[15:52:21]   depth  7:   33 states (0 in H), t_end 3759-3958 d, fuel 552-618 kg
[15:52:21] candidates: 24 distinct committed target sets (n_new 1-2, potential 0-3)
[15:52:21] frontier: 16 candidates chosen (n fb / committed planner kg / continuation (lookahead) [full]; pot_mode lookahead, pot_cap None): 1fb/420kg/p0(0)[0], 1fb/424kg/p1(1)[1], 1fb/435kg/p2(1)[2], 1fb/441kg/p2(2)[2], 1fb/444kg/p2(2)[2], 1fb/448kg/p2(1)[2], 1fb/450kg/p2(2)[2], 1fb/452kg/p3(3)[3], 1fb/453kg/p2(2)[2], 1fb/454kg/p3(2)[3], 1fb/460kg/p2(2)[2], 1fb/464kg/p2(2)[2], 1fb/466kg/p2(2)[2], 2fb/439kg/p1(1)[1], 2fb/473kg/p1(1)[1], 2fb/476kg/p2(2)[2]
[15:52:21] budget: 255 s of 300 left for the settles + regrids (settle_wall 480)
[15:52:22]     settle 22:  24 @   2745 d -> ok lintwin tank 811.7 (+9.9) miss 17 km (1.3 s)
[15:52:23] plan: 793 states, depth 7 new flybys, end plan_done (47 s); deepest 7 new to 3921 d at planner fuel 500 kg
[15:52:23]   depth  1:   72 states (49 in H), t_end 2610-3169 d, fuel 324-403 kg
[15:52:23]   depth  2:  150 states (11 in H), t_end 2773-3713 d, fuel 346-437 kg
[15:52:23]   depth  3:  150 states (0 in H), t_end 2976-3814 d, fuel 368-469 kg
[15:52:23]   depth  4:  150 states (0 in H), t_end 3283-3956 d, fuel 425-507 kg
[15:52:23]   depth  5:  150 states (0 in H), t_end 3418-3957 d, fuel 439-535 kg
[15:52:23]   depth  6:  112 states (0 in H), t_end 3660-3952 d, fuel 458-567 kg
[15:52:23]   depth  7:    9 states (0 in H), t_end 3808-3957 d, fuel 500-597 kg
[15:52:23] candidates: 29 distinct committed target sets (n_new 1-2, potential 0-2)
[15:52:23] frontier: 16 candidates chosen (n fb / committed planner kg / continuation (lookahead) [full]; pot_mode lookahead, pot_cap None): 1fb/337kg/p2(2)[2], 1fb/338kg/p1(1)[1], 1fb/338kg/p2(2)[2], 1fb/341kg/p2(2)[2], 1fb/342kg/p1(1)[1], 1fb/344kg/p2(2)[2], 1fb/346kg/p1(1)[1], 1fb/346kg/p2(1)[2], 1fb/357kg/p2(2)[2], 1fb/360kg/p1(1)[1], 1fb/360kg/p1(1)[1], 1fb/389kg/p2(1)[2], 1fb/396kg/p2(1)[2], 2fb/375kg/p1(1)[1], 2fb/376kg/p1(1)[1], 2fb/383kg/p1(1)[1]
[15:52:23] budget: 253 s of 300 left for the settles + regrids (settle_wall 480)
[15:52:23]     settle 22: 186 @   2762 d -> ok lintwin tank 817.9 (+16.0) miss 26 km (0.5 s)
[15:52:24] plan: 811 states, depth 8 new flybys, end plan_done (48 s); deepest 8 new to 3893 d at planner fuel 546 kg
[15:52:24]   depth  1:   70 states (46 in H), t_end 2524-3138 d, fuel 376-457 kg
[15:52:24]   depth  2:  150 states (26 in H), t_end 2719-3658 d, fuel 391-486 kg
[15:52:24]   depth  3:  150 states (1 in H), t_end 2804-3908 d, fuel 403-512 kg
[15:52:24]   depth  4:  150 states (0 in H), t_end 3159-3957 d, fuel 433-536 kg
[15:52:24]   depth  5:  150 states (0 in H), t_end 3369-3960 d, fuel 456-567 kg
[15:52:24]   depth  6:   93 states (0 in H), t_end 3570-3960 d, fuel 491-589 kg
[15:52:24]   depth  7:   38 states (0 in H), t_end 3723-3959 d, fuel 525-611 kg
[15:52:24]   depth  8:   10 states (0 in H), t_end 3833-3909 d, fuel 546-597 kg
[15:52:24] candidates: 48 distinct committed target sets (n_new 1-3, potential 0-2)
[15:52:24] frontier: 16 candidates chosen (n fb / committed planner kg / continuation (lookahead) [full]; pot_mode lookahead, pot_cap None): 1fb/380kg/p2(2)[2], 1fb/383kg/p0(0)[0], 1fb/386kg/p2(1)[2], 1fb/387kg/p2(2)[2], 1fb/388kg/p3(2)[3], 1fb/396kg/p3(2)[3], 1fb/401kg/p3(2)[3], 1fb/408kg/p2(2)[2], 1fb/425kg/p2(2)[2], 1fb/437kg/p2(2)[2], 1fb/440kg/p2(1)[2], 1fb/449kg/p2(1)[2], 2fb/392kg/p1(1)[1], 2fb/399kg/p2(2)[2], 2fb/399kg/p1(1)[1], 3fb/484kg/p0(0)[0]
[15:52:24] budget: 252 s of 300 left for the settles + regrids (settle_wall 480)
[15:52:24]     settle 20:  89 @   2543 d -> ok lintwin tank 789.2 (+7.7) miss 50 km (0.3 s)
[15:52:25]     settle 16: 160 @   2880 d -> ok lam tank 865.4 (+25.5) miss 1 km (6.2 s)
[15:52:25]   drift: leg 160@2880 d settled outside (T, T+H] -> column cut at 0
[15:52:25]     settle 20:  27 @   2763 d -> ok lintwin tank 796.0 (+14.5) miss 68 km (0.6 s)
[15:52:25]     settle 17:   2 @   2753 d -> ok lintwin tank 764.8 (+16.5) miss 79 km (2.3 s)
[15:52:26]     settle 20: 122 @   2652 d -> ok lintwin tank 791.8 (+10.3) miss 6 km (0.4 s)
[15:52:27]     settle 20: 245 @   2791 d -> ok lintwin tank 792.4 (+10.9) miss 63 km (0.6 s)
[15:52:27] plan: 882 states, depth 8 new flybys, end plan_done (51 s); deepest 8 new to 3944 d at planner fuel 634 kg
[15:52:27]   depth  1:   59 states (38 in H), t_end 2586-3114 d, fuel 389-470 kg
[15:52:27]   depth  2:  150 states (12 in H), t_end 2738-3599 d, fuel 400-506 kg
[15:52:27]   depth  3:  150 states (0 in H), t_end 2901-3839 d, fuel 416-523 kg
[15:52:27]   depth  4:  150 states (0 in H), t_end 3238-3766 d, fuel 454-529 kg
[15:52:27]   depth  5:  150 states (0 in H), t_end 3412-3956 d, fuel 481-563 kg
[15:52:27]   depth  6:  150 states (0 in H), t_end 3468-3958 d, fuel 511-592 kg
[15:52:27]   depth  7:   70 states (0 in H), t_end 3804-3958 d, fuel 551-622 kg
[15:52:27]   depth  8:    3 states (0 in H), t_end 3940-3945 d, fuel 634-644 kg
[15:52:27] candidates: 28 distinct committed target sets (n_new 1-2, potential 0-2)
[15:52:27] frontier: 16 candidates chosen (n fb / committed planner kg / continuation (lookahead) [full]; pot_mode lookahead, pot_cap None): 1fb/389kg/p2(1)[2], 1fb/402kg/p1(1)[1], 1fb/406kg/p3(2)[3], 1fb/408kg/p1(1)[1], 1fb/409kg/p1(1)[1], 1fb/410kg/p1(1)[1], 1fb/418kg/p2(2)[2], 1fb/420kg/p1(1)[1], 1fb/425kg/p1(1)[1], 1fb/431kg/p1(1)[1], 1fb/438kg/p1(1)[1], 1fb/438kg/p1(1)[1], 1fb/465kg/p2(2)[2], 2fb/412kg/p1(1)[1], 2fb/436kg/p1(1)[1], 2fb/437kg/p2(2)[2]
[15:52:27] budget: 249 s of 300 left for the settles + regrids (settle_wall 480)
[15:52:28]     settle 20:  64 @   2702 d -> ok lintwin tank 808.6 (+27.1) miss 60 km (0.9 s)
[15:52:28] plan: 926 states, depth 8 new flybys, end plan_done (52 s); deepest 8 new to 3947 d at planner fuel 485 kg
[15:52:28]   depth  1:   77 states (51 in H), t_end 2533-3149 d, fuel 282-371 kg
[15:52:28]   depth  2:  150 states (18 in H), t_end 2735-3603 d, fuel 299-413 kg
[15:52:28]   depth  3:  150 states (0 in H), t_end 3015-3830 d, fuel 330-429 kg
[15:52:28]   depth  4:  150 states (0 in H), t_end 3238-3947 d, fuel 347-458 kg
[15:52:28]   depth  5:  150 states (0 in H), t_end 3415-3955 d, fuel 383-468 kg
[15:52:28]   depth  6:  150 states (0 in H), t_end 3631-3957 d, fuel 406-499 kg
[15:52:28]   depth  7:   92 states (0 in H), t_end 3706-3959 d, fuel 441-530 kg
[15:52:28]   depth  8:    7 states (0 in H), t_end 3886-3956 d, fuel 485-558 kg
[15:52:28]     settle 17:   9 @   2815 d -> ok lintwin tank 760.7 (+12.4) miss 71 km (2.5 s)
[15:52:28] candidates: 28 distinct committed target sets (n_new 1-2, potential 0-2)
[15:52:28] frontier: 16 candidates chosen (n fb / committed planner kg / continuation (lookahead) [full]; pot_mode lookahead, pot_cap None): 1fb/285kg/p1(1)[1], 1fb/292kg/p1(1)[1], 1fb/300kg/p2(2)[2], 1fb/301kg/p1(1)[1], 1fb/310kg/p2(1)[2], 1fb/313kg/p1(1)[1], 1fb/314kg/p1(1)[1], 1fb/318kg/p1(1)[1], 1fb/320kg/p3(2)[3], 1fb/335kg/p1(1)[1], 1fb/340kg/p1(1)[1], 1fb/345kg/p1(1)[1], 1fb/348kg/p1(1)[1], 2fb/306kg/p0(0)[0], 2fb/319kg/p0(0)[0], 2fb/358kg/p2(2)[2]
[15:52:28] budget: 248 s of 300 left for the settles + regrids (settle_wall 480)
[15:52:29]     settle 19: 104 @   2864 d -> ok lintwin tank 733.0 (+4.6) miss 12 km (0.6 s)
[15:52:29]     settle 20: 110 @   2671 d -> ok lintwin tank 798.2 (+16.7) miss 74 km (0.5 s)
[15:52:29] plan: 984 states, depth 9 new flybys, end plan_done (53 s); deepest 9 new to 3887 d at planner fuel 503 kg
[15:52:29]   depth  1:   72 states (38 in H), t_end 2530-3149 d, fuel 227-327 kg
[15:52:29]   depth  2:  150 states (33 in H), t_end 2684-3689 d, fuel 236-349 kg
[15:52:29]   depth  3:  150 states (0 in H), t_end 2902-3949 d, fuel 252-379 kg
[15:52:29]   depth  4:  150 states (0 in H), t_end 2982-3840 d, fuel 283-411 kg
[15:52:29]   depth  5:  150 states (0 in H), t_end 3304-3952 d, fuel 312-443 kg
[15:52:29]   depth  6:  150 states (0 in H), t_end 3465-3956 d, fuel 345-476 kg
[15:52:29]   depth  7:  113 states (0 in H), t_end 3563-3958 d, fuel 373-511 kg
[15:52:29]   depth  8:   42 states (0 in H), t_end 3683-3951 d, fuel 474-527 kg
[15:52:29]   depth  9:    7 states (0 in H), t_end 3887-3958 d, fuel 503-537 kg
[15:52:29] candidates: 60 distinct committed target sets (n_new 1-2, potential 0-2)
[15:52:29] frontier: 16 candidates chosen (n fb / committed planner kg / continuation (lookahead) [full]; pot_mode lookahead, pot_cap None): 1fb/227kg/p1(0)[1], 1fb/227kg/p1(0)[1], 1fb/227kg/p1(0)[1], 1fb/227kg/p1(1)[1], 1fb/227kg/p1(1)[1], 1fb/228kg/p2(2)[2], 1fb/233kg/p3(2)[3], 1fb/254kg/p3(2)[3], 1fb/257kg/p2(1)[2], 1fb/295kg/p2(1)[2], 1fb/300kg/p2(1)[2], 1fb/306kg/p3(2)[3], 1fb/310kg/p2(2)[2], 2fb/238kg/p2(2)[2], 2fb/238kg/p0(0)[0], 2fb/244kg/p0(0)[0]
[15:52:29] budget: 247 s of 300 left for the settles + regrids (settle_wall 480)
[15:52:30]     settle 16:  49 @   2864 d -> ok lam tank 902.9 (+62.9) miss 40 km (5.0 s)
[15:52:30]   drift: leg 49@2864 d settled outside (T, T+H] -> column cut at 0
[15:52:30]     settle 19: 173 @   2692 d -> ok lintwin tank 790.7 (+0.1) miss 72 km (2.7 s)
[15:52:30]     settle 20: 114 @   2628 d -> ok lintwin tank 796.7 (+15.2) miss 86 km (0.8 s)
[15:52:31]     settle 20: 234 @   2678 d -> ok lintwin tank 808.2 (+26.7) miss 1 km (0.4 s)
[15:52:31]     settle 17: 152 @   2810 d -> ok lintwin tank 764.7 (+16.4) miss 77 km (2.7 s)
[15:52:32]     settle 19: 160 @   2830 d -> ok lintwin tank 742.5 (+14.0) miss 87 km (3.0 s)
[15:52:33]     settle 19: 207 @   2762 d -> ok lintwin tank 797.2 (+6.6) miss 70 km (2.1 s)
[15:52:33]     settle 16: 270 @   2840 d -> ok lintwin tank 1002.6 (+162.7) miss 43 km (3.1 s)
[15:52:33] plan: 1027 states, depth 9 new flybys, end plan_done (57 s); deepest 9 new to 3953 d at planner fuel 586 kg
[15:52:33]   depth  1:   80 states (53 in H), t_end 2523-3198 d, fuel 326-416 kg
[15:52:33]   depth  2:  150 states (21 in H), t_end 2686-3478 d, fuel 362-446 kg
[15:52:33]   depth  3:  150 states (2 in H), t_end 2775-3771 d, fuel 396-476 kg
[15:52:33]   depth  4:  150 states (0 in H), t_end 3055-3952 d, fuel 423-499 kg
[15:52:33]   depth  5:  150 states (0 in H), t_end 3337-3955 d, fuel 451-534 kg
[15:52:33]   depth  6:  150 states (0 in H), t_end 3427-3952 d, fuel 475-567 kg
[15:52:33]   depth  7:  128 states (0 in H), t_end 3502-3954 d, fuel 490-587 kg
[15:52:33]   depth  8:   61 states (0 in H), t_end 3698-3959 d, fuel 530-603 kg
[15:52:33]   depth  9:    8 states (0 in H), t_end 3878-3958 d, fuel 586-625 kg
[15:52:33] candidates: 47 distinct committed target sets (n_new 1-3, potential 0-2)
[15:52:33] frontier: 16 candidates chosen (n fb / committed planner kg / continuation (lookahead) [full]; pot_mode lookahead, pot_cap None): 1fb/335kg/p0(0)[0], 1fb/345kg/p2(2)[2], 1fb/363kg/p3(2)[3], 1fb/364kg/p2(2)[2], 1fb/372kg/p3(2)[3], 1fb/374kg/p1(1)[1], 1fb/377kg/p1(1)[1], 1fb/382kg/p2(2)[2], 1fb/391kg/p3(2)[3], 1fb/400kg/p2(2)[2], 1fb/408kg/p2(0)[2], 1fb/408kg/p2(1)[2], 2fb/362kg/p0(0)[0], 2fb/401kg/p2(2)[2], 2fb/404kg/p2(2)[2], 3fb/446kg/p0(0)[0]
[15:52:33] budget: 243 s of 300 left for the settles + regrids (settle_wall 480)
[15:52:33]     settle 19: 116 @   2867 d -> ok lintwin tank 737.7 (+9.2) miss 3 km (0.8 s)
[15:52:33]     settle 17: 265 @   2705 d -> ok lintwin tank 758.7 (+5.8) miss 22 km (0.4 s)
[15:52:34]     settle 20: 296 @   2856 d -> ok lintwin tank 794.8 (+13.3) miss 45 km (2.4 s)
[15:52:34]     settle 19:  98 @   2768 d -> ok lintwin tank 741.2 (+12.7) miss 16 km (0.5 s)
[15:52:35]     settle 17:  51 @   2796 d -> ok lintwin tank 761.7 (+13.4) miss 68 km (2.9 s)
[15:52:35]     settle 19: 264 @   2590 d -> ok lintwin tank 804.1 (+13.5) miss 53 km (2.1 s)
[15:52:35]     settle 19: 185 @   2740 d -> ok lintwin tank 738.4 (+9.9) miss 15 km (0.5 s)
[15:52:36]     settle 17: 191 @   2707 d -> ok lintwin tank 765.0 (+12.1) miss 66 km (2.4 s)
[15:52:36]     settle 19:  49 @   2868 d -> ok lintwin tank 749.1 (+20.6) miss 35 km (0.8 s)
[15:52:37]     settle 17: 117 @   2752 d -> ok lintwin tank 759.0 (+10.7) miss 73 km (2.3 s)
[15:52:38]     settle 20: 252 @   2796 d -> ok lintwin tank 801.5 (+20.0) miss 2 km (3.5 s)
[15:52:38]     settle 19:  98 @   2772 d -> ok lintwin tank 805.1 (+14.4) miss 62 km (2.1 s)
[15:52:38]     settle 16: 191 @   2854 d -> ok lintwin tank 892.4 (+52.4) miss 65 km (3.2 s)
[15:52:39]     settle 19:   6 @   2838 d -> ok lintwin tank 757.3 (+28.8) miss 48 km (2.6 s)
[15:52:41]     settle 10:  17 @   2530 d -> ok lin tank 702.3 (+1.2) miss 82 km (11.9 s)
[15:52:42]     settle 17:  32 @   2740 d -> ok lintwin tank 760.5 (+12.2) miss 80 km (3.7 s)
[15:52:42]     settle 19: 173 @   2709 d -> ok lintwin tank 746.1 (+17.6) miss 2 km (1.6 s)
[15:52:42]     settle 19:  78 @   2755 d -> ok lintwin tank 799.7 (+9.1) miss 60 km (4.0 s)
[15:52:43]     settle 17: 286 @   2624 d -> ok lintwin tank 879.9 (+127.0) miss 0 km (6.6 s)
[15:52:43]     settle 19: 105 @   2595 d -> ok lintwin tank 737.8 (+9.3) miss 48 km (1.0 s)
[15:52:43]     settle 20: 286 @   2524 d -> ok lintwin tank 841.5 (+60.0) miss 58 km (5.1 s)
[15:52:45]     settle 19: 263 @   2589 d -> ok lintwin tank 759.4 (+30.9) miss 90 km (1.2 s)
[15:52:46]     settle 16:  69 @   2756 d -> ok lintwin tank 888.1 (+48.2) miss 59 km (7.0 s)
[15:52:47]     settle 19: 104 @   2865 d -> ok lintwin tank 820.5 (+29.9) miss 68 km (3.7 s)
[15:52:48]     settle 20: 143 @   2560 d -> ok lintwin tank 827.6 (+46.1) miss 71 km (4.6 s)
[15:52:49]     settle 17: 172 @   2816 d -> ok lintwin tank 767.3 (+19.0) miss 68 km (6.1 s)
[15:52:49]     settle 17: 208 @   2714 d -> ok lintwin tank 776.8 (+23.9) miss 81 km (3.6 s)
[15:52:49]     settle 21: 245 @   2793 d -> ok lintwin tank 793.7 (+4.6) miss 10 km (0.6 s)
[15:52:50]     settle 22: 286 @   2596 d -> FAIL [('lam', 15557531.8)] (26.0 s)
[15:52:51]   regrid FAIL (1 fb: miss 328 km, None, 9.4 s) -> column dropped
[15:52:51]     settle 21: 296 @   2864 d -> ok lintwin tank 829.1 (+20.5) miss 92 km (1.0 s)
[15:52:51]     settle 16:   2 @   2626 d -> ok lintwin tank 888.7 (+48.7) miss 71 km (4.7 s)
[15:52:51]     settle 19: 160 @   2780 d -> ok lintwin tank 821.6 (+30.9) miss 75 km (4.0 s)
[15:52:52]     settle 19: 180 @   2875 d -> ok lintwin tank 797.0 (+68.5) miss 73 km (6.4 s)
[15:52:52]   drift: leg 180@2875 d settled outside (T, T+H] -> column cut at 0
[15:52:52]     settle 21: 296 @   2863 d -> ok lintwin tank 798.7 (+6.9) miss 60 km (0.7 s)
[15:52:53]     settle 17:  41 @   2686 d -> ok lintwin tank 764.1 (+15.7) miss 75 km (3.9 s)
[15:52:53]     settle 17: 143 @   2573 d -> ok lintwin tank 825.5 (+72.6) miss 71 km (3.8 s)
[15:52:54]     settle 19: 102 @   2809 d -> ok lintwin tank 816.1 (+25.5) miss 75 km (2.5 s)
[15:52:55]     settle 22:  98 @   2757 d -> ok lintwin tank 836.0 (+34.2) miss 55 km (4.9 s)
[15:52:55]     settle 21: 266 @   2733 d -> ok lintwin tank 819.2 (+22.6) miss 64 km (2.2 s)
[15:52:56]     settle 16: 108 @   2670 d -> ok lintwin tank 846.8 (+6.8) miss 46 km (4.2 s)
[15:52:57]     settle 19: 186 @   2757 d -> ok lintwin tank 819.9 (+29.3) miss 78 km (1.5 s)
[15:52:57]     settle 17: 178 @   2707 d -> ok lam tank 782.3 (+29.4) miss 78 km (3.0 s)
[15:52:57]     settle 19:  66 @   2757 d -> ok lintwin tank 796.5 (+68.1) miss 77 km (4.8 s)
[15:52:57]     settle 17: 223 @   2839 d -> ok lintwin tank 767.2 (+18.8) miss 14 km (3.4 s)
[15:52:58]     settle 22:  98 @   2804 d -> ok lintwin tank 845.9 (+26.7) miss 75 km (2.6 s)
[15:52:58] RESULT s07_c5: 16 columns; frontier 1fb 8 kg p2/2 | 2fb 12 kg p1/2 | 3fb 64 kg p0/0; settles 17 (17 ok), regrids 16 (16 ok); wall 82 s of 300 (plan 48, price 1, settle 35; budget hit None, 0 unsettled)
[15:53:00]   job s07_c5 craft columns  16  levels 8  settles 17/17  end plan_done  wall 82.5 s
[15:53:00]     settle 19: 266 @   2785 d -> ok lintwin tank 760.5 (+32.0) miss 68 km (2.8 s)
[15:53:00]     settle 17: 160 @   2880 d -> ok lintwin tank 883.0 (+36.2) miss 29 km (4.4 s)
[15:53:01]     settle 22:  64 @   2692 d -> ok lintwin tank 849.1 (+47.2) miss 72 km (5.6 s)
[15:53:01]     settle 19: 105 @   2593 d -> ok lintwin tank 737.8 (+9.3) miss 40 km (0.6 s)
[15:53:02]     settle 17:  53 @   2857 d -> ok lam tank 772.3 (+24.0) miss 75 km (4.1 s)
[15:53:03]     settle 19: 245 @   2810 d -> ok lintwin tank 820.1 (+29.5) miss 34 km (5.7 s)
[15:53:03]     settle 20: 104 @   2863 d -> ok lintwin tank 740.8 (+3.0) miss 44 km (1.8 s)
[15:53:04]     settle 17: 245 @   2835 d -> ok lintwin tank 831.8 (+78.9) miss 1 km (6.6 s)
[15:53:04]     settle 17: 185 @   2806 d -> ok lintwin tank 891.8 (+3.1) miss 14 km (3.2 s)
[15:53:05]     settle 20:  49 @   2867 d -> ok lintwin tank 750.1 (+12.3) miss 32 km (0.9 s)
[15:53:05]   2 candidates dropped (settle failure / regrid failure / duplicate after truncation)
[15:53:05] RESULT s07_c6: 7 columns; frontier 1fb 7 kg p2/2 | 2fb 43 kg p1/2; settles 10 (10 ok), regrids 7 (7 ok); wall 89 s of 300 (plan 39, price 1, settle 50; budget hit None, 0 unsettled)
[15:53:06]   job s07_c6 craft columns   7  levels 7  settles 10/10  end plan_done  wall 89.1 s
[15:53:07]     settle 20: 116 @   2870 d -> ok lintwin tank 759.6 (+21.8) miss 39 km (1.3 s)
[15:53:07]     settle 17: 253 @   2840 d -> ok lam tank 769.8 (+21.5) miss 2 km (4.0 s)
[15:53:07]   1 candidates dropped (settle failure / regrid failure / duplicate after truncation)
[15:53:07] RESULT s07_c2: 15 columns; frontier 1fb 4 kg p1/2 | 2fb 12 kg p0/2; settles 17 (17 ok), regrids 15 (15 ok); wall 91 s of 300 (plan 52, price 1, settle 39; budget hit None, 0 unsettled)
[15:53:07]     settle 22: 122 @   2656 d -> ok lintwin tank 883.0 (+81.2) miss 98 km (5.8 s)
[15:53:08]   job s07_c2 craft columns  15  levels 8  settles 17/17  end plan_done  wall 91.0 s
[15:53:09]     settle 19: 191 @   2768 d -> ok lintwin tank 835.9 (+45.2) miss 70 km (5.2 s)
[15:53:10]     settle 17: 195 @   2666 d -> ok lintwin tank 787.2 (+38.9) miss 72 km (2.0 s)
[15:53:10]     settle 22: 207 @   2766 d -> ok lintwin tank 836.7 (+34.9) miss 68 km (1.7 s)
[15:53:10]     settle 17:  41 @   2679 d -> ok lam tank 785.1 (+32.2) miss 65 km (5.3 s)
[15:53:12]     settle 22: 102 @   2810 d -> ok lintwin tank 842.0 (+40.1) miss 43 km (2.1 s)
[15:53:12]     settle 17:  70 @   2539 d -> ok lintwin tank 756.0 (+3.1) miss 62 km (1.9 s)
[15:53:14]     settle 19:  49 @   2872 d -> ok lintwin tank 835.4 (+44.8) miss 78 km (4.4 s)
[15:53:14]     settle 17: 242 @   2716 d -> ok lintwin tank 807.3 (+59.0) miss 12 km (3.8 s)
[15:53:15]     settle 17: 252 @   2769 d -> ok lintwin tank 783.8 (+30.9) miss 74 km (1.8 s)
[15:53:15]     settle 22: 266 @   2802 d -> ok lintwin tank 855.4 (+53.5) miss 41 km (1.9 s)
[15:53:15]     settle 18: 152 @   2812 d -> ok lintwin tank 781.1 (+17.0) miss 68 km (0.7 s)
[15:53:17]     settle 18:   9 @   2816 d -> ok lintwin tank 766.2 (+1.4) miss 70 km (1.5 s)
[15:53:17]     settle 17: 175 @   2523 d -> ok lintwin tank 756.1 (+3.2) miss 73 km (1.8 s)
[15:53:17]   drift: leg 175@2523 d settled outside (T, T+H] -> column cut at 0
[15:53:18]     settle 19: 122 @   2682 d -> ok lintwin tank 833.1 (+42.5) miss 70 km (3.7 s)
[15:53:19]     settle 20: 207 @   2761 d -> ok lintwin tank 799.3 (+8.6) miss 62 km (0.7 s)
[15:53:20]     settle 17:   2 @   2756 d -> ok lintwin tank 764.8 (+16.5) miss 75 km (2.4 s)
[15:53:20]     settle 22: 234 @   2688 d -> ok lintwin tank 853.2 (+51.4) miss 68 km (4.8 s)
[15:53:21]     settle 17: 196 @   2661 d -> ok lintwin tank 775.8 (+22.9) miss 62 km (3.7 s)
[15:53:21]     settle 18: 172 @   2812 d -> ok lintwin tank 768.9 (+4.2) miss 77 km (1.6 s)
[15:53:22] RESULT s07_c0: 16 columns; frontier 1fb 10 kg p1/2 | 2fb 18 kg p1/1; settles 17 (17 ok), regrids 16 (16 ok); wall 106 s of 300 (plan 47, price 1, settle 59; budget hit None, 0 unsettled)
[15:53:22]     settle 19: 264 @   2586 d -> ok lintwin tank 803.9 (+13.2) miss 64 km (2.7 s)
[15:53:22]   job s07_c0 craft columns  16  levels 7  settles 17/17  end plan_done  wall 105.6 s
[15:53:23]     settle 17:  70 @   2546 d -> ok lintwin tank 755.9 (+3.0) miss 67 km (1.9 s)
[15:53:23]     settle 18: 265 @   2701 d -> ok lintwin tank 758.7 (+2.8) miss 10 km (0.3 s)
[15:53:25]     settle 20: 185 @   2738 d -> ok lintwin tank 816.5 (+12.6) miss 77 km (2.7 s)
[15:53:26]     settle 22:  49 @   2865 d -> ok lintwin tank 892.6 (+90.8) miss 63 km (5.0 s)
[15:53:27]     settle 18: 208 @   2765 d -> ok lintwin tank 898.4 (+18.5) miss 66 km (3.2 s)
[15:53:27]     settle 20:  98 @   2770 d -> ok lintwin tank 820.7 (+16.6) miss 73 km (1.9 s)
[15:53:28] RESULT s07_c4: 16 columns; frontier 1fb -0 kg p1/2 | 2fb 8 kg p1/2; settles 17 (17 ok), regrids 16 (16 ok); wall 112 s of 300 (plan 51, price 1, settle 60; budget hit None, 0 unsettled)
[15:53:28]   job s07_c4 craft columns  16  levels 8  settles 17/17  end plan_done  wall 111.6 s
[15:53:28]     settle 10: 263 @   2561 d -> FAIL [('lin', 424.3), ('lam', 7400.9)] (37.6 s)
[15:53:29]     settle 22: 104 @   2861 d -> ok lintwin tank 924.2 (+122.4) miss 80 km (2.9 s)
[15:53:30]     settle 18: 208 @   2773 d -> ok lintwin tank 858.8 (+33.3) miss 77 km (3.0 s)
[15:53:30]   2 candidates dropped (settle failure / regrid failure / duplicate after truncation)
[15:53:30] RESULT s07_c3: 14 columns; frontier 1fb 3 kg p2/2 | 2fb 6 kg p0/2; settles 16 (16 ok), regrids 14 (14 ok); wall 114 s of 300 (plan 57, price 1, settle 57; budget hit None, 0 unsettled)
[15:53:31]     settle 22: 173 @   2697 d -> ok lintwin tank 844.3 (+42.5) miss 57 km (1.9 s)
[15:53:32]   job s07_c3 craft columns  14  levels 9  settles 16/16  end plan_done  wall 114.5 s
[15:53:35]     settle 23: 245 @   2828 d -> ok lintwin tank 881.1 (+27.9) miss 61 km (3.6 s)
[15:53:36]   3 candidates dropped (settle failure / regrid failure / duplicate after truncation)
[15:53:36] RESULT s07_c1: 13 columns; frontier 1fb 10 kg p0/3 | 2fb 79 kg p2/2; settles 15 (13 ok), regrids 13 (13 ok); wall 120 s of 300 (plan 45, price 1, settle 75; budget hit None, 0 unsettled)
[15:53:36]   job s07_c1 craft columns  13  levels 7  settles 13/15  end plan_done  wall 119.8 s
[15:53:55]     settle 10: 240 @   2573 d -> FAIL [('lin', 4322.4), ('lam', 44084.0)] (26.4 s)
[15:54:23]     settle 10:  98 @   2772 d -> FAIL [('lam', 12201.9)] (28.3 s)
[15:54:39]     settle 10:  49 @   2868 d -> FAIL [('lam', 35433.2)] (15.7 s)
[15:55:06]     settle 10: 160 @   2774 d -> FAIL [('lam', 9256.5)] (26.6 s)
[15:55:17]     settle 10: 173 @   2539 d -> FAIL [('lam', 58796.7)] (10.9 s)
[15:55:28]     settle 10: 286 @   2604 d -> FAIL [('lam', 43231.3)] (11.3 s)
[15:55:56]     settle 10:  69 @   2643 d -> FAIL [('lam', 22239.1)] (28.4 s)
[15:56:29]     settle 10: 243 @   2678 d -> FAIL [('lam', 17842.9)] (32.3 s)
[15:56:45]     settle 10: 114 @   2627 d -> FAIL [('lam', 53739.2)] (16.6 s)
[15:56:45]   budget reached (job_wall: settle 256 s of 480, 0 s of the job left): 5 candidates not settled
[15:56:45]   11 candidates dropped (settle failure / regrid failure / duplicate after truncation)
[15:56:45] RESULT s07_c7: 0 columns; frontier ; settles 20 (1 ok), regrids 1 (0 ok); wall 309 s of 300 (plan 53, price 0, settle 256; budget hit job_wall, 5 unsettled)
[15:56:47]   job s07_c7 craft columns   0  levels 9  settles 1/20  end plan_done  wall 309.4 s
[15:56:47] [slice 7] propose: 97 columns (0 bad dropped) in 310.7 s
[15:56:47] [slice 7] auction: 97 columns, kept 96, dropped {'ramp': 1}; lam 1.00 H_eff 360 d fuel budget 322 kg quota on
[15:56:47] [slice 7] auction: status optimal objective 20.694 vars 96 rows 41 chosen 7 fuel 268/322 kg (0.009 s)
[15:56:49] [slice 7] claims: c0:1 c1:2 c2:2 c4:1 c5:2  (8 targets: 0 kept, 8 new; 10 released, 0 expired (ttl 6), 2 conflicts)
[15:56:49] [slice 7 T=2520 d] launched 8/8  covered 146  remaining 152  fuel 1612 kg  sumJi 9.3318  chosen: c0:2(+32) c1:2(+79) c2:2(+31) c3:2(+6) c4:2(+30) c5:2(+47) c6:2(+43)  rejected: -  (wall 313 s)
[15:56:49] [slice 8] claims in force: c0:1 c1:2 c2:2 c4:1 c5:2  (8 targets; claim_bonus 1.0, ttl 6)
[15:56:49]   c0: claims: 1 own (prized +1.0), 7 claimed by others withheld
[15:56:49]   c1: claims: 2 own (prized +1.0), 6 claimed by others withheld
[15:56:49]   c2: claims: 2 own (prized +1.0), 6 claimed by others withheld
[15:56:49]   c3: claims: 0 own (prized +1.0), 8 claimed by others withheld
[15:56:49]   c4: claims: 1 own (prized +1.0), 7 claimed by others withheld
[15:56:49]   c5: claims: 2 own (prized +1.0), 6 claimed by others withheld
[15:56:49]   c6: claims: 0 own (prized +1.0), 8 claimed by others withheld
[15:56:49]   c7: claims: 0 own (prized +1.0), 8 claimed by others withheld
[15:56:49] [slice 8 T=2880 d] propose: 8 jobs (8 craft, 0 root) on 9 workers, proposer planbeam, H_eff 360 d, lam 1.0
[15:56:49] job s08_c5 (craft, craft 5, planbeam): T 2880 d H 360 L 360; plan horizon 4320 d; remaining 146; prize >1 on 83; width 150 npt 6 mc 150 dv 1.2 drmax 0.15 plan_wall 240 s; quota {'fil': 2, 'med': 13}
[15:56:49] job s08_c6 (craft, craft 6, planbeam): T 2880 d H 360 L 360; plan horizon 4320 d; remaining 144; prize >1 on 81; width 150 npt 6 mc 150 dv 1.2 drmax 0.15 plan_wall 240 s; quota {'fil': 7, 'med': 12}
[15:56:49] job s08_c2 (craft, craft 2, planbeam): T 2880 d H 360 L 360; plan horizon 4320 d; remaining 146; prize >1 on 83; width 150 npt 6 mc 150 dv 1.2 drmax 0.15 plan_wall 240 s; quota {'fil': 5, 'med': 11}
[15:56:49] job s08_c3 (craft, craft 3, planbeam): T 2880 d H 360 L 360; plan horizon 4320 d; remaining 144; prize >1 on 81; width 150 npt 6 mc 150 dv 1.2 drmax 0.15 plan_wall 240 s; quota {'fil': 6, 'med': 14}
[15:56:49] job s08_c4 (craft, craft 4, planbeam): T 2880 d H 360 L 360; plan horizon 4320 d; remaining 145; prize >1 on 82; width 150 npt 6 mc 150 dv 1.2 drmax 0.15 plan_wall 240 s; quota {'fil': 5, 'med': 10}
[15:56:49] job s08_c1 (craft, craft 1, planbeam): T 2880 d H 360 L 360; plan horizon 4320 d; remaining 146; prize >1 on 83; width 150 npt 6 mc 150 dv 1.2 drmax 0.15 plan_wall 240 s; quota {'fil': 4, 'med': 10}
[15:56:49] job s08_c0 (craft, craft 0, planbeam): T 2880 d H 360 L 360; plan horizon 4320 d; remaining 145; prize >1 on 82; width 150 npt 6 mc 150 dv 1.2 drmax 0.15 plan_wall 240 s; quota {'fil': 4, 'med': 13}
[15:56:49] job s08_c7 (craft, craft 7, planbeam): T 2880 d H 360 L 360; plan horizon 4320 d; remaining 144; prize >1 on 81; width 150 npt 6 mc 150 dv 1.2 drmax 0.15 plan_wall 240 s; quota {'fil': 6, 'med': 15}
[15:56:49] prefix slices/s08/in/craft_7.npz: 9 flybys, t_end 1519.3 d, tank 701.1 kg (planner view), miss 11.1 km, nreg 72
[15:56:49] budget: job_wall 300 s, 300 s left before the plan -> plan cap 210 s (plan_wall 240, settle_reserve 90)
[15:56:49] prefix slices/s08/in/craft_4.npz: 20 flybys, t_end 2771.0 d, tank 820.4 kg (planner view), miss 4.8 km, nreg 137
[15:56:49] budget: job_wall 300 s, 300 s left before the plan -> plan cap 210 s (plan_wall 240, settle_reserve 90)
[15:56:49] prefix slices/s08/in/craft_6.npz: 17 flybys, t_end 2867.4 d, tank 882.7 kg (planner view), miss 12.7 km, nreg 140
[15:56:49] budget: job_wall 300 s, 300 s left before the plan -> plan cap 210 s (plan_wall 240, settle_reserve 90)
[15:56:49] prefix slices/s08/in/craft_0.npz: 18 flybys, t_end 2810.2 d, tank 780.7 kg (planner view), miss 1.5 km, nreg 143
[15:56:49] prefix slices/s08/in/craft_5.npz: 21 flybys, t_end 2865.4 d, tank 828.7 kg (planner view), miss 0.8 km, nreg 141
[15:56:49] budget: job_wall 300 s, 300 s left before the plan -> plan cap 210 s (plan_wall 240, settle_reserve 90)
[15:56:49] budget: job_wall 300 s, 300 s left before the plan -> plan cap 210 s (plan_wall 240, settle_reserve 90)
[15:56:49] prefix slices/s08/in/craft_1.npz: 23 flybys, t_end 2810.6 d, tank 880.9 kg (planner view), miss 53.0 km, nreg 144
[15:56:49] budget: job_wall 300 s, 300 s left before the plan -> plan cap 210 s (plan_wall 240, settle_reserve 90)
[15:56:49] prefix slices/s08/in/craft_2.npz: 20 flybys, t_end 2865.4 d, tank 759.2 kg (planner view), miss 8.2 km, nreg 143
[15:56:49] budget: job_wall 300 s, 300 s left before the plan -> plan cap 210 s (plan_wall 240, settle_reserve 90)
[15:56:49] prefix slices/s08/in/craft_3.npz: 18 flybys, t_end 2703.8 d, tank 758.4 kg (planner view), miss 6.9 km, nreg 135
[15:56:49] budget: job_wall 300 s, 300 s left before the plan -> plan cap 210 s (plan_wall 240, settle_reserve 90)
[15:57:08] first level (both): 0 production + 33 relaxed (dv 2.5, 0.3 AU; 0.1 s) + 50 lintwin children -> 70 unique (19.5 s)
[15:57:08] plan start: prefix 20 flybys, t_end 2771.0 d, planner mass 1173.0 kg (dv 12.176 km/s); 70 first-level states
[15:57:08] first level (both): 0 production + 28 relaxed (dv 2.5, 0.3 AU; 0.1 s) + 0 lintwin children -> 18 unique (19.5 s)
[15:57:08] plan start: prefix 17 flybys, t_end 2867.4 d, planner mass 1090.3 kg (dv 15.047 km/s); 18 first-level states
[15:57:09] first level (both): 0 production + 16 relaxed (dv 2.5, 0.3 AU; 0.1 s) + 33 lintwin children -> 42 unique (19.8 s)
[15:57:09] plan start: prefix 21 flybys, t_end 2865.4 d, planner mass 1161.3 kg (dv 12.570 km/s); 42 first-level states
[15:57:09] first level (both): 0 production + 0 relaxed (dv 2.5, 0.3 AU; 0.1 s) + 67 lintwin children -> 67 unique (20.1 s)
[15:57:09] plan start: prefix 9 flybys, t_end 1519.3 d, planner mass 1372.7 kg (dv 6.011 km/s); 67 first-level states
[15:57:09] first level (both): 0 production + 45 relaxed (dv 2.5, 0.3 AU; 0.1 s) + 45 lintwin children -> 75 unique (20.2 s)
[15:57:09] plan start: prefix 20 flybys, t_end 2865.4 d, planner mass 1267.6 kg (dv 9.135 km/s); 75 first-level states
[15:57:09] first level (both): 0 production + 43 relaxed (dv 2.5, 0.3 AU; 0.1 s) + 53 lintwin children -> 74 unique (20.2 s)
[15:57:09] plan start: prefix 18 flybys, t_end 2703.8 d, planner mass 1269.0 kg (dv 9.093 km/s); 74 first-level states
[15:57:10] first level (both): 0 production + 67 relaxed (dv 2.5, 0.3 AU; 0.1 s) + 53 lintwin children -> 97 unique (21.1 s)
[15:57:10] plan start: prefix 18 flybys, t_end 2810.2 d, planner mass 1232.7 kg (dv 10.231 km/s); 97 first-level states
[15:57:11] first level (both): 0 production + 19 relaxed (dv 2.5, 0.3 AU; 0.1 s) + 37 lintwin children -> 48 unique (22.3 s)
[15:57:11] plan start: prefix 23 flybys, t_end 2810.6 d, planner mass 1092.5 kg (dv 14.968 km/s); 48 first-level states
[15:57:42] plan: 583 states, depth 7 new flybys, end plan_done (53 s); deepest 7 new to 4095 d at planner fuel 685 kg
[15:57:42]   depth  1:   18 states (13 in H), t_end 2997-3467 d, fuel 526-585 kg
[15:57:42]   depth  2:   60 states (0 in H), t_end 3318-3937 d, fuel 538-615 kg
[15:57:42]   depth  3:  150 states (0 in H), t_end 3457-4102 d, fuel 555-645 kg
[15:57:42]   depth  4:  150 states (0 in H), t_end 3606-4302 d, fuel 584-668 kg
[15:57:42]   depth  5:  150 states (0 in H), t_end 3891-4311 d, fuel 605-694 kg
[15:57:42]   depth  6:   44 states (0 in H), t_end 3989-4319 d, fuel 641-708 kg
[15:57:42]   depth  7:   11 states (0 in H), t_end 4075-4315 d, fuel 685-712 kg
[15:57:42] candidates: 5 distinct committed target sets (n_new 1-1, potential 1-2)
[15:57:42] frontier: 5 candidates chosen (n fb / committed planner kg / continuation (lookahead) [full]; pot_mode lookahead, pot_cap None): 1fb/558kg/p2(2)[2], 1fb/559kg/p1(1)[1], 1fb/563kg/p2(2)[2], 1fb/579kg/p2(2)[2], 1fb/583kg/p1(1)[1]
[15:57:42] budget: 247 s of 300 left for the settles + regrids (settle_wall 480)
[15:57:45]     settle 18: 200 @   3022 d -> ok lam tank 919.4 (+36.6) miss 11 km (3.7 s)
[15:57:50]     settle 18: 220 @   3237 d -> ok lin tank 893.3 (+10.5) miss 61 km (3.4 s)
[15:57:50]   drift: leg 220@3237 d settled outside (T, T+H] -> column cut at 0
[15:57:51] plan: 770 states, depth 8 new flybys, end plan_done (63 s); deepest 8 new to 4237 d at planner fuel 629 kg
[15:57:51]   depth  1:   42 states (18 in H), t_end 2962-3548 d, fuel 447-520 kg
[15:57:51]   depth  2:  111 states (7 in H), t_end 3099-4059 d, fuel 457-553 kg
[15:57:51]   depth  3:  150 states (0 in H), t_end 3249-4256 d, fuel 479-584 kg
[15:57:51]   depth  4:  150 states (0 in H), t_end 3478-4259 d, fuel 504-600 kg
[15:57:51]   depth  5:  150 states (0 in H), t_end 3633-4297 d, fuel 517-626 kg
[15:57:51]   depth  6:  128 states (0 in H), t_end 3838-4318 d, fuel 549-656 kg
[15:57:51]   depth  7:   34 states (0 in H), t_end 4038-4318 d, fuel 573-681 kg
[15:57:51]   depth  8:    5 states (0 in H), t_end 4181-4301 d, fuel 629-656 kg
[15:57:52] candidates: 15 distinct committed target sets (n_new 1-2, potential 0-2)
[15:57:52] frontier: 15 candidates chosen (n fb / committed planner kg / continuation (lookahead) [full]; pot_mode lookahead, pot_cap None): 1fb/460kg/p1(1)[1], 1fb/482kg/p2(2)[2], 1fb/484kg/p1(1)[1], 1fb/490kg/p0(0)[0], 1fb/500kg/p0(0)[0], 1fb/503kg/p3(2)[3], 1fb/505kg/p1(1)[1], 1fb/505kg/p2(1)[2], 1fb/510kg/p2(1)[2], 1fb/513kg/p0(0)[0], 2fb/523kg/p2(2)[2], 2fb/526kg/p1(1)[1], 2fb/528kg/p1(1)[1], 2fb/533kg/p1(1)[1], 2fb/544kg/p0(0)[0]
[15:57:52] budget: 237 s of 300 left for the settles + regrids (settle_wall 480)
[15:57:54]     settle 22: 256 @   3212 d -> ok lintwin tank 843.1 (+14.4) miss 78 km (2.8 s)
[15:57:54] plan: 806 states, depth 8 new flybys, end plan_done (66 s); deepest 8 new to 4260 d at planner fuel 624 kg
[15:57:54]   depth  1:   70 states (38 in H), t_end 2898-3610 d, fuel 438-511 kg
[15:57:54]   depth  2:  150 states (9 in H), t_end 3186-3940 d, fuel 443-541 kg
[15:57:54]   depth  3:  150 states (0 in H), t_end 3350-4170 d, fuel 448-559 kg
[15:57:54]   depth  4:  150 states (0 in H), t_end 3456-4318 d, fuel 465-585 kg
[15:57:54]   depth  5:  150 states (0 in H), t_end 3820-4320 d, fuel 480-605 kg
[15:57:54]   depth  6:  107 states (0 in H), t_end 3887-4319 d, fuel 500-632 kg
[15:57:54]   depth  7:   27 states (0 in H), t_end 4113-4320 d, fuel 555-629 kg
[15:57:54]   depth  8:    2 states (0 in H), t_end 4257-4260 d, fuel 624-627 kg
[15:57:54] candidates: 26 distinct committed target sets (n_new 1-2, potential 0-3)
[15:57:54] frontier: 16 candidates chosen (n fb / committed planner kg / continuation (lookahead) [full]; pot_mode lookahead, pot_cap None): 1fb/438kg/p3(3)[3], 1fb/440kg/p1(1)[1], 1fb/446kg/p1(1)[1], 1fb/448kg/p1(1)[1], 1fb/467kg/p1(1)[1], 1fb/470kg/p1(0)[1], 1fb/470kg/p1(1)[1], 1fb/474kg/p2(2)[2], 1fb/474kg/p2(1)[2], 1fb/491kg/p2(1)[2], 1fb/496kg/p2(2)[2], 1fb/499kg/p1(1)[1], 1fb/500kg/p1(0)[1], 2fb/499kg/p0(0)[0], 2fb/499kg/p1(1)[1], 2fb/502kg/p0(0)[0]
[15:57:54] budget: 234 s of 300 left for the settles + regrids (settle_wall 480)
[15:57:55] plan: 808 states, depth 7 new flybys, end plan_done (66 s); deepest 7 new to 4316 d at planner fuel 538 kg
[15:57:55]   depth  1:   97 states (71 in H), t_end 2961-3516 d, fuel 369-458 kg
[15:57:55]   depth  2:  150 states (14 in H), t_end 3135-3938 d, fuel 385-489 kg
[15:57:55]   depth  3:  150 states (0 in H), t_end 3448-4279 d, fuel 407-518 kg
[15:57:55]   depth  4:  150 states (0 in H), t_end 3641-4282 d, fuel 447-549 kg
[15:57:55]   depth  5:  150 states (0 in H), t_end 3773-4319 d, fuel 467-564 kg
[15:57:55]   depth  6:   90 states (0 in H), t_end 3997-4319 d, fuel 487-587 kg
[15:57:55]   depth  7:   21 states (0 in H), t_end 4147-4320 d, fuel 538-618 kg
[15:57:55] candidates: 36 distinct committed target sets (n_new 1-2, potential 0-2)
[15:57:55] frontier: 16 candidates chosen (n fb / committed planner kg / continuation (lookahead) [full]; pot_mode lookahead, pot_cap None): 1fb/379kg/p0(0)[0], 1fb/382kg/p1(1)[1], 1fb/391kg/p1(1)[1], 1fb/393kg/p1(1)[1], 1fb/396kg/p1(1)[1], 1fb/399kg/p2(2)[2], 1fb/408kg/p1(0)[1], 1fb/408kg/p2(2)[2], 1fb/411kg/p2(2)[2], 1fb/411kg/p1(1)[1], 1fb/413kg/p1(1)[1], 1fb/420kg/p2(2)[2], 1fb/428kg/p2(1)[2], 2fb/434kg/p0(0)[0], 2fb/445kg/p0(0)[0], 2fb/450kg/p1(1)[1]
[15:57:55] budget: 234 s of 300 left for the settles + regrids (settle_wall 480)
[15:57:56]     settle 21: 158 @   3021 d -> ok lintwin tank 829.3 (+8.9) miss 71 km (1.9 s)
[15:57:57]     settle 18: 256 @   3155 d -> ok lam tank 930.1 (+47.4) miss 77 km (7.4 s)
[15:57:58]     settle 19: 117 @   3080 d -> ok lintwin tank 797.5 (+16.8) miss 77 km (3.3 s)
[15:57:58]     settle 21: 102 @   2964 d -> ok lintwin tank 830.9 (+10.5) miss 50 km (1.3 s)
[15:57:59]     settle 19:  72 @   3198 d -> ok lintwin tank 790.4 (+9.7) miss 2 km (0.5 s)
[15:58:00]     settle 22:  36 @   3139 d -> ok lintwin tank 851.1 (+22.4) miss 62 km (4.7 s)
[15:58:01] plan: 939 states, depth 9 new flybys, end plan_done (72 s); deepest 9 new to 4286 d at planner fuel 605 kg
[15:58:01]   depth  1:   74 states (44 in H), t_end 2886-3613 d, fuel 340-422 kg
[15:58:01]   depth  2:  150 states (27 in H), t_end 2974-3975 d, fuel 355-453 kg
[15:58:01]   depth  3:  150 states (0 in H), t_end 3250-4058 d, fuel 376-487 kg
[15:58:01]   depth  4:  150 states (0 in H), t_end 3409-4314 d, fuel 441-508 kg
[15:58:01]   depth  5:  150 states (0 in H), t_end 3696-4314 d, fuel 458-537 kg
[15:58:01]   depth  6:  150 states (0 in H), t_end 3813-4320 d, fuel 481-564 kg
[15:58:01]   depth  7:   90 states (0 in H), t_end 3937-4318 d, fuel 513-590 kg
[15:58:01]   depth  8:   24 states (0 in H), t_end 4166-4317 d, fuel 541-614 kg
[15:58:01]   depth  9:    1 states (0 in H), t_end 4286-4286 d, fuel 605-605 kg
[15:58:01] candidates: 40 distinct committed target sets (n_new 1-2, potential 0-3)
[15:58:01] frontier: 16 candidates chosen (n fb / committed planner kg / continuation (lookahead) [full]; pot_mode lookahead, pot_cap None): 1fb/346kg/p1(0)[1], 1fb/354kg/p2(2)[2], 1fb/360kg/p1(1)[1], 1fb/377kg/p1(1)[1], 1fb/379kg/p1(1)[1], 1fb/381kg/p1(1)[1], 1fb/387kg/p2(1)[2], 1fb/395kg/p3(3)[3], 1fb/403kg/p3(2)[3], 1fb/403kg/p2(1)[2], 1fb/407kg/p2(1)[2], 1fb/411kg/p2(2)[2], 1fb/413kg/p3(2)[3], 2fb/381kg/p0(0)[0], 2fb/414kg/p0(0)[0], 2fb/428kg/p2(2)[2]
[15:58:01] budget: 228 s of 300 left for the settles + regrids (settle_wall 480)
[15:58:01] plan: 980 states, depth 9 new flybys, end plan_done (73 s); deepest 9 new to 4269 d at planner fuel 435 kg
[15:58:01]   depth  1:   67 states (39 in H), t_end 2895-3567 d, fuel 227-325 kg
[15:58:01]   depth  2:  150 states (37 in H), t_end 3090-3893 d, fuel 240-367 kg
[15:58:01]   depth  3:  150 states (3 in H), t_end 3199-4232 d, fuel 261-378 kg
[15:58:01]   depth  4:  150 states (0 in H), t_end 3544-4280 d, fuel 284-383 kg
[15:58:01]   depth  5:  150 states (0 in H), t_end 3683-4276 d, fuel 303-413 kg
[15:58:01]   depth  6:  150 states (0 in H), t_end 3816-4319 d, fuel 318-445 kg
[15:58:01]   depth  7:  129 states (0 in H), t_end 3890-4320 d, fuel 342-480 kg
[15:58:01]   depth  8:   33 states (0 in H), t_end 4094-4319 d, fuel 378-457 kg
[15:58:01]   depth  9:    1 states (0 in H), t_end 4269-4269 d, fuel 435-435 kg
[15:58:01]     settle 18:  20 @   3001 d -> ok lam tank 928.2 (+45.5) miss 1 km (3.5 s)
[15:58:01] candidates: 56 distinct committed target sets (n_new 1-3, potential 0-2)
[15:58:01] frontier: 16 candidates chosen (n fb / committed planner kg / continuation (lookahead) [full]; pot_mode lookahead, pot_cap None): 1fb/227kg/p3(2)[3], 1fb/227kg/p2(1)[2], 1fb/227kg/p2(1)[2], 1fb/227kg/p1(1)[1], 1fb/227kg/p1(1)[1], 1fb/231kg/p1(1)[1], 1fb/232kg/p1(1)[1], 1fb/240kg/p3(2)[3], 1fb/244kg/p2(0)[2], 1fb/268kg/p2(2)[2], 1fb/268kg/p3(2)[3], 1fb/282kg/p2(2)[2], 2fb/243kg/p0(0)[0], 2fb/253kg/p0(0)[0], 2fb/268kg/p2(2)[2], 3fb/284kg/p0(0)[0]
[15:58:01] budget: 227 s of 300 left for the settles + regrids (settle_wall 480)
[15:58:02] plan: 936 states, depth 8 new flybys, end plan_done (73 s); deepest 8 new to 4319 d at planner fuel 520 kg
[15:58:02]   depth  1:   75 states (39 in H), t_end 2974-3514 d, fuel 337-422 kg
[15:58:02]   depth  2:  150 states (3 in H), t_end 3043-3825 d, fuel 346-450 kg
[15:58:02]   depth  3:  150 states (1 in H), t_end 3163-4165 d, fuel 367-482 kg
[15:58:02]   depth  4:  150 states (0 in H), t_end 3416-4302 d, fuel 380-500 kg
[15:58:02]   depth  5:  150 states (0 in H), t_end 3633-4305 d, fuel 418-509 kg
[15:58:02]   depth  6:  150 states (0 in H), t_end 3701-4317 d, fuel 427-517 kg
[15:58:02]   depth  7:  100 states (0 in H), t_end 3878-4317 d, fuel 458-543 kg
[15:58:02]   depth  8:   11 states (0 in H), t_end 4152-4319 d, fuel 520-550 kg
[15:58:02] candidates: 22 distinct committed target sets (n_new 1-3, potential 0-3)
[15:58:02] frontier: 16 candidates chosen (n fb / committed planner kg / continuation (lookahead) [full]; pot_mode lookahead, pot_cap None): 1fb/346kg/p0(0)[0], 1fb/346kg/p1(1)[1], 1fb/350kg/p2(2)[2], 1fb/351kg/p3(3)[3], 1fb/354kg/p1(1)[1], 1fb/369kg/p1(1)[1], 1fb/376kg/p2(2)[2], 1fb/376kg/p1(1)[1], 1fb/389kg/p2(2)[2], 1fb/392kg/p2(1)[2], 1fb/398kg/p1(1)[1], 1fb/406kg/p1(1)[1], 1fb/422kg/p2(0)[2], 2fb/421kg/p1(1)[1], 2fb/450kg/p1(0)[1], 3fb/482kg/p0(0)[0]
[15:58:02] budget: 227 s of 300 left for the settles + regrids (settle_wall 480)
[15:58:04]     settle 21:  95 @   3120 d -> ok lintwin tank 765.1 (+5.9) miss 93 km (2.1 s)
[15:58:04]     settle 22: 195 @   3195 d -> ok lintwin tank 851.8 (+23.1) miss 70 km (4.1 s)
[15:58:05]     settle 19: 268 @   3120 d -> ok lintwin tank 802.4 (+21.7) miss 64 km (5.1 s)
[15:58:05]     settle 19: 225 @   3003 d -> ok lintwin tank 764.5 (+6.1) miss 78 km (3.6 s)
[15:58:05]     settle 21:  96 @   3225 d -> ok lintwin tank 875.6 (+55.1) miss 70 km (6.0 s)
[15:58:07]     settle 18: 181 @   3155 d -> ok lam tank 936.5 (+53.7) miss 24 km (4.6 s)
[15:58:07]     settle 19: 222 @   3083 d -> ok lintwin tank 792.0 (+11.2) miss 13 km (1.6 s)
[15:58:08] plan: 955 states, depth 9 new flybys, end plan_done (79 s); deepest 9 new to 4261 d at planner fuel 704 kg
[15:58:08]   depth  1:   48 states (21 in H), t_end 2968-3545 d, fuel 519-587 kg
[15:58:08]   depth  2:  150 states (9 in H), t_end 3032-3921 d, fuel 526-619 kg
[15:58:08]   depth  3:  150 states (1 in H), t_end 3224-4232 d, fuel 554-643 kg
[15:58:08]   depth  4:  150 states (0 in H), t_end 3424-4316 d, fuel 559-672 kg
[15:58:08]   depth  5:  150 states (0 in H), t_end 3558-4309 d, fuel 588-700 kg
[15:58:08]   depth  6:  150 states (0 in H), t_end 3755-4315 d, fuel 622-706 kg
[15:58:08]   depth  7:  122 states (0 in H), t_end 3989-4317 d, fuel 641-722 kg
[15:58:08]   depth  8:   31 states (0 in H), t_end 4123-4308 d, fuel 658-736 kg
[15:58:08]   depth  9:    4 states (0 in H), t_end 4260-4308 d, fuel 704-723 kg
[15:58:08] candidates: 22 distinct committed target sets (n_new 1-3, potential 0-3)
[15:58:08] frontier: 16 candidates chosen (n fb / committed planner kg / continuation (lookahead) [full]; pot_mode lookahead, pot_cap None): 1fb/537kg/p1(1)[1], 1fb/539kg/p2(2)[2], 1fb/547kg/p4(2)[4], 1fb/555kg/p1(0)[1], 1fb/563kg/p3(3)[3], 1fb/564kg/p1(1)[1], 1fb/567kg/p2(2)[2], 1fb/568kg/p1(1)[1], 1fb/571kg/p1(1)[1], 1fb/573kg/p1(1)[1], 1fb/575kg/p1(1)[1], 1fb/577kg/p1(1)[1], 2fb/552kg/p3(2)[3], 2fb/552kg/p1(1)[1], 2fb/559kg/p2(2)[2], 3fb/568kg/p2(2)[2]
[15:58:08] budget: 221 s of 300 left for the settles + regrids (settle_wall 480)
[15:58:08]   1 candidates dropped (settle failure / regrid failure / duplicate after truncation)
[15:58:08] RESULT s08_c6: 4 columns; frontier 1fb 36 kg p2/2; settles 5 (5 ok), regrids 4 (4 ok); wall 79 s of 300 (plan 53, price 0, settle 26; budget hit None, 0 unsettled)
[15:58:09]   job s08_c6 craft columns   4  levels 7  settles 5/5  end plan_done  wall 79.1 s
[15:58:10]     settle 21: 181 @   3204 d -> ok lintwin tank 763.5 (+4.3) miss 23 km (4.7 s)
[15:58:10]     settle 19:  16 @   3234 d -> ok lintwin tank 799.0 (+18.3) miss 58 km (1.8 s)
[15:58:11]     settle 19: 246 @   3218 d -> ok lintwin tank 804.4 (+46.0) miss 50 km (5.6 s)
[15:58:11]   drift: leg 246@3218 d settled outside (T, T+H] -> column cut at 0
[15:58:12]     settle 21:  28 @   3175 d -> ok lintwin tank 764.6 (+5.4) miss 15 km (1.8 s)
[15:58:12]     settle 21: 181 @   3215 d -> ok lintwin tank 839.8 (+19.3) miss 16 km (6.8 s)
[15:58:13]     settle 22:  78 @   3239 d -> ok lintwin tank 1015.8 (+187.1) miss 89 km (7.9 s)
[15:58:13]   drift: leg 78@3239 d settled outside (T, T+H] -> column cut at 0
[15:58:13]     settle 24: 206 @   3229 d -> ok lintwin tank 900.4 (+19.5) miss 66 km (5.3 s)
[15:58:15]     settle 21: 180 @   3037 d -> ok lintwin tank 774.1 (+14.9) miss 41 km (2.1 s)
[15:58:15]     settle 19:  36 @   3038 d -> ok lintwin tank 843.7 (+63.0) miss 75 km (4.5 s)
[15:58:15]     settle 19: 186 @   3083 d -> ok lintwin tank 767.2 (+8.8) miss 55 km (3.9 s)
[15:58:17]     settle 19: 286 @   3055 d -> ok lintwin tank 806.6 (+25.9) miss 75 km (1.7 s)
[15:58:18]     settle 24: 200 @   3037 d -> ok lintwin tank 906.1 (+25.2) miss 75 km (3.8 s)
[15:58:19]     settle 19: 267 @   3162 d -> ok lintwin tank 779.6 (+21.2) miss 68 km (2.9 s)
[15:58:19]     settle 21:  96 @   3232 d -> ok lintwin tank 799.0 (+39.8) miss 60 km (3.5 s)
[15:58:19]     settle 21: 200 @   3183 d -> ok lintwin tank 918.7 (+98.3) miss 68 km (5.8 s)
[15:58:19]     settle 22:  96 @   3224 d -> ok lintwin tank 859.1 (+30.4) miss 71 km (6.1 s)
[15:58:21]     settle 22: 200 @   3000 d -> ok lintwin tank 836.6 (+7.9) miss 56 km (1.3 s)
[15:58:21]     settle 21:  37 @   2913 d -> ok lintwin tank 843.9 (+23.5) miss 48 km (1.4 s)
[15:58:22]     settle 24:  20 @   2999 d -> ok lintwin tank 914.6 (+33.6) miss 87 km (3.2 s)
[15:58:22]     settle 19: 199 @   3135 d -> ok lintwin tank 802.2 (+21.5) miss 68 km (4.7 s)
[15:58:24]     settle 19: 113 @   2971 d -> ok lintwin tank 786.6 (+28.2) miss 84 km (4.5 s)
[15:58:24]     settle 21: 256 @   3155 d -> ok lintwin tank 783.8 (+24.6) miss 64 km (4.4 s)
[15:58:25]     settle 19: 276 @   3175 d -> ok lintwin tank 786.6 (+5.8) miss 64 km (2.2 s)
[15:58:26]     settle 24: 194 @   2978 d -> ok lintwin tank 914.2 (+33.3) miss 67 km (3.5 s)
[15:58:27]     settle 21:  24 @   2927 d -> ok lintwin tank 884.3 (+63.9) miss 76 km (4.8 s)
[15:58:27]     settle 22:  59 @   3028 d -> ok lintwin tank 849.8 (+21.1) miss 29 km (5.6 s)
[15:58:27]     settle 21: 209 @   3236 d -> ok lintwin tank 778.3 (+19.1) miss 13 km (2.9 s)
[15:58:29]     settle 19:   3 @   3070 d -> ok lintwin tank 806.1 (+25.3) miss 77 km (2.7 s)
[15:58:29]     settle 19:   3 @   3094 d -> ok lintwin tank 794.3 (+35.9) miss 73 km (4.5 s)
[15:58:30]     settle 24: 220 @   3208 d -> ok lintwin tank 931.3 (+50.4) miss 34 km (3.8 s)
[15:58:31]     settle 19: 205 @   2889 d -> ok lintwin tank 772.1 (+13.7) miss 73 km (1.8 s)
[15:58:32]     settle 21: 214 @   3116 d -> ok lintwin tank 782.7 (+23.5) miss 66 km (4.0 s)
[15:58:32]     settle 21:  28 @   3171 d -> ok lintwin tank 849.4 (+28.9) miss 75 km (4.8 s)
[15:58:34]     settle 22: 214 @   3095 d -> ok lintwin tank 976.1 (+147.4) miss 61 km (6.3 s)
[15:58:34]     settle 19: 237 @   3043 d -> ok lintwin tank 795.9 (+15.1) miss 74 km (5.2 s)
[15:58:37]     settle 24:   9 @   3204 d -> ok lintwin tank 916.9 (+36.0) miss 71 km (5.5 s)
[15:58:37]     settle 21: 290 @   3135 d -> ok lintwin tank 768.7 (+9.5) miss 78 km (4.0 s)
[15:58:37]     settle 19: 112 @   3168 d -> ok lintwin tank 786.5 (+28.1) miss 63 km (5.6 s)
[15:58:38]     settle 22: 102 @   2966 d -> ok lintwin tank 861.3 (+32.6) miss 80 km (3.7 s)
[15:58:39]     settle 21:  20 @   2995 d -> ok lintwin tank 834.6 (+14.2) miss 72 km (5.5 s)
[15:58:39]     settle 19:  58 @   3109 d -> ok lintwin tank 820.7 (+40.0) miss 81 km (4.1 s)
[15:58:41]     settle 21: 267 @   3033 d -> ok lintwin tank 789.3 (+30.1) miss 70 km (4.0 s)
[15:58:42]     settle 21:  66 @   2898 d -> ok lintwin tank 871.1 (+50.7) miss 46 km (2.9 s)
[15:58:43]     settle 24:  65 @   3101 d -> ok lintwin tank 924.5 (+43.5) miss 67 km (5.0 s)
[15:58:43]     settle 19: 223 @   2886 d -> ok lintwin tank 809.9 (+51.5) miss 73 km (5.2 s)
[15:58:44]     settle 22: 181 @   3117 d -> ok lintwin tank 870.9 (+42.2) miss 68 km (4.8 s)
[15:58:45]     settle 19: 120 @   3125 d -> ok lintwin tank 808.8 (+28.1) miss 79 km (4.7 s)
[15:58:45]     settle 21: 295 @   2906 d -> ok lintwin tank 829.9 (+9.5) miss 65 km (2.1 s)
[15:58:45]     settle 10:  66 @   2897 d -> FAIL [('lin', 882.7), ('lam', 55303.7)] (43.3 s)
[15:58:46]     settle 20: 276 @   3165 d -> ok lintwin tank 810.3 (+3.7) miss 48 km (0.7 s)
[15:58:46]     settle 23:  36 @   3138 d -> ok lintwin tank 859.8 (+23.2) miss 70 km (2.2 s)
[15:58:47]     settle 21: 106 @   3172 d -> ok lintwin tank 851.5 (+92.3) miss 23 km (4.9 s)
[15:58:48]     settle 23:  96 @   3236 d -> ok lintwin tank 869.7 (+8.4) miss 45 km (0.6 s)
[15:58:48]     settle 19:  58 @   3094 d -> ok lintwin tank 783.3 (+24.9) miss 75 km (3.9 s)
[15:58:48]     settle 24: 130 @   3000 d -> ok lintwin tank 898.8 (+17.8) miss 65 km (4.8 s)
[15:58:49]     settle 20:  16 @   3230 d -> ok lintwin tank 822.1 (+15.4) miss 73 km (2.2 s)
[15:58:51]     settle 21: 290 @   3136 d -> ok lintwin tank 855.7 (+35.3) miss 0 km (5.8 s)
[15:58:52]     settle 20: 240 @   3221 d -> ok lintwin tank 817.7 (+8.9) miss 80 km (2.4 s)
[15:58:52] RESULT s08_c0: 16 columns; frontier 1fb 6 kg p2/2 | 2fb 30 kg p0/1; settles 16 (16 ok), regrids 16 (16 ok); wall 123 s of 300 (plan 66, price 1, settle 57; budget hit None, 0 unsettled)
[15:58:53]   job s08_c0 craft columns  16  levels 7  settles 16/16  end plan_done  wall 123.4 s
[15:58:53]     settle 21: 200 @   3183 d -> ok lintwin tank 843.5 (+84.3) miss 2 km (6.1 s)
[15:58:54]     settle 24: 256 @   3150 d -> ok lintwin tank 1000.3 (+119.4) miss 60 km (5.0 s)
[15:58:54]     settle 19:  57 @   3000 d -> ok lintwin tank 932.3 (+173.9) miss 60 km (5.5 s)
[15:58:59]     settle 21: 111 @   2974 d -> ok lintwin tank 847.4 (+88.2) miss 47 km (4.2 s)
[15:59:00]     settle 24: 204 @   3085 d -> ok lintwin tank 913.8 (+32.9) miss 69 km (5.2 s)
[15:59:00]     settle 22: 120 @   3156 d -> ok lintwin tank 801.0 (+11.7) miss 10 km (0.7 s)
[15:59:01]     settle 19: 130 @   2959 d -> ok lintwin tank 817.2 (+58.8) miss 1 km (5.4 s)
[15:59:02]     settle 21: 207 @   2933 d -> ok lam tank 947.4 (+127.0) miss 7 km (10.7 s)
[15:59:02]   drift: leg 207@2933 d settled outside (T, T+H] -> column cut at 0
[15:59:03]     settle 19: 283 @   3029 d -> ok lintwin tank 770.7 (+12.2) miss 68 km (2.3 s)
[15:59:04]     settle 24:  86 @   3073 d -> ok lintwin tank 1070.0 (+189.1) miss 31 km (4.3 s)
[15:59:04]     settle 20: 118 @   3223 d -> ok lintwin tank 781.0 (+16.5) miss 29 km (0.4 s)
[15:59:07]     settle 20: 142 @   2974 d -> ok lintwin tank 781.1 (+9.0) miss 77 km (2.2 s)
[15:59:08]     settle 21: 200 @   3021 d -> ok lintwin tank 852.7 (+32.2) miss 0 km (5.7 s)
[15:59:08]     settle 20: 112 @   3165 d -> ok lintwin tank 794.1 (+23.5) miss 37 km (0.8 s)
[15:59:09]   1 candidates dropped (settle failure / regrid failure / duplicate after truncation)
[15:59:09] RESULT s08_c3: 15 columns; frontier 1fb 6 kg p0/3 | 2fb 22 kg p0/2; settles 16 (16 ok), regrids 15 (15 ok); wall 140 s of 300 (plan 72, price 1, settle 68; budget hit None, 0 unsettled)
[15:59:09]   job s08_c3 craft columns  15  levels 9  settles 16/16  end plan_done  wall 140.0 s
[15:59:12]     settle 24: 189 @   3208 d -> ok lam tank 918.9 (+37.9) miss 2 km (6.7 s)
[15:59:12]     settle 22:   9 @   3208 d -> ok lintwin tank 861.3 (+8.6) miss 71 km (4.1 s)
[15:59:13]     settle 23: 240 @   3212 d -> FAIL [('lam', 24641717.3)] (24.7 s)
[15:59:14]     settle 25: 200 @   3032 d -> ok lintwin tank 931.4 (+16.8) miss 45 km (2.2 s)
[15:59:15]     settle 22: 220 @   3230 d -> ok lintwin tank 858.5 (+23.9) miss 52 km (2.1 s)
[15:59:15]     settle 22: 200 @   3016 d -> ok lintwin tank 835.7 (+7.0) miss 69 km (2.1 s)
[15:59:16]     settle 23: 256 @   3218 d -> ok lintwin tank 870.9 (+35.3) miss 96 km (1.5 s)
[15:59:18]     settle 23:  95 @   3099 d -> ok lintwin tank 879.9 (+18.6) miss 18 km (1.0 s)
[15:59:18]   2 candidates dropped (settle failure / regrid failure / duplicate after truncation)
[15:59:18] RESULT s08_c5: 13 columns; frontier 1fb 8 kg p2/2 | 2fb 31 kg p2/2; settles 17 (15 ok), regrids 13 (13 ok); wall 150 s of 300 (plan 63, price 1, settle 87; budget hit None, 0 unsettled)
[15:59:19]   job s08_c5 craft columns  13  levels 8  settles 15/17  end plan_done  wall 149.6 s
[15:59:20]     settle 22: 220 @   3227 d -> ok lintwin tank 864.8 (+20.9) miss 85 km (4.6 s)
[15:59:20]   1 candidates dropped (settle failure / regrid failure / duplicate after truncation)
[15:59:20] RESULT s08_c4: 15 columns; frontier 1fb 8 kg p3/3 | 2fb 38 kg p1/1; settles 17 (17 ok), regrids 15 (15 ok); wall 151 s of 300 (plan 66, price 1, settle 86; budget hit None, 0 unsettled)
[15:59:20]     settle 25: 206 @   3230 d -> ok lintwin tank 904.8 (+-1.3) miss 0 km (5.4 s)
[15:59:21]   job s08_c4 craft columns  15  levels 8  settles 17/17  end plan_done  wall 151.4 s
[15:59:26]     settle 25: 206 @   3225 d -> ok lintwin tank 926.8 (+12.2) miss 73 km (4.6 s)
[15:59:29]     settle 22: 267 @   3043 d -> FAIL [('lam', 10541244.8)] (28.7 s)
[15:59:29]   2 candidates dropped (settle failure / regrid failure / duplicate after truncation)
[15:59:29] RESULT s08_c2: 14 columns; frontier 1fb 4 kg p1/3 | 2fb 42 kg p1/1; settles 16 (14 ok), regrids 14 (14 ok); wall 160 s of 300 (plan 73, price 1, settle 87; budget hit None, 0 unsettled)
[15:59:29]   job s08_c2 craft columns  14  levels 8  settles 14/16  end plan_done  wall 160.1 s
[15:59:29]     settle 26: 206 @   3224 d -> ok lintwin tank 958.0 (+26.6) miss 54 km (3.4 s)
[15:59:30] RESULT s08_c1: 16 columns; frontier 1fb 18 kg p1/3 | 2fb 24 kg p1/2 | 3fb 77 kg p2/2; settles 16 (16 ok), regrids 16 (16 ok); wall 161 s of 300 (plan 79, price 1, settle 82; budget hit None, 0 unsettled)
[15:59:31]   job s08_c1 craft columns  16  levels 9  settles 16/16  end plan_done  wall 161.2 s
[15:59:33]     settle 10: 267 @   3037 d -> FAIL [('lam', 15755.4)] (48.4 s)
[16:00:24]     settle 10: 214 @   3101 d -> FAIL [('lam', 56093.2)] (50.6 s)
[16:00:49]     settle 10: 111 @   2975 d -> FAIL [('lam', 168486.4)] (25.3 s)
[16:01:00]     settle 10: 240 @   3209 d -> ok lam tank 1132.4 (+431.3) miss 81 km (10.6 s)
[16:01:00]   drift: leg 240@3209 d settled outside (T, T+H] -> column cut at 0
[16:01:37]     settle 10: 290 @   3142 d -> FAIL [('lam', 15765.2)] (37.0 s)
[16:01:49]     settle 10:  86 @   3079 d -> FAIL [('lam', 'TimeoutError')] (12.0 s)
[16:01:49]   budget reached (job_wall: settle 227 s of 480, 0 s of the job left): 9 candidates not settled
[16:01:49]   7 candidates dropped (settle failure / regrid failure / duplicate after truncation)
[16:01:49] RESULT s08_c7: 0 columns; frontier ; settles 12 (1 ok), regrids 0 (0 ok); wall 300 s of 300 (plan 73, price 0, settle 227; budget hit job_wall, 9 unsettled)
[16:01:49]   job s08_c7 craft columns   0  levels 9  settles 1/12  end plan_done  wall 300.1 s
[16:01:49] [slice 8] propose: 93 columns (0 bad dropped) in 300.6 s
[16:01:49] [slice 8] auction: 93 columns, kept 89, dropped {'ramp': 4}; lam 1.00 H_eff 360 d fuel budget 322 kg quota on
[16:01:49] [slice 8] auction: status optimal objective 17.346 vars 89 rows 34 chosen 7 fuel 245/322 kg (0.006 s)
[16:01:51] [slice 8] claims: c1:2 c2:1 c3:2 c4:2 c5:1 c6:1  (9 targets: 0 kept, 9 new; 8 released, 0 expired (ttl 6), 1 conflicts)
[16:01:51] [slice 8 T=2880 d] launched 8/8  covered 158  remaining 140  fuel 1857 kg  sumJi 9.5673  chosen: c0:2(+30) c1:2(+46) c2:2(+41) c3:2(+36) c4:1(+8) c5:2(+31) c6:1(+54)  rejected: -  (wall 303 s)
[16:01:51] [slice 9] claims in force: c1:2 c2:1 c3:2 c4:2 c5:1 c6:1  (9 targets; claim_bonus 1.0, ttl 6)
[16:01:51]   c0: claims: 0 own (prized +1.0), 9 claimed by others withheld
[16:01:51]   c1: claims: 2 own (prized +1.0), 7 claimed by others withheld
[16:01:51]   c2: claims: 1 own (prized +1.0), 8 claimed by others withheld
[16:01:51]   c3: claims: 2 own (prized +1.0), 7 claimed by others withheld
[16:01:51]   c4: claims: 2 own (prized +1.0), 7 claimed by others withheld
[16:01:51]   c5: claims: 1 own (prized +1.0), 8 claimed by others withheld
[16:01:51]   c6: claims: 1 own (prized +1.0), 8 claimed by others withheld
[16:01:51]   c7: claims: 0 own (prized +1.0), 9 claimed by others withheld
[16:01:51] [slice 9 T=3240 d] propose: 8 jobs (8 craft, 0 root) on 9 workers, proposer planbeam, H_eff 360 d, lam 1.0
[16:01:51] job s09_c3 (craft, craft 3, planbeam): T 3240 d H 360 L 360; plan horizon 4680 d; remaining 133; prize >1 on 92; width 150 npt 6 mc 150 dv 1.2 drmax 0.15 plan_wall 240 s; quota {'fil': 5, 'med': 13}
[16:01:51] job s09_c2 (craft, craft 2, planbeam): T 3240 d H 360 L 360; plan horizon 4680 d; remaining 132; prize >1 on 91; width 150 npt 6 mc 150 dv 1.2 drmax 0.15 plan_wall 240 s; quota {'fil': 5, 'med': 10}
[16:01:51] job s09_c4 (craft, craft 4, planbeam): T 3240 d H 360 L 360; plan horizon 4680 d; remaining 133; prize >1 on 92; width 150 npt 6 mc 150 dv 1.2 drmax 0.15 plan_wall 240 s; quota {'fil': 5, 'med': 10}
[16:01:51] job s09_c1 (craft, craft 1, planbeam): T 3240 d H 360 L 360; plan horizon 4680 d; remaining 133; prize >1 on 92; width 150 npt 6 mc 150 dv 1.2 drmax 0.15 plan_wall 240 s; quota {'fil': 4, 'med': 8}
[16:01:51] job s09_c5 (craft, craft 5, planbeam): T 3240 d H 360 L 360; plan horizon 4680 d; remaining 132; prize >1 on 91; width 150 npt 6 mc 150 dv 1.2 drmax 0.15 plan_wall 240 s; quota {'fil': 2, 'med': 12}
[16:01:51] job s09_c6 (craft, craft 6, planbeam): T 3240 d H 360 L 360; plan horizon 4680 d; remaining 132; prize >1 on 91; width 150 npt 6 mc 150 dv 1.2 drmax 0.15 plan_wall 240 s; quota {'fil': 7, 'med': 11}
[16:01:51] job s09_c0 (craft, craft 0, planbeam): T 3240 d H 360 L 360; plan horizon 4680 d; remaining 131; prize >1 on 90; width 150 npt 6 mc 150 dv 1.2 drmax 0.15 plan_wall 240 s; quota {'fil': 3, 'med': 13}
[16:01:51] job s09_c7 (craft, craft 7, planbeam): T 3240 d H 360 L 360; plan horizon 4680 d; remaining 131; prize >1 on 90; width 150 npt 6 mc 150 dv 1.2 drmax 0.15 plan_wall 240 s; quota {'fil': 6, 'med': 15}
[16:01:51] prefix slices/s09/in/craft_7.npz: 9 flybys, t_end 1519.3 d, tank 701.1 kg (planner view), miss 11.1 km, nreg 72
[16:01:51] budget: job_wall 300 s, 300 s left before the plan -> plan cap 210 s (plan_wall 240, settle_reserve 90)
[16:01:52] prefix slices/s09/in/craft_3.npz: 20 flybys, t_end 3166.8 d, tank 794.0 kg (planner view), miss 1.6 km, nreg 158
[16:01:52] budget: job_wall 300 s, 300 s left before the plan -> plan cap 210 s (plan_wall 240, settle_reserve 90)
[16:01:52] prefix slices/s09/in/craft_4.npz: 21 flybys, t_end 3020.0 d, tank 828.9 kg (planner view), miss 9.8 km, nreg 149
[16:01:52] budget: job_wall 300 s, 300 s left before the plan -> plan cap 210 s (plan_wall 240, settle_reserve 90)
[16:01:52] prefix slices/s09/in/craft_6.npz: 18 flybys, t_end 3152.5 d, tank 936.3 kg (planner view), miss 29.6 km, nreg 154
[16:01:52] budget: job_wall 300 s, 300 s left before the plan -> plan cap 210 s (plan_wall 240, settle_reserve 90)
[16:01:52] prefix slices/s09/in/craft_2.npz: 22 flybys, t_end 3150.5 d, tank 800.7 kg (planner view), miss 7.5 km, nreg 157
[16:01:52] budget: job_wall 300 s, 300 s left before the plan -> plan cap 210 s (plan_wall 240, settle_reserve 90)
[16:01:52] prefix slices/s09/in/craft_5.npz: 23 flybys, t_end 3138.6 d, tank 859.4 kg (planner view), miss 1.1 km, nreg 155
[16:01:52] budget: job_wall 300 s, 300 s left before the plan -> plan cap 210 s (plan_wall 240, settle_reserve 90)
[16:01:52] prefix slices/s09/in/craft_1.npz: 25 flybys, t_end 3223.3 d, tank 926.5 kg (planner view), miss 8.1 km, nreg 164
[16:01:52] budget: job_wall 300 s, 300 s left before the plan -> plan cap 210 s (plan_wall 240, settle_reserve 90)
[16:01:52] prefix slices/s09/in/craft_0.npz: 20 flybys, t_end 3143.9 d, tank 810.3 kg (planner view), miss 58.9 km, nreg 161
[16:01:52] budget: job_wall 300 s, 300 s left before the plan -> plan cap 210 s (plan_wall 240, settle_reserve 90)
[16:02:16] first level (both): 0 production + 30 relaxed (dv 2.5, 0.3 AU; 0.1 s) + 0 lintwin children -> 20 unique (24.7 s)
[16:02:16] plan start: prefix 18 flybys, t_end 3152.5 d, planner mass 1027.8 kg (dv 17.360 km/s); 20 first-level states
[16:02:16] first level (both): 0 production + 0 relaxed (dv 2.5, 0.3 AU; 0.0 s) + 65 lintwin children -> 64 unique (24.9 s)
[16:02:16] plan start: prefix 9 flybys, t_end 1519.3 d, planner mass 1372.7 kg (dv 6.011 km/s); 64 first-level states
[16:02:17] first level (both): 0 production + 44 relaxed (dv 2.5, 0.3 AU; 0.1 s) + 48 lintwin children -> 76 unique (25.0 s)
[16:02:17] plan start: prefix 21 flybys, t_end 3020.0 d, planner mass 1161.1 kg (dv 12.578 km/s); 76 first-level states
[16:02:17] first level (both): 0 production + 19 relaxed (dv 2.5, 0.3 AU; 0.1 s) + 40 lintwin children -> 50 unique (25.1 s)
[16:02:17] plan start: prefix 22 flybys, t_end 3150.5 d, planner mass 1202.0 kg (dv 11.219 km/s); 50 first-level states
[16:02:17] first level (both): 0 production + 25 relaxed (dv 2.5, 0.3 AU; 0.1 s) + 32 lintwin children -> 49 unique (25.5 s)
[16:02:17] plan start: prefix 23 flybys, t_end 3138.6 d, planner mass 1119.8 kg (dv 13.998 km/s); 49 first-level states
[16:02:17] first level (both): 0 production + 23 relaxed (dv 2.5, 0.3 AU; 0.1 s) + 50 lintwin children -> 64 unique (25.8 s)
[16:02:17] plan start: prefix 20 flybys, t_end 3143.9 d, planner mass 1187.7 kg (dv 11.690 km/s); 64 first-level states
[16:02:18] first level (both): 0 production + 42 relaxed (dv 2.5, 0.3 AU; 0.1 s) + 55 lintwin children -> 72 unique (26.2 s)
[16:02:18] plan start: prefix 20 flybys, t_end 3166.8 d, planner mass 1212.1 kg (dv 10.892 km/s); 72 first-level states
[16:02:19] first level (both): 0 production + 39 relaxed (dv 2.5, 0.3 AU; 0.1 s) + 47 lintwin children -> 66 unique (27.9 s)
[16:02:19] plan start: prefix 25 flybys, t_end 3223.3 d, planner mass 1038.8 kg (dv 16.945 km/s); 66 first-level states
[16:02:54] plan: 731 states, depth 9 new flybys, end plan_done (63 s); deepest 9 new to 4650 d at planner fuel 799 kg
[16:02:54]   depth  1:   20 states (16 in H), t_end 3262-3702 d, fuel 602-650 kg
[16:02:54]   depth  2:   41 states (7 in H), t_end 3475-4252 d, fuel 617-675 kg
[16:02:54]   depth  3:   90 states (0 in H), t_end 3662-4614 d, fuel 635-705 kg
[16:02:54]   depth  4:  150 states (0 in H), t_end 3851-4672 d, fuel 652-730 kg
[16:02:54]   depth  5:  150 states (0 in H), t_end 3993-4680 d, fuel 669-757 kg
[16:02:54]   depth  6:  143 states (0 in H), t_end 4098-4679 d, fuel 688-781 kg
[16:02:54]   depth  7:   95 states (0 in H), t_end 4302-4679 d, fuel 714-806 kg
[16:02:54]   depth  8:   34 states (0 in H), t_end 4553-4679 d, fuel 773-819 kg
[16:02:54]   depth  9:    8 states (0 in H), t_end 4649-4677 d, fuel 799-832 kg
[16:02:54] candidates: 10 distinct committed target sets (n_new 1-2, potential 0-2)
[16:02:54] frontier: 10 candidates chosen (n fb / committed planner kg / continuation (lookahead) [full]; pot_mode lookahead, pot_cap None): 1fb/620kg/p1(1)[1], 1fb/627kg/p3(2)[3], 1fb/631kg/p2(2)[2], 1fb/635kg/p0(0)[0], 1fb/639kg/p2(2)[2], 1fb/645kg/p3(2)[3], 2fb/639kg/p2(2)[2], 2fb/657kg/p1(1)[1], 2fb/673kg/p2(2)[2], 2fb/673kg/p2(2)[2]
[16:02:54] budget: 237 s of 300 left for the settles + regrids (settle_wall 480)
[16:02:56] plan: 788 states, depth 8 new flybys, end plan_done (64 s); deepest 8 new to 4635 d at planner fuel 676 kg
[16:02:56]   depth  1:   49 states (26 in H), t_end 3249-3963 d, fuel 495-561 kg
[16:02:56]   depth  2:  137 states (6 in H), t_end 3482-4407 d, fuel 507-592 kg
[16:02:56]   depth  3:  150 states (0 in H), t_end 3635-4651 d, fuel 532-618 kg
[16:02:56]   depth  4:  150 states (0 in H), t_end 3877-4670 d, fuel 553-645 kg
[16:02:56]   depth  5:  150 states (0 in H), t_end 4066-4678 d, fuel 558-664 kg
[16:02:56]   depth  6:  117 states (0 in H), t_end 4300-4678 d, fuel 579-683 kg
[16:02:56]   depth  7:   34 states (0 in H), t_end 4396-4669 d, fuel 642-706 kg
[16:02:56]   depth  8:    1 states (0 in H), t_end 4635-4635 d, fuel 676-676 kg
[16:02:56] candidates: 17 distinct committed target sets (n_new 1-2, potential 0-2)
[16:02:56] frontier: 16 candidates chosen (n fb / committed planner kg / continuation (lookahead) [full]; pot_mode lookahead, pot_cap None): 1fb/497kg/p2(2)[2], 1fb/507kg/p2(2)[2], 1fb/513kg/p2(2)[2], 1fb/513kg/p2(2)[2], 1fb/516kg/p1(1)[1], 1fb/520kg/p2(2)[2], 1fb/526kg/p1(1)[1], 1fb/529kg/p1(1)[1], 1fb/540kg/p1(1)[1], 1fb/542kg/p3(2)[3], 1fb/546kg/p1(1)[1], 1fb/561kg/p3(2)[3], 1fb/561kg/p1(1)[1], 2fb/531kg/p0(0)[0], 2fb/554kg/p2(2)[2], 2fb/585kg/p2(2)[2]
[16:02:56] budget: 236 s of 300 left for the settles + regrids (settle_wall 480)
[16:02:56] plan: 809 states, depth 8 new flybys, end plan_done (65 s); deepest 8 new to 4676 d at planner fuel 624 kg
[16:02:56]   depth  1:   50 states (27 in H), t_end 3281-3865 d, fuel 400-485 kg
[16:02:56]   depth  2:  109 states (12 in H), t_end 3454-4344 d, fuel 413-520 kg
[16:02:56]   depth  3:  150 states (2 in H), t_end 3593-4600 d, fuel 421-547 kg
[16:02:56]   depth  4:  150 states (0 in H), t_end 3900-4672 d, fuel 444-570 kg
[16:02:56]   depth  5:  150 states (0 in H), t_end 4066-4673 d, fuel 499-604 kg
[16:02:56]   depth  6:  141 states (0 in H), t_end 4326-4679 d, fuel 518-621 kg
[16:02:56]   depth  7:   53 states (0 in H), t_end 4445-4677 d, fuel 556-651 kg
[16:02:56]   depth  8:    6 states (0 in H), t_end 4648-4676 d, fuel 624-660 kg
[16:02:56] candidates: 24 distinct committed target sets (n_new 1-3, potential 0-2)
[16:02:56] frontier: 16 candidates chosen (n fb / committed planner kg / continuation (lookahead) [full]; pot_mode lookahead, pot_cap None): 1fb/418kg/p1(1)[1], 1fb/422kg/p2(2)[2], 1fb/427kg/p1(1)[1], 1fb/430kg/p2(2)[2], 1fb/435kg/p2(1)[2], 1fb/442kg/p2(2)[2], 1fb/443kg/p2(1)[2], 1fb/450kg/p1(1)[1], 1fb/454kg/p2(2)[2], 1fb/459kg/p1(1)[1], 1fb/477kg/p3(2)[3], 1fb/485kg/p2(2)[2], 2fb/465kg/p1(1)[1], 2fb/474kg/p0(0)[0], 2fb/496kg/p2(2)[2], 3fb/533kg/p0(0)[0]
[16:02:56] budget: 235 s of 300 left for the settles + regrids (settle_wall 480)
[16:02:57] plan: 810 states, depth 8 new flybys, end plan_done (66 s); deepest 8 new to 4656 d at planner fuel 617 kg
[16:02:57]   depth  1:   64 states (29 in H), t_end 3252-3885 d, fuel 419-500 kg
[16:02:57]   depth  2:  150 states (13 in H), t_end 3445-4281 d, fuel 433-532 kg
[16:02:57]   depth  3:  150 states (0 in H), t_end 3739-4582 d, fuel 454-551 kg
[16:02:57]   depth  4:  150 states (0 in H), t_end 3839-4678 d, fuel 464-573 kg
[16:02:57]   depth  5:  150 states (0 in H), t_end 4073-4680 d, fuel 485-601 kg
[16:02:57]   depth  6:  116 states (0 in H), t_end 4338-4680 d, fuel 512-617 kg
[16:02:57]   depth  7:   23 states (0 in H), t_end 4505-4678 d, fuel 581-626 kg
[16:02:57]   depth  8:    7 states (0 in H), t_end 4649-4672 d, fuel 617-631 kg
[16:02:57] candidates: 27 distinct committed target sets (n_new 1-2, potential 0-3)
[16:02:57] frontier: 16 candidates chosen (n fb / committed planner kg / continuation (lookahead) [full]; pot_mode lookahead, pot_cap None): 1fb/435kg/p1(1)[1], 1fb/436kg/p2(2)[2], 1fb/436kg/p2(2)[2], 1fb/438kg/p1(1)[1], 1fb/441kg/p1(1)[1], 1fb/441kg/p1(1)[1], 1fb/444kg/p2(2)[2], 1fb/447kg/p3(3)[3], 1fb/452kg/p2(1)[2], 1fb/461kg/p2(2)[2], 1fb/476kg/p3(3)[3], 1fb/489kg/p2(2)[2], 1fb/497kg/p2(1)[2], 2fb/451kg/p0(0)[0], 2fb/452kg/p0(0)[0], 2fb/502kg/p2(2)[2]
[16:02:57] budget: 234 s of 300 left for the settles + regrids (settle_wall 480)
[16:02:58] plan: 891 states, depth 9 new flybys, end plan_done (67 s); deepest 9 new to 4672 d at planner fuel 464 kg
[16:02:58]   depth  1:   64 states (33 in H), t_end 3250-3909 d, fuel 227-325 kg
[16:02:58]   depth  2:  150 states (35 in H), t_end 3449-4488 d, fuel 235-366 kg
[16:02:58]   depth  3:  150 states (0 in H), t_end 3638-4512 d, fuel 242-379 kg
[16:02:58]   depth  4:  150 states (0 in H), t_end 3695-4678 d, fuel 269-418 kg
[16:02:58]   depth  5:  150 states (0 in H), t_end 4072-4677 d, fuel 317-429 kg
[16:02:58]   depth  6:  150 states (0 in H), t_end 4224-4679 d, fuel 330-431 kg
[16:02:58]   depth  7:   59 states (0 in H), t_end 4385-4675 d, fuel 356-453 kg
[16:02:58]   depth  8:   15 states (0 in H), t_end 4535-4678 d, fuel 388-480 kg
[16:02:58]   depth  9:    3 states (0 in H), t_end 4670-4675 d, fuel 464-474 kg
[16:02:58] candidates: 51 distinct committed target sets (n_new 1-2, potential 0-2)
[16:02:58] frontier: 16 candidates chosen (n fb / committed planner kg / continuation (lookahead) [full]; pot_mode lookahead, pot_cap None): 1fb/227kg/p2(2)[2], 1fb/227kg/p1(1)[1], 1fb/232kg/p2(2)[2], 1fb/234kg/p3(2)[3], 1fb/237kg/p3(2)[3], 1fb/238kg/p2(2)[2], 1fb/240kg/p2(1)[2], 1fb/257kg/p2(1)[2], 1fb/262kg/p3(2)[3], 1fb/275kg/p2(1)[2], 1fb/294kg/p3(2)[3], 1fb/295kg/p2(2)[2], 2fb/250kg/p1(1)[1], 2fb/250kg/p0(0)[0], 2fb/254kg/p2(2)[2], 2fb/259kg/p2(2)[2]
[16:02:58] budget: 233 s of 300 left for the settles + regrids (settle_wall 480)
[16:02:58]     settle 21: 195 @   3306 d -> ok lintwin tank 816.4 (+6.1) miss 52 km (1.1 s)
[16:02:58]     settle 19: 123 @   3486 d -> ok lintwin tank 1018.1 (+81.7) miss 9 km (4.2 s)
[16:02:59]     settle 24: 274 @   3483 d -> ok lintwin tank 870.8 (+11.4) miss 80 km (3.1 s)
[16:03:00] plan: 925 states, depth 8 new flybys, end plan_done (68 s); deepest 8 new to 4678 d at planner fuel 629 kg
[16:03:00]   depth  1:   76 states (53 in H), t_end 3240-3860 d, fuel 447-521 kg
[16:03:00]   depth  2:  150 states (49 in H), t_end 3414-4188 d, fuel 455-550 kg
[16:03:00]   depth  3:  150 states (0 in H), t_end 3686-4583 d, fuel 480-574 kg
[16:03:00]   depth  4:  150 states (0 in H), t_end 3780-4677 d, fuel 506-608 kg
[16:03:00]   depth  5:  150 states (0 in H), t_end 4030-4662 d, fuel 525-630 kg
[16:03:00]   depth  6:  150 states (0 in H), t_end 4315-4680 d, fuel 539-656 kg
[16:03:00]   depth  7:   96 states (0 in H), t_end 4487-4679 d, fuel 564-683 kg
[16:03:00]   depth  8:    3 states (0 in H), t_end 4667-4678 d, fuel 629-693 kg
[16:03:00] candidates: 49 distinct committed target sets (n_new 1-2, potential 0-2)
[16:03:00] frontier: 16 candidates chosen (n fb / committed planner kg / continuation (lookahead) [full]; pot_mode lookahead, pot_cap None): 1fb/449kg/p2(1)[2], 1fb/450kg/p1(1)[1], 1fb/455kg/p2(2)[2], 1fb/462kg/p2(2)[2], 1fb/466kg/p3(2)[3], 1fb/471kg/p1(0)[1], 1fb/472kg/p1(0)[1], 1fb/474kg/p1(1)[1], 1fb/474kg/p1(1)[1], 1fb/477kg/p1(0)[1], 1fb/480kg/p1(1)[1], 1fb/485kg/p2(1)[2], 1fb/512kg/p3(2)[3], 2fb/475kg/p1(1)[1], 2fb/475kg/p0(0)[0], 2fb/501kg/p2(2)[2]
[16:03:00] budget: 232 s of 300 left for the settles + regrids (settle_wall 480)
[16:03:01]     settle 22:  57 @   3314 d -> ok lintwin tank 836.1 (+7.2) miss 15 km (0.9 s)
[16:03:01] plan: 902 states, depth 9 new flybys, end plan_done (70 s); deepest 9 new to 4654 d at planner fuel 649 kg
[16:03:01]   depth  1:   72 states (39 in H), t_end 3247-3885 d, fuel 396-476 kg
[16:03:01]   depth  2:  150 states (30 in H), t_end 3425-4370 d, fuel 405-514 kg
[16:03:01]   depth  3:  150 states (0 in H), t_end 3602-4609 d, fuel 440-536 kg
[16:03:01]   depth  4:  150 states (0 in H), t_end 3716-4652 d, fuel 463-555 kg
[16:03:01]   depth  5:  150 states (0 in H), t_end 3897-4666 d, fuel 500-583 kg
[16:03:01]   depth  6:  150 states (0 in H), t_end 4082-4675 d, fuel 535-616 kg
[16:03:01]   depth  7:   62 states (0 in H), t_end 4341-4668 d, fuel 571-632 kg
[16:03:01]   depth  8:   16 states (0 in H), t_end 4465-4666 d, fuel 627-659 kg
[16:03:01]   depth  9:    2 states (0 in H), t_end 4654-4656 d, fuel 649-652 kg
[16:03:02] candidates: 35 distinct committed target sets (n_new 1-2, potential 0-3)
[16:03:02] frontier: 16 candidates chosen (n fb / committed planner kg / continuation (lookahead) [full]; pot_mode lookahead, pot_cap None): 1fb/396kg/p1(1)[1], 1fb/403kg/p1(1)[1], 1fb/410kg/p1(1)[1], 1fb/430kg/p1(0)[1], 1fb/432kg/p3(3)[3], 1fb/433kg/p2(2)[2], 1fb/436kg/p1(0)[1], 1fb/437kg/p1(1)[1], 1fb/442kg/p4(3)[4], 1fb/465kg/p2(2)[2], 1fb/467kg/p2(2)[2], 1fb/474kg/p2(1)[2], 2fb/462kg/p2(2)[2], 2fb/463kg/p0(0)[0], 2fb/469kg/p3(3)[3], 2fb/474kg/p2(2)[2]
[16:03:02] budget: 230 s of 300 left for the settles + regrids (settle_wall 480)
[16:03:02]     settle 23: 117 @   3572 d -> ok lintwin tank 834.8 (+34.1) miss 71 km (6.1 s)
[16:03:03]     settle 22: 221 @   3493 d -> ok lintwin tank 835.4 (+6.5) miss 34 km (1.6 s)
[16:03:03]     settle 24:  77 @   3494 d -> ok lintwin tank 880.6 (+21.1) miss 38 km (3.3 s)
[16:03:03]     settle 21:  19 @   3252 d -> ok lintwin tank 856.1 (+45.7) miss 71 km (4.2 s)
[16:03:05]     settle 22:  46 @   3596 d -> ok lintwin tank 839.0 (+10.1) miss 48 km (1.3 s)
[16:03:05]     settle 19:  85 @   3432 d -> ok lam tank 956.5 (+20.1) miss 91 km (5.5 s)
[16:03:05]     settle 21: 222 @   3299 d -> ok lintwin tank 796.2 (+2.2) miss 64 km (3.7 s)
[16:03:06]     settle 22: 101 @   3569 d -> ok lintwin tank 844.4 (+15.6) miss 34 km (0.9 s)
[16:03:07]     settle 24:  39 @   3510 d -> ok lintwin tank 882.5 (+23.1) miss 67 km (3.1 s)
[16:03:08] plan: 949 states, depth 9 new flybys, end plan_done (77 s); deepest 9 new to 4668 d at planner fuel 790 kg
[16:03:08]   depth  1:   66 states (38 in H), t_end 3299-3881 d, fuel 573-637 kg
[16:03:08]   depth  2:  150 states (41 in H), t_end 3415-4425 d, fuel 578-668 kg
[16:03:08]   depth  3:  150 states (6 in H), t_end 3503-4669 d, fuel 596-695 kg
[16:03:08]   depth  4:  150 states (0 in H), t_end 3788-4680 d, fuel 617-711 kg
[16:03:08]   depth  5:  150 states (0 in H), t_end 3942-4679 d, fuel 631-737 kg
[16:03:08]   depth  6:  150 states (0 in H), t_end 4068-4679 d, fuel 662-764 kg
[16:03:08]   depth  7:  101 states (0 in H), t_end 4230-4677 d, fuel 684-780 kg
[16:03:08]   depth  8:   31 states (0 in H), t_end 4491-4679 d, fuel 727-794 kg
[16:03:08]   depth  9:    1 states (0 in H), t_end 4668-4668 d, fuel 790-790 kg
[16:03:08] candidates: 40 distinct committed target sets (n_new 1-3, potential 0-3)
[16:03:08] frontier: 16 candidates chosen (n fb / committed planner kg / continuation (lookahead) [full]; pot_mode lookahead, pot_cap None): 1fb/573kg/p2(2)[2], 1fb/577kg/p3(2)[3], 1fb/579kg/p2(2)[2], 1fb/584kg/p2(1)[2], 1fb/597kg/p4(2)[4], 1fb/610kg/p3(1)[3], 1fb/621kg/p3(2)[3], 1fb/626kg/p3(3)[3], 1fb/626kg/p2(2)[2], 2fb/587kg/p1(1)[1], 2fb/593kg/p2(1)[2], 2fb/608kg/p2(2)[2], 2fb/619kg/p3(2)[3], 3fb/624kg/p1(1)[1], 3fb/639kg/p2(2)[2], 3fb/641kg/p1(1)[1]
[16:03:08] budget: 223 s of 300 left for the settles + regrids (settle_wall 480)
[16:03:08]     settle 19: 254 @   3582 d -> ok lintwin tank 1038.4 (+102.1) miss 30 km (2.7 s)
[16:03:09]     settle 23: 219 @   3495 d -> ok lintwin tank 909.6 (+109.0) miss 25 km (5.9 s)
[16:03:09]     settle 22: 159 @   3280 d -> ok lintwin tank 850.4 (+21.6) miss 74 km (2.7 s)
[16:03:09]     settle 21:  24 @   3277 d -> ok lintwin tank 800.8 (+6.8) miss 65 km (3.6 s)
[16:03:10]     settle 21:  33 @   3531 d -> ok lintwin tank 853.6 (+43.3) miss 81 km (6.6 s)
[16:03:11]     settle 24: 145 @   3272 d -> ok lintwin tank 883.9 (+24.4) miss 74 km (3.5 s)
[16:03:13]     settle 23: 222 @   3438 d -> ok lintwin tank 820.2 (+19.5) miss 26 km (3.1 s)
[16:03:13]     settle 19: 273 @   3432 d -> ok lam tank 986.3 (+50.0) miss 50 km (4.2 s)
[16:03:14]     settle 21: 106 @   3543 d -> ok lintwin tank 804.0 (+10.0) miss 73 km (4.3 s)
[16:03:15]     settle 26: 185 @   3502 d -> ok lintwin tank 931.9 (+5.4) miss 61 km (6.7 s)
[16:03:15]     settle 21:  10 @   3580 d -> ok lintwin tank 827.6 (+17.3) miss 79 km (3.8 s)
[16:03:16]     settle 22:   9 @   3348 d -> ok lintwin tank 853.6 (+24.7) miss 78 km (6.4 s)
[16:03:17]     settle 24: 208 @   3598 d -> ok lintwin tank 909.5 (+50.1) miss 59 km (5.8 s)
[16:03:17]     settle 21: 186 @   3538 d -> ok lintwin tank 829.3 (+19.0) miss 79 km (1.7 s)
[16:03:18]     settle 19:  52 @   3503 d -> ok lam tank 981.6 (+45.2) miss 2 km (4.0 s)
[16:03:18]     settle 23: 147 @   3567 d -> ok lintwin tank 835.6 (+34.9) miss 68 km (4.8 s)
[16:03:20]     settle 26: 159 @   3315 d -> ok lintwin tank 935.5 (+9.0) miss 52 km (4.1 s)
[16:03:20]     settle 21: 208 @   3469 d -> ok lintwin tank 818.0 (+24.0) miss 75 km (4.9 s)
[16:03:21]     settle 24: 193 @   3444 d -> ok lintwin tank 907.8 (+48.4) miss 23 km (3.4 s)
[16:03:21]     settle 23: 246 @   3396 d -> ok lintwin tank 815.0 (+14.3) miss 43 km (2.8 s)
[16:03:22]     settle 22: 256 @   3314 d -> ok lintwin tank 882.2 (+53.3) miss 75 km (5.4 s)
[16:03:23]     settle 26:  78 @   3467 d -> ok lintwin tank 931.3 (+4.8) miss 16 km (3.3 s)
[16:03:24]     settle 21: 222 @   3273 d -> ok lintwin tank 890.0 (+79.7) miss 89 km (5.9 s)
[16:03:24]     settle 19: 159 @   3267 d -> ok lintwin tank 940.3 (+4.0) miss 15 km (3.6 s)
[16:03:25]     settle 21: 213 @   3411 d -> ok lintwin tank 809.6 (+15.6) miss 73 km (4.3 s)
[16:03:27]     settle 22: 175 @   3414 d -> ok lintwin tank 854.0 (+25.1) miss 69 km (3.9 s)
[16:03:28]     settle 23: 258 @   3415 d -> ok lintwin tank 848.0 (+47.3) miss 5 km (5.4 s)
[16:03:28]     settle 24: 185 @   3544 d -> ok lintwin tank 951.4 (+91.9) miss 47 km (5.7 s)
[16:03:28]     settle 10:  33 @   3548 d -> FAIL [('lam', 55949.4)] (29.5 s)
[16:03:28]     settle 26: 221 @   3394 d -> ok lintwin tank 946.4 (+19.9) miss 73 km (4.0 s)
[16:03:29]     settle 22:   6 @   3588 d -> ok lintwin tank 853.2 (+24.4) miss 77 km (1.5 s)
[16:03:29]     settle 21: 147 @   3562 d -> ok lintwin tank 822.8 (+28.8) miss 72 km (3.8 s)
[16:03:30]     settle 22: 273 @   3393 d -> ok lintwin tank 855.1 (+26.2) miss 26 km (1.3 s)
[16:03:31]     settle 21:  93 @   3443 d -> ok lintwin tank 822.9 (+12.6) miss 78 km (4.0 s)
[16:03:32]     settle 20:   6 @   3596 d -> ok lam tank 985.0 (+28.5) miss 27 km (7.2 s)
[16:03:32]     settle 24: 117 @   3566 d -> ok lintwin tank 896.8 (+37.4) miss 69 km (3.5 s)
[16:03:33]     settle 22: 198 @   3562 d -> ok lintwin tank 856.8 (+27.9) miss 75 km (2.1 s)
[16:03:33]     settle 23: 195 @   3281 d -> ok lintwin tank 840.1 (+39.4) miss 68 km (2.6 s)
[16:03:34]     settle 21: 156 @   3382 d -> ok lintwin tank 832.6 (+22.3) miss 83 km (2.5 s)
[16:03:34]     settle 26:  57 @   3316 d -> ok lintwin tank 955.4 (+29.0) miss 53 km (5.2 s)
[16:03:35]     settle 21:  37 @   3401 d -> ok lintwin tank 819.3 (+25.3) miss 64 km (5.4 s)
[16:03:36]     settle 21:  24 @   3289 d -> ok lintwin tank 828.9 (+18.6) miss 17 km (1.6 s)
[16:03:38]     settle 24:  25 @   3489 d -> ok lintwin tank 967.3 (+107.9) miss 71 km (5.5 s)
[16:03:39]     settle 21:  91 @   3445 d -> ok lintwin tank 852.2 (+41.9) miss 58 km (2.5 s)
[16:03:39]     settle 23:  93 @   3453 d -> ok lintwin tank 824.1 (+23.4) miss 62 km (5.4 s)
[16:03:40]     settle 22:   4 @   3446 d -> ok lintwin tank 849.7 (+20.9) miss 2 km (5.7 s)
[16:03:40]     settle 26: 273 @   3382 d -> ok lintwin tank 964.1 (+37.6) miss 71 km (5.2 s)
[16:03:40]     settle 20:  46 @   3597 d -> ok lam tank 994.7 (+38.2) miss 33 km (8.0 s)
[16:03:41]     settle 24: 159 @   3292 d -> ok lintwin tank 909.6 (+50.1) miss 79 km (2.4 s)
[16:03:41]     settle 21: 266 @   3569 d -> ok lintwin tank 824.1 (+30.1) miss 71 km (5.5 s)
[16:03:43]     settle 22: 124 @   3300 d -> ok lintwin tank 846.7 (+17.8) miss 60 km (2.7 s)
[16:03:43]     settle 21:  43 @   3390 d -> ok lintwin tank 856.0 (+45.7) miss 17 km (4.1 s)
[16:03:45]     settle 20: 185 @   3527 d -> ok lam tank 1002.3 (+62.0) miss 2 km (3.6 s)
[16:03:45]     settle 23: 156 @   3377 d -> ok lintwin tank 827.0 (+26.3) miss 64 km (4.7 s)
[16:03:45]     settle 24:  49 @   3304 d -> ok lintwin tank 952.9 (+93.4) miss 66 km (3.8 s)
[16:03:46]     settle 26: 191 @   3314 d -> ok lintwin tank 970.2 (+43.7) miss 73 km (5.3 s)
[16:03:46]     settle 21:  16 @   3247 d -> ok lintwin tank 800.1 (+6.1) miss 71 km (3.8 s)
[16:03:47]     settle 10:  85 @   3431 d -> FAIL [('lam', 34705.7)] (19.7 s)
[16:03:48]     settle 23:  46 @   3597 d -> ok lintwin tank 845.3 (+9.2) miss 92 km (4.4 s)
[16:03:48]     settle 24:   9 @   3249 d -> ok lintwin tank 896.5 (+37.0) miss 68 km (2.2 s)
[16:03:49]     settle 21: 270 @   3402 d -> ok lintwin tank 866.4 (+56.1) miss 1 km (5.2 s)
[16:03:49]     settle 19: 159 @   3262 d -> ok lintwin tank 940.5 (+4.2) miss 24 km (3.0 s)
[16:03:49]     settle 22: 221 @   3424 d -> ok lintwin tank 840.3 (+11.4) miss 39 km (1.0 s)
[16:03:49]     settle 23: 208 @   3532 d -> ok lintwin tank 887.6 (+86.9) miss 65 km (4.0 s)
[16:03:52]     settle 23: 185 @   3516 d -> ok lintwin tank 844.8 (+4.5) miss 64 km (2.1 s)
[16:03:52]     settle 26: 207 @   3466 d -> ok lintwin tank 951.5 (+25.0) miss 71 km (5.7 s)
[16:03:52]     settle 21:  33 @   3541 d -> ok lintwin tank 825.2 (+31.2) miss 0 km (6.3 s)
[16:03:52]     settle 20:  78 @   3475 d -> ok lam tank 1000.6 (+60.0) miss 3 km (3.2 s)
[16:03:53] RESULT s09_c6: 10 columns; frontier 1fb 4 kg p2/2 | 2fb 48 kg p2/2; settles 11 (11 ok), regrids 10 (10 ok); wall 122 s of 300 (plan 63, price 1, settle 59; budget hit None, 0 unsettled)
[16:03:53]     settle 24:   6 @   3502 d -> ok lintwin tank 915.9 (+56.5) miss 82 km (4.8 s)
[16:03:54]   job s09_c6 craft columns  10  levels 9  settles 11/11  end plan_done  wall 121.5 s
[16:03:54]     settle 23:  43 @   3369 d -> ok lintwin tank 857.8 (+57.2) miss 70 km (4.4 s)
[16:03:55]     settle 23:   4 @   3455 d -> ok lintwin tank 854.5 (+4.1) miss 67 km (2.6 s)
[16:03:55] RESULT s09_c4: 16 columns; frontier 1fb 6 kg p1/2 | 2fb 16 kg p0/2; settles 17 (17 ok), regrids 16 (16 ok); wall 124 s of 300 (plan 68, price 1, settle 55; budget hit None, 0 unsettled)
[16:03:56]   job s09_c4 craft columns  16  levels 8  settles 17/17  end plan_done  wall 123.6 s
[16:03:56]     settle 24:   9 @   3397 d -> ok lintwin tank 894.6 (+35.2) miss 79 km (2.5 s)
[16:03:57]     settle 21: 156 @   3386 d -> ok lintwin tank 810.1 (+16.1) miss 70 km (4.1 s)
[16:03:58]     settle 26:  89 @   3539 d -> ok lintwin tank 979.8 (+53.3) miss 0 km (5.3 s)
[16:03:58]     settle 21: 253 @   3264 d -> FAIL [('lam', 21285489.9)] (8.2 s)
[16:03:59]     settle 22:  10 @   3580 d -> ok lintwin tank 838.8 (+15.9) miss 37 km (0.9 s)
[16:04:01]     settle 23: 173 @   3442 d -> ok lintwin tank 887.1 (+86.5) miss 79 km (5.6 s)
[16:04:02]     settle 25: 198 @   3575 d -> ok lintwin tank 928.4 (+33.7) miss 0 km (5.2 s)
[16:04:03]     settle 25: 274 @   3486 d -> ok lintwin tank 917.8 (+8.2) miss 16 km (0.5 s)
[16:04:03]     settle 10: 156 @   3375 d -> FAIL [('lam', 30800.6)] (15.4 s)
[16:04:03]     settle 27:  78 @   3470 d -> ok lintwin tank 962.0 (+15.7) miss 60 km (2.8 s)
[16:04:04]     settle 21:  19 @   3315 d -> ok lintwin tank 857.6 (+63.6) miss 0 km (5.9 s)
[16:04:05]     settle 24:  65 @   3593 d -> ok lintwin tank 824.6 (+9.6) miss 68 km (4.4 s)
[16:04:06]     settle 22:  93 @   3445 d -> ok lintwin tank 905.6 (+49.5) miss 83 km (6.3 s)
[16:04:07]     settle 27: 221 @   3420 d -> ok lintwin tank 1005.3 (+69.8) miss 74 km (3.8 s)
[16:04:08]     settle 25:  77 @   3492 d -> ok lintwin tank 925.9 (+29.4) miss 24 km (5.0 s)
[16:04:09] RESULT s09_c5: 16 columns; frontier 1fb 11 kg p2/2 | 2fb 58 kg p2/2; settles 17 (17 ok), regrids 16 (16 ok); wall 137 s of 300 (plan 64, price 1, settle 73; budget hit None, 0 unsettled)
[16:04:10]     settle 10:  78 @   3267 d -> FAIL [('lam', 23791.3)] (6.9 s)
[16:04:10]   job s09_c5 craft columns  16  levels 8  settles 17/17  end plan_done  wall 137.3 s
[16:04:10]     settle 24: 242 @   3586 d -> ok lintwin tank 855.8 (+15.7) miss 66 km (4.2 s)
[16:04:10]     settle 21: 156 @   3379 d -> ok lintwin tank 832.7 (+22.4) miss 80 km (1.9 s)
[16:04:11]     settle 22: 258 @   3442 d -> ok lintwin tank 833.8 (+33.7) miss 91 km (5.0 s)
[16:04:11]     settle 22:  33 @   3528 d -> ok lintwin tank 854.9 (+22.2) miss 82 km (0.7 s)
[16:04:12]   1 candidates dropped (settle failure / regrid failure / duplicate after truncation)
[16:04:12] RESULT s09_c0: 15 columns; frontier 1fb 6 kg p1/3 | 2fb 28 kg p0/2; settles 17 (16 ok), regrids 15 (15 ok); wall 140 s of 300 (plan 66, price 1, settle 74; budget hit None, 0 unsettled)
[16:04:12]   job s09_c0 craft columns  15  levels 8  settles 16/17  end plan_done  wall 140.2 s
[16:04:14]     settle 22: 208 @   3495 d -> ok lintwin tank 827.3 (+8.0) miss 78 km (3.4 s)
[16:04:14]     settle 27:  18 @   3560 d -> ok lintwin tank 970.6 (+35.1) miss 65 km (6.5 s)
[16:04:17]     settle 24: 242 @   3552 d -> ok lintwin tank 865.7 (+7.9) miss 2 km (6.0 s)
[16:04:17]     settle 22: 208 @   3491 d -> ok lintwin tank 842.8 (+42.7) miss 4 km (2.3 s)
[16:04:18]     settle 27: 221 @   3436 d -> ok lintwin tank 962.3 (+6.8) miss 72 km (3.2 s)
[16:04:21]     settle 23: 156 @   3381 d -> ok lintwin tank 827.0 (+26.3) miss 66 km (4.3 s)
[16:04:21]     settle 22: 117 @   3425 d -> ok lintwin tank 847.8 (+47.7) miss 24 km (3.7 s)
[16:04:22] RESULT s09_c3: 16 columns; frontier 1fb 2 kg p1/3 | 2fb 33 kg p0/3; settles 16 (16 ok), regrids 16 (16 ok); wall 150 s of 300 (plan 70, price 1, settle 80; budget hit None, 0 unsettled)
[16:04:22]     settle 28: 185 @   3505 d -> ok lintwin tank 1043.5 (+38.1) miss 47 km (3.0 s)
[16:04:22]     settle 24:  93 @   3456 d -> ok lintwin tank 840.4 (+13.4) miss 99 km (0.8 s)
[16:04:24]   job s09_c3 craft columns  16  levels 9  settles 16/16  end plan_done  wall 150.5 s
[16:04:25]     settle 25:  65 @   3593 d -> ok lintwin tank 851.4 (+11.0) miss 71 km (2.9 s)
[16:04:26] RESULT s09_c2: 16 columns; frontier 1fb 14 kg p1/2 | 2fb 24 kg p1/2 | 3fb 50 kg p0/0; settles 18 (18 ok), regrids 16 (16 ok); wall 154 s of 300 (plan 65, price 1, settle 89; budget hit None, 0 unsettled)
[16:04:26]   job s09_c2 craft columns  16  levels 8  settles 18/18  end plan_done  wall 154.2 s
[16:04:26]     settle 28:  18 @   3572 d -> ok lintwin tank 990.0 (+27.7) miss 43 km (3.9 s)
[16:04:32]     settle 27: 207 @   3462 d -> ok lintwin tank 973.2 (+9.1) miss 0 km (4.9 s)
[16:04:35]     settle 28:  18 @   3582 d -> ok lintwin tank 984.6 (+11.4) miss 74 km (2.9 s)
[16:04:35] RESULT s09_c1: 16 columns; frontier 1fb 4 kg p2/3 | 2fb 35 kg p1/2 | 3fb 58 kg p1/2; settles 17 (17 ok), regrids 16 (16 ok); wall 164 s of 300 (plan 77, price 1, settle 87; budget hit None, 0 unsettled)
[16:04:36]   job s09_c1 craft columns  16  levels 9  settles 17/17  end plan_done  wall 164.0 s
[16:04:58]     settle 10: 270 @   3342 d -> FAIL [('lam', 56427.3)] (48.0 s)
[16:05:50]     settle 10:  93 @   3455 d -> FAIL [('lam', 40320.4)] (52.0 s)
[16:06:03]     settle 10:  52 @   3321 d -> FAIL [('lam', 11687.3)] (13.5 s)
[16:06:26]     settle 10: 159 @   3393 d -> FAIL [('lam', 21489.0)] (22.5 s)
[16:06:43]     settle 10: 170 @   3278 d -> FAIL [('lam', 7290.6)] (16.8 s)
[16:07:05]     settle 10: 241 @   3300 d -> FAIL [('lam', 7718583.3)] (22.2 s)
[16:07:05]   budget reached (job_wall: settle 247 s of 480, 0 s of the job left): 6 candidates not settled
[16:07:05]   10 candidates dropped (settle failure / regrid failure / duplicate after truncation)
[16:07:05] RESULT s09_c7: 0 columns; frontier ; settles 17 (0 ok), regrids 0 (0 ok); wall 314 s of 300 (plan 67, price 1, settle 247; budget hit job_wall, 6 unsettled)
[16:07:06]   job s09_c7 craft columns   0  levels 9  settles 0/17  end plan_done  wall 313.6 s
[16:07:06] [slice 9] propose: 105 columns (0 bad dropped) in 314.7 s
[16:07:06] [slice 9] auction: 105 columns, kept 94, dropped {'ramp': 11}; lam 1.00 H_eff 360 d fuel budget 322 kg quota on
[16:07:06] [slice 9] auction: status optimal objective 20.265 vars 94 rows 39 chosen 7 fuel 263/322 kg (0.016 s)
[16:07:08] [slice 9] claims: c0:2 c1:2 c2:1 c3:1 c4:1 c5:1 c6:3  (11 targets: 0 kept, 11 new; 9 released, 0 expired (ttl 6), 2 conflicts)
[16:07:08] [slice 9 T=3240 d] launched 8/8  covered 171  remaining 127  fuel 2120 kg  sumJi 9.8280  chosen: c0:2(+44) c1:2(+44) c2:2(+24) c3:2(+49) c4:2(+16) c5:2(+66) c6:1(+20)  rejected: -  (wall 317 s)
[16:07:08] [slice 10] claims in force: c0:2 c1:2 c2:1 c3:1 c4:1 c5:1 c6:3  (11 targets; claim_bonus 1.0, ttl 6)
[16:07:08]   c0: claims: 2 own (prized +1.0), 9 claimed by others withheld
[16:07:08]   c1: claims: 2 own (prized +1.0), 9 claimed by others withheld
[16:07:08]   c2: claims: 1 own (prized +1.0), 10 claimed by others withheld
[16:07:08]   c3: claims: 1 own (prized +1.0), 10 claimed by others withheld
[16:07:08]   c4: claims: 1 own (prized +1.0), 10 claimed by others withheld
[16:07:08]   c5: claims: 1 own (prized +1.0), 10 claimed by others withheld
[16:07:08]   c6: claims: 3 own (prized +1.0), 8 claimed by others withheld
[16:07:08]   c7: claims: 0 own (prized +1.0), 11 claimed by others withheld
[16:07:08] [slice 10 T=3600 d] propose: 8 jobs (8 craft, 0 root) on 9 workers, proposer planbeam, H_eff 360 d, lam 1.0
[16:07:08] job s10_c4 (craft, craft 4, planbeam): T 3600 d H 360 L 360; plan horizon 5040 d; remaining 117; prize >1 on 96; width 150 npt 6 mc 150 dv 1.2 drmax 0.15 plan_wall 240 s; quota {'fil': 5, 'med': 8}
[16:07:08] job s10_c0 (craft, craft 0, planbeam): T 3600 d H 360 L 360; plan horizon 5040 d; remaining 118; prize >1 on 97; width 150 npt 6 mc 150 dv 1.2 drmax 0.15 plan_wall 240 s; quota {'fil': 3, 'med': 11}
[16:07:08] job s10_c5 (craft, craft 5, planbeam): T 3600 d H 360 L 360; plan horizon 5040 d; remaining 117; prize >1 on 96; width 150 npt 6 mc 150 dv 1.2 drmax 0.15 plan_wall 240 s; quota {'fil': 1, 'med': 12}
[16:07:08] job s10_c3 (craft, craft 3, planbeam): T 3600 d H 360 L 360; plan horizon 5040 d; remaining 117; prize >1 on 96; width 150 npt 6 mc 150 dv 1.2 drmax 0.15 plan_wall 240 s; quota {'fil': 5, 'med': 12}
[16:07:08] job s10_c1 (craft, craft 1, planbeam): T 3600 d H 360 L 360; plan horizon 5040 d; remaining 118; prize >1 on 97; width 150 npt 6 mc 150 dv 1.2 drmax 0.15 plan_wall 240 s; quota {'fil': 4, 'med': 7}
[16:07:08] job s10_c6 (craft, craft 6, planbeam): T 3600 d H 360 L 360; plan horizon 5040 d; remaining 119; prize >1 on 98; width 150 npt 6 mc 150 dv 1.2 drmax 0.15 plan_wall 240 s; quota {'fil': 7, 'med': 10}
[16:07:08] job s10_c2 (craft, craft 2, planbeam): T 3600 d H 360 L 360; plan horizon 5040 d; remaining 117; prize >1 on 96; width 150 npt 6 mc 150 dv 1.2 drmax 0.15 plan_wall 240 s; quota {'fil': 4, 'med': 10}
[16:07:08] job s10_c7 (craft, craft 7, planbeam): T 3600 d H 360 L 360; plan horizon 5040 d; remaining 116; prize >1 on 95; width 150 npt 6 mc 150 dv 1.2 drmax 0.15 plan_wall 240 s; quota {'fil': 6, 'med': 15}
[16:07:08] prefix slices/s10/in/craft_7.npz: 9 flybys, t_end 1519.3 d, tank 701.1 kg (planner view), miss 11.1 km, nreg 72
[16:07:08] budget: job_wall 300 s, 300 s left before the plan -> plan cap 210 s (plan_wall 240, settle_reserve 90)
[16:07:08] prefix slices/s10/in/craft_4.npz: 23 flybys, t_end 3595.9 d, tank 845.0 kg (planner view), miss 4.1 km, nreg 178
[16:07:08] budget: job_wall 300 s, 300 s left before the plan -> plan cap 210 s (plan_wall 240, settle_reserve 90)
[16:07:08] prefix slices/s10/in/craft_2.npz: 24 flybys, t_end 3597.7 d, tank 824.3 kg (planner view), miss 5.3 km, nreg 179
[16:07:08] budget: job_wall 300 s, 300 s left before the plan -> plan cap 210 s (plan_wall 240, settle_reserve 90)
[16:07:08] prefix slices/s10/in/craft_5.npz: 25 flybys, t_end 3497.0 d, tank 925.7 kg (planner view), miss 8.6 km, nreg 173
[16:07:08] budget: job_wall 300 s, 300 s left before the plan -> plan cap 210 s (plan_wall 240, settle_reserve 90)
[16:07:08] prefix slices/s10/in/craft_0.npz: 22 flybys, t_end 3530.6 d, tank 854.4 kg (planner view), miss 43.8 km, nreg 179
[16:07:08] budget: job_wall 300 s, 300 s left before the plan -> plan cap 210 s (plan_wall 240, settle_reserve 90)
[16:07:08] prefix slices/s10/in/craft_3.npz: 22 flybys, t_end 3497.2 d, tank 842.7 kg (planner view), miss 69.1 km, nreg 174
[16:07:08] prefix slices/s10/in/craft_6.npz: 19 flybys, t_end 3435.5 d, tank 956.7 kg (planner view), miss 22.8 km, nreg 168
[16:07:08] budget: job_wall 300 s, 300 s left before the plan -> plan cap 210 s (plan_wall 240, settle_reserve 90)
[16:07:08] budget: job_wall 300 s, 300 s left before the plan -> plan cap 210 s (plan_wall 240, settle_reserve 90)
[16:07:08] prefix slices/s10/in/craft_1.npz: 27 flybys, t_end 3551.7 d, tank 970.3 kg (planner view), miss 3.6 km, nreg 181
[16:07:08] budget: job_wall 300 s, 300 s left before the plan -> plan cap 210 s (plan_wall 240, settle_reserve 90)
[16:07:27] first level (both): 0 production + 36 relaxed (dv 2.5, 0.3 AU; 0.1 s) + 27 lintwin children -> 39 unique (18.3 s)
[16:07:27] plan start: prefix 23 flybys, t_end 3595.9 d, planner mass 1138.9 kg (dv 13.335 km/s); 39 first-level states
[16:07:27] first level (both): 0 production + 16 relaxed (dv 2.5, 0.3 AU; 0.1 s) + 0 lintwin children -> 11 unique (18.6 s)
[16:07:27] plan start: prefix 19 flybys, t_end 3435.5 d, planner mass 1006.0 kg (dv 18.203 km/s); 11 first-level states
[16:07:27] first level (both): 0 production + 27 relaxed (dv 2.5, 0.3 AU; 0.1 s) + 29 lintwin children -> 37 unique (19.0 s)
[16:07:27] plan start: prefix 24 flybys, t_end 3597.7 d, planner mass 1167.5 kg (dv 12.360 km/s); 37 first-level states
[16:07:27] first level (both): 0 production + 0 relaxed (dv 2.5, 0.3 AU; 0.0 s) + 56 lintwin children -> 56 unique (19.2 s)
[16:07:27] plan start: prefix 9 flybys, t_end 1519.3 d, planner mass 1372.7 kg (dv 6.011 km/s); 56 first-level states
[16:07:28] first level (both): 0 production + 10 relaxed (dv 2.5, 0.3 AU; 0.1 s) + 30 lintwin children -> 35 unique (19.5 s)
[16:07:28] plan start: prefix 25 flybys, t_end 3497.0 d, planner mass 1039.7 kg (dv 16.910 km/s); 35 first-level states
[16:07:28] first level (both): 0 production + 14 relaxed (dv 2.5, 0.3 AU; 0.1 s) + 38 lintwin children -> 44 unique (19.5 s)
[16:07:28] plan start: prefix 22 flybys, t_end 3497.2 d, planner mass 1142.1 kg (dv 13.226 km/s); 44 first-level states
[16:07:28] first level (both): 0 production + 50 relaxed (dv 2.5, 0.3 AU; 0.1 s) + 44 lintwin children -> 70 unique (19.7 s)
[16:07:28] plan start: prefix 22 flybys, t_end 3530.6 d, planner mass 1126.3 kg (dv 13.769 km/s); 70 first-level states
[16:07:30] first level (both): 0 production + 28 relaxed (dv 2.5, 0.3 AU; 0.0 s) + 32 lintwin children -> 47 unique (21.4 s)
[16:07:30] plan start: prefix 27 flybys, t_end 3551.7 d, planner mass 991.8 kg (dv 18.758 km/s); 47 first-level states
[16:07:47] plan: 538 states, depth 8 new flybys, end plan_done (39 s); deepest 8 new to 5009 d at planner fuel 734 kg
[16:07:47]   depth  1:   11 states (11 in H), t_end 3630-3786 d, fuel 620-664 kg
[16:07:47]   depth  2:   14 states (11 in H), t_end 3851-4176 d, fuel 634-691 kg
[16:07:47]   depth  3:   54 states (0 in H), t_end 4035-4600 d, fuel 641-717 kg
[16:07:47]   depth  4:  150 states (0 in H), t_end 4182-4830 d, fuel 645-744 kg
[16:07:47]   depth  5:  150 states (0 in H), t_end 4357-5025 d, fuel 669-770 kg
[16:07:47]   depth  6:  110 states (0 in H), t_end 4483-5040 d, fuel 687-780 kg
[16:07:47]   depth  7:   44 states (0 in H), t_end 4685-5036 d, fuel 717-804 kg
[16:07:47]   depth  8:    5 states (0 in H), t_end 5007-5036 d, fuel 734-811 kg
[16:07:47] candidates: 10 distinct committed target sets (n_new 1-2, potential 0-2)
[16:07:47] frontier: 10 candidates chosen (n fb / committed planner kg / continuation (lookahead) [full]; pot_mode lookahead, pot_cap None): 1fb/620kg/p3(2)[3], 1fb/629kg/p0(0)[0], 1fb/662kg/p2(1)[2], 1fb/662kg/p2(1)[2], 2fb/634kg/p2(2)[2], 2fb/675kg/p1(1)[1], 2fb/679kg/p2(2)[2], 2fb/683kg/p1(1)[1], 2fb/684kg/p1(1)[1], 2fb/691kg/p1(1)[1]
[16:07:47] budget: 261 s of 300 left for the settles + regrids (settle_wall 480)
[16:07:49] plan: 572 states, depth 7 new flybys, end plan_done (41 s); deepest 7 new to 4993 d at planner fuel 707 kg
[16:07:49]   depth  1:   35 states (21 in H), t_end 3617-4249 d, fuel 562-632 kg
[16:07:49]   depth  2:   70 states (13 in H), t_end 3877-4616 d, fuel 579-661 kg
[16:07:49]   depth  3:  149 states (0 in H), t_end 4040-5024 d, fuel 599-685 kg
[16:07:49]   depth  4:  150 states (0 in H), t_end 4226-5036 d, fuel 621-711 kg
[16:07:49]   depth  5:  123 states (0 in H), t_end 4430-5036 d, fuel 653-728 kg
[16:07:49]   depth  6:   38 states (0 in H), t_end 4694-5029 d, fuel 680-753 kg
[16:07:49]   depth  7:    7 states (0 in H), t_end 4991-5014 d, fuel 707-774 kg
[16:07:49] candidates: 22 distinct committed target sets (n_new 1-2, potential 0-3)
[16:07:49] frontier: 16 candidates chosen (n fb / committed planner kg / continuation (lookahead) [full]; pot_mode lookahead, pot_cap None): 1fb/562kg/p0(0)[0], 1fb/581kg/p2(2)[2], 1fb/589kg/p2(1)[2], 1fb/603kg/p1(1)[1], 1fb/605kg/p2(2)[2], 1fb/607kg/p3(2)[3], 1fb/622kg/p1(1)[1], 1fb/623kg/p1(1)[1], 1fb/629kg/p3(3)[3], 1fb/629kg/p2(2)[2], 1fb/631kg/p1(0)[1], 1fb/632kg/p1(1)[1], 1fb/632kg/p1(1)[1], 2fb/613kg/p1(1)[1], 2fb/623kg/p2(2)[2], 2fb/623kg/p0(0)[0]
[16:07:49] budget: 259 s of 300 left for the settles + regrids (settle_wall 480)
[16:07:51]     settle 20: 122 @   3670 d -> ok lam tank 973.3 (+16.6) miss 1 km (3.4 s)
[16:07:55]     settle 26: 121 @   3637 d -> ok lintwin tank 933.1 (+7.4) miss 71 km (5.8 s)
[16:07:55]     settle 20: 203 @   3776 d -> ok lin tank 976.9 (+20.2) miss 72 km (3.9 s)
[16:07:57] plan: 755 states, depth 8 new flybys, end plan_done (49 s); deepest 8 new to 5040 d at planner fuel 602 kg
[16:07:57]   depth  1:   37 states (20 in H), t_end 3674-4209 d, fuel 441-518 kg
[16:07:57]   depth  2:   93 states (7 in H), t_end 3849-4688 d, fuel 444-538 kg
[16:07:57]   depth  3:  150 states (0 in H), t_end 3980-4892 d, fuel 455-566 kg
[16:07:57]   depth  4:  150 states (0 in H), t_end 4198-5039 d, fuel 482-592 kg
[16:07:57]   depth  5:  150 states (0 in H), t_end 4479-5038 d, fuel 497-617 kg
[16:07:57]   depth  6:  116 states (0 in H), t_end 4601-5040 d, fuel 543-644 kg
[16:07:57]   depth  7:   50 states (0 in H), t_end 4803-5040 d, fuel 580-648 kg
[16:07:57]   depth  8:    9 states (0 in H), t_end 4904-5040 d, fuel 602-667 kg
[16:07:57] candidates: 18 distinct committed target sets (n_new 1-2, potential 0-2)
[16:07:57] frontier: 16 candidates chosen (n fb / committed planner kg / continuation (lookahead) [full]; pot_mode lookahead, pot_cap None): 1fb/442kg/p3(2)[3], 1fb/455kg/p0(0)[0], 1fb/457kg/p2(2)[2], 1fb/462kg/p1(1)[1], 1fb/464kg/p2(2)[2], 1fb/469kg/p1(0)[1], 1fb/479kg/p2(2)[2], 1fb/480kg/p2(2)[2], 1fb/491kg/p2(2)[2], 1fb/496kg/p2(2)[2], 1fb/500kg/p1(1)[1], 1fb/500kg/p1(0)[1], 1fb/509kg/p2(2)[2], 2fb/452kg/p2(2)[2], 2fb/501kg/p0(0)[0], 2fb/507kg/p0(0)[0]
[16:07:57] budget: 251 s of 300 left for the settles + regrids (settle_wall 480)
[16:07:58]     settle 25: 222 @   3780 d -> ok lintwin tank 830.4 (+6.1) miss 23 km (0.6 s)
[16:07:59] plan: 780 states, depth 8 new flybys, end plan_done (51 s); deepest 8 new to 5031 d at planner fuel 650 kg
[16:07:59]   depth  1:   44 states (27 in H), t_end 3637-4251 d, fuel 471-542 kg
[16:07:59]   depth  2:  135 states (14 in H), t_end 3750-4639 d, fuel 484-573 kg
[16:07:59]   depth  3:  150 states (0 in H), t_end 3960-5029 d, fuel 493-605 kg
[16:07:59]   depth  4:  150 states (0 in H), t_end 4220-5036 d, fuel 521-633 kg
[16:07:59]   depth  5:  150 states (0 in H), t_end 4372-5040 d, fuel 537-663 kg
[16:07:59]   depth  6:   92 states (0 in H), t_end 4547-5039 d, fuel 575-674 kg
[16:07:59]   depth  7:   45 states (0 in H), t_end 4665-5039 d, fuel 611-689 kg
[16:07:59]   depth  8:   14 states (0 in H), t_end 4899-5039 d, fuel 650-706 kg
[16:07:59] candidates: 30 distinct committed target sets (n_new 1-2, potential 0-3)
[16:07:59] frontier: 16 candidates chosen (n fb / committed planner kg / continuation (lookahead) [full]; pot_mode lookahead, pot_cap None): 1fb/473kg/p2(2)[2], 1fb/479kg/p0(0)[0], 1fb/481kg/p3(3)[3], 1fb/486kg/p1(1)[1], 1fb/486kg/p1(1)[1], 1fb/506kg/p1(1)[1], 1fb/509kg/p2(2)[2], 1fb/509kg/p1(0)[1], 1fb/512kg/p2(2)[2], 1fb/514kg/p2(2)[2], 1fb/517kg/p3(2)[3], 1fb/529kg/p2(1)[2], 1fb/541kg/p2(1)[2], 2fb/498kg/p0(0)[0], 2fb/512kg/p0(0)[0], 2fb/550kg/p2(2)[2]
[16:07:59] budget: 249 s of 300 left for the settles + regrids (settle_wall 480)
[16:07:59] plan: 811 states, depth 8 new flybys, end plan_done (51 s); deepest 8 new to 5037 d at planner fuel 669 kg
[16:07:59]   depth  1:   39 states (24 in H), t_end 3701-4188 d, fuel 484-541 kg
[16:07:59]   depth  2:  150 states (4 in H), t_end 3941-4727 d, fuel 498-572 kg
[16:07:59]   depth  3:  150 states (0 in H), t_end 3977-5016 d, fuel 514-600 kg
[16:07:59]   depth  4:  150 states (0 in H), t_end 4277-5037 d, fuel 529-623 kg
[16:07:59]   depth  5:  150 states (0 in H), t_end 4498-5034 d, fuel 557-646 kg
[16:07:59]   depth  6:  144 states (0 in H), t_end 4725-5040 d, fuel 577-672 kg
[16:07:59]   depth  7:   27 states (0 in H), t_end 4909-5039 d, fuel 591-679 kg
[16:07:59]   depth  8:    1 states (0 in H), t_end 5037-5037 d, fuel 669-669 kg
[16:07:59] candidates: 15 distinct committed target sets (n_new 1-2, potential 0-2)
[16:07:59] frontier: 15 candidates chosen (n fb / committed planner kg / continuation (lookahead) [full]; pot_mode lookahead, pot_cap None): 1fb/495kg/p1(1)[1], 1fb/496kg/p1(1)[1], 1fb/497kg/p2(2)[2], 1fb/499kg/p2(2)[2], 1fb/516kg/p1(1)[1], 1fb/518kg/p2(2)[2], 1fb/519kg/p1(1)[1], 1fb/520kg/p1(1)[1], 1fb/527kg/p1(1)[1], 1fb/528kg/p3(2)[3], 1fb/530kg/p1(1)[1], 1fb/534kg/p2(2)[2], 1fb/536kg/p2(2)[2], 1fb/540kg/p0(0)[0], 2fb/560kg/p2(2)[2]
[16:07:59] budget: 249 s of 300 left for the settles + regrids (settle_wall 480)
[16:08:01] plan: 856 states, depth 8 new flybys, end plan_done (53 s); deepest 8 new to 5033 d at planner fuel 403 kg
[16:08:01]   depth  1:   56 states (31 in H), t_end 3615-4305 d, fuel 227-325 kg
[16:08:01]   depth  2:  150 states (34 in H), t_end 3759-4710 d, fuel 232-357 kg
[16:08:01]   depth  3:  150 states (1 in H), t_end 3877-5032 d, fuel 242-385 kg
[16:08:01]   depth  4:  150 states (0 in H), t_end 4048-5039 d, fuel 275-420 kg
[16:08:01]   depth  5:  150 states (0 in H), t_end 4478-5039 d, fuel 291-451 kg
[16:08:01]   depth  6:  150 states (0 in H), t_end 4649-5040 d, fuel 318-486 kg
[16:08:01]   depth  7:   46 states (0 in H), t_end 4900-5038 d, fuel 338-517 kg
[16:08:01]   depth  8:    4 states (0 in H), t_end 5011-5036 d, fuel 403-508 kg
[16:08:01] candidates: 49 distinct committed target sets (n_new 1-3, potential 0-2)
[16:08:01] frontier: 16 candidates chosen (n fb / committed planner kg / continuation (lookahead) [full]; pot_mode lookahead, pot_cap None): 1fb/227kg/p2(2)[2], 1fb/227kg/p1(1)[1], 1fb/227kg/p1(1)[1], 1fb/227kg/p3(1)[3], 1fb/230kg/p2(1)[2], 1fb/233kg/p2(1)[2], 1fb/233kg/p2(2)[2], 1fb/239kg/p2(2)[2], 1fb/279kg/p2(1)[2], 1fb/284kg/p3(2)[3], 1fb/304kg/p2(2)[2], 1fb/309kg/p2(1)[2], 2fb/251kg/p0(0)[0], 2fb/253kg/p2(1)[2], 2fb/257kg/p2(2)[2], 3fb/299kg/p1(1)[1]
[16:08:01] budget: 247 s of 300 left for the settles + regrids (settle_wall 480)
[16:08:03]     settle 20: 176 @   3640 d -> ok lam tank 1008.0 (+51.3) miss 1 km (7.0 s)
[16:08:04]     settle 25: 179 @   3854 d -> ok lintwin tank 841.4 (+17.2) miss 64 km (5.4 s)
[16:08:05]     settle 23: 222 @   3637 d -> ok lintwin tank 848.7 (+6.0) miss 70 km (5.3 s)
[16:08:05]     settle 26: 212 @   3914 d -> ok lintwin tank 967.1 (+41.5) miss 54 km (9.0 s)
[16:08:06] plan: 881 states, depth 8 new flybys, end plan_done (57 s); deepest 8 new to 4974 d at planner fuel 622 kg
[16:08:06]   depth  1:   70 states (51 in H), t_end 3611-4209 d, fuel 480-555 kg
[16:08:06]   depth  2:  150 states (37 in H), t_end 3720-4728 d, fuel 498-582 kg
[16:08:06]   depth  3:  150 states (12 in H), t_end 3850-5034 d, fuel 513-610 kg
[16:08:06]   depth  4:  150 states (0 in H), t_end 4047-5039 d, fuel 532-617 kg
[16:08:06]   depth  5:  150 states (0 in H), t_end 4337-5037 d, fuel 548-647 kg
[16:08:06]   depth  6:  122 states (0 in H), t_end 4462-5040 d, fuel 566-672 kg
[16:08:06]   depth  7:   71 states (0 in H), t_end 4586-5039 d, fuel 585-691 kg
[16:08:06]   depth  8:   18 states (0 in H), t_end 4911-5038 d, fuel 622-710 kg
[16:08:06] candidates: 51 distinct committed target sets (n_new 1-3, potential 0-2)
[16:08:06] frontier: 16 candidates chosen (n fb / committed planner kg / continuation (lookahead) [full]; pot_mode lookahead, pot_cap None): 1fb/488kg/p1(0)[1], 1fb/489kg/p1(1)[1], 1fb/493kg/p2(0)[2], 1fb/494kg/p1(1)[1], 1fb/501kg/p3(2)[3], 1fb/501kg/p2(0)[2], 1fb/529kg/p3(2)[3], 1fb/531kg/p3(2)[3], 1fb/535kg/p2(1)[2], 1fb/546kg/p2(1)[2], 2fb/512kg/p2(2)[2], 2fb/515kg/p0(0)[0], 2fb/515kg/p1(0)[1], 3fb/519kg/p0(0)[0], 3fb/557kg/p0(0)[0], 3fb/585kg/p1(1)[1]
[16:08:06] budget: 243 s of 300 left for the settles + regrids (settle_wall 480)
[16:08:06]     settle 25: 212 @   3867 d -> ok lintwin tank 830.2 (+5.9) miss 95 km (1.1 s)
[16:08:06]     settle 24: 227 @   3844 d -> ok lintwin tank 880.8 (+35.8) miss 72 km (6.7 s)
[16:08:09]     settle 23: 242 @   3619 d -> ok lintwin tank 863.1 (+8.6) miss 80 km (3.5 s)
[16:08:09]     settle 26: 235 @   3705 d -> ok lintwin tank 939.8 (+14.1) miss 53 km (3.6 s)
[16:08:11]     settle 24:  95 @   3885 d -> ok lintwin tank 868.7 (+23.7) miss 62 km (3.7 s)
[16:08:11] plan: 919 states, depth 9 new flybys, end plan_done (63 s); deepest 9 new to 5024 d at planner fuel 764 kg
[16:08:11]   depth  1:   47 states (24 in H), t_end 3624-4224 d, fuel 623-676 kg
[16:08:11]   depth  2:  121 states (13 in H), t_end 3784-4724 d, fuel 634-702 kg
[16:08:11]   depth  3:  150 states (1 in H), t_end 3928-5012 d, fuel 656-724 kg
[16:08:11]   depth  4:  150 states (0 in H), t_end 4168-5031 d, fuel 675-745 kg
[16:08:11]   depth  5:  150 states (0 in H), t_end 4378-5036 d, fuel 684-773 kg
[16:08:11]   depth  6:  150 states (0 in H), t_end 4507-5040 d, fuel 702-775 kg
[16:08:11]   depth  7:  117 states (0 in H), t_end 4679-5039 d, fuel 717-796 kg
[16:08:11]   depth  8:   32 states (0 in H), t_end 4846-5040 d, fuel 731-792 kg
[16:08:11]   depth  9:    2 states (0 in H), t_end 5024-5026 d, fuel 764-770 kg
[16:08:11] candidates: 30 distinct committed target sets (n_new 1-3, potential 0-3)
[16:08:11] frontier: 16 candidates chosen (n fb / committed planner kg / continuation (lookahead) [full]; pot_mode lookahead, pot_cap None): 1fb/624kg/p3(3)[3], 1fb/631kg/p2(2)[2], 1fb/636kg/p0(0)[0], 1fb/641kg/p1(1)[1], 1fb/643kg/p1(1)[1], 1fb/644kg/p1(1)[1], 1fb/645kg/p3(1)[3], 1fb/656kg/p1(1)[1], 1fb/660kg/p1(0)[1], 1fb/660kg/p1(1)[1], 1fb/674kg/p2(1)[2], 2fb/647kg/p2(2)[2], 2fb/654kg/p2(1)[2], 2fb/656kg/p1(1)[1], 2fb/661kg/p2(2)[2], 3fb/671kg/p1(1)[1]
[16:08:11] budget: 237 s of 300 left for the settles + regrids (settle_wall 480)
[16:08:12]     settle 25: 102 @   3835 d -> ok lintwin tank 861.7 (+37.4) miss 67 km (5.7 s)
[16:08:12]     settle 23:  56 @   3958 d -> ok lintwin tank 850.5 (+7.8) miss 94 km (6.6 s)
[16:08:13]     settle 23:  32 @   3888 d -> ok lintwin tank 863.5 (+9.0) miss 62 km (3.1 s)
[16:08:13]     settle 26:  49 @   3709 d -> ok lintwin tank 991.3 (+65.6) miss 74 km (3.1 s)
[16:08:14]     settle 20: 142 @   3697 d -> ok lam tank 995.6 (+38.9) miss 89 km (4.2 s)
[16:08:14]     settle 23: 117 @   3753 d -> ok lintwin tank 860.9 (+18.2) miss 75 km (1.4 s)
[16:08:15]     settle 24: 176 @   3770 d -> ok lintwin tank 863.6 (+18.6) miss 70 km (3.4 s)
[16:08:16]     settle 23: 266 @   3611 d -> ok lintwin tank 869.0 (+14.6) miss 69 km (2.6 s)
[16:08:19]     settle 24: 251 @   3841 d -> ok lintwin tank 861.3 (+16.3) miss 65 km (3.4 s)
[16:08:19]     settle 25:  94 @   3789 d -> ok lintwin tank 852.6 (+28.3) miss 80 km (6.5 s)
[16:08:19]     settle 21: 113 @   3909 d -> ok lam tank 991.2 (+17.9) miss 1 km (1.2 s)
[16:08:20]     settle 23:  86 @   3893 d -> ok lintwin tank 868.3 (+13.8) miss 63 km (2.9 s)
[16:08:21]     settle 28: 178 @   3778 d -> ok lintwin tank 983.8 (+13.5) miss 38 km (9.7 s)
[16:08:21]     settle 23: 179 @   3840 d -> ok lintwin tank 855.9 (+13.3) miss 70 km (5.7 s)
[16:08:22]     settle 26: 118 @   3879 d -> ok lintwin tank 946.9 (+21.2) miss 1 km (8.2 s)
[16:08:23]     settle 25: 195 @   3704 d -> ok lintwin tank 865.9 (+41.6) miss 67 km (3.2 s)
[16:08:23]     settle 23: 282 @   3774 d -> ok lintwin tank 868.9 (+14.5) miss 60 km (2.6 s)
[16:08:24]     settle 24:  59 @   3892 d -> ok lintwin tank 879.9 (+34.9) miss 77 km (4.4 s)
[16:08:26]     settle 26:  40 @   3617 d -> ok lintwin tank 977.7 (+52.0) miss 71 km (2.7 s)
[16:08:26]     settle 23: 173 @   3654 d -> ok lintwin tank 869.3 (+14.9) miss 71 km (2.3 s)
[16:08:28]     settle 26:  56 @   3957 d -> ok lintwin tank 936.9 (+11.3) miss 44 km (1.4 s)
[16:08:28]   drift: leg 56@3957 d settled outside (T, T+H] -> column cut at 0
[16:08:28]     settle 28: 113 @   3874 d -> ok lintwin tank 1014.2 (+43.9) miss 55 km (6.0 s)
[16:08:29]     settle 25:  66 @   3815 d -> ok lintwin tank 859.6 (+35.3) miss 74 km (5.1 s)
[16:08:29]     settle 23: 104 @   3957 d -> ok lintwin tank 901.1 (+58.5) miss 75 km (7.1 s)
[16:08:29]   drift: leg 104@3957 d settled outside (T, T+H] -> column cut at 0
[16:08:29]     settle 24: 241 @   3885 d -> ok lintwin tank 873.2 (+28.2) miss 59 km (4.6 s)
[16:08:30]     settle 10: 161 @   3892 d -> FAIL [('lam', 10568.1)] (29.0 s)
[16:08:31]     settle 23: 235 @   3620 d -> ok lintwin tank 921.5 (+67.0) miss 71 km (3.8 s)
[16:08:32]     settle 25: 118 @   3884 d -> ok lintwin tank 855.8 (+31.5) miss 71 km (2.2 s)
[16:08:33]     settle 28: 285 @   3674 d -> ok lintwin tank 979.5 (+9.2) miss 74 km (4.3 s)
[16:08:33]     settle 26:   4 @   3909 d -> ok lintwin tank 990.0 (+64.3) miss 62 km (5.5 s)
[16:08:33]   drift: leg 4@3909 d settled outside (T, T+H] -> column cut at 0
[16:08:37]     settle 24:  24 @   3818 d -> ok lintwin tank 858.6 (+13.5) miss 0 km (7.3 s)
[16:08:37]     settle 23:  92 @   3725 d -> ok lintwin tank 897.1 (+42.7) miss 67 km (6.0 s)
[16:08:37]     settle 25: 256 @   3881 d -> ok lintwin tank 871.7 (+47.4) miss 79 km (5.2 s)
[16:08:38]     settle 23: 191 @   3941 d -> ok lintwin tank 942.6 (+99.9) miss 11 km (8.4 s)
[16:08:38]   drift: leg 191@3941 d settled outside (T, T+H] -> column cut at 0
[16:08:39]     settle 21: 130 @   3937 d -> ok lin tank 973.4 (+-22.1) miss 17 km (15.8 s)
[16:08:40]     settle 26: 176 @   3679 d -> ok lintwin tank 970.7 (+45.1) miss 0 km (6.4 s)
[16:08:41]     settle 24: 273 @   3907 d -> ok lintwin tank 891.0 (+46.0) miss 74 km (2.9 s)
[16:08:41]     settle 28: 214 @   3812 d -> ok lintwin tank 1031.5 (+61.2) miss 1 km (7.0 s)
[16:08:43]     settle 25: 191 @   3907 d -> ok lam tank 867.3 (+43.0) miss 2 km (4.8 s)
[16:08:44]     settle 23: 256 @   3756 d -> ok lintwin tank 906.3 (+51.8) miss 54 km (5.5 s)
[16:08:45]     settle 20: 122 @   3676 d -> ok lam tank 973.0 (+16.3) miss 33 km (4.3 s)
[16:08:46]     settle 23: 118 @   3886 d -> ok lintwin tank 863.3 (+20.7) miss 2 km (8.2 s)
[16:08:46]     settle 24: 189 @   3850 d -> ok lintwin tank 873.8 (+28.8) miss 66 km (5.0 s)
[16:08:48]     settle 26:  69 @   3872 d -> ok lintwin tank 975.6 (+49.9) miss 1 km (7.6 s)
[16:08:50]     settle 25: 240 @   3847 d -> ok lintwin tank 866.2 (+41.9) miss 83 km (6.0 s)
[16:08:50]     settle 23:   2 @   3670 d -> ok lintwin tank 925.1 (+70.7) miss 81 km (5.4 s)
[16:08:51]     settle 24: 254 @   3701 d -> ok lintwin tank 897.6 (+52.6) miss 71 km (4.1 s)
[16:08:51]     settle 24:  86 @   3892 d -> ok lintwin tank 872.8 (+3.8) miss 43 km (1.1 s)
[16:08:53]     settle 23:  17 @   3746 d -> ok lintwin tank 878.6 (+36.0) miss 99 km (6.4 s)
[16:08:53]     settle 26: 189 @   3729 d -> ok lintwin tank 992.9 (+67.3) miss 75 km (4.7 s)
[16:08:54]     settle 24: 295 @   3870 d -> ok lintwin tank 885.1 (+22.0) miss 52 km (1.9 s)
[16:08:54]     settle 25:  17 @   3747 d -> ok lintwin tank 878.5 (+54.2) miss 70 km (3.7 s)
[16:08:54]     settle 28:  24 @   3818 d -> ok lintwin tank 1004.9 (+34.6) miss 1 km (8.7 s)
[16:08:55]     settle 24:  25 @   3800 d -> ok lintwin tank 887.9 (+18.9) miss 59 km (0.9 s)
[16:08:56]     settle 21: 180 @   3934 d -> ok lam tank 1005.2 (+32.2) miss 18 km (10.4 s)
[16:08:57]     settle 24: 130 @   3915 d -> ok lintwin tank 879.6 (+34.5) miss 92 km (5.2 s)
[16:08:58]     settle 21:  59 @   3946 d -> ok lam tank 1020.7 (+12.8) miss 1 km (1.0 s)
[16:08:58]     settle 25: 161 @   3894 d -> ok lam tank 874.7 (+50.4) miss 2 km (3.9 s)
[16:09:00]     settle 26: 193 @   3625 d -> ok lintwin tank 942.6 (+17.0) miss 68 km (5.9 s)
[16:09:01]     settle 25: 295 @   3868 d -> ok lintwin tank 885.8 (+-2.1) miss 73 km (5.2 s)
[16:09:05]     settle 28: 295 @   3840 d -> ok lintwin tank 1032.1 (+61.8) miss 1 km (9.4 s)
[16:09:05]     settle 26: 212 @   3875 d -> ok lintwin tank 829.6 (+-0.9) miss 1 km (6.2 s)
[16:09:06]     settle 24:  89 @   3720 d -> ok lintwin tank 945.9 (+100.8) miss 4 km (8.0 s)
[16:09:06]     settle 23: 212 @   3849 d -> ok lintwin tank 869.8 (+27.1) miss 1 km (7.0 s)
[16:09:07]     settle 24:  92 @   3731 d -> ok lintwin tank 938.1 (+16.6) miss 93 km (5.3 s)
[16:09:08]     settle 26: 195 @   3825 d -> ok lintwin tank 1038.6 (+112.9) miss 71 km (7.8 s)
[16:09:11]     settle 28: 194 @   3624 d -> ok lintwin tank 987.8 (+17.5) miss 41 km (5.0 s)
[16:09:11]     settle 26: 179 @   3849 d -> ok lintwin tank 875.9 (+10.0) miss 1 km (5.4 s)
[16:09:12]     settle 20: 176 @   3646 d -> ok lam tank 1010.5 (+53.8) miss 32 km (4.7 s)
[16:09:13]     settle 25:   8 @   3880 d -> ok lintwin tank 972.6 (+34.5) miss 71 km (5.4 s)
[16:09:13]     settle 23: 102 @   3682 d -> ok lintwin tank 905.5 (+62.9) miss 64 km (6.6 s)
[16:09:14]     settle 24: 113 @   3887 d -> ok lintwin tank 884.5 (+39.4) miss 6 km (5.9 s)
[16:09:15]     settle 27: 222 @   3945 d -> ok lintwin tank 946.8 (+7.0) miss 87 km (6.1 s)
[16:09:16]     settle 24:  92 @   3720 d -> ok lintwin tank 936.2 (+14.7) miss 76 km (2.9 s)
[16:09:18]     settle 21: 227 @   3851 d -> ok lintwin tank 1038.6 (+28.2) miss 53 km (5.1 s)
[16:09:18]     settle 25: 102 @   3674 d -> ok lintwin tank 859.4 (+35.2) miss 72 km (5.9 s)
[16:09:19]     settle 28:  37 @   3867 d -> ok lintwin tank 1010.0 (+39.7) miss 74 km (7.6 s)
[16:09:20]     settle 24: 214 @   3843 d -> ok lintwin tank 912.2 (+67.2) miss 58 km (5.8 s)
[16:09:20]     settle 23: 189 @   3729 d -> ok lintwin tank 868.9 (+26.3) miss 73 km (5.6 s)
[16:09:21]     settle 25: 295 @   3854 d -> ok lintwin tank 947.3 (+11.1) miss 79 km (4.5 s)
[16:09:21]     settle 26:  56 @   3959 d -> ok lintwin tank 871.3 (+11.8) miss 75 km (3.4 s)
[16:09:21]   drift: leg 56@3959 d settled outside (T, T+H] -> column cut at 1
[16:09:21]   1 candidates dropped (settle failure / regrid failure / duplicate after truncation)
[16:09:21] RESULT s10_c2: 15 columns; frontier 1fb 6 kg p2/2 | 2fb 5 kg p2/2; settles 17 (17 ok), regrids 15 (15 ok); wall 133 s of 300 (plan 49, price 1, settle 84; budget hit None, 0 unsettled)
[16:09:21] RESULT s10_c0: 16 columns; frontier 1fb 8 kg p0/2 | 2fb 18 kg p2/2 | 3fb 31 kg p0/1; settles 18 (18 ok), regrids 16 (16 ok); wall 133 s of 300 (plan 57, price 1, settle 76; budget hit None, 0 unsettled)
[16:09:22]     settle 27:   7 @   3897 d -> ok lintwin tank 991.8 (+14.2) miss 41 km (5.7 s)
[16:09:23]   job s10_c0 craft columns  16  levels 8  settles 18/18  end plan_done  wall 133.2 s
[16:09:23]   job s10_c2 craft columns  15  levels 8  settles 17/17  end plan_done  wall 132.9 s
[16:09:25]     settle 21: 180 @   3931 d -> ok lintwin tank 1059.1 (+48.6) miss 25 km (6.1 s)
[16:09:25]     settle 25: 130 @   3957 d -> ok lintwin tank 906.8 (+9.2) miss 56 km (4.3 s)
[16:09:26] RESULT s10_c4: 15 columns; frontier 1fb 13 kg p1/2 | 2fb 62 kg p2/2; settles 15 (15 ok), regrids 15 (15 ok); wall 137 s of 300 (plan 51, price 1, settle 86; budget hit None, 0 unsettled)
[16:09:26]     settle 28:  89 @   3693 d -> ok lintwin tank 1008.2 (+37.9) miss 70 km (5.9 s)
[16:09:26]     settle 26: 235 @   3693 d -> ok lintwin tank 942.2 (+16.6) miss 69 km (3.7 s)
[16:09:27]   job s10_c4 craft columns  15  levels 8  settles 15/15  end plan_done  wall 137.4 s
[16:09:27] RESULT s10_c6: 10 columns; frontier 1fb 8 kg p1/2 | 2fb 15 kg p1/2; settles 12 (12 ok), regrids 10 (10 ok); wall 138 s of 300 (plan 39, price 1, settle 99; budget hit None, 0 unsettled)
[16:09:28]     settle 23: 235 @   3655 d -> ok lintwin tank 1015.6 (+173.0) miss 47 km (6.4 s)
[16:09:28]     settle 10:   8 @   3884 d -> FAIL [('lin', 333.2), ('lam', 23734.1)] (58.1 s)
[16:09:29]   job s10_c6 craft columns  10  levels 8  settles 12/12  end plan_done  wall 138.3 s
[16:09:29]     settle 27:   7 @   3898 d -> ok lintwin tank 1020.9 (+78.7) miss 58 km (3.3 s)
[16:09:30]   2 candidates dropped (settle failure / regrid failure / duplicate after truncation)
[16:09:30] RESULT s10_c5: 14 columns; frontier 1fb 7 kg p0/3 | 2fb 21 kg p1/2; settles 17 (17 ok), regrids 14 (14 ok); wall 142 s of 300 (plan 41, price 1, settle 101; budget hit None, 0 unsettled)
[16:09:31]   job s10_c5 craft columns  14  levels 7  settles 17/17  end plan_done  wall 142.0 s
[16:09:33]     settle 28: 170 @   3823 d -> ok lintwin tank 1019.2 (+48.9) miss 0 km (6.1 s)
[16:09:34]     settle 23: 195 @   3701 d -> ok lintwin tank 893.2 (+50.5) miss 70 km (6.0 s)
[16:09:37]     settle 24: 205 @   3957 d -> ok lintwin tank 856.6 (+7.9) miss 83 km (1.9 s)
[16:09:37]   drift: leg 205@3957 d settled outside (T, T+H] -> column cut at 1
[16:09:39]     settle 24: 205 @   3953 d -> ok lintwin tank 865.8 (+5.0) miss 45 km (1.6 s)
[16:09:40]     settle 28:  51 @   3846 d -> ok lintwin tank 1030.2 (+59.9) miss 52 km (7.1 s)
[16:09:45]     settle 24: 212 @   3888 d -> ok lintwin tank 889.7 (+20.8) miss 94 km (5.8 s)
[16:09:46]     settle 29: 214 @   3958 d -> ok lintwin tank 998.2 (+14.5) miss 71 km (4.9 s)
[16:09:50]     settle 10:  69 @   3952 d -> FAIL [('lam', 17754.9)] (21.9 s)
[16:09:52]     settle 29: 178 @   3784 d -> ok lintwin tank 995.0 (+7.3) miss 52 km (5.2 s)
[16:09:54]   3 candidates dropped (settle failure / regrid failure / duplicate after truncation)
[16:09:54] RESULT s10_c3: 13 columns; frontier 1fb 6 kg p2/3 | 2fb 23 kg p0/2; settles 16 (16 ok), regrids 13 (13 ok); wall 165 s of 300 (plan 51, price 1, settle 114; budget hit None, 0 unsettled)
[16:09:55]   job s10_c3 craft columns  13  levels 8  settles 16/16  end plan_done  wall 165.4 s
[16:09:58]     settle 29: 130 @   3940 d -> ok lintwin tank 994.2 (+6.4) miss 57 km (5.8 s)
[16:10:06]     settle 28: 178 @   3785 d -> ok lintwin tank 984.8 (+14.4) miss 0 km (7.3 s)
[16:10:11]     settle 29: 172 @   3928 d -> ok lintwin tank 999.1 (+14.3) miss 58 km (4.7 s)
[16:10:15]     settle 30: 130 @   3928 d -> ok lintwin tank 1003.2 (+8.1) miss 66 km (3.5 s)
[16:10:15] RESULT s10_c1: 16 columns; frontier 1fb 9 kg p0/3 | 2fb 24 kg p1/2 | 3fb 32 kg p1/1; settles 17 (17 ok), regrids 16 (16 ok); wall 187 s of 300 (plan 63, price 1, settle 124; budget hit None, 0 unsettled)
[16:10:17]   job s10_c1 craft columns  16  levels 9  settles 17/17  end plan_done  wall 187.2 s
[16:10:26]     settle 10:   2 @   3684 d -> FAIL [('lam', 18409.8)] (35.6 s)
[16:10:51]     settle 10: 138 @   3615 d -> FAIL [('lam', 35348200.5)] (24.9 s)
[16:11:37]     settle 10: 227 @   3640 d -> FAIL [('lam', 26434.9)] (45.9 s)
[16:12:01]     settle 10:  27 @   3621 d -> FAIL [('lam', 147280095.0)] (24.6 s)
[16:12:13]     settle 10: 266 @   3792 d -> ok lam tank 742.6 (+41.5) miss 88 km (11.7 s)
[16:12:13]   budget reached before the regrid of column 7: 9 candidates not emitted
[16:12:13]   7 candidates dropped (settle failure / regrid failure / duplicate after truncation)
[16:12:13] RESULT s10_c7: 0 columns; frontier ; settles 15 (1 ok), regrids 0 (0 ok); wall 305 s of 300 (plan 53, price 1, settle 252; budget hit job_wall, 9 unsettled)
[16:12:15]   job s10_c7 craft columns   0  levels 8  settles 1/15  end plan_done  wall 305.0 s
[16:12:15] [slice 10] propose: 99 columns (0 bad dropped) in 306.6 s
[16:12:15] [slice 10] auction: 99 columns, kept 88, dropped {'ramp': 11}; lam 1.00 H_eff 360 d fuel budget 322 kg quota on
[16:12:15] [slice 10] auction: status optimal objective 24.832 vars 88 rows 38 chosen 7 fuel 184/322 kg (0.008 s)
[16:12:17] [slice 10] claims: c0:1 c1:1 c2:2 c4:1 c5:2 c6:1  (8 targets: 0 kept, 8 new; 11 released, 0 expired (ttl 6), 2 conflicts)
[16:12:17] [slice 10 T=3600 d] launched 8/8  covered 185  remaining 113  fuel 2303 kg  sumJi 10.0204  chosen: c0:2(+18) c1:3(+32) c2:2(+5) c3:2(+23) c4:1(+16) c5:2(+66) c6:2(+24)  rejected: -  (wall 309 s)
[16:12:17] [slice 11] claims in force: c0:1 c1:1 c2:2 c4:1 c5:2 c6:1  (8 targets; claim_bonus 1.0, ttl 6)
[16:12:17]   c0: claims: 1 own (prized +1.0), 7 claimed by others withheld
[16:12:17]   c1: claims: 1 own (prized +1.0), 7 claimed by others withheld
[16:12:17]   c2: claims: 2 own (prized +1.0), 6 claimed by others withheld
[16:12:17]   c3: claims: 0 own (prized +1.0), 8 claimed by others withheld
[16:12:17]   c4: claims: 1 own (prized +1.0), 7 claimed by others withheld
[16:12:17]   c5: claims: 2 own (prized +1.0), 6 claimed by others withheld
[16:12:17]   c6: claims: 1 own (prized +1.0), 7 claimed by others withheld
[16:12:17]   c7: claims: 0 own (prized +1.0), 8 claimed by others withheld
[16:12:17] [slice 11 T=3960 d] propose: 8 jobs (8 craft, 0 root) on 9 workers, proposer planbeam, H_eff 360 d, lam 1.0
[16:12:17] job s11_c3 (craft, craft 3, planbeam): T 3960 d H 360 L 360; plan horizon 5400 d; remaining 105; prize >1 on 95; width 150 npt 6 mc 150 dv 1.2 drmax 0.15 plan_wall 240 s; quota {'fil': 4, 'med': 11}
[16:12:17] job s11_c4 (craft, craft 4, planbeam): T 3960 d H 360 L 360; plan horizon 5400 d; remaining 106; prize >1 on 96; width 150 npt 6 mc 150 dv 1.2 drmax 0.15 plan_wall 240 s; quota {'fil': 5, 'med': 8}
[16:12:17] job s11_c2 (craft, craft 2, planbeam): T 3960 d H 360 L 360; plan horizon 5400 d; remaining 107; prize >1 on 97; width 150 npt 6 mc 150 dv 1.2 drmax 0.15 plan_wall 240 s; quota {'fil': 3, 'med': 10}
[16:12:17] job s11_c6 (craft, craft 6, planbeam): T 3960 d H 360 L 360; plan horizon 5400 d; remaining 106; prize >1 on 96; width 150 npt 6 mc 150 dv 1.2 drmax 0.15 plan_wall 240 s; quota {'fil': 7, 'med': 8}
[16:12:17] job s11_c1 (craft, craft 1, planbeam): T 3960 d H 360 L 360; plan horizon 5400 d; remaining 106; prize >1 on 96; width 150 npt 6 mc 150 dv 1.2 drmax 0.15 plan_wall 240 s; quota {'fil': 3, 'med': 5}
[16:12:17] job s11_c0 (craft, craft 0, planbeam): T 3960 d H 360 L 360; plan horizon 5400 d; remaining 106; prize >1 on 96; width 150 npt 6 mc 150 dv 1.2 drmax 0.15 plan_wall 240 s; quota {'fil': 3, 'med': 10}
[16:12:17] job s11_c5 (craft, craft 5, planbeam): T 3960 d H 360 L 360; plan horizon 5400 d; remaining 107; prize >1 on 97; width 150 npt 6 mc 150 dv 1.2 drmax 0.15 plan_wall 240 s; quota {'fil': 1, 'med': 11}
[16:12:17] job s11_c7 (craft, craft 7, planbeam): T 3960 d H 360 L 360; plan horizon 5400 d; remaining 105; prize >1 on 95; width 150 npt 6 mc 150 dv 1.2 drmax 0.15 plan_wall 240 s; quota {'fil': 6, 'med': 15}
[16:12:17] prefix slices/s11/in/craft_7.npz: 9 flybys, t_end 1519.3 d, tank 701.1 kg (planner view), miss 11.1 km, nreg 72
[16:12:17] budget: job_wall 300 s, 300 s left before the plan -> plan cap 210 s (plan_wall 240, settle_reserve 90)
[16:12:17] prefix slices/s11/in/craft_0.npz: 24 flybys, t_end 3892.6 d, tank 872.3 kg (planner view), miss 0.8 km, nreg 197
[16:12:17] budget: job_wall 300 s, 300 s left before the plan -> plan cap 210 s (plan_wall 240, settle_reserve 90)
[16:12:17] prefix slices/s11/in/craft_4.npz: 24 flybys, t_end 3836.8 d, tank 861.1 kg (planner view), miss 2.3 km, nreg 190
[16:12:17] budget: job_wall 300 s, 300 s left before the plan -> plan cap 210 s (plan_wall 240, settle_reserve 90)
[16:12:17] prefix slices/s11/in/craft_3.npz: 24 flybys, t_end 3958.3 d, tank 865.3 kg (planner view), miss 3.0 km, nreg 197
[16:12:17] budget: job_wall 300 s, 300 s left before the plan -> plan cap 210 s (plan_wall 240, settle_reserve 90)
[16:12:17] prefix slices/s11/in/craft_2.npz: 26 flybys, t_end 3873.3 d, tank 829.2 kg (planner view), miss 1.0 km, nreg 193
[16:12:17] budget: job_wall 300 s, 300 s left before the plan -> plan cap 210 s (plan_wall 240, settle_reserve 90)
[16:12:17] prefix slices/s11/in/craft_6.npz: 21 flybys, t_end 3909.9 d, tank 980.2 kg (planner view), miss 21.2 km, nreg 191
[16:12:17] budget: job_wall 300 s, 300 s left before the plan -> plan cap 210 s (plan_wall 240, settle_reserve 90)
[16:12:17] prefix slices/s11/in/craft_5.npz: 27 flybys, t_end 3896.6 d, tank 991.5 kg (planner view), miss 2.2 km, nreg 193
[16:12:17] budget: job_wall 300 s, 300 s left before the plan -> plan cap 210 s (plan_wall 240, settle_reserve 90)
[16:12:17] prefix slices/s11/in/craft_1.npz: 30 flybys, t_end 3938.7 d, tank 1002.6 kg (planner view), miss 5.5 km, nreg 199
[16:12:17] budget: job_wall 300 s, 300 s left before the plan -> plan cap 210 s (plan_wall 240, settle_reserve 90)
[16:12:41] first level (both): 0 production + 14 relaxed (dv 2.5, 0.3 AU; 0.1 s) + 28 lintwin children -> 35 unique (23.7 s)
[16:12:41] plan start: prefix 24 flybys, t_end 3836.8 d, planner mass 1117.7 kg (dv 14.072 km/s); 35 first-level states
[16:12:41] first level (both): 0 production + 23 relaxed (dv 2.5, 0.3 AU; 0.1 s) + 0 lintwin children -> 20 unique (24.5 s)
[16:12:41] plan start: prefix 21 flybys, t_end 3909.9 d, planner mass 981.8 kg (dv 19.156 km/s); 20 first-level states
[16:12:42] first level (both): 0 production + 0 relaxed (dv 2.5, 0.3 AU; 0.0 s) + 60 lintwin children -> 60 unique (24.8 s)
[16:12:42] plan start: prefix 9 flybys, t_end 1519.3 d, planner mass 1372.7 kg (dv 6.011 km/s); 60 first-level states
[16:12:42] first level (both): 0 production + 22 relaxed (dv 2.5, 0.3 AU; 0.1 s) + 43 lintwin children -> 53 unique (25.0 s)
[16:12:42] plan start: prefix 26 flybys, t_end 3873.3 d, planner mass 1160.6 kg (dv 12.593 km/s); 53 first-level states
[16:12:42] first level (both): 0 production + 17 relaxed (dv 2.5, 0.3 AU; 0.1 s) + 20 lintwin children -> 29 unique (25.0 s)
[16:12:42] plan start: prefix 27 flybys, t_end 3896.6 d, planner mass 970.6 kg (dv 19.607 km/s); 29 first-level states
[16:12:42] first level (both): 0 production + 19 relaxed (dv 2.5, 0.3 AU; 0.1 s) + 36 lintwin children -> 43 unique (25.5 s)
[16:12:42] plan start: prefix 24 flybys, t_end 3892.6 d, planner mass 1103.2 kg (dv 14.582 km/s); 43 first-level states
[16:12:43] first level (both): 0 production + 43 relaxed (dv 2.5, 0.3 AU; 0.1 s) + 47 lintwin children -> 66 unique (26.0 s)
[16:12:43] plan start: prefix 24 flybys, t_end 3958.3 d, planner mass 1112.3 kg (dv 14.263 km/s); 66 first-level states
[16:12:44] first level (both): 0 production + 31 relaxed (dv 2.5, 0.3 AU; 0.1 s) + 28 lintwin children -> 42 unique (27.2 s)
[16:12:44] plan start: prefix 30 flybys, t_end 3938.7 d, planner mass 959.9 kg (dv 20.042 km/s); 42 first-level states
[16:12:51] plan: 252 states, depth 6 new flybys, end plan_done (34 s); deepest 6 new to 5387 d at planner fuel 767 kg
[16:12:51]   depth  1:   20 states (14 in H), t_end 4030-4380 d, fuel 622-681 kg
[16:12:51]   depth  2:   54 states (7 in H), t_end 4285-4770 d, fuel 640-707 kg
[16:12:51]   depth  3:   73 states (0 in H), t_end 4410-5163 d, fuel 659-735 kg
[16:12:51]   depth  4:   55 states (0 in H), t_end 4600-5400 d, fuel 674-760 kg
[16:12:51]   depth  5:   27 states (0 in H), t_end 4770-5388 d, fuel 700-782 kg
[16:12:51]   depth  6:   23 states (0 in H), t_end 5214-5390 d, fuel 767-793 kg
[16:12:51] candidates: 6 distinct committed target sets (n_new 1-2, potential 0-2)
[16:12:51] frontier: 6 candidates chosen (n fb / committed planner kg / continuation (lookahead) [full]; pot_mode lookahead, pot_cap None): 1fb/622kg/p2(2)[2], 1fb/635kg/p2(2)[2], 1fb/653kg/p3(2)[3], 1fb/680kg/p2(2)[2], 2fb/665kg/p0(0)[0], 2fb/683kg/p2(2)[2]
[16:12:51] budget: 266 s of 300 left for the settles + regrids (settle_wall 480)
[16:12:52] plan: 285 states, depth 7 new flybys, end plan_done (35 s); deepest 7 new to 5275 d at planner fuel 818 kg
[16:12:52]   depth  1:   29 states (20 in H), t_end 4068-4584 d, fuel 644-696 kg
[16:12:52]   depth  2:   54 states (3 in H), t_end 4225-4990 d, fuel 654-720 kg
[16:12:52]   depth  3:   79 states (0 in H), t_end 4428-5355 d, fuel 667-747 kg
[16:12:52]   depth  4:   80 states (0 in H), t_end 4528-5391 d, fuel 698-763 kg
[16:12:52]   depth  5:   31 states (0 in H), t_end 4783-5391 d, fuel 742-781 kg
[16:12:52]   depth  6:   10 states (0 in H), t_end 5093-5392 d, fuel 766-803 kg
[16:12:52]   depth  7:    2 states (0 in H), t_end 5275-5341 d, fuel 818-819 kg
[16:12:52] candidates: 13 distinct committed target sets (n_new 1-2, potential 0-3)
[16:12:52] frontier: 13 candidates chosen (n fb / committed planner kg / continuation (lookahead) [full]; pot_mode lookahead, pot_cap None): 1fb/653kg/p0(0)[0], 1fb/654kg/p1(1)[1], 1fb/663kg/p0(0)[0], 1fb/668kg/p1(1)[1], 1fb/678kg/p2(1)[2], 1fb/678kg/p3(2)[3], 1fb/681kg/p2(2)[2], 1fb/686kg/p1(1)[1], 1fb/690kg/p1(1)[1], 1fb/693kg/p3(3)[3], 1fb/696kg/p2(2)[2], 2fb/705kg/p1(1)[1], 2fb/708kg/p2(2)[2]
[16:12:52] budget: 265 s of 300 left for the settles + regrids (settle_wall 480)
[16:12:53]     settle 22: 189 @   4320 d -> ok lin tank 980.5 (+0.3) miss 36 km (2.1 s)
[16:12:53]   drift: leg 189@4320 d settled outside (T, T+H] -> column cut at 0
[16:12:59]     settle 28:  49 @   4117 d -> ok lintwin tank 1022.4 (+30.9) miss 1 km (6.6 s)
[16:13:00]     settle 22: 242 @   4290 d -> ok lin tank 982.1 (+1.9) miss 42 km (6.3 s)
[16:13:04] plan: 741 states, depth 9 new flybys, end plan_done (47 s); deepest 9 new to 5381 d at planner fuel 673 kg
[16:13:04]   depth  1:   35 states (14 in H), t_end 4087-4571 d, fuel 496-561 kg
[16:13:04]   depth  2:   90 states (1 in H), t_end 4267-5122 d, fuel 498-590 kg
[16:13:04]   depth  3:  150 states (0 in H), t_end 4454-5377 d, fuel 521-616 kg
[16:13:04]   depth  4:  150 states (0 in H), t_end 4585-5385 d, fuel 530-640 kg
[16:13:04]   depth  5:  150 states (0 in H), t_end 4786-5386 d, fuel 568-659 kg
[16:13:04]   depth  6:  126 states (0 in H), t_end 5100-5397 d, fuel 589-686 kg
[16:13:04]   depth  7:   33 states (0 in H), t_end 5171-5397 d, fuel 618-681 kg
[16:13:04]   depth  8:    4 states (0 in H), t_end 5321-5381 d, fuel 649-677 kg
[16:13:04]   depth  9:    3 states (0 in H), t_end 5376-5386 d, fuel 673-684 kg
[16:13:04] candidates: 9 distinct committed target sets (n_new 1-2, potential 0-3)
[16:13:04] frontier: 9 candidates chosen (n fb / committed planner kg / continuation (lookahead) [full]; pot_mode lookahead, pot_cap None): 1fb/511kg/p1(1)[1], 1fb/517kg/p2(1)[2], 1fb/520kg/p3(3)[3], 1fb/532kg/p1(1)[1], 1fb/534kg/p0(0)[0], 1fb/541kg/p3(3)[3], 1fb/542kg/p0(0)[0], 1fb/542kg/p2(2)[2], 2fb/541kg/p1(1)[1]
[16:13:04] budget: 253 s of 300 left for the settles + regrids (settle_wall 480)
[16:13:04] plan: 695 states, depth 7 new flybys, end plan_done (48 s); deepest 7 new to 5370 d at planner fuel 626 kg
[16:13:04]   depth  1:   53 states (23 in H), t_end 3978-4594 d, fuel 451-523 kg
[16:13:04]   depth  2:  127 states (4 in H), t_end 4197-5106 d, fuel 464-556 kg
[16:13:04]   depth  3:  150 states (0 in H), t_end 4421-5315 d, fuel 470-588 kg
[16:13:04]   depth  4:  150 states (0 in H), t_end 4623-5351 d, fuel 484-616 kg
[16:13:04]   depth  5:  150 states (0 in H), t_end 5055-5397 d, fuel 501-637 kg
[16:13:04]   depth  6:   57 states (0 in H), t_end 5140-5397 d, fuel 583-644 kg
[16:13:04]   depth  7:    8 states (0 in H), t_end 5346-5371 d, fuel 626-663 kg
[16:13:04] candidates: 20 distinct committed target sets (n_new 1-2, potential 0-3)
[16:13:04] frontier: 16 candidates chosen (n fb / committed planner kg / continuation (lookahead) [full]; pot_mode lookahead, pot_cap None): 1fb/452kg/p2(2)[2], 1fb/472kg/p1(1)[1], 1fb/477kg/p0(0)[0], 1fb/478kg/p2(2)[2], 1fb/485kg/p2(2)[2], 1fb/485kg/p1(1)[1], 1fb/494kg/p1(1)[1], 1fb/495kg/p3(3)[3], 1fb/511kg/p1(1)[1], 1fb/514kg/p1(1)[1], 1fb/516kg/p1(1)[1], 1fb/516kg/p1(1)[1], 1fb/521kg/p2(2)[2], 2fb/513kg/p0(0)[0], 2fb/529kg/p0(0)[0], 2fb/538kg/p1(1)[1]
[16:13:04] budget: 252 s of 300 left for the settles + regrids (settle_wall 480)
[16:13:06]     settle 22: 186 @   4040 d -> ok lam tank 984.9 (+4.7) miss 4 km (5.5 s)
[16:13:07] plan: 723 states, depth 7 new flybys, end plan_done (51 s); deepest 7 new to 5294 d at planner fuel 664 kg
[16:13:07]   depth  1:   43 states (15 in H), t_end 3985-4614 d, fuel 504-575 kg
[16:13:07]   depth  2:  129 states (4 in H), t_end 4172-4998 d, fuel 518-605 kg
[16:13:07]   depth  3:  150 states (0 in H), t_end 4386-5338 d, fuel 546-631 kg
[16:13:07]   depth  4:  150 states (0 in H), t_end 4584-5399 d, fuel 563-659 kg
[16:13:07]   depth  5:  150 states (0 in H), t_end 4719-5400 d, fuel 585-675 kg
[16:13:07]   depth  6:   92 states (0 in H), t_end 5133-5399 d, fuel 618-701 kg
[16:13:07]   depth  7:    9 states (0 in H), t_end 5293-5395 d, fuel 664-717 kg
[16:13:07] candidates: 12 distinct committed target sets (n_new 1-2, potential 0-2)
[16:13:07] frontier: 12 candidates chosen (n fb / committed planner kg / continuation (lookahead) [full]; pot_mode lookahead, pot_cap None): 1fb/538kg/p2(2)[2], 1fb/540kg/p1(1)[1], 1fb/554kg/p3(2)[3], 1fb/556kg/p1(0)[1], 1fb/562kg/p2(2)[2], 1fb/566kg/p1(1)[1], 1fb/566kg/p2(2)[2], 1fb/568kg/p2(2)[2], 1fb/573kg/p2(1)[2], 2fb/581kg/p2(2)[2], 2fb/583kg/p0(0)[0], 2fb/599kg/p1(1)[1]
[16:13:07] budget: 249 s of 300 left for the settles + regrids (settle_wall 480)
[16:13:08]     settle 28: 223 @   4250 d -> ok lintwin tank 1014.0 (+22.5) miss 73 km (8.4 s)
[16:13:08] plan: 701 states, depth 8 new flybys, end plan_done (51 s); deepest 8 new to 5307 d at planner fuel 674 kg
[16:13:08]   depth  1:   66 states (24 in H), t_end 4044-4598 d, fuel 492-568 kg
[16:13:08]   depth  2:  150 states (11 in H), t_end 4136-5164 d, fuel 502-599 kg
[16:13:08]   depth  3:  150 states (0 in H), t_end 4476-5356 d, fuel 532-625 kg
[16:13:08]   depth  4:  150 states (0 in H), t_end 4602-5400 d, fuel 547-652 kg
[16:13:08]   depth  5:  136 states (0 in H), t_end 4638-5397 d, fuel 580-667 kg
[16:13:08]   depth  6:   28 states (0 in H), t_end 4907-5398 d, fuel 607-680 kg
[16:13:08]   depth  7:   15 states (0 in H), t_end 5131-5399 d, fuel 631-674 kg
[16:13:08]   depth  8:    6 states (0 in H), t_end 5251-5347 d, fuel 674-693 kg
[16:13:08] candidates: 18 distinct committed target sets (n_new 1-2, potential 0-3)
[16:13:08] frontier: 16 candidates chosen (n fb / committed planner kg / continuation (lookahead) [full]; pot_mode lookahead, pot_cap None): 1fb/492kg/p2(2)[2], 1fb/503kg/p2(2)[2], 1fb/504kg/p2(1)[2], 1fb/515kg/p2(2)[2], 1fb/518kg/p4(3)[4], 1fb/520kg/p0(0)[0], 1fb/542kg/p1(1)[1], 1fb/550kg/p1(1)[1], 1fb/550kg/p0(0)[0], 1fb/567kg/p2(2)[2], 1fb/567kg/p2(2)[2], 2fb/522kg/p1(1)[1], 2fb/529kg/p1(1)[1], 2fb/538kg/p0(0)[0], 2fb/543kg/p3(3)[3], 2fb/563kg/p1(1)[1]
[16:13:08] budget: 249 s of 300 left for the settles + regrids (settle_wall 480)
[16:13:09] plan: 664 states, depth 8 new flybys, end plan_done (52 s); deepest 8 new to 5379 d at planner fuel 837 kg
[16:13:09]   depth  1:   42 states (21 in H), t_end 4076-4681 d, fuel 658-710 kg
[16:13:09]   depth  2:  109 states (13 in H), t_end 4171-5064 d, fuel 669-737 kg
[16:13:09]   depth  3:  150 states (0 in H), t_end 4379-5323 d, fuel 687-756 kg
[16:13:09]   depth  4:  150 states (0 in H), t_end 4558-5395 d, fuel 696-782 kg
[16:13:09]   depth  5:  146 states (0 in H), t_end 4706-5400 d, fuel 712-798 kg
[16:13:09]   depth  6:   59 states (0 in H), t_end 4981-5400 d, fuel 740-814 kg
[16:13:09]   depth  7:    5 states (0 in H), t_end 5281-5398 d, fuel 769-835 kg
[16:13:09]   depth  8:    3 states (0 in H), t_end 5379-5386 d, fuel 837-860 kg
[16:13:09] candidates: 16 distinct committed target sets (n_new 1-2, potential 0-3)
[16:13:09] frontier: 16 candidates chosen (n fb / committed planner kg / continuation (lookahead) [full]; pot_mode lookahead, pot_cap None): 1fb/659kg/p3(3)[3], 1fb/673kg/p1(1)[1], 1fb/674kg/p1(1)[1], 1fb/684kg/p3(3)[3], 1fb/689kg/p0(0)[0], 1fb/692kg/p2(1)[2], 1fb/703kg/p2(2)[2], 1fb/705kg/p0(0)[0], 1fb/705kg/p3(2)[3], 1fb/709kg/p1(1)[1], 1fb/710kg/p1(1)[1], 2fb/697kg/p1(1)[1], 2fb/719kg/p1(1)[1], 2fb/731kg/p1(1)[1], 2fb/733kg/p2(2)[2], 2fb/734kg/p0(0)[0]
[16:13:09] budget: 248 s of 300 left for the settles + regrids (settle_wall 480)
[16:13:11]     settle 27: 161 @   3982 d -> ok lintwin tank 834.9 (+5.7) miss 70 km (6.2 s)
[16:13:12] plan: 820 states, depth 7 new flybys, end plan_done (55 s); deepest 7 new to 5400 d at planner fuel 370 kg
[16:13:12]   depth  1:   60 states (26 in H), t_end 3978-4684 d, fuel 227-325 kg
[16:13:12]   depth  2:  150 states (17 in H), t_end 4140-5144 d, fuel 233-357 kg
[16:13:12]   depth  3:  150 states (0 in H), t_end 4345-5331 d, fuel 255-380 kg
[16:13:12]   depth  4:  150 states (0 in H), t_end 4490-5347 d, fuel 276-397 kg
[16:13:12]   depth  5:  150 states (0 in H), t_end 4803-5368 d, fuel 307-385 kg
[16:13:12]   depth  6:  150 states (0 in H), t_end 5065-5399 d, fuel 328-423 kg
[16:13:12]   depth  7:   10 states (0 in H), t_end 5230-5400 d, fuel 370-434 kg
[16:13:12] candidates: 34 distinct committed target sets (n_new 1-2, potential 0-3)
[16:13:12] frontier: 16 candidates chosen (n fb / committed planner kg / continuation (lookahead) [full]; pot_mode lookahead, pot_cap None): 1fb/227kg/p3(2)[3], 1fb/227kg/p2(1)[2], 1fb/227kg/p2(1)[2], 1fb/227kg/p2(2)[2], 1fb/227kg/p1(1)[1], 1fb/227kg/p1(1)[1], 1fb/229kg/p2(2)[2], 1fb/229kg/p3(3)[3], 1fb/242kg/p2(1)[2], 1fb/243kg/p3(2)[3], 1fb/256kg/p2(2)[2], 1fb/264kg/p2(2)[2], 1fb/289kg/p2(2)[2], 2fb/238kg/p1(1)[1], 2fb/249kg/p2(2)[2], 2fb/250kg/p1(1)[1]
[16:13:12] budget: 245 s of 300 left for the settles + regrids (settle_wall 480)
[16:13:12]     settle 25: 186 @   4179 d -> ok lintwin tank 889.8 (+28.8) miss 61 km (8.1 s)
[16:13:13]     settle 25:  53 @   4136 d -> ok lintwin tank 866.2 (+1.0) miss 56 km (4.8 s)
[16:13:13]     settle 25: 256 @   4202 d -> ok lam tank 920.5 (+48.1) miss 3 km (5.9 s)
[16:13:13]   drift: leg 256@4202 d settled outside (T, T+H] -> column cut at 0
[16:13:14]     settle 22: 111 @   4159 d -> ok lam tank 1070.2 (+90.0) miss 13 km (3.8 s)
[16:13:15]     settle 31: 262 @   4089 d -> ok lintwin tank 1012.1 (+9.5) miss 62 km (6.2 s)
[16:13:18]     settle 25: 270 @   4097 d -> ok lintwin tank 876.6 (+15.5) miss 73 km (4.8 s)
[16:13:18]     settle 28:  89 @   4291 d -> ok lintwin tank 1177.6 (+186.0) miss 94 km (9.2 s)
[16:13:19]     settle 27: 256 @   4308 d -> ok lintwin tank 886.8 (+57.6) miss 23 km (7.7 s)
[16:13:19]   drift: leg 256@4308 d settled outside (T, T+H] -> column cut at 0
[16:13:20]     settle 25:  49 @   4083 d -> ok lintwin tank 869.6 (+4.3) miss 69 km (5.7 s)
[16:13:23]     settle 25:  37 @   4113 d -> ok lintwin tank 873.1 (+7.8) miss 49 km (2.4 s)
[16:13:26]     settle 25: 262 @   4131 d -> ok lintwin tank 924.0 (+63.0) miss 73 km (7.3 s)
[16:13:26]     settle 28: 139 @   4227 d -> ok lintwin tank 1015.8 (+24.2) miss 70 km (6.9 s)
[16:13:26]     settle 31:   3 @   4272 d -> ok lintwin tank 1019.7 (+17.1) miss 79 km (9.7 s)
[16:13:27]     settle 25: 193 @   4249 d -> ok lintwin tank 884.5 (+19.2) miss 62 km (3.3 s)
[16:13:27]     settle 27: 111 @   4159 d -> ok lintwin tank 889.7 (+60.5) miss 79 km (7.7 s)
[16:13:28]     settle 23: 189 @   4316 d -> ok lintwin tank 988.0 (+3.1) miss 6 km (9.9 s)
[16:13:28]   drift: leg 189@4316 d settled outside (T, T+H] -> column cut at 1
[16:13:32]     settle 25:  89 @   4044 d -> ok lintwin tank 897.1 (+31.8) miss 61 km (4.0 s)
[16:13:32]     settle 25: 220 @   4211 d -> ok lintwin tank 955.6 (+94.5) miss 65 km (5.7 s)
[16:13:34]     settle 23: 242 @   4285 d -> ok lin tank 983.7 (+-1.2) miss 40 km (5.5 s)
[16:13:34]     settle 31: 195 @   4227 d -> ok lintwin tank 1018.9 (+16.3) miss 65 km (6.6 s)
[16:13:35]   2 candidates dropped (settle failure / regrid failure / duplicate after truncation)
[16:13:35] RESULT s11_c6: 4 columns; frontier 1fb 1 kg p2/2 | 2fb 3 kg p2/2; settles 6 (6 ok), regrids 4 (4 ok); wall 78 s of 300 (plan 34, price 1, settle 44; budget hit None, 0 unsettled)
[16:13:35]   job s11_c6 craft columns   4  levels 6  settles 6/6  end plan_done  wall 78.0 s
[16:13:36]     settle 28:  37 @   4068 d -> ok lintwin tank 1036.1 (+44.6) miss 0 km (9.2 s)
[16:13:36]     settle 25: 189 @   4269 d -> ok lam tank 954.2 (+81.9) miss 3 km (22.5 s)
[16:13:36]   drift: leg 189@4269 d settled outside (T, T+H] -> column cut at 0
[16:13:38]     settle 27: 185 @   4284 d -> ok lintwin tank 849.1 (+19.9) miss 31 km (9.6 s)
[16:13:38]     settle 25: 180 @   4083 d -> ok lintwin tank 876.9 (+4.6) miss 59 km (1.7 s)
[16:13:41]     settle 25:   3 @   4270 d -> ok lintwin tank 881.3 (+20.2) miss 69 km (7.2 s)
[16:13:41]     settle 25: 175 @   4306 d -> ok lintwin tank 909.1 (+43.8) miss 71 km (8.5 s)
[16:13:42]     settle 28: 209 @   4091 d -> ok lintwin tank 1013.7 (+22.2) miss 71 km (5.0 s)
[16:13:42]     settle 25: 170 @   3995 d -> ok lintwin tank 912.9 (+40.6) miss 59 km (3.5 s)
[16:13:43]     settle 31: 207 @   4165 d -> ok lintwin tank 1018.6 (+16.0) miss 76 km (7.8 s)
[16:13:44]     settle 27: 273 @   4207 d -> ok lintwin tank 869.2 (+40.0) miss 77 km (5.9 s)
[16:13:44]     settle 10: 145 @   4112 d -> FAIL [('lam', 21284.5)] (32.4 s)
[16:13:45]     settle 25: 247 @   4318 d -> ok lintwin tank 886.3 (+21.1) miss 37 km (3.0 s)
[16:13:45]   drift: leg 247@4318 d settled outside (T, T+H] -> column cut at 0
[16:13:46]     settle 25:  78 @   4185 d -> ok lintwin tank 889.5 (+28.5) miss 63 km (4.1 s)
[16:13:48]     settle 28: 263 @   4181 d -> ok lintwin tank 1049.7 (+58.1) miss 72 km (6.1 s)
[16:13:49]     settle 25: 186 @   4165 d -> ok lintwin tank 915.1 (+42.7) miss 72 km (5.6 s)
[16:13:50]     settle 27:  49 @   4095 d -> ok lintwin tank 862.4 (+33.2) miss 51 km (5.5 s)
[16:13:50]     settle 31: 143 @   4086 d -> ok lintwin tank 1053.0 (+50.4) miss 73 km (6.8 s)
[16:13:52]     settle 25: 143 @   4207 d -> ok lintwin tank 889.2 (+28.1) miss 68 km (5.0 s)
[16:13:53]     settle 25: 145 @   4103 d -> ok lintwin tank 913.7 (+48.5) miss 91 km (8.5 s)
[16:13:55]     settle 28:  56 @   4162 d -> ok lintwin tank 1064.9 (+73.4) miss 42 km (6.5 s)
[16:13:57]     settle 27:  78 @   4190 d -> ok lintwin tank 899.8 (+70.6) miss 66 km (6.5 s)
[16:13:58]     settle 25: 225 @   4268 d -> ok lintwin tank 962.2 (+89.9) miss 3 km (8.7 s)
[16:13:58]     settle 31: 220 @   4166 d -> ok lintwin tank 1036.3 (+33.7) miss 7 km (7.2 s)
[16:14:00]     settle 25: 111 @   4156 d -> ok lintwin tank 880.1 (+19.1) miss 79 km (7.3 s)
[16:14:03]     settle 28: 118 @   4158 d -> ok lintwin tank 1123.7 (+132.1) miss 1 km (7.3 s)
[16:14:03]     settle 27:  19 @   4193 d -> ok lintwin tank 903.6 (+74.4) miss 71 km (5.5 s)
[16:14:04]     settle 25:  25 @   4301 d -> ok lintwin tank 965.4 (+100.1) miss 87 km (6.4 s)
[16:14:04]   drift: leg 25@4301 d settled outside (T, T+H] -> column cut at 0
[16:14:05]     settle 26:   3 @   4267 d -> ok lintwin tank 883.4 (+6.9) miss 56 km (4.2 s)
[16:14:05] RESULT s11_c4: 9 columns; frontier 1fb 15 kg p1/3 | 2fb 22 kg p1/1; settles 9 (9 ok), regrids 9 (9 ok); wall 108 s of 300 (plan 47, price 1, settle 61; budget hit None, 0 unsettled)
[16:14:06]     settle 25: 220 @   4165 d -> ok lintwin tank 917.6 (+45.2) miss 72 km (7.0 s)
[16:14:06]     settle 10: 217 @   3983 d -> FAIL [('lam', 13360.5)] (21.7 s)
[16:14:07]   job s11_c4 craft columns   9  levels 9  settles 9/9  end plan_done  wall 108.5 s
[16:14:09]     settle 27:   3 @   4270 d -> ok lintwin tank 1019.1 (+189.9) miss 75 km (4.7 s)
[16:14:09]     settle 31:  19 @   4311 d -> ok lam tank 1059.8 (+57.2) miss 2 km (6.7 s)
[16:14:11]     settle 25: 143 @   4202 d -> ok lintwin tank 900.3 (+27.9) miss 73 km (4.4 s)
[16:14:12]     settle 25: 263 @   4166 d -> ok lintwin tank 925.9 (+60.7) miss 12 km (7.9 s)
[16:14:12]     settle 28: 193 @   4186 d -> ok lintwin tank 1183.1 (+191.5) miss 14 km (6.9 s)
[16:14:13]     settle 27: 106 @   4123 d -> ok lintwin tank 915.6 (+86.4) miss 54 km (3.4 s)
[16:14:18]     settle 31: 223 @   4265 d -> ok lintwin tank 1034.4 (+31.8) miss 75 km (7.8 s)
[16:14:19]     settle 27: 172 @   4276 d -> ok lam tank 944.6 (+115.4) miss 2 km (4.8 s)
[16:14:21]     settle 28:  55 @   4163 d -> ok lintwin tank 1047.4 (+55.9) miss 67 km (7.6 s)
[16:14:22]     settle 25: 203 @   3985 d -> FAIL [('lam', 18881311.0)] (10.3 s)
[16:14:23]     settle 25:   6 @   4240 d -> ok lintwin tank 896.6 (+31.3) miss 80 km (6.5 s)
[16:14:23]     settle 31: 170 @   4076 d -> ok lintwin tank 1114.4 (+111.8) miss 74 km (4.6 s)
[16:14:26]     settle 26:  37 @   4320 d -> ok lintwin tank 928.3 (+51.4) miss 66 km (4.8 s)
[16:14:26]   drift: leg 37@4320 d settled outside (T, T+H] -> column cut at 1
[16:14:27]     settle 29: 139 @   4226 d -> ok lintwin tank 1112.7 (+76.5) miss 24 km (5.7 s)
[16:14:27]     settle 27:  55 @   4178 d -> ok lam tank 878.6 (+49.4) miss 2 km (5.4 s)
[16:14:28]     settle 26: 263 @   4278 d -> ok lintwin tank 877.2 (+4.1) miss 73 km (4.2 s)
[16:14:29]     settle 26: 220 @   4172 d -> ok lintwin tank 927.6 (+14.6) miss 48 km (2.7 s)
[16:14:30]   5 candidates dropped (settle failure / regrid failure / duplicate after truncation)
[16:14:30] RESULT s11_c0: 7 columns; frontier 1fb 4 kg p2/2 | 2fb 55 kg p0/0; settles 11 (10 ok), regrids 7 (7 ok); wall 133 s of 300 (plan 51, price 1, settle 82; budget hit None, 0 unsettled)
[16:14:30]     settle 31: 102 @   4121 d -> ok lintwin tank 1217.1 (+214.5) miss 25 km (5.9 s)
[16:14:31]   job s11_c0 craft columns   7  levels 7  settles 10/11  end plan_done  wall 132.9 s
[16:14:32]     settle 26: 263 @   4278 d -> ok lintwin tank 875.6 (+6.0) miss 82 km (2.9 s)
[16:14:32]     settle 29: 139 @   4225 d -> ok lintwin tank 1030.4 (+16.7) miss 35 km (3.3 s)
[16:14:33] RESULT s11_c5: 13 columns; frontier 1fb 22 kg p2/3 | 2fb 39 kg p2/2; settles 13 (13 ok), regrids 13 (13 ok); wall 136 s of 300 (plan 35, price 1, settle 101; budget hit None, 0 unsettled)
[16:14:33]   job s11_c5 craft columns  13  levels 7  settles 13/13  end plan_done  wall 135.8 s
[16:14:34]     settle 27:  37 @   4114 d -> ok lintwin tank 858.0 (+28.8) miss 79 km (3.6 s)
[16:14:35]     settle 26:  53 @   4136 d -> ok lintwin tank 888.6 (+19.0) miss 73 km (2.3 s)
[16:14:38]     settle 27: 161 @   3978 d -> ok lintwin tank 834.9 (+5.7) miss 84 km (3.8 s)
[16:14:40]     settle 26: 263 @   4259 d -> ok lintwin tank 931.7 (+34.6) miss 83 km (3.7 s)
[16:14:40]     settle 31: 225 @   4211 d -> ok lintwin tank 1042.7 (+40.1) miss 1 km (8.4 s)
[16:14:40]     settle 28: 237 @   4197 d -> ok lintwin tank 865.2 (+30.4) miss 62 km (1.5 s)
[16:14:44]     settle 25:  53 @   4133 d -> ok lintwin tank 866.2 (+0.9) miss 58 km (3.1 s)
[16:14:44]     settle 31: 262 @   4090 d -> ok lintwin tank 1012.1 (+9.5) miss 62 km (3.6 s)
[16:14:45]     settle 27:  49 @   4099 d -> ok lintwin tank 861.4 (+32.2) miss 66 km (4.0 s)
[16:14:47]     settle 26: 263 @   4282 d -> ok lintwin tank 890.0 (+23.8) miss 70 km (3.2 s)
[16:14:48]   2 candidates dropped (settle failure / regrid failure / duplicate after truncation)
[16:14:48] RESULT s11_c3: 14 columns; frontier 1fb 1 kg p2/3 | 2fb 10 kg p1/3; settles 17 (17 ok), regrids 14 (14 ok); wall 152 s of 300 (plan 51, price 1, settle 100; budget hit None, 0 unsettled)
[16:14:48]     settle 28:   6 @   4254 d -> ok lintwin tank 877.4 (+16.0) miss 74 km (3.7 s)
[16:14:49]   job s11_c3 craft columns  14  levels 8  settles 17/17  end plan_done  wall 151.6 s
[16:14:49]     settle 32:   3 @   4273 d -> ok lintwin tank 1051.2 (+39.1) miss 57 km (5.1 s)
[16:14:53]     settle 27: 161 @   3989 d -> ok lintwin tank 834.8 (+5.6) miss 59 km (4.1 s)
[16:14:59]     settle 28:   6 @   4251 d -> ok lintwin tank 884.8 (+50.1) miss 78 km (5.4 s)
[16:14:59]   1 candidates dropped (settle failure / regrid failure / duplicate after truncation)
[16:14:59] RESULT s11_c2: 15 columns; frontier 1fb 5 kg p2/3 | 2fb 36 kg p0/1; settles 19 (19 ok), regrids 15 (15 ok); wall 162 s of 300 (plan 48, price 1, settle 115; budget hit None, 0 unsettled)
[16:14:59]     settle 32: 223 @   4276 d -> ok lintwin tank 1059.4 (+23.1) miss 62 km (6.5 s)
[16:15:01]     settle 10:   4 @   3991 d -> FAIL [('lin', 259.8), ('lam', 9636671.2)] (54.9 s)
[16:15:01]   job s11_c2 craft columns  15  levels 7  settles 19/19  end plan_done  wall 162.4 s
[16:15:06]     settle 31: 220 @   4153 d -> ok lintwin tank 1033.1 (+30.6) miss 81 km (5.2 s)
[16:15:14]     settle 32: 225 @   4223 d -> ok lintwin tank 1060.1 (+27.0) miss 87 km (8.4 s)
[16:15:29]     settle 10:  89 @   4228 d -> FAIL [('lam', 58646124.2)] (27.7 s)
[16:15:31]     settle 32: 207 @   4177 d -> ok lintwin tank 1301.9 (+187.6) miss 39 km (16.5 s)
[16:15:39]     settle 31: 262 @   4083 d -> ok lintwin tank 1012.1 (+9.5) miss 62 km (3.5 s)
[16:15:48]     settle 32: 225 @   4228 d -> ok lintwin tank 1054.6 (+42.5) miss 1 km (8.4 s)
[16:15:49] RESULT s11_c1: 16 columns; frontier 1fb 9 kg p3/3 | 2fb 42 kg p1/2; settles 19 (19 ok), regrids 16 (16 ok); wall 212 s of 300 (plan 52, price 2, settle 160; budget hit None, 0 unsettled)
[16:15:49]   job s11_c1 craft columns  16  levels 8  settles 19/19  end plan_done  wall 211.9 s
[16:16:20]     settle 10: 263 @   4187 d -> FAIL [('lin', 154.9), ('lam', 5328106.6)] (51.2 s)
[16:16:41]     settle 10: 104 @   4139 d -> ok lin tank 705.3 (+4.2) miss 99 km (21.4 s)
[16:16:52]   regrid FAIL (1 fb: miss 2784 km, None, 10.9 s) -> column dropped
[16:17:53]     settle 10: 185 @   4280 d -> FAIL [('lam', 'TimeoutError')] (60.8 s)
[16:17:53]   budget reached (job_wall: settle 281 s of 480, 0 s of the job left): 9 candidates not settled
[16:17:53]   7 candidates dropped (settle failure / regrid failure / duplicate after truncation)
[16:17:53] RESULT s11_c7: 0 columns; frontier ; settles 13 (1 ok), regrids 1 (0 ok); wall 336 s of 300 (plan 55, price 0, settle 281; budget hit job_wall, 9 unsettled)
[16:17:53]   job s11_c7 craft columns   0  levels 7  settles 1/13  end plan_done  wall 336.2 s
[16:17:53] [slice 11] propose: 78 columns (0 bad dropped) in 336.6 s
[16:17:54] [slice 11] auction: 78 columns, kept 61, dropped {'fuel': 7, 'ramp': 10}; lam 1.00 H_eff 360 d fuel budget 322 kg quota on
[16:17:54] [slice 11] auction: status optimal objective 23.201 vars 61 rows 28 chosen 7 fuel 187/322 kg (0.012 s)
[16:17:56] [slice 11] claims: c1:3 c3:1 c4:1 c5:1 c6:2  (8 targets: 0 kept, 8 new; 8 released, 0 expired (ttl 6), 1 conflicts)
[16:17:56] [slice 11 T=3960 d] launched 8/8  covered 198  remaining 100  fuel 2490 kg  sumJi 10.2131  chosen: c0:2(+55) c1:1(+9) c2:2(+36) c3:2(+24) c4:2(+22) c5:2(+39) c6:2(+3)  rejected: -  (wall 339 s)
[16:17:56] [slice 12] claims in force: c1:3 c3:1 c4:1 c5:1 c6:2  (8 targets; claim_bonus 1.0, ttl 6)
[16:17:56]   c0: claims: 0 own (prized +1.0), 8 claimed by others withheld
[16:17:56]   c1: claims: 3 own (prized +1.0), 5 claimed by others withheld
[16:17:56]   c2: claims: 0 own (prized +1.0), 8 claimed by others withheld
[16:17:56]   c3: claims: 1 own (prized +1.0), 7 claimed by others withheld
[16:17:56]   c4: claims: 1 own (prized +1.0), 7 claimed by others withheld
[16:17:56]   c5: claims: 1 own (prized +1.0), 7 claimed by others withheld
[16:17:56]   c6: claims: 2 own (prized +1.0), 6 claimed by others withheld
[16:17:56]   c7: claims: 0 own (prized +1.0), 8 claimed by others withheld
[16:17:56] [slice 12 T=4320 d] propose: 8 jobs (8 craft, 0 root) on 9 workers, proposer planbeam, H_eff 360 d, lam 1.0
[16:17:56] job s12_c1 (craft, craft 1, planbeam): T 4320 d H 360 L 360; plan horizon 5477 d; remaining 95; prize >1 on 95; width 150 npt 6 mc 150 dv 1.2 drmax 0.15 plan_wall 240 s; quota None
[16:17:56] job s12_c4 (craft, craft 4, planbeam): T 4320 d H 360 L 360; plan horizon 5477 d; remaining 93; prize >1 on 93; width 150 npt 6 mc 150 dv 1.2 drmax 0.15 plan_wall 240 s; quota None
[16:17:56] job s12_c2 (craft, craft 2, planbeam): T 4320 d H 360 L 360; plan horizon 5477 d; remaining 92; prize >1 on 92; width 150 npt 6 mc 150 dv 1.2 drmax 0.15 plan_wall 240 s; quota None
[16:17:56] job s12_c3 (craft, craft 3, planbeam): T 4320 d H 360 L 360; plan horizon 5477 d; remaining 93; prize >1 on 93; width 150 npt 6 mc 150 dv 1.2 drmax 0.15 plan_wall 240 s; quota None
[16:17:56] job s12_c7 (craft, craft 7, planbeam): T 4320 d H 360 L 360; plan horizon 5477 d; remaining 92; prize >1 on 92; width 150 npt 6 mc 150 dv 1.2 drmax 0.15 plan_wall 240 s; quota None
[16:17:56] job s12_c6 (craft, craft 6, planbeam): T 4320 d H 360 L 360; plan horizon 5477 d; remaining 94; prize >1 on 94; width 150 npt 6 mc 150 dv 1.2 drmax 0.15 plan_wall 240 s; quota None
[16:17:56] job s12_c5 (craft, craft 5, planbeam): T 4320 d H 360 L 360; plan horizon 5477 d; remaining 93; prize >1 on 93; width 150 npt 6 mc 150 dv 1.2 drmax 0.15 plan_wall 240 s; quota None
[16:17:56] job s12_c0 (craft, craft 0, planbeam): T 4320 d H 360 L 360; plan horizon 5477 d; remaining 92; prize >1 on 92; width 150 npt 6 mc 150 dv 1.2 drmax 0.15 plan_wall 240 s; quota None
[16:17:56] prefix slices/s12/in/craft_7.npz: 9 flybys, t_end 1519.3 d, tank 701.1 kg (planner view), miss 11.1 km, nreg 72
[16:17:56] budget: job_wall 300 s, 300 s left before the plan -> plan cap 210 s (plan_wall 240, settle_reserve 90)
[16:17:56] prefix slices/s12/in/craft_4.npz: 26 flybys, t_end 4268.7 d, tank 882.8 kg (planner view), miss 3.6 km, nreg 211
[16:17:56] budget: job_wall 300 s, 300 s left before the plan -> plan cap 210 s (plan_wall 240, settle_reserve 90)
[16:17:56] prefix slices/s12/in/craft_0.npz: 26 flybys, t_end 4168.5 d, tank 927.2 kg (planner view), miss 2.5 km, nreg 211
[16:17:56] budget: job_wall 300 s, 300 s left before the plan -> plan cap 210 s (plan_wall 240, settle_reserve 90)
[16:17:56] prefix slices/s12/in/craft_5.npz: 29 flybys, t_end 4227.2 d, tank 1030.1 kg (planner view), miss 29.7 km, nreg 209
[16:17:56] budget: job_wall 300 s, 300 s left before the plan -> plan cap 210 s (plan_wall 240, settle_reserve 90)
[16:17:56] prefix slices/s12/in/craft_3.npz: 26 flybys, t_end 4281.0 d, tank 889.1 kg (planner view), miss 61.2 km, nreg 214
[16:17:56] budget: job_wall 300 s, 300 s left before the plan -> plan cap 210 s (plan_wall 240, settle_reserve 90)
[16:17:56] prefix slices/s12/in/craft_2.npz: 28 flybys, t_end 4198.5 d, tank 865.0 kg (planner view), miss 3.9 km, nreg 209
[16:17:56] budget: job_wall 300 s, 300 s left before the plan -> plan cap 210 s (plan_wall 240, settle_reserve 90)
[16:17:56] prefix slices/s12/in/craft_6.npz: 23 flybys, t_end 4294.3 d, tank 983.0 kg (planner view), miss 12.3 km, nreg 211
[16:17:56] budget: job_wall 300 s, 300 s left before the plan -> plan cap 210 s (plan_wall 240, settle_reserve 90)
[16:17:56] prefix slices/s12/in/craft_1.npz: 31 flybys, t_end 4090.2 d, tank 1011.4 kg (planner view), miss 16.2 km, nreg 207
[16:17:56] budget: job_wall 300 s, 300 s left before the plan -> plan cap 210 s (plan_wall 240, settle_reserve 90)
[16:18:19] first level (both): 0 production + 30 relaxed (dv 2.5, 0.3 AU; 0.1 s) + 18 lintwin children -> 31 unique (23.4 s)
[16:18:19] plan start: prefix 26 flybys, t_end 4268.7 d, planner mass 1090.2 kg (dv 15.049 km/s); 31 first-level states
[16:18:21] first level (both): 0 production + 0 relaxed (dv 2.5, 0.3 AU; 0.0 s) + 54 lintwin children -> 54 unique (24.9 s)
[16:18:21] plan start: prefix 9 flybys, t_end 1519.3 d, planner mass 1372.7 kg (dv 6.011 km/s); 54 first-level states
[16:18:21] first level (both): 0 production + 20 relaxed (dv 2.5, 0.3 AU; 0.1 s) + 0 lintwin children -> 14 unique (24.9 s)
[16:18:21] plan start: prefix 23 flybys, t_end 4294.3 d, planner mass 979.0 kg (dv 19.268 km/s); 14 first-level states
[16:18:21] first level (both): 0 production + 10 relaxed (dv 2.5, 0.3 AU; 0.1 s) + 29 lintwin children -> 34 unique (24.9 s)
[16:18:21] plan start: prefix 28 flybys, t_end 4198.5 d, planner mass 1112.6 kg (dv 14.252 km/s); 34 first-level states
[16:18:21] first level (both): 0 production + 20 relaxed (dv 2.5, 0.3 AU; 0.1 s) + 27 lintwin children -> 38 unique (24.9 s)
[16:18:21] plan start: prefix 26 flybys, t_end 4168.5 d, planner mass 1038.0 kg (dv 16.974 km/s); 38 first-level states
[16:18:21] first level (both): 0 production + 38 relaxed (dv 2.5, 0.3 AU; 0.1 s) + 30 lintwin children -> 46 unique (25.6 s)
[16:18:21] plan start: prefix 26 flybys, t_end 4281.0 d, planner mass 1082.5 kg (dv 15.328 km/s); 46 first-level states
[16:18:21] plan: 24 states, depth 3 new flybys, end plan_done (26 s); deepest 3 new to 5150 d at planner fuel 671 kg
[16:18:21]   depth  1:   14 states (7 in H), t_end 4520-4794 d, fuel 628-681 kg
[16:18:21]   depth  2:    6 states (0 in H), t_end 4764-5204 d, fuel 665-701 kg
[16:18:21]   depth  3:    4 states (0 in H), t_end 5150-5465 d, fuel 671-706 kg
[16:18:21] candidates: 5 distinct committed target sets (n_new 1-1, potential 0-1)
[16:18:21] frontier: 5 candidates chosen (n fb / committed planner kg / continuation (lookahead) [full]; pot_mode lookahead, pot_cap None): 1fb/640kg/p1(1)[1], 1fb/666kg/p1(1)[1], 1fb/674kg/p1(1)[1], 1fb/680kg/p0(0)[0], 1fb/681kg/p0(0)[0]
[16:18:21] budget: 274 s of 300 left for the settles + regrids (settle_wall 480)
[16:18:22] first level (both): 0 production + 26 relaxed (dv 2.5, 0.3 AU; 0.1 s) + 36 lintwin children -> 47 unique (25.9 s)
[16:18:22] plan start: prefix 29 flybys, t_end 4227.2 d, planner mass 934.3 kg (dv 21.104 km/s); 47 first-level states
[16:18:23] first level (both): 0 production + 12 relaxed (dv 2.5, 0.3 AU; 0.1 s) + 20 lintwin children -> 26 unique (27.0 s)
[16:18:23] plan start: prefix 31 flybys, t_end 4090.2 d, planner mass 951.5 kg (dv 20.385 km/s); 26 first-level states
[16:18:23]     settle 24:   4 @   4520 d -> ok lam tank 1002.6 (+19.6) miss 5 km (2.0 s)
[16:18:26] plan: 257 states, depth 6 new flybys, end plan_done (31 s); deepest 6 new to 5471 d at planner fuel 657 kg
[16:18:26]   depth  1:   34 states (23 in H), t_end 4322-4995 d, fuel 503-568 kg
[16:18:26]   depth  2:   35 states (8 in H), t_end 4508-5445 d, fuel 530-597 kg
[16:18:26]   depth  3:   51 states (1 in H), t_end 4673-5448 d, fuel 551-627 kg
[16:18:26]   depth  4:   64 states (0 in H), t_end 4843-5451 d, fuel 566-650 kg
[16:18:26]   depth  5:   57 states (0 in H), t_end 5124-5477 d, fuel 593-679 kg
[16:18:26]   depth  6:   16 states (0 in H), t_end 5299-5471 d, fuel 657-701 kg
[16:18:26] candidates: 22 distinct committed target sets (n_new 1-3, potential 0-2)
[16:18:26] frontier: 16 candidates chosen (n fb / committed planner kg / continuation (lookahead) [full]; pot_mode lookahead, pot_cap None): 1fb/509kg/p0(0)[0], 1fb/511kg/p0(0)[0], 1fb/513kg/p0(0)[0], 1fb/519kg/p1(1)[1], 1fb/527kg/p1(1)[1], 1fb/528kg/p2(1)[2], 1fb/537kg/p1(1)[1], 1fb/539kg/p3(2)[3], 1fb/544kg/p2(0)[2], 1fb/553kg/p2(1)[2], 1fb/558kg/p2(1)[2], 1fb/564kg/p3(2)[3], 2fb/545kg/p1(1)[1], 2fb/565kg/p2(2)[2], 2fb/576kg/p1(0)[1], 3fb/602kg/p0(0)[0]
[16:18:26] budget: 269 s of 300 left for the settles + regrids (settle_wall 480)
[16:18:27] plan: 171 states, depth 6 new flybys, end plan_done (31 s); deepest 6 new to 5236 d at planner fuel 817 kg
[16:18:27]   depth  1:   47 states (29 in H), t_end 4349-4977 d, fuel 677-734 kg
[16:18:27]   depth  2:   50 states (7 in H), t_end 4452-5328 d, fuel 697-759 kg
[16:18:27]   depth  3:   50 states (0 in H), t_end 4727-5460 d, fuel 717-770 kg
[16:18:27]   depth  4:   17 states (0 in H), t_end 4957-5473 d, fuel 754-788 kg
[16:18:27]   depth  5:    5 states (0 in H), t_end 5177-5247 d, fuel 796-812 kg
[16:18:27]   depth  6:    2 states (0 in H), t_end 5236-5242 d, fuel 817-821 kg
[16:18:27] candidates: 26 distinct committed target sets (n_new 1-2, potential 0-2)
[16:18:27] frontier: 16 candidates chosen (n fb / committed planner kg / continuation (lookahead) [full]; pot_mode lookahead, pot_cap None): 1fb/683kg/p1(1)[1], 1fb/695kg/p1(1)[1], 1fb/697kg/p0(0)[0], 1fb/703kg/p0(0)[0], 1fb/705kg/p1(1)[1], 1fb/712kg/p3(2)[3], 1fb/713kg/p1(1)[1], 1fb/714kg/p1(0)[1], 1fb/714kg/p1(1)[1], 1fb/720kg/p2(2)[2], 1fb/723kg/p2(2)[2], 1fb/729kg/p3(2)[3], 1fb/734kg/p1(1)[1], 2fb/721kg/p0(0)[0], 2fb/738kg/p2(2)[2], 2fb/738kg/p0(0)[0]
[16:18:27] budget: 269 s of 300 left for the settles + regrids (settle_wall 480)
[16:18:27] plan: 481 states, depth 6 new flybys, end plan_done (31 s); deepest 6 new to 5395 d at planner fuel 624 kg
[16:18:27]   depth  1:   31 states (23 in H), t_end 4460-5031 d, fuel 524-584 kg
[16:18:27]   depth  2:   75 states (7 in H), t_end 4540-5475 d, fuel 543-614 kg
[16:18:27]   depth  3:  150 states (0 in H), t_end 4915-5477 d, fuel 559-643 kg
[16:18:27]   depth  4:  145 states (0 in H), t_end 4973-5475 d, fuel 589-670 kg
[16:18:27]   depth  5:   69 states (0 in H), t_end 5183-5476 d, fuel 595-671 kg
[16:18:27]   depth  6:   11 states (0 in H), t_end 5394-5466 d, fuel 624-656 kg
[16:18:27] candidates: 16 distinct committed target sets (n_new 1-2, potential 0-2)
[16:18:27] frontier: 16 candidates chosen (n fb / committed planner kg / continuation (lookahead) [full]; pot_mode lookahead, pot_cap None): 1fb/524kg/p0(0)[0], 1fb/531kg/p2(2)[2], 1fb/535kg/p0(0)[0], 1fb/542kg/p1(0)[1], 1fb/553kg/p2(1)[2], 1fb/557kg/p1(1)[1], 1fb/563kg/p0(0)[0], 1fb/564kg/p0(0)[0], 1fb/567kg/p3(2)[3], 1fb/576kg/p1(1)[1], 1fb/581kg/p1(1)[1], 1fb/582kg/p2(2)[2], 2fb/562kg/p0(0)[0], 2fb/569kg/p1(1)[1], 2fb/571kg/p0(0)[0], 2fb/579kg/p2(2)[2]
[16:18:27] budget: 269 s of 300 left for the settles + regrids (settle_wall 480)
[16:18:27] plan: 223 states, depth 5 new flybys, end plan_done (31 s); deepest 5 new to 5408 d at planner fuel 643 kg
[16:18:27]   depth  1:   46 states (37 in H), t_end 4415-4985 d, fuel 527-596 kg
[16:18:27]   depth  2:   47 states (5 in H), t_end 4647-5312 d, fuel 557-630 kg
[16:18:27]   depth  3:   61 states (0 in H), t_end 4974-5431 d, fuel 568-659 kg
[16:18:27]   depth  4:   54 states (0 in H), t_end 5118-5467 d, fuel 578-679 kg
[16:18:27]   depth  5:   15 states (0 in H), t_end 5349-5453 d, fuel 643-690 kg
[16:18:27] candidates: 25 distinct committed target sets (n_new 1-2, potential 0-2)
[16:18:27] frontier: 16 candidates chosen (n fb / committed planner kg / continuation (lookahead) [full]; pot_mode lookahead, pot_cap None): 1fb/527kg/p1(1)[1], 1fb/528kg/p2(2)[2], 1fb/531kg/p1(1)[1], 1fb/546kg/p1(1)[1], 1fb/549kg/p0(0)[0], 1fb/557kg/p2(2)[2], 1fb/563kg/p2(1)[2], 1fb/565kg/p0(0)[0], 1fb/565kg/p0(0)[0], 1fb/579kg/p2(1)[2], 1fb/584kg/p1(1)[1], 1fb/587kg/p2(2)[2], 1fb/596kg/p1(1)[1], 2fb/576kg/p0(0)[0], 2fb/590kg/p1(1)[1], 2fb/602kg/p0(0)[0]
[16:18:27] budget: 269 s of 300 left for the settles + regrids (settle_wall 480)
[16:18:29]     settle 27: 213 @   4544 d -> ok lintwin tank 889.9 (+7.2) miss 74 km (2.3 s)
[16:18:31]     settle 24: 227 @   4604 d -> ok lin tank 1014.8 (+31.8) miss 95 km (5.6 s)
[16:18:31] plan: 498 states, depth 6 new flybys, end plan_done (35 s); deepest 6 new to 5450 d at planner fuel 702 kg
[16:18:31]   depth  1:   38 states (29 in H), t_end 4328-4965 d, fuel 565-636 kg
[16:18:31]   depth  2:  105 states (6 in H), t_end 4544-5329 d, fuel 578-663 kg
[16:18:31]   depth  3:  150 states (1 in H), t_end 4678-5476 d, fuel 597-688 kg
[16:18:31]   depth  4:  150 states (0 in H), t_end 5027-5475 d, fuel 607-709 kg
[16:18:31]   depth  5:   53 states (0 in H), t_end 5264-5475 d, fuel 637-728 kg
[16:18:31]   depth  6:    2 states (0 in H), t_end 5450-5450 d, fuel 702-703 kg
[16:18:31] candidates: 20 distinct committed target sets (n_new 1-3, potential 0-2)
[16:18:31] frontier: 16 candidates chosen (n fb / committed planner kg / continuation (lookahead) [full]; pot_mode lookahead, pot_cap None): 1fb/566kg/p2(2)[2], 1fb/581kg/p2(2)[2], 1fb/589kg/p2(2)[2], 1fb/596kg/p2(2)[2], 1fb/603kg/p1(1)[1], 1fb/609kg/p2(2)[2], 1fb/612kg/p2(2)[2], 1fb/612kg/p2(1)[2], 1fb/614kg/p3(1)[3], 1fb/618kg/p1(1)[1], 1fb/622kg/p2(2)[2], 1fb/624kg/p2(1)[2], 2fb/610kg/p1(1)[1], 2fb/618kg/p2(1)[2], 2fb/630kg/p1(1)[1], 3fb/639kg/p1(1)[1]
[16:18:31] budget: 265 s of 300 left for the settles + regrids (settle_wall 480)
[16:18:31]     settle 27:  90 @   4507 d -> ok lintwin tank 894.2 (+5.1) miss 84 km (3.9 s)
[16:18:32]     settle 30:  95 @   4588 d -> ok lam tank 1329.3 (+299.2) miss 16 km (4.7 s)
[16:18:32]     settle 27: 213 @   4542 d -> ok lintwin tank 930.0 (+2.8) miss 14 km (0.8 s)
[16:18:32] plan: 461 states, depth 7 new flybys, end plan_done (36 s); deepest 7 new to 5450 d at planner fuel 775 kg
[16:18:32]   depth  1:   26 states (19 in H), t_end 4365-5009 d, fuel 663-717 kg
[16:18:32]   depth  2:   54 states (8 in H), t_end 4517-5288 d, fuel 678-733 kg
[16:18:32]   depth  3:  114 states (1 in H), t_end 4657-5459 d, fuel 695-759 kg
[16:18:32]   depth  4:  150 states (0 in H), t_end 4961-5475 d, fuel 703-781 kg
[16:18:32]   depth  5:  100 states (0 in H), t_end 5095-5476 d, fuel 716-797 kg
[16:18:32]   depth  6:   15 states (0 in H), t_end 5264-5462 d, fuel 731-817 kg
[16:18:32]   depth  7:    2 states (0 in H), t_end 5450-5451 d, fuel 775-776 kg
[16:18:32] candidates: 17 distinct committed target sets (n_new 1-3, potential 0-2)
[16:18:32] frontier: 16 candidates chosen (n fb / committed planner kg / continuation (lookahead) [full]; pot_mode lookahead, pot_cap None): 1fb/663kg/p2(2)[2], 1fb/668kg/p3(1)[3], 1fb/688kg/p1(1)[1], 1fb/689kg/p2(2)[2], 1fb/690kg/p2(2)[2], 1fb/695kg/p0(0)[0], 1fb/696kg/p1(1)[1], 1fb/696kg/p1(1)[1], 1fb/716kg/p2(2)[2], 1fb/716kg/p1(1)[1], 1fb/717kg/p1(0)[1], 2fb/691kg/p2(2)[2], 2fb/696kg/p2(1)[2], 2fb/700kg/p1(1)[1], 2fb/728kg/p1(1)[1], 3fb/718kg/p1(1)[1]
[16:18:32] budget: 264 s of 300 left for the settles + regrids (settle_wall 480)
[16:18:34] plan: 588 states, depth 7 new flybys, end plan_done (38 s); deepest 7 new to 5444 d at planner fuel 432 kg
[16:18:34]   depth  1:   54 states (37 in H), t_end 4327-5035 d, fuel 227-327 kg
[16:18:34]   depth  2:  137 states (33 in H), t_end 4428-5367 d, fuel 233-365 kg
[16:18:34]   depth  3:  150 states (4 in H), t_end 4663-5448 d, fuel 248-395 kg
[16:18:34]   depth  4:  150 states (0 in H), t_end 4885-5452 d, fuel 256-435 kg
[16:18:34]   depth  5:   81 states (0 in H), t_end 5120-5456 d, fuel 330-425 kg
[16:18:34]   depth  6:   15 states (0 in H), t_end 5273-5451 d, fuel 361-417 kg
[16:18:34]   depth  7:    1 states (0 in H), t_end 5444-5444 d, fuel 432-432 kg
[16:18:34] candidates: 60 distinct committed target sets (n_new 1-3, potential 0-3)
[16:18:34] frontier: 16 candidates chosen (n fb / committed planner kg / continuation (lookahead) [full]; pot_mode lookahead, pot_cap None): 1fb/227kg/p2(1)[2], 1fb/227kg/p1(1)[1], 1fb/228kg/p2(1)[2], 1fb/229kg/p2(2)[2], 1fb/238kg/p2(2)[2], 1fb/241kg/p2(2)[2], 1fb/241kg/p2(1)[2], 1fb/254kg/p2(0)[2], 1fb/274kg/p3(3)[3], 1fb/277kg/p3(2)[3], 1fb/282kg/p3(1)[3], 2fb/245kg/p0(0)[0], 2fb/246kg/p0(0)[0], 2fb/293kg/p2(2)[2], 3fb/303kg/p0(0)[0], 3fb/320kg/p1(1)[1]
[16:18:34] budget: 262 s of 300 left for the settles + regrids (settle_wall 480)
[16:18:34]     settle 29: 102 @   4547 d -> ok lintwin tank 898.2 (+33.1) miss 72 km (7.7 s)
[16:18:36]     settle 27: 172 @   4480 d -> ok lintwin tank 896.0 (+6.9) miss 70 km (4.4 s)
[16:18:36]     settle 27:  37 @   4587 d -> ok lintwin tank 906.7 (+23.9) miss 53 km (6.4 s)
[16:18:37]     settle 27: 191 @   4589 d -> ok lintwin tank 943.0 (+15.8) miss 75 km (4.3 s)
[16:18:38]     settle 24: 123 @   4579 d -> ok lam tank 1034.4 (+51.4) miss 52 km (6.3 s)
[16:18:39]     settle 32:  43 @   4510 d -> ok lintwin tank 1019.0 (+7.6) miss 19 km (6.9 s)
[16:18:40]     settle 29:  19 @   4322 d -> ok lintwin tank 883.2 (+18.2) miss 46 km (2.9 s)
[16:18:40]   drift: leg 19@4322 d settled outside (T, T+H] -> column cut at 0
[16:18:40]     settle 27: 253 @   4497 d -> ok lintwin tank 896.8 (+7.7) miss 68 km (2.9 s)
[16:18:43]     settle 27: 235 @   4669 d -> ok lintwin tank 916.1 (+33.3) miss 81 km (5.7 s)
[16:18:43]   drift: leg 235@4669 d settled outside (T, T+H] -> column cut at 0
[16:18:44]     settle 32: 252 @   4372 d -> ok lintwin tank 1026.5 (+15.1) miss 76 km (4.0 s)
[16:18:45]     settle 24: 118 @   4551 d -> ok lam tank 1044.3 (+61.3) miss 5 km (5.2 s)
[16:18:47]     settle 27: 240 @   4482 d -> ok lintwin tank 913.8 (+24.7) miss 65 km (6.1 s)
[16:18:47]     settle 27:  28 @   4561 d -> ok lintwin tank 966.6 (+39.4) miss 6 km (9.6 s)
[16:18:48]     settle 27: 221 @   4460 d -> ok lintwin tank 917.1 (+34.3) miss 75 km (5.1 s)
[16:18:49]     settle 29: 235 @   4656 d -> ok lintwin tank 908.0 (+43.0) miss 71 km (8.9 s)
[16:18:49]   drift: leg 235@4656 d settled outside (T, T+H] -> column cut at 0
[16:18:50]     settle 24:  39 @   4557 d -> ok lam tank 1049.2 (+66.2) miss 65 km (4.4 s)
[16:18:50]     settle 27: 142 @   4549 d -> ok lintwin tank 906.3 (+23.5) miss 38 km (1.7 s)
[16:18:51] RESULT s12_c6: 5 columns; frontier 1fb 19 kg p1/1; settles 5 (5 ok), regrids 5 (5 ok); wall 55 s of 300 (plan 26, price 0, settle 30; budget hit None, 0 unsettled)
[16:18:52]   job s12_c6 craft columns   5  levels 3  settles 5/5  end plan_done  wall 55.5 s
[16:18:52]     settle 27: 173 @   4495 d -> ok lintwin tank 931.9 (+42.8) miss 56 km (4.4 s)
[16:18:52]     settle 32:  89 @   4551 d -> ok lintwin tank 1038.7 (+27.3) miss 69 km (6.8 s)
[16:18:56]     settle 29: 221 @   4500 d -> ok lintwin tank 962.9 (+97.9) miss 41 km (7.2 s)
[16:18:56]     settle 30:   2 @   4639 d -> ok lintwin tank 1039.0 (+8.9) miss 67 km (7.0 s)
[16:18:56]   drift: leg 2@4639 d settled outside (T, T+H] -> column cut at 0
[16:18:57]     settle 27:  78 @   4666 d -> ok lintwin tank 1065.6 (+138.4) miss 98 km (8.7 s)
[16:18:57]   drift: leg 78@4666 d settled outside (T, T+H] -> column cut at 0
[16:18:57]     settle 27:  28 @   4507 d -> ok lintwin tank 934.2 (+51.4) miss 56 km (6.1 s)
[16:18:59]     settle 30: 193 @   4368 d -> ok lintwin tank 1064.5 (+34.4) miss 63 km (2.6 s)
[16:18:59]     settle 27:  93 @   4437 d -> ok lintwin tank 935.0 (+45.9) miss 80 km (6.2 s)
[16:19:00]     settle 27: 191 @   4579 d -> ok lintwin tank 925.8 (+43.0) miss 12 km (2.3 s)
[16:19:00]     settle 32: 142 @   4520 d -> ok lintwin tank 1039.2 (+27.8) miss 1 km (7.0 s)
[16:19:01]     settle 29:  43 @   4510 d -> ok lintwin tank 897.3 (+32.3) miss 38 km (4.1 s)
[16:19:05]     settle 30: 172 @   4494 d -> ok lintwin tank 1059.8 (+29.7) miss 78 km (5.1 s)
[16:19:05]     settle 27:  49 @   4558 d -> ok lintwin tank 1057.7 (+130.5) miss 40 km (8.1 s)
[16:19:06]     settle 29: 274 @   4377 d -> ok lintwin tank 913.6 (+48.6) miss 56 km (4.3 s)
[16:19:06]     settle 27: 124 @   4530 d -> ok lintwin tank 905.2 (+16.1) miss 67 km (6.7 s)
[16:19:10]     settle 27: 102 @   4541 d -> ok lintwin tank 918.6 (+35.9) miss 2 km (9.3 s)
[16:19:10]     settle 27: 179 @   4598 d -> ok lintwin tank 920.9 (+31.9) miss 71 km (2.9 s)
[16:19:11]     settle 30: 199 @   4437 d -> ok lintwin tank 1054.4 (+24.3) miss 45 km (6.1 s)
[16:19:12]     settle 32: 140 @   4646 d -> ok lintwin tank 1059.6 (+48.2) miss 59 km (8.7 s)
[16:19:13]     settle 29: 191 @   4573 d -> ok lintwin tank 903.4 (+38.4) miss 54 km (6.4 s)
[16:19:14]     settle 27:  72 @   4579 d -> ok lintwin tank 934.4 (+45.4) miss 55 km (2.3 s)
[16:19:14]     settle 27:  43 @   4517 d -> ok lintwin tank 958.8 (+31.6) miss 67 km (7.5 s)
[16:19:17]     settle 30:  10 @   4359 d -> ok lintwin tank 1141.1 (+111.0) miss 52 km (4.9 s)
[16:19:20]     settle 29: 142 @   4465 d -> ok lintwin tank 891.5 (+26.5) miss 61 km (6.1 s)
[16:19:20]     settle 27: 241 @   4470 d -> ok lintwin tank 941.9 (+52.8) miss 64 km (5.2 s)
[16:19:20]     settle 27: 214 @   4534 d -> ok lintwin tank 929.2 (+46.4) miss 68 km (9.0 s)
[16:19:20]     settle 32: 221 @   4429 d -> ok lintwin tank 1069.0 (+57.6) miss 63 km (7.0 s)
[16:19:25]     settle 29:   6 @   4342 d -> ok lintwin tank 900.1 (+35.1) miss 74 km (4.2 s)
[16:19:25]     settle 27: 235 @   4628 d -> ok lintwin tank 947.1 (+58.1) miss 74 km (4.2 s)
[16:19:26]     settle 27:  25 @   4498 d -> ok lintwin tank 924.2 (+41.5) miss 24 km (5.8 s)
[16:19:27]     settle 27: 235 @   4640 d -> FAIL [('lam', 382105702.5)] (12.5 s)
[16:19:27]     settle 30: 173 @   4571 d -> ok lintwin tank 1063.1 (+33.0) miss 83 km (8.6 s)
[16:19:29]     settle 29: 273 @   4334 d -> ok lintwin tank 908.0 (+43.0) miss 70 km (3.7 s)
[16:19:32]     settle 27: 199 @   4415 d -> ok lintwin tank 1015.9 (+126.9) miss 55 km (6.2 s)
[16:19:32]     settle 32: 214 @   4569 d -> ok lintwin tank 1038.0 (+26.6) miss 79 km (10.0 s)
[16:19:33]     settle 29: 189 @   4418 d -> ok lintwin tank 899.1 (+34.1) miss 55 km (3.4 s)
[16:19:33]     settle 27:  56 @   4542 d -> ok lintwin tank 958.1 (+31.0) miss 79 km (6.4 s)
[16:19:34]     settle 27: 123 @   4651 d -> ok lam tank 942.4 (+59.6) miss 4 km (6.6 s)
[16:19:36]     settle 30:  75 @   4450 d -> ok lintwin tank 1070.0 (+39.9) miss 56 km (7.7 s)
[16:19:37]     settle 29: 268 @   4365 d -> ok lintwin tank 922.2 (+57.2) miss 70 km (3.1 s)
[16:19:39]     settle 32: 102 @   4557 d -> ok lintwin tank 1056.8 (+45.4) miss 72 km (5.2 s)
[16:19:39]     settle 27: 142 @   4423 d -> ok lintwin tank 952.0 (+24.8) miss 67 km (4.6 s)
[16:19:41]     settle 27:  43 @   4500 d -> ok lintwin tank 934.1 (+51.3) miss 35 km (4.7 s)
[16:19:42]     settle 27:  22 @   4637 d -> ok lintwin tank 1046.4 (+157.3) miss 2 km (9.4 s)
[16:19:42]     settle 32: 213 @   4539 d -> ok lintwin tank 1090.2 (+78.8) miss 62 km (3.1 s)
[16:19:42]     settle 30: 179 @   4617 d -> ok lintwin tank 1073.5 (+43.4) miss 69 km (5.9 s)
[16:19:44]     settle 30: 129 @   4668 d -> ok lintwin tank 926.2 (+12.6) miss 93 km (6.7 s)
[16:19:45]     settle 28: 142 @   4543 d -> ok lintwin tank 990.8 (+73.6) miss 72 km (3.4 s)
[16:19:48]     settle 28: 273 @   4647 d -> ok lintwin tank 931.2 (+17.4) miss 76 km (3.6 s)
[16:19:48]     settle 28: 214 @   4663 d -> ok lintwin tank 920.2 (+13.9) miss 56 km (2.3 s)
[16:19:50]     settle 27: 214 @   4571 d -> ok lam tank 951.3 (+24.2) miss 4 km (9.5 s)
[16:19:50]     settle 30:  49 @   4544 d -> ok lintwin tank 1080.8 (+50.7) miss 78 km (6.5 s)
[16:19:50]     settle 10: 193 @   4380 d -> FAIL [('lam', 26961.9)] (76.5 s)
[16:19:51]     settle 30: 129 @   4671 d -> ok lintwin tank 914.5 (+23.0) miss 68 km (6.4 s)
[16:19:51]     settle 32: 189 @   4502 d -> ok lintwin tank 1050.3 (+38.9) miss 82 km (7.8 s)
[16:19:52]     settle 28: 213 @   4543 d -> ok lintwin tank 966.7 (+49.6) miss 79 km (3.5 s)
[16:19:54]     settle 28: 213 @   4666 d -> ok lintwin tank 919.6 (+14.4) miss 76 km (5.3 s)
[16:19:57]     settle 32:  28 @   4463 d -> ok lintwin tank 1125.0 (+113.6) miss 63 km (5.5 s)
[16:19:57]     settle 27: 221 @   4426 d -> ok lintwin tank 989.7 (+62.5) miss 25 km (6.8 s)
[16:19:58]     settle 30:  28 @   4572 d -> ok lintwin tank 1090.9 (+60.8) miss 68 km (7.7 s)
[16:20:00]     settle 28: 129 @   4667 d -> ok lintwin tank 934.5 (+5.3) miss 1 km (7.0 s)
[16:20:01]   1 candidates dropped (settle failure / regrid failure / duplicate after truncation)
[16:20:01] RESULT s12_c4: 15 columns; frontier 1fb 7 kg p0/2 | 2fb 37 kg p1/2; settles 16 (16 ok), regrids 15 (15 ok); wall 125 s of 300 (plan 31, price 1, settle 94; budget hit None, 0 unsettled)
[16:20:01]     settle 28: 273 @   4650 d -> ok lintwin tank 1105.3 (+89.4) miss 43 km (6.1 s)
[16:20:02]   job s12_c4 craft columns  15  levels 6  settles 16/16  end plan_done  wall 125.3 s
[16:20:03] RESULT s12_c3: 16 columns; frontier 1fb 5 kg p1/2 | 2fb 30 kg p1/1; settles 16 (16 ok), regrids 16 (16 ok); wall 127 s of 300 (plan 31, price 2, settle 96; budget hit None, 0 unsettled)
[16:20:04]   job s12_c3 craft columns  16  levels 5  settles 16/16  end plan_done  wall 127.0 s
[16:20:04]     settle 33:  43 @   4517 d -> ok lintwin tank 1039.8 (+13.3) miss 66 km (5.1 s)
[16:20:06]     settle 27:   4 @   4498 d -> ok lintwin tank 971.3 (+44.1) miss 83 km (8.1 s)
[16:20:08]     settle 30: 258 @   4439 d -> ok lintwin tank 1078.0 (+47.9) miss 96 km (9.0 s)
[16:20:09]     settle 33:  89 @   4548 d -> ok lintwin tank 1042.6 (+16.1) miss 62 km (4.0 s)
[16:20:10]     settle 30:   4 @   4514 d -> ok lintwin tank 1448.2 (+548.1) miss 4 km (17.8 s)
[16:20:10]     settle 27: 142 @   4466 d -> ok lintwin tank 955.2 (+28.1) miss 57 km (2.6 s)
[16:20:12]     settle 28: 214 @   4570 d -> ok lintwin tank 954.7 (+-0.5) miss 56 km (1.9 s)
[16:20:14]     settle 32: 252 @   4370 d -> ok lintwin tank 1026.5 (+15.1) miss 76 km (3.5 s)
[16:20:15]     settle 30: 247 @   4349 d -> ok lintwin tank 1093.0 (+62.9) miss 75 km (6.7 s)
[16:20:16]     settle 28:  56 @   4544 d -> ok lintwin tank 970.9 (+18.9) miss 66 km (3.6 s)
[16:20:21]     settle 27: 142 @   4418 d -> ok lintwin tank 950.4 (+23.3) miss 64 km (3.9 s)
[16:20:22]     settle 33: 140 @   4663 d -> ok lintwin tank 1068.6 (+42.1) miss 71 km (7.9 s)
[16:20:22]     settle 31: 123 @   4673 d -> ok lin tank 933.6 (+-514.7) miss 56 km (6.8 s)
[16:20:22]     settle 31: 285 @   4544 d -> ok lintwin tank 1074.7 (+4.7) miss 68 km (5.3 s)
[16:20:22]   2 candidates dropped (settle failure / regrid failure / duplicate after truncation)
[16:20:23] RESULT s12_c2: 14 columns; frontier 1fb 26 kg p2/2 | 2fb 49 kg p0/2 | 3fb 68 kg p0/0; settles 16 (16 ok), regrids 14 (14 ok); wall 147 s of 300 (plan 31, price 1, settle 116; budget hit None, 0 unsettled)
[16:20:24]     settle 28: 129 @   4679 d -> ok lintwin tank 982.2 (+31.7) miss 41 km (3.0 s)
[16:20:24]   job s12_c2 craft columns  14  levels 6  settles 16/16  end plan_done  wall 146.9 s
[16:20:26]     settle 10: 124 @   4523 d -> FAIL [('lam', 8371.2)] (36.0 s)
[16:20:28]     settle 29: 129 @   4678 d -> ok lintwin tank 995.2 (+24.2) miss 45 km (3.3 s)
[16:20:28]   2 candidates dropped (settle failure / regrid failure / duplicate after truncation)
[16:20:28] RESULT s12_c0: 14 columns; frontier 1fb 3 kg p2/2 | 2fb 27 kg p1/1 | 3fb 68 kg p1/1; settles 18 (17 ok), regrids 14 (14 ok); wall 153 s of 300 (plan 35, price 2, settle 117; budget hit None, 0 unsettled)
[16:20:29]     settle 31: 240 @   4479 d -> ok lintwin tank 1255.7 (+114.5) miss 39 km (6.7 s)
[16:20:30]   job s12_c0 craft columns  14  levels 6  settles 17/18  end plan_done  wall 152.6 s
[16:20:31]     settle 32: 142 @   4376 d -> ok lintwin tank 1066.4 (+55.0) miss 52 km (6.4 s)
[16:20:38]     settle 33: 129 @   4666 d -> ok lintwin tank 1079.6 (+13.2) miss 9 km (7.3 s)
[16:20:39]     settle 31:  75 @   4452 d -> ok lintwin tank 1316.4 (+175.3) miss 32 km (8.6 s)
[16:20:39]   1 candidates dropped (settle failure / regrid failure / duplicate after truncation)
[16:20:39] RESULT s12_c5: 15 columns; frontier 1fb 24 kg p1/2 | 2fb 44 kg p0/2; settles 16 (16 ok), regrids 15 (15 ok); wall 164 s of 300 (plan 31, price 1, settle 133; budget hit None, 0 unsettled)
[16:20:40]   job s12_c5 craft columns  15  levels 6  settles 16/16  end plan_done  wall 163.7 s
[16:20:45]     settle 34: 140 @   4657 d -> ok lintwin tank 1074.4 (+31.8) miss 63 km (5.6 s)
[16:20:49] RESULT s12_c1: 16 columns; frontier 1fb 7 kg p2/2 | 2fb 27 kg p2/2 | 3fb 57 kg p1/1; settles 18 (18 ok), regrids 16 (16 ok); wall 173 s of 300 (plan 36, price 2, settle 137; budget hit None, 0 unsettled)
[16:20:50]   job s12_c1 craft columns  16  levels 7  settles 18/18  end plan_done  wall 173.2 s
[16:20:58]     settle 10:  93 @   4429 d -> FAIL [('lam', 25407.0)] (31.7 s)
[16:21:27]     settle 10:  49 @   4509 d -> FAIL [('lam', 11580261.6)] (29.4 s)
[16:21:42]     settle 10: 110 @   4509 d -> ok lam tank 860.2 (+159.1) miss 79 km (14.9 s)
[16:22:02]     settle 10: 123 @   4523 d -> FAIL [('lam', 14667.4)] (9.5 s)
[16:22:30]     settle 10:  52 @   4336 d -> FAIL [('lam', 5523067.7)] (28.2 s)
[16:22:55]     settle 10: 106 @   4349 d -> FAIL [('lam', 1932.1)] (25.0 s)
[16:22:55]   budget reached (job_wall: settle 262 s of 480, 0 s of the job left): 8 candidates not settled
[16:22:55]   7 candidates dropped (settle failure / regrid failure / duplicate after truncation)
[16:22:55] RESULT s12_c7: 1 columns; frontier 1fb 119 kg p2/2; settles 14 (1 ok), regrids 1 (1 ok); wall 300 s of 300 (plan 38, price 1, settle 262; budget hit job_wall, 8 unsettled)
[16:22:56]   job s12_c7 craft columns   1  levels 7  settles 1/14  end plan_done  wall 299.6 s
[16:22:56] [slice 12] propose: 96 columns (0 bad dropped) in 300.6 s
[16:22:56] [slice 12] auction: 96 columns, kept 80, dropped {'fuel': 14, 'ramp': 2}; lam 1.00 H_eff 360 d fuel budget 322 kg quota OFF
[16:22:56] [slice 12] auction: status optimal objective 27.480 vars 80 rows 33 chosen 7 fuel 300/322 kg (0.027 s)
[16:22:58] [slice 12] claims: c0:1 c1:2 c3:1 c4:1 c5:1 c6:1  (7 targets: 0 kept, 7 new; 8 released, 0 expired (ttl 6), 0 conflicts)
[16:22:58] [slice 12 T=4320 d] launched 8/8  covered 211  remaining 87  fuel 2789 kg  sumJi 10.5328  chosen: c0:3(+68) c1:2(+27) c2:3(+68) c3:2(+30) c4:1(+51) c5:1(+24) c6:1(+31)  rejected: -  (wall 303 s)
[16:22:58] [slice 13] claims in force: c0:1 c1:2 c3:1 c4:1 c5:1 c6:1  (7 targets; claim_bonus 1.0, ttl 6)
[16:22:58]   c0: claims: 1 own (prized +1.0), 6 claimed by others withheld
[16:22:58]   c1: claims: 2 own (prized +1.0), 5 claimed by others withheld
[16:22:58]   c2: claims: 0 own (prized +1.0), 7 claimed by others withheld
[16:22:58]   c3: claims: 1 own (prized +1.0), 6 claimed by others withheld
[16:22:58]   c4: claims: 1 own (prized +1.0), 6 claimed by others withheld
[16:22:58]   c5: claims: 1 own (prized +1.0), 6 claimed by others withheld
[16:22:58]   c6: claims: 1 own (prized +1.0), 6 claimed by others withheld
[16:22:58]   c7: claims: 0 own (prized +1.0), 7 claimed by others withheld
[16:22:58] [slice 13 T=4680 d] propose: 8 jobs (8 craft, 0 root) on 9 workers, proposer planbeam, H_eff 360 d, lam 1.0
[16:22:58] job s13_c2 (craft, craft 2, planbeam): T 4680 d H 360 L 360; plan horizon 5477 d; remaining 80; prize >1 on 80; width 150 npt 6 mc 150 dv 1.2 drmax 0.15 plan_wall 240 s; quota None
[16:22:58] job s13_c1 (craft, craft 1, planbeam): T 4680 d H 360 L 360; plan horizon 5477 d; remaining 82; prize >1 on 82; width 150 npt 6 mc 150 dv 1.2 drmax 0.15 plan_wall 240 s; quota None
[16:22:58] job s13_c6 (craft, craft 6, planbeam): T 4680 d H 360 L 360; plan horizon 5477 d; remaining 81; prize >1 on 81; width 150 npt 6 mc 150 dv 1.2 drmax 0.15 plan_wall 240 s; quota None
[16:22:58] job s13_c0 (craft, craft 0, planbeam): T 4680 d H 360 L 360; plan horizon 5477 d; remaining 81; prize >1 on 81; width 150 npt 6 mc 150 dv 1.2 drmax 0.15 plan_wall 240 s; quota None
[16:22:58] job s13_c5 (craft, craft 5, planbeam): T 4680 d H 360 L 360; plan horizon 5477 d; remaining 81; prize >1 on 81; width 150 npt 6 mc 150 dv 1.2 drmax 0.15 plan_wall 240 s; quota None
[16:22:58] job s13_c4 (craft, craft 4, planbeam): T 4680 d H 360 L 360; plan horizon 5477 d; remaining 81; prize >1 on 81; width 150 npt 6 mc 150 dv 1.2 drmax 0.15 plan_wall 240 s; quota None
[16:22:58] job s13_c7 (craft, craft 7, planbeam): T 4680 d H 360 L 360; plan horizon 5477 d; remaining 80; prize >1 on 80; width 150 npt 6 mc 150 dv 1.2 drmax 0.15 plan_wall 240 s; quota None
[16:22:58] job s13_c3 (craft, craft 3, planbeam): T 4680 d H 360 L 360; plan horizon 5477 d; remaining 81; prize >1 on 81; width 150 npt 6 mc 150 dv 1.2 drmax 0.15 plan_wall 240 s; quota None
[16:22:58] prefix slices/s13/in/craft_7.npz: 9 flybys, t_end 1519.3 d, tank 701.1 kg (planner view), miss 11.1 km, nreg 72
[16:22:58] budget: job_wall 300 s, 300 s left before the plan -> plan cap 210 s (plan_wall 240, settle_reserve 90)
[16:22:58] prefix slices/s13/in/craft_4.npz: 27 flybys, t_end 4512.7 d, tank 933.9 kg (planner view), miss 4.9 km, nreg 224
[16:22:58] budget: job_wall 300 s, 300 s left before the plan -> plan cap 210 s (plan_wall 240, settle_reserve 90)
[16:22:58] prefix slices/s13/in/craft_2.npz: 31 flybys, t_end 4662.8 d, tank 932.9 kg (planner view), miss 1.0 km, nreg 233
[16:22:58] prefix slices/s13/in/craft_1.npz: 33 flybys, t_end 4514.7 d, tank 1038.1 kg (planner view), miss 13.2 km, nreg 228
[16:22:58] budget: job_wall 300 s, 300 s left before the plan -> plan cap 210 s (plan_wall 240, settle_reserve 90)
[16:22:58] budget: job_wall 300 s, 300 s left before the plan -> plan cap 210 s (plan_wall 240, settle_reserve 90)
[16:22:58] prefix slices/s13/in/craft_3.npz: 28 flybys, t_end 4666.6 d, tank 919.0 kg (planner view), miss 9.4 km, nreg 233
[16:22:58] budget: job_wall 300 s, 300 s left before the plan -> plan cap 210 s (plan_wall 240, settle_reserve 90)
[16:22:58] prefix slices/s13/in/craft_0.npz: 29 flybys, t_end 4678.4 d, tank 994.9 kg (planner view), miss 26.0 km, nreg 236
[16:22:58] prefix slices/s13/in/craft_5.npz: 30 flybys, t_end 4432.4 d, tank 1054.2 kg (planner view), miss 4.9 km, nreg 220
[16:22:58] budget: job_wall 300 s, 300 s left before the plan -> plan cap 210 s (plan_wall 240, settle_reserve 90)
[16:22:58] budget: job_wall 300 s, 300 s left before the plan -> plan cap 210 s (plan_wall 240, settle_reserve 90)
[16:22:58] prefix slices/s13/in/craft_6.npz: 24 flybys, t_end 4603.2 d, tank 1014.4 kg (planner view), miss 78.9 km, nreg 226
[16:22:58] budget: job_wall 300 s, 300 s left before the plan -> plan cap 210 s (plan_wall 240, settle_reserve 90)
[16:23:22] first level (both): 0 production + 0 relaxed (dv 2.5, 0.3 AU; 0.0 s) + 29 lintwin children -> 29 unique (23.8 s)
[16:23:22] plan start: prefix 9 flybys, t_end 1519.3 d, planner mass 1372.7 kg (dv 6.011 km/s); 29 first-level states
[16:23:23] first level (both): 0 production + 11 relaxed (dv 2.5, 0.3 AU; 0.0 s) + 17 lintwin children -> 22 unique (24.5 s)
[16:23:23] plan start: prefix 27 flybys, t_end 4512.7 d, planner mass 1030.5 kg (dv 17.258 km/s); 22 first-level states
[16:23:24] plan: 52 states, depth 3 new flybys, end plan_done (26 s); deepest 3 new to 5417 d at planner fuel 621 kg
[16:23:24]   depth  1:   22 states (9 in H), t_end 4699-5302 d, fuel 587-640 kg
[16:23:24]   depth  2:   17 states (1 in H), t_end 4909-5435 d, fuel 601-648 kg
[16:23:24]   depth  3:   13 states (0 in H), t_end 5397-5451 d, fuel 621-656 kg
[16:23:24] candidates: 8 distinct committed target sets (n_new 1-2, potential 0-2)
[16:23:24] frontier: 8 candidates chosen (n fb / committed planner kg / continuation (lookahead) [full]; pot_mode lookahead, pot_cap None): 1fb/587kg/p2(2)[2], 1fb/597kg/p1(1)[1], 1fb/607kg/p1(1)[1], 1fb/607kg/p2(2)[2], 1fb/608kg/p0(0)[0], 1fb/625kg/p1(0)[1], 1fb/630kg/p0(0)[0], 2fb/648kg/p0(0)[0]
[16:23:24] budget: 274 s of 300 left for the settles + regrids (settle_wall 480)
[16:23:24] plan: 115 states, depth 4 new flybys, end plan_done (26 s); deepest 4 new to 5439 d at planner fuel 326 kg
[16:23:24]   depth  1:   29 states (15 in H), t_end 4683-5385 d, fuel 227-326 kg
[16:23:24]   depth  2:   45 states (0 in H), t_end 5041-5449 d, fuel 236-335 kg
[16:23:24]   depth  3:   36 states (0 in H), t_end 5251-5451 d, fuel 277-338 kg
[16:23:24]   depth  4:    5 states (0 in H), t_end 5411-5441 d, fuel 326-349 kg
[16:23:24] candidates: 13 distinct committed target sets (n_new 1-1, potential 0-2)
[16:23:24] frontier: 13 candidates chosen (n fb / committed planner kg / continuation (lookahead) [full]; pot_mode lookahead, pot_cap None): 1fb/227kg/p2(2)[2], 1fb/227kg/p2(2)[2], 1fb/227kg/p2(2)[2], 1fb/227kg/p1(1)[1], 1fb/232kg/p0(0)[0], 1fb/240kg/p2(2)[2], 1fb/243kg/p1(1)[1], 1fb/247kg/p0(0)[0], 1fb/251kg/p1(1)[1], 1fb/256kg/p1(1)[1], 1fb/266kg/p1(1)[1], 1fb/271kg/p1(1)[1], 1fb/275kg/p0(0)[0]
[16:23:24] budget: 274 s of 300 left for the settles + regrids (settle_wall 480)
[16:23:24] first level (both): 0 production + 24 relaxed (dv 2.5, 0.3 AU; 0.1 s) + 23 lintwin children -> 32 unique (25.8 s)
[16:23:24] plan start: prefix 31 flybys, t_end 4662.8 d, planner mass 1031.6 kg (dv 17.217 km/s); 32 first-level states
[16:23:24] first level (both): 0 production + 22 relaxed (dv 2.5, 0.3 AU; 0.1 s) + 0 lintwin children -> 13 unique (25.8 s)
[16:23:24] plan start: prefix 24 flybys, t_end 4603.2 d, planner mass 948.7 kg (dv 20.502 km/s); 13 first-level states
[16:23:24] first level (both): 0 production + 35 relaxed (dv 2.5, 0.3 AU; 0.1 s) + 19 lintwin children -> 35 unique (25.8 s)
[16:23:24] plan start: prefix 28 flybys, t_end 4666.6 d, planner mass 1047.2 kg (dv 16.627 km/s); 35 first-level states
[16:23:24] first level (both): 0 production + 7 relaxed (dv 2.5, 0.3 AU; 0.1 s) + 18 lintwin children -> 21 unique (26.0 s)
[16:23:24] plan start: prefix 30 flybys, t_end 4432.4 d, planner mass 912.9 kg (dv 22.011 km/s); 21 first-level states
[16:23:25] first level (both): 0 production + 23 relaxed (dv 2.5, 0.3 AU; 0.1 s) + 30 lintwin children -> 39 unique (26.6 s)
[16:23:25] plan start: prefix 29 flybys, t_end 4678.4 d, planner mass 967.3 kg (dv 19.739 km/s); 39 first-level states
[16:23:25] plan: 30 states, depth 3 new flybys, end plan_done (27 s); deepest 3 new to 5456 d at planner fuel 709 kg
[16:23:25]   depth  1:   13 states (11 in H), t_end 4753-5163 d, fuel 667-720 kg
[16:23:25]   depth  2:    9 states (2 in H), t_end 4892-5453 d, fuel 690-739 kg
[16:23:25]   depth  3:    8 states (0 in H), t_end 5041-5456 d, fuel 709-761 kg
[16:23:25] candidates: 6 distinct committed target sets (n_new 1-2, potential 0-2)
[16:23:25] frontier: 6 candidates chosen (n fb / committed planner kg / continuation (lookahead) [full]; pot_mode lookahead, pot_cap None): 1fb/667kg/p1(1)[1], 1fb/696kg/p0(0)[0], 1fb/699kg/p2(1)[2], 1fb/705kg/p2(2)[2], 2fb/726kg/p1(1)[1], 2fb/739kg/p1(1)[1]
[16:23:25] budget: 273 s of 300 left for the settles + regrids (settle_wall 480)
[16:23:25] plan: 51 states, depth 4 new flybys, end plan_done (27 s); deepest 4 new to 5466 d at planner fuel 765 kg
[16:23:25]   depth  1:   21 states (13 in H), t_end 4702-5291 d, fuel 706-746 kg
[16:23:25]   depth  2:   18 states (0 in H), t_end 5047-5475 d, fuel 734-766 kg
[16:23:25]   depth  3:   10 states (0 in H), t_end 5190-5462 d, fuel 750-781 kg
[16:23:25]   depth  4:    2 states (0 in H), t_end 5465-5466 d, fuel 765-776 kg
[16:23:25] candidates: 8 distinct committed target sets (n_new 1-1, potential 0-2)
[16:23:25] frontier: 8 candidates chosen (n fb / committed planner kg / continuation (lookahead) [full]; pot_mode lookahead, pot_cap None): 1fb/711kg/p0(0)[0], 1fb/717kg/p0(0)[0], 1fb/718kg/p2(2)[2], 1fb/718kg/p2(2)[2], 1fb/733kg/p0(0)[0], 1fb/736kg/p2(2)[2], 1fb/737kg/p0(0)[0], 1fb/740kg/p1(1)[1]
[16:23:25] budget: 273 s of 300 left for the settles + regrids (settle_wall 480)
[16:23:26]     settle 25:  22 @   4777 d -> ok lam tank 1031.3 (+16.9) miss 79 km (1.2 s)
[16:23:27] plan: 144 states, depth 3 new flybys, end plan_done (28 s); deepest 3 new to 5315 d at planner fuel 641 kg
[16:23:27]   depth  1:   35 states (18 in H), t_end 4821-5381 d, fuel 569-628 kg
[16:23:27]   depth  2:   85 states (4 in H), t_end 4974-5472 d, fuel 578-664 kg
[16:23:27]   depth  3:   24 states (0 in H), t_end 5246-5476 d, fuel 641-675 kg
[16:23:27] candidates: 13 distinct committed target sets (n_new 1-2, potential 0-2)
[16:23:27] frontier: 13 candidates chosen (n fb / committed planner kg / continuation (lookahead) [full]; pot_mode lookahead, pot_cap None): 1fb/579kg/p1(1)[1], 1fb/607kg/p2(2)[2], 1fb/608kg/p0(0)[0], 1fb/612kg/p1(1)[1], 1fb/615kg/p1(1)[1], 1fb/616kg/p2(2)[2], 1fb/621kg/p2(2)[2], 1fb/621kg/p2(1)[2], 1fb/622kg/p0(0)[0], 1fb/628kg/p2(1)[2], 2fb/633kg/p1(1)[1], 2fb/652kg/p0(0)[0], 2fb/657kg/p1(1)[1]
[16:23:27] budget: 272 s of 300 left for the settles + regrids (settle_wall 480)
[16:23:27] first level (both): 0 production + 15 relaxed (dv 2.5, 0.3 AU; 0.1 s) + 26 lintwin children -> 33 unique (28.7 s)
[16:23:27] plan start: prefix 33 flybys, t_end 4514.7 d, planner mass 927.1 kg (dv 21.406 km/s); 33 first-level states
[16:23:27] plan: 228 states, depth 4 new flybys, end plan_done (29 s); deepest 4 new to 5438 d at planner fuel 670 kg
[16:23:27]   depth  1:   32 states (18 in H), t_end 4843-5274 d, fuel 582-640 kg
[16:23:27]   depth  2:   81 states (5 in H), t_end 4886-5452 d, fuel 589-669 kg
[16:23:27]   depth  3:  102 states (0 in H), t_end 5169-5473 d, fuel 610-691 kg
[16:23:27]   depth  4:   13 states (0 in H), t_end 5271-5441 d, fuel 670-717 kg
[16:23:27] candidates: 14 distinct committed target sets (n_new 1-2, potential 0-3)
[16:23:27] frontier: 14 candidates chosen (n fb / committed planner kg / continuation (lookahead) [full]; pot_mode lookahead, pot_cap None): 1fb/595kg/p2(2)[2], 1fb/603kg/p2(2)[2], 1fb/608kg/p2(2)[2], 1fb/609kg/p1(1)[1], 1fb/620kg/p1(1)[1], 1fb/622kg/p3(2)[3], 1fb/633kg/p3(3)[3], 1fb/635kg/p3(2)[3], 1fb/635kg/p2(2)[2], 1fb/640kg/p1(1)[1], 2fb/609kg/p0(0)[0], 2fb/613kg/p1(1)[1], 2fb/645kg/p2(2)[2], 2fb/669kg/p2(2)[2]
[16:23:27] budget: 271 s of 300 left for the settles + regrids (settle_wall 480)
[16:23:27] plan: 154 states, depth 4 new flybys, end plan_done (29 s); deepest 4 new to 5468 d at planner fuel 752 kg
[16:23:27]   depth  1:   39 states (17 in H), t_end 4846-5338 d, fuel 639-704 kg
[16:23:27]   depth  2:   68 states (1 in H), t_end 5033-5471 d, fuel 651-730 kg
[16:23:27]   depth  3:   46 states (0 in H), t_end 5289-5468 d, fuel 667-752 kg
[16:23:27]   depth  4:    1 states (0 in H), t_end 5468-5468 d, fuel 752-752 kg
[16:23:27] candidates: 12 distinct committed target sets (n_new 1-2, potential 0-2)
[16:23:27] frontier: 12 candidates chosen (n fb / committed planner kg / continuation (lookahead) [full]; pot_mode lookahead, pot_cap None): 1fb/639kg/p2(2)[2], 1fb/640kg/p2(2)[2], 1fb/643kg/p1(1)[1], 1fb/647kg/p2(2)[2], 1fb/648kg/p2(2)[2], 1fb/658kg/p0(0)[0], 1fb/674kg/p0(0)[0], 1fb/678kg/p1(1)[1], 1fb/688kg/p2(1)[2], 1fb/696kg/p0(0)[0], 1fb/698kg/p1(1)[1], 2fb/714kg/p1(1)[1]
[16:23:27] budget: 271 s of 300 left for the settles + regrids (settle_wall 480)
[16:23:29]     settle 28:   2 @   4707 d -> ok lintwin tank 941.4 (+7.5) miss 63 km (5.4 s)
[16:23:30] plan: 187 states, depth 4 new flybys, end plan_done (32 s); deepest 4 new to 5453 d at planner fuel 748 kg
[16:23:30]   depth  1:   33 states (19 in H), t_end 4713-5373 d, fuel 688-741 kg
[16:23:30]   depth  2:   78 states (13 in H), t_end 4958-5476 d, fuel 700-768 kg
[16:23:30]   depth  3:   69 states (0 in H), t_end 5121-5463 d, fuel 724-783 kg
[16:23:30]   depth  4:    7 states (0 in H), t_end 5445-5460 d, fuel 748-792 kg
[16:23:30] candidates: 17 distinct committed target sets (n_new 1-2, potential 0-2)
[16:23:30] frontier: 16 candidates chosen (n fb / committed planner kg / continuation (lookahead) [full]; pot_mode lookahead, pot_cap None): 1fb/688kg/p2(2)[2], 1fb/698kg/p2(1)[2], 1fb/700kg/p1(1)[1], 1fb/704kg/p2(1)[2], 1fb/709kg/p0(0)[0], 1fb/713kg/p0(0)[0], 1fb/715kg/p1(1)[1], 1fb/723kg/p1(1)[1], 1fb/729kg/p2(2)[2], 1fb/739kg/p0(0)[0], 2fb/715kg/p1(1)[1], 2fb/722kg/p1(1)[1], 2fb/724kg/p1(1)[1], 2fb/725kg/p1(1)[1], 2fb/729kg/p1(1)[1], 2fb/730kg/p1(1)[1]
[16:23:30] budget: 268 s of 300 left for the settles + regrids (settle_wall 480)
[16:23:30]     settle 30:  78 @   4895 d -> ok lintwin tank 1001.4 (+6.5) miss 49 km (2.9 s)
[16:23:31]     settle 29: 101 @   4966 d -> ok lintwin tank 947.8 (+28.8) miss 67 km (4.1 s)
[16:23:32]     settle 31: 143 @   5024 d -> ok lintwin tank 1083.2 (+29.0) miss 30 km (5.9 s)
[16:23:32]     settle 32:  24 @   4888 d -> ok lintwin tank 958.4 (+25.4) miss 63 km (4.1 s)
[16:23:35]     settle 30: 143 @   5034 d -> ok lintwin tank 1002.0 (+7.1) miss 48 km (3.6 s)
[16:23:36]     settle 32:  78 @   4904 d -> ok lintwin tank 960.5 (+27.6) miss 72 km (3.7 s)
[16:23:37]     settle 28: 185 @   5039 d -> ok lintwin tank 962.3 (+28.4) miss 59 km (7.1 s)
[16:23:40]     settle 34:  17 @   4962 d -> ok lintwin tank 1045.9 (+7.8) miss 9 km (10.3 s)
[16:23:41]     settle 25: 273 @   4803 d -> ok lam tank 1041.0 (+26.6) miss 80 km (11.2 s)
[16:23:42]     settle 31: 102 @   4967 d -> ok lintwin tank 1240.3 (+186.1) miss 36 km (9.1 s)
[16:23:42]     settle 30: 102 @   4984 d -> ok lintwin tank 1017.3 (+22.4) miss 81 km (5.9 s)
[16:23:42]     settle 29:  49 @   4895 d -> ok lintwin tank 952.7 (+33.7) miss 59 km (9.5 s)
[16:23:44]     settle 32: 253 @   4919 d -> ok lintwin tank 985.1 (+52.1) miss 66 km (7.0 s)
[16:23:44]     settle 25: 203 @   4763 d -> ok lam tank 1061.5 (+47.1) miss 90 km (2.8 s)
[16:23:45]     settle 30:  24 @   4892 d -> ok lintwin tank 1011.5 (+16.6) miss 53 km (2.9 s)
[16:23:47]     settle 28:  51 @   4949 d -> ok lintwin tank 978.6 (+44.7) miss 79 km (8.5 s)
[16:23:50]     settle 30: 195 @   4858 d -> ok lintwin tank 1014.4 (+19.5) miss 67 km (3.2 s)
[16:23:50]     settle 34: 106 @   4717 d -> ok lintwin tank 1047.1 (+9.0) miss 1 km (8.6 s)
[16:23:51]     settle 32: 102 @   4983 d -> ok lintwin tank 963.4 (+30.4) miss 64 km (6.3 s)
[16:23:53]     settle 31: 273 @   4715 d -> ok lintwin tank 1088.3 (+34.1) miss 1 km (10.1 s)
[16:23:53]     settle 28: 198 @   4801 d -> ok lintwin tank 959.4 (+25.5) miss 63 km (5.1 s)
[16:23:53]     settle 29: 145 @   4956 d -> ok lintwin tank 964.4 (+45.4) miss 80 km (9.8 s)
[16:23:54]     settle 25: 207 @   4887 d -> ok lam tank 1055.8 (+41.4) miss 34 km (6.5 s)
[16:23:57]     settle 30: 241 @   5021 d -> ok lintwin tank 1010.4 (+15.5) miss 60 km (5.7 s)
[16:23:59]     settle 28: 151 @   4887 d -> ok lintwin tank 1005.9 (+72.0) miss 69 km (5.4 s)
[16:24:00]     settle 32:  32 @   4996 d -> ok lintwin tank 959.3 (+26.4) miss 62 km (8.0 s)
[16:24:00]     settle 29: 256 @   5030 d -> ok lintwin tank 976.5 (+57.5) miss 77 km (6.7 s)
[16:24:02]     settle 31: 235 @   4765 d -> ok lintwin tank 1075.9 (+21.7) miss 1 km (8.1 s)
[16:24:02]     settle 34: 101 @   4966 d -> ok lintwin tank 1058.6 (+20.5) miss 0 km (10.2 s)
[16:24:04]     settle 26: 207 @   4892 d -> ok lintwin tank 1068.7 (+7.2) miss 54 km (8.7 s)
[16:24:05]     settle 28: 166 @   4699 d -> ok lintwin tank 1001.5 (+67.6) miss 17 km (5.1 s)
[16:24:05]     settle 32: 195 @   4843 d -> ok lintwin tank 967.2 (+34.3) miss 69 km (4.1 s)
[16:24:06]     settle 29:  55 @   4981 d -> ok lintwin tank 942.5 (+23.5) miss 68 km (4.5 s)
[16:24:09]     settle 29: 191 @   5037 d -> ok lintwin tank 928.7 (+9.7) miss 57 km (2.6 s)
[16:24:09]   drift: leg 191@5037 d settled outside (T, T+H] -> column cut at 0
[16:24:11]     settle 32: 207 @   4883 d -> ok lintwin tank 957.0 (+24.1) miss 91 km (5.2 s)
[16:24:11]     settle 30:  32 @   4999 d -> ok lintwin tank 1013.9 (+19.0) miss 66 km (10.4 s)
[16:24:12]     settle 34: 102 @   4713 d -> ok lintwin tank 1052.9 (+14.8) miss 73 km (8.7 s)
[16:24:12]     settle 28: 273 @   5013 d -> ok lintwin tank 998.6 (+64.7) miss 65 km (6.5 s)
[16:24:12]   drift: leg 273@5013 d settled outside (T, T+H] -> column cut at 0
[16:24:14]     settle 29:  51 @   4936 d -> ok lintwin tank 973.7 (+54.7) miss 69 km (4.8 s)
[16:24:15]     settle 25: 203 @   4753 d -> ok lam tank 1044.0 (+29.5) miss 12 km (10.1 s)
[16:24:15]     settle 31: 104 @   4804 d -> ok lintwin tank 1098.1 (+43.9) miss 0 km (10.0 s)
[16:24:15]     settle 30: 253 @   4931 d -> ok lintwin tank 1039.2 (+44.3) miss 91 km (3.4 s)
[16:24:20]     settle 32: 189 @   4968 d -> ok lintwin tank 989.1 (+56.1) miss 100 km (7.9 s)
[16:24:20]     settle 26: 256 @   4918 d -> ok lam tank 1097.7 (+53.8) miss 21 km (5.2 s)
[16:24:21]     settle 29:  49 @   4909 d -> ok lintwin tank 1061.0 (+59.5) miss 2 km (8.5 s)
[16:24:21] RESULT s13_c6: 6 columns; frontier 1fb 14 kg p1/2 | 2fb 54 kg p1/1; settles 7 (7 ok), regrids 6 (6 ok); wall 83 s of 300 (plan 27, price 1, settle 56; budget hit None, 0 unsettled)
[16:24:22]   job s13_c6 craft columns   6  levels 3  settles 7/7  end plan_done  wall 82.8 s
[16:24:23]     settle 34: 172 @   4851 d -> ok lintwin tank 1171.9 (+133.8) miss 2 km (10.3 s)
[16:24:23]     settle 29: 172 @   4821 d -> ok lintwin tank 1008.9 (+89.9) miss 76 km (8.4 s)
[16:24:23]     settle 30: 207 @   4846 d -> ok lintwin tank 1060.3 (+65.4) miss 76 km (7.3 s)
[16:24:25]     settle 32: 143 @   4903 d -> ok lam tank 1011.3 (+78.4) miss 4 km (4.9 s)
[16:24:29]     settle 31:  22 @   4752 d -> ok lintwin tank 1078.2 (+24.0) miss 2 km (7.1 s)
[16:24:31]   1 candidates dropped (settle failure / regrid failure / duplicate after truncation)
[16:24:31] RESULT s13_c4: 7 columns; frontier 1fb 7 kg p2/2 | 2fb 126 kg p0/0; settles 8 (8 ok), regrids 7 (7 ok); wall 93 s of 300 (plan 26, price 1, settle 68; budget hit None, 0 unsettled)
[16:24:32]     settle 34: 207 @   5032 d -> ok lintwin tank 1147.6 (+109.6) miss 78 km (7.8 s)
[16:24:32]   job s13_c4 craft columns   7  levels 3  settles 8/8  end plan_done  wall 93.1 s
[16:24:33]     settle 30:  89 @   5038 d -> ok lintwin tank 1022.2 (+27.3) miss 58 km (8.2 s)
[16:24:33]   drift: leg 89@5038 d settled outside (T, T+H] -> column cut at 0
[16:24:34]     settle 29:  58 @   5030 d -> ok lintwin tank 971.6 (+52.6) miss 55 km (9.7 s)
[16:24:37]     settle 32: 256 @   4889 d -> ok lintwin tank 1045.5 (+112.6) miss 44 km (8.4 s)
[16:24:38]     settle 31:  37 @   5032 d -> ok lintwin tank 1073.4 (+19.2) miss 70 km (8.1 s)
[16:24:38]   drift: leg 37@5032 d settled outside (T, T+H] -> column cut at 0
[16:24:39]     settle 29: 189 @   4923 d -> ok lam tank 969.3 (+50.3) miss 11 km (4.4 s)
[16:24:40]     settle 34: 145 @   4960 d -> ok lintwin tank 1077.7 (+39.6) miss 75 km (7.9 s)
[16:24:42]     settle 30: 189 @   5027 d -> ok lintwin tank 1044.2 (+49.3) miss 75 km (9.3 s)
[16:24:42]     settle 33: 143 @   5039 d -> ok lintwin tank 968.5 (+10.1) miss 23 km (4.7 s)
[16:24:47]     settle 32: 207 @   4868 d -> ok lintwin tank 957.5 (+24.5) miss 75 km (3.8 s)
[16:24:47]     settle 31: 193 @   4920 d -> ok lintwin tank 1187.9 (+133.7) miss 31 km (8.8 s)
[16:24:48]   1 candidates dropped (settle failure / regrid failure / duplicate after truncation)
[16:24:48] RESULT s13_c5: 7 columns; frontier 1fb 20 kg p2/2; settles 8 (8 ok), regrids 7 (7 ok); wall 110 s of 300 (plan 27, price 1, settle 82; budget hit None, 0 unsettled)
[16:24:49]   job s13_c5 craft columns   7  levels 4  settles 8/8  end plan_done  wall 109.6 s
[16:24:49]     settle 10: 295 @   4800 d -> FAIL [('lin', 778.1), ('lam', 13060.4)] (84.9 s)
[16:24:50]     settle 33:  32 @   5001 d -> ok lintwin tank 963.7 (+6.2) miss 37 km (3.0 s)
[16:24:50]     settle 31:  58 @   5033 d -> ok lintwin tank 1104.5 (+44.2) miss 72 km (5.6 s)
[16:24:51]     settle 34: 189 @   5017 d -> ok lintwin tank 1078.1 (+40.0) miss 55 km (9.8 s)
[16:24:53]   1 candidates dropped (settle failure / regrid failure / duplicate after truncation)
[16:24:53] RESULT s13_c0: 11 columns; frontier 1fb 6 kg p2/2 | 2fb 108 kg p1/1; settles 12 (12 ok), regrids 11 (11 ok); wall 114 s of 300 (plan 29, price 1, settle 85; budget hit None, 0 unsettled)
[16:24:53]   job s13_c0 craft columns  11  levels 4  settles 12/12  end plan_done  wall 114.2 s
[16:24:54]     settle 33:  24 @   4886 d -> ok lintwin tank 971.8 (+4.6) miss 43 km (3.2 s)
[16:24:54]     settle 33:  58 @   5022 d -> FAIL [] (0.0 s)
[16:24:54]   1 candidates dropped (settle failure / regrid failure / duplicate after truncation)
[16:24:54] RESULT s13_c2: 13 columns; frontier 1fb 24 kg p3/3 | 2fb 30 kg p1/2; settles 15 (14 ok), regrids 13 (13 ok); wall 116 s of 300 (plan 29, price 1, settle 87; budget hit None, 0 unsettled)
[16:24:55]   job s13_c2 craft columns  13  levels 4  settles 14/15  end plan_done  wall 116.1 s
[16:24:58]     settle 34: 256 @   5035 d -> ok lintwin tank 1069.4 (+31.3) miss 98 km (6.6 s)
[16:25:09]     settle 10: 151 @   4891 d -> ok lam tank 887.9 (+186.8) miss 37 km (19.5 s)
[16:25:09]     settle 34:  49 @   4914 d -> ok lintwin tank 1085.8 (+47.7) miss 84 km (9.5 s)
[16:25:16]     settle 30:  58 @   5019 d -> FAIL [('lam', 22261782.2)] (35.5 s)
[16:25:20]     settle 35:  17 @   4963 d -> ok lintwin tank 1065.5 (+12.6) miss 78 km (6.1 s)
[16:25:27]     settle 34: 106 @   4715 d -> ok lintwin tank 1046.9 (+8.8) miss 66 km (5.0 s)
[16:25:35]     settle 35:  58 @   5027 d -> ok lintwin tank 1095.0 (+48.1) miss 38 km (7.6 s)
[16:25:42] interrupted (Interrupted): slice 13 -- phase files on disk are the resume point
