# m0=2000.0
1 1 0 74304000 -105039701.16255486 -108656744.46151266 4617.0976943759115 24.343856931012077 -20.003157674616933 -1.8620154123670598 2000 0 0 0 0
2 1 1 74390400 -102921397.32769462 -110369319.19607861 -156253.98516495645 24.690026883395085 -19.638564386384935 -1.8617628053081019 2000 0 0 0 0
3 1 1 74476800 -100773346.04527694 -112050166.52506186 -317091.01163696335 25.032985163762163 -19.269412656855941 -1.8613170784365769 1999.8146186158622 0.080692276783461497 -0.095231405529750984 -0.012824731663997932 0
4 1 1 74563200 -98595860.03606692 -113698902.28471057 -477880.23791893903 25.370533658203502 -18.89448975398172 -1.8605663686122773 1999.5599459256539 0.04735703081109794 -0.083901811565225387 -0.013253169392034922 0
5 1 1 74649600 -96389509.927895129 -115314922.459613 -638581.42793499888 25.701481496777404 -18.512279287632669 -1.8592874498838141 1999.3320022629107 0.062600867126818172 -0.091491232591682153 -0.014663834827313614 0
6 1 1 74736000 -94154812.028993666 -116897629.25581625 -799150.53403724881 26.026563363093512 -18.123289311327888 -1.8575018036307787 1999.0877493336889 0.060130409005982779 -0.089251757495835485 -0.015222063947895825 0
7 1 1 74822400 -91892306.888845935 -118446427.87882848 -959542.45531617722 26.34516115438683 -17.727397787840964 -1.8551860706488048 1998.8490490008369 0.060645853819369787 -0.088291496666880021 -0.015855518931910475 0
8 1 1 74908800 -89602557.250383437 -119960729.60767087 -1119711.4214246513 26.65719195144683 -17.324769905025281 -1.8523402310172163 1998.611040432851 0.061126410975239034 -0.087288204472135825 -0.016478087776707433 0
9 1 1 74995200 -87286138.686307847 -121439957.5802712 -1279611.4831951852 26.96246704297155 -16.915526329021166 -1.848960929612719 1998.3740726651545 0.061569809643277906 -0.086244174123796452 -0.017089815510353604 0
10 1 1 75081600 -84943642.720071331 -122883545.74850127 -1439196.4241062624 27.260805604275571 -16.49979654843818 -1.8450453223215824 1998.1382382986606 0.061975355492691786 -0.085161300714202443 -0.017690500516577494 0
11 1 1 75168000 -82575676.381244749 -124290939.52825001 -1598419.7973799563 27.55202956654411 -16.077716437571787 -1.8405909248457586 1997.903627621768 0.062342305020344872 -0.084041560213368241 -0.018279938533859071 0
12 1 1 75254400 -80182861.955876201 -125661596.34890197 -1757234.9575002857 27.835963885172646 -15.649428201695674 -1.8355956226709016 1997.670328607232 0.062670014026406651 -0.082886954101011642 -0.018857939349675733 0
13 1 1 75340800 -77765836.713333204 -126994986.19738269 -1915595.0925697405 28.112436814324326 -15.215080306443024 -1.8300576803757902 1997.4384268158922 0.062957934766358511 -0.0816995060186093 -0.019424324066908479 0
14 1 1 75427200 -75325252.609471992 -128290592.15550368 -2073453.2574400539 28.381280180254624 -14.774827393273975 -1.8239757502616489 1997.2080053105508 0.063205616257210662 -0.080481256555054281 -0.019978925080376814 0
15 1 1 75513600 -72861775.966259047 -129547910.92939314 -2230762.4075621595 28.64232965295113 -14.328830180801976 -1.8173488803644617 1996.9791445743142 0.063412704773159148 -0.079234258009445016 -0.020521586153873537 0
16 1 1 75600000 -70376087.128025383 -130766453.36978902 -2387475.4335001898 28.895425015251263 -13.877255351947682 -1.8101765218073116 1996.7519224334867 0.063578943622633749 -0.077960569236828758 -0.021052162339425882 0
17 1 1 75686400 -67868880.094608918 -131945744.98197043 -2543545.1960508637 29.140410428586851 -13.420275426936273 -1.8024585354561391 1996.526413985483 0.063704172774268694 -0.07666225032725324 -0.021570519985532312 0
18 1 1 75772800 -65340862.131712489 -133085326.42410684 -2698924.5619066912 29.37713469450965 -12.95806862221451 -1.7941951978471002 1996.3026915316671 0.063788328213770937 -0.075341357528368541 -0.022076536690868127 0
19 1 1 75859200 -62792753.358879402 -134184753.99281439 -2853566.4397986233 29.605451511135602 -12.490818695421694 -1.7853872063518135 1996.0808245154581 0.06383144068980269 -0.073999938025992043 -0.022570101200275132 0
20 1 1 75945600 -60225286.315562449 -135243600.09472141 -3007423.8170509753 29.825219723659465 -12.018714776601032 -1.7760356835510542 1995.8608794659267 0.063833634652005894 -0.072640024769216688 -0.023051113314340826 0
21 1 1 76032000 -57639205.50583493 -136261453.702865 -3160449.7964791027 30.036303568090489 -11.54195118590906 -1.7661421807910338 1995.6429199467755 0.063795126341981798 -0.07126363162375883 -0.023519483779186803 0
22 1 1 76118400 -55035266.92236644 -137237920.79676625 -3312597.6335580759 30.238572907363071 -11.060727238131916 -1.7557086808957172 1995.4270065112439 0.063716221825887417 -0.069872748303145618 -0.02397513406640759 0
23 1 1 76204800 -52414237.550357386 -138172624.78505781 -3463820.7737885034 30.431903459010979 -10.575247034377911 -1.7447376000158981 1995.2131966626855 0.063597314923529241 -0.068469335723477881 -0.024417996295548521 0
24 1 1 76291200 -49776894.852196194 -139065206.90957555 -3614072.8901842381 30.616177013593024 -10.085719241376408 -1.7332317885982109 1995.0015448211482 0.063438884348990449 -0.067055321238511365 -0.024848013016619482 0
25 1 1 76377600 -47124026.233672157 -139915326.62986323 -3763307.9208050738 30.791281643089853 -9.5923568588688237 -1.7211945314545147 1994.7921022961852 0.063241491034287778 -0.065632594301144917 -0.025265136921043034 0
26 1 1 76464000 -44456428.49264311 -140722661.98708504 -3911480.1062562698 30.95711189852808 -9.0953769756352969 -1.7086295469253858 1994.5849172656258 0.06300577498274422 -0.064203002094374004 -0.025669330772254736 0
27 1 1 76550400 -41774907.251119852 -141486909.94638884 -4058544.0270764153 31.113568996107105 -8.5950005147508541 -1.6955409851280629 1994.3800347607485 0.062732451811467707 -0.062768345503173617 -0.026060567014943685 0
28 1 1 76636800 -39080276.371790506 -142207786.71681744 -4204454.6409340017 31.260560991153074 -8.0914519687205821 -1.6819334252818701 1994.1774966577279 0.062422309260245071 -0.061330375231620146 -0.02643882756815023 0
29 1 1 76723200 -36373357.360064037 -142885028.04792297 -4349167.3195532244 31.39800293926152 -7.5849591251888553 -1.6678118721148305 1993.9773416754178 0.06207620326614998 -0.059890788187114657 -0.026804103557102141 0
30 1 1 76809600 -33654978.752766304 -143518389.50230318 -4492637.8852896607 31.525817044034547 -7.075752783966899 -1.6531817513529246 1993.7796053795093 0.061695053968291023 -0.058451224156233349 -0.027156395014917643 0
31 1 1 76896000 -30925975.494670182 -144107646.7033397 -4634822.6472768104 31.64393279087184 -6.564066466160388 -1.6380489042986972 1993.5843201930791 0.061279841480769495 -0.057013262601480728 -0.02749571057058357 0
32 1 1 76982400 -28187188.304086614 -144652595.55749527 -4775678.4370652782 31.752287066325291 -6.0501361162202949 -1.6224195815106508 1993.3915154134982 0.060831601542561106 -0.05557841988760423 -0.027822067147134068 0
33 1 1 77068800 -25439463.028782867 -145153052.45059192 -4915162.6436775373 31.850824262581753 -5.534199797776771 -1.6063004355975268 1993.2012172356274 0.060351420935037876 -0.054148146731116995 -0.028135489608077626 0
34 1 1 77155200 -22683649.993529659 -145608854.41757327 -5053233.24800245 31.939496366699551 -5.0164973841406528 -1.5896985131450454 1993.0134487812973 0.059840432912503204 -0.052723825907484576 -0.028436010412759713 0
35 1 1 77241600 -19920603.340608474 -146019859.28532767 -5189848.8564556781 32.018263034284502 -4.497270244387356 -1.5726212457994004 1992.8282301348415 0.05929981243072735 -0.051306770357617687 -0.028723669335599077 0
36 1 1 77328000 -17151180.36463473 -146385945.78823301 -5324968.7338341475 32.087091647352679 -3.976760925952938 -1.5550764405319675 1992.6455783847455 0.05873077137032464 -0.049898221365171497 -0.028998513069544238 0
37 1 1 77414400 -14376240.843071768 -146707013.65615949 -5458552.8352949498 32.14595735619266 -3.4552128346951947 -1.537072269111873 1992.4655076711722 0.058134553644083223 -0.048499347413530756 -0.029260594851458068 0
38 1 1 77500800 -11596646.36382379 -146982983.67475653 -5590561.8373916745 32.194843105105264 -2.9328699133790992 -1.5186172568209177 1992.2880292391494 0.057512430378186555 -0.047111242952429244 -0.029509974145826911 0
39 1 1 77587200 -8813259.651303567 -147213797.71792591 -5720957.1681042416 32.233739641965848 -2.4099763195477739 -1.4997202704455053 1992.1131514973583 0.056865695001027172 -0.04573492771555536 -0.029746716250809352 0
40 1 1 77673600 -6026943.8923727572 -147399418.75247231 -5849701.0358013175 32.26264551161875 -1.886776103749092 -1.4803905055833357 1991.940880082142 0.056195658455613501 -0.044371346254358436 -0.02997089196573649 0
41 1 1 77760000 -3238562.0635489025 -147539830.81500229 -5976756.4570779111 32.281567033177986 -1.3635128890770687 -1.4606374733047127 1991.7712179266734 0.055503644254564846 -0.043021367795548889 -0.030182577168006455 0
42 1 1 77846400 -448976.26086407877 -147635038.96122649 -6102087.283414158 32.290518261377215 -0.84042955297835065 -1.4404709862135221 1991.6041653349093 0.054790983892473777 -0.041685786334889334 -0.030381852556209694 0
43 1 1 77932800 2340952.9662554064 -147685069.1879012 -6225658.2266055131 32.289520932177886 -0.31776791226087187 -1.4199011439523739 1991.4397200599151 0.054059012165113447 -0.040365321098681503 -0.030568803200771863 0
44 1 1 78019200 5130367.2757390169 -147689968.32772753 -6347434.882918179 32.278604392898472 0.20423158778060477 -1.3989383181980963 1991.2778773864898 0.05330906261358849 -0.039060617134927061 -0.030743518252708671 0
45 1 1 78105600 7918411.1869281773 -147649803.91759932 -6467383.7559279306 32.25780551719609 0.72533017922835397 -1.37759313719679 1991.1186302176004 0.052542463164959731 -0.03777224637227336 -0.030906090513542768 0
46 1 1 78192000 10704232.726646269 -147564664.04067299 -6585472.2780046482 32.22716860528822 1.2452910715329364 -1.3558764698892101 1990.9619691642442 0.051760531909791685 -0.036500708681043693 -0.031056616181377689 0
47 1 1 78278400 13486984.066025829 -147434657.14280161 -6701668.8304095808 32.186745269855585 1.7638797448039398 -1.3337994096799604 1990.8078826384178 0.050964572992626488 -0.035246433344617106 -0.031195194509876623 0
48 1 1 78364800 16265822.146876806 -147259911.82394758 -6815942.761976582 32.136594308121545 2.2808642356034636 -1.3113732578993929 1990.6563569487296 0.050155872776619322 -0.034009780715445102 -0.031321927445429006 0
49 1 1 78451200 19039909.296424836 -147040576.60525191 -6928264.4063531207 32.076781560652499 2.7960154144938998 -1.2886095070117993 1990.5073763982884 0.049335696136399876 -0.032791043978466626 -0.031436919333827966 0
50 1 1 78537600 21808413.829297174 -146776819.67250735 -7038605.0977815036 32.007379757470254 3.3091072546311295 -1.2655198236248995 1990.3609233843072 0.048505283093677541 -0.031590451221574119 -0.031540276653085335 0
51 1 1 78624000 24570510.635687307 -146468828.59683478 -7146937.1854053978 31.928468352105163 3.8199170907415234 -1.2421160313520083 1990.2169784990672 0.047665845463029405 -0.030408167578834702 -0.031632107683024657 0
52 1 1 78710400 27325381.754684594 -146116810.03342155 -7253234.0460911477 31.840133344260312 4.3282258678709971 -1.2184100935795625 1990.0755206317037 0.046818564011223245 -0.029244297622831521 -0.031712522259769574 0
53 1 1 78796800 30072216.931815438 -145720989.39923075 -7357470.0957580488 31.742467091788836 4.8338183793492222 -1.1944140961931178 1989.9365270703734 0.045964585583845301 -0.028098887683764846 -0.031781631507444189 0
54 1 1 78883200 32810214.15990372 -145281610.53063378 -7459620.7992161978 31.635568112714644 5.3364834934616496 -1.1701402303127646 1989.7999736043 0.045105020746629587 -0.026971928535682154 -0.031839547609602982 0
55 1 1 78969600 35538580.202422947 -144798935.32196382 -7559662.6785149192 31.519540878055686 5.8360143683745589 -1.1456007750888035 1989.6658346249808 0.0442409415372901 -0.025863358054115469 -0.031886383590977424 0
56 1 1 79056000 38256531.098578654 -144273243.34602064 -7657573.3198090922 31.394495596219517 6.3322086549242513 -1.1208080806065139 1989.5340832263821 0.043373379417853901 -0.024773063843203904 -0.031922253113556884 0
57 1 1 79142400 40963292.649427317 -143704831.45759135 -7753331.3787548728 31.260547989768085 6.824868686928772 -1.0957745509467831 1989.4046913033699 0.042503323748366073 -0.023700886134118113 -0.031947270264373218 0
58 1 1 79228800 43658100.884406529 -143094013.38107836 -7846916.5844502505 31.117819065352556 7.313801658740628 -1.0705126274488785 1989.2776296478826 0.04163172020905595 -0.022646620508569457 -0.031961549407518525 0
59 1 1 79315200 46340202.507721893 -142441119.2833451 -7938309.7419398623 30.966434877624916 7.7988197898170437 -1.0450347722206836 1989.1528680424226 0.04075946970244522 -0.02161002080996401 -0.031965205062530713 0
60 1 1 79401600 49008855.324104801 -141746495.33291054 -8027492.7333072806 30.806526287941633 8.2797404761382083 -1.0193534519368224 1989.0303753502099 0.03988742743385177 -0.020590801922667136 -0.031958351742315975 0
61 1 1 79488000 51663328.643526442 -141010503.24663389 -8114448.5173813077 30.63822871866768 8.7563864283609281 -0.99348112196441019 1988.9101196015708 0.039016402254040225 -0.019588642662250487 -0.031941103871580105 0
62 1 1 79574400 54302903.664522417 -140233519.82503766 -8199161.1280862577 30.461681903883331 9.2285857966475575 -0.96743021085404735 1988.7920680760774 0.03814715618243672 -0.018603188558147556 -0.03191357567842347 0
63 1 1 79660800 56926873.835851923 -139415936.47742176 -8281615.6714693196 30.277029637289523 9.6961722821656391 -0.94121310523130697 1988.6761873799139 0.037280404273400999 -0.017634054618958419 -0.03187588117218796 0
64 1 1 79747200 59534545.196282908 -138558158.73791832 -8361798.3214410478 30.084419518093984 10.158985235304318 -0.91484213512178836 1988.5624435179352 0.036416814649660123 -0.016680827975922602 -0.031828134102582215 0
65 1 1 79833600 62125236.692362234 -137660605.77363163 -8439696.3142676763 29.884002695639484 10.616869740697844 -0.88832955973774685 1988.4508019600573 0.035557008692116449 -0.015743070673730701 -0.031770447916080469 0
66 1 1 79920000 64698280.47409413 -136723709.88599652 -8515297.9418563638 29.675933613519913 11.069676689197033 -0.86168755375408268 1988.3412277014759 0.034701561531309079 -0.014820322160881926 -0.031702935783761169 0
67 1 1 80006400 67253022.168514341 -135747916.0064759 -8588592.5438767187 29.460369753905116 11.517262836978356 -0.83492819409894481 1988.2336853163351 0.033851002616452998 -0.013912101753951493 -0.031625710637087898 0
68 1 1 80092800 69788821.131208047 -134733681.18769929 -8659570.4987640586 29.237471382771027 11.959490852012866 -0.80806344728042645 1988.1281390043744 0.033005816583427605 -0.013017911118668977 -0.031538885233301318 0
69 1 1 80179200 72305050.675878957 -133681474.09112261 -8728223.2136515863 29.00740129670266 12.396229348158425 -0.78110515726832652 1988.0245526301478 0.032166444130602101 -0.012137236639002499 -0.031442572231187071 0
70 1 1 80265600 74801098.282133088 -132591774.4722669 -8794543.1132799983 28.770324571906393 12.82735290718314 -0.75406503394610003 1987.9228897546466 0.031333283149459414 -0.011269551468774286 -0.031336884258253074 0
71 1 1 80352000 77276365.781694815 -131465072.66456275 -8858523.6279346235 28.526408316039674 13.252742089049701 -0.72695464214833649 1987.8231136588001 0.03050668992779897 -0.01041431789300677 -0.03122193409770805 0
72 1 1 80438400 79730269.523323089 -130301869.0628013 -8920159.1804610938 28.275821423428969 13.67228343082469 -0.69978539129638728 1987.725187358569 0.029686980466934881 -0.0095709891998373986 -0.031097834855014911 0
73 1 1 80524800 82162240.516744688 -129102673.60715611 -8979445.1724115852 28.018734334213836 14.085869434609062 -0.67256852563654668 1987.6290736115457 0.028874431882656277 -0.0087390116846703201 -0.0309647000392692 0
74 1 1 80611200 84571724.55596523 -127868005.26870771 -9036377.9693739805 27.755318797921742 14.49339854490068 -0.64531511509057071 1987.5347349145993 0.028069283990049147 -0.007917826490008122 -0.030822643908911585 0
75 1 1 80697600 86958182.322361335 -126598391.53736453 -9090954.8855371587 27.485747641933784 14.894775115827034 -0.61803604672194867 1987.4421334925664 0.027271740645812059 -0.0071068713669737776 -0.030671781588826042 0
76 1 1 80784000 89321089.467994869 -125294367.9130366 -9143174.1675455105 27.210194545274131 15.289909368701311 -0.59074201681702276 1987.3512312778159 0.026481971596934752 -0.0063055823620760268 -0.030512229381699858 0
77 1 1 80870400 91659936.679627046 -123956477.40087748 -9193034.977695981 26.928833818116672 15.678717340372184 -0.56344352358577277 1987.2619898803271 0.025700113977666066 -0.0055133953592008773 -0.030344105131275518 0
78 1 1 80956800 93974229.723942101 -122585270.01136909 -9240537.3765310794 26.64184018735634 16.061120822846586 -0.53615086047530924 1987.1743705486372 0.024926273959440283 -0.0047297476626127948 -0.030167528430019054 0
79 1 1 81043200 96263489.474516794 -121181302.26598278 -9285682.3048803899 26.349388588567177 16.437047294675448 -0.50887411009232009 1987.0883341215006 0.024160528448824312 -0.0039540793967300742 -0.029982621063273721 0
80 1 1 81129600 98527251.921102598 -119745136.70910633 -9328471.5654032733 26.051653964627885 16.806429844600252 -0.48162313873130225 1987.0038409702734 0.02340292673559962 -0.0031858349036702088 -0.029789507394346496 0
81 1 1 81216000 100765068.16180511 -118277341.42688453 -9368907.8036845922 25.748811071256412 17.169207087956018 -0.4544075914992452 1986.92085093235 0.022653492054231689 -0.0024244641921523425 -0.029588314823967621 0
82 1 1 81302400 102976504.37876819 -116778489.57357746 -9406994.4889347591 25.441034289666 17.525323076336878 -0.42723688802903975 1986.8393232358269 0.021912223285592169 -0.0016694240699538551 -0.029379174302713782 0
83 1 1 81388800 105161141.79798545 -115249158.9059964 -9442735.8943444286 25.128497446516306 17.874727201022516 -0.40012021877155174 1986.759216415833 0.021179096389407383 -0.00092017958752753305 -0.029162220888856415 0
84 1 1 81475200 107318576.63387607 -113689931.32653533 -9476137.0771434624 24.811373641299738 18.217374090660261 -0.37306654185453653 1986.6804882231318 0.020454065950121395 -0.00017620521506012894 -0.028937594345420599 0
85 1 1 81561600 109448420.01927212 -112101392.43527366 -9507203.8584125564 24.489835081276798 18.553223503697353 -0.34608458049760077 1986.6030955255358 0.019737066639958809 0.00056301385133709903 -0.028705439871172939 0
86 1 1 81648000 111550297.92147309 -110484131.09158151 -9535942.8026951663 24.164052924035172 18.882240216046661 -0.31918282097233536 1986.5269942030204 0.019028014481754139 0.0012979804719972859 -0.028465908905155796 0
87 1 1 81734400 113623851.0450289 -108838738.98561968 -9562361.197456263 23.834197127723971 19.204393904462204 -0.29236951109197917 1986.4521390376692 0.018326808227097549 0.0020291842528035514 -0.028219159926424677 0
88 1 1 81820800 115668734.72191563 -107165810.22008467 -9586467.0324328523 23.500436308984348 19.519659026086959 -0.26565265921828013 1986.3784835996778 0.017633330439337753 0.0027571001998828253 -0.027965359469192468 0
89 1 1 81907200 117684618.78976853 -105465940.90250944 -9608268.9789206013 23.162937608569148 19.828014694630792 -0.23904003376866834 1986.3059801311501 0.016947448608150187 0.003482187502371874 -0.02770468299281904 0
90 1 1 81993600 119671187.45883641 -103739728.74839242 -9627776.369038824 22.821866564624198 20.129444553617216 -0.21253916320738361 1986.2345794295093 0.016269016136018881 0.0042048880605910274 -0.027437315993191588 0
91 1 1 82080000 121628139.16831587 -101987772.69538881 -9644999.1750150006 22.477386993577955 20.423936647122542 -0.18615733650222546 1986.1642307328273 0.015597873254260547 0.0049256250555367535 -0.027163454871709659 0
92 1 1 82166400 123555186.43272112 -100210672.52876399 -9659947.9885277431 22.129660878562934 20.711483288422073 -0.15990160401452116 1986.0948816102996 0.014933847727580786 0.0056448015150558431 -0.02688330749404072 0
93 1 1 82252800 125452055.6789349 -98409028.518271387 -9672634.0001442116 21.778848265272369 20.992080926941238 -0.13377877879087818 1986.0264778613173 0.014276755517444157 0.0063627988585456549 -0.026597093450667617 0
94 1 1 82339200 127318487.07457891 -96583441.06658572 -9683068.9788847733 21.425107165143018 21.265730013888209 -0.10779543820352139 1985.958963427722 0.013626401420085485 0.0070799752450389289 -0.026305043104774828 0
95 1 1 82425600 129154234.34833118 -94734510.369389281 -9691265.2519419789 21.06859346573011 21.532434866931091 -0.081957925872768414 1985.8922803247992 0.012982579395388607 0.0077966640297728726 -0.026007395686955499 0
96 1 1 82512000 130959064.60280491 -92862836.087178841 -9697235.6845748257 20.709460848129691 21.792203534269625 -0.056272353782613894 1985.826368597506 0.012345073014320314 0.0085131721850263617 -0.025704395183815017 0
97 1 1 82598400 132732758.12059182 -90969017.028830826 -9700993.6601901557 20.347860711292551 22.045047658428686 -0.030744604481739764 1985.7611663091586 0.011713655729703287 0.0092297786417042584 -0.0253962844961577 0
98 1 1 82684800 134475108.1640577 -89053650.846935749 -9702553.0606145058 19.983942103056425 22.290982340086639 -0.0053803332732915337 1985.6966095691141 0.011088091044379246 0.0099467327335410107 -0.02508329785704113 0
99 1 1 82771200 136185920.76946282 -87117333.744885221 -9701928.2465518862 19.617851657716198 22.530026002236397 0.019815029675394204 1985.6326326040244 0.010468132692297344 0.010664252672119092 -0.024765652854914437 0
100 1 1 82857600 137865014.53596446 -85160660.195671365 -9699134.0382200871 19.249733539943914 22.762200254957012 0.04483627730372787 1985.5691678734711 0.0098535247479337295 0.011382524053525916 -0.024443543747797808 0
101 1 1 82944000 139512220.41004044 -83184222.672333822 -9694185.6961615551 18.879729394862103 22.987529761059367 0.069678423626519534 1985.5061462261399 0.0092440017838551596 0.012101698535264105 -0.024117138071017338 0
102 1 1 83030400 141127381.46585855 -81188611.389968365 -9687098.9022349529 18.507978304068367 23.206042102850837 0.094336701554473282 1985.4434970891207 0.0086392889922256577 0.012821892524045104 -0.02378657728759152 0
103 1 1 83116800 142710352.682096 -79174414.059190363 -9677889.7408071589 18.134616747403228 23.417767650254003 0.11880656041169517 1985.3811486816383 0.0080391023692192223 0.013543186335929137 -0.023451981123098591 0
104 1 1 83203200 144261000.71569577 -77142215.650926247 -9666574.6801769901 17.759778570252571 23.622739430491858 0.14308366303937242 1985.3190282459968 0.0074431490062343781 0.014265623163936411 -0.023113453994008944 0
105 1 1 83289600 145779203.67302939 -75092598.172389507 -9653170.5542688891 17.383594956174143 23.82099299953888 0.16716388244487154 1985.2570622909334 0.006851127527619209 0.014989208679173846 -0.022771091968355035 0
106 1 1 83376000 147264850.87891746 -73026140.454080328 -9637694.5446347594 17.006194404632598 24.012566315527852 0.19104329802864312 1985.1951768451011 0.0062627285297290917 0.015713910710549537 -0.022424988556642541 0
107 1 1 83462400 148717842.64393923 -70943417.947631747 -9620164.1627974082 16.62770271362816 24.197499614279284 0.21471819146322693 1985.1332977197255 0.005677635255082694 0.016439659299006003 -0.022075239102747283 0
108 1 1 83548800 150138090.0304445 -68845002.534313321 -9600597.2329621874 16.248242967007844 24.375835287112388 0.23818504230445925 1985.0713507788309 0.0050955244396430751 0.017166347119892865 -0.021721943599228528 0
109 1 1 83635200 151525514.61766466 -66731462.343987554 -9579011.8751163352 15.867935526245887 24.547617761078886 0.26144052342186347 1985.0092622152674 0.0045160673127818927 0.017893830184339692 -0.021365207843560923 0
110 1 1 83721600 152880048.26629806 -64603361.584305391 -9555426.4885283411 15.486898026479835 24.712893381746877 0.28448149631298719 1984.9469588294082 0.0039389306969997671 0.018621928916226219 -0.021005143898329928 0
111 1 1 83808000 154201632.88293076 -62461260.379914343 -9529859.7356555257 15.105245376593762 24.871710298649429 0.30730500635207292 1984.8843683064813 0.0033637784086124646 0.019350429556297878 -0.020641869536011066 0
112 1 1 83894400 155490220.18462938 -60305714.621445499 -9502330.5264633857 14.723089763141159 25.024118353499063 0.32990827801113781 1984.8214194880152 0.0027902726823708823 0.020079085921629582 -0.020275507527043778 0
113 1 1 83980800 156745771.46403399 -58137275.82403595 -9472858.0031581465 14.340540657899364 25.170168971250824 0.35228871008074875 1984.7580426329193 0.0022180757612144555 0.020807621258457729 -0.019906184377498002 0
114 1 1 84067200 157968257.35525116 -55956490.995137841 -9441461.5253314134 13.957704828853108 25.309915054087103 0.37444387090926284 1984.6941696637286 0.0016468515772584656 0.021535730524130596 -0.019534029279430286 0
115 1 1 84153600 159157657.60083801 -53763902.511358507 -9408160.6555151101 13.574686354406239 25.443410878385123 0.39637149367002866 1984.6297343938679 0.0010762674937744015 0.022263082737090791 -0.019159172874559916 0
116 1 1 84240000 160313960.82014623 -51560048.004072256 -9372975.1451436765 13.191586640624644 25.570711994713655 0.4180694716674197 1984.564672732751 0.00050599610529749141 0.02298932357468016 -0.018781746190731332 0
117 1 1 84326400 161437164.27927935 -49345460.253540114 -9335924.9209199678 12.808504441313815 25.691875130890409 0.43953585368751968 1984.4989228663396 -6.4283079688550254e-05 0.023714077850570555 -0.018401879571954233 0
118 1 1 84412800 162527273.66290128 -47120667.091272555 -9297030.0715807267 12.425535880739554 25.8069580981238 0.46076883939577445 1984.4324254114697 -0.00063488191366891657 0.024436952282978514 -0.018019701904491932 0
119 1 1 84499200 163584302.84811401 -44886191.310367718 -9256310.8350577131 12.042774478808155 25.916019700253159 0.48176677478495528 1984.3651235431255 -0.0012061019258513747 0.025157538105903182 -0.017635339783015697 0
120 1 1 84585600 164608273.68061215 -42642550.583557338 -9213787.5860297251 11.660311178519569 26.019119646087098 0.50252814767568832 1984.2969630947873 -0.0017782329155103572 0.025875413720368258 -0.017248916994108621 0
121 1 1 84672000 165599215.75329942 -40390257.388693027 -9169480.8238611873 11.278234375517862 26.116318464832066 0.52305158326910994 1984.2278926325373 -0.0023515514228037862 0.026590147182646819 -0.016860554011941122 0
122 1 1 84758400 166557166.18754417 -38129818.941406682 -9123411.1609225888 10.896629949566156 26.207677424597208 0.54333583975611532 1984.1578635042285 -0.0029263195914540118 0.027301298763303925 -0.016470367620176913 0
123 1 1 84844800 167482169.41723046 -35861737.134679779 -9075599.3112879116 10.515581297776977 26.293258453950571 0.56337980397956056 1984.0868298653779 -0.0035027840117269836 0.028008423160329147 -0.016078470805188046 0
124 1 1 84931200 168374276.97575077 -33586508.485059902 -9026066.0798044335 10.135169369438112 26.373124066493524 0.58318248715528109 1984.0147486840713 -0.0040811748313082652 0.028711071718247421 -0.015684972413034438 0
125 1 1 85017600 169233547.2860707 -31304624.0852644 -8974832.3515295666 9.7554727022800041 26.447337288423807 0.60274302065209673 1983.9415797268148 -0.0046617048814554182 0.02940879460331278 -0.015289977259501484 0
126 1 1 85104000 170060045.45398423 -29016569.562915288 -8921919.0815299582 9.3765674600313833 26.515961589038504 0.62206065182929615 1983.8672855278598 -0.005244569264904163 0.030101142478024475 -0.014893586045167261 0
127 1 1 85190400 170853843.06466419 -26722825.045153532 -8867347.2850373909 8.9985274711217489 26.579060814130123 0.64113473993714487 1983.7918313444413 -0.005829944745203177 0.030787668356203453 -0.014495895443479866 0
128 1 1 85276800 171615017.98260123 -24423865.128884394 -8811138.0279563125 8.6214242683998012 26.636699122229093 0.65996475208031213 1983.7151851000217 -0.006417989445722961 0.031467929122082815 -0.01409699817375014 0
129 1 1 85363200 172343654.15501356 -22120158.856410574 -8753312.4177172221 8.2453271297299224 26.688940923636316 0.67855025924626433 1983.6373173177046 -0.0070088428287212899 0.032141487011651794 -0.013696983156834789 0
130 1 1 85449600 173039841.41879803 -19812169.696214452 -8693891.5944703724 7.8703031193465121 26.735850822187761 0.69689093240086608 1983.5582010458577 -0.0076026255544614516 0.032807910800368226 -0.013295935627979526 0
131 1 1 85536000 173703675.31108233 -17500355.528656043 -8632896.7226138301 7.496417129852821 26.777493559691582 0.71498653865242201 1983.4778117777323 -0.0081994395765270841 0.033466777019192949 -0.012893937351717278 0
132 1 1 85622400 174335256.88342994 -15185168.636358276 -8570348.9826499857 7.1237319247496753 26.813933962974449 0.73283693748648004 1983.3961273667262 -0.0087993683767562045 0.034117670820874989 -0.012491066736505092 0
133 1 1 85708800 174934692.51973855 -12867055.699057123 -8506269.5633641146 6.7523081813916219 26.845236893475732 0.75044207707429456 1983.3131279385875 -0.009402477208479058 0.034760187036038295 -0.012087399019360892 0
134 1 1 85795200 175502093.75786549 -10546457.792698989 -8440679.6543188188 6.3822045342721454 26.871467199322449 0.76780199065438248 1983.2287958018262 -0.010008813512549059 0.035393930740574543 -0.011683006463576963 0
135 1 1 85881600 176037577.11500245 -8223810.3925741017 -8373600.4386578053 6.0134776185475074 26.892689669819895 0.78491679298985972 1983.143115357343 -0.010618407259454279 0.036018518125516194 -0.01127795849442358 0
136 1 1 85968000 176541263.91681951 -5899543.3802799024 -8305053.0862123808 5.6461821137107764 26.908968992289932 0.80178667690383321 1983.0560730081604 -0.011231271574958681 0.036633576839956987 -0.010872321851336535 0
137 1 1 86054400 177013280.13038489 -3574081.0543147172 -8235058.7469039802 5.280370787336933 26.920369711189675 0.81841190989218759 1982.9676570699405 -0.01184740313927523 0.037238746683941726 -0.010466160775038489 0
138 1 1 86140800 177453756.20086533 -1247842.1441073287 -8163638.544435869 4.9160945388248374 26.926956189444656 0.83479283081623912 1982.8778576828036 -0.012466782866354087 0.037833679859503928 -0.010059537091419149 0
139 1 1 86227200 177862826.89200294 1078760.1727056529 -8090813.5702671893 4.5534024430635052 26.928792571925541 0.8509298466751567 1982.7866667249903 -0.013089376470487276 0.038418041413255229 -0.009652510411038949 0
140 1 1 86313600 178240631.13035867 3405318.249937166 -8016604.8778624013 4.1923417939602361 26.925942751003831 0.86682342945893831 1982.6940777285993 -0.013715135114261218 0.038991509461980343 -0.0092451381857077616 0
141 1 1 86400000 178587311.85330984 5731429.9496183377 -7941033.4772090437 3.8329581477687977 26.918470334116826 0.88247411308360257 1982.6000857977492 -0.014343996075859979 0.039553775439794547 -0.0088374758439908902 0
142 1 1 86486400 178903015.86077884 8056698.6160491416 -7864120.3295968268 3.4752953661629018 26.906438613274918 0.89788249040687895 1982.5046875293294 -0.014975883394489698 0.040104544221315583 -0.0084295769004461493 0
143 1 1 86572800 179187893.67067185 10380733.047296019 -7785886.3426510729 3.1193956590038177 26.889910536445608 0.91304921032524622 1982.4078809364307 -0.015610708557894893 0.040643534309407543 -0.0080214930451705593 0
144 1 1 86659200 179442099.3779968 12703147.464295847 -7706352.3656134494 2.7652996267548415 26.86894868074975 0.92797497495255321 1982.3096653744706 -0.016248371160456541 0.041170477916573037 -0.0076132742214884939 0
145 1 1 86745600 179665790.51763001 15023561.477719892 -7625539.1848629387 2.4130463025004216 26.843615227402012 0.94266053687929863 1982.2100414701749 -0.016888759570947931 0.041685120975777777 -0.0072049687214807336 0
146 1 1 86832000 179859127.93069419 17341600.052745741 -7543467.519670167 2.0626731935264337 26.813971938333804 0.95710669651279789 1982.109011053245 -0.017531751729994147 0.042187223225756222 -0.0067966232265088741 0
147 1 1 86918400 180022275.63450858 19656893.471879799 -7460158.0181780476 1.7142163224321076 26.780080134434193 0.97131429949680692 1982.0065770908379 -0.018177215580523473 0.042676558116948891 -0.006388282919529825 0
148 1 1 87004800 180155400.69607058 21969077.295967508 -7375631.253601999 1.3677102677376241 26.742000675347924 0.98528423421031408 1981.9027436247009 -0.018825009976611424 0.04315291288888036 -0.0059799914979999074 0
149 1 1 87091200 180258673.1090219 24277792.323523261 -7289907.7206428172 1.0231882039576488 26.699793940770064 0.99901742934486348 1981.7975157108583 -0.019474985119380006 0.043616088431669177 -0.0055717912674705548 0
150 1 1 87177600 180332265.674054 26582684.548506439 -7203007.8321055733 0.68068194111672309 26.653519813174952 1.0125148515591371 1981.6908993619327 -0.020126983368946343 0.044065899227272977 -0.0051637231574558446 0
151 1 1 87264000 180376353.88270226 28883405.116665337 -7114951.9157178067 0.34022196368070118 26.603237661924268 1.025777503209315 1981.5829014918136 -0.020780839742082721 0.044502173286123006 -0.004755826821003146 0
152 1 1 87350400 180391115.80447772 31179610.280565456 -7025760.2111406038 0.0018374688859811067 26.549006328694773 1.0388064201555123 1981.4735298627386 -0.021436382611101069 0.044924751970211445 -0.0043481405945180194 0
153 1 1 87436800 180376731.9772841 33470961.35341363 -6935452.8671659781 -0.3344435955520883 26.490884114171671 1.0516026696403531 1981.3627930345949 -0.022093434189438987 0.045333489957030397 -0.0039407016854948211 0
154 1 1 87523200 180333385.3010653 35757124.661785454 -6844049.9390944503 -0.66859449436798091 26.428928765952346 1.064167348241694 1981.2507003163862 -0.022751811228814926 0.045728254998529339 -0.0035335460083958659 0
155 1 1 87609600 180261260.93462789 38037771.497357562 -6751571.3862862987 -1.0005896683260849 26.363197467605719 1.0765015798963962 1981.1372617198228 -0.02341132549604431 0.04610892779943631 -0.0031267084319094385 0
156 1 1 87696000 180160546.19558159 40312578.067743085 -6658037.0698807053 -1.3304046984609093 26.293746828839755 1.0886065139923728 1981.0224879148027 -0.024071784344896999 0.046475401897463159 -0.0027202226594590598 0
157 1 1 87782400 180031430.46334088 42581225.446523465 -6563466.7506766301 -1.6580162709891164 26.220632876723844 1.1004833235309779 1980.906390186803 -0.024732991242630092 0.046827583407593978 -0.0023141213489639872 0
158 1 1 87868800 179874105.08512813 44843399.522565678 -6467880.0871696621 -1.983402142899696 26.143911047917619 1.1121332033545812 1980.7889803960895 -0.025394746268016005 0.047165390888440024 -0.0019084361209803645 0
159 1 1 87955200 179688763.28492114 47098790.94870986 -6371296.6337391753 -2.3065411082286564 26.063636181859913 1.1235573684393776 1980.6702709386082 -0.026056846623662772 0.047488755102747242 -0.001503197619847967 0
160 1 1 88041600 179475600.07528457 49347095.089908168 -6273735.8389801513 -2.6274129650223745 25.979862514870941 1.1347570522537094 1980.5502747085425 -0.026719087097292236 0.047797618821611765 -0.0010984354530353204 0
161 1 1 88128000 179234812.17202562 51588011.970892094 -6175217.0441741589 -2.9459984829914054 25.892643675124024 1.1457335051771054 1980.4290050624229 -0.027381260504342426 0.04809193661014019 -0.00069417837002982389 0
162 1 1 88214400 178966597.91161442 53821246.223441176 -6075759.4818943879 -3.2622793718561396 25.802032678444863 1.1564879929798035 1980.3064757846946 -0.028043158120873064 0.048371674632603112 -0.00029045415372097984 0
163 1 1 88300800 178671157.17130998 56046507.033323243 -5975382.2747393651 -3.5762382503856562 25.708081924894518 1.1670217953623789 1980.1827010547411 -0.02870457014193158 0.048636810351996983 0.00011271024654030729 0
164 1 1 88387200 178348691.29193106 58263508.086971544 -5874104.4341904623 -3.8878586161280864 25.610843196097967 1.177336204551555 1980.0576954152084 -0.029365286062001589 0.048887332396403096 0.00051528874063477695 0
165 1 1 88473600 177999403.00321233 60471967.517962061 -5771944.8595882216 -4.1971248158285563 25.510367653279037 1.1874325239531613 1979.9314737416526 -0.030025095035744524 0.049123240214471571 0.00091725605517276141 0
166 1 1 88560000 177623496.35168725 62671607.85335014 -5668922.3372227307 -4.5040220165328444 25.40670583596215 1.1973120668588928 1979.804051213504 -0.030683786280144364 0.049344543869071944 0.0013185876965828131 0
167 1 1 88646400 177221176.63103744 64862155.959922619 -5565055.5395334484 -4.8085361773732673 25.299907661309341 1.2069761552058462 1979.675443286081 -0.031341149428169963 0.049551263833377726 0.0017192599231063541 0
168 1 1 88732800 176792650.31485122 67043342.990418568 -5460363.024414015 -5.1106540220293244 25.190022424054412 1.2164261183862541 1979.5456656638203 -0.03199697481124493 0.049743430664084619 0.0021192496755557009 0
169 1 1 88819200 176338124.9917326 69214904.329769194 -5354863.2346177045 -5.4103630118584531 25.077098797002265 1.2256632921086905 1979.4147342745871 -0.032651053824802379 0.049921084822841189 0.0025185346522196479 0
170 1 1 88905600 175857809.30270201 71376579.541403934 -5248574.497259126 -5.7076513196921619 24.961184832060418 1.2346890173072802 1979.2826652450076 -0.033303179248450394 0.050084276319887107 0.0029170931651368573 0
171 1 1 88992000 175351912.88083372 73528112.313667938 -5141515.0234082649 -6.0025078042870046 24.842327961772042 1.243504639095677 1979.1494748768673 -0.033953145457726659 0.050233064536426203 0.0033149041515622606 0
172 1 1 89078400 174820646.2930721 75669250.406391948 -5033702.9077728586 -6.2949219854244607 24.720575001323585 1.2521115057682175 1979.0151796243797 -0.034600748777508232 0.050367517956137815 0.0037119471704818064 0
173 1 1 89164800 174264220.98417187 77799745.597655728 -4925156.12846517 -6.5848840196508442 24.595972150994339 1.2605109678436903 1978.8797960724819 -0.035245787645794675 0.050487713832849689 0.0041082023083883722 0
174 1 1 89251200 173682849.222707 79919353.63078098 -4815892.5468495479 -6.8723846766485286 24.46856499902341 1.2687043771532618 1978.7433409160053 -0.035888062942803722 0.05059373801071939 0.0045036502753415713 0
175 1 1 89337600 173076744.04909366 82027834.161589086 -4705929.9074669685 -7.1574153162303906 24.338398524868115 1.2766930859674774 1978.6058309396615 -0.036527378163989002 0.050685684600787546 0.0048982721746806896 0
176 1 1 89424000 172446119.22557473 84124950.705956325 -4595285.838033488 -7.4399678659459845 24.205517102827848 1.2844784461613596 1978.4672829989265 -0.037163539648467935 0.050763655756304905 0.0052920496203224896 0
177 1 1 89510400 171791189.18811339 86210470.587697223 -4483977.8495088806 -7.7200347992901825 24.069964506009804 1.2920618084224698 1978.3277140017237 -0.037796356747444519 0.050827761364911815 0.0056849647329278146 0
178 1 1 89596800 171112169.00014332 88284164.886804387 -4372023.3362322031 -7.9976091145049022 23.931783910613476 1.2994445214932231 1978.1871408909105 -0.038425642054488209 0.05087811880808283 0.0060769999849205171 0
179 1 1 89683200 170409274.30812544 90345808.388071731 -4259439.5761213917 -8.2726843139630422 23.791017900514547 1.3066279314471874 1978.0455806274529 -0.039051211530294207 0.050914852755522558 0.0064681382296420224 0
180 1 1 89769600 169682721.29886025 92395179.530125573 -4146243.7309337496 -8.5452543841235435 23.647708472122989 1.3136133810028827 1977.9030501744355 -0.039672884688693906 0.050938094748112728 0.0068583627226205569 0
181 1 1 89856000 168932726.65850976 94432060.354886651 -4032452.8465843205 -8.8153137760477929 23.501897039498829 1.3204022088684924 1977.7595664817472 -0.040290484730368746 0.050947983136902478 0.0072476569612289479 0
182 1 1 89942400 168159507.53327668 96456236.457485124 -3918083.8535195552 -9.0828573864653777 23.35362443970692 1.3269957491195383 1977.6151464714376 -0.04090383866525614 0.050944662661771986 0.0076360048209543263 0
183 1 1 90028800 167363281.49169761 98467496.936647117 -3803153.5671432354 -9.3478805393790978 23.202930938389404 1.3333953306090975 1977.4698070238039 -0.041512777454305198 0.050928284290193054 0.0080233904188726553 0
184 1 1 90115200 166544266.48850232 100465634.34557213 -3687678.6882922412 -9.6103789681981429 23.0498562355431 1.3396022764038651 1977.3235649640756 -0.042117136105713923 0.050899004947582156 0.0084097980483713967 0
185 1 1 90201600 165702680.82999384 102450444.64331742 -3571675.8037597849 -9.8703487983866722 22.894439471481537 1.3456179032508895 1977.1764370498315 -0.042716753733453593 0.050856987223699295 0.0087952122600704757 0
186 1 1 90288000 164838743.14090672 104421727.14670525 -3455161.3868633802 -10.1277865306186 22.736719232967296 1.3514435210733033 1977.0284399590421 -0.043311473705795592 0.05080239915270842 0.0091796177786557208 0
187 1 1 90374400 163952672.33269867 106379284.48276681 -3338151.7980553424 -10.382689024428602 22.576733559502969 1.3570804324903116 1976.879590278576 -0.043901143722633665 0.050735414039467838 0.0095629994460734065 0
188 1 1 90460800 163044687.5732336 108322922.54173554 -3220663.2855736441 -10.635053482344043 22.41451994976223 1.3625299323638169 1976.7299044934671 -0.044485615787691057 0.05065621007454818 0.0099453422589481748 0
189 1 1 90547200 162115008.25781587 110252450.43060222 -3102711.9861308243 -10.884877434490145 22.250115368149498 1.367793307369257 1976.5793989767255 -0.045064746390708232 0.050564970239768005 0.01032663126304707 0
190 1 1 90633600 161163853.98153374 112167680.42724198 -2984313.9256390273 -11.132158723657417 22.083556251476708 1.3728718355896441 1976.4280899796763 -0.045638396461169121 0.05046188196597929 0.010706851588485758 0
191 1 1 90720000 160191444.51287434 114068427.93512192 -2865485.0199690717 -11.376895490817661 21.914878515744498 1.3777667861328076 1976.2759936228979 -0.04620643142995208 0.050347137020962426 0.011085988378790048 0
192 1 1 90806400 159197999.76857075 115954511.43859985 -2746241.0757416664 -11.619086161080329 21.744117563015664 1.3824794187703908 1976.1231258877101 -0.046768721263034829 0.050220931144091506 0.011464026807313345 0
193 1 1 90892800 158183739.78964305 117825752.45881981 -2626597.7911488786 -11.858729430077901 21.571308288371753 1.3870109835978894 1975.9695026081588 -0.047325140485444291 0.050083463997159745 0.011840952009284486 0
194 1 1 90979200 157148884.71859908 119681975.5102122 -2506570.756804158 -12.095824250770113 21.396485086941329 1.3913627207137131 1975.8151394635336 -0.047875568212208265 0.049934938753212511 0.012216749057556049 0
195 1 1 91065600 156093654.77775609 121523008.05760337 -2386175.4566192147 -12.33036982065383 21.219681860989684 1.3955358599189136 1975.6600519715025 -0.048419888056412966 0.049775562040516218 0.012591402985799952 0
196 1 1 91152000 155018270.24865103 123348680.47394103 -2265427.2687059995 -12.562365569370895 21.040932027066585 1.3995316204351471 1975.5042554815773 -0.048957988244917316 0.04960554373352296 0.012964898704200544 0
197 1 1 91238400 153922951.45250466 125158825.99863841 -2144341.466302345 -12.791811146704646 20.860268523195302 1.403351210639834 1975.3477651691669 -0.049489761552033225 0.049425096612561371 0.013337221010491247 0
198 1 1 91324800 152807918.73170659 126953280.69654177 -2022933.2187197201 -13.018706410951891 20.677723816100425 1.4069958278183268 1975.1905960301181 -0.050015105277250893 0.049234436352077686 0.013708354527255299 0
199 1 1 91411200 151673392.43228808 128731883.41752356 -1901217.5923117031 -13.243051417661409 20.493329908466904 1.4104666579328224 1975.0327628756997 -0.050533921204192381 0.049033781192561771 0.014078283731927774 0
200 1 1 91497600 150519592.88735372 130494475.75670345 -1779209.5514616929 -13.464846408731058 20.307118346219291 1.4137648754071646 1974.8742803281045 -0.051046115633230381 0.048823351797230206 0.014446992886869478 0
201 1 1 91584000 149346740.4014391 132240902.01529996 -1656923.9595886178 -13.684091801851501 20.11912022582111 1.4168916429258334 1974.7151628163149 -0.051551599246078564 0.048603371166766787 0.014814466032178142 0
202 1 1 91670400 148155055.23576602 133971009.16211221 -1534375.5801693492 -13.900788180288863 19.929366201582887 1.4198481112481369 1974.5554245724443 -0.052050287182359996 0.048374064308111704 0.015180686976286063 0
203 1 1 91756800 146944757.59436643 135684646.79563397 -1411579.0777765624 -14.114936282996627 19.737886492972695 1.4226354190360586 1974.3950796285797 -0.05254209888065324 0.048135658151643945 0.015545639256193096 0
204 1 1 91843200 145716067.61104649 137381667.10679924 -1288549.019130927 -14.326536995046251 19.544710891929036 1.4252546926949061 1974.2341418139861 -0.053026958091891223 0.047888381415193172 0.0159093061176377 0
205 1 1 91929600 144469205.33716452 139061924.84235901 -1165299.8741664989 -14.535591338370077 19.349868770166406 1.4277070462269035 1974.0726247527407 -0.053504792795671538 0.047632464370061939 0.016271670501929666 0
206 1 1 92016000 143204390.7301946 140725277.26888984 -1041846.017108235 -14.742100462805951 19.153389086470668 1.4299935810967017 1973.9105418617905 -0.053975535142981722 0.04736813877649821 0.0166327150118004 0
207 1 1 92102400 141921843.64305252 142371584.13743043 -918201.72756062017 -14.946065637435213 18.95530039398043 1.4321153861090878 1973.7479063494009 -0.054439121363773331 0.047095637677244576 0.016992421926776625 0
208 1 1 92188800 140621783.81415644 144000707.64874873 -794381.19160636188 -15.147488242207826 18.755630847448771 1.4340735372973001 1973.5847312139663 -0.054895491781847022 0.046815195287944311 0.017350773130690007 0
209 1 1 92275200 139304430.85819978 145612512.41923365 -670398.502914301 -15.346369759843336 18.554408210482443 1.4358690978223076 1973.4210292432692 -0.055344590595328043 0.046527046829259538 0.017707750155073549 0
210 1 1 92361600 137970004.25761226 147206865.44741184 -546267.66385556629 -15.542711768000824 18.351659862755859 1.4375031178812592 1973.2568130141137 -0.055786365929346299 0.046231428455632079 0.018063334064510366 0
211 1 1 92448000 136618723.35468608 148783636.08108714 -422002.5866272343 -15.736515931712967 18.147412807195764 1.4389766346274662 1973.0920948922349 -0.056220769712886635 0.04592857706745717 0.01841750560132557 0
212 1 1 92534400 135250807.34434378 150342695.98509777 -297617.09438239492 -15.927783996071947 17.94169367713404 1.4402906720991102 1972.9268870326434 -0.056647757554071754 0.0456187302613719 0.018770244983487148 0
213 1 1 92620800 133866475.26752888 151883919.1096921 -173124.92236616719 -16.116517779162145 17.734528743426868 1.4414462411553635 1972.7612013803184 -0.057067288695296307 0.045302126180700925 0.01912153201744049 0
214 1 1 92707200 132465946.00519584 153407181.65951657 -48539.719056708018 -16.302719165233679 17.525943921534655 1.4424443394231434 1972.5950496712362 -0.057479325930083855 0.044979003369189148 0.01947134602978522 0
215 1 1 92793600 131049438.2728796 154912362.063214 76124.952689475511 -16.486390098106838 17.315964778565796 1.4432859512513112 1972.4284434337048 -0.057883835449827122 0.044649600813573921 0.019819665881055614 0
216 1 1 92880000 129617170.61582595 156399340.94362867 200855.61448862086 -16.667532574803221 17.104616540277412 1.4439720476728279 1972.2613939900496 -0.058280786848699827 0.044314157643655538 0.020166469924197725 0
217 1 1 92966400 128169361.40466161 157868001.08861446 325638.87127782294 -16.846148639396329 16.891924098033492 1.4445035863737559 1972.0939124585866 -0.058670152946367994 0.043972913253008832 0.020511735995414924 0
218 1 1 93052800 126706228.83158736 159318227.4224425 450461.4101608186 -17.022240377072226 16.677912015719617 1.444881511670556 1971.9260097559654 -0.059051909681920103 0.043626107043105045 0.020855441436599901 0
219 1 1 93139200 125227990.907075 160749906.97780403 575309.99925211107 -17.195809908398672 16.462604536609874 1.4451067544935634 1971.7576965997773 -0.059426036105233615 0.043273978456531831 0.021197563022972453 0
220 1 1 93225600 123734865.4570505 162162928.86840466 700171.48651990865 -17.366859383793692 16.246025590189721 1.4451802323769425 1971.5889835114026 -0.059792514165136139 0.042916766889799118 0.02153807700891134 0
221 1 1 93312000 122227070.12054691 163557184.26214558 825032.79862855526 -17.535390978188033 16.028198798927995 1.44510284945642 1971.4198808192054 -0.060151328714878605 0.042554711554361954 0.021876959113532195 0
222 1 1 93398400 120704822.34781051 164932566.35488847 949880.93978099001 -17.701406885877088 15.809147485000338 1.4448754964719461 1971.2503986619543 -0.060502467335448402 0.04218805149803221 0.02221418447030199 0
223 1 1 93484800 119168339.39884327 166288970.34479871 1074702.9905616252 -17.86490931555381 15.588894676964085 1.4444990507749089 1971.0805469925601 -0.06084592025077902 0.04181702551479613 0.022549727612069293 0
224 1 1 93571200 117617838.34236725 167626293.40726367 1199486.1067801574 -18.025900485519731 15.367463116381508 1.4439743763432584 1970.9103355820346 -0.061181680229268863 0.041441872088867474 0.022883562556728514 0
225 1 1 93657600 116053536.05519482 168944434.67038003 1324217.5183169949 -18.184382619068135 15.144875264392509 1.4433023238024922 1970.7397740236761 -0.06150974248219828 0.041062829364680468 0.023215662723902093 0
226 1 1 93744000 114475649.22199099 170243295.19100747 1448884.527970586 -18.340357940035133 14.921153308235462 1.4424837304488645 1970.5688717374885 -0.061830104602963495 0.040680135075432049 0.023546000894912274 0
227 1 1 93830400 112884394.33541289 171522777.93138391 1573474.5103070005 -18.493828668511561 14.696319167716025 1.4415194202795345 1970.3976379748699 -0.062142766367585617 0.040294026523602963 0.023874549310749626 0
228 1 1 93916800 111279987.69661279 172782787.73629668 1697974.9105124145 -18.644797016711532 14.470394501625192 1.4404102040278455 1970.2260818234938 -0.062447729714702409 0.039904740574807321 0.024201279578474698 0
229 1 1 94003200 109662645.41609159 174023231.31080601 1822373.2432487307 -18.793265184995235 14.243400714105151 1.4391568792019738 1970.0542122123518 -0.062744998622881423 0.039512513596711568 0.024526162709969639 0
230 1 1 94089600 108032583.41488983 175244017.19851661 1946657.0915127986 -18.939235358039202 14.015358960961661 1.4377602301287187 1969.8820379170431 -0.063034579008485928 0.039117581413051987 0.024849169100314199 0
231 1 1 94176000 106390017.42610253 176445055.76039222 2070814.1054995912 -19.082709701149629 13.786290155926055 1.4362210280019883 1969.7095675652406 -0.063316478599224249 0.038720179364107987 0.025170268559477162 0
232 1 1 94262400 104735162.99670717 177626259.15410927 2194832.0014697565 -19.223690356716268 13.556214976865757 1.4345400309346179 1969.5368096422771 -0.063590706902297359 0.038320542220498237 0.025489430247076603 0
233 1 1 94348800 103068235.48969221 178787541.31394443 2318698.5606217957 -19.36217944080127 13.325153871941122 1.4327179840149376 1969.3637724969801 -0.063857275018453258 0.037918904161079688 0.02580662276158692 0
234 1 1 94435200 101389450.08647403 179928817.93119198 2442401.6279693563 -19.498179039860329 13.093127065712338 1.4307556193671893 1969.1904643475848 -0.064116195657397887 0.037515498824419923 0.02612181404749182 0
235 1 1 94521600 99699021.789592266 181050006.43510708 2565929.1112238211 -19.631691207590805 12.860154565196888 1.4286536562144263 1969.0168932878194 -0.064367482904512344 0.037110559299006834 0.026434971443871386 0
236 1 1 94608000 97997165.425671577 182151025.97436962 2689268.9796825643 -19.762717961904755 12.626256165875047 1.4264128009471682 1968.8430672930945 -0.064611152288519352 0.036704318068153038 0.02674606171264041 0
237 1 1 94694400 96284095.648640066 183231797.39906549 2812409.2631232799 -19.891261282023041 12.391451457645129 1.4240337471940543 1968.6689942268272 -0.064847220546113291 0.036297007055531821 0.027055050960765561 0
238 1 1 94780800 94560026.94319348 184292243.24317881 2935338.0507045249 -20.017323105685271 12.155759830730718 1.421517175896603 1968.4946818468918 -0.065075705622184982 0.035888857635488235 0.027361904743992044 0
239 1 1 94867200 92825173.62849541 185332287.70759457 3058043.4898729324 -20.140905326476279 11.919200481537633 1.4188637553871122 1968.3201378121071 -0.06529662658488132 0.035480100585272831 0.027666587963922257 0
240 1 1 94953600 91079749.862104088 186351856.64360374 3180513.7852772293 -20.262009791261782 11.681792418464113 1.4160741414701619 1968.1453696888391 -0.06551000347072064 0.035070966204076355 0.027969064991553268 0
241 1 1 95040000 89323969.644115403 187350877.53690821 3302737.1976895235 -20.380638297732222 11.443554467663054 1.4131489775075068 1967.9703849576802 -0.065715857284584386 0.034661684201159851 0.028269299558820137 0
242 1 1 95126400 87558046.821514189 188329279.4921225 3424702.0429339572 -20.496792592053136 11.204505278756383 1.4100888945050929 1967.7951910201659 -0.06591420988496699 0.034252483801856359 0.028567254842048296 0
243 1 1 95212800 85782195.092723921 189286993.21776685 3546396.6908230917 -20.610474366616891 10.964663330505594 1.4068945112041666 1967.6197952055102 -0.066105083916597474 0.03384359375535554 0.028862893429428035 0
244 1 1 95299200 83996628.012345821 190223951.01174757 3667809.5641022781 -20.721685257894226 10.724046936434879 1.4035664341758587 1967.4442047774141 -0.066288502723184928 0.033435242291692528 0.029156177385349556 0
245 1 1 95385600 82201558.99608016 191140086.74732247 3788929.1374023501 -20.830426844383357 10.482674250410351 1.4001052579175726 1967.2684269408758 -0.066464490307399801 0.033027657228400335 0.029447068157800987 0
246 1 1 95472000 80397201.325820118 192035335.85954547 3909743.9362006746 -20.93670064465411 10.240563272176406 1.3965115649524418 1967.0924688489879 -0.066633071243798137 0.032621065943293663 0.02973552669516398 0
247 1 1 95558400 78583768.154910773 192909635.33218843 4030242.5357910693 -21.04050811548446 9.9977318528480517 1.392785925933212 1966.9163376097149 -0.066794270631963332 0.032215695409407989 0.030021513405176128 0
248 1 1 95644800 76761472.513565093 193762923.68513489 4150413.5602627383 -21.141850650086987 9.7541977003618534 1.3889288997477747 1966.7400402926746 -0.066948114007480727 0.031811772235421677 0.030304988173697311 0
249 1 1 95731200 74930527.314429522 194595140.96224391 4270245.6814884525 -21.240729576424027 9.5099783848852333 1.3849410336277068 1966.5635839358686 -0.06709462733411517 0.031409522663410336 0.030585910371400012 0
250 1 1 95817600 73091145.358291298 195406228.71967873 4389727.6181222331 -21.337146155609677 9.2650913441856204 1.3808228632594288 1966.3869755523267 -0.067233836928380128 0.031009172632195714 0.030864238865608334 0
251 1 1 95904000 71243539.33991991 196196130.01469785 4508848.1346067693 -21.43110158039535 9.0195538889597699 1.3765749128990288 1966.2102221367149 -0.067365769403119127 0.030610947756962287 0.031139932068510214 0
252 1 1 95990400 69387921.854036242 196964789.39490527 4627596.0401909351 -21.522596973737507 8.7733832081243861 1.3721976954903525 1966.0333306718539 -0.067490451624440187 0.030215073402577661 0.031412947933531984 0
253 1 1 96076800 67524505.401401982 197712152.88795584 4745960.1879575746 -21.611633387447696 8.5265963740689976 1.3676917127846981 1965.8563081351051 -0.067607910720214812 0.029821774668805739 0.031683243942802253 0
254 1 1 96163200 65653502.395021483 198438167.99171269 4863929.4738617046 -21.698211800920777 8.2792103478732066 1.3630574554633246 1965.6791615046607 -0.06771817396210264 0.029431276504177404 0.03195077715093609 0
255 1 1 96249600 63775125.166451365 199142783.6648542 4981492.8357795281 -21.782333119940585 8.031241984485705 1.3582954032639407 1965.5018977657251 -0.067821268806668417 0.029043803562640389 0.032215504218993288 0
256 1 1 96336000 61889585.972208828 199825950.31792673 5098639.2525684619 -21.863998175563037 7.78270803786853 1.3534060251096838 1965.3245239165003 -0.067917222839070313 0.028659580411838796 0.032477381403862721 0
257 1 1 96422400 59997097.000273995 200487619.80484083 5215357.7431384148 -21.943207723073545 7.5336251661081546 1.3483897792405275 1965.1470469740148 -0.068006063760062074 0.028278831414407356 0.032736364590594196 0
258 1 1 96508800 58097870.376678661 201127745.41480625 5331637.3655345561 -22.019962441018126 7.2840099364911355 1.3432471133482491 1964.9694739797903 -0.06808781936006518 0.027901780821410382 0.032992409323678175 0
259 1 1 96595200 56192118.172175981 201746281.86470583 5447467.2160318885 -22.094262930307142 7.0338788305486055 1.3379784647140736 1964.7918120052743 -0.068162517517228058 0.027528652770237052 0.033245470809367961 0
260 1 1 96681600 54280052.408984244 202343185.2919023 5562836.428241821 -22.166109713389901 6.7832482490680261 1.3325842603490818 1964.6140681571012 -0.068230186161823539 0.027159671288782689 0.033495503952057484 0
261 1 1 96768000 52361885.067599043 202918413.24747792 5677734.1722310437 -22.235503233500765 6.5321345170730352 1.3270649171387743 1964.4362495820487 -0.068290853342990773 0.02679506028716128 0.033742463404501856 0
262 1 1 96854400 50437828.093667537 203471924.68990234 5792149.6536529893 -22.302443853974147 6.2805538887735457 1.3214208419891784 1964.2583634717896 -0.068344547139360626 0.026435043608175487 0.033986303510331578 0
263 1 1 96940800 48508093.404918887 204003679.97912672 5906072.1128919907 -22.366931857627204 6.0285225524869377 1.3156524319759324 1964.080417067388 -0.068391295727635429 0.026079845011884234 0.034226978409082356 0
264 1 1 97027200 46572892.898145214 204513640.87110269 6019490.8242205987 -22.428967446212358 5.7760566355280831 1.3097600744985614 1963.9024176634193 -0.068431127401683819 0.025729688111190398 0.034464442059616136 0
265 1 1 97113600 44632438.456226714 205001770.51272175 6132395.0949702812 -22.488550739935135 5.5231722090727073 1.3037441474363589 1963.7243726118486 -0.068464070526682422 0.025384796480350545 0.034698648214799094 0
266 1 1 97200000 42686941.955195986 205468033.43717399 6244774.2647157069 -22.545681777038943 5.2698852929924742 1.2976050193074393 1963.5462893255722 -0.068490153637538048 0.025045393502759691 0.034929550499430966 0
267 1 1 97286400 40736615.271334887 205912395.55972296 6356617.7044729786 -22.600360513455747 5.0162118606625112 1.2913430494320961 1963.368175281593 -0.06850940539406096 0.024711702467853293 0.035157102427215384 0
268 1 1 97372800 38781670.288299002 206334824.17389581 6467914.8159120753 -22.652586822522743 4.7621678437434793 1.2849585880983205 1963.1900380238058 -0.068521854712730423 0.024383946458273829 0.035381257402627812 0
269 1 1 97459200 36822318.904263861 206735287.948084 6578655.030583757 -22.702360494763422 4.507769136936183 1.2784519767314464 1963.0118851654258 -0.068527530685409163 0.024062348343953592 0.03560196880838 0
270 1 1 97545600 34858773.039087124 207113756.92255512 6688827.8091613008 -22.749681237732517 4.253031602712003 1.2718235480679903 1962.8337243909864 -0.068526462720852166 0.023747130750801121 0.035819190008981663 0
271 1 1 97632000 32891244.641481437 207470202.50687131 6798422.6406974029 -22.794548675926197 3.9979710760182381 1.2650736263315738 1962.6555634579138 -0.068518680531763076 0.02343851598806725 0.036032874360625855 0
272 1 1 97718400 30919945.696192242 207804597.47771388 6907429.0418963758 -22.836962350755577 3.742603368957929 1.2582025274130435 1962.4774101976654 -0.068504214229882482 0.023136725966902059 0.036242975291085403 0
273 1 1 97804800 28945088.231175255 208116915.97711045 7015836.5564021561 -22.876921720584537 3.486944275446012 1.2512105590549929 1962.299272516357 -0.068483094366919822 0.02284198216020851 0.036449446318651303 0
274 1 1 97891200 26966884.324767735 208407133.51106423 7123634.7541023921 -22.914426160831002 3.2310095758420432 1.2440980210392609 1962.1211583949132 -0.068455352015149823 0.022554505499856846 0.036652241077528604 0
275 1 1 97977600 24985546.112848427 208675226.94858152 7230813.2304488309 -22.949474964131912 2.9748150415590922 1.2368652053783251 1961.9430758887017 -0.06842101882511531 0.022274516287301541 0.036851313369469604 0
276 1 1 98064000 23001285.795980386 208921174.52109772 7337361.6057944987 -22.982067340571067 2.7183764396495795 1.229512396510877 1961.765033126657 -0.068380127091109785 0.022002234083128975 0.037046617199891975 0
277 1 1 98150400 21014315.646531437 209144955.82229769 7443269.5247479063 -23.012202417971245 2.4617095373674824 1.2220398715014167 1961.5870383098236 -0.068332709873274999 0.0217378775659018 0.037238106824963119 0
278 1 1 98236800 19024848.015766621 209346551.80832878 7548526.6555447085 -23.03987924224985 2.2048301067076022 1.2144479002446422 1961.4090997093128 -0.068278801040869003 0.021481664416328237 0.037425736810392372 0
279 1 1 98323200 17033095.340907175 209525944.79840639 7653122.6894371752 -23.065096777838225 1.9477539289230552 1.2067367456723588 1961.2312256636994 -0.068218435404040434 0.021233811187395261 0.03760946199660721 0
280 1 1 98409600 15039270.152150461 209683118.47580817 7757047.340101691 -23.08785390816546 1.6904967990195434 1.1989066639656074 1961.0534245757622 -0.068151648793659064 0.020994533101691474 0.037789237656059106 0
281 1 1 98496000 13043585.079645397 209818057.88925514 7860290.3430648856 -23.108149436205672 1.4330745302261132 1.190957904772364 1960.8757049086037 -0.068078478166369291 0.020764043871491878 0.037965019462333854 0
282 1 1 98582400 11046252.860417461 209930749.45467862 7962841.4551483104 -23.125982085099558 1.1755029584324015 1.1828907114186702 1960.6980751811022 -0.067998961829334098 0.020542555386891981 0.038136763439803198 0
283 1 1 98668800 9047486.3452422246 210021180.95737451 8064690.4539363896 -23.141350498688176 0.91779794677769311 1.1747053212686778 1960.5205439634894 -0.067913135804199887 0.020330281885575209 0.038304429651036039 0
284 1 1 98755200 7047498.5053273868 210089341.55356023 8165827.1361347083 -23.154253245923883 0.6599753652739615 1.1664019375423393 1960.3431207046081 -0.067821069812494986 0.020127400038885881 0.038467949761991506 0
285 1 1 98841600 5046502.4404187901 210135221.79199806 8266241.3380034789 -23.164688769269819 0.40205169828297427 1.1579814088597105 1960.1657941732462 -0.067721208495663515 0.019947172462978141 0.038642397884874807 0
286 1 1 98928000 3044711.3857584344 210158813.57852221 8365922.8984131794 -23.172655550617712 0.14404067634143858 1.1494416413149604 1959.988653283511 -0.067619817998512091 0.019644151804301589 0.038669417538812006 0
287 1 3 98980815.499848053 1820735.4549415265 210162255.19552562 8426491.9156374652 -23.176309070626836 -0.013719890701274232 1.144157318342315 1959.8806504152667 0 0 0 86
288 1 1 99014400 1042338.7074028783 210160109.63282016 8464861.0406330135 -23.178152002738319 -0.11405308230638171 1.140769621633644 1959.812159597861 -0.067513763695038656 0.019016214707132436 0.038286621958316246 0
289 1 1 99100800 -960405.70457730221 210139109.25096896 8563013.6727170888 -23.181266431470071 -0.37206683466530638 1.1312091319030786 1959.6439064580406 -0.067440391541096073 0.018511274437768191 0.03795180918247229 0
290 1 1 99187200 -2963278.4819532707 210095756.41903806 8660618.7952897064 -23.180748763648936 -0.63210572220433547 1.1312394157610894 1959.0906829496319 -0.01885754284923314 -0.064588417018068361 0.44494126518540561 0
291 1 1 99273600 -4965934.0366173703 210029821.64317825 8758777.0607479904 -23.176619288585492 -0.89415796071048537 1.1408728478578671 1958.0616588793157 -0.019722846565058835 -0.065173654264397446 0.44481839453106692 0
292 1 1 99360000 -6968132.0720085949 209941251.32762098 8857727.9701400045 -23.170153997530182 -1.1560832676745165 1.1496371606996887 1957.070494809358 -0.020885532949310438 -0.065648753820195721 0.44469544143748385 0
293 1 1 99446400 -8969666.8840931877 209830050.22752675 8957430.8268483561 -23.161266161459967 -1.418016551705559 1.1582787153835303 1956.0793306288697 -0.021991906490848572 -0.066172114654985487 0.44456451420573961 0
294 1 1 99532800 -10970329.003753942 209696218.22415653 9057874.9412680399 -23.149952648474628 -1.6799443751544676 1.166795586172237 1955.0881664701055 -0.023117498132578164 -0.06671690956944587 0.44442596150269237 0
295 1 1 99619200 -12969908.81856453 209539756.41135049 9159049.4580607302 -23.136212631328345 -1.9418523420116043 1.1751858563138915 1954.0970023106818 -0.024260329706544456 -0.067284397610404972 0.44427946862389972 0
296 1 1 99705600 -14968196.631238893 209360667.12498793 9260943.3553115912 -23.120044999801152 -2.2037260876756739 1.1834475865695717 1953.1058381512341 -0.025420691481208679 -0.067875138056896253 0.44412470554831163 0
297 1 1 99792000 -16964982.644898381 209158953.94384399 9363545.4426065441 -23.101448558689714 -2.4655512052890565 1.1915788155947145 1952.1146739917622 -0.026598885667098317 -0.068489709173452928 0.44396132603933475 0
298 1 1 99878400 -18960057.031429175 208934621.60191959 9466844.69148493 -23.080423905902695 -2.7273155110574057 1.1995858042683636 1951.1230823726758 -0.027795223357691409 -0.069128707285510446 0.44378896717643879 0
299 1 1 99964800 -20953209.169003099 208687676.87640655 9570827.1639521345 -23.05694395624834 -2.9889741475733782 1.2073597645603209 1950.1366111331961 -0.027990452928031925 -0.068562969378121993 0.43913850867919835 0
300 1 1 100051200 -22944225.937338762 208418130.89001203 9675466.3377689887 -23.030999118046072 -3.2504940577923609 1.2147855341939868 1949.160967926852 -0.028883466358126116 -0.068481531300503301 0.43423441078603597 0
301 1 1 100137600 -24932895.300558835 208125995.54774165 9780732.0180483572 -23.002605276445419 -3.5118731693006668 1.2218612057811209 1948.1959821757882 -0.029762388209841856 -0.068396315639891875 0.42923195761372313 0
302 1 1 100224000 -26919005.469932698 207811283.7508986 9886593.7015786581 -22.971757986909378 -3.773094480593429 1.2285808917226242 1947.2418545793689 -0.030626419281769464 -0.068307247050664543 0.42413466595009214 0
303 1 1 100310400 -28902344.327587046 207474009.83285996 9993020.3708280679 -22.938453987935603 -4.0341417823427212 1.2349385935466788 1946.2987805882797 -0.031474781646449478 -0.068214249768316734 0.41894613775747858 0
304 1 1 100396800 -30882699.468342878 207114189.53239664 10099980.497494521 -22.902689890891743 -4.294998750677971 1.2409284871381223 1945.3669475907664 -0.032306716574836712 -0.068117246614649213 0.41367005749355279 0
305 1 1 100483200 -32859858.188853022 206731840.00381237 10207442.057774905 -22.864462182857302 -4.5556489415710075 1.2465449274538662 1944.4465347399323 -0.033121486174074975 -0.068016159857847439 0.40831018859259982 0
306 1 1 100569600 -34833607.476992913 206326979.82756606 10315372.548035413 -22.82376722964711 -4.8160757852827043 1.2517824530956125 1943.5377127876916 -0.033918374670029956 -0.067910912362741743 0.40287037043484863 0
307 1 1 100656000 -36803734.001519829 205899629.02137041 10423739.000870457 -22.780601278993032 -5.0762625808678647 1.2566357907246191 1942.6406439261173 -0.034696689361016553 -0.067801428451420481 0.39735451425596369 0
308 1 1 100742400 -38770024.102013454 205449809.05176428 10532508.001535632 -22.734960463884974 -5.3361924907380809 1.2610998593096401 1941.7554816365189 -0.035455761859472169 -0.067687635016038847 0.39176659979497652 0
309 1 1 100828800 -40732263.779112622 204977542.84615085 10641645.704740707 -22.686840806075548 -5.5958485352812843 1.2651697742071739 1940.8823705461607 -0.036194949176426863 -0.067569462318200615 0.38611067115236575 0
310 1 1 100915200 -42690238.685061403 204482854.80529901 10751117.851786887 -22.636238219741632 -5.855213587542563 1.2688408510509925 1940.0214462936433 -0.03691363466463362 -0.06744684525757505 0.3803908326046942 0
311 1 1 101001600 -44643734.114578381 203965770.81630099 10860889.788031936 -22.583148515303659 -6.114270367968528 1.2721086094493776 1939.1728354028628 -0.037611229102665407 -0.067319724234986958 0.37461124437228227 0
312 1 1 101088000 -46592534.99606283 203426318.26598212 10970926.480665946 -22.527567403404998 -6.3730014392110563 1.2749687764766495 1938.3366551661393 -0.038287171667185517 -0.067188046268349524 0.36877611795783161 0
313 1 1 101174400 -48536425.883151636 202864526.05475631 11081192.536779607 -22.469490499046859 -6.6313892010006112 1.2774172899531966 1937.513013536583 -0.038940930828541533 -0.067051766195617701 0.36288971168556822 0
314 1 1 101260800 -50475190.94663991 202280424.61092123 11191652.221706407 -22.408913325880622 -6.889415885082232 1.2794503015020913 1936.7020090302301 -0.039572005326429141 -0.066910847527548459 0.35695632558089868 0
315 1 1 101347200 -52408613.966779523 201674045.90538898 11302269.477618629 -22.345831320654721 -7.1470635502159041 1.2810641793656055 1935.9037306386231 -0.040179924923242835 -0.066765263687800724 0.35098029627941452 0
316 1 1 101433600 -54336478.32596828 201045423.46684572 11413007.942356087 -22.280239837815834 -7.4043140772468901 1.2822555109766469 1935.1182577519075 -0.040764251322260463 -0.066614999045375226 0.3449659917014542 0
317 1 1 101520000 -56258567.001843289 200394592.39733359 11523830.968466204 -22.212134154262362 -7.661149164241988 1.283021105275451 1934.3456600928355 -0.041324578786447873 -0.066460049985209213 0.33891780559399604 0
318 1 1 101606400 -58174662.560791694 199721589.38825089 11634701.642432692 -22.141509474249851 -7.9175503216910874 1.283357994758263 1933.585997662188 -0.041860535002636534 -0.066300425888611347 0.33284015168944375 0
319 1 1 101692800 -60084547.151891574 199026452.73676342 11745582.804069282 -22.068360934446233 -8.1734988677787843 1.2832634372465441 1932.8393206960193 -0.04237178156147986 -0.066136150343989397 0.32673745778399077 0
320 1 1 101779200 -61988002.501296163 198309222.3626214 11856437.066053741 -21.992683609136076 -8.4289759237222004 1.2827349173629674 1932.1056696352853 -0.042858014743068211 -0.065967261954182024 0.32061415937118043 0
321 1 1 101865600 -63884809.907074101 197569939.82537669 11967226.833576562 -21.914472515573106 -8.6839624091719507 1.2817701477098362 1931.3850751079497 -0.043318965900895477 -0.065793815394822971 0.31447469352053897 0
322 1 1 101952000 -65774750.23451826 196808648.34199432 12077914.32407815 -21.83372261947526 -8.9384390376796254 1.2803670697352887 1930.6775579241619 -0.043754401987004338 -0.065615882306027579 0.30832349194202469 0
323 1 1 102038400 -67657603.911935866 196025392.80485317 12188461.587046839 -21.750428840666242 -9.19238631223031 1.2785238542748798 1929.9831290849247 -0.044164126008441398 -0.065433552260008521 0.302164974360844 0
324 1 1 102124800 -69533150.926931843 195220219.80012953 12298830.523849409 -21.664586058857385 -9.4457845208368223 1.2762389017591835 1929.301789804636 -0.044547977269831743 -0.065246933474041327 0.2960035411885476 0
325 1 1 102211200 -71401170.82319808 194393177.62655881 12408982.907564595 -21.576189119568767 -9.698613732190859 1.2735108420748007 1928.6335315480046 -0.044905831715636391 -0.065056153557126392 0.28984356639703124 0
326 1 1 102297600 -73261442.697819799 193544316.3145707 12518880.402789408 -21.485232840189859 -9.950853791375005 1.2703385340715723 1927.9783360815009 -0.045237602122761074 -0.06486136030832057 0.28368938988108705 0
327 1 1 102384000 -75113745.199112296 192673687.64579234 12628484.585387183 -21.39171201617544 -10.202484315630242 1.2667210647069365 1927.3361755396766 -0.04554323820022433 -0.064662722211148507 0.27754530994414905 0
328 1 1 102470400 -76957856.524997771 191781345.1729148 12737756.962145662 -21.295621427372968 -10.45348469017134 1.2626577478117575 1926.7070125070563 -0.045822726578473874 -0.064460428891266491 0.27141557503731789 0
329 1 1 102556800 -78793554.421935096 190867344.23991901 12846658.990311569 -21.196955844482275 -10.703834064053776 1.2581481224721756 1926.0908001156415 -0.046076090850768643 -0.064254691666010791 0.26530437599508128 0
330 1 1 102643200 -80620616.184413075 189931742.00265709 12955152.096968919 -21.095710035643293 -10.95351134608422 1.2531919510229801 1925.4874821581659 -0.046303391329511626 -0.064045743652403481 0.25921583755970024 0
331 1 1 102729600 -82438818.655018449 188974597.44978476 13063197.698226528 -20.991878773149274 -11.202495200770478 1.2477892166388385 1924.8969932176392 -0.046504724912973701 -0.063833840086461438 0.25315401008880389 0
332 1 1 102816000 -84247938.225089312 187995971.42404279 13170757.21818012 -20.885456840283563 -11.450764044310022 1.2419401205254597 1924.3192588129107 -0.046680224672124793 -0.063619258310257679 0.24712286108569362 0
333 1 1 102902400 -86047750.835964188 186995926.64388269 13277792.107613998 -20.776439038276994 -11.698296040605861 1.2356450786958173 1923.7541955608879 -0.046830059532059855 -0.063402297602343241 0.24112626635111181 0
334 1 1 102988800 -87838031.980837539 185974527.72543654 13384263.862406308 -20.664820193383022 -11.945069097309737 1.2289047183373114 1923.2017113549589 -0.046954433641359074 -0.063183279066714337 0.23516800168006766 0
335 1 1 103075200 -89618556.707231492 184931841.20482722 13490134.041602794 -20.550595164066053 -12.19106086188595 1.221719873765152 1922.6617055597321 -0.047053585796846389 -0.062962545126659747 0.22925173383198164 0
336 1 1 103161600 -91389099.620093465 183867935.56081808 13595364.285122789 -20.433758848302933 -12.436248717688684 1.2140915819611731 1922.1340692219642 -0.047127788713377597 -0.062740459058024223 0.22338101218450679 0
337 1 1 103248000 -93149434.885529473 182782881.23780072 13699916.331062246 -20.314306190993623 -12.68060978004983 1.2060210777040465 1921.6186852972482 -0.047177348187420635 -0.062517404260628559 0.21755925990790098 0
338 1 1 103334400 -94899336.235182047 181676750.66912186 13803752.032558192 -20.192232191477022 -12.924120892368151 1.1975097882900776 1921.1154288923728 -0.047202602120416125 -0.062293783360431419 0.21178976562707058 0
339 1 1 103420800 -96638576.97126247 180549618.30074656 13906833.374180077 -20.067531911151288 -13.16675862219785 1.1885593278633109 1920.6241675222436 -0.047203919540860388 -0.062070017289832795 0.20607567528581902 0
340 1 1 103507200 -98366929.972245142 179401560.61526105 14009122.487814477 -19.940200481193941 -13.408499257327591 1.1791714913553684 1920.1447613812338 -0.047181699332973732 -0.061846543955751322 0.20041998388923096 0
341 1 1 103593600 -100084167.69923395 178232656.15621385 14110581.668009769 -19.810233110379077 -13.649318801845059 1.169348248053043 1919.6770636279077 -0.047136369055845215 -0.061623817022097932 0.19482552807151574 0
342 1 1 103680000 -101790062.20300758 177042985.55279851 14211173.386749759 -19.677625092991484 -13.889192972184945 1.1590917348105425 1919.220920682073 -0.047068383530905991 -0.061402304381158998 0.18929497855689578 0
343 1 1 103766400 -103484385.1317528 175832631.54487839 14310860.307626188 -19.542371816833427 -14.128097193152191 1.1484042489303159 1918.7761725328801 -0.046978223392675426 -0.061182486527690427 0.18383083370634887 0
344 1 1 103852800 -105166907.73949376 174601679.00835592 14409605.299382746 -19.404468771323675 -14.366006593918559 1.1372882407340461 1918.342653056678 -0.046866393527784038 -0.060964854827383362 0.17843541289439821 0
345 1 1 103939200 -106837400.89522447 173350214.98088974 14507371.448804589 -19.263911555684047 -14.60289600398872 1.1257463058501029 1917.9201903431817 -0.046733421322306345 -0.060749909641190966 0.17311085117226316 0
346 1 1 104025600 -108495635.09275305 172078328.68796098 14604122.072930746 -19.120695887215035 -14.838739949133126 1.1137811772543214 1917.5086070279499 -0.046579855035337701 -0.060538158368208597 0.1678590941581268 0
347 1 1 104112000 -110141380.46126407 170786111.56929335 14699820.730569102 -18.974817609660228 -15.073512647286266 1.1013957170943596 1917.107720629439 -0.046406261901625688 -0.060330113405619105 0.16268189402082797 0
348 1 1 104198400 -111774406.77660775 169473657.305628 14794431.233097317 -18.82627270165699 -15.30718800441195 1.0885929083410073 1916.7173438883208 -0.046213226286692319 -0.060126290133446239 0.15758080616656173 0
349 1 1 104284800 -113394483.47332312 168141061.84585804 14887917.65453632 -18.675057285274324 -15.539739610334962 1.075375846306573 1916.3372851068843 -0.046001347679960593 -0.059927204738594579 0.15255718694164747 0
350 1 1 104371200 -115001379.65740234 166788423.43452397 14980244.340886898 -18.52116763463814 -15.771140734541293 1.0617477300763585 1915.9673484860409 -0.045771238734131046 -0.059733372161587563 0.14761219225727421 0
351 1 1 104457600 -116594864.11980437 165415842.63967335 15071375.918723958 -18.36460018464604 -16.001364321952352 1.0477118539001349 1915.6073344573856 -0.045523523199060244 -0.059545304011864329 0.14274677728477536 0
352 1 1 104544000 -118174705.35072531 164023422.38108659 15161277.30304696 -18.205351539772987 -16.230382988676247 1.0332715985929639 1915.2570400076902 -0.045258833887044082 -0.059363506519783817 0.13796169717745665 0
353 1 1 104630400 -119740671.55463363 162611267.95887062 15249913.704389716 -18.043418482971358 -16.458169017746233 1.0184304229983872 1914.9162589929567 -0.044977810601190785 -0.05918847871558857 0.13325750900396477 0
354 1 1 104716800 -121292530.66607881 161179487.08242065 15337250.635197237 -17.878797984666349 -16.684694354852699 1.0031918555653059 1914.5847824393541 -0.044681097997740171 -0.059020710503789271 0.12863457464809733 0
355 1 1 104803200 -122830050.36628066 159728189.89975104 15423253.915481349 -17.711487211851299 -16.909930604077175 0.98755948608802591 1914.2623988284172 -0.044369343561994484 -0.058860681051573112 0.12409306485563212 0
356 1 1 104889600 -124352998.10050988 158257489.0271942 15507889.677771837 -17.541483537287071 -17.133849023642277 0.97153695766349646 1913.9488943636793 -0.044043195494352802 -0.058708857262903008 0.1196329643982349 0
357 1 1 104976000 -125861141.09626773 156767499.57946515 15591124.371383647 -17.368784548811874 -17.35642052168885 0.9551279589129148 1913.6440532162537 -0.043703300791017814 -0.058565692472527013 0.11525407813565434 0
358 1 1 105062400 -127354246.38227464 155258339.20009011 15672924.766025228 -17.19338805876486 -17.57761565209324 0.93833621651575105 1913.3476577470153 -0.043350303126522889 -0.058431625275452599 0.11095603819460308 0
359 1 1 105148800 -128832080.80827883 153730128.0921936 15753257.954776885 -17.015292113527757 -17.797404610338745 0.92116548809808141 1913.0594887033419 -0.042984840968349966 -0.058307078621386836 0.10673831180542837 0
360 1 1 105235200 -130294411.06569412 152182989.04963872 15832091.356471367 -16.834495003194203 -18.015757229459222 0.90361955551509454 1912.779325388447 -0.042607545689098913 -0.058192459162790665 0.10260021014525977 0
361 1 1 105321600 -131741003.70907897 150617047.48851597 15909392.717512356 -16.650995271370025 -18.232642976064589 0.88570221856102405 1912.5069458020719 -0.042219039686991915 -0.0580881565778417 0.098540897567119423 0
362 1 1 105408000 -133171625.17846861 149032431.47897023 15985130.113169009 -16.464791725113923 -18.448030946467398 0.86741728913509653 1912.2421267513942 -0.041819934717913884 -0.057994543455689891 0.094559401621515313 0
363 1 1 105494400 -134586041.82257184 147429271.77735746 16059271.948386926 -16.275883445023801 -18.661889862925314 0.84876858588507442 1911.9846439316818 -0.041410830104242728 -0.057911974997033461 0.090654623161270043 0
364 1 1 105580800 -135984019.92284599 145807701.85872066 16131786.958157441 -16.084269795476509 -18.874188070011442 0.82975992934160048 1911.7342719768858 -0.040992311236603629 -0.057840789153496511 0.086825346890414656 0
365 1 1 105667200 -137365325.71846381 144167857.94957417 16202644.207488142 -15.889950435030043 -19.084893531129026 0.81039513755262149 1911.4907844806942 -0.040564947999743445 -0.057781306706174096 0.083070251795518149 0
366 1 1 105753600 -138729725.43218586 142509879.06098101 16271813.091017682 -15.692925326994732 -19.293973825178654 0.79067802221660199 1911.2539539895947 -0.040129293423160364 -0.057733831477784381 0.079387921590470839 0
367 1 1 105840000 -140076985.29715437 140833907.0219124 16339263.33231793 -15.49319475018252 -19.501396143390931 0.77061238530675047 1911.0235519699941 -0.039685882334754431 -0.057698650614448094 0.07577685474527357 0
368 1 1 105926400 -141406871.58462378 139140086.51287296 16404964.982924983 -15.290759309842395 -19.707127286333368 0.75020201616963744 1910.7993487523449 -0.039235230219088334 -0.057676034833819889 0.072235474161910826 0
369 1 1 106012800 -142719150.63264385 137428565.09977716 16468888.42113932 -15.085619948792763 -19.911133661097313 0.72945068907705546 1910.5811134559217 -0.038777832176760195 -0.057666238590256672 0.068762136213546945 0
370 1 1 106099200 -144013588.87571442 135699493.26805994 16531004.35063288 -14.877777958756838 -20.113381278669401 0.70836216120038131 1910.3686138988612 -0.038314161929721882 -0.057669500133027164 0.065355139044391122 0
371 1 1 106185600 -145289952.87542772 133953024.45700732 16591283.798898246 -14.667234991911878 -20.313835751489091 0.68694017097301074 1910.1616164987988 -0.037844671103678763 -0.057686041334880672 0.062012730049758484 0
372 1 1 106272000 -146548009.35211882 132189315.09428969 16649698.115571521 -14.453993072662422 -20.512462291192691 0.66518843679935946 1909.9598861702145 -0.037369788535173858 -0.05771606735811545 0.058733112331687223 0
373 1 1 106358400 -147787525.21754274 130408524.63068201 16706218.970657121 -14.238054609644491 -20.70922570654357 0.6431106560659916 1909.7631862253386 -0.036889919755130819 -0.057759766012200127 0.055514450202281261 0
374 1 1 106444800 -149008267.60859948 128610815.57495476 16760818.352678489 -14.019422407970762 -20.904090401543833 0.62071050440868736 1909.571278286061 -0.036405446612667876 -0.05781730677601972 0.052354873590646292 0
375 1 1 106531200 -150210003.9221276 126796353.52892068 16813468.56677486 -13.798099681727926 -21.097020373723815 0.59799163518874943 1909.3839222145921 -0.0359167271222047 -0.057888839533908401 0.049252481480538055 0
376 1 1 106617600 -151392501.85078856 124965307.22262116 16864142.232760187 -13.57409006673238 -21.287979212607208 0.57495767913300744 1909.200876070948 -0.035424095278365618 -0.057974492991550955 0.046205344304817597 0
377 1 1 106704000 -152555529.42006508 123117848.54963848 16912812.283156428 -13.347397633552635 -21.476930098346809 0.55161224409364329 1909.0218961053156 -0.034927861182102164 -0.058074372723824437 0.043211505467321415 0
378 1 1 106790400 -153698855.02639586 121254152.60251801 16959451.961209949 -13.118026900808516 -21.663835800533043 0.52795891489323976 1908.8467367926949 -0.034428311197647714 -0.058188559136903122 0.040268982194437683 0
379 1 1 106876800 -154822247.47647214 119374397.70828606 17004034.818897132 -12.885982848751722 -21.848658677176687 0.50400125322310252 1908.6751509167866 -0.033925708231015719 -0.058317105062371768 0.03737576568096955 0
380 1 1 106963200 -155925476.02771953 117478765.46404786 17046534.714922667 -12.651270933134056 -22.031360673871873 0.4797427975758875 1908.5068897088261 -0.033420292107618134 -0.058460033432948949 0.03452982110208562 0
381 1 1 107049600 -157008310.4299911 115567440.77264956 17086925.812713251 -12.413897099369521 -22.211903323153024 0.45518706320270835 1908.3417030454607 -0.032912280067987604 -0.058617334896615275 0.031729087342084392 0
382 1 1 107136000 -158070520.96849641 113640611.87838694 17125182.578408502 -12.173867796991839 -22.390247744062176 0.43033754209712716 1908.1793397080924 -0.032401867203597522 -0.058788965631945737 0.028971477120547488 0
383 1 1 107222400 -159111878.50799289 111698470.40274148 17161279.778852273 -11.931189994410696 -22.566354641949879 0.40519770302014629 1908.0195477038551 -0.031889227076658012 -0.05897484536540358 0.026254877344346533 0
384 1 1 107308800 -160132154.53826487 109741211.38012265 17195192.479588591 -11.685871193967349 -22.740184308536591 0.37977099158810779 1907.862074646247 -0.031374512190500324 -0.059174855744601192 0.023577150239115198 0
385 1 1 107395200 -161131121.22091657 107769033.29359251 17226896.042869251 -11.437919447287047 -22.911696622265897 0.35406083046293924 1907.7066681909607 -0.030857854537147848 -0.059388839083005789 0.020936135410143775 0
386 1 1 107481600 -162108551.43750376 105782138.11054593 17256366.125683837 -11.187343370929275 -23.080851048984158 0.32807061968688078 1907.5530765201729 -0.030339366139287009 -0.05961659757279713 0.01832965284954623 0
387 1 1 107568000 -163064218.83903137 103780731.31831677 17283578.677826557 -10.934152162332808 -23.24760664297991 0.30180373720807613 1907.4010488666991 -0.029819139541641896 -0.059857892826455802 0.015755507069530706 0
388 1 1 107654400 -163997897.89684039 101765021.95967747 17308509.940018594 -10.678355616052789 -23.411922048419768 0.27526353965167782 1907.250336067503 -0.029297248317269757 -0.060112445975597915 0.013211492499543707 0
389 1 1 107740800 -164909363.95491081 99735222.668196261 17331136.442109656 -10.419964140287055 -23.573755501214425 0.2484533633871597 1907.100691134975 -0.028773747558068014 -0.060379937958867827 0.010695399862355541 0
390 1 1 107827200 -165798393.28360447 97691549.703413337 17351435.001386046 -10.158988773690286 -23.733064831342126 0.22137652593477855 1906.9518698338927 -0.028248674448810941 -0.060660010127005136 0.0082050235051292445 0
391 1 1 107913600 -166664763.13487318 95634222.985795632 17369382.721016418 -9.8954412024749168 -23.889807465666582 0.19403632775266522 1906.8036312513252 -0.027722048875785988 -0.060952265330536923 0.0057381696035225561 0
392 1 1 108000000 -167508251.79895705 93563466.131425112 17384956.988669533 -9.6293337777961128 -24.043940431275381 0.16643605443541934 1906.655738347602 -0.027193874083083779 -0.061256268934352515 0.0032926648759664394 0
393 1 1 108086400 -168328638.66259652 91479506.486375883 17398135.475340459 -9.3606795334195123 -24.195420359367684 0.13857897934201446 1906.5079584772232 -0.026664137452433557 -0.061571550375674133 0.00086636561836653952 0
394 1 1 108172800 -169125704.26878327 89382575.160730168 17408896.134422723 -9.089492203671373 -24.344203489725913 0.11046836666126879 1906.3600638696155 -0.026132811389072731 -0.061897604844358391 -0.0015428331862157758 0
395 1 1 108259200 -169899230.37807432 87272907.062181428 17417217.201063953 -8.8157862416691408 -24.490245675795471 0.082107474910071462 1906.2118320618058 -0.025599854311603575 -0.062233895130593429 -0.0039369889857741695 0
396 1 1 108345600 -170649000.03149304 85150740.929171488 17423077.191842221 -8.5395768378296744 -24.633502390407187 0.053499560850738967 1906.063046276535 -0.025065211740534329 -0.062579853938027161 -0.0063181031020707774 0
397 1 1 108432000 -171374797.61504143 83016319.363504469 17426454.90479793 -8.2608799386508576 -24.773928732174909 0.024647883803103343 1905.9134957414672 -0.024528817465419704 -0.062934886293783451 -0.0086881128586720254 0
398 1 1 108518400 -172076408.92584646 80869888.862377495 17427329.419854216 -7.9797122657616324 -24.9114794325939 -0.0044442896824286975 1905.7629759474428 -0.023990594814640009 -0.063298372138883119 -0.011048884419759861 0
399 1 1 108604800 -172753621.23996362 78711699.849766806 17425680.099655446 -7.696091335232814 -25.046108863870145 -0.033773680825642638 1905.6112888454825 -0.023450457927068805 -0.063669669149955949 -0.013402206396727016 0
400 1 1 108691200 -173406223.38186035 76542006.707105055 17421486.590850122 -7.4100354771387114 -25.177771047504852 -0.063336993333960215 1905.4582429842035 -0.022908313079665264 -0.064048115520749946 -0.015749784475853536 0
401 1 1 108777600 -174034005.7955994 74361067.803183377 17414728.825841002 -7.1215638553600948 -25.306419663658229 -0.093130907881511821 1905.3036535906833 -0.022364060057033074 -0.064433032917071448 -0.018093236901911447 0
402 1 1 108864000 -174636760.61774352 72169145.523210183 17405387.025020819 -6.8306964876147971 -25.432008061311873 -0.12315207639228004 1905.1473425992319 -0.021817593454564837 -0.064823729198984367 -0.020434090885871961 0
403 1 1 108950400 -175214281.75200036 69966506.296956584 17393441.699508954 -6.5374542656997328 -25.554489269242413 -0.1533971161693779 1904.9891386336265 -0.02126880397110989 -0.065219501049148351 -0.022773779839321519 0
404 1 1 109036800 -175766364.94562379 67753420.625918284 17378873.65440052 -6.2418589759304899 -25.673816007826158 -0.18386260391239137 1904.8288769484705 -0.020717579744673156 -0.065619636588010094 -0.025113641507539277 0
405 1 1 109123200 -176292807.8675904 65530163.109421313 17361663.992535684 -5.943933319758008 -25.789940701683275 -0.21454506966072515 1904.6663993361117 -0.020163807486577586 -0.066023417488340841 -0.027454916758617519 0
406 1 1 109209600 -176793410.18856305 63297012.469598405 17341794.118794333 -5.6437009345424602 -25.902815493170067 -0.24544099069714143 1904.5015540054912 -0.019607373713745095 -0.066430121057578409 -0.02979874910048325 0
407 1 1 109296000 -177267973.66265666 61054251.575163029 17319245.744918045 -5.3411864144661099 -26.012392256733321 -0.27654678544247469 1904.3341954387718 -0.019048165883477478 -0.066839022011772276 -0.032146184697739069 0
408 1 1 109382400 -177716302.21101448 58802167.463905148 17294000.894858968 -5.0364153315604971 -26.118622614133759 -0.3078588073665639 1904.1641842316374 -0.018486073436149091 -0.067249393963342716 -0.034498172874383663 0
409 1 1 109468800 -178138202.00720632 56541051.363834262 17266041.910653267 -4.7294142568240245 -26.221457950545808 -0.3393733389411317 1903.9913869225252 -0.017920988812091931 -0.067660510624887218 -0.03685556710184603 0
410 1 1 109555200 -178533481.56445435 54271198.712892942 17235351.45881439 -4.4202107814062774 -26.320849431546726 -0.3710865856543763 1903.8156758152932 -0.017352808433855237 -0.068071646930349186 -0.039219126221471938 0
411 1 1 109641600 -178901951.82469043 51992909.177163765 17201912.537240371 -4.1088335378330374 -26.416748021003183 -0.40299467010007495 1903.6369287995497 -0.016781433624684289 -0.068482079727866282 -0.041589515874973178 0
412 1 1 109728000 -179243426.2494486 49706486.667491861 17165708.482628029 -3.7953122212437389 -26.509104499866325 -0.43509362615841879 1903.4550291720307 -0.016206771466181429 -0.068891088503222217 -0.043967310291202787 0
413 1 1 109814400 -179557720.91259208 47412239.354443721 17126722.978385594 -3.4796776106143823 -26.597869485887848 -0.4673793932785904 1903.2698654618775 -0.015628735677927139 -0.069297955748270315 -0.046352993997558163 0
414 1 1 109900800 -179844654.59487224 45110479.681522302 17084940.063034654 -3.1619615899340459 -26.682993454267976 -0.49984781086806629 1903.0813312623006 -0.015047247326946907 -0.069701967340981358 -0.048746963680877796 0
415 1 1 109987200 -180104048.88031322 42801524.376557529 17040344.139092114 -2.8421971693067936 -26.764426759249641 -0.53249461279745369 1902.8893250703688 -0.014462235730108366 -0.070102412694095506 -0.051149530088211305 0
416 1 1 110073600 -180335728.2544165 40485694.461189725 16992919.982421506 -2.5204185059448001 -26.842119656670818 -0.56531542202635177 1902.6937501363814 -0.013873639032621475 -0.070498584889876786 -0.053560919941432389 0
417 1 1 110160000 -180539520.20417345 38163315.258362487 16942652.752043568 -2.1966609250185329 -26.916022327490072 -0.59830574535100556 1902.4945143238822 -0.013281405031647205 -0.070889780700562469 -0.055981277703383008 0
418 1 1 110246400 -180715255.31987065 35834716.397740535 16889528.000395119 -1.8709609403321097 -26.986084902299453 -0.63146096827672715 1902.2915299809988 -0.012685491810799265 -0.071275300611060355 -0.058410667418576853 0
419 1 1 110332800 -180862767.39867392 33500231.818966407 16833531.684025589 -1.5433562747850158 -27.052257486837984 -0.66477635001675173 1902.0847138235749 -0.012085868428579748 -0.071654448724630157 -0.060849074348184574 0
420 1 1 110419200 -180981893.5499689 31160199.772669129 16774650.174720177 -1.2138858805823431 -27.114490188519859 -0.69824701861645277 1901.873986830381 -0.011482515501441545 -0.072026532735204749 -0.063296406575289982 0
421 1 1 110505600 -181072474.30243632 28814962.819136444 16712870.271038851 -0.88258995915530958 -27.172733143990616 -0.73186796620544181 1901.6592741503732 -0.010875425890905567 -0.072390863794794022 -0.065752496519076858 0
422 1 1 110592000 -181134353.71283349 26464867.824561406 16648179.210259866 -0.54950998075312196 -27.226936547724979 -0.7656340443769154 1901.4405050218854 -0.010264605305266156 -0.072746756517538633 -0.068217102296259144 0
423 1 1 110678400 -181167379.47645357 24110265.954772558 16580564.680717384 -0.21468870365978901 -27.277050681679778 -0.79953995969073843 1901.217612703646 -0.0096500728009513911 -0.073093528884779255 -0.070689908889460445 0
424 1 1 110764800 -181171403.03922689 21751512.666356206 16510014.834521951 0.12182980700475968 -27.323025946009722 -0.8335802693050185 1900.9905344172773 -0.0090318614555766896 -0.073430502170836076 -0.073170529446259999 0
425 1 1 110851200 -181146279.71142754 19388967.69507847 16436518.300652944 0.46000016094275109 -27.364812890861646 -0.86774937673435049 1900.7592113008029 -0.0084100188945359505 -0.073757001064510469 -0.075658506151831492 0
426 1 1 110937600 -181091868.78294292 17022995.041513372 16360064.198412169 0.79977562484617259 -27.402362249254168 -0.90204152773280899 1900.5235883729199 -0.0077846077976802914 -0.074072353580535766 -0.078153311222865257 0
427 1 1 111024000 -181008033.64006054 14653962.953783074 16280642.15122756 1.1411081051206007 -27.435624971048846 -0.93645080630605038 1900.2836145075491 -0.0071557064402232801 -0.074375891187085263 -0.080654347692598286 0
428 1 1 111110400 -180894641.88372105 12282243.90731536 16198242.300795924 1.4839481312131835 -27.464552258024664 -0.97097113085098363 1900.0392424180934 -0.0065234092262471182 -0.074666948978047751 -0.083160950112264084 0
429 1 1 111196800 -180751565.44918478 9908214.5815230608 16112855.321553666 1.8282448395977968 -27.489095600055808 -1.0055962504243363 1899.7904286511371 -0.0058878271262656039 -0.074944865723625562 -0.085672385141520313 0
430 1 1 111283200 -180578680.72705063 7532255.8333098143 16024472.435464209 2.1739459584687513 -27.509206812399547 -1.0403197411446814 1899.537133588876 -0.0052490882088433808 -0.075208984257773073 -0.088187852163644484 0
431 1 1 111369600 -180375868.68556556 5154752.6673061401 15933085.427110516 2.520997793197711 -27.52483807409428 -1.0751350027257713 1899.2793214600231 -0.0046073380130140697 -0.075458651592826803 -0.090706483562908308 0
432 1 1 111456000 -180143014.9941557 2776094.2027400243 15838686.659081362 2.869345212608803 -27.535941967467039 -1.110035255147896 1899.0169603585878 -0.0039627400498840901 -0.075693219407975687 -0.093227345334213785 0
433 1 1 111542400 -179880010.14810541 396673.63684611674 15741269.087638868 3.2189316361272469 -27.542471518749355 -1.1450135354711917 1898.7500222699753 -0.0033154761704493577 -0.075912044334219719 -0.095749437253244432 0
434 1 1 111628800 -179586749.59430751 -1983111.7952818333 15640826.278655585 3.5696990218625322 -27.544380239793647 -1.1800626947885351 1898.4784831042853 -0.0026657469132091811 -0.076114488463348298 -0.098271693167090474 0
435 1 1 111715200 -179263133.85799983 -4362860.864490293 15537352.423808198 3.9215878556808059 -27.541622170886164 -1.2151753953297004 1898.202322735975 -0.0020137719688193851 -0.076299919875246383 -0.10079298133598633 0
436 1 1 111801600 -178909068.67040175 -6742168.395111233 15430842.357014911 4.2745371413301596 -27.534151924644156 -1.2503441077198791 1897.9215250495838 -0.0013597903503947623 -0.076467713180586414 -0.10331210460288032 0
437 1 1 111888000 -178524465.09715593 -9120625.3163464963 15321291.571102833 4.6284843916799323 -27.521924730984612 -1.2855611083949117 1897.6360779912006 -0.00070406080145591797 -0.076617250176287024 -0.10582780057753501 0
438 1 1 111974400 -178109239.66747653 -11497818.717583289 15208696.234691754 4.9833656211331192 -27.504896483150645 -1.3208184771809695 1897.345973625133 -4.6862008523813931e-05 -0.076747920563239272 -0.10833874185188841 0
439 1 1 112060800 -177663314.50390014 -13873331.907731332 15093053.209279537 5.339115339279048 -27.483023784776002 -1.3561080950475322 1897.0512081952998 0.00061150720257213405 -0.07685912269264078 -0.11084353627279282 0
440 1 1 112147200 -177186617.4525294 -16246744.478670491 14974360.066514052 5.6956665458470841 -27.456263997965838 -1.3914216420379968 1896.7517821910317 0.0012707276262002624 -0.076950264389590226 -0.11334072708879933 0
441 1 1 112233600 -176679082.21365371 -18617632.372895621 14852615.10563595 6.0529507270271887 -27.424575292370292 -1.4267505953852622 1896.447700416833 0.0019304596091906498 -0.077020763869436987 -0.11582879326509551 0
442 1 1 112320000 -176140648.47262669 -20985567.955443233 14727817.3710759 6.410897853221976 -27.387916695221847 -1.4620862278232163 1896.1389720656068 0.0025903428909622855 -0.077070050648937238 -0.11830614980211938 0
443 1 1 112406400 -175571262.03087401 -23350120.090181887 14599966.670188988 6.7694363782966169 -27.346248142304169 -1.4974196060987861 1895.8256107950792 0.003249996664459917 -0.077097566548289378 -0.12077114801288315 0
444 1 1 112492800 -174970874.93689808 -25710854.220545325 14469063.591108778 7.1284932403904202 -27.299530529819311 -1.5327415896953509 1895.5076348069028 0.0039090194570994205 -0.077102766793534144 -0.12322207602548707 0
445 1 1 112579200 -174339445.61714381 -28067332.454784378 14335109.520702008 7.4879938643557544 -27.247725767113444 -1.5680428297787985 1895.185066927937 0.0045669893060373938 -0.077085121088012257 -0.12565715926706672 0
446 1 1 112665600 -173676939.00658014 -30419113.655809797 14198106.662604557 7.8478621658929173 -27.190796830218197 -1.603313768372193 1894.8579346934637 0.0052234638596187237 -0.077044114810076753 -0.12807456099352019 0
447 1 1 112752000 -172983326.67884928 -32765753.535694908 14058058.055318452 8.208020557440916 -27.128707816161839 -1.6385446377698629 1894.5262704318511 0.0058779804970192119 -0.076979250216168235 -0.13047238298346775 0
448 1 1 112838400 -172258586.97582874 -35106804.754901916 13914967.590348681 8.568389955892652 -27.06142399799981 -1.6737254602052916 1894.190111350076 0.0065300566920198679 -0.076890047717874541 -0.13284866641189838 0
449 1 1 112924800 -171502705.13644516 -37441817.026292153 13768840.030357441 8.9288897921986141 -26.988911880509818 -1.708846047778837 1893.8494996198563 0.0071791902757519493 -0.076776047185536392 -0.13520139260668634 0
450 1 1 113011200 -170715673.42457503 -39770337.223975047 13619681.027313009 9.2894380229192137 -26.911139256494288 -1.7438960026579664 1893.5044824638562 0.0078248598412231085 -0.076636809337271794 -0.1375284842259076 0
451 1 1 113097600 -169897491.25586078 -42091909.497045316 13467497.140609046 9.649951143789476 -26.828075263625625 -1.778864717563382 1893.1551122414457 0.0084665252177769171 -0.076471917065762784 -0.13982780635341127 0
452 1 1 113184000 -169048165.32326561 -44406075.388253115 13312295.855129307 10.010344205355594 -26.739690441767181 -1.8137413765472257 1892.801446533791 0.0091036280042443192 -0.076280976888923657 -0.14209716778761933 0
453 1 1 113270400 -168167709.72118583 -46712373.957644299 13154085.599231889 10.370530830744009 -26.645956790701948 -1.8485149560815974 1892.4435482274262 0.0097355922724234687 -0.076063620455878403 -0.14433432267594404 0
454 1 1 113356800 -167256146.06793365 -49010341.9112036 12992875.76262562 10.730423235618581 -26.54684782819151 -1.883174226467107 1892.0814855959704 0.010361825214230415 -0.075819505973780413 -0.14653697205939925 0
455 1 1 113443200 -166313503.62639955 -51299513.734525383 12828676.714110671 11.089932250378508 -26.442338648283396 -1.9177077535689848 1891.7153323797261 0.010981717953194282 -0.075548319680892595 -0.14870276570182611 0
456 1 1 113529600 -165339819.42269737 -53579421.83153002 12661499.819154406 11.448967344652715 -26.332405979785989 -1.9521039008986116 1891.3451678623189 0.011594646487045361 -0.075249777424095415 -0.15082930420812313 0
457 1 1 113616000 -164335138.36259267 -55849596.668236397 12491357.457272055 11.807436654138259 -26.217028244822217 -1.9863508320507732 1890.9710769439569 0.012199972617046891 -0.074923626124367357 -0.15291414118792301 0
458 1 1 113702400 -163299513.34550911 -58109566.921593681 12318263.039181076 12.165247009829727 -26.096185617367926 -2.0204365135070539 1890.5931502108638 0.012797045094055423 -0.074569645324143063 -0.15495478572042709 0
459 1 1 113788800 -162233005.37590468 -60358859.633366659 12142231.023697019 12.522303969682646 -25.96986008168091 -2.0543487178191575 1890.2114840002364 0.013385200732893329 -0.07418764872213561 -0.15694870500585076 0
460 1 1 113875200 -161135683.67180505 -62597000.369060986 11963276.934337469 12.878511852750279 -25.838035490516223 -2.0880750271835304 1889.8261804602464 0.013963765739680691 -0.073777485583413335 -0.15889332725598621 0
461 1 1 113961600 -160007625.77028036 -64823513.381865077 11781417.375599904 13.233773775829281 -25.700697623026045 -2.1216028374183233 1889.4373476045077 0.014532057024232157 -0.073339042352901201 -0.16078604478044772 0
462 1 1 114048000 -158848917.62964538 -67037921.781577542 11596670.048878068 13.587991692646467 -25.557834242236073 -2.1549193623552219 1889.0450993603756 0.015089383748274929 -0.072872244031300507 -0.16262421738741711 0
463 1 1 114134400 -157659653.72816378 -69239747.708477616 11409053.767980535 13.94106643561323 -25.409435151982649 -2.1880116386580108 1888.6495556105285 0.015635048824114883 -0.072377055610759938 -0.1644051759741802 0
464 1 1 114220800 -156439937.15903258 -71428512.512087852 11218588.474214295 14.292897760168342 -25.255492253197581 -2.2208665310751727 1888.2508422273791 0.016168350614370393 -0.071853483466804743 -0.16612622630400825 0
465 1 1 114307200 -155189879.72142348 -73603736.93476738 11025295.250995198 14.643384391728624 -25.09599959942204 -2.25347073814119 1887.8490910994778 0.016688584715615878 -0.071301576734923114 -0.16778465325012315 0
466 1 1 114393600 -153909602.00735372 -75764941.300063848 10829196.337946095 14.992424075257253 -24.930953451424838 -2.2858107983356475 1887.444440149437 0.017195045788937834 -0.070721428501168582 -0.16937772506209109 0
467 1 1 114480000 -152599233.48416254 -77911645.705740973 10630315.1444428 15.339913627454475 -24.760352330800448 -2.3178730967076833 1887.0370333428327 0.017687029502776386 -0.070113177086815484 -0.1709026980666227 0
468 1 1 114566400 -151258912.5723626 -80043370.221388713 10428676.262567149 15.685748991573634 -24.584197072420999 -2.3496438719774226 1886.6270206873064 0.018163834654605294 -0.069477007165669694 -0.17235682156043586 0
469 1 1 114652800 -149888786.71864477 -82159635.090510651 10224305.479425648 16.029825294853655 -24.402490875608699 -2.3811092241221652 1886.2145582213534 0.018624765218376985 -0.06881315079703039 -0.17373734303312074 0
470 1 1 114739200 -148489012.46380576 -84259960.936972797 10017229.788791446 16.372036908555142 -24.215239353899321 -2.4122551224537134 1885.7998079921956 0.019069132647368928 -0.068121888455441384 -0.17504151356408806 0
471 1 1 114825600 -147059755.50537917 -86343868.975686505 9807477.4020268768 16.71227751058229 -24.022450583261062 -2.4430674141979742 1885.3829380219499 0.019496258154616752 -0.067403549839198051 -0.17626659373561834 0
472 1 1 114912000 -145601190.75474295 -88410881.227385595 9595077.758242825 17.050440150660094 -23.824135148632621 -2.4735318335792216 1884.9641222616858 0.019905475058254116 -0.066658514660528301 -0.17740985945467544 0
473 1 1 114998400 -144113502.38848799 -90460520.737347111 9380061.5336512774 17.386417318037307 -23.620306188647195 -2.5036340114172666 1884.5435405325597 0.020296131357725504 -0.06588721334961184 -0.17846860851777796 0
474 1 1 115084800 -142596883.89382884 -92492311.797892451 9162460.6500660963 17.720101011670796 -23.410979438401874 -2.5333594852442243 1884.1213784533909 0.020667592137904901 -0.065090127496066921 -0.17944016705893762 0
475 1 1 115171200 -141051538.10784513 -94505780.174495086 8942308.2825074289 18.051382812841812 -23.196173270136974 -2.5626937099398988 1883.6978273542584 0.021019242244820262 -0.064267790356792781 -0.18032189651321667 0
476 1 1 115257600 -139477677.25034592 -96500453.335307315 8719638.8658643812 18.38015396015054 -22.975908731689081 -2.5916220688960818 1883.2730841751556 0.021350488928328987 -0.063420787069574477 -0.18111120087730673 0
477 1 1 115344000 -137875522.95015475 -98475860.68390812 8494488.1005702466 18.706305426820666 -22.750209582580624 -2.6201298857092232 1882.8473513492379 0.021660764503270223 -0.062549754850368636 -0.18180553414819722 0
478 1 1 115430400 -136245306.26461667 -100431533.7950629 8266892.9572446402 19.029728000243153 -22.519102327612011 -2.6482024364033694 1882.4208366700118 0.021949529141743869 -0.061655382952443841 -0.18240240816365388 0
479 1 1 115516800 -134587267.69214043 -102367006.653272 8036891.6802565577 19.350312363679759 -22.282616247822855 -2.6758249621854318 1881.9937531417675 0.022216273661414869 -0.060738412567388426 -0.18289940066567401 0
480 1 1 115603200 -132901657.17759115 -104281815.89387669 7804523.7901623445 19.667949180035009 -22.040783428691938 -2.7029826827339476 1881.5663188125873 0.022460522291010053 -0.059799636494701804 -0.18329416376834506 0
481 1 1 115689600 -131188734.11035815 -106175501.04647721 7569830.0849724356 19.982529177601048 -21.793638785448046 -2.7296608100220618 1881.1387565892139 0.02268183554870435 -0.058839898740701425 -0.18358443265955376 0
482 1 1 115776000 -129448767.31493403 -108047604.78040856 7332852.6402008124 20.293943237671467 -21.541220085367161 -2.7558445626719426 1880.7112940331861 0.022879813076339729 -0.0578600938872234 -0.18376803461580613 0
483 1 1 115862400 -127682035.03384674 -109897673.15200818 7093634.8076512692 20.602082483910078 -21.283567966935827 -2.7815191808412107 1880.2841631374665 0.02305409648372005 -0.056861166394225386 -0.18384289839984372 0
484 1 1 115948800 -125888824.90279874 -111725255.85340013 6852221.2128945682 20.906838373354375 -21.020725955764835 -2.8066699416388761 1879.8576000828859 0.023204372203679192 -0.055844109663409795 -0.18380706390280563 0
485 1 1 116035200 -124069433.91787745 -113529906.46250895 6608657.7513908148 21.208102788926848 -20.752740477141629 -2.831282175071443 1879.431844973547 0.023330374369163749 -0.054809965018131603 -0.1836586923043835 0
486 1 1 116121600 -122224168.39471242 -115311182.69401017 6362991.5832112599 21.505768133316511 -20.479660865117314 -2.8553412805148781 1879.0071415504906 0.023431887566945215 -0.053759820506523046 -0.18339607633608776 0
487 1 1 116208000 -120353343.91946708 -117068646.6509115 6115271.126314369 21.799727424088353 -20.201539368029309 -2.8788327437100283 1878.5837368828625 0.023508749702062307 -0.05269480959398299 -0.18301765116203186 0
488 1 1 116294400 -118457285.29156542 -118801865.07645494 5865546.0483307745 22.08987438987235 -19.918431150366636 -2.901742154283204 1878.1618810355276 0.023560854738592416 -0.051616109657442455 -0.18252200553718567 0
489 1 1 116380800 -116536326.45806657 -120510409.60601804 5613867.2568119448 22.376103567473713 -19.630394290894142 -2.9240552237871733 1877.7418267123937 0.023588155438591964 -0.050524940454232788 -0.18190789339778971 0
490 1 1 116467200 -114590810.43961579 -122193857.01868941 5360286.8878975483 22.658310399743502 -19.337489776959494 -2.9457578042651611 1877.3238288742741 0.02359066607707028 -0.049422562395969101 -0.18117424600696314 0
491 1 1 116553600 -112621089.24791177 -123851789.48818448 5104858.2933563031 22.936391334038788 -19.039781494913573 -2.9668359073369577 1876.9081443303376 0.023568465020410805 -0.048310274756991158 -0.18032018445143852 0
492 1 1 116640000 -110627523.79464862 -125483794.83276388 4847636.0259552151 23.210243921100112 -18.737336216585927 -2.9872757238089704 1876.4950313019308 0.023521697391308338 -0.047189413781515581 -0.1793450328234821 0
493 1 1 116726400 -108610483.79190233 -127089466.76381059 4588675.8231116105 23.479766914168898 -18.430223581765681 -3.0070636438148308 1876.0847489573862 0.023450577605357483 -0.046061350733654638 -0.17824833195386228 0
494 1 1 116812800 -106570347.64395046 -128668405.13272002 4328034.5887819696 23.744860368159721 -18.118516076648323 -3.0261862774906545 1875.6775569164765 0.023355391849679222 -0.044927489875332655 -0.17702985378447172 0
495 1 1 116899200 -104507502.33052723 -130220216.17575212 4065770.3735409407 24.005425738700968 -17.802289008219642 -3.0446304761959131 1875.2737147228509 0.023236500530777176 -0.043789266436407813 -0.17568961656143289 0
496 1 1 116985600 -102422343.2815343 -131744512.75649416 3801942.352802909 24.261365980855732 -17.481620474559726 -3.0623833542912209 1874.8734812827249 0.023094340710604552 -0.042648144587635863 -0.17422790073148947 0
497 1 1 117072000 -100315274.24324238 -133240914.60558146 3536610.8031372358 24.512585647329974 -17.156591331059214 -3.0794323114925097 1874.4771142677146 0.022929428435464957 -0.041505615363545405 -0.17264526598292174 0
498 1 1 117158400 -98186707.13603738 -134709048.55732208 3269837.0766264214 24.758990985973359 -16.827285152552665 -3.0957650558220675 1874.0848694796568 0.022742361079761301 -0.040363194698728663 -0.17094256907387775 0
499 1 1 117244800 -96037061.903779343 -136148548.78287512 3001683.5732146297 25.000490036379865 -16.493788191389157 -3.111369627184168 1873.6970001748173 0.022533819670574298 -0.039222421557473588 -0.16912098310939441 0
500 1 1 117331200 -93866766.354861468 -137559057.01963103 2732213.7109909407 25.236992725392103 -16.156189331467584 -3.1262344216013136 1873.3137563445775 0.022304571168545104 -0.038084856084234481 -0.16718201794582613 0
501 1 1 117417600 -91676255.995071918 -138940222.7964476 2461491.8943487457 25.468410961315204 -15.814580038279283 -3.1403482161495391 1872.9353839495284 0.022055470789334921 -0.036952077988069237 -0.16512754219253231 0
502 1 1 117504000 -89465973.852378026 -140291703.6543999 2189583.4799586525 25.694658726647358 -15.469054305014595 -3.1537001946453982 1872.5621241031852 0.021787464307117185 -0.035825685072271421 -0.16295980689650644 0
503 1 1 117590400 -87236370.293769613 -141613165.36270559 1916554.7404874917 25.915652169136159 -15.119708594801518 -3.1662799741434959 1872.1942122012897 0.021501590435684542 -0.034707292014531946 -0.16068147111062731 0
504 1 1 117676800 -84987902.834314287 -142904282.12949535 1642472.8259904934 26.131309690972326 -14.766641779156217 -3.1780776323121627 1871.8318769922248 0.021198983202735566 -0.033598529329004638 -0.15829562951612844 0
505 1 1 117763200 -82721035.938593313 -144164736.80710578 1367405.7228974663 26.341552035937255 -14.409955072741775 -3.1890837357674044 1871.4753395834571 0.020880874489387635 -0.032501042775387456 -0.15580584244039447 0
506 1 1 117849600 -80436240.814702913 -145394221.09157932 1091422.2105062655 26.546302374322622 -14.049751964542367 -3.1992893694559168 1871.1248123784267 0.020548596499463775 -0.031416492963149092 -0.15321616837899266 0
507 1 1 117936000 -78133995.201021269 -146592435.71606681 814591.81488859886 26.745486385447393 -13.68613814557094 -3.2086861671905051 1870.780497937739 0.020203584501539067 -0.030346555416386201 -0.15053119942727772 0
508 1 1 118022400 -75814783.145955846 -147759090.63783932 536984.7601036944 26.93903233760242 -13.319221433244744 -3.2172663434519722 1870.4425877579563 0.019847379504409981 -0.029292921024151486 -0.14775609966092104 0
509 1 1 118108800 -73479094.780900463 -148893905.21862754 258671.91660514349 27.126871165255636 -12.949111692570282 -3.2250227265824614 1870.1112609608397 0.019481631092313396 -0.028257296863914323 -0.14489664688123674 0
510 1 1 118195200 -71127426.086646348 -149996608.39801848 -20275.253285283092 27.308936543358008 -12.575920754292847 -3.2319487935100955 1869.7866828851872 0.019108100213477582 -0.027241407521109848 -0.14195927787334961 0
511 1 1 118281600 -68760278.653503641 -151066938.85965511 -299784.75297533674 27.485164958595693 -12.199762330174128 -3.2380387061476625 1869.4690035732674 0.018728662057359437 -0.026246996719161707 -0.13895113709516019 0
512 1 1 118368000 -66378159.435404353 -152104645.18999881 -579784.11242183333 27.655495777435 -11.820751925565807 -3.2432873495916694 1869.1583561447462 0.018345308589073073 -0.025275829244813235 -0.13588012810516745 0
513 1 1 118454400 -63981580.498270236 -153109486.02942654 -860200.45233151678 27.819871310804899 -11.439006749453423 -3.2476903722027819 1868.8548550531436 0.017960150781992965 -0.024329693039568643 -0.13275496641576398 0
514 1 1 118540800 -61571058.762942888 -154081230.21545351 -1140960.5519065959 27.978236875265818 -11.054645622140491 -3.2512442275704729 1868.5585942236514 0.017575420207752396 -0.02341040105714793 -0.12958523172722963 0
515 1 1 118627200 -59147115.74298656 -155019656.91788316 -1421990.9202944732 28.130540850499763 -10.667788880738961 -3.2539462182705381 1868.2696450757667 0.017193469404504769 -0.02251979277115819 -0.12638141752181245 0
516 1 1 118713600 -56710277.277688883 -155924555.76570284 -1703217.8718891791 28.276734732948231 -10.278558282625649 -3.255794541227031 1867.9880544389093 0.016816770762277562 -0.021659734821313774 -0.12315497574652624 0
517 1 1 118800000 -54261073.26060041 -156795726.96555561 -1984567.6056107897 28.416773185408751 -9.8870769070046833 -3.2567883343702499 1867.7138423752128 0.016447913046221826 -0.020832120219413715 -0.11991835359511009 0
518 1 1 118886400 -51800037.363971278 -157632981.41162962 -2265966.2882561772 28.550614082376772 -9.4934690547015972 -3.2569277241303896 1867.4469999311273 0.016089594932656603 -0.020038865756964518 -0.11668501862297571 0
519 1 1 118972800 -49327706.759462662 -158436140.78681639 -2547340.1419656277 28.678218550889266 -9.0978601462856776 -3.2562138730786838 1867.1874868506991 0.015744614346884168 -0.019281906478201733 -0.1134694659321424 0
520 1 1 119059200 -46844621.835533969 -159205037.65499729 -2828615.5357763153 28.799551006580394 -8.7003766185714397 -3.2546490266822072 1866.9352293003906 0.01541585231986726 -0.018563186202574748 -0.11028719866373453 0
521 1 1 119145600 -44351325.911933973 -159939515.54431802 -3109719.0811246466 28.914579184597951 -8.301145819493339 -3.252236557659117 1866.690117678759 0.015106249483155818 -0.017884642518778138 -0.10715467000831475 0
522 1 1 119232000 -41848364.951757818 -160639429.02130696 -3390577.7310049515 29.023274164960792 -7.9002959012820035 -3.2489810058720758 1866.4520046112791 0.014818773637935006 -0.017248184917963073 -0.10408917493302755 0
523 1 1 119318400 -39336287.271570191 -161304643.75568599 -3671118.8822897389 29.125610391874766 -7.4979557118109641 -3.2448881111326879 1866.2207032583549 0.014556376700036133 -0.016655664772937149 -0.10110867901471554 0
524 1 1 119404800 -36815643.250140101 -161935036.57570878 -3951270.4804646592 29.221565686468324 -7.0942546839291554 -3.2399648357134163 1865.9959860929612 0.01432193982077455 -0.016108836168026268 -0.098231572346791488 0
525 1 1 119491200 -34286985.036379874 -162530495.51384223 -4230961.1257323148 29.311121252379149 -6.6893227225599352 -3.2342193728745574 1865.7775843285622 0.014118206039035306 -0.015609307172538231 -0.095476339621109754 0
526 1 1 119577600 -31750866.257130656 -163090919.84258905 -4510120.1791044809 29.394261673627891 -6.2832900893473136 -3.2276611373825421 1865.56518819447 0.013947700887148506 -0.01515848212774144 -0.09286114146495425 0
527 1 1 119664000 -29207841.725483142 -163616220.10023054 -4788677.8667514455 29.470974904289537 -5.8762872846845973 -3.2203007340052743 1865.3584482557133 0.013812643205325952 -0.014757496999772227 -0.090403312579849959 0
528 1 1 119750400 -26658467.150357455 -164106318.10626388 -5066565.3805472963 29.54125224962975 -5.4684449271148887 -3.2121499004274292 1865.1569779521137 0.013714849859210997 -0.014407152209336341 -0.088118790824802479 0
529 1 1 119836800 -24103298.848096911 -164561146.96630996 -5343714.9724818179 29.605088338320936 -5.0598936302434456 -3.2032214220345838 1864.9603574846501 0.01365563682411159 -0.014107843981047129 -0.086021503670530658 0
530 1 1 119923200 -21542893.457113862 -164980651.06617269 -5620060.0425636666 29.662481079876326 -4.650763874436441 -3.1935290697005962 1864.7681367527643 0.013635827950261898 -0.013859481811124166 -0.084122715713481871 0
531 1 1 120009600 -18977807.648573548 -165364786.05715191 -5895535.177779031 29.713431842325125 -4.2411859458352694 -3.1830862697882578 1864.5798947814728 0.013660190331319384 -0.013662720780893879 -0.082402908653046614 0
532 1 1 120096000 -16408597.852121782 -165713518.82752228 -6170076.2415058436 29.757944427719849 -3.8312895166719865 -3.171911121285508 1864.3950172630803 0.013679115529581457 -0.013499630795642949 -0.081094716820909754 0
533 1 1 120182400 -13835820.248688465 -166026827.35896695 -6443621.4434762551 29.796019680730833 -3.421201137930364 -3.1600421846951288 1864.2120276186674 0.013508716752726019 -0.013284905657320949 -0.080708496239890543 0
534 1 1 120268800 -11260030.970387448 -166304700.45300758 -6716112.5160679873 29.827660495241044 -3.0110457314521684 -3.1475122710138659 1864.0297472706898 0.013288920517301945 -0.013060878705117015 -0.080493693746158931 0
535 1 1 120355200 -8681785.5084372573 -166547137.75982922 -6987492.7578321658 29.852878069489098 -2.6009492881336098 -3.134329230294866 1863.8481116647235 0.013071438578976569 -0.012846880153282537 -0.080235823800315936 0
536 1 1 120441600 -6101638.1947816722 -166754149.80613935 -7257705.9329997711 29.871687590466674 -2.1910374050816173 -3.1204978210317615 1863.667202910947 0.012851057978194382 -0.012640986857977677 -0.07995816739489138 0
537 1 1 120528000 -3520141.9264560607 -166925757.93236914 -7526696.2963754227 29.884107147724915 -1.7814348225452363 -3.1060245305563257 1863.4870372837299 0.012629896438626321 -0.012445181243659087 -0.079672726668473304 0
538 1 1 120614400 -937847.91382249258 -167061994.21078086 -7794408.6076337351 29.890157575864496 -1.3722651032839224 -3.0909137770546931 1863.3077432750001 0.01239679188231343 -0.012248989145018967 -0.079299889914021038 0
539 1 1 120700800 1644694.5695978783 -167162901.34624726 -8060788.1440151045 29.889863196897711 -0.96365102257821145 -3.0751762852719118 1863.1291634619008 0.012180607769434346 -0.012069319468498122 -0.079146770762904148 0
540 1 1 120787200 4226938.4909936506 -167228532.59453809 -8325781.4313948108 29.883251002802844 -0.55571353577207905 -3.0588262306045335 1862.9509985283764 0.011943522147396876 -0.011863738045947888 -0.079028847123474882 0
541 1 1 120873600 6808339.2377819698 -167258951.57991067 -8589335.9635822177 29.870350551082431 -0.14857237786716601 -3.0418735434478026 1862.7731592465755 0.011713069453320768 -0.011674901349030575 -0.078964032846615032 0
542 1 1 120960000 9388354.913969513 -167254232.27709436 -8851400.0389829334 29.851194913625744 0.25765300282521691 -3.0243255323371843 1862.5956770452303 0.01148734320462055 -0.011497319186381198 -0.078801576223483327 0
543 1 1 121046400 11966446.606583375 -167214458.91684794 -9111922.32113038 29.825820186807256 0.6628445501929896 -3.0061840148262684 1862.4188478734761 0.011279308259252292 -0.01133820579968539 -0.078475643815840254 0
544 1 3 121074855.2518436 12815011.242762694 -167193702.07490572 -9197377.3466515522 29.81610832905924 0.79604544621700524 -3.0000797570629003 1862.3607985396964 0 0 0 116
545 1 1 121132800 14542078.644796979 -167139725.87245002 -9370851.6466520485 29.794265066933093 1.0668856829085953 -2.9874526820268756 1862.242892040518 0.011071530501933866 -0.011188804418844178 -0.078108307626778839 0
546 1 1 121219200 17114740.103163559 -167030151.34257096 -9628142.8002303541 29.757099035296111 1.4693185310031849 -2.9682736814236721 1862.0533540645058 0.010863177546314931 -0.011047877765206779 -0.077721889677523678 0
547 1 1 121305600 19683725.330786932 -166885734.54992864 -9883700.9300325718 29.706953177513466 1.8748426648657524 -2.9467729036489252 1861.687223718088 -0.26278760917170485 0.16653291885521396 -0.007752672231276278 0
548 1 1 121392000 22247726.880165536 -166706092.12904376 -10137276.711391227 29.644007860599171 2.283229541830154 -2.9229495684826636 1860.9789798576735 -0.25753331927426815 0.1618265844599984 -0.0069911147966521562 0
549 1 1 121478400 24806066.100522488 -166491258.90864158 -10388775.694436226 29.575854137952774 2.6894512524194263 -2.8986934607003523 1860.3165797116535 -0.25218784648849174 0.15720001409485782 -0.0064658121659493485 0
550 1 1 121564800 27358270.516446803 -166241409.9854528 -10638155.054998303 29.502007408546881 3.0937621940196518 -2.8738855711931959 1859.6695208872191 -0.24683751954288569 0.15270234462136006 -0.0059068611925211997 0
551 1 1 121651200 29903850.592159517 -165956714.58139259 -10885367.483379386 29.422522252476035 3.4960669458051714 -2.8485347411584847 1859.0376646085158 -0.2414714001225523 0.14831999170643628 -0.0053586782848159889 0
552 1 1 121737600 32442321.607039984 -165637350.10068914 -11130366.525723835 29.337455387396581 3.8962716440914966 -2.8226515335655784 1858.4208948920657 -0.23609597032032359 0.14405288995667903 -0.0048200545622323647 0
553 1 1 121824000 34973203.803477146 -165283501.96937087 -11373106.639675777 29.246864971154405 4.2942844626664707 -2.7962464991568279 1857.8190837247839 -0.23071756399674004 0.13990065491536394 -0.0042910032704321288 0
554 1 1 121910400 37496022.50997071 -164895363.4599905 -11613543.198757252 29.150810568906419 4.6900155972902704 -2.7693302863326128 1857.232093409976 -0.22534235003977635 0.13586268372587854 -0.0037715224252332265 0
555 1 1 121996800 40010308.2598731 -164473135.51641995 -11851632.500291822 29.049353087298083 5.0833772770591841 -2.7419136294666386 1856.6597769528771 -0.21997632389538105 0.13193816596222036 -0.0032615984781367954 0
556 1 1 122083200 42515596.904482849 -164017026.57776359 -12087331.772441201 28.942554709549931 5.4742837734526875 -2.7140073398718259 1856.1019784547987 -0.2146252988113376 0.12812609380844495 -0.0027612067123137739 0
557 1 1 122169600 45011429.720571801 -163527252.40158084 -12320599.180467714 28.830478831530069 5.8626514073056004 -2.6856222969077872 1855.5585335147698 -0.20929489822607006 0.12442527261973352 -0.0022703105502450646 0
558 1 1 122256000 47497353.512432449 -163004035.88659239 -12551393.832235098 28.713189998839674 6.248398553802053 -2.6567694392543353 1855.0292696370027 -0.20399054899354152 0.12083433188454255 -0.0017888623203084085 0
559 1 1 122342400 49972920.708534606 -162447606.89503613 -12779675.782963034 28.590753844942054 6.6314456455893742 -2.6274597563516737 1854.5140066428316 -0.19871747545934654 0.11735173657117 -0.0013168024141294373 0
560 1 1 122428800 52437689.45288267 -161858202.07483387 -13005406.039248742 28.463237030379521 7.0117151740746104 -2.5977042800063286 1854.0125570873415 -0.19348069371186205 0.11397579764930077 -0.00085405987536589924 0
561 1 1 122515200 54891223.691169478 -161236064.68172058 -13228546.562371679 28.330707183099179 7.3891316890079786 -2.5675140761820274 1853.5247266791228 -0.18828500729812192 0.11070468437928831 -0.00040055203863682885 0
562 1 1 122601600 57333093.251822568 -160581444.40148023 -13449060.270895811 28.193232839903956 7.7636217964390664 -2.5369002369520195 1853.0503147019813 -0.18313500316228684 0.10753643512268445 4.381578850741744e-05 0
563 1 1 122688000 59762873.922040954 -159894597.17242643 -13666911.042584442 28.050883389046444 8.1351141551047021 -2.5058738726379897 1852.589114438249 -0.17803504879801385 0.10446896897476568 0.00047914994956899462 0
564 1 1 122774400 62180147.518922351 -159175785.0082598 -13882063.715644065 27.903729013985373 8.5035394713430374 -2.4744461041336105 1852.140913592676 -0.17298928939627192 0.10150009711774557 0.00090556893231348709 0
565 1 1 122860800 64584501.95578143 -158425275.82142597 -14094484.089311959 27.751840638314519 8.8688304926050758 -2.4426280553899353 1851.7054947161446 -0.168001646410048 0.098627534265333272 0.0013232038509698027 0
566 1 1 122947200 66975531.303760506 -157643343.24709082 -14304138.923802488 27.595289871860338 9.2309219996434333 -2.4104308460932069 1851.2826356277747 -0.16307581643489058 0.095848910072866916 0.0017321979585656626 0
567 1 1 123033600 69352835.848833904 -156830266.46784723 -14510995.939629192 27.4341489579603 9.5897507974433189 -2.3778655845282324 1850.8721098350309 -0.15821527082178699 0.093161780146480133 0.0021327073947451148 0
568 1 1 123120000 71716022.144308254 -155986330.03925544 -14715023.816317499 27.268490721924341 9.9452557049595249 -2.3449433606149013 1850.4736869511637 -0.15342325579662389 0.090563637012865544 0.0025249011982424806 0
569 1 1 123206400 74064703.058920994 -155111823.71632054 -14916192.190523708 27.098388520666798 10.297377543738447 -2.3116752391236752 1850.0871331083481 -0.14870279368740874 0.088051921230516389 0.0029089619062436234 0
570 1 1 123292800 76398497.820636988 -154207042.28099787 -15114471.653575201 26.923916193520128 10.646059125481354 -2.2780722530653108 1849.7122113664609 -0.14405668374364849 0.085624031733750189 0.0032850856960755818 0
571 1 1 123379200 78717032.056247115 -153272285.37081733 -15309833.748447753 26.745148014212646 10.991245238614402 -2.2441453972738552 1849.3486821160627 -0.13948750491314021 0.083277336629814916 0.0036534823589638391 0
572 1 1 123465600 81019937.826866791 -152307857.3087081 -15502250.966196034 26.562158643997677 11.332882633920404 -2.2099056221558322 1848.9963034745738 -0.13499761792717402 0.081009182924431614 0.0040143763731773198 0
573 1 1 123552000 83306853.659435123 -151314066.93410394 -15691696.741850907 26.37502308594873 11.670920009290468 -2.1753638276085345 1848.6548316757032 -0.13058916830647627 0.078816906846752036 0.0043680067844211797 0
574 1 1 123638400 85577424.574314788 -150291227.43540153 -15878145.44979934 26.18381664038407 12.005307993651448 -2.1405308571190478 1848.3240214501454 -0.12626409031392175 0.07669784307236073 0.0047146278494484221 0
575 1 1 123724800 87831302.109088704 -149239656.18384126 -16061572.398661589 25.988614861417837 12.335999130117877 -2.1054174920283542 1848.0036263970728 -0.12202411060881339 0.074649334353321398 0.0050545094167121652 0
576 1 1 123811200 90068144.338651285 -148159674.56887546 -16241953.82567996 25.789493514630525 12.662947858424989 -2.0700344459618858 1847.6933993455609 -0.11787075287140686 0.072668740339208143 0.0053879375096445399 0
577 1 1 123897600 92287615.891690239 -147051607.83508405 -16419266.890633488 25.586528535833978 12.986110496679169 -2.0343923594242757 1847.3930927048295 -0.11380534263169666 0.070753446185857327 0.0057152147249222946 0
578 1 1 123984000 94489387.963652328 -145915784.92069435 -16593489.669292782 25.379795990930585 13.305445222480541 -1.9985017945591106 1847.1024588026853 -0.10982901219598847 0.068900871016534332 0.0060366607622141921 0
579 1 1 124070400 96673138.326287672 -144752538.2977576 -16764601.146428667 25.169372036836194 13.620912053457104 -1.9623732300580843 1846.8212502106333 -0.10594270669535935 0.067108475727574599 0.0063526132980741687 0
580 1 1 124156800 98838551.33386308 -143562203.81403127 -16932581.208387606 24.955332883458098 13.932472827255474 -1.9260170562277541 1846.5492200548547 -0.10214718941850681 0.065373770863773661 0.0066634281889107689 0
581 1 1 124243200 100985317.92613569 -142345120.53661236 -17097410.635247644 24.737754756717667 14.240091181022228 -1.889443570206409 1846.2861223123475 -0.098443048252328164 0.063694323527759306 0.006969480532256136 0
582 1 1 124329600 103113135.62817614 -141101630.59736353 -17259071.092567109 24.516713862596387 14.543732530417268 -1.852662971323749 1846.0317120908646 -0.094830701716386023 0.062067764657810442 0.0072711650591492519 0
583 1 1 124416000 105221708.54712871 -139832079.04017285 -17417545.12273873 24.292286352186395 14.843364048193244 -1.8156853566046223 1845.7857458915173 -0.091310405979485559 0.060491795159090749 0.0075688971014389629 0
584 1 1 124502400 107310747.36599463 -138536813.67007989 -17572816.135961019 24.064548287732936 15.138954642376934 -1.778520716404425 1845.5479818529764 -0.087882261175715723 0.058964192527774968 0.0078631133212677361 0
585 1 1 124588800 109379969.33452444 -137216184.90430421 -17724868.400838379 23.833575609656318 15.430474934093915 -1.7411789301818905 1845.3181799760996 -0.084546218635758563 0.057482816539134389 0.0081542724272328625 0
586 1 1 124675200 111429098.25730196 -135870545.62520352 -17873687.034621622 23.599444104534662 15.717897235048625 -1.703669762394914 1845.0961023281511 -0.081302087597531436 0.05604561451305709 0.0084428563082507829 0
587 1 1 124761600 113457864.47910362 -134500251.03519201 -18019257.993098844 23.362229374031109 16.001195524708482 -1.6660028585199624 1844.8815132249242 -0.078149542716368536 0.05465062692951788 0.0087293706639324804 0
588 1 1 124848000 115466004.86761238 -133105658.51364043 -18161568.060147937 23.122006804748295 16.280345427217657 -1.6281877411902366 1844.6741793895617 -0.075088131007897102 0.053295991903095787 0.009014346226941217 0
589 1 1 124934400 117453262.793568 -131687127.47578286 -18300604.836959921 22.878851539006252 16.555324188057995 -1.590233806442136 1844.4738700875084 -0.07211727911089881 0.051979949792757746 0.0092983396754123728 0
590 1 1 125020800 119419388.10843059 -130245019.23364896 -18436356.730942786 22.632838446518672 16.826110650502638 -1.5521503200687292 1844.2803572354428 -0.069236300670264164 0.050700847641287503 0.0095819348260099396 0
591 1 1 125107200 121364137.11963633 -128779696.85903913 -18568812.944314469 22.384042096954953 17.092685231870732 -1.513946414073436 1844.0934154834615 -0.066444403583662548 0.04945714258975277 0.0098657436786145688 0
592 1 1 125193600 123287272.56351925 -127291525.04855897 -18697963.462393902 22.132536733379226 17.355029899618668 -1.4756310832245554 1843.91282226919 -0.063740697187050332 0.048247406050539704 0.010150407522344753 0
593 1 1 125280000 125188563.57597685 -125780869.990725 -18823799.041598145 21.878396246553567 17.613128147291725 -1.4372131816931766 1843.7383578425449 -0.06112419941216414 0.047070326544650674 0.010436598484187761 0
594 1 1 125366400 127067785.66095145 -124248099.23515421 -18946311.197152678 21.621694150092093 17.866964970355927 -1.3987014197800822 1843.569805260064 -0.058593843895308848 0.045924713202646905 0.010725020368751514 0
595 1 1 125452800 128924720.65680143 -122693581.56384535 -19065492.190522596 21.362503556448619 18.116526841938917 -1.3601043607230912 1843.4069503473049 -0.05614848714795305 0.04480949825058244 0.011016410401681805 0
596 1 1 125539200 130759156.70063354 -121117686.86455986 -19181335.016570993 21.100897153736504 18.361801688490054 -1.3214304175768827 1843.2495816289304 -0.05378691511750934 0.04372373963308878 0.01131154024719366 0
597 1 1 125625600 132570888.19066818 -119520786.00630839 -19293833.390451152 20.836947183364408 18.602778865396758 -1.2826878501694299 1843.0974902249698 -0.051507850280298272 0.042666623530042656 0.011611217529069989 0
598 1 1 125712000 134359715.74670663 -117903250.71694465 -19402981.734238558 20.570725418481274 18.839449132567228 -1.243884762120226 1842.9504697128441 -0.049309957808376624 0.041637466180321998 0.011916287243880632 0
599 1 1 125798400 136125446.16877156 -116265453.46287067 -19508775.163308024 20.302303143215934 19.071804630000223 -1.2050290979250493 1842.808315954466 -0.04719185248958388 0.040635715957913258 0.012227633019188286 0
600 1 1 125884800 137867892.39398661 -114607767.33085191 -19611209.472461808 20.031751132708184 19.299838853361187 -1.1661286401056092 1842.670826888382 -0.045152104319542634 0.039660954768077482 0.012546178456946803 0
601 1 1 125971200 139586873.45176616 -112930565.91194215 -19710281.121814135 19.759139633928331 19.523546629580188 -1.127191006420637 1842.537802287319 -0.043189244819583014 0.038712899610903365 0.012872888380672911 0
602 1 1 126057600 141282214.4173803 -111234223.18751501 -19805987.222437561 19.484538347268828 19.742924092489474 -1.0882236471424962 1842.4090434814341 -0.041301772473280124 0.037791403537721417 0.013208769904336093 0
603 1 1 126144000 142953746.36396331 -109519113.41739851 -19898325.521776833 19.208016408909803 19.957968658501066 -1.049233842400469 1842.2843530492196 -0.039488158243767515 0.036896456233693899 0.01355487347255027 0
604 1 1 126230400 144601306.31303144 -107785611.03010908 -19987294.388836484 18.929642373959279 20.168679002345744 -1.0102286995992802 1842.1635344780582 -0.037746850199321468 0.036028184715259669 0.013912293449225637 0
605 1 1 126316800 146224737.18357855 -106034090.51517825 -20072892.799148966 18.649484200365208 20.375055032872019 -0.97121515092444355 1842.0463917977779 -0.036076278360589999 0.035186852877984426 0.014282168548082468 0
606 1 1 126403200 147823887.73981321 -104264926.31756885 -20155120.319531374 18.367609233595442 20.577097868896985 -0.93219995094459307 1841.9327291916923 -0.034474858645067746 0.034372860919635435 0.014665681824330187 0
607 1 1 126489600 149398612.5376071 -102478492.73417482 -20233977.092639964 18.084084192100828 20.774809815108327 -0.8931896743329768 1841.8223505912108 -0.032940996359461454 0.033586743866356662 0.015064060062854477 0
608 1 1 126576000 150948771.86972108 -100675163.81240192 -20309463.821333867 17.798975153563639 20.968194338001418 -0.85419071373239219 1841.7150592613991 -0.031473089217477372 0.032829169444261709 0.015478572621655088 0
609 1 1 126662400 152474231.70987728 -98855313.250826359 -20381581.752861291 17.512347541938531 21.157256041828578 -0.81520927778576446 1841.6106573865545 -0.03006952973002314 0.032100934757794131 0.015910529699679071 0
610 1 1 126748800 153974863.65574571 -97019314.30193238 -20450332.662883975 17.224266115295524 21.342000644526312 -0.77625138937092275 1841.5089456668618 -0.028728707019493913 0.031402961946682968 0.016361279468082569 0
611 1 1 126835200 155450544.87091663 -95167539.676931575 -20515718.839359414 16.934794954483056 21.522434953589482 -0.73732288407523039 1841.4097229386439 -0.027449007734160449 0.03073629270509283 0.016832204680092059 0
612 1 1 126921600 156901158.02592754 -93300361.452670515 -20577743.06630294 16.643997452609142 21.698566841850024 -0.69842940894964689 1841.3127858316238 -0.026228817062144499 0.030102081393762008 0.017324717987213478 0
613 1 1 127008000 158326591.23841867 -91418150.980637372 -20636408.607455932 16.351936305355949 21.870405223103024 -0.65957642158901109 1841.2179284785336 -0.025066518278446231 0.029501586489436741 0.017840256478296266 0
614 1 1 127094400 159726738.01248702 -89521278.798082516 -20691719.189890075 16.058673502136656 22.037960027539437 -0.62076918957675675 1841.124942291691 -0.023960492652500082 0.02893616118546604 0.018380275177567539 0
615 1 1 127180800 161101497.17731264 -87610114.541271821 -20743678.987581234 15.764270318088199 22.201242176923131 -0.58201279035045128 1841.0336158212997 -0.022909118420656075 0.028407241607474858 0.018946239160052288 0
616 1 1 127267200 162450772.82512981 -85685026.860898674 -20792292.60499166 15.468787306905268 22.360263559456925 -0.54331211152769865 1840.9437347085511 -0.021910769797261274 0.027916334430188115 0.019539615180762977 0
617 1 1 127353600 163774474.24861476 -83746383.339681849 -20837565.060701493 15.172284294505682 22.515037004285517 -0.50467185173980844 1840.8550817438074 -0.020963815577843263 0.027465002237167389 0.020161861673626182 0
618 1 1 127440000 165072515.8777616 -81794550.412185118 -20879501.771136452 14.874820373518508 22.665576255572415 -0.46609652202148849 1840.7674370370553 -0.020066617818602566 0.027054847984534128 0.020814418248169493 0
619 1 1 127526400 166344817.21631712 -79829893.286895603 -20918108.534440532 14.576453898576499 22.811895946114145 -0.4275904477917094 1840.6805783020611 -0.019217530480014438 0.026687498109954154 0.021498694017337221 0
620 1 1 127612800 167591302.7778433 -77852775.870604649 -20953391.514547113 14.277242482392774 22.954011570431575 -0.38915777146933322 1840.5942812515598 -0.01841489826658118 0.026364584056214526 0.022216055188438978 0
621 1 1 127699200 168811902.02147222 -75863560.695137113 -20985357.22550454 13.977242992592616 23.091939457309994 -0.35080245575142199 1840.5083200940069 -0.017657055788379252 0.026087723581359187 0.022967812056108611 0
622 1 1 127785600 170006549.28742108 -73862608.846477687 -21014012.516114432 13.676511549269829 23.225696741763233 -0.31252828757786943 1840.4224681173619 -0.016942327016670825 0.025858500724424117 0.023755205474158034 0
623 1 1 127872000 171175183.73232415 -71850279.896345496 -21039364.554942839 13.375103523230708 23.355301336399386 -0.27433888280026453 1840.3364983411091 -0.016269025322527265 0.025678445770751079 0.024579392995190338 0
624 1 1 127958400 172317749.26444188 -69826931.836268082 -21061420.815765373 13.07307353488498 23.480771902200168 -0.23623769155849744 1840.2501842137742 -0.015635453973300455 0.025549015189831527 0.025441435074446284 0
625 1 1 128044800 173434194.47880059 -67792921.014204845 -21080189.063507192 12.770475453740609 23.602127818732896 -0.19822800435513757 1840.1633003319491 -0.015039907325542673 0.025471572033040575 0.02634228151647007 0
626 1 1 128131200 174524472.59231332 -65748602.07376688 -21095677.340737164 12.467362398456793 23.71938915385245 -0.16031295880384924 1840.0756231565902 -0.014480672580296929 0.025447367847565214 0.027282758576792032 0
627 1 1 128217600 175588541.37892729 -63694327.896073245 -21107893.954772808 12.163786737409472 23.832576632976171 -0.12249554701270667 1839.986931704291 -0.013956032267402853 0.025477526276150724 0.028263556979790532 0
628 1 1 128304000 176626363.10484028 -61630449.544276051 -21116847.465448473 11.859800089713039 23.941711608076268 -0.08477862354044112 1839.8970081931948 -0.0134642676918682 0.02556303070857496 0.029285221574619061 0
629 1 1 128390400 177637904.46382332 -59557316.210769109 -21122546.673592452 11.555453326642294 24.04681602659641 -0.047164913829737101 1839.8056386259398 -0.013003663162741054 0.025704716234739966 0.03034814334577593 0
630 1 1 128476800 178623136.51268098 -57475275.167076327 -21125000.610248443 11.250796573379079 24.147912400554372 -0.0096570229797395615 1839.7126132946598 -0.012572511967976048 0.025903267868551679 0.031452554905347652 0
631 1 1 128563200 179582034.60687283 -55384671.716391601 -21124218.526662543 10.945879210988185 24.245023776102215 0.027742555350539384 1839.617727195732 -0.012169123968653859 0.026159223220174166 0.032598531293521547 0
632 1 1 128649600 180514578.3363114 -53285849.148723193 -21120209.885034844 10.640749878500781 24.338173703685257 0.065031430201464083 1839.5207803469887 -0.011791835994467318 0.026472976149619434 0.033785997779747265 0
633 1 1 128736000 181420751.4613401 -51179148.698591471 -21112984.350006156 10.335456474964472 24.427386208750963 0.10220730509891975 1839.4215780057873 -0.01143902450193093 0.026844777209942803 0.035014745756736486 0
634 1 1 128822400 182300541.8488822 -49064909.505240194 -21102551.780818466 10.030046161356426 24.512685762827228 0.13926797072524236 1839.3199307922657 -0.011109119394276305 0.027274729902493848 0.036284455003238056 0
635 1 1 128908800 183153941.40874845 -46943468.575335376 -21088922.224063478 9.7245653623533297 24.594097254854685 0.17621129863527465 1839.2156547289244 -0.010800615875213833 0.02776278624282685 0.037594715685868647 0
636 1 1 128995200 183980946.0300979 -44815160.748128645 -21072105.906935189 9.4190597681417074 24.671645962830603 0.21303523579898151 1839.1085712187269 -0.010512079827932348 0.028308744871356831 0.038945041341279185 0
637 1 1 129081600 184781555.51806825 -42680318.663052015 -21052113.230937693 9.1135743365897977 24.745357525897816 0.24973779941402133 1838.9985069951711 -0.010242145721033621 0.028912251714226629 0.040334868049505514 0
638 1 1 129168000 185555773.53061959 -40539272.729700997 -21028954.766051896 8.8081532960766697 24.815257916993971 0.28631707138779044 1838.8852940784857 -0.0099895090686634019 0.029572802669129435 0.04176354288459188 0
639 1 1 129254400 186303607.51565716 -38392351.10015358 -21002641.245405458 8.5028401491031929 24.881373416134061 0.32277119218843831 1838.7687697587173 -0.009752918290199853 0.030289747288960868 0.043230310520548175 0
640 1 1 129340800 187025068.64849788 -36239879.643567652 -20973183.560499303 8.1976776766145871 24.943730584405266 0.35909835415572228 1838.6487766077571 -0.0095311690026889852 0.031062294701918038 0.044734304941704085 0
641 1 1 129427200 187720171.76973522 -34082181.922991037 -20940592.757024039 7.8927079428773252 25.002356238773835 0.39529679459417044 1838.5251625103706 -0.0093231014729647371 0.031889521265853898 0.046274548958818128 0
642 1 1 129513600 188388935.32354295 -31919579.174309555 -20904880.031270042 7.5879723007426767 25.057277427791558 0.43136478898750874 1838.397780702084 -0.0091276009403903225 0.032770380047468489 0.04784995983812039 0
643 1 1 129600000 189031381.29644725 -29752390.287253261 -20866056.727109492 7.2835113972070404 25.108521408262895 0.46730064457336756 1838.2664898054256 -0.0089435981520351142 0.033703710968454932 0.049459358839542111 0
644 1 1 129686400 189647535.15659049 -27580931.788375448 -20824134.33351304 6.9793651792231932 25.156115622911067 0.50310269440900168 1838.1311538597872 -0.0087700708502709401 0.034688251856802806 0.051101482389090867 0
645 1 1 129772800 190237425.79350641 -25405517.825917449 -20779124.482555978 6.6755728997497172 25.200087679062115 0.53876929197541001 1837.991642343052 -0.0086060440498448749 0.035722649314488174 0.052774993658364452 0
646 1 1 129859200 190801085.4584299 -23226460.156471685 -20731038.947867274 6.372173124051951 25.240465328330082 0.57429880632086194 1837.8478301852017 -0.0084505902364119933 0.036805469175616189 0.054478493768588883 0
647 1 1 129945600 191338549.70516148 -21044068.133356974 -20679889.6434756 6.0692037362590092 25.277276447298036 0.60968961772304975 1837.6995977739523 -0.0083028285656097222 0.03793520707424454 0.056210532407077393 0
648 1 1 130032000 191849857.33151054 -18858648.696620584 -20625688.62300913 5.7667019461971414 25.310549019169521 0.64494011382725069 1837.5468309534692 -0.0081619234870890442 0.039110297894943663 0.057969617222270078 0
649 1 1 130118400 192335050.32134023 -16670506.364585269 -20568448.07920986 5.4647042964993515 25.340311116352574 0.68004868622661552 1837.3894210167734 -0.0080270830631628369 0.040329124883178392 0.059754222875633041 0
650 1 1 130204800 192794173.78723979 -14479943.22686157 -20508180.343725588 5.1632466699996415 25.366590883953236 0.71501372744337721 1837.2272646922365 -0.0078975564933511169 0.041590028124815374 0.06156279861681889 0
651 1 1 130291200 193227275.91384724 -12287258.938748289 -20444897.887147136 4.8623642974116459 25.389416524137172 0.74983362826549471 1837.0602641250614 -0.0077726316663767597 0.042891312098617546 0.063393775382517323 0
652 1 1 130377600 193634407.90184817 -10092750.716948073 -20378613.319261432 4.5620917652814468 25.408816281324217 0.7845067754077425 1836.8883268538737 -0.0076516322991200189 0.044231252815236752 0.065245571926480908 0
653 1 1 130464000 194015623.91267285 -7896713.3365272181 -20309339.389494095 4.2624630242158936 25.424818428185535 0.81903154945935086 1836.7113657828345 -0.0075339147705346622 0.04560810421863478 0.067116600273237778 0
654 1 1 130550400 194370981.01391616 -5699439.1290521519 -20237088.987518046 3.963511397369456 25.437451252401672 0.85340632308425068 1836.5292991497872 -0.0074188652059914055 0.047020103824968275 0.069005270353745249 0
655 1 1 130636800 194700539.12550074 -3501217.9818383153 -20161875.144007873 3.6652695891719387 25.446743044149592 0.88762945944660843 1836.342050490598 -0.0073058963254329871 0.048465477981322135 0.070909994219409841 0
656 1 1 130723200 195004360.9666051 -1302337.3382496289 -20083711.031521406 3.3677696942907756 25.45272208429299 0.92169931083269785 1836.1495485998976 -0.0071944441891225539 0.049942446602731956 0.072829189406588501 0
657 1 1 130809600 195282512.00337473 896917.80101060809 -20002609.965492941 3.0710432068035405 25.455416633232325 0.95561421744222219 1835.9517274889072 -0.0070839653393219215 0.051449226971117146 0.074761281984507835 0
658 1 1 130896000 195535060.3974345 3096264.8756730356 -19918585.405324191 2.7751210295686892 25.454854920395427 0.98937250633305041 1835.748526340125 -0.0069739334805637718 0.052984037850565394 0.076704709146141623 0
659 1 1 130982400 195762076.95521864 5295423.7627944415 -19831650.95556045 2.4800334837705873 25.451065134339448 1.0229724904972326 1835.5398894592461 -0.0068638369823331444 0.054545102403180418 0.078657921297899711 0
660 1 1 131068800 195963635.07813221 7494116.7728200266 -19741820.367141761 2.1858103186172104 25.444075413440288 1.0564124680484035 1835.3257662245858 -0.0067531758575331289 0.05613065156629287 0.080619383783461965 0
661 1 1 131155200 196139810.71355602 9692068.6448658444 -19649107.538719974 1.8924807211815302 25.433913837139002 1.0896907215074758 1835.106111034336 -0.0066414591821511368 0.05773892609261945 0.082587578384241592 0
662 1 1 131241600 196290682.30670801 11889006.541268028 -19553526.518033355 1.6000733263523712 25.420608417730065 1.1228055171823652 1834.8808832512545 -0.0065282028523574835 0.059368179556495877 0.084561004749369131 0
663 1 1 131328000 196416330.75336692 14084660.041445633 -19455091.503331631 1.3086162268813346 25.404187092670277 1.1557551046163994 1834.6500471455083 -0.0064129271050045967 0.06101667988464906 0.086538180912248353 0
664 1 1 131414400 196516839.35346991 16278761.135120193 -19353816.844845977 1.0181369835146832 25.384677717385518 1.1885377161023389 1834.4135718356717 -0.0062951543291671838 0.06268271178515436 0.088517644515363494 0
665 1 1 131500800 196592293.76558602 18471044.21493518 -19249717.046297979 0.72866263517160546 25.36210805856286 1.221151566263815 1834.17143122738 -0.006174407577738945 0.064364578074865009 0.090497953299783621 0
666 1 1 131587200 196642781.96227205 20661246.068515699 -19142806.766442567 0.44021970916444531 25.336505787901974 1.2535948516825961 1833.9236039505906 -0.0060502082380417821 0.066060601479521031 0.092477685524377712 0
667 1 1 131673600 196668394.18631181 22849105.87000807 -19033100.820641313 0.15283423144692773 25.307898476321206 1.2858657505740694 1833.6700732948971 -0.0059220747489493403 0.06776912606875822 0.094455440456995346 0
668 1 1 131760000 196669222.90784153 25034365.171137813 -18920614.182461627 -0.13346826314882407 25.276313588600249 1.3179624225070785 1833.4108271429395 -0.005789521335464896 0.069488518711062847 0.096429838628060038 0
669 1 1 131846400 196645362.78235888 27216767.891822901 -18805361.985298466 -0.41866272068120319 25.241778478437833 1.3498830081649702 1833.1458579021744 -0.005652056317361734 0.071217170052521039 0.098399522165904127 0
670 1 1 131932800 196596910.60961494 29396060.310377318 -18687359.524015024 -0.70272455789643706 25.204320383916034 1.3816256291423001 1832.8751624349454 -0.0055091813727810406 0.072953495990528139 0.10036315481954527 0
671 1 1 132019200 196523965.29338586 31571991.053340569 -18566622.256599594 -0.98562965208202213 25.163966423365867 1.4131883877747222 1832.5987419866326 -0.0053603905760504604 0.074695938760672112 0.10231942218690047 0
672 1 1 132105600 196426627.80211836 33744311.084965914 -18443165.805835567 -1.2673543309721576 25.120743591604498 1.4445693670065314 1832.3166021121372 -0.0052051693344266998 0.076442967714146104 0.10426703186709271 0
673 1 1 132192000 196305001.13044459 35912773.696399517 -18317005.96098141 -1.547875362730156 25.07467875654299 1.4757666302889252 1832.0287526005754 -0.0050429940823165324 0.078193080672024046 0.10620471343748869 0
674 1 1 132278400 196159190.26155826 38077134.494582444 -18188158.679458216 -1.8271699460250268 25.025798656155306 1.506778221508986 1831.7352073980428 -0.0048733316322615364 0.079944804715635448 0.1081312185876135 0
675 1 1 132364800 195989302.13044474 40237151.39090544 -18056640.088541839 -2.1052157002002696 24.974129895791716 1.537602164951045 1831.4359845284976 -0.0046956386494005995 0.081696697275149194 0.11004532115134878 0
676 1 1 132451200 195795445.58795488 42392584.589646123 -17922466.487057202 -2.3819906555587815 24.919698945820262 1.5682364652909289 1831.1311060128376 -0.0045093616694600941 0.083447346668743247 0.11194581724680831 0
677 1 1 132537600 195577731.36571398 44543196.57621631 -17785654.347071603 -2.6574732437773689 24.862532139595555 1.5986791076176208 1830.8205977860298 -0.0043139368912521363 0.085195373495440069 0.11383152511974017 0
678 1 1 132624000 195336272.04185167 46688752.105247825 -17646220.315585021 -2.9316422884443276 24.802655671739721 1.6289280574862746 1830.5044896122656 -0.0041087898599625611 0.08693943096474023 0.11570128543104173 0
679 1 1 132710400 195071182.00754526 48829018.18854218 -17504181.216214132 -3.2044769957479113 24.740095596716682 1.6589812610110632 1830.1828149979822 -0.0038933360678092489 0.088678205967446896 0.11755396136566826 0
680 1 1 132796800 194782577.43435922 50963764.082910016 -17359554.050867248 -3.4759569453127432 24.674877827702357 1.6888366449750427 1829.855611103236 -0.0036669804699052226 0.090410419796157382 0.11938843816618651 0
681 1 1 132883200 194470576.24237061 53092761.277925037 -17212356.001408651 -3.7460620812002534 24.607028135730289 1.7184921169794962 1829.5229186508323 -0.0034291185267457144 0.092134828843909083 0.12120362399903704 0
682 1 1 132969600 194135298.06906432 55215783.483615577 -17062604.431307778 -4.0147727030792382 24.536572149105794 1.7479455656295204 1829.1847818332094 -0.0031791358460351352 0.093850225383944039 0.12299844939685833 0
683 1 1 133056000 193776864.23898417 57332606.618117161 -16910316.887271941 -4.2820694575672551 24.463535353079642 1.7771948607424746 1828.8412482175511 -0.0029164091754612146 0.095555438264439713 0.12477186767734441 0
684 1 1 133142400 193395397.73412374 59443008.795307145 -16755511.100858985 -4.5479333297568347 24.387943089765059 1.8062378535970165 1828.4923686485974 -0.0026403064322616096 0.09724933343884562 0.1265228549681251 0
685 1 1 133228800 192991023.16504177 61546770.312442601 -16598204.990067361 -4.8123456349203293 24.309820558293495 1.8350723772074922 1828.1381971495696 -0.0023501874827177491 0.098930814782020024 0.12825041014128358 0
686 1 1 133315200 192563866.74268532 63643673.637821697 -16438416.660901174 -5.0752880104242788 24.229192815192587 1.8636962466323281 1827.7787908210507 -0.0020454051486072313 0.10059882436335589 0.12995355514007687 0
687 1 1 133401600 192114056.25090376 65733503.398486748 -16276164.408906717 -5.3367424078344188 24.14608477498308 1.8921072593225279 1827.4142097374142 -0.0017253053074539671 0.10225234343288572 0.13163133513643191 0
688 1 1 133488000 191641721.01963541 67816046.367988169 -16111466.720677681 -5.5966910852119849 24.060521210981385 1.920303195499216 1827.0445168413157 -0.0013892278769987551 0.10389039251614104 0.1332828184736701 0
689 1 1 133574400 191146991.89875239 69891091.454226017 -15944342.275326539 -5.8551165996269798 23.972526756294876 1.9482818185575845 1826.669777836408 -0.0010365077898930961 0.10551203224482687 0.13490709674036513 0
690 1 1 133660800 190630001.23254099 71958429.687385857 -15774809.94591953 -6.1120017998836902 23.882125905005203 1.9760408755091217 1826.2900610777215 -0.00066647580556821069 0.10711636354456719 0.13650328514005303 0
691 1 1 133747200 190090882.83480316 74017854.207984179 -15602888.800871829 -6.3673298194489512 23.789343013526608 2.0035780974586301 1825.9054374599416 -0.00027845912586263363 0.10870252828391606 0.13807052247183391 0
692 1 1 133833600 189529771.96455988 76069160.255038545 -15428598.105300086 -6.6210840695924809 23.694202302122129 2.0308912001135631 1825.5159803038948 0.00012821745881484337 0.11026970916124607 0.13960797139907616 0
693 1 1 133920000 188946805.30233678 78112145.154375359 -15251957.322329819 -6.8732482327552464 23.596727856588988 2.0579778843191345 1825.1217652409005 0.00055423040226961048 0.11181713096775932 0.14111481822801869 0
694 1 1 134006400 188342120.9270139 80146608.307090551 -15072986.114355126 -7.123806256129166 23.496943630082736 2.0848358366314237 1824.7228700951639 0.0010002568186270142 0.11334405969533477 0.1425902736102336 0
695 1 1 134092800 187715858.29322082 82172351.178172216 -14891704.34424708 -7.3727423454494962 23.394873445072939 2.1114627299260604 1824.3193747642542 0.0014669732545320336 0.11484980379537202 0.14403357223561619 0
696 1 1 134179200 187068158.20925879 84189177.285299316 -14708132.076508841 -7.6200409590177989 23.290540995438423 2.1378562240252119 1823.9113610978318 0.0019550544764455123 0.11633371377257788 0.14544397296865411 0
697 1 1 134265600 186399162.81552878 86196892.18782559 -14522289.578374999 -7.86568680193907 23.183969848667761 2.164013966364184 1823.4989127745762 0.0024651727649679035 0.11779518253999159 0.14682075927972646 0
698 1 1 134352000 185709015.5634495 88195303.47595872 -14334197.320851628 -8.1096648205747943 23.075183448173568 2.1899335926946102 1823.0821151769806 0.0029979966123756365 0.11923364551014028 0.14816323929489211 0
699 1 1 134438400 184997861.1948441 90184220.760143846 -14143875.979694625 -8.3519601972249742 22.964205115714392 2.2156127278075046 1822.6610552645411 0.0035541895423806462 0.12064858095742126 0.14947074564180382 0
700 1 1 134524800 184265845.72177684 92163455.660660565 -13951346.436324695 -8.5925583450220753 22.85105805389594 2.2410489862796941 1822.2358214458375 0.0041344093275286981 0.12203950935778113 0.15074263565438389 0
701 1 1 134611200 183513116.40682217 94132821.797438756 -13756629.778676024 -8.8314449030444173 22.735765348755521 2.2662399732660297 1821.8065034483361 0.0047393065138986671 0.12340599409012885 0.15197829199860455 0
702 1 1 134697600 182739821.74374604 96092134.780102134 -13559747.301975084 -9.0686057316525677 22.61834997242881 2.2911832853141023 1821.373192186629 0.0053695234675565674 0.12474764094257243 0.15317712208520015 0
703 1 1 134784000 181946111.43858078 98041212.198243991 -13360720.509448785 -9.3040269080353131 22.498834785873754 2.3158765111930752 1820.9359796298825 0.0060256933046023949 0.12606409818146622 0.1543385584144234 0
704 1 1 134870400 181132136.39107633 99979873.611941785 -13159571.112959284 -9.5376947219660053 22.377242541656315 2.3403172327616377 1820.4949586673006 0.0067084388512622679 0.12735505636826472 0.15546205885635356 0
705 1 1 134956800 180298048.67650828 101907940.54251391 -12956321.033562576 -9.7695956717764432 22.253595886782836 2.3645030258613975 1820.0502229723575 0.0074183712442281238 0.12862024811798453 0.1565471065603026 0
706 1 1 135043200 179444001.52782446 103825236.46352327 -12750992.401989153 -9.9997164605459439 22.127917365575236 2.388431461227845 1819.6018668660099 0.0081560889230675553 0.12985944795346821 0.15759320996101356 0
707 1 1 135129600 178570149.31811249 105731586.79203071 -12543607.559044903 -10.228043992484636 22.000229422576201 2.4121001054283764 1819.1499851787439 0.0089221768781803396 0.13107247181617346 0.15859990303287566 0
708 1 1 135216000 177676647.54337102 107626818.88010076 -12334189.055929614 -10.454565369522475 21.870554405485965 2.4355065218293954 1818.6946731111834 0.0097172051670489021 0.13225917712359722 0.15956674536228244 0
709 1 1 135302400 176763652.80556613 109510762.0065618 -12122759.654471377 -10.679267888112403 21.738914568112428 2.4586482715716897 1818.2360260944217 0.010541727796687024 0.13341946184047679 0.16049332171831943 0
710 1 1 135388800 175831322.79595619 111383247.36902173 -11909342.327275988 -10.90213903621996 21.605332073334498 2.4815229145724542 1817.7741396492384 0.011396282095508596 0.13455326468074891 0.16137924275957963 0
711 1 1 135475200 174879816.27866787 113244108.07614005 -11693960.257788207 -11.123166490509103 21.469828996072938 2.5041280105538863 1817.3091092442562 0.012281387205933339 0.13566056413165539 0.16222414462679247 0
712 1 1 135561600 173909293.07450733 115093179.14015618 -11476636.840263925 -11.342338113723992 21.33242732625304 2.5264611200825304 1816.8410301539709 0.01319754336297755 0.1367413782739984 0.16302768911119236 0
713 1 1 135648000 172919914.04498932 116930297.46967393 -11257395.679651652 -11.559641952253072 21.193148971760007 2.5485198056234646 1816.36999731633 0.014145230761867375 0.13779576397926308 0.16378956341455059 0
714 1 1 135734400 171911841.07656893 118755301.86269994 -11036260.591382001 -11.775066233878432 21.052015761382421 2.5703016326259358 1815.896105189343 0.015124908651129615 0.13882381672265245 0.16450948086511824 0
715 1 1 135820800 170885237.06505966 120568032.99993697 -10813255.601062723 -11.988599365706524 20.909049447736873 2.5918041706051826 1815.4194476080836 0.016137014230830343 0.13982566965057458 0.16518717952711509 0
716 1 1 135907200 169840265.90022302 122368333.43832703 -10588404.944080388 -12.200229932274615 20.764271710152826 2.6130249942466128 1814.9401176417093 0.017181961851315961 0.14080149281555246 0.16582242378403733 0
717 1 1 135993600 168777092.45051426 124156047.60484315 -10361733.065104872 -12.409946693825644 20.617704157531037 2.6339616845252571 1814.4582074502773 0.018260142073350281 0.14175149282728983 0.16641500275652729 0
718 1 1 136080000 167695882.54796991 125931021.79052691 -10133264.617497828 -12.617738584747109 20.469368331170518 2.6546118298323198 1813.9738081417518 0.019371920907859712 0.1426759120314012 0.16696473162764178 0
719 1 1 136166400 166596802.97322315 127693104.14476758 -9903024.4626220483 -12.823594712176069 20.319285707537961 2.6749730271225145 1813.4870096294785 0.020517638693486859 0.14357502738959732 0.16747145048544085 0
720 1 1 136252800 165480021.44063285 129442144.6698187 -9671037.6690527089 -13.027504354765256 20.167477700994407 2.6950428830509319 1812.9979004907905 0.021697609416484465 0.14444915025685195 0.16793502466319468 0
721 1 1 136339200 164345706.58351237 131177995.21554826 -9437329.5116890464 -13.229456961593097 20.013965666472462 2.7148190151372766 1812.5065678255335 0.022912120080139674 0.14529862513376401 0.16835534482140094 0
722 1 1 136425600 163194027.9394469 132900509.47441706 -9201925.4707654286 -13.429442151220577 19.858770902080121 2.7342990529257025 1812.0130971164031 0.024161429809117702 0.14612382873907631 0.16873232627260271 0
723 1 1 136512000 162025155.93568528 134609542.97667953 -8964851.2307624035 -13.627449710899736 19.701914651648366 2.7534806391473521 1811.5175720903974 0.025445768950153769 0.1469251694310742 0.16906590931543561 0
724 1 1 136598400 160839261.87459472 136304953.08580217 -8726132.679216234 -13.823469595913341 19.54341810721753 2.7723614309055242 1811.0200745808213 0.026765338762488596 0.14770308620558947 0.16935605922949928 0
725 1 1 136684800 159636517.91916636 137986598.99409309 -8485795.9054262899 -14.017491929043906 19.383302411440145 2.7909391008473285 1810.5206843918331 0.028120310491858907 0.14845804744528951 0.16960276540305255 0
726 1 1 136771200 158417097.07856187 139654341.71853632 -8243867.199061784 -14.209507000173039 19.221588659910562 2.8092113383314081 1810.0194791650108 0.029510824901102798 0.14919055032150619 0.1698060416616913 0
727 1 1 136857600 157181173.19368911 141308044.09682351 -8000373.048666751 -14.399505266002855 19.05829790341609 2.8271758506132905 1809.5165342474252 0.030936991515363554 0.14990111945729256 0.16996592615396883 0
728 1 1 136944000 155928920.92279643 142947570.78357705 -7755340.1400628155 -14.587477349892344 18.893451150101569 2.8448303640210164 1809.0119225625176 0.032398888299749851 0.15059030612808644 0.17008248078886917 0
729 1 1 137030400 154660515.7270768 144572788.2467559 -7508795.354650707 -14.773414041801114 18.727069367546509 2.8621726251290993 1808.5057144836439 0.033896561037274515 0.15125868696184286 0.17015579135997866 0
730 1 1 137116800 153376133.85627192 146183564.76423752 -7260765.7676103776 -14.957306298343436 18.55917348475818 2.8792004019250745 1807.9979777105812 0.035430022804536228 0.15190686329602757 0.17018596684188528 0
731 1 1 137203200 152075952.33426741 147779770.42056787 -7011278.6460006135 -15.139145242941209 18.389784394061831 2.895911484979238 1807.4887771493366 0.036999253637313809 0.15253545932415954 0.17017313988011079 0
732 1 1 137289600 150760148.94467109 149361277.10387003 -6760361.4467573306 -15.318922166060259 18.218922952901057 2.912303688607095 1806.9781747953375 0.038604200401669779 0.15314512190959748 0.17011746572638384 0
733 1 1 137376000 149428902.21636602 150927958.50290492 -6508041.8145928262 -15.496628525549179 18.046609985537923 2.9283748520084716 1806.4662296212246 0.040244775707618967 0.15373651845256286 0.17001912224559435 0
734 1 1 137462400 148082391.4090316 152479690.10427415 -6254347.5797959194 -15.672255947059808 17.87286628464517 2.944122840424793 1805.9529974682123 0.041920858378136798 0.15431033649037715 0.16987831021553343 0
735 1 1 137548800 146720796.49862453 154016349.18975604 -5999306.7559327418 -15.845796224532515 17.697712612809529 2.9595455462660429 1805.4385309422066 0.043632292820580551 0.15486728223677867 0.16969525176589481 0
736 1 1 137635200 145344298.1628148 155537814.83376691 -5742947.537451474 -16.017241320766491 17.521169703919604 2.9746408902291019 1804.9228793152063 0.045378888714944055 0.15540807932174036 0.1694701914007595 0
737 1 1 137721600 143953077.76636907 157043967.90093774 -5485298.2971894117 -16.186583368053693 17.343258264443485 2.9894068224219699 1804.4060884315106 0.047160420975942675 0.15593346752916165 0.16920339492623221 0
738 1 1 137808000 142547317.34647757 158534691.04379651 -5226387.5837848475 -16.353814668868903 17.163998974606169 3.0038413234490751 1803.8882006201607 0.048976629607344821 0.15644420191650252 0.16889514900420274 0
739 1 1 137894400 141127199.59801778 160009868.70054793 -4966244.1189954905 -16.518927696617585 16.983412489454874 3.0179424054922279 1803.3692546131936 0.050827219492384126 0.15694105116954421 0.16854576121484535 0
740 1 1 137980800 139692907.85875204 161469387.09293935 -4704896.7949239248 -16.68191509643918 16.801519439807986 3.0317081133761055 1802.8492854705451 0.052711860214093749 0.1574247965904608 0.16815555931756271 0
741 1 1 138067200 138244626.09445375 162913134.22420496 -4442374.6711518737 -16.842769686048513 16.618340433095334 3.0451365256198959 1802.3283245115135 0.054630186339700543 0.15789623072612444 0.16772489136704569 0
742 1 1 138153600 136782538.8839587 164340999.8770771 -4178706.9717839351 -17.001484456615074 16.433896054084943 3.0582257554736629 1801.80639925335 0.056581797136735439 0.15835615622571039 0.16725412489711522 0
743 1 1 138240000 135306831.40413979 165752875.61185569 -3913923.0824034717 -17.158052573683616 16.24820686549867 3.0709739519178001 1801.2835333580294 0.05856625662116486 0.15880538452907256 0.16674364636108649 0
744 1 1 138326400 133817689.4147992 167148654.76452553 -3648052.5469425772 -17.312467378123539 16.061293408506376 3.0833793006589159 1800.7597465866852 0.060583093596898618 0.15924473439118172 0.16619386144106205 0
745 1 1 138412800 132315299.24347946 168528232.44491148 -3381125.0644663549 -17.464722387102018 15.873176203108455 3.0954400251065417 1800.23505476226 0.06263180179756396 0.1596750309128635 0.16560519397916135 0
746 1 1 138499200 130799847.77018823 169891505.53486261 -3113170.4858748484 -17.614811295068879 15.683875748409648 3.1071543873077974 1799.7094697412515 0.064711840208959107 0.16009710415601694 0.16497808555152707 0
747 1 1 138585600 129271522.41203789 171238372.6864537 -2844218.810524479 -17.762727974765642 15.493412522774202 3.1185206888819961 1799.1829993940401 0.066822632700312148 0.16051178781618305 0.16431299578839675 0
748 1 1 138672000 127730511.10779703 172568734.32019567 -2574300.1827695258 -17.908466478241728 15.301806983856871 3.1295372719214756 1798.6556475952277 0.068963568810307463 0.1609199176557406 0.16361040086040543 0
749 1 1 138758400 126177002.30235459 173882492.62324387 -2303444.8884279211 -18.052021037872404 15.109079568531465 3.1402025198580761 1798.1274142236202 0.071134003471363505 0.16132233089679707 0.1628707937835403 0
750 1 1 138844800 124611184.93109512 175179551.54759586 -2031683.3511721441 -18.19338606738259 14.915250692705976 3.1505148583225835 1797.598295171724 0.073333257573515526 0.16171986428485802 0.16209468381869455 0
751 1 1 138931200 123033248.40418687 176459816.80826727 -1759046.1288475783 -18.332556162862744 14.72034075101995 3.1604727559627137 1797.0682823661284 0.075560618034437699 0.16211335328610732 0.16128259566778716 0
752 1 1 139017600 121443382.59078081 177723195.8814376 -1485563.9097215573 -18.469526103782162 14.524370116427031 3.1700747252358119 1796.5373637985401 0.077815338123044059 0.16250363024117423 0.1604350694093391 0
753 1 1 139104000 119841777.80312397 178969598.00255352 -1211267.5086645156 -18.604290853983212 14.327359139673687 3.1793193231836008 1796.0055235669581 0.080096637974873666 0.16289152390310219 0.15955265998373272 0
754 1 1 139190400 118228624.78058721 180198934.16438499 -936187.86326544906 -18.736845562663259 14.129328148661344 3.1882051521790444 1795.4727419280364 0.082403704619607498 0.16327785715231891 0.15863593676828863 0
755 1 1 139276800 116604114.67360862 181411117.11501917 -660356.02988459088 -18.867185565335571 13.930297447702651 3.1967308606269418 1794.9389953609273 0.084735692692022829 0.16366344686923853 0.1576854824651199 0
756 1 1 139363200 114968439.02755524 182606061.35578665 -383803.1796469143 -18.995306384765037 13.730287316681213 3.2048951436468069 1794.4042566415646 0.08709172449824483 0.16404910189043409 0.15670189364339204 0
757 1 1 139449600 113321789.76650512 183783683.13911036 -106560.59437714278 -19.121203731886069 13.529318010083349 3.2126967437274074 1793.8684949289268 0.089470890423418714 0.16443562182469737 0.15568577931700006 0
758 1 1 139536000 111664359.17695057 184943900.46626598 171340.33751966557 -19.244873506682769 13.327409755937827 3.2201344513470596 1793.3316758621247 0.091872249597459779 0.16482379617538886 0.15463776128997153 0
759 1 1 139622400 109996339.89142804 186086633.08504683 449868.12523063138 -19.366311799027656 13.124582754667545 3.2272071055700877 1792.7937616678373 0.094294830361363685 0.16521440324681602 0.1535584730641821 0
760 1 1 139708800 108317924.87207673 187211802.48732492 728991.17975697503 -19.485514889487654 12.920857177817949 3.2339135946016624 1792.2547112798279 0.096737630549262807 0.16560820804069071 0.15244855963692341 0
761 1 1 139795200 106629307.39412886 188319331.90649709 1008677.8181830994 -19.602479250095218 12.716253166691558 3.240252856323079 1791.7144804689005 0.09919961794693169 0.16600596211604893 0.15130867712701113 0
762 1 1 139881600 104930681.02933572 189409146.31481111 1288896.2679904706 -19.717201545068598 12.510790830910436 3.2462238787903721 1791.1730219827289 0.10167973103481126 0.16640840215990188 0.15013949203024418 0
763 1 1 139968000 103222239.62933294 190481172.42056167 1569614.6714129497 -19.829678631496265 12.304490246858277 3.251825700698936 1790.6302856970467 0.10417687892732917 0.16681624820888624 0.14894168093403826 0
764 1 1 140054400 101504177.30894889 191535338.66514853 1850801.0898312316 -19.939907559959813 12.097371456042199 3.2570574118231792 1790.0862187760206 0.10668994289548224 0.16723020346078454 0.14771593009409958 0
765 1 1 140140800 99776688.429462269 192571575.21998927 2132423.5082039833 -20.047885575103834 11.889454463369908 3.2619181534255639 1789.5407658419599 0.10921777597029603 0.16765095235211042 0.14646293495395959 0
766 1 1 140227200 98039967.581811935 193589813.98327929 2414449.8395326366 -20.153610116157925 11.680759235336449 3.2664071186245249 1788.9938691545899 0.11175920421054124 0.16807916011975862 0.14518339938701186 0
767 1 1 140313600 96294209.569764182 194589988.576592 2696847.9293567031 -20.257078817407237 11.471305698134483 3.2705235527407588 1788.4454687984946 0.11431302639051587 0.16851547126868152 0.14387803586529793 0
768 1 1 140400000 94539609.393041745 195572034.34131214 2979585.5602780473 -20.35828950859322 11.261113735680041 3.2742667536102608 1787.8955028784712 0.1168780158586854 0.16896050882807812 0.14254756434600505 0
769 1 1 140486400 92776362.230422005 196535888.33489498 3262630.4565103892 -20.457240215247101 11.050203187562351 3.2776360718674105 1787.3439077220203 0.11945292007976671 0.16941487304683803 0.14119271254073959 0
770 1 1 140572800 91004663.422807768 197481489.32694513 3545950.2884525824 -20.553929158974402 10.838593846924088 3.2806309112004715 1786.790618088563 0.12203646184044049 0.16987914081150002 0.13981421486885576 0
771 1 1 140659200 89224708.456276909 198408777.79510954 3829512.6772818817 -20.648354757663881 10.626305458269615 3.2832507285674541 1786.235567384681 0.12462733962428341 0.17035386420577989 0.13841281235287542 0
772 1 1 140745600 87436692.945116997 199317695.9207783 4113285.1995651582 -20.740515625628401 10.413357715206422 3.2854950343925879 1785.6786878842336 0.12722422857335605 0.17083957002836683 0.13698925221568545 0
773 1 1 140832000 85640812.614850655 200208187.58458677 4397235.391885425 -20.830410573674875 10.199770258120134 3.2873633927215922 1785.1199109532458 0.12982578088973326 0.1713367583273577 0.13554428710780356 0
774 1 1 140918400 83837263.285257801 201080198.36171505 4681330.7554806983 -20.918038609109121 9.9855626717942965 3.2888554213616441 1784.5591672780533 0.1324306265974608 0.17184590224184862 0.13407867552432601 0
775 1 1 141004800 82026240.853401005 201933675.5169791 4965538.7608940396 -21.003398935655696 9.7707544829795907 3.2899707919842394 1783.996387096018 0.13503737458230045 0.17236744659501702 0.13259318032526496 0
776 1 1 141091200 80207941.276660979 202768567.99970958 5249826.8526302995 -21.086490953303404 9.5553651578899821 3.2907092301952265 1783.4315004289622 0.1376446129863747 0.17290180696347476 0.13108856928441651 0
777 1 1 141177600 78382560.55578889 203584826.4384113 5534162.4538186984 -21.167314258074779 9.3394140996673176 3.2910705155855413 1782.86443731703 0.14025091025806044 0.17344936956960175 0.12956561405627862 0
778 1 1 141264000 76550294.717981592 204382403.13520312 5818512.9708777992 -21.245868641718186 9.1229206457995939 3.2910544817451837 1782.2951280531638 0.14285481559572491 0.17401048982081369 0.1280250901790892 0
779 1 1 141350400 74711339.799987569 205161252.06003177 6102845.7981811119 -21.322154091313649 8.9059040654830088 3.2906610162603842 1781.7235034171752 0.14545486029957591 0.174585491822178 0.1264677766579349 0
780 1 1 141436800 72865891.83125028 205921328.84465706 6387128.3227209486 -21.396170788785568 8.688383556968196 3.28989006067426 1781.1494949078151 0.14804955839702125 0.17517466813616453 0.12489445531221995 0
781 1 1 141523200 71014146.817097381 206662590.77640527 6671327.9287672732 -21.467919110352963 8.4703782448456497 3.2887416104111686 1780.5730349743551 0.15063740698748307 0.17577827781451508 0.12330591039664179 0
782 1 1 141609600 69156300.721980408 207384996.79168656 6955412.0025195377 -21.537399625881498 8.2519071773149459 3.2872157146994927 1779.9940572441055 0.15321688805844674 0.17639654753596345 0.12170292908432405 0
783 1 1 141696000 67292549.452775761 208088507.46927693 7239347.9367510593 -21.604613098133747 8.0329893234318241 3.2853124764567028 1779.4124967461826 0.15578646896175649 0.17702966940638123 0.12008629986138571 0
784 1 1 141782400 65423088.842153467 208773085.02335906 7523103.1354406904 -21.669560481944899 7.8136435703175202 3.2830320521261855 1778.8282901323869 0.15834460332472591 0.17767780150793003 0.11845681268046361 0
785 1 1 141868800 63548114.632020913 209438693.29632261 7806645.0183908157 -21.732242923300987 7.5938887203555039 3.2803746515247201 1778.2413758921321 0.16088973224664846 0.1783410664691423 0.11681525926196225 0
786 1 1 141955200 61667822.457050756 210085297.75132117 8089941.0258307466 -21.792661758329395 7.3737434883768636 3.2773405376388332 1777.6516945625006 0.16342028495376568 0.17901955200899319 0.11516243124913114 0
787 1 1 142041600 59782407.828299679 210712865.4645856 8372958.6230002856 -21.850818512184571 7.1532264988248739 3.2739300263945554 1777.0591889323518 0.16593468053937155 0.17971330911660763 0.11349912128136345 0
788 1 1 142128000 57892066.116928339 211321365.1174911 8655665.3047140986 -21.906714897844683 6.9323562829083816 3.2701434864247374 1776.4638042397839 0.16843132813103237 0.18042235288352923 0.11182612194748115 0
789 1 1 142214400 55996992.53802824 211910766.98837987 8938028.5999037325 -21.960352814810459 6.7111512757670981 3.2659813387913115 1775.8654883625882 0.17090862891944389 0.18114666137611621 0.11014422544627966 0
790 1 1 142300800 54097382.134566702 212481042.94413719 9220016.0761346072 -22.011734347701641 6.4896298136221668 3.261444056682071 1775.264192001709 0.17336497649810043 0.18188617554528166 0.10845422314088886 0
791 1 1 142387200 52193429.761456214 213032166.43152255 9501595.3440958746 -22.06086176475706 6.2678101309321983 3.2565321650895638 1774.6598688569386 0.1757987587195175 0.1826407986751854 0.10675690550712245 0
792 1 1 142473600 50285330.069758587 213564112.46825361 9782734.0620617699 -22.107737516230575 6.0457103575557429 3.2512462404668412 1774.0524757945439 0.17820835828897294 0.18341039630244763 0.10505306148761555 0
793 1 1 142560000 48373277.491031282 214076857.63384819 10063399.940321654 -22.152364232692868 5.8233485159269023 3.2455869103500414 1773.4419730069906 0.18059215434436696 0.18419479583871365 0.1033434781048916 0
794 1 1 142646400 46457466.221825711 214570380.06021997 10343560.745576691 -22.194744723219614 5.6007425182472392 3.2395548529655258 1772.8283241637287 0.18294852369332329 0.18499378651741361 0.10162894037525932 0
795 1 1 142732800 44538090.208346143 215044659.42203438 10623184.305301627 -22.23488197348118 5.3779101636873401 3.2331507968088875 1772.2114965538753 0.18527584193882643 0.18580711874585268 0.099910230513109904 0
796 1 1 142819200 42615343.131278135 215499676.92682177 10902238.51206887 -22.272779143728123 5.1548691356112588 3.2263755202001847 1771.5914612201914 0.18757248491085826 0.18663450445608501 0.098188127952572452 0
797 1 1 142905600 40689418.390795723 215935415.30485377 11180691.327833282 -22.308439566670412 4.9316369988359634 3.2192298508125274 1770.9681930840179 0.18983682990381007 0.18747561681961183 0.096463408461999953 0
798 1 1 142992000 38760509.091756396 216351858.79878339 11458510.788175017 -22.341866745247088 4.7082311969184092 3.2117146651802631 1770.3416710613114 0.19206725723473719 0.18833009028138231 0.094736844354569388 0
799 1 1 143078400 36828808.029093437 216748993.15305138 11735665.006499182 -22.373064350296243 4.4846690494645545 3.2038308881813302 1769.7118781704326 0.19426215118695056 0.18919752003466081 0.093009203422466755 0
800 1 1 143164800 34894507.673413821 217126805.60306209 12012122.178189257 -22.402036218115501 4.2609677494817308 3.1955794924965026 1769.0788016309014 0.19641990192247372 0.19007746272724058 0.091281249226913538 0
801 1 1 143251200 32957800.156812016 217485284.86413309 12287850.58471348 -22.428786347911242 4.0371443607762645 3.1869614980502492 1768.4424329531016 0.19853890652897535 0.19096943595868096 0.089553740158662506 0
802 1 1 143337600 31018877.258908629 217824421.12022057 12562818.597681159 -22.453318899142236 3.8132158153854854 3.1779779714170315 1767.8027680198829 0.20061757075038705 0.19187291859057623 0.087827429206989729 0
803 1 1 143424000 29077930.393123031 218144206.01242569 12836994.682847179 -22.475638188763565 3.5891989110649423 3.1686300252153887 1767.1598071595388 0.20265430988962632 0.19278735087888665 0.086103063719377856 0
804 1 1 143510400 27135150.593188763 218444632.62728626 13110347.404063025 -22.495748688353139 3.3651103088292493 3.1589188174724137 1766.5135552101433 0.20464755116823927 0.19371213469641746 0.08438138462883725 0
805 1 1 143596800 25190728.499922536 218725695.48485699 13382845.427171895 -22.513655021126763 3.1409665305411583 3.1488455509721724 1765.8640215756766 0.20659573444473037 0.19464663343073485 0.08266312661220844 0
806 1 1 143683200 23244854.348254755 218987390.52658576 13654457.523846814 -22.529361958860829 2.9167839565567495 3.1384114725770726 1765.2112202747201 0.20849731399862279 0.19559017245754085 0.080949016943308513 0
807 1 1 143769600 21297717.954531301 219229715.10298762 13925152.575368337 -22.542874418694215 2.6925788234498143 3.1276178725178445 1764.5551699804791 0.21035076018348292 0.19654203973325135 0.079239775528203063 0
808 1 1 143856000 19349508.70409593 219452667.96112573 14194899.576340867 -22.554197459831908 2.4683672217824357 3.1164660836809999 1763.8958940537545 0.21215456055001711 0.19750148518778129 0.077536114690493763 0
809 1 1 143942400 17400415.539162003 219656249.23190266 14463667.638346428 -22.563336280138699 2.2441650939588209 3.1049574808683906 1763.2334205680097 0.2139072218923882 0.19846772245836172 0.07583873834065788 0
810 1 1 144028800 15450626.946983432 219840460.4171693 14731425.993532611 -22.570296212625774 2.01998823215113 3.0930934800148471 1762.5677823274234 0.21560727132300248 0.19943992790542317 0.074148341309141955 0
811 1 1 144115200 13500330.948333386 220005304.37665778 14998143.998132607 -22.575082721834089 1.7958522762928348 3.0808755374104395 1761.899016877916 0.21725325823472158 0.20041724217742907 0.072465610026030094 0
812 1 1 144201600 11549715.086300403 220150785.31474447 15263791.135917708 -22.577701400108992 1.5717727121691443 3.0683051488939759 1761.2271665108065 0.21884375556034533 0.20139877013952112 0.070791220789407 0
813 1 1 144288000 9598966.4154102933 220276908.76705214 15528337.021578085 -22.578157963783102 1.3477648695793885 3.05538384902145 1760.5522782606361 0.2203773612392117 0.20238358160855172 0.069125840504591266 0
814 1 1 144374400 7648271.4910825584 220383681.5868963 15791751.404031822 -22.576458249245302 1.1238439205858615 3.0421132102158293 1759.8744038962295 0.22185270023555295 0.20337071171833218 0.067470125169083586 0
815 1 1 144460800 5697816.3594311057 220471111.93158448 16054004.169658734 -22.572608208909486 0.90002487786474983 3.0284948418967392 1759.1935999052853 0.2232684256006176 0.2043591621557245 0.065824720566591124 0
816 1 1 144547200 3747786.5474172011 220539209.24857768 16315065.345458951 -22.566613907086321 0.67632259314660437 3.0145303895899538 1758.5099274732318 0.22462322038662053 0.20534790109446097 0.064190260733418103 0
817 1 1 144633600 1798367.0533633928 220587984.26152036 16574905.102132833 -22.558481515763283 0.45275175575415527 3.0002215340143117 1757.8234524566053 0.22591579860691896 0.20633586465387244 0.062567368607242893 0
818 1 1 144720000 -150257.66216364235 220617448.95614949 16833493.757082436 -22.548217310270331 0.2293268912486342 2.9855699901680075 1757.1342453499335 0.22714490792447303 0.20732195716276655 0.06095665514485777 0
819 1 1 144806400 -2097903.6850909237 220627616.56609029 17090801.777332176 -22.535827664854992 0.006062360169809447 2.97057750636966 1756.4423812480054 0.22830932984557947 0.20830505215349981 0.059358718540401451 0
820 1 1 144892800 -4044387.6561920759 220618501.55854821 17346799.782365736 -22.521319048178981 -0.21702764309935071 2.9552458632920029 1755.7479398028941 0.22940788205571422 0.20928399358646749 0.057774144562607391 0
821 1 1 144979200 -5989526.7790458901 220590119.61990827 17601458.54687985 -22.504698018701966 -0.4399290913623784 2.9395768729915712 1755.0510051754065 0.23043941975840029 0.21025759621222612 0.0562035058834051 0
822 1 1 145065600 -7933138.8275925517 220542487.64124894 17854749.003452461 -22.485971219984339 -0.66262812553291739 2.9235723778982776 1754.3516659824988 0.23140283705927214 0.21122464680506089 0.054647361232569171 0
823 1 1 145152000 -9875042.1532800309 220475623.70378244 18106642.245122854 -22.465145375893794 -0.88511105541925783 2.907234249797189 1753.6500152391382 0.23229706876681006 0.21218390557697864 0.053106255762492699 0
824 1 1 145238400 -11815055.691792585 220389547.06423318 18357109.527883895 -22.442227285734752 -1.1073643603964658 2.8905643888029289 1752.9461502962192 0.2331210912262596 0.21313410655019133 0.05158072024742158 0
825 1 1 145324800 -13752998.969354972 220284278.14016178 18606122.273084521 -22.417223819283453 -1.3293746899527759 2.8735647223116332 1752.2401727739027 0.23387392470072835 0.21407395936771037 0.050071270921916218 0
826 1 1 145411200 -15688692.10860344 220159838.49524915 18853652.069740877 -22.390141911741047 -1.5511288640978234 2.8562372039327695 1751.5321884905632 0.23455463383629574 0.2150021500556632 0.048578408732891959 0
827 1 1 145497600 -17621955.8340181 220016250.82455015 19099670.676754382 -22.360988558614117 -1.7726138736490973 2.8385838124063656 1750.8223073882716 0.23516232976782211 0.21591734231174101 0.04710261939603641 0
828 1 1 145584000 -19552611.476908706 219853538.93972814 19344150.025036283 -22.329770810507053 -1.9938168803733041 2.8206065505188063 1750.1106434536848 0.23569617111244312 0.21681817899635625 0.045644373057589623 0
829 1 1 145670400 -21480480.97994785 219671727.7542848 19587062.219537478 -22.296495767845563 -2.2147252169885956 2.802307443992357 1749.3973146354699 0.23615536551208524 0.21770328323778149 0.044204123544392168 0
830 1 1 145756800 -23405386.901244566 219470843.26879367 19828379.541181765 -22.261170575518705 -2.4353263870260684 2.7836885403648863 1748.6824427578304 0.23653917103871577 0.21857125995883148 0.042782308535733053 0
831 1 1 145843200 -25327152.417952038 219250912.55615458 20068074.448702086 -22.223802417454674 -2.6556080645401563 2.7647519078595506 1747.966153430458 0.23684689727265398 0.21942069730273361 0.041379348818734951 0
832 1 1 145929600 -27245601.329404 219011963.74687716 20306119.58037807 -22.184398511131366 -2.8755580936740524 2.7454996342371407 1747.2485759552933 0.23707790671238768 0.22025016797237698 0.039995648236569682 0
833 1 1 146016000 -29160558.059773669 218754026.01441017 20542487.755674679 -22.142966102015659 -3.0951644880659037 2.7259338256480365 1746.5298432294735 0.23723161607931509 0.22105823108623818 0.038631593459159515 0
834 1 1 146102400 -31071847.660249434 218477129.56052822 20777151.976780616 -22.099512457938939 -3.3144154301062456 2.7060566054610575 1745.8100916452715 0.23730749750710009 0.22184343319660438 0.037287553216013014 0
835 1 1 146188800 -32979295.810722314 218181305.60078892 21010085.430045117 -22.054044863420831 -3.5332992700305925 2.6858701130879359 1745.0894609868994 0.23730507949399982 0.22260431066546921 0.035963878663995273 0
836 1 1 146275200 -34882728.820980355 217866586.35007709 21241261.487313319 -22.006570613928844 -3.751804524841408 2.6653765028059735 1744.3680943237036 0.23722394850461589 0.22333939084384258 0.034660902685610576 0
837 1 1 146361600 -36781973.631404556 217533005.00824788 21470653.707158834 -21.957097010085018 -3.9699198770812827 2.6445779425522229 1743.6461379009459 0.23706374960344392 0.22404719374646392 0.033378939429526348 0
838 1 1 146448000 -38676857.813162312 217180595.74588317 21698235.836012047 -21.905631351828813 -4.1876341734276439 2.6234766127325937 1742.9237410274479 0.23682418779612319 0.22472623418207174 0.032118284983951487 0
839 1 1 146534400 -40567209.567894243 216809393.69017774 21923981.809186019 -21.852180932518522 -4.4049364231108168 2.602074705018548 1742.2010559597702 0.23650502923497171 0.22537502339402982 0.030879216030187673 0
840 1 1 146620800 -42452857.726889364 216419434.91096914 22147865.751796603 -21.79675303300316 -4.6218157961608339 2.5803744211178872 1741.478237784215 0.23610610157604794 0.22599207098896348 0.029661990077208333 0
841 1 1 146707200 -44333631.749746948 216010756.40692636 22369861.979577009 -21.739354915648459 -4.8382616214784999 2.5583779715617139 1740.7554442958583 0.23562729571745747 0.22657588671689066 0.028466845483439286 0
842 1 1 146793600 -46209361.722519629 215583396.09191367 22589944.999587756 -21.679993818323357 -5.0542633847214891 2.5360875744851543 1740.0328358746517 0.23506856600071069 0.22712498271051992 0.027294000978435949 0
843 1 1 146880000 -48079878.355336376 215137392.78154489 22808089.510820206 -21.618676948358623 -5.2698107260035147 2.5135054543912094 1739.3105753590039 0.23442993159959111 0.22763787531704502 0.026143655308897205 0
844 1 1 146966400 -49945012.979501501 214672786.17994401 23024270.404693466 -21.555411476467313 -5.484893437413584 2.4906338409177504 1738.5888279166347 0.23371147705913431 0.22811308712304632 0.025015987420460357 0
845 1 1 147052800 -51804597.544067673 214189616.8667289 23238462.765444975 -21.490204530646647 -5.6995014603360303 2.4674749676088981 1737.867760912764 0.23291335309773942 0.22854914940284504 0.023911156149244609 0
846 1 1 147139200 -53658464.61188069 213687926.28423518 23450641.87041451 -21.423063190056951 -5.9136248825762392 2.4440310706748467 1737.1475437757058 0.23203577729686811 0.22894460398258668 0.022829299871578609 0
847 1 1 147225600 -55506447.35509523 213167756.72499627 23660783.190220859 -21.353994478878434 -6.127253935298218 2.4203043877495749 1736.4283478600396 0.23107903492328763 0.22929800548144441 0.021770536503406639 0
848 1 1 147312000 -57348379.55015824 212629151.31949675 23868862.388831414 -21.283005360155204 -6.3403789897583689 2.396297156657289 1735.7103463071369 0.23004347933601801 0.22960792369087912 0.020734963516205934 0
849 1 1 147398400 -59184095.572260655 212072154.0242168 24074855.323525485 -21.21010272962781 -6.5529905538313056 2.3720116141787968 1734.9937139029732 0.22892953278417125 0.22987294595518595 0.019722657634359014 0
850 1 1 147484800 -61013430.38925574 211496809.6099861 24278738.044750456 -21.135293409564014 -6.7650792683355085 2.3474499948103835 1734.2786269337621 0.22773768653455176 0.23009167929704147 0.018733674594434705 0
851 1 1 147571200 -62836219.555044502 210903163.65066344 24480486.795870945 -21.058584142582902 -6.9766359031486571 2.322614529527621 1733.565263038879 0.22646850185376524 0.23026275311337738 0.0177680492474326 0
852 1 1 147657600 -64652299.202426963 210291262.51216152 24680078.012811471 -20.979981585482388 -7.1876513531114856 2.2975074445542547 1732.8538010613258 0.22512260984321342 0.23038482135244109 0.016825795348115003 0
853 1 1 147744000 -66461506.035421252 209661153.34183478 24877488.323592868 -20.899492303074869 -7.3981166337170281 2.2721309601380311 1732.1444208957355 0.22370071229993521 0.23045656532395831 0.015906905705533204 0
854 1 1 147830400 -68263677.32104966 209012884.05824929 25072694.547763325 -20.817122762029211 -7.6080228765749176 2.2464872893301862 1731.4373033335041 0.22220358162385895 0.2304766961918201 0.015011351846242374 0
855 1 1 147916800 -70058650.880593926 208346503.34135407 25265673.695723753 -20.732879324734171 -7.8173613246637315 2.2205786367650013 1730.7326299058725 0.22063206124746212 0.23044395737455942 0.014139084042113875 0
856 1 1 148003200 -71846265.080320731 207662060.62307203 25456402.967948221 -20.646768243173909 -8.0261233273576789 2.1944071974471551 1730.0305827241662 0.21898706584795363 0.23035712748558484 0.013290031222768844 0
857 1 1 148089600 -73626358.82167913 206959606.07833007 25644859.754099783 -20.558795652833002 -8.2343003352165152 2.1679751555468103 1729.3313443173129 0.21726958125557788 0.23021502309036584 0.01246410102010851 0
858 1 1 148176000 -75398771.530973032 206239190.61655039 25831021.632042747 -20.468967566633765 -8.4418838945570087 2.141284683207402 1728.6350974672207 0.21548066461755969 0.23001650108154093 0.011661179816808273 0
859 1 1 148262400 -77163343.148510411 205500865.8736203 26014866.366752271 -20.377289868896252 -8.6488656417798548 2.1143379393549422 1727.9420250408298 0.21362144464106791 0.22976046225871474 0.01088113242369362 0
860 1 1 148348800 -78919914.117232934 204744684.20436203 26196371.909121014 -20.283768309342737 -8.8552372974610289 2.0871370685158213 1727.2523098197082 0.21169312109807964 0.22944585343728471 0.010123802356079639 0
861 1 1 148435200 -80668325.370829314 203970698.67552438 26375516.394664798 -20.188408497147133 -9.0609906602052703 2.0596841996539337 1726.5661343269949 0.20969696508107571 0.2290716711071808 0.0093890118526972575 0
862 1 1 148521600 -82408418.321336269 203178963.05931485 26552278.142127898 -20.091215895024927 -9.2661176002485561 2.031981445011513 1725.8836806510953 0.20763431868599691 0.22863696396002389 0.0086765616431580001 0
863 1 1 148608000 -84140034.846231133 202369531.82749647 26726635.651988465 -19.992195813379382 -9.4706100528164754 2.0040308989600337 1725.2051302666785 0.205506594815314 0.22814083636608687 0.0079862311463689741 0
864 1 1 148694400 -85863017.275021315 201542460.1460689 26898567.604865439 -19.891353404504297 -9.6744600112235855 1.9758346368643442 1724.5306638524171 0.20331527686166179 0.2275824513627617 0.0073177783532447811 0
865 1 1 148780800 -87577208.375335425 200697803.87055621 27068052.859827787 -19.788693656850054 -9.8776595197212185 1.9473947139623593 1723.8604611057615 0.20106191837001322 0.2269610339367519 0.0066709400964636636 0
866 1 1 148867200 -89282451.338521585 199835619.54192513 27235070.45260768 -19.68422138934946 -10.080200666075827 1.9187131642584767 1723.1947005539687 0.19874814285717637 0.22627587458878329 0.0060454318534777715 0
867 1 1 148953600 -90978589.764758766 198955964.38315523 27399599.593718458 -19.577941245819801 -10.28207557388164 1.8897919994269921 1722.533559361842 0.19637564300340291 0.22552633251666571 0.0054409478836559286 0
868 1 1 149040000 -92665467.647687808 198058896.2964851 27561619.666478477 -19.469857689440197 -10.483276394605895 1.8606332077310199 1721.8772131359706 0.19394618052997029 0.22471183925215338 0.0048571611978462876 0
869 1 1 149126400 -94342929.358568132 197144473.86135793 27721110.224942245 -19.359974997307297 -10.683795299353303 1.8312387529569181 1721.2258357249596 0.19146158535352872 0.22383190230638159 0.0042937236964228059 0
870 1 1 149212800 -96010819.629968598 196212756.33309117 27878050.991740216 -19.248297255080736 -10.883624470343094 1.8016105733659509 1720.5795990156093 0.18892375516337975 0.22288610905741277 0.0037502661674006887 0
871 1 1 149299200 -97668983.538998872 195263803.64229417 28032421.85582852 -19.134828351709359 -11.08275609209872 1.7717505806555689 1719.9386727246297 0.18633465489505863 0.22187413041435827 0.0032263981738207882 0
872 1 1 149385600 -99317266.490089193 194297676.39506063 28184202.870149564 -19.019571974258742 -11.281182342342291 1.7416606589398045 1719.3032241860469 0.18369631571757053 0.22079572499088015 0.0027217083508221654 0
873 1 1 149472000 -100955514.19732791 193314435.87396058 28333374.249205709 -18.902531602838 -11.47889538258514 1.7113426637522429 1718.6734181337588 0.18101083462538051 0.21965074310321178 0.0022357643774034231 0
874 1 1 149558400 -102583572.66636494 192314144.03985885 28479916.366546985 -18.78371050562523 -11.675887348400659 1.6807984210544953 1718.0494164785878 0.17828037351057296 0.21843913143529423 0.0017681127106482478 0
875 1 1 149644800 -104201288.17588966 191296863.53458774 28623809.75217386 -18.663111734002253 -11.872150339378736 1.6500297262630519 1717.4313780799025 0.17550715848380807 0.21716093709737522 0.0013182789504240699 0
876 1 1 149731200 -105808507.25869387 190262657.68450138 28765035.08985699 -18.540738117803301 -12.06767640875657 1.6190383432985882 1716.8194585115425 0.17269347884131586 0.21581631252107147 0.00088576769781650584 0
877 1 1 149817600 -107405076.68232897 189211590.50494152 28903573.214375291 -18.416592260682368 -12.262457552703156 1.5878260036467897 1716.213809821207 0.16984168633398342 0.21440552031205881 0.00047006254057595546 0
878 1 1 149904000 -108990843.42936797 188143726.70564288 29039405.108673438 -18.290676535593132 -12.45648569925506 1.5563944054320222 1715.6145802828094 0.16695419439431403 0.21292893832561582 7.0625921319185923e-05 0
879 1 1 149990400 -110565654.67728217 187059131.69711161 29172511.900940053 -18.162993080395978 -12.649752696881297 1.5247452125075349 1715.0219141412133 0.16403347701279161 0.21138706527442333 -0.00031310076574534297 0
880 1 1 150076800 -112129357.7779441 185957871.59800687 29302874.861607973 -18.033543793599762 -12.8422503026834 1.4928800535634541 1714.4359513494867 0.16108206780009307 0.20978052571202327 -0.00068169728891714172 0
881 1 1 150163200 -113681800.23676845 184840013.24355876 29430475.400278136 -17.902330330228938 -13.033970170203567 1.4608005212471538 1713.8568272972427 0.15810255924683719 0.20811007661748301 -0.0010357646931729732 0
882 1 1 150249600 -115222829.6915009 183705624.19505781 29555295.062567767 -17.769354097826465 -13.224903836815786 1.4285081712923549 1713.2846725291804 0.1550976015481709 0.20637661329028592 -0.001375925563571051 0
883 1 1 150336000 -116752293.89066848 182554772.75045046 29677315.526883855 -17.634616252601816 -13.415042710706398 1.3960045216611281 1712.719612454003 0.15206990165059539 0.20458117587558308 -0.0017028240257253371 0
884 1 1 150422400 -118270040.67170292 181387527.95608044 29796518.601123184 -17.498117695715855 -13.604378057404656 1.3632910517000734 1712.161767041802 0.14902222242919541 0.20272495663085299 -0.0020171259989245479 0
885 1 1 150508800 -119775917.93874924 180203959.61961225 29912886.21929973 -17.359859069716446 -13.79290098585172 1.3303692013024462 1711.611250509538 0.14595738139479461 0.20080930698607086 -0.0023195195027776385 0
886 1 1 150595200 -121269773.64017314 179004138.32417944 30026400.438099794 -17.219840755124395 -13.980602433992747 1.2972403700738788 1711.0681709937041 0.14287824998559451 0.19883574547307173 -0.0026107150214185267 0
887 1 1 150681600 -122751455.7457795 177788135.44379935 30137043.433365438 -17.078062867167443 -14.167473153853487 1.2639059165075675 1710.532630208387 0.13978775244885286 0.19680596620121465 -0.0028914456607860026 0
888 1 1 150768000 -124220812.22375602 176556023.16010055 30244797.49650687 -16.934525252677549 -14.353503696082015 1.2303671571602588 1710.0047230880266 0.13668886474883946 0.19472184761684291 -0.0031624678197001814 0
889 1 1 150854400 -125677691.01735535 175307874.48040974 30349645.030843455 -16.789227487146814 -14.538684393933211 1.1966253658298009 1709.4845374135366 0.13358461371074426 0.19258546190185344 -0.0034245613759045748 0
890 1 1 150940800 -127121940.02133007 174043763.25724733 30451568.547873948 -16.642168871945799 -14.723005346658987 1.162681772730499 1708.972153420108 0.1304780759128136 0.19039908516373291 -0.0036785305269535261 0
891 1 1 151027200 -128553407.05813466 172763764.20928565 30550550.663474761 -16.493348431712512 -14.906456402267903 1.1285375636599217 1708.467643385125 0.1273723766817719 0.18816520824734745 -0.003925204225589978 0
892 1 1 151113600 -129971939.85390882 171467952.94382465 30646574.094026253 -16.342764911916191 -15.089027139633338 1.094193879158655 1707.9710711950145 0.12427068895939396 0.18588654787439138 -0.0041654370196074078 0
893 1 1 151200000 -131377386.01425888 170156405.98084259 30739621.652465753 -16.19041677659618 -15.27070684990051 1.0596518136602302 1707.4824918887186 0.12117623239588013 0.18356605933207673 -0.0044001096155594143 0
894 1 1 151286400 -132769592.99985097 168829200.77868646 30829676.24426692 -16.036302206288664 -15.451484517154347 1.0249124146284181 1707.0019511761247 0.11809227191788475 0.18120694915353855 -0.0046301298751249354 0
895 1 1 151372800 -134148408.10183391 167486415.7614637 30916720.863343295 -15.880419096146374 -15.631348798314077 0.98997668167105135 1706.5294849297002 0.11502211674837112 0.17881268921971052 -0.0048564337758838201 0
896 1 1 151459200 -135513678.41710776 166128130.34820798 31000738.587874692 -15.722765054257968 -15.810288002208086 0.95484556563434486 1706.0651186471287 0.11196911885433873 0.17638703126190913 -0.0050799863356665162 0
897 1 1 151545600 -136865250.82345685 164754424.98388886 31081712.576054186 -15.563337400182734 -15.988290067786277 0.91951996767510868 1705.6088668830387 0.10893667154895122 0.17393402268615674 -0.0053017827025705223 0
898 1 1 151632000 -138202971.9545655 163365381.17234266 31159626.061753873 -15.402133163710719 -16.165342541428132 0.88400073830334125 1705.1607326477417 0.10592820766946368 0.17145802276911756 -0.00552284937635035 0
899 1 1 151718400 -139526688.1749368 161961081.51120552 31234462.35010647 -15.239149083866515 -16.341432553303495 0.84828867639324046 1704.720706770989 0.10294719764102028 0.16896372020291756 -0.0057442454075962591 0
900 1 1 151804800 -140836245.55473769 160541609.72892979 31306204.813000254 -15.074381608180293 -16.516546792748109 0.81238452816574913 1704.2887672290201 0.099997146920414601 0.16645615083550169 -0.0059670635565112857 0
901 1 1 151891200 -142131489.84459171 159107050.72397283 31374836.884484719 -14.907826892244874 -16.690671482619791 0.77628898614004327 1703.8648784331078 0.097081593428868559 0.16394071661746301 -0.0061924316093206954 0
902 1 1 151977600 -143412266.45034841 157657490.60624579 31440342.056084305 -14.739480799599219 -16.863792352603067 0.74000268805173253 1703.4489904783243 0.094204103653111007 0.16142320461738907 -0.006421513634960286 0
903 1 1 152064000 -144678420.4078584 156193016.74091566 31502703.872017283 -14.56933890197425 -17.035894611453646 0.70352621574402097 1703.0410383519622 0.091368268809860015 0.15890980643881122 -0.0066555111105788033 0
904 1 1 152150400 -145929796.35778514 154713717.79465133 31561905.92431803 -14.397396479945405 -17.206962918169669 0.66686009403753155 1702.6409411009938 0.088577699358428075 0.1564071377375911 -0.0068956639757347619 0
905 1 1 152236800 -147166238.52049464 153219683.78440562 31617931.847860944 -14.223648524055495 -17.376981352107386 0.63000478958888628 1702.2486009595 0.085836018887291976 0.15392225703405688 -0.0071432514103207364 0
906 1 1 152323200 -148387590.67106393 151711006.12882438 31670765.315285631 -14.048089736475427 -17.545933382084037 0.59296070974509518 1701.8639024379759 0.083146856123524862 0.15146268364841173 -0.0073995925953473877 0
907 1 1 152409600 -149593696.11445987 150187777.70236602 31720390.031823456 -13.87071453328867 -17.713801834532486 0.5557282014131838 1701.4867113776254 0.080513835680779064 0.14903641401671083 -0.0076660466513461664 0
908 1 1 152496000 -150784397.66094455 148650092.89221051 31766789.730030913 -13.69151704747606 -17.880568860813515 0.51830755005349782 1701.1168739743277 0.077940566840560124 0.14665193558222506 -0.0079440107172414013 0
909 1 1 152582400 -151959537.60217384 147098047.65687156 31809948.165300708 -13.510491142684819 -18.04621593238446 0.48069899998690618 1700.7542171195721 0.075430626135141524 0.14431823754583989 -0.008234934005583219 0
910 1 1 152668800 -153118957.68170637 145531739.60548195 31849849.097081088 -13.32763022356813 -18.210723231661376 0.44290229968357453 1700.3985203866407 0.072992196554576505 0.14205830768821204 -0.0085505277580616192 0
911 1 1 152755200 -154262499.08497062 143951268.042312 31886476.272211913 -13.14292826140877 -18.374072196286168 0.40491808320391276 1700.0496375391622 0.070601976494422056 0.13979929545224495 -0.0088212643923796727 0
912 1 1 152841600 -155390002.41102827 142356733.83651531 31919813.898644239 -12.956376505857223 -18.536243886571462 0.36675883264717862 1699.707397694835 0.068370228273135769 0.1376095916461913 -0.008706909822885996 0
913 1 1 152928000 -156501307.42712298 140748239.50310007 31949847.608876053 -12.767966529767463 -18.697220887738212 0.32843983435118368 1699.3717198613524 0.066175105207170917 0.13536602808875056 -0.0084571176701184313 0
914 1 1 153014400 -157596253.3167522 139125889.05642298 31976563.762183603 -12.577691565714103 -18.856982832484348 0.28996305077974605 1699.0424236042779 0.064081761010974403 0.13328893151010601 -0.0082785362335517539 0
915 1 1 153100800 -158674678.58244145 137489788.59596351 31999948.608688477 -12.385543446409867 -19.015504297994561 0.25132603388101138 1698.7191087551266 0.062064348638462656 0.1313223533932141 -0.0081444173323664461 0
916 1 1 153187200 -159736421.05870679 135840046.33891794 32019988.248996377 -12.191514566329165 -19.172760960197262 0.21252749513183913 1698.4014453099078 0.060130917637873961 0.12948845078822854 -0.0080557244494097492 0
917 1 1 153273600 -160781317.90288565 134176772.66715859 32036668.669521306 -11.995596908530306 -19.32872713553131 0.17356610005059686 1698.0890566168969 0.058284096132975589 0.12779898848256432 -0.0080115738421880529 0
918 1 1 153360000 -161809205.57185617 132500080.22119021 32049975.744324736 -11.797782278359641 -19.483376220257444 0.13444058391994132 1697.7815412695213 0.056526198454451081 0.12626587437703929 -0.0080109019471346753 0
919 1 1 153446400 -162819919.80708212 130810083.98138393 32059895.241467729 -11.598062313798055 -19.636680652588421 0.095149759649108698 1697.4784719413533 0.05485917773001979 0.12490106409681015 -0.0080524559045766254 0
920 1 1 153532800 -163813295.62174743 129106901.34987728 32066412.829966139 -11.396428526729837 -19.788611942857099 0.055692521737756545 1697.1793974329312 0.053284183404906621 0.12371554311739925 -0.0081349771017538725 0
921 1 1 153619200 -164789167.28893375 127390652.23708504 32069514.08620552 -11.192872253813137 -19.939140459319407 0.016067839986784897 1696.8838334455761 0.051804557678780595 0.12272641148846596 -0.0082559436251280378 0
922 1 3 153663839.35563961 -165286447.59524381 126498857.06723925 32069773.104655884 -11.086946950522183 -20.016352931750983 -0.0044703590266332426 1696.7323435238598 0 0 0 287
923 1 1 153705600 -165747368.32999539 125661459.14201319 32069184.521409955 -10.987384824007487 -20.088236183129421 -0.023724583208772333 1696.5912973607556 0.050416355444520458 0.12192064783260938 -0.0083927709432179178 0
924 1 1 153792000 -166687717.38073823 123919443.5995636 32065419.216960762 -10.779606856741992 -20.235956935945993 -0.063447381642796397 1696.2990397168935 0.049126521022672391 0.12133400928206226 -0.0085546321087684365 0
925 1 1 153878400 -167610163.93773925 122164763.16673817 32058123.944581203 -10.574447233925897 -20.381026320891877 -0.10643441415315202 1695.9292192879191 -0.11727502590730148 0.16281707013660343 -0.12055521554201101 0
926 1 1 153964800 -168515057.77277991 120397680.52450399 32046934.769540925 -10.371783753999015 -20.523413707207752 -0.15254116091694447 1695.4023562736556 -0.11425634696393148 0.16251202421108693 -0.11550896893411397 0
927 1 1 154051200 -169402331.81206015 118618358.32343693 32031777.543073215 -10.166612893922654 -20.664340083093055 -0.19830614071267921 1694.9003355201598 -0.11213527214417052 0.16216728530002258 -0.11075392119583928 0
928 1 1 154137600 -170271787.31123602 116826928.10561463 32012669.825760696 -9.9593174636367188 -20.803684676259209 -0.24398907947324647 1694.4058361978441 -0.11008003066663337 0.16219892518966597 -0.10620492415990455 0
929 1 1 154224000 -171123240.72378173 115023528.36448427 31989618.408178218 -9.7498988172177832 -20.941406118816158 -0.28959576081364091 1693.9179013842811 -0.10818364066471661 0.16249713937547866 -0.1017246908136442 0
930 1 1 154310400 -171956508.68649682 113208300.84642951 31962630.315466851 -9.5383570786355012 -21.077470905634588 -0.33511072274016962 1693.4362680252923 -0.10624249452730938 0.16289602425213251 -0.096708480197995272 0
931 1 1 154396800 -172771407.52415892 111381389.86665905 31931714.518697627 -9.3246868052262712 -21.211852625335577 -0.38051356664480629 1692.96108563402 -0.10426529632466366 0.1632822685483116 -0.091585280064600066 0
932 1 1 154483200 -173567753.15222511 109542941.87869307 31896880.885053691 -9.1088841204783808 -21.34452718003428 -0.42580146847531086 1692.4921909340608 -0.10228126826131578 0.16365835514582047 -0.086515418944351816 0
933 1 1 154569600 -174345361.19909066 107693105.44991781 31858139.326712079 -8.8909459847698074 -21.47546977849591 -0.47097471570073562 1692.0293316146528 -0.10028904072742409 0.1640236143848384 -0.081485008393203634 0
934 1 1 154656000 -175104047.03079164 105832031.30584075 31815499.767282125 -8.670869396904374 -21.604655249836696 -0.51603292875617812 1691.5722664938646 -0.098290323189198961 0.16437783410155382 -0.076497004262970056 0
935 1 1 154742400 -175843625.76241308 103959872.36423823 31768972.156071763 -8.448651549373686 -21.732058016712241 -0.560975886711225 1691.120746884882 -0.096286806216888204 0.16472081794889945 -0.071554013545735068 0
936 1 1 154828800 -176563912.27473044 102076783.77055825 31718566.456806306 -8.2242898267075084 -21.857652088848631 -0.60580347454666028 1690.674518418396 -0.094280164703212904 0.1650523622593823 -0.066658405849208013 0
937 1 1 154915200 -177264721.23102185 100182922.9338977 31664292.639061425 -7.9977818105541703 -21.981411056034055 -0.65051566942957351 1690.2333220218111 -0.092272052209211031 0.16537225915596115 -0.061812292072777081 0
938 1 1 155001600 -177945867.09431463 98278449.563599035 31606160.670933932 -7.7691252846464902 -22.103308080836179 -0.69511252593756134 1689.7968949205222 -0.090264094785291418 0.16568029582166974 -0.057017518521611354 0
939 1 1 155088000 -178607164.14505711 96363525.706479996 31544180.51300275 -7.5383182396964283 -22.223315891224431 -0.73959416098360486 1689.3649716452182 -0.08825788571271595 0.16597625310747527 -0.052275662827819251 0
940 1 1 155174400 -179248426.49921089 94438315.784705251 31478362.113601398 -7.3053588782343173 -22.341406773092448 -0.78396073857021564 1688.9372850343664 -0.086254979483273736 0.1662599045896572 -0.047588034029866215 0
941 1 1 155260800 -179869468.12675938 92502986.634308502 31408715.405408427 -7.07024561940755 -22.457552562673964 -0.82821245454188497 1688.5135672207418 -0.084256886685534244 0.16653101529393907 -0.042955674905439868 0
942 1 1 155347200 -180470102.87063134 90557707.544374272 31335250.303351134 -6.8329771037774094 -22.571724638868606 -0.87234952146108991 1688.0935505923474 -0.082265068890671492 0.16678934019257355 -0.038379367108761143 0
943 1 1 155433600 -181050144.46603808 88602650.296886474 31257976.703804608 -6.5935521981401006 -22.683893915462686 -0.91637215377544101 1687.6769687175172 -0.080280934088623482 0.16703462333997893 -0.0338596397932086 0
944 1 1 155520000 -181609406.56023112 86637989.207254261 31176904.485054716 -6.3519700004133863 -22.794030833247984 -0.96028055340731533 1687.26355722578 -0.078305832573201117 0.16726659625057252 -0.029396779839178124 0
945 1 1 155606400 -182147702.73268548 84663901.165522441 31092043.50898429 -6.1082298446185836 -22.90210535204692 -1.0040748958705243 1686.8530546378072 -0.07634105303248015 0.16748497679206154 -0.02499084460206568 0
946 1 1 155692800 -182664846.51571915 82680565.678276151 31003403.623931859 -5.8623313059994526 -23.008086942616224 -1.0477553170297826 1686.445203137313 -0.074387819451096376 0.16768946847541535 -0.020641676525505352 0
947 1 1 155779200 -183160651.41556174 80688164.911250129 30910994.668662798 -5.6142742063241746 -23.111944578423969 -1.0913219006031192 1686.0397492799777 -0.072447288364722889 0.16787975953784232 -0.016348919621871277 0
948 1 1 155865600 -183634930.93389186 78686883.732653946 30814826.477386694 -5.3640586194063866 -23.213646727323976 -1.1347746664436591 1685.6364446374685 -0.070520546602851342 0.16805552155861903 -0.012112035721860608 0
949 1 1 155952000 -184087498.58986074 76676909.757221267 30714908.885751143 -5.1116848768940519 -23.313161343082367 -1.1781135596784162 1685.2350463727123 -0.068608609750427416 0.16821641004126503 -0.0079303237088850231 0
950 1 1 156038400 -184518167.94263119 74658433.390999183 30611251.737735078 -4.8571535743633882 -23.410455856754439 -1.2213384407330692 1684.8353177459396 -0.066712420717136164 0.16836206321587083 -0.0038029368930784287 0
951 1 1 156124800 -184926752.61445525 72631647.876887575 30503864.893366504 -4.6004655777539387 -23.505497167919458 -1.2644490762372502 1684.4370285525561 -0.064832848987048136 0.16849210250252705 0.00027109784071508602 0
952 1 1 156211200 -185313066.31432682 70596749.340943456 30392758.237186648 -4.3416220301997841 -23.598251635744518 -1.3074451308317852 1684.0399554930311 -0.062970690534610754 0.16860613230884031 0.0042928620198346579 0
953 1 1 156297600 -185676922.86224064 68553936.839464471 30277941.687384088 -4.0806243592887839 -23.688685069891818 -1.3503261598586433 1683.6438824780923 -0.061126667665332535 0.16870374026332838 0.0082635271416582542 0
954 1 1 156384000 -186018136.21409991 66503412.406865649 30159425.205523007 -3.8174742847789584 -23.776762721226184 -1.3930916028993949 1683.248600870842 -0.05930142941503759 0.16878449850057278 0.012184337962908626 0
955 1 1 156470400 -186336520.48731059 64445381.104368076 30037218.80679499 -3.5521738268276954 -23.862449272341522 -1.4357407781248621 1682.8539096700472 -0.057495552645905661 0.16884796349440373 0.016056595496128215 0
956 1 1 156556800 -186631889.98711118 62380051.069512665 29911332.570724621 -3.2847253147491515 -23.945708827904916 -1.4782728774218252 1682.4596156390612 -0.055709542446302239 0.16889367755384044 0.019881641692258326 0
957 1 1 156643200 -186904059.23368171 60307633.566518046 29781776.652265057 -3.0151313963405664 -24.026504904791992 -1.5206869622370405 1682.0655333836678 -0.05394383396012653 0.16892116970274448 0.023660844667757717 0
958 1 1 156729600 -187152842.99008608 58228343.037499063 29648561.293223433 -2.7433950478163687 -24.104800422017249 -1.5629819600843047 1681.6714853834881 -0.052198793462767269 0.16892995727434271 0.027395585505247285 0
959 1 1 156816000 -187378056.29109862 56142397.154564239 29511696.833961844 -2.4695195843777369 -24.180557690469946 -1.6051566616502631 1681.277301982019 -0.050474720447954528 0.16891954668707793 0.031087245874506158 0
960 1 1 156902400 -187579514.47297326 54050016.872808546 29371193.725324024 -2.1935086714371583 -24.253738402436099 -1.6472097184562353 1680.8828213392787 -0.048771848669257198 0.16888943588357344 0.034737196598930639 0
961 1 1 156988800 -187757033.20421064 51951426.484221138 29227062.540742759 -1.9153663365308276 -24.324303620915071 -1.6891396409960466 1680.4878893515954 -0.04709034863294425 0.16883911510034777 0.038346788160622758 0
962 1 1 157075200 -187910428.51738712 49846853.672523975 29079313.988489624 -1.6350969819710566 -24.392213768742547 -1.7309447973041223 1680.0923595429952 -0.045430329554932668 0.16876806921977847 0.041917341105643664 0
963 1 1 157161600 -188039516.84210861 47736529.568959534 28927958.924031552 -1.3527053982264967 -24.457428617503389 -1.7726234118957156 1679.6960929318702 -0.043791840755759738 0.1686757793265328 0.045450138725181805 0
964 1 1 157248000 -188144115.03915173 45620688.809044421 28773008.362465397 -1.0681967780738788 -24.519907276261733 -1.8141735650188053 1679.2989578773681 -0.042174874225509154 0.16856172455648072 0.048946419706058793 0
965 1 1 157334400 -188224040.4358651 43499569.590305127 28614473.491005149 -0.78157673156784258 -24.57960818009515 -1.8555931921684843 1678.9008299080326 -0.04057936670045556 0.168425384365853 0.052407372660365367 0
966 1 1 157420800 -188279110.86289763 41373413.731012069 28452365.681501668 -0.49285130182340753 -24.636489078455583 -1.8968800838227737 1678.5015915369725 -0.039005201285306303 0.16826624003143717 0.055834130347134435 0
967 1 1 157507200 -188309144.69232783 39242466.729926072 28286696.502977066 -0.2020269816668499 -24.690507023374934 -1.9380318853470426 1678.101132066462 -0.037452210372536841 0.16808377678459174 0.059227766118130187 0
968 1 1 157593600 -188313960.87726945 37106977.827071458 28117477.7341622 0.090889268841604823 -24.741618357488729 -1.9790460970229458 1677.6993473833356 -0.035920176532605944 0.16787748651889836 0.062589289741114579 0
969 1 1 157680000 -188293378.99303001 34967200.06554997 27944721.376026738 0.38589000397792206 -24.789778701939117 -2.0199200741777261 1677.2961397496185 -0.034408835656112427 0.16764686848066762 0.065919644815318229 0
970 1 1 157766400 -188247219.27990288 32823390.354404479 27768439.664295878 0.68296727296635962 -24.834942944155053 -2.0606510273617133 1676.8914175894281 -0.032917878485067137 0.16739143252006705 0.069219706364953407 0
971 1 1 157852800 -188175302.68767518 30675809.532544844 27588645.081950046 0.98211259964609776 -24.877065225500925 -2.1012360225605304 1676.485095273684 -0.031446952441463685 0.16711070058464195 0.072490278844734107 0
972 1 1 157939200 -188077450.92193538 28524722.433744114 27405350.371706057 1.2833169611323607 -24.916098928847923 -2.1416719814039618 1676.0770929053035 -0.029995664025317389 0.16680420885158523 0.075732095044897654 0
973 1 1 158025600 -187953486.49226931 26370397.952711944 27218568.5484818 1.5865707654447867 -24.951996666075502 -2.1819556813361474 1675.6673361057076 -0.028563580529603165 0.16647150955653217 0.078945815286894191 0
974 1 1 158112000 -187803232.76243445 24213109.112250116 27028312.911847912 1.8918638280797904 -24.984710265520004 -2.2220837557486064 1675.2557558041592 -0.027150232101999995 0.16611217328729766 0.082132026352127047 0
975 1 1 158198400 -187626514.00260478 22053133.131494228 26834597.058470316 2.1991853475004 -25.014190759391045 -2.2620526940452939 1674.842288030773 -0.025755113247641428 0.16572579086193831 0.085291241701657083 0
976 1 1 158284800 -187423155.44378182 19890751.495242335 26637434.894551706 2.5085238794898506 -25.040388371199032 -2.3018588416054371 1674.4268737143241 -0.024377685489866501 0.16531197503007072 0.088423901523307313 0
977 1 1 158371200 -187192983.33447212 17726250.024369005 26436840.64828033 2.8198673103460434 -25.063252503202104 -2.3414983996497423 1674.0094584853484 -0.02301737846363806 0.16487036288310794 0.091530372808772742 0
978 1 1 158457600 -186935824.99973071 15559918.947321828 26232828.882295154 3.133202828900719 -25.082731723915636 -2.3809674249888513 1673.5899924856287 -0.0216735919681115 0.1644006171077603 0.094610950049108258 0
979 1 1 158544000 -186651508.90267599 13392052.972693006 26025414.506178681 3.4485168972897058 -25.09877375571422 -2.4202618296364915 1673.1684301841728 -0.020345698193198102 0.16390242841066399 0.097665855865231452 0
980 1 1 158630400 -186339864.70858404 11222951.362857791 25814612.788988948 3.7657952204573482 -25.111325462542819 -2.4593773802862295 1672.7447301997599 -0.019033043138459261 0.16337551724466121 0.10069524174635627 0
981 1 1 158716800 -186000723.35167438 9052918.0086675696 25600439.37184348 4.0850227143673221 -25.120332837803328 -2.4983096976293973 1672.3188551312096 -0.017734948475799216 0.16281963523888546 0.10369918935673172 0
982 1 1 158803200 -185633917.10469908 6882261.5051807817 25382910.28056914 4.4061834728651466 -25.125740992444776 -2.5370542555115394 1671.8907713952183 -0.016450713452053921 0.16223456722051291 0.10667771134058397 0
983 1 1 158889600 -185239279.65145496 4711295.2284134319 25162041.938431948 4.7292607331557974 -25.127494143278334 -2.5756063799236388 1671.4604490712575 -0.015179616674127989 0.16162013319921123 0.10963075272011107 0
984 1 1 158976000 -184816646.1623404 2540337.4130866346 24937851.178961817 5.0542368398570598 -25.125535601601062 -2.6139612478120582 1671.0278617548179 -0.013920917966046324 0.1609761891450599 0.11255819218135156 0
985 1 1 159062400 -184365853.37307987 369711.23134274676 24710355.258888125 5.381093207587953 -25.119807762139331 -2.6521138857010733 1670.5929864176892 -0.012673860130442033 0.16030263001122469 0.115459843623177 0
986 1 1 159148800 -183886739.66674632 -1800255.1275984375 24479571.871202152 5.7098102820522483 -25.110252092378126 -2.6900591681368051 1670.1558032761368 -0.011437670759299736 0.15959938994603912 0.11833545715489587 0
987 1 1 159235200 -183379145.15921217 -3969228.3768821075 24245519.158362418 6.0403674995684238 -25.096809122358163 -2.7277918159269152 1669.7162956673253 -0.010211564190251163 0.15886644441001138 0.12118472140560692 0
988 1 1 159321600 -182842911.78816548 -6136870.0505992044 24008215.72566108 6.3727432450125052 -25.079418434946152 -2.765306394181354 1669.2744499323151 -0.0089947430621050584 0.15810381190636988 0.12400726434415821 0
989 1 1 159408000 -182277883.40583068 -8302836.4215504406 23767680.654767737 6.7069148081165189 -25.058018656675731 -2.8025973101558264 1668.8302553068393 -0.0077864007184206734 0.1573115549481702 0.12680265550991399 0
990 1 1 159494400 -181683905.87553734 -10466778.41824618 23523933.517469008 7.0428583380836711 -25.032547449222072 -2.8396588108824621 1668.3837038193105 -0.0065857226291886973 0.15648978171268951 0.12957040731207947 0
991 1 1 159580800 -181060827.1722841 -12628341.541199118 23276994.389621828 7.3805487964888128 -25.002941501575453 -2.876484980583351 1667.9347901956671 -0.0053918884437995701 0.15563864706888003 0.13230997738044045 0
992 1 1 159667200 -180408497.48744777 -14787165.778573984 23026883.865339618 7.719959908398244 -24.969136522989537 -2.9130697378790913 1667.4835117712694 -0.0042040741126899688 0.15475835408905708 0.13502076947862704 0
993 1 1 159753600 -179726769.33779547 -16942885.521263834 22773623.071428314 8.0610641116800412 -24.931067236780191 -2.9494068327797058 1667.0298684092745 -0.0030214535411619693 0.15384915505869634 0.13770213626250549 0
994 1 1 159840000 -179015497.67895404 -19095129.477470763 22517233.682092942 8.4038325044500777 -24.888667375064365 -2.9854898434456021 1666.5738624251308 -0.0018432010459927557 0.1529113526881036 0.14035338059004379 0
995 1 1 159926400 -178274540.0235039 -21243520.586875547 22257737.933932673 8.7482347906305389 -24.841869674523863 -3.0213121727371952 1666.1154985173778 -0.0006684924695203368 0.15194530109594132 0.14297375774054791 0
996 1 1 160012800 -177503756.56385863 -23387675.934489358 21995158.641244169 9.0942392235487972 -24.790605873299704 -3.0568670445363817 1665.6547837044154 0.00050349141198062584 0.15095140653686415 0.1455624772640545 0
997 1 1 160099200 -176703010.30010498 -25527206.664289325 21729519.211652268 9.4418125475478956 -24.734806709105879 -3.0921474998424534 1665.1917272666999 0.0016735641431041223 0.14993012859161051 0.14811870518743245 0
998 1 1 160185600 -175872167.17297381 -27661717.892747238 21460843.662087791 9.7909199375872298 -24.67440191866563 -3.1271463926454706 1664.7263406941561 0.002842530710227133 0.14888198080558537 0.15064156583141344 0
999 1 1 160272000 -175011096.20211864 -29790808.622371435 21189156.635131467 10.141524936754315 -24.609320238598155 -3.1618563855726296 1664.2586376388399 0.0040111855453955078 0.14780753122774354 0.15313014423943461 0
1000 1 1 160358400 -174119669.62988436 -31914071.655391768 20914483.4157441 10.493589391682567 -24.539489407862487 -3.1962699453064056 1663.7886338722003 0.0051803105742548603 0.14670740320940959 0.15558348813444983 0
1001 1 1 160444800 -173197763.07074779 -34031093.507727355 20636849.94840207 10.847073385831976 -24.464836171882723 -3.230379337779842 1663.3163472467377 0.0063506729510408181 0.14558227578108562 0.15800061029363541 0
1002 1 1 160531200 -172245255.66661662 -36141454.323388584 20356282.854657743 11.20193517058002 -24.385286288498136 -3.2641766231497948 1662.8417976621051 0.0075230224709854085 0.14443288388872813 0.16038049061082749 0
1003 1 1 160617600 -171262030.24817711 -38244727.789476804 20072809.451143485 11.558131094123386 -24.300764535871398 -3.2976536505499556 1662.3650070351725 0.0086980901965710757 0.1432600187458056 0.1627220785885741 0
1004 1 1 160704000 -170247973.50248072 -40340481.051956661 19786457.768038906 11.915615528140226 -24.211194722484969 -3.3308020526206756 1661.8859992731002 0.0098765851504392967 0.14206452835386016 0.16502429566835441 0
1005 1 1 160790400 -169202976.14696485 -42428274.632388458 19497256.568019722 12.274340792196286 -24.116499699408561 -3.3636132398296681 1661.4048002502982 0.011059193101237584 0.14084731671189243 0.16728603750707247 0
1006 1 1 160876800 -168126933.1101023 -44507662.345824607 19205235.365706414 12.634257075881868 -24.016601374991208 -3.3960783945784163 1660.9214377883786 0.01224657340767921 0.13960934436446704 0.16950617668753859 0
1007 1 1 160963200 -167019743.7188783 -46578191.220085114 18910424.447631292 12.995312358644453 -23.911420732124256 -3.4281884651064596 1660.4359416384275 0.013439357189499583 0.13835162808688428 0.17168356488705086 0
1008 1 1 161049600 -165881311.89329171 -48639401.416643202 18612854.892740186 13.357452327338343 -23.800877848287314 -3.4599341592028532 1659.9483434662436 0.014638145063870527 0.13707524014322875 0.17381703560674183 0
1009 1 1 161136000 -164711546.34808043 -50690826.15336962 18312558.593446277 13.720620291457582 -23.684891918549493 -3.4913059377191353 1659.4586768394649 0.015843504428482032 0.13578130812421033 0.17590540683588621 0
1010 1 1 161222400 -163510360.80187008 -52731991.629398249 18009568.277252093 14.084757096077032 -23.563381281713667 -3.5222940079085667 1658.9669772165596 0.017055967834370186 0.1344710141871184 0.17794748339594146 0
1011 1 1 161308800 -162277674.19394296 -54762416.95239453 17703917.528954215 14.449801032500886 -23.436263449822732 -3.552888316594764 1658.4732819375499 0.018276029957812065 0.13314559415088992 0.179942059897582 0
1012 1 1 161395200 -161013410.90882647 -56781614.068525821 17395640.813445378 14.815687746631557 -23.303455141236835 -3.5830785431820074 1657.9776302160974 0.019504145824928355 0.13180633658696955 0.18188792317127675 0
1013 1 1 161481600 -159717501.00889438 -58789087.695451595 17084773.499126624 15.182350145099575 -23.164872317496368 -3.612854092518325 1657.4800631323285 0.020740728241198703 0.13045458185130246 0.18378385536174768 0
1014 1 1 161568000 -158389880.47517544 -60784335.258670755 16771351.881942065 15.549718299182235 -23.020430224210852 -3.6422040876354105 1656.9806236266738 0.021986145803175178 0.12909172060785107 0.18562863615927433 0
1015 1 1 161654400 -157030491.45655635 -62766846.831584617 16455413.210045315 15.917719346562833 -22.87004343622386 -3.6711173623739262 1656.4793564943336 0.02324072049883677 0.1277191922676249 0.18742104621295502 0
1016 1 1 161740800 -155639282.52756411 -64736105.079655349 16136995.709107865 16.28627739097923 -22.713625907285127 -3.6995824539161655 1655.9763083797723 0.024504725492920831 0.12633848379201412 0.1891598693336958 0
1017 1 1 161827200 -154216208.95490816 -66691585.2090602 15816138.608275292 16.655313399844093 -22.551091024501574 -3.7275875952493873 1655.4715277712996 0.025778383145881059 0.12495112745480869 0.19084389588653461 0
1018 1 1 161913600 -152761232.9729515 -68632754.920266703 15492882.166777436 17.024745099916366 -22.382351667836122 -3.7551207075790063 1654.9650649953551 0.027061862741156507 0.12355869930092057 0.19247192515717024 0
1019 1 1 162000000 -151274324.06827745 -70559074.366976321 15167267.701194694 17.394486871125206 -22.207320274932933 -3.7821693927211055 1654.4569722103563 0.028355278645194878 0.12216281655504199 0.19404276866988707 0
1020 1 1 162086400 -149755459.27350536 -72469996.120909899 14839337.613382168 17.76444963865665 -22.025908911557455 -3.8087209254968348 1653.9473033997613 0.029658688012786868 0.12076513570935572 0.1955552527296866 0
1021 1 1 162172800 -148204623.47050062 -74364965.14293164 14509135.419048976 18.134540763443201 -21.838029347938722 -3.8347622461703694 1653.4361143642402 0.030972089297076597 0.11936734984307924 0.19700822143387253 0
1022 1 1 162259200 -146621809.70310882 -76243418.761035264 14176705.776988562 18.504663931207098 -21.643593141328719 -3.8602799529499143 1652.9234627125086 0.032295420092585091 0.11797118602214042 0.19840053963534074 0
1023 1 1 162345600 -145007019.49953556 -78104786.655743539 13842094.518952573 18.874719040216341 -21.442511725089002 -3.8852602945970398 1652.4094078509436 0.033628555446408429 0.11657840230989976 0.19973109568240963 0
1024 1 1 162432000 -143360263.2044695 -79948490.853497446 13505348.680157103 19.244602087965337 -21.234696504614085 -3.9096891631832285 1651.894010971447 0.034971306466571511 0.11519078511714262 0.20099880436967746 0
1025 1 1 162518400 -141681560.32103795 -81773945.728640676 13166516.530407127 19.614205056985082 -21.020058960428916 -3.9335520870327549 1651.3773350375727 0.036323418520437904 0.11381014547578898 0.20220260975258922 0
1026 1 1 162604800 -139970939.86265567 -83580558.014633819 12825647.605820835 19.983415800019863 -20.798510758788993 -3.9568342239003838 1650.8594447687858 0.037684569939986819 0.11243831613708812 0.20334148798165624 0
1027 1 1 162691200 -138228440.71481332 -85367726.825159982 12482792.741131589 20.352117924837696 -20.569963870107621 -3.9795203544312803 1650.3404066223841 0.039054370509909328 0.11107714783199082 0.20441445012462414 0
1028 1 1 162777600 -136454112.00682303 -87134843.685813308 12138004.10254097 20.720190678978714 -20.334330695563555 -4.0015948759518833 1649.8202887729999 0.04043236077350796 0.10972850560491645 0.20542054504239088 0
1029 1 1 162864000 -134648013.49351239 -88881292.577091768 11791335.221091693 21.087508834765689 -20.091524202227561 -4.0230417966605785 1649.2991610899073 0.041818010790277062 0.1083942648210038 0.20635886175000218 0
1030 1 1 162950400 -132810215.94683112 -90606449.989445612 11442841.026523005 21.453942574904843 -19.84145806704672 -4.0438447302709255 1648.7770951118441 0.043210718936965986 0.10707630730478691 0.20722853244475117 0
1031 1 1 163036800 -130940801.55730166 -92309684.991160616 11092577.881567724 21.819357379090508 -19.584046830020629 -4.0639868911590931 1648.2541640184368 0.044609811786229116 0.10577651725265592 0.20802873514465592 0
1032 1 1 163123200 -129039864.34520763 -93990359.309885219 10740603.616643736 22.183613912036559 -19.319206056929772 -4.0834510901009322 1647.730442599172 0.046014543288042942 0.10449677641753652 0.20875869605599925 0
1033 1 1 163209600 -127107510.58138022 -95647827.428642318 10386977.564885629 22.546567913372364 -19.046852511929064 -4.1022197306697175 1647.20600721951 0.047424094383493452 0.10323896038387764 0.2094176920971148 0
1034 1 1 163296000 -125143859.21739815 -97281436.697190419 10031760.597456701 22.908070089920802 -18.766904340336307 -4.1202748063609089 1646.6809357835955 0.048837573173027116 0.10200493338989017 0.21000505343631973 0
1035 1 1 163382400 -123149042.32497302 -98890527.459630743 9675015.1590750962 23.267966010877878 -18.479281261955141 -4.1375978985261685 1646.1553076940936 0.050254014457618554 0.10079654369557081 0.21052016580520697 0
1036 1 1 163468800 -121123205.54424538 -100474433.19918241 9316805.3036803119 23.626096006479841 -18.183904775204383 -4.1541701752040394 1645.6292038085292 0.051672380564622651 0.099615619160007982 0.21096247276088306 0
1037 1 1 163555200 -119066508.54066262 -102032480.70107241 8957196.7301588412 23.982295070781248 -17.88069837236884 -4.1699723909353565 1645.102706392493 0.053091561424922086 0.0984639616454029 0.2113314778182615 0
1038 1 1 163641600 -116979125.47005616 -103563990.23451371 8596256.8180398829 24.336392769197339 -17.569587766238435 -4.1849848876568965 1644.575899069732 0.054510375524259531 0.09734334254748038 0.21162674649367247 0
1039 1 1 163728000 -114861245.45147516 -105068275.75476485 8234054.6630639518 24.688213151534022 -17.250501128359698 -4.1991875967636858 1644.0488667683405 0.055927570822203579 0.096255497755373037 0.21184790841084603 0
1040 1 1 163814400 -112713073.04727046 -106544645.1262853 7870661.1125191534 25.037574671250127 -16.923369339157905 -4.2125600424464782 1643.5216956640063 0.057341825831518922 0.095202121955395638 0.21199465893797642 0
1041 1 1 163900800 -110534828.74985676 -107992400.36802137 7506148.8002301799 25.384290111759771 -16.588126250105329 -4.2250813464062844 1642.9944731199241 0.058751751120351026 0.094184863947101655 0.21206676112478592 0
1042 1 1 163987200 -108326749.4745073 -109410837.92186849 7140592.1810768796 25.72816652062814 -16.244708958082665 -4.2367302340498849 1642.467287623107 0.060155890944527175 0.093205321154205906 0.21206404721071728 0
1043 1 1 164073600 -106089089.05745994 -110799248.94537051 6774067.5649094181 26.06900515257016 -15.893058092068117 -4.2474850422796022 1641.940228717441 0.061552725515645695 0.092265034361225587 0.21198642020975764 0
1044 1 1 164160000 -103822118.75853507 -112156919.62972344 6406653.1497172052 26.406601422193251 -15.533118112205523 -4.2573237290009001 1641.4133869336642 0.062940672856332508 0.091365482766032555 0.21183385486122208 0
1045 1 1 164246400 -101526127.76737937 -113483131.54415454 6038429.0538982712 26.740744867470948 -15.164837621281093 -4.2662238844482792 1640.8868537160474 0.064318091255948937 0.090508078445758103 0.21160639943174794 0
1046 1 1 164332800 -99201423.712364405 -114777162.00774845 5669477.3474676944 27.071219125022459 -14.788169688579842 -4.274162744447219 1640.3607213456507 0.065683282531089668 0.089694161205832318 0.21130417638502316 0
1047 1 1 164419200 -96848333.171071067 -116038284.4897853 5299882.0820311019 27.397801918275857 -14.403072186004563 -4.281117205756364 1639.835082861031 0.06703449455678491 0.088924993663080404 0.21092738315539342 0
1048 1 1 164505600 -94467202.181200877 -117265769.03964339 4929729.3193392791 27.720265059646582 -14.009508136295027 -4.2870638435855541 1639.3100319757609 0.068369924840449153 0.088201756015102162 0.21047629327430015 0
1049 1 1 164592000 -92058396.750649855 -118458882.7473029 4559107.1582307359 28.038374467924122 -13.607446073106111 -4.2919789314215366 1638.785662993201 0.069687723953062192 0.087525541149283417 0.20995125654398145 0
1050 1 1 164678400 -89622303.365379959 -119616890.23546031 4188105.7597568952 28.351890202087468 -13.196860412611015 -4.2958384632837454 1638.2620707186359 0.070985999636856353 0.086897349780146765 0.20935269978890261 0
1051 1 1 164764800 -87159329.493613735 -120739054.18423291 3816817.3702754625 28.66056651280671 -12.777731836209163 -4.2986181785286348 1637.7393503688452 0.072262820735785827 0.08631808586835453 0.20868112674048739 0
1052 1 1 164851200 -84669904.084769025 -121824635.88939071 3445336.342285872 28.96415191291257 -12.350047683827166 -4.300293589325249 1637.2175974796262 0.073516221598322037 0.08578855190989082 0.20793711831931178 0
1053 1 1 164937600 -82154478.061438218 -122872895.85500523 3073759.1527718352 29.262389268170381 -11.913802357187956 -4.3008400109084617 1636.6969078108416 0.074744207101606508 0.08530944483182272 0.20712133242448383 0
1054 1 1 165024000 -79613524.802599221 -123883094.42134488 2702184.4188054861 29.555015909677987 -11.468997732308857 -4.3002325947323579 1636.1773772497543 0.075944756991122006 0.084881351842859665 0.20623450351417122 0
1055 1 1 165110400 -77047540.616133019 -124854492.42877962 2330712.9101581471 29.841763769243837 -11.015643580390538 -4.2984463646234587 1635.6591017128312 0.077115831519698586 0.084504746341552861 0.2052774422069418 0
1056 1 1 165196800 -74457045.19860208 -125786351.91837701 1959447.5586544077 30.122359539116964 -10.553757996103696 -4.295456256031299 1635.1421770458091 0.07825537665889104 0.084179984660588417 0.20425103454306007 0
1057 1 1 165283200 -71842582.08012788 -126677936.86978322 1588493.4639976234 30.396524857412761 -10.083367832171872 -4.291237158471727 1634.6266989227456 0.079361329848834414 0.083907302212666707 0.20315624106977617 0
1058 1 1 165369600 -69204719.052088678 -127528513.97687882 1217957.8957874351 30.663976520582892 -9.6045091389889006 -4.2857639612447764 1634.1127627441322 0.080431625767361362 0.08368681109217431 0.20199409569320845 0
1059 1 1 165456000 -66544048.575244427 -128337353.46158542 847950.29144310416 30.924426724245063 -9.1172276078782257 -4.2790116025005229 1633.6004635345735 0.081464202390381199 0.083518496706061346 0.20076570429940963 0
1060 1 1 165542400 -63861188.165782034 -129103729.92607208 478582.24974114972 31.177583333661062 -8.621579016446578 -4.2709551216987931 1633.0898958398661 0.082457007283510519 0.083402216008598595 0.19947224356523402 0
1061 1 1 165628800 -61156780.75666631 -129826923.24346982 109967.51967207955 31.423150185091284 -8.1176296743225969 -4.261569715516222 1632.5811536241538 0.083408003845598599 0.083337695000798517 0.19811495886169764 0
1062 1 1 165715200 -58431495.031577364 -130506219.48704845 -257778.01568357481 31.660827419201237 -7.6054568674224345 -4.2508307972303347 1632.0743301676039 0.084315178081963871 0.08332452757710411 0.19669516257483677 0
1063 1 1 165801600 -55686025.728617385 -131140911.89764117 -624536.36055985268 31.890311847608871 -7.0851492987073552 -4.2387140595735255 1631.5695179642412 0.085176545074426332 0.083362174086933319 0.19521423206129149 0
1064 1 1 165888000 -52921093.910880245 -131730301.88892214 -990187.43349080021 32.111297353562001 -6.5568075232652072 -4.2251955410654993 1631.0668086214002 0.085990155825978382 0.083449960433666509 0.19367360697469965 0
1065 1 1 165974400 -50137447.200895824 -132273700.08994471 -1354609.100175749 32.323475327625317 -6.0205443753438264 -4.210251695771472 1630.5662927601559 0.086754103911264036 0.083587078141907356 0.19207478736686967 0
1066 1 1 166060800 -47335859.975891262 -132770427.42413814 -1717677.2125175407 32.526535139129372 -5.4764853848298944 -4.1938594664358657 1630.068059917397 0.087466532620233087 0.083772584218543819 0.19041933037816119 0
1067 1 1 166147200 -44517133.520751603 -133219816.22373697 -2079265.6541231165 32.720164643981043 -4.9247691805121034 -4.1759963609146649 1629.5721984501877 0.088125641805128857 0.084005401905572319 0.18870884773491231 0
1068 1 1 166233600 -41682096.135519736 -133621211.37837993 -2439246.3925453452 32.904050729237902 -4.365547877303487 -4.1566405317723287 1629.0787954423017 0.088729694428890921 0.084284321638411139 0.18694500269463726 0
1069 1 1 166320000 -38831603.194247521 -133973971.51636626 -2797489.5385345006 33.077879894693453 -3.7989874444614702 -4.1357708589212923 1628.5879366137603 0.089277023850395265 0.084608002732928303 0.18512950657955271 0
1070 1 1 166406400 -35966537.151997425 -134277470.21679357 -3153863.4125548676 33.241338871485567 -3.2252680517009105 -4.1133670351200635 1628.0997062333445 0.089766040176134543 0.084974975578829076 0.18326411565139122 0
1071 1 1 166492800 -33087807.49680436 -134531097.25052997 -3508234.6188041708 33.394115277508583 -2.644584389989201 -4.089409654117607 1627.6141870343893 0.090195237302911069 0.08538364414321295 0.18135062746259897 0
1072 1 1 166579200 -30196350.643435642 -134734259.84768948 -3860468.1269549197 33.535898309157702 -2.0571459637027814 -4.0638803012133744 1627.1314601345987 0.090563199075076289 0.085832289118259505 0.17939087707408111 0
1073 1 1 166665600 -27293129.765841145 -134886383.98899093 -4210427.3618142782 33.666379468654092 -1.4631773507387276 -4.036761645944642 1626.6516049599395 0.090868605896239268 0.08631907138146365 0.17738673341381192 0
1074 1 1 166752000 -24379134.56526142 -134986915.71808058 -4557974.3010729011 33.7852533259098 -0.86291842709990252 -4.0080375365921519 1626.1746991730051 0.091110240556712421 0.086842036403889128 0.17534009507413256 0
1075 1 1 166838400 -21455380.971066512 -135035322.47159752 -4902969.5812850455 33.892218313576365 -0.25662455243373589 -3.9776930961455936 1625.700818605852 0.091286994352040851 0.087399118839249654 0.17325288661399285 0
1076 1 1 166924800 -18522910.771527939 -135031094.42345604 -5245272.6121891467 33.986977553602557 0.35543328698714399 -3.9457148193436931 1625.230037197897 0.091397872653257967 0.087988147368208383 0.17112705401457429 0
1077 1 1 167011200 -15582791.1718871 -134973745.83951721 -5584741.6994442036 34.06923971326276 0.97296838136501307 -3.912090670363142 1624.7624269392238 0.091442000065853485 0.088606850512074051 0.16896456077443339 0
1078 1 1 167097600 -12636114.277274031 -134862816.43851545 -5921234.1758172438 34.138719888277109 1.5956782500374391 -3.876810180679275 1624.2980578188353 0.09141862541045162 0.089252862827301896 0.1667673836075923 0
1079 1 1 167184000 -9683996.4982513469 -134697872.75481212 -6254606.5408161636 34.195140510288653 2.2232446470628804 -3.8398645466159285 1623.8369977787161 0.091327126471872272 0.089923731081062497 0.16453750792524349 0
1080 1 1 167270400 -6727577.8770110002 -134478509.49826416 -6584714.6087181047 34.238232275572393 2.8553336229961102 -3.8012467260403042 1623.3793126736628 0.091167013887985732 0.090616921381206181 0.16227692376738989 0
1081 1 1 167356800 -3768021.3325376813 -134204350.90621313 -6911413.6648947764 34.267735091490103 3.4915956459629363 -3.7609515336334947 1622.9250662367363 0.090937935048892832 0.091329826433541358 0.15998762136730765 0
1082 1 1 167443200 -806511.82336901734 -133875052.08234833 -7234558.630286674 34.283399036843036 4.1316657849261658 -3.7189757341496041 1622.4743200506789 0.09063967731667022 0.092059773245144222 0.15767158686164379 0
1083 1 1 167529600 2155744.5730682947 -133490300.31695113 -7554004.2338253325 34.28498533189827 4.7751639577999985 -3.675318133030359 1622.0271335249938 0.090272170792288914 0.09280403118511335 0.15533079825272766 0
1084 1 1 167616000 5117521.6651873365 -133049816.38281569 -7869605.1925474694 34.272267313522164 5.4216952467735346 -3.6299796637399631 1621.5835638789833 0.089835490610153945 0.093559820220198986 0.15296722098602314 0
1085 1 1 167702400 8077574.2362667229 -132553355.8009472 -8181216.3990894025 34.245031410520468 6.070850282879924 -3.5829634711516456 1621.1436661303426 0.089329858744987556 0.094324319680946386 0.15058280425909462 0
1086 1 1 167788800 11034639.217567889 -132000710.06998117 -8488693.116191199 34.203078113965866 6.7222057014602843 -3.5342749903184627 1620.7074930896256 0.088755645081913179 0.095094676824486871 0.14817947661215672 0
1087 1 1 167875200 13987436.944875117 -131391707.85314162 -8791891.1777827777 34.146222937017221 7.3753246697659813 -3.4839220199374195 1620.2750953599495 0.088113368225968991 0.095868016243508797 0.1457591427837136 0
1088 1 1 167961600 16934672.497304149 -130726216.11646841 -9090667.1961628664 34.074297358486653 8.0297574874757665 -3.4319147898205014 1619.8465213415359 0.087403695579353041 0.096641448763543109 0.14332367971177756 0
1089 1 1 168048000 19875037.116718724 -130004141.21199825 -9384878.7747250609 33.987149744187505 8.6850422603962514 -3.3782660217116987 1619.421817241674 0.086627442811422359 0.097412080818078145 0.14087493327318196 0
1090 1 1 168134400 22807209.705571722 -129225429.89958344 -9674384.7256261911 33.884646239941517 9.3407056471060503 -3.3229909827637947 1619.0010270887742 0.085785572921278155 0.098177023953218021 0.13841471530899468 0
1091 1 1 168220800 25729858.400453575 -128390070.3010767 -9959045.2917352021 33.766671630003607 9.9962636777195755 -3.2661075310502889 1618.5841927508745 0.084879194593430393 0.098933404116800239 0.13594480024933814 0
1092 1 1 168307200 28641642.218087584 -127498092.78070766 -10238722.372147679 33.633130154599527 10.65122264336088 -3.2076361524785457 1618.1713539577725 0.083909560124214438 0.099678371090789558 0.13346692312573613 0
1093 1 1 168393600 31541212.769967169 -126549570.74562475 -10513279.750496697 33.483946280273507 11.305080054341266 -3.1475999885265971 1617.7625483261988 0.082878062747073475 0.10040910799718777 0.13098277661673022 0
1094 1 1 168480000 34427216.041287266 -125544621.36077482 -10782583.325244971 33.319065416795191 11.957325664395233 -3.0860248542726603 1617.3578113880151 0.081786233314651388 0.10112284037738654 0.12849400940331296 0
1095 1 1 168566400 37298294.229286909 -124483406.17255075 -11046501.34109685 33.138454574511691 12.607442557704777 -3.0229392462197988 1616.9571766205897 0.080635736681911749 0.10181684540958108 0.12600222411210171 0
1096 1 1 168652800 40153087.635600537 -123366131.6359456 -11304904.62063043 32.942102956223195 13.2549082948308 -2.958374339494001 1616.5606754786668 0.079428367432162902 0.10248846111168039 0.12350897610079661 0
1097 1 1 168739200 42990236.606713593 -122193049.54031353 -11557666.795214785 32.730022477924805 13.899196113025383 -2.8923639740478961 1616.1683374272677 0.078166045279053353 0.10313509482457636 0.12101577218424701 0
1098 1 1 168825600 45808383.516144373 -120964457.32925703 -11804664.534249734 32.502248213088166 14.539776175813728 -2.824944629581331 1615.7801899750539 0.076850809767244205 0.10375423206482165 0.11852407002566903 0
1099 1 1 168912000 48606174.781530052 -119680698.31062371 -12045777.771743415 32.258838755563069 15.176116866164637 -2.7561553889724184 1615.3962587075389 0.075484814775515635 0.10434344472203076 0.11603527737119661 0
1100 1 1 168998400 51382262.909390077 -118342161.75311342 -12280889.929229097 31.999876496662704 15.807686117016175 -2.6860378900853159 1615.016567319268 0.074070322757854246 0.10490039917558948 0.11355075229041725 0
1101 1 1 169084800 54135308.5599792 -116949282.86655374 -12509888.134014029 31.725467812507173 16.433952772441717 -2.6146362659173374 1614.6411376444178 0.072609698114600885 0.10542286407537882 0.11107180301867932 0
1102 1 1 169171200 56863982.624328256 -115502542.66350368 -12732663.431755496 31.435743158302902 17.054387972291899 -2.5419970731484334 1614.2699896855131 0.071105400656965037 0.10590871780370734 0.10859968856009457 0
1103 1 1 169257600 59566968.305312194 -114002467.70048058 -12949110.992366873 31.130857066906689 17.668466552766922 -2.4681692092268346 1613.9031416388414 0.069559978931428651 0.10635595558903659 0.10613561956647027 0
1104 1 1 169344000 62242963.194385193 -112449629.6977713 -13159130.30827347 30.810988049677142 18.275668455060401 -2.3932038182477564 1613.5406099165853 0.06797606249703167 0.10676269634118744 0.10368075915503516 0
1105 1 1 169430400 64890681.335480362 -110844645.03747891 -13362625.38406427 30.476338398379493 18.875480133971706 -2.3171541859663862 1613.1824091649403 0.066356354941579807 0.10712718904024129 0.10123622429865273 0
1106 1 1 169516800 67508855.267500237 -109188174.14016375 -13559504.916618476 30.127133887673629 19.467395958224753 -2.2400756243772064 1612.8285522773037 0.064703625887190752 0.10744781895954858 0.098803087259002803 0
1107 1 1 169603200 70096238.036815196 -107480920.72115542 -13749682.464827755 29.763623378485651 20.05091959414862 -2.1620253463893406 1612.4790504021394 0.063020703295726441 0.10772311333799672 0.096382377372715516 0
1108 1 1 169689600 72651605.171248779 -105723630.92833418 -13933076.608084738 29.386078323383401 20.625565364376495 -2.0830623312228962 1612.1339129450957 0.061310465414395318 0.10795174676256664 0.093975082637604679 0
1109 1 1 169776000 75173756.607159808 -103917092.36389698 -14109611.092765814 28.994792175857448 21.190859573325614 -2.0032471812218486 1611.7931475645921 0.059575832543955647 0.10813254636720156 0.091582151991207575 0
1110 1 1 169862400 77661518.561429232 -102062132.99332851 -14279214.965999162 28.590079706213135 21.746341791389714 -1.9226419708589328 1611.4567601603169 0.057819758867552237 0.10826449639275998 0.089204497238941791 0
1111 1 1 169948800 80113745.340428725 -100159619.94548342 -14441822.696080551 28.172276227546828 22.291566090051191 -1.8413100887971714 1611.1247548543956 0.056045224046214683 0.10834674281012659 0.086842995047938951 0
1112 1 1 170035200 82529321.078377515 -98210458.208344162 -14597374.278975595 27.741736736014847 22.826102220465877 -1.7593160739102827 1610.7971339646817 0.054255224755325321 0.10837859713411392 0.084498489234837909 0
1113 1 1 170121600 84907161.397890359 -96215589.225646064 -14745815.330427643 27.298834970306654 23.349536728508344 -1.6767254462261931 1610.4738979697183 0.052452766110926752 0.10835954043756857 0.082171792790243114 0
1114 1 1 170208000 87246214.985972375 -94175989.400142804 -14887097.163276281 26.843962395888422 23.861473999774013 -1.5936045338066587 1610.1550454649446 0.050640853198502818 0.10828922665588997 0.079863689931138848 0
1115 1 1 170294400 89545465.079221338 -92092668.509825885 -15021176.849679785 26.377527120170779 24.361537228598646 -1.510020296597584 1609.8405731098376 0.048822482400883688 0.10816748583525086 0.077574938119036388 0
1116 1 1 170380800 91803930.852555677 -89966668.043896422 -15148017.268025765 25.899952745277346 24.849369305801627 -1.4260401483179499 1609.5304755656587 0.047000632750231516 0.10799432704238819 0.075306269690040964 0
1117 1 1 170467200 94020668.706381187 -87799059.465715334 -15267587.134406777 25.411677165546415 25.324633620531479 -1.3417317774551898 1609.2247454236021 0.045178257200656914 0.10776994088061907 0.07305839367810997 0
1118 1 1 170553600 96194773.44774285 -85590942.410328344 -15379861.018629747 24.913151317272316 25.787014772328288 -1.2571629684351424 1608.9233731229049 0.043358273931073076 0.10749470194858032 0.070831997142932299 0
1119 1 1 170640000 98325379.361672014 -83343442.824462175 -15484819.344820345 24.404837888485694 26.236219190278156 -1.172401424029524 1608.6263468586144 0.041543557592071526 0.10716917096838867 0.068627746409627266 0
1120 1 1 170726400 100411661.16961905 -81057711.057127059 -15582448.376774276 23.887209996777806 26.671975656896411 -1.0875145900365022 1608.3336524792094 0.039736930552529671 0.10679409632353579 0.06644628788106427 0
1121 1 1 170812800 102452834.87256221 -78734919.909130946 -15672740.188295349 23.360749843291817 27.094035735188363 -1.0025694832361998 1608.0452733736638 0.037941153974068519 0.10637041590067205 0.064288248733480047 0
1122 1 1 170899200 104448158.47708528 -76376262.649907932 -15755692.618845038 22.825947351046551 27.502174098125437 -0.9176325235799726 1607.7611903475208 0.036158919136581091 0.10589925827002247 0.0621542371366463 0
1123 1 1 170985600 106396932.60342236 -73982951.010098711 -15831309.214909112 22.283298795702848 27.896188760535836 -0.83276937152300923 1607.4813814883751 0.034392838384664753 0.10538194356065364 0.060044842230255968 0
1124 1 1 171072000 108298500.97516239 -71556213.158286214 -15899599.157562844 21.733305436752811 28.275901214188892 -0.74804477135365821 1607.205822020595 0.032645436382974645 0.10481998420795301 0.057960633487975873 0
1125 1 1 171158400 110152250.7909871 -69097291.670189574 -15960577.176787348 21.176472156910705 28.641156467583006 -0.66352240129820983 1606.9344841489969 0.030919141155128865 0.10421508532312343 0.055902160048515198 0
1126 1 1 171244800 111957612.97947752 -66607441.498461194 -16014263.453153424 20.613306117187921 28.991822992630958 -0.57926473111197874 1606.6673368918334 0.029216275000319543 0.1035691445731617 0.053869949267069006 0
1127 1 1 171331200 113714062.33865562 -64087927.951011963 -16060683.507548038 20.044315434804297 29.327792581090993 -0.4953328877968291 1606.4043459032798 0.027539045682143614 0.10288425176640857 0.05186450502165816 0
1128 1 1 171417600 115421117.56252758 -61540024.68551708 -16099868.079669956 19.470007890676296 29.64898011419502 -0.41178652999384852 1606.1454732853451 0.025889537343803934 0.10216268805574708 0.04988630554318986 0
1129 1 1 171504000 117078341.15746051 -58965011.727434665 -16131852.996064868 18.890889672760501 29.95532324945675 -0.32868373152166763 1605.8906773896572 0.024269701588427291 0.10140692446793215 0.047935800839808668 0
1130 1 1 171590400 118685339.25174195 -56364173.518502921 -16156679.028507758 18.307464161033501 30.246782029119228 -0.24608087445481189 1605.6399126098472 0.022681348432697951 0.10061961990805574 0.046013409393520451 0
1131 1 1 171676800 120241761.30215189 -53738797.002278283 -16174391.743570577 17.720230759352685 30.523338415124183 -0.16403255203982997 1605.3931291648439 0.021126137478719841 0.099803618616422077 0.044119514816351381 0
1132 1 1 171763200 121747299.70180312 -51090169.752839498 -16185041.344234714 17.129683778875744 30.784995755822337 -0.082591481665200403 1605.1502728739038 0.019605568928304978 0.098961946689781644 0.042254461723730742 0
1133 1 1 171849600 123201689.29388562 -48419578.152319647 -16188682.504424101 16.536311377135814 31.031778189925816 -0.001808428032172818 1604.9112849245425 0.018120974938111069 0.098097807948436352 0.040418551197426461 0
1134 1 1 171936000 124604706.79628031 -45728305.622442849 -16185374.197343107 15.940594556278599 31.263729993411459 0.078267863422058326 1604.6761016344676 0.016673510960401389 0.097214578603414148 0.038612035972679697 0
1135 1 1 172022400 125956170.14228258 -43017630.914742723 -16175179.518504698 15.343006223365741 31.480914875226976 0.15759072286491721 1604.4446542091398 0.015264147342488278 0.09631580102094324 0.036835115016034516 0
1136 1 1 172108800 127255937.74290298 -40288826.463630155 -16158165.504330141 14.744010315065301 31.683415227734557 0.23611560226045325 1604.2168684966618 0.013893661244755526 0.095405176131381803 0.035087927856446856 0
1137 1 1 172195200 128503907.67638735 -37543156.805963993 -16134402.947190652 14.144060988466803 31.87133133783292 0.31380011156946125 1603.9926647424199 0.012562628838793459 0.094486554364159717 0.033370548423737871 0
1138 1 1 172281600 129700016.81072463 -34781877.07026653 -16103966.207745405 13.543601879200217 32.044780564666787 0.39060404517753838 1603.7719573459124 0.011271418080039576 0.093563925168068648 0.031682978745128439 0
1139 1 1 172368000 130844239.86498812 -32006231.538218793 -16066933.025408514 12.943065427501201 32.203896489730845 0.46648939882557688 1603.5546546229064 0.010020181966368282 0.092641404563803806 0.03002514218347509 0
1140 1 1 172454400 131936588.415391 -29217452.280575037 -16023384.327751881 12.342872272351576 32.348828045031759 0.54142037737385429 1603.3406585763823 0.0088088524798521257 0.091723220983689499 0.028396876804886981 0
1141 1 1 172540800 132977109.85192546 -26416757.869153708 -15973404.03961971 11.743430713355963 32.479738624786819 0.61536339377550486 1603.1298646801029 0.0076371355240550821 0.090813698888115177 0.02679792838065893 0
1142 1 1 172627200 133965886.29140766 -23605352.166099329 -15917078.89269699 11.14513623957045 32.596805185901268 0.68828705966917325 1602.9221616795326 0.0065045067279623746 0.089917240112539876 0.025227943505775483 0
1143 1 1 172713600 134903033.4526647 -20784423.191167243 -15854498.236236276 10.548371124100312 32.700217342217208 0.76016216805103043 1602.7174314147844 0.0054102086654284776 0.089038302964988325 0.023686463000600788 0
1144 1 1 172800000 135788699.49948114 -17955142.067363817 -15785753.849606587 9.9535040829184531 32.790176457238744 0.830961668507749 1602.5155486708463 0.0043532492271924593 0.0881813788114056 0.022172915418833917 0
1145 1 1 172886400 136623063.85677597 -15118662.04488172 -15710939.757285299 9.3608899960388712 32.866894739725979 0.90066063551945708 1602.3163810609396 0.0033324019037578026 0.087350966076580605 0.020686611163527224 0
1146 1 1 172972800 137406336.00530621 -12276117.602903966 -15630152.046868905 8.7708696888989 32.930594346235786 0.96923623036533113 1602.1197889488199 0.0023462076296734001 0.086551541909427265 0.019226737111437305 0
1147 1 1 173059200 138138754.25999811 -9428623.6285122279 -15543488.69063182 8.1837697715670945 32.981506494359074 1.0366676571812707 1601.9256254158959 0.0013929790079584632 0.085787531451174112 0.017792352199674108 0
1148 1 1 173145600 138820584.53679147 -6577274.6716252221 -15451049.371114234 7.5999025331904306 33.019870590067022 1.1029361137298501 1601.7337362791704 0.00047080639573016282 0.085063274935128524 0.016382383848795645 0
1149 1 1 173232000 139452119.11265174 -3723144.2746127336 -15352935.311171358 7.0195658889341912 33.045933372249948 1.1680247374549872 1601.5439601655771 -0.00042243322814823842 0.084382992979388435 0.014995625856683884 0
1150 1 1 173318400 140033675.38316301 -867284.37497814104 -15249249.108866435 6.4430433765475659 33.059948077211516 1.2319185473982317 1601.3561286476136 -0.001289065063689795 0.0837507505676474 0.013630737515286494 0
1151 1 1 173404800 140565594.62186137 1989275.2207224912 -15140094.577540467 5.8706041995840881 33.06217362556125 1.2946043825457265 1601.170066444603 -0.0021316026080730075 0.083170420058895175 0.01228624434364488 0
1152 1 1 173491200 141048240.74520946 4845527.2937547192 -15025576.591342181 5.3025033142555813 33.052873833651887 1.3560708371836612 1600.9855916925417 -0.0029527309909478934 0.082645644225266546 0.010960540753697741 0
1153 1 1 173577600 141481999.08684954 7700487.6030765325 -14905800.93645218 4.738981556854557 33.032316651420587 1.4163081938239419 1600.8025162842487 -0.0037552878687286341 0.08217979971522188 0.0096518943695081526 0
1154 1 1 173664000 141867275.184591 10553195.210559141 -14780874.168276796 4.1802658107317168 33.000773428268211 1.4753083520325712 1600.6206462922048 -0.0045422412968181072 0.08177596220329357 0.0083584521142190202 0
1155 1 1 173750400 142204493.58217406 13402712.744219333 -14650903.473374611 3.6265691716129282 32.958518212613335 1.5330648004563849 1600.4397820234205 -0.0053175764135165232 0.081436855118257531 0.0070792286439455322 0
1156 1 1 173836800 142494096.64539233 16248126.596319368 -14515996.539220814 3.0780911569819387 32.905826917810678 1.5895723857954591 1600.2597255298131 -0.006082054654711116 0.081162650571523054 0.0058070478831813216 0
1157 1 3 173863807.33918035 142574926.213581 17136576.919742025 -14472831.090449769 2.9077457287383934 32.887259431045365 1.6069789587394583 1600.2035717862354 0 0 0 218
1158 1 1 173923200 142736543.44429246 19088547.095175572 -14376261.444421822 2.5350193511334873 32.842978005205069 1.6448272427113302 1600.0802315968997 -0.0067958803671094416 0.080995432338141174 0.0045393023258424089 0
1159 1 1 174009600 142932306.23354194 21923106.380854297 -14231805.422472859 1.9974668137726279 32.770193322863271 1.6988544786355182 1599.9030750688016 -0.0074634778617433135 0.08090889939754374 0.0032530893723934653 0
1160 1 1 174096000 143081895.49910942 24750982.38614127 -14082746.593470303 1.4664777261819453 32.688561568841351 1.7512546518481515 1599.6950980637014 0.019803309138638543 0.10656636857723015 -0.010606977642004266 0
1161 1 1 174182400 143185906.79110551 27571443.222881325 -13929235.291207219 0.94217165061760522 32.598344210810275 1.8020456811548902 1599.4530792332434 0.018124784891186418 0.10604707041693669 -0.011273021545474665 0
1162 1 1 174268800 143244872.25228107 30383712.494656082 -13771387.077544237 0.42377641475704986 32.498991626281686 1.851645082374842 1599.2155799132024 0.016438136316551142 0.10555480304520144 -0.011871225277706161 0
1163 1 1 174355200 143259311.12894475 33187015.405430991 -13609306.071878819 -0.08851591742029194 32.390834407005904 1.9000274164859983 1598.9795978793081 0.014785052273963569 0.10502589837973526 -0.012474992226095315 0
1164 1 1 174441600 143229755.84165737 35980602.837490261 -13443097.297642721 -0.59458847732849207 32.274140923598665 1.9471959851191754 1598.7451357840766 0.013161536977649241 0.1044705315147778 -0.013076401916253335 0
1165 1 1 174528000 143156748.42842734 38763748.797566876 -13272865.426057532 -1.0943353994922527 32.149177934642339 1.9931555452811205 1598.5121825091248 0.011567799798723723 0.10388984726548024 -0.013675230668718959 0
1166 1 1 174614400 143040839.62190634 41535750.238689862 -13098714.67435931 -1.5876612228632723 32.016209788412702 2.0379118403154997 1598.2807271196148 0.010003976164520726 0.10328499838456687 -0.014271186415297274 0
1167 1 1 174700800 142882587.96623871 44295926.838041283 -12920748.722350942 -2.0744805235975301 31.87549810453956 2.081471557122943 1598.0507582113817 0.0084701667172650159 0.10265711107206249 -0.014863996714617404 0
1168 1 1 174787200 142682558.96628985 47043620.747578986 -12739070.633534798 -2.5547175341246575 31.727301463477218 2.1238422650374611 1597.8222639519092 0.0069664325933307047 0.10200728913541381 -0.015453397968083954 0
1169 1 1 174873600 142441324.26984724 49778196.319058582 -12553782.781434737 -3.0283057610059787 31.57187512420964 2.1650323567274481 1597.5952321153147 0.0054927977988098358 0.10133661318068238 -0.016039135859770157 0
1170 1 1 174960000 142159460.88284811 52499039.805837639 -12364986.78095632 -3.495187602841769 31.409470768912875 2.2050509906889122 1597.3696501166689 0.0040492513219622271 0.10064613982118954 -0.016620965421714994 0
1171 1 1 175046400 141837550.41756395 55205559.043744661 -12172783.424642002 -3.9553139696792692 31.240336273501878 2.2439080354587975 1597.1455050454235 0.0026357491171031732 0.099936901127132854 -0.017198651045293032 0
1172 1 1 175132800 141476178.37355781 57897183.113201253 -11977272.623669164 -4.4086439052144266 31.06471550293719 2.2816140156246836 1596.9227836980388 0.0012522161593436932 0.099209903980156666 -0.017771966428508302 0
1173 1 1 175219200 141075933.45111799 60573361.984687291 -11778553.353433033 -4.8551442129539621 30.882848130151924 2.318180059690925 1596.7014726095326 -0.00010145164233070852 0.098466129934640517 -0.018340694522918598 0
1174 1 1 175305600 140637406.89678472 63233566.149540171 -11576723.603552179 -5.2947890873847197 30.694969477433098 2.3536178498452793 1596.4815580840727 -0.0014253855350330968 0.097706534666151965 -0.018904627477296775 0
1175 1 1 175392000 140161191.88049138 65877286.237976901 -11371880.332130885 -5.7275597510778793 30.50131037908999 2.3879395736571873 1596.2630262245848 -0.0027197420787418202 0.096932048028275375 -0.019463566568141182 0
1176 1 1 175478400 139647882.90377516 68504032.626128972 -11164119.424110513 -6.1534440985465508 30.302097064244283 2.4211578777311211 1596.0458629613097 -0.0039847013598963863 0.096143573722602571 -0.020017322005953592 0
1177 1 1 175564800 139098075.23844013 71113335.033777192 -10953535.653540373 -6.572436347570167 30.097551058582162 2.4532858233220907 1595.8300540793998 -0.0052204652647592003 0.095341989460057577 -0.020565712886338575 0
1178 1 1 175651200 138512364.39500087 73704742.114376381 -10740222.649598755 -6.9845366986008175 29.887889103927151 2.484336843911807 1595.6155852454458 -0.0064272558288794093 0.094528146836236143 -0.021108566984452942 0
1179 1 1 175737600 137891345.6201849 76277821.038860127 -10524272.866194891 -7.3897510027763662 29.673323094510593 2.5143247047375259 1595.402442032959 -0.0076053136966820105 0.093702871629091272 -0.021645720620742281 0
1180 1 1 175824000 137235613.42273146 78832157.07462135 -10305777.554983886 -7.7880904389713921 29.454060028840072 2.5432634642557104 1595.1906099469047 -0.008754896442194092 0.092866963745042663 -0.022177018428610817 0
1181 1 1 175910400 136545761.12668902 81367353.160968974 -10084826.741628522 -8.1795712002473007 29.23030197609868 2.5711674375149114 1594.9800744471684 -0.0098762772994313245 0.092021197705502433 -0.02270231322765821 0
1182 1 1 175996800 135822380.45138752 83883029.482272536 -9861509.2051443476 -8.5642141899829287 29.002246056039645 2.5980511614038861 1594.7708209708971 -0.010969743578325733 0.091166322735641278 -0.023221465851386264 0
1183 1 1 176083200 135066061.11723825 86378823.039915949 -9635912.4601674452 -8.9420447278985673 28.770084431366705 2.6239293617442474 1594.5628349540482 -0.012035595477456265 0.090303063141836809 -0.023734344830430947 0
1184 1 1 176169600 134277390.47650063 88854387.224097416 -9408122.7419871893 -9.3130922661282032 28.534004311642647 2.6488169221849236 1594.3561018518405 -0.013074144700807812 0.089432118710833827 -0.024240826252405239 0
1185 1 1 176256000 133456953.16814233 91309391.386431888 -9178224.9941904657 -9.6773901154331945 28.294187967795079 2.6727288548489705 1594.1506071582235 -0.014085713337103734 0.088554165063142648 -0.02474079356784847 0
1186 1 1 176342400 132605330.79591481 93743520.41423215 -8946302.8587679062 -10.034975181603633 28.050812756333439 2.6956802726882856 1593.946336424367 -0.015070632661316108 0.087669854151733465 -0.025234137325244634 0
1187 1 1 176428800 131723101.62876356 96156474.307271406 -8712438.6685367357 -10.385887712042262 27.804051152430393 2.7176863634947077 1593.7432752761895 -0.01602924206271451 0.086779814676030603 -0.025720754974948704 0
1188 1 1 176515200 130810840.32269508 98547967.757757798 -8476713.4417394083 -10.73017105248711 27.554070791057448 2.738762365514773 1593.5414094311116 -0.016961887979778652 0.08588465251160797 -0.026200550587647045 0
1189 1 1 176601600 129869117.66322789 100917729.73418315 -8239206.8786818311 -11.067871413796819 27.301034515415122 2.758923544611775 1593.3407247137734 -0.017868923100965974 0.084984951335403305 -0.026673434704752336 0
1190 1 1 176688000 128898500.32756227 103265503.06964517 -7999997.3602800416 -11.399037648677099 27.045100431931324 2.7781851729174076 1593.1412070708534 -0.018750705196426468 0.084081273036690732 -0.027139324102067229 0
1191 1 1 176774400 127899550.66561702 105591044.05518033 -7759161.948388976 -11.72372103820712 26.786421971140218 2.796562508920561 1592.9428425851652 -0.01960759648620311 0.083174158274855109 -0.027598141508779483 0
1192 1 1 176860800 126872826.49909236 107894122.03858761 -7516776.3877915191 -12.041975088001641 26.525147953803181 2.8140707789338606 1592.7456174887784 -0.020439962710455405 0.082264127094602929 -0.028049815434458794 0
1193 1 1 176947200 125818880.93773517 110174519.02916917 -7272915.109731474 -12.353855333814094 26.261422661662355 2.8307251598800507 1592.5495181753333 -0.021248172464491271 0.08135167939691211 -0.028494279914474851 0
1194 1 1 177033600 124738262.21200001 112432029.30876431 -7027651.2368788188 -12.659419156373241 25.995385912256239 2.846540763340653 1592.3545312116689 -0.022032596404800087 0.080437295488241592 -0.028931474355727901 0
1195 1 1 177120000 123631513.52131693 114666459.04940285 -6781056.5896206731 -12.958725605228171 25.727173137268394 2.8615326208110474 1592.160643348685 -0.022793606664461789 0.079521436640592899 -0.02936134326018713 0
1196 1 1 177206400 122499172.89719872 116877625.93786335 -6533201.6935760146 -13.251835231366538 25.456915463917205 2.8757156701080095 1591.9678415313606 -0.023531576217335329 0.07860454575818164 -0.029783836020790128 0
1197 1 1 177292800 121341773.08043966 119065358.80737752 -6284155.7882371433 -13.538809928357052 25.184739798919942 2.8891047428709209 1591.776112908077 -0.024246878353816753 0.077687047785010843 -0.030198906762117252 0
1198 1 1 177379200 120159841.41168053 121229497.27668507 -6033986.8366456721 -13.819712781758399 24.910768914601949 2.9017145531047022 1591.5854448393379 -0.024939886072548951 0.076769350358661656 -0.030606514088310052 0
1199 1 1 177465600 118953899.73463729 123369891.3966063 -5782761.5360152693 -14.094607926534335 24.635121536758295 2.9135596867118543 1591.3958249057214 -0.025610971700943251 0.07585184434037584 -0.031006620925344588 0
1200 1 1 177552000 117724464.31131236 125486401.3042687 -5530545.3292180616 -14.363560412207811 24.357912433894008 2.9246545919608087 1591.2072409153157 -0.026260506351727619 0.074934904273838282 -0.031399194316138274 0
1201 1 1 177638400 116472045.74853233 127578896.88509092 -5277402.4170558034 -14.626636075484008 24.079252507512333 2.9350135708429259 1591.0196809104254 -0.026888859592013991 0.074018889135237312 -0.031784205206788041 0
1202 1 1 177724800 115197148.93517768 129647257.44260176 -5023395.7712412784 -14.883901420073423 23.799248883134943 2.9446507712663901 1590.8331331736642 -0.027496399017721707 0.073104142636171543 -0.032161628343174313 0
1203 1 1 177811200 113900272.98949526 131691371.37614448 -4768587.1480196565 -15.135423503441919 23.518005001766682 2.9535801800427746 1590.6475862336233 -0.028083489914383142 0.07219099389641935 -0.032531441990583991 0
1204 1 1 177897600 112581911.21590506 133711135.86649339 -4513037.102363144 -15.381269830221184 23.235620711549366 2.9618156166196545 1590.46302886987 -0.028650494965315441 0.071279757891447582 -0.032893627877437902 0
1205 1 1 177984000 111242551.07073881 135706456.56938899 -4256805.002676636 -15.621508252012307 22.9521923593624 2.969370727514316 1590.2794501174483 -0.029197773963172542 0.070370735987933516 -0.033248170960236759 0
1206 1 1 178070400 109882674.13636878 137677247.31697699 -3999949.0459553422 -15.856206873317658 22.667812882158664 2.9762589814099178 1590.0968392708294 -0.029725683528501076 0.069464216494693004 -0.033595059278673241 0
1207 1 1 178156800 108502756.10320866 139623429.8271203 -3742526.2733390676 -16.08543396334148 22.382571897831703 2.9824936648708906 1589.9151858875384 -0.030234576881871145 0.068560474938098345 -0.033934283812817906 0
1208 1 1 178243200 107103266.75909027 141544933.42053577 -3484592.5860113129 -16.309257873407841 22.096555795446395 2.9880878786394178 1589.7344797911824 -0.030724803710197757 0.067659774849549326 -0.034265838338229763 0
1209 1 1 178329600 105684669.98554219 143441694.74569255 -3226202.7613946246 -16.527746959741453 21.809847824671426 2.9930545344749304 1589.554711074022 -0.03119670984363828 0.066762367929118882 -0.034589719320522454 0
1210 1 1 178416000 104247423.76051687 145313657.51139846 -2967410.4695967725 -16.740969511370484 21.522528184269603 2.997406352503706 1589.3758700991939 -0.031650637253531705 0.065868494745734307 -0.034905925703323577 0
1211 1 1 178502400 102791980.16713428 147160772.22698706 -2708268.290065079 -16.948993682913454 21.234674109522778 3.0011558590442591 1589.1979475025078 -0.032086923759661289 0.064978384955010099 -0.035214458829577196 0
1212 1 1 178588800 101318785.40803035 148982995.95000687 -2448827.7284093644 -17.151887432016458 20.946359958475789 3.004315384873991 1589.0209341939499 -0.032505902998531455 0.064092257868947219 -0.035515322312728387 0
1213 1 1 178675200 99828279.824917793 150780292.04130879 -2189139.2333566658 -17.349718461220579 20.657657296907626 3.0068970639071719 1588.8448213586596 -0.03290790429910715 0.063210322835958496 -0.035808521944037476 0
1214 1 1 178761600 98320897.922986284 152552629.92741597 -1929252.2138033952 -17.54255416404003 20.368634981940634 3.0089128322572547 1588.6696004575774 -0.033293252626134348 0.062332779670706107 -0.036094065509497564 0
1215 1 1 178848000 96797068.399786919 154299984.87005645 -1669215.0559329467 -17.730461575036387 20.079359244210693 3.0103744276538484 1588.4952632279224 -0.033662268366207886 0.061459818917370179 -0.036371962765504147 0
1216 1 1 178934400 95257214.178265288 156022337.74273083 -1409075.1403693801 -17.913507323692105 19.78989376853999 3.0112933891877169 1588.3218016832382 -0.034015267496495499 0.060591622397631682 -0.036642225277273573 0
1217 1 1 179020800 93701752.443622604 157719674.814183 -1148878.8593397397 -18.091757591884125 19.500299773058334 3.0116810573609047 1588.1492081131305 -0.034352561314659004 0.059728363428090209 -0.036904866346517982 0
1218 1 1 179107200 92131094.683702558 159391987.53863928 -888671.63381979894 -18.265278074765842 19.210636086726648 3.0115485744170036 1587.9774750828076 -0.0346744565564851 0.05887020728746592 -0.037159900900069806 0
1219 1 1 179193600 90545646.732617125 161039272.35267386 -628497.93063994136 -18.434133944881591 18.920959225230199 3.0109068849295588 1587.8065954322255 -0.034981255317673245 0.05801731149411983 -0.037407345423185648 0
1220 1 1 179280000 88945808.817339823 162661530.47856113 -368401.27952985308 -18.598389819333047 18.631323465209082 3.009766736627089 1587.6365622750807 -0.035273255036022529 0.057169826132392527 -0.037647217869031781 0
1221 1 1 179366400 87331975.607009739 164258767.73396814 -108424.2900823463 -18.758109729833855 18.341780916807014 3.0081386814370252 1587.4673689975618 -0.035550748540056472 0.056327894169729595 -0.037879537540511078 0
1222 1 1 179452800 85704536.264704004 165830994.34784284 151391.33138173792 -18.9133570954879 18.052381594525166 3.006033076727642 1587.2990092568443 -0.03581402394449533 0.055491651806094271 -0.038104325075205073 0
1223 1 1 179539200 84063874.501450419 167378224.78234947 411004.76506379002 -19.064194698140415 17.763173486370139 3.0034600867299863 1587.1314769793512 -0.036063364820651346 0.054661228709885629 -0.038321602346592737 0
1224 1 1 179625600 82410368.632263198 168900477.5607056 670376.06106789515 -19.21068466015571 17.474202621291784 3.0004296841275124 1586.9647663588451 -0.036299050130895343 0.053836748331491324 -0.038531392337100678 0
1225 1 1 179712000 80744391.633999601 170397775.10077116 929466.12292512739 -19.352888424474955 17.185513134913709 2.9969516517912496 1586.7988718542908 -0.036521354252824385 0.053018328162655608 -0.038733719237895717 0
1226 1 1 179798400 79066311.20484592 171870143.55424333 1188236.6912736108 -19.490866736824753 16.897147333559513 2.9930355846517855 1586.6337881875982 -0.03673054707479978 0.052206079968366612 -0.038928608158464328 0
1227 1 1 179884800 77376489.825252101 173317612.65131027 1446650.3277058958 -19.624679629945149 16.6091457565879 2.9886908916942048 1586.4695103411743 -0.036926893956079412 0.051400110141446173 -0.039116085240757652 0
1228 1 1 179971200 75675284.820146203 174740215.55061701 1704670.3987932121 -19.754386409718201 16.321547237044747 2.9839267980578876 1586.3060335552527 -0.037110655930778814 0.050600519771655375 -0.039296177532969559 0
1229 1 1 180057600 73963048.42226994 176137988.69440049 1962261.0602955024 -19.880045643076262 16.034388960648439 2.9787523472342436 1586.1433533251952 -0.037282089550272977 0.049807405005695159 -0.03946891296722746 0
1230 1 1 180144000 72240127.836485535 177510971.66864961 2219387.2415650692 -20.001715147580452 15.747706523133186 2.9731764033497212 1585.9814653985156 -0.037441447145062798 0.049020857279101111 -0.039634320275380788 0
1231 1 1 180230400 70506865.304914922 178859207.06814858 2476014.6301508271 -20.119451982567647 15.461533985961966 2.9672076535238197 1585.8203657718263 -0.037588976785034034 0.048240963381406744 -0.039792428972652547 0
1232 1 1 180316800 68763598.172779813 180182740.36626559 2732109.6566091278 -20.233312441758841 15.175903930436162 2.9608546102922966 1585.6600506877523 -0.037724922349138545 0.047467805790610045 -0.039943269282912162 0
1233 1 1 180403200 67010658.954820462 181481619.78934658 2987639.4795264537 -20.343352047238586 14.890847510229612 2.9541256140858301 1585.5005166315946 -0.037849523637052573 0.046701462810246397 -0.040086872146167025 0
1234 1 1 180489600 65248375.402178682 182755896.19558278 3242571.970758399 -20.449625544714866 14.606394502369813 2.9470288357580916 1585.3417603279377 -0.037963016443213739 0.045942008777953305 -0.040223269082999176 0
1235 1 1 180576000 63477070.569638476 184005622.95821491 3496875.7008888628 -20.552186899971193 14.322573356694329 2.939572279151665 1585.1837787371387 -0.038065632593139373 0.045189514186090358 -0.040352492314707819 0
1236 1 1 180662400 61697062.883124493 185230855.85294715 3750519.9249123181 -20.651089296430708 14.039411243811397 2.9317637836979005 1585.026569051784 -0.03815760006247762 0.044444045883408057 -0.040474574535322445 0
1237 1 1 180748800 59908666.207365341 186431652.94944066 4003474.5681420597 -20.746385133758114 13.756934101597219 2.923611027043548 1584.8701286929524 -0.038239143092417972 0.043705667253972985 -0.040589549050823626 0
1238 1 1 180835200 58112189.913636148 187608074.50676236 4255710.2123460639 -20.83812602742146 13.475166680257114 2.9151215276946911 1584.71445530644 -0.038310482164797176 0.042974438299520454 -0.040697449647739671 0
1239 1 1 180921600 56307938.947499476 188760182.87266597 4507198.0821121223 -20.92636280914779 13.194132585981832 2.906302647677752 1584.5595467589944 -0.038371834206610778 0.042250415803356735 -0.040798310579779867 0
1240 1 1 181008000 54496213.896470875 189888042.38658616 4757910.0314432159 -21.011145528209642 12.913854323233306 2.8971615952073555 1584.4054011343508 -0.038423412631616749 0.04153365347882066 -0.040892166579307256 0
1241 1 1 181094400 52677311.05753956 190991719.28622693 5007818.5305835819 -21.092523453475827 12.63435333569233 2.8877054273585303 1584.2520167292178 -0.038465427402211927 0.040824202127096997 -0.04097905278087028 0
1242 1 1 181180800 50851522.504480951 192071281.61763227 5256896.6530757695 -21.170545076171944 12.355650045896217 2.8779410527400668 1584.0993920492892 -0.038498085171118947 0.040122109645962786 -0.041059004697830366 0
1243 1 1 181267200 49019136.154902063 193126799.14862543 5505118.0630484205 -21.245258113295453 12.077763893600869 2.8678752341612319 1583.94752580514 -0.038521589343942647 0.039427421234243872 -0.041132058260893681 0
1244 1 1 181353600 47180435.836965449 194158343.28550944 5752457.0027340595 -21.31670951163288 11.800713372902075 2.8575145912892284 1583.7964169079951 -0.038536140196435364 0.038740179458933294 -0.04119824976143574 0
1245 1 1 181440000 45335701.355741777 195165986.99292177 5998888.2802160922 -21.38494545232874 11.524516068145459 2.8468656032972901 1583.6460644655747 -0.038541934888934447 0.038060424368165736 -0.041257615791592157 0
1246 1 1 181526400 43485208.55914554 196149804.71674031 6244387.2574040061 -21.450011355964282 11.249188688658544 2.8359346114977333 1583.4964677778205 -0.038539167705862167 0.037388193572196395 -0.041310193266895529 0
1247 1 1 181612800 41629229.403411239 197109872.3099415 6488929.8382352469 -21.511951888100107 10.974747102334568 2.8247278219552276 1583.3476263325829 -0.038528029985032908 0.036723522282844492 -0.041356019427959856 0
1248 1 1 181699200 39768032.018072702 198046266.96131042 6732492.4571019746 -21.570810965240014 10.701206368102547 2.8132513080803991 1583.1995398013187 -0.038508710307729475 0.0360664434687838 -0.041395131783558338 0
1249 1 1 181785600 37901880.770409621 198959067.12691015 6975052.067501069 -21.626631761183994 10.428580767315873 2.8015110132021261 1583.0522080346445 -0.038481394598647876 0.035416987908903005 -0.041427568094112854 0
1250 1 1 181872000 36031036.329330169 199848352.46421731 7216586.1309052333 -21.67945671372847 10.156883834084558 2.7895127531127506 1582.9056310579388 -0.038446266147103274 0.034775184168532494 -0.04145336642378717 0
1251 1 1 181958400 34155755.72866077 200714203.76883343 7457072.6058528312 -21.729327531680877 9.8861283845872912 2.7772622185878975 1582.7598090669287 -0.0384035057270126 0.03414105880548117 -0.041472565022855706 0
1252 1 1 182044800 32276292.429817326 201556702.91368634 7696489.9372543627 -21.776285202161201 9.6163265453917539 2.7647649778783352 1582.6147424231792 -0.038353291745020321 0.033514636294478158 -0.041485202405207235 0
1253 1 1 182131200 30392896.383834343 202375932.79063621 7934817.0459127882 -21.82036999815703 9.3474897808104007 2.7520264791705205 1582.470431649577 -0.038295800248781299 0.032895939156505821 -0.041491317289029384 0
1254 1 1 182217600 28505814.092731409 203171977.25440529 8172033.3182552168 -21.861621486303417 9.0796289193247475 2.7390520530168705 1582.3268774257997 -0.038231205045245784 0.032284987989103994 -0.041490948608982947 0
1255 1 1 182304000 26615288.670198563 203944921.06875011 8408118.5962730832 -21.900078534864441 8.812754179103079 2.7258469147321369 1582.1840805837235 -0.038159677793746918 0.031681801484954378 -0.041484135525861283 0
1256 1 1 182390400 24721559.901584402 204694849.85480189 8643053.1676679868 -21.935779321890571 8.5468751926394742 2.7124161667579569 1582.0420421028698 -0.0380813880802615 0.031086396453126011 -0.041470917349843837 0
1257 1 1 182476800 22824864.303172503 205421850.04149735 8876817.7562004123 -21.968761343529351 8.2820010305436877 2.6987648009935281 1581.9007631058203 -0.03799650351905328 0.030498787899559888 -0.041451333586194343 0
1258 1 1 182563200 20925435.180734001 206126008.81803042 9109393.5122382157 -21.999061422467587 8.0181402245088638 2.6848977010899548 1581.7602448535524 -0.037905189806878757 0.029918989049206694 -0.041425423914963178 0
1259 1 1 182649600 19023502.687345762 206807414.08825293 9340762.0035018064 -22.026715716486525 7.7553007894795458 2.6708196447082848 1581.6204887407614 -0.03780761086348404 0.02934701130845016 -0.041393228218290522 0
1260 1 1 182736000 17119293.880465306 207466154.4269574 9570905.2060028799 -22.051759727108383 7.4934902450475391 2.656535305741925 1581.4814962912278 -0.037703928786441111 0.028782864342060226 -0.041354786521344056 0
1261 1 1 182822400 15213032.778255228 208102319.03797558 9799805.4951736256 -22.074228308320052 7.2327156361018154 2.6420492565037059 1581.343269153142 -0.037594304094797061 0.028226556071260196 -0.041310139002336557 0
1262 1 1 182908800 13304940.415151076 208715997.71403104 10027445.637183281 -22.094155675357914 6.972983552754485 2.6273659698745959 1581.2058090943697 -0.037478895665592711 0.027678092678081113 -0.041259326015584373 0
1263 1 1 182995200 11395234.896668339 209307280.79828039 10253808.780438647 -22.111575413535277 6.7143001495672685 2.6124898214144263 1581.0691179977289 -0.037357860885642614 0.027137478617865658 -0.041202388082668108 0
1264 1 1 183081600 9484131.4534452483 209876259.14748958 10478878.447265513 -22.126520487102514 6.4566711641007073 2.5974250914382142 1580.9331978563087 -0.037231355688614159 0.026604716601003629 -0.041139365810493475 0
1265 1 1 183168000 7571842.4945191862 210423024.0967814 10702638.525767723 -22.139023248123575 6.200101934811534 2.5821759670517204 1580.7980507686739 -0.037099534615981755 0.026079807684143398 -0.04107030006422243 0
1266 1 1 183254400 5658577.6598358331 210947667.42590401 10925073.261860512 -22.149115445360501 5.9445974183152384 2.5667465441507207 1580.6636789340894 -0.036962550947337899 0.025562751107645321 -0.040995231756391783 0
1267 1 1 183340800 3744543.8719907873 211450281.32696301 11146167.25147509 -22.156828233151835 5.6901622060368284 2.5511408293845466 1580.5300846478049 -0.036820556677126526 0.02505354443627103 -0.040914202007158333 0
1268 1 1 183427200 1829945.3872047714 211930958.37356728 11365905.432931053 -22.162192180275614 5.4368005402740103 2.5353627420789908 1580.3972702961801 -0.036673702661460965 0.024552183497727583 -0.040827252075960122 0
1269 1 1 183513600 -85016.154466013541 212389791.49133751 11584273.079473514 -22.165237278787586 5.1845163296867876 2.5194161161253805 1580.2652383519405 -0.036522138596996614 0.024058662346253114 -0.04073442333519376 0
1270 1 1 183600000 -2000141.6796816613 212826873.92972922 11801255.791971793 -22.165992952825711 4.9333131642368979 2.5033047018308805 1580.133991369351 -0.036366013157498926 0.023572973306667976 -0.040635757348322733 0
1271 1 1 183686400 -3915234.6331293434 213242299.23512357 12016839.491776308 -22.164488067371774 4.6831943295942704 2.4870321677316674 1580.0035319793953 -0.036205473937900308 0.02309510688994805 -0.040531295807767445 0
1272 1 1 183772800 -5830100.9295889828 213636161.22514006 12231010.413730597 -22.160750936965531 4.4341628210292079 2.4706021023702935 1579.873862884926 -0.036040667667214914 0.022625051847429942 -0.040421080580108043 0
1273 1 1 183859200 -7744548.9067496015 214008553.9641282 12443755.099335395 -22.154809334363442 4.1862213568097859 2.454018016037248 1579.7449868557733 -0.035871740116186213 0.022162795127068091 -0.040305153651610304 0
1274 1 1 183945600 -9658389.2787709609 214359571.73979598 12655060.39006158 -22.14669049913303 3.939372391116378 2.4372833424772735 1579.6169067239587 -0.035698836222910264 0.021708321773208628 -0.040183557173746345 0
1275 1 1 184032000 -11571435.090584923 214689309.04093403 12864913.420809034 -22.136421146179757 3.6936181264957963 2.4204014405581189 1579.4896253787963 -0.035522100065434957 0.0212616150526376 -0.040056333485975149 0
1276 1 1 184118400 -13483501.672930418 214997860.53619641 13073301.613508085 -22.124027474201583 3.4489605258713776 2.4033755959059144 1579.3631457619765 -0.035341675005093276 0.020822656351017248 -0.039923525052197456 0
1277 1 1 184204800 -15394406.598115584 215285321.05390027 13280212.670860907 -22.109535174066355 3.2054013241172199 2.3862090225060011 1579.2374708626865 -0.035157703639594029 0.020391425079944053 -0.039785174529687703 0
1278 1 1 184291200 -17303969.636500139 215551785.56280723 13485634.570219589 -22.092969437104319 2.9629420392193442 2.368904864268226 1579.112603712731 -0.034970327844622597 0.019967898789890328 -0.039641324747451231 0
1279 1 1 184377600 -19212012.713690538 215797349.15385231 13689555.557598051 -22.074354963317617 2.7215839830366995 2.3514661965598589 1578.9885473815766 -0.034779688883957723 0.019552053029295708 -0.039492018698432912 0
1280 1 1 184464000 -21118359.868440658 216022107.0227851 13891964.141815059 -22.053715969498661 2.4813282716740774 2.3338960277053782 1578.8653049714569 -0.034585927318188305 0.019143861389930145 -0.039337299552173251 0
1281 1 1 184550400 -23022837.211249851 216226154.45369151 14092849.088765247 -22.031076197255896 2.2421758354828483 2.3161973004528349 1578.7428796124441 -0.034389183143559078 0.018743295422189481 -0.039177210673569628 0
1282 1 1 184636800 -24925272.883650355 216409586.8033635 14292199.415815515 -22.006458920944759 2.0041274287013904 2.2983728934078225 1578.6212744574921 -0.034189595727997762 0.018350324642214602 -0.039011795622084781 0
1283 1 1 184723200 -26825497.018175717 216572499.48648724 14490004.386323918 -21.979886955501239 1.7671836387500379 2.2804256224354309 1578.5004926774473 -0.03398730391984698 0.01796491649735129 -0.038841098169521041 0
1284 1 1 184809600 -28723341.699001752 216714987.96161875 14686253.504278379 -21.951382664172812 1.531344895190492 2.2623582420324508 1578.3805374561664 -0.033782445908208919 0.017587036299444306 -0.038665162251283525 0
1285 1 1 184896000 -30618640.923251037 216837147.71792114 14880936.509052599 -21.920967966150773 1.2966114783633602 2.2441734466676109 1578.2614119855111 -0.033575159484440086 0.017216647238859451 -0.038484032063653292 0
1286 1 1 184982400 -32511230.562952477 216939074.2626335 15074043.370276414 -21.888664344098856 1.0629835277178326 2.2258738720920306 1578.143119460321 -0.033365581798301631 0.016853710380786653 -0.038297751969481729 0
1287 1 1 185068800 -34400948.327646568 217020863.10924661 15265564.282818224 -21.854492851572839 0.83046104983908209 2.2074620966202083 1578.0256630735196 -0.033153849500410892 0.016498184512475547 -0.038106366602611838 0
1288 1 1 185155200 -36287633.727627479 217082609.76636043 15455489.661876641 -21.818474120338976 0.59904392618821978 2.1889406423807274 1577.9090460110567 -0.032940098748690971 0.016150026251590337 -0.037909920810149843 0
1289 1 1 185241600 -38171128.037812479 217124409.72719729 15643810.138179112 -21.780628367582636 0.36873192056644855 2.1703119765399332 1577.7932714469371 -0.032724465132768422 0.015809189928434872 -0.03770845968068267 0
1290 1 1 185328000 -40051274.262229897 217146358.45974895 15830516.55328501 -21.740975403010143 0.13952468631046733 2.1515785124966849 1577.678342538203 -0.032507083770996939 0.015475627603625931 -0.037502028555623054 0
1291 1 1 185414400 -41927917.099115714 217148551.39753452 16015599.954990715 -21.69953463584239 -0.088578226767688686 2.132742611049582 1577.5642624198949 -0.0322880892106173 0.015149289038528767 -0.037290673033600577 0
1292 1 1 185500800 -43800902.906609863 217131083.93094593 16199051.592834456 -21.656325081697869 -0.31557736569118411 2.1138065815381157 1577.4510342001031 -0.032067615457401104 0.014830121592701829 -0.037074438955119311 0
1293 1 1 185587200 -45670079.669042327 217094051.39916226 16380862.913698573 -21.611365369369125 -0.54147336786530742 2.0947726829567999 1577.3386609549113 -0.031845795999436655 0.014518070331578101 -0.036853372452206164 0
1294 1 1 185673600 -47535296.963800371 217037549.0826112 16561025.557506857 -21.564673747488559 -0.76626695485335461 2.0756431250423537 1577.2271457233373 -0.031622763708346789 0.014213077882545508 -0.03662751994691197 0
1295 1 1 185760000 -49396405.928766526 216961672.19595847 16739531.353014773 -21.516268091084346 -0.98995892637504501 2.0564200693366885 1577.1164915023417 -0.031398650884676992 0.013915084478239586 -0.036396928134193075 0
1296 1 1 185846400 -51253259.230318591 216866515.88160703 16916372.313690443 -21.46616590802963 -1.2125501545157151 2.0371056302250161 1577.0067012417526 -0.031173589236461848 0.013624027909615071 -0.036161644013522815 0
1297 1 1 185932800 -53105711.031882145 216752175.20368713 17091540.633684292 -21.414384345380416 -1.4340415781411129 2.0177018759497583 1576.8977778392709 -0.030947709780374557 0.013339843491842666 -0.035921714871612748 0
1298 1 1 186019200 -54953616.963025659 216618745.14252087 17265028.683885239 -21.360940195606688 -1.6544341975075947 1.9982108296001688 1576.789724135404 -0.030721142934387005 0.013062464086936188 -0.035677188331643697 0
1299 1 1 186105600 -56796834.089089915 216466320.58954397 17436829.008061338 -21.305849902715789 -1.8737290690606019 1.9786344700782179 1576.6825429083679 -0.030494018371802389 0.012791820062007993 -0.035428112333652922 0
1300 1 1 186192000 -58635220.881341115 216294996.34266937 17606934.319082975 -21.24912956826623 -2.0919273004145449 1.958974733042721 1576.5762368690755 -0.030266465033806762 0.012527839296376129 -0.035174535138671206 0
1301 1 1 186278400 -60468637.187639453 216104867.10207662 17775337.495226614 -21.190794957276765 -2.3090300455084258 1.9392335118318171 1576.4708086560963 -0.030038611111705561 0.012270447102504535 -0.034916505322802764 0
1302 1 1 186364800 -62296944.203613497 215896027.46641254 17942031.576557368 -21.13086150402895 -2.5250384999281419 1.9194126583619406 1576.3662608305669 -0.029810583965583202 0.012019566302863898 -0.034654071853433145 0
1303 1 1 186451200 -64120004.444331393 215668571.92938972 18107009.761388119 -21.069344317763239 -2.7399538963884273 1.8995139840051884 1576.2625958710985 -0.029582510096350434 0.011775117168330714 -0.034387284036630272 0
1304 1 1 186537600 -65937681.716459513 215422594.87676749 18270265.402813811 -21.006258188272067 -2.9537775003698172 1.8795392604490035 1576.1598161687475 -0.029354515122413286 0.011537017444374216 -0.034116191495063716 0
1305 1 1 186624000 -67749841.090900108 215158190.58370456 18431792.00531904 -20.941617591389395 -3.1665106059041714 1.8594902205327224 1576.0579240218965 -0.029126723710767754 0.011305182299555181 -0.03384084428519827 0
1306 1 1 186710400 -69556348.875898898 214875453.21246901 18591583.22145696 -20.875436694375892 -3.3781545315013495 1.8393685590657776 1575.9569216312059 -0.028899259493848029 0.011079524400059998 -0.033561292756988562 0
1307 1 1 186796800 -71357072.590613008 214574476.81049469 18749632.848598175 -20.807729361203648 -3.5887106162117055 1.8191759336254791 1575.8568110944952 -0.028672245079732279 0.010859953847034604 -0.033277587737147771 0
1308 1 1 186883200 -73151880.939131767 214255355.30877113 18905934.825747702 -20.738509157740406 -3.7981802158203113 1.7989139653373487 1575.7575944016642 -0.028445801938692492 0.010646378210899197 -0.032989780318442213 0
1309 1 1 186969600 -74940643.784940675 213918182.52055845 19060483.230428558 -20.667789356834025 -4.00656469916549 1.778584239636489 1575.6592734295884 -0.028220050392223767 0.010438702531185963 -0.032697922100205092 0
1310 1 1 187056000 -76723232.12582083 213563052.14041367 19213272.275630295 -20.595582943299434 -4.2138654445765162 1.7581883070103048 1575.5618499369534 -0.027995109529999149 0.010236829352762373 -0.032402064979276023 0
1311 1 1 187142400 -78499518.069174469 213190057.74352083 19364296.306821138 -20.521902618806788 -4.4200838364272856 1.7377276837258717 1575.4653255591984 -0.027771097121964211 0.010040658676510482 -0.03210226131098088 0
1312 1 1 187228800 -80269374.807769284 212799292.78531316 19513549.799021997 -20.446760806674437 -4.6252212617979316 1.7172038525377935 1575.3697018033229 -0.027548129602752432 0.0098500880888058931 -0.031798563829251766 0
1313 1 1 187315200 -82032676.59589237 212390850.60138047 19661027.35394102 -20.370169656567569 -4.8292791072422512 1.6966182633809417 1575.2749800427255 -0.027326321971918085 0.0096650126408104175 -0.031491025696165596 0
1314 1 1 187401600 -83789298.725906193 211964824.40764984 19806723.697167329 -20.292141049102945 -5.0322587556557155 1.6759723340466226 1575.1811615120212 -0.027105787750201515 0.0094853250020381415 -0.031179700466971882 0
1315 1 1 187488000 -85539117.5051983 211521307.30083385 19950633.675422512 -20.212686600361629 -5.2341615832376016 1.6552674508454923 1575.0882473018885 -0.026886638886678194 0.009310915401638066 -0.030864642064089544 0
1316 1 1 187574400 -87282010.233517244 211060392.25913745 20092752.253868707 -20.131817666309502 -5.4349889565459435 1.6345049692514615 1574.9962383538216 -0.026668985680147875 0.0091416717013370393 -0.03054590491796523 0
1317 1 1 187660800 -89017855.18068637 210582172.14321432 20233074.513471574 -20.049545347129403 -5.6347422296383574 1.6136862145325923 1574.9051354548735 -0.026452936750888986 0.0089774794193769169 -0.030223543778934929 0
1318 1 1 187747200 -90746531.564687982 210086739.69736809 20371595.64841735 -19.965880491465406 -5.8334227412963813 1.5928124823686951 1574.8149392323853 -0.026238598938081874 0.0088182217606513954 -0.029897613875370641 0
1319 1 1 187833600 -92467919.530110732 209574187.55098853 20508310.963582464 -19.880833700578727 -6.0310318123291307 1.5718850394523245 1574.7256501486438 -0.026026077216127572 0.0086637796530563225 -0.029568170828323383 0
1320 1 1 187920000 -94181900.126952216 209044608.22021911 20643215.872054681 -19.794415332418858 -6.2275707429516132 1.550905124080221 1574.6372684955934 -0.025815474654014129 0.008514031809878678 -0.029235270622866159 0
1321 1 1 188006400 -95888355.289769664 208498094.10984609 20776305.892704669 -19.706635505610752 -6.4230408102339931 1.5298739467282685 1574.5497943893904 -0.025606892312721348 0.0083688547710134894 -0.028898969731096777 0
1322 1 1 188092800 -97587167.81717138 207934737.51540634 20907576.647806581 -19.617504103358289 -6.6174432656192783 1.508792690613562 1574.4632277649323 -0.025400429176281023 0.0082281229381018818 -0.028559324990958875 0
1323 1 1 188179200 -99278221.351642191 207354630.6255067 21037023.860706933 -19.527030777267282 -6.8107793325057626 1.4876625122466607 1574.3775683703909 -0.025196182094032779 0.0080917086291046377 -0.02821639364442495 0
1324 1 1 188265600 -100961400.35969585 206757865.5243485 21164643.353540443 -19.43522495108737 -7.0030502038892912 1.4664845419710202 1574.2928157616625 -0.024994245661794298 0.0079594821633284379 -0.027870233314885116 0
1325 1 1 188352000 -102636590.11234662 206144534.19445512 21290431.044992141 -19.342095824376205 -7.1942570400638308 1.4452598844902067 1574.2089692967299 -0.024794712209125991 0.0078313118736435278 -0.02752090204359478 0
1326 1 1 188438400 -104303676.66589499 205514728.51959395 21414382.948104359 -19.247652376085846 -7.3844009663760266 1.4239896193832318 1574.1260281299312 -0.024597671656903772 0.0077070642260692809 -0.027168458262485259 0
1327 1 1 188524800 -105962546.84301941 204868540.28789139 21536495.16812795 -19.151903368075047 -7.5734830710317373 1.4026748016102863 1574.0439912061468 -0.024403211549120125 0.0075866038082941911 -0.026812960770212533 0
1328 1 1 188611200 -107613088.2141685 204206061.19513473 21656763.900416654 -19.054857348544406 -7.7615044029504876 1.3813164620087974 1573.9628572549873 -0.024211416795949472 0.0074697934869423889 -0.026454468717117454 0
1329 1 1 188697600 -109255189.07924657 203527382.84825778 21775185.428363986 -18.956522655399333 -7.9484659696652313 1.3599156077779297 1573.8826247848228 -0.024022369801258745 0.0073564943915415109 -0.026093041647250955 0
1330 1 1 188784000 -110888738.44958712 202832596.76900509 21891756.121381398 -18.856907419544445 -8.1343687352653493 1.3384732229539142 1573.8032920766495 -0.023836150280526314 0.0072465660558230513 -0.025728739424523552 0
1331 1 1 188870400 -112513626.0302076 202121794.39777398 22006472.432917241 -18.756019568103863 -8.3192136183793242 1.316990268875297 1573.724857177926 -0.023652835182083741 0.0071398664317215412 -0.025361622306312073 0
1332 1 1 188956800 -114129742.20233941 201395067.09762722 22119330.898515455 -18.653866827576312 -8.5030014901940874 1.2954676846396298 1573.6473178962012 -0.023472498723302496 0.0070362520452070306 -0.02499175083293553 0
1333 1 1 189043200 -115736978.00622787 200652506.15847677 22230328.133913331 -18.550456726921393 -8.6857331725104103 1.273906387552036 1573.5706717926857 -0.023295212165090947 0.0069355779590995403 -0.024619185896521772 0
1334 1 1 189129600 -117335225.1241955 199894202.80143344 22339460.833177805 -18.445796600579051 -8.8674094358293427 1.252307273564828 1573.4949161756758 -0.023121043875841005 0.0068376980061520256 -0.02424398866284232 0
1335 1 1 189216000 -118924375.86396411 199120248.18332103 22446725.766879212 -18.339893591427511 -9.0480309974682491 1.2306712177093526 1573.4200480937632 -0.022950059211235583 0.0067424647281593801 -0.0238662206171543 0
1336 1 1 189302400 -120504323.14222889 198330733.40135112 22552119.780302029 -18.23275465367643 -9.2275985197061381 1.20899907451926 1573.3460643289168 -0.022782320456653935 0.0066497295528639352 -0.02348594351365552 0
1337 1 1 189388800 -122074960.46848062 197525749.49795839 22655639.791692033 -18.1243865556999 -9.4061126079522168 1.1872916784472687 1573.2729613893721 -0.022617886791673505 0.0065593428458446609 -0.023103219371995141 0
1338 1 1 189475200 -123636181.92906943 196705387.465792 22757282.790538903 -18.014795882809029 -9.5835738089385121 1.1655498442734347 1573.2007355023127 -0.022456814194489631 0.0064711540058743 -0.022718110486635391 0
1339 1 1 189561600 -125187882.17150593 195869738.25286266 22857045.835893985 -17.903989039965332 -9.7599826089336759 1.1437743675084562 1573.1293826064332 -0.022299155402905335 0.0063850115388490005 -0.022330679330378092 0
1340 1 1 189648000 -126729956.38899419 195018892.76784304 22954926.054722652 -17.79197225443891 -9.9353394319745583 1.1219660247900891 1573.0588983442262 -0.022144959893201848 0.0063007631948215591 -0.021940988628724564 0
1341 1 1 189734400 -128262300.30519208 194152941.88552091 23050920.640290424 -17.678751578408914 -10.109644638115064 1.1001255742710838 1572.9892780540547 -0.021994273738296457 0.0062182560001460682 -0.021549101315982516 0
1342 1 1 189820800 -129784810.15919353 193271976.45240185 23145026.850582544 -17.564332891511526 -10.28289852169098 1.0782537560035779 1572.920516762026 -0.021847139699173179 0.0061373363799852726 -0.021155080473182285 0
1343 1 1 189907200 -131297382.69072933 192376087.29246172 23237242.006756425 -17.448721903335674 -10.455101309595126 1.0563512923170735 1572.8526091735832 -0.021703597051010229 0.0060578502966348374 -0.020758989373061781 0
1344 1 1 189993600 -132799915.12558086 191465365.21304831 23327563.491626542 -17.331924155864975 -10.626253159566524 1.0344188881897285 1572.7855496649124 -0.021563681596746574 0.0059796432157162467 -0.020360891432720612 0
1345 1 1 190080000 -134292305.16120261 190539901.01092932 23415988.748181142 -17.213945025872665 -10.796354158487828 1.0124572316167078 1572.7193322740727 -0.021427425653279198 0.0059025603603653195 -0.019960850159289879 0
1346 1 1 190166400 -135774450.95254973 189599785.47848794 23502515.278130658 -17.094789727267219 -10.965404320688812 0.99046699397149784 1572.6539506918371 -0.021294857964581887 0.0058264466928060728 -0.019558929224975218 0
1347 1 1 190252800 -137246251.09810641 188645109.41006437 23587140.640486956 -16.974463313390196 -11.133403586257971 0.96844883036308016 1572.5893982523248 -0.021166003690288586 0.0057511470567985865 -0.019155192337795807 0
1348 1 1 190339200 -138707604.62611035 187675963.60844314 23669862.450173482 -16.852970679268559 -11.300351819357761 0.94640337998930169 1572.5256679233958 -0.021040884357245392 0.0056765062437417789 -0.018749703310601617 0
1349 1 1 190425600 -140158410.98096985 186692438.89148557 23750678.376665551 -16.730316563824562 -11.466248806541675 0.92433126648548314 1572.462752296721 -0.020919517899390821 0.0056023691401976489 -0.018342525966429289 0
1350 1 1 190512000 -141598570.00987062 185694626.09890825 23829586.142660737 -16.606505552042115 -11.631094255073224 0.90223309826926135 1572.4006435776396 -0.020801918545339394 0.0055285807468520264 -0.017933724188504793 0
1351 1 1 190598400 -143027981.94956723 184682616.09920564 23906583.522778686 -16.481542077090694 -11.794887791244669 0.88010946888058872 1572.3393335747851 -0.020688096847491382 0.0054549863442408218 -0.017523361860513283 0
1352 1 1 190684800 -144446547.41335735 183656499.79671949 23981668.342290372 -16.355430422410716 -11.95762895869268 0.85796095731910627 1572.2788136894558 -0.020578059654850035 0.0053814315492252867 -0.017111502857540921 0
1353 1 1 190771200 -145854167.37823325 182616368.13885251 24054838.475876227 -16.228174723760134 -12.119317216711577 0.83578812837854777 1572.2190749048093 -0.020471810102730609 0.0053077624157776577 -0.016698211003627492 0
1354 1 1 190857600 -147250743.17220911 181562312.12342906 24126091.846413072 -16.099778971223973 -12.279951938562364 0.81359153297647679 1572.160107774833 -0.020369347595998691 0.0052338255039776392 -0.016283550118520073 0
1355 1 1 190944000 -148636176.46182084 180494422.80620134 24195426.423789375 -15.970247011188027 -12.439532409774507 0.79137170848184346 1572.1019024131742 -0.02027066780070114 0.0051594680284850637 -0.015867583906928797 0
1356 1 1 191030400 -150010369.23979396 179412791.30850336 24262840.22374868 -15.839582548278226 -12.59805782644044 0.76912917904123623 1572.0444484818861 -0.020175762644010126 0.0050845378862017891 -0.015450375989044007 0
1357 1 1 191116800 -151373223.81287852 178317508.8250519 24328331.306761194 -15.707789147268404 -12.755527293501723 0.74686445589931649 1571.9877351799862 -0.020084620339059247 0.0050088837924266022 -0.015031989925736206 0
1358 1 1 191203200 -152724642.78984702 177208666.6318965 24391897.776922751 -15.574870234954307 -12.911939823024721 0.72457803771863816 1571.9317512320908 -0.019997225297789193 0.0049323553361489084 -0.014612489105042033 0
1359 1 1 191289600 -154064529.06965297 176086356.09451902 24453537.780881599 -15.44082910199791 -13.067294332465156 0.7022704108976241 1571.8764848770904 -0.019913558233067605 0.0048548030916317816 -0.014191936803912574 0
1360 1 1 191376000 -155392785.82974771 174950668.676083 24513249.50679234 -15.305668904745151 -13.221589642919445 0.67994204988607509 1571.8219238568404 -0.019833596137513069 0.0047760786953784523 -0.013770396102922765 0
1361 1 1 191462400 -156709316.51455262 173801695.94583556 24571031.183297146 -15.16939266701478 -13.374824477363726 0.657593417498335 1571.7680554050837 -0.019757312277926854 0.0046960348976168471 -0.013347929951938285 0
1362 1 1 191548800 -158014024.82408589 172639529.58766127 24626881.078533899 -15.032003281861067 -13.526997458876034 0.63522496522452143 1571.7148662366437 -0.01968467621627441 0.0046145257294462833 -0.012924601076202894 0
1363 1 1 191635200 -159306814.70273882 171464261.40879077 24680797.499171223 -14.893503513311945 -13.678107108842987 0.61283713354102054 1571.6623425370105 -0.019615653819457474 0.0045314064800305257 -0.012500472013279076 0
1364 1 1 191721600 -160587590.32820246 170275983.34866536 24732778.789470188 -14.753895998083534 -13.828151845149559 0.59043035221889162 1571.6104699524278 -0.01955020727523446 0.0044465338672719451 -0.01207560506360229 0
1365 1 1 191808000 -161856256.10054174 169074787.48795789 24782823.330372699 -14.613183247273756 -13.977129980349483 0.56800504063126778 1571.5592335805668 -0.019488295145507168 0.0043597660490625658 -0.011650062303622265 0
1366 1 1 191894400 -163112716.63141403 167860766.05775347 24830929.538616318 -14.471367648035828 -14.125039719816471 0.54556160805943055 1571.5086179619495 -0.019429872370151636 0.0042709627549323229 -0.011223905549577421 0
1367 1 1 191980800 -164356876.73343158 166634011.44889021 24877095.865875576 -14.328451465230797 -14.271879159874185 0.52310045399834315 1571.4586070723481 -0.019374890257310051 0.0041799853198384211 -0.010797196355143536 0
1368 1 1 192067200 -165588641.40966663 165394616.22146291 24921320.797929522 -14.184436843063184 -14.41764628590516 0.50062196846078355 1571.4091843162314 -0.019323296574025255 0.004086696775384072 -0.010369996005480268 0
1369 1 1 192153600 -166807915.84329677 164142673.11449084 24963602.853855617 -14.039325806700914 -14.562338970434981 0.47812653228098656 1571.3603325214324 -0.019275035538132739 0.0039909619574509114 -0.0099423654947882242 0
1370 1 1 192240000 -168014605.38738972 162878275.05575237 25003940.585249819 -13.893120263879561 -14.705954971193275 0.45561451741771353 1571.3120339352727 -0.019230047866850133 0.0038926475152330493 -0.0095143655266817524 0
1371 1 1 192326400 -169208615.55482537 161601515.1717875 25042332.575472802 -13.745822006493031 -14.848491929150045 0.43308628725747034 1571.2642702223411 -0.019188270799424 0.0037916220263722647 -0.0090860564779098422 0
1372 1 1 192412800 -170389852.00835606 160312486.79807213 25078777.438922379 -13.597432712171305 -14.989947366524584 0.41054219691681987 1571.217022464089 -0.019149638126899099 0.0036877560537534773 -0.0086574984351119218 0
1373 1 1 192499200 -171558220.55080146 159011283.48936519 25113273.820332091 -13.447953945848601 -15.130318684766824 0.38798259354479309 1571.1702711604198 -0.019114080276193931 0.0035809222346350122 -0.0082287511364434601 0
1374 1 1 192585600 -172713627.11537951 157697999.03023091 25145820.394095823 -13.297387161321968 -15.269603162510208 0.36540781662512106 1571.1239962335039 -0.019081524299559473 0.0034709953235846722 -0.0077998740207925058 0
1375 1 1 192672000 -173855977.75617051 156372727.44574001 25176415.863618601 -13.145733702800303 -15.407797953495168 0.34281819827877708 1571.078177034073 -0.019051893928311837 0.0033578522782357532 -0.0073709261600285276 0
1376 1 1 192758400 -174985178.63871619 155035563.01235151 25205058.960693572 -12.992994806448429 -15.544900084461572 0.32021406356743937 1571.0327923502757 -0.019025109650582891 0.0032413723153448342 -0.0069419662985263208 0
1377 1 1 192844800 -176101136.03075036 153686600.26897678 25231748.444905125 -12.839171601925903 -15.680906453008625 0.29759573079617618 1570.9878204192887 -0.019001088725596135 0.0031214370087565822 -0.0065130528392013621 0
1378 1 1 192931200 -177203756.29306406 152325934.02823213 25256483.103058286 -12.684265113920752 -15.815813825422278 0.27496351181763629 1570.9432389419387 -0.018979745218669061 0.0029979303093343986 -0.0060842438243544671 0
1379 1 1 193017600 -178292945.8705014 150953659.38787854 25279261.748634361 -12.528276263681869 -15.949618834468488 0.25231771233664091 1570.8990251003493 -0.018960990095976765 0.0028707386599834692 -0.0056555969579080512 0
1380 1 1 193104000 -179368611.28308931 149569871.74245483 25300083.221272934 -12.371205870551478 -16.082317977150176 0.22965863221542598 1570.855155578713 -0.018944731253599262 0.0027397510426745947 -0.0052271695871937167 0
1381 1 1 193190400 -180430659.1172986 148174666.79510561 25318946.386280339 -12.213054653498126 -16.21390761242866 0.20698656577967364 1570.8116065873082 -0.01893087359104657 0.0026048590418345763 -0.0047990187252908286 0
1382 1 1 193276800 -181478996.01743799 146768140.56960765 25335850.134164523 -12.053823232652235 -16.344383958906647 0.18430180212634997 1570.7683538897609 -0.018919319052133343 0.002465956938996258 -0.0043712010114626536 0
1383 1 1 193363200 -182513528.67718118 145350389.42259902 25350793.380196609 -11.893512130845263 -16.473743092473054 0.16160462543151938 1570.7253728335409 -0.018909966693421806 0.0023229417387002527 -0.0039437727907481405 0
1384 1 1 193449600 -183534163.83122677 143921510.05601195 25363775.063999105 -11.732121775156344 -16.601980943907158 0.13889531526041546 1570.682638383543 -0.018902712798459172 0.0021757133040101045 -0.0035167900148097547 0
1385 1 1 193536000 -184540808.24709234 142481599.52971599 25374794.149160992 -11.569652498467335 -16.729093296441778 0.11617414687947009 1570.6401251586631 -0.018897450935956923 0.0020241743536838848 -0.0030903083372415137 0
1386 1 1 193622400 -185533368.71704373 141030755.27437222 25383849.622879814 -11.406104541029642 -16.855075783284846 0.093441391568397897 1570.5978074711024 -0.01889407213640831 0.0018682305919870412 -0.0026643830771602996 0
1387 1 1 193708800 -186511752.0501596 139569075.10450441 25390940.495630749 -11.241478052045595 -16.979923885095346 0.070697316934510868 1570.5556593681488 -0.018892465003967403 0.0017077907828171217 -0.0022390692587497913 0
1388 1 1 193795200 -187475865.06453401 138096657.23178956 25396065.800862964 -11.075773091271113 -17.103632927416378 0.047942187228792101 1570.5136546759388 -0.018892516097479838 0.0015427667699162715 -0.0018144215907791308 0
1389 1 1 193881600 -188425614.57961863 136613600.2785731 25399224.594723392 -10.908989630654427 -17.226198078061874 0.025176263664594106 1570.4717670443833 -0.018894110566162099 0.0013730736183451258 -0.0013904944896626071 0
1390 1 1 193968000 -189360907.40870884 135120003.29161045 25400415.955808088 -10.741127556044818 -17.347614344455017 0.0023998047379278509 1570.4299699915609 -0.018897134003020746 0.0011986296613003291 -0.00096734209804354881 0
1391 1 1 194054400 -190281650.35158879 133615965.75604203 25399638.984941345 -10.572186669175551 -17.467876570918872 -0.020386933451143327 1570.3882369391047 -0.018901478996410547 0.0010193565909601549 -0.00054501832744308283 0
1392 1 1 194140800 -191187750.18735647 132101587.60960394 25396892.804982703 -10.402166689803121 -17.586979435916938 -0.04318369687330232 1570.3465412429086 -0.018907040108095019 0.00083517953881028515 -0.00012357680536295124 0
1393 1 1 194227200 -192079113.66738588 130576969.25707906 25392176.560662128 -10.23106725631477 -17.704917449243471 -0.065990233242824173 1570.3048562863951 -0.018913670425708726 0.0006460271360440974 0.00029692902210884891 0
1394 1 1 194313600 -192955647.50830078 129042211.58499338 25385489.418443598 -10.05888792620973 -17.82168494916079 -0.088806291688230871 1570.2631555798716 -0.018921220563161513 0.00045183164774248858 0.00071644594209936056 0
1395 1 1 194400000 -193817258.38507259 127497415.97656214 25376830.566417284 -9.8856281781909772 -17.937276099482432 -0.11163162241945966 1570.2214127958173 -0.018929549139611503 0.00025252903758295387 0.0011349209023260715 0
1396 1 1 194486400 -194663852.92430693 125942684.32688983 25366199.214220516 -9.7112874143034293 -18.051684886603194 -0.13446597639328264 1570.1796018021835 -0.018938515936722907 4.8059029521818077e-05 0.0015523010074707344 0
1397 1 1 194572800 -195495337.69770241 124378119.05842975 25353594.592987891 -9.535864961808949 -18.164905116473289 -0.15730910497466449 1570.1376967058475 -0.018947979844031751 -0.00016163476868714005 0.001968533502614007 0
1398 1 1 194659200 -196311619.21566838 122803823.13670716 25339015.95533067 -9.3593600750257053 -18.276930411513646 -0.18016075959602834 1570.0956718968193 -0.01895779827387075 -0.00037660476344440004 0.0023835657077008006 0
1399 1 1 194745600 -197112603.9211027 121219900.08631144 25322462.575345855 -9.1817719371752542 -18.387754207473193 -0.20302069141262527 1570.0535020912091 -0.018967826874894334 -0.00059689929691970759 0.002797345045422641 0
1400 1 1 194832000 -197898198.18332922 119626454.00716266 25303933.748655174 -9.0030996622512856 -18.497369750227836 -0.22588865095354727 1570.0111623721702 -0.018977919465252006 -0.00082256258124542851 0.0032098189802233761 0
1401 1 1 194918400 -198668308.29219878 118023589.59105688 25283428.792474255 -8.8233422969197211 -18.605770092517066 -0.24876438777054757 1569.9686282282578 -0.018987928013419288 -0.0010536345334960584 0.0036209349757470089 0
1402 1 1 195004800 -199422840.45235479 116411412.13849646 25260947.045712553 -8.6424988224526302 -18.712948090618614 -0.2716476500820823 1569.9258755889828 -0.018997702608427217 -0.0012901507486776096 0.0040306404996599855 0
1403 1 1 195091200 -200161700.77766845 114790027.5758103 25236487.869103942 -8.4605681567007061 -18.818896400959858 -0.29453818441308394 1569.8828808573066 -0.019007091521750404 -0.0015321423380277243 0.004438882959427945 0
1404 1 1 195177600 -200884795.28584608 113159542.47256958 25210050.645368811 -8.2775491561095951 -18.923607476664216 -0.31743573523113078 1569.8396209388713 -0.019015941270157745 -0.0017796358804668762 0.0048456096796886047 0
1405 1 1 195264000 -201592029.89321229 111520064.0593048 25181634.779407714 -8.0934406177797964 -19.027073564031703 -0.34034004457708195 1569.7960732680158 -0.019024096603144542 -0.0020326532728905827 0.0052507678840621533 0
1406 1 1 195350400 -202283310.40967259 109871700.24552982 25151239.698527116 -7.908241281574095 -19.129286698952374 -0.36325085169155386 1569.7522158305339 -0.019031400606014041 -0.0022912116778893588 0.0056543046262388496 0
1407 1 1 195436800 -202958542.53386196 108214559.63807862 25118864.852697689 -7.7219498322763247 -19.230238703251711 -0.38616789263572437 1569.7080271831721 -0.01903769473050507 -0.0025553233801992362 0.0060561668046225101 0
1408 1 1 195523200 -203617631.84848061 106548751.55976084 25084509.714845642 -7.5345649018042424 -19.329921180965936 -0.40909089990712727 1569.6634864699599 -0.019042818901586177 -0.0028249957106688565 0.0064563010666394442 0
1409 1 1 195609600 -204260483.81582418 104874386.06834231 25048173.781177286 -7.3460850714786403 -19.428325514547055 -0.43201960204955009 1569.6185734355272 -0.019046611529582438 -0.0031002309270159365 0.0068546538384639645 0
1410 1 1 195696000 -204887003.77351227 103191573.97585638 25009856.571537834 -7.1565088743517755 -19.525442860995362 -0.45495372325731015 1569.5732684355637 -0.019048909627819653 -0.0033810261104422652 0.0072511712143136986 0
1411 1 1 195782400 -205497096.93042061 101500426.86825259 24969557.629804458 -6.965834797599646 -19.621264147919501 -0.47789298297239141 1569.5275524445294 -0.019049548872952713 -0.0036673730794707375 0.0076457990201695622 0
1412 1 1 195868800 -206090668.36282375 99801057.125389144 24927276.524314567 -6.7740612849803723 -19.715780069522644 -0.5008370954750454 1569.4814070608516 -0.019048363702824391 -0.0039592582818544818 0.0080384826743100674 0
1413 1 1 195955200 -206667623.01075163 98093577.941375121 24883012.848329667 -6.5811867393612067 -19.808981082512584 -0.52378576946854372 1569.43481450988 -0.019045187359621317 -0.0042566626738422273 0.0084291672224546706 0
1414 1 1 196041600 -207227865.67456895 96378103.345269606 24836766.220535453 -6.3872095253190722 -19.900857401935497 -0.54673870765506061 1569.3877576447142 -0.019039852039854571 -0.0045595616389712918 0.0088177972755761891 0
1415 1 1 196128000 -207771301.01178184 94654748.222143888 24788536.285578944 -6.1921279718178353 -19.991398996933299 -0.56969560630418759 1569.3402199451591 -0.019032188936070699 -0.0048679249008533555 0.0092043169925546623 0
1416 1 1 196214400 -208297833.53407928 92923628.334513754 24738322.71464308 -5.9959403749640954 -20.080595586421325 -0.5926561548138235 1569.2921855151124 -0.019022028339600476 -0.0051817163743609852 0.0095886700124376729 0
1417 1 1 196300800 -208807367.60461643 91184860.34414877 24686125.206059806 -5.7986450008478112 -20.168436634686731 -0.61562003526211717 1569.2436390784819 -0.019009199768300462 -0.0055008941277821391 0.0099707994672765584 0
1418 1 1 196387200 -209299807.4355469 89438561.834264845 24631943.485962171 -5.6002400884707084 -20.254911346907019 -0.63858692194974975 1569.1945659738692 -0.018993532048752957 -0.0058254102444039212 0.010350647923386731 0
1419 1 1 196473600 -209775057.08581233 87684851.332108423 24575777.308976386 -5.4007238527652843 -20.34000866458635 -0.6615564809336284 1569.1449521482962 -0.018974853419144171 -0.0061552107499482488 0.010728157351074699 0
1420 1 1 196560000 -210233020.45919648 85923848.331937239 24517626.458954569 -5.2000944877092854 -20.423717260909655 -0.68452836955064778 1569.0947841501143 -0.018952991641744615 -0.00649023550481935 0.011103269093215896 0
1421 1 1 196646400 -210673601.30265287 84155673.318407521 24457490.74974915 -4.99835016954097 -20.506025536013158 -0.70750223593070694 1569.04404912123 -0.018927774148215802 -0.006830418117691312 0.011475923848374741 0
1422 1 1 196732800 -211096703.20491451 82380447.790372312 24395370.02602974 -4.7954890600779256 -20.586921612170954 -0.73047771849879795 1568.9927347888706 -0.018899028111741791 -0.0071756858653754425 0.011846061631548473 0
1423 1 1 196819200 -211502229.59539592 80598294.28509979 24331264.16414354 -4.5915093101439703 -20.666393328896568 -0.7534544454665365 1568.9408294570503 -0.018866580602100478 -0.0075259595931567377 0.01221362173436966 0
1424 1 1 196905600 -211890083.74339458 78809336.402918622 24265173.073020253 -4.386409063109256 -20.744428237957848 -0.77643203431119767 1568.8883219978402 -0.018830258681723579 -0.0078811536215713275 0.012578542729961362 0
1425 1 1 196992000 -212260168.75760442 77013698.832297608 24197096.695122346 -4.1801864585493096 -20.8210135983059 -0.79941009124224349 1568.8352018425337 -0.018789889598915293 -0.0082411756908206714 0.012940762419530214 0
1426 1 1 197078400 -212612387.58595085 75211507.375367105 24127035.007442199 -3.9728396360267397 -20.896136370916881 -0.82238821065621892 1568.781458972876 -0.018745300855562398 -0.0086059268626958296 0.01330021780009292 0
1427 1 1 197164800 -212946643.01575655 73402888.973890394 24054988.022546735 -3.7643667389997066 -20.969783213545242 -0.84536597457671436 1568.7270839124474 -0.018696320379589078 -0.0089753014396292685 0.01365684509068615 0
1428 1 1 197251200 -213262837.6742529 71587971.735691682 23980955.789671127 -3.5547659188647649 -21.041940475388135 -0.86834295208169676 1568.67206771826 -0.018642776671329922 -0.0093491868931603744 0.014010579621641034 0
1429 1 1 197337600 -213560874.02944434 69766884.961549029 23904938.395862512 -3.3440353391378173 -21.112594191661284 -0.8913186987162125 1568.6164019726521 -0.0185844989384947 -0.0097274637991944472 0.014361355904677896 0
1430 1 1 197424000 -213840654.39134243 67939759.172560155 23826935.96717532 -3.1321731797797927 -21.181730078085177 -0.91429275588852243 1568.5600787754915 -0.018521317278579096 -0.01011000576626396 0.014709107560475462 0
1431 1 1 197510400 -214102080.91357774 66106726.137988113 23746948.669919081 -2.9191776416717135 -21.249333525280168 -0.93726465025347594 1568.5030907368825 -0.018453062791971835 -0.010496679338383677 0.015053767266561373 0
1432 1 1 197596800 -214345055.59540734 64267918.90359541 23664976.711960495 -2.7050469512454351 -21.315389593072421 -0.96023389307772244 1568.4454309702639 -0.018379567784092197 -0.01088734400061094 0.015395266823499208 0
1433 1 1 197683200 -214569480.28412747 62423471.820473731 23581020.34408104 -2.4897793652778635 -21.379883004708553 -0.9831999795881744 1568.3870930859664 -0.018300665936360254 -0.011281852032352265 0.015733537049192097 0
1434 1 1 197769600 -214775256.67790899 60573520.574377798 23495079.861391436 -2.2733731758525129 -21.442798140979683 -1.0061623883040347 1568.3280711853299 -0.01821619244625124 -0.01168004854557486 0.016068507816986894 0
1435 1 1 197856000 -214962286.32906818 58718202.215570435 23407155.604804818 -2.0558267154961412 -21.504119034254753 -1.0291205803502315 1568.2683598553331 -0.018125984241838072 -0.012081771342199987 0.016400107994528856 0
1436 1 1 197942400 -215130470.64778957 56857655.189187452 23317247.962569799 -1.8371383624982993 -21.56382936242213 -1.0520739987528835 1568.2079541637734 -0.018029880163170094 -0.012486850929626982 0.016728265449766921 0
1437 1 1 198028800 -215279710.90631643 54992019.366129711 23225357.371865436 -1.6173065464181218 -21.621912442741358 -1.0750220677147988 1568.1468496550033 -0.017927721109912406 -0.012895110441451359 0.017052907028683402 0
1438 1 1 198115200 -215409908.24362564 53121436.074490212 23131484.320459552 -1.3963297537876616 -21.678351225604704 -1.0979641918714134 1568.0850423462268 -0.017819350294679254 -0.0133063656374727 0.017373958532613799 0
1439 1 1 198201600 -215520963.67060328 51246048.131524317 23035629.348432235 -1.174206534019604 -21.733128288207542 -1.1208997555259266 1568.0225287243331 -0.017704613413117347 -0.013720424796573033 0.017691344711469496 0
1440 1 1 198288000 -215612778.07574064 49365999.876170494 22937793.049966335 -0.95093550552501249 -21.786225828129496 -1.143828121863685 1567.9593057433328 -0.017583358850846637 -0.014137088766632269 0.018004989220656364 0
1441 1 1 198374400 -215685252.23136798 47481437.202129751 22837976.075206753 -0.72651536205120781 -21.837625656827708 -1.1667486321447909 1567.8953708223003 -0.017455437924304394 -0.014556150888988659 0.018314814625581276 0
1442 1 1 198460800 -215738286.8004452 45592507.591510803 22736179.132190544 -0.50094487924636577 -21.887309193040654 -1.1896606048734699 1567.8307218438811 -0.017320705054963765 -0.014977396984189196 0.018620742382337747 0
1443 1 1 198547200 -215771782.34393036 43699360.149049044 22632402.988849673 -0.27422292145977767 -21.935257456105969 -1.2125633349439076 1567.7653571533099 -0.017179018036299315 -0.015400605362802692 0.018922692828572278 0
1444 1 1 198633600 -215785639.32874593 41802145.636906572 22526648.475088716 -0.04634844878762312 -21.981451059191642 -1.2354560927631253 1567.6992755579652 -0.017030238252793442 -0.015825546768720763 0.019220585127189493 0
1445 1 1 198720000 -215779758.13636452 39901016.51006078 22418916.484939296 0.182679475628299 -22.025870202443077 -1.2583381233480864 1567.6324763274063 -0.016874230913516617 -0.0162519844335948 0.019514337316978003 0
1446 1 1 198806400 -215754039.0720374 37996126.952288352 22309207.978793819 0.41286167803945384 -22.068494666047769 -1.2812086453973193 1567.564959193897 -0.016710865286660808 -0.016679674035862894 0.01980386622688135 0
1447 1 1 198892800 -215708382.37468657 36087632.912752382 22197523.985720288 0.64419886625657707 -22.109303803216843 -1.3040668503368715 1567.4967243534518 -0.016540014974903639 -0.017108363697859386 0.020089087509164286 0
1448 1 1 198979200 -215642688.22748739 34175692.143199041 22083865.605860945 0.87669162153281699 -22.148276533089341 -1.3269119013385697 1567.4277724672613 -0.016361558166235152 -0.017537794068423127 0.020369915590152173 0
1449 1 1 199065600 -215556856.76916352 32260464.235770747 21968234.012916766 1.1103403901547451 -22.185391333560339 -1.3497429323102701 1567.3581046635459 -0.016175377894391215 -0.017967698302060315 0.020646263690522228 0
1450 1 1 199152000 -215450788.10602266 30342110.661442209 21850630.456720654 1.3451454747306753 -22.220626234032462 -1.3725590468571938 1567.2877225398768 -0.015981362304175059 -0.01839780206553724 0.020918043776078393 0
1451 1 1 199238400 -215324382.32475781 28420794.809085809 21731056.265901338 1.5811070251648249 -22.253958808097337 -1.3953593172146548 1567.2166281658783 -0.015779404946124183 -0.018827823642524447 0.021185166546405804 0
1452 1 1 199324800 -215177539.50604254 26496682.02517236 21609512.850641068 1.8182250293060906 -22.285366166148773 -1.4181427831493048 1567.144824086266 -0.015569405057211825 -0.019257473919377533 0.021447541444151057 0
1453 1 1 199411200 -215010159.73894858 24569939.654112827 21486001.705529504 2.0564993032607179 -22.314824947930916 -1.4409084508292755 1567.072313324265 -0.015351267846047468 -0.019686456499643394 0.021705076609018655 0
1454 1 1 199497600 -214822143.13621536 22640737.079246588 21360524.412516456 2.2959294813570272 -22.342311315025857 -1.4636552916623402 1566.9990993853485 -0.015124904788041748 -0.020114467731461669 0.021957678885854919 0
1455 1 1 199584000 -214613389.85040203 20709245.76448125 21233082.643966716 2.5365150057491981 -22.367800943283985 -1.4863822411004999 1566.9251862612937 -0.014890233949407524 -0.020541196809409065 0.022205253798312553 0
1456 1 1 199670400 -214383800.09095377 18775639.296588738 21103678.165819429 2.7782551156478044 -22.391269015202329 -1.5090881974110741 1566.8505784345193 -0.014647180290564306 -0.020966325848517455 0.022447705530290255 0
1457 1 1 199756800 -214133274.14221558 16840093.428162027 20972312.840855226 3.0211488361645769 -22.412690212255647 -1.5317720204122036 1566.7752808826904 -0.014395675991650819 -0.021389529997528019 0.022684936930954573 0
1458 1 1 199843200 -213861712.38242623 14902786.12123628 20838988.632074106 3.265194966758274 -22.432038707186397 -1.5544325301730677 1566.6992990835681 -0.014135660764999348 -0.021810477560418602 0.022916849462365285 0
1459 1 1 199929600 -213569015.30372864 12963897.591577683 20703707.606187187 3.5103920692680886 -22.449288156258056 -1.5770685056768636 1566.6226390201052 -0.013867082194575655 -0.022228830091727308 0.023143343233850849 0
1460 1 1 200016000 -213255083.53323272 11023610.353643009 20566471.937225789 3.7567384555193324 -22.464411691479551 -1.5996786834452834 1566.5453071857032 -0.013589896097724399 -0.022644242580191359 0.023364316957518054 0
1461 1 1 200102400 -212919817.85516757 9082109.2662118822 20427283.910270873 4.0042321744886609 -22.477381912807612 -1.6222617561251214 1566.4673105896738 -0.013304066829078184 -0.023056363575693541 0.023579667937076117 0
1462 1 1 200188800 -212563119.23416269 7139581.5786935771 20286145.925306238 4.2528709990142222 -22.488170880333488 -1.6448163710342429 1566.3886567628731 -0.01300956765275544 -0.023464835364670887 0.023789292074084444 0
1463 1 1 200275200 -212184888.83969724 5196216.9781091781 20143060.501199313 4.5026524120328384 -22.496750106463281 -1.6673411286666329 1566.3093537634313 -0.012706381135969735 -0.023869294164773819 0.023993083837285299 0
1464 1 1 200361600 -211785028.07175952 3252207.6367493412 19998030.279812828 4.7535735923323612 -22.503090548100161 -1.6898345811560151 1566.2294101826392 -0.01239449942847984 -0.024269370320909828 0.024190936254757704 0
1465 1 1 200448000 -211363438.58775896 1307748.2605071156 19851058.03025103 5.0056313998015396 -22.507162598837816 -1.7122952306956403 1566.1488351509022 -0.0120739247139427 -0.024664688532876327 0.024382740924599425 0
1466 1 1 200534400 -210920022.33073467 -636963.86211560923 19702146.653244402 5.2588223601608801 -22.508936081175431 -1.7347215279138757 1566.0676383437524 -0.01174466951063226 -0.025054868091721718 0.02456838798730494 0
1467 1 1 200620800 -210454681.55890673 -2581728.8103303411 19551299.185676642 5.5131426491576949 -22.508380238764595 -1.757111870205494 1565.9858299879313 -0.011406757133349689 -0.025439523138888528 0.024747766110293185 0
1468 1 1 200707200 -209967318.87661627 -4526343.9807161726 19398518.805257883 5.7685880762094168 -22.505463728700743 -1.7794646000161534 1565.90342086747 -0.011060221967205096 -0.025818262963411245 0.024920762504584849 0
1469 1 1 200793600 -209457837.26670352 -6470604.0362102771 19243808.835348018 6.025154067478069 -22.500154613870016 -1.801778003078917 1565.8204223297821 -0.010705109928449691 -0.026190692265328858 0.025087262913870263 0
1470 1 1 200880000 -208926140.12437323 -8414300.8544400446 19087172.749934603 6.2828356483552668 -22.492420355365628 -1.8240503066029716 1565.736846291725 -0.010341478824892678 -0.026556411514889491 0.025247151596527861 0
1471 1 1 200966400 -208372131.29259974 -10357223.475403579 18928614.178769395 6.5416274253427931 -22.482227804989272 -1.8462796774129397 1565.6527052455992 -0.0099693987285175041 -0.026915017304502936 0.025400311332732139 0
1472 1 1 201052800 -207795715.09912401 -12299158.048506454 18768136.912667725 6.8015235673087062 -22.469543197850136 -1.8684642200365804 1565.5680122650699 -0.0095889523783449747 -0.02726610267611513 0.025546623441593509 0
1473 1 1 201139200 -207196796.39509827 -14239887.778963793 18605744.908975508 7.0625177861005364 -22.454332145079327 -1.8906019747414513 1565.4827810110094 -0.0092002355438019039 -0.027609257571055937 0.025685967744548736 0
1474 1 1 201225600 -206575280.5954338 -16179192.873578612 18441442.297207929 7.3246033164955957 -22.436559626677475 -1.9126909155184673 1565.39702573716 -0.0088033574469709025 -0.027944069222957058 0.025818222612300101 0
1475 1 1 201312000 -205931073.72091037 -18116850.485908445 18275233.384864867 7.5877728954698851 -22.41618998451176 -1.934728948011488 1565.3107612956937 -0.0083984410903437338 -0.028270122602467817 0.025943264927994519 0
1476 1 1 201398400 -205264082.44210699 -20052634.660834182 18107122.663427465 7.8520187407658621 -22.393186915484357 -1.9567139073917226 1565.2240031425451 -0.0079856236722912304 -0.028587000930935379 0.026060970141733013 0
1477 1 1 201484800 -204574214.12521544 -21986316.27854678 17937114.814540844 8.1173325287375082 -22.367513464891246 -1.9786435561763132 1565.1367673425559 -0.0075650569447855819 -0.028894286134113909 0.026171212225152462 0
1478 1 1 201571200 -203861376.87980011 -23917662.997969121 17765214.716387663 8.3837053714538179 -22.339132019994505 -2.0005155819901308 1565.0490705743748 -0.0071369075746071983 -0.029191559442601357 0.026273863731228739 0
1479 1 1 201657600 -203125479.60856891 -25846439.199632742 17591427.450257622 8.651127793039743 -22.308004303831677 -2.0223275952684561 1564.9609301350492 -0.0067013574951922811 -0.029478401911284841 0.026368795790572275 0
1480 1 1 201744000 -202366432.05922139 -27772405.928030591 17415758.307317995 8.9195897052330988 -22.274091369285522 -2.0440771269014877 1564.8723639443642 -0.0062586042669533623 -0.029754395033362781 0.026455878122209502 0
1481 1 1 201830400 -201584144.87844396 -29695320.833469838 17238212.795590229 9.1890803821368543 -22.237353593442151 -2.0657616258185563 1564.7833905488212 -0.005808861396288079 -0.030019121376500861 0.026534979069076751 0
1482 1 1 201916800 -200778529.66812214 -31614938.113450486 17058796.647137944 9.459588434146049 -22.197750672265052 -2.0873784565110243 1564.6940291252474 -0.0053523586562437631 -0.030272165243104832 0.02660596561732733 0
1483 1 1 202003200 -199949499.04384154 -33531008.453598704 16877515.825471558 9.7311017810275775 -22.155241615614184 -2.1089248964944369 1564.6042994840248 -0.0048893423891276395 -0.03051311337095438 0.026668703398793854 0
1484 1 1 202089600 -199096966.69575229 -35443278.968185723 16694376.533174934 10.003607624131556 -22.109784742642059 -2.1303981337074873 1564.5142220718701 -0.0044200757927695842 -0.030741555670763338 0.026723056763026411 0
1485 1 1 202176000 -198220847.45187244 -37351493.140266404 16509385.219759436 10.277092417712351 -22.061337677599116 -2.151795263847653 1564.4238179741426 -0.0039448391982925234 -0.030957085976639754 0.026768888771472453 0
1486 1 1 202262400 -197321057.34390897 -39255390.761474334 16322548.589750946 10.551541839339773 -22.009857346083457 -2.1731132876432695 1564.3331089166791 -0.0034639302618718775 -0.031159302856322912 0.02680606126245156 0
1487 1 1 202348800 -196397513.67567512 -41154707.87151365 16133873.611015376 10.826940759377417 -21.955299971772646 -2.1943491080612461 1564.2421172670652 -0.0029776642423971107 -0.031347810456483972 0.026834434859031184 0
1488 1 1 202435200 -195450135.09418571 -43049176.697390288 15943367.523328213 11.103273209506661 -21.897621073676262 -2.2154995274500133 1564.1508660353225 -0.0024863741520100152 -0.031522219376064177 0.026853869039718758 0
1489 1 1 202521600 -194478841.66351369 -44938525.592430115 15751037.847193748 11.380522350278175 -21.836775463948797 -2.2365612446168956 1564.0593788740159 -0.0019904108938853544 -0.031682147535974058 0.026864222167383649 0
1490 1 1 202608000 -193483554.94149369 -46822478.975133792 15556892.392919602 11.658670437667796 -21.772717246308208 -2.2575308518401309 1563.9676800776706 -0.00149014342198308 -0.031827221184842325 0.026865351552255421 0
1491 1 1 202694400 -192464198.05935875 -48700757.267922848 15360939.269952323 11.937698788617254 -21.705399815104968 -2.2784048318155929 1563.875794581503 -0.00098595878761645805 -0.031957075818136234 0.026857113483829378 0
1492 1 1 202780800 -191420695.80439809 -50573076.835834943 15163186.896479527 12.21758774554041 -21.63477585508922 -2.2991795545375617 1563.7837479594045 -0.00047826220700346837 -0.032071357239683906 0.026839363319382248 0
1493 1 1 202867200 -190352974.70572811 -52439149.925231181 14963644.009304447 12.498316639776201 -21.560797341926161 -2.3198512741146642 1563.691566421179 3.252298638418488e-05 -0.032169722539137011 0.026811955496660728 0
1494 1 1 202953600 -189260963.12326616 -54298684.602582075 14762319.6739983 12.77986375396895 -21.483415543514173 -2.3404161255209064 1563.5992768089193 0.00054595534412039373 -0.03225184126386673 0.026774743642359513 0
1495 1 1 203040000 -188144591.34000254 -56151384.693404213 14559223.295336241 13.062206283358783 -21.402581022161147 -2.3608701212817569 1563.5069065924833 0.0010615754618770873 -0.032317396453515584 0.026727580608553465 0
1496 1 1 203126400 -187003791.65766379 -57996949.721423872 14354364.62802236 13.34532029596595 -21.318243637675277 -2.3812091480969344 1563.4144838640993 0.0015789061081669094 -0.032366085805110328 0.02667031856233372 0
1497 1 1 203212800 -185838498.4958652 -59835074.848049633 14147753.787709184 13.629180691651996 -21.230352551434823 -2.4014289634004098 1563.3220373319512 0.0020974524599848207 -0.03239762285898716 0.026602809041355459 0
1498 1 1 203299200 -184648648.49484926 -61665450.812241122 13939401.262317039 13.913761160044537 -21.138856231500334 -2.4215251918589691 1563.2295963127197 0.0026167023980158558 -0.032411738196305412 0.026524903045499631 0
1499 1 1 203385600 -183434180.62190816 -63487763.870866872 13729317.923658598 14.19903413731301 -21.043702458835373 -2.4414933218111319 1563.1371907230607 0.003136126887258579 -0.032408180634488686 0.026436451089747796 0
1500 1 1 203472000 -182195036.2815927 -65301695.7396501 13517515.039373536 14.484970761781426 -20.944838334708301 -2.4613287016477998 1563.044851069918 0.0036551803521159888 -0.032386718526585603 0.026337303312914898 0
1501 1 1 203558400 -180931159.42980489 -67106923.534807727 13304004.285178429 14.771540828370272 -20.842210289348863 -2.4810265361364521 1562.9526084395825 0.0041733012678135638 -0.032347140996919828 0.026227309542994313 0
1502 1 1 203644800 -179642496.69187912 -68903119.715494201 13088797.757436536 15.058712741859594 -20.735764091935508 -2.5005818826923205 1562.8604944855058 0.0046899127010412104 -0.032289259242827148 0.026106319381051908 0
1503 1 1 203731200 -178328997.48475179 -70689952.02716887 12871907.986051956 15.346453468965409 -20.625444861996669 -2.5199896475982242 1562.7685414146958 0.0052044230193215163 -0.032212907869683123 0.025974182300428073 0
1504 1 1 203817600 -176990614.14332306 -72467083.446012035 12653347.947692502 15.634728489228168 -20.511197082309323 -2.5392445821772425 1562.6767819726799 0.0057162266774534011 -0.032117946190453973 0.025830747705926856 0
1505 1 1 203904000 -175627302.05111355 -74234172.124523923 12433131.079345156 15.923501744711087 -20.392964613382951 -2.5583412789209117 1562.5852494269102 0.0062247050931319046 -0.032004259585519515 0.025675865060761846 0
1506 1 1 203990400 -174239019.77531776 -75990871.33844623 12211271.292207861 16.212735588510586 -20.270690709620951 -2.5772741675772752 1562.4939775485338 0.00672922764502669 -0.031871760822922313 0.025509383936699399 0
1507 1 1 204076800 -172825729.20635805 -77736829.435156524 11987782.985920807 16.502390732083477 -20.144318037256127 -2.5960375112043903 1562.4030005924119 0.007229152754326792 -0.031720391454336784 0.025331154110186174 0
1508 1 1 204163200 -171387395.70204008 -79471689.783691972 11762681.063140055 16.792426191399333 -20.013788694159832 -2.6146254021928681 1562.3123532752604 0.007723829115056164 -0.031550123134722892 0.025141025653842679 0
1509 1 1 204249600 -169923988.23641104 -81195090.726569608 11535980.944455981 17.082799231930718 -19.879044231628459 -2.6330317582629572 1562.2220707517642 0.0082125970324909512 -0.031360959014648394 0.024938849030987684 0
1510 1 1 204336000 -168435479.55342028 -82906665.533578187 11307698.58365839 17.373465312497061 -19.740025678255886 -2.6512503184445753 1562.1321885885629 0.0086947898908797533 -0.031152935069339426 0.024724475118393499 0
1511 1 1 204422400 -166921846.3254807 -84606042.357726306 11077850.483349413 17.664378027983098 -19.596673566003357 -2.669274639045037 1562.0427427359216 0.0091697357716404547 -0.030926121461576011 0.024497755354702676 0
1512 1 1 204508800 -165383069.31702694 -86292844.193543002 10846453.710905228 17.95548905095696 -19.448927958583976 -2.6870980896114909 1561.9537694968633 0.0096367591839593807 -0.030680623866657628 0.024258541768061463 0
1513 1 1 204595200 -163819133.55316427 -87966688.837934047 10613525.914786356 18.246748072218754 -19.296728482282873 -2.7047138488991935 1561.8653054936137 0.010095182985959184 -0.030416584832790479 0.024006687030433484 0
1514 1 1 204681600 -162230028.49349928 -89627188.853811651 10379085.341195842 18.538102740316727 -19.140014359337165 -2.7221149008519467 1561.777387631096 0.010544330445469102 -0.030134185031961979 0.023742044546080303 0
1515 1 1 204768000 -160615748.21123844 -91273951.536723003 10143150.851083826 18.829498600073517 -18.978724444005618 -2.739294030605322 1561.6900530571986 0.010983527485557011 -0.029833644612630522 0.023464468468883035 0
1516 1 1 204854400 -158976291.57764065 -92906578.884716198 9905741.9374960531 19.1208790301703 -18.812797261462368 -2.7562438205240363 1561.6033391195419 0.011412105050790858 -0.029515224417573569 0.023173813750571329 0
1517 1 1 204940800 -157311662.45189944 -94524667.571693748 9666878.7432629187 19.412185179846826 -18.642171049651107 -2.7729566462836686 1561.5172833183856 0.011829401763612321 -0.029179227249614956 0.022869936173675564 0
1518 1 1 205027200 -155621869.87653169 -96127808.924515054 9426582.0790245999 19.703355904781873 -18.466783804243882 -2.7894246730109313 1561.4319232552828 0.012234766687685174 -0.028825999084115064 0.022552692328439781 0
1519 1 1 205113600 -153906928.27833802 -97715588.904122964 9184873.4415867142 19.994327702224616 -18.28657332684941 -2.8056398514946608 1561.3472965770545 0.012627562337221438 -0.02845593024185266 0.022221939654680327 0
1520 1 1 205200000 -152166857.67499804 -99287588.090981185 8941775.0325998217 20.285034645460314 -18.101477276622155 -2.821593914482162 1561.2634409145451 0.01300716792520706 -0.02806945655537647 0.021877536384355665 0
1521 1 1 205286400 -150401683.88735294 -100843381.67512305 8697309.7775545362 20.575408317700823 -17.91143322542618 -2.8372783730782989 1561.1803938156195 0.013372982827586814 -0.027667060471252641 0.021519341499713563 0
1522 1 1 205372800 -148611438.75742081 -102382539.45112574 8451501.3450828232 20.865377745501366 -17.716378716711688 -2.8526845132620129 1561.0981926717043 0.013724430314330967 -0.027249272137063796 0.021147214697218513 0
1523 1 1 205459200 -146796160.37218207 -103904625.81833798 8204374.1665545544 21.154869331815782 -17.516251328266311 -2.8678033925390465 1561.0168746370957 0.014060961542373828 -0.026816670449517983 0.020761016282472816 0
1524 1 1 205545600 -144955893.29315966 -105409199.78670198 7955953.4559566379 21.443806788815209 -17.310988739005882 -2.8826258367511035 1560.9364765401858 0.014382059862718555 -0.026369884061814338 0.02036060705760025 0
1525 1 1 205632000 -143090688.79180866 -106895814.98852754 7706265.2300403239 21.732111070607179 -17.100528799971812 -2.8971424370613348 1560.8570347855668 0.014687245423797764 -0.02590959233463741 0.019945848187112907 0
1526 1 1 205718400 -141200605.09071842 -108364019.69658776 7455336.328720673 22.019700306004779 -16.884809609705481 -2.9113435471373816 1560.7785852458564 0.014976080113419023 -0.025436526268775222 0.019516601050748716 0
1527 1 1 205804800 -139285707.61061537 -109813356.8489219 7203194.4357099403 22.30648973151138 -16.663769594172201 -2.9252192805562767 1560.7011631418873 0.01524817287801822 -0.024951469381573523 0.019072727023270425 0
1528 1 1 205891200 -137346069.22314003 -111243364.08074743 6949868.0993647417 22.592391624700625 -16.437347591408713 -2.938759508455723 1560.6248029096919 0.015503185427004108 -0.024455258552448525 0.018614087271105466 0
1529 1 1 205977600 -135381770.50935599 -112653573.76389529 6695386.7537245676 22.877315238188416 -16.205482941068002 -2.9519538574575077 1560.549538052506 0.015740838387835819 -0.023948784777263369 0.018140542483008049 0
1530 1 1 206064000 -133392900.02393022 -114043513.05419962 6439780.7397170048 23.16116673440888 -15.968115579035931 -2.9647917078900954 1560.4754009757189 0.015960917864779944 -0.023432993897518049 0.017651952620438508 0
1531 1 1 206150400 -131379554.56490652 -115412703.94728838 6183081.326502556 23.443849121425398 -15.725186137294809 -2.977262192339456 1560.4024228023723 0.016163282552174779 -0.022908887259712633 0.017148176585419509 0
1532 1 1 206236800 -129341839.4489706 -116760663.34323424 5925320.7329293955 23.725262190027497 -15.476636049205014 -2.9893541945581021 1560.3306331664555 0.016347871353979453 -0.022377522268799861 0.016629071927695527 0
1533 1 1 206323200 -127279868.79208498 -118086903.12054259 5666532.1490658391 24.005302452381223 -15.222407660373692 -3.0010563487630719 1560.2600599808854 0.016514711543760836 -0.021840012848255694 0.016094494491689742 0
1534 1 1 206409600 -125193765.79534705 -119390930.21996559 5406749.7577754743 24.283863082522821 -14.962444345275015 -3.0123570393552459 1560.1907291765667 0.016663927564678754 -0.021297529752715153 0.015544298107810824 0
1535 1 1 206496000 -123083663.0358979 -120672246.73864658 5146008.7562972205 24.560833859006181 -14.696690629781511 -3.0232444010915751 1560.1226644084034 0.016795750418388704 -0.020751300741390314 0.014978334294163355 0
1536 1 1 206582400 -120949702.76268142 -121930350.03511186 4884345.3777897069 24.836101110033788 -14.425092319756684 -3.0337063197441942 1560.0558867237035 0.016910527692411199 -0.020202610472208664 0.014396451989918046 0
1537 1 1 206668800 -118792037.19682424 -123164732.84563982 4621796.9127965039 25.109547661423285 -14.147596635848275 -3.0437304332793205 1559.9904141878619 0.017008734222042663 -0.019652800104065692 0.013798497383692303 0
1538 1 1 206755200 -116610828.83637553 -124374883.41254887 4358401.7305858778 25.381052787780895 -13.864152354611823 -3.0533041335878348 1559.9262614616152 0.017090983333318835 -0.019103266539527944 0.013184313867405709 0
1539 1 1 206841600 -114406250.76511283 -125560285.624956 4094199.3003160483 25.650492167273558 -13.574709956075337 -3.0624145687988964 1559.8634393238208 0.017158038654426777 -0.018555461061656144 0.012553742165801627 0
1540 1 1 206928000 -112178486.96508586 -126720419.17256647 3829230.2119743493 25.917737840406947 -13.279221777837414 -3.0710486462047641 1559.8019541333942 0.017210826275176488 -0.018010887341634307 0.011906620753333673 0
1541 1 1 207014400 -109927732.63253281 -127854759.71306249 3563536.1970363152 26.182658173232163 -12.977642175768828 -3.0791930358233093 1559.7418072240503 0.017250447187061729 -0.017471098496916991 0.01124278657387673 0
1542 1 1 207100800 -107654194.49676965 -128962779.05366342 3297160.1487886608 26.445117825413217 -12.66992769135789 -3.086834174618359 1559.6829942259703 0.017278189577072306 -0.016937692996195072 0.010562076317795117 0
1543 1 1 207187200 -105358091.14161229 -130043945.34743169 3030146.1422586692 26.704977723591764 -12.356037225707725 -3.0939582713924922 1559.6255043096753 0.017295540697643698 -0.016412309056815455 0.0098643282558788063 0
1544 1 1 207273600 -103039653.3288555 -131097723.30489905 2762539.4536914863 26.962095040482954 -12.035932220153121 -3.1005513123591206 1559.5693193496395 0.017304197625026736 -0.015896617128296948 0.0091493849610864274 0
1545 1 1 207360000 -100699124.32329515 -132123574.421581 2494386.5795167647 27.216323180121886 -11.709576843420212 -3.106599067390317 1559.5144130088561 0.017306076220637297 -0.015392310031776072 0.0084170969997970999 0
1546 1 1 207446400 -98336760.218745515 -133120957.22194022 2225735.2547467644 27.467511769656781 -11.376938185199945 -3.1120870969253587 1559.4607497512486 0.017303317252553199 -0.014901090170463083 0.0076673279700734355 0
1547 1 1 207532800 -95952830.264469147 -134089327.52034527 1956634.4707500252 27.715506658046547 -11.037986455948463 -3.1170007595111682 1559.408283797035 0.017298288489247051 -0.014424653261106667 0.006899961034016011 0
1548 1 1 207619200 -93547617.191410169 -135028138.69955245 1687134.4923477126 27.960149921968188 -10.692695192665045 -3.1213252199318458 1559.3569580474189 0.017293581215379796 -0.013964667952590609 0.0061149073379082918 0
1549 1 1 207705600 -91121417.537596881 -135936842.00721356 1417286.8741842057 28.201279879171533 -10.34104147033365 -3.1250454578684259 1559.3067030195527 0.017291999465479702 -0.013522750792430595 0.005312116510360944 0
1550 1 1 207792000 -88674541.972062767 -136814886.87088448 1147144.4763290517 28.438731109441107 -9.9830061186513959 -3.1281462770189878 1559.2574358504337 0.017296540077181725 -0.013100436099806668 0.0044915894702810622 0
1551 1 1 207878400 -86207315.616624445 -137661721.23197049 876761.47907391179 28.672334483238028 -9.6185739436110165 -3.1306123145991558 1559.2090594481372 0.017310361614324681 -0.012699140548032941 0.0036533936628414267 0
1552 1 1 207964800 -83720078.364853606 -138476791.89901125 606193.39689513133 28.901917198014083 -9.2477339534634613 -3.132428051143425 1559.161461888212 0.017336740506910996 -0.012320122697263363 0.0027976805835798159 0
1553 1 1 208051200 -81213185.197582453 -139259544.92065841 335497.09155898076 29.127302822127355 -8.8704795885708894 -3.1335778205396143 1559.1145161681518 0.017379013178364815 -0.011964438283542685 0.0019247052846791347 0
1554 1 1 208137600 -78687006.494289517 -140009425.97866437 64730.784351476883 29.348311346262225 -8.4868089546757766 -3.1340458202553005 1559.0680804384306 0.017440503902076954 -0.011632892776779445 0.001034847170655295 0
1555 1 1 208224000 -76141928.339968249 -140725880.80096629 -206045.93246222776 29.56475923617176 -8.09672505442005 -3.1338161187507483 1559.0219991220035 0.017524439500100582 -0.011325993614818567 0.00012863102655336114 0
1556 1 1 208310400 -73578352.822805986 -141408355.5982275 -476772.08691753977 29.77645962167211 -7.7002361212564177 -3.1328727256985056 1558.9760982266971 0.017636504817040394 -0.011045961995240874 -0.00079455755072048071 0
1557 1 1 208396800 -70996698.33856906 -142056297.51600465 -747385.32083754067 29.983221705010259 -7.2973554638056086 -3.1311994666386984 1558.930218318581 0.017763450415821443 -0.010780252035451243 -0.0017263312344383362 0
1558 1 1 208483200 -68397399.875799045 -142669155.07073742 -1017821.8170974063 30.184852997554035 -6.8881016641157569 -3.1287783655429311 1558.8841524744012 0.017972085108986267 -0.01052759391235757 -0.0026195075434150418 0
1559 1 3 208545373.91852221 -66516266.330060184 -143088155.03047428 -1212283.4423570139 30.326663945937526 -6.5896703678484378 -3.1265634504776112 1558.8507744181579 0 0 0 40
1560 1 1 208569600 -65780909.139709271 -143246378.61932239 -1288016.175862523 30.381157763038409 -6.4724986115873424 -3.1255916399701502 1558.8377072039461 0.018196848998445779 -0.010268884589713286 -0.0035144623274619524 0
1561 1 1 208656000 -63147691.807503514 -143787426.64164609 -1557897.8092348496 30.572014249465845 -6.0507204170318145 -3.1215290201452284 1558.7856428769173 0.018435688769595251 -0.010016367365607487 -0.0042409613858448054 0
1562 1 1 208742400 -60498260.804300204 -144291706.43787327 -1827427.0842257878 30.756106607161431 -5.6207830252642221 -3.1178032454881217 1558.7060770565149 -0.01567544825256419 0.052681531993851165 -0.043211690724557557 0
1563 1 1 208828800 -57833237.954427712 -144758463.06689885 -2096665.1323103032 30.933238339649094 -5.182748252385581 -3.1144211651953042 1558.544311280142 -0.015106964865301107 0.052263089288634705 -0.044704349064001406 0
1564 1 1 208915200 -55153170.836719416 -145187114.22548091 -2365572.3206881937 31.104309641485461 -4.7387140902385312 -3.1101453126115075 1558.3889396931486 -0.014902594791151288 0.051522040086262259 -0.045987806770473101 0
1565 1 1 209001600 -52458596.439143285 -145577137.80045456 -2634074.3999746302 31.269020433333026 -4.2886013733466966 -3.1050418147183891 1558.2330001354187 -0.014607824852829774 0.050759413732314886 -0.047378412530118909 0
1566 1 1 209088000 -49750073.329067625 -145928011.31585205 -2902099.3415514478 31.42716085186207 -3.832474076166855 -3.0990977633512409 1558.0763461830013 -0.014290107540338362 0.049984639147470936 -0.04878710898268316 0
1567 1 1 209174400 -47028178.452716187 -146239218.16600275 -3169573.7883585063 31.578516189694195 -3.3704041642406088 -3.0922958687291171 1557.9189322808948 -0.013938983110477412 0.049201521263675448 -0.050176280563866742 0
1568 1 1 209260800 -44293507.36509224 -146510248.29858211 -3436422.8446740289 31.722870305197432 -2.9024714386245813 -3.0846181810870155 1557.7607362469748 -0.01355665214887357 0.048411249611109174 -0.0515479411586122 0
1569 1 1 209347200 -41546674.371106796 -146740598.90620604 -3702570.0741349496 31.860005374231203 -2.4287638422989444 -3.0760469195697864 1557.6017359017649 -0.013144160616383684 0.047615631631622385 -0.052897577312777874 0
1570 1 1 209433600 -38788312.65905267 -146929775.14143136 -3967937.5302740182 31.989702113323585 -1.9493777554912173 -3.0665652605360969 1557.4418877578416 -0.012706955040637223 0.046814033519529938 -0.054257069676835891 0
1571 1 1 209520000 -36019074.424044438 -147077290.86709505 -4232445.9384928206 32.111739868947261 -1.464418522261669 -3.0561595417391794 1557.281066424187 -0.01225213703915146 0.046000128688040452 -0.05568295079963205 0
1572 1 1 209606400 -33239630.960754368 -147182669.44017118 -4496014.8844452929 32.225897376481697 -0.97400049476662487 -3.0448157407054515 1557.1191649149414 -0.011771846416116125 0.045179550705084483 -0.057096203585029433 0
1573 1 1 209692800 -30450672.682440415 -147245444.4817532 -4758562.6039981842 32.331953319694499 -0.47824698533800003 -3.0325172708657804 1556.9561599129559 -0.011266526765125911 0.044354890565980382 -0.05848167791428311 0
1574 1 1 209779200 -27652909.126903843 -147265160.66846785 -5020005.9014455108 32.4296863650086 0.022709356823525807 -3.0192477256655983 1556.7920351831572 -0.010738428446674454 0.043527637109620328 -0.059839601813108018 0
1575 1 1 209865600 -24847068.943212494 -147241374.54986241 -5280260.1851506718 32.518875524499293 0.52872631207881049 -3.0049911872120734 1556.6267743349226 -0.010189688791743595 0.042699396790794056 -0.061168438056114487 0
1576 1 1 209952000 -22033899.84368537 -147173655.38362649 -5539239.5072548995 32.599300577585772 1.0396518980008456 -2.9897321885992407 1556.4603637456025 -0.0096225156594039549 0.041871705532042343 -0.062466726483726129 0
1577 1 1 210038400 -19214168.519024353 -147061585.98717597 -5796856.605153949 32.670742504618559 1.5553241853862085 -2.9734557717124104 1556.2927927217831 -0.0090391699202891432 0.041046037623457238 -0.06373305774774117 0
1578 1 1 210124800 -16388660.515011454 -146904763.60432604 -6053022.9477869608 32.732983942848954 2.0755711330462852 -2.9561475414236247 1556.1240537799874 -0.0084419501330526784 0.040223793983189766 -0.064966082638073047 0
1579 1 1 210211200 -13558180.06888381 -146702800.78540292 -6307648.7866762802 32.78580966375791 2.6002104422925414 -2.9377937213015071 1555.9541428993396 -0.0078331769147642113 0.039406293245832148 -0.066164517052900079 0
1580 1 1 210297600 -10723549.903566604 -146455326.2790004 -6560643.2118314449 32.829007071116479 3.1290494332168617 -2.9183812104706348 1555.7830597455923 -0.0072151768060995155 0.038594763910168084 -0.067327146918107969 0
1581 1 1 210384000 -7885610.9780066507 -146161985.93341252 -6811914.2126090815 32.862366718962534 3.6618849447728437 -2.8978976414360167 1555.6108078629488 -0.0065902663670752964 0.037790337370764725 -0.068452832287840923 0
1582 1 1 210470400 -5045222.1919279024 -145822443.60559753 -7061368.7436027881 32.88568284848742 4.1985032606804342 -2.8763314386589371 1555.4373948309649 -0.0059607363580462189 0.03699404224473743 -0.069540511279872222 0
1583 1 1 210556800 -2203260.0434257076 -145436382.0753563 -7308912.7956185043 32.898753942627891 4.7386800631745309 -2.8536718776600756 1555.2628323842175 -0.0053288367367866456 0.036206799841189671 -0.070589203375939241 0
1584 1 1 210643200 639381.76207104453 -145003503.96223214 -7554451.4717703396 32.901383296971645 5.2821804165875488 -2.8299091444041276 1555.0871364934503 -0.0046967618165510228 0.035429420826825223 -0.071598012406683814 0
1585 1 1 210729600 3481792.7528123041 -144523532.64246824 -7797889.0687098559 32.893379605382975 5.8287587827242024 -2.8050343946976248 1554.9103274076856 -0.0040666365835815114 0.03466260338169673 -0.072566128730364901 0
1586 1 1 210816000 6323046.18290905 -143996213.16319641 -8039129.1629780857 32.874557558551075 6.3781590699218667 -2.7790398133304604 1554.7324296570248 -0.0034405035125769129 0.033906932478738022 -0.073492831511861853 0
1587 1 1 210902400 9162199.5767172053 -143421313.15086591 -8278074.702445901 32.844738453461062 6.9301147176075775 -2.7519186726636082 1554.5534720169865 -0.0028203108003225846 0.033162880626046672 -0.074377489830456389 0
1588 1 1 210988800 11998295.326272866 -142798623.71077043 -8514628.1027811132 32.80375081158099 7.4843488180621076 -2.7236653903545696 1554.373487435681 -0.0022079014527048089 0.032430809746309776 -0.075219563974559533 0
1589 1 1 211075200 14830361.342430035 -142127960.31439027 -8748691.3488547467 32.751431003372836 8.0405742769695774 -2.6942755859062415 1554.1925129255485 -0.0016050036154725887 0.031710974244434011 -0.076018605770247161 0
1590 1 1 211161600 17657411.760136731 -141409163.67113608 -8980166.100970123 32.687623876537039 8.5984940141887805 -2.6637461357053374 1554.0105894220237 -0.001013222083513827 0.031003525247056282 -0.076774258878585994 0
1591 1 1 211248000 20478447.698053502 -140642100.58096072 -9208953.8057701644 32.612183385216547 9.1578012060091432 -2.6320752262146345 1553.8277616116648 -0.00043403117778237571 0.03030851580508381 -0.077486258345652106 0
1592 1 1 211334400 23292458.072471201 -139826664.7642101 -9434955.8116481286 32.524973217216335 9.7181795699595206 -2.5992624049734934 1553.6440777326798 0.00013123124938430115 0.029625907037756773 -0.078154430075609696 0
1593 1 1 211420800 26098420.465223815 -138962777.66499627 -9658073.4884576332 32.42586741614361 10.279303693023746 -2.5653086290547931 1553.4595893510418 0.00068136862778338996 0.02895557506074577 -0.07877868952550908 0
1594 1 1 211507200 28895302.045018304 -138050389.22431436 -9878208.3512864914 32.314750995212556 10.840839403872648 -2.5302163106216877 1553.2743511157148 0.0012153288608654047 0.02829731844321506 -0.079359040307940776 0
1595 1 1 211593600 31682060.541316014 -137089478.61908361 -10095262.188029107 32.191520539347579 11.402444189482244 -2.4939893592421232 1553.088420495799 0.0017322067897755811 0.027650866696209211 -0.079895572446234062 0
1596 1 1 211680000 34457645.269605845 -136080054.96327046 -10309137.190462001 32.056084792114262 11.963767656211447 -2.4566332206055446 1552.9018575033335 0.0022312451046765033 0.027015888473290183 -0.080388460097074108 0
1597 1 1 211766400 37220998.206604771 -135022157.96726137 -10519736.088496588 31.908365223914661 12.524452035121836 -2.4181549112984588 1552.7147244051635 0.0027118342374103043 0.02639200065110877 -0.080837959115643065 0
1598 1 1 211852800 39971055.11361143 -133915858.55168191 -10726962.287254263 31.748296577846116 13.084132731038295 -2.3785630493050411 1552.5270854268833 0.0031735113237631404 0.025778777585078128 -0.081244404155041819 0
1599 1 1 211939200 42706746.705926143 -132761259.41191572 -10930720.006580645 31.575827389585122 13.642438914493049 -2.3378678799187176 1552.3390064519049 0.0036159579194248617 0.025175760017886881 -0.081608205844402606 0
1600 1 1 212025600 45426999.865935534 -131558495.52966939 -11130914.422589313 31.39092047765304 14.19899415538276 -2.2960812967562299 1552.1505547187371 0.0040389967099443 0.024582464442841283 -0.081929847235454448 0
1601 1 1 212112000 48130738.897147104 -130307734.62803943 -11327451.810798945 31.193553400474094 14.75341709683196 -2.2532168575858527 1551.961798519302 0.0044425876224813187 0.023998391972747786 -0.082209880382090331 0
1602 1 1 212198400 50816886.816151604 -129009177.56668665 -11520239.690404719 30.983718876691423 15.305322167410216 -2.2092897947097798 1551.772806900776 0.0048268227291792393 0.02342303734780378 -0.082448922407524189 0
1603 1 1 212284800 53484366.679189399 -127663058.67389502 -11709186.969202871 30.761425165312286 15.85432032950764 -2.1643170196691139 1551.5836493731817 0.0051919207469757669 0.022855897201825088 -0.082647651809336212 0
1604 1 1 212371200 56132102.939706869 -126269646.01249982 -11894204.088668924 30.526696402382107 16.400019861336542 -2.1183171220593713 1551.3943956250912 0.0055382202494826793 0.022296478338468716 -0.082806804005464321 0
1605 1 1 212457600 58759022.833010659 -124829241.57689923 -12075203.168672536 30.279572891081916 16.942027169703429 -2.0713103622807969 1551.2051152493659 0.0058661732520405947 0.021744305272876824 -0.082927167281571484 0
1606 1 1 212544000 61364057.783868767 -123342181.41862676 -12252098.15129924 30.020111342331219 17.479947630366443 -2.0233186580915059 1551.015877480442 0.0061763370773944819 0.021198927324411112 -0.0830095782582118 0
1607 1 1 212630400 63946144.832663871 -121808835.69824925 -12424804.943238391 29.748385063219537 18.013386452499802 -1.9743655648520071 1550.8267509450577 0.006469366716427883 0.020659925084307064 -0.083054917332019848 0
1608 1 1 212716800 66504228.075486757 -120229608.66166843 -12593241.556189759 29.464484090885136 18.541949563508229 -1.9244762494111711 1550.6378034272268 0.0067460061846823204 0.020126916421263626 -0.083064104268306543 0
1609 1 1 212803200 69037260.11336346 -118604938.53923868 -12757328.244738217 29.16851526974505 19.065244510168387 -1.8736774576079769 1550.4491016488491 0.0070070799460482825 0.019599561503355682 -0.08303809330942899 0
1610 1 1 212889600 71544203.505643755 -116935297.36647372 -12916987.641145134 28.860602270327796 19.582881371848686 -1.8219974754069881 1550.2607110671286 0.0072534837813028824 0.019077567392777221 -0.082977868485474005 0
1611 1 1 212976000 74024032.222442538 -115221190.72548792 -13072144.886509679 28.540885548320428 20.094473681368033 -1.769466083750374 1550.0726956889152 0.0074861758312507872 0.018560691781680547 -0.08288443907115299 0
1612 1 1 213062400 76475733.090922728 -113463157.40671144 -13222727.757761838 28.209522242827799 20.59963934887892 -1.7161145072367052 1549.885117902739 0.0077061672517889064 0.018048745896165654 -0.082758834777206636 0
1613 1 1 213148800 78898307.230138615 -111661768.99082088 -13368666.789959839 27.866686013241537 21.098001584051815 -1.6619753567815163 1549.6980383290074 0.0079145130501504443 0.017541596970249294 -0.082602101090744381 0
1614 1 1 213235200 81290771.469124526 -109817629.35123926 -13509895.393380875 27.512566814548158 21.58918981174666 -1.6070825664659802 1549.5115156884845 0.0081123030056278935 0.017039169653117147 -0.082415294590645616 0
1615 1 1 213321600 83652159.742918774 -107931374.07797904 -13646349.964913268 27.147370611321922 22.07284057630654 -1.5514713248270597 1549.325606689014 0.0083006525031597677 0.016541446718183826 -0.082199478554028746 0
1616 1 1 213408000 85981524.461250231 -106003669.8240196 -13777969.993282633 26.771319031095093 22.54859842963382 -1.495178000883397 1549.1403659301654 0.0084806938726095862 0.016048469371889269 -0.08195571850891166 0
1617 1 1 213494400 88277937.844696879 -104035213.57582897 -13904698.157670617 26.384648958236923 23.016116798242681 -1.4382400652208558 1548.9558458258705 0.0086535677932942055 0.015560336490171809 -0.081685077807364156 0
1618 1 1 213580800 90540493.223239794 -102026731.85005072 -14026480.419315556 25.987612069894979 23.475058824571068 -1.380696006516225 1548.7720965444357 0.0088204150009590799 0.015077203396223921 -0.081388613649952618 0
1619 1 1 213667200 92768306.292289585 -99978979.81877847 -14143266.105718246 25.580474315991676 23.925098177987199 -1.322585243905428 1548.5891659653203 0.0089823685803792283 0.014599280037348986 -0.081067372965138218 0
1620 1 1 213753600 94960516.32145296 -97892740.366227224 -14255007.987112302 25.163515345669538 24.365919831097496 -1.2639480356312092 1548.4070996521975 0.0091405464037170939 0.014126828519772027 -0.080722388675589854 0
1621 1 1 213840000 97116287.311528981 -95768823.079982251 -14361662.344897857 24.737027882972232 24.797220797185084 -1.2048253844407271 1548.2259408414045 0.0092960443035226131 0.013660160093556561 -0.080354676058737265 0
1622 1 1 213926400 99234809.095484361 -93608063.180353329 -14463189.031778628 24.301317054922727 25.218710824878695 -1.1452589402208204 1548.0457304449994 0.0094499296741950393 0.013199631825796214 -0.079965229355328418 0
1623 1 1 214012800 101315298.37944211 -91411320.391688704 -14559551.523385912 23.856699675480925 25.63011304644056 -1.0852909003876992 1547.866507067323 0.0096032353622348392 0.012745642524132576 -0.079555018747272346 0
1624 1 1 214099200 103356999.72003423 -89179477.759799808 -14650716.961217839 23.403503489189685 26.031164576404475 -1.0249639085469713 1547.6883070343504 0.0097569546135844766 0.012298628759585196 -0.079124987176761558 0
1625 1 1 214185600 105359186.43480979 -86913440.419914097 -14736656.186767455 22.942066378582954 26.421617057653872 -0.96432095196602186 1547.511164434485 0.0099120361823386259 0.01185906014587384 -0.078676048003203575 0
1626 1 1 214272000 107321161.44275196 -84614134.319810048 -14817343.766760666 22.472735539653286 26.801237152406767 -0.90340525839671737 1547.335111169858 0.010069380267633665 0.011427434578048986 -0.078209082277130526 0
1627 1 1 214358400 109242258.03233609 -82282504.902989432 -14892758.009470886 21.995866629874488 27.169806975995272 -0.84226019278975683 1547.1601770169054 0.010229834846753907 0.011004273235263602 -0.077724936947116977 0
1628 1 1 214444800 111121840.55495858 -79919515.756903812 -14962880.972124679 21.51182289342643 27.527124471743921 -0.78092915443608324 1546.9863896950278 0.010394192959469381 0.010590115522765028 -0.077224422665900821 0
1629 1 1 214531200 112959305.04197106 -77526147.23138386 -15027698.459457546 21.020974268369041 27.873003725678643 -0.71945547506100371 1546.8137749421915 0.010563190253121541 0.010185513735067731 -0.076708312528855196 0
1630 1 1 214617600 114754079.74396698 -75103395.032508537 -15087200.013524992 20.523696480567008 28.207275220243069 -0.65788231838228584 1546.6423565963069 0.010737503335937896 0.0097910279927602411 -0.076177340405540292 0
1631 1 1 214704000 116505625.5913852 -72652268.797203213 -15141378.894916048 20.020370129187462 28.529786026630045 -0.59625258162239136 1546.4721566813134 0.010917748539455728 0.0094072208312127661 -0.075632200147309481 0
1632 1 1 214790400 118213436.57590841 -70173790.653872609 -15190232.055559453 19.511379768563387 28.840399935771607 -0.53460879945362949 1546.3031954965104 0.011104481461553888 0.0090346522490790723 -0.075073544692639368 0
1633 1 1 214876800 119877040.05254866 -67668993.774350509 -15233760.103351453 18.997112991141716 29.138997528455572 -0.47299305081203957 1546.1354917082829 0.0112981968048784 0.008673874571968946 -0.074501985574570842 0
1634 1 1 214963200 121495996.96271196 -65138920.922391519 -15271967.258871444 18.477959516120681 29.425476185436441 -0.41144686899718086 1545.9690624430868 0.011499328905591267 0.0083254276167667382 -0.073918092608873581 0
1635 1 1 215049600 123069901.97892883 -62584623.003837079 -15304861.304485872 17.954310288240393 29.699750038808169 -0.35001115543523975 1545.8039233807331 0.011708252768586594 0.0079898340494872194 -0.073322393794631763 0
1636 1 1 215136000 124598383.57231294 -60007157.623463109 -15332453.526172379 17.426556590989712 29.961749866266445 -0.28872609746004735 1545.6400888467451 0.011925285296140134 0.007667594913461858 -0.072715375713787028 0
1637 1 1 215222400 126081104.00417012 -57407587.653360672 -15354758.648425028 16.8950891782778 30.211422930232555 -0.22763109041658527 1545.4775719030399 0.012150687066438595 0.0073591855030236165 -0.072097483740003271 0
1638 1 1 215308800 127517759.24351992 -54786979.817517184 -15371794.762625456 16.360297428387558 30.448732764122873 -0.16676466434868895 1545.3163844363878 0.012384664674825416 0.0070650514383291717 -0.071469122614328057 0
1639 1 1 215395200 128908078.81260976 -52146403.297055937 -15383583.249286868 15.822568523744298 30.673658908325958 -0.10616441551853384 1545.1565372432287 0.012627373182578214 0.0067856050246780444 -0.070830657525829788 0
1640 1 1 215481600 130251825.5627934 -49486928.360359274 -15390148.694597047 15.282286659731714 30.886196598703318 -0.045866942940810215 1544.9980401104951 0.012878918777439075 0.006521222012968033 -0.070182414828544967 0
1641 1 1 215568000 131548795.38341323 -46809625.022047862 -15391518.801699569 14.739832285497416 31.086356410647419 0.014092209925139303 1544.8409018920293 0.013139362003625032 0.006272238751837504 -0.069524683240491644 0
1642 1 1 215654400 132798816.84656535 -44115561.734518416 -15387724.297164759 14.195581379364635 31.274163861893911 0.073678608201818221 1544.6851305795556 0.013408721003171876 0.0060389493037137625 -0.068857715218667029 0
1643 1 1 215740800 134001750.79083842 -41405804.115460277 -15378798.833109763 13.649904761122198 31.449658977449197 0.13285897327486848 1544.5307333680569 0.013686974813839476 0.0058216035314466062 -0.068181728218101534 0
1644 1 1 215827200 135157489.84729901 -38681413.714474037 -15364778.885431301 13.103167443151071 31.61289582009212 0.19160122509085509 1544.3777167149185 0.013974067183305501 0.0056204048188238896 -0.067496906421378511 0
1645 1 1 215913600 136265957.9111515 -35943446.821615756 -15345703.648616584 12.555728022005708 31.763941989976317 0.24987451907475852 1544.2260863925169 0.014269910206853498 0.0054355085936003741 -0.066803402180186391 0
1646 1 1 216000000 137327109.56262559 -33192953.320380844 -15321614.927595519 12.007938111719449 31.902878096925804 0.30764927770666961 1544.0758475341049 0.014574387922601965 0.0052670211492898203 -0.066101337840453092 0
1647 1 1 216086400 138340929.44073859 -30430975.587332483 -15292557.027093306 11.460141819805305 32.029797208998993 0.36489721682544574 1543.9270046726265 0.014887360442560659 0.0051149985281207962 -0.065390807375219226 0
1648 1 1 216172800 139307431.57365468 -27658547.440271121 -15258576.638934592 10.912675266590256 32.144804280886412 0.42159136675560505 1543.7795617721836 0.015208667504799817 0.0049794459488066113 -0.064671878417107198 0
1649 1 1 216259200 140226658.66939852 -24876693.136534445 -15219722.727741536 10.365866148215957 32.248015565657255 0.47770608838718542 1543.6335222521534 0.015538132455394781 0.0048603172896573531 -0.063944593899405433 0
1650 1 1 216345600 141098681.37070128 -22086426.422717717 -15176046.415454997 9.8200333433602776 32.339558013302039 0.53321708436130966 1543.4888890038073 0.015875565917735712 0.0047575152702292733 -0.063208974128325823 0
1651 1 1 216432000 141923597.47774953 -19288749.636809532 -15127600.865094854 9.2754865634499755 32.419568659406963 0.58810140553191759 1543.3456643992854 0.016220769540131606 0.0046708912644777209 -0.062465018565028861 0
1652 1 1 216518400 142701531.14257473 -16484652.863456501 -15074441.164158801 8.7325260458874361 32.48819400717894 0.64233745290348299 1543.2038502930773 0.016573539590441815 0.0046002459052166631 -0.061712707751859282 0
1653 1 1 216604800 143432632.03877056 -13675113.142795853 -15016624.208041992 8.1914422895724091 32.545589405919237 0.69590497524751616 1543.0634480157096 0.016933670423709749 0.004545329682225421 -0.060952005303545644 0
1654 1 1 216691200 144117074.51015392 -10861093.733035844 -14954208.583841085 7.6525158317978379 32.591918428861973 0.74878506262875821 1542.9244583598027 0.017300958115019534 0.0045058435738749222 -0.060182859633222154 0
1655 1 1 216777600 144755056.70189753 -8043543.426718059 -14887254.454885714 7.1160170653835744 32.627352253148736 0.80096013607727179 1542.786881558611 0.017675203320564034 0.0044814401631835671 -0.059405205896960696 0
1656 1 1 216864000 145346799.67755392 -5223395.9203635892 -14815823.446320361 6.5822060947522445 32.652069044529803 0.85241393364510831 1542.650717256822 0.018056214649777087 0.0044717247012175214 -0.058618967839789676 0
1657 1 1 216950400 145892546.52527651 -2401569.2369899321 -14739978.532037796 6.0513326295100267 32.666253349189383 0.90313149310470742 1542.5159644737482 0.01844381152014693 0.0044762563318039034 -0.0578240595028943 0
1658 1 1 217036800 146392561.45640928 421034.79921396304 -14659783.923243407 5.5236359139535773 32.670095494907414 0.95309913154159531 1542.382621558867 0.018837827140118318 0.0044945494015298307 -0.057020387048305227 0
1659 1 1 217123200 146847128.89947778 3243531.0369497966 -14575304.958907535 4.9993446908121228 32.663791003579313 1.0023044221008957 1542.2506861398408 0.019238110832615896 0.0045260749584830539 -0.056207850304022901 0
1660 1 1 217209600 147256552.59246206 6065051.4216707461 -14486607.998340707 4.4786771974535826 32.647540016916047 1.0507361681405936 1542.1201550629014 0.019644530719571698 0.0045702621894754252 -0.05538634458696743 0
1661 1 1 217296000 147621154.67607939 8884745.370451482 -14393760.316104896 3.9618411927256587 32.621546736954286 1.0983843750493147 1541.9910243255401 0.020056976023815079 0.0046265000315476269 -0.054555762052603485 0
1662 1 1 217382400 147941274.79064116 11701780.099210419 -14296829.999451559 3.4490340125248888 32.586018882809604 1.1452402199741472 1541.8632890015092 0.020475358942008921 0.0046941385514944365 -0.053715993534618485 0
1663 1 1 217468800 148217269.17888224 14515340.903742785 -14195885.848456606 2.940442652183898 32.541167164927771 1.1912960197112523 1541.7369431582038 0.020899616957344842 0.0047724907585208328 -0.052866929563079236 0
1664 1 1 217555200 148449509.79699856 17324631.396124315 -14090997.27900034 2.4362438737378525 32.487204777902079 1.2365451969912034 1541.6119797661174 0.021329714360675628 0.0048608339916477606 -0.052008462265182076 0
1665 1 1 217641600 148638383.43595618 20128873.698128637 -13982234.228721663 1.936604336122681 32.424346912741903 1.2809822453883553 1541.4883906004131 0.021765643991645371 0.0049584115255177875 -0.051140486291515838 0
1666 1 1 217728000 148784290.85497168 22927308.593371902 -13869667.066055074 1.4416807463858863 32.352810289323429 1.3246026930824255 1541.3661661346362 0.022207428636150519 0.0050644341143118755 -0.050262900400925035 0
1667 1 1 217814400 148887645.92889631 25719195.639953911 -13753366.502441041 0.95162003000777529 32.272812709581935 1.3674030656777254 1541.2452954263204 0.022655122431262897 0.0051780813960599489 -0.049375608436048907 0
1668 1 1 217900800 148948874.81107339 28503813.245406244 -13633403.507781899 0.46655951846843335 32.184572631862238 1.4093808482832855 1541.1257659944483 0.023108811953406212 0.0052985034486028619 -0.048478520737890489 0
1669 1 1 217987200 148968415.11308146 31280458.705789011 -13509849.229199372 -0.013372847761245159 32.088308766698844 1.4505344470429651 1541.0075636887327 0.023568617241141308 0.0054248220545040837 -0.047571555033531512 0
1670 1 1 218073600 148946715.10261834 34048448.210793912 -13382774.913132936 -0.48805830256535293 31.984239694167108 1.4908631502941589 1540.8906725506258 0.02403469268703055 0.0055561321588356626 -0.046654637743796246 0
1671 1 1 218160000 148884232.92063329 36807116.816719636 -13252251.830804279 -0.95738702557165689 31.8725835028266 1.5303670895222494 1540.7750746661075 0.024507227686559763 0.0056915030496238212 -0.045727704754735719 0
1672 1 1 218246400 148781435.81866753 39555818.389182091 -13118351.207058135 -1.4212579032153854 31.753557450169058 1.5690472002702132 1540.6607500104114 0.024986447330841158 0.0058299797780106064 -0.044790702517112264 0
1673 1 1 218332800 148638799.41722906 42293925.51740969 -12981144.152577728 -1.8795782810427395 31.627377644381191 1.6069051831375678 1540.5476762845242 0.025472612724023989 0.0059705842956502978 -0.043843588981473898 0
1674 1 1 218419200 148456806.98589313 45020829.401953839 -12840701.599460898 -2.3322637087421105 31.494258747143078 1.6439434650100628 1540.4358287440455 0.025966021352114982 0.0061123168465414043 -0.042886334339186247 0
1675 1 1 218505600 148235948.74569502 47735939.717617668 -12697094.240131667 -2.7792376793104863 31.354413697103009 1.6801651606376706 1540.3251800206901 0.026467007112990444 0.0062541571357482345 -0.041918921946187182 0
1676 1 1 218592000 147976721.19426376 50438684.453370839 -12550392.469552658 -3.2204313636866737 31.208053453599433 1.7155740346664883 1540.2156999369045 0.026975940260328905 0.0063950658068706399 -0.04094134907720693 0
1677 1 1 218678400 147679626.45403489 53128509.730978929 -12400666.330694452 -3.6557833420929753 31.055386760143385 1.7501744642320662 1540.1073553145629 0.02749322722783458 0.0065339858672663958 -0.03995362750959109 0
1678 1 1 218764800 147345171.64377478 55804879.604032487 -12247985.463209527 -4.0852393332505779 30.896619927115609 1.7839714021947757 1540.0001097784811 0.02801931017735098 0.0066698442946017426 -0.038955784395532357 0
1679 1 1 218851200 146973868.2735531 58467275.839009918 -12092419.055252261 -4.5087519225618902 30.731956633097933 1.8169703410979643 1539.8939235562916 0.028554666135776952 0.0068015539313758446 -0.037947862681999428 0
1680 1 1 218937600 146566231.66320926 61115197.679958463 -11934035.798378801 -4.9262802902573029 30.561597744221267 1.8491772779219637 1539.7887532762707 0.029099806253012079 0.0069280156124916044 -0.036929921756779858 0
1681 1 1 219024000 146122780.38427338 63748161.598321982 -11772903.845455917 -5.3377899404367461 30.385741150880328 1.8805986796903831 1539.6845517650861 0.029655274296140555 0.0070481205700044236 -0.035902037859436166 0
1682 1 1 219110400 145644035.72523019 66365701.029387094 -11609090.771502597 -5.7432524318555318 30.204581621151785 1.9112414499809762 1539.581267847838 0.030221645315038868 0.0071607534012232488 -0.034864304596166032 0
1683 1 1 219196800 145130521.17993852 68967366.096761912 -11442663.537384581 -6.142645111235673 30.01831067023917 1.9411128963853257 1539.4788461533362 0.030799523312285752 0.0072647954919084178 -0.033816833206410102 0
1684 1 1 219283200 144582761.95895755 71552723.326242641 -11273688.456277747 -6.5359508498161105 29.827116445257005 1.9702206989563888 1539.3772269281849 0.031389538937837275 0.0073591290601865708 -0.03275975287980154 0
1685 1 1 219369600 144001284.52347246 74121355.350363195 -11102231.162814355 -6.9231577837702574 29.631183624664224 1.9985728796649629 1539.2763458629795 0.031992346563463024 0.0074426418310025453 -0.031693211124375745 0
1686 1 1 219456000 143386616.14145961 76672860.60486418 -10928356.584823491 -7.3042590590834262 29.430693331667328 2.0261777728954713 1539.1761339355669 0.032608620493715351 0.0075142327135182957 -0.030617373750646087 0
1687 1 1 219542400 142739284.46568289 79206853.01825881 -10752128.917575298 -7.6792525814000125 29.22582306091039 2.0530439969904122 1539.0765172758508 0.033239051046272124 0.0075728180117097341 -0.029532425326108551 0
1688 1 1 219628800 142059817.13307175 81722961.695615068 -10573611.600438369 -8.0481407712967634 29.016746617787515 2.0791804268515115 1538.9774170572716 0.033884339563807347 0.0076173389972745576 -0.028438569137594957 0
1689 1 1 219715200 141348741.38499475 84220830.597615689 -10392867.295858268 -8.4109303253954746 28.803634069720729 2.1045961676050133 1538.8787494208977 0.034545192871306772 0.0076467700037649708 -0.027336027507976746 0
1690 1 1 219801600 140606583.70790726 86700118.215902537 -10209957.870565876 -8.7676319836593173 28.586651708759437 2.1293005293202083 1538.7804254375105 0.035222317074622214 0.0076601279129197364 -0.026225042011328196 0
1691 1 1 219888000 139833869.49382725 89160497.245656148 -10024944.378924659 -9.1182603031819198 28.365962024878808 2.1533030027769673 1538.6823511137757 0.035916410381679482 0.0076564823277817254 -0.025105873766786992 0
1692 1 1 219974400 139031122.72006518 91601654.256307945 -9837887.0483270306 -9.4628334387243846 28.14172368935472 2.1766132362604966 1538.5844274481369 0.036628155458350985 0.0076349666588115591 -0.023978804010259813 0
1693 1 1 220060800 138198865.64761662 94023289.361229777 -9648845.2665518541 -9.8013729302052575 27.91409154762048 2.1992410133697398 1538.4865505417099 0.037358211009812008 0.0075947900829621499 -0.022844134431426841 0
1694 1 1 220147200 137337618.53760934 96425115.887194723 -9457877.5709961988 -10.133903497315666 27.683216621013461 2.2211962318172329 1538.3886117691645 0.038107202716181357 0.0075352498528994793 -0.021702187953016379 0
1695 1 1 220233600 136447899.38518283 98806860.044351652 -9265041.6396971121 -10.460452841377426 27.44924611682324 2.2424888831885963 1538.2904980132032 0.038875713922524584 0.0074557438700100179 -0.020553309463314243 0
1696 1 1 220320000 135530223.67017207 101168260.59740591 -9070394.2840613443 -10.78105145452316 27.212323446071391 2.2631290336465706 1538.1920919654447 0.039664275883017235 0.0073557833461280362 -0.019397866459290838 0
1697 1 1 220406400 134585104.12395966 103509068.53864941 -8873991.44322256 -11.095732436237959 26.972588248438083 2.2831268055442555 1538.0932724948082 0.040473358074353379 0.0072350045106377679 -0.018236250111893115 0
1698 1 1 220492800 133613050.5118614 105829046.76343215 -8675888.1799485944 -11.40453131725579 26.730176423767151 2.3024923599354041 1537.9939150828345 0.041303358667409619 0.0070931800164777854 -0.017068875517918518 0
1699 1 1 220579200 132614569.43041021 108127969.74861962 -8476138.6780212726 -11.707485890767275 26.485220169572106 2.321235879967332 1537.8938923234391 0.042154595485853694 0.0069302282660539394 -0.0158961823555888 0
1700 1 1 220665600 131590164.11891125 110405623.234529 -8274796.2410140093 -12.004636050857025 26.237848023959963 2.3393675551362456 1537.7930744822893 0.04302729768696293 0.0067462213866180849 -0.014718634823891267 0
1701 1 1 220752000 130540334.28464799 112661803.91078688 -8071913.2923922976 -12.296023638043936 25.988184913394477 2.3568975664055789 1537.6913301087725 0.043921598717536127 0.0065413903945640631 -0.013536721326564754 0
1702 1 1 220838400 129465575.94113192 114896319.10650218 -7867541.3768628482 -12.581692291776632 25.736352204720831 2.3738360721859983 1537.5885266917048 0.044837530194281411 0.0063161281940546715 -0.012350953417499191 0
1703 1 1 220924800 128366381.25880252 117108986.48509759 -7661731.1628965791 -12.861687309703782 25.482467760884319 2.390193195183099 1537.4845313480048 0.045775017619744007 0.0060709892444242453 -0.011161864246056651 0
1704 1 1 221011200 127243238.42760165 119299633.74409418 -7454532.4463502746 -13.136055513501951 25.2266459997754 2.405979010119875 1537.3792115315864 0.046733877769536088 0.0058066863087009027 -0.0099700062145936016 0
1705 1 1 221097600 126096631.53086451 121468098.32009585 -7245994.155111026 -13.404845121038441 24.968997955661361 2.4212035323369521 1537.2724357491413 0.047713817770727203 0.0055240839827032599 -0.0087759482581962686 0
1706 1 1 221184000 124927040.42999135 123614227.09917454 -7036164.3546877578 -13.668105624629829 24.709631342692543 2.4358767072719583 1537.1640742689272 0.048714436057422275 0.0052241894815896707 -0.0075802723939696814 0
1707 1 1 221270400 123734940.65938275 125737876.13281447 -6825090.2546735192 -13.925887675143603 24.448650619995558 2.4500084008212419 1537.0539998087356 0.049735225157269601 0.0049081403719939791 -0.0063835698655877555 0
1708 1 1 221356800 122520803.33114561 127838910.35953265 -6612818.2160026077 -14.178242971692697 24.18615705791499 2.4636083905798576 1536.9420881900837 0.050775576051787841 0.0045771904853767788 -0.005186436834881192 0
1709 1 1 221443200 121285095.04909639 129917203.33225866 -6399393.7589273667 -14.425224156677425 23.922248805004433 2.4766863579341565 1536.8282189470733 0.051834784026145539 0.0042326934828347184 -0.0039894703592114186 0
1710 1 1 221529600 120028277.83161078 131972636.95152061 -6184861.5716423066 -14.666884715927702 23.657020955411696 2.4892518809848654 1536.7122758799267 0.05291205591938105 0.0038760855108642646 -0.002793263893035438 0
1711 1 1 221616000 118750809.0428891 134005101.20446056 -5969265.5194847463 -14.903278883724379 23.390565616366946 2.5013144282686444 1536.5941475459115 0.054006517942466664 0.0035088670218719671 -0.0015984034217536804 0
1712 1 1 221702400 117453141.33222426 136014493.90967551 -5752648.6546450863 -15.134461552483456 23.122971975520159 2.5128833532350501 1536.4737276824083 0.055117224599841468 0.0031325844567736219 -0.00040546350031620524 0
1713 1 1 221788800 116135722.58087967 138000720.46786267 -5535053.2263229657 -15.360488186892223 22.854326367920876 2.5239678894387914 1536.3509155589093 0.056243167883483415 0.0027488121516533928 0.00078499606944331117 0
1714 1 1 221875200 114798995.85620004 139963693.61823007 -5316520.6912701754 -15.581414742319151 22.584712342484281 2.5345771463838935 1536.2256162576348 0.057383286521398486 0.0023591352960453038 0.0019724329562304209 0
1715 1 1 221961600 113443399.37259255 141903333.20062324 -5097091.7246662164 -15.797297587326925 22.314210727821376 2.5447201059746347 1536.0977408842766 0.058536475189801332 0.0019651337987860191 0.0031563248405529604 0
1716 1 1 222048000 112069366.45903219 143819565.9233093 -4876806.2312761154 -16.008193430122127 22.042899697339575 2.5544056195176115 1535.9672067117242 0.059701593627136694 0.00156836773879823 0.0043361710332204461 0
1717 1 1 222134400 110677325.53275725 145712325.13635081 -4655703.3568456676 -16.214159248795426 21.770854833555617 2.5636424052173825 1535.8339372613204 0.0608774750930898 0.001170364438983231 0.0055114938386896318 0
1718 1 1 222220800 109267700.07883221 147581550.61050192 -4433821.4996932689 -16.415252225220531 21.498149191577507 2.5724390461220166 1535.6978623273524 0.062062934325299496 0.00077260724494024097 0.0066818393711460871 0
1719 1 1 222307200 107840908.63526955 149427188.32155156 -4211198.3224617038 -16.611529682476402 21.224853361727007 2.5808039884657101 1535.5589179506778 0.063256774982649241 0.00037652602139625702 0.0078467778516025898 0
1720 1 1 222393600 106397364.78341003 151249190.24003989 -3987870.7639976577 -16.803049025668667 20.951035531288049 2.5887455403633872 1535.4170463478952 0.064457796310262522 -1.6510555756132801e-05 0.0090059035714727311 0
1721 1 1 222480000 104937477.14327338 153047514.12627161 -3763875.051330097 -16.989867686038135 20.676761545378969 2.5962718708219437 1535.2721958027278 0.065664799040861851 -0.00040520098054248053 0.010158834618625314 0
1722 1 1 222566400 103461649.37360035 154822123.33055058 -3539246.7117217234 -17.17204306823626 20.402094966936708 2.6033910090305321 1535.1243205257322 0.066876590814884548 -0.00078831568714610449 0.011305212214469011 0
1723 1 1 222652800 101970280.1763173 156572986.59855926 -3314020.5847708471 -17.349632500657776 20.127097135815056 2.6101108439003911 1534.9733804883069 0.068091990671900568 -0.0011647000192028388 0.012444700032979325 0
1724 1 1 222739200 100463763.30516365 158300077.88180497 -3088230.8345431434 -17.522693188722783 19.851827226999927 2.6164391238266127 1534.8193412365829 0.069309833113762848 -0.0015332762735787927 0.013576983181397138 0
1725 1 1 222825600 98942487.57823272 160003376.15305862 -2861910.9617155166 -17.691282170997145 19.576342307932119 2.6223834566436302 1534.6621736900411 0.07052897145745958 -0.0018930445869308385 0.014701767153752651 0
1726 1 1 222912000 97406836.894184858 161682865.22670639 -2635093.8157158839 -17.855456278046855 19.300697394938901 2.6279513097623264 1534.5018539292871 0.071748280703564454 -0.0022430828722730576 0.015818776891147371 0
1727 1 1 222998400 95857190.251900673 163338533.58393979 -2407811.6068440522 -18.01527209392065 19.024945508769893 2.6331500104644805 1534.3383629768311 0.072966659865670441 -0.00258254602262506 0.016927755470808048 0
1728 1 1 223084800 94293921.773353145 164970374.20270443 -2180095.9183610249 -18.170785920160252 18.749137729229592 2.6379867463408151 1534.1716865742644 0.074183033816421912 -0.0029106644989386173 0.018028463187028023 0
1729 1 1 223171200 92717400.729483411 166578384.39232919 -1951977.7185344186 -18.322053742226498 18.473323248901639 2.6424685658638483 1534.0018149582174 0.075396355044054897 -0.0032267423392222968 0.019120676389274508 0
1730 1 1 223257600 91127991.568876967 168162565.63275835 -1723487.3726293277 -18.469131198246341 18.197549425951664 2.6466023790769575 1533.8287426376564 0.076605604596880525 -0.0035301549930478317 0.020204186420406927 0
1731 1 1 223344000 89526053.949042574 169722923.4183062 -1494654.6548349408 -18.612073549980497 17.92186183600333 2.650394958390589 1533.652468174354 0.077809793208192826 -0.0038203465429496723 0.021278798572744236 0
1732 1 1 223430400 87911942.770108312 171259467.10585222 -1265508.7601178843 -18.750935655909696 17.646304323079768 2.6538529394826096 1533.4729939678018 0.079007961789835851 -0.0040968269983044127 0.022344331301998682 0
1733 1 1 223516800 86286008.210754156 172772209.7673974 -1036078.3159937145 -18.885771946352659 17.370919049598346 2.6569828222875205 1533.290326046083 0.080199181840840475 -0.0043591692514674653 0.023400615097084323 0
1734 1 1 223603200 84648595.766210139 174261168.04689938 -806391.39420948247 -19.016636400507579 17.095746545411284 2.6597909720690689 1533.1044738630362 0.081382555933498371 -0.0046070061307278715 0.024447491869014695 0
1735 1 1 223689600 83000046.288159013 175726362.0213024 -576475.52232988901 -19.143582525331777 16.820825755885572 2.6622836205753346 1532.9154501024695 0.082557217594649332 -0.0048400272021772769 0.025484814103227643 0
1736 1 1 223776000 81340696.026386291 177167815.06568024 -346357.69522076414 -19.266663336178141 16.54619408901527 2.6644668672592942 1532.7232704902644 0.083722331281370133 -0.0050579758170031181 0.026512444063358214 0
1737 1 1 223862400 79670876.672031507 178585553.72240734 -116064.38642431679 -19.385931339085413 16.271887461557505 2.666346680564085 1532.5279536139333 0.084877092466791995 -0.0052606460367567096 0.027530253204158202 0
1738 1 1 223948800 77990915.402301162 179979607.57427385 114378.44057948535 -19.501438514650349 15.997940344195603 2.6679288992728623 1532.329520750156 0.086020727082681117 -0.005447879575667806 0.028538121642059797 0
1739 1 1 224035200 76301134.926509023 181350009.12146053 344945.32123049168 -19.613236303396473 15.724385805720459 2.6692192339090721 1532.1279957002182 0.087152491537325891 -0.0056195630398480599 0.02953593741843415 0
1740 1 1 224121600 74601853.533319533 182696793.66228876 575611.27886895032 -19.721375592560307 15.451255556231207 2.670223268186473 1531.9234046332258 0.088271672035366733 -0.0057756249934487825 0.030523596181624563 0
1741 1 1 224208000 72893385.139073968 184019999.17766061 806351.81384353049 -19.825906704216859 15.178579989355701 2.6709464605049105 1531.7157759368247 0.089377584564658316 -0.0059160333917222139 0.031501000569667523 0
1742 1 1 224294400 71176039.337087587 185319666.21910396 1037142.892750254 -19.92687938467353 14.906388223491925 2.6713941454875805 1531.5051400753084 0.090469574041022377 -0.0060407928783145302 0.032468059976998163 0
1743 1 1 224380800 69450121.447810367 186595837.80033982 1267960.9378059339 -20.024342795067998 14.634708142078059 2.6715715355523328 1531.2915294551271 0.091547014082999451 -0.0061499423277898034 0.03342468991840921 0
1744 1 1 224467200 67715932.569751531 187848559.29228598 1498782.8163585339 -20.118345503085798 14.363566432890815 2.671483722513651 1531.0749782969026 0.09260930654858357 -0.0062435525148173063 0.034370811890993808 0
1745 1 1 224553600 65973769.631072447 189077878.32141554 1729585.8305374929 -20.208935475755322 14.092988626383541 2.6711356792171381 1530.8555225144091 0.093655880668275293 -0.0063217237526585514 0.035306352962369857 0
1746 1 1 224640000 64223925.44175861 190283844.67138499 1960347.7070461854 -20.296160073239214 13.822999133065805 2.6705322611954565 1530.6331995996293 0.094686193053631559 -0.0063845839576523655 0.036231245483113919 0
1747 1 1 224726400 62466688.746286832 191466510.18785256 2191046.5870983978 -20.380066043570395 13.553621279935802 2.6696782083454091 1530.4080485138043 0.095699726620989606 -0.0064322864286437418 0.037145426810236117 0
1748 1 1 224812800 60702344.276708208 192625928.68640292 2421661.0165004912 -20.460699518281157 13.284877345984622 2.6685781466230361 1530.1801095844128 0.096695990425164455 -0.0064650078840163784 0.038048839083033588 0
1749 1 1 224899200 58931172.806072928 193762155.86349952 2652169.9358807551 -20.53810600885895 13.016788596768901 2.6672365897551358 1529.9494244072578 0.097674518917819239 -0.0064829468606526826 0.038941429031788641 0
1750 1 1 224985600 57153451.202126347 194875249.21038464 2882552.6710671675 -20.61233040399047 12.749375318070618 2.6656579409621712 1529.7160357539162 0.098634871410329339 -0.0064863217745959687 0.039823147725446935 0
1751 1 1 225072000 55369452.481211849 195965267.92984813 3112788.9236142477 -20.683416967536036 12.48265684865993 2.6638464946854623 1529.4799874840285 0.099576631569710444 -0.0064753694202380283 0.040693950300445057 0
1752 1 1 225158400 53579445.862318359 197032272.85578987 3342858.7614795254 -20.751409337189344 12.216651612170399 2.6618064383260855 1529.2413244620573 0.1004994068460123 -0.0064503433355274122 0.041553796021917361 0
1753 1 1 225244800 51783696.821215853 198076326.37549683 3572742.6098505352 -20.816350523777594 11.951377148103262 2.6595418539848694 1529.0000924784044 0.10140282796977784 -0.00641151242588051 0.042402647823692574 0
1754 1 1 225331200 49982467.144625217 199097492.35456234 3802421.242122042 -20.878282911160635 11.686850141972201 2.6570567202056754 1528.7563381745601 0.10228654835400575 -0.006359159588974767 0.043240472508856952 0
1755 1 1 225417600 48176014.984372042 200095836.06437427 4031875.771024094 -20.93724825669403 11.423086454609415 2.654354913715967 1528.5101089723598 0.10315024345220469 -0.0062935803451556142 0.044067240207072596 0
1756 1 1 225504000 46364594.911477901 201071424.11209834 4261087.6398999402 -20.9932876922073 11.160101150647453 2.6514402111624484 1528.2614530067171 0.103993610473865 -0.0062150816571652908 0.044882924597169693 0
1757 1 1 225590400 44548457.970146239 202024324.37308756 4490038.6141341701 -21.046441725465652 10.897908526188013 2.6483162908468016 1528.0104190616903 0.10481636762706949 -0.0061239808524100933 0.04568750258168474 0
1758 1 1 225676800 42727851.731601641 202954605.92564806 4718710.7727303281 -21.096750242082816 10.636522135678378 2.6449867344532736 1527.7570565098749 0.10561825377576338 -0.006020604455781846 0.046480954345203648 0
1759 1 1 225763200 40903020.347746328 203862338.98809314 4947086.500037537 -21.144252507850346 10.375954818015773 2.6414550287671661 1527.5014152548506 0.10639902774451432 -0.0059052871417491527 0.04726326304845694 0
1760 1 1 225849600 39074204.604597844 204747594.85802022 5175148.4776249304 -21.188987171455267 10.11621872188876 2.63772456737984 1527.2435456766509 0.10715846792595742 -0.0057783709105335718 0.048034414836620132 0
1761 1 1 225936000 37241641.975476868 205610445.85374442 5402879.6763032218 -21.230992267549659 9.8573253303766073 2.6337986523895509 1526.9834985796767 0.10789637178456953 -0.0056402040483898661 0.048794398845537955 0
1762 1 1 226022400 35405566.673915125 206450965.25782666 5630263.3482926507 -21.270305220151965 9.5992854848265612 2.629680496086547 1526.721325143332 0.10861255528405958 -0.0054911403289655972 0.049543206933877385 0
1763 1 1 226108800 33566209.706256248 207269227.26263437 5857283.0195357325 -21.306962846349119 9.3421094080206899 2.6253732226215836 1526.457076875058 0.1093068525149974 -0.0053315382305956539 0.05028083370204417 0
1764 1 1 226195200 31723798.923924543 208065306.91787246 6083922.4821536876 -21.341001360278767 9.0858067266525797 2.6208798696629088 1526.1908055656925 0.10997911503419996 -0.0051617601437020004 0.051007276414217276 0
1765 1 1 226281600 29878559.075338688 208839280.08002889 6310165.7870453512 -21.372456377364092 8.8303864931343821 2.6162033900370072 1525.9225632469283 0.11062921162164842 -0.0049821715903525295 0.051722534927684881 0
1766 1 1 226368000 28030711.857449289 209591223.36367446 6535997.236627169 -21.401362918780602 8.5758572067403644 2.6113466533534342 1525.6524021507882 0.11125702759026114 -0.0047931408178176023 0.052426611639838444 0
1767 1 1 226454400 26180475.966881059 210321214.09456226 6761401.3777125953 -21.427755416135369 8.3222268341142556 2.606312447605351 1525.3803746711824 0.1118624645228351 -0.0045950378099924244 0.053119511226224894 0
1768 1 1 226540800 24328067.150662675 211029330.26447189 6986362.9945290778 -21.451667716335429 8.0695028291550113 2.6011034807594604 1525.1065333270797 0.11244543969555183 -0.0043882340064388126 0.053801241000397314 0
1769 1 1 226627200 22473698.256528046 211715650.48774529 7210867.1018719478 -21.473133086631524 7.817692152294164 2.5957223823261915 1524.8309307274935 0.11300588569191868 -0.0041731014888340351 0.054471810421316082 0
1770 1 1 226713600 20617579.282775123 212380253.95946279 7434898.9383925777 -21.492184219818668 7.5668012891843386 2.5901717049054649 1524.5536195382315 0.11354374987547333 -0.0039500126816478737 0.055131231329073341 0
1771 1 1 226800000 18759917.427669138 213023220.41520864 7658443.9600194851 -21.508853239572588 7.3168362688105146 2.5844539257122068 1524.2746524500742 0.11405899414916049 -0.0037193397276315387 0.055779517599626571 0
1772 1 1 226886400 16900917.1383796 213644630.09237757 7881487.8335102536 -21.523171705909874 7.0678026810466337 2.5785714480854351 1523.9940821483651 0.11455159434420428 -0.003481454059967708 0.05641668551240759 0
1773 1 1 226972800 15040780.159440411 214244563.69297403 8104016.4301331919 -21.535170620759619 6.8197056936694178 2.5725266029745502 1523.7119612841018 0.11502153993054207 -0.0032367259412746556 0.057042753237645752 0
1774 1 1 227059200 13179705.580724536 214823102.34785905 8326015.8194760568 -21.544880433629526 6.5725500688433218 2.5663216504018358 1523.4283424463583 0.11546883350349649 -0.0029855241375289785 0.057657741185414592 0
1775 1 1 227145600 11317889.884925349 215380327.5823994 8547472.2633805815 -21.552331047355302 6.326340179094859 2.5599587809059985 1523.1432781359397 0.11589349048260976 -0.002728215417980301 0.058261671639377614 0
1776 1 1 227232000 9455526.994538255 215916321.2834745 8768372.2100004591 -21.55755182391772 6.0810800227911619 2.553440116960465 1522.8568207401893 0.11629553870561175 -0.0024651642827973439 0.05885456894875727 0
1777 1 1 227318400 7592808.3183371136 216431165.66780058 8988702.2879811302 -21.560571590319046 5.8367732391320262 2.5467677143724177 1522.5690225088827 0.11667501805229018 -0.0021967326552913193 0.059436459329887843 0
1778 1 1 227404800 5729922.7973405756 216924943.25152916 9208449.3007593285 -21.561418644511757 5.5934231226773994 2.5399435636570575 1522.2799355313718 0.11703197994853395 -0.0019232794383387071 0.060007370918516482 0
1779 1 1 227491200 3867056.9502644236 217397736.82108185 9427600.2209804989 -21.560120761365923 5.3510326374216595 2.532969591390382 1521.9896117147341 0.11736648712517077 -0.0016451603238191398 0.060567333662521185 0
1780 1 1 227577600 2004394.9184572634 217849629.40518093 9646142.1850319915 -21.55670519865939 5.1096044304224195 2.5258476615385699 1521.6981027626873 0.11767861330709969 -0.001362727554462541 0.061116379331062669 0
1781 1 1 227664000 142118.51031749757 218280704.24803978 9864062.487690242 -21.551198703096677 4.8691408450083955 2.5185795767651884 1521.4054601556941 0.11796844259580504 -0.0010763294661504993 0.061654541442215285 0
1782 1 1 227750400 -1719592.7548103714 218691044.78367618 10081348.576879853 -21.543627516335288 4.6296439335679889 2.5111670797153258 1521.1117351317873 0.11823606951867245 -0.00078631059717295261 0.062181855249442176 0
1783 1 1 227836800 -3580561.603260105 219080734.6113131 10297988.048542652 -21.534017381018565 4.3911154699384083 2.5036118542762185 1520.8169786683004 0.11848159825434718 -0.00049301106975263521 0.062698357659166856 0
1784 1 1 227923200 -5440612.9641897343 219449857.47183323 10513968.641614623 -21.522393546808662 4.1535569614100796 2.4959155268161459 1520.5212414644627 0.11870514267860299 -0.00019676666805934246 0.063204087268938669 0
1785 1 1 228009600 -7299573.9272480085 219798497.22525373 10729278.233109068 -21.50878077640634 3.9169696603485384 2.4880796674005734 1520.2245739246025 0.1189068257801596 0.00010209146779255065 0.063699084252877389 0
1786 1 1 228096000 -9157273.7007607892 220126737.82919049 10943904.833303591 -21.493203351562432 3.6813545754546122 2.4801057909836688 1519.9270261423401 0.11908677942857424 0.00040323698363458943 0.064183390348712288 0
1787 1 1 228182400 -11013543.570435764 220434663.31827852 11157836.581029292 -21.47568507906351 3.4467124826731026 2.4719953585794801 1519.6286478852558 0.11924514412621037 0.00070634855605714356 0.064657048866194333 0
1788 1 1 228268800 -12868216.858583197 220722357.78452092 11371061.739060154 -21.45624929669318 3.2130439357572942 2.4637497784124212 1519.3294885802334 0.11938206860434895 0.0010111098941638329 0.065120104657995795 0
1789 1 1 228355200 -14721128.883850737 220989905.35853606 11583568.68960084 -21.434918879167494 2.980349276504445 2.4553704070419395 1519.0295972996735 0.11949770948543011 0.0013172100738705482 0.065572603973563806 0
1790 1 1 228441600 -16572116.921469437 221237390.19167534 11795345.929870509 -21.411716244032124 2.7486286446716064 2.4468585504635292 1518.7290227482276 0.11959223113197809 0.0016243434763273013 0.066014594499681223 0
1791 1 1 228528000 -18421020.164007429 221464896.43898371 12006382.067781152 -21.386663357517097 2.517881987579123 2.4382154651952948 1518.4278132498694 0.11966580531353049 0.0019322100167076387 0.066446125464984754 0
1792 1 1 228614400 -20267679.682627831 221672508.2429775 12216665.817708764 -21.359781740353259 2.2881090694180886 2.4294423593374237 1518.1260167357868 0.11971861084033643 0.0022405152357897269 0.06686724731929046 0
1793 1 1 228700800 -22111938.388847291 221860309.71821347 12426185.996354856 -21.331092473542768 2.0593094802702381 2.4205403936075953 1517.8236807328719 0.11975083335420421 0.0025489704633953618 0.067278011919904276 0
1794 1 1 228787200 -23953640.99679083 222028384.93662587 12634931.518696899 -21.300616204079731 1.8314826448423347 2.4115106823636796 1517.5208523525569 0.11976266501029295 0.0028572926763356424 0.067678472519653685 0
1795 1 1 228873600 -25792633.98593878 222176817.91360456 12842891.394026041 -21.268373150613435 1.604627830932537 2.4023542945966505 1517.2175782801482 0.11975430440022361 0.0031652048768053588 0.068068683479707917 0
1796 1 1 228960000 -27628765.564360488 222305692.59479564 13050054.722069524 -21.23438310906279 1.3787441576398387 2.393072254906996 1516.9139047647693 0.11972595592040641 0.0034724359904431275 0.068448700613640917 0
1797 1 1 229046400 -29461885.632431075 222415092.84359851 13256410.689197022 -21.198665458173185 1.1538306033154759 2.3836655444621124 1516.609877609734 0.11967782989851071 0.0037787209492370741 0.068818580829943521 0
1798 1 1 229132800 -31291845.747025207 222505102.42934024 13461948.564708361 -21.161239165006183 0.92988601327405851 2.3741351019289869 1516.3055421631991 0.11961014217212401 0.0040838008208948801 0.069178382311758546 0
1799 1 1 229219200 -33118499.086182792 222575805.01610604 13666657.697201291 -21.122122790374423 0.70690910726756651 2.3644818243914321 1516.0009433093837 0.11952311382950649 0.0043874227412433447 0.069528164400853354 0
1800 1 1 229305600 -34941700.414241537 222627284.15220451 13870527.511017425 -21.08133449421063 0.48489848673271602 2.3547065682429329 1515.696125460217 0.1194169710449704 0.0046893400914054823 0.069867987536787274 0
1801 1 1 229392000 -36761306.047430456 222659623.26025152 14073547.502764612 -21.038892040871019 0.2638526418191981 2.3448101500645153 1515.3911325472689 0.11929194479174812 0.0049893124079905329 0.070197913382755703 0
1802 1 1 229478400 -38577173.819918834 222672905.6278502 14275707.23791427 -20.994812804372359 0.043769958205787551 2.334793347479625 1515.0860080141488 0.11914827066016997 0.0052871055313530139 0.070518004545155749 0
1803 1 1 229564800 -40389163.050314665 222667214.39885193 14476996.347471697 -20.949113773561155 -0.17535127628593075 2.3246568999918931 1514.7807948092354 0.11898618859498283 0.0055824915654168221 0.070828324850831056 0
1804 1 1 229651200 -42197134.508606739 222642632.56518015 14677404.524718182 -20.901811557212184 -0.39351286527609464 2.3144015098053332 1514.4755353786688 0.11880594276351202 0.0058752489255618516 0.071128939049207821 0
1805 1 1 229737600 -44000950.383544244 222599242.95920008 14876921.522022882 -20.852922389059803 -0.61071669760207459 2.3040278426234932 1514.1702716598438 0.11860778118084789 0.0061651622916528773 0.071419912983298126 0
1806 1 1 229824000 -45800474.2504481 222537128.246618 15075537.147723185 -20.802462132756467 -0.82696474127713171 2.293536528431753 1513.8650450751338 0.11839195572301438 0.0064520226817785945 0.071701313402670316 0
1807 1 1 229910400 -47595571.039447278 222456370.91989535 15273241.263071785 -20.750446286757544 -1.0422590376229555 2.2829281622629383 1513.5598965258314 0.11815872176267767 0.0067356274743426165 0.071973208132659658 0
1808 1 1 229996800 -49386107.004134566 222357053.29216224 15470023.779249212 -20.69688998914031 -1.2566016955709032 2.2722033049432264 1513.2548663866451 0.11790833796064375 0.0070157804287298694 0.07223566579505511 0
1809 1 1 230083200 -51171949.690635219 222239257.49161598 15665874.654439935 -20.641808022342996 -1.4699948861312446 2.2613624838217503 1512.9499945002353 0.11764106629002145 0.0072922915367019028 0.072488756066486873 0
1810 1 1 230169600 -52952967.907081798 222103065.45639074 15860783.890970992 -20.585214817832455 -1.6824408370206609 2.2504061934849173 1512.6453201720572 0.11735717158722858 0.0075649771424959782 0.072732549417955372 0
1811 1 1 230256000 -54729031.69348938 221948558.92988494 16054741.53251137 -20.527124460701991 -1.8939418274379696 2.2393348964506505 1512.3408821656474 0.11705692153083942 0.0078336599159803989 0.072967117234413098 0
1812 1 1 230342400 -56500012.292024888 221775819.45653367 16247737.661330812 -20.467550694193172 -2.1045001829834473 2.2281490238486974 1512.0367186980477 0.11674058636459032 0.0080981689224373082 0.073192531716124179 0
1813 1 1 230428800 -58265782.117663652 221584928.37801343 16439762.395616626 -20.406506924142747 -2.3141182707254226 2.2168489760846648 1511.7328674354499 0.1164084388667558 0.0083583393307838337 0.073408865927750339 0
1814 1 1 230515200 -60026214.729227133 221375966.8298682 16630805.88684728 -20.344006223357411 -2.522798494397624 2.20543512348649 1511.4293654891665 0.11606075399126006 0.0086140127821358239 0.073616193651526593 0
1815 1 1 230601600 -61781184.80079557 221149015.73854408 16820858.317220904 -20.280061335914461 -2.7305432897271342 2.1939078069346825 1511.1262494118439 0.11569780891174951 0.0088650369607392535 0.073814589471853917 0
1816 1 1 230688000 -63530568.093488581 220904155.81882223 17009909.897137895 -20.214684681384277 -2.9373551198880619 2.1822673384802376 1510.8235551936914 0.11531988276837911 0.0091112659504038983 0.07400412873671755 0
1817 1 1 230774400 -65274241.427607954 220641467.57163981 17197950.862736348 -20.14788835899035 -3.1432364710727754 2.1705140019519131 1510.5213182591999 0.11492725633163242 0.0093525599376836042 0.074184887575799496 0
1818 1 1 230860800 -67012082.655133277 220361031.28229162 17384971.473472368 -20.079684151602674 -3.3481898480873586 2.1586480533626125 1510.2195734646928 0.11452021268079024 0.0095887861572581702 0.074356941243217289 0
1819 1 1 230947200 -68743970.632880539 220062927.01888955 17570962.009548716 -20.010083537890658 -3.5522177732439744 2.1466697171906888 1509.9183554558558 0.11409900645592691 0.0098197896192807142 0.074520421438000584 0
1820 1 1 231033600 -70469785.192105174 219747234.6331909 17755912.770513024 -19.939097563749755 -3.7553227202345179 2.1345792397523029 1509.6176931256525 0.11366692982326886 0.010046362615513027 0.07467796443521206 0
1821 1 1 231120000 -72189407.116054416 219414033.74307466 17939814.122350909 -19.866737392405895 -3.9575077859496273 2.1223780727881012 1509.3176040673234 0.11321078681524988 0.01025515533420294 0.074843336593086937 0
1822 1 3 231158214.82687944 -72947992.037314281 219261094.57956901 18020816.703322727 -19.834296678053896 -4.0466415895416112 2.1169455278703015 1509.1850748799848 0 0 0 177
1823 1 1 231206400 -73902718.11577493 219063403.74245629 18122656.384890866 -19.793012776321714 -4.1587739741759631 2.1100606380055744 1509.0182118988109 0.11277160827489474 0.010544541343398193 0.074711464502471278 0
1824 1 1 231292800 -75609604.154089153 218695425.72465584 18304419.923693012 -19.718019553705926 -4.3590773189684411 2.0973830928361892 1508.7272406955492 0.1122356294888403 0.011143114621748334 0.073427386060779101 0
1825 1 1 231379200 -77309920.83722651 218310168.96261519 18485155.784949031 -19.640593198949638 -4.5588884452602452 2.08711056059107 1508.3449385247975 0.14686290304973715 -0.0025299656757794336 0.15574325204380174 0
1826 1 1 231465600 -79003428.54721804 217907663.87968343 18665141.91088466 -19.560766055133449 -4.7581971403512515 2.0791636624008554 1507.8695738196532 0.14553333907858523 -0.0015037168038744997 0.15174745161959993 0
1827 1 1 231552000 -80689987.855579242 217487981.37131789 18844416.954298481 -19.479746235739356 -4.9565172176020971 2.0706637287555107 1507.4106906020058 0.14421338115285517 -0.00052317092259824812 0.1477273457028295 0
1828 1 1 231638400 -82369491.987960994 217051205.12360576 19022942.917392492 -19.397451823560584 -5.1538852421793928 2.0618275024727253 1506.9597802903681 0.14303269042899591 0.00052559000913869158 0.14407847317939057 0
1829 1 1 231724800 -84041830.951236412 216597417.37977609 19200691.398675334 -19.313887410388382 -5.3503026985455895 2.0526663614112977 1506.5163863810803 0.14183278165603055 0.0015273920225991014 0.14042615847630446 0
1830 1 1 231811200 -85706895.409992695 216126700.07938704 19377634.298858434 -19.229061771541282 -5.5457735185456123 2.0431800428976548 1506.0804915077554 0.14063837901501772 0.0025259097434532992 0.13680022158957139 0
1831 1 1 231897600 -87364576.718167618 215639134.90738583 19553743.585228182 -19.142982405996676 -5.7403001910394842 2.0333699398561786 1505.6520043619205 0.13944516697299575 0.0035140705197762045 0.1331954755325247 0
1832 1 1 231984000 -89014766.8765091 215134803.31762683 19728991.333126388 -19.0556567384271 -5.9338854995492518 2.0232372215431229 1505.2308435790092 0.13825336240577385 0.0044917359934560745 0.12961233738295891 0
1833 1 1 232070400 -90657358.515086874 214613786.52556092 19903349.720415663 -18.967091913380916 -6.1265321783859497 2.0127830908371758 1504.8169249579225 0.13706315021842541 0.0054589100578393644 0.12605121017986401 0
1834 1 1 232156800 -92292244.869791657 214076165.51208067 20076791.029720336 -18.877294810537876 -6.3182429225512546 2.0020087696484126 1504.410162143472 0.13587470924315148 0.0064155816193651296 0.1225124713301957 0
1835 1 1 232243200 -93919319.759603143 213522021.02699137 20249287.650005184 -18.786272048250506 -6.5090203858323861 1.9909154974068883 1504.0104666322 0.13468820976111173 0.007361741182509666 0.11899647318330649 0
1836 1 1 232329600 -95538477.564166963 212951433.59268978 20420812.078025728 -18.69402998713139 -6.6988671780858002 1.9795045295910945 1503.6177477782253 0.13350381391220476 0.0082973800049415264 0.11550354291595857 0
1837 1 1 232416000 -97149613.201677203 212364483.50807291 20591336.919650387 -18.600574733546409 -6.8877858626300528 1.9677771362336518 1503.2319127974333 0.13232167559536334 0.0092224902863623798 0.11203398207857775 0
1838 1 1 232502400 -98752622.10705772 211761250.85266998 20760834.891053103 -18.505912143027203 -7.0757789536901239 1.9557346004203129 1502.8528667699131 0.13114194068787918 0.010137064766940172 0.10858806686942009 0
1839 1 1 232588800 -100347400.21043424 211141815.49099201 20929278.819775924 -18.410047823596756 -7.2628489138945946 1.9433782167769813 1502.4805126405756 0.12996474711959397 0.011041096842801393 0.10516604752719438 0
1840 1 1 232675200 -101933843.91589056 210506257.07709673 21096641.645659961 -18.312987139020439 -7.448998151805621 1.9307092899363199 1502.1147512184787 0.12879022477473415 0.011934580622439035 0.10176814836038189 0
1841 1 1 232761600 -103511850.08050242 209854655.05936575 21262896.421643436 -18.214735211978336 -7.6342290194969644 1.9177291329962862 1501.7554811744815 0.12761849571455408 0.012817510533691328 0.098394567464380356 0
1842 1 1 232848000 -105081315.99364169 209187088.68548697 21428016.314425856 -18.115296927148428 -7.8185438101734501 1.9044390659605321 1501.4025990371654 0.12644967440146768 0.013689881475285425 0.095045476470521043 0
1843 1 1 232934400 -106642139.35654311 208503637.00764373 21591974.604996707 -18.014676934216848 -8.001944755815865 1.8908404141629322 1501.0559991874475 0.12528386748262685 0.01455168879547737 0.091721020302009723 0
1844 1 1 233020800 -108194218.26212887 207804378.88790485 21754744.689027295 -17.912879650817608 -8.1844340248594012 1.8769345066748804 1500.715573852081 0.12412117396549971 0.015402928142947898 0.088421316881790682 0
1845 1 1 233107200 -109737451.17508321 207089393.00381386 21916300.077124365 -17.809909265388775 -8.3660137199012166 1.8627226746974661 1500.3812130956665 0.12296168538948384 0.016243595478445057 0.085146456927553585 0
1846 1 1 233193600 -111271736.91217069 206358757.85417622 22076614.394943818 -17.70576973995821 -8.546685875429322 1.8482062499313041 1500.0528048118115 0.12180548567786088 0.01707368706811517 0.08189650345008169 0
1847 1 1 233280000 -112796974.62279209 205612551.76504084 22235661.383162796 -17.600464812856611 -8.7264524555746803 1.8333865629289481 1499.7302347134162 0.12065265137380554 0.01789319937068657 0.078671491676675392 0
1848 1 1 233366400 -114313063.76977137 204850852.89587554 22393414.897308808 -17.493998001355443 -8.9053153518804518 1.8182649414317009 1499.4133863220968 0.11950325159952135 0.018702129120438112 0.075471428587718062 0
1849 1 1 233452800 -115819904.11036788 204073739.24593443 22549848.907444071 -17.386372604237302 -9.0832763810858079 1.8028427086818097 1499.10214095738 0.11835734809710229 0.019500473220885831 0.07229629257299694 0
1850 1 1 233539200 -117317395.67750728 203281288.66081607 22704937.497703131 -17.277591704294728 -9.2603372829214994 1.7871211817131196 1498.7963777256805 0.11721499532025095 0.020288228828663938 0.069146033041685914 0
1851 1 1 233625600 -118805438.7612254 202473578.83921251 22858654.865681935 -17.16765817076292 -9.436499717913998 1.7711016696239681 1498.4959735094239 0.11607624034982895 0.021065393265591131 0.066020570175857066 0
1852 1 1 233712000 -120283933.89031985 201650687.33984625 23010975.321676724 -17.056574661684362 -9.611765265197155 1.7547854718254234 1498.2008029566985 0.11494112306313549 0.021831964058212909 0.06291979434374087 0
1853 1 1 233798400 -121752781.8142025 200812691.58859795 23161873.287770659 -16.944343626207054 -9.786135420327005 1.7381738762691121 1497.9107384717272 0.11380967602624595 0.022587938907280489 0.059843565960014132 0
1854 1 1 233884800 -123211883.48494807 199959668.88582125 23311323.296766452 -16.830967306819314 -9.9596115930962288 1.7212681576557474 1497.6256502066346 0.11268192459280382 0.023333315756639487 0.056791714923234475 0
1855 1 1 233971200 -124661140.03953302 199091696.41384736 23459299.990963221 -16.716447741525393 -10.132195105345128 1.7040695756197701 1497.3454060551464 0.11155788672009175 0.024068092776445012 0.053764040334318516 0
1856 1 1 234057600 -126100452.78225979 198208851.24467897 23605778.120775577 -16.60078676595041 -10.30388718877219 1.6865793728898912 1497.0698716483487 0.11043757339641395 0.024792268279812041 0.050760309925842455 0
1857 1 1 234144000 -127529723.16736001 197311210.34787324 23750732.543192677 -16.483986015389334 -10.474688982735621 1.6687987734332406 1496.7989103533489 0.10932098807726932 0.025505840877864214 0.047780260000183608 0
1858 1 1 234230400 -128948852.78177249 196398850.59861544 23894138.220076706 -16.366046926800507 -10.644601532042772 1.6507289805822247 1496.5323832754264 0.10820812710359103 0.026208809425124352 0.044823594827741051 0
1859 1 1 234316800 -130357743.32809073 195471848.78598386 24035970.216298051 -16.246970740737353 -10.813625784728947 1.6323711751378176 1496.27014926419 0.10709897935662104 0.026901173055885099 0.041889986412125768 0
1860 1 1 234403200 -131756296.60767511 194530281.62140778 24176203.697706338 -16.126758503222096 -10.981762589821901 1.6137265134611589 1496.0120649243067 0.1059935265952788 0.027582931166824858 0.038979074208543484 0
1861 1 1 234489600 -133144414.50392421 193574225.74731818 24314813.928935643 -16.005411067561941 -11.14901269508951 1.5947961255461327 1495.7579846315778 0.10489174310404162 0.028254083456919054 0.036090464712150036 0
1862 1 1 234576000 -134521998.96570086 192603757.74599561 24451776.271042857 -15.882929096118026 -11.315376744767368 1.5755811130862702 1495.5077605552162 0.10379359578310871 0.028914629939749689 0.033223731541379073 0
1863 1 1 234662400 -135888951.99090877 191618954.1486133 24587066.178978685 -15.75931306201308 -11.480855277263021 1.5560825475297486 1495.2612426866003 0.10269904419797847 0.029564570999597396 0.030378414872248065 0
1864 1 1 234748800 -137245175.61021411 190619891.44448161 24720659.198890056 -15.634563250786453 -11.645448722840733 1.5363014681288623 1495.0182788754564 0.10160804046656384 0.030203907234652265 0.027554021710598463 0
1865 1 1 234835200 -138590571.87090805 189606646.09049174 24852530.96525443 -15.508679762001449 -11.80915740127608 1.5162388799931203 1494.7787148741329 0.10052052918820195 0.030832639744266897 0.02475002559620585 0
1866 1 1 234921600 -139925042.82090589 188579294.5207651 24982657.19784556 -15.381662510798044 -11.971981519481483 1.4958957521415976 1494.5423943904352 0.099436447550749457 0.031450769867217218 0.021965866782213673 0
1867 1 1 235008000 -141248490.49287829 187537913.15650755 25111013.698531635 -15.253511229392299 -12.133921169106486 1.4752730155677045 1494.30915914958 0.098355725253456427 0.0320582993000081 0.019200952318083463 0
1868 1 1 235094400 -142560816.88850942 186482578.4160735 25237576.347906739 -15.12422546852928 -12.294976324101802 1.4543715613173129 1494.0788489659092 0.097278284452362834 0.032655230068737003 0.016454656294101925 0
1869 1 1 235180800 -143861923.96287873 185413366.72524142 25362321.101757087 -14.993804598882324 -12.455146838247588 1.4331922385894817 1493.8513018244944 0.096204039905064986 0.03324156457574113 0.013726320203419923 0
1870 1 1 235267200 -145151713.60896179 184330354.52770478 25485223.987364404 -14.862247812402909 -12.61443244264674 1.4117358528636146 1493.6263539730733 0.095132898837979221 0.033817305467620913 0.011015253335470853 0
1871 1 1 235353600 -146430087.6422447 183233618.29578069 25606261.0996489 -14.729554123619552 -12.772832743180379 1.3900031640650725 1493.4038400243721 0.094064761158224208 0.034382455696926231 0.0083207335073376826 0
1872 1 1 235440000 -147696947.78544948 182123234.54134077 25725408.597155809 -14.595722370885284 -12.930347217919325 1.3679948847745851 1493.1835930687378 0.09299951936584093 0.034937018490344307 0.0056420076374904989 0
1873 1 1 235526400 -148952195.653364 180999279.82696745 25842642.697889064 -14.460751217577338 -13.086975214494712 1.3457116784835192 1492.9654447971168 0.091937058706436883 0.035480997260639274 0.0029782925816347538 0
1874 1 1 235612800 -150195732.73777476 179861830.77733886 25957939.674996857 -14.324639153239161 -13.2427159474197 1.323154157914898 1492.7492256335613 0.090877257385397883 0.036014395713876331 0.00032877629799492883 0
1875 1 1 235699200 -151427460.39249465 178710964.09084764 26071275.852315217 -14.187384494673307 -13.397568495366952 1.3003228834120608 1492.5347648771478 0.089819986526519929 0.036537217564064133 -0.0023073812205978909 0
1876 1 1 235785600 -152647279.81848332 177546756.5514572 26182627.599775314 -14.048985386980867 -13.551531798396246 1.2772183613988426 1492.3218908523945 0.088765110537030442 0.037049466726783546 -0.0049310466299440922 0
1877 1 1 235872000 -153855092.04905537 176369285.04079953 26291971.328681506 -13.909439804544526 -13.704604655125509 1.2538410429315583 1492.1104310671112 0.087712487185656468 0.037551147143620102 -0.0075431117034188205 0
1878 1 1 235958400 -155050797.93517056 175178626.55051979 26399283.486868385 -13.768745551958556 -13.856785719850288 1.2301913223410763 1491.9002123768264 0.086661967920116281 0.038042262767321026 -0.010144492009304201 0
1879 1 1 236044800 -156234298.13080251 173974858.19487226 26504540.553744569 -13.626900264900597 -14.008073499604428 1.2062695359783657 1491.6910611543296 0.08561339811887031 0.038522817504964273 -0.012736124986366459 0
1880 1 1 236131200 -157405493.0783796 172758057.22357315 26607719.03523301 -13.483901410947469 -14.158466351159376 1.1820759610674103 1491.4828034630173 0.08456661739240337 0.038992815205154151 -0.015318968471559386 0
1881 1 1 236217600 -158564282.99429449 171528301.0349147 26708795.458616953 -13.339746290332149 -14.307962477961462 1.1576108146745914 1491.2752652325025 0.083521459960821443 0.039452259535380202 -0.0178939984882103 0
1882 1 1 236304000 -159710567.85447583 170285667.18914762 26807746.367302403 -13.194432036636778 -14.456559927003227 1.1328742528048175 1491.0682724347619 0.082477755128681718 0.03990115400238585 -0.020462207465192134 0
1883 1 1 236390400 -160844247.38001752 169030233.42213613 26904548.315507814 -13.047955617430269 -14.604256585625432 1.1078663696229409 1490.8616512594556 0.081435327473974264 0.040339501845707552 -0.023024602039401831 0
1884 1 1 236476800 -161965221.02286062 167762077.65929264 26999177.862892382 -12.900313834841729 -14.751050178246608 1.0825871968112804 1490.6552282865512 0.080393997599120581 0.040767306066419304 -0.02558220096740987 0
1885 1 1 236563200 -163073387.9515219 166481278.02979824 27091611.569134682 -12.751503326070488 -14.896938263015642 1.0570367030643808 1490.4488306546355 0.079353582340126197 0.041184569361601669 -0.028136032872416963 0
1886 1 1 236649600 -164168647.03686348 165187912.88111594 27181825.988473974 -12.60152056383758 -15.041918228386109 1.0312147937287766 1490.2422862236401 0.078313895432986447 0.041591294099450497 -0.030687133938288862 0
1887 1 1 236736000 -165250896.83789897 163882060.79380283 27269797.664226517 -12.450361856768128 -15.185987289611891 1.0051213105878873 1490.0354237302749 0.077274748041564562 0.041987482183571782 -0.03323654565160844 0
1888 1 1 236822400 -166320035.58763036 162563800.59662941 27355503.123289727 -12.298023349714835 -15.329142485153533 0.97875603179305792 1489.8280729350813 0.076235949195500724 0.042373135236206838 -0.03578531247932383 0
1889 1 1 236908800 -167375961.17890948 161233211.38201317 27438918.870646715 -12.144501024016447 -15.471380672995068 0.95211867194218558 1489.6200647598748 0.075197306516407228 0.042748254385198144 -0.038334479574115093 0
1890 1 1 236995200 -168418571.15031904 159890372.52177367 27520021.383884095 -11.989790697692211 -15.612698526867934 0.92520888231131437 1489.4112314147694 0.074158626672751971 0.043112840445565417 -0.040885090318002699 0
1891 1 1 237081600 -169447762.67206851 158535363.68321884 27598787.107736368 -11.833888025575874 -15.753092532377542 0.89802625123404078 1489.201406514122 0.073119716045410205 0.043466893725023895 -0.043438184183794484 0
1892 1 1 237168000 -170463432.5318979 157168264.84557018 27675192.448669482 -11.676788499387207 -15.892558983033378 0.87057030463220875 1488.9904251809885 0.072080381273549196 0.043810414099989509 -0.045994794221529113 0
1893 1 1 237254400 -171465477.12098616 155789156.31673491 27749213.769516677 -11.518487447743743 -16.031093976168943 0.8428405066901401 1488.7781241396092 0.071040429889744794 0.04414340110155876 -0.048555945160598593 0
1894 1 1 237340800 -172453792.41985714 154398118.75043574 27820827.384178564 -11.35898003611349 -16.168693408751327 0.81483626067430792 1488.5643417960191 0.06999967088204076 0.044465853891579386 -0.051122650866148776 0
1895 1 1 237427200 -173428273.98427966 152995233.16370767 27890009.552400794 -11.198261266709087 -16.305352973084364 0.78655690990481431 1488.3489183072136 0.06895791535812322 0.044777771135274792 -0.053695912316558743 0
1896 1 1 237513600 -174388816.93115517 151580580.95477059 27956736.474641364 -11.036325978327623 -16.441068152391168 0.75800173885596622 1488.1316956387525 0.067914977024824727 0.04507915126327075 -0.056276715714521995 0
1897 1 1 237600000 -175335315.92439038 150154243.92128929 28020984.287038982 -10.873168846137897 -16.575834216272877 0.72916997440133058 1487.912517611687 0.066870672844415557 0.045369992333953932 -0.058866030097009435 0
1898 1 1 237686400 -176267665.16074866 148716304.27903095 28082729.056495171 -10.708784381417212 -16.70964621604374 0.70006078719434472 1487.691229939423 0.065824823505793925 0.045650292172681461 -0.061464805733093326 0
1899 1 1 237772800 -177185758.35567608 147266844.68093136 28141946.775880814 -10.54316693123562 -16.842498979934906 0.67067329317142621 1487.4676802549284 0.064777254174923471 0.045920048329725238 -0.064073972140734445 0
1900 1 1 237859200 -178089488.72909939 145805948.2365815 28198613.35937845 -10.376310678099189 -16.974387108162055 0.64100655519016592 1487.2417181297142 0.063727794689431724 0.046179258240653324 -0.066694436201661475 0
1901 1 1 237945600 -178978748.99119061 144333698.53214598 28252704.63797133 -10.208209639551612 -17.10530496785433 0.61105958478492728 1487.0131950851405 0.062676280372646775 0.046427919131774291 -0.069327080708273967 0
1902 1 1 238032000 -179853431.32809505 142850179.65072605 28304196.355089068 -10.038857667732685 -17.235246687835893 0.58083134403955694 1486.7819645968946 0.061622552326134082 0.046666028296482441 -0.071972762557910366 0
1903 1 1 238118400 -180713427.3876206 141355476.19317999 28353064.162420198 -9.8682484489010101 -17.364206153260518 0.55032074757416927 1486.5478820938406 0.06056645808317826 0.046893582859258882 -0.074632311432802662 0
1904 1 1 238204800 -181558628.26488361 139849673.29941356 28399283.615901075 -9.6963755029282961 -17.492177000090276 0.51952666464177677 1486.3108049521811 0.059507851744857572 0.047110580183033698 -0.077306528176612155 0
1905 1 1 238291200 -182388924.48791057 138332856.67015448 28442830.171890464 -9.5232321827646924 -17.61915260940718 0.48844792132552001 1486.0705924855542 0.058446594709404574 0.047317017786267568 -0.079996183787006889 0
1906 1 1 238377600 -183204206.00319141 136805112.58922604 28483679.183538143 -9.3488116738761775 -17.745126101568889 0.45708330283897197 1485.8271059323199 0.057382555839722058 0.047512893320351628 -0.082702017795811586 0
1907 1 1 238464000 -184004362.16118419 135266527.94633144 28521805.897356689 -9.1731069936641152 -17.870090330188471 0.4254315559186494 1485.5802084405786 0.056315611973229818 0.04769820488501629 -0.085424737627399272 0
1908 1 1 238550400 -184789281.70176864 133717190.260368 28557185.450003345 -8.9961109908692443 -17.994037875933902 0.39349139130293898 1485.3297650516151 0.055245648083634233 0.047872950994485464 -0.088165017199467524 0
1909 1 1 238636800 -185558852.7396479 132157187.70328365 28589792.865280349 -8.817816344964994 -18.116961040148052 0.36126148630380728 1485.0756426828707 0.054172557730021137 0.048037130712964719 -0.090923496186651437 0
1910 1 1 238723200 -186312962.74969697 130586609.12449276 28619603.051360577 -8.6382155655408965 -18.238851838279199 0.32874048745023743 1484.8177101104409 0.053096243264373399 0.048190743736595855 -0.093700779252684205 0
1911 1 1 238809600 -187051498.55225807 129005544.07586834 28646590.798244994 -8.4573009916881947 -18.359701993115682 0.29592701321458864 1484.555837952212 0.052016616030139781 0.048333790555900064 -0.096497435088038902 0
1912 1 1 238896000 -187774346.29838386 127414082.83732769 28670730.775459148 -8.2750647913850113 -18.479502927818494 0.26281965681195663 1484.2898986518012 0.050933596714099326 0.048466272540813829 -0.099313995977534125 0
1913 1 1 238982400 -188481391.45502546 125812316.44302838 28691997.529994048 -8.0914989608909806 -18.598245758746991 0.22941698906390917 1484.0197664636594 0.049847115361455509 0.048588192067876193 -0.10215095714969642 0
1914 1 1 239068800 -189172518.7901721 124200336.70819351 28710365.484497666 -7.9065953241563349 -18.715921288068959 0.19571756133172033 1483.7453174398877 0.048757111677071585 0.048699552676126495 -0.10500877627821789 0
1915 1 1 239155200 -189847612.35793725 122578236.25658531 28725808.935722474 -7.7203455322490511 -18.832519996149436 0.16171990850996601 1483.4664294188501 0.047663535038537021 0.048800359166890885 -0.10788787314297789 0
1916 1 1 239241600 -190506555.48359877 120946108.54864566 28738302.053234182 -7.5327410628064744 -18.948032033710149 0.12742255208058151 1483.1829820158835 0.046566344724320884 0.048890617795170475 -0.11078862920388892 0
1917 1 1 239328000 -191149230.74859098 119304047.91032439 28747818.878386993 -7.3437732195173417 -19.062447213758684 0.092824003225487769 1482.8948566163856 0.045465509866455214 0.048970336213971816 -0.11371138738870171 0
1918 1 1 239414400 -191775519.97545511 117652149.56261531 28754333.32356995 -7.1534331316421325 -19.175755003269284 0.057922765989907858 1482.6019363710907 0.04436100957730383 0.049039523964705539 -0.11665645194313159 0
1919 1 1 239500800 -192385304.21274942 115990509.65182185 28757819.171729095 -6.9617117535740123 -19.287944514612793 0.022717340505745958 1482.3041061939932 0.043252832961215064 0.04909819229142498 -0.11962408804008427 0
1920 1 1 239587200 -192978463.71992287 114319225.2805742 28758250.07617053 -6.7685998644497181 -19.399004496735298 -0.01279377373618284 1482.001252762798 0.042140979118830045 0.04914635443375942 -0.12261452200906828 0
1921 1 1 239673600 -193554877.95215881 112638394.53961989 28755599.560647901 -6.5740880678145004 -19.508923326065673 -0.048612074567417639 1481.6932645216664 0.041025457168543222 0.049184025770015828 -0.12562794107744871 0
1922 1 1 239760000 -194114425.54519126 110948116.54041174 28749841.019739259 -6.378166791354773 -19.617688997150232 -0.084739053764448846 1481.3800316868515 0.039906286035647609 0.049211223947353729 -0.12866449333478427 0
1923 1 1 239846400 -194656984.30010179 109248491.44851746 28740947.719517902 -6.1808262866935824 -19.725289113009151 -0.12117619362347108 1481.0614462547517 0.038783494753095435 0.049227968938323582 -0.13172428783368961 0
1924 1 1 239932800 -195182431.16810152 107539620.51787429 28728892.798521265 -5.9820566292660207 -19.831710875199985 -0.15792496348385757 1480.737402012481 0.037657121948969037 0.049234283346536165 -0.13480739455486879 0
1925 1 1 240019200 -195690642.23530588 105821606.12591536 28713649.269022256 -5.7818477182816821 -19.93694107358133 -0.19498681620481412 1480.4077945507518 0.036527216121141674 0.0492301924172849 -0.13791384469424728 0
1926 1 1 240105600 -196181492.70751068 104094551.80959395 28695190.018607263 -5.5801892767748695 -20.040966075772221 -0.23236318458776814 1480.072521279219 0.035393835284669516 0.049215724211475811 -0.14104363048387811 0
1927 1 1 240192000 -196654856.89497638 102358562.30233152 28673487.812065922 -5.3770708517611574 -20.143771816294027 -0.27005547773775279 1479.7314814444508 0.034257046948775835 0.049190909729466985 -0.14419670538069768 0
1928 1 1 240278400 -197110608.19723058 100613743.57191803 28648515.293597296 -5.172481814496086 -20.245343785385241 -0.30806507738092026 1479.3845761497032 0.033116928066870527 0.049155783095203208 -0.14737298442347399 0
1929 1 1 240364800 -197548619.08789766 98860202.859393492 28620244.989336684 -4.9664113608566618 -20.345667017480185 -0.34639333411706696 1479.0317083771943 0.031973564674148511 0.049110381648990405 -0.15057234393480495 0
1930 1 1 240451200 -197968761.09956744 97098048.718939394 28588649.310209155 -4.7588485118529986 -20.444726079346914 -0.38504156361318997 1478.6727830125531 0.030827051866135644 0.049054745988885956 -0.15379462212181005 0
1931 1 1 240537600 -198370904.80871323 95327391.058810011 28553700.555113789 -4.5497821142689743 -20.542505057868684 -0.4240110427457654 1478.307706870866 0.029677493712692331 0.048988920207034291 -0.15703961906190916 0
1932 1 1 240624000 -198754919.82067204 93548341.183335826 28515370.914444733 -4.3392008414559768 -20.638987547457415 -0.46330300566630606 1477.9363887251275 0.028525002839629495 0.048912951972634566 -0.16030709668888055 0
1933 1 1 240710400 -199120674.7546998 91761011.836030081 28473632.473954968 -4.1270931942849769 -20.734156637093371 -0.50291863979908202 1477.5587393366236 0.027369700463377038 0.048826892619506158 -0.16359677910573098 0
1934 1 1 240796800 -199468037.22911599 89965517.243831798 28428457.218968805 -3.9134475022648298 -20.827994896978559 -0.54285908177613296 1477.1746714868311 0.02621171605312712 0.048730797257416053 -0.1669083528182789 0
1935 1 1 240883200 -199796873.84655333 88161973.162519097 28379817.038948469 -3.6982519248439907 -20.920484364794298 -0.58312541329491496 1476.7841000111973 0.02505118720675548 0.048624724820105561 -0.17024146673557805 0
1936 1 1 240969600 -200107050.17932704 86350496.923327267 28327683.73242256 -3.4814944529027496 -21.011606531547795 -0.62371865689541506 1476.386941834659 0.023888259432720188 0.048508738270575849 -0.17359573239678572 0
1937 1 1 241056000 -200398430.75494266 84531207.480808094 28272029.012282439 -3.2631629104547719 -21.101342326997177 -0.66463977165476307 1475.9831160087906 0.022723085860039786 0.048382904599925086 -0.17697072402253833 0
1938 1 1 241142400 -200670879.04176033 82704225.461966783 28212824.511454616 -3.0432449565675852 -21.18967210465016 -0.70588964879510729 1475.5725437505794 0.021555827123531369 0.048247294836864719 -0.18036597874043042 0
1939 1 1 241228800 -200924257.43483454 80869673.216713846 28150041.788956314 -2.8217280875124482 -21.276575626314294 -0.74746910720350279 1475.1551484825213 0.020386651163271822 0.048101984302510545 -0.18378099671349091 0
1940 1 1 241315200 -201158427.24195045 79027674.869672313 28083652.336342063 -2.5985996391709891 -21.36203204618797 -0.78937888885774887 1474.7308558741297 0.019215732769350645 0.047947052563041576 -0.18721524129667516 0
1941 1 1 241401600 -201373248.66987941 77178356.373378739 28013627.584550191 -2.3738467897039723 -21.44601989448854 -0.83161965414350236 1474.2995938851623 0.018043253661079787 0.047782583425492596 -0.19066813888310769 0
1942 1 1 241488000 -201568580.8108778 75321845.562920019 27939938.911158409 -2.1474565624983528 -21.528517060594513 -0.87419197706986318 1473.8612928100038 0.016869402046297326 0.047608665142549349 -0.19413907938756791 0
1943 1 1 241574400 -201744281.62945202 73458272.212048054 27862557.648057058 -1.9194158294193346 -21.609500775692265 -0.91709634037992538 1473.4158853231443 0.015694372449608147 0.047425390303687906 -0.19762741612283541 0
1944 1 1 241660800 -201900207.94941929 71587768.090814963 27781455.08955026 -1.6897113143766087 -21.688947594916517 -0.96033313053608016 1472.9633065262294 0.014518365512317727 0.047232855949712542 -0.20113246586358419 0
1945 1 1 241747200 -202036215.44129002 69710467.024774835 27696602.500895459 -1.4583295972320125 -21.766833378963295 -1.0039026325876232 1472.5034939961272 0.013341587625757588 0.047031163653114424 -0.20465350905494517 0
1946 1 1 241833600 -202152158.6100044 67826504.95579645 27607971.127291773 -1.2252571180622118 -21.843133275169052 -1.0478050249094448 1472.036387834193 0.012164250913864312 0.046820419405149742 -0.20818978973509422 0
1947 1 1 241920000 -202247890.78305194 65936020.004534937 27515532.203328781 -0.99048018180297903 -21.917821698039099 -1.0920403738090898 1471.5619307165673 0.010986572737942592 0.046600733744661831 -0.21174051581361811 0
1948 1 1 242006400 -202323264.09901091 64039152.534609675 27419256.962907009 -0.75398496329860587 -21.990872309211056 -1.136608627994073 1471.0800679455328 0.0098087756602819754 0.046372221631181702 -0.21530485892460341 0
1949 1 1 242092800 -202378129.49654183 62136045.218538523 27319116.649643026 -0.51575751277807602 -22.062257996836365 -1.1815096128890488 1470.5907475019997 0.0086310870229411776 0.046135002626077622 -0.2188819545882601 0
1950 1 1 242179200 -202412336.70387328 60226843.105479352 27215082.527771916 -0.27578376178493069 -22.131950854364021 -1.2267430248039461 1470.0939200988032 0.0074537388801106681 0.045889200757416579 -0.22247090226045071 0
1951 1 1 242265600 -202425734.22882086 58311693.690830417 27107125.893560577 -0.034049529587481329 -22.199922158720216 -1.2723084249393173 1469.5895392350819 0.0062769675843142199 0.045634944458172053 -0.22607076530687337 0
1952 1 1 242352000 -202418169.3493821 56390746.987743296 26995218.087246001 0.20945946990064609 -22.266142347856594 -1.3182052332259819 1469.0775612514572 0.0051010136793595041 0.045372366729588789 -0.22968057116528767 0
1953 1 1 242438400 -202389488.10495174 54464155.600603297 26879330.505513221 0.45475762065959213 -22.330580997658608 -1.3644327219978889 1468.5579453857933 0.0039261214962078806 0.045101604885094106 -0.23329931145929053 0
1954 1 1 242524800 -202339535.28820679 52532074.800532907 26759434.614527915 0.70185939653456675 -22.39320679819836 -1.4109900094670482 1468.0306538303576 0.0027525391594276131 0.044822800689702715 -0.23692594153650257 0
1955 1 1 242611200 -202268154.43771034 50594662.602976203 26635501.96354105 0.95077935259693647 -22.453987529313817 -1.4578760530223014 1467.4956517892551 0.0015805179426200441 0.044536100147983211 -0.24055938138133942 0
1956 1 1 242697600 -202175187.83129016 48652079.847422756 26507504.199080031 1.201532115863488 -22.512890035501563 -1.5050896423353639 1466.9529075364051 0.00041031238595630058 0.04424165357165994 -0.24419851492015379 0
1957 1 1 242784000 -202060476.48024753 46704490.2793312 26375413.079745498 1.4541323753440243 -22.569880200099206 -1.5526293922449557 1466.4023924747451 -0.00075782014116762726 0.043939615546552249 -0.24784219036952609 0
1958 1 1 242870400 -201923860.12445676 44752060.63431444 26239200.491631404 1.7085948713661323 -22.624922918754866 -1.6004937354407225 1465.8440811955934 -0.0019236196412329605 0.043630144639685162 -0.25148922035454935 0
1959 1 1 242956800 -201765177.22841969 42794960.724648364 26098838.464386813 1.9649343841385674 -22.677982072161122 -1.6486809149208106 1465.2779515387119 -0.0030868238495994917 0.043313403530406497 -0.25513838182842147 0
1960 1 1 243043200 -201584264.97834316 40833363.528169289 25954299.187939446 2.2231657215120681 -22.729020498030675 -1.6971889762207468 1464.7039846527305 -0.0042471683437673591 0.042989558909154561 -0.25878841635002492 0
1961 1 1 243129600 -201380959.28030917 38867445.279625267 25805555.029900696 2.4833037058937513 -22.777999962311625 -1.7460157593962169 1464.1221650562752 -0.0054043868394912202 0.042658781224430953 -0.26243802981636599 0
1962 1 1 243216000 -201155094.75961542 36897385.564548261 25652578.55367453 2.7453631602578215 -22.824881129621918 -1.7951588907625988 1463.5324806992428 -0.006558211532787097 0.04232124470632613 -0.26608589308287495 0
1963 1 1 243302400 -200906504.76136449 34923367.41571489 25495342.537290595 3.0093588932030388 -22.869623532885274 -1.8446157743701292 1462.9349230245668 -0.0077083733419361228 0.041977127186216795 -0.26973064142310105 0
1964 1 1 243388800 -200635021.35238713 32945577.412265684 25333819.992986199 3.27530568300726 -22.912185542157108 -1.8943835832101625 1462.3294870302518 -0.0088546021086109879 0.041626610031508679 -0.27337087531912446 0
1965 1 1 243475200 -200340475.32458925 30964205.78155322 25167984.187559277 3.5432182606210301 -22.952524332625362 -1.9444592501449112 1461.7161713314681 -0.009996626859386671 0.041269877973491166 -0.27700516001709863 0
1966 1 1 243561600 -200022696.19981557 28979446.503791105 24997808.663518451 3.8131112915337577 -22.990595851777464 -1.9948394585363143 1461.0949782232085 -0.011134176177510242 0.040907118909424917 -0.28063202601504478 0
1967 1 1 243648000 -199681512.23633176 26991497.41957622 24823267.261054676 4.0849993564506892 -23.026354785716439 -2.045520632593834 1460.465913742252 -0.012266978409482621 0.040538523844125054 -0.28424996944061787 0
1968 1 1 243734400 -199316750.43702948 25000560.340358555 24644334.140860852 4.358896930718057 -23.059754524612664 -2.0964989273860208 1459.8289877299881 -0.013394761906160216 0.04016428672524533 -0.2878574514211249 0
1969 1 1 243820800 -198928236.55946523 23006841.161933422 24460983.80782887 4.6348183624217159 -23.090747127290157 -2.1477702185350909 1459.1842138949412 -0.014517255336337114 0.039784604110553574 -0.29145289931665264 0
1970 1 1 243907200 -198515795.12785208 21010549.981031381 24273191.135650378 4.9127778490839873 -23.119283284929548 -2.1993300915810101 1458.5316098749188 -0.015634187950691093 0.039399675221117605 -0.29503470612135951 0
1971 1 1 243993600 -198079249.44712839 19011901.215082776 24080931.392352592 5.1927894128814795 -23.145312283879043 -2.2511738309880154 1457.8711972992669 -0.01674528986192754 0.039009701610741826 -0.29860123134613148 0
1972 1 1 244080000 -197618421.61923414 17011113.725233834 23884180.266798545 5.4748668743008704 -23.168781967576397 -2.3032964087964998 1457.2030018506064 -0.017850292316572352 0.038614886937629649 -0.3021508008700603 0
1973 1 1 244166400 -197133132.56173381 15008410.942691432 23682913.896184705 5.7590238241444274 -23.189638697570469 -2.355692472892803 1456.5270533264779 -0.018948928002557413 0.038215436801900121 -0.3056817075078036 0
1974 1 1 244252800 -196623202.02893245 13004020.998474889 23477108.894568231 6.0452735937979147 -23.207827313634688 -2.4083563348938473 1455.843385700407 -0.020040931215195113 0.037811558634726981 -0.30919221117841722 0
1975 1 1 244339200 -196088448.63564038 10998176.856652802 23266742.382458843 6.3336292236572334 -23.223291092983391 -2.4612819576237936 1455.1520371826891 -0.021126038357921397 0.037403461196961051 -0.3126805393205796 0
1976 1 1 244425600 -195528689.88374746 8991116.4511423428 23051792.01751006 6.624103429617846 -23.235971708587797 -2.5144629421847116 1454.4530502801788 -0.022203987964524753 0.036991354588312556 -0.31614488754328629 0
1977 1 1 244512000 -194943742.19178084 6983082.8261491098 22832236.026346143 6.9167085675222717 -23.245809186592727 -2.5678925145890843 1453.7464718556473 -0.023274521157113631 0.036575449824486218 -0.31958341963715953 0
1978 1 1 244598400 -194333420.92762712 4974324.2803244488 22608053.237563495 7.2114565954435621 -23.252741862844612 -2.6215635119444385 1453.0323531864126 -0.024337381939641491 0.036155958753039091 -0.32299426842722379 0
1979 1 1 244684800 -193697540.44460997 2965094.5147169093 22379223.115945138 7.5083590336978157 -23.256706338544156 -2.6754683681833886 1452.3107500218589 -0.02539231736617303 0.035733093535249331 -0.32637553608619291 0
1980 1 1 244771200 -193035914.12112564 955652.78459230077 22145725.797928866 7.8074269224628532 -23.257637435040376 -2.7295990993097128 1451.5817226402798 -0.02643907782043901 0.035307066501059754 -0.32972529471217854 0
1981 1 1 244857600 -192348354.40404871 -1053735.9448034607 21907542.128371023 8.1086707768624944 -23.255468147773328 -2.7839472881616292 1450.8453359042285 -0.02747741748505788 0.034878089924025815 -0.33304158714853349 0
1982 1 1 244944000 -191634672.85613209 -3062800.8384666853 21664653.698648714 8.4121005393884243 -23.250129599402772 -2.8385040686559235 1450.1016593150978 -0.028507094412076911 0.034446375494728197 -0.33632242712610355 0
1983 1 1 245030400 -190894680.20763853 -5071265.0277743684 21417042.886146106 8.7177255295181624 -23.241550992146252 -2.8932601095146477 1449.3507670661354 -0.029527870956882859 0.034012134207698205 -0.33956580064080055 0
1984 1 1 245116800 -190128186.41245139 -7078845.4424714195 21164692.895169396 9.0255543903749995 -23.229659559357369 -2.9482055974507069 1448.5927380940211 -0.030539513969596373 0.033575575906804593 -0.34276966600478798 0
1985 1 1 245203200 -189335000.70892709 -9085252.638443334 20907587.799339231 9.3355950322822796 -23.214380516394886 -3.0033302197900444 1447.8276561291484 -0.0315417950124664 0.033136908886451426 -0.34593195517528935 0
1986 1 1 245289600 -188514931.68576521 -11090190.621214647 20645712.585508592 9.6478545730325731 -23.195637010820292 -3.0586231465291229 1447.0556097438453 -0.032534490956583645 0.032696339674008625 -0.34905057431196274 0
1987 1 1 245376000 -187667787.35318696 -13093356.665117366 20379053.199256673 9.9623392747182784 -23.173350071979655 -3.1140730117956745 1446.2766923990205 -0.033517383731536732 0.032254072579268149 -0.35212340480340226 0
1988 1 1 245462400 -186793375.21972573 -15094441.128079247 20107596.592010748 10.279054476936555 -23.147438560040669 -3.1696678946953734 1445.491002489119 -0.034490261133538799 0.031810309243608517 -0.35514830392318714 0
1989 1 1 245548800 -185891502.37495375 -17093127.261987548 19831330.769849855 10.598004526175897 -23.117819114547345 -3.2253952995443624 1444.6986433845971 -0.035452916725475042 0.031365248407996378 -0.35812310642527678 0
1990 1 1 245635200 -184961975.57847971 -19089091.018590193 19550244.844043285 10.919192701205082 -23.0844061025816 -3.2812421354581249 1443.8997234723242 -0.036405150230423414 0.030919085244809994 -0.36104562497379344 0
1991 1 1 245721600 -184004601.35557464 -21082000.850904346 19264329.083381824 11.242621134246347 -23.047111566618103 -3.3371946952770304 1443.0943561938032 -0.037346767815043917 0.030472011256141875 -0.36391365177442858 0
1992 1 1 245808000 -183019186.09979683 -23071517.510109898 18973574.968357977 11.568290727727485 -23.005845172178876 -3.3932386338289908 1442.2826600805156 -0.038277582314447001 0.030024213509244078 -0.36672495955505641 0
1993 1 1 245894400 -182005536.18300852 -25057293.837916214 18677975.247254465 11.896201066395989 -22.960514155408092 -3.4493589454912916 1441.4647587870538 -0.039197413414113029 0.029575874403064736 -0.36947730275440283 0
1994 1 1 245980800 -180963458.07319468 -27038974.554400142 18377523.99420166 12.226350324561343 -22.91102327068964 -3.5055399410557024 1440.6407811211602 -0.040106088001867705 0.029127171090190997 -0.37216841912886262 0
1995 1 1 246067200 -179892758.46051538 -29016196.041325442 18072216.66926448 12.558735168229504 -22.857274738459331 -3.561765223874116 1439.8108610708373 -0.041003440301916959 0.028678275040685132 -0.37479603086817398 0
1996 1 1 246153600 -178793244.39204213 -30988586.120967168 17762050.180622261 12.893350651887106 -22.799168193367287 -3.6180176652689706 1438.9751378284595 -0.041889312116008888 0.028229351592903403 -0.37735784628704572 0
1997 1 1 246240000 -177664723.41565341 -32955763.830478955 17447022.948904719 13.230190109675936 -22.736600632976618 -3.6742793792087771 1438.1337558112427 -0.042763553069439464 0.027780559303039406 -0.37985156142365961 0
1998 1 1 246326400 -176507003.73358411 -34917339.191858098 17127134.973748505 13.569245040698226 -22.669466367192012 -3.7305316962283825 1437.2868646782688 -0.043626020738463132 0.027332049594081725 -0.38227486161556024 0
1999 1 1 246412800 -175319894.36614758 -36872912.977580324 16802387.902640432 13.910504988181705 -22.597656968634467 -3.7867551365718386 1436.4346193443132 -0.044476580869821744 0.026883966142111589 -0.38462542293006635 0
2000 1 1 246499200 -174103205.32617384 -38822076.47199668 16472785.102114193 14.253957412221915 -22.521061224208815 -3.8429293825810071 1435.5771799892163 -0.045315107571036892 0.026436444352930182 -0.38690091472105814 0
2001 1 1 246585600 -172856747.80472952 -40764411.228606939 16138331.731365468 14.59958755581933 -22.439565088127523 -3.8990332503066716 1434.7147120632346 -0.046141483389363483 0.025989610757677514 -0.38909900075588155 0
2002 1 1 246672000 -171580334.36871359 -42699488.823347069 15799034.818354765 14.947378303913938 -22.353051636679222 -3.9550446603290248 1433.8473862885551 -0.046955599555665979 0.025543582539725596 -0.39121734166637512 0
2003 1 1 246758400 -170273779.17094475 -44626870.604055874 15454903.33846399 15.297310035122159 -22.261401025060778 -4.0109406078110865 1432.9753786559202 -0.047757355898163691 0.025098466911145062 -0.39325359688396189 0
2004 1 1 246844800 -168936898.17338577 -46546107.436313339 15105948.295774322 15.649360465864799 -22.164490446622597 -4.0666971317746112 1432.0988704166373 -0.048546661191798089 0.024654360588913064 -0.39520542692806965 0
2005 1 1 246931200 -167569509.384175 -48456739.445875593 14752182.807031844 16.003504486574219 -22.062194094911685 -4.1222892836032639 1431.2180480698316 -0.049323433049433207 0.02421134905433334 -0.39707049546521439 0
2006 1 1 247017600 -166171433.10916227 -50358295.757966392 14393622.188367466 16.359713989676344 -21.954383128924633 -4.1776910947915322 1430.3331033444922 -0.050087597964195277 0.023769506116484936 -0.39884647199552226 0
2007 1 1 247104000 -164742492.21867493 -52250294.233720668 14030284.04483526 16.717957689019137 -21.840925642018043 -4.2328755439514083 1429.4442331761495 -0.050839091449687852 0.023328893287771529 -0.40053103402400647 0
2008 1 1 247190400 -163282512.43026528 -54132241.20411811 13662188.362833049 17.078200930433365 -21.72168663497898 -4.2878145230958058 1428.5516396780665 -0.05157785793874077 0.022889559058564591 -0.4021218699052736 0
2009 1 1 247276800 -161791322.60822096 -56003631.201788537 13289357.605466016 17.440405493114728 -21.596527993784104 -4.3424788032315353 1427.6555301064989 -0.052303850702378425 0.022451538423000302 -0.40361668138398271 0
2010 1 1 247363200 -160268755.08064297 -57863946.691118874 12911816.810912119 17.804529381504704 -21.465308472622684 -4.3968379992879463 1426.7561168199943 -0.053017031917672278 0.022014852258884495 -0.40501318646932888 0
2011 1 1 247449600 -158714645.97492725 -59712657.797143169 12529593.693844786 18.170526607365371 -21.327883682820111 -4.4508605344227803 1425.8536172324832 -0.053717372415828434 0.021579506608340057 -0.40630912222348892 0
2012 1 1 247536000 -157128835.57250929 -61549222.033755094 12142718.749964708 18.538346961748616 -21.184106088338389 -4.504513603760075 1424.9482537596925 -0.054404851644013624 0.021145492114145941 -0.40750224803123514 0
2013 1 1 247622400 -155511168.68375787 -63373084.031841271 11751225.363687145 18.907935776567015 -21.033825008575821 -4.5577631376121879 1424.0402537587927 -0.055079457408282524 0.020712783578550487 -0.40859034846940068 0
2014 1 1 247708800 -153861495.04392791 -65183675.268000528 11355149.919027116 19.279233675494925 -20.876886629268675 -4.6105737642500468 1423.1298494611831 -0.055741185665629987 0.020281339058091579 -0.40957123671867418 0
2015 1 1 247795200 -152179669.73110589 -66980413.794585384 10954531.913717492 19.652176313935353 -20.71313402233806 -4.6629087723077385 1422.2172778978318 -0.05639004036087774 0.019851099612886804 -0.41044275787457779 0
2016 1 1 247881600 -150465553.60710311 -68762703.971877038 10549414.076588243 20.026694107829073 -20.542407175591244 -4.7147300729071295 1421.3027808171207 -0.05702603285336233 0.019421988521084534 -0.41120279247889308 0
2017 1 1 247968000 -148719013.78226915 -70529936.203287929 10139842.488226406 20.402711951090566 -20.364543033269303 -4.7659981616052871 1420.386604594938 -0.057649181892798634 0.018993910738596711 -0.41184926004617411 0
2018 1 1 248054400 -146939924.10521725 -72281486.674573064 9725866.7049273588 20.780148921497183 -20.179375548476216 -4.8166720802849223 1419.4690001366491 -0.058259512947346284 0.018566752522294006 -0.41238012289907899 0
2019 1 1 248140800 -145128165.67846346 -74016717.098124728 9307539.8859362844 21.15891797490616 -19.986735748617495 -4.8667093791223017 1418.5502227707009 -0.058857057844643054 0.018140380765593836 -0.41279338994610798 0
2020 1 1 248227200 -143283627.40099448 -75734974.463526145 8884918.9239672869 21.53892562770303 -19.786451815049148 -4.9160660787744561 1417.6305321339 -0.059441854209221781 0.017714642577584934 -0.41308712053130897 0
2021 1 1 248313600 -141406206.53878012 -77435590.79564631 8458064.5789735634 21.920071627447982 -19.578349178205109 -4.9646966329702114 1416.7101920475477 -0.060013944980030105 0.017289364862269858 -0.41325942883485262 0
2022 1 1 248400000 -139495809.32425326 -79117882.921670735 8027041.6151256533 22.302248611749004 -19.362250629559931 -5.0125538916840862 1415.7894703845755 -0.06057337767531034 0.016864353937412084 -0.4133084876786185 0
2023 1 1 248486400 -137552351.58576617 -80781152.248584494 7591918.9409392253 22.685341755464957 -19.137976451866876 -5.0595890651007736 1414.8686389275929 -0.061120203673547889 0.016439395112382849 -0.41323253305637886 0
2024 1 1 248572800 -135575759.40802771 -82424684.552752346 7152769.7524729287 23.069228406410353 -18.905344569194138 -5.1057516886230347 1413.9479732169514 -0.061654477561380781 0.016014252368961205 -0.41302986862556812 0
2025 1 1 248659200 -133565969.82450309 -84047749.783374012 6709671.6794957127 23.453777709832373 -18.664170718356672 -5.1509895891699129 1413.0277523890522 -0.062176256297531929 0.015588668262955649 -0.41269887008851497 0
2026 1 1 248745600 -131522931.54273041 -85649601.881736368 6262706.9345002174 23.83885022204505 -18.414268643439474 -5.1952488530486489 1412.1082590049039 -0.062685598168991011 0.015162363580463309 -0.41223798977431425 0
2027 1 1 248832000 -129446605.70347027 -87229478.618333787 5811962.4644120997 24.2242975137017 -18.155450315189718 -5.2384737957366934 1411.1897788679801 -0.06318256208687531 0.014735037296446134 -0.41164576171705114 0
2028 1 1 248918400 -127336966.67455892 -88786601.450084537 5357530.10481558 24.60996176332873 -17.887526177129772 -5.2806069339059523 1410.27260083175 -0.06366720635987394 0.014306366514434609 -0.41092080601600761 0
2029 1 1 249004800 -125194002.88027272 -90320175.400035039 4899506.7364858342 24.995675341894351 -17.6103054203301 -5.3215889600750543 1409.3570165965759 -0.06413958767848793 0.013876006546868666 -0.41006183420678605 0
2030 1 1 249091200 -123017717.66694182 -91829388.962115288 4437994.4439821644 25.381260389327416 -17.323596288853544 -5.3613587203212196 1408.4433204952109 -0.064599760051832322 0.013443591072051354 -0.40906765416410396 0
2031 1 1 249177600 -120808130.20546044 -93313414.03368412 3973100.6760196155 25.76652838409834 -17.027206417956414 -5.3998531954775109 1407.5318092677426 -0.065047773478161569 0.013008732352554703 -0.40793717491067427 0
2032 1 1 249264000 -118565276.43123883 -94771405.878786996 3504938.4072964201 26.151279707162711 -16.720943207192281 -5.4370074863284614 1406.6227818251264 -0.065483672718498642 0.012571021617508974 -0.40666941219345087 0
2033 1 1 249350400 -116289210.02202101 -96202503.125237331 3033626.3014082867 26.535303201777044 -16.404614230619401 -5.4727548033429381 1405.7165390009247 -0.065907495960495888 0.012130029504819211 -0.40526349357934854 0
2034 1 1 249436800 -113980003.41385038 -97605827.79882279 2559288.8744340702 26.918375730933683 -16.078027686349699 -5.5070264614990343 1404.8133832918654 -0.066319273474667748 0.011685306810275962 -0.40371866359833625 0
2035 1 1 249523200 -111637748.85530488 -98980485.398133889 2082056.6587261895 27.300261734417067 -15.740992887716143 -5.5397518808296571 1403.9136185867717 -0.066719026116471805 0.011236385056595528 -0.40203428918315431 0
2036 1 1 249609600 -109262559.49993768 -100325565.01371008 1602066.3663827854 27.680712787756704 -15.393320798342799 -5.5708585933568457 1403.0175498836063 -0.067106763856116108 0.010782777488824188 -0.4002098650259725 0
2037 1 1 249696000 -106854570.53665143 -101640139.49539369 1119461.0518196591 28.059467165645032 -15.034824613382765 -5.6002722571170702 1402.125482994785 -0.067482484242127078 0.010323980216642801 -0.39824501890453229 0
2038 1 1 249782400 -104413940.3574978 -102923265.67197855 634390.27279722167 28.436249412699368 -14.665320389174864 -5.6279166780291199 1401.2377242407558 -0.067846171015536985 0.0098594733487147798 -0.39613951699633815 0
2039 1 1 249868800 -101940851.76213044 -104173984.62743194 147010.24919056581 28.810769924802301 -14.284627723508518 -5.6537138404062519 1400.3545801318294 -0.068197792212994837 0.0093887223875561924 -0.39389326926861717 0
2040 1 1 249955200 -99435513.197845936 -105391322.03815319 -342515.98128024099 29.182724544594837 -13.89257048858677 -5.67758394695145 1399.4763570383775 -0.068537298891391263 0.0089111799255729533 -0.39150633464784163 0
2041 1 1 250041600 -96898160.033822238 -106574288.57590847 -834018.41121684026 29.551794175070768 -13.488977618664626 -5.6994454691236234 1398.6033608493699 -0.068864623399506941 0.0084262873462485118 -0.38897892638786663 0
2042 1 1 250128000 -94329055.867804676 -107721880.38124561 -1327319.9165421936 29.917644415639668 -13.073683954173868 -5.7192152087990271 1397.7358966195015 -0.06917967769032167 0.0079334769086345184 -0.38631141708000377 0
2043 1 1 250214400 -91728493.863095939 -108833079.61233999 -1822236.1153498932 30.279925225396646 -12.646531143938779 -5.7368083721842424 1396.8742682051482 -0.069482352161155378 0.0074321738503109617 -0.38350434370129938 0
2044 1 1 250300800 -89096798.113279656 -109906855.0743508 -2318575.2337047094 30.638270618795111 -12.207368606829899 -5.7521386569789357 1396.0187778893244 -0.069772513665895181 0.0069217989128165973 -0.38055841250568245 0
2045 1 1 250387200 -86434325.031636789 -110942162.934471 -2816137.979582944 30.99229839933594 -11.756054553894238 -5.7651183538065593 1395.169725995996 -0.070050004436735688 0.0064017708610907146 -0.37747450374279051 0
2046 1 1 250473600 -83741464.761713088 -111937947.52792682 -3314717.4262300944 31.341609937309009 -11.292457071631087 -5.7756584629507159 1394.3274104940826 -0.070314640559473729 0.0058715094291531119 -0.37425367616580663 0
2047 1 1 250560000 -81018642.604955316 -112893142.26022448 -3814098.9063035785 31.685789998082562 -10.816455266643567 -5.7836688274493291 1393.4921265915461 -0.070566210775660776 0.0053304384035135887 -0.37089717139250489 0
2048 1 1 250646400 -78266320.46075131 -113806670.61093804 -4314059.9182590898 32.024406627846943 -10.327940471401638 -5.7890582835893083 1392.6641663202975 -0.070804475299705835 0.0047779889046438472 -0.36740641775424082 0
2049 1 1 250732800 -75484998.273598447 -114677447.24428788 -4814370.0465288935 32.357011104137932 -9.8268175102798843 -5.7917348298455211 1391.8438181122822 -0.071029164886416321 0.0042136027190575994 -0.36378303425848557 0
2050 1 1 250819200 -72675215.481471181 -115504379.23165636 -5314790.8971301168 32.68313795885264 -9.3130060243608721 -5.7916058152803203 1391.0313663672428 -0.071239980011729598 0.0036367363033727369 -0.36002883391981944 0
2051 1 1 250905600 -69837552.45878002 -116286367.3910283 -5815076.0504261861 33.002305081830087 -8.7864418527725867 -5.7885781483654624 1390.2270910131965 -0.071436590290747559 0.0030468644961526878 -0.35614582678645723 0
2052 1 1 250992000 -66972631.946598776 -117022307.74811445 -6314971.0328458371 33.314013913382787 -8.2470784675186941 -5.7825585271379776 1389.4312670604347 -0.071618634018352584 0.0024434846485208109 -0.3521362225161998 0
2053 1 1 251078400 -64081120.46210482 -117711093.12361629 -6814213.3094398044 33.617749734418155 -7.6948884578426773 -5.7734536915333061 1388.6441641494941 -0.071785718076765703 0.0018261208051720003 -0.34800243285177074 0
2054 1 1 251164800 -61163729.678419515 -118351614.8507055 -7312532.2992234677 33.912982062975424 -7.1298650591851489 -5.7611706986076729 1387.866046094684 -0.071937418005905029 0.0011943281361622058 -0.34374707282890826 0
2055 1 1 251251200 -58221217.765269615 -118942764.62631959 -7809649.4153096983 34.19916516610003 -6.5520237207189798 -5.7456172212621555 1387.0971704238384 -0.072073278589790263 0.00054769744045383767 -0.33937296249072313 0
2056 1 1 251337600 -55254390.680118814 -119483436.49930537 -8305278.1318842256 34.475738695980496 -5.9614037043097401 -5.7267018709261288 1386.3377879151649 -0.072192814567239 -0.0001141404669552623 -0.33488312719271046 0
2057 1 1 251424000 -52264103.398650564 -119972528.99777335 -8799124.080105219 34.742128459162494 -5.3580697065087026 -5.7043345444459073 1385.5881421332483 -0.072295511704059151 -0.00079150993604014202 -0.33028079756580403 0
2058 1 1 251510400 -49251261.072732948 -120408947.39724335 -9290885.1750234533 34.997747327392212 -4.7421134939097316 -5.6784267952585621 1384.8484689647109 -0.072380828320282184 -0.0014846861413429374 -0.32556940911749455 0
2059 1 1 251596800 -46216820.103273056 -120791606.13027142 -9780251.7756151222 35.24199629823903 -4.113655540863161 -5.6488922286578038 1384.1189961552275 -0.07244819716865232 -0.0021938904410556434 -0.32075260063613525 0
2060 1 1 251683200 -43161789.114687815 -121119431.33723509 -10266906.879990567 35.47426571307377 -3.472846657146468 -5.6156469206868556 1383.3999428495792 -0.07249702779721863 -0.0029192859383767641 -0.31583421219313346 0
2061 1 1 251769600 -40087229.81709487 -121391363.55682573 -10750526.357790371 35.69393663922871 -2.8198695918217305 -5.578609859910312 1382.6915191358003 -0.072526709066580319 -0.0036609735268193721 -0.31081828244853638 0
2062 1 1 251856000 -36994257.741777383 -121606360.55354239 -11230779.22170007 35.900382422195946 -2.1549405980854308 -5.5377034109507388 1381.9939255954823 -0.072536612386727137 -0.0044189875130563345 -0.30570904475960553 0
2063 1 1 251942400 -33884042.835019805 -121763400.27811362 -11707327.939903295 36.092970412546137 -1.4783109425636103 -5.4928537983244778 1381.3073528617817 -0.072526095122526779 -0.0051932922062797706 -0.30051092292632603 0
2064 1 1 252028800 -30757809.895066455 -121861483.95528366 -12179828.791149689 36.271063870853233 -0.79026834121010414 -5.4439916087154385 1380.6319811867811 -0.07249450457599288 -0.0059837785651825556 -0.29522852570461944 0
2065 1 1 252115200 -27616838.836738497 -121899639.29180731 -12647932.263935098 36.434024052277984 -0.091138302717466882 -5.3910523094001679 1379.9679800200765 -0.072441182071010551 -0.0067902612011571991 -0.28986664078492558 0
2066 1 1 252201600 -24462464.76818236 -121876923.79579756 -13111283.50107496 36.581212470591332 0.61871464071373672 -5.3339767800992881 1379.3155076003634 -0.072365467591310337 -0.0076124762480498315 -0.28443022756714131 0
2067 1 1 252288000 -21296077.864330553 -121792428.19678885 -13569522.790696414 36.711993339306055 1.3388858363422438 -5.2727118550637808 1378.6747105621318 -0.072266704625791461 -0.0084500793531034398 -0.27892440914772504 0
2068 1 1 252374400 -18119123.021956209 -121645279.95402412 -14022286.104379518 36.825736185266365 2.0689295693975818 -5.2072108717588161 1378.0457235590134 -0.072144245091413831 -0.0093026447771776873 -0.27335446357766058 0
2069 1 1 252460800 -14933099.281713111 -121434646.83856577 -14469205.682843141 36.92181862748587 2.8083582994043534 -5.1374342220220575 1377.4286689058974 -0.071997454664397928 -0.010169664881767657 -0.2677258138482087 0
2070 1 1 252547200 -11739559.003293172 -121159740.57289839 -14909910.669194575 36.999629311292225 3.556642096770148 -5.0633499011220531 1376.8236562417765 -0.071825717881238038 -0.011050550593729558 -0.26204401732331861 0
2071 1 1 252633600 -8540106.7808158901 -120819820.50975594 -15344027.78934864 37.058570984939081 4.313208301915175 -4.98493404971369 1376.2307822148925 -0.071628443415609991 -0.011944632559931686 -0.25631475419368432 0
2072 1 1 252720000 -5336398.0868042344 -120414197.33000019 -15771182.078770623 37.098063702817981 5.077441428685777 -4.9021714832573799 1375.6501301924466 -0.071405069018454781 -0.012851163236536133 -0.25054381489834326 0
2073 1 1 252806400 -2130137.6346053951 -119942236.73753896 -16190997.654212546 37.117548136300535 5.8486833328345993 -4.8150562031225022 1375.0817699963643 -0.071155066450421633 -0.013769319828460165 -0.24473708712823428 0
2074 1 1 252892800 1076922.5491109078 -119403363.12753211 -16603098.528598767 37.116488970128977 6.6262336649584901 -4.7235918832659287 1374.5257576672686 -0.070877945536454781 -0.014698208013222346 -0.23890054145646841 0
2075 1 1 252979200 4282985.3481026366 -118797063.20253734 -17007109.466677766 37.094378359175217 7.409350625412956 -4.6277923261511376 1373.9821352580211 -0.07057325835589344 -0.015636866636918951 -0.23304021709405245 0
2076 1 1 253065600 7486211.0805744948 -118122889.50982957 -17402656.878503114 37.050739417428261 8.1972520363808474 -4.5276818814003432 1373.4509306585778 -0.07024060199819529 -0.016584272972649451 -0.22716220611387231 0
2077 1 1 253152000 10684720.324934362 -117380463.87193704 -17789369.747238614 36.985129708288014 8.9891167434315715 -4.4232958205969073 1372.9321574540872 -0.069879621116205312 -0.017539349039067891 -0.22127263775883016 0
2078 1 1 253238400 13876597.045971375 -116569480.68151079 -18166880.587216962 36.897144702715217 9.7840863556110129 -4.3146806617088878 1372.4258148174408 -0.069490009056388372 -0.018500968002349526 -0.21537766179056861 0
2079 1 1 253324800 17059892.017154902 -115689710.03102082 -18534826.42762119 36.786421169632717 10.581267329336741 -4.2018944367441007 1371.9318874379678 -0.069071508236951615 -0.019467961527835972 -0.20948343177625875 0
2080 1 1 253411200 20232626.53159786 -114741000.6474966 -18892849.8166181 36.652640461231385 11.379733397196057 -4.0850068965296753 1371.4503454876005 -0.068623909011429049 -0.020439126973634075 -0.20359608774165178 0
2081 1 1 253497600 23392796.390945237 -113723282.6026254 -19240599.840261042 36.49553165461321 12.178528338219277 -3.9640996469065715 1370.9811446261085 -0.06814704753859735 -0.021413234918019636 -0.19772173877046648 0
2082 1 1 253584000 26538376.158083521 -112636569.76902701 -19577733.150008794 36.314874510563186 12.976669081365593 -3.8392662111719291 1370.5242260467337 -0.067640802000042868 -0.022389036298066198 -0.19186644531134367 0
2083 1 1 253670400 29667323.656175386 -111480961.99445267 -19903914.992288698 36.110502210250658 13.773149128927551 -3.7106120142686914 1370.0795165636075 -0.067105087739641037 -0.023365269298870884 -0.18603620161151005 0
2084 1 1 253756800 32777584.69316192 -110256646.9670267 -20218820.233176459 35.882303831371608 14.566942281418154 -3.5782542850115466 1369.646928742525 -0.066539850669933898 -0.024340665201356564 -0.18023691795784222 0
2085 1 1 253843200 35867097.987606928 -108963901.74646409 -20522134.370983344 35.630226526681383 15.357006640356756 -3.4423218735531207 1369.2263610765378 -0.065945059873409151 -0.025313953377314027 -0.17447440332969916 0
2086 1 1 253929600 38933800.268645167 -107603093.93845499 -20813554.529342808 35.354277370064786 16.142288860329657 -3.3029549823108799 1368.8176982078644 -0.065320698689256274 -0.026283864795734919 -0.16875434805079234 0
2087 1 1 254016000 41975631.51990851 -106174682.49208944 -21092790.423282232 35.054524838258317 16.921728616909867 -3.1603048096785327 1368.4208111980247 -0.064666754948570021 -0.027249133923531628 -0.1630823069756113 0
2088 1 1 254102400 44990540.334702186 -104679218.10327561 -21359565.290757347 34.731099899997822 17.6942632525883 -3.0145331070210943 1368.0355578479523 -0.063983210737889734 -0.028208498455523683 -0.15746368287318951 0
2089 1 1 254188800 47976489.347448386 -103117343.21055196 -21613616.782222223 34.384196688745064 18.458832558914928 -2.8658116506765818 1367.6617830700234 -0.063270031617933403 -0.029160696944822557 -0.15190371060339516 0
2090 1 1 254275200 50931460.704565734 -101489791.57345283 -21854697.801010866 34.014072740133763 19.214383649695371 -2.714321631926051 1367.2993193141922 -0.062527156040139767 -0.030104463783566526 -0.14640744160640268 0
2091 1 1 254361600 53853461.536558822 -99797387.427609578 -22082577.287614893 33.62104878077929 19.959875877437636 -2.5602529691241798 1366.9479870504856 -0.06175448538007184 -0.031038521721605313 -0.1409797292865119 0
2092 1 1 254448000 56740529.392190047 -98041044.214985535 -22297040.94135664 33.205508061036085 20.694285743383304 -2.4038035473831028 1366.6075953101472 -0.060951875030791705 -0.031961571503802515 -0.13562521497236743 0
2093 1 1 254534400 59590737.595235251 -96221762.891983658 -22497891.873472113 32.767895230520232 21.416611750458145 -2.2451783923322028 1366.2779422877556 -0.060119127237276165 -0.032872278963632359 -0.1303483149113476 0
2094 1 1 254620800 62402200.484496035 -94340629.822554648 -22684951.18622769 32.308714761604968 22.125879148377628 -2.0845887855154701 1365.9588160065257 -0.059255986198145691 -0.0337692595048475 -0.12515320802473937 0
2095 1 1 254707200 65173078.498469919 -92398814.267789081 -22858058.473387949 31.828528932504256 22.821144520978326 -1.9222513299008068 1365.6499950488912 -0.058362136192046367 -0.034651060376856294 -0.12004382472287675 0
2096 1 1 254793600 67901583.067355037 -90397565.487723395 -23017072.238119043 31.327955387835036 23.501500167593239 -1.7583869747559429 1365.3512493539076 -0.057437203160098392 -0.035516141228959235 -0.11502383677794616 0
2097 1 1 254880000 70585981.276874125 -88338209.475142285 -23161870.225239541 30.807664300553075 24.166078232936986 -1.5932200097607032 1365.0623410824487 -0.056480760256093616 -0.036362853388485057 -0.11009664848480737 0
2098 1 1 254966400 73224600.270710841 -86222145.344952241 -23292349.665603273 30.268375164727548 24.814054543452173 -1.426977038658203 1364.7830255503652 -0.055492338041710228 -0.03718941859316513 -0.10526538898263262 0
2099 1 1 255052800 75815831.361119196 -84050841.406153455 -23408427.431301087 29.710853253651912 25.444652112291624 -1.2598859429939377 1364.5130522286104 -0.054471439385355307 -0.03799390829400983 -0.10053290600809686 0
2100 1 1 255139200 78358133.820441991 -81825830.946501434 -23510040.101283681 29.135905782166166 26.057144280004582 -1.0921748465558909 1364.2521658078508 -0.053417559368463402 -0.038774224106212118 -0.095901761211572206 0
2101 1 1 255225600 80850038.329794183 -79548707.762561083 -23597143.937920414 28.544377815688577 26.65085746341175 -0.92407109098985207 1364.0001073234544 -0.052330209999498799 -0.039528080942619837 -0.091374227015996984 0
2102 1 1 255312000 83290150.064967155 -77221121.469987631 -23669714.775900997 27.937147971253783 27.225173490974218 -0.7558002327410136 1363.7566153348082 -0.051208949728720379 -0.040252993533175754 -0.086952285178561059 0
2103 1 1 255398400 85677151.40361315 -74844772.630478755 -23727747.825744305 27.31512395779459 27.779531509049132 -0.58758507098461998 1363.5214271506006 -0.050053416932445853 -0.040946267752317349 -0.082637627258878632 0
2104 1 1 255484800 88009804.2419018 -72421407.732925311 -23771257.394985829 26.679238003960929 28.313429449622529 -0.41964471555039246 1363.29428008953 -0.048863366851408678 -0.041604997635858919 -0.078431656859235838 0
2105 1 1 255571200 90286951.913027912 -69952814.066832244 -23800276.53086042 26.030442221939307 28.826425056289484 -0.25219370304961491 1363.074912763482 -0.047638710831386655 -0.042226069208871037 -0.07433549384927092 0
2106 1 1 255657600 92507520.704113483 -67440814.526099384 -23814856.588967044 25.369703955058849 29.318136471272425 -0.085441168508733192 1362.8630663677459 -0.04637955679075232 -0.042806171747716434 -0.070349980585829405 0
2107 1 1 255744000 94670520.972116277 -64887262.380759142 -23815066.732990969 24.698001155497874 29.788242392013132 0.080409921197567194 1362.6584859611196 -0.04508624921284092 -0.043341817019528821 -0.066475689941204813 0
2108 1 1 255830400 96775047.863269851 -62294036.053298295 -23800993.371056251 24.016317836190865 30.236481811211622 0.24516346689201129 1362.4609217167731 -0.043759407544191067 -0.043829366974186636 -0.062712935220873886 0
2109 1 1 255916800 98820281.644270375 -59663033.934776984 -23772739.534684781 23.325639638180217 30.662653359048345 0.40863086550920663 1362.2701301236141 -0.042399960956748597 -0.044265069482734863 -0.059061781696115527 0
2110 1 1 256003200 100805487.65684535 -56996169.274150088 -23730424.206644755 22.62694955125416 31.066614270627053 0.5706315643936678 1362.0858751173814 -0.041009178213251118 -0.044645101924489124 -0.055522059760201019 0
2111 1 1 256089600 102730015.91044535 -54295365.172042571 -23674181.604180515 21.921223821851484 31.44827900534446 0.73099353962188507 1361.9079291208016 -0.039588690976092855 -0.044965621853689734 -0.052093379038001486 0
2112 1 1 256176000 104593300.330557 -51562549.707786798 -23604160.424229167 21.20942807802275 31.807617547921399 0.8895536975763737 1361.736073973281 -0.03814050932782001 -0.045222823477300299 -0.048775143497309215 0
2113 1 1 256262400 106394857.68251859 -48799651.225854993 -23520523.057251085 20.492513696812924 32.144653423174752 1.04615820002478 1361.5701017320887 -0.03666702837034521 -0.045412998815304924 -0.04556656701658144 0
2114 1 1 256348800 108134286.19271632 -46008593.804971546 -23423444.776237335 19.771414434874476 32.459461458278945 1.2006627139312349 1361.4098153294676 -0.035171025361284587 -0.045532601794727255 -0.042466688880628142 0
2115 1 1 256435200 109811263.8906371 -43191292.930224448 -23313112.90731227 19.04704333854815 32.752165327288942 1.3529325881034264 1361.2550290732463 -0.033655646746760998 -0.045578313517187524 -0.039474388895949009 0
2116 1 1 256521600 111425546.69646439 -40349651.385471277 -23189725.988132954 18.32028994513923 33.02293491307379 1.5028429595640957 1361.1055689816985 -0.032124385397315429 -0.045547107208580399 -0.036588401433634975 0
2117 1 1 256608000 112976966.27972393 -37485555.380301461 -23053492.920007732 17.592017782756901 33.271983521612903 1.6502787932188856 1360.9612729469006 -0.030581048253140189 -0.04543631083658535 -0.033807328012196672 0
2118 1 1 256694400 114465427.71494418 -34600870.922825724 -22904632.119321618 16.863062171953619 33.499564982877125 1.7951348589676439 1360.8219907244043 -0.02902971524302235 -0.04524366609725642 -0.031129647714741845 0
2119 1 1 256780800 115890906.96040773 -31697440.446655106 -22743370.673476975 16.134228328550741 33.705970671299035 1.9373156508739897 1360.6875837498364 -0.027474690470086056 -0.044967382491234532 -0.02855372500945522 0
2120 1 1 256867200 117253448.18586072 -28777079.697648834 -22569943.50614297 15.40628976352083 33.891526477224055 2.0767352533700869 1360.557924785646 -0.025920447017923755 -0.044606185409409312 -0.026077814225448429 0
2121 1 1 256953600 118553160.97455367 -25841574.883378986 -22384592.556165136 14.679986972651092 34.056589758766769 2.213317159733811 1360.432897402683 -0.024371566743825922 -0.044159357924619808 -0.023700060224862287 0
2122 1 1 257040000 119790217.424236 -22892680.085814342 -22187565.9740263 13.956026405961518 34.201546301254403 2.3469940482414748 1360.3123953017048 -0.022832676625842464 -0.043626776074185664 -0.021418494449827196 0
2123 1 1 257126400 120964849.17075533 -19932114.935480796 -21979117.339278799 13.235079704507681 34.326807308994084 2.4777075214850015 1360.1963214793004 -0.021308383056691787 -0.043008938054951026 -0.019231025651272531 0
2124 1 1 257212800 122077344.35675932 -16961562.54333026 -21759504.90189312 12.517783190267254 34.432806451497378 2.6054078143481973 1360.0845872402399 -0.019803205476389765 -0.042306988401633286 -0.017135424441942333 0
2125 1 1 257299200 123128044.5666917 -13982667.684753269 -21528990.849994913 11.804737593286013 34.519996983611918 2.7300534760863076 1359.9771110544064 -0.01832151033935964 -0.041522738394283519 -0.015129300566742568 0
2126 1 1 257385600 124117341.74785535 -10997035.228607403 -21287840.605996165 11.096507999122101 34.588848956289326 2.8516110318601013 1359.8738172505655 -0.016867446453526492 -0.040658684876148203 -0.013210071496753953 0
2127 1 1 257472000 125045675.13581644 -8006228.8028057236 -21036322.152668852 10.393623998867611 34.639846531998622 2.9700546289450491 1359.7746345307526 -0.015444881904247356 -0.039718030039350934 -0.011374920786614347 0
2128 1 1 257558400 125913528.20086886 -5011769.6869151834 -20774705.390264474 9.6965800236135191 34.673485416126539 3.0853656727053527 1359.679494277887 -0.014057342826082448 -0.03870470548282464 -0.0096207436053630194 0
2129 1 1 257644800 126721425.63070796 -2015135.9213475781 -20503261.525348544 9.0058358451243965 34.690270413102631 3.1975324572960075 1359.5883286140693 -0.012707953451297417 -0.03762340468922739 -0.0079440767155397329 0
2130 1 1 257731200 127469930.36289227 982238.3779195979 -20222262.49159446 8.3218172246865443 34.690713113470231 3.3065497959668915 1359.5010681468691 -0.011399376457309035 -0.036479629051073936 -0.0063410084466415939 0
2131 1 1 257817600 128159640.67913155 3978963.5105872541 -19931980.402361933 7.6449166925471772 34.675329715698012 3.4124186558195642 1359.4176393141627 -0.010133751887708063 -0.035279753871568793 -0.0048070633992548326 0
2132 1 1 257904000 128791187.37194863 6973694.5009644879 -19632687.034463 6.9754944410506479 34.644638984178357 3.5151458019449535 1359.3379612022404 -0.0089126321520059705 -0.034031122564529316 -0.0033370540013080078 0
2133 1 1 257990400 129365230.99284092 9965131.2363303564 -19324653.342085179 6.3138793154790012 34.599160342564829 3.6147434560988363 1359.2619416641621 -0.0077369095213651474 -0.032742179548508929 -0.00192488887173551 0
2134 1 1 258076800 129882459.18973023 12952018.446302626 -19008148.999377839 5.6603698877001323 34.539412099330711 3.7112289754983188 1359.189472502542 -0.0066067312773298243 -0.031422655244124312 -0.00056332396324753448 0
2135 1 1 258163200 130343584.14025818 15933145.534420084 -18683441.969698507 5.0152355990099204 34.46590980013125 3.8046245580281468 1359.1204234000616 -0.0055213959543539753 -0.030083820387390502 0.00075636203144184859 0
2136 1 1 258249600 130749340.08636935 18907346.272575308 -18350798.098928664 4.3787179600220476 34.379164699182859 3.8949569811963536 1359.0546341821132 -0.0044792220503634189 -0.028738830904512805 0.0020447924911130753 0
2137 1 1 258336000 131100480.97464548 21873498.36815637 -18010480.729575202 3.7510317971179035 34.279682339417235 3.982257383644118 1358.9919048865443 -0.0034773779417688394 -0.027403188567566492 0.0033150487744878234 0
2138 1 1 258422400 131397778.20602606 24830522.912764411 -17662750.331533927 3.1323665368145921 34.167961228705117 4.0665610998924047 1358.9319830207889 -0.0025116592060310428 -0.026095344524785166 0.004583393615103259 0
2139 1 1 258508800 131642018.49788973 27777383.720169161 -17307864.144378018 2.5228875213988107 34.044491596921596 4.1479075611129428 1358.8745473547315 -0.0015761978769773491 -0.024837479608390309 0.0058701981658066341 0
2140 1 1 258595200 131834001.86098231 30713086.559697527 -16946075.824849255 1.922737351150545 33.909754214819948 4.2263402763965026 1358.819187681047 -0.00066309056775389638 -0.023656523582449358 0.0072010924059752943 0
2141 1 1 258681600 131974539.69334479 33636678.289448485 -16577635.091972506 1.332037249988167 33.764219252914494 4.3019069085705421 1358.7653804024321 0.00023805457591346437 -0.022585392271503482 0.0086083021586690917 0
2142 1 1 258768000 132064452.99313614 36547245.892227769 -16202787.361216284 0.75088845133213 33.608345171565318 4.3746594520767532 1358.7124612216858 0.0011406152143352297 -0.021664043879046153 0.010131990996370214 0
2143 1 1 258854400 132104570.69187994 39443915.417570904 -15821773.359199399 0.17937359810754303 33.442577663272004 4.4446545006293512 1358.6595985786232 0.0020613792285292033 -0.020939841383798702 0.011821141389830423 0
2144 1 1 258940800 132095728.10839561 42325850.836350434 -15434828.713242799 -0.38244187141949143 33.267348698397363 4.5119535466642393 1358.6057738567574 0.0030203232306103009 -0.020466706301065021 0.013732998906683941 0
2145 1 1 259027200 132038765.51188275 45192252.820454627 -15042183.526532387 -0.93450860606719177 33.083075771605735 4.5766229714089492 1358.5497815842571 0.0040395254109834048 -0.020301538424253081 0.015929712415838848 0
2146 1 1 259113600 131934526.88740288 48042357.472601518 -14644061.82015392 -1.4767888875225712 32.890161609518685 4.6387380737798054 1358.4901409294991 0.005216539000694664 -0.020489292892743888 0.018549001811420777 0
2147 1 1 259200000 131783858.92829388 50875435.104668915 -14240681.039033622 -2.0092602805037765 32.688996396259469 4.6983697764607433 1358.425491313415 0.0063932433107533335 -0.020967071222128299 0.021161174448154269 0
2148 1 1 259286400 131587608.5493823 53690790.085705206 -13832255.39316258 -2.5319462357517586 32.479985255315476 4.7555055065175997 1358.3574636897915 0.0068514898191254642 -0.021048959365792118 0.021874532667675712 0
2149 1 1 259372800 131346619.20334943 56487762.364546709 -13419002.44113956 -3.0448893083183481 32.263536080061591 4.8101171178948094 1358.2886523539046 0.0071337937007130443 -0.021001530010116381 0.022119888321018587 0
2150 1 1 259459200 131061731.47671786 59265725.891918309 -13001138.609448394 -3.5481173184305002 32.040029836237963 4.8622481590461568 1358.2194178620291 0.0074174011056568128 -0.02094157657605019 0.022388713456633406 0
2151 1 3 259529691.88715404 130797361.98572098 61517711.134495474 -12656944.462212596 -3.9515175343876927 31.852702807888694 4.9029819110573412 1358.1625894097538 0 0 0 158
2152 1 1 259545600 130733783.3248228 62024086.815032482 -12578875.800776504 -4.0416653583985411 31.809832054702348 4.9119540680444365 1358.1497264566506 0.007676946459038738 -0.020872826971063893 0.022636565542704209 0
2153 1 1 259632000 130363619.12481961 64762288.382304773 -12152394.997882279 -4.5253328428602266 31.573446179626664 4.9599388360649748 1358.0621987123727 0.0078998040415808948 -0.020778904502725033 0.022831357280724329 0
2154 1 1 259718400 129951985.7166508 67479748.104841024 -11722117.270349838 -5.0026518346231921 31.329126476546218 4.9971132224548871 1357.7922086831995 -0.085339758134475016 -0.076907118574774724 -0.22316794720581357 0
2155 1 1 259804800 129499341.80403161 70175741.107250482 -11289209.709785983 -5.4735899859326897 31.077216000045009 5.0235816974366934 1357.2175541720324 -0.082258909172315237 -0.076341573141626623 -0.22141775962749471 0
2156 1 1 259891200 129006436.71799223 72849744.049956232 -10854076.440663759 -5.9346530945197555 30.820141476234276 5.0486038516143052 1356.6741807371895 -0.079162918375419139 -0.075559288478072986 -0.21933836143768787 0
2157 1 1 259977600 128474108.50732647 75501317.471481532 -10416869.382928552 -6.3861762276571632 30.558063455017408 5.0715973519433861 1356.1378058445991 -0.076068281289994238 -0.074820894139489086 -0.21709705614002792 0
2158 1 1 260064000 127903177.72298785 78130041.707572863 -9977760.9308256675 -6.8282461826887806 30.291273033123154 5.0926285559477185 1355.6086415996058 -0.072984993837119969 -0.074090200860754837 -0.21471527447745356 0
2159 1 1 260150400 127294457.15565975 80735521.859450459 -9536917.8059507627 -7.2609555826662007 30.020051959040156 5.1117625887726863 1355.0869064310441 -0.069912784441222398 -0.073368991959892993 -0.21219555731532655 0
2160 1 1 260236800 126648751.37809005 83317386.886305645 -9094501.1470386032 -7.6844019407026209 29.744670810670364 5.1290635435144587 1354.5728144583327 -0.066851553600828756 -0.072658134373301167 -0.20954068615393198 0
2161 1 1 260323200 125966856.34570129 85875288.657721609 -8650666.6041254494 -8.0986871278296491 29.465389388017787 5.144594372088811 1354.0665743877544 -0.063801227524446627 -0.071958392488213244 -0.20675351844019746 0
2162 1 1 260409600 125249559.0431328 88408901.034141272 -8205564.4391503371 -8.503916845130421 29.182456985178842 5.1584168400647572 1353.5683891132362 -0.060761758972071721 -0.071270436976504342 -0.20383698156047231 0
2163 1 1 260496000 124497637.17482534 90917918.971297607 -7759339.6301679695 -8.9002001318339179 28.896112672568805 5.1705914881455302 1353.0784553194776 -0.057733129145909716 -0.070594849372637616 -0.20079406818342235 0
2164 1 1 260582400 123711858.89662459 93402057.649307266 -7312131.9786067018 -9.2876489074423052 28.606585585258625 5.1811776001071337 1352.5969630797422 -0.054715348982660054 -0.069932126862668337 -0.19762783177229823 0
2165 1 1 260668800 122892982.58553237 95861051.626869887 -6864076.2190374238 -9.6663775462965464 28.314095215500966 5.1902331766466459 1352.1240954456632 -0.05170846033146536 -0.069282686899182835 -0.19434138256861558 0
2166 1 1 260755200 122041756.64487039 98294654.020861238 -6415302.1309651528 -10.036502483003542 28.018851707747523 5.197814914633061 1351.6600280264383 -0.048712536933919262 -0.068646871805111351 -0.19093788344025198 0
2167 1 1 260841600 121158919.34225927 100702635.7114684 -5965934.6521972651 -10.398141847147162 27.721056154646988 5.2039781912776633 1351.2049285542441 -0.045727685009383894 -0.068024953224506898 -0.18742054636392116 0
2168 1 1 260928000 120245198.67794877 103084784.57289264 -5516093.9933838714 -10.751415125736324 27.420900892695531 5.2087770527588413 1350.7589564318582 -0.042754043890413304 -0.067417136370847799 -0.18379262906785732 0
2169 1 1 261014400 119301312.28116904 105440904.72953938 -5065895.7533635534 -11.09644285187678 27.118569796367446 5.2122642068879692 1350.3222622585834 -0.039791786374122826 -0.066823564236413766 -0.18005743176362538 0
2170 1 1 261100800 118327967.33230151 107770815.83751786 -4615451.0349828778 -11.433346318184865 26.814238569705868 5.2144910194073546 1349.8949873293054 -0.036841119012755427 -0.066244321484866683 -0.17621829461449201 0
2171 1 1 261187200 117325860.50879347 110074352.39119211 -4164866.5610925653 -11.76224731350467 26.508075034490908 5.2155075135479789 1349.4772631011226 -0.033902282158390522 -0.065679438250456537 -0.17227859506273582 0
2172 1 1 261273600 116295677.95286408 112351363.05445412 -3714244.7904531737 -12.083267881543861 26.200239414220857 5.2153623725079843 1349.0692106213019 -0.030975550155175832 -0.065128893737797219 -0.1682417457185513 0
2173 1 1 261360000 115238095.25916527 114601710.01632845 -3263684.0333126844 -12.396530100090576 25.890884613258372 5.2141029445152807 1348.6709399087777 -0.028061231246804777 -0.064592619626158726 -0.16411119267921342 0
2174 1 1 261446400 114153777.48067607 116825268.37046595 -2813278.5664462065 -12.702155879527531 25.580156490597247 5.2117752501676149 1348.2825492805346 -0.025159667684309751 -0.064070503204919971 -0.15989041426586656 0
2175 1 1 261532800 113043379.15121548 119021925.51804212 -2363118.7474732222 -13.000266779415535 25.268194127799813 5.2084239917710065 1347.9041246132106 -0.022271235633034899 -0.063562390256324736 -0.15558292006528215 0
2176 1 1 261619200 111907544.3230651 121191580.59354003 -1913291.1282915305 -13.290983841973743 24.955130090729082 5.2040925644019653 1347.5357385282641 -0.019396345318102075 -0.063068087873104667 -0.15119225080563167 0
2177 1 1 261705600 110746906.61828876 123334143.91286732 -1463878.5674900336 -13.574427441343683 24.641090684786182 5.1988230684465382 1347.1774494878352 -0.016535441112911092 -0.062587366723328902 -0.1467219783925158 0
2178 1 1 261792000 109562089.29243246 125449536.44323781 -1014960.3416230681 -13.850717147577681 24.326196203427827 5.1926563233687926 1346.8293007861512 -0.013689001855922629 -0.062119963294409747 -0.14217570726867737 0
2179 1 1 261878400 108353705.309376 127537689.29422736 -566612.25525055442 -14.119971604349265 24.01056116978657 5.185631882481152 1346.4913194193089 -0.010857541210749803 -0.061665581868998509 -0.13755707591493938 0
2180 1 1 261964800 107122357.42619184 129598543.22940418 -118906.74966617828 -14.382308419440596 23.694294571291358 5.1777880485017533 1346.1635148144956 -0.0080416083912863562 -0.061223895922674625 -0.1328697598038821 0
2181 1 1 262051200 105868638.28694563 131632048.19792527 328086.9897443314 -14.637844067121653 23.377500087216696 5.1691618896761877 1345.8458773967147 -0.005241789141290934 -0.060794549631025423 -0.128117475103703 0
2182 1 1 262137600 104593130.52444844 133638162.88548639 774302.92755521392 -14.886693801578089 23.060276309134235 5.1597892562666487 1345.5383769696696 -0.002458706899056503 -0.060377158697001478 -0.12330398361224332 0
2183 1 1 262224000 103296406.86903967 135616854.28401342 1219678.073785702 -15.128971580604736 22.742716954285754 5.1497047971998677 1345.2409608852045 0.00030697547926246285 -0.05997131106403706 -0.11843309910637688 0
2184 1 1 262310400 101979030.2635456 137568097.27948338 1664152.3808229379 -15.36478999883979 22.424911071909314 5.1389419766704201 1344.9535519744691 0.0030545535089455027 -0.059576567399624414 -0.11350869516081273 0
2185 1 1 262396800 100641553.98361944 139491874.25727195 2107668.641770415 -15.594260229849247 22.106943242595491 5.1275330905037393 1344.6760462146253 0.0057832785420360534 -0.059192461053352526 -0.10853471450867271 0
2186 1 1 262483200 99284521.762725949 141388174.72442526 2550172.3901929585 -15.8174919764331 21.788893770760307 5.1155092820891062 1344.4083101072429 0.0084923542644437904 -0.058818498123273388 -0.10351518001862539 0
2187 1 1 262569600 97908467.921085343 143256994.94827011 2991611.8012128873 -16.034593428566971 21.470838870337133 5.1029005576919744 1344.1501777501801 0.011180932838064468 -0.058454157148685085 -0.098454207482466985 0
2188 1 1 262656000 96513917.497941434 145098337.61077639 3431937.5938961576 -16.245671228421539 21.152850843809652 5.0897358009794011 1343.901447596224 0.013848110315860591 -0.058098888895072906 -0.093356019578214072 0
2189 1 1 262742400 95101386.386564732 146912211.47810721 3871102.9348546234 -16.450830441965948 20.834998254697521 5.0760427866235256 1343.6618789102229 0.016492921075622832 -0.057752116436374935 -0.088224960944586484 0
2190 1 1 262828800 93671381.471441194 148698631.0847913 4309063.3429799797 -16.650174536672047 20.517346093616769 5.0618481928835095 1343.4311879650106 0.019114332173958651 -0.057413235463282843 -0.083065513514846853 0
2191 1 1 262915200 92224400.767141491 150457616.4319708 4745776.5952192424 -16.843805364859193 20.199955938024399 5.0471776131345001 1343.2090440582494 0.02171123710282917 -0.057081615557583787 -0.077882311094789464 0
2192 1 1 263001600 90760933.558400214 152189192.69918025 5181202.6333025238 -17.031823152242463 19.882886105738731 5.0320555664007296 1342.9950654899294 0.024282449841461981 -0.056756602429480364 -0.072680151660645453 0
2193 1 1 263088000 89281460.54097715 153893389.96912551 5615303.471343535 -17.214326491225005 19.566191802334103 5.0165055070632629 1342.7888157156281 0.026826699899827413 -0.056437521222186877 -0.067464005631541299 0
2194 1 1 263174400 87786453.962909847 155570242.9649353 6048043.1042529447 -17.391412338443253 19.249925262484972 5.0005498340233085 1342.5897999805152 0.029342629583156386 -0.05612368149632721 -0.062239018578362691 0
2195 1 1 263260800 86276377.765814573 157219790.79936624 6479387.4169340702 -17.563176016016961 18.93413588535676 4.9842098997281719 1342.3974628388451 0.031828794914622323 -0.05581438276999167 -0.057010506241111016 0
2196 1 1 263347200 84751687.725941494 158842076.73545459 6909304.0942704529 -17.729711215868154 18.618870364186421 4.9675060195641878 1342.2111870569918 0.034283672297912827 -0.055508920423158928 -0.051783941113012884 0
2197 1 1 263433600 83212831.594750643 160437147.95811841 7337762.5319608161 -17.891110006367441 18.304172810259359 4.9504574821769438 1342.0302944603909 0.036705672870830611 -0.055206590240155146 -0.046564929642551149 0
2198 1 1 263520000 81660249.238842562 162005055.35624155 7764733.7483070707 -18.047462840469514 17.990084871583381 4.9330825613115081 1341.8540492835371 0.039093166277864105 -0.054906690552141979 -0.041359179998686033 0
2199 1 1 263606400 80094372.779154435 163545853.31479362 8190190.297112898 -18.198858564445707 17.676645846636315 4.9153985297858886 1341.681664480546 0.041444514432057593 -0.054608520799279546 -0.036172459747253499 0
2200 1 1 263692800 78515626.729406372 165059599.51658046 8614106.1819050368 -18.345384426357395 17.363892793586466 4.897421676245715 1341.5123112253441 0.043758114172719013 -0.054311377181042515 -0.031010542956766692 0
2201 1 1 263779200 76924428.133853212 166546354.75324628 9036456.7717471384 -18.487126083587196 17.051860635263115 4.8791673253957351 1341.3451314754057 0.046032445224481529 -0.054014548406188356 -0.025879145793093795 0
2202 1 1 263865600 75321186.704441234 168006182.74516413 9457218.718977198 -18.624167609028699 16.740582259920203 4.8606498624023455 1341.179253036205 0.048266118807137229 -0.05371731548663309 -0.02078385166822767 0
2203 1 1 263952000 73706304.95748952 169439149.96984339 9876369.8792545609 -18.756591495950726 16.430088617573894 4.8418827620302052 1341.0138061386849 0.050457919490228702 -0.053418959391811821 -0.015730029050640016 0
2204 1 1 264038400 72080178.349994138 170845325.49845532 10293889.234338541 -18.884478661957257 16.12040881150082 4.822878622728104 1340.8479402435673 0.052606835761295982 -0.053118778211866648 -0.010722749473608052 0
2205 1 1 264124800 70443195.415603876 172224780.84003997 10709756.818016401 -19.007908452778228 15.811570184497597 4.8036492053482736 1340.6808397113941 0.054712074617859263 -0.052816111419419526 -0.0057667143698490264 0
2206 1 1 264211200 68795737.900243387 173577589.79293352 11123953.645546665 -19.126958646787049 15.503598399777758 4.7842054755996717 1340.5117371574756 0.056773060326416845 -0.0525103652381693 -0.00086619988464464043 0
2207 1 1 264297600 67138180.897284031 174903828.30296108 11536461.646883104 -19.241705461082358 15.196517516747681 4.7645576488565018 1340.3399236910529 0.058789419091089833 -0.052201033872085148 0.0039749748721629617 0
2208 1 1 264384000 65470892.982097208 176203574.32797486 11947263.603815081 -19.352223559780761 14.89035006223061 4.7447152357389388 1340.1647557083654 0.060760953983736481 -0.051887711774884299 0.0087534550495508533 0
2209 1 1 264470400 63794236.345782578 177476907.70837599 12356343.091023529 -19.458586064864317 14.585117097888141 4.7246870869328443 1339.9856583480002 0.062687615115892908 -0.051570096172072526 0.013466335130414026 0
2210 1 1 264556800 62108566.927845262 178723910.0433242 12763684.42093022 -19.560864569643005 14.280838284563048 4.7044814360061853 1339.802126039365 0.064569469015382533 -0.051247981122143751 0.018111128007998172 0
2211 1 1 264643200 60414234.547602326 179944664.57239503 13169272.592128497 -19.659129154667504 13.977531944115739 4.6841059393888749 1339.6137207502438 0.066406670448301675 -0.050921246226003726 0.022685724099307015 0
2212 1 1 264729600 58711583.034119837 181139256.06248528 13573093.241128292 -19.75344840576766 13.6752151191402 4.6635677130732258 1339.4200685816534 0.068199438591241557 -0.050589842458458413 0.027188346346856778 0
2213 1 1 264816000 57000950.354513541 182307770.69979513 13975132.597126113 -19.843889433828998 13.373903630766582 4.6428733659414325 1339.2208553068433 0.069948037953852099 -0.050253778032558115 0.031617505826926226 0
2214 1 1 264902400 55282668.74047979 183450295.98672456 14375377.439513285 -19.930517895916815 13.073612134619028 4.6220290298625697 1339.0158213490656 0.071652764032144531 -0.049913105498558284 0.035971960532733292 0
2215 1 1 264988800 53557064.812956348 184566920.64352408 14773815.05785488 -20.013398017387871 12.774354174943188 4.6010403868437537 1338.8047565750799 0.073313933049101512 -0.049567910625028466 0.040250679186706217 0
2216 1 1 265075200 51824459.704841308 185657734.51454476 15170433.214100055 -20.092592614679113 12.476142236870983 4.5799126935906074 1338.5874951694889 0.074931875118624341 -0.049218303798923835 0.044452810417037372 0
2217 1 1 265161600 50085169.181723222 186722828.47891897 15565220.10681542 -20.168163118526575 12.178987796787061 4.5586508038372715 1338.3639107616088 0.076506929775914959 -0.048864413233072473 0.048577657199213184 0
2218 1 1 265248000 48339503.760593362 187762294.36551216 15958164.33726358 -20.240169597423513 11.882901370787987 4.5372591887801592 1338.1339119045622 0.07803944341354653 -0.048506379868725767 0.052624655917860946 0
2219 1 1 265334400 46587768.82652653 188776224.87197873 16349254.877176208 -20.308670781159648 11.587892561225539 4.5157419559177265 1337.8974379531542 0.079529768149767296 -0.048144353866267989 0.056593359704228595 0
2220 1 1 265420800 44830264.747329071 189764713.4877561 16738481.038095497 -20.373724084333613 11.293970101352926 4.4941028665515965 1337.6544553518993 0.080978261289430489 -0.04777849189580903 0.060483424973856788 0
2221 1 1 265507200 43067286.986159146 190727854.42083704 17125832.442177236 -20.43538562975565 11.001141898107502 4.472345352152665 1337.4049543218327 0.082385285548294718 -0.047408955441552415 0.064294600706846103 0
2222 1 1 265593600 41299126.212132484 191665742.52815768 17511298.99436523 -20.493710271674562 10.709415073072917 4.4504725297632524 1337.1489459210882 0.083751209450822484 -0.047035909477113287 0.06802671988613572 0
2223 1 1 265680000 39526068.40893054 192578473.24944898 17894870.855859682 -20.548751618781012 10.418796001677068 4.428487216568243 1336.8864594475658 0.085076408050905744 -0.046659521670329829 0.07167969255516006 0
2224 1 1 265766400 37748394.981432036 193466142.5444006 18276538.418812852 -20.600562056957504 10.129290350680499 4.4063919437469838 1336.617540149414 0.086361263402949098 -0.046279961845359964 0.075253500344903593 0
2225 1 1 265852800 35966382.860390827 194328846.83299237 18656292.282193299 -20.649192771746982 9.8409031140231544 4.3841889696892826 1336.3422472092666 0.087606165371878347 -0.045897401528677974 0.078748191782828256 0
2226 1 1 265939200 34180304.605185576 195166682.93885335 19034123.228767045 -20.694693770513254 9.5536386470910202 4.361880292638074 1336.0606519698031 0.088811512196616524 -0.045512013786236941 0.082163878466560189 0
2227 1 1 266025600 32390428.504668534 195979748.03551716 19410022.203148358 -20.737113904286193 9.267500699468556 4.3394676628198505 1335.7728363709437 0.089977710971939295 -0.045123972948076983 0.085500731899314494 0
2228 1 1 266112000 30597018.676140819 196768139.59544286 19783980.290878087 -20.776500889276033 8.9824924462423521 4.3169525941011413 1335.4788915719228 0.0911051781332088 -0.04473345453737651 0.088758980579644417 0
2229 1 1 266198400 28800335.162483759 197531955.34168023 20155988.698489662 -20.812901328044479 8.6986165179184471 4.2943363752050914 1335.1789167343984 0.092194339838821526 -0.044340635084088649 0.091938907595046512 0
2230 1 1 266284800 27000634.02747602 198271293.20206347 20526038.734526493 -20.846360730330439 8.415875029013403 4.2716200805181934 1334.8730179457866 0.093245632154174266 -0.043945692123216848 0.095040848349557588 0
2231 1 1 266371200 25198167.449326515 198986251.26581773 20894121.791476093 -20.876923533520127 8.134269605381176 4.2488045805114538 1334.5613072644846 0.094259501382691263 -0.043548803955675737 0.09806518863065021 0
2232 1 1 266457600 23393183.812454443 199676927.74247655 21260229.328588739 -20.904633122756124 7.8538014103326814 4.2258905517923759 1334.243901871241 0.095236404115399589 -0.043150149659985301 0.10101236259995949 0
2233 1 1 266544000 21585927.797547322 200343420.92300457 21624352.855549209 -20.929531850686356 7.5744711696004714 4.2028784868091194 1333.9209233129404 0.096176807317028379 -0.042749908913521803 0.10388285123756318 0
2234 1 1 266630400 19776640.469928548 200985829.14302912 21986483.916972607 -20.951661056846206 7.2962791952029482 4.1797687032195592 1333.5924968269608 0.097081188357576356 -0.042348261951439509 0.10667718048962689 0
2235 1 1 266716800 17965559.366266288 201604250.74808854 22346614.077695448 -20.971061086673263 7.0192254082617174 4.1565613529356913 1333.2587507360383 0.097950034959629589 -0.041945389304149143 0.10939591981511282 0
2236 1 1 266803200 16152918.579655288 202198784.06080839 22704734.908834916 -20.987771310155587 6.7433093608147781 4.1332564308611035 1332.9198159046953 0.098783845090495995 -0.041541471880976621 0.11203968061005129 0
2237 1 1 266889600 14338948.843103398 202769527.34991971 23060837.974589799 -21.001830140108634 6.468530256675928 4.1098537833268454 1332.575825249741 0.099583126941802783 -0.041136690600144382 0.1146091147324719 0
2238 1 1 266976000 12523877.611455049 203316578.80104151 23414914.819757845 -21.013275050084921 6.1948869713852641 4.0863531162375279 1332.2269132983508 0.10034839865409663 -0.040731226446496793 0.11710491306622935 0
2239 1 1 267062400 10707929.141782966 203840036.48914787 23766956.957944803 -21.022142591917195 5.9223780712878149 4.0627540029399691 1331.8732157879681 0.10108018823709347 -0.040325260222728886 0.11952780419962972 0
2240 1 1 267148800 8891324.5722802244 204339998.35264775 24116955.860441495 -21.028468412893716 5.6510018317861865 4.0390558918190465 1331.5148693032493 0.10177903331070108 -0.039918972467057938 0.12187855295509381 0
2241 1 1 267235200 7074281.9996839808 204816562.16900754 24464902.945745643 -21.032287272570105 5.3807562548037131 4.0152581136279997 1331.1520109458961 0.10244548092087695 -0.039512543249826594 0.12415795910303391 0
2242 1 1 267321600 5257016.5552624129 205269825.53184983 24810789.569706101 -21.033633059217074 5.1116390854930955 3.991359888566079 1330.7847780335148 0.10308008730888257 -0.039106152138133392 0.12636685607702858 0
2243 1 1 267408000 3439740.4793960927 205699885.82946399 25154607.016267702 -21.03253880591058 4.843647828227339 3.9673603331083269 1330.4133078245034 0.10368341760013824 -0.038699977948325484 0.12850610967533554 0
2244 1 1 267494400 1622663.1947845479 206106840.22466907 25496346.488795958 -21.029036706265224 4.5767797619080195 3.9432584665951831 1330.0377372661419 0.10425604560393707 -0.038294198677936847 0.13057661683212066 0
2245 1 1 267580800 -194008.62169112201 206490785.63597065 25835999.101960775 -21.023158129812014 4.3110319546185147 3.9190532175878574 1329.658202763437 0.10479855353348227 -0.037888991366913781 0.13257930434140752 0
2246 1 1 267667200 -2010070.9684191607 206851818.71995673 26173555.874159474 -21.014933637026797 4.046401277658032 3.8947434299955752 1329.2748399667159 0.1053115317203121 -0.037484531911614015 0.13451512766584386 0
2247 1 1 267753600 -3825322.449791579 207190035.85488012 26509007.720459748 -21.004392994013745 3.7828844189795037 3.8703278689870726 1328.8877835759506 0.10579557830751427 -0.037080995074647669 0.13638506984795443 0
2248 1 1 267840000 -5639564.2081923978 207505533.1253781 26842345.446044043 -20.99156518684503 3.520477896066073 3.8458052266849103 1328.4971671603796 0.10625129902120502 -0.036678554143645327 0.13819014017678399 0
2249 1 1 267926400 -7452599.8572101668 207798406.30828008 27173559.740136832 -20.976478435563234 3.2591780682675418 3.8211741276520339 1328.1031229919199 0.10667930680374951 -0.03627738107960387 0.13993137322271998 0
2250 1 1 268012800 -9264235.4160459079 208068750.85945892 27502641.170397334 -20.95916020784966 2.998981148620107 3.7964331341791722 1327.7057818910134 0.10708022160914504 -0.035877646231278218 0.14160982761757576 0
2251 1 1 268099200 -11074279.245087663 208316661.90168351 27829580.177760411 -20.939637232363442 2.7398832151839145 3.7715807513741915 1327.3052730839906 0.10745467001731289 -0.035479518244885655 0.1432265850202635 0
2252 1 1 268185600 -12882541.982623616 208542234.21342844 28154367.071709007 -20.917935511757943 2.4818802219106697 3.746615432060922 1326.9017240708836 0.10780328499345614 -0.035083164052833966 0.14478274898437452 0
2253 1 1 268272000 -14688836.48266588 208745562.21860552 28476992.02596169 -20.894080335374422 2.2249680090676276 3.7215355814928808 1326.4952605027377 0.10812670561296631 -0.034688748700497186 0.14627944397604967 0
2254 1 1 268358400 -16492977.753857335 208926739.97717577 28797445.074559852 -20.868096291621253 1.9691423132406713 3.6963395618892543 1326.0860060676764 0.10842557674076753 -0.03429643530325855 0.14771781433528025 0
2255 1 1 268444800 -18294782.899434712 209085861.17660925 29115716.108339097 -20.840007280045231 1.7143987769341256 3.6710256967944872 1325.6740823851344 0.10870054871617672 -0.033906384947066062 0.14909902324227461 0
2256 1 1 268531200 -20094071.058221396 209223019.12415713 29431794.871769916 -20.809836523096308 1.460732957788353 3.6455922752668584 1325.259608907568 0.10895227711862163 -0.033518756622764698 0.15042425173187393 0
2257 1 1 268617600 -21890663.346623644 209338306.73990482 29745670.960153054 -20.777606577592952 1.20814033743024 3.6200375559022944 1324.8427028290657 0.10918142241654169 -0.033133707214390275 0.15169469774226998 0
2258 1 1 268704000 -23684382.801604744 209431816.55057368 30057333.817155659 -20.743339345891201 0.95661632998024571 3.5943597706988943 1324.4234790003452 0.10938864977458104 -0.032751391300869293 0.15291157519028153 0
2259 1 1 268790400 -25475054.324611414 209503640.68404448 30366772.732674483 -20.70705608676381 0.70615629022901627 3.5685571287624485 1324.002049849785 0.10957462867709523 -0.032371961252861098 0.15407611296043905 0
2260 1 1 268876800 -27262504.62642806 209553870.86457276 30673976.841012534 -20.668777425997447 0.45675552149761528 3.5426278198616328 1323.5785253100312 0.1097400326650133 -0.031995567101093234 0.15518955412378749 0
2261 1 1 268963200 -29046562.172934372 209582598.40867081 30978935.119356684 -20.628523366706933 0.20840928320194263 3.5165700178341521 1323.1530127497979 0.10988553911980223 -0.031622356524175936 0.15625315489800751 0
2262 1 1 269049600 -30827057.131742124 209589914.2216312 31281636.386543047 -20.586313299374474 -0.038887201868869667 3.4903818838482903 1322.7256169105322 0.11001182892946128 -0.031252474844944013 0.15726818391269751 0
2263 1 1 269136000 -32603821.319687743 209575908.79466602 31582069.302098218 -20.542166011620697 -0.28513874054106014 3.464061569523861 1322.296439847732 0.11011958623253966 -0.030886064916644824 0.15823592120760666 0
2264 1 1 269222400 -34376688.151157625 209540672.20264265 31880222.365544118 -20.496099697711372 -0.53035016250084521 3.4376072199146166 1321.8655808766202 0.11020949811466497 -0.030523267194940414 0.15915765749813271 0
2265 1 1 269308800 -36145492.587223582 209484294.10239106 32176083.915954776 -20.448131967802627 -0.7745263137835714 3.4110169763596123 1321.433136521802 0.11028225441236929 -0.030164219678014206 0.16003469330114584 0
2266 1 1 269395200 -37910071.085565887 209406863.73156443 32469642.131753787 -20.398279856931161 -1.0176720504925443 3.3842889792027737 1320.9992004708217 0.11033854737669728 -0.029809057931255812 0.16086833812990917 0
2267 1 1 269481600 -39670261.551162452 209308469.90803272 32760885.030741233 -20.346559833755521 -1.2597922327356696 3.3574213703834057 1320.5638635314542 0.11037907144172249 -0.029457915038796106 0.16165990963560151 0
2268 1 1 269568000 -41425903.287722424 209189201.0297913 33049800.470338862 -20.292987809051926 -1.5008917187684885 3.3304122959034022 1320.1272135924539 0.11040452293265328 -0.029110921646608005 0.162410732898225 0
2269 1 1 269654400 -43176836.949843593 209049145.07536653 33336376.148043439 -20.237579143969189 -1.7409753593350175 3.3032599081733287 1319.6893355875957 0.11041559983837937 -0.028768205986159458 0.16312213957697705 0
2270 1 1 269740800 -44922904.495872572 208888389.60470271 33620599.60207738 -20.180348658047865 -1.9800479921935583 3.2759623682380812 1319.2503114629244 0.1104130015117436 -0.028429893871724406 0.1637954671740115 0
2271 1 1 269827200 -46663949.141447984 208707021.76051432 33902458.212226763 -20.121310637007159 -2.2181144368154126 3.2485178478872059 1318.8102201470144 0.11039742847478373 -0.028096108691012509 0.1644320582642772 0
2272 1 1 269913600 -48399815.313706532 208505128.27008873 34181939.200856745 -20.060478840306359 -2.4551794892516665 3.2209245316498709 1318.3691375241808 0.11036958205702425 -0.027766971535252365 0.16503325972064833 0
2273 1 1 270000000 -50130348.606132746 208282795.44752631 34459029.634094186 -19.997866508484634 -2.691247917155676 3.1931806186779954 1317.9271364105118 0.11033016422450234 -0.027442601132233829 0.16560042198794786 0
2274 1 1 270086400 -51855395.734033532 208040109.19640288 34733716.423168756 -19.933486370281358 -2.9263244549518022 3.1652843245192708 1317.484286532587 0.11027987726927826 -0.027123113973288107 0.1661348983161213 0
2275 1 1 270172800 -53574804.490618631 207777155.01284552 35005986.325902037 -19.867350649544509 -3.1604137991428156 3.1372338827828958 1317.0406545088231 0.11021942356422335 -0.026808624287953362 0.16663804406463717 0
2276 1 1 270259200 -55288423.703668721 207494017.98900604 35275825.948336177 -19.79947107192935 -3.3935206037473726 3.1090275466983144 1316.5963038333716 0.11014950529817029 -0.026499244178057137 0.16711121590785877 0
2277 1 1 270345600 -56996103.192773774 207190782.8169246 35543221.746492676 -19.729858871391773 -3.6256494758596727 3.0806635905691571 1316.1512948624861 0.11007082422744337 -0.026195083607854417 0.1675557711591435 0
2278 1 1 270432000 -58697693.72712332 206867533.79277176 35808160.028252363 -19.658524796480378 -3.8568049713221773 3.0521403111252416 1315.7056848032621 0.10998408140727003 -0.025896250519055794 0.16797306701305506 0
2279 1 1 270518400 -60393046.983832084 206524354.82145968 36070626.95534756 -19.585479116432825 -4.0869915905062335 3.0234560287721055 1315.2595277047672 0.10988997690311259 -0.025602850891043812 0.16836445982623435 0
2280 1 1 270604800 -62082015.506783858 206161329.42161354 36330608.545458235 -19.510731627079736 -4.3162137741922573 2.9946090887406034 1314.8128744514636 0.10978920953546474 -0.025314988840192156 0.16873130438755099 0
2281 1 1 270691200 -63764452.665977448 205778540.73089454 36588090.674402907 -19.434291656557665 -4.5444758995401209 2.9655978621370598 1314.3657727588734 0.10968247664627796 -0.025032766635956289 0.16907495318414378 0
2282 1 1 270777600 -65440212.617357858 205376071.51166812 36843059.078416184 -19.356168070837239 -4.7717822761469471 2.9364207468960575 1313.9182671714457 0.10957047378441927 -0.024756284909254182 0.16939675568953272 0
2283 1 1 270864000 -67109150.263117597 204954004.15700862 37095499.356504209 -19.276369279071549 -4.9981371421835741 2.9070761686341551 1313.4703990626899 0.10945389442722567 -0.024485642629757935 0.16969805756421613 0
2284 1 1 270950400 -68771121.212452158 204512420.69703448 37345396.972870082 -19.194903238764198 -5.2235446606014824 2.8775625814096615 1313.0222066373699 0.10933342976792876 -0.024220937280959302 0.16998020004130351 0
2285 1 1 271036800 -70425981.742754579 204051402.80556935 37592737.259400353 -19.111777460763133 -5.4480089154077564 2.8478784683868659 1312.573724935841 0.10920976836808781 -0.023962264940823395 0.17024451906140992 0
2286 1 1 271123200 -72073588.761233807 203571031.80712107 37837505.418205127 -19.026999014084574 -5.6715339079991445 2.8180223424037543 1312.1249858405577 0.10908359591462699 -0.023709720403299529 0.17049234460719087 0
2287 1 1 271209600 -73713799.766942859 203071388.68417552 38079686.524203137 -18.940574530569013 -5.8941235535508216 2.7879927464462675 1311.6760180846686 0.10895559489873793 -0.023463397302735382 0.17072499988775086 0
2288 1 1 271296000 -75346472.813202053 202552554.08480111 38319265.527743429 -18.852510209370685 -6.1157816774527705 2.7577882540286245 1311.2268472626631 0.10882644441680007 -0.023223388215571499 0.17094380064179798 0
2289 1 1 271382400 -76971466.470403045 202014608.33055815 38556227.257256158 -18.762811821287066 -6.3365120117884084 2.7274074694810344 1310.7774958431028 0.1086968197537911 -0.022989784803041952 0.17115005432725255 0
2290 1 1 271468800 -78588639.789179951 201457631.42471087 38790556.421924271 -18.671484712930269 -6.5563181918512559 2.6968490281425153 1310.3279831834832 0.10856739220958779 -0.022762677948289841 0.17134505935070657 0
2291 1 1 271555200 -80197852.263934672 200881703.06074071 39022237.614367574 -18.578533810740108 -6.7752037526796505 2.6661115964645719 1309.8783255470571 0.10843882872744393 -0.02254215776287893 0.17153010434958246 0
2292 1 1 271641600 -81798963.796702027 200286902.63115114 39251255.313331373 -18.483963624867251 -6.9931721257838442 2.6351938720024255 1309.4285361220841 0.10831179128225135 -0.022328316953759975 0.17170646696697803 0
2293 1 1 271728000 -83391834.662456885 199673309.23732451 39477593.884581208 -18.387778280449091 -7.2102266165609246 2.6040945389627983 1308.9786268451139 0.10818693973243644 -0.022121230675727938 0.17187541542434706 0
2294 1 1 271814400 -84976325.458557025 199041001.68887803 39701237.607753679 -18.289980989672461 -7.4263707577518998 2.5728131214958778 1308.5285737931831 0.10807498310068102 -0.021927765190923619 0.17205435922501386 0
2295 1 1 271900800 -86552297.006641865 198390058.46616545 39922170.779919945 -18.19057433872527 -7.6416082416943176 2.5413495262158494 1308.0783353535896 0.10792416178537839 -0.021713119549748486 0.17216046901959992 0
2296 1 1 271987200 -88119611.135890052 197720558.31934613 40140376.406052291 -18.089585803317028 -7.8559241186910596 2.5096631358617207 1307.6295164134419 0.10710473306283054 -0.02101269696485283 0.17118456392655296 0
2297 1 1 272073600 -89678133.047175914 197032582.03587148 40355832.361142926 -17.98705528198461 -8.0692941258126893 2.4776929825635325 1307.1845440045897 0.10591809423183229 -0.02005489156159132 0.16961453487204511 0
2298 1 1 272160000 -91227730.24731575 196326211.67398596 40568513.063850798 -17.882995090058767 -8.2817137670580916 2.4454218309407327 1306.744061781543 0.10477565370769375 -0.019131996275575949 0.1681092368887733 0
2299 1 1 272246400 -92768270.50093329 195601529.12507269 40778392.719405249 -17.777403656847763 -8.4931880215420925 2.4128544251393684 1306.3078235154558 0.10367165888445853 -0.018240985453192176 0.16666747964336273 0
2300 1 3 272262791.74089873 -93059507.56782566 195461982.98829955 40817892.707603857 -17.757197972528385 -8.5332024603345076 2.4066426864256352 1306.2255203686836 0 0 0 99
2301 1 1 272332800 -94299621.420899555 194858615.85460246 40985445.929474242 -17.670278236896667 -8.7037223176229315 2.3799960970185507 1305.8755501554058 0.10266245411925329 -0.017421029843703778 0.1653545146364041 0
2302 1 1 272419200 -95821625.472380906 194097540.10333654 41189619.083217546 -17.560999624982237 -8.9136375248234536 2.3461395446998496 1305.4538668001894 0.10169668001718118 -0.016635299844219711 0.1641208987397218 0
2303 1 1 272505600 -97334355.895077884 193318487.94229189 41391125.895571031 -17.458199376254221 -9.1185175807957517 2.3212730656126324 1304.7830267579081 -0.12261016627425995 0.098533888730616304 0.42161335355728574 0
2304 1 1 272592000 -98838593.598490939 192522008.47535136 41591004.313432246 -17.361792076871808 -9.3183784137423782 2.3054688899181794 1303.7617050122321 -0.12087116271388618 0.098719200621281242 0.42207189133237538 0
2305 1 1 272678400 -100334398.21220767 191708284.9743208 41789478.143538572 -17.263018222823167 -9.517666903116357 2.2888104255903188 1302.7705419407746 -0.11805098593904577 0.098615996997057406 0.42289342611950781 0
2306 1 1 272764800 -101821592.06797527 190877381.14211595 41986506.791101798 -17.16247195995112 -9.7160693334139694 2.2720138948210589 1301.7793775665307 -0.11546681267311769 0.098646421986530869 0.42359921931038358 0
2307 1 1 272851200 -103300022.66491751 190029373.98613644 42182077.937527746 -17.060164947739541 -9.9135762715603377 2.2550713803693498 1300.7882134148106 -0.11287617444618818 0.098724990402621504 0.4242786177883538 0
2308 1 1 272937600 -104769537.84550227 189164341.11023071 42376178.819461465 -16.956096640660981 -10.110182233251262 2.2379793410533897 1299.7970492558588 -0.1102886760099146 0.098855254292533432 0.42492828411714212 0
2309 1 1 273024000 -106229985.44810756 188282360.61764893 42568796.347595051 -16.850267346225557 -10.305881194917321 2.2207338255104059 1298.8058850968778 -0.10770540612748329 0.099037589987024777 0.42554800112381674 0
2310 1 1 273110400 -107681213.33120148 187383511.1398617 42759917.089434691 -16.742677223770521 -10.500666951805407 2.2033308403941003 1297.8147209378644 -0.10512744563682809 0.099272381380705196 0.42613755346000615 0
2311 1 1 273196800 -109123069.36168365 186467871.85272947 42949527.265270174 -16.633326309352896 -10.694533106610738 2.1857663415987898 1296.8235567788211 -0.10255586818732162 0.099560021320395861 0.42669672608894837 0
2312 1 1 273283200 -110555401.40429042 185535522.49325535 43137612.743778795 -16.522214517046738 -10.88747306675385 2.168036234001649 1295.8323926197436 -0.099991740109304575 0.099900912888494939 0.42722530298890143 0
2313 1 1 273369600 -111978057.31110778 184586543.37657982 43324159.037603103 -16.409341640139395 -11.079480041526653 2.1501363711151571 1294.8412284606302 -0.097436119909858065 0.10029547016305983 0.42772306601547994 0
2314 1 1 273456000 -113390884.91118166 183621015.41322938 43509151.298894346 -16.294707352166373 -11.270547039008392 2.132062554636732 1293.8500643014854 -0.094890056990144689 0.10074412136289136 0.42818979331042689 0
2315 1 1 273542400 -114793731.35924731 182639020.88859916 43692574.278524458 -16.178295309884497 -11.460647963627501 2.1138096338723771 1292.8588970784251 -0.092354598664985174 0.10124730148774673 0.42862525829316084 0
2316 1 1 273628800 -116186449.81276578 181640635.78001055 43874413.242345221 -16.060329926729068 -11.65003668409998 2.0953994924809836 1291.8672825642416 -0.095542434506263652 0.095015716891923258 0.42935260189281521 0
2317 1 1 273715200 -117568911.01835118 180625913.7476092 44054649.697068311 -15.940782935822437 -11.838751338809601 2.0766540120310268 1290.8811914807873 -0.092231130949908313 0.094366706105746601 0.4248528301772177 0
2318 1 1 273801600 -118940963.61445959 179594925.54580069 44233242.571937837 -15.819386015603598 -12.026569477939113 2.0573420406451701 1289.9080697604688 -0.088509485002500346 0.093656064434506497 0.41930633076740259 0
2319 1 1 273888000 -120302447.75407803 178547748.01321286 44410141.318128951 -15.696143551713767 -12.213503061953816 2.0374380941827237 1288.9486525341058 -0.084885432047841547 0.09299886309562759 0.41379162222479315 0
2320 1 1 273974400 -121653204.22988334 177484457.92347506 44585294.88193199 -15.571061137473114 -12.399544047932393 2.0169441239871579 1288.0026672119145 -0.081357738299736027 0.09239340174157612 0.40830856188770176 0
2321 1 1 274060800 -122993074.24077737 176405132.73206392 44758652.239561424 -15.444142677587902 -12.584684673475412 1.9958590704471626 1287.0699507923964 -0.077925205667988703 0.091837948832888774 0.40285694328123728 0
2322 1 1 274147200 -124321899.31141971 175309850.56718278 44930162.275365971 -15.315391807569542 -12.768917127607073 1.9741818657991133 1286.1503435070376 -0.074586617521527981 0.091330808319917897 0.3974364963590763 0
2323 1 1 274233600 -125639521.26884806 174198690.23422161 45099773.780906424 -15.18481189100379 -12.952233544717396 1.9519114291265658 1285.243688878043 -0.071340744233787362 0.090870316444640081 0.39204689099242562 0
2324 1 1 274320000 -126945782.21888332 173071731.22073102 45267435.45361083 -15.052406017247439 -13.134625998659237 1.9290466615609052 1284.3498337686783 -0.06818634623411339 0.090454841828313176 0.38668773946353208 0
2325 1 1 274406400 -128240524.52234322 171929053.70191309 45433095.895025417 -14.918176999317733 -13.316086496712723 1.9055864417677681 1283.4686284232266 -0.065122177690253594 0.090082784585113859 0.38135860250571346 0
2326 1 1 274492800 -129523590.77108586 170770738.54663047 45596703.608695745 -14.782127372065023 -13.496606973647124 1.8815296219083388 1282.5999264920008 -0.062146990825207492 0.089752573252850174 0.37605899581698604 0
2327 1 1 274579200 -130794823.76405203 169596867.32408386 45758206.998638906 -14.644259394096773 -13.676179281535767 1.8568750467533641 1281.743584279624 -0.059259527297338827 0.089462700270023718 0.3707883832797067 0
2328 1 1 274665600 -132054066.48025846 168407522.30930972 45917554.350758091 -14.504574955974215 -13.854795241634498 1.8316210259924832 1280.8994780846979 -0.056457114856160728 0.089210685292084771 0.36553792674664692 0
2329 1 1 274752000 -133301162.05664445 167202786.49198794 46074693.841746323 -14.363075977469242 -14.03244639550759 1.8057676213624139 1280.0674285484849 -0.053750653742992725 0.089002197868393515 0.36037773246835264 0
2330 1 1 274838400 -134535953.84413499 165982743.62924713 46229574.014471851 -14.21976569032705 -14.209123356348911 1.7793245251951504 1279.2469431040997 -0.051167168398119925 0.088849177475309876 0.35548221171238203 0
2331 1 1 274924800 -135758285.47627121 164747478.29322252 46382144.36415004 -14.074646598463763 -14.384817114000036 1.7522993023333713 1278.4376051034892 -0.048665096164399603 0.088723590942447514 0.35061839239237058 0
2332 1 1 275011200 -136968000.69145477 163497075.77517244 46532354.458596878 -13.927718984699485 -14.559519789713265 1.7246880655692616 1277.639377706935 -0.046232972782250137 0.088617722330708318 0.34572012783078881 0
2333 1 1 275097600 -138164943.22618237 162231622.04325214 46680153.430127576 -13.778982662061459 -14.73322351261592 1.6964854591886491 1276.8522733888949 -0.043871859390725985 0.08853104383389665 0.340795931923561 0
2334 1 1 275184000 -139348956.79537407 160951203.75362399 46825489.975459546 -13.628437301281425 -14.905920236831205 1.6676866580042473 1276.0762884017479 -0.041581599320010106 0.088462265965159589 0.33584712202878914 0
2335 1 1 275270400 -140519885.07578129 159655908.26332679 46968312.376836784 -13.476082347416181 -15.077601782690754 1.6382868944013165 1275.3114182871082 -0.039361981791409775 0.088410143888344145 0.33087502489192322 0
2336 1 1 275356800 -141677571.68641838 158345823.64227292 47108568.50799574 -13.321917018136256 -15.248259827104063 1.6082814801735252 1274.5576571239833 -0.037212754336981256 0.088373444243511096 0.32588099640937879 0
2337 1 1 275443200 -142821860.16871822 157021038.68591771 47246205.841123074 -13.165940299129936 -15.417885897036646 1.5776658087496258 1273.8149974285518 -0.035133622452908193 0.088350949808991733 0.32086642037774482 0
2338 1 1 275529600 -143952593.96628711 155681642.92851621 47381171.454002216 -13.00815093941025 -15.586471362496058 1.5464353573657059 1273.0834300525405 -0.033124249626907513 0.088341459984413076 0.31583270959896259 0
2339 1 1 275616000 -145069616.40425217 154327726.6569961 47513412.037350573 -12.848547446619087 -15.754007429255577 1.5145856892984915 1272.3629440781936 -0.031184258424806686 0.088343791885000328 0.31078130621885752 0
2340 1 1 275702400 -146172770.66820461 152959380.92547238 47642873.902351856 -12.687128082327199 -15.920485131293503 1.4821124561594743 1271.6535267097534 -0.02931323050526561 0.088356780965060985 0.30571368291834372 0
2341 1 1 275788800 -147261899.78273517 151576697.57042748 47769502.988389611 -12.523890857320206 -16.085895322942125 1.4490114002447447 1270.9551631617092 -0.027510707416984387 0.088379282114333144 0.30063134309999578 0
2342 1 1 275875200 -148336846.58956328 150179769.22658271 47893244.870985344 -12.358833526892631 -16.25022867073351 1.4152783569312744 1270.2678365440318 -0.02577619105345804 0.088410170419901971 0.29553582184061067 0
2343 1 1 275961600 -149397453.72525907 148768689.34348711 48014044.769946374 -12.19195358613689 -16.413475644941144 1.3809092571303017 1269.591527744197 -0.02410914408990323 0.088448342099827645 0.29042868632158758 0
2344 1 1 276048000 -150443563.59855846 147343552.20285118 48131847.557727993 -12.023248265237532 -16.575626510818946 1.345900129799505 1268.9262153060636 -0.022508990603708388 0.088492715068413899 0.28531153683740751 0
2345 1 1 276134400 -151475018.36727223 145904452.93664992 48246597.76801572 -11.852714524779159 -16.736671319509927 1.3102471045215813 1268.2718753052195 -0.020975116651088217 0.088542230345543801 0.28018600736287785 0
2346 1 1 276220800 -152491659.91479051 144451487.54602763 48358239.604532123 -11.68034905106782 -16.896599898624945 1.2739464141227319 1267.6284812217586 -0.019506870794865173 0.08859585243810536 0.27505376594334602 0
2347 1 1 276307200 -153493329.82618332 142984752.92102918 48466716.950072616 -11.506148251461164 -17.055401842485637 1.2369943973647108 1266.9960038095389 -0.01810356450260113 0.088652570691657689 0.26991651602006883 0
2348 1 1 276393600 -154479869.36389858 141504346.861191 48571973.375776991 -11.330108249731111 -17.21306650201943 1.199387501693179 1266.3744109624488 -0.016764473137782853 0.088711399752871817 0.26477599642222743 0
2349 1 1 276480000 -155451119.44306111 140010368.09701902 48673952.150640026 -11.152224881445633 -17.369582974298016 1.161122286043585 1265.7636675777549 -0.01548883598124378 0.088771380929627317 0.25963398268866866 0
2350 1 1 276566400 -156406920.60637307 138502916.31238756 48772596.25126829 -10.972493689385724 -17.52494009170973 1.1221954237133622 1265.1637354163165 -0.014275857487227745 0.088831582655460137 0.25449228724268091 0
2351 1 1 276652800 -157347112.99862081 136982092.16788843 48867848.371886745 -10.790909918996011 -17.679126410758652 1.0826037052906632 1264.5745729600965 -0.013124707182731413 0.088891101825237004 0.24935276046413671 0
2352 1 1 276739200 -158271536.34078944 135447997.32516599 48959650.934601694 -10.607468513875986 -17.832130200469596 1.0423440416449026 1263.9961352668017 -0.01203452099891999 0.088949064501250077 0.24421729093613179 0
2353 1 1 276825600 -159180029.90379101 133900734.47226967 49047946.099923901 -10.422164111326701 -17.983939430401414 1.0014134669673953 1263.4283738222391 -0.011004401386986686 0.089004626980749693 0.23908780624208054 0
2354 1 1 276912000 -160072432.4818089 132340407.35006101 49132675.777557656 -10.234991037933263 -18.13454175824825 0.95980914188688449 1262.871236389728 -0.010033418107478381 0.089056976712272473 0.23396627374987514 0
2355 1 1 276998400 -160948582.36526406 130767120.77970919 49213781.637461662 -10.045943305221323 -18.283924517027089 0.91752835663964427 1262.3246668574006 -0.0091206091101004323 0.089105333161889094 0.2288547008807901 0
2356 1 1 277084800 -161808317.3134084 129180980.69131173 49291205.121185489 -9.8550146053797363 -18.432074701833528 0.87456853427987913 1261.7886050839709 -0.0082649810298961006 0.089148948895058436 0.22375513549567727 0
2357 1 1 277171200 -162651474.52655172 127582094.1536794 49364887.453485832 -9.6621983070461965 -18.578978956151133 0.83092723394914558 1261.2629867426094 -0.0074655098434292817 0.089187110513057902 0.21866966655557046 0
2358 1 1 277257600 -163477890.61792749 125970569.40532312 49434769.654227488 -9.4674874511746054 -18.724623557712214 0.78660215419632051 1260.747743163548 -0.0067211416738782604 0.089219139513801365 0.2136004242726858 0
2359 1 1 277344000 -164287401.58520579 124346515.88668223 49500792.550573334 -9.2708747469950108 -18.868994403888934 0.74159113634339002 1260.2428011757697 -0.006030793562124449 0.08924439341154751 0.20854958055186001 0
2360 1 1 277430400 -165079842.7816613 122710044.27363604 49562896.789466225 -9.0723525680631578 -19.012076996610606 0.69589216787233465 1259.7480829489889 -0.0053933540579615682 0.08926226639978728 0.20351934848992279 0
2361 1 1 277516800 -165855048.88700411 121061266.51233909 49621022.850404516 -8.8719129484199328 -19.153856426792142 0.64950338585017331 1259.2635058358228 -0.0048076842802878359 0.089272190499509824 0.19851198312873197 0
2362 1 1 277603200 -166612853.87788346 119400295.85542342 49675111.058515675 -8.6695475788549405 -19.294317358260152 0.60242308038142756 1258.7889822149521 -0.004272618214823983 0.089273636211976592 0.19352978058487505 0
2363 1 1 277689600 -167353090.99807385 117727246.89961195 49725101.597927153 -8.4652478032928418 -19.433444011167722 0.55464969804662079 1258.3244193371424 -0.0037869640351596619 0.089266113533530173 0.18857507771581283 0
2364 1 1 277776000 -168075592.72835484 116042235.62478715 49770934.525434814 -8.2590046153242564 -19.571220144883867 0.50618184534697763 1257.8697191741524 -0.0033495047070210516 0.089249172548216002 0.18365025156034645 0
2365 1 1 277862400 -168780190.75609672 114345379.43456069 49812549.784467965 -8.0508086548599618 -19.707629040360573 0.45701829212265976 1257.4247782724958 -0.0029589986114186293 0.089222404020213211 0.17875771810244492 0
2366 1 1 277948800 -169466715.94456384 112636797.19839031 49849887.21934782 -7.8406502049447173 -19.842653481944982 0.40715797492037603 1256.9894876133769 -0.0026141807813149518 0.089185440334293639 0.17389993096337131 0
2367 1 1 278035200 -170134998.30195016 110916609.29529224 49882886.589834474 -7.6285191887432964 -19.976275738639874 0.35660000030628425 1256.5637324801114 -0.0023137635922323724 0.089137955595281246 0.16907937985466079 0
2368 1 1 278121600 -170784866.95016095 109184937.65919597 49911487.585956246 -7.4144051666893365 -20.10847754481782 0.30534364807792291 1256.1473923357958 -0.0020564375452171301 0.089079665992878282 0.16429858796135724 0
2369 1 1 278208000 -171416150.09335616 107441905.82599017 49935629.843111016 -7.1982973338325325 -20.239240080360421 0.2533883743468589 1255.7403407130582 -0.0018408725070770281 0.089010330109661556 0.159560109477071 0
2370 1 1 278294400 -172028674.98627499 105687638.98230916 49955252.957427904 -6.9801845173819723 -20.368543950225526 0.20073381447620928 1255.3424451180035 -0.0016657181955790799 0.08892974873832972 0.15486652631118586 0
2371 1 1 278380800 -172622267.90235499 103922264.01610987 49970296.501373939 -6.7600551744684392 -20.496369163443482 0.14737978580203029 1254.9535669521442 -0.0015296056600822999 0.088837764633216257 0.15022044366850837 0
2372 1 1 278467200 -173196754.10166946 102145909.56908762 49980700.039585583 -6.5378973901435087 -20.622695111541553 0.093326290121320571 1254.5735614547009 -0.0014311478647286648 0.08873426178171713 0.14562448595562788 0
2373 1 1 278553600 -173751957.79870212 100358706.09098102 49986403.144903302 -6.3136988756122889 -20.747500546401451 0.038573515875215909 1254.2022776694373 -0.0013689407882731754 0.088619164483774493 0.14108129032111422 0
2374 1 1 278640000 -174287702.12997976 98560785.895814598 49987345.414579019 -6.087446966739277 -20.870763557539629 -0.016878160021152524 1253.8395584394145 -0.001341564577632485 0.088492436239550692 0.13659350099568218 0
2375 1 1 278726400 -174803809.12158814 96752283.22012873 49983466.486625314 -5.8591286228359003 -20.992461548834463 -0.073028170750995686 1253.4852404337464 -0.0013475845152917069 0.088354077640906706 0.13216376122624482 0
2376 1 1 278812800 -175300099.65659708 94933334.283244163 49974706.05626718 -5.6287304257504367 -21.112571214695251 -0.12987575865277506 1253.1391542109511 -0.0013855522509401612 0.088204124674784487 0.12779470518715791 0
2377 1 1 278899200 -175776393.44241858 93104077.349609107 49961003.892452486 -5.3962385792723078 -21.231068515695416 -0.18741997482978898 1252.8011243236269 -0.0014540066520949094 0.088042645369901223 0.12348894778081272 0
2378 1 1 278985600 -176232508.97812971 91264652.793273821 49942299.854369134 -5.1616389088794445 -21.347928653691756 -0.24565967937692307 1252.4709694690494 -0.001551475286981878 0.087869736847202354 0.1192490745028536 0
2379 1 1 279072000 -176668263.52178869 89415203.164537251 49918533.907914288 -4.9249168618548094 -21.463126046426293 -0.30459354229554175 1252.1485026899677 -0.0016764754491082965 0.087685521241884307 0.11507762898260972 0
2380 1 1 279158400 -177083473.05777723 87555873.258808836 49889646.142050549 -4.68605750779105 -21.576634301653662 -0.36422004519916107 1251.8335316313573 -0.0018275156114589055 0.087490140961082957 0.11097709989442299 0
2381 1 1 279244800 -177477952.2642059 85686810.187726244 49855576.784979604 -4.4450455395095956 -21.688426190797738 -0.42453748383974577 1251.5258588560357 -0.0020030965685228536 0.087283753657094801 0.10694990719704615 0
2382 1 1 279331200 -177851514.48041525 83808163.452568591 49816266.220059186 -4.2018652744241924 -21.798473622157342 -0.48554397154445078 1251.2252822235453 -0.0022017130792622054 0.087066526163757596 0.10299838640458776 0
2383 1 1 279417600 -178203971.67461768 81920085.020003334 49771655.001381107 -3.9565006563820884 -21.906747613691156 -0.54723744362523508 1250.9315953356988 -0.002421855226479449 0.086838627873139257 0.099124772820959314 0
2384 1 1 279504000 -178535134.41171804 80022729.400201961 49721683.868925393 -3.7089352580021981 -22.013218265391 -0.60961566278830859 1250.6445880503068 -0.0026620099481917668 0.086600223582794705 0.095331184693557711 0
2385 1 1 279590400 -178844811.8213602 78116253.727360934 49666293.763202302 -3.459152283561242 -22.117854731240595 -0.67267622558890039 1250.3640470640846 -0.0029206629774226945 0.086351466058524659 0.091619605998120093 0
2386 1 1 279676800 -179132811.56624797 76200817.842662543 49605425.83929123 -3.2071345724597111 -22.220625190771447 -0.73641656993082039 1250.0897565640444 -0.0031963004780999633 0.086092487747632632 0.087991869266909828 0
2387 1 1 279763200 -179398939.81079087 74276584.379711181 49539021.480186701 -2.9528646032958483 -22.321496820209035 -0.80083398360227409 1249.8214989451901 -0.0034874109590213491 0.085823392662635278 0.084449638372357333 0
2388 1 1 279849600 -179643001.19013089 72343718.852481321 49467022.30936373 -2.6963244985998593 -22.420435763168769 -0.86592561380640531 1249.5590555898207 -0.0037924874101390674 0.085544248255177605 0.080994392248661215 0
2389 1 1 279936000 -179864798.77960715 70402389.745818242 49389370.202479377 -2.4374960302732167 -22.517407100871448 -0.93168847760549267 1249.3022077019982 -0.0041100295050702984 0.085255077259874995 0.077627409600154088 0
2390 1 1 280022400 -180064134.06472418 68452768.60853447 49306007.298135273 -2.1763606257702466 -22.612374821828006 -0.99811947319926164 1249.050737189348 -0.00443854579052532 0.084955850062094967 0.074349754663537257 0
2391 1 1 280108800 -180240806.91168642 66495030.149151579 49216876.007634498 -1.9128993750753951 -22.705301790903334 -1.0652153919009006 1248.8044275812458 -0.0047765562693583199 0.084646478021590602 0.07116226540784161 0
2392 1 1 280195200 -180394615.53857303 64529352.33434473 49121919.023679301 -1.6470930385325029 -22.796149717671156 -1.1329729306475085 1248.5630649710924 -0.0051225949682287093 0.084326807372326243 0.068065543584211824 0
2393 1 1 280281600 -180525356.48722669 62555916.490156204 49021079.32797166 -1.3789220555634878 -22.884879123938941 -1.2013887048531771 1248.326438968501 -0.0054752124078773804 0.083996614887620641 0.065059947945373398 0
2394 1 1 280368000 -180632824.59593734 60574907.406055845 48914300.19769536 -1.1083665543456473 -22.971449310305751 -1.2704592614195971 1248.0943436466043 -0.0058329786945189779 0.083655604554084592 0.062145589247383837 0
2395 1 1 280454400 -180716812.97300458 58586513.441937305 48801525.210874841 -0.83540636249294131 -23.055818321612431 -1.3401810916774501 1247.8665784687751 -0.0061944859111167138 0.08330340617196276 0.059322329449515133 0
2396 1 1 280540800 -180777112.97126821 56590926.638154037 48682698.250628017 -0.56002101880417976 -23.137942911098293 -1.4105506440140323 1247.6429491779306 -0.006558351440718176 0.082939576014286309 0.05658978311748649 0
2397 1 1 280627200 -180813514.16370323 54588342.828713998 48557763.508349128 -0.28218978614891888 -23.217778503101886 -1.4815643359807338 1247.4232686335733 -0.0069232206607888905 0.082563598927315296 0.053947322120415843 0
2398 1 1 280713600 -180825804.32017836 52578961.757766359 48426665.485876143 -0.0018916655328643146 -23.295279154116535 -1.5532185656448874 1247.2073575815371 -0.0072877698260173608 0.082174893085876083 0.051394083100967589 0
2399 1 1 280800000 -180813769.3854838 50562987.19953154 48289348.996717684 0.28089458856757948 -23.37039751200259 -1.6255097219806407 1246.9950453429383 -0.0076507092991900082 0.08177281636132569 0.048928977447372103 0
2400 1 1 280886400 -180777193.45874178 48540627.081840687 48145759.166430458 0.5661904515361732 -23.443084773193373 -1.6984341941206891 1246.7861704117763 -0.0080107863321471906 0.081356674520674577 0.046550703249318003 0
2401 1 1 280972800 -180715858.77431712 46512093.613466546 47995841.432252117 0.85401761053786129 -23.513290637690375 -1.7719883792998274 1246.5805809513197 -0.0083667882920701268 0.080925731912335125 0.044257759360367674 0
2402 1 1 281059200 -180629545.6843538 44477603.415444553 47839541.542109601 1.1443979449350692 -23.580963261678122 -1.8461686893625642 1246.3781351826904 -0.0087175457874290024 0.080479223132390351 0.042048460284251431 0
2403 1 1 281145600 -180518032.64307243 42437377.656596504 47676805.553130306 1.4373535051052444 -23.646049207597091 -1.9209715557440985 1246.1787016615331 -0.0090619361135919063 0.080016366893182839 0.039920952089792079 0
2404 1 1 281232000 -180381096.19297099 40391642.193483651 47507579.829791836 1.7329064895521868 -23.708493391517504 -1.9963934328512871 1245.982159440583 -0.0093988867834425508 0.079536380693689429 0.037873228515719538 0
2405 1 1 281318400 -180218510.95308039 38340627.715028331 47331811.041849516 2.0310792201903101 -23.768239027666453 -2.0724307998179055 1245.7883981182615 -0.0097273795912608887 0.079038497421181422 0.035903146790899336 0
2406 1 1 281404800 -180030049.60944027 36284569.892056957 47149446.162182957 2.3318941156569282 -23.825227569962919 -2.1490801606306418 1245.5973177748408 -0.010046455194638633 0.078521982625802692 0.034008442907051836 0
2407 1 1 281491200 -179815482.90797061 34223709.532027811 46960432.46470134 2.6353736625045427 -23.879398650445644 -2.2263380426484831 1245.4088287998156 -0.010355218192235493 0.077986153001759942 0.032186745803068344 0
2408 1 1 281577600 -179574579.64993012 32158292.739217967 46764717.522444122 2.9415403840984293 -23.930690014448484 -2.3042009935681493 1245.2228516141001 -0.010652843239016472 0.077430396207990429 0.030435590120128583 0
2409 1 1 281664000 -179307106.69016904 30088571.080655895 46562249.206008688 3.2504168070043864 -23.97903745240324 -2.3826655769051808 1245.0393162917346 -0.010938582482876352 0.076854191329132973 0.028752427310569189 0
2410 1 1 281750400 -179012828.93840191 28014801.758096665 46352975.682429664 3.5620254246496765 -24.024374728145048 -2.4617283660709877 1244.858162085726 -0.011211773981249349 0.076257130830016326 0.027134634912816421 0
2411 1 1 281836800 -178691509.36374694 25937247.786347847 46136845.414627038 3.876388657999998 -24.066633503569086 -2.5413859371515541 1244.67933686175 -0.011471852252808968 0.075638943824268501 0.025579523446414135 0
2412 1 1 281923200 -178342909.00280261 23856178.178267937 45913807.161529973 4.1935288129575321 -24.10574325949614 -2.6216348605024695 1244.5027964430703 -0.011718360609427953 0.074999520758755947 0.024084341134330483 0
2413 1 1 282009600 -177966786.97155777 21771868.136771653 45683809.978973992 4.5134680341479338 -24.141631212576009 -2.7024716912748485 1244.3285038683084 -0.011950966397127142 0.074338940216874566 0.022646276127630739 0
2414 1 1 282096000 -177562900.48146442 19684599.254193075 45446803.221458144 4.8362282547238307 -24.174222228033479 -2.783892959002702 1244.1564285620152 -0.01216947887077926 0.073657497886369605 0.021262456058175991 0
2415 1 1 282182400 -177131004.86003494 17594659.719374597 45202736.544837371 5.1618311417636145 -24.203438728046404 -2.8658951563957902 1243.9865454163839 -0.012373871047741436 0.072955738244772875 0.019929944649157826 0
2416 1 1 282268800 -176670853.57636321 15502344.532869639 44951559.91001223 5.4902980367818515 -24.229200595497012 -2.9484747274800767 1243.8188337794224 -0.012564305605008279 0.072234489822742928 0.018645735561749227 0
2417 1 1 282355200 -176182198.27201685 13407955.73067194 44693223.587665908 5.8216498908071781 -24.251425072800647 -3.0316280552424835 1243.6532763422697 -0.012741166143570981 0.071494904371515747 0.017406742818690771 0
2418 1 1 282441600 -175664788.79779527 11311802.616910178 44427678.164084196 6.1559071934095018 -24.2700266554824 -3.1153514489514422 1243.4898579155779 -0.012905094207641705 0.070738500799755549 0.016209787963422061 0
2419 1 1 282528000 -175118373.25690612 9214202.0059786234 44154874.548078358 6.4930898949806251 -24.284916980103212 -3.1996411313279731 1243.3285640807051 -0.013057033532414853 0.069967215072583314 0.015051583554852983 0
2420 1 1 282614400 -174542698.05517587 7115478.4746113401 43874763.97901646 6.8332173214637075 -24.29600470607944 -3.2844932257571511 1243.1693796974741 -0.013198282641187435 0.06918345672666816 0.013928712878287394 0
2421 1 1 282700800 -173937507.95898744 5015964.6244489606 43587298.035950415 7.1763080806315207 -24.303195390888838 -3.3699037437425612 1243.0122872461318 -0.013330557010396392 0.068390173125872894 0.012837605523883808 0
2422 1 1 282787200 -173302546.16171509 2916001.3556943433 43292428.647808962 7.522379958895133 -24.30639135807132 -3.4558685728101954 1242.8572649756104 -0.013456062464870676 0.067590922902344877 0.011774508947525342 0
2423 1 1 282873600 -172637554.35952616 815938.1525076176 42990108.104609303 7.8714498074955968 -24.305491557372143 -3.5423834650628749 1242.7042848248368 -0.013577581295535981 0.066789959216600525 0.010735455933643046 0
2424 1 1 282960000 -171942272.83751944 -1283866.6191505492 42680289.069622628 8.2235334168071024 -24.300391416321833 -3.6294440265667518 1242.5533100783191 -0.013698572629974039 0.065992324049659323 0.0097162284945169399 0
2425 1 1 283046400 -171216440.56728676 -3383045.4004553985 42362924.592415817 8.5786453773537232 -24.290982682507241 -3.717045707703035 1242.4042927113917 -0.013823288488840419 0.065203953761782465 0.0087123189493112894 0
2426 1 1 283132800 -170459795.31711105 -5481221.1145982901 42037968.122682966 8.9367989260572678 -24.277153255808777 -3.8051837945269296 1242.257170376221 -0.013956905893424963 0.064431795470638084 0.0077188899539879568 0
2427 1 1 283219200 -169672073.77613968 -7578006.8267156864 41705373.524783388 9.2980057761978951 -24.258787009980843 -3.8938534010195771 1242.1118629774578 -0.014105674947624693 0.063683932186904074 0.0067307361005857361 0
2428 1 1 283305600 -168853011.69400775 -9673005.387926627 41365095.092922322 9.6622759296311642 -24.235763603172533 -3.9830494618701389 1241.9682687881316 -0.014277080322973644 0.062969712753429302 0.0057422515052485898 0
2429 1 1 283392000 -168002344.03749537 -11765809.062520893 41017087.566957325 10.029617470058113 -24.207958277440756 -4.0727667250564785 1241.8262600666903 -0.014480010600587283 0.062299877919298786 0.0047474094529603239 0
2430 1 1 283478400 -167119805.16589344 -13855999.137375763 40661306.148896754 10.40003633666147 -24.175241648082828 -4.1629997429729588 1241.6856781593219 -0.014724925202873034 0.061686669457393956 0.0037397628307617235 0
2431 1 1 283564800 -166205129.02677149 -15943145.512798203 40297706.520295002 10.773536078325073 -24.137479484800394 -4.2537428601611618 1241.5463281133909 -0.015024002187059104 0.061143901774567522 0.0027124762852986759 0
2432 1 1 283651200 -165258049.37376702 -18026806.274235819 39926244.860951602 11.150117590094425 -24.09453248850258 -4.3449901948539873 1241.4079728982776 -0.015391241301971819 0.060686965810522582 0.0016584031178208335 0
2433 1 1 283737600 -164278300.00778511 -20106527.244729798 39546877.869603112 11.52977883563231 -24.046256069990555 -4.4367356106035256 1241.2703274348421 -0.01584248708698404 0.060332726545360635 0.00057022030980050586 0
2434 1 1 283824000 -163265615.04256105 -22181841.518651027 39159562.787657171 11.912514562170783 -23.992500139856851 -4.5289726734082469 1241.1330527791044 -0.016395328099503503 0.060099265813740602 -0.00055936794946464944 0
2435 1 1 283910400 -162219729.19483477 -24252268.978216778 38764257.427440137 12.298316017735418 -23.933108922405712 -4.6216945892478298 1240.9957509833764 -0.017068822968194203 0.06000542185806465 -0.0017373550954191078 0
2436 1 1 283996800 -161140378.09840015 -26317315.795533739 38360920.206866041 12.687170683678128 -23.867920809571888 -4.7148941171781455 1240.8579613427567 -0.017883010842666462 0.060070087008158926 -0.0029700965019350744 0
2437 1 1 284083200 -160027298.64005455 -28376473.924386308 37949510.192802399 13.07906203785832 -23.796768272602751 -4.8085634545205425 1240.7191588769706 -0.018858185359167307 0.060311255646516432 -0.0042629423548567174 0
2438 1 1 284169600 -158880229.31412303 -30429220.587501895 37529987.155599862 13.473969363873987 -23.71947784815843 -4.9026940934353718 1240.578755920717 -0.020013954235454049 0.060744866581684716 -0.0056198885407730227 0
2439 1 1 284256000 -157698910.59102622 -32475017.766267411 37102311.637150146 13.871867618233184 -23.635870210140975 -4.9972766520899317 1240.4361075204606 -0.021368164525052438 0.061383551302187214 -0.0070433066268841349 0
2440 1 1 284342400 -156483085.294633 -34513311.700447276 36666445.034372866 14.272727359699051 -23.545760328554785 -5.0923006879216954 1240.2905209184173 -0.022935831285694052 0.062235461840071456 -0.0085338118496105404 0
2441 1 1 284428800 -155232498.98322952 -36543532.405005321 36222349.699226081 14.676514734120877 -23.448957703400648 -5.1877545038832702 1240.1412687872642 -0.0247282393816361 0.063303379664359255 -0.010090304199894725 0
2442 1 1 284515200 -153946900.33002257 -38565093.209506109 35769989.055323146 15.083191496439659 -23.345266648271696 -5.2836249597651035 1239.9876052064835 -0.026752373893140991 0.064584277985688374 -0.011710180667740168 0
2443 1 1 284601600 -152626041.50109211 -40577390.322942786 35309327.73024004 15.492715042753812 -23.234486589181454 -5.3798972991616685 1239.8287828531554 -0.029010768964139941 0.066069420676891158 -0.013389677482873216 0
2444 1 1 284688000 -151269678.53123134 -42579802.423726052 34840331.701837659 15.905038422213167 -23.116412342431303 -5.4765549988179449 1239.6640696948248 -0.031501771769334372 0.067744963694663332 -0.015124276557959251 0
2445 1 1 284774400 -149877571.70062321 -44571690.271658234 34362968.456546977 16.320110301821934 -22.990834341519058 -5.573579642286159 1239.4927636729217 -0.034220131856423905 0.069592921921231718 -0.016909107388515341 0
2446 1 1 284860800 -148449485.91730317 -46552396.336604752 33877207.157594159 16.737874865419546 -22.857538794824524 -5.6709508154813086 1239.3142043595406 -0.037157775906654193 0.071592312657039012 -0.018739291124088509 0
2447 1 1 284947200 -146985191.11154249 -48521244.437574647 33383018.82148746 17.158271638131513 -22.71630776909177 -5.7686460188510713 1239.1277811739878 -0.040304625382293409 0.073720294159616909 -0.020610198583968287 0
2448 1 1 285033600 -145484462.64863643 -50477539.38600067 32880376.501606274 17.581235236531572 -22.566919204933594 -5.8666405897210456 1238.9329382793567 -0.043649345500858916 0.075953167020756607 -0.022517616987105811 0
2449 1 1 285120000 -143947081.76627165 -52420566.627888985 32369255.478285231 18.00669505090994 -22.409146877759646 -5.9649076286487031 1238.7291766385406 -0.047179960512826843 0.078267168891806613 -0.024457837385028304 0
2450 1 1 285206400 -142372836.04194754 -54349591.880822107 31849633.455274601 18.434574868978789 -22.242760320494103 -6.0634179247457878 1238.5160538726127 -0.050884313800312254 0.08063904880792197 -0.026427681946766236 0
2451 1 1 285292800 -140761519.8950856 -56263860.763220944 31321490.76283342 18.864792450766231 -22.067524724233884 -6.1621398763305564 1238.2931825747803 -0.054750379603976544 0.083046442250569244 -0.028424491262363617 0
2452 1 1 285379200 -139112935.12766016 -58162598.414589651 30784810.567968663 19.297259063297268 -21.883200830997691 -6.2610394045583648 1238.0602276518823 -0.058766450459532313 0.085468085284822554 -0.030446087862453571 0
2453 1 1 285465600 -137426891.50652015 -60045009.106574938 30239579.092492189 19.731878981810745 -21.689544830029277 -6.3600798586598053 1237.816903145537 -0.062921227939161287 0.087883909562962048 -0.032490727629497583 0
2454 1 1 285552000 -135703207.39007065 -61910275.845547654 29685785.839654509 20.16854896236061 -21.48630826654091 -6.4592219120907428 1237.5629688645579 -0.067203843469622798 0.090275054738028535 -0.034557046549823375 0
2455 1 1 285638400 -133941710.40163989 -63757559.968085609 29123423.830154698 20.607157688919198 -21.273237969604587 -6.5584234493233939 1237.2982270541427 -0.071603832442415125 0.092623829393611384 -0.036644007245932184 0
2456 1 1 285724800 -132142238.15165114 -65586000.731238872 28552489.848336842 21.047585196705946 -21.050076004212752 -6.6576394432695949 1237.0225192421096 -0.076111079383663169 0.094913643303473266 -0.038750847858127914 0
2457 1 1 285811200 -130304639.01061966 -67394714.899840325 27972984.699377079 21.489702272432776 -20.816559651397693 -6.7568218234750601 1236.7357233402879 -0.080715747571595747 0.097128927003377732 -0.040877034322478654 0
2458 1 1 285897600 -128428772.93496309 -69182796.333426595 27384913.478249192 21.933369831437396 -20.572421419584192 -6.8559193353222287 1236.4377510351039 -0.085408202375482009 0.099255049777526319 -0.043022216912036781 0
2459 1 1 285984000 -126514512.34764358 -70949315.575590461 26788285.851233404 22.378438271219689 -20.317389089958148 -6.9548773905209496 1236.1285454720216 -0.090178934614276784 0.10127824301305452 -0.045186190390879288 0
2460 1 1 286070400 -124561743.07570903 -72693319.448818594 26183116.350708205 22.824746800648491 -20.051185798541859 -7.0536379091977297 1235.8080792210601 -0.095018487812309885 0.10318553203450613 -0.0473688580999201 0
2461 1 1 286156800 -122570365.34687112 -74413830.65810585 25569424.683936194 23.272122744033194 -19.77353015773221 -7.1521391539274859 1235.4763525007252 -0.09991739131100448 0.10496467903563708 -0.049570199109849181 0
2462 1 1 286243200 -120540294.84732546 -76109847.406879693 24947236.056524903 23.720380819282507 -19.484136420245473 -7.2503155560655301 1235.1333916327799 -0.10486610087279663 0.10660413704626774 -0.051790238105363061 0
2463 1 1 286329600 -118471463.84308267 -77780343.029036954 24316581.511211067 24.169322389500085 -19.182714688704589 -7.348097534778562 1234.7792476992281 -0.1098549467288709 0.10809301501554054 -0.054029017534810431 0
2464 1 1 286416000 -116363822.36712578 -79424265.641187757 23677498.282580182 24.618734687568811 -18.868971174432087 -7.4454113092168024 1234.4139953735985 -0.11487408954323401 0.10942105314445254 -0.05628657155523735 0
2465 1 1 286502400 -114217339.4747391 -81040537.81952484 23030030.168292817 25.068390013520141 -18.5426085093751 -7.5421787043314819 1234.037731900095 -0.11991348396152698 0.11057860781834536 -0.058562901500655316 0
2466 1 1 286588800 -112032004.56935692 -82628056.306092218 22374227.917342294 25.518044904803421 -18.203326115475804 -7.6383169509169671 1233.6505761968194 -0.12496284942839533 0.11155664483061099 -0.060857952457811032 0
2467 1 1 286675200 -109807828.80125645 -84185691.749617338 21710149.635814529 25.967439279923425 -17.850820636204194 -7.7337384805465419 1233.2526680618721 -0.13001164811951851 0.1123467399992203 -0.063171590749391063 0
2468 1 1 286761600 -107544846.5413605 -85712288.486495778 21037861.210558243 26.416295556328386 -17.484786435351509 -7.8283507161847785 1232.8441674633307 -0.13504906949651024 0.11294108641861439 -0.065503582164878574 0
2469 1 1 286848000 -105243116.93232056 -87206664.367973074 20357436.751100767 26.864317743894649 -17.104916168575311 -7.9220558593844794 1232.4252538965277 -0.14006402143860361 0.11333250717266427 -0.067853570673395924 0
2470 1 1 286934400 -102902725.51891197 -88667610.640061632 19668959.050060466 27.311190515872479 -16.710901433580556 -8.0147506751206485 1231.9961257942671 -0.14504512766972633 0.11351447261257394 -0.070221057567733516 0
2471 1 1 287020800 -100523785.95958662 -90093891.883253574 18972520.062207863 27.756578259751564 -16.302433505171869 -8.1063262754892875 1231.5569999773072 -0.14998073118867386 0.11348112169264266 -0.072605381097896576 0
2472 1 1 287107200 -98106441.820788592 -91484246.019644588 18268221.402214173 28.200124111171441 -15.879204161769612 -8.1966679036823358 1231.1081111346757 -0.15485890348837239 0.11322728595177069 -0.075005696337344954 0
2473 1 1 287193600 -95650868.455337003 -92837384.395667195 17556174.860995166 28.641448974717335 -15.440906610279004 -8.2856547198536905 1230.6497113242517 -0.15966745992289599 0.11274851635062419 -0.07742095537530122 0
2474 1 1 287280000 -93157274.965813428 -94151991.949238226 16836502.940408748 29.080150536261019 -14.987236516473745 -8.3731595907289709 1230.1820694854218 -0.1643939805474951 0.1120411112625881 -0.079849887926445567 0
2475 1 1 287366400 -90625906.253452078 -95426727.470755726 16109339.405893618 29.51580227242291 -14.517893148296761 -8.4590488850621099 1229.7054709575475 -0.16902583654756301 0.11110214541976896 -0.08229098230500495 0
2476 1 1 287452800 -88057045.152503461 -96660223.968025804 15374829.856443537 29.947952463712792 -14.03258063961251 -8.5431822773164878 1229.2202169983141 -0.17355022224783223 0.10992949918955346 -0.084742466938062519 0
2477 1 1 287539200 -85451014.649433911 -97851089.145855322 14633132.311092811 30.376123218980407 -13.531009382026218 -8.6254125622492506 1228.7266242966505 -0.17795419285746328 0.10852188736107654 -0.087202292515681665 0
2478 1 1 287625600 -82808180.185610116 -98997906.011704788 13884417.810844304 30.79980952001106 -13.012897552391014 -8.7055854833854056 1228.2250244766246 -0.18222470716121664 0.10687888639548965 -0.089668114672158974 0
2479 1 1 287712000 -80128952.041300848 -100099233.61944929 13128871.034698661 31.218478296390227 -12.477972783464256 -8.7835395787143931 1227.7157635890001 -0.18634867559066068 0.1050009604505146 -0.092137277778056886 0
2480 1 1 287798400 -77413787.797893927 -101153607.96392871 12366690.928139443 31.631567542132348 -11.925973984930671 -8.8591060473089254 1227.1992015877545 -0.19031301322814678 0.10288948403118046 -0.094606799811640011 0
2481 1 1 287884800 -74663194.874171227 -102159543.03957735 11598091.342093967 32.038485487040219 -11.356653321581478 -8.932108640916848 1226.6757117893965 -0.19410469795559723 0.10054676215499671 -0.097073358223002976 0
2482 1 1 287971200 -71877733.13129589 -103115532.07698101 10823301.680023344 32.438609837338518 -10.769778354815651 -9.0023635849701655 1226.1456803134222 -0.1977108327733024 0.097976046143679524 -0.099533277494780664 0
2483 1 1 288057600 -69058017.539839283 -104020048.97171341 10042567.550393296 32.831287101788995 -10.165134352846486 -9.0696795338620042 1225.6095055034593 -0.20111871224656042 0.095181544809651977 -0.10198251848211384 0
2484 1 1 288144000 -66204720.900700942 -104871549.9202214 9256151.4213418886 33.215832021153275 -9.5425267739170145 -9.1338575657143526 1225.0675973277273 -0.20431589350535712 0.09216843048554646 -0.10441666947335153 0
2485 1 1 288230400 -63318576.610157505 -105668475.27784669 8464333.2738924902 33.591527120673476 -8.9017839254986466 -9.1946912222607224 1224.5203767588466 -0.20729026936596406 0.088942839263773457 -0.10683093985156393 0
2486 1 1 288316800 -60400381.457497738 -106409251.65426055 7667411.2495570993 33.957622406993778 -8.2427598008481269 -9.2519665998398164 1223.9682751331488 -0.21003014540124823 0.085511864293180584 -0.10922015602211108 0
2487 1 1 288403200 -57450998.441775449 -107092294.26162587 6865702.2876431262 34.313335232698797 -7.5653370923287317 -9.3054624978338492 1223.4117334895909 -0.2125243181126068 0.081883542480392771 -0.11157876031864152 0
2488 1 1 288489600 -54471359.592134848 -107716009.53065041 6059542.7470146809 34.657850353372766 -6.8694303785915736 -9.3549506312127573 1222.8512018887934 -0.2147621553093246 0.078066833194827726 -0.11390081318009522 0
2489 1 1 288576000 -51462468.773940824 -108278798.00933301 5249289.0064728772 34.990320203673676 -6.1549894800164253 -9.4001959140870852 1222.2871387125153 -0.21673367647418851 0.074071589454965725 -0.11617999860018746 0
2490 1 1 288662400 -48425404.460591964 -108779057.55858678 4435318.0373144206 35.309865420412621 -5.4220029737144344 -9.4409568213753978 1221.7200099447091 -0.21842963285163336 0.069908520214941511 -0.11840963378604132 0
2491 1 1 288748800 -45361322.448422045 -109215186.85802613 3618027.9410085375 35.615575641830389 -4.670501855863189 -9.4769858357795513 1221.1502884344195 -0.21984158654434552 0.065589144684235517 -0.12058268241001413 0
2492 1 1 288835200 -42271458.489528835 -109585589.23397507 2797838.4443107471 35.906510613235518 -3.9005633351671616 -9.5080299872676832 1220.5784531408385 -0.22096198690719976 0.061125737780668661 -0.12269177296611429 0
2493 1 1 288921600 -39157130.814734966 -109888676.82017188 1975191.3435134303 36.181701629766337 -3.1123147368684889 -9.5338314921319931 1220.0049883613344 -0.22178424342777595 0.056531266997978301 -0.12472922134340286 0
2494 1 1 289008000 -36019742.516218372 -110122875.05965918 1150550.8889354304 36.440153347131144 -2.3059374918903632 -9.55412849838714 1219.4303829421833 -0.22230279435732198 0.051819321288369864 -0.12668705873810471 0
2495 1 1 289094400 -32860783.756699815 -110286627.55393149 324404.10018539429 36.680845990763359 -1.4816711805143177 -9.5686559438341448 1218.8551294717424 -0.22251316913272282 0.047004031467279328 -0.12855706474637979 0
2496 1 1 289180800 -29681833.769485462 -110378401.26253098 -502738.9977845652 36.902737992740327 -0.63981759442134323 -9.5771465324257665 1218.279723455807 -0.22241204410413429 0.042099984112771605 -0.13033080566425848 0
2497 1 1 289267200 -26484562.611203287 -110396692.0529069 -1330345.2282692411 37.104769083928581 0.21925522490011498 -9.5793318337080517 1217.7046624732861 -0.22199729039611674 0.037122128364914971 -0.13199967886627759 0
2498 1 1 289353600 -23270732.626808051 -110340030.59646653 -2157858.2168449415 37.285863866138179 1.0951090193530781 -9.5749435089671415 1217.1304453114026 -0.22126801188183431 0.032085677238495001 -0.13355496231494959 0
2499 1 1 289440000 -20042199.584441926 -110206988.60233918 -2984698.4569021761 37.44493588534268 1.9872314731444805 -9.563714666300104 1216.5575710780506 -0.22022457403373583 0.027006005178381712 -0.1349878699515861 0
2500 1 1 289526400 -16800913.436116923 -109996185.37543687 -3810263.4978530272 37.580892222259344 2.895032557491747 -9.5453813451729168 1215.9865382879075 -0.21886862130601276 0.021898542008463161 -0.13628961261714562 0
2501 1 1 289612800 -13548918.659020456 -109706294.6799566 -4633928.2671548259 37.69263861075774 3.8178411269561177 -9.519684129045773 1215.4178439201153 -0.21720308258320495 0.016778665894798178 -0.1374514642387257 0
2502 1 1 289699200 -10288354.131639235 -109336051.88354436 -5455045.5370736727 37.77908508744536 4.7549018385668651 -9.4863698823923048 1214.8519824433163 -0.215232165074172 0.011661596425037325 -0.13846483311173405 0
2503 1 1 289785600 -7021452.4989569848 -108884261.350989 -6272946.5466861334 37.839152167508701 5.7053724695259973 -9.445193605893051 1214.2894448038955 -0.21296133527769578 0.0065622899644471504 -0.13932133760034721 0
2504 1 1 289872000 -3750538.9818062768 -108349804.04959595 -7086941.7889611535 37.871777532421724 6.6683217130036025 -9.3959204007997492 1213.7307173730298 -0.21039728770318997 0.0014953389130863493 -0.1400128863824506 0
2505 1 1 289958400 -478029.58715004253 -107731645.321404 -7896321.9718568232 37.87592320449356 7.6427275340508105 -9.3383275304136131 1213.17628084797 -0.20754790115213181 -0.0035251232089751317 -0.14053176145218163 0
2506 1 1 290044800 2793571.3212727578 -107028842.77026214 -8700359.161186086 37.850583171569582 8.6274761687300519 -9.2722065634084352 1212.6266091031678 -0.20442218329348757 -0.0084855087978813956 -0.14087070431408097 0
2507 1 1 290131200 6061674.1287965961 -106240554.20462081 -9498308.1115443166 37.794791412650682 9.6213618488939261 -9.1973655804048331 1212.0821679866958 -0.20103020422749859 -0.01337285358451863 -0.14102300357296221 0
2508 1 1 290217600 9323607.7842131481 -105366045.56986807 -10289407.789837398 37.707630262001445 10.623087332353666 -9.1136314217952048 1211.5434140584093 -0.19738302015634981 -0.018174883078998744 -0.14098258330201818 0
2509 1 1 290304000 12576624.348749777 -104404698.79735027 -11072883.093904061 37.588239035745723 11.631265313276147 -9.0208519514983578 1211.0107932666049 -0.19349258864323929 -0.02288006608338217 -0.14074409101194574 0
2510 1 1 290390400 15817904.298549511 -103356019.49104524 -11847946.766399272 37.435822831395036 12.644420780302481 -8.918898308130025 1210.4847395618424 -0.18937167636940605 -0.027477654633417791 -0.14030298385845077 0
2511 1 1 290476800 19044562.59124808 -102219644.36743936 -12613801.501513517 37.249661397561852 13.660994379954806 -8.8076671121670316 1209.9656734478026 -0.18503376212208381 -0.031957709267866764 -0.13965561197959947 0
2512 1 1 290563200 22253655.497824624 -100995348.35970505 -13369642.239276323 37.029117958774464 14.679346830367798 -8.6870825951699508 1209.4540004707565 -0.18049293622876766 -0.036311109102680435 -0.13879929739401031 0
2513 1 1 290649600 25442188.190475501 -99683051.294021651 -14114658.639170455 36.773647869370826 15.697764415227125 -8.5570986151572317 1208.9501096521064 -0.17576379863800434 -0.040529546942312519 -0.13773240746989546 0
2514 1 1 290736000 28607123.065963779 -98282824.044045061 -14848037.721619228 36.482806961342028 16.714465570179168 -8.4177005209051146 1208.4543718707143 -0.17086135789037873 -0.044605509730397105 -0.13645442112012976 0
2515 1 1 290822400 31745388.77191449 -96794894.0693122 -15568966.66266297 36.1562594443484 17.727608554176374 -8.2689068274005084 1207.9671382062188 -0.16580093202630453 -0.0485322447656397 -0.13496598646274854 0
2516 1 1 290908800 34853889.891090475 -95219650.244942695 -16276635.72388697 35.793785212312919 18.735300176534391 -8.1107706650597446 1207.4887382567681 -0.16059805501679605 -0.052303713905468306 -0.13326896899638332 0
2517 1 1 290995200 37929517.226058677 -93557646.893511474 -16970241.296483409 35.395286410593712 19.735605527464845 -7.9433809666533746 1207.0194784496559 -0.15526838796289136 -0.055914536479244187 -0.13136648827735012 0
2518 1 1 291081600 40969158.61415942 -91809606.935502514 -17648989.035309009 34.960793121020004 20.726558636103711 -7.766863358262877 1206.5596403678092 -0.14982763879419639 -0.059359923659766979 -0.12926294268920099 0
2519 1 1 291168000 43969710.190640666 -89976424.082349271 -18312097.05603265 34.490468029298825 21.706173956226319 -7.581380724037909 1206.1094791187952 -0.14429148979756554 -0.062635606693389911 -0.12696402039288029 0
2520 1 1 291254400 46928088.006577425 -88059164.005696967 -18958799.166040458 33.984609950701547 22.672458556785905 -7.3871334190002873 1205.6692217792133 -0.13867553416299622 -0.065737761514591306 -0.12447669607183483 0
2521 1 1 291340800 49841239.898109943 -86059064.428078189 -19588348.097771119 33.443656105312797 23.623424872898482 -7.1843591096185655 1205.2390659508421 -0.13299522205045994 -0.068662933017405808 -0.12180921221291582 0
2522 1 1 291427200 52706157.494947262 -83977534.093516886 -20200018.711669669 32.868183053412302 24.557103853778287 -6.9733322281992258 1204.8191784698674 -0.12726581548552421 -0.071407961754459709 -0.11897104415746761 0
2523 1 1 291513600 55519888.249316297 -81816150.591412276 -20793111.135042157 32.258906224321485 25.471558328189573 -6.7543630341872776 1204.4096943144616 -0.12150235186139771 -0.073969916722817192 -0.1159728480514416 0
2524 1 1 291600000 58279547.36186868 -79576657.023110211 -21366953.802822009 31.616677997763237 26.364896395972941 -6.5277962830737746 1204.0107157587722 -0.11571961430013598 -0.07634603667746509 -0.11282639192935219 0
2525 1 1 291686400 60982329.478711575 -77260957.517465815 -21920906.366659082 30.94248432468612 27.23528464671163 -6.2940095114920185 1203.6223118221624 -0.10993210888741084 -0.078533683690406864 -0.10954446887708301 0
2526 1 1 291772800 63625520.033862129 -74871111.619035825 -22454362.439825781 30.23743990385918 28.080961004100498 -6.0534109549995643 1203.2445180629256 -0.10415404531483159 -0.080530310849759187 -0.10614079246402212 0
2527 1 1 291859200 66206506.114122413 -72409327.589861229 -22966752.147198189 29.50278196035017 28.900246997341188 -5.8064371228087444 1202.8773367623539 -0.098399320703456014 -0.082333447064366128 -0.1026298752004921 0
2528 1 1 291945600 68722786.72862725 -69877954.682656631 -23457544.451983999 28.739862701265999 29.691559268963427 -5.5535500609818351 1202.5207375389596 -0.092681503420006528 -0.083940700165835089 -0.099026889967527759 0
2529 1 1 292032000 71171982.373044133 -67279474.459153175 -23926249.233881239 27.950140551895455 30.453420141745418 -5.2952343421720123 1202.1746584232708 -0.087013816343259789 -0.085349779725247155 -0.095347516578404623 0
2530 1 1 292118400 73551843.788428023 -64616491.241915114 -24372419.096893307 27.135170300679487 31.18446708546686 -5.0319938256120471 1201.8390074101928 -0.081409116718161256 -0.086558539902576309 -0.091607774320027258 0
2531 1 1 292204800 75860259.826807544 -61891721.800774463 -24795650.889003802 26.296592303395798 31.883460946572651 -4.7643482355753362 1201.5136644892289 -0.075879872342157817 -0.087565041292599191 -0.087823844324685096 0
2532 1 1 292291200 78095264.349372968 -59107984.385763042 -25195586.920233395 25.436120914815383 32.549292829675785 -4.4928296097895171 1201.1984841326355 -0.070438132541975715 -0.088367630305127676 -0.084011883786537705 0
2533 1 1 292377600 80255042.098284855 -56268187.226803742 -25571915.870139807 24.555532329339901 33.180989548304858 -4.2179786711982556 1200.8932981990931 -0.065095494567950066 -0.08896503315916407 -0.080187837409523219 0
2534 1 1 292464000 82337933.499194205 -53375316.626264505 -25924373.38047063 23.656652020369773 33.777717592454145 -3.9403411770374195 1200.5979191865395 -0.059863065381829471 -0.089356460595576614 -0.076367250171447951 0
2535 1 1 292550400 84342438.368134052 -50432424.77367945 -26252742.333314735 22.741341971303957 34.338785591306589 -3.6604642983484781 1200.3121437472571 -0.054751419496369455 -0.089541717987242281 -0.072565086758946309 0
2536 1 1 292636800 86267218.513059467 -47442617.412489533 -26556852.8196068 21.811487889079711 34.863645279926438 -3.3788930809879409 1200.0357563587625 -0.049770555324282359 -0.089521315438517324 -0.068795564023015288 0
2537 1 1 292723200 88111099.23654519 -44409041.486626439 -26836581.807117954 20.86898658436013 35.351891007796567 -3.0961670359063045 1199.7685330311399 -0.044929851352295651 -0.089296571401515049 -0.065072001061012588 0
2538 1 1 292809600 89873069.761607781 -41334872.890309766 -27091852.521011971 19.915733691360526 35.803257853964361 -2.8128169021221088 1199.5102449280898 -0.040238023917995691 -0.08886970318474037 -0.061406692063266828 0
2539 1 1 292896000 91552282.616943732 -38223304.437777758 -27322633.553580713 18.953611885351258 36.217618437424555 -2.5293616206607799 1199.2606617814513 -0.035703089396580394 -0.088243899399960732 -0.057810806317311142 0
2540 1 1 292982400 93148052.030771211 -35077534.161108933 -27528937.722830333 17.984479737865211 36.594978531687872 -2.2463055518544293 1199.0195549919329 -0.031332332005341523 -0.087423368633068183 -0.054294317261891288 0
2541 1 1 293068800 94659851.39369832 -31900754.034142669 -27710820.702116698 17.010161329363559 36.935471608828728 -1.9641359620537346 1198.7867003303061 -0.027132278739768929 -0.086413361480063955 -0.050865961980264371 0
2542 1 1 293155200 96087309.860454753 -28696139.209129229 -27868379.444996808 16.032436717305586 37.23935245037547 -1.6833207992439769 1198.5618801781879 -0.023108682593183435 -0.085220164546130336 -0.04753323071330183 0
2543 1 1 293241600 97430208.16781579 -25466837.840502761 -28001750.430861026 15.053033335072305 37.506989970241754 -1.4043067704321419 1198.3448852769188 -0.019266514155028884 -0.083851066268705601 -0.044302384051545934 0
2544 1 1 293328000 98688473.751593098 -22215961.55743755 -28111107.757740974 14.073618374723232 37.738859398573418 -1.1275177272028727 1198.1355159820559 -0.015609961867620419 -0.082314296930195888 -0.041178494419881043 0
2545 1 1 293414400 99862175.249195591 -18946576.633967865 -28196661.108973768 13.09579218477184 37.935533975158137 -0.85335335973870252 1197.9335830461819 -0.012142440530276303 -0.080618946420142404 -0.038165507789356831 0
2546 1 1 293500800 100951516.47606193 -15661695.892745407 -28258653.620183464 12.121082693650871 38.097676297351747 -0.58218819400548549 1197.7389079735749 -0.0088666072448392048 -0.078774864192635866 -0.035266320877188478 0
2547 1 1 293587200 101956829.96436021 -12364271.36625294 -28297359.672361862 11.150940850745528 38.22602946079185 -0.31437088181204159 1197.5513230058614 -0.0057843838774349838 -0.076792546206975884 -0.032482868561387372 0
2548 1 1 293673600 102878570.15091228 -9057187.727727307 -28313082.635752749 10.186737060127374 38.321408121971345 -0.050223769206085456 1197.3706708052589 -0.0028969853617427715 -0.07468301497950304 -0.029816217477968112 0
2549 1 1 293760000 103717306.29850875 -5743256.4933604486 -28306152.587831762 9.2297585676876466 38.384689600679664 0.20995727481860563 1197.1968039051976 -0.00020495253346319896 -0.072457696252721721 -0.0272666610396569 0
2550 1 1 293846400 104473715.23085001 -2425210.9876793264 -28276924.026992824 8.2812077503655566 38.416805127881055 0.46590279005212271 1197.029583996391 0.002291811369992223 -0.070128297697577488 -0.024833812530425187 0
2551 1 1 293932800 105148573.95648474 894297.94454370427 -28225773.601671446 7.34220124661186 38.418731331284825 0.71736943990834945 1196.8688811098025 0.0045940016465428066 -0.067706692470372004 -0.02251669355235254 0
2552 1 1 294019200 105742752.25153363 4212705.5038813092 -28153097.872618001 6.4137698600620876 38.391482037212597 0.9641395332714553 1196.7145727503882 0.006702871115360786 -0.065204810542079869 -0.020313815394465581 0
2553 1 1 294105600 106257205.2648809 7527535.8095737901 -28059311.123940941 5.4968591635141308 38.336100453717968 1.2060203778075234 1196.5665430255451 0.0086201884730824421 -0.062634539809458059 -0.018223251931876818 0
2554 1 1 294192000 106692966.20308408 10836404.115850901 -27944843.236423515 4.5923307275244492 38.253651786659113 1.4428434891818909 1196.4246818020547 0.010348196678243113 -0.06000763813697349 -0.016242702723429817 0
2555 1 1 294278400 107051139.14565867 14137018.410437535 -27810137.634524494 3.7009638970095922 38.145216327840075 1.6744636801151245 1196.2888839155421 0.011889572130939207 -0.057335656964587887 -0.01436954571520173 0
2556 1 1 294364800 107332892.03479795 17427180.437293861 -27655649.31644335 2.823458039968366 38.011883042600431 1.9007580522796839 1196.1590484460742 0.013247385781203779 -0.054629877218174722 -0.012600879208448316 0
2557 1 1 294451200 107539449.87711127 20704786.187536612 -27481842.974693209 1.9604351945605354 37.854743673560975 2.1216249128337656 1196.0350780647866 0.014425067201463759 -0.051901256777263149 -0.010933551937509275 0
2558 1 1 294537600 107672088.18872675 23967825.903511096 -27289191.212803178 1.1124430440068218 37.674887367671637 2.3369826359289312 1195.9168784472731 0.01542637238427504 -0.049160390177364163 -0.0093641814880271301 0
2559 1 1 294624000 107732126.70917977 27214383.641229495 -27078172.862083469 0.27995815291540244 37.473395825317347 2.546768487917535 1195.8043577401113 0.016255357027420345 -0.046417479739751008 -0.0078891596367960254 0
2560 1 1 294710400 107720923.40397862 30442636.435964625 -26849271.400839388 -0.53661059654686538 37.251338963058529 2.7509374333559982 1195.6974260579777 0.016916356634502194 -0.043682318223598575 -0.0065046430174939586 0
2561 1 1 294796800 107639868.77064116 33650853.114791565 -26602973.477015384 -1.3369184249544035 37.009771075524469 2.9494609372154623 1195.595994977213 0.017413975569689592 -0.040964283202383107 -0.0052065277087074346 0
2562 1 1 294883200 107490380.45837136 36837392.7983962 -26339767.533989049 -2.1206809831280027 36.749727477030738 3.1423257771261053 1195.4999769780923 0.017753087900471143 -0.038272343366018202 -0.0039904036868755096 0
2563 1 1 294969600 107273898.2074071 40000703.13261462 -26060142.538102232 -2.8876706318482261 36.472221599558083 3.3295328780588482 1195.4092847698721 0.017938853636596277 -0.035615077831717301 -0.0028514845118402157 0
2564 1 1 295056000 106991879.11043268 43139318.288011126 -25764586.805501036 -3.6377127130007003 36.178242520691832 3.511096180600382 1195.3238304065696 0.017976755574431676 -0.033000710198049357 -0.0017845051183825219 0
2565 1 1 295142400 106645793.19530909 46251856.763420537 -25453586.924934946 -4.3706818456045031 35.868752892886107 3.6870415530467362 1195.2435240633295 0.017872664151230927 -0.030437160181852944 -0.00078357705600981184 0
2566 1 1 295228800 106237119.32573438 49337019.026831701 -25127626.772308674 -5.0864982744491849 35.544687243820505 3.8574057569996683 1195.1682722852465 0.017632940701304896 -0.027932117783931069 0.00015801380106515836 0
2567 1 1 295315200 105767341.41429545 52393585.024329662 -24787186.611947887 -5.7851242933570681 35.206950616556703 4.022235476152586 1195.0979754317368 0.017264594307939914 -0.025493146461830912 0.001048089409209874 0
2568 1 1 295401600 105237944.94072096 55420411.585076354 -24432742.278678775 -6.4665607593007302 34.856417517479223 4.1815864186477958 1195.0325239001422 0.016775514234557289 -0.023127826349032519 0.0018959723396148507 0
2569 1 1 295488000 104650413.76699825 58416429.747519262 -24064764.433862302 -7.1308437076266902 34.493931139467513 4.3355225049919186 1194.9717924936117 0.016174808813512808 -0.02084395177937377 0.0027130331914125548 0
2570 1 1 295574400 104006227.24040329 61380642.029184684 -23683717.887378298 -7.7780410722537976 34.120302827262925 4.4841151562763129 1194.9156319577376 0.015473294391003554 -0.01864980308660881 0.0035134513813368465 0
2571 1 1 295660800 103306857.57545541 64312119.659535035 -23290060.97611751 -8.408249507783772 33.736311751469152 4.6274427013991737 1194.8638561940547 0.014684190440724753 -0.01655451563536444 0.0043152617273943634 0
2572 1 1 295747200 102553767.50638774 67209999.792452782 -22884244.987722103 -9.0215913030884582 33.34270475732248 4.7655899267030968 1194.8162229358127 0.013824085064647267 -0.014568564369512002 0.0051417603758470778 0
2573 1 1 295833600 101748408.20293638 70073482.712011859 -22466713.616118945 -9.6182113690888453 32.940196355299371 4.8986477950007652 1194.7724048548002 0.012914216468086676 -0.012704351936959419 0.0060233040317201024 0
2574 1 1 295920000 100892217.44390678 72901829.042542383 -22037902.433026608 -10.198274280859973 32.529468826285068 5.0267133606490066 1194.7319477691456 0.011982017065778526 -0.010976784616626602 0.0069994418256613504 0
2575 1 1 296006400 99986618.044391692 75694356.972271785 -21598238.357828654 -10.761961364140227 32.111172431271733 5.1498898903386241 1194.6942146934696 0.011062629764244731 -0.0094035116846625851 0.0081208898416306793 0
2576 1 1 296092800 99033016.532372206 78450439.500173703 -21148139.110282969 -11.309467842903226 31.685925746004493 5.2682871168208889 1194.6583227567112 0.010199803062324046 -0.0080042964836362692 0.0094496524817813832 0
2577 1 1 296179200 98032802.067623511 81169501.718515992 -20688012.647294737 -11.841000111726549 31.254316175247382 5.3820213087699216 1194.623099350159 0.0094440719733976299 -0.0067980570614414992 0.011056183875917731 0
2578 1 1 296265600 96987345.542236745 83851018.185621038 -20218256.492420498 -12.356774555771025 30.816901761560779 5.4912183157140309 1194.5870546213953 0.0088296554773328942 -0.0057827972612140765 0.01305854760062833 0
2579 1 1 296352000 95897998.898180157 86494510.375717744 -19739257.186232384 -12.857011632323935 30.374209581422019 5.5960010582976132 1194.5486388208294 0.0085134166012385028 -0.005039147320645916 0.015121898560448521 0
2580 1 1 296438400 94766095.202812582 89099543.784273848 -19251393.37028075 -13.341927319271438 29.926731446923821 5.6964130879982546 1194.5082770825888 0.0086623208039535889 -0.0046638727506055494 0.015638915697921058 0
2581 1 1 296524800 93592948.453512847 91665725.374169201 -18755042.205472428 -13.811753644630043 29.474940561437347 5.792479785442735 1194.4674087728563 0.0089006861440128603 -0.0043585024846934436 0.015756804983414651 0
2582 1 1 296611200 92379851.340498656 94192702.647593409 -18250575.351131834 -14.266748039290233 29.019299429381384 5.8842939047317655 1194.426213799891 0.0091298503614654185 -0.0040485534939209396 0.015923018572900179 0
2583 1 1 296697600 91128073.929399163 96680162.109543428 -17738355.67840093 -14.707175288507459 28.56024756321904 5.9719600397943662 1194.3846059784717 0.0093595547549402379 -0.0037415280054047045 0.016089804931128049 0
2584 1 1 296784000 89838863.271725878 99127827.176586002 -17218737.216405854 -15.133303284684372 28.098200145046665 6.0555789185912232 1194.3425693570296 0.0095908404894243203 -0.0034376798579784972 0.016256452502677002 0
2585 1 1 296870400 88513443.147768095 101535456.14266308 -16692065.321004882 -15.545402660336523 27.633549497313219 6.1352505498622163 1194.3000854591864 0.0098239103673272571 -0.0031368236026874238 0.016423134393701001 0
2586 1 1 296956800 87153013.871796772 103902840.24379259 -16158676.750310307 -15.943745823227722 27.166665998285417 6.2110739143864322 1194.2571361225057 0.010059041599552747 -0.0028388194036069233 0.016589904523632064 0
2587 1 1 297043200 85758752.177416638 106229801.80157602 -15618899.76151132 -16.328606076116429 26.697898995498964 6.283146785235437 1194.2137035534222 0.010296488382296728 -0.0025435151141025873 0.016756815564497509 0
2588 1 1 297129600 84331811.174843371 108516192.44540323 -15073054.221837059 -16.700256829586351 26.22757771242447 6.3515655781373415 1194.1697703076234 0.010536485150548997 -0.0022507493816555806 0.016923915329278165 0
2589 1 1 297216000 82873320.372688219 110761891.41238588 -14521451.731564153 -17.058970895064981 25.756012140529229 6.416425222070715 1194.1253192753859 0.010779247063840843 -0.0019603527530998254 0.017091246909197829 0
2590 1 1 297302400 81384385.757558957 112966803.92362523 -13964395.75737948 -17.405019852501741 25.283493913716594 6.4778190486549736 1194.0803336683296 0.011024971454088194 -0.0016721491954069857 0.017258847592733644 0
2591 1 1 297388800 79866089.925192147 115130859.63519639 -13402181.77446932 -17.73867348942197 24.810297163198467 6.535838701026389 1194.0347969861928 0.011273804269346592 -0.0013859452962882632 0.017426785984682277 0
2592 1 1 297475200 78319492.257050812 117254011.16226242 -12835097.414070832 -18.060199305347314 24.336679354561493 6.5905740975852432 1193.9886920189831 0.011526119606328697 -0.0011016015401010906 0.01759489078950572 0
2593 1 1 297561600 76745629.14692302 119336232.66901369 -12263422.652101293 -18.369861798199576 23.862881941830139 6.6421122850990848 1193.9420235488853 0.011786176601105217 -0.00082130423656289083 0.017746710347719605 0
2594 1 1 297648000 75145514.257297724 121377518.52838515 -11687429.997929599 -18.667923034138731 23.389131629211985 6.6905407408274806 1193.8947499085143 0.012021465699737088 -0.00052729117907345197 0.018010496888800555 0
2595 1 1 297734400 73520138.505497932 123377882.22483708 -11107383.344482956 -18.954648819601466 22.91564513411933 6.7359786076662118 1193.8460999510366 0.012089145623757819 -0.00013164196650708484 0.019072536293476657 0
2596 1 1 297820800 71870469.792942226 125337355.49623948 -10523535.431129344 -19.230303026431908 22.442626435535598 6.7785495592043912 1193.7951353767908 0.012089009705294711 0.00029828415681222819 0.020399482077883523 0
2597 1 1 297907200 70197453.719595864 127255986.93150643 -9936130.0248239581 -19.495138365231075 21.970262097417272 6.8183408112640134 1193.7416511705801 0.012092709869315032 0.00072204847454853554 0.021700080405114713 0
2598 1 1 297993600 68502014.372411907 129133840.62728128 -9345403.9919846226 -19.749401037513138 21.498725183724623 6.8554287823241946 1193.6856380881979 0.012094551137607311 0.001143186320828257 0.022999350692374146 0
2599 1 1 298080000 66785054.720512912 130970995.15308969 -8751587.6089418251 -19.993333648614058 21.028177789895018 6.8898890676333444 1193.6270750947506 0.012088717383169191 0.0015678573849516719 0.024285920723523036 0
2600 1 1 298166400 65047456.995185316 132767542.58764753 -8154904.7173485607 -20.227173036901974 20.558770086326316 6.9217960317228719 1193.565911022949 0.012115775082933461 0.0019570964841185813 0.025636624521478631 0
2601 1 1 298252800 63290083.307462133 134523587.31580013 -7555571.9636341212 -20.451148002293142 20.090635941298963 6.9512481721616872 1193.5013509002454 0.012224195437341179 0.0021990379385043641 0.027622467680354295 0
2602 1 1 298339200 61513776.371229343 136239244.59602803 -6953796.5112975352 -20.665478802480397 19.623894656176677 6.9783564913421374 1193.4321585564462 0.012454625985073383 0.0022933680654194728 0.030016250032761437 0
2603 1 1 298425600 59719359.995291725 137914639.7920686 -6349777.0803648438 -20.870385092335656 19.158662944916138 7.0032032555203996 1193.3578740738449 0.012665651109888284 0.0023996382149951605 0.032410121345821212 0
2604 1 1 298512000 57907638.93896006 139549908.29095566 -5743706.1935686739 -21.066085914245388 18.695053773915046 7.0258553985154597 1193.278455355621 0.012893263745512829 0.0024860777815747803 0.034852891014884008 0
2605 1 1 298598400 56079399.342426814 141145194.79115999 -5135770.5115350978 -21.252793760879904 18.233170284506755 7.0463809454586608 1193.1937649674901 0.013133027106166333 0.0025566649115525632 0.037341208411218033 0
2606 1 1 298684800 54235409.183615491 142700652.57659623 -4526150.9135797014 -21.430716491740707 17.773108093346011 7.0648457555911417 1193.1036796686974 0.013385460672038036 0.0026114812363975345 0.039875072815124112 0
2607 1 1 298771200 52376418.697322644 144216442.8703388 -3915022.6704878025 -21.600056949726827 17.314955414845748 7.0813137838397431 1193.0080797328744 0.013652690865870525 0.0026490968257369542 0.042453078513055124 0
2608 1 3 298774175.69536978 52312135.05180496 144267943.47746229 -3893950.0452108905 -21.605738714312615 17.299211231775566 7.0818461432082804 1193.004687537338 0 0 0 38
2609 1 1 298857600 50503160.809580646 145692734.21219355 -3302555.6096051149 -21.761012979454176 16.858793490123229 7.0958471049120755 1192.9068488178982 0.013935368746040625 0.002669505014300755 0.04507526817402549 0
2610 1 1 298944000 48616354.117245913 147129704.7676169 -2688907.350655192 -21.913714230924302 16.404768756021532 7.1086776859183249 1192.7941874658363 0.014232462698069588 0.0026739738017944772 0.047742281950698989 0
2611 1 1 299030400 46716677.284152068 148527512.22454911 -2074294.3414688606 -22.059229559775286 15.951950529714722 7.1174684090079365 1192.7330402746547 -0.006447039105750384 -0.021076870728878011 -0.0064211754440178003 0
2612 1 1 299116800 44804717.627810404 149886236.03500268 -1459128.5555873427 -22.197829496717556 15.500349918043035 7.1221721349835612 1192.6765728081348 -0.0082261913733077327 -0.02233945011850734 -0.0061807248039736371 0
2613 1 1 299203200 42881111.856871054 151206038.70508718 -843628.6918028458 -22.328830653547676 15.05101402612067 7.1252228591014468 1192.6223007817223 -0.0085472166900557311 -0.022706959387807962 -0.0040714257188245104 0
2614 1 1 299289600 40946509.146080777 152487116.95891479 -227939.30835847062 -22.452421763994689 14.603958129429815 7.1265608017292488 1192.5676407556195 -0.0092206573460087669 -0.023188470021785802 -0.0024743954340902619 0
2615 1 1 299376000 39001541.346431732 153729669.48340511 387792.397416491 -22.568791080925976 14.159222103015628 7.1262112443479531 1192.5117655473464 -0.0098839675210518341 -0.023687923824860374 -0.00084031203937407991 0
2616 1 1 299462400 37046825.316477738 154933898.55964053 1003422.8971694645 -22.678102281685582 13.716847779428898 7.1242263064515869 1192.4544130657919 -0.010530087487409188 -0.024214567495421585 0.00082359547761247159 0
2617 1 1 299548800 35082963.933383644 156100009.86758184 1618813.0136306148 -22.78051537264551 13.276872213447747 7.1206548974913764 1192.3952969345316 -0.011159825778220873 -0.024766212445605514 0.0025253974717419103 0
2618 1 1 299635200 33110546.442486461 157228212.12374187 2233827.7590504065 -22.876185867551619 12.839328666631571 7.115545115121078 1192.3341434871991 -0.011770510059771519 -0.025341861437392577 0.0042750451522762557 0
2619 1 1 299721600 31130148.85042192 158318716.76036194 2848336.2680826369 -22.965264723031563 12.404246785083492 7.1089442842889099 1192.2706885085158 -0.012359806290367186 -0.025940298689699302 0.0060816917271341985 0
2620 1 1 299808000 29142334.313744519 159371737.6241599 3462211.7302069692 -23.047898454631884 11.971652853166997 7.1008989424584925 1192.204674472737 -0.012925562053352093 -0.026560191427319347 0.0079539871873271391 0
2621 1 1 299894400 27147653.518385794 160387490.69591397 4075331.3219749206 -23.124229234787915 11.541570022706802 7.0914548471298735 1192.1358478196023 -0.013465747353443913 -0.027200175646216417 0.0099001675880964566 0
2622 1 1 299980800 25146645.050733395 161366193.82907116 4687576.1401231643 -23.194394989024843 11.114018524655156 7.0806569883574406 1192.0639563037848 -0.013978419713648056 -0.027858911543384695 0.011928138552122344 0
2623 1 1 300067200 23139835.760457706 162308066.50597832 5298831.1359923119 -23.258529490760438 10.689015865694145 7.0685496063597721 1191.9887464875424 -0.0144616929639927 -0.028535120203304749 0.014045551793333676 0
2624 1 1 300153600 21127741.115213428 163213329.61051613 5908985.0516671054 -23.316762454582747 10.266577011585225 7.0551762136637501 1191.9099614162647 -0.014913710846554866 -0.029227605286025558 0.016259874389218641 0
2625 1 1 300240000 19110865.547346979 164082205.21605641 6517930.3582053734 -23.369219628026752 9.84671455877338 7.0405796212183773 1191.8273384929498 -0.015332625433103184 -0.029935264214968376 0.018578450689616915 0
2626 1 1 300326400 17089702.792738132 164914916.38778231 7125563.196275468 -23.416022881883862 9.4294388954225052 7.0248019679489921 1191.7406075502136 -0.015716579662710346 -0.030657092567414865 0.021008557710692113 0
2627 1 1 300412800 15064736.221901601 165711686.99850029 7731783.3194783814 -23.457290299053717 9.0147583528370241 7.0078847532726538 1191.6494891085806 -0.016063693171499638 -0.031392183528678508 0.023557454350420483 0
2628 1 1 300499200 13036439.163475258 166472741.5571484 8336494.0405914653 -23.493136261934271 8.6026793480319963 6.9898688721453448 1191.5536928037295 -0.01637205102362152 -0.032139725160027194 0.026232425292981653 0
2629 1 1 300585600 11005275.220220463 167198305.0492619 8939602.1809354462 -23.523671538359118 8.1932065180674716 6.9707946522499444 1191.4529159625408 -0.016639695184194694 -0.032898996064761106 0.02904081969788844 0
2630 1 1 300672000 8971698.5776611753 167888602.78870964 9541018.0230343714 -23.549003366049281 7.7863428466944109 6.9507018929828739 1191.3468423085201 -0.016864617208295959 -0.033669360295105859 0.031990085779922704 0
2631 1 1 300758400 6936154.3054920435 168543860.28005788 10140655.266711064 -23.569235535547577 7.3820897837779391 6.9296299059448732 1191.23514077764 -0.017044753007875287 -0.034450262243727804 0.035087801344838278 0
2632 1 1 300844800 4899078.6518869875 169164303.09095475 10738430.988736259 -23.584468471614624 6.9804473578944144 6.9076175566726894 1191.1174644269158 -0.017177978488873955 -0.035241222013992053 0.038341701025704535 0
2633 1 1 300931200 2860899.3308432866 169750156.73396149 11334265.606128959 -23.594799313044422 6.5814142824874518 6.8847033073906871 1190.9934494205374 -0.017262106267620016 -0.036041830678101155 0.041759700487686784 0
2634 1 1 301017600 822035.80269911827 170301646.55729055 11928082.843187304 -23.600321990862525 6.1849880559255315 6.8609252605823938 1190.8627140801952 -0.017294882888622923 -0.036851746557737576 0.045349917893343583 0
2635 1 1 301104000 -1217100.4520339642 170818997.64393613 12519809.702313367 -23.601127304870694 5.7911650557738898 6.8363212032190113 1190.7248579877346 -0.017273986744012808 -0.037670691665298225 0.049120693221065409 0
2636 1 1 301190400 -3256105.6653796202 171302434.7187109 13109376.438682662 -23.597302998510084 5.3999406275902881 6.8109286515038328 1190.5794611302715 -0.017197026312059934 -0.03849844885360091 0.053080605393637383 0
2637 1 1 301276800 -5294583.520999698 171752182.06272858 13696716.538797153 -23.588933832012252 5.0113091685166724 6.784784896006844 1190.4260830791482 -0.017061538721117712 -0.039334859558699732 0.057238487650422422 0
2638 1 1 301363200 -7332144.8995425263 172168463.43489289 14281766.702951305 -23.576101653810078 4.6252642059337097 6.7579270470939479 1190.2642621953844 -0.016864988402723591 -0.040179822002924442 0.061603441434003633 0
2639 1 1 301449600 -9368407.6300850417 172551501.99997923 14864466.831632666 -23.558885470186031 4.2417984714273906 6.730392080561705 1190.093514855512 -0.016604765965733539 -0.041033289993171546 0.066184848692241116 0
2640 1 1 301536000 -11402996.247516112 172901520.26291138 15444760.015871389 -23.537361513150781 3.8609039703133372 6.7022168834010678 1189.9133346927886 -0.016278187255577236 -0.041895271912744447 0.070992382996033096 0
2641 1 1 301622400 -13435541.755707018 173218740.00886363 16022592.531547248 -23.511603306516808 3.4825720469413901 6.6734382996354924 1189.7231918494115 -0.015882491870239199 -0.04276583047503623 0.076036019569401772 0
2642 1 1 301708800 -15465681.396312879 173503382.2488288 16597913.8376584 -23.481681730184047 3.1067934459967739 6.6440931761790569 1189.52253223612 -0.015414842808849619 -0.043645082505019188 0.081326044158125235 0
2643 1 1 301795200 -17493058.423051089 173755667.17031863 17170676.578551602 -23.447665082619281 2.7335583699987978 6.6142184086760558 1189.3107767962028 -0.014872324684230916 -0.044533199498344049 0.086873061149701461 0
2644 1 1 301881600 -19517321.881298847 173975814.09287345 17740836.590110894 -23.409619141516771 2.3628565331962093 6.5838509872831343 1189.0873207718014 -0.014251943051504932 -0.045430407969695052 0.092688000514381239 0
2645 1 1 301968000 -21538126.392854348 174164041.42808008 18308352.909898061 -23.367607222660194 1.9946772120366625 6.5530280423619134 1188.8515329705426 -0.01355062292141491 -0.046336990754716402 0.098782124149487935 0
2646 1 1 302054400 -23555131.945705328 174320566.64380938 18873187.791236531 -23.32169023697649 1.6290092923976587 6.5217868900647247 1188.6027550311617 -0.012765207672087716 -0.047253287632295977 0.1051670313458066 0
2647 1 1 302140800 -25568003.688649707 174445606.23239943 19435306.721228272 -23.271926745798005 1.2658413137420219 6.4901650777875481 1188.3403006871454 -0.01189245761323434 -0.048179697204073522 0.11185466345871671 0
2648 1 1 302227200 -27576411.730613578 174539375.68252698 19994678.442691512 -23.218373014339484 0.90516151033619019 6.4582004294743891 1188.0634550275199 -0.010929048698207393 -0.04911667836635223 0.11885730787329292 0
2649 1 1 302313600 -29580030.944513351 174602089.45451918 20551274.980005559 -23.161083063412306 0.54695784971861283 6.4259310907491951 1187.771473755121 -0.0098715711537836863 -0.050064751762810618 0.12618760098880549 0
2650 1 1 302400000 -31578540.775509901 174633960.95887545 21105071.668847166 -23.100108719376507 0.19121806853744513 6.3933955738702766 1187.4635824418706 -0.0087165277528083399 -0.051024502095591333 0.13385853087526842 0
2651 1 1 302486400 -33571625.053503186 174635202.5377759 21656047.189803105 -23.035499662354752 -0.1620702941117852 6.3606328024948331 1187.1389757812374 -0.0074603324885737041 -0.05199657999262923 0.1418834387468062 0
2652 1 1 302572800 -35558971.809718587 174606025.44936761 22204183.605841182 -22.967303472736198 -0.51291986570458203 6.3276821562306758 1186.7968168388841 -0.006099308971973378 -0.052981704219307549 0.15027601983913014 0
2653 1 1 302659200 -37540273.097237773 174546639.85463068 22749466.403621402 -22.895565675986234 -0.86134341154221294 6.2945835149755887 1186.4362363018868 -0.0046296889447294872 -0.053980663810021826 0.15905032357073012 0
2654 1 1 302745600 -39515224.81532906 174457254.80663428 23291884.538628347 -22.820329785790147 -1.2073538081407733 6.2613773030301276 1186.0563317274402 -0.0030476107548094333 -0.054994320762691375 0.16822075275106638 0
2655 1 1 302832000 -41483526.537433997 174338078.24200502 23831430.484104749 -22.74163734554838 -1.5509640186296851 6.2281045329716571 1185.6561667923909 -0.0013491177315681563 -0.056023611978069772 0.17780206203877919 0
2656 1 1 302918400 -43444881.342669122 174189316.97443733 24368100.283764698 -22.659527968260065 -1.8921870700510139 6.1948068492696482 1185.2347705452203 0.00046984306670775548 -0.057069551983507855 0.18780935525596476 0
2657 1 1 303004800 -45398995.650704935 174011176.69008565 24901893.608264156 -22.574039374812497 -2.2310360324872027 6.1615265716503336 1184.7911366611738 0.0024134225894056941 -0.058133235534103024 0.19825808250710494 0
2658 1 1 303091200 -47345579.059885345 173803861.94468617 25432813.815407041 -22.485207430719598 -2.5675239998960877 6.1283067381918066 1184.3242227026826 0.0044858706097134476 -0.059215839806276531 0.20916403550590268 0
2659 1 1 303177600 -49284344.188455693 173567576.16226244 25960868.01406211 -22.393066181332404 -2.9016640725726681 6.0951911481321757 1183.8329493869619 0.0066915374533169005 -0.060318627208841402 0.22054334266915049 0
2660 1 1 303264000 -51215006.518767066 173302521.63527974 26486067.131766256 -22.297647885541 -3.2334693411655486 6.0622244043903697 1183.3161998623075 0.009034874850229295 -0.061442947861919596 0.23241246272048174 0
2661 1 1 303350400 -53137284.244329818 173008899.52611607 27008425.985988226 -22.19898304802398 -3.5629528721505617 6.0294519557754418 1182.7728189956797 0.011520436898692199 -0.06259024201669483 0.24478817751560297 0
2662 1 1 303436800 -55050898.119590573 172686909.86972788 27527963.359026007 -22.097100450050885 -3.8901276946951135 5.9969201388913831 1182.2016126731262 0.014152881198861416 -0.063762042698075297 0.25768758396066666 0
2663 1 1 303523200 -56955571.312309891 172336751.57739308 28044702.076510999 -21.99202717888625 -4.2150067888432163 5.9646762197160674 1181.6013471156434 0.016936969147279067 -0.064959978122829901 0.27112808447349535 0
2664 1 1 303609600 -58851029.258421429 171958622.44142079 28558669.089489814 -21.883788655836284 -4.5376030749504608 5.9327684348391303 1180.9707482130316 0.019877566556982227 -0.066185774205446996 0.28512737658865089 0
2665 1 1 303696000 -60736999.519255869 171552719.14072186 29069895.560054339 -21.772408662933906 -4.8579294043017995 5.9012460323566289 1180.3085008779858 0.022979644370852724 -0.067441256824353396 0.29970344133279425 0
2666 1 1 303782400 -62613211.641013451 171119237.24714082 29578416.950489815 -21.657909368329946 -5.1759985508540112 5.8701593124132714 1179.6132484229918 0.026248278118548709 -0.068728354295694294 0.31487453050726305 0
2667 1 1 303868800 -64479397.016375907 170658371.23245564 30084273.115909953 -21.540311350411322 -5.4918232040533299 5.8395596673712404 1178.8835919630149 0.029688648424990076 -0.070049099698929043 0.33065915241799843 0
2668 1 1 303955200 -66335288.748147264 170170314.4759523 30587508.400346622 -21.419633620668062 -5.8054159626647248 5.8094996216153731 1178.1180898462394 0.033306040232366427 -0.07140563300187043 0.34707605708649608 0
2669 1 1 304041600 -68180621.514818579 169655259.27249241 31088171.736262538 -21.295893645355395 -6.1167893295531979 5.7800328709732716 1177.3152571161934 0.037105842523466867 -0.072800203060729721 0.36414421914621192 0
2670 1 1 304128000 -70015131.437952071 169113396.84099263 31586316.747452632 -21.169107365958698 -6.4259557073389457 5.7512143217428076 1176.4735650083144 0.04109354741932468 -0.074235170035627088 0.3818828202774685 0
2671 1 1 304214400 -71838555.951282129 168544917.33317876 32082001.855289754 -21.039289218485777 -6.7329273966714069 5.7231001290301498 1175.5914404823841 0.045274747587034883 -0.0757130234192811 0.40031122735017716 0
2672 1 1 304300800 -73650633.671517134 167950009.84310439 32575290.38838942 -20.906452153968949 -7.0377165749687229 5.6957477385286026 1174.667265802814 0.049655107446950925 -0.077236025702486361 0.41944903797586008 0
2673 1 1 304387200 -75451104.127053753 167328862.46706602 33066253.298326883 -20.770604085148626 -7.3403341020672856 5.6692804815945665 1173.6974845136276 0.054240747200549569 -0.078808413437907343 0.43931562953913605 0
2674 1 1 304473600 -77239708.728601933 166681661.33605123 33554945.120821416 -20.631795487604055 -7.6408207844763449 5.6429192320349681 1172.7048954308923 0.05787848168280612 -0.080844384772415429 0.43887841916510628 0
2675 1 1 304560000 -79016196.881749973 166008593.8089878 34041329.369182013 -20.490155743584545 -7.9390440078038447 5.6158755054083507 1171.7136951006223 0.059848028531055059 -0.078908691938336439 0.43896654977062516 0
2676 1 1 304646400 -80780328.763490945 165309864.16639006 34525351.192063197 -20.345775204244646 -8.2348543291764518 5.588233320656137 1170.7225309348139 0.061741610261346939 -0.07706332256366015 0.43903213763662585 0
2677 1 1 304732800 -82531868.583475441 164585679.72994116 35006958.798167683 -20.198677490676278 -8.5282775120764551 5.5599908281438539 1169.7313667695112 0.063562513025819459 -0.075305051416392293 0.43907739200398038 0
2678 1 1 304819200 -84270582.769607231 163836246.19551685 35486100.312575698 -20.048890009938987 -8.8193262586853152 5.5311478272876533 1168.7402026047339 0.065313924870746373 -0.073630712363856432 0.43910432634485569 0
2679 1 1 304905600 -85996240.071603611 163061768.186353 35962723.840876363 -19.896439105703532 -9.1080126972718265 5.5017040658137599 1167.7490384401071 0.066998905081041338 -0.072037278313693581 0.43911476546695294 0
2680 1 1 304992000 -87708611.469769344 162262449.30288425 36436777.464255378 -19.741350067841122 -9.3943483721399303 5.471659229429239 1166.7578742769304 0.068620776112744253 -0.070521551488417447 0.43911035043750801 0
2681 1 1 305078400 -89407465.667736188 161438495.12985504 36908209.22724767 -19.58353761433872 -9.6782709209100357 5.4410127738932239 1165.7665405337939 0.07018135700151143 -0.069081206617404384 0.43909265994970798 0
2682 1 1 305164800 -91092614.481538266 160590082.75181425 37376967.15708629 -19.424560448306405 -9.9608208047801394 5.4097654788642275 1164.7760454305653 0.036180895481060925 -0.09147444752931376 0.43911657706285168 0
2683 1 1 305251200 -92763998.220555156 159717304.52478513 37842999.786973655 -19.264445646746285 -10.241978993342276 5.3779307718286216 1163.7847128253986 0.037556497628254325 -0.08942615120943942 0.4394228862562411 0
2684 1 1 305337600 -94421433.123346239 158820339.9438495 38306256.990918688 -19.101681386903408 -10.520696581430141 5.3455191719701052 1162.7935486644433 0.038883913435450258 -0.087443732264700799 0.43970630534888139 0
2685 1 1 305424000 -96064696.188668162 157899396.02168399 38766688.810273014 -18.936397117962787 -10.797057687502548 5.3125280697921395 1161.8023845016257 0.040162921176197235 -0.08552667873311677 0.43996832498201138 0
2686 1 1 305510400 -97693570.522007465 156954676.01669717 39224245.102510706 -18.768612012334142 -11.071070119504791 5.2789557551796742 1160.8112203393853 0.041395820114449221 -0.08367275636320809 0.44021046775336387 0
2687 1 1 305596800 -99307840.849761203 155986382.53853431 39678875.575162306 -18.598344428331625 -11.342741091211279 5.2448004662294929 1159.8200561773442 0.042584417902458691 -0.081880073003718037 0.44043412787477604 0
2688 1 1 305683200 -100907293.45115528 154994717.59852922 40130529.781071179 -18.42561195586056 -11.612077238238939 5.2100603834211965 1158.828892015503 0.043730486762876872 -0.080146765430617647 0.44064060243977904 0
2689 1 1 305769600 -102491716.09262414 153979882.65977693 40579157.113238886 -18.250431434492217 -11.879084615495138 5.1747336255763186 1157.8377278538667 0.044835744202873062 -0.078471012296405296 0.44083109721405989 0
2690 1 1 305856000 -104060897.96406767 152942078.68737486 41024706.799358018 -18.072818979609821 -12.143768695431072 5.1388182468067525 1156.8465636920796 0.045901786668559673 -0.076851023719164538 0.44100674159694031 0
2691 1 1 305942400 -105614629.616575 151881506.19935128 41467127.896103993 -17.892789974722291 -12.406134353658766 5.1023122323941381 1155.8553995311004 0.04693127006177765 -0.075285083754122142 0.44116846221655881 0
2692 1 1 306028800 -107152702.85987289 150798365.3049649 41906369.276421756 -17.710358059206985 -12.666186247118388 5.0652133190279622 1154.864235407757 0.047931683077193969 -0.07377596757029499 0.44131582836609684 0
2693 1 1 306115200 -108674908.62847634 149692849.54944956 42342378.804052033 -17.52548883375216 -12.924081175569572 5.0274995027632361 1153.8727458800577 0.048657600128591647 -0.072262901385288694 0.44148670538659046 0
2694 1 1 306201600 -110181066.37803343 148565211.29196253 42775112.824668944 -17.339129216164732 -13.177628154678237 4.9894811734150153 1152.8826917527101 0.030790803615919786 -0.021063149098440807 0.44845096740083268 0
2695 1 1 306288000 -111671021.56852135 147415874.77263328 43204546.853914335 -17.149714617610968 -13.427085558804201 4.9509631016029729 1151.891839367597 0.067568094347392998 -0.025575360120945037 0.44416264316232834 0
2696 1 1 306374400 -113144423.40039492 146245063.88636532 43630615.52085238 -16.95642295985882 -13.67463355622351 4.9116354037926264 1150.9005235129539 0.068670851993466814 -0.024312608013671921 0.44406442232863569 0
2697 1 1 306460800 -114601029.05632889 145052965.3008385 44053260.316978231 -16.760919794252736 -13.919855255269146 4.8717074639460209 1149.909359279832 0.068898449424984215 -0.022901202204685812 0.44410419791352229 0
2698 1 1 306547200 -116040644.565862 143839779.5735769 44472428.982691891 -16.563131695453084 -14.162762026036178 4.8311686535140712 1148.918195126008 0.069295847454808962 -0.021538503682420156 0.4441105474818654 0
2699 1 1 306633600 -117463072.41248974 142605706.6942738 44888068.558600664 -16.363059068345951 -14.403353752727631 4.790015235810837 1147.9270309661538 0.069666552842234081 -0.020188728209377657 0.4441159608349694 0
2700 1 1 306720000 -118868115.69340393 141350946.79584795 45300125.855992094 -16.160712828742653 -14.64162774527632 4.7482451654009159 1146.9358668122341 0.070017191204214804 -0.018852016682967251 0.44411957219070808 0
2701 1 1 306806400 -120255578.3912546 140075700.23542288 45708547.497354612 -15.956102732492971 -14.87758167112227 4.7058561380223116 1145.9447026252124 0.070344675533935447 -0.017540794635499183 0.44412154546653171 0
2702 1 1 306892800 -121625268.30445558 138780156.75172943 46113281.167069882 -15.749312027975654 -15.11148065726278 4.6628771312819994 1144.9526386349917 0.070668616846364343 -0.016189298069469636 0.44412143972233498 0
2703 1 1 306979200 -122976965.9526851 137464607.93282196 46514262.594332032 -15.539302605176418 -15.339530780755462 4.6188661842933394 1143.964730690592 0.094726385789798209 0.071145996252143781 0.43412574106184054 0
2704 1 1 307065600 -124310366.47138004 136129657.48341975 46911390.783029944 -15.326082838540449 -15.561729565279011 4.5738102184800162 1142.9726679897965 0.094989515033572752 0.072300572299394975 0.4338774242558221 0
2705 1 1 307152000 -125625255.79277445 134775592.51398557 47304601.660604656 -15.110805589358048 -15.781985577259368 4.5281887292872796 1141.9812034337999 0.095236350259640334 0.073440921029944414 0.43363172013529711 0
2706 1 1 307238400 -126921412.23358701 133402643.88486855 47693823.168791309 -14.8920445121444 -15.998348137997136 4.4812464538392245 1140.9911178352218 0.12627219419304106 0.11246590970652785 0.41702128498142405 0
2707 1 1 307324800 -128198499.67601867 132011191.42960401 48078922.203414075 -14.669801419048753 -16.210818699345317 4.4329761910544407 1139.9996537044246 0.12659111235163045 0.11335056924091325 0.41668493940426721 0
2708 1 1 307411200 -129456294.07771471 130601476.80753954 48459824.458110213 -14.445441734763376 -16.421074598512511 4.3840952156003432 1139.0084895297582 0.12684974172977861 0.11421184356513424 0.41637098579577059 0
2709 1 1 307497600 -130694608.53648989 129173697.18819508 48836474.741382793 -14.218878137796692 -16.628988456262046 4.3345504889252275 1138.017325373602 0.12708112943540351 0.11509046186190403 0.41605837586790129 0
2710 1 1 307584000 -131913252.97530007 127728055.30681524 49208815.592546619 -13.990118540241783 -16.834551459322867 4.2843394416865817 1137.0261612143472 0.1272789112322395 0.1159777790214561 0.41575140833049024 0
2711 1 1 307670400 -133112038.0015341 126264754.65252526 49576789.335824832 -13.759170778495616 -17.037754847658601 4.2334596022421325 1136.0349970552213 0.12744343728628188 0.1168735766950952 0.41545004195829993 0
2712 1 1 307756800 -134290774.87960002 124783999.49078599 49940338.075125322 -13.526042231101245 -17.238589414883226 4.1819083455521984 1135.0438328960986 0.12757477995682226 0.11777729416386877 0.41515441042870532 0
2713 1 1 307843200 -135449275.49328652 123285994.90043789 50299403.681825913 -13.29073985807543 -17.437045537029238 4.1296829139083675 1134.0526687369777 0.12767301200114425 0.11868837677804092 0.41486464205129542 0
2714 1 1 307929600 -136587352.30984682 121770946.81036605 50653927.783266895 -13.053270206620212 -17.633113159009351 4.0767804159256658 1133.0615045778579 0.12773820655030574 0.11960627645121104 0.41458085968938307 0
2715 1 1 308016000 -137704818.34461391 120239062.03729559 51003851.751180947 -12.813639417649743 -17.826781781927114 4.023197826061546 1132.0703404187407 0.12777043717392397 0.12053045132368681 0.41430318088097351 0
2716 1 1 308102400 -138801487.12617823 118690548.32469326 51349116.690079927 -12.571853232287214 -18.018040450147407 3.9689319841077086 1131.0791762596252 0.12776977727073613 0.12146036559401614 0.41403171811584011 0
2717 1 1 308188800 -139877172.66212562 117125614.38279739 51689663.425597221 -12.327916998346607 -18.206877738116507 3.9139795946588012 1130.0880121005107 0.12773630001330794 0.12239548903810042 0.41376657902981295 0
2718 1 1 308275200 -140931689.40533447 115544469.92979759 52025432.492782518 -12.081835676788042 -18.393281736918091 3.8583372265530906 1129.0968479413973 0.12767007818121578 0.12333529681154648 0.41350786654864258 0
2719 1 1 308361600 -141964852.22083044 113947325.73418835 52356364.124347679 -11.833613848176427 -18.577240040542303 3.8020013122900962 1128.1056837822857 0.1275711837158007 0.12427926913568828 0.41325567914845229 0
2720 1 1 308448000 -142976476.35319993 112334393.65832181 52682398.238860965 -11.583255719143406 -18.758739731861418 3.7449681474259178 1127.1145196231748 0.12743968776425135 0.12522689091699149 0.41301011098254492 0
2721 1 1 308534400 -143966377.39456129 110705886.70318513 53003474.428888232 -11.330765128868366 -18.937767368288405 3.6872338899466839 1126.1233554640646 0.12727566015928124 0.12617765160114669 0.41277125210876642 0
2722 1 1 308620800 -144934371.25309786 109062019.05443184 53319531.949079059 -11.076145555578361 -19.114308967106457 3.628794559619378 1125.1321913049555 0.12707916970502131 0.12713104469505193 0.41253918856494964 0
2723 1 1 308707200 -145880274.12215409 107403006.12969486 53630509.70419582 -10.81940012308732 -19.288349990459867 3.5696460373261871 1124.1410271458462 0.12685028348797828 0.12808656749217159 0.41231400268132162 0
2724 1 1 308793600 -146803902.44989842 105729064.62721211 53936346.237084851 -10.560531607385991 -19.459875329975777 3.5097840643797045 1123.1498629867381 0.12658906718658525 0.12904372087213453 0.41209577305804146 0
2725 1 1 308880000 -147705072.90955749 104040412.57579708 54236979.716587104 -10.299542443282069 -19.628869291008638 3.4492042418193112 1122.1586988276299 0.12629558464938989 0.13000200884852803 0.41188457484277807 0
2726 1 1 308966400 -148583602.37022826 102337269.38618752 54532347.925387911 -10.036434731128105 -19.795315576489802 3.3879020296980338 1121.1675346685222 0.12596989771965172 0.13096093836743544 0.41168047985108702 0
2727 1 1 309052800 -149439307.86827439 100619855.90380764 54822388.247804366 -9.7712102436240666 -19.959197270358622 3.3258727463518705 1120.1763705094138 0.12561206636884664 0.13192001895902095 0.4114835566342841 0
2728 1 1 309139200 -150272006.5793139 98888394.462979734 55107037.657509007 -9.5038704327190526 -20.120496820566416 3.2631115676597977 1119.1852063503056 0.12522214833321571 0.13287876234134213 0.41129387071222839 0
2729 1 1 309225600 -151081515.79080939 97143108.942624673 55386232.705189206 -9.234416436628246 -20.27919602162758 3.1996135262948942 1118.194042191197 0.12480019920867906 0.13383668221109335 0.41111148460265717 0
2730 1 1 309312000 -151867652.87526828 95384224.823488936 55659909.506141603 -8.9628490869827342 -20.43527599669552 3.1353735109685084 1117.2028780320886 0.12434627206522471 0.13479329390791828 0.41093645803327639 0
2731 1 1 309398400 -152630235.26406896 93611969.24694252 55928003.72780098 -8.6891689161151984 -20.588717179153591 3.0703862656692711 1116.2117138729795 0.12386041782027835 0.13574811399756814 0.41076884794673674 0
2732 1 1 309484800 -153369080.42192066 91826571.075388402 56190450.577203244 -8.4133761645099643 -20.73949929368915 3.0046463888992561 1115.2205497138705 0.12334268462386384 0.1367006601636517 0.41060870870038774 0
2733 1 1 309571200 -154084005.82197696 90028260.954330817 56447184.788382441 -8.1354707884363116 -20.887601336837466 2.9381483329130247 1114.22938555476 0.12279311821948675 0.13765045063265086 0.41045609212017231 0
2734 1 1 309657600 -154774828.92161569 88217271.376147673 56698140.609702155 -7.8554524677677247 -21.033001556975421 2.8708864029582646 1113.2382213956489 0.12221176166347068 0.13859700402043318 0.41031104760616799 0
2735 1 1 309744000 -155441367.13890424 86393836.745616511 56943251.791121617 -7.573320614023733 -21.175677433738549 2.8028547565250261 1112.2470572365366 0.12159865534811007 0.13953983885839749 0.41017362224904713 0
2736 1 1 309830400 -156083437.82976949 84558193.447244212 57182451.571397267 -7.2890743786491043 -21.315605656832535 2.7340474026031152 1111.255893077423 0.12095383684075038 0.14047847355821552 0.41004386084936678 0
2737 1 1 309916800 -156700858.265894 82710579.914455175 57415672.665220812 -7.0027126615451625 -21.452762104227983 2.664458200953586 1110.2647289183076 0.12027734107301744 0.14141242567180928 0.40992180606796225 0
2738 1 1 310003200 -157293445.61336124 80851236.700689629 57642847.250294968 -6.7142341198765383 -21.587121819712301 2.5940808613977722 1109.2735647591905 0.11956920016443512 0.14234121189324533 0.40980749842920089 0
2739 1 1 310089600 -157861016.91207463 78980406.552471414 57863906.954348691 -6.4236371771908658 -21.718658989765419 2.522908943129333 1108.2824006000715 0.11882944334151498 0.14326434749895897 0.40970097648265763 0
2740 1 1 310176000 -158403389.05597833 77098334.484503165 58078782.84209419 -6.130920032860252 -21.847346919736054 2.4509358540497299 1107.291236440951 0.11805809709558555 0.14418134629274884 0.40960227671654825 0
2741 1 1 310262400 -158920378.77410942 75205267.856851071 58287405.402127728 -5.8360806718814038 -21.973158009301624 2.378154850138519 1106.3000722818281 0.11725518491770344 0.14509171983959282 0.40951143383781641 0
2742 1 1 310348800 -159411802.6125128 73301456.454281911 58489704.533777624 -5.5391168750533408 -22.096063727175867 2.3045590348578666 1105.3089081227022 0.11642072764840029 0.1459949775906686 0.40942848055810332 0
2743 1 1 310435200 -159877476.91705242 71387152.567818984 58685609.533902355 -5.2400262295626927 -22.216034585037242 2.230141358597594 1104.3177439635745 0.11555474320809435 0.14689062609284395 0.40935344787623773 0
2744 1 1 310521600 -160317217.81715667 69462611.078585088 58875049.083643153 -4.9388061400173049 -22.333040110653823 2.1548946181711308 1103.326579804444 0.11465724676083318 0.14777816902234409 0.40928636493979237 0
2745 1 1 310608000 -160730841.21053696 67528089.544003427 59057951.235134743 -4.6354538399476377 -22.447048820165076 2.0788114563614557 1102.3354156453099 0.11372825070501849 0.14865710658701842 0.40922725917606262 0
2746 1 1 310694400 -161118162.74892217 65583848.286430806 59234243.398180053 -4.3299664038304551 -22.558028189503933 2.0018843615345072 1101.3442514861731 0.11276776447554719 0.1495269352741922 0.40917615634674392 0
2747 1 1 310780800 -161478997.82485455 63630150.484298199 59403852.326894179 -4.0223407596394551 -22.665944624919675 1.9241056673158565 1100.3530873270333 0.11177579517826877 0.15038714740418244 0.40913308043703633 0
2748 1 1 310867200 -161813161.55959514 61667262.265838251 59566704.10632351 -3.7125737019869196 -22.770763432570021 1.8454675523457884 1099.3619231678899 0.11075234689292199 0.15123723087475999 0.4090980538392287 0
2749 1 1 310953600 -162120468.79219195 59695452.805481426 59722724.139047608 -3.4006619058969707 -22.872448787148361 1.7659620401211116 1098.3707590087431 0.10969742131697782 0.1520766687144843 0.40907109723018864 0
2750 1 1 311040000 -162400734.06976566 57714994.42300529 59871837.131771185 -3.086601941231649 -22.970963699521391 1.6855809989302522 1097.3795948495922 0.10861101752675496 0.15290493863935023 0.40905222968650279 0
2751 1 1 311126400 -162653771.6390726 55726162.685524546 60013967.0819152 -2.7703902878395339 -23.066269983327288 1.6043161418927208 1096.3884306904363 0.10749313215727153 0.15372151289924499 0.40904146857132545 0
2752 1 1 311212800 -162879395.43940946 53729236.512412742 60149037.264215834 -2.4520233514612237 -23.15832822050707 1.5221590271128631 1095.397266531277 0.1063437594424555 0.15452585765601309 0.40903882962784688 0
2753 1 1 311299200 -163077419.09692582 51724498.283249371 60276970.217342593 -2.1314974804463871 -23.247097725737355 1.4391010579622512 1094.4061023721129 0.10516289134824995 0.15531743271454224 0.40904432691120385 0
2754 1 1 311385600 -163247655.92041954 49712233.948889315 60397687.73054634 -1.8088089833361811 -23.332536509715979 1.3551334834988711 1093.4149382129431 0.10395051763109063 0.15609569110467159 0.40905797278965633 0
2755 1 1 311472000 -163389918.89868897 47692733.145754628 60511110.830350235 -1.48395414736549 -23.414601241272717 1.270247399039715 1092.4237740537694 0.10270662603448627 0.15686007859407031 0.40907977793099753 0
2756 1 1 311558400 -163504020.69952729 45666289.313452773 60617159.767297201 -1.1569292579541333 -23.493247208255635 1.1844337468993276 1091.4326098945901 0.10143120220156636 0.15761003345735067 0.40910975125694293 0
2757 1 1 311644800 -163589773.67044476 43633199.815828554 60715754.00276874 -0.82773061923625424 -23.56842827715359 1.0976833173060507 1090.4414457354046 0.100124230179107 0.15834498595736365 0.40914789985187938 0
2758 1 1 311731200 -163646989.84121236 41593766.065560289 60806812.19589141 -0.49635457571069924 -23.640096851423774 1.0099867495199328 1089.4502815762132 0.098785692055213037 0.15906435788525322 0.40919422905965419 0
2759 1 1 311817600 -163675480.92832735 39548293.65241421 60890252.19054921 -0.16279753507875605 -23.708203828473891 0.92133453316527503 1088.459117417015 0.097415568602802871 0.15976756219348723 0.40924874228828462 0
2760 1 1 311904000 -163675058.34150496 37497092.475275435 60965991.002520733 0.17294400766938092 -23.772698555256131 0.83171700979301511 1087.4679532578107 0.096013839223171915 0.16045400252741809 0.40931144102084199 0
2761 1 1 311990400 -163645533.19230983 35440476.878077 61033944.806762375 0.51087344480710084 -23.833528782428569 0.74112437470053183 1086.4767890986 0.094580481986742071 0.16112307285449945 0.40938232475410957 0
2762 1 1 312076800 -163586716.30504596 33378765.789753016 61094028.924860314 0.85099402900319676 -23.890640617038365 0.64954667902367913 1085.4856249393829 0.093115474116618469 0.16177415698864483 0.40946139086689315 0
2763 1 1 312163200 -163498418.23003408 31312282.868344959 61146157.812676132 1.1933088449412395 -23.943978473692631 0.55697383212899521 1084.4944607801579 0.09161879204333126 0.16240662798434061 0.40954863463485852 0
2764 1 1 312249600 -163380449.25940895 29241356.649394423 61190245.048212707 1.5378207793132184 -23.993485024153525 0.46339560432796029 1083.5032966209249 0.090090411564737072 0.16301984799596048 0.40964404902728691 0
2765 1 1 312336000 -163232619.44558427 27166320.698760547 61226203.319729581 1.8845324890987405 -24.039101145318391 0.36880162993963705 1082.5121324616834 0.088530308192378143 0.16361316751312555 0.40974762470047887 0
2766 1 1 312422400 -163054738.62253487 25087513.770002898 61253944.414139077 2.233446368022046 -24.080765865543949 0.2731814107326172 1081.5209683024339 0.086938457359683086 0.16418592506548327 0.40985934982907252 0
2767 1 1 312508800 -162846616.43006068 23005279.966475535 61273379.205717273 2.5845645110653308 -24.118416309262638 0.17652431977647506 1080.5298041431761 0.085314834667707215 0.16473744655127023 0.40997921006971705 0
2768 1 1 312595200 -162608062.34120485 20919968.908282008 61284417.645166345 2.937888676926002 -24.151987639832395 0.078819605729173348 1079.5386399839078 0.083659416297101316 0.16526704513746851 0.41010718825248388 0
2769 1 1 312681600 -162338885.69300869 18831935.904245768 61286968.749067724 3.2934202482739368 -24.181413000589359 -0.019943602394610991 1078.5474758246316 0.081972179004851417 0.16577402022625712 0.41024326452389331 0
2770 1 1 312768000 -162038895.72080132 16741542.129052604 61280940.589769483 3.6511601896874857 -24.206623454055602 -0.11977628993976326 1077.5563116653445 0.080253100882189052 0.16625765734905112 0.41038741595180367 0
2771 1 1 312854400 -161707901.59622753 14649154.805728193 61266240.285753317 4.011109003117233 -24.227547919229021 -0.22068955078051886 1076.5651475060477 0.078502161279941751 0.16671722762739202 0.41053961646425113 0
2772 1 1 312940800 -161345712.46923745 12555147.393617222 61242773.992531076 4.3732666807164717 -24.244113106938304 -0.32269458088695308 1075.5739833467399 0.076719341470987051 0.16715198706075338 0.4106998367006004 0
2773 1 1 313027200 -160952137.51427054 10459899.782033274 61210446.894124553 4.7376326548879373 -24.256243453205947 -0.42580267124892374 1074.5828191874209 0.074904624873105882 0.16756117617921465 0.41086804379272118 0
2774 1 1 313113600 -160526985.98088169 8363798.4897543723 61169163.19518619 5.1042057453614564 -24.263861050565222 -0.53002520010906073 1073.5916550280906 0.073057997532046101 0.16794401950363788 0.41104420116280588 0
2775 1 1 313200000 -160070067.24907541 6267236.8705421239 61118826.113822691 5.4729841031254924 -24.266885577302716 -0.6353736244466569 1072.6004908687471 0.071179448523394057 0.16829972488042469 0.41122826837789117 0
2776 1 1 313286400 -159581190.88962683 4170615.3248656369 61059337.875188798 5.8439651510130943 -24.265234224574876 -0.74185947065862268 1071.6093267093918 0.069268970410949121 0.16862748312141029 0.41142020085837483 0
2777 1 1 313372800 -159060166.72968823 2074341.5180160808 60990599.705923013 6.2171455207379589 -24.258821621358059 -0.84949432437705175 1070.6181625500228 0.067326559760245597 0.16892646734818687 0.41161994968673721 0
2778 1 1 313459200 -158506804.92399627 -21169.395199673447 60912511.829502784 6.5925209861604843 -24.24755975719502 -0.95828981935777946 1069.6269983906402 0.065352217648282654 0.16919583260853716 0.41182746129460013 0
2779 1 1 313545600 -157920916.03201696 -2115494.5389944236 60824973.462602451 6.9700863925481844 -24.231357902713786 -1.0682576253652494 1068.6358342312433 0.063345950183245237 0.16943471501938653 0.41204267733049338 0
2780 1 1 313632000 -157302311.10138458 -4208203.0781714115 60727882.812543958 7.3498355815803924 -24.2101225278765 -1.1794094349829825 1067.6446700718316 0.061307769034586915 0.16964223161467623 0.41226553422375034 0
2781 1 1 313718400 -156650801.75801226 -6298855.9725323888 60621137.075936228 7.7317613118470874 -24.183757217933518 -1.2917569492704546 1066.6535059124046 0.059237692256488846 0.16981747946915629 0.41249596298978275 0
2782 1 1 313804800 -155966200.3032774 -8387005.7239248343 60504632.438606955 8.1158551745494858 -24.152162587067831 -1.4053118621755261 1065.662341752962 0.057135744612395421 0.16995953542367523 0.41273388885110418 0
2783 1 1 313891200 -155248319.81870785 -10472196.115727235 60378264.0769381 8.5021075041104304 -24.1152361897113 -1.5200858436117961 1064.6711775935028 0.05500195853168359 0.17006745527561562 0.41297923097143208 0
2784 1 1 313977600 -154496974.278622 -12553961.944571516 60241926.160724834 8.8905072833901322 -24.072872429524388 -1.6360905211034116 1063.6800134340267 0.052836374674767914 0.17014027352472838 0.41323190200680071 0
2785 1 1 314064000 -153711978.67120427 -14631828.744100019 60095511.857685864 9.2810420431606566 -24.024962466039803 -1.7533374598887459 1062.6888492745329 0.050639042684189728 0.1701770025514811 0.41349180784946882 0
2786 1 1 314150400 -152893149.12852573 -16705312.500556255 59938913.339763694 9.67369775549896 -23.971394118980115 -1.8718381413706953 1061.6976851150209 0.048410022056671928 0.17017663236209826 0.41375884711069055 0
2787 1 1 314236800 -152040303.06605172 -18773919.360008337 59772021.791362241 10.068458720725998 -23.912051770262849 -1.9916039397941472 1060.7065209554896 0.04614938298406069 0.17013812987912977 0.41403291078297488 0
2788 1 1 314323200 -151153259.33221102 -20837145.327007465 59594727.419680908 10.465307447486303 -23.846816263736279 -2.1126460970141725 1059.7153567959376 0.043857207095968728 0.17006043848239139 0.41431388179605816 0
2789 1 1 314409600 -150231838.36863789 -22894475.954486419 59406919.467316374 10.864224525555651 -23.775564802670203 -2.2349756952245818 1058.7241926363645 0.041533588510988803 0.16994247769873058 0.41460163446254811 0
2790 1 1 314496000 -149275862.38173246 -24945386.024706692 59208486.227313504 11.265188490941259 -23.69817084507989 -2.3586036274907176 1057.7330284767704 0.039178634815898492 0.16978314240563649 0.41489603412039244 0
2791 1 1 314582400 -148285155.52622744 -26989339.221070908 58999315.060863458 11.668175682792626 -23.614503996952607 -2.4835405659283616 1056.7418643171552 0.036792467954054019 0.16958130267903324 0.41519693650547568 0
2792 1 1 314668800 -147259544.1014885 -29025787.790622156 58779292.417858489 12.073160091633563 -23.524429903465677 -2.609796927361467 1055.7507001575166 0.034375225427688699 0.16933580316634034 0.41550418727469646 0
2793 1 1 314755200 -146198856.7613211 -31054172.197062355 58548303.860529378 12.480113198398717 -23.427810138319732 -2.7373828362741057 1054.7595359978541 0.031927061400798255 0.16904546285914857 0.4158176213642778 0
2794 1 1 314841600 -145102924.73805496 -33073920.764148716 58306234.090411365 12.889003804856612 -23.324502091727407 -2.8663080847731393 1053.7683718379251 0.029448147219466762 0.16870907476441949 0.41613706241750942 0
2795 1 1 314928000 -143971582.0833542 -35084449.308774024 58052966.978772327 13.299797809050075 -23.214358841242248 -2.9965820929850553 1052.7772076837769 0.026938328778019344 0.1683255263882098 0.41646229554280112 0
2796 1 1 315014400 -142804665.91082159 -37085160.769097321 57788385.60207741 13.712458529407051 -23.097229215523971 -3.1282138206585599 1051.7860434953795 0.024405709972265745 0.16789081155090915 0.41679375801171342 0
2797 1 1 315100800 -141602008.71435311 -39075447.332111165 57512373.539266571 14.127142041624428 -22.97301941900319 -3.2611806410197257 1050.7944368034916 0.021810133100440693 0.16741757277695818 0.41712788736742712 0
2798 1 1 315187200 -140363520.74383944 -41054664.053182155 57224801.982627779 14.541036170907725 -22.840693094563246 -3.3959272959577045 1049.8048291110756 -0.038507122715979065 0.18512958611545047 0.40834328431462974 0
2799 1 1 315273600 -139089344.79494482 -43022079.939883336 56925505.008831926 14.954067673058002 -22.700087664890308 -3.5324770848134346 1048.8132202631775 -0.041634009771374984 0.18447614355440639 0.40833217077478862 0
2800 1 1 315360000 -137779402.79167497 -44977021.944220908 56614350.35094481 15.368932210384674 -22.551913273201436 -3.6704136027796537 1047.8220560674604 -0.044768064752261014 0.18375556094944034 0.40832550030397791 0
2801 1 1 315446400 -136433547.79865405 -46918825.778356582 56291216.581685819 15.785376775603657 -22.395934012263794 -3.8097722078326921 1046.8308919136607 -0.047949375479810888 0.18297724544591565 0.40831383155622009 0
2802 1 1 315532800 -135051645.98000476 -48846809.426000394 55955980.618156791 16.203338723452333 -22.231971407389093 -3.9505577007525337 1045.8397277526642 -0.051170196804354445 0.18213720525909466 0.40829848079488379 0
2803 1 1 315619200 -133633569.08814837 -50760275.240473762 55608519.005645774 16.622751167036085 -22.059842065149891 -4.0927739033472026 1044.8485635918848 -0.054430835806619712 0.18123365905727126 0.40827888132758666 0
2804 1 1 315705600 -132179194.87064132 -52658509.507235423 55248707.999332458 17.043542173037196 -21.879357421590868 -4.2364236937135846 1043.8573994310266 -0.057731236096405236 0.18026467014188641 0.40825451997181617 0
2805 1 1 315792000 -130688407.51740018 -54540781.993123651 54876423.65004117 17.465634492534672 -21.690323647619543 -4.3815089091888746 1042.8662352700833 -0.061071306805946086 0.1792282393293638 0.40822485680309845 0
2806 1 1 315878400 -129161098.13414383 -56406345.486927867 54491541.898138575 17.888945229870828 -21.492541544923455 -4.5280302532142267 1041.8750711090531 -0.064450920276027682 0.17812230387718608 0.40818932339915082 0
2807 1 1 315964800 -127597165.24521397 -58254435.331133947 54093938.675776847 18.313385493469958 -21.285806445857531 -4.6759871952333052 1040.8839069479307 -0.067869908757427821 0.17694473605301619 0.40814732128042547 0
2808 1 1 316051200 -125996515.32743052 -60084268.94520811 53683490.018091038 18.738860026464209 -21.069908117848804 -4.8253778634450386 1039.892742786712 -0.071328061125082415 0.17569334209504728 0.40809822008875418 0
2809 1 1 316137600 -124359063.37677176 -61895045.340851016 53260072.18398796 19.165266816045815 -20.844630673273521 -4.9761989299455953 1038.9015786253924 -0.074825119336403664 0.17436586118774952 0.40804135570864314 0
2810 1 1 316224000 -122684733.50976506 -63685944.629740499 52823561.787205696 19.592496680428816 -20.609752485917415 -5.1284454877492713 1037.910414463968 -0.078360774852453061 0.17295996407746467 0.40797602845123793 0
2811 1 1 316310400 -120973459.60157357 -65456127.524383962 52373835.938368402 20.020432832271975 -20.365046115207591 -5.2821109191693019 1036.9192503024335 -0.081934664669040952 0.17147325263897256 0.40790150080011095 0
2812 1 1 316396800 -119225185.96286181 -67204734.83280699 51910772.398805231 20.448950417373766 -20.110278239553754 -5.4371867550067039 1035.9280861407838 -0.085546367409300161 0.16990325888088076 0.40781699528677007 0
2813 1 1 316483200 -117439868.05763072 -68930886.947930917 51434249.746954449 20.877916027412674 -19.845209600318881 -5.5936625239533919 1034.936921979014 -0.089195399109801315 0.16824744433466093 0.40772169215348159 0
2814 1 1 316569600 -115617473.2643178 -70633683.33262673 50944147.558223046 21.30718718549063 -19.569594958053479 -5.7515255916052821 1033.9457578171182 -0.092881208831608539 0.16650319987191975 0.40761472676829363 0
2815 1 1 316656000 -113757981.68256751 -72312202.00158295 50440346.599227943 21.736611803194585 -19.283183062847083 -5.9107609884389642 1032.9545936550908 -0.096603174319780896 0.16466784522246444 0.40749518704045151 0
2816 1 1 316742400 -111861386.98818778 -73965499.001295418 49922729.037400767 22.166027607891028 -18.985716640836756 -6.071351226076751 1031.9634294929263 -0.10036059719025835 0.16273862917263904 0.40736211054370902 0
2817 1 1 316828800 -109927697.33892168 -75592607.889667839 49391178.666998141 22.595261538944641 -18.676932399107464 -6.2332761011476174 1030.9722653306173 -0.10415269844565604 0.1607127298948488 0.4072144813930782 0
2818 1 1 316915200 -107956936.33377524 -77192539.21692057 48845581.152620636 23.02412911155303 -18.356561051483951 -6.396512486010538 1029.9811011681581 -0.10797861351827413 0.15858725543162516 0.40705122704315205 0
2819 1 1 317001600 -105949144.02875535 -78764280.009726837 48285824.291407906 23.452433746916036 -18.024327367958499 -6.5610341055809815 1028.9899370055412 -0.11183738740509001 0.15635924456921851 0.40687121477950133 0
2820 1 1 317088000 -103904378.01198149 -80306793.260749102 47711798.295144096 23.879966067446674 -17.679950250756246 -6.7268112994934448 1027.9987728427582 -0.11572797006528125 0.15402566830582418 0.40667324776473013 0
2821 1 1 317174400 -101822714.54123747 -81819017.426007375 47123396.093574256 24.306503156018596 -17.323142840167442 -6.8938107688004662 1027.0076086796835 -0.11964921156699336 0.15158343134204225 0.40645606098810882 0
2822 1 1 317260800 -99704249.747441381 -83299865.933087751 46520513.6603055 24.731807769310628 -16.953612661401824 -7.061995306334202 1026.0164445192938 -0.12359992196454288 0.14902931839514166 0.40621831759417054 0
2823 1 1 317347200 -97549100.904286787 -84748226.700633168 45903050.362743326 25.155627619535174 -16.571061716185632 -7.2313235098792923 1025.0252803416727 -0.12757726835665445 0.14636138383939662 0.40595860123819405 0
2824 1 1 317433600 -95357404.85123457 -86162958.98002623 45270909.517188266 25.57776664760236 -16.175120093245678 -7.4017450248121426 1024.0339901052596 -0.13158727196364112 0.1435698038074687 0.40567536441328522 0
2825 1 1 317520000 -93129349.495009705 -87542920.758620888 44623997.017305225 25.996924234030498 -15.766418888241709 -7.5732696872275946 1023.0432202350313 -0.15625747529143341 0.12160658571317284 0.40409830453335466 0
2826 1 1 317606400 -90865232.205096245 -88887020.179455534 43962217.592073657 26.412781837297054 -15.344635597948763 -7.7458660958700545 1022.0519296510472 -0.16060897923465267 0.11882358013080233 0.40321918678815583 0
2827 1 1 317692800 -88565295.42187658 -90194059.802595735 43285483.374430008 26.826018846429953 -14.908504836266266 -7.9194349284685517 1021.0607654701728 -0.16498919810161281 0.11590745930499877 0.40229842826842716 0
2828 1 1 317779200 -86229783.562889799 -91462789.388826758 42593713.081938609 27.236219931154153 -14.45777584448609 -8.0939116928587662 1020.0696013074203 -0.1694028437529812 0.11284685233924766 0.40133310908212783 0
2829 1 1 317865600 -83858974.535269693 -92691933.782184198 41886831.392856866 27.643020376699749 -13.992127104961623 -8.2692229900779495 1019.0784371411867 -0.17384590752221929 0.10963854830296908 0.40032110756715478 0
2830 1 1 317952000 -81453178.688586444 -93880189.933386043 41164769.616893366 28.046033710179806 -13.511234585355828 -8.4452886425517697 1018.0872729747474 -0.17831558246343018 0.10627787870187634 0.39926002247828035 0
2831 1 1 318038400 -79012740.74764365 -95026226.716299891 40427466.299645059 28.444850493920622 -13.014772510817522 -8.622021253175939 1017.0961088079482 -0.18280877284636776 0.10276018525622305 0.39814733064094737 0
2832 1 1 318124800 -76538041.845690623 -96128684.809765339 39674867.866736829 28.83903718283651 -12.502414130769871 -8.7993257299691514 1016.1049446407555 -0.1873221468334732 0.0990807723687957 0.39698036960598143 0
2833 1 1 318211200 -74029501.658266291 -97186176.650367096 38906929.309993044 29.228134939093959 -11.973832594751128 -8.9770987883450815 1015.1137804731985 -0.19185214083412064 0.095234922289093499 0.39575632102842662 0
2834 1 1 318297600 -71487583.203581005 -98197285.502489701 38123613.479543902 29.611594851200529 -11.428678051664225 -9.1552640982463895 1014.1225862531624 -0.19639490713499716 0.091217888900406968 0.39447222614017935 0
2835 1 1 318384000 -68912768.765495375 -99160575.523020357 37324906.664405614 29.989795561127952 -10.866961947382734 -9.3332005449114632 1013.1315666433544 -0.18303062965674294 0.080291904901991659 0.40317861874690941 0
2836 1 1 318470400 -66305513.154434629 -100074610.36073069 36510847.226766124 30.362184066679919 -10.288355602905987 -9.5107759876541671 1012.1403729432652 -0.1878456229975225 0.076096313770500135 0.40177527667990504 0
2837 1 1 318556800 -63666393.993725926 -100937897.65730596 35681444.215298958 30.727283621625407 -9.6921997856989286 -9.6883492440052006 1011.1492087725283 -0.19267917609265706 0.07170956058573219 0.40029048704766396 0
2838 1 1 318643200 -60996064.054469667 -101748908.82362422 34836705.899642259 31.084551905862448 -9.0782088634322218 -9.8657338171618996 1010.1580445952058 -0.19753212461545647 0.067134075276560914 0.39871553228042778 0
2839 1 1 318729600 -58295230.458227709 -102506085.45383713 33976653.550367542 31.433272549196015 -8.4459736882521419 -10.04281568312501 1009.1667031235037 -0.20237057501224917 0.062323538227636477 0.39706665303447475 0
2840 1 1 318816000 -55564627.687105812 -103207884.47038691 33101341.651230142 31.773864788776987 -7.7967289995738955 -10.21872657326487 1008.1761852142838 -0.18543171084714474 0.026844682847915413 0.40913866062142762 0
2841 1 1 318902400 -52804961.570292428 -103852862.54459335 32210896.532654211 32.105572037689988 -7.1301604930151123 -10.393305055775322 1007.1848484986239 -0.19130113627084894 0.022418016542111632 0.40669559598771132 0
2842 1 1 318988800 -50017095.989186756 -104439423.44379514 31305401.357214287 32.426506767546655 -6.4444442622851774 -10.567070167926159 1006.1936843326479 -0.19722339162618202 0.017778461651208784 0.40408768862312816 0
2843 1 1 319075200 -47201991.838281058 -104965907.18723628 30384937.789928902 32.735959773899118 -5.7394466073705619 -10.739758989766942 1005.2025201511184 -0.20315739146263179 0.012876832299191053 0.40132438436262191 0
2844 1 1 319161600 -44360676.624143608 -105430638.05391201 29449608.528525885 33.033102977013534 -5.0149440361079662 -10.911144354439633 1004.2113559705307 -0.20909966704762667 0.0077145823780872379 0.39839404420661634 0
2845 1 1 319248000 -41494251.132739305 -105831921.97012387 28499536.55443066 33.317068128158517 -4.2707358740168493 -11.080983727381506 1003.220191788128 -0.21503976751916906 0.0022849759069294992 0.39528809401549969 0
2846 1 1 319334400 -38603892.914525412 -106168048.6514121 27534866.502463803 33.586946382460262 -3.5066481083779015 -11.249018299144096 1002.2290276036911 -0.22096719300659873 -0.0034179459458715581 0.39199721588334741 0
2847 1 1 319420800 -35690859.824017175 -106437294.05736499 26555766.095554382 33.841787595066855 -2.7225369509969926 -11.414972320922461 1001.2378634127389 -0.22687085659071701 -0.0094001115724574088 0.3885115858403963 0
2848 1 1 319507200 -32756493.634330612 -106637923.14418995 25562427.623802993 34.080599112081465 -1.9182919719416511 -11.578552846401394 1000.2466992381084 -0.23274943844863877 -0.015656385350327019 0.38481498996219654 0
2849 1 1 319593600 -29802229.379999101 -106768187.09377965 24555066.918749467 34.302206140715086 -1.0936966343668582 -11.739511552137767 999.25516486207789 -0.23854376791242671 -0.022243274259029493 0.38092270546710644 0
2850 1 1 319680000 -26829539.43457469 -106826387.78453031 23533951.816116218 34.507534107147904 -0.25077545560807946 -11.896616140106746 998.26538381685737 -0.20489263908047231 -0.069754807915464109 0.39452917917856978 0
2851 1 1 319766400 -23839831.570556328 -106810995.13145189 22499451.037547786 34.695300547768305 0.61046521789808461 -12.049600708737392 997.27387356969268 -0.21407057965399012 -0.076587758075755061 0.38834018880298021 0
2852 1 1 319852800 -20834812.42216552 -106720304.46190016 21451882.345934693 34.861745239996047 1.4922195110894962 -12.199046921840674 996.27723410836245 -0.22315961623030448 -0.083822001838186971 0.38167218616475351 0
2853 1 1 319939200 -17816182.935040269 -106552644.6337992 20391558.537973057 35.012015616512137 2.3912587472158324 -12.344952196150832 995.33597092059756 -0.10928109046294303 -0.14860428265638584 0.36367016880476261 0
2854 1 1 320025600 -14785224.418058103 -106306588.16826321 19318744.647957213 35.145152654628674 3.3079759802969395 -12.488404312004326 994.47576980405302 -0.11215669734603209 -0.14377589006077809 0.32489311185490921 0
2855 1 1 320112000 -11743805.74250027 -105980420.98058619 18233621.507507391 35.25397349128707 4.245610749232049 -12.629764698675421 993.69127024428326 -0.1139475186691231 -0.13893453395192026 0.28893875312247053 0
2856 1 1 320198400 -8694061.4927866068 -105572360.60620108 17136404.765813205 35.33766480187527 5.2035908040961552 -12.768226774814988 992.97480535141608 -0.11464827258716001 -0.13417918394201026 0.25577972404368715 0
2857 1 1 320284800 -5638217.6239312664 -105080665.95436519 16027376.30145788 35.394952221708699 6.1815156420427311 -12.903061777854953 992.3206620862818 -0.11436732328314927 -0.12943566941513535 0.22519272339971519 0
2858 1 1 320371200 -2578612.9060407588 -104503635.32463862 14906883.309193509 35.424486833690118 7.1788564101610053 -13.033459974843375 991.72133844132895 -0.11405181270371129 -0.12572687956283402 0.19873016696223275 0
2859 1 1 320457600 482291.45222079079 -103839622.06143151 13775351.249657657 35.424776465493707 8.1948581675501568 -13.158415415204077 991.16342284134043 -0.11511738709803129 -0.12458717387132069 0.17814664297281246 0
2860 1 1 320544000 3541903.0845405064 -103087050.05156718 12633292.249760158 35.394326007556096 9.2286996941002855 -13.27701865476168 990.63670114106969 -0.11582444070555484 -0.12372463735114977 0.15922655106048075 0
2861 1 1 320630400 6597505.028449839 -102244411.96142519 11481285.4452974 35.331724089470093 10.279579056210757 -13.388572708520737 990.13827209709063 -0.11594999242889638 -0.1227841015716488 0.14137417818068221 0
2862 1 1 320716800 9646258.1260081753 -101310274.36979629 10319970.262707461 35.235549516870556 11.346579702520984 -13.492369904643619 989.66555740653405 -0.11564204789945516 -0.12186680312088978 0.12467106911826491 0
2863 1 1 320803200 12685199.794075303 -100283288.83822595 9150048.3763915636 35.10436822381282 12.42865035966552 -13.58767873490404 989.21572338716305 -0.11502864485671503 -0.12104896833100556 0.1091153368618267 0
2864 1 1 320889600 15711243.383212946 -99162203.726847053 7972285.3206727803 34.936743647695195 13.52460012114938 -13.673753059480633 988.78582619508188 -0.11425858237458754 -0.12043422008915129 0.094690852551208404 0
2865 1 1 320976000 18721178.305198666 -97945876.642089903 6787511.596408572 34.731244882076219 14.633089630593297 -13.749835914831406 988.3727423553662 -0.11350038229948521 -0.12015639318268315 0.081362510108193786 0
2866 1 1 321062400 21711670.925989307 -96633287.621033758 5596623.3975587897 34.486456267781648 15.752622893922295 -13.81516450331995 987.97310179828366 -0.11293903456382692 -0.1203802802787121 0.069070597475818035 0
2867 1 1 321148800 24679266.349560015 -95223552.991573438 4400582.8656657003 34.200988455036772 16.881539885507003 -13.868976125951542 987.58321924825532 -0.11277041298449061 -0.12130014519892281 0.057725713426058971 0
2868 1 1 321235200 27620391.239644554 -93715939.80378519 3200417.7806698377 33.873491508777818 18.018010930115107 -13.9105153549704 987.19904919710518 -0.11318600618975379 -0.12312727093997694 0.047200781999391782 0
2869 1 1 321321600 30531357.874303311 -92109880.68359831 1997220.5852433608 33.502670213140156 19.160031930051851 -13.939041669563315 986.81614185393926 -0.11436590814523007 -0.12612275112189014 0.037369880957241093 0
2870 1 1 321408000 33408369.4329978 -90404989.479543701 792147.38348932867 33.087296505096802 20.30540857235501 -13.953816970779238 986.42920366926501 -0.1165115190502912 -0.13076388975800393 0.028501807824938361 0
2871 1 1 321494400 36247527.350664593 -88601077.60162805 -413580.61931682902 32.626256238722092 21.451770958108938 -13.954067358050112 986.03276294066222 -0.11914449158798848 -0.13693530548797356 0.021235935011268987 0
2872 1 1 321580800 39044844.085145786 -86698165.804967001 -1618676.3355732001 32.118609600595953 22.59666012589593 -13.939073980985103 985.62389291790055 -0.12159841864972862 -0.14343502688559293 0.014163356916774764 0
2873 1 1 321667200 41796258.505155101 -84696490.158221632 -2821796.0963403708 31.563586821062845 23.737537078568181 -13.908231235208362 985.20190624865586 -0.12380342892451456 -0.15003083612132448 0.0068982496165272715 0
2874 1 1 321753600 44497649.604211815 -82596511.807678089 -4021545.9962569582 30.960573848718411 24.871728790293346 -13.860976620034506 984.76630482259998 -0.1257461255779585 -0.1567218563247203 -0.00050661238024023788 0
2875 1 1 321840000 47144850.657183096 -80398928.596472338 -5216484.950490904 30.309129385023628 25.99643141805522 -13.796782366391257 984.31662022071907 -0.12740667107397735 -0.16348119242491252 -0.008035104601725105 0
2876 1 1 321926400 49733664.877416067 -78104685.753910825 -6405128.2331764298 29.609001442025413 27.108724511885747 -13.715167567229766 983.85246321790828 -0.12877400666771635 -0.17027933874063464 -0.015689688877492735 0
2877 1 3 322002717.41179967 51968443.811938345 -75998730.110833719 -7448606.7546245698 28.950042368609893 28.078480384730817 -13.628239476173617 983.43021468114841 0 0 0 178
2878 1 1 322012800 52259882.529152334 -75714985.374576956 -7585951.6664583981 28.860145968203405 28.205584891741452 -13.615698383302272 983.37356535251467 -0.12975953351715519 -0.17710863649912717 -0.023289051225848654 0
2879 1 1 322099200 54719254.716747411 -73231283.132395938 -8757422.8441601805 28.061630253926058 29.284186667353477 -13.498661511035232 982.86617267880206 -0.130120399135154 -0.18406963234484483 -0.030411095304580887 0
2880 1 1 322185600 57107980.178537071 -70655415.280498132 -9917719.3350929879 27.229618390567282 30.337295333421501 -13.354081830591609 982.30187101962599 0.17686912110469466 -0.27017763328214189 0.15086940042575184 0
2881 1 1 322272000 59423602.765613027 -67989832.443883166 -11064192.397233805 26.364865193086548 31.361557553951847 -13.181462768158742 981.48230826771646 0.17850683489408589 -0.27943392758922558 0.14909349145017348 0
2882 1 1 322358400 61662441.245579697 -65236951.548847795 -12194949.402575541 25.452390256156399 32.357463031902952 -12.990288998749554 980.67472052853736 0.17591396392062095 -0.29212833290631962 0.14328090899985776 0
2883 1 1 322444800 63820464.003720351 -62399387.921238936 -13308364.446847484 24.494382556354083 33.321252992396246 -12.780020235713442 979.85096172797057 0.17552996828135184 -0.30532656992706408 0.13818746815217697 0
2884 1 1 322531200 65893804.382637218 -59480058.597889185 -14402788.385717914 23.492416808924631 34.249643575918981 -12.550711526291646 979.00783832674904 0.17545553034887426 -0.31895778042399497 0.1323654463138545 0
2885 1 1 322617600 67878737.138422996 -56482162.091132924 -15476586.073070593 22.448220623386693 35.139406315765669 -12.302610506381528 978.14414898748294 0.17559414963275904 -0.33312341016830432 0.12571052026532734 0
2886 1 1 322704000 69771697.94287017 -53409171.85214033 -16528148.357797751 21.363791379519242 35.987414507701516 -12.036071322002014 977.25860510694815 0.17596043562606187 -0.34767850910727804 0.11815653562148146 0
2887 1 1 322790400 71569306.402232066 -50264825.545425914 -17555901.395400096 20.241388307000523 36.790682420417568 -11.751556429608481 976.34997972828842 0.17661682866792427 -0.36258355197709197 0.10968527077923741 0
2888 1 1 322876800 73268388.237836689 -47053111.811794192 -18558315.868898205 19.083520621111472 37.546391630025418 -11.449633888467266 975.41698219568434 0.17761229976429135 -0.37777570727280274 0.10027906897777764 0
2889 1 1 322963200 74865996.155009687 -43778255.019301526 -19533915.918516744 17.892930337154066 38.251907865002316 -11.130972380970238 974.45796464284399 0.17900336828465307 -0.39318251721129893 0.089921372502213132 0
2890 1 1 323049600 76359436.650278032 -40444690.822149254 -20481294.031739309 16.672757687863211 38.905043269931063 -10.796505611541532 973.47504141919501 0.18074860649476482 -0.40469668765594874 0.077785167291098412 0
2891 1 1 323136000 77746207.91331096 -37057033.911493458 -21399071.964700602 15.423468685924618 39.50367239802879 -10.445417033087329 972.48428084794455 0.13125003554907375 -0.41913338991151078 0.097982802724010734 0
2892 1 1 323222400 79023861.980745137 -33620072.386568524 -22285821.643200066 14.14821589399639 40.046238887262767 -10.078948878820574 971.49226053937366 0.13113308807404292 -0.42200618845019178 0.084940509310378762 0
2893 1 1 323308800 80190444.285234421 -30138645.253289659 -23140206.906886984 12.852916624560995 40.533148565110679 -9.6949558728354521 970.50400034382881 0.13081924384411076 -0.39799409878715591 0.16427727405412668 0
2894 1 1 323395200 81244363.051216274 -26617588.995646145 -23960631.079413295 11.540851628324003 40.962922193948451 -9.2944737834237632 969.51227830026778 0.13103245077112202 -0.40423998436942238 0.14805584041814315 0
2895 1 1 323481600 82184322.508205727 -23061971.456133418 -24745995.351965599 10.21556008478154 41.333059080439902 -8.8835523836446786 968.52111505585231 0.13149015181391846 -0.40983892673056582 0.13131029705354638 0
2896 1 1 323568000 83009333.125873014 -19476968.303586885 -25495431.612512216 8.8805909657031048 41.643070331161617 -8.4630027031532773 967.5299511079628 0.13217002838560996 -0.41470853530514945 0.11422746754439028 0
2897 1 1 323654400 83718712.007233709 -15867789.239975015 -26208159.131549209 7.53948796829396 41.892663336347653 -8.0340131077830659 966.5387872755972 0.13304844958228662 -0.41882467155147368 0.096871071861262509 0
2898 1 1 323740800 84312081.043601066 -12239656.105148654 -26883500.778671801 6.1957576348639476 42.081848583150936 -7.5977911383582617 965.54762342699905 0.13409819834542805 -0.42216693389764076 0.079326875168351615 0
2899 1 1 323827200 84789362.336409241 -8597776.9938972294 -27520883.269545995 4.8528378591270895 42.21093192662385 -7.1555299006807447 964.55642569313466 0.13528952166703456 -0.42472639458561623 0.061678481412956045 0
2900 1 1 323913600 85150772.166863501 -4947321.9927784903 -28119846.08502664 3.5141054249335597 42.280478919386965 -6.7087366347091537 963.56533639806059 0.13716131197530526 -0.42686861246918573 0.03834008588729438 0
2901 1 1 324000000 85396813.228563696 -1293400.4048852136 -28680056.980442047 2.1827797855068463 42.291348237368275 -6.2586014183558447 962.57413794878551 0.13835972143494263 -0.42769297082114277 0.020864088636463319 0
2902 1 1 324086400 85528257.789797813 2358965.2068598866 -29201260.973503336 0.86191093678879671 42.244662542835776 -5.8059933734638625 961.58297400857862 0.13961101109082868 -0.4277806554064103 0.0035322007670223672 0
2903 1 1 324172800 85546137.223981902 6004857.4163587671 -29683294.909708619 -0.44556841294989752 42.141738221674963 -5.3520741106056917 960.59181004251775 0.14088351189038528 -0.42716168715889385 -0.013591508415146976 0
2904 1 1 324259200 85451728.71739015 9639481.5073635168 -30126093.37262585 -1.7369029847276107 41.984095385362949 -4.8979447495954691 959.60064605049308 0.14214675885962813 -0.42587218442119484 -0.030449654875262321 0
2905 1 1 324345600 85246539.516761422 13258181.963776672 -30529684.167098008 -3.009524358005923 41.773432151845476 -4.4446610753929017 958.60948203312239 0.14337201092438073 -0.42395311045431178 -0.046991771828836189 0
2906 1 1 324432000 84932290.370828196 16856456.808364734 -30894184.159163192 -4.26106002370026 41.511600502701413 -3.9932280808591361 957.6183179914932 0.14453265958896935 -0.42144906676191074 -0.063174317864568952 0
2907 1 1 324518400 84510898.324519843 20429969.850571167 -31219794.688785888 -5.4893393409282298 41.200582100179581 -3.5445955339680095 956.62715392706707 0.14560453130497789 -0.41840716596712407 -0.078960521343372836 0
2908 1 1 324604800 83984459.125946328 23974560.858588241 -31506796.643220846 -6.6923965782764627 40.842464486599361 -3.099654549744391 955.63598984156511 0.14656608563276061 -0.41487600890298737 -0.094320092127916352 0
2909 1 1 324691200 83355229.488454297 27486253.705018815 -31755545.276215404 -7.868471268888932 40.439418033774302 -2.6592351267824768 954.64482573686632 0.14739852165554135 -0.41090477912589174 -0.10922883458713206 0
2910 1 1 324777600 82625609.428612843 30961262.564706165 -31966464.85405137 -9.0160061441919179 39.993673951360897 -2.2241045917851183 953.65366161493785 0.14808580079192829 -0.40654246191432714 -0.12366819423138362 0
2911 1 1 324864000 81798124.877017364 34395996.2674032 -32140043.203957513 -10.133642934228545 39.507503602947381 -1.7949668825831375 952.66249747776021 0.14861460045836142 -0.40183718806655555 -0.13762476091665074 0
2912 1 1 324950400 80875410.73334077 37787060.926886775 -32276826.233980455 -11.220216334142695 38.983199319720214 -1.3724625906989378 951.67133332727406 0.14897421110915121 -0.39683569778956007 -0.15108975274411904 0
2913 1 1 325036800 79860194.511049807 41131260.982079059 -32377412.486307316 -12.274746437884623 38.423056845552452 -0.9571696786599132 950.68016916534611 0.14915639023541757 -0.39158291655648259 -0.16405849783860213 0
2914 1 1 325123200 78755280.691436127 44425598.79503537 -32442447.77855723 -13.296429933227005 37.829359495724994 -0.54960478426860759 949.6890049937316 0.14915518418525997 -0.38612163385244047 -0.17652992636316112 0
2915 1 1 325209600 77563535.881759435 47667272.955725677 -32472619.979945853 -14.284630338254894 37.204364065353559 -0.15022502385070544 948.69784081406101 0.14896672998939856 -0.38049227250655904 -0.18850608456774018 0
2916 1 1 325296000 76287874.848894283 50853675.444877364 -32468653.961702254 -15.238867540279314 36.550288483520781 0.2405697914301568 947.70667662782262 0.14858904555877259 -0.37473273792077866 -0.19999167650262353 0
2917 1 1 325382400 74931247.478291541 53982387.804296523 -32431306.753847696 -16.158806875208374 35.869301175338393 0.62243460825551122 946.71551243635838 0.14802181669586775 -0.3688783352156717 -0.21099363874432198 0
2918 1 1 325468800 73496626.68858102 57051176.45959153 -32361362.933578689 -17.04424796014094 35.163512066735137 0.99507632954343428 945.72434824086429 0.14726618624269466 -0.36296174354235861 -0.22152075097882612 0
2919 1 1 325555200 71986997.314894572 60057987.333621569 -32259630.26413447 -17.895113465509823 34.434965145348571 1.3582508289894768 944.73318404239035 0.14632455143312689 -0.3570130373422894 -0.23158328267715553 0
2920 1 1 325641600 70405345.959042162 63000939.880788378 -32126935.597239237 -18.71143798652076 33.685632475122958 1.7117598452236793 943.74201984185186 0.1452003723321843 -0.35105974484303409 -0.2411926769728692 0
2921 1 1 325728000 68754651.791994482 65878320.662943564 -31964121.047040667 -19.493357147817285 32.917409551438297 2.055447811780692 942.75085564003086 0.14389799381580218 -0.34512693631142316 -0.2503612693850194 0
2922 1 1 325814400 67037878.28362637 68688576.57760191 -31772040.438926175 -20.24109705068971 32.132111877286547 2.3891986717523346 941.75969143759164 0.14242248380304176 -0.33923733354122265 -0.25910204097847928 0
2923 1 1 325900800 65257965.82623104 71430307.838694558 -31551556.032689814 -20.954964149374927 31.331472638462909 2.712932718787092 940.76852723508955 0.14077948720237463 -0.33341143529169009 -0.2674284031283356 0
2924 1 1 325987200 63417825.211744383 74102260.79955326 -31303535.516220536 -21.63533562230884 30.517141356262957 3.0266034992828881 939.77736303297866 0.13897509643640565 -0.32766765293025879 -0.27535401176243512 0
2925 1 1 326073600 61520331.917746052 76703320.697438166 -31028849.263152845 -22.282650285647172 29.690683399292553 3.3301948041785905 938.78619883162696 0.13701573841433815 -0.32202245136205604 -0.28289260903308511 0
2926 1 1 326160000 59568321.153932914 79232504.388895556 -30728367.84572494 -22.897400080193858 28.853580240986492 3.6237177728796688 937.79503463132596 0.13490807652244019 -0.31649049226045112 -0.29005788939064009 0
2927 1 1 326246400 57564583.618686475 81688953.135702148 -30402959.792373937 -23.480122148911345 28.007230355840669 3.9072081265930145 936.80387043229734 0.13265892758679421 -0.31108477641530063 -0.29686338745989566 0
2928 1 1 326332800 55511861.914398871 84071925.492224529 -30053489.5783135 -24.031391510403949 27.152950654810866 4.1807235436046319 935.81270623470721 0.13027519164511076 -0.30581678254610156 -0.3033223861751389 0
2929 1 1 326419200 53412847.570190735 86380790.336763918 -29680815.836438462 -24.551814323986871 26.291978368348172 4.444341184945876 934.82154203867208 0.12776379456250619 -0.30069660125435277 -0.30944784179740292 0
2930 1 1 326505600 51270178.62138921 88615020.0819069 -29285789.775325395 -25.042021734042571 25.425473293834244 4.6981553753895957 933.8303778442662 0.12513164094339996 -0.29573306275088357 -0.31525232438602885 0
2931 1 1 326592000 49086437.696475849 90774184.092070729 -28869253.790805776 -25.502664275133863 24.554520332543671 4.9422754417146511 932.8392136515306 0.12238557720251689 -0.29093385731483884 -0.32074797140545686 0
2932 1 1 326678400 46864150.564033993 92857942.33032088 -28432040.257530045 -25.934406814553885 23.680132249444991 5.1768237077143979 931.84804946047711 0.11953236284272933 -0.28630564812968318 -0.32594645278369905 0
2933 1 1 326764800 44605785.094396263 94866039.251116902 -27974970.487077404 -26.337924005541314 22.803252597031822 5.4019336433895804 930.85688527109505 0.11657864907561723 -0.28185417592205714 -0.33085894591955978 0
2934 1 1 326851200 42313750.59311828 96798297.950888693 -27498853.839458924 -26.713896221953362 21.924758751820445 5.6177481641850626 929.86572108335577 0.11353096440119234 -0.27758435572554868 -0.33549611857451839 0
2935 1 1 326937600 39990397.465997249 98654614.584211484 -27004486.975275297 -27.063005943777881 21.045465019114435 5.8244180748620868 928.87455689721708 0.1103957048325304 -0.2735003653386649 -0.3398681192965084 0
2936 1 1 327024000 37638017.178031109 100434953.04979149 -26492653.236301478 -27.385934562190343 20.166125768042065 6.0221006516726652 927.8833927126243 0.10717912917897719 -0.26960572637070129 -0.34398457316653414 0
2937 1 1 327110400 35258842.471427664 102139339.94745055 -25964122.142846126 -27.683359572767895 19.287438564734604 6.2109583558507717 926.89222852951639 0.10388735808200625 -0.26590337733609626 -0.34785458276699271 0
2938 1 1 327196800 32855047.810466763 103767859.80475274 -25419648.996859245 -27.955952125954006 18.410047276809021 6.3911576709858045 925.90106434782638 0.10052637616078697 -0.26239573987808729 -0.35148673287879745 0
2939 1 1 327283200 30428750.023655068 105320650.56980656 -24859974.58041409 -28.204374904719867 17.534545127031333 6.5628680566209576 924.90990016748208 0.097102036596777463 -0.25908477804625762 -0.35488909855542133 0
2940 1 1 327369600 27982009.116171315 106797899.36506292 -24285824.93986325 -28.429280300227532 16.661477678618699 6.7262610101391385 923.91873598844825 0.093620069838486641 -0.25597204893615172 -0.35806925683010715 0
2941 1 1 327456000 25516829.227951128 108199838.49541181 -23697911.246565759 -28.631308861181608 15.791345733302386 6.8815092316986588 922.92757181042737 0.090086051087055571 -0.2530588079670652 -0.36103426860871318 0
2942 1 1 327542400 23035157.788712703 109526738.87937248 -23096928.369048454 -28.811135763606984 14.924538103137536 7.0288195297787368 921.93634185185294 0.086505675573762097 -0.25034566607848807 -0.36379089539080717 0
2943 1 1 327628800 20538906.434632163 110778935.63696869 -22483568.881316178 -28.968706990110533 14.062456638834163 7.167891950628583 920.94540732088092 0.095128873683005932 -0.22988864402435666 -0.37496894370126888 0
2944 1 1 327715200 18029990.503712986 111956879.21076177 -21858548.889964435 -29.104585741773764 13.205478655445217 7.2989135983800688 919.95417703135593 0.092135253684032456 -0.22774613519102282 -0.37701829257229863 0
2945 1 1 327801600 15510223.133073224 113060970.15862356 -21222529.165547229 -29.219990468829693 12.352965811221353 7.422540805671713 918.96301285946288 0.089109120494324442 -0.22579462531654518 -0.37891470256891452 0
2946 1 1 327888000 12981350.776072783 114091611.59262481 -20576143.038257085 -29.31544238011767 11.50530925534709 7.5389040767559132 917.97184868834097 0.086053472592962296 -0.22403419091596549 -0.38066189874391293 0
2947 1 1 327974400 10445073.470744796 115049235.85111345 -19920011.026542358 -29.391491618062158 10.662799456783407 7.6481670833488877 916.98068451780091 0.082971160277351241 -0.222465215143933 -0.38226301758500481 0
2948 1 1 328060800 7903044.4417955587 115934299.15842736 -19254739.602269143 -29.448671634431939 9.8256992085846449 7.750491255128213 915.98952034779188 0.079865140161646767 -0.22108799810209667 -0.38372080538090164 0
2949 1 1 328147200 5356871.5534958206 116747279.32168418 -18580921.396950655 -29.487498957519019 8.9942456457506612 7.8460354981492584 914.9983561782534 0.076738447585040934 -0.21990281968102515 -0.38503760927807096 0
2950 1 1 328233600 2808118.7783347759 117488673.59707893 -17899135.4302705 -29.508473057235047 8.1686521526801403 7.9349559591068806 914.00719200912874 0.07359420755442489 -0.21890993861090766 -0.38621539507353264 0
2951 1 1 328320000 258307.67367721497 118158996.71652381 -17209947.357246619 -29.512076292842373 7.3491101678040236 8.0174058288962655 913.01602784036493 0.070435644302813669 -0.21810959159764823 -0.38725576311367482 0
2952 1 1 328406400 -2291081.140239344 118758779.0658675 -16513909.730809795 -29.498773932453087 6.5357908883192257 8.093535181590207 912.02486367191352 0.067266090544904303 -0.21750199077921492 -0.3881599632495385 0
2953 1 1 328492800 -4838606.506729411 119288565.00621912 -15811562.276899857 -29.469014234311732 5.7288468786996827 8.1634908451005295 911.03369950372951 0.064088996581262603 -0.21708731927098476 -0.38892890909386574 0
2954 1 1 328579200 -7382865.2684501987 119748911.33023252 -15103432.179492678 -29.423228580905988 4.92841358694759 8.2274163000928269 910.04253533577128 0.060907939054668417 -0.21686572513625518 -0.3895631915636269 0
2955 1 1 328665600 -9922490.8167699575 120140385.84555788 -14390034.373254292 -29.361831657891443 4.1346107727357593 8.2854516040152113 909.05137116799983 0.057726629552705556 -0.21683731382456486 -0.39006309178622867 0
2956 1 1 328752000 -12456151.658271706 120463566.07803251 -13671871.841778481 -29.285221670703379 3.3475438517180827 8.3377333373665277 908.0602070003805 0.054548922530492976 -0.21700213917988917 -0.39042859352526205 0
2957 1 1 328838400 -14982550.001368849 120719038.08755475 -12949435.919601485 -29.193780592493518 2.5673051603655792 8.3843945695753046 907.06904283288009 0.051378823544326109 -0.21736019278857296 -0.39065939523082688 0
2958 1 1 328924800 -17500420.365491219 120907395.38996312 -12223206.59640424 -29.087874437791779 1.79397514566433 8.4255648421073701 906.07787866546994 0.048220496165947722 -0.21791139257186126 -0.39075492157732583 0
2959 1 1 329011200 -20008528.214847121 121029237.97861548 -11493652.822008999 -28.967853556949155 1.0276234840161593 8.4613701666182521 905.08671449812334 0.045078269248946173 -0.2186555692673226 -0.39071433512209736 0
2960 1 1 329097600 -22505668.618364159 121085171.4397371 -10761232.810957894 -28.834052947022009 0.26831013361560796 8.4919330361691188 904.09555033081688 0.041956642798689284 -0.21959245234040684 -0.39053654758574047 0
2961 1 1 329184000 -24990664.937062483 121075806.15596996 -10026394.345622625 -28.686792575292085 -0.48391367554698733 8.5173724477277855 903.10438616352997 0.03886029434346476 -0.22072165445435454 -0.39022023112400495 0
2962 1 1 329270400 -27462367.539804935 121001756.59291118 -9289575.0769418571 -28.526377712122727 -1.2290045099773959 8.5378039343215839 902.11322199624408 0.035794083583945126 -0.22204265479450258 -0.38976382981517788 0
2963 1 1 329356800 -29919652.548107415 120863640.66377471 -8551202.8220176604 -28.353099270352995 -1.9669258553153057 8.5533396053579622 901.12205782894603 0.032763056601982178 -0.22355478108666635 -0.38916557141580238 0
2964 1 1 329443200 -32361420.610464018 120662079.16764762 -7811695.8579234686 -28.167234148725168 -2.6976472895305248 8.5640881937931059 900.13089366162353 0.029772450050751905 -0.22525719096280983 -0.38842347912751063 0
2965 1 1 329529600 -34786595.706443138 120397695.29712875 -7071463.2111847987 -27.969045577307405 -3.4211437030163632 8.5701551089332906 899.13972949426761 0.026827693114143701 -0.22714885179036648 -0.38753538420703143 0
2966 1 1 329616000 -37194123.980651915 120071114.21145347 -6330904.9424946737 -27.758783463184287 -4.1373945620763335 8.5716424937732771 898.14856532687372 0.023934409577345852 -0.22922852002763469 -0.38649893873609037 0
2967 1 1 329702400 -39582972.606525056 119682962.67149875 -5590412.4263147339 -27.536684734935051 -4.8463832124541852 8.5686492858821843 897.15740115943981 0.021098418326264381 -0.23149471915542502 -0.38531162939532576 0
2968 1 1 329788800 -41952128.679782711 119233868.73334916 -4850368.6250954 -27.30297368477347 -5.5480962197257515 8.5612712809408045 896.1662369919685 0.01832573238434116 -0.23394571745130002 -0.38397079162193315 0
2969 1 1 329875200 -44300598.141313449 118724461.4973703 -4111148.3579214378 -27.057862307388429 -6.2425227435023833 8.5496011981071138 895.175072824464 0.01562255742851678 -0.23657950408389491 -0.3824736251649401 0
2970 1 1 329961600 -46627404.729163229 118155370.90999515 -3373118.5634581335 -26.801550634772831 -6.9296539425760466 8.5337287464745337 894.18390865693698 0.012995288179737715 -0.23939376565297651 -0.38081721002550994 0
2971 1 1 330048000 -48931588.961221673 117527227.61562443 -2636638.5571462284 -26.534227115134613 -7.6094824093367244 8.5137406916050207 893.19274449852071 0.010450504018653845 -0.24238586139475787 -0.37899852395712219 0
2972 1 1 330134400 -51212207.079260267 116840662.8578501 -1902060.2824666214 -26.256067047609267 -8.28200158692459 8.4897209277483672 892.20158010225305 0.0080070293403679115 -0.24555253993581663 -0.3770143732170057 0
2973 1 1 330220800 -53468330.681669913 116096308.411864 -1169728.5559438556 -25.967256392072642 -8.9472057702159233 8.4617505440242358 891.21041702849118 0.0053718598718132601 -0.24889721671179296 -0.37486173268905476 0
2974 1 1 330307200 -55699088.207372241 115294783.52488138 -439995.15122666705 -25.66896329725526 -9.6054115457981997 8.4295643924784347 890.20857343258967 0.0041725141587473499 -0.25238251921677968 -0.37253946652587949 0
2975 1 1 330393600 -57903212.642914094 114436828.66919847 286922.50107222411 -25.346281446423674 -10.252092817632118 8.3980260348860849 889.27416385830702 0.26721605898483769 -0.17590755224417054 -0.28513486498156554 0
2976 1 1 330480000 -60078220.889904112 113523566.01168749 1011217.2954764012 -24.999561196328376 -10.886956764598121 8.3675128286885023 888.33257081177214 0.2617707602794429 -0.17441295149119729 -0.27688390807304081 0
2977 1 1 330566400 -62222900.620644048 112555775.87654312 1732725.1991150745 -24.644203458744222 -11.514291836098957 8.3335335567102291 887.42002706654728 0.25515636783102374 -0.17362274518330589 -0.26926752553728872 0
2978 1 1 330652800 -64336464.318299629 111534121.19367564 2451161.8508495879 -24.279297103264497 -12.133820137636315 8.2964286253632586 886.52807312624589 0.2489760893059989 -0.17294636056903284 -0.26154429474484719 0
2979 1 1 330739200 -66418090.818098314 110459276.69762246 3166259.4919712725 -23.904934548127645 -12.745538087880094 8.2562478651550038 885.65609242626374 0.24294571668879519 -0.17249090732949127 -0.25387147568846274 0
2980 1 1 330825600 -68466967.66277276 109331917.0871639 3877753.9244880322 -23.52121937553331 -13.349447765672023 8.2130268094543002 884.80350805609157 0.23708541338367353 -0.17223994423821615 -0.24624592563886813 0
2981 1 1 330912000 -70482290.829207614 108152717.04833664 4585383.9180306662 -23.12824357665826 -13.945547446189478 8.1667984641064333 883.9697181703516 0.23140295525721596 -0.17218260191506737 -0.23867166481992372 0
2982 1 1 330998400 -72463263.83460018 106922351.56064908 5288890.942270142 -22.72608975882698 -14.533831992550301 8.1175923384769071 883.15410006266166 0.22590552984820209 -0.17230792409454812 -0.23115243333312674 0
2983 1 1 331084800 -74409096.938264444 105641496.210063 5988018.8694034042 -22.314831438443893 -15.114292438901005 8.0654345495673923 882.356011378007 0.2205997626680706 -0.17260488882685382 -0.22369168339531245 0
2984 1 1 331171200 -76319006.37068294 104310827.53632084 6682513.6842292221 -21.894533376132976 -15.686915610710033 8.0103478952408373 881.57479144328045 0.21549171395445466 -0.17306244282702246 -0.21629259152013453 0
2985 1 1 331257600 -78192213.591342732 102931023.4124985 7372123.2004713928 -21.465251907894032 -16.251683758220743 7.9523519256119526 880.80976272292253 0.21058687832824283 -0.17366953580171884 -0.20895806956706692 0
2986 1 1 331344000 -80027944.575007573 101502763.45572101 8056596.7831914034 -21.027035272212647 -16.808574201371016 7.8914630125872947 880.06023240342142 0.20589018618530927 -0.17441515398368715 -0.20169077641198205 0
2987 1 1 331430400 -81825429.126087546 100026729.46812026 8735685.0771237966 -20.579923933428663 -17.357558984563298 7.8276944174063505 879.32549410961929 0.20140600521744156 -0.17528835294179823 -0.19449312996174167 0
2988 1 1 331516800 -83583900.220798194 98503605.907249033 9409139.7407566532 -20.123950901677322 -17.898604539794604 7.7610563560686323 878.60482975127377 0.19713814461293433 -0.17627829060105091 -0.18736731982247354 0
2989 1 1 331603200 -85302593.376827344 96934080.385293081 10076713.185969643 -19.659142049785167 -18.431671356639342 7.6915560625393145 877.8975114954394 0.19308985954821625 -0.17737425835890427 -0.18031532065800188 0
2990 1 1 331689600 -86980746.050265834 95318844.196553588 10738158.323033758 -19.185516427554404 -18.956713657662679 7.6191978496410497 877.20280385561853 0.18926385873177284 -0.17856571282244274 -0.17333890639169924 0
2991 1 1 331776000 -88617597.059596479 93658592.872788325 11393228.31076974 -18.703086573912287 -19.473679077843229 7.5439831675707349 876.51996588486668 0.18566231270125383 -0.17984230479965899 -0.16643966497934576 0
2992 1 1 331862400 -90212386.036581352 91954026.766129911 12041676.311658848 -18.211858827501356 -19.982508346619529 7.4659106600181877 875.84825345646277 0.18228686474895719 -0.18119390865353532 -0.15961901380151197 0
2993 1 1 331948800 -91764352.903937235 90205851.659408107 12683255.251697538 -17.711833636302647 -20.483134971215705 7.3849762178522074 875.18692161043941 0.17913864351039402 -0.18261064876031249 -0.15287821616033329 0
2994 1 1 332035200 -93272737.379745364 88414779.403828338 13317717.584786408 -17.203005866970674 -20.975484919887183 7.3011730304143532 874.53522694184608 0.17621827800151971 -0.18408292538859283 -0.14621839753944829 0
2995 1 1 332121600 -94736778.508601576 86581528.584066197 13944815.061450088 -16.685365114622051 -21.459476303816288 7.2144916344791277 873.89243000223757 0.17352591446266075 -0.18560143834507942 -0.13964056296519367 0
2996 1 1 332208000 -96155714.219582036 84706825.210952073 14564298.501689769 -16.158896013934935 -21.935019056331125 7.1249199609942444 873.25779768514997 0.17106123506816001 -0.18715720845184852 -0.13314561357292579 0
2997 1 1 332294400 -97528780.911176845 82791403.442033008 15175917.571784468 -15.62357855244548 -22.402014608186903 7.0324433797614638 872.63060556350933 0.16882347926975572 -0.18874159715766761 -0.12673436384943365 0
2998 1 1 332380800 -98855213.063422695 80836006.330404207 15779420.564869963 -15.079388387051537 -22.860355557691726 6.9370447422525618 872.01014014643931 0.16681146634061189 -0.19034632400664903 -0.12040755785924087 0
2999 1 1 332467200 -100134242.87756105 78841386.602308497 16374554.185146552 -14.526297164865353 -23.309925334438873 6.8387044228338381 871.39570102491666 0.16502361984643715 -0.19196348123058046 -0.1141658852320285 0
3000 1 1 332553600 -101365099.94364893 76808307.464109063 16961063.335590649 -13.964272849622018 -23.750597855454046 6.7374003587143836 870.78660287656874 0.16345799375063286 -0.19358554628553917 -0.10800999582501443 0
3001 1 1 332640000 -102547010.93665946 74737543.439338997 17538690.909076545 -13.39328005500232 -24.182237172649913 6.6331080889972807 870.1821773024958 0.16211229961347018 -0.19520539217100899 -0.10194051354846823 0
3002 1 1 332726400 -103679199.34173356 72629881.236625776 18107177.582848396 -12.813280386352311 -24.604697110475534 6.5258007932623041 869.58177447327512 0.16098393507872383 -0.19681629487566568 -0.095958048542432978 0
3003 1 1 332812800 -104760885.20937708 70486120.649385825 18666261.616322946 -12.224232792441597 -25.017820892681836 6.4154493301625255 868.98476456633443 0.16007001269733417 -0.19841193834445223 -0.090063208167254688 0
3004 1 1 332899200 -105791284.94154739 68307075.488271892 19215678.652246859 -11.626093929033519 -25.421440757240575 6.3020222765849061 868.39053898077748 0.15936738986615312 -0.19998641762006047 -0.084256605855994995 0
3005 1 1 332985600 -106769611.10973099 66093574.547436371 19755161.521283049 -11.018818536202824 -25.815377558485842 6.1854859679530803 867.79851132139197 0.15887269858067107 -0.20153423908142201 -0.078538869003541512 0
3006 1 1 333072000 -107695072.30629136 63846462.60575369 20284440.050150324 -10.402359831512312 -26.199440355608491 6.065804540296531 867.20811814913714 0.15858237568403899 -0.2030503187793351 -0.072910644709743691 0
3007 1 1 333158400 -108566873.03055407 61566601.464213684 20803240.873499539 -9.7766699213525943 -26.573425986745708 5.9429399747887039 866.6188195004554 0.15849269224090712 -0.2045299784677978 -0.06737260413612918 0
3008 1 1 333244800 -109384213.61130509 59254871.020760998 21311287.249769595 -9.1417002329116972 -26.937118627978183 5.8168521454586442 866.03009918217822 0.1585997833749728 -0.20596893951058576 -0.061925445589742743 0
3009 1 1 333331200 -110146290.16759738 56912170.383910567 21808298.881330263 -8.4974019694553427 -27.290289336651078 5.6874988708402041 865.44146485333533 0.15889967655661469 -0.20736331460538776 -0.05656989629488704 0
3010 1 1 333417600 -110852294.61000524 54539419.026513763 22293991.739286553 -7.8437265918221586 -27.632695578587839 5.5548359703687149 864.85244790832303 0.15938831972941167 -0.20870959801695677 -0.051306713228829674 0
3011 1 1 333504000 -111501414.6847226 52137557.981081329 22768077.893391483 -7.1806263292290486 -27.964080738846661 5.4188173263832873 864.26260317922822 0.16006160797465999 -0.21000465285534101 -0.046136683093236396 0
3012 1 1 333590400 -112092834.06318112 49707551.078096047 23230265.347589638 -6.5080547227478371 -28.284173615834856 5.2793949526104598 863.67150847734251 0.16091540914821129 -0.21124569715547231 -0.041060622353417418 0
3013 1 1 333676800 -112625732.48016424 47250386.228751324 23680257.881791726 -5.8259672050278501 -28.592687898833148 5.1365190700914924 863.07876399401698 0.16194558817502697 -0.21243028800882627 -0.036079376418635331 0
3014 1 1 333763200 -113099285.92371273 44767076.753543735 24117754.900567651 -5.1343217201314406 -28.889321629068423 4.9901381915715755 862.48399158416896 0.16314802943824222 -0.21355630275572535 -0.031193819480466636 0
3015 1 1 333849600 -113512666.88046485 42258662.758125395 24542451.289534129 -4.4330793875993075 -29.173756644781072 4.8401992154151081 861.88683395429723 0.16451865780343269 -0.21462191946913026 -0.026404854366306397 0
3016 1 1 333936000 -113865044.64043903 39726212.557768822 24954037.280309845 -3.7222052151440908 -29.445658010986438 4.6866475302094734 861.28695377683255 0.166053457416526 -0.21562559437819567 -0.021713413220399488 0
3017 1 1 334022400 -114155585.66566345 37170824.15172977 25352198.325013701 -3.0016688646895546 -29.704673434855057 4.5294271312781484 860.68403275357286 0.16774848841778656 -0.2165660374217078 -0.017120459056277258 0
3018 1 1 334108800 -114383454.02747396 34593626.748695008 25736614.981392588 -2.2714454767477497 -29.950432668080662 4.3684807504626697 860.07777064797801 0.16959990154873175 -0.21744218633293716 -0.012626987862113843 0
3019 1 1 334195200 -114547811.91774943 31995782.344367564 26106962.809788033 -1.5315165584662509 -30.182546897929196 4.2037500006322679 859.46788430641413 0.17160394992936087 -0.21825317781313067 -0.0082340320617424988 0
3020 1 1 334281600 -114647820.23982739 29378487.352079298 26462912.28327968 -0.78187094099847754 -30.40060812911052 4.0351755364695752 858.85410668709028 0.17375699837997857 -0.21899831725791777 -0.0039426652708314325 0
3021 1 1 334368000 -114682639.28534433 26742974.287111584 26804128.712485984 -0.022505812153612439 -30.604188559156089 3.862697233275922 858.23618591328477 0.17605552987690148 -0.21967704613404929 0.00024599238985201726 0
3022 1 1 334454400 -114651429.50377554 24090513.505149275 27130272.186659101 0.74657216934446935 -30.79283995054822 3.6862543856645225 857.61388436694972 0.17849614844531786 -0.22028890772755022 0.0043307672698678851 0
3023 1 1 334540800 -114553352.37200986 21422414.994984951 27440997.532878004 1.525345671370123 -30.966093003508206 3.5057859281678159 856.9869778368552 0.18107557933621712 -0.22083351072151405 0.0083104245830049276 0
3024 1 1 334627200 -114387571.37187837 18740030.225220662 27735954.295329113 2.3137853907793198 -31.123456734117024 3.3212306800079214 856.35525473331143 0.18379066572298305 -0.22131049167673439 0.012183659985101087 0
3025 1 1 334713600 -114153253.08416605 16044754.044273872 28014786.736865453 3.1118486534095862 -31.264417863291371 3.1325276164513101 855.71851538077624 0.18663836135378428 -0.22171947567802872 0.015949090548146586 0
3026 1 1 334800000 -113849568.40827617 13338026.632478822 28277133.865252566 3.9194779042006078 -31.388440223056705 2.9396161693575915 855.07657139854814 0.18961571974097607 -0.222060035772811 0.019605245066133523 0
3027 1 1 334886400 -113475693.91737124 10621335.504470134 28522629.486744925 4.7365990797472044 -31.494964187700802 2.7424365597853861 854.42924517664449 0.19271987957586675 -0.22233165219227688 0.023150554909362821 0
3028 1 1 334972800 -113030813.35948631 7896217.5593289165 28750902.289895814 5.5631198554183214 -31.583406138560711 2.5409301657706225 853.77636945306324 0.19594804631711071 -0.22253367052110498 0.02658334524543032 0
3029 1 1 335059200 -112514119.31579864 5164261.1751613254 28961575.962780051 6.3989277590266873 -31.653157972513895 2.3350399285473338 853.11778699825982 0.19929746912581559 -0.22266526006038692 0.029901826314697132 0
3030 1 1 335145600 -111924815.02792814 2427108.3438430657 29154269.347101342 7.2438881431019082 -31.703586665786045 2.1247108007690976 852.45335040908969 0.20276541518663307 -0.22272537286226038 0.033104086729646681 0
3031 1 1 335232000 -111262116.40682577 -313543.15940887318 29328596.632977199 8.0978420078728899 -31.734033906304823 1.9098902405371436 851.78292201399233 0.20634913872655855 -0.22271270352053471 0.03618808796731162 0
3032 1 1 335318400 -110525254.23648411 -3055937.5781952846 29484167.598528493 8.9606036672687885 -31.743815809635624 1.6905287551959991 851.10637389028727 0.21004584713764624 -0.22262565066012016 0.039151660754056287 0
3033 1 1 335404800 -109713476.58634822 -5798258.9567680107 29620587.898754288 9.8319582507418026 -31.732222735561962 1.4665804991322307 850.42358799070325 0.21385266356878083 -0.22246228104874508 0.041992504602440826 0
3034 1 1 335491200 -108826051.44690463 -8538628.911045894 29737459.40854644 10.71165903420853 -31.698519224478655 1.2380039299316743 849.73445637720329 0.21776658546723476 -0.22222029584587732 0.0447081892238608 0
3035 1 1 335577600 -107862269.60347348 -11275104.400077013 29834380.625078194 11.599424594281736 -31.641944075137673 1.0047625274002714 849.03888155750428 0.22178444079973089 -0.2218970013363786 0.047296160040326711 0
3036 1 1 335664000 -106821447.76368217 -14005675.511181673 29910947.13519894 12.494935781091639 -31.561710587798544 0.76682558007437118 848.33677691788546 0.22590284118799894 -0.22148928319109581 0.049753746768150697 0
3037 1 1 335750400 -105702931.9544505 -16728263.274199693 29966752.153864503 13.397832506357441 -31.457006999480491 0.52416904382751861 847.62806724626387 0.23011813241036619 -0.22099358610178049 0.052078176003010443 0
3038 1 1 335836800 -104506101.20452793 -19440717.522696633 30001387.140030928 14.307710345240404 -31.326997140890757 0.27677647714736581 846.91268933662286 0.23442634365508763 -0.22040589905128341 0.054266587636860174 0
3039 1 1 335923200 -103230371.52865759 -22140814.82266425 30014442.496827792 15.224116952735484 -31.170821347530879 0.024640057492363532 846.19059266563534 0.23882313484908288 -0.21972174681653242 0.056316055439156229 0
3040 1 1 336009600 -101875200.22926231 -24826256.49219 30005508.363198083 16.146548298051066 -30.987597660541976 -0.23223831712102908 845.46174013209156 0.24330374307251437 -0.21893618841102175 0.058223611816560029 0
3041 1 1 336096000 -100440090.5311116 -27494666.738777433 29974175.50453306 17.074444723790709 -30.776423355965736 -0.49384583758032213 844.72610884808114 0.2478629291490696 -0.21804382305218817 0.059986276472077285 0
3042 1 1 336182400 -98924596.563673392 -30143590.944475137 29920036.310127959 18.007186840665774 -30.536376844194539 -0.76015750104218882 843.9836909707891 0.25249492417885411 -0.21703880404869999 0.061601089146718614 0
3043 1 1 336268800 -97328328.704734072 -32770494.13271226 29842685.905523725 18.94409127305622 -30.266519984400158 -1.0311347338603343 843.23449456451169 0.25719337666550235 -0.21591486107239022 0.06306514549891698 0
3044 1 1 336355200 -95650959.297318354 -35372759.654733054 29741723.387960352 19.88440627623752 -29.965900861582927 -1.3067239187107973 842.47854448093301 0.26195130213568307 -0.21466533126498233 0.064375637016894249 0
3045 1 1 336441600 -93892228.749874666 -37947688.137752481 29616753.193234265 20.8273072523202 -29.633557076433569 -1.5868548258245603 841.71588324643551 0.2667610341072405 -0.21328319935897225 0.065529893218556526 0
3046 1 1 336528000 -92051952.027056441 -40492496.741385102 29467386.602191363 21.771892199110749 -29.268519600288119 -1.8714389498404951 840.94657194623153 0.27161417867156745 -0.21176114669997867 0.066525426386925837 0
3047 1 1 336614400 -90130025.53512387 -43004318.773486897 29293243.39488022 22.71717713429965 -28.869817248965468 -2.1603677556253023 840.17069109423392 0.27650157267203046 -0.21009160963602735 0.06735997846620663 0
3048 1 1 336700800 -88126434.401944667 -45480203.721232601 29093953.660004992 23.662091546427146 -28.436481829945514 -2.4535108387140587 839.38834148004321 0.28141324557488107 -0.20826684658926226 0.06803156861629106 0
3049 1 1 336787200 -86041260.146693245 -47917117.757950045 28869159.766716413 24.605473934324376 -27.967554017019086 -2.750714008652043 838.59964498277282 0.28633838799982636 -0.20627901482637595 0.068538542106042322 0
3050 1 1 336873600 -83874688.728540704 -50311944.790847704 28618518.504936926 25.546067507801418 -27.462090004800572 -3.0517973065829693 837.8047453436194 0.2912653246376235 -0.20412025453567872 0.068879618776163692 0
3051 1 1 336960000 -81627018.956835181 -52661488.119163923 28341703.399282914 26.482516134340401 -26.91916899218295 -3.3565529720122278 837.00380889105236 0.29618149452607873 -0.20178278178738784 0.069053940627793589 0
3052 1 1 337046400 -79298671.237389907 -54962472.776302263 28038407.200190801 27.413360629499287 -26.337901538640661 -3.6647433775910665 836.19702521005183 0.30107343896942934 -0.19925898902794822 0.069061118651485218 0
3053 1 1 337132800 -76890196.620483562 -57211548.632995948 27708344.55403753 28.337035502079406 -25.71743882961335 -3.9760989552394967 835.38460775059423 0.30592679695543651 -0.19654155149903349 0.068901276986847643 0
3054 1 1 337219200 -74402286.105988339 -59405294.341254912 27351254.851820655 29.251866278893605 -25.05698287702926 -4.2903161418132907 834.56679437039895 0.31072630983481825 -0.19362354055518205 0.068575094846345303 0
3055 1 1 337305600 -71835780.149657473 -61540222.200552039 26966905.253304482 30.156067547755487 -24.355797667745094 -4.6070553777642296 833.74384780686546 0.31545583553844714 -0.19049854109287315 0.068083844915371061 0
3056 1 1 337392000 -69191678.302051097 -63612784.028110348 26555093.880406599 31.047741870512812 -23.613221255954297 -4.9259391978676161 832.91605607514543 0.3200983727397882 -0.18716077311869669 0.067429427823246804 0
3057 1 1 337478400 -66471148.897927277 -65619378.113961942 26115653.169974308 31.924879730119148 -22.828678775283112 -5.2465504588808161 832.08373278898591 0.32463609593239739 -0.18360521595852095 0.066614402204530465 0
3058 1 1 337564800 -63675538.699288398 -67556357.338327453 25648453.37197011 32.785360686147889 -22.001696321897512 -5.5684307548801453 831.24721740132316 0.32905040221663567 -0.17982773326677767 0.065642009645689794 0
3059 1 1 337651200 -60806382.379850462 -69420038.523459494 25153406.174450498 33.626955920867225 -21.131915631522823 -5.8910790767714323 830.40687536231849 0.33332196951732623 -0.17582519806485852 0.064516194252874998 0
3060 1 1 337737600 -57865411.722759068 -71206713.08405754 24630468.431604888 34.447332362151634 -20.219109440754 -6.2139507778673382 829.56309819300429 0.33743082720248441 -0.17159561547063784 0.063241615983771399 0
3061 1 1 337824000 -54854564.387261562 -72912659.029343605 24079645.965563457 35.24405856908016 -19.263197386630015 -6.5364569121354297 828.71630347212601 0.34135643940731103 -0.16713824209138878 0.061823657966684251 0
3062 1 1 337910400 -51775992.084212244 -74534154.355573356 23500997.406759799 36.0146125598244 -18.264262258605466 -6.8579640154543506 827.86693473419575 0.34507780088259915 -0.16245369955126115 0.060268426660192005 0
3063 1 1 337996800 -48632067.985283509 -76067491.849876061 22894638.031443387 36.756391748294995 -17.222566374515484 -7.177794402536807 827.01546127646577 0.34857354582298017 -0.15754408104252982 0.058582745448437383 0
3064 1 1 338083200 -45425393.1772255 -77508995.304681897 22260743.548624251 37.466725134833993 -16.138567807938191 -7.4952270526969587 826.1623778724138 0.35182206910625147 -0.15241304801274688 0.056774140410759615 0
3065 1 1 338169600 -42158801.961202659 -78855037.116519868 21599553.782465272 38.142887866007669 -15.012936149991964 -7.8094991558843931 825.30820438874582 0.35480166007903069 -0.14706591628379342 0.054850819135800519 0
3066 1 1 338256000 -38835365.788952284 -80102057.213718921 20911376.190140337 38.782118238458672 -13.846567445793291 -8.1198083859563877 824.4534853027493 0.35749064786480877 -0.14150972800337386 0.05282164127373349 0
3067 1 1 338342400 -35458395.623139098 -81246583.224734813 20196589.149691284 39.381637171341197 -12.640597906793429 -8.4253159605862589 823.59878911621934 0.35986755806519882 -0.13575330910152725 0.050696081904281459 0
3068 1 1 338428800 -32031442.509712718 -82285251.762908101 19455644.947737761 39.938670111045376 -11.39641596753523 -8.7251505361595303 822.74470766090622 0.36191127960995878 -0.12980730926991385 0.048484186642404711 0
3069 1 1 338515200 -28558296.156200413 -83214830.665079966 18689072.393323798 40.450471261161972 -10.115672231715925 -9.018412971291113 821.89185529045153 0.36360124050847947 -0.12368422358235603 0.046196519238731831 0
3070 1 1 338601600 -25042981.322491094 -84032241.981571838 17897478.982054118 40.914349951196236 -8.8002868407621637 -9.3041819740395173 821.04086795295257 0.36491759133831098 -0.11739839304033012 0.043844101416309768 0
3071 1 1 338688000 -21489751.850463681 -84734585.474722728 17081552.534304131 41.327698871337631 -7.452453801323407 -9.5815206256938126 820.19240213668809 0.36584139526048637 -0.11096598396739167 0.041438345205218156 0
3072 1 1 338774400 -17903082.186258685 -85319162.343885437 16242062.232984731 41.688023810221338 -6.0746418287952082 -9.8494837484386757 819.34713368193127 0.36635482138642067 -0.10440494415102358 0.038990978002913193 0
3073 1 1 338860800 -14287656.284295522 -85783498.858110234 15379858.990374902 41.992974441838562 -4.6695913042983648 -10.107126055891507 818.5057564500047 0.36644134184256844 -0.097734935423036323 0.036513960766721996 0
3074 1 1 338947200 -10648353.825154567 -86125369.545461893 14495875.080098545 42.240375620607828 -3.2403070039845656 -10.353510995347433 817.66898084026093 0.36608592785809435 -0.090977241809045498 0.034019399548043595 0
3075 1 1 339033600 -6990233.7296647243 -86342819.561871514 13591122.979532827 42.428258564975216 -1.7900463424865751 -10.587720159682778 816.83753214576996 0.36527524464267164 -0.084154653334992821 0.031519451322002838 0
3076 1 1 339120000 -3318515.0079923635 -86434185.844454408 12666693.379793908 42.55489124499335 -0.32230297602408609 -10.808863116708709 816.0121487373807 0.36399784117743489 -0.07729132547098029 0.029026224111572782 0
3077 1 1 339206400 361444.95617618156 -86398116.646035939 11723752.334823372 42.618807243123342 1.1592142670763883 -11.016087475882733 815.19358006650066 0.36224433336887879 -0.070412614990531364 0.026551672735995471 0
3078 1 1 339292800 4044174.521969601 -86233589.05067496 10763537.537727777 42.61883233492135 2.6506070235303567 -11.208588988348323 814.38258447664327 0.36000757743498435 -0.063544893009095813 0.024107490782024423 0
3079 1 1 339379200 7724114.07870676 -85939924.085342139 9787353.7309864685 42.554108041148936 4.1478173479907285 -11.385621458032801 813.57992681523183 0.35728283099894187 -0.056715336932625107 0.021704999640330055 0
3080 1 1 339465600 11395644.211465346 -85516799.07117562 8796567.2768827602 42.424111438089312 5.646661579309848 -11.546506230430564 812.78637583759314 0.35406789980203335 -0.049951702249332285 0.019355036157268166 0
3081 1 1 339552000 15053115.393027587 -84964256.898894072 7792599.9348561512 42.228670579464392 7.1428675710691589 -11.690641023060193 812.00270139781492 0.35036326617627062 -0.043282077430836431 0.017067839768171805 0
3082 1 1 339638400 18690878.79851431 -84282711.966341063 6776921.9126444813 41.967974980832039 8.6321146021556956 -11.817507868265203 811.22967142289303 0.34617219845577651 -0.036734623338152445 0.014852940754278452 0
3083 1 1 339724800 22303317.796812076 -83472952.580414832 5751044.2772643501 41.642580742861412 10.110075167433031 -11.92667995533755 810.46804867047251 0.34150083663423042 -0.030337300269587589 0.012719051185870795 0
3084 1 1 339811200 25884879.642583974 -82536139.698827863 4716510.8292359281 41.253410038878989 11.572457759203598 -12.017827184696479 809.71858727408789 0.33635825416596132 -0.024117585827074295 0.010673960170571931 0
3085 1 1 339897600 29430106.876008216 -81473801.966686413 3674889.5582137005 40.801744858085307 13.015049693236413 -12.090720281153699 808.98202908394671 0.33075649163359483 -0.01810218634303129 0.0087244356643997999 0
3086 1 1 339984000 32933667.93553184 -80287827.085790679 2627763.8096546335 40.289215070954675 14.433759012668139 -12.14523335478815 808.25909981731718 0.32471056152460992 -0.012316746298178296 0.0068761340286696386 0
3087 1 1 340070400 36390386.502292313 -78980449.637576982 1576723.2997991543 39.717781058964739 15.824654521168915 -12.181344844617719 807.55050503826624 0.31823842085123266 -0.0067855583500973302 0.0051335204595567285 0
3088 1 1 340156800 39795269.123092942 -77554235.560420975 523355.11971200875 39.089711317961843 17.184003053009395 -12.199136829834146 806.85692599320191 0.31136091096530144 -0.0015312785848549206 0.0034998016038919146 0
3089 1 1 340243200 43143530.700825669 -76012063.555405408 -530765.13172217831 38.407555594750313 18.508303179215257 -12.198792743391742 806.17901533462577 0.30410166255161231 0.003425348734979186 0.0019768729738903704 0
3090 1 1 340329600 46430617.495219305 -74357103.758770555 -1584081.9510514699 37.674114242360098 19.794314671073344 -12.18059357062179 805.51739277344768 0.29648696458753709 0.0080657530945014381 0.00056528286798071168 0
3091 1 1 340416000 49652227.340386868 -72592794.071751252 -2635068.1440189364 36.892404575289625 21.039083188050139 -12.144912658951529 804.87264070632432 0.28854559730582957 0.012373781763669437 -0.00073578460658273246 0
3092 1 1 340502400 52804326.856078193 -70722814.577660277 -3682232.5366382725 36.065625067932082 22.239959818656846 -12.092209301778585 804.2452998712738 0.28030862826260228 0.016335921018668018 -0.0019285065871277286 0
3093 1 1 340588800 55883165.503796168 -68751060.500904396 -4724127.0857885191 35.197118265876732 23.394615271435825 -12.023021288521532 803.63586509072366 0.27180917295714596 0.019941490439707513 -0.0030163964625221479 0
3094 1 1 340675200 58885286.413962319 -66681614.172881015 -5759353.3090524198 34.290333271503584 24.501048680462471 -11.937956632826015 803.04478116528821 0.2630821210796937 0.023182805656436732 -0.0040042560785547836 0
3095 1 1 340761600 61807533.983213864 -64518716.465868682 -6786567.9723668015 33.348788624827122 25.557591147560643 -11.837684701593519 802.47243898572685 0.25416383054835912 0.026055304859395497 -0.0048981049045956999 0
3096 1 1 340848000 64647058.309079923 -62266738.139207624 -7804487.9934222037 32.376036332342046 26.56290428514405 -11.722926969033105 801.91917193215193 0.24509179281962679 0.028557635419597882 -0.0057050861492919901 0
3097 1 1 340934400 67401316.590553612 -59930151.513896212 -8811894.5378785394 31.375627706203414 27.515974143946906 -11.594447613032317 801.38525262930875 0.23590427355458085 0.030691696702820521 -0.0064333504971682441 0
3098 1 1 341020800 70068071.67579934 -57513502.854218103 -9807636.3036743589 30.351081569708338 28.416101005365 -11.453044157009392 800.87089012457318 0.22663993389698092 0.032462636118652639 -0.007091919665530467 0
3099 1 1 341107200 72645387.981311679 -55021385.790396906 -10790632.005432721 29.30585526923344 29.262885587001072 -11.299538340372818 800.37622755101199 0.21733743821053247 0.033878796095271599 -0.0076905314907339574 0
3100 1 1 341193600 75131625.039732397 -52458416.066865981 -11759872.085761288 28.243318813782494 30.056212252198637 -11.134767376367913 799.90134033107552 0.2080350554044737 0.034951610443085653 -0.0082394700975960446 0
3101 1 1 341280000 77525428.956207737 -49829207.84879107 -12714419.692810712 27.166732346722551 30.796229831300966 -10.959575729098814 799.44623496731663 0.19877026117870902 0.035695450261763274 -0.0087493850717209852 0
3102 1 1 341366400 79825722.066051632 -47138351.767071836 -13653410.97362731 26.079227044862161 31.483330656578101 -10.774807513316173 799.01084845516834 0.18957934949123675 0.036127419747202634 -0.0092311039638579753 0
3103 1 1 341452800 82031691.090350747 -44390394.831002772 -14576054.740570623 24.98378944139963 32.118128387608813 -10.581299592567467 798.59504833978838 0.18049706108231803 0.036267104431636471 -0.0096954432657354959 0
3104 1 1 341539200 84142774.08206284 -41589822.289596543 -15481631.573434599 23.883249084000205 32.701435163268854 -10.379875424679421 798.19863342418398 0.1715562375447357 0.036136275273411754 -0.010153023407043913 0
3105 1 1 341625600 86158646.444339454 -38741041.478435315 -16369492.423069265 22.780269368853688 33.234238564314921 -10.171339679137919 797.82133511906909 0.16278750893030122 0.035758553466903188 -0.010614093283949227 0
3106 1 1 341712000 88079206.286562428 -35848367.649637692 -17239056.783468887 21.677341336388274 33.717678810796379 -9.9564736293825558 797.46281940884546 0.15421902131136933 0.035159042008576079 -0.011088369907607561 0
3107 1 1 341798400 89904559.363224044 -32916011.748615369 -18089810.498738568 20.576780174180939 34.153026554749715 -9.7360313047272111 797.12268939027172 0.14587621177946464 0.034363931198042659 -0.011584898463698902 0
3108 1 1 341884800 91635003.817571551 -29948070.072945107 -18921303.269361217 19.480724146411873 34.541661563989443 -9.5107363717039881 796.80048832341561 0.13778163470090601 0.033400086447020534 -0.012111937668753858 0
3109 1 1 341971200 93271014.927009329 -26948515.72586352 -19733145.919053867 18.391135655511768 34.885052529845318 -9.2812797030433565 796.49570311896753 0.12995484368193505 0.032294626874693248 -0.012676874225594836 0
3110 1 1 342057600 94813230.021626905 -23921191.759367313 -20525007.479505159 17.309804138748238 35.184738172446771 -9.0483175840630441 796.20776817154865 0.12241233038386409 0.031074504211176638 -0.013286169375561112 0
3111 1 1 342144000 96262433.721734747 -20869805.889279198 -21296612.14568606 16.238350508448068 35.442309763063754 -8.8124705006612221 795.93606943715145 0.11516752080614998 0.029766090993884047 -0.013945339291716053 0
3112 1 1 342230400 97619543.615641266 -17797926.656435397 -22047736.149453301 15.17823285750492 35.659395134977764 -8.5743224499780961 795.67994864458592 0.10823082672508567 0.028394786980058796 -0.014658969114911961 0
3113 1 1 342316800 98885596.475601405 -14708980.903815325 -22778204.594012462 14.130753169897629 35.837644212884541 -8.3344207137123245 795.43870752827786 0.10160974830746436 0.02698465194296298 -0.01543075902779489 0
3114 1 1 342403200 100061735.08829655 -11606252.438394399 -23487888.286637522 13.097064797599304 35.978716055974658 -8.0932760346563661 795.21161197262415 0.095309022469318952 0.025558071633891784 -0.016263598693785637 0
3115 1 1 342489600 101149195.75660264 -8492881.7481935639 -24176700.601977479 12.078180488958738 36.084267381414499 -7.8513631387778986 794.9978959702778 0.089330808680808768 0.024135462429543765 -0.017159663726131862 0
3116 1 1 342576000 102149296.51189271 -5371866.6488829469 -24844594.40340599 11.074980778209746 36.155942512562675 -7.6091215478091652 794.79676531963696 0.083674903285756455 0.022735018577889232 -0.018120526363599967 0
3117 1 1 342662400 103063426.06073657 -2246063.7398752947 -25491559.045248315 10.088222570256406 36.195364679318132 -7.3669566304374685 794.60740102302702 0.078338971372081789 0.021372503890078713 -0.019147269161026905 0
3118 1 1 342748800 103893033.47656003 881809.44332781155 -26117617.474378962 9.1185477785362217 36.204128585925211 -7.1252408435687249 794.42896239918764 0.073318785127997069 0.020061088860345751 -0.020240589518889244 0
3119 1 1 342835200 104639618.63551511 4009171.6860911786 -26722823.445640683 8.1664918960310668 36.183794153714928 -6.8843151185855067 794.26058999339057 0.068608456385144498 0.018811232774412313 -0.021400880678923307 0
3120 1 1 342921600 105304723.38635197 7133574.8582571577 -27307258.861788761 7.2324924001320881 36.135881342071585 -6.6444903509766604 794.10140845236697 0.064200653714518649 0.017630611388975793 -0.022628276167137522 0
3121 1 1 343008000 105889923.43633504 10252700.273346145 -27871031.245220114 6.3168969109312458 36.061865949875958 -6.4060489552266944 793.95052962127295 0.060086795438993194 0.016524091996817872 -0.023922646199316191 0
3122 1 1 343094400 106396820.92904593 13364354.723887818 -28414271.345612731 5.4199710396241079 35.963176301347282 -6.1692464506179832 793.80705619945547 0.056257215313324879 0.015493761659539376 -0.025283541596006428 0
3123 1 1 343180800 106827037.68512924 16466466.265282253 -28937130.884816587 4.5419058792535916 35.841190724232476 -5.9343130479443182 793.67008633173748 0.052701302368976924 0.014539018895833209 -0.026710089426665584 0
3124 1 1 343267200 107182209.07352756 19557079.812880937 -29439780.437959865 3.6828251041340256 35.697235734228954 -5.7014552122551398 793.53871947884363 0.049407623383405437 0.013656743703133986 -0.028200856208798777 0
3125 1 1 343353600 107463978.47840798 22634352.609845728 -29922407.447838951 2.8427916570747027 35.532584846826573 -5.4708571827875945 793.41206377287381 0.046364040937862762 0.012841562521398064 -0.029753705596009705 0
3126 1 1 343440000 107673992.32567468 25696549.616872966 -30385214.368313976 2.0218140147973314 35.348457945608189 -5.2426824377469101 793.28924481666627 0.043557841372206765 0.012086221000193199 -0.03136568113673216 0
3127 1 1 343526400 107813895.63255705 28742038.869065762 -30828416.931632951 1.2198520313961034 35.146021143449325 -5.0170750976330911 793.16941556732866 0.040975882739383282 0.011382066001029608 -0.033032939040916941 0
3128 1 1 343612800 107885328.0440778 31769286.840013854 -31252242.53427076 0.43682236688904208 34.926387078922694 -4.7941612652467107 793.05176664009105 0.038604763539591143 0.010719619484616231 -0.034750738972978909 0
3129 1 1 343699200 107889920.32103518 34776853.848329201 -31656928.735807113 -0.32739648738395938 34.690615593823381 -4.5740503023143928 792.9355361886071 0.036431001675064155 0.010089205866834145 -0.036513477268457613 0
3130 1 1 343785600 107829291.24526957 37763389.537282139 -32042721.865340535 -1.0729595723430838 34.439714738977216 -4.3568360417845673 792.82001854256566 0.034441204633006747 0.0094815764689278846 -0.038314728794923238 0
3131 1 1 343872000 107705044.90925282 40727628.45360703 -32409875.729754087 -1.8000511986864243 34.174642055069242 -4.1425979324466908 792.70457101442048 0.032622211005124475 0.0088884677703600229 -0.040147260774465766 0
3132 1 1 343958400 107518768.35835391 43668385.746906124 -32758650.417765591 -2.5088810429777264 33.896306074379233 -3.9314021106032699 792.5886186381847 0.030961190198271704 0.0083030358874989652 -0.042002998258890215 0
3133 1 1 344044800 107272029.55548485 46584553.006398752 -33089311.193235591 -3.1996805862836672 33.605567989447017 -3.7233023939392389 792.47165694185412 0.029445699507774453 0.0077201287502177236 -0.04387295047438735 0
3134 1 1 344131200 106966375.63927029 49475094.247175306 -33402127.470920861 -3.8726998779726363 33.303243436823522 -3.5183411963755353 792.35325306775133 0.028063709097872466 0.0071363818565507173 -0.045747138515828664 0
3135 1 1 344217600 106603331.44846447 52339042.053812467 -33697371.868011333 -4.5282046053955645 32.990104348541699 -3.3165503688620208 792.2330455998956 0.026803612408348356 0.0065501492388883959 -0.04761458127978771 0
3136 1 1 344304000 106184398.28708676 55175493.885385625 -33975319.32550659 -5.1664734483841102 32.666880830529202 -3.117951977636729 792.11074337254661 0.025654238124619168 0.0059613014326882719 -0.04946338998881962 0
3137 1 1 344390400 105711052.90662143 57983608.542727575 -34236246.294703372 -5.7877956963987778 32.334263035121502 -2.9225590360583862 791.98612340007685 0.024604874890989951 0.0053709343890316636 -0.051280995073435885 0
3138 1 1 344476800 105184746.68355112 60762602.796307236 -34480429.985522941 -6.3924691060888197 31.992903003217311 -2.7303762069114863 791.85902796611015 0.023645310879044985 0.0047810367029378128 -0.053054490874731235 0
3139 1 1 344563200 104606904.97238229 63511748.171337672 -34708147.674756601 -6.9807979780246594 31.643416459535317 -2.5414004889793222 791.72936087987375 0.022765883600727725 0.0041941578002943321 -0.05477105463755047 0
3140 1 1 344649600 103978926.61608253 66230367.885592446 -34919676.073272012 -7.5530914330748695 31.286384551103176 -2.3556218961758018 791.59708294097368 0.021957531476701021 0.0036131085750062495 -0.056418383491098206 0
3141 1 1 344736000 103302183.59730308 68917833.935062647 -35115290.751409188 -8.1096618745962914 30.922355530955823 -2.1730241248737956 791.46220686197387 0.021211839297428568 0.0030407122206350052 -0.057985098021163181 0
3142 1 1 344822400 102578020.81813794 71573564.317436486 -35295265.624779411 -8.6508235301440433 30.551846231906726 -1.9935853129417216 791.32478932715424 0.020521892343654435 0.0024780938455429419 -0.059462544142473588 0
3143 1 1 344908800 101807755.97741562 74197020.404808685 -35459872.52617152 -9.1768918430023891 30.175344328436818 -1.8172792264839703 791.18491812182128 0.019873870925968547 0.0019370305855005948 -0.060842273552134951 0
3144 1 1 344995200 100992679.57706174 76787704.461809158 -35609380.640700705 -9.6881798601075371 29.793308330331747 -1.6440687317606031 791.04282851056996 0.019301549856685592 0.0013953583716812363 -0.062002417873747329 0
3145 1 3 345059326.2701472 100359503.71734454 78689054.807832912 -35710740.957206048 -10.058285894206341 29.506438197763121 -1.5174812588854856 790.93622976621702 0 0 0 243
3146 1 1 345081600 100134055.25781509 79345157.146998957 -35744055.201501831 -10.184997038319889 29.406169428150697 -1.4739005596162476 790.89901157402403 0.018793616645760354 0.00086715343455141185 -0.062882126756728801 0
3147 1 1 345168000 99233119.922718823 81868955.223502487 -35864157.447471723 -10.667653285704722 29.014331213704416 -1.3067463329392992 790.75345726053195 0.018309122050356907 0.00030422539960348239 -0.063981005298020338 0
3148 1 1 345254400 98291083.696962938 84358709.131088942 -35969947.372492298 -11.136457758471323 28.618171175425687 -1.1425915988610098 790.60585938211091 0.017843598775942857 -0.00027295447994261571 -0.065062340810729119 0
3149 1 1 345340800 97309130.177429095 86814061.07356073 -36061682.563387185 -11.591715011651422 28.218047653229362 -0.98139802361619588 790.45633309833113 0.017407897451505616 -0.00082572880363625939 -0.066032489535248637 0
3150 1 1 345427200 96288416.865198225 89234683.379711971 -36139616.960869722 -12.033724817482613 27.814298924918532 -0.82312142434675617 790.30507686667204 0.016995529094509344 -0.0013640404893711592 -0.066897735834537619 0
3151 1 1 345513600 95230075.54179208 91620276.673952758 -36204000.666252472 -12.462782623645836 27.407242130395051 -0.66771703920126002 790.15227922874931 0.016603857305798466 -0.0018862877742658942 -0.067660048199089495 0
3152 1 1 345600000 94135212.674723461 93970568.145877317 -36255079.866672613 -12.879178903862824 26.997175214139016 -0.51513906813005372 789.99812994427487 0.016230263425750086 -0.0023925617466757573 -0.06832166118145272 0
3153 1 1 345686400 93004909.859657466 96285309.930285707 -36293096.758101754 -13.283198872888176 26.584377837808717 -0.36534097362845064 789.84281761091358 0.015872460535266253 -0.0028832499705940514 -0.068885684550705137 0
3154 1 1 345772800 91840224.286679342 98564277.571334928 -36318289.494307861 -13.675122220208808 26.169112385731381 -0.21827576804322599 789.68652709515504 0.015528463096499119 -0.0033589769177809607 -0.069355958673904247 0
3155 1 1 345859200 90642189.227267146 100807268.57126929 -36330892.158988647 -14.055222896104285 25.751624917429027 -0.073896263407179072 789.52943743994615 0.015196552222335766 -0.0038205718916420085 -0.069736924267630604 0
3156 1 1 345945600 89411814.537744015 103014101.01941586 -36331134.758124724 -14.423768943200646 25.332146073397499 0.067844709965767525 789.37172013812096 0.014875244741497443 -0.0042690360897699817 -0.070033499269182647 0
3157 1 1 346032000 88150087.175509498 105184612.29749283 -36319243.229950242 -14.781022368285379 24.91089193612013 0.20699411387749517 789.21353774270256 0.014563265225165611 -0.0047055106133580592 -0.070250964054343029 0
3158 1 1 346118400 86857971.724653184 107318657.85758746 -36295439.469639197 -15.12723905275314 24.488064851571721 0.34359855160557284 789.05504304242072 0.014259521954077016 -0.0051312579503736151 -0.070394858662368054 0
3159 1 1 346204800 85536410.930011481 109416110.06631985 -36259941.374256089 -15.462668631499087 24.063854120070719 0.47770389088773435 788.89637320132863 0.01396376670242854 -0.0055485748660685508 -0.07047361750540497 0
3160 1 1 346291200 84186326.233745947 111476857.11800636 -36212962.89363119 -15.787554662985363 23.63843706137903 0.60935593011857869 788.73766588696515 0.013671672300547846 -0.0059535950886119224 -0.070479061053320274 0
3161 1 1 346377600 82808618.285179257 113500802.04276356 -36154713.968060568 -16.102134926496532 23.211979818541518 0.7386018491008296 788.57909076067267 0.013377728946665619 -0.0063459787229328225 -0.070393083174285678 0
3162 1 1 346464000 81404167.421285123 115487861.78716293 -36085400.343491733 -16.406641948777807 22.784638761176723 0.86549176783338766 788.4208848327047 0.013071229582635921 -0.0067120553653253227 -0.070187592193777418 0
3163 1 1 346550400 79973834.160323068 117437966.36673097 -36005223.511702426 -16.701301380558846 22.356559363720546 0.99007178937300333 788.26320762203477 0.012772594626541473 -0.0070787198018765068 -0.069951338939243754 0
3164 1 1 346636800 78518459.851285681 119351057.87022956 -35914381.247830562 -16.98633182539902 21.927876352120251 1.1123839589303441 788.10613975402043 0.012475965271759981 -0.0074403995822332029 -0.069664281937379474 0
3165 1 1 346723200 77038867.211466312 121227089.64234871 -35813067.739810519 -17.261945625007524 21.498715242530807 1.2324670130637971 787.94970308686652 0.012194419688419098 -0.0078127599477975599 -0.069427071352720637 0
3166 1 1 346809600 75535861.003983065 123066025.36732922 -35701474.798312187 -17.528345452581508 21.069189395222033 1.3503330202711823 787.79338258135374 0.011971902034794845 -0.0082395553486044413 -0.069555308049384784 0
3167 1 1 346896000 74010228.811226621 124867838.10505015 -35579793.738373086 -17.785728042747056 20.639404212027614 1.465993376061582 787.63665894916187 0.011763779908073599 -0.0086779644832425066 -0.069736113435581643 0
3168 1 1 346982400 72462741.284132764 126632509.87900855 -35448213.592417583 -18.034288038195012 20.209461314179421 1.5794855048205141 787.47955550772099 0.011554511370513594 -0.0091128866874744061 -0.069861101999516631 0
3169 1 1 347068800 70894152.466067746 128360031.22628921 -35306919.904271036 -18.274214937108319 19.779455907530142 1.6908505005179479 787.32218137462542 0.011345408857863138 -0.0095464642780874135 -0.069942851785403354 0
3170 1 1 347155200 69305200.265195504 130050400.61668438 -35156094.662179098 -18.505692867990433 19.349476539061843 1.800130273847089 787.16467311271299 0.011133250317805375 -0.0099783593965998372 -0.069964571699519432 0
3171 1 1 347241600 67696607.002520502 131703623.87043336 -34995916.774044067 -18.728897414747848 18.919604491904586 1.9073472002784113 787.00678280456577 0.010973463374335649 -0.010428321581530424 -0.070277316818383645 0
3172 1 1 347328000 66069080.309822798 133319713.48035641 -34826564.85439714 -18.943993619325859 18.489913108183291 2.0124887054312173 786.84756775217511 0.010890129473499646 -0.010910050557779589 -0.071067279325117735 0
3173 1 1 347414400 64423313.728276908 134898688.04744393 -34648218.314531185 -19.151144547142472 18.060471334232165 2.1155621234221229 786.68650245611457 0.010806640423461373 -0.011393269126420238 -0.071827435606407516 0
3174 1 1 347500800 62759986.665107131 136440572.01732451 -34461054.137447506 -19.350512913140474 17.63134504388994 2.2166071669054541 786.52372939218344 0.010719634209826825 -0.011874846940954293 -0.072524963014583568 0
3175 1 1 347587200 61079764.695852719 137945395.32015648 -34265245.907973163 -19.542256147546809 17.202595308369133 2.3156621791831942 786.35937567254859 0.010629689270437873 -0.012355307889135572 -0.073166513243761624 0
3176 1 1 347673600 59383300.012206994 139413192.96367997 -34060963.95162636 -19.726526661379964 16.774278659960906 2.4127643842444355 786.19355852375611 0.010536975521588766 -0.012834201350689562 -0.073753348910538002 0
3177 1 1 347760000 57671231.881112076 140844004.6541909 -33848375.557526089 -19.903471111593575 16.346447330894343 2.5079461739437487 786.02631041322809 0.010446724299431378 -0.013313405919209476 -0.074312653904662296 0
3178 1 1 347846400 55944186.910413973 142237874.4165149 -33627644.386267655 -20.073238377569666 15.919148968684471 2.601270309813958 785.85828628840079 0.010234759619391954 -0.013801601563519648 -0.07429021743658587 0
3179 1 1 347932800 54202778.553118721 143594850.17752734 -33398926.548565086 -20.235982228613 15.492426251597029 2.692839928407309 785.69095936726035 0.009876965349934673 -0.014309051754639665 -0.073602647226681167 0
3180 1 1 348019200 52447607.36801482 144914983.39625946 -33162370.201438896 -20.391844178382474 15.066318851909793 2.7827224112462976 785.52509262374917 0.0095181845238591686 -0.014817171682333562 -0.072881749741744759 0
3181 1 1 348105600 50679262.384243026 146198328.87422684 -32918119.904225014 -20.540952348437465 14.640864104797181 2.8709455670095214 785.36066790960524 0.0091616818199167557 -0.015327845482499013 -0.072141068183048759 0
3182 1 1 348192000 48898321.708623633 147444944.50523213 -32666317.720001947 -20.683431702810914 14.216096482894141 2.9575398271764675 785.19773476971943 0.0087961631082891407 -0.015833191292989594 -0.071360457950276041 0
3183 1 1 348278400 47105352.793452695 148654891.06020793 -32407103.039636578 -20.819403697382917 13.792047978101074 3.0425362035095662 785.03636994815417 0.0084223958139691135 -0.016334105200468546 -0.070541304530198037 0
3184 1 1 348364800 45300912.7974618 149828231.93353826 -32140612.638429996 -20.948984992812459 13.368747206403063 3.1259639735340352 784.87662434736922 0.0080505450067176864 -0.016839376049594918 -0.069698645042751875 0
3185 1 1 348451200 43485549.008131109 150965032.84833151 -31866980.842751537 -21.07228763480758 12.946219645612427 3.2078508250062758 784.71852610980659 0.0076809832927517739 -0.017349451764350807 -0.068833149351016462 0
3186 1 1 348537600 41659799.200943187 152065361.62235761 -31586339.615668483 -21.189419774095004 12.52448832848013 3.2882237695510366 784.56210194317805 0.0073141941487663339 -0.01786480953583065 -0.067945649536405625 0
3187 1 1 348624000 39824191.97435867 153129287.96151379 -31298818.618861496 -21.300485704661881 12.103573952972186 3.3671090680764508 784.4073751690272 0.0069507851394052305 -0.018385957858541153 -0.067037040533434636 0
3188 1 1 348710400 37979247.079405092 154156883.26431939 -31004545.27740629 -21.405585948996396 11.683495026074871 3.4445322342909708 784.25436557580247 0.006591406748115777 -0.018913371451856342 -0.066108195020275026 0
3189 1 1 348796800 36125475.74172321 155148220.4387064 -30703644.843963645 -21.504817345930942 11.264268003527155 3.5205180432639827 784.10308939068443 0.0062367487480930427 -0.019447489215104408 -0.065159963296955697 0
3190 1 1 348883200 34263380.976130553 156103373.73054907 -30396240.462230977 -21.598273136051336 10.845907421904419 3.5950905399787634 783.95355924398234 0.0058875355072694636 -0.019988712184359988 -0.064193172727463763 0
3191 1 1 348969600 32393457.893892691 157022418.56330407 -30082453.229639135 -21.686043045098923 10.428426023784674 3.6682730482466326 783.80578413691308 0.005544520678898714 -0.020537401834077675 -0.063208626826518621 0
3192 1 1 349056000 30516194.002874229 157905431.38817933 -29762402.259264637 -21.768213365388405 10.011834876380119 3.7400881799534789 783.65976941328086 0.0052084817434617185 -0.02109387892558014 -0.062207104105651521 0
3193 1 1 349142400 28632069.500740726 158752489.54428416 -29436204.740929168 -21.844867035252392 9.5961434839841466 3.810557844618442 783.51551673551035 0.0048802143639169477 -0.021658422856142567 -0.061189356548611976 0
3194 1 1 349228800 26741557.561382145 159563671.12823775 -29103976.001460988 -21.916083716502428 9.1813598945596269 3.8797032592318899 783.37302406502965 0.0045605269683090637 -0.022231271543795936 -0.060156108061953643 0
3195 1 1 349315200 24845124.614723057 160339054.87274891 -28765829.564091515 -21.981939870094131 8.7674908008330732 3.9475449584549511 783.23228564972726 0.0042502334454910902 -0.022812621357817746 -0.059108051694432014 0
3196 1 1 349401600 22943230.619994957 161078720.0338245 -28421877.206630252 -22.04250883164179 8.3545416391132434 4.0141028130384253 783.0932921879762 0.0039501634683824652 -0.023402634521140456 -0.058045858589967206 0
3197 1 1 349488000 21036329.334721651 161782746.28362012 -28072229.024793293 -22.097860822534837 7.9425166048598381 4.0793958505643424 782.95602668118511 0.003661731896056225 -0.024002169425631398 -0.056972041677495741 0
3198 1 1 349574400 19124868.5769278 162451213.61153916 -27716993.493014406 -22.148063216770449 7.5314189805392795 4.1434428754985868 782.82047772958686 0.0033810283069774772 -0.024605324232141672 -0.055872309854931058 0
3199 1 1 349660800 17209290.409620993 163084202.32643917 -27356277.29318564 -22.193182234199693 7.121253386831973 4.2062677779336681 782.68675518909447 0.0030855377013797379 -0.025180908608858805 -0.054671247528039806 0
3200 1 1 349747200 15290031.250298364 163681793.16202781 -26990184.915714651 -22.233281541476742 6.7120239892119349 4.2678947514162138 782.55498559707075 0.0027947628672107491 -0.025752939859338044 -0.053431195884371695 0
3201 1 1 349833600 13367522.223597404 164244067.06243354 -26618819.073306087 -22.268420173116315 6.3037317186087325 4.3283413303433873 782.42516011887199 0.0025196868830711073 -0.026334809945930106 -0.052185774066066733 0
3202 1 1 349920000 11442189.501338128 164771104.97924298 -26242281.08550445 -22.2986539620595 5.8963761010777382 4.3876229053483398 782.29723264301424 0.0022601633738725713 -0.026925367859173731 -0.050932679881882936 0
3203 1 1 350006400 9514454.541917868 165262987.79827517 -25860670.951984033 -22.324036172054424 5.4899560717590887 4.4457545738925734 782.17115988532748 0.0020168990723526737 -0.02752463195473959 -0.04967247750270861 0
3204 1 1 350092800 7584734.3152289139 165719796.28408295 -25474087.394969024 -22.344617448668618 5.0844698987521051 4.5027508116684096 782.04689397940354 0.0017906240738442766 -0.028132609978384855 -0.048405695520296957 0
3205 1 1 350179200 5653441.5264663491 166141611.02513003 -25082627.911864825 -22.36044587498667 4.6799152475039154 4.5586254974346074 781.92438276573694 0.0015820549291457348 -0.028749289598160692 -0.047132798719826438 0
3206 1 1 350265600 3720984.8352746833 166528512.38419363 -24686388.826276552 -22.371567023307954 4.2762892375811985 4.6133919257943123 781.80356982648652 0.0013918972634023067 -0.029374639485860006 -0.045854191182486709 0
3207 1 1 350352000 1787769.0705380177 166880580.45355716 -24285465.337951574 -22.378024004378265 3.8735884967880798 4.6670628193712069 781.68439451580957 0.0012208448617345769 -0.030008609976982317 -0.044570217315694417 0
3208 1 1 350438400 -145804.55899497319 167197895.01477131 -23879951.571685459 -22.379857514576646 3.4718092128686679 4.7196503406197534 781.56679199240921 0.0010695789274713509 -0.030651133873361835 -0.043281163193576153 0
3209 1 1 350524800 -2079338.2580748093 167480535.50278562 -23469940.625225101 -22.377105881066459 3.0709471829594945 4.7711661032262027 781.45069325523048 0.00093876738680136141 -0.031302127083989086 -0.041987257948267021 0
3210 1 1 350611200 -4012437.4421291896 167728580.97425991 -23055524.616205096 -22.369805104940436 2.6709978609505813 4.821621183079654 781.33602518378927 0.00082906429107281344 -0.031961489409550611 -0.040688675288322165 0
3211 1 1 350697600 -5944710.5380832236 167942110.07988361 -22636794.728155728 -22.35798890239418 2.271956402899507 4.8710261287900423 781.22271058460854 0.00074110917866364583 -0.032629105259821128 -0.03938553510934828 0
3212 1 1 350784000 -7875768.7886530058 168121201.04053956 -22213841.255622655 -22.341688743955867 1.873817710647449 4.9193909717281503 781.11066824541194 0.00067552662527167219 -0.033304844353517653 -0.038077905263186308 0
3213 1 1 350870400 -9805226.0599455405 168265931.62716305 -21786753.648440357 -22.32093389180071 1.4765764737692002 4.9667252355707259 780.99981299878618 0.0006329257211005006 -0.033988562496027309 -0.036765803308447392 0
3214 1 1 350956800 -11732698.652201211 168376379.14415947 -21355620.555202957 -22.295751435183156 1.0802272099903683 5.0130379453346245 780.89005579708601 0.00061389966399679353 -0.034680102241036008 -0.035449198406680503 0
3215 1 1 351043200 -13657805.1135171 168452620.41625059 -20920529.865977056 -22.266166324010968 0.68476430419761691 5.0583376358830483 780.78130380025925 0.00061902538726673229 -0.035379293654764075 -0.034128013220437611 0
3216 1 1 351129600 -15580166.05639194 168494731.77863628 -20481568.754303087 -22.232201400591997 0.29018204616080462 5.1026323598868029 780.67346047808962 0.00064886319100068788 -0.036085954994215727 -0.032802125960446391 0
3217 1 1 351216000 -17499403.976935957 168502789.07036322 -20038823.718532905 -22.193877429577714 -0.10352533291534009 5.1459296952277898 780.5664257282416 0.00070395648915210472 -0.03679989344409041 -0.031471372375267981 0
3218 1 1 351302400 -19415143.076590825 168476867.63080552 -19592380.622552156 -22.151213126129342 -0.49636362490283437 5.1882367518311732 780.46009601108005 0.00078483151470257423 -0.037520905854949695 -0.030135547898833596 0
3219 1 1 351388800 -21327009.086207334 168417042.29916888 -19142324.735937707 -22.104225182332044 -0.88833861021406801 5.2295601779127407 780.35436450197278 0.00089199712791878099 -0.03824877943039675 -0.028794409746795101 0
3220 1 1 351475200 -23234629.092330292 168323387.41694209 -18688740.773600891 -22.052928291877652 -1.2794560241153357 5.2699061656258177 780.24912126121671 0.001025944636169022 -0.038983292503230363 -0.027447679200089194 0
3221 1 1 351561600 -25137631.365542151 168195976.83322531 -18231712.93496944 -21.997335173040604 -1.6697215237963861 5.3092804560954932 780.14425342118523 0.0011871476369759596 -0.039724215340280859 -0.026095043789178748 0
3222 1 1 351648000 -27035645.190718587 168034883.91287428 -17771324.942761328 -21.937456589964931 -2.0591406560981231 5.3476883438267375 780.03964538981074 0.0013760619509069665 -0.040471310940493575 -0.024736159684347486 0
3223 1 1 351734400 -28928300.699051112 167840181.54740795 -17307660.08140542 -21.873301372281915 -2.4477188258044373 5.3851346804683278 779.93517906890281 0.0015931255351290413 -0.041224335883286493 -0.023370654053726049 0
3224 1 1 351820800 -30815228.701693144 167611942.16863492 -16840801.235165276 -21.80487643307859 -2.8354612644107453 5.4216238779194175 779.83073408522603 0.0018387584608350409 -0.041983041245610773 -0.021998127556069853 0
3225 1 1 351907200 -32696060.524887975 167350237.76495999 -16370830.926023541 -21.732186785229153 -3.222372999286105 5.4571599107618374 779.72618803167359 0.0021133629615155323 -0.042747173610558888 -0.020618156854547914 0
3226 1 1 351993600 -34570427.846437424 167055139.90034133 -15897831.351385899 -21.655235556107741 -3.6084588231436943 5.491746317999926 779.62141671550671 0.0024173234448988195 -0.043516476088879028 -0.01923029728036842 0
3227 1 1 352080000 -36437962.533372551 166726719.73587567 -15421884.421665322 -21.574024000698039 -3.9937232637307187 5.5253862040919781 779.51629441041928 0.0027510065886732849 -0.044290689366310497 -0.017834085482386106 0
3228 1 1 352166400 -38298296.480688013 166365048.05399525 -14943071.797808286 -21.488551513109037 -4.3781705536619366 5.5580822392553753 779.4106941087548 0.003114761479194744 -0.045069552941254518 -0.016429042252505105 0
3229 1 1 352252800 -40151061.451003015 165970195.28526819 -14461474.928826949 -21.398815636510435 -4.761804600314365 5.589836659023586 779.30448777026595 0.0035089197435981688 -0.045852806277298819 -0.015014675387774519 0
3230 1 1 352339200 -41995888.91501303 165542231.53779969 -13977175.089402331 -21.304812071504028 -5.1446289556882929 5.6206512630398491 779.19754656418002 0.0039337956754168348 -0.046640189958874027 -0.013590482628061572 0
3231 1 1 352425600 -43832409.892597444 165081226.62924317 -13490253.417625582 -21.206534682936717 -5.5266467861560633 5.6505274130651504 779.08974110123063 0.0043896864774134606 -0.047431446988651524 -0.012155954725402617 0
3232 1 1 352512000 -45660254.794448994 164587250.12143198 -13000790.95294591 -21.103975505168325 -5.9078608420075582 5.6794660301829669 778.9809416529215 0.0048768723771765348 -0.048226323908709658 -0.010710578512716697 0
3233 1 1 352598400 -47479053.264092073 164060371.35765502 -12508868.674395449 -20.997124745807579 -6.2882734266947127 5.7074675911802366 778.87101835587225 0.0053956168338933535 -0.049024571956964663 -0.009253840138669582 0
3234 1 1 352684800 -49288434.020157881 163500659.50260627 -12014567.539163122 -20.8859707879258 -6.6678863656753506 5.7345321240852494 778.75984139964294 0.0059461666503893007 -0.049825948016603686 -0.0077852282741650118 0
3235 1 1 352771200 -51088024.698785789 162908183.58504745 -11517968.521591088 -20.770500190761613 -7.0467009747493279 5.7606592028436578 778.64728119715392 0.0065287521068211922 -0.050630215507264445 -0.006304237469508164 0
3236 1 1 352857600 -52877451.69602073 162283012.54323173 -11019152.652669208 -20.650697688930649 -7.4247180277821849 5.7858479411109922 778.53320853730054 0.0071435869649139729 -0.051437145104721506 -0.004810371512309633 0
3237 1 1 352944000 -54656340.010078169 161625215.27314761 -10518201.06010469 -20.526546190153024 -7.8019377236932748 5.8100969851436339 778.41749472028107 0.0077908684954761005 -0.052246515150489545 -0.0033031468739419876 0
3238 1 1 353030400 -56424313.083349444 160934860.67965007 -10015195.009045573 -20.398026771516669 -8.1783596525827491 5.8334045057675228 778.30001167666035 0.0084707772773541298 -0.053058111870072935 -0.0017820961803795049 0
3239 1 1 353116800 -58180992.644021556 160212017.73056227 -9510215.9435386527 -20.265118674295419 -8.5539827608712073 5.8557681894082556 778.18063207163323 0.0091834769942260464 -0.053871729302808348 -0.00024677170144667317 0
3240 1 1 353203200 -59925998.547187455 159456755.51383409 -9003345.5288037248 -20.127799297335766 -8.9288053153181952 5.8771852281567156 778.05922939636071 0.0099291140503442281 -0.054687168959677013 0.0013032510131552842 0
3241 1 1 353289600 -61658948.615324043 158669143.29786521 -8494665.6944086161 -19.986044189042008 -9.3028248657686028 5.8976523088534512 777.93567804888482 0.010707816951549393 -0.055504238980775007 0.0028683696229785025 0
3242 1 1 353376000 -63379458.47801774 157849250.59510589 -7984258.6784302304 -19.839827037977244 -9.6760382064839128 5.9171656011734211 777.80985340702966 0.01151969565824593 -0.056322753189483814 0.0044489513290675454 0
3243 1 1 353462400 -65087141.410819389 156997147.22906569 -7472207.0726892632 -19.689119662109078 -10.048441335911061 5.9357207446843274 777.68163189584686 0.012364840541398995 -0.057142529648909916 0.0060453292240805635 0
3244 1 1 353548800 -66781608.173112161 156112903.4048717 -6958593.869148083 -19.533891996724741 -10.42002941472964 5.9533128348606503 777.55089105233264 0.013243321358336318 -0.057963389006172955 0.0076577986263969963 0
3245 1 1 353635200 -68462466.844878957 155196589.78353018 -6443502.5075628497 -19.374112081042814 -10.790796722020213 5.969936408032404 777.41750958996772 0.014155185796633557 -0.058785152454327673 0.0092866134074072806 0
3246 1 1 353721600 -70129322.662257776 154248277.56006363 -5927016.9244829286 -19.209746043554937 -11.160736609402193 5.9855854252450058 777.28136746536268 0.01510045796364687 -0.059607639656438949 0.010931982284064933 0
3247 1 1 353808000 -71781777.851774886 153268038.54570231 -5409221.6036914075 -19.040758086075446 -11.529841452983707 6.000253255040592 777.1423459487828 0.016079136699477081 -0.060430666251195565 0.012594065232385373 0
3248 1 1 353894400 -73419431.463186085 152255945.25433579 -4890201.6282083085 -18.867110467673257 -11.898102602760686 6.0139326543602873 777.00032771321412 0.017091185392305686 -0.061254040646401907 0.014272964147075004 0
3249 1 1 353980800 -75041879.201105878 151212070.99372259 -4370042.7341736946 -18.688763490691066 -12.26551032316169 6.026615745440286 776.85519708099162 0.0181366612283578 -0.06207759392301139 0.015968808234184863 0
3250 1 1 354067200 -76648713.243032217 150136489.95323089 -3848831.3577587507 -18.505675144497602 -12.632053975862529 6.0382942411061924 776.70683266955825 0.019218020764780838 -0.062902959329214789 0.017683449846434954 0
3251 1 1 354153600 -78239522.099433616 149029277.3258962 -3326654.7156298631 -18.317803307302075 -12.997720430700239 6.0489578059742017 776.55515627257614 0.020298237417728966 -0.06370431695816256 0.019389866798151221 0
3252 1 1 354240000 -79813890.762118042 147890509.64007041 -2803601.101280997 -18.125108702759025 -13.362491826389846 6.0585917799500377 776.40020489534413 0.021338374798444533 -0.064452908499440617 0.021058352922155788 0
3253 1 1 354326400 -81371400.756237805 146720265.03986695 -2279760.1219951767 -17.927548377027431 -13.726350016673866 6.0671818667952992 776.24198807649736 0.022401822212665824 -0.065192632536176479 0.022734586264986027 0
3254 1 1 354412800 -82911629.567252025 145518623.13084975 -1755222.4792505931 -17.725072887997573 -14.089278523490004 6.0747162210606724 776.0804195500458 0.023495008859371502 -0.065927587243271246 0.024423069550438291 0
3255 1 1 354499200 -84434150.311742559 144285665.00104499 -1230079.9264011125 -17.517630680951324 -14.451259406126942 6.0811822333208578 775.91541486959295 0.024616181769003802 -0.066656508269735876 0.02612229167045705 0
3256 1 1 354585600 -85938531.567645743 143021473.35907024 -704425.34604200372 -17.305168220436592 -14.812273095293158 6.0865663867381379 775.74689489737079 0.025764695737218953 -0.067378886699533597 0.027831523809821183 0
3257 1 1 354672000 -87424337.196248412 141726132.67438701 -178352.82539081227 -17.087629855839737 -15.172298386557028 6.0908543085202123 775.57478355159287 0.026939870723613622 -0.068094205479870787 0.029549974947623073 0
3258 1 1 354758400 -88891126.158472523 140399729.32222536 348042.26835191029 -16.864957798837231 -15.531312355418235 6.0940307372239753 775.39900807161951 0.028140973652756203 -0.068801939049141086 0.031276779348321022 0
3259 1 1 354844800 -90338452.328976676 139042351.73586646 874663.20991208078 -16.637092095382357 -15.889290271666157 6.0960794922486583 775.21949917767643 0.029367220318325792 -0.069501552673067721 0.033010997010693099 0
3260 1 1 354931200 -91765864.307780832 137654090.56651771 1401411.8351734166 -16.403970596449362 -16.246205509201737 6.0969834423069091 775.03619123366491 0.030617774476845033 -0.070192501656526116 0.034751612432967302 0
3261 1 1 355017600 -93172905.229322627 136235038.85118565 1928188.4576325126 -16.165528927851437 -16.602029451043276 6.096724472685878 774.84902241578629 0.031891747001317666 -0.070874230556571077 0.036497533501602744 0
3262 1 1 355104000 -94559112.568868041 134785292.18897456 2454891.781972867 -15.921700459185057 -16.95673138923506 6.0952834512938283 774.65793488642737 0.033188194980453604 -0.071546172491181045 0.038247590608413068 0
3263 1 1 355190400 -95924017.946203619 133304948.92626382 2981418.8146522376 -15.67241627198128 -17.310278419346368 6.0926401934726551 774.46287497321543 0.034506120791190038 -0.072207748238075242 0.040000535806892105 0
3264 1 1 355276800 -97267146.926546365 131794110.35124658 3507664.7713958314 -15.417605127152944 -17.662635329236821 6.0887734255609773 774.26379335296667 0.035844471136391394 -0.072858365499479993 0.041755042261949336 0
3265 1 1 355363200 -98588018.818613604 130252880.89833818 4033522.9814869533 -15.157193431841112 -18.013764481749167 6.0836607471930346 774.06064524020121 0.03720213602464742 -0.073497418011946758 0.043509703749500576 0
3266 1 1 355449600 -99886146.469807327 128681368.36299595 4558884.7887447951 -14.891105205777661 -18.363625690963431 6.0772785923120445 773.85339058005241 0.038577947706053203 -0.074124284708394522 0.045263034364827953 0
3267 1 1 355536000 -101161036.05847563 127079684.12752208 5083639.4490780178 -14.619262047294834 -18.712176091636227 6.0696021888907783 773.6419942451148 0.039970679561879018 -0.07473832886884732 0.047013468478678953 0
3268 1 1 355622400 -102412186.88322723 125447943.39845566 5607674.0245017949 -14.341583099128499 -19.05937000141985 6.0606055173437534 773.4264262359485 0.041379044959182681 -0.07533889721882546 0.048759360785380686 0
3269 1 1 355708800 -103639091.14928882 123786265.45619634 6130873.2735046064 -14.05798501418451 -19.405158775438547 6.0502612676175316 773.20666188490327 0.042801695992227239 -0.075925319091282265 0.050498986622910705 0
3270 1 1 355795200 -104841233.75190945 122094773.91753842 6653119.5376505433 -13.768381921454802 -19.749490652773101 6.0385407949591006 772.98268206280954 0.044237222241985945 -0.076496905504925827 0.052230542567707629 0
3271 1 1 355881600 -106018092.05683409 120373597.01183571 7174292.6243024534 -13.472685392289261 -20.092310594385754 6.02541407434967 772.75447338811182 0.045684149463339679 -0.077052948397629689 0.053952147109023262 0
3272 1 1 355968000 -107169135.67788644 118622867.87155633 7694269.6853504488 -13.170804407261231 -20.433560111990669 6.0108496536045521 772.52202843797386 0.047140938198380569 -0.077592719766675408 0.05566184176739189 0
3273 1 1 356054400 -108293826.25172469 116842724.83803378 8212925.0918308794 -12.862645323890016 -20.773177087344209 5.9948146051442226 772.28534596090299 0.048605982349852167 -0.078115470925242472 0.057357592334297006 0
3274 1 1 356140800 -109391617.20985511 115033311.78326416 8730130.3043209538 -12.548111845511654 -21.111095581411298 5.9772744764408241 772.04443109029535 0.050077607732799428 -0.078620431817946715 0.059037290511268062 0
3275 1 1 356227200 -110461953.5480178 113194778.44864979 9245753.7389953267 -12.227104991621511 -21.447245632829837 5.9581932391550048 771.79929555830188 0.051554070611671027 -0.079106810412882395 0.060698755779466394 0
3276 1 1 356313600 -111504271.59308627 111327280.80163924 9759660.6292320713 -11.899523070056492 -21.781553045073455 5.9375332369806495 771.54995790934527 0.053033556132922904 -0.079573792281231279 0.062339737663341298 0
3277 1 1 356400000 -112517998.76765791 109430981.41126771 10271712.882657761 -11.565261651420753 -22.113939161672818 5.915255132229726 771.29644371260235 0.05451417682793646 -0.080020540163291742 0.063957918365737554 0
3278 1 1 356486400 -113502553.35254708 107506049.8436576 10781768.933524052 -11.224213546200406 -22.444320628831935 5.8913178511836612 771.03878577271576 0.055993971092330411 -0.080446193869407476 0.065550915645326238 0
3279 1 1 356572800 -114457344.24743535 105552663.07859883 11289683.590310883 -10.876268785065873 -22.77260914475092 5.8656785282599859 770.77702433773447 0.05747090170875465 -0.080849870318036768 0.06711628629968816 0
3280 1 1 356659200 -115381770.72997691 103571005.94838759 11795307.878456825 -10.521314602920279 -23.098711194920732 5.8382924490548653 770.51120730344428 0.058942854313616865 -0.081230663775015491 0.068651529955489621 0
3281 1 1 356745600 -116275222.21370985 101561271.60016948 12298488.878121695 -10.159235427301141 -23.422527772631533 5.8091129923195286 770.24139041308683 0.060407636110555295 -0.081587646420853421 0.070154093311128193 0
3282 1 1 356832000 -117137078.00517711 99523661.98309733 12799069.556892918 -9.7899128718121151 -23.743954083907976 5.7780915709588712 769.96763745117346 0.061862974534244664 -0.08191986926395424 0.071621374970634269 0
3283 1 1 356918400 -117966707.06072405 97458388.361685202 13296888.597355554 -9.413225735341392 -24.062879236042807 5.7451775721486475 769.69002043025864 0.063306516114756586 -0.0822263633343054 0.073050730690111851 0
3284 1 1 357004800 -118763467.74350847 95365671.856812119 13791780.219454046 -9.0290500078910636 -24.379185908870458 5.7103182966814616 769.4086197693166 0.064735825539050731 -0.082506141360680102 0.074439479219746349 0
3285 1 1 357091200 -119526707.58133206 93245744.015905499 14283573.997585203 -8.6372588839352016 -24.692750007899637 5.6734588976806073 769.12352446206694 0.066148384912252042 -0.082758199953206463 0.07578490875131054 0
3286 1 1 357177600 -120255763.02598713 91098847.413910598 14772094.672374213 -8.2377227843198 -25.003440298379854 5.6345423188360924 768.83483223368705 0.067541593321110746 -0.082981522199791657 0.0770842839298094 0
3287 1 1 357264000 -120949959.21490525 88925236.286734179 15257161.957099877 -7.8303093878204075 -25.311118019350271 5.5935092323410114 768.54264968414577 0.068912766746862836 -0.083175080920066091 0.078334853523181106 0
3288 1 1 357350400 -121608609.73599246 86725177.198934138 15738590.338752242 -7.4148836735861368 -25.615636476706978 5.5502979767430762 768.24709241590529 0.070259138444057512 -0.083337842675579352 0.079533858845319799 0
3289 1 1 357436800 -122231016.39665073 84498949.747510567 16216188.873725267 -6.991307975829498 -25.916840614275909 5.5048444949433 767.94828514404742 0.071577859746079428 -0.083468772219267309 0.080678542709745213 0
3290 1 1 357523200 -122816468.99810721 82246847.303743154 16689760.978168504 -6.559442052257638 -26.214566561870598 5.4570822726167343 767.64636178640626 0.072866001537625513 -0.083566838035464622 0.081766159319750412 0
3291 1 1 357609600 -123364245.1163079 79969177.795107558 17159104.21304803 -6.1191431678818784 -26.508641159306826 5.406942277372587 767.34146553079643 0.074120556474969443 -0.083631018592485673 0.082793984808209181 0
3292 1 1 357696000 -123873609.89078082 77666264.529393837 17624010.063994985 -5.6702661960204592 -26.798881455311367 5.3543528990008467 767.03374887676898 0.075338441899472877 -0.083660309502848251 0.083759328588564635 0
3293 1 1 357782400 -124343815.82304035 75338447.063241303 18084263.716052786 -5.2126637384832346 -27.085094180274385 5.2992398912098819 766.72337364867928 0.076516503821716278 -0.083653731787609126 0.084659545540802253 0
3294 1 1 357868800 -124774102.58628161 72986082.117395714 18539643.823470883 -4.746186267116582 -27.36707519179792 5.2415263153065075 766.41051097658408 0.077651521964096956 -0.08361034118869104 0.085492048986381158 0
3295 1 1 357955200 -125163696.84831236 70609544.541083708 18989922.274734698 -4.2706822891076239 -27.644608891996572 5.1811324863349348 766.09534124132017 0.078740216064781932 -0.08352923860252924 0.086254324621007392 0
3296 1 1 358041600 -125511812.10988763 68209228.327988982 19434863.953068893 -3.7859985386802708 -27.917467615539945 5.1179759222490357 765.77805397978125 0.079779253551274854 -0.083409581826092219 0.086943945169798045 0
3297 1 1 358128000 -125817648.56084992 65785547.686401255 19874226.49270273 -3.2919801980639325 -28.185410987467712 5.0519712967623072 765.45884774604519 0.080765258898118183 -0.083250598591801783 0.087558585990260035 0
3298 1 1 358214400 -126080392.95673801 63338938.166188732 20307760.03124683 -2.7884711508906821 -28.448185249853857 4.9830303966078286 765.13792992368792 0.081694824735867394 -0.083051600906066794 0.088096041523014826 0
3299 1 1 358300800 -126299218.51881388 60869857.845323205 20735206.95859658 -2.2753142714803305 -28.705522556484329 4.9110620840208021 764.81551648427842 0.082564524980509243 -0.082812000963835078 0.088554242572168124 0
3300 1 1 358387200 -126473284.86076854 58378788.578753926 21156301.662851918 -1.7523517537889717 -28.957140234808072 4.8359722653518684 764.49183168666514 0.083370930245363989 -0.082531328425294079 0.088931274379975112 0
3301 1 1 358473600 -126601737.94571026 55866237.312485322 21570770.273826517 -1.2194254841531809 -29.202740014541096 4.7576638668309084 764.16710771140481 0.084110625640224548 -0.082209249262266137 0.089225395542314678 0
3302 1 1 358560000 -126683710.07741037 53332737.465760879 21978330.404812217 -0.6763774623326686 -29.442007222476658 4.6760368186133752 763.84158422413941 0.084780231424170252 -0.081845586237482545 0.089435057560610459 0
3303 1 1 358646400 -126718319.93018901 50778850.384285524 22378690.893367477 -0.12305027576568091 -29.674609943236945 4.5909880483673469 763.51550786160942 0.085376426472312167 -0.081440340807024197 0.089558925075829507 0
3304 1 1 358732800 -126704672.62226632 48205166.867432132 22771551.542014223 0.44071236761478644 -29.900198145943833 4.5024114858058777 763.18913163351851 0.085895975141161027 -0.080993716698618948 0.089595896654049337 0
3305 1 1 358819200 -126641859.8378863 45612308.772367366 23156602.859854218 1.0150650421902749 -30.118402777084125 4.4101980797183309 762.86271423310109 0.086335757477824113 -0.080506145004551291 0.089545125975457288 0
3306 1 1 358905600 -126528960.00404459 43000930.697993942 23533525.806258425 1.6001599367708141 -30.328834820173658 4.314235829223537 762.53651924922656 0.086692803218461498 -0.079978310621767787 0.089406043325657492 0
3307 1 1 358992000 -126365038.52821968 40371721.75153666 23901991.537938848 2.1961461091763592 -30.531084323247775 4.2144098311497107 762.21081427240006 0.086964329802750512 -0.079411180213989505 0.089178377156773472 0
3308 1 1 359078400 -126149148.10412271 37725407.400490806 24261661.160885844 2.8031686558755338 -30.724719395695914 4.1106023456482381 761.88586988691782 0.087147784455084448 -0.07880603134919803 0.088862175602260535 0
3309 1 1 359164800 -125880329.09314539 35062751.41249577 24612185.488844555 3.4213677886785763 -30.909285176512924 4.0026928823542978 761.56195854173586 0.087240890642562421 -0.078164482609046876 0.088457827468283748 0
3310 1 1 359251200 -125557609.98990494 32384557.885489836 24953204.810214434 4.0508778098786111 -31.084302776731008 3.8905583096523739 761.23935329212236 0.08724169912317202 -0.077488524763555833 0.087966082802906964 0
3311 1 1 359337600 -125180007.98105483 29691673.370230116 25284348.665487535 4.6918259765770873 -31.249268199565272 3.7740729898497287 760.91832640477401 0.087148643346128471 -0.076780552267133109 0.087388072221651888 0
3312 1 1 359424000 -124746529.60735966 26984989.086918335 25605235.637594152 5.3443312442718467 -31.403651242713863 3.6531089433208273 760.59914781953455 0.086960599546466053 -0.076043395222031462 0.086725324944571164 0
3313 1 1 359510400 -124256171.53991897 24265443.237245034 25915473.157802049 6.0085028791181134 -31.546894388312023 3.5275360449835182 760.28208346118163 0.086676951152951223 -0.075280351096131862 0.085979784890720126 0
3314 1 1 359596800 -123707921.48236784 21534023.412638716 26214657.330118559 6.6844389275982756 -31.678411687238722 3.3972222567665744 759.96739339578153 0.086297657572466061 -0.074495215940550988 0.08515382443075635 0
3315 1 1 359683200 -123100759.21188532 18791769.09886913 26502372.777474683 7.3722245316615593 -31.797587645858922 3.2620339000428054 759.65532982747106 0.085823326571400835 -0.073692314384439253 0.084250254989314044 0
3316 1 1 359769600 -122433657.77290164 16039774.276389012 26778192.513327722 8.0719300767599798 -31.903776124872483 3.1218359723374349 759.34613493298082 0.085255290227389244 -0.072876528086460751 0.083272334034002152 0
3317 1 1 359856000 -121705584.83850498 13279190.114886248 27041677.842706531 8.7836091596168906 -31.996299261740198 2.9764925129632083 759.04003853318045 0.084595683307351677 -0.072053321690574171 0.082223767396583922 0
3318 1 1 359942400 -120915504.25571279 10511227.759441938 27292378.29713979 9.5072963620229647 -32.074446430182498 2.8258670225782301 758.7372556038755 0.083847523359507639 -0.071228765608605318 0.081108706212631831 0
3319 1 1 360028800 -120062377.79197338 7737161.2044259449 27529831.60835522 10.243004816548996 -32.137473252565528 2.669822942027396 758.43798363061342 0.083014791401854665 -0.070409554971207572 0.079931737454402421 0
3320 1 1 360115200 -119145167.10149783 4958330.2497860091 27753563.726115551 10.990723549749655 -32.1846006835422 2.5082241961557634 758.14239981683261 0.082102511360176877 -0.069603023236890355 0.078697866657087237 0
3321 1 1 360201600 -118162835.9312741 2176143.5326783364 27963088.88606203 11.750414588336005 -32.215014186199674 2.3409358086130418 757.85065815907342 0.081116827096690852 -0.068817150013310097 0.077412491800816066 0
3322 1 1 360288000 -117114352.58786762 -607918.37458503887 28157909.733971037 12.522009813914508 -32.22786302515037 2.1678245939826439 757.56288640845867 0.08006507435021433 -0.068060561151216573 0.076081366804660489 0
3323 1 1 360374400 -115998692.68733977 -3392299.8115560757 28337517.513387352 13.305407552303386 -32.222259704504836 1.9887599338242634 757.27918294443293 0.078955845748959114 -0.067342520252596752 0.074710553033016991 0
3324 1 1 360460800 -114814842.2117947 -6175366.8355002459 28501392.32417674 14.100468884239438 -32.197279582512316 1.8036146434296616 756.99961359414999 0.077799045828041077 -0.066672909468044689 0.073306357120381013 0
3325 1 1 360547200 -113561800.89715244 -8955404.002860615 28649003.460134428 14.907013665524122 -32.151960698796486 1.6122659362237401 756.72420843998884 0.076605933263944936 -0.066062197917557755 0.071875253218751226 0
3326 1 1 360633600 -112238585.97770689 -11730611.146417219 28779809.834387507 15.724816246475916 -32.085303854595246 1.4145964927981791 756.45295866718118 0.07538914704732344 -0.065521395445346062 0.07042378804348616 0
3327 1 1 360720000 -110844236.31379887 -14499100.171916567 28893260.501932114 16.553600883041742 -31.996272991150125 1.2104956415069326 756.18581351429384 0.074162713285967241 -0.065061989129881537 0.068958466827043804 0
3328 1 1 360806400 -109377816.92946006 -17258891.90206017 28988795.289236583 17.393036835210388 -31.883795916372641 0.99986065734957064 755.92267740090415 0.072942029096454947 -0.064695859712145476 0.067485618669447384 0
3329 1 1 360892800 -107838423.98708461 -20007913.000293847 29065845.541410197 18.242733152617742 -31.746765435063011 0.78259818554575178 755.66340731823402 0.071743820371964015 -0.064435174667506145 0.066011240527456189 0
3330 1 1 360979200 -106225190.2259706 -22743993.011841059 29123834.997970458 19.102233152601038 -31.584040943201249 0.55862579571226634 755.40781057929996 0.070586070351975005 -0.064292254683243732 0.064540819556608203 0
3331 1 1 361065600 -104537290.89084215 -25464861.564878743 29162180.808724653 19.971008602601401 -31.394450552037277 0.32787367188134742 755.15564303459723 0.069487916419946116 -0.064279409813945115 0.06307913501377703 0
3332 1 1 361152000 -102773950.17509693 -28168145.78065249 29180294.701699357 20.848453626930134 -31.176793812770324 0.090286442764903344 754.90660786523028 0.068469513479179858 -0.064408742546783637 0.061630042701710942 0
3333 1 1 361238400 -100934448.20138352 -30851367.94765342 29177584.31538856 21.733878367674912 -30.929845117370501 -0.15417484437877327 754.66035506635694 0.067551863160575543 -0.064691915437929542 0.060196246853191866 0
3334 1 1 361324800 -99018128.559055164 -33511943.521693617 29153454.707828071 22.626502441094726 -30.652357855319888 -0.40553060417240272 754.41648172806242 0.066756609560310445 -0.065139882513774103 0.058779067441263322 0
3335 1 1 361411200 -97024406.413903907 -36147179.520767398 29107310.05512308 23.525448244368668 -30.343069409559693 -0.66378044725517937 754.17453320598315 0.066105803412958228 -0.065762586404755838 0.05737821322546114 0
3336 1 1 361497600 -94952777.200181112 -38754273.390897132 29038555.552027769 24.429734183156068 -30.000707077382536 -0.92890076939967192 753.93400524897106 0.065621638805357027 -0.066568625645933951 0.055991573973990204 0
3337 1 1 361584000 -92802825.898073211 -41330312.426625676 28946599.526970062 25.338267908093755 -29.623995003042445 -1.2008421992184821 753.69434711569943 0.065326167354087541 -0.067564900986240586 0.054615046753604735 0
3338 1 1 361670400 -90574236.891351178 -43872273.837294511 28830855.783478763 26.249839668071797 -29.211662208023302 -1.479526911048852 753.45496566682198 0.065240997054743108 -0.068756253289999333 0.053242412670804998 0
3339 1 1 361756800 -88266804.389674306 -46377025.557548001 28690746.179241884 27.163115909721842 -28.762451801547162 -1.7648458134683711 753.2152303678364 0.065386983287742673 -0.07014510911173219 0.05186527892493107 0
3340 1 1 361843200 -85880443.387854859 -48841327.907380626 28525703.452913508 28.076633275696985 -28.275131447333415 -2.0566556289288651 752.97447908487527 0.065783920599202197 -0.071731153074473641 0.050473098565915628 0
3341 1 1 361929600 -83415201.120167419 -51261836.213183008 28335174.307181984 28.988793178550051 -27.748505151924054 -2.3547758864189725 752.73202450764995 0.066450243102797027 -0.073511046241741984 0.049053275338074354 0
3342 1 1 362016000 -80871268.951445788 -53635104.506245174 28118622.754384741 29.897857151638377 -27.18142642414529 -2.6589858570670963 752.4871609973253 0.06740274081092644 -0.075478209114189287 0.047591355051747088 0
3343 1 1 362102400 -78248994.62825793 -55957590.418564655 27875533.727966435 30.801943202623271 -26.572812833495473 -2.9690214722443011 752.23917163815315 0.068656297126844013 -0.077622683262026551 0.04607129762843909 0
3344 1 1 362188800 -75548894.792970836 -58225661.397020303 27605416.959186275 31.699023417653169 -25.921661966556062 -3.2845722748785953 751.98733527380034 0.070223650555679418 -0.079931081027277529 0.044475818135318944 0
3345 1 1 362275200 -72771667.641207457 -60435602.355386324 27307811.113574263 32.586923083963107 -25.227068744288534 -3.605278467014406 751.73093333107761 0.072115181877868875 -0.082386626076247318 0.042786779830297647 0
3346 1 1 362361600 -69918205.57937254 -62583624.878601022 26982288.175630048 33.463321613804432 -24.48824401891105 -3.9307281296681102 751.46925627316716 0.074338725296846112 -0.084969281786740611 0.04098561940814386 0
3347 1 1 362448000 -66989607.714038163 -64665878.084489256 26628458.063122686 34.325755561677624 -23.704534317067736 -4.260454704032365 751.20160957331575 0.076899402120324423 -0.08765596010741003 0.039053784294781353 0
3348 1 1 362534400 -63987191.979641363 -66678461.23411224 26245973.444119617 35.171624027954586 -22.875442536760254 -4.5939348352857952 750.92731914970773 0.079799475283427415 -0.090420800844032742 0.036973163400426001 0
3349 1 1 362620800 -60912506.685927182 -68617438.162493497 25834534.720651835 35.998196733091234 -22.00064934003257 -4.9305866908801157 750.64573624717798 0.083038224198693375 -0.093235510044833769 0.034726495183787558 0
3350 1 1 362707200 -57767341.242824063 -70478853.576179028 25393895.132884111 36.802625025786533 -21.080034913360382 -5.269768873288891 750.35624178411933 0.086611841837069242 -0.096069747301714484 0.032297741277276214 0
3351 1 1 362793600 -54553735.799079835 -72258751.232625261 24923865.927060992 37.581956053639566 -20.113700695282258 -5.6107800519453512 750.0582502019073 0.090513357539043354 -0.098891551986851095 0.029672417080473433 0
3352 1 1 362880000 -51273989.513304323 -73953193.978683189 24424321.519664727 38.333150274312416 -19.101990598824614 -5.9528594396675443 749.75121286134811 0.09473259063444435 -0.1016677994250792 0.026837874077523638 0
3353 1 1 362966400 -47930667.163479492 -75558285.581648305 23895204.579549778 39.053102417614639 -18.045511188252004 -6.2951882343928469 749.43462102852425 0.099256140056093706 -0.10436467800973452 0.023783531566693352 0
3354 1 1 363052800 -44526603.795011476 -77070194.236985222 23336530.93977838 39.738665923705987 -16.94515020979706 -6.6368921367973188 749.10800848453755 0.10406741516133773 -0.1069481786912793 0.020501057364957578 0
3355 1 1 363139200 -41064907.109529279 -78485177.582825392 22748394.241997432 40.386680780152446 -15.80209282898076 -6.9770450377707247 748.77095378415436 0.10914671115165069 -0.10938458734542 0.016984498565375962 0
3356 1 1 363225600 -37548957.308306247 -79799608.993994996 22130970.209038388 40.994004562533462 -14.617834898013291 -7.314673946353059 748.42308217877257 0.11447133178107327 -0.11164097130308252 0.013230364567153255 0
3357 1 1 363312000 -33982404.126620062 -81010004.869433373 21484520.436576325 41.557546352689016 -13.394192570645355 -7.6487651985521392 748.0640672118052 0.12001575887980696 -0.11368565058583785 0.0092376652178709443 0
3358 1 1 363398400 -30369160.829475258 -82113052.568598807 20809395.592732742 42.074303070160255 -12.133307603437398 -7.9782719507894972 747.69363198873918 0.12575186850470504 -0.11548864594644334 0.0050079074503616193 0
3359 1 1 363484800 -26713394.985316303 -83105638.597406194 20106037.915974688 42.541397611932602 -10.837647735550993 -8.3021229193736605 747.3115501205516 0.13164919000095296 -0.11702209542912591 0.00054505401878199441 0
3360 1 1 363571200 -23019515.892525312 -83984876.595229104 19374982.906989984 42.956118060562957 -9.5100016262937199 -8.6192322807264556 746.91764633817695 0.13767520450205165 -0.118260633030213 -0.0041445519583453057 0
3361 1 1 363657600 -19292158.602792215 -84748134.634520993 18616860.119698506 43.315957099589227 -8.1534679513813391 -8.9285105979409636 746.51179677555194 0.14379567750042305 -0.11918172321225129 -0.0090522926998283602 0
3362 1 1 363744000 -15536164.564300189 -85393061.316585407 17832392.970310353 43.618650676482744 -6.771438413531599 -9.2288765900011231 746.09392892057758 0.1499750195509969 -0.11976594692579774 -0.01416740806364257 0
3363 1 1 363830400 -11756558.993756851 -85917610.133648783 17022397.501254156 43.862214886004679 -5.3675746063662322 -9.5192695133545957 745.66402123573289 0.15617666867368557 -0.11999723514636534 -0.019477150471925494 0
3364 1 1 363916800 -7958525.176581759 -86320061.570853934 16187780.058523839 44.044980018316139 -3.9457788758312731 -9.7986618844433959 745.22210245331962 0.16236348757636601 -0.1198630476167345 -0.024966958921674765 0
3365 1 1 364003200 -4147375.9854035801 -86599042.443613917 15329533.865919391 44.165620732510824 -2.510159541256122 -10.066072239201457 744.76825055367703 0.16849816864279182 -0.11935449537624696 -0.030620648411013911 0
3366 1 1 364089600 -328522.99437989568 -86753542.006560609 14448734.506938089 44.22318138086596 -1.0649910575102322 -10.320577604072998 744.3025914385023 0.17454363969468822 -0.11846640660060283 -0.036420611275803247 0
3367 1 1 364176000 3492556.353485215 -86782924.42968969 13546534.353644649 44.217095622465266 0.38533009191323464 -10.561325344972385 743.82529731474642 0.18046346383175305 -0.11719733656533372 -0.042348027158924606 0
3368 1 1 364262400 7310353.0009910259 -86686937.313733533 12624156.010494379 44.14719962389028 1.8363327964079326 -10.787544067188819 743.33658480803308 0.18622222655006815 -0.1155495231419213 -0.048383078398373983 0
3369 1 1 364348800 11119361.375957664 -86465716.007723868 11682884.868504921 44.013738342965603 3.2835208909263236 -10.998553260992669 742.83671282772502 0.1917859042080394 -0.11352879036904524 -0.054505167734859965 0
3370 1 1 364435200 14914114.723739123 -86119783.593584284 10724060.890075006 43.817364619480507 4.7224236732322584 -11.193771424062135 742.32598020809826 0.197122208215182 -0.11114440339736735 -0.060693135569809549 0
3371 1 1 364521600 18689220.048431344 -85650046.511131749 9749069.7659339588 43.559131042248723 6.1486460891712884 -11.372722441180445 741.80472315231873 0.20220089985118 -0.10840887864929928 -0.066925474065114787 0
3372 1 1 364608000 22439392.046319611 -85057785.907273605 8759333.6021594591 43.240474811135286 7.5579173163671012 -11.53504006134529 741.27331250821294 0.20699407106075082 -0.10533775375295128 -0.073180535418918446 0
3373 1 1 364694400 26159485.444448747 -84344644.900525272 7756301.3061673231 42.863196051723911 8.9461365405123594 -11.680470379176814 740.73215090555561 0.21147638813663158 -0.10194932257711374 -0.079436732236349575 0
3374 1 1 364780800 29844525.206262618 -83512612.051480487 6741438.8456082884 42.429430255663014 10.309414834933573 -11.808872297462557 740.18166978576483 0.21562529452083401 -0.098264340674707837 -0.085672727690004363 0
3375 1 1 364867200 33489734.132482573 -82564001.417291388 5716219.5531003326 41.94161569994813 11.64411221571288 -11.920216016854644 739.62232635533599 0.21942117142128617 -0.094305707259208615 -0.091867613722223712 0
3376 1 1 364953600 37090557.465346053 -81501429.640103027 4682114.6429120926 41.402456834704815 12.946869140855986 -12.014579663344744 739.05460049400858 0.22284745429813441 -0.090098129710739383 -0.098001075517280808 0
3377 1 1 365040000 40642684.193946749 -80327790.573261619 3640584.0936381598 40.814884715973101 14.214631940471053 -12.092144220848949 738.47899164850514 0.22589070515194942 -0.085667776978745183 -0.1040535409091301 0
3378 1 1 365126400 44142064.853341199 -79046227.983630329 2593068.0343699316 40.182015595820964 15.444671892530316 -12.153186982446707 737.89601574150925 0.22854064075929206 -0.081041928104840413 -0.11000631355761986 0
3379 1 1 365212800 47584925.705946006 -77660106.883261085 1540978.7518551957 39.507108768480379 16.63459788276306 -12.198073767808706 737.30620212434621 0.23079011821817971 -0.076248621862515201 -0.11584168918368952 0
3380 1 1 365299200 50967779.286456682 -76172984.039812699 485693.41375228419 38.793524712910944 17.782362796062049 -12.227250175310452 736.71009059986818 0.23263507985724027 -0.071316313528280259 -0.12154305404700733 0
3381 1 1 365385600 54287431.377511635 -74588578.194204867 -571452.42055239901 38.044684476377107 18.886263971070239 -12.241232145403398 736.10822854021308 0.23407445999801033 -0.066273544185653663 -0.12709496561148631 0
3382 1 1 365472000 57540984.559728906 -72910740.478493467 -1629170.4539045384 37.264031119084322 19.944938202521357 -12.240596107941995 735.50116812148258 0.23511005731732371 -0.061148627348787191 -0.1324832154646266 0
3383 1 1 365558400 60725838.544488989 -71143425.479748696 -2686224.4454718521 36.454993896140287 20.957351893287505 -12.225968971843724 734.88946369471319 0.23574637645900864 -0.055969357471122493 -0.13769487460557131 0
3384 1 1 365644800 63839687.549668394 -69290663.339967743 -3741434.1417099717 35.620955699514035 21.922787038545469 -12.198018192723879 734.27366930980622 0.23599044336550248 -0.050762743806419583 -0.14271832195598666 0
3385 1 1 365731200 66880515.01698599 -67356533.220921665 -4793678.3600960225 34.765224128025537 22.840823768998337 -12.157442125190522 733.65433640576282 0.23585159914439452 -0.045554772610561935 -0.14754325671673357 0
3386 1 1 365817600 69846585.994948015 -65345138.399304509 -5841897.257976681 33.891006405128962 23.711320191601256 -12.104960833544972 733.0320116778006 0.23534127698344334 -0.04037019965597409 -0.15216069575973198 0
3387 1 1 365904000 72736437.524386197 -63260583.194306225 -6885093.8323930996 33.001388228345043 24.534390249099918 -12.04130749985862 732.40723512852492 0.2344727674807294 -0.035232374537048874 -0.15656295733560038 0
3388 1 1 365990400 75548867.365544483 -61106951.869010985 -7922334.7072440581 32.099316514874964 25.310380279142645 -11.967220533625534 731.78053830733597 0.23326097668247278 -0.030163097147024132 -0.16074363241991488 0
3389 1 1 366076800 78282921.398134455 -58888289.59061759 -8952750.2717005815 31.187585907796681 26.039844895394815 -11.883436453977355 731.15244273955511 0.23172218180970072 -0.025182506151713895 -0.16469754517167268 0
3390 1 1 366163200 80937880.010469705 -56608585.483681761 -9975534.2385795694 30.268828827432159 26.723522742487511 -11.79068358498842 730.52345854384293 0.22987378862864899 -0.02030899864009535 -0.16842070415987576 0
3391 1 1 366249600 83513243.772455886 -54271757.766223773 -10989942.693695601 29.345508792778084 27.362312598943003 -11.689676577694595 729.89408323414546 0.22773409450633827 -0.015559179377588613 -0.17191024587585527 0
3392 1 1 366336000 86008718.661556035 -51881640.921043366 -11995292.707368754 28.41991669717893 27.957250221930479 -11.581111749568461 729.26480070011019 0.22532206045068079 -0.010947837785725169 -0.17516437209673341 0
3393 1 1 366422400 88424201.082426623 -49441974.823994488 -12990960.577629482 27.494169698774865 28.509486248543315 -11.465663213527119 728.63608035816856 0.22265709495788077 -0.0064879502923039312 -0.17818228264309119 0
3394 1 1 366508800 90759762.891107634 -46956395.727065124 -13976379.77159271 26.570212377380329 29.020265393193061 -11.34397975402223 728.0083764638398 0.21975885209039753 -0.0021907052292636738 -0.18096410491310894 0
3395 1 1 366595200 93015636.604621828 -44428428.976435855 -14951038.627318759 25.64981981277819 29.490907111739627 -11.216682397125744 727.38212757473946 0.21664704538116555 0.0019344521896177864 -0.18351082150718054 0
3396 1 1 366681600 95192200.947525039 -41861483.333661638 -15914477.873561608 24.734602252402077 29.922787841531648 -11.084362614414156 726.75775615288364 0.21334127896301092 0.0058797581267832962 -0.18582419717991827 0
3397 1 1 366768000 97289966.859095439 -39258846.761047482 -16866288.019408412 23.826011056597128 30.317324873334034 -10.947581096408541 726.13566829419574 0.2098608966128328 0.0096390542702476777 -0.18790670616656044 0
3398 1 1 366854400 99309564.05896838 -36623683.529446721 -17806106.660183486 22.925345634861547 30.675961866337996 -10.806867029853388 725.51625357302134 0.2062248489696791 0.013207700783012708 -0.18976146073287656 0
3399 1 1 366940800 101251728.24546801 -33959032.507379696 -18733615.740325429 22.033761114777686 31.000155980924518 -10.662717813741695 724.89988498937464 0.20245157889138693 0.016582480776201353 -0.19139214180998412 0
3400 1 1 367027200 103117288.9798518 -31267806.493856445 -19648538.808409326 21.152276515115982 31.291366575049061 -10.515599151247594 724.28691900681383 0.1985589244502603 0.019761498787258771 -0.19280293229117082 0
3401 1 1 367113600 104907158.29123656 -28552792.462952197 -20550638.294198517 20.281783224538142 31.551045388340849 -10.365945458174606 723.67769566937352 0.19456403885957033 0.022744075558977374 -0.19399845342066876 0
3402 1 1 367200000 106622320.02108403 -25816652.595456932 -21439712.832659569 19.423053616440598 31.780628122448849 -10.214160532828213 723.07253878642257 0.19048332635565701 0.025530641161310413 -0.19498370484374106 0
3403 1 1 367286400 108263819.91268685 -23061925.981299922 -22315594.655319486 18.576749658034512 31.981527315952341 -10.060618437024329 722.47175617498135 0.18633239299166357 0.028122628229610584 -0.19576400830458038 0
3404 1 1 367372800 109832756.43995276 -20291030.885511789 -23178147.065216321 17.743431397242681 32.155126406425914 -9.9056645430059778 721.87563994994593 0.18212601096763301 0.030522366810674665 -0.19634495534711163 0
3405 1 1 367459200 111330272.36074206 -17506267.479879491 -24027262.008008819 16.923565234121785 32.302774870193652 -9.749616706169002 721.28446685321921 0.17787809541503252 0.032732982126600384 -0.19673235904285563 0
3406 1 1 367545600 112757546.97286217 -14709820.95188879 -24862857.748563271 16.117531904121819 32.425784331168515 -9.5927665284907118 720.69849861384955 0.17360169202328327 0.034758296235150338 -0.1969322096022515 0
3407 1 1 367632000 114115789.04534219 -11903764.91181176 -25684876.659510806 15.325634118569338 32.525425533278032 -9.4353806823469686 720.1179823319394 0.16930897449649787 0.036602734402276717 -0.19695063407132751 0
3408 1 1 367718400 115406230.39358179 -9090065.027716456 -26493283.125845879 14.548103823365047 32.6029260757401 -9.2777022688740516 719.54315087995178 0.16501125025991173 0.038271236720448555 -0.19679385968542629 0
3409 1 1 367804800 116630120.06418939 -6270582.8266297961 -27288061.567582972 13.785109050156807 32.659468816384397 -9.1199521891405855 718.97422331590849 0.16071897350661279 0.039769175470433071 -0.19646818094743937 0
3410 1 1 367891200 117788719.09359413 -3447079.6079918551 -28069214.580775663 13.03676034535561 32.696190854887938 -8.9623305101342563 718.41140530362361 0.15644176408043833 0.041102278348717054 -0.19597993014433393 0
3411 1 1 367977600 118883295.8036617 -621220.42284981697 -28836761.195793804 12.303116771512316 32.714183014882721 -8.8050178108978354 717.85488953589493 0.1521884314778412 0.042276557800346184 -0.19533545112819173 0
3412 1 1 368064000 119915121.59740171 2205421.9210703764 -29590735.250617936 11.584191482982773 32.714489751128134 -8.6481764970996426 717.30485615711484 0.14796700272665664 0.043298246343274269 -0.19454107614982413 0
3413 1 1 368150400 120885467.21828341 5031362.8622102756 -30331183.876011163 10.879956883664939 32.698109415103438 -8.4919520748930637 716.76147318254311 0.14378475337984242 0.044173737780123623 -0.19360310545688669 0
3414 1 1 368236800 121795599.43755636 7855202.124283311 -31058166.088737577 10.190349379142129 32.66599481934329 -8.3364743771480381 716.22489691181261 0.13964824088968764 0.044909534275815614 -0.19252778954780622 0
3415 1 1 368323200 122646778.13519074 10675619.815110605 -31771751.488482762 9.5152737389602624 32.619054047461518 -8.1818587370389668 715.69527233475731 0.13556333955220207 0.045512198824405548 -0.19132131375269759 0
3416 1 1 368409600 123440253.74152298 13491372.604349243 -32472019.053770285 8.8546070871976177 32.558151463034129 -8.0282071055784492 715.17273352820791 0.13153527643530849 0.045988313043088896 -0.18998978499641006 0
3417 1 1 368496000 124177265.00833771 16301289.995481508 -33159056.031932745 8.2082025411368793 32.484108876299864 -7.8756091110305553 714.65740404258474 0.1275686679427401 0.046344439861119462 -0.18853922047554664 0
3418 1 1 368582400 124859037.07987502 19104270.704120267 -33832956.918067552 7.5758925188222559 32.397706832942319 -7.724143059251606 714.14939727744263 0.1236675563314408 0.046587090851740322 -0.18697553816625659 0
3419 1 1 368668800 125486779.83606988 21899279.151810233 -34493822.517865591 6.9574917367219173 32.29968599405106 -7.5738768749056824 713.64881684555019 0.11983544595456666 0.046722697796265041 -0.18530454879644376 0
3420 1 1 368755200 126061686.4821676 24685342.082026847 -35141759.089228757 6.3527999187464097 32.19074858072608 -7.4248689842340863 713.15575692510981 0.11607533893775243 0.046757588252059619 -0.18353194936321954 0
3421 1 1 368841600 126584932.36068496 27461545.302953992 -35776877.557677358 5.7616042375565302 32.071559860702166 -7.2771691406284438 712.67030259997159 0.11238976998958941 0.046697964677637732 -0.18166331775559991 0
3422 1 1 368928000 127057673.96347019 30227030.559820753 -36399292.800675258 5.1836815085184602 31.942749657852481 -7.1308191946958388 712.1925301879769 0.10878084010867116 0.046549886885142638 -0.17970410858388972 0
3423 1 1 369014400 127481048.12334426 32980992.538059406 -37009122.996163107 4.6188001559148617 31.804913868519481 -6.9858538108425607 711.72250755746722 0.10525024919110634 0.046319257474494939 -0.17765964993881156 0
3424 1 1 369100800 127856171.36646117 35722675.997280158 -37606489.03077428 4.0667219701251147 31.658615971329237 -6.8423011326347494 711.26029443222444 0.1017993272313458 0.046011809923360507 -0.17553514103065346 0
3425 1 1 369187200 128184139.40810081 38451373.0350096 -38191513.963411942 3.527203673505066 31.50438851952612 -6.7001833993518751 710.80594268522066 0.098429064217359863 0.045633099144951207 -0.17333565050006189 0
3426 1 1 369273600 128466026.776094 41166420.478284873 -38764322.540078044 2.9999983116627309 31.342734606929447 -6.5595175162509527 710.35949662149562 0.095140138515053499 0.045188494150074088 -0.17106611548291159 0
3427 1 1 369360000 128702886.54747814 43867197.400505126 -39325040.756066032 2.4848564857648774 31.17412930040464 -6.4203155811045978 709.92099325053152 0.091932943854743598 0.044683172670068987 -0.16873134117203131 0
3428 1 1 369446400 128895750.18528439 46553122.760396324 -39873795.461849123 1.9815274404470651 30.999021033280851 -6.2825853695678564 709.49046254867744 0.088807614775312474 0.044122117399778289 -0.16633600082558439 0
3429 1 1 369532800 129045627.46357384 49223653.159523286 -40410714.009217381 1.489760020851822 30.81783295547207 -6.1463307819097572 709.06792771201583 0.085764050662064453 0.04351011383339113 -0.16388463627373814 0
3430 1 1 369619200 129153506.46996118 51878280.714465901 -40935923.934432827 1.0093035113020516 30.630964237181939 -6.0115522535869204 708.65340540010288 0.082801938287123081 0.042851749304514831 -0.16138165871185167 0
3431 1 1 369705600 129220353.67590524 54516531.039548859 -41449552.675382391 0.53990836713854351 30.438791324021256 -5.8782471320565275 708.24690597108679 0.079920773020900504 0.042151413219198061 -0.15883134981046854 0
3432 1 1 369792000 129247114.06599934 57137961.335863031 -41951727.31991297 0.081326850312477592 30.241669142173571 -5.7464100221394121 707.84843370865303 0.077119878576777115 0.041413298236858576 -0.15623786305556622 0
3433 1 1 369878400 129234711.31837155 59742158.582227811 -42442574.382726945 -0.36668642156224718 30.039932252911292 -5.6160331021443382 707.45798704124604 0.074398425504615992 0.040641402328118831 -0.15360522531914172 0
3434 1 1 369964800 129184048.02910717 62328737.823708817 -42922219.608403891 -0.80437400381896107 29.833895956318518 -5.4871064128571181 707.07555875396406 0.071755448394120527 0.039839531509840292 -0.15093733857029809 0
3435 1 1 370051200 129096005.97433807 64897340.553312659 -43390787.798290968 -1.2319752229180407 29.62385734453072 -5.3596181213858358 706.70113619360302 0.069189861856234686 0.039011303209354843 -0.14823798172132088 0
3436 1 1 370137600 128971446.40431187 67447633.1825241 -43848402.659171209 -1.6497258368289409 29.410096305174399 -5.2335547617460723 706.33470146718298 0.066700475342044596 0.038160150143310492 -0.1455108126128018 0
3437 1 1 370224000 128811210.3643598 69979305.596423268 -44295186.671777852 -2.0578577509197449 29.192876475981187 -5.1089014539521926 705.97623163440585 0.06428600686773378 0.037289324585312665 -0.1427593700035116 0
3438 1 1 370310400 128616119.03823516 72492069.789215192 -44731260.977369599 -2.4565987832807523 28.972446151786251 -4.9856421032767999 705.62569889433792 0.06194509571283649 0.036401903010009992 -0.13998707573083524 0
3439 1 1 370396800 128386974.1097918 74985658.576116338 -45156745.28072159 -2.846172473986964 28.749039145300262 -4.8637595812289662 705.2830707666825 0.059676314082430119 0.035500790984615685 -0.13719723678150977 0
3440 1 1 370483200 128124558.13942464 77459824.37766917 -45571757.768015303 -3.2267979333296952 28.522875603175606 -4.7432358896971731 704.94831026802149 0.057478177883455495 0.034588728268607143 -0.1343930474884702 0
3441 1 1 370569600 127829634.95210303 79914338.072691947 -45976415.038232386 -3.5986897245302694 28.294162778986369 -4.6240523096096435 704.62137608323735 0.05534915658862144 0.03366829408937673 -0.13157759168924318 0
3442 1 1 370656000 127502950.03419524 82348987.916212603 -46370832.04676912 -3.9620577768915495 28.063095764804039 -4.5061895353602646 704.30222273248387 0.053287682313844391 0.032741912503984311 -0.12875384486596933 0
3443 1 1 370742400 127145230.93661328 84763578.518883914 -46755122.060092486 -4.317107325748581 27.829858183088266 -4.3896277961652599 703.99080073394771 0.051292158062677416 0.031811857854697187 -0.1259246763193955 0
3444 1 1 370828800 126757187.68210848 87157929.88452673 -47129396.620356046 -4.6640388759456233 27.594622840627778 -4.2743469654289941 703.68705676263005 0.049360965307560373 0.030880260234683255 -0.12309285128837429 0
3445 1 1 370915200 126339513.1748123 89531876.502595752 -47493765.51898317 -5.0030481859001181 27.357552346261464 -4.1603266591117212 703.39093380544762 0.047492470847925385 0.029949110958717842 -0.12026103302225156 0
3446 1 1 371001600 125892883.61036098 91885266.492514074 -47848336.778307386 -5.3343262696223199 27.118799694095326 -4.0475463240215799 703.10237131286976 0.045685033039837522 0.029020268021781245 -0.11743178485217347 0
3447 1 1 371088000 125417958.8851558 94217960.796967983 -48193216.640436873 -5.658059414329605 26.878508813901547 -3.9359853168823524 702.82130534726571 0.043937007452592151 0.028095461511910582 -0.11460757220576577 0
3448 1 1 371174400 124915383.00350438 96529832.421397313 -48528509.562580287 -5.9744292115474522 26.636815090344246 -3.8256229749583559 702.54766872821244 0.042246751934621948 0.027176298927686741 -0.11179076455854181 0
3449 1 1 371260800 124385784.4815608 98820765.717058718 -48854318.218136139 -6.2836125998136056 26.39384585263354 -3.7164386789576032 702.28139117497983 0.040612631195420287 0.026264270443647136 -0.10898363733892402 0
3450 1 1 371347200 123829776.74713619 101090655.70517336 -49170743.502907261 -6.5857819173049705 26.149720836159958 -3.6084119088787951 702.02239944633993 0.039033020880625602 0.025360754073580495 -0.10618837378854139 0
3451 1 1 371433600 123247958.53458822 103339407.43980306 -49477884.545858078 -6.881104962892139 25.904552617602182 -3.5015222934122732 701.77061747790992 0.037506311211984389 0.024467020699684424 -0.10340706674329687 0
3452 1 1 371520000 122640914.27411924 105566935.40722625 -49775838.723881856 -7.1697450642908134 25.658447024946316 -3.3957496534553022 701.52596651721581 0.036030910203858346 0.023584239016785177 -0.10064172036059026 0
3453 1 1 371606400 122009214.47492336 107773162.95970519 -50064701.68009226 -7.4518611521295108 25.411503523796423 -3.2910740402581258 701.28836525661541 0.034605246492925228 0.022713480334302458 -0.097894251785511074 0
3454 1 1 371692800 121353416.10171609 109958021.7816543 -50344567.345195659 -7.7276078388884022 25.163815581292624 -3.1874757686704216 701.05772996431983 0.03322777178698124 0.02185572323780283 -0.095166492704633038 0
3455 1 1 371779200 120674062.9442672 112121451.38632883 -50615527.961540222 -7.9971355017823358 24.915471008895668 -3.0849354459232945 700.83397461363631 0.031896963013713302 0.021011858132438225 -0.09246019089498668 0
3456 1 1 371865600 119971685.97963163 114263398.64126056 -50877674.109473422 -8.2605903687707123 24.666552285236463 -2.9834339963438676 700.61701101059452 0.030611324121485789 0.020182691628692021 -0.089777011633847909 0
3457 1 1 371952000 119246803.72684069 116383817.32076786 -51131094.735671796 -8.5181146069759865 24.417136860169531 -2.8829526823630101 700.4067489201766 0.029369387602423344 0.019368950798648414 -0.087118539058671049 0
3458 1 1 372038400 118499922.59387243 118482667.68396291 -51375877.183138385 -8.7698464128773477 24.167297441112176 -2.7834731221497062 700.20309619129659 0.028169715743125191 0.01857128727314996 -0.084486277433444223 0
3459 1 1 372124800 117731537.21677339 120559916.07677084 -51612107.222588606 -9.0159201037249144 23.91710226269474 -2.6849773041747129 700.00595888070961 0.027010901629234994 0.017790281203628598 -0.081881652331801252 0
3460 1 1 372211200 116942130.79084654 122615534.55656023 -51839869.084971935 -9.2564662096904691 23.666615340694037 -2.5874475989803725 699.8152413760389 0.025891569903065362 0.017026445077570059 -0.079306011725647121 0
3461 1 1 372297600 116132175.39386131 124649500.53806874 -52059245.494898997 -9.4916115663330753 23.415896711167349 -2.4908667684079502 699.63084651812642 0.024810377313623136 0.016280227372502933 -0.076760626969871751 0
3462 1 1 372384000 115302132.30127424 126661796.45938085 -52270317.704764411 -9.7214794070133568 23.165002655656203 -2.3952179725126435 699.45267572289004 0.023766013055759549 0.015552016090728192 -0.074246693700525557 0
3463 1 1 372470400 114452452.2934788 128652409.46679199 -52473165.529374704 -9.9461894549402512 22.913985913279792 -2.3004847743746359 699.2806291029068 0.022757198928660224 0.014842142125004181 -0.071765332607355306 0
3464 1 1 372556800 113583575.9551283 130621331.11745879 -52667867.38090802 -10.165858014578928 22.662895880491114 -2.2066511429956739 699.11460558894157 0.021782689304553928 0.014150882503932203 -0.069317590114136365 0
3465 1 1 372643200 112695933.96659701 132568557.09880176 -52854500.30404748 -10.38059806218746 22.411778799225619 -2.1137014544527579 698.95450305165161 0.020841270951072202 0.013478463477600421 -0.066904438919397777 0
3466 1 1 372729600 111789947.3876639 134494086.96368751 -53033140.01114466 -10.590519335285824 22.160677934129101 -2.0216204914632478 698.80021842372321 0.019931762674912874 0.012825063481325911 -0.064526778422396763 0
3467 1 1 372816000 110866027.93351845 136397923.88047504 -53203860.917281903 -10.795728420891672 21.909633739512618 -1.9303934415016828 698.65164782270244 0.019053014847466319 0.012190815955691906 -0.062185435011019051 0
3468 1 1 372902400 109924578.24320127 138280074.39706534 -53366736.175113909 -10.996328842385067 21.658684016644198 -1.8400058935932821 698.50868667479347 0.018203908768620224 0.011575812046587705 -0.059881162205454523 0
3469 1 1 372988800 108965992.14060271 140140548.21814415 -53521837.709379226 -11.192421144889881 21.407864061949311 -1.7504438338964974 698.37122983994152 0.017383355919590955 0.010980103150706326 -0.057614640653586027 0
3470 1 1 373075200 107990654.88815221 141979357.99485639 -53669236.250981532 -11.384102979079763 21.157206806660568 -1.6616936401750222 698.23917173849304 0.0165902970906966 0.01040370337401453 -0.055386477968349376 0
3471 1 1 373161600 106998943.43333744 143796519.12619451 -53809001.370548196 -11.571469183337653 20.906742948423691 -1.5737420752475852 698.11240647978752 0.015823701387534254 0.0098465918284689827 -0.053197208387564983 0
3472 1 1 373248000 105991226.64819808 145592049.57142842 -53941201.511381999 -11.75461186421348 20.656501075335427 -1.4865762794927186 697.99082799305586 0.015082565142767696 0.0093087148379899041 -0.051047292248363539 0
3473 1 1 373334400 104967865.56194292 147365969.67294055 -54065904.021726564 -11.933620475140151 20.406507782862427 -1.4001837624769391 697.87433016099442 0.014365910711071364 0.0087899880106689539 -0.048937115277614157 0
3474 1 1 373420800 103929213.58684242 149118301.98887143 -54183175.186273061 -12.108581893381597 20.156787784061088 -1.3145523937646428 697.7628069564372 0.013672785173885711 0.0082902982086168718 -0.046866987661404333 0
3475 1 1 373507200 102875616.73754941 150849071.13501206 -54293080.25683897 -12.279580495196722 19.90736401349314 -1.2296703929578632 697.6561525825897 0.013002258955775125 0.0078095053858949232 -0.044837142885988016 0
3476 1 1 373593600 101807413.84400351 152558303.63541672 -54395683.482154757 -12.446698229213986 19.658257725208053 -1.1455263190066445 697.55426161729144 0.012353424348480335 0.0073474443405090635 -0.042847736341825066 0
3477 1 1 373680000 100724936.75807285 154246027.78123692 -54491048.136696555 -12.610014688019751 19.409488585140512 -1.0621090588228064 697.45702916181835 0.011725393959896527 0.0069039263359045901 -0.040898843669520388 0
3478 1 1 373766400 99628510.554087535 155912273.49730974 -54579236.548505887 -12.76960717797057 19.161074758248397 -0.97940781522323395 697.36435099473715 0.01111729908549975 0.0064787406233135642 -0.038990458851753354 0
3479 1 1 373852800 98518453.723417416 157557072.21605831 -54660310.125939712 -12.925550787246269 18.91303299069893 -0.89741209422363821 697.27612373132536 0.010528288011710145 0.006071655865869394 -0.037122492045998413 0
3480 1 1 373939200 97395078.363245308 159180456.75828958 -54734329.383294992 -13.077918452164594 18.665378687389747 -0.81611169170112041 697.19224498901224 0.0099575242702135639 0.0056824214482927406 -0.035294767194134949 0
3481 1 1 374025600 96258690.359684825 160782461.22049871 -54801353.965254344 -13.226781021783513 18.418125985074433 -0.73549667944191555 697.11261355925171 0.0094041848263123201 0.0053107686932421481 -0.033507019410648611 0
3482 1 1 374112000 95109589.565389529 162363120.86831009 -54861442.670100346 -13.372207320820175 18.171287821345121 -0.65555739059052076 697.03712958615711 0.0088674582417121155 0.0049564119663833024 -0.031758892207261587 0
3483 1 1 374198400 93948069.971797451 163922472.03570884 -54914653.471647143 -13.514264210916336 17.924875999707663 -0.5762844045178086 696.96569475209583 0.0083465428126943929 0.0046190496708524553 -0.030049934574609839 0
3484 1 1 374284800 92774419.876152828 165460552.02973297 -54961043.539840586 -13.653016650282821 17.678901250968629 -0.4976685311276724 696.89821247033262 0.0078406446952990067 0.0042983651083067752 -0.028379597983621881 0
3485 1 1 374371200 91588922.043442845 166977399.04031822 -55000669.259978719 -13.788527751754357 17.433373291137283 -0.419700794624072 696.83458808465832 0.0073489760615137942 0.0039940271973246781 -0.026747233330509188 0
3486 1 1 374457600 90391853.86338681 168473052.05500159 -55033586.250507481 -13.920858839285591 17.188300876029242 -0.34237241676428065 696.77472907575498 0.006870753288595122 0.0037056910094053447 -0.025152087909302411 0
3487 1 1 374544000 89183487.502609596 169947550.77820596 -55059849.379348375 -14.050069502917186 16.94369185274239 -0.26567479963051349 696.71854527379469 0.006405195234263591 0.0034329980984638014 -0.023593302468029192 0
3488 1 1 374630400 87964090.052131712 171400935.55484372 -55079512.778718166 -14.176217652237874 16.699553208160026 -0.18959950795857486 696.66594907648414 0.0059515216171270643 0.0031755765871426664 -0.02206990843556508 0
3489 1 1 374716800 86733923.670304194 172833247.29798654 -55092629.858404316 -14.299359568364824 16.455891114619497 -0.11413825107169952 696.61685567134577 0.0055089515526069522 0.0029330409539028855 -0.020580825412445741 0
3490 1 1 374803200 85493245.721315593 174244527.42036325 -55099253.317464493 -14.419549954460631 16.212710972868489 -0.039282864474527036 696.57118326059515 0.0050767022739109198 0.002704991485217887 -0.01912485897060541 0
3491 1 1 374889600 84242308.909397349 175634817.76945686 -55099435.154323176 -14.536841984800397 15.970017452416155 0.034974708834518552 696.52885328640809 0.0046539880905926449 0.002491013340089881 -0.01770069880172782 0
3492 1 1 374976000 82981361.408851549 177004160.56597751 -55093226.675243445 -14.651287352397635 15.727814529370939 0.1086424372722537 696.48979065361038 0.0042400196122480381 0.0022906751812644603 -0.016306917246128563 0
3493 1 1 375062400 81710646.990026742 178352598.3454988 -55080678.501158401 -14.762936315193683 15.486105521843717 0.18172821972785844 696.45392394540056 0.0038340032771504574 0.002103527346092913 -0.014941968413064038 0
3494 1 1 375148800 80430405.141363904 179680173.90305191 -55061840.572852902 -14.87183774081165 15.244893122983747 0.25423990466295493 696.42118562523171 0.0034351411996901304 0.0019290995317608206 -0.013604188193400217 0
3495 1 1 375235200 79140871.187638536 180986930.24047172 -55036762.154498301 -14.978039149874201 15.004179431707451 0.32618530911799148 696.39151221400186 0.0030426313490150678 0.0017668980231809212 -0.012291795373535308 0
3496 1 1 375321600 77842276.404521972 182272910.51630214 -55005491.835554443 -15.081586757884322 14.763965981176675 0.39757223747154685 696.36484442516723 0.0026556680392617162 0.0016164024963868625 -0.011002893939539253 0
3497 1 1 375408000 76534848.129586026 183538157.99806547 -54968077.531067528 -15.182525515671491 14.524253765085543 0.46840849978775179 696.34112722806196 0.0022734426926874982 0.0014770625106352269 -0.0097354766908893508 0
3498 1 1 375494400 75218809.869894326 184782716.01671478 -54924566.480457202 -15.280899147929805 14.285043261900681 0.53870192832203589 696.32030976094393 0.0018951448092979766 0.0013482938372926577 -0.0084874302552975893 0
3499 1 1 375580800 73894381.407504693 186006627.92325553 -54875005.247928306 -15.376750162809126 14.04633446086493 0.6084603228636416 696.30234368797937 0.001519869867808819 0.001229460167862707 -0.007256299290749532 0
3500 1 1 375667200 72561778.86947076 187209937.04277995 -54819439.638896205 -15.470120839646164 13.808126751579644 0.67769389898489718 696.28722778492352 0.001140082640581661 0.0011189443867860264 -0.0060225304434208104 0
3501 1 1 375753600 71221214.91057083 188392686.64596841 -54757914.910866082 -15.561047214393778 13.570419764154453 0.746399856582035 696.27471905400068 0.00084486863592746415 0.0010279321927732839 -0.0050126864002726238 0
3502 1 1 375840000 69872899.675616205 189554920.01829407 -54690477.962764651 -15.649551307427084 13.333214131143636 0.81454303652007365 696.26398081084369 0.0007232150145213103 0.00096340343149169236 -0.0044455011927263194 0
3503 1 1 375926400 68517041.467792913 190696680.4654395 -54617178.733065739 -15.735659088490841 13.096509045899699 0.88210176339516322 696.25443735910642 0.00061587061843951642 0.00090235751807983284 -0.0039126644983760806 0
3504 1 1 376012800 67153845.730415314 191818011.11260208 -54538067.331628375 -15.819407651588877 12.860301574045559 0.94908573790451944 696.24609734143678 0.00050690031621073123 0.00084179244647543633 -0.0033716195084930118 0
3505 1 1 376099200 65783514.729370281 192918954.82654405 -54453193.016140647 -15.900833133756414 12.624588915953618 1.0155036236424975 696.23895241856962 0.00039785114107626011 0.00079070190344454963 -0.0028498167274106181 0
3506 1 1 376185600 64406247.65850734 193999554.30197635 -54362604.528900854 -15.97997060900525 12.389370156353545 1.0813582035401212 696.23288475954143 0.00028622631593349285 0.00076994589577744404 -0.0023967899582586095 0
3507 1 1 376272000 63022240.720982097 195059852.17594644 -54266350.455722265 -16.056854126015189 12.154643909870751 1.1466526051421801 696.22778005338978 0.00017462441358221431 0.00075554409719633901 -0.0019560820978901023 0
3508 1 1 376358400 61631687.2333287 196099890.84673485 -54164478.863692902 -16.131516505796636 11.920406434418025 1.2113947706533374 696.22360834090216 6.3598942017400374e-05 0.00074147792769407015 -0.0015136865353999993 0
3509 1 1 376444800 60234777.720504664 197119712.36330473 -54057037.106592096 -16.203989566256048 11.686653523619722 1.275592946414972 696.22032944096168 -4.7073284106658279e-05 0.00072837195797778175 -0.0010712413058842922 0
3510 1 1 376531200 58831699.982299455 198119358.4158332 -53944071.798361942 -16.274304668031512 11.453381120360119 1.339256314145763 696.21786546162309 -0.00016117231220254339 0.00071835524180387136 -0.0006186073689941721 0
3511 1 1 376617600 57422639.205276154 199098870.30056241 -53825628.926558644 -16.342489962998339 11.220583568278441 1.402387443194651 696.21598028302924 -0.00023624451067064475 0.00068547705365885783 -0.00027491457326185912 0
3512 1 1 376704000 56007778.485235959 200058288.63220984 -53701755.111159831 -16.40856526737814 10.988250482151949 1.4649679266688858 696.21439688970338 -0.00021123930566326597 0.00059228857794403221 -0.0002107378738064187 0
3513 1 1 376790400 54587299.296449371 200997653.08822665 -53572498.718847692 -16.472551539861129 10.756372532013197 1.5269847537059138 696.21305780737816 -0.00017497219703814108 0.00049299179460642419 -0.00017911548569056579 0
3514 1 3 376813998.28340626 54198373.090882346 201250738.60705861 -53536265.704708949 -16.489668375651124 10.693118550163659 1.5438261095224923 696.21273416036547 0 0 0 25
3515 1 1 376876800 53161380.960390531 201917002.76480737 -53437908.194365233 -16.534475990477951 10.524944578374098 1.5884444805716704 696.21196017210343 -0.00014061965328901246 0.00039571903145997096 -0.00014383740343101669 0
3516 1 4 376876860 53160388.890562668 201917634.25666431 -53437812.886421368 -16.534518271397033 10.524783985678598 1.5884869817802307 696.21196017210343 0 0 0 0
