# m0=2000.0
1 1 0 0 -19500328.646873549 145818483.47052613 -7637.2048832368064 -28.702243680817634 -3.6644999662245255 1.8142837361316073 2000 0 0 0 0
2 1 1 86400 -21977040.639045201 145479204.96037152 149109.9704575917 -28.627569513838125 -4.1889419097517999 1.8140290464083173 2000 0 0 0 0
3 1 1 172800 -24446995.347908508 145094690.47118115 305649.85165456211 -28.546431039197461 -4.7114783242562241 1.8084342717399311 1999.7258307371389 -0.085605701041227777 0.018188432866344671 -0.15189224793487133 0
4 1 1 259200 -26909636.301176906 144665116.82905874 461601.59281388053 -28.457562174198571 -5.232073403959169 1.8021258705254362 1999.4117746257907 -0.072401899460496119 0.020106535796590962 -0.066199560443444327 0
5 1 1 345600 -29364198.054079454 144190636.7034367 617088.69752943155 -28.359589379046508 -5.7509723505566397 1.7967693711005785 1999.1658810815939 -0.080647605834287678 0.019921606748104857 -0.098262298715693697 0
6 1 1 432000 -31809925.089587133 143671400.60015234 772044.81544113613 -28.252982151559443 -6.2680714530548203 1.790154868440291 1998.8883489823972 -0.078905412447099546 0.019485976127132581 -0.089336307152707212 0
7 1 1 518400 -34246058.359600298 143107569.40887958 926421.01021713985 -28.1375276146129 -6.7832449339063974 1.7832869306441945 1998.6246305183608 -0.078554880557255777 0.01899104086768362 -0.08762486479646453 0
8 1 1 604800 -36671837.3325352 142499315.03305542 1080182.4213643982 -28.013303727998228 -7.2963642858832163 1.7759250428819595 1998.3638220603398 -0.078172572811643956 0.018510300053248468 -0.085902053362274952 0
9 1 1 691200 -39086505.41460862 141846820.55704081 1233287.0765261343 -27.880335812141904 -7.8072997247098943 1.7680846431042743 1998.1065395792275 -0.077758217695628115 0.018044396324731156 -0.084170736873781959 0
10 1 1 777600 -41489308.369123772 141150280.26948109 1385693.7348915373 -27.738652945806411 -8.3159216631489592 1.759768103677914 1997.8528219010132 -0.07731224706974385 0.017594243161123062 -0.082432572502303778 0
11 1 1 864000 -43879494.524656095 140409899.65328813 1537361.359808882 -27.588285433760394 -8.8221005596737232 1.7509777776672171 1997.6027047844902 -0.07683506258513477 0.017160764620367114 -0.080689276668064455 0
12 1 1 950400 -46256314.881589904 139625895.38222304 1688249.1169777187 -27.42926482178558 -9.3257069064790219 1.7417159963058211 1997.3562208693352 -0.076327120357951875 0.016744864595430963 -0.078942551392326907 0
13 1 1 1036800 -48619023.220168158 138798495.31846246 1838316.3726321661 -27.261623915937431 -9.8266112184925749 1.7319850706344317 1997.1133996651126 -0.075788926975880605 0.016347427842645836 -0.077194080986318081 0
14 1 1 1123200 -50966876.210238293 137927938.51108184 1987522.6918682551 -27.085396802572003 -10.324684023172072 1.7217872931896174 1996.8742675425624 -0.075221039072703125 0.015969317268179854 -0.07544553088190814 0
15 1 1 1209600 -53299133.522770502 137014475.19537917 2135827.8371239323 -26.900618869347415 -10.819795851267079 1.7111249398618531 1996.6388477245378 -0.074624062383288323 0.015611370980847394 -0.073698544733223875 0
16 1 1 1296000 -55615057.943231545 136058366.79295397 2283191.7668277407 -26.707326827170295 -11.311817228570105 1.7000002719310854 1996.4071602767315 -0.073998651217004774 0.015274399467022842 -0.071954742939182206 0
17 1 1 1382400 -57913915.486894861 135059885.91245574 2429574.6342299627 -26.505558733059733 -11.800618668679411 1.6884155382605071 1996.1792220972538 -0.073345507273180982 0.014959182845330082 -0.070215720376981247 0
18 1 1 1468800 -60194975.516164213 134019316.35091259 2574936.7864310099 -26.295354013898621 -12.286070666806234 1.6763729776680636 1995.955046905669 -0.072665378791976182 0.014666467878831102 -0.068483044152438374 0
19 1 1 1555200 -62457510.859987311 132936953.09554908 2719238.7636220944 -26.076753491049711 -12.768043694653239 1.6638748214677641 1995.7346452307845 -0.071959059318027624 0.014396965278827814 -0.066758251511406561 0
20 1 1 1641600 -64700797.935432233 131813102.32599919 2862441.2985529634 -25.849799405800631 -13.246408196387689 1.6509232961877773 1995.5180243974983 -0.071227386352509317 0.014151346879834973 -0.065042847264853307 0
21 1 1 1728000 -66924116.87149743 130648081.41681883 3004505.3162422222 -25.614535445619445 -13.721034585742144 1.6375206264637798 1995.3051885120742 -0.070471240249390416 0.013930242780470328 -0.063338301662821589 0
22 1 1 1814400 -69126751.635224015 129442218.94019929 3145391.9339451282 -25.371006771186345 -14.191793244266897 1.6236690381107195 1995.0961384459715 -0.069691542430916173 0.013734238658445322 -0.06164604760400804 0
23 1 1 1900800 -71307990.160175875 128195854.66878116 3285062.461394934 -25.119260044171281 -14.658554520756072 1.6093707613805555 1994.8908718182659 -0.068889254023221561 0.013563873154727703 -0.059967478142609033 0
24 1 1 1987200 -73467124.477351651 126909339.57846603 3423478.4013333875 -24.859343455734965 -15.121188731878897 1.5946280343985622 1994.6893829760425 -0.068065374084675084 0.013419635057880564 -0.058303943848703743 0
25 1 1 2073600 -75603450.848588362 125583035.85112037 3560601.450346394 -24.591306755713898 -15.579566164042502 1.5794431067953627 1994.4916629735217 -0.067220937693371063 0.013301960761609274 -0.056656749576152451 0
26 1 1 2160000 -77716269.902516007 124217316.87706482 3696393.5000220477 -24.315201282471559 -16.033557076507684 1.5638182435325909 1994.2976995492206 -0.066357014407147918 0.01321123171024528 -0.055027151775195599 0
27 1 1 2246400 -79804886.773118928 122812567.25723919 3830816.6384473871 -24.031079993378597 -16.483031705782956 1.5477557289227435 1994.1074771013382 -0.065474705888584131 0.013147771985910071 -0.053416355116652742 0
28 1 1 2332800 -81868611.240955561 121369182.80493133 3963833.1520614936 -23.738997495885467 -16.92786027132232 1.5312578708578297 1993.9209766620029 -0.064575143959451756 0.013111845865347827 -0.051825509139227788 0
29 1 1 2419200 -83906757.877088949 119887570.54695706 4095405.5278828703 -23.439010079167641 -17.367912982551147 1.5143270052446103 1993.738175869878 -0.063659488456829894 0.013103655573800487 -0.050255704817735523 0
30 1 1 2505600 -85918646.1897742 118368148.7241744 4225496.4561290797 -23.131175746309985 -17.803060047242052 1.4969655006505285 1993.5590489413905 -0.062728925036041314 0.013123339101733423 -0.048707970922888026 0
31 1 1 2592000 -87903600.77394864 116811346.79121527 4354068.8332472928 -22.815554246987368 -18.233171681263375 1.479175763172393 1993.3835666415368 -0.061784662444443056 0.013170968213332216 -0.047183269993568221 0
32 1 1 2678400 -89860951.463565961 115217605.41531475 4481085.7653753115 -22.492207110618658 -18.658118119720008 1.4609602415303633 1993.2116962541963 -0.06082793051107295 0.013246546605466874 -0.045682494454812518 0
33 1 1 2764800 -91790033.486814633 113587376.47411697 4606510.5722523695 -22.161197679961791 -19.07776962951392 1.4423214323882692 1993.0434015523688 -0.059859977295010983 0.013350008001474675 -0.044206462412568107 0
34 1 1 2851200 -93690187.62425603 111921123.05233327 4730306.7915997477 -21.822591145106493 -19.491996523338603 1.4232618859085249 1992.8786427694447 -0.058882066555890428 0.013481214896741343 -0.042755913321834718 0
35 1 1 2937600 -95560760.369915918 110219319.43712972 4852438.1839915654 -21.47645457784088 -19.900669175121728 1.4037842115441141 1992.7173765717737 -0.057895475129606515 0.01363995723006689 -0.041331503540043196 0
36 1 1 3024000 -97401104.095359892 108482451.11211555 4972868.7382362708 -21.122856966348163 -20.303658036946207 1.3838910840698697 1992.5595560338782 -0.056901489938039916 0.013825951136895704 -0.039933801774259564 0
37 1 1 3110400 -99210577.216779694 106711014.74980682 5091562.6772897141 -20.76186925020118 -20.700833657457455 1.3635852498550096 1992.4051306172171 -0.055901405336646351 0.014038838457789809 -0.038563284433211789 0
38 1 1 3196800 -100988544.36511455 104905518.20243366 5208484.464720509 -20.393564355620054 -21.092066701770214 1.3428695333751384 1992.2540461535646 -0.054896520058669775 0.014278186150613093 -0.037220331024000075 0
39 1 1 3283200 -102734376.55922885 103066480.490963 5323598.8117482262 -20.018017230951212 -21.477227972894671 1.3217468439597788 1992.1062448346033 -0.053888134257096015 0.014543486225556533 -0.035905219556136528 0
40 1 1 3369600 -104447451.38216327 101194431.79220383 5436870.6848745039 -19.635304882330921 -21.856188434690818 1.3002201827674313 1991.9616652091438 -0.052877546351405666 0.014834155981550051 -0.034618122148171851 0
41 1 1 3456000 -106127153.16047388 99289913.42386283 5548265.314126404 -19.245506409494848 -22.228819236360959 1.2782926499830678 1991.8202421897165 -0.051866049971179266 0.015149538769059237 -0.033359100564745052 0
42 1 1 3542400 -107772873.14667019 97353477.827416763 5657748.2019307557 -18.848703041695373 -22.594991738489931 1.2559674522210302 1991.6819070702036 -0.050854930725072987 0.015488905056862642 -0.032128102429546307 0
43 1 1 3628800 -109384009.70475927 95385688.548668385 5765285.1326361541 -18.444978173681694 -22.954577540640063 1.233247910113739 1991.5465875565326 -0.049845462873942349 0.01585145413924333 -0.030924957514504661 0
44 1 1 3715200 -110959968.4989002 93387120.215850562 5870842.182697895 -18.034417401703219 -23.307448510507658 1.210137466060333 1991.4142078122718 -0.048838906054053326 0.016236316154398019 -0.029749374961365781 0
45 1 1 3801600 -112500162.68516855 91358358.515143275 5974385.7315382268 -17.617108559495783 -23.653476814648332 1.1866396921099744 1991.2846885211575 -0.047836501927400361 0.016642554749580023 -0.028600940607668403 0
46 1 1 3888000 -114004013.10642739 89300000.16346851 6075882.473092366 -17.193141754201882 -23.992534950767812 1.1627582979407167 1991.1579469685405 -0.046839470613110647 0.017069170446045105 -0.027479115805251229 0
47 1 1 3974400 -115470948.49029797 87212652.878427431 6175299.4280462489 -16.76260940218625 -24.324495781586858 1.1384971388897565 1991.0338971433571 -0.045849007471107636 0.017515104216053561 -0.026383236589259371 0
48 1 1 4060800 -116900405.65021861 85096935.345243156 6272603.9567688499 -16.325606264704298 -24.649232570284465 1.1138602239890745 1990.9124498622425 -0.044866279563619708 0.017979241910883063 -0.025312514481982601 0
49 1 1 4147200 -118291829.68957685 82953477.180573344 6367763.7729365062 -15.882229483367087 -24.966619017516045 1.0888517239386091 1990.7935129171647 -0.043892422028677623 0.018460419177206019 -0.024266038467941738 0
50 1 1 4233600 -119644674.20889603 80782918.89305599 6460746.9578416804 -15.432578615368715 -25.276529300019281 1.0634759789696664 1990.6769912475309 -0.042928534982655316 0.018957426635490781 -0.023242777919720726 0
51 1 1 4320000 -120958401.51605317 78585911.840451047 6551521.9753739042 -14.976755668426518 -25.578838110804043 1.0377375065236816 1990.5627871370098 -0.041975679868983762 0.019469016107183896 -0.022241587744400042 0
52 1 1 4406400 -122232482.83950181 76363118.183240905 6640057.6876531718 -14.514865135384351 -25.873420700938421 1.0116410086685896 1990.4508004350396 -0.041034876356688385 0.019993906521827358 -0.021261214633671477 0
53 1 1 4492800 -123466398.54446816 74115210.834551349 6726323.3712905683 -14.047014028439447 -26.160152922942917 0.98519137918708977 1990.3409288022142 -0.040107099147712162 0.020530790829612122 -0.020300305107914415 0
54 1 1 4579200 -124659638.35208672 71842873.40625295 6810288.7342441827 -13.573311912939911 -26.438911275800432 0.9583937102559732 1990.2330679781517 -0.039193274911106683 0.021078342715702351 -0.019357415213645136 0
55 1 1 4665600 -125811701.56143568 69546800.151103601 6891923.9332317179 -13.093870940707291 -26.709572951606404 0.93125329864099493 1990.1271120697638 -0.038294279465265361 0.021635223684396885 -0.018431021811690568 0
56 1 1 4752000 -126922097.27442899 67227695.900788784 6971199.5916550681 -12.608805882835949 -26.97201588387286 0.90377565134306026 1990.0229538571218 -0.037410935083465116 0.022200090265271154 -0.017519535072519341 0
57 1 1 4838400 -127990344.62351824 64886275.999715827 7048086.817986493 -12.11823416192291 -27.226118797516857 0.87596649062415899 1989.9204851133716 -0.036544008190740412 0.022771600916620022 -0.016621312761196043 0
58 1 1 4924800 -129015973.00215255 62523266.234415434 7122557.2245602114 -11.622275883674515 -27.471761260566225 0.84783175836225722 1989.8195969350727 -0.035694206996965162 0.023348422924154781 -0.01573467490300046 0
59 1 1 5011200 -129998522.29794015 60139402.758400381 7194582.9467098461 -11.121053867836627 -27.708823737610771 0.81937761969040035 1989.7201800785565 -0.034862179628740532 0.023929239095638238 -0.014857919929539427 0
60 1 1 5097600 -130937543.12845232 57735432.0123294 7264136.6621875623 -10.614693678401412 -27.937187645041845 0.79061046587678729 1989.6221252973544 -0.034048512529360073 0.024512753857987627 -0.013989341024915397 0
61 1 1 5184000 -131832597.07960269 55312110.639319189 7331191.610799008 -10.103323653029815 -28.156735408125325 0.76153691643834764 1989.5253236765511 -0.033253728933945834 0.025097698995411779 -0.013127242526445204 0
62 1 1 5270400 -132683256.94653356 52870205.395244837 7395721.6141873738 -9.5870749316351453 -28.367350519950921 0.73216382047782613 1989.4296669592056 -0.032478287932440848 0.025682838833221078 -0.012269956479819568 0
63 1 1 5356800 -133489106.97693282 50410493.053864181 7457701.0956995264 -9.0660814840619413 -28.568917602301028 0.70249825724923642 1989.3350478605557 -0.031722583309871683 0.026266974982363918 -0.01141585859384626 0
64 1 1 5443200 -134249743.11670136 47933760.306598447 7517105.1002685679 -8.5404801368024721 -28.761322468493578 0.6725475359791242 1989.2413603661589 -0.030986943388218821 0.026848950065409879 -0.010563383392277668 0
65 1 1 5529600 -134964773.25788486 45440803.656796195 7573909.3142500184 -8.0104105986884164 -28.944452188242654 0.64231919497615753 1989.1485000103542 -0.030271630559312472 0.027427651322783381 -0.0097110384569196948 0
66 1 1 5616000 -135633817.48877856 42932429.308304548 7628090.0851518782 -7.4760154854758216 -29.118195154588069 0.61182100007553097 1989.056364133022 -0.029576841231032949 0.028002012903168651 -0.0088574172709127569 0
67 1 1 5702400 -136256508.34610525 40409453.048166528 7679624.4412035048 -6.9374403432626339 -29.282441152932474 0.58106094247186035 1988.9648521120919 -0.028902706342016093 0.028571018428513388 -0.0080012107978407639 0
68 1 1 5788800 -136832491.06916454 37872700.123261496 7728490.1107130842 -6.3948336706614199 -29.437081432231064 0.5500472360044627 1988.8738655708701 -0.028249291823899854 0.029133701945421763 -0.0071412172274539047 0
69 1 1 5875200 -137361423.85583991 35323005.110699676 7774665.5411692662 -5.848346939643382 -29.582008778373964 0.5187883139599655 1988.7833085600823 -0.027616599483191995 0.029689149303827742 -0.0062763503790695284 0
70 1 1 5961600 -137842978.12034732 32761211.781781297 7818129.9180480083 -5.2981346149764112 -29.717117589784838 0.48729282545860564 1988.6930877144496 -0.027004568198101497 0.03023649843002087 -0.0054056461821621622 0
71 1 1 6048000 -138276838.75259903 30188172.959326889 7858863.1832920229 -4.7443541721664735 -29.842303955272047 0.45556963150088486 1988.6031123852997 -0.026413075172371427 0.030774939513543851 -0.00452826744567457 0
72 1 1 6134400 -138662704.37904975 27604750.368183065 7896846.0534361918 -4.1871661138145395 -29.957465734153956 0.42362780073457118 1988.5132947506206 -0.025841937712439415 0.031303714531837827 -0.0036435073315156238 0
73 1 1 6220800 -139000287.6248838 25011814.478706673 7932060.0373572921 -3.6267339842930619 -30.062502638670566 0.39147660500309261 1988.4235499044141 -0.025290914873099226 0.031822116971468979 -0.0027507910983398903 0
74 1 1 6307200 -139289315.37739471 22410244.343029704 7964487.453632189 -3.0632243826369208 -30.157316318689674 0.35912551474433796 1988.3337959278288 -0.024759709427000291 0.032329490912461768 -0.0018496762923531371 0
75 1 1 6393600 -139529529.05039772 19800927.423905835 7994111.4474937823 -2.4968069735579501 -30.241810448722177 0.32658419428613145 1988.2439539444933 -0.02424797030869183 0.032825229985902121 -0.00093985208654726049 0
76 1 1 6480000 -139720684.84950811 17184759.415939469 8020916.0073776012 -1.9276544964624593 -30.31589081723093 0.29386249708425694 1988.1539481625036 -0.023755294418165374 0.033308776647915164 -2.1137126507384654e-05 0
77 1 1 6566400 -139862554.03810969 14562644.058999725 8044885.981056409 -1.355942772362791 -30.379465418233075 0.26097046095587395 1988.0637059057785 -0.023281229408986054 0.033779620656886493 0.0009065236544487503 0
78 1 1 6652800 -139954923.20382389 11935492.943621043 8066007.0913635567 -0.78185070856954741 -30.432444545181511 0.227918303324599 1987.9731576370521 -0.022825275789320382 0.034237298222940984 0.0018430623481486112 0
79 1 1 6739200 -139997594.52528551 9304225.3081952278 8084265.9515071381 -0.20556030103803713 -30.474740887097486 0.19471641651742058 1987.8822369745496 -0.02238688962431129 0.034681390688739905 0.0027882932187114308 0
80 1 1 6825600 -139990386.03901392 6669767.8277608687 8099650.0799812842 0.37274336575218142 -30.506269626936948 0.16137536313568077 1987.7908807045173 -0.021965484824240121 0.035111523358283547 0.0037419172959718976 0
81 1 1 6912000 -139933131.90616357 4033054.3941989238 8112147.9150806488 0.95287212151547518 -30.526948542147373 0.12790587150876823 1987.6990287908823 -0.021560435783412182 0.035527364558870247 0.0047035282609122547 0
82 1 1 6998400 -139825682.67892268 1395025.8876467794 8121748.8290268201 1.5346347156056184 -30.536698107383842 0.094318831254376109 1987.6066243835378 -0.021171079712012243 0.035928624255280622 0.005672618260647788 0
83 1 1 7084800 -139667905.56631804 -1243370.0610540735 8128443.1417153291 2.1178368253277786 -30.535441599335844 0.060625288936523393 1987.5136138263042 -0.020796719049531332 0.036315053299035754 0.0066485838231336728 0
84 1 1 7171200 -139459684.69917372 -3881179.3170563928 8132222.1340921633 2.7022810672535038 -30.523105203607606 0.026836443834234988 1987.4199466649156 -0.020436623747855778 0.036686442323031213 0.0076307324490452249 0
85 1 1 7257600 -139200921.39395693 -6517441.4975269558 8133078.0611696346 3.2877670116731594 -30.499618123599724 -0.0070363561779963604 1987.3255756555363 -0.020090033757746116 0.037042620856273127 0.0086182888810517159 0
86 1 1 7344000 -138891534.41523477 -9151190.2371575944 8131004.1646908876 3.8740912003383996 -30.46491269132089 -0.040981618642660561 1987.2304567738918 -0.019756160780217445 0.037383456527791181 0.0096104017913262816 0
87 1 1 7430400 -138531460.23645008 -11781453.463331187 8125994.6854522396 4.4610471676333336 -30.418924480059005 -0.074987710431044893 1987.1345492248681 -0.019434190769968811 0.037708854199237356 0.010606150060085777 0
88 1 1 7516800 -138120653.29871604 -14407253.681100011 8118044.8752914593 5.0484254653171048 -30.361592418833148 -0.10904286156322057 1987.0378154522332 -0.019123285593158498 0.038018755239176097 0.011604549402724793 0
89 1 1 7603200 -137659086.26731169 -17027608.268126346 8107151.0087500531 5.6360136909930771 -30.292858908532928 -0.14313516893572628 1986.9402211478412 -0.018822585011892812 0.038313136953045925 0.012604558918540813 0
90 1 1 7689600 -137146750.28555325 -19641529.779727146 8093310.3944169972 6.2235965204418822 -30.212669939655719 -0.17725259997009085 1986.8417352596884 -0.018531208480776912 0.038592011759299868 0.013605087486733614 0
91 1 1 7776000 -136583655.22569826 -22248026.264156528 8076521.3859602865 6.8109557439686457 -30.120975211534891 -0.21138299619206252 1986.7423299980162 -0.018248256803464275 0.038855426821981155 0.01460500018580131 0
92 1 1 7862400 -135969829.93653151 -24846101.588249844 8056783.3928519171 7.3978703069142036 -30.017728252948459 -0.24551407675037798 1986.6419808386754 -0.017972813593834944 0.039103463302714976 0.015603124621342864 0
93 1 1 7948800 -135305322.4872652 -27434755.773543961 8034096.8907912513 7.9841163544716487 -29.902886543986163 -0.27963344187985634 1986.5406665225817 -0.017703946894570114 0.039336236130214614 0.016598257413943177 0
94 1 1 8035200 -134590200.40737611 -30012985.342976306 8008463.4318311028 8.5694672809510823 -29.77641163904924 -0.31372857632547985 1986.4383690505181 -0.017440710490113445 0.039553893228310974 0.017589170177648775 0
95 1 1 8121600 -133824550.9219885 -32579783.678255469 7979885.6542093754 9.153693783641808 -29.638269290846491 -0.34778685272913268 1986.3350736723482 -0.017182145099219219 0.039756615317491008 0.018574616201174458 0
96 1 1 8208000 -133008481.18240012 -35134141.387982547 7948367.2918896358 9.736563921405482 -29.488429575235305 -0.381795534988282 1986.2307688693202 -0.016927279752630881 0.039944615396484168 0.019553336348782223 0
97 1 1 8294400 -132142118.49133649 -37675046.68658977 7913913.1838120129 10.317843178136647 -29.326867016754971 -0.41574178159963815 1986.1254463286691 -0.016675132856115167 0.040118138508642619 0.020524065529605371 0
98 1 1 8380800 -131225610.52250658 -40201485.784149297 7876529.2828559922 10.89729453123333 -29.153560714684502 -0.4496126489878281 1986.0191009094544 -0.016424713103770937 0.040277461374085395 0.021485538857716851 0
99 1 1 8467200 -130259125.53402194 -42712443.28708972 7836222.6645157365 11.474678525196591 -28.968494469457781 -0.48339509483143911 1985.9117305988655 -0.016175020813719358 0.040422891957070842 0.022436497962832681 0
100 1 1 8553600 -129242852.5752307 -45206902.609843895 7793001.5352882501 12.049753350487757 -28.771656909246296 -0.51707598138357003 1985.8033364576868 -0.015925048614608351 0.040554769361794009 0.023375697509090073 0
101 1 1 8640000 -128177001.68650684 -47683846.397433467 7746875.2407744089 12.622274927766847 -28.563041616515207 -0.55064207880336913 1985.6939225542619 -0.015673782556338375 0.040673463499249843 0.024301911181507069 0
102 1 1 8726400 -127061804.09152436 -50142256.958979785 7697854.2734914972 13.191996997622232 -28.342647254353466 -0.58408006849698446 1985.583495885995 -0.01542020288846193 0.040779374893310266 0.025213938540205212 0
103 1 1 8812800 -125897512.381538 -52581116.712112091 7645950.2803970166 13.75867121590059 -28.110477692363702 -0.61737654646492235 1985.472066287296 -0.015163285085559858 0.040872934450695994 0.026110611388230186 0
104 1 1 8899200 -124684400.69118215 -54999408.638225876 7591176.0701223062 14.322047254736901 -27.866542131889251 -0.65051802667213843 1985.3596463233866 -0.014902000640003646 0.040954603328666142 0.026990800293591712 0
105 1 1 8985600 -123422764.86529009 -57396116.74852366 7533545.6199141415 14.881872909379352 -27.610855230351522 -0.68349094443628367 1985.2462511691758 -0.014635318026478205 0.041024872570748751 0.027853421379770246 0
106 1 1 9072000 -122112922.61623131 -59770226.560751751 7473074.0822828943 15.437894210888567 -27.343437224452035 -0.71628165983323044 1985.1318984720267 -0.014362203703914073 0.041084263194420295 0.028697443139738262 0
107 1 1 9158400 -120755213.67125474 -62120725.586523272 7409777.7913553752 15.989855544795397 -27.064314051987669 -0.74887646112937034 1985.0166081979146 -0.014081622824222704 0.041133325912938203 0.02952189313488145 0
108 1 1 9244800 -119349999.90931982 -64446603.829097152 7343674.2689301865 16.53749977577214 -26.773517472027795 -0.78126156823137938 1984.9004024600654 -0.013792540707632944 0.041172640956137922 0.0303258653573827 0
109 1 1 9331200 -117897665.48689458 -66746854.29146006 7274782.2302339859 17.080568378376938 -26.471085183182485 -0.81342313616765105 1984.7833053296376 -0.01349392350111028 0.041202817934490849 0.031108526640670337 0
110 1 1 9417600 -116398616.95219317 -69020473.494534269 7203121.5893755285 17.618801573917473 -26.157060939683948 -0.84534725859308124 1984.6653426274636 -0.013184739705235106 0.041224495742010633 0.031869124533563976 0
111 1 1 9504000 -114853283.34732305 -71266462.005310029 7128713.4644964719 18.151938473459882 -25.831494664999319 -0.87701997131194687 1984.5465416959908 -0.012863961226406182 0.041238342339891078 0.03260699407295628 0
112 1 1 9590400 -113262116.29780979 -73483824.974677712 7051580.1826159833 18.679717227005913 -25.494442562688565 -0.90842725584001627 1984.4269311516948 -0.01253056497628106 0.041245054453438922 0.033321565045249218 0
113 1 1 9676800 -111625590.08896653 -75671572.684707671 6971745.28416654 19.201875178840659 -25.14596722420174 -0.93955504298998871 1984.3065406165674 -0.012183534299612483 0.041245357592779447 0.034012369453674043 0
114 1 1 9763200 -109944201.72857492 -77828721.105100885 6889233.5272187237 19.718149029042973 -24.786137733316924 -0.97038921648822452 1984.1854004287125 -0.011821860823333667 0.041240005479760422 0.03467904860649771 0
115 1 1 9849600 -108218470.9953461 -79954292.458506897 6804070.8913918333 20.228275001134996 -24.415029766905239 -1.0009156166296211 1984.0635413316991 -0.011444546227106427 0.041229780107483474 0.035321360398605561 0
116 1 1 9936000 -106448940.47263296 -82047315.794377387 6716284.5814473117 20.731989015831726 -24.032725691702844 -1.0311200439650043 1983.9409941420713 -0.011050604462320184 0.041215491211830491 0.035939186608718914 0
117 1 1 10022400 -104636175.56686911 -84106827.570997283 6625903.0305615291 21.229026870833312 -23.639314656779334 -1.0609882630425238 1983.8177893958409 -0.010639064017120189 0.041197975856364137 0.036532539377660503 0
118 1 1 10108800 -102780764.51021487 -86131872.245307386 6532955.9032726958 21.719124426585367 -23.23489268137094 -1.0905060062032055 1983.6939569736614 -0.010208970700255348 0.041178098004881994 0.03710156842163894 0
119 1 1 10195200 -100883318.34689941 -88121502.870103553 6437474.0980976196 22.202017797920032 -22.819562737747649 -1.1196589774371903 1983.569525704916 -0.0097593903086611276 0.041156748097297191 0.037646567126632967 0
120 1 1 10281600 -98944470.902754396 -90074781.698169321 6339489.7498112703 22.677443551470805 -22.393434828786543 -1.1484328563337478 1983.4445229522601 -0.0092894119576679198 0.041134842333421594 0.038167978351813479 0
121 1 1 10368000 -96964878.737446696 -91990780.792870075 6239036.2313808948 23.145138908726576 -21.956626059918836 -1.1768133021285916 1983.3189741771916 -0.0087981516585022273 0.041113322084098396 0.038666400096046376 0
122 1 1 10454400 -94945221.078928351 -93868582.64470841 6136148.155545271 23.604841954581175 -21.509260705113025 -1.2047859578805753 1983.1929024884296 -0.0082847562453152879 0.041093153140427115 0.039142589776285833 0
123 1 1 10540800 -92886199.739636377 -95707280.79331097 6030861.376026148 24.056291851216624 -21.051470266565065 -1.2323364548106988 1983.0663281755221 -0.007748407544170677 0.041075324775263863 0.039597468207046627 0
124 1 1 10627200 -90788539.013989866 -97505980.454288185 5923212.9883566666 24.499229057125397 -20.583393527757398 -1.2594504168402205 1982.9392682301864 -0.0071883274334785495 0.041060849011237306 0.040032121953434967 0
125 1 1 10713600 -88652985.556748271 -99263799.150380433 5813241.3303071829 24.933395551064137 -20.105176599556408 -1.2861134653771429 1982.8117358589727 -0.0066037829218325459 0.04105075946011752 0.040447804819642282 0
126 1 1 10800000 -86480308.241815642 -100979867.3462739 5700985.981885069 25.358535060716868 -19.616972959022213 -1.3123112244042257 1982.6837399915928 -0.0059940919345363754 0.041046110335040464 0.040845937418252869 0
127 1 1 10886400 -84271298.00109376 -102653329.08644362 5586487.7648791736 25.774393295811894 -19.118943480604408 -1.3380293259426235 1982.5552847902436 -0.0053586296403864584 0.041047975184631234 0.04122810500342932 0
128 1 1 10972800 -82026767.64301084 -104283342.63535085 5469788.7419136977 26.180718185428567 -18.611256459398337 -1.3632534159550322 1982.4263691654144 -0.004696835094838747 0.041057445948950645 0.041596053565767545 0
129 1 1 11059200 -79747551.650376827 -105869081.11929566 5350932.2149695223 26.577260119196659 -18.094087626157847 -1.3879691607937081 1982.2969863061965 -0.0040082188929107913 0.041075631184708083 0.041951682554726651 0
130 1 1 11145600 -77434505.957241967 -107409733.16919982 5229962.7233212832 26.963772192080544 -17.567620153753214 -1.4121622542840637 1982.167123232771 -0.0032923708131166909 0.041103655151466481 0.04229703620981233 0
131 1 1 11232000 -75088507.704462364 -108904503.56356664 5106926.0408314317 27.340010452421801 -17.032044654771152 -1.4358184255555611 1982.0367603800669 -0.0025489684038015902 0.0411426560996664 0.042634290590157664 0
132 1 1 11318400 -72710454.973707035 -110352613.87084082 4981869.1725300578 27.70573415288796 -16.48755916997721 -1.4589234477595443 1981.9058712236167 -0.0017777857681789879 0.041193784904488155 0.042965738079409233 0
133 1 1 11404800 -70301266.499670357 -111753303.09036669 4854840.3503996041 28.060706003965628 -15.934369147359327 -1.481463147777593 1981.7744219574365 -0.00097870292524356961 0.041258203355130134 0.043293768721486277 0
134 1 1 11491200 -67861881.360286027 -113105828.29111911 4725889.0282724509 28.404692429614716 -15.372687411490286 -1.5034234170797989 1981.6423712363101 -0.00015171539868225059 0.041337082570577083 0.04362084690372113 0
135 1 1 11577600 -65393258.644773811 -114409465.24736035 4595065.8757352363 28.737463824690668 -14.802734122956652 -1.524790223873743 1981.5096699942881 0.00070305598479648585 0.04143160117170077 0.043949485426691935 0
136 1 1 11664000 -62896377.09938322 -115663509.07035381 4462422.7709234292 29.058794813723896 -14.224736727626599 -1.5455496266726829 1981.3762613510573 0.0015853551719572296 0.041542943215195909 0.044282215381776686 0
137 1 1 11750400 -60372234.75073462 -116867274.83524786 4328012.7920773495 29.368464510649805 -13.638929895534764 -1.5656877894120402 1981.2420806171722 0.0024947816451187403 0.04167229623724935 0.044621553384548346 0
138 1 1 11836800 -57821848.506693721 -118020098.20222327 4191890.2077210336 29.666256779061353 -13.04555544919079 -1.5851909982362737 1981.10705540862 0.0034307809628302106 0.041820848621309317 0.044969964916292203 0
139 1 1 11923200 -55246253.734753914 -119121336.03098397 4054110.4653148847 29.951960492546544 -12.44486228114059 -1.6040456800479219 1980.9711058792625 0.0043926363700584536 0.041989786912841651 0.045329826286342328 0
140 1 1 12009600 -52646503.817936569 -120170366.98765449 3914730.1782277673 30.22536979468617 -11.837106260618492 -1.6222384228704583 1980.834145076494 0.0053794613541284925 0.0421802928013605 0.045703384378525884 0
141 1 1 12096000 -50023669.688258268 -121166592.1431364 3773807.110870027 30.486284358275324 -11.222550129170546 -1.6397559980553715 1980.6960794237682 0.0063901935421041773 0.042393539249260308 0.046092716075690918 0
142 1 1 12182400 -47378839.337850295 -122109435.56196663 3631400.1618290422 30.734509643335034 -10.601463385141212 -1.6565853843060081 1980.5568093292297 0.0074235902428737531 0.042630686603064488 0.046499687868851641 0
143 1 1 12268800 -44713117.307854235 -122998344.88071105 3487569.3448526775 30.969857153463074 -9.9741221569461391 -1.672713793456001 1980.4162299166712 0.0084782253252642572 0.042892877556028018 0.046925916831607822 0
144 1 1 12355200 -42027624.155256473 -123832791.87492283 3342375.7675342336 31.192144690096235 -9.3408090650819027 -1.6881286978669259 1980.2742318702533 0.0095524891512953469 0.043181231921466091 0.047372734860464935 0
145 1 1 12441600 -39323495.897859991 -124612273.01369029 3195881.6075668619 31.401196604244394 -8.7018130728452938 -1.7028178592623078 1980.1307023804948 0.010644589903392338 0.043496840365918769 0.047841156413706051 0
146 1 1 12528000 -36601883.4376323 -125336310.00079972 3048150.0864521735 31.596844045238161 -8.0574293257633158 -1.7167693587830002 1979.9855261762871 0.011752557723138877 0.043840757855994096 0.04833185107542104 0
147 1 1 12614400 -33863951.962706365 -126004450.30153786 2899245.4405693207 31.778925206048783 -7.40795897976456 -1.7299716279789046 1979.8385866235878 0.012874251201331174 0.044213995982762752 0.048845122515532226 0
148 1 1 12700800 -31110880.328350622 -126616267.65416397 2749232.8895372259 31.947285564718463 -6.7537090181451012 -1.7424134804253457 1979.6897668693859 0.014007366244937437 0.044617515237226436 0.049380893535089621 0
149 1 1 12787200 -28343860.417264439 -127171362.56508631 2598178.6018298259 32.101778121425319 -6.094992057400531 -1.7540841436348764 1979.5389510082218 0.015149446943749256 0.045052216592064237 0.04993869831166127 0
150 1 1 12873600 -25564096.479597133 -127669362.78678492 2446149.657634146 32.242263630700975 -5.4321261420309428 -1.7649732909112343 1979.3860252479758 0.016297898711965721 0.045518932880505979 0.050517681682705692 0
151 1 1 12960000 -22772804.453130517 -128109923.7775338 2293214.008971239 32.368610828304348 -4.7654345284457298 -1.7750710727966565 1979.230879052237 0.017450002949867833 0.046018419938005192 0.051116605442052966 0
152 1 1 13046400 -19971211.264108952 -128492729.14198709 2139440.4371297201 32.480696652238649 -4.0952454581138484 -1.7843681477803159 1979.0734062380466 0.018602933283192423 0.046551348095863872 0.051733860946227575 0
153 1 1 13132800 -17160554.109245624 -128817491.05170642 1984898.5074895725 32.578406457375735 -3.4218919201286071 -1.7928557119468678 1978.9135060097406 0.019753772374668962 0.047118293822893217 0.05236748808264071 0
154 1 1 13219200 -14342079.719480785 -129083950.64472389 1829658.5218402047 32.661634223155019 -2.7457114033929089 -1.8005255272940628 1978.7510839133188 0.020899530211115899 0.047719731639450522 0.0530151984376779 0
155 1 1 13305600 -11517043.606113836 -129291878.40325372 1673791.4683179145 32.730282753795564 -2.0670456386455154 -1.8073699484784489 1978.5860526985723 0.022037161642317702 0.048356026952704363 0.053674403399716193 0
156 1 1 13392000 -8686709.2899810225 -129441074.50868423 1517368.9691083627 32.784263870462894 -1.3862403305684334 -1.8133819477792728 1978.4183330788001 0.023163585171769464 0.049027429744090162 0.054342244949157188 0
157 1 1 13478400 -5852347.5143973725 -129531369.17300551 1360463.2260742579 32.823498594824997 -0.70364488026270899 -1.818555138140997 1978.2478543829334 0.024275700286068156 0.049734068745187619 0.055015628452793654 0
158 1 1 13564800 -3015235.4426327329 -129562622.94585453 1203146.9644793409 32.847917323414734 -0.01961209839800521 -1.8228837941814922 1978.0745550973088 0.025370404986371185 0.050475947103714468 0.055691256839231824 0
159 1 1 13651200 -176655.84073963334 -129534726.99638426 1045493.3749884304 32.857459992250405 0.66550209064026822 -1.8263628710776323 1977.8983832957656 0.026444612524633187 0.051252939129466865 0.056365665546861406 0
160 1 1 13737600 2662103.7534005302 -129447603.36919621 887576.05412828305 32.852076231140323 1.3513389532228295 -1.8289880213156646 1977.7192969619393 0.027495266856634656 0.052064787608964935 0.05703525583181597 0
161 1 1 13824000 5499751.8738978738 -129301205.21360852 729468.94339352532 32.831725507129157 2.0375372591724545 -1.8307556092945834 1977.5372642075158 0.028519357723159867 0.052911102993273125 0.05769632859994784 0
162 1 1 13910400 8334993.9825800033 -129095516.98556669 571246.26718386181 32.796377256553164 2.7237336022569427 -1.831662723789697 1977.3522633915129 0.029513934105191767 0.053791363186691227 0.05834511577977404 0
163 1 1 13996800 11166533.335616624 -128830554.6215442 412982.46975478553 32.746011005186666 3.4095627280018856 -1.8317071883279707 1977.1642831481715 0.030476117042143189 0.054704914530580795 0.058977810489015847 0
164 1 1 14083200 13993071.859993022 -128506365.68382157 254752.15136049379 32.680616475999777 4.0946578683309172 -1.8308875695250766 1976.973322330253 0.031403111299196595 0.055650973930150595 0.05959059473094773 0
165 1 1 14169600 16813311.038741443 -128123029.47657654 96630.003762179214 32.600193684050389 4.7786510824994766 -1.8292031834458633 1976.7793898755892 0.03229221556816763 0.056628631732147036 0.060179665474746326 0
166 1 1 14256000 19625952.803799558 -127680657.13226591 -61309.254730290544 32.504753018081111 5.4611736037543519 -1.8266541000622372 1976.5825046046878 0.03314083222667729 0.057636855517826789 0.060741257869059907 0
167 1 1 14342400 22429700.435330193 -127179391.6678299 -218990.94452222597 32.394315308418733 6.1418561911313647 -1.8232411458724138 1976.3826949563168 0.033946475504677512 0.058674494860836965 0.061271667256204747 0
168 1 1 14428800 25223259.466302138 -126619408.01030174 -376340.49014741584 32.268911880804879 6.8203294857617633 -1.818965904763244 1976.1799986686894 0.034706779210089314 0.059740286365563069 0.061767267776002888 0
169 1 1 14515200 28005338.59110225 -126000912.99146083 -533283.48568310193 32.128584595827277 7.4962243710364023 -1.8138307171888641 1975.974462412888 0.035419503066976055 0.060832859696088669 0.062224530195816384 0
170 1 1 14601600 30774650.576921459 -125324145.31122527 -689745.76002314163 31.973385873653065 8.1691723359569952 -1.8078386777285744 1975.766141384355 0.036082538481603928 0.061950743923992718 0.062640036837482482 0
171 1 1 14688000 33529913.176633477 -124589375.46953806 -845653.44187325821 31.803378703811571 8.8388058409761818 -1.800993631101943 1975.555098858375 0.03669391328468119 0.063092374506068125 0.063010495339218889 0
172 1 1 14774400 36269850.041865088 -123796905.66656333 -1000933.0243372241 31.618636639813019 9.5047586856014892 -1.7933001666979722 1975.3414057145828 0.037251795830961963 0.064256100192541812 0.063332750397701018 0
173 1 1 14860800 38993191.634939931 -122947069.67107177 -1155511.4289687935 31.419243778429813 10.166666377033442 -1.7847636116885821 1975.1251399352213 0.037754498131351136 0.065440190884049232 0.063603794027372734 0
174 1 1 14947200 41698676.138365015 -122040232.65695754 -1309316.0691695926 31.205294723511788 10.824166499087561 -1.7753900227854389 1974.9063860812519 0.038200478429430341 0.066642845052834007 0.063820774348178816 0
175 1 1 15033600 44385050.360519551 -121076791.00789627 -1462274.9128181897 30.976894534257262 11.476899080627639 -1.7651861766945625 1974.6852347501647 0.038588343119358999 0.067862197639121727 0.06398100322544216 0
176 1 1 15120000 47051070.636201307 -120057172.09021887 -1614316.5440201322 30.734158657897968 12.124506962753333 -1.7541595593240251 1974.4617820184101 0.038916847830991065 0.069096328234964588 0.064081962526717648 0
177 1 1 15206400 49695503.720683761 -118981833.99414182 -1765370.223873958 30.477212846805255 12.766636163952388 -1.7423183538081759 1974.2361288721202 0.039184898047153242 0.070343268709363097 0.064121309090473325 0
178 1 1 15292800 52317127.675939888 -117851265.24356507 -1915365.9501530319 30.206193060071701 13.402936242441756 -1.729671427391581 1974.008380628349 0.039391548989038509 0.071601011574796841 0.064096879174642157 0
179 1 1 15379200 54914732.74769558 -116665984.47471254 -2064234.5158068286 29.921245349669991 14.033060654917684 -1.7162283172319051 1973.7786463494197 0.039536005134448771 0.072867517573576832 0.064006691192691811 0
180 1 1 15465600 57487122.231985942 -115426540.08396009 -2211907.5661909194 29.622525731335131 14.656667110935841 -1.7019992151712557 1973.5470382525916 0.039617618997333161 0.074140723810022249 0.063848948383476892 0
181 1 1 15552000 60033113.32990253 -114133509.84526165 -2358317.6549383276 29.310200040359945 15.273417922151893 -1.6869949515306957 1973.3136711171646 0.039635889510346217 0.075418551126916006 0.063622039722007528 0
182 1 1 15638400 62551537.989238068 -112787500.49765 -2503398.2983906982 28.984443772542942 15.882980345661849 -1.6712269779798354 1973.0786616908463 0.039590459856100976 0.076698911935211958 0.063324540982151734 0
183 1 1 15724800 65041243.731757626 -111389147.30335541 -2647084.0285110162 28.645441910571034 16.485026920694658 -1.6547073495336995 1972.8421280970883 0.039481114929544169 0.077979717217667208 0.062955214142438695 0
184 1 1 15811200 67501094.464851692 -109939113.5771472 -2789310.4442054997 28.293388736164747 17.079235797921079 -1.6374487057341187 1972.6041892452561 0.039307778316001789 0.0792588838050651 0.062513006877207067 0
185 1 1 15897600 69929971.276356459 -108438090.18756793 -2930014.2609859137 27.928487628351011 17.665291060673653 -1.6194642510667305 1972.3649642448511 0.039070508787743694 0.08053434117363531 0.061997050714222915 0
186 1 1 15984000 72326773.211360529 -106886795.03078845 -3069133.3589092102 27.550950848278895 18.242883037376739 -1.6007677346715239 1972.1245718256098 0.038769496680364154 0.081804037869326468 0.061406659143398955 0
187 1 1 16070400 74690418.029854283 -105285972.4778731 -3206606.8287353395 27.160999311026696 18.811708604522508 -1.581373429400226 1971.8831297647614 0.038405059589297026 0.083065947832697731 0.060741324638396994 0
188 1 1 16156800 77019842.944118679 -103636392.79629938 -3342375.0162497982 26.758862344888062 19.371471479554167 -1.5612961102823619 1971.6407543229284 0.037977638053975138 0.084318076291864039 0.060000715425277788 0
189 1 1 16243200 79314005.334794849 -101938851.54663025 -3476379.5647019055 26.344777438667997 19.921882503042639 -1.5405510324531131 1971.3975596899529 0.037487790835621336 0.085558465344228812 0.059184671560467216 0
190 1 1 16329600 81571883.444621488 -100194168.95529024 -3608563.4553149957 25.918989977541226 20.462659909578019 -1.5191539086024075 1971.1536574421489 0.036936189804617353 0.086785199199266638 0.058293200621596916 0
191 1 1 16416000 83792477.048877791 -98403189.264443696 -3738871.0458295406 25.481752968069781 20.993529586832675 -1.4971208860023046 1970.9091560121506 0.036323614897355548 0.087996409150693414 0.057326472861890569 0
192 1 1 16502400 85974808.101621926 -96566780.060019329 -3867248.1070453459 25.033326753000939 21.514225322285441 -1.4744685231707506 1970.6641601727727 0.035650948571144127 0.089190278060980205 0.056284816006548194 0
193 1 1 16588800 88117921.356869817 -94685831.578967974 -3993641.8573339432 24.573978716495965 22.024489037132792 -1.4512137662332061 1970.4187705364466 0.034919170426135529 0.090365044514698456 0.055168709451655196 0
194 1 1 16675200 90220884.963916302 -92761255.996879876 -4118000.9950977499 24.103982980460934 22.524071006962011 -1.4273739250400499 1970.1730830713855 0.034129351256194651 0.091519006836325828 0.053978778318481281 0
195 1 1 16761600 92282791.036060154 -90793986.697121322 -4240275.729156944 23.623620092677896 23.012730068791562 -1.4029666490888317 1969.9271886358154 0.033282647499181389 0.092650526377781123 0.052715787275597357 0
196 1 1 16848000 94302756.192054868 -88784977.52268526 -4360417.8070498547 23.13317670745128 23.4902338141308 -1.3780099033156266 1969.6811725318948 0.032380295077041488 0.093758030830741912 0.051380633704704644 0
197 1 1 16934400 96279922.06967032 -86735202.011976287 -4478380.5412382754 22.632945259499294 23.956358767753933 -1.3525219438140088 1969.4351140809151 0.031423603647545879 0.094840016823029158 0.049974340889898827 0
198 1 1 17020800 98213455.810813844 -84645652.619776353 -4594118.8332133591 22.123223631842698 24.410890551929402 -1.3265212935264352 1969.1890862208518 0.030413950619322956 0.095895052621935331 0.048498051095008432 0
199 1 1 17107200 100102550.51772438 -82517339.924657121 -4707589.1955020986 21.604314818437146 24.853624035888206 -1.3000267179661047 1968.9431551281309 0.029352775006683499 0.096921780052205517 0.046953018212713263 0
200 1 1 17193600 101946425.67981857 -80351291.824122921 -4818749.77157949 21.076526582311779 25.28436347035473 -1.2730572010228121 1968.6973798654867 0.028241571466011195 0.097918916355340724 0.045340600475816034 0
201 1 1 17280000 103744327.57083338 -78148552.718779325 -4927560.3536956161 20.540171109994354 25.702922607020881 -1.2456319208997286 1968.4518120570558 0.027081884663525305 0.098885255728621252 0.043662253017069955 0
202 1 1 17366400 105495529.61597891 -75910182.686833456 -5033982.3986309804 19.995564662979682 26.109124802876142 -1.2177702262259682 1968.2064955928231 0.025875302974693138 0.099819670367180258 0.041919520582021162 0
203 1 1 17452800 107199332.72887719 -73637256.650235564 -5137979.0413971869 19.443027227011697 26.50280310936088 -1.1894916123918784 1967.961466364043 0.024623453073435522 0.10072111154181017 0.040114030010368042 0
204 1 1 17539200 108855065.61813246 -71330863.533773288 -5239515.1069043111 18.882882159945591 26.883800346347599 -1.160815698151489 1967.7167520315693 0.023327993921941396 0.10158860998756991 0.038247482965426384 0
205 1 1 17625600 110462085.06344263 -68992105.418427825 -5338557.1196195008 18.315455838941819 27.251969161001309 -1.1317622025281737 1967.4723718289192 0.02199061141935443 0.10242127645203261 0.036321648728221398 0
206 1 1 17712000 112019776.1612262 -66622096.690294445 -5435073.3112448379 17.741077307745233 27.607172071612609 -1.1023509220647949 1967.2283364019324 0.0206130128662061 0.10321830157413432 0.034338357050341037 0
207 1 1 17798400 113527552.53980452 -64221963.186360441 -5529033.6264456837 17.160077924775781 27.949281496534404 -1.0726017084500559 1966.9846476870812 0.019196921616186472 0.10397895582249458 0.032299491399510195 0
208 1 1 17884800 114984856.54423966 -61792841.338420346 -5620409.7266632067 16.572791012755182 28.278179768401838 -1.0425344465500952 1966.7412988299475 0.017744072012026532 0.10470258907389136 0.030206982328285881 0
209 1 1 17971200 116391159.39099221 -59335877.31639082 -5709174.9920476777 15.979551510569793 28.593759133840546 -1.0121690328825856 1966.4982741461324 0.016256204303103115 0.10538862983743404 0.028062800923595577 0
210 1 1 18057600 117745961.29262087 -56852226.172268733 -5795304.5215517636 15.380695628051733 28.895921738918954 -0.98152535454974943 1966.2555491258436 0.014735059917053393 0.10603658460343783 0.025868953091872805 0
211 1 1 18144000 119048791.55280559 -54343050.985951819 -5878775.1312242327 14.776560504343252 29.184579600626606 -0.95062326865694935 1966.013090483819 0.013182376873956403 0.10664603656520878 0.023627473523480328 0
212 1 1 18230400 120299208.63203056 -51809522.014116272 -5959565.3507474735 14.167483870475078 29.459654564693999 -0.91948258224079704 1965.7708562560895 0.011599885203132586 0.10721664446816113 0.021340420546165393 0
213 1 1 18316800 121496800.1843185 -49252815.843316019 -6037655.4182630191 13.553803716775205 29.721078250106412 -0.88812303271580351 1965.5287959443001 0.009989302912255589 0.10774814106764269 0.019009871137420149 0
214 1 1 18403200 122641183.06545916 -46674114.548437387 -6113027.2735309973 12.935857965696107 29.968791980686049 -0.85656426886429116 1965.2868507085939 0.0083523319089120942 0.10824033146471353 0.016637916227154888 0
215 1 1 18489600 123732003.31322388 -44074604.857609287 -6185664.549470827 12.313984150609631 30.202746704151878 -0.82482583237498042 1965.0449536090907 0.006690654119396856 0.10869309134916601 0.014226656783599065 0
216 1 1 18576000 124768936.10010518 -41455477.324632123 -6255552.5621308647 11.688519101103793 30.422902899083105 -0.79292713994111852 1964.8030298960132 0.0050059280914185886 0.10910636483100668 0.011778199946671709 0
217 1 1 18662400 125751685.65916485 -38817925.50995151 -6322678.2991359457 11.059798635277332 30.629230470241211 -0.76088746592820056 1964.5609973477069 0.003299785523450892 0.10948016242626546 0.0092946558940267803 0
218 1 1 18748800 126679985.18361527 -36163145.171161868 -6387030.4066621624 10.428157259492789 30.821708632724359 -0.72872592561670979 1964.318766655294 0.0015738281750839406 0.10981455857918401 0.0067781348511592324 0
219 1 1 18835200 127553596.70079766 -33492333.463984288 -6448599.174988945 9.7939278760270341 31.000325785441436 -0.69646145902583845 1964.0762418523273 -0.00017037492895423598 0.11010968919838071 0.0042307447654212548 0
220 1 1 18921600 128372310.92125671 -30806688.154619116 -6507376.5226784451 9.1574414990172066 31.16507937441618 -0.66411281531422828 1963.8333207868318 -0.0019312901814538541 0.11036574899071283 0.0016545893893819919 0
221 1 1 19008000 129135947.06364495 -28107406.844329689 -6563355.9794323314 8.5190269790674531 31.315975746444085 -0.63169853776702289 1963.5898956326089 -0.0037074217641613542 0.11058298878942689 -0.00094823351918448657 0
222 1 1 19094400 129844352.65621895 -25395686.207068034 -6616532.6676768726 7.8790107368497333 31.453029993626366 -0.59923694936674443 1963.3458534365082 -0.0054973138427843911 0.1107617123285516 -0.0035756332345975119 0
223 1 1 19180800 130497403.31571837 -22672721.240907326 -6666903.2829261003 7.2377165060009903 31.576265789328783 -0.56674613893885029 1963.1010766971438 -0.007299552340851073 0.11090227355039288 -0.0062255268385404032 0
224 1 1 19267200 131095002.50444297 -19939704.533998139 -6714466.0729732728 6.595465085582858 31.68571521611122 -0.53424394788575502 1962.8554439704435 -0.0091127666382962314 0.11100507305778214 -0.0088958401292341307 0
225 1 1 19353600 131637081.26636286 -17197825.545718882 -6759220.8159612948 5.9525741023321617 31.781418586177708 -0.50174795749674161 1962.6088304970472 -0.010935630995354478 0.11107055508449946 -0.011584507401186444 0
226 1 1 19440000 132123597.94311842 -14448269.903641988 -6801168.7973811366 5.3093577829120679 31.863424254910946 -0.46927547682768672 1962.3611088457453 -0.01276686539516296 0.11109920403193227 -0.014289471667782751 0
227 1 1 19526400 132554537.87078056 -11692218.716889916 -6840312.7860481702 4.6661267363192822 31.931788428038022 -0.43684353115939512 1962.1121495676935 -0.01460523688292081 0.11109154089985136 -0.017008684375213558 0
228 1 1 19612800 132929913.05825417 -8930847.9064069074 -6876657.0091057699 4.0231877465889658 31.986574962988065 -0.40446885102108354 1961.8618218554257 -0.016449559664731234 0.11104811984211799 -0.019740104845986713 0
229 1 1 19699200 133249761.84822093 -6165327.5526243672 -6910207.1261049183 3.3808435759087132 32.027855164996666 -0.37216786177926731 1961.6099942008832 -0.018298695681080973 0.11096952454394103 -0.022481699761192457 0
230 1 1 19785600 133514148.56152277 -3396821.2609501602 -6940970.2022086661 2.7393927781996505 32.055707578500964 -0.33995667378868738 1961.3565350469748 -0.020151554758056554 0.11085636450362368 -0.025231442337812941 0
231 1 1 19872000 133723163.12589319 -626485.5454653023 -6968954.6805696962 2.0991295232215186 32.070217774367983 -0.30785107310045629 1961.1013134274115 -0.022007094224909454 0.11070927135577172 -0.027987311570860107 0
232 1 1 19958400 133876920.6899464 2144530.7688353835 -6994170.3539292151 1.4603434312154182 32.071478133496321 -0.27586651272990026 1960.8441995895116 -0.023864318619697913 0.11052889532712018 -0.030747291487088872 0
233 1 1 20044800 133975561.22333427 4915087.1249679709 -7016628.33548526 0.82331941806827713 32.059587627312567 -0.24401810447295866 1960.585065595729 -0.025722278962469577 0.11031590139404208 -0.033509370049719205 0
234 1 1 20131200 134019249.10397907 7684051.7938033538 -7036341.0290775215 0.18833755096480037 32.034651595677218 -0.21232061127208782 1960.3237858999171 -0.027580071835807893 0.11007096577052454 -0.03627153857786157 0
235 1 1 20217600 134008172.69328532 10450302.414628681 -7053322.0987365218 -0.4443270855398187 31.99678152270609 -0.18078844013372042 1960.0602378946928 -0.029436838290607212 0.10979477222815695 -0.039031790920928941 0
236 1 1 20304000 133942543.90022697 13212726.51626737 -7067586.4376442842 -1.0744045131123683 31.946094810998265 -0.14943563558744127 1959.7943024271926 -0.03129176240907984 0.10948800870618756 -0.04178812277277532 0
237 1 1 20390400 133822597.73519956 15970222.018640809 -7079150.1365532922 -1.7016299730105864 31.882714554745959 -0.11827587368765903 1959.5258642810159 -0.033144069791140464 0.1091513637430485 -0.044538531174947465 0
238 1 1 20476800 133648591.85451362 18721697.714695185 -7088030.4517106386 -2.3257440293591292 31.806769312192369 -0.087322456557531791 1959.2548126225729 -0.034993025642752994 0.10878552340280892 -0.047281014180870412 0
239 1 1 20563200 133420806.09639588 21466073.732656721 -7094245.772333974 -2.9464926624873935 31.718392877881648 -0.056588307468324162 1958.9810414109429 -0.036837932965908052 0.10839116786405265 -0.050013570523695906 0
240 1 1 20649600 133139542.00934924 24202281.978615645 -7097815.5876854695 -3.5636273525046924 31.617724055132502 -0.026085966457405511 1958.7044497705228 -0.038678130414095763 0.10796896864645414 -0.052734199845168493 0
241 1 1 20736000 132805122.37370679 26929266.559476942 -7098760.4537904626 -4.1769051532902584 31.504906429151912 0.0041724135183637684 1958.4249423264625 -0.040512989733448995 0.10751958562979363 -0.05544090272912456 0
242 1 1 20822400 132417890.71720012 29645984.186349701 -7097101.959846464 -4.7860887571164339 31.380088141182267 0.034175069902108501 1958.1424295033316 -0.042341913772464747 0.10704366452906763 -0.05813168114703602 0
243 1 1 20908800 131978210.82534045 32351404.558481466 -7092862.6943682637 -5.3909465501210878 31.243421664064467 0.06391063332771707 1957.856827787549 -0.044164333492194369 0.10654183444573927 -0.060804539096040534 0
244 1 1 20995200 131486466.24739432 35044510.727875076 -7086066.2111145798 -5.9912526588559709 31.095063579571047 0.093368129885865889 1957.5680599549826 -0.045979705487292841 0.10601470555299534 -0.063457483488711372 0
245 1 1 21081600 130943059.79871365 37724299.444756202 -7076736.9948414629 -6.5867869881764687 30.935174357855445 0.12253698286976882 1957.2760552645045 -0.047787509465860349 0.10546286727305622 -0.066088525235679929 0
246 1 1 21168000 130348413.06015763 40389781.484088399 -7064900.4269272564 -7.1773352507115877 30.763918139343264 0.15140701400143572 1956.9807496190635 -0.049587244942141603 0.1048868865468665 -0.068695680712630131 0
247 1 1 21254400 129702965.87532207 43039981.953359887 -7050582.750913701 -7.762688988187838 30.581462519360599 0.179968444152074 1956.6820856962929 -0.051378428814548273 0.10428730619915319 -0.071276972982050296 0
248 1 1 21340800 129007175.8462683 45673940.581890792 -7033811.0380063942 -8.3426455848921641 30.387978335788645 0.20821189355760428 1956.3800130498819 -0.053160592315777043 0.10366464388670241 -0.073830433870454848 0
249 1 1 21427200 128261517.82841849 48290711.99193427 -7014613.1525785569 -8.9170082735440737 30.183639460012735 0.23612838153243013 1956.0744881834553 -0.054933278081355515 0.10301939108161091 -0.076354105734918978 0
250 1 1 21513600 127466483.42526132 50889365.951866753 -6993017.7177205682 -9.4855861338746852 29.968622591406941 0.26370932569531275 1955.765474598923 -0.056696037380604143 0.10235201237027011 -0.078846043699651966 0
251 1 1 21600000 126622580.48348421 53468987.611782722 -6969054.0808773795 -10.048194084205047 29.743107055585277 0.29094654071116582 1955.4529428208014 -0.058448427162564272 0.1016629450724163 -0.081304317929157766 0
252 1 1 21686400 125730332.58912574 56028677.721828565 -6942752.2796150576 -10.604652866322034 29.507274606626257 0.3178322365620625 1955.1368703983721 -0.060190007362937663 0.10095259900706409 -0.083727016049547964 0
253 1 1 21772800 124790278.56531285 58567552.833627336 -6914143.0075568268 -11.154789023955153 29.26130923346064 0.34435901635437749 1954.817241887185 -0.061920338134913405 0.10022135661498049 -0.086112245820238076 0
254 1 1 21859200 123802971.97212347 61084745.485161424 -6883257.5805281512 -11.698434875153069 29.005396970597442 0.37051987367439171 1954.4940488114946 -0.063638977161557447 0.099469573335883438 -0.088458137756744729 0
255 1 1 21945600 122768980.60908844 63579404.369495094 -6850127.9029492922 -12.235428478865765 28.739725713339197 0.39630818950650815 1954.167289609238 -0.065345477148224362 0.098697578119945534 -0.090762847942239891 0
256 1 1 22032000 121688886.02081986 66050694.487730414 -6814786.4345128676 -12.765613596039714 28.46448503762473 0.42171772871838997 1953.8369695605988 -0.067039383492991586 0.097905674323945396 -0.093024561116028068 0
257 1 1 22118400 120563283.00622731 68497797.286602005 -6777266.1571830483 -13.288839645523034 28.179866024621255 0.44674263613646564 1953.5031007018183 -0.068720231818925739 0.097094140758828842 -0.095241493258673371 0
258 1 1 22204800 119392779.1317569 70919910.781125396 -6737600.5425509447 -13.804961655082076 27.886061090165448 0.4713774322229195 1953.1657017255188 -0.070387545938125073 0.096263232876234422 -0.097411894879455438 0
259 1 1 22291200 118177994.24906327 73316249.662721902 -6695823.5195805822 -14.313840207831468 27.583263819142161 0.49561700836410105 1952.8247978684201 -0.072040835829887712 0.095413184273878543 -0.099534053827303071 0
260 1 1 22377600 116919560.01749714 75686045.393249467 -6651969.4427776402 -14.81534138436894 27.271668804873407 0.51945662179708985 1952.4804207879299 -0.073679595803954959 0.094544208293359536 -0.10160629820688717 0
261 1 1 22464000 115618119.43176799 78028546.285375848 -6606073.0608120654 -15.309336700904812 26.951471493577653 0.5428918901766191 1952.1326084281081 -0.075303302788614385 0.093656499990294517 -0.10362699966115986 0
262 1 1 22550400 114274326.35511453 80343017.569733068 -6558169.4856249522 -15.79570304367614 26.62286803393782 0.56591878580617339 1951.781404876227 -0.076911414992978197 0.092750237885493872 -0.10559457597743098 0
263 1 1 22636800 112888845.05829263 82628741.449296772 -6508294.16204747 -16.274322599921629 26.286055131808226 0.58853362955335875 1951.426860210963 -0.078503370406645234 0.091825586264973544 -0.10750749414839177 0
264 1 1 22723200 111462349.76466551 84885017.141434789 -6456482.8379586823 -16.745082785695075 25.941229910078395 0.61073308446546126 1951.0690303428887 -0.080078585944811959 0.090882697247868807 -0.10936427291759204 0
265 1 1 22809600 109995524.20165741 87111160.908070758 -6402771.5350073045 -17.207876170785497 25.588589773695833 0.63251414909879666 1950.7079768479416 -0.081636456320909115 0.08992171326871394 -0.11116348585122111 0
266 1 1 22896000 108489061.15881036 89306506.074408367 -6347196.519921707 -17.662600401005246 25.22833227984135 0.65387415058070397 1950.3437667945934 -0.083176353566545819 0.08894276938157103 -0.11290376366767849 0
267 1 1 22982400 106943662.05265906 91470403.036661074 -6289794.2764298562 -18.109158118101504 24.860655013237871 0.67481073742795172 1949.9764725655557 -0.084697626320102082 0.087945995908934996 -0.11458379689216569 0
268 1 1 23068800 105360036.49861963 93602219.259228587 -6230601.477809824 -18.547456877537716 24.48575546656058 0.69532187213752383 1949.6061716746804 -0.086199599724724726 0.08693152076940508 -0.11620233804627461 0
269 1 1 23155200 103738901.89006527 95701339.261760294 -6169654.9600896714 -18.977409064387647 24.103830925911183 0.71540582356327254 1949.2329465793512 -0.087681575213202675 0.085899472305066241 -0.11775820423145865 0
270 1 1 23241600 102080982.98474158 97767164.596540526 -6106991.6959145404 -19.398931807569436 23.715078361309953 0.73506115910335112 1948.8568844892038 -0.089142830650386362 0.084849981751924472 -0.11925027881137611 0
271 1 1 23328000 100387011.4986563 99799113.8166271 -6042648.7690960495 -19.811946892647054 23.31969432214396 0.75428673671582758 1948.4780771717114 -0.090582620638005845 0.083783185920608336 -0.12067751373737833 0
272 1 1 23414400 98657725.707556114 101796622.43516846 -5976663.3498586733 -20.216380673414871 22.917874837507917 0.77308169677768113 1948.0966207549848 -0.092000177062868102 0.082699229726300949 -0.12203893104612067 0
273 1 1 23500800 96893870.056088626 103759142.87631868 -5909072.6707953271 -20.612163982470076 22.509815321366858 0.79144545380642384 1947.7126155283379 -0.093394709690535718 0.081598268884154224 -0.12333362483417062 0
274 1 1 23587200 95096194.774727032 105686144.41816458 -5839914.0035437429 -20.999232040972075 22.095710482460927 0.8093776880620065 1947.3261657410662 -0.094765407101258525 0.080480472362288918 -0.12456076242447174 0
275 1 1 23673600 93265455.504519612 107577113.12807004 -5769224.6361925835 -21.377524367780964 21.675754238865764 0.82687833705180025 1946.9373794000528 -0.096111437720343015 0.079346024931615827 -0.12571958583472381 0
276 1 1 23760000 91402412.929710075 109431551.79083635 -5697041.8514255816 -21.746984688154118 21.250139637119009 0.8439475869452433 1946.5463680662506 -0.097431951017877674 0.078195129545821779 -0.12680941298149087 0
277 1 1 23846400 89507832.41825971 111248979.83006862 -5623402.9054104174 -22.107560842175857 20.819058775814895 0.86058586392519321 1946.1532466508208 -0.098726078910643708 0.077028009679317638 -0.12782963845050438 0
278 1 1 23932800 87582483.670286506 113028933.22313102 -5548345.0074369367 -22.459204693070074 20.382702733577656 0.87679382548993123 1945.758133211363 -0.099992936968280266 0.07584491183285387 -0.128779734459569 0
279 1 1 24019200 85627140.373926818 114770964.4110212 -5471905.2995726233 -22.801872047960249 19.941261525040865 0.89257236997201339 1945.3611485629699 -0.10123162941028388 0.074646105815045827 -0.12965925167190648 0
280 1 1 24105600 83642579.877177 116474642.18745241 -5394120.8477332108 -23.135522308047278 19.494923550206462 0.907922277318436 1944.9624206877656 -0.10243459045749341 0.07341903576040959 -0.13047768862866574 0
281 1 1 24192000 81629582.836946741 118139551.60896125 -5315028.6029180782 -23.46011989571458 19.043877594005316 0.92284592772487617 1944.5620621072451 -0.10364736216490954 0.072247223557710072 -0.13118355119506006 0
282 1 3 24223886.115330864 80879654.152991712 118744116.27859929 -5285516.385669414 -23.577619528525929 18.876266725728044 0.92824574317467035 1944.4138985829675 0 0 0 277
283 1 1 24278400 79588932.891815022 119765294.13782756 -5234665.4041791894 -23.775629652503593 18.588314377837527 0.93734141360125278 1944.1600577863749 -0.10469930879885718 0.071183229064578774 -0.13199303933638579 0
284 1 1 24364800 77521416.554515362 121351495.43036552 -5153057.9176479075 -24.0820229335521 18.128615862939231 0.95166727365228687 1943.7616071674411 -0.10574360839203618 0.070270981254828752 -0.13262196530038264 0
285 1 1 24451200 75427824.009829581 122897726.28832121 -5070329.4662842536 -24.379227404479092 17.662304442660741 0.96220346909875309 1943.2491147444412 -0.10492913520215855 -0.033300930693330524 -0.27278149689598857 0
286 1 1 24537600 73308951.360751763 124403355.39502743 -4986899.5767223332 -24.667221532120852 17.189602394973146 0.96900949084133403 1942.5897337377617 -0.10590005776774232 -0.032486215606155514 -0.27081236399058251 0
287 1 1 24624000 71165592.446007192 125867990.8433502 -4902882.8616791274 -24.946036767899237 16.713394477082211 0.97577155749446254 1941.9471522732408 -0.10690654809047614 -0.031622325627842021 -0.26864772858953345 0
288 1 1 24710400 68998541.000969842 127291328.57795435 -4818294.8117876239 -25.21565785498802 16.233666229351631 0.98223638398185786 1941.3085464164724 -0.10791460702740896 -0.030772789206459424 -0.26630483237428593 0
289 1 1 24796800 66808591.843454883 128673072.04882868 -4733160.7074219221 -25.476075053797839 15.750593521271943 0.98841326095630067 1940.6742427849947 -0.10892768531437004 -0.029928752450155041 -0.26378543417455491 0
290 1 1 24883200 64596540.500535876 130012939.84347452 -4647505.0262449002 -25.727281618197821 15.26435078855091 0.99431145489607065 1940.0445597407033 -0.10994297555004483 -0.029092892252400259 -0.26109405324320212 0
291 1 1 24969600 62363182.965484522 131310665.54064791 -4561351.450835282 -25.969273490091393 14.775110618546895 0.99994010174368142 1939.4198045343892 -0.11095784924367352 -0.028267333627362362 -0.25823541642080311 0
292 1 1 25056000 60109315.468571216 132565997.551926 -4474722.8804547153 -26.202049226672898 14.283043775337337 1.0053081949663927 1938.8002729595548 -0.11196962238851545 -0.027454063199443653 -0.25521450263739198 0
293 1 1 25142400 57835734.254919037 133778698.96396087 -4387641.4441077523 -26.425609912607417 13.788319195288615 1.0104245683441979 1938.186248915202 -0.11297556682431342 -0.026654922997699965 -0.25203652801523524 0
294 1 1 25228800 55543235.369804025 134948547.38051012 -4300128.5150468871 -26.639959075455117 13.291103986223742 1.0152978797197143 1937.5780040032528 -0.11397292160172323 -0.025871605334554581 -0.2487069315150563 0
295 1 1 25315200 53232614.45114173 136075334.7645092 -4212204.7266439628 -26.845102603904618 12.791563429206301 1.0199365956344162 1936.9757971612992 -0.11495890434165387 -0.025105648373483849 -0.24523135881362096 0
296 1 1 25401600 50904666.528916478 137158867.28040498 -4123889.9895493584 -27.041048668826896 12.289860982755414 1.0243489768752774 1936.3798743315899 -0.11593072254338023 -0.024358432383769564 -0.2416156470853516 0
297 1 1 25488000 48560185.831309624 138198965.13695082 -4035203.5100614084 -27.227807647153746 11.786158289288927 1.0285430649170917 1935.7904681652797 -0.11688558485616683 -0.023631177458033031 -0.23786580940999072 0
298 1 1 25574400 46199965.597282663 139195462.43064806 -3946163.8096275558 -27.405392048579081 11.280615183613207 1.0325266692870421 1935.207797762919 -0.11782071229218516 -0.02292494134201668 -0.23398801862775603 0
299 1 1 25660800 43824797.895372026 140148206.99000308 -3856788.7453970187 -27.573816445063269 10.773389703282627 1.0363073558570279 1934.6320684514244 -0.1187333489544275 -0.022240618692598732 -0.2299885915292397 0
300 1 1 25747200 41435473.448454633 141057060.22075415 -3767095.5317450762 -27.733097403119256 10.264638100657855 1.0398924360624489 1934.0634715974106 -0.11962077282959638 -0.021578940422628454 -0.22587397277823285 0
301 1 1 25833600 39032781.464244165 141921896.95220682 -3677100.762688667 -27.883253418859542 9.7545148564880026 1.0432889570495543 1933.5021844567193 -0.12048030628824337 -0.02094047480954956 -0.22165071903577713 0
302 1 1 25920000 36617509.47128161 142742605.2848033 -3586820.4351130696 -28.024304855759059 9.2431726948561899 1.0465036927558833 1932.9483700605726 -0.1213093259390961 -0.020325628303827246 -0.21732548274632363 0
303 1 1 26006400 34190443.160187356 143519086.43903658 -3496269.9727292662 -28.156273885098834 8.7307625993460221 1.0495431359088079 1932.4021771376531 -0.12210527266500776 -0.019734647654440964 -0.21290499679644015 0
304 1 1 26092800 31752366.229944445 144251254.6058085 -3405464.2506829798 -28.279184429041237 8.2174338302683001 1.0524134909506682 1931.8637400725358 -0.12286566066348985 -0.019167622551189836 -0.20839605804568231 0
305 1 1 26179200 29304060.23898869 144939036.79831633 -3314417.6207353259 -28.39306210628455 7.7033339428083671 1.0551206678662275 1931.3331788995843 -0.12358808666247345 -0.018624489015989069 -0.20380551284011758 0
306 1 1 26265600 26846304.460884426 145582372.70554346 -3223143.9369382458 -28.497934180242524 7.1886088059643853 1.0576702769189057 1930.8105993326726 -0.12427023818062113 -0.018105033101357217 -0.19914024034463698 0
307 1 1 26352000 24379875.744370982 146181214.54741478 -3131656.5817252332 -28.593829509687879 6.6734026221469502 1.060067624278324 1930.2960928301754 -0.12490990181153604 -0.017608895516363503 -0.19440713871803811 0
308 1 1 26438400 21905548.377569076 146735526.93167019 -3039968.4923432809 -28.680778501796336 6.1578579473136665 1.0623177085081421 1929.7897366940565 -0.12550497054062096 -0.017135576601236758 -0.18961310954869906 0
309 1 1 26524800 19424093.956143267 147245286.71249622 -2948092.1875498844 -28.758813067518528 5.6421157115321652 1.0644252179328859 1929.2915942042246 -0.12605345084907185 -0.016684441692219665 -0.18476504340479799 0
310 1 1 26611200 16936281.255221955 147710482.85094988 -2856039.7945013302 -28.827966579217136 5.1263152398590046 1.0663945288396255 1928.8017147863086 -0.12655346926872871 -0.016254727204890532 -0.17986980584481976 0
311 1 1 26697600 14442876.104882237 148131116.27719522 -2763823.0757608935 -28.888273830497972 4.6105942734286041 1.0682297044990794 1928.3201342123882 -0.12700327846235121 -0.015845547020804717 -0.17493422355749658 0
312 1 1 26784000 11944641.269013459 148507199.75456804 -2671453.456356375 -28.939770998151644 4.0950889906671053 1.069934495001567 1927.846874834971 -0.12740126237837981 -0.015455899017329732 -0.16996507053753393 0
313 1 1 26870400 9442336.3273804914 148838757.74547616 -2578942.0508176191 -28.982495606137022 3.5799340285329491 1.0715123378751528 1927.3819458528544 -0.1277459414818132 -0.015084672491337716 -0.16496905540938275 0
314 1 1 26956800 6936717.560713117 149125826.27913228 -2486299.6901280051 -29.016486491532198 3.0652625037068648 1.0729663594591856 1926.9253436078727 -0.12803597690593907 -0.014730655151750207 -0.159952808579327 0
315 1 1 27043200 4428537.8386554532 149368452.82111341 -2393536.9485248649 -29.04178377236742 2.5512060336543483 1.0742993770238931 1926.4770519124961 -0.12827017429968851 -0.014392541122296487 -0.15492286989710438 0
316 1 1 27129600 1918546.5104159161 149566696.14473099 -2300664.1700856211 -29.058428817266243 2.0378947574847213 1.0755139016051467 1926.0370424069565 -0.12844748702695669 -0.014068938607937681 -0.14988567690314622 0
317 1 1 27216000 -592510.70203518018 149720626.20419353 -2207691.495039064 -29.066464216819799 1.5254573565495684 1.0766121415292622 1925.6052749447963 -0.12856701905341736 -0.013758378043810486 -0.1448475534078483 0
318 1 1 27302400 -3103891.8083668067 149830324.00953391 -2114628.8857431393 -29.065933756613191 1.0140210747172271 1.0775960066029036 1925.1816980058272 -0.12862802693731037 -0.013459320248546607 -0.13981469861751797 0
319 1 1 27388800 -5614858.6520261485 149895881.50327399 -2021486.1522727844 -29.056882391820238 0.50371173826700399 1.0784671129476557 1924.7662491356496 -0.12862992144324822 -0.013170164944180994 -0.13479317643758251 0
320 1 1 27475200 -8124677.0102478722 149917401.43878841 -1928272.9775632063 -29.039356223299933 -0.0053462246423901516 1.0792267884481308 1924.3588554098535 -0.1285722688478077 -0.012889259007787944 -0.12978890569268667 0
321 1 1 27561600 -10632616.692060133 149894997.26033214 -1834998.9420569481 -29.013402475112478 -0.51302976497601294 1.0798760787905597 1923.959433921681 -0.12845479133038706 -0.012614905199237848 -0.12480765023175615 0
322 1 1 27648000 -13137951.634406367 149828792.98468578 -1741673.5478042925 -28.97906947337718 -1.0192171943318671 1.0804157540708492 1923.5678922917662 -0.12827736718054711 -0.012345370344703292 -0.11985500988491601 0
323 1 1 27734400 -15639959.996496126 149718923.08437672 -1648306.2419695288 -28.936406626407752 -1.5237881669963618 1.0808463159356003 1923.1841291973715 -0.12804003054301594 -0.012078894309898107 -0.11493641183419447 0
324 1 1 27820800 -18137924.25249175 149565532.37242508 -1554906.4396978263 -28.885464406039826 -2.0266236625772276 1.0811680052404213 1922.8080349198624 -0.12774297023940229 -0.011813698193698043 -0.1100571020963496 0
325 1 1 27907200 -20631131.282630824 149368775.88856515 -1461483.5462988447 -28.826294330088167 -2.5276059692306068 1.0813808102011784 1922.4394919079202 -0.12738652889030277 -0.011547992898721696 -0.10522213770530646 0
326 1 1 27993600 -23118872.462879416 149128818.78688893 -1368046.978705877 -28.758948945863175 -3.0266186675128615 1.0814844750103045 1922.0783753539006 -0.1269712008267396 -0.011279987498270413 -0.10043637914531413 0
327 1 1 28080000 -25600443.753204178 148845836.22485712 -1274606.1861712206 -28.683481814677211 -3.5235466148726404 1.0814785088954997 1921.7245537807469 -0.12649763029899339 -0.011007897552075603 -0.095704483286738654 0
328 1 1 28166400 -28075145.784546509 148520013.25362238 -1181170.6701605513 -28.599947497277661 -4.0182759307962472 1.0813621956006259 1921.3778896365054 -0.12596660865030246 -0.010729953194595054 -0.091030896472942865 0
329 1 1 28252800 -30542283.94457547 148151544.70960674 -1087750.0034107168 -28.508401540138681 -4.5106939826199035 1.0811346032640377 1921.0382398933104 -0.12537907160717657 -0.010444407272422835 -0.086419848247294609 0
330 1 1 28339200 -33001168.462291602 147740635.10727632 -994353.84811748099 -28.408900462557142 -5.000689372013829 1.0807945946817166 1920.7054566473835 -0.12473609595774909 -0.01014954302345533 -0.081875344816734058 0
331 1 1 28425600 -35451114.491548203 147287498.53305456 -900991.9732206706 -28.301501744488334 -5.4881519221442998 1.0803408379273824 1920.3793877163005 -0.12403889597794639 -0.0098436819185561998 -0.077401163677425333 0
332 1 1 28512000 -37891442.193551525 146792358.54031426 -807674.27075723803 -28.186263815066134 -5.9729726655180935 1.0797718173128941 1920.0598772296069 -0.12328881951216304 -0.0095251910483720482 -0.073000847579629227 0
333 1 1 28598400 -40321476.818396889 146255448.04539236 -714410.77125281538 -28.063246041757143 -6.455043832504848 1.0790858446761238 1919.7467662086301 -0.12248734393103877 -0.0091924904078511584 -0.068677699489201938 0
334 1 1 28684800 -42740548.785692923 145677009.22456512 -621211.65812469879 -27.932508720088673 -6.9342588405328973 1.0782810709801431 1919.4398931314799 -0.12163607136971015 -0.0088440597893109062 -0.064434777005693347 0
335 1 1 28771200 -45147993.764321543 145057293.41192955 -528087.28106951178 -27.794113063904277 -7.4105122839559998 1.0773554982081834 1919.1390944786424 -0.12073672427864041 -0.008478445696194362 -0.060274887767225997 0
336 1 1 28857600 -47543152.75137683 144396560.99813038 -435048.16841124196 -27.648121196101183 -7.8836999245825119 1.0763069915372716 1918.8442052544699 -0.1197911402398134 -0.0080942677042269272 -0.056200584340124857 0
337 1 1 28944000 -49925372.150323018 143695081.329878 -342105.03838539514 -27.494596139798841 -8.3537186828532022 1.0751332917865184 1918.5550594804627 -0.11880126688372031 -0.0076902246872245219 -0.05221415963870598 0
338 1 1 29030400 -52294003.84840627 142953132.61020079 -249268.80933650376 -27.333601809900809 -8.8204666296565293 1.0738320281221154 1918.2714906554422 -0.11776915645396084 -0.0072651006290060842 -0.04831764230867916 0
339 1 1 29116800 -54648405.293353133 142171001.79937735 -156550.60880711599 -27.165203005003921 -9.283842978767499 1.0724007310097969 1917.9933321784824 -0.11669696015350918 -0.0068177702359677938 -0.044512792347506561 0
340 1 1 29203200 -56987939.569383197 141348984.51649633 -63961.781497378477 -26.989465399614634 -9.7437480798886043 1.0708368454056487 1917.7204177304832 -0.11558692229500347 -0.0063472039013368949 -0.040801096674725763 0
341 1 1 29289600 -59311975.472561426 140487384.94159102 28486.10392499404 -26.806455536638428 -10.200083412278079 1.0691377441732117 1917.4525816102957 -0.1144413743929629 -0.0058524727302764687 -0.037183765047362774 0
342 1 1 29376000 -61619887.58551199 139586515.7183013 120781.24918333688 -26.616240820103208 -10.652751578941549 1.0673007417172422 1917.1896590220442 -0.11326272884913094 -0.0053327526187884403 -0.033661725849426984 0
343 1 1 29462400 -63911056.351512112 138646697.85701329 212911.62193770584 -26.418889508082646 -11.10165630136188 1.0653231078243788 1916.9314863106083 -0.11205347269517937 -0.0047873283618271147 -0.030235622251768852 0
344 1 1 29548800 -66184868.14798221 137668260.63843143 304864.95253459585 -26.214470705790745 -11.546702414745203 1.0632020816915193 1916.6779011424551 -0.11081616106857997 -0.0042155969363633361 -0.026905808594010105 0
345 1 1 29635200 -68440715.359385416 136651541.51754096 396628.73197641695 -26.003054358808264 -11.987795863747962 1.0609348861311596 1916.428742630422 -0.10955341032778113 -0.0036170703766411766 -0.023672346860561005 0
346 1 1 29721600 -70677996.449546635 135596886.02791974 488190.21112540254 -25.78471124642045 -12.424843698663304 1.0585187419365703 1916.1838514007984 -0.10826789150593742 -0.0029913782911869984 -0.020535003624272855 0
347 1 1 29808000 -72896116.033399925 134504647.68635988 579536.40115472197 -25.559512975032774 -12.857754072028133 1.0559508823837078 1915.9430696025349 -0.10696232291055117 -0.0023382693814575019 -0.017493247351207414 0
348 1 1 29894400 -75094484.948168933 133375187.89776751 670654.07525747677 -25.327531971635413 -13.286436235616904 1.0532285678408595 1915.7062408590543 -0.1056394631611909 -0.0016576127618835508 -0.014546246410836719 0
349 1 1 29980800 -77272520.32398425 132208875.86030464 761529.77162166475 -25.088841477299837 -13.710800537786309 1.0503491004614385 1915.473210163595 -0.10430210375177566 -0.00094939820909633384 -0.0116928673374239 0
350 1 1 30067200 -79429645.653939351 131006088.47074869 852149.79767701088 -24.843515540671774 -14.130758421128871 1.0473098389224225 1915.2438237208019 -0.10295306136345032 -0.00021373600971720126 -0.0089316743215964479 0
351 1 1 30153600 -81565290.863583043 129767210.23004146 942500.2356152687 -24.59162901144968 -14.5462224204012 1.0441082131580417 1915.0179287370383 -0.10159517050336404 0.00054914402906966226 -0.0062609294696026642 0
352 1 1 30240000 -83678892.379847482 128492633.14900759 1032566.9491817879 -24.33325753381958 -14.957106160674321 1.0407417390450187 1914.795373163907 -0.10023127521384739 0.0013388946105175074 -0.0036785941174771199 0
353 1 1 30326400 -85769893.199405923 127182756.65422463 1122335.5917317851 -24.068477539825697 -15.363324355665815 1.0372080329823978 1914.5760053999145 -0.098864221387074125 0.0021550534072074814 -0.0011823314476329002 0
354 1 1 30412800 -87837742.956454873 125837987.49403086 1211791.6155392732 -23.797366242669245 -15.764792806208437 1.0335048262955506 1914.3596739555724 -0.097496848548625781 0.002997046731449932 0.0012304892681594484 0
355 1 1 30499200 -89881897.989913121 124458739.64466143 1300920.2823401697 -23.520001629910585 -16.161428398808074 1.0296299793889352 1914.1462270889624 -0.096131981622201587 0.0038641937179869474 0.0035627868728630831 0
356 1 1 30585600 -91901821.410028532 123045434.21650665 1389706.675084515 -23.236462456563135 -16.553149104244277 1.0255814955672384 1913.9355124190174 -0.094772422585569963 0.0047557117184778251 0.0058177606582054502 0
357 1 1 30672000 -93896983.164384037 121598499.36049132 1478135.7108652301 -22.946828238074669 -16.939873976165927 1.0213575344332619 1913.7273765241207 -0.093420942355424239 0.0056707222444320185 0.0079988806767551188 0
358 1 1 30758400 -95866860.103291318 120118370.17457719 1566192.154982683 -22.651179243183243 -17.321523149634235 1.016956424765284 1913.5216645347114 -0.092080272224794715 0.0066082581256588016 0.010109875911827586 0
359 1 1 30844800 -97810936.044561625 118605488.61039513 1653860.6360956666 -22.349596486643087 -17.698017839574366 1.0123766767698159 1913.3182197286835 -0.090753095828391347 0.0075672708923805766 0.012154720128494745 0
360 1 1 30931200 -99728701.837643147 117060303.38001603 1741125.6624001106 -22.042161721829274 -18.069280339096178 1.0076169936014823 1913.1168831380992 -0.089442041101787634 0.0085466393923346734 0.014137615402706626 0
361 1 1 31017600 -101619655.42711386 115483269.86287466 1827971.6387676594 -21.728957433217655 -18.435234017643989 1.0026762820446047 1912.9174931764542 -0.08814967234700033 0.0095451786444535648 0.016062973406816665 0
362 1 1 31104000 -103483301.91551943 113874850.01286083 1914382.884766967 -21.410066828748526 -18.795803318949616 0.99755366224569197 1912.7198852951924 -0.086878482698812154 0.010561649397304904 0.017935394191914172 0
363 1 1 31190400 -105319153.62554716 112235512.26559773 2000343.6534811077 -21.085573832094781 -19.150913758763735 0.99224847639483738 1912.5238916773103 -0.085630887158674701 0.011594767864830295 0.019759643068704782 0
364 1 1 31276800 -107126730.16152839 110565731.44592586 2085838.1510263861 -20.755563074849064 -19.500491922348054 0.9867602962644032 1912.3293409756716 -0.084409215805647947 0.012643215869313081 0.021540625399041332 0
365 1 1 31363200 -108905558.47026281 108865988.67561436 2170850.5566697428 -20.420119888650586 -19.84446546172391 0.98108892951256121 1912.136058102785 -0.08321570780477569 0.013705650660611409 0.02328335955461619 0
366 1 1 31449600 -110655172.90116148 107136771.28132068 2255365.0434349906 -20.079330297283558 -20.182763092676979 0.97523442468766863 1911.9438640771857 -0.082052506012412638 0.014780714948705351 0.024992948900727487 0
367 1 1 31536000 -112375115.2657066 105378572.70281906 2339365.7990834834 -19.733281008781447 -20.515314591529815 0.96919707488198437 1911.7525759303296 -0.080921652480099832 0.015867046157060638 0.026674552549928381 0
368 1 1 31622400 -114064934.89623101 103591892.40151758 2422837.0473507755 -19.382059407568615 -20.842050791701492 0.96297742000230102 1911.5620066766828 -0.079825084463690632 0.01696328556555337 0.028333355975637443 0
369 1 1 31708800 -115724188.70402129 101777235.76928012 2505763.0693195006 -19.025753546678953 -21.162903580087903 0.95657624765188454 1911.371965347807 -0.078764631639852825 0.018068086125202408 0.029974541529538587 0
370 1 1 31795200 -117352441.23675399 99935114.037567377 2588128.2248088853 -18.664452140099879 -21.477805893300332 0.94999459263992969 1911.182257089165 -0.077742014146054833 0.019180120014732471 0.031603259803786157 0
371 1 1 31881600 -118949264.7352768 98066044.186908066 2669916.9736642032 -18.298244555276288 -21.786691713802998 0.94323373516469433 1910.992683317249 -0.076758841343595147 0.020298084695867979 0.033224602154900577 0
372 1 1 31968000 -120514239.18975076 96170548.856705591 2751113.8968342277 -17.92722080582017 -22.089496066010035 0.936295197736425 1910.8030419325878 -0.07581661180779542 0.021420708037257142 0.034843574982150113 0
373 1 1 32054400 -122046952.39517303 94249156.255381972 2831703.7171316021 -17.551471544474509 -22.386155012396991 0.92918074093113712 1910.6131275824198 -0.074916714145554703 0.022546752090636842 0.036465076249617374 0
374 1 1 32140800 -123547000.0063042 92302400.070854858 2911671.3195800027 -17.171088056365925 -22.676605649682426 0.92189235809488401 1910.4227319657887 -0.07406042850617317 0.023675015970724109 0.038093874930234001 0
375 1 1 32227200 -125013985.59202649 90330819.381339431 2991001.7712629368 -16.786162252581978 -22.960786105142848 0.9144322691219271 1910.2316441728519 -0.073248928981055811 0.024804337128737534 0.039734592971219278 0
376 1 1 32313600 -126447520.68916181 88334958.56646055 3069680.3405999825 -16.396786664112913 -23.238635533121737 0.90680291345201325 1910.0396510489063 -0.072483286807994082 0.025933591856861459 0.041391691057674609 0
377 1 1 32400000 -127847224.85578416 86315367.218656331 3147692.5159901162 -16.003054436185778 -23.510094111786838 0.89900694244617074 1909.8465375733383 -0.071764474021118171 0.027061694489613004 0.043069457464578673 0
378 1 1 32486400 -129212725.72405949 84272600.054848954 3225024.0237747538 -15.605059323010263 -23.775103040187052 0.89104721128970499 1909.6520872440149 -0.07109336758651065 0.028187595999827484 0.044772000354161512 0
379 1 1 32572800 -130543659.05265047 82207216.8283557 3301660.8454864984 -15.20289568296108 -24.033604535657499 0.88292677058065072 1909.4560824572959 -0.070470754138442157 0.029310281464394291 0.046503243465180533 0
380 1 1 32659200 -131839668.77872442 80119782.241007119 3377589.2343629156 -14.796658474207707 -24.285541831609208 0.87464885775145385 1909.2583048747351 -0.069897334695333907 0.030428767443559844 0.048266924842744099 0
381 1 1 32745600 -133100407.06960273 78010865.855438665 3452795.7311170371 -14.386443250795629 -24.530859175733539 0.86621688846529776 1909.0585357683565 -0.069373729708125692 0.031542098529816529 0.05006659861860463 0
382 1 1 32832000 -134325534.37409204 75881042.007518664 3527267.1789677865 -13.972346159185756 -24.769501828650498 0.8576344481044218 1908.8565563375344 -0.068900484158695721 0.032649343933210125 0.051905638863231233 0
383 1 1 32918400 -135514719.4735356 73730889.718873397 3600990.7379428237 -13.554463935246194 -25.001416063012432 0.84890528345986227 1908.6521479916589 -0.068478072539988707 0.033749593929963184 0.053787246053692443 0
384 1 1 33004800 -136667639.53262424 71560992.609469101 3673953.8984755031 -13.132893901687673 -25.226549163074356 0.84003329471044907 1908.4450925942942 -0.068106903765853322 0.034841956446287313 0.055714454685918277 0
385 1 1 33091200 -137783980.1500043 69371938.810211688 3746144.4943234413 -12.707733965934707 -25.444849424733444 0.83102252775251295 1908.2351726658671 -0.067787325977012078 0.035925553860959199 0.05769014238388142 0
386 1 1 33177600 -138863435.40872017 67164320.875521988 3817550.7148413388 -12.279082618411879 -25.656266156034597 0.82187716692502766 1908.0221715436319 -0.067519630840793557 0.036999520208350886 0.059717039364549508 0
387 1 1 33264000 -139905707.92652598 64938735.695847765 3888161.1166429734 -11.847038931229587 -25.860749678136571 0.81260152814814279 1907.8058734989584 -0.067304057913585943 0.038062998715190227 0.061797738290147348 0
388 1 1 33350400 -140910508.90610006 62695784.410072774 3957964.6346885269 -11.411702557253548 -26.058251326728495 0.80320005248066484 1907.5860638129841 -0.067140798513633457 0.039115139947265634 0.063934703850700506 0
389 1 1 33436800 -141877558.18519482 60436072.317784406 4026950.5928326682 -10.97317372952992 -26.248723453880444 0.79367730007460757 1907.3625288133842 -0.06702999921787757 0.040155100531668764 0.066130281589875523 0
390 1 1 33523200 -142806584.28675216 58160208.791363254 4095108.7138659414 -10.531553261044158 -26.432119430317474 0.78403794448242592 1907.1350558761299 -0.0669717651142262 0.041182042278945008 0.068386705520524213 0
391 1 1 33609600 -143697324.46901059 55868807.187858053 4162429.129077842 -10.086942544796406 -26.60839364810526 0.77428676727138401 1906.9034333963555 -0.066966162865530518 0.042195131942803367 0.070706104804278094 0
392 1 1 33696000 -144549524.77563286 53562484.760611735 4228902.3873654911 -9.6394435541650054 -26.777501523728716 0.76442865287329598 1906.6674507338321 -0.067013223152887477 0.043193541599084943 0.073090508179336738 0
393 1 1 33782400 -145362940.08587551 51241862.570604682 4294519.463904242 -9.1891588435333418 -26.939399501555087 0.75446858358327828 1906.4268981392904 -0.06711294307900334 0.044176449313226007 0.075541846850163671 0
394 1 1 33868800 -146137334.16482401 48907565.397482693 4359271.768389957 -8.7361915491620454 -27.094045057671185 0.74441163463085591 1906.1815666673933 -0.067265288229992018 0.045143040433464163 0.078061955385756734 0
395 1 1 33955200 -146872479.71371198 46560221.650237225 4423151.1528548962 -8.2806453902825421 -27.241396704088707 0.73426296922004342 1905.931248083383 -0.067470194509249098 0.046092509027697209 0.080652570107560578 0
396 1 1 34041600 -147568158.42034516 44200463.277506858 4486149.9190501804 -7.8226246703878646 -27.381413993312602 0.72402783344269461 1905.6757347701532 -0.067727569640265065 0.047024059861064615 0.083315325692278258 0
397 1 1 34128000 -148224161.00964338 41828925.677468307 4548260.8253796976 -7.3622342786976258 -27.514057523269969 0.71371155096118966 1905.4148196427057 -0.068037294526964651 0.047936910405142134 0.086051748994263252 0
398 1 1 34214400 -148840287.29431599 39446247.607285708 4609477.0933609698 -6.8995796917815735 -27.639288942609177 0.70331951736461251 1905.1482960766575 -0.06839922457348116 0.048830292904528387 0.088863251390184764 0
399 1 1 34300800 -149416346.22568479 37053071.092086002 4669792.4135812437 -6.4347669753198007 -27.757070956370082 0.69285719410883073 1904.8759578569861 -0.068813190656473566 0.049703456778401059 0.091751118585218019 0
400 1 1 34387200 -149952155.9446629 34650041.333428279 4729200.9511083318 -5.9679027859709368 -27.867367332032213 0.68233010194146282 1904.5975991537371 -0.069278999848810807 0.050555670806575755 0.094716498670944296 0
401 1 1 34473600 -150447543.8328988 32237806.617233314 4787697.3503083894 -5.4990943733349136 -27.970142905964934 0.67174381373712422 1904.3130145301686 -0.069796436372832268 0.051386225013782871 0.097760388569472612 0
402 1 1 34560000 -150902346.56409523 29817018.221137926 4845276.7390166838 -5.0284495819920689 -28.065363590289106 0.66110394667332673 1904.0219989882887 -0.07036526215741111 0.052194432821706514 0.10088361900686887 0
403 1 1 34646400 -151316410.15550449 27388330.321238503 4901934.732001544 -4.556076853587844 -28.15299638016619 0.65041615368363437 1903.7243480566626 -0.070985217209576693 0.052979632634171478 0.10408683819115951 0
404 1 1 34732800 -151689590.01960632 24952399.898184888 4957667.4336570166 -4.0820852289480687 -28.23300936154628 0.63968611414622889 1903.4198579241699 -0.071656020168303802 0.053741189119724378 0.10737049489416263 0
405 1 1 34819200 -152021751.01596919 22509886.64258451 5012471.4398569465 -3.6065843502044697 -28.305371719389818 0.62891952377794103 1903.1083256224983 -0.072377368519641536 0.054478494463874184 0.11073482077878405 0
406 1 1 34905600 -152312767.50329384 20061452.859674744 5066343.8389006797 -3.1296844629013063 -28.370053746393545 0.61812208371194677 1902.7895492599851 -0.073148938701282695 0.055190968763890944 0.11417981254378379 0
407 1 1 34992000 -152562523.39163822 17607763.373218514 5119282.2114798427 -2.6514964180624929 -28.427026852246104 0.60729948876104611 1902.463328307967 -0.073970386197264301 0.055878060526150471 0.11770521428924068 0
408 1 1 35078400 -152770912.19481802 15149485.428576495 5171284.6295964746 -2.1721316741977268 -28.476263573437915 0.59645741488522341 1902.1294639397511 -0.074841345520911234 0.056539246324918947 0.12131050042528521 0
409 1 1 35164800 -152937837.08297676 12687288.594906729 5222349.6543649286 -1.691702299218258 -28.517737583654963 0.58560150588908888 1901.7877594220547 -0.075761429930244248 0.057174030375422832 0.12499485916756924 0
410 1 1 35251200 -153063210.93531695 10221844.666440153 5272476.332632618 -1.210320972236923 -28.551423704779825 0.57473735939388593 1901.43802055744 -0.076730231191438417 0.057781943449172618 0.12875717737398018 0
411 1 1 35337600 -153146956.39298072 7753827.5627784301 5321664.192359711 -0.72810098522602273 -28.57729791852686 0.56387051214747785 1901.0800561753451 -0.077747319071225507 0.058362541582264282 0.13259602674004642 0
412 1 1 35424000 -153189005.91206628 5283913.2281581955 5369913.2367033223 -0.24515624450475731 -28.595337378737245 0.55300642473801631 1900.7136786689048 -0.078812240829482003 0.058915404142541927 0.13650965152365677 0
413 1 1 35510400 -153189301.81676468 2812779.5296237394 5417223.9367581466 0.23839872797371167 -28.605520424352154 0.54215046579489712 1900.3387045736872 -0.079924520401435731 0.059440131958177843 0.14049595833570971 0
414 1 1 35596800 -153147796.3525981 341106.15404902236 5463597.2229132056 0.72244879356716352 -28.607826593081398 0.53130789576771831 1899.9549551839541 -0.081083657548974702 0.059936344807567481 0.14455250780440515 0
415 1 1 35683200 -153064451.73973775 -2130425.4960523103 5509034.4747923966 1.2068781961493122 -28.602236635792089 0.52048385038475475 1899.5622572014424 -0.082289126849290212 0.060403678725819157 0.14867650872956131 0
416 1 1 35769600 -152939240.2263791 -4601132.4079913953 5553537.5097557222 1.6915705616058656 -28.588732531622423 0.50968332389082627 1899.1604434112755 -0.083540376566391364 0.06084178331362472 0.15286481409436897 0
417 1 1 35856000 -152772144.14214575 -7070330.0657062754 5597108.5699464837 2.1764088976578497 -28.567297503836514 0.49891115217233128 1898.7493533794368 -0.084836827190905142 0.061250318521816963 0.15711391985946274 0
418 1 1 35942400 -152563155.95149347 -9537332.5579662193 5639750.3078796221 2.6612755940439263 -28.537916036424846 0.48817199587758359 1898.328834165841 -0.086177870039430823 0.061628951779888703 0.16141996564354305 0
419 1 1 36028800 -152312278.30708253 -12001452.688042559 5681465.7705752123 3.146052423094615 -28.500573891455723 0.47747032364088565 1897.8987410469872 -0.08756286551101379 0.06197735458345785 0.16577873819726954 0
420 1 1 36115200 -152019524.10308114 -14462002.084911313 5722258.3822511435 3.6306205407299159 -28.455258127178009 0.46681039552139397 1897.4589382419367 -0.088991141460443388 0.062295199589936866 0.1701856768161982 0
421 1 1 36201600 -151684916.52836478 -16918291.316052046 5762131.9255976081 4.1148604879171771 -28.401957116869262 0.45619624675266629 1897.0092996360061 -0.090461991047160184 0.062582157367702784 0.17463588098897664 0
422 1 1 36288000 -151308489.1195662 -19369630.001907412 5801090.5216646781 4.5986521926260595 -28.340660568427602 0.44563167190637065 1896.549709496365 -0.091974670727290167 0.062837893493297492 0.17912412019735166 0
423 1 1 36374400 -150890285.81393647 -21815326.93206707 5839138.6084029935 5.0818749723058385 -28.271359544694945 0.43512020956422842 1896.0800631737918 -0.093528398133585863 0.063062065650029225 0.18364484557830008 0
424 1 1 36460800 -150430361.00196567 -24254690.183238804 5876280.917905122 5.5644075369269848 -28.194046484499598 0.42466512758338243 1895.6002677856609 -0.095122349526375119 0.06325432105639546 0.18819220335090867 0
425 1 1 36547200 -149928779.57971692 -26687027.239068083 5912522.452402343 6.0461279926195299 -28.108715224400807 0.4142694090339834 1895.1102428753568 -0.096755657467917713 0.063414294043712696 0.19276004982672504 0
426 1 1 36633600 -149385617.00081858 -29111645.111866236 5947868.4590783184 6.5269138459351534 -28.015361021122725 0.40393573888804896 1894.6099210434102 -0.098427408275338982 0.063541603773419331 0.19734196812670449 0
427 1 1 36720000 -148800959.32805955 -31527850.466305848 5982324.4037675811 7.0066420087727863 -27.913980574650409 0.39366649152413125 1894.0992485464553 -0.10013663924984803 0.063635852607964769 0.20193128589282638 0
428 1 1 36806400 -148174903.28453043 -33934949.745139286 6015895.9436115082 7.4851888039963894 -27.80457205196614 0.38346371910094434 1893.5781858606329 -0.10188233607876082 0.06369662437239329 0.20652109425475557 0
429 1 1 36892800 -147507556.30424678 -36332249.296995141 6048588.8987496775 7.9624299717728038 -27.687135111404391 0.37332914086516739 1893.0467082056855 -0.10366343003565291 0.063723483255082786 0.21110426812752223 0
430 1 1 36979200 -146799036.58219394 -38719055.506304346 6080409.2231292333 8.4382406766672649 -27.561670927594299 0.36326413342828767 1892.5048060275585 -0.10547879503603176 0.063715972875777724 0.21567348665612865 0
431 1 1 37065600 -146049473.1237241 -41094674.92540586 6111362.9745173007 8.9124955155152765 -27.428182216961524 0.35326972205537061 1891.9524854367676 -0.10732724512583763 0.063673615888410334 0.22022125519092947 0
432 1 1 37152000 -145259005.79323924 -43458414.408878721 6141456.2838061219 9.3850685261046181 -27.286673263757709 0.34334657300277638 1891.3897686005259 -0.10920753130821517 0.06359591380447846 0.224739927164613 0
433 1 1 37238400 -144427785.36208755 -45809581.250144534 6170695.3237021714 9.8558331966963326 -27.137149946585971 0.33349498693022134 1890.8166940871486 -0.11111833897435401 0.063482347344136658 0.22922172702468899 0
434 1 1 37324800 -143555973.55560082 -48147483.320382118 6199086.2768934546 10.324662476399032 -26.979619765388744 0.32371489340712933 1890.2333171613509 -0.11305828516145516 0.063332377011652174 0.2336587728375826 0
435 1 1 37411200 -142643743.09919715 -50471429.209792785 6226635.3037900981 10.791428786428874 -26.814091868863137 0.31400584653987679 1889.639710029257 -0.11502591579212031 0.063145444227205152 0.2380431001323271 0
436 1 1 37497600 -141691277.76347181 -52780728.371251211 6253348.509936288 11.256004032275269 -26.640577082267662 0.30436702172957231 1889.0359620325635 -0.11701970315098754 0.062920972688457755 0.24236668478285883 0
437 1 1 37584000 -140698772.40819731 -55074691.266374215 6279231.9131908892 11.718259616785463 -26.459087935580289 0.29479721356897992 1888.4221797912733 -0.11903804357874283 0.06265837038143432 0.24662146705425858 0
438 1 1 37670400 -139666433.02515316 -57352629.514036864 6304291.4107763888 12.178066454191542 -26.269638691976652 0.28529483489316088 1887.7984872946117 -0.12107925502250709 0.062357031473746896 0.25079937484640413 0
439 1 1 37756800 -138594476.77970088 -59613856.041361064 6328532.7462951951 12.635294985098399 -26.072245376586938 0.27585791697586887 1887.1650259405833 -0.12314157496742902 0.062016339187760304 0.25489234731468946 0
440 1 1 37843200 -137483132.05102372 -61857685.237199366 6351961.4768129326 13.089815192437785 -25.866925805489476 0.26648411088484475 1886.5219545235814 -0.12522315868652595 0.061635668542135633 0.25889235837641522 0
441 1 1 37929600 -136332638.47094518 -64083433.108133025 6374582.9401087957 13.541496618403819 -25.653699614908433 0.25717068999143733 1885.869449170601 -0.12732207748471933 0.06121438970096995 0.2627914399634132 0
442 1 1 38016000 -135143246.96124086 -66290417.436999612 6396402.2221922558 13.990208382384361 -25.43258829057201 0.24791455362576931 1885.2077032267425 -0.12943631727099394 0.060751871553979667 0.26658170496476669 0
443 1 1 38102400 -133915219.76935872 -68477957.943963215 6417424.1251848498 14.435819199893929 -25.203615197192317 0.23871223187144699 1884.5369270905408 -0.13156377742528463 0.060247485692164621 0.27025537001186423 0
444 1 1 38188800 -132648830.50245953 -70645376.450135246 6437653.1356653217 14.878197402506842 -24.966805608029919 0.22955989149666076 1883.8573479994632 -0.13370227021629455 0.059700610539616013 0.27380477803621578 0
445 1 1 38275200 -131344364.15969187 -72791997.043751985 6457093.3935758658 15.317210958802795 -24.722186734502824 0.22045334300645766 1883.1692097667535 -0.13584952000986841 0.059110635933496719 0.27722242022364479 0
446 1 1 38361600 -130002117.16261359 -74917146.248910859 6475748.6617854619 15.752727496324404 -24.469787755801484 0.21138804880058912 1882.4727724706256 -0.13800316345245245 0.058476967804650885 0.28050095771353351 0
447 1 1 38448000 -128622397.38367252 -77020153.196864232 6493622.2964055305 16.184614324541084 -24.20963984847117 0.2023591324280728 1881.7683120964632 -0.14016074959173375 0.057799033264923728 0.28363324290074132 0
448 1 1 38534400 -127205524.17265968 -79100349.799866453 6510717.217951633 16.612738458825962 -23.941776215924833 0.19336138890992322 1881.0561201338471 -0.14231974053927748 0.057076285713231985 0.28661233982059409 0
449 1 1 38620800 -125751828.38104708 -81157070.927566707 6527035.883442739 17.036966645432027 -23.666232117849876 0.18438929612427751 1880.3365031288611 -0.14447751274087497 0.056308210315993569 0.28943154488926209 0
450 1 1 38707200 -124261652.38412513 -83189654.585936174 6542580.2595294677 17.457165387463846 -23.38304489947334 0.17543702722603238 1879.6097821933283 -0.14663135840715041 0.055494329443911347 0.29208440592706758 0
451 1 1 38793600 -122735350.10085283 -85197442.098716974 6557351.7967382139 17.873200971844483 -23.092254020649584 0.16649846405833388 1878.8762924733412 -0.14877848741812832 0.054634208486020769 0.29456474104886171 0
452 1 1 38880000 -121173287.01133561 -87179778.291374967 6571351.4049170045 18.284939497257611 -22.79390108473709 0.15756721155811812 1878.1363825771832 -0.15091603004919779 0.053727461494392281 0.29686665737920065 0
453 1 1 38966400 -119575840.17184724 -89136011.677537322 6584579.429967734 18.692246903054134 -22.488029867235529 0.14863661311528026 1877.3904139647834 -0.15304103980131697 0.052773757054960534 0.29898456814177699 0
454 1 1 39052800 -117943398.22731315 -91065494.647893012 6597035.6319446033 19.094988999121064 -22.174686344147975 0.1396997668362816 1876.6387603013518 -0.15515049674670128 0.051772824173790352 0.30091320924898796 0
455 1 1 39139200 -116276361.42117149 -92967583.661530674 6608719.164596444 19.493031496688399 -21.853918720037651 0.13074954270063668 1875.8818067758336 -0.15724131171310937 0.050724458241586022 0.30264765558771195 0
456 1 1 39225600 -114575141.60253327 -94841639.439686403 6619628.5564286457 19.886240040056904 -21.525777455758131 0.12177860057022831 1875.1199493862202 -0.15931033070054695 0.04962852663631389 0.30418333580999107 0
457 1 1 39312000 -112840162.23056127 -96687027.161872685 6629761.6933557931 20.27448023924228 -21.190315295825993 0.11277940899473132 1874.3535941946748 -0.16135433968068294 0.048484974765063762 0.30551604622870254 0
458 1 1 39398400 -111071858.37599008 -98503116.664355576 6639115.8030125573 20.65761770350937 -20.847587295414947 0.10374426478992449 1873.5831565535675 -0.16337007035001502 0.047293831380648299 0.30664196438026786 0
459 1 1 39484800 -109270676.7197105 -100289282.64094743 6647687.4407880921 21.035518075776828 -20.497650846946755 0.094665313341347659 1872.8090603046733 -0.16535420600687148 0.046055214470806495 0.30755766084281239 0
460 1 1 39571200 -107437075.548345 -102044904.84607838 6655472.4776434479 21.408047067888177 -20.140565706256861 0.085534569566874913 1872.031736954882 -0.16730338782830423 0.044769336301046771 0.30826011008614534 0
461 1 1 39657600 -105571524.74673812 -103769368.30011019 6662466.0897676898 21.775070496714136 -19.776394018325373 0.076343939515402123 1871.2516248293091 -0.16921422230916522 0.043436508607587056 0.30874670106985697 0
462 1 1 39744000 -103674505.78729355 -105462063.49685341 6668662.7501256112 22.136454321077437 -19.405200342549481 0.067085242535192685 1870.469168204984 -0.17108328818994697 0.042057147430665458 0.30901524540106157 0
463 1 1 39830400 -101746511.71608478 -107122386.61324793 6674056.2219429277 22.492064679481398 -19.027051677544989 0.057750233955261673 1869.6848164276789 -0.17290714483732372 0.040631777708562189 0.30906398555583797 0
464 1 1 39916800 -99788047.135672942 -108749739.72116561 6678639.5541720763 22.84176792862139 -18.642017485469026 0.048330628235420815 1868.8990230138459 -0.17468234018539963 0.039161037357766368 0.30889160109629477 0
465 1 1 40003200 -97799628.18456313 -110343531.00129338 6682405.0789756579 23.185430682668549 -18.250169715849964 0.03881812251387172 1868.1122447408989 -0.17640541975435392 0.037645681308528356 0.3084972140492479 0
466 1 1 40089600 -95781782.5132346 -111903174.95905362 6685344.4112596307 23.522919853305808 -17.851582828919277 0.029204420495673171 1867.324940728234 -0.17807293554091308 0.03608658474660114 0.30788039276790996 0
467 1 1 40176000 -93735049.25667946 -113428092.64251877 6687448.4502829257 23.854102690500127 -17.446333818441619 0.019481256620467978 1866.5375715116234 -0.17968145583410869 0.034484746243930393 0.30704115482343342 0
468 1 1 40262400 -91659979.003387466 -114917711.86227658 6688707.383364927 24.178846824002495 -17.034502234037358 0.0096404204440790758 1865.7505981138415 -0.18122757463036718 0.032841290173662198 0.30597996826224289 0
469 1 1 40348800 -89557133.760713831 -116371467.41320218 6689110.691706405 24.497020305563776 -16.616170202995971 -0.00032621882899957263 1864.9644811141727 -0.18270792207162009 0.031157468887852719 0.30469775198712418 0
470 1 1 40435200 -87427086.916569859 -117788801.2980925 6688647.1583342738 24.808491651852147 -16.191422451581186 -0.010426687730444636 1864.17967971951 -0.18411917456621515 0.029434664056756928 0.30319587432384859 0
471 1 1 40521600 -85270423.197374225 -119169162.95312016 6687304.8781737834 25.113129888075807 -15.760346325833176 -0.020668883906743617 1863.3966508404571 -0.18545806531493869 0.027674387662116426 0.30147615046351045 0
472 1 1 40608000 -83087738.622205839 -120512009.47506228 6685071.2702461695 25.410804592295303 -15.323031811866064 -0.031060551550816891 1862.6158481745347 -0.18672139516729555 0.025878282361803978 0.29954083870721154 0
473 1 1 40694400 -80879640.453098491 -121816805.8502623 6681933.0919841584 25.701385940429041 -14.879571555668454 -0.041609256959434848 1861.837721299559 -0.18790604324860075 0.024048121221701503 0.29739263516702868 0
474 1 1 40780800 -78646747.141416281 -123083025.18528026 6677876.4556514304 25.984744751952782 -14.430060882411173 -0.052322364281562748 1861.0627147797572 -0.18900897798182331 0.022185806894882761 0.29503466750781737 0
475 1 1 40867200 -76389688.2702512 -124310148.93919127 6672886.8468464063 26.260752536297701 -13.974597815270384 -0.063207011539962638 1860.2912672878879 -0.19002726777488962 0.020293370058333454 0.29247048659767388 0
476 1 1 40953600 -74109104.492781177 -125497667.1574886 6666949.1450633677 26.529281539953942 -13.513283093774275 -0.074270086989730949 1859.5238107457853 -0.19095809203163477 0.018372967276929632 0.28970405787197195 0
477 1 1 41040000 -71805647.466527522 -126645078.70755249 6660047.6462796675 26.790204794288087 -13.046220191677126 -0.085518205877827616 1858.7607694857195 -0.1917987517753674 0.016426878271318487 0.28673975061678231 0
478 1 1 41126400 -69479979.783449799 -127751891.51564254 6652166.0875303522 27.043396164095117 -12.573515334373363 -0.096957687686547847 1858.0025594358885 -0.19254668020212776 0.014457502304098297 0.28358232636288377 0
479 1 1 41212800 -67132774.895812929 -128817622.80537552 6643287.6734262295 27.288730396897911 -12.095277515857175 -0.10859453391359815 1857.2495873318462 -0.19319945311350356 0.012467354198623033 0.28023692624184598 0
480 1 1 41299200 -64764717.037762515 -129841799.33764863 6633395.1045659538 27.526083173015447 -11.611618515229571 -0.12043440646306958 1856.502249956576 -0.19375479902232215 0.010459059577363292 0.27670905675669061 0
481 1 1 41385600 -62376501.142539412 -130823957.65197019 6622470.6077860985 27.755331156431847 -11.122652912769388 -0.13248260671705747 1855.7609334119577 -0.19421060877093893 0.0084353492232302398 0.27300457468400657 0
482 1 1 41472000 -59968832.755264029 -131763644.30915973 6610495.9681880688 27.976352046490131 -10.628498105564416 -0.14474405534402746 1855.0260124234226 -0.19456494514272057 0.0063990533179828996 0.26912967090260731 0
483 1 1 41558400 -57542427.941217244 -132660416.13538001 6597452.5628754431 28.189024630444393 -10.129274322708527 -0.15722327290763527 1854.2978496800577 -0.194816051651864 0.0043530944664394843 0.26509085313445596 0
484 1 1 41644800 -55098013.189542532 -133513840.4674632 6583321.3963300362 28.393228836913707 -9.6251046400651923 -0.16992436133412292 1853.5767952123224 -0.19496236102809097 0.0023004807329777086 0.26089492781243756 0
485 1 1 41731200 -52636325.312289029 -134323495.39949381 6568083.1373499474 28.588845790272977 -9.1161149945967601 -0.18285098629689123 1852.8631858092108 -0.19500250317991574 0.00024429745907674237 0.25654898088019396 0
486 1 1 41817600 -50158111.338713385 -135088970.03061143 6551718.1574680377 28.775757866028837 -8.6024341982585426 -0.19600636057141049 1852.1573444766809 -0.19493531245335516 -0.0018123009226547106 0.2520603579453608 0
487 1 1 41904000 -47664128.404752776 -135809864.71399364 6534206.570764984 28.953848747226093 -8.0841939514424652 -0.2093932284059849 1851.4595799387159 -0.19475983443531861 -0.0038660998642942104 0.24743664364893447 0
488 1 1 41990400 -45155143.637577862 -136485791.30698186 6515528.2749869069 29.123003481944572 -7.561528855965876 -0.2230138509617236 1850.7701861829382 -0.19447533163417705 -0.0059138340978526363 0.24268564016346861 0
489 1 1 42076800 -42631934.035128966 -137116373.42230806 6495662.9938733764 29.283108541933412 -7.0345764275891689 -0.23686999285779689 1850.0894420515699 -0.19408128913018549 -0.0079521974944607391 0.23781534550391253 0
490 1 1 42163200 -40095286.340535298 -137701246.6803835 6474590.3205986843 29.434051882446269 -6.503477108043846 -0.25096290986836045 1849.4176108792667 -0.19357741858555752 -0.0099778533138874075 0.23283393066946578 0
491 1 1 42249600 -37545996.911309905 -138240058.96260318 6452289.762224962 29.575723003337295 -5.9683742765437158 -0.26529333780095876 1848.75494017854 -0.19296366235590964 -0.011987444696199679 0.22774971717809223 0
492 1 1 42336000 -34984871.583209582 -138732470.66562214 6428740.7850643359 29.708013011479558 -5.4294142607527389 -0.27986148258825555 1848.1016613734876 -0.19224019590309238 -0.013977605649332273 0.2225711533968697 0
493 1 1 42422400 -32412725.528641921 -139178154.95655492 6403922.8608433343 29.830814684579835 -4.8867463471748307 -0.29466701162351877 1847.4579895827994 -0.19140742992259127 -0.015944972085651467 0.21730679133912753 0
494 1 1 42508800 -29830383.109496299 -139576798.02904603 6377815.5135617564 29.944022536447584 -4.3405227909227966 -0.30970904635753371 1846.8241234519567 -0.19046601131570004 -0.017886193171287052 0.21196526271621249 0
495 1 1 42595200 -27238677.724270243 -139928099.36015588 6350398.3669357309 30.04753288379445 -3.7908988248235027 -0.32498615617736482 1846.2002450351413 -0.18941682327189124 -0.019797942817984675 0.20655525539634198 0
496 1 1 42681600 -24638451.649355728 -140231771.96800286 6321651.1923139933 30.141243914627903 -3.2380326678045566 -0.34049635357972591 1845.586519726638 -0.18826098459058732 -0.021676931183378999 0.20108548939939613 0
497 1 1 42768000 -22030555.874344744 -140487542.67009711 6291553.9569547977 30.22505575831741 -2.6820855324992237 -0.35623709064502129 1844.9830962417182 -0.1869998476281714 -0.023519916139280169 0.19556469354502912 0
498 1 1 42854400 -19415849.931206252 -140695152.34229502 6260086.8725512112 30.298870557401219 -2.1232216320074961 -0.3722052568208889 1844.3901066467033 -0.18563499581134851 -0.025323714906446422 0.190001581566314 0
499 1 1 42940800 -16795201.71718166 -140854356.17829853 6227230.4438911015 30.362592541198786 -1.5616081857386523 -0.38839717801324353 1843.8076664374239 -0.18416823987573105 -0.027085215354207555 0.18440482927989074 0
500 1 1 43027200 -14169487.311239466 -140964923.94961768 6192965.517539897 30.416128101301158 -0.99741542425072072 -0.4048086169716415 1843.2358746651603 -0.18260161337881115 -0.028801387244498974 0.1787830516061345 0
501 1 1 43113600 -11539590.783924036 -141026640.26590285 6157273.3304338828 30.459385869007669 -0.43081659299780906 -0.42143477497143272 1842.6748141095618 -0.18093736701866853 -0.030469293139627818 0.17314478014421059 0
502 1 1 43200000 -8906404.000427248 -141039304.83555219 6120135.5582729401 30.492276794775496 0.13801204510588372 -0.43827029477012969 1842.1245514971488 -0.17917796227260077 -0.032086099312753143 0.16749844144736808 0
503 1 1 43286400 -6270826.416706779 -141002732.72648457 6081534.3636034736 30.514714229738569 0.70889120841624753 -0.45530926482146511 1841.5851377639847 -0.17732606411371213 -0.033649085798710156 0.16185233569101626 0
504 1 1 43372800 -3633764.8684696062 -140916754.62696227 6041452.4434836302 30.526614009354184 1.2816385966942894 -0.47254522472338178 1841.0566083609656 -0.17538453291572642 -0.035155656596418887 0.15621461627644451 0
505 1 1 43459200 -996133.35283435264 -140781217.10633811 5999873.0766254971 30.52789453923895 1.8560688927634648 -0.48997117187628109 1840.5389836003837 -0.17335641523179166 -0.036603348931758976 0.15059326984663385 0
506 1 1 43545600 1641147.197518904 -140595982.87558696 5956780.1699107429 30.518476883237682 2.4319937658240591 -0.50757956931834991 1840.0322690416756 -0.17124493430509299 -0.037989842255662286 0.1449960975806546 0
507 1 1 43632000 4277149.1479057744 -140360931.04747716 5912158.304179973 30.498284853766744 3.0092218765501602 -0.5253623546996895 1839.5364559140828 -0.16905347940397239 -0.039312966748279658 0.13943069707788552 0
508 1 1 43718400 6910938.4031003155 -140075957.3962169 5865992.7791985571 30.4672451044745 3.5875588841212949 -0.54331095036271559 1839.0515215744626 -0.1667855947431941 -0.040570710825920994 0.13390444532487752 0
509 1 1 43804800 9541574.6569047272 -139740974.61640581 5818269.6577052698 30.425287225247114 4.1668074553392662 -0.56141627448856068 1838.5774299978732 -0.1644449675732868 -0.041761228364683045 0.12842448252438138 0
510 1 1 43891200 12168111.650029721 -139355912.58110201 5768975.8084534276 30.372343839581507 4.7467672759792974 -0.57966875326084932 1838.1141322982376 -0.16203541594189766 -0.042882845132839867 0.122997697306211 0
511 1 1 43977600 14789597.436490722 -138920718.59880698 5718098.9481589161 30.308350704341407 5.3272350645488906 -0.59805833400132435 1837.6615672766525 -0.15956087564695995 -0.043934064270730828 0.11763071269337771 0
512 1 1 44064000 17405074.658726323 -138435357.66915044 5665627.6822728356 30.233246811903715 5.9080045886250154 -0.61657449923122043 1837.2196619947983 -0.15702538699558261 -0.044913571225725708 0.11232987347171786 0
513 1 1 44150400 20013580.831645165 -137899812.73704705 5611551.5445013577 30.146974494688489 6.4888666839413069 -0.63520628160173354 1836.7883323703384 -0.15443308101880851 -0.045820237855470694 0.10710123466419429 0
514 1 1 44236800 22614148.635806765 -137314084.94507772 5555861.034999745 30.049479532058999 7.069609276412212 -0.65394227964627816 1836.3674837916221 -0.15178816553516641 -0.046653125615207902 0.10195055110006183 0
515 1 1 44323200 25205806.219940055 -136678193.88383472 5498547.6571718361 29.940711259568349 7.6500174072852412 -0.67277067429769755 1835.9570117487519 -0.14909491075448475 -0.047411487900558366 0.09688326840208944 0
516 1 1 44409600 27787577.513001021 -135992177.83995172 5439603.9530115752 29.820622680516621 8.2298732616104395 -0.69167924611272402 1835.5568024778945 -0.14635763493582929 -0.048094771691198794 0.091904515097253558 0
517 1 1 44496000 30358482.545966856 -135256094.04152352 5379023.5369276572 29.689170579767698 8.8089562002243547 -0.71065539315051418 1835.1667336157404 -0.14358068981277033 -0.048702618195340594 0.087019095981854894 0
518 1 1 44582400 32917537.783559512 -134470018.90060297 5316801.1279972773 29.546315639769645 9.3870427954539704 -0.72968614944710686 1834.7866748612155 -0.14076844598598107 -0.049234862634054431 0.08223148677064121 0
519 1 1 44668800 35463756.466085769 -133634048.25244595 5252932.5806001462 29.392022558698521 9.9639068707403791 -0.74875820402585291 1834.416488640949 -0.13792527859505183 -0.049691533313622846 0.077545830047940412 0
520 1 1 44755200 37996148.961573824 -132748297.59115486 5187414.9133887542 29.226260170642568 10.539319544391606 -0.76785792039090539 1834.0560307757009 -0.13505555274495698 -0.050072849627092658 0.072965932248285612 0
521 1 1 44841600 40513723.128378212 -131812902.30135702 5120246.336555562 29.049001567727075 11.113049277671596 -0.7869713564467421 1833.7051511446659 -0.13216360945813738 -0.050379219482400768 0.068495262070615695 0
522 1 1 44928000 43015484.688416034 -130828017.88553284 5051426.2773629483 28.860224224057294 11.684861927433953 -0.80608428478185301 1833.3636943442139 -0.12925375178966075 -0.050611235681957051 0.064136950061470743 0
523 1 1 45014400 45500437.611185826 -129793820.18659271 4980955.4039067216 28.659910121356535 12.254520803510729 -0.82518221326935992 1833.0315003385472 -0.12633023114903566 -0.05076967172328712 0.059893789127202869 0
524 1 1 45100800 47967584.508709468 -128710505.60528269 4908835.6470880415 28.448045876149621 12.821786731061033 -0.84425040592467604 1832.708405098994 -0.1233972342907405 -0.050855476748233007 0.05576823660496439 0
525 1 1 45187200 50415927.041523851 -127578291.31198126 4835070.2207741281 28.224622868330361 13.386418118091383 -0.86327390397071457 1832.3942412292554 -0.12045887052427719 -0.050869769689177252 0.051762416902207765 0
526 1 1 45273600 52844466.335834347 -126397415.45243171 4759663.6401315555 27.98963737094045 13.948171028350037 -0.88223754706046786 1832.0888385740311 -0.11751915956551479 -0.050813832884619312 0.047878125688956753 0
527 1 1 45360000 55252203.411926545 -125168137.3469374 4682621.7381212423 27.743090680964418 14.506799259790585 -0.90112599460432574 1831.79202480817 -0.11458201995983214 -0.050689105084643263 0.044116834709168558 0
528 1 1 45446400 57638139.623915106 -123890737.68252939 4603951.6801475594 27.484989250932724 15.062054428807523 -0.91992374716064662 1831.5036260041591 -0.11165125813664227 -0.050497173610977476 0.040479697747132309 0
529 1 1 45532800 60001277.110890165 -122565518.69760047 4523661.9768584101 27.215344821110385 15.613686060432336 -0.93861516784149623 1831.2234671756707 -0.10873055809776158 -0.050239766300212728 0.03696755739486389 0
530 1 1 45619200 62340619.259501472 -121192804.35848202 4441762.4950966155 26.934174552029948 16.161441684671395 -0.95718450369266317 1830.9513727950459 -0.10582347190183843 -0.049918742724688443 0.033580952707298002 0
531 1 1 45705600 64655171.177998818 -119772940.52742527 4358264.4670066405 26.641501157112454 16.705066939167612 -0.97561590700943235 1830.6871672830016 -0.10293341083553692 -0.049536085031865643 0.030320127533261097 0
532 1 1 45792000 66943940.181725644 -118306295.12143347 4273180.4973036433 26.337353035107355 17.244305678351687 -0.99389345655218364 1830.4306754689867 -0.10006363735884417 -0.049093888439419774 0.027185039618499919 0
533 1 1 45878400 69205936.290036663 -116793258.26137738 4186524.5687151952 26.021764402059812 17.778900089238693 -1.0120011786252359 1830.1817230206202 -0.097217257999122175 -0.048594351459092688 0.024175370362282931 0
534 1 1 45964800 71440172.734586492 -115234242.41081339 4098312.0456087026 25.694775422503898 18.30859081402243 -1.0299230679912756 1829.9401368412148 -0.094397216898543218 -0.04803976566984338 0.021290535003784965 0
535 1 1 46051200 73645666.478908673 -113629682.50391102 4008559.6758199115 25.356432339565387 18.833117079603351 -1.0476431085937927 1829.7057454346093 -0.091606290327406067 -0.047432505472039366 0.01852969341741266 0
536 1 1 46137600 75821438.74917616 -111980036.06188475 3917285.5907003004 25.00678760363731 19.352216834172275 -1.0651452940597828 1829.4783792364608 -0.088847082061674784 -0.046775017560701897 0.015891761297656522 0
537 1 1 46224000 77966515.576005548 -110285783.29731679 3824509.3034032206 24.645899999282502 19.865626890959948 -1.0824136479646831 1829.2578709117229 -0.08612201957093138 -0.046069810432562731 0.013375421580274586 0
538 1 1 46310400 80079928.347135961 -108547427.20574635 3730251.7054300755 24.27383476999994 20.37308307924792 -1.0994322438402135 1829.0440556181204 -0.083433351176231074 -0.045319443702317358 0.010979136244266979 0
539 1 1 46396800 82160714.370781809 -106765493.64389524 3634535.061459573 23.890663740480225 20.874320402720095 -1.1161852249087745 1828.836771235716 -0.080783143956390857 -0.044526517584091686 0.0087011582000137457 0
540 1 1 46483200 84207917.449426591 -104940531.39389257 3537383.002484058 23.496465435962214 21.369073205214054 -1.1326568235354217 1828.6358585628427 -0.078173282625531818 -0.043693662380165123 0.0065395432613165883 0
541 1 1 46569600 86220588.463788837 -103073112.21285687 3438820.5172778065 23.091325198287148 21.857075343919497 -1.1488313803858397 1828.4411614788164 -0.075605469257573665 -0.042823528032954035 0.0044921622301169533 0
542 1 1 46656000 88197785.966658086 -101163830.86719166 3338873.9422229491 22.675335298239155 22.338060370044019 -1.1646933632868133 1828.2525270740302 -0.073081223822688682 -0.041918774054655841 0.0025567127409646152 0
543 1 1 46742400 90138576.786260977 -99213305.150948614 3237570.9495187257 22.248595043749607 22.811761716950446 -1.1802273857875376 1828.0698057482148 -0.070601885547866991 -0.040982059453977877 0.00073073109105335115 0
544 1 1 46828800 92042036.638782606 -97222175.887612879 3134940.5337999901 21.811210883531039 23.277912895751456 -1.195418225422997 1827.8928512777541 -0.068168615131890389 -0.040016033043506628 -0.00098839632475682636 0
545 1 1 46915200 93907250.749627903 -95191106.914669067 3031012.9971903916 21.363296505696464 23.736247698317285 -1.2102508416845066 1827.7215208527543 -0.065782397771428955 -0.039023324085219954 -0.0026034217873445739 0
546 1 1 47001600 95733314.482971236 -93120785.050308853 2925819.9328153394 20.904972930915569 24.186500407634718 -1.2247103937057182 1827.5556750848748 -0.063444046872063051 -0.038006533197650696 -0.004117225600172479 0
547 1 1 47088000 97519333.97910203 -91011920.041649103 2819394.2067986378 20.43636859964975 24.628406015429469 -1.2387822576781522 1827.3951779867255 -0.06115420861680701 -0.036968223734217279 -0.0055328059042132208 0
548 1 1 47174400 99264426.799035236 -88865244.493837669 2711769.9387656371 19.957619453000689 25.06170044693868 -1.2524520440104183 1827.239896923453 -0.05891336722951699 -0.03591091348780754 -0.0068532691492565866 0
549 1 1 47260800 100967722.57581426 -86681513.779434904 2602982.4808740905 19.468869006705528 25.486120792694766 -1.2657056142539542 1827.0897025371198 -0.056721850947864944 -0.034837066917517368 -0.0080818213951488038 0
550 1 1 47347200 102628363.67189394 -84461505.927471906 2493068.3953918735 18.970268417807254 25.901405547154162 -1.2785290978188684 1826.9444686441468 -0.054579838689056928 -0.033749087761484498 -0.0092217603790516623 0
551 1 1 47433600 104245505.84195065 -82206021.491602734 2382065.4308384992 18.461976543525974 26.307294853979364 -1.2909089085090193 1826.8040721058312 -0.052487367421451533 -0.032649312143089158 -0.010276468682469573 0
552 1 1 47520000 105818318.9004246 -79915883.396784082 2270012.4967045402 17.944159991855503 26.703530757751746 -1.3028317609120799 1826.6683926714177 -0.050444340222490058 -0.031540002180969542 -0.011249407974070768 0
553 1 1 47606400 107345987.393059 -77591936.763938546 2156949.6367598437 17.416993163412624 27.089857461865581 -1.3142846866827806 1826.5373127928715 -0.048450534947439443 -0.030423340064084682 -0.012144114531310111 0
554 1 1 47692800 108827711.27166095 -75235048.712078705 2042918.0009578697 16.880658284067628 27.46602159232593 -1.3252550507658782 1826.4107174098824 -0.046505613594804561 -0.029301422579115267 -0.012964196210237479 0
555 1 1 47779200 110262706.57126538 -72846108.137394682 1927959.8159391542 16.335345427887678 27.831772467141693 -1.3357305676085958 1826.288493702863 -0.044609132328055766 -0.02817625618515664 -0.013713330908641453 0
556 1 1 47865600 111650206.08884694 -70426025.468836799 1812118.3541324225 15.781252529930308 28.186862370975739 -1.3456993174214984 1826.1705308108874 -0.042760552175305694 -0.027049752501212269 -0.014395266889850112 0
557 1 1 47952000 112989460.06268202 -67975732.399754182 1695437.9014463548 15.218585388432279 28.531046834688421 -1.3551497625513225 1826.0567195107242 -0.0409592503834817 -0.025923724180537417 -0.015013824861632304 0
558 1 1 48038400 114279736.8514258 -65496181.595183715 1577963.7235394677 14.64755765594832 28.864084919378413 -1.3640707640354544 1825.9469518519718 -0.03920453247113647 -0.024799881247063633 -0.015572902233969064 0
559 1 1 48124800 115520323.61193047 -62988346.374418661 1459742.0306489854 14.068390819001738 29.185739504494581 -1.3724515984169809 1825.8411207419406 -0.037495645075993012 -0.023679827794051811 -0.016076479552243006 0
560 1 1 48211200 116710526.97479376 -60453220.368524745 1340819.9409527045 13.481314165825408 29.49577757956818 -1.3802819749029611 1825.7391194728104 -0.035831789429777681 -0.022565058909706514 -0.016528629341391706 0
561 1 1 48297600 117849673.71659106 -57891817.152511425 1221245.4424303803 12.88656474178595 29.793970539085652 -1.3875520529540342 1825.6408411821051 -0.034212135688406975 -0.021456957892955878 -0.016933527404593387 0
562 1 1 48384000 118937111.42770997 -55305169.851908565 1101067.3531834204 12.284387292097565 30.080094479992908 -1.3942524603982198 1825.5461782357274 -0.032635838057554135 -0.020356793645007826 -0.01729546677347972 0
563 1 1 48470400 119972209.1746728 -52694330.723544165 980335.28016358032 11.675034191456435 30.353930501299455 -1.4003743121601793 1825.455021521544 -0.031102050646360447 -0.019265718082852212 -0.017618874117368667 0
564 1 1 48556800 120954358.15580164 -50060370.710365675 859099.5762536648 11.05876536024727 30.615265005225297 -1.4059092296951119 1825.3672596399003 -0.029609944183176012 -0.018184763552957586 -0.017908328750469334 0
565 1 1 48643200 121882972.34905227 -47404378.970196232 737411.29563574307 10.435848167000385 30.863889999308373 -1.4108493612069604 1825.2827779762858 -0.028158723389937437 -0.017114840140244666 -0.018168583742929328 0
566 1 1 48729600 122757489.1508155 -44727462.378369108 615322.1473764244 9.8065573168089859 31.099603398869807 -1.4151874027103384 1825.201457640936 -0.026747645057484247 -0.016056732696990764 -0.018404588833701174 0
567 1 1 48816000 123577370.00446224 -42030745.004235998 492884.44715466007 9.171174725452536 31.322209329214079 -1.4189166199672547 1825.1231742607492 -0.025376036504655509 -0.015011097516721358 -0.018621514279243089 0
568 1 1 48902400 124342101.01738712 -39315367.561599739 370151.06705675286 8.5299893790141557 31.531518426919884 -1.422030871284403 1825.0477966112858 -0.024043314293037861 -0.013978458572757332 -0.0188247746546873 0
569 1 1 48988800 125051193.56530841 -36582486.833180502 247175.38352801659 7.883297179268256 31.727348139514415 -1.4245246271020404 1824.9751852021659 -0.022749002501094299 -0.012959203086324323 -0.019020051222614614 0
570 1 1 49075200 125704184.88224593 -33833275.069249533 124011.22063959684 7.2314007646704397 31.909523023879011 -1.4263930779969098 1824.9051879589899 -0.021492970171150035 -0.011953552423318159 -0.019215338010749254 0
571 1 1 49161600 126300638.63486122 -31068919.360704448 712.78907647437586 6.5746093447839495 32.077875037643956 -1.4276319677427347 1824.8376442245224 -0.020273421597556844 -0.010961739167271009 -0.01940281070769509 0
572 1 1 49248000 126840145.49413411 -28290620.987512831 -122665.26088337081 5.9132388673299836 32.232243819163834 -1.4282346588304256 1824.772485468518 -0.019077749160232246 -0.0099840011853455611 -0.019488865885627423 0
573 1 1 49334400 127322323.70966539 -25499594.741807748 -246067.63862823302 5.2476115817422508 32.372477007106369 -1.428194365473398 1824.7096702009273 -0.017912945799385845 -0.0090190461800062488 -0.019549555083016357 0
574 1 1 49420800 127746819.6152031 -22697068.223111957 -369438.64650853642 4.5780553057961475 32.498430534223786 -1.4275082730067246 1824.6490363130254 -0.016785107260145586 -0.0080663343115946144 -0.019640717783429108 0
575 1 1 49507200 128113308.10756463 -19884281.111526221 -492722.43757408293 3.9049034146176238 32.609968867369965 -1.4261753042210825 1824.5903674343529 -0.015694078621303332 -0.0071255044315817317 -0.019764310384471087 0
576 1 1 49593600 128421493.12480257 -17062484.419137198 -615863.09201559005 3.228494735581195 32.706965269635795 -1.4241948920288092 1824.5334346790935 -0.014640322118492061 -0.0061959902441681381 -0.01992644041237621 0
577 1 1 49680000 128671108.10453333 -14232939.718611531 -738804.67253226368 2.5491732561441416 32.789302062935157 -1.421567198904909 1824.477988320871 -0.013624400332578066 -0.0052770372826931493 -0.020133165011114538 0
578 1 1 49766400 128861916.41784278 -11396918.349530127 -861491.28710630396 1.8672878457141202 32.856870880731435 -1.4182931102322294 1824.4237580375068 -0.012646951918522621 -0.0043677050800639975 -0.020390355526359046 0
579 1 1 49852800 128993711.77860568 -8555700.603293281 -983867.15125187754 1.1831919648132836 32.909572911188036 -1.4143742282732874 1824.3704538721679 -0.01170866457011841 -0.0034668740333392281 -0.020703568531836469 0
580 1 1 49939200 129066318.62577328 -5710574.8886107635 -1105876.6489908614 0.49724332754252032 32.947319101341527 -1.4098128496540772 1824.3177677766241 -0.010810298700124368 -0.0025732635667136076 -0.021078157083102032 0
581 1 1 50025600 129079592.50302242 -2862836.8565098289 -1227464.4099946476 -0.19019565527977247 32.970031029127057 -1.4046124466226038 1824.2653742030141 -0.0099354395712580174 -0.0016711687880632757 -0.021527184472859836 0
582 1 1 50112000 129033420.38142128 -13788.538129218279 -1348575.3238871263 -0.87876123376316961 32.977638318327692 -1.3987744082191804 1824.2130004515432 -0.009228424985870759 -0.00088926868835275893 -0.021920223497880538 0
583 1 1 50198400 128927720.19967602 2835261.8726659217 -1469154.0273496974 -1.5681031647072174 32.970066367711063 -1.3922905372157357 1824.1605190089647 -0.0091629383031811614 -0.00063385559572874531 -0.022015361302948698 0
584 1 1 50284800 128762439.96113357 5682999.9005558863 -1589144.3018906459 -2.2578678775745371 32.947251114771333 -1.3851532054444924 1824.1079064225639 -0.0092503683819060468 -0.00049739565092831622 -0.022052458516195798 0
585 1 1 50371200 128537559.21583715 8528106.7311270107 -1708489.7059116811 -2.9476815190593375 32.909153879760169 -1.3773633116379964 1824.0551567788959 -0.0093280710916586445 -0.00034677307481681874 -0.022086192816084888 0
586 1 1 50457600 128253090.09504344 11369260.82190492 -1827133.9495780121 -3.6371652371620593 32.855749044119484 -1.3689229923769162 1824.0022840303459 -0.0094133559126683506 -0.00019664878206319814 -0.022109748348061117 0
587 1 1 50544000 127909077.50560018 14205138.85545676 -1945020.9335976213 -4.3259390884604469 32.787021295599509 -1.3598345855680916 1823.9492997241996 -0.0095062430684828107 -4.7358172758199445e-05 -0.022123105991946605 0
588 1 1 50630400 127505599.24975552 17034416.668961748 -2062094.782547273 -5.0136216134665776 32.702966390700297 -1.3501009379529954 1823.8962150924333 -0.009606506699348075 0.00010054995901305438 -0.022126638891375627 0
589 1 1 50716800 127042766.13237317 19855770.21325013 -2178299.9028298422 -5.6998304126123847 32.603591227325111 -1.3397257486790835 1823.8430230024105 -0.0097161107690703057 0.0002478210568996237 -0.02212057531079745 0
590 1 1 50803200 126520722.06616259 22667876.530426592 -2293580.9015615126 -6.3841811410441602 32.488914272489339 -1.3287084825923356 1823.7899403521212 -0.0097861247157076548 0.00040627519581756805 -0.021927829941634797 0
591 1 3 50880167.828671113 126005944.09494168 25164128.91076573 -2395453.3960557762 -6.9919447226644067 32.373893272615582 -1.3183511589662871 1823.7430131421975 0 0 0 192
592 1 1 50889600 125939644.23777717 25469414.760777134 -2407882.1644972861 -7.0662886231878232 32.3589655058381 -1.3170467765201848 1823.7372913425047 -0.0098453117147505407 0.00057174682450446311 -0.021640935108482511 0
593 1 1 50976000 125299739.66628246 28259061.970124122 -2521150.0150559354 -7.7458530154738385 32.21365839300946 -1.3047908312790191 1823.6812480159558 -0.0099073665038223596 0.00073466349641270595 -0.021333719566253677 0
594 1 1 51062400 124601280.06839904 31035547.072304547 -2633313.1759796073 -8.4213121687159198 32.054832351609512 -1.2912764618911754 1823.5930691571461 0.032584752958639003 0.065476910932456403 0.0030356789438427201 0
595 1 1 51148800 123844666.06884432 33797750.024065524 -2744247.732856344 -9.0923206937991026 31.882518815595365 -1.2765707032931324 1823.4264526012091 0.03103031950530788 0.064369811777145167 0.0010044012645341279 0
596 1 1 51235200 123030230.32919994 36544406.027423084 -2853891.7945423303 -9.7597085051045696 31.694969579166376 -1.2613997454068486 1823.2710753455376 0.029506540317224994 0.063043177722109142 -0.00079120012041892672 0
597 1 1 51321600 122158306.24037646 39274208.006403983 -2962202.796761767 -10.423006075316342 31.492394448585646 -1.2457146747924825 1823.1197735593219 0.027977606190871779 0.061679227050498033 -0.0026437657209060447 0
598 1 1 51408000 121229263.62749144 41985861.807977811 -3069136.7731853137 -11.081833290060176 31.27488983538964 -1.2295255015218904 1822.9724687383398 0.026470814249236915 0.060273526956641739 -0.0044908794760937024 0
599 1 1 51494400 120243505.0917778 44678082.087559685 -3174650.5232298016 -11.735811857713577 31.042563303715454 -1.2128405016917274 1822.8290754576287 0.024986688974017582 0.058829517264051188 -0.0063332263672030717 0
600 1 1 51580800 119201465.78948298 47349593.297221407 -3278701.5853679725 -12.384566546662212 30.795534042733351 -1.1956684820872854 1822.689492862005 0.023526292943695591 0.057350112553517317 -0.0081696347893144335 0
601 1 1 51667200 118103613.15173426 49999130.684207082 -3381248.2741647116 -13.027725558497142 30.533932732320842 -1.1780186000643686 1822.5536042722001 0.02209052725865342 0.055838225623469656 -0.0099989775140164015 0
602 1 1 51753600 116950446.56885871 52625441.278482504 -3482249.7103935992 -13.664920967884965 30.25790141804271 -1.159900358915126 1822.4212767499994 0.020680150264456913 0.054296756005244279 -0.011820139217246135 0
603 1 1 51840000 115742497.03704108 55227284.868543431 -3581665.8505021264 -14.295789154490205 29.96759336457524 -1.1413235979533105 1822.2923607744674 0.019295785698259488 0.052728586701232524 -0.013632016999347607 0
604 1 1 51926400 114480326.76797575 57803434.963697262 -3679457.5151932519 -14.919971227471295 29.663172889250564 -1.1222984819576491 1822.1666900323685 0.017937932607355489 0.051136583391837735 -0.015433518948324947 0
605 1 1 52012800 113164528.7622066 60352679.741122983 -3775586.4170637857 -15.5371134413554 29.344815176251075 -1.1028354899085775 1822.0440813636874 0.016606976411720618 0.049523596110577627 -0.017223563621755516 0
606 1 1 52099200 111795726.34694798 62873822.976062559 -3870015.1872418295 -16.146867602174797 29.012706072042917 -1.0829454030926149 1821.9243349093499 0.015303200775047108 0.047892462542641574 -0.019001080259487952 0
607 1 1 52185600 110374572.67927459 65365684.953550778 -3962707.4009718997 -16.748891462810537 28.667041862705577 -1.0626392926555353 1821.8072345117453 0.014026799507743061 0.04624601355785566 -0.02076501043518543 0
608 1 1 52272000 108901750.215656 67827103.360148162 -4053627.6021056431 -17.34284910653523 28.308029033816112 -1.0419285067453881 1821.6925484197707 0.012777888838304191 0.044587077897684665 -0.022514312658484446 0
609 1 1 52358400 107377970.14889677 70256934.154198304 -4142741.3264702312 -17.928411317839196 27.935884013565069 -1.0208246574172772 1821.580030345433 0.011556517864317658 0.042918487139421951 -0.024247969684001135 0
610 1 1 52444800 105803971.81361631 72654052.413190663 -4230015.1241017664 -18.505255939703201 27.550832899776115 -0.99933960749217188 1821.4694209078837 0.010362678097634222 0.041243077090891124 -0.025964999590830776 0
611 1 1 52531200 104180522.06147462 75017353.156864747 -4315416.5803489592 -19.073068216546577 27.153111171453808 -0.97748545758044425 1821.3604494831015 0.0091963104920986544 0.039563685366859357 -0.027664470256812169 0
612 1 1 52617600 102508414.60740936 77345752.14474608 -4398914.33587055 -19.631541122196801 26.742963385474258 -0.95527453348871949 1821.2528364511088 0.0080573093449868103 0.037883142698084418 -0.029345517737240836 0
613 1 1 52704000 100788469.34820589 79638186.646855325 -4480478.1055674655 -20.180375672277471 26.320642858999026 -0.93271937416945672 1821.1462958024047 0.0069455238361243229 0.036204257183971571 -0.031007365744795456 0
614 1 1 52790400 99021531.654768735 81893616.186381817 -4560078.6965014152 -20.719281220490295 25.886411338184107 -0.90983272033200158 1821.0405380319999 0.0058607559146741312 0.034529790250314163 -0.032649347085106299 0
615 1 1 52876800 97208471.639507234 84111023.253162846 -4637688.0248595364 -21.247975738332933 25.440538653788686 -0.88662750373215349 1820.9352732190762 0.0048027559409751456 0.032862425430989009 -0.03427092202748365 0
616 1 1 52963200 95350183.400284424 86289413.986865744 -4713279.132019246 -21.766186077815853 24.983302364356351 -0.86311683703820674 1820.8302141675626 0.0037712164978708014 0.031204730450270498 -0.035871693805627991 0
617 1 1 53049600 93447584.242416933 88427818.828831375 -4786826.19975687 -22.273648216779211 24.514987387750185 -0.83931400410300094 1820.7250794705751 0.0027657654294060805 0.029559115685225588 -0.037451417917546907 0
618 1 1 53136000 91501613.880243614 90525293.141612306 -4858304.5646230401 -22.770107486429712 24.035885621966372 -0.81523245035195702 1820.6195963654252 0.0017859592037531131 0.027927791083526828 -0.039010004028392511 0
619 1 1 53222400 89513233.619817182 92580917.795323655 -4927690.7314822767 -23.255318780745842 23.546295556298819 -0.79088577300650187 1820.5135032607177 0.00083127741537776403 0.026312725210196806 -0.040547511776187567 0
620 1 1 53308800 87483425.524298072 94593799.720026135 -4994962.3861915423 -23.729046747410319 23.046521874102268 -0.76628771088580694 1820.4065518427237 -9.8879942004140043e-05 0.024715609584690764 -0.042064140241412883 0
621 1 1 53395200 85413191.56366083 96563072.423473939 -5060098.4073718553 -24.191065959974203 22.536875048516862 -0.74145213359038642 1820.2985087018592 -0.0010051929566788757 0.023137830025708791 -0.043560213996657118 0
622 1 1 53481600 83303552.750344604 98487896.473680869 -5123078.877216191 -24.641161071031021 22.017670932603494 -0.7163930300115936 1820.1891564529747 -0.0018884195111971401 0.021580447108275402 -0.045036168372743809 0
623 1 1 53568000 81155548.262496397 100367459.94588725 -5183885.0912763998 -25.079126946223681 21.489230345407197 -0.69112449619673988 1820.0782943550882 -0.002749389937079523 0.020044186669148895 -0.046492535085790446 0
624 1 1 53654400 78970234.556467414 102200978.83364089 -5242499.5671777455 -25.504768778995441 20.95187865544203 -0.66566072269176135 1819.9657384631214 -0.0035889997560166909 0.018529439191977731 -0.04792993083204327 0
625 1 1 53740800 76748684.470227242 103987697.42383201 -5298906.0522234663 -25.917902186090146 20.405945363053529 -0.64001598152639194 1819.8513213641509 -0.0044082005110231519 0.017036268359926283 -0.049349047993386144 0
626 1 1 53827200 74491986.319356084 105726888.63564657 -5353089.5298638428 -26.318353283868248 19.851763683046194 -0.61420461296295081 1819.7348915658511 -0.0052079889577949668 0.015564426508362796 -0.0507506468338089 0
627 1 1 53913600 72201242.987266213 107417854.32351616 -5405036.2250140132 -26.70595874561403 19.289670128860731 -0.58824101211463364 1819.6163126109386 -0.0059893962518980043 0.014113376082790013 -0.052135548981146147 0
628 1 1 54000000 69877571.011284202 109059925.54425167 -5454733.6082114549 -27.080565840093868 18.720004099499072 -0.56213961545960001 1819.4954619933455 -0.00675347669051254 0.012682315377466037 -0.053504629352962151 0
629 1 1 54086400 67522099.666200995 110652462.78864467 -5502170.3986024978 -27.442032451652331 18.143107470266557 -0.5359148872192453 1819.3722299489482 -0.0075012957587534436 0.01127020638087162 -0.054858807025057681 0
630 1 1 54172800 65135970.04687041 112194856.17790952 -5547336.5657441085 -27.790227082240815 17.559324188308743 -0.50958130553761849 1819.246518185689 -0.0082339198985422555 0.0098758043238684323 -0.056199033249554213 0
631 1 1 54259200 62720334.1513955 113686525.62541887 -5590223.3301997446 -28.125028835836655 16.968999873830178 -0.48315334837681767 1819.1182386083124 -0.0089524062843364186 0.0084976870372888355 -0.057526277664585374 0
632 1 1 54345600 60276353.966405787 115126920.96425916 -5630823.1629023189 -28.446327385717197 16.372481427787655 -0.45664547907330777 1818.9873120812026 -0.0096577932206629875 0.0071342836722675974 -0.058841512746821055 0
633 1 1 54432000 57805200.555882737 116515522.0411966 -5669129.7832522597 -28.754022925146501 15.770116646778146 -0.43007213149130963 1818.8536672628311 -0.010351092393255115 0.0057839018073221017 -0.060145696408796606 0
634 1 1 54518400 55308053.154941767 117851838.77770391 -5705138.1559144668 -29.048026102052198 15.162253845776462 -0.40344769475465819 1818.7172395344351 -0.011033281290240378 0.004444752908084282 -0.061439754664228831 0
635 1 1 54604800 52786098.269927949 119135411.1987524 -5738844.4862788683 -29.328257938301299 14.549241489317966 -0.37678649758424482 1818.5779700360526 -0.011705297493689797 0.0031149754389322216 -0.062724564292095344 0
636 1 1 54691200 50240528.786127768 120365809.4301229 -5770246.2145514786 -29.594649734246502 13.931427831669515 -0.35010279226379948 1818.4358048169697 -0.012368034277007346 0.0017926559823519042 -0.0640009357340037 0
637 1 1 54777600 47672543.084339961 121542633.66503379 -5799342.0084462501 -29.847142959215635 13.309160566484159 -0.32341073830246875 1818.2906941010717 -0.013022337264428554 0.00047584786271810372 -0.065269597789456568 0
638 1 1 54864000 45083344.167490236 122665514.10092491 -5826131.7544555934 -30.085689128646489 12.68278648639026 -0.2967243858838492 1818.1425916631292 -0.013669002305439184 -0.0008374121650181626 -0.066531183607597341 0
639 1 1 54950400 42474138.798414618 123734110.84727482 -5850616.5476857573 -30.310249668511698 12.052651152936912 -0.27005765922484404 1817.9914543088055 -0.014308770763085068 -0.002149089160241425 -0.06778621998389138 0
640 1 1 55036800 39846136.649891295 124748113.8053616 -5872798.6802569367 -30.520795767385358 11.419098577247659 -0.24342434002257113 1817.8372414501632 -0.014942313738636387 -0.0034611379304104132 -0.069035120091547941 0
641 1 1 55123200 37200549.467987224 125707242.52090643 -5892681.6282833982 -30.717308216167101 10.782470911712572 -0.21683805116410418 1817.6799147715785 -0.015570201770006715 -0.0047754920952747066 -0.070278179363249982 0
642 1 1 55209600 34538590.24977047 126611246.01056676 -5910270.0374612901 -30.899777236011534 10.143108152998769 -0.19031224078882369 1817.5194379798236 -0.01619288495712435 -0.00609405587244415 -0.071515571361120106 0
643 1 1 55296000 31861472.436335657 127459902.56326771 -5925569.7072923398 -31.068202296332014 9.5013478566326093 -0.16386016662705069 1817.3557766258102 -0.016810707524930055 -0.0074186962229713096 -0.072747340721673506 0
644 1 1 55382400 29170409.121909354 128253019.51738174 -5938587.5739641581 -31.222591924784961 8.857524863398142 -0.13749488057493453 1817.1888979818248 -0.017423933995972009 -0.0087512363348254477 -0.073973397415973641 0
645 1 1 55468800 26466612.279693533 128990433.01478736 -5949331.6919115316 -31.362963509828575 8.211971037746137 -0.11122921360814499 1817.0187709644958 -0.018032760849735756 -0.010093449499912931 -0.075193513479469121 0
646 1 1 55555200 23751292.005088635 129672007.73285119 -5957811.2140934672 -31.489343095892306 7.5650150183863554 -0.085075761161423513 1816.8453660994169 -0.018637317048750057 -0.011447053629001473 -0.07640732238561504 0
647 1 1 55641600 21025655.776921645 130297636.59539105 -5964036.3710317863 -31.601765171508337 6.9169819811462379 -0.059046869100164018 1816.6686555209349 -0.019237660695462067 -0.012813707705374509 -0.077614320881202847 0
648 1 1 55728000 18290907.737262063 130867240.46368249 -5968018.4486662317 -31.700272451021117 6.268193414177289 -0.033154620360377363 1816.4886130007148 -0.019833775474384627 -0.01419500749881929 -0.07881387165143533 0
649 1 1 55814400 15548247.990349829 131380767.80857928 -5969769.765085795 -31.784915650595803 5.618966905574351 -0.0074108223061185516 1816.3052139992292 -0.020425568180321076 -0.015592482382150101 -0.080005207390715705 0
650 1 1 55900800 12798871.921095774 131838194.36481994 -5969303.6462007146 -31.855753259260347 4.9696159433815055 0.018173005145023988 1816.1184357338359 -0.021012867216308576 -0.017007593132335169 -0.081187435700019503 0
651 1 1 55987200 10043969.53355341 132239522.76858884 -5966634.4004228907 -31.912851305677918 4.3204497279722762 0.043585640592675549 1815.9282572586146 -0.021595421408320443 -0.018441729106382101 -0.082359544860189482 0
652 1 1 56073600 7284724.8097009994 132584782.17940073 -5961777.2924253186 -31.9562831213488 3.6717729967582309 0.068816171403575627 1815.7346595520207 -0.022172900252564572 -0.019896206265183361 -0.083520409792234698 0
653 1 1 56160000 4522315.0888133654 132874027.88736863 -5954748.5160520552 -31.986129100889407 3.0238858611245241 0.093854003116251111 1815.5376256085463 -0.022744893298916349 -0.021372265296004039 -0.0846687991502343 0
654 1 1 56246400 1757910.4676493434 133107340.90690736 -5945565.1664531259 -32.002476460029207 2.3770836554813255 0.11868886797965257 1815.3371405309481 -0.023310911296914576 -0.022871069827508354 -0.085803382478564047 0
655 1 1 56332800 -1007326.77837647 133284827.55791385 -5934245.2115189191 -32.005418991956404 1.7316567982896232 0.14331083262870481 1815.133191620753 -0.023870386774180605 -0.02439370471598401 -0.086922737697202074 0
656 1 1 56419200 -3772242.7529194145 133406619.03545055 -5920807.4626888698 -31.995056822588435 1.0878906648863191 0.16771030489208419 1814.9257684649242 -0.024422675224838524 -0.025941174591406185 -0.088025358901000966 0
657 1 1 56505600 -6535692.4752602708 133472870.96894434 -5905271.5452095326 -31.971496165341936 0.44606547191805185 0.1918780397311691 1814.714863016716 -0.024967056391731586 -0.027514402112662331 -0.089109664384031978 0
658 1 1 56592000 -9296540.3956711497 133483762.97189419 -5887657.867916733 -31.93484907595488 -0.1935438268371297 0.21580514432010375 1814.5004696693372 -0.025502736212833759 -0.029114226668475664 -0.090174004611748987 0
659 1 1 56678400 -12053660.88961922 133439498.18306082 -5867987.5926155495 -31.885233207880155 -0.83066763350190775 0.23948308227472193 1814.2825853211552 -0.026028848525847595 -0.030741402724883932 -0.091216670480471121 0
660 1 1 56764800 -14805938.73087886 133340302.80009101 -5846282.6031312551 -31.822771568746361 -1.4650417882387552 0.26290367704673762 1814.0612094317707 -0.026544457448997371 -0.032396598317906838 -0.092235901236993406 0
661 1 1 56851200 -17552269.543665543 133186425.60650557 -5822565.4741022354 -31.747592278361669 -2.0964076407784646 0.28605911450222471 1813.8363440683238 -0.027048559691839162 -0.034080393574627048 -0.093229892591228977 0
662 1 1 56937600 -20291560.23394382 132978137.49295509 -5796859.439584746 -31.659828328704403 -2.724512111640236 0.30894194470531283 1813.6079939415472 -0.027540087308666066 -0.035793279465667807 -0.094196804447543192 0
663 1 1 57024000 -23022729.400099773 132715730.97362007 -5769188.3615372097 -31.559617346323691 -3.3491077433400247 0.33154508292210433 1813.3761664311808 -0.028017910556237497 -0.037535655911563916 -0.09513476901869114 0
664 1 1 57110400 -25744707.72320326 132399519.69860882 -5739576.6982506076 -31.447101357546256 -3.969952741913517 0.35386180987519017 1813.1408716008334 -0.028480841148904278 -0.039307830691303371 -0.096041898032789647 0
665 1 1 57196800 -28456438.337118771 132029837.96317257 -5708049.4727878626 -31.322426556860872 -4.5868110090963459 0.37588577127972261 1812.9021222023869 -0.02892763562176966 -0.041110017883426109 -0.096916290319093656 0
666 1 1 57283200 -31156877.17875414 131607040.21453261 -5674632.241494108 -31.185743078815968 -5.1994521654921906 0.39761097667327816 1812.6599336697618 -0.029356998762863604 -0.042942336412036361 -0.097756039095015845 0
667 1 1 57369600 -33844993.318764806 131131500.55708218 -5639351.0626369864 -31.037204773757935 -5.8076515650913718 0.4190317975832627 1812.41432410264 -0.029767587713902425 -0.044804808917888864 -0.098559238599917526 0
668 1 1 57456000 -36519769.273058422 130603612.25669418 -5602232.4652329804 -30.876968987697655 -6.4111903014930691 0.44014296505272327 1812.1653142402758 -0.030158015640646605 -0.046697360260547091 -0.099323991166702846 0
669 1 1 57542400 -39180201.295467407 130023787.24483728 -5563303.4181144619 -30.705196346567085 -7.0098552062005393 0.46093956655243623 1811.9129274256868 -0.030526856041911504 -0.04861981671524232 -0.10004841341241882 0
670 1 1 57628800 -41825299.651980683 129392455.62316793 -5522591.2992884154 -30.52205054512477 -7.6034388393558325 0.48141704231991245 1811.6571895608904 -0.030872647311612531 -0.050571904606882719 -0.10073064245862248 0
671 1 1 57715200 -44454088.876944989 128710065.16923669 -5480123.8656358486 -30.32769814071122 -8.1917394732751063 0.50157118113574439 1811.3981290532868 -0.031193896808397091 -0.052553249414270004 -0.10136884223087743 0
672 1 1 57801600 -47065608.011663273 127977080.84391464 -5435929.2229988789 -30.122308352059363 -8.7745610691667544 0.52139811558764948 1811.1357767541599 -0.031489086072586291 -0.054563375036241091 -0.10196120848145733 0
673 1 1 57888000 -49658910.825835481 127193984.30111204 -5390035.7966978867 -29.906052863334427 -9.3517132474093021 0.54089431684462597 1810.8701658893758 -0.031756675242292011 -0.056601703369499011 -0.10250597481233381 0
674 1 1 57974400 -52233066.022299059 126361273.40033008 -5342472.3025212046 -29.679105633538985 -9.923011251743084 0.560056588956103 1810.6013319827414 -0.031995108088404244 -0.058667553342525033 -0.10300141766236515 0
675 1 1 58060800 -54787157.425539196 125479461.7225568 -5293267.7182259038 -29.441642711433389 -10.488275907749312 0.57888206272680831 1810.3293127730449 -0.032202817368828157 -0.060760141024535905 -0.10344586108836264 0
676 1 1 58147200 -57320284.154450193 124549078.08998303 -5242451.255585378 -29.193842056060635 -11.047333575987622 0.59736818918568035 1810.0541481250089 -0.032378229455106565 -0.062878579285771466 -0.10383768155595728 0
677 1 1 58233600 -59831560.779834919 123570666.08998564 -5190052.3330178922 -28.935883362965399 -11.600016100147622 0.61551273267700335 1809.7758799347837 -0.032519769940581068 -0.065021878157719495 -0.10417531223526999 0
678 1 1 58320000 -62320117.467139438 122544783.60379295 -5136100.5488273045 -28.667947896199077 -12.146160750567287 0.63331376359946556 1809.494552030247 -0.032625869171225681 -0.067188944841442166 -0.10445724735420979 0
679 1 1 58406400 -64785100.104923591 121472002.34021774 -5080625.6550854566 -28.390218326128529 -12.68561016346924 0.6507696508209514 1809.2102100670359 -0.032694966875569234 -0.069378584598812965 -0.10468204597045297 0
680 1 1 58492800 -67225670.419570193 120352907.37481281 -5023657.5321828825 -28.102878573095097 -13.218212276257008 0.66787905379571655 1808.9229014207308 -0.032725518224297562 -0.071589501232026925 -0.10484833581573315 0
681 1 1 58579200 -69641006.076740906 119188096.69477518 -4965226.1640725126 -27.806113656957937 -13.743820259205753 0.68464091441302188 1808.6326750756639 -0.032715999102019888 -0.073820298465925929 -0.10495481648986833 0
682 1 1 58665600 -72030300.770085841 117978180.74989609 -4905361.6142285289 -27.500109552495147 -14.262292443876182 0.70105444859136679 1808.3395815107713 -0.032664911268467378 -0.076069480998867844 -0.1050002632026006 0
683 1 1 58752000 -74392764.29771255 116723782.00982615 -4844094.0023417352 -27.185053050662077 -14.773492248569138 0.71711913764798052 1808.043672583085 -0.032570788033303169 -0.078335456377809948 -0.1049835293229463 0
684 1 1 58838400 -76727622.626920462 115425534.52789783 -4781453.4817688596 -26.861131625686934 -15.277288101127725 0.73283471947382928 1807.7450014096194 -0.032432199643840982 -0.080616536486923754 -0.10490354945494378 0
685 1 1 58924800 -79034117.947702706 114084083.51172175 -4717470.2177527752 -26.528533307944684 -15.773553359385232 0.74820117951959142 1807.4436222477952 -0.032247758248529317 -0.082910939921472776 -0.10475934211999081 0
686 1 1 59011200 -81311508.715511724 112700084.90074734 -4652174.3664283799 -26.18744656256851 -16.262166229561114 0.7632187416282451 1807.1395903749406 -0.032016123583314425 -0.085216794428157078 -0.10455001196031982 0
687 1 1 59097600 -83559069.683783084 111274204.95095231 -4585596.0546264285 -25.838060173739041 -16.74300968287487 0.77788785873192101 1806.8329619674619 -0.031736007929373436 -0.087532139470638343 -0.10427475211080137 0
688 1 1 59184000 -85776091.926704302 109807119.82680459 -4517765.3604865586 -25.4805631345655 -17.215971370645804 0.79220920342849466 1806.5237939801661 -0.031406181241072341 -0.089854929144331783 -0.10393284617365818 0
689 1 1 59270400 -87961882.852707714 108299515.2006152 -4448712.2948888503 -25.115144542478568 -17.680943538146376 0.80618365846004136 1806.2121440260348 -0.031025476011593212 -0.092183035567950544 -0.10352367011744784 0
690 1 1 59356800 -90115766.209160343 106752085.85937896 -4378466.7837116476 -24.741993500044416 -18.137822937457614 0.81981230711152253 1805.8980702568533 -0.030592792240904377 -0.094514252317316694 -0.10304669387275366 0
691 1 1 59443200 -92237082.078714475 105165535.31917949 -4307058.6509216381 -24.361299021091231 -18.586510739559507 0.83309642354996227 1805.5816312454313 -0.030107101794459735 -0.096846298172820866 -0.10250148278189482 0
692 1 1 59529600 -94325186.867773429 103540575.44721356 -4234517.6025005924 -23.973249942052163 -19.026912445886882 0.84603746312039296 1805.2628858696178 -0.029567453471601862 -0.099176821155083569 -0.10188769887040729 0
693 1 1 59616000 -96379453.287518546 101877926.09147307 -4160873.2112119142 -23.578034838396313 -19.458937799573839 0.85863705261249079 1804.9418931983309 -0.028972976591874484 -0.10150340299843406 -0.10120510204241126 0
694 1 1 59702400 -98399270.327930614 100178314.71810104 -4086154.902208881 -23.17584194602771 -19.882500696582575 0.87089698051269138 1804.6187123802979 -0.028322885728324039 -0.10382356332460195 -0.10045355101513141 0
695 1 1 59788800 -100384043.22523122 98442476.05642426 -4010391.939484674 -22.766859087533099 -20.297519096918514 0.88281918727375341 1804.2934025361258 -0.027616484153373297 -0.10613476481302099 -0.099633003633569653 0
696 1 1 59875200 -102333193.42315577 96671151.751646027 -3933613.4131623236 -22.351273603136438 -20.703914936123088 0.89440575559379609 1803.9660226532403 -0.026853167804855919 -0.10843441802333563 -0.098743518230042945 0
697 1 1 59961600 -104246158.52846007 94865090.02516818 -3855848.2276239125 -21.92927228623331 -21.101614037200562 0.90565890072483346 1803.6366314847512 -0.026032428558495659 -0.11071988642995206 -0.097785253400116748 0
698 1 1 60048000 -106122392.26104951 93025045.342497587 -3777125.0904741422 -21.501041323361154 -21.490546023169976 0.91658096084685425 1803.3052874524233 -0.025153857550048175 -0.11298849251172177 -0.096758468285166113 0
699 1 1 60134400 -107961364.39910842 91151778.088675305 -3697472.5023333733 -21.066766238457259 -21.87064423037009 0.92717438749292747 1802.9720485541307 -0.024217147729143691 -0.11523752231143237 -0.095663522940478141 0
700 1 1 60220800 -109762560.71959274 89246054.251159802 -3616918.747455054 -20.626631841263197 -22.241845622668194 0.93744173604774306 1802.6369722761676 -0.023222096798224828 -0.11746423213393516 -0.094500877986222864 0
701 1 1 60307200 -111525482.93443984 87308645.110076129 -3535491.8851599102 -20.180822179742261 -22.604090706735089 0.94738565634342331 1802.3001155099626 -0.022168609646427133 -0.11966585434291747 -0.093271094252905362 0
702 1 1 60393600 -113249648.62283421 85340326.935737103 -3453219.7420785087 -19.729520496339656 -22.957323448464294 0.95700888335072731 1801.9615344748406 -0.021056699969993698 -0.12183960283997723 -0.09197483256690496 0
703 1 1 60480000 -114934591.15985467 83341880.69333148 -3370129.9051935258 -19.272909187942233 -23.301491190682679 0.96631422798187594 1801.6212846460776 -0.019886492306348428 -0.12398268014060235 -0.090612852927406562 0
704 1 1 60566400 -116579859.64181718 81314091.754661635 -3286249.7156710881 -18.811169769392457 -23.636544572252824 0.97530456802164389 1801.279420688797 -0.018658223223004759 -0.12609228294928934 -0.089186013773699627 0
705 1 1 60652800 -118185018.80861269 79257749.616808072 -3201606.2634699289 -18.344482840409228 -23.962437448659134 0.98398283919461205 1800.9359963979962 -0.017372242823517244 -0.12816560924388518 -0.087695270941311451 0
706 1 1 60739200 -119749648.96332967 77173647.627587244 -3116226.3827160751 -17.873028055754268 -24.279126814168027 0.99235202637710795 1800.5910646448765 -0.016029014904786105 -0.1301998640686611 -0.086141676691488353 0
707 1 1 60825600 -121273345.88943204 75062582.717664555 -3030136.6478303298 -17.396984098493434 -24.586572725643144 1.0004151549624642 1800.2446773295435 -0.014629117788899712 -0.13219226678414717 -0.08452637838558219 0
708 1 1 60912000 -122755720.76575716 72925355.139174968 -2943363.3703944194 -16.916528656219608 -24.884738228086515 1.0081752824004289 1799.8968853404938 -0.013173244345125019 -0.13414005690576666 -0.082850616832953181 0
709 1 1 60998400 -124196400.07958105 70762768.210700616 -2855932.5967405215 -16.431838400076771 -25.17358928196477 1.015635489909815 1799.5477385209754 -0.011662201735316425 -0.13604050126802686 -0.081115724979367282 0
710 1 1 61084800 -125595025.5379872 68575628.068447366 -2767870.1062489152 -15.943088966434605 -25.453094692393517 1.0227988743825371 1799.197285641902 -0.010096910614803334 -0.13789090040835331 -0.079323125669623448 0
711 1 1 61171200 -126951253.97776136 66364743.423458725 -2679201.410336527 -15.450454941083363 -25.723226040202771 1.0296685404786519 1798.8455743821237 -0.0084784046802485087 -0.13968859484021579 -0.077474330327250457 0
712 1 1 61257600 -128264757.27402464 64130925.324702576 -2589951.7521201815 -14.954109845792285 -25.983957614940934 1.0362475929256143 1798.4926513156292 -0.0068078287483451932 -0.14143097188998152 -0.07557093623704203 0
713 1 1 61344000 -129535222.24780154 61874986.927861117 -2500146.1067351736 -14.454226127097391 -26.235266349856147 1.0425391290432342 1798.1385619058142 -0.0050864378450236163 -0.14311547199094657 -0.073614624497204378 0
714 1 1 61430400 -130762350.57271212 59597743.269652128 -2409809.1822907375 -13.950975147184145 -26.477131758869696 1.0485462314779048 1797.7833505067658 -0.0033155947369171409 -0.14473959491468213 -0.071607157806583083 0
715 1 1 61516800 -131945858.68096028 57300011.047509059 -2318965.4214434233 -13.444527176717878 -26.709535875573195 1.0542719611698974 1797.4270603715013 -0.0014967680021312649 -0.14630090617376712 -0.069550377596361762 0
716 1 1 61603200 -133085477.66878332 54982608.404443488 -2227639.0035675126 -12.935051389502005 -26.932463194257089 1.0597193505640869 1797.0697336674525 0.00036847068375533835 -0.14779704273517555 -0.067446201408357692 0
717 1 1 61689600 -134180953.20151317 52646354.718914934 -2135853.8475017184 -12.422715858822185 -27.145900612984878 1.0648913970605975 1796.7114114986937 0.0022784494740791766 -0.1492257193014308 -0.065296620085869145 0
718 1 1 61776000 -135232045.41839093 50292070.399529852 -2043633.6148507639 -11.907687555359299 -27.349837378723585 1.0697910567236963 1796.3521339347201 0.0042313993746271004 -0.15058473389122734 -0.063103694512811587 0
719 1 1 61862400 -136238528.83726367 47920576.684393205 -1951001.7138193806 -11.390132346542492 -27.544265034517597 1.0744212382432714 1795.9919400458768 0.0062254579198375518 -0.15187197334829017 -0.060869552912347816 0
720 1 1 61948800 -137200192.25928384 45532695.444935985 -1857981.3035568283 -10.870214997224165 -27.729177368704939 1.0787847971659752 1795.6308679452279 0.0082586727095893837 -0.15308541867268549 -0.05859638695286716 0
721 1 1 62035200 -138116838.67371935 43129248.994042255 -1764595.2989875143 -10.348099171561437 -27.90457036616991 1.0828845304041175 1795.2689548364528 0.010329005604065101 -0.15422315025279915 -0.056286448718261092 0
722 1 1 62121600 -138988285.16297418 40711059.89830067 -1670866.3761046871 -9.8239474359796262 -28.070442161616 1.0867231710127008 1794.90623706726 0.01243433714590244 -0.15528335265785184 -0.053942047066064376 0
723 1 1 62208000 -139814362.80790868 38278950.794206947 -1576816.9777030332 -9.2979212631269323 -28.22679299483006 1.0903033832527391 1794.5427501886713 0.014572470638025149 -0.15626431903031987 -0.051565543931112581 0
724 1 1 62294400 -140594916.59353966 35833744.208145954 -1482469.3195253154 -8.7701810367028425 -28.373625167924914 1.0936277579448064 1794.1785290193807 0.01674113740642898 -0.15716445568022935 -0.049159350458137921 0
725 1 1 62380800 -141329805.3151921 33376262.379983321 -1387845.3967978158 -8.2408860570555831 -28.510943004538277 1.09669880811531 1793.8136077145298 0.018938001420483651 -0.15798228604391784 -0.046725923159269066 0
726 1 1 62467200 -142018901.4851639 30907327.090099432 -1292966.9911292398 -7.7101945474591949 -28.638752810940709 1.0995189649375499 1793.4480198392534 0.021160664669882971 -0.15871645411291802 -0.044267759900585256 0
727 1 1 62553600 -142662091.23995891 28427759.489701971 -1197855.6777472408 -7.1782636609658788 -28.757062839033654 1.1020905739774471 1793.0817984459759 0.023406672469937644 -0.159365728220034 -0.041787395669136418 0
728 1 1 62640000 -143259274.24813429 25938379.934254956 -1102532.8330462822 -6.6452494877523778 -28.865883251201026 1.1044158917374027 1792.7149761549349 0.025673518868000105 -0.15992900381342706 -0.039287398691457621 0
729 1 1 62726400 -143810363.61879972 23440007.819866449 -1007019.6424210352 -6.1113070628697743 -28.965226086964403 1.1064970825093976 1792.3475852380102 0.027958652360178578 -0.16040530620710525 -0.036770365752398317 0
730 1 1 62812800 -144315285.81080171 20933461.422480181 -911337.10835786304 -5.5765903743185303 -29.055105231416967 1.1083362155429735 1791.9796577047239 0.030259481440309818 -0.1607937931866556 -0.034238918055718708 0
731 1 1 62899200 -144773980.54261595 18419557.739719596 -815506.05875793565 -5.0412523713516908 -29.135536385379705 1.1099352625170973 1791.6112253901429 0.032573381135117138 -0.16109375662395384 -0.031695696835179095 0
732 1 1 62985600 -145186400.70296377 15899112.335237747 -719547.15546523535 -4.5054449729486832 -29.206537037233655 1.1112960953269408 1791.2423200444337 0.03489769813769332 -0.16130462434352594 -0.029143358776172124 0
733 1 1 63072000 -145552512.26216742 13372939.185429523 -623480.90297197632 -3.9693190763949202 -29.268126436399836 1.1124204841902199 1790.8729734227791 0.037229757271693642 -0.16142596161824027 -0.026584571397273011 0
734 1 1 63158400 -145872294.18424702 10841850.528366422 -527327.65727414971 -3.4330245658753848 -29.320325568394171 1.113310096062853 1790.5032173758261 0.039566867541624744 -0.16145747151206405 -0.024022008754758472 0
735 1 1 63244800 -146145738.33975843 8306656.7148203133 -431107.63485066616 -2.8967103210336576 -29.363157131418856 1.113966493365713 1790.133083939771 0.04190632817041566 -0.16139899599890048 -0.021458346690819682 0
736 1 1 63331200 -146372849.41936818 5768166.061244498 -334840.92173852806 -2.3605242254390508 -29.396645514445517 1.1143911330348439 1789.7626054253244 0.044245434554030481 -0.16125051579452956 -0.018896258071970904 0
737 1 1 63417600 -146553644.84815231 3227184.7045865762 -238547.48267672889 -1.8246131749002028 -29.420816776726365 1.114585365874915 1789.3918145053485 0.046581484475189318 -0.1610121503435798 -0.016338408624045852 0
738 1 1 63504000 -146688154.70060652 684516.45881128462 -142247.17029267389 -1.2891230855661395 -29.435698628687724 1.1145504362309475 1789.0207443003053 0.048911784218404503 -0.16068415713179357 -0.013787451626226665 0
739 1 1 63590400 -146776421.61634347 -1859037.3269833536 -45959.734302986231 -0.75419890177160209 -29.441320414147391 1.1142874819723321 1788.6494284612147 0.051233654475773931 -0.16026693079811954 -0.011246023886209893 0
740 1 1 63676800 -146818500.71645698 -4402677.9089691145 50295.169296902146 -0.21998460358516339 -29.437713093812476 1.113797534775701 1788.2779012491508 0.053544436186357396 -0.15976100205755428 -0.0087167408381672376 0
741 1 1 63763200 -146814459.52052307 -6945609.2876178995 146497.96908101378 0.31337678599622393 -29.424909229990952 1.1130815207126614 1787.9061976111739 0.055841496708412514 -0.1591670357031455 -0.0062021922536273531 0
742 1 1 63849600 -146764377.86420581 -9487038.3454618547 242629.16910493607 0.84574319422707922 -29.402942972477035 1.112140261146767 1787.5343532518514 0.058122234871455028 -0.15848582928289434 -0.003704937133108386 0
743 1 1 63936000 -146668347.81743574 -12026174.983682763 338669.3399086367 1.3769734922228687 -29.371850045543926 1.1109744739249046 1787.1624047000983 0.060384087538932311 -0.15771831002531908 -0.0012274998897136295 0
744 1 1 64022400 -146526473.60311911 -14562232.257623026 434599.10963402997 1.9069274890316874 -29.331667735992131 1.1095847748495473 1786.7903893708112 0.062624534359934189 -0.15686553293569547 0.0012276343658889531 0
745 1 1 64108800 -146338871.51633993 -17094426.511308853 530399.15528288216 2.4354659261759894 -29.282434882220237 1.1079716794534353 1786.4183456203587 0.064841103315361262 -0.15592867776028768 0.0036580243896643157 0
746 1 1 64195200 -146105669.84401107 -19621977.511070266 626050.19414023403 2.9624504727287904 -29.224191864235937 1.1061356050505105 1786.0463127961705 0.067031376330860509 -0.15490904551760523 0.0060612767159140416 0
747 1 1 64281600 -145827008.78492758 -22144108.578337297 721532.97538675833 3.4877437209197781 -29.156980594573888 1.1040768730641111 1785.6743312797107 0.069192993531785735 -0.15380805548708396 0.0084350502567606452 0
748 1 1 64368000 -145503040.37017551 -24660046.721689131 816828.27192432759 4.0112091823033875 -29.080844510070218 1.1017957116265216 1785.3024425223025 0.071323658798485359 -0.15262724125136345 0.010777060045107648 0
749 1 1 64454400 -145133928.38384622 -27169022.768227026 911916.87243709597 4.5327112845271778 -28.995828564429821 1.0992922584342815 1784.9306890736866 0.07342114423290827 -0.15136824674768681 0.01308508137869613 0
750 1 1 64540800 -144719848.28400433 -29670271.494338322 1006779.5737109937 5.0521153686900719 -28.901979221555543 1.0965665638756101 1784.5591146027198 0.075483294387857794 -0.15003282243890756 0.015356954109105477 0
751 1 1 64627200 -144260987.12385741 -32163031.755914889 1101397.1732342609 5.5692876873244366 -28.799344449580712 1.0936185943984111 1784.187763910079 0.077508030909977127 -0.14862282058906812 0.017590585774115246 0
752 1 1 64713600 -143757543.4730722 -34646546.618084282 1195750.4620988984 6.0840954030234755 -28.687973715548605 1.0904482361170158 1783.8166829329116 0.079493356608677082 -0.14714019074335011 0.019783955829384244 0
753 1 1 64800000 -143209727.3391811 -37120063.484508291 1289820.2182245019 6.5964065877073024 -28.567917980717109 1.0870552986590942 1783.4459187405832 0.081437359050757649 -0.14558697543455432 0.02193511887992404 0
754 1 1 64886400 -142617760.0890252 -39582834.226300769 1383587.1999242443 7.1060902225523277 -28.439229696423521 1.0834395192450132 1783.0755195218078 0.08333821466220874 -0.14396530467934479 0.024042208651321052 0
755 1 1 64972800 -141981874.37017226 -42034115.310610443 1477032.1398327418 7.6130161985972009 -28.301962800465997 1.0796005669707871 1782.7055345630224 0.085194192038319266 -0.14227739139452641 0.026103440282464675 0
756 1 1 65059200 -141302314.03225484 -44473167.928912625 1570135.7392124918 8.117055318019867 -28.156172713975778 1.0755380473056424 1782.336014217366 0.087003655186773388 -0.1405255261830875 0.028117114688473183 0
757 1 1 65145600 -140579334.048168 -46899258.125049882 1662878.6626588898 8.6180792961032928 -28.001916338720143 1.0712515068024886 1781.9670098645943 0.088765066780328375 -0.13871207192170246 0.030081620796269339 0
758 1 1 65232000 -139813200.43506688 -49311656.923056841 1755241.5332193212 9.115960763896096 -27.839252054805751 1.066740437978581 1781.5985738616632 0.09047699103493205 -0.13683945865473274 0.031995438524413576 0
759 1 1 65318400 -139004190.17510444 -51709640.454802707 1847204.9279423712 9.6105732715701411 -27.668239718742363 1.0620042843916027 1781.2307594837625 0.092138096479201154 -0.13491017800458505 0.033857141834738827 0
760 1 1 65404800 -138152591.13584936 -54092490.087480485 1938749.3738733593 10.101791292478433 -27.488940661825421 1.057042445887943 1780.863620856006 0.09374715843758169 -0.13292677779620549 0.035665400985570146 0
761 1 1 65491200 -137258701.99032182 -56459492.550968915 2029855.3445099504 10.589490227917448 -27.301417688803667 1.051854284006482 1780.4972128756747 0.095303061478609702 -0.13089185646446799 0.037418985042696133 0
762 1 1 65577600 -136322832.13658896 -58809940.065090396 2120503.2567318492 11.073546412598652 -27.105735076796424 1.0464391275494682 1780.1315911247636 0.096804801633647283 -0.12880805759562231 0.039116764503759241 0
763 1 1 65664000 -135345301.61685511 -61143130.46678488 2210673.4682180611 11.553837120826985 -26.901958574423254 1.0407962782876448 1779.7668117732419 0.098251488401494086 -0.12667806420031227 0.040757712748738101 0
764 1 1 65750400 -134326441.03598887 -63458367.337216355 2300346.2753624381 12.030240573395233 -26.690155401114001 1.0349250167990962 1779.4029314727211 0.099642346900362805 -0.12450459326423141 0.042340908637865486 0
765 1 1 65836800 -133266591.47942272 -65754960.128826812 2389501.9116997751 12.502635945184737 -26.470394246569736 1.0288246084373767 1779.0400072407133 0.10097671925462179 -0.12229039009353745 0.04386553783770597 0
766 1 1 65923200 -132166104.4303661 -68032224.292348146 2478120.5468520834 12.970903373481306 -26.242745270331046 1.0224943094100727 1778.6780963357746 0.10225406675030432 -0.12003822249521998 0.045330894823728846 0
767 1 1 66009600 -131025341.68626855 -70289481.403781131 2566182.2860051175 13.434923967001431 -26.007280101437864 1.0159333729688083 1778.3172561231488 0.1034739708216289 -0.1177508756212339 0.046736384233143996 0
768 1 1 66096000 -129844675.27447303 -72526059.291347623 2653667.169923705 13.894579815629815 -25.764071838142868 1.0091410556914007 1777.9575439313214 0.10463613502519659 -0.11543114591504776 0.0480815222480536 0
769 1 1 66182400 -128624487.36699587 -74741292.162418842 2740555.1755136196 14.349754000871124 -25.513195047643997 1.0021166238485264 1777.5990168996368 0.10574038593314695 -0.11308183581860586 0.049365937683514521 0
770 1 1 66268800 -127365170.19437468 -76934520.730420545 2826826.2169366614 14.800330607008384 -25.254725765813138 0.99485935984135998 1777.2417318171399 0.10678667469921989 -0.11070574796125669 0.050589372962391882 0
771 1 1 66355200 -126067125.95851998 -79105092.341714099 2912460.1472850856 15.24619473296984 -24.988741496897369 0.9873685687132866 1776.8857449523789 0.10777507787359955 -0.10830568005547105 0.051751685311674893 0
772 1 1 66441600 -124730766.74451227 -81252361.102448538 2997436.7608212214 15.687232504904374 -24.715321213151054 0.97964358471325441 1776.5311118748666 0.10870579887354274 -0.10588441866959336 0.052852847021612477 0
773 1 1 66528000 -123356514.43128119 -83375688.005377576 3081735.7957859165 16.123331089461622 -24.434545354378031 0.97168377790557592 1776.1778872681468 0.10957916857667103 -0.10344473437477482 0.053892946456743078 0
774 1 1 66614400 -121944800.60110758 -85474441.056632087 3165336.9377798894 16.554378707771132 -24.146495827361662 0.96348856081138279 1775.8261247346588 0.11039564654093356 -0.10098937571845511 0.054872187863288631 0
775 1 1 66700800 -120496066.44788705 -87547995.402437046 3248219.8237198447 16.980264650121466 -23.851256005142634 0.95505739508197629 1775.4758765927575 0.11115582157396865 -0.098521063962062422 0.055790892398014769 0
776 1 1 66787200 -119010762.6840959 -89595733.455759302 3330364.046372469 17.400879291331325 -23.548910726128838 0.94638979818656221 1775.1271936659962 0.11186041268599863 -0.096042487423478554 0.056649497362946326 0
777 1 1 66873600 -117489349.44639844 -91617045.022869304 3411749.1594656664 17.81611410681521 -23.239546293004601 0.93748535009691025 1774.7801250650343 0.1125102697170617 -0.093556296015691681 0.057448556677926824 0
778 1 1 66960000 -115932296.19983695 -93611327.429799572 3492354.6833778708 18.225861689332127 -22.923250471408284 0.92834369997525557 1774.4347179624865 0.1131063739156339 -0.091065095436690752 0.058188740338730935 0
779 1 1 67046400 -114340081.6405452 -95577985.648677751 3572160.1114043989 18.630015766408246 -22.600112488359009 0.91896457284672062 1774.0910173610616 0.11364983827331382 -0.088571441906405327 0.05887083428103395 0
780 1 1 67132800 -112713193.59692782 -97516432.423911721 3651144.916599127 19.028471218431161 -22.270223030401507 0.90934777623478169 1773.7490658554741 0.11414190806196077 -0.086077836179746334 0.059495739138687068 0
781 1 1 67219200 -111052128.92924726 -99426088.398201481 3729288.5591876507 19.42112409740982 -21.933674241435146 0.89949320676564015 1773.408903388372 0.11458396099462662 -0.083586717970603255 0.060064470313210425 0
782 1 1 67305600 -109357393.42756233 -101306382.23834887 3806570.4945497466 19.807871646375293 -21.590559720212216 0.88940085672602565 1773.0705670009427 0.11497750700015588 -0.081100460269937752 0.060578156215092931 0
783 1 1 67392000 -107629501.70796233 -103156750.76083556 3882970.181764774 20.188612319426721 -21.240974517467194 0.87907082054325369 1772.7340905788401 0.11532418853736878 -0.078621363300702338 0.061038037314356051 0
784 1 1 67478400 -105868977.1070426 -104976639.05713631 3958467.0927143153 20.563245802395638 -20.885015132652587 0.86850330119992858 1772.3995045939223 0.11562577955759254 -0.076151648791338802 0.061445464776247176 0
785 1 1 67564800 -104076351.57456823 -106765500.61873212 4033040.7217353098 20.931673034114411 -20.522779510252334 0.85769861655921231 1772.0668358426628 0.1158841853670759 -0.073693453735612924 0.061801898730390353 0
786 1 1 67651200 -102252165.56427474 -108522797.46178558 4106670.5958151212 21.29379622827263 -20.154367035649347 0.84665720558076263 1771.7361071819521 0.11610144109173939 -0.071248824647305017 0.06210890621222892 0
787 1 1 67737600 -100396967.92275614 -110248000.25143915 4179336.2853184952 21.649518895831449 -19.779878530517014 0.83537963441662977 1771.4073372634275 0.11627971059872473 -0.068819711045963572 0.062368159065382116 0
788 1 1 67824000 -98511315.776392773 -111940588.42569318 4251017.4152356852 21.998745867979334 -19.399416247702959 0.82386660237624465 1771.0805402670969 0.11642128440625577 -0.0664079594028672 0.062581431490817296 0
789 1 1 67910400 -96595774.416273564 -113600050.31881976 4321693.6769392928 22.341383319590914 -19.013083865588584 0.81211894773116744 1770.7557256357265 0.11652857736051273 -0.064015306791487744 0.062750596945253256 0
790 1 1 67996800 -94650917.181071326 -115225883.28426524 4391344.840435151 22.67733879315622 -18.62098648189205 0.80013765334799003 1770.4328978113433 0.11660412544370183 -0.061643374488902961 0.062877625243064672 0
791 1 1 68083200 -92677325.33783105 -116817593.81699213 4459950.7670918833 23.006521223146521 -18.223230606890603 0.78792385212767435 1770.1120559752092 0.11665058231332658 -0.05929366153076928 0.062964578685151942 0
792 1 1 68169600 -90675587.960635692 -118374697.67521021 4527491.4228310147 23.328840960774333 -17.819924156041782 0.77547883222745051 1769.7931937929727 0.11667071466916183 -0.056967538342522217 0.06301360830668272 0
793 1 1 68256000 -88646301.807117596 -119896720.00144267 4593946.8917584224 23.644209799098313 -17.411176441980771 0.76280404204879848 1769.4762991668042 0.11666739707471402 -0.054666240268065214 0.063026949360783568 0
794 1 1 68342400 -86590071.192787871 -121383195.4428736 4659297.3902153298 23.952540998417575 -16.997098165876782 0.74990109495602608 1769.1613539969089 0.11664360540918996 -0.052390861339283841 0.063006916294836582 0
795 1 1 68428800 -84507507.863160715 -122833668.27092035 4723523.2812244501 24.253749311909882 -16.577801408129954 0.73677177370233882 1768.8483339542163 0.11660241006436149 -0.050142347916358118 0.062955897357924145 0
796 1 1 68515200 -82399230.863654539 -124247692.49997291 4786605.0893052621 24.54775101144573 -16.153399618395067 0.72341803454307807 1768.5372082667955 0.11654696700261007 -0.047921492755757307 0.062876348773138732 0
797 1 1 68601600 -80265866.407257736 -125624832.00524223 4848523.5156296808 24.834463913508522 -15.724007604930989 0.70984201099419131 1768.2279395228652 0.11648050848659929 -0.045728929357174521 0.062770787826978536 0
798 1 1 68688000 -78108047.739952579 -126964660.63965875 4909259.4534861119 25.11380740516239 -15.289741523260057 0.69604601721235115 1767.9204834928171 0.11640633200570993 -0.043565126286493623 0.062641786088732457 0
799 1 1 68774400 -75926415.003895789 -128266762.34976125 4968794.0040182238 25.385702469986018 -14.850718864139381 0.68203255096185955 1767.6147889735012 0.11632778810941559 -0.041430382378907005 0.06249196118955852 0
800 1 1 68860800 -73721615.098363265 -129530731.29051715 5027108.4922006847 25.65007171389545 -14.407058440854065 0.66780429613404013 1767.3107976578401 0.11624826654727893 -0.039324822238908361 0.062323968732555482 0
801 1 1 68947200 -71494301.538471222 -130756171.93901575 5084184.4830124285 25.906839390780423 -13.958880375843036 0.65336412478945627 1767.0084440327612 0.11617118138684646 -0.037248392653557033 0.062140492900002044 0
802 1 1 69033600 -69245134.311692685 -131942699.20697759 5140003.7977641569 26.155931427873615 -13.506306086667651 0.63871509868344634 1766.7076553089512 0.11609995423465383 -0.03520085932581634 0.061944236875469037 0
803 1 1 69120000 -66974779.732197396 -133089938.55202444 5194548.5305343727 26.397275450769143 -13.049458271352091 0.62386047024556723 1766.4083513856792 0.11603799636989112 -0.033181805191163101 0.061737912290877245 0
804 1 1 69206400 -64683910.293047518 -134197526.08765599 5247801.0646652654 26.630800808014143 -12.588460893127353 0.60880368298360443 1766.110444853771 0.11598868922022641 -0.031190629177112874 0.061524228483770295 0
805 1 1 69292800 -62373204.51628986 -135265108.69188449 5299744.0892673889 26.856438595200842 -12.123439164608126 0.59354837127114002 1765.81384104006 0.11595536390561931 -0.029226546538651491 0.06130588041775499 0
806 1 1 69379200 -60043346.800990917 -136292344.11447924 5350360.6156782685 27.074121678480651 -11.654519531458998 0.57809835949903188 1765.5184380962553 0.11594127897219868 -0.027288590544992181 0.06108553714200407 0
807 1 1 69465600 -57695027.269267589 -137278901.08277914 5399633.9938200396 27.283784717443467 -11.181829655592459 0.56245766057584767 1765.2241271345495 0.11594959795722408 -0.025375615353506704 0.06086582907216731 0
808 1 1 69552000 -55328941.610370159 -138224459.40603629 5447547.9283977654 27.48536418730847 -10.705498397956779 0.54663047373816742 1764.9307924126192 0.11598336532161674 -0.023486300780268355 0.060649335070240812 0
809 1 1 69638400 -52945790.92287983 -139128710.07825586 5494086.4948788537 27.6787984003752 -10.225655800981642 0.53062118167460715 1764.6383115697702 0.11604548238272795 -0.021619158620414403 0.060438569751439901 0
810 1 1 69724800 -50546281.555085428 -139991355.37950784 5539234.1551939026 27.86402752671701 -9.7424330707415674 0.51443434694757262 1764.3465559152876 0.11613868279563824 -0.019772540666517794 0.060235970028387875 0
811 1 1 69811200 -48131124.943606213 -140812108.97568771 5582975.7730978075 28.0409936140897 -9.2559625589160355 0.49807470771274676 1764.0553907700892 0.11626550786618359 -0.017944648901881258 0.060043882443718076 0
812 1 1 69897600 -45701037.450327799 -141590696.01671219 5625296.6291315109 28.209640607066635 -8.7663777446141111 0.48154717275537978 1763.7646758610892 0.11642828278509409 -0.016133547057822852 0.059864550409174003 0
813 1 1 69984000 -43256740.197717756 -142326853.23314115 5666182.4351254003 28.369914365416758 -8.273813216133874 0.46485681584598026 1763.4742657679424 0.11662909299554529 -0.014337174437696446 0.059700101794322585 0
814 1 1 70070400 -40798958.90258576 -143020329.03122431 5705619.3481877921 28.521762681747681 -7.7784046527342996 0.44800886947783208 1763.1840104204341 0.1168697621750848 -0.012553361290251645 0.059552537783700329 0
815 1 1 70156800 -38328423.708340131 -143670883.58637339 5743593.9841117961 28.665135298717416 -7.280288806441737 0.43100871757310055 1762.8937556436506 0.11715183662111617 -0.010779845228064433 0.059423712369158513 0
816 1 1 70243200 -35845869.015770786 -144278288.93515253 5780093.431000337 28.799983925589487 -6.7796034861544774 0.41386191001672157 1762.6033432904878 0.11747652103647141 -0.009014298846612645 0.059315408814560454 0
817 1 1 70329600 -33352033.31273286 -144842329.06436384 5815105.247809709 28.926262243542919 -6.2764874966948323 0.39657369834897838 1762.3126216278224 0.11784417044030132 -0.0072533970735268348 0.059219360654420593 0
818 1 1 70416000 -30847659.000468016 -145362800.00071707 5848617.4854630232 29.043925975889913 -5.7710808056124714 0.37915100802624557 1762.0214034237335 0.11825254737370088 -0.0055027160136087742 0.059222943784858074 0
819 1 1 70502400 -28333492.271046128 -145839509.93832174 5880619.1340930108 29.152931115520861 -5.2635252146018745 0.36160995338928259 1761.7293868119941 0.1186360389072779 -0.0037813759134130418 0.059560557534994348 0
820 1 1 70588800 -25810283.165070578 -146272279.37716135 5911100.6709640874 29.253232808824183 -4.7539633984360883 0.34396438784620681 1761.4364340274865 0.11895548845287625 -0.0020648349444218933 0.059953415338264822 0
821 1 1 70675200 -23278785.521822628 -146660941.18205383 5940053.7065520845 29.344788706768711 -4.2425394397789891 0.32623316633014199 1761.1422889660439 0.11925589653198362 -0.00039077680753972147 0.060870772026934895 0
822 1 1 70761600 -20739756.744774912 -147005340.77307674 5967472.110685057 29.427557588371791 -3.7293995265212665 0.3084441717976894 1760.846546413848 0.11945940671291 0.0012451499922325299 0.0621328269110865 0
823 1 3 70803517.302998438 -19505450.622348767 -147156438.66451573 5980220.0690531004 29.464535657216356 -3.4798729152707804 0.29979731058654147 1760.7024555881255 0 0 0 49
824 1 1 70848000 -18193957.769350015 -147305336.18977547 5993351.566297885 29.501500303765951 -3.2146892017315971 0.29061007472388578 1760.5491068169852 0.11964916107132074 0.0028906708583890271 0.063389237200365267 0
825 1 1 70934400 -15642156.128598394 -147560797.58470219 6017689.9045522213 29.566497235164842 -2.6985438530128869 0.2727742518018601 1760.2524456145143 0.11987521190823036 0.0044293974964621525 0.064742238169384486 0
826 1 1 71020800 -13085089.744584458 -147771613.03699103 6040471.8850084525 29.623727213215396 -2.181298503241194 0.25442988502800101 1759.9170258341858 0.1623513076060355 -0.00050729433296913852 0.048147221802665063 0
827 1 1 71107200 -10523399.522326944 -147937698.84831986 6061640.6403676672 29.673163666061622 -1.6631062823953791 0.23558810390422219 1759.5399487544437 0.16267732075151659 0.00083856769257313428 0.049732515854784422 0
828 1 1 71193600 -7957828.1474492019 -148058969.47428992 6081182.7251472464 29.713569217687319 -1.1439356152817473 0.21677365022077952 1759.1644851227682 0.16291202053353371 0.0022014715462647509 0.051289634132285308 0
829 1 1 71280000 -5389153.2187083708 -148135347.42431381 6099098.967227458 29.74500066338571 -0.62394908155870465 0.19795365722819222 1758.7875248466787 0.16309149714870499 0.0035656793787057208 0.052834718960741996 0
830 1 1 71366400 -2818151.2410118245 -148166768.73264635 6115389.0957083236 29.767431898134145 -0.10329789792125552 0.17913292012209472 1758.4091462988299 0.16320909438394851 0.0049303527762072797 0.054365964000604568 0
831 1 1 71452800 -245600.88582779837 -148153182.54286182 6130053.2507575089 29.780838937986836 0.41786568808435842 0.16031617409081558 1758.0294408248794 0.163264025615838 0.0062933916342305558 0.055883051798319754 0
832 1 1 71539200 2327717.207029555 -148094551.19909018 6143091.982288965 29.785200210796539 0.93938835936628251 0.14150816780765066 1757.6485013173801 0.16325560033880956 0.0076525011492933372 0.057385584829897161 0
833 1 1 71625600 4901020.6393850083 -147990850.33724761 6154506.2508214461 29.78049659427738 1.4611157580014245 0.12271365708927277 1757.2664226594384 0.16318323790993805 0.0090053428978928082 0.058873150691931712 0
834 1 1 71712000 7473525.4685417637 -147842068.97356486 6164297.4280342245 29.766711466284082 1.9828925180284735 0.10393740346010159 1756.8833015790976 0.16304647131368127 0.010349544719062881 0.060345322929863665 0
835 1 1 71798400 10044446.425466733 -147648209.59019196 6172467.2971909409 29.743830755115624 2.5045623003226303 0.085184172535106045 1756.4992365025937 0.16284495087048209 0.011682705235149372 0.061801660705721108 0
836 1 1 71884800 12612997.137320532 -147409288.21769083 6179018.053419888 29.711842989767089 3.0259678297442623 0.066458732310400961 1756.1143274043925 0.16257844757657508 0.013002399106933194 0.063241708112403511 0
837 1 1 71971200 15178390.354323551 -147125334.51421857 6183952.3038428379 29.670739350035266 3.5469509346137258 0.047765851371821232 1755.7286756537817 0.16224685650709481 0.014306182277120598 0.064664994126793357 0
838 1 1 72057600 17739838.180941198 -146796391.84119844 6187273.0675459281 29.620513716373146 4.0673525885421196 0.02911029702688496 1755.3423838581675 0.16185019960065458 0.015591597653843121 0.066071032137287211 0
839 1 1 72144000 20296552.311361875 -146422517.33527452 6188983.7753854487 29.561162719390644 4.5870129546367622 0.010496833352963468 1754.9555557033163 0.16138862861175926 0.016856180548305705 0.067459319693676731 0
840 1 1 72230400 22847744.269232951 -146003781.97634283 6189088.2696216553 29.49268578889772 5.1057714321125607 -0.0080697808319180973 1754.5682957904103 0.1608624274638914 0.018097465088370377 0.068829338275996632 0
841 1 1 72316800 25392625.651609704 -145540270.65145096 6187590.8033741741 29.415085202364097 5.623466705330924 -0.026584794067311495 1754.1807094705907 0.16027201412049635 0.019312990194474102 0.070180553351755895 0
842 1 1 72403200 27930408.377062343 -145032082.21435493 6184496.0398931187 29.328366132695447 6.1399367952657951 -0.045043464420531865 1753.7929026767868 0.15961794272992449 0.020500305943423693 0.071512414068444788 0
843 1 1 72489600 30460304.937877286 -144479329.54052535 6179809.0516395345 29.232536695208942 6.6550191134140686 -0.06344106172780492 1753.4049817530815 0.15890090480830696 0.021656980182704105 0.072824353354694879 0
844 1 1 72576000 32981528.656277988 -143882139.5773887 6173535.3191694627 29.127607993687889 7.1685505181439053 -0.081772869898572575 1753.0170532819222 0.15812173060251139 0.022780604942757288 0.074115787882856277 0
845 1 1 72662400 35493293.944581166 -143240653.38959661 6165680.7298162524 29.013594165396292 7.6803673734840334 -0.10003418928145048 1752.6292239093923 0.15728138955023033 0.023868803537262527 0.075386118239432212 0
846 1 1 72748800 37994816.569192536 -142555026.19910812 6156251.5761659471 28.890512424929209 8.1903056103446854 -0.11822033908652747 1752.2416001689205 0.15638099079902545 0.024919237206355156 0.076634729063810761 0
847 1 1 72835200 40485313.918336935 -141825427.41988081 6145254.5543210823 28.758383106782016 8.6982007901473111 -0.13632665986117562 1751.8542883035143 0.15542178309277357 0.025929612165880054 0.077860989312554973 0
848 1 1 72921600 42964005.27340664 -141052040.68695876 6132696.761948376 28.61722970651779 9.203888170850048 -0.15434851601544966 1751.4673940867085 0.15440515455875267 0.026897686658425762 0.079064252517631495 0
849 1 1 73008000 45430112.08380127 -140235063.87975484 6118585.6961062299 28.46707892039808 9.7072027753326964 -0.17228129839374956 1751.081022643029 0.15333263142835568 0.027821277848004589 0.08024385715807715 0
850 1 1 73094400 47882858.245120838 -139374709.13932288 6102929.2508483306 28.307960683357098 10.207979462116478 -0.19012042688367339 1750.6952782679816 0.1522058771448975 0.02869826921508227 0.081399127196857032 0
851 1 1 73180800 50321470.380564459 -138471202.87942073 6085735.7146002781 28.139908205207611 10.706052998367189 -0.20786135306235515 1750.310264247609 0.15102669063912191 0.02952661712380469 0.082529372425909103 0
852 1 1 73267200 52745178.125375651 -137524785.79116869 6067013.767306082 27.962958004937299 11.201258135141801 -0.22549956287464443 1749.9260826785935 0.14979700401599852 0.030304358417406699 0.083633889167835235 0
853 1 1 73353600 55153214.414164029 -136535712.84111139 6046772.4773423569 27.777149942977129 11.693429684829907 -0.24303057933175434 1749.542834288937 0.14851888009846848 0.031029617047826665 0.084711960961742425 0
854 1 1 73440000 57544815.770923294 -135504253.26249731 6025021.2981984066 27.582527251325395 12.182402600707761 -0.26044996523212099 1749.1606182596909 0.14719450943964191 0.031700610837020513 0.085762859172876432 0
855 1 1 73526400 59919222.601554759 -134430690.53959399 6001770.0649204152 27.379136561404128 12.668012058558672 -0.27775332589918095 1748.7795320481275 0.14582620690979731 0.032315658594840084 0.086785843806568799 0
856 1 1 73612800 62275679.48869551 -133315322.38486657 5977028.9903187556 27.167027929530452 13.150093540284486 -0.29493631192590353 1748.399671212627 0.14441640783224521 0.032873186615709177 0.087780164417819911 0
857 1 1 73699200 64613435.488639742 -132158460.7088473 5950808.6609381251 26.946254859874422 13.628482919415974 -0.31199462191840721 1748.0211292402182 0.14296766334281893 0.033371735114233435 0.088745061122190438 0
858 1 1 73785600 66931744.43013151 -130960431.58253966 5923120.0327907018 26.71687432481383 14.103016548442081 -0.32892400524070031 1747.6439973764316 0.14148263641266703 0.033809964599113063 0.089679765379001838 0
859 1 1 73872000 69229865.214799404 -129721575.19220132 5893974.4268522654 26.478946782555855 14.573531347863083 -0.34572026475130185 1747.2683644586068 0.13996409572351101 0.034186661882135705 0.090583501241131903 0
860 1 1 73958400 71507062.118991375 -128442245.78636175 5863383.5243227435 26.23253619191324 15.039864896864191 -0.36237925952169964 1746.8943167532279 0.13841491067575795 0.034500745903179947 0.091455486409678641 0
861 1 1 74044800 73762605.096760437 -127122811.61494005 5831359.3616526881 25.977710024159379 15.501855525509031 -0.37889690753307764 1746.5219377967594 0.1368380453180375 0.034751273438458796 0.092294933523745529 0
862 1 1 74131200 75995770.083744302 -125763654.86033502 5797914.3253378877 25.71453927183628 15.959342408338017 -0.39526918834936187 1746.1513082415786 0.13523655169853468 0.034937444304110325 0.093101051202100424 0
863 1 1 74217600 78205839.301670954 -124365171.56037247 5763061.1464843024 25.443098454432786 16.412165659249084 -0.41149214575422577 1745.7825057069501 0.13361356334196359 0.035058606330587883 0.093873045654066581 0
864 1 1 74304000 80392101.563216478 -122927771.52300346 5726812.8951471224 25.163465620841663 16.860166427537202 -0.42756189034734682 1745.4156046356425 0.1319722877911686 0.035114259947787864 0.094610121785462936 0
865 1 1 74390400 82553852.576933056 -121451878.23266001 5689182.9744470632 24.875722348510973 17.303186994963617 -0.44347460210033818 1745.0506761568606 0.13031599932644358 0.035104062513773605 0.095311484717612777 0
866 1 1 74476800 84690395.251958296 -119937928.7481833 5650185.1144683287 24.579953739217132 17.741070873722709 -0.45922653285292175 1744.6877879554302 0.12864803097964947 0.035027832249721655 0.095976341416515856 0
867 1 1 74563200 86801040.002210245 -118386373.59225497 5609833.3659433825 24.276248411379868 18.173662905156252 -0.47481400875528318 1744.3270041484159 0.12697176633219096 0.034885551469818601 0.096603901922142452 0
868 1 1 74649600 88885105.049766511 -116797676.63227184 5568142.0937290303 23.964698488856762 18.600809359074056 -0.49023343265124691 1743.9683851695154 0.12529063098800203 0.034677369813759039 0.097193381049101399 0
869 1 1 74736000 90941916.727121949 -115172314.95261849 5525125.9700799296 23.645399586159787 19.022358033535177 -0.50548128638373124 1743.61198766134 0.12360808384370824 0.034403606745575334 0.097744000112206172 0
870 1 1 74822400 92970809.778012067 -113510778.71830459 5480799.9677261394 23.318450790047159 19.438158354931723 -0.52055413302688625 1743.2578643761788 0.12192760815686329 0.034064753722396153 0.098254988368965304 0
871 1 1 74908800 94971127.656487271 -111813571.02994762 5435179.3527609399 22.983954637435836 19.84806147821212 -0.53544861904411278 1742.9060640862763 0.1202527019919319 0.03366147554157272 0.098725584649533973 0
872 1 1 74995200 96942222.823919326 -110081207.77009618 5388279.6773459967 22.642017089606121 20.251920387084663 -0.55016147635474955 1742.5566315034814 0.11858686908357872 0.033194611593584854 0.099155039239727807 0
873 1 1 75081600 98883457.043617591 -108314217.44090177 5340116.7722420013 22.292747502672395 20.649589994046064 -0.56468952431040786 1742.2096072087013 0.11693360899258416 0.032665176450593775 0.09954261536902928 0
874 1 1 75168000 100794201.67273159 -106513140.99316294 5290706.7391724642 21.936258594293296 21.040927240055161 -0.5790296715765274 1741.8650275919397 0.11529640742892659 0.032074359638199726 0.099887591094217978 0
875 1 1 75254400 102673837.95111507 -104678531.64677779 5240065.9430293106 21.572666406618545 21.425791193686429 -0.59317891791636157 1741.5229248030437 0.11367872641401279 0.031423525221058804 0.10018926075989402 0
876 1 1 75340800 104521757.28682517 -102810954.70265906 5188211.0039287182 21.202090265460264 21.804043149598172 -0.60713435586604581 1741.183326713563 0.11208399412070921 0.03071421063044744 0.10044693711667579 0
877 1 1 75427200 106337361.53793152 -100910987.34617674 5135158.7891271906 20.82465273570196 22.175546726135465 -0.62089317230287433 1740.8462568900527 0.11051559513752304 0.029948124830415562 0.100659952575788 0
878 1 1 75513600 108120063.29031108 -98979218.442212373 5080926.4048064388 20.44047957296053 22.540167961893196 -0.6344526499061981 1740.5117345791914 0.10897686026865401 0.02912714589873509 0.10082766121017289 0
879 1 1 75600000 109869286.13110468 -97016248.321920246 5025531.1877373345 20.049699671520219 22.897775411078335 -0.64781016849908812 1740.1797747047531 0.10747105664284118 0.028253318401648089 0.10094944025344955 0
880 1 1 75686400 111584464.91751549 -95022688.561307952 4968990.6968328236 19.652445008573672 23.248240237491235 -0.66096320627487637 1739.8503878768049 0.10600137767879794 0.027328849510936108 0.10102469184619707 0
881 1 1 75772800 113265046.04063246 -92999161.751763165 4911322.7046002001 19.248850584816498 23.591436306947948 -0.67390934090040067 1739.5235804130014 0.10457093350090201 0.026356104952362382 0.10105284464324159 0
882 1 1 75859200 114910487.68396443 -90946301.262668282 4852545.1885032253 18.839054361445864 23.927240277982126 -0.68664625050060901 1739.199354372164 0.10318274111232247 0.025337604202967136 0.10103335527640682 0
883 1 1 75945600 116520260.07637854 -88864750.996258274 4792676.3222444272 18.423197193615081 24.255531690659726 -0.69917171451878624 1738.877707600258 0.10183971486304194 0.024276015286221891 0.10096571000514792 0
884 1 1 76032000 118093845.73913792 -86755165.134893253 4731734.466978645 18.001422760423644 24.576193053335452 -0.71148361444978125 1738.5586337883553 0.10054465734323095 0.023174148587114581 0.10084942612546303 0
885 1 1 76118400 119630739.7267441 -84618207.880929902 4669738.1624685191 17.573877491520843 24.889109927184371 -0.72357993445039215 1738.2421225425539 0.099300250329832251 0.02203495033976572 0.10068405335045098 0
886 1 1 76204800 121130449.86129443 -82454553.189390883 4606706.1181927016 17.140710490400675 25.194171008363131 -0.73545876182177228 1737.9281594656381 0.098109045925845725 0.020861495725705996 0.10046917524099055 0
887 1 1 76291200 122592496.96007264 -80264884.493643701 4542657.2044179095 16.702073454489867 25.491268207637315 -0.74711828736647334 1737.6167262500592 0.096973458343098798 0.019656980949162621 0.10020441037459075 0
888 1 1 76377600 124016415.05610058 -78049894.424314633 4477610.4432454966 16.258120592138248 25.780296727322423 -0.75855680561839134 1737.307800781527 0.095895755936383248 0.018424715171691825 0.099889413686923237 0
889 1 1 76464000 125401751.61138788 -75810284.521676123 4411584.9996436015 15.809008536613792 26.061155135405379 -0.76977271495091881 1737.0013572530327 0.094878053442744942 0.017168111896025899 0.099523877343230677 0
890 1 1 76550400 126748067.72262521 -73546764.941757113 4344600.1724751685 15.354896257222801 26.333745436697953 -0.78076451755937903 1736.6973662884952 0.093922304903573839 0.015890679623901782 0.099107532077645513 0
891 1 1 76636800 128054938.31907953 -71260054.156438261 4276675.3855330553 14.895944967692236 26.59797314089635 -0.79153081931972424 1736.3957950749545 0.093030297138814069 0.014596012497259982 0.09864014787430829 0
892 1 1 76723200 129321952.35245951 -68950878.647805482 4207830.1785922851 14.432318031934674 26.853747327421466 -0.80207032953004365 1736.0966075030026 0.092203643220899287 0.013287780108766956 0.098121534977482827 0
893 1 1 76809600 130548712.97853085 -66619972.597044185 4138084.1984899724 13.964180867340303 27.100980706921501 -0.81238186053005201 1735.799764314191 0.09144377711306341 0.011969717342130464 0.097551544600945284 0
894 1 1 76896000 131734837.73027518 -64268077.568168029 4067457.1902430509 13.491700845751335 27.339589679328615 -0.82246432720744966 1735.5052232543292 0.090751948524796899 0.010645613535114559 0.096930069553987405 0
895 1 1 76982400 132879958.68239774 -61895942.186884381 3995968.9882136355 13.015047192259535 27.569494388366596 -0.83231674638710718 1735.2129392317242 0.090129218318130477 0.0093193016820634824 0.096257044964748822 0
896 1 1 77068800 133983722.60700299 -59504321.814906143 3923639.5073320945 12.534390881984757 27.790618772425411 -0.84193823610995944 1734.9228644793147 0.089576454556094712 0.0079946473657643152 0.095532448585860075 0
897 1 1 77155200 135045791.1202707 -57093978.22002887 3850488.7343868958 12.049904535002881 28.002890611709514 -0.85132801480563169 1734.6349487193932 0.089094329348470253 0.006675537248710145 0.094756301304027596 0
898 1 1 77241600 136065840.81997967 -54665679.24229762 3776536.7193908882 11.561762309585248 28.20624157158867 -0.86048540035122412 1734.3491393294755 0.088683316022681133 0.0053658678111613272 0.093928667585007217 0
899 1 1 77328000 137043563.41374007 -52220198.456594549 3701803.5670331866 11.070139793914942 28.400607242091926 -0.86940980903594656 1734.0653815087628 0.088343687106109361 0.0040695338331489059 0.093049655290182123 0
900 1 1 77414400 137978665.83781147 -49758314.831982985 3626309.4282247704 10.575213896456606 28.585927173487548 -0.87810075441862634 1733.7836184433606 0.088075512914855852 0.0027904169997771998 0.092119416458961129 0
901 1 1 77500800 138870870.36639518 -47280812.388147898 3550074.491747648 10.077162735147548 28.762144907906364 -0.88655784608314547 1733.5037914693794 0.087878660619395282 0.0015323744800571609 0.091138146897520617 0
902 1 1 77587200 139719914.71130976 -44788479.849276856 3473118.9760149922 9.5761655255919091 28.929208006965276 -0.89478078830854346 1733.2258402331206 0.087752794306081572 0.000299227421570051 0.090106086377013547 0
903 1 1 77673600 140525552.11196953 -42282110.295727551 3395463.120950684 9.0724024684344151 29.087068075373516 -0.90276937863563911 1732.9497028466603 0.087697375285272272 -0.00090524996594182371 0.08902351875142743 0
904 1 1 77760000 141287551.41560173 -39762500.813830025 3317127.1799967429 8.5660546360775012 29.235680780507504 -0.9105235063428303 1732.6753160386877 0.087711662987154382 -0.0020773415112864705 0.087890771729171424 0
905 1 1 77846400 142005697.14765573 -37230452.144172028 3238131.4122561407 8.0573038589364767 29.375005867943525 -0.91804315083498544 1732.4026152993554 0.087794717043829434 -0.0032133997003005546 0.086708216813892028 0
906 1 1 77932800 142679789.5723699 -34686768.328716859 3158496.0747786178 7.546332611396684 29.505007172955427 -0.92532837994618555 1732.131535018822 0.087945399012554076 -0.0043098561363025647 0.085476269043168129 0
907 1 1 78019200 143309644.74347916 -32132256.357101675 3078241.4149968987 7.0333238976519041 29.625652627989187 -0.93237934815234902 1731.8620086187182 0.088162375735178794 -0.0053632315501878783 0.08419538705100002 0
908 1 1 78105600 143895094.54506046 -29567725.812463105 2997387.6633211682 6.518461137594219 29.736914266137749 -0.9391962947003839 1731.5939686764823 0.08844412208457382 -0.0063701455202978914 0.082866072581511685 0
909 1 1 78192000 144435986.72252584 -26993988.51713426 2915955.0258983723 6.0019280529252335 29.838768220643104 -0.94577954166068234 1731.3273470426273 0.088788925376109218 -0.0073273258156318286 0.081488870337183217 0
910 1 1 78278400 144932184.90379319 -24411858.178554989 2833963.6775434562 5.4839085536619994 29.931194720470902 -0.95212949189502916 1731.0620749505429 0.089194889302440475 -0.0082316170758445894 0.080064367757917032 0
911 1 1 78364800 145383568.61067298 -21822150.035732489 2751433.7548496136 4.9645866251942641 30.014178082001322 -0.95824662694695251 1730.7980831195193 0.089659939073819139 -0.009079989364122406 0.07859319466843441 0
912 1 1 78451200 145790033.26052615 -19225680.506585725 2668385.3494839622 4.4441462160661027 30.087706696892301 -0.96413150485813182 1730.5353018510843 0.090181826631238096 -0.0098695458657467316 0.077076022947109524 0
913 1 1 78537600 146151490.15826446 -16623266.836501503 2584838.501674999 3.9227711266251624 30.151773016176534 -0.96978475791469709 1730.2736611197674 0.09075813622426239 -0.010597530486088131 0.075513566076136018 0
914 1 1 78624000 146467866.47877184 -14015726.748424903 2500813.1938976999 3.4006448987055742 30.206373530660425 -0.97520709032417952 1730.0130906585646 0.091386290841250231 -0.011261334548642652 0.073906578830434652 0
915 1 1 78710400 146739105.23984551 -11403878.094800159 2416329.3447624538 2.8779507064880949 30.251508747705245 -0.98039927582159991 1729.7535200400616 0.092063558403455051 -0.011858503209442511 0.072255856908114077 0
916 1 1 78796800 146965165.26576266 -8788538.5116711091 2331406.8031134745 2.3548712486804471 30.287183164467244 -0.98536215521658077 1729.494878754487 0.092787058881833653 -0.012386741249068613 0.070562236268756989 0
917 1 1 78883200 147146021.14159399 -6170525.0752435969 2246065.3423414864 1.8315886421650824 30.313405237684748 -0.99009663388509239 1729.2370962854732 0.093553771417251477 -0.012843918396339502 0.068826592680585955 0
918 1 1 78969600 147281663.15839675 -3550653.9612040212 2160324.6549155712 1.3082843172390186 30.33018735010716 -0.99460367920598092 1728.9801021848953 0.094360541786452826 -0.013228073959808923 0.067049841100537313 0
919 1 1 79056000 147372097.2494297 -929740.10707994527 2074204.3471385923 0.78513891458737761 30.337545773663894 -0.9988843179499316 1728.7238261475616 0.095204090505245378 -0.013537421066837434 0.065232935018050636 0
920 1 1 79142400 147417344.91754657 1691403.1220796322 1987723.9341300004 0.26233218410615972 30.335500629468164 -1.0029396336287977 1728.4681980871901 0.096081020594773442 -0.013770350443496763 0.063376865621536257 0
921 1 1 79228800 147417443.15393057 4311964.2644355549 1900902.835039228 -0.25995711430732343 30.324075844766654 -1.0067707638078625 1728.2131482146669 0.09698782621295983 -0.013925433435716965 0.061482661098853558 0
922 1 1 79315200 147372444.34834871 6931134.0882422533 1813760.3684926373 -0.78155130787246108 30.303299106943228 -1.0103788973909977 1727.9586071192462 0.097920901256851503 -0.014001424785216234 0.059551385530082324 0
923 1 1 79401600 147282416.19110671 9548105.9146339949 1726315.7482758432 -1.3022739058572095 30.273201814685631 -1.0137652718855414 1727.7045058539484 0.098876548054053492 -0.013997264745094096 0.057584138020507242 0
924 1 1 79488000 147147441.5669018 12162075.936073663 1638588.0792532836 -1.8219496922158309 30.233819026433945 -1.0169311706480324 1727.4507760255117 0.0998509865923497 -0.01391208076312179 0.055582051587497065 0
925 1 1 79574400 146967618.44077352 14772243.530234085 1550596.3535258309 -2.3404048158317265 30.185189406222541 -1.0198779201318051 1727.1973498894702 0.10084036377311068 -0.013745188823495498 0.053546291676545718 0
926 1 1 79660800 146743059.73636419 17377811.569091767 1462359.4468261292 -2.8574668782831241 30.127355167033855 -1.0226068871323162 1726.9441604506806 0.10184076276360199 -0.013496094245780264 0.051478055221791753 0
927 1 1 79747200 146473893.20670673 19977986.723023377 1373896.1151519201 -3.3729650190419838 30.060362011790996 -1.0251194760401854 1726.6911415692512 0.10284821274743512 -0.01316449194679494 0.049378568904605201 0
928 1 1 79833600 146160261.29776508 22571979.759706322 1285224.9916357133 -3.886729998032973 29.98425907210434 -1.0274171261133047 1726.4382280719803 0.10385869843202435 -0.0127502666273758 0.04724908790254588 0
929 1 1 79920000 145802321.00495771 25159005.837634064 1196364.5836494518 -4.3985942754760394 29.899098844890531 -1.0295013087701799 1726.1853558686357 0.10486817021230609 -0.01225349238483971 0.045090894121417709 0
930 1 1 80006400 145400243.72290298 27738284.794068247 1107333.2701414553 -4.9083920889453054 29.804937126996791 -1.0313735249187963 1725.9324620726272 0.10587255395038321 -0.011674431846229391 0.042905294561941289 0
931 1 1 80092800 144954215.08862898 30309041.427260432 1018149.2992027468 -5.4159595275919834 29.7018329479451 -1.0330353023187164 1725.6794851253867 0.10686776110278702 -0.011013535358819399 0.040693619680691746 0
932 1 1 80179200 144464434.81849465 32870505.772786062 928830.78585948388 -5.9211346034683459 29.589848500921647 -1.03448819298789 1725.4263649232269 0.10784969894848778 -0.010271439412548381 0.038457221468741136 0
933 1 1 80265600 143931116.539076 35421913.373844765 839395.7100872671 -6.4237573199112417 29.469049072137913 -1.0357337706583334 1725.1730429457912 0.10881428064967626 -0.009448965110366447 0.036197471747808012 0
934 1 1 80352000 143354487.61227158 37962505.545391291 749861.91504313983 -6.923669736943129 29.339502968679987 -1.0367736282839439 1724.9194623847764 0.10975743558131758 -0.0085471162166214296 0.033915760229761269 0
935 1 1 80438400 142734788.95488906 40491529.631971791 660247.10551044752 -7.4207160336497742 29.201281444975123 -1.0376093756038967 1724.6655682713808 0.11067511959541992 -0.0075670768593699448 0.031613492788267382 0
936 1 1 80524800 142072274.85297227 43008239.259151861 570568.8465517459 -7.9147425675165008 29.054458627997672 -1.0382426367663167 1724.4113076015685 0.11156332499265401 -0.0065102090530141793 0.029292089452805998 0
937 1 1 80611200 141367212.77113473 45511894.578431726 480844.56236419629 -8.4055979306925828 28.899111441330586 -1.0386750480154356 1724.1566294574268 0.11241809096782715 -0.0053780500548959208 0.026952982665884643 0
938 1 1 80697600 140619883.15716553 48001762.505555652 391091.53533205896 -8.8931330031630313 28.735319528209011 -1.0389082554446269 1723.9014851230754 0.11323551359558398 -0.0041723092154322553 0.024597615309861823 0
939 1 1 80784000 139830579.24217466 50477116.952132627 301326.90527052392 -9.3772010028289667 28.563165173667954 -1.0389439128103126 1723.6458281942751 0.11401175572466501 -0.0028948647710808971 0.022227439229199359 0
940 1 1 80870400 138999606.83654484 52937239.050496183 211567.6688558168 -9.8576575324856623 28.382733225908588 -1.0387836794114318 1723.3896146802558 0.114743056946181 -0.0015477603533352511 0.019843913209092491 0
941 1 1 80956800 138127284.12195942 55381417.371740855 121830.67923533745 -10.334360623694998 28.194111017010218 -1.0384292180383679 1723.1328030965517 0.11542574335552319 -0.00013320102226853749 0.017448501472866793 0
942 1 1 81043200 137213941.43977287 57808948.13688428 32132.645812367344 -10.807170777568857 27.997388283100502 -1.0378821929857491 1722.8753545481734 0.11605623689061266 0.0013464505825633445 0.01504267194048428 0
943 1 1 81129600 136259921.07599038 60219135.421112537 -57509.86580055704 -11.275951002473667 27.792657084104327 -1.0371442681338912 1722.6172328022813 0.11663106478837723 0.002888678841170752 0.012627894699109458 0
944 1 1 81216000 135265577.0431231 62611291.351078168 -147080.43366513582 -11.740566848668726 27.580011723189084 -1.0362171050900544 1722.3584043494006 0.11714686866427117 0.0044908196008489228 0.01020564064205352 0
945 1 1 81302400 134231274.85918128 64984736.295228928 -236562.7792429633 -12.200886439912534 27.359548666016199 -1.0351023613966095 1722.0988384532291 0.11760041314780159 0.0061500652000985442 0.007777379820179669 0
946 1 1 81388800 133157391.32406703 67338799.047155976 -325940.76696934935 -12.656780502061363 27.131366459923342 -1.0338016888048047 1721.8385071885102 0.11798859456526664 0.0078634698380016001 0.0053445802188377498 0
947 1 1 81475200 132044314.29362464 69672817.001960307 -415198.4036805575 -13.108122388693038 26.895565653140771 -1.0323167316100581 1721.5773854667907 0.11830844901203837 0.0096279549347195736 0.0029087063414762757 0
948 1 1 81561600 130892442.45160429 71986136.325644895 -504319.83790007606 -13.554788103804292 26.652248714154393 -1.0306491250521967 1721.3154510505158 0.1185571600932773 0.011440315181004242 0.00047121798453668992 0
949 1 1 81648000 129702185.07978933 74278112.117550135 -593289.35898925946 -13.996656321620842 26.401519951328265 -1.0288004937756707 1721.0526845554232 0.11873206644089081 0.013297224668871024 -0.0019664309414988584 0
950 1 1 81734400 128473961.82653481 76548108.565859616 -682091.39616777957 -14.433608403571274 26.143485432887733 -1.0267724503579876 1720.7890694416849 0.1188306686320581 0.015195243410425861 -0.0044027938061672765 0
951 1 1 81820800 127208202.47396046 78795499.096212044 -770710.51740980928 -14.865528412480222 25.878252907370427 -1.0245665939008333 1720.5245919943259 0.11885063583197759 0.017130824220605433 -0.0068364321758352968 0
952 1 1 81907200 125905346.70403504 81019666.513463616 -859131.42822096602 -15.292303124037801 25.605931724646862 -1.0221845086822614 1720.2592412934521 0.11878981187069063 0.019100319865894642 -0.0092659170830803172 0
953 1 1 81993600 124565843.86378528 83220003.136655048 -947338.97030197002 -15.713822035612258 25.326632757604497 -1.0196277628821238 1719.9930091751546 0.11864622082031377 0.021099990448266777 -0.01168983024970853 0
954 1 1 82080000 123190152.72985572 85395910.927243948 -1035318.120105008 -16.129977372469792 25.040468324595924 -1.0168979073701445 1719.7258901837138 0.11841807219039957 0.023126011312706592 -0.014106764956625245 0
955 1 1 82166400 121778741.27264069 87546801.610673234 -1123053.9872881682 -16.540664091466738 24.747552112740362 -1.0139964745629988 1719.4578815156774 0.11810376563905332 0.025174480952873116 -0.016515327397253879 0
956 1 1 82252800 120332086.42020394 89672096.791352853 -1210531.8130744672 -16.945779882302848 24.447999102164164 -1.0109249773557958 1719.1889829572879 0.11770189464855606 0.027241429374876655 -0.01891413766421126 0
957 1 1 82339200 118850673.82219228 91771228.061139226 -1297736.9685215205 -17.345225166396588 24.141925491268058 -1.0076849081240762 1718.9191968154041 0.11721125065767789 0.029322826638973974 -0.021301830932519212 0
958 1 1 82425600 117334997.61394697 93843637.101405352 -1384654.9527084068 -17.738903093463538 23.829448623100493 -1.004277737805837 1718.6485278427626 0.11663082558206847 0.031414591678145733 -0.023677058676734211 0
959 1 1 82512000 115785560.18100585 95888775.778799817 -1471271.3908464368 -18.126719535894992 23.510686912908874 -1.0007049150549965 1718.3769831591376 0.11595981433823944 0.03351260111933467 -0.026038489536432483 0
960 1 1 82598400 114202871.92418438 97906106.234799847 -1557572.0323199942 -18.508583081003184 23.185759776943186 -0.99696786547454208 1718.104572168352 0.11519761678287542 0.03561269860405291 -0.02838481075667184 0
961 1 1 82684800 112587451.02541506 99895100.969169825 -1643542.7486650879 -18.884405021225078 22.854787562585148 -0.99306799093918996 1717.831306471963 0.11434383891964806 0.03771070410256306 -0.03071472932576064 0
962 1 1 82771200 110939823.2145187 101855242.91744167 -1729169.5314928053 -19.254099342375934 22.517891479849965 -0.98900666899676204 1717.5571997807253 0.11339829355373998 0.039802423026843545 -0.033026973031828291 0
963 1 1 82857600 109260521.53707102 103786025.52253899 -1814438.4903646703 -19.617582710037201 22.175193534329718 -0.98478525235620196 1717.2822678240898 0.11236100048232349 0.041883656100539388 -0.035320291804411395 0
964 1 1 82944000 107550086.12352338 105686952.80067177 -1899335.8506277523 -19.974774454172866 21.826816461630099 -0.9804050684664789 1717.006528258431 0.11123218587137321 0.043950208595115191 -0.037593458870264621 0
965 1 1 83030400 105809063.95972565 107557539.40163249 -1983847.9512170581 -20.325596552058606 21.472883663345534 -0.97586741918011888 1716.7300005743693 0.11001228151205002 0.045997900166632966 -0.039845271867874919 0
966 1 1 83116800 104038008.65899329 109397310.66362819 -2067961.242432816 -20.669973609621483 21.113519144616088 -0.97117358051152713 1716.452706003769 0.1087019228565211 0.048022574113765322 -0.042074554285808301 0
967 1 1 83203200 102237480.23585273 111205802.6627876 -2151662.2837009961 -21.007832841279019 20.748847453303942 -0.96632480248677044 1716.1746674267342 0.10730194725741936 0.050020107140726348 -0.044280156443039592 0
968 1 1 83289600 100408044.88158965 112982562.25748457 -2234937.7413246068 -21.339104048363026 20.378993620828336 -0.96132230908371141 1715.8959092786179 0.10581339109462412 0.051986418658193749 -0.046460956851501777 0
969 1 1 83376000 98550274.741719455 114727147.12762146 -2317774.386233951 -21.663719596233161 20.004083104677576 -0.95616729826529467 1715.6164574579561 0.1042374865174453 0.053917480041842311 -0.048615863253079462 0
970 1 1 83462400 96664747.695488393 116439125.80901957 -2400159.091743656 -21.981614390160122 19.624241732633017 -0.95086094210530092 1715.3363392349399 0.102575657876306 0.055809324005950504 -0.05074381393384312 0
971 1 1 83548800 94752047.137508586 118118077.72306515 -2482078.8313246686 -22.292725850067956 19.239595648715785 -0.94540438700682206 1715.0555831606955 0.10082951748832389 0.057658053285241435 -0.052843778729334497 0
972 1 1 83635200 92812761.761620969 119763593.20175993 -2563520.6763989041 -22.596993884230027 18.850271260874795 -0.93979875400902213 1714.7742189776957 0.099000860921201417 0.059459849733915937 -0.054914760162792065 0
973 1 1 83721600 90847485.347073376 121375273.50832756 -2644471.7941642776 -22.894360862003335 18.456395190431511 -0.93404513918284049 1714.4922775311215 0.097091661937399876 0.061210982726720833 -0.056955794434073906 0
974 1 1 83808000 88856816.547092557 122952730.85352853 -2724919.445457648 -23.184771585685837 18.058094223278445 -0.92814461411313109 1714.2097906813435 0.095104066944232318 0.06290781746402882 -0.058965952452870805 0
975 1 1 83894400 86841358.679922476 124495588.4078342 -2804850.9826631756 -23.468173261586237 17.655495262839469 -0.92209822646734463 1713.9267912175424 0.093040388976242422 0.064546823005711934 -0.06094434079329162 0
976 1 1 83980800 84801719.52239351 126003480.30961256 -2884253.8476733514 -23.744515470381806 17.248725284788453 -0.91590700064461039 1713.6433127722942 0.090903101578485385 0.066124579922039614 -0.062890102494255917 0
977 1 1 84067200 82738511.106080294 127476051.66947772 -2963115.5699094213 -24.013750136854082 16.837911293522051 -0.90957193850185458 1713.3593897373678 0.088694831792302184 0.067637787730678883 -0.064802417867354384 0
978 1 1 84153600 80652349.516098395 128912958.57095419 -3041423.7644078224 -24.275831499076581 16.423180280377213 -0.90309402015473983 1713.0750571805092 0.086418353515023597 0.069083271848970923 -0.066680505195642947 0
979 1 1 84240000 78543854.692584485 130313868.06760566 -3119166.1299789338 -24.530716077127671 16.004659183581353 -0.89647420485056095 1712.7903507630037 0.084076579976502044 0.070457990308417817 -0.068523621411545194 0
980 1 1 84326400 76413650.234896854 131678458.17677821 -3196330.4474440888 -24.778362641414454 15.582474849914515 -0.88971343190451824 1712.505306658544 0.081672556183762776 0.071759039799331625 -0.070331062493651272 0
981 1 1 84412800 74262363.208567783 133006417.87010415 -3272904.577956182 -25.018732180666465 15.156753998074066 -0.8828126217010096 1712.2199614725764 0.079209451292810804 0.072983661882729936 -0.072102164152457515 0
982 1 1 84499200 72090623.95503217 134297447.0609135 -3348876.4614093769 -25.251787869679912 14.727623183712488 -0.87577267674930181 1711.9343521627306 0.076690550264515364 0.074129247972527762 -0.073836301854197817 0
983 1 1 84585600 69899065.904151693 135551256.58869579 -3424234.1149419812 -25.477495036875695 14.29520876612291 -0.86859448278813955 1711.6485159602219 0.074119245952296867 0.075193344671511578 -0.075532891302956498 0
984 1 1 84672000 67688325.389548331 136767568.20075452 -3498965.6315371273 -25.695821131733336 13.859636876555218 -0.86127890994201328 1711.3624902917149 0.071499030499745667 0.076173658196696817 -0.07719138851319958 0
985 1 1 84758400 65459041.466753237 137946114.53119266 -3573059.1787249991 -25.906735692167693 13.421033388123501 -0.85382681391431281 1711.0763127022406 0.068833486986498521 0.077068058528410532 -0.078811289795924083 0
986 1 1 84844800 63211855.734176189 139086639.07736602 -3646502.9973896751 -26.110210311905455 12.979523887278043 -0.84623903721622484 1710.7900207789085 0.066126280657395037 0.077874583071476017 -0.080392131751208587 0
987 1 1 84931200 60947412.156890422 140188896.17393887 -3719285.4006835255 -26.306218607920904 12.535233646806928 -0.83851641042542413 1710.5036520755664 0.063381150315314466 0.078591439858867018 -0.081933491039131792 0
988 1 1 85017600 58666356.893227249 141252650.96467024 -3791394.7730513555 -26.49473618797963 12.088287600333176 -0.83065975346733545 1710.2172440383456 0.06060189958038685 0.079217010344389202 -0.083434984111605826 0
989 1 1 85104000 56369338.124168083 142277679.37206209 -3862819.5693660635 -26.675740618347405 11.638810318273663 -0.82266987691403548 1709.9308339322306 0.057792388030517575 0.079749851780992531 -0.084896266802757483 0
990 1 1 85190400 54057005.885517359 143263768.06499013 -3933548.3141771592 -26.84921139171297 11.186925985213243 -0.81454758329813048 1709.6444587688661 0.0549565224221545 0.08018869884811955 -0.086317033943728722 0
991 1 1 85276800 51730011.902836367 144210714.42444059 -4003569.6010730923 -27.015129895367284 10.732758378664068 -0.80629366842940298 1709.358155235604 0.052098247976373059 0.080532465418866064 -0.087697018547524166 0
992 1 1 85363200 49389009.42911347 145118326.50747028 -4072872.0921573467 -27.17347937968362 10.276430849167538 -0.79790892271545022 1709.071959625817 0.049221539632211118 0.080780245236401177 -0.089035991436021991 0
993 1 1 85449600 47034653.08514332 145986423.00950348 -4141444.517638755 -27.324244926942821 9.8180663016925589 -0.78939413247908541 1708.785907770892 0.046330393336649719 0.080931312641279646 -0.090333760175175387 0
994 1 1 85536000 44667598.70258306 146814833.22507623 -4209275.6755349431 -27.467413420541458 9.3577871782968902 -0.78075008126272005 1708.5000349739619 0.043428817466955309 0.08098512264871198 -0.091590168375653841 0
995 1 1 85622400 42288503.16965124 147603397.00713581 -4276354.431488147 -27.602973514616302 8.8957154419970568 -0.77197755112216637 1708.2143759456253 0.040520824404606595 0.080941310471946762 -0.092805094685979667 0
996 1 1 85708800 39898024.279431999 148351964.72499701 -4342669.7186919395 -27.730915604118536 8.4319725618153551 -0.76307732390070704 1707.9289647416892 0.037610422189435402 0.08079969113068966 -0.093978451793721232 0
997 1 1 85795200 37496820.580744289 149060397.22105622 -4408210.5379270334 -27.851231795371532 7.9666794989570899 -0.75405018247793276 1707.6438347033261 0.03470160626643274 0.080560258067190763 -0.09511018523049182 0
998 1 1 85881600 35085551.231532782 149728565.76635739 -4472965.9577038232 -27.963915877142917 7.499956694067083 -0.74489691199277286 1707.3590183999549 0.031798351393174891 0.080223181744254912 -0.096200272352967242 0
999 1 1 85968000 32664875.854735151 150356352.01510352 -4536925.1145094251 -28.068963292249151 7.0319240555338514 -0.73561830103731174 1707.0745475746671 0.028904603970940152 0.079788807883839616 -0.097248721028128648 0
1000 1 1 86054400 30235454.396578912 150943647.95819989 -4600077.2131561618 -28.166371109724533 6.5627009487883496 -0.72621514281034172 1706.790453092998 0.026024274084572772 0.079257655050484863 -0.098255568269898383 0
1001 1 1 86140800 27797946.987257335 151490355.87591535 -4662411.527228185 -28.256137997576658 6.0924061865561994 -0.71668823623813727 1706.5067648948718 0.023161228224479538 0.07863041226088785 -0.099220879155379749 0
1002 1 1 86227200 25353013.803933557 151996388.28973976 -4723917.3996233549 -28.338264196143157 5.621158020020312 -0.70703838705337618 1706.223511950102 0.02031928191685627 0.077907935910137782 -0.10014474517715086 0
1003 1 1 86313600 22901314.936019901 152461667.91351664 -4784584.2431860911 -28.412751492070324 5.1490741308484305 -0.69726640882512192 1705.9407222179225 0.017502192812950786 0.07709124667789316 -0.10102728293907291 0
1004 1 1 86400000 20443510.252678122 152886127.60392252 -4844401.5414274549 -28.479603192928828 4.6762716240482307 -0.68737312394712424 1705.6584226103291 0.014713653804879779 0.076181526020004206 -0.1018686327499576 0
1005 1 1 86486400 17980259.272484507 153269710.31036302 -4903358.849328611 -28.538824102485865 4.2028670216035202 -0.67735936457888557 1705.3766389597185 0.011957286438904917 0.075180112360915513 -0.10266895716369508 0
1006 1 1 86572800 15512221.03520298 153612369.02435112 -4961445.7942234306 -28.590420496638199 3.7289762568444513 -0.66722597353610957 1705.0953959911851 0.009236634791803755 0.074088496876757101 -0.10342843947160271 0
1007 1 1 86659200 13040053.975608602 153914066.72842997 -5018652.0767558366 -28.63440010001943 3.2547146695180569 -0.65697380513111503 1704.8147172994527 0.0065551593196237603 0.072908319430673746 -0.10414728226856243 0
1008 1 1 86745600 10564415.799302481 154174776.3446981 -5074967.4719074965 -28.67077206329536 2.7801970015206625 -0.64660372595865956 1704.5346253307232 0.0039162311185021994 0.071641363946045949 -0.10482570582504352 0
1009 1 1 86832000 8085963.36045874 154394480.68299299 -5130381.8300910685 -28.699546941146778 2.3055373932388208 -0.63611661563073019 1704.2551413697897 0.001323126572613783 0.070289553477779348 -0.10546394679277371 0
1010 1 1 86918400 5605352.5414436636 154573172.38878343 -5184885.0783049269 -28.720736670950139 1.8308493804698869 -0.62551336746226616 1703.9762855322504 -0.0012209779651893321 0.068854945501373221 -0.10606225665940076 0
1011 1 1 87004800 3123238.1342464858 154710853.89081961 -5238467.2213446759 -28.734354552160131 1.3562458918825908 -0.61479488910035918 1703.6980767622513 -0.0037130109422352018 0.067339726583468193 -0.10662090024129564 0
1012 1 1 87091200 640273.72366124974 154807537.34858525 -5291118.3430667259 -28.740415226395811 0.88183924697314753 -0.60396210310175535 1703.4205328358905 -0.006150010313351403 0.065746207126954198 -0.10714015431145502 0
1013 1 1 87177600 -1842888.4278413877 154863244.59959403 -5342828.6076996466 -28.738934658232562 0.40774115449010129 -0.59301594745930075 1703.1436703701365 -0.0085291277327613595 0.064076816044545834 -0.10762030615063461 0
1014 1 1 87264000 -4325597.4936131174 154878007.10656852 -5393588.2611987451 -28.729930116698725 -0.065937288718177542 -0.58195737607820563 1702.8675048375837 -0.010847632633443455 0.062334094922205929 -0.10806165223009014 0
1015 1 1 87350400 -6807204.1947589274 154851865.90453586 -5443387.6326396549 -28.713420157481956 -0.53908559846616 -0.57078735920163426 1702.5920505870702 -0.013102916007619453 0.060520692523879246 -0.10846449677774969 0
1016 1 1 87436800 -9287060.9105609953 154784871.54787418 -5492217.1356465677 -28.689424605834351 -1.0115939036350361 -0.55950688378815683 1702.3173208700946 -0.015292493608194199 0.058639358859589291 -0.10882915057325622 0
1017 1 1 87523200 -11764521.787455771 154677084.05733776 -5540067.2698510895 -28.657964540179599 -1.4833529462545552 -0.5481169538426266 1702.0433278730968 -0.017414009324935319 0.056692939408767094 -0.10915592960074383 0
1018 1 1 87609600 -14238942.846625037 154528572.86708772 -5586928.6223777039 -28.61906227641802 -1.9542540812976945 -0.53661859070254581 1701.7700827555777 -0.019465237796578546 0.054684368974217926 -0.10944515394247759 0
1019 1 1 87696000 -16709682.090260649 154339416.77175251 -5632791.8693521144 -28.572741352920804 -2.4241892762146042 -0.52501283328057147 1701.4975956939973 -0.021444087078334565 0.052616665955935338 -0.10969714648951918 0
1020 1 1 87782400 -19176099.606562622 154109703.87353796 -5677647.7774287267 -28.519026516213177 -2.8930511102405903 -0.51330073826680211 1701.2258759313256 -0.023348600834851973 0.050492925996078512 -0.10991223198876317 0
1021 1 1 87868800 -21637557.673529521 153839531.52940619 -5721487.2053340534 -28.457943707333804 -3.3607327735104788 -0.50148338029368777 1700.9549318322158 -0.025176960237175361 0.048316316123798081 -0.11009073587364476 0
1022 1 1 87955200 -24093420.861599434 153529006.2983382 -5764301.1054225573 -28.389520048868938 -3.8271280660010545 -0.4895618520604213 1700.6847709436765 -0.026927485773214035 0.046090068599221233 -0.11023298325762033 0
1023 1 1 88041600 -26543056.135199524 153178243.88869444 -5806080.5252418937 -28.313783832650053 -4.2921313963372754 -0.47753726442748312 1700.4154000609331 -0.028598638467354366 0.043817474825097576 -0.11033929814236489 0
1024 1 1 88128000 -28985832.953260932 152787369.10568318 -5846816.6091051055 -28.230764508106308 -4.7556377804873868 -0.4654107464821613 1700.1468252982982 -0.0301890211442069 0.041501879276619094 -0.11041000247934908 0
1025 1 1 88214400 -31421123.368755408 152356515.79894552 -5886500.5996671207 -28.140492671265214 -5.2175428403716735 -0.45318344557303519 1699.8790521649707 -0.031697379183820366 0.039146673527481864 -0.11044541534275462 0
1026 1 1 88300800 -33848302.12730924 151885826.81026381 -5925123.8395030284 -28.043000054391285 -5.6777428024102514 -0.44085652731759967 1699.6120856454429 -0.033122601231554652 0.036755290252337584 -0.11044585216149723 0
1027 1 1 88387200 -36266746.764949083 151375453.92139667 -5962677.7726860708 -27.938319516249262 -6.1361344960392064 -0.42843117558881821 1699.3459302842457 -0.034463719334774594 0.034331197210480793 -0.11041162412727608 0
1028 1 1 88473600 -38675837.705033094 150825557.80204302 -5999153.9463637332 -27.826485032982536 -6.5926153522138549 -0.41590859248517648 1699.0805902745733 -0.035719909185186888 0.031877891524766104 -0.11034303760562149 0
1029 1 1 88560000 -41074958.354420342 150236307.95793504 -6034544.0123304119 -27.707531689601986 -7.0470834019255744 -0.40328999828032774 1698.8160695507001 -0.036890489960913431 0.029398893708134817 -0.11024039345548788 0
1030 1 1 88646400 -43463495.19893077 149607882.67905796 -6068839.72859501 -27.581495672064342 -7.499437274753431 -0.39057663135838905 1698.5523718838369 -0.037974923800029765 0.026897742144674251 -0.11010398666701555 0
1031 1 1 88732800 -45840837.898145542 148940468.98799297 -6102032.960942572 -27.448414259935582 -7.9495761974676595 -0.37776974814001135 1698.2895009808435 -0.038972815392446389 0.024377987426696057 -0.10993410588885301 0
1032 1 1 88819200 -48206379.379598685 148234262.58837736 -6134115.6844891161 -27.308325819624827 -8.3973999927173875 -0.36487062300018147 1698.0274605856566 -0.039883910934144354 0.021843186678064584 -0.10973103313665787 0
1033 1 1 88905600 -50559515.932407938 147489467.81347361 -6165079.9852291923 -27.161269798173418 -8.8428090778117525 -0.35188054818147468 1697.7662545829523 -0.040708097199936615 0.019296898447596071 -0.10949504346402551 0
1034 1 1 88992000 -52899647.300393194 146706297.57483998 -6194918.0615756521 -27.007286717596234 -9.2857044636161312 -0.33880083370134323 1697.5058871037061 -0.041445400380230681 0.0167426772012873 -0.10922640466799155 0
1035 1 1 89078400 -55226176.774728753 145884973.31108907 -6223622.2258914653 -26.846418169753829 -9.7259877535861978 -0.32563280726190541 1697.246362632198 -0.042095984479614913 0.014184068332344254 -0.10892537726007455 0
1036 1 1 89164800 -57538511.286175124 145025724.93672523 -6251184.9060138743 -26.678706811740586 -10.163561142954206 -0.3123778141618207 1696.9876861141802 -0.042660149724765818 0.011624603023324322 -0.10859221420019725 0
1037 1 1 89251200 -59836061.496934623 144128790.79104373 -6277598.646771051 -26.504196361790971 -10.598327418087841 -0.29903721721297022 1696.7298630655944 -0.043138331072661538 0.0090677934500933716 -0.10822716098035798 0
1038 1 1 89337600 -62118241.892174847 143194417.5870775 -6302856.1114919111 -26.322931595675076 -11.030189956034453 -0.28561239666359711 1696.4728996817016 -0.043531095794587277 0.0065171280483223137 -0.10783045544712859 0
1039 1 1 89424000 -64384470.871261284 142222860.36057538 -6326950.0835096212 -26.134958343574411 -11.459052724272029 -0.27210475013225233 1696.2168029461052 -0.043839141790128551 0.0039760668604373389 -0.10740232805238806 0
1040 1 1 89510400 -66634170.838740669 141214382.41899091 -6349873.4676599791 -25.94032348743503 -11.884820280679204 -0.25851569255214069 1695.9615807392302 -0.044063295196774391 0.0014480372091828769 -0.10694300169814829 0
1041 1 1 89596800 -68866768.295115441 140169255.29046562 -6371619.2917754259 -25.739074958769898 -12.307397773740417 -0.2448466561300473 1695.7072419460312 -0.04420450796500508 -0.0010635706727636671 -0.10645269214641606 0
1042 1 1 89683200 -71081693.927447364 139087758.67278203 -6392180.7081763512 -25.531261736904458 -12.726690943005796 -0.23109909032073458 1695.4537965625084 -0.044263855438126158 -0.0035554077971487715 -0.10593160791820681 0
1043 1 1 89769600 -73278382.699828267 137970180.38226622 -6411550.9951606495 -25.316933847657094 -13.142606119813175 -0.21727446181567539 1695.2012558007141 -0.044242533854663292 -0.0060241702532774213 -0.10537995070257558 0
1044 1 1 89856000 -75456273.943755224 136816816.30261657 -6429723.5584933357 -25.096142362433952 -13.555050228289979 -0.20337425455443958 1694.9496321917861 -0.044141857481299951 -0.008466603159952707 -0.1047979155405903 0
1045 1 1 89942400 -77614811.448444501 135627970.33363262 -6446691.9328978993 -24.868939397723025 -13.96393078665581 -0.18939996975413464 1694.6989396869465 -0.043963255865570226 -0.010879504388394273 -0.10418569112216615 0
1046 1 1 90028800 -79753443.551119059 134403954.3398186 -6462449.7835511314 -24.63537811498232 -14.36915590882462 -0.17535312596036287 1694.4491937559967 -0.043708271050140655 -0.013259727739513878 -0.10354346009240339 0
1047 1 1 90115200 -81871623.227302909 133145088.09883399 -6476990.9075832739 -24.395512720905327 -14.770634306330326 -0.16123525911886988 1694.2004114831491 -0.043378554576146082 -0.015604186679974416 -0.10287139935224882 0
1048 1 1 90201600 -83968808.181153581 131851699.24976449 -6490309.2355852975 -24.149398468044964 -15.168275290592545 -0.14704792267095584 1693.95261165994 -0.04297586438610216 -0.017909857325332474 -0.10216968048950627 0
1049 1 1 90288000 -86044460.935864404 130524123.24118148 -6502398.8331255848 -23.897091655792039 -15.561988775524753 -0.13279268767505362 1693.7058148748208 -0.042502062001768239 -0.020173781539948303 -0.10143847017614689 0
1050 1 1 90374400 -88098048.924165443 129162703.27896076 -6513253.9022781495 -23.638649631687791 -15.951685280507427 -0.11847114295056667 1693.4600435994637 -0.041959109122630261 -0.022393069913008903 -0.10067793049490917 0
1051 1 1 90460800 -90129044.578952059 127767790.2738284 -6522868.783164205 -23.374130793055404 -16.337275933734386 -0.10408489524557546 1693.2153222716165 -0.04134906466723489 -0.02456490443586562 -0.099888219408617585 0
1052 1 1 90547200 -92136925.424067885 126339742.7886008 -6531237.9555094568 -23.10359458894505 -16.718672475944221 -0.089635569432287746 1692.9716773740613 -0.040674081572611834 -0.026686541172288879 -0.099069491229170109 0
1053 1 1 90633600 -94121174.16526863 124878926.98508528 -6538356.0402193405 -22.827101522371962 -17.095787264554403 -0.075124808725825054 1692.7291375098 -0.039936403576837982 -0.028755312817948478 -0.098221896967297634 0
1054 1 1 90720000 -96081278.781391501 123385716.57060567 -6544217.8009741167 -22.54471315283325 -17.468533278207211 -0.060554274926883964 1692.4877334733367 -0.039138361968868475 -0.030768631017516097 -0.09734558483535885 0
1055 1 1 90806400 -98016732.615753412 121860492.74411681 -6548818.1458461341 -22.256492099091968 -17.836824121740538 -0.045925648691023994 1692.2474983178045 -0.038282372433486332 -0.032723988677884445 -0.096440700705568955 0
1056 1 1 90892800 -99927034.467801288 120303644.14187072 -6552152.1289414112 -21.962502042213188 -18.200574031598208 -0.031240629822556203 1692.0084674178991 -0.037370931769570723 -0.034618962132275742 -0.095507388567820331 0
1057 1 1 90979200 -101811688.68503441 118715566.78259589 -6554214.9520676238 -21.662807728836174 -18.559697881690784 -0.016500937591835994 1691.7706785286075 -0.036406614695975309 -0.036451213185423527 -0.094545790959639289 0
1058 1 1 91065600 -103670205.25521965 117096664.01215042 -6555001.966430461 -21.357474974670481 -18.914111189724057 -0.0017083110742984332 1691.5341718396171 -0.03539207066790296 -0.038218491221262696 -0.093556049385708329 0
1059 1 1 91152000 -105502099.89891756 115447346.44760726 -6554508.6743602129 -21.046570668198338 -19.263730124002709 0.013135490489002428 1691.2989900254245 -0.034330020620668596 -0.039918634893489659 -0.092538304763785398 0
1060 1 1 91238400 -107306894.16233669 113768031.9207314 -6552730.7310705241 -20.730162774565095 -19.608471510724858 0.028028687306401665 1691.0651782909654 -0.033223253730922032 -0.041549574168079348 -0.091492697953447541 0
1061 1 1 91324800 -109084115.5105319 112059145.42080417 -6549663.9464513352 -20.408320339647684 -19.948252841783368 0.042969478631059356 1690.8327844127339 -0.032074624386161744 -0.043109331966717623 -0.090419370058116386 0
1062 1 1 91411200 -110833297.42096117 110321119.03675169 -6545304.2868974414 -20.081113494282402 -20.282992283085239 0.05795604234076223 1690.6018587755252 -0.030887048908883878 -0.044596026030365575 -0.089318462844452176 0
1063 1 1 91497600 -112553979.4774137 108554391.89853184 -6539647.8771742154 -19.748613458632537 -20.61260868340392 0.072986534496906647 1690.3724544045203 -0.029663502481925993 -0.046007870513582259 -0.088190119219424087 0
1064 1 1 91584000 -114245707.46432099 106759410.11773206 -6532691.002322156 -19.410892546680753 -20.937021583777092 0.088059088888784581 1690.144626992841 -0.028407015982748331 -0.047343177750833507 -0.087034483479362587 0
1065 1 1 91670400 -115908033.46146086 104936626.72733179 -6524430.1096014027 -19.068024170827869 -21.256151227468671 0.10317181656299261 1689.9184349243765 -0.02712067294733465 -0.048600359963986574 -0.085851701799920105 0
1066 1 1 91756800 -117540515.93906274 103086501.62057917 -6514861.8104775446 -18.72008284657953 -21.569918570506317 0.11832280533980472 1689.6939392918662 -0.025807606428601117 -0.049777930932488668 -0.084641922440197248 0
1067 1 1 91843200 -119142719.85332079 101209501.48893164 -6503982.8826495698 -18.367144197300128 -21.878245292809915 0.13351011932010751 1689.471203910251 -0.024470995967909696 -0.050874507743263943 -0.083405296136878873 0
1068 1 1 91929600 -120714216.74232011 99306099.759009048 -6491790.2721209601 -18.009284959016693 -22.181053809929026 0.1487317983811294 1689.2502953249357 -0.023114064551306768 -0.051888812636452376 -0.082141976373644857 0
1069 1 1 92016000 -122254584.8223795 97376776.528505743 -6478281.095314608 -17.646582985249786 -22.478267285406545 0.16398585766643398 1689.0312828149758 -0.021740075537429106 -0.05281967489903093 -0.080852119621074123 0
1070 1 1 92102400 -123763409.08481176 95422018.501006991 -6463452.6412320463 -17.279117251848447 -22.76980964378102 0.1792702870702961 1688.8142383910381 -0.020352329570787985 -0.053666032745323902 -0.079535885606456566 0
1071 1 1 92188800 -125240281.39310117 93442318.91965352 -6447302.3736573057 -16.906967861810124 -23.055605584249047 0.19458305072132673 1688.5992367878864 -0.018954161613125086 -0.054426935551215125 -0.078193437419284653 0
1072 1 1 92275200 -126684800.58049607 91438177.499596298 -6429827.9334054179 -16.530216050058705 -23.33558059500573 0.20992208646441854 1688.3863554510701 -0.017548937727222394 -0.055101546006594955 -0.076824941823624926 0
1073 1 1 92361600 -128096572.54801139 89410100.35918285 -6411027.1406157203 -16.148944188157877 -23.609660968283123 0.22528530534349575 1688.1756745174553 -0.016140052118517829 -0.055689142705457384 -0.075430569294775554 0
1074 1 1 92448000 -129475210.36283484 87358599.949812755 -6390897.9970895117 -15.763235788932748 -23.877773816108501 0.24067059109229461 1687.9672767893385 -0.014730923805838356 -0.056189122746355187 -0.074010494117237646 0
1075 1 1 92534400 -130820334.35712723 85284194.984400064 -6369438.6886714483 -15.373175510971327 -24.139847086801431 0.25607579963088117 1687.7612477015989 -0.013324993522228835 -0.056601004730134921 -0.072564894500830937 0
1076 1 1 92620800 -132131572.22720577 83187410.364377499 -6346647.587674045 -14.978849162980396 -24.395809582238773 0.27149875857273853 1687.5576752812099 -0.011925720343926914 -0.056924432110652928 -0.071093952542086752 0
1077 1 1 92707200 -133408559.13309604 81068777.105174899 -6322523.2553441348 -14.580343707960735 -24.645590975909997 0.28693726674618375 1687.356650098566 -0.010536578257472725 -0.057159176804959938 -0.069597854225386627 0
1078 1 1 92793600 -134650937.79843587 78928832.260102287 -6297064.4443699531 -14.177747267171661 -24.889121831794775 0.30238909373395634 1687.1582652097129 -0.0091610526198214869 -0.057305143475958255 -0.068076789274804095 0
1079 1 1 92880000 -135858358.61071166 76768118.842565536 -6270270.1014271565 -13.771149123851067 -25.126333624096628 0.31785197943181631 1686.9626160883054 -0.0078026364432391727 -0.057362374220775961 -0.066530951135764085 0
1080 1 1 92966400 -137030479.72180381 74587185.74653843 -6242139.3697620062 -13.360639726652396 -25.357158757864973 0.33332363363187179 1686.7698005462562 -0.0064648264218096375 -0.057331053923522668 -0.064960536646921654 0
1081 1 1 93052800 -138166967.14881581 72386587.665213481 -6212671.5918091536 -12.946310692758956 -25.581530590551441 0.34880173563792916 1686.5799186415313 -0.0051511187459240392 -0.05721151653665392 -0.06336574579305522 0
1082 1 1 93139200 -139267494.87515676 70166885.007747874 -6181866.3118413016 -12.528254810632401 -25.79938345454903 0.36428393391359015 1686.3930725711296 -0.0038650045460367727 -0.057004252179674822 -0.061746781352226811 0
1083 1 1 93225600 -140331744.9518435 67928643.814017624 -6149723.278647623 -12.106566042349671 -26.010652680768537 0.37976784576918104 1686.2093665470584 -0.0026099650338815656 -0.056709915463242756 -0.060103848452278973 0
1084 1 1 93312000 -141359407.59898573 65672435.667287767 -6116242.4482372394 -11.681339525476366 -26.215274623319566 0.39525105709641495 1686.0289066526245 -0.0013894660440008364 -0.056329335149626979 -0.058437153923230553 0
1085 1 1 93398400 -142350181.30741078 63398837.604699381 -6081423.9865633603 -11.252671574417603 -26.413186685375798 0.41073112215599433 1685.8518006755733 -0.0002069520464722081 -0.055863525555111794 -0.056746905666579465 0
1086 1 1 93484800 -143303772.94037989 61108432.025467403 -6045268.2722632075 -10.820659681185951 -26.604327346319639 0.42620556342707244 1685.6781579138801 0.00093416053330136039 -0.05531369996364624 -0.055033311698350969 0
1087 1 1 93571200 -144219897.8353433 58801806.596673891 -6007775.899407832 -10.385402515514146 -26.788636190279838 0.44167187152976878 1685.508088949078 0.0020304909464346856 -0.054681286535861275 -0.053296579124866308 0
1088 1 1 93657600 -145098279.90567431 56479554.156530462 -5968947.6802551476 -9.9469999242269314 -26.966053936202858 0.45712750523100643 1685.3417053805344 0.003078702925286835 -0.05396794736211831 -0.051536912805759859 0
1089 1 1 93744000 -145938651.7423124 54142272.614970163 -5928784.6479983022 -9.5055529297810928 -27.136522469633739 0.47256989154857554 1685.1791195124149 0.0040755147008735386 -0.053175601384561545 -0.049754513787269708 0
1090 1 1 93830400 -146740754.71524212 51790564.851412013 -5887288.0595002221 -9.061163727861306 -27.299984876418499 0.48799642597088583 1685.0204439830002 0.005017710976569608 -0.052306452009974663 -0.047949577312695335 0
1091 1 1 93916800 -147504339.07471743 49425038.609521441 -5844459.3980033845 -8.6139356838987329 -27.456385478597628 0.50340447281465528 1684.865791323087 0.0059021569181765265 -0.051363020846915623 -0.04612229042291368 0
1092 1 1 94003200 -148229164.05213383 47046306.388762817 -5800300.3758017858 -8.1639733283562208 -27.605669872827733 0.51879136574682516 1684.7152734264182 0.0067258150312809479 -0.050348188874672205 -0.044272828970013584 0
1093 1 1 94089600 -148914997.9604322 44654985.332508095 -5754812.9368596226 -7.7113823505836701 -27.74778497176008 0.53415440850227602 1684.569000909959 0.0074857655825745694 -0.049265247390289459 -0.042401354000778123 0
1094 1 1 94176000 -149561618.29390305 42251697.11242348 -5707999.259358013 -7.256269591007138 -27.882679048923709 0.54949087584047751 1684.4270823351314 0.0081792315224362422 -0.048117961100466448 -0.04050800712025697 0
1095 1 1 94262400 -150168811.82723191 39837067.808802433 -5659861.7581467973 -6.798743031351024 -28.010301787810313 0.56479801479486913 1684.2896232520725 0.0088036094374280109 -0.046910646993761511 -0.038592904804455687 0
1096 1 1 94348800 -150736374.71360245 37411727.786444187 -5610403.0870735263 -6.3389117825131525 -28.130604336066437 0.58007304627944367 1684.1567250162714 0.0093565081334332986 -0.045648273554815315 -0.036656131236937201 0
1097 1 1 94435200 -151264112.58163321 34976311.565588742 -5559626.1411550641 -5.8768860696084166 -28.243539365965386 0.59531316714253835 1684.0284833099868 0.0098357973602412815 -0.044336586366769709 -0.034697729146072928 0
1098 1 1 94521600 -151751840.63087797 32531457.687301986 -5507534.0585484765 -5.412777213550136 -28.349061142685919 0.61051555277888003 1683.9049862770612 0.010239669913561294 -0.042982268055613108 -0.032717688305093688 0
1099 1 1 94608000 -152199383.72555622 30077808.572554749 -5454130.2222671993 -4.9466976083415108 -28.447125602395797 0.62567736044210098 1683.7863121465996 0.010566721604318107 -0.041593143238915629 -0.030715930797392849 0
1100 1 1 94694400 -152606576.48609796 27616010.374039851 -5399418.2615740513 -4.4787606929877715 -28.537690442760354 0.64079573344800422 1683.6725261749393 0.010816054912037402 -0.040178442308511073 -0.02869229211900725 0
1101 1 1 94780800 -152973263.37797916 25146712.819512483 -5343402.0529642999 -4.0090809165816417 -28.620715229308981 0.65586780650390708 1683.5636766704565 0.010987414580893973 -0.038749142225201261 -0.026646497232493408 0
1102 1 1 94867200 -153299298.79717755 22670569.045098338 -5286085.7206291193 -3.5377736946263587 -28.696161522144962 0.67089071246425969 1683.4597897755114 0.011081366030974621 -0.037318407430075785 -0.0245781299967275 0
1103 1 1 94953600 -153584547.15138677 20188235.416571673 -5227473.6362608848 -3.0649553540160115 -28.763993028798687 0.68586159087279619 1683.3608625556319 0.011099530998658992 -0.035902159169786153 -0.022486595275968545 0
1104 1 1 95040000 -153828882.93586621 17700371.33603828 -5167570.4180291165 -2.5907430632418804 -28.824175790592353 0.70077759868612621 1683.2668537794739 0.011044899193023875 -0.034519805803151324 -0.020371073191563754 0
1105 1 1 95126400 -154032190.80246526 15207639.030749202 -5106380.9285219535 -2.1152547433301891 -28.876678411547758 0.71563592354867245 1683.1776715639639 0.010922238493650002 -0.033195165192757774 -0.018230467272699426 0
1106 1 1 95212800 -154194365.61991826 12710703.319928924 -5043910.2714221459 -1.6386089537780189 -28.921472340188071 0.73043379982286183 1683.093156829802 0.010738628738280784 -0.031957596395694288 -0.016063351343733323 0
1107 1 1 95299200 -154315312.52295798 10210231.354594164 -4980163.786682263 -1.1609247465553385 -28.958532214513603 0.74516852723773541 1683.0130613495674 0.010504138955452959 -0.030843314045701987 -0.013867923675499789 0
1108 1 1 95385600 -154394946.94716349 7706892.3245714866 -4915147.0439970186 -0.6823214806418435 -28.987836276795402 0.75983749149273383 1682.9370192974206 0.010232647712267213 -0.029896758157436747 -0.011641980793944387 0
1109 1 1 95472000 -154433194.64583954 5201357.1267563924 -4848865.8344600936 -0.20291859076359187 -29.009366853682838 0.77443818533927933 1682.8645120916783 0.0099427533224725629 -0.029171693785352455 -0.0093829313962994123 0
1110 1 1 95558400 -154429991.68486348 2694297.9899931722 -4781326.1604758129 0.27716469075743955 -29.023110872335803 0.78896822724444404 1682.7948287365105 0.0096586134383720244 -0.028731382315415156 -0.0070878871597370614 0
1111 1 1 95644800 -154385284.41181609 186388.05627206084 -4712534.2243583258 0.75780964773776816 -29.02906033823654 0.80342537186793894 1682.7270286122157 0.00941038348695971 -0.028646739240764111 -0.0047538974649120967 0
1112 1 1 95731200 -154299029.39671072 -2321699.0712428242 -4642496.4207998114 1.2388984171847679 -29.027212593964091 0.81780740205667246 1682.65992123775 0.0092337060105565673 -0.028991194361090489 -0.0023783120940520271 0
1113 1 1 95817600 -154171193.36255264 -4829289.8304328909 -4571219.2525703432 1.7203137684101213 -29.017571413959651 0.83211452517668738 1682.5920421499511 0.0091574266452689075 -0.029851832864378119 8.8961557160969058e-05 0
1114 1 1 95904000 -154001753.07131737 -7335711.1237960747 -4498709.3728981772 2.2019413246046566 -29.00014129345961 0.84633870214266371 1682.5218891254663 0.0092979460702846649 -0.031018149047247985 0.0021911334989388443 0
1115 1 1 95990400 -153790694.8900356 -9840288.9212662186 -4424976.1542286845 2.6836732931615224 -28.974886967116685 0.86041598682306442 1682.4498552558607 0.0097852451597620106 -0.031266331269660011 0.0024867526849539369 0
1116 1 1 96076800 -153538014.56316543 -12342344.800389387 -4350035.644345697 3.1653967093747744 -28.94175880690889 0.8742811810360801 1682.3773104648317 0.010335668998870968 -0.031247367963205139 0.0023724570334880094 0
1117 1 1 96163200 -153243718.14824715 -14841197.521878814 -4273906.7831021091 3.646987770978273 -28.900737830419192 0.88792391592245612 1682.3044410749822 0.010881552141394784 -0.031251455004082912 0.0023073697221548581 0
1118 1 1 96249600 -152907822.50601301 -17336164.655865029 -4196608.8529410399 4.1283208391862622 -28.851812665163582 0.90134225994508044 1682.2311840102207 0.011429799921441049 -0.031246881035155234 0.0022421406945169124 0
1119 1 1 96336000 -152530355.36666477 -19826562.790157467 -4118161.4257345251 4.609269875466552 -28.794972275293944 0.91453195387973185 1682.1575402814126 0.011980321192385743 -0.031233571920891903 0.0021767468560301888 0
1120 1 1 96422400 -152111355.38203707 -22311707.64264337 -4038584.4352376224 5.0897081070521279 -28.730207560048093 0.92748887363909149 1682.0835080274867 0.012533005054085852 -0.031211462766365945 0.0021112108337841798 0
1121 1 1 96508800 -151650872.18746468 -24790914.226659875 -3957898.1701461803 5.5695080626726323 -28.657511316207138 0.94020892727110483 1682.0090853513416 0.013087742029992341 -0.03118050292847353 0.0020455489748931392 0
1122 1 1 96595200 -151148966.46117494 -27263497.01624101 -3876123.271270901 6.0485415948770331 -28.576878268057342 0.95268805617244445 1681.9342703054219 0.013644421928749689 -0.031140642220463827 0.0019797777255070423 0
1123 1 1 96681600 -150605709.98204967 -29728770.113649774 -3793280.7286138879 6.5266798949937339 -28.488305089984976 0.96492223602824767 1681.8590613145907 0.014202943109779655 -0.031091832109277542 0.0019139135497584045 0
1124 1 1 96768000 -150021185.67986265 -32186047.423879135 -3709391.8776640808 7.0037936930181726 -28.391790578652618 0.97690749722713932 1681.7834484316861 0.014767205826063228 -0.031037320088097578 0.0018482497680680973 0
1125 1 3 96839872.252841696 -149503570.9868145 -34223559.681962304 -3638826.9189277273 7.3998087955478535 -28.305453944178439 0.98668483958636621 1681.7202580863627 0 0 0 62
1126 1 1 96854400 -149395487.6901817 -34634642.817511134 -3624478.402517749 7.4797526081047039 -28.287334922645634 0.98863968705390459 1681.7074555736037 0.015311248897236196 -0.03095663171415694 0.0017778646385068428 0
1127 1 1 96940800 -148728713.89266601 -37073866.426223196 -3538568.4234645786 7.9546127869158783 -28.174845799800718 0.99996430758385313 1681.6304563110425 0.015788258449803434 -0.030918768793665775 0.0017454722986067249 0
1128 1 1 97027200 -148021044.64126837 -39503064.897269778 -3451633.6333181523 8.4255895793340159 -28.055675982631747 1.0129978158298367 1681.4676560024716 -0.072144092010341998 -0.075722069451455001 0.072493726659680666 0
1129 1 1 97113600 -147272889.21849659 -41921695.349328026 -3363470.723589954 8.8925724099443748 -27.929804882323609 1.0277648991554487 1681.1774246678535 -0.070847961994846609 -0.074640901649871222 0.073481809311060117 0
1130 1 1 97200000 -146484447.91575682 -44329101.621481314 -3274048.1505667996 9.3580973649135988 -27.795863444976735 1.0421649012778917 1680.8999214352825 -0.069605369098653391 -0.073335753511751062 0.07436462605013805 0
1131 1 1 97286400 -145655861.37736291 -46724591.117546126 -3183391.1569581176 9.8218382245201479 -27.653955746588675 1.056338280895776 1680.6245483908353 -0.068303380688450696 -0.072013532210610604 0.075203751001566649 0
1132 1 1 97372800 -144787289.48852864 -49107476.139899276 -3091519.620694702 10.283661752055618 -27.504095519542627 1.0702781530963361 1680.3513879054658 -0.066976767364117284 -0.070647583429878952 0.076000306405643175 0
1133 1 1 97459200 -143878903.72756293 -51477070.22213953 -2998454.0175559986 10.743433151433251 -27.346297838876247 1.083977558773165 1680.0805220665527 -0.065626792500838638 -0.069241687670315064 0.076753827279134282 0
1134 1 1 97545600 -142930887.23109016 -53832688.316886902 -2904215.4240082153 11.201017348411062 -27.180580468928412 1.0974295530619544 1679.8120268123953 -0.064255328472183515 -0.06779873597954425 0.077463859575046257 0
1135 1 1 97632000 -141943434.82012135 -56173647.024701223 -2808825.5156303579 11.656278954778687 -27.006963795839336 1.1106272134492885 1679.5459721538712 -0.06286414020329309 -0.066321611936990821 0.078130003478489057 0
1136 1 1 97718400 -140916753.02467325 -58499264.821598575 -2712306.5649283938 12.109082326440026 -26.825470850084731 1.1235636456572582 1679.2824223742309 -0.061454885905308253 -0.06481318003617545 0.078751912478232225 0
1137 1 1 97804800 -139851060.10340458 -60808862.288343459 -2614681.4386461778 12.559291620777778 -26.636127325175803 1.1362319894200301 1679.0214362541242 -0.060029117310796194 -0.063276274777344862 0.079329293124046879 0
1138 1 1 97891200 -138746586.05826193 -63101762.341274627 -2515973.594577861 13.006770854787998 -26.438961594460306 1.148625424238892 1678.7630673060264 -0.05858828042569518 -0.061713690643547862 0.079861903958254224 0
1139 1 1 97977600 -137603572.64407277 -65377290.46450045 -2416207.0778847313 13.451383963908244 -26.234004726030665 1.1607371751023448 1678.507364015856 -0.057133716736265661 -0.060128172243888958 0.080349554921178484 0
1140 1 1 98064000 -136422273.37302765 -67634774.943300903 -2315406.5169192711 13.892994861470935 -26.021290495742058 1.1725605181681027 1678.2543700895494 -0.055666664758457572 -0.058522405155043103 0.080792106230406432 0
1141 1 1 98150400 -135202953.51400238 -69873547.098573059 -2213597.1185606215 14.331467498704917 -25.800855398355111 1.1840887863913894 1678.0041247023071 -0.054188262282196857 -0.056899007230575616 0.081189467378993602 0
1142 1 1 98236800 -133945890.08667301 -72092941.522159025 -2110804.6630659672 14.766665925223183 -25.57273865682486 1.1953153751022902 1677.7566627478827 -0.052699548506416581 -0.055260520771554626 0.081541596163818481 0
1143 1 1 98323200 -132651371.85038775 -74292296.312896967 -2007055.4984425406 15.198454349928401 -25.336982229750426 1.2062337475217719 1677.5120150857383 -0.051201467066375517 -0.053609404896075179 0.081848497438725687 0
1144 1 1 98409600 -131319699.28776035 -76470953.313237324 -1902376.5343460632 15.626697202265925 -25.093630817013782 1.2168374402089175 1677.2702087835091 -0.049694869035146451 -0.051948029129419933 0.082110221988980978 0
1145 1 1 98496000 -129951184.58295858 -78628258.346268967 -1796795.2355113507 16.051259193759424 -24.842731863634679 1.2271200684428047 1677.0312673521094 -0.048180516642929196 -0.050278667123510493 0.082326865457443402 0
1146 1 1 98582400 -128546151.59466611 -80763561.453002125 -1690339.6147212265 16.472005379771947 -24.584335561871526 1.2370753315237684 1676.7952109715502 -0.046659086737530379 -0.048603491608844432 0.082498566838504692 0
1147 1 1 98668800 -127104935.82370025 -82876217.12975882 -1583038.2253208496 16.888801221436228 -24.318494851601791 1.2466970180010317 1676.5620567048654 -0.045131174967580699 -0.046924569553100981 0.08262550769836291 0
1148 1 1 98755200 -125627884.37527463 -84965584.565522403 -1474920.1532834356 17.301512647680578 -24.04526541901339 1.2559790108220057 1676.3318186977076 -0.043597300256212938 -0.045243858439864254 0.082707910623025668 0
1149 1 1 98841600 -124115355.91589984 -87031027.87910305 -1366015.0088348628 17.710006117308343 -23.764705693651059 1.2649152924006595 1676.10450836157 -0.042057909054485865 -0.043563203096691115 0.082746038449165199 0
1150 1 1 98928000 -122567720.62492044 -89071916.355978027 -1256352.9176434686 18.114148681071732 -23.476876843851112 1.2734999496084543 1675.880134538397 -0.040513380418148635 -0.041884333249901526 0.082740192900502468 0
1151 1 1 99014400 -120985360.140691 -91087624.684669033 -1145964.5115825045 18.513808043685518 -23.18184277059876 1.2817271786788111 1675.6587036449446 -0.038964030740553761 -0.040208861627268881 0.082690713648964839 0
1152 1 1 99100800 -119368667.5013983 -93077533.192522421 -1034880.9190720159 18.908852625737833 -22.879670099853531 1.2895912900387065 1675.4402197946151 -0.037410119010728257 -0.038538283088429381 0.082597977456949662 0
1153 1 1 99187200 -117718047.08054087 -95041028.08076185 -923133.75500669586 19.299151625438252 -22.570428173386446 1.2970867130580357 1675.2246848951595 -0.035851852238623381 -0.036873974222182734 0.08246239705688993 0
1154 1 1 99273600 -116033914.51708214 -96977501.658685803 -810755.11027692619 19.684575080168209 -22.254189038159705 1.3042080007215824 1675.0120987209536 -0.034289390694741802 -0.035217193490847537 0.082284420544774958 0
1155 1 1 99360000 -114316696.64029571 -98886352.576886192 -697777.54088899679 20.064993927783078 -21.931027434288367 1.3109498342339441 1674.8024589580834 -0.03272285381417421 -0.033569082122587732 0.082064530668986294 0
1156 1 1 99446400 -112566831.38932642 -100766986.05936739 -584234.05669087265 20.440280067622769 -21.601020781637899 1.3173070275430598 1674.5957612214131 -0.031152325724597925 -0.031930665926629014 0.081803243893273397 0
1157 1 1 99532800 -110784767.72749421 -102618814.13444942 -470158.10971016728 20.810306421193449 -21.264249165079004 1.323274531801077 1674.391999042421 -0.029577861285101849 -0.030302856834662894 0.081501110355997081 0
1158 1 1 99619200 -108970965.55137062 -104441255.86434008 -355583.58210912813 21.174946992480777 -20.920795318439065 1.3288474397610039 1674.1911638271483 -0.027999491840980734 -0.028686455880552738 0.081158712993294552 0
1159 1 1 99705600 -107125895.59466155 -106233737.57326652 -240544.77376298807 21.534076927855185 -20.570744607202212 1.334020990105548 1673.9932447837455 -0.026417231545177774 -0.027082156280002007 0.080776667480131764 0
1160 1 1 99792000 -105250039.32693341 -107995693.07405831 -125076.38946655265 21.887572575528143 -20.214185009978006 1.3387905717203783 1673.7982288191638 -0.024831083443765008 -0.025490546933882977 0.080355621824952247 0
1161 1 1 99878400 -103343888.84722246 -109726563.89307836 -9213.525774199079 22.235311544534337 -19.851207098776825 1.3431517279100211 1673.6061004052701 -0.023241045680079581 -0.023912116536302395 0.079896256367526966 0
1162 1 1 99964800 -101407946.77256985 -111425799.49339822 107008.34252228176 22.577172763201911 -19.48190401812651 1.3471001605640964 1673.4168414144265 -0.021647117884483733 -0.022347258007416 0.079399283683808664 0
1163 1 1 100051200 -99442726.121528625 -113092857.49612097 223553.37627337209 22.913036537069864 -19.106371463059247 1.350631734266472 1673.2304309255542 -0.020049307805590388 -0.020796273332650734 0.07886544845200319 0
1164 1 1 100137600 -97448750.192691207 -114727203.8997543 340385.3862044462 23.242784606237095 -18.724707656002725 1.3537424803603015 1673.0468450014805 -0.018447637370570005 -0.019259378857074506 0.0782955278430566 0
1165 1 1 100224000 -95426552.438287407 -116328313.2975404 457467.8474978889 23.566300202102983 -18.337013322598974 1.3564286009689299 1672.8660564391253 -0.016842149779118475 -0.01773671063440373 0.077690331470975219 0
1166 1 1 100310400 -93376676.332908168 -117895669.09265114 574763.91472038638 23.883468103466107 -17.9433916664726 1.3586864729681138 1672.6880344948247 -0.015232915849833408 -0.016228330180557634 0.07705070170593227 0
1167 1 1 100396800 -91299675.237410277 -119428763.71115921 692236.43709150911 24.194174691962612 -17.543948342986031 1.3605126519117294 1672.5127445873932 -0.0136200409535916 -0.014734230744275946 0.076377513765829394 0
1168 1 1 100483200 -89196112.25806129 -120927098.81269832 809847.97408957826 24.498308006812888 -17.138791431991539 1.3619038759177666 1672.3401479820759 -0.012003671608202551 -0.013254343136659222 0.075671676302849961 0
1169 1 1 100569600 -87066560.100984395 -122390185.4987267 927560.81139144639 24.795757798852858 -16.728031409605396 1.3628570695047308 1672.1702014598809 -0.010384002470627755 -0.011788542511512323 0.074934131235111487 0
1170 1 1 100656000 -84911600.921967968 -123817544.51831044 1045336.9771411521 25.086415583821118 -16.311781119024491 1.3633693473737243 1672.0028569773904 -0.00876128313532272 -0.010336654551982889 0.074165854226974318 0
1171 1 1 100742400 -82731826.171702921 -125208706.47134431 1163138.258543428 25.370174694888803 -15.890155740389101 1.3634380181416035 1671.8380613228751 -0.0071358248846004413 -0.0088984620926035162 0.073367854709946417 0
1172 1 1 100828800 -80527836.436515376 -126563212.00912793 1280926.2187768805 25.646930334401997 -15.463272759717011 1.3630605880067255 1671.6757557762216 -0.0055080077522880458 -0.0074737117962679093 0.072541175822391002 0
1173 1 1 100915200 -78300241.274663508 -127880612.03221858 1398662.214221023 25.916579624827051 -15.031251936915179 1.362234764349165 1671.5158757806639 -0.0038782869074537019 -0.0060621206764368777 0.071686894465587431 0
1174 1 1 101001600 -76049659.04826729 -129160467.88548002 1516307.4119909708 26.179021658892079 -14.594215272870331 1.360958459245357 1671.3583506362941 -0.0022471992535997975 -0.0046633824985843142 0.070806120607397868 0
1175 1 1 101088000 -73776716.750941142 -130402351.55024864 1633822.8077714478 26.434157548904274 -14.152286975623062 1.3592297928844599 1671.2031032259879 -0.00061536975301379666 -0.0032771741303482837 0.069899996904634693 0
1176 1 1 101174400 -71482049.831201389 -131605845.83353716 1751169.2439415662 26.681890475251539 -13.70559342563002 1.3570470968768216 1671.0500497853168 0.0010164829487713616 -0.0019031617496176939 0.068969697648627482 0
1177 1 1 101260800 -69166302.011718184 -132770544.55419765 1868307.4279797357 26.922125734087754 -13.254263140098159 1.3544089174274947 1670.8990997295634 0.0026475409552446814 -0.0005410063654406451 0.068016427466199916 0
1178 1 1 101347200 -66830125.104482137 -133896052.72596231 1985197.9511361937 27.154770784222258 -12.79842673638829 1.351314018352521 1670.7501555511949 0.0042768829376462689 0.00080963041486310815 0.067041419456446441 0
1179 1 1 101433600 -64474178.821953066 -134981986.73728204 2101801.3073584149 27.379735293231636 -12.338216894474431 1.3477613839132314 1670.6031128013544 0.0059034800148232685 0.0021490816210621476 0.066045933001453921 0
1180 1 1 101520000 -62099130.584257796 -136027974.52787954 2218077.9124526433 27.596931182826076 -11.873768318440966 1.3437502214416326 1670.457860168565 0.0075261935148811998 0.0034776700778144944 0.065031250914483696 0
1181 1 1 101606400 -59705655.32249818 -137033655.76193407 2333988.1234619012 27.806272673521828 -11.405217696989205 1.3392799637207222 1670.3142796670147 0.0091437734987664648 0.004795704880280814 0.063998675970352539 0
1182 1 1 101692800 -57294435.278227903 -137998681.99780956 2449492.2582381233 28.007676328670641 -10.932703662933148 1.3343502710941484 1670.1722469444396 0.010754859213157598 0.0061034775242702361 0.062949527079104659 0
1183 1 1 101779200 -54866159.799150243 -138922716.85423928 2564550.6151836724 28.201061097910742 -10.456366751658924 1.3289610332690562 1670.0316317172878 0.012357980812682745 0.0074012595078652614 0.061885134520261439 0
1184 1 1 101865600 -52421525.131084614 -139805436.17287457 2679123.4931340455 28.38634836011277 -9.9763493585086618 1.3231123707794941 1669.8922983370699 0.013951563379062152 0.0086892999791329771 0.060806834932292532 0
1185 1 1 101952000 -49961234.206240736 -140646528.17710468 2793171.2113515958 28.563461965909884 -9.4927956950699102 1.3168046360864034 1669.7541064870497 0.015533932755902013 0.0099678242146285095 0.059715965642814776 0
1186 1 1 102038400 -47485996.427833542 -141445693.62705189 2906654.1295973947 28.73232827988824 -9.0058517443317534 1.3100384142827972 1669.6169120038774 0.017103323327830686 0.011237032696419472 0.05861385857305533 0
1187 1 1 102124800 -44996527.451064698 -142202645.97064126 3019532.6682465179 28.892876222520407 -8.5156652146813485 1.3028145233936848 1669.4805678127052 0.018657887825163168 0.012497100590216017 0.057501834156355784 0
1188 1 1 102211200 -42493548.960488841 -142917111.49064556 3131767.3284113146 29.045037311925384 -8.0223854927221527 1.2951340142563057 1669.3449249593527 0.020195709129350727 0.013748177524381651 0.056381194762119682 0
1189 1 1 102297600 -39977788.443777084 -143588829.44760132 3243318.7120357477 29.188745705521949 -7.5261635948863814 1.2869981699724165 1669.2098337181835 0.021714813521775126 0.014990387971967589 0.05525321838951907 0
1190 1 1 102384000 -37449978.961884305 -144217552.21849191 3354147.5419245479 29.323938241621036 -7.0271521178274252 1.2784085049501619 1669.0751447496971 0.023213185238263812 0.016223831466837989 0.054119152717400261 0
1191 1 1 102470400 -34910858.915624186 -144803045.43109187 3464214.68167214 29.450554480999195 -6.5255051875878021 1.2693667635416155 1668.940710279712 0.024688782270302464 0.017448583048080203 0.052980209153764793 0
1192 1 1 102556800 -32361171.808652319 -145345088.09386513 3573481.1554571991 29.568536748463405 -6.0213784075283563 1.2598749183044788 1668.8063852700616 0.026139552386966792 0.018664693784000218 0.051837557982791486 0
1193 1 1 102643200 -29801666.006859321 -145843472.72131154 3681908.1676722462 29.677830174390913 -5.5149288050250673 1.2499351679242989 1668.6720285512661 0.02756344948640713 0.019872190858436962 0.05069232381268008 0
1194 1 1 102729600 -27233094.494176839 -146298005.45465517 3789457.1223600511 29.778382736213793 -5.0063147769312923 1.2395499348281971 1668.5375038897207 0.028958449622322253 0.021071077955412836 0.049545581992397843 0
1195 1 1 102816000 -24656214.624803692 -146708506.17776591 3896089.6424321393 29.870145299789144 -4.4956960338106224 1.2287218625335596 1668.4026809651225 0.030322566396218574 0.022261334977604925 0.048398355749686747 0
1196 1 1 102902400 -22071787.871865407 -147074808.62821203 4001767.588648539 29.953071660576342 -3.9832335429487817 1.2174538127831638 1668.2674362381122 0.031653865342947694 0.023442917971366564 0.047251614561870534 0
1197 1 1 102988800 -19480579.572527833 -147396760.50333399 4106453.0783423185 30.02711858452242 -3.4690894701460766 1.2057488625045636 1668.1316536938305 0.032950476997575785 0.024615758624219011 0.046106272815577429 0
1198 1 1 103075200 -16883358.669594649 -147674223.56123883 4210108.5038750498 30.092245848550206 -2.9534271202980347 1.1936103006330967 1667.9952254523123 0.034210608767355523 0.025779763843160906 0.044963189728181356 0
1199 1 1 103161600 -14280897.449628158 -147907073.71660706 4312696.5508136116 30.148416280529982 -2.4364108767623329 1.1810416248415625 1667.8580522417765 0.035432555050413407 0.026934815247359047 0.043823169657429023 0
1200 1 1 103248000 -11673971.277643286 -148095201.13120884 4414180.2158215018 30.195595798608117 -1.9182061395165846 1.1680465382099381 1667.7200437360843 0.036614705981553572 0.028080768629586091 0.04268696333226412 0
1201 1 1 103334400 -9063358.3284358997 -148238510.29902467 4514522.8242607797 30.233753449769189 -1.3989792621040051 1.1546289458568304 1667.5811187618147 0.037755554579000324 0.02921745363911861 0.041555269067633856 0
1202 1 1 103420800 -6449839.3146169987 -148336920.12586632 4613688.0475020437 30.262861447505482 -0.87889748736648232 1.1407929515581257 1667.4412053835636 0.038853702511622908 0.030344673475632647 0.040428734970802287 0
1203 1 1 103507200 -3834197.2114353776 -148390364.00339115 4711639.9199424759 30.282895208466346 -0.3581288819535382 1.1265428543672298 1667.3002408785546 0.039907864319081623 0.03146220522447013 0.039307960755420798 0
1204 1 1 103593600 -1217216.9784820979 -148398789.87740657 4808342.8557320405 30.293833387972732 0.16315773038800907 1.1118831452450513 1667.1581716133201 0.04091687074869467 0.032569799803556891 0.038193500311379545 0
1205 1 1 103680000 1400314.7216206063 -148362160.310357 4903761.6652094349 30.295657914287716 0.68479283674585278 1.0968185037079323 1667.0149528356233 0.04187967081503479 0.03366718288114022 0.03708586384291971 0
1206 1 1 103766400 4017609.807433439 -148280452.53788918 4997861.5710489368 30.288354021526644 1.2066063042091211 1.0813537944905982 1666.8705483951494 0.042795332829960453 0.034754055851856862 0.03598552039621173 0
1207 1 1 103852800 6633879.0656952253 -148153658.51938739 5090608.2241197415 30.271910281109641 1.7284274502547925 1.0654940642243838 1666.724930406019 0.04366304484365003 0.035830096998368005 0.034892900022047597 0
1208 1 1 103939200 9248332.4409692567 -147981784.98237601 5181967.7190586459 30.246318631660994 2.2500851143561484 1.0492445381255731 1666.5780788631439 0.044482114179525106 0.036894963345061288 0.033808396148877366 0
1209 1 1 104025600 11860179.327802369 -147764853.46068108 5271906.6095569795 30.211574407260908 2.7714077308023093 1.0326106166880071 1666.4299812235704 0.045251966481598439 0.03794829240716157 0.032732367541132817 0
1210 1 1 104112000 14468628.865250722 -147502900.32625014 5360391.9233613955 30.167676363964315 3.2922234027137334 1.0155978723674766 1666.2806319627898 0.045972144179973091 0.038989704600306915 0.03166514026733562 0
1211 1 1 104198400 17072890.233619004 -147195976.81452438 5447391.1769878408 30.114626704504715 3.8123599772399968 0.99821204625729532 1666.1300321142942 0.046642304613908295 0.040018805676426142 0.030607009604379547 0
1212 1 1 104284800 19672172.953252703 -146844149.0432649 5532872.3901475389 30.052431101103348 4.3316451219086582 0.98045904474240564 1665.9781888000236 0.047262217661237983 0.041035189389915759 0.029558241583541485 0
1213 1 1 104371200 22265687.185216479 -146447498.02473292 5616804.0998825599 29.981098716305443 4.8499064020982887 0.96234493612386085 1665.8251147578619 0.04783176309651091 0.042038440411525053 0.028519074593210347 0
1214 1 1 104457600 24852644.03368501 -146006119.67112935 5699155.3744082535 29.900642221775268 5.3669713596020339 0.94387594720560763 1665.670827871143 0.048350927738332362 0.043028137370217073 0.027489720635989978 0
1215 1 1 104544000 27432255.84986699 -145520124.79320097 5779895.8266588496 29.811077814975825 5.8826675922349461 0.92505845983782842 1665.5153507045206 0.048819802161144607 0.044003855839862979 0.026470366720714331 0
1216 1 1 104630400 30003736.537276246 -144989639.09192473 5858995.6275325119 29.712425233665286 6.3968228344446105 0.90589900741320728 1665.3587100493135 0.049238577346664064 0.044965171737221879 0.025461175964256226 0
1217 1 1 104716800 32566301.858159076 -144414803.14318573 5936425.5188311888 29.604707768151375 6.9092650388685879 0.88640427130593202 1665.2009364809226 0.049607541151622518 0.04591166426484846 0.024462288622714885 0
1218 1 1 104803200 35119169.740880832 -143795772.37537074 6012156.8258901453 29.487952271232391 7.4198224587760491 0.86658107724837974 1665.0420639306469 0.049927074299288117 0.046842919181557044 0.023473822994433791 0
1219 1 1 104889600 37661560.588069506 -143132717.03980187 6086161.4698917512 29.362189165770719 7.9283237313391526 0.84643639164593454 1664.8821292729301 0.050197646656634801 0.047758531954349731 0.022495876433734026 0
1220 1 1 104976000 40192697.585309632 -142425822.17394242 6158411.9798581647 29.227452449845845 8.4345979616588913 0.82597731782801964 1664.7211719291188 0.050419813016545488 0.048658110704488687 0.021528526142074036 0
1221 1 1 105062400 42711807.01017426 -141675287.55731326 6228881.5043168971 29.083779699425786 8.9384748074729856 0.80521109222254661 1664.5592334887745 0.050594208848111097 0.049541279195300665 0.020571829746647396 0
1222 1 1 105148800 45218118.541379243 -140881327.66006374 6297543.8226327579 28.931212068507925 9.4397845644698908 0.7841450804638127 1664.3963573487181 0.050721545846965761 0.050407679605574574 0.019625826352092934 0
1223 1 1 105235200 47710865.567838453 -140044171.5841476 6364373.3560007578 28.769794286686743 9.93835825212469 0.76278677343028822 1664.2325883699773 0.05080260758727756 0.051256975171110282 0.018690536960668334 0
1224 1 1 105321600 50189285.497396231 -139164062.99706393 6429345.1780931102 28.599574654104657 10.434027699969338 0.74114378320322816 1664.0679725528198 0.050838244852088252 0.052088852594280866 0.01776596519476983 0
1225 1 1 105408000 52652620.065009117 -138241260.05812892 6492435.025354174 28.420605033743922 10.926625634209708 0.71922383895910669 1663.902556729664 0.050829371000296372 0.052903024394133094 0.016852098052991971 0
1226 1 1 105494400 55100115.640145272 -137276035.33725139 6553619.3069374235 28.232940841025417 11.415985764593417 0.69703478278807951 1663.7363882757954 0.050776957182997295 0.053699230846614036 0.015948906340999609 0
1227 1 1 105580800 57531023.533168048 -136268675.72619668 6612875.1142778751 28.03664103068613 11.901942871432286 0.67458456544001388 1663.5695148375301 0.050682027662349277 0.054477241927431336 0.015056345404045633 0
1228 1 1 105667200 59944600.300467074 -135219482.34232786 6670180.230294182 27.831768080906219 12.384332892682028 0.6518812420047837 1663.4019840774884 0.050545654854869858 0.055236858867218255 0.014174355692037548 0
1229 1 1 105753600 62340108.048098288 -134128770.42482485 6725513.1382144522 27.618387974665985 12.862993010972325 0.62893296752225325 1663.2338434367518 0.050368954655151017 0.055977915485344219 0.013302863283813552 0
1230 1 1 105840000 64716814.73369325 -132996869.22339012 6778853.0300199809 27.396570178319401 13.337761740487379 0.60574799252964051 1663.0651399132648 0.050153081546793939 0.056700279399753618 0.012441780601507994 0
1231 1 1 105926400 67073994.466396108 -131824121.87945764 6830179.8145016814 27.166387617365931 13.808479013591183 0.58233465854654742 1662.8959198562716 0.049899223744075197 0.05740385288198685 0.011591006857088772 0
1232 1 1 106012800 69410927.804586262 -130610885.29993306 6879474.1249236036 26.927916649421569 14.274986267084547 0.55870139349747783 1662.7262287763606 0.049608598564855132 0.058088573409200484 0.010750428675604841 0
1233 1 1 106099200 71726902.051144719 -129357530.02350044 6926717.3262887103 26.681237034385674 14.737126527990759 0.53485670708330868 1662.5561111705192 0.049282447598917263 0.058754414193062238 0.0099199207956483758 0
1234 1 1 106185600 74021211.5460217 -128064440.07954191 6971891.5222025039 26.426431901808449 15.194744498757077 0.5108091860990247 1662.3856103619328 0.048922032198657942 0.059401384156858583 0.0090993465100105055 0
1235 1 1 106272000 76293157.955864295 -126732012.83972462 7014979.5613298183 26.163587715466033 15.647686641766004 0.48656748970103186 1662.2147683540109 0.04852862873054839 0.060029528099762343 0.008288558350067303 0
1236 1 1 106358400 78542050.56046316 -125360658.86232005 7055965.0434407918 25.89279423516485 16.095801263044184 0.46214034462983627 1662.0436256981336 0.048103524447969788 0.060638926135515095 0.0074873986018584669 0
1237 1 1 106444800 80767206.5357804 -123950801.72932951 7094832.3250423586 25.614144475794674 16.538938595056177 0.43753654039588574 1661.8722213747819 0.047648012927446248 0.061229693313556016 0.0066957001138120264 0
1238 1 1 106531200 82967951.233321786 -122502877.87649922 7131566.524592353 25.327734663650467 16.976950878478998 0.41276492442848511 1661.7005926876475 0.04716339001140079 0.061801978772283613 0.0059132866804529781 0
1239 1 1 106617600 85143618.455618009 -121017336.41631889 7166153.527292788 25.033664190065231 17.409692442844957 0.38783439719018431 1661.5287751701687 0.046650949846149981 0.062355964828781509 0.0051399738016061763 0
1240 1 1 106704000 87293550.727585033 -119494638.95410451 7198579.9894601386 24.732035562384468 17.837019785951611 0.36275390727122003 1661.3568025040031 0.046111980956261713 0.062891865904728908 0.0043755693772520692 0
1241 1 1 106790400 89417099.563535616 -117935259.39727804 7228833.3424707931 24.422954352327768 18.258791651926185 0.33753244645874736 1661.184706449196 0.045547762703701387 0.063409927041595773 0.0036198741758842988 0
1242 1 1 106876800 91513625.72961764 -116339683.75796349 7256901.7962795924 24.106529141781987 18.674869107846195 0.31217904479045533 1661.0125167855226 0.044959561638625391 0.063910422632464672 0.0028726826768431385 0
1243 1 1 106963200 93582499.501460403 -114708409.94902965 7282774.3425107384 23.782871466082621 19.085115618812956 0.28670276560004754 1660.8402612645234 0.044348628471741772 0.064393654569402145 0.0021337836279258712 0
1244 1 1 107049600 95623100.916813567 -113041947.57371631 7306440.7571202256 23.452095754842983 19.489397121375799 0.26111270055512126 1660.6679655718931 0.043716194893930319 0.064859950602031272 0.001402960756984626 0
1245 1 1 107136000 97634820.022970423 -111340817.7089918 7327891.6026295237 23.114319270389604 19.887582095218139 0.23541796469586027 1660.4956532996371 0.043063470847100084 0.065309662451404155 0.00067999343286911029 0
1246 1 1 107222400 99617057.118770599 -109605552.68279493 7347118.2299308488 22.769662043871495 20.279541633006136 0.20962769147963542 1660.3233459277674 0.042391641794342662 0.065743163767687351 -3.5342612861666203e-05 0
1247 1 1 107308800 101569222.99098502 -107836695.84532501 7364112.7796647558 22.418246809118134 20.665149508311401 0.18375102783826872 1660.1510628149886 0.041701866555101975 0.066160848096876362 -0.00074327458136001106 0
1248 1 1 107395200 103490739.14489138 -106034801.33454959 7378868.1831713095 22.060198934321363 21.044282241519937 0.15779712924900613 1659.9788211980003 0.040995275017591648 0.066563126643556056 -0.0014440320090868541 0
1249 1 1 107481600 105381038.02885601 -104200433.83610715 7391378.1630162522 21.695646351620319 21.416819163647567 0.13177515482922492 1659.8066361989295 0.040272966418080952 0.066950426210263064 -0.0021378459114162847 0
1250 1 1 107568000 107239563.25274438 -102334168.3377904 7401637.2330947611 21.324719484673984 21.782642477979724 0.10569426246247567 1659.634520840538 0.039536007554007713 0.067323186776493557 -0.0028249481164087211 0
1251 1 1 107654400 109065769.79998963 -100436589.87879984 7409640.6983153224 20.947551174307829 22.141637319461164 0.079563603953645146 1659.4624860688023 0.038785431519991989 0.067681859391459695 -0.0035055706428712523 0
1252 1 1 107740800 110859124.23315758 -98508293.293965772 7415384.6538665881 20.564276602328334 22.493691811766109 0.053392320223282247 1659.2905407823307 0.038022236488620048 0.068026903763189095 -0.0041799448925097177 0
1253 1 1 107827200 112619104.89285313 -96549882.953142911 7418865.9840710331 20.175033213594617 22.838697121980946 0.027189536548131721 1659.1186918683584 0.037247384782047831 0.068358786109121022 -0.0048483009674677212 0
1254 1 1 107913600 114345202.08982199 -94561972.495984808 7420082.3608294902 19.779960636446887 23.176547512838702 0.00096435785128960423 1658.9469442448153 0.036461802221847306 0.068677976801679308 -0.0055108669279766535 0
1255 1 1 108000000 116036918.29011007 -92545184.562313601 7419032.2416610057 19.379200601593091 23.507140392444445 -0.025274135955198659 1658.7753009081227 0.035666377725010516 0.068984948170932786 -0.0061678681928925569 0
1256 1 1 108086400 117693768.29315153 -90500150.518303752 7415714.8673427813 18.972896859546793 23.830376361444053 -0.051516894568178484 1658.6037629863242 0.034861962848864635 0.06928017239176372 -0.0068195267384884945 0
1257 1 1 108172800 119315279.40266465 -88427510.178702503 7410130.2591557661 18.561195096729637 24.146159257586397 -0.077754901824210049 1658.4323297970334 0.034049372126420438 0.069564119330542212 -0.0074660604352814429 0
1258 1 1 108259200 120900991.59024538 -86327911.525314182 7402279.2157416278 18.144242850337175 24.454396197634178 -0.10397918016406379 1658.2609989099931 0.03322938284674061 0.069837254500913271 -0.0081076824349633064 0
1259 1 1 108345600 122450457.65155488 -84202010.42197977 7392163.309577019 17.722189422075729 24.754997616586891 -0.13018079502550264 1658.0897662137731 0.032402735827683798 0.070100037118981537 -0.0087446005035467147 0
1260 1 1 108432000 123963243.35501006 -82050470.326284364 7379784.8830717606 17.295185790880822 25.047877304182851 -0.15635085915580729 1657.9186259862099 0.03157013566278552 0.070352918226169098 -0.0093770163005602574 0
1261 1 1 108518400 125438927.58289188 -79873961.998230025 7365147.0442979336 16.863384524718221 25.332952438651279 -0.18248053684269219 1657.7475709683624 0.030732251641910555 0.070596338925116353 -0.010005124833371079 0
1262 1 1 108604800 126877102.46479863 -77673163.206111744 7348253.6623569271 16.426939691586252 25.61014361769152 -0.20856104806371892 1657.5765924414234 0.029889718626652972 0.070830728708279472 -0.010629113898933533 0
1263 1 1 108691200 128277373.50337805 -75448758.429837346 7329109.3623917811 15.986006769821465 25.879374886661406 -0.23458367254571008 1657.4056803063775 0.029043138078954183 0.071056503933581358 -0.011249163428963821 0
1264 1 1 108777600 129639359.69228476 -73201438.561932907 7307719.5202528564 15.540742557820311 26.14057376395937 -0.2605397537313564 1657.2348231660771 0.028193079318108834 0.071274066322348964 -0.011865444994565048 0
1265 1 1 108864000 130962693.6263157 -70931900.606476948 7284090.2568246974 15.091305083285018 26.393671263593113 -0.28642070265404945 1657.064008409342 0.027340080798725769 0.0714838017284153 -0.012478121331164924 0
1266 1 1 108950400 132247021.60368797 -68640847.376206234 7258228.4320223304 14.63785351210158 26.638601914931559 -0.31221800171417541 1656.893222296776 0.026484651587495089 0.071686078902050115 -0.013087345783732794 0
1267 1 1 109036800 133492003.7204318 -66328987.18803665 7230141.6384656029 14.180548056961264 26.875303779638845 -0.33792320835671574 1656.7224500479902 0.025627272964099893 0.071881248455455765 -0.013693261963239898 0
1268 1 1 109123200 134697313.95688117 -63997033.557242677 7199838.1948400289 13.719549885829178 27.103718465795325 -0.3635279586479605 1656.5516759300147 0.0247683999867707 0.072069641868855519 -0.014296003261460782 0
1269 1 1 109209600 135862640.25625306 -61645704.89053788 7167327.1389531996 13.255021030366157 27.32379113921905 -0.38902397074784778 1656.3808833464709 0.023908463270747807 0.072251570836057752 -0.014895692534241847 0
1270 1 1 109296000 136987684.59531668 -59275724.178297654 7132618.2204955742 12.787124294412921 27.535470531998751 -0.41440304827885821 1656.2100549272673 0.023047870835080971 0.072427326426477298 -0.015492441774659301 0
1271 1 1 109382400 138072163.04716164 -56887818.686164685 7095721.8935147477 12.316023162633345 27.738708948256573 -0.43965708359055239 1656.039172618644 0.02218700981208949 0.072597178687161396 -0.016086351888918302 0
1272 1 1 109468800 139115805.83608347 -54482719.646275163 7056649.3086123085 11.841881709422017 27.933462267167283 -0.46477806091493262 1655.8682177731348 0.021326248511886303 0.07276137617467919 -0.016677512338905673 0
1273 1 1 109555200 140118357.38461405 -52061161.948341839 7015412.304872754 11.364864508176346 28.119689943255288 -0.48975805941515571 1655.6971712393643 0.020465938237175962 0.072920145660214306 -0.017266001109792442 0
1274 1 1 109641600 141079576.35273212 -49623883.830827899 6972023.4015335236 10.885136541027963 28.297355004005038 -0.51458925612833328 1655.5260134512889 0.019606415325143362 0.073073692044755043 -0.017851884485758383 0
1275 1 1 109728000 141999235.6692982 -47171626.572442085 6926495.7894054987 10.402863109128857 28.466424044817614 -0.53926392879930596 1655.3547245167097 0.018748002999297984 0.073222198270538524 -0.018435217021580894 0
1276 1 1 109814400 142877122.55576482 -44705134.184182979 6878843.3220533105 9.9182097435840859 28.626867221350359 -0.5637744586061163 1655.1832843049092 0.017891013411792101 0.073365825426498429 -0.019016041431901529 0
1277 1 1 109900800 143713038.5422233 -42225153.102156445 6829080.5067448989 9.4313421171248599 28.778658239284127 -0.58811333277730071 1655.0116725330381 0.017035749602401871 0.073504712986472376 -0.019594388664486855 0
1278 1 1 109987200 144506799.47585425 -39732431.881386966 6777222.4951794362 8.9424259566055984 28.921774341561953 -0.6122731471045717 1654.8398688510999 0.016182507400044663 0.073638979100299942 -0.020170277982978158 0
1279 1 1 110073600 145258235.52185538 -37227720.890838936 6723285.0740027763 8.451626956407587 29.056196293146201 -0.63624660834840685 1654.6678529254382 0.015331577278773354 0.073768721018286021 -0.020743717036674832 0
1280 1 1 110160000 145967191.15693089 -34711772.009860307 6667284.6551197367 7.9591106928350817 29.181908363348086 -0.66002653653496013 1654.4956045204028 0.014483246338992112 0.073894015664947785 -0.021314701969778596 0
1281 1 1 110246400 146633525.15542921 -32185338.326255854 6609238.2658123942 7.4650425395814191 29.298898305781474 -0.68360586715224758 1654.3231035780493 0.013637800052962161 0.074014920209397483 -0.021883217801587376 0
1282 1 1 110332800 147257110.56822664 -29649173.836193137 6549163.5386729669 6.9695875843343948 29.407157335999965 -0.70697765324288675 1654.1503302956964 0.012795523977443879 0.074131472892919936 -0.022449238513738715 0
1283 1 1 110419200 147837834.69445771 -27104033.146138456 6487078.7013605088 6.4729105466015797 29.506680106875596 -0.73013506739260603 1653.9772652011502 0.011956705651226609 0.07424369375563028 -0.023012727454897873 0
1284 1 1 110505600 148375599.04619995 -24550671.177015506 6423002.566189996 5.9751756968184253 29.597464681780878 -0.75307140361999725 1653.8038892254756 0.01112163601670298 0.07435158563635394 -0.02357363764195226 0
1285 1 1 110592000 148870319.30622792 -21989842.870773636 6356954.5195624977 5.4765467768044935 29.679512505638506 -0.77578007916713598 1653.6301837731103 0.010290611175527995 0.074455135086485949 -0.02413191219632695 0
1286 1 1 110678400 149321925.27895534 -19422302.899547268 6288954.5112448158 4.9771869216307394 29.752828373904276 -0.79825463619228676 1653.4561307892254 0.0094639336976491753 0.074554313509796924 -0.024687484711784384 0
1287 1 1 110764800 149730360.83468893 -16848805.377581868 6219023.0435070861 4.4772585829521638 29.817420399551988 -0.82048874336666178 1653.2817128241431 0.0086419141063347887 0.074649078258555213 -0.025240279781494099 0
1288 1 1 110851200 150095583.84732467 -14270103.576096566 6147181.1601263909 3.9769234538686216 29.873299978125665 -0.84247619737906565 1653.1069130947669 0.0078248722566284564 0.074739373793351452 -0.025790213502467543 0
1289 1 1 110937600 150417566.12561795 -11686949.64124684 6073450.4352643918 3.4763423953552479 29.920481750936005 -0.86421092434727032 1652.9317155427507 0.0070131383482967139 0.074825133092458668 -0.026337193982094442 0
1290 1 1 111024000 150696293.3381688 -9100094.3153447881 5997852.9622269673 2.975675364312599 29.958983566469726 -0.88568698113956756 1652.7561048893631 0.006207054184974312 0.074906278828921646 -0.026881121950347173 0
1291 1 1 111110400 150931764.93226102 -6510286.6614883067 5920411.3421134511 2.4750813432835379 29.988826440082882 -0.90689855660702023 1652.5800666870264 0.0054069740896114391 0.074982724828206518 -0.027421891289891139 0
1292 1 1 111196800 151123994.04670274 -3918273.7917440333 5841148.6723632002 1.9747182718724834 30.010034512056261 -0.9278399727311708 1652.4035873672285 0.0046132658152317416 0.075054377456436464 -0.027959389787926885 0
1293 1 1 111283200 151273007.41881657 -1324800.5990225684 5760088.5352065386 1.474742979906146 30.022635004083341 -0.94850568568679527 1652.2266542848915 0.003826311305084392 0.075121137050506742 -0.028493499641832856 0
1294 1 1 111369600 151378845.28573072 1269390.5072220182 5677254.9860276394 0.97531112236288764 30.026658174270647 -0.96889028682049583 1652.049255758943 0.0030465071993507134 0.075182899516742924 -0.029024098221389801 0
1295 1 1 111456000 151441561.28012565 3863559.8613430928 5592672.5416461872 0.47657711610414916 30.022137270722059 -0.98898850355157719 1651.8713811090777 0.0022742654809156941 0.075239557697987472 -0.029551058749977273 0
1296 1 1 111542400 151461222.32059354 6456970.7977835117 5506366.1685244627 -0.021305921575713066 30.009108483783542 -1.008795200197947 1651.693020688569 0.0015100136868582306 0.075291003051097871 -0.030074250992922401 0
1297 1 1 111628800 151437908.49677059 9048889.9031766485 5418361.2709087916 -0.51818623242425921 29.987610897025732 -1.028305378650922 1651.5141659141216 0.00075419877484045469 0.075337127107437202 -0.030593539976379574 0
1298 1 1 111715200 151371712.94883814 11638587.264027752 5328683.6786683276 -1.0139134892518897 29.957686433749544 -1.0475141852017766 1651.3348093233408 7.2738940184428678e-06 0.075377823186337095 -0.031108794758677123 0
1299 1 1 111801600 151262741.75057667 14225336.712094672 5237359.6386159481 -1.5083385749111491 29.91937987290882 -1.0664167946604959 1651.1549439045323 -0.00072381654728479329 0.075414497363215996 -0.031617111510930683 0
1300 1 1 111888000 151111113.80464423 16808416.073664814 5144415.814294395 -2.0013139934452928 29.872738810668366 -1.0850085234034497 1650.9745609436168 -0.0014750541794829176 0.075437343616446703 -0.032133063105679011 0
1301 1 1 111974400 150916960.29695654 19387107.246777818 5049879.0993678216 -2.4927058299788745 29.817808643092974 -1.1032900333367717 1650.79374278974 -0.0025925293227816995 0.075303998304453668 -0.03281077811674462 0
1302 1 3 111982603.40451001 150896320.59966972 19631691.690925904 5040821.3091586214 -2.5392748813815444 29.812164036338999 -1.1050097726945636 1650.7765536915708 0 0 0 168
1303 1 1 112060800 150680423.78312498 21960696.160204276 4953776.2281444995 -2.9823769157989277 29.754640992365641 -1.1212612261820185 1650.6124375678069 -0.003558313174549303 0.075277777587861999 -0.033462343010869942 0
1304 1 1 112147200 150401659.49739447 24528473.708299428 4856134.2934402069 -3.4701755791783557 29.683296157618393 -1.138915292905428 1650.4304960527329 -0.0043583458161920658 0.075294129679104788 -0.034050327312701439 0
1305 1 1 112233600 150080835.52738568 27089735.915710572 4756980.9610136021 -3.9559576237758889 29.603832580732472 -1.1562466525834481 1650.2479209178275 -0.0051673755464655413 0.075283762637218324 -0.034635437363949022 0
1306 1 1 112320000 149718132.07029438 29643783.861884654 4656344.2751511997 -4.4395851915252811 29.51630949272198 -1.1732515092695233 1650.0647440738032 -0.0059695814784846051 0.075251912683450856 -0.035211865603246108 0
1307 1 1 112406400 149313741.19863915 32189923.863763168 4554252.6173902629 -4.920921419922343 29.420788834129304 -1.1899259129628446 1649.880993264469 -0.0067642724854399911 0.075198688991246349 -0.035779474262471814 0
1308 1 1 112492800 148867866.72874463 34727467.691463038 4450734.7040051874 -5.3998313289240008 29.317334885215619 -1.2062660637661924 1649.6966970664234 -0.0075507907705337652 0.075124084793949053 -0.036338069358096664 0
1309 1 1 112579200 148380724.05785134 37255732.768223718 4345819.573704266 -5.8761818281993285 29.206014215369752 -1.2222682978261297 1649.5118849051057 -0.0083284778629202257 0.075028117156132765 -0.036887459801331797 0
1310 1 1 112665600 147852539.99922195 39774042.365684249 4239536.5758748855 -6.3498417543487644 29.086895625064898 -1.2379290873126625 1649.3265870138953 -0.009096672133459445 0.074910827586851733 -0.037427456155358134 0
1311 1 1 112752000 147283552.61411464 42281725.794113681 4131915.3588419147 -6.8206819062398401 28.960050087104008 -1.2532450401581912 1649.1408344065394 -0.0098547100998748992 0.07477228249899126 -0.037957871063198256 0
1312 1 1 112838400 146674011.04078358 44778118.587549187 4022985.8581516137 -7.288575078499389 28.825550687513701 -1.2682128997243498 1648.9546588485023 -0.010601927502179032 0.074612573566888954 -0.038478519237145924 0
1313 1 1 112924800 146024175.32066405 47262562.683814473 3912778.2848879616 -7.7533960931596333 28.683472566148446 -1.2828295443855031 1648.7680928274781 -0.011337660457763932 0.074431818115544668 -0.038989217549510104 0
1314 1 1 113011200 145334316.22190395 49734406.599396221 3801323.1140282382 -8.2150218294728763 28.533892857062064 -1.2970919870387387 1648.5811695229993 -0.012061246619514892 0.074230159336483331 -0.039489785244984095 0
1315 1 1 113097600 144604715.06039777 52193005.599160314 3688651.0728439759 -8.6733312519117352 28.376890628705727 -1.3109973745424637 1648.3939227750898 -0.01277202643569581 0.074007766611514633 -0.039980044031299726 0
1316 1 1 113184000 143835663.51847801 54637721.860895999 3574793.1293535838 -9.1282054363706084 28.212546824006623 -1.3245429870824812 1648.2063870521119 -0.013469344311797502 0.073764835564989889 -0.040459818183454878 0
1317 1 1 113270400 143027463.46142104 57067924.63467928 3459780.4808326964 -9.5795275945864802 28.040944200381396 -1.3377262374703871 1648.0185974178144 -0.014152549888354656 0.073501588255819275 -0.040928934704313275 0
1318 1 1 113356800 142180426.7519187 59482990.397053137 3343644.542387981 -10.027183096799941 27.862167269741462 -1.3505446703761741 1647.8305894974342 -0.014820999258091872 0.073218273240426929 -0.041387223416151184 0
1319 1 1 113443200 141294875.06266728 61882303.000025116 3226416.9356000363 -10.471059492677723 27.676302238538071 -1.3629959614970826 1647.6423994430484 -0.015474056258920989 0.072915165530371515 -0.041834517109439237 0
1320 1 1 113529600 140371139.68722302 64265253.81488876 3108129.4772407077 -10.911046530520361 27.48343694789693 -1.375077916666599 1647.4540638981453 -0.016111093729468215 0.072592566521280807 -0.042270651674682184 0
1321 1 1 113616000 139409561.34927154 66631241.87087813 2988814.1680699685 -11.347036174777781 27.283660813894425 -1.3867884709033758 1647.2656199613982 -0.016731494766980083 0.072250803943190667 -0.0426954661684084 0
1322 1 1 113702400 138410490.01045561 68979673.988670036 2868503.1817174563 -11.778922621900101 27.077064768021163 -1.3981256874037555 1647.0771051496608 -0.01733465404699901 0.071890231623339657 -0.04310880298433075 0
1323 1 1 113788800 137374284.67690474 71309964.908751979 2747228.8536532982 -12.206602314549626 26.863741197875317 -1.4090877564831874 1646.8885573602638 -0.017919979054652761 0.071511229225004594 -0.043510508002913492 0
1324 1 1 113875200 136301313.20460692 73621537.414677694 2625023.6702526519 -12.629973954199549 26.643783888133392 -1.4196729944643549 1646.7000148326076 -0.018486891338841394 0.071114202003167523 -0.043900430618332542 0
1325 1 1 113961600 135191952.10376018 75913822.45123598 2501920.2579585402 -13.048938512152132 26.417287961840437 -1.4298798425155894 1646.5115161090434 -0.019034827853089051 0.070699580418621871 -0.044278423918718474 0
1326 1 1 114048000 134046586.34223868 78186259.23756209 2377951.372546976 -13.463399239003904 26.184349822059112 -1.4397068654446339 1646.3230999950608 -0.019563242133595705 0.070267819731748143 -0.044644344794685542 0
1327 1 1 114134400 132865609.1483085 80438295.375225067 2253149.888498228 -13.87326167258723 25.94506709391684 -1.4491527504478967 1646.1348055188673 -0.020071605581355654 0.069819399494707252 -0.044998054048977443 0
1328 1 1 114220800 131649421.81272082 82669386.951325625 2127548.7884779996 -14.278433644421437 25.699538567087941 -1.4582163058177831 1645.946671890375 -0.020559408673838851 0.069354823019026499 -0.045339416501853073 0
1329 1 1 114307200 130398433.49031147 84878998.636645555 2001181.1529320308 -14.678825284705033 25.447864138749697 -1.4668964596094898 1645.7587384595581 -0.021026162204521255 0.068874616836101438 -0.045668301071467028 0
1330 1 1 114393600 129113061.00123058 87066603.778889537 1874080.1497975106 -15.074349025879854 25.190144757043232 -1.4751922582721739 1645.5710446742671 -0.021471398401642978 0.068379329951169535 -0.045984580954723908 0
1331 1 1 114480000 127793728.63192551 89231684.491065219 1746279.0243341892 -15.464919604802407 24.926482365073973 -1.4831028652454548 1645.3836300374837 -0.021894672194527773 0.067869533251747258 -0.046288133663074237 0
1332 1 1 114566400 126440867.93599439 91373731.73504959 1617811.0890782818 -15.850454063554533 24.656979845482653 -1.4906275595222322 1645.1965340640952 -0.022295562238988969 0.067345818633806481 -0.046578841157631813 0
1333 1 1 114652800 125054917.53502764 93492245.400391445 1488709.7139218142 -16.230871748927459 24.381740965613719 -1.4977657341818302 1645.0097962372606 -0.022673672133086194 0.066808798232156338 -0.046856589934411365 0
1334 1 1 114739200 123636322.91954996 95586734.378403857 1359008.3163199523 -16.606094310614317 24.100870323314538 -1.5045168948949776 1644.8234559642467 -0.023028631411209081 0.066259103593102844 -0.047121271137911952 0
1335 1 1 114825600 122185536.25017306 97656716.631601542 1228740.3516285934 -16.976045698145807 23.814473293388591 -1.5108806584038863 1644.6375525318499 -0.023360096693798616 0.065697384701843206 -0.047372780670143153 0
1336 1 1 114912000 120703016.15906635 99701719.258540899 1097939.3035743607 -17.340652156602118 23.522655974726394 -1.5168567509768338 1644.4521250615601 -0.023667752560684943 0.065124309016068305 -0.047611019215219402 0
1337 1 1 114998400 119189227.55184948 101721278.55412251 966638.67485914484 -17.699842221135679 23.225525138141151 -1.5224450068405455 1644.2672124643884 -0.02395131261747234 0.06454056049200782 -0.047835892383654044 0
1338 1 1 115084800 117644641.41000833 103714940.06541798 834871.97790082125 -18.053546710343916 22.923188174929827 -1.5276453665957721 1644.0828533953052 -0.024210520414025934 0.063946838488784158 -0.048047310834109784 0
1339 1 1 115171200 116069734.593932 105682258.64308392 702672.7257116579 -18.401698718522773 22.615753046179368 -1.5324578756136411 1643.8990862075289 -0.024445150297680469 0.063343856672349166 -0.048245190274621284 0
1340 1 1 115257600 114464989.64666645 107622798.48842974 570074.42291608849 -18.744233606837987 22.303328232839903 -1.5368826824146744 1643.7159489066098 -0.024655008297072515 0.062732341903291439 -0.04842945157790933 0
1341 1 1 115344000 112830894.59847592 109536133.19620509 437110.55690901575 -19.081088993448322 21.986022686579478 -1.5409200370374465 1643.5334791043576 -0.024839932852548766 0.062113032959836244 -0.048600020929229062 0
1342 1 1 115430400 111167942.77230202 111421845.79317522 303814.5891555961 -19.412204742615849 21.663945781439921 -1.5445702893932614 1643.3517139727053 -0.024999795616752075 0.06148667943467042 -0.048756829770690381 0
1343 1 1 115516800 109476632.59020627 113279528.77255522 170219.94663376038 -19.737522952839544 21.337207266309282 -1.5478338876099744 1643.1706901975006 -0.025134502115507617 0.060854040389784883 -0.048899814980866624 0
1344 1 1 115603200 107757467.38087866 115108784.12437332 36360.013420028656 -20.05698794404428 21.005917218221668 -1.5507113763702383 1642.9904439323541 -0.025243992372728376 0.060215883085039501 -0.049028918920274681 0
1345 1 1 115689600 106010955.18829292 116909223.36183558 -97731.877580723245 -20.370546243860478 20.670185996502134 -1.5532033952412339 1642.8110107525395 -0.025328241485372056 0.059572981709499664 -0.049144089464843971 0
1346 1 1 115776000 104237608.5815849 118680467.54376547 -232022.45276095549 -20.678146573030666 20.330124197763919 -1.5553106770001306 1642.6324256090718 -0.025387260194749996 0.058926115921469881 -0.049245280120242929 0
1347 1 1 115862400 102437944.46622853 120422147.29319246 -366478.50579140056 -20.979739829973088 19.985842611770238 -1.557034045957445 1642.4547227830035 -0.025421095231431965 0.058276069579685709 -0.049332450064894971 0
1348 1 1 115948800 100612483.8965808 122133902.81216525 -501066.90545698191 -21.275279074536371 19.637452178172619 -1.5583744162768398 1642.2779358400164 -0.025429829780306491 0.057623629308411146 -0.049405564168306423 0
1349 1 1 116035200 98761751.889864117 123815383.89286463 -635754.60334757366 -21.564719510981273 19.285063944129355 -1.5593327902966914 1642.1020975853864 -0.025413583790089189 0.056969583046860194 -0.049464593140666951 0
1350 1 1 116121600 96886277.24165073 125466249.92509313 -770508.64140387927 -21.848018470220893 18.928789022814463 -1.5599102568533121 1641.9272400193736 -0.025372514263613675 0.0563147186640248 -0.049509513498014378 0
1351 1 1 116208000 94986592.342913166 127086169.90021896 -905296.1593184399 -22.125135391347488 18.56873855282339 -1.560107989605779 1641.7533942932216 -0.025306815302180808 0.055659822485242427 -0.049540307659445726 0
1352 1 1 116294400 93063232.998700172 128674822.41165078 -1040084.4017921828 -22.396031802480916 18.205023658479501 -1.5599272453670161 1641.5805906657602 -0.025216718363831585 0.055005677836832974 -0.049556963999744227 0
1353 1 1 116380800 91116738.2484954 130231895.65192267 -1174840.7256469424 -22.660671300972929 17.837755411046835 -1.5593693624380129 1641.4088584607589 -0.025102492251082045 0.054353063590480789 -0.049559476813059708 0
1354 1 1 116467200 89147650.188313186 131757087.40646702 -1309532.6067943727 -22.919019532991566 17.467044790852292 -1.5584357589519651 1641.2382260250938 -0.024964443017989783 0.053702752685142914 -0.049547846520104404 0
1355 1 1 116553600 87156513.794584274 133250105.04415376 -1444127.6470622448 -23.17104417251787 17.093002650319409 -1.5571279312257471 1641.0687206879093 -0.024802913874009926 0.053055510647717345 -0.049522079511114689 0
1356 1 1 116640000 85143876.749879926 134710665.50467566 -1578593.5808785195 -23.416714899787991 16.715739677916474 -1.555447452119485 1640.900368720844 -0.02461828503191154 0.052412094146268781 -0.049482188330698729 0
1357 1 1 116726400 83110289.270522267 136138495.28285798 -1712898.2818143116 -23.656003379202946 16.335366363018714 -1.553395969408518 1640.7331952994675 -0.024410973252212486 0.051773249480515142 -0.049428191609147173 0
1358 1 1 116812800 81056303.936124727 137533330.40997198 -1847009.768986566 -23.888883236739904 15.951992961688125 -1.5509752041656091 1640.5672244659922 -0.02418143168513753 0.051139711249060034 -0.049360114147971479 0
1359 1 1 116899200 78982475.521104708 138894916.43213147 -1980896.2133216073 -24.115330036891383 15.565729463367019 -1.5481869491579432 1640.4024790934029 -0.023930149209932788 0.050512200750542184 -0.049277986941164177 0
1360 1 1 116985600 76889360.828208536 140223008.38585022 -2114525.9436806818 -24.335321259154959 15.176685558484762 -1.5450330672546575 1640.2389808513337 -0.023657649958072392 0.049891424699364459 -0.049181847100355197 0
1361 1 1 117072000 74777518.524085462 141517370.77084151 -2247867.4528485211 -24.548836274106346 14.784970606979737 -1.5415154898512169 1640.0767501734947 -0.023364492670105853 0.049278073773046493 -0.049071738028307499 0
1362 1 1 117158400 72647508.976946771 142777777.52013633 -2380889.4033865812 -24.755856319076575 14.390693607729672 -1.5376362153092644 1639.9158062270583 -0.023051269884523537 0.048672821242791466 -0.048947709267965059 0
1363 1 1 117244800 70499894.096342236 144004011.96759984 -2513560.6333519449 -24.956364473459949 13.993963168892231 -1.5333973074102463 1639.756166884061 -0.022718607152944721 0.048076321707079192 -0.048809816589413219 0
1364 1 1 117331200 68335237.175084859 145195866.81292433 -2645850.1618834971 -25.150345633678118 13.594887479149195 -1.5288008938275128 1639.5978486949639 -0.022367162064216326 0.047489209685815409 -0.048658121948855305 0
1365 1 1 117417600 66154102.733353041 146353144.08417711 -2777727.1946567772 -25.337786487820956 13.193574279851029 -1.5238491646158965 1639.4408668645715 -0.021997623178747299 0.046912098439566029 -0.04849269351757262 0
1366 1 1 117504000 63957056.364996709 147475655.09797934 -2909161.1292091482 -25.518675489991292 12.790130838061366 -1.5185443707188684 1639.2852352303546 -0.021610708964003241 0.046345578761230785 -0.048313605608322374 0
1367 1 1 117590400 61744664.586072199 148563220.41739619 -3040121.5601367024 -25.693002834372358 12.384663920493571 -1.5128888224934098 1639.1309662434526 -0.02120716643582746 0.045790217784349822 -0.048120938681542796 0
1368 1 1 117676800 59517494.685628846 149615669.80761233 -3170578.2841645814 -25.860760429040816 11.977279768335078 -1.5068848882550181 1638.9780709524441 -0.020787769913120986 0.045246557888781035 -0.047914779315054883 0
1369 1 1 117763200 57276114.578768216 150632842.18947011 -3300501.3050924055 -26.02194186954798 11.568084072956333 -1.5005349928407246 1638.8265589900113 -0.020353319506689904 0.044715115686181736 -0.047695220120300051 0
1370 1 1 117849600 55021092.661995344 151614585.59094885 -3429860.8386163381 -26.176542412287233 11.15718195249759 -1.4938416161916201 1638.6764385626832 -0.019904639601177269 0.044196381003241171 -0.047462359732682979 0
1371 1 1 117936000 52752997.67087955 152560757.09665647 -3558627.3170296261 -26.324558947671203 10.744677929327544 -1.4868072919571587 1638.5277164436993 -0.019442577245521672 0.043690815991806818 -0.047216302768127903 0
1372 1 1 118022400 50472398.540040188 153471222.79541311 -3686771.3938033478 -26.465989973134118 10.330675908370024 -1.4794346061165209 1638.3803979692348 -0.018968000318546025 0.043198854322518132 -0.046957159647144919 0
1373 1 1 118108800 48179864.265471824 154345857.72599837 -3814263.9480488398 -26.600835565981686 9.9152791562925913 -1.4717261956205587 1638.2344870379713 -0.018481795826981305 0.042720900438954795 -0.046685046637389427 0
1374 1 1 118195200 45875963.769221172 155184545.82113782 -3941076.0888638478 -26.7290973561066 9.4985902815463295 -1.4636847470568974 1638.0899861141438 -0.0179848678802637 0.042257328781217567 -0.04640008573261252 0
1375 1 1 118281600 43561265.766426563 155987179.84980103 -4067179.159564089 -26.850778498586308 9.0807112152562119 -1.4553129953318711 1637.946896234185 -0.017478135759377046 0.041808483392382051 -0.046102404480160862 0
1376 1 1 118368000 41236338.634729348 156753661.35788563 -4192544.7418017229 -26.965883646183951 8.6617431929533364 -1.4466137223720799 1637.8052170169644 -0.016962531819891335 0.041374677257707083 -0.045792135924282086 0
1377 1 1 118454400 38901750.286064751 157483900.60735893 -4317144.6595726646 -27.074418921767062 8.2417867371410463 -1.4375897558491455 1637.6649466775971 -0.016438999320110118 0.040956192069070793 -0.045469418526866541 0
1378 1 1 118540800 36558068.040838711 158177816.51392886 -4440950.9831145238 -27.176391890664352 7.820941640689723 -1.4282439679227303 1637.5260820448916 -0.01590849026744626 0.040553277798803564 -0.045134395939823581 0
1379 1 1 118627200 34205858.504495136 158835336.58331621 -4563936.032696723 -27.27181153297634 7.3993069510496818 -1.4185792740017533 1637.3886185825218 -0.015371963086067381 0.040166152581013456 -0.044787216905370068 0
1380 1 1 118713600 31845687.446476933 159456396.84619728 -4686072.3823044952 -27.360688215856932 6.9769809552815101 -1.4085986315275565 1637.2525504135663 -0.014830380361157957 0.03979500267813519 -0.044428035128798025 0
1381 1 1 118800000 29478119.681582373 160040941.79188889 -4807332.86321864 -27.443033665786139 6.5540611658881271 -1.3983050387763862 1637.1178703485928 -0.014284706507182506 0.039439982335148616 -0.044057009085114729 0
1382 1 1 118886400 27103718.953717053 160588924.30084264 -4927690.5674925633 -27.518860940845975 6.1306443074448325 -1.3877015336800704 1636.9845699171458 -0.01373590530551606 0.039101214075201902 -0.043674301838053292 0
1383 1 1 118972800 24723047.822040431 161100305.5760197 -5047118.8513282556 -27.588184403021117 5.7068263040215887 -1.3767911926656327 1636.8526394023429 -0.013184937665358226 0.038778788839407545 -0.043280080859414462 0
1384 1 1 119059200 22336667.549503736 161575055.07321143 -5165591.3383528842 -27.651019690541016 5.2827022673830681 -1.3655771295150196 1636.7220678785525 -0.012632759132398488 0.038472766309447293 -0.042874517873101467 0
1385 1 1 119145600 19945137.993775308 162013150.43037409 -5283081.9227976464 -27.707383690278633 4.8583664859628932 -1.3540624942432535 1636.5928432518442 -0.012080317600155934 0.038183175403245624 -0.042457788610989776 0
1386 1 1 119232000 17549017.500547413 162414577.39604491 -5399564.7725804979 -27.757294510226984 4.4339124146001394 -1.342250471994249 1636.4649523030498 -0.011528550961386535 0.037910014721667995 -0.042030072623148014 0
1387 1 1 119318400 15148862.799217235 162779329.75690258 -5515014.332294262 -27.800771452068151 4.0094326650302454 -1.3301442819557785 1636.3383807331061 -0.010978384807438934 0.037653253284486286 -0.041591553070888826 0
1388 1 1 119404800 12745228.900933156 163107409.26453954 -5629405.3261018312 -27.837834983855313 3.585018997120109 -1.3177471762929576 1636.21311321037 -0.010430730240426539 0.037412831152420417 -0.041142416509641885 0
1389 1 1 119491200 10338668.998995835 163398825.5615083 -5742712.7605399182 -27.868506712823546 3.1607623108344343 -1.3050624390985199 1636.0891334197554 -0.0098864816404030317 0.037188660263878189 -0.040682852625606447 0
1390 1 1 119577600 7929734.3716021767 163653596.10670471 -5854911.9272329854 -27.892809358350341 2.7367526389270456 -1.2920933853631345 1635.9664241130904 -0.0093465146986154886 0.036980625360614812 -0.040213054108471681 0
1391 1 1 119664000 5518974.286918371 163871746.10015115 -5965978.4055189751 -27.910766725082688 2.313079140343512 -1.2788433599624476 1635.8449671605392 -0.0088116843197507694 0.036788584910710513 -0.039733216283597279 0
1392 1 1 119750400 3106935.9104669746 164053308.40723944 -6075888.0649881596 -27.922403676248649 1.8898300943228816 -1.2653157366608676 1635.724743602731 -0.0082828228424940541 0.03661237215992301 -0.039243536982645218 0
1393 1 1 119836800 694164.21481102263 164198323.48249424 -6184617.0679368628 -27.927746107176599 1.4670928951877826 -1.2515139171355913 1635.6057337030588 -0.0077607382959168133 0.036451796226458395 -0.0387442162816354 0
1394 1 1 119923200 -1718798.1084833525 164306839.29291597 -6292141.8717375696 -27.926820919034963 1.0449540478078674 -1.2374413300180431 1635.4879169999663 -0.0072462126999819554 0.036306643202081317 -0.038235456281493087 0
1395 1 1 120009600 -4131410.7346256762 164378911.2409592 -6398439.2311269538 -27.919655992814061 0.62349916372555025 -1.2231014299509047 1635.3712723588353 -0.0067400006706823104 0.036176677412111335 -0.037717460791614789 0
1396 1 1 120096000 -6543135.7891431823 164414602.08720562 -6503486.2004131908 -27.906280163570941 0.20281295792994103 -1.2084976966655299 1635.2557780229681 -0.0062428280763418831 0.036061642591863001 -0.03719043525718644 0
1397 1 1 120182400 -8953437.9292094633 164413981.87278554 -6607260.1356044812 -27.886723194951198 -0.21702075373698365 -1.1936336340774472 1635.1414116634685 -0.0057553908096360847 0.035961263160792449 -0.036654586375024445 0
1398 1 1 120268800 -11361784.422784496 164377127.84160125 -6709738.6964600021 -27.861015754008442 -0.63591905655642544 -1.1785127693975117 1635.0281504277589 -0.0052783538207781438 0.035875245461945995 -0.036110121949152883 0
1399 1 1 120355200 -13767645.225592639 164304124.36240661 -6810899.8484649807 -27.829189386340637 -1.0537999383044949 -1.1631386522634855 1634.9159709862283 -0.0048123502508476768 0.035803279124336736 -0.035557250655470808 0
1400 1 1 120441600 -16170493.055966651 164195062.85079396 -6910721.8647315251 -27.791276491557735 -1.4705822900389911 -1.1475148538901634 1634.8048495769281 -0.0043579806863105032 0.035745038215105877 -0.03499618184778315 0
1401 1 1 120528000 -18569803.467586994 164050041.69113624 -7009183.3278268008 -27.747310299097983 -1.8861859063146709 -1.1316449662366737 1634.6947620480325 -0.0039158126277479199 0.035700182688094904 -0.034427125281351077 0
1402 1 1 120614400 -20965054.920147441 163869166.15853623 -7106263.1315300064 -27.697324844411892 -2.3005314848438974 -1.1155326011925681 1634.5856838978154 -0.0034863801415688676 0.035668359514661026 -0.03385029097780394 0
1403 1 1 120700800 -23355728.847979359 163652548.34082732 -7201940.4825199591 -27.641354945527404 -2.7135406256236463 -1.0991813897840803 1634.4775903120676 -0.0030701835726003896 0.035649203989618815 -0.033265888999761482 0
1404 1 1 120787200 -25741309.726668172 163400307.06067315 -7296194.9019948859 -27.579436180010621 -3.125135829541033 -1.0825949813994664 1634.3704561987074 -0.002667689477714012 0.035642340977705127 -0.032674129290146132 0
1405 1 1 120873600 -28121285.137697011 163112567.79780841 -7389006.2272261176 -27.511604862337176 -3.5352404964784854 -1.06577704303298 1634.2642562196145 -0.0022793306511829912 0.035647386069817835 -0.032075221438008901 0
1406 1 1 120960000 -30495145.831153143 162789462.61146545 -7480354.6130472589 -27.437898021686991 -3.9437789229360152 -1.0487312585477966 1634.1589648196107 -0.0019055063289284257 0.035663946776927781 -0.03146937454323806 0
1407 1 1 121046400 -32862385.786535025 162431130.06302586 -7570220.5332806241 -27.358353380175629 -4.3506762991886694 -1.0314613279614218 1634.0545562524958 -0.0015465824884193433 0.035691623617620134 -0.030856797100099437 0
1408 1 1 121132800 -35222502.271697409 162037715.13893697 -7658584.7821028195 -27.273009331532009 -4.7558587059984418 -1.0139709667505228 1633.9510046042635 -0.0012028922509098017 0.035730011209354151 -0.030237696777679391 0
1409 1 1 121219200 -37574995.89997422 161609369.1739319 -7745428.4753510216 -27.181904920234153 -5.1592531108958468 -0.99626390517397434 1633.8482838135189 -0.00087473643325263579 0.035778699361644566 -0.029612280280757693 0
1410 1 1 121305600 -39919370.685518511 161146249.77458736 -7830733.0517717777 -27.08507982111059 -5.5607873640546241 -0.97834388762019397 1633.7463676891703 -0.00056238410601824873 0.03583727392703271 -0.028980753326639498 0
1411 1 1 121392000 -42255134.096900798 160648520.74325651 -7914480.2742143683 -26.982574319417434 -5.9603901937760853 -0.96021467197429411 1633.6452299255923 -0.00026607337041244537 0.035905317860095515 -0.028343320384798143 0
1412 1 1 121478400 -44581797.109006539 160116352.00240672 -7996652.2307702228 -26.874429291397927 -6.3579912015986597 -0.94188002900501833 1633.5448441153203 1.3987941614215837e-05 0.035982412059634664 -0.027700184665535033 0
1413 1 1 121564800 -46898874.253275163 159549919.51939625 -8077231.3358604917 -26.760686185329757 -6.7535208570549861 -0.92334374177577949 1633.4451837594804 0.00027762138049251237 0.036068136206893087 -0.027051548005992247 0
1414 1 1 121651200 -49205883.666322969 158949405.2317178 -8156200.3312736247 -26.641387003067347 -7.1469104920947943 -0.90460960507711552 1633.3462222762118 0.00052467700914736394 0.036162069507061911 -0.026397610794171616 0
1415 1 1 121737600 -51502347.136992559 158314996.97273859 -8233542.2871548478 -26.516574282080999 -7.5380922951893421 -0.88568142488050516 1633.2479330072372 0.00075503249552009977 0.036263791501602638 -0.02573857186292048 0
1416 1 1 121824000 -53787790.151872277 157646888.39796188 -8309240.6029493771 -26.386291077998621 -7.9269993051357526 -0.86656301781406098 1633.1502892228095 0.00096859209483469392 0.036372882698026833 -0.025074628452247717 0
1417 1 1 121910400 -56061741.939328976 156945278.91183719 -8383279.0083014192 -26.250580947651493 -8.3135654045817677 -0.84725821066393014 1633.053264125281 0.0011652857200693688 0.036488925201061714 -0.024405976229698624 0
1418 1 1 121996800 -58323735.512097672 156210373.59514043 -8455641.5639110263 -26.109487932624532 -8.6977253132854759 -0.82777083989475886 1632.9568308515904 0.0013450679147558276 0.036611503334353354 -0.023732809070855732 0
1419 1 1 122083200 -60573307.708471961 155442383.13294822 -8526312.6623503733 -25.963056543314693 -9.0794145811281677 -0.80810475119419234 1632.8609624748585 0.0015079168216833398 0.036740204156847672 -0.023055319241422602 0
1420 1 1 122169600 -62809999.232138932 154641523.74322492 -8595277.0288418978 -25.811331743495952 -9.4585695808971924 -0.78826379904085353 1632.76563200533 0.0016538331884421993 0.036874617997181745 -0.022373697184212019 0
1421 1 1 122256000 -65033354.690702371 153808017.10604325 -8662519.721999893 -25.654358935390057 -9.8351275008555739 -0.76825184629499321 1632.6708123909498 0.0017828393488487934 0.037014338879334738 -0.021688131690765732 0
1422 1 1 122342400 -67242922.632937893 152942090.2934556 -8728026.1345379204 -25.492183945242907 -10.209026337115494 -0.74807276381219745 1632.5764765178237 0.0018949782109490855 0.037158964953171475 -0.020998809712045284 0
1423 1 1 122428800 -69438255.584823623 152043975.70003131 -8791781.9939436056 -25.324853009404052 -10.580204885830332 -0.72773043007813765 1632.4825972108019 0.0019903122815501922 0.037308098886064955 -0.020305916492319744 0
1424 1 1 122515200 -71618910.084389925 151113910.97407717 -8853773.3631230667 -25.152412760906021 -10.948602735221266 -0.70722873086948657 1632.3891472342993 0.0020689227131380954 0.037461348211464442 -0.019609635545538882 0
1425 1 1 122601600 -73784446.715430751 150152138.94955194 -8913986.6410169285 -24.974910216543311 -11.314160257453786 -0.68657155893442168 1632.2960992937089 0.0021309082860268948 0.037618325651286172 -0.018910148612853579 0
1426 1 1 122688000 -75934430.140120745 149158907.57868993 -8972408.5631896853 -24.792392764445168 -11.676818600379114 -0.66576281369701185 1632.2034260375106 0.0021763845785612293 0.037778649396882427 -0.018207635779584064 0
1427 1 1 122774400 -78068429.130578905 148134469.8653425 -9029026.2023945935 -24.604908152139462 -12.036519679156033 -0.64480640098441333 1632.1111000602959 0.002205482969842847 0.037941943348617897 -0.017502275419033292 0
1428 1 1 122860800 -80186016.599422708 147079083.79904884 -9083826.9691157844 -24.412504475102772 -12.393206167766371 -0.6237062327742221 1632.0190939068889 0.0022183498856244333 0.038107837373704379 -0.016794244245630859 0
1429 1 1 122947200 -82286769.629353791 145993012.28984347 -9136798.6120896451 -24.215230165792626 -12.746821490436657 -0.60246622696507424 1631.9273800775732 0.0022151458477682765 0.038275967534925202 -0.016083717368766258 0
1430 1 1 123033600 -84370269.501816168 144876523.10380852 -9187929.2188072316 -24.013133983158834 -13.097309812982678 -0.58109030716921883 1631.8359310346957 0.0021960447260359257 0.038445976208867035 -0.015370868324000288 0
1431 1 1 123120000 -86436101.724769503 143729888.79937676 -9237207.2159997094 -23.806265002625619 -13.444616034088208 -0.55958240252479219 1631.7447192107018 0.0021612329520121726 0.038617512322361963 -0.01465586907169431 0
1432 1 1 123206400 -88483856.059616148 142553386.66439039 -9284621.3701083977 -23.594672606541536 -13.788685776530896 -0.53794644752894516 1631.6537170176393 0.0021109087629903032 0.038790231435132667 -0.013938890081087852 0
1433 1 1 123292800 -90513126.547323719 141347298.65391994 -9330160.7877414022 -23.378406475089804 -14.129465378368689 -0.51618638189295196 1631.5628968582198 0.0020452815366032917 0.038963795912237267 -0.013220100378086146 0
1434 1 1 123379200 -92523511.533781722 140111911.32884589 -9373814.9161184859 -23.157516577656473 -14.466901884096924 -0.49430615041536435 1631.4722311384178 0.0019645710011703538 0.039137875033063672 -0.012499667528548331 0
1435 1 1 123465600 -94514613.694431931 138847515.7952053 -9415573.5435058996 -22.932053164647616 -14.800943035790777 -0.47230970287604818 1631.3816922816879 0.001869006722177032 0.039312145050943624 -0.011777757783461558 0
1436 1 1 123552000 -96486040.058211163 137554407.64430308 -9455426.7996428683 -22.70206675975005 -15.131537264243754 -0.45020099394890528 1631.2912527447893 0.0017588273577322951 0.03948628929697421 -0.011054536013386716 0
1437 1 1 123638400 -98437402.030844107 136232886.89359039 -9493365.1561612766 -22.467608152631978 -15.45863368011158 -0.42798398313228747 1631.2008850350908 0.0016342801349555117 0.039659998274170181 -0.010330165838704103 0
1438 1 1 123724800 -100368315.41752435 134883257.92830551 -9529379.4270002134 -22.228728392073002 -15.78218206507483 -0.40566263469874009 1631.110561729389 0.0014956202856206333 0.039832969663012238 -0.0096048096297046692 0
1439 1 1 123811200 -102278400.44502014 133505829.44387858 -9563460.7688169237 -21.985478779519955 -16.10213286303108 -0.38324091766223978 1631.0202554941923 0.0013431105001684594 0.040004908388916433 -0.0088786285960782245 0
1440 1 1 123897600 -104167281.7832416 132100914.38909498 -9595600.6813956257 -21.737910863063746 -16.418437171324953 -0.36072280576148813 1630.9299391072975 0.0011770203664121343 0.04017552667357753 -0.0081517827572967147 0
1441 1 1 123984000 -106034588.5663055 130668829.9100149 -9625791.0080556218 -21.48607643182719 -16.731046732027263 -0.33811227746021677 1630.8395854806058 0.00099762598472067591 0.040344544042870509 -0.0074244310787711385 0
1442 1 1 124070400 -107879954.41313243 129209897.29464337 -9654023.9360601809 -21.230027510758266 -17.039913923274042 -0.31541331596483557 1630.7491676840684 0.00080520942423514613 0.040511687339225111 -0.0066967314641992962 0
1443 1 1 124156800 -109703017.44761173 127724441.91834617 -9680291.9970275387 -20.969816355825245 -17.34499175067344 -0.29262990925496746 1630.6586589706333 0.00060005830280365324 0.040676690755053008 -0.0059688407749180468 0
1444 1 1 124243200 -111503420.31836832 126212793.1900045 -9704588.0673452262 -20.705495449603085 -17.646233838791161 -0.26976605013092525 1630.5680328020462 0.00038246540169188024 0.040839295792522101 -0.0052409149563196833 0
1445 1 1 124329600 -113280810.21816431 124675284.49890181 -9726905.368589133 -20.437117497245666 -17.943594422723358 -0.24682573627522977 1630.4772628753904 0.00015272825623285872 0.040999251285725555 -0.0045131089867503082 0
1446 1 1 124416000 -115034838.90297028 123112253.16233464 -9747237.4679484572 -20.164735422839691 -18.237028339764681 -0.22381297032657735 1630.386323150173 -8.8851266671644002e-05 0.04115631338744926 -0.003785576970584857 0
1447 1 1 124502400 -116765162.7107365 121524040.3739389 -9765578.2786576562 -19.888402366131203 -18.526491021180917 -0.20073175996921705 1630.2951878758106 -0.00034196725873729855 0.041310245546211211 -0.0030584721873183687 0
1448 1 1 124588800 -118471442.57989758 119910991.15272214 -9781922.0604366139 -19.608171679616959 -18.811938484095787 -0.17758611803272903 1630.2038316194487 -0.00060631013752790572 0.041460818451163242 -0.0023319470527299515 0
1449 1 1 124675200 -120153344.06764202 118273454.2927915 -9796263.4199399948 -19.324096925997885 -19.093327323497924 -0.15438006260506337 1630.1122292938367 -0.00088156699935475528 0.041607810061035318 -0.0016061532665452084 0
1450 1 1 124761600 -121810537.36797598 116611782.31376694 -9808597.3112169113 -19.036231875984246 -19.370614704376724 -0.13111761715810802 1630.0203561851558 -0.001167421862051661 0.041751005519330829 -0.00088124176600728576 0
1451 1 1 124848000 -123442697.32961337 114926331.4118679 -9818919.0361818466 -18.74463050644745 -19.643758353996596 -0.10780281068209172 1629.9281879807381 -0.0014635560248387228 0.041890197113355766 -0.00015736277689785394 0
1452 1 1 124934400 -125049503.47372043 113217461.41166154 -9827224.2450976241 -18.449346998913086 -19.912716554315232 -0.084439677831923993 1629.835700796433 -0.0017696483202368322 0.042025184248477745 0.00056533412774924068 0
1453 1 1 125020800 -126630640.01154485 111485535.71845898 -9833508.9370715749 -18.150435738386015 -20.177448134552147 -0.061032259082962934 1629.7428712034584 -0.0020853753748972118 0.042155773427805451 0.0012867000341997726 0
1454 1 1 125107200 -128185795.8619573 109730921.27134755 -9837769.460565431 -17.847951312501447 -20.437912463918135 -0.037584600895944016 1629.6496762547529 -0.0024104118444916653 0.042281778114110762 0.0020065866252978494 0
1455 1 1 125193600 -129714664.66893356 107953988.49684346 -9840002.5139199514 -17.541948510997486 -20.694069444511189 -0.014100755891104251 1629.5560935106489 -0.0027444307255389934 0.04240301874473508 0.0027248461726653247 0
1456 1 1 125280000 -131216944.81900485 106155111.26315111 -9840205.1458948813 -17.232482325500584 -20.945879504383495 0.0094152169702297981 1629.4621010636733 -0.0030871034999340971 0.04251932266027815 0.0034413315120143126 0
1457 1 1 125366400 -132692339.45870273 104334666.83501387 -9838374.7562249228 -16.919607949617255 -21.193303590789235 0.032959252196543352 1629.3676775625063 -0.0034381004292173725 0.042630524014954305 0.0041558960173042761 0
1458 1 1 125452800 -134140556.51202488 102493035.82913975 -9834509.0961924735 -16.603380779326084 -21.436303163618685 0.05652727756822265 1629.2728022349816 -0.0037970906897048752 0.042736463734431664 0.0048683935247088783 0
1459 1 1 125539200 -135561308.69794771 100630602.17018645 -9828606.2692176308 -16.283856413662825 -21.674840189024405 0.080115213934800492 1629.1774549100242 -0.0041637426399089754 0.042836989434323396 0.0055786784127485429 0
1460 1 1 125625600 -136954313.54801041 98747753.047288731 -9820664.7314659804 -15.961090655694077 -21.908877133245877 0.10371897500634827 1629.0816160384609 -0.0045377239920119323 0.042931955376740404 0.0062866054822898953 0
1461 1 1 125712000 -138319293.4239952 96844878.871110186 -9810683.2924747374 -15.635139513770172 -22.138376956639259 0.12733446713790816 1628.9852667127093 -0.0049187019788210391 0.04302122235967059 0.0069920299887854635 0
1462 1 1 125798400 -139655975.53572831 94922373.231401816 -9798661.1157976445 -15.306059203051122 -22.363303107918082 0.1509575891104451 1628.8883886852823 -0.00530634352111447 0.043104657673476321 0.007694807613081063 0
1463 1 1 125884800 -140964091.95902333 92980632.855049133 -9784597.7196689975 -14.973906147301657 -22.58361951861054 0.17458423190741543 1628.7909643860576 -0.0057003154535627786 0.0431821349997729 0.0083947944536765535 0
1464 1 1 125971200 -142243379.65379205 91020057.564588413 -9768492.9776871856 -14.638736980946678 -22.79929059773815 0.19821027848669154 1628.6929769382944 -0.0061002846200447994 0.043253534386800178 0.0090918469720649674 0
1465 1 1 126057600 -143493580.48234338 89041050.237172931 -9750347.1195180565 -14.300608551379861 -23.010281226722668 0.22183160354867903 1628.5944101734249 -0.006505918053457271 0.043318742111697679 0.0097858220015045877 0
1466 1 1 126144000 -144714441.22789234 87044016.763969108 -9730160.7316184323 -13.959577921521282 -23.21655675452654 0.24544407330424528 1628.4952486445923 -0.0069168831323111546 0.043377650653508147 0.010476576786494758 0
1467 1 1 126230400 -145905713.61330104 85029366.009962723 -9707934.7579797246 -13.615702372615504 -23.418082993031906 0.26904354523893803 1628.3954776389553 -0.0073328476911375361 0.043430158571201222 0.011163968870796149 0
1468 1 1 126316800 -147067154.32007101 82997509.774153009 -9683670.500892112 -13.269039407265554 -23.61482621266325 0.29262586787494432 1628.2950831887642 -0.0077534802138230306 0.0434761704798333 0.011847856161192457 0
1469 1 1 126403200 -148198525.00760806 80948862.750115246 -9657369.6217292715 -12.919646752694081 -23.806753138258749 0.31618688053174981 1628.1940520812311 -0.008178449873346913 0.043515596931504509 0.012528096836935877 0
1470 1 1 126489600 -149299592.33277783 78883842.486908257 -9629034.1417538319 -12.567582364226507 -23.993830945197381 0.33972241308772938 1628.0923718672693 -0.0086074267478716063 0.043548354335522572 0.01320454946925281 0
1471 1 1 126576000 -150370127.96977317 76802869.3503059 -9598666.4429433495 -12.212904428991298 -24.176027255782898 0.36322828574223182 1627.9900308689778 -0.0090400819044849125 0.043574364954294453 0.013877072898774824 0
1472 1 1 126662400 -151409908.63030815 74706366.484329477 -9566269.2688369174 -11.855671369827272 -24.353310135893285 0.38670030877566175 1627.8870181861207 -0.0094760874916552367 0.043593556715102247 0.014545526266861026 0
1473 1 1 126748800 -152418716.08416039 72594759.773057848 -9531845.7254024353 -11.495941849393564 -24.525648091900056 0.41013428231283516 1627.7833237015302 -0.0099151168775091034 0.043605863226729859 0.015209769035843246 0
1474 1 1 126835200 -153396337.18007562 70468477.802692264 -9495399.2819242291 -11.133774774476757 -24.693010067859085 0.43352599608734654 1627.6789380853972 -0.01035684476881177 0.043611223682128532 0.015869660940598131 0
1475 1 1 126921600 -154342563.86705357 68327951.823851526 -9456933.7719109878 -10.769229300486698 -24.855365442981618 0.45687122920691287 1627.5738527986637 -0.010800947277920249 0.043609582763712434 0.016525061993595647 0
1476 1 1 127008000 -155257193.2160295 66173615.714073777 -9416453.3940238394 -10.402364836134781 -25.012684029388737 0.48016574992355188 1627.4680600954473 -0.01124710204467899 0.043600890590155802 0.017175832538352628 0
1477 1 1 127094400 -156140027.44196832 64005905.94049976 -9373962.7130240723 -10.033241048290709 -25.164936070152734 0.50340531540641931 1627.361553024529 -0.011694988372625847 0.043585102659963064 0.017821833173753014 0
1478 1 1 127180800 -156990873.92638534 61825261.522712745 -9329466.6607404705 -9.66191786700759 -25.31209223763187 0.52658567151698976 1627.2543254300531 -0.012144287237410682 0.04356217974941623 0.018462924782564283 0
1479 1 1 127267200 -157809545.24030808 59632123.995709397 -9282970.5370557457 -9.288455490710275 -25.454123632102124 0.5497025525902598 1627.1463719513936 -0.012594681458666221 0.043532087882862322 0.01909896855476715 0
1480 1 1 127353600 -158595859.16769341 57426937.372975931 -9234480.0109117236 -8.9129143915420226 -25.591001780690622 0.57275168122163866 1627.0376880222334 -0.0130458557576827 0.043494798234306395 0.019729825988893151 0
1481 1 1 127440000 -159349638.72931343 55210148.109643333 -9184001.121332705 -8.5353553208602531 -25.722698636616041 0.59572876805671382 1626.9282698690088 -0.013497496846857063 0.043450287075447749 0.020355358816093089 0
1482 1 1 127526400 -160070712.20712227 52982205.065694638 -9131540.2784667891 -8.1558393148767117 -25.849186578739022 0.61862951158897617 1626.8181145086098 -0.013949293537786754 0.043398535729407189 0.020975429140159804 0
1483 1 1 127612800 -160758913.16911575 50743559.469197556 -9077104.2646441944 -7.7744277004335975 -25.970438411427956 0.64144959796505585 1626.7072197454486 -0.014400936781917718 0.043339530492093499 0.021589899334986139 0
1484 1 1 127699200 -161414080.49469638 48494664.879534908 -9020700.2354523335 -7.3911821009107097 -26.086427364745209 0.66418470079567138 1626.5955841679838 -0.014852119823900591 0.043273262571195528 0.022198632112016572 0
1485 1 1 127785600 -162036058.40055376 46235977.150604934 -8962335.7208267041 -7.0061644422559937 -26.197127094957271 0.68683048097471799 1626.4832071446663 -0.015302538220013543 0.043199728043288851 0.022801490473014569 0
1486 1 1 127872000 -162624696.46707124 43967954.393963426 -8902018.6261572111 -6.619436959131737 -26.302511685374554 0.70938258650661901 1626.3700888194219 -0.015751889960494571 0.043118927758263335 0.02339833777313808 0
1487 1 1 127958400 -163179849.66526806 41691056.941878863 -8839757.2334088609 -6.2310622011711887 -26.402555647523307 0.73183665234465722 1626.25623010657 -0.016199875539077105 0.043030867354770796 0.023989037735217066 0
1488 1 1 128044800 -163701378.38428739 39405747.310271777 -8775560.2022560649 -5.841103039337848 -26.497233922656335 0.75418830023708927 1626.1416326853575 -0.016646198052730446 0.042935557110041225 0.024573454400178989 0
1489 1 1 128131200 -164189148.45943713 37112490.161508761 -8709436.5712298788 -5.4496226723799337 -26.586521883605354 0.77643313858334317 1626.0262989940802 -0.017090563255638097 0.042833011999844892 0.025151452192907812 0
1490 1 1 128217600 -164643031.2007924 34811752.267021753 -8641395.7588770855 -5.0566846333728144 -26.670395336980452 0.79856676230216617 1625.9102322238045 -0.017532679659690742 0.042723251521871786 0.025722895916197853 0
1491 1 1 128304000 -165062903.42236724 32504002.469721641 -8571447.5649302304 -4.6623527963435567 -26.748830525721822 0.82058475271133002 1625.7934363117622 -0.017972258630532135 0.042606299743704307 0.026287650788166118 0
1492 1 1 128390400 -165448647.47186163 30189711.646176606 -8499602.1714875139 -4.2666913829683777 -26.821804132004686 0.8424826774191555 1625.6759159343426 -0.018409014435003257 0.04248218522647651 0.026845582425410065 0
1493 1 1 128476800 -165800151.26099017 27869352.668523546 -8425870.1442015227 -3.869764969336333 -26.889293280507484 0.8642560902291978 1625.5576764998684 -0.018842664360334844 0.042350940916303592 0.027396556902464852 0
1494 1 1 128563200 -166117308.29639727 25543400.366081618 -8350262.4334755754 -3.4716384927726671 -26.951275542043916 0.88590053105785105 1625.4387241410514 -0.019272928796047785 0.042212604180900233 0.02794044071027595 0
1495 1 1 128649600 -166400017.71116531 23212331.486635949 -8272790.3756666761 -3.0723772587120362 -27.007728937563098 0.90741152586575324 1625.3190657071673 -0.019699531289773288 0.042067216715348049 0.028477100827560626 0
1496 1 1 128736000 -166648184.29691735 20876624.657359619 -8193465.6942936406 -2.6720469476146036 -27.05863194252516 0.9287845866057679 1625.1987087560019 -0.020122198658649653 0.041914824492834415 0.029006404743927974 0
1497 1 1 128822400 -166861718.53651926 18536760.34534134 -8112300.5012491094 -2.2707136219178938 -27.103963491655627 0.95001521118539145 1625.0776615455793 -0.020540661074851484 0.041755477708709153 0.029528220446069651 0
1498 1 1 128908800 -167040536.63738436 16193220.817685712 -8029307.2980141379 -1.8684437330157109 -27.143702984081628 0.97109888344407358 1624.9559330256714 -0.020954652163836192 0.041589230773744178 0.030042416437662381 0
1499 1 1 128995200 -167184560.5653809 13846490.101153148 -7944498.9768740125 -1.4653041282547627 -27.177830288856761 0.99203107314948669 1624.8335328291059 -0.021363909059100818 0.041416142196677906 0.030548861829735537 0
1500 1 1 129081600 -167293718.07934532 11497053.941305401 -7857888.8221335439 -1.0613620579418348 -27.206325750877976 1.0128072360110894 1624.7104712628725 -0.021768172543779218 0.041236274611209968 0.03104742629158621 0
1501 1 1 129168000 -167367942.7662009 9145399.7611228861 -7769490.511330544 -0.65668518235182094 -27.22917019719841 1.033422813710684 1624.5867592990726 -0.022167187078626031 0.041049694672441954 0.031537980110630186 0
1502 1 1 129254400 -167407174.07668129 6792016.6190591548 -7679318.1164457453 -0.25134157872825608 -27.246344943743388 1.0538732339533008 1624.4624085657188 -0.022560700962715292 0.040856473011603348 0.032020394222977845 0
1503 1 1 129340800 -167411357.36165869 4437395.1664976347 -7587386.1051075198 0.15460025173240194 -27.257831802431827 1.0741539105370868 1624.3374313373799 -0.022948466375643819 0.040656684191416596 0.032494540217338552 0
1504 1 1 129427200 -167380443.90907362 2082027.6045753944 -7493709.3417896545 0.56107137692226317 -27.263613088707324 1.0942602434445083 1624.2118405256228 -0.023330239532559117 0.040450406680128885 0.032960290411833931 0
1505 1 1 129513600 -167314390.9814657 -273592.35966167162 -7398303.0890003145 0.96800242689982563 -27.263671629485508 1.1141876189547726 1624.0856496693634 -0.02370578069610332 0.040237722737030412 0.033417517833418509 0
1506 1 1 129600000 -167213161.85409996 -2628969.5578084635 -7301183.0084603969 1.3753235870137284 -27.257990771520607 1.1339314097772615 1623.9588729251036 -0.024074854342880189 0.040018718429028585 0.03386609626766144 0
1507 1 1 129686400 -167076725.85368407 -4983607.4053914174 -7202365.1622693557 1.7829645910797363 -27.246554390197126 1.1534869752089973 1623.8315250570072 -0.024437229257990047 0.03979348347760011 0.034305900308937473 0
1508 1 1 129772800 -166905058.39767405 -7337007.9479374168 -7101866.0140563212 2.1908547146252766 -27.229346898750151 1.172849661316324 1623.7036214268567 -0.024792678585598155 0.039562111304808877 0.034736805391757108 0
1509 1 1 129859200 -166698141.03415906 -9688671.9078578912 -6999702.430114598 2.5989227682090368 -27.206353257917272 1.1920148011392444 1623.5751779838788 -0.025140980011619345 0.039324698909855994 0.035158687771359984 0
1510 1 1 129945600 -166455961.48232031 -12038098.732185824 -6895891.6805173708 3.007097090828331 -27.177558986030697 1.2109777149222101 1623.4462112545048 -0.025481915763844832 0.039081346800372868 0.03557142464732526 0
1511 1 1 130032000 -166178513.67345551 -14384786.641203813 -6790451.4402122693 3.415305543424445 -27.142950169550573 1.2297337103719381 1623.3167383319715 -0.025815272823588586 0.038832158955956542 0.035974894138873614 0
1512 1 1 130118400 -165865797.79255906 -16728232.678001339 -6683399.7900925968 3.8234755024968017 -27.102513474043956 1.2482780829409184 1623.1867768658115 -0.026140842943795834 0.038577242754289823 0.036368975344159289 0
1513 1 1 130204800 -165517820.32044971 -19067932.759000205 -6574755.2180428011 4.2315338538400376 -27.056236155616123 1.266606116139696 1623.0563450512818 -0.026458422792588612 0.038316708857300985 0.036753548380338147 0
1514 1 1 130291200 -165134594.07643321 -21403381.725487191 -6464536.6199557623 4.6394069864135572 -27.004106072796127 1.2847130818770731 1622.9254616186809 -0.02676781404775189 0.038050671202601458 0.037128494397769989 0
1515 1 1 130377600 -164716138.26148871 -23734073.396193407 -6352763.3007194055 5.0470207863566499 -26.946111698880557 1.3025942408310063 1622.7941458225052 -0.02706882352261002 0.03777924688453875 0.03749369567719997 0
1516 1 1 130464000 -164262478.50196493 -26059500.620960172 -6239454.9751698952 5.4543006311623232 -26.882242134742473 1.3202448428504312 1622.6624174305512 -0.027361263246578588 0.037502556053445678 0.037849035623704994 0
1517 1 1 130550400 -163773646.8937729 -28379155.335531767 -6124631.7690088293 5.8611713840239679 -26.812487122105395 1.337660127386838 1622.5302967129458 -0.027644950560891744 0.03722072191108558 0.038194398803783114 0
1518 1 1 130636800 -163249682.04705897 -30692528.617515199 -6008314.219681737 6.2675573883664173 -26.736837057288518 1.354835323959849 1622.3978044310222 -0.027919708259647472 0.036933870526787413 0.038529671040113969 0
1519 1 1 130723200 -162690629.13134205 -32999110.743548259 -5890523.2772148689 6.6733824625759439 -26.655283005428029 1.3717656526562119 1622.2649618261448 -0.028185364664063 0.036642130796528199 0.038854739407424448 0
1520 1 1 130809600 -162096539.92109722 -35298391.247716777 -5771280.3050074074 7.0785698949443345 -26.567816715174544 1.3884463246628835 1622.1317906084125 -0.028441753736907258 0.036345634350022568 0.039169492316405326 0
1521 1 1 130896000 -161467472.84176573 -37589858.98126249 -5650607.0805761395 7.4830424388404753 -26.474430633871787 1.4048725428350013 1621.9983129452687 -0.028688715191917478 0.036044515452646843 0.039473819508188124 0
1522 1 1 130982400 -160803493.01617232 -39873002.173623368 -5528525.7962494437 7.8867223081255666 -26.375117923221023 1.4210395023013591 1621.8645514500333 -0.028926094575551856 0.035738910860292232 0.039767612188466694 0
1523 1 1 131068800 -160104672.31132758 -42147308.494848296 -5405059.0598073555 8.2895311728273118 -26.269872475432397 1.436942391106609 1621.7305291703494 -0.029153743379286615 0.035428959770472029 0.040050762969358167 0
1524 1 1 131155200 -159371089.3855924 -44412265.119428381 -5280229.8950645644 8.6913901550885804 -26.158688929865132 1.4525763908910334 1621.5962695765329 -0.029371519135076948 0.035114803688179201 0.040323166002517716 0
1525 1 1 131241600 -158602829.73617932 -46667358.791587271 -5154061.7423928902 9.092219825406529 -26.041562690161847 1.4679366776117448 1621.4617965497996 -0.02957928553477613 0.034796586290690143 0.040584717005776073 0
1526 1 1 131328000 -157799985.74696672 -48912075.892073222 -5026578.4591797423 9.4919401991804566 -25.918489941877684 1.4830184223029854 1621.3271343704589 -0.029776912479384639 0.034474453325293829 0.040835313298658603 0
1527 1 1 131414400 -156962656.73659611 -51145902.506495789 -4897804.3202191424 9.8904707335857918 -25.789467670605212 1.4978167918776559 1621.1923077060248 -0.029964276190665745 0.034148552500974247 0.04107485386110498 0
1528 1 1 131500800 -156090949.00682622 -53368324.495250024 -4767764.0180315971 10.287730324789711 -25.654493680597707 1.5123269499727767 1621.0573415991719 -0.030141259327043365 0.03381903334452132 0.04130323942089021 0
1529 1 1 131587200 -155184975.89111087 -55578827.565071173 -4636482.663109092 10.683637305529338 -25.513566613893275 1.5265440578371932 1620.9222614557041 -0.030307751012070012 0.033486047051439358 0.041520372432100598 0
1530 1 1 131673600 -154244857.80337036 -57776897.342263609 -4503985.7840814609 11.078109443069534 -25.3666859699387 1.5404632752645051 1620.7870930323907 -0.030463646992042688 0.033149746394633819 0.041726157219909431 0
1531 1 1 131760000 -153270722.28692254 -59962019.447646633 -4370299.3278001519 11.471063937560352 -25.213852125714574 1.5540797615722044 1620.6518624247176 -0.03060884963641566 0.032810285537751588 0.04192049995949805 0
1532 1 1 131846400 -152262704.06353712 -62133679.573260941 -4235449.6593354102 11.86241742081457 -25.05506635636246 1.5673886766273162 1620.5165960546155 -0.030743268070297029 0.032467819918940183 0.042103308797786808 0
1533 1 1 131932800 -151220945.08257717 -64291363.560878739 -4099463.5618827371 12.25208595552389 -24.89033085631247 1.5803851819201258 1620.3813206580662 -0.030866818215066674 0.032122506097504562 0.042274493846460148 0
1534 1 1 132019200 -150145594.57018852 -66434557.482361145 -3962368.2365745297 12.639985034936045 -24.719648760911504 1.5930644416865583 1620.2460632726763 -0.030979422874346834 0.031774501598426236 0.042433967291582698 0
1535 1 1 132105600 -149036809.07849666 -68562747.721905604 -3824191.3021925315 13.026029583013463 -24.543024168550978 1.6054216240814558 1620.1108512251658 -0.03108101178000873 0.0314239647491725 0.042581643420335095 0
1536 1 1 132192000 -147894752.53476775 -70675421.060226902 -3684960.7947767423 13.410133955095805 -24.360462163292048 1.6174519024023919 1619.9757121188254 -0.031171521658843366 0.031071054530235516 0.042717438690303151 0
1537 1 1 132278400 -146719596.29049006 -72772064.760714084 -3544705.1671263091 13.792211939088098 -24.171968837985425 1.6291504563664878 1619.8406738208764 -0.031250896285733264 0.030715930411373108 0.042841271795935991 0
1538 1 1 132364800 -145511519.17032978 -74852166.657606542 -3403453.288187813 14.172176757198102 -23.977551317884117 1.6405124734403957 1619.7057644498118 -0.031319086515213194 0.030358752171119146 0.042953063712139937 0
1539 1 1 132451200 -144270707.52091146 -76915215.246231198 -3261234.4423262929 14.549941068246092 -23.777217784744554 1.651533150224779 1619.5710123626861 -0.031376050335361456 0.029999679748380512 0.043052737767641354 0
1540 1 1 132537600 -142997355.25937331 -78960699.775343046 -3118078.3284742571 14.925416970569975 -23.570977501412887 1.6622076938944852 1619.4364461423511 -0.031421752912466898 0.029638873024383998 0.04314021969436415 0
1541 1 1 132624000 -141691663.92164555 -80988110.341610685 -2974015.0591538027 15.298516005551894 -23.358840836890643 1.6725313236960935 1619.302094584652 -0.031456166584414962 0.029276491706030278 0.043215437718214185 0
1542 1 1 132710400 -140353842.71039563 -82996937.98628816 -2829075.1593668554 15.669149161790591 -23.140819291874219 1.6824992725026069 1619.167986685597 -0.031479270912150407 0.028912695089046349 0.043278322569320633 0
1543 1 1 132796800 -138984108.54258415 -84986674.794113457 -2683289.5653485949 16.03722687994405 -22.916925524762533 1.6921067884268148 1619.0341516285132 -0.031491052688465422 0.028547641920056138 0.043328807586917061 0
1544 1 1 132883200 -137582686.09657347 -86956813.994474187 -2536689.6231788555 16.402659058269343 -22.687173378125184 1.7013491364949755 1618.9006187711539 -0.031491505946172886 0.028181490163858527 0.04336682875054567 0
1545 1 1 132969600 -136149807.85872516 -88906850.064879745 -2389307.0872463025 16.765355058886755 -22.451577905623523 1.7102216003820645 1618.7674176328128 -0.031480631934267887 0.02781439684884901 0.04339232479086963 0
1546 1 1 133056000 -134685714.16942492 -90836278.836778492 -2241174.1185599929 17.125223714794174 -22.210155399374251 1.7187194842083795 1618.634577881418 -0.031458439136794462 0.027446517870964478 0.043405237182338817 0
1547 1 1 133142400 -133190653.26846798 -92744597.603758097 -2092323.2829030666 17.482173337658086 -21.962923417747277 1.7268381143986393 1618.502129320626 -0.031424943271005069 0.027078007786011722 0.043405510260276753 0
1548 1 1 133228800 -131664881.33973663 -94631305.232166082 -1942787.5488229634 17.836111726411335 -21.709900813586305 1.7345728416064765 1618.3701018769016 -0.031380167218051813 0.026709019630871245 0.043393091270433976 0
1549 1 1 133315200 -130108662.55509892 -96495902.274186194 -1792600.2854526141 18.186946176684838 -21.451107762839833 1.7419190427027365 1618.2385255866329 -0.031324141035494468 0.026339704716380394 0.043367930411140738 0
1550 1 1 133401600 -128522269.11745554 -98337891.083405733 -1641795.2601570189 18.534583491101145 -21.186565793590177 1.7488721228296085 1618.1074305832549 -0.031256901894352963 0.025970212438456625 0.043329980914636274 0
1551 1 1 133488000 -126905981.30285926 -100156775.93290816 -1490406.6359994318 18.87892999046089 -20.916297815465796 1.7554275175223313 1617.9768470843971 -0.031178494022996661 0.025600690072220086 0.04327919911589765 0
1552 1 1 133574400 -125260087.50162783 -101952063.13592245 -1338468.9690213364 19.219891525849015 -20.640328149422253 1.7615806948977417 1617.8468053790552 -0.031088968692402238 0.025231282574756708 0.04321554448657508 0
1553 1 1 133660800 -123584884.25837041 -103723261.16906086 -1186017.2053303916 19.557373491692339 -20.358682557874314 1.7673271579114325 1617.7173358148011 -0.030988384100849538 0.024862132394555796 0.043138979730847037 0
1554 1 1 133747200 -121880676.31084362 -105469880.79817504 -1033086.6779903478 19.891280839798309 -20.071388275162192 1.7726624466843088 1617.5884687850453 -0.030876805334987465 0.024493379255921953 0.043049470820190915 0
1555 1 1 133833600 -120147776.62755086 -107191435.20685792 -879713.10370697465 20.22151809440453 -19.778474038332412 1.7775821408983952 1617.46023471636 -0.030754304268501651 0.024125159977315576 0.04294698706244774 0
1556 1 1 133920000 -118386506.44399706 -108887440.12761764 -725932.57930393226 20.547989368270485 -19.479970118212485 1.782081862263452 1617.3326640558548 -0.03062095947676774 0.023757608260764593 0.042831501163822318 0
1557 1 1 134006400 -116597195.2975066 -110557413.97574894 -571781.57798243884 20.870598379841443 -19.175908350758146 1.7861572770553091 1617.2057872586206 -0.030476856136052641 0.023390854494712055 0.042702989305253486 0
1558 1 1 134092800 -114780181.06051095 -112200877.98592316 -417296.94535854744 21.189248471515956 -18.866322168648686 1.7898040987250299 1617.0796347752487 -0.030322085911904644 0.023025025575277053 0.042561431160665367 0
1559 1 1 134179200 -112935809.97220922 -113817356.35151848 -262515.89527190547 21.503842629047519 -18.551246633106185 1.7930180905804229 1616.9542370394533 -0.030156746847367324 0.022660244680965624 0.042406810002417632 0
1560 1 1 134265600 -111064436.66850232 -115406376.36670741 -107476.00535965367 21.81428350211182 -18.230718465912169 1.795795068540319 1616.8296244557721 -0.029980943223288987 0.022296631103126168 0.042239112719962522 0
1561 1 1 134352000 -109166424.21009867 -116967468.57131885 47784.787610753388 22.120473426070593 -17.904776081592573 1.7981309039616358 1616.7058273873783 -0.029794785429447225 0.021934300048430114 0.042058329915375357 0
1562 1 1 134438400 -107242144.10868669 -118500166.89848645 203228.19265618399 22.422314444962641 -17.573459619741818 1.8000215265398363 1616.5828761439873 -0.029598389817072534 0.021573362450655307 0.041864455928351883 0
1563 1 1 134524800 -105291976.35106644 -120004008.82509519 358815.56974617782 22.719708335753484 -17.236810977454464 1.8014629272818294 1616.4608009699195 -0.029391878535426789 0.021213924783955781 0.041657488899261623 0
1564 1 1 134611200 -103316309.42113115 -121478535.52503279 514507.93523135979 23.012556633873849 -16.894873841830634 1.8024511615532353 1616.3396320322593 -0.029175379378147799 0.020856088885247714 0.04143743084584791 0
1565 1 1 134697600 -101315540.31958503 -122923292.0252524 670265.96753829776 23.300760660077085 -16.547693722519995 1.8029823521981718 1616.2193994091572 -0.028949025614203164 0.020499951774141247 0.041204287672385334 0
1566 1 1 134784000 -99290074.581282884 -124337827.36464663 826050.0131370509 23.584221548646269 -16.195317984268311 1.8030526927326989 1616.100133078289 -0.028712955793284863 0.020145605458376663 0.040958069280504793 0
1567 1 1 134870400 -97240326.290072739 -125721694.75573289 981820.09278783586 23.86284027698024 -15.837795879425851 1.802658450611202 1615.981862905456 -0.028467313567252576 0.019793136800096613 0.040698789562701732 0
1568 1 1 134956800 -95166718.091022119 -127074451.74914405 1137535.908072982 24.1365176965882 -15.475178580377218 1.8017959705650064 1615.8646186333567 -0.028212247469505951 0.019442627329479829 0.040426466500953696 0
1569 1 1 135043200 -93069681.199904397 -128395660.40091601 1293156.8482205239 24.405154565520441 -15.107519211850793 1.800461678013666 1615.7484298705203 -0.027947910746691045 0.019094153073068193 0.040141122183681724 0
1570 1 1 135129600 -90949655.409819856 -129684887.44256051 1448641.9972255754 24.668651582263767 -14.734872883061723 1.7986520825470644 1615.6333260804342 -0.027674461100369811 0.018747784414752534 0.03984278286663305 0
1571 1 1 135216000 -88807089.09482418 -130941704.45390551 1603950.1412756417 24.926909421128798 -14.357296719641218 1.7963637814787632 1615.5193365708435 -0.027392060498801937 0.018403585942023817 0.039531479020634468 0
1572 1 1 135302400 -86642439.210433975 -132165688.03868377 1759039.7764859621 25.179828769154756 -13.974849895303963 1.7935934634690169 1615.4064904832546 -0.027100874921847266 0.018061616285853774 0.039207245370404264 0
1573 1 1 135388800 -84456171.290877238 -133356420.00284429 1913869.1169508542 25.42731036455778 -13.587593663201625 1.7903379122164094 1615.2948167826555 -0.026801074133794615 0.017721928004862619 0.038870120938901583 0
1574 1 1 135475200 -82248759.442954332 -134513487.53555688 2068396.1031169523 25.66925503674576 -13.19559138690876 1.7865940102175033 1615.1843442474149 -0.026492831442601106 0.017384567440140573 0.038520149100858492 0
1575 1 1 135561600 -80020686.336373419 -135636483.39287654 2222578.4104841645 25.905563747923612 -12.798908570986946 1.7823587425926501 1615.0751014594252 -0.026176323433977324 0.017049574575393529 0.038157377609177576 0
1576 1 1 135648000 -77772443.190421268 -136725006.08402765 2376373.4586399645 26.136137636310309 -12.397612891067606 1.7776292009762882 1614.9671167944789 -0.025851729716704842 0.016716982951940188 0.037781858640770306 0
1577 1 1 135734400 -75504529.75683023 -137778660.06026515 2529738.4206325551 26.360878060987776 -11.991774223394314 1.7724025874704674 1614.860418412864 -0.025519232649177912 0.016386819523835729 0.037393648833253253 0
1578 1 1 135820800 -73217454.298698545 -138797055.90626201 2682630.23268827 26.579686648399257 -11.581464673763007 1.7666762186596014 1614.7550342502127 -0.025179017094833365 0.016059104566314736 0.036992809324457573 0
1579 1 1 135907200 -70911733.565321863 -139779810.5339691 2835005.604278421 26.792465340515001 -11.166758605794294 1.7604475296841935 1614.6509920085798 -0.024831270108586517 0.015733851588877058 0.0365794057804592 0
1580 1 1 135993600 -68587892.762790501 -140726547.37888613 2986821.0285405936 26.999116444680318 -10.747732668472382 1.7537140783715068 1614.5483191478052 -0.024476180670815379 0.015411067226036482 0.03615350843871077 0
1581 1 1 136080000 -66246465.520206481 -141636896.59867826 3138032.793059173 27.19954268515778 -10.324465822881182 1.7464735494203822 1614.4470428771158 -0.024113939398924387 0.015090751184925805 0.035715192123511111 0
1582 1 1 136166400 -63887993.851373881 -142510495.27406579 3288596.9910097155 27.393647256375257 -9.8970393680669204 1.7387237586377973 1614.3471901470095 -0.023744738244316319 0.014772896146347735 0.035264536294274652 0
1583 1 1 136252800 -61513028.111814708 -143346987.61190665 3438469.5326714842 27.581333877888014 -9.465536965954275 1.7304626572244493 1614.2487876414107 -0.023368770194922159 0.014457487722843077 0.034801625063893317 0
1584 1 1 136339200 -59122126.9509615 -144146025.15038967 3587606.1573122577 27.762506851060511 -9.0300446652399575 1.7216883361058388 1614.1518617700938 -0.022986228978895525 0.014144504406572254 0.034326547230967432 0
1585 1 1 136425600 -56715857.259378351 -144907266.96624428 3735962.4454491753 27.937071117471156 -8.5906509241875497 1.712399030305553 1614.0564386614033 -0.022597308759031112 0.013833917512926315 0.033839396296911704 0
1586 1 1 136512000 -54294794.110861406 -145630379.88386992 3883493.8314891676 28.104932319041133 -8.1474466322432431 1.7025931233576286 1613.9625441552437 -0.022202203811159633 0.013525691176824504 0.033340270509367852 0
1587 1 1 136598400 -51859520.699269503 -146315038.6862787 4030155.6167521435 28.265996859884638 -7.7005251303916769 1.6922691517536865 1613.8702037963753 -0.021801108219988131 0.013219782306978754 0.032829272861894541 0
1588 1 1 136684800 -49410628.26993712 -146960926.32773969 4175902.9828797551 28.420171969874719 -7.2499822301688681 1.6814258094210159 1613.7794428279979 -0.021394215562594823 0.012916140594136477 0.032306511141955721 0
1589 1 1 136771200 -46948716.045521162 -147567734.14800495 4320691.0056322934 28.567365769916226 -6.795916231246439 1.6700619522274431 1613.6902861856186 -0.020981718587193551 0.012614708517088086 0.031772097932811945 0
1590 1 1 136857600 -44474391.14613504 -148135162.08798999 4464474.6690757461 28.707487338913346 -6.3384279375008346 1.6581766025081595 1613.6027584912147 -0.020563808907404477 0.012315421360128373 0.031226150651596968 0
1591 1 1 136944000 -41988268.503624052 -148662918.90677318 4607208.8801608114 28.840446782415842 -5.877620671479086 1.6457689536100402 1613.5168840476852 -0.020140676670887925 0.012018207247854509 0.030668791559662741 0
1592 1 1 137030400 -39490970.769837759 -149150722.39977401 4748848.4836950405 28.966155302924562 -5.4136002871711879 1.6328383744481105 1613.4326868335916 -0.019712510249761461 0.011722987191173057 0.030100147791679053 0
1593 1 1 137116800 -36983128.218757346 -149598299.61795688 4889348.2777090902 29.084525271832273 -4.946475180997667 1.6193844140693616 1613.3501904981811 -0.019279495916348727 0.011429675156465985 0.02952035138086374 0
1594 1 1 137203200 -34465378.642337538 -150005387.08790532 5028663.0292173205 29.195470302972108 -4.4763563009193952 1.6054068062178495 1613.2694183566725 -0.018841817536515319 0.011138178154954681 0.028929539273417383 0
1595 1 1 137289600 -31938367.239925534 -150371731.03259706 5166747.4903727183 29.298905327741082 -4.003357153575859 1.5909054738955679 1613.1903933858132 -0.01839965625594206 0.010848396349407536 0.028327853364722995 0
1596 1 1 137376000 -29402746.501122717 -150697087.59270903 5303556.4150154544 29.394746671762572 -3.5275938093576267 1.575880533913274 1613.1131382196729 -0.017953190190509484 0.010560223165953604 0.027715440522652818 0
1597 1 1 137462400 -26859176.081957567 -150981223.04826635 5439044.5756140063 29.482912133045971 -3.049184905317003 1.5603323014246544 1613.0376751456774 -0.017502594133060722 0.010273545458882588 0.027092452619427821 0
1598 1 1 137548800 -24308322.674242578 -151223914.04044741 5573166.780597032 29.563321061597641 -2.5682516458201285 1.5442612944374925 1612.964026100844 -0.017048039249084129 0.0099882436853591348 0.026459046564931216 0
1599 1 1 137635200 -21750859.86799195 -151424947.79334292 5705877.8920738231 29.6358944404322 -2.084917800844198 1.5276682382952713 1612.8922126681987 -0.016589692797486816 0.009704192112285159 0.025815384353111846 0
1600 1 1 137721600 -19187468.006781377 -151584122.33546388 5837132.8439404266 29.700554967927172 -1.5993097018225777 1.5105540701222624 1612.8222560733332 -0.016127717864930783 0.0094212590556001317 0.025161633104459638 0
1601 1 1 137808000 -16618834.035936618 -151701246.7207796 5966886.6603679666 29.757227141459865 -1.1115562349405996 1.4929199432247149 1612.7541771810666 -0.015662273096591864 0.0091393071595138198 0.024497965118933009 0
1602 1 1 137894400 -14045651.343442746 -151776141.24906462 6095094.4746691054 29.805837342259714 -0.62178883178483391 1.4747672314411759 1612.6879964921702 -0.015193512459858035 0.0088581937183439922 0.023824557944833361 0
1603 1 1 137980800 -11468619.59347236 -151808637.68531832 6221711.5485378774 29.846313921402889 -0.1301414572490342 1.4560975334344257 1612.6237341400704 -0.014721585017904687 0.0085777710468904617 0.023141594451123262 0
1604 1 1 138067200 -8888444.5524372179 -151798579.47801879 6346693.2916575903 29.878587286871003 0.36324940539914602 1.4369126769172522 1612.5614098874867 -0.014246634738854272 0.0082978868960382358 0.022449262916022662 0
1605 1 1 138153600 -6305837.9074750645 -151745821.9759596 6469995.2816706318 29.902589991589792 0.85824477238641494 1.4172147228044578 1612.5010431229057 -0.013768800315840728 0.0080183849494840625 0.021747757132625216 0
1606 1 1 138240000 -3721517.0772908675 -151650232.64341307 6591573.2845036294 29.918256822357389 1.3547031803315284 1.3970059692835632 1612.4426528567735 -0.01328821504358076 0.0077391053745668268 0.021037276541390725 0
1607 1 1 138326400 -1136205.0152795899 -151511691.27335346 6711383.2750404431 29.925524889565875 1.8524807102652707 1.3762889557958866 1612.3862577173149 -0.012805006707589016 0.0074598854631885321 0.020318026363661239 0
1608 1 1 138412800 1449369.9951335408 -151330090.19846663 6829381.4581350125 29.924333717613635 2.35143101486435 1.3550664669202797 1612.3318759458298 -0.012319297549709668 0.0071805603570055335 0.019590217788779746 0
1609 1 1 138499200 4034474.5529903471 -151105334.49966484 6945524.2899552612 29.914625335899689 2.8514053489893727 1.3333415361518823 1612.2795253912818 -0.011831204255015127 0.0069009638972420909 0.018854068172662296 0
1610 1 1 138585600 6618370.3601799607 -150837342.21181706 7059768.4996486725 29.896344370285078 3.3522526036145464 1.3111174495680284 1612.2292235040059 -0.011340838026968029 0.0066209295726935534 0.018109801290605732 0
1611 1 1 138672000 9200314.4497371241 -150526044.52639788 7172071.1113194441 29.869438134899031 3.8538193432344712 1.2883977493733725 1612.1809873283064 -0.010848304725322734 0.0063402916220784275 0.017357647606346182 0
1612 1 1 138758400 11779559.42208292 -150171385.99075195 7282389.466306434 29.833856724162445 4.3559498468312317 1.2651862373167972 1612.1348334936806 -0.010353705084647424 0.0060588862840524364 0.016597844618236646 0
1613 1 1 138844800 14355353.689220803 -149773324.70366111 7390681.2457505679 29.78955310489394 4.8584861524818184 1.2414869779730824 1612.0907782043741 -0.0098571350270267033 0.0057765532279886638 0.015830637240551542 0
1614 1 1 138931200 16926941.726889219 -149331832.50689831 7496904.4934396259 29.736483208357622 5.36126810568254 1.2173043018815701 1612.0488372269438 -0.0093586860773277637 0.0054931371685968964 0.01505627824575643 0
1615 1 1 139017600 19493564.334659267 -148846895.17244318 7601017.6389178252 29.674606022105046 5.8641334114636736 1.1926428085352501 1612.0090258754565 -0.0088584459010175604 0.0052084897019931842 0.014275028782495839 0
1616 1 1 139104000 22054458.903953172 -148318512.58502766 7702979.520846921 29.603883681457997 6.3669176903636693 1.1675073692134699 1611.9713589939076 -0.0083564989517090488 0.0049224713696353539 0.013487158953128553 0
1617 1 1 139190400 24608859.693945542 -147746698.91967672 7802749.4106050823 29.524281560472701 6.8694545383272159 1.1419031296512097 1611.9358509354515 -0.007852927260169203 0.004634953960144992 0.012692948461042837 0
1618 1 1 139276800 27155998.115295745 -147131482.81390348 7900287.0361090638 29.435768362220234 7.3715755905859321 1.1158355125385591 1611.902515537987 -0.0073478113446126146 0.0043458230488928285 0.011892687340629099 0
1619 1 1 139363200 29695103.021644764 -146472907.53420931 7995552.6058447808 29.338316208213076 7.8731105895747522 1.0893102198434772 1611.8713660956651 -0.0068412312511968686 0.0040549807936195717 0.011086676737800007 0
1620 1 1 139449600 32225401.008795347 -145771031.13654086 8088506.8330906434 29.231900726803079 8.3738874569288164 1.0623332349499652 1611.8424153259159 -0.006333267698666707 0.0037623489109567302 0.01027522974079173 0
1621 1 1 139536000 34746116.721478954 -145025926.62034869 8179110.9603173593 29.116501140372691 8.8737323695970058 1.034910824603537 1611.8156753316939 -0.0058240032996610281 0.0034678718455337537 0.0094586722447633203 0
1622 1 1 139622400 37256473.167597331 -144237682.07589158 8267326.7837471701 28.992100351138987 9.3724698400976365 1.0070495406541262 1611.7911575587154 -0.0053135238084245709 0.0031715199984642729 0.0086373438011408416 0
1623 1 1 139708800 39755692.039811186 -143406400.82442611 8353116.6780544752 28.858685025388304 9.8699228009280731 0.97875622158423925 1611.7688727477266 -0.0048019193372898358 0.0028732929406700821 0.0078115984109192694 0
1624 1 1 139795200 42242994.044332251 -142532201.55092469 8436443.6211887114 28.716245675960096 10.365912693125946 0.95003799380755083 1611.7488308820382 -0.004289285437127463 0.0025732224500775737 0.0069818051978715609 0
1625 1 1 139881600 44717599.236760013 -141615218.42896286 8517271.2192988507 28.564776742800316 10.860259558960752 0.9209022727194428 1611.7310411309384 -0.0037757239358171858 0.0022713751692970763 0.0061483488822538269 0
1626 1 1 139968000 47178727.364788309 -140655601.23742172 8595563.7317371182 28.404276671407345 11.352782138714996 0.89135676347648363 1611.7155117899376 -0.0032613434250420782 0.0019678546905879395 0.0053116299609649352 0
1627 1 1 140054400 49625598.217592418 -139653515.4686527 8671286.0961174127 28.234747988998414 11.843297971492769 0.86140946147762576 1611.7022502191553 -0.0027462592251872907 0.0016628028185697462 0.0044720645189198138 0
1628 1 1 140140800 52057431.981692627 -138609142.4277626 8744403.9534012973 28.056197378228717 12.331623499970435 0.83106865251496032 1611.6912627813031 -0.0022305927442348356 0.0013563997778677334 0.003630083554974144 0
1629 1 1 140227200 54473449.603078939 -137522679.32268733 8814883.6729786713 27.868635748395086 12.817574178833963 0.80034291249119927 1611.6825547861622 -0.0017144701006071349 0.0010488632006485138 0.0027861317701782695 0
1630 1 1 140313600 56872873.154954255 -136394339.34449121 8882692.378392607 27.672078293223574 13.300964593496962 0.76924112397435152 1611.6761295573615 -0.0011980627712632297 0.00074051264818565156 0.0019406955039668941 0
1631 1 1 140400000 59254926.215580396 -135224351.73858356 8947797.9641388208 27.466544709680743 13.781608532106871 0.73777217708717291 1611.6720019418399 -0.00067737547488931084 0.00042969455378612204 0.0010869672076284761 0
1632 1 3 140418267.16518465 59756255.354438402 -134971675.8334184 8961213.8044387009 27.42194234267776 13.882859560950857 0.73107270565595217 1611.6714240647066 0 0 0 137
1633 1 1 140486400 61618834.25419417 -134012961.87651987 9010169.1171436757 27.252058943717913 14.259318885284667 0.70594588471916297 1611.6701640667507 -0.00016348095389284004 0.00010923060780458013 0.00025702023471382385 0
1634 1 4 140486460 61620469.373169407 -134012106.30746645 9010211.4732297789 27.251906897009707 14.259649561685251 0.70592365204282725 1611.6701640667507 0 0 0 0
