# globalopt m0=640.3535471661928
1 1 0 50112000 93285285.217107534 -120156044.84038728 6986.5668213426507 21.831413356602063 17.472244808555146 0.59025654824685114 640.35354716619281 0 0 0 0
2 1 1 50198400 95158300.271693677 -118629600.93492441 57981.356083976454 21.524361058147775 17.861324287991629 0.59015067848947489 640.35354716619281 1.2572698224674397e-07 -3.8605107294728265e-07 3.8797394772369878e-07 0
3 1 1 50284800 97004513.136857837 -117069744.08577599 108959.81990481497 21.211000732080052 18.245678723593251 0.58987864776688115 640.35354148372551 1.1263055208257265e-06 -2.9362312026929918e-06 2.2558717018358572e-06 0
4 1 1 50371200 98823380.983686522 -115476886.11809523 159907.59120495804 20.891382974407854 18.6252252705352 0.58944012841102655 640.35353188525528 1.5665397922538125e-06 -3.7857620755159121e-06 2.4426944685010837e-06 0
5 1 1 50457600 100614365.36847222 -113851446.01984115 210810.27190045713 20.565558760236733 18.999880805321698 0.58883486929829421 640.35351886661874 2.3867951188627399e-06 -5.6945293144148408e-06 3.5539150633291169e-06 0
6 1 1 50544000 102376932.27156408 -112193849.97960284 261653.44972292258 20.233579494243884 19.369561865073877 0.58806270221908152 640.35350115757501 3.057736620070107e-06 -7.186032024690904e-06 4.3053546859996549e-06 0
7 1 1 50630400 104110552.13133794 -110504531.40365659 312422.69289140683 19.895496989540586 19.734184784943281 0.58712338494470806 640.35347944142563 3.7573486576997956e-06 -8.7500123120491574e-06 5.115387896079701e-06 0
8 1 1 50716800 105814699.88386728 -108783930.94257924 363103.55081216426 19.551363547274534 20.0936655473839 0.5860167124915785 640.35345354488334 4.4611141695024629e-06 -1.0317047785628856e-05 5.9239885815806694e-06 0
9 1 1 50803200 107488855.00565188 -107032496.52005103 413681.55499736511 19.201231975481893 20.447919805379716 0.58474247724864892 640.35342346700816 5.1698542800002427e-06 -1.188756779184493e-05 6.7309315113905905e-06 0
10 1 1 50889600 109132501.55915929 -105250683.36274441 464142.21922560723 18.845155629039816 20.796862851525933 0.58330047636193538 640.35338919757464 5.8844108095327944e-06 -1.3461961722797606e-05 7.5359920275250498e-06 0
11 1 1 50976000 110745128.24170521 -103438954.03238903 514471.03995260881 18.483188447679701 21.140409596695466 0.58169051175499575 640.3533507254898 6.6056454206539492e-06 -1.5040578063909218e-05 8.3389459985803947e-06 0
12 1 1 51062400 112326228.43767624 -101597778.45965642 564653.4967405668 18.115384995342154 21.478474549281774 0.5799123905181307 640.35330803871886 7.3344385550065897e-06 -1.6623724102493067e-05 9.1395698111076558e-06 0
13 1 1 51148800 113875300.274205 -99727633.979794845 614675.05272256467 17.741800500738918 21.810971795441649 0.57796592533065994 640.35326112427185 8.071687624635357e-06 -1.8211665257811542e-05 9.9376405660523512e-06 0
14 1 1 51235200 115391846.6804027 -97829005.369927153 664521.15510491515 17.362490899129384 22.137814980370152 0.57585093491681294 640.35320996821292 8.8183059428131581e-06 -1.9804624604735018e-05 1.073293590183817e-05 0
15 1 1 51321600 116875375.45025334 -95902384.887920603 714177.23571036092 16.977512875319771 22.458917290642418 0.57356724453577801 640.35315455568843 9.5752215755806363e-06 -2.1402781889553882e-05 1.1525233805505864e-05 0
16 1 1 51408000 118325399.30927625 -93948272.312734798 763628.71156511852 16.586923907892654 22.774191437658597 0.57111468650656672 640.35309487096242 1.0343375647968527e-05 -2.3006273318607652e-05 1.231431309696736e-05 0
17 1 1 51494400 119741435.98506404 -91967174.986150831 812860.98553279147 16.190782314674625 23.083549642230768 0.56849310076831516 640.35303089746208 1.1123720653120788e-05 -2.4615190733916173e-05 1.3099953129939241e-05 0
18 1 1 51580800 121123008.2818018 -89959607.855781794 861859.44699825195 15.789147299449938 23.386903620352737 0.56570233547660154 640.35296261782003 1.1917219894329126e-05 -2.6229581433824162e-05 1.3881933349856068e-05 0
19 1 1 51667200 122469644.15887754 -87926093.519259766 910609.47260462178 15.382078999927227 23.684164570195872 0.56274224763657321 640.35289001392448 1.2724845519634273e-05 -2.784944737452028e-05 1.4660034368965454e-05 0
20 1 1 51753600 123780876.81369011 -85867162.269491717 959096.4270465743 14.96963853696626 23.975243160376635 0.55961270377355454 640.35281306697095 1.3547576744347016e-05 -2.9474744894642306e-05 1.5434037092702579e-05 0
21 1 1 51840000 125056244.76876619 -83783352.140872627 1007305.663923219 14.551888065071145 24.26004951954387 0.55631358064179126 640.35273175751286 1.43863990440371e-05 -3.1105384310583229e-05 1.6203722921371082e-05 0
22 1 1 51926400 126295291.96329388 -81675208.956339493 1055222.5266538961 14.128890824155819 24.538493227336467 0.55284476597214494 640.35264606551436 1.52423022291609e-05 -3.2741229409465766e-05 1.6968873669138738e-05 0
23 1 1 52012800 127497567.84918459 -79543286.375145331 1102832.3494602852 13.700711192586645 24.810483306764411 0.54920615925951488 640.35255597040498 1.6116279093598712e-05 -3.4382097046923222e-05 1.7729271792883388e-05 0
24 1 1 52099200 128662627.49177267 -77388145.941227719 1150120.4584182859 13.267414741506247 25.075928218069283 0.54539767259075367 640.35246145113399 1.700932400555126e-05 -3.6027756833581468e-05 1.8484700201132093e-05 0
25 1 1 52185600 129790031.6752644 -75210357.132042438 1197072.1725832208 12.829068290441535 25.334735854122542 0.54141923151389293 640.352362486223 1.7922430881987908e-05 -3.7677930868612259e-05 1.9234942376037864e-05 0
26 1 1 52272000 130879347.01304699 -73010497.407725587 1243672.8051919369 12.38573996419766 25.586813537423083 0.53727077594950168 640.35225905382356 1.8856591691560914e-05 -3.9332293393456125e-05 1.9979782401315298e-05 0
27 1 1 52358400 131930146.06296875 -70789152.260443702 1289907.6649455123 11.937499251038341 25.832068018758076 0.53295226114500072 640.35215113177105 1.9812795239682949e-05 -4.0990470712016781e-05 2.071900474596584e-05 0
28 1 1 52444800 132942007.44770132 -68546915.263785571 1335762.0573762942 11.484417062151374 26.070405477594335 0.52846365867277201 640.35203869763916 2.079202524079735e-05 -4.2652041057061916e-05 2.1452394338618217e-05 0
29 1 1 52531200 133914515.98029578 -66284388.122042924 1381221.2863030997 11.026565792396338 26.301731524270206 0.52380495747295008 640.35192172879636 2.1795258477828612e-05 -4.4316534038449165e-05 2.217973661098526e-05 0
30 1 1 52617600 134847262.79504201 -64002180.719221063 1426270.6553784753 10.564019382329734 26.525951204060963 0.51897616494174892 640.35180020246048 2.2823463379990234e-05 -4.5983430633466268e-05 2.2900817544832475e-05 0
31 1 1 52704000 135739845.48374197 -61700911.167614937 1470895.4697319816 10.096853381500612 26.742969003193853 0.51397730806619146 640.35167409575558 2.3877598456645156e-05 -4.7652163593117579e-05 2.3615423654456775e-05 0
32 1 1 52790400 136591868.23750699 -59381205.85577821 1515081.0377135624 9.6251450130073195 26.952688856892074 0.50880843460609626 640.35154338576558 2.4958609933420353e-05 -4.9322116950989813e-05 2.4323341864337309e-05 0
33 1 1 52876800 137402941.99418569 -57043699.495706908 1558812.6727411025 9.1489732393035954 27.155014159529813 0.50346961432418846 640.35140804958996 2.6067430627930568e-05 -5.0992625875584068e-05 2.5024359556419272e-05 0
34 1 1 52963200 138172684.59153202 -54689035.169051178 1602075.6952563818 8.6684188292393234 27.349847776983964 0.49796094026521381 640.35126806439916 2.7204977521012224e-05 -5.2662977222207321e-05 2.5718264577355199e-05 0
35 1 1 53049600 138900720.92621785 -52317864.372162037 1644855.4347936916 8.1835644263183784 27.537092061271277 0.49228253008490164 640.35112340749026 2.8372150271863382e-05 -5.4332409025083857e-05 2.6404845323029945e-05 0
36 1 1 53136000 139586683.11879483 -49930847.059771225 1687137.2321654554 7.6944946181525671 27.716648867562402 0.48643452742962517 640.35097405634019 2.9569829757307617e-05 -5.600011133762041e-05 2.7083890840709168e-05 0
37 1 1 53222400 140230210.68470809 -47528651.687095173 1728906.4417692728 7.2012960070872696 27.88841957366828 0.48041710336754423 640.3508199886619 3.0798875376665759e-05 -5.7665225678206189e-05 2.7755190495516325e-05 0
38 1 1 53308800 140830950.71146187 -45111955.250144802 1770148.434020868 6.7040572819704671 28.052305102096774 0.47423045787207008 640.35066118245811 3.2060124286165806e-05 -5.9326845942384448e-05 2.8418534541433176e-05 0
39 1 1 53395200 141388558.0420332 -42681443.324015021 1810848.5979174972 6.2028692910327878 28.208205944781049 0.46787482135837088 640.35049761607604 3.335438826910518e-05 -6.0984018724626149e-05 2.9073713211188324e-05 0
40 1 1 53481600 141902695.46462995 -40237810.098918706 1850992.3437364264 5.6978251158417148 28.356022190584067 0.46135045627366827 640.35032926826034 3.4682452132481361e-05 -6.2635743040475027e-05 2.9720517446456356e-05 0
41 1 1 53568000 142373033.90888408 -37781758.413720198 1890565.1058731617 5.1890201462886205 28.495653555687042 0.45465765874208469 640.35015611820791 3.604507233564197e-05 -6.4280971365949388e-05 3.0358738758223015e-05 0
42 1 1 53654400 142799252.64856488 -35313999.786714882 1929552.3458241764 4.6765521565620558 28.626999416971987 0.44779676026461462 640.34997814562189 3.7442974635318589e-05 -6.5918609910299255e-05 3.0988169014489499e-05 0
43 1 1 53740800 143181039.51089892 -32835254.443391103 1967939.5553189139 4.1605213820553395 28.7499588485123 0.44076812947487792 640.34979533076398 3.8876851923469187e-05 -6.7547519049238847e-05 3.1608600979376113e-05 0
44 1 1 53827200 143518091.09257179 -30346251.340900742 2005712.2596059232 3.6410305971508881 28.864430661287571 0.4335721739511828 640.34960765450808 4.0347362333161296e-05 -6.9166514122664859e-05 3.2219827865548789e-05 0
45 1 1 53913600 143810112.9824869 -27847728.188954882 2042856.0208979999 3.1181851938175837 28.970313446241697 0.4262093420853148 640.34941509839302 4.1855127234984265e-05 -7.0774366268683647e-05 3.2821643220599691e-05 0
46 1 1 54000000 144056819.99134707 -25340431.466850527 2079356.4419812628 2.5920932609511218 29.067505620806056 0.41868012500852542 640.34921764467606 4.3400729102245434e-05 -7.2369803222499253e-05 3.3413841289437766e-05 0
47 1 1 54086400 144257936.38812131 -22825116.436323497 2115199.1699931137 2.0628656643803622 29.155905479011935 0.41098505857503925 640.34901527638408 4.4984710323072878e-05 -7.3951509632475378e-05 3.3996216960149131e-05 0
48 1 1 54172800 144413196.14344871 -20302547.14991207 2150369.900374067 1.5306161274554773 29.23541124531862 0.40312472540330174 640.34880797736503 4.6607569615724281e-05 -7.551812848280853e-05 3.4568566017101046e-05 0
49 1 1 54259200 144522343.18002829 -17773496.454504713 2184854.3809984461 0.9954613121260214 29.305921132285473 0.39509975697506217 640.34859573234337 4.826976035686972e-05 -7.706826210677666e-05 3.5130684613198994e-05 0
50 1 1 54345600 144585131.6300303 -15238745.989734115 2218638.4164889283 0.45752090040931281 29.367333402218449 0.3869108357922823 640.34837852696774 4.9971689082261473e-05 -7.8600473197056029e-05 3.5682369304979963e-05 0
51 1 1 54432000 144601326.09956098 -12699086.180868721 2251707.8727199635 -0.083082323859173871 29.4195464329228 0.37855869759188959 640.34815634786503 5.1713713661514749e-05 -8.0113285653424441e-05 3.622341791160589e-05 0
52 1 1 54518400 144570701.94019687 -10155316.225840854 2284048.6815150157 -0.62622239311064587 29.462458787695102 0.37004413361803234 640.34792918269022 5.3496140272918204e-05 -8.1605186606134003e-05 3.6753628322066311e-05 0
53 1 1 54604800 144493045.52760008 -7608244.0760396961 2315646.8455426041 -1.1717700740895172 29.495969289688468 0.36136799295145577 640.34769702017752 5.5319221521427676e-05 -8.3074627671087873e-05 3.7272799356009321e-05 0
54 1 1 54691200 144368154.54721138 -5058686.4104853021 2346488.4434160641 -1.7195927859976674 29.519977100785866 0.35253118489559587 640.34745985019197 5.7183154918473128e-05 -8.4520024975461814e-05 3.7780731053199172e-05 0
55 1 1 54777600 144195838.28700551 -2507468.6029883516 2376559.6350018829 -2.2695545188828952 29.534381805115977 0.34353468141851229 640.34721766377868 5.9088080106988128e-05 -8.5939762451547297e-05 3.8277223530937988e-05 0
56 1 1 54864000 143975917.93728197 44575.318111246299 2405846.6669413885 -2.8215157524285095 29.539083497346134 0.33437951964988893 640.34697045321343 6.1034077553781443e-05 -8.7332193417497347e-05 3.8762078511442647e-05 0
57 1 1 54950400 143708226.89744896 2596602.718045461 2434335.8783905478 -3.3753333753120822 29.533982875885926 0.32506680443202812 640.34671821205222 6.3021166334278049e-05 -8.86956413198748e-05 3.9235098241784153e-05 0
58 1 1 55036800 143392611.0897432 5147762.4119889513 2462013.7069824236 -3.9308606053130375 29.518981341134168 0.31559771092341765 640.34646093518154 6.5049300942963712e-05 -9.0028401915623557e-05 3.9696085410625134e-05 0
59 1 1 55123200 143028929.27981472 7697194.7301409878 2488866.6950168265 -4.4879469103604182 29.493981098899411 0.30597348725351142 640.34619861886733 6.7118370600145858e-05 -9.1328746048261557e-05 4.014484390504561e-05 0
60 1 1 55209600 142617053.40408364 10244031.591971027 2514881.4958814764 -5.0464379307246094 29.458885269122032 0.29619545722697482 640.34593126080449 6.9228196835386757e-05 -9.2594921369482135e-05 4.0581178773265881e-05 0
61 1 1 55296000 142156868.90376282 12787396.590091398 2540044.8807088775 -5.6061754025696517 29.41359800002289 0.28626502307534807 640.34565886016412 7.1378531370728621e-05 -9.3825153844823196e-05 4.10048963942858e-05 0
62 1 1 55382400 141648275.06541947 15326405.084231259 2564343.7452729088 -6.1669970830958212 29.35802458779942 0.27618366825380281 640.34538141764381 7.3569054864861108e-05 -9.5017650863307316e-05 4.1415803723160605e-05 0
63 1 1 55468800 141091185.36792547 17860164.305796102 2587765.1171289026 -6.7287366775157107 29.292071601985224 0.26595296028043325 640.34509893551535 7.5799374123583442e-05 -9.6170603171741526e-05 4.1813708541347909e-05 0
64 1 1 55555200 140485527.83563036 20387773.473507058 2610296.1630007876 -7.2912237681209326 29.215647016584001 0.2555745536153663 640.34481141767151 7.8069020984407897e-05 -9.7282188307841848e-05 4.2198420482163646e-05 0
65 1 1 55641600 139831245.39756149 22908323.920623336 2631924.1964185811 -7.8542837457106787 29.128660347082175 0.24505019257642907 640.34451886967543 8.0377450317166212e-05 -9.8350571925730684e-05 4.2569750319448857e-05 0
66 1 1 55728000 139128296.25243691 25420899.234260056 2652636.6856092545 -8.4177377436679137 29.031022793436875 0.23438171428777166 640.34422129880534 8.2724038614133229e-05 -9.9373911818828814e-05 4.2927509933203137e-05 0
67 1 1 55814400 138376654.23924959 27924575.407321658 2672421.261643643 -8.9814025749837452 28.922647389127942 0.2235710516576673 640.3439187141031 8.5108081924022036e-05 -0.00010035036074943641 4.3271512717021576e-05 0
68 1 1 55900800 137576309.21315262 30418421.003578149 2691265.7268417501 -9.5450906725454683 28.803449156352983 0.21262023638121139 640.34361112641818 8.752879380975238e-05 -0.00010127806857846225 4.3601573214554549e-05 0
69 1 1 55987200 136727267.42635238 32901497.336418144 2709158.0634383908 -10.108610033018724 28.673345267433891 0.20153140196332314 640.34329854845771 8.9985304918062289e-05 -0.00010215518650081041 4.3917507961236387e-05 0
70 1 1 56073600 135829551.91368163 35372858.661817864 2726086.4425107255 -10.671764164669433 28.532255212491485 0.19030678675698709 640.34298099482851 9.2476661763020765e-05 -0.00010297986978308803 4.4219134818295265e-05 0
71 1 1 56160000 134883202.88249746 37831552.386069588 2742039.2331687515 -11.234352039486675 28.38010097343173 0.17894873701121894 640.34265848208213 9.5001824520360483e-05 -0.00010375028087485849 4.4506273217875587e-05 0
72 1 1 56246400 133888278.10651721 40276619.288816281 2757005.0120093618 -11.796168049982702 28.21680720427284 0.16745970992294629 640.34233102875987 9.7559666503636914e-05 -0.00010446459435959662 4.4778744589714271e-05 0
73 1 1 56332800 132844853.32317069 42707093.761941031 2770972.5728340098 -12.357001971061301 28.042301417826526 0.15584227668638331 640.34199865543735 0.0001001489728359632 -0.00010512099907569264 4.503637193409744e-05 0
74 1 1 56419200 131753022.63401277 45122004.064859971 2783930.9366295068 -12.916638927360831 27.856514178729842 0.14409912553310689 640.34166138476689 0.00010276843911855656 -0.00010571770257862263 4.5278980662017143e-05 0
75 1 1 56505600 130612898.90770681 47520372.596767031 2795869.3618108081 -13.474859366492801 27.659379302804837 0.13223306475548774 640.34131924151961 0.00010541667152187292 -0.00010625293542678937 4.5506397809208976e-05 0
76 1 1 56592000 129424614.18504928 49901216.186375119 2806777.3547240244 -14.031439038610962 27.450834062703422 0.12024702570564859 640.34097225262701 0.0001080921859814612 -0.00010672495484959 4.5718452750150642e-05 0
77 1 1 56678400 128188320.08547056 52263546.399694204 2816644.6804071949 -14.586148982760076 27.230819399773079 0.10814406576168549 640.34062044722407 0.00011079340679115523 -0.00010713204861207514 4.5914977189558507e-05 0
78 1 1 56764800 126904188.21440537 54606369.866380438 2825461.3736055987 -15.138755520466241 26.999280142055028 0.095927371252241045 640.34026385668687 0.00011351866746842001 -0.00010747253982807514 4.6095805146536721e-05 0
79 1 1 56851200 125572410.57088715 56928688.625181191 2833217.7500376338 -15.689020257043273 26.756165228302006 0.083600260330054646 640.33990251467515 0.00011626620971530314 -0.00010774479092548995 4.6260773064318317e-05 0
80 1 1 56937600 124193199.95467892 59229500.488990262 2839904.4179063914 -16.236700091101238 26.501427937875359 0.071166185784614214 640.33953645716838 0.00011903418358853297 -0.0001079472089796312 4.6409720345491456e-05 0
81 1 1 57024000 122766790.37221044 61507799.430014417 2845512.2896512426 -16.781547232753606 26.235026126353137 0.058628737783390304 640.33916572250314 0.00012182064851456035 -0.00010807824965837974 4.6542488859228362e-05 0
82 1 1 57110400 121293437.44054821 63762575.985535838 2850032.5939328065 -17.323309231028972 25.956922466650212 0.045991646530628469 640.33879035141092 0.00012462357308646587 -0.00010813642120465087 4.6658923392676591e-05 0
83 1 1 57196800 119773418.78858104 65992817.684737548 2853456.8878436293 -17.861729011001472 25.667084695419508 0.033258784832215921 640.33841038705248 0.00012744083524308749 -0.00010812029066626844 4.6758872085428572e-05 0
84 1 1 57283200 118207034.45455883 68197509.497036427 2855777.0693360073 -18.396544921160295 25.365485864469527 0.020434170554399861 640.33802587505272 0.00013027022355378918 -0.00010802848760848755 4.6842185613956249e-05 0
85 1 1 57369600 116594607.27907765 70375634.302345052 2856985.3898571823 -18.927490791543654 25.052104596898101 0.0075219689638127019 640.33763686353416 0.00013310943869052034 -0.00010785970950766888 4.6908718852535764e-05 0
86 1 1 57456000 114936483.29255791 72526173.383654788 2857074.4671811294 -19.454296003165748 24.726925347604798 -0.0054735050644074768 640.33724340314677 0.00013595609453871096 -0.00010761272734152482 4.6958329682861116e-05 0
87 1 1 57542400 113233032.09621693 74648106.942303151 2856037.2984249257 -19.976685569265918 24.389938667805801 -0.018547784984204504 640.33684554709953 0.0001388077191013817 -0.00010728638929882546 4.6990879489054388e-05 0
88 1 1 57628800 111484647.23549217 76740414.636253387 2853867.2732365178 -20.494380228908366 24.04114147313479 -0.031696250675884961 640.33644335118856 0.00014166175726354702 -0.00010687962586746352 4.700623448141555e-05 0
89 1 1 57715200 109691746.56482476 78802076.141676426 2850558.1871394529 -21.007096553456485 23.680537314870922 -0.044914126717930776 640.33603687382526 0.00014451557254288662 -0.00010639145626943663 4.7004264316209469e-05 0
90 1 1 57801600 107854772.60266887 80832071.738084093 2846104.2550188382 -21.51454706644002 23.30813665379214 -0.058196480848514982 640.33562617605889 0.00014736644954738541 -0.00010582099341385521 4.6984842885346842e-05 0
91 1 1 57888000 105974192.87554748 82829382.917217135 2840500.1247314797 -22.016440377323658 22.923957136107557 -0.071538222632164625 640.33521132160183 0.00015021159571589643 -0.00010516744798471198 4.6947848300286383e-05 0
92 1 1 57974400 104050500.24993259 84792993.015842631 2833740.8908217843 -22.512481329673577 22.528023870876851 -0.084934102347510559 640.33479237685299 0.00015304814634444831 -0.00010443013283645898 4.6893163760697128e-05 0
93 1 1 58060800 102084213.25068383 86721887.872561529 2825822.108323622 -23.002371164202625 22.12036970827749 -0.098378710112420067 640.33436941091509 0.00015587316641810467 -0.00010360847027470908 4.6820677300092837e-05 0
94 1 1 58147200 100075876.36474086 88615056.508671045 2816739.8066269271 -23.485807697155963 21.701035518033802 -0.11186647526316396 640.33394249560968 0.00015868365464729016 -0.00010270199641624811 4.6730281776465653e-05 0
95 1 1 58233600 98026060.328724518 90471491.833063677 2806490.5033863597 -23.962485514476526 21.270070467273516 -0.12539166600433313 640.33351170549724 0.00016147654616953559 -0.00010171036500762311 4.6621875834246002e-05 0
96 1 1 58320000 95935362.399065569 92290191.371080175 2795071.2184479148 -24.432096182162219 20.827532297029407 -0.13894838934654366 640.33307711788734 0.0001642487183848586 -0.00010063335240784208 4.6495363410826423e-05 0
97 1 1 58406400 93804406.603245258 94070158.017164558 2782479.4877678473 -24.894328473196818 20.373487596554483 -0.15253059134910854 640.33263881285052 0.00016699699580092058 -9.9470863848862093e-05 4.6350653936423121e-05 0
98 1 1 58492800 91633843.970700145 95810400.811093524 2768713.3772968533 -25.348868611401446 19.908012074571737 -0.1661320576847172 640.33219687322276 0.00016971815316633226 -9.822293655463904e-05 4.6187663166376526e-05 0
99 1 1 58579200 89424352.74191618 97509935.737476334 2753771.4968009316 -25.795400532514389 19.431190826531306 -0.17974641454328566 640.3317513846149 0.00017240892118953728 -9.6889744872010575e-05 4.6006312885889411e-05 0
100 1 1 58665600 87176638.554211766 99167786.54813838 2737653.013588889 -26.23360616276296 18.943118596901485 -0.19336712989195085 640.33130243541359 0.00017506599286851122 -9.5471604029311806e-05 4.580653189648906e-05 0
101 1 1 58752000 84891434.602688193 100782985.60691579 2720357.666114992 -26.663165715142643 18.443900035473774 -0.20698751510798849 640.33085011677883 0.00017768602965485513 -9.3968974749343922e-05 4.5588255580383156e-05 0
102 1 1 58838400 82569501.774810791 102354574.7562975 2701885.777423827 -27.083758003566373 17.933649946618928 -0.22060072700114236 640.33039452264097 0.00018026566672224226 -9.2382467572392165e-05 4.5351426445561541e-05 0
103 1 1 58924800 80211628.757071435 103881606.20525956 2682238.26840303 -27.495060774988247 17.41249353038852 -0.2341997702413669 640.32993574969419 0.00018280151846142845 -9.0712845620672425e-05 4.5095994021374897e-05 0
104 1 1 59011200 77818632.112177789 105363143.437537 2661416.6708081951 -27.896751059543657 16.880566614317523 -0.24777750020746661 640.32947389738672 0.0001852901875292364 -8.8961028348260795e-05 4.482191553806332e-05 0
105 1 1 59097600 75391356.325212196 106798262.13947931 2639423.1400229256 -28.288505538679907 16.338015874746532 -0.26132662627143977 640.3290090679069 0.00018772827115157064 -8.7128094621412468e-05 4.4529156216144099e-05 0
106 1 1 59184000 72930673.817210436 108186051.14653142 2616260.4675158029 -28.670000931180113 15.784999046449277 -0.27483971553260711 640.32854136616299 0.00019011236798686021 -8.5215286160460131e-05 4.4217689688318711e-05 0
107 1 1 59270400 70437484.924621224 109525613.4072776 2591932.0929548051 -29.040914396905571 15.221685119322229 -0.28830919701468272 640.32807089976575 0.00019243908661754921 -8.3224009383017504e-05 4.3887498197398579e-05 0
108 1 1 59356800 67912717.843125254 110816066.96387379 2566442.1159386658 -29.40092395800071 14.648254520867864 -0.30172736633798458 640.32759777900014 0.00019470505333615397 -8.1155836684089624e-05 4.35385720940843e-05 0
109 1 1 59443200 65357328.534320354 112056545.94758712 2539795.3073036256 -29.749708937219111 14.064899283183697 -0.31508639087760681 640.32712211679791 0.00019690692015288808 -7.9012509678713156e-05 4.3170911502601643e-05 0
110 1 1 59529600 62772300.593810529 113246201.58804679 2511997.1199631812 -30.086950412939554 13.471823193154352 -0.32837831541716456 640.32664402870296 0.00019904137387102787 -7.6795940322398667e-05 4.278452603145932e-05 0
111 1 1 59616000 60158645.079279132 114384203.23469891 2483053.6992376298 -30.412331690346949 12.869241924536059 -0.3415950683065217 640.3261636328358 0.00020110514377083801 -7.4508210579091516e-05 4.2379433734461218e-05 0
112 1 1 59702400 57517400.297175877 115469739.38884374 2452971.8926295778 -30.725538788156655 12.257383150620589 -0.35472846812980735 640.32568104985023 0.0002030950118181638 -7.2151574388563548e-05 4.1955664131786662e-05 0
113 1 1 59788800 54849631.546704814 116502018.74452117 2421759.2590011093 -31.026260940160157 11.636486636170584 -0.36777023088865241 640.32519640288729 0.00020500782154801351 -6.972845624819067e-05 4.151325625398428e-05 0
114 1 1 59875200 52156430.819867902 117480271.23639719 2389424.0771079436 -31.314191110767823 11.006804307330976 -0.38071197770378473 640.32470981752317 0.0002068404863303989 -6.7241451055620184e-05 4.1052259729149848e-05 0
115 1 1 59961600 49438916.456394129 118403749.09269308 2355975.3534457455 -31.589026523619687 10.368600298240962 -0.39354524303577398 640.32422142171538 0.0002085899996671337 -6.4693323835235725e-05 4.0572734940913659e-05 0
116 1 1 60048000 46698232.752468877 119271727.89109069 2321422.8293637689 -31.850469202228854 9.722150973099998 -0.40626148342378243 640.32373134573982 0.0002102534455066033 -6.2087007132906235e-05 4.0074753887446362e-05 0
117 1 1 60134400 43935549.522272609 120083507.6154398 2285776.9874012088 -32.098226521515457 9.067744922478548 -0.41885208673889912 640.32323972212578 0.00021182800678442814 -5.942559877972587e-05 3.9558400112053938e-05 0
118 1 1 60220800 41152061.611441366 120838413.71099253 2249049.0568020376 -32.332011768982092 8.4056829327101443 -0.4313083819462562 640.32274668558443 0.00021331097404501229 -5.6712360584572104e-05 3.9023769159222867e-05 0
119 1 1 60307200 38348988.36167334 121535798.13578951 2211251.018164699 -32.551544714174952 7.7362779272574178 -0.44362164936768866 640.32225237293494 0.00021469975722885096 -5.3950713051172107e-05 3.8470967543451407e-05 0
120 1 1 60393600 35527573.025828451 122175040.40573214 2172395.6071838806 -32.756552184969472 7.0598548790097855 -0.45578313143394406 640.3217569230211 0.00021599189360632797 -5.1144232363535087e-05 3.7900114224463126e-05 0
121 1 1 60480000 32689082.132997833 122755548.63078636 2132496.3174426057 -32.946768649117601 6.376750692544837 -0.46778404391272965 640.32126047662746 0.00021718505861071979 -4.8296646256816683e-05 3.7311341086600135e-05 0
122 1 1 60566400 29834804.803159967 123276760.53968404 2091567.402214281 -33.121936799393382 5.6873140554705746 -0.47961558759632045 640.32076317638234 0.00021827707509924083 -4.541182680378735e-05 3.6704793413643392e-05 0
123 1 1 60652800 26966052.01118771 123738144.49041592 2049623.8752357156 -33.281808140577965 4.9919052580594112 -0.49126896042969309 640.32026516666497 0.00021926592094656774 -4.2493787850806534e-05 3.6080628759731523e-05 0
124 1 1 60739200 24084155.800126586 124139200.46374591 2006681.5104140525 -33.426143576435805 4.290895980488866 -0.50273537005714253 640.31976659349857 0.00022014974083367413 -3.95466768034126e-05 3.5439017740765959e-05 0
125 1 1 60825600 21190468.443828091 124479461.03692299 1962756.8404324707 -33.55471399474775 3.5846690471177647 -0.51400604676234396 640.31926760444321 0.00022092685174535904 -3.6574766133203738e-05 3.4780144787534612e-05 0
126 1 1 60912000 18286361.559192099 124758492.3347216 1917867.1542218579 -33.667300848390624 2.8736181473483322 -0.52507225677414482 640.31876834848174 0.00022159575373670952 -3.3582449384986157e-05 3.4104208408953612e-05 0
127 1 1 60998400 15373225.168449629 124975894.95490882 1872030.4932681557 -33.76369673038284 2.1581475227565234 -0.53592531590748826 640.31826897590031 0.00022215513790554964 -3.0574229124158017e-05 3.3411421420479272e-05 0
128 1 1 61084800 12452466.712099021 125131304.86521618 1825265.646727843 -33.84370594075461 1.4386716203124645 -0.54655660350619584 640.31776963815821 0.00022260389513359969 -2.7554710172836347e-05 3.2702009230352783e-05 0
129 1 1 61171200 9525510.013296593 125224394.26888244 1777592.145327013 -33.90714504305182 0.71561471165958379 -0.55695757665128676 640.31727048775758 0.00022294112105271128 -2.4528590127525174e-05 3.1976211817146126e-05 0
130 1 1 61257600 6593794.1946933288 125254872.43584 1729030.254022781 -33.953843408241461 -0.010589521424118297 -0.56711978459581724 640.31677167810642 0.00022316612460959455 -2.1500648059172641e-05 3.1234284074005834e-05 0
131 1 1 61344000 3658772.548903699 125222486.49663395 1679600.9634092078 -33.983643743758734 -0.7394984350994307 -0.57703488338508835 640.31627336337374 0.00022327843392712295 -1.8475735975344404e-05 3.0476494934635621e-05 0
132 1 1 61430400 721911.3639886044 125127022.19619416 1629325.9798535986 -33.996402605419753 -1.4706609046248957 -0.58669465061840187 640.3157756983386 0.00022327780322921214 -1.5458766368767356e-05 2.9703127873646015e-05 0
133 1 1 61516800 -2215311.2944686776 124968304.60462782 1578227.7143529223 -33.991990889921347 -2.2036178379825988 -0.59609100030623663 640.31527883823503 0.00022316421595925241 -1.2454701900744642e-05 2.8914481187113715e-05 0
134 1 1 61603200 -5151406.8429181837 124746198.78225988 1526329.2701041712 -33.970294305659664 -2.9379027211791233 -0.60521599777478607 640.31478293859232 0.00022293789099307962 -9.4685411992026959e-06 2.8110868010678153e-05 0
135 1 1 61689600 -8084877.4790601954 124460610.39622551 1473654.4287867206 -33.931213819625249 -3.673042194255435 -0.61406187456810546 640.31428815506615 0.00022259928672252078 -6.505308596468668e-06 2.7292614609138203e-05 0
136 1 1 61776000 -11014217.51856089 124111486.2860086 1420227.6355590783 -33.87466607817101 -4.4085566568642101 -0.62262104329608081 640.3137946432613 0.00022214910423853132 -3.5700417178048428e-06 2.6460063382859112e-05 0
137 1 1 61862400 -13937914.766916145 123698814.97542867 1366073.9827770358 -33.800583799505638 -5.143960902097982 -0.63088611237540748 640.31330255855607 0.00022158828973273774 -6.6777654472107293e-07 2.561357057766334e-05 0
138 1 1 61948800 -16854451.923930138 123222627.12869677 1311219.1924447336 -33.708916135833825 -5.8787647770794047 -0.63884990060983826 640.31281205591335 0.00022091803553107503 2.1964633553487762e-06 2.4753506832873944e-05 0
139 1 1 62035200 -19762308.01809961 122682995.94829974 1255689.5974149213 -33.599629003150206 -6.6124738686556652 -0.64650545155483352 640.31232328969134 0.00022013978127551027 5.0176838421292012e-06 2.3880256929185462e-05 0
140 1 1 62121600 -22659959.868026305 122080037.51262096 1199512.1213593963 -33.472705376794025 -7.3445902123752003 -0.65384604761148057 640.31183641344489 0.000219255215565262 7.7909302269836208e-06 2.2994220221462746e-05 0
141 1 1 62208000 -25545883.567821804 121413911.05137047 1142714.2575354292 -33.328145550986179 -8.0746130227674158 -0.66086522379446389 640.31135157972017 0.00021826627366320508 1.0511303232293845e-05 2.2095809830690186e-05 0
142 1 1 62294400 -28418555.993320581 120684819.15707459 1085324.0463786828 -33.165967360699945 -8.8020394427958895 -0.66755678111911065 640.31086893984661 0.00021717513571512182 1.3173973300096969e-05 2.1185452229846132e-05 0
143 1 1 62380800 -31276456.325780619 119893007.93106571 1027370.0519579252 -32.986206364359134 -9.5263653102159278 -0.67391479955283384 640.31038864372044 0.00021598422664001913 1.5774192614881654e-05 2.0263588996239035e-05 0
144 1 1 62467200 -34118067.589627773 119038767.06261489 968881.3373314793 -32.788915986013677 -10.24708593843742 -0.67993365047766519 640.3099108395794 0.00021469621142542334 1.8307308918631851e-05 1.933067340636608e-05 0
145 1 1 62553600 -36941878.200690396 118122429.84006061 909887.43884991121 -32.574167615810879 -10.963696909375956 -0.68560800861170312 640.3094356737771 0.00021331399002963653 2.0768780656950462e-05 1.8387171451535388e-05 0
146 1 1 62640000 -39746383.521276213 117144373.09301236 850418.33945392515 -32.342050667759608 -11.67569487567116 -0.69093286333846282 640.3089632905494 0.00021184069306283301 2.3154191486345923e-05 1.7433563156270959e-05 0
147 1 1 62726400 -42530087.418365099 116105017.06493437 790504.44102072972 -32.092672593973454 -12.382578369561539 -0.69590352939580669 640.30849383177122 0.00021027967754861071 2.5459259707154265e-05 1.6470340065694622e-05 0
148 1 1 62812800 -45291503.821129464 115004825.21565545 730176.53581621521 -31.826158854777503 -13.083848615630471 -0.70051565687834239 640.30802743670927 0.0002086345188599164 2.7679853918663532e-05 1.5498004737896039e-05 0
149 1 1 62899200 -48029158.273949675 113844303.95359237 669465.77711417503 -31.542652844267693 -13.779010344579197 -0.70476524050926137 640.30756424176843 0.00020690900305763682 2.9812005940171557e-05 1.4517072991824763e-05 0
150 1 1 62985600 -50741589.481065273 112624002.29772277 608403.64904746786 -31.242315771122783 -14.467572605142669 -0.70864862814130736 640.30710438023016 0.00020510711902184303 3.185192059596236e-05 1.3528069997044126e-05 0
151 1 1 63072000 -53427350.838995196 111344511.46959324 547021.93575934751 -30.925326494683809 -15.149049571240139 -0.71216252844957562 640.30664798198609 0.00020323304922378137 3.3795990541701137e-05 1.2531531989303684e-05 0
152 1 1 63158400 -56085011.95287019 110006464.41590063 485352.68992629024 -30.591881316532753 -15.822961341447154 -0.71530401778212005 640.3061951732634 0.00020129116081052208 3.5640805361857327e-05 1.1528005343695252e-05 0
153 1 1 63244800 -58713160.132850647 108610535.26243484 423428.20072639495 -30.24219372802099 -16.488834727889412 -0.71807054613864318 640.30574607634128 0.00019928599383081647 3.7383161947800267e-05 1.0518045545045605e-05 0
154 1 1 63331200 -61310401.866851404 107157438.70042183 361280.96132984129 -29.876494114414545 -17.146204031689901 -0.72045994225129095 640.30530080926326 0.00019722225034962953 3.9020075553645963e-05 9.5022167563390923e-06 0
155 1 1 63417600 -63875364.265861154 105647929.30655031 298943.63598995563 -29.495029416537783 -17.794611802151312 -0.72247041774581233 640.30485948554087 0.00019510478364412082 4.0548788470273168e-05 8.4810913271611272e-06 0
156 1 1 63504000 -66406696.478230596 104082800.79820734 236449.02681511798 -29.098062751006793 -18.433609576923899 -0.72410057036579756 640.30442221384669 0.00019293858451619784 4.1966778866199906e-05 7.4552489579088882e-06 0
157 1 1 63590400 -68903071.06940572 102462885.22568068 173830.04030304885 -28.685872990347733 -19.062758600494814 -0.72534938624715628 640.30398909770304 0.00019072876933000802 4.3271767791495224e-05 6.4252766960884551e-06 0
158 1 1 63676800 -71363185.363703132 100789052.10331316 111119.65371992433 -28.258754304490925 -19.681630518437764 -0.72621624123463702 640.30356023516117 0.00018848056651541616 4.4461726842519284e-05 5.391767831605823e-06 0
159 1 1 63763200 -73785762.744861946 99062207.481809363 48350.881407266075 -27.817015665317964 -20.289808044981264 -0.72670090123694597 640.30313571846796 0.00018619930301185753 4.5534884379625279e-05 4.355320603668569e-06 0
160 1 1 63849600 -76169553.912258208 97283292.964100376 -14443.258900337383 -27.360980316115082 -20.88688560158781 -0.72680352162148476 640.30271563372844 0.00018389038932079305 4.6489729816318417e-05 3.3165381479179986e-06 0
161 1 1 63936000 -78513338.089836478 95453284.667366028 -77229.779663915222 -26.890985207948393 -21.472469924385173 -0.72652464565441921 640.3023000605574 0.00018155930606336004 4.7325019632305335e-05 2.2760278802323994e-06 0
162 1 1 64022400 -80815924.184992194 93573192.133993283 -139975.75695313732 -26.407380405127416 -22.046180638452196 -0.72586520199648197 640.30188907171976 0.0001792115888673821 4.8039778602209539e-05 1.2344006539993815e-06 0
163 1 1 64108800 -83076151.894833535 91644057.194414571 -202648.36360270073 -25.910528462057606 -22.607650797134855 -0.724826501269354 640.30148273276359 0.00017685281421098725 4.863330385419012e-05 1.9227004652026148e-07 0
164 1 1 64195200 -85292892.757453889 89666952.784919381 -265214.90203257726 -25.400803773902634 -23.156527384750493 -0.72341023171183994 640.30108110164122 0.00017448858394095569 4.9105167022548568e-05 -8.4974883624086399e-07 0
165 1 1 64281600 -87465051.146060675 87642981.723667055 -327642.83665446064 -24.878591903580357 -23.692471781230775 -0.7216184539492273 640.30068422832153 0.00017212451068884083 4.9455213789964735e-05 -1.8910399474646248e-06 0
166 1 1 64368000 -89591565.204027966 85573275.448244467 -389899.82578894723 -24.344288887702259 -24.21516018745162 -0.71945359490317751 640.30029215439151 0.00016976620331533439 4.9683564258710142e-05 -2.9309868311286573e-06 0
167 1 1 64454400 -91671407.719168842 83458992.718211845 -451953.75302051066 -23.798300524135392 -24.724284010201956 -0.71691844087333234 640.299904912648 0.00016741925110051262 4.9790611779399915e-05 -3.9689733481906738e-06 0
168 1 1 64540800 -93703586.935757279 81301318.286161587 -513772.75792018441 -23.241041643916752 -25.21955020595086 -0.71401612982535578 640.29952252668249 0.00016508920995702547 4.9777020363161117e-05 -5.0043843744387624e-06 0
169 1 1 64627200 -95687147.303066984 79101461.540879995 -575325.26606900524 -22.672935370282811 -25.700681582780931 -0.71075014292340599 640.29914501045505 0.0001627815884332547 4.9643723154054459e-05 -6.0366069386326577e-06 0
170 1 1 64713600 -97621170.15943341 76860655.126244172 -636580.018318685 -22.094412367593382 -26.167417060065386 -0.70712429534797561 640.29877236786251 0.00016050183259774345 4.9391917630992312e-05 -7.0650311555666707e-06 0
171 1 1 64800000 -99504774.351087034 74580153.539516911 -697506.09922963043 -21.505910082926199 -26.619511885674072 -0.70314272644260423 640.29840459229979 0.00015825531291944019 4.9023061518581795e-05 -8.0890503515862393e-06 0
172 1 1 64886400 -101337116.78524192 72261231.712711528 -758072.96463028924 -20.90787198310014 -27.056737810697971 -0.69880988923536314 640.29804166621625 0.00015604731054082215 4.8538867251014074e-05 -9.1080619973150761e-06 0
173 1 1 64972800 -103117392.91716519 69905183.58068873 -818250.46824586578 -20.300746789849228 -27.478883221881979 -0.69413053938307301 640.29768356067268 0.00015388300423586771 4.7941296179858688e-05 -1.0121468623679573e-05 0
174 1 1 65059200 -104844837.17118093 67513320.639625683 -878008.88734865189 -19.684987715818309 -27.88575323215009 -0.68910972358778289 640.29733023489769 0.00015176745844903551 4.7232551640245376e-05 -1.1128678517387247e-05 0
175 1 1 65145600 -106518723.29579419 65086970.499453939 -937318.94738657505 -19.061051703985015 -28.277169729793325 -0.68375276753631975 640.29698163585033 0.00014970561092018313 4.6415070741159758e-05 -1.2129106023831923e-05 0
176 1 1 65232000 -108138364.65333994 62627475.433807179 -996151.84555097646 -18.429398673032583 -28.652971387069531 -0.6780652634147325 640.29663769779097 0.00014770226153208604 4.5491517731754571e-05 -1.3122172362755769e-05 0
177 1 1 65318400 -109703114.44477749 60136190.930946648 -1054479.2732491677 -17.790490771104594 -29.013013629132271 -0.67205305705016394 640.29629834187006 0.00014576206085018209 4.4464774221664833e-05 -1.4107307058401059e-05 0
178 1 1 65404800 -111212365.87045549 57614484.249047078 -1112273.4374518418 -17.144791640267673 -29.357168564364475 -0.66572223473278713 640.29596347573556 0.00014388950013628313 4.3337929471322285e-05 -1.5083947589136338e-05 0
179 1 1 65491200 -112665552.22786903 55063732.979125284 -1169507.0808899761 -16.492765693892629 -29.685324877338608 -0.65907910977045137 640.29563299317192 0.00014208890213008687 4.2114271645644804e-05 -1.6051540257597793e-05 0
180 1 1 65577600 -114062146.947616 52485323.618783191 -1226153.5010803964 -15.834877409039311 -29.997387685759808 -0.65213020882847672 640.29530677377659 0.00014036441260146834 4.0797277246567618e-05 -1.7009541058961644e-05 0
181 1 1 65664000 -115401663.56893471 49880650.159814499 -1282186.5681636839 -15.17159063579755 -30.293278362869941 -0.6448822581062279 640.29498468267832 0.00013871999142697455 3.9390600080367342e-05 -1.7957415739904001e-05 0
182 1 1 65750400 -116683655.65636647 47251112.692590401 -1337580.7415425135 -14.503367925396685 -30.572934326899436 -0.637342169401237 640.29466657032197 0.00013715940473158514 3.7898061022168081e-05 -1.8894640920755073e-05 0
183 1 1 65836800 -117907716.65923867 44598116.030000396 -1392311.0853128685 -13.830669878750529 -30.83630879924868 -0.62951702611045324 640.29435227231647 0.00013568621922622608 3.6323636232618704e-05 -1.9820704242639068e-05 0
184 1 1 65923200 -119073479.71579964 41923068.353573658 -1446353.282484784 -13.1539545169554 -31.083370533162835 -0.62141406921673314 640.29404160936497 0.00013430379553229174 3.4671445558861684e-05 -2.0735105255623208e-05 0
185 1 1 66009600 -120180617.40396288 39227379.884251848 -1499683.6479933625 -12.473676675106676 -31.314103514731922 -0.61304068330700401 640.29373438729021 0.0001330152830686364 3.2945740988060573e-05 -2.1637355237574172e-05 0
186 1 1 66096000 -121228841.44072859 36512461.580123626 -1552279.140504736 -11.790287420644976 -31.528506638102765 -0.60440438266666685 640.29343039716446 0.00013182361580210518 3.1150894858288061e-05 -2.2526977584215751e-05 0
187 1 1 66182400 -122217902.33244845 33779723.863264978 -1604117.3730254294 -11.104233497289169 -31.726593356831504 -0.59551279749292463 640.29312941555736 0.00013073150794808562 2.9291387822365908e-05 -2.3403509126444565e-05 0
188 1 1 66268800 -123147588.97818469 31030575.37766375 -1655176.6223271461 -10.415956795459422 -31.908391313333475 -0.58637366026733917 640.2928312049155 0.00012974145120064494 2.7371796974364798e-05 -2.426649966534298e-05 0
189 1 1 66355200 -124017728.22848578 28266421.780034348 -1705435.8372024004 -9.7258938499417518 -32.073941948404432 -0.57699479232559492 640.29253551407623 0.00012885571249200429 2.539678374309365e-05 -2.5115512387252699e-05 0
190 1 1 66441600 -124828184.40195921 25488664.565159708 -1754874.6455695843 -9.0344753653965792 -32.223300092790879 -0.56738409066016782 640.29224207892901 0.00012807633185449142 2.337108186656128e-05 -2.5950124404068173e-05 0
191 1 1 66528000 -125578858.76206809 22698699.927226111 -1803473.360449061 -8.3421257701682094 -32.356533542780873 -0.55754951498899108 640.29195062322651 0.00012740512175682365 2.1299485835959059e-05 -2.676992696562765e-05 0
192 1 1 66614400 -126269688.95661153 19897917.658446707 -1851212.9848345725 -7.6492627987113728 -32.473722621768978 -0.54749907512059559 640.29166085954307 0.00012684366667337733 1.9186838948205566e-05 -2.7574525476676539e-05 0
193 1 1 66700800 -126900648.42236973 17087700.086102396 -1898075.2154868294 -6.9562971028154061 -32.574959729721826 -0.53724081864366313 640.2913724903774 0.00012639332348063782 1.7038021739143033e-05 -2.8363540046015088e-05 0
194 1 1 66787200 -127471745.7574051 14269421.04896331 -1944042.4456784073 -6.2636318916767921 -32.660348882433873 -0.52678281896625523 640.29108520939576 0.00012605522243848115 1.4857940652071486e-05 -2.9136605405362096e-05 0
195 1 1 66873600 -127983024.06351 11444444.913893133 -1989097.7669211607 -5.5716626007477617 -32.730005242417931 -0.51613316372732132 640.29079870279713 0.00012583026845077204 1.2651517005727664e-05 -2.9893371150396332e-05 0
196 1 1 66960000 -128434560.26127951 8614125.6332811117 -2033224.9697092078 -4.8807765891721742 -32.784054643222696 -0.5052999436005029 640.2905126507809 0.0001257191433338231 1.0423676082051403e-05 -3.0633501794634845e-05 0
197 1 1 67046400 -128826464.38026713 5779805.8437943747 -2076408.5433121445 -4.1913528655109591 -32.822633108909528 -0.49429124150765436 640.29022672910241 0.00012572230844268428 8.1793365531600584e-06 -3.135667695338006e-05 0
198 1 1 67132800 -129158878.82665193 2942816.0067963651 -2118633.6746545522 -3.5037618413580547 -32.845886370355643 -0.48311512225694431 640.28994061068795 0.00012584000777629952 5.9234001931976747e-06 -3.2062591243521351e-05 0
199 1 1 67219200 -129431977.63080487 104473.59063598672 -2159886.2463190309 -2.8183651123541473 -32.853969379980185 -0.47177962261795287 640.28965396727551 0.00012607227163137963 3.660742092003631e-06 -3.2750954532003342e-05 0
200 1 1 67305600 -129645965.67709766 -2733917.7051224709 -2200152.8337109736 -2.1355152660199606 -32.847045826414593 -0.46029274184376973 640.28936647106491 0.00012641892056142247 1.3962010772640393e-06 -3.3421491821522091e-05 0
201 1 1 67392000 -129801077.91824473 -5571068.6835867614 -2239420.701424039 -1.4555557157531382 -32.825287650560036 -0.44866243264776656 640.28907779633573 0.00012687956996569345 -8.6542952219695618e-07 -3.4073943190075146e-05 0
202 1 1 67478400 -129897578.5764055 -8405705.3427207023 -2277677.7988458695 -0.77882056026319757 -32.78887456439341 -0.43689659264054087 640.28878762101237 0.00012745363486244845 -3.1194106109933908e-06 -3.4708063861972934e-05 0
203 1 1 67564800 -129935760.3332137 -11236569.526118081 -2314912.7550439746 -0.10563446765729768 -32.737993573799614 -0.42500305623040008 640.28849562814878 0.00012814033504594891 -5.3610656263171044e-06 -3.5323624136445008e-05 0
204 1 1 67651200 -129915943.51082601 -14062419.532766446 -2351114.8729718751 0.56368741666442812 -32.672838506622988 -0.4129895869887466 640.28820150731065 0.00012893870083256469 -7.5857885008634862e-06 -3.5920409278248304e-05 0
205 1 1 67737600 -129838475.24600974 -16882030.686300185 -2386274.1230357112 1.2288395391914919 -32.59360954704492 -0.40086387047983446 640.28790495583451 0.0001298475786580424 -9.7890511202438114e-06 -3.6498219220783042e-05 0
206 1 1 67824000 -129703728.65921009 -19694195.864334151 -2420381.1360613201 1.8895259854901505 -32.500512777308408 -0.38863350755264592 640.28760567995698 0.00013086563717712305 -1.1966410438930239e-05 -3.7056868733774281e-05 0
207 1 1 67910400 -129512102.02045625 -22497725.988553707 -2453427.1957015577 2.5454605063534177 -32.393759727725332 -0.37630600809099185 640.28730339579511 0.00013199137358123754 -1.4113515272115442e-05 -3.759618727762308e-05 0
208 1 1 67996800 -129264017.91388187 -25291450.476314109 -2485404.2303232304 3.1963665238975247 -32.273566935816561 -0.36388878521636064 640.28699783017782 0.00013322312041419638 -1.6226112200941402e-05 -3.8116018586082034e-05 0
209 1 1 68083200 -128959922.40254864 -28074217.654572051 -2516304.8044124767 3.8419771186069247 -32.140155515352419 -0.35138914993671577 640.28668872133426 0.0001345590515901628 -1.8300051600348459e-05 -3.8616220686099614e-05 0
210 1 1 68169600 -128600284.19517586 -30844895.13703493 -2546122.109536787 4.4820349983425531 -31.993750735978637 -0.33881430623318093 640.28637581942883 0.00013599718978044194 -2.033129274277398e-05 -3.9096665718797132e-05 0
211 1 1 68256000 -128185593.81629051 -33602370.165469266 -2574849.9549010894 5.1162924503348881 -31.834581614034004 -0.32617134657536545 640.28605888696484 0.00013753541318814225 -2.2315908918402499e-05 -3.9557239650290688e-05 0
212 1 1 68342400 -127716362.78122263 -36345549.916158408 -2602482.757534524 5.7445112771846887 -31.662880515088204 -0.31346724785507896 640.28573769905279 0.00013917146223633336 -2.4250091909682491e-05 -3.9997841972187971e-05 0
213 1 1 68428800 -127193122.77728507 -39073361.772542745 -2629015.5321435556 6.3664627178909328 -31.478882768654504 -0.30070886772730177 640.28541204356156 0.00014090294705304974 -2.6130155767514012e-05 -4.0418385591127616e-05 0
214 1 1 68515200 -126616424.85238649 -41784753.565110587 -2654443.8806661228 6.9819273549174143 -31.282826295460129 -0.28790294134649563 640.28508172116403 0.00014272735447675545 -2.795254067097495e-05 -4.0818796736231129e-05 0
215 1 1 68601600 -125986838.61224057 -44478693.779639833 -2678763.981560423 7.5906950082971631 -31.074951247589176 -0.27505607848560293 640.28474654528418 0.00014464205503098693 -2.9713816266590678e-05 -4.1199014378380197e-05 0
216 1 1 68688000 -125304951.42724988 -47154171.734912835 -2701972.5788608389 8.1925646177580127 -30.855499661747714 -0.26217476102455295 640.28440634196807 0.00014664431032514647 -3.1410684320674358e-05 -4.1558990210891891e-05 0
217 1 1 68774400 -124571367.65005627 -49810197.731047474 -2724066.9710323489 8.78734411383323 -30.624715125839444 -0.24926534079464482 640.28406094967966 0.0001487312798705116 -3.3039981212300551e-05 -4.1898688344716659e-05 0
218 1 1 68860800 -123786707.84466907 -52445803.169600315 -2745044.9996535629 9.3748502788987551 -30.38284245898214 -0.23633403776472889 640.28371021904366 0.00015090002804328922 -3.4598680293160295e-05 -4.2218084836368048e-05 0
219 1 1 68947200 -122951608.0280022 -55060040.646606557 -2764905.0379572865 9.9549085990537023 -30.130127405040753 -0.2233869385549144 640.28335401253901 0.00015314753118056702 -3.6083893081991871e-05 -4.2517167914678547e-05 0
220 1 1 69033600 -122066718.92457196 -57651984.019726351 -2783645.9792563077 10.527353107733497 -29.86681633970208 -0.21042999526324119 640.28299220415647 0.00015547068500357638 -3.7492871097592103e-05 -4.2795937048280413e-05 0
221 1 1 69120000 -121132705.23503266 -60220728.450666741 -2801267.2252807873 11.092026221915772 -29.59315599106888 -0.19746902459066881 640.282624679028 0.00015786631085847489 -3.8823006605897548e-05 -4.3054403169418659e-05 0
222 1 1 69206400 -120150244.91915429 -62765390.424044698 -2817768.6744524147 11.648778571748268 -29.309393173707313 -0.18450970724970694 640.28225133303522 0.00016033116248981205 -4.0071833748339502e-05 -4.3292587968684575e-05 0
223 1 1 69292800 -119120028.49377559 -65285107.743849427 -2833150.7101192055 12.19746882439599 -29.015774536041715 -0.17155758764200746 640.28187207240694 0.00016286193304745517 -4.1237028652462352e-05 -4.3510524119463008e-05 0
224 1 1 69379200 -118042758.3461988 -67779039.508651033 -2847414.188773511 12.737963502871455 -28.71254632095372 -0.1586180737902845 640.28148681330754 0.00016545526072600289 -4.2316409936493963e-05 -4.3708254155125475e-05 0
225 1 1 69465600 -116919148.06342794 -70246366.066689357 -2860560.4282746301 13.270136800578159 -28.399954139409342 -0.14569643751013342 640.28109548142459 0.00016810773605842479 -4.3307938409900985e-05 -4.388583113457605e-05 0
226 1 1 69552000 -115749921.77759036 -72686288.951959386 -2872591.1960961111 13.793870392262621 -28.078242756907585 -0.13279781480749608 640.28069801155391 0.00017081590760206549 -4.4209716196984005e-05 -4.4043317810834939e-05 0
227 1 1 69638400 -114535813.52782348 -75098030.802391648 -2883508.6976166298 14.309053242035764 -27.747655892517269 -0.11992720648764432 640.28029434719519 0.00017357628794185316 -4.5019986866715399e-05 -4.4180786305481901e-05 0
228 1 1 69724800 -113277566.63885215 -77480835.2612039 -2893315.5644721356 14.815581409089305 -27.408436030244324 -0.10708947896197041 640.27988444015091 0.00017638535966121125 -4.5737134154803253e-05 -4.4298318019898476e-05 0
229 1 1 69811200 -111975933.11643076 -79833966.862477645 -2902014.8429857483 15.313357851698246 -27.060824242451172 -0.094289365239108774 640.27946825013692 0.00017923958089137253 -4.6359680968566442e-05 -4.4396003190359475e-05 0
230 1 1 69897600 -110631673.05977282 -82156710.901988134 -2909609.9826907986 15.802292230065902 -26.705060025031123 -0.081531466087251425 640.27904574440436 0.00018213539112833799 -4.6886287463220042e-05 -4.4473940695151589e-05 0
231 1 1 69984000 -109245554.09104638 -84448373.294290155 -2916104.824961198 16.282300708533736 -26.341381144025132 -0.068820251354912709 640.27861689737142 0.00018506921619236772 -4.7315751379906933e-05 -4.4532237766341521e-05 0
232 1 1 70070400 -107818350.8019678 -86708280.417033911 -2921503.5917623555 16.753305757644842 -25.970023493355175 -0.056160061437761713 640.27818169027239 0.000188037473807558 -4.7647004597168491e-05 -4.4571009675530902e-05 0
233 1 1 70156800 -106350844.21748732 -88935778.943457484 -2925810.8745346749 17.215235956516963 -25.591220963336806 -0.043555108879531894 640.27774011081431 0.00019103657846155926 -4.7879111711630052e-05 -4.4590379124406272e-05 0
234 1 1 70243200 -104843821.27652067 -91130235.663971484 -2929031.6232207678 17.668025795948932 -25.205205319625609 -0.031009480095484293 640.27729215285524 0.00019406294619246311 -4.8011268273280738e-05 -4.4590476243531283e-05 0
235 1 1 70329600 -103298074.32964648 -93291037.297723532 -2931171.1354464521 18.111615482652976 -24.812206092244974 -0.01852713720741966 640.27683781608971 0.00019711299862589876 -4.8042799178194357e-05 -4.4571439168962708e-05 0
236 1 1 70416000 -101714400.65365621 -95417590.294996843 -2932235.0458647464 18.54595074497529 -24.412450474337732 -0.0061119199794061555 640.27637710575175 0.00020018316806250788 -4.79731557979316e-05 -4.4533412018055709e-05 0
237 1 1 70502400 -100093601.98281333 -97509320.631268144 -2932229.3156710663 18.970982640438017 -24.006163230281235 0.0062324521559852727 640.2759100323309 0.00020326990178714594 -4.7801913094976791e-05 -4.4476545587434388e-05 0
238 1 1 70588800 -98436484.05665125 -99565673.59371829 -2931160.2222970687 19.386667365407504 -23.593566612803894 0.01850237799055671 640.27543661130028 0.00020636966577545693 -4.7528768531145471e-05 -4.4400997171752893e-05 0
239 1 1 70675200 -96743856.184114069 -101586113.56095766 -2929034.349289699 19.792966067166365 -23.174880288741189 0.030694372361842998 640.27495686285874 0.00020947894884245299 -4.7153538614180757e-05 -4.4306930605451652e-05 0
240 1 1 70761600 -95016530.823820651 -103570123.7766968 -2925858.5763812456 20.189844658641533 -22.750321273070313 0.042805063911884669 640.27447081168543 0.00021259426582714638 -4.6676156210219813e-05 -4.4194515204470548e-05 0
241 1 1 70848000 -93255323.180214316 -105517206.11806281 -2921640.0697554266 20.577273636014922 -22.32010387086525 0.054831192791861404 640.27397848670716 0.00021571216100037222 -4.6096668928648788e-05 -4.4063925509645222e-05 0
242 1 1 70934400 -91461050.815337956 -107426880.85922953 -2916386.2725138515 20.955227899420475 -21.884439626817741 0.066769608320419616 640.27347992087653 0.00021882921247569031 -4.5415235012072958e-05 -4.3915341981160264e-05 0
243 1 1 71020800 -89634533.275961533 -109298686.43100116 -2910104.8953465368 21.323686576908241 -21.443537281973899 0.078617266603299582 640.27297515095984 0.00022194203429002965 -4.4632120640075555e-05 -4.3748950025741176e-05 0
244 1 1 71107200 -87776591.735772312 -111132179.17695653 -2902803.9074094882 21.68263285183513 -20.997602737342284 0.090371228121443145 640.27246421733832 0.00022504727957499353 -4.3747698414059557e-05 -4.3564939886263414e-05 0
245 1 1 71193600 -85888048.652324751 -112926933.1067345 -2894491.5274118027 22.03205379382187 -20.546839024034913 0.10202865529419147 640.27194716381632 0.00022814164405793089 -4.276244326327186e-05 -4.3363506677375842e-05 0
246 1 1 71280000 -83969727.438437864 -114682539.64700909 -2885176.2149141436 22.371940193396643 -20.09144627960994 0.11358681002397313 640.27142403744176 0.00023122186786116614 -4.1676929174046311e-05 -4.3144849089661095e-05 0
247 1 1 71366400 -82022452.147716105 -116398607.39067736 -2874866.6618399527 22.702286400427955 -19.631621730292046 0.12504305122826315 640.27089488833326 0.00023428473866920528 -4.0491827507344253e-05 -4.2909170827456732e-05 0
248 1 1 71452800 -80047047.173862994 -118074761.84475349 -2863571.7842002455 23.023090166432539 -19.167559678755104 0.13639483236431374 640.27035976951936 0.0002373270931260746 -3.9207903376085105e-05 -4.2656679469223669e-05 0
249 1 1 71539200 -78044336.963448718 -119710645.17743632 -2851300.714032399 23.334352490828618 -18.69945149715932 0.14763969895193976 640.2698187367813 0.00024034581972179943 -3.7826012787398717e-05 -4.2387586221927981e-05 0
250 1 1 71625600 -76015145.741789982 -121305915.96479172 -2838062.7915528729 23.636077471189882 -18.227485625144546 0.15877528609904801 640.26927184850672 0.0002433378607350447 -3.6347099267340919e-05 -4.2102105882926692e-05 0
251 1 1 71712000 -73960297.251592562 -122860248.93746521 -2823867.5575234592 23.928272157542143 -17.751847572490217 0.16979931603436002 640.26871916555262 0.00024630021409655138 -3.4772191277586982e-05 -4.1800456869623289e-05 0
252 1 1 71798400 -71880614.504007831 -124373334.72781579 -2808724.7458301592 24.210946410728219 -17.272719926161397 0.18070959565318576 640.26816075117245 0.00024922994509210794 -3.3102399381111369e-05 -4.1482865109214273e-05 0
253 1 1 71884800 -69776919.541750506 -125844879.61783805 -2792644.2762728869 24.484112764849737 -16.790282361467806 0.19150401408586362 640.26759667118529 0.00025212496799099059 -3.1338970123741265e-05 -4.1149930288670407e-05 0
254 1 1 71971200 -67650033.213927567 -127274605.28821652 -2775636.2475648019 24.74778629396576 -16.30471165708806 0.20218054016422843 640.26702699124348 0.00025499656649721742 -2.9484510337057093e-05 -4.0808788414863322e-05 0
255 1 1 72057600 -65500774.961756818 -128662248.56888033 -2757710.9307463388 25.001984496572245 -15.81618171507654 0.2127372139451415 640.26645153718812 0.00025801371157477938 -2.7557778106495686e-05 -4.0536546515977933e-05 0
256 1 1 72144000 -63329962.614359848 -130007561.19141616 -2738878.7632649788 25.246727165122092 -15.324863582592018 0.22317214495879539 640.26586998104904 0.00026110673139430557 -2.5556436185111105e-05 -4.0323808187266832e-05 0
257 1 1 72230400 -61138412.197192997 -131310309.54332192 -2719150.3424441922 25.482036235571272 -14.830925473576052 0.23348352502027311 640.26528235396904 0.00026406456617148144 -2.3454788136652444e-05 -4.0050282768162609e-05 0
258 1 1 72316800 -58926937.752273999 -132570274.4243398 -2698536.4181481553 25.707935668054006 -14.334532796064231 0.24366962949359261 640.26468908913421 0.00026677662304061284 -2.1240610878287337e-05 -3.9655097187331559e-05 0
259 1 1 72403200 -56696351.167597502 -133787250.80542755 -2677047.8860407863 25.924451347474353 -13.83584818512392 0.25372880642487489 640.26409077453241 0.00026921878463868958 -1.89181028050628e-05 -3.913173093394285e-05 0
260 1 1 72489600 -54447462.014996834 -134961047.59068859 -2654695.7817462743 26.131610988662889 -13.335031538284404 0.2636594661066613 640.26348789878921 0.00027148801206352359 -1.6506673665922584e-05 -3.8538161087092825e-05 0
261 1 1 72576000 -52181077.396066025 -136091487.38242993 -2631491.2758925622 26.329444041869046 -12.832240052167855 0.27346007208740036 640.26288066126142 0.00027372076289590398 -1.4026328092458915e-05 -3.7963507337162694e-05 0
262 1 1 72662400 -49898001.796235003 -137178406.2493856 -2607445.6697230195 26.517981601567762 -12.327628259110039 0.28312913725354083 640.2622688055377 0.00027613195231985128 -1.1482899973070576e-05 -3.7481835944764151e-05 0
263 1 1 72748800 -47599036.947558314 -138221653.49811301 -2582570.3904867298 26.697256283152935 -11.821348064168065 0.29266523541014788 640.26165206716234 0.00027852257387197139 -8.8631503025056453e-06 -3.7002818084805108e-05 0
264 1 1 72835200 -45284981.702806987 -139221091.44771925 -2556876.9857423827 26.867302109828678 -11.313548786053868 0.30206700563996614 640.26103049731921 0.00028085364998139739 -6.1672195095575014e-06 -3.6512040259430906e-05 0
265 1 1 72921600 -42956631.916911803 -140176595.20830798 -2530377.118195564 27.028154438822884 -10.804377201233464 0.31133314280162022 640.26040417940897 0.00028311965452804529 -3.3969835638354346e-06 -3.6008432967676385e-05 0
266 1 1 73008000 -40614780.335365683 -141088052.4632377 -2503082.5610061018 27.179849876562734 -10.293977588324722 0.32046239486724026 640.25977319865206 0.00028531850354687174 -5.5440332398592711e-07 -3.5492223559030207e-05 0
267 1 1 73094400 -38260216.489901006 -141955363.25527152 -2475005.1932867756 27.32242619567446 -9.7824917737444892 0.32945356092400041 640.25913764096413 0.00028744823986232183 2.3585201996148049e-06 -3.4963664118461461e-05 0
268 1 1 73180800 -35893726.60119354 -142778439.77672189 -2446156.9957706039 27.455922255383577 -9.2700591785332573 0.3383054892456977 640.25849759314303 0.00028950697707491574 5.3397474427834469e-06 -3.4423005989744337e-05 0
269 1 1 73267200 -33516093.488295387 -143557206.16368616 -2416550.0466431002 27.580377925336453 -8.7568168662227759 0.34701707540229687 640.25785314281507 0.0002914928988770846 8.3872041732620929e-06 -3.3870501586760915e-05 0
270 1 1 73353600 -31128096.484505255 -144291598.29446009 -2386196.5175359854 27.695834012756404 -8.2428995916250063 0.35558726041292954 640.25720437837788 0.00029340425831866522 1.1498780912993481e-05 -3.3306404530068469e-05 0
271 1 1 73440000 -28730511.359390948 -144981563.59220144 -2355108.6696785926 27.802332192860753 -7.7284398504279226 0.36401502894299209 640.25655138894524 0.00029523937894082358 1.4672337658523938e-05 -3.2730968490241766e-05 0
272 1 1 73526400 -26324110.246685758 -145627060.83190927 -2323298.8502031174 27.899914942464822 -7.2135679294904556 0.37229940754531055 640.25589426429428 0.00029699665456107055 1.7905703630416853e-05 -3.2144449323841083e-05 0
273 1 1 73612800 -23909661.5777863 -146228059.95177621 -2290779.4885999393 27.988625476698449 -6.6984119577350203 0.38043946294560466 640.25523309481423 0.00029867454780476793 2.1196681231631027e-05 -3.1547101969127947e-05 0
274 1 1 73699200 -21487930.020586416 -146784541.86895952 -2257563.0933191506 28.068507688760612 -6.183097957542361 0.38843430037232907 640.25456797145978 0.00030027159111338899 2.4543048691789474e-05 -3.0939181613126539e-05 0
275 1 1 73785600 -19059676.42338758 -147296498.29981133 -2223662.248514493 28.139606092638065 -5.6677498965596929 0.396283061930431 640.25389898570461 0.00030178638648111422 2.7942560003379139e-05 -3.0320944964709327e-05 0
276 1 1 73872000 -16625657.763633136 -147763931.58460009 -2189089.6109258886 28.201965768714246 -5.1524897398383667 0.40398492501924077 640.25322622949466 0.00030321760403778213 3.1392948362151322e-05 -2.969264729507792e-05 0
277 1 1 73958400 -14186627.101219559 -148186854.51674744 -2153857.9068967788 28.255632312194798 -4.6374375022225625 0.41153910079403921 640.25254979520821 0.00030456398269059989 3.4891929731049041e-05 -2.9054546465478747e-05 0
278 1 1 74044800 -11743333.536144866 -148565290.17660099 -2117979.9295225069 28.300651784277829 -4.1227113009163681 0.41894483267107002 640.25186977561191 0.00030582433024455632 3.8437200399628693e-05 -2.8406899415366731e-05 0
279 1 1 74131200 -9296522.1702597775 -148899271.76975262 -2081468.5359259911 28.337070665996869 -3.6084274081609453 0.42620139487610315 640.25118626382243 0.00030699752082262563 4.2026441833344075e-05 -2.7749961340003789e-05 0
280 1 1 74217600 -6846934.0728940088 -149188842.46991146 -2044336.6446569397 28.364935814666083 -3.0947003039579322 0.43330809103553458 640.25049935327024 0.00030808249645737043 4.5657322617148857e-05 -2.7083990012993492e-05 0
281 1 1 74304000 -4395306.250135757 -149434055.26633182 -2006597.2332109795 28.384294422858758 -2.5816427287804173 0.44026425280987747 640.24980913766194 0.00030907826593276519 4.9327498490912716e-05 -2.6409242099739322e-05 0
282 1 1 74390400 -1942371.6175484518 -149634972.81579292 -1968263.3356650223 28.395193979850589 -2.0693657362164601 0.44706923856952074 640.24911571094356 0.00030998390406923696 5.303461608654946e-05 -2.5725973784063708e-05 0
283 1 1 74476800 511141.02388526383 -149791667.29912174 -1929348.0404252387 28.397682235461478 -1.5579787454943221 0.45372243211186025 640.24841916726814 0.00031079855156691377 5.6776312886620577e-05 -2.5034442311430532e-05 0
284 1 1 74563200 2964507.008796745 -149904220.28224802 -1889864.4880841132 28.391807166230617 -1.0475895938424491 0.46022324141947646 640.24771960096268 0.00031152141442925062 6.0550219554472572e-05 -2.4334904769312332e-05 0
285 1 1 74649600 5417005.8256405862 -149972722.58177426 -1849825.8693830168 28.377616943861181 -0.53830458864046238 0.46657109745910885 640.2470171064939 0.00031215176348079062 6.4353962517767839e-05 -2.3627616591373959e-05 0
286 1 1 74736000 7867921.1322732996 -149997274.13503987 -1809245.4232768156 28.355159905872863 -0.030228559321175963 0.47276545302067891 640.24631177844253 0.00031268893241137341 6.8185164319540164e-05 -2.2912833281084281e-05 0
287 1 1 74822400 10316540.769089572 -149977983.87465975 -1768136.4350970883 28.324484528401815 0.47653509101316754 0.47880578159560416 640.24560371147129 0.00031313231785305462 7.2041444052726728e-05 -2.2190811679566742e-05 0
288 1 1 74908800 12762156.769899122 -149914969.60750708 -1726512.2348105598 28.285639401089874 0.98188433429460287 0.48469157629425957 640.24489300029722 0.00031348138058273921 7.5920419845744466e-05 -2.1461806867774431e-05 0
289 1 1 74995200 15204065.37072213 -149808357.898114 -1684386.1953693985 28.238673204006073 1.4857184665446177 0.49042234880205798 640.2441797396641 0.0003137356421290435 7.9819713029229684e-05 -2.0726073254493093e-05 0
290 1 1 75081600 17641567.01667659 -149658283.95645735 -1641771.7311500686 28.183634686545631 1.9879380573089123 0.49599762837325773 640.24346402431593 0.00031389468586499479 8.3736944727569231e-05 -1.9983865646304775e-05 0
291 1 1 75168000 20073966.367125936 -149464891.53009662 -1598682.2964775076 28.1205726482534 2.4884448994978703 0.50141696086209908 640.24274594897054 0.00031395815546040175 8.7669739599504691e-05 -1.923543868800227e-05 0
292 1 1 75254400 22500572.299251221 -149228332.80062589 -1555131.384231406 28.049535921520555 2.9871419596570785 0.50667990779085714 640.24202560829565 0.00031392575455160821 9.1615727827337647e-05 -1.8481046080535043e-05 0
293 1 1 75340800 24920697.910207327 -148948768.28440481 -1511132.5245314431 27.970573356105355 3.4839333286893224 0.51178604545425876 640.24130309688417 0.0003137972462407339 9.5572544896275411e-05 -1.7720940296255426e-05 0
294 1 1 75427200 27333660.518018901 -148626366.73752519 -1466699.283498347 27.883733805430328 3.978724173047866 0.51673496405948649 640.24057850923214 0.00031357245090981402 9.9537833194359189e-05 -1.6955374685551821e-05 0
295 1 1 75513600 29738781.661367558 -148261305.0649749 -1421845.2620877509 27.789066114610605 4.4714206864191768 0.52152626690136006 640.23985193971532 0.00031325124807102798 0.0001035092438740814 -1.618460186433141e-05 0
296 1 1 75600000 32135387.098417662 -147853768.23395371 -1376584.0949937897 27.686619110169765 4.9619300419114323 0.5261595695723752 640.23912348256579 0.00031283357326937662 0.00010748443784335135 -1.5408873226291124e-05 0
297 1 1 75686400 34522806.804825336 -147403949.19129857 -1330929.4496194781 27.576441591401164 5.4501603447634182 0.53063449920691386 640.23839323185189 0.00031231941834470808 0.00011146108554732928 -1.4628439686312232e-05 0
298 1 1 75772800 36900374.971070364 -146912048.78497058 -1284895.0251109309 27.458582323335243 5.9360205855873938 0.53495069375904192 640.23766128145974 0.00031170883036894299 0.00011543686888327805 -1.3843552246141807e-05 0
299 1 1 75859200 39267429.999248713 -146378275.68955973 -1238494.5514525387 27.333090031274565 6.4194205941583098 0.53910780131356884 640.23692772507104 0.00031100191055702549 0.00011940948447952449 -1.3054460997374296e-05 0
300 1 1 75945600 41623314.499459267 -145802846.33575684 -1191741.7886202584 27.200013396860665 6.9002709937601532 0.54310547942990883 640.23619265614298 0.00031019881523566389 0.0001233766411044747 -1.2261415496000048e-05 0
301 1 1 76032000 43967375.285915501 -145185984.84374687 -1144650.5257901801 27.059401055638254 7.3784831560992759 0.54694339451831786 640.23545616788931 0.0003092997526304035 0.00012733606177131609 -1.1464663653589725e-05 0
302 1 1 76118400 46298963.3729105 -144527922.96047187 -1097234.580599614 26.911301596084293 7.8539691567943022 0.55062122124792712 640.23471835326484 0.00030830498452274579 0.00013128548583284569 -1.0664454044853358e-05 0
303 1 1 76204800 48617433.970759943 -143828900.00071475 -1049507.7984579648 26.755763560071344 8.3266417314507688 0.55413864198628293 640.23397930494195 0.0003072148237994767 0.00013522266955825032 -9.8610334204073303e-06 0
304 1 1 76291200 50922146.481846318 -143089162.79195294 -1001484.0519046786 26.592835444735957 8.7964142323281695 0.55749534626996278 640.23323911529644 0.00030602963236870133 0.00013914538753808547 -9.0546496288396304e-06 0
305 1 1 76377600 53212464.496884048 -142308965.62292975 -953177.24001160276 26.422565705725329 9.2632005856063202 0.56069103030584666 640.23249787639111 0.00030474982389519663 0.00014305143108125833 -8.245549597723419e-06 0
306 1 1 76464000 55487755.791523904 -141488570.19589201 -904601.28782711225 26.245002761796741 9.7269152492578534 0.5637253965030643 640.23175567995679 0.00030337586138881291 0.00014693861126979517 -7.4339780354201863e-06 0
307 1 1 76550400 57747392.323412314 -140628245.58244097 -855770.1458593749 26.060195000745601 10.187473171533252 0.56659815303488437 640.23101261737463 0.0003019082559066858 0.00015080476008912162 -6.6201803824536767e-06 0
308 1 1 76636800 59990750.229819521 -139728268.1829437 -806697.78959618555 25.868190786640227 10.644789750064136 0.56930901343036533 640.23026877966208 0.00030034756568913704 0.00015464772938385794 -5.804400259612853e-06 0
309 1 1 76723200 62217209.825948387 -138788921.68945032 -757398.21905879653 25.66903846834289 11.098780791590782 0.57185769619563853 640.22952425745711 0.00029869439579509061 0.00015846539403877456 -4.98688090864244e-06 0
310 1 1 76809600 64426155.604034394 -137810497.0520649 -707885.45838721178 25.462786389298159 11.549362472319496 0.57424392446432448 640.22877914100161 0.00029694939755664165 0.00016225565007438618 -4.167865476939878e-06 0
311 1 1 76896000 66616976.233345605 -136793292.44871283 -658173.55545442214 25.249482898571337 11.996451298915508 0.57646742567712783 640.22803352012716 0.00029511326743476883 0.00016601641721878359 -3.3475955519269001e-06 0
312 1 1 76982400 68789064.561189428 -135737613.2582511 -608276.58150707581 25.029176363120769 12.439964070137428 0.5785279312902063 640.2272874842397 0.00029318674548219829 0.00016974564025458197 -2.5263138433880158e-06 0
313 1 1 77068800 70941817.615033001 -134643772.0368661 -558208.63083010854 24.801915181290262 12.879817839118926 0.58042517651232617 640.22654112230373 0.00029117061704328029 0.00017344128772462354 -1.7042605824541768e-06 0
314 1 1 77155200 73074636.605840847 -133512088.49770075 -507983.82043283689 24.567747797508364 13.315929876303871 0.58215890007074833 640.22579452282821 0.0002890657094293251 0.00017710135355533918 -8.8167534504395116e-07 0
315 1 1 77241600 75186926.932735071 -132342889.49365692 -457616.28975405527 24.326722718182982 13.748217633041598 0.58372884400536784 640.2250477738512 0.00028687289202047964 0.00018072385850055351 -5.8797982490707484e-08 0
316 1 1 77328000 77278098.189079359 -131136509.00331393 -407120.20038369641 24.078888528781462 14.176598705849063 0.58513475349125732 640.22430096292749 0.00028459307554990192 0.00018430684891966055 7.641324133993652e-07 0
317 1 1 77414400 79347564.170090452 -129893288.11990529 -356509.73579859186 23.824293912087253 14.600990801347418 0.58637637668971188 640.22355417711401 0.00028222721141675603 0.00018784839956851964 1.5868783753212032e-06 0
318 1 1 77500800 81394742.882076621 -128613575.04329626 -305799.10110987845 23.562987667625748 15.021311701880895 0.58745346462756276 640.22280750295522 0.00027977629044547575 0.00019134661259685175 2.4092025762420835e-06 0
319 1 1 77587200 83419056.553405419 -127297725.07490171 -255002.52281961433 23.295018732252846 15.437479231826533 0.58836577110472932 640.22206102646999 0.00027724134189524444 0.00019479961878821872 3.2308681007338594e-06 0
320 1 1 77673600 85419931.647300065 -125946100.61548464 -204134.24858415333 23.020436201901646 15.849411224604186 0.58911305263021152 640.22131483313728 0.00027462343370617459 0.00019820557855606232 4.0516390891775484e-06 0
321 1 1 77760000 87396798.876564875 -124559071.1657746 -153208.54698182232 22.739289354483176 16.257025490396767 0.58969506838652908 640.22056900788562 0.0002719236711481963 0.00020156268168965459 4.871280250495862e-06 0
322 1 1 77846400 89349093.220338866 -123137013.32984379 -102239.7072824397 22.451627673938255 16.660239784591688 0.59011158022266086 640.21982363507573 0.00026914319522259607 0.00020486914906751996 5.6895570254853744e-06 0
323 1 1 77932800 91276253.94297716 -121680310.82117869 -51242.03921620574 22.157500875439336 17.058971776955349 0.59036235267568038 640.21907879848766 0.00026628318421559501 0.00020812323191769165 6.5062358649850884e-06 0
324 1 1 78019200 93177724.615159437 -120189354.47138226 -229.87273948200811 21.85695893174119 17.453139021553401 0.59044715302112705 640.21833458130914 0.00026334485045317321 0.00021132321305839549 7.3210830260357788e-06 0
325 1 1 78105600 95052953.137324885 -118664542.24144273 50782.442205029292 21.55005210068088 17.842658927430872 0.59036575135234981 640.21759106612205 0.00026032943947785987 0.00021446740755786761 8.1338654970264849e-06 0
326 1 1 78192000 96901391.765532628 -117106279.23550221 101780.53593622718 21.236830953828541 18.227448730067085 0.59011792068919067 640.21684833488882 0.00025723823136702224 0.00021755416278172859 8.9443516923756218e-06 0
327 1 1 78278400 98722497.139847353 -115514977.71705753 152750.01929321629 20.917346406290953 18.607425463621489 0.58970343711611717 640.21610646893862 0.00025407253878347659 0.00022058185867607799 9.7523107121348634e-06 0
328 1 1 78364800 100515730.31535031 -113891057.12752394 203676.48390712365 20.591649747670655 18.982505933988257 0.58912207995001942 640.21536554895488 0.00025083370532419429 0.00022354890926895221 1.0557512155262047e-05 0
329 1 1 78451200 102280556.7958746 -112234944.10709204 254545.50248870885 20.259792674184567 19.352606692678211 0.58837363193801639 640.21462565496449 0.00024752310625272844 0.0002264537623649639 1.1359725916833769e-05 0
330 1 1 78537600 104016446.57056613 -110547072.51780391 305342.6291343738 19.921827321946314 19.717644011548511 0.58745787948567363 640.21388686631929 0.00024414214666514914 0.00022929489993890812 1.2158722824554849e-05 0
331 1 1 78624000 105722874.15337071 -108827883.46877597 356053.39965321723 19.577806301417379 20.077533858401846 0.58637461291596105 640.21314926168793 0.00024069226005554693 0.00023207083933786971 1.2954274060219676e-05 0
332 1 1 78710400 107399318.62554803 -107077825.34349099 406663.33191780583 19.227782733032591 20.432191873478573 0.58512362675938578 640.21241291904039 0.00023717490982526178 0.00023478013314483568 1.3746152207843472e-05 0
333 1 1 78796800 109045263.68131505 -105297353.82908247 457157.92624137294 18.871810284006166 20.781533346866638 0.58370472007564422 640.2116779156346 0.00023359158652467942 0.00023742136996217868 1.4534129654020313e-05 0
334 1 1 78883200 110660197.67672022 -103486931.94752941 507522.66578418331 18.509943206324557 21.125473196856067 0.58211769680720216 640.21094432800237 0.0002299438071552905 0.0002399931740861656 1.5317979211205328e-05 0
335 1 1 78969600 112243613.68185224 -101647030.08868025 557743.0169918536 18.142236375933113 21.463925949266422 0.58036236616559467 640.21021223194055 0.00022623311440944158 0.00024249420620264282 1.6097476200750648e-05 0
336 1 1 79056000 113795009.53648619 -99778126.045018807 607804.43006847403 17.768745333123842 21.796805717777637 0.5784385430506287 640.20948170249244 0.00022246107765976279 0.00024492316421425138 1.6872395055747617e-05 0
337 1 1 79142400 115313887.90927126 -97880705.048086271 657692.33948738256 17.389526324131207 22.124026185296472 0.57634604850297932 640.20875281393637 0.00021862928996173694 0.00024727878389067885 1.7642510753878612e-05 0
338 1 1 79228800 116799756.36056469 -95955259.806466207 707392.16454251809 17.004636343943588 22.445500586392818 0.57408471019103613 640.20802563977077 0.00021473936686175073 0.00024955983878185512 1.8407599061488954e-05 0
339 1 1 79315200 118252127.40901783 -94002290.545240015 756889.30994333711 16.614133180337827 22.761141690842024 0.57165436293247773 640.2073002527012 0.00021079294847206086 0.00025176513994448052 1.9167436578068091e-05 0
340 1 1 79401600 119670518.60201946 -92022305.046815172 806169.16645631182 16.21807545914422 23.070861788311827 0.56905484925116456 640.20657672462698 0.00020679169544810262 0.00025389353704659983 1.9921800626954807e-05 0
341 1 1 79488000 121054452.59010366 -90015818.693025276 855217.11159609631 15.816522690748874 23.374572674234582 0.56628601997003958 640.20585512662637 0.000202737289599852 0.00025594391891515188 2.0670469788463268e-05 0
342 1 1 79574400 122403457.20542899 -87983354.508398786 904018.51036949723 15.409535317840557 23.672185636907635 0.56334773484064271 640.2051355289417 0.00019863143280449027 0.00025791521322896281 2.1413222859397542e-05 0
343 1 1 79660800 123717065.54443726 -85925443.204486504 952558.71607543586 14.997174764408308 23.963611445867201 0.56023986320986696 640.20441800096773 0.00019447584658664147 0.00025980638683286024 2.2149838714013392e-05 0
344 1 1 79747200 124994816.05479971 -83842623.225137696 1000823.0711641612 14.579503485995815 24.248760341583402 0.55696228472480436 640.20370261123492 0.00019027227025816701 0.00026161644707758903 2.2880096849166414e-05 0
345 1 1 79833600 126236252.62675978 -81735440.792607293 1048796.9081590308 14.15658502121769 24.527542026526753 0.55351489007648269 640.20298942739521 0.00018602246043062691 0.0002633444406691419 2.3603778148505641e-05 0
346 1 1 79920000 127440924.68898137 -79604449.954373971 1096465.5506442618 13.728484044542299 24.79986565765881 0.54989758178315695 640.20227851620768 0.00018172819082788757 0.00026498945442578751 2.4320664180261311e-05 0
347 1 1 80006400 128608387.30901277 -77450212.630543426 1143814.3143220833 13.295266420344644 25.065639840402483 0.54611027501385023 640.20156994352385 0.00017739125098916719 0.00026655061700202456 2.5030536876454263e-05 0
348 1 1 80092800 129738201.29847537 -75273298.661706716 1190828.5081428199 12.856999258231733 25.324772624149954 0.54215289845303405 640.20086377426924 0.00017301344516665169 0.00026802709704329083 2.5733179055601101e-05 0
349 1 1 80179200 130829933.32308748 -73074285.857117981 1237493.4355114878 12.413750969641717 25.577171499369133 0.5380253952072126 640.20016007242941 0.00016859659161180563 0.00026941810405076524 2.6428373573869547e-05 0
350 1 1 80265600 131883156.01763381 -70853760.043050915 1283794.3955745569 11.965591325716611 25.822743396372271 0.53372772375429478 640.199458901036 0.00016414251996835138 0.00027072288967552193 2.711590460948252e-05 0
351 1 1 80352000 132897448.10598944 -68612315.111187458 1329716.6845906242 11.512591516447195 26.061394685813347 0.52925985893659788 640.19876032214984 0.00015965307363979684 0.00027194074612099314 2.7795556946925506e-05 0
352 1 1 80438400 133872394.5263093 -66350553.066886149 1375245.5973887856 11.054824211086522 26.293031180983391 0.52462179299821143 640.19806439684385 0.00015513010595794136 0.00027307100697762735 2.8467115866855387e-05 0
353 1 1 80524800 134807586.5614917 -64069084.077172391 1420366.4289185966 10.59236361982666 26.517558141976579 0.51981353666765751 640.19737118518913 0.00015057548037900905 0.00027411304876622092 2.9130367551822881e-05 0
354 1 1 80611200 135702621.97502524 -61768526.518284574 1465064.4758955557 10.125285556731434 26.73488028180228 0.51483512028681411 640.19668074623326 0.00014599107027875086 0.00027506628954632596 2.978510014674915e-05 0
355 1 1 80697600 136557105.15232682 -59449507.022605799 1509325.038546154 9.653667503915333 26.944901774521384 0.50968659498661772 640.19599313798631 0.00014137875688779853 0.00027593018943052332 3.04311002607805e-05 0
356 1 1 80784000 137370647.24767846 -57112660.524801865 1553133.4224565525 9.1775886769561978 27.147526265488768 0.50436803391061125 640.19530841740357 0.00013674042898043372 0.00027670425064219267 3.1068156505447478e-05 0
357 1 1 80870400 138142866.33686793 -54758630.306980506 1596474.9405290906 8.6971300915266774 27.34265688378634 0.49887953348735142 640.19462664036507 0.00013207798050349985 0.00027738801848391144 3.1696058155067543e-05 0
358 1 1 80956800 138873387.5756388 -52388068.04267852 1639334.9150508507 8.212374631226421 27.530196256934534 0.49322121475220143 640.19394786166004 0.00012739331132930837 0.0002779810791605928 3.231459501674182e-05 0
359 1 1 81043200 139561843.36405247 -50001633.839476317 1681698.6798786013 7.7234071165936893 27.710046527973184 0.48739322471949531 640.19327213496808 0.00012268832428964082 0.00027848306312371941 3.2923557876370875e-05 0
360 1 1 81129600 140207873.51686239 -47599996.280030668 1723551.5827444936 7.230314375271484 27.882109375005822 0.48139573780589817 640.19259951283937 0.00011796492623245246 0.00027889364237379549 3.3522738770098592e-05 0
361 1 1 81216000 140811125.44 -45183832.461309195 1764878.9876869807 6.7331853132997743 28.046286033304455 0.47522895730564924 640.19193004667568 0.00011322502651788904 0.00027921253055855454 3.4111930244228211e-05 0
362 1 1 81302400 141371254.31326732 -42753828.031800449 1805666.2776114652 6.2321109875007501 28.202477320075293 0.46889311691849878 640.19126378671263 0.00010847053460836208 0.00027943948421873106 3.4690926233741935e-05 0
363 1 1 81388800 141887923.27932942 -40310677.226466 1845898.8569852558 5.7271846789203087 28.350583661988907 0.46238848233097796 640.1906007819972 0.00010370336096604746 0.00027957430337553443 3.5259520412766431e-05 0
364 1 1 81475200 142360803.63909757 -37855082.899190366 1885562.1546714846 5.2185019672839674 28.490505125580817 0.45571535285176323 640.18994108036634 9.892541475356929e-05 0.00027961683043799349 3.58175081254475e-05 0
365 1 1 81561600 142789575.05358601 -35387756.552476555 1924641.6269066762 4.7061608064202769 28.622141450632142 0.4488740631019098 640.18928472842697 9.413860241073852e-05 0.00027956694884030236 3.6364686319955816e-05 0
366 1 1 81648000 143173925.75232586 -32909418.364124585 1963122.7604267499 4.1902616005999045 28.745392086642248 0.44186498476021852 640.18863177153469 8.9344827864691219e-05 0.00027942458478883103 3.6900851656316971e-05 0
367 1 1 81734400 143513552.74841276 -30420797.210621241 2000991.0757462035 3.670907281732426 28.860156232508732 0.43468852836445704 640.18798225377304 8.4545989068021425e-05 0.00027918970523475059 3.742580277764584e-05 0
368 1 1 81820800 143808162.06025779 -27922630.686958633 2038232.1305953793 3.1482033873572193 28.966332879532345 0.42734514516903505 640.1873362179316 7.9743979879283561e-05 0.00027886232033008066 3.7939340017651767e-05 0
369 1 1 81907200 144057468.94011065 -25415665.122589175 2074831.5235206643 2.6222581393584701 29.063820857867039 0.41983532905914683 640.18669370547923 7.4940688623258836e-05 0.00027844248173656346 3.8441263217553995e-05 0
370 1 1 81993600 144261198.10940993 -22900655.593213968 2110774.8976525315 2.0931825233269312 29.152518886537674 0.41215961852188582 640.1860547565426 7.0137994686773956e-05 0.00027793028150590286 3.893137383356674e-05 0
371 1 1 82080000 144419084.00101691 -20378365.928091187 2146047.9446463608 1.5610903684845725 29.23232562715015 0.40431859867474784 640.18541940988302 6.5337769301272182e-05 0.00027732585327611814 3.9409475182676053e-05 0
372 1 1 82166400 144530871.00837535 -17849568.712539718 2180636.4088009922 1.026098428080654 29.303139741421095 0.39631290335127839 640.18478770286924 6.0541874110260521e-05 0.0002766293718054538 3.9875370416850079e-05 0
373 1 1 82252800 144596313.7416344 -15315045.285302665 2214526.0913599613 0.48832646015945369 29.364859952655099 0.38814321724415773 640.18415967145336 5.5752159408093561e-05 0.00027584105026212631 4.0328866103689789e-05 0
374 1 1 82339200 144615177.29076165 -12775585.730424024 2247702.8550003772 -0.052102691408134671 29.417385111299971 0.37981027810558027 640.18353535014637 5.0970464203663445e-05 0.00027496114336432567 4.076976966398048e-05 0
375 1 1 82425600 144587237.49566501 -10231988.863280425 2280152.628514356 -0.59506301574588427 29.460614264711324 0.37131487900416188 640.18291477198875 4.6198614033412712e-05 0.00027398994538448812 4.1197886921106875e-05 0
376 1 1 82512000 144512281.22333041 -7685062.2103986889 2311861.4116879008 -1.1404252537723998 29.494446731258098 0.36265787063872579 640.18229796852484 4.1438419697160426e-05 0.00027292778795692964 4.1613028462108216e-05 0
377 1 1 82598400 144390106.6519703 -5135621.9826783519 2342815.2803821377 -1.6880568171154944 29.518782178902043 0.35384016370831789 640.18168496977455 3.6691677712969956e-05 0.00027177504267187144 4.2015005909237919e-05 0
378 1 1 82684800 144220523.56216925 -2584493.041626805 2373000.3918217029 -2.2378217072864754 29.533520708383907 0.34486273133718448 640.18107580420406 3.1960167721436686e-05 0.00027053211762009528 4.2403631544895807e-05 0
379 1 1 82771200 144003353.63499469 -32508.85820346087 2402402.99009501 -2.7895804352705293 29.538562941148413 0.33572661155425421 640.18047049869563 2.7245651999339739e-05 0.0002691994602377557 4.2778719511647402e-05 0
380 1 1 82857600 143738430.75703183 2519488.5361423213 2431009.4118710384 -3.3431899417000648 29.53381011213996 0.32643290982601775 640.17986907851707 2.2549874631008464e-05 0.00026777755291854355 4.3140085447844496e-05 0
381 1 1 82944000 143425601.33228403 5070648.6066659316 2458806.0923372582 -3.8985035177895471 29.519164167598788 0.31698280164148479 640.17927156729161 1.7874559100448785e-05 0.00026626691387399354 4.3487547304815833e-05 0
382 1 1 83030400 143064724.60086489 7620112.3811924541 2485779.5713630584 -4.4553707272219523 29.494527867986459 0.30737753514772265 640.17867798696579 1.322140810953844e-05 0.00026466809707874654 4.3820924975843109e-05 0
383 1 1 83116800 142655672.96439001 10167012.525100507 2511916.4998930264 -5.0136373291888034 29.459804896166059 0.29761843383410586 640.1780883577743 8.5921050901012974e-06 0.00026298169045123581 4.4140039576267198e-05 0
384 1 1 83203200 142198332.31796154 12710473.425884273 2537203.6465741727 -5.5731452027991351 29.414899970959937 0.28770689926329973 640.17750269820817 3.9883095789738772e-06 0.00026120831603335755 4.4444713446166853e-05 0
385 1 1 83289600 141692602.38861659 15249611.287763501 2561627.90462106 -6.1337322730854922 29.359718966203431 0.27764441384701366 640.17692102497779 -5.8834515930884109e-07 0.00025934862750020166 4.4734773003771828e-05 0
386 1 1 83376000 141138397.08009005 17783534.23682132 2585176.298922589 -6.6952324388475217 29.29416903540865 0.26743254366368518 640.17634335297896 -5.1362472038003863e-06 0.00025740331114407092 4.5010045278940961e-05 0
387 1 1 83462400 140535644.82372427 20311342.437159318 2607835.9933939539 -7.2574755025882434 29.218158742146951 0.25707294131523251 640.17576969525362 -9.6538121408338152e-06 0.00025537308366115031 4.5270360460260136e-05 0
388 1 1 83548800 139884288.93533185 22832128.218568303 2629594.2985769864 -7.8202871028123093 29.131598196251584 0.2465673488199239 640.17520006295251 -1.4139481722154077e-05 0.0002532586901931365 4.5515550903667696e-05 0
389 1 1 83635200 139184287.97779554 25344976.216221936 2650438.6794918869 -8.3834886489687985 29.034399195935833 0.23591760053760777 640.17463446529905 -1.8591724452567196e-05 0.00025106090542733001 4.5745450691170619e-05 0
390 1 1 83721600 138435616.12916422 27848963.522908084 2670356.7637429535 -8.9468972593365859 28.926475375912833 0.2251256261236827 640.17407290954293 -2.3009037654156265e-05 0.00024878053226391923 4.5959897215211636e-05 0
391 1 1 83808000 137638263.55597764 30343159.854319658 2689336.3498806166 -9.5103257021646979 28.807742361593601 0.21419345350750515 640.17351540092125 -2.7389948937795256e-05 0.00024641839842858221 4.615872980640767e-05 0
392 1 1 83894400 136792236.79152361 32826627.727933373 2707365.4160217186 -10.073582340394509 28.678117929430027 0.20312321189066473 640.17296194261644 -3.1733013565295726e-05 0.00024397535725017899 4.6341791558575138e-05 0
393 1 1 83980800 135897559.11870489 35298422.656009465 2724432.1287295129 -10.636471080306116 28.5375221734575 0.1919171347601083 640.1724125357116 -3.6036818253890973e-05 0.00024145228519622573 4.6508927609949169e-05 0
394 1 1 84067200 134954270.95716 37757593.353250042 2740524.8521544388 -11.198791324446551 28.385877678078664 0.18057756291059149 640.17186717914353 -4.0299982985760675e-05 0.00023885008151850904 4.6659985800424135e-05 0
395 1 1 84153600 133962430.25425366 40203181.959656835 2755632.1574362405 -11.760337929211174 28.223109697116016 0.16910694747082669 640.17132586965954 -4.4521156875394588e-05 0.00023616966599124869 4.6794817601796764e-05 0
396 1 1 84240000 132922112.87951627 42634224.279130101 2769742.8323674835 -12.320901167465689 28.049146339144929 0.1575078529269843 640.17078860176446 -4.8699023740094183e-05 0.00023341197794394486 4.6913278194503576e-05 0
397 1 1 84326400 131833413.02208135 45049750.034351699 2782845.8913179263 -12.880266696610475 27.863918759102173 0.14578296013655967 640.17025536767574 -5.2832299670614168e-05 0.00023057797487655813 4.7015224709153563e-05 0
398 1 1 84412800 130696443.59063195 47448783.138493381 2794930.5854186374 -13.43821553250295 27.667361356145943 0.13393506932554564 640.16972615726866 -5.6919734556680735e-05 0.00022766863037205134 4.7100518551507363e-05 0
399 1 1 84499200 129511336.61533192 49830341.984288812 2805986.4130040552 -13.994524029668286 27.459411977723889 0.1219671030613373 640.169200958028 -6.0960112436952177e-05 0.00022468493273151771 4.7169025618408187e-05 0
400 1 1 84585600 128278243.65117882 52193439.751002871 2816003.1303095757 -14.548963868241648 27.240012129783764 0.10988210919282149 640.16867975499008 -6.4952250917765485e-05 0.0002216278841218518 4.7220614879357911e-05 0
401 1 1 84672000 126997336.18217856 54537084.729825459 2824970.7624214115 -15.101302048098614 27.009107193038265 0.097683263748931812 640.16816253069067 -6.8895002424768716e-05 0.00021849849727742545 4.7255158921736259e-05 0
402 1 1 84758400 125668806.02569926 56860280.668208241 2832879.614474786 -15.651300890642318 26.766646645170475 0.085373873786527027 640.16764926510814 -7.2787254740909769e-05 0.00021529779566330904 4.7272534289082097e-05 0
403 1 1 84844800 124292865.736323 59162027.133651569 2839720.283095628 -16.198718048727038 26.512584288840518 0.072957380177765194 640.16713993560268 -7.6627929617086702e-05 0.00021202681075611882 4.7272621981390956e-05 0
404 1 1 84931200 122869749.00847091 61441319.897435777 2845483.668080112 -16.743306525208414 26.24687848532491 0.060437360326641362 640.16663451686031 -8.0415983886364615e-05 0.00020868657996704821 4.7255307922286452e-05 0
405 1 1 85017600 121399711.07703502 63697151.338775307 2850160.9843054712 -17.284814700619691 25.969492393590887 0.047817530803741445 640.16613298082927 -8.4150408866667193e-05 0.00020527814557297857 4.7220482641111625e-05 0
406 1 1 85104000 119883029.11520639 65928510.869855583 2853743.7738644835 -17.822986370481079 25.680394214576115 0.035101749887679494 640.16563529666053 -8.7830231047304191e-05 0.00020180255270832266 4.7168040523939259e-05 0
407 1 1 85190400 118320002.62864494 68134385.382190958 2856223.9184151026 -18.357560792755688 25.379557440410927 0.02229402000144393 640.16514143064137 -9.1454510305543911e-05 0.00019826084794098995 4.7097881795073686e-05 0
408 1 1 85276800 116710953.84509218 70313759.71471867 2857593.6517355908 -18.888272745970255 25.066961108284875 0.0093984900311102765 640.16465134613259 -9.5022341534829998e-05 0.00019465407632370763 4.700991127626839e-05 0
409 1 1 85363200 115056228.09848315 72465617.144015253 2857845.5724744406 -19.414852598521509 24.742590058623289 -0.0035805424862120471 640.16416500350169 -9.8532851257365986e-05 0.00019098328044974327 4.6904039053157189e-05 0
410 1 1 85449600 113356194.2065677 74588939.896992654 2856972.657083204 -19.937026389690388 24.406435197200953 -0.016638629318546084 640.16368236005678 -0.00010198519989684279 0.00018724949856101643 4.6780181348883409e-05 0
411 1 1 85536000 111611244.84100816 76682709.686396152 2854968.2729191771 -20.454515922884497 24.058493760779974 -0.029771169653483736 640.16320336998058 -0.00010537857964250242 0.00018345376199207722 4.663825963342016e-05 0
412 1 1 85622400 109821796.88887373 78745908.269389495 2851826.1915036393 -20.967038871625416 23.698769585818351 -0.042973408385376145 640.16272798425894 -0.00010871221335410782 0.00017959709501760789 4.6478201529234304e-05 0
413 1 1 85708800 107988291.80440849 80777518.029471397 2847540.6019200832 -21.474308898791278 23.327273379752057 -0.056240434590201956 640.1622561506141 -0.00011198535454141782 0.00017568051098956487 4.6299940139871401e-05 0
414 1 1 85795200 106111195.94990641 82776522.581922427 2842106.1243355502 -21.976035789615999 22.94402299431065 -0.069567180203449264 640.16178781343592 -0.00011519728602249284 0.00017170501175044786 4.6103415274749554e-05 0
415 1 1 85881600 104191000.92448287 84741907.402934015 2835517.823626874 -22.471925598933684 22.549043700280638 -0.082948418916652222 640.16132291371059 -0.00011834731879453096 0.00016767158567681536 4.5888573792831464e-05 0
416 1 1 85968000 102228223.87949233 86672660.482516125 2827771.2230922268 -22.961680813141847 22.142368463085376 -0.096378765308860206 640.16086138895253 -0.00012143478949933424 0.00016358120618927365 4.565536837646755e-05 0
417 1 1 86054400 100223407.81929983 88567773.001226619 2818862.3182269796 -23.44500052733807 21.724038218503306 -0.10985267422925923 640.16040317313707 -0.00012445906002525278 0.00015943483025855079 4.5403759540824677e-05 0
418 1 1 86140800 98177121.886076242 90426240.030702457 2808787.5905414596 -23.921580638062181 21.294102147799062 -0.12336444044746739 640.15994819663047 -0.00012741951652715322 0.00015523339578847752 4.5133715266997401e-05 0
419 1 1 86227200 96089961.627252683 92247061.257909432 2797544.0213967315 -24.391114052049929 20.852617951494583 -0.13690819858854564 640.15949638612676 -0.00013031556695472784 0.00015097782070715713 4.4845209841077581e-05 0
420 1 1 86313600 93962549.244232535 94029241.732957467 2785129.1058331141 -24.853290911373499 20.399652120959811 -0.15047792336941834 640.15904766457902 -0.00013314663926508637 0.00014666900261245568 4.4538225798423978e-05 0
421 1 1 86400000 91795533.820931137 95771792.640255809 2771540.8663646351 -25.307798835310017 19.93528020695468 -0.16406743015353381 640.15860195113828 -0.00013591217916422672 0.00014230781557656295 4.4212753981868744e-05 0
422 1 1 86486400 89589591.530684888 97473732.092706442 2756777.8667111951 -25.754323179240679 19.45958708420757 -0.17767037584086803 640.15815916109455 -0.0001386116489068953 0.00013789510984131919 4.3868792884487735e-05 0
423 1 1 86572800 87345425.820045203 99134085.94855091 2740839.2254387466 -26.192547310839814 18.972667211069446 -0.19128026010998703 640.1577192058179 -0.00014124452404054084 0.00013343171125175797 4.3506349272369551e-05 0
424 1 1 86659200 85063767.567956164 100751888.6504024 2723724.6294763661 -26.622152903765322 18.474624883237638 -0.20489042702861554 640.15728199270723 -0.00014381029189670325 0.00012891841881183279 4.3125438875215769e-05 0
425 1 1 86745600 82745375.218794316 102326184.08590619 2705434.3474776531 -27.042820249010116 17.965574480500443 -0.21849406704896412 640.15684742513952 -0.00014630844961764953 0.00012435600442249836 4.2726086810070529e-05 0
426 1 1 86832000 80391034.887741655 103856026.46937788 2685969.2429925497 -27.454228584016885 17.445640705412245 -0.2320842194037783 640.156415402427 -0.00014873850045681448 0.00011974521186686544 4.2308326533496188e-05 0
427 1 1 86918400 78001560.436953425 105340481.24367407 2665330.7874142663 -27.856056439596692 16.914958812770497 -0.24565377491836196 640.15598581977758 -0.0001510999518747001 0.00011508675791621704 4.1872200842273187e-05 0
428 1 1 87004800 75577793.520984009 106778626.00145108 2643521.0726647642 -28.247982004626181 16.373674828729452 -0.25919547925305225 640.15555856826313 -0.00015339231218710299 0.00011038133037403917 4.1417762961981496e-05 0
429 1 1 87091200 73120603.599938139 108169551.42486373 2620542.823580971 -28.629683508426371 15.821945758353243 -0.27270193659023717 640.155133534794 -0.00015561508867145921 0.00010562958708478023 4.0945075162657323e-05 0
430 1 1 87177600 70630887.918826565 109512362.24265377 2596399.4099627803 -29.000839620651114 15.259939780382295 -0.28616561377892225 640.15471060210348 -0.00015776778454395203 0.00010083215717614901 4.0454209789598463e-05 0
431 1 1 87264000 68109571.451623619 110806178.20346874 2571094.8582427441 -29.361129868432776 14.687836427962905 -0.29957884494864218 640.15428964873536 -0.00015984989593702641 9.5989639990127481e-05 3.9945250148639783e-05 0
432 1 1 87350400 65557606.808550037 112050135.0641434 2544633.8627364631 -29.710235070448796 14.105826754069835 -0.31293383660370733 640.15387054904761 -0.00016186090815892786 9.1102607170066716e-05 3.9418289703097714e-05 0
433 1 1 87436800 62975974.105136044 113243385.59156686 2517021.7964317291 -30.047837787484237 13.51411348033794 -0.32622267320732939 640.15345317321999 -0.00016380029359481943 8.6171601758764074e-05 3.8873432881376109e-05 0
434 1 1 87523200 60365680.791661724 114385100.57664502 2488264.7212737445 -30.373622788973812 12.912911128010085 -0.3394373232636701 640.15303738727766 -0.00016566750776708195 8.1197138558509503e-05 3.8310795192899189e-05 0
435 1 1 87609600 57727761.441619352 115474469.85875787 2458369.3979030936 -30.687277534911082 12.302446129707176 -0.35256964590442447 640.15262305312262 -0.0001674619867005905 7.6179706435566176e-05 3.7730503376601144e-05 0
436 1 1 87696000 55063277.497900143 116510703.35899904 2427343.2948026601 -30.988492672414697 11.682956920730422 -0.36561139798479314 640.15221002857641 -0.00016918314473796133 7.1119768658366227e-05 3.7132695452978147e-05 0
437 1 1 87782400 52373316.975473553 117493032.12037301 2395194.5968093299 -31.276962546139917 11.054694008618231 -0.37855424169186147 640.15179816743796 -0.00017083037012989973 6.6017764022102422e-05 3.6517520846610852e-05 0
438 1 1 87868800 49658994.119401209 118420709.35301788 2361932.2129461509 -31.552385721621274 10.417920019699899 -0.39138975266637449 640.15138731955369 -0.0001724030222510004 6.087410864948466e-05 3.5885141159613451e-05 0
439 1 1 87955200 46921449.017111734 119293011.48241195 2327565.7835306223 -31.81446552052785 9.7729097214164486 -0.40410942863681565 640.15097733089851 -0.00017390042971706656 5.5689199035447949e-05 3.5235730528183895e-05 0
440 1 1 88041600 44161847.16395507 120109239.19841872 2292105.6865149797 -32.062910566706989 9.1199500192151284 -0.41670469856266129 640.15056804367157 -0.00017532188577138399 5.0463413114594096e-05 3.4569474514615284e-05 0
441 1 1 88128000 41381378.981156372 120868718.50292398 2255563.0430146926 -32.297435341787313 8.4593399268694558 -0.42916693228109581 640.15015929640776 -0.00017666664624120434 4.519711268883873e-05 3.3886571424826179e-05 0
442 1 1 88214400 38581259.28540054 121570801.75372072 2217949.721982026 -32.517760749007088 7.7913905091312383 -0.44148745064904754 640.14975092410214 -0.00017793392647654795 3.9890645651968765e-05 3.3187231899594802e-05 0
443 1 1 88300800 35762726.709397882 122214868.70220669 2179278.3439823142 -32.723614683830604 7.1164247956849023 -0.45365753616996435 640.14934275834673 -0.0001791228995715095 3.4544350040223383e-05 3.2471679709093312e-05 0
444 1 1 88387200 32927043.072910607 122800327.52237302 2139562.2840315802 -32.914732609813996 6.4347776654474877 -0.46566844409203889 640.14893462748046 -0.00018023269317282316 2.9158556313850215e-05 3.1740151412337716e-05 0
445 1 1 88473600 30075492.703855932 123326615.82848367 2098815.6734554982 -33.09085813808349 5.7467957003405461 -0.47751141396206687 640.14852635675481 -0.00018126238565812695 2.3733590569665231e-05 3.0992895325534073e-05 0
446 1 1 88560000 27209381.709248438 123793201.67877337 2057053.4007310618 -33.251743608696046 5.052837007752764 -0.48917768161596614 640.14811776851093 -0.00018221100721215583 1.8269779332326619e-05 3.0230174006411653e-05 0
447 1 1 88646400 24330037.195896722 124199584.5624291 2014291.1112741909 -33.397150672062054 4.3532710110137618 -0.50065849158439368 640.1477086823669 -0.00018307753543320626 1.2767452053405832e-05 2.9452263351203927e-05 0
448 1 1 88732800 21438806.440930605 124545296.36706536 1970545.2061384129 -33.526850868526928 3.6484782073107511 -0.5119451098893939 640.14729891541822 -0.00018386089425820396 7.226946099380072e-06 2.865945131559615e-05 0
449 1 1 88819200 18537056.012403116 124829902.32386076 1925832.839591993 -33.640626204131685 2.9388498925999298 -0.52302883720469129 640.14688828244766 -0.00018455995297369862 1.6486103050564977e-06 2.7852039147783817e-05 0
450 1 1 88905600 15626170.84038529 125053001.927489 1880171.9155433853 -33.738269720504405 2.2247878531931859 -0.53390102234947223 640.14647659614513 -0.00018517352359540237 -3.9671906214043952e-06 2.703034186230529e-05 0
451 1 1 88992000 12707553.239151649 125214229.82795614 1833581.0827875833 -33.819586056773765 1.5067040238378975 -0.54455307608296888 640.14606366733676 -0.00018570036022992972 -9.6200690625305148e-06 2.6194688164986679e-05 0
452 1 1 89078400 9782621.8812385052 125313256.69144657 1786079.7290488814 -33.884392001345844 0.78502011225153912 -0.55497648516444509 640.1456493052201 -0.00018613915893224631 -1.5309613828387969e-05 2.5345419443067703e-05 0
453 1 1 89164800 6852810.7243457446 125349790.02728359 1737687.9737987581 -33.932517031345597 0.060167190224503696 -0.56516282664046968 640.14523331760336 -0.00018648855851186914 -2.1035382762369381e-05 2.4482889544297675e-05 0
454 1 1 89251200 3919567.8922438342 125323574.97812527 1688426.659830976 -33.963803837495711 -0.66741474843764026 -0.57510378231870707 640.14481551115034 -0.00018674713802896683 -2.6796896902099281e-05 2.360746546824428e-05 0
455 1 1 89337600 984354.51104114309 125234395.07055002 1638317.3435796325 -33.978108832188788 -1.3972772626993546 -0.5847911533850576 640.14439569162982 -0.00018691341865047421 -3.2593636747225616e-05 2.2719528822746044e-05 0
456 1 1 89424000 -1951356.4976391983 125082072.92322713 1587382.2841697112 -33.975302638506079 -2.1289639712076558 -0.59421687511922427 640.14397366416142 -0.00018698586450991092 -3.8425037330030091e-05 2.1819472601541759e-05 0
457 1 1 89510400 -4886081.6648299461 124866470.90992957 1535644.4311936488 -33.955270557945227 -2.8620110905615723 -0.60337303166141665 640.14354923347014 -0.00018696288223688502 -4.4290480987678456e-05 2.0907702684787952e-05 0
458 1 1 89596800 -7818328.261802475 124587491.77471934 1483127.4112116192 -33.91791301464324 -3.5959480039965674 -0.61225187078088339 640.14312220413467 -0.00018684282218406855 -5.0189292175692884e-05 1.9984637177383518e-05 0
459 1 1 89683200 -10746595.624936502 124245079.19672316 1429855.5129775538 -33.863145973919764 -4.3302978593697903 -0.62084581859562893 640.14269238083807 -0.00018662398236080543 -5.6120734272821756e-05 1.9050707360899139e-05 0
460 1 1 89769600 -13669376.515565954 123839218.30202293 1375853.6713973621 -33.790901333018347 -5.0645781951596556 -0.6291474941912919 640.14225956860525 -0.00018630460989532859 -6.2084003242346194e-05 1.8106356604975779e-05 0
461 1 1 89856000 -16585158.51230959 123369936.12030113 1321147.4502303316 -33.701127281990686 -5.7983015930231536 -0.63714972408621184 640.14182357304628 -0.00018588290178578573 -6.8078221090462813e-05 1.7152039522825111e-05 0
462 1 1 89942400 -19492425.433220886 122837301.98401582 1265763.02354934 -33.593788632751959 -6.5309763552881943 -0.64484555648867414 640.1413842005918 -0.00018535700956472597 -7.4102431698357674e-05 1.6188222355913055e-05 0
463 1 1 90028800 -22389658.784925364 122241427.86802696 1209727.1559801763 -33.468867114432982 -7.2621072055963092 -0.6522282752918942 640.14094125871657 -0.00018472504333354715 -8.0155595717712919e-05 1.5215383049640131e-05 0
464 1 1 90115200 -25275339.235756595 121582468.66775596 1153067.1817449848 -33.326361633266202 -7.9911960107554139 -0.6592914137523409 640.14049455616157 -0.00018398507359616883 -8.6236585125391762e-05 1.4234010247255087e-05 0
465 1 1 90201600 -28147948.109754663 120860622.41413608 1095810.9825395297 -33.166288495368811 -8.7177425217144471 -0.6660287677971426 640.14004390314994 -0.00018313513608619685 -9.2344178503448062e-05 1.3244602453846225e-05 0
466 1 1 90288000 -31005968.898255948 120076130.42379586 1037986.9642786783 -32.98868159092622 -9.4412451314328081 -0.67243440890659945 640.13958911158454 -0.00018217323786375427 -9.8477056016497673e-05 1.224766928590207e-05 0
467 1 1 90374400 -33847888.785679802 119229277.38311754 979624.0327490936 -32.79359253843122 -10.161201647289243 -0.67850269651891526 640.13912999524825 -0.00018109735974534391 -0.00010463379632069723 1.1243730198441948e-05 0
468 1 1 90460800 -36672200.186008856 118320391.36501917 920751.56821266271 -32.581090787798374 -10.877110075557772 -0.68422828990562246 640.1386663699875 -0.00017990546298624207 -0.00011081287182513834 1.0233313639150834e-05 0
469 1 1 90547200 -39477402.286364861 117349843.77752997 861399.3990085579 -32.351263681348897 -11.588469415374535 -0.68960615946756798 640.13819805388789 -0.00017859549505795137 -0.0001170126447040359 9.2169560605556031e-06 0
470 1 1 90633600 -42262002.594003499 116318049.24345197 801597.77420610958 -32.104216471846883 -12.29478045952956 -0.69463159740311209 640.13772486744267 -0.0001771653949297439 -0.0001232313624066033 8.195203177766148e-06 0
471 1 1 90720000 -45024518.48298911 115225465.41063701 741377.33536472998 -31.840072296960443 -12.995546599342845 -0.69930022770265221 640.13724663370908 -0.0001756130987511294 -0.00012946715577220278 7.168608603921822e-06 0
472 1 1 90806400 -47763478.736763977 114072592.69264688 680769.08746097411 -31.55897210972395 -13.690274630825575 -0.70360801542629015 640.13676317845682 -0.00017393654879982221 -0.00013571803631379282 6.1377332026193417e-06 0
473 1 1 90892800 -50477425.08280059 112859973.93980733 619804.36904644629 -31.261074564783257 -14.378475559284732 -0.70755127522419603 640.13627433030319 -0.00017213369797484932 -0.00014198189312136501 5.1031440386861943e-06 0
474 1 1 90979200 -53164913.715514041 111588194.04091512 558514.82170361583 -30.946555860417053 -15.059665399505048 -0.71112667906239613 640.13577992084186 -0.00017020251770143843 -0.00014825649110198838 4.0654144253799292e-06 0
475 1 1 91065600 -55824516.803621612 110257879.45610343 496932.35886968399 -30.615609536541758 -15.733365968635335 -0.71433126312016315 640.13527978476191 -0.00016814100525907978 -0.00015453947053232101 3.0251237182734653e-06 0
476 1 1 91152000 -58454823.978162371 108869697.68162024 435089.13410139317 -30.268446229121242 -16.399105668917059 -0.7171624338290673 640.13477375995785 -0.00016594719060456165 -0.00016082834370067614 1.9828562776511475e-06 0
477 1 1 91238400 -61054443.797436915 107424356.64752029 373017.50885609066 -29.905293381616616 -17.056420257422449 -0.71961797302773456 640.13426168763169 -0.0001636191442989464 -0.00016712049527078644 9.3919955587439139e-07 0
478 1 1 91324800 -63622005.185190327 105922604.0495128 310750.01986643381 -29.526394914322875 -17.704853600017039 -0.72169604221022132 640.13374341238637 -0.0001611549857775835 -0.00017341318311970858 -1.0525502088706851e-07 0
479 1 1 91411200 -66156158.838443421 104365226.6164469 248319.34618784863 -29.132010852645891 -18.34395840682653 -0.72339518585019491 640.13321878230886 -0.00015855289024003559 -0.000179703539265977 -1.1499121328245673e-06 0
480 1 1 91497600 -68655578.60147801 102753049.31514694 185758.27599918999 -28.722416915574389 -18.973296946570112 -0.72471433378788574 640.1326876490466 -0.00015581109646273646 -0.00018598856712616978 -2.1941740732087741e-06 0
481 1 1 91584000 -71118962.802597865 101086934.49453394 123099.67323798047 -28.297904065795617 -19.592441737222106 -0.72565280267130483 640.13214986788103 -0.00015292791568745351 -0.00019226514620360757 -3.2374434880950277e-06 0
482 1 1 91670400 -73545035.550421193 99367780.971184552 60376.444152157499 -27.858778023087353 -20.200976210579832 -0.7262102964472722 640.1316052977885 -0.00014990173698525082 -0.00019853003455098283 -4.2791209097195924e-06 0
483 1 1 91756800 -75932547.986607537 97596523.058681101 -2378.4961495484013 -27.405358742793776 -20.79849534844454 -0.72638690590262867 640.13105380149636 -0.00014673103725884853 -0.00020477986734396931 -5.3186065819451399e-06 0
484 1 1 91843200 -78280279.492087692 95774129.54330042 -65132.257066742779 -26.937979861354282 -21.384606288268145 -0.72618310726096424 640.1304952455356 -0.00014341438806197339 -0.00021101116241176296 -6.3553015364865446e-06 0
485 1 1 91929600 -80587038.844039232 93901602.608765587 -127852.00571477128 -26.456988111003664 -21.958928896275545 -0.72559975984418967 640.12992950028422 -0.00013995046284356774 -0.00021722032418005374 -7.3886070425221532e-06 0
486 1 1 92016000 -82851665.321041197 91979976.712951362 -190504.99989017495 -25.962742705896748 -22.521096306240942 -0.72463810281306029 640.12935644000459 -0.00013633804403341752 -0.0002234036469641776 -8.4179270927649037e-06 0
487 1 1 92102400 -85073029.754040524 90010317.419583008 -253058.62071538798 -25.455614702030591 -23.07075542227523 -0.72329975100506705 640.12877594287647 -0.00013257603050132277 -0.00022955731824769634 -9.4426692786919768e-06 0
488 1 1 92188800 -87250035.520972565 87993720.188101828 -315480.40488561621 -24.935986333440663 -23.607567384169453 -0.72158668989178953 640.12818789102994 -0.00012866344317136961 -0.00023567742393432379 -1.0462242857965281e-05 0
489 1 1 92275200 -89381619.483095884 85931309.124988899 -377738.07644293102 -24.404250327234664 -24.131207994033726 -0.71950126968229322 640.12759217056555 -0.00012459943400307033 -0.00024175995450571056 -1.1476061608642241e-05 0
490 1 1 92361600 -91466752.861326903 83824235.699938104 -439799.57800509303 -23.860809200097897 -24.641368103170503 -0.71704619860298768 640.12698867157383 -0.00012038328991921303 -0.0002478008098638696 -1.2483544851636124e-05 0
491 1 1 92448000 -93504442.05108802 81673677.430352956 -501633.10137936339 -23.30607453895621 -25.137753958324584 -0.71422453538726638 640.12637728815037 -0.00011601443947211051 -0.00025379580580339077 -1.3484115850893194e-05 0
492 1 1 92534400 -95493729.374418795 79480836.537706047 -563207.11749460327 -22.74046626851808 -25.62008750665786 -0.71103968101195847 640.12575791840709 -0.00011149245847398716 -0.00025974067982662355 -1.4477204043480648e-05 0
493 1 1 92620800 -97433693.768334925 77246938.579349294 -624490.40558830672 -22.164411908435294 -26.088106659002833 -0.70749536972081983 640.12513046447941 -0.00010681707390329266 -0.0002656310991985302 -1.5462247356918994e-05 0
494 1 1 92707200 -99323451.408655405 74973231.059390396 -685452.0815887698 -21.578345822821767 -26.541565511153227 -0.70359565937717061 640.12449483252703 -0.00010198816999172699 -0.00027146266765952764 -1.6438688968555642e-05 0
495 1 1 92793600 -101162156.26875664 72660982.022264734 -746061.62563635118 -20.982708464854376 -26.980234523152181 -0.69934492119061953 640.1238509327369 -9.70057927417198e-05 -0.00027723093050254649 -1.740598017063575e-05 0
496 1 1 92880000 -102949000.61294439 70311478.632626474 -806288.9086917853 -20.377945619146484 -27.403900656736095 -0.69474782886514452 640.12319867931785 -9.1870151358358491e-05 -0.00028293138514962307 -1.836358133044884e-05 0
497 1 1 92966400 -104683215.42436616 67926025.745160118 -866104.21818362328 -19.764507644537041 -27.81236747128451 -0.68980934721688403 640.12253799049472 -8.6581624242685094e-05 -0.00028855948773865418 -1.9310962041007567e-05 0
498 1 1 93052800 -106364070.76761134 65505944.467875957 -925478.28265113744 -19.14284871987525 -28.205455178810698 -0.68453472031158058 640.12186878849775 -8.1140760739110133e-05 -0.00029411066198832385 -2.024760172895165e-05 0
499 1 1 93139200 -107990876.08636704 63052570.722398855 -984382.29534337833 -18.513426095303451 -28.583000658704876 -0.67892945917250902 640.12119099954793 -7.5548283651824972e-05 -0.00029958030680798801 -2.1172988425829191e-05 0
500 1 1 93225600 -109562980.43670993 60567253.804690704 -1042787.9367394982 -17.8766993514513 -28.944857433109139 -0.67299932911063087 640.12050455384167 -6.9805089847818706e-05 -0.00030496380344947871 -2.2086621092190433e-05 0
501 1 1 93312000 -111079772.65681712 58051354.949564509 -1100667.3959599659 -17.233129668852936 -29.290895603960557 -0.66675033672925077 640.11980938553484 -6.3912253777790917e-05 -0.00031025652544468301 -2.298801205615778e-05 0
502 1 1 93398400 -112540681.47407638 55506245.90225175 -1157993.3910427764 -16.583179109786311 -29.621001752885128 -0.66018871665460854 640.11910543271824 -5.7871027248201907e-05 -0.00031545384756622721 -2.3876682689220466e-05 0
503 1 1 93484800 -113945175.55075911 52933307.500176862 -1214739.1880632031 -15.927309914612357 -29.935078805259081 -0.65332091804418269 640.11839263739432 -5.1682840521270929e-05 -0.00032055115243184278 -2.4752166819431234e-05 0
504 1 1 93571200 -115292763.46959412 50333928.267973378 -1270878.6190801263 -15.265983814561841 -30.233045859876032 -0.64615359092422986 640.11767094545075 -4.5349301645378871e-05 -0.00032554384007961695 -2.5614011397467767e-05 0
505 1 1 93657600 -116582993.66074204 47709503.028647333 -1326386.0988963454 -14.599661362781108 -30.51483798576794 -0.63869357240635383 640.11694030663205 -3.8872194381870717e-05 -0.00033042733613669313 -2.6461774812636989e-05 0
506 1 1 93744000 -117815454.27182189 45061431.53365545 -1381236.6406245555 -13.928801285306022 -30.780405987823599 -0.6309478728324639 640.11620067450838 -3.2253479881580881e-05 -0.00033519710109648776 -2.7295030229806619e-05 0
507 1 1 93830400 -118989772.98277764 42391117.11451976 -1435405.8700548804 -13.25385985348678 -31.029716142930873 -0.62292366189581261 640.11545200643877 -2.5495293788579329e-05 -0.0003398486372503848 -2.8113363278821274e-05 0
508 1 1 93916800 -120105616.76749972 39699965.358448781 -1488870.0388238854 -12.57529027923654 -31.262749908438678 -0.6146282547840527 640.1146942635404 -1.8599943876733896e-05 -0.00034437749634022103 -2.8916372905795553e-05 0
509 1 1 94003200 -121162691.60422555 36989382.810276687 -1541606.0363889202 -11.893542134325864 -31.479503604791052 -0.60606909838893708 640.11392741064913 -1.1569908360687958e-05 -0.00034877929009146139 -2.970367221762526e-05 0
510 1 1 94089600 -122160742.1368455 34260775.702870488 -1593591.4008153828 -11.209060794793032 -31.679988074228852 -0.59725375762498389 640.11315141627676 -4.407834075229604e-06 -0.00035304969557800391 -3.0474888814009188e-05 0
511 1 1 94176000 -123099551.28932434 31515548.717990175 -1644804.32838809 -10.522286911388571 -31.864228317484756 -0.5881899018973773 640.11236625257322 2.8834694817674929e-06 -0.00035718446227347148 -3.1229665503572134e-05 0
512 1 1 94262400 -123978939.83552241 28755103.779418994 -1695223.6820612848 -9.8336559068227061 -32.032263110416622 -0.578885291756847 640.11157189528228 1.0301031565781129e-05 -0.00036117942231651362 -3.1967657690030055e-05 0
513 1 1 94348800 -124798765.92675892 25980838.880013142 -1744828.9987649932 -9.1435975004374441 -32.184144602530047 -0.56934776577734181 640.11076832369361 1.7841724170608449e-05 -0.00036503049560952338 -3.2688536282587988e-05 0
514 1 1 94435200 -125558924.57951018 23194146.944151226 -1793600.4955884584 -8.4525352607804489 -32.319937899336217 -0.55958522768975916 640.10995552059842 2.550226883800791e-05 -0.00036873369532445854 -3.3391986423052736e-05 0
515 1 1 94521600 -126259347.12566784 20396414.726896938 -1841519.0748640832 -7.7608861864189986 -32.439720630476316 -0.54960563380219918 640.10913347224289 3.3279238753440837e-05 -0.00037228513625362869 -3.4077708353954458e-05 0
516 1 1 94608000 -126900000.62780707 17589021.751021758 -1888566.328177894 -7.0690603151975573 -32.543582505518778 -0.53941698073498112 640.10830216827628 4.1169065265866257e-05 -0.00037568104064879439 -3.4745418057142337e-05 0
517 1 1 94694400 -127480887.26192707 14773339.282871876 -1934724.5393348266 -6.3774603620138448 -32.631624859300523 -0.52902729349578281 640.10746160169822 4.9168039557180198e-05 -0.00037891774422941219 -3.539484655415562e-05 0
518 1 1 94780800 -128002043.67012551 11950729.347903283 -1979976.6863092291 -5.686481385065207 -32.703960188641396 -0.51844461391764429 640.10661176880978 5.7272323071906843e-05 -0.00038199170048834206 -3.6025738779207672e-05 0
519 1 1 94867200 -128463540.28566134 9122543.7865532041 -2024306.4422128231 -4.9965104804014251 -32.760711682209894 -0.50767698948027806 640.10575266915896 6.5477951266538451e-05 -0.00038489948602491467 -3.6637854685264438e-05 0
520 1 1 94953600 -128865480.63284041 6290123.3509648368 -2067698.1753140432 -4.3079265045120643 -32.802012745262012 -0.49673246253248654 640.10488430548583 7.3780838286001082e-05 -0.00038763780749922783 -3.723096880138362e-05 0
521 1 1 95040000 -129208000.60413083 3454796.8429361442 -2110136.9481440652 -3.6210998245742734 -32.828006520910769 -0.48561905993086868 640.10400668366447 8.2176783719643796e-05 -0.0003902035047102972 -3.7804870916129015e-05 0
522 1 1 95126400 -129491267.71687755 617880.29332341976 -2151608.5157260881 -2.9363920958934959 -32.838845409515628 -0.47434478310767858 640.10311981265056 9.0661479141384234e-05 -0.00039259355190311376 -3.8359366242443263e-05 0
523 1 1 95212800 -129715480.35194334 -2219323.8170040599 -2192099.3229653812 -2.2541560659837012 -32.834690587708813 -0.46291759857803333 640.10222370442273 9.9230514813453691e-05 -0.00039480506619706294 -3.8894273644456152e-05 0
524 1 1 95299200 -129880866.97654942 -5055527.2946897475 -2231596.5012438917 -1.5747354046192963 -32.815711528499293 -0.45134542902968139 640.10131837354641 0.00010787938567407368 -0.00039683530987230035 -3.9409426868130051e-05 0
525 1 1 95385600 -129987685.35355596 -7889456.9300475316 -2270087.8641702794 -0.89846455995500896 -32.782085523791622 -0.43963614204601875 640.10040384479953 0.00011659701473217019 -0.00039868151048148457 -3.9880668486691753e-05 0
526 1 1 95472000 -130036221.73936771 -10719855.152117278 -2307561.9024146106 -0.22566863771632906 -32.733997210670474 -0.42779754479739207 640.09948014539157 0.00012541686090124848 -0.00040034236870424773 -4.0449260979873609e-05 0
527 1 3 95491657.196608827 -130039158.05297546 -11363187.792091027 -2315944.570805484 -0.073116396067180525 -32.72105668758379 -0.42508685560516812 640.09926868812397 0 0 0 203
528 1 1 95558400 -130026790.07131422 -13545480.643024968 -2344007.7822254328 0.44333672845357952 -32.671638103452814 -0.41583749911116996 640.09854692887836 0.0001347351665507107 -0.00040182623447657963 -4.2592458197002795e-05 0
529 1 1 95644800 -129959731.14574175 -16365108.912137432 -2379415.3505038703 1.1082454315607166 -32.595206130305243 -0.40376384426205753 640.09760364254532 0.00014432872918175872 -0.00040312456501589788 -4.55040099768147e-05 0
530 1 1 95731200 -129835411.79529288 -19177532.830401212 -2413775.1223593247 1.7687608932320087 -32.504905176173743 -0.39158420707842129 640.09665009831713 0.00015396235923404185 -0.00040422956275311991 -4.8330434712289853e-05 0
531 1 1 95817600 -129654224.06352352 -21981563.125623081 -2447078.2648399202 2.4245961150301016 -32.400944635580188 -0.37930607218411205 640.09568627891065 0.0001636482093300107 -0.00040513967586212332 -5.1132413651197528e-05 0
532 1 1 95904000 -129416584.3756014 -24776028.839492831 -2479316.5880927444 3.0754737058801775 -32.28353897408973 -0.36693683881210765 640.09471214221935 0.00017338205881900712 -0.00040585306658101768 -5.3909864998026625e-05 0
533 1 1 95990400 -129122932.70860107 -27559777.74709937 -2510482.53725615 3.7211258708616461 -32.152907298921527 -0.35448380573507943 640.09372765232877 0.00018315931543883259 -0.00040636801880435 -5.6661699847408058e-05 0
534 1 1 96076800 -128773731.76341857 -30331676.739792049 -2540569.1835734663 4.3612943846106926 -32.009272939943216 -0.34195416655844124 640.09273277854504 0.00019297533137209251 -0.00040668294983475946 -5.9386859496956419e-05 0
535 1 1 96163200 -128369466.13973144 -33090612.172307841 -2569570.2151073366 4.9957305475972609 -31.852863041596333 -0.32935500517878896 640.09172749527966 0.00020282540644535533 -0.00040679641022194128 -6.2084309656219202e-05 0
536 1 1 96249600 -127910641.51543686 -35835490.175133005 -2597479.9270794494 5.6241951263512409 -31.683908166293907 -0.31669329165263099 640.090711781952 0.00021270479354498886 -0.00040670708744759053 -6.4753045089824976e-05 0
537 1 1 96336000 -127397783.83191174 -38565236.933110751 -2624293.2118709325 6.2464582786467453 -31.502641909755017 -0.30397587847073831 640.08968562289431 0.00022260870393161328 -0.0004064138040154999 -6.7392087496079129e-05 0
538 1 1 96422400 -126831438.48634996 -41278798.931344032 -2650005.5487179337 6.8622994646446571 -31.30930052867118 -0.29120949722641654 640.08864900725303 0.00023253231358828699 -0.00040591551881165539 -7.0000488794549602e-05 0
539 1 1 96508800 -126212169.53234844 -43975143.169473454 -2674612.9931359445 7.4715073449823697 -31.10412258103101 -0.27840075566522715 640.08760192889224 0.00024247076743668769 -0.00040521132787619315 -7.2577326275995106e-05 0
540 1 1 96595200 -125540558.88982682 -46653257.345435672 -2698112.166105208 8.0738796667847659 -30.887348579364907 -0.26555613510317488 640.08654438628935 0.00025241918346926537 -0.00040430046633284578 -7.5121704802498916e-05 0
541 1 1 96681600 -124817205.56528303 -49312150.009827755 -2720500.2430485236 8.6692231385526206 -30.659220657110133 -0.25268198820065385 640.08547638243556 0.00026237265994900969 -0.00040318230754752453 -7.7632759609468077e-05 0
542 1 1 96768000 -124042724.88330531 -51950850.692017481 -2741774.942631586 9.2573532948631403 -30.419982248238245 -0.23978453707785766 640.08439792473234 0.00027232628076312692 -0.00040185635990876308 -8.0109651932038777e-05 0
543 1 1 96854400 -123217747.7301811 -54568409.999149904 -2761934.5154147265 9.838094351793055 -30.169877780233282 -0.22686987175734685 640.08330902489058 0.00028227511839765492 -0.00040032227269820104 -8.255156872883157e-05 0
544 1 1 96940800 -122342919.81036705 -57163899.68920546 -2780977.7323837234 10.411279053948599 -29.909152380457733 -0.21394394892012611 640.08220969882609 0.00029221423941186821 -0.00039857983009671747 -8.4957725948400385e-05 0
545 1 1 97027200 -121418900.91650611 -59736412.719266064 -2798903.873386187 10.976748513958679 -29.638051595895107 -0.20101259096074731 640.08109996655821 0.00030213870901509628 -0.00039662895240861313 -8.7327367576959036e-05 0
546 1 1 97113600 -120446364.213609 -62285063.270143241 -2815712.7154986584 11.5343520452574 -29.356821126215547 -0.1880814853264498 640.07997985210932 0.00031204359855790709 -0.00039446969364097186 -8.965976271550782e-05 0
547 1 1 97200000 -119425995.53794451 -64808986.748515315 -2831404.5213483837 12.083946988950572 -29.065706570069377 -0.17515618412621953 640.07884938340044 0.00032192398614170112 -0.00039210224332642939 -9.195420884645335e-05 0
548 1 1 97286400 -118358492.7111157 -67307339.767711148 -2845980.0274124467 12.625398535528291 -28.764953184476795 -0.16224210399528047 640.07770859215259 0.00033177496195833272 -0.00038952692236522707 -9.4210028377255048e-05 0
549 1 1 97372800 -117244564.86973724 -69779300.108265162 -2859440.4323157137 13.15857954215315 -28.454805657148032 -0.14934452620067643 640.07655751378331 0.00034159163542044844 -0.00038674418424283205 -9.6426571449527456e-05 0
550 1 1 97459200 -116084931.81106475 -72224066.659352407 -2871787.3851478095 13.683370346219133 -28.135507891537923 -0.13646859697387528 640.07539618730584 0.00035136913583499638 -0.00038375461069927228 -9.8603213109225705e-05 0
551 1 1 97545600 -114880323.3548696 -74640859.342194363 -2883022.9738181187 14.199658575841795 -27.807302804411318 -0.12361932805620987 640.07422465523268 0.00036110261689614606 -0.00038055891324761921 -0.00010073935309490374 0
552 1 1 97632000 -113631478.72179787 -77028919.016506329 -2893149.7134666368 14.707338957907151 -27.47043213567142 -0.11080159744385995 640.07304296347434 0.0003707872648906851 -0.0003771579276051931 -0.00010283441744352952 0
553 1 1 97718400 -112339145.92839704 -79387507.371033937 -2902170.5349473157 15.206313124271222 -27.125136270181311 -0.09802015031897332 640.07185116124242 0.00038041829674193846 -0.00037355261268265545 -0.0001048878579423208 0
554 1 1 97804800 -111004081.19894755 -81715906.799202532 -2910088.7733994341 15.696489416668253 -26.771654071290897 -0.085279600153636365 640.07064930095567 0.00038999096649664113 -0.00036974405026052239 -0.00010689915060716042 0
555 1 1 97891200 -109627048.39418641 -84013420.260878906 -2916908.1569213406 16.177782690852776 -26.410222725764431 -0.072584429974004494 640.06943743814247 0.00039950056847505501 -0.00036573344063653537 -0.00010886779507047652 0
556 1 1 97977600 -108208818.45696878 -86279371.131214663 -2922632.7953599123 16.650114120466522 -26.041077599790647 -0.059938993772450391 640.0682156313494 0.00040894244008349729 -0.00036152210311714424 -0.00011079331519462745 0
557 1 1 98064000 -106750168.87487017 -88513103.037517041 -2927267.1692279759 17.11341100108919 -25.664452105745678 -0.047347518055718824 640.066983942045 0.0004183119658966542 -0.0003571114708805904 -0.00011267525752685864 0
558 1 1 98150400 -105251883.15969554 -90713979.685059398 -2930816.1187609625 17.567606554900106 -25.280577579369815 -0.034814103517668518 640.06574243453292 0.00042760457967374612 -0.00035250308845048706 -0.00011451319303377389 0
559 1 1 98236800 -103714750.34382503 -92881384.67271772 -2933284.8331230544 18.012639736346422 -24.889683167012301 -0.022342726825590707 640.06449117585987 0.00043681576693638063 -0.00034769861173509874 -0.00011630671630037881 0
560 1 1 98323200 -102139564.49329267 -95014721.299287423 -2934678.8397721997 18.448455039184445 -24.491995722592744 -0.0099372425091428379 640.06323023572656 0.0004459410694776452 -0.00034269980379686654 -0.0001180554434707981 0
561 1 1 98409600 -100527124.23746571 -97113412.361304283 -2935003.9939923836 18.87500230523051 -24.087739713924179 0.0023986150582234384 640.06195968640009 0.0004549760871250833 -0.00033750853356711582 -0.00011975901252048568 0
562 1 1 98496000 -98878232.315162584 -99176899.943163499 -2934266.4686007462 19.292236535130357 -23.677137138040482 0.014661229594886076 640.06067960262828 0.0004639164802671567 -0.00033212676936387098 -0.00012141708387194476 0
563 1 1 98582400 -97193695.137022689 -101204645.20029926 -2932472.7438363093 19.700117701428603 -23.260407445171239 0.026847100773349699 640.05939006155768 0.00047275797148636171 -0.00032655657947179366 -0.00012302933726818124 0
564 1 1 98668800 -95474322.363918856 -103196128.13615602 -2929629.5974362451 20.098610564194441 -22.837767471007805 0.038952842017888345 640.05809114264753 0.00048149634859634616 -0.00032080013110144995 -0.0001245954749128808 0
565 1 1 98755200 -93720926.5011805 -105150847.37365349 -2925744.0949049178 20.487684489434582 -22.409431376906007 0.050975178245839158 640.05678292758819 0.0004901274659349867 -0.00031485968536974594 -0.00012611521991129124 0
566 1 1 98841600 -91934322.508378252 -107068319.92181508 -2920823.5799802216 20.867313270501 -21.975610597673871 0.062910943560939792 640.05546550022359 0.0004986472459810095 -0.00030873759176694925 -0.00012758831474656942 0
567 1 1 98928000 -90115327.424402252 -108948080.93820041 -2914875.6653010035 21.237474952678809 -21.536513796598104 0.074757078906090693 640.05413894647279 0.00050705168446266375 -0.00030243628863465134 -0.00012901452187667785 0
568 1 1 99014400 -88264760.007553458 -110789683.48775257 -2907908.2232787944 21.598151661117523 -21.092346827368143 0.086510629682680806 640.05280335425095 0.00051533684601616297 -0.00029595830304091243 -0.00013039362252697146 0
569 1 1 99100800 -86383440.390351534 -112592698.29864144 -2899929.377176417 21.949329432249527 -20.643312702561204 0.098168743343246309 640.05145881339581 0.00052349886975844979 -0.00028930624321032002 -0.00013172541708416426 0
570 1 1 99187200 -84472189.748753265 -114356713.51565562 -2890947.4923955332 22.290998048820516 -20.189611568359211 0.10972866696360195 640.05010541559375 0.00053153397139200627 -0.00028248279650275413 -0.00013300972603104893 0
571 1 1 99273600 -82531829.985463917 -116081334.45166747 -2880971.1679746052 22.623150878638526 -19.731440685176292 0.12118774480077926 640.04874325430524 0.00053943844489145998 -0.00027549072853173888 -0.00013424638569841242 0
572 1 1 99360000 -80563183.427017316 -117766183.33766878 -2870009.2282982641 22.945784717130703 -19.268994413882339 0.1325434158421421 640.04737242469275 0.00054720865893378328 -0.00026833287921016418 -0.00013543525151319576 0
573 1 1 99446400 -78567072.534291714 -119410899.07184617 -2858070.7150186584 23.258899633782221 -18.802464207316802 0.14379321135062229 640.04599302355405 0.00055484106216124819 -0.00026101216082528378 -0.00013657619674428567 0
574 1 1 99532800 -76544319.626122966 -121015136.96814163 -2845164.8791888515 23.562498822516723 -18.332038606795276 0.15493475241131013 640.04460514925483 0.00056233218254650636 -0.00025353155366678265 -0.00013766911098026476 0
575 1 1 99619200 -74495746.615673482 -122578568.50471628 -2831301.1736079804 23.856588456063612 -17.857903243320568 0.16596574748382817 640.04320890165843 0.00056967862882844299 -0.00024589410865710493 -0.00013871389965833136 0
576 1 1 99705600 -72422174.759210005 -124100881.07271208 -2816489.2453775071 24.141177544345258 -17.38024084321837 0.17688398996425492 640.04180438206197 0.00057687709275230762 -0.00023810293502414174 -0.00013971048723488485 0
577 1 1 99792000 -70324424.416942447 -125581777.72568136 -2800738.9286675467 24.416277796904712 -16.89923123792742 0.18768735576092757 640.04039169313398 0.00058392434683144897 -0.00023016120569044484 -0.00014065881089895491 0
578 1 1 99878400 -68203314.825573906 -127020976.930033 -2784060.2376919175 24.681903489384254 -16.415051377683955 0.1983738008876699 640.03897093884871 0.00059081724823173193 -0.00022207215267302442 -0.00014155882385376406 0
579 1 1 99964800 -66059663.882212073 -128418212.31681946 -2766463.359890291 24.938071334054648 -15.927875348848568 0.20894135907705155 640.03754222442615 0.0005975527360567687 -0.00021383906388547797 -0.00014241049673520328 0
580 1 1 100051200 -63894287.939291969 -129773232.43516986 -2747958.6493155551 25.184800354385967 -15.437874394633646 0.21938813941721619 640.03610565627082 0.00060412783342591507 -0.00020546528081684254 -0.00014321381422517806 0
581 1 1 100137600 -61708001.610162102 -131085800.50765222 -2728556.6202242519 25.422111763642587 -14.94521693899889 0.2297123240151222 640.03466134191638 0.00061053964742458519 -0.00019695419491067343 -0.0001439687746413732 0
582 1 1 100224000 -59501617.584986791 -132355694.18782915 -2708267.9408676671 25.650028847476854 -14.450068613492563 0.23991216568827683 640.03320938996637 0.00061678537003998434 -0.00018830924960236894 -0.00014467539125681943 0
583 1 1 100310400 -57275946.456620783 -133582705.32025205 -2687103.4274810692 25.86857685048961 -13.952592286824116 0.24998598568727012 640.0317499100363 0.00062286227878120273 -0.00017953393147042857 -0.00014533369115140701 0
584 1 1 100396800 -55031796.55611518 -134766639.70312119 -2665074.0384682938 26.077782866718728 -13.452948096963949 0.25993217145115771 640.03028301270035 0.00062876773477722183 -0.00017063177213392911 -0.00014594371578863035 0
585 1 1 100483200 -52769973.797517061 -135907316.85382101 -2642190.8687787787 26.277675734011716 -12.951293485575466 0.26974917439762364 640.02880880944042 0.00063449918309824865 -0.00016160634632929682 -0.0001465055180965018 0
586 1 1 100569600 -50491281.531629063 -137004569.77752486 -2618465.1444739848 26.468285932233922 -12.447783234592443 0.27943550774946624 640.02732741258819 0.00064005415919258699 -0.00015246126530336004 -0.0001470191639870869 0
587 1 1 100656000 -48196520.408400089 -138058244.73904562 -2593908.2174799796 26.649645485258088 -11.942569504764357 0.28898974439831898 640.02583893527628 0.00064543027668586661 -0.00014320017937993832 -0.00014748473524885393 0
588 1 1 100742400 -45886488.247622989 -139068201.03809628 -2568531.5605229461 26.821787866677948 -11.435801876000953 0.29841051480743819 640.02434349139082 0.00065062523810419657 -0.00013382677385258268 -0.00014790232379289982 0
589 1 1 100828800 -43561979.917619593 -140034310.78810734 -2542346.7622441505 26.98474790918613 -10.927627389354777 0.30769650495464851 640.02284119551723 0.00065563683075102756 -0.00012434476637629272 -0.00014827203403357741 0
590 1 1 100915200 -41223787.221599594 -140956458.69873762 -2515365.5224908758 27.138561717551504 -10.418190590489672 0.31684645431598724 640.02133216289258 0.00066046292628542998 -0.00011475790731480381 -0.00014859398141812435 0
591 1 1 101001600 -38872698.791385159 -141834541.86219913 -2487599.6477797865 27.28326658513032 -9.9076335744901218 0.32585915389132486 640.01981650936455 0.00066510147864593699 -0.00010506997307541585 -0.00014886828955626958 0
592 1 1 101088000 -36509499.988198675 -142668469.54350641 -2459061.0469290637 27.418900913842958 -9.3960960318746025 0.3347334442714614 640.01829435134459 0.00066955052655640437 -9.5284767898367578e-05 -0.00014909510199731437 0
593 1 1 101174400 -34134972.810217276 -143458162.97474921 -2429761.7268557111 27.545504137546914 -8.8837152956842491 0.34346821374819131 640.01676580575884 0.00067380819527325267 -8.5406126133371721e-05 -0.00014927456731712052 0
594 1 1 101260800 -31749895.806603748 -144203555.15347564 -2399713.788534252 27.663116648734096 -8.3706263895227924 0.35206239646827087 640.01523099000474 0.00067787269018606243 -7.5437896762664279e-05 -0.00014940684454805805 0
595 1 1 101347200 -29355043.997729991 -144904590.64526188 -2368929.4231130714 27.771779728480439 -7.8569620764333683 0.3605149706300303 640.01369002191416 0.00068174230027137346 -6.5383954972684095e-05 -0.00014949210666821106 0
596 1 1 101433600 -26951188.801314767 -145561225.39053833 -2337420.9081846895 27.871535479574987 -7.3428529085039536 0.36882495672385118 640.01214301971515 0.00068541539976959393 -5.5248195992758566e-05 -0.00014953053516515415 0
597 1 1 101520000 -24539097.964255508 -146173426.51572636 -2305200.6041947296 27.962426761488775 -6.8284272770343781 0.37699141609988346 640.01059012319695 0.00068889053442098191 -4.5034536826539184e-05 -0.00014952233564884495 0
598 1 1 101606400 -22119535.49953242 -146741172.14875832 -2272280.9510657149 28.044497143212787 -6.3138114641006231 0.38501344625848893 640.00903126644255 0.00069239280934453649 -3.4758272988011138e-05 -0.00014951827553732442 0
599 1 1 101692800 -19693261.624939971 -147264451.23912644 -2238674.4656948936 28.117790910852893 -5.7991296953866796 0.39289016475459537 640.00746508534894 0.00069668045017530554 -2.443950105020172e-05 -0.00014968647395510309 0
600 1 1 101779200 -17261032.705313236 -147743263.3822642 -2204393.7398840948 28.182352917051585 -5.284504185759098 0.40062072905647989 640.00589051915324 0.0007007637243501122 -1.4017711874937511e-05 -0.00014980545914934637 0
601 1 1 101865600 -14823601.211183466 -148177618.64784938 -2169451.435772514 28.238228470239168 -4.7700551899031094 0.40820434796998972 640.00430778948441 0.00070463984829630339 -3.4971000038714331e-06 -0.00014987514627547768 0
602 1 1 101952000 -12381715.676970797 -148567537.41298294 -2133860.2824924216 28.285463367302384 -4.2559010595467406 0.415640261760369 640.00271702682608 0.00070830613534875631 7.1180783534039409e-06 -0.00014989546480230354 0
603 1 1 102038400 -9936120.6613693889 -148913050.20002317 -2097633.0733965384 28.324103833999935 -3.742158295619459 0.42292774343835154 640.0011184863871 0.00071175999662195506 1.782350285988665e-05 -0.00014986636434591966 0
604 1 1 102124800 -7487556.7090689177 -149214197.51879945 -2060782.6639297311 28.35419658528064 -3.22894159591559 0.4300660761363222 639.99951080904418 0.00071631098000136191 2.8676324460395313e-05 -0.00015005408938178035 0
605 1 1 102211200 -5036760.3078065282 -149471029.71283224 -2023321.9713086488 28.375788775442544 -2.7163639034160934 0.4370545538086405 639.99789115710178 0.00072177048950114399 3.9719331903596516e-05 -0.0001504159409106297 0
606 1 1 102297600 -2584463.8609915837 -149683606.81023565 -1985263.9718314216 28.388927766657229 -2.2045364661849645 0.44389251898310089 639.99625841743307 0.00072700450456344946 5.0911705012942571e-05 -0.00015072186898464133 0
607 1 1 102384000 -131395.67251978983 -149851998.37979868 -1946621.6965199497 28.393661113359023 -1.6935688929487183 0.45057935680453604 639.99461285115331 0.00073199819963670916 6.224758615982737e-05 -0.00015096947390040512 0
608 1 1 102470400 2321720.0732818255 -149976283.39142433 -1907408.2284960244 28.390036615773329 -1.1835692020087147 0.45711447594884408 639.99295463037231 0.00073674638179352522 7.3721391333157862e-05 -0.00015115826107349261 0
609 1 1 102556800 4774163.3312417679 -150056550.08096242 -1867636.7009498777 28.378102282313453 -0.6746438731913903 0.46349730854863364 639.99128393078854 0.00074124444750026781 8.5327434361980606e-05 -0.00015128785246535731 0
610 1 1 102643200 7225218.2120247511 -150092895.81951505 -1827320.2951639176 28.357906299668414 -0.16689789940802444 0.46972730903824483 639.98960093299786 0.00074548712130445842 9.7059788349477326e-05 -0.00015135775155939227 0
611 1 1 102729600 9674172.9963210598 -150085426.98718429 -1786472.2386345381 28.329497005091696 0.3395651620583568 0.47580395302786321 639.98790582296806 0.00074946968903015249 0.00010891241299783916 -0.0001513675753716648 0
612 1 1 102816000 12120320.14673711 -150034258.85123852 -1745105.8032904002 28.292922860851522 0.84464313858082762 0.4817267362035198 639.98619879135515 0.00075318762119021255 0.00012087913216417666 -0.00015131698139458794 0
613 1 1 102902400 14562956.31756494 -149939515.4486683 -1703234.3038037389 28.248232430681472 1.3482351915518422 0.48749517327186459 639.98448003340525 0.00075663657016067517 0.00013295362832674133 -0.00015120566943967545 0
614 1 1 102988800 17001382.362603035 -149801329.47310114 -1660871.0959912138 28.195474358212842 1.8502417661148833 0.4931087969425027 639.98274974883964 0.0007598123671432326 0.0001451294565628593 -0.00015103337702700975 0
615 1 1 103075200 19434903.341197331 -149619842.16604313 -1618029.5753010693 28.134697347334448 2.350564541291948 0.49856715694771814 639.9810081417362 0.00076271103273249674 0.00015740004837939804 -0.00015079988197200689 0
616 1 1 103161600 21862828.522666771 -149395203.21241108 -1574723.1753834174 28.065950144429237 2.8491063805306966 0.50386981909843442 639.9792554203998 0.00076532877939773365 0.00016975871670725002 -0.00015050500516161034 0
617 1 1 103248000 24284471.389273323 -149127570.64031872 -1530965.3667405169 27.989281522437338 3.3457712826940851 0.50901636437644771 639.97749179723473 0.00076766201459389457 0.00018219866372177048 -0.00015014860645598058 0
618 1 1 103334400 26699149.637892257 -148817110.7250776 -1486769.6554539399 27.904740266698589 3.8404643335126538 0.51400638806234988 639.97571748861481 0.00076970734695659313 0.00019471298264114691 -0.00014973058772439047 0
619 1 1 103420800 29106185.180534523 -148463997.89737159 -1442149.581985563 27.812375162528213 4.3330916575185094 0.51883949889855674 639.97393271475062 0.00077146158481883364 0.00020729467068542043 -0.00014925088969706214 0
620 1 1 103507200 31504904.143868744 -148068414.655563 -1397118.7200493827 27.71223498448197 4.8235603704782015 0.52351531828676146 639.9721376995567 0.00077292174317681553 0.00021993663361787556 -0.00014870949706550796 0
621 1 1 103593600 33894636.86788743 -147630551.48208639 -1351690.6755511952 27.604368487269305 5.3117785323388986 0.52803347951947444 639.97033267051097 0.0007740850480619678 0.00023263168735049273 -0.00014810643317769861 0
622 1 1 103680000 36274717.903857611 -147150606.76388517 -1305879.0855932049 27.488824398273003 5.7976551007023875 0.53239362704542093 639.96851785852459 0.00077494892883071364 0.00024537256863269659 -0.00014744176229639075 0
623 1 1 103766400 38644486.011693329 -146628786.71684459 -1259697.6175406869 27.365651411638339 6.2810998848402129 0.53659541576754943 639.96669349779688 0.00077551103794927501 0.00025815194469583022 -0.00014671559316305893 0
624 1 1 103852800 41003284.156883843 -146065305.31417456 -1213159.9681478795 27.234898183895144 6.7620235002604874 0.54063851037413435 639.96485982566833 0.00077576924075731832 0.00027096241255947462 -0.00014592807039076483 0
625 1 1 103939200 43350459.507108659 -145460384.21869296 -1166279.8627402661 27.09661333107768 7.2403373238372835 0.54452258470186043 639.96301708246676 0.00077572163476247733 0.00028379651384118819 -0.00014507938595404512 0
626 1 1 104025600 45685363.428667128 -144814252.71896145 -1119071.054450548 26.950845427311489 7.7159534495133695 0.54824732113022667 639.96116551131445 0.00077536655280874842 0.00029664674709353593 -0.00014416977226359572 0
627 1 1 104112000 48007351.482848004 -144127147.66922361 -1071547.3235055183 26.797643004826298 8.1887846445811512 0.55181241000900993 639.9593053580661 0.00077470247067369029 0.00030950553665711524 -0.0001431994888257661 0
628 1 1 104198400 50315783.422360823 -143399313.43309513 -1023722.476561056 26.63705455537551 8.65874430655278 0.55521754911592247 639.95743687121023 0.00077372812986000274 0.00032236528086710851 -0.00014216884504944646 0
629 1 1 104284800 52610023.187950104 -142631001.83095461 -975610.34608273511 26.469128533039125 9.125746420629044 0.55846244314382987 639.95556030164585 0.00077244250272788788 0.00033521834841646173 -0.00014107819065939555 0
630 1 1 104371200 54889438.90530996 -141822472.09098241 -927224.7897693679 26.293913358373096 9.5897055177701507 0.56154680321943728 639.95367590254159 0.00077084477983091243 0.00034805708017580673 -0.00013992791120716433 0
631 1 1 104457600 57153402.882414654 -140973990.80379719 -878579.69001683663 26.111457423885042 10.05053663337598 0.5644703464517824 639.95178392918388 0.00076893438158872447 0.00036087379720806329 -0.00013871843372777656 0
632 1 1 104544000 59401291.607378945 -140085831.88063475 -829688.9534196707 25.92180910081424 10.508155266582889 0.56723279551005956 639.94988463882282 0.0007667109530258313 0.00037366081334255259 -0.00013745022498032447 0
633 1 1 104630400 61632485.746959381 -139158276.51501712 -780566.51030781702 25.725016747193145 10.962477340182133 0.56983387823121801 639.94797829052948 0.00076417435538820634 0.00038641043138617684 -0.00013612378831613772 0
634 1 1 104716800 63846370.145807333 -138191613.14785802 -731226.31431603315 25.521128717172726 11.413419161165798 0.57227332725697166 639.94606514505131 0.00076132468309785721 0.000399114957140831 -0.00013473966333908807 0
635 1 1 104803200 66042333.82658115 -137186137.43594941 -681682.34198341088 25.310193371593996 11.860897381906973 0.57455087969928464 639.94414546464725 0.00075816225642131479 0.00041176670519054277 -0.00013329843140755091 0
636 1 1 104889600 68219769.991025314 -136142152.22377449 -631948.59238056664 25.092259089787404 12.304828961979437 0.57666627683463589 639.94221951293821 0.00075468761731279971 0.00042435800710649416 -0.000131800709112656 0
637 1 1 104976000 70378076.02212137 -135059967.51859188 -582039.08676198067 24.867374282586429 12.745131130622964 0.57861926382748119 639.94028755475313 0.00075090153349507526 0.00043688121671388037 -0.00013024714638010834 0
638 1 1 105062400 72516653.487415045 -133939900.46873426 -531967.86824099917 24.635587406541458 13.18172134986 0.58040958948206522 639.93834985598073 0.0007468049925077277 0.00044932871219243082 -0.00012863842867429727 0
639 1 1 105148800 74634908.143623456 -132782275.34506625 -481749.00148507248 24.39694697932163 13.614517278270458 0.58203700602214825 639.93640668342755 0.00074239920031401519 0.00046169290533075441 -0.00012697527936578358 0
640 1 1 105235200 76732249.942623124 -131587423.5255421 -431396.57242881099 24.15150159629507 14.043436735432277 0.583501268899004 639.93445830465919 0.00073768559032585078 0.00047396625249129413 -0.00012525845624952522 0
641 1 1 105321600 78808093.038921818 -130355683.48280782 -380924.68800239544 23.899299948276795 14.468397667034305 0.58480213662785652 639.93250498785062 0.00073266580571593935 0.00048614125452128918 -0.0001234887506257551 0
642 1 1 105408000 80861855.798713565 -129087400.7747879 -330347.4758728976 23.640390840435995 14.889318110669505 0.58593937065272195 639.930547001646 0.00072734170656110785 0.00049821046967915182 -0.00012166698407571906 0
643 1 1 105494400 82892960.810617074 -127782928.03819777 -279679.0841960627 23.374823212357978 15.306116162317116 0.58691273523911913 639.92858461499486 0.00072171537748063393 0.00051016651504391338 -0.0001197940140025611 0
644 1 1 105580800 84900834.898197562 -126442624.98492195 -228933.68137615939 23.102646159252711 15.718709943522331 0.58772199739494446 639.92661809700598 0.00071578910549396912 0.00052200207275601685 -0.00011787072702779461 0
645 1 1 105667200 86884909.134369671 -125066858.40119751 -178125.4558314239 22.823908954305139 16.127017569283499 0.58836692681992131 639.924647716815 0.00070956538428772241 0.00053370989442897928 -0.00011589804051559581 0
646 1 1 105753600 88844618.857781425 -123656002.14954141 -127268.61576266565 22.5386610721661 16.530957116657977 0.58884729588295703 639.92267374343817 0.00070304692052906902 0.00054528281154467078 -0.00011387690447425231 0
647 1 1 105840000 90779403.691276655 -122210437.17335843 -76377.388922602549 22.246952213580883 16.930446594098328 0.5891628796280951 639.92069644560934 0.00069623662848595147 0.00055671374357017236 -0.00011180829641634364 0
648 1 1 105926400 92688707.562534034 -120730551.50416677 -25466.022383431624 21.948832331152342 17.325403911530344 0.58931345580928607 639.91871609164571 0.00068913761593608408 0.00056799569414909862 -0.00010969322184971734 0
649 1 1 106012800 94571978.726981774 -119216740.27137603 25451.217699838373 21.644351656238861 17.715746851186392 0.5892988049538066 639.91673294931752 0.00068175318726584292 0.00057912176016445974 -0.00010753271351483958 0
650 1 1 106099200 96428669.79308486 -117669405.71455236 76360.046332779748 21.333560726989511 18.101393039210059 0.58911871045449238 639.91474728569801 0.00067408685072369262 0.00059008514372974193 -0.00010532783248366402 0
651 1 1 106185600 98258237.750103652 -116088957.19810294 127246.15993415663 21.016510417516216 18.48225991804696 0.58877295869096902 639.91275936701675 0.00066614230181313318 0.00060087915145915882 -0.0001030796675569092 0
652 1 1 106272000 100060143.99842259 -114475811.22831134 178095.23660028836 20.693251968204095 18.858264719638292 0.58826133918062817 639.91076945853115 0.00065792341889357264 0.00061149720044523118 -0.00010078933023544308 0
653 1 1 106358400 101833854.38254653 -112830391.47265379 228892.93638375562 20.363837017164823 19.229324439435921 0.58758364475956437 639.90877782439361 0.00064943426754527224 0.00062193282336776986 -9.8457955036127827e-05 0
654 1 1 106444800 103578839.22686449 -111153128.78132392 279624.9015890205 20.028317632836394 19.595355811258475 0.58673967179320008 639.90678472751426 0.00064067909442118464 0.00063217967227339664 -9.6086701706258273e-05 0
655 1 1 106531200 105294573.37427936 -109444461.21089329 330276.75708754745 19.686746347732452 19.956275283009539 0.58572922041724285 639.90479042943252 0.00063166231789040005 0.0006422315244849282 -9.3676751994030741e-05 0
656 1 1 106617600 106980536.22780378 -107704834.05003178 380834.11065508227 19.339176193346979 20.311998993281058 0.58455209480968551 639.90279519018372 0.00062238853340567302 0.00065208229119092598 -9.1229307613232524e-05 0
657 1 1 106704000 108636211.79522148 -105934699.84720996 431282.55333377252 18.985660736219653 20.662442748865555 0.58320810349380203 639.90079926816657 0.00061286250120654365 0.00066172601659805091 -8.8745592445233054e-05 0
658 1 1 106790400 110261088.73691534 -104134518.44030467 481607.65982181753 18.626254115166361 21.007522003202318 0.5816970596726091 639.89880292002772 0.00060308914012544316 0.00067115687827916121 -8.6226850027934851e-05 0
659 1 1 106876800 111854660.4169625 -102304756.98802514 531794.98889340658 18.26101107968271 21.347151835786477 0.58001878159555975 639.89680640054019 0.00059307353279770098 0.00068036920249509578 -8.3674341965739131e-05 0
660 1 1 106963200 113416424.95759866 -100445890.00307606 581830.08385174302 17.889987029526271 21.681246932570112 0.57817309295781005 639.89480996246994 0.00058282091293891702 0.00068935746303902361 -8.1089347050857232e-05 0
661 1 1 107049600 114945885.29715319 -98558399.386969209 631698.47301798791 17.513238055483562 22.009721567385363 0.57615982333249849 639.89281385646382 0.00057233666318336532 0.00069811628060548474 -7.847316071649814e-05 0
662 1 1 107136000 116442549.25155808 -96642774.466395557 681385.67025899829 17.130820981329201 22.332489584423239 0.5739788086365557 639.89081833093849 0.00056162630976303344 0.0007066404286006306 -7.5827094545318464e-05 0
663 1 1 107222400 117905929.57953385 -94699512.031063944 730877.175556776 16.742793406983619 22.649464381804343 0.57162989163057143 639.88882363195944 0.00055069551758836661 0.00071492484574338974 -7.3152475929952343e-05 0
664 1 1 107308800 119335544.05155641 -92729116.372910947 780158.47562261182 16.349213752875915 22.960558896277149 0.5691129224536795 639.88683000313245 0.00053955008408115173 0.0007229646236669192 -7.0450643177064266e-05 0
665 1 1 107395200 120730915.52270903 -90732099.326582313 829215.04455897177 15.950141305518935 23.265685589083297 0.56642775919374 639.88483768549929 0.000528195939091028 0.00073075502073265608 -6.7722949434870716e-05 0
666 1 1 107481600 122091572.00952458 -88708980.311084211 878032.34457217553 15.545636264302026 23.564756433033008 0.56357426849319636 639.88284691742251 0.00051663913258764664 0.00073829146743480947 -6.497076081508225e-05 0
667 1 1 107568000 123417046.77092378 -86660286.372497126 926595.82673901471 15.135759789507505 23.85768290083249 0.56055232619185758 639.88085793448124 0.00050488583392700628 0.00074556955896041112 -6.2195453243652608e-05 0
668 1 1 107654400 124706878.39335454 -84586552.227642432 974890.93183052028 14.720574051556479 24.144375954709883 0.55736181800717721 639.87887096938107 0.00049294232471827149 0.00075258506253822661 -5.9398411682355987e-05 0
669 1 1 107740800 125960610.88024002 -82488320.308587566 1022903.0911961476 14.300142281488302 24.424746037389081 0.55400264025259349 639.87688625185046 0.0004808149919274797 0.00075933392206642988 -5.658102898359747e-05 0
670 1 1 107827200 127177793.74584129 -80366140.807870924 1070617.7277116878 13.874528822677945 24.698703064462116 0.55047470059445658 639.8749040085487 0.00046851032527347406 0.00076581225924915691 -5.374470773635416e-05 0
671 1 1 107913600 128357982.11364202 -78220571.724323586 1118020.2567942764 13.443799183794589 24.966156418213014 0.54677791884843496 639.8729244629701 0.00045603491178494682 0.0007720163723663895 -5.0890857309028146e-05 0
672 1 1 108000000 129500736.81936224 -76052178.909359753 1165096.0874879502 13.008020093003099 25.22701494295006 0.54291222781624049 639.87094783535792 0.00044339542829500712 0.00077794274313392159 -4.802089436111823e-05 0
673 1 1 108086400 130605624.51870917 -73861536.113603324 1211830.6236232696 12.567259553409325 25.481186941904916 0.53887757416372828 639.86897434261391 0.00043059863633690382 0.00078358803588092984 -4.5136236541645784e-05 0
674 1 1 108172800 131672217.79997233 -71649225.033712596 1258209.2650546234 12.121586899749058 25.728580175760037 0.5346739193408091 639.86700419821909 0.00041765137681125766 0.0007889490982070517 -4.2238307613375132e-05 0
675 1 1 108259200 132700095.30156979 -69415835.359259352 1304217.4089788254 11.671072856318469 25.969101862868733 0.53030124054358863 639.86503761215135 0.0004045605634417699 0.00079402296426024361 -3.9328535752792452e-05 0
676 1 1 108345600 133688841.83465332 -67161964.819513425 1349840.4513387189 11.215789596143237 26.202658681235224 0.52575953172023226 639.86307479080608 0.00039133318307787702 0.0007988068555880738 -3.6408350352373084e-05 0
677 1 1 108432000 134638048.5108794 -64888219.229977749 1395063.7883156072 10.755810801379894 26.429156772324308 0.52104880462125502 639.86111593691874 0.00037797627933833521 0.00080329818190216882 -3.3479181461811515e-05 0
678 1 1 108518400 135547312.87545136 -62595212.538512595 1439872.8179143697 10.29121172494205 26.648501746773189 0.51616908989484533 639.85916124950586 0.00036449695173252977 0.00080749453610856441 -3.0542459394341334e-05 0
679 1 1 108604800 136416239.04553917 -60283566.870881438 1484252.9416451782 9.8220692533428142 26.860598692082558 0.51112043822794129 639.85721092378731 0.00035090235208205594 0.00081139371133649154 -2.7599615409480382e-05 0
680 1 1 108691200 137244437.85418007 -57953912.575543791 1528189.5663058269 9.3484619707412442 27.065352182364755 0.50590292153424088 639.85526515111417 0.00033719968266243314 0.00081499368328161528 -2.4652076894932283e-05 0
681 1 1 108777600 138031526.99976525 -55606888.267514221 1571668.105868764 8.870470224177021 27.26266629022987 0.50051663418987535 639.85332411891807 0.00032339617934379794 0.00081829261523909196 -2.1701269262112177e-05 0
682 1 1 108864000 138777131.20121306 -53243140.871098936 1614673.9834769471 8.3881761899760487 27.452444600896897 0.49496169431702924 639.85138801064625 0.00030949911320419881 0.00082128887074851462 -1.8748617112302269e-05 0
683 1 1 108950400 139480882.35892966 -50863325.661313757 1657192.6335527299 7.9016639413069134 27.634590228616585 0.48923824511712877 639.84945700569858 0.00029551578312842587 0.00082398099793472865 -1.5795536433847423e-05 0
684 1 1 109036800 140142419.72165486 -48468106.303780317 1699209.5040241149 7.4110195168633313 27.809005835495139 0.48334645625407102 639.8475312793887 0.00028145350813583704 0.00082636772925887318 -1.2843439471752286e-05 0
685 1 1 109123200 140761390.05929071 -46058154.892888501 1740710.058672653 6.9163309906455614 27.975593652815601 0.47728652528748317 639.84561100289238 0.00026731962948271939 0.0008284479933292349 -9.8937363393908706e-06 0
686 1 1 109209600 141337447.84180492 -43634151.988005601 1781679.7796074101 6.417688542808909 28.13425550495333 0.47105867915748484 639.84369634318011 0.00025312150063802743 0.00083022091563024123 -6.9478304605845795e-06 0
687 1 1 109296000 141870255.4243004 -41196786.647503272 1822104.1698694769 5.915184531542593 28.284892835982948 0.46466317572238569 639.84178746298221 0.00023886647767712649 0.00083168579505869269 -4.0071112075962017e-06 0
688 1 1 109382400 142359483.23833886 -38746756.460365966 1861968.7561716302 5.408913565938712 28.427406739081079 0.45810030534882173 639.83988452076051 0.00022456191199753201 0.00083284212548151643 -1.0729634338123846e-06 0
689 1 1 109468800 142804809.98960012 -36284767.57513418 1901259.0917776413 4.8989725798073653 28.561697988831767 0.4513703925549889 639.83798767066094 0.00021021515548408598 0.00083368958819842744 1.853239547325082e-06 0
690 1 1 109555200 143205922.86195979 -33811534.725927219 1939960.7595259033 4.3854609063874834 28.687667076541974 0.44447379770771556 639.8360970624617 0.00019583355205842487 0.00083422806105632168 4.7701290407062719e-06 0
691 1 1 109641600 143562517.72805753 -31327781.2552808 1978059.3750020317 3.8684803538971129 28.805214248679757 0.4374109187744038 639.83421284149858 0.00018142443405055238 0.00083445762403559407 7.6763541367562348e-06 0
692 1 1 109728000 143874299.3664273 -28834239.133524723 2015540.5898652193 3.3481352818600185 28.914239548540554 0.43018219312966516 639.83233514870597 0.00016699509481290294 0.00083437846922734468 1.0570567612695405e-05 0
693 1 1 109814400 144140981.68525299 -26331648.974416833 2052390.0953330421 2.824532678143004 29.014642861265859 0.42278809941744727 639.83046412063072 0.00015255281038324496 0.00083399100735078618 1.3451443595312124e-05 0
694 1 1 109900800 144362287.95280907 -23820760.046737947 2088593.6258295958 2.297782236631289 29.106323962337139 0.41522915946872141 639.82859988935047 0.0001381048295725422 0.00083329583197516623 1.6317660365776476e-05 0
695 1 1 109987200 144537951.0346362 -21302330.281542905 2124136.9628016679 1.7679964354578692 29.189182569656474 0.40750594027441445 639.82674258244845 0.0001236583591630074 0.00083229371620334284 1.9167912386050756e-05 0
696 1 1 110073600 144667713.63749677 -18777126.274752341 2159005.9387078499 1.2352906157000592 29.263118399339007 0.3996190560153664 639.82489232300168 0.00010922056940612663 0.00083098560163075727 2.2000912429350075e-05 0
697 1 1 110160000 144751328.56014663 -16245923.284759197 2193186.4411854437 0.6997830604477121 29.32803122534262 0.39156917014782411 639.82304922956052 9.4798583579608936e-05 0.00082937261162064995 2.4815385941738432e-05 0
698 1 1 110246400 144788558.95095098 -13709505.224712852 2226664.4173999424 0.1615950741380805 29.383820943060165 0.38335699754457747 639.82121341613185 8.0399470201768824e-05 0.00082745603411043037 2.761007455978335e-05 0
699 1 1 110332800 144779178.57236201 -11168664.649133267 2259425.8785819309 -0.37914893795365345 29.430387637000379 0.37498330669166391 639.81938499217313 6.6030247378467255e-05 0.00082523732881609733 3.0383732751011984e-05 0
700 1 1 110419200 144722972.07226694 -8624202.7344961688 2291456.9047561581 -0.92232139019004977 29.4676316526863 0.36644892194066192 639.81756406258455 5.1697866804552739e-05 0.00082271811569509387 3.313513598638902e-05 0
701 1 1 110505600 144619735.26220372 -6076929.2534194468 2322743.6496676067 -1.4677914371435052 29.495453672898648 0.35775472581586176 639.81575072770818 3.7409219545306062e-05 0.00081990017951266399 3.5863074734660259e-05 0
702 1 1 110592000 144469275.40243047 -3527662.5420697485 2353272.3459092206 -2.0154248944042266 29.513754798394217 0.3489016613752865 639.81394508331289 2.3171126558931923e-05 0.00081678547216887159 3.8566358148406544e-05 0
703 1 1 110678400 144271411.49382076 -977229.46039710089 2383029.3102559522 -2.5650841597748455 29.522436633225926 0.33989073462528463 639.8121472205886 8.9903362667252366e-06 0.00081337609886576159 4.1243814486097136e-05 0
704 1 1 110764800 144025974.57654646 1573534.655205478 2412000.949209691 -3.116628135012006 29.52140137479158 0.33072301698742151 639.81035722615582 -5.1264824422725265e-06 0.0008096743167041652 4.3894291643839487e-05 0
705 1 1 110851200 143732808.03549096 4123786.0472314488 2440173.7647595415 -3.6699121482863051 29.510551908738869 0.32139964781612634 639.80857518207006 -1.9172741741224918e-05 0.00080568253419955411 4.6516653546760458e-05 0
706 1 1 110937600 143391767.91232541 6672672.6008042879 2467534.3603617884 -4.2247878775433279 29.48979190885052 0.31192183696625952 639.80680116583005 -3.3141941535478231e-05 0.00080140330459877709 4.9109787981359084e-05 0
707 1 1 111024000 143002723.22416022 9219333.9162706435 2494069.447143801 -4.781103274960091 29.459025942032163 0.30229086740915251 639.80503525038171 -4.7027669960038675e-05 0.00079683933248771502 5.1672605069003496e-05 0
708 1 1 111110400 142565556.28866878 11762901.391089203 2519765.8503359626 -5.3387024927034314 29.418159578521884 0.29250809789419785 639.80327750412209 -6.0823611600461787e-05 0.0007919934814728805 5.4204033760625532e-05 0
709 1 1 111196800 142080163.0555616 14302498.311472129 2544610.5159355137 -5.8974258102116313 29.36709950746075 0.28257496565608342 639.80152799050893 -7.4523572490028695e-05 0.00078686902090550198 5.6703043816790815e-05 0
710 1 1 111283200 141546453.44426918 16837239.954245377 2568590.5176060707 -6.4571095632246527 29.305753657859483 0.27249298916063425 639.79978676852068 -8.8121412183231928e-05 0.00078146873814642539 5.9168587721269933e-05 0
711 1 1 111369600 140964351.68767288 19366233.699397966 2591693.0638159662 -7.0175860748115362 29.234031325123979 0.26226377088943775 639.79805389304101 -0.00010161111396289226 0.00077579587831479375 6.1599658055875217e-05 0
712 1 1 111456000 140333796.68169862 21888579.153810147 2613905.5052189678 -7.5786835886577322 29.151843303283723 0.25188900016362564 639.79632941443265 -0.00011498677057631847 0.00076985380625215665 6.3995270523450727e-05 0
713 1 1 111542400 139654742.34056744 24403368.286651969 2635215.3422803218 -8.1402262048781235 29.059102022937591 0.24137045599872409 639.79461337859266 -0.00012824258110046615 0.0007636460096740041 6.6354464963795746e-05 0
714 1 1 111628800 138927157.95747334 26909685.576951951 2655610.2331507443 -8.702033818643752 28.955721695033823 0.23071000998877458 639.7929058269649 -0.00014137285653556628 0.00075717609917572723 6.8676307064665488e-05 0
715 1 1 111715200 138151028.5704301 29406608.17384294 2675078.0017907033 -9.2639220619231821 28.841618460557275 0.21990962921490601 639.79120679655637 -0.00015437202966172943 0.00075044779678600112 7.095988072007659e-05 0
716 1 1 111801600 137326355.33300689 31893206.069998592 2693606.6463469034 -9.8257022486523287 28.716710546189759 0.20897137917464254 639.78951631996586 -0.00016723465078667731 0.00074346493127097548 7.3204297633543719e-05 0
717 1 1 111888000 136453155.8896406 34368542.288778983 2711184.347782624 -10.387181323660901 28.580918425999492 0.19789742672762509 639.78783442540953 -0.000179955390963961 0.00073623143788642119 7.5408694693823009e-05 0
718 1 1 111974400 135531464.75518695 36831673.085608289 2727799.478763056 -10.948161815699455 28.434164989202657 0.18669004305169887 639.786161136739 -0.00019252904428239349 0.00072875135805977338 7.7572232472231591e-05 0
719 1 1 112060800 134561333.69833973 39281648.164110318 2743440.6127962982 -11.508441794924533 28.276375714025423 0.17535160660399432 639.78449647346554 -0.00020495052956758094 0.00072102882580412113 7.9694094303677673e-05 0
720 1 1 112147200 133542832.12851711 41717510.907530025 2758096.5336301974 -12.067814835214243 28.107478847680536 0.1638846060812294 639.78284045079761 -0.00021721489641791215 0.00071306806302199504 8.1773487822345064e-05 0
721 1 1 112233600 132476047.4857823 44138298.625968628 2771756.2449046513 -12.626069981696114 27.92740559244595 0.15229164337173817 639.78119307988391 -0.00022931732456710059 0.00070487338515399568 8.3809648750149152e-05 0
722 1 1 112320000 131361085.63332741 46543042.819965497 2784408.9800591404 -13.1829917239591 27.736090298037386 0.14057543651638676 639.77955436459854 -0.00024125388914797422 0.000696451413659954 8.580209519908374e-05 0
723 1 1 112406400 130198071.25201635 48930769.460956469 2796044.2124944557 -13.738359975178668 27.533470659673419 0.12873882260706287 639.77792430459488 -0.00025301942864396434 0.00068780457214776089 8.774989325703109e-05 0
724 1 1 112492800 128987148.23645784 51300499.289098121 2806651.6659829565 -14.291950057775059 27.319487922352675 0.11678476068166672 639.77630289462468 -0.00026461056160825825 0.00067894004999071778 8.9652689504954856e-05 0
725 1 1 112579200 127728480.09201564 53651248.12901859 2816221.3253297675 -14.843532695989328 27.094087091128532 0.10471633458938917 639.77469012248434 -0.00027602283961723339 0.0006698615950737881 9.1509746065372127e-05 0
726 1 1 112665600 126422250.33215824 55982027.2239554 2824743.4472756339 -15.392874015611303 26.857217146679002 0.092536755745380936 639.773085976056 -0.00028725126994488614 0.00066057160668177599 9.3320145377966671e-05 0
727 1 1 112752000 125068662.87549137 58291843.58878424 2832208.5716376421 -15.939735551687537 26.608831267042905 0.080249365887012675 639.77149044195289 -0.00029829183495327352 0.0006510748293052425 9.5083274370727782e-05 0
728 1 1 112838400 123667942.44176587 60579700.382455997 2838607.5326866899 -16.483874264558771 26.34888705497486 0.067857639778499623 639.76990350248502 -0.00030914065461859003 0.00064137606287101106 9.6798547322791029e-05 0
729 1 1 112924800 122220334.94612885 62844597.30029875 2843931.4707541387 -17.025042564591949 26.077346770454721 0.055365187816139694 639.76832513592092 -0.00031979399141311216 0.00063148015654384258 9.8465401445684529e-05 0
730 1 1 113011200 120726107.89084134 65085530.98663228 2848171.8440599404 -17.562988346169814 25.794177568335424 0.04277575854794146 639.76675531655587 -0.00033024825010288073 0.00062139200473596034 0.00010008330253642645 0
731 1 1 113097600 119185550.75364758 67301495.468118727 2851320.44075272 -18.097455031293677 25.499351740640154 0.030093241057038408 639.7651940192211 -0.000340500185853415 0.00061111692358542253 0.00010165180330565022 0
732 1 1 113184000 117598975.37186469 69491482.60837467 2853369.391171651 -18.628181625779288 25.192846967512281 0.01732166789456667 639.76364114671037 -0.00035057383635197093 0.00060070683234166651 0.00010317810971554745 0
733 1 1 113270400 115966716.32118608 71654482.584387347 2854311.1803474058 -19.154902783369806 24.874646567108961 0.0044652170680744519 639.7620965566623 -0.0003604570422428125 0.00059014564747328292 0.00010465895096087978 0
734 1 1 113356800 114289131.28867875 73789484.384322107 2854138.6606082986 -19.677348878287564 24.544739744931903 -0.0084717868812154342 639.76056017579094 -0.00037013027731222677 0.00057940886602626839 0.00010608919640505062 0
735 1 1 113443200 112566601.43881564 75895476.327394783 2852845.0643289988 -20.195246093856323 24.203121854649449 -0.021484870711640212 639.75903196549859 -0.00037959052505764121 0.00056850147857815986 0.00010746841366807254 0
736 1 1 113529600 110799531.77126761 77971446.606497124 2850424.0168747199 -20.708316523777818 23.849794662320214 -0.034569410387348704 639.75751188027971 -0.0003888349113521235 0.00055742850094769121 0.00010879620019494086 0
737 1 1 113616000 108988351.46947153 80016383.853636086 2846869.5496975319 -21.216278284839525 23.48476661089672 -0.047720629540528858 639.75599987085923 -0.00039786070003055023 0.00054619496952134652 0.00011007217846388759 0
738 1 1 113702400 107133514.23888753 82029277.728330269 2842176.1135585243 -21.718845642966066 23.108053087031688 -0.060933598099716962 639.75449588421532 -0.00040666529925516151 0.0005348059357541768 0.00011129599547362771 0
739 1 1 113788800 105235498.6337755 84009119.529130489 2836338.5918596741 -22.215729152999387 22.719676689467409 -0.074203231124877977 639.75299986359425 -0.00041524625544092219 0.00052326646448830685 0.00011246732638548496 0
740 1 1 113875200 103294808.37128498 85954902.828376457 2829352.3140668748 -22.706635812670616 22.319667498409512 -0.087524287864798753 639.75151174852806 -0.00042360125269106524 0.00051158162728052732 0.00011358587283494729 0
741 1 1 113961600 101311972.63161226 87865624.130247042 2821213.0692042094 -23.191269231209979 21.908063345241203 -0.10089137105297154 639.75003147485552 -0.00043172811332676468 0.00049975649257602182 0.00011465136100057519 0
742 1 1 114048000 99287546.342942357 89740283.552103415 2811917.119398193 -23.669329813020948 21.484910081890174 -0.11429892645772399 639.74855897474129 -0.00043962480041708499 0.00048779612766377146 0.00011566354261214449 0
743 1 1 114134400 97222110.4500283 91577885.528890163 2801461.213406669 -24.140514952545288 21.05026184477984 -0.12774124376051488 639.74709427739344 -0.00044728941170102681 0.00047570559215889694 0.0001166221974339623 0
744 1 1 114220800 95116272.163144961 93377439.542419463 2789842.6005821079 -24.604519312496642 20.604181385796267 -0.14121244098223165 639.7456360134089 -0.0004554797371599081 0.00046426017677654249 0.00011771517398702927 0
745 1 1 114307200 92970665.184100255 95137960.877140671 2777059.0457142405 -25.061035007852581 20.146740282653376 -0.15470647685097313 639.74418258973617 -0.00046358670628456451 0.00045277824246101571 0.00011878833217807385 0
746 1 1 114393600 90785949.920694456 96858471.388822481 2763108.8415396102 -25.509751783683495 19.678019127909558 -0.16821716883263707 639.74273383710124 -0.00047148244752727111 0.00044113197888536934 0.00011981000814203652 0
747 1 1 114480000 88562813.677548289 98538000.297492966 2747990.8215701524 -25.950357331515733 19.198107843020402 -0.18173818104200457 639.74128971802384 -0.00047916358215478126 0.00042932527505959206 0.00012077963398447038 0
748 1 1 114566400 86301970.821102664 100175585.00471771 2731704.3733822592 -26.3825375770761 18.707105935136305 -0.19526302407623708 639.73985017575171 -0.00048662680541047929 0.00041736207775506276 0.00012169666152164657 0
749 1 1 114652800 84004162.919444472 101770271.93235412 2714249.4517982164 -26.805976978086679 18.205122740208708 -0.20878505697522293 639.73841515110689 -0.00049386888931317883 0.00040524639003822102 0.00012256056043324483 0
750 1 1 114739200 81670158.855626255 103321117.38202877 2695626.5918898927 -27.220358840023419 17.69227765935813 -0.22229748938990085 639.73698458246668 -0.00050088668308330018 0.00039298227182041383 0.00012337082222863591 0
751 1 1 114825600 79300754.91295591 104827188.41467476 2675836.9217779981 -27.625365649198855 17.168700386681842 -0.23579338414849654 639.73555840575136 -0.00050767711224601359 0.0003805738313994219 0.0001241269576054957 0
752 1 1 114912000 76896774.83075954 106287563.74934174 2654882.175191904 -28.020679423167657 16.634531127385308 -0.24926566023543581 639.73413655441198 -0.00051423717888051865 0.00036802522856646335 0.00012482849662869577 0
753 1 1 114998400 74459069.829122886 107701334.68039383 2632764.7037537675 -28.405982078386831 16.089920805089015 -0.26270709619618443 639.73271895941161 -0.00052056396551477093 0.00035534067580953832 0.00012547499203633027 0
754 1 1 115084800 71988518.601126447 109067606.01210842 2609487.4889496071 -28.780955814990854 15.535031257132246 -0.27611033398109747 639.73130554920192 -0.000526654634294641 0.00034252443143227719 0.00012606601797598456 0
755 1 1 115171200 69486027.271104202 110385497.00958736 2585054.153748875 -29.145283518466311 14.970035416670418 -0.28946788324042727 639.72989624970887 -0.0005325064275861906 0.00032958079681889884 0.00012660117149155289 0
756 1 1 115257600 66952529.317486934 111654142.36478227 2559468.9738309174 -29.498649177703847 14.395117480218396 -0.30277212613392118 639.72849098862298 -0.00053811666773779447 0.0003165141188322941 0.00012708007111860307 0
757 1 1 115344000 64388985.458807431 112872693.17633872 2532736.8883791147 -29.840738320449748 13.810473060254038 -0.3160153223371695 639.72708967674816 -0.0005435231604443881 0.00030335095923008818 0.00012751168262758585 0
758 1 1 115430400 61796383.500281468 114040317.94248015 2504863.510677611 -30.171238497338887 13.216309337715179 -0.32918960701477368 639.72569157581597 -0.00054912089730439881 0.00029029886115535474 0.00012798664157676677 0
759 1 1 115516800 59175738.139428049 115156203.56543007 2475855.1385097508 -30.489839709847374 12.612845157351616 -0.34228700572596321 639.72429601690453 -0.00055447174734492689 0.00027711092734800693 0.00012840344178647437 0
760 1 1 115603200 56528090.736329839 116219556.36211132 2445718.7627336956 -30.796234859124748 12.000311109329616 -0.35529944824889359 639.72290298172766 -0.00055957219281060878 0.00026379166365654545 0.00012876155965825997 0
761 1 1 115689600 53854509.039831482 117229603.08359091 2414462.0757230362 -31.090120276297064 11.378949627006014 -0.36821876729932351 639.72151240295284 -0.00056441878596833015 0.00025034566505727961 0.00012906049864765348 0
762 1 1 115776000 51156086.869499281 118185591.94080204 2382093.479398441 -31.371196226808969 10.74901504045234 -0.38103670678281626 639.72012421115721 -0.00056900815596246633 0.00023677761660335835 0.00012929978711465927 0
763 1 1 115862400 48433943.753366388 119086793.63396621 2348622.0925509762 -31.639167429228927 10.110773608297036 -0.3937449299767542 639.71873833479901 -0.00057333701547795544 0.00022309229409717439 0.00012947898611787422 0
764 1 1 115948800 45689224.520371854 119932502.38372694 2314057.7574370513 -31.893743585025014 9.464503525299607 -0.4063350282083053 639.717354700187 -0.00057740215985477316 0.00020929456006771522 0.00012959768456438113 0
765 1 1 116035200 42923098.846593626 120722036.96184784 2278411.0456022909 -32.134639918163074 8.8104949045252958 -0.41879853002450429 639.71597323145932 -0.00058120046854758553 0.00019538936227729055 0.00012965550077213234 0
766 1 1 116121600 40136760.754480705 121454741.71923503 2241693.2628921159 -32.36157772327816 8.1490497330380514 -0.43112691084680099 639.71459385055846 -0.00058472890727159083 0.00018138173414332975 0.00012965208879572605 0
767 1 1 116208000 37331428.064401336 122129987.60894948 2203916.4536075476 -32.574284921070074 7.4804818000867561 -0.44331160310186007 639.71321647721118 -0.00058798453094581178 0.00016727679390724908 0.00012958712987619651 0
768 1 1 116294400 34508341.797944374 122747173.2017923 2165093.4037655229 -32.772496619474836 6.8051165968268457 -0.45534400681673348 639.71184102890254 -0.00059096448817739361 0.00015307974768878938 0.00012946034223653338 0
769 1 1 116380800 31668765.532541562 123305725.69196372 2125237.6434242814 -32.955955679068282 6.1232911866940105 -0.46721550066371553 639.7104674208498 -0.00059366602229730622 0.0001387958796600039 0.00012927147874475749 0
770 1 1 116467200 28813984.707114223 123805101.89022571 2084363.4480355899 -33.12441328106496 5.4353540456325478 -0.4789174534389492 639.70909556597883 -0.00059608647610398199 0.00012443055452702063 0.0001290203263719228 0
771 1 1 116553600 25945305.878594972 124244789.20193245 2042485.8387871771 -33.27762949618802 4.7416648714759786 -0.49044123595519573 639.70772537490916 -0.0005982232883061494 0.00010998921846343936 0.00012870670510524944 0
772 1 1 116640000 23064055.929325957 124624306.58723646 1999620.581900557 -33.415373852602038 4.0425943618790052 -0.5017782333259676 639.70635675593292 -0.00060007400169815261 9.5477393998022e-05 0.00012833047528046861 0
773 1 1 116726400 20171581.225495834 124943205.50073163 1955784.1868514798 -33.537425901025095 3.3385239603127137 -0.51291985761616832 639.70498961500084 -0.00060163625994670382 8.0900681764258995e-05 0.00012789153587947259 0
774 1 1 116812800 17269246.726943031 125201070.80775681 1910993.9034824986 -33.643575775065621 2.6298455697550582 -0.52385756083221624 639.70362385570354 -0.00060290781877916661 6.6264755647675483e-05 0.00012738982412352062 0
775 1 1 116899200 14358435.048824556 125397521.67455761 1865267.7179796 -33.733624744768228 1.9169612338371573 -0.53458284822147584 639.70225937925841 -0.00060388654064740714 5.1575365350643219e-05 0.00012682531197578281 0
776 1 1 116985600 11440545.475826161 125532212.42948908 1818624.3476875904 -33.807385761299223 1.2002827853418652 -0.54508729184751148 639.70089608449689 -0.00060457040240138947 3.6838332325780063e-05 0.00012619801308220662 0
777 1 1 117072000 8516992.92977033 125604833.39243913 1771083.2347419688 -33.864683990659273 0.48023146209331041 -0.55536254440498489 639.6995338678588 -0.0006049574921482689 2.2059546593367078e-05 0.00012550798670807155 0
778 1 1 117158400 5589206.8916626815 125615111.66966239 1722664.5384981434 -33.905357334278257 -0.2427625095741773 -0.56540035323774163 639.69817262338927 -0.00060504601504207331 7.2449651712565375e-06 0.00012475532623976613 0
779 1 1 117244800 2658630.2794035841 125562811.91123696 1673389.1267421567 -33.929256934326084 -0.96826036342461563 -0.57519257451929717 639.69681224273597 -0.00060483429807579154 -7.5993843340188132e-06 0.00012394016803731121 0
780 1 1 117331200 -273281.71742049087 125447737.0283931 1623278.5656707655 -33.936247661563101 -1.6958152735053087 -0.58473118755235476 639.69545261514372 -0.00060432079263220335 -2.246741085573376e-05 0.00012306269001254098 0
781 1 1 117417600 -3205062.8440632522 125269728.86801308 1572355.1086324735 -33.926208583555926 -2.424972865244853 -0.59400830914334835 639.69409362746455 -0.00060350406820903308 -3.7352963242725367e-05 0.00012212311348306845 0
782 1 1 117504000 -6135237.0266728252 125028668.84166606 1520641.6836250324 -33.899033411102664 -3.1552717566350554 -0.60301620800548761 639.69273516416922 -0.00060238282624536742 -5.2249831701566701e-05 0.00012112170181676782 0
783 1 1 117590400 -9062319.6558990646 124724478.50662039 1468161.8795490141 -33.854630920740789 -3.8862441285013278 -0.61174731914210134 639.69137710735083 -0.00060095589748160858 -6.7151742591376406e-05 0.00012005876305214776 0
784 1 1 117676800 -11984818.905897088 124357120.0963693 1414939.9312213014 -33.792925351253167 -4.6174163227014349 -0.62019425816072282 639.69001933674997 -0.00059922224306921 -8.2052369945057437e-05 0.00011893464819439799 0
785 1 1 117763200 -14901237.086392518 123926596.9983125 1361000.7031566324 -33.713856772147558 -5.3483094669272164 -0.62834983546763234 639.68866172977278 -0.00059718095947019177 -9.6945334872692145e-05 0.00011774974852578252 0
786 1 1 117849600 -17810072.025302023 123432954.17635876 1306369.672129781 -33.617381422156981 -6.0784401246201414 -0.63620707029051005 639.68730416151607 -0.00059483128381275594 -0.00011182420595646878 0.00011650450223700523 0
787 1 1 117936000 -20709818.479237586 122876278.53634991 1251072.9085354875 -33.503472015893124 -6.8073209683546656 -0.64375920447723478 639.68594650479622 -0.00059217259096084501 -0.00012668250547621251 0.00011519938824627037 0
788 1 1 118022400 -23598969.56906594 122256699.23235461 1195137.0565677111 -33.372118016887008 -7.5344614748894934 -0.65099971601845652 639.68458863018895 -0.00058920439780448723 -0.00014151370968924437 0.0001138349304007507 0
789 1 1 118108800 -26476018.237546675 121574387.91204333 1138589.3132443931 -33.223325875365298 -8.2593686399399449 -0.65792233224080732 639.68323040606754 -0.00058592636737288912 -0.0001563112520533243 0.00011241169735618223 0
790 1 1 118195200 -29339458.725935441 120829558.89952959 1081457.4063084093 -33.057119229237699 -8.9815477105865895 -0.66452104261914524 639.68187169865303 -0.00058233830805794326 -0.00017106852678238979 0.0001109302989621745 0
791 1 1 118281600 -32187788.066312853 120022469.31424855 1023769.5710398648 -32.873539066911576 -9.7005029331055095 -0.67079011115608533 639.68051237206271 -0.00057844018260113316 -0.00018577889184529287 0.00010939138729015516 0
792 1 1 118368000 -35019507.586286604 119153419.12464049 965554.52601933561 -32.672643850701753 -10.415738313886889 -0.67672408827785935 639.6791522883675 -0.00057423210224071377 -0.00020043567307504524 0.00010779565738055413 0
793 1 1 118454400 -37833124.422614738 118222751.13561277 906841.44788598351 -32.45450959976688 -11.126758391001509 -0.68231782219703174 639.67779130765678 -0.00056971433513130099 -0.00021503216758804306 0.00010614384968030923 0
794 1 1 118540800 -40627153.040213406 117230850.90896976 847659.94513866433 -32.219229931677688 -11.833069013880275 -0.68756646969527413 639.67642928810346 -0.00056488730730267942 -0.00022956164534061852 0.00010443674054594893 0
795 1 1 118627200 -43400116.752942607 116178146.61622146 788040.03103212186 -31.966916061903401 -12.534178128492172 -0.69246550627974446 639.67506608604151 -0.00055975159998191814 -0.00024401735560949163 0.00010267515358824895 0
796 1 1 118713600 -46150549.242510118 115065108.82341191 728012.09562431823 -31.697696760694448 -13.229596565340175 -0.69701073566981664 639.67370155604908 -0.00055430795905233156 -0.0002583925274250422 0.00010085994875064152 0
797 1 1 118800000 -48876996.07179711 113892250.20784074 667606.8770344808 -31.411718267034679 -13.918838827545098 -0.70119829857388494 639.67233555103053 -0.00054855729346831061 -0.00027268037675657708 9.8992027715645307e-05 0
798 1 1 118886400 -51578016.188889481 112660125.20679025 606855.43197491078 -31.109144159537422 -14.601423876253994 -0.70502468071773439 639.67096792230905 -0.00054250067736719924 -0.0002868741097499961 9.7072330462676316e-05 0
799 1 1 118972800 -54252183.418096654 111369329.59860855 545789.10562271986 -30.790155184365112 -15.276875910592608 -0.70848672009003477 639.66959851972251 -0.0005361393534386884 -0.00030096692725087776 9.5101837781169982e-05 0
800 1 1 119059200 -56898087.934255511 110020500.01674084 484439.50090051279 -30.454949040458168 -15.944725139382239 -0.7115816133738716 639.66822719172467 -0.00052947473295694518 -0.00031495202903156428 9.3081565234805804e-05 0
801 1 1 119145600 -59514337.71665094 108614313.39753971 422838.44723754999 -30.103740122565135 -16.60450854185914 -0.71430692153669006 639.6668537854938 -0.00052250839649116009 -0.00032882261820688357 9.1012565889290981e-05 0
802 1 1 119232000 -62099559.978935555 107151486.36292224 361017.96888518147 -29.736759222772086 -17.255770614669803 -0.71666057455465315 639.6654781470512 -0.000515242097351481 -0.00034257190558870598 8.8895927203724317e-05 0
803 1 1 119318400 -64652402.571500465 105632774.53917681 299010.25286220352 -29.354253191430978 -17.898064102468421 -0.71864087525183562 639.66410012137158 -0.00050767776309586915 -0.00035619311739470364 8.6732772215322891e-05 0
804 1 1 119404800 -67171535.352834865 104058971.81344792 236847.61660733126 -28.956484558583735 -18.530950709511529 -0.72024650223854836 639.66271955250852 -0.00049981749284883461 -0.00036967949572201176 8.4524257942138019e-05 0
805 1 1 119491200 -69655651.52651602 102430909.52965188 174562.47541712804 -28.543731117170541 -19.154001789731446 -0.7214765119378802 639.66133628372847 -0.00049166356045057434 -0.00038302430771731656 8.2271572108435102e-05 0
806 1 1 119577600 -72103468.940589875 100749455.62578695 112187.3097484921 -28.11628546949466 -19.766799012871779 -0.72233033969350169 639.65995015763338 -0.00048321842116016978 -0.00039622084719994168 7.9975932181917451e-05 0
807 1 1 119664000 -74513731.346237302 99015513.714806572 49754.632465240997 -27.674454538589377 -20.36893500438461 -0.72280779995581501 639.65856101629777 -0.00047448470519585349 -0.0004092624403297653 7.7638587119342609e-05 0
808 1 1 119750400 -76885209.612771109 97230022.11141789 -12703.043891623973 -27.218559046295645 -20.960013956921458 -0.72290908554841538 639.65716870140773 -0.00046546521691182344 -0.00042214245879839844 7.5260815356110138e-05 0
809 1 1 119836800 -79216702.89617075 95393952.807347924 -75153.239730779518 -26.74893296001277 -21.539652211391981 -0.72263476602180232 639.65577305440092 -0.00045616294031793406 -0.00043485431520246242 7.2843918391413191e-05 0
810 1 1 119923200 -81507039.758538082 93508310.397788823 -137563.54085612533 -26.265922910222034 -22.107478805720906 -0.72198578510437661 639.65437391661442 -0.00044658103572419074 -0.00044739147120424863 7.0389225529690497e-05 0
811 1 1 120009600 -83755079.236044586 91574130.961887851 -199901.6306535989 -25.769887581007495 -22.663135989601283 -0.72096345726533684 639.65297112943085 -0.00043672284037033496 -0.00045974744827700481 6.7898089881018894e-05 0
812 1 1 120096000 -85959711.853135973 89592480.900287345 -262135.32194335153 -25.261197075908576 -23.206279703716532 -0.71956946340898997 639.65156453442648 -0.00042659186417967821 -0.00047191583081449988 6.5371885877106827e-05 0
813 1 1 120182400 -88119860.580969021 87564455.732843786 -324232.58842318773 -24.740232261533876 -23.73658002208591 -0.71780584572296136 639.65015397352352 -0.00041619179422387672 -0.00048389026814574042 6.2812009323788684e-05 0
814 1 1 120268800 -90234481.738264889 85491178.859763697 -386161.59563127777 -24.207384091443792 -24.253721556378874 -0.71567500170687703 639.6487392891413 -0.00040552649530724847 -0.00049566448228518091 6.0219875349350629e-05 0
815 1 1 120355200 -92302565.832986414 83373800.289485142 -447890.73135862459 -23.663052912870036 -24.757403821238007 -0.71317967741178223 639.64732032434472 -0.00039460000227203813 -0.00050723227966098343 5.7596916788802862e-05 0
816 1 1 120441600 -94323138.343468517 81213495.336707667 -509388.63544450741 -23.107647758886362 -25.247341559845189 -0.71032295992358774 639.6458969229983 -0.00038341652046343318 -0.00051858754888288049 5.4944583644581904e-05 0
817 1 1 120528000 -96295260.437858284 79011463.294032052 -570624.22889114299 -22.541585628673513 -25.723265029165056 -0.70710826912718139 639.64446892991975 -0.00037198042581415992 -0.00052972427127988882 5.2264339259749023e-05 0
818 1 1 120614400 -98218029.630951509 76768926.080711022 -631566.74223709793 -21.965290758532134 -26.184920244498105 -0.70353934879039226 639.64303619103123 -0.00036029625953949685 -0.00054063652340432058 4.9557660255413656e-05 0
819 1 1 120700800 -100090580.37774059 74487126.872035116 -692185.74313245539 -21.379193886293038 -26.632069183171978 -0.69962025700940211 639.64159855351454 -0.00034836872845345608 -0.00055131848476827063 4.6826033790641856e-05 0
820 1 1 120787200 -101912084.60321668 72167328.712884948 -752451.16306246084 -20.783731511753942 -27.064489947393351 -0.69535535605955812 639.64015586595451 -0.0003362027011177316 -0.00056176444628329664 4.4070956526740704e-05 0
821 1 1 120873600 -103681752.16819549 69810813.118970186 -812333.32317022095 -20.17934515573468 -27.481976886470488 -0.69074930169706517 639.63870797848892 -0.00032380320467151341 -0.00057196880810528935 4.1293934562942475e-05 0
822 1 1 120960000 -105398831.2711577 67418878.669250175 -871802.95913304167 -19.566480620293255 -27.884340678800861 -0.685807031958788 639.637254742957 -0.00031117542309516189 -0.00058192609405217281 3.8496482084664552e-05 0
823 1 1 121046400 -107062608.78631133 64992839.592989348 -930831.24505114276 -18.945587252579138 -28.271408374193836 -0.68053375550911821 639.63579601303479 -0.00029832469169952322 -0.00059163095155150274 3.5680114982763427e-05 0
824 1 1 121132800 -108672410.53823678 62534024.354970716 -989389.81631801068 -18.317117213277243 -28.643023394101199 -0.67493493973828511 639.6343317011432 -0.00028525649431599011 -0.000601078157752853 3.2846353597857019e-05 0
825 1 1 121219200 -110227601.51437466 60043774.240816094 -1047450.7913702471 -17.681524776049923 -28.999045542904355 -0.66901629605340052 639.63286095298622 -0.00027223334731763443 -0.00061082483846368861 3.0024334502743744e-05 0
826 1 1 121305600 -111727586.01692264 57523441.943817951 -1104986.7922152465 -17.039265603422237 -29.33935091477473 -0.66278376879580225 639.63138255435967 -0.0002590894922662918 -0.00062057731724683685 2.7193971087272418e-05 0
827 1 1 121392000 -113171807.7508035 54974390.165503576 -1161970.9641946042 -16.39079601925652 -29.663831724394413 -0.65624352543802866 639.62989604354118 -0.00024572007935011393 -0.00063010839565146482 2.4344197702562969e-05 0
828 1 1 121478400 -114559749.85174337 52397990.227737479 -1218376.9946183728 -15.736572339589907 -29.97239619092624 -0.64940194158435915 639.6284012248841 -0.00023212846756088431 -0.00063941334434479337 2.1476094251881377e-05 0
829 1 1 121564800 -115890934.85707337 49795620.696349673 -1274179.1301242958 -15.077050212757314 -30.264968378891925 -0.64226558680335433 639.6268978815724 -0.00021831812272457909 -0.00064848746102936421 1.859074186359812e-05 0
830 1 1 121651200 -117164924.61982746 47168666.020856693 -1329352.192859608 -14.412683969538181 -30.541487990347129 -0.63484121125956838 639.62538579846989 -0.00020429262036910408 -0.00065732607516480826 1.5689221434125791e-05 0
831 1 1 121737600 -118381320.16753672 44518515.193497337 -1383871.5955031123 -13.743925992977482 -30.801910125619653 -0.62713573225088071 639.62386480860266 -0.00019005564905068178 -0.00066592455261825316 1.2772617049172848e-05 0
832 1 1 121824000 -119539761.50775185 41846560.429190487 -1437713.3551082949 -13.071226118667539 -31.046205050006812 -0.61915622024149697 639.62233426193768 -0.0001757377878579597 -0.00067476737467352772 9.8480804774844275e-06 0
833 1 1 121910400 -120639927.38345273 39154195.86332868 -1490854.1057259701 -12.395031072087717 -31.274358010951424 -0.61090988491008569 639.62079121901547 -0.00016160217785222931 -0.00068510865443668846 6.9206494060443576e-06 0
834 1 1 121996800 -121681534.97872618 36442816.274296477 -1543271.1099382497 -11.715783859284064 -31.486368753831233 -0.60240406444756167 639.61923329525052 -0.0001471800957032562 -0.00069529815218982098 3.9630790831317211e-06 0
835 1 1 122083200 -122664339.57191296 33713815.854158282 -1594942.269462043 -11.033923209326392 -31.682251086553876 -0.59364621259093586 639.61766026353746 -0.0001324702481073581 -0.00070532959181600309 9.7573291127320507e-07 0
836 1 1 122169600 -123588134.14591755 30968587.001454912 -1645846.1344389811 -10.349883100641353 -31.862032655693071 -0.58464388326766914 639.61607175207064 -0.00011747158189750237 -0.0007151969897312674 -2.0410029707796341e-06 0
837 1 1 122256000 -124452748.95650636 28208519.141875613 -1695961.9115401458 -9.6640922742370829 -32.025754569181878 -0.57540471787483238 639.61446722295796 -0.00010220103326972665 -0.00072502582422705609 -5.0878485964574472e-06 0
838 1 1 122342400 -125258051.05977347 25434997.582092911 -1745269.4709750204 -8.976973773486387 -32.173470994454554 -0.56593643258429083 639.61284606840775 -8.664015926120707e-05 -0.00073473371258622148 -8.1649500633029231e-06 0
839 1 1 122428800 -126003943.80088851 22649402.399925992 -1793749.3524066752 -8.2889445105088271 -32.305248733489243 -0.55624680576194752 639.61120783376441 -7.0780960061288833e-05 -0.00074427344215504245 -1.1271804280334955e-05 0
840 1 1 122515200 -126690366.26676472 19853107.37070569 -1841382.7697935575 -7.6004148634548434 -32.421166804195366 -0.54634366572347981 639.60955211341729 -5.462165904211416e-05 -0.00075363215120532014 -1.4407949683235651e-05 0
841 1 1 122601600 -127317292.70508805 17047478.930449408 -1888151.6151893998 -6.9117883005403478 -32.521316006680756 -0.53623487884849563 639.60787850570034 -3.8161457737569937e-05 -0.00076280250125597296 -1.7572947729258831e-05 0
842 1 1 122688000 -127884731.91203853 14233875.17707812 -1934038.4615300563 -6.2234610314105527 -32.605798477234821 -0.52592833801913508 639.6061866086925 -2.13997883526119e-05 -0.0007717775146424096 -2.0766338820024823e-05 0
843 1 1 122774400 -128392726.59108439 11413644.91054702 -1979026.5644363391 -5.5358216861485907 -32.674727233933801 -0.51543195140713105 639.6044760214296 -4.3362641964029832e-06 -0.00078054910608968322 -2.39876060181888e-05 0
844 1 1 122860800 -128841352.68523178 8588126.7125240639 -2023099.8630639734 -4.8492510217853679 -32.728225715915862 -0.50475363163404952 639.60274634500661 1.3029235633126479e-05 -0.0007891092464288222 -2.7236202140772912e-05 0
845 1 1 122947200 -129230718.68509541 5758648.0660840627 -2066242.9800338743 -4.1641216560267527 -32.766427318060636 -0.49390128532363853 639.60099718229276 3.0696573100973855e-05 -0.0007974498577242923 -3.0511543922307686e-05 0
846 1 1 123033600 -129560964.91512556 2926524.5157520892 -2108441.2204770804 -3.4807978278124274 -32.789474922557034 -0.48288280305809583 639.59922813802848 4.8665342890101921e-05 -0.00080556270590275835 -3.3813009841097843e-05 0
847 1 1 123120000 -129832262.80028981 93058.868098126928 -2149680.5702298493 -2.7996351842398246 -32.797520428902487 -0.47170604975132724 639.59743881903876 6.6934866360734787e-05 -0.00081343942472133514 -3.7139945216983268e-05 0
848 1 1 123206400 -130044814.11546439 -2740459.5670456802 -2189947.6932153688 -2.1209805933022023 -32.790724283801808 -0.46037885544861024 639.59562883435058 8.5504196141984517e-05 -0.00082107156515273129 -4.0491655281174031e-05 0
849 1 1 123292800 -130198850.21973909 -5572755.6947959531 -2229229.9280491937 -1.4451719818209661 -32.769255012322958 -0.44890900655863097 639.59379779558844 0.0001043720676153915 -0.00082845035576153807 -4.3867391745899871e-05 0
850 1 1 123379200 -130294631.27778375 -8402569.3130227383 -2267515.2839060877 -0.7725381978813961 -32.733288751634078 -0.43730423752565356 639.59194531733033 0.0001235369164902052 -0.00083556699710060818 -4.7266374179555353e-05 0
851 1 1 123465600 -130332445.47036029 -11228655.75002582 -2304792.4356865259 -0.10339889701994437 -32.683008788558752 -0.42557222294580505 639.59007101720238 0.00014299686956465029 -0.00084241258551880625 -5.0687782913572817e-05 0
852 1 1 123552000 -130312608.19599931 -14049786.462461144 -2341050.7185211857 0.56193554863447237 -32.618605102069459 -0.41372057012631908 639.58817451612219 0.00016274973158802644 -0.00084897811402153615 -5.4130747710032641e-05 0
853 1 1 123638400 -130235461.26578742 -16864749.593990918 -2376280.1216517389 1.2231641191105211 -32.540273911791608 -0.40175681208912017 639.58625543851883 0.00018279298340404221 -0.00085525450680165366 -5.7594359491440859e-05 0
854 1 1 123724800 -130101372.0931385 -19672350.495219763 -2410471.2817263254 1.87999519411829 -32.448217233498973 -0.38968840101768082 639.58431341254686 0.00020312377256972715 -0.00086123260795908094 -6.1077669094413486e-05 0
855 1 1 123811200 -129910732.88034263 -22471412.2055602 -2443615.4755477929 2.5321465802582916 -32.342642442495077 -0.37752270214140038 639.58234807037923 0.00022373889460890065 -0.00086690316306103779 -6.4579672334702607e-05 0
856 1 1 123897600 -129663959.8036083 -25260775.897744861 -2475704.612312315 3.1793455188542254 -32.223761845706854 -0.36526698805451552 639.58035904846497 0.0002446348008223 -0.00087225688804508383 -6.8099331314818475e-05 0
857 1 1 123984000 -129361492.19823082 -28039301.28577115 -2506731.2253757492 3.8213286753654843 -32.091792263231525 -0.35292843346332392 639.57834598774457 0.00026580758766669212 -0.00087728445868921604 -7.1635560134951051e-05 0
858 1 1 124070400 -129003791.74543577 -30805866.997123729 -2536688.4635843188 4.4578421113463902 -31.946954619995005 -0.34051411035269302 639.57630853388991 0.0002872529946463882 -0.00088197653523769523 -7.5187227829096094e-05 0
859 1 1 124156800 -128591341.66236483 -33559370.910174683 -2565570.0822055633 5.0886412399283945 -31.789473548112596 -0.32803098356528226 639.57424633750497 0.00030896640891444217 -0.00088632378783728906 -7.8753166745021324e-05 0
860 1 1 124243200 -128124645.89665546 -36298730.457527973 -2593370.4334774092 5.7134907640301726 -31.619576995980417 -0.31548590635181029 639.57215913319919 0.0003309428431358589 -0.00089031686817706891 -8.2332158433062416e-05 0
861 1 1 124329600 -127604228.3269906 -39022882.896245278 -2620084.4567957199 6.332164606448063 -31.437495868879502 -0.30288561799859082 639.57004647805627 0.00035349144564391125 -0.00089474250885478569 -8.5999458105415731e-05 0
862 1 1 124416000 -127030631.96032432 -41730785.571192145 -2645707.6710819267 6.9444461230267835 -31.243464381072446 -0.29023681221529629 639.56789505205199 0.00038018564697574176 -0.00090800481735202722 -9.0602016409386014e-05 0
863 1 1 124502400 -126404418.12330526 -44421416.177541785 -2670236.1700953189 7.5501277078347657 -31.037718916378527 -0.27754606111671887 639.56569241757393 0.00040760237244039609 -0.00092088018361831869 -9.5287126299116725e-05 0
864 1 1 124588800 -125726165.70894852 -47093772.877500497 -2693666.6063250899 8.149010400411548 -30.820497030188719 -0.26481974617626974 639.5634387417889 0.00043573534241611855 -0.00093334030008221088 -0.000100052244327885 0
865 1 1 124675200 -124996470.41881035 -49746874.430428334 -2715996.178418776 8.7409040519360204 -30.592037896536951 -0.25206412781808091 639.56113330392373 0.00046457708328657992 -0.00094535697318130307 -0.00010489466789675701 0
866 1 1 124761600 -124215944.00823317 -52379760.31673 -2737222.6204202026 9.3256271728442055 -30.35258194427286 -0.23928533876676822 639.55877539906885 0.00049411893232679746 -0.00095690217706356957 -0.00010981153547502642 0
867 1 1 124848000 -123385213.54426287 -54991490.833257586 -2757344.1906672036 9.9030067907370967 -30.102370557993577 -0.22648938250120912 639.55636433868199 0.000524351066960107 -0.00096794811605279178 -0.00011479984089697362 0
868 1 1 124934400 -122504920.6761986 -57581147.16343645 -2776359.6605690052 10.472878300194624 -29.841645792010489 -0.21368213201270247 639.55389945105242 0.00055526251327997381 -0.00097846727340427839 -0.00011985643517521052 0
869 1 1 125020800 -121575720.91953228 -60147831.423088118 -2794268.3032688443 11.035085302991405 -29.570650093545684 -0.20086932835471613 639.55138015473699 0.00058684115715272958 -0.00098843244625929625 -0.00012497802716773072 0
870 1 1 125107200 -120598282.95339528 -62690666.683899805 -2811069.8823199803 11.589479464632069 -29.289626077282513 -0.18805658438804571 639.54880529983791 0.00061948764084842906 -0.00099849009766258537 -0.00013024963084947247 0
871 1 1 125193600 -119573287.92467228 -65208796.98713693 -2826764.641953297 12.135920527623407 -28.998816558364169 -0.17524942279408395 639.54616767840366 0.00065534721714228411 -0.0010118931752263417 -0.00013612033898031188 0
872 1 1 125280000 -118501428.76043592 -67701387.3452968 -2841353.2986478298 12.674275926102169 -28.698463960085409 -0.16245323029434813 639.54346082705729 0.00069214498480235458 -0.001024748734275399 -0.00014209634647683551 0
873 1 1 125366400 -117383409.52517487 -70167623.676260233 -2854837.0263971598 13.204420439673534 -28.388809836540865 -0.14967322258589391 639.54068402789471 0.00072987302306363273 -0.0010370211473892696 -0.00014817460695528017 0
874 1 1 125452800 -116219944.78337328 -72606712.737039134 -2867217.4442412662 13.726236201739955 -28.070094985581637 -0.13691448585138258 639.53783616368275 0.00076852197399471353 -0.0010486748411328054 -0.00015435188235757665 0
875 1 1 125539200 -115011758.97272523 -75017882.048824012 -2878496.6049686386 14.239612501243192 -27.742559229749254 -0.12418197448045105 639.53491613159645 0.0008080810430817247 -0.0010596743658534261 -0.00016062474232644082 0
876 1 1 125625600 -113759585.79399602 -77400379.80462195 -2888676.9837573608 14.744445594828029 -27.406441230852074 -0.11148051174883231 639.5319228440311 0.00084853800398758861 -0.0010699844386415915 -0.00016698957470811078 0
877 1 1 125712000 -112464167.61756426 -79753474.760947615 -2897761.4668125249 15.240638508018895 -27.061978305485443 -0.098814788936817846 639.52885546157154 0.00088987921235232788 -0.0010795700074909566 -0.00017344258425017387 0
878 1 1 125798400 -111126254.90412159 -82076456.117751092 -2905753.3405209174 15.728100944416491 -26.70940638156106 -0.086189385372566554 639.52571084192061 0.00093372648088450774 -0.0010903016249064613 -0.00018028928317716337 0
879 1 1 125884800 -109746605.61906034 -84368633.410533994 -2912656.2849845118 16.206749533727763 -26.348960326216613 -0.073608851408888287 639.52247285865758 0.00098520788348779539 -0.0011076981767983319 -0.00018848049179847294 0
880 1 1 125971200 -108325984.65349554 -86629336.397941098 -2918474.3693979727 16.676507031928161 -25.980873072796346 -0.061077593763203313 639.51912801531569 0.0010382303151724621 -0.0011243372169893065 -0.00019685009411000458 0
881 1 1 126057600 -106865163.33806229 -88857914.849653438 -2923212.0331640588 17.137301734013533 -25.605375061736687 -0.048599803437159909 639.51567501259353 0.0010927872971479543 -0.0011401599727318345 -0.00020539405165418792 0
882 1 1 126144000 -105364918.94417243 -91053738.359966725 -2926874.0727442876 17.58906779352046 -25.222694734402253 -0.036179554620885027 639.51211163632649 0.0011488954768410931 -0.001155133010374836 -0.00021411259466472965 0
883 1 1 126230400 -103826034.18759373 -93216196.168378904 -2929465.6313451203 18.03174499789743 -24.83305838120431 -0.023820799793795165 639.50843564688432 0.0012065410898188197 -0.0011691920738090664 -0.00022300045398562573 0
884 1 1 126316800 -102249296.75019182 -95344696.969002753 -2930992.1884169956 18.465278571744633 -24.436690033480282 -0.011527370095356487 639.50464495886808 0.0012656939309664246 -0.0011822604302527762 -0.0002320495737543216 0
885 1 1 126403200 -100635498.8165123 -97438668.712961063 -2931459.549560213 18.88961904993155 -24.033811426819845 0.00069701213780246866 639.50073630176337 0.001327144583861375 -0.001195001480289866 -0.00024139680071755471 0
886 1 1 126489600 -98985436.619501963 -99497558.409314245 -2930873.8378139446 19.304722150237595 -23.624641962920084 0.012848721537055328 639.49670402140623 0.0013915076284640481 -0.0012078246431870678 -0.00025114375852556658 0
887 1 1 126576000 -97299910.005758777 -101520831.91521376 -2929241.4844458951 19.710548432283776 -23.209398489307784 0.024924255739865717 639.49254361370913 0.0014575659491080841 -0.0012195430650023687 -0.00026107108760563161 0
888 1 1 126662400 -95579722.03003858 -103507973.70809223 -2926569.2175408597 20.107063072453521 -22.788295199807159 0.03692024087650457 639.48825263396498 0.0015253076773178123 -0.0012300923652916304 -0.00027117375956194138 0
889 1 1 126748800 -93825678.558567241 -105458486.6588915 -2922864.0519677387 20.494235784139278 -22.361543666689851 0.04883341202393357 639.48382850244184 0.001594718302425222 -0.0012394078900997069 -0.00028144637486849261 0
890 1 1 126835200 -92038587.884707645 -107371891.80317953 -2918133.2800431782 20.87204064376693 -21.929352789043044 0.060660610923208916 639.4792684992168 0.0016658856614998742 -0.0012475030905401278 -0.00029190091726030465 0
891 1 1 126921600 -90219260.359133124 -109247728.10844561 -2912384.4624622241 21.240455923097521 -21.491928751142108 0.072398783096106659 639.47456968733059 0.0017388819073564969 -0.0012543705244471843 -0.00030254631527161014 0
892 1 1 127008000 -88368508.033511698 -111085552.23860833 -2905625.4196196147 21.599463958793162 -21.049475010098291 0.08404496920482353 639.46972816442428 0.0018142371205406378 -0.0012603124430941701 -0.00031346861560494193 0
893 1 1 127094400 -86487144.3168955 -112884938.3166007 -2897864.223410516 21.949050940966544 -20.602192229988091 0.095596310693176881 639.46474001648471 0.0018914158890861506 -0.0012648667746796168 -0.00032457296264342143 0
894 1 1 127180800 -84575983.653528795 -114645477.67930362 -2889109.1879899041 22.289206699749091 -20.150278221600818 0.10705005619941414 639.45960235004304 0.0019702805552156131 -0.0012678829412838845 -0.00033583322996120444 0
895 1 1 127267200 -82635841.212994382 -116366778.63184324 -2879368.8609905993 22.619924591402885 -19.693927956778982 0.11840355166679964 639.45431238291474 0.0020508119309786072 -0.0012692969618823154 -0.00034724347432238926 0
896 1 1 127353600 -80667532.591846615 -118048466.20195919 -2868652.0152844479 22.941201350608718 -19.233333559347546 0.12965423690578309 639.44886731394206 0.0021329881766196887 -0.0012690445390072646 -0.00035879738966692969 0
897 1 1 127440000 -78671873.528278574 -119690181.89351021 -2856967.6409673528 23.253036939239614 -18.768684296118145 0.14079964338380521 639.44326433925175 0.0022167846754478728 -0.001267061124813566 -0.00037048828468522622 0
898 1 1 127526400 -76649679.629658729 -121291583.43943705 -2844324.9375405172 23.555434399639097 -18.300166573266161 0.15183739190137657 639.43750065500569 0.0023021738733000523 -0.0012632819727154299 -0.00038230908414774905 0
899 1 1 127612800 -74601766.112577021 -122852344.55461405 -2830733.306292335 23.848399711782374 -17.827963937318678 0.16276519027198014 639.43157346018438 0.0023891253613913086 -0.0012576423207079866 -0.00039425234173324776 0
900 1 1 127699200 -72528947.55518876 -124372154.68891536 -2816202.3428607332 24.131941651247896 -17.35225707899178 0.17358083149741366 639.42548001609225 0.0024776061265439596 -0.0012500776611903122 -0.0004063102913705972 0
901 1 1 127785600 -70432037.726513162 -125850718.75103079 -2800741.8199013742 24.406070053879482 -16.873223108424167 0.18428243948439524 639.41924662294218 0.0025681377276774637 -0.0012407915345407406 -0.00041856212768181579 0
902 1 1 127872000 -68311849.519597843 -127287756.81002229 -2784361.6604074878 24.670801056192154 -16.391038509875219 0.19486751583156969 639.41282781592736 0.002952752236613526 -0.0013638822736697529 -0.000476276521289515 0
903 1 1 127958400 -66169187.889933273 -128683006.94857092 -2767072.9808158753 24.926366996474403 -15.90597171985543 0.20530134469266292 639.4023303694371 0.0067664371558407432 -0.0029751778717278174 -0.0010444404293851572 0
904 1 1 128044800 -64004808.699191086 -130036242.24801742 -2748894.0262363595 25.173756445825525 -15.418593874752359 0.21544292781269975 639.37049131908407 0.020587139808079444 -0.0086126609789141956 -0.0030203058426867165 0
905 1 1 128131200 -61819372.204255171 -131347287.36742896 -2729856.261133106 25.413852378657964 -14.929379195790693 0.22517727699529494 639.3022880117162 0.036474520253761168 -0.014498014819479689 -0.0051762159119005946 0
906 1 1 128217600 -59613500.950028889 -132615989.67406721 -2709995.3340107794 25.646794140273325 -14.43845106445773 0.23449693982225389 639.19618239699184 0.052704439473370356 -0.01985622025768977 -0.0073553292961231441 0
907 1 1 128304000 -57387810.159062989 -133842204.94887383 -2689347.55106758 25.872653976544505 -13.945899419359208 0.24338658428246371 639.05179909244202 0.069461856752971174 -0.02475716655940375 -0.009742667394939581 0
908 1 1 128390400 -55142907.20856338 -135025797.23276678 -2667951.7074145125 26.091539612825827 -13.451824829195065 0.25180421994832991 638.8680805988115 0.08689004495048254 -0.02925264433906501 -0.012515003395052144 0
909 1 1 128476800 -52879389.579179257 -136166639.32971129 -2645851.1484680022 26.303568410336688 -12.956328149128529 0.25968797481734002 638.64374770187192 0.10495807148980915 -0.033331493622730059 -0.015784352431502034 0
910 1 1 128563200 -50597845.021546036 -137264612.49285921 -2623095.062253275 26.50884506788875 -12.459503184076725 0.26696633594536939 638.3776948497449 0.12349510281230398 -0.036940799569866012 -0.019580294752148862 0
911 1 1 128649600 -48298853.392024174 -138319605.61729723 -2599738.8236617851 26.707445380389196 -11.961432565848794 0.27356947047397867 638.06928113698496 0.14223157590508351 -0.040006413231810818 -0.023849672382268941 0
912 1 1 128736000 -45982989.665205307 -139331514.18718871 -2575843.3842416243 26.899405049486745 -11.462186075010823 0.27943972332670231 637.71853551688298 0.16083220473584886 -0.042448424089085494 -0.028468551759038185 0
913 1 1 128822400 -43650827.735258847 -140300239.16038114 -2551473.8401896465 27.084712471620556 -10.961820788890053 0.28453998014625859 637.32629315818906 0.1789227255555981 -0.044192942534339329 -0.033261413226824493 0
914 1 1 128908800 -41302944.69405137 -141225685.92886212 -2526697.3958116691 27.263304829119782 -10.460382627763963 0.28885923929753698 636.89427173970955 0.19611283064797985 -0.04518111572763691 -0.038022949383554501 0
915 1 1 128995200 -38939925.31939704 -142107763.46076661 -2501580.9719536235 27.435067082429779 -9.9579089577107158 0.29241527303166431 636.42509229886252 0.2120166670886684 -0.045375734681816694 -0.042539169101943275 0
916 1 1 129081600 -36562366.535154901 -142946383.70163223 -2476188.7028355096 27.59983358796968 -9.454431937876782 0.29525460787231012 635.92224852316713 0.22627135067277845 -0.044765545012366036 -0.04660585355522931 0
917 1 1 129168000 -34170881.627207682 -143741461.28609207 -2450579.535652882 27.757392086698978 -8.9499823093500179 0.29745024471207721 635.39002957277376 0.23855334790163632 -0.043367322599988295 -0.050043411834283485 0
918 1 1 129254400 -31766104.022378724 -144492913.58547935 -2424805.107004134 27.907489782973602 -8.4445933353118665 0.29909761559981268 634.8334031060507 0.24859247358429507 -0.041225863441369887 -0.052707883522197109 0
919 1 1 129340800 -29348690.463768959 -145200661.09256825 -2398908.0263943691 28.049841173588788 -7.9383046216160622 0.30030928877590768 634.25786677857411 0.25618289794007493 -0.038412060783216059 -0.054498100642976409 0
920 1 1 129427200 -26919323.448676109 -145864628.12240422 -2372920.6533750477 28.184137215797385 -7.4311655761492155 0.30120891630302243 633.66927775668557 0.26119079384632976 -0.035019369359883312 -0.055359272537937855 0
921 1 1 129513600 -24478712.832989667 -146484743.78906757 -2346864.4137552697 28.31005537345899 -6.9232383074445032 0.30192488028059106 633.07367030335627 0.26355833981938503 -0.031159012808147517 -0.055283338614328145 0
922 1 1 129600000 -22027596.547316756 -147060943.20307425 -2320749.662902094 28.427270049931185 -6.4145998130803719 0.30258404615096413 632.47707145358675 0.26330403491326154 -0.026954347655614011 -0.054306511320188322 0
923 1 1 129686400 -19566740.412701353 -147593168.82359144 -2294576.0712427474 28.535462917882114 -5.9053433640088651 0.30330597498887885 631.88532410396715 0.26051950879420815 -0.022534807993503686 -0.052504486364519508 0
924 1 1 129772800 -17096937.085245799 -148081371.8939614 -2268333.4792552758 28.634332678608359 -5.3955790469408162 0.30419788719285312 631.30392578641772 0.25536310866861855 -0.018029837734479762 -0.049985786196367524 0
925 1 1 129859200 -14619004.197493877 -148525513.88811702 -2242003.1466621184 28.723603832645527 -4.8854334811620745 0.30535060595542307 630.73788994085101 0.24805082558270516 -0.013563191486347007 -0.046883766437037323 0
926 1 1 129945600 -12133781.797166338 -148925567.89906803 -2215559.3038469465 28.803034125832546 -4.3750487752901153 0.30683563832769584 630.19163458156015 0.23884526291300998 -0.0092479193031827361 -0.043347814491796914 0
927 1 1 130032000 -9642129.2091375981 -149281519.90806925 -2188970.9028134495 28.872420418434391 -3.8645808286709347 0.30870348513166151 629.66890143202988 0.22804322397750343 -0.0051822634570828805 -0.039534201643652754 0
928 1 1 130118400 -7144921.464740702 -149593369.88345325 -2162203.4598949109 28.93160281263269 -3.3541971113193125 0.31098320585174627 629.17270683108188 0.21596265140526633 -0.0014466292296324934 -0.035597076365693918 0
929 1 1 130204800 -4643045.4523568284 -149861132.6705949 -2135220.8830944677 28.980466974272627 -2.8440740755775562 0.31368319707880776 628.70532384874639 0.20292962018460903 0.0018982906105586175 -0.031680068228977135 0
930 1 1 130291200 -2137395.9445518074 -150084838.64814112 -2107987.1833732491 29.018944681966701 -2.3343943610648128 0.3167930772618085 628.26829337189997 0.1892660356644173 0.0048122302254353681 -0.02790895038973561 0
931 1 1 130377600 371128.34945572971 -150264534.13959929 -2080467.981135624 29.047012715105573 -1.8253439526908024 0.32028651023393329 627.8624606909442 0.17527845251070842 0.0072749643668450405 -0.024385745203264645 0
932 1 1 130464000 2881628.5691593639 -150400281.5828203 -2052631.7360044315 29.064690242727359 -1.3171094425048533 0.32412474552672232 627.48803349575167 0.1612482977028348 0.0092849120497496187 -0.021184641347388074 0
933 1 1 130550400 5393209.2057858659 -150492159.47233939 -2024450.649601327 29.072034944311753 -0.80987553083800112 0.32826059614309849 627.14465641303957 0.14742407871779992 0.010856871849036647 -0.018350122426526554 0
934 1 1 130636800 7904981.2246717336 -150540262.10039786 -1995901.2171421172 29.06913811682816 -0.30382288261149482 0.33264253575834157 626.83149733748542 0.13401529199394005 0.012019033936701222 -0.015897429598814152 0
935 1 1 130723200 10416064.730390428 -150544699.13152486 -1966964.4319364331 29.056119032328553 0.20087356855468089 0.33721857897019325 626.54734123668493 0.12118842263402699 0.012809456721867583 -0.013815466807038832 0
936 1 1 130809600 12925591.122326754 -150505595.05238926 -1937625.6759343906 29.033118829381834 0.70404580319832677 0.34193961787296373 626.29068738716489 0.10906481350614533 0.013272203707217123 -0.012071860212247343 0
937 1 1 130896000 15432704.711338004 -150423088.54305556 -1907874.3553122291 29.000294184351198 1.2055333485951041 0.34676195099472151 626.05984706850575 0.097720104187050849 0.013453335604182734 -0.010619554290292862 0
938 1 1 130982400 17936563.787592262 -150297331.81779647 -1877703.3585268762 28.957810965622087 1.7051833515281789 0.35164884932573515 625.8530396772195 0.087184894844936939 0.013396944754972349 -0.0094040043303854765 0
939 1 1 131068800 20436341.144870304 -150128489.98333302 -1847108.4215181668 28.90583801455751 2.2028501060792189 0.35657115207219975 625.66848617508117 0.077446081111669882 0.013141369036426086 -0.0083698063351559989 0
940 1 1 131155200 22931224.074789938 -149916740.46050668 -1816087.478295543 28.844541086334413 2.6983940609028396 0.36150704844554787 625.50450039697478 0.068447780235764144 0.012715551119855902 -0.0074656152678509611 0
941 1 1 131241600 25420413.839691631 -149662272.51395589 -1784640.0552113643 28.774076792272016 3.1916803073498876 0.36644134383743587 625.35958164020315 0.060090062126992028 0.012135187501085104 -0.0066464935527273585 0
942 1 1 131328000 27903124.605954826 -149365286.93737715 -1752766.7370638989 28.694586036319336 3.6825764616083769 0.37136460167161606 625.23251754972637 0.052221863609160438 0.011397615952313764 -0.0058731898711161384 0
943 1 1 131414400 30378581.747115709 -149025995.95811853 -1720468.6966979415 28.606185659720911 4.1709496135172364 0.37627261504621484 625.12251922268126 0.044619235252972594 0.010472613210558297 -0.0051077784962129452 0
944 1 1 131500800 32846019.244027726 -148644623.47603732 -1687747.2357030006 28.508954998298989 4.656661364814914 0.38116681155611304 625.02944416690445 0.036923545044907739 0.0092808706837955827 -0.0043033779788612279 0
945 1 1 131587200 35304674.898695849 -148221406.05031919 -1654603.1514352628 28.402894934805023 5.1395543050800594 0.38605833424388947 624.95448239259827 0.028447022837052627 0.0076303110055632398 -0.0033772377351269662 0
946 1 1 131673600 37753783.349944666 -147756594.81615621 -1621035.8573789357 28.287956401521789 5.6194543486424244 0.39096537909751811 624.89970561950042 0.019640163162872433 0.005603347076802918 -0.0023702999905979385 0
947 1 1 131760000 40192591.345676757 -147250451.30073148 -1587045.0681307525 28.164607526407725 6.0963375507296371 0.39584602551351644 624.85859131388463 0.016648958510171907 0.0050314498576517147 -0.0020118172630622351 0
948 1 1 131846400 42620405.928720094 -146703232.61556596 -1552636.5481181501 28.033552362594214 6.570269075133476 0.40062784588558686 624.82061771293422 0.016343607867826182 0.0052155679318333171 -0.0019649198931324685 0
949 1 1 131932800 45036575.722625323 -146115194.7840654 -1517820.1888453879 27.895079333759227 7.0412137232750567 0.40528489648077026 624.78212912865786 0.016729506204444546 0.005623477285050432 -0.0019977402953566437 0
950 1 1 132019200 47440465.597323112 -145486599.16922632 -1482607.1020621092 27.74931174461943 7.5090925379448947 0.40981073499039666 624.74222333421301 0.017332999770802077 0.0061238151653244532 -0.0020545479840576486 0
951 1 1 132105600 49831449.220283493 -144817714.42616075 -1447008.7331051284 27.596336210454481 7.9738172956541238 0.41420333699288031 624.70061905486455 0.01797036856955481 0.0066603018582684038 -0.0021139363479252609 0
952 1 1 132192000 52208906.929488346 -144108817.03534713 -1411036.6040745743 27.436222836663557 8.4352956855146974 0.41846267422628447 624.65732173466267 0.018561122507771106 0.0072040586288647469 -0.0021667812319065235 0
953 1 1 132278400 54572224.848852985 -143360191.4998402 -1374702.2052918798 27.269037344774205 8.8934349459359154 0.42258929290540831 624.61242029737537 0.019106092329041882 0.0077535148954532337 -0.0022132901752634805 0
954 1 1 132364800 56920794.829479575 -142572130.27556476 -1338016.9824085929 27.09484655463633 9.3481437313006577 0.42658368412635328 624.56599402914378 0.019606206362284058 0.0083071832255416193 -0.00225367717859459 0
955 1 1 132451200 59254014.522632316 -141744933.65686843 -1300992.3387612856 26.913717907651954 9.7993319396136496 0.43044633610953831 624.51812036630554 0.020062457592431367 0.0088636515747076081 -0.0022881587444664353 0
956 1 1 132537600 61571287.432936981 -140878909.66977426 -1263639.6356630579 26.725719454634294 10.246910696075247 0.43417773329041293 624.46887485043419 0.020475872423688372 0.0094215730692096527 -0.0023169503308904074 0
957 1 1 132624000 63872022.970427386 -139974373.96669123 -1225970.1927546372 26.530919841587746 10.69079233586676 0.43777835580681795 624.41833113542293 0.02084749384868358 0.0099796595841067943 -0.0023402646005420301 0
958 1 1 132710400 66155636.501331091 -139031649.72262967 -1187995.2883897279 26.329388294875152 11.130890386571252 0.44124867920395178 624.36656102180882 0.021178370774073522 0.010536676741998799 -0.0023583103250719474 0
959 1 1 132796800 68421549.397568956 -138051067.53294492 -1149726.1600390326 26.121194606352105 11.56711955037075 0.44458917428766825 624.31363450856509 0.021469550752967605 0.011091439430510367 -0.0023712917087106546 0
960 1 1 132883200 70669189.084980592 -137032965.31262687 -1111174.0047020607 25.906409118770444 11.999395686105288 0.44780030708590046 624.25961985709193 0.021722074583513749 0.011642807845501901 -0.0023794079208976889 0
961 1 1 132969600 72897989.090309724 -135977688.19714141 -1072349.9793195997 25.685102711735393 12.427635791297524 0.4508825388577633 624.20458366230298 0.021936973690958102 0.012189684231828932 -0.0023828532329497345 0
962 1 1 133056000 75107389.087008655 -134885588.44482255 -1033265.2011846076 25.457346788408564 12.851757984232998 0.45383632612725566 624.14859092722827 0.022115268179001342 0.012731010049014333 -0.002381816896869564 0
963 1 1 133142400 77296834.93993248 -133757025.34080648 -993930.74834903155 25.223213263185357 13.27168148624868 0.45666212073477463 624.09170513660865 0.0222579677793046 0.013265764484242432 -0.0023764833939644309 0
964 1 1 133228800 79465778.749012962 -132592365.10248472 -954357.6600260702 24.982774550307795 13.687326604220384 0.45936036989711643 624.03398832993787 0.022366070178200907 0.013792961482082674 -0.0023670324418821856 0
965 1 1 133315200 81613678.891984984 -131391980.7864629 -914556.9369869139 24.736103553404273 14.098614713286592 0.46193151626564927 623.97550117361186 0.022440562520441017 0.014311648687546218 -0.0023536393950394246 0
966 1 1 133401600 83740000.066258192 -130156252.1969946 -874539.54195367452 24.483273656142103 14.5054682399767 0.46437599795874185 623.91630302811154 0.022482422458382285 0.014820906406763833 -0.0023364755466515159 0
967 1 1 133488000 85844213.330024257 -128885565.79585674 -834316.39999030542 24.224358713867066 14.907810645703224 0.46669424857538433 623.85645201212287 0.022492618818269944 0.015319846134786652 -0.002315708448399218 0
968 1 1 133574400 87925796.142686993 -127580314.61363229 -793898.39889288414 23.959433046322292 15.305566410731267 0.46888669719975684 623.7960050612611 0.022472114054417857 0.015807610722496899 -0.0022915020767469421 0
969 1 1 133660800 89984232.404707581 -126240898.16235688 -753296.38957969705 23.688571431313797 15.698661018598379 0.47095376839862924 623.73501798324071 0.022421863546272954 0.016283372384098035 -0.002264017107433717 0
970 1 1 133747200 92019012.496929824 -124867722.34950013 -712521.18648172892 23.41184909899836 16.087020940789763 0.47289588221927181 623.67354551533117 0.022342814764166274 0.016746330631182631 -0.0022334109948672523 0
971 1 1 133833600 94029633.319452822 -123461199.39324792 -671583.56793371169 23.129341727258943 16.470573622055092 0.47471345416793725 623.61164137437299 0.022235912481645345 0.017195714840794941 -0.0021998384857161201 0
972 1 1 133920000 96015598.330155849 -122021747.73902005 -630494.27656851092 22.841125438131041 16.849247466405718 0.47640689516331619 623.54935829927194 0.02210209799448315 0.017630782696421037 -0.0021634517568758825 0
973 1 1 134006400 97976417.582942143 -120549791.97718009 -589264.01971542579 22.54727679489941 17.222971823546441 0.4779766114905406 623.48674809301235 0.02194231013186216 0.018050819807995912 -0.0021244006197594719 0
974 1 1 134092800 99911607.765766844 -119045762.76189181 -547903.46980295668 22.247872800020151 17.591676975925168 0.4794230047425217 623.42386166026063 0.021757486385170929 0.018455140094427037 -0.0020828327758444158 0
975 1 1 134179200 101820692.23851778 -117510096.7310688 -506423.26476653968 21.9429908937419 17.95529412634091 0.4807464717711244 623.3607490425635 0.021548562837087542 0.018843084722164175 -0.0020388937606914772 0
976 1 1 134265600 103703201.07080449 -115943236.42737257 -464834.00846034614 21.63270895338681 18.313755386092573 0.4819474046292031 623.29745945159084 0.021316475119782369 0.019214022267745625 -0.0019927274069955194 0
977 1 1 134352000 105558671.07971404 -114345630.22020763 -423146.27107483387 21.317105293290581 18.666993763757791 0.48302619050932311 623.2340412993442 0.021062159003793303 0.019567349016745453 -0.0019444757370926983 0
978 1 1 134438400 107386645.86760318 -112717732.22864544 -381370.58955967688 20.996258665818043 19.014943155024422 0.48398321166266944 623.17054221571959 0.020786556056054444 0.019902493655094656 -0.0018942795739011976 0
979 1 1 134524800 109186675.85999982 -111060002.24520297 -339517.46805372479 20.670248262475599 19.357538332708994 0.48481884535113695 623.10700907399007 0.020490602659027118 0.02021890701042383 -0.0018422777663077844 0
980 1 1 134611200 110958318.34358066 -109372905.66049759 -297597.37831541646 20.339153714911902 19.694714936777821 0.4855334638571141 623.0434880284522 0.020175233834473682 0.020516064858798436 -0.0017886075506262211 0
981 1 1 134697600 112701137.50429025 -107656913.3887075 -255620.76015491635 20.00305509725127 20.026409465738851 0.48612743442566508 622.98002453237814 0.019841389795432384 0.020793474018241481 -0.0017334052519660881 0
982 1 1 134784000 114414704.46570086 -105912501.79373047 -213598.02187255747 19.662032929095385 20.352559268899569 0.48660111920184568 622.91666334927504 0.019490012633274274 0.021050669606361993 -0.0016768059323413872 0
983 1 1 134870400 116098597.32763417 -104140152.61599727 -171539.54070057537 19.316168178656749 20.673102538987571 0.48695487520432118 622.85344856894017 0.019122046261239613 0.021287214719899125 -0.001618943552903814 0
984 1 1 134956800 117752401.20507175 -102340352.89989595 -129455.66324712166 18.965542266304666 20.987978305421009 0.48718905430324499 622.79042362169128 0.018738436387952397 0.021502700803138441 -0.0015599509675058977 0
985 1 1 135043200 119375708.26738784 -100513594.92174879 -87356.7059414494 18.610237068473065 21.297126428239604 0.48730400321381667 622.72763129099997 0.018340130389828298 0.021696747701430479 -0.001499959970552507 0
986 1 1 135129600 120968117.77793513 -98660376.118283972 -45252.955479258853 18.250334921948198 21.60048759272048 0.48730006349833177 622.66511372383252 0.017928077791474314 0.021869004390418247 -0.0014391013731809492 0
987 1 1 135216000 122529236.13401885 -96781199.015541852 -3154.6692677809915 17.885918628530106 21.898003304723744 0.4871775715687881 622.60291243802237 0.017503230284280438 0.022019149539725429 -0.0013775051320979066 0
988 1 1 135302400 124058676.90728424 -94876571.158153668 38927.924129997482 17.517071459945328 22.189615886681185 0.48693685871194031 622.5410683287821 0.017066540978090124 0.022146891231183755 -0.0013153001559468561 0
989 1 1 135388800 125556060.8845394 -92947005.038939819 80984.624554637674 17.143877163003932 22.475268474251166 0.48657825113856007 622.47962167392086 0.016618964547666489 0.022251967791894842 -0.0012526144132238833 0
990 1 1 135475200 127021016.1090347 -90993018.028765589 123005.25981365806 16.766419965023221 22.754905013687075 0.4861020700285501 622.41861213672325 0.016161457026652618 0.022334148145307195 -0.0011895750671991065 0
991 1 1 135561600 128453177.92222196 -89015132.306593508 164979.68524922524 16.384784579501307 23.028470259937876 0.4855086315911486 622.35807876622835 0.015694975978957509 0.02239323289055805 -0.0011263083492988049 0
992 1 1 135648000 129852189.00604396 -87013874.789620668 206897.78331061974 15.999056212743321 23.295909776624498 0.48479824711145364 622.29805997345181 0.015220479477490322 0.022429054104019051 -0.0010629394562166954 0
993 1 1 135734400 131217699.42535165 -84989777.064069793 248749.46315887597 15.609320556655687 23.557169915582453 0.48397122385936459 622.23859390808718 0.014738789957707492 0.022441270442153088 -0.00099958440049318113 0
994 1 1 135820800 132549366.66905855 -82943375.318884268 290524.66038238176 15.215663783219608 23.81219779471634 0.48302786573385315 622.17971885164809 0.014251237692554869 0.022430339886657311 -0.00093638930362865849 0
995 1 1 135907200 133846855.71175677 -80875210.247684672 332213.33556575648 14.818173168937737 24.060942294238718 0.48196843795554206 622.12145462043145 0.013765998856366972 0.022407900427714726 -0.00087388700153549824 0
996 1 1 135993600 135109839.11491385 -78785826.884759799 373805.47075171018 14.416936793428858 24.303353648374792 0.48079318825126088 622.06381065921869 0.013280151771226279 0.022368683711743571 -0.00081193635669301949 0
997 1 1 136080000 136337997.03977227 -76675774.577777654 415291.07125632011 14.012042439094847 24.53938165391731 0.47950241004902699 622.00681944793428 0.012788207490494009 0.02230223013334548 -0.00075029106598630511 0
998 1 1 136166400 137531017.22875381 -74545607.02008085 456660.16901651351 13.603577977440345 24.768976175679899 0.4780964166069161 621.95052652238758 0.012291428119597558 0.022208704933615556 -0.00068910206268703777 0
999 1 1 136252800 138688595.0428251 -72395882.198275357 497902.82259128988 13.191631886906022 24.992087958213801 0.4765755113252968 621.89497530359506 0.011790914968616088 0.022088050538890801 -0.00062851001680600546 0
1000 1 1 136339200 139810433.51162878 -70227162.320187926 539009.11646993377 12.776293204630427 25.208668542007839 0.47493999112927965 621.84020874459532 0.011287715233016849 0.02194014461295965 -0.00056865226476274775 0
1001 1 1 136425600 140896243.38186657 -68040013.746270686 579969.16052830021 12.357651530278325 25.418670261644181 0.47319014676973165 621.7862694450522 0.010782875114824248 0.02176488873770923 -0.00050966567057766595 0
1002 1 1 136512000 141945743.16621381 -65835006.92080047 620773.0895017531 11.935797033230383 25.622046250245265 0.4713262629791643 621.73319966093209 0.010277439172987306 0.02156220725335865 -0.00045168644475996792 0
1003 1 1 136598400 142958659.19283822 -63612716.302697957 661411.06247264077 11.510820459426578 25.818750443915938 0.46934861863558308 621.6810413249874 0.0097724503090808983 0.021332047056292755 -0.00039485060207214559 0
1004 1 1 136684800 143934725.65551057 -61373720.295935877 701873.26237102551 11.082813138218777 26.008737586811598 0.4672574869221755 621.6298360664224 0.0092689501530659399 0.021074378489792316 -0.00033929373386459882 0
1005 1 1 136771200 144873684.66431701 -59118601.17945876 742149.89549051446 10.651866989512934 26.191963237556831 0.46505313550771826 621.57962521733896 0.0087679822719388539 0.020789203099166452 -0.00028515116012775858 0
1006 1 1 136857600 145775286.29698142 -56847945.036531568 782231.19101988 10.218074530511338 26.368383775470168 0.46273582673877806 621.53044983262623 0.0082705852762945866 0.020476538092371158 -0.00023255780023703521 0
1007 1 1 136944000 146639288.65077603 -54562341.68349985 822107.40059158055 9.7815288830820446 26.537956409231036 0.46030581782709812 621.482350678334 0.0077778070261258899 0.020136452088814823 -0.00018164850060973118 0
1008 1 1 137030400 147465457.89506471 -52262384.597770877 861768.79784703476 9.3423237800711938 26.700639183812555 0.4577633610730697 621.43536825972194 0.0072906787402790196 0.019769002032074438 -0.00013255743152403097 0
1009 1 1 137116800 148253568.32433072 -49948670.845310912 901205.67802300432 8.9005535714325799 26.856390987816994 0.45510870410106063 621.38954285224202 0.0068102401861405643 0.019374295538266785 -8.5418697648306354e-05 0
1010 1 1 137203200 149003402.41182891 -47621801.007227406 940408.35755673656 8.4563132317771679 27.005171565468704 0.45234209008110787 621.34491446329014 0.0063375326966229745 0.018952477972011592 -4.0366016780804949e-05 0
1011 1 1 137289600 149714750.86384851 -45282379.10535688 979367.17371245334 8.0096983670934527 27.146941528035228 0.44946375799551436 621.30152281461562 0.0058735986912388681 0.018503735255138286 2.467373795523265e-06 0
1012 1 1 137376000 150387412.67454937 -42931012.526816383 1018072.4842323826 7.5608052213479429 27.281662366458324 0.44647394294596437 621.25940731471235 0.0054194818683403357 0.018028299171141085 4.2949043256574868e-05 0
1013 1 1 137462400 151021195.18136528 -40568311.947398886 1056514.6670165372 7.1097306829842291 27.409296465559489 0.44337287650832319 621.21860701533831 0.0049762276333585303 0.01752645630412792 8.0947551360597731e-05 0
1014 1 1 137548800 151615914.1209619 -38194891.253662884 1094684.1198348887 6.65657229127173 27.529807120065723 0.44016078713095524 621.17916054833881 0.0045448828766826719 0.016998557058022459 0.00011633277024080055 0
1015 1 1 137635200 152171393.68573192 -35811367.46356798 1132571.2600770786 6.2014282423406941 27.643158552270215 0.43683790061447136 621.14110604592349 0.0041264954428290035 0.016445027034990851 0.0001489766087583032 0
1016 1 1 137721600 152687466.58083135 -33418360.645345919 1170166.5245498857 5.7443973960371268 27.749315936679288 0.4334044407520169 621.10448095740776 0.0037221264149063186 0.015866437353679652 0.00017875432788314621 0
1017 1 1 137808000 153163974.08180413 -31016493.834048823 1207460.3693366267 5.285579281793594 27.848245426023286 0.42986063010030856 621.0693218550814 0.0033328274052972433 0.015263447272206731 0.00020554495443200841 0
1018 1 1 137894400 153600766.09257996 -28606392.946161337 1244443.269725397 4.8250741019004169 27.939914171685086 0.4262066908153932 621.0356643412963 0.0029596385364620884 0.014636819424704548 0.00022923235964490127 0
1019 1 1 137980800 153997701.20396277 -26188686.691121724 1281105.7202377636 4.3629827415392777 28.024290385494872 0.42244284633603857 621.0035422977262 0.0026036638035975474 0.013987856690790267 0.00024971401789373733 0
1020 1 1 138067200 154354646.75265959 -23764006.478807367 1317438.2347879552 3.8994067635644116 28.101343332420235 0.41856932206934994 620.97298825935309 0.0022658388644846129 0.0133172911831655 0.00026688404556367333 0
1021 1 1 138153600 154671478.88026181 -21332986.324175004 1353431.3469959076 3.4344484320431792 28.171043511655881 0.41458635033325603 620.94403077483787 0.0019474811033872354 0.012628514370936482 0.00028069934738843418 0
1022 1 1 138240000 154948082.59071594 -18896262.764983334 1389075.6101661613 2.9682106107619983 28.233361912841282 0.41049415221252278 620.91670654682594 0.0016493392567205128 0.01192227675754454 0.00029107764534234731 0
1023 1 1 138326400 155184351.83417174 -16454474.56749058 1424361.6028461067 2.5007979064146788 28.288279064905662 0.4062931731323986 620.89091628442998 0.0013881401473577763 0.011330495586234878 0.00030143234882597925 0
1024 1 1 138412800 155380189.74975267 -14008260.963546587 1459279.9763275541 2.0323185228071625 28.335806456333966 0.40198475918076304 620.86608464038795 0.0011840670137472345 0.011094727110694209 0.00031947588821696352 0
1025 1 1 138499200 155535508.83191958 -11558259.840270502 1493821.5148473443 1.5628792180081117 28.375950171341117 0.39757027262282929 620.8417411144045 0.00099138783695588571 0.010897509532546824 0.0003377052421130593 0
1026 1 1 138585600 155650230.61392352 -9105109.9859182164 1527977.0860528469 1.0925835073913974 28.408690664106398 0.39305045968358648 620.81784106615657 0.00080678864690012018 0.010721151844969827 0.00035578820016093026 0
1027 1 1 138672000 155724285.59169134 -6649451.8452674262 1561737.6230538827 0.62153536917172114 28.434009229998328 0.38842609053856092 620.79434269099897 0.00062863028563145992 0.010556783714732497 0.00037355405089695598 0
1028 1 1 138758400 155757613.26189253 -4191927.4722466669 1595094.1257260209 0.14983919746538513 28.451887496395809 0.38369794514743427 620.77121529683973 0.00045617609668942928 0.010402712949970668 0.00039102487241112871 0
1029 1 1 138844800 155750162.16161653 -1733180.47548618 1628037.6621947319 -0.32240013101200576 28.462307808835455 0.37886682153543755 620.74843332111425 0.00028875120325530014 0.010255640424303653 0.00040814504056286389 0
1030 1 1 138931200 155701889.91069308 726144.03383804963 1660559.3698951753 -0.795077238823379 28.465253031283943 0.3739335249605068 620.72597968782941 0.00012588541469842656 0.010111786920360865 0.00042481098492363036 0
1031 1 1 139017600 155612763.25653121 3185399.4916935237 1692650.4562084693 -1.2680862104420147 28.460706737718485 0.36889887145299427 620.70384298697684 -3.2650090720284787e-05 0.0099701420813161357 0.00044100754426711558 0
1032 1 1 139104000 155482758.1218847 5643937.9577514874 1724302.1998899097 -1.7413205674097183 28.448653523622266 0.36376369816761001 620.68201278550896 -0.00018703427450687652 0.0098307948316830856 0.00045676086646582157 0
1033 1 1 139190400 155311859.65380022 8101110.2083301088 1755505.9530587997 -2.2146732623395597 28.429079088025322 0.35852886619524371 620.66047859254741 -0.00033744701006216865 0.0096938000944451347 0.00047209588781469016 0
1034 1 1 139276800 155100062.27290452 10556265.832020333 1786253.1432602606 -2.6880366758617531 28.40197024055934 0.35319526042920107 620.63923002327419 -0.0004840668920176253 0.0095591804487295054 0.00048703609393888916 0
1035 1 1 139363200 154847369.72296518 13008753.326264154 1816535.2755256081 -3.161302613366809 28.367314916021996 0.347763789650328 620.61825685448446 -0.00062706913597478965 0.0094269282658352421 0.00050160332657843052 0
1036 1 1 139449600 154553795.12072736 15457920.195230922 1846343.9344390144 -3.6343623018866253 28.325102189842276 0.34223538658684305 620.59754907672357 -0.00076662353037768266 0.00929700712891777 0.00051581756825430734 0
1037 1 1 139536000 154219361.00601164 17903113.049069341 1875670.7862083681 -4.1071063871724656 28.275322294492245 0.33661100795394128 620.57709694247285 -0.00090289279029893076 0.0091693546004566091 0.00052969682018046919 0
1038 1 1 139622400 153844099.39205414 20343677.704622418 1904507.5807388737 -4.5794249310303927 28.217966636933781 0.33089163447659836 620.55689100910422 -0.0010360309828484505 0.0090438847750972384 0.00054325694532750019 0
1039 1 1 139708800 153428051.81606352 22778959.287692789 1932846.1537080961 -5.0512074089575352 28.15302781705476 0.32507827090363867 620.53692217743685 -0.0011661821527462085 0.0089204906390936319 0.00055651166020654415 0
1040 1 1 139795200 152971269.38996774 25208302.336944852 1960678.4286422061 -5.5223427081407044 28.080499647140488 0.31917194602052412 620.51718172523158 -0.001293479231095211 0.0087990472459202884 0.00056947248098816814 0
1041 1 1 139881600 152473812.85131466 27631050.90953606 1987996.4189931762 -5.992719125891095 28.000377172424724 0.31317371265933108 620.49766133493199 -0.001418043287649901 0.008679414686329134 0.00058214871366720443 0
1042 1 1 139968000 151935752.61428797 30046548.688568756 2014792.2302169437 -6.4622243685704532 27.912656692673671 0.30708464771235811 620.47835311636129 -0.0015399828545522966 0.0085614408453740919 0.00059454749247850769 0
1043 1 1 140054400 151357168.82079101 32454139.092452899 2041058.0618532512 -6.9307455510767113 27.81733578485607 0.30090585215927174 620.45924962346351 -0.0016593937256170533 0.0084449650583919376 0.00060667390397598669 0
1044 1 1 140140800 150738151.3915498 34853165.386274531 2066786.2096084959 -7.3981691969565198 27.71441332687505 0.2946384511080215 620.44034386534327 -0.0017763588171268222 0.0083298206873781248 0.00061853104841592293 0
1045 1 1 140227200 150078800.077176 37242970.795258515 2091969.0674428253 -7.864381239203321 27.603889522333965 0.28828359385598423 620.42162931189523 -0.0018909484058761408 0.0082158385577520664 0.00063012025772416489 0
1046 1 1 140313600 149379224.50912955 39622898.620417841 2116599.1296638385 -8.3292670218200016 27.485765926376359 0.28184245398059349 620.4030998931438 -0.0020032206458468734 0.0081028500433865253 0.00064144127634568643 0
1047 1 1 140400000 148639544.25050977 41992292.356478274 2140668.9930290929 -8.792711302200793 27.360045472494452 0.27531622945159712 620.38474999371454 -0.0021132221717906716 0.0079906893518740495 0.00065249240195152996 0
1048 1 1 140486400 147859888.84660521 44350495.812159762 2164171.3588594031 -9.2545982543851419 27.226732500287739 0.26870614277159405 620.36657444245782 -0.0022209889429219676 0.0078791964334941744 0.00066327075334073125 0
1049 1 1 140572800 147040397.87512043 46696853.232897326 2187099.0351658124 -9.7148114732519062 27.085832784158494 0.2620134411508333 620.34856849706921 -0.0023265473394174473 0.0077682191638331951 0.00067377249245735289 0
1050 1 1 140659200 146181220.99599984 49030709.426078118 2209444.9387929277 -10.173233979697908 26.937353562841167 0.25523939671077223 620.33072782498209 -0.0024299151934817549 0.0076576150972545052 0.0006839930380311476 0
1051 1 1 140745600 145282518.00075874 51351409.888863295 2231202.0975811379 -10.629748226831092 26.781303569705447 0.24838530671869918 620.31304848116781 -0.0025311029076864628 0.007547252993168203 0.00069392731794112818 0
1052 1 1 140832000 144344458.86123493 53658300.938660562 2252363.6525504906 -11.084236107238841 26.617693063805181 0.24145249385322223 620.29552688282286 -0.0026301148378935269 0.0074370143097890629 0.00070356998216589476 0
1053 1 1 140918400 143367223.77766365 55950729.846308768 2272922.8601085315 -11.536578961364741 26.44653386158415 0.23444230649230238 620.27815978193109 -0.0027269504397418598 0.0073267937606515945 0.00071291556169815853 0
1054 1 1 141004800 142351003.2259804 58228044.972026646 2292873.0942840674 -11.986657587014527 26.267839369149584 0.22735611902722594 620.26094423671282 -0.0028216054942944674 0.0072164998229207076 0.00072195871730779495 0
1055 1 1 141091200 141295998.00425264 60489595.904172361 2312207.8489890504 -12.434352250005396 26.081624615045168 0.22019533219533891 620.24387758267051 -0.0029140730077178816 0.007106054582116543 0.00073069431127473173 0
1056 1 1 141177600 140202419.27814248 62734733.600853153 2330920.7403095113 -12.879542695979962 25.887906283451077 0.21296137342094476 620.22695740396478 -0.0030043442822965984 0.0069953935479914152 0.00073911753621409186 0
1057 1 1 141264000 139070488.62529579 64962810.534421176 2349005.5088267187 -13.322108163420877 25.686702747781858 0.20565569717587859 620.21018150506575 -0.0030924098262713516 0.006884465323458825 0.00074722411588958764 0
1058 1 1 141350400 137900438.07855508 67173180.838886723 2366456.0219700001 -13.761927397872794 25.478034104606841 0.19827978534592977 620.19354788348596 -0.0031782600765340899 0.0067732307262358135 0.00075501026806760053 0
1059 1 1 141436800 136692510.16789168 69365200.460273013 2383266.2764007514 -14.198878667371444 25.261922207812599 0.19083514758754747 620.1770547045104 -0.0032618858780958161 0.0066616617538860961 0.00076247272190059891 0
1060 1 1 141523200 135446957.96095157 71538227.309932843 2399430.4004273252 -14.632839779109283 25.038390703006243 0.18332332168852397 620.16070027744854 -0.0033432791320627624 0.0065497409575630949 0.00076960884278985252 0
1061 1 1 141609600 134164045.10210712 73691621.420846686 2414942.6564512737 -15.063688097359629 24.807465062116087 0.17574587392958649 620.14448303359688 -0.0034224331196629205 0.0064374602207261135 0.00077641662071639033 0
1062 1 1 141696000 132844045.84990527 75824745.106917396 2429797.4434442976 -15.491300562666206 24.569172618134321 0.16810439943288102 620.12840150638056 -0.0034993428177226564 0.006324819812092001 0.0007828946308111234 0
1063 1 1 141782400 131487245.11280288 77936963.125270545 2443989.2994547524 -15.915553712314756 24.323542599977756 0.16040052249869105 620.1124543135852 -0.003574005005465087 0.0062118272356537566 0.00078904203672046347 0
1064 1 1 141868800 130093938.48307684 80027642.841571957 2457512.9041427937 -16.336323702108835 24.070606167430988 0.15263589693065302 620.09664014170585 -0.0036464184562592719 0.0060984962891962678 0.00079485856282038487 0
1065 1 1 141955200 128664432.26879527 82096154.398366794 2470363.0813429854 -16.753486329489526 23.810396446169946 0.1448122063460246 620.08095773183879 -0.003716584114751259 0.0059848463014157884 0.00080034446557309031 0
1066 1 1 142041600 127199043.52374005 84141870.886436224 2482534.8016515337 -17.166917057815979 23.54294856254138 0.13693116443302517 620.06540587271752 -0.0037845048861224811 0.0058709010357769062 0.00080550050093972222 0
1067 1 1 142128000 125698100.07511249 86164168.519251883 2494023.1850475357 -17.576491044163966 23.268299681634133 0.12899451563336037 620.04998333301967 -0.0038502169082713783 0.0057567349008601628 0.00081033426162654683 0
1068 1 1 142214400 124161940.54850106 88162426.811107948 2504823.5036275415 -17.982083175103543 22.986489054356358 0.12100403711028988 620.03468861752549 -0.0039138242531704974 0.0056425141197375276 0.00081486677782220229 0
1069 1 1 142300800 122590914.39026999 90136028.758443952 2514931.1843915465 -18.383568082912351 22.69755803320086 0.11296153642224568 620.01952032332485 -0.0039752245689119925 0.0055280965662643311 0.00081907701642635635 0
1070 1 1 142387200 120985381.88864805 92084361.022312954 2524341.8117952612 -18.78082017760476 22.401550109506658 0.10486885211282791 620.00447708454487 -0.0040345785968121444 0.0054137179938265351 0.00082299697708310799 0
1071 1 1 142473600 119345714.19018757 94006814.116632506 2533051.1307142838 -19.173713710648734 22.09851099180381 0.096727860276260444 619.98955670476289 -0.0040923402591514996 0.0052999666619803591 0.00082671490236536492 0
1072 1 1 142560000 117672293.30684718 95902782.607622296 2541055.0506980475 -19.562122966545477 21.788488834647513 0.088540505275871623 619.97475216221051 -0.0041508251938687513 0.0051896909219754624 0.00083067690310375966 0
1073 1 1 142646400 115965512.1037806 97771665.335465938 2548349.6533581945 -19.945922442871428 21.471534423502575 0.080308826755371127 619.96004828286209 -0.0042127630341375101 0.005085847332451026 0.00083539204243237371 0
1074 1 1 142732800 114225774.27022322 99612865.651548833 2554931.2022530087 -20.324987189042901 21.147701510176937 0.072035015119847848 619.94541495227395 -0.004285083943725434 0.0049958883478603338 0.00084215069201512679 0
1075 1 1 142819200 112453494.23932444 101425791.70825894 2560796.1616145386 -20.699193601138614 20.817047617600846 0.063721550663007012 619.93078990368997 -0.0043806746242780852 0.0049329476625380956 0.00085331916343408176 0
1076 1 1 142905600 110649097.04264992 103209856.80902176 2565941.2261959552 -21.06841998208693 20.479634449861162 0.055371291997562459 619.91606864220091 -0.0045135861876407727 0.0049095529458129368 0.00087139113589834629 0
1077 1 1 142992000 108813018.1467151 104964479.75635722 2570363.3528314629 -21.43254644484837 20.135527515063131 0.046987437203188771 619.90111059388528 -0.0046963982147996608 0.0049347962121883372 0.00089848555139891869 0
1078 1 1 143078400 106945703.27851257 106689085.18839435 2574059.7921547778 -21.791455686086316 19.784796680265845 0.038573644173013275 619.88572482545044 -0.004955212958103211 0.0050300580803114801 0.00093909289889219027 0
1079 1 1 143164800 105047608.0776687 108383104.06841604 2577028.1498508495 -22.145036252956007 19.427519110474801 0.030134594355553622 619.86960071366241 -0.0053453784772239986 0.0052423075493197276 0.0010027656344444105 0
1080 1 1 143251200 103119197.53050049 110045974.35167405 2579266.4839171036 -22.493183171681864 19.063779267775178 0.021676051375384378 619.85230127449734 -0.0059243090303640958 0.0056136148900465116 0.0010989281518501012 0
1081 1 1 143337600 101160944.73154001 111677142.20477192 2580773.5156633439 -22.835820802275176 18.693689124738729 0.013208853172989206 619.83277748922205 -0.0070418738484768206 0.006448024758684329 0.0012885761020852515 0
1082 1 1 143424000 99173327.202492669 113276065.312481 2581549.2683480019 -23.172919387657213 18.31739966295763 0.0047517574012370034 619.80904934867601 -0.0089194310300902864 0.0078905700143492592 0.0016088845092555838 0
1083 1 1 143510400 97156825.212291405 114842214.01925062 2581595.3351691482 -23.504427886443622 17.935037714601197 -0.0036807709688136754 619.77967354109217 -0.011064749461329366 0.0094544186689740177 0.0019677405026557477 0
1084 1 1 143596800 95111925.96590206 116375067.26625982 2580914.0830871589 -23.830244921355536 17.546683667486366 -0.012083803362561254 619.74432454961789 -0.013315147705515579 0.010986966588089455 0.0023331461836760769 0
1085 1 1 143683200 93039126.02619037 117874110.48052184 2579508.1815821407 -24.150258536619713 17.152410300130839 -0.020454648368609409 619.70290990234662 -0.015649850858212723 0.012467094857715104 0.0026998010501376292 0
1086 1 1 143769600 90938931.693653807 119338835.40800564 2577380.5101680835 -24.464355324017124 16.752291186930911 -0.028791126325071987 619.65537309560295 -0.018051904761599645 0.013878950308617565 0.0030632281536537298 0
1087 1 1 143856000 88811859.147710726 120768740.17779127 2574534.1116224458 -24.772420059623478 16.346400586030047 -0.037091625784140443 619.60170007493502 -0.020506009091698321 0.015209661438273204 0.0034194658524293623 0
1088 1 1 143942400 86658434.594418108 122163329.37777406 2570972.1456369637 -25.074335885292435 15.934813794421107 -0.045355043174906941 619.54191435819621 -0.022997177666117474 0.016448049054314042 0.0037649286534929484 0
1089 1 1 144028800 84479194.405236274 123522114.15467833 2566697.8470807071 -25.369984347152045 15.517607369888257 -0.053580734008435875 619.47607536349869 -0.025509948010215236 0.017583957939941865 0.004096370384460579 0
1090 1 1 144115200 82274685.256240904 124844612.33010341 2561714.4883974567 -25.659245355775834 15.09485928935649 -0.0617684646223427 619.40427844757346 -0.028027979940762435 0.01860798579306211 0.0044109055836880637 0
1091 1 1 144201600 80045464.27251181 126130348.52911815 2556025.3463640525 -25.941997111913697 14.666649086242797 -0.069918358970236294 619.32665569867129 -0.030533900519975395 0.019511439510321825 0.0047060534090277856 0
1092 1 1 144288000 77792099.179362789 127378854.32073215 2549633.6737242043 -26.218116026316515 14.233057991033837 -0.078030838961267168 619.24337690655966 -0.033009317399591905 0.020286422846164949 0.0049797822562068685 0
1093 1 1 144374400 75515168.460039958 128589668.3711524 2542542.6762257195 -26.487476652655115 13.794169088082546 -0.08610655937110856 619.15465036250748 -0.035434938640313558 0.020925986713066981 0.0052305403672944072 0
1094 1 1 144460800 73215261.518196732 129762336.61150481 2534755.4954290874 -26.749951645744943 13.35006749418598 -0.094146339808401092 619.06072329717244 -0.037790766014956748 0.021424304864796382 0.0054572662096243636 0
1095 1 1 144547200 70892978.842472166 130896412.42204283 2526275.1974215107 -27.005411756717628 12.90084056214895 -0.10215109649554087 618.96188178913008 -0.040056375641308838 0.021776871220358405 0.0056593795742304765 0
1096 1 1 144633600 68548932.169630781 131991456.83499922 2517104.7673199847 -27.253725871089404 12.446578107816617 -0.11012177710117832 618.85845008781985 -0.042211197773353408 0.021980659253624264 0.0058367463997437861 0
1097 1 1 144720000 66183744.642480493 133047038.75790952 2507247.1091575087 -27.494761092667261 11.987372656604553 -0.11805930169024767 618.75078934904457 -0.044234841353020443 0.022034268122505338 0.005989626683785383 0
1098 1 1 144806400 63798050.958429582 134062735.2189457 2496705.0505210683 -27.728382876170212 11.523319705387209 -0.12596451218641225 618.63929577625254 -0.046107412338442254 0.021938025477786186 0.0061186051804008081 0
1099 1 1 144892800 61392497.504459858 135038131.63534144 2485481.3511183797 -27.95445520955737 11.054517994476152 -0.13383813216067306 618.52439818847654 -0.047809852757616983 0.021694062790175092 0.0062245137403403959 0
1100 1 1 144979200 58967742.474155299 135972822.10557348 2473578.7143343072 -28.172840846717968 10.581069784439698 -0.1416807380007799 618.40655503347568 -0.049324263912608829 0.021306345176499944 0.0063083468259636701 0
1101 1 1 145065600 56524455.962588601 136866409.72541204 2460999.8007592582 -28.383401586462458 10.103081130576847 -0.14949274214958766 618.28625093861172 -0.050634193541201702 0.020780651289363537 0.0063711748320820407 0
1102 1 1 145152000 54063320.035197511 137718506.92737022 2447747.242650276 -28.585998595757825 9.6206621494288367 -0.15727438813631375 618.16399284681427 -0.05172492763602015 0.020124525902315966 0.006414063429498588 0
1103 1 1 145238400 51585028.766886674 138528735.84265599 2433823.6583425319 -28.780492774688604 9.1339272720323628 -0.16502575655822474 618.04030578455058 -0.052583739686808774 0.01934718736075591 0.0064379989010132149 0
1104 1 1 145324800 49090288.24800586 139296728.68420768 2419231.6657097973 -28.966745157434563 8.6429954778500413 -0.17274678086035825 617.91572835532577 -0.053200105578094223 0.018459399667416131 0.0064438243653655598 0
1105 1 1 145411200 46579816.554311462 140022128.14892665 2403973.8938987232 -29.14461734402154 8.1479905043995711 -0.18043727120514752 617.79080803503916 -0.053565876989372506 0.017473312209788799 0.0064321892633799026 0
1106 1 1 145497600 44054343.678582951 140704587.83678347 2388052.9927166989 -29.313971954527176 7.6490410273288516 -0.18809694461650989 617.66609638932994 -0.053675386532839917 0.016402263570746121 0.0064035119316072711 0
1107 1 1 145584000 41514611.422231533 141343772.68407732 2371471.6392229544 -29.474673101023601 7.1462808077706939 -0.19572545912334641 617.54214426599765 -0.053525554639651932 0.015260579425696381 0.0063579613704107174 0
1108 1 1 145670400 38961373.245450005 141939359.40794885 2354232.5412896867 -29.626586873982237 6.6398488049151938 -0.20332244938164526 617.41949698647659 -0.053115940861377768 0.014063347933147927 0.0062954549448254911 0
1109 1 1 145756800 36395394.075186379 142491036.95895606 2336338.4380907887 -29.769581829238291 6.129889249271395 -0.2108875618998966 617.29868973023645 -0.052448675603804729 0.012826162975629624 0.0062156679487016704 0
1110 1 1 145843200 33817450.071286984 142998506.97822595 2317792.0976461065 -29.903529470489612 5.6165516758313752 -0.21842048744902851 617.18024315412742 -0.051528440175280493 0.011564890077741564 0.0061180651810169035 0
1111 1 1 145929600 31228328.351123877 143461484.25578731 2298596.3117804872 -30.028304725940302 5.0999909179228089 -0.22592098822313783 617.06465922692962 -0.050362371801870302 0.010295420699822743 0.0060019442366824943 0
1112 1 1 146016000 28628826.673697278 143879697.18661958 2278753.8890206451 -30.143786408213703 4.5803670604733178 -0.23338891813380336 616.9524174124125 -0.048959907198863638 0.009033426684231384 0.0058664906840963102 0
1113 1 1 146102400 26019753.084999528 144252888.22093022 2258267.6460933299 -30.249857650267444 4.0578453533877319 -0.24082423464648312 616.84397127235309 -0.047332590944678413 0.007794126561131722 0.0057108436760988177 0
1114 1 1 146188800 23401925.526915036 144580814.30529431 2237140.3988152421 -30.346406313038678 3.5325960870668816 -0.24822700082446614 616.7397455122898 -0.045493865885558649 0.0065920703983939769 0.0055341700447015104 0
1115 1 1 146275200 20776171.412141129 144863247.31151143 2215374.9532727362 -30.433325364703727 3.0047944331534571 -0.25559737638734192 616.64013342780345 -0.043458880457444705 0.0054409499292817068 0.0053357463162263495 0
1116 1 1 146361600 18143327.167627122 145099974.45030376 2192974.098274101 -30.510513228974578 2.474620253212831 -0.2629355971841193 616.54549475117642 -0.041244250681855596 0.004353423050485839 0.0051150412573741384 0
1117 1 1 146448000 15504237.749430949 145290798.66719133 2169940.6000763164 -30.577874098447673 1.9422578780865256 -0.27024194306766913 616.45615392337584 -0.038867825964634659 0.0033409640764189225 0.0048717984940671163 0
1118 1 1 146534400 12859756.131935934 145435539.01817432 2146277.2003842904 -30.635318215616859 1.4078958617852064 -0.27751669431419945 616.37239871518796 -0.036348494859255301 0.0024137416073714826 0.0046061173091253103 0
1119 1 1 146620800 10210742.77389819 145534031.02319178 2121986.6186071136 -30.682762130086385 0.87172671374460942 -0.28476007664083464 616.29447903293578 -0.033706074020928956 0.0015805210443336781 0.0043185342562935868 0
1120 1 1 146707200 7558065.0629734695 145586126.9956196 2097071.5593459776 -30.720128940671437 0.33394661225121325 -0.29197219522790496 616.22260574739778 -0.030961252405800613 0.00084858055073498988 0.0040100990842042777 0
1121 1 1 146793600 4902596.7394361561 145591696.34626007 2071534.7260487697 -30.747348539537754 -0.20524489920569902 -0.29915295782532952 616.15694925618061 -0.028135731660334121 0.00022363516463628759 0.0036824559613971345 0
1122 1 1 146880000 2245217.2977840258 145550625.86036205 2045378.8418012063 -30.764357883967318 -0.74564523297735341 -0.30630198637244982 616.09763736036791 -0.025252543671128207 -0.00029025651469735491 0.0033379284817207262 0
1123 1 1 146966400 -413188.63753498532 145462819.94601843 2018606.6782998869 -30.77110133177942 -1.2870490997765198 -0.31341851549445132 616.04475187236676 -0.022336718341615727 -0.00069083174461776939 0.0029796257085806062 0
1124 1 1 147052800 -3071731.9700554851 145328200.85172525 1991221.0942881184 -30.767531094986342 -1.8292488822451969 -0.32050127424212244 615.99832307468421 -0.019416379039622674 -0.00097786015164824007 0.0026115793151482614 0
1125 1 1 147139200 -5729519.8358876882 145146708.84971699 1963225.085117778 -30.753607878570531 -2.3720350573422415 -0.32754834575840042 615.95832094191701 -0.016524367736808997 -0.001153543112428711 0.002238925732426436 0
1126 1 1 147225600 -8385656.3743289821 144918302.37972859 1934621.8456344437 -30.729301783511453 -2.9151966956282789 -0.3345569980301259 615.92464182014237 -0.01370045136358871 -0.0012231553010308214 0.0018681384131875134 0
1127 1 1 147312000 -11039243.533344207 144642958.1522699 1905414.8409370112 -30.694592125573877 -3.4585218941504317 -0.34152368385276366 615.8971120364655 -0.010993925272287092 -0.0011959926678178532 0.0015072849273149846 0
1128 1 1 147398400 -13689382.496955657 144320671.13231692 1875607.9685324773 -30.64948810944032 -4.0018008933370774 -0.34844104992782376 615.87515773567077 -0.0087090245366743362 -0.0011177358019049321 0.0012010988793549977 0
1129 1 1 147484800 -16335177.21662969 143951454.16513929 1845206.0163219327 -30.594042352601484 -4.5448298185535512 -0.35529623105196595 615.85758590429464 -0.0070578602213059068 -0.0010443322083949207 0.00097827278946972947 0
1130 1 1 147571200 -18975737.325303167 143535337.45131534 1814215.0099799791 -30.528329195852546 -5.0874104554739619 -0.36207404598969944 615.84292530136258 -0.0060578992438848067 -0.0010159334069207173 0.0008416410005884804 0
1131 1 1 147657600 -21610178.599857606 143072368.22737104 1782642.2244550257 -30.452410214494577 -5.6293455423459164 -0.36876160959953436 615.82997579692551 -0.0054629443843862268 -0.001024811547926642 0.00075849807494528818 0
1132 1 1 147744000 -24237620.825040985 142562610.9096221 1750495.8464431667 -30.366317642219354 -6.1704344286640991 -0.37535055764551234 615.81807676525148 -0.0050672511620067561 -0.0010522342639657746 0.00070185229163099614 0
1133 1 1 147830400 -26857185.798962131 142006147.38486862 1717784.6561868617 -30.27006908675169 -6.7104737289636436 -0.3818350931776876 615.80687510974747 -0.0047998251528054373 -0.0010939027857852083 0.00066234969160811812 0
1134 1 1 147916800 -29467996.714591205 141403077.17021132 1684517.8895223045 -30.16367994431825 -7.2492587901789802 -0.38821037544253373 615.79612815400708 -0.0046212137034523683 -0.0011477412357244815 0.00063474462459683792 0
1135 1 1 148003200 -32069178.081868146 140753517.51476648 1650705.1695419678 -30.04716544156592 -7.7865837867188068 -0.39447226480504388 615.7856723707456 -0.0044980507561295019 -0.0012101839958576954 0.00061457393892715899 0
1136 1 1 148089600 -34659855.760798655 140057603.49986038 1616356.4518767465 -29.920541929690774 -8.3222418135321643 -0.40061716135136372 615.77540392618857 -0.0044104045380773879 -0.0012788836988381763 0.00059915860459791646 0
1137 1 1 148176000 -37239157.136022657 139315488.11828697 1581481.987989418 -29.783828562522199 -8.8560252077610446 -0.40664179007928242 615.7652526285575 -0.0043471177434805074 -0.0013526141536360568 0.00058698806916500162 0
1138 1 1 148262400 -39806211.401520692 138527342.32904971 1546092.302448241 -29.637048143907343 -9.3877257728761663 -0.41254309516694138 615.75516907685039 -0.0043000331231798422 -0.0014302429594500901 0.00057696084131471283 0
1139 1 1 148348800 -42360149.891085051 137693355.09766769 1510198.1757556349 -29.480227442340119 -9.917134907951441 -0.41831820359202065 615.74512036342401 -0.0042624817103008115 -0.0015104952430569291 0.00056818644355503746 0
1140 1 1 148435200 -44900106.431436546 136813733.42544922 1473810.6297469537 -29.313397444224936 -10.444043745972694 -0.42396439638936373 615.73508666969644 -0.0042296545446064123 -0.0015922379951963407 0.00056003009569779885 0
1141 1 1 148521600 -47425217.721240833 135888702.36417979 1436940.9159866096 -29.13659370882705 -10.968243357972231 -0.42947906700994615 615.72505599854651 -0.0041993125368681361 -0.0016749541975987804 0.00055219601476354328 0
1142 1 1 148608000 -49934623.737376921 134918505.01312095 1399600.5073171912 -28.94985656241905 -11.489524926426661 -0.43485970030928567 615.71502144024282 -0.0041691916258544499 -0.0017579235009022602 0.00054439285653554029 0
1143 1 1 148694400 -52427468.150687784 133903402.50274616 1361801.090295953 -28.753231232732411 -12.007679918943069 -0.44010385915944267 615.70497927895906 -0.0041388176322180179 -0.0018410220878330218 0.00053655918290381355 0
1144 1 1 148780800 -54902898.758462057 132843673.96079366 1323554.5594419364 -28.546768019854149 -12.522500291810559 -0.44520916626062118 615.69492633561219 -0.0041080228577429359 -0.0019242287264491166 0.00052867293031341148 0
1145 1 1 148867200 -57360067.924100317 131739616.46317205 1284873.0121130187 -28.33052232390509 -13.033778647960171 -0.45017330360687524 615.68485961428905 -0.0040767476224203725 -0.0020075619808649016 0.00052072578333307374 0
1146 1 1 148953600 -59798133.018311583 130591544.97137186 1245768.7433492334 -28.104554655160904 -13.541308391996481 -0.45499401348884005 615.67477615155246 -0.0040449622149433132 -0.0020910525039140671 0.00051271323572956763 0
1147 1 1 149040000 -62216256.860623412 129399792.25656471 1206254.2405894562 -27.868930632527817 -14.044883883767197 -0.45966910024945834 615.66467297049951 -0.0040126470989940224 -0.0021747359854089677 0.00050463205296758743 0
1148 1 1 149126400 -64613608.160445996 128164708.81043547 1166342.17822821 -27.623720975041969 -14.544300591975846 -0.46419643219041073 615.65454705989373 -0.0039797865625823816 -0.0022586509454055699 0.00049647944343181153 0
1149 1 1 149212800 -66989361.957132392 126886662.74273726 1126045.4120058094 -27.369001487161416 -15.039355247876683 -0.46857394351571247 615.64439536472412 -0.0039463645179549783 -0.0023428369488208583 0.00048825256964191637 0
1150 1 1 149299200 -69342700.058510497 125566039.66556819 1085376.9732307384 -27.104853038196801 -15.529845998957386 -0.47279963626060384 615.63421478168755 -0.0039123642707143526 -0.0024273345944320602 0.00047994848873394481 0
1151 1 1 149385600 -71672811.477396384 124203242.5643726 1044350.062837564 -26.831361536131681 -16.015572562500452 -0.4768715821685422 615.62400215472292 -0.0038777681480073444 -0.0025121854233848247 0.00047156412716729758 0
1152 1 1 149472000 -73978892.865599319 122798691.65569083 1002978.0452848662 -26.548617895744698 -16.496336378744484 -0.48078792451859226 615.61375427182452 -0.0038425567209585589 -0.0025974315567759074 0.00046309618508198123 0
1153 1 1 149558400 -76260148.944927663 121352824.23170105 961274.44229751034 -26.256718001060602 -16.971940763414509 -0.48454687989870698 615.60346786259674 -0.0038067088437842658 -0.002683115724444198 0.00045454112830814865 0
1154 1 1 149644800 -78515792.934706941 119866094.49161777 919252.926458464 -25.955762662180511 -17.442191059396631 -0.48814673991450158 615.59313959578117 -0.00377020144214425 -0.0027692811239818263 0.0004458951798046908 0
1155 1 1 149731200 -80745046.975325629 118338973.36003198 876927.3146558255 -25.645857566489447 -17.906894787303287 -0.49158587283204164 615.58276607709888 -0.003733009380465775 -0.0028559713595961989 0.00043715429862730537 0
1156 1 1 149817600 -82947142.547323927 116771948.29229815 834311.56139091542 -25.32711322429838 -18.365861794705683 -0.49486272514960916 615.57234384686444 -0.0036951055811104022 -0.0029432305393038843 0.0004283141950637018 0
1157 1 1 149904000 -85121320.885547623 115165523.06709404 791419.75195381581 -24.999644908969366 -18.818904403794505 -0.49797582309464999 615.5618693772401 -0.0036564609731621011 -0.0030311032607404126 0.00041937031949194626 0
1158 1 1 149990400 -87266833.387891129 113520217.56629983 748266.09547278809 -24.663572591546089 -19.265837557204474 -0.50092377404575139 615.55133906974379 -0.0036170442451356061 -0.0031196344387571539 0.0004103178477042842 0
1159 1 1 150076800 -89382942.018157884 111836567.54236537 704864.91784424696 -24.319020869971723 -19.706478961773897 -0.50370526787443237 615.54074925270049 -0.0035768219750133222 -0.0032088694124229587 0.00040115169912111856 0
1160 1 1 150163200 -91468919.702575132 110115124.37335452 661230.6545504051 -23.966118892989641 -20.140649230018528 -0.50631907820382316 615.53009617825865 -0.0035357585987007916 -0.0032988539672822838 0.00039186652781165288 0
1161 1 1 150249600 -93524050.719506577 108356454.80587277 617377.84337177151 -23.605000278798546 -20.568172019072808 -0.50876406358324566 615.51937601933366 -0.0034938163178265878 -0.0033896342772726795 0.00038245672295719079 0
1162 1 1 150336000 -95547631.08191283 106561140.68610901 573321.11700184178 -23.235803028554106 -20.988874166861187 -0.51103916857812592 615.50858486665959 -0.0034509549532024458 -0.0034812568342342774 0.00037291638072488808 0
1163 1 1 150422400 -97538968.912121207 104729778.67923923 529075.19557139534 -22.858669434849446 -21.402585825292366 -0.51314342477080166 615.49771872554084 -0.0034071320783371703 -0.0035737685842669575 0.00036323933285275806 0
1164 1 1 150508800 -99497384.808475703 102862979.97745852 484654.87909029605 -22.473745985297708 -21.809140590252404 -0.51507595167041154 615.4867735123637 -0.0033623028571232406 -0.0036672168054110109 0.0003534191172929103 0
1165 1 1 150595200 -101422212.20344836 100961369.99692865 440075.03981447412 -22.081183261329361 -22.208375628169801 -0.51683595753434608 615.47574505127591 -0.0033164199734458505 -0.0037616491482794219 0.00034344896727910761 0
1166 1 1 150681600 -103312797.71280834 99025588.063942447 395350.61454623297 -21.681135832437477 -22.600131799042682 -0.51842274008658218 615.46462906896863 -0.0032694344921505337 -0.0038571146696073717 0.00033332193496655874 0
1167 1 1 150768000 -105168501.47546324 97056287.090618193 350496.59687697201 -21.27376214600849 -22.984253775721822 -0.51983568713729067 615.45342118783196 -0.0032212954504397236 -0.0039536636446997004 0.0003230308030213053 0
1168 1 1 150854400 -106988697.4835885 95054133.240466088 305528.02937970764 -20.859224412675175 -23.360590158984735 -0.52107427712670296 615.4421169230892 -0.0031719481254727918 -0.004051345527584088 0.0003125679359080714 0
1169 1 1 150940800 -108772773.9026714 93019805.584192157 260459.99575886058 -20.437688487655372 -23.728993588564002 -0.52213807955954805 615.43071167680512 -0.003121336934204869 -0.0041502127458406656 0.00030192556638142351 0
1170 1 1 151027200 -110520133.38113898 90953995.746087059 215307.61296735948 -20.00932374819623 -24.089320849884501 -0.52302675534034349 615.4192007302712 -0.0030694033121644007 -0.0042503183511475801 0.00029109555515798784 0
1171 1 1 151113600 -112230193.34922709 88857407.54139407 170086.02329828098 -19.574302967288322 -24.441432976323458 -0.52374005701034132 615.40757923528997 -0.0030160909803915847 -0.0043517237447012703 0.00028006988838403878 0
1172 1 1 151200000 -113902386.30692174 86730756.604833901 124810.38647212487 -19.132802187845321 -24.78519535293519 -0.52427782854505622 615.39584208987162 -0.0029613821701661444 -0.0044545553562791353 0.00026884369343620782 0
1173 1 1 151286400 -115536160.10068513 84574770.010654569 79495.871728006488 -18.685000584478477 -25.12047780218629 -0.52464000584980763 615.38398406449369 -0.0029051544560598956 -0.0045587926833344714 0.0002574028459124416 0
1174 1 1 151372800 -117130978.18782881 82390185.885910764 34157.649853248542 -18.231080323182717 -25.447154665652373 -0.52482661704547073 615.37199990681131 -0.0028473360899088007 -0.0046644910507059089 0.00024573768942522903 0
1175 1 1 151459200 -118686319.88923104 80177753.016044721 -11189.114755292474 -17.771226426681082 -25.76510489312615 -0.52483778190935493 615.35988420822866 -0.0027878521125866292 -0.0047717068814276476 0.00023383818428992552 0
1176 1 1 151545600 -120201680.6300268 77938230.443376526 -56529.272002195285 -17.305626632084461 -26.074212119543976 -0.52467371166883003 615.34763140510597 -0.0027266242375756848 -0.0048804977478912655 0.00022169389784483198 0
1177 1 1 151632000 -121676572.16790572 75672387.059155211 -101847.6939811644 -16.834471246410395 -26.374364737069758 -0.52433470867059417 615.33523577099174 -0.0026635707361097206 -0.0049909225728133021 0.000209294005635596 0
1178 1 1 151718400 -123110522.80882162 73381001.189630896 -147129.28283068506 -16.357952999670989 -26.665455961381952 -0.52382116597216943 615.32269141580366 -0.0025986063154518515 -0.0051030417883560749 0.00019662724466374814 0
1179 1 1 151804800 -124503077.60999598 71064860.176482141 -192358.97854528818 -15.876266898593212 -26.94738389783436 -0.52313356666269273 615.30999219146361 -0.0025316779286955172 -0.0052169922057435005 0.00018368433441095697 0
1180 1 1 151891200 -125853798.57045116 68724759.951206729 -237521.76670909807 -15.389610083959052 -27.220051614904996 -0.52227248278117133 615.29713137949466 -0.0024627847527305107 -0.0053330501784628285 0.00017045866169910825 0
1181 1 1 151977600 -127162264.80877939 66361504.604092717 -282602.68615985365 -14.898181672671221 -27.483367184832435 -0.52123857511685689 615.28410185642781 -0.002391789964651832 -0.0054512356056823563 0.00015693374667135121 0
1182 1 1 152064000 -128428072.7266718 63975905.951130591 -327586.83666521223 -14.402182594020076 -27.737243706541516 -0.52003259314390293 615.2708964601145 -0.0023185546523469651 -0.005571564349217086 0.00014309310575607879 0
1183 1 1 152150400 -129650836.15902013 61568783.09766005 -372459.38653629948 -13.901815440590937 -27.981599355334492 -0.51865537381151161 615.25750779075145 -0.0022429912262913881 -0.0056941845530105633 0.00012892305064806929 0
1184 1 1 152236800 -130830186.51118487 59140961.997665927 -417205.58013153326 -13.397284317893101 -28.216357428411868 -0.51710784036571344 615.24392799326745 -0.002165015609072229 -0.0058192870086111624 0.00011440918032491846 0
1185 1 1 152323200 -131965772.88311881 56693275.009522893 -461810.74526772817 -12.888794692463886 -28.441446386388101 -0.51539100126949744 615.23014852038057 -0.0020845774518088995 -0.0059472052946528756 9.9537309347212904e-05 0
1186 1 1 152409600 -133057262.18023117 54226560.448648982 -506260.30054248887 -12.376553233433683 -28.656799873738962 -0.51350594938679428 615.21616015473012 -0.0020015528695745376 -0.0060781323902215226 8.4288139241435903e-05 0
1187 1 1 152496000 -134104339.21035068 51741662.139154933 -550539.76259412593 -11.86076765480785 -28.862356736949483 -0.511453861093349 615.2019529756443 -0.0019158637159967214 -0.0062124613710976421 6.8642431500434787e-05 0
1188 1 1 152582400 -135106706.76760027 49239428.96253977 -594634.75326179096 -11.341646567247718 -29.058061067926243 -0.50923599503678652 615.18751581778463 -0.0018274779807140097 -0.0063508593151819963 5.2578907446512434e-05 0
1189 1 1 152668800 -136064085.70360672 46720714.401907369 -638531.00664803979 -10.819399335060965 -29.243862272113539 -0.50685369110536882 615.17283525058178 -0.001736487443653339 -0.0064946647027307094 3.6072472893196853e-05 0
1190 1 1 152755200 -136976214.98673046 44186376.078370176 -682214.37610845815 -10.294235941805335 -29.419715185073002 -0.5043083699047175 615.15789370288496 -0.0016431907397059351 -0.0066465003280445963 1.9086748960714248e-05 0
1191 1 1 152841600 -137842851.75117621 41637275.269641481 -725670.84124266414 -9.7663669056382858 -29.585580442381875 -0.50160153356374626 615.14266345543535 -0.0015488270902963234 -0.0068141069752345358 1.5547233197411554e-06 0
1192 1 1 152928000 -138663771.34513271 39074276.36283619 -768886.51515265927 -9.2360033745397292 -29.741425843278229 -0.49873477310422726 615.12708471435656 -0.0014577706450076436 -0.0070235266275228596 -1.6729535290140764e-05 0
1193 1 1 153014400 -139438767.41569439 36498246.016083129 -811847.65381180355 -8.703358015943353 -29.887232641071705 -0.49570981979817813 615.11096536915443 -0.0013849639592530621 -0.0073689656325709417 -3.6630107261190489e-05 0
1194 1 1 153100800 -140167652.06278896 33910051.73601789 -854540.67205069342 -8.1686452447847451 -30.023000703178948 -0.49252864695966264 615.09389981589914 -0.0013448079926477246 -0.0079857604817950168 -6.0280583703387856e-05 0
1195 1 1 153187200 -140850255.96537015 31310560.175899968 -896952.16973045003 -7.6320819556867425 -30.14876038516217 -0.48919371187002314 615.07508215008068 -0.0014143790253073629 -0.0095259609659957365 -9.7043952758110388e-05 0
1196 1 3 153258463.91521746 -141378341.74352461 29158564.037822496 -931712.67688582942 -7.1883221367441497 -30.245329835857113 -0.48633366360843194 615.05216827415484 0 0 0 11
1197 1 1 153273600 -141486430.63110781 28700618.499102343 -939069.18244385393 -7.0939495405159629 -30.265060675089252 -0.48571433313914519 615.04558904555563 -0.0023174490082913989 -0.017791097422515761 -0.00022446213135346649 0
1198 1 1 153360000 -142076053.60859209 26081009.14342409 -980879.82524680893 -6.5545352140370117 -30.372611944052977 -0.48210347515534413 614.99404935695088 -0.0033785400661372868 -0.028794217929025253 -0.00040918589479236819 0
1199 1 1 153446400 -142619021.47592041 23452497.3474015 -1022372.8023820543 -6.013993780445329 -30.471080880005875 -0.4783610735549893 614.92565970179817 -0.0040711882773774386 -0.038748008063672575 -0.00060433048766766128 0
1200 1 1 153532800 -143115258.66665968 20815699.371453471 -1063539.6388294059 -5.4729842833056939 -30.566171052773367 -0.47458194772621665 614.75073256261715 -0.010558968536599822 -0.11989900220680912 -0.001925310198156965 0
1201 1 1 153619200 -143564744.68645084 18170741.609399963 -1104379.6186074181 -4.9316661891757017 -30.658363933741381 -0.47076718104288723 614.46191306836386 -0.01055922109355335 -0.13598812620743339 -0.0021014347481980865 0
1202 1 1 153705600 -143967431.41580108 15518176.556828545 -1144884.2915398364 -4.3896969091718709 -30.742288792675179 -0.46681888717754727 614.14391382562201 -0.010247008849522397 -0.15190943519773578 -0.0021885032946886277 0
1203 1 1 153792000 -144323271.22102898 12858702.406328654 -1185041.9333336675 -3.847272933081165 -30.818284614036806 -0.46273206530536209 613.79159202006042 -0.0095905023146796234 -0.16721697892235043 -0.0021760120413337296 0
1204 1 1 153878400 -144632231.57716948 10193008.208947422 -1224840.0573412124 -3.3045502262622737 -30.886249523931376 -0.45849475041103144 613.40679797981647 -0.0085706407708371676 -0.18146789249307896 -0.0020646281453765808 0
1205 1 1 153964800 -144894293.32722017 7521794.3642456792 -1264265.1718295426 -2.76168264529618 -30.94602234603537 -0.45409590598743882 612.99236186151484 -0.0071846768897478328 -0.19420664344955108 -0.0018662528526931898 0
1206 1 1 154051200 -145109450.60822919 4845777.773845274 -1303302.9268145431 -2.2188245594151597 -30.997382724475205 -0.44952693834529234 612.55208607520194 -0.0054510129905757784 -0.2049988049705431 -0.0016028083918414079 0
1207 1 1 154137600 -145277711.02867126 2165696.7808091138 -1341938.3822639091 -1.6761339795688137 -31.040055755587957 -0.44478296603720135 612.09066836283523 -0.0034112830726003573 -0.21345702527195037 -0.0013039330929839211 0
1208 1 1 154224000 -145399096.12357077 -517684.4461944506 -1380156.3703366104 -1.1337757996053144 -31.07372018213076 -0.43986370749883769 611.61357125910786 -0.0011299289381530495 -0.21926551069453587 -0.0010038499086428088 0
1209 1 1 154310400 -145473642.08178756 -3203572.3820152283 -1417941.9141590279 -0.59192479670126674 -31.098019871512847 -0.43477388947904749 611.12684292402787 0.0013086797597331951 -0.22220090029088513 -0.00073771647553353174 0
1210 1 1 154396800 -145501400.71002811 -5891141.7262868462 -1455280.6591255565 -0.050768059300403699 -31.112577955165758 -0.42952312374890389 610.63689939345227 0.003805266588831977 -0.22214759742051224 -0.00053779620815988017 0
1211 1 1 154483200 -145482440.57176968 -8579534.2915719431 -1492159.2702466298 0.48949343129449197 -31.117012789065495 -0.424125247868748 610.15028130741916 0.0062522898470484664 -0.21910654148765388 -0.00042979962037672197 0
1212 1 1 154569600 -145416848.21899745 -11267859.314320231 -1528565.7508556293 1.0286442587027207 -31.110954754447231 -0.41859717594834589 609.67339999657884 0.0085415746812232789 -0.21319658058500754 -0.00042975313580384718 0
1213 1 1 154656000 -145304729.42199275 -13955195.214539237 -1564489.6441812352 1.5664551667252913 -31.094062803657433 -0.41295735697246411 609.21228924661705 0.010572232280721431 -0.20464796969541973 -0.00054175141050845854 0
1214 1 1 154742400 -145146210.29831627 -16640592.734164448 -1599922.0898689101 2.1026847884232924 -31.06603965323982 -0.40722398684384598 608.77237884838428 0.012258162075808416 -0.1937886370635197 -0.00075689898653194131 0
1215 1 1 154828800 -144941438.24678645 -19323079.293143835 -1634855.7220101096 2.6370824059652516 -31.026644620918631 -0.40141316183234915 608.35830443040743 0.013534482115652708 -0.18102404999540173 -0.0010536929457208397 0
1216 1 1 154915200 -144690582.60518944 -22001664.321290601 -1669284.4128994157 3.1693915462111466 -30.975703249981134 -0.39553719221700223 607.97376578202966 0.014362300673695573 -0.16681206901440265 -0.0013999990516859876 0
1217 1 1 155001600 -144393834.97087526 -24675345.259569466 -1703202.8863288374 3.6993541369303413 -30.913113101256748 -0.38960330669411947 607.62144232900289 0.014731343683010736 -0.15163472420959034 -0.0017566046962796506 0
1218 1 1 155088000 -144051409.15013671 -27343113.883008558 -1736606.2436711653 4.2267148815378537 -30.83884537248613 -0.38361296169191511 607.30297034117439 0.014660026776457996 -0.13596881497818455 -0.0020821107234772307 0
1219 1 1 155174400 -143663540.73436722 -30003962.579900682 -1769489.4624526387 4.7512254529909805 -30.752942278245676 -0.37756191463082439 607.01898258639687 0.014192620397326468 -0.12025714847710496 -0.0023386111761351867 0
1220 1 1 155260800 -143230486.337495 -32656890.227648936 -1801846.9366611799 5.2726480647298324 -30.655510385986876 -0.371441113754998 606.76920755810647 0.013393293510490406 -0.1048820827443125 -0.0024972251679887805 0
1221 1 1 155347200 -142752522.56827417 -35300907.332304999 -1833672.1260134352 5.7907579622762979 -30.546710316111202 -0.36523829695456361 606.5526226742021 0.012337073324814478 -0.090142430925109776 -0.0025422097463130458 0
1222 1 1 155433600 -142229944.84935856 -37935040.138991795 -1864957.3638415132 6.3053444146518833 -30.426743299715152 -0.35893999823684047 606.36765508109784 0.01109818721891879 -0.076233632961567613 -0.0024722871441420669 0
1223 1 1 155520000 -141663066.22726354 -40558333.460339531 -1895693.8392635405 6.8162098947546541 -30.295834988217191 -0.35253348521318595 606.21242564390946 0.0097367918597452523 -0.063229551301444545 -0.0022981969327376798 0
1224 1 1 155606400 -141052216.33724928 -43169851.988811292 -1925871.7237043227 7.3231672983450071 -30.154216466709919 -0.3460080703988383 606.08503863324916 0.0082850644885232826 -0.051060495218328138 -0.0020363803549696214 0
1225 1 1 155692800 -140397740.69630432 -45768679.808012389 -1955480.3652589347 7.8260350899578768 -30.002101098842626 -0.33935529518359758 605.983939944751 0.0067314392816130077 -0.039471465871857979 -0.0016994957641069783 0
1226 1 1 155779200 -139700000.52482679 -48353917.559022419 -1984508.435264474 8.3246296501281343 -29.839651725722991 -0.33256755369121599 605.90843064922672 0.004992941827057438 -0.027907267441754455 -0.0012831733369168161 0
1227 1 1 155865600 -138959373.93215671 -50924673.33740104 -2012943.7377019275 8.8187393180967639 -29.666857989274188 -0.32563115156387784 605.86060052275172 0.002832232727205744 -0.015119105261559724 -0.00073910672092647228 0
1228 1 1 155952000 -138176255.40320998 -53480063.744440541 -2040773.4023626714 9.3082340082218273 -29.484122663137683 -0.31855360649995418 605.83610237748292 0.0015145274101990977 -0.0077259294172854868 -0.00039878328297811782 0
1229 1 1 156038400 -137351043.52097327 -56019274.821430787 -2067987.0343306256 9.7931288198938109 -29.292524014035241 -0.31137953936929447 605.81997642453643 0.0014827244544798085 -0.0071998872281812997 -0.00038275937335836645 0
1230 1 1 156124800 -136484136.58066434 -58541575.618379794 -2094577.8280158462 10.273373577624085 -29.092705173439938 -0.30413669062401633 605.80411750155213 0.0014876474020707655 -0.0068911363248155225 -0.00037659273108274694 0
1231 1 1 156211200 -135575942.75015688 -61046260.674746037 -2120539.9325482771 10.748820345709172 -28.884774783282115 -0.29682708427258192 605.78887325869266 0.0014920480447306115 -0.0066085175058213184 -0.00037106433774621017 0
1232 1 1 156297600 -134626882.62596083 -63532634.959000446 -2145867.7150743906 11.219329713678059 -28.668867279344358 -0.28945382634995004 605.77422441638078 0.0014924669514542149 -0.0063341834907822744 -0.00036530285253543105 0
1233 1 1 156384000 -133637388.66885765 -66000015.130655088 -2170555.8096159161 11.684766546244596 -28.445119227637274 -0.28202000855481885 605.76015413714208 0.0014894942001476372 -0.0060694227183255975 -0.00035940402305026787 0
1234 1 1 156470400 -132607904.82506306 -68447729.753807545 -2194599.1176806879 12.145000112011015 -28.213669587464977 -0.27452872981145421 605.74664136140711 0.0014836551500231724 -0.0058150805866155923 -0.00035344598394934672 0
1235 1 1 156556800 -131538886.14658912 -70875119.48928535 -2217992.8084095516 12.599904063882953 -27.974659381264054 -0.26698308558906381 605.73366359165368 0.0014753954040777307 -0.0055715866327430592 -0.0003474879436720518 0
1236 1 1 156643200 -130430798.41251241 -73281537.263893917 -2240732.3180665947 13.049356436227947 -27.728231487418284 -0.25938616301716477 605.721197767935 0.0014650721281276279 -0.0053389976450949946 -0.0003415698976566986 0
1237 1 1 156729600 -129284117.75077529 -75666348.422134638 -2262813.3491110476 13.49323963557107 -27.474530442024296 -0.2517410361129947 605.70922103910004 0.00145295208663274 -0.0051170544245189697 -0.00033571342818959632 0
1238 1 1 156816000 -128099330.26102984 -78028930.861250997 -2284231.8688672557 13.931440425940952 -27.213702251449718 -0.24405076127479533 605.69771140293165 0.0014392158683127008 -0.0049052473512512084 -0.00032992352149474071 0
1239 1 1 156902400 -126876931.63894174 -80368675.150590494 -2304984.1078216271 14.363849909894762 -26.945894216862335 -0.23631837317284238 605.68664819812204 0.0014239675946260744 -0.004702886789351839 -0.00032419118398385602 0
1240 1 1 156988800 -125617426.8022861 -82684984.636347666 -2325066.5575855733 14.79036350614828 -26.671254771360783 -0.22854688114230173 605.67601243906336 0.001407249252531763 -0.0045091746780934775 -0.00031849669826468596 0
1241 1 1 157075200 -124321329.51909529 -84977275.532782286 -2344475.9685713947 15.210880924562554 -26.389933329700444 -0.22073926615571948 605.6657869940841 0.0013890580296225966 -0.0043232723648424128 -0.00031281329854460066 0
1242 1 1 157161600 -122989162.03806205 -87244977.000976712 -2363209.347433087 15.625306139015377 -26.102080149988875 -0.21289847841043469 605.65595661742339 0.0013693651299870398 -0.0041443611921864526 -0.00030711090466404569 0
1243 1 1 157248000 -121621454.72136723 -89487531.216119751 -2381263.9543249668 16.033547358426322 -25.807846206130904 -0.20502743551810385 605.64650785473339 0.0013481339443024698 -0.0039716912030976223 -0.00030135961230117213 0
1244 1 1 157334400 -120218745.68009046 -91704393.42417033 -2398637.3000278487 16.435516995905864 -25.507383069213201 -0.19712902123472636 605.63742885159661 0.0013253356130484961 -0.0038046148045533549 -0.00029553256881301794 0
1245 1 1 157420800 -118781580.41237728 -93895031.988583133 -2415327.1429851553 16.831131635745656 -25.200842795696328 -0.18920608462523314 605.62870910017193 0.0013009604443259993 -0.0036426042320312933 -0.00028960800036138368 0
1246 1 1 157507200 -117310511.44456734 -96058928.427587807 -2431331.4862808185 17.220311997795093 -24.888377820211176 -0.18126143952765833 605.62033916073165 0.0012750243955352229 -0.0034852532732384946 -0.00028357023415680226 0
1247 1 1 157593600 -115806097.97553898 -98195577.44231382 -2446648.574577143 17.602982898538166 -24.570140850539154 -0.17329786413814335 605.61231039904317 0.0012475710018926482 -0.003332267157388864 -0.00027740985061354125 0
1248 1 1 157680000 -114268905.52448212 -100304486.93612771 -2461276.8910370823 17.979073211487776 -24.246284771293332 -0.16531810122840956 605.60461463288038 0.0012187037883680319 -0.0031835331731294237 -0.00027113024746770406 0
1249 1 1 157766400 -112699505.58213392 -102385178.02596453 -2475215.154289003 18.348515825084672 -23.916962550781268 -0.15732485859257725 605.59724377930479 0.0011885545063276741 -0.0030390201912810929 -0.00026474101998879196 0
1250 1 1 157852800 -111098475.26625738 -104437185.04448539 -2488462.3153362139 18.711247584234748 -23.582327116120648 -0.14932080682461124 605.59019008633436 0.001157156567573232 -0.0028984559838319207 -0.00025823179400303388 0
1251 1 1 157939200 -109466396.98252815 -106460055.53103536 -2501017.5542296283 19.067209230293276 -23.242531236131395 -0.14130857743922012 605.58344629762234 0.0011245873301792375 -0.002761697209997767 -0.00025160154387239081 0
1252 1 1 158025600 -107803858.09003128 -108453350.21440932 -2512880.2767243129 19.416345351130623 -22.897727439899672 -0.13329076370301651 605.5770052840187 0.0010909807339334217 -0.0026287466332574516 -0.00024486127657581712 0
1253 1 1 158112000 -106111450.57113922 -110416642.98874395 -2524050.111020301 19.758604329324527 -22.548067938278312 -0.12526992168516293 605.57085968259753 0.0010565215982525913 -0.0024997261947846045 -0.00023803300800676177 0
1254 1 1 158198400 -104389770.70638455 -112349520.88174187 -2534526.9045112072 20.093938274607162 -22.193704516266543 -0.11724856859601623 605.56500208545322 0.0010212906296454694 -0.0023745098610851588 -0.00023111754131612257 0
1255 1 1 158284800 -102639418.75556736 -114251584.01304995 -2544310.7203288255 20.422302955029647 -21.834788431542069 -0.10922918136973798 605.55942518931204 0.00098542502410954103 -0.0022531088709951096 -0.00022412791085236577 0
1256 1 1 158371200 -100860998.64427495 -116122445.54551199 -2553401.8338972242 20.743657734981177 -21.471470337644533 -0.10121419714704787 605.55412159425498 0.00094905915882635022 -0.0021355283039893366 -0.00021707711406865869 0
1257 1 1 158457600 -99055117.656145737 -117961731.62919517 -2561800.7294669584 21.057965505724926 -21.103900197120407 -0.093206012639012292 605.5490838339133 0.00091232179289746829 -0.0020217618040263324 -0.00020997759922618226 0
1258 1 1 158544000 -97222386.131199196 -119769081.33809079 -2569508.0965980962 21.365192614490091 -20.7322271988761 -0.085206983583997128 605.54430439849318 0.00087533568316765611 -0.0019117919777103137 -0.00020284119377894853 0
1259 1 1 158630400 -95363417.170365691 -121544146.59981702 -2576524.8265965413 21.66530879190109 -20.356599678813691 -0.077219424206997803 605.53977576599857 0.00083821742632992843 -0.0018055911545619592 -0.00019567909491470607 0
1260 1 1 158716800 -93478826.34625648 -123286592.11880691 -2582852.0089239017 21.958287081190338 -19.977165050642789 -0.069245607383377247 605.53549032303067 0.00080112143674801104 -0.0017032151778221777 -0.00018851160300937947 0
1261 1 1 158803200 -91569231.419648588 -124996095.29461718 -2588490.9277328798 22.244103777467636 -19.594069763594458 -0.061287767636106598 605.53143988596491 0.00076430715570554968 -0.0016049419707273452 -0.00018138647608903843 0
1262 1 1 158889600 -89635252.062038749 -126672346.13507415 -2593443.0584863583 22.522738335623373 -19.207459199171005 -0.053348097043176501 605.52761633033526 0.00072771758883397389 -0.0015103827039048981 -0.00017427748415194141 0
1263 1 1 158976000 -87677509.586950243 -128315047.15907486 -2597710.0640349314 22.794173282359107 -18.817477582709618 -0.045428742151779312 605.52401203115107 0.00069145602722873003 -0.0014194992741982453 -0.00016719662243391327 0
1264 1 1 159062400 -85696626.687018156 -129923913.29583415 -2601293.790866897 23.058394154215165 -18.424267954931512 -0.037531807255317878 605.52061933546884 0.00065562066097764402 -0.0013322489564819 -0.00016015572675819013 0
1265 1 1 159148800 -83693227.177320331 -131498671.77995797 -2604196.2654409986 23.315389419295588 -18.027972113007632 -0.02965935403187565 605.51743061668253 0.00062030473584619877 -0.0012485853475932361 -0.00015316654046707169 0
1266 1 1 159235200 -81667935.745343968 -133039062.04186425 -2606419.6905230558 23.565150402992998 -17.628730563822035 -0.021813402234569672 605.51443817740733 0.00058564073518589178 -0.0011685462294083271 -0.00014625105197967693 0
1267 1 1 159321600 -79621377.707058936 -134544835.59493458 -2607966.4416605188 23.807671220418374 -17.226682493922194 -0.013995932093042462 605.51163391970579 0.00055181899435357402 -0.0010922870285101118 -0.00013944651803077344 0
1268 1 1 159408000 -77554178.769633517 -136015755.91862926 -2608839.0636806828 24.042948681114204 -16.82196568835144 -0.0062088802942409536 605.5090099630587 0.00051874738088015214 -0.0010194151634313252 -0.00013272521363833094 0
1269 1 1 159494400 -75466964.802895069 -137451598.33374828 -2609040.2667184547 24.2709822011611 -16.414716467858643 0.0015458623943269674 605.50655900171762 0.00048647833239175213 -0.00094983559662504223 -0.00012609363364842616 0
1270 1 1 159580800 -73360361.616664588 -138852149.87578282 -2608572.9224399263 24.491773741286632 -16.005069680005956 0.0092664474119988523 605.50427377853396 0.00045508731387665016 -0.00088350649958827011 -0.00011956485910317481 0
1271 1 1 159667200 -71234994.746509284 -140217209.16164643 -2607440.0597857526 24.705327672508012 -15.593158552327196 0.016951083723651891 605.50214902624919 0.00042464449008055021 -0.00082038382731284447 -0.0001131519989360332 0
1272 1 1 159753600 -69091489.222831219 -141546586.29823995 -2605644.8670044583 24.911651553194581 -15.179116302008746 0.024597807563506959 605.5001526720614 0.00040507881627149019 -0.0007793971790295898 -0.0001095321312793155 0
1273 1 1 159840000 -66930469.290049642 -142840102.89663064 -2603190.7091740365 25.110755624224019 -14.76307526837541 0.032204590237360824 605.49824045535217 0.00039093204473771248 -0.00074972688557677102 -0.00010732150420353416 0
1274 1 1 159926400 -64752558.249353573 -144097591.85777718 -2600081.114857832 25.302651477528084 -14.345164475035121 0.039769674580468428 605.49639820762877 0.00037703928972442877 -0.00072133915433309197 -0.0001051510277897347 0
1275 1 1 160012800 -62558378.327971347 -145318897.11919203 -2596319.7569336249 25.487352496240227 -13.925510615643624 0.047291443405084906 605.49462423624914 0.0003634138497173395 -0.00069419693040449228 -0.00010302237167068647 0
1276 1 1 160099200 -60348550.504779376 -146503873.49662849 -2591910.4465691387 25.664874180113802 -13.504238800426133 0.054768313203046474 605.49291586081029 0.00035007057601487611 -0.00066826939907040474 -0.00010093788020362856 0
1277 1 1 160185600 -58123694.332250431 -147652386.54318824 -2586857.1298828847 25.835234035500459 -13.081472464981955 0.062198743679777208 605.49127067297707 0.00033702197309867576 -0.00064352465681396761 -9.8899630512620389e-05 0
1278 1 1 160272000 -55884427.763335392 -148764312.4092221 -2581163.8849898311 25.998451598748055 -12.657333531305184 0.06958121191994146 605.48968339849398 0.0003254250487782493 -0.00062207557228103618 -9.7216908584338977e-05 0
1279 1 1 160358400 -53631366.976239815 -149839537.71634653 -2574834.9213330485 26.154548376688602 -12.231942414960733 0.076914207660369355 605.48814551559758 0.00031532547782044985 -0.00060396589770366968 -9.5916794097188309e-05 0
1280 1 1 160444800 -51365126.215971261 -150877959.41037601 -2567874.5763035933 26.303547565751117 -11.805417618949079 0.084196289016633785 605.4866522083795 0.00030534185185454208 -0.0005865767366074635 -9.4633353415535213e-05 0
1281 1 1 160531200 -49086317.65417973 -151879484.59032136 -2560287.308525499 26.445473987343878 -11.377875731551226 0.091426082283463606 605.48520223280389 0.00029548427692868717 -0.00056989405040722108 -9.3368080037765347e-05 0
1282 1 1 160617600 -46795551.245272271 -152844030.35457703 -2552077.6936730486 26.580354133202938 -10.949431629067069 0.098602251804290914 605.48379420103481 0.00028576169687066116 -0.00055390330434497241 -9.2122343944876835e-05 0
1283 1 1 160704000 -44493434.583926745 -153771523.6548146 -2543250.4215864534 26.708216137908046 -10.520198546816303 0.1057234856982604 605.48242523593171 0.00027673638050950821 -0.00053967876189466035 -9.1085668158291647e-05 0
1284 1 1 160790400 -42180572.765065975 -154661901.15584838 -2533810.2945748167 26.829089703114178 -10.090288055969827 0.11278849805577994 605.48109131354192 0.00026825278063666335 -0.00052690681060284033 -9.021476247347707e-05 0
1285 1 1 160876800 -39857568.255401976 -155515109.08362564 -2523762.2238096278 26.943005946975557 -9.6598098919476172 0.11979605760549976 605.47979023758296 0.00025983114739701557 -0.00051462646867034311 -8.9348186850781835e-05 0
1286 1 1 160963200 -37525020.774049006 -156331103.06596318 -2513111.2244881424 27.049997354926536 -9.2288719789505009 0.12674498348742635 605.478521201582 0.00025149096989998215 -0.00050285262807281579 -8.8490430542503519e-05 0
1287 1 1 161049600 -35183527.17314449 -157109847.98370528 -2501862.4127588561 27.150097814953703 -8.7975806194042008 0.13363411386682467 605.47728149272712 0.00024401244913247337 -0.00049308998915524279 -8.788670908611016e-05 0
1288 1 1 161136000 -32833681.314145032 -157851317.84110439 -2490021.0059134392 27.243342670734826 -8.3660407301645705 0.14046226328018083 605.47606244113319 0.00023865516541176995 -0.00048792282488533322 -8.8008118304165809e-05 0
1289 1 1 161222400 -30476073.950843956 -158555495.63438466 -2477592.3225766942 27.32976842120803 -7.9343553741820694 0.14722830058938891 605.47485770801393 0.00023328616195930667 -0.00048315596115780296 -8.8152999317299598e-05 0
1290 1 1 161308800 -28111292.642592609 -159222373.17052081 -2464581.7742832168 27.409412554673946 -7.5026255426225479 0.1539311894182733 605.47366717924297 0.00022780476004016122 -0.00047857443715373368 -8.8281802183323515e-05 0
1291 1 1 161395200 -25739921.661092363 -159851950.90848204 -2450994.8606529054 27.482313678468898 -7.0709505270759205 0.16056992631598663 605.47249057913143 0.00022221707515998921 -0.00047418023556977337 -8.8394546901080528e-05 0
1292 1 1 161481600 -23362541.896157648 -160444237.81262636 -2436837.1665670001 27.548511460670468 -6.6394279214363419 0.16714354100084841 605.47132759236604 0.00021652923248233251 -0.00046997514765966599 -8.8491254823339964e-05 0
1293 1 1 161568000 -20979730.766400803 -160999251.20638397 -2422114.3593189833 27.608046576365936 -6.2081536306215295 0.17365109595702308 605.47017788645667 0.00021074735981364742 -0.00046596077221104041 -8.8571947889347867e-05 0
1294 1 1 161654400 -18592062.134470817 -161517016.6268051 -2406832.1858113194 27.660960655929294 -5.7772218817599086 0.18009168579263071 605.46904111171898 0.00020487758460154465 -0.00046213852092127249 -8.8636649612811998e-05 0
1295 1 1 161740800 -16200106.226701394 -161997567.68012166 -2390996.4698077613 27.707296234673759 -5.3467252364867068 0.18646443659543618 605.46791690130306 0.00019892602603588518 -0.00045850961997926949 -8.8685385130976043e-05 0
1296 1 1 161827200 -13804429.557049781 -162440945.89841872 -2374613.1092414041 27.747096703879734 -4.9167546042825068 0.19276850528718184 605.46680487127946 0.00019289878982717016 -0.0004550751113395116 -8.8718180451091244e-05 0
1297 1 1 161913600 -11405594.855207296 -162847200.59749913 -2357688.0735785407 27.780406263196074 -4.4873992567900309 0.19900307897733777 605.46570462078148 0.00018680196478009739 -0.00045183585455190562 -8.8735063473889119e-05 0
1298 1 1 162000000 -9004160.9987632558 -163216388.73602632 -2340227.4012383539 27.807269874410512 -4.0587468430469418 0.20516737431708343 605.46461573221359 0.00018064161804099964 -0.00044879253082736231 -8.8736063293798803e-05 0
1299 1 1 162086400 -6600682.9493042249 -163548574.77602032 -2322237.1970683816 27.827733216582622 -3.6308834055743038 0.21126063685441701 605.46353777152444 0.00017442378808111008 -0.00044594564599938078 -8.8721209882570152e-05 0
1300 1 1 162172800 -4195711.692331179 -163843830.54477862 -2303723.6298756399 27.8418426425315 -3.2038933972618162 0.21728214039098473 605.46247028855896 0.00016815448226890223 -0.00044329553155013379 -8.8690534934123981e-05 0
1301 1 1 162259200 -1789794.1808779316 -164102235.09828809 -2284692.9300131979 27.849645136668819 -2.7778596989932463 0.22323118634138919 605.46141281748919 0.0001618396717087274 -0.0004408423485166417 -8.8644070916706224e-05 0
1302 1 1 162345600 616526.7172849034 -164323874.58619031 -2265151.3870219891 27.851188274165835 -2.3528636379574581 0.22910710309555254 605.46036487732624 0.00015548528645034841 -0.00043858609048726122 -8.8581852675207403e-05 0
1303 1 1 162432000 3022712.2689751904 -164508842.11835635 -2245105.3473275597 27.846520181442063 -1.9289850065920795 0.23490924538483587 605.45932597252101 0.00014909721196642903 -0.00043652658660404113 -8.8503915465335377e-05 0
1304 1 1 162518400 5428227.9215673571 -164657237.63312307 -2224561.2119913953 27.83568949796167 -1.5063020821086992 0.24063699365250099 605.45829559365507 0.00014268128513517442 -0.00043466350296387005 -8.8410296427524104e-05 0
1305 1 1 162604800 7832543.3457156708 -164769167.76724136 -2203525.4345164439 27.818745339322945 -1.0848916465506757 0.24628975342891427 605.45727321822062 0.00013624329058878768 -0.00043299634796913007 -8.8301034138022738e-05 0
1306 1 1 162691200 10235132.474943699 -164844745.72757724 -2182004.5187063818 27.795737261624407 -0.66482900733634476 0.25186695471215209 605.4562583114955 0.00012978895628974898 -0.00043152447400202158 -8.8176168311183571e-05 0
1307 1 1 162777600 12635473.542209586 -164884091.16460764 -2160005.0165781598 27.766715227090884 -0.24618801824202829 0.25736805135442148 605.45525032750697 0.0001233239505671194 -0.00043024708100214523 -8.8035739907863514e-05 0
1308 1 1 162864000 15033049.113555169 -164887330.04774678 -2137533.5263272868 27.731729570941752 0.17095889921855212 0.26279252045468543 605.45424871008152 0.00011685387844524203 -0.00042916322044820872 -8.7879791414645857e-05 0
1309 1 1 162950400 17427346.118945558 -164854594.54253513 -2114596.6903453148 27.690830969482402 0.58654073406047147 0.26813986175788401 605.45325289398374 0.00011038427824619196 -0.00042827179704919106 -8.7708367039273359e-05 0
1310 1 1 163036800 19817855.880403895 -164786022.88972029 -2091201.1932889263 27.644070409399919 1.000487863779463 0.2734095970612172 605.45226230613173 0.00010392061891292411 -0.00042757157308578289 -8.7521511892814193e-05 0
1311 1 1 163123200 22204074.137544662 -164681759.28625444 -2067353.7602000064 27.591499158242911 1.4127320320276944 0.27860126962777321 605.45127636688517 9.7468296374167825e-05 -0.00042706117173369975 -8.7319272852557506e-05 0
1312 1 1 163209600 24585501.070606735 -164541953.76823178 -2043061.1546760434 27.533168736065111 1.8232063260502767 0.28371444360775805 605.45029449139815 9.1032630927482573e-05 -0.00042673908002626988 -8.7101698398446312e-05 0
1313 1 1 163296000 26961641.321086157 -164366762.09578428 -2018330.1770902043 27.469130888211676 2.2318451539175661 0.2887487034677379 605.44931609102207 8.4618864901625398e-05 -0.00042660365235811664 -8.6868838067994704e-05 0
1314 1 1 163382400 29332004.010066036 -164156345.63995224 -1993167.6628603579 27.399437559227124 2.6385842215866595 0.29370365342808041 605.44834057475725 7.8232159306249242e-05 -0.00042665311396500858 -8.6620743086991754e-05 0
1315 1 1 163468800 31696102.754339904 -163910871.27154323 -1967580.4807663509 27.324140867862912 3.0433605098240286 0.29857891690881383 605.44736735072934 7.1877591632032282e-05 -0.00042688556405723983 -8.6357466105616641e-05 0
1316 1 1 163555200 34053455.680422463 -163630511.25198889 -1941575.5313147821 27.243293083163259 3.4461122510196396 0.30337413598415114 605.44639582768889 6.556015378064382e-05 -0.00042729897971336127 -8.6079061383020574e-05 0
1317 1 1 163641600 36403585.436539739 -163315443.12620929 -1915159.7451505284 27.156946601606695 3.8467789059214561 0.30808897084586395 605.44542541651015 5.9284749454025332e-05 -0.00042789121894722934 -8.5785584591282723e-05 0
1318 1 1 163728000 38746019.202689424 -162965849.61749065 -1888340.0815142435 27.065153925281344 4.2453011403178404 0.31272309927570607 605.44445553168202 5.3056191937199995e-05 -0.00042866002395954472 -8.5477092652574274e-05 0
1319 1 1 163814400 41080288.698859014 -162581918.52437744 -1861123.5267450491 26.967967641071414 4.6416208016938558 0.31727621612696283 605.44348559277819 4.6879202228755378e-05 -0.00042960302487464653 -8.5153644423186379e-05 0
1320 1 1 163900800 43405930.191488765 -162163842.61958259 -1833517.0928276174 26.865440400832778 5.0356808958861974 0.32174803281526781 605.44251502588725 4.0758407018397723e-05 -0.00043071774310528456 -8.481530035868521e-05 0
1321 1 1 163987200 45722484.498263836 -161711819.55091369 -1805527.8159828389 26.757624902535134 5.427425563760151 0.32613827681886792 605.44154326499597 3.4698337260303546e-05 -0.00043200159468436566 -8.4462122392408212e-05 0
1322 1 1 164073600 48029496.991317779 -161226051.74421248 -1777162.7553012636 26.644573872348293 5.8168000579307941 0.33044669118842207 605.44056975331284 2.8703425536703584e-05 -0.00043345189282424689 -8.4094173706006757e-05 0
1323 1 1 164160000 50326517.598928474 -160706746.30830345 -1748428.9914184727 26.526340047650592 6.203750719549296 0.33467303406634158 605.43959394451917 2.2778005694163299e-05 -0.0004350658523418303 -8.3711519454540321e-05 0
1324 1 1 164246400 52613100.805785105 -160154114.94194368 -1719333.6252315727 26.402976160937079 6.5882249551738674 0.33881707821575868 605.43861530393951 1.6926310480169664e-05 -0.00043684059361850691 -8.3314226249002547e-05 0
1325 1 1 164332800 54888805.651902594 -159568373.84276736 -1689883.7766559594 26.274534924605678 6.9701712137442531 0.34287861055923913 605.4376333096252 1.1152470255283147e-05 -0.00043877314415265059 -8.290236214352559e-05 0
1326 1 1 164419200 57153195.730258882 -158949743.61821431 -1660086.5834215253 26.141069016599157 7.3495389636771185 0.34685743172719719 605.43664745334297 5.4605113710859132e-06 -0.00044086044379985277 -8.2475996991631463e-05 0
1327 1 1 164505600 59405839.183227964 -158298449.19843221 -1629949.1999074579 26.002631066881889 7.7262786700987327 0.35075335561603904 605.43565724146868 -1.456442571490403e-07 -0.00044309934681036647 -8.2035202421184154e-05 0
1328 1 1 164592000 61646308.697879694 -157614719.75113836 -1599478.7960147946 25.85927364472947 8.1003417722305588 0.35456620895608437 605.43466219577726 -5.6621806727632148e-06 -0.00044548662501194848 -8.1580051665507201e-05 0
1329 1 1 164678400 63874181.500215627 -156898788.59842938 -1568682.5560758817 25.71104924681061 8.4716806609420594 0.35829583088932987 605.43366185413367 -1.1085388094653138e-05 -0.00044801897177126768 -8.1110618931423177e-05 0
1330 1 1 164764800 66089039.348408878 -156150893.13552186 -1537567.6777999017 25.558010286039877 8.8402486564842828 0.3619420725568806 605.43265577108082 -1.6411665929755074e-05 -0.00045069300422120526 -8.0626981044628344e-05 0
1331 1 1 164851200 68290468.525113344 -155371274.75140858 -1506141.3712536222 25.400209081181213 9.2059999864168134 0.36550479669609065 605.43164351832775 -2.1637521945898028e-05 -0.00045350526845415202 -8.0129216165777543e-05 0
1332 1 1 164937600 70478059.828906119 -154560178.75141346 -1474410.8578765313 25.237697847181899 9.5688897637399162 0.36898387724750842 605.43062468514199 -2.6759573390092276e-05 -0.0004564522407438343 -7.9617404024547318e-05 0
1333 1 1 165024000 72651408.564926013 -153717854.28162658 -1442383.3695295127 25.070528686216981 9.9288739652429552 0.37237919897141131 605.42959887864674 -3.1774549137645015e-05 -0.00045953033108215809 -7.9091626582206414e-05 0
1334 1 1 165110400 74810114.53476809 -152844554.25519979 -1410066.1475762413 24.898753579424838 10.285909410079025 0.37569065707404187 605.42856572403252 -3.6679287319279472e-05 -0.00046273588806782688 -7.8551966630012864e-05 0
1335 1 1 165196800 76953782.025693253 -151940535.28048366 -1377466.4419964538 24.72242437931461 10.639953738575407 0.37891815684336311 605.42752486468191 -4.1470737999564489e-05 -0.00046606519949808552 -7.7998509916794791e-05 0
1336 1 1 165283200 79082019.799210235 -151006057.59098485 -1344591.5105302832 24.541592802826489 10.990965391288672 0.38206161329427374 605.42647596222332 -4.6145963959286463e-05 -0.00046951449690682437 -7.7431343640629988e-05 0
1337 1 1 165369600 81194441.079085648 -150041384.97712153 -1311448.6178528303 24.356310425026674 11.338903588312244 0.38512095082352066 605.42541869650722 -5.0702140763875318e-05 -0.00047307995875683244 -7.6850555260793153e-05 0
1338 1 1 165456000 83290663.538835824 -149046784.71975663 -1278045.0347781405 24.166628673418945 11.683728308844055 0.38809610287389157 605.42435276552419 -5.5136555839041747e-05 -0.00047675771243793402 -7.6256235048206006e-05 0
1339 1 1 165542400 85370309.28875351 -148022527.52548411 -1244388.0374918089 23.972598822855151 12.025400271021091 0.39098701160750432 605.42327788525836 -5.9446610433256846e-05 -0.00048054383775227895 -7.5648476173297371e-05 0
1340 1 1 165628800 87433004.862519562 -146968887.46364537 -1210484.9068114075 23.774271991027327 12.363880912026946 0.39379362758850234 605.4221937894954 -6.3629818035874957e-05 -0.00048443437080029103 -7.5027372685764545e-05 0
1341 1 1 165715200 89478381.203450367 -145886141.90505379 -1176342.9274739157 23.57169913452466 12.699132368478235 0.39651590947513987 605.42110022958195 -6.7683806145534803e-05 -0.00048842530481517008 -7.4393018883233672e-05 0
1342 1 1 165801600 91506073.650427714 -144774571.46240044 -1141969.3874493698 23.364931045438603 13.031117457095002 0.39915382372071395 605.41999697414747 -7.1606317198435546e-05 -0.00049251259493506938 -7.3745512711413547e-05 0
1343 1 1 165888000 93515721.92355895 -143634459.93231776 -1107371.5772799794 23.154018348500323 13.359799655659755 0.40170734428330568 605.41888380878777 -7.5395206870490253e-05 -0.00049669216064060701 -7.3084954600486705e-05 0
1344 1 1 165974400 95506970.109611839 -142466094.23907596 -1072556.7894439213 22.939011498735052 13.68514308426939 0.40417645234467503 605.41776053572391 -7.9048443704672335e-05 -0.00050095988868506676 -7.2411445708807883e-05 0
1345 1 1 166060800 97479466.647268966 -141269764.37988609 -1037532.3177430362 22.719960779617654 14.007112486884161 0.40656113603805399 605.41662697344054 -8.2564111309513748e-05 -0.00050531163392706323 -7.1725088567936725e-05 0
1346 1 1 166147200 99432864.312243581 -140045763.37178481 -1002305.4567136698 22.496916301714801 14.325673213176596 0.40886139018454781 605.41548295629923 -8.5940405847850356e-05 -0.00050974322518893196 -7.1025987853609492e-05 0
1347 1 1 166233600 101366820.20229864 -138794387.20007366 -966883.50105992216 22.269928001799549 14.640791200683697 0.41107721603805064 605.41432833414149 -8.9175637141452159e-05 -0.00051425046617751603 -7.0314251005052631e-05 0
1348 1 1 166320000 103280995.72220941 -137515934.76828817 -931273.74510856532 22.039045642423805 14.952432957265014 0.41320862103874345 605.41316297187711 -9.2268228542299511e-05 -0.00051882913907927723 -6.9589987021903094e-05 0
1349 1 1 166406400 105175056.5687083 -136210707.8496682 -895483.48228488758 21.804318811935566 15.260565543869216 0.41525561857516835 605.41198674907014 -9.5216715872893724e-05 -0.00052347500526689415 -6.885330599194554e-05 0
1350 1 1 166492800 107048672.71545011 -134879011.04010466 -859520.00460873405 21.565796924927309 15.565156557610885 0.41721822775459522 605.41079955951795 -9.8019748836671489e-05 -0.00052818381093035541 -6.8104320159086536e-05 0
1351 1 1 166579200 108901518.39803384 -133521151.7125345 -823390.60221003811 21.323529223102977 15.866174115159403 0.41909647318148918 605.40960131082591 -0.00010067608907195148 -0.00053295128739806004 -6.7343144563422575e-05 0
1352 1 1 166665600 110733272.09911735 -132137439.97275735 -787102.56286313606 21.07756477655105 16.163586836441787 0.42089038474419915 605.40839192398846 -0.00010318461080851348 -0.0005377731529572279 -6.6569895580504822e-05 0
1353 1 1 166752000 112543616.53365895 -130728188.61664708 -750663.1715391624 20.827952485411643 16.457363828660405 0.42259999740980264 605.4071713329713 -0.00010554429902707834 -0.00054264511693875948 -6.5784691223117094e-05 0
1354 1 1 166838400 114332238.63431978 -129293713.08873008 -714079.70997582702 20.574741081926074 16.747474670626435 0.42422535102673847 605.40593948429409 -0.00010775424961794655 -0.0005475628846720236 -6.4987652665537195e-05 0
1355 1 1 166924800 116098829.5370592 -127834331.44210359 -677359.45626390807 20.317979132857317 17.033889397410309 0.42576649013543855 605.40469633661871 -0.00010981367018253547 -0.00055252215596539669 -6.4178901257424493e-05 0
1356 1 1 167011200 117843084.56695499 -126350364.29966684 -640509.68444975943 20.057715042270512 17.31657848530994 0.42722346378670223 605.4034418603494 -0.0001117218785245021 -0.00055751862917589087 -6.3358561831960972e-05 0
1357 1 1 167097600 119564703.22427925 -124842134.81663659 -603537.6641531944 19.793997054663105 17.595512837137122 0.42859632536761189 605.40217603724 -0.00011347830249454187 -0.00056254800187213662 -6.2526760859965422e-05 0
1358 1 1 167184000 121263389.17085874 -123309968.64432056 -566450.6602000678 19.526873258434289 17.870663767822435 0.42988513243526788 605.40089886001033 -0.00011508247919056544 -0.000567605974167707 -6.1683625706731489e-05 0
1359 1 1 167270400 122938850.21675034 -121754193.89512101 -529255.93226890196 19.256391589684032 18.14200299033854 0.43108994655787436 605.39961033197028 -0.00011653405221959877 -0.00057268825457427227 -6.0829287040980906e-05 0
1360 1 1 167356800 124590798.30725765 -120175141.10874026 -491960.73455093277 18.982599836331996 18.409502601942627 0.43221083316312892 605.39831046665211 -0.0001178327743392565 -0.00057779055639945928 -5.9963877595338897e-05 0
1361 1 1 167443200 126218949.51033497 -118573143.21947709 -454572.31541430805 18.705545642979473 18.673135072831805 0.43324786160788492 605.39699932062149 -0.00011897850577086723 -0.00058290860373295451 -5.9087530840487736e-05 0
1362 1 1 167529600 127823024.00426896 -116948535.52524038 -417097.91713975644 18.425276510676323 18.932873209012325 0.43420110256206756 605.39567661279932 -0.0001200439616389199 -0.00058839025083217528 -5.8236325169002452e-05 0
1363 1 1 167616000 129402746.06481452 -115301655.66236992 -379544.77613640332 18.141839785170863 19.188690058063688 0.43507061994439694 605.39434043510448 -0.00012121286273832194 -0.00059512308162198101 -5.7496674368622874e-05 0
1364 1 1 167702400 130957844.05271965 -113632843.58182263 -341920.12316929619 17.855282692713669 19.440559044790543 0.43585648586991316 605.39298959773055 -0.00012223434006282841 -0.00060189409226074338 -5.674219892515824e-05 0
1365 1 1 167788800 132488050.4034249 -111942441.51869042 -304231.18269410712 17.565652308309105 19.68845376091738 0.43655876448597636 605.39162050754783 -0.0001236989789064908 -0.00061175761786255354 -5.6232536214127191e-05 0
1366 1 1 167875200 133993101.6130206 -110230793.98430394 -266485.17413964082 17.27299558219676 19.932348064600248 0.43717752045502678 605.39022891954687 -0.00012509076776088756 -0.00062207446173507305 -5.5729806338229396e-05 0
1367 1 1 167961600 135472738.23186377 -108498247.72246651 -228689.31002530147 16.977359402609508 20.172216359915748 0.43771284375321889 605.38881452757937 -0.00012633851631170821 -0.00063249012864566247 -5.5203619838847783e-05 0
1368 1 1 168048000 136926704.85707161 -106745151.67522779 -190850.79490007399 16.678790555892519 20.408033347833936 0.43816482822528413 605.38737721040695 -0.0001274394747705417 -0.00064300320331325128 -5.4653945905553774e-05 0
1369 1 1 168134400 138354750.12382716 -104971856.9586121 -152976.82508745888 16.377335730648365 20.639774002544684 0.43853357045033126 605.38591682957895 -0.00012838879467238457 -0.00065360054615117274 -5.4079889849885463e-05 0
1370 1 1 168220800 139756626.69725689 -103178716.83932011 -115074.58844077085 16.073041525169117 20.867413563953157 0.43881916990313286 605.38443327721052 -0.00012918175854466298 -0.00066426873208591313 -5.3480635841888598e-05 0
1371 1 1 168307200 141132091.26493058 -101366086.71222503 -77151.264097522231 15.765954454454182 21.090927527138042 0.43902172884401691 605.38292647087621 -0.00012981445985313573 -0.00067499769384774834 -5.2855679150377498e-05 0
1372 1 1 168393600 142480904.52997562 -99534324.078771889 -39214.022243265499 15.456120957461632 21.310291632155128 0.43914135222148587 605.38139634897493 -0.00013028321316384657 -0.00068577755217527658 -5.2204583395306419e-05 0
1373 1 1 168480000 143802831.20483035 -97683788.526227936 -1270.0238823664463 15.143587404636245 21.525481854457631 0.4391781476037584 605.37984287082247 -0.00013058448731072456 -0.00069659818121152526 -5.1526950435317492e-05 0
1374 1 1 168566400 145097640.00565818 -95814841.707746193 36673.579385645258 14.828400105654131 21.736474395646464 0.43913222511740752 605.37826601696986 -0.00013071492371758193 -0.00070744922195698195 -5.0822422375064356e-05 0
1375 1 1 168652800 146365103.64743856 -93927847.323214695 74609.645584692698 14.510605317375949 21.943245674533937 0.43900369739234757 605.37666578947835 -0.00013067134746888476 -0.00071832009595336195 -5.0090678788075278e-05 0
1376 1 1 168739200 147604998.83975518 -92023171.100864768 112531.04257624054 14.190249251999292 22.145772318495126 0.43879267951137685 605.37504221175584 -0.00013045083727457294 -0.00072920033134627794 -4.9331459853569881e-05 0
1377 1 1 168825600 148817106.28329572 -90101180.779614031 150430.64826924785 13.867378085410753 22.344031155137873 0.43849928896615131 605.37339532843487 -0.00013005066412364222 -0.00074007916225199823 -4.8544538206957308e-05 0
1378 1 1 168912000 150001210.6670838 -88162246.092111483 188301.35082680162 13.542037965746347 22.53799920437331 0.43812364562444883 605.37172520657691 -0.00012946821271059213 -0.00075094495661292833 -4.7729688519350986e-05 0
1379 1 1 168998400 151157100.66645673 -86206738.748454735 226136.04887014363 13.214275022132737 22.727653670752968 0.43766587169999432 605.37003193609326 -0.0001287011864224572 -0.0007617863712432425 -4.6886759582436315e-05 0
1380 1 1 169084800 152284568.94180778 -84235032.420559466 263927.6516801095 12.884135373604332 22.91297193606535 0.43712609172543149 605.36831562927273 -0.0001277475391342553 -0.00077259190134264819 -4.6015638755958553e-05 0
1381 1 1 169171200 153383412.1381059 -82247502.727153242 301669.079396663 12.551665138208747 23.093931552290446 0.43650443253422033 605.36657642094781 -0.00012660548669960638 -0.00078334990026957343 -4.5116256625982325e-05 0
1382 1 1 169257600 154453430.88521019 -80244527.219363481 339353.26321709075 12.216910442288274 23.270510234866986 0.4358010232477752 605.36481446858397 -0.00012527352155993816 -0.00079404859720742533 -4.4188589972475886e-05 0
1383 1 1 169344000 155494429.79899383 -78226485.36687465 376973.14559334383 11.879917429934377 23.442685856277535 0.43501599526875145 605.36302995235928 -0.00012375042108012866 -0.00080467610474387584 -4.3232658114762653e-05 0
1384 1 1 169430400 156506217.4832921 -76193758.544625044 414521.68042906298 11.540732272610736 23.610436439945239 0.43414948228019246 605.36122307512505 -0.00012203526587835981 -0.00081522051457337465 -4.2248528360864628e-05 0
1385 1 1 169516800 157488606.53268898 -74146730.020018101 451991.83327677549 11.199401178942194 23.77374015444968 0.43320162025063358 605.35939406234934 -0.00012012743573450201 -0.00082566981854311102 -4.1236310444646311e-05 0
1386 1 1 169603200 158441413.53615698 -72085784.940618441 489376.58153582911 10.855970404667804 23.932575308081574 0.4321725474460098 605.35754316232783 -0.00011802660739679367 -0.00083601180086491703 -4.0196152700319463e-05 0
1387 1 1 169689600 159364459.08156279 -70011310.32230477 526668.91465160018 10.51048626275119 24.086920343707771 0.43106240444685529 605.35567064620477 -0.00011573278775747459 -0.00084623430534264566 -3.9128253590510795e-05 0
1388 1 1 169776000 160257567.76105455 -67923695.037853211 563861.83431640873 10.162995133644831 24.236753833946032 0.42987133417111401 605.35377680776787 -0.00011324631287130632 -0.00085632515808316235 -3.8032854564295234e-05 0
1389 1 1 169862400 161120568.17734143 -65823329.805923462 600948.35467269015 9.8135434757070978 24.382054476673133 0.4285994819032321 605.35186196335997 -0.00011056785498993164 -0.00086627218146509584 -3.6910243567316609e-05 0
1390 1 1 169948800 161953292.95087993 -63710607.18041864 637921.50251892116 9.4621778357683954 24.522801090858767 0.42724699532902277 605.34992645175896 -0.00010769842342739156 -0.00087606321297189875 -3.576075316399973e-05 0
1391 1 1 170035200 162755578.7279802 -61585921.540191002 674774.31751882425 9.1089448598434224 24.658972612726522 0.42581402457661149 605.34797063402436 -0.0001046393713469604 -0.00088568613401375192 -3.4584760673333031e-05 0
1392 1 1 170121600 163527266.1898427 -59449669.079065345 711499.8524143711 8.7538913039856059 24.790548092242783 0.42430072226347654 605.34599489328082 -0.00010139240300461948 -0.0008951289039578396 -3.3382686160889229e-05 0
1393 1 1 170208000 164268200.06265908 -57302247.794999085 748091.17328208475 8.3970640482323926 24.917506718514122 0.42270724451599617 605.34400007805311 -9.7959570725003758e-05 -0.00090437954915943003 -3.2154996012719313e-05 0
1394 1 1 170294400 164978229.12750146 -55144057.490648627 784541.35941192799 8.0385100648912271 25.039827405796675 0.42103373699108648 605.34198111919613 -9.4839561895807285e-05 -0.00091823116565676948 -3.1064756532633034e-05 0
1395 1 1 170380800 165657206.2282722 -52975499.803674303 820843.50224003661 7.6782764492326425 25.157488927899799 0.41928034133440983 605.33992916316708 -9.1778355478994942e-05 -0.00093480625517141085 -3.0027953252460731e-05 0
1396 1 1 170467200 166304988.28654525 -50796978.184625372 856990.7062241513 7.3164105002110098 25.270470574767533 0.41744721789220518 605.33784179729162 -8.8443439778157203e-05 -0.00095098629416159094 -2.8935902816849749e-05 0
1397 1 1 170553600 166921436.31904453 -48608897.855763391 892976.09025533323 6.9529597076698089 25.378751967771979 0.41553453772072274 605.33572019965789 -8.4838236003726452e-05 -0.00096674716574619878 -2.7790034729612225e-05 0
1398 1 1 170640000 167506415.45313323 -46411665.796506472 928792.7880935343 6.5879717375178553 25.482312811625153 0.4135424740073041 605.33356530877245 -8.0966964678161826e-05 -0.00098206523455047329 -2.6591882081225858e-05 0
1399 1 1 170726400 168059794.94262156 -44205690.735433608 964433.94858527172 6.2214944454009586 25.581132911614297 0.41147120280460953 605.3313781081448 -7.6834639576079397e-05 -0.00099691741926702512 -2.5343073695991808e-05 0
1400 1 1 170812800 168581448.18466792 -41991383.141632646 999892.73591487983 5.8535758885012257 25.675192172790446 0.4093209031168813 605.32915962509833 -7.2447049115144466e-05 -0.0010112811572768965 -2.404533843190876e-05 0
1401 1 1 170899200 169071252.73770669 -39769155.21610292 1035162.3298634854 5.4842643374543618 25.764470599512581 0.40709175699285516 605.32691092956736 -6.7810740871177778e-05 -0.0010251344889741255 -2.2700492999507601e-05 0
1402 1 1 170985600 169529090.34040877 -37539420.883181922 1070235.9260763179 5.1136082883805978 25.848948295345899 0.40478394962549169 605.32463313278902 -6.2933016648592812e-05 -0.0010384560892370139 -2.1310444878484889e-05 0
1403 1 1 171072000 169954846.93168762 -35302595.781965427 1105106.7363388934 4.7416564750269306 25.928605463323326 0.40239766945781708 605.32232738596247 -5.7821906394488112e-05 -0.0010512252986178341 -1.9877188202305384e-05 0
1404 1 1 171158400 170348412.67175877 -33059097.257688738 1139767.9888626495 4.3684578810186627 26.003422406574817 0.39993310829583306 605.31999487888447 -5.2486146822562977e-05 -0.0010634221522272979 -1.8402796453243059e-05 0
1405 1 1 171244800 170709681.96426177 -30809344.353037965 1174212.9285806245 3.9940617522154724 26.073379529327735 0.39739046142811524 605.31763683851841 -4.6935170664535554e-05 -0.0010750274313439949 -1.6889422590893404e-05 0
1406 1 1 171331200 171038553.47945541 -28553757.799358267 1208434.8174537607 3.6185176091691575 26.138457338284361 0.39476992775219794 605.31525452752908 -4.1179077173239939e-05 -0.0010860226775290119 -1.5339291628653707e-05 0
1407 1 1 171417600 171334930.17849264 -26292760.007726859 1242426.9347884168 3.2418752596804632 26.19863644438205 0.39207170990745305 605.31284924277838 -3.5228607875732893e-05 -0.0010963902439826616 -1.3754704558455637e-05 0
1408 1 1 171504000 171598719.33878434 -24026775.059857111 1276182.5775656381 2.8641848114508726 26.253897564940424 0.3892960144146777 605.31042231376216 -2.9095120073380423e-05 -0.0011061133197317805 -1.2138028375058191e-05 0
1409 1 1 171590400 171829832.58046111 -21756228.69880015 1309695.0607828209 2.485496684825327 26.30422152620536 0.38644305182334926 605.30797510105504 -2.2790562985487507e-05 -0.0011151759347830586 -1.0491689966274601e-05 0
1410 1 1 171676800 172028185.89393914 -19481548.319409329 1342957.7178083805 2.1058616256222775 26.349589266291481 0.38351303686522104 605.30550899469222 -1.6327444744953391e-05 -0.0011235630322981524 -8.8181812754785563e-06 0
1411 1 1 171763200 172193699.66859826 -17203162.958533172 1375963.9007499907 1.7253307180471218 26.389981838529625 0.38050618861506103 605.30302541249216 -9.7188033835005017e-06 -0.0011312604749241983 -7.1200454193819713e-06 0
1412 1 1 171849600 172326298.72257951 -14921503.284901155 1408706.9808370159 1.3439553976841625 26.425380415227337 0.37742273065829285 605.3005257983466 -2.9781770609572352e-06 -0.0011382550921739982 -5.3998845369648234e-06 0
1413 1 1 171936000 172425912.33370817 -12637001.588666663 1441180.3488177233 0.96178746456296604 26.455766291849468 0.37426289126581785 605.29801162048182 3.8804323524266604e-06 -0.0011445346840412817 -3.6603429940688644e-06 0
1414 1 1 172022400 172492474.2715486 -10350091.770570187 1473377.4153719465 0.5788790962944147 26.48112089162505 0.3710269035765198 605.29548436967877 1.0842593338813356e-05 -0.0011500880721888116 -1.904110597947337e-06 0
1415 1 1 172108800 172525922.8305974 -8061209.3306859359 1505291.6115397955 0.19528286127145997 26.50142577058887 0.36771500578625888 605.29294555747379 1.7893483782222734e-05 -0.0011549050895807644 -1.3391977053904617e-07 0
1416 1 1 172195200 172526200.86461914 -5770791.356713701 1536916.3891670022 -0.18894826807138221 26.516662623064054 0.36432744134418554 605.29039671431906 2.5017920408722607e-05 -0.001158976643418456 1.6474599865408983e-06 0
1417 1 1 172281600 172493255.82213068 -3479276.5117778764 1568245.2213675666 -0.57376090194474749 26.526813287592013 0.36086445915683801 605.28783938768936 3.2200407536261827e-05 -0.0011622947147328303 3.4372299332457898e-06 0
1418 1 1 172368000 172427039.78303683 -1187105.0216943095 1599271.6030043538 -0.95910121984337604 26.53185975332136 0.35732631379940799 605.28527514018776 3.9425167587906229e-05 -0.0011648523781427182 5.2325601592394601e-06 0
1419 1 1 172454400 172327509.49642366 1105281.3383348512 1629989.0511882568 -1.34491495714403 26.531784166861005 0.35371326573440226 605.28270554761036 4.6676186674605297e-05 -0.0011666438296451765 7.0305992237541553e-06 0
1420 1 1 172540800 172194626.41951013 3397439.2576387585 1660391.1057965835 -1.731147391668219 26.526568839606153 0.35002558153803814 605.28013219697527 5.3937255280161405e-05 -0.0011676643996801422 8.8284754442333801e-06 0
1421 1 1 172627200 172028356.75776228 5688923.9046492456 1690471.3300113224 -2.1177433302172539 26.516196255547449 0.34626353413392319 605.27755668454779 6.1192009576708939e-05 -0.0011679105565689362 1.0623301288354154e-05 0
1422 1 1 172713600 171828671.50617242 7979288.9421680793 1720223.3108779439 -2.5046470950867761 26.500649079570955 0.34242740303473701 605.27498061383903 6.8423975789421221e-05 -0.001167379930704859 1.2412181815779247e-05 0
1423 1 1 172800000 171595546.49170277 10268086.54337278 1749640.6598854009 -2.8918025105683451 26.479910166256193 0.33851747459131587 605.27240559356449 7.5616614983110974e-05 -0.0011660713301413236 1.4192211915795456e-05 0
1424 1 1 172886400 171328962.41689652 12554867.408604546 1778717.0135679792 -3.2791528894464346 26.453962569184661 0.33453404224931221 605.2698332356041 8.275336610022972e-05 -0.0011639847270131065 1.5960486200210886e-05 0
1425 1 1 172972800 171028904.90465575 14839180.782982739 1807446.034129668 -3.6666410194998709 26.422789550765685 0.33047740681401194 605.26726515293763 8.9817687631119414e-05 -0.0011611212955318095 1.7714102549722925e-05 0
1426 1 1 173059200 170695364.54418382 17120574.474891014 1835821.4100917587 -4.0542091500158506 26.386374592588236 0.32634787672297322 605.26470295753893 9.6793111784721988e-05 -0.0011574834015232668 1.9450167788030796e-05 0
1427 1 1 173145600 170328336.93809378 19398594.875381 1863836.8569643283 -4.441798978326724 26.344701406313096 0.32214576832646413 605.26214825830471 0.0001036632804006071 -0.0011530745848569706 2.1165800223963243e-05 0
1428 1 1 173232000 169927822.75067678 21672786.978540707 1891486.1179422929 -4.8293516363794913 26.297753945110689 0.31787140617572696 605.25960265895628 0.00011041200016859973 -0.001147899592005256 2.2858135358900785e-05 0
1429 1 1 173318400 169493827.75733086 23942694.402875062 1918762.9646267227 -5.2168076773485863 26.245516415654972 0.31352512331937016 605.25706775591982 0.00011702327919535217 -0.0011419643502968179 2.4524331539639866e-05 0
1430 1 1 173404800 169026362.89514306 26207859.413747139 1945661.197772101 -5.604107062303477 26.18797329068628 0.309107261607795 605.25454513623094 0.00012348137844710616 -0.001135275965857717 2.6161574376006598e-05 0
1431 1 1 173491200 168525444.31462032 28467822.946929697 1972174.648060245 -5.9911891469416201 26.125109322147843 0.30461817200565172 605.25203637538937 0.00012977086050904328 -0.0011278427510015908 2.7767081673484104e-05 0
1432 1 1 173577600 167991093.43256477 30722124.63331686 1998297.1769015507 -6.3779926684004762 26.056909554910405 0.30005821491203588 605.24954303522622 0.00013587662590835721 -0.0011196741700766526 2.9338104757374907e-05 0
1433 1 1 173664000 167423336.98608348 32970302.824847613 2024022.677264269 -6.7644557321609939 25.983359341097387 0.29542776048927033 605.24706666181828 0.00014178396616088871 -0.0011107808374028031 3.0871942727046786e-05 0
1434 1 1 173750400 166822207.08772582 35211894.621692985 2049345.0745325498 -7.1505157990553174 25.904444355015258 0.29072718899983202 605.24460878336981 0.00014747860904879221 -0.0011011745246265869 3.2365938428959797e-05 0
1435 1 1 173836800 166187741.28173769 37446435.900759861 2074258.3273939153 -7.5361096723937893 25.820150608700224 0.28595689115069356 605.24217090807213 0.00015294676026521804 -0.0010908681447079657 3.3817484495577323e-05 0
1436 1 1 173923200 165519982.6014232 39673461.345565043 2098756.4287568484 -7.9211734852264657 25.73046446809537 0.28111726844635143 605.23975452200511 0.00015817514442378482 -0.0010798757128300683 3.5224033698420045e-05 0
1437 1 1 174009600 164818979.62759984 41892504.477534622 2122833.4066992518 -8.3056426877536964 25.635372669867191 0.27620873355008835 605.23736108705896 0.0001631510563272095 -0.0010682123387682444 3.6583100293777364e-05 0
1438 1 1 174096000 164084786.54813504 44103097.688784361 2146483.325448452 -8.6894520349026152 25.534862338869249 0.27123171065306584 605.23499203883659 0.00016786239541318685 -0.0010558942168132162 3.7892265859584621e-05 0
1439 1 1 174182400 163317463.21854743 46304772.276436962 2169700.2863934604 -9.0725355740868689 25.428921006265302 0.26618663585185215 605.23264878457724 0.00017229771169082557 -0.0010429385881176145 3.9149187455372331e-05 0
1440 1 1 174268800 162517075.22365782 48497058.478534497 2192478.4291301924 -9.4548266331667659 25.317536628322365 0.26107395753386831 605.23033270110523 0.00017644624581797898 -0.0010293637243062195 4.035159807287085e-05 0
1441 1 1 174355200 161683693.94027114 50679485.511603408 2214811.9325403292 -9.8362578086287709 25.200697605881803 0.25589413677070766 605.22804513277447 0.00018029796918104461 -0.0010151889074528498 4.1497314683611708e-05 0
1442 1 1 174441600 160817396.60086918 52851581.609931797 2236695.0159045258 -10.216760954004215 25.078392804519957 0.25064764771971365 605.22578738943901 0.00018384361759465046 -0.0010004343914794939 4.2584243669195055e-05 0
1443 1 1 174528000 159918266.35829249 55012874.066618472 2258121.9400506448 -10.596267168547055 24.950611575408406 0.24533497803344731 605.2235607444569 0.00018707473328684226 -0.00098512137355307762 4.3610385534225385e-05 0
1444 1 1 174614400 158986392.3513898 57162889.27645506 2279087.0085377223 -10.974706786191506 24.817343776881934 0.23995662927706554 605.22136643270574 0.00018998369926295848 -0.00096927196967857567 4.4573841371475253e-05 0
1445 1 1 174700800 158021869.77160737 59301152.780702397 2299584.5688763363 -11.352009364812112 24.678579796722946 0.23451311735377037 605.21920564860284 0.00019256377391191576 -0.00095290918971492015 4.5472820134943581e-05 0
1446 1 1 174787200 157024799.93049315 61427189.313823663 2319609.0137860603 -11.728103675809194 24.534310575173151 0.22900497293769381 605.21707954416911 0.00019480911967366692 -0.00093605688650266381 4.6305639234478079e-05 0
1447 1 1 174873600 155995290.32808521 63540522.852237351 2339154.7824906581 -12.102917694043253 24.384527628679685 0.22343274191474347 605.21498922710248 0.00019671483974886215 -0.00091873974741570703 4.7070738719343978e-05 0
1448 1 1 174960000 154933454.72196862 65640676.665976852 2358216.3620065986 -12.476378592754424 24.229223094792289 0.21779698471227754 605.21293608214341 0.00019827700293631331 -0.00090098323859109496 4.7766678187698921e-05 0
1449 1 1 175046400 153839413.19878313 67727173.365209699 2376788.2888649977 -12.848412672090799 24.068389480426234 0.21209829181006132 605.21091738334133 0.00020026799110764605 -0.00088624458920060661 4.8580220892833273e-05 0
1450 1 1 175132800 152713292.25297007 69799534.921045974 2394865.1524491925 -13.218945310663475 23.902019537181168 0.20633729418438554 605.20892388439802 0.0002030869548285041 -0.00087602078054953812 4.9612160011445187e-05 0
1451 1 1 175219200 151555224.86136818 71857282.712658167 2412441.5972231748 -13.587901108862228 23.730106969929061 0.20051462720982308 605.2069506058541 0.0002056874405110893 -0.0008655828983765698 5.0610541683376666e-05 0
1452 1 1 175305600 150365350.5468601 73899937.627091601 2429512.3221640126 -13.955203910007558 23.552646567578229 0.19463092378651461 605.20499848766588 0.00020806692419496757 -0.00085494400841453985 5.1574854491228275e-05 0
1453 1 1 175392000 149143815.44911125 75927020.131480142 2446072.0817760201 -14.320776703769894 23.369633827718474 0.1886868363459967 605.2030680009035 0.00021022331336496754 -0.0008441173825113103 5.2504639961953308e-05 0
1454 1 1 175478400 147890772.39833346 77938050.336828887 2462115.687729774 -14.684541625632608 23.181065013954232 0.18268303582911111 605.20115959341774 0.00021215494912836915 -0.00083311646190316682 5.3399489557943488e-05 0
1455 1 1 175564800 146606380.98935756 79932548.065484002 2477638.0104819504 -15.046419950725477 22.986937185814089 0.17662021216470258 605.19927368937795 0.0002138606028856819 -0.00082195484366214737 5.4259049202981089e-05 0
1456 1 1 175651200 145290807.65621322 81910032.921220899 2492633.9809367759 -15.406332088267268 22.787248229445261 0.1704990747538099 605.1974106888382 0.00021533948141128946 -0.00081064624615074827 5.5083019276921206e-05 0
1457 1 1 175737600 143944225.74716049 83870024.362018809 2507098.5921495031 -15.764197576650814 22.581996889096342 0.1643203529584969 605.19557096734729 0.00021659122201931328 -0.00079920448569979253 5.5871152695587214e-05 0
1458 1 1 175824000 142566815.60011643 85812041.775588825 2521026.9010723387 -16.119935079205476 22.371182799389761 0.15808479659540517 605.19375487559455 0.0002176158941816819 -0.00078764344881292528 5.6623259121699239e-05 0
1459 1 1 175910400 141158764.61841896 87735604.557725057 2534414.0303431982 -16.473462380672697 22.154806518385016 0.15179317643385953 605.19196273909029 0.0002184139908226013 -0.00077597706738771538 5.7339204745033551e-05 0
1460 1 1 175996800 139720267.34686202 89640232.19354631 2547255.17011768 -16.824696384431427 21.932869561431851 0.14544628469769075 605.19019485787442 0.00021898642790055628 -0.00076421930031622882 5.8018910665806489e-05 0
1461 1 1 176083200 138251525.54793701 91525444.341696814 2559545.5799445249 -17.17355311051158 21.70537443581453 0.13904493557037173 605.18845150628715 0.0002193345302682245 -0.00075238408055857797 5.866235226526717e-05 0
1462 1 1 176169600 136752748.27821019 93390760.921574533 2571280.5906848828 -17.51994769443397 21.472324676182964 0.132589965703579 605.18673293277061 0.00021946003368131017 -0.00074048532221586676 5.9269563243485589e-05 0
1463 1 1 176256000 135224151.96476331 95235702.2036542 2582455.606475627 -17.863794386916386 21.233724880766786 0.12608223472832067 605.18503935969295 0.00021936507170443323 -0.0007285368714457102 5.9840630178978841e-05 0
1464 1 1 176342400 133665960.48162098 97059788.902973264 2593066.1067369264 -18.205006554488115 20.989580748369832 0.11952262576814829 605.18337098323673 0.0002190521629362711 -0.0007165524918487222 6.037569632678124e-05 0
1465 1 1 176428800 132078405.22608376 98862542.275847375 2603107.6482242476 -18.543496681053227 20.739899116133547 0.11291204595472618 605.18172797326145 0.00021852421167505652 -0.00070454587009040716 6.0874964083310133e-05 0
1466 1 1 176515200 130461725.19488394 100643484.21988185 2612575.8671249757 -18.87917637044804 20.484687998070658 0.10625142694385169 605.18011047329026 0.00021778446900662843 -0.00069253050327457101 6.1338683117185012e-05 0
1467 1 1 176601600 128816167.06007574 102402137.37734529 2621466.481199584 -19.211956350035869 20.223956624355619 0.099541725432093137 605.1785186005452 0.00021683654261174154 -0.00068051975352939663 6.1767160800319437e-05 0
1468 1 1 176688000 127141985.24456847 104138025.24197003 2629775.2919675224 -19.541746475382254 19.957715481354619 0.09278392367425814 605.17695244593074 0.00021568437614896319 -0.00066852681245590899 6.2160759306122062e-05 0
1469 1 1 176774400 125439441.99720742 105850672.26924276 2637498.1869377722 -19.868455736058813 19.685976352390121 0.0859790299998483 605.17541207408794 0.00021433223586754448 -0.00065656467105452683 6.2519891956500564e-05 0
1470 1 1 176860800 123708807.46730302 107539603.99024871 2644631.1418839525 -20.191992262622403 19.408752359224632 0.079128079328097845 605.17389752350289 0.00021278468864545011 -0.000644646098261687 6.2845022952406725e-05 0
1471 1 1 176947200 121950359.77850427 109204347.12912992 2651170.2231638944 -20.512263334815216 19.126058004238629 0.072232133682011562 605.1724088065281 0.00021104661174350546 -0.00063278370246262728 6.3136675505778768e-05 0
1472 1 1 177033600 120164385.10190928 110844429.72421756 2657111.5900835022 -20.829175391039737 18.83790921330338 0.065292282698926923 605.17094590962085 0.00020912310648442083 -0.00062098969632126656 6.3395411253834723e-05 0
1473 1 1 177120000 118351177.72830021 112459381.25289834 2662451.4973045182 -21.142634039156768 18.5443233793223 0.058309644136940363 605.16950879370677 0.00020701952443202585 -0.00060927603076745733 6.3621839639494535e-05 0
1474 1 1 177206400 116511040.13938656 114048732.76026924 2667186.297295949 -21.452544068650063 18.245319406397865 0.051285364378492238 605.16809739433188 0.00020474145494390358 -0.0005976544008741095 6.3816621277239588e-05 0
1475 1 1 177292800 114644283.07793634 115612016.99163555 2671312.442828788 -21.758809464213517 17.940917754616081 0.044220618928978883 605.16671162187947 0.00020229469680289804 -0.00058613619237366432 6.3980462701599766e-05 0
1476 1 1 177379200 112751225.61663184 117148768.52901523 2674826.4895019243 -22.061333421767216 17.631140488180776 0.037116612620657942 605.16535140711528 0.00019968523119360347 -0.00057473246679232018 6.4114111874674417e-05 0
1477 1 1 177465600 110832195.22560677 118658523.93145289 2677725.0983176688 -22.360018359329807 17.316011304990386 0.029974581640101274 605.16401643318522 0.00019707964971610165 -0.00056391766057316099 6.4266819952466409e-05 0
1478 1 1 177552000 108887527.84275301 120140821.86691509 2680005.0396581492 -22.654765820516911 16.995555249176139 0.022795831237659912 605.16270065908554 0.00019576986208250241 -0.00055744442916074886 6.4858659123528416e-05 0
1479 1 1 177638400 106917567.94727962 121595203.23397571 2681663.1989900535 -22.945476613456385 16.669799105481115 0.015581700069226585 605.16139801305519 0.00019448317201962398 -0.00055158240572847415 6.5501008549546374e-05 0
1480 1 1 177724800 104922668.61318937 123021211.34096253 2682696.5768206911 -23.232050951453271 16.338771794897621 0.008333520923511124 605.16010810358569 0.00019307884064099086 -0.00054588964797572302 6.6134799281105522e-05 0
1481 1 1 177811200 102903191.56600547 124418392.07425648 2683102.2900671312 -23.514388352464458 16.002504064481347 0.0010526575143758035 605.15883035019181 0.00019168010871748627 -0.00054066824072516268 6.6777457426387812e-05 0
1482 1 1 177897600 100859507.24239068 125786294.05641657 2682877.5749367131 -23.792387658612611 15.661028519516924 -0.006259493068508191 605.15756372144756 0.00019031474804677973 -0.00053595915521737175 6.7422910563622135e-05 0
1483 1 1 177984000 98791994.847257212 127124468.80931681 2682019.7897599847 -24.06594706030549 15.314379668553691 -0.013601500407308259 605.15630667299581 0.00018914181052980997 -0.00053211517837636272 6.8084805883424521e-05 0
1484 1 1 178070400 96701042.408668578 128432470.92117086 2680526.417843658 -24.334964139292119 14.962594008176954 -0.02097190311435973 605.15505774691144 0.00018805817873550497 -0.0005288368386679454 6.8729234384881321e-05 0
1485 1 1 178156800 94587046.830132067 129709858.21810161 2678395.0702865734 -24.599335848705262 14.60570995290866 -0.028369201162667265 605.1538135814377 0.00018775468597148159 -0.00052772755586872461 6.9447996815236922e-05 0
1486 1 1 178243200 92450413.943177551 130956191.93256836 2675623.4893724467 -24.85895861688201 14.24376804728721 -0.035791863509505903 605.15257164314414 0.00018718419332269622 -0.00052633552655551377 7.0105063273962791e-05 0
1487 1 1 178329600 90291558.542984977 132171036.90820715 2672209.5503488677 -25.11372853072049 13.87681134415217 -0.043238341648620802 605.15133576184223 0.00018523592197490496 -0.00052228844538097796 7.0628006448681895e-05 0
1488 1 1 178416000 88110904.418067575 133353961.81358679 2668151.2634666986 -25.363541312144296 13.504885296690953 -0.050707057096595301 605.15011352655711 0.00018155971069263525 -0.00051495637717813812 7.1021095700414481e-05 0
1489 1 1 178502400 85908884.384793013 134504539.34154007 2663446.7768987962 -25.608292252152435 13.128037583154166 -0.05819639557956853 605.14891249463619 0.00017646789413032789 -0.00050503165303708391 7.1293812816995009e-05 0
1490 1 1 178588800 83685940.327822149 135622346.39339778 2658094.3800226673 -25.84787612932211 12.746317902832116 -0.065704700780613592 605.14773590287268 0.00017122326396564345 -0.00049523112725795933 7.153376054213389e-05 0
1491 1 1 178675200 81442523.246009663 136706964.24815241 2652092.5074631763 -26.082187205145473 12.359777918250797 -0.07323026658092753 605.1465808774592 0.00016670067056007756 -0.00048748339521062706 7.1834607808178764e-05 0
1492 1 1 178761600 79179093.289757475 137757978.74587649 2645439.742995447 -26.311119419653419 11.968471634476733 -0.080771350722110932 605.14544399736042 0.0001623540243338451 -0.00048052187402295327 7.2121063636796566e-05 0
1493 1 1 178848000 76896119.782314032 138774980.50181258 2638134.8222768428 -26.53456648800066 11.572455545495115 -0.088326176036208071 605.14432295529332 0.00015836361004136867 -0.00047485145600777785 7.245964613905111e-05 0
1494 1 1 178934400 74594081.239481166 139757565.11767247 2630176.6362771415 -26.752421925553936 11.171788624012715 -0.095892927383095558 605.14321558401502 0.00015441618644705993 -0.00046974222300451968 7.2800943087091325e-05 0
1495 1 1 179020800 72273465.382614657 140705333.4029268 2621564.234058429 -26.964579129830508 10.766532444709981 -0.10346975975321808 605.14212111207598 0.00015037912435849515 -0.0004648726365404914 7.3117792666276555e-05 0
1496 1 1 179107200 69934769.147564054 141617891.59896475 2612296.8255579183 -27.170931412157671 10.356751173770824 -0.11105479346975788 605.14103920797209 0.00014620918194119416 -0.00046016163648347411 7.3412077754885045e-05 0
1497 1 1 179193600 67578498.690042958 142494851.60394484 2602373.7847053357 -27.371372047651331 9.9425115952933147 -0.11864611213472755 605.13996965196407 0.00014188997403417897 -0.00045557583713362869 7.3683646722768307e-05 0
1498 1 1 179280000 65205169.386300907 143335831.20072776 2591794.6525813923 -27.56579433273793 9.5238831518383655 -0.12624176290450742 605.1389122541442 0.00013742151436690764 -0.0004511142011868221 7.393225411567842e-05 0
1499 1 1 179366400 62815305.828657061 144140454.28834692 2580559.1405683458 -27.75409164666668 9.1009379860906563 -0.13383975645456683 605.13786680815929 0.00013280702648660621 -0.0004467819186302412 7.4157714168418185e-05 0
1500 1 1 179452800 60409441.815546043 144908351.11716032 2568667.133501994 -27.936157516777456 8.6737509838907201 -0.14143806698657055 605.13683308525833 0.00012805007931148115 -0.00044258439865935649 7.4359842221831133e-05 0
1501 1 1 179539200 57988120.335803434 145639158.5276913 2556118.6928210435 -28.111885686521756 8.2423998164642676 -0.14903463228043884 605.13581083390022 0.00012315444510548973 -0.00043852697566738381 7.4538460226136399e-05 0
1502 1 1 179625600 55551893.546961322 146332520.19306552 2542914.0597102502 -28.281170186094478 7.8069649813870594 -0.15662735378729531 605.13479977918212 0.00011812409475910446 -0.00043461489631746838 7.4693397547667499e-05 0
1503 1 1 179712000 53101322.747327663 146988086.86492783 2529053.6582336426 -28.443905405695091 7.3675298421756681 -0.16421409676583743 605.1337996222943 0.00011296319822560418 -0.00043085331253943458 7.4824491777062202e-05 0
1504 1 1 179798400 50636978.341622204 147605516.6227167 2514538.0984540316 -28.599986171427407 6.9241806663802556 -0.17179269046406831 605.13281004003295 0.00010767612349613581 -0.00042724727295198367 7.4931587603573375e-05 0
1505 1 1 179884800 48159439.799940109 148184475.12616006 2499368.1795348045 -28.74930782384164 6.4770066620507123 -0.17936092834825793 605.13183068438684 0.00010226743420549891 -0.00042380171592196219 7.5014536972820819e-05 0
1506 1 1 179971200 45669295.60981594 148724635.87084705 2483544.892819806 -28.891766299117336 6.0261000124437532 -0.18691656838073573 605.13086118220974 9.6741887789061261e-05 -0.00042052146185887746 7.5073200429970287e-05 0
1507 1 1 180057600 43167143.221159197 149225680.44671756 2467069.4248870718 -29.027258212879673 5.5715559088357542 -0.19445733334831167 605.12990113499006 9.1104434898676276e-05 -0.00041741120389649091 7.5107447459712564e-05 0
1508 1 1 180144000 40653588.98383493 149687298.7992999 2449943.1605719188 -29.155680946636188 5.1134725813025801 -0.20198091124321488 605.12895011873673 8.5360215393308437e-05 -0.00041447550178507961 7.5117156531320789e-05 0
1509 1 1 180230400 38129248.077663891 150109189.49351493 2432167.6859547868 -29.276932736814587 4.6519513273248823 -0.20948495569844786 605.1280076839937 7.9514555952383872e-05 -0.00041171877140672901 7.510221402306312e-05 0
1510 1 1 180316800 35594744.434617914 150491059.97985259 2413744.7913090619 -29.39091276637561 4.187096538074754 -0.21696708647912588 605.12707335599964 7.3572967696347092e-05 -0.00040914527837065517 7.5062516297838989e-05 0
1511 1 1 180403200 33050710.652990405 150832626.86271504 2394676.4740039594 -29.49752125896811 3.7190157222367688 -0.22442489003152874 605.12614663499824 6.7541142286826157e-05 -0.00040675912976890696 7.4997968594871058e-05 0
1512 1 1 180489600 30497787.903322987 151133616.17070353 2374964.9413574231 -29.596659575586528 3.2478195272147321 -0.23185592009166947 605.12522699672536 6.1424948066597098e-05 -0.00040456426612031215 7.4908485705962085e-05 0
1513 1 1 180576000 27936625.825874675 151393763.62862253 2354612.6134338058 -29.688230313683018 2.7736217575733018 -0.23925769835490257 605.12431389307244 5.5230426051031862e-05 -0.0004025644533647076 7.4793992106472415e-05 0
1514 1 1 180662400 25367882.419423737 151612814.93094978 2333622.1257810029 -29.772137408679207 2.2965393905622715 -0.2466277152082306 605.12340675294115 4.8963785419139881e-05 -0.00040076327366367456 7.4654421883193779e-05 0
1515 1 1 180748800 22792223.92119747 151790526.01651734 2311996.3321015523 -29.848286237813909 1.8166925885698413 -0.25396343052680437 605.12250498330093 4.2631398594464237e-05 -0.00039916411881384204 7.448971923909974e-05 0
1516 1 1 180835200 20210324.677731182 151926663.34412915 2289738.3068521013 -29.916583726255283 1.3342047083503794 -0.26126227453604317 605.1216079704368 3.6239795718385249e-05 -0.00039777018229763346 7.429983884161855e-05 0
1517 1 1 180921600 17622867.00646412 152021004.16883305 2266851.3477654741 -29.976938455396841 0.8492023068720117 -0.26852164874078888 605.12071508140525 2.9795659712388279e-05 -0.00039658445078663215 7.4084745994296275e-05 0
1518 1 1 181008000 15030541.047887402 152073336.81854424 2243338.9782895478 -30.029260773248104 0.36181514362918121 -0.2757389269228458 605.11982566568463 2.3305819728861136e-05 -0.00039560969682803256 7.3844416426667109e-05 0
1519 1 1 181094400 12434044.608067384 152083460.97071138 2219204.9499369292 -30.073462906821476 -0.12782382073431703 -0.28291145620808378 605.11893905701118 1.6777244491862962e-05 -0.00039484847143912591 7.3578836832123798e-05 0
1520 1 1 181180800 9834082.9913762454 152051187.92869887 2194453.2445393731 -30.109459076407575 -0.61957842964519672 -0.29003655820420904 605.11805457539413 1.021703604031334e-05 -0.00039430309646974201 7.3288004762398531e-05 0
1521 1 1 181267200 7231368.823271838 151976340.89754567 2169088.0764008421 -30.137165611621608 -1.1133093398154552 -0.29711153021023895 605.11717152928315 3.6324223777201888e-06 -0.00039397565757089571 7.297192883035733e-05 0
1522 1 1 181353600 4626621.8629792035 151858755.25875175 2143113.8943429026 -30.156501069093931 -1.6088740346020731 -0.30413364649851338 605.11628921787837 -2.9692501767345785e-06 -0.00039386799694037016 7.26306291422733e-05 0
1523 1 1 181440000 2020568.805937442 151698278.84372413 2116535.3836362199 -30.167386351667851 -2.1061268416590697 -0.31110015967004473 605.1154069335488 -9.580525008254176e-06 -0.00039398170654523156 7.2264137048523827e-05 0
1524 1 1 181526400 -586056.92411195172 151494772.20550799 2089357.4678117458 -30.169744828957807 -2.6049189550262781 -0.31800830208382264 605.11452396433469 -1.6193843499110551e-05 -0.00039431812168189731 7.1872495600285832e-05 0
1525 1 1 181612800 -3192515.3935061558 151248108.88841236 2061585.3103452022 -30.163502459111228 -3.1050984617953663 -0.32485528736052272 605.11363959650441 -2.280155365936736e-05 -0.00039487831452466021 7.145575957982223e-05 0
1526 1 1 181699200 -5798060.3876083139 150958175.69512945 2033224.3162084273 -30.148587911606818 -3.6065103734892729 -0.33163831196100607 605.11275311713439 -2.939591928619973e-05 -0.00039566308802715543 7.1013995237523842e-05 0
1527 1 1 181785600 -8401939.6504030563 150624872.95093405 2004280.1332810908 -30.124932690912669 -4.1089966622861835 -0.33835455683970439 605.11186381667665 -3.5969129690079592e-05 -0.00039667297008980562 7.0547281039917833e-05 0
1528 1 1 181872000 -11003395.134806519 150248114.76453954 1974758.6536163322 -30.092471260816676 -4.6123963022134742 -0.34500118917285788 605.11097099148674 -4.25133092547607e-05 -0.0003979082081529108 7.0055707601042545e-05 0
1529 1 1 181958400 -13601663.263740489 149827829.28517598 1944666.0145538403 -30.051141169232469 -5.1165453154306508 -0.35157536416146551 605.11007394628007 -4.9020527723682029e-05 -0.00039936876406300361 6.9539377768052394e-05 0
1530 1 1 182044800 -16195975.202002922 149363958.95544487 1914008.5996739548 -30.000883173273575 -5.6212768237131581 -0.35807422690858159 605.10917199648759 -5.5482810623845828e-05 -0.00040105430923054831 6.8998406215055848e-05 0
1531 1 1 182131200 -18785557.138948686 148856460.75949806 1882793.0395863687 -29.941641364379571 -6.1264211052412278 -0.3644949143703482 605.10826447048919 -6.1892150428041574e-05 -0.00040296422036778968 6.8432919891101387e-05 0
1532 1 1 182217600 -21369630.581975296 148305306.46607676 1851026.2125471067 -29.873363293267662 -6.6318056567892576 -0.37083455737996895 605.10735071170268 -6.8240517509342234e-05 -0.00040509757535598582 6.7843057589772761e-05 0
1533 1 1 182304000 -23947412.660788596 147710482.86594114 1818715.2448975209 -29.79600009447449 -7.1372552614020472 -0.37709028274357476 605.10643008050943 -7.4519871313386292e-05 -0.00040745314957588597 6.7228971002696435e-05 0
1534 1 1 182390400 -26518116.442402273 147071992.00321293 1785867.5113191411 -29.709506610243778 -7.6425920616342742 -0.38325921540674879 605.10550195600695 -8.0722172917333505e-05 -0.00041002941343183343 6.65908242461647e-05 0
1535 1 1 182476800 -29080951.256803978 146389851.40014738 1752490.6348983294 -29.613841513507143 -8.1476356384187749 -0.38933848069037974 605.10456573757494 -8.6839396211597764e-05 -0.00041282452920130393 6.5928793486646827e-05 0
1536 1 1 182563200 -31635123.03319842 145664094.2748462 1718592.4869948246 -29.508967429696654 -8.6522030956177591 -0.39532520659405435 605.10362084625831 -9.2863541157595848e-05 -0.00041583634914083185 6.5243067588825513e-05 0
1537 1 1 182649600 -34179834.646715008 144894769.75141734 1684181.1869084314 -29.394851057121162 -9.1561091502990131 -0.4012165261650551 605.1026667259589 -9.8786646804043253e-05 -0.00041906241320745848 6.4533847743600715e-05 0
1538 1 1 182736000 -36714286.275444008 144081943.06208745 1649265.1013382575 -29.27146328562991 -9.6591662287663294 -0.40700957993097664 605.10170284444098 -0.00010460080062486299 -0.00042249994915260586 6.380134615574504e-05 0
1539 1 1 182822400 -39237675.767641172 143225695.74076733 1613852.8436291239 -29.13877931328155 -10.161184568359758 -0.41270151839318819 605.10072869416172 -0.00011029815489498983 -0.00042614586997719343 6.3045789651527967e-05 0
1540 1 1 182908800 -41749199.018915877 142326125.80757326 1577953.2728000071 -28.996778760730798 -10.661972325027206 -0.4182895045786455 605.09974379292521 -0.00011587094022670429 -0.00042999677598884705 6.2267416272396509e-05 0
1541 1 1 182995200 -44248050.359193422 141383347.94380417 1541575.4923495688 -28.845445783038919 -11.161335686654262 -0.42377071664747862 605.0987476843768 -0.00012131147624949591 -0.00043404895416181957 6.146647502611058e-05 0
1542 1 1 183081600 -46733422.949215434 140397493.65688077 1504728.8488341146 -28.684769178610431 -11.659078992123337 -0.4291423505525892 605.09773993834472 -0.00012661218647768254 -0.00043829838035777013 6.0643228998639206e-05 0
1543 1 1 183168000 -49204509.186317772 139368711.43475068 1467422.9302136349 -28.514742494955087 -12.15500485605766 -0.43440162274821942 605.09672015104854 -0.00013176561084045352 -0.00044274072000300059 5.9797950878198172e-05 0
1544 1 1 183254400 -51660501.119197853 138297166.88927281 1429667.5639618274 -28.335364130971129 -12.648914299188764 -0.43954577294379349 605.0956879451785 -0.00013676442068788516 -0.00044737133039135019 5.893092626474029e-05 0
1545 1 1 183340800 -54100590.871358119 137183042.88809815 1391472.8149363997 -28.146637435444127 -13.140606884269982 -0.44457206689874174 605.09464296986562 -0.0001416014313441513 -0.00045218526611379611 5.8042453167719527e-05 0
1546 1 1 183427200 -56523971.072885394 136026539.67457038 1352848.9830062543 -27.948570801454832 -13.629880857439963 -0.44947779925454129 605.09358490055047 -0.00014626961494416404 -0.00045717727847792867 5.7132840708560793e-05 0
1547 1 1 183513600 -58929835.300199129 134827874.97518244 1313806.6004325394 -27.741177756389963 -14.11653329492348 -0.45426029639949161 605.09251343877168 -0.00015076211594874597 -0.00046234182345734404 5.6202409094917394e-05 0
1548 1 1 183600000 -61317378.523375712 133587284.09413145 1274356.429000943 -27.524477047251168 -14.600360254938527 -0.45891691936146511 605.09142831187307 -0.00015507226277821585 -0.00046767306506243395 5.5251489589866488e-05 0
1549 1 1 183686400 -63685797.560629554 132305019.99452969 1234509.456903019 -27.298492720959175 -15.081156934660269 -0.46344506672372082 605.09032927265184 -0.00015919358146348553 -0.00047316488148165192 5.4280424866905643e-05 0
1550 1 1 183772800 -66034291.539505236 130981353.36584079 1194276.895364766 -27.063254199354763 -15.558717832074233 -0.46784217755878077 605.08921609894958 -0.00016311980930973339 -0.00047881087172313414 5.3289567685827028e-05 0
1551 1 1 183859200 -68362062.364310354 129616572.67712799 1153670.1750211387 -26.81879634860206 -16.032836912532463 -0.47210573437500175 605.08808859320527 -0.00016684490854588195 -0.00048460436028768675 5.2279281866531863e-05 0
1552 1 1 183945600 -70668315.189292222 128210984.21571563 1112700.9420356206 -26.565159542706052 -16.503307779808143 -0.47623326607027389 605.08694658196839 -0.00017036307749262433 -0.00049053840831167407 5.1249941483877204e-05 0
1553 1 1 184032000 -72952258.89703846 126764912.1108851 1071381.053964494 -26.302389720863044 -16.969923851425758 -0.48022235088727599 605.08578991538775 -0.00017366876422841683 -0.00049660581881024889 5.0201930410094769e-05 0
1554 1 1 184118400 -75213106.581556052 125278698.34224655 1029722.575365921 -26.030538438371725 -17.432478538025304 -0.48407061936421397 605.08461846667467 -0.00017675667892036291 -0.00050279914831464242 4.9135643618260734e-05 0
1555 1 1 184204800 -77450076.035461605 123752702.73244824 987737.77315449214 -25.749662910841412 -17.890765426501527 -0.48777575727522915 605.08343213155331 -0.00017962180415456201 -0.0005091107144963551 4.8051484150351928e-05 0
1556 1 1 184291200 -79662390.240692437 122187302.92390947 945439.11170238315 -25.459826051445727 -18.344578466640982 -0.49133550855430508 605.08223082770144 -0.00018225940887253082 -0.00051553260664499549 4.6949864293969714e-05 0
1557 1 1 184377600 -81849277.862127498 120582894.33928762 902839.24768883619 -25.161096500981742 -18.793712160962972 -0.49474767819627302 605.08101449418564 -0.00018466505826172954 -0.0005220566955637171 4.5831203868131404e-05 0
1558 1 1 184464000 -84009973.743418142 118939890.12559755 859951.02468507888 -24.853548648820745 -19.237961752939295 -0.49801013550372447 605.07978316544632 -0.00018683462585721529 -0.00052867464740352958 4.469593384241383e-05 0
1559 1 1 184550400 -86143719.405024946 117258721.0800219 816787.46762329119 -24.537262670213718 -19.677123481867387 -0.50112081191277347 605.07853598666236 -0.00018904792372255786 -0.00053613668981468084 4.3607595684160978e-05 0
1560 1 1 184636800 -88249763.545592964 115539835.55237874 773361.7775407593 -24.212324550487619 -20.110994826492963 -0.50407770049534584 605.07727045366357 -0.0001915238820653685 -0.00054504388018213599 4.2608025878972924e-05 0
1561 1 1 184723200 -90327362.54372412 113783699.32973972 729687.32599550544 -23.878826081019959 -20.539374706056908 -0.50687886175008867 605.07598240803236 -0.00019450819884698697 -0.00055617721509378831 4.1723695462214781e-05 0
1562 1 1 184809600 -92375780.959134817 111990795.5033448 685777.64901857509 -23.536864840999907 -20.962063660776224 -0.5095224291485988 605.07466638214567 -0.00019803630640302322 -0.0005696872755207987 4.0947200382122075e-05 0
1563 1 1 184896000 -94394292.029087707 110161624.3283527 641646.44019677618 -23.186544096856661 -21.378863814720969 -0.51200662600358104 605.07331950881314 -0.00020134432445696455 -0.00058345301589410206 4.0131791264199425e-05 0
1564 1 1 184982400 -96382178.157092124 108296703.08287591 597307.54254894087 -22.82797277907947 -21.789579085027611 -0.51432976645177042 605.07194141054129 -0.00020447927422588633 -0.00059764024804771559 3.9286652772562928e-05 0
1565 1 1 185068800 -98338731.404453695 106396565.89416739 552774.94126244914 -22.461265508277947 -22.194015554506503 -0.51649024627455953 605.07053141574067 -0.00020739713551028239 -0.00061214740031473791 3.8405228546321952e-05 0
1566 1 1 185155200 -100263253.97949153 104461763.54453124 508062.7564255746 -22.086542540722888 -22.591981640998227 -0.51848654732820687 605.06908910570723 -0.00021006034539861613 -0.00062688836202547051 3.7482785534566307e-05 0
1567 1 1 185241600 -102155058.72240461 102492863.26051852 463185.23551236006 -21.703929719769725 -22.983288308249115 -0.52031723928362517 605.06761417422888 -0.00021245665785046947 -0.00064185004976860993 3.6518911975876176e-05 0
1568 1 1 185328000 -104013469.58553156 100490448.48403434 418156.74571268749 -21.313558416599548 -23.367749270070426 -0.52198098165210782 605.0661063814515 -0.00021456982819623372 -0.00065700520718986564 3.5512665808464482e-05 0
1569 1 1 185414400 -105837822.10812618 98455118.62583831 372991.76609329786 -20.915565465646409 -23.745181202955774 -0.52347652517476095 605.06456534700146 -0.00021648070139489118 -0.00067261301588504812 3.447835841309701e-05 0
1570 1 1 185500800 -107627463.88679455 96387488.795849219 327704.87988525064 -20.510093135464576 -24.1154040912159 -0.52480270656615424 605.06298815985087 -0.00021871185033836489 -0.0006902813830924839 3.3495119165469603e-05 0
1571 1 1 185587200 -109381755.04050516 94288189.511161417 282310.76682415418 -20.0972889831149 -24.478241249918984 -0.52595846000908675 605.06137220153721 -0.00022063313025078783 -0.00070819291052332434 3.2462096146547194e-05 0
1572 1 1 185673600 -111100068.65964676 92157866.411357388 236824.19406384934 -19.677305714920468 -24.83351938379214 -0.52694282550518801 605.05971732874787 -0.00022222853491404585 -0.00072632250238552202 3.1378502532358164e-05 0
1573 1 1 185760000 -112781791.24954911 89997179.948550701 191260.00745297939 -19.250301137422888 -25.181068936045069 -0.52775494171764636 605.05802328136838 -0.00022348196453116879 -0.00074464158127993249 3.0243626889452517e-05 0
1574 1 1 185846400 -114426323.16620654 87806805.056804791 145633.122916833 -18.816438042022568 -25.520724263890038 -0.52839404807873458 605.05628986048259 -0.00022437813892129145 -0.00076312074183419569 2.9056930817288675e-05 0
1575 1 1 185932800 -116033079.04185045 85587430.806054413 99958.517690572306 -18.375884085107508 -25.852323820898864 -0.52885948616433542 605.05451692950021 -0.00022490247472124061 -0.00078172906877878442 2.7818028951345997e-05 0
1576 1 1 186019200 -117601488.19955069 83339760.041418612 54251.221414033957 -17.92881165357549 -26.175710311164181 -0.52915070156441057 605.05270479577939 -0.00022504115428783684 -0.00080043405321293334 2.6526693458562186e-05 0
1577 1 1 186105600 -119130995.05911027 81064508.997665957 8526.3073876543331 -17.47539782652758 -26.490731214288825 -0.52926723550671062 605.05084857778888 -0.00022588027450691725 -0.00082318431795322237 2.5288839556485147e-05 0
1578 1 1 186192000 -120621059.53623229 78762406.879124835 -37201.115773176949 -17.015824149336215 -26.797238672589334 -0.5292087347962251 605.04894271850367 -0.00022640950897157976 -0.00084654589625276166 2.3995812874077504e-05 0
1579 1 1 186278400 -122071157.41357194 76434195.479790136 -82915.914129253317 -16.550276362448329 -27.095089213823588 -0.52897496422472601 605.04698801520988 -0.00022649117040541617 -0.00087005388336380645 2.2635064886611515e-05 0
1580 1 1 186364800 -123480780.70906268 74080628.750347227 -128602.93737305702 -16.078944594702048 -27.38414524390625 -0.52856577269890348 605.04497029599554 -0.00022916953366546893 -0.0009057631324362271 2.1493571190227053e-05 0
1581 1 1 186451200 -124849438.05241041 71702472.264096871 -174247.02582743592 -15.602023115310759 -27.664274945656324 -0.52798110565084233 605.04286448817788 -0.00023323133320948147 -0.00094985393250227544 2.0408915794077682e-05 0
1582 1 1 186537600 -126176655.01311383 69300502.79710494 -219833.0210318084 -15.119709728478893 -27.935350731230287 -0.52722104695243532 605.04066153834958 -0.00023652365185485139 -0.00099411208719257902 1.9170421745491057e-05 0
1583 1 1 186624000 -127461974.40003309 66875507.953653492 -265345.77732647711 -14.63220571145977 -28.197249757972418 -0.52628580385688706 605.03836228441503 -0.00023900362688242333 -0.0010384094797412156 1.7778667892123726e-05 0
1584 1 1 186710400 -128704956.56317391 64428285.713698857 -310770.17156749067 -14.139715800279982 -28.44985470843551 -0.52517569036923872 605.03596707046279 -0.00024063313771654658 -0.0010826159180088333 1.6235043020154204e-05 0
1585 1 1 186796800 -129905179.68385622 61959643.952444099 -356091.11239950545 -13.642447989011025 -28.693053862883083 -0.52389112828313167 605.03347651494585 -0.00024137904774375663 -0.0011265994633563967 1.4541723656205092e-05 0
1586 1 1 186883200 -131062240.04787694 59470399.951858588 -401293.54955451679 -13.140613336061504 -28.926741209807208 -0.52243264682730461 605.03089154585382 -0.00024121348401064742 -0.0011702270776396415 1.2701655187043192e-05 0
1587 1 1 186969600 -132175752.30191152 56961379.902106054 -446362.48310615768 -12.63442577180299 -29.150816578429787 -0.52080088192106433 605.02821296146783 -0.00024018798994776596 -0.0012137410701140989 1.0721248047590027e-05 0
1588 1 1 187056000 -133245349.69339815 54433418.390211128 -491282.97264931299 -12.124101905764235 -29.365185788564371 -0.51899657536662047 605.02544058956084 -0.00023838587843679759 -0.0012575891065449273 8.6058921060266002e-06 0
1589 1 1 187142400 -134270684.29256132 51887357.881285183 -536040.14644506446 -11.609860799456319 -29.569760635195909 -0.51702057493751463 605.02257490792658 -0.00023561616670508955 -0.0013007731029014264 6.3523763978299612e-06 0
1590 1 1 187228800 -135251427.19437638 49324048.20338171 -580619.21055834147 -11.0919237482476 -29.764458918204163 -0.51487383350298377 605.01961781152522 -0.0002318645538283846 -0.0013431232655390388 3.9660138784777973e-06 0
1591 1 1 187315200 -136187268.7032612 46744346.021463759 -625005.45785275416 -10.570514084237246 -29.949204587195123 -0.51255740721947907 605.01657143132923 -0.00022712837185991631 -0.0013844987046626503 1.4530152076683843e-06 0
1592 1 1 187401600 -137077918.49975851 44149114.303470522 -669184.27686162188 -10.045856960717749 -30.123927799735192 -0.51007245428196024 605.01343817380859 -0.00022141110378334644 -0.0014247597922011407 -1.1797338758883199e-06 0
1593 1 1 187488000 -137923105.78852302 41539221.781650379 -713141.16054373595 -9.5181791351177232 -30.288564973055905 -0.50742023350317245 605.01022071874559 -0.00021472241357151824 -0.0014637688253173811 -3.9247052581225768e-06 0
1594 1 1 187574400 -138722579.42748386 38915542.409815103 -756861.71491034795 -8.9877087503624846 -30.443058826752136 -0.50460210275438389 605.00692201327581 -0.00020707814739075219 -0.001501390714681219 -6.7737703273261228e-06 0
1595 1 1 187660800 -139476108.03806296 36278954.817303017 -800331.66751162533 -8.4546751150780679 -30.587358416258621 -0.50161951727180842 605.00354526476156 -0.00019850027712810036 -0.0015374936893248687 -9.7182262200579559e-06 0
1596 1 1 187747200 -140183480.09636909 33630341.760448806 -843536.87577110203 -7.9193084830974136 -30.721419157082938 -0.49847402783262851 605.00009393247865 -0.000189016805777179 -0.0015719500084378755 -1.274883677499292e-05 0
1597 1 1 187833600 -140844504.00532895 30970589.57235926 -886463.335157127 -7.3818398327279153 -30.845202839799139 -0.49516727880671313 604.99657171811441 -0.00017866162674682075 -0.0016046366750442857 -1.5855879105060201e-05 0
1598 1 1 187920000 -141459008.1477516 28300587.611791562 -929097.18718079524 -6.8425006462356723 -30.958677635826799 -0.49170100608900968 604.99298255513611 -0.00016747433323896859 -0.0016354360932684948 -1.9029188353070103e-05 0
1599 1 1 188006400 -142026840.92036727 25621227.711928446 -971424.72721025022 -6.301522689998861 -31.061818094055873 -0.48807703491735643 604.9893305969581 -0.00015549999373152474 -0.0016642368316129317 -2.225820148338839e-05 0
1600 1 1 188092800 -142547870.74891546 22933403.629837722 -1013432.4120917151 -5.7591377957748549 -31.154605128390546 -0.48429727758204211 604.98562020401926 -0.00014278885600480968 -0.0016909341810284631 -2.5532013703524157e-05 0
1601 1 1 188179200 -143021986.0843986 20238010.497396968 -1055106.8675681863 -5.2155776435203114 -31.237025996313879 -0.48036373103333646 604.98185592982475 -0.00012939604180459884 -0.0017154308614789661 -2.8839429844769838e-05 0
1602 1 1 188265600 -143449095.38065463 17535944.274453156 -1096434.8954872042 -4.6710735461957329 -31.309074268607056 -0.47627847439251819 604.9780425058799 -0.00011538118407496585 -0.0017376375983623351 -3.2169017033809133e-05 0
1603 1 1 188352000 -143829127.05343589 14828101.205000207 -1137403.4807891094 -4.1258562369439717 -31.3707497897569 -0.47204366635966566 604.97418483508238 -0.00010080801593945311 -0.0017574735988018346 -3.550915908975835e-05 0
1604 1 1 188438400 -144162029.42123285 12115377.276848476 -1177999.7982740994 -3.5801556595382724 -31.422058639393363 -0.46766154274408089 604.97028783656322 -8.5748665615438912e-05 -0.0017749682030055837 -3.8850314897494096e-05 0
1605 1 1 188524800 -144447770.62811092 9398667.6852658149 -1218211.2191474698 -3.0342007610982069 -31.463013068997373 -0.4631344135928856 604.96635654289503 -7.0267563473965414e-05 -0.0017899684077308309 -4.2179055210209374e-05 0
1606 1 1 188611200 -144686338.54875648 6678866.3031611312 -1258025.3172978766 -2.4882192884335868 -31.493631427682026 -0.45846466015922865 604.96239623965789 -5.4437119651559887e-05 -0.0018024000587440472 -4.5483086643058882e-05 0
1607 1 1 188697600 -144877740.67616284 3956865.1568952408 -1297429.8753329085 -1.9424375893795889 -31.513938098347605 -0.453654732172738 604.95841232215503 -3.8333120480812217e-05 -0.0018122194639607105 -4.8750573732848996e-05 0
1608 1 1 188784000 -145022003.99230987 1233553.9082726345 -1336412.8903708195 -1.3970804179385719 -31.523963419308441 -0.4487071449358826 604.95441025800619 -2.2033059319899816e-05 -0.0018193935139224982 -5.1969793664719513e-05 0
1609 1 1 188870400 -145119174.82220191 -1490180.6562987647 -1374962.5795776162 -0.85237074399851875 -31.523743597272851 -0.44362447634430524 604.95039556883989 -5.6155825180525469e-06 -0.0018238999495752213 -5.5129197783509954e-05 0
1610 1 1 188956800 -145169318.6716781 -4213455.1288214643 -1413067.3854447997 -0.30852956801542747 -31.513320613225925 -0.43840936386356311 604.94637381160851 1.0840076936070854e-05 -0.001825727453238158 -5.8217470677665451e-05 0
1611 1 1 189043200 -145172520.0494346 -6935389.9743524436 -1450715.9808062119 0.23422425908098832 -31.492742123365641 -0.4330645015314244 604.94235053100294 2.7254996465532426e-05 -0.0018248952951354402 -6.1224233696113739e-05 0
1612 1 1 189129600 -145128882.27372426 -9655110.0167473163 -1487897.2735929054 0.77567421042918028 -31.462061350228669 -0.42759263682897253 604.938331262887 4.3550516634755005e-05 -0.0018213947120201089 -6.413824242891516e-05 0
1613 1 1 189216000 -145038527.26422605 -12371744.914575392 -1524600.4113115566 1.3156062519334151 -31.421336966796478 -0.42199656749444819 604.93432155077176 5.9648754527776483e-05 -0.0018152379774956306 -6.694889646855016e-05 0
1614 1 1 189302400 -144901595.31959832 -15084429.626999415 -1560814.7852539925 1.853809004966275 -31.370632978866503 -0.41627913845014963 604.93032689900917 7.5473551754360666e-05 -0.0018064570578972784 -6.9646331446220327e-05 0
1615 1 1 189388800 -144718244.88124025 -17792304.869212937 -1596530.0344399114 2.3900739028541746 -31.310018600844678 -0.41044323869312105 604.92635274279257 9.0950945785884941e-05 -0.0017950945054605516 -7.2221187434427895e-05 0
1616 1 1 189475200 -144488652.28381002 -20494517.556881353 -1631736.0492895462 2.9241953409164982 -31.2395681256858 -0.40449179816116149 604.92240442921457 0.0001060096839589962 -0.001781203019961443 -7.4664653870025292e-05 0
1617 1 1 189561600 -144213011.49306524 -23190221.239132311 -1666422.9750254857 3.4559708198807333 -31.159360789940845 -0.39842778459775569 604.91848720018027 0.00012058170956610091 -0.0017648451201556963 -7.696850676133671e-05 0
1618 1 1 189648000 -143891533.83159798 -25878576.519753166 -1700581.2148066431 3.9852010826836701 -31.069480636353532 -0.39225420051272969 604.91460614501796 0.00013460433921116946 -0.0017461145846282761 -7.9126105735361535e-05 0
1619 1 1 189734400 -143524447.69304934 -28558751.466313131 -1734201.4325994372 4.5116902442271716 -30.97001636997512 -0.38597408006214479 604.9107661908572 0.00014801718598471487 -0.0017250851585589165 -8.1130307760137827e-05 0
1620 1 1 189820800 -143111998.24542749 -31229922.006514199 -1767274.5557726303 5.0352459139266017 -30.861061208407939 -0.37959048585023902 604.90697212716202 0.00016076379873496908 -0.001701836252678164 -8.2974492177487346e-05 0
1621 1 1 189907200 -142654447.12413558 -33891272.311612435 -1799791.777423111 5.5556793113731295 -30.742712732118271 -0.37310650589706607 604.90322857826391 0.00017279399622362564 -0.0016764724028464262 -8.4653543210658208e-05 0
1622 1 1 189993600 -142152072.11527812 -36541995.167104729 -1831744.5584576144 6.0728053759060145 -30.61507274097093 -0.36652525110419509 604.89953983376222 0.00018407366798886573 -0.0016491999648742327 -8.6167866388427001e-05 0
1623 1 1 190080000 -141605166.82985422 -39181292.330467641 -1863124.6294365237 6.5864428669021535 -30.478247088285595 -0.35984985179915974 604.8959099881572 0.00019455153746456813 -0.0016200186136720726 -8.7508290615728764e-05 0
1624 1 1 190166400 -141014040.36967191 -41808374.873824231 -1893923.9920886448 7.0964144567491054 -30.332345513706379 -0.35308345433862842 604.89234306530102 0.0002041919276031919 -0.0015890400884039184 -8.8671356355384795e-05 0
1625 1 1 190252800 -140379016.98541522 -44422463.513342008 -1924134.9205948105 7.6025468184847922 -30.177481492469695 -0.34622921864223349 604.88884286007965 0.000212964642155667 -0.0015563808219236372 -8.9654334200359097e-05 0
1626 1 1 190339200 -139700435.72750542 -47022788.924979307 -1953749.96263422 8.1046707051999736 -30.013772072975332 -0.33929031529766113 604.8854129388211 0.00022084506458675709 -0.0015221612094581034 -9.0455220643256867e-05 0
1627 1 1 190425600 -138978650.09041178 -49608592.046172895 -1982761.9401842549 8.6026210222813262 -29.841337713804108 -0.33226992274811962 604.88205663105327 0.0002278142109715229 -0.0014865049509400301 -9.1072745035434996e-05 0
1628 1 1 190512000 -138214027.6510306 -52179124.363405496 -2011163.9500797302 9.0962368924817074 -29.660302119896262 -0.3251712245365872 604.87877702238416 0.00023385875032033875 -0.0014495383814286844 -9.1506362824748654e-05 0
1629 1 1 190598400 -137406949.70175043 -54733648.185594574 -2038949.3643366005 9.5853617138823299 -29.470792078223891 -0.31799740660957715 604.87557694854024 0.00023897097675676542 -0.0014113897979131551 -9.1756247813394581e-05 0
1630 1 1 190684800 -136557810.87881243 -57271436.903273508 -2066111.830245398 10.069843210826802 -29.272937293284453 -0.31075165468390531 604.87245899057689 0.00024314874137762438 -0.0013721887969932512 -9.182328187526192e-05 0
1631 1 1 190771200 -135667018.78657117 -59791775.233562954 -2092645.2702400014 10.549533477923084 -29.06687022273325 -0.30343715167940122 604.86942547123874 0.00024639534279600144 -0.0013320656366597921 -9.1709042084379776e-05 0
1632 1 1 190857600 -134734993.61824894 -62293959.450957976 -2118543.8815475483 11.024289017226154 -28.852725913468987 -0.29605707522099972 604.86647845235746 0.00024871940551839171 -0.001291150678222566 -9.141579344202121e-05 0
1633 1 1 190944000 -133762167.77376728 -64777297.603983849 -2143802.135625618 11.493970768725637 -28.630641838465248 -0.288614595212214 604.86361973333055 0.00025013469359932213 -0.0012495737497274998 -9.0946466139323992e-05 0
1634 1 1 191030400 -132748985.47522932 -67241109.717795789 -2168414.7773929094 11.958444134275984 -28.400757734635484 -0.28111287148207598 604.8608508506145 0.00025065992057781539 -0.0012074636630200904 -9.0304642663032865e-05 0
1635 1 1 191116800 -131695902.38061158 -69684727.982825711 -2192376.8242598837 12.417578995121069 -28.163215442010973 -0.27355505150831894 604.85817307811487 0.00025031852611407697 -0.0011649477006308382 -8.949454054436504e-05 0
1636 1 1 191203200 -130603385.19625457 -72107496.929421514 -2215683.5649522967 12.871249722154927 -27.918158740075103 -0.26594426787712083 604.85558749852703 0.00024913842806708041 -0.0011221511620044793 -8.8520994095060297e-05 0
1637 1 1 191289600 -129471911.28824289 -74508773.59054558 -2238330.5582817933 13.319335195824895 -27.665733254324604 -0.25828364108670376 604.85309399023902 0.00024732298802011387 -0.0010799386584575959 -8.7446761589528004e-05 0
1638 1 1 191376000 -128301968.29255509 -76887927.655329078 -2260313.6320829354 13.761718800016661 -27.406086272870457 -0.25057627565208634 604.85069167081804 0.00024483619396328967 -0.0010380628882653829 -8.6253223479384943e-05 0
1639 1 1 191462400 -127094053.72741042 -79244341.60072659 -2281628.8813421638 14.198288393123963 -27.139366495299022 -0.24282525062198307 604.84838045579204 0.00024161830869740868 -0.00099620474304384574 -8.4913850113737873e-05 0
1640 1 1 191548800 -125848674.60699095 -81577410.807887211 -2302272.6659717388 14.628936302671171 -26.865723915667726 -0.23503361995888658 604.84616053427089 0.00023770611591425372 -0.00095446011291653557 -8.3434018673728133e-05 0
1641 1 1 191635200 -124566347.05571665 -83886543.668993682 -2322241.6086623538 15.053559312511014 -26.585309696127386 -0.22720441217547835 604.84403203447653 0.00023314174242926783 -0.0009129319736779027 -8.1820391303320624e-05 0
1642 1 1 191721600 -123247595.92378686 -86171161.683375612 -2341532.5927350763 15.47205866071876 -26.298276101674315 -0.21934063569583853 604.8419937553972 0.0002285007684493233 -0.00087374946195815538 -8.0266540245724642e-05 0
1643 1 1 191808000 -121892954.3913248 -88430699.592000559 -2360142.7646111166 15.884340369842084 -26.004777687687582 -0.21144540307873569 604.8400218556809 0.00022780740607642144 -0.0008517428449469046 -8.0180946983247645e-05 0
1644 1 1 191894400 -120502963.56122704 -90664605.548845828 -2378069.5410552733 16.290314805204929 -25.704969567239004 -0.20352178619298564 604.83809532586497 0.00022672612965023189 -0.00082990317312209869 -8.0038518567301576e-05 0
1645 1 1 191980800 -119078172.11370109 -92872341.057089955 -2395310.5957040591 16.689896304551755 -25.399006045721094 -0.19557269772261091 604.83621572365951 0.00022527646978007094 -0.00080826987510971649 -7.9842396163576688e-05 0
1646 1 1 192067200 -117619135.94201414 -95053380.982021838 -2411863.8532111417 17.083003564766027 -25.087042140973068 -0.18760103881846057 604.83438076967559 0.00022397870818311643 -0.00078862880051956056 -7.9760235657867727e-05 0
1647 1 1 192153600 -116126417.7773111 -97207213.607870668 -2427727.488320834 17.469559588799299 -24.769233406555507 -0.17960969461917967 604.83258511036388 0.00022301535378748354 -0.00077147848598259979 -7.9851082516649321e-05 0
1648 1 1 192240000 -114600586.82232186 -99333340.665520579 -2442899.9232282401 17.849491539423322 -24.445735463211964 -0.17160150098982865 604.83082585994032 0.00022173337023436969 -0.00075446979905777992 -7.989855078332017e-05 0
1649 1 1 192326400 -113042218.39626753 -101431277.32622071 -2457379.8225761624 18.222730676229212 -24.116703849550039 -0.16357923957310114 604.82910307974862 0.00022014665127022777 -0.00073762713870428594 -7.990462714354391e-05 0
1650 1 1 192412800 -111451893.58007666 -103500552.20070463 -2471166.0897638644 18.589212357054397 -23.782294106072484 -0.15554565523502584 604.82741655272537 0.00021826940775543716 -0.00072097348833432965 -7.987133490074179e-05 0
1651 1 1 192499200 -109830198.86497183 -105540707.33380151 -2484257.8636656245 18.948875975832078 -23.442661648234548 -0.14750345375917923 604.8257660129043 0.00021611608447334439 -0.00070453040113510721 -7.9800730372142365e-05 0
1652 1 1 192585600 -108177725.80643229 -107551298.18868698 -2496654.5151874931 19.301664899962788 -23.097961652281779 -0.13945530027688491 604.82415123317321 0.0002137012752764929 -0.00068831798256571968 -7.9694889965771067e-05 0
1653 1 1 192672000 -106495070.6829547 -109531893.62384683 -2508355.6439836137 19.647526428816391 -22.748349023516383 -0.13140382730845335 604.8225708402847 0.00021130811289388589 -0.00067323977035480356 -7.9663878992899801e-05 0
1654 1 1 192758400 -104782834.15842594 -111482075.86766525 -2519361.0759136118 19.986411732426681 -22.393978309029251 -0.12335163624817178 604.82102209102936 0.00020898570219721584 -0.00065940074086794109 -7.9727707196948833e-05 0
1655 1 1 192844800 -103041620.95263495 -113401440.47660288 -2529670.8595315069 20.318275733690783 -22.035003437499054 -0.11530127692641969 604.81950352161175 0.0002064235199535022 -0.00064574285067113242 -7.9759564146431061e-05 0
1656 1 1 192931200 -101272039.52084683 -115289596.2752322 -2539285.2612684984 20.643077036559905 -21.671577624187222 -0.10725524608125314 604.81801498779771 0.00020363351034142089 -0.00063228083102033147 -7.9760890469312906e-05 0
1657 1 1 193017600 -99474701.737337306 -117146165.29579514 -2548204.761428894 20.960777881034065 -21.303853372010217 -0.099215997604452391 604.81655620761535 0.00020062769761950965 -0.00061902852300996757 -7.9733152645151907e-05 0
1658 1 1 193104000 -97650222.584499761 -118970782.71266389 -2556430.0504317977 21.27134406753569 -20.931982380200289 -0.091185941298417394 604.81512686608914 0.0001974181465608052 -0.00060599891725626818 -7.9677842280386431e-05 0
1659 1 1 193190400 -95799219.848461241 -120763096.76937491 -2563962.0249834768 21.574744881764548 -20.556115463300099 -0.083167442462924471 604.8137266165553 0.000194016873405443 -0.00059320404583175089 -7.9596462392765991e-05 0
1660 1 1 193276800 -93922313.821246743 -122522768.69883306 -2570801.7842167891 21.870953018296433 -20.176402474069615 -0.075162821546269659 604.81235508212296 0.00019043581082823707 -0.00058065502709931825 -7.9490526988959984e-05 0
1661 1 1 193363200 -92020127.00959225 -124249472.63702323 -2576950.6258032131 22.159944503106043 -19.79299223028417 -0.067174353859816099 604.81101185704972 0.00018668687644874944 -0.00056836242542452004 -7.9361596787207801e-05 0
1662 1 1 193449600 -90093283.850492001 -125942895.53056452 -2582410.0420429124 22.44169861521555 -19.406032445473336 -0.059204269364506706 604.8096965064924 0.00018278329001381583 -0.00055634027833008424 -7.9211776732893252e-05 0
1663 1 1 193536000 -88142410.433653966 -127602737.03812377 -2587181.7158946008 22.716197805219899 -19.015669656221377 -0.051254751510287605 604.80840868466044 0.00017875301616893728 -0.0005446461110039341 -7.9048869918722756e-05 0
1664 1 1 193622400 -86168134.229419678 -129228709.43051282 -2591267.5175478286 22.983427665125173 -18.622049309019115 -0.043327957000110481 604.80714570067573 0.00017523128769135943 -0.00053516762969459586 -7.9128870577063949e-05 0
1665 1 1 193708800 -84171083.818319991 -130820537.50173581 -2594669.5032723914 23.243376885223338 -18.225315822875224 -0.035426035742585953 604.80590054921947 0.00017261801720123323 -0.00052918870586166761 -7.9669041725832397e-05 0
1666 1 1 193795200 -82151888.631459072 -132377958.46412875 -2597389.9130417891 23.496037037810002 -17.825612123170345 -0.027551074238928844 604.80466865154767 0.00016991041584605511 -0.00052362856700561525 -8.0242082543215693e-05 0
1667 1 1 193881600 -80111178.7091088 -133900721.80412619 -2599431.1630597245 23.741402458832294 -17.423079468571984 -0.019705074940379645 604.80344985241356 0.00016701062336956196 -0.00051816933216115814 -8.0798762882948322e-05 0
1668 1 1 193968000 -78049584.460792199 -135388589.15033507 -2600795.8404622367 23.979470253595146 -17.017857668473688 -0.011889993243274753 604.80224408796551 0.00016392270191130921 -0.00051281673743965321 -8.1339054849679e-05 0
1669 1 1 194054400 -75967736.429283768 -136841334.14706627 -2601486.6993719232 24.210240218843513 -16.610085047586182 -0.0041077391889728443 604.8010512453136 0.00016065087458417047 -0.00050757634569587701 -8.1862933336047822e-05 0
1670 1 1 194140800 -73866265.061562508 -138258742.3241868 -2601506.6569735496 24.433714761977743 -16.199898403300018 0.0036398226420344773 604.79987119365637 0.00015719951574671377 -0.00050245353804092424 -8.2370378226884897e-05 0
1671 1 1 194227200 -71745800.486703604 -139640610.96351665 -2600858.7895957916 24.649898821214396 -15.787432968200585 0.011350872902141391 604.79870378394526 0.00015357314284820259 -0.00049745351850649959 -8.2861368161476747e-05 0
1672 1 1 194313600 -69606972.300648898 -140986748.96212491 -2599546.3288143747 24.85879978619278 -15.372822375722572 0.019023637209576016 604.7975488485572 0.00014977641032499995 -0.00049258130544227615 -8.3335885090648018e-05 0
1673 1 1 194400000 -67450409.357814834 -142296976.69278789 -2597572.6575799137 25.060427419126878 -14.95619862885694 0.026656385843975429 604.79640620098814 0.00014581410127367529 -0.00048784173163038597 -8.3793913010312009e-05 0
1674 1 1 194486400 -65276739.569485292 -143571125.86187568 -2594941.3063735804 25.254793776595879 -14.537692071822317 0.034247433407195535 604.79527563556042 0.00014169111981921994 -0.00048323944437006874 -8.4235437024113169e-05 0
1675 1 1 194572800 -63086589.708931275 -144809039.36491263 -2591655.9493935159 25.441913132060819 -14.117431364610233 0.041795138451004209 604.79415692716179 0.00013741248408354769 -0.00047877889813328504 -8.466044629692107e-05 0
1676 1 1 194659200 -60880585.223190963 -146010571.14006239 -2587720.4007747578 25.621801899188963 -13.695543460313665 0.049297903074067798 604.79304983101213 0.00013298331819759182 -0.00047446435779642179 -8.5068928833594449e-05 0
1677 1 1 194745600 -58659350.051436633 -147175586.01976863 -2583138.6108452352 25.794478556061712 -13.272153585147555 0.056754172490041208 604.79195408246244 0.00012840884537535538 -0.00047029989669145414 -8.5460876344495775e-05 0
1678 1 1 194832000 -56423506.449849308 -148303959.58078414 -2577914.662420291 25.959963570336367 -12.847385221068844 0.064162434568367163 604.79086939683793 0.00012369438019303738 -0.00046628939400114225 -8.5836282613655998e-05 0
1679 1 1 194918400 -54173674.822916158 -149395577.99280691 -2572052.7671379605 26.118279325426567 -12.421360090903788 0.071521219350176898 604.78979546932862 0.00011884532283513576 -0.00046243653439933765 -8.6195142613267398e-05 0
1680 1 1 195004800 -51910473.561059393 -150450337.86593539 -2565557.2618370946 26.269450047761069 -11.994198145890758 0.078829098540917852 604.78873197493454 0.00011386715050707558 -0.00045874480959082333 -8.6537453021763117e-05 0
1681 1 1 195091200 -49634518.884501584 -151468146.09714961 -2558432.6049802643 26.41350173517505 -11.566017555546459 0.086084684981366871 604.78767856846662 0.00010876540996568928 -0.00045521751657855169 -8.6863212829520905e-05 0
1682 1 1 195177600 -47346424.693267338 -152448919.71601301 -2550683.3731232374 26.550462086483773 -11.136934699763964 0.09328663209886115 604.78663488462064 0.00010354571275269691 -0.00045185775787877689 -8.7172422611818924e-05 0
1683 1 1 195264000 -45046802.423216999 -153392585.72978538 -2542314.2574326661 26.680360432283425 -10.707064163051989 0.1004336333405048 604.78560053812464 9.8213727205215536e-05 -0.00044866844145723594 -8.7465084090277781e-05 0
1684 1 1 195350400 -42736260.908004589 -154299080.96812657 -2533330.0602534632 26.803227667019119 -10.276518730825513 0.10752442158986392 604.78457512396847 9.2775171867149356e-05 -0.0004456522815430978 -8.7741200671361878e-05 0
1685 1 1 195436800 -40415406.246849269 -155168351.92756584 -2523735.6917272317 26.919096182355865 -9.8454093876589805 0.11455776856860819 604.7835582177172 8.7235807755355795e-05 -0.00044281179990903608 -8.8000778189330545e-05 0
1686 1 1 195523200 -38084841.678005874 -156000354.61590123 -2513536.1664629979 27.027999801884377 -9.4138453174142338 0.12153248422479136 604.78254937592487 8.1601434950202557e-05 -0.0004401493253555398 -8.8243823290574713e-05 0
1687 1 1 195609600 -35745167.457818329 -156795054.39668864 -2502736.6002613059 27.129973717189131 -8.9819339051568186 0.12844741610922125 604.78154813664219 7.5877884107680477e-05 -0.00043766699598012256 -8.847034419627116e-05 0
1688 1 1 195696000 -33396980.745237079 -157552425.83396962 -2491342.2068926697 27.225054425302307 -8.5497807407758781 0.13530144874111166 604.78055402003201 7.007101106854292e-05 -0.00043536675982137007 -8.8680351380747075e-05 0
1689 1 1 195782400 -31040875.49167968 -158272452.53738406 -2479358.2949312534 27.313279667563698 -8.1174896242239605 0.14209350296450965 604.77956652909018 6.4186690608402562e-05 -0.00043325037637600609 -8.8873856629917365e-05 0
1690 1 1 195868800 -28677442.336112916 -158955127.00780067 -2466790.2646444826 27.394688369903044 -7.6851625722950692 0.14882253529682987 604.77858515047672 5.8230810341219991e-05 -0.00043131941760588091 -8.9050873067859785e-05 0
1691 1 1 195955200 -26307268.505232267 -159600450.48359853 -2453643.6049392642 27.469320584558254 -7.2528998268609728 0.15548753727063952 604.77760935545734 5.2209265866159635e-05 -0.00042957527123342815 -8.9211415266501182e-05 0
1692 1 1 196041600 -23930937.71861466 -160208432.78771877 -2439923.8903653212 27.537217433239405 -6.8207998644875012 0.16208753476981647 604.77663860095379 4.6127954763649198e-05 -0.00042801914166198436 -8.9355499895705696e-05 0
1693 1 1 196128000 -21549030.098719124 -160779092.17560557 -2425636.778176073 27.598421051745561 -6.3889594073541689 0.16862158736130245 604.77567233069919 3.9992770897162037e-05 -0.00042665205097992451 -8.9483144651879989e-05 0
1694 1 1 196214400 -19162122.08560957 -161312455.18414277 -2410788.0054474142 27.652974536038883 -5.9574734354028269 0.17508878762353514 604.77470997649959 3.3809599879695472e-05 -0.0004254748420779407 -8.9594368744876711e-05 0
1695 1 1 196300800 -16770786.356273819 -161808556.48169157 -2395383.3862546254 27.700921889777742 -5.5264351996429593 0.18148826047246239 604.77375095958541 2.7584313859454379e-05 -0.00042448818141052863 -8.9689193122041702e-05 0
1696 1 1 196387200 -14375591.748412674 -162267438.71932501 -2379428.8089075754 27.74230797330771 -5.0959362365428698 0.18781916248618305 604.77279469205246 2.1322766022450766e-05 -0.00042369255999785747 -8.9767640129739752e-05 0
1697 1 1 196473600 -11977103.188573368 -162689152.38334966 -2362930.2332443101 27.77717845410762 -4.6660663834383627 0.19408068122911989 604.7718405783753 1.5030786148007988e-05 -0.00042308829685457002 -8.982973380478916e-05 0
1698 1 1 196560000 -9575881.6245017871 -163073755.64920139 -2345893.6879830244 27.805579758685194 -4.2369137948925326 0.20027203457657672 604.77088801698926 8.7141757788112809e-06 -0.00042267554114643958 -8.9875499710781004e-05 0
1699 1 1 196646400 -7172483.9615884721 -163421314.23679233 -2328325.2681323295 27.827559025915075 -3.8085649599422284 0.20639247004055025 604.76993640191756 2.3787040570860653e-06 -0.00042245427482989512 -8.990496466980748e-05 0
1700 1 1 196732800 -4767463.0032843472 -163731901.26738411 -2310231.132459702 27.843164061809965 -3.3811047201689566 0.21244126409752437 604.76898512443722 -3.9698968184921363e-06 -0.00042242431547554767 -8.9918157140534162e-05 0
1701 1 1 196819200 -2361367.3953625876 -164005597.12205669 -2291617.5010179025 27.85244329571395 -2.9546162885340097 0.21841772151896979 604.76803357476092 -1.0325935855610543e-05 -0.00042258531906012848 -8.9915107038850232e-05 0
1702 1 1 196905600 45258.426095528426 -164242489.3018344 -2272490.6527290838 27.855445737905509 -2.5291812689196975 0.22432117470525295 604.767081143724 -1.6683767191419045e-05 -0.00042293678285592191 -8.9895845908989847e-05 0
1703 1 1 196992000 2451874.2831121138 -164442672.28952944 -2252856.923026287 27.852220938596119 -2.1048796763205728 0.23015098302360304 604.76612722445736 -2.3037794078234503e-05 -0.00042347804807785168 -8.9860406666473564e-05 0
1704 1 1 197078400 4857944.3007413642 -164606247.41335607 -2232722.7015519422 27.842818948309169 -1.6817899576306856 0.2359065321507301 604.7651712140331 -2.9382472610485179e-05 -0.00042420830329398685 -8.9808823888977486e-05 0
1705 1 1 197164800 7262936.9486340387 -164733322.71236414 -2212094.4299129369 27.827290279622492 -1.2599890129749274 0.24158723342065247 604.76421251505838 -3.5712315381777273e-05 -0.00042512658738946097 -8.974113360253845e-05 0
1706 1 1 197251200 9666325.0793547556 -164824012.80373812 -2190978.5994918016 27.805685870256951 -0.83955221753434839 0.24719252317828513 604.76325053721791 -4.2021894874395542e-05 -0.00042623179185369812 -8.9657373284860771e-05 0
1707 1 1 197337600 12067585.963567616 -164878438.75200054 -2169381.7493134611 27.77805704749203 -0.42055344381758769 0.25272186213922521 604.76228469874047 -4.8305847026304157e-05 -0.00042752266486002945 -8.9557582204710586e-05 0
1708 1 1 197424000 14466201.322203996 -164896727.94015831 -2147310.4639670332 27.744455493889085 -0.0030650843324702068 0.25817473475624864 604.76131442777773 -5.4558874313932066e-05 -0.00042899781470698506 -8.94418007709185e-05 0
1709 1 1 197510400 16861657.355724502 -164879013.94282272 -2124771.3715820452 27.704933214301676 0.41284192538649511 0.26355064859289795 604.76033916369306 -6.0775748502702019e-05 -0.00043065571211367559 -8.9310071271940671e-05 0
1710 1 1 197596800 19253444.770585578 -164825436.40133321 -2101771.1418584646 27.659542504151698 0.82709808343693891 0.26884913370451052 604.75935835824794 -6.695131433355806e-05 -0.00043249469357348067 -8.9162437622937127e-05 0
1711 1 1 197683200 21641058.803018954 -164736140.9009099 -2078316.4841498535 27.608335918949674 1.2396352979340151 0.27406974202716877 604.75837147667835 -7.3080491924380257e-05 -0.00043451296515769651 -8.8998944679069783e-05 0
1712 1 1 197769600 24023999.24023068 -164611278.84985676 -2054414.1455989857 27.55136624503676 1.6503868631609826 0.27921204677477707 604.7573779986617 -7.9158278990573784e-05 -0.00043670860503479018 -8.8819639353016701e-05 0
1713 1 1 197856000 26401770.439124167 -164451007.36083451 -2030070.9093251866 27.488686471525657 2.0592874355217665 0.28427564184451659 604.75637741916853 -8.5179754200854742e-05 -0.00043907956739878235 -8.8624570406613717e-05 0
1714 1 1 197942400 28773881.342649903 -164255489.13421795 -2005293.5926626669 27.420349763417192 2.4662730093304432 0.28926014123109905 604.75536924919959 -9.1140079140787048e-05 -0.00044162368613474351 -8.8413787813279031e-05 0
1715 1 1 198028800 31139845.493882399 -164024892.3435511 -1980089.0454490741 27.346409435869088 2.8712808924712658 0.29416517845004581 604.75435301641039 -9.7034500849260075e-05 -0.0004443386762331899 -8.8187342683953169e-05 0
1716 1 1 198115200 33499181.047922879 -163759390.52311012 -1954464.1483634862 27.266918929593082 3.2742496819607325 0.29899040597005022 604.75332826562828 -0.00010285835390613145 -0.00044722213994573902 -8.7945288473629925e-05 0
1717 1 1 198201600 35851410.781724103 -163459162.45758063 -1928425.8113130382 27.181931787356579 3.6751192394418672 0.30373549465473676 604.75229455925864 -0.00010860706185162943 -0.0004502715681467765 -8.7687679564864439e-05 0
1718 1 1 198288000 38196062.1019319 -163124392.0738537 -1901980.9718673732 27.091501631564501 4.0738306666395303 0.30840013321401522 604.75125147759616 -0.00011427614094455816 -0.00045348434366366218 -8.7414572184043215e-05 0
1719 1 1 198374400 40532667.050835341 -162755268.33494401 -1875136.5937400819 26.995682142897266 4.470326280803639 0.31298402766497385 604.75019861903866 -0.0001198612003934804 -0.00045685774536457336 -8.7126025183249507e-05 0
1720 1 1 198460800 42860762.310516395 -162351985.13602892 -1847899.6653162926 26.894527039980865 4.8645495901660452 0.31748690080275288 604.74913560021264 -0.00012535794460471624 -0.00046038895052656972 -8.6822097456608203e-05 0
1721 1 1 198547200 45179889.205286287 -161914741.2026065 -1820277.198225548 26.788090060064597 5.2564452694352131 0.32190849168137481 604.74806205602022 -0.00013076217458766405 -0.00046407503944858355 -8.6502850267382495e-05 0
1722 1 1 198633600 47489593.702495448 -161443739.9907681 -1792276.2259591117 26.67642494068258 5.6459591353516849 0.32624855510439743 604.74697763960944 -0.00013606979037430534 -0.0004679129977301116 -8.6168347133106621e-05 0
1723 1 1 198720000 49789426.411800578 -160939189.58958086 -1763903.8025308442 26.559585402274845 6.0330381223259124 0.33050686112580935 604.74588202228028 -0.00014127679147502863 -0.0004718997196684112 -8.5818652318068469e-05 0
1724 1 1 198806400 52078942.582970604 -160401302.62556896 -1735167.0011807599 26.437625131744291 6.4176302581786393 0.33468319456117551 604.74477489332992 -0.00014637927902904193 -0.00047603201261564788 -8.5453831236561282e-05 0
1725 1 1 198892800 54357702.102311768 -159830296.1692872 -1706072.9131203827 26.310597766926069 6.7996846400032114 0.33877735450874358 604.74365595984864 -0.00015137345507955038 -0.00048030659727706717 -8.5073952735424601e-05 0
1726 1 1 198979200 56625269.487789251 -159226391.64397299 -1676628.6463190424 26.178556881945315 7.179151410167413 0.34278915388088221 604.74252494646737 -0.00015625562784528794 -0.00048472011539845919 -8.4679085649680484e-05 0
1727 1 1 199065600 58881213.882921383 -158589814.73626655 -1646841.3243302023 26.04155597344068 7.5559817324717287 0.34671841894584077 604.74138159506674 -0.0001610222090343925 -0.00048926912945179116 -8.4269301322099097e-05 0
1728 1 1 199152000 61125109.049519978 -157920795.30898246 -1616718.0851569476 25.899648447630501 7.9301277684800819 0.35056498887961984 604.74022566445603 -0.00016566971499105564 -0.00049395012591750055 -8.3844672578042907e-05 0
1729 1 1 199238400 63356533.359349035 -157219567.31591904 -1586266.0801557389 25.752887608198975 8.3015426540372417 0.35432871532813009 604.73905693002462 -0.00017019477009356021 -0.00049875952101453304 -8.3405274253325716e-05 0
1730 1 1 199324800 65575069.784771189 -156486368.71868742 -1555492.4729775607 25.601326644979856 8.6701804759868999 0.35800946197954026 604.73787518336735 -0.000174594106263403 -0.00050369366064708786 -8.2951182824030829e-05 0
1731 1 1 199411200 67780305.888450101 -155721441.40554377 -1524404.43854558 25.445018623416022 9.0359962491032384 0.3616071041469574 604.73668023189998 -0.00017886456307869927 -0.00050874882501975786 -8.2482475277218718e-05 0
1732 1 1 199497600 69971833.81217517 -154925031.11220407 -1493009.1620684094 25.284016474773136 9.3989458932474168 0.36512152836104195 604.7354718984526 -0.00018300308977305178 -0.00051392123331190861 -8.1999232617476075e-05 0
1733 1 1 199584000 72149250.264872059 -154097387.3446233 -1461313.8380881548 25.1183729870862 9.7589862107603409 0.36855263197277849 604.73425002086049 -0.00018700674461891606 -0.00051920704394154034 -8.15015358247027e-05 0
1734 1 1 199670400 74312156.509862274 -153238763.30371729 -1429325.6695623274 24.948140796818276 10.116074864101817 0.37190032276643237 604.73301445154789 -0.00019087269451536592 -0.00052460235971884021 -8.0989468375192722e-05 0
1735 1 1 199756800 76460158.351432085 -152349415.81200451 -1397051.8669787776 24.773372381210699 10.470170353745393 0.37516451858225452 604.7317650571074 -0.00019459821811049338 -0.00053010322877243587 -8.0463116232592919e-05 0
1736 1 1 199843200 78592866.120769337 -151429605.24214789 -1364499.6475027928 24.594120051304696 10.821231996337611 0.37834514694941912 604.73050171788134 -0.00019818070539501115 -0.0005357056487034135 -7.992256434201489e-05 0
1737 1 1 199929600 80709894.661416337 -150479595.44713748 -1331676.2341210973 24.410435947853927 11.169219908913405 0.38144214558124356 604.72922442404968 -0.0002016176566713449 -0.00054140557098850042 -7.9367901430314495e-05 0
1738 1 1 200016000 82810863.313369036 -149499653.69448301 -1298588.8551362189 24.22237200438699 11.514094906829811 0.38445545007448423 604.72793192747019 -0.00020528280677990527 -0.00054817051344473948 -7.8942432604518767e-05 0
1739 1 1 200102400 84895395.894192234 -148490050.60869783 -1265244.7446363927 24.029979943147836 11.855818486731808 0.38738499455031428 604.72662180553243 -0.00020919115077692416 -0.0005560300044428725 -7.8643397793565841e-05 0
1740 1 1 200188800 86963120.681267977 -147451060.11170807 -1231651.1422744154 23.833311267737031 12.194352791482201 0.3902307127822533 604.72529024282539 -0.0002137505522341117 -0.00056611977459652626 -7.8595113246883092e-05 0
1741 1 1 200275200 89013670.39171499 -146382959.37074068 -1197815.2936302496 23.632417256013721 12.52966058128095 0.39299253730910183 604.72393189105503 -0.00021894416441751421 -0.00057838289555997081 -7.8775819246105014e-05 0
1742 1 1 200361600 91046682.166225404 -145286028.7362994 -1163744.449156798 23.42734904207758 12.861705445188166 0.39567042761589155 604.72254369861434 -0.00022415054467222673 -0.00059115933636123407 -7.896648419995696e-05 0
1743 1 1 200448000 93061797.557869524 -144160551.66790819 -1129445.8614652553 23.218157616231835 13.190451786243269 0.39826436936413828 604.72112499440357 -0.00022929109876580937 -0.00060425260815066936 -7.9142162578283608e-05 0
1744 1 1 200534400 95058662.516831592 -143006814.67201072 -1094926.7840461046 23.004893771239679 13.515864663157217 0.400774355948876 604.71967518774306 -0.00023436266450516775 -0.0006176716675247169 -7.9303021617347557e-05 0
1745 1 1 200620800 97036927.373097718 -141825107.24660608 -1060194.4706651832 22.787608098618961 13.83790976570114 0.40320038762551935 604.71819367823571 -0.00023935404577312907 -0.00063140391282560904 -7.9446787509970847e-05 0
1746 1 1 200707200 98996246.819057703 -140615721.82741448 -1025256.1747680762 22.566350988157396 14.156553397920945 0.40554247147497696 604.71667988938702 -0.00024425783252618303 -0.00064544716410047296 -7.9572447205851374e-05 0
1747 1 1 200793600 100936279.89202517 -139378953.73564446 -990119.1489067669 22.341172626968397 14.471762459139482 0.40780062107244874 604.71513326033141 -0.000249064518581832 -0.00065979362810273854 -7.9678443678870477e-05 0
1748 1 1 200880000 102856689.95671728 -138115101.12732926 -954790.64418777823 22.112122999275297 14.78350442600936 0.40997485625033819 604.71355324957108 -0.00025376576394936084 -0.00067443871002472052 -7.9763631349770371e-05 0
1749 1 1 200966400 104757144.68772264 -136824464.94423434 -919277.90974422405 21.87925188645989 15.091747334397807 0.41206520281669606 604.71193933056816 -0.00025835307613988179 -0.00068937737601288578 -7.9826872761791512e-05 0
1750 1 1 201052800 106637316.05199811 -135507348.86629903 -883588.19222993648 21.642608867646732 15.396459761879163 0.41407169231356417 604.71029099197483 -0.00026281804384321574 -0.00070460473537057818 -7.9867101019561354e-05 0
1751 1 1 201139200 108496880.29143409 -134164059.2655779 -847728.7353342229 21.40224332071633 15.697610810584544 0.41599436178582833 604.70860773834022 -0.00026715191004532244 -0.0007201148136203858 -7.988320163567343e-05 0
1752 1 1 201225600 110335517.90552706 -132794905.16164401 -811706.7793157429 21.158204423753038 15.995170090460762 0.41783325356606205 604.70688909213698 -0.0002713456973200713 -0.00073590083218841665 -7.9874042263783986e-05 0
1753 1 1 201312000 112152913.63419248 -131400198.17842829 -775529.56055496575 20.91054115685354 16.289107702770586 0.41958841505835676 604.70513459433141 -0.00027539049010877543 -0.00075195593507276814 -7.9838549861660439e-05 0
1754 1 1 201398400 113948756.44075026 -129980252.5024721 -739204.31112519291 20.659302304307126 16.579394223899296 0.42125989852771345 604.70334380456404 -0.00027927731879848346 -0.00076827279566567903 -7.9775670020886918e-05 0
1755 1 1 201484800 115722739.49511476 -128535384.84256347 -702738.2583812807 20.404536457150375 16.866000689507636 0.42284776089936704 604.70151630158887 -0.00028299724409144834 -0.00078484380956262659 -7.9684385287402858e-05 0
1756 1 1 201571200 117474560.15722097 -127065914.39072767 -666138.62456534896 20.146292016088367 17.148898579039532 0.42435206356779959 604.69965168412148 -0.00028654119492143047 -0.00080166057654287111 -7.9563673419103464e-05 0
1757 1 1 201657600 119203919.96071939 -125572162.7845411 -629412.62642855209 19.884617194764822 17.428059800569816 0.4257728722138735 604.6977495718412 -0.00028990013513860078 -0.0008187142951387084 -7.9412545745820407e-05 0
1758 1 1 201744000 120910524.59696633 -124054454.07074156 -592567.47486848373 19.619560023356993 17.703456675950488 0.42711025662689117 604.69580960588098 -0.0002930650640838081 -0.00083599572481319294 -7.9230041419250054e-05 0
1759 1 1 201830400 122594083.90034819 -122513114.66716672 -555610.37431571202 19.351168377509993 17.975061999231482 0.42836429712905161 604.69383264240093 -0.00029602703162633754 -0.00085349515787454624 -7.9015229976544076e-05 0
1760 1 1 201916800 124254311.82382856 -120948473.35538964 -518548.52481227578 19.079489613431189 18.242847948030338 0.42953498691673342 604.6918031756752 -0.00030297878087043979 -0.00088345389199164046 -7.9874892600510799e-05 0
1761 1 1 202003200 125890926.39290634 -119360861.33936447 -481389.12983113172 18.804570831640337 18.506786797831211 0.43062230266550305 604.68970130102866 -0.00031072794129809606 -0.00091690750369597036 -8.0939192316327609e-05 0
1762 1 1 202089600 127503649.71302639 -117750612.15303905 -444139.38992216025 18.526459321054567 18.766852183256443 0.43162632022702913 604.68752357427752 -0.0003181994306738878 -0.00095080089982052269 -8.1925178163246064e-05 0
1763 1 1 202176000 129092207.97231023 -116118061.58230864 -406806.49792234122 18.245202275019039 19.023018266939157 0.43254713559666391 604.68526958293899 -0.00032536900190590967 -0.00098510657521544832 -8.283042886774937e-05 0
1764 1 1 202262400 130656331.42946105 -114463547.63172542 -369397.63830133085 17.960846727946155 19.275259527539909 0.43338484655299159 604.6829386865669 -0.000332212983409212 -0.0010197963992657204 -8.3652701688463171e-05 0
1765 1 1 202348800 132195754.40055996 -112787410.49690455 -331919.9869369471 17.67343956715786 19.52355076529836 0.43413955417849515 604.6805303123507 -0.00033870831780908125 -0.0010548416111528125 -8.4389927971195757e-05 0
1766 1 1 202435200 133710215.24660775 -111089992.53726719 -294380.7108358625 17.383027538731081 19.767867089873604 0.4348113627182722 604.67804395535575 -0.0003448326228865693 -0.0010902128900173278 -8.504021434569969e-05 0
1767 1 1 202521600 135199456.36158299 -109371638.24982038 -256786.96786619807 17.089657253590843 20.008183908500829 0.43540037944614868 604.67547917867887 -0.00035056423137149411 -0.0011258803428503331 -8.5601833054311347e-05 0
1768 1 1 202608000 136663224.16103703 -107632694.24394675 -219145.9065013424 16.793375193846618 20.244476914467693 0.43590671453850571 604.67283561359636 -0.00035588222299334522 -0.0011618135268146213 -8.6073218538399536e-05 0
1769 1 1 202694400 138101269.07124618 -105873509.21717615 -181464.6655743687 16.494227719365522 20.476722075909056 0.43633048095515742 604.67011295971633 -0.00036076645494228355 -0.0011979814298884186 -8.6452964209786116e-05 0
1770 1 1 202780800 139513345.51894262 -104094433.93191092 -143750.37404242766 16.192261074575917 20.704895624921139 0.43667179432761094 604.66731098515334 -0.00036519759447095114 -0.0012343524772644731 -8.6739814931388468e-05 0
1771 1 1 202867200 140899211.92164239 -102295821.1930792 -106010.15076048626 15.887521395494126 20.928974046987609 0.43693077285426313 604.6644295266376 -0.00036915716101584026 -0.0012708945857366817 -8.6932667938467096e-05 0
1772 1 1 202953600 142258630.67859003 -100478025.82668735 -68251.104263829038 15.580054716969485 21.148934070720124 0.43710753720260997 604.6614684896125 -0.00037262754572827528 -0.001307575130513551 -8.7030563515603726e-05 0
1773 1 1 203040000 143591368.16233832 -98641404.65924564 -30480.332558681195 15.269906980142999 21.364752657916345 0.43720221041888202 604.65842784838424 -0.00037559203975921155 -0.0013443609572097348 -8.7032681056191711e-05 0
1774 1 1 203126400 144897194.71098152 -96786316.498039201 7295.0770796387887 14.957124040113346 21.576406993927609 0.43721491784392946 604.65530764621815 -0.00037803486446828311 -0.0013812184295221616 -8.6938342498383672e-05 0
1775 1 1 203212800 146175884.62106028 -94913122.112218142 45068.048301569608 14.641751673804706 21.783874478335779 0.43714578703563195 604.65210799538613 -0.00037994120228306135 -0.0014181134406146617 -8.6747004935089529e-05 0
1776 1 1 203299200 147427216.1411539 -93022184.214679271 82831.51587176109 14.323835588032715 21.987132715943819 0.4369949476982814 604.64882907724905 -0.00038129721287495617 -0.0014550114009796321 -8.6458258234617722e-05 0
1777 1 1 203385600 148650971.46617806 -91113867.444713324 120578.42585170336 14.003421427763712 22.186159508076141 0.4367625316183385 604.64547114232107 -0.00038209006237312199 -0.0014918772914034603 -8.6071823857131749e-05 0
1778 1 1 203472000 149846936.73240584 -89188538.351390019 158301.73577707875 13.680554784562448 22.380932844184958 0.43644867260651871 604.64203451027345 -0.00038230794455197713 -0.0015286756888661277 -8.5587552867314367e-05 0
1779 1 1 203558400 151014902.01322415 -87246565.377655506 195994.41483038169 13.355281205224101 22.571430893766848 0.43605350644615554 604.63851956993904 -0.0003819401068082209 -0.0015653707718667521 -8.5005424442092126e-05 0
1780 1 1 203644800 152154661.31564578 -85288318.845114499 233649.44400936386 13.027646200586302 22.757631998585925 0.435577170848372 604.63492677927661 -0.0003809768724867784 -0.001601926382941277 -8.4325537445719767e-05 0
1781 1 1 203731200 153266012.57758936 -83314170.939471304 271259.81629189284 12.697695254518424 22.939514665204548 0.4350198054135529 604.63125666530425 -0.00037940965244337611 -0.0016383060262282743 -8.3548115078493386e-05 0
1782 1 1 203817600 154348757.6659441 -81324495.696603075 308818.53679770278 12.365473833083945 23.11705755782133 0.43438155159791308 604.62750982400871 -0.00037723097017518123 -0.0016744729321425157 -8.2673509636032254e-05 0
1783 1 1 203904000 155402702.37543342 -79319668.989237994 346318.62294752605 12.031027393872463 23.290239491416337 0.43366255268678305 604.62368692021903 -0.00037443447276024083 -0.001710390061127505 -8.1702188526897582e-05 0
1784 1 1 203990400 156427656.42829126 -77300068.514213234 383753.1046202156 11.694401395496751 23.459039425201777 0.43286295377420447 604.61978868741573 -0.00037101496678189274 -0.0017460201949922956 -8.063474284309807e-05 0
1785 1 1 204076800 157423433.47476742 -75266073.780284971 421115.02430832869 11.355641307253538 23.623436456379522 0.43198290174818965 604.61581592749201 -0.00036696840660550357 -0.0017813259276496548 -7.9471880663430227e-05 0
1786 1 1 204163200 158389851.09447348 -73218066.096464679 458397.43727272144 11.014792618945158 23.783409814208429 0.43102254528221473 604.611769510508 -0.00036229192376108416 -0.0018162697350330729 -7.821442944705861e-05 0
1787 1 1 204249600 159326730.7985844 -71156428.560854644 495593.41169664811 10.671900850857131 23.938938854376428 0.42998203483243802 604.60765037434055 -0.00035698383849488784 -0.0018508140302791664 -7.6863334412840897e-05 0
1788 1 1 204336000 160233898.03290898 -69081546.049956605 532696.028839887 10.327011563889997 24.090003053684036 0.4288615226411126 604.60345952432044 -0.00035104367178025913 -0.0018849211738313065 -7.5419655494000893e-05 0
1789 1 1 204422400 161111182.18184185 -66993805.208426148 569698.38319343259 9.9801703698434991 24.236582005034599 0.42766116274624949 604.59919803277285 -0.00034447214548341364 -0.001918553593236753 -7.3884565209930521e-05 0
1790 1 1 204508800 161958416.57321128 -64893594.439246453 606593.58263526671 9.6314229418507136 24.378655412736588 0.42638111099671477 604.59486703851712 -0.00033727118897960734 -0.0019516737492291899 -7.2259355173090849e-05 0
1791 1 1 204595200 162775438.48410586 -62781303.893852249 643374.7486031286 9.28081502673869 24.516203099097197 0.42502152545650645 604.59046791783987 -0.00032944395792235348 -0.0019842442475935811 -7.0545431583780713e-05 0
1792 1 1 204681600 163562089.1470435 -60657325.466102287 680035.01614478708 8.9283924330077848 24.649204862195401 0.42358256153414819 604.58600012456884 -0.00032129394411829212 -0.0020180713991914535 -6.8808728646103587e-05 0
1793 1 1 204768000 164318213.75402033 -58522052.806118518 716567.53331335192 8.5742010065561853 24.777640228241292 0.42206436444054252 604.58145739011491 -0.00031319460992284848 -0.0020557258766054553 -6.713016853194803e-05 0
1794 1 1 204854400 165043661.46271756 -56375881.329749532 752965.46082542674 8.2182867295568069 24.901488973043314 0.42046708812332373 604.57683592851038 -0.0003043982352492213 -0.0020927175866901097 -6.5349261385354293e-05 0
1795 1 1 204940800 165738285.41225192 -54219208.174119882 789221.97356827499 7.8606957659646151 25.020731366572409 0.41879090265749919 604.57213828840941 -0.00029491011608331343 -0.0021289956031379518 -6.346763885284776e-05 0
1796 1 1 205027200 166401942.73346239 -52052432.193763226 825330.26073611353 7.5014743328722835 25.135347216534495 0.41703596457797765 604.56735848778942 -0.00028561662491220595 -0.0021712411255518141 -6.1671784932710124e-05 0
1797 1 1 205113600 167034494.55281872 -49875954.012490265 861283.52441118192 7.1406687353130076 25.245315954078173 0.41520242166912097 604.56248340748027 -0.00027624357504877088 -0.0022182608675986037 -5.9906822247435475e-05 0
1798 1 1 205200000 167635806.00720537 -47690176.007781193 897074.98020602483 6.7783255158717299 25.350617663480882 0.41329044191100556 604.55750883616577 -0.00026602418021596136 -0.0022643591404632965 -5.80130363210366e-05 0
1799 1 1 205286400 168205746.26510763 -45495502.248953491 932697.8590525781 6.4144914388315497 25.451232958077089 0.41130020794357586 604.5524375412424 -0.00025496653996401558 -0.0023094526952786164 -5.5992562989107179e-05 0
1800 1 1 205372800 168744188.54225487 -43292338.481972896 968145.40762932331 6.0492134239016888 25.547142371624791 0.40923190074416682 604.54726982871011 -0.00024325874986942135 -0.0023552011130486997 -5.3886011562803495e-05 0
1801 1 1 205459200 169251010.11546046 -41081092.138690457 1003410.8881955906 5.6825385654795157 25.638326390979007 0.40708570117992887 604.54200407204746 -0.00023086576323695993 -0.0024014046400635965 -5.1687028762682836e-05 0
1802 1 1 205545600 169726092.33959624 -38862172.328516982 1038487.5788757165 5.3145141737129986 25.724765732843931 0.40486179631821473 604.53664101155596 -0.00021762965796195995 -0.0024463945623436319 -4.936181220411196e-05 0
1803 1 1 205632000 170169320.66685164 -36635989.816151217 1073368.7742245793 4.945187781478336 25.806441324340746 0.40256037852896209 604.53118345287294 -0.00020356679130599498 -0.0024900751968754912 -4.6913401135588108e-05 0
1804 1 1 205718400 170580584.66569951 -34402957.010766409 1108047.7855192386 4.5746071423074817 25.883334172444883 0.4001816425544803 604.52563424250354 -0.00018869657377266029 -0.0025323517623475691 -4.4345211140481384e-05 0
1805 1 1 205804800 170959778.04053169 -32163487.958598465 1142517.9409777373 4.2028202435572899 25.955425375397212 0.39772578581818341 604.51999643905117 -0.00017304147850969161 -0.00257313068180188 -4.1661021182932422e-05 0
1806 1 1 205891200 171306798.65234092 -29917998.335772887 1176772.5859829828 3.8298753170733018 26.022696098551723 0.39519300813429464 604.51427292927394 -0.00015664490031123694 -0.00261262576125088 -3.886937092619633e-05 0
1807 1 1 205977600 171621548.54032785 -27666905.443575017 1210805.08327992 3.4558208512662971 26.085127561384951 0.39258351169254818 604.5084662114956 -0.00013953557180931977 -0.0026508818153745091 -3.5975406282367009e-05 0
1808 1 1 206064000 171903933.94475746 -25410628.201486453 1244608.8132207184 3.0807056073805059 26.142701100579277 0.38989750207709112 604.50257934735941 -0.00012171616574064679 -0.0026873740610335109 -3.2977185974461281e-05 0
1809 1 1 206150400 172153865.33112967 -23149587.135489251 1278177.1740786282 2.7045786319095693 26.195398181367619 0.38713518839053418 604.49661610831652 -0.00010322080437526602 -0.0027220120546626149 -2.9879867822509292e-05 0
1810 1 1 206236800 172371257.41523349 -20884204.368948989 1311503.5823242995 2.3274892667904092 26.243200362555029 0.38429678278602797 604.49058040174634 -8.4086608844879726e-05 -0.002754708189222123 -2.6688965272891626e-05 0
1811 1 1 206323200 172556029.18922728 -18614903.614319216 1344581.4728956723 1.9494871622435723 26.286089301287596 0.38138250061180978 604.48447630509054 -6.4353614538075198e-05 -0.0027853780625972978 -2.341035162905377e-05 0
1812 1 1 206409600 172708103.94882604 -16342110.164537683 1377404.2994787963 1.5706222895498931 26.324046755587727 0.3783925605232405 604.47830805952208 -4.4064674681859782e-05 -0.0028139409081528025 -2.0050238442246507e-05 0
1813 1 1 206496000 172827409.32159632 -14066250.88418873 1409965.5347987763 1.190944953930958 26.357054587234366 0.37532718460497944 604.47208006286712 -2.3265347665869707e-05 -0.0028403199599273052 -1.6615150460340614e-05 0
1814 1 1 206582400 172913877.29636937 -11787754.200401468 1442258.6709216607 0.81050580753347401 26.385094765000176 0.37218659850180891 604.46579686185294 -2.0037515950627317e-06 -0.0028644428216839887 -1.3111921501088144e-05 0
1815 1 1 206668800 172967444.25377855 -9507050.0933812186 1474277.2195681205 0.42935586248879892 26.408149370024038 0.36897103156108146 604.45946317097605 1.9669591803358188e-05 -0.0028862417995226155 -9.5476825735330246e-06 0
1816 1 1 206755200 172988050.99794272 -7224570.0873222202 1506014.7124376653 0.047546504481637039 26.426200573870542 0.36568071691672355 604.4530834640417 4.1706644037851177e-05 -0.0029059513051386448 -5.9305113420141828e-06 0
1817 1 1 206841600 172975642.78933012 -4940747.2425978649 1537464.7015442222 -0.33487049376991568 26.439230658245055 0.36231589175190432 604.44666220093836 6.4054796567769259e-05 -0.0029233208896255196 -2.2667808058401734e-06 0
1818 1 1 206928000 172930169.37875485 -2656016.1439105039 1568620.7595800678 -0.71784295965221379 26.447222055105875 0.35887679755483687 604.44020436208166 8.6655818097371127e-05 -0.0029381718044630893 1.435999659939356e-06 0
1819 1 1 207014400 172851585.0424951 -370812.88779578148 1599476.4802898625 -1.1013183073853483 26.450157334233559 0.35536368018109782 604.43371516651348 0.00010945077210872477 -0.0029504548012178893 5.1696759732977387e-06 0
1820 1 1 207100800 172739848.6185813 1914424.928994227 1630025.4788543475 -1.4852435243711173 26.448019199625204 0.35177679001305839 604.42719991904858 0.00013237921166960842 -0.0029601270497934466 8.9259052172841924e-06 0
1821 1 1 207187200 172594923.54426113 4199258.2213762365 1660261.3922900828 -1.8695651575617849 26.440790496203217 0.34811638216118412 604.42066400927672 0.00015537943073351955 -0.0029671524707869717 1.2696188849261445e-05 0
1822 1 1 207273600 172416777.89464658 6483246.4283853648 1690177.8798669677 -2.2542292997390891 26.428454216225148 0.34438271667460912 604.41411289870587 0.00017838872494673437 -0.0029715019440515731 1.6471903080164884e-05 0
1823 1 1 207360000 172205384.42255023 8765947.526197752 1719768.6235444213 -2.6391815757135628 26.410993506135977 0.34057605876243552 604.40755210731686 0.00020134367561637308 -0.0029731536561943476 2.0244319551252221e-05 0
1824 1 1 207446400 171960720.59951663 11046918.041765096 1749027.3284272016 -3.0243671284494975 26.388391673891316 0.33669667902737893 604.40098719980074 0.00022418043006311065 -0.0029720930703572321 2.4004654288405914e-05 0
1825 1 1 207532800 171682768.65805551 13325713.067103311 1777947.7232420044 -3.4097306051227361 26.360632196771597 0.33274485371299295 604.39442377162345 0.00024683498836527285 -0.0029683131456435226 2.7744101750699972e-05 0
1826 1 1 207619200 171371515.63508257 15601886.274277197 1806523.5608359154 -3.7952161431174556 26.327698729682883 0.3287208649621749 604.38786743467892 0.00026924350117772357 -0.0029618144557854841 3.1453857026709229e-05 0
1827 1 1 207705600 171026953.41657254 17874989.931124385 1834748.618697721 -4.1807673559701639 26.289575113974934 0.32462500108800879 604.38132380283093 0.00029134255752916508 -0.0029526051685018389 3.5125160075599796e-05 0
1828 1 1 207792000 170649078.78342822 20144574.917764068 1862616.6995031727 -4.5663273192691589 26.246245386787752 0.32045755685719723 604.37479847733266 0.00031306948685772034 -0.0029407011340224372 3.8749321186593331e-05 0
1829 1 1 207878400 170237893.45856965 22410190.743936591 1890121.6316852798 -4.9518385565181102 26.197693790945184 0.31621883378650406 604.36829703223339 0.00033436265272160696 -0.0029261257601312846 4.2317769916789707e-05 0
1830 1 1 207964800 169793404.15524593 24671385.567222312 1917257.2700308126 -5.3372430249742964 26.143904785413429 0.31190914045251733 604.36182499986478 0.00035516174384288778 -0.0029089100012346294 4.5822082291213777e-05 0
1831 1 1 208051200 169315622.62657157 26927706.212188873 1944017.4963040676 -5.7224821014734353 26.084863056341575 0.30752879281293383 604.35538785648271 0.0003754080460490864 -0.0028890921501388391 4.9254008297052478e-05 0
1832 1 1 208137600 168804565.71628684 29178698.190518364 1970396.2198989112 -6.107496568252178 26.020553528700283 0.30307811454016054 604.34899100812697 0.00039504472867138462 -0.0028667177601081335 5.2605507716918484e-05 0
1833 1 1 208224000 168260255.41074356 31423905.722166125 1996387.3785202445 -6.4922265987814907 25.950961378530828 0.2985574373688909 604.34263977669946 0.00041401709232439968 -0.002841839404569382 5.5868795611029283e-05 0
1834 1 1 208310400 167682718.89211363 33662871.757605359 2021984.9388960372 -6.8766117436255119 25.876072045833013 0.2939671014553481 604.33633938650792 0.00043227282367972771 -0.0028145163919653191 5.9036351058609342e-05 0
1835 1 1 208396800 167071988.5928174 35895138.001213178 2047182.8975208595 -7.2605909163394333 25.795871248102753 0.28930745574802358 604.33009495125532 0.00044976222829535141 -0.0027848145158380594 6.2100959296865094e-05 0
1836 1 1 208483200 166428102.25116903 38120244.93585515 2071975.2814320349 -7.6441023794239618 25.710344994536513 0.2845788583714749 604.32391146154964 0.00046643843399623945 -0.0027528056969775977 6.5055736446661811e-05 0
1837 1 1 208569600 165751102.96823138 40337731.848726302 2096356.1490194094 -8.0270837303519826 25.619479600916772 0.27978167702047896 604.3177937729597 0.00048225760196902849 -0.0027185676986989813 6.7894141124257704e-05 0
1838 1 1 208656000 165041039.26587489 42547136.858508013 2120319.5908696535 -8.4094718876835888 25.523261705189569 0.27491628936596424 604.31174659460294 0.00049717910815750047 -0.0026821837522289721 7.0610013661059551e-05 0
1839 1 1 208742400 164297965.14603195 44747996.943901986 2143859.7306461772 -8.791203077291577 25.421678283772518 0.26998308347248884 604.30577447866381 0.00051116567384476281 -0.0026437419645688126 7.3197585079318379e-05 0
1840 1 1 208828800 163521940.15112185 46939847.973669156 2166970.7260037344 -9.1722128190512588 25.314716670176047 0.26498245818169436 604.29988183559499 0.00052418351522933034 -0.0026033351358354996 7.5651506241119159e-05 0
1841 1 1 208915200 162713029.42578089 49122224.737539262 2189646.7695581252 -9.5524359084861974 25.20236454960737 0.25991482419868633 604.29407256020534 0.00053625873013482279 -0.0025613268920209546 7.7974367673146156e-05 0
1842 1 1 209001600 161871303.78008169 51294660.977175295 2211882.0899386914 -9.9318064055848243 25.084609989695892 0.25478060426617377 604.28835021397299 0.00054733750950715138 -0.0025176636313025552 8.0158184486205122e-05 0
1843 1 1 209088000 160996839.75327191 53456689.421912417 2233670.9527976103 -10.310257628266012 24.961441491437185 0.24958023274342436 604.28271851553995 0.00055737423577934876 -0.0024723362712486523 8.2195890814355625e-05 0
1844 1 1 209174400 160089719.6785405 55607841.82651788 2255007.6618453707 -10.687722136918859 24.832847995146615 0.24431415640060217 604.27718111286572 0.00056634905919323685 -0.0024254473077808866 8.4083785851192985e-05 0
1845 1 1 209260800 159150031.74911433 57747649.009574153 2275886.5599562768 -11.064131720057187 24.698818893150207 0.23898283511578877 604.27174144869264 0.00057424584942919368 -0.0023771016129517635 8.5818612863605009e-05 0
1846 1 1 209347200 158177870.08544418 59875640.893627539 2296302.030316026 -11.439417382917128 24.559344055446086 0.2335867422180643 604.26640281889388 0.00058105223039243135 -0.0023274060167817073 8.7397567224400645e-05 0
1847 1 1 209433600 157173334.80379793 61991346.545903958 2316248.497659889 -11.813509322521382 24.414413802525949 0.22812636677336381 604.26116757764237 0.00058690524105027401 -0.0022770305047447336 8.8838715500785416e-05 0
1848 1 1 209520000 156136532.08664185 64094294.218172476 2335720.4296601852 -12.186336925097155 24.264018967355035 0.2226022128160694 604.25603774641615 0.00059168738237279567 -0.0022256125605095408 9.012467927828948e-05 0
1849 1 1 209606400 155067574.25218868 66184011.396009706 2354712.3381015914 -12.557828769241336 24.108150975982678 0.2170147978080634 604.25101591019973 0.0005953677162869002 -0.0021731465592898583 9.124987564130215e-05 0
1850 1 1 209692800 153966579.82513103 68260024.849098191 2373218.7801281344 -12.927912605416516 23.946801832526656 0.21136465444230959 604.24610458243183 0.00059794680384030131 -0.0021197386590311295 9.2213033634235675e-05 0
1851 1 1 209779200 152833673.6088936 70321860.681395069 2391234.3596149576 -13.2965153377246 23.779964117754517 0.20565233223655477 604.24130576814093 0.00059954612767025334 -0.0020658976080649085 9.3030278754900695e-05 0
1852 1 1 209865600 151668986.76128083 72369044.375209257 2408753.728946731 -13.66356295445455 23.607630820364122 0.19987840668727186 604.23661781586236 0.00060083099783571792 -0.0020138898868076317 9.3797198669849435e-05 0
1853 1 1 209952000 150472656.87217391 74401100.834141105 2425771.5910162507 -14.02898061174905 23.429795684961594 0.19404346624354832 604.23204056289785 0.00060105719763737457 -0.0019611671161395474 9.440550748814675e-05 0
1854 1 1 210038400 149244828.04052892 76417554.435474068 2442282.7010960323 -14.392692371833503 23.24645244204121 0.18814815100943791 604.22756242324476 0.00060370674936417127 -0.0019188338206223407 9.5377158950514011e-05 0
1855 1 1 210124800 147985650.97325972 78417929.017781302 2458281.871917048 -14.754621369157091 23.057595418271596 0.18219312714725652 604.22316973923671 0.00060587615334450136 -0.0018771450628270159 9.6281235492227371e-05 0
1856 1 1 210211200 146695283.04167634 80401748.011399671 2473763.9723379267 -15.114690133878518 22.863220619758522 0.17617903756285799 604.21886380343108 0.00060726231895062905 -0.0018351532316419276 9.7072487339552619e-05 0
1857 1 1 210297600 145373888.35300094 82368534.522891894 2488723.9282740192 -15.472820157696606 22.663324391058136 0.17010656898656573 604.21463870346156 0.00060970165978625084 -0.0017983591523085924 9.8059154630870978e-05 0
1858 1 1 210384000 144021637.84038767 84317811.366217062 2503156.7264995622 -15.828932032090343 22.457903899945407 0.16397642815062968 604.21048865908188 0.00061136333067868601 -0.0017610811712490447 9.8935152449991691e-05 0
1859 1 1 210470400 142638709.32828254 86249101.17356129 2517057.4142712448 -16.182945597466166 22.246957630974428 0.15778931621723971 604.20641552552195 0.00061224744955239694 -0.0017233624627122231 9.9699323510067309e-05 0
1860 1 1 210556800 141225287.60666245 88161926.482119948 2530421.1003878457 -16.534779774144599 22.030484908600826 0.15154595657753367 604.20242053168158 0.00061235570579842174 -0.0016852464506839837 0.00010035065419432237 0
1861 1 1 210643200 139781564.5102396 90055809.809699193 2543242.9570503072 -16.884352568507101 21.808485965280205 0.14524709357324789 604.19850483105722 0.00061169138244029464 -0.0016467767756598399 0.00010088829062467575 0
1862 1 1 210729600 138307738.99760365 91930273.734666467 2555518.221695316 -17.231581068992917 21.580961976316644 0.13889349304030815 604.19466950054641 0.00061025934301182482 -0.0016079971860614472 0.00010131153799662515 0
1863 1 1 210816000 136804017.23067677 93784840.978948891 2567242.1988760363 -17.576381442886149 21.347915095569803 0.13248594285651549 604.1909155393522 0.00060806603376184335 -0.0015689514904267485 0.00010161985756569947 0
1864 1 1 210902400 135270612.65441069 95619034.494153753 2578410.2621903284 -17.918668933932274 21.109348492015521 0.12602525349328997 604.18724386790632 0.00060511949452153179 -0.0015296835041836401 0.00010181287004360279 0
1865 1 1 210988800 133707746.07665201 97432377.550884694 2589017.8562568547 -18.258357860826578 20.865266387160375 0.11951225857247877 604.18365532683981 0.00060142935687867213 -0.0014902369781494994 0.00010189036957575489 0
1866 1 1 211075200 132115645.7480991 99224393.831327379 2599060.4987394903 -18.59536161662011 20.615674093309512 0.11294781542735093 604.18015067604313 0.00059700683000117171 -0.0014506555199157993 0.00010185232234907888 0
1867 1 1 211161600 130494547.44226876 100994607.52517839 2608533.7824203176 -18.929592669087643 20.360578052680129 0.10633280566635089 604.17673059377159 0.00059186469994526537 -0.0014109825598839002 0.00010169886909369924 0
1868 1 1 211248000 128844694.53538822 102742543.42898919 2617433.3773214621 -19.260962562103135 20.099985877354211 0.099668135739444871 604.17339567578347 0.00058601732083649971 -0.0013712612792047567 0.00010143032735612529 0
1869 1 1 211334400 127166338.08612297 104467727.04899862 2625755.0328759504 -19.589381918070693 19.833906390065554 0.092954737506952809 604.17014643454877 0.00057948060365959589 -0.0013315345503861614 0.00010104719931228304 0
1870 1 1 211420800 125459736.91504708 106169684.70752497 2633494.5801477982 -19.91476044145821 19.562349665806607 0.086193568810040713 604.1669832984519 0.00057227201662379747 -0.0012918449255491463 0.00010055017162952909 0
1871 1 1 211507200 123725157.683759 107847943.65298748 2640647.9341014507 -20.237006923485129 19.285327074246847 0.079385614042486952 604.16390661103787 0.00056441055299307993 -0.0012522345459483721 9.994012594849135e-05 0
1872 1 1 211593600 121962874.97354048 109502032.17362796 2647211.0959206596 -20.556029248014678 19.00285132295139 0.072531884723216283 604.16091663031739 0.00055591672850382643 -0.001212745116987865 9.9218140464087476e-05 0
1873 1 1 211680000 120173171.36345261 111131479.71500003 2653180.1553768259 -20.871734398700927 18.714936501378961 0.065633420068663489 604.15801352805715 0.00054681256615988312 -0.0011734178807778924 9.8385497848939131e-05 0
1874 1 1 211766400 118356337.50775817 112735817.0012932 2658551.2932467717 -21.184028467444257 18.421598125644749 0.058691287564636978 604.15519738907255 0.00053712157937884069 -0.0011342935710996855 9.7443691177305855e-05 0
1875 1 1 211852800 116512672.2125552 114314576.16055647 2663320.7837798707 -21.49281666420983 18.122853184029552 0.051706583536586692 604.15246821056735 0.0005268687452616651 -0.0010954123732638992 9.6394428546864254e-05 0
1876 1 1 211939200 114642482.511501 115867290.85388578 2667484.9972143481 -21.79800332826315 17.818720183211603 0.044680433717850368 604.14982590146917 0.00051608049045816153 -0.0010568139051788617 9.5239643553652969e-05 0
1877 1 1 212025600 112746083.74050255 117393496.40863578 2671040.4023425858 -22.09949194087805 17.509219195195911 0.037613993815251157 604.14727028175901 0.00050478466559901306 -0.0010185371929094693 9.3981502597919873e-05 0
1878 1 1 212112000 110823799.61124313 118892729.9557157 2673983.5691251266 -22.397185139573487 17.194371904914444 0.030508450070723749 604.14480108179487 0.00049301052749507908 -0.00098062065201258842 9.2622410704155955e-05 0
1879 1 1 212198400 108875962.28341077 120364530.57102589 2676311.1713530021 -22.690984733936908 16.87420165846822 0.023365019818355853 604.14241794163638 0.00048078870241893742 -0.00094310206006700088 9.1165022765090416e-05 0
1880 1 1 212284800 106902912.435489 121808439.42108883 2678019.9893579818 -22.980791723092576 16.54873351197914 0.016184952036290497 604.14012041039223 0.00046815115570721029 -0.0009060185368944012 8.9612254345832788e-05 0
1881 1 1 212371200 104904999.33396506 123223999.91292611 2679106.912770221 -23.266506314872892 16.217994281015564 0.008969527891879785 604.13790794556132 0.0004551311562957358 -0.00086940653269442869 8.79672864840374e-05 0
1882 1 1 212457600 102882580.90077245 124610757.84829232 2679568.9433160177 -23.548027947589851 15.882012592115014 0.0017200611138345303 604.13577993980527 0.00044176324163215864 -0.00083330181598191913 8.6233578320728125e-05 0
1883 1 1 212544000 100836023.77718249 125968261.58530247 2679403.1973292981 -23.825255350100015 15.540819001655018 -0.0055621089422499071 604.13373692595258 0.00042822386646998407 -0.00079800165822649382 8.4442624191205547e-05 0
1884 1 1 212630400 98765703.406992078 127296062.16504632 2678606.9125522929 -24.098085829845125 15.194444688748762 -0.012875470145363077 604.13175667618304 0.00042278155412683784 -0.00077869248872540757 8.4239492479129489e-05 0
1885 1 1 212716800 96672004.154354736 128593713.37556779 2677177.4624128132 -24.366416009816074 14.842922843415288 -0.020218475596723837 604.12981761065021 0.00041710218008330664 -0.00075964350974002759 8.3996071532006569e-05 0
1886 1 1 212803200 94555319.304845795 129860772.03314574 2675112.3478010814 -24.630142545430459 14.486289982208453 -0.02758968017343523 604.12792105951814 0.00041119847650556508 -0.00074086767282904159 8.3713588308842617e-05 0
1887 1 1 212889600 92416051.102860183 131096798.19374262 2672409.1964080739 -24.889161409803215 14.124584596166773 -0.034987594370899558 604.12606668021806 0.00040508332114147646 -0.00072237726146229166 8.3393309828322021e-05 0
1888 1 1 212976000 90254610.806866422 132301355.33017117 2669065.7661311035 -25.143367976365539 13.757847296704725 -0.042410693589373091 604.12425410044443 0.00039876970811143862 -0.0007041838830646515 8.303654106503652e-05 0
1889 1 1 213062400 88071418.739721149 133474010.51755087 2665079.948123618 -25.39265705391605 13.386120867854197 -0.049857417730057169 604.12248291898686 0.00039227070996001088 -0.00068629846546076824 8.2644621450668029e-05 0
1890 1 1 213148800 85866904.33585915 134614334.62328285 2660449.7698790776 -25.63692292389452 13.009450318610279 -0.057326170810729944 604.1207527065842 0.00038559944298172263 -0.00066873125118468014 8.2218922085691335e-05 0
1891 1 1 213235200 83641506.185165212 135721902.50154951 2655173.3983471193 -25.876059379934166 12.627882935311378 -0.064815320602473581 604.1190630068121 0.00037876903626938403 -0.00065149179515495276 8.1760841702121538e-05 0
1892 1 1 213321600 81395672.073327973 136796293.19233859 2649249.1430801805 -26.10995976974765 12.241468333978876 -0.07232319828865913 604.11741333697955 0.00037179259604118632 -0.00063458896794700592 8.1271807947818879e-05 0
1893 1 1 213408000 79129859.018472448 137837090.12498528 2642675.4594085366 -26.33851703940109 11.850258512538678 -0.079848098148222107 604.11580318905658 0.00036468316952999468 -0.00061803094845511901 8.0753268093399888e-05 0
1894 1 1 213494400 76844533.303861663 138843881.32621726 2635450.9516415955 -26.561623780028796 11.45430790284308 -0.087388277265056116 604.11423203064692 0.00035745370764666499 -0.00060182521945405525 8.0206688287495233e-05 0
1895 1 1 213580800 74540170.50645557 139816259.63268349 2627574.3762931353 -26.779172277036679 11.053673422400527 -0.094941955264231256 604.11269930590618 0.00035011705912878308 -0.0005859786242294249 7.9633554704528406e-05 0
1896 1 1 213667200 72217255.521109015 140753822.90793628 2619044.6453280929 -26.991054561847772 10.648414525729905 -0.10250731407799361 604.11120443654602 0.00034268588027577606 -0.00057049727398502509 7.9035359142350968e-05 0
1897 1 1 213753600 69876282.580187216 141656174.26383093 2609860.8294282025 -27.197162466234598 10.238593255241801 -0.11008249774273927 604.10974682289043 0.00033517265363693685 -0.0005553866374142138 7.8413607094282949e-05 0
1898 1 1 213840000 67517755.268374458 142522922.2862969 2600022.1612738608 -27.397387679272924 9.8242742915304238 -0.11766561222719465 604.10832584468471 0.0003275897024405494 -0.00054065162308677387 7.7769819838857318e-05 0
1899 1 1 213926400 65142186.532446332 143353681.26542541 2589528.0388393109 -27.591621806975112 9.405525002999422 -0.12525472529696494 604.10694086216768 0.00031994901372550731 -0.00052629635618962423 7.7105504641448503e-05 0
1900 1 1 214012800 62750098.685772531 144148071.42981279 2578378.0286978767 -27.779756434638195 8.9824154947068777 -0.13284786641649196 604.10559121730262 0.00031226230737849923 -0.00051232435094182279 7.6422169138214185e-05 0
1901 1 1 214099200 60342023.406924173 144905719.18572298 2566571.8692417983 -27.961683201614484 8.5550186721118102 -0.14044302897614824 604.10427652257897 0.00030454123871380287 -0.00049873889030437209 7.5721363785967715e-05 0
1902 1 1 214185600 57918501.73605293 145626257.35461348 2554109.4747268572 -28.137293736273723 8.1234100711002029 -0.14803813910508251 604.10299271559199 0.00029842605543116223 -0.00048820210317321002 7.5389289519127523e-05 0
1903 1 1 214272000 55480084.078148775 146309325.39362383 2540990.9424372758 -28.306479670788331 7.6876678110265768 -0.15563103942169765 604.10173037476147 0.0002944345954060303 -0.00048155909418027426 7.5583390304408474e-05 0
1904 1 1 214358400 53027330.18724902 146954569.64078826 2527216.5570511338 -28.469133041752478 7.2478731736567248 -0.16321956699537835 604.10048444486529 0.0002902856734485184 -0.00047506216823114397 7.575611738128248e-05 0
1905 1 1 214444800 50560809.12127468 147561643.60151806 2512786.7892897534 -28.62514640078474 6.8041107020191616 -0.17080156452192133 604.09925525996448 0.0002859696563025568 -0.00046869616258849887 7.5904836294537822e-05 0
1906 1 1 214531200 48081099.204992861 148130208.21434173 2497702.2980370941 -28.774412699933375 6.3564679237200394 -0.17837483387499137 604.09804276240789 0.00028149032260393501 -0.00046246643864060916 7.6029372326081722e-05 0
1907 1 1 214617600 45588787.991335921 148659932.11143616 2481963.9337194921 -28.916825386111903 5.9050354113667085 -0.18593713936909526 604.09684687693766 0.00027685167445537739 -0.00045637829768161093 7.6129558982998251e-05 0
1908 1 1 214704000 43084472.214999482 149150491.88337445 2465572.7415393847 -29.052278485956318 5.4499068206444274 -0.19348620803077829 604.09566751212094 0.00027205798224506336 -0.00045043703983900399 7.6205246953268347e-05 0
1909 1 1 214790400 40568757.738589227 149601572.34707263 2448529.9646839891 -29.180666693461834 4.9911789263126538 -0.20101972990880887 604.09450455956289 0.00026711371253419053 -0.00044464785327460364 7.6256294746163508e-05 0
1910 1 1 214876800 38042259.491072364 150012866.81675848 2430837.0475047743 -29.301885460471489 4.5289516560985508 -0.20853535844031773 604.09335789326622 0.0002620235262894389 -0.00043901580479976054 7.628257283111792e-05 0
1911 1 1 214963200 35505601.398288488 150384077.37777045 2412495.6386628221 -29.415831089994082 4.0633281223244451 -0.21603071087453649 604.09222736896959 0.00025679227468837046 -0.0004335458337237333 7.6283957926843535e-05 0
1912 1 1 215049600 32959416.305276465 150714915.16298687 2393507.5942350095 -29.522400832327573 3.5944146511126909 -0.22350336875618437 604.09111282348101 0.0002514249988056308 -0.00042824274048678686 7.6260336669112339e-05 0
1913 1 1 215136000 30404345.890176155 151005100.63166699 2373874.9807758122 -29.62149298395676 3.1223208090076131 -0.23095087846991502 604.09001407400604 0.00024592692594115057 -0.00042311118099885549 7.6211605689207007e-05 0
1914 1 1 215222400 27841040.569466807 151254363.85047564 2353600.0783293368 -29.713006989185999 2.647159426851029 -0.23837075184824019 604.08893091747461 0.00024030346601848333 -0.00041815566088757982 7.6137669486768113e-05 0
1915 1 1 215308800 25270159.394307978 151462444.77644575 2332685.3833860154 -29.796843544459701 2.1690466207466201 -0.24576046684461744 604.08786312987718 0.00023456020787266803 -0.00041338052322114488 7.6038442271915576e-05 0
1916 1 1 215395200 22692369.937753025 151629093.54161993 2311133.6117782905 -29.872904705314291 1.6881018099458793 -0.25311746827326925 604.08681046561753 0.00022870291522197441 -0.00040878994151422293 7.5913848617887065e-05 0
1917 1 1 215481600 20108348.172610618 151754070.73909947 2288947.7015094212 -29.941093995896956 1.2044477314862232 -0.26043916861758692 604.08577265688052 0.00022273752244956831 -0.00040438791302587916 7.5763823883434904e-05 0
1918 1 1 215568000 17518778.339735482 151837147.71021065 2266130.8155094055 -30.001316520976857 0.71821045141127449 -0.26772294890903414 604.08474941303791 0.00021667012909134772 -0.00040017824966451471 7.5588312045664788e-05 0
1919 1 1 215654400 14924352.806536779 151878106.83248675 2242686.3443118832 -30.053479080365175 0.22951937240245615 -0.27496615967791932 604.08374042008461 0.000210506995272836 -0.00039616457054361052 7.5387268692292796e-05 0
1920 1 1 215740800 12325771.915499797 151876741.80814904 2218617.9086457272 -30.097490285650277 -0.26149276234955321 -0.28216612197737534 604.08274534012958 0.00020425453643038949 -0.00039235029526174943 7.5160660657854045e-05 0
1921 1 1 215827200 9723743.8225254547 151832857.95275271 2193929.3619349464 -30.133260679144321 -0.7546898692042846 -0.28932012848239125 604.08176381094916 0.00019791931643185534 -0.00038873863400896286 7.4908464173428286e-05 0
1922 1 1 215913600 7118984.3249013191 151746272.48365256 2168624.7927003363 -30.160702854927155 -1.2499325282322156 -0.29642544466490228 604.08079544561781 0.00019150804244986506 -0.00038533258203620531 7.4630667635326928e-05 0
1923 1 1 216000000 4512216.678728302 151616814.80792499 2142708.5268562846 -30.179731581862665 -1.7470779916458319 -0.30347931004613665 604.07983983222539 0.00018502755651785544 -0.00038213491128729764 7.4327269752707064e-05 0
1924 1 1 216086400 1904171.4056383767 151444326.80937171 2116185.1298959935 -30.19026392845198 -2.2459801966678516 -0.31047893952738342 604.07889653370717 0.00017848482971436267 -0.00037914816337029515 7.3998281168278173e-05 0
1925 1 1 216172800 -704413.91134913033 151228663.13421428 2089059.4089583049 -30.19221938937666 -2.7464897830011528 -0.31742152479990882 604.0779650877879 0.00017188695484506768 -0.00037637464266245262 7.3643724582534936e-05 0
1926 1 1 216259200 -3312794.8429719568 150969691.47507349 2061336.4147692544 -30.185520013574184 -3.248454115061608 -0.32430423583505391 604.07704500707234 0.00016524113715431622 -0.00037381640951516132 7.326363349024608e-05 0
1927 1 1 216345600 -5920220.3399951765 150667292.85281801 2033021.4434513967 -30.170090533676465 -3.7517173091310587 -0.33112422245505896 604.07613577928601 0.00015855468654356902 -0.00037147527320488267 7.2858053004622744e-05 0
1928 1 1 216432000 -8525932.970717391 150321361.89584729 2004120.0381939153 -30.145858496630872 -4.256120265583208 -0.33787861598485458 604.07523686769048 0.0001518350100407023 -0.0003693527871150167 7.2427040956653707e-05 0
1929 1 1 216518400 -11129169.169806777 149931807.11636677 1974637.9907764981 -30.112754395311622 -4.7615007063296559 -0.34456453098530515 604.074347711683 0.00014508960158397688 -0.00036745024108008354 7.1970666231748051e-05 0
1930 1 1 216604800 -13729159.498543909 149498551.18319714 1944581.3429399475 -30.070711800918588 -5.2676932176270448 -0.35117906706792607 604.0734677275999 0.00013832603212499692 -0.00036576865598890126 7.1489010455467254e-05 0
1931 1 1 216691200 -16325128.916530082 149021531.19064781 1913956.3875964794 -30.019667495948632 -5.7745292983798038 -0.35771931079079095 604.07259630973033 0.00013155194102351011 -0.00036430877889428358 7.0982168071500828e-05 0
1932 1 1 216777600 -18916297.064901095 148500698.9229756 1882769.6698727219 -29.959561607513482 -6.2818374140648148 -0.3641823376355256 604.07173283155055 0.00012477502555670208 -0.00036307107752783785 7.0450245312021393e-05 0
1933 1 1 216864000 -21501878.561066136 147936021.11393738 1851027.98797841 -29.890337740767603 -6.7894430563960482 -0.37056521406480236 604.07087664718324 0.00011800303013877452 -0.00036205573645369774 6.9893360584317792e-05 0
1934 1 1 216950400 -24081083.304970693 147327479.70093518 1818738.3938938738 -29.811943112198115 -7.2971688088376059 -0.37686499965942072 604.07002709308279 0.00011124373542973578 -0.00036126265149358765 6.9311644933371926e-05 0
1935 1 1 217036800 -26653116.796860509 146675072.07324526 1785908.1938694727 -29.724328682518706 -7.8048344180635905 -0.38307874933399699 604.06918348994373 0.00010450494743976316 -0.0003606914266403081 6.8705241926820442e-05 0
1936 1 1 217123200 -29217180.466500871 145978811.31381252 1752544.9487302497 -29.627449288898863 -8.3122568714521954 -0.38920351562997257 604.06834514481875 9.7794486050792475e-05 -0.00036034137077326167 6.8074308265601765e-05 0
1937 1 1 217209600 -31772472.013781745 145238726.43408662 1718656.4739791802 -29.521263776250382 -8.8192504806894156 -0.39523635108448391 604.06751135343461 9.1120173180764036e-05 -0.0003602114945388048 6.7419012774669844e-05 0
1938 1 1 217296000 -34318185.760615088 144454862.60136771 1684250.8396925291 -29.405735127283787 -9.3256269715450326 -0.40117431067335352 604.06668140268289 8.4489821045663407e-05 -0.00036030050707582185 6.6739536503396206e-05 0
1939 1 1 217382400 -36853513.014005177 143627281.35812756 1649336.3702010175 -29.280830591037954 -9.8311955798701245 -0.40701445432597755 604.06585457326491 7.7911219896965769e-05 -0.00036060681519288381 6.6036073618522251e-05 0
1940 1 1 217468800 -39377642.440147139 142756060.83276644 1613921.6435506749 -29.146521809578886 -10.335763153851071 -0.4127538495098218 604.06503014245254 7.1392125100614177e-05 -0.00036112852122752929 6.5308831055400324e-05 0
1941 1 1 217555200 -41889760.449381731 141841295.94126397 1578015.4907374771 -29.002784942555419 -10.83913426253957 -0.41838957388202946 604.06420738693589 6.4940244503967093e-05 -0.00036186342195135209 6.4558028004357108e-05 0
1942 1 1 217641600 -44389051.591808036 140883098.57918173 1541626.9947100822 -28.84960078929306 -11.341111310662706 -0.42391871800518011 604.06338558571917 5.8563226651764463e-05 -0.00036280900920117966 6.3783896299111694e-05 0
1943 1 1 217728000 -46874698.963326663 139881597.80347517 1504765.4891352765 -28.686954908101406 -11.841494659700206 -0.42933838812402098 604.06256402302438 5.2268646588424168e-05 -0.00036396246895063289 6.2986679960420525e-05 0
1944 1 1 217814400 -49345884.621859133 138836940.00357553 1467440.5569209966 -28.514837732465164 -12.340082755198692 -0.43464570899971644 604.06174199116595 4.6063993024582596e-05 -0.00036532068248188712 6.2166635437017323e-05 0
1945 1 1 217900800 -51801790.013459511 137749289.06120315 1429662.0284921227 -28.333244683784912 -12.836672260275053 -0.43983782679784961 604.0609187933544 3.9956655296234662e-05 -0.0003668802277891147 6.1324031325705848e-05 0
1946 1 1 217987200 -54241596.408005513 136618826.49838114 1391439.9798145674 -28.142176280330343 -13.331058195242198 -0.44491191202612473 604.06009374639439 3.3953910053815751e-05 -0.00036863738183370517 6.0459148779716823e-05 0
1947 1 1 218073600 -56664485.344127543 135445751.61312467 1352784.730163563 -27.941638242066816 -13.823034083271597 -0.4498651625174474 604.05926618323963 2.8062906843111034e-05 -0.00037058812342716512 5.9572281151957514e-05 0
1948 1 1 218160000 -59069639.083004035 134230281.60228679 1313706.8396324022 -27.731641591014878 -14.312392101987042 -0.45469480645388705 604.05843545538551 2.2290657094562832e-05 -0.0003727281348644388 5.8663733169496818e-05 0
1949 1 1 218246400 -61456241.070622765 132972651.67105594 1274217.1063783241 -27.512202746802718 -14.798923240864449 -0.45939810542658066 604.05760093506149 1.6644019370282222e-05 -0.00037505280791181792 5.773382128335206e-05 0
1950 1 1 218332800 -63823476.40807794 131673115.1286075 1234326.563602658 -27.283343617073257 -15.282417464292029 -0.46397235752637511 604.05676201721644 1.1129685365173966e-05 -0.00037755724731535585 5.6782873554316732e-05 0
1951 1 1 218419200 -66170532.329444207 130331943.46942908 1194046.4762627962 -27.04509168240957 -15.76266388012437 -0.46841490045984868 604.0559181212725 5.7541681599919977e-06 -0.00038023627599888395 5.581122947340722e-05 0
1952 1 1 218505600 -68496598.686739296 128949426.43985146 1153388.337514058 -26.797480075447108 -16.239450913543177 -0.47272311468502443 604.05506869265594 5.2378794530096888e-07 -0.00038308444046026815 5.481924008497581e-05 0
1953 1 1 218592000 -70800868.441459209 127525872.08933648 1112363.8648799756 -26.540547653845923 -16.712566486016833 -0.4768944265610231 604.05421320407891 -4.5553396730983198e-06 -0.00038609601990008928 5.3807266198980964e-05 0
1954 1 1 218678400 -73082538.162141174 126061606.80609068 1070984.9961500755 -26.274339066803506 -17.181798199129677 -0.48092631150531751 604.05335115659796 -9.4773168569662266e-06 -0.00038926503070955683 5.2775680959727227e-05 0
1955 1 1 218764800 -75340808.527383268 124556975.33659463 1029263.8850047763 -25.9989048147965 -17.646933523030746 -0.48481629715231134 604.05248208044281 -1.4236476062447303e-05 -0.00039258523510495583 5.1724867255901067e-05 0
1956 1 1 218851200 -77574884.833722308 123012340.78866021 987212.89636754815 -25.714301302249673 -18.107759989231926 -0.48856196650700662 604.0516055356303 -1.882739299897781e-05 -0.00039605014973364644 5.0655216986839272e-05 0
1957 1 1 218937600 -79783977.507746056 121428084.61765289 944844.60148506134 -25.420590882841065 -18.564065387464403 -0.4921609610865918 604.05072111237109 -2.3244896989435229e-05 -0.00039965305551984374 4.9567133599842867e-05 0
1958 1 1 219024000 -81967302.621791855 119804606.59554143 902171.7727366715 -25.117841897165089 -19.015637966282615 -0.49561098404326448 604.04982843129403 -2.7484082628771809e-05 -0.00040338700654573873 4.8461029208535359e-05 0
1959 1 1 219110400 -84124082.412559345 118142324.7624649 859207.37817514164 -24.806128702489332 -19.462266637085406 -0.49890980326149353 604.04892714349285 -3.1540322243388467e-05 -0.00040724484121851538 4.7337324688863216e-05 0
1960 1 1 219196800 -86253545.801944003 116441675.36053778 815964.57580113236 -24.485531694356123 -19.903741181205273 -0.50205525442229615 604.04801693042339 -3.5409274913905421e-05 -0.00041121919290512627 4.6196450094146046e-05 0
1961 1 1 219283200 -88354928.91937609 114703112.74964258 772456.70757462911 -24.156137319796681 -20.339852459698321 -0.5050452440272446 604.04709750366146 -3.9086897995648204e-05 -0.00041530250058753214 4.5038845482182948e-05 0
1962 1 1 219369600 -90427475.624931127 112927109.30499421 728697.29316708457 -23.818038081943737 -20.770392625450711 -0.50787775237518662 604.04616860454269 -4.2569455936263216e-05 -0.00041948702242684192 4.3864957974174466e-05 0
1963 1 1 219456000 -92470438.032460302 111114155.29629233 684700.02345867862 -23.47133253584823 -21.195155337200799 -0.51055083648433508 604.04523000369466 -4.5853529801040498e-05 -0.00042376484993344147 4.2675242532614543e-05 0
1964 1 1 219542400 -94483077.031973317 109264758.74831434 640478.75378574512 -23.116125275326407 -21.613935975060922 -0.51306263295214971 604.04428150048489 -4.8936026445715057e-05 -0.0004281279191590942 4.1470161556679311e-05 0
1965 1 1 219628800 -96464662.810491443 107379445.28283812 596047.49694405473 -22.752526910685461 -22.026531857108324 -0.51541136074571625 604.04332292239644 -5.1814185747653975e-05 -0.0004325680238314567 4.0250184989356606e-05 0
1966 1 1 219715200 -98414475.370577633 105458757.94182125 551420.41595426807 -22.380654037199044 -22.432742456602622 -0.51759532391539964 604.04235412434628 -5.4485587819330487e-05 -0.00043707683001502486 3.9015788846159189e-05 0
1967 1 1 219801600 -100331805.04573919 103503256.99180098 506611.81659651105 -22.000629194228356 -22.832369619375623 -0.51961291422448119 604.04137498795376 -5.6948160464278608e-05 -0.00044164589261615238 3.7767455647945413e-05 0
1968 1 1 219888000 -102215953.01189171 101513519.70952222 461636.13972163881 -21.61258081490973 -23.225217780928933 -0.52146261368753422 604.04038542077046 -5.9200185305428116e-05 -0.00044626666981678739 3.6505674013744073e-05 0
1969 1 1 219974400 -104066231.79406637 99490140.148836777 416507.95334737323 -21.21664316635518 -23.611094182766593 -0.52314299701065869 604.03938535548434 -6.1240301583343086e-05 -0.0004509305386670374 3.5230937351178555e-05 0
1970 1 1 220060800 -105881965.76753949 97433728.888962567 371241.94454809808 -20.812956280340025 -23.989809087482715 -0.52465273392656531 604.03837474910927 -6.306751250773979e-05 -0.00045562880857289101 3.3943744897518434e-05 0
1971 1 1 220147200 -107662491.65256281 95344912.764230043 325852.91114768898 -20.401665874478748 -24.361175992119691 -0.5259905914177736 604.03735358216204 -6.4681188227823491e-05 -0.00046035273903681799 3.2644600795161343e-05 0
1972 1 1 220233600 -109407159.00187318 93224334.575486928 280355.75322531641 -19.982923263918458 -24.725011839309058 -0.52715543582173496 604.03632185783044 -6.6081069509899294e-05 -0.00046509355736765531 3.1334011805519793e-05 0
1973 1 1 220320000 -111115330.68016504 91072652.783373609 234765.46444469906 -19.556885263607587 -25.081137225705028 -0.52814623481137313 604.03527960114536 -6.7267267731394527e-05 -0.00046984247355946437 3.001248938728196e-05 0
1974 1 1 220406400 -112786383.33471453 88890541.183724478 189097.12321784309 -19.12371408122705 -25.429376607221336 -0.5289620592450166 604.03422685815372 -6.8240270543937673e-05 -0.00047459069678480764 2.8680548136286269e-05 0
1975 1 1 220492800 -114419707.85635403 86678688.565392926 143365.88371478257 -18.683577200899133 -25.769558500584342 -0.52960208488029559 604.03316369510014 -6.9000938078096007e-05 -0.00047932945383263474 2.7338705071695572e-05 0
1976 1 1 220579200 -116014709.83000536 84437798.350837931 97586.96673131673 -18.236647257818724 -26.10151568071948 -0.53006559394648334 604.03209019762005 -6.9550504675733573e-05 -0.00048405000477503592 2.5987479849830911e-05 0
1977 1 1 220665600 -117570809.97399536 82168588.219854251 51775.650427190252 -17.783101903980995 -26.425085373493911 -0.53035197657041599 604.03100646994392 -6.9890578477850538e-05 -0.00048874365946700708 2.4627392905189645e-05 0
1978 1 1 220752000 -119087444.56739268 79871789.716866851 5947.260947571448 -17.323123665207184 -26.740109443346743 -0.53046073205113675 604.02991263411502 -7.0023138220965601e-05 -0.00049340179623458648 2.3258968157249733e-05 0
1979 1 1 220838400 -120564065.86462408 77548147.842251629 -39882.837058910103 -16.856899789699327 -27.046434575347703 -0.53039146997922815 604.02880882922352 -6.995053033131469e-05 -0.00049801587722505538 2.1882729087187021e-05 0
1980 1 1 220924800 -122000142.49664919 75198420.628183186 -85699.250011999393 -16.384622088381636 -27.343912451237436 -0.53014391119713566 604.02769521065375 -6.9675466232576471e-05 -0.00050257746698511977 2.0499200232869166e-05 0
1981 1 1 221011200 -123395159.85799569 72823378.699548066 -131486.56504761646 -15.906486767314092 -27.6323999190157 -0.52971788859682212 604.0265719493508 -6.9201016454523579e-05 -0.00050707824572375775 1.9108906542639409e-05 0
1982 1 1 221097600 -124748620.47898413 70423804.820499867 -177229.35972745519 -15.422694252489221 -27.911759155659848 -0.52911334775224017 604.02543923110636 -6.8530607261874354e-05 -0.00051151002898495719 1.7712370611396673e-05 0
1983 1 1 221184000 -126060044.38249786 68000493.427266136 -222912.21179599388 -14.933449007348578 -28.181857822573566 -0.5283303473838159 604.02429725585284 -6.7668013207571772e-05 -0.00051586478344845584 1.6310116284709385e-05 0
1984 1 1 221270400 -127328969.4246849 65554250.14785298 -268519.70897030231 -14.438959343379285 -28.442569213383891 -0.52736905965307646 604.02314623698135 -6.661735033016523e-05 -0.00052013464024804024 1.4902664994802794e-05 0
1985 1 1 221356800 -128554951.61901028 63085891.309323177 -314036.4587479289 -13.939437224173917 -28.693772393726132 -0.52622977028617191 604.02198640067081 -6.5383067020899227e-05 -0.00052431191455630868 1.3490537231360011e-05 0
1986 1 1 221443200 -129737565.44311064 60596243.433355339 -359447.09821801598 -13.435098063358627 -28.935352332678249 -0.52491287852502899 604.02081798523852 -6.3969937253884824e-05 -0.00052838911604466507 1.2074252155035687e-05 0
1987 1 1 221529600 -130876404.12794104 58086142.720819578 -404736.30386074743 -12.926160516814484 -29.167200025529489 -0.5234188969061786 604.01964124050073 -6.2383052332313574e-05 -0.00053235896753885093 1.0654323968511873e-05 0
1988 1 1 221616000 -131971079.92873843 55556434.526130445 -449888.80132023699 -12.412846269634857 -29.389212607594015 -0.52174845086699595 604.01845642715261 -6.062780815274118e-05 -0.00053621441679155247 9.2312654433032583e-06 0
1989 1 1 221702400 -133021224.37736759 53007972.822163194 -494889.37513594521 -11.895379818278846 -29.601293458805177 -0.51990227817971268 604.01726381615822 -5.8709896216726343e-05 -0.00053994865084200253 7.805587129413195e-06 0
1990 1 1 221788800 -134026488.51565443 50441619.656539746 -539722.87841781264 -11.373988248395714 -29.803352298854449 -0.51788122821483684 604.01606368815942 -5.66352901524326e-05 -0.00054355510968760094 6.3777949261401007e-06 0
1991 1 1 221875200 -134986543.10935399 47858244.600110739 -584374.24245043949 -10.848901008808413 -29.995305272666783 -0.51568626103551851 604.01485633289121 -5.4410236023642317e-05 -0.0005470274990636725 4.948390202447887e-06 0
1992 1 1 221961600 -135901078.84244305 45258724.188476749 -628828.48621177743 -10.32034968215565 -30.177075026033052 -0.51331844632469159 604.01364204861341 -5.2041239075436435e-05 -0.00055035980141485206 3.51787089833865e-06 0
1993 1 1 222048000 -136769806.49146903 42643941.35740523 -673070.72579200298 -9.7885677527005388 -30.348590771249935 -0.51077896214788499 604.01242114155639 -4.9535047840251393e-05 -0.00055354628691127114 2.0867288962880675e-06 0
1994 1 1 222134400 -137592457.07973489 40014784.873012558 -717086.18369851203 -9.2537903718223866 -30.509788342648211 -0.50806909355470198 604.01119392537726 -4.6898646789605256e-05 -0.00055658152389127683 6.554523558531449e-07 0
1995 1 1 222220800 -138368782.01114038 37372148.757588364 -760860.19803322479 -8.7162541217121063 -30.660610241920775 -0.50519023102246596 604.00996072062367 -4.4139233952573723e-05 -0.00055946039108243056 -7.7547597378006939e-07 0
1996 1 1 222307200 -139098553.18354833 34716931.711946376 -804378.23152877111 -8.1761967777953899 -30.801005673192456 -0.50214386874641015 604.00872185421088 -4.1264210698092406e-05 -0.0005621780850490226 -2.2055799881303299e-06 0
1997 1 1 222393600 -139781563.08158788 32050036.535189707 -847625.88043045823 -7.6338570704098245 -30.930930567804321 -0.49893160278046272 604.00747765890515 -3.8281168222614754e-05 -0.00056473012887445283 -3.6343872180179481e-06 0
1998 1 1 222480000 -140417624.84885353 29372369.542778756 -890588.88321132888 -7.0894744462597439 -31.050347598816401 -0.49555512903374171 604.00622847281943 -3.5197868199485322e-05 -0.00056711237932722961 -5.0614325632836586e-06 0
1999 1 1 222566400 -141006572.33950278 26684839.983789314 -933253.12910808576 -6.5432888301702032 -31.159226185262732 -0.49201624112838249 604.00497463892179 -3.2022227205809952e-05 -0.00056932103211815332 -6.4862589371135292e-06 0
2000 1 1 222652800 -141548260.14930174 23988359.458243538 -975604.66646613006 -5.9955403876572335 -31.257542486223528 -0.48831682812381233 604.00371650454679 -2.8762303598327027e-05 -0.00057135263017262341 -7.9084146176447093e-06 0
2001 1 1 222739200 -142042563.62620875 21283841.335389551 -1017629.7108824124 -5.446469288824078 -31.345279384808546 -0.48445887211348065 604.00245442091466 -2.5426281319301967e-05 -0.0005732040701459637 -9.3274537543893504e-06 0
2002 1 1 222825600 -142489378.86063591 18572200.173796587 -1059314.6531353809 -4.8963154740836812 -31.422426462174339 -0.48044444570074973 604.0011887426582 -2.2022448608973642e-05 -0.00057487260413349088 -1.0742938162787095e-05 0
2003 1 1 222912000 -142888622.65556416 15854351.144120073 -1100646.0668918581 -4.3453184221980194 -31.488979961726184 -0.47627570936058228 603.99991982736151 -1.8559185204591592e-05 -0.00057635584232765757 -1.2154438085998937e-05 0
2004 1 1 222998400 -143240232.47673523 13131209.45537753 -1141610.7161812792 -3.7937169211127459 -31.544942743683428 -0.47195490869363715 603.99864803510195 -1.5044946829388297e-05 -0.00057765175731990762 -1.3561530746354282e-05 0
2005 1 1 223084800 -143544166.38318065 10403689.785558879 -1182195.5626282752 -3.2417488420503524 -31.590324230212921 -0.4674843715799159 603.99737372799984 -1.1488244443038083e-05 -0.00057875868660288551 -1.496380115187592e-05 0
2006 1 1 223171200 -143800402.93838936 7672705.717376614 -1222387.7724352817 -2.6896509173102423 -31.625140341359717 -0.46286650523928868 603.99609726977098 -7.897630071571449e-06 -0.00057967533347788992 -1.6360840796023173e-05 0
2007 1 1 223257600 -144008941.10245368 4939169.1799400924 -1262174.7231073959 -2.137658522207134 -31.649413422028292 -0.45810379320640993 603.99481902528896 -4.2816787142480999e-06 -0.0005804007649500328 -1.7752248955732046e-05 0
2008 1 1 223344000 -144169800.1055676 2203989.8971153465 -1301544.0099124704 -1.5860054615604813 -31.663172160289896 -0.45319879222789594 603.99353936015279 -6.4897407302918719e-07 -0.00058093441160972587 -1.9137634059713391e-05 0
2009 1 1 223430400 -144283019.30328915 -531925.15669268114 -1340483.4520700283 -1.0349237611279636 -31.666451497313052 -0.44815412908928487 603.99225864026005 2.9919089498452777e-06 -0.0005812760695517175 -2.0516612546298432e-05 0
2010 1 1 223516800 -144348658.01400936 -3267672.2926253914 -1378981.0986632698 -0.4846434643548943 -31.659292529233145 -0.44297249737946987 603.99097723138016 6.6324221273224838e-06 -0.00058142589358722613 -2.1888808573585041e-05 0
2011 1 1 223603200 -144366795.33910257 -6002351.6346410038 -1417025.2342691156 0.064607565209833795 -31.64174240129481 -0.437656654200546 603.98969549874005 1.0264057541399212e-05 -0.00058138439646560265 -2.3253853886746106e-05 0
2012 1 1 223689600 -144337529.96626332 -8735067.6373176966 -1454604.3843019046 0.61260383550365538 -31.613854194617808 -0.43220941683108466 603.98841380660929 1.3878364848701887e-05 -0.00058115244494314042 -2.4611389153768755e-05 0
2013 1 1 223776000 -144260979.95655772 -11464929.593567746 -1491707.3200670695 1.1591224112422509 -31.575686805951452 -0.42663365935062564 603.98713251788729 1.7466967089739668e-05 -0.000580731257064707 -2.596106311726196e-05 0
2014 1 1 223862400 -144137282.5157499 -14191052.131673111 -1528323.0635217791 1.7039430926332664 -31.527304820794814 -0.4209323092331736 603.98585199369916 2.1021574871302956e-05 -0.00058012239234890692 -2.7302533463389549e-05 0
2015 1 1 223948800 -143966593.75047979 -16912555.701085933 -1564440.891740192 2.2468485872564354 -31.468778380272024 -0.41510834391743118 603.98457259299482 2.4534000889701171e-05 -0.0005793277491204017 -2.8635465765351834e-05 0
2016 1 1 224035200 -143749088.40989488 -19628567.046471663 -1600050.341081647 2.7876246748796363 -31.400183042161679 -0.40916478736135414 603.98329467214796 2.7996172717453554e-05 -0.00057834955734834914 -2.9959533675354287e-05 0
2017 1 1 224121600 -143484959.613354 -22338219.669507176 -1635141.2110607685 3.3260603650060099 -31.321599636486287 -0.40310470658863484 603.98201858456355 3.1400150248676298e-05 -0.00057719037103530512 -3.1274418936880974e-05 0
2018 1 1 224208000 -143174418.56483918 -25040654.277981587 -1669703.5679191046 3.861948046972429 -31.233114116074347 -0.39693120823457673 603.98074468027869 3.4738138723316897e-05 -0.0005758530616214629 -3.2579812596126192e-05 0
2019 1 1 224294400 -142817694.25472796 -27735019.221783549 -1703727.7478985586 4.3950836324441438 -31.134817402512041 -0.39064743509836708 603.97947330557554 3.800249799115153e-05 -0.00057434080835026553 -3.3875412787033189e-05 0
2020 1 1 224380800 -142415033.14958531 -30420470.915394597 -1737204.360217463 4.9252666901766604 -31.026805227904017 -0.38425656270872399 603.97820480258861 4.1185758447607629e-05 -0.0005726570899702015 -3.5160925698874334e-05 0
2021 1 1 224467200 -141966698.87065232 -33096174.246544767 -1770124.2897507569 5.4523005729407332 -30.909177972864125 -0.3777617959099876 603.97693950891914 4.4280632110623104e-05 -0.00057080567519987905 -3.6436066530555338e-05 0
2022 1 1 224553600 -141472971.86170787 -35761302.970722936 -1802478.6994163166 5.9759925365302937 -30.782040501156455 -0.37116636547497484 603.97567775724508 4.728002224288426e-05 -0.00056879061293505168 -3.770055795760464e-05 0
2023 1 1 224640000 -140934149.04699373 -38415040.091270424 -1834259.0322700243 6.4961538507978709 -30.645501991405055 -0.36447352475098294 603.97441987494074 5.0177034852522626e-05 -0.00056661621989632742 -3.895413177996281e-05 0
2024 1 1 224726400 -140350543.47989112 -41056578.224822685 -1865457.0133126976 7.0125999026860741 -30.499675766287375 -0.35768654634492275 603.97316618368927 5.2964992456209584e-05 -0.00056428707374024667 -4.019652678655583e-05 0
2025 1 1 224812800 -139722483.9830415 -43685119.951899514 -1896064.6510125108 7.5251502912455699 -30.344679119622132 -0.35080871885331683 603.97191699909536 5.5637436581978674e-05 -0.00056180800097548912 -4.1427490087258524e-05 0
2026 1 1 224899200 -139050314.78060418 -46299878.152478918 -1926074.2385470292 8.0336289146529243 -30.180633141754903 -0.34384334364270913 603.97067263030101 5.8188141452604728e-05 -0.00055918406212589319 -4.2646775791964663e-05 0
2027 1 1 224985600 -138334395.12333915 -48900076.326425508 -1955478.3547694348 8.5378640492640052 -30.007662543638819 -0.33679373168552562 603.96943337960079 6.0611123386212481e-05 -0.00055642054422291864 -4.3854145099992301e-05 0
2028 1 1 225072000 -137575098.90720218 -51484948.89867685 -1984269.8649039436 9.0376884207576431 -29.825895479998756 -0.32966320045655928 603.96819954205216 6.2900644292839767e-05 -0.00055352294672486374 -4.5049368369427581e-05 0
2029 1 1 225158400 -136772814.28613284 -54053741.509125262 -2012441.9209758625 9.532939267444883 -29.635463371957645 -0.32245507089428821 603.9669714050865 6.5051220456921948e-05 -0.00055049697111547355 -4.6232221471986604e-05 0
2030 1 1 225244800 -135927943.27970678 -56605711.287164763 -2039987.9619820523 10.023458395838347 -29.436500729492973 -0.31517266443135156 603.9657492481175 6.7057630725737282e-05 -0.00054734850642023682 -4.7402488943163448e-05 0
2031 1 1 225331200 -135040901.37631747 -59140127.110903569 -2066901.7138079633 10.509092228593156 -29.229144974080249 -0.30781930009827607 603.96453334214698 6.8914918947426249e-05 -0.00054408361781575797 -4.8559962350063815e-05 0
2032 1 1 225417600 -134112117.13254112 -61656269.851073772 -2093177.188897714 10.989691844947833 -29.013536261867966 -0.30039829170361543 603.96332394936769 7.0618401455840515e-05 -0.00054070853467182601 -4.9704438944427955e-05 0
2033 1 1 225504000 -133142031.76932605 -64153432.599698082 -2118808.6856839648 11.46511301380969 -28.789817307715339 -0.29291294509417559 603.96212132276344 7.2163671021208264e-05 -0.00053722963591551552 -5.0835724658588558e-05 0
2034 1 1 225590400 -132131098.76563588 -66630920.883602202 -2143790.7877846477 11.935216219643058 -28.558133210410588 -0.28536655549820694 603.96092570570261 7.3546600482921406e-05 -0.00053365344031626309 -5.1953632151323626e-05 0
2035 1 1 225676800 -131079783.45016044 -69088052.862888217 -2168118.3629737948 12.399866681332579 -28.31863127937347 -0.27776240495367083 603.95973733152516 7.4763345800577181e-05 -0.00052998659282120681 -5.3057978118333273e-05 0
2036 1 1 225763200 -129988562.59169398 -71524159.514509335 -2191786.561933958 12.858934364205878 -28.071460863130188 -0.27010375982438528 603.95855642313234 7.5810348407249917e-05 -0.00052623584838320072 -5.4148587262825158e-05 0
2037 1 1 225849600 -128857923.98876312 -73938584.801111862 -2214790.8167978972 13.312293985411404 -27.816773179835064 -0.26239386840622442 603.95738319256611 7.6684338977744094e-05 -0.00052240806426684199 -5.5225291883483015e-05 0
2038 1 1 225936000 -127688366.05906959 -76330685.825331315 -2237126.839487372 13.759825012856819 -27.554721150097283 -0.25463595862447486 603.95621784057812 7.7382336452240511e-05 -0.00051851018562527938 -5.628792925364512e-05 0
2039 1 1 226022400 -126480397.4292956 -78699832.969753519 -2258790.6198569839 14.201411657922398 -27.285459232354956 -0.24683323582385122 603.95506055619887 7.7901649500228108e-05 -0.00051454923137116506 -5.7336342455473689e-05 0
2040 1 1 226108800 -125234536.52579938 -81045410.022770748 -2279778.4236511178 14.636942862172278 -27.009143261023791 -0.23898888065249671 603.95391151630008 7.8239879046349215e-05 -0.0005105322831442001 -5.8370380640765637e-05 0
2041 1 1 226195200 -123951311.16671005 -83366814.290580451 -2300086.7902821605 15.066312278292346 -26.725930287631744 -0.23110604704066806 603.9527708851449 7.8394915766016196e-05 -0.00050646647498538014 -5.9389898834912881e-05 0
2042 1 1 226281600 -122631258.15591042 -85663456.695594952 -2319712.5304381708 15.489418245489524 -26.435978425134618 -0.22318786027461204 603.95163881393239 7.8364939495848845e-05 -0.00050235897902763354 -6.0394757760256945e-05 0
2043 1 1 226368000 -121274922.87937599 -87934761.861543387 -2338652.7235282776 15.906163759592205 -26.139446695592191 -0.21523741516591116 603.95051544033652 7.8148418453432127e-05 -0.00049821699318156195 -6.138482367655633e-05 0
2044 1 1 226454400 -119882858.90431733 -90180168.185564369 -2356904.7149740057 16.316456438094914 -25.836494881368822 -0.20725777431623621 603.94940088803742 7.7744107275910953e-05 -0.00049404773216803319 -6.2359967268074993e-05 0
2045 1 1 226540800 -118455627.58155245 -92399127.897599936 -2374466.1133548226 16.720208480393236 -25.527283380007233 -0.19925196647736537 603.94829526624505 7.715104535373728e-05 -0.00048985841308113324 -6.332006453479447e-05 0
2046 1 1 226627200 -116993797.65151316 -94591107.107413858 -2391334.7874160698 17.117336623456559 -25.211973062908154 -0.19122298500624429 603.94719866921173 7.6368553233884808e-05 -0.00048565624634487603 -6.4264998115744061e-05 0
2047 1 1 226713600 -115497944.85427032 -96755585.839569211 -2407508.8629475031 17.507762093187438 -24.890725137934727 -0.18317378641406859 603.94611117574595 7.5396230727004201e-05 -0.00048144842422414202 -6.5194654032096384e-05 0
2048 1 1 226800000 -113968651.54393794 -98892058.056707427 -2422986.7195404964 17.891410551716238 -24.563701016044945 -0.1751072890085025 603.94503284871087 7.4233952078532636e-05 -0.00047724211101603107 -6.610892273426802e-05 0
2049 1 1 226886400 -112406506.30779867 -101000031.67148252 -2437766.9872319289 18.268212040879028 -24.231062182041757 -0.16702637162828221 603.94396373452435 7.2881863726316037e-05 -0.00047304443122306414 -6.7007699431822332e-05 0
2050 1 1 226972800 -110812103.59046835 -103079028.54750833 -2451848.5430426919 18.638100922125162 -23.892970069516281 -0.15893387246896698 603.94290386265038 7.1340376853361347e-05 -0.0004688624622283943 -6.7890885189063341e-05 0
2051 1 1 227059200 -109186043.32339774 -105128584.48968437 -2465230.5074186195 19.001015813099283 -23.549585940046619 -0.15083258799821991 603.94185324509044 6.9610166572943975e-05 -0.00046470322078143487 -6.8758384649203014e-05 0
2052 1 1 227145600 -107528930.55998911 -107148249.22426988 -2477912.2405815152 19.356899521139134 -23.201070766701104 -0.14272527195915313 603.94081187587597 6.7692165299563847e-05 -0.00046057365611103289 -6.9610107899503506e-05 0
2053 1 1 227232000 -105841375.11658289 -109137586.36908048 -2489893.338797803 19.705698973927312 -22.847585121883839 -0.13461463445995481 603.93977973055564 6.5587557825079091e-05 -0.00045648064272044164 -7.0445967162977751e-05 0
2054 1 1 227318400 -104123991.21955034 -111096173.39418268 -2501173.6305721938 20.047365147531043 -22.489289069546654 -0.12650334114798389 603.93875676569166 6.3297774085959246e-05 -0.00045243096886313385 -7.1265878883885987e-05 0
2055 1 1 227404800 -102377397.15870878 -113023601.57346478 -2511753.1727735782 20.381852992059809 -22.126342061781401 -0.11839401246669182 603.93774291836019 6.0824486512531893e-05 -0.00044843132926465629 -7.2069763776194489e-05 0
2056 1 1 227491200 -100602214.94725396 -114919475.92746276 -2521632.2467002203 20.709121355165735 -21.758902839795557 -0.11028922299311791 603.93673810566554 5.8169601188531559e-05 -0.00044448831749618542 -7.285754651313913e-05 0
2057 1 1 227577600 -98799069.988388062 -116783415.15781976 -2530811.3540911023 21.029132903605451 -21.387129339263435 -0.10219150085376315 603.93574222426855 5.5335252667998697e-05 -0.00044060841655749487 -7.3629154967576609e-05 0
2058 1 1 227664000 -96968590.748800278 -118615051.57375607 -2539291.2130901245 21.341854043077767 -21.011178600036121 -0.094103327216802479 603.93475514993099 5.2323798229427978e-05 -0.00043679799459645619 -7.4384521815532012e-05 0
2059 1 1 227750400 -95111408.439140603 -120414031.01092544 -2547072.7541696364 21.647254836544313 -20.631206680183887 -0.086027135858248838 603.93377673708687 4.9137810080693512e-05 -0.0004330632969404537 -7.5123582522321821e-05 0
2060 1 1 227836800 -93228156.701608837 -122180012.74303091 -2554157.1160196001 21.945308921234151 -20.24736857433604 -0.077965312799569697 603.93280681844374 4.578006947925833e-05 -0.00042941043983272002 -7.5846275187995565e-05 0
2061 1 1 227923200 -91319471.304764569 -123912669.38656896 -2560545.6414084351 22.235993424527155 -19.85981813627529 -0.069920196014623251 603.93184520462103 4.2253558726817976e-05 -0.00042584540366063779 -7.6552541524706785e-05 0
2062 1 1 228009600 -89385989.845645934 -125611686.79906817 -2566239.873021476 22.519288878903566 -19.468708005736463 -0.061894075203496733 603.93089168383256 3.8561454784052057e-05 -0.00042237402680927349 -7.7242326950577943e-05 0
2063 1 1 228096000 -87428351.459271237 -127276763.97118248 -2571241.5492826626 22.795179136140863 -19.074189539352325 -0.053889191630645088 603.92994602162094 3.4707123047434158e-05 -0.00041900200147022094 -7.7915579898427782e-05 0
2064 1 1 228182400 -85447196.535579607 -128907612.91299553 -2575552.600164942 23.063651280931083 -18.676412745683017 -0.045907738024833597 603.92900796065362 3.0694108642950276e-05 -0.00041573486811916972 -7.8572251637238613e-05 0
2065 1 1 228268800 -83443166.443854213 -130503958.53488502 -2579175.1429946157 23.324695544085067 -18.275526224259806 -0.037951858538377251 603.92807722057944 2.6526130585620862e-05 -0.00041257801226185048 -7.9212295579045072e-05 0
2066 1 1 228355200 -81416903.264657259 -132065538.52329159 -2582111.4782546195 23.578305215482604 -17.871677108568182 -0.030023648763331048 603.92715349797106 2.2207071668690262e-05 -0.00040953665747990982 -7.9835668945847782e-05 0
2067 1 1 228441600 -79369049.529290974 -133592103.21172832 -2584364.085391595 23.8244765569201 -17.46501101289104 -0.022125155802084559 603.92623646634888 1.7740972669295269e-05 -0.00040661586310045941 -8.0442331529340778e-05 0
2068 1 1 228528000 -77300247.966787994 -135083415.44736186 -2585935.6186312991 24.063208715000496 -17.05567198292831 -0.014258378389689581 603.92532577629981 1.313202680919697e-05 -0.00040382052022807334 -8.1032245379130663e-05 0
2069 1 1 228614400 -75211141.258421302 -136539250.4534865 -2586828.9028067435 24.294503634202226 -16.643802450105177 -0.006425267065684491 603.92442105570001 8.3845697376034915e-06 -0.00040115534778959589 -8.1605376227565163e-05 0
2070 1 1 228700800 -73102371.799712464 -137959395.68820688 -2587046.9292032155 24.518365970256596 -16.229543189478481 0.001372275607152369 603.92352191004852 3.5030723199098727e-06 -0.00039862489228121 -8.2161691938842664e-05 0
2071 1 1 228787200 -70974581.469906524 -139343650.6996358 -2586592.8514241548 24.734803003956486 -15.813033281147018 0.0091323947796828776 603.92262792291422 -1.507866601266465e-06 -0.00039623352191601747 -8.2701162398909553e-05 0
2072 1 1 228873600 -68828411.408870712 -140691826.9779059 -2585469.9812815739 24.943824555511807 -15.394410075069368 0.016853283011157377 603.92173865651841 -6.6435263075051381e-06 -0.00039398542497968135 -8.3223759837170952e-05 0
2073 1 1 228960000 -66664501.801365599 -142003747.80428505 -2583681.784714614 25.145442899559775 -14.973809159191209 0.024533179924202581 603.92085365243724 -1.1899072718732173e-05 -0.00039188460774784999 -8.3729458802087967e-05 0
2074 1 1 229046400 -64483491.668627091 -143279248.09767732 -2581231.8777395184 25.339672680931585 -14.551364330781848 0.032170371822295721 603.91997243244191 -1.7269566132974596e-05 -0.00038993489403071235 -8.4218237229748038e-05 0
2075 1 1 229132800 -62286018.667190455 -144518174.25878286 -2578124.0224342109 25.526530831269898 -14.127207570878694 0.039763191272214303 603.91909449946911 -2.2749968027817128e-05 -0.0003881399230823597 -8.4690074015042742e-05 0
2076 1 1 229219200 -60072718.894878216 -145720384.01217964 -2574362.1229603733 25.706036486585528 -13.701469021736964 0.047310016653608164 603.91821933872541 -2.83351476860397e-05 -0.00038650314750437618 -8.5144951062825265e-05 0
2077 1 1 229305600 -57844226.703867964 -146885746.2465837 -2569950.2216257914 25.878210905834624 -13.274276967181681 0.054809271677697093 603.9173464189231 -3.4019889701366502e-05 -0.00038502783286953286 -8.5582852829703621e-05 0
2078 1 1 229392000 -55601174.520748101 -148014140.85353309 -2564892.494989526 26.04307739059168 -12.845757815758725 0.062259424877490879 603.91647519363767 -3.9798901735770825e-05 -0.00038371705821001423 -8.6003765376025914e-05 0
2079 1 1 229478400 -53344192.673464112 -149105458.56473285 -2559193.2500123051 26.200661205887425 -12.416036086581332 0.06965898907148263 603.9156051027818 -4.5666821264672567e-05 -0.00038257371419972501 -8.6407677122523675e-05 0
2080 1 1 229564800 -51073909.225051656 -150159600.78829077 -2552856.9202543148 26.350989502275024 -11.985234397768533 0.077006520802853973 603.91473557418442 -5.1618221534975497e-05 -0.00038160050285585505 -8.6794577765199218e-05 0
2081 1 1 229651200 -48790949.814048089 -151176479.44406193 -2545888.0621224227 26.494091239182126 -11.553473457373082 0.084300619756062345 603.91386602526336 -5.7647619040682395e-05 -0.00038079993831234056 -8.7164460017703462e-05 0
2082 1 1 229737600 -46495937.501468919 -152156016.79831326 -2538291.351168735 26.629997109600595 -11.120872056696594 0.091539928152716721 603.91299586477362 -6.3749478951721791e-05 -0.00038017434679970597 -8.7517318315426571e-05 0
2083 1 1 229824000 -44189492.624231681 -153098145.29791006 -2530071.5784421712 26.758739466160705 -10.687547065890641 0.0987231301287399 603.91212449461341 -6.9918224037180833e-05 -0.00037972586687880195 -8.7853148720334862e-05 0
2084 1 1 229910400 -41872232.654905401 -154002807.40421772 -2521233.6468945844 26.880352248631254 -10.253613431743835 0.10584895109438394 603.91125131167507 -7.6148239409987037e-05 -0.0003794564515346207 -8.8171949849798784e-05 0
2085 1 1 229996800 -39544772.067661412 -154869955.42690319 -2511782.5678428714 26.9948709128827 -9.8191841775559165 0.11291615707891385 603.91037570971446 -8.2433877892175854e-05 -0.00037936786682243515 -8.8473721653689488e-05 0
2086 1 1 230083200 -37207722.210297197 -155699551.35781181 -2501723.4574882998 27.102332361344857 -9.384370405001393 0.11992355406157999 603.90949708122412 -8.876946809510634e-05 -0.00037946169414573248 -8.8758466572851283e-05 0
2087 1 1 230169600 -34861691.182203211 -156491566.70508811 -2491061.5334941745 27.202774874987067 -8.9492812978872163 0.12686998729042798 603.90861481929039 -9.5149319301503457e-05 -0.00037973933173497134 -8.9026188617592381e-05 0
2088 1 1 230256000 -32507283.718139935 -157245982.32769954 -2479802.1116228225 27.29623804684374 -8.5140241277103268 0.133754340590575 603.90772831940865 -0.00010156772752945741 -0.00038020199636771412 -8.9276893327033918e-05 0
2089 1 1 230342400 -30145101.077690862 -157962788.27051464 -2467950.6024327544 27.382762717104985 -8.0787042609226187 0.14057553566326175 603.9068369812469 -0.0001080189815062121 -0.00038085072323948465 -8.9510588464470175e-05 0
2090 1 1 230428800 -27775740.940255489 -158641983.60007939 -2455512.5080367392 27.462390909787288 -7.6434251678132377 0.14733253137711147 603.90594021033701 -0.00011449736758778596 -0.00038168636856624589 -8.9727283560616194e-05 0
2091 1 1 230515200 -25399797.305445332 -159283576.24122846 -2442493.4189213864 27.535165770996382 -7.2082884329201251 0.15402432305298974 603.90503741967802 -0.00012099717562768638 -0.00038270961281995907 -8.992698986546918e-05 0
2092 1 1 230601600 -23017860.398744769 -159887582.81465757 -2428899.0108287646 27.601131508790228 -6.7733937668845625 0.1606499417436702 603.90412803123729 -0.00012751270424437436 -0.00038392096117305732 -9.0109720575247583e-05 0
2093 1 1 230688000 -20630516.582298588 -160454028.47558066 -2414735.041700426 27.660333334647536 -6.3388390196647117 0.16720845350952801 603.9032114773463 -0.00013403826542376972 -0.00038532074615586971 -9.0275490669357709e-05 0
2094 1 1 230774400 -18238348.270687096 -160982946.75358358 -2400007.3486841461 27.712817406543639 -5.9047201950265613 0.17369895869144134 603.9022872019749 -0.00014056819021051925 -0.00038690912940253253 -9.0424316746641232e-05 0
2095 1 1 230860800 -15841933.851550059 -161474379.39378285 -2384721.8452035654 27.758630773632976 -5.4711314662329427 0.18012059118195975 603.90135466188224 -0.00014709683301699673 -0.00038868610456270627 -9.0556217247275296e-05 0
2096 1 1 230947200 -13441847.610920873 -161928376.19938868 -2368884.5180908414 27.797821322534563 -5.0381651928535218 0.18647251769576881 603.90041332764474 -0.00015361857653449097 -0.00039065149962288126 -9.0671212335994842e-05 0
2097 1 1 231033600 -11038659.663132509 -162344994.87576541 -2352501.4247823181 27.830437725214679 -4.6059119386210901 0.19275393704045951 603.89946268454923 -0.00016012783642603749 -0.00039280497936735481 -9.0769323767220334e-05 0
2098 1 1 231120000 -8632935.8851578124 -162724300.87607855 -2335578.6905771676 27.85652938845816 -4.1744604902617786 0.19896407938852417 603.898502233366 -0.00016661906528335087 -0.00039514604791802385 -9.0850574834444882e-05 0
2099 1 1 231206400 -6225237.8552470841 -163066367.24860734 -2318122.5059588356 27.876146404918064 -3.7438978772292812 0.20510220555137498 603.89753149099613 -0.00017308675702160843 -0.00039767405190596855 -9.0914991105616797e-05 0
2100 1 1 231292800 -3816122.7957273736 -163371274.48579928 -2300139.1239791079 27.88933950573108 -3.3143093922756224 0.21116760625623934 603.8965499909956 -0.00017952545071637244 -0.0004003881833120338 -9.0962599907431661e-05 0
2101 1 1 231379200 -1406143.5198285601 -163639110.37513572 -2281634.8577044853 27.896160014684398 -2.8857786127930196 0.21715960142683055 603.89555728399557 -0.00018592973436548134 -0.00040328748096705628 -9.099342962578364e-05 0
2102 1 1 231465600 1004151.6175969826 -163869969.85187289 -2262616.0777245285 27.896659803917938 -2.458387422864234 0.22307753946836201 603.89455293800768 -0.00019229425008051936 -0.000406370834762226 -9.1007510891559829e-05 0
2103 1 1 231552000 3414218.7655931106 -164063954.85371536 -2243089.2097217627 27.890891251144556 -2.0322160359610133 0.22892079655759381 603.89353653863418 -0.00019861369536734624 -0.0004096369889256316 -9.100487581447327e-05 0
2104 1 1 231638400 5823518.6189873619 -164221174.1774779 -2223060.732102687 27.878907198369209 -1.6073430182324131 0.23468877593856488 603.89250768918498 -0.00020488282823505132 -0.00041308454478425208 -9.0985558798623148e-05 0
2105 1 1 231724800 8231516.4567757659 -164341743.33778173 -2202537.1736893593 27.860760912086597 -1.1838453123271058 0.24038090722469369 603.89146601071366 -0.00021109647131166266 -0.00041671196346253523 -9.0949594665480865e-05 0
2106 1 1 231811200 10637682.177131832 -164425784.42783141 -2181525.1114709843 27.836506044936225 -0.76179826169606624 0.24599664570768842 603.89041114197994 -0.00021724951233807182 -0.00042051756802380667 -9.089702070787413e-05 0
2107 1 1 231897600 13041490.329164704 -164473425.98230895 -2160031.1684149075 27.806196598792365 -0.34127563532455502 0.25153547167364493 603.88934273934467 -0.00022333691005387834 -0.00042449954881640265 -9.0827876178391724e-05 0
2108 1 1 231984000 15442420.141549436 -164484802.84242263 -2138062.0113363639 27.769886889265376 0.077650347155732283 0.25699688972707235 603.88826047660643 -0.00022935369559460515 -0.00042865596544770069 -9.0742201273346208e-05 0
2109 1 1 232070400 17839955.54815026 -164460056.02313972 -2115624.3488262733 27.727631511590626 0.49490899002156702 0.26238042812310186 603.88716404478987 -0.00023529497472479143 -0.00043298474917539292 -9.0640038508774199e-05 0
2110 1 1 232156800 20233585.210755765 -164399332.58263054 -2092724.9292363732 27.679485307879901 0.91043109572462755 0.26768563810818602 603.88605315188806 -0.00024115593168986646 -0.00043748370861246982 -9.052143267728927e-05 0
2111 1 1 232243200 22622802.53904248 -164302785.49394718 -2069370.5387209249 27.625503335709805 1.3241489389123728 0.27291209326982818 603.88492752257014 -0.00024693183153213339 -0.00044215053066261486 -9.0386430007611019e-05 0
2112 1 1 232329600 25007105.707881339 -164170573.5189549 -2045567.9993341991 27.565740838021153 1.7359962402442628 0.27805938889580539 603.88378689785736 -0.00025261802403223977 -0.00044698278439917659 -9.0235076505743519e-05 0
2113 1 1 232416000 27385997.672099199 -164002861.08453456 -2021324.1671829105 27.500253214303406 2.1459081400417137 0.28312714134289002 603.88263103477675 -0.0002582099419061018 -0.00045197792594910266 -9.0067420653434872e-05 0
2114 1 1 232502400 29758986.178805146 -163799818.16106683 -1996645.9306327852 27.429095993037077 2.5538211718089463 0.28811498741511454 603.88145970599362 -0.00026370310651690907 -0.00045713329903620278 -8.9883514229779262e-05 0
2115 1 1 232588800 32125583.777389266 -163561620.1432083 -1971540.2085684135 27.35232480536682 2.9596732356597726 0.29302258375223739 603.88027269943063 -0.00026909313029176824 -0.00046244613900029894 -8.9683410146469266e-05 0
2116 1 1 232675200 34485307.827298924 -163288447.73296708 -1946013.9487054844 27.269995359978761 3.3634035716831345 0.29784960622860629 603.87906981787773 -0.00027437571381284053 -0.00046791357727844632 -8.9467163066727468e-05 0
2117 1 1 232761600 36837680.503695562 -162980486.82508031 -1920074.1259545118 27.182163419154083 3.7649527332789612 0.30259574936254829 603.87785087859174 -0.00027954665450256416 -0.00047353264401951754 -8.9234828016953484e-05 0
2118 1 1 232848000 39182228.801092207 -162637928.3946963 -1893727.7408351237 27.088884775971596 4.1642625604938823 0.30726072573628294 603.87661571289152 -0.0002846018439924251 -0.00047930027377048159 -8.8986462985842242e-05 0
2119 1 1 232934400 41518484.535292767 -162260968.38700524 -1866981.8178748027 26.990215238156193 4.5612761621736411 0.31184426704407631 603.87536432743389 -0.00028953727017562507 -0.00048521330419481009 -8.8722127230104214e-05 0
2120 1 1 233020800 43845984.341327779 -161849807.61263451 -1839843.4046972475 26.886210527430329 4.9559377619751279 0.31634610001282076 603.8740945597533 -0.00029527568274544965 -0.00049274262267996912 -8.871322305874849e-05 0
2121 1 1 233107200 46164269.664839908 -161404651.65295583 -1812319.5725592363 26.776926311201795 5.3481927546525041 0.32076596145504516 603.87280359527199 -0.00030135567779334982 -0.00050115144076522339 -8.8813094359606762e-05 0
2122 1 1 233193600 48472886.755897611 -160925710.76156566 -1784417.4154771401 26.662418065319649 5.7379874764273264 0.32510356950495478 603.87148431930291 -0.00030995160556247152 -0.00051405999763943101 -8.9584083628378204e-05 0
2123 1 1 233280000 50771386.650625698 -160413199.78574589 -1756144.0521796071 26.542741214576246 6.1252694423682712 0.32935866463596492 603.87013009044881 -0.000318649043900202 -0.00052747442153029569 -9.0363560149765346e-05 0
2124 1 1 233366400 53059325.181488559 -159867338.04019389 -1727506.6201227878 26.417951295084606 6.5099876163252812 0.3335310555940465 603.86874011229122 -0.0003275063299088745 -0.00054150825400485362 -9.1166078466062465e-05 0
2125 1 1 233452800 55336262.974409722 -159288349.20260355 -1698512.2728514839 26.288103732946123 6.8920920432158299 0.3376205624075041 603.86731323016227 -0.00033641978654733737 -0.00055600429399957113 -9.1965590425816505e-05 0
2126 1 1 233539200 57601765.439809017 -158676461.21941775 -1669168.1787365973 26.153253849495723 7.2715338560814331 0.3416270211377323 603.86584852618807 -0.00034538240331588035 -0.00057096820978936441 -9.2761055101934952e-05 0
2127 1 1 233625600 59855402.762489453 -158031906.21370623 -1639481.5197311111 26.013456839439026 7.6482652366518531 0.34555028127053844 603.86434506844432 -0.00035438413358732985 -0.0005864010132219401 -9.3550769864882019e-05 0
2128 1 1 233712000 62096749.890179716 -157354920.39558858 -1609459.4902208336 25.868767758934204 8.0222393913575676 0.34939020544465227 603.86280193525886 -0.00036341455619697883 -0.00060230344146583394 -9.433307384220723e-05 0
2129 1 1 233798400 64325386.521044768 -156645743.97478673 -1579109.2959082953 25.719241513717037 8.3934105262183358 0.35314666898335983 603.86121821496965 -0.00037246310371489839 -0.00061867631471746094 -9.5106370341206304e-05 0
2130 1 1 233884800 66540897.09020377 -155904621.07534045 -1548438.1527371136 25.564932847967086 8.7617338218286029 0.35681955942059906 603.85959300299987 -0.00038152010931539229 -0.00063552227867119345 -9.5869351395968977e-05 0
2131 1 1 233971200 68742870.755318463 -155131799.65247762 -1517453.2858572372 25.405896333982987 9.1271654086089828 0.36040877604060834 603.85792539906549 -0.00039057567487696008 -0.00065284385832239543 -9.6620727109875761e-05 0
2132 1 1 234057600 70930901.381331354 -154327531.41159809 -1486161.928627766 25.24218636281002 9.4896623426194555 0.36391422946698182 603.85621450962094 -0.0003996187803465701 -0.00067064190309674542 -9.735903605849888e-05 0
2133 1 1 234144000 73104587.524428144 -153492071.72933227 -1454571.3216545964 25.07385713559934 9.8491825816107035 0.3673358412560227 603.85445944953494 -0.00040863842516366156 -0.00068891748414344207 -9.8082893842634864e-05 0
2134 1 1 234230400 75263532.415280342 -152625679.57666564 -1422688.7118637867 24.900962655627495 10.205684961241056 0.37067354348472425 603.85265934151494 -0.00041762337137548684 -0.00070767141758802578 -9.8790932353809779e-05 0
2135 1 1 234316800 77407343.941632152 -151728617.44410035 -1390521.3516095204 24.723556721085792 10.559129171691492 0.37392727836191592 603.85081331731794 -0.00042656179351069487 -0.00072690362993020423 -9.948172430164609e-05 0
2136 1 1 234403200 79535634.630294874 -150801151.26882309 -1358076.4978150704 24.541692918559978 10.909475734589385 0.37709699784957312 603.84892051898089 -0.00043544162549807993 -0.00074661370099622323 -0.00010015385835786826 0
2137 1 1 234489600 81648021.629358381 -149843550.36254665 -1325361.4109777492 24.355424635827319 11.256686012671523 0.38018266747090151 603.84698067944475 -0.00044425050911260644 -0.00076680072783267585 -0.00010080592452492883 0
2138 1 1 234576000 83744126.683894664 -148856087.35174432 -1292383.355564886 24.164804819085674 11.600721775414016 0.38318421252371765 603.84498675764473 -0.00045610792700707091 -0.00079290826513168055 -0.00010213790405382922 0
2139 1 1 234662400 85823576.079110727 -147839038.17603809 -1259149.607554158 23.969885592565031 11.941544509207937 0.38610143665624319 603.84291307951082 -0.00047500490161573379 -0.00083207302885198245 -0.00010500655556971896 0
2140 1 1 234748800 87886000.592777148 -146792682.0732429 -1225667.4595401438 23.770719100245156 12.279116855152902 0.38893421243567089 603.84074146986381 -0.00049393041305071598 -0.00087224788546561309 -0.00010782464212555927 0
2141 1 1 234835200 89931035.52997078 -145717301.422362 -1191944.2075095586 23.567357820209633 12.613403151745485 0.39168254875679726 603.83847127119975 -0.00051284564516675081 -0.00091341946452808424 -0.0001105872560420795 0
2142 1 1 234921600 91958320.717906579 -144613181.65642336 -1157987.1467577682 23.359853955835003 12.944368366777788 0.39434645329864471 603.83610060176682 -0.00053171182319874998 -0.00095557368617132563 -0.00011328972193253692 0
2143 1 1 235008000 93967500.484013885 -143480611.20569849 -1123803.5715741669 23.148259475034806 13.271978148403564 0.39692594161207928 603.83362764049525 -0.00055049028709719264 -0.00099869576612982036 -0.00011592759032935605 0
2144 1 1 235094400 95958223.635511324 -142319881.43980011 -1089400.7745765487 22.93262610846028 13.596198804803587 0.39942103678586333 603.83105062725713 -0.0005691425335889248 -0.0010427701742563168 -0.00011849663306781525 0
2145 1 1 235180800 97930143.438847631 -141131286.6115216 -1054786.0460738747 22.713005348205382 13.916997284202543 0.40183176912357671 603.82836786312873 -0.00058763027827962375 -0.0010877806115810954 -0.00012099282820398439 0
2146 1 1 235267200 99882917.599052012 -139915123.8023878 -1019966.6734564526 22.489448447001362 14.234341155240214 0.40415817583208036 603.82557771069082 -0.00060591547383999193 -0.0011337099541390316 -0.00012341234592942442 0
2147 1 1 235353600 101816208.23903564 -138671692.8698861 -984949.94061256642 22.262006417885718 14.548198587698764 0.40640030072053279 603.82267859438127 -0.00062396035953451718 -0.0011805402256998214 -0.00012575154339883378 0
2148 1 1 235440000 103729681.87888421 -137401296.39634776 -949743.12737067475 22.030730034328034 14.858538333585088 0.40855819390962173 603.81966900085922 -0.00064172749877602724 -0.0012282525654530943 -0.000128006953709472 0
2149 1 1 235526400 105623009.41518088 -136104239.63944808 -914353.50896628329 21.795669830799199 15.165329708568821 0.41063191155112572 603.81654747940513 -0.00065917980956006175 -0.0012768272013625032 -0.00013017527805192928 0
2150 1 1 235612800 107495866.10057932 -134780830.48393732 -878788.35549696255 21.556876108300877 15.468542582649176 0.41262151644167144 603.81331279631343 -0.00067628059022686708 -0.0013262433872548521 -0.00013225337482272048 0
2151 1 1 235699200 109347931.52253638 -133431379.39674531 -843054.93158691947 21.314398890974811 15.76814727543405 0.41452706896606906 603.80996242476522 -0.00069375350290728653 -0.0013779671357722076 -0.00013438652740283623 0
2152 1 1 235785600 111178889.56909379 -132056199.4095252 -807160.49860882596 21.068287644912836 16.064113973551098 0.41634857235110195 603.80648278113108 -0.00071468723128632081 -0.0014382329425261012 -0.00013717235800446778 0
2153 1 1 235872000 112988428.38742369 -130655606.1183853 -771112.31830333616 20.818591667571869 16.356413462736189 0.41808604832117124 603.80286225776126 -0.00073531785937971884 -0.0014998384043671284 -0.00013987419910918721 0
2154 1 1 235958400 114776240.38798852 -129229917.59644355 -734917.64753737231 20.565360204660532 16.645017329989702 0.41973956025122366 603.79909503792464 -0.00075768975487824366 -0.0015670941217691011 -0.00014286630874826362 0
2155 1 1 236044800 116542022.20237187 -127779454.40196449 -698583.74181133672 20.308641640822625 16.929896281834402 0.42130906209054408 603.79515247642746 -0.00078704257408119594 -0.0016512726579967398 -0.00014708413825435045 0
2156 1 1 236131200 118285474.62621984 -126304539.62109417 -662117.86152471846 20.048484291192821 17.211021734734125 0.42279454224790924 603.79101072746266 -0.00081625333643546474 -0.0017379671652004273 -0.00015122945411105015 0
2157 1 1 236217600 120006302.65293594 -124805498.72444502 -625527.26190628379 19.784936830509917 17.488366703460528 0.42419609885837839 603.78666616175246 -0.00084535493745523105 -0.0018273933130658786 -0.00015531304475903214 0
2158 1 1 236304000 121704215.46900654 -123282659.5033274 -588819.19009225862 19.518047639595441 17.761904434041522 0.4255138199072736 603.78211215397414 -0.00087479818757263536 -0.0019207046714893399 -0.00015941603940092844 0
2159 1 1 236390400 123378926.42710747 -121736352.05474946 -552000.8862685482 19.247864764051197 18.03160827233685 0.4267477759212866 603.77733715668148 -0.00090556500744323352 -0.0020203201725949435 -0.00016370903951801557 0
2160 1 1 236476800 125030153.02105828 -120166908.76560953 -515079.5845338509 18.974436080798064 18.297452000441353 0.42789804794993508 603.77233066324948 -0.00093615650435273888 -0.0021231643280194903 -0.00016793402638038039 0
2161 1 1 236563200 126657616.87950005 -118574664.25765927 -478062.51061734097 18.697809392465178 18.559410025771342 0.42896474256219969 603.76708663242437 -0.00096644503590616966 -0.0022291340341812015 -0.00017207349017362089 0
2162 1 1 236649600 128261043.75302128 -116959955.34856024 -440956.8808520005 18.418032312778454 18.817457107463728 0.42994797066254281 603.76159907280737 -0.00099633454729625127 -0.0023381935088207031 -0.00017611573154425458 0
2163 1 1 236736000 129840163.49664769 -115323121.02554581 -403769.9020443245 18.135152223515217 19.071568225233072 0.43084783923800885 603.75586007980121 -0.001026342868478186 -0.0024517798997371618 -0.00018015183288189364 0
2164 1 1 236822400 131394710.05001821 -113664502.42714831 -366508.77182231494 17.849216323320086 19.321718664970632 0.43166445848184964 603.74986149655444 -0.0010558620174541027 -0.0025686802220325797 -0.00018408377762525277 0
2165 1 1 236908800 132924421.42578644 -111984442.80793162 -329180.67770031991 17.56027168391622 19.56788412529184 0.43239795001754061 603.74359691007203 -0.0010848099562852079 -0.0026889023033709976 -0.00018790280262802268 0
2166 1 1 236995200 134429039.69634831 -110283287.50935632 -291792.79653432278 17.268365210542562 19.810040598607909 0.43304843898106421 603.73705986269908 -0.00111310167215102 -0.0028124468357353166 -0.0001915998567255195 0
2167 1 1 237081600 135908310.97934037 -108561383.93599559 -254352.2942885574 16.973543633106758 20.048164318237944 0.43361605139615111 603.73024318036494 -0.0011408851568067791 -0.0029399191143648982 -0.00019520393946883242 0
2168 1 1 237168000 137361985.42191473 -106819081.53759348 -216866.32610386889 16.675853501454796 20.282231713119124 0.43410091222884156 603.72313842684116 -0.0011681928589312139 -0.0030716678844383417 -0.00019872472944608714 0
2169 1 1 237254400 138789817.1870324 -105056731.78881244 -179342.03614045214 16.375341235390241 20.512219505404747 0.43450315227725306 603.71573771055296 -0.0011946572037846977 -0.0032069895902954201 -0.00020210746524952096 0
2170 1 1 237340800 140191564.44365191 -103274688.1613936 -141786.55690065102 16.072053140796257 20.738104724662925 0.43482290944301555 603.70803409741825 -0.0012201868368267052 -0.0033458833534069669 -0.00020534270453900153 0
2171 1 1 237427200 141566989.35587886 -101473306.10146038 -104207.00883705229 15.766035393469203 20.959864636699287 0.43506032476418077 603.70002061098626 -0.0012446876124725366 -0.0034883402204369126 -0.00020842074312533719 0
2172 1 1 237513600 142915858.07214805 -99652943.00932534 -66610.500070934999 15.457334048811372 21.17747673830559 0.43521554264289924 603.69169031862612 -0.0012680626858613954 -0.0036343425404855487 -0.00021133160551463817 0
2173 1 1 237600000 144237940.715175 -97813958.219927192 -29004.126103290408 15.145995050048933 21.390918748199219 0.43528871080722659 603.68303634902645 -0.0012902125769563831 -0.0037838631480590331 -0.00021406505982558835 0
2174 1 1 237686400 145533011.3727113 -95956712.983767569 8605.0304843566591 14.832064238745845 21.600168604959485 0.43527998060682738 603.67405201753434 -0.0013110354050361649 -0.0039368649296748458 -0.00021661066186509832 0
2175 1 1 237772800 146800848.08817568 -94081570.451216877 46209.900191982517 14.515587332126248 21.805204362261385 0.43518950208694979 603.66472928308997 -0.0013307832029848749 -0.0040944051880806428 -0.00021901351896246301 0
2176 1 1 237859200 148041232.85013381 -92188895.663540617 83803.426464256321 14.196609952458612 22.006004239906357 0.43501742722982312 603.65505973035749 -0.0013490995379032305 -0.0042557128600790211 -0.00022122317393879636 0
2177 1 1 237945600 149253951.58679238 -90279055.53188169 121378.56622032734 13.875177668914823 22.202546716824639 0.4347639150974128 603.64503622037489 -0.0013658376895170632 -0.0044206214296644937 -0.00022322249370154519 0
2178 1 1 238032000 150438794.16060135 -88352418.818700045 158928.29027504538 13.55133598334481 22.394810455469703 0.4344291281362665 603.63465179819923 -0.001380890749917105 -0.0045890801444323738 -0.00022500071682012956 0
2179 1 1 238118400 151595554.36270717 -86409356.122607023 196445.58361087801 13.225130337508137 22.582774288834113 0.43401323185474505 603.62389961530073 -0.0013941498478821778 -0.0047610260595086513 -0.00022654688907466038 0
2180 1 1 238204800 152724029.90825307 -84450239.863590315 233923.44565589409 12.896606124611658 22.766417221882932 0.4335163951526575 603.61277307855812 -0.0014055043078523869 -0.0049363830004306294 -0.0002278498510843862 0
2181 1 1 238291200 153824022.4317278 -82475444.271555573 271354.89044286159 12.565808670443344 22.945718322619552 0.43293878593751106 603.60126423109625 -0.0014151648780425408 -0.0051162394771082503 -0.00022894815635158088 0
2182 1 1 238377600 154895337.48143438 -80485345.381756738 308732.94650499197 12.232783262312694 23.120656780495608 0.43228057411297333 603.58936480806562 -0.0014227846252881427 -0.0052997196292763199 -0.00022979419842964217 0
2183 1 1 238464000 155937784.5186851 -78480321.01710847 346050.65737263922 11.897575188217244 23.291212006365122 0.43154193611841052 603.57706794548915 -0.001428219769049282 -0.0054866263587327133 -0.00023037193095952236 0
2184 1 1 238550400 156951176.91722438 -76460750.772852004 383301.08197342773 11.560229726796392 23.457363560510334 0.43072305184410781 603.56436713013318 -0.0014313568077687223 -0.0056768589910002366 -0.00023067002809637756 0
2185 1 1 238636800 157935331.96204254 -74427016.00712727 420477.29480601917 11.220792132163664 23.619091045060738 0.42982410076036265 603.55125459479734 -0.001432360257961163 -0.0058714561255128316 -0.00023072003646371832 0
2186 1 1 238723200 158890070.8473973 -72379499.838998482 457572.3858586108 10.879307654049207 23.776374133328968 0.42884526346810509 603.53772188542371 -0.0014310023042630564 -0.0060699205899739771 -0.00023049310629611998 0
2187 1 1 238809600 159815218.67827454 -70318587.137120381 494579.46092207154 10.535821565923028 23.929192632553683 0.42778672445557936 603.52376095148691 -0.0014272357989157608 -0.0062724874723468198 -0.00022998833856110811 0
2188 1 1 238896000 160710604.47201744 -68244664.511964992 531491.64179207198 10.190379160434619 24.07752641632861 0.42664866980137212 603.50936316254354 -0.0014209938817305024 -0.0064793383598821573 -0.0002292018783054604 0
2189 1 1 238982400 161576061.16057372 -66158120.309943147 568302.06642783538 9.8430257626793214 24.221355426438016 0.42543128760732024 603.49451942275391 -0.0014122018833160419 -0.0066906480220895147 -0.00022812878938881456 0
2190 1 1 239068800 162411425.59395209 -64059344.606950842 605003.88915750291 9.4938067468506819 24.360659693385557 0.42413476893783131 603.47922057218841 -0.0014007193209809327 -0.0069062936487634509 -0.00022675407610801921 0
2191 1 1 239155200 163216538.54500142 -61948729.200668067 641590.28094583948 9.1427675449931698 24.49541931957863 0.42275930751925428 603.46345719535054 -0.001386485524233277 -0.0071265498008740991 -0.00022507523485486178 0
2192 1 1 239241600 163991244.71487832 -59826667.604482137 678054.42962530057 8.7899536634791779 24.625614504511429 0.42130510064014176 603.44722008171971 -0.0013693004011018858 -0.0073509846741649397 -0.00022306809720065262 0
2193 1 1 239328000 164735392.74000055 -57693555.039146379 714389.54021356814 8.4354106858727036 24.751225493904947 0.41977234789349144 603.43049949252043 -0.0013491986120120309 -0.0075804259444980458 -0.00022074538593672797 0
2194 1 1 239414400 165448835.19854954 -55549788.432542212 750588.83501206094 8.0791842799793923 24.872232550133674 0.41816125055505604 603.41328475610612 -0.0013260151853428219 -0.0078146754997768519 -0.0002180887633833174 0
2195 1 1 239500800 166131428.61941797 -53395766.411961265 786645.55393873458 7.7213202335556028 24.988616085838622 0.4164720154745235 603.39556640790886 -0.0012995025073230307 -0.0080529782296316424 -0.00021506662457686939 0
2196 1 1 239587200 166783033.4929477 -51231889.291504972 822552.95499471156 7.361864456055442 25.100356612779795 0.41470485362397602 603.37733543459694 -0.0012696125081925803 -0.0082957421920898597 -0.00021167902403763331 0
2197 1 1 239673600 167403514.28069678 -49058559.07149981 858304.31442338566 7.0008629634353339 25.207434563505359 0.41285997584737988 603.35858054029234 -0.0012364086427816374 -0.0085442598736214966 -0.00020794462928960258 0
2198 1 1 239760000 167992739.4254773 -46876179.44406268 893892.92675254412 6.6383619087788732 25.309830398088053 0.41093759591629897 603.33928984992838 -0.0011996142638279893 -0.0087976125823091139 -0.00020382748904701546 0
2199 1 1 239846400 168550581.36522382 -44685155.780476578 929312.105295446 6.2744076200388657 25.407524787622659 0.40893793484173174 603.31945379105707 -0.0011589734459719764 -0.0090548101319983393 -0.00019929417235676984 0
2200 1 1 239932800 169076916.54820392 -42485895.114629678 964555.1827181665 5.9090466005486464 25.500498560000896 0.40686121921651447 603.29906426948548 -0.0011143314385093914 -0.0093154507611243227 -0.00019432718010123357 0
2201 1 1 240019200 169571625.44819748 -40278806.132310055 999615.51144883491 5.5423255314065623 25.588732644764686 0.40470767980530203 603.27811383124822 -0.0010655662646113615 -0.0095793184172672883 -0.00018891408944697483 0
2202 1 1 240105600 170034592.57997027 -38064299.165769942 1034486.4639737406 5.1742912717723852 25.672207970472009 0.40247754962735421 603.25659409150035 -0.0010126815230658119 -0.0098473842088324191 -0.00018306441710234746 0
2203 1 1 240192000 170465706.51453865 -35842786.200917244 1069161.4329183986 4.8049908592268471 25.750905320409831 0.40017106181874723 603.23449352160617 -0.00095567520230666449 -0.010120922808801775 -0.00017678854574332647 0
2204 1 1 240278400 170864859.89625889 -33614680.879415289 1103633.8312597605 4.4344715596062549 25.824805702901916 0.39778845637128041 603.21180318154165 -0.00089410040000053659 -0.010396416621638128 -0.00017001606458146268 0
2205 1 1 240364800 171231949.46433935 -31380398.463956337 1137897.093160585 4.0627808894104875 25.893890518532405 0.39532998237463457 603.18851929729351 -0.00082782660935227397 -0.01067299424901747 -0.00016272988921371909 0
2206 1 1 240451200 171566876.07346675 -29140355.81721447 1171944.6744972046 3.6899665995344795 25.958141333741366 0.39279589335923065 603.1646397526207 -0.00075674462501668907 -0.01094967749886327 -0.00015491487583447908 0
2207 1 1 240537600 171869544.71453941 -26894971.386100527 1205770.0532489128 3.3160766861909519 26.017539912445564 0.39018644739720149 603.14016456837396 -0.00068077140099509145 -0.011225385213331798 -0.00014655829706101853 0
2208 1 1 240624000 172139864.53624529 -24644665.183826607 1239366.7298814007 2.9411593996914589 26.072068236473712 0.38750190688586955 603.11509620437585 -0.00059985496135507078 -0.011498942875222969 -0.00013765042100505667 0
2209 1 1 240710400 172377748.86725998 -22389858.772837214 1272728.227679844 2.5652632489497997 26.121708439655517 0.384742537328843 603.08943852881146 -0.00051401993068529467 -0.011770083951483821 -0.00012819557494220653 0
2210 1 1 240796800 172583115.2388804 -20130975.253352154 1305848.0929612147 2.1884370103961217 26.166442805780743 0.38190860647251618 603.06319676844612 -0.00042328377955046486 -0.012038071132339515 -0.00011819424988835781 0
2211 1 1 240883200 172755885.40800476 -17868439.267194532 1338719.895472948 1.8107297189657341 26.206253224059989 0.37900038998028268 603.0363691120333 -0.00032787503383267618 -0.012307429061078382 -0.0001076123846935371 0
2212 1 1 240969600 172895985.38116309 -15602676.990297483 1371337.2291654048 1.4321907397322169 26.241123032453856 0.3760181636164267 603.00897503539443 -0.00022691316636146597 -0.012552614586571392 -9.6832622692151108e-05 0
2213 1 3 240986283.64803079 172919269.07754174 -15164827.661453661 1377605.712891775 1.3590040956277114 26.247286136613248 0.37543378131960364 603.0036269261667 0 0 0 132
2214 1 1 241056000 173003345.45430359 -13334115.823386244 1403693.7005629442 1.0528700498976578 26.271040894024434 0.37296185050757569 602.98111485866241 -0.00011765500640474495 -0.012734567362551068 -8.987853118942862e-05 0
2215 1 1 241142400 173077900.25982675 -11063184.061339272 1435782.8967018463 0.67281790142036624 26.2959955307531 0.36983123406567686 602.95288864138706 -3.5403449362697429e-06 -0.012891274798578023 -8.445082626948158e-05 0
2216 1 1 241228800 173119588.76586816 -8790311.176784778 1467598.4018209223 0.29208444669786188 26.315971636759588 0.36662645569326069 602.92433338512546 0.00011345203647359339 -0.013034245153977704 -7.8606915238685918e-05 0
2217 1 1 241315200 173128354.28039762 -6515927.9976538094 1499133.8201240778 -0.089279963498730727 26.330953476758783 0.3633477838704321 602.89547842377772 0.00023305502560520364 -0.013161165306393505 -7.2526788723507597e-05 0
2218 1 1 241401600 173104144.47578517 -4240466.6932604937 1530382.7778142919 -0.47122465457629265 26.340925696134466 0.35999546419677037 602.8663578411664 0.00035483587295112947 -0.013271119217973883 -6.6229647880513146e-05 0
2219 1 1 241488000 173046911.41611719 -1964360.7514781111 1561338.9224192551 -0.85369863936705004 26.34587312591955 0.35656974463668317 602.83700743688962 0.00047832991685027343 -0.013363296201765741 -5.9735930866440499e-05 0
2220 1 1 241574400 172956611.58466715 311955.03721274529 1591995.9229499369 -1.2366506072935868 26.345780780724436 0.35307087450851848 602.80746465229856 0.00060304527952267483 -0.013436974356237166 -5.3068022792502871e-05 0
2221 1 1 241660800 172833205.91230386 2588044.5951706679 1622347.4700135384 -1.6200289134379506 26.340633848530139 0.34949910439333992 602.77776836677708 0.00072846797944459553 -0.013491547731355521 -4.6250233526717006e-05 0
2222 1 1 241747200 172676659.8068828 4863470.5720502092 1652387.2759198935 -2.0037815667282248 26.330417678665302 0.34585468608200515 602.7479586608157 0.00085406683735362763 -0.013526526772833223 -3.9308462156185036e-05 0
2223 1 1 241833600 172486943.18369547 7137794.3582391422 1682109.0747856835 -2.3878562172470073 26.315117770171252 0.34213787257559636 602.71807657924194 0.00097929858092732336 -0.013541540819031554 -3.2269929348182055e-05 0
2224 1 1 241920000 172264030.49705496 9410576.0972886402 1711506.6226406312 -2.7722001426245693 26.294719760074614 0.33834891813059342 602.68816388666039 0.0011036132395146668 -0.013536342767791565 -2.5162930775997333e-05 0
2225 1 1 242006400 172007900.77309784 11681374.697322963 1740573.6975395009 -3.1567602334783746 26.269209411531754 0.33448807834814648 602.65826281395687 0.0012264597770086543 -0.01351081223892912 -1.8016578681769141e-05 0
2226 1 1 242092800 171718537.64388543 13949747.841430327 1769304.0996840107 -3.5414829778826475 26.238572602156708 0.33055561031691133 602.62841580004806 0.0013472917427981709 -0.013464956539425386 -1.0860448302253851e-05 0
2227 1 1 242179200 171395929.38288996 16215251.997063214 1797691.6515593918 -3.9263144448795688 26.202795312792162 0.32655177280571801 602.59866523224593 0.0014655728308225514 -0.013398910628385033 -3.7243589412492554e-06 0
2228 1 1 242265600 171040068.94194517 18477442.424490057 1825730.1980895984 -4.3112002670305793 26.161863616769846 0.32247682650616727 602.5690531853196 0.0015807825985910929 -0.013312937437632934 3.361981259229399e-06 0
2229 1 1 242352000 170650953.98974651 20735873.184342317 1853413.6068160171 -4.6960856220101483 26.115763669755083 0.31833103433270088 602.53962116006221 0.0016924220418890513 -0.013207426606491055 1.0369276588104582e-05 0
2230 1 1 242438400 170228586.95198208 22990097.144321065 1880735.7681043195 -5.0809152132810826 26.064481700504661 0.31411466177336711 602.51040982579912 0.0018000189017999253 -0.013082890877936026 1.7268920173107017e-05 0
2231 1 1 242524800 169772975.05317107 25239665.98515144 1907690.5953837445 -5.4656332498886346 26.00800400269296 0.30982797728988082 602.4814587685895 0.001903132838471848 -0.012939962902288275 2.4033275744333408e-05 0
2232 1 1 242611200 169284130.36028498 27484130.205877777 1934272.0254232639 -5.850183425403511 25.946316927847185 0.30547125277301568 602.45280624513475 0.0020013604096395304 -0.012779391049852103 3.0636023674669697e-05 0
2233 1 1 242697600 168762069.82822323 29723039.128604215 1960474.0186496091 -6.2345088960797126 25.879406879628416 0.30104476405494712 602.42448894545271 0.0020943395059017209 -0.012602033396389345 3.7052452440394561e-05 0
2234 1 1 242784000 168206815.34720635 31955940.902808215 1986290.5595115083 -6.6185522582954439 25.807260309685674 0.29654879146337282 602.39654176724923 0.002181753550484901 -0.012408850795294047 4.3259624396143032e-05 0
2235 1 1 242870400 167618393.79214838 34182382.509365439 2011715.6568935825 -7.0022555253355083 25.729863715125667 0.29198362042084436 602.36899760209235 0.002263335177369789 -0.012200899829904051 4.923669362776971e-05 0
2236 1 1 242956800 166996837.07405624 36401909.76444748 2036743.3445841384 -7.385560103714881 25.647203638303818 0.28734954208914659 602.34188714392781 0.0023388681378277813 -0.011979317783816801 5.4965063930039525e-05 0
2237 1 1 243043200 166342182.19349232 38614067.323503979 2061367.681800189 -7.7684067690733274 25.559266668730814 0.2826468540510545 602.31523871625097 0.0024081905756862332 -0.011745317787538283 6.0428612352884611e-05 0
2238 1 1 243129600 165654471.29613763 40818398.685486645 2085582.7537730618 -8.1507356417261771 25.466039447005723 0.2778758610293563 602.28907811621593 0.0024711958999456664 -0.011500174638767903 6.5613829923788313e-05 0
2239 1 1 243216000 164933751.73047134 43014446.197533421 2109382.6723973681 -8.5324861621048793 25.367508671513296 0.27303687563329471 602.26342848688296 0.002527833313375112 -0.011245211388553025 7.0509922464326427e-05 0
2240 1 1 243302400 164180076.10757518 45201751.060349755 2132761.5769455386 -8.9135970661985482 25.263661107901981 0.26813021912987883 602.23831021763544 0.0025781072470785205 -0.010981784468157684 7.5108902789371919e-05 0
2241 1 1 243388800 163393502.36305207 47379853.334534772 2155713.6348497807 -9.294006361174997 25.154483601488753 0.26315622223034529 602.21374087499305 0.0026220757630263389 -0.01071126860530669 7.9405561266458199e-05 0
2242 1 1 243475200 162574093.82103735 49548291.948109791 2178233.042552155 -9.6736513013441243 25.039963092717379 0.25811522587947555 602.18973516579854 0.0026598480111235359 -0.010435040437115711 8.3397406225034596e-05 0
2243 1 1 243561600 161721919.26026678 51706604.705519244 2200314.0264231539 -10.052468364632855 24.920086635792806 0.25300758205453011 602.16630493475623 0.0026915805975838551 -0.010154462033596637 8.7084690188986172e-05 0
2244 1 1 243648000 160837052.98214799 53854328.298380621 2221950.8437493178 -10.430393229745121 24.794841420542244 0.24783365455695608 602.14345919732659 0.0027174729773370566 -0.009870864024218556 9.047014218123584e-05 0
2245 1 1 243734400 159919574.88077015 55990998.31826333 2243137.7837882633 -10.807360754170407 24.664214797509551 0.24259381978437505 602.12120420836675 0.0027377619059548953 -0.0095855292979275097 9.3558831119801224e-05 0
2246 1 1 243820800 158969570.5147717 58116149.27177231 2263869.1688897694 -11.183304953180004 24.528194306197108 0.23728846748476937 602.09954356551168 0.0027527152414259753 -0.0092996774835531777 9.6357902296260507e-05 0
2247 1 1 243907200 157987131.18097594 60229314.59820386 2284139.3556808555 -11.5581589799393 24.386767706339423 0.2319180014837689 602.07847834588847 0.0027626249960882665 -0.009014450516491376 9.8876326622658099e-05 0
2248 1 1 243993600 156972353.98965424 62330026.690142445 2303942.7363109281 -11.931855107773618 24.239923014858984 0.22648284034287883 602.05800731952536 0.0027678001426435189 -0.008730900063348021 0.00010112453982315504 0
2249 1 1 244080000 155925341.94162378 64417816.91626443 2323273.7397652175 -12.304324701530405 24.087648507953123 0.22098341842977973 602.03812658542859 0.0027687161101388217 -0.0084504534635717245 0.00010311997749098121 0
2250 1 1 244166400 154846204.00871545 66492215.641728878 2342126.8333059479 -12.675498171644204 23.929932675522561 0.21542018768797946 602.01882841297368 0.0027660105176430623 -0.0081748396709225499 0.00010488733204092695 0
2251 1 1 244252800 153735055.21540159 68552752.253109634 2360496.5239623985 -13.045305019796642 23.766764447424283 0.20979361597559018 602.0001044682399 0.0027594430438200035 -0.0079030735862640512 0.00010641888838084092 0
2252 1 1 244339200 152592016.7155548 70598955.20506762 2378377.3598398445 -13.413673840806959 23.598133276496622 0.20410418698627944 601.98194672538159 0.0027494371535438135 -0.0076361237549203188 0.00010773200786941406 0
2253 1 1 244425600 151417215.87421578 72630352.058565632 2395763.9316157568 -13.780532265230166 23.424029042624074 0.19835240240841129 601.96434546859541 0.0027362326033319052 -0.0073743521778281635 0.000108837504601228 0
2254 1 1 244512000 150210786.35028592 74646469.522863656 2412650.8740721256 -14.145806971161932 23.244442161891165 0.19253878149657452 601.94729059993313 0.002719980411487011 -0.0071178469075311125 0.00010974285276835025 0
2255 1 1 244598400 148972868.17929101 76646833.503565997 2429032.8676320566 -14.509423668782521 23.059363613928479 0.18666386169282709 601.93077160710152 0.0027009293191003255 -0.0068669320578805164 0.00011045956881424211 0
2256 1 1 244684800 147703607.85790369 78630969.151857078 2444904.6399679631 -14.871307082886769 22.868784963352944 0.18072819935542608 601.91477741881033 0.0026793065123528088 -0.0066218408334133005 0.00011099852454497669 0
2257 1 1 244771200 146403158.43048498 80598400.91453144 2460260.9676965424 -15.231380910826637 22.672698324661219 0.17473237156463017 601.89929529708547 0.0026556875210494821 -0.0063836129607497604 0.00011138535995034227 0
2258 1 1 244857600 145071679.57809854 82548652.58381021 2475096.6781827859 -15.589567845197292 22.471096484352241 0.16867697526504025 601.88431232092069 0.002629879150801664 -0.0061513819878505974 0.0001116139767628896 0
2259 1 1 244944000 143709337.70321161 84481247.363258272 2489406.6511722137 -15.945789593772494 22.26397301090676 0.16256262651722983 601.86981666353847 0.0026020656005608395 -0.0059252246881244921 0.0001116937879731591 0
2260 1 1 245030400 142316306.01671007 86395707.933079019 2503185.8205256891 -16.299966849044381 22.051322236607806 0.15638996183978179 601.85579673937161 0.0025722657342156403 -0.0057048408884249708 0.00011162711925308353 0
2261 1 1 245116800 140892764.62593454 88291556.517955169 2516429.1760061579 -16.652019269689362 21.833139274796096 0.15015963914191818 601.84224090535406 0.0025407740885198407 -0.0054905511849026173 0.00011142815382885303 0
2262 1 1 245203200 139438900.62500715 90168314.954740226 2529131.765176726 -17.001865471941692 21.609420057363963 0.14387233825237716 601.82913748919702 0.0025075853120201945 -0.005282010695645308 0.00011109807604178515 0
2263 1 1 245289600 137954908.18392721 92025504.767736033 2541288.6952602887 -17.349423043606084 21.380161420693227 0.13752876049706794 601.81647561944635 0.0024727355833149803 -0.0050789897333178317 0.00011063969691256667 0
2264 1 1 245376000 136440988.6386705 93862647.24650234 2552895.1350607532 -17.694608510739211 21.145361089031887 0.13112963039160649 601.80424430297069 0.0024364867970776681 -0.0048817282920004864 0.00011006585592141786 0
2265 1 1 245462400 134897350.58324599 95679263.524201542 2563946.3169918652 -18.037337346205511 20.905017744819069 0.12467569551635864 601.79243296401285 0.0023987005790658731 -0.0046896593432782293 0.0001093713918058264 0
2266 1 1 245548800 133324209.9600545 97474874.66396983 2574437.5390544757 -18.377523964686389 20.65913107157272 0.1181677270512666 601.78103149367814 0.0023596236967670806 -0.0045029988209078333 0.00010856843815026289 0
2267 1 1 245635200 131721790.15318957 99249001.743910581 2584364.1669750474 -18.715081692391497 20.407701745688584 0.11160652150052837 601.7700294040983 0.0023193742342030492 -0.0043216999265680046 0.00010766337977877505 0
2268 1 1 245721600 130090322.08109802 101001165.94775306 2593721.6363472007 -19.049922804776497 20.150731558736727 0.10499289935154833 601.75941721996855 0.0022777241004777399 -0.0041450880384553742 0.00010664640335900727 0
2269 1 1 245808000 128430044.28750545 102730888.66303803 2602505.454728724 -19.381958500110507 19.888223416907689 0.098327706737156628 601.74918572208264 0.002235019838826412 -0.0039735657506088104 0.00010553430351520721 0
2270 1 1 245894400 126741203.03569938 104437691.57718033 2610711.2039339021 -19.711098902685947 19.620181392642625 0.091611815755235651 601.73932609022086 0.0021909545171821723 -0.0038063636934243194 0.00010431315621138896 0
2271 1 1 245980800 125024052.39911447 106121096.78423207 2618334.5421962519 -20.03725308861415 19.346610817227404 0.084846123792568132 601.72983074207366 0.0021455743218710857 -0.0036433762068849972 0.00010298535895060332 0
2272 1 1 246067200 123278854.35399133 107780626.89183477 2625371.2064771168 -20.360329042971426 19.06751824993426 0.07803155614055346 601.72069198228724 0.0020990730723962326 -0.0034847489736362638 0.00010156038993574188 0
2273 1 1 246153600 121505878.87461694 109415805.12775867 2631817.0149529465 -20.680233637581008 18.782911489294708 0.071169067761859814 601.7119013464627 0.0020517718059535959 -0.0033308183641412754 0.00010005409755772909 0
2274 1 1 246240000 119705404.02859506 111026155.45053618 2637667.869566957 -20.996872669915597 18.492799684019555 0.064259642160576044 601.70345071456745 0.0020034251667125527 -0.0031809911257042901 9.8454870867142847e-05 0
2275 1 1 246326400 117877716.06781897 112611202.67104338 2642919.7584392871 -21.310150882816671 18.197193408486967 0.057304291219512776 601.69533278253732 0.0019541489502860449 -0.0030352816049654084 9.6768471474391218e-05 0
2276 1 1 246412800 116023109.52116504 114170472.57491094 2647568.7584320232 -21.61997193770625 17.896104661057979 0.0503040573678206 601.68754012696002 0.0019040548206049346 -0.0028936939392331129 9.500053182385113e-05 0
2277 1 1 246499200 114141887.28749685 115703492.04809313 2651611.0378081757 -21.926238424755802 17.58954692285516 0.043260014040005228 601.68006533207858 0.0018532503370878512 -0.0027562229623539019 9.3156533833739719e-05 0
2278 1 1 246585600 112234360.72858267 117209789.20628078 2655042.8589732419 -22.22885184809817 17.27753517834017 0.036173267465481142 601.67290039055422 0.0018020981122124264 -0.0026232314516560673 9.1254920074143776e-05 0
2279 1 1 246672000 110300849.76269789 118688893.52694391 2657860.5813454501 -22.527712648795923 16.960085990990457 0.029044956647067389 601.6660371025414 0.0017505257848505482 -0.002494429959079203 8.9292398374687457e-05 0
2280 1 1 246758400 108341682.95400251 120140335.99108973 2660060.6641141283 -22.822720251172825 16.637217609641226 0.021876252218438044 601.65946803871861 0.0016984689841443598 -0.002369560464629601 8.7265881539386964e-05 0
2281 1 1 246844800 106357197.60039774 121563649.23039073 2661639.6690268591 -23.113773059113335 16.308949998625557 0.014668357894257036 601.65318607812958 0.0016460276398786301 -0.002248606856895883 8.5180590930789755e-05 0
2282 1 1 246931200 104347739.82181419 122958367.67677602 2662594.2633125009 -23.400768457759419 15.975304875957274 0.0074225117573456026 601.64718406757811 0.0015932974188635758 -0.0021315454576894838 8.3041590767085025e-05 0
2283 1 1 247017600 102313664.64748141 124324027.71652716 2662921.2226753295 -23.683602831129043 15.636305773021961 0.00013998683376217428 601.64145486383268 0.0015403697138545072 -0.002018345632248667 8.0853784528641981e-05 0
2284 1 1 247104000 100255336.10153151 125660167.84962793 2662617.4343352867 -23.962171583302542 15.291978096835562 -0.0071779084283888767 601.63599141172551 0.0014873316405251546 -0.0019089703592103766 7.862190419569296e-05 0
2285 1 1 247190400 98173127.28799428 126966328.85287707 2661679.9001787901 -24.236369119796745 14.942349140383939 -0.014529827464078172 601.63078578925411 0.0014347049136403175 -0.0018039276376258923 7.6373862385495028e-05 0
2286 1 1 247276800 96067420.475932255 128242053.94571319 2660105.7400695141 -24.506088906992012 14.587448190913575 -0.021914386918261995 601.62583014501445 0.0013821590785794116 -0.0017026328075617951 7.4092617430981622e-05 0
2287 1 1 247363200 93938607.177696496 129486888.96754961 2657892.1949570468 -24.771223496875646 14.22730659264084 -0.029330166018560692 601.62111672699928 0.0013301797630422313 -0.001605527057446334 7.1804614257654011e-05 0
2288 1 1 247449600 91787088.228690073 130700382.5556919 2655036.6302360124 -25.031664551576394 13.861957803264982 -0.036775705883881571 601.6166378054221 0.0012784276174065507 -0.0015120381915212403 6.9492122690088671e-05 0
2289 1 1 247536000 89613273.860032827 131882086.33424765 2651536.5389041216 -25.287302910267172 13.49143750141047 -0.044249510975217295 601.61238658254217 0.0012269658242876542 -0.0014221012310975782 6.7158883744918414e-05 0
2290 1 1 247622400 87417583.769794628 133031555.10677129 2647389.5448314133 -25.538028596911438 13.115783617226674 -0.051750047288051368 601.60835658555311 0.0011759050540997781 -0.0013357059698560444 6.4811298449361795e-05 0
2291 1 1 247708800 85200447.199773163 134148347.0448318 2642593.4065402341 -25.783730603568486 12.735036116324325 -0.059275727885201225 601.60453591188445 0.0011280981492994958 -0.0012558878703448904 6.2608079062746727e-05 0
2292 1 1 247795200 82962303.02086173 135232023.86938664 2637146.0216838438 -26.024297199407318 12.349237375742726 -0.066824927303310605 601.60091359233286 0.0010804028445538343 -0.0011789048163956112 6.0377239689126458e-05 0
2293 1 1 247881600 80703599.771088645 136282151.08715466 2631045.4291355228 -26.259616268174501 11.958432572274132 -0.074395997699652883 601.59748635623339 0.0010328922203131584 -0.0011047348619709827 5.8122869786731703e-05 0
2294 1 1 247968000 78424795.732911021 137298298.1854887 2624289.8135074317 -26.489574089474466 11.562668392384158 -0.081987197463984834 601.59423023484499 0.00099662210473095347 -0.0010448611518689146 5.6471942894062417e-05 0
2295 1 1 248054400 76126359.070509657 138280038.76626846 2616877.5133328661 -26.714056151376536 11.161993943879596 -0.089596733460497263 601.59111810489458 0.00096258014626230456 -0.00098924784786862379 5.4922860190345128e-05 0
2296 1 1 248140800 73808767.817898452 139226950.8408663 2608807.0211216062 -26.932948328189845 10.756462003140465 -0.097222824638290267 601.58814479146304 0.0009287273283562497 -0.00093564339376535658 5.336088265162388e-05 0
2297 1 1 248227200 71472509.900055394 140138617.0889864 2600076.9855229594 -27.146135606721565 10.346127675767672 -0.10486362670423983 601.5852974460397 0.00090063234013974456 -0.00088948969211556466 5.2108773561135988e-05 0
2298 1 1 248313600 69118083.211176664 141014625.05887434 2590686.2170317154 -27.353502534619125 9.9310488608835357 -0.11251725440618814 601.5825641738063 0.00087219181662818502 -0.00084447179310993034 5.0817170836364089e-05 0
2299 1 1 248400000 66745995.610191174 141854567.45140648 2580633.6892333981 -27.554933751977423 9.5112867823752936 -0.12018180872334072 601.57994426055177 0.00084345532044294497 -0.00080061029195962357 4.9488397386149999e-05 0
2300 1 1 248486400 64356764.940795027 142658042.37866947 2569918.5417577294 -27.750313502483028 9.0869054889085152 -0.1278553451460652 601.57743610576279 0.0008144734191504366 -0.00075792437070759363 4.8124882757580056e-05 0
2301 1 1 248572800 61950919.061314672 143424653.61248916 2558540.0841256408 -27.939525733044487 8.6579719547326128 -0.13553587546809825 601.57503803322561 0.00078529771495507053 -0.0007164318350015318 4.6729170197923862e-05 0
2302 1 1 248659200 59528995.867515996 144154010.83989695 2546497.7995368247 -28.122454159919219 8.2245561419842517 -0.14322136751140899 601.5727482903676 0.00075598085946259914 -0.00067614911881081939 4.5303933032673844e-05 0
2303 1 1 248745600 57091543.30955454 144845729.92394999 2533791.3486793363 -28.298982338217886 7.7867310622820574 -0.15090974489168321 601.57056504755792 0.00072657651087148134 -0.0006370912539097977 4.3851961946099711e-05 0
2304 1 1 248832000 54639119.400116839 145499433.17207485 2520420.5733949929 -28.468993800703704 7.3445728929767737 -0.15859889085963624 601.56848771955663 0.00069713938794937352 -0.00059927190667278477 4.2376176768823322e-05 0
2305 1 1 248918400 52172292.242072091 146114749.58762962 2506385.5019458886 -28.632371179824045 6.8981602298616558 -0.16628658979695282 601.56649777661403 0.00067873166691809921 -0.00057197866341196523 4.1553476942733734e-05 0
2306 1 1 249004800 49691640.11456418 146691315.07263261 2491686.3583098138 -28.788996704754787 6.4475745348397542 -0.17397055164373826 601.56456748354174 0.00066601824139733798 -0.00055022044924206513 4.1069156059669381e-05 0
2307 1 1 249091200 47197751.425880164 147228772.7450968 2476323.5638480298 -28.938753696545596 5.9929013884052287 -0.18164849806088704 601.56268828418717 0.00065321707952241111 -0.00052901330488111823 4.0571536799135336e-05 0
2308 1 1 249177600 44691224.631084926 147726773.28197315 2460297.7372022718 -29.081526141078839 5.5342300712993824 -0.1893181319850929 601.56086006997214 0.00064034517255797069 -0.00050835769604738051 4.0061461323586517e-05 0
2309 1 1 249264000 42172668.19658637 148184975.21902877 2443609.6974869738 -29.217198326203565 5.0716532306535536 -0.19697711006738322 601.55908201683587 0.00062741916097015424 -0.0004882533132667717 3.9539766254082641e-05 0
2310 1 1 249350400 39642700.568384089 148603045.24534243 2426260.4681853829 -29.34565497108288 4.6052669619181028 -0.20462304492616576 601.55735328890137 0.00061445532744226229 -0.0004686991110286079 3.9007286823042579e-05 0
2311 1 1 249436800 37101950.130582586 148980658.50341731 2408251.2809455553 -29.466781324527588 4.1351708589398504 -0.21225350535284077 601.55567303964415 0.0006014695335120003 -0.00044969330253176909 3.8464847801756305e-05 0
2312 1 1 249523200 34551055.155248359 149317498.8935279 2389583.5793557982 -29.580463267030769 3.6614680618316306 -0.21986601658216756 601.55404041308498 0.00058847721815248697 -0.00043123339522253194 3.7913268620046211e-05 0
2313 1 1 249609600 31990663.743291575 149613259.38209844 2370259.0226938887 -29.686587416500892 3.1842653024335612 -0.22745806062957424 601.55245454491762 0.00057549338503591748 -0.00041331622588109914 3.7353360251920912e-05 0
2314 1 1 249696000 29421433.756052464 149867642.31389955 2350279.48964412 -29.785041237695442 2.7036729471694021 -0.2350270766992808 601.55091456372043 0.00056253252320395057 -0.00039593794089318033 3.6785918565266338e-05 0
2315 1 1 249782400 26844032.737273734 150080359.72782677 2329647.0819759513 -29.875713155323741 2.2198050370796265 -0.24257046166449653 601.54941959195708 0.00054960876139703021 -0.00037909414571800235 3.6211736965849826e-05 0
2316 1 1 249868800 24259137.825142898 150251133.67600876 2308364.1281779623 -29.958492670814501 1.7327793248328103 -0.25008557062374609 601.54796874715885 0.00053673555943805902 -0.00036277972924615606 3.5631585117741915e-05 0
2317 1 1 249955200 21667435.654088404 150379696.54597488 2286433.1870403001 -30.033270482706762 1.2427173084945282 -0.25756971753600433 601.54656114318777 0.0005239259620645546 -0.00034698907869051474 3.5046224053144489e-05 0
2318 1 1 250041600 19069622.2460219 150465791.3855913 2263857.0511789336 -30.099938610551597 0.74974426178857578 -0.26502017593275157 601.54519589036306 0.00051119298311317783 -0.00033171636406938349 3.4456432782325361e-05 0
2319 1 1 250128000 16466402.890707197 150509172.23046273 2240638.750493736 -30.158390522756076 0.2539892609361411 -0.27243417974248896 601.54387210337268 0.00049854846390352976 -0.000316954810421152 3.3862933567067526e-05 0
2320 1 1 250214400 13858492.01386939 150509604.43413338 2216781.5554779326 -30.208521292920164 -0.2444147772182701 -0.27980892593612111 601.54258935930784 0.00048606504770338355 -0.00030273525814093234 3.3270618606344377e-05 0
2321 1 1 250300800 11246613.046457887 150466864.99234352 2192288.9813163099 -30.250227287937943 -0.74533134951196489 -0.28714154472345893 601.54133966515747 0.0004788530435392814 -0.00029215800743216116 3.3032427273450763e-05 0
2322 1 1 250387200 8631498.3103729505 150380742.85184035 2167164.793859526 -30.283406561708127 -1.2486201837575583 -0.29442911772832986 601.54011216476533 0.00047376462679254321 -0.00028313906768375819 3.2937889112996857e-05 0
2323 1 1 250473600 6013888.8299773978 150251039.25918719 2141413.0112560922 -30.307959614130819 -1.754136850968278 -0.30166872180011467 601.53890427147746 0.00046852623153016291 -0.00027425941042618604 3.28306342253882e-05 0
2324 1 1 250560000 3394534.1259252932 150077568.11251885 2115037.9050630308 -30.323789240069576 -2.2617329542545908 -0.30885741052160526 601.53771625533557 0.00046314247797608855 -0.00026552233892552737 3.2710662618161881e-05 0
2325 1 1 250646400 774192.02045959502 149860156.29824236 2088044.0028790834 -30.330800503800884 -2.7712562360084294 -0.3159922037131162 601.53654813394303 0.00045761809035272072 -0.0002569309890563886 3.2577982019783257e-05 0
2326 1 1 250732800 -1846371.5657189251 149598644.02478355 2060436.0911570049 -30.32890090182962 -3.2825505752011161 -0.32307008981234631 601.535399919307 0.00045195789781959548 -0.00024848832259927612 3.2432607515405438e-05 0
2327 1 1 250819200 -4466382.8301337492 149292885.15593612 2032219.2178490188 -30.31800051463291 -3.7954559987452767 -0.33008802741905885 601.53427161780689 0.00044616682776183001 -0.00024019712638684347 3.2274560869296627e-05 0
2328 1 1 250905600 -7085060.3184294458 148942747.54298162 2003398.6949144136 -30.298012160781553 -4.3098086986371538 -0.33704294694184123 601.53316323017043 0.00044024989422347471 -0.00023206000417976886 3.2103869781439459e-05 0
2329 1 1 250992000 -9701615.1676801145 148548113.35507053 1973980.1006804097 -30.268851553237702 -4.8254410551056548 -0.34393175234807954 601.53207475145894 0.00043421219586737571 -0.00022407937277502837 3.1920569401287113e-05 0
2330 1 1 251078400 -12315251.363288194 148108879.40733492 1943969.2820473339 -30.230437457611362 -5.3421816659906343 -0.35075132301811346 601.53100617105008 0.00042805890732752869 -0.0002162574584780543 3.1724702793686145e-05 0
2331 1 1 251164800 -14925166.009632913 147624957.48618683 1913372.3565290407 -30.182691852142643 -5.859855382566538 -0.35749851570503804 601.52995747263367 0.00042179526961337881 -0.00020859628972136012 3.151631589803834e-05 0
2332 1 1 251251200 -17530549.614606854 147096274.67123511 1882195.7141194378 -30.125540089159472 -6.3782833520213504 -0.36417016660019519 601.52892863421255 0.00041542658496589814 -0.00020109769545178643 3.1295464585332591e-05 0
2333 1 1 251337600 -20130586.388156556 146522773.65323713 1850446.0189759829 -30.058911057743469 -6.8972830667930136 -0.37076309350451031 601.52791962810261 0.00040895821037039033 -0.00019376330126635221 3.1062211945427051e-05 0
2334 1 1 251424000 -22724454.554919604 145904413.04748458 1818130.210910971 -29.98273734732097 -7.4166684209558786 -0.37727409810658058 601.52693042094472 0.00040239554547867129 -0.00018659452451005019 3.0816626244533658e-05 0
2335 1 1 251510400 -25311326.681025166 145241167.7020067 1785255.506681416 -29.896955411879659 -7.9362497738401885 -0.38369996836655773 601.52596097372452 0.00039574402445262863 -0.00017959257353262115 3.0558786253461123e-05 0
2336 1 1 251596800 -27890370.015098527 144533028.99995765 1751829.4010683992 -29.801505734493603 -8.4558340210554732 -0.39003748100567709 601.52501124179662 0.00038900911039609711 -0.00017275844129386583 3.0288775139804714e-05 0
2337 1 1 251683200 -30460746.843482025 143780005.15554211 1717859.6677367806 -29.696332991824637 -8.9752246730763741 -0.39628340410080343 601.52408117491746 0.00038219628414223194 -0.00016609290559235399 3.0006683428785912e-05 0
2338 1 1 251769600 -33021614.859655421 142982121.50281915 1683354.3598662599 -29.581386218252344 -9.4942219415356739 -0.40243449978234069 601.52317071728476 0.0003753110340707018 -0.00015959652730562665 2.9712608099604836e-05 0
2339 1 1 251856000 -35572127.547807992 142139420.77671251 1648321.8105449181 -29.45661896926876 -10.012622833353237 -0.40848752703426111 601.52227980758516 0.0003683588502555758 -0.00015326964774430642 2.9406652922752671e-05 0
2340 1 1 251942400 -38111434.580482528 141251963.38554573 1612770.632916508 -29.321989483759808 -10.530221252813298 -0.41443924459388298 601.52140837904733 0.00036134521273580088 -0.00014711238717062301 2.9088932304982815e-05 0
2341 1 1 252028800 -40638682.23017858 140319827.67441097 1576709.7200729589 -29.177460844781837 -11.046808111684852 -0.42028641394990057 601.5205563595099 0.00035427557926593012 -0.00014112464494512886 2.8759562902361073e-05 0
2342 1 1 252115200 -43153013.794766895 139343110.17867306 1540148.2446836832 -29.023001138427652 -11.562171447460365 -0.42602580243581539 601.51972367149892 0.00034715537689627914 -0.00013530609874275095 2.8418669654851798e-05 0
2343 1 1 252201600 -45653570.036532447 138321925.86690423 1503095.6583536468 -28.858583610363507 -12.07609654976774 -0.43165418641497411 601.51891023230871 0.00033998999632818582 -0.00012965620591885859 2.8066385680397909e-05 0
2344 1 1 252288000 -48139489.634626418 137256408.37254474 1465561.690702382 -28.684186819608591 -12.588366094988578 -0.43716835455454994 601.51811595409004 0.00033278477742544041 -0.00012417420226724062 2.7702849420449106e-05 0
2345 1 1 252374400 -50609909.6506695 136146710.21357483 1427556.348156427 -28.499794789117505 -13.098760289092805 -0.44256511118448122 601.51734074395745 0.00032554499891370743 -0.00011885910328542714 2.7328205486584406e-05 0
2346 1 1 252460800 -53063966.007211633 134993002.99949288 1389089.9124480465 -28.305397152716992 -13.60705701867616 -0.44784127973668153 601.51658450410332 0.00031827586892088492 -0.00011370970759611394 2.6942606281051703e-05 0
2347 1 1 252547200 -55500793.978712872 133795477.6248906 1350172.9388135043 -28.100989297940114 -14.113032010161522 -0.45299370626011687 601.51584713192051 0.00031098251495438562 -0.00010872459852119816 2.6546209485616452e-05 0
2348 1 1 252633600 -57919528.694671437 132554344.4489222 1310816.2538845276 -27.886572504295319 -14.616458997098535 -0.45801926300659634 601.51512852013605 0.00030366997502306669 -0.00010390214620869329 2.6139179703863689e-05 0
2349 1 1 252720000 -60319305.654484108 131269833.45997286 1271030.9532671201 -27.66215407650278 -15.117109895469303 -0.4629148520815512 601.51442855695825 0.00029634318477996289 -9.9240510182309273e-05 2.572168779963158e-05 0
2350 1 1 252806400 -62699261.253583938 129942194.42483902 1230828.3988023347 -27.427747472227182 -15.614754986879928 -0.46767740915405231 601.5137471262326 0.00028900696884229021 -9.4737645209717045e-05 2.5293910035897313e-05 0
2351 1 1 252892800 -65058533.320359193 128571697.0217455 1190220.2155041865 -27.18337242383442 -16.109163109488644 -0.47230390721954518 601.51308410761237 0.00028166603097907518 -9.0391304651210111e-05 2.4856028811778803e-05 0
2352 1 1 252979200 -67396261.663317055 127158630.95653845 1149218.2881704208 -26.929055053700452 -16.600101856491733 -0.47679136040849174 601.5124393767378 0.00027432494320226119 -8.619904464798879e-05 2.4408232029224777e-05 0
2353 1 1 253065600 -69711588.627914503 125703306.06140999 1107834.7576624954 -26.66482798260262 -17.087337781958897 -0.48113682783380318 601.51181280543108 0.00026698813596067752 -8.2158230971791777e-05 2.3950712996667579e-05 0
2354 1 1 253152000 -72003659.662438571 124206052.37553006 1066082.0168517332 -26.390730430727711 -17.570636613778699 -0.48533741746939729 601.51120426189857 0.00025965989088438561 -7.8266043310489498e-05 2.3483670773573955e-05 0
2355 1 1 253238400 -74271623.892278105 122667220.20698148 1023972.7062293186 -26.106808310838009 -18.049763473444699 -0.48939029005206047 601.51061361094867 0.00025234432919778876 -7.4519484233170918e-05 2.3007308745401439e-05 0
2356 1 1 253324800 -76514634.701890185 121087180.17542149 981519.70917844784 -25.813114313144666 -18.524483102381627 -0.49329266299821167 601.51004071422244 0.00024504540282870165 -7.0915384424295315e-05 2.2521836162375301e-05 0
2357 1 1 253411200 -78731850.323725417 119466323.2349174 938736.14690775238 -25.509707981448383 -18.994560094479962 -0.49704181432697198 601.5094854304333 0.0002377668869219801 -6.7450409984482276e-05 2.2027466410955323e-05 0
2358 1 1 253497600 -80922434.433339089 117805060.67643644 895635.37304580433 -25.196655780120274 -19.459759134477171 -0.50063508658073164 601.50894761562631 0.0002305123687193276 -6.4121071434519614e-05 2.1524417188623107e-05 0
2359 1 1 253584000 -83085556.749878958 116103824.10950059 852230.96789733041 -24.874031151510913 -19.919845241793457 -0.50406989073383945 601.5084271234424 0.00022328524256528593 -6.0923732178232105e-05 2.1012910598760523e-05 0
2360 1 1 253670400 -85220393.641105145 114363065.42255327 808536.73236257059 -24.541914563392787 -20.37458401939988 -0.50734371007998069 601.50792380539986 0.00021608870067067095 -5.785461761571634e-05 2.0493173013031339e-05 0
2361 1 1 253756800 -87326128.73206529 112583256.72162317 764566.68152202712 -24.200393546061306 -20.823741907267689 -0.51045410408862901 601.50743751118421 0.00020892572619965032 -5.4909824729067861e-05 1.9965434204827302e-05 0
2362 1 1 253843200 -89401953.516515449 110764890.24690878 720335.03788971377 -23.849562718741105 -21.267086439919908 -0.51339871222070377 601.5069680889527 0.00020179908670165048 -5.2085332405565584e-05 1.9429927123782151e-05 0
2363 1 1 253929600 -91447067.970148548 108908478.26695167 675856.22433885233 -23.489523804968563 -21.704386507578484 -0.51617525769330963 601.50651538565 0.00019471132648170558 -4.9377010158324592e-05 1.8886888051017314e-05 0
2364 1 1 254016000 -93460681.16466485 107014552.9501102 631144.85670486663 -23.120385636647786 -22.135412620375075 -0.51878155118332236 601.50607924733731 0.00018766476224997601 -4.6780631039231865e-05 1.8336557241868736e-05 0
2365 1 1 254102400 -95442011.881693229 105083666.21309319 586215.73607139068 -22.742264146505249 -22.559937175068882 -0.52121549445983051 601.50565951952854 0.00018066147718124443 -4.4291882187738022e-05 1.7779176215524771e-05 0
2366 1 1 254188800 -97390289.225550786 103116389.54636134 541083.84074587189 -22.355282348699095 -22.977734723691857 -0.52347508393513198 601.50525604753693 0.00017370331789261849 -4.1906375662084259e-05 1.7214988806384772e-05 0
2367 1 1 254275200 -99304753.233807504 101113313.81625655 495764.31793227268 -21.959570307371379 -23.388582243520954 -0.52555841412364712 601.50486867683605 0.00016679188727042563 -3.9619661623875967e-05 1.6644242571840193e-05 0
2368 1 1 254361600 -101184655.48460628 99075049.043770015 450272.47510925651 -21.555265092965605 -23.792259407758031 -0.52746368099892882 601.50449725342764 0.00015992854198026291 -3.7427240388490505e-05 1.6067185323917223e-05 0
2369 1 1 254448000 -103029259.69967522 97002224.159916013 404623.77112309332 -21.142510726167185 -24.188548856280541 -0.52918918523854963 601.50414162421816 0.00015311439105312116 -3.5324573181220148e-05 1.5484067465174539e-05 0
2370 1 1 254534400 -104837842.34195778 94895486.737733394 358833.80700542306 -20.721458109362501 -24.577236465811946 -0.53073333534667233 601.50380163740044 0.0001463502936428738 -3.33070957436369e-05 1.4895140706902198e-05 0
2371 1 1 254620800 -106609693.20677914 92755502.700992957 312918.31652685319 -20.292264945550802 -24.958111618848747 -0.53209465064479811 601.5034771428459 0.00013963685527712487 -3.1370232006086861e-05 1.4300657109689163e-05 0
2372 1 1 254707200 -108344116.00546362 90582956.009747431 266893.15649820253 -19.855095644683214 -25.330967470670664 -0.53327176412096222 601.50316799250083 0.00013297442980342815 -2.9509406183748086e-05 1.3700869342807786e-05 0
2373 1 1 254793600 -110040428.94031674 88378548.322919592 220774.29683202741 -19.410121217443528 -25.69560121375396 -0.5342634251280165 601.50287404078313 0.00012636311764866143 -2.7720056027110975e-05 1.309603062994596e-05 0
2374 1 1 254880000 -111697965.26988973 86142998.638181046 174577.81037785899 -18.957519156528441 -26.051814338903451 -0.53506850192204702 601.5025951449918 0.00011980276524785749 -2.5997645332480696e-05 1.2486394605240472e-05 0
2375 1 1 254966400 -113316073.86344974 83877042.909436449 128319.86254533684 -18.497473305526082 -26.399412892417619 -0.53568598403239898 601.50233116571042 0.00011329296965879603 -2.4337678361357661e-05 1.1872214388622167e-05 0
2376 1 1 255052800 -114894119.74359049 81581433.642284036 82016.700730143886 -18.03017371553527 -26.738207728602468 -0.53611498445508354 601.50208196721189 0.00010683307826985906 -2.2735711604017799e-05 1.1253742773285431e-05 0
2377 1 1 255139200 -116431484.61593157 79256939.467884809 35684.643558343552 -17.555816489711273 -27.068014756954621 -0.53635474166175745 601.50184741786563 0.00010042219032542721 -2.1187367255890903e-05 1.0631232158929978e-05 0
2378 1 1 255225600 -117927567.38487345 76904344.69572936 -10659.930034630141 -17.07460361596582 -27.388655183341946 -0.53640462141709078 601.50162739054019 9.405916469821858e-05 -1.9688346673520049e-05 1.0004934068566693e-05 0
2379 1 1 255312000 -119381784.65439518 74524448.845850021 -57000.591873486461 -16.586742788092643 -27.699955744519904 -0.53626411839792865 601.50142176299994 8.7742620597839978e-05 -1.82344424531331e-05 9.3750979271361479e-06 0
2380 1 1 255398400 -120793571.21290842 72118066.161081925 -103320.87574369993 -16.092447215632156 -28.001748935336664 -0.53593285760802278 601.50123041829931 8.1470942171719092e-05 -1.6821552032726331e-05 8.7419717418990427e-06 0
2381 1 1 255484800 -122162380.50121035 69686025.100032374 -149604.28870532673 -15.591935422829396 -28.29387322799548 -0.53541059558268345 601.50105324516835 7.5242286581821434e-05 -1.5445687809031832e-05 8.1058025331969133e-06 0
2382 1 1 255571200 -123487685.06260912 67229167.811470777 -195834.32250165541 -15.085431037080438 -28.576173282763587 -0.53469722137865949 601.50089013838601 6.9054588570838978e-05 -1.41029911620174e-05 7.4668349169445182e-06 0
2383 1 1 255657600 -124768976.9743325 64748349.590904437 -241994.46504395551 -14.57316256730148 -28.848500149539127 -0.53379275734509735 601.50074099914661 6.29055680550569e-05 -1.2789743399846846e-05 6.8253110030621653e-06 0
2384 1 1 255744000 -126005768.25936916 62244438.320154332 -288068.21195324481 -14.055363172692473 -29.110711459712828 -0.53269735967194898 601.50060573540986 5.6792737084368836e-05 -1.1502377683261169e-05 6.1814703716070179e-06 0
2385 1 1 255830400 -127197591.27793461 59718313.890792362 -334039.07813972339 -13.532270422402943 -29.362671607789487 -0.5314113187130588 601.50048426223736 5.0713409052822112e-05 -1.0237489079608263e-05 5.5355501022195743e-06 0
2386 1 1 255916800 -128343999.09779797 57170867.612347275 -379890.60940031061 -13.004126046641879 -29.604251922265032 -0.52993505908185368 601.50037650211118 4.4664706911877788e-05 -8.9918456465421534e-06 4.8877849213606301e-06 0
2387 1 1 256003200 -129444565.8427562 54603001.606228173 -425606.39401458181 -12.471175679805356 -29.835330825288068 -0.52826913951851062 601.50028238523601 3.8643572841892528e-05 -7.7623977078051563e-06 4.2384053925995918e-06 0
2388 1 1 256089600 -130498887.01859123 52015628.186353505 -471170.07431933231 -11.933668596225347 -30.055793980670114 -0.52641425252794549 601.50020184982031 3.2646777309633447e-05 -6.5462877307326061e-06 3.5876395120616051e-06 0
2389 1 1 256176000 -131506579.81589909 49409669.227509707 -516565.35824196471 -11.391857439169764 -30.265534429846515 -0.52437122378879186 601.50013484233625 2.6670931099696947e-05 -5.3408594714043346e-06 2.9357116501073265e-06 0
2390 1 1 256262400 -132467283.38924168 46786055.52249743 -561776.03077343898 -10.845997943856322 -30.464452715407592 -0.52214101134648749 601.50008131944674 2.0712495488407137e-05 -4.1436665953792157e-06 2.2828418110683625e-06 0
2391 1 1 256348800 -133380659.11204268 44145726.129135221 -606785.96535234689 -10.296348652559455 -30.652456992401181 -0.51972470430520434 601.50004121075722 1.4785784806952256e-05 -2.9560739805169264e-06 1.6312338216360056e-06 0
2392 1 1 256435200 -134246390.80715054 41489627.708304703 -651579.13518052176 -9.7431706416498116 -30.829463123305885 -0.51712352313558518 601.50001464350441 8.7409087315466743e-06 -1.7468850167456302e-06 9.6496685742704863e-07 0
2393 1 1 256521600 -135064184.95338428 38818713.854309231 -696139.62452744809 -9.1867272184712618 -30.995394764995748 -0.51433881687254246 601.5000017557976 2.913636548181066e-06 -5.8219884881260028e-07 3.217679122712056e-07 0
2394 1 3 256564255.44210282 -135450168.42352238 37494922.294991545 -718048.37639805849 -8.9108897976071191 -31.073210121305401 -0.51289678828203245 601.49999971186378 0 0 0 280
2395 1 1 256608000 -135833770.85842511 36133944.416835062 -740451.63897516963 -8.6272834185308884 -31.150183481533112 -0.51137203841121159 601.49999935594076 -1.8194232833292855e-07 3.6358516849301731e-08 -2.008873679264031e-08 0
2396 1 4 256608060 -135834288.48374572 36132075.40271797 -740482.32123377942 -8.6268939349970442 -31.150287087473554 -0.5113699152341491 601.49999935594076 0 0 0 0
