id,t_start_mjd,t_end_mjd,date_start,date_end,duration_d,r_mean_au,zabs_min_au,d_earth_min_au
1,63138,63164.5,2031-09-29,2031-10-25,27,1.06000831938,0.00117356394695,0.67356903198
1,63997.5,64024,2034-02-04,2034-03-03,27,1.05960601448,0.00145381570837,2.00542218209
1,64856.5,64883.5,2036-06-12,2036-07-09,27.5,1.06001068197,0.000384499518835,1.14141875758
1,65716,65743,2038-10-20,2038-11-16,27.5,1.05960917335,0.000684818685574,0.954502611149
1,66575.5,66602,2041-02-25,2041-03-24,27,1.05978963865,0.00175413329418,2.01908788542
1,67434.5,67461.5,2043-07-04,2043-07-31,27.5,1.06019487986,0.000873245305686,0.877779862416
2,63082.5,63135.5,2031-08-04,2031-09-26,53.5,1.03711454905,0.000477038855946,1.63716439584
2,63179.5,63264,2031-11-09,2032-02-02,85,1.1909688811,0.0277528298132,1.78440178277
2,64101,64154,2034-05-19,2034-07-11,53.5,1.03682314545,0.000554311542832,1.77581118571
2,64198,64282.5,2034-08-24,2034-11-16,85,1.19126334889,0.0277159604135,1.50740889352
2,65119.5,65172.5,2037-03-02,2037-04-24,53.5,1.03653180123,0.00060697162377,1.16003769826
2,65216.5,65300.5,2037-06-07,2037-08-30,84.5,1.18914007258,0.028269837129,0.488992323454
2,66138,66191,2039-12-16,2040-02-07,53.5,1.03624051654,0.000529699088229,0.130490186455
2,66235,66319,2040-03-22,2040-06-14,84.5,1.18943464556,0.0282329954551,0.64412765948
2,67156,67209.5,2042-09-29,2042-11-21,54,1.038401635,0.000452426327067,1.13634396895
2,67253.5,67337.5,2043-01-04,2043-03-29,84.5,1.18972924681,0.0281961517808,1.54420002817
3,63185,63217,2031-11-15,2031-12-17,32.5,1.07357728692,0.000986418560338,1.75127184039
3,64377.5,64409,2035-02-19,2035-03-23,32,1.07233080345,0.000298288535828,1.45234676918
3,65570,65601.5,2038-05-27,2038-06-27,32,1.07503116917,0.000389844390439,0.230374948287
3,66762,66794,2041-08-31,2041-10-02,32.5,1.0734690966,0.00101398550177,1.1348879039
3,67954.5,67980.75,2044-12-05,2044-12-31,26.75,1.03219983635,0.000325855733499,1.78438266256
4,62796.5,62828,2030-10-22,2030-11-23,32,1.07495394567,0.000449820700206,0.508806855959
4,63320,63352,2032-03-29,2032-04-30,32.5,1.07336062542,0.000175634643405,1.62842946639
4,63843.5,63875.5,2033-09-03,2033-10-05,32.5,1.07601245881,0.000801087995959,1.1779860649
4,64367.5,64399,2035-02-09,2035-03-13,32,1.07494854721,0.000451094507826,1.15024283746
4,64891,64923,2036-07-17,2036-08-18,32.5,1.07335521897,0.00017436083256,1.64139828684
4,65414.5,65446.5,2037-12-22,2038-01-23,32.5,1.07600706371,0.000799814196373,0.366835188563
4,65938.5,65970,2039-05-30,2039-07-01,32,1.07494314873,0.000452368315424,1.8256015314
4,66462,66494,2040-11-04,2040-12-06,32.5,1.0733498125,0.000173087021704,0.39428533397
4,66985.5,67017.5,2042-04-11,2042-05-13,32.5,1.07600166859,0.000798540396754,1.6827747189
4,67509.5,67541,2043-09-17,2043-10-19,32,1.07493775022,0.000453642122995,1.08222234217
5,62738,62758,2030-08-25,2030-09-14,20.5,0.954701059706,0.000472202292433,0.718954577737
5,62843.5,62844.5,2030-12-08,2030-12-09,1.5,0.808805896521,0.0847671440118,0.783429375744
5,63150.5,63170,2031-10-11,2031-10-31,20,0.954024780618,0.00213857005732,1.31610573692
5,63255.5,63256.5,2032-01-24,2032-01-25,1.5,0.807304470069,0.0826604105899,0.207994497764
5,63562.5,63582.5,2032-11-26,2032-12-16,20.5,0.95328307811,0.00115823255616,1.7162254022
5,63667.5,63669,2033-03-11,2033-03-13,2,0.808040128566,0.0805523450642,0.696310674342
5,63974.5,63994.5,2034-01-12,2034-02-01,20.5,0.95473230291,0.000508139783198,1.84811479973
5,64080,64081,2034-04-28,2034-04-29,1.5,0.808773511489,0.0847217238064,1.28320279911
5,64387,64406.5,2035-03-01,2035-03-20,20,0.954056040981,0.00217450727593,1.68491086516
5,64492,64493,2035-06-14,2035-06-15,1.5,0.807272094984,0.082614961377,1.6763820322
5,64799,64819,2036-04-16,2036-05-06,20.5,0.953314343706,0.00112229513125,1.25897957972
5,64904,64905.5,2036-07-30,2036-07-31,2,0.808007750013,0.0805068674152,1.81644709577
5,65211,65231,2037-06-02,2037-06-22,20.5,0.954763545618,0.00054407727171,0.658238267623
5,65316.5,65317.5,2037-09-15,2037-09-16,1.5,0.808741126666,0.0846763029694,1.68735844599
5,65623.5,65643,2038-07-19,2038-08-08,20,0.954087300848,0.00221044448492,0.073836322754
5,65728.5,65729.5,2038-11-01,2038-11-02,1.5,0.807239720121,0.0825695115447,1.2952293804
5,66035.5,66055.5,2039-09-04,2039-09-24,20.5,0.95334560881,0.00108635770132,0.796612106847
5,66140.5,66142,2039-12-18,2039-12-20,2,0.807975371674,0.0804613891594,0.705367289518
5,66447.5,66467.5,2040-10-20,2040-11-09,20.5,0.954794787831,0.000580014757798,1.37503087441
5,66553,66554,2041-02-03,2041-02-04,1.5,0.808708742052,0.0846308815012,0.205520047552
5,66860,66879.5,2041-12-07,2041-12-26,20,0.95411856022,0.00224638168412,1.74990581937
5,66965,66966,2042-03-22,2042-03-23,1.5,0.807207345479,0.0825240610934,0.772518250086
5,67272,67292,2043-01-23,2043-02-12,20.5,0.953376873423,0.00105042026655,1.84233237672
5,67377,67378.5,2043-05-08,2043-05-09,2,0.807942993551,0.0804159102969,1.34015990294
5,67684,67704,2044-03-10,2044-03-30,20.5,0.954826029547,0.000615952241302,1.64564947792
5,67789.5,67790.5,2044-06-23,2044-06-24,1.5,0.808676357647,0.0845854594018,1.70814613055
6,62974,62986.5,2031-04-18,2031-04-30,13,0.875294396552,0.000741053150812,1.6926797735
6,63059,63090.5,2031-07-12,2031-08-12,32,1.06448967606,0.00103371867351,0.712536993058
6,63728,63740.5,2033-05-11,2033-05-23,13,0.876318571911,4.95323247056e-06,1.78949101011
6,63813.5,63844.5,2033-08-04,2033-09-04,31.5,1.06639439656,0.000475499737558,1.02220850658
6,64482.5,64494.5,2035-06-04,2035-06-16,12.5,0.874402824805,0.000731146708982,1.8211639519
6,64567.5,64598.5,2035-08-28,2035-09-28,31.5,1.0653926868,8.27200815011e-05,1.29811663758
6,65236.5,65248.5,2037-06-27,2037-07-09,12.5,0.87542713336,0.00146724354112,1.78716933585
6,65321.5,65352.5,2037-09-20,2037-10-21,31.5,1.0643907505,0.000640939745913,1.52898261027
6,65990.5,66003,2039-07-21,2039-08-03,13,0.873535017124,0.00200585164117,1.68474485675
6,66075.5,66106.5,2039-10-14,2039-11-14,31.5,1.06338858906,0.00119915821204,1.7052168725
6,66744.5,66757,2041-08-13,2041-08-26,13,0.874558885947,0.00126975914593,1.52640850527
6,66829.5,66861,2041-11-06,2041-12-08,32,1.0652091622,0.00143466134058,1.8190047525
6,67498.5,67511,2043-09-06,2043-09-19,13,0.875582934665,0.000533661190274,1.31226335092
6,67583.5,67615,2043-11-30,2044-01-01,32,1.0642074172,0.000876443676007,1.86468756233
7,63100,63113.5,2031-08-22,2031-09-04,14,1.02710479978,0.00293085979101,0.825456956409
7,64193.5,64207,2034-08-19,2034-09-02,14,1.02723642567,0.00162050690626,0.881414597443
7,65287.5,65301,2037-08-17,2037-08-31,14,1.02701222886,0.00101664394828,0.936157760959
7,66381,66394.5,2040-08-15,2040-08-28,14,1.02714041084,0.00353471925849,0.99044379407
7,67474.5,67488,2043-08-13,2043-08-27,14,1.02727333695,0.000897576831346,1.04383357712
8,62985,62999,2031-04-29,2031-05-13,14.5,0.985399506103,0.00228412761531,1.3846739312
8,63833,63847,2033-08-24,2033-09-07,14.5,0.985422520644,0.00185600280271,0.396574643079
8,64681,64695,2035-12-20,2036-01-03,14.5,0.985445660683,0.00142787744495,1.84142830296
8,65529,65543,2038-04-16,2038-04-30,14.5,0.985468926205,0.000999751667807,1.56341855641
8,66377,66391,2040-08-11,2040-08-25,14.5,0.985492317195,0.000571625597038,0.131511349312
8,67225,67239,2042-12-07,2042-12-21,14.5,0.985515833636,0.000143499358414,1.72413136003
9,62621,62677,2030-04-30,2030-06-25,56.5,1.15063740995,0.000814557271268,1.40903300436
9,62771,62823,2030-09-27,2030-11-18,52.5,1.0634062533,3.5157012144e-05,0.819624670183
9,63128.5,63185,2031-09-19,2031-11-15,57,1.1513861449,0.000610104103709,1.82722099519
9,63279,63330.5,2032-02-17,2032-04-08,52,1.06261898284,0.000452914312243,1.90153220005
9,63636.5,63693,2033-02-08,2033-04-06,57,1.15082050523,0.000225298914538,0.19148190712
9,63786.5,63838.5,2033-07-08,2033-08-29,52.5,1.06189203817,0.000870670349649,0.487556302427
9,64144.5,64201,2034-07-01,2034-08-27,57,1.1502548091,0.000159506765879,1.92295079823
9,64294.5,64346.5,2034-11-28,2035-01-19,52.5,1.06245223206,0.000675987634453,1.57447056558
9,64652.5,64708.5,2035-11-21,2036-01-16,56.5,1.15103484867,0.000544312097619,1.16823725728
9,64802.5,64854.5,2036-04-19,2036-06-10,52.5,1.06301260355,0.000258230866052,1.54553623079
9,65160.5,65216.5,2037-04-12,2037-06-07,56.5,1.15046892384,0.000880349094534,1.13866146212
9,65310.5,65362.5,2037-09-09,2037-10-31,52.5,1.06357315075,0.000159526624781,0.490534058788
9,65668,65724.5,2038-09-02,2038-10-28,57,1.15121775561,0.000495544751073,1.94367863066
9,65818,65870,2039-01-30,2039-03-23,52.5,1.06149872547,0.000577283670563,1.90482826582
9,66176,66232.5,2040-01-23,2040-03-19,57,1.150652099,0.000110739328002,0.208484906151
9,66326,66378,2040-06-21,2040-08-12,52.5,1.0620587935,0.000969373949117,0.796194900423
9,66684,66740,2041-06-14,2041-08-09,56.5,1.15143225894,0.000274066336537,1.79929727597
9,66834,66886,2041-11-11,2042-01-02,52.5,1.06261904047,0.000551618388015,1.35481715236
9,67192,67248,2042-11-04,2042-12-30,56.5,1.15086637448,0.000658871401849,1.44273251842
9,67342,67394,2043-04-03,2043-05-25,52.5,1.06317946447,0.000133861282263,1.72084117852
9,67699.5,67756,2044-03-25,2044-05-21,57,1.15161497772,0.000765790055075,0.791215614264
9,67850,67901.5,2044-08-23,2044-10-13,52,1.06239214445,0.000283896197953,0.143559789048
10,62515,62532.5,2030-01-14,2030-01-31,18,1.00125994702,0.00193986558625,0.88580285751
10,62616,62634.5,2030-04-25,2030-05-13,19,1.04887156277,0.00119924326902,1.81904876365
10,63379.5,63397.5,2032-05-27,2032-06-14,18.5,1.00033312955,9.93707310179e-05,1.17975483622
10,63481,63499.5,2032-09-06,2032-09-24,19,1.05255716951,0.00055338314355,0.155039913345
10,64244.5,64262,2034-10-09,2034-10-27,18,0.999392472539,0.00174112493865,1.85599765641
10,64345.5,64364,2035-01-18,2035-02-06,19,1.05074045017,0.00230600568898,1.6961057513
10,65109,65126.5,2037-02-20,2037-03-09,18,1.00120792593,0.00199259990271,0.372631393779
10,65210,65228.5,2037-06-01,2037-06-19,19,1.04892362068,0.00124946004503,1.55682201835
10,65973.5,65991,2039-07-04,2039-07-22,18,1.00302365287,0.000152105289899,1.55362640722
10,66075,66093,2039-10-14,2039-11-01,18.5,1.04986191588,0.000503166298383,0.398661350324
10,66838.5,66856,2041-11-15,2041-12-03,18,0.999340459755,0.00168839056256,1.6557373407
10,66939.5,66958,2042-02-24,2042-03-15,19,1.05079250502,0.00225578912513,1.89603765593
10,67703,67720.5,2044-03-29,2044-04-15,18,1.00115590507,0.00204533420591,0.184349411605
10,67804,67822.5,2044-07-08,2044-07-26,19,1.0489756785,0.00129967681393,1.17162043703
11,62877,62891,2031-01-11,2031-01-25,14.5,0.965616301029,0.00103722115242,0.877581970384
11,64268.5,64282.5,2034-11-02,2034-11-16,14.5,0.965732759431,0.00167186240908,1.73268180213
11,65660,65673.5,2038-08-25,2038-09-07,14,0.965098696309,0.00230650253576,1.94275726042
11,67051.5,67065,2042-06-16,2042-06-30,14,0.965213884447,0.00294114110407,1.45857222094
12,63544.5,63748,2032-11-08,2033-05-31,204,1.20848026453,1.64941034127e-05,1.47446115502
12,65025.5,65229,2036-11-28,2037-06-20,204,1.20847898022,1.21519930958e-05,1.66759848206
12,66507,66710.5,2040-12-19,2041-07-10,204,1.20848008981,1.78293146143e-05,1.8150143723
13,62934,63004.5,2031-03-09,2031-05-18,71,1.20298344093,5.51647458783e-05,1.58800396349
13,63060.5,63131,2031-07-13,2031-09-22,71,1.20163223102,0.000161232187191,0.800005780845
13,64108.5,64179,2034-05-26,2034-08-05,71,1.2030726261,6.03314007369e-05,1.80238230572
13,64235,64305.5,2034-09-30,2034-12-09,71,1.20154304881,0.000154871020175,1.62061060802
13,65283,65353.5,2037-08-13,2037-10-22,71,1.20316181143,6.54980549551e-05,1.27697816308
13,65409.5,65480,2037-12-17,2038-02-26,71,1.2014538668,0.000148509850105,1.7445883753
13,66457.5,66528,2040-10-30,2041-01-09,71,1.20325099694,7.06647084783e-05,0.124384587499
13,66584,66654.5,2041-03-06,2041-05-15,71,1.20136468498,0.000142148677104,1.12373032183
13,67632,67702.5,2044-01-18,2044-03-28,71,1.20334018262,7.58313612523e-05,0.996053892886
13,67758.5,67829,2044-05-23,2044-08-02,71,1.20127550336,0.000135787501297,0.119709576305
14,63563.5,63627,2032-11-27,2033-01-30,64,0.985890071155,0.000384984113794,1.77199470518
14,64704.5,64768,2036-01-12,2036-03-16,64,0.985235428518,0.000678034668814,1.3645327926
14,65845,65908.5,2039-02-26,2039-04-30,64,0.986426715186,9.21872347832e-05,0.73861315801
14,66986,67049.5,2042-04-12,2042-06-14,64,0.985768280255,0.000493661166727,0.0298746178725
15,62832,62870,2030-11-27,2031-01-04,38.5,0.998435054978,0.000648021940507,1.76263055813
15,64474,64512.5,2035-05-27,2035-07-04,39,0.998421055632,0.0011006417418,0.833715068449
15,66116.5,66154.5,2039-11-24,2040-01-01,38.5,0.997816314718,0.00108675708903,1.70484865103
15,67759,67797,2044-05-24,2044-07-01,38.5,0.997975865488,0.000634137230167,0.937917060139
16,63243.5,63268,2032-01-12,2032-02-06,25,1.01039305053,0.00174072320346,1.05918881966
16,64486.5,64510.5,2035-06-08,2035-07-02,24.5,1.01076380521,0.000482733249648,1.89802460304
16,65729,65753,2038-11-02,2038-11-26,24.5,1.00993929082,0.000775260046601,0.189576343162
16,66971.5,66996,2042-03-28,2042-04-22,25,1.0105831619,0.00203098390743,1.81347830065
17,62589,62603.5,2030-03-29,2030-04-12,15,1.02432519762,0.00253055928331,1.21949574564
17,63805.5,63820,2033-07-27,2033-08-11,15,1.02432281764,0.00257957463231,0.697603591992
17,65022,65036.5,2036-11-25,2036-12-09,15,1.02432043967,0.00262858997185,1.96783223279
17,66238.5,66253,2040-03-25,2040-04-09,15,1.02431806371,0.00267760530178,1.32679814982
17,67455,67469.5,2043-07-25,2043-08-08,15,1.02431568975,0.0027266206219,0.567187981444
18,62502,62577.5,2030-01-01,2030-03-17,76,1.22454478494,0.0281176044521,1.81482513135
18,63568,63653,2032-12-02,2033-02-25,85.5,1.17846255633,0.0293044098088,0.928683828851
18,63688.5,63773.5,2033-04-01,2033-06-25,85.5,1.17954116117,0.0162656315601,1.35599385117
18,64764,64849,2036-03-12,2036-06-05,85.5,1.17981038258,0.029465487088,0.525350305887
18,64884.5,64969.5,2036-07-10,2036-10-03,85.5,1.17819353378,0.0160806074938,0.201476565499
18,65960,66045.5,2039-06-21,2039-09-14,86,1.17894628944,0.0290681433591,1.60759111773
18,66080.5,66166,2039-10-19,2040-01-13,86,1.17930058614,0.0158953907876,1.29420359045
18,67156,67241.5,2042-09-29,2042-12-23,86,1.18029286632,0.0292297335819,1.66044601481
18,67277,67362,2043-01-28,2043-04-23,85.5,1.18016527013,0.0163512074608,1.77460233311
19,62768.5,62837,2030-09-24,2030-12-02,69,1.2615447665,0.000123594269827,0.1665144515
19,62899.5,62950.5,2031-02-02,2031-03-25,51.5,1.04104747774,0.000749660043799,0.948992786948
19,63743,63811.5,2033-05-26,2033-08-02,69,1.26183397763,0.000198705777468,1.7508944678
19,63874.5,63925,2033-10-04,2033-11-24,51,1.04312415475,0.000850312426324,1.80128284214
19,64717.5,64786,2036-01-25,2036-04-03,69,1.26212318472,0.000273817264039,1.58957992535
19,64849,64899.5,2036-06-05,2036-07-25,51,1.0428391459,0.000776466478465,0.810368378661
19,65692,65760.5,2038-09-26,2038-12-03,69,1.26241238773,0.000348928721588,0.205516488173
19,65823.5,65874,2039-02-04,2039-03-27,51,1.04255417608,0.00067581394615,0.985613015774
19,66666.5,66735,2041-05-27,2041-08-04,69,1.26270158662,0.000424040142184,1.7682210921
19,66798,66848.5,2041-10-06,2041-11-25,51,1.0422692454,0.000575161242086,1.79867091958
19,67641,67710,2044-01-27,2044-04-05,69.5,1.26047929341,0.000499151517898,1.56169045176
19,67772.5,67823,2044-06-06,2044-07-27,51,1.04198435396,0.000474508391723,0.773234997062
20,62502,62552,2030-01-01,2030-02-20,50.5,1.23829846632,0.0184089408581,1.58130836001
20,63427.5,63555.5,2032-07-14,2032-11-19,128.5,1.11161863557,0.000228456361953,0.112666920809
20,64431.5,64559,2035-04-14,2035-08-20,128,1.11136828012,0.000452818994066,1.21191221605
20,65435,65563,2038-01-12,2038-05-20,128.5,1.11221808947,0.000247183096381,1.9733767926
20,66438.5,66566.5,2040-10-11,2041-02-16,128.5,1.11193455923,2.28196412571e-05,1.4346004
20,67442,67570,2043-07-12,2043-11-17,128.5,1.11165239035,0.000201543899669,0.0265204415919
21,62529.5,62614,2030-01-28,2030-04-23,85,1.22605942152,0.0116027378504,1.85609512209
21,62618,62623,2030-04-27,2030-05-02,5.5,0.816125303754,0.0988645548897,1.80522417875
21,62663.5,62720,2030-06-11,2030-08-07,57,1.02325951732,0.0005814469828,1.74708849263
21,63382,63467,2032-05-30,2032-08-23,85.5,1.22546390352,0.0113528374758,0.851043682222
21,63471,63475.5,2032-08-27,2032-08-31,5,0.815660090373,0.098928987767,0.903367437566
21,63516,63572.5,2032-10-11,2032-12-06,57,1.02175059717,0.000119678014459,1.34155238998
21,64234.5,64319.5,2034-09-29,2034-12-23,85.5,1.22703515707,0.0111029103196,0.996727192353
21,64323.5,64328.5,2034-12-27,2035-01-01,5.5,0.815280505181,0.0988135174297,0.90890698619
21,64369,64425.5,2035-02-11,2035-04-08,57,1.02442649841,0.000342092514321,0.307488368954
21,65087.5,65172.5,2037-01-29,2037-04-24,85.5,1.22425045054,0.0115458773067,1.85493250969
21,65176,65181,2037-04-28,2037-05-03,5.5,0.816374870922,0.0988793784316,1.80557474071
21,65221.5,65278,2037-06-12,2037-08-08,57,1.02291599304,0.000476375411755,1.73698759408
21,65940,66025,2039-06-01,2039-08-25,85.5,1.22582139554,0.0112959707799,0.884495159855
21,66029,66033.5,2039-08-29,2039-09-02,5,0.815909173804,0.0989433912828,0.933026302325
21,66074.5,66130.5,2039-10-13,2039-12-08,56.5,1.02336883685,1.46055587036e-05,1.36982019038
21,66792.5,66877.5,2041-09-30,2041-12-24,85.5,1.22739273858,0.0110460376223,0.966218089
21,66881.5,66886.5,2041-12-28,2042-01-02,5.5,0.815528966522,0.0988286663206,0.879117899875
21,66927,66983.5,2042-02-12,2042-04-09,57,1.02408261503,0.000447164480796,0.268521411007
21,67645.5,67730.5,2044-01-31,2044-04-25,85.5,1.22460787152,0.0114890153498,1.85622617468
21,67734,67739,2044-04-29,2044-05-04,5.5,0.816624762677,0.0988941062842,1.80527152134
21,67779.5,67836,2044-06-13,2044-08-09,57,1.02257257515,0.000371303519327,1.72626611742
22,62598,62624.5,2030-04-07,2030-05-03,27,1.46030692668,0.00100744437731,2.01674146475
22,62739.5,62758.5,2030-08-26,2030-09-14,19.5,1.04103444526,0.000976985857879,1.0333227161
22,63727,63753.5,2033-05-10,2033-06-05,27,1.46336380833,0.00039736683715,2.26433395148
22,63869,63887.5,2033-09-29,2033-10-17,19,1.04040229197,0.00226402232861,1.43417858158
22,64856.5,64883,2036-06-12,2036-07-09,27,1.46150012505,0.00180217669774,2.34669197855
22,64998,65017,2036-11-01,2036-11-20,19.5,1.03984703282,0.000287809532608,1.72927177269
22,65986,66012.5,2039-07-17,2039-08-12,27,1.45963563155,0.000501724275822,2.2612815557
22,66127.5,66146,2039-12-05,2039-12-24,19,1.03921485362,0.00168840600306,1.89939964122
22,67115,67141.5,2042-08-19,2042-09-14,27,1.46269299154,0.000903087001789,2.02068492271
22,67257,67275.5,2043-01-08,2043-01-26,19,1.04107051759,0.00155260380496,1.92425896932
23,63866,63904,2033-09-26,2033-11-03,38.5,1.14258083864,0.000465017161379,1.12547146316
23,65661,65699,2038-08-26,2038-10-03,38.5,1.13835266066,0.000737125617753,0.690211475667
23,67455.5,67493.5,2043-07-25,2043-09-01,38.5,1.14260805606,0.000457321955504,0.145447559297
24,62567,62579,2030-03-07,2030-03-19,12.5,1.02778152139,0.000700017750729,1.20080547752
24,62743,62759,2030-08-30,2030-09-15,16.5,1.36959994419,0.000844276641106,1.22802991481
24,63102.5,63114,2031-08-24,2031-09-05,12,1.0275770098,0.00265556015982,1.73030296057
24,63278.5,63294,2032-02-16,2032-03-03,16,1.36979961571,0.00275360797647,2.05314619243
24,63637.5,63649.5,2033-02-09,2033-02-21,12.5,1.02741364401,0.00214118490199,0.781985777666
24,63813.5,63829.5,2033-08-04,2033-08-20,16.5,1.36996883817,0.0002366974785,0.782861383251
24,64172.5,64184.5,2034-07-29,2034-08-10,12.5,1.02827068613,0.00121439427967,1.92031099114
24,64348.5,64364.5,2035-01-21,2035-02-06,16.5,1.36910964403,0.0022802141688,2.27038193144
24,64708,64719.5,2036-01-16,2036-01-27,12,1.02806606348,0.00358234748477,0.328354582004
24,64884,64900,2036-07-10,2036-07-26,16.5,1.37033755692,0.00131767138552,0.386569184451
24,65243,65255,2037-07-04,2037-07-16,12.5,1.02790239166,0.00022677418417,2.0114056948
24,65419,65435,2037-12-27,2038-01-12,16.5,1.36947877049,0.00119924127031,2.31663908141
24,65778.5,65790,2038-12-21,2039-01-02,12,1.02769785253,0.00312880175167,0.101971969619
24,65954.5,65970,2039-06-15,2039-07-01,16,1.36967846532,0.0023986441095,0.400143046889
24,66313.5,66325.5,2040-06-08,2040-06-20,12.5,1.02753441099,0.00166794216438,1.99989552379
24,66489.5,66505.5,2040-12-01,2040-12-17,16.5,1.36984772197,0.000118267292829,2.23915475738
24,66848.5,66860.5,2041-11-25,2041-12-07,12.5,1.02839169303,0.00168763738782,0.532108670983
24,67025,67040.5,2042-05-21,2042-06-05,16,1.37004734576,0.00263517811496,0.735783713337
24,67384,67395.5,2043-05-15,2043-05-26,12,1.02818704307,0.00310910658694,1.88659428251
24,67560,67576,2043-11-07,2043-11-23,16.5,1.37021649828,0.000962706791096,2.04398268221
24,67919,67931,2044-10-31,2044-11-12,12.5,1.02802329576,0.000246469434478,0.963720490005
25,62798.5,62822.5,2030-10-24,2030-11-17,24.5,0.978250576166,0.000692427289133,1.93145560168
25,63498,63521.5,2032-09-23,2032-10-16,24,0.978827936449,0.00126901609722,1.86971976172
25,64197,64220.5,2034-08-23,2034-09-15,24,0.978567066429,0.00184560295503,1.66567781096
25,64896,64919.5,2036-07-22,2036-08-14,24,0.978306671858,0.00172991513637,1.33518523727
25,65595,65618.5,2038-06-21,2038-07-14,24,0.978046753495,0.00115332780827,0.896956395022
25,66294,66318,2040-05-20,2040-06-13,24.5,0.978823388772,0.000576738713954,0.38642613701
25,66993,67017,2042-04-19,2042-05-13,24.5,0.978562870765,1.48735747452e-07,0.154447840656
25,67692,67716,2044-03-18,2044-04-11,24.5,0.978302828427,0.000576441242581,0.657607664429
26,62525,62554.5,2030-01-24,2030-02-22,30,0.966652907741,0.000455335521981,1.70715594389
26,62815.5,62845,2030-11-10,2030-12-10,30,0.965498679104,4.91835486551e-05,1.03010919718
26,63106,63135.5,2031-08-28,2031-09-26,30,0.964342578413,0.000553702358719,0.0594225885591
26,63397,63426,2032-06-14,2032-07-13,29.5,0.965971119813,0.00105821824229,1.13721195687
26,63687.5,63716.5,2033-03-31,2033-04-29,29.5,0.964815674778,0.000704439028297,1.73736491684
26,63978,64007.5,2034-01-16,2034-02-14,30,0.966068808613,0.000199920805023,1.65275192905
26,64268.5,64298,2034-11-02,2034-12-02,30,0.964913632471,0.000304598465444,0.902806628384
26,64559.5,64588.5,2035-08-20,2035-09-18,29.5,0.966540925763,0.000809116128604,0.190176419351
26,64850,64879,2036-06-06,2036-07-05,29.5,0.965386405053,0.000953541637447,1.24813523548
26,65140.5,65170,2037-03-23,2037-04-22,30,0.966638481966,0.000449024903057,1.7683372176
26,65431,65460.5,2038-01-08,2038-02-06,30,0.965484229924,5.54941806878e-05,1.5860562012
26,65721.5,65751,2038-10-25,2038-11-24,30,0.964328105806,0.000560012970658,0.77084780069
26,66012.5,66041.5,2039-08-12,2039-09-10,29.5,0.965956678832,0.00106452880065,0.339230559125
26,66303,66332,2040-05-29,2040-06-27,29.5,0.964801210375,0.000698128428007,1.35072987434
26,66593.5,66623,2041-03-15,2041-04-14,30,0.966054370993,0.000193610175331,1.78642839504
26,66884,66913.5,2041-12-31,2042-01-29,30,0.964899171435,0.000310909091474,1.5076551531
26,67175,67204,2042-10-18,2042-11-16,29.5,0.966526496338,0.000815426717625,0.636049524994
26,67465.5,67494.5,2043-08-04,2043-09-02,29.5,0.965371952217,0.000947231063768,0.503922115331
26,67756,67785.5,2044-05-21,2044-06-19,30,0.966624055898,0.000442714283765,1.44416073306
27,62658,62669,2030-06-06,2030-06-17,11.5,1.04109488943,0.000714428012979,1.95312312936
27,63523,63534,2032-10-18,2032-10-29,11.5,1.04105818432,0.00325586503163,0.284037965017
27,64387.5,64398.5,2035-03-01,2035-03-12,11.5,1.04115193606,0.00294552157189,1.71247560929
27,65252.5,65263.5,2037-07-13,2037-07-24,11.5,1.04111179896,0.000404083312532,1.69613656232
27,66117.5,66128.5,2039-11-25,2039-12-06,11.5,1.04107404491,0.00213735718895,0.274627085439
27,66982.5,66993,2042-04-08,2042-04-19,11,1.04104803572,0.00406402700728,1.96763913565
27,67847,67858,2044-08-20,2044-08-31,11.5,1.04112917008,0.00152259420371,1.29835235575
28,62932,63033,2031-03-07,2031-06-16,101.5,1.07591947282,0.000408372787009,0.0665437494298
28,64272.5,64373.5,2034-11-06,2035-02-15,101.5,1.07594814005,0.000527694976449,1.68159904795
28,65613,65714,2038-07-09,2038-10-18,101.5,1.0759771798,0.000452261292152,1.75556576151
28,66953.5,67054,2042-03-10,2042-06-19,101,1.07528204387,0.000332938873513,0.0422399185548
29,62812,62825,2030-11-07,2030-11-20,13.5,1.54396593953,0.00187621546221,1.35725953027
29,62960,62972.5,2031-04-04,2031-04-16,13,0.976493011832,0.00331423483727,0.52725509519
29,63729,63742,2033-05-12,2033-05-25,13.5,1.54251216892,0.000289677709995,2.03641289417
29,63876.5,63889.5,2033-10-06,2033-10-19,13.5,0.97585604158,0.000750756408052,1.8590432424
29,64646,64659,2035-11-15,2035-11-28,13.5,1.54105761926,0.00129686066965,1.44258566471
29,64793.5,64806.5,2036-04-10,2036-04-23,13.5,0.977286431452,0.0018127289275,0.602410869518
29,65562.5,65575.5,2038-05-19,2038-06-01,13.5,1.54389026374,0.00179360756747,1.98086226077
29,65710.5,65723,2038-10-14,2038-10-27,13,0.97656751198,0.00318076000098,1.83823835865
29,66479.5,66492.5,2040-11-21,2040-12-04,13.5,1.54243645254,0.000207069697678,1.52388788015
29,66627,66640,2041-04-18,2041-05-01,13.5,0.975930466419,0.000617280630121,0.676612286057
29,67396.5,67409.5,2043-05-27,2043-06-09,13.5,1.54098186235,0.00137946862025,1.91430986304
29,67544,67557,2043-10-22,2043-11-04,13.5,0.977360967501,0.00194620442097,1.81062694927
30,62627,62717.5,2030-05-06,2030-08-04,91,1.21583071253,0.000251016553782,0.79970207911
30,62779,62837.5,2030-10-05,2030-12-02,59,1.07242674816,0.000368968285687,0.31571718992
30,63278.5,63369,2032-02-16,2032-05-17,91,1.21552616103,0.000195405383672,0.354569303629
30,63430.5,63489,2032-07-17,2032-09-14,59,1.07274740746,0.000292905061188,1.32453103881
30,63929.5,64020.5,2033-11-28,2034-02-27,91.5,1.21732315685,0.000139794172737,1.42450934043
30,64082,64140.5,2034-04-30,2034-06-27,59,1.07306806932,0.000216841678975,1.80069323563
30,64581,64672,2035-09-11,2035-12-11,91.5,1.21701886596,8.41829325733e-05,1.78407662035
30,64733.5,64791.5,2036-02-10,2036-04-08,58.5,1.07109389309,0.000140778180133,1.47751006231
30,65232.5,65323.5,2037-06-23,2037-09-22,91.5,1.21671455818,2.85716747926e-05,1.33090563733
30,65385,65443,2037-11-23,2038-01-20,58.5,1.07141474582,6.47146056503e-05,0.422220343267
30,65884,65975,2039-04-06,2039-07-06,91.5,1.21641023359,2.70395889719e-05,0.355421307841
30,66036.5,66094.5,2039-09-05,2039-11-02,58.5,1.07173560121,1.13490035702e-05,0.77899685211
30,66535.5,66626.5,2041-01-16,2041-04-17,91.5,1.21610589225,8.26508470645e-05,0.887728758568
30,66688,66746,2041-06-18,2041-08-15,58.5,1.07205645914,8.74126067112e-05,1.62106991714
30,67187,67278,2042-10-30,2043-01-29,91.5,1.21580153425,0.00013826208782,1.67704743566
30,67339.5,67397.5,2043-03-31,2043-05-28,58.5,1.07237731949,0.000163476163056,1.76321258117
30,67838.5,67929.5,2044-08-11,2044-11-10,91.5,1.21549715967,0.000193873299545,1.6802905148
31,63171.5,63191.5,2031-11-01,2031-11-21,20.5,1.09963776582,0.000551426429559,1.47922584487
31,64797.5,64817.5,2036-04-14,2036-05-04,20.5,1.09899255355,0.000152061021111,1.44547381445
31,66423.5,66443.5,2040-09-26,2040-10-16,20.5,1.09834720313,0.000247304442544,0.980379525429
32,62926,62974,2031-03-01,2031-04-18,48.5,1.02600941012,7.33793070783e-05,0.939071431661
32,64064,64111.5,2034-04-12,2034-05-29,48,1.02573727208,0.000928321034099,0.273319638625
32,65201.5,65249.5,2037-05-23,2037-07-10,48.5,1.0260515839,0.00034466087147,0.308257486235
32,66339.5,66387.5,2040-07-04,2040-08-21,48.5,1.02596679586,0.000510282502693,0.951464519772
32,67477.5,67525,2043-08-16,2043-10-03,48,1.02569388407,0.000762700099108,1.49779334044
33,63000.5,63023,2031-05-14,2031-06-06,23,1.05944612474,0.000912317630946,1.21867399353
33,64011.5,64034,2034-02-18,2034-03-13,23,1.05940527143,0.000964090819957,1.94361734605
33,65022.5,65045,2036-11-25,2036-12-18,23,1.05936442094,0.00101586400034,1.64533912509
33,66033.5,66056,2039-09-02,2039-09-25,23,1.05932357325,0.00106763717164,0.479604151484
33,67044.5,67067,2042-06-09,2042-07-02,23,1.05928272836,0.00111941033339,0.932909416242
34,62824,63025,2030-11-19,2031-06-08,201.5,1.21582643016,0.000153705529976,1.90251894153
34,64379,64580,2035-02-21,2035-09-10,201.5,1.2158262548,0.000149741134239,1.65658686493
34,65934,66135,2039-05-26,2039-12-13,201.5,1.21582651744,9.90904835664e-05,0.368254693521
34,67489,67690,2043-08-28,2044-03-16,201.5,1.2158272181,4.84397875635e-05,0.934830388803
35,62515,62531.5,2030-01-14,2030-01-30,17,1.01059043473,0.00160976081411,1.51176167784
35,62806.5,62823,2030-11-01,2030-11-18,17,1.02145194174,0.000591933017211,0.101333649449
35,62942,62958.5,2031-03-17,2031-04-02,17,1.01010000261,0.0027876292473,0.620545353781
35,63234,63250.5,2032-01-03,2032-01-19,17,1.01945765652,0.000573849540645,1.10346926265
35,63369,63385.5,2032-05-17,2032-06-02,17,1.00960958981,0.00200117086806,0.368497971478
35,63661,63677.5,2033-03-05,2033-03-21,17,1.01994819253,0.00173963054359,1.80500643655
35,63796.5,63812.5,2033-07-18,2033-08-03,16.5,1.01036013034,0.000823299047217,1.26777717928
35,64088,64104.5,2034-05-06,2034-05-22,17,1.0204387204,0.00290540683809,1.97830848512
35,64223.5,64239.5,2034-09-18,2034-10-04,16.5,1.00986960657,0.000354575074189,1.84374496729
35,64515,64531.5,2035-07-07,2035-07-23,17,1.0209292388,0.00183423285974,1.62796107708
35,64650.5,64667,2035-11-19,2035-12-06,17,1.01062262614,0.0015324482022,1.93170836763
35,64942,64958.5,2036-09-06,2036-09-22,17,1.02141974642,0.000668452126021,0.849077810482
35,65077.5,65094,2037-01-19,2037-02-05,17,1.01013219281,0.00271031703321,1.48655009411
35,65369.5,65386,2037-11-07,2037-11-24,17,1.01942545868,0.000497330423383,0.137140558945
35,65504.5,65521,2038-03-22,2038-04-08,17,1.00964177869,0.00207848334881,0.583193025796
35,65796.5,65813,2039-01-08,2039-01-25,17,1.01991599518,0.00166311162519,1.13757363305
35,65932,65948,2039-05-24,2039-06-09,16.5,1.01039232778,0.000900611793936,0.404527163861
35,66223.5,66240,2040-03-10,2040-03-27,17,1.02040652362,0.00282888832527,1.8212036977
35,66359,66375,2040-07-24,2040-08-09,16.5,1.00990180276,0.000277262277375,1.29574334806
35,66650.5,66667,2041-05-11,2041-05-28,17,1.02089704269,0.00191075173071,1.97490410244
35,66786,66802.5,2041-09-24,2041-10-10,17,1.01065481763,0.00145513557178,1.85588905788
35,67077.5,67094,2042-07-12,2042-07-29,17,1.02138755105,0.000744971227021,1.60638442897
35,67213,67229.5,2042-11-25,2042-12-11,17,1.01016438308,0.00263300478632,1.92410842507
35,67505,67521.5,2043-09-13,2043-09-29,17,1.01939326081,0.000420811300312,0.812381375423
35,67640,67656.5,2044-01-26,2044-02-11,17,1.00967396766,0.00215579580457,1.46078589165
35,67932,67948.5,2044-11-13,2044-11-29,17,1.01988379779,0.0015865926874,0.173253961528
36,63890.5,63908,2033-10-20,2033-11-07,18,1.17277492029,0.0024810125836,1.95330890841
36,63989,64003.5,2034-01-27,2034-02-10,15,0.943465225667,0.00266075731619,0.901416191557
36,65526.5,65544,2038-04-13,2038-05-01,18,1.17178398172,0.00215050305896,0.733753249628
36,65625,65639,2038-07-21,2038-08-04,14.5,0.941175789224,0.00162874935534,1.71097335622
36,67162,67180,2042-10-05,2042-10-23,18.5,1.17403834576,0.00132121767412,1.82123081444
36,67261,67275,2043-01-12,2043-01-26,14.5,0.942164015214,0.000596738056747,0.613144901178
37,62533,62566,2030-02-01,2030-03-06,33.5,0.96389944225,0.000145502359354,1.67482290566
37,62772,62804.5,2030-09-28,2030-10-30,33,0.964148377094,0.00113863806062,1.53638816007
37,63011,63043.5,2031-05-25,2031-06-26,33,0.963551511755,0.000632593032909,0.284233282455
37,63249.5,63282.5,2032-01-18,2032-02-20,33.5,0.963528990028,0.000651548769677,1.77398241692
37,63488.5,63521,2032-09-13,2032-10-16,33,0.963778419785,0.00111968239824,1.37669987229
37,63727,63760,2033-05-10,2033-06-12,33.5,0.963755577533,0.00016445812858,0.510193187337
37,63966,63998.5,2034-01-04,2034-02-05,33,0.964004704876,0.00144859628294,1.84534445765
37,64204.5,64237.5,2034-08-30,2034-10-02,33.5,0.963981542159,0.000322632853157,1.18149743009
37,64443.5,64476,2035-04-26,2035-05-29,33,0.964230366978,0.000961508377422,0.732013460684
37,64682.5,64715,2035-12-21,2036-01-23,33,0.963634098879,0.000809723167441,1.88242172788
37,64921,64954,2036-08-16,2036-09-18,33.5,0.963611460586,0.000474418478601,0.968912901603
37,65160,65192.5,2037-04-12,2037-05-14,33,0.963860780383,0.00129681180759,0.945822390277
37,65398.5,65431.5,2037-12-06,2038-01-08,33.5,0.963837821587,1.26724030958e-05,1.8868241827
37,65637.5,65670,2038-08-02,2038-09-04,33,0.96408683893,0.00127146717803,0.741766691779
37,65876,65909,2039-03-29,2039-05-01,33.5,0.964063559692,0.000499763258681,1.14616698067
37,66115,66148,2039-11-23,2039-12-26,33.5,0.963467091423,0.00078437843065,1.8584525159
37,66354,66386.5,2040-07-19,2040-08-20,33,0.963716603629,0.000986853080565,0.504593506581
37,66592.5,66625.5,2041-03-14,2041-04-16,33.5,0.963693848778,0.000297288057576,1.32892830769
37,66831.5,66864,2041-11-08,2041-12-11,33,0.9639430586,0.00147394086258,1.79998057979
37,67070,67103,2042-07-05,2042-08-07,33.5,0.963919983269,0.000189802931302,0.264899724108
37,67309,67341.5,2043-03-01,2043-04-02,33,0.964168890597,0.00109433772441,1.49263317765
37,67548,67580.5,2043-10-26,2043-11-27,33,0.963572174626,0.000676893527494,1.70848677862
37,67786.5,67819.5,2044-06-20,2044-07-23,33.5,0.963549623745,0.000607248268904,0.0586377580243
38,62515,62575,2030-01-14,2030-03-15,60.5,1.00284830945,0.000636373295872,0.837940143866
38,63656,63716,2033-02-28,2033-04-29,60.5,1.00247762824,0.000820193120636,1.40741720926
38,64797,64857,2036-04-14,2036-06-13,60.5,1.00210779201,0.000546941950814,1.78234623152
38,65938,65998,2039-05-30,2039-07-29,60.5,1.00173880212,0.000273689720337,1.91716274576
38,67079,67139,2042-07-14,2042-09-12,60.5,1.00137065994,4.36958494289e-07,1.7742351095
39,62902.5,62914,2031-02-05,2031-02-17,12,0.940652826027,0.00247406684247,1.0582685318
39,63939.5,63951,2033-12-08,2033-12-20,12,0.941955971905,0.00184344429746,0.0987075629251
39,64977,64988.5,2036-10-11,2036-10-22,12,0.940587474987,0.00226719441037,0.869061783856
39,66014,66025.5,2039-08-14,2039-08-25,12,0.941890180771,0.00205031696478,1.59864601424
39,67051.5,67063,2042-06-16,2042-06-28,12,0.940522146179,0.00206032185702,1.918169463
40,63632.5,63696.5,2033-02-04,2033-04-09,64.5,1.08465944686,0.000192307556433,1.2401214218
40,64886,64950,2036-07-12,2036-09-14,64.5,1.08558196031,0.000732026269853,1.14968924431
40,66139,66203,2039-12-17,2040-02-19,64.5,1.08435164754,3.96051106941e-05,1.80334765227
40,67392.5,67456.5,2043-05-23,2043-07-26,64.5,1.08527239755,0.000652816495369,0.293583183472
41,63706,63717.5,2033-04-19,2033-04-30,12,0.969576338961,0.00323496396564,0.423183913056
41,65179.5,65191.5,2037-05-01,2037-05-13,12.5,0.969777402518,0.00068027899849,0.248164862973
41,66653.5,66665,2041-05-14,2041-05-26,12,0.969783150858,0.00187441130432,0.0790214683215
42,62581,62609.5,2030-03-21,2030-04-18,29,1.01737338711,0.000767385076061,0.754312367558
42,62865,62886.5,2030-12-30,2031-01-20,22,0.864984469749,0.00166196152411,0.753261189559
42,62978,63006.5,2031-04-22,2031-05-20,29,1.01795491667,0.0014498863578,0.241255051979
42,63261.5,63283.5,2032-01-30,2032-02-21,22.5,0.865909076473,0.00163944782896,1.1591818407
42,63375,63403.5,2032-05-23,2032-06-20,29,1.01853622779,0.00133016148768,0.27105986794
42,63658.5,63680.5,2033-03-02,2033-03-24,22.5,0.865326742708,0.000828952792999,1.48546546987
42,63771.5,63800.5,2033-06-23,2033-07-22,29.5,1.01761463338,0.000647659714848,0.754400181683
42,64055.5,64077.5,2034-04-03,2034-04-25,22.5,0.864744729795,1.84539954081e-05,1.70603752123
42,64168.5,64197.5,2034-07-25,2034-08-23,29.5,1.01819590799,3.48438205558e-05,1.18374728662
42,64452.5,64474.5,2035-05-05,2035-05-27,22.5,0.864163040988,0.000792044884865,1.80720730149
42,64565.5,64594,2035-08-26,2035-09-24,29,1.0173307436,0.000717347261862,1.53577478885
42,64849.5,64871,2036-06-05,2036-06-27,22,0.865027162877,0.00160254015377,1.7868583437
42,64962.5,64991,2036-09-26,2036-10-25,29,1.01791228913,0.00139984875878,1.78452635246
42,65246,65268,2037-07-07,2037-07-29,22.5,0.865951782918,0.00169886917733,1.64256932564
42,65359.5,65388,2037-10-28,2037-11-26,29,1.01849361631,0.00138019911364,1.91001816422
42,65643,65665,2038-08-08,2038-08-30,22.5,0.865369425758,0.000888374561505,1.38720070096
42,65756,65785,2038-11-29,2038-12-28,29.5,1.01757200856,0.000697697543261,1.89650265498
42,66040,66062,2039-09-09,2039-10-01,22.5,0.864787389211,7.78759149035e-05,1.02574610225
42,66153,66182,2039-12-31,2040-01-29,29.5,1.01815329914,1.5194073925e-05,1.74800013935
42,66437,66459,2040-10-10,2040-11-01,22.5,0.864205676532,0.000732623084608,0.577515384131
42,66550,66578.5,2041-01-31,2041-02-28,29,1.01728809893,0.000667309437209,1.4713264794
42,66834,66856,2041-11-11,2041-12-03,22.5,0.863624290988,0.0015431187441,0.125382294346
42,66947,66975.5,2042-03-04,2042-04-01,29,1.01786966041,0.0013498111394,1.08886930319
42,67230.5,67252.5,2042-12-12,2043-01-03,22.5,0.865994491069,0.00175829048436,0.428880885933
42,67344,67372.5,2043-04-05,2043-05-03,29,1.01845100364,0.00143023671938,0.6231759486
42,67627.5,67649.5,2044-01-13,2044-02-04,22.5,0.865412110531,0.000947796308334,0.861366635049
42,67741,67769.5,2044-05-06,2044-06-03,29,1.01903212737,0.000747735361463,0.110781836668
43,62502,62549.5,2030-01-01,2030-02-17,48,1.12425851955,0.000151918654839,0.228672823632
43,62613,62629,2030-04-22,2030-05-08,16.5,0.917036614427,0.0302651683395,1.55177645669
43,63606,63667.5,2033-01-09,2033-03-11,62,1.21227699937,0.000287000058646,0.134384968388
43,63731,63747,2033-05-14,2033-05-30,16.5,0.917701204254,0.0304799460546,1.37288103007
43,64724,64785,2036-02-01,2036-04-02,61.5,1.21500671382,0.000422081335109,0.457703602214
43,64848.5,64865,2036-06-04,2036-06-21,17,0.914886381229,0.0284485496635,1.14796217395
43,65841.5,65903,2039-02-22,2039-04-25,62,1.21749009903,0.000557162423996,0.742550617594
43,65966.5,65983,2039-06-27,2039-07-14,17,0.915550858154,0.0286636528376,0.898814282058
43,66959.5,67021,2042-03-16,2042-05-17,62,1.21687358221,0.000692243264862,1.01400491078
43,67084.5,67101,2042-07-19,2042-08-05,17,0.916215318721,0.0288787181963,0.629264900868
44,62625.5,62670,2030-05-04,2030-06-18,45,0.997094293611,0.000296158317359,0.596792083539
44,62868,62913,2031-01-02,2031-02-16,45.5,0.99686700834,0.000715066169542,1.11710317329
44,63111,63155.5,2031-09-02,2031-10-16,45,0.997212240951,0.000360800242422,1.77027271427
44,63353.5,63398.5,2032-05-01,2032-06-15,45.5,0.996984971638,0.000650424444294,0.540711708427
44,63596.5,63641,2032-12-30,2033-02-13,45,0.997330151703,0.000425442141619,1.15703670977
44,63839,63884,2033-08-30,2033-10-14,45.5,0.997102898342,0.000585782672148,1.75896719353
44,64082,64126.5,2034-04-30,2034-06-13,45,0.997448025871,0.000490084010325,0.487615170039
44,64324.5,64369.5,2034-12-28,2035-02-11,45.5,0.997220788455,0.000521140857775,1.19323930823
44,64567.5,64612,2035-08-28,2035-10-12,45,0.99756586346,0.000554725843918,1.75209236804
44,64810,64855,2036-04-27,2036-06-11,45.5,0.997338641982,0.000456499005854,0.432271778059
44,65053,65097.5,2036-12-26,2037-02-08,45,0.997683664474,0.000619367637779,1.23172735818
44,65295.5,65340.5,2037-08-25,2037-10-09,45.5,0.997456458927,0.000391857121052,1.73815527597
44,65538.5,65583,2038-04-25,2038-06-09,45,0.997801428916,0.000684009387296,0.380450928918
44,65781,65826,2038-12-24,2039-02-07,45.5,0.997574239295,0.000327215208033,1.2660214966
44,66024,66068.5,2039-08-24,2039-10-07,45,0.997919156792,0.000748651087864,1.72858608736
44,66266.5,66311.5,2040-04-22,2040-06-06,45.5,0.997691983088,0.000262573271462,0.327807537336
44,66509.5,66554,2040-12-21,2041-02-04,45,0.998036848105,0.000813292734871,1.30288713127
44,66752,66797,2041-08-21,2041-10-05,45.5,0.997809690313,0.000197931316001,1.71207816911
44,66995,67039.5,2042-04-21,2042-06-04,45,0.99815450286,0.000877934323719,0.279983900862
44,67237.5,67282.5,2042-12-19,2043-02-02,45.5,0.997927360973,0.000133289346304,1.3351326968
44,67480.5,67525,2043-08-19,2043-10-03,45,0.998272121061,0.000942575849798,1.69985684591
44,67723,67768,2044-04-18,2044-06-02,45.5,0.998044995071,6.86473670184e-05,0.235190611557
44,67966,67980.75,2044-12-17,2044-12-31,15.25,1.10455272747,0.0394577575731,1.6561428555
45,62502,62505.5,2030-01-01,2030-01-04,4,1.01970721103,0.0548586673604,1.62749896015
45,62993.5,63001.5,2031-05-07,2031-05-15,8.5,1.57633385635,0.0420964290232,1.35366682903
45,63164.5,63181,2031-10-25,2031-11-11,17,0.985092946482,0.00157031779583,0.84601055756
45,63669,63676.5,2033-03-13,2033-03-20,8,1.57626903354,0.0439837262761,0.584812319035
45,63839.5,63856,2033-08-30,2033-09-16,17,0.983805851107,0.00156453566274,0.0613188829505
45,64344,64352,2035-01-17,2035-01-25,8.5,1.57618608323,0.0422815773147,1.18446414464
45,64515,64531.5,2035-07-07,2035-07-23,17,0.985233198337,0.00126279745451,0.944944157834
45,65019.5,65027,2036-11-22,2036-11-30,8,1.57612125036,0.0441688533736,2.07069556555
45,65190,65206.5,2037-05-12,2037-05-28,17,0.983945636516,0.00187205568842,1.60803275917
45,65694.5,65702.5,2038-09-28,2038-10-06,8.5,1.57603829258,0.0424667235707,2.52755211514
45,65865.5,65881.5,2039-03-18,2039-04-03,16.5,0.983962267139,0.00095527685152,1.91978946783
45,66370,66377.5,2040-08-04,2040-08-11,8,1.57597344966,0.0443539783389,2.43995958341
45,66540.5,66557,2041-01-21,2041-02-07,17,0.984085472864,0.00217957532788,1.78701722304
45,67045,67053,2042-06-10,2042-06-18,8.5,1.57589048441,0.0426518677818,1.80718896718
45,67216,67232,2042-11-28,2042-12-14,16.5,0.984102182002,0.00064775605065,1.2364706912
45,67720.5,67728,2044-04-15,2044-04-23,8,1.57582563143,0.0445391011625,0.885783302272
45,67891,67907.5,2044-10-03,2044-10-19,17,0.984225360103,0.00248709451785,0.408740735737
46,62504.5,62546,2030-01-03,2030-02-14,42,1.04400520109,0.000780229961857,1.88548885893
46,63693.5,63735,2033-04-06,2033-05-18,42,1.04426644461,0.00120627478658,0.84648189808
46,64882.5,64924,2036-07-08,2036-08-19,42,1.0445287153,0.000787242830942,0.601783671738
46,66071.5,66113.5,2039-10-10,2039-11-21,42.5,1.04428363587,0.000361196412043,1.75888065702
46,67260.5,67302.5,2043-01-11,2043-02-22,42.5,1.04454475447,6.48507562474e-05,1.87725665913
47,63157.5,63353.5,2031-10-18,2032-05-01,196.5,1.22624661352,9.71534348398e-06,0.684963252735
47,64914,65109.5,2036-08-09,2037-02-20,196,1.22529213132,0.000124790074666,0.405695891769
47,66670,66865.5,2041-05-31,2041-12-12,196,1.22529236127,5.67799731189e-05,1.49796932125
48,63041,63091,2031-06-24,2031-08-13,50.5,1.21990294282,0.000241867929327,0.558824214056
48,63152,63169,2031-10-13,2031-10-30,17.5,0.953252133235,0.0597486162893,1.52115792058
48,64603,64653,2035-10-03,2035-11-22,50.5,1.22001387709,0.000233459020703,1.63263951086
48,64714,64731,2036-01-22,2036-02-08,17.5,0.953129921907,0.0597303050263,0.262929276569
48,66165,66215,2040-01-12,2040-03-02,50.5,1.2201248068,0.000225050110075,1.62660341494
48,66276,66293,2040-05-02,2040-05-19,17.5,0.953007705424,0.0597119920631,1.2220785599
48,67727,67777,2044-04-22,2044-06-11,50.5,1.22023573196,0.000216641197514,0.53453987612
48,67838,67855,2044-08-11,2044-08-28,17.5,0.952885483785,0.0596936773992,1.81876291642
49,62502,62546,2030-01-01,2030-02-14,44.5,1.24474330494,0.00061426892917,1.92860805803
49,62901,62954.5,2031-02-04,2031-03-29,54,1.17767971247,0.000433121812923,1.5767430585
49,63309.5,63363.5,2032-03-18,2032-05-11,54.5,1.17655776009,0.000200900794721,1.1313828472
49,63718.5,63772.5,2033-05-01,2033-06-24,54.5,1.17892497361,0.000834922045458,0.488943347851
49,64127.5,64181,2034-06-14,2034-08-07,54,1.17850314783,0.000212467917601,0.131487648043
49,64536,64590,2035-07-28,2035-09-20,54.5,1.17738224665,0.000421554704579,0.723939580735
49,64945,64999,2036-09-09,2036-11-02,54.5,1.17974748788,0.000625836014637,1.24644415082
49,65354,65407.5,2037-10-23,2037-12-15,54,1.17932589779,8.18615287353e-06,1.62409443794
49,65762.5,65816.5,2038-12-05,2039-01-28,54.5,1.17820604602,0.000642208269268,1.78189699334
49,66171.5,66225,2040-01-18,2040-03-12,54,1.17778401457,0.000405182421651,1.70524994577
49,66580,66634,2041-03-02,2041-04-25,54.5,1.17666219539,0.000228840216684,1.38899603653
49,66989,67043,2042-04-15,2042-06-08,54.5,1.17902915905,0.000818549821314,0.769706276992
49,67398,67451.5,2043-05-29,2043-07-21,54,1.1786073631,0.000184528494072,0.194067428083
49,67806.5,67860.5,2044-07-10,2044-09-02,54.5,1.1774865949,0.000449494092794,0.440708521615
50,62564.5,62581.5,2030-03-04,2030-03-21,17.5,1.53831583811,0.0668509538173,1.59894008443
50,63312.5,63374,2032-03-21,2032-05-22,62,1.12366372191,0.000292339254505,1.26080815487
50,63495.5,63512.5,2032-09-20,2032-10-07,17.5,1.53665178386,0.067301481792,1.74401813987
50,64244,64305.5,2034-10-09,2034-12-09,62,1.12200165862,0.000614536577865,1.62195750699
50,64427,64443.5,2035-04-10,2035-04-26,17,1.53681533191,0.0677517545232,2.06478235808
50,65175,65236.5,2037-04-27,2037-06-27,62,1.12340283946,0.000150166479016,0.775617714414
50,65358,65375,2037-10-27,2037-11-13,17.5,1.53696121136,0.0672177393953,1.17883078225
50,66106.5,66168,2039-11-14,2040-01-15,62,1.12174153062,0.000756708780081,1.85881939636
50,66289.5,66306,2040-05-15,2040-06-01,17,1.53712476121,0.0676680597699,2.37093926626
50,67037.5,67099,2042-06-02,2042-08-03,62,1.12314207481,7.99364561306e-06,0.222002886612
50,67220.5,67237.5,2042-12-02,2042-12-19,17.5,1.53727061676,0.067133988192,0.674850691133
50,67969,67980.75,2044-12-20,2044-12-31,12.25,1.28532400218,0.0611481859957,2.22629672003
51,63161.5,63219,2031-10-22,2031-12-19,58,1.06232009334,0.000645492820921,1.56169833055
51,64222.5,64280.5,2034-09-17,2034-11-14,58.5,1.0625987106,0.000289231330268,1.08619653876
51,65284,65341.5,2037-08-14,2037-10-10,58,1.06227913043,0.000556151553717,0.507173743576
51,66345,66403,2040-07-10,2040-09-06,58.5,1.06255784176,0.000378572825406,0.07460982419
51,67406.5,67464,2043-06-06,2043-08-03,58,1.06223824288,0.000466810195713,0.624028993301
52,62659,62674,2030-06-07,2030-06-22,15.5,0.985226961695,0.00108897662926,1.75248364061
52,63494,63509,2032-09-19,2032-10-04,15.5,0.986033417351,0.000439238779299,1.77990625183
52,64329,64343.5,2035-01-02,2035-01-16,15,0.985050782705,0.00196745235785,0.484576046688
52,65164,65178.5,2037-04-16,2037-04-30,15,0.985857354816,0.00308475632494,1.17367489493
52,65998.5,66013.5,2039-07-29,2039-08-13,15.5,0.984980443748,0.00155654814917,1.94634156974
52,66833.5,66848.5,2041-11-10,2041-11-25,15.5,0.985786555228,2.83334553519e-05,1.3162618329
52,67668.5,67683.5,2044-02-23,2044-03-09,15.5,0.986593789495,0.0014998813594,0.328985314789
53,62770,62789.5,2030-09-26,2030-10-15,20,1.02563936183,0.00225324710963,0.934708572575
53,64056.5,64076,2034-04-04,2034-04-24,20,1.02407982819,0.00011898786104,1.65289007152
53,65342.5,65362,2037-10-11,2037-10-31,20,1.02547796637,0.00249122102197,1.10832800033
53,66628.5,66648,2041-04-19,2041-05-09,20,1.0268829775,0.000154103939844,1.53708115782
53,67915,67934.5,2044-10-27,2044-11-15,20,1.025316662,0.00221813129048,1.27067706572
54,62502,62528,2030-01-01,2030-01-27,26.5,1.5492354498,0.000663946160886,1.79834773235
54,62850,62883.5,2030-12-15,2031-01-17,34,0.973939309628,0.000815300548554,1.17651209922
54,63030,63082,2031-06-13,2031-08-04,52.5,1.49911950516,0.000194515522093,1.46336816
54,63404,63437.5,2032-06-21,2032-07-24,34,0.973475161229,0.00143098850063,1.47220297743
54,63584,63636,2032-12-18,2033-02-08,52.5,1.49959345799,0.000274915370495,1.63047329278
54,63958,63991.5,2033-12-27,2034-01-29,34,0.97301202829,0.000704024567391,1.30881217438
54,64137.5,64190,2034-06-24,2034-08-16,53,1.49903678676,0.000744345904961,1.61716435524
54,64511.5,64545.5,2035-07-03,2035-08-06,34.5,0.973592837552,2.29427689768e-05,1.35411323157
54,64691.5,64743.5,2035-12-30,2036-02-20,52.5,1.49860244793,0.000706171400006,1.45747163275
54,65065.5,65099,2037-01-07,2037-02-10,34,0.97398110942,0.000749909993382,1.43225186372
54,65245.5,65297.5,2037-07-06,2037-08-27,52.5,1.49907685279,0.000236740814075,1.7648884352
54,65619.5,65653,2038-07-15,2038-08-18,34,0.973516869855,0.00147687358041,1.22424930248
54,65799.5,65851.5,2039-01-11,2039-03-04,52.5,1.49955084293,0.000232690080742,1.27539325895
54,66173.5,66207,2040-01-20,2040-02-23,34,0.973053645429,0.000769415143799,1.54171531216
54,66353,66405.5,2040-07-18,2040-09-08,53,1.49899413581,0.000702120672436,1.89529684433
54,66727,66761,2041-07-27,2041-08-30,34.5,0.973634518815,4.24479698329e-05,1.08370629292
54,66907,66959,2042-01-23,2042-03-16,52.5,1.49855975491,0.000748396631664,1.09665724288
54,67281,67314.5,2043-02-01,2043-03-06,34,0.974022917395,0.00068451940879,1.64028433701
54,67461,67513,2043-07-31,2043-09-21,52.5,1.49903419705,0.000278966103564,2.0166099306
54,67835,67868.5,2044-08-08,2044-09-10,34,0.973558586695,0.00141148346756,0.933644110759
55,62589.5,62615,2030-03-29,2030-04-24,26,0.992721864482,0.00185308948359,1.56277189401
55,63404.5,63429.5,2032-06-21,2032-07-16,25.5,0.992974917903,0.00126045243701,0.398871291473
55,64219.5,64244.5,2034-09-14,2034-10-09,25.5,0.992696669458,0.000427695479798,0.909286027051
55,65034.5,65059.5,2036-12-07,2037-01-01,25.5,0.992419738231,0.00040506293145,1.82133381839
55,65849.5,65874.5,2039-03-02,2039-03-27,25.5,0.992144126198,0.00123781996364,1.82431723669
55,66664,66689.5,2041-05-25,2041-06-19,26,0.992649591343,0.0018757218587,0.908173096605
55,67479,67504,2043-08-18,2043-09-12,25.5,0.992902122853,0.00104296779279,0.414356633866
56,62640,62669.5,2030-05-19,2030-06-17,30,1.54571796116,0.00129089875261,1.04961232632
56,63021.5,63040,2031-06-04,2031-06-23,19,0.983505950211,0.000391109770848,1.85255062475
56,63212,63241.5,2031-12-12,2032-01-10,30,1.54543899788,0.00157921942907,2.35331432422
56,63593.5,63612,2032-12-27,2033-01-15,19,0.98378218575,0.00116625211869,0.284308854243
56,63784,63813.5,2033-07-06,2033-08-04,30,1.54515988738,0.00108638280718,0.530764166688
56,64165.5,64184,2034-07-22,2034-08-10,19,0.98405878893,0.00194139252019,1.96235335103
56,64356,64385.5,2035-01-29,2035-02-27,30,1.54488062968,0.000593545719227,2.45824192067
56,64737.5,64756,2036-02-14,2036-03-04,19,0.984335758984,0.00257276972103,0.522810845986
56,64928.5,64957.5,2036-08-23,2036-09-21,29.5,1.54558795981,0.000100708376513,0.839908389586
56,65309.5,65328,2037-09-08,2037-09-27,19,0.984613095148,0.00179763187608,1.76728650489
56,65500.5,65529.5,2038-03-18,2038-04-16,29.5,1.54530890054,0.00039212900943,2.07531444856
56,65881.5,65900,2039-04-03,2039-04-22,19,0.984890796657,0.00102249102079,1.2273167267
56,66072.5,66101.5,2039-10-11,2039-11-09,29.5,1.54502969404,0.000884966226855,1.61134408887
56,66453.5,66472,2040-10-26,2040-11-14,19,0.985168862746,0.000247348454614,1.28887970636
56,66644.5,66674,2041-05-05,2041-06-04,30,1.54566878088,0.00137780306377,1.36621625549
56,67026,67044.5,2042-05-22,2042-06-09,19,0.983554633453,0.000527794525216,1.72550881996
56,67216.5,67246,2042-11-28,2042-12-28,30,1.54538979164,0.00149231516201,2.20321912979
56,67598,67616.5,2043-12-15,2044-01-02,19,0.983830933876,0.00130293662371,0.598285622477
56,67788.5,67818,2044-06-22,2044-07-22,30,1.54511065518,0.000999478442593,0.656783383263
57,62712.5,62724.5,2030-07-30,2030-08-11,12.5,1.01270142943,0.0026393228507,0.681941264211
57,63332.5,63344.5,2032-04-10,2032-04-22,12.5,1.01269942998,0.00257497418915,1.92485491938
57,63952.5,63964.5,2033-12-21,2034-01-02,12.5,1.01269743187,0.00251062551582,1.50412041083
57,64572.5,64584.5,2035-09-02,2035-09-14,12.5,1.01269543508,0.002446276831,0.181846533278
57,65192.5,65204.5,2037-05-14,2037-05-26,12.5,1.01269343962,0.00238192813497,1.7115041339
57,65812.5,65824.5,2039-01-24,2039-02-05,12.5,1.01269144549,0.00231757942805,1.8061937089
57,66432.5,66444.5,2040-10-05,2040-10-17,12.5,1.01268945269,0.00225323071052,0.315041635029
57,67052.5,67064.5,2042-06-17,2042-06-29,12.5,1.01268746122,0.00218888198268,1.3810847021
57,67672.5,67684.5,2044-02-27,2044-03-10,12.5,1.01268547108,0.0021245332448,1.97509534427
58,63662.5,63690,2033-03-06,2033-04-03,28,1.00009339,0.00138105420877,1.5630788645
58,65587,65615,2038-06-13,2038-07-11,28.5,1.00143563964,0.000628358291202,0.342983310431
58,67511.5,67539.5,2043-09-19,2043-10-17,28.5,1.00056342286,0.000124339728024,1.12889156138
59,62526,62625.5,2030-01-25,2030-05-04,100,1.07321497487,8.3150465048e-06,0.189159463658
59,63164,63255.5,2031-10-25,2032-01-24,92,1.25788667868,0.000403948732289,0.858030197953
59,63290.5,63390,2032-02-28,2032-06-07,100,1.07456484346,0.000491485958102,0.312388389447
59,63928,64020,2033-11-27,2034-02-27,92.5,1.25812905522,2.50471177457e-05,1.30848681976
59,64054.5,64154,2034-04-02,2034-07-11,100,1.07283823761,0.00014803112602,0.845629926955
59,64692.5,64784.5,2035-12-31,2036-04-01,92.5,1.25652249329,0.000353854619614,1.65286674272
59,64819,64918.5,2036-05-06,2036-08-13,100,1.07418715515,0.000351770422208,1.29730510873
59,65456.5,65548.5,2038-02-02,2038-05-05,92.5,1.25857825442,0.000130966490176,1.86853865226
59,65583,65683,2038-06-09,2038-09-17,100.5,1.07425809086,0.000287747073975,1.62953628547
59,66221,66313,2040-03-08,2040-06-08,92.5,1.2569715417,0.000247935401637,1.93540650465
59,66347.5,66447,2040-07-12,2040-10-20,100,1.07380973198,0.000212054575191,1.80903338244
59,66985,67077,2042-04-11,2042-07-12,92.5,1.25902749496,0.000236885812038,1.85735810995
59,67111.5,67211.5,2042-08-15,2042-11-23,100.5,1.07388149075,0.000427462765894,1.81660475142
59,67749.5,67841.5,2044-05-14,2044-08-14,92.5,1.25742063273,0.000142016087577,1.63656203852
59,67876,67975.5,2044-09-18,2044-12-26,100,1.07343257451,7.23385403921e-05,1.6832063751
60,62566,62599,2030-03-06,2030-04-08,33.5,1.02052517868,4.30379150752e-05,0.984377400539
60,62754,62787,2030-09-10,2030-10-13,33.5,1.02025460664,0.00040744778197,1.55605719138
60,62942,62975,2031-03-17,2031-04-19,33.5,1.01998335373,0.000771857253719,0.822178441253
60,63130.5,63163,2031-09-21,2031-10-24,33,1.02110670807,0.00113626597638,1.65206927038
60,63318.5,63351,2032-03-27,2032-04-29,33,1.02083704722,0.00150067359544,0.654886649796
60,63506.5,63539,2032-10-01,2032-11-03,33,1.02056670618,0.00118391991649,1.73030590797
60,63694.5,63727,2033-04-07,2033-05-10,33,1.02029568466,0.000819511314061,0.484596007835
60,63882.5,63915.5,2033-10-12,2033-11-14,33.5,1.02089394342,0.000455101919082,1.7952878517
60,64070.5,64103.5,2034-04-18,2034-05-21,33.5,1.02062430163,9.06920836498e-05,0.311357096157
60,64258.5,64291.5,2034-10-23,2034-11-25,33.5,1.02035397937,0.000273717839581,1.8463920712
60,64446.5,64479.5,2035-04-29,2035-06-01,33.5,1.02008297636,0.000638127497421,0.159124307711
60,64635,64667.5,2035-11-04,2035-12-06,33,1.02120549679,0.00100253653613,1.88769073885
60,64823,64855.5,2036-05-10,2036-06-11,33,1.02093608549,0.0013669446014,0.0633488861329
60,65011,65043.5,2036-11-14,2036-12-16,33,1.0206659941,0.00131764915364,1.90931523826
60,65199,65231.5,2037-05-21,2037-06-22,33,1.02039522233,0.00095324093027,0.0476509980821
60,65387,65419.5,2037-11-25,2037-12-27,33,1.0201237699,0.000588831785276,1.91579400492
60,65575,65608,2038-06-01,2038-07-04,33.5,1.02072333294,0.000224422070545,0.169611409037
60,65763,65796,2038-12-06,2039-01-08,33.5,1.02045326043,0.000139987861457,1.90697771756
60,65951,65984,2039-06-12,2039-07-15,33.5,1.02018250727,0.000504397657751,0.306686975028
60,66139.5,66172,2039-12-17,2040-01-19,33,1.02130419396,0.000868806964789,1.88608525104
60,66327.5,66360,2040-06-22,2040-07-25,33,1.02103503217,0.00123321542848,0.462212097753
60,66515.5,66548,2040-12-27,2041-01-29,33,1.02076519039,0.00145137821936,1.84640692139
60,66703.5,66736,2041-07-03,2041-08-05,33,1.02049466833,0.00108697042237,0.617371441236
60,66891.5,66924,2042-01-07,2042-02-09,33,1.02022346572,0.000722561574739,1.78808726543
60,67079.5,67112.5,2042-07-14,2042-08-16,33.5,1.02082227262,0.000358152028175,0.769659979323
60,67267.5,67300.5,2043-01-18,2043-02-20,33.5,1.02055244982,6.25786506658e-06,1.68652712821
60,67455.5,67488.5,2043-07-25,2043-08-27,33.5,1.02028194647,0.000370667752195,0.91699494142
60,67643.5,67676.5,2044-01-29,2044-03-02,33.5,1.0200107623,0.000735077279878,1.5738942049
60,67832,67864.5,2044-08-05,2044-09-06,33,1.02113388727,0.00109948609422,1.06265086935
61,62782,62860,2030-10-08,2030-12-25,78.5,1.18287607639,0.0584688217672,0.0836448748393
61,62899.5,62967.5,2031-02-02,2031-04-11,68.5,1.12938614886,0.000381043000397,0.668663083638
61,64248.5,64326.5,2034-10-13,2034-12-30,78.5,1.18421243631,0.0584114579768,0.124779889202
61,64366.5,64434,2035-02-08,2035-04-17,68,1.13047449967,0.000285911796471,0.62195706133
61,65715.5,65793,2038-10-19,2039-01-05,78,1.18288721617,0.0585732983806,0.170376975404
61,65833,65901,2039-02-14,2039-04-23,68.5,1.13181369513,4.97843976095e-05,0.570027914044
61,67182,67259.5,2042-10-25,2043-01-10,78,1.18422499186,0.0585160669641,0.208563238362
61,67299.5,67367.5,2043-02-19,2043-04-28,68.5,1.13048281031,0.000186343450762,0.518328906444
62,63608,63631.5,2033-01-11,2033-02-03,24,1.01343378347,0.000488122701927,1.11307350081
62,64955.5,64979,2036-09-19,2036-10-13,24,1.01389603922,0.00130780986751,1.96698900269
62,66303,66326.5,2040-05-29,2040-06-21,24,1.01435965377,0.00208269987726,1.03990526561
62,67650.5,67674,2044-02-05,2044-02-29,24,1.0148246241,0.00126301602107,0.834741518476
63,63209.5,63221.5,2031-12-09,2031-12-21,12.5,0.976751196639,0.000363357428809,1.43548700268
63,64080,64092,2034-04-28,2034-05-10,12.5,0.976148310995,0.0021749409474,0.692331835746
63,64950.5,64962,2036-09-14,2036-09-26,12,0.976839586107,0.00398651582425,1.94870697799
63,65820.5,65832.5,2039-02-01,2039-02-13,12.5,0.977645749201,0.00231705014372,0.735920645178
63,66691,66703,2041-06-21,2041-07-03,12.5,0.977040825951,0.000505467036509,1.40817335359
63,67561.5,67573.5,2043-11-08,2043-11-20,12.5,0.976437278661,0.00130611807078,1.77857398845
64,62636.5,62649.5,2030-05-15,2030-05-28,13.5,1.02917255146,0.00021787397808,1.91110593638
64,65189.5,65202,2037-05-11,2037-05-24,13,1.02970921232,0.000425554712096,1.94975004166
64,67742,67754.5,2044-05-07,2044-05-19,13,1.02967215477,0.000633235424956,1.97891155071
65,62502,62522.5,2030-01-01,2030-01-21,21,1.530817251,0.0752235752536,0.784572739509
65,62823.5,62884,2030-11-18,2031-01-18,61,1.11536178781,0.00869163702692,1.74717886547
65,62956.5,63045.5,2031-03-31,2031-06-28,89.5,1.23851715493,0.000175923267275,1.43561210208
65,63347,63407,2032-04-25,2032-06-24,60.5,1.11389694192,0.00885013198483,0.0562034438263
65,63479.5,63568.5,2032-09-04,2032-12-02,89.5,1.23774263435,0.000303393716883,1.43011905779
65,63870,63930,2033-09-30,2033-11-29,60.5,1.11474416591,0.00900858922628,1.74076470404
65,64002.5,64091.5,2034-02-09,2034-05-09,89.5,1.2369677271,0.000306021268495,0.823638299676
65,64393,64453.5,2035-03-07,2035-05-06,61,1.11300639254,0.00825069699186,0.771967399138
65,64526,64614.5,2035-07-18,2035-10-14,89,1.23864487879,0.000178550827223,1.77230532822
65,64916,64976.5,2036-08-11,2036-10-10,61,1.11385373059,0.00840929396026,1.39817002195
65,65049,65137.5,2036-12-22,2037-03-20,89,1.23787017726,5.10799133648e-05,0.00604485161096
65,65439,65499.5,2038-01-16,2038-03-17,61,1.11470070483,0.00856785473521,1.38220291841
65,65572,65661,2038-05-29,2038-08-26,89.5,1.23912164881,7.63911359728e-05,1.78621306159
65,65962,66022.5,2039-06-23,2039-08-22,61,1.11554731437,0.00872637876512,0.814842501544
65,66095,66184,2039-11-03,2040-01-31,89.5,1.23834743051,0.00020386198167,0.734056378402
65,66485.5,66545.5,2040-11-27,2041-01-26,60.5,1.11408266571,0.0088848655028,1.73409416601
65,66618,66707,2041-04-09,2041-07-07,89.5,1.23757282513,0.000331332282578,1.47248450019
65,67008.5,67068.5,2042-05-04,2042-07-03,60.5,1.11492980948,0.00904331440543,0.112511890108
65,67141,67230,2042-09-14,2042-12-12,89.5,1.23679783322,0.000278082665508,1.39005825421
65,67531.5,67592,2043-10-09,2043-12-09,61,1.11319214111,0.00828546095752,1.7491901172
65,67664.5,67753,2044-02-19,2044-05-18,89,1.23847511483,0.000150612091912,0.880422242076
66,62504,62527.5,2030-01-03,2030-01-26,24,1.42067958011,0.00167354253706,0.344691790511
66,62651.5,62669,2030-05-30,2030-06-17,18,1.06983536348,0.0024513261639,0.746487038784
66,63418,63441.5,2032-07-05,2032-07-28,24,1.42103438731,0.00201080313867,2.33305571955
66,63565.5,63583,2032-11-29,2032-12-17,18,1.0694817153,0.00264093610454,1.82074386322
66,64332,64355.5,2035-01-05,2035-01-28,24,1.42138916158,0.00181871522723,0.344151511667
66,64479.5,64497,2035-06-01,2035-06-19,18,1.06912812989,0.00219246822518,0.75744976024
66,65246,65269.5,2037-07-07,2037-07-30,24,1.42174390289,0.00148145446187,2.3338351474
66,65393.5,65411,2037-12-01,2037-12-19,18,1.06877460744,0.00174399948046,1.81521782724
66,66160,66183.5,2040-01-07,2040-01-30,24,1.42209861119,0.00114419344577,0.344292799445
66,66307.5,66325,2040-06-02,2040-06-20,18,1.06842114816,0.00129553004669,0.768375923122
66,67074,67097.5,2042-07-09,2042-08-01,24,1.42245328646,0.000806932236171,2.33452064619
66,67221.5,67239,2042-12-03,2042-12-21,18,1.06806775226,0.000847060100561,1.80962534445
67,62662,62941,2030-06-10,2031-03-16,279.5,1.22170443988,1.17482490147e-06,0.630605691499
67,63382.5,63661.5,2032-05-30,2033-03-05,279.5,1.22170438645,1.57418647963e-05,0.444389259144
67,64103,64382,2034-05-21,2035-02-24,279.5,1.22170443939,3.85804545949e-06,0.254969267551
67,64823.5,65102.5,2036-05-10,2037-02-13,279.5,1.22170459869,1.88586719195e-05,0.0708182780143
67,65544,65823.5,2038-05-01,2039-02-04,280,1.22238008291,4.15753792729e-05,0.0611286341173
67,66264.5,66544,2040-04-20,2041-01-25,280,1.22237995205,6.42920645377e-05,0.0438207447042
67,66985,67264.5,2042-04-11,2043-01-15,280,1.22237992726,5.97522119251e-05,0.223198743489
67,67705.5,67980.75,2044-03-31,2044-12-31,275.75,1.21705522407,4.2835538949e-05,0.408090534539
68,62642,62688,2030-05-21,2030-07-06,46.5,0.990035510011,0.000832262648561,1.00327731246
68,62838,62897,2030-12-03,2031-01-31,59.5,1.27307540092,0.000211972248586,0.665277954422
68,63084.5,63130.5,2031-08-06,2031-09-21,46.5,0.990127117527,0.000434840833904,0.212383591422
68,63280.5,63339.5,2032-02-18,2032-04-17,59.5,1.27298076987,0.000519173965161,0.546015457013
68,63527,63573,2032-10-22,2032-12-07,46.5,0.990219029365,3.74179383634e-05,1.35157793231
68,63723,63782.5,2033-05-06,2033-07-04,60,1.27309209397,0.00082637508567,1.73831227706
68,63969.5,64015.5,2034-01-07,2034-02-22,46.5,0.990311245227,0.000360005050206,1.94328875248
68,64165.5,64225,2034-07-22,2034-09-20,60,1.27299762888,0.000576494098459,2.24868104832
68,64412,64458,2035-03-26,2035-05-11,46.5,0.990403764811,0.000757427144514,1.69476431813
68,64608.5,64667.5,2035-10-08,2035-12-06,59.5,1.27322327984,0.000269292466173,1.61962621956
68,64855,64901,2036-06-11,2036-07-27,46.5,0.989983739731,0.00105744377552,0.725940333132
68,65051,65110,2036-12-24,2037-02-21,59.5,1.2731289377,3.79094750885e-05,0.389417703815
68,65297.5,65343.5,2037-08-27,2037-10-12,46.5,0.990075174683,0.000660023011954,0.499647284722
68,65493.5,65552.5,2038-03-11,2038-05-09,59.5,1.27303441112,0.000345111372828,0.860543337732
68,65740,65786,2038-11-13,2038-12-29,46.5,0.990166914126,0.000262600607521,1.56124718155
68,65936,65995.5,2039-05-28,2039-07-26,60,1.27314553672,0.000652312874392,1.93816410571
68,66182.5,66228.5,2040-01-29,2040-03-15,46.5,0.990258957763,0.000134822449596,1.96269684796
68,66378.5,66438,2040-08-12,2040-10-11,60,1.2730511761,0.000750556422671,2.20790954683
68,66625,66671,2041-04-16,2041-06-01,46.5,0.990351305293,0.000532245171781,1.5156361019
68,66821,66880.5,2041-10-29,2041-12-27,60,1.27295663111,0.000443355121841,1.34306349123
68,67068,67113.5,2042-07-03,2042-08-17,46,0.990113229901,0.00092966657201,0.432730702874
68,67264,67323,2043-01-15,2043-03-15,59.5,1.27318241526,0.00013615331238,0.298855618013
68,67510.5,67556.5,2043-09-18,2043-11-03,46.5,0.990023329594,0.000885204663223,0.78864721268
68,67706.5,67765.5,2044-04-01,2044-05-30,59.5,1.27308799318,0.00017104865331,1.16835539354
68,67953,67980.75,2044-12-04,2044-12-31,28.25,0.99886903533,0.000487783067149,1.74727736238
69,62502,62527,2030-01-01,2030-01-26,25.5,1.10670511969,0.0498867068097,0.454842481339
69,63755.5,63849.5,2033-06-07,2033-09-09,94.5,1.07510925875,0.000577520019431,1.64492177502
69,65077.5,65171.5,2037-01-19,2037-04-23,94.5,1.07513637078,5.8911713129e-05,1.67632428153
69,66399.5,66494,2040-09-02,2040-12-06,95,1.07568350798,0.000464840876436,0.438118896236
69,67722,67816,2044-04-17,2044-07-20,94.5,1.07512998968,0.0001715916112,2.01123252617
70,62917,62985,2031-02-20,2031-04-29,68.5,0.974611270304,0.000598360352485,0.825498841424
70,63962,64030,2033-12-31,2034-03-09,68.5,0.974714201588,1.64412223512e-05,0.0422193007959
70,65007,65074.5,2036-11-10,2037-01-16,68,0.974228265675,0.000631242571842,0.730711696158
70,66051.5,66119.5,2039-09-20,2039-11-27,68.5,0.974657992361,0.000314942433044,1.47474231321
70,67096.5,67164,2042-07-31,2042-10-07,68,0.974172791055,0.000299860087397,1.89739814445
71,63065,63099.5,2031-07-18,2031-08-21,35,0.948700553494,0.000905973643841,1.3024237583
71,63741,63775.5,2033-05-24,2033-06-27,35,0.948333052864,0.000361475494513,1.77879964515
71,64417.5,64451.5,2035-03-31,2035-05-04,34.5,0.948798766775,0.000183023757993,1.87537153571
71,65093.5,65128,2037-02-04,2037-03-11,35,0.949574433854,0.000727522450749,1.54826482135
71,65769.5,65804,2038-12-12,2039-01-16,35,0.949204759803,0.00127201891678,0.828736790388
71,66445.5,66480,2040-10-18,2040-11-22,35,0.948836002184,0.00110631428642,0.0978861896022
71,67121.5,67156,2042-08-25,2042-09-29,35,0.948468163077,0.000561816960684,0.876175923702
71,67798,67832,2044-07-02,2044-08-05,34.5,0.948934579368,1.73179209262e-05,1.53578770306
72,62862.5,62922,2030-12-27,2031-02-25,60,1.20956975095,3.38343245447e-05,1.47238144155
72,62983.5,63043,2031-04-27,2031-06-26,60,1.21311651478,0.00299774167465,0.160934929633
72,64258.5,64318,2034-10-23,2034-12-22,60,1.21456397169,9.4407373575e-05,0.672624914753
72,64380,64439.5,2035-02-22,2035-04-22,60,1.21479878904,0.00309269949716,0.833136870192
72,65655,65714.5,2038-08-20,2038-10-18,60,1.21288162262,8.53539059231e-05,0.37181286655
72,65776,65835.5,2038-12-19,2039-02-16,60,1.20980478871,0.00281081693849,1.56258232101
72,67051.5,67111,2042-06-16,2042-08-15,60,1.21119873988,2.4780830805e-05,1.28366194299
72,67172.5,67232,2042-10-15,2042-12-14,60,1.21148811041,0.00290582747806,1.79768511215
73,62836.5,62931.5,2030-12-01,2031-03-06,95.5,1.17174421848,5.44325815678e-05,1.13928662308
73,62959.5,63054,2031-04-03,2031-07-07,95,1.17175478912,2.89582336526e-06,1.44179333919
73,63844.5,63939,2033-09-04,2033-12-08,95,1.17242873768,0.000163715531408,1.78441772618
73,63967.5,64062,2034-01-05,2034-04-10,95,1.17302614173,0.000104993561418,1.76723046227
73,64852,64947,2036-06-08,2036-09-11,95.5,1.17340091958,8.81541930851e-05,1.36613835997
73,64975,65070,2036-10-09,2037-01-12,95.5,1.17234050141,0.000143664039806,1.01417162622
73,65860,65955,2039-03-13,2039-06-16,95.5,1.17213099467,2.11289355435e-05,0.287625912254
73,65983,66078,2039-07-14,2039-10-17,95.5,1.17361061574,3.57747431928e-05,0.28997422821
73,66868,66962.5,2041-12-15,2042-03-19,95,1.17281624149,0.000130411987523,1.02936253116
73,66991,67085.5,2042-04-17,2042-07-20,95,1.17263858058,7.21146781976e-05,1.36790088601
73,67875.5,67970.5,2044-09-17,2044-12-21,95.5,1.17378815246,0.000121457791078,1.7717886848
74,63189,63303.5,2031-11-19,2032-03-12,115,0.997336112539,0.000187635216154,0.074738855122
74,64102,64216,2034-05-20,2034-09-11,114.5,0.996659778323,0.000283805045262,1.9269229022
74,65014.5,65129,2036-11-17,2037-03-12,115,0.997314666083,0.000286077921008,0.0683669692333
74,65927.5,66041.5,2039-05-19,2039-09-10,114.5,0.996638405844,0.000185362335548,1.92433402374
74,66840.5,66954.5,2041-11-17,2042-03-11,114.5,0.996743188635,0.000384520375922,0.0632175656926
74,67753,67867,2044-05-18,2044-09-09,114.5,0.996617301294,8.69194639874e-05,1.92007842215
75,62757.5,62823.5,2030-09-13,2030-11-18,66.5,1.14683140649,0.000696082246432,1.34262330493
75,64144.5,64210.5,2034-07-01,2034-09-05,66.5,1.14520596334,5.86229725309e-05,0.238128187941
75,65531,65597,2038-04-18,2038-06-23,66.5,1.14695561009,0.000753655344247,0.956470130282
75,66918,66984,2042-02-03,2042-04-10,66.5,1.14532978499,1.0495638285e-06,1.79785236599
76,62519,62630.5,2030-01-18,2030-05-09,112,1.20085908565,0.000228367424484,0.712740674176
76,62674,62785.5,2030-06-22,2030-10-11,112,1.20067929964,1.75569850885e-07,1.27105666914
76,63151.5,63263,2031-10-12,2032-02-01,112,1.20135535959,0.0001558907418,1.72645397784
76,63306.5,63418,2032-03-15,2032-07-05,112,1.20018309543,9.01734484045e-05,1.79380067871
76,63784,63895.5,2033-07-06,2033-10-25,112,1.20185168397,8.34139418017e-05,1.47431688377
76,63939,64051,2033-12-08,2034-03-30,112.5,1.20146485576,0.000180522335337,1.06834365387
76,64416.5,64528.5,2035-03-30,2035-07-20,112.5,1.20056025882,1.09370791083e-05,0.311395032118
76,64571.5,64683.5,2035-09-01,2035-12-22,112.5,1.20096907789,0.000270870958977,0.404509437351
76,65049,65161,2036-12-22,2037-04-13,112.5,1.20105599369,6.15397918059e-05,1.14201308668
76,65204,65316,2037-05-26,2037-09-15,112.5,1.20047335222,0.000288115218857,1.54426680971
76,65681.5,65793.5,2038-09-15,2039-01-05,112.5,1.20155178065,0.000134016616606,1.78322223469
76,65837,65948.5,2039-02-18,2039-06-09,112,1.20176466499,0.000197766657653,1.71076405043
76,66314.5,66426,2040-06-09,2040-09-29,112,1.20027008599,0.000206493341096,1.17154232517
76,66469.5,66581,2040-11-11,2041-03-03,112,1.2012683494,0.000107417810027,0.616944870243
76,66947,67058.5,2042-03-04,2042-06-23,112,1.20076629924,0.000241918915382,0.0776280853972
76,67102,67213.5,2042-08-06,2042-11-25,112,1.20077208437,1.70688065953e-05,0.8052276206
76,67579.5,67691,2043-11-26,2044-03-17,112,1.20126256368,0.000169442260704,1.47659609637
76,67734.5,67846,2044-04-29,2044-08-19,112,1.20027587052,7.32802216037e-05,1.7262448883
77,62883.5,62924,2031-01-17,2031-02-27,41,1.00480210485,0.00113025072142,1.79999180199
77,64408.5,64448.5,2035-03-22,2035-05-01,40.5,1.00443000213,0.000353341085629,1.977236609
77,65933,65973,2039-05-25,2039-07-04,40.5,1.0045418755,0.00042357111111,1.58349010119
77,67457.5,67498,2043-07-27,2043-09-06,41,1.00477598665,0.00120048023973,0.749425405732
78,63103,63120.5,2031-08-25,2031-09-11,18,1.03158043068,0.0018202084656,1.76761157256
78,63819,63836,2033-08-10,2033-08-27,17.5,1.03190922078,5.20064384574e-05,1.88058681968
78,64534.5,64552,2035-07-26,2035-08-13,18,1.03234824455,0.00192422094535,1.95781261372
78,65250,65267.5,2037-07-11,2037-07-28,18,1.03157529729,0.00180775793922,1.99989178894
78,65966,65983,2039-06-27,2039-07-14,17.5,1.0319040787,6.44570087606e-05,2.00850795431
78,66681.5,66699,2041-06-11,2041-06-29,18,1.03234309747,0.00193667146575,1.97896138688
78,67397,67414.5,2043-05-28,2043-06-14,18,1.031570164,0.00179530741222,1.91381663853
79,62616.5,62725.5,2030-04-25,2030-08-12,109.5,1.57272840508,0.000153734257835,0.567363428741
79,62915,62987,2031-02-18,2031-05-01,72.5,1.04346312903,0.000461611649139,1.51767072034
79,63163.5,63272,2031-10-24,2032-02-10,109,1.57285205124,0.00039855795034,2.42724262944
79,63461.5,63533.5,2032-08-17,2032-10-28,72.5,1.04351542585,0.000151794477987,1.42395806314
79,63710,63819,2033-04-23,2033-08-10,109.5,1.57275048139,3.83768107318e-07,0.568688823984
79,64008.5,64080.5,2034-02-15,2034-04-28,72.5,1.04344365566,0.000697399632552,1.47116259218
79,64257,64365.5,2034-10-22,2035-02-07,109,1.57287405081,0.000399325485279,2.40428631215
79,64555,64627,2035-08-16,2035-10-27,72.5,1.04349504358,8.39947508447e-05,1.47171140588
79,64803.5,64912,2036-04-20,2036-08-07,109,1.5728164861,0.000152966721804,0.568938227718
79,65101.5,65173.5,2037-02-12,2037-04-25,72.5,1.04354879576,0.000529411128546,1.42298088052
79,65350,65459,2037-10-19,2038-02-05,109.5,1.57271504917,0.000245975150058,2.37630634837
79,65648.5,65720.5,2038-08-13,2038-10-24,72.5,1.04347501064,0.000319783832288,1.5178244117
79,65897,66005.5,2039-04-19,2039-08-05,109,1.57283874148,0.000306317137883,0.568101440922
79,66195,66267,2040-02-11,2040-04-23,72.5,1.04352785412,0.000293622525498,1.37317502959
79,66443.5,66552.5,2040-10-16,2041-02-02,109.5,1.57273722155,9.26246960976e-05,2.34835767453
79,66742,66814,2041-08-11,2041-10-22,72.5,1.04345532709,0.000555572352562,1.56225375532
79,66990.5,67099,2042-04-16,2042-08-03,109,1.57286083713,0.000459667406116,0.566173522731
79,67288.5,67360.5,2043-02-08,2043-04-21,72.5,1.04350726173,5.7833407286e-05,1.32179620281
79,67537,67646,2043-10-15,2044-02-01,109.5,1.57275923421,6.07258025744e-05,2.31805717882
79,67835.5,67907,2044-08-08,2044-10-19,72,1.04332911284,0.000671238480562,1.60495778178
80,62568.5,62593.5,2030-03-08,2030-04-02,25.5,0.960547700247,0.000561802831718,0.922273474996
80,62704.5,62730,2030-07-22,2030-08-17,26,1.48238771028,0.000306563367471,0.416283522375
80,63548.5,63574,2032-11-12,2032-12-08,26,0.960995528587,0.00170855853243,0.91465998142
80,63685,63710,2033-03-29,2033-04-23,25.5,1.48203941154,0.00109087111433,1.8504994576
80,64529,64554,2035-07-21,2035-08-15,25.5,0.96127150186,7.31426822197e-05,1.86437526514
80,64665.5,64690.5,2035-12-04,2035-12-29,25.5,1.48397960423,8.42526460112e-05,2.21249250695
80,65509,65534.5,2038-03-27,2038-04-21,26,0.961719142939,0.00156227421935,1.11666481968
80,65645.5,65670.5,2038-08-10,2038-09-04,25.5,1.48128582877,0.000922366113359,0.617685728999
80,66489.5,66515,2040-12-01,2040-12-27,26,0.959856447147,0.000708088034644,0.690542453377
80,66626,66651,2041-04-17,2041-05-12,25.5,1.48322646881,0.000475068615887,1.64285470962
80,67469.5,67495,2043-08-08,2043-09-03,26,0.962443299544,0.000927331313988,1.83565818918
80,67606,67631.5,2043-12-23,2044-01-17,26,1.48282139058,0.000531550440468,2.29041355601
81,62670,62701.5,2030-06-18,2030-07-19,32,0.974177946604,0.000574343626267,0.39957805351
81,62973,63004.5,2031-04-17,2031-05-18,32,0.975219157624,0.000994020640917,1.2092027273
81,63276.5,63307.5,2032-02-14,2032-03-16,31.5,0.973867113818,0.000666155727035,1.7102562923
81,63579.5,63610.5,2032-12-13,2033-01-13,31.5,0.974908862946,0.00024647661407,1.73666592436
81,63882.5,63913.5,2033-10-12,2033-11-12,31.5,0.975949173865,0.000173203580491,1.26642771645
81,64185.5,64217,2034-08-11,2034-09-12,32,0.974223972701,0.000592883020073,0.405160386574
81,64488.5,64520,2035-06-10,2035-07-12,32,0.975265120197,0.00101255988261,0.546765171485
81,64792,64823,2036-04-09,2036-05-10,31.5,0.973913163701,0.000647616354851,1.31775567695
81,65095,65126,2037-02-06,2037-03-09,31.5,0.974954849273,0.000227937155132,1.75072576336
81,65398,65429,2037-12-06,2038-01-06,31.5,0.975995096683,0.000191743044746,1.69290783346
81,65701,65732.5,2038-10-05,2038-11-05,32,0.97426999599,0.000611422408845,1.14867254144
81,66004,66035.5,2039-08-04,2039-09-04,32,0.975311079965,0.00103109911575,0.245546177598
81,66307.5,66338.5,2040-06-02,2040-07-03,31.5,0.973959210775,0.000629076977104,0.687866862039
81,66610.5,66641.5,2041-04-01,2041-05-02,31.5,0.975000832794,0.000209397694245,1.41740064267
81,66913.5,66944.5,2042-01-29,2042-03-01,31.5,0.976041016698,0.000210282507366,1.77792571947
81,67216.5,67248,2042-11-28,2042-12-30,32,0.974316016473,0.00062996179243,1.63004674262
81,67519.5,67551,2043-09-27,2043-10-29,32,0.975357036928,0.00103021426972,1.02724080887
81,67823,67854,2044-07-27,2044-08-27,31.5,0.974005255041,0.000610537593959,0.103913984498
82,63104.5,63127.5,2031-08-26,2031-09-18,23.5,1.49361618566,0.0607146598437,2.35522517881
82,63223,63287.5,2031-12-23,2032-02-25,65,1.07913751366,0.000561253498944,1.73723306212
82,64332,64355,2035-01-05,2035-01-28,23.5,1.49342665274,0.060751173707,1.40548871959
82,64450.5,64515,2035-05-03,2035-07-07,65,1.07929490743,0.000628037187495,1.31572145582
82,65559.5,65582.5,2038-05-16,2038-06-08,23.5,1.49323711516,0.0607876856597,1.19026834373
82,65677.5,65742.5,2038-09-11,2038-11-15,65.5,1.07779554033,0.000694820810578,0.461711867886
82,66787,66810,2041-09-25,2041-10-18,23.5,1.49304757293,0.0608241957,2.38510030327
82,66905,66970,2042-01-21,2042-03-27,65.5,1.07795233352,0.000761604361269,1.82936742825
83,62578.5,62615.5,2030-03-18,2030-04-24,37.5,0.951725491645,0.00065226853545,0.549967549838
83,62775.5,62812,2030-10-01,2030-11-07,37,0.952341317353,0.00119928980141,1.7332896067
83,62972,63008.5,2031-04-16,2031-05-22,37,0.95166817839,0.000308197970614,0.944251031207
83,63168.5,63205.5,2031-10-29,2031-12-05,37.5,0.951777909753,0.000582896561032,1.50697239581
83,63365.5,63402,2032-05-13,2032-06-19,37,0.952393539943,0.00126866133944,1.29178698075
83,63562,63598.5,2032-11-26,2033-01-01,37,0.951720737917,0.000377570046368,1.14705390569
83,63758.5,63795.5,2033-06-10,2033-07-17,37.5,0.951830301624,0.000513524555561,1.56613346867
83,63955.5,63992,2033-12-24,2034-01-30,37,0.952445736313,0.00133803281017,0.720047280159
83,64152,64188.5,2034-07-09,2034-08-14,37,0.951773271204,0.000446942102048,1.75953556391
83,64348.5,64385.5,2035-01-21,2035-02-27,37.5,0.951882667259,0.000444152522739,0.263317222056
83,64545.5,64582,2035-08-06,2035-09-12,37,0.952497906464,0.00133524324185,1.8589996335
83,64742,64778.5,2036-02-19,2036-03-26,37,0.951825778254,0.000516314133978,0.101723389573
83,64938.5,64975.5,2036-09-02,2036-10-09,37.5,0.951935006659,0.000374780466263,1.85515318271
83,65135.5,65172,2037-03-18,2037-04-24,37,0.952550050397,0.00126587177096,0.496089354417
83,65332,65368.5,2037-10-01,2037-11-06,37,0.951878259068,0.000585686138463,1.75398113075
83,65528.5,65565.5,2038-04-15,2038-05-22,37.5,0.951987319826,0.000305408389829,0.892917060179
83,65725.5,65762,2038-10-29,2038-12-05,37,0.952602168114,0.00119650023253,1.54976274131
83,65922,65958.5,2039-05-14,2039-06-19,37,0.951930713647,0.000655058111841,1.24819384205
83,66118.5,66155.5,2039-11-26,2040-01-02,37.5,0.952039606761,0.000236036297135,1.19803851496
83,66315.5,66352,2040-06-10,2040-07-17,37,0.952654259615,0.00112712863025,1.53635478486
83,66512,66548.5,2040-12-24,2041-01-29,37,0.951983141993,0.00072443005042,0.78070969776
83,66708.5,66745.5,2041-07-08,2041-08-14,37.5,0.952091867467,0.000166664191876,1.73815205114
83,66905.5,66942,2042-01-21,2042-02-27,37,0.952706324903,0.00105775696785,0.324229738437
83,67102,67138.5,2042-08-06,2042-09-11,37,0.952035544107,0.000793801950513,1.85067146467
83,67298.5,67335.5,2043-02-18,2043-03-27,37.5,0.952144101943,9.72920777424e-05,0.0539450927483
83,67495.5,67532,2043-09-03,2043-10-10,37,0.952758363979,0.000988385249043,1.86400527791
83,67692,67728.5,2044-03-18,2044-04-23,37,0.95208791999,0.00086317380846,0.44168774068
83,67888.5,67925.5,2044-09-30,2044-11-06,37.5,0.952196310192,2.79199584356e-05,1.77285965623
84,62655,62745.5,2030-06-03,2030-09-01,91,1.07851903905,0.000148585879521,1.97055758889
84,63679,63769,2033-03-23,2033-06-21,90.5,1.07816838812,0.000404255005991,1.25933954394
84,64702.5,64793,2036-01-10,2036-04-10,91,1.07870337787,0.000536778239709,0.0800048896491
84,65726,65816.5,2038-10-30,2039-01-28,91,1.07863357289,0.00028110965216,1.14872671754
84,66749.5,66840,2041-08-18,2041-11-17,91,1.07856500423,2.54402113696e-05,1.93555499962
84,67773,67863.5,2044-06-07,2044-09-05,91,1.07849767218,0.000230229306631,1.95759078504
85,63178,63191.5,2031-11-08,2031-11-21,14,1.00163029311,0.00217758908104,1.63015234875
85,64093,64107,2034-05-11,2034-05-25,14.5,1.00124631248,0.00187668767798,1.2009721256
85,65008.5,65022.5,2036-11-11,2036-11-25,14.5,1.00128937036,0.0015757860192,1.6080379229
85,65924,65938,2039-05-16,2039-05-30,14.5,1.00133248845,0.00127488414574,1.23009310869
85,66839.5,66853.5,2041-11-16,2041-11-30,14.5,1.00137566674,0.0009739820986,1.58517931598
85,67755,67769,2044-05-20,2044-06-03,14.5,1.00141890522,0.000673079918799,1.25879448548
86,62549,62561,2030-02-17,2030-03-01,12.5,0.975945250274,0.000419484755429,1.63320653497
86,62682,62700,2030-06-30,2030-07-18,18.5,1.45612769162,1.24145043295e-05,2.38363378733
86,63511,63523,2032-10-06,2032-10-18,12.5,0.975445615937,0.000422670287383,1.52828835327
86,63643.5,63662,2033-02-15,2033-03-06,19,1.45426023263,0.000576330399524,1.12911944468
86,64473,64485,2035-05-26,2035-06-07,12.5,0.974946161243,0.00126482494558,0.431376470775
86,64605.5,64624,2035-10-05,2035-10-24,19,1.45476147598,0.00114024613766,1.5075987611
86,65435,65447,2038-01-12,2038-01-24,12.5,0.974446886925,0.00210697845145,1.86629417966
86,65567.5,65586,2038-05-24,2038-06-12,19,1.4552626418,0.00170416156535,2.29045433837
86,66396.5,66409,2040-08-30,2040-09-12,13,0.976319949239,0.00294913003496,1.05997486974
86,66529.5,66548,2041-01-10,2041-01-29,19,1.45576373003,0.00226807652953,0.479509014957
86,67358.5,67371,2043-04-19,2043-05-02,13,0.975820328354,0.00379127892365,1.01352691066
86,67491.5,67510,2043-08-30,2043-09-18,19,1.45626474062,0.00245043029729,2.07940845477
87,62726,62786,2030-08-13,2030-10-12,60.5,1.2123044333,0.0147082942865,1.59583747911
87,62849,62909,2030-12-14,2031-02-12,60.5,1.21541349331,0.000153142888789,1.63993603562
87,63934,63994,2033-12-03,2034-02-01,60.5,1.21648333577,0.0151160398174,0.177121198707
87,64057,64117.5,2034-04-05,2034-06-04,61,1.21441434111,5.22869552836e-05,1.52324324004
87,65142.5,65202.5,2037-03-25,2037-05-24,60.5,1.21405930827,0.0148795754056,1.37506782373
87,65265.5,65325.5,2037-07-26,2037-09-24,60.5,1.21365918843,6.69005339064e-05,0.197814486179
87,66350.5,66411,2040-07-15,2040-09-14,61,1.21481429832,0.0146428247661,1.77188638829
87,66474,66534,2040-11-16,2041-01-15,60.5,1.21608344949,0.000138529346133,1.3770176715
87,67559,67619,2043-11-06,2044-01-05,60.5,1.21581344431,0.0150507066609,0.703176117086
87,67682,67742.5,2044-03-08,2044-05-07,61,1.21508430791,1.93419622437e-05,1.72153598796
88,63457,63488.5,2032-08-13,2032-09-13,32,1.00325436104,0.000694904013133,0.625493491969
88,64989,65020,2036-10-23,2036-11-23,31.5,1.00238050549,0.000165619410587,1.53565871612
88,66520.5,66552,2041-01-01,2041-02-02,32,1.00195028576,0.000363665539154,1.93339882953
89,62619.5,62677.5,2030-04-28,2030-06-25,58.5,1.37847613987,0.000170610156739,2.0962501459
89,62969,63008.5,2031-04-13,2031-05-22,40,0.941108396571,0.00119357307368,0.432262220606
89,63129,63187,2031-09-20,2031-11-17,58.5,1.37825064878,1.44495423779e-05,0.257405450372
89,63478.5,63518,2032-09-03,2032-10-13,40,0.941327268337,0.000920444146618,1.84341488192
89,63638.5,63696.5,2033-02-10,2033-04-09,58.5,1.37802507612,0.000199509236895,2.1333369762
89,63988,64027.5,2034-01-26,2034-03-06,40,0.941546326938,0.000647314276671,0.777866742729
89,64148,64206,2034-07-05,2034-09-01,58.5,1.37779942192,0.000384568867964,1.13759773129
89,64498,64537,2035-06-20,2035-07-29,39.5,0.940629447134,0.000374183744091,1.3017930152
89,64657.5,64715.5,2035-11-26,2036-01-23,58.5,1.37757368623,0.000569628376672,1.23874813624
89,65007.5,65047,2036-11-10,2036-12-20,40,0.939932856457,0.000101052828741,1.68960746267
89,65167,65225,2037-04-19,2037-06-16,58.5,1.37734786906,0.000754687704047,2.16749668026
89,65517,65556.5,2038-04-04,2038-05-13,40,0.94015071615,0.000172078189932,0.265574792757
89,65676.5,65734.5,2038-09-10,2038-11-07,58.5,1.37712197047,0.000797157187577,0.330861998669
89,66026.5,66066,2039-08-26,2039-10-05,40,0.940368764509,0.000445209032881,1.8049903909
89,66186,66244.5,2040-02-02,2040-03-31,59,1.37788444779,0.000612097909053,2.04466368723
89,66536,66575.5,2041-01-17,2041-02-25,40,0.940587001195,0.000718339421471,0.967574890281
89,66696,66754,2041-06-26,2041-08-23,58.5,1.37878845721,0.000427038436304,1.34666761196
89,67045.5,67085,2042-06-10,2042-07-20,40,0.940805425866,0.000991469077471,1.1539429308
89,67205.5,67263.5,2042-11-17,2043-01-14,58.5,1.37856307921,0.000241978827984,1.03606660443
89,67555,67594.5,2043-11-02,2043-12-11,40,0.941024038183,0.00126459772304,1.76425522733
89,67715,67773,2044-04-10,2044-06-07,58.5,1.37833761959,5.69191428042e-05,2.21605854632
90,63534,63561.5,2032-10-29,2032-11-25,28,0.996579781689,0.00101175088545,1.62146460361
90,64686,64713.5,2035-12-25,2036-01-21,28,0.996813443889,0.00140373671541,1.91857526925
90,65838,65865.5,2039-02-19,2039-03-18,28,0.997047526048,0.00179572128507,1.78937875536
90,66990,67017.5,2042-04-16,2042-05-13,28,0.997282027683,0.0014066045195,1.26926228302
91,62722,62921.5,2030-08-09,2031-02-24,200,1.22090116293,5.59706186307e-05,1.75718450773
91,64332.5,64532,2035-01-05,2035-07-24,200,1.22090004463,4.77089580734e-05,1.25684328567
91,65943,66142.5,2039-06-04,2039-12-20,200,1.22089966987,2.40947479087e-05,0.884648901944
91,67553.5,67753,2043-10-31,2044-05-18,200,1.22090003865,4.80505773233e-07,1.90975244434
92,62764.5,62860,2030-09-20,2030-12-25,96,1.01392878985,2.18571199611e-05,1.66136267743
92,64474.5,64570,2035-05-27,2035-08-31,96,1.01402675013,6.24363963847e-05,1.60334922712
92,66184.5,66280,2040-01-31,2040-05-06,96,1.01412491805,0.000146729884726,0.104467559488
92,67894.5,67980.75,2044-10-06,2044-12-31,86.75,1.01648067458,0.000231023307277,1.5718691415
93,63022.5,63047.5,2031-06-05,2031-06-30,25.5,0.981532330536,0.000523598768627,0.380660101735
93,63996,64021,2034-02-03,2034-02-28,25.5,0.981434827896,0.000668071046645,1.45833852729
93,64969.5,64994.5,2036-10-03,2036-10-28,25.5,0.98133736562,0.000812543254708,1.76947716589
93,65943,65968,2039-06-04,2039-06-29,25.5,0.981239943732,0.000957015377662,0.299722982072
93,66916.5,66941.5,2042-02-01,2042-02-26,25.5,0.981142562251,0.00110148740034,1.51623836927
93,67890,67915,2044-10-02,2044-10-27,25.5,0.9810452212,0.00124595930758,1.73314126003
94,62956,62977.5,2031-03-31,2031-04-21,22,1.04328282404,0.00141879689241,1.24599957885
94,64618,64640,2035-10-18,2035-11-09,22.5,1.04344072168,0.000766530915641,1.72663158521
94,66280.5,66302,2040-05-06,2040-05-28,22,1.04328634791,0.00156158370079,0.758080932752
94,67942.5,67964.5,2044-11-23,2044-12-15,22.5,1.04344426407,0.000623743706725,1.95350642765
95,62536.5,62588,2030-02-04,2030-03-28,52,1.23510113714,0.000226902130123,0.717289090376
95,63304.5,63356,2032-03-13,2032-05-04,52,1.23039781554,0.000308826092911,0.131463908998
95,64073,64124.5,2034-04-21,2034-06-11,52,1.23338749455,3.15280562066e-05,0.439055478894
95,64841,64892.5,2036-05-28,2036-07-18,52,1.22867911083,0.000371881861604,0.93800160029
95,65609.5,65661,2038-07-05,2038-08-26,52,1.23167200979,0.000163846132388,1.36212141905
95,66378,66429.5,2040-08-12,2040-10-02,52,1.23465930447,0.00017650833224,1.6623722053
95,67146,67197.5,2042-09-19,2042-11-09,52,1.22995467835,0.00035921971718,1.79758813598
95,67914.5,67966,2044-10-26,2044-12-17,52,1.23294518715,1.88658395504e-05,1.76912609747
96,63279.5,63333,2032-02-17,2032-04-11,54,1.08794873736,0.000382592747725,1.93053440935
96,64492.5,64546.5,2035-06-14,2035-08-07,54.5,1.08858766659,0.000101678878089,0.519080807185
96,65706,65760,2038-10-10,2038-12-03,54.5,1.08820594637,0.000585950108692,1.31114114168
96,66919.5,66973,2042-02-04,2042-03-30,54,1.08830186079,0.000830034913301,2.0007192578
97,63146.5,63222,2031-10-07,2031-12-22,76,0.980548094336,0.000630945884639,1.65018852964
97,63303.5,63320.5,2032-03-12,2032-03-29,17.5,1.51613331666,0.0812243745607,2.34406015095
97,64403.5,64479,2035-03-17,2035-06-01,76,0.98026290663,0.000500310689886,0.342169759234
97,64560.5,64577.5,2035-08-21,2035-09-07,17.5,1.51656156455,0.081172745925,0.440862333457
97,65660.5,65736,2038-08-25,2038-11-09,76,0.979978018257,0.000369675152579,1.79243877825
97,65817,65834.5,2039-01-29,2039-02-15,18,1.51461240092,0.0811211052,2.39026769142
97,66917.5,66993,2042-02-02,2042-04-19,76,0.979693429561,0.000239039361893,0.0984137346427
97,67074,67091.5,2042-07-09,2042-07-26,18,1.51504074504,0.0810694524029,0.907600275177
98,62674,62759.5,2030-06-22,2030-09-15,86,1.22339157923,0.000309368928189,1.81088002005
98,62826,62878.5,2030-11-21,2031-01-12,53,1.06854051645,0.00568762536727,1.37102699985
98,63306.5,63392.5,2032-03-15,2032-06-09,86.5,1.22183856439,0.000226359550329,1.22174041499
98,63458.5,63511.5,2032-08-14,2032-10-06,53.5,1.07001662415,0.00548715161286,0.059321868865
98,63939.5,64025,2033-12-08,2034-03-04,86,1.22054312082,9.78347808985e-05,0.162742946493
98,64091,64144,2034-05-09,2034-07-01,53.5,1.06905473163,0.00528664832709,1.31058261417
98,64572,64657.5,2035-09-02,2035-11-26,86,1.22144245819,3.06901409412e-05,1.49948634469
98,64724,64776.5,2036-02-01,2036-03-24,53,1.07062716046,0.00612220441582,1.78141059634
98,65204.5,65290,2037-05-26,2037-08-20,86,1.22234153333,0.00015921501518,1.75378771571
98,65356.5,65409,2037-10-25,2037-12-17,53,1.06966490002,0.00592179801499,1.03228057553
98,65837,65922.5,2039-02-18,2039-05-14,86,1.22324034485,0.000287739642732,0.859760466399
98,65989,66041.5,2039-07-20,2039-09-10,53,1.06870249342,0.00572135998951,0.463599850548
98,66469.5,66555.5,2040-11-11,2041-02-05,86.5,1.22168732069,0.000247988868761,0.653919521395
98,66621.5,66674.5,2041-04-12,2041-06-04,53.5,1.07017848629,0.00552089130046,1.57417771307
98,67102,67188,2042-08-06,2042-10-31,86.5,1.22258592456,0.000119464144709,1.70671253706
98,67254,67307,2043-01-05,2043-02-27,53.5,1.06921661787,0.00532039291631,1.67273755854
98,67735,67820.5,2044-04-30,2044-07-24,86,1.22129112762,9.06076550526e-06,1.58629970913
98,67887,67939.5,2044-09-29,2044-11-20,53,1.0707890841,0.00615592749854,0.604841444466
99,62502,62517.5,2030-01-01,2030-01-16,16,0.860264987738,0.0358922942345,1.32144016909
99,63279,63326,2032-02-17,2032-04-04,47.5,0.937697431797,0.000967449085126,0.135448684308
99,64087.5,64134.5,2034-05-05,2034-06-21,47.5,0.937684450672,0.000978669577079,0.876296231069
99,64896,64943,2036-07-22,2036-09-07,47.5,0.937671470369,0.000989890066647,1.66698877948
99,65704.5,65751.5,2038-10-08,2038-11-24,47.5,0.937658490891,0.0010011105538,1.78617541348
99,66513,66560,2040-12-25,2041-02-10,47.5,0.937645512237,0.00101233103851,1.06623838296
99,67321.5,67368.5,2043-03-13,2043-04-29,47.5,0.937632534407,0.00102355152076,0.166623692874
100,63761.5,63839,2033-06-13,2033-08-30,78,1.18200717721,5.12900747972e-05,0.834642747857
100,63878,63956,2033-10-08,2033-12-25,78.5,1.18269298929,0.000271654119914,1.35293361946
100,65269.5,65347,2037-07-30,2037-10-16,78,1.18239779921,5.17092105791e-06,0.106338971455
100,65386,65464,2037-11-24,2038-02-10,78.5,1.1823027357,0.000328199369412,0.800931015089
100,66777.5,66855.5,2041-09-15,2041-12-02,78.5,1.18035069777,4.09482335005e-05,0.496320944703
100,66894,66972,2042-01-10,2042-03-29,78.5,1.18191255379,0.000354702397238,0.210438794553
101,63306,63349,2032-03-15,2032-04-27,43.5,1.05740258636,0.000844267932605,0.932662168541
101,64681.5,64724.5,2035-12-20,2036-02-01,43.5,1.05740374438,0.000841243424799,1.91786343054
101,66057,66100,2039-09-26,2039-11-08,43.5,1.05740490246,0.000838218916898,1.82318574495
101,67432.5,67475.5,2043-07-02,2043-08-14,43.5,1.05740606061,0.000835194408909,0.720614939683
102,62690.5,62718.5,2030-07-08,2030-08-05,28.5,1.12132805024,0.00013256756691,1.94914206988
102,62851.5,62877,2030-12-16,2031-01-11,26,1.02557972272,0.00160132856862,1.62511448851
102,63125,63153,2031-09-16,2031-10-14,28.5,1.12129975976,7.54326983949e-05,2.0221459738
102,63286,63311.5,2032-02-24,2032-03-20,26,1.02560793671,0.00166382659225,1.96875492848
102,63559.5,63587.5,2032-11-23,2032-12-21,28.5,1.1212714686,1.82978288172e-05,1.40778460513
102,63720.5,63746,2033-05-03,2033-05-29,26,1.02563615158,0.00172632458531,1.63561933506
102,63994,64022,2034-02-01,2034-03-01,28.5,1.12124317676,3.88370410146e-05,0.319391338625
102,64155,64180.5,2034-07-12,2034-08-06,26,1.02566436733,0.00178882254664,0.768073390628
102,64428.5,64456.5,2035-04-11,2035-05-09,28.5,1.12121488425,9.59719103033e-05,0.841010025526
102,64589.5,64615,2035-09-19,2035-10-15,26,1.02569258395,0.00185132047511,0.372848877869
102,64863,64891,2036-06-19,2036-07-17,28.5,1.12118659107,0.000153106778241,1.78219624019
102,65024,65049.5,2036-11-27,2036-12-22,26,1.02572080146,0.00190120064039,1.383003614
102,65297.5,65325.5,2037-08-27,2037-09-24,28.5,1.12115829721,0.000210241644025,2.07541837387
102,65458.5,65484,2038-02-04,2038-03-02,26,1.02574901985,0.00183870274069,1.9323982246
102,65732,65760,2038-11-05,2038-12-03,28.5,1.12113000268,0.000267376506852,1.67339705121
102,65893,65918.5,2039-04-15,2039-05-10,26,1.02577723911,0.00177620480703,1.81224441348
102,66166.5,66194.5,2040-01-13,2040-02-10,28.5,1.12110170747,0.000324511365913,0.692892544813
102,66327.5,66353,2040-06-22,2040-07-18,26,1.02580545925,0.00171370684059,1.08914261332
102,66601,66629,2041-03-23,2041-04-20,28.5,1.12107341159,0.000381646220406,0.466947433838
102,66761.5,66787.5,2041-08-30,2041-09-25,26.5,1.0249871219,0.00165120884252,0.0145452843166
102,67035.5,67063.5,2042-05-31,2042-06-28,28.5,1.12104511504,0.000438781069519,1.54502480192
102,67196,67222,2042-11-08,2042-12-04,26.5,1.02501530708,0.00158871081396,1.09078497859
102,67469.5,67498,2043-08-08,2043-09-06,29,1.12186775665,0.000495915912461,2.05510672207
102,67630.5,67656.5,2044-01-16,2044-02-11,26.5,1.02504349316,0.00152621275609,1.82257901443
102,67904,67932.5,2044-10-16,2044-11-13,29,1.12183948564,0.000553050748421,1.87681901393
103,62523,62603,2030-01-22,2030-04-12,80.5,1.06392472814,0.0137813717727,1.39619140938
103,62691,62788,2030-07-09,2030-10-14,97.5,1.09860969734,0.000275815885662,1.77612356445
103,62850.5,62931,2030-12-15,2031-03-06,81,1.06261476771,0.0130514149636,1.67821710097
103,63018.5,63115.5,2031-06-01,2031-09-06,97.5,1.09832331654,0.000362090102347,1.56332527857
103,63178,63258.5,2031-11-08,2032-01-27,81,1.06293417031,0.0131451678934,1.78464761128
103,63346,63443,2032-04-24,2032-07-30,97.5,1.09803672638,0.000310245516658,1.18973134248
103,63505.5,63586,2032-09-30,2032-12-20,81,1.06325336773,0.0132388963343,1.6979121138
103,63674,63771,2033-03-18,2033-06-23,97.5,1.10026456168,0.000223970985566,0.67407343462
103,63833,63913.5,2033-08-24,2033-11-12,81,1.06357235981,0.0133326001531,1.42849093648
103,64001.5,64098.5,2034-02-08,2034-05-16,97.5,1.09997939585,0.000137696064883,0.0654535214478
103,64160.5,64241,2034-07-17,2034-10-06,81,1.06389114644,0.0134262792174,1.01305823463
103,64329,64426,2035-01-02,2035-04-09,97.5,1.09969402003,5.14209043033e-05,0.355325436055
103,64488,64568.5,2035-06-10,2035-08-29,81,1.06420972748,0.013519933395,0.439417940853
103,64656.5,64753.5,2035-11-25,2036-03-01,97.5,1.09940843432,3.48543459847e-05,0.961164741744
103,64815.5,64896,2036-05-02,2036-07-22,81,1.0645281028,0.0136135625546,0.0779489644401
103,64984,65081,2036-10-18,2037-01-23,97.5,1.09912263885,0.000121129535297,1.48340630777
103,65143,65223.5,2037-03-26,2037-06-14,81,1.06484627226,0.0137071665651,0.657954150753
103,65311.5,65408.5,2037-09-10,2037-12-16,97.5,1.0988366337,0.000207404512455,1.74101155285
103,65471,65551.5,2038-02-17,2038-05-08,81,1.06236135208,0.0129770563872,1.16682107983
103,65639,65736,2038-08-04,2038-11-09,97.5,1.098550419,0.000293679125786,1.81677242696
103,65798.5,65879,2039-01-10,2039-04-01,81,1.0626809173,0.0130708286405,1.53544966731
103,65966.5,66063.5,2039-06-27,2039-10-02,97.5,1.09826399484,0.000378656411623,1.70659451841
103,66126,66206.5,2039-12-04,2040-02-22,81,1.06300027743,0.0131645765108,1.74694581024
103,66294.5,66391,2040-05-20,2040-08-25,97,1.09951361186,0.000292382295545,1.42312186619
103,66453.5,66534,2040-10-26,2041-01-15,81,1.06331943234,0.0132582998646,1.77173711567
103,66622,66719,2041-04-13,2041-07-19,97.5,1.10020553494,0.000206107671523,0.987088568788
103,66781,66861.5,2041-09-19,2041-12-08,81,1.06363838189,0.0133519985688,1.60434252518
103,66949.5,67046.5,2042-03-06,2042-06-11,97.5,1.09992032562,0.000119832688864,0.419793065062
103,67108.5,67189,2042-08-12,2042-11-01,81,1.06395712596,0.0134456724911,1.26689087417
103,67277,67374,2043-01-28,2043-05-05,97.5,1.09963490634,3.35574973657e-05,0.201373924892
103,67436,67516.5,2043-07-06,2043-09-24,81,1.06427566442,0.0135393214995,0.79762662089
103,67604.5,67701.5,2043-12-21,2044-03-27,97.5,1.09934927719,5.27177526827e-05,0.587414161403
103,67763.5,67844,2044-05-28,2044-08-17,81,1.06459399712,0.0136329454626,0.258103980574
103,67932,67980.75,2044-11-13,2044-12-31,49.25,0.977652250458,0.000138992910494,1.26102911572
104,62625,62660.5,2030-05-04,2030-06-08,36,1.41354947456,0.00124411377217,2.31953608969
104,62796,62822.5,2030-10-22,2030-11-17,27,1.05790144318,0.000625085782409,1.90625159283
104,63264,63299.5,2032-02-02,2032-03-08,36,1.41396405172,0.00116630009931,1.47057643656
104,63435.5,63461.5,2032-07-22,2032-08-17,26.5,1.05892049581,0.00010236512925,1.0012303606
104,63903,63938.5,2033-11-02,2033-12-07,36,1.41437852825,0.000775528665019,0.363234598433
104,64074.5,64100.5,2034-04-22,2034-05-18,26.5,1.05850897519,0.000420355648301,0.502871229329
104,64542,64577.5,2035-08-03,2035-09-07,36,1.41479290402,0.0003847568358,1.77379399814
104,64713.5,64740,2036-01-21,2036-02-17,27,1.05961610672,0.000943075913815,1.71335802828
104,65181.5,65216.5,2037-05-03,2037-06-07,35.5,1.41375308611,6.01518919302e-06,2.31698875849
104,65352.5,65379,2037-10-21,2037-11-17,27,1.05920444672,0.00146579502936,1.88910756141
104,65820.5,65856,2039-02-01,2039-03-09,36,1.41265018429,0.000396787211158,1.40365493869
104,65991.5,66018,2039-07-22,2039-08-18,27,1.05879297947,0.00175851964786,0.942918811201
104,66459.5,66495,2040-11-01,2040-12-07,36,1.41306497922,0.000787559031646,0.40034402281
104,66630.5,66657,2041-04-21,2041-05-18,27,1.0583817057,0.0012358014434,0.566913533586
104,67098.5,67134,2042-08-02,2042-09-07,36,1.41347967379,0.00117833045255,1.82111102663
104,67269.5,67296,2043-01-20,2043-02-16,27,1.05797062612,0.000713081739708,1.74515487772
104,67737.5,67773,2044-05-02,2044-06-07,36,1.41389426787,0.00123208342153,2.30886303277
104,67909,67935,2044-10-21,2044-11-16,26.5,1.05898979115,0.000190361169974,1.86966876216
105,62653,62674,2030-06-01,2030-06-22,21.5,1.15855862514,0.00165855332922,1.61512824247
105,62914,62933,2031-02-17,2031-03-08,19.5,1.03280694581,0.000373576478778,1.99887488489
105,63087.5,63108.5,2031-08-09,2031-08-30,21.5,1.15854129939,0.001722616859,2.12189493929
105,63348.5,63367.5,2032-04-26,2032-05-15,19.5,1.03282421855,0.000301658138972,1.68498160854
105,63522,63543,2032-10-17,2032-11-07,21.5,1.15852397306,0.00178668037344,1.90883132466
105,63783,63802,2033-07-05,2033-07-24,19.5,1.03284149204,0.00022973979537,0.820893334563
105,63956.5,63977.5,2033-12-25,2034-01-15,21.5,1.15850664614,0.00185074387196,0.981266501398
105,64217.5,64236.5,2034-09-12,2034-10-01,19.5,1.03285876629,0.000157821448875,0.28725680498
105,64391,64412,2035-03-05,2035-03-26,21.5,1.15848931863,0.00191480735399,0.231501411092
105,64652,64671,2035-11-21,2035-12-10,19.5,1.03287604129,8.59031003826e-05,1.35413830102
105,64825.5,64846.5,2036-05-12,2036-06-02,21.5,1.15847199054,0.00197887081896,1.32727242603
105,65086.5,65105.5,2037-01-28,2037-02-16,19.5,1.03289331706,1.39847508196e-05,1.95472423736
105,65260,65281,2037-07-21,2037-08-11,21.5,1.15845466187,0.00204293426629,2.0308815335
105,65521,65540,2038-04-08,2038-04-27,19.5,1.03291059357,5.79335989252e-05,1.8560715619
105,65695,65715.5,2038-09-29,2038-10-19,21,1.15908111114,0.00210699769543,2.07212690849
105,65955.5,65974.5,2039-06-16,2039-07-05,19.5,1.03292787084,0.000129851947936,1.1422145193
105,66129.5,66150,2039-12-07,2039-12-28,21,1.15906380032,0.00217106110578,1.3326558536
105,66390,66409,2040-08-24,2040-09-12,19.5,1.03294514887,0.000201770295311,0.0764131542745
105,66564,66584.5,2041-02-14,2041-03-06,21,1.15904648891,0.00223512449678,0.233193507557
105,66824.5,66843.5,2041-11-01,2041-11-20,19.5,1.03296242765,0.000273688640157,1.04049670212
105,66998.5,67019,2042-04-24,2042-05-15,21,1.15902917691,0.00229918786786,0.996618621239
105,67259,67278,2043-01-10,2043-01-29,19.5,1.03297970719,0.000345606981548,1.83872777155
105,67433,67453.5,2043-07-03,2043-07-23,21,1.15901186432,0.00231669241983,1.87311742685
105,67693.5,67712.5,2044-03-19,2044-04-07,19.5,1.03299698748,0.000417525318589,1.96264010576
105,67867.5,67888,2044-09-09,2044-09-30,21,1.15899455114,0.00225262905351,2.13804576499
106,62515,62531,2030-01-14,2030-01-30,16.5,1.05020495914,0.000724171085514,1.65017451433
106,62740,62748,2030-08-27,2030-09-04,8.5,1.58876013202,0.0356922073145,2.47330994315
106,63101,63117,2031-08-23,2031-09-08,16.5,1.05045616489,0.00047149155551,0.617156379908
106,63326,63334,2032-04-04,2032-04-12,8.5,1.58848748915,0.0364704776938,0.593098443376
106,63687,63703,2033-03-31,2033-04-16,16.5,1.05070792544,0.00166715301344,2.03010842629
106,63912,63920,2033-11-11,2033-11-19,8.5,1.58821461649,0.0372487221849,2.41532567115
106,64273,64289.5,2034-11-07,2034-11-23,17,1.05036409775,0.00286281029014,0.636471435958
106,64498.5,64506,2035-06-20,2035-06-28,8,1.58863831258,0.0380269402224,1.68495239862
106,64859.5,64875.5,2036-06-15,2036-07-01,16.5,1.04994251357,0.00197616535584,1.5934311733
106,65084.5,65092.5,2037-01-26,2037-02-03,8.5,1.5890453741,0.034877241605,1.4014346922
106,65445.5,65461.5,2038-01-22,2038-02-07,16.5,1.05019313729,0.000780504694042,1.69693693763
106,65670.5,65678.5,2038-09-04,2038-09-12,8.5,1.58877297192,0.0356555384866,2.4984080968
106,66031.5,66047.5,2039-08-31,2039-09-16,16.5,1.05044431687,0.000415157928699,0.545005990679
106,66256.5,66264.5,2040-04-12,2040-04-20,8.5,1.58850033987,0.0364338100716,0.616648613635
106,66617.5,66633.5,2041-04-08,2041-04-24,16.5,1.05069605131,0.0016108195097,2.02612753299
106,66842.5,66850.5,2041-11-19,2041-11-27,8.5,1.58822747804,0.0372120557952,2.37775624731
106,67203.5,67220,2042-11-15,2042-12-02,17,1.05035226686,0.00280647705066,0.71016563136
106,67429,67436.5,2043-06-29,2043-07-06,8,1.58865115776,0.0379902750918,1.75253078913
106,67790,67806,2044-06-24,2044-07-10,16.5,1.04993071917,0.00203249879348,1.54548596006
107,62509,62599.5,2030-01-08,2030-04-08,91,0.952244023034,2.4869173023e-05,1.41640174163
107,63288,63378.5,2032-02-26,2032-05-26,91,0.951858030967,0.000519288841644,1.81574392799
107,64066.5,64157,2034-04-14,2034-07-14,91,0.95244784516,0.0002336873181,1.87409772975
107,64845.5,64936,2036-06-01,2036-08-31,91,0.952059267958,0.000260733524362,1.58274096825
107,65624,65715,2038-07-20,2038-10-19,91.5,0.952684472177,0.000492242806921,1.00672877554
107,66403,66493.5,2040-09-06,2040-12-05,91,0.952261857291,2.17708635398e-06,0.252543783629
107,67182,67272.5,2042-10-25,2043-01-23,91,0.951875638265,0.000496596943087,0.20193981876
107,67960.5,67980.75,2044-12-11,2044-12-31,20.75,1.06951111124,0.0575706035593,1.28675382994
108,63776,63806,2033-06-28,2033-07-28,30.5,1.05817827528,0.000557765883234,1.66320768004
108,65187,65217,2037-05-09,2037-06-08,30.5,1.05919233416,0.000353958430813,1.07167268694
108,66598,66628.5,2041-03-20,2041-04-19,31,1.05850748868,0.00126568103397,0.284103577715
109,62521,62602,2030-01-20,2030-04-11,81.5,1.13011115905,0.000215721058729,1.77709197256
109,62681.5,62694,2030-06-29,2030-07-12,13,0.860824910358,0.0616284997419,1.40015459856
109,62921.5,63002.5,2031-02-24,2031-05-16,81.5,1.12910573117,8.86437826658e-05,1.62157529023
109,63081.5,63094,2031-08-03,2031-08-16,13,0.857522718918,0.0604336484191,1.66687194633
109,63322,63403,2032-03-31,2032-06-20,81.5,1.12809925256,0.000393008235394,1.33251196545
109,63482,63494.5,2032-09-07,2032-09-19,13,0.858785261655,0.0608909171968,1.79701688671
109,63722,63803,2033-05-05,2033-07-25,81.5,1.13073009176,0.000403243703216,0.928324524129
109,63882.5,63895,2033-10-12,2033-10-25,13,0.860047445675,0.0613475168437,1.77541782602
109,64122.5,64203.5,2034-06-09,2034-08-29,81.5,1.12972531241,9.88792847208e-05,0.418900626419
109,64283,64295,2034-11-17,2034-11-29,12.5,0.859037982803,0.0618034455429,1.59949551524
109,64523,64604,2035-07-15,2035-10-04,81.5,1.12871948089,0.000205485565119,0.149966142805
109,64683,64695.5,2035-12-22,2036-01-03,13,0.858007434898,0.0606092671326,1.27686223389
109,64923.5,65004.5,2036-08-18,2036-11-07,81.5,1.12771259954,0.000509849513831,0.589324570041
109,65083.5,65096,2037-01-25,2037-02-07,13,0.859269841095,0.0610662792566,0.849013866228
109,65323.5,65404.5,2037-09-22,2037-12-12,81.5,1.13034449425,0.000286402188216,1.10298811716
109,65484,65496.5,2038-03-02,2038-03-14,13,0.860531884794,0.0615226215481,0.374259636959
109,65724,65805,2038-10-28,2039-01-17,81.5,1.12933931071,1.79625529362e-05,1.47005782724
109,65884.5,65896.5,2039-04-06,2039-04-18,12.5,0.859522639095,0.0619782922038,0.231946848184
109,66124.5,66205.5,2039-12-02,2040-02-21,81.5,1.1283330759,0.000322327214856,1.70803846121
109,66284.5,66297,2040-05-10,2040-05-23,13,0.858492098911,0.0607847874039,0.743906947365
109,66524.5,66605.5,2041-01-05,2041-03-27,81.5,1.13096327615,0.000473924617692,1.79892350305
109,66685,66697.5,2041-06-15,2041-06-27,13,0.859754367113,0.0612415426032,1.19344193581
109,66925,67006,2042-02-10,2042-05-02,81.5,1.12995874148,0.000169560489164,1.72832091692
109,67085.5,67097.5,2042-07-20,2042-08-01,12.5,0.858744773247,0.0616976272736,1.53132849749
109,67325.5,67406.5,2043-03-17,2043-06-06,81.5,1.12895315409,0.000134804379001,1.512483544
109,67485.5,67498,2043-08-24,2043-09-06,13,0.857714221429,0.0605030417141,1.7404384181
109,67726,67807,2044-04-21,2044-07-11,81.5,1.12794651633,0.000439168656182,1.17381522073
109,67886,67898.5,2044-09-28,2044-10-10,13,0.858976710398,0.0609602091282,1.80644146129
110,63221.5,63221.5,2031-12-21,2031-12-21,0.5,1.59570167309,0.0994835037608,2.27113670449
110,63342.5,63388,2032-04-20,2032-06-05,46,1.11439103959,0.000942897546759,1.8033307557
110,65046,65046,2036-12-19,2036-12-19,0.5,1.59701990245,0.0991807357893,2.31554122756
110,65167,65212.5,2037-04-19,2037-06-03,46,1.11321502163,0.000368940803611,1.82350401373
110,66870.5,66870.5,2041-12-17,2041-12-17,0.5,1.5983379242,0.0988778472622,2.3570419242
110,66991.5,67037,2042-04-17,2042-06-02,46,1.11204036327,0.000205017277206,1.84142811024
111,63097,63115,2031-08-19,2031-09-06,18.5,0.960790776751,0.00168661627882,1.4476581512
111,64282,64299.5,2034-11-16,2034-12-03,18,0.961165554792,0.00242484845652,0.191452479593
111,65466.5,65484,2038-02-12,2038-03-02,18,0.960978662946,0.00232295033756,1.21702919273
111,66651,66669,2041-05-12,2041-05-30,18.5,0.961618401865,0.00158471773007,1.9316725427
111,67835.5,67853.5,2044-08-08,2044-08-26,18.5,0.961430304446,0.000846482716979,1.6169712767
112,62522.5,62534.5,2030-01-21,2030-02-02,12.5,0.999273628736,0.000382293200718,0.898103883648
112,62775.5,62789,2030-10-01,2030-10-15,14,1.10044049759,0.00344104241381,0.191848267144
112,62935.5,62947.5,2031-03-10,2031-03-22,12.5,0.999328890299,0.000666281953975,0.132654937624
112,63188.5,63202,2031-11-18,2031-12-02,14,1.10038520793,0.0033699221311,0.960237141472
112,63348.5,63360.5,2032-04-26,2032-05-08,12.5,0.999384156638,0.000950270641513,0.600418086573
112,63601.5,63615,2033-01-04,2033-01-18,14,1.10032991437,0.00311210385221,1.63085874006
112,63761,63773.5,2033-06-13,2033-06-25,13,0.998689873048,0.00123425923534,1.28414940656
112,64014.5,64028,2034-02-21,2034-03-07,14,1.10027461693,0.00285428534397,2.0304558035
112,64174,64186.5,2034-07-31,2034-08-12,13,0.998745073078,0.00151824770746,1.76942985083
112,64427.5,64441,2035-04-10,2035-04-24,14,1.10021931561,0.00259646662533,2.03533803163
112,64587,64599.5,2035-09-17,2035-09-29,13,0.998800277953,0.0018022360299,1.97842829412
112,64840.5,64854,2036-05-27,2036-06-10,14,1.10016401041,0.00233864771528,1.71551841674
112,65000,65012.5,2036-11-03,2036-11-15,13,0.998855487667,0.0020862241747,1.86555948815
112,65253.5,65267,2037-07-14,2037-07-28,14,1.10010870134,0.00208082863279,1.129615908
112,65413,65425.5,2037-12-21,2038-01-02,13,0.998910702212,0.00237021211388,1.40138644286
112,65666.5,65680,2038-08-31,2038-09-14,14,1.10005338839,0.00182300939686,0.375587011498
112,65826,65838.5,2039-02-07,2039-02-19,13,0.998965921583,0.00265419981952,0.704577591542
112,66079.5,66093,2039-10-18,2039-11-01,14,1.09999807157,0.00156519002646,0.371407593363
112,66239,66251.5,2040-03-26,2040-04-07,13,0.999021145774,0.00293818726365,0.0480517239971
112,66492.5,66506,2040-12-04,2040-12-18,14,1.0999427509,0.00130737054063,1.15091080906
112,66652,66664.5,2041-05-13,2041-05-25,13,0.999076374778,0.00322217441835,0.786455978408
112,66905,66919,2042-01-21,2042-02-04,14.5,1.10063852673,0.00104955095832,1.76117756978
112,67065,67077.5,2042-06-30,2042-07-12,13,0.999131608589,0.00350616125572,1.43142741668
112,67318,67332,2043-03-10,2043-03-24,14.5,1.10058325776,0.000791731298561,2.06378228355
112,67478,67490.5,2043-08-17,2043-08-29,13,0.999186847201,0.0037901477478,1.85188875401
112,67731,67745,2044-04-26,2044-05-10,14.5,1.10052798489,0.000533911580404,1.9821893248
112,67891,67903.5,2044-10-03,2044-10-15,13,0.999242090608,0.00371213253326,1.98237441062
113,62752,62803.5,2030-09-08,2030-10-29,52,1.22751008455,0.000237064402413,1.677037072
113,63658.5,63710.5,2033-03-02,2033-04-23,52.5,1.22662847621,9.96857514489e-05,0.770233968921
113,64565.5,64617.5,2035-08-26,2035-10-17,52.5,1.22984281873,0.000364792201497,1.57737624889
113,65472.5,65524,2038-02-18,2038-04-11,52,1.22950462549,2.8042593132e-05,0.975350827746
113,66379,66431,2040-08-13,2040-10-04,52.5,1.22862429,0.000308707323777,1.45263602371
113,67286,67337.5,2043-02-06,2043-03-29,52,1.22828606622,0.000155770894055,1.16378015932
114,63677.5,63697,2033-03-21,2033-04-10,20,0.969762913465,0.00220817206589,1.79089731496
114,65122.5,65141.5,2037-03-05,2037-03-24,19.5,0.970371742409,0.000989650688032,1.8719373606
114,66567.5,66586.5,2041-02-17,2041-03-08,19.5,0.969695844804,0.000228875283694,1.90629375398
115,62881.5,62977.5,2031-01-15,2031-04-21,96.5,1.1733393546,0.00015128168035,1.18202414226
115,63006.5,63102.5,2031-05-20,2031-08-24,96.5,1.17333793801,0.041308218579,0.75290820207
115,63839,63935,2033-08-30,2033-12-04,96.5,1.17512003171,0.000256813656607,0.804347284175
115,63964.5,64060.5,2034-01-02,2034-04-08,96.5,1.17570381427,0.0411702417552,1.18281025515
115,64797,64892.5,2036-04-14,2036-07-18,96,1.17469738911,5.03994765155e-05,1.80335590045
115,64922,65018,2036-08-17,2036-11-21,96.5,1.17392243659,0.0412741330413,1.70378843733
115,65754.5,65850.5,2038-11-27,2039-03-03,96.5,1.17453505988,0.000357611525279,0.478548763335
115,65880,65976,2039-04-02,2039-07-07,96.5,1.17628924373,0.0411360961105,0.131631767834
115,66712,66808,2041-07-12,2041-10-16,96.5,1.17631717008,5.04828447569e-05,1.48687572869
115,66837.5,66933.5,2041-11-14,2042-02-18,96.5,1.1745071668,0.0412400326008,1.66199462971
115,67670,67766,2044-02-25,2044-05-31,96.5,1.17395031864,0.000256730291549,1.52231702603
115,67795.5,67891,2044-06-29,2044-10-03,96,1.17466945537,0.0413438311567,1.22466191883
116,63825.5,63921.5,2033-08-16,2033-11-20,96.5,0.97574037973,0.00019115541194,1.69697501799
116,65305,65400.5,2037-09-04,2037-12-08,96,0.975802368747,0.000106623715026,1.78519715343
116,66784,66880,2041-09-22,2041-12-27,96.5,0.977334571009,2.20919680825e-05,1.83184247041
117,62613.5,62650.5,2030-04-22,2030-05-29,37.5,0.965935254222,0.000210456790475,0.853164123218
117,62763,62796.5,2030-09-19,2030-10-22,34,0.887424081416,0.00103005170574,1.28387928929
117,62942.5,62979.5,2031-03-17,2031-04-23,37.5,0.965923106436,0.000163415379006,1.34245747919
117,63092,63125.5,2031-08-14,2031-09-16,34,0.887436168449,0.000978757986182,1.64203561942
117,63271.5,63308.5,2032-02-09,2032-03-17,37.5,0.965910957674,0.0001163739636,1.70127733484
117,63421,63454.5,2032-07-08,2032-08-10,34,0.887448256672,0.000927464235998,1.84242074532
117,63600.5,63637.5,2033-01-03,2033-02-09,37.5,0.965898807936,6.93325453863e-05,1.89392998009
117,63750,63783.5,2033-06-02,2033-07-05,34,0.887460346083,0.000876170456792,1.86771974156
117,63929.5,63966.5,2033-11-28,2034-01-04,37.5,0.965886657223,2.22911255008e-05,1.89551330642
117,64079,64112.5,2034-04-27,2034-05-30,34,0.887472436683,0.00082487665017,1.71387686115
117,64258.5,64295.5,2034-10-23,2034-11-29,37.5,0.965874505535,2.47502949223e-05,1.70436296524
117,64408,64441.5,2035-03-22,2035-04-24,34,0.88748452847,0.000773582817734,1.37239008247
117,64587.5,64624.5,2035-09-17,2035-10-24,37.5,0.965862352872,7.17917147523e-05,1.34363522157
117,64737,64770.5,2036-02-14,2036-03-18,34,0.887496621445,0.000722288961097,0.886904443821
117,64916.5,64953.5,2036-08-11,2036-09-17,37.5,0.965850199234,0.000118833132847,0.856356709296
117,65066,65099.5,2037-01-08,2037-02-10,34,0.887508715608,0.000670995081863,0.320523846694
117,65245.5,65282.5,2037-07-06,2037-08-12,37.5,0.965838044621,0.000165874548075,0.300674688518
117,65395,65428.5,2037-12-03,2038-01-05,34,0.887520810957,0.000619701181636,0.290545723742
117,65574.5,65611.5,2038-05-31,2038-07-07,37.5,0.965825889035,0.000212915959306,0.310539443838
117,65724,65757.5,2038-10-28,2038-11-30,34,0.887532907492,0.000568407262022,0.828630459113
117,65903.5,65940.5,2039-04-25,2039-06-01,37.5,0.965813732475,0.000259957365393,0.881393775438
117,66052.5,66086.5,2039-09-21,2039-10-25,34.5,0.88721627541,0.000517113324622,1.30471375644
117,66232.5,66269.5,2040-03-19,2040-04-25,37.5,0.965801574941,0.000306998765216,1.36471033316
117,66381.5,66415.5,2040-08-15,2040-09-18,34.5,0.88722833132,0.000465819371045,1.65539473337
117,66561.5,66598.5,2041-02-11,2041-03-20,37.5,0.965789416433,0.000354040157634,1.71567808784
117,66710.5,66744.5,2041-07-10,2041-08-13,34.5,0.887240388428,0.000414525402907,1.84726057575
117,66890.5,66927.5,2042-01-06,2042-02-12,37.5,0.965777256953,0.000401081541502,1.89872714302
117,67039.5,67073.5,2042-06-04,2042-07-08,34.5,0.887252446731,0.000363231421793,1.86363308962
117,67219.5,67256.5,2042-12-01,2043-01-07,37.5,0.9657650965,0.000448122915702,1.89002696248
117,67368.5,67402.5,2043-04-29,2043-06-02,34.5,0.887264506232,0.000311937429319,1.70079591363
117,67548.5,67585.5,2043-10-26,2043-12-02,37.5,0.965752935074,0.000495164279089,1.68923015545
117,67697.5,67731.5,2044-03-23,2044-04-26,34.5,0.887276566927,0.000260643427097,1.35002666418
117,67877.5,67914.5,2044-09-19,2044-10-26,37.5,0.965740772676,0.000542205630517,1.32069210636
118,63059,63069,2031-07-12,2031-07-22,10.5,0.947246647641,0.00209838201576,1.89238470367
118,63723.5,63733,2033-05-06,2033-05-16,10,0.947281370773,0.00465443783359,1.84745913081
118,64387.5,64397.5,2035-03-01,2035-03-11,10.5,0.947419297733,0.00181337356951,1.17836787132
118,65052,65062,2036-12-25,2037-01-04,10.5,0.947293410824,0.00102770455079,0.143579076554
118,65716.5,65726.5,2038-10-20,2038-10-30,10.5,0.947170138036,0.00386877481287,0.911221421015
118,66380.5,66390.5,2040-08-14,2040-08-24,10.5,0.947467416811,0.00288404947724,1.70695019828
118,67045,67055,2042-06-10,2042-06-20,10.5,0.947340545267,4.29740300284e-05,1.95642393763
118,67709.5,67719.5,2044-04-04,2044-04-14,10.5,0.9472162871,0.00279810174422,1.54251626119
119,62502,62505.5,2030-01-01,2030-01-04,4,1.07480143938,0.0830441000445,0.277103333164
119,64179,64219,2034-08-05,2034-09-14,40.5,1.0356001087,0.000916954540947,1.78707686224
119,65893,65933,2039-04-15,2039-05-25,40.5,1.0357798127,0.000117022237393,1.7955002501
119,67607,67647,2043-12-24,2044-02-02,40.5,1.0359637638,0.000682910877677,0.157353667794
120,62851.5,62915.5,2030-12-16,2031-02-18,64.5,1.01533082131,0.000104912924254,1.74943844302
120,62930,62930,2031-03-05,2031-03-05,0.5,0.800042821049,0.0998499472544,1.77794646502
120,63001,63023.5,2031-05-15,2031-06-06,23,1.48514592263,0.0766081707104,2.3826424078
120,64233.5,64297.5,2034-09-28,2034-12-01,64.5,1.01527974891,8.67222102925e-05,1.56006915045
120,64312,64312,2034-12-16,2034-12-16,0.5,0.80005714647,0.0998600896018,1.4634398013
120,64383,64405.5,2035-02-25,2035-03-19,23,1.48521020858,0.0766010345096,1.84356538747
120,65615.5,65679.5,2038-07-11,2038-09-13,64.5,1.01522868159,6.8531495093e-05,0.667190378666
120,65694,65694,2038-09-28,2038-09-28,0.5,0.800071484644,0.0998702295274,0.504601270883
120,65765,65787.5,2038-12-08,2038-12-30,23,1.48527449396,0.0765938980749,0.551677620777
120,66997.5,67061.5,2042-04-23,2042-06-26,64.5,1.01517761936,5.03407789119e-05,0.346675270192
120,67076,67076,2042-07-11,2042-07-11,0.5,0.80008583557,0.0998803670309,0.781538049338
120,67147,67169.5,2042-09-20,2042-10-12,23,1.48533877876,0.0765867614063,1.24220152014
121,63237.5,63276,2032-01-06,2032-02-14,39,0.970445191773,0.00085160951704,1.81949389012
121,64697.5,64736.5,2036-01-05,2036-02-13,39.5,0.970930366145,0.00019661848301,1.83198476222
121,66158,66196.5,2040-01-05,2040-02-12,39,0.970835963742,0.0012448438162,1.84436941141
121,67618,67656.5,2044-01-04,2044-02-11,39,0.970037883034,0.000315474822239,1.85465693106
122,63077,63135,2031-07-30,2031-09-26,58.5,1.0484965072,0.000525673033422,0.163165990557
122,64106.5,64164.5,2034-05-24,2034-07-21,58.5,1.04772818216,0.000401712305297,1.17012503246
122,65136.5,65194.5,2037-03-19,2037-05-16,58.5,1.0485693839,0.000445675809403,1.84573143206
122,66166,66224,2040-01-13,2040-03-11,58.5,1.04780043126,0.00048170956452,1.91308785937
122,67196,67254,2042-11-08,2043-01-05,58.5,1.04864231974,0.000365678524318,1.30181888519
123,62605.5,62822.5,2030-04-14,2030-11-17,217.5,1.15692027073,0.000211713074373,1.76675078484
123,63705,63922,2033-04-18,2033-11-21,217.5,1.15692008155,0.000290077316398,1.77810239604
123,64804.5,65021.5,2036-04-21,2036-11-24,217.5,1.1569201373,0.000330450754054,1.78872592393
123,65904,66121,2039-04-26,2039-11-29,217.5,1.15692043797,0.000252086606455,1.79861320519
123,67003,67220.5,2042-04-29,2042-12-02,218,1.15793638655,0.000173722291064,1.80775388409
124,63351.5,63387,2032-04-29,2032-06-04,36,1.04299596336,0.00134028756082,0.990679237071
124,64571.5,64607,2035-09-01,2035-10-07,36,1.0430192322,0.00131452620088,0.922319316251
124,65791.5,65827,2039-01-03,2039-02-08,36,1.04304250355,0.00128876483365,1.94579728686
124,67011.5,67047,2042-05-07,2042-06-12,36,1.04306577741,0.00126300345927,0.956653758923
125,62518,62541.5,2030-01-17,2030-02-09,24,0.999580879104,3.21517692347e-05,0.800558700567
125,63327.5,63350.5,2032-04-05,2032-04-28,23.5,0.996297166368,0.000333677094582,0.365706861971
125,64136.5,64159.5,2034-06-23,2034-07-16,23.5,0.996901145809,0.000635202277276,1.39979657953
125,64945.5,64968.5,2036-09-09,2036-10-02,23.5,0.997504935006,0.000936727188895,1.80530034436
125,65754.5,65777.5,2038-11-27,2038-12-20,23.5,0.998108534037,0.00123825170145,1.45551654571
125,66563.5,66586.5,2041-02-13,2041-03-08,23.5,0.998711942979,0.00153977568744,0.499723531675
125,67372.5,67395.5,2043-05-03,2043-05-26,23.5,0.999315161913,0.00184129901984,0.729288451187
126,63275,63481.5,2032-02-13,2032-09-06,207,1.18304980038,0.000198856308635,1.58697746511
126,64639.5,64846.5,2035-11-08,2036-06-02,207.5,1.18405418154,0.000114068126788,1.80047356433
126,66004.5,66211,2039-08-04,2040-02-27,207,1.18304899719,4.90560881615e-05,0.604364820702
126,67369,67576,2043-04-30,2043-11-23,207.5,1.18405442724,0.000212179770383,0.641664574606
127,62688.5,62766,2030-07-06,2030-09-22,78,1.19704188162,0.02057881838,0.621817389479
127,62816.5,62894,2030-11-11,2031-01-28,78,1.196656818,0.00334494524284,0.283899894854
127,63774.5,63852,2033-06-26,2033-09-12,78,1.19724409061,0.0205734362033,0.4718254166
127,63902.5,63980,2033-11-01,2034-01-18,78,1.19645462978,0.00332767166205,0.430442964213
127,64860.5,64938,2036-06-16,2036-09-02,78,1.19744630671,0.0205680534445,0.332019051834
127,64988.5,65066,2036-10-22,2037-01-08,78,1.19625244875,0.00331039733847,0.587664636732
127,65946.5,66024,2039-06-07,2039-08-24,78,1.19764852988,0.0205626701039,0.216926844571
127,66074.5,66152,2039-10-13,2039-12-30,78,1.19605027494,0.0032931222755,0.74445978543
127,67032.5,67110,2042-05-28,2042-08-14,78,1.19785076012,0.0205572861818,0.0526051993123
127,67160.5,67238,2042-10-03,2042-12-20,78,1.19584810836,0.00327584647655,0.896438850096
128,62555,62650,2030-02-23,2030-05-29,95.5,0.938603354694,3.66175672222e-05,1.37326381794
128,62830,62925,2030-11-25,2031-02-28,95.5,0.938905480371,0.000382838454405,0.163520972839
128,63105,63200.5,2031-08-27,2031-11-30,96,0.938482756513,0.000455407858395,1.18556527051
128,63380.5,63475.5,2032-05-28,2032-08-31,95.5,0.93847580534,0.000109187340188,1.80580352791
128,63655.5,63750.5,2033-02-27,2033-06-02,95.5,0.938778373796,0.000237033958002,1.40599412751
128,63930.5,64025.5,2033-11-29,2034-03-04,95.5,0.939079890317,0.000583253565946,0.211904030807
128,64205.5,64301,2034-08-31,2034-12-05,96,0.938657432947,0.000254992109329,1.14379901767
128,64481,64576,2035-06-03,2035-09-06,95.5,0.938651080658,9.12291617681e-05,1.8015350195
128,64756,64851,2036-03-04,2036-06-07,95.5,0.938953040407,0.000437449782306,1.437644135
128,65031,65126.5,2036-12-04,2037-03-09,96,0.938530389061,0.000400796555435,0.263768181746
128,65306.5,65401.5,2037-09-05,2037-12-09,95.5,0.938523601094,5.45757499015e-05,1.10087804125
128,65581.5,65676.5,2038-06-07,2038-09-10,95.5,0.938826003745,0.000291645445638,1.7958295807
128,65856.5,65952,2039-03-09,2039-06-13,96,0.938403158973,0.000546600493589,1.46480230907
128,66132,66227,2039-12-10,2040-03-14,95.5,0.938395935243,0.000200380592466,0.318186037966
128,66407,66502,2040-09-10,2040-12-14,95.5,0.938698780468,0.000145840740119,1.0568445014
128,66682,66777,2041-06-12,2041-09-15,95.5,0.939000574243,0.000492061032622,1.78868788322
128,66957,67052.5,2042-03-14,2042-06-17,96,0.938577995487,0.000346185181216,1.4942366778
128,67232.5,67327.5,2042-12-14,2043-03-19,95.5,0.938571370714,3.58500763852e-08,0.37260010163
128,67507.5,67602.5,2043-09-15,2043-12-19,95.5,0.938873607513,0.000346256881531,1.01176036228
128,67782.5,67878,2044-06-16,2044-09-20,96,0.938450835125,0.000491989331295,1.77848533711
129,62605,62627,2030-04-14,2030-05-06,22.5,1.12206503693,0.00032408859658,1.81846218989
129,62697.5,62716,2030-07-15,2030-08-03,19,0.947558400569,0.00143071075376,0.645619944967
129,64836.5,64858,2036-05-23,2036-06-14,22,1.12402480174,0.00132891525856,1.97879394053
129,64929,64947.5,2036-08-24,2036-09-11,19,0.949107512869,0.00262005802143,1.12543734126
129,67068,67089.5,2042-07-03,2042-07-24,22,1.12247018514,0.00218854746461,1.94209800475
129,67160.5,67179,2042-10-03,2042-10-22,19,0.950657060439,0.00154334926963,1.50180640972
130,62582,62714.5,2030-03-22,2030-08-01,133,1.04936811254,0.000113295910794,0.844525982925
130,62751.5,62787.5,2030-09-07,2030-10-13,36.5,1.46327922211,0.0824882313385,1.31298879427
130,63531,63663.5,2032-10-26,2033-03-07,133,1.0488773863,0.000464742096953,1.82638684559
130,63700,63736.5,2033-04-13,2033-05-19,37,1.46289394792,0.0823630663685,2.23095849995
130,64479.5,64612,2035-06-01,2035-10-12,133,1.04961199538,7.77896440032e-05,0.121333941807
130,64649,64685,2035-11-18,2035-12-24,36.5,1.46253148175,0.0825499517666,0.35071024158
130,65428.5,65561,2038-01-05,2038-05-18,133,1.04911919059,0.000309163756712,1.75953802468
130,65597.5,65634,2038-06-23,2038-07-30,37,1.46214626617,0.0824249053139,2.24350561585
130,66377,66510,2040-08-11,2040-12-22,133.5,1.04990789058,0.000268874967234,1.00993467887
130,66546.5,66582.5,2041-01-27,2041-03-04,36.5,1.46178367305,0.082611613481,1.30841245804
130,67326,67458.5,2043-03-18,2043-07-28,133,1.0493620216,0.000118078555829,1.00813472444
130,67495.5,67531.5,2043-09-03,2043-10-09,36.5,1.46329793629,0.0824866857966,1.49779655976
132,62505,62582,2030-01-04,2030-03-22,77.5,1.14399072083,0.000162671708363,1.74452140722
132,62678.5,62695.5,2030-06-26,2030-07-13,17.5,1.52112811484,0.0766301267493,2.15511512479
132,63881,63958,2033-10-11,2033-12-27,77.5,1.1440244495,0.000175461369554,0.736455661368
132,64054.5,64071.5,2034-04-02,2034-04-19,17.5,1.5210860635,0.0766367105092,0.888678897791
132,65257,65334,2037-07-18,2037-10-03,77.5,1.14405818005,0.000188251029961,0.59152774229
132,65430.5,65447.5,2038-01-07,2038-01-24,17.5,1.52104401205,0.0766432941468,1.08897485163
132,66633,66710,2041-04-24,2041-07-10,77.5,1.14409191248,0.000201040689527,1.70293983399
132,66806.5,66823.5,2041-10-14,2041-10-31,17.5,1.52100196048,0.0766498776622,2.28888708749
133,62724.5,62781.5,2030-08-11,2030-10-07,57.5,1.21222595263,0.000144467393955,1.80274243876
133,62842.5,62869,2030-12-07,2031-01-03,27,1.00180598204,0.00919283520611,1.14017969739
133,64441,64498,2035-04-24,2035-06-20,57.5,1.2112613468,0.000314539118497,1.07544609228
133,64558.5,64585.5,2035-08-19,2035-09-15,27.5,0.999134052175,0.00765868331448,0.545459584874
133,66157.5,66214.5,2040-01-04,2040-03-01,57.5,1.21029657553,0.00048461051946,0.598823749432
133,66275,66302,2040-05-01,2040-05-28,27.5,1.00014335857,0.00790430960964,1.69939053584
133,67874,67930.5,2044-09-16,2044-11-11,57,1.21292807268,0.000577890880996,1.74671907899
134,62765,62782,2030-09-21,2030-10-08,17.5,1.01833574632,0.000546343920189,1.9633191239
134,62979.5,62985.5,2031-04-23,2031-04-29,6.5,1.58923796164,0.0538158674629,2.34048768244
134,63355,63371.5,2032-05-03,2032-05-19,17,1.01810604422,0.00275888695848,1.05384165875
134,63569,63575,2032-12-03,2032-12-09,6.5,1.58861294424,0.0552008427822,1.81875745377
134,63944.5,63961.5,2033-12-13,2033-12-30,17.5,1.01797067126,0.000867847261102,1.24119391155
134,64159,64165,2034-07-16,2034-07-22,6.5,1.58963698329,0.0529305619746,1.18451841347
134,64534.5,64551,2035-07-26,2035-08-12,17,1.01774132497,0.00134470186574,1.89871325683
134,64748.5,64754.5,2036-02-25,2036-03-02,6.5,1.58901253875,0.0543156270788,2.55856149933
134,65124,65140.5,2037-03-07,2037-03-23,17,1.01831236426,0.0022820348628,0.0766960202095
134,65338,65344.5,2037-10-07,2037-10-13,7,1.58920517461,0.0520452003563,0.832595716471
134,65713.5,65730.5,2038-10-17,2038-11-03,17.5,1.01817665055,6.94887613931e-05,1.85483897237
134,65928,65934,2039-05-20,2039-05-26,6.5,1.58941176715,0.0534303537108,2.09835705019
134,66303.5,66320,2040-05-29,2040-06-15,17,1.01794710323,0.00214305804726,1.3606670854
134,66517.5,66523.5,2040-12-29,2041-01-04,6.5,1.58878699918,0.0548153683171,2.12455441124
134,66893,66909.5,2042-01-09,2042-01-25,17,1.01851898954,0.00148367910111,0.915763576605
134,67107,67113.5,2042-08-11,2042-08-17,7,1.58897974007,0.0525450236593,0.824349172952
134,67482.5,67499.5,2043-08-21,2043-09-07,17.5,1.01838293545,0.000728869829698,1.98251915043
134,67697,67703,2044-03-23,2044-03-29,6.5,1.58918643428,0.0539301273821,2.55673740558
135,63110,63169.5,2031-09-01,2031-10-30,60,1.16426612612,0.000515488959019,0.300241616544
135,63235.5,63269.5,2032-01-04,2032-02-07,34.5,1.01408175784,0.000325771775308,1.50633646213
135,63923.5,63983,2033-11-22,2034-01-21,60,1.16291141583,0.00042045009332,0.945594215088
135,64049,64083,2034-03-28,2034-05-01,34.5,1.01550396134,0.00068487131568,0.528642501056
135,64737,64796.5,2036-02-14,2036-04-13,60,1.16155621452,0.000136227716165,1.72179962953
135,64862,64896.5,2036-06-18,2036-07-22,35,1.0138338752,0.000497641589295,0.742377174717
135,65550,65610,2038-05-07,2038-07-06,60.5,1.16300302246,0.000147995183803,1.69046304238
135,65675.5,65709.5,2038-09-09,2038-10-13,34.5,1.01224241616,0.000138540401759,1.61549059783
135,66363.5,66423,2040-07-28,2040-09-26,60,1.16466293695,0.000432217511753,0.888261609292
135,66489,66523,2040-12-01,2041-01-04,34.5,1.01366502032,0.000220561866635,1.74373739216
135,67177,67236.5,2042-10-20,2042-12-18,60,1.16330837106,0.000503721566542,0.412358328266
135,67302.5,67336.5,2043-02-22,2043-03-28,34.5,1.01508731533,0.000579662429933,1.04201021396
136,62502,62527.5,2030-01-01,2030-01-26,26,1.17084677434,0.00143123740839,0.191408516385
136,62722.5,62750,2030-08-09,2030-09-06,28,1.03681226793,0.00170885447272,0.634695376787
136,62920.5,62952,2031-02-23,2031-03-27,32,1.16866227699,0.000170435726995,0.950217086505
136,63146.5,63174.5,2031-10-07,2031-11-04,28.5,1.03683490362,3.6554135515e-05,1.474774067
136,63344.5,63376,2032-04-22,2032-05-24,32,1.16847339701,0.00137674357399,1.76818776202
136,63571,63598.5,2032-12-05,2033-01-01,28,1.03681868014,0.00177033008899,1.95854156875
136,63769,63800.5,2033-06-21,2033-07-22,32,1.16865586445,0.000224929807162,2.15555943245
136,63995,64023,2034-02-02,2034-03-02,28.5,1.03684131409,2.49219706116e-05,1.92922359236
136,64193,64224.5,2034-08-19,2034-09-19,32,1.168466956,0.0013222497205,1.97986813548
136,64419.5,64447,2035-04-02,2035-04-30,28,1.03682509359,0.00172048654525,1.4196182453
136,64617.5,64649,2035-10-17,2035-11-18,32,1.16864945095,0.00027942388421,1.28364329953
136,64843.5,64871.5,2036-05-30,2036-06-27,28.5,1.03684772579,8.63980762401e-05,0.576613973988
136,65041.5,65073,2036-12-14,2037-01-15,32,1.16846051401,0.00126775584869,0.319251201634
136,65268,65295.5,2037-07-29,2037-08-25,28,1.03683150827,0.00165901090163,0.393925793926
136,65466,65497.5,2038-02-12,2038-03-15,32,1.16864303647,0.000333917957381,0.698990595659
136,65692,65720,2038-09-26,2038-10-24,28.5,1.03685413872,0.000147874180155,1.28733199028
136,65890,65921.5,2039-04-12,2039-05-13,32,1.16845407106,0.0012132619593,1.59564456108
136,66116.5,66144,2039-11-24,2039-12-22,28,1.03683792419,0.00159753522496,1.88421061752
136,66314.5,66346,2040-06-09,2040-07-11,32,1.16863662103,0.00038841202592,2.10518498738
136,66540.5,66568.5,2041-01-21,2041-02-18,28.5,1.03686055288,0.000209350281119,1.9854235559
136,66738.5,66770,2041-08-07,2041-09-08,32,1.16844762714,0.0011587680531,2.08279728275
136,66965,66992.5,2042-03-22,2042-04-18,28,1.03684434133,0.00153605951648,1.58752291028
136,67163,67194.5,2042-10-06,2042-11-06,32,1.16863020461,0.000442906089073,1.49828114849
136,67389,67417,2043-05-20,2043-06-17,28.5,1.03686696827,0.000270826377916,0.809689122828
136,67587,67618.5,2043-12-04,2044-01-04,32,1.16844118226,0.00110427413083,0.557471830661
136,67813.5,67841,2044-07-17,2044-08-14,28,1.03685075971,0.0014745837774,0.148731060317
137,62734.5,62762.5,2030-08-21,2030-09-18,28.5,0.982973704618,8.52452624572e-05,0.882918925262
137,64104.5,64132.5,2034-05-22,2034-06-19,28.5,0.982839317336,0.00157417317183,0.521849807261
137,65475,65503,2038-02-21,2038-03-21,28.5,0.982992479297,0.00030784500936,1.71871513362
137,66845,66873,2041-11-22,2041-12-20,28.5,0.982856773587,0.00135157490559,1.85238354122
138,63934.5,63946.5,2033-12-03,2033-12-15,12.5,1.04913058961,0.00128156529201,1.084069261
138,66112,66124,2039-11-20,2039-12-02,12.5,1.04939420203,0.00115773343517,0.816731977603
139,62861,62871.5,2030-12-26,2031-01-05,11,1.03078810438,0.0020462857249,1.52179275439
139,64796,64806.5,2036-04-13,2036-04-23,11,1.03013596883,0.0038916076926,1.95871998414
139,66731,66741.5,2041-07-31,2041-08-10,11,1.02948901242,0.000716834082048,0.881415584515
140,63848,63893,2033-09-08,2033-10-23,45.5,1.12663844871,0.000571547117404,1.33592472284
140,64010.5,64018.5,2034-02-17,2034-02-25,8.5,1.55815283958,0.0795566030584,1.44294544956
140,65491,65536.5,2038-03-09,2038-04-23,46,1.12710003394,0.000700953688466,1.38559708381
140,65654,65661.5,2038-08-19,2038-08-26,8,1.55778858196,0.0802895141708,2.19434314036
140,67134.5,67180,2042-09-07,2042-10-23,46,1.12517391476,0.000244034038733,1.26900335437
140,67297,67305,2043-02-17,2043-02-25,8.5,1.5574163378,0.0797452835941,1.35238582754
141,62701,62795,2030-07-19,2030-10-21,94.5,1.24493587011,7.29507496586e-05,1.7739400393
141,62869,62963,2031-01-03,2031-04-07,94.5,1.24551908961,0.0356213388447,1.36547055343
141,63192.5,63286.5,2031-11-22,2032-02-24,94.5,1.24527330325,5.03925553174e-05,0.514047466438
141,63360.5,63454.5,2032-05-08,2032-08-10,94.5,1.24518171946,0.0355758955847,1.67763731613
141,63684.5,63778,2033-03-28,2033-06-30,94,1.24372553636,2.78343545017e-05,1.2919570494
141,63852,63946,2033-09-12,2033-12-15,94.5,1.24484426287,0.0355304201099,0.307993024485
141,64176,64269.5,2034-08-02,2034-11-03,94,1.24406339243,5.27615011163e-06,1.73259062395
141,64343.5,64437.5,2035-01-16,2035-04-20,94.5,1.24450671987,0.0354849124096,1.47534162064
141,64667.5,64761,2035-12-06,2036-03-09,94,1.24440116196,1.72820549559e-05,0.327715760944
141,64835,64929,2036-05-22,2036-08-24,94.5,1.24416909052,0.0354393724734,1.60458945188
141,65159,65252.5,2037-04-11,2037-07-13,94,1.2447388449,3.98402578069e-05,1.40932716278
141,65326.5,65420.5,2037-09-25,2037-12-28,94.5,1.24383137486,0.0353938002909,0.117973240968
141,65650.5,65744.5,2038-08-15,2038-11-17,94.5,1.2427229674,6.23984555491e-05,1.66975305661
141,65818,65912,2039-01-30,2039-05-04,94.5,1.24349357293,0.0353481958516,1.57018971379
141,66142,66236,2039-12-20,2040-03-23,94.5,1.24306096585,8.49566452943e-05,0.136977840077
141,66309.5,66403.5,2040-06-04,2040-09-06,94.5,1.2431556848,0.0353025591453,1.51658091425
141,66633.5,66727.5,2041-04-24,2041-07-27,94.5,1.24339887814,0.000107514824156,1.50764295663
141,66801,66895,2041-10-09,2042-01-11,94.5,1.24281771049,0.0352568901617,0.105861340008
141,67125,67219,2042-08-29,2042-12-01,94.5,1.24373670423,0.000130072989253,1.59439494334
141,67293,67386.5,2043-02-13,2043-05-17,94,1.24483347534,0.0357824802961,1.65280517204
141,67616.5,67710.5,2044-01-02,2044-04-05,94.5,1.24407444407,0.000130512874675,0.0728491304475
141,67784.5,67878,2044-06-18,2044-09-20,94,1.24449581667,0.0357371513684,1.42065342089
142,62997,63076.5,2031-05-11,2031-07-29,80,1.21292750931,0.000115053711689,1.56928697776
142,63138,63213.5,2031-09-29,2031-12-13,76,1.19113149625,0.00022563649338,1.79850885383
142,63774.5,63854.5,2033-06-26,2033-09-14,80.5,1.21270799977,0.000347931649217,1.10034529964
142,63915.5,63991,2033-11-14,2034-01-29,76,1.18876873597,0.000267865676356,1.70758633666
142,64552.5,64632,2035-08-13,2035-11-01,80,1.21263964625,6.44580879749e-05,0.415474846689
142,64693.5,64769,2036-01-01,2036-03-17,76,1.19142133681,0.000171706054035,1.35371719773
142,65330,65410,2037-09-29,2037-12-18,80.5,1.21242027615,0.000398526989981,0.331804497907
142,65471,65546.5,2038-02-17,2038-05-03,76,1.18905865346,0.000321796000968,0.786775599875
142,66108,66187.5,2039-11-16,2040-02-03,80,1.21235177191,1.38624502829e-05,0.972387810149
142,66249,66324.5,2040-04-05,2040-06-19,76,1.19171116769,0.0001177755694,0.16529382324
142,66885.5,66965.5,2042-01-01,2042-03-22,80.5,1.21213254154,0.000426251697779,1.48725462435
142,67026.5,67102,2042-05-22,2042-08-06,76,1.18934856169,0.000375726241439,0.601783719422
142,67663.5,67743,2044-02-18,2044-05-08,80,1.21206388633,3.67331904185e-05,1.77543708105
142,67804.5,67879.5,2044-07-08,2044-09-21,75.5,1.18955800541,6.38450537286e-05,1.23259731405
143,62586.5,62609.5,2030-03-26,2030-04-18,23.5,1.06378369926,0.000607175547231,0.50323530572
143,63270.5,63299.5,2032-02-08,2032-03-08,29.5,1.31864523686,0.000533040548344,1.8251376595
143,63410,63433.5,2032-06-27,2032-07-20,24,1.06326417938,0.000972114482022,0.996342954003
143,64094.5,64123.5,2034-05-12,2034-06-10,29.5,1.31701949933,0.000740997505818,2.15883768902
143,64234,64257.5,2034-09-29,2034-10-22,24,1.06488209658,0.0016793459871,1.89306992778
143,64918,64947,2036-08-13,2036-09-11,29.5,1.31974860708,0.00139797798719,1.2522057866
143,65058,65081,2036-12-31,2037-01-23,23.5,1.06430339216,0.000100058021088,1.67772986791
143,65742,65771,2038-11-15,2038-12-14,29.5,1.31812326885,0.00012394093301,0.472490860147
143,65881.5,65905,2039-04-03,2039-04-27,24,1.06378358249,0.00147923081246,0.448763624165
143,66566,66595,2041-02-16,2041-03-17,29.5,1.31649734333,0.00115009667468,1.85937945838
143,66705.5,66729,2041-07-05,2041-07-29,24,1.06540184508,0.00117223012694,1.04480772886
143,67389.5,67418.5,2043-05-20,2043-06-18,29.5,1.31922676768,0.000988879115839,2.14842328324
143,67529.5,67552.5,2043-10-07,2043-10-30,23.5,1.06482319553,0.000407059593544,1.90869759288
145,63150,63190,2031-10-11,2031-11-20,40.5,1.05179764229,0.000400196439403,1.87230072128
145,64011.5,64052,2034-02-18,2034-03-31,41,1.05233945813,0.00121908159909,1.23222607302
145,64873.5,64913.5,2036-06-29,2036-08-08,40.5,1.0526059328,0.000336617319278,0.78926024084
145,65735.5,65775.5,2038-11-08,2038-12-18,40.5,1.0516380702,0.000545849655906,1.93316081808
145,66597,66637.5,2041-03-19,2041-04-28,41,1.0521798417,0.0010734291982,0.872964229638
145,67459,67499,2043-07-29,2043-09-07,40.5,1.05244600893,0.000190963986851,1.14236068117
146,62774.5,62851.5,2030-09-30,2030-12-16,77.5,1.17143970859,0.000247696152039,0.915267218296
146,62914.5,62969,2031-02-17,2031-04-13,55,1.06782842886,0.000621907142879,1.62011005784
146,63440,63516.5,2032-07-27,2032-10-11,77,1.17157245344,0.000305349522421,1.62198893746
146,63579.5,63634,2032-12-13,2033-02-06,55,1.06535709303,2.54406588809e-05,1.76659112863
146,64105,64182,2034-05-23,2034-08-08,77.5,1.17155895437,0.000220049056141,1.80741167977
146,64245,64299.5,2034-10-10,2034-12-03,55,1.06770488805,0.000589546034688,1.35604848241
146,64770.5,64847,2036-03-18,2036-06-03,77,1.1716917615,0.000332996585404,1.44851763428
146,64910,64964.5,2036-08-05,2036-09-28,55,1.06523354655,5.78021172387e-05,0.476902260914
146,65435.5,65512.5,2038-01-12,2038-03-30,77.5,1.17167819784,0.000192401951657,0.65042541432
146,65575.5,65630,2038-06-01,2038-07-26,55,1.06758134691,0.000557184889993,0.517561467251
146,66101,66177.5,2039-11-09,2040-01-24,77,1.1718110672,0.000360643635488,0.376197443624
146,66240.5,66295,2040-03-27,2040-05-21,55,1.06510999985,9.01635719848e-05,1.32786592949
146,66766,66843,2041-09-04,2041-11-20,77.5,1.17179743898,0.000164754839671,1.3133083451
146,66906,66960.5,2042-01-22,2042-03-17,55,1.06745780542,0.000524823710787,1.76307598395
146,67431.5,67508.5,2043-07-01,2043-09-16,77.5,1.16953101876,0.000388290671608,1.77867302553
146,67571,67625.5,2043-11-18,2044-01-11,55,1.06498645293,0.000122525021101,1.63341975659
147,62946.5,62955.5,2031-03-21,2031-03-30,9.5,0.957370032156,0.00301237972385,1.93065751754
147,64504.5,64513.5,2035-06-26,2035-07-05,9.5,0.957472360225,0.00407270391874,1.53567996065
147,66063,66071.5,2039-10-02,2039-10-10,9,0.956990208559,0.00513302464946,0.218667667203
147,67621,67630,2044-01-07,2044-01-16,9.5,0.956671263711,0.0043736908887,1.2463452918
148,63024,63080.5,2031-06-07,2031-08-02,57,1.011236228,0.000782462541999,1.6585329728
148,64479,64535.5,2035-06-01,2035-07-27,57,1.01148322744,0.000579198693436,1.72140705339
148,65934,65990.5,2039-05-26,2039-07-21,57,1.01173069895,0.00037593430023,1.77628049586
148,67389,67445.5,2043-05-20,2043-07-15,57,1.01197864203,0.000172669553811,1.82286262738
149,62502,62563.5,2030-01-01,2030-03-03,62,1.18662398498,0.0339084223334,0.272054585301
149,62589,62703.5,2030-03-29,2030-07-21,115,1.17095348507,0.000272944996991,0.442867485503
149,63540,63622.5,2032-11-04,2033-01-25,83,1.27041260797,0.00426251305728,0.899473832743
149,63648,63763,2033-02-20,2033-06-15,115.5,1.17224694983,0.000447117650213,0.999456891191
149,64599,64681.5,2035-09-29,2035-12-20,83,1.27111213879,0.00413140020946,1.42622679232
149,64707,64822,2036-01-15,2036-05-09,115.5,1.17168068963,0.000320667381218,1.46436231919
149,65658,65741,2038-08-23,2038-11-14,83.5,1.27001676143,0.00400028480557,1.79325824016
149,65766,65881,2038-12-09,2039-04-03,115.5,1.17111507539,0.000146494427161,1.77203064362
149,66717.5,66800,2041-07-17,2041-10-08,83,1.26872918445,0.00457824481598,1.96519971275
149,66825.5,66940,2041-11-02,2042-02-25,115,1.17175185008,2.76787298447e-05,1.88371683156
149,67776.5,67859,2044-06-10,2044-09-01,83,1.26942802816,0.00444713847192,1.92853627865
149,67884.5,67980.75,2044-09-26,2044-12-31,96.75,1.10520355821,0.000201851848351,1.76337743184
150,62971,63050.5,2031-04-15,2031-07-03,80,1.07213980331,0.000521217417848,0.934819749842
150,64110,64189.5,2034-05-28,2034-08-15,80,1.07215556538,0.000657221842,0.249812709143
150,65249,65328.5,2037-07-10,2037-09-27,80,1.07217172316,0.000504746564474,0.360725784644
150,66388,66468,2040-08-22,2040-11-10,80.5,1.07254799359,0.000352270846401,1.04168028747
150,67527,67607,2043-10-05,2043-12-24,80.5,1.07256318799,0.000199794820884,1.59441356256
151,62816.5,62863.5,2030-11-11,2030-12-28,47.5,0.984831779715,1.89191306207e-05,1.43125433794
151,64335,64382.5,2035-01-08,2035-02-24,48,0.985371335079,0.000803229744934,1.88297847681
151,65853.5,65901,2039-03-06,2039-04-23,48,0.984898057477,0.000566373044373,1.85546716711
151,67372.5,67419.5,2043-05-03,2043-06-19,47.5,0.984711488421,0.000217938529077,1.38950897485
152,63201,63243.5,2031-12-01,2032-01-12,43,0.97786040081,0.000115845944073,0.828449120517
152,65293.5,65335.5,2037-08-23,2037-10-04,42.5,0.976498391729,0.000723594954235,0.657192212931
152,67385.5,67427.5,2043-05-16,2043-06-27,42.5,0.9776387669,0.00107759171548,1.74891944623
153,62608,62694,2030-04-17,2030-07-12,86.5,1.24808213603,5.65982449801e-05,0.413851818404
153,62768,62853.5,2030-09-24,2030-12-18,86,1.24953561093,0.0186791529535,1.76923700517
153,63077.5,63163.5,2031-07-30,2031-10-24,86.5,1.24924346775,2.16186574279e-05,1.0979768544
153,63237.5,63323,2032-01-06,2032-04-01,86,1.24837435346,0.0186131073002,0.694258957043
153,63547.5,63633,2032-11-11,2033-02-05,86,1.24836821319,1.33609681309e-05,1.78980506579
153,63707,63793,2033-04-20,2033-07-15,86.5,1.24924960209,0.0185468956361,0.830132902112
153,64017,64102.5,2034-02-24,2034-05-20,86,1.24952947695,4.83405702895e-05,1.14648577202
153,64176.5,64262.5,2034-08-02,2034-10-27,86.5,1.24808827665,0.0184805175735,1.76831263626
153,64486.5,64572.5,2035-06-08,2035-09-02,86.5,1.24809182108,5.63066773144e-05,0.390039329273
153,64646.5,64732,2035-11-15,2036-02-09,86,1.24952593633,0.0186786031233,1.43862616929
153,64956,65042,2036-09-20,2036-12-15,86.5,1.24925314289,2.13270891907e-05,1.58622703738
153,65116,65201.5,2037-02-27,2037-05-23,86,1.24836466894,0.0186125560877,0.0311550018933
153,65426,65511.5,2038-01-03,2038-03-29,86,1.24837789767,1.36525364263e-05,1.63579078727
153,65585.5,65671.5,2038-06-11,2038-09-05,86.5,1.24923992692,0.0185463430383,1.41285097764
153,65895.5,65981,2039-04-17,2039-07-12,86,1.24953915152,4.86321381328e-05,0.482313404453
153,66055,66141,2039-09-24,2039-12-19,86.5,1.24807859158,0.0184799635871,1.77897045386
153,66365,66451,2040-07-30,2040-10-24,86.5,1.24810150604,5.60151096416e-05,1.02454602314
153,66525,66610.5,2041-01-06,2041-04-01,86,1.24951626165,0.0186780532815,0.747842698428
153,66834.5,66920.5,2041-11-11,2042-02-05,86.5,1.24926281795,2.1035520951e-05,1.78621244511
153,66994.5,67080,2042-04-20,2042-07-15,86,1.24835498434,0.0186120048638,0.768006239727
153,67304.5,67390,2043-02-24,2043-05-21,86,1.24838758208,1.39441047204e-05,1.19661757682
153,67464,67550,2043-08-03,2043-10-28,86.5,1.24923025166,0.0185457904289,1.75327267308
153,67774,67859.5,2044-06-08,2044-09-01,86,1.24954882601,4.89237059698e-05,0.321089794708
153,67933.5,67980.75,2044-11-14,2044-12-31,47.75,1.07265732941,0.018479409589,1.47564107665
154,62660.5,62720.5,2030-06-08,2030-08-07,60.5,1.0432143126,0.000430598972116,1.8809050874
154,63533.5,63593,2032-10-28,2032-12-27,60,1.04249296238,0.000142860645406,0.0399706854931
154,64406,64465.5,2035-03-20,2035-05-18,60,1.04271810271,0.000144877951513,1.87276240805
154,65278.5,65338,2037-08-08,2037-10-07,60,1.04294396853,0.000432616274736,1.31692161822
154,66151,66210.5,2039-12-29,2040-02-26,60,1.04317055907,0.000720353781152,0.933754171385
154,67023.5,67083.5,2042-05-19,2042-07-18,60.5,1.04298623483,0.000721554894822,1.99007856964
154,67896,67956,2044-10-08,2044-12-07,60.5,1.04321178566,0.000433817395214,0.422696198281
155,62502,62517,2030-01-01,2030-01-16,15.5,1.30825661458,0.0346335119262,0.33112922909
155,62656.5,62689,2030-06-04,2030-07-07,33,0.976644260472,0.00115774015965,0.320945226636
155,62972,63018,2031-04-16,2031-06-01,46.5,1.36495368276,7.16304887447e-05,1.99270821454
155,63157.5,63190,2031-10-18,2031-11-20,33,0.976820180733,0.00085285244144,1.5994330389
155,63473,63519,2032-08-29,2032-10-14,46.5,1.3647750523,0.00014557225341,1.78442646074
155,63658.5,63691,2033-03-02,2033-04-04,33,0.976996230788,0.000547964047759,1.57332463504
155,63974,64020,2034-01-12,2034-02-27,46.5,1.36459635756,0.000362774953928,0.529520319494
155,64159,64192,2034-07-16,2034-08-18,33.5,0.976360400562,0.000243075220315,0.310836326967
155,64475,64521,2035-05-28,2035-07-13,46.5,1.36441759855,0.000579977550658,2.27589380182
155,64660,64693,2035-11-29,2036-01-01,33.5,0.976535939871,6.18137994525e-05,1.853953499
155,64976,65021.5,2036-10-10,2036-11-24,46,1.3651883704,0.000797179981394,1.21095860728
155,65161,65193.5,2037-04-13,2037-05-15,33,0.975755855539,0.000366702770367,1.12074413764
155,65477,65522.5,2038-02-23,2038-04-09,46,1.36500978556,0.00101438218387,1.15303805135
155,65662,65694.5,2038-08-27,2038-09-28,33,0.975931115722,0.000671591451521,0.93494248758
155,65978,66023.5,2039-07-09,2039-08-23,46,1.36483113637,0.000953777457564,2.24441567016
155,66163,66195.5,2040-01-10,2040-02-11,33,0.976106506735,0.000976479602273,1.89159368458
155,66479,66524.5,2040-11-21,2041-01-05,46,1.36465242286,0.000736575184149,0.533624422292
155,66664,66696.5,2041-05-25,2041-06-26,33,0.976282028373,0.00128136698224,0.553986155824
155,66980,67025.5,2042-04-06,2042-05-21,46,1.36447364505,0.000519372700438,1.78898905127
155,67165,67197.5,2042-10-08,2042-11-09,33,0.976457680431,0.00148134783498,1.44492243141
155,67480.5,67526.5,2043-08-19,2043-10-04,46.5,1.36514321126,0.00030217006837,1.96097322122
155,67666,67698.5,2044-02-21,2044-03-24,33,0.976633462705,0.00117646109844,1.70450569149
156,63091,63113,2031-08-13,2031-09-04,22.5,1.02250996415,0.000210610133182,1.97403971052
156,64017.5,64039.5,2034-02-24,2034-03-18,22.5,1.02245989726,0.00139857276326,0.206593760055
156,64944,64965.5,2036-09-08,2036-09-29,22,1.02238665472,0.00192032168053,2.02355353231
156,65870,65892,2039-03-23,2039-04-14,22.5,1.0225512715,0.000732361317509,0.213597742168
156,66796.5,66818.5,2041-10-04,2041-10-26,22.5,1.02249945889,0.000455602594054,1.98827700558
156,67723,67744.5,2044-04-18,2044-05-09,22,1.02242780671,0.00164356429748,0.615916454249
157,64068.5,64096,2034-04-16,2034-05-14,28,0.986395465859,0.00133757076822,1.52761905776
157,65732,65759,2038-11-05,2038-12-02,27.5,0.98530082867,0.00035003639399,1.2802077501
157,67395,67422.5,2043-05-26,2043-06-22,28,0.984500969494,0.000637500014433,1.14599242002
158,63745.5,63770.5,2033-05-28,2033-06-22,25.5,0.984803465369,0.000566124506615,1.8628733319
158,65504,65529,2038-03-22,2038-04-16,25.5,0.984677363173,0.00108071990496,1.89979212606
158,67262.5,67288,2043-01-13,2043-02-08,26,0.985245228444,0.00159531384673,1.22681494825
159,62507,62705,2030-01-06,2030-07-23,198.5,1.16361737932,0.000221732028477,1.78940151726
159,64119.5,64317.5,2034-06-06,2034-12-21,198.5,1.16361911746,3.26689747153e-05,0.131088581636
159,65731.5,65929.5,2038-11-04,2039-05-21,198.5,1.16361843396,0.000287069834874,1.74216043621
159,67344,67542,2043-04-05,2043-10-20,198.5,1.16361728083,0.000307391517501,0.931072003451
160,62601.5,62813.5,2030-04-10,2030-11-08,212.5,1.24390054658,4.7259746193e-05,1.7119965932
160,63892.5,64104.5,2033-10-22,2034-05-22,212.5,1.24390149886,8.560764893e-05,0.831630722774
160,65183,65395,2037-05-05,2037-12-03,212.5,1.24390151756,0.000123955504764,1.88204326872
160,66474,66686,2040-11-16,2041-06-16,212.5,1.24390055853,8.86875040953e-05,0.465213306811
160,67765,67977,2044-05-30,2044-12-28,212.5,1.24390002002,5.03396044576e-05,1.98664543015
161,63147.5,63189.5,2031-10-08,2031-11-19,42.5,1.08770340924,0.000223205397863,0.598801539058
161,63249,63276,2032-01-18,2032-02-14,27.5,0.987025786342,0.000802948734326,0.764791887974
161,64759,64801,2036-03-07,2036-04-18,42.5,1.087408649,0.000326346173698,1.80221017016
161,64860.5,64887.5,2036-06-16,2036-07-13,27.5,0.987323516982,0.000923888174085,1.37424316314
161,66370.5,66412.5,2040-08-04,2040-09-15,42.5,1.08711388682,0.00042948691256,0.486522903758
161,66472,66499,2040-11-14,2040-12-11,27.5,0.987621254789,0.00104482744682,1.55267729459
162,62665.5,62712,2030-06-13,2030-07-30,47,1.02866321487,0.00022328205548,0.0838472683822
162,62959.5,63006,2031-04-03,2031-05-20,47,1.02887246726,0.00103549632338,1.02378784532
162,63253.5,63300,2032-01-22,2032-03-09,47,1.02907981923,0.00032984404087,1.84514659176
162,63547,63593.5,2032-11-11,2032-12-27,47,1.02873017106,0.000482372463291,1.90399446476
162,63841,63887.5,2033-09-01,2033-10-17,47,1.02893881733,0.000882968712374,1.25009335336
162,64134.5,64181.5,2034-06-21,2034-08-07,47.5,1.02875987916,7.07534788546e-05,0.174994387223
162,64428.5,64475,2035-04-11,2035-05-28,47,1.02879693394,0.00074146241425,0.93369617435
162,64722.5,64769,2036-01-30,2036-03-17,47,1.029004974,0.000623879115295,1.79912956238
162,65016,65062.5,2036-11-19,2037-01-04,47,1.02865416934,0.000188337150205,1.92870712953
162,65310,65356.5,2037-09-09,2037-10-25,47,1.02886350348,0.00100055166311,1.32644435725
162,65604,65650.5,2038-06-30,2038-08-15,47,1.02907093723,0.000364788926838,0.268010327747
162,65897.5,65944,2039-04-19,2039-06-05,47,1.02872115161,0.000447427600858,0.841409509362
162,66191.5,66238,2040-02-07,2040-03-25,47,1.02892987963,0.000917913428053,1.74834066043
162,66485,66532,2040-11-27,2041-01-13,47.5,1.02875091569,0.000105698392656,1.94819006938
162,66779,66825.5,2041-09-17,2041-11-02,47,1.02878794056,0.000706517627748,1.39945355029
162,67073,67119.5,2042-07-08,2042-08-23,47,1.02899606239,0.000658823929545,0.362013730497
162,67366.5,67413,2043-04-27,2043-06-13,47,1.02864512029,0.000153392241689,0.747209816511
162,67660.5,67707,2044-02-15,2044-04-02,47,1.02885453618,0.000965606985608,1.69294576174
162,67954.5,67980.75,2044-12-05,2044-12-31,26.75,1.01856811509,0.000399733806514,1.96368610518
163,62704.5,62731,2030-07-22,2030-08-18,27,0.928666141163,0.00179492364756,0.59266366208
163,63097,63124,2031-08-19,2031-09-15,27.5,0.929296485471,0.000509000514586,0.176067412875
163,63489.5,63516.5,2032-09-14,2032-10-11,27.5,0.927696693069,0.000776928319154,0.273148949824
163,63882.5,63909.5,2033-10-12,2033-11-08,27.5,0.930668496609,0.00161276318561,0.681291818716
163,64275,64302,2034-11-09,2034-12-06,27.5,0.929069950037,0.000326838370443,1.03990968591
163,64667.5,64694.5,2035-12-06,2036-01-02,27.5,0.927469952856,0.000959090103507,1.34265928264
163,65060.5,65087.5,2037-01-02,2037-01-29,27.5,0.930442138265,0.00143060236201,1.57993735796
163,65453,65480,2038-01-30,2038-02-26,27.5,0.928843385493,0.00014467615263,1.72997265912
163,65845.5,65872.5,2039-02-26,2039-03-25,27.5,0.92724318377,0.00114125167054,1.78602298929
163,66238.5,66265.5,2040-03-25,2040-04-21,27.5,0.930215750611,0.00124844121737,1.75165638408
163,66631,66658,2041-04-22,2041-05-19,27.5,0.928616791874,3.74860978092e-05,1.62036704379
163,67023.5,67050.5,2042-05-19,2042-06-15,27.5,0.927016385844,0.00132341297879,1.40717268192
163,67416.5,67443.5,2043-06-16,2043-07-13,27.5,0.929989333681,0.00106627979239,1.13019834048
163,67809,67836,2044-07-13,2044-08-09,27.5,0.928390169211,0.000219648339781,0.798840799341
164,62800,62839.5,2030-10-26,2030-12-04,40,1.02954443976,0.00405479502917,1.78434463403
164,62906.5,62982,2031-02-09,2031-04-26,76,1.22014259663,0.000180785456625,1.34523468992
164,63500,63539.5,2032-09-25,2032-11-03,40,1.02941331249,0.00402421922667,1.75527611908
164,63606.5,63682,2033-01-09,2033-03-26,76,1.22026402558,0.000158009178096,0.970458388241
164,64200,64239.5,2034-08-26,2034-10-04,40,1.02928218204,0.00399364311514,1.59921447913
164,64306.5,64382,2034-12-10,2035-02-24,76,1.22038544948,0.000135232894205,0.503532465484
164,64900,64939.5,2036-07-26,2036-09-03,40,1.0291510484,0.00396306669676,1.33158861044
164,65006.5,65082,2036-11-09,2037-01-24,76,1.22050686832,0.000112456605729,0.0295780357121
164,65600,65639.5,2038-06-26,2038-08-04,40,1.02901991159,0.00393248997374,0.975812430949
164,65706.5,65782,2038-10-10,2038-12-25,76,1.2206282821,8.96803134386e-05,0.51039498496
164,66300,66339.5,2040-05-26,2040-07-04,40,1.02888877161,0.00390191294828,0.565785535462
164,66406.5,66482,2040-09-09,2040-11-24,76,1.22074969081,6.69040181122e-05,0.937864190232
164,67000,67039.5,2042-04-26,2042-06-04,40,1.02875762846,0.00387133562258,0.13099745786
164,67106.5,67182,2042-08-10,2042-10-25,76,1.22087109446,4.41277205163e-05,1.30898974237
164,67700,67739.5,2044-03-26,2044-05-04,40,1.02862648214,0.00384075799884,0.406837828944
164,67806.5,67882,2044-07-10,2044-09-24,76,1.22099249304,2.13514214276e-05,1.59049672919
165,62530.5,62559.5,2030-01-29,2030-02-27,29.5,1.03555204988,0.000560529027627,1.78362120179
165,63009.5,63038.5,2031-05-23,2031-06-21,29.5,1.03631833944,0.000753258403478,0.970830378258
165,63488.5,63517.5,2032-09-13,2032-10-12,29.5,1.03708414904,0.00094598686045,0.715127774177
165,63967.5,63996,2034-01-05,2034-02-03,29,1.03424933098,0.000788652883406,1.75351906326
165,64446.5,64475,2035-04-29,2035-05-28,29,1.03501631597,0.000595923682635,1.27418565314
165,64925.5,64954,2036-08-20,2036-09-18,29,1.03578282045,0.0004031937384,0.360057714995
165,65404.5,65433,2037-12-12,2038-01-10,29,1.03654884499,0.000210463292701,1.63330023495
165,65883.5,65912,2039-04-05,2039-05-04,29,1.03731439015,1.77325860195e-05,1.52105676727
165,66362.5,66391,2040-07-27,2040-08-25,29,1.03807945648,0.000174998142703,0.049691076848
165,66841.5,66870,2041-11-18,2041-12-17,29,1.03884404455,0.000367728656017,1.43013885814
165,67320,67349,2043-03-12,2043-04-10,29.5,1.03555177024,0.000560458717968,1.68752010155
165,67799,67828,2044-07-03,2044-08-01,29.5,1.03631805997,0.00075318809411,0.428793747912
166,63728.5,63754,2033-05-11,2033-06-06,26,1.01496345388,0.00154236545363,1.9678147858
166,65459,65484.5,2038-02-05,2038-03-02,26,1.0143326015,0.000687404837815,1.03660702008
166,67189,67214.5,2042-11-01,2042-11-26,26,1.01520192574,0.000934405021149,0.589217103864
167,64029.5,64039,2034-03-08,2034-03-18,10,1.01977619263,0.00191641469806,1.47363440543
167,65672,65681,2038-09-06,2038-09-15,9.5,1.02052550836,0.000100458994099,1.39450838414
167,67314,67323.5,2043-03-06,2043-03-15,10,1.02140266416,0.0017154969341,1.38352596895
168,63037,63062,2031-06-20,2031-07-15,25.5,1.0297929162,0.00145291571173,1.39569906901
168,63781.5,63806.5,2033-07-03,2033-07-28,25.5,1.02978720269,0.00147108360614,1.22908518032
168,64526,64551,2035-07-18,2035-08-12,25.5,1.02978148967,0.00148925149841,1.0470656379
168,65270.5,65295.5,2037-07-31,2037-08-25,25.5,1.02977577716,0.00150741938852,0.851751959347
168,66015,66040,2039-08-15,2039-09-09,25.5,1.02977006515,0.00152558727644,0.645433530691
168,66759.5,66784.5,2041-08-28,2041-09-22,25.5,1.02976435364,0.00154375516215,0.430597059185
168,67504,67529,2043-09-12,2043-10-07,25.5,1.02975864263,0.0015619230456,0.210229775227
169,63031.5,63079,2031-06-14,2031-08-01,48,1.0994339619,9.56236828099e-05,0.931841632714
169,64379,64426.5,2035-02-21,2035-04-09,48,1.09956997056,8.28929452462e-06,0.887413230913
169,65726.5,65774,2038-10-30,2038-12-17,48,1.09970601949,7.90450945521e-05,1.93647288678
169,67074,67121.5,2042-07-09,2042-08-25,48,1.09984210868,0.000166379476091,1.19428001591
170,62789.5,63049.5,2030-10-15,2031-07-02,260.5,1.15348872989,0.000233655048112,1.68720855016
170,63495.5,63755.5,2032-09-20,2033-06-07,260.5,1.15348812475,0.000211308491465,1.78600079975
170,64202,64461.5,2034-08-28,2035-05-14,260,1.15263038965,5.52992967029e-05,1.76901131118
170,64908,65168,2036-08-03,2037-04-20,260.5,1.15348833896,0.000321906064075,1.6380972232
170,65614,65874,2038-07-10,2039-03-27,260.5,1.15348830368,0.000123056911198,1.40697124988
170,66320.5,66580,2040-06-15,2041-03-02,260,1.15263037794,0.000143551083309,1.09318004634
170,67026.5,67286.5,2042-05-22,2043-02-06,260.5,1.15348813667,0.000301412105386,0.716292189817
170,67732.5,67980.75,2044-04-27,2044-12-31,248.75,1.13462071158,3.4805082687e-05,0.299046014895
171,62679.5,62726.5,2030-06-27,2030-08-13,47.5,1.13095740967,0.00046092098795,0.335891861046
171,63335.5,63382.5,2032-04-13,2032-05-30,47.5,1.13343736566,0.000743294360479,1.30854819881
171,63992,64039,2034-01-30,2034-03-18,47.5,1.1293142986,1.86505382549e-05,1.77737067478
171,64648,64695,2035-11-17,2036-01-03,47.5,1.13179650508,0.00070599343452,1.54149755967
171,65304.5,65351,2037-09-03,2037-10-20,47,1.13116848722,0.000498222000094,0.691445927898
171,65960.5,66007.5,2039-06-21,2039-08-07,47.5,1.13015415524,0.000226422500498,0.500845540102
171,66616.5,66663.5,2041-04-07,2041-05-24,47.5,1.13263521157,0.00095106526122,1.41429515561
171,67273,67319.5,2043-01-24,2043-03-11,47,1.13200750902,0.000253149197124,1.79556058411
171,67929,67976,2044-11-10,2044-12-27,47.5,1.13099362283,0.00047149533961,1.44790928665
172,62824.5,62872,2030-11-19,2031-01-06,48,1.5203031725,0.000217810596979,0.727212223564
172,63028,63064,2031-06-11,2031-07-17,36.5,1.00243801658,0.000599808641732,0.365893932071
172,63388.5,63435.5,2032-06-05,2032-07-22,47.5,1.52047315527,0.000818230387126,2.43332098862
172,63592,63627.5,2032-12-26,2033-01-30,36,1.0022309075,0.000616410437171,1.92710654848
172,63952,63999.5,2033-12-21,2034-02-06,48,1.52053984484,2.70237450638e-05,0.458461771582
172,64156,64191.5,2034-07-13,2034-08-17,36,1.00295702119,0.00097615948558,0.101181185388
172,64516,64563,2035-07-08,2035-08-24,47.5,1.52070978558,0.00076418299967,2.42362345417
172,64719.5,64755.5,2036-01-27,2036-03-03,36.5,1.00293907551,0.000240058818366,1.88814010836
172,65079.5,65127,2037-01-21,2037-03-10,48,1.52077640127,0.000271858077208,0.637170844271
172,65283.5,65319,2037-08-13,2037-09-18,36,1.00273201573,0.00135250902787,0.601737889975
172,65643.5,65691,2038-08-08,2038-09-25,48,1.52001152714,0.000519348959268,2.25645025674
172,65847,65883,2039-02-28,2039-04-05,36.5,1.00271437343,0.000136293119737,1.71873159469
172,66207,66254.5,2040-02-23,2040-04-10,48,1.52101284176,0.000516692309801,1.01795141257
172,66411,66446.5,2040-09-14,2040-10-19,36,1.0025072914,0.00107992468951,1.06261710286
172,66771,66818.5,2041-09-09,2041-10-26,48,1.52024834218,0.000274514728375,1.94745930274
172,66974.5,67010.5,2042-03-31,2042-05-06,36.5,1.0024899527,0.000512644876344,1.43325278344
172,67335,67382,2043-03-27,2043-05-13,47.5,1.52041833467,0.000761526353249,1.53993069481
172,67538.5,67574,2043-10-16,2043-11-21,36,1.00228284868,0.000703574151109,1.44768804621
172,67898.5,67946,2044-10-10,2044-11-27,48,1.52048504135,2.96803968383e-05,1.51551746253
173,63122,63170.5,2031-09-13,2031-10-31,49,1.40137245805,0.0264847124217,1.9107873388
173,63243.5,63324.5,2032-01-12,2032-04-02,81.5,1.08396056153,0.000415796204854,1.40672155347
173,64081,64129.5,2034-04-29,2034-06-16,49,1.40228638002,0.0263005300447,0.320509722397
173,64202.5,64283.5,2034-08-28,2034-11-17,81.5,1.08322418513,0.000118340628436,0.585378144533
173,65040,65088.5,2036-12-13,2037-01-30,49,1.40320023062,0.026116323627,2.10737109875
173,65161.5,65242.5,2037-04-13,2037-07-03,81.5,1.08248883777,0.000179115303138,1.84541117967
173,65999.5,66048,2039-07-30,2039-09-17,49,1.40004523509,0.0267521188531,1.30623512495
173,66121,66202,2039-11-29,2040-02-18,81.5,1.08503167141,0.000476570695011,0.721862698781
173,66958.5,67007,2042-03-15,2042-05-03,49,1.40095925861,0.0265679717566,1.1114658549
173,67080,67161,2042-07-15,2042-10-04,81.5,1.08429380774,0.000550272978388,1.22952844129
173,67917.5,67966,2044-10-29,2044-12-17,49,1.40187321246,0.0263838003165,2.15897107495
174,62574.5,62615.5,2030-03-14,2030-04-24,41.5,1.03807758917,0.000143613345374,0.0230906260455
174,63509.5,63550.5,2032-10-04,2032-11-14,41.5,1.03810387263,0.000111714570448,1.94325791656
174,64444.5,64485.5,2035-04-27,2035-06-07,41.5,1.03813016049,7.98157942716e-05,0.632002044687
174,65379.5,65420.5,2037-11-17,2037-12-28,41.5,1.03815645276,4.79170172044e-05,1.72751299088
174,66315,66355.5,2040-06-10,2040-07-20,41,1.03697877761,1.60182395993e-05,1.22342792288
174,67250,67290.5,2043-01-01,2043-02-10,41,1.03700493263,1.58805381829e-05,1.28152621175
175,63220,63263,2031-12-20,2032-02-01,43.5,1.01474669294,2.549236293e-05,0.255689466997
175,64113,64156,2034-05-31,2034-07-13,43.5,1.01460064711,0.000518745760018,1.89614666475
175,65006,65049,2036-11-09,2036-12-22,43.5,1.01445595183,0.00101199749123,0.9753101693
175,65898.5,65941.5,2039-04-20,2039-06-02,43.5,1.01500804071,0.000846039596959,1.53076535921
175,66791.5,66834.5,2041-09-29,2041-11-11,43.5,1.01485961091,0.000352787127329,1.55640840566
175,67684.5,67727.5,2044-03-10,2044-04-22,43.5,1.01471252998,0.000140466474103,0.961620964473
176,62960.5,63160.5,2031-04-04,2031-10-21,200.5,1.23788834292,0.00015243881075,0.946776784862
176,64537.5,64738,2035-07-29,2036-02-15,201,1.23878821945,0.000102441058321,0.806218199489
176,66114.5,66315,2039-11-22,2040-06-10,201,1.23878864295,9.41174478657e-05,1.98634567111
176,67692,67892.5,2044-03-18,2044-10-04,201,1.23878884791,0.00016076240497,1.28386334381
177,63390.5,63464.5,2032-06-07,2032-08-20,74.5,1.18470804114,0.0555806355523,0.227353190625
177,63507.5,63563.5,2032-10-02,2032-11-27,56.5,1.08690953076,0.000435340530622,0.645765662238
177,64990.5,65064.5,2036-10-24,2037-01-06,74.5,1.18830092756,0.055358121834,1.68250970165
177,65108,65164,2037-02-19,2037-04-16,56.5,1.08866941814,0.000279778155812,1.35813349601
177,66591,66665,2041-03-13,2041-05-26,74.5,1.18652581555,0.0554680779299,1.18370476587
177,66708,66764.5,2041-07-08,2041-09-02,57,1.08788843619,7.34198603255e-05,1.6337618922
178,63210,63231.5,2031-12-10,2031-12-31,22,0.953880297797,0.00866663287714,1.78504505614
178,63296,63332,2032-03-05,2032-04-10,36.5,1.05001425536,0.000481421618564,1.01537910736
178,64204.5,64226,2034-08-30,2034-09-21,22,0.954985375281,0.00901230160568,1.08892357848
178,64291,64326.5,2034-11-25,2034-12-30,36,1.05239984623,0.000774216258932,0.586236454571
178,65199,65220.5,2037-05-21,2037-06-11,22,0.956090247774,0.00935793799571,0.403005339626
178,65285.5,65321,2037-08-15,2037-09-20,36,1.0513238028,0.000777143354965,1.69625841316
178,66193.5,66215,2040-02-09,2040-03-02,22,0.957194913446,0.00970354094726,1.60012208124
178,66280,66315.5,2040-05-06,2040-06-10,36,1.05024748229,0.000484348711711,1.6092330794
178,67188.5,67210,2042-10-31,2042-11-22,22,0.951339575298,0.00787201712575,1.62410527812
178,67274.5,67310,2043-01-25,2043-03-02,36,1.04917088589,0.00019155290006,0.351754356804
179,62545,62562.5,2030-02-13,2030-03-02,18,0.93566638554,0.000244239813344,1.50054884119
179,63304.5,63321.5,2032-03-13,2032-03-30,17.5,0.932658068893,0.000657353744787,1.69612281969
179,64063.5,64080.5,2034-04-11,2034-04-28,17.5,0.933380427276,0.00107046706729,1.79740983458
179,64822.5,64839.5,2036-05-09,2036-05-26,17.5,0.934102558113,0.00148357940051,1.80069166214
179,65581.5,65598.5,2038-06-07,2038-06-24,17.5,0.934824461317,0.00189669036596,1.70754343949
179,66340.5,66357.5,2040-07-05,2040-07-22,17.5,0.935546136797,0.00204576527352,1.52389189119
179,67099.5,67116.5,2042-08-03,2042-08-20,17.5,0.936267584468,0.00163265495068,1.2595957207
179,67858.5,67875.5,2044-08-31,2044-09-17,17.5,0.936988804245,0.00121954309403,0.928963501629
180,63307.5,63320.5,2032-03-16,2032-03-29,13.5,1.54011565386,0.0172707422805,1.05899556888
180,63453,63473,2032-08-09,2032-08-29,20.5,1.03952399324,0.000959574172133,1.29865193233
180,64342.5,64355.5,2035-01-15,2035-01-28,13.5,1.539315957,0.0178298278732,2.01675980196
180,64487.5,64508,2035-06-09,2035-06-30,21,1.03820644687,0.00183358736633,1.85698892996
180,65377.5,65390.5,2037-11-15,2037-11-28,13.5,1.53851608033,0.0183889029164,2.46078298833
180,65522.5,65543,2038-04-09,2038-04-30,21,1.03898011948,0.00213655022957,1.91519300723
180,66412,66425.5,2040-09-15,2040-09-28,14,1.53992000714,0.0158492674919,2.22956868399
180,66557.5,66577.5,2041-02-07,2041-02-27,20.5,1.03755623589,0.00126253820966,1.43491804768
180,67447,67460.5,2043-07-17,2043-07-30,14,1.5391202866,0.0164083783506,1.38925353488
180,67592.5,67612.5,2043-12-09,2043-12-29,20.5,1.03832981202,0.000388523458379,0.543378958107
181,62584,62759,2030-03-24,2030-09-15,175.5,1.09396419653,0.000170498899218,0.272075631654
181,62770.5,62810,2030-09-26,2030-11-05,40,1.4818219124,0.0896027951889,0.59771097687
181,63349.5,63524.5,2032-04-27,2032-10-19,175.5,1.09396310177,0.000165078866561,0.0752442854667
181,63536,63575.5,2032-10-31,2032-12-09,40,1.48184148315,0.0896014246493,0.420414591826
181,64115,64290,2034-06-02,2034-11-24,175.5,1.09396200775,0.000159658833354,0.590725791244
181,64301.5,64341,2034-12-05,2035-01-14,40,1.4818610538,0.089600054041,0.937562148769
181,64880.5,65055.5,2036-07-06,2036-12-28,175.5,1.09396091448,0.000154238799619,1.11814475253
181,65067,65106.5,2037-01-09,2037-02-17,40,1.48188062432,0.0895986833639,1.50406954764
181,65646,65821,2038-08-11,2039-02-02,175.5,1.09395982195,0.000148818765369,1.54432231454
181,65832.5,65872,2039-02-13,2039-03-25,40,1.48190019473,0.0895973126181,1.9626304152
181,66411.5,66586.5,2040-09-14,2041-03-08,175.5,1.09395873016,0.000143398730627,1.82664215212
181,66598,66637.5,2041-03-20,2041-04-28,40,1.48191976502,0.0895959418035,2.25810959241
181,67177,67352,2042-10-20,2043-04-13,175.5,1.09395763912,0.000137978695409,1.93649521028
181,67363.5,67403,2043-04-24,2043-06-03,40,1.48193933519,0.0895945709201,2.36437456836
181,67942.5,67980.75,2044-11-23,2044-12-31,38.75,1.23312839016,0.0535203366408,1.99793134374
182,63182,63205,2031-11-12,2031-12-05,23.5,0.967259052788,0.0266747077215,1.14685687021
182,63271,63319,2032-02-09,2032-03-28,48.5,1.12771356235,0.000506833261506,1.77384934956
182,64044.5,64067.5,2034-03-23,2034-04-15,23.5,0.967150756467,0.0266481706491,0.828138442535
182,64133.5,64181.5,2034-06-20,2034-08-07,48.5,1.12781563929,0.000527265544419,1.00026875466
182,64907,64930,2036-08-02,2036-08-25,23.5,0.96704245703,0.0266216326585,1.81811702671
182,64996,65044,2036-10-30,2036-12-17,48.5,1.12791771261,0.000547697815265,0.925500289296
182,65769.5,65792.5,2038-12-12,2039-01-04,23.5,0.966934154477,0.0265950937505,0.790332370464
182,65858.5,65906.5,2039-03-11,2039-04-28,48.5,1.1280197823,0.000568130073587,1.78103114142
182,66632,66655,2041-04-23,2041-05-16,23.5,0.96682584881,0.0265685539254,1.17205761684
182,66721,66769,2041-07-21,2041-09-07,48.5,1.12812184836,0.000588562318918,0.650429195
182,67494.5,67517.5,2043-09-02,2043-09-25,23.5,0.96671754003,0.0265420131838,1.76916961855
182,67583.5,67631.5,2043-11-30,2044-01-17,48.5,1.12822391079,0.0006089945508,1.25165953229
183,62639,62671.5,2030-05-18,2030-06-19,33,1.0267975125,0.0005016125564,1.18010500264
183,62786,62816.5,2030-10-12,2030-11-11,31,0.968135917171,0.00101579424456,1.58859232113
183,63023.5,63056,2031-06-06,2031-07-09,33,1.02688527258,0.000667601668065,0.919545986327
183,63170.5,63201,2031-10-31,2031-12-01,31,0.968048428738,0.00119212376283,1.39078406639
183,63408,63440.5,2032-06-25,2032-07-27,33,1.02697302711,0.000833590645823,0.637218743015
183,63555,63585.5,2032-11-19,2032-12-19,31,0.967960947846,0.00136845299361,1.1559004546
183,63792.5,63825,2033-07-14,2033-08-16,33,1.02706077607,0.000999579456422,0.337494979627
183,63939.5,63970,2033-12-08,2034-01-08,31,0.96787347452,0.0015447818943,0.890310875078
183,64177,64209.5,2034-08-03,2034-09-04,33,1.02714851946,0.00116556806663,0.0294261706351
183,64324,64354.5,2034-12-28,2035-01-27,31,0.967786008782,0.00152750059402,0.602475118098
183,64561.5,64594,2035-08-22,2035-09-24,33,1.02723625724,0.00133155644323,0.283057066644
183,64708.5,64739,2036-01-16,2036-02-16,31,0.967698550655,0.00135117165485,0.294705791228
183,64946,64978.5,2036-09-10,2036-10-12,33,1.02732398941,0.00149754455302,0.591171198157
183,65093,65123.5,2037-02-04,2037-03-06,31,0.967611100162,0.00117484239113,0.0340873780628
183,65330.5,65363,2037-09-29,2037-11-01,33,1.02741171595,0.00139456293002,0.894989609568
183,65477.5,65508,2038-02-23,2038-03-26,31,0.967523657327,0.000998512845136,0.348854090448
183,65715,65747.5,2038-10-19,2038-11-20,33,1.02749943685,0.00122857465364,1.16970139456
183,65862,65892.5,2039-03-15,2039-04-14,31,0.967436222173,0.000822183059182,0.655585154746
183,66099.5,66132,2039-11-07,2039-12-10,33,1.02758715208,0.0010625861301,1.40966371866
183,66246.5,66277,2040-04-02,2040-05-03,31,0.967348794723,0.000645853075581,0.941719929223
183,66484,66516.5,2040-11-26,2040-12-28,33,1.02767486163,0.000896597392846,1.61312704683
183,66631,66662,2041-04-22,2041-05-23,31.5,0.968079892293,0.000469522936673,1.19964332453
183,66868.5,66901,2041-12-15,2042-01-17,33,1.02776256549,0.000730608475307,1.77387935747
183,67015.5,67046.5,2042-05-11,2042-06-11,31.5,0.967992450794,0.000293192684834,1.42529849745
183,67253,67285.5,2043-01-04,2043-02-05,33,1.02785026363,0.000564619410906,1.88716979752
183,67400,67431,2043-05-31,2043-07-01,31.5,0.967905016873,0.000116862362457,1.61405246409
183,67637.5,67670.5,2044-01-23,2044-02-25,33.5,1.0271189774,0.000398630233027,1.94826459174
183,67784.5,67815.5,2044-06-18,2044-07-19,31.5,0.967817590553,5.94679880315e-05,1.76164708442
184,63553,63611.5,2032-11-17,2033-01-14,59,1.09276073731,0.000214402513725,0.339981804757
184,65006,65064.5,2036-11-09,2037-01-06,59,1.09283733883,0.000261936230833,0.166632012353
184,66458.5,66517.5,2040-10-31,2040-12-29,59.5,1.09179060837,0.000309469936487,0.0478352759135
184,67911.5,67970.5,2044-10-23,2044-12-21,59.5,1.09186676356,0.000357003628619,0.147686015385
185,62862.5,62863.5,2030-12-27,2030-12-28,1.5,0.812499503737,0.0918876052185,1.74113153575
185,62930.5,62965.5,2031-03-05,2031-04-09,35.5,1.04542221266,0.000440718321475,0.505982755673
185,63629.5,63630.5,2033-02-01,2033-02-02,1.5,0.812630505669,0.091945461577,1.78043232565
185,63697.5,63732.5,2033-04-10,2033-05-15,35.5,1.04530122419,0.000479690352011,1.00535211115
185,64396.5,64397.5,2035-03-10,2035-03-11,1.5,0.812761504667,0.0920033137458,1.65382958081
185,64464.5,64499.5,2035-05-17,2035-06-21,35.5,1.04518023007,0.000518662369913,1.40693215611
185,65163.5,65164.5,2037-04-15,2037-04-16,1.5,0.812892500727,0.0920611617242,1.37788304456
185,65231.5,65266.5,2037-06-22,2037-07-27,35.5,1.0450592303,0.000557634374145,1.68284341297
185,65930.5,65931.5,2039-05-22,2039-05-23,1.5,0.813023493844,0.0921190055116,0.985451393035
185,65998.5,66033.5,2039-07-29,2039-09-02,35.5,1.04493822489,0.000596606363673,1.80993799124
185,66697.5,66698.5,2041-06-27,2041-06-28,1.5,0.813154484013,0.0921768451074,0.523620160864
185,66765.5,66800.5,2041-09-03,2041-10-08,35.5,1.04481721382,0.000635578337472,1.77722155395
185,67464.5,67465.5,2043-08-03,2043-08-04,1.5,0.813285471231,0.0922346805111,0.233137490102
185,67532.5,67567.5,2043-10-10,2043-11-14,35.5,1.04469619712,0.000674550294497,1.5851750826
186,62725,62748,2030-08-12,2030-09-04,23.5,1.06788315009,9.23752966109e-05,0.609544891397
186,62879,62903.5,2031-01-13,2031-02-06,25,1.13015959625,0.000548237363724,0.163104003008
186,63199,63222,2031-11-29,2031-12-22,23.5,1.06779675,6.9754451383e-05,1.90011097001
186,63352.5,63377.5,2032-04-30,2032-05-25,25.5,1.12910975937,0.000394984661801,1.73981547201
186,63673,63696,2033-03-17,2033-04-09,23.5,1.06771035283,0.000231884193164,1.62025356656
186,63826.5,63851.5,2033-08-17,2033-09-11,25.5,1.12919624728,0.000241731930153,1.97725597415
186,64147,64170,2034-07-04,2034-07-27,23.5,1.06762395857,0.000394013914289,0.0826612150278
186,64300.5,64325.5,2034-12-04,2034-12-29,25.5,1.12928273303,8.8479180322e-05,0.576227832346
186,64621,64644,2035-10-21,2035-11-13,23.5,1.06753756725,0.000556143600302,1.56363424418
186,64774.5,64799.5,2036-03-22,2036-04-16,25.5,1.12936921661,6.47735761695e-05,1.23622367039
186,65095,65118,2037-02-06,2037-03-01,23.5,1.06745117886,0.000718273236751,1.92509467956
186,65248.5,65273.5,2037-07-09,2037-08-03,25.5,1.12945569803,0.000218026327786,2.08853682405
186,65569,65592,2038-05-26,2038-06-18,23.5,1.06736479343,0.000880402809163,0.734688702273
186,65722.5,65747.5,2038-10-26,2038-11-20,25.5,1.12954217727,0.000371279063011,1.26258644643
186,66043,66066,2039-09-12,2039-10-05,23.5,1.06727841094,0.00104253230307,1.02939098164
186,66196.5,66221,2040-02-12,2040-03-08,25,1.12850513658,0.000524531770336,0.579119834782
186,66516.5,66540,2040-12-28,2041-01-21,24,1.06832814977,0.001204661704,1.98997054059
186,66670.5,66695,2041-05-31,2041-06-25,25,1.12859165698,0.00067778443823,1.95140839415
186,66990.5,67014,2042-04-16,2042-05-10,24,1.06824175777,0.00136679099745,1.32230232513
186,67144.5,67169,2042-09-17,2042-10-12,25,1.12867817526,0.000831037055209,1.78240120359
186,67464.5,67488,2043-08-03,2043-08-27,24,1.06815536865,0.00152892016893,0.36068507824
186,67618.5,67643,2044-01-04,2044-01-29,25,1.1287646914,0.000984289609755,0.187905954243
186,67938.5,67962,2044-11-19,2044-12-13,24,1.06806898242,0.00169104920396,1.80211868046
187,63425,63466,2032-07-12,2032-08-22,41.5,1.05582448611,0.000350655413012,0.729515454303
187,64989,65030,2036-10-23,2036-12-03,41.5,1.05622937011,0.00102461140933,1.914644207
187,66553.5,66594.5,2041-02-03,2041-03-16,41.5,1.05591015829,5.62002302553e-05,1.70022874627
188,63275,63308,2032-02-13,2032-03-17,33.5,1.101003559,0.000714871091486,0.937287951652
188,64359,64392,2035-02-01,2035-03-06,33.5,1.0976791895,0.000208119342915,1.10174383086
188,65443.5,65476.5,2038-01-20,2038-02-22,33.5,1.10286279422,0.00113110759239,1.2580680998
188,66527.5,66560.5,2041-01-08,2041-02-10,33.5,1.09954161376,0.000308776490451,1.39370039548
188,67611.5,67645,2043-12-28,2044-01-31,34,1.10026447714,0.000614214169856,1.51097332875
189,62502,62507.5,2030-01-01,2030-01-06,6,1.58241737668,0.0609685625098,0.732541162072
189,62891,63005.5,2031-01-25,2031-05-19,115,1.19320837275,9.79015355197e-05,1.1976826844
189,63042.5,63156.5,2031-06-25,2031-10-17,114.5,1.19479936522,0.000218393270776,1.54706783352
189,63540,63654.5,2032-11-04,2033-02-26,115,1.19422638431,0.000188381669067,1.77927346635
189,63691.5,63805.5,2033-04-04,2033-07-27,114.5,1.19377996372,7.85057543346e-05,1.7849489875
189,64189.5,64303.5,2034-08-15,2034-12-07,114.5,1.19347487901,7.02189088184e-05,1.45712874233
189,64340.5,64455,2035-01-13,2035-05-08,115,1.19453120017,6.1382202158e-05,1.13403949442
189,64838.5,64952.5,2036-05-25,2036-09-16,114.5,1.19449416829,4.79440898849e-05,0.470855074974
189,64989.5,65104,2036-10-23,2037-02-15,115,1.19351307421,0.00020126981271,0.182467970284
189,65487.5,65602,2038-03-05,2038-06-28,115,1.19379593819,0.000166106926528,0.684239014652
189,65639,65753,2038-08-04,2038-11-26,114.5,1.1942109051,0.000137648111582,1.19729736252
189,66137,66251,2039-12-15,2040-04-07,114.5,1.19304405301,0.000120176331631,1.6413358824
189,66288,66402,2040-05-14,2040-09-05,114.5,1.19319172049,2.23975447458e-06,1.78359007103
189,66786,66900,2041-09-24,2042-01-16,114.5,1.19406318286,2.01338474386e-06,1.70628852065
189,66937,67051.5,2042-02-22,2042-06-16,115,1.19394347543,0.000142127607518,1.5374159197
189,67435,67549.5,2043-07-05,2043-10-27,115,1.19336556046,0.000116149569145,0.946404116701
189,67586.5,67700.5,2043-12-03,2044-03-26,114.5,1.19464191342,0.000196790330985,0.424238561494
190,62502,62534.5,2030-01-01,2030-02-02,33,0.898790219586,0.017697481858,0.136010504112
190,62637.5,62757,2030-05-16,2030-09-13,120,0.946658474663,8.99230304091e-05,1.66383290029
190,62860,62979.5,2030-12-25,2031-04-23,120,0.946658796583,0.000166540899871,1.0573003862
190,63082.5,63202,2031-08-04,2031-12-02,120,0.946658869952,0.000243158669402,0.839629599303
190,63305,63424.5,2032-03-14,2032-07-11,120,0.94665869477,0.000319776293069,1.74097631379
190,63527.5,63647.5,2032-10-22,2033-02-19,120.5,0.946050026579,0.000396393724961,0.155539285573
190,63750,63870,2033-06-02,2033-09-30,120.5,0.946050729896,0.000375102710791,1.5523691773
190,63972.5,64092.5,2034-01-10,2034-05-10,120.5,0.946051184683,0.000298485221722,1.24033311487
190,64195,64315,2034-08-21,2034-12-19,120.5,0.946051390938,0.000221867553249,0.618631601988
190,64417.5,64537.5,2035-03-31,2035-07-29,120.5,0.946051348663,0.000145249751459,1.78548863664
190,64640,64760,2035-11-09,2036-03-08,120.5,0.946051057856,6.8631862413e-05,0.379925922828
190,64862.5,64982.5,2036-06-18,2036-10-16,120.5,0.946050518518,7.98606785186e-06,1.41620713664
190,65085.5,65205,2037-01-27,2037-05-27,120,0.946658443088,8.46039933241e-05,1.40366769019
190,65308,65427.5,2037-09-07,2038-01-04,120,0.946658782263,0.000161221868017,0.384028659704
190,65530.5,65650,2038-04-17,2038-08-15,120,0.946658872887,0.000237839645969,1.80217945467
190,65753,65872.5,2038-11-26,2039-03-25,120,0.946658714961,0.000314457281246,0.609947604605
190,65975.5,66095.5,2039-07-06,2039-11-03,120.5,0.946049968527,0.000391074727934,1.25341151838
190,66198,66318,2040-02-14,2040-06-13,120.5,0.946050689098,0.000380421711095,1.54050897555
190,66420.5,66540.5,2040-09-23,2041-01-21,120.5,0.946051161138,0.000303804236194,0.146664345227
190,66643,66763,2041-05-04,2041-09-01,120.5,0.946051384648,0.000227186578686,1.75285475531
190,66865.5,66985.5,2041-12-12,2042-04-11,120.5,0.946051359626,0.000150568784662,0.828717683395
190,67088,67208,2042-07-23,2042-11-20,120.5,0.946051086073,7.39509001865e-05,1.07010147739
190,67310.5,67430.5,2043-03-02,2043-06-30,120.5,0.946050563989,2.66702870419e-06,1.64951496647
190,67533.5,67653,2043-10-11,2044-02-08,120,0.946658410315,7.92849559957e-05,0.035199594349
190,67756,67875.5,2044-05-21,2044-09-17,120,0.946658766745,0.000155902835698,1.67682452202
190,67978.5,67980.75,2044-12-29,2044-12-31,2.75,0.811644354963,0.092049754349,1.03094236839
191,62820.5,62888,2030-11-15,2031-01-22,68,1.23564125966,0.000112230719086,1.40838175114
191,62956.5,62985.5,2031-03-31,2031-04-29,29.5,1.01146555304,0.0523246324744,0.64799385018
191,63408.5,63475.5,2032-06-25,2032-08-31,67.5,1.23677551691,9.56650392616e-05,0.644698549669
191,63544,63573.5,2032-11-08,2032-12-07,30,1.01033066535,0.0516787377569,1.79192866668
191,63996.5,64063.5,2034-02-03,2034-04-11,67.5,1.23469502364,0.000287061763149,1.80550530826
191,64132,64161,2034-06-19,2034-07-18,29.5,1.00945447259,0.0520299690283,0.586950114693
191,64584,64651.5,2035-09-14,2035-11-20,68,1.23531032723,7.91666905698e-05,0.599697426599
191,64719.5,64749,2036-01-27,2036-02-26,30,1.00831843127,0.0513826573378,1.42683457417
191,65172,65239,2037-04-24,2037-06-30,67.5,1.23644482072,0.000128729056365,1.42568091899
191,65307.5,65337,2037-09-06,2037-10-06,30,1.01071096393,0.0517346593227,1.49470452638
191,65760,65827,2038-12-03,2039-02-08,67.5,1.23436387905,0.000253997943063,1.52788867084
191,65895.5,65924.5,2039-04-17,2039-05-16,29.5,1.00983497989,0.0520857450667,0.471193144751
191,66347.5,66415,2040-07-12,2040-09-18,68,1.23497932353,4.61026449464e-05,0.450992398863
191,66483,66512.5,2040-11-25,2040-12-24,30,1.00869915649,0.051438701641,1.78470019383
191,66935.5,67002.5,2042-02-20,2042-04-28,67.5,1.23611405324,0.000161793045453,1.79600886546
191,67071,67100.5,2042-07-06,2042-08-04,30,1.01109118183,0.051790557713,0.768941068965
191,67523.5,67590.5,2043-10-01,2043-12-07,67.5,1.23403266312,0.000220934068403,0.77125775156
191,67659,67688,2044-02-14,2044-03-14,29.5,1.01021540639,0.0521414980024,1.30113411031
192,63050.5,63097,2031-07-03,2031-08-19,47,1.05378809928,0.00175304784151,0.862847563745
192,63144.5,63214,2031-10-05,2031-12-14,70,1.19168479217,0.0616588653755,1.49423542232
192,64781,64827,2036-03-29,2036-05-14,46.5,1.05548812193,0.00271251314758,1.7625973623
192,64875,64944.5,2036-07-01,2036-09-08,70,1.19271841313,0.0616009256884,1.77432523543
192,66511.5,66557.5,2040-12-23,2041-02-07,46.5,1.05446223683,0.00249982531007,1.46898139664
192,66605,66675,2041-03-27,2041-06-05,70.5,1.1909608687,0.0615429491115,0.866984546539
193,63015.5,63055,2031-05-29,2031-07-08,40,1.45551420898,0.000958161512556,1.78138612177
193,63175.5,63202.5,2031-11-05,2031-12-02,27.5,1.01469583254,0.000607111204396,1.78245494038
193,63754.5,63794,2033-06-06,2033-07-16,40,1.45586397234,0.00119809800831,1.68680704359
193,63914.5,63941.5,2033-11-13,2033-12-10,27.5,1.01434976102,0.00026166592947,1.73149622602
193,64493.5,64533,2035-06-15,2035-07-25,40,1.45621368147,0.00108968322152,1.58586501619
193,64653.5,64680.5,2035-11-22,2035-12-19,27.5,1.01400381359,8.37795133572e-05,1.67310795047
193,65232.5,65272,2037-06-23,2037-08-02,40,1.45656333631,0.000849746628148,1.47902660574
193,65392.5,65419.5,2037-11-30,2037-12-27,27.5,1.01365799059,0.000429224902316,1.60751928308
193,65971.5,66011,2039-07-02,2039-08-11,40,1.45691293685,0.000609809851414,1.36681486472
193,66131.5,66158.5,2039-12-09,2040-01-05,27.5,1.01331229237,0.000774670015178,1.53500153009
193,66711,66750,2041-07-11,2041-08-19,39.5,1.45546119257,0.000369872943179,1.24982857187
193,66870.5,66898,2041-12-17,2042-01-14,28,1.01485046937,0.00112011462924,1.45586832886
193,67450,67489,2043-07-20,2043-08-28,39.5,1.45581099784,0.000129935955244,1.12877494378
193,67609.5,67637,2043-12-26,2044-01-23,28,1.01450454357,0.00146555852135,1.37047553397
194,62798,62815.5,2030-10-24,2030-11-10,18,0.981527959909,0.00247344214474,1.41787957786
194,62902,62920,2031-02-05,2031-02-23,18.5,1.01401594394,0.000221039258822,1.90788398877
194,63441.5,63459,2032-07-28,2032-08-15,18,0.980362454042,0.00111399715869,1.90758822116
194,63545.5,63563.5,2032-11-09,2032-11-27,18.5,1.01518220358,0.00109480806456,1.42709914189
194,64085,64102,2034-05-03,2034-05-20,17.5,0.981600041661,0.000245452910123,1.38340187985
194,64189,64207,2034-08-15,2034-09-02,18.5,1.01634842287,0.00241065085776,0.189465867482
194,64728,64745.5,2036-02-05,2036-02-22,18,0.982847405154,0.00160490185048,0.0709913402715
194,64832,64850,2036-05-19,2036-06-06,18.5,1.01269573668,0.0017105304574,1.17278856064
194,65371.5,65389,2037-11-09,2037-11-27,18,0.981681773867,0.002652840064,1.26334018855
194,65475.5,65493.5,2038-02-21,2038-03-11,18.5,1.01386203618,0.000394684586436,1.88662110527
194,66015,66032.5,2039-08-15,2039-09-01,18,0.980516252991,0.00129339621025,1.89982865834
194,66119,66137,2039-11-27,2039-12-15,18.5,1.01502830079,0.000921162928403,1.5623475616
194,66658.5,66675.5,2041-05-19,2041-06-05,17.5,0.98175389498,6.60535426001e-05,1.52174005109
194,66762.5,66780.5,2041-08-31,2041-09-18,18.5,1.01619452568,0.00223700663032,0.397514976959
194,67301.5,67319,2043-02-21,2043-03-11,18,0.983001235168,0.00142550298922,0.294518204856
194,67405.5,67423.5,2043-06-05,2043-06-23,18.5,1.01254182407,0.00188417512994,0.998765625931
194,67945,67962.5,2044-11-26,2044-12-13,18,0.981835589747,0.00278494587966,1.0921339457
195,62535,62560.5,2030-02-03,2030-02-28,26,0.916635932175,0.000798193135736,1.26433168084
195,62632,62667.5,2030-05-11,2030-06-15,36,0.986237245808,0.00126775013421,1.82169953439
195,63057.5,63082.5,2031-07-10,2031-08-04,25.5,0.916187697823,0.00106453191387,0.962733085011
195,63154,63190,2031-10-15,2031-11-20,36.5,0.986653152235,0.000138387828627,0.324034482195
195,63579.5,63605,2032-12-13,2033-01-08,26,0.915761861834,0.00019446473593,1.69103343128
195,63676,63712,2033-03-20,2033-04-25,36.5,0.984845320703,0.00099097619339,1.71274695571
195,64101.5,64127,2034-05-19,2034-06-14,26,0.917584756865,0.00145345804218,0.279447743398
195,64198.5,64234,2034-08-24,2034-09-29,36,0.985295910545,0.000679953437474,1.04418161258
195,64624,64649.5,2035-10-24,2035-11-18,26,0.91488791466,0.000409264436722,1.77096482251
195,64720.5,64756.5,2036-01-28,2036-03-04,36.5,0.985712273129,0.000449411521778,1.25999270799
195,65146,65171.5,2037-03-29,2037-04-23,26,0.916710556966,0.000849733189579,0.593856494662
195,65243,65278.5,2037-07-04,2037-08-08,36,0.98616320837,0.00122151709812,1.58687354388
195,65668.5,65693.5,2038-09-02,2038-09-27,25.5,0.916262352068,0.00101299197429,1.4976547878
195,65765,65801,2038-12-08,2039-01-13,36.5,0.986579150637,9.21544458476e-05,0.532441359617
195,66190.5,66216,2040-02-06,2040-03-03,26,0.915836476279,0.000246004966849,1.28763048859
195,66287,66323,2040-05-13,2040-06-18,36.5,0.984771305767,0.0010372093453,1.82047738641
195,66712.5,66738,2041-07-12,2041-08-07,26,0.917659392533,0.00150499767337,0.934724783891
195,66809.5,66845,2041-10-17,2041-11-22,36,0.985221865962,0.000633720149268,0.36018882148
195,67235,67260.5,2042-12-17,2043-01-11,26,0.914962518447,0.000357724233629,1.70107123097
195,67331.5,67367.5,2043-03-23,2043-04-28,36.5,0.985638264471,0.000495644856878,1.70118139749
195,67757,67782.5,2044-05-22,2044-06-16,26,0.916785182625,0.000901273218852,0.246637877532
195,67854,67889.5,2044-08-27,2044-10-01,36,0.986089170361,0.00117528403658,1.07208053715
196,62599.5,62656,2030-04-08,2030-06-04,57,0.990815577142,0.000795870747653,0.631453938736
196,63871.5,63928.5,2033-10-01,2033-11-27,57.5,0.991259897537,4.23343475587e-05,1.72128403467
196,65144,65201,2037-03-27,2037-05-23,57.5,0.991079270647,0.000711202647245,0.883662494208
196,66416,66473,2040-09-19,2040-11-15,57.5,0.991336166591,0.00035202703988,1.57485418966
196,67688.5,67745.5,2044-03-14,2044-05-10,57.5,0.991152656201,0.000401510994201,1.1197923838
197,62596,62706,2030-04-05,2030-07-24,110.5,1.00104921897,8.84577813549e-05,1.35674622405
197,63399.5,63509.5,2032-06-16,2032-10-04,110.5,1.00048800636,0.000359792413422,0.286860449347
197,64203.5,64313.5,2034-08-29,2034-12-17,110.5,1.00089112226,0.000262833433654,0.551656265751
197,65007,65117,2036-11-10,2037-02-28,110.5,1.0003324685,0.00018541705348,1.55935956408
197,65811,65921,2039-01-23,2039-05-13,110.5,1.00073374174,0.000437208467278,1.89226607182
197,66614.5,66724.5,2041-04-05,2041-07-24,110.5,1.00017764809,1.10412580858e-05,1.40881174864
197,67418.5,67528.5,2043-06-18,2043-10-06,110.5,1.00057707777,0.000459290814349,0.356617248008
198,62737.5,62760,2030-08-24,2030-09-16,23,0.962411961872,0.000692045183344,1.60431425279
198,63151.5,63174,2031-10-12,2031-11-04,23,0.961631739906,0.000258700181503,1.79262387447
198,63565.5,63588,2032-11-29,2032-12-22,23,0.960851013508,0.000174645141073,1.679384295
198,63979.5,64002,2034-01-17,2034-02-09,23,0.960069782372,0.000607990246183,1.27942503734
198,64393.5,64416,2035-03-07,2035-03-30,23,0.959288046192,0.00104133459286,0.678181388077
198,64807.5,64830,2036-04-24,2036-05-17,23,0.958505804662,0.00147467763736,0.0444677591894
198,65221.5,65244,2037-06-12,2037-07-05,23,0.957723057478,0.00179567309807,0.803849215142
198,65635.5,65658,2038-07-31,2038-08-23,23,0.956939804335,0.001362331325,1.36267045429
198,66049.5,66071.5,2039-09-18,2039-10-10,22.5,0.959641944516,0.000928987872921,1.71680680377
198,66463,66485.5,2040-11-05,2040-11-27,23,0.962058409702,0.000495643273043,1.78433939208
198,66877,66899.5,2041-12-24,2042-01-15,23,0.961277959154,6.22980593283e-05,1.5480914271
198,67291,67313.5,2043-02-11,2043-03-05,23,0.960497004035,0.000371047231538,1.05096377623
198,67705,67727.5,2044-03-31,2044-04-22,23,0.959715544039,0.000804392060112,0.405117654689
199,63033.5,63053.5,2031-06-16,2031-07-06,20.5,1.02208473752,0.00157956216137,0.298733994467
199,64327,64347,2034-12-31,2035-01-20,20.5,1.02223366553,0.00115913995454,1.9051794738
199,65620.5,65640.5,2038-07-16,2038-08-05,20.5,1.02238285894,0.000738717160681,0.733614531446
199,66914,66934,2042-01-30,2042-02-19,20.5,1.02253231756,0.000318293992877,1.73295192085
200,63279,63317.5,2032-02-17,2032-03-26,39,1.05874090413,0.000530769480709,1.82819281978
200,63448,63451.5,2032-08-04,2032-08-07,4,1.58275515584,0.0889073326983,2.31569806612
200,64397.5,64435.5,2035-03-11,2035-04-18,38.5,1.0586991181,0.000721491406855,1.90786001579
200,64566,64570,2035-08-27,2035-08-31,4.5,1.58265972315,0.0882119207715,2.46988933964
200,65515.5,65554,2038-04-02,2038-05-11,39,1.05890570588,0.000642320111169,1.92290677582
200,65684.5,65688,2038-09-18,2038-09-22,4,1.58257061839,0.0889692617688,2.55682207258
200,66634,66672,2041-04-25,2041-06-02,38.5,1.05886406409,0.000609940828019,1.87972119014
200,66802.5,66806.5,2041-10-10,2041-10-14,4.5,1.58247518297,0.0882738825728,2.5617682458
200,67752,67790.5,2044-05-17,2044-06-24,39,1.05907054372,0.00075387066829,1.77564013417
200,67921,67924.5,2044-11-02,2044-11-05,4,1.58238607282,0.0890311879051,2.49182679162
201,62744,62842,2030-08-31,2030-12-07,98.5,0.948591661699,0.000571312104557,0.363708044141
201,62906.5,62927.5,2031-02-09,2031-03-02,21.5,1.50979088308,0.0857208208107,0.983891907335
201,63718.5,63817,2033-05-01,2033-08-08,99,0.949742655078,0.00036535932778,1.79288506837
201,63881.5,63902.5,2033-10-11,2033-11-01,21.5,1.51073130503,0.0856361161474,2.41224601631
201,64693.5,64791.5,2036-01-01,2036-04-08,98.5,0.949579055316,9.51520932137e-05,1.06820548612
201,64856.5,64877.5,2036-06-12,2036-07-03,21.5,1.51167149375,0.085551333701,1.47763084438
201,65668.5,65766.5,2038-09-02,2038-12-09,98.5,0.949177384528,0.000175055620034,0.387554692844
201,65831.5,65852,2039-02-12,2039-03-05,21,1.51052857216,0.0858448987251,1.00785019159
201,66643.5,66741.5,2041-05-04,2041-08-10,98.5,0.94877755227,0.00044526244935,1.79810621869
201,66806,66827,2041-10-14,2041-11-04,21.5,1.50935210061,0.0857603085121,2.41368461137
201,67618,67716.5,2044-01-04,2044-04-11,99,0.949929042226,0.000491409313507,1.04813610918
201,67781,67802,2044-06-15,2044-07-06,21.5,1.51029263116,0.0856756402063,1.45342839729
202,62534,62621.5,2030-02-02,2030-04-30,88,1.19753240992,7.44968144487e-05,1.76869726181
202,63258.5,63345.5,2032-01-27,2032-04-23,87.5,1.19631931007,0.000111420560473,0.259696039084
202,63394,63481.5,2032-06-11,2032-09-06,88,1.19590643735,0.000355178421144,0.619324815505
202,64118.5,64205.5,2034-06-05,2034-08-31,87.5,1.19794679658,0.000387687371023,1.66531627412
202,64254.5,64341.5,2034-10-19,2035-01-14,87.5,1.19654061558,0.000150399178837,1.22453259429
202,64978.5,65066,2036-10-12,2037-01-08,88,1.19731124871,0.000110597617191,1.36263692289
202,65114.5,65202,2037-02-25,2037-05-24,88,1.19720920222,0.000130282974344,1.70079896076
202,65839,65926,2039-02-20,2039-05-18,87.5,1.19664273519,0.000166492845655,0.502862984451
202,65975,66062,2039-07-06,2039-10-01,87.5,1.19784465104,0.000375294533315,0.365327611029
202,66699,66786.5,2041-06-29,2041-09-24,88,1.19600845705,0.000332615339979,1.7533569555
202,66835,66922,2041-11-12,2042-02-07,87.5,1.19621719698,9.46130294922e-05,1.4395676945
202,67559,67646.5,2043-11-06,2044-02-01,88,1.19763446296,5.55253036686e-05,1.12384521997
202,67695,67782.5,2044-03-21,2044-06-16,88,1.19688601535,0.000186069100002,1.58185632482
203,62656.5,62726,2030-06-04,2030-08-13,70,1.02309270881,0.000139964482818,1.46604027097
203,62746.5,62850.5,2030-09-02,2030-12-15,104.5,1.16547728731,0.050993272578,1.21557793501
203,63554,63623.5,2032-11-18,2033-01-26,70,1.02059705058,0.000444611796663,1.1828554919
203,63643.5,63747.5,2033-02-15,2033-05-30,104.5,1.16427848751,0.0507585190155,1.4035640038
203,64451,64520.5,2035-05-04,2035-07-12,70,1.02173431852,0.000223166143899,1.10911750563
203,64541,64645,2035-08-02,2035-11-14,104.5,1.16690787628,0.0512721480435,0.729202913027
203,65348,65417.5,2037-10-17,2037-12-25,70,1.02287373672,8.14828409191e-05,1.55957031865
203,65438,65542,2038-01-15,2038-04-29,104.5,1.16570755973,0.0510382543704,1.66730753618
203,66245.5,66315,2040-04-01,2040-06-10,70,1.02037898327,0.000386130794012,0.668522829289
203,66335,66439,2040-06-30,2040-10-12,104.5,1.16450851469,0.0508036390825,0.179900768033
203,67142.5,67212,2042-09-15,2042-11-24,70,1.0215158368,0.000281647579682,1.75878839617
203,67232.5,67336.5,2042-12-14,2043-03-28,104.5,1.16713843848,0.0513169644725,1.78316908308
204,63439,63493,2032-07-26,2032-09-18,54.5,1.02278644538,0.000512198483627,0.140269799328
204,65540.5,65594,2038-04-27,2038-06-20,54,1.02286615628,0.00089288697932,1.45873955852
204,67641.5,67695,2044-01-27,2044-03-21,54,1.02254080189,0.000642873614332,1.94250840558
205,63084,63107.5,2031-08-06,2031-08-29,24,1.50421408441,0.0711003258903,0.439178057164
205,63200,63286,2031-11-30,2032-02-24,86.5,1.13061502528,0.00054215556068,0.0780430343407
205,64163,64187,2034-07-20,2034-08-13,24.5,1.50370290839,0.070859792853,0.446370055642
205,64279,64365,2034-11-13,2035-02-07,86.5,1.12950320703,0.000237413809366,0.277307077407
205,65242,65266,2037-07-03,2037-07-27,24.5,1.5051791206,0.0706190816334,0.682102730991
205,65358,65444.5,2037-10-27,2038-01-21,87,1.13016633777,0.000225570316259,0.556136040003
205,66321.5,66345,2040-06-16,2040-07-10,24,1.50468090618,0.0710242873506,0.981824541846
205,66437.5,66523.5,2040-10-10,2041-01-04,86.5,1.13026315401,0.000553999007117,0.833674127563
205,67400.5,67424.5,2043-05-31,2043-06-24,24.5,1.50416971797,0.0707836978529,1.27862114399
205,67516.5,67602.5,2043-09-24,2043-12-19,86.5,1.12915223827,9.10157097331e-05,1.08938111564
206,63881,63940.5,2033-10-11,2033-12-09,60,1.20938174465,0.000328802638779,0.177589285557
206,64000,64046.5,2034-02-07,2034-03-25,47,1.12484498534,0.00224122634661,1.15202909109
206,65609.5,65669,2038-07-05,2038-09-03,60,1.20526894608,6.35197299369e-05,1.31700374382
206,65728,65775,2038-11-01,2038-12-18,47.5,1.12559569864,0.00180146044102,1.79845412674
206,67337.5,67397,2043-03-29,2043-05-28,60,1.20783326818,0.000201763485575,1.81008221363
206,67456,67503,2043-07-26,2043-09-11,47.5,1.12299082919,0.00136165663801,1.19816470006
207,62603.5,62624.5,2030-04-12,2030-05-03,21.5,1.52903011947,0.0462211871722,1.67811286763
207,63140,63182.5,2031-10-01,2031-11-12,43,0.934445495703,0.000123120693602,1.45618858676
207,63305,63326.5,2032-03-14,2032-04-04,22,1.52811218737,0.0459282944689,2.09787213971
207,63841.5,63884.5,2033-09-01,2033-10-14,43.5,0.935372202247,0.00042119283604,1.7035946804
207,64007,64028.5,2034-02-14,2034-03-07,22,1.52886659123,0.0456353581385,2.34428140965
207,64543.5,64586.5,2035-08-04,2035-09-16,43.5,0.934748759578,0.000965504316981,1.82485023646
207,64709,64730.5,2036-01-17,2036-02-07,22,1.52962064247,0.0453423785178,2.43898787686
207,65245.5,65288,2037-07-06,2037-08-18,43,0.935299910107,0.000868155522006,1.83238454401
207,65411,65432,2037-12-19,2038-01-09,21.5,1.5287519805,0.0463291841406,2.37733595455
207,65947.5,65990,2039-06-08,2039-07-21,43,0.934675431703,0.000323843473962,1.72496926834
207,66112.5,66134,2039-11-20,2039-12-12,22,1.52783390207,0.0460363076106,2.15905824751
207,66649,66692,2041-05-10,2041-06-22,43.5,0.935602453241,0.000220470143022,1.51129235432
207,66814.5,66836,2041-10-22,2041-11-13,22,1.52858843589,0.045743387329,1.8136426846
207,67351,67394,2043-04-12,2043-05-25,43.5,0.93497850145,0.000764782688015,1.20447691355
207,67516.5,67538,2043-09-24,2043-10-16,22,1.5293426172,0.0454504236331,1.36810674587
208,62813,63086.5,2030-11-08,2031-08-08,274,1.25095854265,0.000102669096174,1.93080112809
208,63582,63856,2032-12-16,2033-09-16,274.5,1.25159432014,0.000128949759425,2.01830560352
208,64351,64625,2035-01-24,2035-10-25,274.5,1.2515941939,0.000155230406142,1.8939021815
208,65120,65394,2037-03-03,2037-12-02,274.5,1.25159408888,0.000181511032953,1.57378520815
208,65889,66163,2039-04-11,2040-01-10,274.5,1.25159400507,0.000207791636478,1.06295825843
208,66658,66932,2041-05-19,2042-02-17,274.5,1.25159394248,0.000234072213341,0.497144123765
208,67427,67701,2043-06-27,2044-03-27,274.5,1.2515939011,0.000260352760166,0.0774188930879
209,63173.5,63225.5,2031-11-03,2031-12-25,52.5,0.974047476964,0.000705138377384,1.8702787147
209,64017,64069,2034-02-24,2034-04-17,52.5,0.974496612255,0.00019456861475,0.743286107297
209,64860.5,64912,2036-06-16,2036-08-07,52,0.973796961681,0.000316002227734,0.891915068586
209,65703.5,65755.5,2038-10-07,2038-11-28,52.5,0.973652079438,0.000826571320988,1.90315252135
209,66547,66599,2041-01-28,2041-03-21,52.5,0.974099386644,0.000646008182503,1.17062733576
209,67390.5,67442.5,2043-05-21,2043-07-12,52.5,0.974548761115,0.000135438149681,0.41088143351
210,62541.5,62568.5,2030-02-09,2030-03-08,27.5,0.859304163026,0.000518183911093,1.82906668609
210,62688,62720,2030-07-06,2030-08-07,32.5,1.01870699667,4.01355074413e-05,1.90845929617
210,62878,62905,2031-01-12,2031-02-08,27.5,0.859164733149,0.00117694362094,1.75157424505
210,63024.5,63056.5,2031-06-07,2031-07-09,32.5,1.01884797763,0.000594609218913,1.70018006946
210,63214,63241.5,2031-12-14,2032-01-10,28,0.859454077246,0.00183569890203,1.56102414539
210,63360.5,63393,2032-05-08,2032-06-10,33,1.01856256025,0.00114908159813,1.38569033196
210,63550.5,63577.5,2032-11-14,2032-12-11,27.5,0.859664938484,0.00118037299638,1.27236116204
210,63697,63729.5,2033-04-10,2033-05-12,33,1.0187036533,0.00138952354923,0.984664811636
210,63887,63914,2033-10-17,2033-11-13,27.5,0.85952480047,0.00052161330114,0.905066741922
210,64033.5,64065.5,2034-03-12,2034-04-13,32.5,1.01848407695,0.000835052136632,0.521062561881
210,64223.5,64250.5,2034-09-18,2034-10-15,27.5,0.859384936583,0.000137148354082,0.496766260543
210,64370,64402,2035-02-12,2035-03-16,32.5,1.01862536324,0.000280578850822,0.0490311660028
210,64560,64587,2035-08-21,2035-09-17,27.5,0.859245347475,0.000795909493454,0.16565562577
210,64706.5,64738.5,2036-01-14,2036-02-15,32.5,1.01876645616,0.000273895064178,0.437187211211
210,64896.5,64923.5,2036-07-22,2036-08-18,27.5,0.859106033792,0.00145466763867,0.389775294424
210,65042.5,65075,2036-12-15,2037-01-17,33,1.01848086212,0.000828368365405,0.923257225827
210,65232.5,65260,2037-06-23,2037-07-21,28,0.859395210141,0.00156140563108,0.805060720838
210,65379,65411.5,2037-11-17,2037-12-19,33,1.01862206696,0.00138283981093,1.35510609018
210,65569,65596,2038-05-26,2038-06-22,27.5,0.859605824594,0.000902648198724,1.1888829515
210,65715.5,65748,2038-10-19,2038-11-21,33,1.01876307847,0.00115576535267,1.69885463757
210,65905.5,65932.5,2039-04-27,2039-05-24,27.5,0.85946580207,0.00024388737547,1.50542242563
210,66052,66084,2039-09-21,2039-10-23,32.5,1.01854366512,0.000601292998603,1.91444747468
210,66242,66269,2040-03-29,2040-04-25,27.5,0.859326053947,0.000414874364292,1.73029302847
210,66388.5,66420.5,2040-08-22,2040-09-23,32.5,1.01868486992,4.68192959196e-05,2.0018473901
210,66578.5,66605.5,2041-02-28,2041-03-27,27.5,0.859186580876,0.00107363454367,1.82530685375
210,66725,66757,2041-07-25,2041-08-26,32.5,1.01882588124,0.000507654511814,1.96614670768
210,66914.5,66942,2042-01-30,2042-02-27,28,0.859475987317,0.00173239068335,1.80165359026
210,67061,67093.5,2042-06-26,2042-07-28,33,1.01854041595,0.00106212718206,1.8094245469
210,67251,67278,2043-01-02,2043-01-29,27.5,0.859686940306,0.0012836819618,1.66361623011
210,67397.5,67430,2043-05-28,2043-06-30,33,1.01868153931,0.00147647770113,1.54289597191
210,67587.5,67614.5,2043-12-04,2043-12-31,27.5,0.859546759361,0.00062492279835,1.41731976304
210,67734,67766.5,2044-04-29,2044-05-31,33,1.01882246924,0.000922006695209,1.17983076841
210,67924,67951,2044-11-05,2044-12-02,27.5,0.859406852442,3.3838713135e-05,1.08215555349
211,62502,62519,2030-01-01,2030-01-18,17.5,0.856825642238,0.00750252336549,0.239888681556
211,62549.5,62633,2030-02-17,2030-05-12,84,1.17105902698,0.00273599700837,0.755586681403
211,63881.5,63965.5,2033-10-11,2034-01-03,84.5,1.17345738303,0.00745828329947,0.500263208069
211,63996,64079.5,2034-02-03,2034-04-27,84,1.17247987454,0.00278745023615,0.980475006344
211,65328,65412,2037-09-27,2037-12-20,84.5,1.17203750052,0.00741394723354,0.773625517937
211,65442,65526,2038-01-19,2038-04-13,84.5,1.17169243126,0.00266690707739,1.18251824999
211,66774.5,66858,2041-09-12,2041-12-05,84,1.17282559589,0.00751761807566,1.02506159046
211,66888.5,66972.5,2042-01-04,2042-03-29,84.5,1.17311197737,0.0027184074124,1.36691917846
212,63572.5,63768,2032-12-06,2033-06-20,196,1.12015296168,1.60016373599e-05,1.6808677931
212,64917,65112.5,2036-08-12,2037-02-23,196,1.12018649267,0.000120227403079,0.0639960517097
212,66261.5,66457,2040-04-17,2040-10-30,196,1.12022072718,0.000256456008281,1.19662208388
212,67606,67802,2043-12-23,2044-07-06,196.5,1.12127812227,0.000392683684149,1.74323495649
213,62536.5,62548,2030-02-04,2030-02-16,12,0.972669364102,0.0035619866433,1.13069181106
213,62668.5,62687,2030-06-16,2030-07-05,19,1.50529808585,0.00233515871528,2.19604272885
213,63662,63673.5,2033-03-06,2033-03-17,12,0.972771966491,0.00373308814109,0.729168036833
213,63794,63812.5,2033-07-16,2033-08-03,19,1.50519517297,0.00222465932857,1.87389091079
213,64787.5,64799,2036-04-04,2036-04-16,12,0.972874576257,0.00390418951126,0.301561926108
213,64919.5,64938,2036-08-14,2036-09-02,19,1.50509225712,0.00211415992133,1.42971145292
213,65913,65924.5,2039-05-05,2039-05-16,12,0.972977193393,0.00407529074801,0.145324002323
213,66045,66063.5,2039-09-14,2039-10-02,19,1.5049893383,0.00200366049454,0.956108736948
213,67038.5,67050,2042-06-03,2042-06-15,12,0.973079817894,0.00402301864923,0.60102675622
213,67170.5,67189,2042-10-13,2042-11-01,19,1.50488641651,0.00189316104926,0.581872254373
214,62703,62756,2030-07-21,2030-09-12,53.5,1.12861778786,0.000134706358196,1.8800876887
214,62829.5,62881.5,2030-11-24,2031-01-15,52.5,1.1078415278,0.000729419583071,1.50123146247
214,63424,63477,2032-07-11,2032-09-02,53.5,1.12643091032,0.000799950519472,1.84241729458
214,63550,63602,2032-11-14,2033-01-05,52.5,1.10577499092,0.000275415920423,1.39045141763
214,64144.5,64197.5,2034-07-01,2034-08-23,53.5,1.12850171441,0.000187089431869,1.79410663735
214,64271,64323,2034-11-05,2034-12-27,52.5,1.10795737104,0.000676092274971,1.2691265665
214,64865.5,64918.5,2036-06-21,2036-08-13,53.5,1.12631486691,0.000747567654068,1.7263799197
214,64991.5,65043.5,2036-10-25,2036-12-16,52.5,1.10589078878,0.000328743381306,1.13702842855
214,65586,65639,2038-06-12,2038-08-04,53.5,1.12838564252,0.000239472498387,1.64923650394
214,65712.5,65764.5,2038-10-16,2038-12-07,52.5,1.10807321676,0.000622764939496,0.993916037737
214,66307,66360,2040-06-02,2040-07-25,53.5,1.12619882516,0.000695184760217,1.5539795479
214,66433,66485,2040-10-06,2040-11-27,52.5,1.10600658924,0.000382070828962,0.839970226413
214,67027.5,67080.5,2042-05-23,2042-07-15,53.5,1.12826957217,0.000291855555736,1.4506937376
214,67154,67206,2042-09-27,2042-11-18,52.5,1.10818906497,0.000569437578819,0.676795101754
214,67748.5,67801.5,2044-05-13,2044-07-05,53.5,1.12608278505,0.000642801839915,1.33112882943
214,67874.5,67926.5,2044-09-16,2044-11-07,52.5,1.10612239228,0.000435398261246,0.50605743653
215,63187.5,63272,2031-11-17,2032-02-10,85,1.19489938337,0.00450511288577,0.121266017782
215,63318.5,63403,2032-03-27,2032-06-20,85,1.19153702765,6.14814196588e-05,0.876100894567
215,64147.5,64232.5,2034-07-04,2034-09-27,85.5,1.19366972768,0.00445855717649,1.75347205876
215,64279,64363.5,2034-11-13,2035-02-05,85,1.1951565789,2.87669850707e-05,1.77746101462
215,65108,65192.5,2037-02-19,2037-05-14,85,1.19236254017,0.00461415085126,1.13197866113
215,65239,65323.5,2037-06-30,2037-09-22,85,1.19407331928,0.000119015223115,0.392609503611
215,66068,66152.5,2039-10-07,2039-12-30,85,1.19344531536,0.00456760535462,0.875123059661
215,66199,66283.5,2040-02-15,2040-05-09,85,1.19299036504,0.000182635836788,1.40423175849
215,67028,67112.5,2042-05-24,2042-08-16,85,1.19452839842,0.00452105546246,1.80042182337
215,67159,67243.5,2042-10-02,2042-12-25,85,1.19190772048,9.23880265299e-05,1.558946663
216,63069,63084.5,2031-07-22,2031-08-06,16,0.962670036955,0.00133137673162,1.81207872382
216,64863.5,64879,2036-06-19,2036-07-05,16,0.960829085597,0.00279054037975,1.89634145543
216,66658,66673,2041-05-19,2041-06-03,15.5,0.961559358773,0.000579381381989,1.82675400248
217,63224,63258,2031-12-24,2032-01-27,34.5,0.932162938415,0.00116755607284,0.792577835713
217,64844.5,64879,2036-05-31,2036-07-05,35,0.932295647838,0.000332262980685,1.77087850328
217,66465.5,66499.5,2040-11-07,2040-12-11,34.5,0.931996960992,0.00105471898342,0.146842102953
218,62816,62837,2030-11-11,2030-12-02,21.5,0.963355175055,0.000825859368744,0.969481507554
218,64493,64514.5,2035-06-15,2035-07-06,22,0.96362602658,0.00180082007619,1.31560195509
218,66170.5,66192,2040-01-17,2040-02-08,22,0.963565174166,0.00185653025514,1.7158290141
218,67848,67869,2044-08-21,2044-09-11,21.5,0.963461837293,0.00088156983071,0.403464136067
219,64173.5,64185,2034-07-30,2034-08-11,12,1.03175138592,0.00374049473378,1.01733334403
219,65987,65998.5,2039-07-18,2039-07-29,12,1.03136277888,0.00361503157883,1.2295878509
219,67800.5,67812.5,2044-07-04,2044-07-16,12.5,1.03326838438,0.00291671657519,1.41755470719
220,62777.5,62779.5,2030-10-03,2030-10-05,2.5,0.82120645732,0.0877773205006,0.292071539549
220,62845,62900.5,2030-12-10,2031-02-03,56,1.19231897394,9.85417493398e-05,1.44083289365
220,63731,63733,2033-05-14,2033-05-16,2.5,0.821720683752,0.0879704077624,1.6135526433
220,63798.5,63854,2033-07-20,2033-09-14,56,1.19186140734,1.01014567253e-05,1.51957755546
220,64684.5,64686.5,2035-12-23,2035-12-25,2.5,0.822234882791,0.0881634362829,1.2881968221
220,64752,64807.5,2036-02-29,2036-04-24,56,1.19140376568,0.000118744660418,0.463877370845
220,65638,65640.5,2038-08-03,2038-08-05,3,0.819011734809,0.0855477428442,0.80061748839
220,65705.5,65761,2038-10-09,2038-12-04,56,1.19094604901,0.000227387836248,1.80068226488
220,66591.5,66594,2041-03-13,2041-03-16,3,0.819526047929,0.0857415058465,1.78540417651
220,66659,66714.5,2041-05-20,2041-07-14,56,1.19048825735,0.000336030958663,0.789782046079
220,67545,67547.5,2043-10-23,2043-10-25,3,0.820040334942,0.0859352103132,0.44915299052
220,67612.5,67668.5,2043-12-29,2044-02-23,56.5,1.19319574142,0.000444674002045,1.30924510199
221,62918,63154.5,2031-02-21,2031-10-15,237,1.24413494483,5.92290202486e-05,1.96942300624
221,63894.5,64131,2033-10-24,2034-06-18,237,1.24413483491,5.83385894601e-05,0.545746258255
221,64870.5,65107,2036-06-26,2037-02-18,237,1.24413429452,0.000127799236087,1.37837859938
221,65846.5,66083.5,2039-02-27,2039-10-22,237.5,1.24488482758,1.02318417535e-05,1.97962110742
221,66823,67059.5,2041-10-31,2042-06-24,237,1.24413435555,0.000107335661432,0.588513578969
221,67799,67980.75,2044-07-03,2044-12-31,182.25,1.19206271038,7.8802235959e-05,1.34541555239
222,62502,62520.5,2030-01-01,2030-01-19,19,0.887567292694,0.00150738453562,1.84618372995
222,62691,62723.5,2030-07-09,2030-08-10,33,1.00687659813,0.00110856467201,1.9693336596
222,62835,62863.5,2030-11-30,2030-12-28,29,0.875892548168,0.00138430842395,1.7803006449
222,63034,63066.5,2031-06-17,2031-07-19,33,1.00691820383,0.0012154132196,1.97508070525
222,63178,63206.5,2031-11-08,2031-12-06,29,0.875851337185,0.0012612321241,1.66799664293
222,63377,63409.5,2032-05-25,2032-06-26,33,1.00695980339,0.00132226165906,1.90836914288
222,63521,63549.5,2032-10-16,2032-11-13,29,0.875810134687,0.00113815565278,1.48489728871
222,63720,63752.5,2033-05-03,2033-06-04,33,1.0070013968,0.00142910998091,1.77148172783
222,63864,63892.5,2033-09-24,2033-10-22,29,0.875768940683,0.00101507902669,1.23608797959
222,64063,64095.5,2034-04-11,2034-05-13,33,1.00704298405,0.00150661665265,1.56870014085
222,64207,64235.5,2034-09-02,2034-09-30,29,0.875727755179,0.00089200226256,0.938233138417
222,64406,64438.5,2035-03-20,2035-04-21,33,1.00708456515,0.00139976842406,1.30396795649
222,64550,64578.5,2035-08-11,2035-09-08,29,0.875686578182,0.000768925377097,0.610255466959
222,64749,64781.5,2036-02-26,2036-03-29,33,1.00712614009,0.00129292007056,0.968183009152
222,64893,64921.5,2036-07-19,2036-08-16,29,0.875645409698,0.000645848387029,0.279811648784
222,65092,65124.5,2037-02-03,2037-03-07,33,1.00716770888,0.0011860716017,0.595654424434
222,65236,65264.5,2037-06-27,2037-07-25,29,0.875604249734,0.000522771309094,0.16573757382
222,65435,65467.5,2038-01-12,2038-02-13,33,1.00720927149,0.00107922302702,0.215848921456
222,65579,65607.5,2038-06-05,2038-07-03,29,0.875563098297,0.000399694160019,0.420468615996
222,65778,65811,2038-12-21,2039-01-23,33.5,1.00663072255,0.000972374356082,0.159628866594
222,65922,65950.5,2039-05-14,2039-06-11,29,0.875521955393,0.000276616956552,0.73000486746
222,66121,66154,2039-11-29,2040-01-01,33.5,1.00667234694,0.000865525598413,0.534480057858
222,66265,66293.5,2040-04-21,2040-05-19,29,0.87548082103,0.000153539715433,1.0305110155
222,66464,66497,2040-11-06,2040-12-09,33.5,1.00671396521,0.000758676763546,0.896245736647
222,66608,66636.5,2041-03-30,2041-04-27,29,0.875439695214,3.0462453408e-05,1.29924833889
222,66807,66840,2041-10-15,2041-11-17,33.5,1.00675557734,0.000651827861039,1.22433551286
222,66951.5,66979.5,2042-03-08,2042-04-05,28.5,0.875951986817,9.26148127646e-05,1.52448242897
222,67150,67183,2042-09-23,2042-10-26,33.5,1.00679718335,0.000544978900416,1.50421810883
222,67294.5,67323,2043-02-14,2043-03-15,29,0.876531386456,0.00021569206632,1.69099748186
222,67493,67526,2043-09-01,2043-10-04,33.5,1.00683878322,0.000438129891205,1.72537052399
222,67637.5,67666,2044-01-23,2044-02-21,29,0.876490044999,0.000338769290498,1.79292589875
222,67836,67869,2044-08-09,2044-09-11,33.5,1.00688037696,0.000331280842946,1.88044174789
222,67980.5,67980.75,2044-12-31,2044-12-31,0.75,0.844927755437,0.0954104706097,1.82533601174
223,62537.5,62547.5,2030-02-05,2030-02-15,10.5,0.885768738589,0.0561573006865,0.483639815718
223,63857.5,63912.5,2033-09-17,2033-11-11,55.5,1.21576207677,0.000277410301779,0.956507544222
223,63975,63985,2034-01-13,2034-01-23,10.5,0.883551605184,0.0555313615422,0.838354725453
223,65295,65350,2037-08-25,2037-10-19,55.5,1.21778451867,8.55404158621e-05,0.618283902283
223,65412.5,65423,2037-12-20,2037-12-31,11,0.885260369585,0.0549047982684,1.16381185001
223,66732.5,66788,2041-08-01,2041-09-26,56,1.21606282717,0.000448490782383,0.252663410612
223,66850.5,66860.5,2041-11-27,2041-12-07,10.5,0.887001381792,0.0565051144405,1.44246809188
224,63318,63520,2032-03-27,2032-10-15,202.5,1.19052542587,0.000323176794283,1.86239721416
224,64838.5,65040,2036-05-25,2036-12-13,202,1.18951151811,0.000192177769272,1.36132237448
224,66359,66560.5,2040-07-24,2041-02-10,202,1.18951068241,6.11784406008e-05,0.505038853606
224,67879.5,67980.75,2044-09-21,2044-12-31,101.75,1.18661042414,0.0463348954603,0.30978491897
225,63080,63152,2031-08-02,2031-10-13,72.5,1.01529464552,0.000536676714209,0.898013971766
225,64287.5,64359.5,2034-11-21,2035-02-01,72.5,1.0148204986,0.000641062100634,1.88209078828
225,65495,65567,2038-03-13,2038-05-24,72.5,1.0143477399,0.000342231141667,1.11026474474
225,66702.5,66774.5,2041-07-02,2041-09-12,72.5,1.013876372,4.33991119265e-05,0.334365945663
225,67910.5,67980.75,2044-10-22,2044-12-31,70.75,1.01098338715,0.000255433053603,1.75264353458
226,62652,62669,2030-05-31,2030-06-17,17.5,1.08732948847,0.00077710391938,1.24877252598
226,62832.5,62847.5,2030-11-27,2030-12-12,15.5,0.967616647568,0.00290502732538,1.24819069323
226,63033.5,63050.5,2031-06-16,2031-07-03,17.5,1.08744931718,0.00101307888085,1.01901670715
226,63214.5,63229.5,2031-12-14,2031-12-29,15.5,0.967880652237,0.0015391046686,1.02275896271
226,63415.5,63432,2032-07-02,2032-07-19,17,1.08738741948,0.00280325602387,0.772063924738
226,63596,63611,2032-12-30,2033-01-14,15.5,0.967760851423,0.000473022944238,0.779654224238
226,63797,63814,2033-07-19,2033-08-05,17.5,1.08730443849,0.0011506723519,0.511050057496
226,63977.5,63992.5,2034-01-15,2034-01-30,15.5,0.967641497453,0.00248514680396,0.523257758964
226,64178.5,64195.5,2034-08-04,2034-08-21,17.5,1.08742434097,0.000639510368075,0.253299056604
226,64359.5,64374.5,2035-02-01,2035-02-16,15.5,0.967905708072,0.00195898692048,0.263303226779
226,64560,64577,2035-08-21,2035-09-07,17.5,1.08754388971,0.00242968951687,0.0748567425772
226,64741,64756,2036-02-18,2036-03-04,15.5,0.967785814151,5.31394629096e-05,0.021943137884
226,64942,64959,2036-09-06,2036-09-23,17.5,1.08727937313,0.00152424050447,0.250349047976
226,65122.5,65137.5,2037-03-05,2037-03-20,15.5,0.967666366844,0.00206526542382,0.253670655513
226,65323.5,65340.5,2037-09-22,2037-10-09,17.5,1.08739934936,0.000265941699761,0.509477550117
226,65504.5,65519.5,2038-03-22,2038-04-06,15.5,0.967930783306,0.002378868496,0.51022299042
226,65705,65722,2038-10-09,2038-10-26,17.5,1.08751897196,0.00205612241914,0.772320319436
226,65886,65901,2039-04-08,2039-04-23,15.5,0.967810796328,0.000366744036785,0.762348514387
226,66087,66104,2039-10-26,2039-11-12,17.5,1.0872542924,0.0018978082862,1.02768377238
226,66267.5,66282.5,2040-04-23,2040-05-08,15.5,0.967691255731,0.00164538333009,1.00079092452
226,66468.5,66485.5,2040-11-10,2040-11-27,17.5,1.08737434235,0.000107627033225,1.26347178261
226,66649.5,66664.5,2041-05-10,2041-05-25,15.5,0.967955877929,0.00279874925027,1.2219853139
226,66850,66867,2041-11-27,2041-12-14,17.5,1.08749403879,0.00168255482148,1.47705188595
226,67031,67046,2042-05-27,2042-06-11,15.5,0.967835797943,0.000786627409812,1.41879797673
226,67232,67249,2042-12-14,2042-12-31,17.5,1.0872291963,0.00227137560615,1.66581524049
226,67412.5,67427.5,2043-06-12,2043-06-27,15.5,0.967716164106,0.00122550066789,1.58948058429
226,67613.5,67630.5,2043-12-30,2044-01-16,17.5,1.08734931994,0.000481195740031,1.82113883845
226,67794,67809.5,2044-06-28,2044-07-13,16,0.967800493795,0.0032186290384,1.73129472907
227,62574,62597.5,2030-03-14,2030-04-06,24,1.00237563805,0.00190973464347,0.208794438974
227,63325,63348.5,2032-04-03,2032-04-26,24,1.00245721157,0.00177879861122,0.537189474183
227,64076,64099.5,2034-04-24,2034-05-17,24,1.00253880619,0.00164786244904,0.846442841881
227,64827,64850.5,2036-05-14,2036-06-06,24,1.00262042189,0.00151692616654,1.12775665504
227,65578,65601.5,2038-06-04,2038-06-27,24,1.00270205865,0.00138598977329,1.37426021793
227,66329,66352.5,2040-06-24,2040-07-17,24,1.00278371647,0.00125505327887,1.58286745192
227,67080,67103.5,2042-07-15,2042-08-07,24,1.00286539534,0.00112411669289,1.74873844995
227,67831,67854.5,2044-08-04,2044-08-27,24,1.00294709525,0.000993180024896,1.86772727174
228,62511,62597.5,2030-01-10,2030-04-06,87,0.953346012991,0.00056389898799,0.133706494168
228,62693.5,62721.5,2030-07-11,2030-08-08,28.5,1.52149148358,0.0696499790342,0.431498021735
228,63166,63253,2031-10-27,2032-01-22,87.5,0.954266821015,0.000557579528789,1.06410079328
228,63349,63377,2032-04-27,2032-05-25,28.5,1.52185461453,0.0695742704767,1.39003538452
228,63821.5,63908.5,2033-08-12,2033-11-07,87.5,0.954085103675,0.000390090752633,1.81625175862
228,64004.5,64032.5,2034-02-11,2034-03-11,28.5,1.52221764296,0.0694985406437,2.34140687028
228,64477,64564,2035-05-30,2035-08-25,87.5,0.953903828632,0.000222601356041,1.68750377651
228,64660,64688,2035-11-29,2035-12-27,28.5,1.5225805688,0.0694227895719,2.24215064091
228,65132.5,65219.5,2037-03-15,2037-06-10,87.5,0.953722996247,5.5111605146e-05,0.837864046166
228,65315,65343.5,2037-09-14,2037-10-12,29,1.5215175212,0.0693470172981,1.25291665452
228,65788,65875,2038-12-31,2039-03-28,87.5,0.953542606879,0.000112378233511,0.0639134083067
228,65970.5,65999,2039-07-01,2039-07-30,29,1.52188062072,0.0692712238588,0.526113231438
228,66443.5,66530.5,2040-10-16,2041-01-11,87.5,0.953362660889,0.000279867892974,1.26525725115
228,66626,66654,2041-04-17,2041-05-15,28.5,1.52087544479,0.0697783183593,1.63098083347
228,67099,67185.5,2042-08-03,2042-10-28,87,0.953472132553,0.00044735710587,1.8644309727
228,67281.5,67309.5,2043-02-01,2043-03-01,28.5,1.52123874947,0.0697026459652,2.40101310801
228,67754.5,67841,2044-05-19,2044-08-14,87,0.953290946799,0.000614845604421,1.56790969596
228,67937,67965,2044-11-18,2044-12-16,28.5,1.52160195173,0.0696269522333,2.10793722276
229,62517,62544,2030-01-16,2030-02-12,27.5,0.990070943561,0.0010277341088,1.34435954902
229,62669,62698,2030-06-17,2030-07-16,29.5,1.07044730747,0.00118613299793,0.96046782724
229,62921,62948,2031-02-24,2031-03-23,27.5,0.990152685595,0.000838162749104,1.7336482767
229,63073,63102,2031-07-26,2031-08-24,29.5,1.07036523153,0.00136133082201,1.47248649895
229,63325,63352,2032-04-03,2032-04-30,27.5,0.99023443585,0.000648591221616,1.93376712497
229,63477,63506,2032-09-02,2032-10-01,29.5,1.07028314937,0.00153652843083,1.83441999658
229,63729,63756,2033-05-12,2033-06-08,27.5,0.990316194309,0.000459019564314,1.92913682745
229,63881,63910,2033-10-11,2033-11-09,29.5,1.07020106101,0.00170853319571,2.00672453237
229,64133,64160,2034-06-20,2034-07-17,27.5,0.990397960952,0.000269447815162,1.72482750036
229,64285.5,64314.5,2034-11-19,2034-12-18,29.5,1.07172050383,0.00153333582186,1.96681460599
229,64537,64564,2035-07-29,2035-08-25,27.5,0.990479735762,7.98760121148e-05,1.34221890415
229,64689.5,64718.5,2035-12-28,2036-01-26,29.5,1.07163852586,0.00135813820647,1.70958359549
229,64941,64968,2036-09-05,2036-10-02,27.5,0.990561518721,0.000109695806908,0.818181008201
229,65093.5,65122.5,2037-02-04,2037-03-05,29.5,1.0715565415,0.00118294037709,1.23781027077
229,65345,65372,2037-10-14,2037-11-10,27.5,0.990643309809,0.000299267603996,0.199649047754
229,65497.5,65526.5,2038-03-15,2038-04-13,29.5,1.07147455075,0.00100774236128,0.627093171036
229,65749,65776,2038-11-22,2038-12-19,27.5,0.990725109009,0.000488839341276,0.451422045811
229,65901.5,65930.5,2039-04-23,2039-05-22,29.5,1.07139255362,0.00083254418661,0.0573979149053
229,66153,66180,2039-12-31,2040-01-27,27.5,0.990806916301,0.000678410980862,1.05907287248
229,66305.5,66334.5,2040-05-31,2040-06-29,29.5,1.07131055014,0.000657345880678,0.629046284081
229,66557,66584,2041-02-07,2041-03-06,27.5,0.990888731669,0.000867982484916,1.53819810955
229,66709.5,66738.5,2041-07-09,2041-08-07,29.5,1.07122854031,0.000482147471079,1.20276531419
229,66961.5,66988,2042-03-18,2042-04-14,27,0.99015822863,0.0010575538156,1.84756127305
229,67113.5,67142.5,2042-08-17,2042-09-15,29.5,1.07114652414,0.000306948985418,1.65437809144
229,67365.5,67392,2043-04-26,2043-05-23,27,0.990240012771,0.0012471249351,1.95784823182
229,67517.5,67546.5,2043-09-25,2043-10-24,29.5,1.07106450164,0.000131750451334,1.93667825268
229,67769.5,67796,2044-06-03,2044-06-30,27,0.9903218051,0.00143669580563,1.86326609882
229,67921.5,67950.5,2044-11-02,2044-12-01,29.5,1.07098247283,4.34481035473e-05,2.01635811018
230,62881.5,62965.5,2031-01-15,2031-04-09,84.5,1.23056307373,0.000294950800334,1.13737172524
230,63036.5,63056.5,2031-06-19,2031-07-09,20.5,0.916402277772,0.0396572498742,0.420849301552
230,63445.5,63529.5,2032-08-01,2032-10-24,84.5,1.23201419754,0.0003939645533,1.29357630126
230,63600.5,63621,2033-01-03,2033-01-24,21,0.917456345739,0.0391640780952,1.78089992646
230,64009.5,64093.5,2034-02-16,2034-05-11,84.5,1.23346417993,8.93029432704e-05,1.46976058127
230,64164.5,64185,2034-07-21,2034-08-11,21,0.915753891353,0.0386703798937,0.112770022434
230,64573.5,64658,2035-09-03,2035-11-27,85,1.23235828479,0.000215359079081,0.912379663125
230,64729,64749,2036-02-06,2036-02-26,20.5,0.916847161712,0.0397860020499,1.7539239949
230,65138,65222,2037-03-21,2037-06-13,84.5,1.23163520681,0.000473556030079,1.69521318969
230,65293,65313.5,2037-08-23,2037-09-12,21,0.917901026012,0.0392929683305,0.567243384468
230,65702,65786,2038-10-06,2038-12-29,84.5,1.23308548774,0.000168894759733,0.444575191917
230,65857,65877.5,2039-03-10,2039-03-30,21,0.916198697486,0.0387994073404,1.59587066328
230,66266,66350.5,2040-04-22,2040-07-15,85,1.23197948143,0.000135767290403,1.80554423619
230,66421.5,66441.5,2040-09-24,2040-10-14,20.5,0.917292012366,0.0399147180204,1.00109706361
230,66830.5,66914.5,2041-11-07,2042-01-30,84.5,1.23125613824,0.00044042871796,0.087661643401
230,66985.5,67006,2042-04-11,2042-05-02,21,0.918345672826,0.0394218225796,1.33361796153
230,67394.5,67478.5,2043-05-25,2043-08-17,84.5,1.23270671746,0.000248486523037,1.79962744952
230,67549.5,67570,2043-10-27,2043-11-17,21,0.916643471079,0.0389283990238,1.3501647663
230,67958.5,67980.75,2044-12-09,2044-12-31,22.75,1.51487328773,0.0589000421464,0.588136933824
231,62866.5,62911.5,2030-12-31,2031-02-14,45.5,1.36396401215,0.000194793889526,1.97175713264
231,63018.5,63052.5,2031-06-01,2031-07-05,34.5,1.02637590188,0.000691505380934,1.3285530419
231,63568.5,63613,2032-12-02,2033-01-16,45,1.36361717611,0.00107660216048,1.64086210695
231,63720.5,63754,2033-05-03,2033-06-06,34,1.02669605056,0.00110047827065,0.939949271277
231,64270,64315,2034-11-04,2034-12-19,45.5,1.36318946839,0.000268721436807,1.14043954834
231,64422,64456,2035-04-05,2035-05-09,34.5,1.02713953048,7.40988357713e-05,0.475814465981
231,64971.5,65016.5,2036-10-05,2036-11-19,45.5,1.36466279841,0.000613087799042,0.665103015657
231,65124,65157.5,2037-03-07,2037-04-09,34,1.02746036624,0.00124867513523,0.0386381575965
231,65673.5,65718.5,2038-09-07,2038-10-22,45.5,1.3624147017,0.000732236424469,0.271631843883
231,65825.5,65859,2039-02-06,2039-03-12,34,1.02600672079,0.000543307930524,0.511490398622
231,66375,66420,2040-08-09,2040-09-23,45.5,1.36388845638,0.000149572667991,0.440570564752
231,66527,66561,2041-01-08,2041-02-11,34.5,1.02645038105,0.000631270370093,0.960654869433
231,67077,67121.5,2042-07-12,2042-08-25,45,1.36354159901,0.00103138108176,0.938507936171
231,67229,67262.5,2042-12-11,2043-01-13,34,1.0267705969,0.00116071308492,1.35389988314
231,67778.5,67823.5,2044-06-12,2044-07-27,45.5,1.36311389083,0.000313942651016,1.39341187712
231,67930.5,67964.5,2044-11-11,2044-12-15,34.5,1.02721405732,1.38637224273e-05,1.65338936656
232,63260.5,63272,2032-01-29,2032-02-10,12,0.993566050304,0.00386492712738,1.61660222217
232,64489,64500,2035-06-11,2035-06-22,11.5,0.993112796393,0.00158845157703,1.70008811836
232,65717.5,65728.5,2038-10-21,2038-11-01,11.5,0.994112151323,0.00148457421431,0.152073818667
232,66945.5,66957,2042-03-02,2042-03-14,12,0.993791228025,0.00396880374986,1.83311923849
233,63118.5,63173,2031-09-09,2031-11-03,55,0.979295763492,0.000537957060629,1.67076005657
233,64166.5,64220.5,2034-07-23,2034-09-15,54.5,0.97890999135,0.000505460043031,1.95630971781
233,65214,65268,2037-06-05,2037-07-29,54.5,0.979150880679,0.000354754280362,1.87059963876
233,66262,66316,2040-04-18,2040-06-11,54.5,0.978859691928,0.00068866248939,1.43648729145
233,67309.5,67363.5,2043-03-01,2043-04-24,54.5,0.979098926569,0.000171551224533,0.747362275032
234,63494,63523,2032-09-19,2032-10-18,29.5,0.982545426463,0.000518510697317,0.124633940897
234,65174,65203.5,2037-04-26,2037-05-25,30,0.983174618515,0.00162110348164,1.71976609819
234,66854.5,66883.5,2041-12-01,2041-12-30,29.5,0.983429927864,0.000360905875685,1.20379352565
235,62893.5,62948,2031-01-27,2031-03-23,55,1.22322167351,0.000204807884852,1.66915893216
235,63954,64008,2033-12-23,2034-02-15,54.5,1.22184532921,0.000362293299212,1.36750956835
235,65014,65068,2036-11-17,2037-01-10,54.5,1.22391643269,0.000138671627987,0.926568263293
235,66074,66128,2039-10-13,2039-12-06,54.5,1.22598567964,8.49503536993e-05,0.397820871948
235,67134.5,67188.5,2042-09-07,2042-10-31,54.5,1.22073448829,0.000308572146545,0.238601026711
236,63172,63180.5,2031-11-02,2031-11-10,9,0.967829072412,0.00443066582563,1.82243312233
236,64600,64609,2035-09-30,2035-10-09,9.5,0.967862178188,0.00236496951838,1.96370899814
236,66028.5,66037.5,2039-08-28,2039-09-06,9.5,0.96788731162,0.000299266071881,1.90936486135
236,67457,67466,2043-07-27,2043-08-05,9.5,0.967914220055,0.001766438278,1.68778917855
237,62991.5,63041.5,2031-05-05,2031-06-24,50.5,1.10698263571,4.08620033603e-05,1.7660536616
237,63100.5,63167,2031-08-22,2031-10-28,67,1.20759340551,0.000163071754178,1.0876762579
237,64213,64262.5,2034-09-08,2034-10-27,50,1.10652922752,0.000426737749935,1.26293258654
237,64321.5,64388,2034-12-25,2035-03-02,67,1.20507024307,0.00019424819938,1.76784518584
237,65434,65484,2038-01-11,2038-03-02,50.5,1.10604947828,0.000210627575823,0.593941806592
237,65543,65609.5,2038-04-30,2038-07-05,67,1.208509356,6.78978861619e-05,0.651195334534
237,66655,66705,2041-05-16,2041-07-05,50.5,1.10861978574,0.000256973179084,1.78778530784
237,66764,66830.5,2041-09-02,2041-11-07,67,1.20598633999,0.000289421926601,1.1602323928
237,67876.5,67926.5,2044-09-18,2044-11-07,50.5,1.10511633398,0.000380392432059,1.19336526317
238,62941.5,62993.5,2031-03-16,2031-05-07,52.5,0.959387121496,0.00085847703455,0.436587341322
238,63770.5,63822.5,2033-06-22,2033-08-13,52.5,0.95924721827,0.000717876390415,0.950102752085
238,64599.5,64652,2035-09-29,2035-11-21,53,0.960373671761,0.000577275428692,1.86153012361
238,65428.5,65481,2038-01-05,2038-02-27,53,0.960233182328,0.000436674211458,1.42574088346
238,66257.5,66310,2040-04-13,2040-06-05,53,0.96009285317,0.000296072800859,0.154939018491
238,67086.5,67139,2042-07-21,2042-09-12,53,0.9599526844,0.000155471259085,1.28223000751
238,67915.5,67968,2044-10-27,2044-12-19,53,0.959812676133,1.48696484005e-05,1.87668685383
239,62704,62731.5,2030-07-22,2030-08-18,28,1.04293106996,0.000794913976403,1.28102609708
239,63052,63079.5,2031-07-05,2031-08-01,28,1.04178566453,0.00157873594798,1.47135169971
239,63400,63427.5,2032-06-17,2032-07-14,28,1.04063875683,0.0012511159694,1.62925882549
239,63748,63775.5,2033-05-31,2033-06-27,28,1.03949034555,0.000467292681794,1.75128530769
239,64096.5,64123.5,2034-05-14,2034-06-10,27.5,1.04113669366,0.000316532024403,1.8404891418
239,64444.5,64472,2035-04-27,2035-05-25,28,1.04248490456,0.00110035576433,1.88335064007
239,64792.5,64820,2036-04-09,2036-05-07,28,1.04133891388,0.00172949566676,1.88368107486
239,65140.5,65168,2037-03-23,2037-04-20,28,1.04019142042,0.000945674410215,1.84089528499
239,65488.5,65516,2038-03-06,2038-04-03,28,1.03904242285,0.000161850287212,1.75542600354
239,65837,65864.5,2039-02-18,2039-03-17,28,1.04318358532,0.000621974326901,1.63540036928
239,66185,66212.5,2040-02-01,2040-02-28,28,1.04203851116,0.00140579704118,1.47014419215
239,66533,66560.5,2041-01-14,2041-02-10,28,1.04089193503,0.00142405507062,1.27055418985
239,66881,66908.5,2041-12-28,2042-01-24,28,1.03974385561,0.000640232415591,1.04206142909
239,67229.5,67256.5,2042-12-11,2043-01-07,27.5,1.04138974072,0.000143592182106,0.794921342336
239,67577.5,67605,2043-11-24,2043-12-22,28,1.04273754897,0.000927416341076,0.529933293222
239,67925.5,67953,2044-11-06,2044-12-04,28,1.04159188968,0.00171123766423,0.267143266662
240,62522.5,62544.5,2030-01-21,2030-02-12,22.5,1.03483644602,0.000486714531497,1.9921193988
240,63159,63181,2031-10-20,2031-11-11,22.5,1.03471389152,0.000942107182023,1.24172081843
240,63795.5,63817.5,2033-07-17,2033-08-08,22.5,1.03459152721,0.00139749917628,0.288987570195
240,64432,64454,2035-04-15,2035-05-07,22.5,1.03446935326,0.00185289019669,1.62363819157
240,65068,65090,2037-01-10,2037-02-01,22.5,1.03555264638,0.00216059910699,1.95860912841
240,65704.5,65726.5,2038-10-08,2038-10-30,22.5,1.03542898919,0.00170520891859,1.036788537
240,66341,66363,2040-07-06,2040-07-28,22.5,1.03530552131,0.0012498175449,0.529753765917
240,66977.5,66999.5,2042-04-03,2042-04-25,22.5,1.03518224291,0.000794425302138,1.75513733489
240,67614,67636,2043-12-31,2044-01-22,22.5,1.03505915413,0.000339032506781,1.89280154074
241,62982.5,63005.5,2031-04-26,2031-05-19,23.5,0.982350605665,0.000632827112576,0.146057204804
241,63549.5,63572.5,2032-11-13,2032-12-06,23.5,0.982848703519,0.000412443711717,1.76296861929
241,64116.5,64139.5,2034-06-03,2034-06-26,23.5,0.983346637417,0.000192060149512,0.673969906826
241,64683.5,64706,2035-12-22,2036-01-14,23,0.980186745055,2.83234877142e-05,1.56763323175
241,65250.5,65273,2037-07-11,2037-08-03,23,0.980685532503,0.000248707113922,1.13787051121
241,65817.5,65840,2039-01-29,2039-02-21,23,0.981184155644,0.000469090643356,1.21590414922
241,66384.5,66407,2040-08-18,2040-09-10,23,0.981682614553,0.000689473990548,1.50533333681
241,66951.5,66974,2042-03-08,2042-03-31,23,0.982180909308,0.0009098570703,0.746015161471
241,67518.5,67541,2043-09-26,2043-10-19,23,0.982679039986,0.0011302397977,1.73518002801
242,62677,62928.5,2030-06-25,2031-03-03,252,1.19628605688,0.000159281054887,0.995132078776
242,63494.5,63746,2032-09-19,2033-05-29,252,1.19628551908,8.9824252191e-05,1.85437876401
242,64312.5,64564,2034-12-16,2035-08-25,252,1.19628489067,7.0269389897e-06,1.5835576477
242,65130.5,65382,2037-03-13,2037-11-20,252,1.19628506596,7.57704060581e-05,0.376588948904
242,65948.5,66200,2039-06-09,2040-02-16,252,1.19628604495,0.000158567405732,0.674718757263
242,66766,67017.5,2041-09-04,2042-05-13,252,1.19628552799,9.05379054174e-05,1.74437993301
242,67584,67835.5,2043-12-01,2044-08-08,252,1.19628489265,7.74059412609e-06,1.75082279564
243,63803,63839.5,2033-07-25,2033-08-30,37,0.995791678402,0.000861362733539,1.86882524305
243,65169,65205.5,2037-04-21,2037-05-27,37,0.996048337986,0.00104742251231,1.45946611136
243,66535,66571.5,2041-01-16,2041-02-21,37,0.996305138214,0.00123348192481,0.00583322053431
243,67901,67937.5,2044-10-13,2044-11-18,37,0.996562078893,0.00132238587307,1.35890869183
244,63028.5,63058,2031-06-11,2031-07-11,30,1.00890725731,0.00133337128559,0.276634303151
244,63791,63821,2033-07-13,2033-08-12,30.5,1.00922101594,0.00018623256873,0.781761224574
244,64554,64583.5,2035-08-15,2035-09-13,30,1.00926803406,0.00096090774619,1.23511418323
244,65316.5,65346,2037-09-15,2037-10-15,30,1.00887262093,0.00123252606457,1.60039357575
244,66079,66109,2039-10-18,2039-11-17,30.5,1.00918628111,8.53868123041e-05,1.84920058712
244,66842,66871.5,2041-11-19,2041-12-18,30,1.00923314859,0.00106175317167,1.9622715133
244,67604.5,67634,2043-12-21,2044-01-20,30,1.00883800858,0.00113168076181,1.93296477355
245,63095.5,63160.5,2031-08-17,2031-10-21,65.5,1.31292368514,0.00679158824518,0.688546352418
245,63207.5,63298.5,2031-12-07,2032-03-07,91.5,1.08066996539,0.000325529748955,0.0406013839064
245,64127.5,64192.5,2034-06-14,2034-08-18,65.5,1.31329749728,0.00672264555898,0.438476024442
245,64239.5,64330.5,2034-10-04,2035-01-03,91.5,1.08036934222,0.000430077229007,0.749590210283
245,65159.5,65224.5,2037-04-11,2037-06-15,65.5,1.31367132222,0.00665370197557,1.40053634178
245,65271.5,65362.5,2037-08-01,2037-10-31,91.5,1.08006888511,0.000534624521151,1.50305416841
245,66191.5,66256.5,2040-02-07,2040-04-12,65.5,1.31404515985,0.00658475750478,1.95840264706
245,66303.5,66394.5,2040-05-29,2040-08-28,91.5,1.0797685943,0.00057956329962,1.82208625006
245,67223.5,67288.5,2042-12-05,2043-02-08,65.5,1.31441901005,0.00651581215638,1.92382662153
245,67336,67426.5,2043-03-28,2043-06-26,91,1.08091501486,0.000475016098416,1.55989954025
246,63481,63539.5,2032-09-06,2032-11-03,59,0.972753057791,0.000231691439581,1.88724049624
246,64673.5,64732,2035-12-12,2036-02-09,59,0.972347159062,0.000553785063753,1.17828691853
246,65866.5,65924.5,2039-03-19,2039-05-16,58.5,0.972688051046,0.000875877142496,0.0726613283522
246,67059,67117,2042-06-24,2042-08-21,58.5,0.972280422978,0.000591232150138,1.48023611519
247,62613.5,62680.5,2030-04-22,2030-06-28,67.5,1.01210926433,0.000533713692358,1.6349366406
247,63455,63522,2032-08-11,2032-10-17,67.5,1.01208899252,0.000204170387907,1.89257776744
247,64296,64363,2034-11-30,2035-02-05,67.5,1.01211220708,0.000624619824509,0.534074254114
247,65137.5,65204.5,2037-03-20,2037-05-26,67.5,1.01209114237,0.000113263815197,1.19223911819
247,65979,66045.5,2039-07-10,2039-09-14,67,1.011750723,0.000715525795398,2.00406243949
247,66820,66887,2041-10-28,2042-01-03,67.5,1.0120933899,2.23572132459e-05,1.11942704888
247,67661.5,67728,2044-02-16,2044-04-23,67,1.01175302328,0.000760239841442,0.629449818523
248,62684.5,62749,2030-07-02,2030-09-05,65,0.964761063508,0.000600962343599,1.70924986171
248,63641.5,63706,2033-02-13,2033-04-19,65,0.96386742495,0.000419545983242,0.169241764397
248,64598.5,64663,2035-09-28,2035-12-02,65,0.962978627255,0.000199035366788,1.72467912365
248,65555,65619.5,2038-05-12,2038-07-15,65,0.964447523647,0.000817614208352,1.20413961799
248,66512,66576.5,2040-12-24,2041-02-26,65,0.963555578345,0.000202892668022,0.704128509294
248,67468.5,67533,2043-08-07,2043-10-11,65,0.965029660728,0.000415688689663,1.83210697228
249,62736,62768.5,2030-08-23,2030-09-24,33,0.997246007941,0.00087541973239,0.522885661906
249,63799,63831.5,2033-07-21,2033-08-22,33,0.996809487789,0.00151053472116,0.0443783100053
249,64862,64894.5,2036-06-18,2036-07-20,33,0.996374415086,0.000914910532057,0.522066528121
249,65925,65957.5,2039-05-17,2039-06-18,33,0.995940792967,0.000279792784675,1.02028119071
249,66988,67021,2042-04-14,2042-05-17,33.5,0.996739765709,0.000355325878522,1.44287694275
250,63033.5,63098,2031-06-16,2031-08-20,65,1.22184597291,0.000117154256912,1.79133384282
250,63165,63222,2031-10-26,2031-12-22,57.5,1.18217518089,0.0400796951727,0.625213029387
250,63806.5,63871,2033-07-28,2033-10-01,65,1.22490370993,3.73203606555e-05,1.77467771631
250,63938,63995,2033-12-07,2034-02-02,57.5,1.17905513299,0.0397017486746,1.17466207822
250,64580,64644.5,2035-09-10,2035-11-13,65,1.22180800321,0.000119071170475,1.52882815651
250,64711.5,64768.5,2036-01-19,2036-03-16,57.5,1.18221387267,0.0400843764017,1.58036166421
250,65353,65417.5,2037-10-22,2037-12-25,65,1.22486579053,3.54034447895e-05,1.09108690965
250,65484.5,65541.5,2038-03-02,2038-04-28,57.5,1.17909387552,0.0397064473123,1.77860242689
250,66126.5,66191,2039-12-04,2040-02-07,65,1.22177003288,0.000120988083954,0.506910938691
250,66258,66315,2040-04-14,2040-06-10,57.5,1.18225256382,0.0400890574151,1.75520980057
250,66899.5,66964,2042-01-15,2042-03-21,65,1.22482787051,3.34865288978e-05,0.194228802005
250,67031,67088,2042-05-27,2042-07-23,57.5,1.17913261741,0.0397111457335,1.50692543109
250,67673,67737.5,2044-02-28,2044-05-02,65,1.22173206193,0.000122904997349,0.802731955895
250,67804.5,67861.5,2044-07-08,2044-09-03,57.5,1.18229125435,0.0400937382128,1.08636758408
251,64351.5,64384.5,2035-01-24,2035-02-26,33.5,1.01531891762,0.000534919051607,0.251731028171
251,66315,66348,2040-06-10,2040-07-13,33.5,1.01487326725,0.0010559925857,1.62760088449
252,63643.5,63677,2033-02-15,2033-03-21,34,0.989475887128,0.000430795581096,1.76966867481
252,65257.5,65291,2037-07-18,2037-08-21,34,0.99065233864,0.000834508962232,1.22462119466
252,66872,66905.5,2041-12-19,2042-01-21,34,0.989792500211,0.000899588207098,1.09004780481
253,62548,62565,2030-02-16,2030-03-05,17.5,0.973839503023,0.00118530320498,1.81296995094
253,62965.5,62987,2031-04-09,2031-05-01,22,1.22013282337,0.000870898973637,1.56094265632
253,63103.5,63120.5,2031-08-25,2031-09-11,17.5,0.972465287322,0.00113574859761,0.664562527543
253,63521,63542.5,2032-10-16,2032-11-06,22,1.22151185181,0.00181690936535,1.41939393707
253,63659,63676.5,2033-03-03,2033-03-20,18,0.972804288351,0.00223996604787,1.72822444943
253,64076.5,64098.5,2034-04-24,2034-05-16,22.5,1.22117811948,3.11540117783e-05,1.74357077014
253,64215,64232,2034-09-10,2034-09-27,17.5,0.973089530393,8.1082416322e-05,0.869130869906
253,64632.5,64654,2035-11-01,2035-11-23,22,1.22088534534,0.00187921718611,1.21039691821
253,64770.5,64788,2036-03-18,2036-04-05,18,0.973428488103,0.00240212977635,1.62130621748
253,65188,65209.5,2037-05-10,2037-05-31,22,1.22226387852,0.000808590993104,1.88443063664
253,65326.5,65343.5,2037-09-25,2037-10-12,17.5,0.973714088185,0.000973583989322,1.06369635751
253,65744,65765.5,2038-11-17,2038-12-08,22,1.22025865173,0.00103947381617,0.983954766327
253,65882,65899,2039-04-04,2039-04-21,17.5,0.972340011525,0.00134746771353,1.49087572858
253,66299.5,66321,2040-05-25,2040-06-16,22,1.22163759751,0.00164833487143,1.99713149251
253,66438,66455,2040-10-11,2040-10-28,17.5,0.974338958367,0.00202824771822,1.24467486359
253,66855,66877,2041-12-02,2041-12-24,22.5,1.22130387125,0.000199729003592,0.744866079321
253,66993.5,67010.5,2042-04-19,2042-05-06,17.5,0.972964191136,0.000292801927934,1.33923196103
253,67411,67432.5,2043-06-11,2043-07-02,22,1.22101112867,0.00204779154077,2.08126078371
253,67549,67566.5,2043-10-27,2043-11-13,18,0.973303157587,0.00261384764266,1.4065572534
253,67966.5,67980.75,2044-12-17,2044-12-31,14.75,1.24624867187,0.000640016086365,0.580058339089
254,62887.5,62890.5,2031-01-21,2031-01-24,3.5,1.58398291302,0.0986932705941,2.13452227049
254,62948,62979.5,2031-03-23,2031-04-23,32,0.8769637221,0.0634230332935,1.45440700199
254,62991.5,63056.5,2031-05-05,2031-07-09,65.5,1.01818300149,0.000454887163778,1.59484813541
254,64482,64485,2035-06-04,2035-06-07,3.5,1.58195996255,0.0987708500505,0.686628196697
254,64542,64574,2035-08-03,2035-09-04,32.5,0.877562598329,0.0630718919502,0.29386428595
254,64585.5,64650.5,2035-09-15,2035-11-19,65.5,1.01578487364,6.6469812617e-06,0.189850329002
254,66076.5,66079.5,2039-10-15,2039-10-18,3.5,1.57993633441,0.0988481453269,2.44730910978
254,66136.5,66168,2039-12-14,2040-01-15,32,0.877573457167,0.0636022815231,1.69372028449
254,66180,66245,2040-01-27,2040-04-01,65.5,1.01736953942,0.000468181018008,1.62946806998
254,67670.5,67673.5,2044-02-25,2044-02-28,3.5,1.58299593843,0.0987311594058,1.74838221914
254,67730.5,67762.5,2044-04-25,2044-05-27,32.5,0.878172513363,0.0632518813049,1.12483232975
254,67774.5,67839,2044-06-08,2044-08-12,65,1.01663040515,0.000229691012005,1.36085730466
255,62502,62507.5,2030-01-01,2030-01-06,6,0.81678630083,0.0175653502437,1.74783941075
255,62578,62903,2030-03-18,2031-02-06,325.5,1.20442021235,4.34644045599e-05,1.59566621663
255,62973.5,63299,2031-04-17,2032-03-08,326,1.20379982199,6.60413116127e-05,1.33394352556
255,63369.5,63694.5,2032-05-17,2033-04-07,325.5,1.20442025074,3.38040179583e-05,0.96231916167
255,63765,64090.5,2033-06-17,2034-05-08,326,1.20379985107,7.57016867975e-05,0.511272494754
255,64161,64486,2034-07-18,2035-06-08,325.5,1.20442027078,2.41436292415e-05,0.0367755400274
255,64556.5,64882,2035-08-17,2036-07-08,326,1.2037998619,8.53620572521e-05,0.372893660967
255,64952.5,65277.5,2036-09-16,2037-08-07,325.5,1.2044202725,1.44832390138e-05,0.432589913492
255,65348,65673.5,2037-10-17,2038-09-07,326,1.20379985447,9.50224223732e-05,0.255696630737
255,65744,66069,2038-11-17,2039-10-08,325.5,1.20442025587,4.82284787996e-06,0.236199902524
255,66139.5,66465,2039-12-17,2040-11-07,326,1.2037998288,0.000104668085756,0.725387442988
255,66535.5,66860.5,2041-01-16,2041-12-07,325.5,1.20442022091,4.83754355592e-06,1.15112197811
255,66931,67256.5,2042-02-16,2043-01-07,326,1.20379978488,9.50077266191e-05,1.47686850399
255,67327,67652,2043-03-19,2044-02-07,325.5,1.20442016761,1.44979346889e-05,1.63506322345
255,67722.5,67980.75,2044-04-17,2044-12-31,258.75,1.2565890083,8.53473615319e-05,1.72016099956
256,62673.5,62774.5,2030-06-21,2030-09-30,101.5,1.32843095177,0.000341041122129,1.95328761014
256,62843.5,62923,2030-12-08,2031-02-26,80,1.04274730219,7.87798547079e-05,1.62691341123
256,63256,63357,2032-01-25,2032-05-05,101.5,1.32863742414,0.000261711625469,0.119703273263
256,63426,63505.5,2032-07-13,2032-09-30,80,1.04255632362,2.37883144014e-05,0.401516029586
256,63838.5,63939.5,2033-08-29,2033-12-08,101.5,1.32884387727,0.000182382082675,1.93576562876
256,64008.5,64088,2034-02-15,2034-05-06,80,1.04236541401,0.000126356474456,1.83770923873
256,64421,64522,2035-04-04,2035-07-14,101.5,1.32905031114,0.000103052507747,0.951339053967
256,64591.5,64670.5,2035-09-21,2035-12-09,79.5,1.04328722081,0.000228924586405,0.583733708563
256,65003.5,65104.5,2036-11-06,2037-02-15,101.5,1.32925672571,2.37229146697e-05,1.26453367544
256,65174,65253.5,2037-04-26,2037-07-14,80,1.04450263917,0.000331492611149,1.43465754715
256,65586,65687,2038-06-12,2038-09-21,101.5,1.32946312094,5.56066825854e-05,1.87814473755
256,65756.5,65836,2038-11-29,2039-02-17,80,1.04431103276,0.00043406050954,1.50625040203
256,66168.5,66269.5,2040-01-15,2040-04-25,101.5,1.32966949679,0.000134936270057,0.199892502133
256,66339,66418.5,2040-07-04,2040-09-21,80,1.04411949436,0.000536628242386,0.589221939061
256,66751,66852.5,2041-08-20,2041-11-29,102,1.32844715797,0.0002142658338,1.99240043015
256,66921.5,67001,2042-02-06,2042-04-27,80,1.04392802406,0.000639195770435,1.84787444681
256,67333.5,67435,2043-03-25,2043-07-05,102,1.32865353128,0.000293595359887,0.753779356569
256,67504,67583.5,2043-09-12,2043-11-30,80,1.04373662197,0.000609519331036,0.360748438351
256,67916,67980.75,2044-10-28,2044-12-31,65.25,1.43162519926,0.00037292483439,1.70234694934
257,62562.5,62599.5,2030-03-02,2030-04-08,37.5,1.00334612794,0.000407337643547,1.81596988082
257,62712,62754,2030-07-30,2030-09-10,42.5,1.12548521575,0.000143864136449,1.63123588841
257,63002.5,63040,2031-05-16,2031-06-23,38,1.00386151319,0.00109979809518,1.86945493868
257,63152.5,63194,2031-10-13,2031-11-24,42,1.12501676832,0.000760257412366,2.03614005469
257,63443,63480.5,2032-07-30,2032-09-05,38,1.00334613126,0.000900851004304,1.20434782527
257,63592.5,63634.5,2032-12-26,2033-02-06,42.5,1.1245035816,0.00102061648825,1.63263081101
257,63883.5,63920.5,2033-10-13,2033-11-19,37.5,1.00380465083,0.000208389636729,0.0377559125921
257,64033,64075,2034-03-12,2034-04-23,42.5,1.12502327758,0.000404224056455,0.491335654893
257,64324,64361,2034-12-28,2035-02-03,37.5,1.00328900153,0.000484072740721,1.14088567521
257,64473.5,64515.5,2035-05-26,2035-07-07,42.5,1.12554277378,0.000212169760621,0.723011166348
257,64764,64801.5,2036-03-12,2036-04-18,38,1.00380438598,0.00117653276568,1.85467085852
257,64914,64955.5,2036-08-09,2036-09-19,42,1.12507436538,0.000828562852356,1.70365978529
257,65204.5,65242,2037-05-26,2037-07-03,38,1.00328903832,0.000824116118399,1.83352433908
257,65354,65396,2037-10-23,2037-12-04,42.5,1.12456118145,0.000952311154162,2.03157610397
257,65645,65682,2038-08-10,2038-09-16,37.5,1.00374749402,0.000131654473588,1.10751133594
257,65794.5,65836.5,2039-01-06,2039-02-17,42.5,1.12508085537,0.000335918464687,1.55236662645
257,66085.5,66122.5,2039-10-24,2039-11-30,37.5,1.00323187894,0.000560807809019,0.0898202785861
257,66235,66277,2040-03-22,2040-05-03,42.5,1.12560032933,0.000280475375887,0.375256141334
257,66525.5,66563,2041-01-06,2041-02-13,38,1.00374726256,0.00125326736588,1.23754354301
257,66675.5,66717,2041-06-05,2041-07-17,42,1.12513195997,0.000896868257596,0.838613402998
257,66966,67003.5,2042-03-23,2042-04-29,38,1.0032319492,0.000747381183477,1.88609421929
257,67115.5,67157.5,2042-08-19,2042-09-30,42.5,1.12461877887,0.000884005779966,1.76768550337
257,67406.5,67443.5,2043-06-06,2043-07-13,37.5,1.00369034098,5.49193026046e-05,1.79185750929
257,67556,67598,2043-11-03,2043-12-15,42.5,1.12513843071,0.000267612858799,2.02103267556
257,67847,67884,2044-08-20,2044-09-26,37.5,1.00317476015,0.000637542843856,1.00573363592
258,62726.5,62954,2030-08-13,2031-03-29,228,1.20747109441,7.11593466617e-05,1.65063387603
258,63762,63989.5,2033-06-14,2034-01-27,228,1.20747098434,3.56299483585e-06,0.858971432275
258,64797.5,65025,2036-04-14,2036-11-28,228,1.20747132739,7.82853276488e-05,0.0719605451812
258,65833,66060.5,2039-02-14,2039-09-29,228,1.20747212353,0.000153007469618,0.86735006554
258,66869,67096,2041-12-16,2042-07-31,227.5,1.20660959109,0.000220545396405,1.64888234129
258,67904.5,67980.75,2044-10-16,2044-12-31,76.75,1.31470132372,0.0298323881682,2.03600876972
259,62502,62573,2030-01-01,2030-03-13,71.5,1.19666376817,0.000257452200744,1.38283705148
259,62619,62683.5,2030-04-28,2030-07-01,65,1.13144352642,0.000441126375121,0.764031873957
259,64039.5,64111.5,2034-03-18,2034-05-29,72.5,1.20171528612,0.00033345810634,1.83214079772
259,64157,64222,2034-07-14,2034-09-17,65.5,1.12934326428,0.00054907889347,1.62034175806
259,65578,65650,2038-06-04,2038-08-15,72.5,1.20127756092,0.000409463961948,1.56182506038
259,65695.5,65760.5,2038-09-29,2038-12-03,65.5,1.129774738,0.000657031178438,1.78177225185
259,67116.5,67188.5,2042-08-20,2042-10-31,72.5,1.20083989261,0.000444065236066,0.624683976248
259,67234,67299,2042-12-16,2043-02-19,65.5,1.13020629971,0.000555253536339,1.23380282728
260,62611.5,62626.5,2030-04-20,2030-05-05,15.5,0.947901371062,0.00134107687723,1.65457399136
260,62700,62715,2030-07-18,2030-08-02,15.5,0.968372500373,0.00120791465003,0.470667543907
260,63550.5,63565,2032-11-14,2032-11-29,15,0.945885394449,0.00247079502265,0.564158299667
260,63638.5,63653.5,2033-02-10,2033-02-25,15.5,0.967318378182,0.000102301309255,1.67049249375
260,64489,64503.5,2035-06-11,2035-06-25,15,0.946939288004,0.00297393660875,1.8679316987
260,64577,64592,2035-09-07,2035-09-22,15.5,0.966264253182,0.00100331227692,1.13067220561
260,65427.5,65442,2038-01-04,2038-01-19,15,0.947993230918,0.00184422098816,0.214997399853
260,65515.5,65530.5,2038-04-02,2038-04-17,15.5,0.965210127989,0.00210892343255,1.19940427179
260,66366,66381,2040-07-31,2040-08-15,15.5,0.945984175274,0.000714500590525,1.76896122294
260,66454,66469.5,2040-10-27,2040-11-11,16,0.967222266932,0.00321452946403,1.62206940064
260,67304.5,67319.5,2043-02-24,2043-03-11,15.5,0.947037823301,0.000415221652664,0.988192697416
260,67393,67408,2043-05-24,2043-06-08,15.5,0.969236394854,0.00211401021244,0.516154940297
261,62705.5,62732.5,2030-07-23,2030-08-19,27.5,0.99333070976,0.000443762387548,1.29762827659
261,62894.5,62933,2031-01-28,2031-03-08,39,1.43165672727,0.000828356525363,1.2548408193
261,63222.5,63249,2031-12-22,2032-01-18,27,0.99314214362,0.00109587213608,1.08653842025
261,63411,63450,2032-06-28,2032-08-06,39.5,1.43174208845,0.000236797784939,1.41773967607
261,63739,63765.5,2033-05-22,2033-06-17,27,0.993763095398,0.00107110329244,1.87075918949
261,63928,63966.5,2033-11-27,2034-01-04,39,1.43191270508,0.00126236488062,2.16661474997
261,64255.5,64282.5,2034-10-20,2034-11-16,27.5,0.993698453065,0.000468531295682,0.062995410408
261,64444.5,64483.5,2035-04-27,2035-06-05,39.5,1.43199795358,0.000197211474693,0.423764386342
261,64772.5,64799,2036-03-20,2036-04-16,27,0.993509796817,0.0016984418674,1.91236786414
261,64961.5,65000,2036-09-25,2036-11-03,39,1.43216849674,0.000867942784389,2.31857874277
261,65289,65316,2037-08-19,2037-09-15,27.5,0.993445484162,0.000158810561702,0.981934878985
261,65478,65516.5,2038-02-24,2038-04-03,39,1.43154039531,0.000631220592541,0.858636570524
261,65806,65832.5,2039-01-18,2039-02-13,27,0.993256889775,0.00138082282864,1.39283203861
261,65994.5,66033.5,2039-07-25,2039-09-02,39.5,1.43162580767,0.000433933875749,1.7502921717
261,66322.5,66349.5,2040-06-17,2040-07-14,27.5,0.993192907186,0.000786152073861,1.71766252648
261,66511.5,66550,2040-12-23,2041-01-31,39,1.43179645764,0.00106522925676,1.88920713865
261,66839,66866,2041-11-16,2041-12-13,27.5,0.993813486074,0.000753482899518,0.457317910954
261,67028,67067,2042-05-24,2042-07-02,39.5,1.43188175733,7.53452013725e-08,0.749621443599
261,67356,67382.5,2043-04-17,2043-05-13,27,0.993624801874,0.00141349187649,1.96373826779
261,67545,67583.5,2043-10-23,2043-11-30,39,1.43205233387,0.00106507856567,2.3673279868
261,67872.5,67899.5,2044-09-14,2044-10-11,27.5,0.993560339425,0.000126141335356,0.623775818572
262,62912.5,62965,2031-02-15,2031-04-09,53,1.2190560961,0.000522688365995,1.2210894099
262,64135,64187.5,2034-06-22,2034-08-13,53,1.21962181784,0.000636259449206,1.7642181445
262,65357.5,65410,2037-10-26,2037-12-18,53,1.22018740943,0.000749830392157,0.527323640878
262,66580,66632.5,2041-03-02,2041-04-23,53,1.22075287089,0.000653491588863,1.33031331529
262,67802.5,67855,2044-07-06,2044-08-28,53,1.22131820224,0.000539920528697,1.72609051649
263,62574,62732.5,2030-03-14,2030-08-19,159,1.06695568631,0.000304007570272,1.28748735334
263,63386,63544.5,2032-06-03,2032-11-08,159,1.06696120763,0.000322220739719,0.0499335678069
263,64198,64356.5,2034-08-24,2035-01-29,159,1.06696673836,0.000340433896514,0.994563657896
263,65010,65168.5,2036-11-13,2037-04-20,159,1.0669722785,0.000358647039943,1.84551060856
263,65822.5,65980.5,2039-02-03,2039-07-11,158.5,1.06616818423,0.000376860169292,1.73883857593
263,66634.5,66792.5,2041-04-25,2041-09-30,158.5,1.06617353699,0.000395073283846,0.75712802835
263,67446.5,67604.5,2043-07-16,2043-12-21,158.5,1.06617889919,0.000413286382892,0.277856770308
264,63399,63424,2032-06-16,2032-07-11,25.5,1.46412624214,0.0718173423467,1.96341449183
264,63510.5,63566,2032-10-05,2032-11-30,56,1.02780227707,0.000536540167653,1.07565695971
264,64961,64986,2036-09-25,2036-10-20,25.5,1.46441565774,0.0717843162436,2.26039259955
264,65072.5,65128,2037-01-14,2037-03-11,56,1.02755359558,0.000618026449539,1.78314583209
264,66523,66548,2041-01-04,2041-01-29,25.5,1.46470506305,0.0717512861769,1.06144871409
264,66634.5,66690,2041-04-25,2041-06-20,56,1.0273049952,0.000699512566387,1.21203569931
265,63001.5,63050.5,2031-05-15,2031-07-03,49.5,1.18558388634,5.60408409619e-05,1.13208103828
265,63730.5,63780,2033-05-13,2033-07-02,50,1.18619932918,0.000715057878614,1.1568234988
265,64460,64509,2035-05-13,2035-07-01,49.5,1.18732748063,0.000360424553526,1.18626287993
265,65189,65238,2037-05-11,2037-06-29,49.5,1.1845675717,0.000298593312228,1.21010569417
265,65918,65967.5,2039-05-10,2039-06-28,50,1.18518326852,0.000776888895164,1.23336887791
265,66647.5,66696.5,2041-05-08,2041-06-26,49.5,1.18631221826,0.000117872134727,1.26186256519
265,67376.5,67426,2043-05-07,2043-06-26,50,1.18692747914,0.000541145485027,1.28415902175
266,62502,62590,2030-01-01,2030-03-30,88.5,1.22331060419,7.92659213242e-05,0.490192300291
266,63285,63392,2032-02-23,2032-06-09,107.5,1.15620203084,0.000377581170888,1.814465247
266,63405,63512,2032-06-22,2032-10-07,107.5,1.15602953553,0.00014967364043,1.8088763916
266,64207,64313.5,2034-09-02,2034-12-17,107,1.15537395789,9.67291961959e-05,0.221139573362
266,64327,64433.5,2034-12-31,2035-04-16,107,1.15644705791,0.000308465429106,0.21205420445
266,65128.5,65235,2037-03-11,2037-06-26,107,1.15661852896,0.000184123326521,1.80248563293
266,65248.5,65355,2037-07-09,2037-10-24,107,1.15520271547,7.9526109883e-05,1.81564688193
266,66050,66157,2039-09-19,2040-01-04,107.5,1.15620061865,0.000377900356711,0.374175514435
266,66170,66277,2040-01-17,2040-05-03,107.5,1.15603094746,0.000149413451991,0.0955518778449
266,66972,67078.5,2042-03-29,2042-07-13,107,1.15537254439,9.70483835477e-05,1.75969178274
266,67092,67198.5,2042-07-27,2042-11-10,107,1.15644847304,0.000308725616993,1.79591041238
266,67893.5,67980.75,2044-10-05,2044-12-31,87.75,1.22687056411,0.000183804139449,0.744888714698
267,62932.5,62993.5,2031-03-07,2031-05-07,61.5,1.23493575451,0.0072199392759,1.03160950339
267,63058.5,63085,2031-07-11,2031-08-07,27,1.00932934707,0.0505998131572,1.36642022
267,63572,63633,2032-12-06,2033-02-05,61.5,1.23418771381,0.00712528230181,0.387641237661
267,63698,63724.5,2033-04-11,2033-05-07,27,1.01018465377,0.0507247927051,1.80430569123
267,64211.5,64272.5,2034-09-06,2034-11-06,61.5,1.23343931695,0.00703061195092,1.53057337846
267,64337.5,64363.5,2035-01-10,2035-02-05,26.5,1.00745469573,0.0508496776997,1.18662535504
267,64851,64912,2036-06-07,2036-08-07,61.5,1.23269056372,0.00693592835354,1.77096061654
267,64977,65003,2036-10-11,2036-11-06,26.5,1.00831092627,0.0509744682459,0.175065659986
267,65490.5,65551.5,2038-03-08,2038-05-08,61.5,1.23194145393,0.00684123164104,0.997554012954
267,65616.5,65642.5,2038-07-12,2038-08-07,26.5,1.00916672822,0.0510991644486,1.39431228455
267,66130,66190.5,2039-12-08,2040-02-06,61,1.23473180431,0.00757202429615,0.426895340867
267,66255.5,66282,2040-04-11,2040-05-08,27,1.00614311515,0.0501339504705,1.79687674529
267,66769.5,66830,2041-09-07,2041-11-07,61,1.23398371663,0.00747741822215,1.55504852504
267,66895,66921.5,2042-01-11,2042-02-06,27,1.00700001587,0.0502592827571,1.15427184776
267,67409,67469.5,2043-06-09,2043-08-08,61,1.2332352727,0.00738279829564,1.76681143989
267,67534.5,67561,2043-10-12,2043-11-08,27,1.00785648788,0.0503845201007,0.214508063103
268,63063.5,63102,2031-07-16,2031-08-24,39,1.03343037752,0.000829259380958,0.173114693053
268,64325.5,64364,2034-12-29,2035-02-06,39,1.03262026636,0.000311789692408,1.97335447795
268,65587,65625.5,2038-06-13,2038-07-21,39,1.03325129957,0.00115083936617,0.3873920909
268,66848.5,66887.5,2041-11-25,2042-01-03,39.5,1.03339755402,9.7918594058e-06,1.82357546758
269,62546.5,62592,2030-02-14,2030-04-01,46,0.883122472372,0.000393322362909,0.957909701866
269,62796,62852.5,2030-10-22,2030-12-17,57,1.087568827,0.000260485514806,1.77952681034
269,62937.5,62983,2031-03-12,2031-04-27,46,0.883467040368,0.00078661215535,1.29050447913
269,63186.5,63243.5,2031-11-16,2032-01-12,57.5,1.0881705519,0.0005773337979,1.90932690909
269,63328,63374,2032-04-06,2032-05-22,46.5,0.882910962952,0.00106820220528,1.55115943793
269,63577.5,63634,2032-12-11,2033-02-06,57,1.08889012899,0.000894181076291,1.94982980521
269,63719,63765,2033-05-02,2033-06-17,46.5,0.883254851568,0.000674914159042,1.72040954344
269,63968.5,64025,2034-01-06,2034-03-04,57,1.08853481833,0.000600122352997,1.89498481571
269,64110,64156,2034-05-28,2034-07-13,46.5,0.883599080319,0.00028162386586,1.80241929896
269,64359.5,64416,2035-02-01,2035-03-30,57,1.08817932617,0.000283274122616,1.75130319379
269,64501,64546.5,2035-06-23,2035-08-07,46,0.882875919127,0.000111667363908,1.80399254889
269,64750.5,64807,2036-02-27,2036-04-24,57,1.08782365298,3.3574599261e-05,1.52760777557
269,64892,64937.5,2036-07-18,2036-09-01,46,0.88322024383,0.000504958223146,1.72585328998
269,65141.5,65198,2037-03-24,2037-05-20,57,1.08746779927,0.000350423262725,1.23616115333
269,65283,65328.5,2037-08-13,2037-09-27,46,0.883564908044,0.000898247407962,1.57155036807
269,65532,65588.5,2038-04-19,2038-06-14,57,1.08914447259,0.000667271316763,0.891981731269
269,65673.5,65719.5,2038-09-07,2038-10-23,46.5,0.883008541395,0.000956567334683,1.34395673138
269,65923,65979.5,2039-05-15,2039-07-10,57,1.08878929221,0.000827032313025,0.509142468616
269,66064.5,66110.5,2039-10-03,2039-11-18,46.5,0.883352526711,0.00056327851727,1.05982915031
269,66314,66370.5,2040-06-09,2040-08-04,57,1.08843392998,0.000510184771945,0.107216110096
269,66455.5,66501.5,2040-10-28,2040-12-13,46.5,0.883696851738,0.000169987825196,0.731062291332
269,66705,66761.5,2041-07-05,2041-08-30,57,1.08807838638,0.000193336346222,0.287178099501
269,66846.5,66892,2041-11-23,2042-01-08,46,0.882973621417,0.000223303432113,0.389035999646
269,67096,67152.5,2042-07-31,2042-09-25,57,1.08772266191,0.000123512415012,0.686108655542
269,67237.5,67283,2042-12-19,2043-02-03,46,0.883318042643,0.000616593948447,0.108774634945
269,67487,67543.5,2043-08-26,2043-10-21,57,1.08736675704,0.000440360961543,1.09667686724
269,67628.5,67674,2044-01-14,2044-02-29,46,0.883662802955,0.00100988242085,0.351335698788
269,67877.5,67934,2044-09-19,2044-11-15,57,1.08904367282,0.000757208742046,1.41861343274
270,62821,62905.5,2030-11-16,2031-02-08,85,0.942234126319,0.00014056484311,0.0788751602281
270,63569,63653.5,2032-12-03,2033-02-25,85,0.942980734832,0.000560912714443,0.120962752402
270,64317.5,64402,2034-12-21,2035-03-16,85,0.942629617854,0.000337574627138,0.326987569647
270,65066,65150.5,2037-01-08,2037-04-02,85,0.942281706766,8.27745455685e-05,0.589739555365
270,65814,65898.5,2039-01-26,2039-04-20,85,0.943029257374,0.000503122870153,0.847260693311
270,66562.5,66647,2041-02-12,2041-05-08,85,0.942677699991,0.000395364721087,1.08640388851
270,67311,67395.5,2043-03-03,2043-05-26,85,0.942329347891,2.49842320164e-05,1.30336326007
271,63172.5,63208,2031-11-02,2031-12-08,36,0.991353003943,0.00100807148484,0.354180471401
271,64026,64061.5,2034-03-05,2034-04-09,36,0.991365635318,0.000949765000599,1.88005711157
271,64879.5,64915,2036-07-05,2036-08-10,36,0.991378280446,0.00089145848477,1.47719685698
271,65733,65768.5,2038-11-06,2038-12-11,36,0.991390939324,0.000833151939292,0.357717032645
271,66586.5,66622,2041-03-08,2041-04-13,36,0.991403611954,0.000774845366096,1.88125581211
271,67440,67475.5,2043-07-10,2043-08-14,36,0.991416298333,0.000716538767139,1.47474653261
272,62502,62526.5,2030-01-01,2030-01-25,25,1.56473674574,0.00425087475227,1.58230804106
272,62589.5,62703,2030-03-29,2030-07-21,114,1.30000945934,0.0361324761895,1.81440575909
272,62779,62892.5,2030-10-05,2031-01-26,114,1.3012039805,6.01201367926e-05,0.571852419158
272,62955.5,63069,2031-03-30,2031-07-22,114,1.29927297311,0.0361621979551,1.81291633174
272,63145,63258.5,2031-10-06,2032-01-27,114,1.30193776356,1.6595341435e-05,0.573834986964
272,63321,63434.5,2032-03-30,2032-07-21,114,1.30204508278,0.036049959133,1.81771539734
272,63510.5,63624,2032-10-05,2033-01-27,114,1.29916508542,2.69294706696e-05,0.575822558223
272,63687,63800.5,2033-03-31,2033-07-22,114,1.30131145037,0.03607976036,1.81622340763
272,63876.5,63990,2033-10-06,2034-01-28,114,1.29990172248,7.04542556462e-05,0.577781321198
272,64053,64166.5,2034-04-01,2034-07-23,114,1.30057678855,0.0361095329458,1.81472917211
272,64242.5,64356,2034-10-07,2035-01-29,114,1.30063732931,9.36896538452e-05,0.579753455454
272,64419,64532.5,2035-04-02,2035-07-24,114,1.2998410969,0.0361392768543,1.81323271746
272,64608.5,64722,2035-10-08,2036-01-30,114,1.30137190633,5.0164901432e-05,0.581738870175
272,64785,64898.5,2036-04-02,2036-07-24,114,1.29910437498,0.0361689920492,1.81173407047
272,64974.5,65088,2036-10-08,2037-01-30,114,1.30210545399,6.64009836909e-06,0.583702271413
272,65150.5,65264,2037-04-02,2037-07-25,114,1.30187737297,0.0360567779638,1.81651250845
272,65340,65453.5,2037-10-09,2038-01-30,114,1.29933366414,3.68847113976e-05,0.585663963111
272,65516.5,65630,2038-04-03,2038-07-26,114,1.30114350515,0.036086572643,1.81501119715
272,65706,65819.5,2038-10-10,2039-01-31,114,1.30007006552,8.04094840135e-05,0.587638908831
272,65882.5,65996,2039-04-04,2039-07-27,114,1.30040860782,0.0361163386728,1.81350769937
272,66072,66185.5,2039-10-11,2040-02-01,114,1.30080543677,8.37344313008e-05,0.589615159429
272,66248.5,66362,2040-04-04,2040-07-27,114,1.29967268056,0.0361460760169,1.81200204198
272,66438,66551.5,2040-10-11,2041-02-01,114,1.30153977831,4.02096634214e-05,0.591566398838
272,66614.5,66728,2041-04-05,2041-07-28,114,1.29893572292,0.0361757846392,1.81049425194
272,66803.5,66917.5,2041-10-11,2042-02-02,114.5,1.30008039935,3.31514504769e-06,0.593530866505
272,66980,67093.5,2042-04-06,2042-07-28,114,1.30170960933,0.0360635952977,1.81525181853
272,67169.5,67283,2042-10-12,2043-02-03,114,1.29950218895,4.6839950182e-05,0.595508474367
272,67346,67459.5,2043-04-07,2043-07-29,114,1.30097550607,0.0360933834272,1.81374126191
272,67535.5,67649,2043-10-13,2044-02-04,114,1.30023835467,9.03647081472e-05,0.597460651655
272,67712,67825.5,2044-04-07,2044-07-29,114,1.3002403732,0.036123142899,1.81222857832
272,67901.5,67980.75,2044-10-13,2044-12-31,79.75,1.19577652257,7.37792043306e-05,0.599414631521
273,62576,62652,2030-03-16,2030-05-31,76.5,1.05846039892,0.000210023551398,1.78353680438
273,62724.5,62761,2030-08-11,2030-09-17,37,0.912238998068,0.000290166048788,1.29620977785
273,62986,63062,2031-04-30,2031-07-15,76.5,1.05764247769,0.000190527031266,1.83354113897
273,63134,63171,2031-09-25,2031-11-01,37.5,0.911612296931,0.000218546557862,1.66330586783
273,63395.5,63472,2032-06-12,2032-08-28,77,1.05817677175,0.00059107666686,1.63496900329
273,63544,63581,2032-11-08,2032-12-15,37.5,0.912488615729,0.000727256948964,1.79272807489
273,63805.5,63881.5,2033-07-27,2033-10-11,76.5,1.05885837808,0.000404987810018,1.20810337952
273,63954,63990.5,2033-12-23,2034-01-28,37,0.911812154951,0.000537776737021,1.66863876627
273,64215.5,64291.5,2034-09-10,2034-11-25,76.5,1.05804064082,4.437485883e-06,0.576371436385
273,64364,64400.5,2035-02-06,2035-03-14,37,0.912689191146,2.90649214744e-05,1.30505002396
273,64625,64701.5,2035-10-25,2036-01-09,77,1.05857452571,0.000396112859474,0.173042757649
273,64773.5,64810.5,2036-03-21,2036-04-27,37.5,0.912062027899,0.000479647192119,0.761060415128
273,65035,65111,2036-12-08,2037-02-22,76.5,1.05925626697,0.000599951593829,0.806832390605
273,65183.5,65220,2037-05-05,2037-06-11,37,0.911385401245,0.000785386126121,0.215495291072
273,65445,65521,2038-01-22,2038-04-08,76.5,1.05843871465,0.00019940199786,1.35855963933
273,65593.5,65630,2038-06-19,2038-07-26,37,0.912262254793,0.000276676330673,0.513282028754
273,65855,65931,2039-03-08,2039-05-23,76.5,1.05762078342,0.000201148585375,1.71986716213
273,66003,66040,2039-08-03,2039-09-09,37.5,0.91163552972,0.000232036283849,1.1426830457
273,66264.5,66341,2040-04-20,2040-07-06,77,1.05815509978,0.000601698168724,1.84385510052
273,66413,66450,2040-09-16,2040-10-23,37.5,0.912511858553,0.000740746546089,1.58022868261
273,66674.5,66750.5,2041-06-04,2041-08-19,76.5,1.05883669872,0.000394366275795,1.71940027458
273,66823,66859.5,2041-10-31,2041-12-06,37,0.911835406833,0.000524287072453,1.78117941979
273,67084.5,67160.5,2042-07-19,2042-10-03,76.5,1.05801895141,6.18407452693e-06,1.35690073659
273,67233,67269.5,2042-12-15,2043-01-20,37,0.912712452921,1.55751821904e-05,1.73291214608
273,67494,67570.5,2043-09-02,2043-11-17,77,1.05855285859,0.00040673439338,0.779072697083
273,67642.5,67679.5,2044-01-28,2044-03-05,37.5,0.912085265866,0.000493136868991,1.43162288333
273,67904,67980,2044-10-16,2044-12-31,76.5,1.05923459254,0.000589330091347,0.0637198648755
274,62900.5,62964.5,2031-02-03,2031-04-08,64.5,1.01666974172,0.000466133277185,1.86418948629
274,63888.5,63953,2033-10-18,2033-12-22,65,1.01664476629,0.000621627033178,1.40400251385
274,64876.5,64941,2036-07-02,2036-09-05,65,1.01733563648,8.38458017064e-05,0.0343677348839
274,65865,65929,2039-03-18,2039-05-21,64.5,1.01665404635,0.000453936116607,1.60312710795
274,66853,66917.5,2041-11-30,2042-02-02,65,1.01662913497,0.000633824162165,1.75395499859
274,67841,67905.5,2044-08-14,2044-10-17,65,1.0173199309,9.60429972939e-05,0.415757956728
275,62723,62749,2030-08-10,2030-09-05,26.5,1.04015989449,0.000365467844308,1.94345284202
275,63886,63911.5,2033-10-16,2033-11-10,26,1.03867653124,0.000838720276904,1.78216097272
275,65049,65074.5,2036-12-22,2037-01-16,26,1.03912794932,0.00131197186936,1.06334325057
275,66212,66237.5,2040-02-28,2040-03-24,26,1.03957971761,0.0017852221493,0.0358193652918
275,67375,67400.5,2043-05-06,2043-05-31,26,1.04003183521,0.00158715216547,1.05841996317
276,63001.5,63087.5,2031-05-15,2031-08-09,86.5,1.03063083008,0.000535299488824,1.20245521255
276,64325,64410.5,2034-12-29,2035-03-24,86,1.0299867117,0.000195488917724,1.8186371158
276,65648,65734,2038-08-13,2038-11-07,86.5,1.03043884126,0.000339755176135,0.0609857339627
276,66971.5,67057.5,2042-03-28,2042-06-22,86.5,1.03096636091,0.00039103372984,1.77105374621
277,62778,62792,2030-10-04,2030-10-18,14.5,0.961797751346,0.00168511940112,0.735362755451
277,63856.5,63870,2033-09-16,2033-09-30,14,0.961701101911,0.00288794493675,1.02181153532
277,64934.5,64948.5,2036-08-29,2036-09-12,14.5,0.961807747057,0.000423823015154,1.28007252917
277,66013,66026.5,2039-08-13,2039-08-26,14,0.961713010501,0.0020403032471,1.50403346128
277,67091.5,67105,2042-07-26,2042-08-09,14,0.961699471702,0.00253276225189,1.68864601384
278,62725.5,62773.5,2030-08-12,2030-09-29,48.5,1.22599964824,0.000323395640291,0.463686852018
278,64025.5,64073.5,2034-03-04,2034-04-21,48.5,1.22448064229,0.000375877688797,1.63349127614
278,65325.5,65373.5,2037-09-24,2037-11-11,48.5,1.22296053794,0.000217583534892,0.993591461069
278,66625.5,66674,2041-04-16,2041-06-04,49,1.2253009514,5.92888081794e-05,1.29396503401
278,67926,67974,2044-11-07,2044-12-25,48.5,1.22815102912,9.90060751547e-05,1.43350893541
279,62710.5,62787.5,2030-07-28,2030-10-13,77.5,1.20304244612,6.95043895284e-05,0.372830199364
279,62843.5,62900,2030-12-08,2031-02-03,57,1.09499320603,0.000495090537762,1.25192970847
279,63651,63728,2033-02-23,2033-05-11,77.5,1.20276257989,0.000116276494284,1.80953256174
279,63784,63840.5,2033-07-06,2033-08-31,57,1.09527815401,0.000429812577244,1.56623205967
279,64591.5,64668.5,2035-09-21,2035-12-07,77.5,1.20248271525,0.000163048587122,0.435322602431
279,64724.5,64781,2036-02-01,2036-03-29,57,1.09556311422,0.000364534496429,0.569834590758
279,65531.5,65609,2038-04-18,2038-07-05,78,1.20475158777,0.000209820663236,1.6357594532
279,65665,65721.5,2038-08-30,2038-10-25,57,1.09584808659,0.000299256313681,1.8040124466
279,66472,66549.5,2040-11-14,2041-01-30,78,1.20447188599,0.000256592717817,1.13503141217
279,66605.5,66662,2041-03-27,2041-05-23,57,1.09613307104,0.000233978047331,0.203416734111
279,67412.5,67490,2043-06-12,2043-08-29,78,1.20419218578,0.000303364746047,1.14800003501
279,67546,67602.5,2043-10-24,2043-12-19,57,1.09641806752,0.000168699715674,1.69845235689
280,62807,62822.5,2030-11-02,2030-11-17,16,0.941183722776,0.00136360339867,1.67093837695
280,63471.5,63487,2032-08-27,2032-09-12,16,0.941605128262,0.00170629149439,1.93785995605
280,64135.5,64151,2034-06-22,2034-07-08,16,0.941190991641,0.00141797697158,1.58934755583
280,64800,64815.5,2036-04-17,2036-05-02,16,0.941612529625,0.00165191797744,0.73381868348
280,65464,65479.5,2038-02-10,2038-02-25,16,0.941198262815,0.00147235053478,0.382724053986
280,66128.5,66144,2039-12-06,2039-12-22,16,0.94161993329,0.00159754444916,1.36945854122
280,66792.5,66808,2041-09-30,2041-10-16,16,0.941205536298,0.00152672408789,1.89783440351
280,67457,67472.5,2043-07-27,2043-08-11,16,0.941627339259,0.0015431709099,1.81344491776
281,62524.5,62556,2030-01-23,2030-02-24,32,0.960554475765,0.000377650317388,0.958344597932
281,62923,62952,2031-02-26,2031-03-27,29.5,0.924688286777,0.000931497777841,1.71185487427
281,63023.5,63055.5,2031-06-06,2031-07-08,32.5,0.961279108738,0.000660488633366,1.05170457262
281,63422.5,63451,2032-07-09,2032-08-07,29,0.923947426946,0.00129070885836,1.26441237894
281,63523,63554.5,2032-10-18,2032-11-18,32,0.962012217091,0.00146121065831,1.80319052577
281,63921.5,63950.5,2033-11-20,2033-12-19,29.5,0.923231488908,0.000203394996183,0.698695518826
281,64022,64053.5,2034-03-01,2034-04-01,32,0.960615587433,0.000423075437115,0.479761542768
281,64420.5,64449.5,2035-04-03,2035-05-02,29.5,0.924627207346,0.000883920969842,1.80657333847
281,64521,64553,2035-07-13,2035-08-14,32.5,0.961340192382,0.00061506356034,1.43301739469
281,64920,64948.5,2036-08-15,2036-09-12,29,0.923886323944,0.00133828547738,0.828085631755
281,65020.5,65052,2036-11-23,2036-12-25,32,0.962073328032,0.00150663539429,1.63654228756
281,65419,65448,2037-12-27,2038-01-25,29.5,0.9231704255,0.00025097196368,1.14879965232
281,65519.5,65551,2038-04-06,2038-05-08,32,0.960676699083,0.000468500549603,0.07487711241
281,65918,65947,2039-05-10,2039-06-08,29.5,0.92456612857,0.00083634414449,1.74834321332
281,66018.5,66050.5,2039-08-18,2039-09-19,32.5,0.961401276007,0.000569638476735,1.69576099673
281,66417,66446,2040-09-20,2040-10-19,29.5,0.925962174975,0.00138586206988,0.296988696216
281,66518,66549.5,2040-12-30,2041-01-30,32,0.962134438929,0.00155206010461,1.32553303772
281,66916.5,66945.5,2042-02-01,2042-03-02,29.5,0.92310936278,0.000298548926226,1.50555176558
281,67017,67048.5,2042-05-13,2042-06-13,32,0.960737810715,0.000513925654067,0.628187483045
281,67415.5,67444.5,2043-06-15,2043-07-14,29.5,0.924505050453,0.000788767302715,1.54538924146
281,67516,67548,2043-09-24,2043-10-26,32.5,0.96146235961,0.000524213383344,1.81857444378
281,67914.5,67943.5,2044-10-26,2044-11-24,29.5,0.925901082177,0.0014334386349,0.289005384315
282,62722,62740,2030-08-09,2030-08-27,18.5,1.02342306108,0.000489901828353,1.9933196473
282,64491,64508.5,2035-06-13,2035-06-30,18,1.02321441627,0.00246278233484,1.7876075
282,66259.5,66277.5,2040-04-15,2040-05-03,18.5,1.02324779807,8.8880156961e-05,1.12822861907
283,62581.5,62661.5,2030-03-21,2030-06-09,80.5,1.07013335472,0.000514067749603,1.0909302227
283,63186.5,63193.5,2031-11-16,2031-11-23,7.5,1.57951562409,0.0904498042281,1.72294373623
283,63322,63401.5,2032-03-31,2032-06-18,80,1.07051509894,0.000643501977541,0.970563993192
283,63926.5,63934,2033-11-25,2033-12-03,8,1.57851724895,0.0903624533784,1.57985519193
283,64062,64141.5,2034-04-10,2034-06-28,80,1.0702816185,0.000464861757333,0.843993151259
283,64666.5,64674,2035-12-05,2035-12-13,8,1.57887969211,0.0902750732913,1.437418576
283,64802,64881.5,2036-04-19,2036-07-07,80,1.07004847641,0.000286221010175,0.713616168912
283,65406.5,65414,2037-12-14,2037-12-22,8,1.57924205953,0.0901876640148,1.29101078068
283,65542,65621.5,2038-04-29,2038-07-17,80,1.06981567304,0.000107579938329,0.580447849624
283,66146.5,66154,2039-12-24,2040-01-01,8,1.57960435114,0.0901002255967,1.14308679086
283,66282,66361.5,2040-05-08,2040-07-26,80,1.06958320881,7.10612556308e-05,0.445851640098
283,66887,66894,2042-01-03,2042-01-10,7.5,1.57861698688,0.0906662966818,0.997098915201
283,67022,67102,2042-05-18,2042-08-06,80.5,1.0704776128,0.000249702368824,0.312288095747
283,67627,67634,2044-01-13,2044-01-20,7.5,1.57897941539,0.0905790185439,0.858199867397
283,67762,67842,2044-05-27,2044-08-15,80.5,1.07024490462,0.000428343198061,0.187166178805
284,62599.5,62694.5,2030-04-08,2030-07-12,95.5,1.16491807667,0.000115952836546,0.684829793003
284,62717,62812.5,2030-08-04,2030-11-07,96,1.16525375113,1.04522902459e-06,1.09814379564
284,63698.5,63793.5,2033-04-11,2033-07-15,95.5,1.16374850222,4.93631094351e-05,0.659901800465
284,63816,63911,2033-08-07,2033-11-10,95.5,1.16414800845,6.83841669269e-05,1.08079089616
284,64797,64892.5,2036-04-14,2036-07-18,96,1.16485448987,1.72267541909e-05,0.634821326351
284,64915,65010,2036-08-10,2036-11-13,95.5,1.16531798678,0.000105081285708,1.06326467748
284,65896,65991,2039-04-18,2039-07-22,95.5,1.16559229458,8.38165698957e-05,0.609594127675
284,66013.5,66109,2039-08-13,2039-11-17,96,1.1645807865,3.77424311097e-05,1.03999786249
284,66995,67090,2042-04-21,2042-07-25,95.5,1.16442203989,8.77192342378e-05,0.584226190189
284,67112.5,67207.5,2042-08-16,2042-11-19,95.5,1.16347463087,2.95965320511e-05,1.02212863867
285,62614.5,62632,2030-04-23,2030-05-11,18,1.04573119612,0.0026463253429,1.96233694833
285,63501.5,63519,2032-09-26,2032-10-14,18,1.04531738135,0.00198888923489,0.102306490004
285,64388.5,64406,2035-03-02,2035-03-20,18,1.044904263,0.0010163816898,1.92927865742
285,65276,65293,2037-08-06,2037-08-23,17.5,1.04561446849,4.38721626283e-05,0.990567893271
285,66163,66180.5,2040-01-10,2040-01-27,18,1.04646379215,0.000928637449849,1.47216960385
285,67050,67067.5,2042-06-15,2042-07-02,18,1.04604875128,0.00190114524626,1.66031096705
285,67937,67954.5,2044-11-18,2044-12-05,18,1.04563440396,0.00273406903475,0.689329505178
286,62557,62638,2030-02-25,2030-05-17,81.5,1.2466745533,0.000141459337869,0.761977482446
286,62918.5,62980,2031-02-21,2031-04-24,62,0.945142946249,0.000597905900696,1.46435237145
286,63055,63136,2031-07-08,2031-09-27,81.5,1.24713587103,8.37193308063e-05,1.21786149611
286,63416.5,63478,2032-07-03,2032-09-03,62,0.944710657177,0.00081309540281,1.61569969018
286,63552.5,63634,2032-11-16,2033-02-06,82,1.24620548117,0.00030889790292,1.97147083911
286,63914.5,63976,2033-11-13,2034-01-14,62,0.944278814572,0.000511749437123,0.221094423225
286,64050.5,64132,2034-03-29,2034-06-19,82,1.24666677041,0.000534076119025,0.394202759008
286,64412.5,64474,2035-03-26,2035-05-27,62,0.943847420148,0.000210402059286,1.69355182393
286,64548.5,64630,2035-08-09,2035-10-30,82,1.24712789235,0.000520279395215,1.58707449893
286,64910,64972,2036-08-05,2036-10-06,62.5,0.944784600608,9.09458999019e-05,1.30999251417
286,65046.5,65127.5,2036-12-19,2037-03-10,81.5,1.2463596948,0.000295101151097,1.79531534664
286,65408,65469.5,2037-12-16,2038-02-15,62,0.945438157217,0.000392293607123,0.598286097533
286,65544.5,65625.5,2038-05-01,2038-07-21,81.5,1.24682112705,6.99225657432e-05,0.137146042051
286,65906,65967.5,2039-04-28,2039-06-28,62,0.945005564498,0.000693640226536,1.81207413249
286,66042.5,66123.5,2039-09-11,2039-12-01,81.5,1.2472823914,0.00015525610041,1.85385607922
286,66404,66465.5,2040-09-07,2040-11-07,62,0.944573417078,0.000717361319294,0.897005327724
286,66540,66621.5,2041-01-21,2041-04-12,82,1.24635204578,0.000380434587514,1.4292895074
286,66902,66963.5,2042-01-18,2042-03-20,62,0.944141716669,0.000416014815091,1.01563790822
286,67038,67119.5,2042-06-03,2042-08-23,82,1.24681328192,0.000605612636308,0.619046998626
286,67400,67461.5,2043-05-31,2043-07-31,62,0.943710464986,0.000114667162405,1.80910077984
286,67536,67617.5,2043-10-14,2044-01-03,82,1.24727435062,0.000448742805478,1.99424117256
286,67897.5,67959.5,2044-10-09,2044-12-10,62.5,0.944647574246,0.000186680807172,0.408528772955
287,62502,62519,2030-01-01,2030-01-18,17.5,1.07003739038,0.0388273267991,0.121000092275
287,64186,64241,2034-08-12,2034-10-06,55.5,1.02796409508,3.21335420225e-05,1.45728125526
287,65908,65963,2039-04-30,2039-06-24,55.5,1.02799434629,0.000105180161574,1.98297958827
287,67630,67685,2044-01-16,2044-03-11,55.5,1.0280246625,0.000178226769303,0.885830473485
288,62732,62798,2030-08-19,2030-10-24,66.5,1.01275637705,7.75115607107e-05,1.32373974504
288,63350,63416,2032-04-28,2032-07-03,66.5,1.01212177207,0.000395604230303,1.97657795988
288,63968.5,64034.5,2034-01-06,2034-03-13,66.5,1.01227982733,0.000713695713754,0.865510065258
288,64587,64653,2035-09-17,2035-11-22,66.5,1.01243867693,0.000553967687106,0.958925591125
288,65205.5,65271.5,2037-05-27,2037-08-01,66.5,1.01259832017,0.000235875489648,1.98212312799
288,65824,65890,2039-02-05,2039-04-12,66.5,1.01275875631,8.22174159183e-05,1.25819280898
288,66442,66508,2040-10-15,2040-12-20,66.5,1.01212410454,0.000400310074913,0.545690845933
288,67060.5,67126.5,2042-06-25,2042-08-30,66.5,1.01228217155,0.000718401533661,1.88436105116
288,67679,67745,2044-03-05,2044-05-10,66.5,1.01244103291,0.000549261852697,1.58076037758
289,63224.5,63315.5,2031-12-24,2032-03-24,91.5,1.18292988514,0.000266975163904,1.51335601638
289,63352,63443,2032-04-30,2032-07-30,91.5,1.18138368541,5.52958758843e-05,1.16073926665
289,64194,64285,2034-08-20,2034-11-19,91.5,1.18195290158,9.1820703987e-05,0.096442537104
289,64321.5,64412.5,2034-12-25,2035-03-26,91.5,1.18236039051,0.000235417600703,0.715609434392
289,65163.5,65254.5,2037-04-15,2037-07-15,91.5,1.18097639662,8.33339404232e-05,1.70748186068
289,65291,65382,2037-08-21,2037-11-20,91.5,1.18333757252,0.000390882975515,1.81049433167
289,66132.5,66223.5,2039-12-10,2040-03-10,91.5,1.18437385266,0.000258488416662,1.34441901422
289,66260.5,66351.5,2040-04-16,2040-07-16,91.5,1.18431522742,0.00021076167442,0.912418825722
289,67102,67193,2042-08-06,2042-11-05,91.5,1.18339616953,0.000350540843734,0.398035854534
289,67230,67320.5,2042-12-12,2043-03-12,91,1.18301100604,3.0639910146e-05,0.963137278391
290,63158.5,63206.5,2031-10-19,2031-12-06,48.5,1.06496955712,0.000370112447739,1.69645352164
290,63259.5,63332,2032-01-28,2032-04-10,73,1.19837734384,0.000235585001583,1.75757151197
290,64380.5,64429,2035-02-22,2035-04-12,49,1.063783667,8.43957697956e-06,0.189498776877
290,64481.5,64554,2035-06-03,2035-08-15,73,1.19687079494,0.000305950259205,1.1361198118
290,65603,65651,2038-06-29,2038-08-16,48.5,1.06248513237,0.000353233365213,1.43053847883
290,65704,65776.5,2038-10-08,2038-12-19,73,1.20084116273,0.000100436484794,0.633448991009
290,66825,66873,2041-11-02,2041-12-20,48.5,1.06400441257,0.000599784384867,1.64525966234
290,66926,66998.5,2042-02-11,2042-04-24,73,1.19933418606,0.000105077439911,1.77784526126
291,62739,62840.5,2030-08-26,2030-12-05,102,1.15628937459,0.0182171574016,0.0525478507165
291,62855,62957,2030-12-20,2031-04-01,102.5,1.15594561933,4.37251052503e-05,0.444286464566
291,63773,63874.5,2033-06-25,2033-10-04,102,1.15585757722,0.0182527184737,1.03305952351
291,63889,63990.5,2033-10-19,2034-01-28,102,1.1541998174,0.000112088846497,1.27897486383
291,64807,64908.5,2036-04-24,2036-08-03,102,1.15542597803,0.018288275534,1.69722782966
291,64923,65024.5,2036-08-18,2036-11-27,102,1.15463085043,0.000180452479541,1.76013909334
291,65841,65942.5,2039-02-22,2039-06-03,102,1.1549945775,0.0183238285709,1.7866033981
291,65957,66058.5,2039-06-18,2039-09-27,102,1.15506208301,0.000248815938614,1.74422265534
291,66875,66976.5,2041-12-22,2042-04-02,102,1.15456337611,0.0183593775731,1.36412231774
291,66991,67092.5,2042-04-17,2042-07-27,102,1.15549351467,0.000303715984064,1.14864568516
291,67909,67980.75,2044-10-21,2044-12-31,72.25,1.27268334995,0.0183949225291,0.801558011216
292,62593,62710,2030-04-02,2030-07-28,117.5,1.21350903678,0.00157691090986,1.8184868772
292,62760.5,62877.5,2030-09-16,2031-01-11,117.5,1.21454889971,0.000555676424072,1.6754117237
292,63164,63281,2031-10-25,2032-02-19,117.5,1.21525270563,0.00182847277743,0.388075237292
292,63331.5,63449,2032-04-09,2032-08-05,118,1.21444461839,0.000437522377922,0.351442230968
292,63735.5,63852.5,2033-05-18,2033-09-12,117.5,1.21359656267,0.00158953954723,1.69691460347
292,63903,64020,2033-11-02,2034-02-27,117.5,1.21446137665,0.000561920525975,1.7958043521
292,64306.5,64424,2034-12-10,2035-04-07,118,1.21358059242,0.00135055210876,1.00712188575
292,64474,64591.5,2035-05-27,2035-09-21,118,1.21435717463,0.000443766593219,0.282957789861
292,64878,64995,2036-07-04,2036-10-29,117.5,1.21368408832,0.00160216803319,1.31670056469
292,65045.5,65162.5,2036-12-18,2037-04-14,117.5,1.21437385331,0.000568164621131,1.64886651924
292,65449,65566.5,2038-01-26,2038-05-23,118,1.21366803814,0.00136318326198,1.49866153467
292,65616.5,65734,2038-07-12,2038-11-07,118,1.21426973063,0.0004500108032,0.981715602077
292,66020.5,66137.5,2039-08-20,2039-12-15,117.5,1.21377161372,0.00161479636657,0.690213077843
292,66188,66305,2040-02-04,2040-05-31,117.5,1.2142863297,0.000574408709464,1.25268328408
292,66591.5,66709,2041-03-13,2041-07-09,118,1.21375548365,0.00137581428473,1.77333432497
292,66759,66876.5,2041-08-28,2041-12-23,118,1.21418228641,0.00045625500779,1.50277247258
292,67163,67280,2042-10-06,2043-01-31,117.5,1.21385913887,0.00162742454621,0.0814152517086
292,67330.5,67447.5,2043-03-22,2043-07-17,117.5,1.21419880581,0.000580652790899,0.68038225291
292,67734,67851.5,2044-04-29,2044-08-24,118,1.21384292896,0.00138844517583,1.79450526563
292,67901.5,67980.75,2044-10-13,2044-12-31,79.75,1.08221893127,0.0185851690657,1.76179863434
293,62547,62615.5,2030-02-15,2030-04-24,69,1.25214704838,0.0330260810401,0.121563444168
293,62844.5,62913,2030-12-09,2031-02-16,69,1.25148117182,1.17668631892e-05,1.34643081973
293,62976.5,63045,2031-04-20,2031-06-28,69,1.25162710064,0.0329934451535,1.02602225311
293,63274,63342.5,2032-02-12,2032-04-20,69,1.25200119662,8.69046043477e-06,0.554761561497
293,63406,63474.5,2032-06-23,2032-08-30,69,1.2511068782,0.0329607713946,1.64902263191
293,63703.5,63772,2033-04-16,2033-06-24,69,1.25252094686,2.91477785246e-05,0.400517489073
293,63835.5,63904.5,2033-08-26,2033-11-03,69.5,1.25310014359,0.0329280596927,1.80848345592
293,64133,64201.5,2034-06-20,2034-08-27,69,1.25304042273,4.96050780804e-05,1.2801241174
293,64265,64334,2034-10-30,2035-01-07,69.5,1.25258064759,0.0328953099774,1.45368419139
293,64562.5,64631,2035-08-23,2035-10-31,69,1.25355962444,7.0062346155e-05,1.74564165923
293,64694.5,64763.5,2036-01-02,2036-03-11,69.5,1.25206087704,0.0328625221777,0.579160543392
293,64992,65060.5,2036-10-26,2037-01-02,69,1.25407855216,9.05195698528e-05,1.70734387108
293,65124,65193,2037-03-07,2037-05-15,69.5,1.25154083175,0.0328296962227,0.378405288322
293,65421.5,65490.5,2037-12-29,2038-03-08,69.5,1.25132878828,0.000110976736331,1.15884351776
293,65554,65622.5,2038-05-11,2038-07-18,69,1.25428998272,0.0331603709324,1.23162206605
293,65851,65920,2039-03-04,2039-05-12,69.5,1.25184894561,9.61944860239e-05,0.311609978566
293,65983.5,66052,2039-07-14,2039-09-21,69,1.25377116661,0.0331278906062,1.74474172425
293,66280.5,66349.5,2040-05-06,2040-07-14,69.5,1.25236882811,7.57372782409e-05,0.609494152458
293,66413,66481.5,2040-09-16,2040-11-23,69,1.2532520766,0.0330953726959,1.76744768799
293,66710,66779,2041-07-10,2041-09-17,69.5,1.25288843599,5.52800217796e-05,1.44277501593
293,66842.5,66911,2041-11-19,2042-01-27,69,1.2527327125,0.0330628171318,1.24705191519
293,67140,67208.5,2042-09-13,2042-11-20,69,1.25089476255,3.48227298595e-05,1.78410145486
293,67272,67340.5,2043-01-23,2043-04-01,69,1.25221307411,0.0330302238443,0.358772570226
293,67569.5,67638,2043-11-16,2044-01-24,69,1.251415097,1.43654156464e-05,1.60371918281
293,67701.5,67770,2044-03-27,2044-06-04,69,1.25169316124,0.0329975927635,0.622680275856
294,62502,62630.5,2030-01-01,2030-05-09,129,0.977472315933,0.0151501402224,1.15278075654
294,62736,62882.5,2030-08-23,2031-01-16,147,0.962638035316,0.000202500244275,0.33571455581
294,62988,63135,2031-05-02,2031-09-26,147.5,0.962088061683,9.83478016766e-05,1.67330938833
294,63240,63387,2032-01-09,2032-06-04,147.5,0.962086616961,0.00016736942439,1.39683008757
294,63492.5,63639.5,2032-09-17,2033-02-11,147.5,0.962087896078,0.000133478768232,0.0775668309047
294,63744.5,63891.5,2033-05-27,2033-10-21,147.5,0.962087081298,0.000132238521582,1.4850236346
294,63997,64144,2034-02-04,2034-07-01,147.5,0.962087647188,0.000168609669039,1.60959912989
294,64249,64396,2034-10-14,2035-03-10,147.5,0.962087462349,9.71075532982e-05,0.200897735608
294,64501.5,64648.5,2035-06-23,2035-11-17,147.5,0.962087315013,0.00020374048685,1.22609216113
294,64753.5,64900.5,2036-03-01,2036-07-26,147.5,0.962087760115,6.19765369675e-05,1.74423033164
294,65006,65153,2036-11-09,2037-04-05,147.5,0.962086899551,0.000238871204439,0.59535178462
294,65258,65405,2037-07-19,2037-12-13,147.5,0.962087974595,2.68454899912e-05,0.908232904423
294,65510.5,65657,2038-03-28,2038-08-22,147,0.962637972606,0.000274001804603,1.79927449281
294,65762.5,65909.5,2038-12-05,2039-05-01,147.5,0.962088105789,8.2855702521e-06,0.957554726434
294,66015,66161.5,2039-08-15,2040-01-08,147,0.962638062244,0.000257430891758,0.536608876556
294,66267,66414,2040-04-23,2040-09-17,147.5,0.962088153698,4.34166264062e-05,1.74019481556
294,66519.5,66666,2040-12-31,2041-05-27,147,0.962638068515,0.000222300236563,1.26412665587
294,66771.5,66918.5,2041-09-09,2042-02-03,147.5,0.96208811832,7.85476611395e-05,0.144861455544
294,67024,67170.5,2042-05-20,2042-10-13,147,0.96263799142,0.000187169471113,1.59052886633
294,67276,67423,2043-01-27,2043-06-23,147.5,0.962087999657,0.000113678657141,1.51068664738
294,67528,67675,2043-10-06,2044-03-01,147.5,0.962086829835,0.000152038612893,0.0353163187808
294,67780.5,67927.5,2044-06-14,2044-11-08,147.5,0.962087797707,0.000148809597127,1.36528152396
295,62508.5,62555.5,2030-01-07,2030-02-23,47.5,1.0648751588,0.000606535697439,1.88686547397
295,63464,63511,2032-08-20,2032-10-06,47.5,1.06449150234,0.000590544218929,1.30928556433
295,64419,64466,2035-04-02,2035-05-19,47.5,1.06479867098,0.00036999041336,0.940933491731
295,65374.5,65421.5,2037-11-12,2037-12-29,47.5,1.06441670133,0.000827089078579,2.00286477348
295,66329.5,66376.5,2040-06-24,2040-08-10,47.5,1.06472251624,0.000133444848338,0.385217723607
295,67285,67331.5,2043-02-05,2043-03-23,47,1.064461853,0.00106363330945,1.71658595742
296,62537,62590,2030-02-05,2030-03-30,53.5,0.94424858867,0.000260567615435,0.805675419886
296,62722,62775,2030-08-09,2030-10-01,53.5,0.944121495759,0.000552587311725,1.64912761489
296,62907,62960,2031-02-10,2031-04-04,53.5,0.94399344541,0.000844605990645,0.748091706949
296,63092,63144.5,2031-08-14,2031-10-05,53,0.944669739699,0.000818337423196,1.68451499434
296,63277,63329.5,2032-02-15,2032-04-07,53,0.944543033301,0.000526318628982,0.691246925626
296,63461.5,63514.5,2032-08-17,2032-10-09,53.5,0.944461778636,0.000234298867198,1.71567998371
296,63646.5,63699.5,2033-02-18,2033-04-12,53.5,0.944336307916,5.77213254591e-05,0.632862958292
296,63831.5,63884.5,2033-08-22,2033-10-14,53.5,0.94420987999,0.000349741411883,1.74367213586
296,64016.5,64069.5,2034-02-23,2034-04-17,53.5,0.944082494722,0.000641760854559,0.574505086399
296,64201.5,64254.5,2034-08-27,2034-10-19,53.5,0.943954151974,0.000933779115554,1.76288441119
296,64386.5,64439,2035-02-28,2035-04-22,53,0.944631149,0.000729164112643,0.516815242489
296,64571.5,64624,2035-09-01,2035-10-24,53,0.944504150383,0.000437144966066,1.78289941965
296,64756,64809,2036-03-04,2036-04-26,53.5,0.944423565298,0.000145125015766,0.459148446196
296,64941,64994,2036-09-05,2036-10-28,53.5,0.944297802291,0.000146895201434,1.79779857374
296,65126,65179,2037-03-09,2037-05-01,53.5,0.944171082038,0.000438915148306,0.402024937014
296,65311,65364,2037-09-10,2037-11-02,53.5,0.9440434044,0.000730934287206,1.8104555357
296,65496,65549,2038-03-14,2038-05-06,53.5,0.94391476924,0.000932008949662,0.344865853278
296,65681,65733.5,2038-09-15,2038-11-06,53,0.944592469071,0.000639990677121,1.82401800646
296,65866,65918.5,2039-03-19,2039-05-10,53,0.944465178223,0.000347971228201,0.287987555693
296,66050.5,66103.5,2039-09-19,2039-11-11,53.5,0.944385262709,5.59511394439e-05,1.83219972031
296,66235.5,66288.5,2040-03-22,2040-05-14,53.5,0.944259207404,0.000236069052205,0.231830227551
296,66420.5,66473.5,2040-09-23,2040-11-15,53.5,0.944132194809,0.000528088809388,1.83807814289
296,66605.5,66658.5,2041-03-27,2041-05-19,53.5,0.944004224789,0.000820107594338,0.177066948285
296,66790.5,66843,2041-09-28,2041-11-20,53,0.944680326027,0.000842835820548,1.84495420039
296,66975.5,67028,2042-04-01,2042-05-24,53,0.944553699908,0.000550817131896,0.1247879803
296,67160,67213,2042-10-03,2042-11-25,53.5,0.944472261289,0.000258797430667,1.84624912643
296,67345,67398,2043-04-06,2043-05-29,53.5,0.944346870866,3.32227464774e-05,0.0773706159132
296,67530,67583,2043-10-08,2043-11-30,53.5,0.944220523249,0.000325242862465,1.84520872954
296,67715,67768,2044-04-10,2044-06-02,53.5,0.944093218301,0.000617262379813,0.0436645593016
296,67900,67953,2044-10-12,2044-12-04,53.5,0.943964955885,0.000909280760625,1.84183133259
297,62587,62622.5,2030-03-27,2030-05-01,36,0.951280942615,0.00105033005953,1.63347160756
297,62798.5,62834,2030-10-24,2030-11-29,36,0.951207091106,0.00102480809609,0.531109394135
297,63010.5,63045.5,2031-05-24,2031-06-28,35.5,0.951451513069,0.00024927148979,1.93600958955
297,63222,63257,2031-12-22,2032-01-26,35.5,0.951377298307,0.000526266669275,0.326180249422
297,63433.5,63469,2032-07-20,2032-08-25,36,0.951257244227,0.00130180154877,1.74979728071
297,63645,63680.5,2033-02-17,2033-03-24,36,0.951182657418,0.000773335857549,1.19300002454
297,63857,63892,2033-09-17,2033-10-22,35.5,0.95142769688,2.2017815224e-06,1.12491901763
297,64068.5,64103.5,2034-04-16,2034-05-21,35.5,0.951352746858,0.000777739406692,1.77832676441
297,64280,64315.5,2034-11-14,2034-12-19,36,0.951233307414,0.00129739802571,0.236734888012
297,64492,64527,2035-06-14,2035-07-19,35.5,0.951477060042,0.000521863112533,1.9368858404
297,64703.5,64738.5,2036-01-11,2036-02-15,35.5,0.95140364228,0.000253675051389,0.618661434029
297,64915,64950.5,2036-08-10,2036-09-14,36,0.951282921936,0.0010292116345,1.58958376119
297,65126.5,65162,2037-03-09,2037-04-14,36,0.951209132177,0.00104592652216,1.42095550954
297,65338.5,65373.5,2037-10-07,2037-11-11,35.5,0.951453502284,0.000270390025712,0.856980251429
297,65550,65585,2038-05-07,2038-06-11,35.5,0.951379349268,0.000505148155061,1.87855023126
297,65761.5,65797,2038-12-04,2039-01-09,36,0.95125924357,0.00128068318788,0.0355329893003
297,65973,66008.5,2039-07-04,2039-08-08,36,0.951184718512,0.000794454333652,1.87858141031
297,66185,66220,2040-02-01,2040-03-07,35.5,0.951429706117,1.89167617772e-05,0.902402155782
297,66396.5,66431.5,2040-08-30,2040-10-04,35.5,0.951354817841,0.000756620927771,1.39154014811
297,66608,66643.5,2041-03-30,2041-05-04,36,0.951235326781,0.00131851638194,1.6122997898
297,66820,66855,2041-10-28,2041-12-02,35.5,0.951479027554,0.000542981624836,0.567963544947
297,67031.5,67066.5,2042-05-27,2042-07-01,35.5,0.951405671538,0.000232556514542,1.93236508773
297,67243,67278.5,2042-12-25,2043-01-29,36,0.951284899576,0.00100809320472,0.290878573178
297,67454.5,67490,2043-07-24,2043-08-29,36,0.951211171566,0.0010670449434,1.76689258302
297,67666.5,67701.5,2044-02-21,2044-03-27,35.5,0.951455489817,0.000291508560388,1.16437449112
297,67878,67913,2044-09-20,2044-10-25,35.5,0.951381398548,0.000484029638516,1.15641769549
298,62835,62864.5,2030-11-30,2030-12-29,30,1.3866247919,0.000565394476728,2.03708816496
298,63018.5,63040,2031-06-01,2031-06-23,22,1.02631505613,0.00218926683549,1.71675902195
298,63376,63405.5,2032-05-24,2032-06-22,30,1.38684310164,0.000915105673794,1.17872007139
298,63559.5,63581,2032-11-23,2032-12-15,22,1.02609819926,0.00186405833345,1.15357070137
298,63917,63946.5,2033-11-16,2033-12-15,30,1.3870613491,0.00126481659441,1.84979789014
298,64100.5,64122,2034-05-18,2034-06-09,22,1.0258814593,0.00139063627995,1.57138327912
298,64458,64487.5,2035-05-11,2035-06-09,30,1.38727953425,0.00161452713311,1.41681954914
298,64641.5,64663.5,2035-11-10,2035-12-02,22.5,1.02674081661,0.000917213184877,1.3569623739
298,64999,65028.5,2036-11-02,2036-12-01,30,1.38749765704,0.00137960849004,1.6341370363
298,65182.5,65204.5,2037-05-04,2037-05-26,22.5,1.02652383221,0.000443789402367,1.39960874989
298,65540,65569.5,2038-04-27,2038-05-26,30,1.38771571745,0.00102989768456,1.63536266197
298,65723.5,65745.5,2038-10-27,2038-11-18,22.5,1.02630696435,2.9634712932e-05,1.53631979612
298,66081,66110.5,2039-10-20,2039-11-18,30,1.38793371542,0.00068018656711,1.39577151461
298,66264.5,66286.5,2040-04-20,2040-05-12,22.5,1.02609021327,0.000503058805953,1.2040032675
298,66622,66651.5,2041-04-13,2041-05-12,30,1.38815165093,0.000330475243725,1.82955013552
298,66805.5,66827.5,2041-10-13,2041-11-04,22.5,1.02587357919,0.00097648252117,1.68873957317
298,67163,67193,2042-10-06,2042-11-05,30.5,1.38729845684,1.92361796836e-05,1.14203559976
298,67347,67368.5,2043-04-08,2043-04-29,22,1.0266539635,0.0014499055026,0.988512998361
298,67704.5,67734,2044-03-30,2044-04-29,30,1.38650213127,0.000368947597282,1.99111888153
298,67888,67909.5,2044-09-30,2044-10-21,22,1.02643692452,0.00192332739376,1.81362923317
299,62594,62662,2030-04-03,2030-06-10,68.5,1.06496612486,0.000486178728529,1.54132544347
299,62741,62753,2030-08-28,2030-09-09,12.5,0.852935128614,0.0509599875187,1.77211204121
299,62992,63060.5,2031-05-06,2031-07-13,69,1.06492174463,0.000200143764631,1.2350622212
299,63139,63151.5,2031-09-30,2031-10-12,13,0.852830252859,0.0498727624246,1.80126460506
299,63390.5,63458.5,2032-06-07,2032-08-14,68.5,1.06514755847,0.000559589977533,0.820631282416
299,63537.5,63550,2032-11-01,2032-11-14,13,0.854789015485,0.0508550184305,1.69699002488
299,63789,63857,2033-07-11,2033-09-17,68.5,1.06345027383,0.000126732249366,0.32267133401
299,63935.5,63948,2033-12-04,2033-12-17,13,0.85262073746,0.049767600839,1.45590342817
299,64187,64255.5,2034-08-13,2034-10-20,69,1.0634066317,0.000633001137964,0.215920509412
299,64334,64346.5,2035-01-07,2035-01-19,13,0.85457949953,0.0507500306284,1.10553186848
299,64585.5,64653.5,2035-09-15,2035-11-22,68.5,1.06363193513,5.33207139405e-05,0.671454224184
299,64732,64744.5,2036-02-09,2036-02-21,13,0.852411222457,0.0496624207914,0.67173148939
299,64983.5,65052,2036-10-17,2036-12-25,69,1.06358820417,0.000706412198254,1.09599025729
299,65130.5,65143,2037-03-13,2037-03-26,13,0.854369983363,0.0506450241365,0.248531235671
299,65382,65450,2037-11-20,2038-01-27,68.5,1.06381356924,2.00908299638e-05,1.4494404513
299,65528.5,65541,2038-04-15,2038-04-28,13,0.852201707916,0.0495572223064,0.348861612717
299,65780,65848.5,2038-12-23,2039-03-01,69,1.06376974957,0.000666230809489,1.68608208804
299,65927,65939.5,2039-05-19,2039-05-31,13,0.85416046705,0.0505399989788,0.828620413076
299,66178.5,66246.5,2040-01-25,2040-04-02,68.5,1.06399517613,9.35023706742e-05,1.79535414678
299,66325,66337.5,2040-06-20,2040-07-02,13,0.851992193903,0.0494520054088,1.24093187904
299,66576.5,66645,2041-02-26,2041-05-06,69,1.06395126787,0.000592819695563,1.76273573756
299,66723.5,66736,2041-07-23,2041-08-05,13,0.853950950655,0.0504349551797,1.54801624057
299,66975,67043,2042-04-01,2042-06-08,68.5,1.06417675579,0.000166913896538,1.6014973166
299,67121.5,67134,2042-08-25,2042-09-07,13,0.851782680484,0.0493467701232,1.74070448186
299,67373,67441.5,2043-05-04,2043-07-11,69,1.06413275905,0.000519408487021,1.32196616153
299,67520,67532.5,2043-09-28,2043-10-10,13,0.853741434242,0.0503298927633,1.80723962233
299,67771.5,67839.5,2044-06-05,2044-08-12,68.5,1.06435830819,0.000240325395906,0.935027096944
299,67918.5,67930.5,2044-10-30,2044-11-11,12.5,0.853636972485,0.0513113903507,1.73779403103
300,62836.5,62867.5,2030-12-01,2031-01-01,31.5,1.05241843265,0.0012195191571,0.443147175033
300,63789.5,63821,2033-07-11,2033-08-12,32,1.05015232672,0.000694793644012,1.52736887224
300,64743,64774.5,2036-02-20,2036-03-22,32,1.05183225185,0.000154126239073,1.43556760035
300,65696.5,65728,2038-09-30,2038-11-01,32,1.05351098711,0.00038654175054,0.632230603402
300,66650,66681,2041-05-11,2041-06-11,31.5,1.0515105193,0.000927208287824,1.81474638992
300,67603,67634.5,2043-12-20,2044-01-20,32,1.04924357712,0.000987105330312,0.623358371472
