id,node,t_mjd,date,t_s,r_au,lon_deg,x_au,y_au,z_km,d_earth_au,v_rel_earth_kms,vz_kms,inc_deg,in_band
54,desc,62502.1729073,2030-01-01,14939.1921026,1.50254038139,198.12085,-1.42801830488,-0.467323569498,-5.43892383575e-07,1.93765869323,35.2881043895,-6.64861757243,17.99169,True
297,desc,62502.3996052,2030-01-01,34525.8919241,0.431221678467,261.11844,-0.066577356149,-0.42605116081,3.92529182136e-06,1.40160922466,81.150914186,-21.9274420732,24.30945,False
288,desc,62503.4761858,2030-01-02,127542.451015,1.80177618752,263.16315,-0.214488073951,-1.78896402872,-9.685754776e-08,2.76052578543,49.0485148273,-3.0396588119,9.33904,False
95,desc,62505.0245004,2030-01-04,261316.838661,0.21347320718,8.12971,0.211327900088,0.0301882233342,-3.55904921889e-06,1.01556865202,84.1320522034,-14.2326970663,9.90138,False
221,asc,62505.1787231,2030-01-04,274641.675249,2.82347092801,285.28603,0.744373836977,-2.72358140545,-9.77888703346e-09,3.80464126936,43.2438228561,0.377744821955,1.67978,False
222,asc,62506.2849467,2030-01-05,370219.398498,0.875058528711,288.01435,0.270616383945,-0.832162364812,-2.49594449997e-07,1.85583410724,62.3903493247,12.136436152,21.61632,True
259,asc,62510.8615157,2030-01-09,765634.955187,1.49068794209,14.76716,1.44144998666,0.379963783367,-1.63912773132e-07,1.81261763395,25.7664278214,3.21890244914,8.34621,True
136,desc,62511.7727366,2030-01-10,844364.443547,1.16905146814,110.33711,-0.406295703052,1.09617751155,-1.63167715073e-06,0.192695944431,12.3916867092,-10.9042191164,24.09941,True
60,desc,62512.6769832,2030-01-11,922491.351645,0.202180935107,64.89558,0.0857791598236,0.183082129823,1.23316422105e-05,0.848548775682,71.1371375029,-53.7564725967,38.87863,False
66,asc,62515.7008196,2030-01-14,1183750.81528,1.42160351902,116.51175,-0.634577274459,1.2721117278,3.93763184547e-06,0.449721951212,25.9558808801,14.4292109042,38.56598,True
49,desc,62515.8173355,2030-01-14,1193817.78441,1.15710856194,267.94857,-0.041420504385,-1.15636696854,-9.685754776e-08,2.09510442055,43.1603214416,-5.82259319887,22.80162,True
7,desc,62518.2406621,2030-01-17,1403193.20739,3.11403490945,199.88008,-2.92845838918,-1.05893572993,9.12696123123e-07,3.19470589567,30.7908340762,-8.20159155781,43.64693,False
293,asc,62518.794903,2030-01-17,1451079.62223,0.249352319236,51.88447,0.153912507329,0.196182362093,-5.95697201788e-07,0.897762163102,80.7068626325,3.09312853961,2.35416,False
21,asc,62521.1399605,2030-01-20,1653692.5888,1.66360731202,311.6149,1.10483598293,-1.24375509625,-6.5378844738e-07,2.62771251655,48.9330595125,2.40496944717,7.13333,False
83,desc,62522.3911088,2030-01-21,1761791.79902,0.314292058936,335.74474,0.286547718105,-0.129111980694,-6.08153641224e-06,1.24844228558,88.1036682481,-29.0632826163,26.45905,False
106,desc,62522.9399989,2030-01-21,1809215.90343,1.04971497093,10.01269,1.03372704444,0.182510048471,-2.45869159698e-06,1.65556193419,46.6529293839,-20.8974635197,40.78349,True
35,desc,62523.1348959,2030-01-22,1826055.00349,1.00999867392,218.30847,-0.792530547253,-0.626093166383,-4.3329782784e-06,1.51802684121,39.6254892877,-20.6621130782,44.05781,True
187,asc,62523.2673884,2030-01-22,1837502.36078,4.12494675298,80.57269,0.675650573302,4.06923604842,5.3271651268e-07,3.41318547708,26.0526882094,2.15363664262,13.3569,False
10,desc,62523.8259967,2030-01-22,1885766.11168,1.00031431564,176.78899,-0.998743841213,0.0560309709646,-5.12506812811e-06,0.94584694081,49.0441445343,-19.3030697769,39.82206,True
43,asc,62523.946194,2030-01-22,1896151.16523,1.15282412624,135.99028,-0.829136409133,0.800959600164,5.17815351486e-07,0.34122248525,32.3117124989,4.88868943031,11.62102,True
145,asc,62524.4843387,2030-01-23,1942646.8604,1.92477615493,61.2066,0.927073685087,1.68680100457,1.30385160446e-06,1.65547274741,36.1393413368,4.71130977728,15.15631,False
46,desc,62525.1612334,2030-01-24,2001130.56838,1.0343018277,262.01076,-0.143754641252,-1.02426308822,-1.75833702087e-06,1.90152838065,63.826139802,-8.37875906824,13.53118,True
223,asc,62525.3135634,2030-01-24,2014291.88054,0.616222761718,141.43021,-0.481793342905,0.384194829211,-1.25635415316e-06,0.45709417053,22.2133495803,8.14804090966,10.89224,False
112,desc,62528.4754509,2030-01-27,2287478.95577,0.999106012836,180.98343,-0.998958845118,-0.0171479049771,1.57207250595e-06,0.937285337412,33.6820450021,-26.9632522409,62.10129,True
229,asc,62530.3611494,2030-01-29,2450403.30537,0.99013462152,39.09556,0.768438803808,0.624394405432,-2.57417559624e-06,1.36460557044,38.1206550217,12.8157788281,24.832,True
125,asc,62530.5040011,2030-01-29,2462745.69785,0.990705003978,181.67697,-0.99028068869,-0.028992456161,3.1515955925e-06,0.912482150437,54.6440276747,13.9134108866,39.01303,True
255,asc,62530.5755894,2030-01-29,2468930.92075,0.701296907974,299.46913,0.345006208762,-0.61056373054,-4.17931005359e-07,1.68276346115,71.3416721125,1.40643439693,1.97262,False
26,desc,62531.8995811,2030-01-30,2583323.80688,0.886596595788,341.99674,0.843187879918,-0.274021391177,1.25542283058e-06,1.79034474911,60.7457913555,-7.85105542005,19.2213,True
295,desc,62532.140557,2030-01-31,2604144.127,1.05389155892,264.2559,-0.105479374036,-1.04859979002,2.20909714699e-06,1.89012615765,61.0237925173,-7.47163829581,12.40454,True
275,asc,62532.4295317,2030-01-31,2629111.5421,2.04004541991,344.4869,1.96572519259,-0.545627879136,-1.81049108505e-06,2.89629585547,40.9774850216,6.77045192571,23.29362,False
165,asc,62532.8545874,2030-01-31,2665836.35276,0.842908631509,303.99962,0.471343890367,-0.698806051838,1.2218952179e-06,1.82618928409,57.3518640364,6.67434326375,19.13504,True
280,desc,62532.8738149,2030-01-31,2667497.60386,1.9976105856,344.91856,1.9288068168,-0.519761786953,-1.25169754028e-06,2.85491726522,41.9712794411,-10.0949491123,36.78219,False
240,desc,62533.4455441,2030-02-01,2716895.01437,1.03341884521,317.21706,0.758459302285,-0.701921645495,-4.27290797234e-06,2.01413891415,61.0462675275,-15.4753856757,28.00194,True
8,desc,62535.7883981,2030-02-03,2919317.59158,2.51003644744,130.13923,-1.61808800491,1.91887315262,-9.83476638794e-07,1.52546580429,21.9891171589,-9.44934325695,42.03945,False
281,desc,62540.4402422,2030-02-08,3321236.92869,0.962405031711,201.49671,-0.895458801345,-0.352671206872,4.20957803726e-07,1.04360031859,22.6099215602,-10.9422650031,21.38605,True
211,asc,62541.6440702,2030-02-09,3425247.66282,0.771572360703,180.21677,-0.771566838667,-0.00291912149631,-4.3073669076e-08,0.664523905612,27.0538543939,0.60683581212,0.79236,False
213,desc,62542.2153711,2030-02-10,3474608.06015,0.972606974141,213.49564,-0.811084013707,-0.536756042218,-1.34110450745e-06,1.19201068763,55.398572012,-28.6363507856,59.33202,True
132,desc,62542.5596127,2030-02-10,3504350.53661,1.13289924295,358.00841,1.13221490256,-0.0393714248354,-2.19792127609e-07,1.99776040021,55.0758035219,-4.72481722903,8.56552,True
38,asc,62544.8160579,2030-02-12,3699307.40387,0.982839360211,78.7561,0.191639818703,0.963974785908,7.33882188797e-07,1.02072856141,28.284053145,5.99022694941,9.53681,True
95,asc,62546.8705019,2030-02-14,3876811.36329,1.00148260841,188.12971,-0.991418170955,-0.141624239628,-8.41915607452e-07,0.75917305828,10.0427851864,3.03380154987,9.90138,True
37,asc,62549.5238109,2030-02-17,4106057.25964,0.968429042528,272.66887,0.0450936645302,-0.967378608318,1.25914812088e-06,1.74872699478,51.3211090308,10.5805039619,24.92726,True
195,desc,62551.1278449,2030-02-19,4244645.80347,0.885563410551,234.20354,-0.517972735968,-0.718280445857,1.35786831379e-06,1.28777260906,55.4728600898,-10.8102712678,19.42916,True
114,asc,62551.894474,2030-02-19,4310882.55654,2.94716026117,142.31976,-2.33248397633,1.8014638784,7.15255737305e-07,1.96695237734,23.823262813,5.80535908149,28.42255,False
228,desc,62552.7812595,2030-02-20,4387500.81894,0.922043696021,140.05713,-0.706917061839,0.591973686116,7.20843672752e-07,0.166497955947,7.51025666679,-4.46359775662,7.15733,True
107,desc,62552.9900316,2030-02-20,4405538.72922,0.904611458586,38.89189,0.704088069771,0.567962922216,1.27777457237e-06,1.55672253862,53.1237237375,-4.31963493407,6.62299,True
162,asc,62553.4189359,2030-02-21,4442596.05952,0.689498332152,96.44687,-0.0774181362908,0.685138221247,-3.48687171936e-06,0.800300059425,31.4285380937,11.3078982593,16.72622,False
159,desc,62554.1306054,2030-02-22,4504084.30397,1.15107047626,285.20898,0.301972315649,-1.11075468125,6.74277544022e-07,1.97531072468,64.0571995182,-2.93953952941,5.39883,True
210,asc,62554.9294958,2030-02-22,4573108.43609,0.858329658611,331.11156,0.751520846513,-0.414663984581,-1.24797224998e-06,1.84736213857,62.4776169155,12.7256712527,22.32417,True
86,asc,62555.0265873,2030-02-23,4581497.1469,0.975293554768,271.0619,0.0180747158779,-0.975126054733,-5.28991222382e-06,1.69750482668,60.5872435541,27.3182479631,55.85289,True
253,desc,62556.3959671,2030-02-24,4699811.55543,0.972680423501,296.68273,0.436781852047,-0.869096553891,3.40864062309e-06,1.86503353285,53.6539179031,-19.7274330345,38.24694,True
179,asc,62556.5280376,2030-02-24,4711222.44461,0.894376426703,40.072,0.68440911775,0.575754593714,-3.01748514175e-07,1.57111351592,36.7656167811,15.0830107137,34.254,True
233,asc,62557.1170587,2030-02-25,4762113.87192,3.04066786988,306.8226,1.82239204433,-2.43403950906,9.31322574615e-09,3.94935480659,40.3359461262,2.07893250522,10.12318,False
296,desc,62563.4333576,2030-03-03,5307842.09248,0.964497486906,217.00648,-0.770216290224,-0.580536190535,7.33882188797e-07,0.934306535756,29.354901009,-6.76988469296,18.943,True
166,desc,62563.8720635,2030-03-03,5345746.28896,4.16509592805,256.38375,-0.980537584122,-4.04803287239,-9.98377799988e-07,4.38099004123,27.5389218205,-3.23382349458,20.77419,False
266,desc,62565.4423167,2030-03-05,5481416.16542,1.38988411057,186.10124,-1.38201131235,-0.147724653913,-2.91038304567e-07,0.632194976524,4.74955957892,-2.37929521666,5.70303,True
109,asc,62569.098,2030-03-09,5797267.20147,1.08960927484,325.49909,0.897965736579,-0.617175751093,9.77888703346e-07,2.05020156797,57.8466657082,3.81134462922,8.88522,True
269,asc,62569.4125216,2030-03-09,5824441.86362,0.880053504877,104.47484,-0.219973634983,0.852118402194,-1.5776604414e-06,0.961868735092,38.5577092543,7.78501704125,13.47265,True
202,desc,62570.0473741,2030-03-10,5879293.1251,1.12403010091,336.84047,1.03344829723,-0.442072714286,-2.42929672822e-07,2.10923375076,59.0488881702,-2.72275227384,5.54384,True
76,asc,62570.2807907,2030-03-10,5899460.31778,1.24045185344,213.60445,-1.03314537864,-0.686535816464,-1.62981450558e-08,0.915548488294,35.9458662947,1.80379599537,4.09944,True
63,asc,62570.4583209,2030-03-10,5914798.92883,2.0528819336,357.06027,2.05018041274,-0.10528299254,-1.77323818207e-06,3.03546159113,44.3189401873,13.3626832493,53.19536,False
24,asc,62572.9570664,2030-03-12,6130690.53715,1.02769998786,94.35212,-0.0779878364562,1.02473663076,5.40167093277e-06,1.23260573158,36.0015775684,28.2308188568,64.00427,True
25,desc,62577.5735831,2030-03-17,6529557.58028,1.89049657962,40.68627,1.43354574631,1.23244631153,1.96695327759e-06,2.67365596796,40.327126746,-7.42377386717,24.53703,False
59,desc,62579.5036491,2030-03-19,6696315.28459,1.07828574465,190.62092,-1.05981268136,-0.198739094172,-5.02914190292e-08,0.276235770637,6.46704533868,-3.94536648897,7.40973,True
125,desc,62580.8576783,2030-03-20,6813303.40582,0.371607677325,1.67697,0.371448519132,0.0108749014598,-1.49011611938e-08,1.36668454385,89.6116474826,-37.093113595,39.01303,False
257,asc,62580.9243742,2030-03-20,6819065.9344,1.00261986646,36.09232,0.810185885763,0.590631380076,1.4528632164e-07,1.88576128945,54.3526238952,9.32602531911,17.74569,True
80,asc,62580.9280807,2030-03-20,6819386.171,0.9590687743,115.78687,-0.417218672319,0.863563253796,2.421438694e-06,1.00205937518,23.6480770639,13.5254014341,23.55872,True
60,asc,62582.5070577,2030-03-22,6955809.78422,1.02936763287,244.89558,-0.436729064741,-0.932129522985,-2.92435288429e-06,1.10217197607,22.4602860138,10.5584570085,38.87863,True
160,desc,62583.0805802,2030-03-23,7005362.12932,1.73748049249,84.05008,0.180105752309,1.72812047606,-3.44589352608e-08,2.0843478147,29.223436939,-0.732786556939,1.94299,False
227,desc,62585.7288375,2030-03-25,7234171.56274,1.00021923102,170.18774,-0.98558747893,0.170457711681,-2.51457095146e-06,0.208857302044,20.7410221549,-14.4496911373,25.31356,True
190,desc,62588.7913216,2030-03-28,7498770.18415,0.421484168585,261.65754,-0.0611529129498,-0.41702425062,1.69989652932e-06,0.988263602896,54.4184712267,-6.98102985294,7.36842,False
168,desc,62590.6190592,2030-03-30,7656686.71271,2.0793219596,183.07513,-2.07632783972,-0.111546016035,1.11758708954e-07,1.08515189366,16.9737436495,-6.74027212676,23.65377,False
123,desc,62592.777456,2030-04-01,7843172.19901,1.70360888582,47.75939,1.14524338461,1.2612298862,9.03382897377e-08,2.56171095226,43.5244069103,-1.59038029451,4.48847,False
174,desc,62594.9710496,2030-04-03,8032698.68731,1.03049859255,190.77506,-1.01232958535,-0.192655547217,-2.58162617683e-06,0.0319784162326,12.0506041622,-8.58919061664,14.39783,True
42,asc,62595.389188,2030-04-04,8068825.84562,1.01903071268,236.20005,-0.566881578555,-0.846799190652,2.2891908884e-06,0.764138110856,16.8867941811,11.9905356102,25.15147,True
17,asc,62596.3121337,2030-04-05,8148568.34939,1.02285769599,267.12483,-0.0513066699621,-1.02157011109,-4.34182584286e-06,1.22450161198,43.2271840739,23.3227602947,39.65677,True
83,asc,62597.1189119,2030-04-06,8218273.98727,0.961756022516,155.74474,-0.876856369071,0.395091830928,3.27825546265e-07,0.635088306292,27.0446826172,9.49758433433,26.45905,True
286,asc,62598.0552776,2030-04-07,8299175.98689,1.25668003261,241.00265,-0.609199733215,-1.0991452995,1.28149986267e-06,0.924035582764,14.0650414687,4.43092031501,10.38842,True
143,asc,62598.0717574,2030-04-07,8300599.83737,1.0637435308,222.69423,-0.781833290052,-0.72130923042,-2.92249023914e-06,0.50864059594,14.6746023632,14.6507372391,28.82828,True
128,desc,62602.0154574,2030-04-11,8641335.51709,0.960298827468,93.62643,-0.0607397584824,0.958375980383,8.00937414169e-07,1.55327971885,42.6833684564,-4.10171476355,8.54804,True
55,asc,62602.2652116,2030-04-11,8662914.27851,0.98931839847,302.02023,0.524555075658,-0.838804426641,2.22772359848e-06,1.56423564774,53.9520808058,13.66572149,22.71515,True
297,asc,62604.6842248,2030-04-13,8871917.02254,0.9578518783,81.11844,0.147885064281,0.946366857263,3.28756868839e-07,1.69618293641,46.1745319634,9.87166031563,24.30945,True
1,desc,62605.8263653,2030-04-14,8970597.96325,2.32008851026,156.03924,-2.12015210797,0.942213210749,6.18398189545e-07,1.7755898041,27.3549928535,-5.83075873085,22.14242,False
43,desc,62606.3211153,2030-04-15,9013344.36087,0.714685247381,315.99028,0.51401731295,-0.496549297465,1.39325857162e-06,1.44566571409,51.4305315272,-7.88570792752,11.62102,False
108,desc,62607.6947115,2030-04-16,9132023.06954,2.30825902921,348.84081,2.26461736108,-0.446730291998,4.54485416412e-07,3.18323555093,39.7540271621,-5.20360531441,19.57999,False
179,desc,62609.788511,2030-04-18,9312927.34711,0.507406699425,220.072,-0.388285917569,-0.326642931715,6.72228634357e-06,0.527499517024,34.3408395689,-26.5859501685,34.254,False
22,desc,62611.1358213,2030-04-20,9429334.95912,1.4621339193,95.31036,-0.135321413917,1.455858411,-3.52784991264e-06,2.05972673913,33.4481933829,-12.8429571761,34.88704,True
103,asc,62611.2591122,2030-04-20,9439987.29505,0.738472615075,311.92731,0.493437989751,-0.549418559466,5.4738484323e-07,1.3892077822,60.5925871032,2.91050465573,4.69797,False
273,desc,62613.0751901,2030-04-22,9596896.42844,1.07044645389,54.38229,0.62340047217,0.870188176172,-1.13807618618e-06,2.02554179004,53.4538514962,-4.83636255101,10.31047,True
50,desc,62614.6191586,2030-04-23,9730295.29951,1.82701799435,104.1074,-0.445317864643,1.77191612418,-3.31550836563e-07,2.32211532692,48.1373297053,-3.53287222524,10.61149,False
276,desc,62615.7177355,2030-04-24,9825212.3445,3.36711339777,180.07695,-3.36711036108,-0.00452213584089,-2.53319740295e-07,2.56456995491,17.4763973701,-1.27992059315,6.73598,False
129,asc,62615.9641677,2030-04-24,9846504.08842,1.12295718965,80.21035,0.190938085007,1.10660539375,7.91624188423e-07,1.9433388223,44.1049482443,15.6603200214,35.60472,True
260,desc,62619.1019913,2030-04-28,10117612.0524,0.946604655406,91.09639,-0.0181127571644,0.94643135074,1.84401869774e-07,1.72410757601,43.404177064,-22.7668149963,47.70709,True
127,asc,62619.7567351,2030-04-28,10174181.9161,2.18940640751,232.85463,-1.32204978598,-1.74518903866,6.42612576485e-08,1.26340076869,26.0963041159,0.536660967025,2.11568,False
156,desc,62620.2628279,2030-04-29,10217908.3304,2.69602183858,353.52007,2.67879816395,-0.304260005473,4.50760126114e-07,3.50506573382,39.5315550701,-5.90361534384,26.05772,False
283,desc,62622.1923602,2030-05-01,10384619.9224,1.05195123121,291.95181,0.393247384342,-0.975683292651,-3.18512320518e-07,1.2403146277,33.324215676,-4.62719136278,8.07603,True
285,desc,62623.2359538,2030-05-02,10474786.4056,1.04441819683,13.47036,1.0156868321,0.24328918792,-3.68058681488e-06,2.00218752146,57.9622127312,-19.4190972186,35.13666,True
10,asc,62625.3870364,2030-05-04,10660639.9438,1.05046659754,356.78899,1.04881738499,-0.0588401690407,6.91507011652e-07,1.90776320667,47.2555036951,18.3814859786,39.82206,True
157,asc,62627.4071855,2030-05-06,10835180.8279,2.30204395806,138.78161,-1.73160541465,1.51688795658,-1.19209289551e-06,2.41868782966,45.6771721496,5.35702660946,20.66508,False
196,desc,62627.7190351,2030-05-06,10862124.6351,0.96698838138,264.80995,-0.0874734143732,-0.963023847836,6.7800283432e-07,0.701545822911,27.4472302536,-6.29131710576,9.52381,True
299,desc,62629.6681051,2030-05-08,11030524.2786,1.0625655439,337.86367,0.984243719779,-0.400387106644,6.31436705589e-07,1.72533477824,54.7110530964,-5.00757311207,11.16926,True
117,asc,62632.0383881,2030-05-11,11235316.7313,0.966675213046,278.65037,0.145392324676,-0.955678836976,2.75671482086e-07,0.854912151479,29.1672482698,9.49244516511,18.68411,True
284,asc,62633.74347,2030-05-12,11382635.8108,1.27762944082,271.37599,0.0306800320498,-1.2772610241,1.45089870784e-07,0.861634079826,36.9528401417,0.824609132358,1.79833,True
163,asc,62636.7866049,2030-05-15,11645562.6658,0.683582396636,165.54034,-0.661929024906,0.170689363984,-1.27591192722e-06,0.969357558046,30.3982042852,17.3216173055,26.60392,False
153,asc,62638.2973232,2030-05-17,11776088.7235,1.38316866462,272.10936,0.0509102355369,-1.38223142155,1.42492353916e-07,0.865720898015,33.1901616206,0.483516059975,1.52282,True
130,desc,62639.441297,2030-05-18,11874928.0635,0.99099527501,284.69532,0.251394626892,-0.958578310136,4.57279384136e-07,0.848278983832,35.8161847794,-3.34168814815,5.43674,True
199,asc,62640.8842192,2030-05-19,11999596.539,3.2058913702,74.44268,0.859827374893,3.08843590883,1.40070915222e-06,4.17886277234,38.5329640658,5.43784205447,28.06534,False
207,asc,62642.4286678,2030-05-21,12133036.8938,1.70549415275,303.58001,0.943310379107,-1.420871505,4.50760126114e-07,1.5921864041,18.9807520336,4.47954574099,13.53154,False
104,asc,62642.7220692,2030-05-21,12158386.7748,1.41485729888,68.67554,0.514511361748,1.31799060498,-2.421438694e-07,2.4172616624,50.9623933537,9.70027179905,24.75984,True
64,asc,62643.0141737,2030-05-22,12183624.6107,1.02774044663,19.21585,0.970480255764,0.338258035841,-4.07174229622e-06,1.92488703896,58.7188840082,26.6153828767,44.12226,True
259,desc,62644.3329369,2030-05-23,12297565.7495,1.04954203719,194.76716,-1.01487528863,-0.267519413011,4.94532287121e-07,0.782538984113,40.7902472636,-4.57187887449,8.34621,True
263,desc,62645.6778139,2030-05-24,12413763.1172,0.948823241974,324.35835,0.77108718999,-0.552892475933,2.45869159698e-07,1.31103529778,47.0548793833,-2.9602695586,4.64461,True
296,asc,62646.9541711,2030-05-25,12524040.3793,0.298621849126,37.00648,0.238469685962,0.179742086481,2.88803130388e-06,1.29112953137,93.5760727721,21.8655694221,18.943,False
247,asc,62647.1703333,2030-05-26,12542716.8012,0.988092717336,130.33277,-0.639519176103,0.753221376123,-1.00571196526e-06,1.65693225848,53.7539292077,5.42526527264,8.69826,True
37,desc,62647.4337363,2030-05-26,12565474.8171,0.50779561716,92.66887,-0.0236448559518,0.507244822146,7.52508640289e-07,1.47466380712,74.2587803292,-20.1783295779,24.92726,False
89,asc,62648.4508868,2030-05-27,12653356.6161,1.38246902593,8.869,1.36593943484,0.213143303926,-4.50760126114e-07,2.13844840697,43.0028884847,6.01475569882,15.31841,True
9,desc,62648.7749178,2030-05-27,12681352.8959,1.15289665413,157.13487,-1.06230440351,0.447973268621,1.61398202181e-06,1.48746355372,31.9824380001,-6.26603487675,13.33676,True
44,asc,62649.57095,2030-05-28,12750130.0772,0.995912089171,203.55397,-0.912936741525,-0.397979139316,6.37024641037e-07,0.700603142101,9.49777832891,7.22742360585,20.2845,True
195,asc,62649.7736395,2030-05-28,12767642.4523,0.987212032964,54.20354,0.577427783943,0.800727639313,4.88944351673e-07,1.99363158334,58.2821433119,9.69718801354,19.42916,True
239,asc,62652.6516068,2030-05-31,13016298.8258,0.375111652701,208.83489,-0.328602742704,-0.180911551538,6.97560608387e-06,0.758040950351,42.5726514656,34.8824222799,36.24349,False
197,asc,62653.5413015,2030-06-01,13093168.4535,0.941439297683,352.06267,0.932420030144,-0.130003225378,-9.67644155025e-07,1.54181357442,49.496940145,3.70835628265,5.8333,True
56,desc,62654.6919292,2030-06-02,13192582.6822,1.54652820091,297.85066,0.722489399167,-1.36739114532,-7.82310962677e-07,1.16042812927,19.5379591408,-11.645631095,33.46935,True
183,asc,62655.0820137,2030-06-03,13226285.9813,1.02771345831,322.74951,0.818056650813,-0.622075773881,-3.1404197216e-06,1.21745124439,40.0711175619,10.5899507625,21.47,True
181,asc,62656.102452,2030-06-04,13314451.8545,0.981026422352,268.50377,-0.0256157495388,-0.98069193671,1.89058482647e-07,0.312908857056,15.9092290649,2.8814624272,4.68129,True
149,desc,62657.1448816,2030-06-05,13404517.7728,1.22144726453,291.23173,0.442335924923,-1.13853956873,7.264316082e-08,0.783131541881,8.73790260143,-3.26192320927,6.50656,True
66,desc,62660.2212096,2030-06-08,13670312.5068,1.0690828208,296.51175,0.477218615118,-0.956661105673,1.73971056938e-06,0.748909754993,19.8826531828,-19.1871168435,38.56598,True
170,asc,62660.3846363,2030-06-08,13684432.5754,2.17395614279,135.03605,-1.53818603097,1.53625162161,1.26659870148e-07,2.81848640706,36.1018922825,0.936257981943,3.58083,False
226,desc,62660.4323565,2030-06-08,13688555.6053,1.08756757241,330.72865,0.948700280855,-0.531762166447,4.39584255219e-06,1.29667867458,37.9647350761,-19.8913863391,45.86726,True
294,asc,62661.4567412,2030-06-09,13777062.4411,0.59322375123,187.91609,-0.587570819196,-0.0817003760859,4.02331352234e-07,0.963838546821,34.7253125447,2.75171724974,3.7759,False
27,asc,62663.4591421,2030-06-11,13950069.8768,1.04048377536,43.45101,0.755352384101,0.715576175269,-5.54788857698e-06,1.96652624158,53.929651991,30.2756901912,60.6846,True
105,asc,62663.6771978,2030-06-11,13968909.8923,1.15925096641,156.83722,-1.06580496846,0.45598527645,-3.1515955925e-06,1.68119404054,45.6243668228,16.2062728932,37.1231,True
109,desc,62664.0934787,2030-06-12,14004876.564,0.650819028605,145.49909,-0.536351150727,0.368636475553,9.73232090473e-07,1.4030007524,66.2924342868,-6.38100036272,8.88522,False
68,desc,62664.8119006,2030-06-12,14066948.2078,0.986755910689,319.30103,0.748105104664,-0.64344850583,1.37649476528e-06,1.00832518297,32.9767775028,-7.66099793498,13.91996,True
52,asc,62666.5827435,2030-06-14,14219949.0415,0.984975461154,131.99742,-0.659044266239,0.732009094351,3.09199094772e-06,1.80396515664,60.0861749655,22.7874801947,42.36114,True
79,asc,62671.0808078,2030-06-19,14608581.7919,1.58516123012,264.506,-0.151765736659,-1.57787936379,3.81842255592e-08,0.567635575753,9.16425628897,3.29404251431,9.02376,True
155,asc,62672.6887042,2030-06-20,14747504.0433,0.974045835208,286.22318,0.272128522809,-0.935260047346,2.62260437012e-06,0.345581661055,11.7727142278,10.6228736428,19.00837,True
61,desc,62674.3683053,2030-06-22,14892621.5765,2.56357783516,357.7231,2.56155387478,-0.101848237743,-1.54599547386e-07,2.75375612762,44.3509196299,-1.00437743035,4.44104,False
30,desc,62675.6568593,2030-06-23,15003952.647,1.19478123099,215.50297,-0.972653975199,-0.693863411958,1.74157321453e-07,1.01208955632,10.9836807223,-2.77079219232,6.35218,True
213,asc,62677.7813713,2030-06-25,15187510.4804,1.50603078883,33.49564,1.25592097265,0.831138524774,4.50760126114e-06,2.22288054186,33.3048915126,18.4935890385,59.33202,True
21,desc,62678.2729141,2030-06-26,15229979.7815,0.902458400332,131.6149,-0.599341266762,0.67470083021,-2.1792948246e-07,1.80574757712,66.4831627787,-4.4333619766,7.13333,True
229,desc,62683.6733979,2030-07-01,15696581.5786,1.07136512009,219.09556,-0.831481410134,-0.675619630523,1.03190541267e-06,1.01020132548,34.0162264814,-11.84409132,24.832,True
162,desc,62688.9487311,2030-07-06,16152370.3694,1.03395903928,276.44687,0.116094815737,-1.02742069702,-1.1995434761e-06,0.0981291028758,9.75705463778,-7.5407019947,16.72622,True
111,asc,62689.5339986,2030-07-07,16202937.4779,3.18097401555,248.22125,-1.18021595648,-2.95392721367,-1.02818012238e-06,2.40756931957,19.3238797494,5.72599723923,30.25143,False
154,asc,62690.3755242,2030-07-08,16275645.2883,1.02695533078,58.61606,0.534807898537,0.876708482378,-9.90927219391e-07,1.89248317474,61.0158534833,5.98962914627,9.93722,True
255,desc,62690.6038075,2030-07-08,16295368.9639,1.36051847046,119.46913,-0.669313259628,1.1844957868,-2.74740159512e-08,2.35624266793,50.7333527215,-0.724964868357,1.97262,True
86,desc,62690.9988249,2030-07-08,16329498.4734,1.45650864537,91.0619,-0.0269928780007,1.45625849992,4.3585896492e-06,2.46019398625,45.8972325723,-18.2925870372,55.85289,True
278,desc,62691.1988342,2030-07-09,16346779.2712,0.295975970714,117.22413,-0.135400856131,0.263188874003,-9.34582203627e-07,1.30837693541,99.3510690374,-9.86381093381,8.35561,False
103,desc,62693.1817899,2030-07-11,16518106.6483,0.818163742333,131.92731,-0.546686585342,0.608708211441,-2.23517417908e-07,1.78997780946,64.0391114192,-2.62701446312,4.69797,True
81,desc,62694.6380727,2030-07-12,16643929.4835,0.883137983233,310.14228,0.569348379876,-0.675111190666,-3.35276126862e-08,0.399737269199,32.3993848104,-7.20238227673,17.0676,True
148,desc,62700.1140668,2030-07-18,17117055.3724,3.15883829985,228.48253,-2.09383085215,-2.36519169776,2.75671482086e-07,2.86252322727,17.8700998478,-1.98654946961,9.87177,False
84,desc,62700.5620813,2030-07-18,17155763.8227,1.03605958041,145.70748,-0.855963266616,0.583734820247,1.13854184747e-06,1.97067669493,62.5036201871,-4.14408460782,6.69302,True
60,desc,62700.736742,2030-07-18,17170854.5069,0.202180935107,64.89558,0.0857791598236,0.183082129823,1.14366412163e-05,1.16286958415,105.743970416,-53.7564725967,38.87863,False
76,desc,62702.9998648,2030-07-20,17366388.3194,0.995075052713,33.60445,0.828776376336,0.550730495395,6.71483576298e-07,1.52389362596,38.8753891299,-2.24859630394,4.09944,True
210,desc,62703.9935121,2030-07-21,17452239.4417,1.0197680676,151.11156,-0.892870185389,0.492655806562,2.36183404922e-06,1.94375534363,54.8261108885,-10.7110836365,22.32417,True
102,asc,62704.5190054,2030-07-22,17497642.0669,1.12161431679,161.20276,-1.06179277371,0.361406670287,1.52923166752e-06,1.9803974461,49.3617951121,12.077355412,26.06566,True
99,asc,62705.5880018,2030-07-23,17590003.3582,1.9701763602,356.54428,1.96659395029,-0.118756578704,-5.96046447754e-08,1.68637928839,15.9590205453,3.57458459254,12.15584,False
171,desc,62705.6194801,2030-07-23,17592723.0832,1.10547324972,319.50669,0.840692277525,-0.71784928805,2.04145908356e-06,0.410583966148,35.2612631585,-6.67948062789,18.03421,True
118,asc,62706.248433,2030-07-24,17647064.6099,2.0224845962,262.94888,-0.248269806742,-2.00718859226,-5.0961971283e-06,1.32992397141,29.9368487463,15.5527260289,68.42022,False
129,desc,62706.8663578,2030-07-24,17700453.3179,0.948731550069,260.21035,-0.161314239782,-0.934916718291,1.77882611752e-06,0.654606107237,46.6699051983,-18.5361907264,35.60472,True
222,desc,62707.1821752,2030-07-25,17727739.9337,1.0079617149,108.01435,-0.311717382885,0.958550516096,-1.81794166565e-06,2.01611657099,57.1485758658,-10.5362056971,21.61632,True
260,asc,62707.4061328,2030-07-25,17747089.8698,0.967245848612,271.09639,0.018507714994,-0.967068764951,1.88685953617e-06,0.487942117403,42.1168182931,22.2809672383,47.70709,True
141,desc,62710.8711774,2030-07-28,18046469.7262,1.54092781179,127.34369,-0.934718797627,1.22505481123,1.67638063431e-07,2.55637315155,47.501945107,-0.980504112819,3.20528,True
271,asc,62711.1845272,2030-07-29,18073543.1535,2.50485851369,210.87182,-2.1499635939,-1.28529090812,1.34110450745e-07,2.73848976278,34.9860807224,3.83314643473,15.73453,False
291,desc,62711.2724994,2030-07-29,18081143.9525,1.82895953487,338.02876,1.6961254485,-0.684289005574,-3.81842255592e-08,1.15297916008,30.9539179076,-1.14621199906,3.57805,False
292,asc,62711.6064616,2030-07-29,18109998.2843,0.792735034334,126.7835,-0.474684173241,0.634904536395,4.48431819677e-07,1.80933710489,68.3452094153,1.7000342463,2.51747,False
297,desc,62714.0356321,2030-08-01,18319878.6159,0.431221678467,261.11844,-0.066577356149,-0.42605116081,3.04635614157e-06,0.77195877953,40.573879783,-21.9274420732,24.30945,False
190,asc,62714.0530134,2030-08-01,18321380.3568,1.00185223141,81.65754,0.145358205272,0.991251171875,-4.04193997383e-07,1.87141166479,49.8748293913,2.93695364564,7.36842,True
44,desc,62715.436656,2030-08-02,18440927.0773,0.321353249283,23.55397,0.294579402608,0.128416846182,-4.75253909826e-06,0.992374619285,59.9420323015,-22.3986487104,20.2845,False
238,asc,62715.8582303,2030-08-02,18477351.0967,2.16950615382,53.30016,1.29654657655,1.73946081482,-4.76837158203e-07,2.63536514598,42.7321306058,2.98054680038,10.90394,False
248,desc,62716.3166779,2030-08-03,18516960.9689,0.942911038361,159.42683,-0.882776123735,0.331342031181,-1.04308128357e-07,1.88613396681,61.5598000231,-5.67603312176,8.97249,True
113,asc,62717.0523119,2030-08-04,18580519.7477,0.294130951052,38.76304,0.229346258503,0.184155668058,2.6929192245e-06,1.05923482988,89.8145820694,10.0574574107,8.41081,False
239,desc,62717.6099868,2030-08-04,18628702.8576,1.04562423427,28.83489,0.915980585364,0.504291192195,3.25590372086e-06,1.32171494907,20.0651503404,-12.5138674515,36.24349,True
163,desc,62717.7558334,2030-08-04,18641304.0078,0.930264172066,345.54034,0.900796830567,-0.23228538454,3.89665365219e-06,0.611529134452,12.8912558341,-12.7283765482,26.60392,True
203,asc,62718.0719664,2030-08-05,18668617.8993,0.830163828646,197.06965,-0.793593979686,-0.243681303752,-9.87201929092e-08,1.53903562597,54.6981302754,3.36743921846,4.84751,True
57,desc,62718.6642622,2030-08-05,18719792.254,1.01208037462,351.12615,0.999966150294,-0.15612297385,-5.54136931896e-06,0.710269615825,34.371101452,-27.8206397933,55.89453,True
261,asc,62718.9401391,2030-08-05,18743628.018,0.991784179892,31.55547,0.845132937191,0.519024255656,-1.80304050446e-06,1.30647250613,44.322658523,12.8356828608,23.24895,True
83,desc,62719.0535598,2030-08-06,18753427.5688,0.314292058936,335.74474,0.286547718105,-0.129111980694,1.67638063431e-06,0.744334434963,47.213662071,-29.0632826163,26.45905,False
98,desc,62719.2328698,2030-08-06,18768919.9488,1.21233878376,131.66594,-0.805946325021,0.905657687972,3.04542481899e-07,2.22869925189,55.6160049532,-2.30025447,5.52413,True
128,asc,62719.346819,2030-08-06,18778765.163,0.673285881758,273.62643,0.0425859333343,-0.671937732871,7.83242285252e-07,0.629028979497,27.4334877598,5.85022200045,8.54804,False
256,desc,62722.8368425,2030-08-09,19080303.1932,1.34290533143,178.6164,-1.34251379684,0.0324258305427,3.31550836563e-07,2.18671624757,46.2174867028,-3.61919221418,8.6717,True
80,desc,62725.4362403,2030-08-12,19304891.1654,1.55816682345,295.78687,0.677841162963,-1.40300221222,-8.56816768646e-07,0.707876024154,28.8459212471,-8.32503296824,23.55872,True
208,desc,62728.2793185,2030-08-15,19550533.1203,1.97874665257,252.98582,-0.578997831501,-1.89214159781,-1.6950070858e-07,1.82579553476,21.7180042587,-1.06116169552,3.41388,False
299,asc,62729.0468713,2030-08-16,19616849.6806,0.709026847822,157.86367,-0.656764400208,0.267169596983,-2.29105353355e-06,1.70377970679,69.8661056863,7.5044755552,11.16926,False
254,desc,62729.198183,2030-08-16,19629923.01,2.92401279004,193.78257,-2.83982110336,-0.696611008558,9.31322574615e-08,3.61984467542,31.7865390461,-1.20844751379,5.85396,False
214,asc,62729.4649512,2030-08-16,19652971.7868,1.12880374969,159.69,-1.05862417908,0.391807035137,-1.0133953765e-06,2.1135600589,55.6300596177,6.65467850796,13.7949,True
175,desc,62730.0242535,2030-08-17,19701295.5023,2.57691493492,300.97348,1.32618677522,-2.20946129612,6.03497028351e-07,1.66029684388,19.265864929,-3.1747502084,13.20499,False
282,asc,62731.0445013,2030-08-18,19789444.9099,1.0209381731,137.24402,-0.74962554686,0.693091835754,-2.33203172684e-06,2.03369975368,64.6564007224,19.0611170789,31.15841,True
273,asc,62731.5817946,2030-08-18,19835867.0499,0.84284887385,234.38229,-0.490853497637,-0.685169371767,-1.35507434607e-06,1.29722748211,52.0300587589,6.14234331098,10.31047,True
257,desc,62732.9699942,2030-08-19,19955807.4966,1.12635233597,216.09232,-0.910170240515,-0.663520699022,1.89989805222e-06,1.72991181041,50.3133308207,-8.30153936865,17.74569,True
278,asc,62734.6885539,2030-08-21,20104291.0566,0.983082730237,297.22413,0.449733277336,-0.874180549856,7.72997736931e-07,0.488055037452,46.3672683751,2.969690064,8.35561,True
275,desc,62735.9524828,2030-08-22,20213494.5103,1.03716496418,164.4869,-0.99938034667,0.277398784458,3.35648655891e-06,2.02596841261,64.2381169288,-13.3170999009,23.29362,True
136,asc,62736.2405284,2030-08-23,20238381.6511,1.03627887693,290.33711,0.360151512861,-0.971681428534,1.28895044327e-06,0.644248014868,21.0126697666,12.3013154574,24.09941,True
186,asc,62736.5109039,2030-08-23,20261742.0964,1.06766146257,292.44372,0.407607252995,-0.986791429823,4.34461981058e-06,0.623946962117,17.3675204102,14.6685065693,30.12309,True
272,desc,62737.2641156,2030-08-24,20326819.5901,0.377079538072,199.28184,-0.355927510748,-0.124517408924,-3.71364876628e-08,1.28302405948,81.1366600533,-2.81705187478,2.63724,False
67,desc,62738.8853481,2030-08-25,20466894.0762,1.15800401988,279.34195,0.187974530574,-1.14264556443,-3.39932739735e-08,0.929408418828,17.3493510764,-0.744393050648,1.43938,True
153,desc,62740.5810815,2030-08-27,20613405.4416,0.48110636005,92.10936,-0.017708063185,0.480780359602,-4.1164457798e-07,1.32597782896,68.053344494,-1.3900964912,1.52282,False
294,desc,62740.6787088,2030-08-27,20621840.4437,0.832012706109,7.91609,0.8240843127,0.114587035425,2.71946191788e-07,0.605403211177,9.22502618583,-1.96197007237,3.7759,True
279,desc,62741.459655,2030-08-28,20689314.1938,1.28699143964,358.12913,1.28630540028,-0.0420164600217,8.9593231678e-07,0.585112262689,31.0826158408,-2.98287065544,7.14292,True
244,asc,62745.1865056,2030-09-01,21011314.0854,2.16532770128,74.90308,0.56396524737,2.09059495209,7.52508640289e-07,2.53435634806,38.9181219556,5.36928078058,19.45987,False
159,asc,62747.0646529,2030-09-03,21173586.0113,1.9875091361,105.20898,-0.521403987485,1.91789740286,8.75443220139e-08,2.727204363,36.7213721547,1.70244106287,5.39883,False
132,asc,62747.1189477,2030-09-03,21178277.0785,2.03667346768,178.00841,-2.03544319242,0.0707801129233,-4.43309545517e-07,3.00419532159,51.1717587277,2.62817871731,8.56552,False
5,asc,62748.0475705,2030-09-04,21258510.0931,0.954979016943,295.27177,0.407692349914,-0.863580841973,1.4640390873e-06,0.723024176275,18.0909558409,17.1870722726,37.03321,True
81,asc,62748.163162,2030-09-04,21268497.1996,0.378024734515,130.14228,-0.24370797569,0.288979449944,-1.85705721378e-06,1.35549652821,82.4950958012,16.8261406665,17.0676,False
296,desc,62748.3586708,2030-09-04,21285389.1604,0.964497486906,217.00648,-0.770216290224,-0.580536190535,1.34762376547e-06,1.7244056232,42.3609565929,-6.76988469296,18.943,True
137,asc,62748.4879646,2030-09-04,21296560.1432,0.976785985928,283.609,0.229832649017,-0.949361793918,-2.5350600481e-06,0.920223630983,34.3699352912,12.2637178933,18.80198,True
22,asc,62748.9063693,2030-09-04,21332710.305,1.03937071676,275.31036,0.0961944136032,-1.03490971667,3.4011900425e-06,1.08406273811,49.1402593243,18.0668196713,34.88704,True
24,desc,62751.0690355,2030-09-07,21519564.6679,1.3701429057,274.35212,0.103974391469,-1.36619211971,5.72204589844e-06,1.34563896287,40.518333483,-21.1750263975,64.00427,True
198,desc,62751.0934261,2030-09-07,21521672.0143,0.934096917009,218.83283,-0.727641693906,-0.585725717085,-3.44216823578e-06,1.70420987762,37.4589875321,-12.8256141048,34.03784,True
249,asc,62752.143016,2030-09-08,21612356.5791,0.990645992869,311.52793,0.656783496253,-0.741629909211,4.47034835815e-07,0.530602773688,26.9690390391,10.598488721,17.09824,True
106,asc,62752.5409626,2030-09-08,21646739.1667,1.61146583978,190.01269,-1.58692203684,-0.280179588434,-1.60932540894e-06,2.55071997011,47.6939234269,13.6126871383,40.78349,False
51,desc,62758.3246507,2030-09-14,22146449.8192,2.94016464904,133.49561,-2.0237123746,2.13287514598,-7.89761543274e-07,3.81187257975,41.7480271352,-2.19046820736,10.029,False
133,asc,62760.4413961,2030-09-16,22329336.6232,1.11233337075,169.75955,-1.09461428215,0.197750097336,1.21351331472e-06,2.11978507101,60.6702498227,4.26830115966,9.62248,True
91,asc,62764.7801518,2030-09-20,22704205.1147,1.24176648339,219.82254,-0.953715957148,-0.795242021237,-1.22468918562e-07,2.07671234526,52.0632594235,0.44080791602,0.83203,True
288,asc,62764.9755601,2030-09-20,22721088.3932,0.997348247071,83.16315,0.11872690185,0.990256254064,8.56816768646e-08,1.39728979936,41.9942238619,5.49134655979,9.33904,True
113,desc,62766.6479381,2030-09-22,22865581.8511,1.06618001427,218.76304,-0.831345345634,-0.667536320459,4.47034835815e-07,1.93174422075,63.3645468474,-2.7745872871,8.41081,True
123,asc,62767.3485369,2030-09-23,22926113.5856,1.11948456698,227.75939,-0.752568447595,-0.828786116799,6.89178705215e-07,1.92082541287,62.1505245957,2.42020844366,4.48847,True
242,asc,62767.7600483,2030-09-23,22961668.1712,1.00399146782,277.35076,0.128453988392,-0.995740146982,1.85333192348e-07,1.29279096316,36.2813654869,1.14935222689,1.91954,True
26,asc,62770.1343922,2030-09-26,23166811.4884,0.351985044212,161.99674,-0.334751480664,0.108788407204,3.70480120182e-06,1.34420226095,91.9466388086,19.7756101381,19.2213,False
60,asc,62770.5668164,2030-09-26,23204172.9394,1.02936763287,244.89558,-0.436729064741,-0.932129522985,-2.73436307907e-06,1.71815236058,44.4678114586,10.5584570085,38.87863,True
171,asc,62770.9865032,2030-09-26,23240433.8787,0.451619450189,139.50669,-0.343448368607,0.293263270613,2.09361314774e-06,1.37721853005,74.1436771601,16.3500202506,18.03421,False
122,asc,62771.8326279,2030-09-27,23313539.0488,2.64861237984,164.87309,-2.55683842105,0.691176408231,8.94069671631e-08,3.62254357001,44.486314906,2.39424014203,10.06177,False
134,desc,62773.5467817,2030-09-29,23461641.9387,1.01735989839,164.3211,-0.979505293399,0.274937343874,8.49366188049e-07,1.99399220398,59.3708381545,-20.2209635352,38.14572,True
284,desc,62776.4978297,2030-10-02,23716612.4874,1.26341678431,91.37599,-0.0303387400107,1.26305246595,1.25175574794e-07,1.54864482695,27.0357468951,-0.83388547449,1.79833,True
228,asc,62777.2527584,2030-10-03,23781838.3244,1.84663831709,320.05713,1.41578987962,-1.18558512597,4.99188899994e-07,1.36901883387,28.4805128836,2.22871589687,7.15733,False
117,desc,62779.6723087,2030-10-05,23990887.4694,0.886531582092,98.65037,-0.133338360061,0.87644687676,2.76044011116e-06,1.33257306681,41.7171484935,-10.3505747992,18.68411,True
53,desc,62779.7754639,2030-10-05,23999800.0797,1.02344531027,312.13915,0.686663694784,-0.758902677151,5.58793544769e-07,0.967502962535,27.3143894419,-17.3754194474,29.53092,True
14,desc,62781.1373528,2030-10-07,24117467.2823,2.8131702881,46.433,1.93884353504,2.03833579581,-2.23517417908e-07,2.08625276047,15.4086109787,-1.95039941278,8.85374,False
112,asc,62782.2566029,2030-10-08,24214170.4928,1.10051648397,0.98343,1.10035437855,0.0188884381141,-3.29315662384e-06,0.218822497875,29.3604101412,24.4786405582,62.10129,True
240,asc,62783.9366546,2030-10-09,24359326.9596,1.78093344793,137.21706,-1.30708429268,1.2096506098,2.6598572731e-06,2.48230729861,40.0790518259,8.97987244428,28.00194,False
277,asc,62784.8802705,2030-10-10,24440855.3736,0.960311364172,58.22184,0.505730497667,0.816354445009,-2.27009877563e-08,0.735379243419,32.5483756285,24.3692200031,40.35278,True
30,asc,62787.1685712,2030-10-13,24638564.5552,0.873522723438,35.50297,0.711122109505,0.507294089987,1.13155692816e-07,0.333583194912,9.60059228104,3.78981612903,6.35218,True
37,asc,62788.3136661,2030-10-14,24737500.7526,0.968429042528,272.66887,0.0450936645302,-0.967378608318,3.21492552757e-06,1.56054468617,40.4312544179,10.5805039619,24.92726,True
101,desc,62788.5211227,2030-10-14,24755425.0015,3.65420728381,70.069,1.24567630859,3.43533424972,1.15483999252e-07,3.1434785369,28.0043546197,-2.31692894142,12.87861,False
201,desc,62788.7633098,2030-10-14,24776349.9665,0.90279588588,42.60435,0.664499025574,0.611131292419,1.3392418623e-06,0.415183679417,24.4136166716,-4.17932792961,6.40373,True
75,desc,62790.222109,2030-10-16,24902390.2161,1.13417680611,287.56402,0.342261959915,-1.08130189046,1.30012631416e-06,1.53622988162,37.8427486695,-5.42633781836,9.6898,True
300,asc,62791.274069,2030-10-17,24993279.5635,0.484694683609,229.11004,-0.317285189351,-0.366413761937,-5.14090061188e-06,1.44275603097,76.073840673,17.2437202598,20.38021,False
83,asc,62793.7813629,2030-10-19,25209909.7571,0.961756022516,155.74474,-0.876856369071,0.395091830928,-2.22772359848e-06,1.79505190934,42.8990951312,9.49758433433,26.45905,True
220,asc,62794.3179255,2030-10-20,25256268.7637,0.589473545808,22.58099,0.544283130621,0.226351352831,-2.46614217758e-06,0.408177706482,28.3122035296,10.6039997741,13.76438,False
160,asc,62795.9058537,2030-10-21,25393465.7623,1.46486442969,264.05008,-0.151846602756,-1.45697302878,-2.57976353168e-07,2.15576131977,56.5585411062,0.869160532564,1.94299,True
19,asc,62796.0479388,2030-10-22,25405741.913,1.33216309403,40.94164,1.0062859388,0.872953102099,-1.63819640875e-06,0.459568098524,25.9298400123,4.46398573139,10.7844,True
9,asc,62796.9910515,2030-10-22,25487226.8535,1.06195861177,337.13487,0.978512085694,-0.412638087508,1.92318111658e-06,0.856806844525,34.3936207254,6.80261035035,13.33676,True
87,desc,62797.0853135,2030-10-23,25495371.0872,0.650232851113,159.37397,-0.608552661522,0.229055492887,5.68572431803e-07,1.51701566764,76.9442724345,-2.33489558512,3.1187,False
183,desc,62801.1563425,2030-10-27,25847107.9942,0.967442388613,142.74951,-0.770081070637,0.585593647447,2.45776027441e-06,1.63130514518,46.7298459653,-11.2496982245,21.47,True
198,asc,62802.3014582,2030-10-28,25946045.9908,0.356829085783,38.83283,0.277962292441,0.223749771936,-1.85705721378e-06,0.642842965528,44.0097682831,33.5745236902,34.03784,False
194,desc,62806.7201673,2030-11-01,26327822.4547,0.981737788651,134.32185,-0.685928576265,0.70236107091,-1.77323818207e-06,1.49597658534,57.2370606184,-19.4518854523,39.93236,True
251,asc,62808.017704,2030-11-03,26439929.6236,3.70377897617,329.9873,3.20715612065,-1.8526004216,3.57627868652e-07,3.44268940096,37.3197636336,2.85840938676,16.40099,False
104,desc,62809.4165894,2030-11-04,26560793.3248,1.05770931836,248.67554,-0.38463487601,-0.985294379517,1.15111470222e-06,1.98055850076,61.1773958402,-12.9756825601,24.75984,True
92,asc,62810.4906936,2030-11-05,26653595.9269,0.947047464663,157.57903,-0.875456833689,0.361212171266,-1.19302421808e-06,1.66234065179,62.3728192811,4.06651907787,6.01513,True
25,asc,62810.5833825,2030-11-05,26661604.2454,0.976088910962,220.68627,-0.74015902563,-0.636328672056,-2.04890966415e-07,1.96882351886,63.5142628885,14.3784228528,24.53703,True
190,desc,62811.336491,2030-11-06,26726672.8266,0.421484168585,261.65754,-0.0611529129498,-0.41702425062,7.89761543274e-07,1.33897133103,80.527817586,-6.98102985294,7.36842,False
127,desc,62812.6874895,2030-11-07,26843399.0934,0.772321299639,52.85463,0.466358007079,0.615621961198,-2.71946191788e-07,0.276678839302,14.0535077483,-1.52134734652,2.11568,False
34,asc,62814.0708753,2030-11-09,26962923.6254,1.68327879032,266.7232,-0.0962158407727,-1.68052670253,2.80095264316e-07,2.49797529501,44.6799653171,1.08641614978,2.79844,False
29,desc,62814.7005787,2030-11-09,27017329.9998,1.576537435,344.28075,1.5175761597,-0.427121626093,7.00354576111e-07,1.3732916451,19.9370841276,-16.1960752222,51.3362,True
280,asc,62814.8899284,2030-11-09,27033689.8128,0.940135017279,164.91856,-0.907753915157,0.244615372025,-5.74439764023e-06,1.68040124967,53.8990056152,21.4498735152,36.78219,True
35,asc,62814.9498823,2030-11-09,27038869.833,1.02047449808,38.30847,0.800750766613,0.632587077797,4.64031472802e-07,0.105918457668,22.8173680212,20.450003257,44.05781,True
297,asc,62816.3202517,2030-11-11,27157269.7465,0.9578518783,81.11844,0.147885064281,0.946366857263,9.25734639168e-07,0.5971487286,19.1914051824,9.87166031563,24.30945,True
85,asc,62818.9743579,2030-11-13,27386584.5268,2.59709022878,338.02633,2.4084269603,-0.971780445016,2.4288892746e-06,2.44483557961,26.6073968575,9.35071607275,42.72023,False
26,desc,62822.5108468,2030-11-17,27692137.1675,0.886596595788,341.99674,0.843187879918,-0.274021391176,-5.28991222382e-07,1.07574144715,50.5531120377,-7.85105542005,19.2213,True
98,asc,62823.259124,2030-11-18,27756788.3096,0.775565876625,311.66594,0.515585640295,-0.579373693316,8.94069671631e-07,1.36688852805,63.3303818313,3.59568128323,5.52413,False
4,desc,62823.3802164,2030-11-18,27767250.6996,0.895329019951,85.09881,0.0764947775652,0.892055269012,-7.33882188797e-07,0.53534755367,48.7474550355,-6.50210958205,22.31053,True
146,asc,62823.3851604,2030-11-18,27767677.8623,1.07717486986,110.66657,-0.380166234706,1.00785878686,-3.1990930438e-07,1.00608488271,44.0379082579,3.73456177972,7.79145,True
269,desc,62823.9280885,2030-11-18,27814586.8504,1.09237407123,284.47484,0.273044188652,-1.05769938193,6.66826963425e-07,1.876899636,48.4787976865,-6.27187308188,13.47265,True
218,desc,62826.410859,2030-11-21,28029098.2174,0.959395795783,353.91597,0.953992022367,-0.101683401916,4.5532360673e-06,0.99972334276,37.2637811139,-16.041332705,24.23489,True
38,desc,62827.4128284,2030-11-22,28115668.3776,2.57963097596,258.7561,-0.502991671445,-2.53011765549,3.3900141716e-07,3.5153511864,46.2977807634,-2.28227637105,9.53681,False
74,asc,62829.0762739,2030-11-24,28259390.0654,2.75556706932,294.72295,1.15246342218,-2.50299379426,3.25962901115e-08,3.40359065969,37.7717308739,1.19266995363,5.40987,False
296,asc,62831.8794843,2030-11-26,28501587.4472,0.298621849126,37.00648,0.238469685962,0.179742086481,5.17815351486e-07,0.725595886993,45.149098048,21.8655694221,18.943,False
225,asc,62835.5270595,2030-11-30,28816737.9439,2.61511981587,107.52446,-0.787446366634,2.4937481571,5.84870576859e-07,2.00442746563,31.2071358918,1.93304616535,8.14565,False
5,desc,62836.8041612,2030-12-01,28927079.5279,0.745228928478,115.27177,-0.31814744375,0.673905304829,1.73225998878e-07,0.752803600579,25.0549526805,-22.0244984538,37.03321,False
258,asc,62838.42063,2030-12-03,29066742.4323,0.94469111897,306.96917,0.568123259649,-0.754769681496,-2.55415216088e-07,1.67934737828,59.2499710799,1.55234204301,2.34859,True
133,desc,62839.9199146,2030-12-04,29196280.6252,0.769079280014,349.75955,0.7568281112,-0.136726548426,2.28174030781e-08,1.13519622609,63.3650277156,-6.17332171038,9.62248,False
151,desc,62840.0043918,2030-12-05,29203579.4512,0.967374238216,334.89353,0.875977582555,-0.41045851389,1.27404928207e-06,1.43450070018,53.8349247081,-7.45882856826,11.22959,True
226,asc,62840.2249778,2030-12-05,29222638.0851,0.967604659562,150.72865,-0.844054967774,0.473106741214,-3.75509262085e-06,1.27052652886,39.8840690152,22.3575057632,45.86726,True
164,asc,62841.0326208,2030-12-06,29292418.4404,0.784190191481,243.71849,-0.347225192665,-0.703127955634,4.95929270983e-07,1.76723405337,69.9483669317,4.58191231107,7.30927,False
107,asc,62842.2035562,2030-12-07,29393587.2578,2.27141163618,218.89189,-1.76791242184,-1.42611236923,4.26545739174e-07,3.14627094365,41.8176621315,1.72033602189,6.62299,False
141,asc,62843.2910937,2030-12-08,29487550.4921,0.561504703326,307.34369,0.340605833147,-0.446402507031,-7.13858753443e-07,1.38839966354,74.6718544586,2.6907807683,3.20528,False
172,asc,62844.4403993,2030-12-09,29586850.4996,1.53611639021,116.63182,-0.688572773593,1.37314278199,1.41561031342e-06,1.05237893571,27.1212220531,6.32760468852,17.25133,True
162,asc,62847.2324389,2030-12-12,29828082.7173,0.689498332152,96.44687,-0.0774181362908,0.685138221247,-1.19023025036e-06,0.408804221074,18.7876205796,11.3078982593,16.72622,False
300,desc,62847.2516232,2030-12-12,29829740.242,0.98312473579,49.11004,0.643561665724,0.743211025572,-8.94069671631e-07,0.469968008521,42.4826678784,-8.50140295663,20.38021,True
222,asc,62849.3025057,2030-12-14,30006936.4911,0.875058528711,288.01435,0.270616383945,-0.832162364812,2.99885869026e-06,1.80009135426,61.3407266912,12.136436152,21.61632,True
298,desc,62849.5845425,2030-12-14,30031304.4681,1.38817749185,318.73493,1.04344632178,-0.915563499953,-7.59959220886e-07,2.06867565723,41.9581555914,-11.5794634644,29.79622,True
15,desc,62850.8772697,2030-12-15,30142996.0985,0.986646645761,313.6246,0.680717518987,-0.714209537135,-2.23144888878e-06,1.76264001804,62.5447532645,-9.14218007378,13.83947,True
214,desc,62855.6864243,2030-12-20,30558507.056,1.1088130104,339.69,1.03987629666,-0.384868262749,1.55181623995e-06,1.66910329058,57.3794369566,-6.77465540382,13.7949,True
279,asc,62855.7059114,2030-12-20,30560190.7458,0.922131874728,178.12913,-0.921640326191,0.0301048754917,1.19674950838e-07,1.38105406691,36.8151205268,4.16310194269,7.14292,True
121,desc,62856.0998971,2030-12-21,30594231.11,3.41667187639,95.18421,-0.308724059294,3.40269542659,-2.23517417908e-08,2.45123228905,23.1165757022,-2.53666349735,13.75276,False
272,asc,62857.6447501,2030-12-22,30727706.4063,1.47711678813,19.28184,1.39425889873,0.487766469847,1.94646418095e-07,1.43613527138,36.8197391911,0.71913922325,2.63724,True
4,asc,62857.6847829,2030-12-22,30731165.2431,0.155569080425,265.09881,-0.0132914514528,-0.155000245492,8.46199691296e-06,1.13944158861,130.604075956,37.4208511345,22.31053,False
270,asc,62861.9467089,2030-12-26,31099395.6453,0.902324421954,90.70575,-0.0111142454625,0.902255970334,1.0384246707e-06,0.0829503542506,9.29163709618,4.56702548957,7.03616,True
71,asc,62863.6015604,2030-12-28,31242374.8224,1.83350585156,219.36124,-1.41759849096,-1.1628233856,9.23871994019e-07,2.53935311164,47.5537250638,5.20926648229,16.69512,False
102,desc,62864.2901285,2030-12-29,31301867.1059,1.02535859846,341.20276,0.970670875014,-0.330391143706,-2.64868140221e-06,1.67417232589,53.2309500557,-13.2111192702,26.06566,True
139,desc,62866.3877232,2030-12-31,31483099.2804,1.02941241258,357.37634,1.02833333329,-0.0471218720642,8.04662704468e-07,1.52908806602,46.3476553141,-31.5564386157,57.84046,True
54,asc,62866.8628945,2030-12-31,31524154.0823,0.970247715595,18.12085,0.922125964338,0.30176867881,1.71735882759e-06,1.23723319117,36.0194150664,10.2961503773,17.99169,True
68,asc,62867.5619776,2031-01-01,31584554.8612,1.27655297873,139.30103,-0.967813609643,0.832420761688,-1.24797224998e-06,0.852925707879,19.3202205575,5.92183412681,13.91996,True
49,asc,62868.2504898,2031-01-02,31644042.32,0.199750974798,87.94857,0.00715039746464,0.199622953962,-4.31202352047e-06,0.78757671071,62.8964279702,33.728858895,22.80162,False
220,desc,62868.4687774,2031-01-02,31662902.3642,1.14385677534,202.58099,-1.05616605036,-0.439228410477,-1.02445483208e-06,1.68193709216,30.7690035916,-5.46465036652,13.76438,True
262,desc,62872.1388411,2031-01-06,31979995.869,0.426181055319,257.65134,-0.0911431196532,-0.416321058383,-4.44240868092e-06,1.38264161548,91.0334177129,-15.1763689362,15.83674,False
191,asc,62872.5950104,2031-01-06,32019408.9005,1.02278242989,359.93571,1.02278178602,-0.00114763546593,4.45172190666e-07,1.56595116847,30.5026982453,2.04527799682,5.04225,True
174,asc,62874.7254408,2031-01-08,32203478.0888,2.32642414111,10.77506,2.28540631025,0.434933651732,6.7800283432e-07,2.58725779333,41.4016790142,3.80461528283,14.39783,False
73,asc,62876.4246406,2031-01-10,32350288.9453,1.23289769585,181.16134,-1.23264444222,-0.0249881471735,-1.51470885612e-07,1.35926824605,49.2754439773,1.25064216245,2.66375,True
42,desc,62876.7979086,2031-01-10,32382539.3049,0.858103395024,56.20005,0.477358534026,0.71307101087,-3.7457793951e-06,0.795532893628,22.3051007903,-14.2392211932,25.15147,True
185,asc,62877.1207603,2031-01-11,32410433.6869,0.607201001521,322.05585,0.478845088599,-0.373363679772,-8.475035429e-08,1.5215854951,66.9122546793,11.9984677031,16.44727,False
128,desc,62877.1616078,2031-01-11,32413962.9165,0.960298827468,93.62643,-0.0607397584824,0.958375980383,-1.18091702461e-06,0.230881670219,5.67101281786,-4.10171476355,8.54804,True
204,desc,62877.860625,2031-01-11,32474357.9971,4.6202724951,160.1136,-4.34476053914,1.5716150249,-1.11758708954e-07,4.09196801746,32.0076652524,-1.43660841848,10.00804,False
292,desc,62878.6454523,2031-01-12,32542167.0786,1.60443544158,306.7835,0.960724678639,-1.28499851286,-4.00468707085e-08,2.55760860359,51.3418660647,-0.839969419572,2.51747,False
41,asc,62880.8548073,2031-01-14,32733055.3491,4.04967933169,55.15904,2.3135836269,3.32373787939,-1.95205211639e-06,3.59037543663,29.8206740277,6.81574192941,47.83485,False
11,desc,62883.9260579,2031-01-17,32998411.3988,0.963804249473,167.89802,-0.942384656389,0.202063828292,-5.66244125366e-07,0.881274796524,33.5718016533,-24.2879650984,39.51172,True
256,asc,62884.47085,2031-01-18,33045481.4441,1.03864715568,358.6164,1.03834432995,-0.0250792039286,-7.45989382267e-07,1.71561500045,57.5978151759,4.67938750259,8.6717,True
37,desc,62886.2235916,2031-01-20,33196918.3101,0.50779561716,92.66887,-0.0236448559518,0.507244822146,-3.01003456116e-06,0.557963114875,30.6856405617,-20.1783295779,24.92726,False
291,asc,62886.9647888,2031-01-20,33260957.7498,0.975006866704,158.02876,-0.904193847675,0.364790180715,-6.52857124805e-07,0.683414855183,13.2587289108,2.15011343638,3.57805,True
120,asc,62888.5373645,2031-01-22,33396828.2967,0.954077934995,261.43576,-0.142079570738,-0.943439506075,1.03376805782e-06,1.83597866404,68.1973516927,4.86161992288,7.77266,True
65,desc,62888.7213937,2031-01-22,33412728.4171,0.751380810236,276.9752,0.0912474727168,-0.745819697189,7.9395249486e-07,1.7040338661,70.9218241199,-3.19493804308,5.05883,False
87,asc,62888.7641177,2031-01-22,33416419.7694,1.35058753016,339.37397,1.26401432147,-0.475767245347,-6.23986124992e-08,2.19498772253,60.4112005223,1.12412248703,3.1187,True
60,desc,62888.7965007,2031-01-22,33419217.6621,0.202180935107,64.89558,0.0857791598236,0.183082129823,1.14366412163e-05,0.880994552843,74.5260963362,-53.7564725967,38.87863,False
231,asc,62889.043732,2031-01-23,33440578.4413,1.36553721031,358.77697,1.36522612034,-0.0291464076842,7.07805156708e-07,2.04896986408,40.5537565921,7.71237386035,19.07078,True
186,desc,62891.0684619,2031-01-25,33615515.1073,1.12950453834,112.44372,-0.431217439477,1.04395020093,2.7921050787e-06,0.219215935989,19.5568108712,-13.8653707408,30.12309,True
210,asc,62891.3398645,2031-01-25,33638964.2967,0.858329658611,331.11156,0.751520846513,-0.414663984581,2.98023223877e-08,1.78226025799,59.9351556515,12.7256712527,22.32417,True
44,asc,62892.328693,2031-01-26,33724399.0779,0.995912089171,203.55397,-0.912936741525,-0.397979139316,-9.01520252228e-07,1.28476007906,46.4729596692,7.22742360585,20.2845,True
130,asc,62892.5946486,2031-01-26,33747377.6351,2.25602967351,104.69532,-0.572307207037,2.18223150663,-3.27825546265e-07,1.35650964774,22.535498632,1.46788723759,5.43674,False
72,desc,62894.92961,2031-01-28,33949118.3002,1.18000668914,15.43379,1.13745402628,0.314028859367,-6.30971044302e-08,1.77524083994,34.6084728506,-0.832258053641,1.97391,True
78,asc,62897.6697439,2031-01-31,34185865.8766,1.77811745868,279.53942,0.29468054273,-1.75352931957,8.19563865662e-07,2.68487456459,49.0133773132,11.2524632759,36.0152,False
293,desc,62901.9741534,2031-02-04,34557766.8564,0.978457343952,231.88447,-0.603951964766,-0.769818678773,-1.45751982927e-07,1.49815353794,60.3973392729,-0.788259988864,2.35416,True
61,asc,62902.7109682,2031-02-05,34621427.6566,0.823328556296,177.7231,-0.822678533365,0.0327099733007,7.23637640476e-07,0.701472296602,20.8492846044,3.12730525243,4.44104,True
77,asc,62903.7750616,2031-02-06,34713365.3181,0.992050014191,1.27533,0.991804268717,0.0220799277847,2.27242708206e-06,1.81386989528,61.7388797868,8.70009265419,13.23278,True
55,desc,62907.2047701,2031-02-10,35009692.1406,2.29036893089,122.02023,-1.21439634569,1.9419143532,2.16066837311e-07,1.36746586292,20.4597894388,-5.90286984603,22.71515,False
39,desc,62908.1467741,2031-02-11,35091081.279,0.940322296148,72.04419,0.289885744907,0.894523490766,4.24683094025e-06,1.05961750319,35.9552463843,-29.1859837667,52.36973,True
235,asc,62910.1295067,2031-02-13,35262389.3755,1.384278013,16.51692,1.3271569167,0.393548136507,3.55765223503e-07,2.1038581914,33.7533815424,2.73820759632,9.20708,True
194,asc,62911.0203272,2031-02-14,35339356.2685,1.01426929299,314.32185,0.708657953406,-0.725634965923,-3.98885458708e-06,1.99723894672,57.2989067608,18.8279889188,39.93236,True
294,asc,62913.6912395,2031-02-16,35570123.0904,0.59322375123,187.91609,-0.587570819196,-0.0817003760858,-4.15369868279e-07,0.691731411365,37.464254173,2.75171724974,3.7759,False
261,desc,62913.838484,2031-02-16,35582845.0191,1.4335818743,211.55547,-1.22160373667,-0.750227499404,-4.842877388e-07,1.38838827516,26.0410689936,-8.88001405971,23.24895,True
83,desc,62915.7160109,2031-02-18,35745063.3386,0.314292058936,335.74474,0.286547718105,-0.129111980694,9.53301787376e-06,1.29906957556,92.7809633279,-29.0632826163,26.45905,False
19,desc,62920.7169868,2031-02-23,36177147.6574,0.994114475636,220.94164,-0.750931641085,-0.651433236093,5.17815351486e-07,1.13069376626,24.645078409,-5.98196403873,10.7844,True
105,desc,62923.4644466,2031-02-26,36414528.1903,1.03264242452,336.83722,0.949402207614,-0.406184471749,-4.72366809845e-06,2.02177924402,57.1263348156,-18.1932652265,37.1231,True
49,desc,62924.6287969,2031-02-27,36515128.0546,1.15710856194,267.94857,-0.0414205043849,-1.15636696854,-1.95950269699e-06,1.78854332441,27.0307553888,-5.82259319887,22.80162,True
46,asc,62925.5348524,2031-02-28,36593411.2448,3.06312386276,82.01076,0.425734790572,3.03339375728,-7.37607479095e-07,2.95257289117,34.5110207288,2.82919209486,13.53118,False
297,desc,62925.671659,2031-02-28,36605231.3399,0.431221678467,261.11844,-0.066577356149,-0.42605116081,2.13179737329e-06,1.17613718873,67.6688508567,-21.9274420732,24.30945,False
255,asc,62926.3140532,2031-03-01,36660734.2007,0.701296907974,299.46913,0.345006208762,-0.61056373054,-2.55648046732e-07,1.60417832985,68.7137003943,1.40643439693,1.97262,False
209,asc,62926.5480766,2031-03-01,36680953.8207,2.25922083698,50.12548,1.44840546106,1.73383978805,7.82310962677e-07,2.72134073223,32.5133410263,2.91803999648,10.99257,False
146,desc,62926.7536678,2031-03-01,36698716.895,0.92025509371,290.66657,0.324784697205,-0.861036780841,-9.0803951025e-08,1.75359663901,53.2099760411,-4.37137064121,7.79145,True
164,desc,62928.0917742,2031-03-03,36814329.2894,1.05344870162,63.71849,0.46644797698,0.944553043363,5.87664544582e-07,1.50924480487,57.6093520336,-3.41078847696,7.30927,True
170,desc,62931.6641825,2031-03-06,37122985.3698,0.826010119371,315.03605,0.584444737429,-0.583709744817,2.7334317565e-07,1.76647779022,66.9081112535,-2.46411483751,3.58083,True
274,asc,62932.1433777,2031-03-07,37164387.8374,0.997080529231,308.19497,0.616534178739,-0.78361673554,8.86619091034e-07,1.89836413582,65.150092813,5.62911951371,9.1404,True
67,asc,62932.9963305,2031-03-07,37238082.951,1.55503535752,99.34195,-0.25242316636,1.53441112751,2.11875885725e-08,1.43877316009,37.4031204191,0.554334755704,1.43938,True
296,desc,62933.2839841,2031-03-08,37262936.2283,0.964497486906,217.00648,-0.770216290224,-0.580536190535,1.95205211639e-06,0.87275062164,27.9992682209,-6.76988469296,18.943,True
230,asc,62933.6484287,2031-03-08,37294424.2386,1.14770292761,87.66314,0.0467971212242,1.14674846391,-2.16066837311e-07,1.33406840085,20.304464468,3.44067547343,8.26679,True
191,desc,62934.0691898,2031-03-09,37330777.9989,0.464185077112,179.93571,-0.464184784896,0.000520849050294,-2.14204192162e-08,0.557458469913,27.2467423163,-4.50655245617,5.04225,False
229,asc,62934.3867612,2031-03-09,37358216.1666,0.99013462152,39.09556,0.768438803808,0.624394405432,-3.33599746227e-06,1.76692345282,50.474971373,12.8157788281,24.832,True
136,desc,62936.0270631,2031-03-11,37499938.2529,1.16905146814,110.33711,-0.406295703052,1.09617751155,1.73598527908e-06,1.03427818619,29.1938217639,-10.9042191164,24.09941,True
190,asc,62936.5981829,2031-03-11,37549282.9993,1.00185223141,81.65754,0.145358205272,0.991251171875,-8.75443220139e-08,1.35678883912,33.2413964108,2.93695364564,7.36842,True
281,asc,62938.1407299,2031-03-13,37682559.0618,0.918877039634,21.49671,0.854958676839,0.336720469924,8.69855284691e-07,1.83562130109,55.4968855858,11.4606094647,21.38605,True
103,asc,62938.815976,2031-03-13,37740900.3227,0.738472615075,311.92731,0.493437989751,-0.549418559466,9.17352735996e-07,1.64149695451,67.3744284414,2.91050465573,4.69797,False
262,asc,62938.827711,2031-03-13,37741914.2307,1.23130237245,77.65134,0.263326438519,1.20281533045,6.96629285812e-07,1.608202356,59.3333758761,5.25287782583,15.83674,True
295,asc,62939.3613287,2031-03-14,37788018.797,2.69137354024,84.2559,0.269367748434,2.67785969558,1.04308128357e-07,2.80103932714,34.2276769781,2.92575386269,12.40454,False
112,desc,62941.4572144,2031-03-16,37969103.3254,0.999106012836,180.98343,-0.998958845118,-0.0171479049771,-4.842877388e-08,0.152432281058,30.9852048791,-26.9632522409,62.10129,True
185,desc,62942.1014179,2031-03-17,38024762.51,0.968277930439,142.05585,-0.763594147947,0.595387376247,1.42119824886e-06,0.521907875411,39.830431975,-7.52416364873,16.44727,True
189,desc,62943.6210315,2031-03-18,38156057.1251,1.23067709863,253.38514,-0.35189599994,-1.17929441885,8.63801687956e-08,1.42750616435,47.4393631531,-1.40056342104,3.12476,True
241,desc,62943.938287,2031-03-18,38183468,0.333243651154,33.02113,0.27941468906,0.18160055774,1.61305069923e-06,1.27336488049,83.7040667347,-32.651708893,31.4187,False
181,desc,62946.7211123,2031-03-21,38423904.1015,2.17584690579,88.50377,0.056813912555,2.1751050404,-2.34693288803e-07,2.37633110304,37.4885463078,-1.29916804743,4.68129,False
293,asc,62948.3398387,2031-03-23,38563762.0623,0.249352319236,51.88447,0.153912507329,0.196182362093,-7.64848664403e-08,1.16412057368,105.363646146,3.09312853961,2.35416,False
286,desc,62948.8254136,2031-03-23,38605715.7388,0.939039062276,61.00265,0.455217184465,0.821323124871,3.42726707458e-07,1.66405918028,49.6431355638,-5.92973105129,10.38842,True
32,desc,62949.982758,2031-03-24,38705710.2944,1.01143991861,238.16545,-0.533502387737,-0.85929384453,-2.01747752726e-06,0.965559897216,33.9306679038,-7.36883079626,11.6234,True
35,desc,62950.2336001,2031-03-25,38727383.0514,1.00999867392,218.30847,-0.792530547253,-0.626093166383,-1.76206231117e-06,0.642942660705,23.0122027127,-20.6621130782,44.05781,True
79,desc,62950.8421949,2031-03-25,38779965.6431,1.03094297251,84.506,0.0987040413957,1.02620705746,1.40769407153e-06,1.51957739745,45.9232690243,-5.06486646039,9.02376,True
147,asc,62951.1425363,2031-03-26,38805915.1378,0.956326535815,18.46202,0.907108024408,0.302845629254,7.91996717453e-06,1.93301294683,55.5304681384,36.5928596342,70.55951,True
70,desc,62951.191661,2031-03-26,38810159.5104,0.941733864156,126.75571,-0.563537734266,0.754511691729,9.72766429186e-07,0.898742971851,32.7711719284,-5.40557219841,8.18219,True
248,asc,62956.2823429,2031-03-31,39249994.429,2.2416229469,339.42683,2.09866162918,-0.787713655001,2.27242708206e-07,3.16125615143,42.0623883921,2.38755330909,8.97249,False
44,desc,62958.1943991,2031-04-02,39415196.078,0.321353249283,23.55397,0.294579402608,0.128416846182,2.70083546638e-08,1.31262261392,94.5657849051,-22.3986487104,20.2845,False
60,asc,62958.6265752,2031-04-02,39452536.0947,1.02936763287,244.89558,-0.436729064741,-0.932129522985,-2.53319740295e-06,0.947266322322,20.4315942507,10.5584570085,38.87863,True
269,asc,62960.3250501,2031-04-04,39599284.328,0.880053504877,104.47484,-0.219973634983,0.852118402194,-1.87754631042e-06,1.29051371764,48.2649113761,7.78501704125,13.47265,True
117,asc,62961.0298076,2031-04-05,39660175.3737,0.966675213046,278.65037,0.145392324676,-0.955678836976,1.49756669998e-06,1.35444466824,43.1630786978,9.49244516511,18.68411,True
16,asc,62962.642251,2031-04-06,39799490.4884,2.68694470734,235.51959,-1.52114503239,-2.21490172485,8.49366188049e-07,2.0601823846,31.6843879139,5.27531130599,23.15184,False
265,asc,62964.9017465,2031-04-08,39994710.8995,0.315588069183,141.40332,-0.246649945221,0.196874665545,6.39818608761e-07,0.854986382254,49.7635054464,21.5554867094,18.97022,False
29,asc,62966.2192835,2031-04-10,40108546.0901,0.975716993127,164.28075,-0.93922593559,0.264345025661,1.57952308655e-06,0.553034710073,40.1873772458,26.1691853967,51.3362,True
115,asc,62966.6057456,2031-04-10,40141936.4236,0.85756078534,109.438,-0.285384761836,0.808681666829,-2.94763594866e-07,1.29197691383,41.2390034673,2.4770564476,3.69008,True
94,desc,62966.8428254,2031-04-10,40162420.1133,1.03989362733,273.21843,0.0583823992744,-1.03825346212,-9.02218744159e-07,1.25568891827,42.2860558666,-15.6296755857,24.8525,True
238,desc,62967.7826124,2031-04-11,40243617.7084,0.945692883776,233.30016,-0.565167731271,-0.758235099395,2.83122062683e-07,0.588797592207,16.681366854,-6.8376475451,10.90394,True
65,asc,62969.1193692,2031-04-13,40359113.5019,0.940761703778,96.9752,-0.114245834774,0.933798946525,-6.5378844738e-07,1.51713604522,59.2066438804,2.55177812386,5.05883,True
109,asc,62969.45973,2031-04-13,40388520.671,1.08960927484,325.49909,0.897965736579,-0.617175751093,6.18398189545e-07,1.86125884903,56.4788437095,3.81134462922,8.88522,True
13,asc,62969.5844115,2031-04-13,40399293.1543,1.20226912507,74.85241,0.314160547618,1.16049739311,-3.31085175276e-07,1.95959060351,42.6308001865,1.13154470676,2.52172,True
263,asc,62972.3294389,2031-04-16,40636463.522,2.37699735755,144.35835,-1.93173199387,1.38510936091,-2.04890966415e-07,2.03830919655,28.6275809886,1.18164732105,4.64461,False
253,asc,62976.0960012,2031-04-20,40961894.505,1.22162503872,116.68273,-0.548570356743,1.09153025561,-5.51342964172e-07,1.57789767399,30.6407130756,15.7073466165,38.24694,True
165,desc,62977.1721289,2031-04-21,41054871.9364,0.206736561063,123.99962,-0.115604481115,0.171393143464,-7.85104930401e-06,1.00266883882,79.3726749145,-27.2127074076,19.13504,False
203,desc,62978.5073649,2031-04-22,41170236.3267,2.40010193696,17.06965,2.294374173,0.70451150599,3.48314642906e-07,3.39073842381,42.9373527801,-1.16475312622,4.84751,False
72,asc,62979.5348087,2031-04-23,41259007.4707,0.748995988219,195.43379,-0.72198616356,-0.19932629028,2.97324731946e-07,0.335739466004,31.8355101491,1.31118201677,1.97391,False
232,desc,62982.1527174,2031-04-26,41485194.78,2.64167483186,196.90762,-2.52748820987,-0.768276816181,-1.31130218506e-06,1.69264717749,23.7759355982,-11.0975091447,55.01316,False
162,desc,62982.7622341,2031-04-26,41537857.0272,1.03395903928,276.44687,0.116094815736,-1.02742069702,2.05263495445e-06,1.07467832664,28.6821520109,-7.5407019947,16.72622,True
28,desc,62982.8142544,2031-04-26,41542351.5794,1.01080834159,206.93149,-0.901184898193,-0.457820142307,-2.9313378036e-07,0.106055902355,9.25383772463,-3.80671729105,5.87999,True
6,asc,62985.9119724,2031-04-29,41809994.4123,0.809115161942,77.51847,0.174869918623,0.789992314421,-2.60770320892e-06,1.69991136455,55.9095616634,14.5761323453,24.37798,True
208,asc,62987.0918639,2031-05-01,41911937.0453,1.0850889046,72.98582,0.317506095051,1.03759713304,6.10016286373e-07,1.99130114139,61.0463014382,1.93511346761,3.41388,True
235,desc,62987.6325129,2031-05-01,41958649.1176,0.409986013895,196.51692,-0.393068277455,-0.11655840102,1.92504376173e-06,0.642703792483,45.6127063275,-9.24529238112,9.20708,False
45,asc,62987.641213,2031-05-01,41959400.8024,1.63160233968,164.09288,-1.56912381209,0.44718749665,3.68058681488e-06,1.31300888686,18.8630865874,12.4458236696,37.98278,False
89,desc,62988.767199,2031-05-02,42056685.9896,0.93669075282,188.869,-0.925491141955,-0.144415070478,-1.18091702461e-06,0.505963223966,13.0254754505,-8.87722380854,15.31841,True
83,asc,62990.443814,2031-05-04,42201545.5268,0.961756022516,155.74474,-0.876856369071,0.395091830928,1.24052166939e-06,1.05391787979,35.3885710298,9.49758433433,26.45905,True
241,asc,62990.5939838,2031-05-04,42214520.1976,0.933305181083,213.02113,-0.782548072762,-0.508603062173,-1.77323818207e-06,0.147449525759,34.2916019197,11.6585388236,31.4187,True
8,asc,62991.8358637,2031-05-05,42321818.6254,0.984359192853,310.13923,0.634564412045,-0.752523107632,2.53692269325e-06,1.39023574586,47.2089671304,24.0950622004,42.03945,True
42,asc,62992.2906331,2031-05-06,42361110.7035,1.01903071268,236.20005,-0.566881578555,-0.846799190652,1.82911753654e-06,0.24824534477,12.6435586804,11.9905356102,25.15147,True
134,asc,62992.8517129,2031-05-06,42409587.9979,1.62205621441,344.3211,1.56170166597,-0.438354045515,-2.36928462982e-06,2.31667297098,39.6428689624,12.6826661276,38.14572,False
294,desc,62992.9132071,2031-05-06,42414901.093,0.832012706109,7.91609,0.8240843127,0.114587035425,-3.5809352994e-07,1.75774473259,54.5844976319,-1.96197007237,3.7759,True
128,asc,62994.4929695,2031-05-08,42551392.5625,0.673285881758,273.62643,0.0425859333343,-0.671937732871,-4.65661287308e-09,0.766226097653,28.1321143772,5.85022200045,8.54804,False
155,desc,62995.0163887,2031-05-09,42596615.9823,1.36727507377,106.22318,-0.381988744932,1.3128311872,2.05636024475e-06,2.05178490169,41.535748785,-7.56772797825,19.00837,True
81,desc,62997.7389641,2031-05-11,42831846.4987,0.883137983233,310.14228,0.569348379876,-0.675111190666,1.24424695969e-06,1.25508022162,53.7955804801,-7.20238227673,17.0676,True
267,asc,62997.8565137,2031-05-11,42842002.7827,0.729917567783,160.47465,-0.687942715727,0.243955888708,-7.33882188797e-07,0.989451276191,18.7558077335,2.87547058626,5.44387,False
242,desc,62999.1462054,2031-05-13,42953432.1448,2.00417134187,97.35076,-0.256420308873,1.98770002585,-4.65661287308e-08,2.77845434443,47.6776937151,-0.575769049884,1.91954,False
239,asc,63000.7600592,2031-05-14,43092869.1123,0.375111652701,208.83489,-0.328602742704,-0.180911551538,-1.35414302349e-06,0.676439057166,40.9752445691,34.8824222799,36.24349,False
91,desc,63001.2267675,2031-05-15,43133192.7082,2.25559071347,39.82254,1.73236505013,1.44450711311,4.49363142252e-08,3.2542897539,46.4253619769,-0.242677225285,0.83203,False
154,desc,63002.5032645,2031-05-16,43243482.0513,2.36551460281,238.61606,-1.23188989411,-2.0194322531,2.23517417908e-08,1.3654392407,14.6601848354,-2.60031435606,9.93722,False
254,asc,63009.1961725,2031-05-23,43821749.3083,0.880093337893,13.78257,0.85475263391,0.209671691527,8.63336026669e-07,1.75207493889,61.1045585245,4.0149332284,5.85396,True
150,desc,63010.6958116,2031-05-24,43951318.118,1.03622749297,296.19322,0.457390477726,-0.929817921995,-8.12113285065e-07,0.967367455524,32.3337381644,-4.60885473215,7.35457,True
165,asc,63011.8045892,2031-05-25,44047116.5103,0.842908631509,303.99962,0.471343890367,-0.698806051838,-6.51925802231e-07,0.981674898799,10.1622705819,6.67434326375,19.13504,True
33,asc,63011.8948788,2031-05-25,44054917.5314,1.05673095489,315.60707,0.7550966239,-0.739262740569,3.40491533279e-06,1.25476209289,48.3103568728,15.026843893,27.12971,True
34,desc,63012.7829615,2031-05-26,44131647.8716,1.49137762934,86.7232,0.0852468131494,1.48893929162,1.82772055268e-08,2.4489226372,58.5003823892,-1.2262093962,2.79844,True
57,asc,63015.3295595,2031-05-29,44351673.9369,1.83059729342,171.12615,-1.80868572708,0.282386953188,-3.41609120369e-06,1.81850344571,32.746295214,15.3811674722,55.89453,False
73,desc,63016.0040609,2031-05-30,44409950.8639,1.24882433078,1.16134,1.24856780561,0.0253109453255,-1.96727341972e-07,1.92543514669,41.0329603559,-1.23469234415,2.66375,True
296,asc,63016.8047976,2031-05-30,44479134.5151,0.298621849126,37.00648,0.238469685962,0.179742086481,-1.45798549056e-06,1.28466148183,92.8863152029,21.8655694221,18.943,False
103,desc,63020.7386537,2031-06-03,44819019.676,0.818163742333,131.92731,-0.546686585342,0.608708211441,-4.75440174341e-07,1.57156833972,60.3350257753,-2.62701446312,4.69797,True
257,asc,63021.2958126,2031-06-04,44867158.209,1.00261986646,36.09232,0.810185885763,0.590631380076,-1.4491379261e-06,1.93026639369,59.1937855683,9.32602531911,17.74569,True
265,desc,63021.5161547,2031-06-04,44886195.7694,1.13256209283,321.40332,0.885161403211,-0.70653109229,-2.60770320892e-07,1.25340141553,10.422802405,-6.00642955827,18.97022,True
75,asc,63021.668644,2031-06-04,44899370.838,2.24550543148,107.56402,-0.67762899562,2.14082077417,-2.23517417908e-08,3.11582031608,49.8595569446,2.74077559974,9.6898,False
201,asc,63022.0681578,2031-06-05,44933888.8316,2.25885791732,222.60435,-1.66262264643,-1.52909287691,2.94297933578e-07,1.44537374464,26.1449925725,1.67034855608,6.40373,False
273,desc,63022.9317898,2031-06-05,45008506.6363,1.07044645389,54.38229,0.62340047217,0.870188176172,2.04890966415e-07,2.06276715338,57.9947265945,-4.83636255101,10.31047,True
176,asc,63023.6688369,2031-06-06,45072187.504,1.12257253827,305.16698,0.646558331253,-0.917677191587,3.66475433111e-07,0.956645339124,37.0874517506,1.56329308849,2.63958,True
230,desc,63024.548799,2031-06-07,45148216.2319,0.675246903389,267.66314,-0.0275329185227,-0.674685348095,-4.09781932831e-07,0.399953782286,16.6200102286,-5.84804357337,8.26679,False
37,asc,63027.1035214,2031-06-10,45368944.2456,0.968429042528,272.66887,0.0450936645301,-0.967378608318,-1.72108411789e-06,0.298606453872,18.1129728362,10.5805039619,24.92726,True
299,desc,63027.9307967,2031-06-10,45440420.8388,1.0625655439,337.86367,0.984243719779,-0.400387106644,-1.29826366901e-06,1.35745632121,47.1882186399,-5.00757311207,11.16926,True
297,asc,63027.9562786,2031-06-10,45442622.4705,0.9578518783,81.11844,0.147885064281,0.946366857263,1.34715810418e-06,1.97273435393,52.1125499221,9.87166031563,24.30945,True
298,asc,63029.2418146,2031-06-12,45553692.7811,1.02542621207,138.73493,-0.770778387867,0.676313236008,4.39584255219e-06,1.75859344525,55.1699217967,15.6757749702,29.79622,True
163,asc,63029.4615315,2031-06-12,45572676.3228,0.683582396636,165.54034,-0.661929024906,0.170689363984,-1.59628689289e-06,1.24769138986,41.7241786738,17.3216173055,26.60392,False
56,asc,63030.5369717,2031-06-13,45665594.3528,0.983285522422,117.85066,-0.459360111175,0.86938984746,1.05798244476e-06,1.88554046934,54.8990484649,18.3164467442,33.46935,True
221,desc,63030.9024894,2031-06-13,45697175.0868,1.0141147913,105.28603,-0.267359054717,0.978237162342,1.86904799193e-07,1.97868789304,63.1983543129,-1.0517068996,1.67978,True
205,desc,63031.9824799,2031-06-14,45790486.2598,1.98143487968,293.04616,0.775677465665,-1.82329609544,-3.83704900742e-07,1.25415094374,28.8568280677,-2.42301615875,7.75324,False
250,desc,63033.811568,2031-06-16,45948519.4742,1.59188179794,119.94859,-0.794703588072,1.37932369867,1.16415321827e-07,2.47431839437,39.3223536086,-1.07650301003,3.77164,True
190,desc,63033.8816605,2031-06-16,45954575.4691,0.421484168585,261.65754,-0.0611529129497,-0.41702425062,3.07336449623e-08,0.595813242242,25.9015338258,-6.98102985294,7.36842,False
93,asc,63034.9340478,2031-06-17,46045501.7286,0.978601016936,239.03405,-0.50351819423,-0.839124173426,-3.85567545891e-06,0.417004702313,15.1457000845,13.7461474954,22.76523,True
193,desc,63035.1895309,2031-06-18,46067575.4684,1.45761302631,11.10298,1.43033037231,0.280696919282,-2.13459134102e-06,2.01665795093,51.0637211484,-8.75327658469,23.07163,True
231,desc,63035.6165499,2031-06-18,46104469.9141,1.0251705712,178.77697,-1.02493702188,0.0218815270566,-1.4528632164e-07,1.37899288079,51.0467489629,-10.2729572834,19.07078,True
267,desc,63038.1607592,2031-06-21,46324289.5941,0.443453148505,340.47465,0.417951802705,-0.14821263622,7.36210495234e-07,0.99443669688,42.2190989714,-4.73298363903,5.44387,False
281,desc,63039.6045129,2031-06-22,46449029.9177,0.962405031711,201.49671,-0.895458801345,-0.352671206872,-1.7168931663e-06,1.07952104585,45.8696990244,-10.9422650031,21.38605,True
183,asc,63039.6091529,2031-06-22,46449430.8127,1.02771345831,322.74951,0.818056650813,-0.622075773881,-9.685754776e-07,0.948486067422,33.2705895346,10.5899507625,21.47,True
210,desc,63040.4038808,2031-06-23,46518095.3023,1.0197680676,151.11156,-0.892870185389,0.492655806562,1.31502747536e-06,1.73874808155,49.9359806628,-10.7110836365,22.32417,True
237,desc,63041.4815099,2031-06-24,46611202.4532,0.802013288489,117.38763,-0.36893260675,0.712119404728,-6.50063157082e-07,1.76629913097,63.6173566932,-3.82640981252,5.83305,True
226,desc,63042.088184,2031-06-25,46663619.1014,1.08756757241,330.72865,0.948700280855,-0.531762166447,-7.89761543274e-07,1.06825866862,33.8966817085,-19.8913863391,45.86726,True
244,desc,63043.3004277,2031-06-26,46768356.9513,1.00502404508,254.90308,-0.261761133827,-0.970337281567,-1.49011611938e-08,0.283792486885,17.3524848752,-11.5681335856,19.45987,True
199,desc,63043.6600319,2031-06-26,46799426.7574,1.02007730041,254.44268,-0.273587057739,-0.982704340409,-3.98606061935e-07,0.299740844804,22.8194387612,-17.090009657,28.06534,True
276,asc,63045.2885915,2031-06-28,46940134.3071,0.983000352447,0.07695,0.982999465912,0.00132019941134,1.39139592648e-06,1.37996026622,43.0723621939,4.38416707233,6.73598,True
172,desc,63046.1067735,2031-06-29,47010825.23,0.999314732356,296.63182,0.44794842457,-0.893292865318,1.75088644028e-07,0.40179111018,12.024649459,-9.72660259885,17.25133,True
168,asc,63049.3155341,2031-07-02,47288062.1482,1.02769076006,3.07513,1.02621093663,0.0551308610341,2.171844244e-06,1.39989520764,46.6250872029,13.6375614062,23.65377,True
222,desc,63050.1997341,2031-07-03,47364457.0263,1.0079617149,108.01435,-0.311717382885,0.958550516096,2.07126140594e-06,2.01797133706,56.357597394,-10.5362056971,21.61632,True
81,asc,63051.2640534,2031-07-04,47456414.2148,0.378024734515,130.14228,-0.24370797569,0.288979449944,-4.34927642345e-06,1.35508529918,88.8267915054,16.8261406665,17.0676,False
148,asc,63052.7142302,2031-07-05,47581709.4887,0.992273117061,48.48253,0.657726628921,0.742968115366,-2.0507723093e-06,1.81125253213,56.7635123028,6.32405377235,9.87177,True
142,asc,63053.5657167,2031-07-06,47655277.9252,1.04409208627,34.03403,0.865244647466,0.584362887801,-6.82659447193e-07,1.72259788612,60.5893871104,3.03135262074,6.0672,True
53,asc,63053.9708502,2031-07-06,47690281.4587,2.59073965593,132.13915,-1.73821390015,1.92107896821,-1.16229057312e-06,3.50338008798,45.5810542195,6.86398245644,29.53092,False
169,desc,63054.9775576,2031-07-07,47777260.974,1.09244625773,221.67682,-0.815956031924,-0.726398361782,1.86264514923e-07,1.06437538951,23.6040019366,-7.37746671829,12.81196,True
54,desc,63056.0506564,2031-07-09,47869976.7157,1.50254038139,198.12085,-1.42801830488,-0.467323569498,1.42306089401e-06,1.74039238532,40.6576164999,-6.64861757243,17.99169,True
26,asc,63060.745658,2031-07-13,48275624.8491,0.351985044212,161.99674,-0.334751480664,0.108788407204,-4.67337667942e-06,1.2563784268,76.4803964453,19.7756101381,19.2213,False
118,desc,63063.8906399,2031-07-16,48547351.2867,0.946791056796,82.94888,0.116223200482,0.939630498067,7.71507620811e-06,1.90833383075,53.4325720941,-33.2229044587,68.42022,True
247,desc,63064.0804303,2031-07-17,48563749.1743,2.49981599935,310.33277,1.61794560395,-1.90560542958,4.85219061375e-07,1.57757584009,16.7497369835,-2.14442387236,8.69826,False
109,desc,63064.4552087,2031-07-17,48596130.0335,0.650819028605,145.49909,-0.536351150727,0.368636475553,1.34669244289e-06,1.59829619696,71.9030532226,-6.38100036272,8.88522,False
239,desc,63065.7184392,2031-07-18,48705273.1441,1.04562423427,28.83489,0.915980585364,0.504291192195,-1.43796205521e-06,1.5400106711,26.1981090918,-12.5138674515,36.24349,True
48,desc,63067.7967429,2031-07-20,48884838.5865,1.20162663851,264.58326,-0.113432570257,-1.19626068663,-6.63101673126e-07,0.59622444521,14.0433350761,-2.0603677392,5.9548,True
82,asc,63070.7254987,2031-07-23,49137883.0873,1.88898283229,168.05282,-1.84806530181,0.391038081173,-1.15483999252e-07,2.6507651258,37.7617914296,3.1459863143,9.8289,False
124,asc,63073.1165252,2031-07-26,49344467.7807,2.6572639901,116.62205,-1.19072840567,2.37554578509,5.96046447754e-08,3.67419902268,43.8677900419,3.81551497597,16.18609,False
195,desc,63073.329496,2031-07-26,49362868.4513,0.885563410551,234.20354,-0.517972735968,-0.718280445857,7.85104930401e-07,1.03371878636,24.1046125031,-10.8102712678,19.42916,True
6,desc,63074.8380787,2031-07-27,49493210.001,1.06694514054,257.51847,-0.230593392235,-1.04172866927,-3.3937394619e-06,0.7735169457,41.8460873523,-11.0537732775,24.37798,True
13,desc,63076.2996161,2031-07-29,49619486.8277,0.976499408812,254.85241,-0.255165488845,-0.942571837428,1.86264514923e-07,0.804587262003,43.6016825717,-1.39316138064,2.52172,True
60,desc,63076.8562595,2031-07-29,49667580.8173,0.202180935107,64.89558,0.0857791598236,0.183082129823,1.14366412163e-05,1.1374900412,103.368225274,-53.7564725967,38.87863,False
216,desc,63076.8948872,2031-07-29,49670918.2574,0.960096826051,88.05495,0.0325866527171,0.959543654795,-2.08616256714e-06,1.88656706631,65.6139397046,-21.9309505511,39.21257,True
189,asc,63079.2719394,2031-08-01,49876295.5638,1.03954970254,73.38514,0.297245623948,0.996146888311,-2.18860805035e-07,1.84985516498,49.3378044236,1.6580653366,3.12476,True
71,desc,63082.345018,2031-08-04,50141809.5517,0.943653171143,39.36124,0.729597514112,0.59847203344,-1.30385160446e-07,1.40171335357,41.9646548888,-10.1215370961,16.69512,True
268,desc,63082.8407524,2031-08-04,50184641.0041,1.02394992467,296.19778,0.452044286287,-0.918765155773,1.12131237984e-06,0.221015119983,11.2406778349,-9.01632525872,14.38466,True
47,desc,63084.3114629,2031-08-06,50311710.3973,2.22196822287,321.2725,1.73342456415,-1.39010145811,-1.4528632164e-07,1.24087151882,22.6378678577,-0.597517624137,1.99822,False
27,desc,63084.5332349,2031-08-06,50330871.4947,2.51098828381,223.45101,-1.8228837696,-1.72689227341,-2.80700623989e-06,2.65565156826,32.765112245,-12.5454047853,60.6846,False
255,desc,63086.3422713,2031-08-08,50487172.2439,1.36051847046,119.46913,-0.669313259628,1.1844957868,-1.11758708954e-07,2.36294276686,49.6693127288,-0.724964868357,1.97262,True
120,desc,63087.5777034,2031-08-09,50593913.5709,2.17267728845,81.43576,0.323551195529,2.14845088927,-4.76837158203e-07,2.91353185803,34.8439622545,-2.13486113258,7.77266,False
229,desc,63087.6990097,2031-08-09,50604394.4399,1.07136512009,219.09556,-0.831481410134,-0.675619630523,1.49942934513e-06,1.52917823925,46.2135771248,-11.84409132,24.832,True
245,asc,63091.2764653,2031-08-13,50913486.602,1.6330373788,298.62405,0.78232345922,-1.43345076153,1.17346644402e-07,0.738058819945,9.28590209953,2.78482319016,7.7007,False
158,desc,63092.7877283,2031-08-14,51044059.7294,4.51198740075,218.60318,-3.52605428642,-2.81513258547,-2.38418579102e-07,4.78585812027,28.7119542471,-2.95763631614,20.67934,False
286,asc,63095.9672853,2031-08-17,51318773.4464,1.25668003261,241.00265,-0.609199733216,-1.0991452995,-4.39584255219e-07,1.47419370844,43.1817842596,4.43092031501,10.38842,True
192,asc,63097.7476186,2031-08-19,51472594.2512,0.793563525417,22.1116,0.735198866163,0.29870670576,9.17352735996e-07,0.913862835034,47.9501034565,4.06021442945,5.67243,False
105,asc,63098.1840423,2031-08-20,51510301.2558,1.15925096641,156.83722,-1.06580496846,0.45598527645,2.36183404922e-06,2.15838345131,53.7335434346,16.2062728932,37.1231,True
138,asc,63098.6043187,2031-08-20,51546613.1329,5.31668933509,187.08625,-5.27607818393,-0.655884504217,2.83122062683e-07,6.09361972879,32.0354069876,5.42014361062,46.98405,False
156,asc,63101.9766345,2031-08-23,51837981.2221,1.01982420655,173.52007,-1.01330900698,0.115092435167,2.68639996648e-06,1.97879683251,61.6279972485,15.6068818443,26.05772,True
272,desc,63103.1593218,2031-08-25,51940165.4051,0.377079538072,199.28184,-0.355927510748,-0.124517408924,1.49011611938e-08,1.28352354623,81.1811141099,-2.81705187478,2.63724,False
173,asc,63105.944938,2031-08-27,52180842.6417,1.72071113497,238.33422,-0.903310383364,-1.46453991455,6.91041350365e-07,2.03290435025,27.0520313717,2.86421346292,8.2711,False
122,desc,63106.1480959,2031-08-28,52198395.4815,1.03181350134,344.87309,0.996061342786,-0.269259917098,1.8198043108e-06,0.248719362463,8.59749072688,-6.14589174521,10.06177,True
111,desc,63106.1537189,2031-08-28,52198881.3132,0.958760207946,68.22125,0.355722520941,0.890327256932,-5.06266951561e-06,1.48001154317,47.3784570189,-18.9977100427,30.25143,True
7,asc,63106.7038572,2031-08-28,52246413.2627,1.02598296037,19.88008,0.964840952271,0.348888193813,-1.19581818581e-06,0.835796901872,34.4596336054,24.8932422961,43.64693,True
68,desc,63107.4017219,2031-08-29,52306708.7701,0.986755910689,319.30103,0.748105104664,-0.64344850583,2.02283263206e-06,0.225018175084,9.47688858119,-7.66099793498,13.91996,True
153,asc,63107.9225842,2031-08-29,52351711.276,1.38316866462,272.10936,0.0509102355369,-1.38223142155,6.47269189358e-08,1.24915797273,12.3277337526,0.483516059975,1.52282,True
24,asc,63108.1628714,2031-08-30,52372472.09,1.02769998786,94.35212,-0.0779878364561,1.02473663076,-4.99188899994e-07,1.77951850387,51.8215266111,28.2308188568,64.00427,True
117,desc,63108.6637281,2031-08-30,52415746.1118,0.886531582092,98.65037,-0.133338360061,0.87644687676,1.08778476715e-06,1.68721305302,53.0770764364,-10.3505747992,18.68411,True
106,desc,63109.0390654,2031-08-31,52448175.2487,1.04971497093,10.01269,1.03372704444,0.182510048471,-4.27663326263e-06,0.643075899875,29.9930665286,-20.8974635197,40.78349,True
163,desc,63110.43076,2031-09-01,52568417.6648,0.930264172066,345.54034,0.900796830567,-0.23228538454,-3.42354178429e-06,0.194942990511,17.1994390062,-12.7283765482,26.60392,True
78,desc,63111.837603,2031-09-02,52689968.9001,1.03098586634,99.53942,-0.170861307929,1.01672920192,4.1201710701e-06,1.79580277462,49.6152635248,-19.4068629427,36.0152,True
253,desc,63112.0996836,2031-09-03,52712612.6594,0.972680423501,296.68273,0.436781852047,-0.869096553891,-3.46451997757e-07,0.679265819077,36.8455056682,-19.7274330345,38.24694,True
83,desc,63112.3784619,2031-09-03,52736699.1084,0.314292058936,335.74474,0.286547718105,-0.129111980694,-1.63819640875e-06,0.69690850614,41.4590470948,-29.0632826163,26.45905,False
26,desc,63113.1221126,2031-09-04,52800950.5282,0.886596595788,341.99674,0.843187879918,-0.274021391177,2.36555933952e-06,0.143522844405,20.9674297178,-7.85105542005,19.2213,True
225,desc,63116.6817307,2031-09-07,53108501.5366,0.98863749071,287.52446,0.29769152268,-0.942753332193,-8.13975930214e-07,0.900860790087,38.7421249832,-5.11324664451,8.14565,True
296,desc,63118.2092974,2031-09-09,53240483.2963,0.964497486906,217.00648,-0.770216290224,-0.580536190535,-1.47148966789e-06,1.75565356946,43.2461159416,-6.76988469296,18.943,True
288,desc,63121.875889,2031-09-12,53557276.8112,1.80177618752,263.16315,-0.214488073951,-1.78896402872,-4.58210706711e-07,1.95398710527,30.6017289666,-3.0396588119,9.33904,False
283,asc,63123.1821174,2031-09-14,53670134.9426,1.89629072618,111.95181,-0.708883972846,1.7588069909,1.9371509552e-07,2.60427269573,46.7704595539,2.56689524656,8.07603,False
37,desc,63125.0134468,2031-09-16,53828361.803,0.50779561716,92.66887,-0.0236448559517,0.507244822146,5.93066215515e-06,1.22986954292,58.8720874802,-20.1783295779,24.92726,False
2,desc,63125.8074217,2031-09-16,53896961.2315,0.875845731894,114.34257,-0.361016083176,0.79798066002,6.76140189171e-07,1.6672522192,66.1158171893,-4.289030879,6.66957,True
299,asc,63127.309563,2031-09-18,54026746.2408,0.709026847822,157.86367,-0.656764400208,0.267169596983,7.7486038208e-07,1.70460867084,67.2943528753,7.5044755552,11.16926,False
69,asc,63128.0144349,2031-09-19,54087647.1752,3.6946659722,226.5645,-2.54022162259,-2.68287732747,-1.94180756807e-07,4.35739036546,36.7459041893,1.10851134461,6.24493,False
227,asc,63130.7592653,2031-09-21,54324800.5221,1.80812331791,350.18774,1.78167310449,-0.308141009142,1.86264514923e-06,0.809087237178,16.1679921942,7.99329272212,25.31356,False
48,asc,63131.8300942,2031-09-22,54417320.137,0.437984630705,84.58326,0.0413453903249,0.436028778216,5.30853867531e-07,1.08859656194,53.4190979247,5.65269323851,5.9548,False
270,desc,63135.0471886,2031-09-26,54695277.0913,2.17646144057,270.70575,0.0268082367067,-2.17629633109,-5.21540641785e-08,2.36881859762,37.896452424,-1.89341219565,7.03616,False
44,asc,63135.0864361,2031-09-26,54698668.0787,0.995912089171,203.55397,-0.912936741525,-0.397979139316,-2.10851430893e-06,1.95496967778,47.3086650174,7.22742360585,20.2845,True
297,desc,63137.3076859,2031-09-28,54890584.0639,0.431221678467,261.11844,-0.066577356149,-0.42605116081,7.60424882174e-07,1.15983597128,64.9136726762,-21.9274420732,24.30945,False
102,asc,63139.0108143,2031-09-30,55037734.3578,1.12161431679,161.20276,-1.06179277371,0.361406670287,7.61821866035e-07,2.08785803073,56.2465459319,12.077355412,26.06566,True
162,asc,63141.0459418,2031-10-02,55213569.3751,0.689498332152,96.44687,-0.0774181362909,0.685138221247,1.07288360596e-06,1.23353605787,50.7093035702,11.3078982593,16.72622,False
273,asc,63141.4383942,2031-10-02,55247477.2578,0.84284887385,234.38229,-0.490853497637,-0.685169371767,7.32950866222e-07,1.67967139738,62.9184300799,6.14234331098,10.31047,True
250,asc,63142.4220266,2031-10-03,55332463.0988,0.503501498714,299.94859,0.251359396247,-0.436270802513,1.04773789644e-06,0.922756317718,60.3506525938,3.40349641755,3.77164,False
3,desc,63144.6837553,2031-10-05,55527876.4619,0.415735809989,80.13526,0.0712250348485,0.409589133301,-7.40401446819e-07,0.957269493633,73.6409411907,-16.3694260617,17.51489,False
282,desc,63145.449235,2031-10-06,55594013.9065,3.63957894716,317.24402,2.67236687832,-2.47082783299,-5.21540641785e-07,3.12211077746,33.8186085908,-5.34683333712,31.15841,False
233,desc,63145.6412976,2031-10-06,55610608.1139,0.958924555396,126.8226,-0.574721263765,0.767614338009,-1.64797529578e-06,1.6765484645,58.1803678847,-6.59211742644,10.12318,True
60,asc,63146.6863339,2031-10-07,55700899.2499,1.02936763287,244.89558,-0.436729064741,-0.932129522985,-2.34320759773e-06,1.80497437628,45.3957353967,10.5584570085,38.87863,True
1,asc,63151.3412686,2031-10-12,56103085.6082,1.05675314326,336.03924,0.96568617722,-0.429158959961,-1.32620334625e-06,0.686534838509,20.9713548764,12.8013589776,22.14242,True
237,asc,63152.1316228,2031-10-13,56171372.2125,1.43058520728,297.38763,0.658080779052,-1.27023766419,-5.00120222569e-07,1.57046752058,51.6525020572,2.14515815013,5.83305,True
128,desc,63152.3077583,2031-10-13,56186590.316,0.960298827468,93.62643,-0.0607397584824,0.958375980383,-7.43195414543e-07,1.23070661045,38.8997011101,-4.10171476355,8.54804,True
135,asc,63152.7887619,2031-10-13,56228149.0304,1.01389448431,34.00167,0.840540096482,0.566987099955,1.24191865325e-06,0.309417587404,30.2288755077,4.22532148987,8.74062,True
142,desc,63155.1209103,2031-10-16,56429646.6488,0.97952871162,214.03403,-0.811740636592,-0.548227722568,-3.50642949343e-07,1.96064148985,64.7736398156,-3.23115723353,6.0672,True
9,desc,63156.6685867,2031-10-17,56563365.8874,1.15289665413,157.13487,-1.06230440351,0.447973268621,-1.83843076229e-06,2.00220033637,56.9479062022,-6.26603487675,13.33676,True
89,asc,63158.0041596,2031-10-19,56678759.3863,1.38246902593,8.869,1.36593943484,0.213143303926,4.58210706711e-07,0.463138151483,17.1383199618,6.01475569882,15.31841,True
190,asc,63159.1433523,2031-10-20,56777185.6418,1.00185223141,81.65754,0.145358205272,0.991251171875,2.97091901302e-07,0.985176299773,29.7927530395,2.93695364564,7.36842,True
5,asc,63160.215444,2031-10-21,56869814.3609,0.954979016943,295.27177,0.407692349914,-0.863580841973,1.76951289177e-06,1.36163169447,31.959040619,17.1870722726,37.03321,True
136,asc,63160.4948549,2031-10-21,56893955.4605,1.03627887693,290.33711,0.360151512861,-0.971681428534,-2.30222940445e-06,1.48296892017,43.0916235493,12.3013154574,24.09941,True
17,desc,63161.0006294,2031-10-22,56937654.3777,3.42339354379,87.12483,0.171717848328,3.41908413705,-4.99188899994e-07,3.09492079977,26.7571161498,-6.96848450348,39.65677,False
207,desc,63161.0258877,2031-10-22,56939836.6963,0.927758079007,123.58001,-0.513143843863,0.772928488716,1.27963721752e-06,1.46541726765,55.7770079874,-8.23473192107,13.53154,True
198,desc,63165.0349245,2031-10-26,57286217.4773,0.934096917009,218.83283,-0.727641693906,-0.585725717085,2.29477882385e-06,1.92220138198,53.5572079712,-12.8256141048,34.03784,True
294,asc,63165.9257377,2031-10-26,57363183.7397,0.59322375123,187.91609,-0.587570819196,-0.0817003760859,4.66126948595e-07,1.56302128776,72.778320042,2.75171724974,3.7759,False
39,asc,63167.345093,2031-10-28,57485816.035,2.41523656794,252.04419,-0.744577316195,-2.29760142307,3.51667404175e-06,3.23066030646,44.1422409923,11.3629578299,52.36973,False
161,asc,63168.9523571,2031-10-29,57624683.6532,1.08278357164,353.93105,1.07671498687,-0.114477509056,2.04425305128e-06,0.688881577783,9.7990852173,8.11181783662,17.17979,True
240,desc,63169.8945927,2031-10-30,57706092.8087,1.03341884521,317.21706,0.758459302285,-0.701921645495,1.04308128357e-07,1.25015976113,36.9330446255,-15.4753856757,28.00194,True
145,desc,63169.9200166,2031-10-30,57708289.4371,1.046734562,241.2066,-0.504162556883,-0.917318570354,-1.82911753654e-06,1.98125005892,59.4460740417,-8.66333934796,15.15631,True
197,desc,63171.4634712,2031-11-01,57841643.9147,2.26520467047,172.06267,-2.24350333826,0.312801806795,4.04193997383e-07,3.06981811191,45.0967831361,-1.54122600037,5.8333,False
195,asc,63171.9752905,2031-11-01,57885865.1002,0.987212032964,54.20354,0.577427783943,0.800727639313,9.82545316219e-07,0.324062603579,11.7469866643,9.69718801354,19.42916,True
45,desc,63172.6316898,2031-11-02,57942577.9958,0.983536260425,344.09288,0.945873960071,-0.269566368881,-6.27338886261e-06,0.865961485662,40.1106777576,-20.6465545151,37.98278,True
257,desc,63173.3414325,2031-11-03,58003899.7712,1.12635233597,216.09232,-0.910170240515,-0.663520699023,-1.85333192348e-06,2.11994064951,56.8774709229,-8.30153936865,17.74569,True
155,asc,63173.6390093,2031-11-03,58029610.4075,0.974045835208,286.22318,0.272128522809,-0.935260047346,3.1404197216e-06,1.61979749794,55.0982694342,10.6228736428,19.00837,True
236,asc,63176.206046,2031-11-06,58251402.3774,0.967168080872,179.32276,-0.967100518196,0.0114317261156,-1.01774930954e-05,1.84016146317,52.813419462,37.2320894913,75.65689,True
215,asc,63176.3891368,2031-11-06,58267221.4186,1.69672636046,75.47581,0.425519847336,1.64250211622,1.65309756994e-07,1.06214587995,32.5855617097,0.703009006229,2.13279,False
20,asc,63178.4525475,2031-11-08,58445500.1059,2.53649301531,168.07244,-2.48172933228,0.524229280017,2.6635825634e-07,3.22373759838,44.3131866583,1.32463895486,5.31181,False
115,desc,63178.5099756,2031-11-08,58450461.8897,2.16169926786,289.438,0.71938460954,-2.03848706354,1.78813934326e-07,2.70134530458,47.1761742782,-0.982665120963,3.69008,False
110,asc,63180.456549,2031-11-10,58618645.8309,1.99980241313,192.31083,-1.9538175369,-0.426387997103,-1.14366412163e-06,2.89184975702,53.7501981768,4.25804025581,13.85069,False
31,asc,63181.5558614,2031-11-11,58713626.4208,1.10024546378,309.2807,0.696587594794,-0.851648873273,2.83122062683e-07,1.55226815291,25.3512611166,17.0918020379,48.41215,True
97,desc,63182.7185975,2031-11-12,58814086.8249,0.958853877614,167.42493,-0.935852493821,0.208760313339,-1.42306089401e-06,1.69970938945,64.3534256938,-4.99757969883,8.02751,True
85,desc,63184.6553161,2031-11-14,58981419.3126,1.00036922062,158.02633,-0.927698304235,0.374318626137,3.76254320145e-07,1.63045884881,50.1556408524,-24.2756902593,42.72023,True
183,desc,63185.6834818,2031-11-15,59070252.8256,0.967442388613,142.74951,-0.770081070637,0.585593647447,3.45520675182e-07,1.42775903935,40.3329313611,-11.2496982245,21.47,True
83,asc,63187.106265,2031-11-17,59193181.2966,0.961756022516,155.74474,-0.876856369071,0.395091830928,-9.46223735809e-07,1.55068892184,35.8304237954,9.49758433433,26.45905,True
59,asc,63188.2338417,2031-11-18,59290603.9243,1.42234476739,10.62092,1.39797732578,0.262152691967,2.88709998131e-07,0.937802044974,7.76738675561,2.99099946794,7.40973,True
193,asc,63188.9165883,2031-11-18,59349593.2257,1.01241835307,191.10298,-0.993468563845,-0.19496444365,1.34855508804e-06,1.87368381686,53.9628449161,12.6023890559,23.07163,True
51,asc,63190.3186926,2031-11-20,59470735.0412,1.04476933399,313.49561,0.719113683138,-0.757903999178,-5.06639480591e-07,1.56175124772,52.4816081646,6.16436277232,10.029,True
271,desc,63190.3210926,2031-11-20,59470942.3997,0.984154362607,30.87182,0.844716792914,0.504988464431,-2.34320759773e-06,0.391852643999,15.5860951686,-9.75608079999,15.73453,True
222,asc,63192.3200646,2031-11-22,59643653.5836,0.875058528711,288.01435,0.270616383945,-0.832162364812,-1.87754631042e-06,1.67441098418,57.9234484646,12.136436152,21.61632,True
3,asc,63192.7357642,2031-11-22,59679570.0279,0.939408354225,260.13526,-0.1609420963,-0.92551915033,2.1681189537e-06,1.88631020465,66.1818689313,7.24430070502,17.51489,True
196,asc,63193.376645,2031-11-23,59734942.127,3.59385954997,84.80995,0.325099216978,3.57912516742,-4.41446900368e-07,2.75978482132,20.6838788263,1.69278472357,9.52381,False
112,asc,63195.2383665,2031-11-25,59895794.8624,1.10051648397,0.98343,1.10035437855,0.0188884381141,-1.92224979401e-06,1.01344959091,32.0129941285,24.4786405582,62.10129,True
280,desc,63197.1216203,2031-11-27,60058507.9946,1.9976105856,344.91856,1.9288068168,-0.519761786953,1.37090682983e-06,1.99816226046,28.9781082958,-10.0949491123,36.78219,False
290,desc,63198.8592399,2031-11-28,60208638.3242,0.881451857719,201.40878,-0.820631583675,-0.321747076679,-3.72529029846e-07,1.75104921394,69.7208548443,-4.55267136152,7.30064,True
209,desc,63199.6777824,2031-11-29,60279360.4008,0.959957359743,230.12548,-0.615436729103,-0.736719597266,-4.48897480965e-07,1.93456718701,65.0366726338,-6.86748916114,10.99257,True
18,asc,63200.1258506,2031-11-30,60318073.4932,3.54094671638,82.16378,0.482779242709,3.50788082053,6.42612576485e-08,2.62343348505,23.0592520911,0.496059329027,3.02961,False
44,desc,63200.9521421,2031-11-30,60389465.0787,0.321353249283,23.55397,0.294579402608,0.128416846182,3.7495046854e-06,0.773604131258,55.4179931733,-22.3986487104,20.2845,False
296,asc,63201.7301109,2031-12-01,60456681.5831,0.298621849126,37.00648,0.238469685962,0.179742086481,-4.22378070652e-06,0.737671669177,46.6036637616,21.8655694221,18.943,False
141,desc,63202.4110126,2031-12-02,60515511.4858,1.54092781179,127.34369,-0.934718797627,1.22505481123,1.67638063431e-07,1.37493315569,37.2366154921,-0.980504112819,3.20528,True
76,asc,63202.850361,2031-12-02,60553471.1895,1.24045185344,213.60445,-1.03314537864,-0.686535816464,2.60770320892e-07,2.13760573847,58.6521633222,1.80379599537,4.09944,True
274,desc,63206.3599523,2031-12-06,60856699.8754,2.39046392753,128.19497,-1.47811803676,1.87869232665,2.83122062683e-07,2.05009673066,17.5816032855,-2.34794819499,9.1404,False
228,desc,63208.2162891,2031-12-08,61017087.3818,0.922043696021,140.05713,-0.706917061839,0.591973686116,-8.64267349243e-07,1.07073635659,42.1265962669,-4.46359775662,7.15733,True
153,desc,63210.2063425,2031-12-10,61189027.9941,0.48110636005,92.10936,-0.0177080631849,0.480780359602,-1.88476406038e-07,0.54950760283,24.056462188,-1.3900964912,1.52282,False
186,asc,63210.4917662,2031-12-10,61213688.604,1.06766146257,292.44372,0.407607252995,-0.986791429823,3.65730375051e-06,1.93990927971,52.4126565376,14.6685065693,30.12309,True
246,desc,63212.7156045,2031-12-12,61405828.2318,2.73041099083,14.24203,2.64649219382,0.671731528896,-5.02914190292e-07,2.43234481595,18.1472847079,-2.15908199436,9.59103,False
182,asc,63212.7342018,2031-12-12,61407435.039,0.694332343257,159.49235,-0.650329324025,0.243247144292,-1.59163028002e-06,1.13434083675,64.3719584447,6.01399496785,9.06773,False
33,desc,63214.47688,2031-12-14,61558002.4362,1.93478995766,135.60707,-1.38252159476,1.35353101933,4.91738319397e-07,1.63062787404,15.7184585524,-8.20726354981,27.12971,False
269,desc,63214.8406171,2031-12-14,61589429.3148,1.09237407123,284.47484,0.273044188652,-1.05769938193,6.66826963425e-07,2.02464791619,54.1721839571,-6.27187308188,13.47265,True
63,desc,63215.4776124,2031-12-15,61644465.7155,0.976154428989,177.06027,-0.974869843885,0.0500625280893,-3.44216823578e-06,1.47788205156,54.4453625249,-28.1021221768,53.19536,True
198,asc,63216.2429566,2031-12-16,61710591.4537,0.356829085783,38.83283,0.277962292441,0.223749771936,3.56882810593e-06,0.753744825839,61.4050395569,33.5745236902,34.03784,False
79,asc,63217.7905047,2031-12-17,61844299.6103,1.58516123012,264.506,-0.151765736659,-1.57787936379,7.4366107583e-07,2.56890140965,51.1138499732,3.29404251431,9.02376,True
226,asc,63221.8808053,2031-12-21,62197701.5811,0.967604659562,150.72865,-0.844054967774,0.473106741214,1.66147947311e-06,1.04831182342,35.4096097138,22.3575057632,45.86726,True
152,desc,63222.024045,2031-12-22,62210077.4881,0.969915205807,22.66443,0.895015916594,0.373740572454,-1.76765024662e-06,1.02453409753,25.1235608879,-8.34195251268,13.50267,True
272,asc,63223.5399563,2031-12-23,62341052.2214,1.47711678813,19.28184,1.39425889873,0.487766469847,2.21189111471e-07,1.43839152518,36.8543239544,0.71913922325,2.63724,True
90,desc,63224.0319491,2031-12-24,62383560.4006,2.77828242036,114.79736,-1.16524013732,2.52211590329,6.55651092529e-07,1.95167474751,26.2675289162,-4.44605334806,20.05615,False
216,asc,63226.6462056,2031-12-26,62609432.1668,1.79237156481,268.05495,-0.0608348951249,-1.79133886853,3.37511301041e-06,2.7754785741,49.1673135078,11.7474726947,39.21257,False
56,desc,63226.7652036,2031-12-26,62619713.5908,1.54652820091,297.85066,0.722489399167,-1.36739114532,2.11596488953e-06,2.46327917678,50.389951323,-11.645631095,33.46935,True
210,asc,63227.7502333,2031-12-27,62704820.1573,0.858329658611,331.11156,0.751520846513,-0.414663984581,1.26659870148e-06,1.6014254228,53.5363898517,12.7256712527,22.32417,True
178,desc,63233.4887078,2032-01-02,63200624.357,0.774787458275,282.72819,0.170705936845,-0.755748032499,9.0803951025e-07,1.756456853,68.5521221272,-7.54855379973,12.37568,False
135,desc,63235.394341,2032-01-04,63365271.0591,0.802478833187,214.00167,-0.665272024172,-0.448759859577,5.70435076952e-07,1.50492847514,47.9498042005,-5.33849613951,8.74062,True
261,asc,63235.6478268,2032-01-04,63387172.232,0.991784179892,31.55547,0.845132937191,0.519024255656,-2.75298953056e-06,1.10781570151,32.2122202727,12.8356828608,23.24895,True
234,asc,63236.6235876,2032-01-05,63471477.9717,2.80457801353,178.94914,-2.80410630926,0.0514357888622,4.47034835815e-08,2.77517714947,42.440534677,4.10392682414,18.71928,False
297,asc,63239.5923055,2032-01-08,63727975.1945,0.9578518783,81.11844,0.147885064281,0.946366857263,1.54180452228e-06,0.382683578331,17.1446012766,9.87166031563,24.30945,True
188,asc,63241.0732321,2032-01-10,63855927.2573,0.281112143912,30.23893,0.24286200785,0.141570062507,-5.49480319023e-06,0.950603366955,63.4175919943,29.915698988,25.14721,False
217,desc,63241.2022233,2032-01-10,63867072.0938,0.923145391691,46.40736,0.636533223531,0.668597688855,4.91738319397e-07,0.940881330855,24.6936034712,-9.99676115162,15.72955,True
175,asc,63241.4945791,2032-01-10,63892331.6324,1.00475683129,120.97348,-0.517089331862,0.861484133858,1.20047479868e-06,0.264227708282,14.3928261904,8.14232953879,13.20499,True
35,asc,63242.0485866,2032-01-11,63940197.8809,1.02047449808,38.30847,0.800750766613,0.632587077797,-2.08732672036e-06,1.12101920954,29.8612238793,20.450003257,44.05781,True
205,asc,63244.218162,2032-01-13,64127649.1993,1.11578098443,113.04616,-0.436797683898,1.02673024137,-1.2032687664e-06,0.156048536636,10.5048976448,4.30285943027,7.75324,True
31,desc,63244.5990565,2032-01-13,64160558.4791,0.526927017297,129.2807,-0.333608122637,0.407869712125,5.55813312531e-06,0.52266709146,39.6763232711,-35.6883914522,48.41215,False
294,desc,63245.1477054,2032-01-14,64207961.7422,0.832012706109,7.91609,0.8240843127,0.114587035425,1.75088644028e-07,1.40969304656,53.7908329476,-1.96197007237,3.7759,True
74,desc,63247.0900946,2032-01-16,64375784.1698,0.91138855174,114.72295,-0.381170896171,0.827851339405,-9.63220372796e-07,0.0901198826546,8.63503100264,-3.60601638295,5.40987,True
5,desc,63248.9720347,2032-01-17,64538383.7957,0.745228928478,115.27177,-0.31814744375,0.673905304829,-2.70083546638e-07,0.240062135031,26.0692707833,-22.0244984538,37.03321,False
84,asc,63255.2702618,2032-01-24,65082550.6189,2.92213383503,325.70748,2.41418473436,-1.64638337522,-3.93018126488e-07,3.83140331015,41.4794175499,1.46930934802,6.69302,False
245,desc,63255.6335521,2032-01-24,65113938.9002,1.07756076121,118.62405,-0.51621663605,0.945863403861,-3.85567545891e-07,0.0974527391745,15.776142541,-4.22038415521,7.7007,True
16,desc,63255.7858486,2032-01-24,65127097.32,1.00712962515,55.51959,0.570160681789,0.830196891584,-6.81728124619e-07,1.0669995743,44.058630063,-14.0741265466,23.15184,True
82,desc,63255.8250375,2032-01-24,65130483.2389,1.06993792245,348.05282,1.04676184228,-0.221487704927,-1.18836760521e-06,1.87893893447,64.1995070574,-5.55426068525,9.8289,True
190,desc,63256.42683,2032-01-25,65182478.1116,0.421484168585,261.65754,-0.0611529129497,-0.41702425062,-5.76954334974e-07,1.33720884007,79.3645888194,-6.98102985294,7.36842,False
121,asc,63256.8367656,2032-01-25,65217896.5485,0.959455810279,275.18421,0.0866946265778,-0.955531000858,2.45869159698e-07,1.89308368855,65.0459513594,9.03319020886,13.75276,True
224,desc,63257.1571388,2032-01-26,65245576.788,2.12176216263,314.62065,1.49034617357,-1.5102128849,1.30385160446e-08,3.088927974,47.2286000901,-1.35155800003,4.49003,False
161,desc,63257.8538353,2032-01-26,65305771.3703,0.923426356217,173.93105,-0.91825090724,0.0976294356736,-1.82073563337e-06,0.830835261204,15.3650933306,-9.51168767334,17.17979,True
285,asc,63261.2519392,2032-01-30,65599367.5506,2.12207897124,193.47036,-2.06370175694,-0.494321978672,-6.40749931335e-07,1.96979913062,37.6787300975,9.55744756718,35.13666,False
60,desc,63264.9160182,2032-02-02,65915943.9725,0.202180935107,64.89558,0.0857791598236,0.183082129823,1.03884376585e-05,0.91711530939,78.3389888906,-53.7564725967,38.87863,False
289,desc,63265.1702248,2032-02-03,65937907.4252,1.22378564461,8.72262,1.20963145364,0.185588389468,-7.48550519347e-07,1.92738548777,43.179496564,-2.71556350088,5.82974,True
37,asc,63265.8933766,2032-02-03,66000387.7385,0.968429042528,272.66887,0.0450936645301,-0.967378608318,4.99188899994e-07,1.84768576252,53.3161755693,10.5805039619,24.92726,True
232,asc,63266.2733551,2032-02-04,66033217.8831,0.992879776329,16.90762,0.949962462532,0.288758670904,-3.12924385071e-06,1.65968554688,57.7997543494,29.5262440659,55.01316,True
103,asc,63266.3728397,2032-02-04,66041813.3504,0.738472615075,311.92731,0.493437989751,-0.549418559466,-5.72064891458e-07,1.7237416117,66.973479333,2.91050465573,4.69797,False
128,asc,63269.6391199,2032-02-07,66324019.9619,0.673285881758,273.62643,0.0425859333343,-0.671937732871,-6.32368028164e-07,1.55901239288,64.2162554529,5.85022200045,8.54804,False
92,desc,63271.1842251,2032-02-09,66457517.0502,3.8801072966,337.57903,3.58679641201,-1.47990679839,-7.82310962677e-08,4.81052555794,41.744581911,-0.992546413877,6.01513,False
95,desc,63273.3302526,2032-02-11,66642933.827,0.21347320718,8.12971,0.211327900089,0.0301882233342,-2.23750248551e-06,1.13547848337,101.966502422,-14.2326970663,9.90138,False
42,desc,63273.6993537,2032-02-11,66674824.1628,0.858103395024,56.20005,0.477358534026,0.71307101087,-3.47010791302e-06,1.21773503248,35.5267081644,-14.2392211932,25.15147,True
162,desc,63276.5757371,2032-02-14,66923343.685,1.03395903928,276.44687,0.116094815736,-1.02742069702,5.30853867531e-07,1.8673812271,51.0137770666,-7.5407019947,16.72622,True
25,desc,63276.6430164,2032-02-14,66929156.6148,1.89049657962,40.68627,1.43354574631,1.23244631153,4.09781932831e-07,2.29076864905,32.5001875703,-7.42377386717,24.53703,False
49,asc,63277.0619513,2032-02-15,66965352.5903,0.199750974798,87.94857,0.00715039746448,0.199622953962,5.76581805944e-06,0.884452028117,70.7989461516,33.728858895,22.80162,False
93,desc,63278.7118177,2032-02-16,67107901.0463,2.24080122216,59.03405,1.15295627685,1.92142705844,0,2.36129218607,41.4402632465,-6.00320714973,22.76523,False
182,desc,63279.306696,2032-02-17,67159298.5322,0.919800309738,339.49235,0.861508353282,-0.32223588723,3.25031578541e-07,1.89034910721,66.2984874229,-4.53980192674,9.06773,True
62,asc,63279.5340814,2032-02-17,67178944.6307,3.00211809026,9.79921,2.95831792361,0.510948227042,-9.38773155212e-07,3.76198283794,35.1103545706,4.90938709618,23.72574,False
212,desc,63281.211116,2032-02-19,67323840.425,3.45223187737,234.49466,-2.00498318797,-2.81032869094,1.49011611938e-07,3.56396400357,37.8061050444,-0.67460605286,3.85786,False
104,asc,63281.7918203,2032-02-19,67374013.2727,1.41485729888,68.67554,0.514511361749,1.31799060498,-2.38791108131e-06,1.54843006599,25.8212288446,9.70027179905,24.75984,True
292,asc,63282.8628975,2032-02-20,67466554.3457,0.792735034334,126.7835,-0.474684173241,0.634904536395,2.11410224438e-07,0.37712382504,10.6209863306,1.7000342463,2.51747,False
143,desc,63285.0780894,2032-02-23,67657946.9241,1.31861046155,42.69423,0.96915612232,0.894130840477,-8.19563865662e-08,1.86881327979,35.1213980193,-11.8189771839,28.82828,True
173,desc,63285.3430128,2032-02-23,67680836.308,1.07469421748,58.33422,0.564175140068,0.914698897129,2.04890966415e-08,1.48484705699,53.9966310834,-4.58594074335,8.2711,True
24,desc,63286.2748405,2032-02-24,67761346.2207,1.3701429057,274.35212,0.103974391469,-1.36619211971,-3.68058681488e-06,2.08249563807,38.7307749432,-21.1750263975,64.00427,True
188,desc,63286.8487286,2032-02-24,67810930.1508,1.0277695424,210.23893,-0.887923841353,-0.517592005579,-2.11223959923e-06,0.985199381904,9.57891510175,-8.18244356562,25.14721,True
2,asc,63287.2038543,2032-02-25,67841613.0148,1.80419196186,294.34257,0.743672420439,-1.64379438079,3.52039933205e-07,2.65586667883,42.0416841434,2.08211180891,6.66957,False
117,asc,63290.021227,2032-02-28,68085034.0161,0.966675213046,278.65037,0.145392324676,-0.955678836976,3.04356217384e-06,1.72482246233,53.571550407,9.49244516511,18.68411,True
184,desc,63290.6483029,2032-02-28,68139213.3692,2.73612008346,241.82536,-1.2918882098,-2.4119241208,5.58793544769e-07,2.84742052732,42.3637045316,-2.38263673551,10.13806,False
169,asc,63295.801647,2032-03-04,68584462.3042,2.33747977289,41.67682,1.74588059293,1.5542562993,-8.79168510437e-07,2.9498819763,48.5998540202,3.44793824589,12.81196,False
200,desc,63298.1014439,2032-03-07,68783164.7558,1.05516784215,14.71649,1.0205527234,0.26805095388,-2.70083546638e-06,1.96972851028,57.543103478,-9.05923909806,16.07668,True
192,desc,63298.5711555,2032-03-07,68823747.8316,2.44186347332,202.1116,-2.26227037838,-0.919146319946,-1.89989805222e-07,1.77684884347,10.700181531,-1.31949968202,5.67243,False
102,desc,63298.7819375,2032-03-07,68841959.3968,1.02535859846,341.20276,0.970670875014,-0.330391143706,-2.37673521042e-06,2.01690925298,58.7642350987,-13.2111192702,26.06566,True
81,desc,63300.8398555,2032-03-09,69019763.514,0.883137983233,310.14228,0.569348379876,-0.675111190666,-2.38046050072e-06,1.78574681996,61.2323745019,-7.20238227673,17.0676,True
99,desc,63302.2794821,2032-03-11,69144147.2569,0.927114457778,176.54428,-0.925428667565,0.0558837996927,-1.67824327946e-06,0.168292669634,17.5794478647,-7.59621641393,12.15584,True
296,desc,63303.1346107,2032-03-12,69218030.3642,0.964497486906,217.00648,-0.770216290224,-0.580536190535,-6.12810254097e-07,0.810178807865,26.6312004264,-6.76988469296,18.943,True
178,asc,63304.1305261,2032-03-13,69304077.4559,0.915811294371,102.72819,-0.201777175546,0.893306385473,-1.26520171762e-06,1.04760888839,54.669004154,6.38616803275,12.37568,True
180,desc,63304.7137589,2032-03-13,69354468.7679,1.62161724839,224.62004,-1.15423539737,-1.13902728138,9.01520252228e-07,1.32815423115,41.2103023023,-10.7335617173,31.29757,False
9,asc,63304.8847204,2032-03-13,69369239.845,1.06195861177,337.13487,0.978512085694,-0.412638087508,1.42026692629e-06,2.04296666208,58.5324332723,6.80261035035,13.33676,True
256,desc,63305.3747946,2032-03-14,69411582.2506,1.34290533143,178.6164,-1.34251379684,0.0324258305426,-7.07805156708e-07,0.386494296873,16.0792878812,-3.61919221418,8.6717,True
96,desc,63306.1006686,2032-03-15,69474297.7691,1.07362202787,312.16563,0.720696788728,-0.795776600214,1.92038714886e-06,1.94963220945,63.0958921084,-6.58043265602,10.84584,True
202,asc,63308.0717732,2032-03-17,69644601.2024,1.13859993657,156.84047,-1.04684399885,0.447802922747,-8.84116161615e-07,0.333135684646,9.39547972307,2.68791119236,5.54384,True
83,desc,63309.0409129,2032-03-18,69728334.8782,0.314292058936,335.74474,0.286547718105,-0.129111980694,5.61960041523e-06,1.29705559606,93.0982703796,-29.0632826163,26.45905,False
68,asc,63310.1517989,2032-03-19,69824315.4234,1.27655297873,139.30103,-0.967813609643,0.832420761688,-1.62795186043e-06,0.748497106415,19.8833463916,5.92183412681,13.91996,True
95,asc,63315.1762541,2032-03-24,70258428.3516,1.00148260841,188.12971,-0.991418170955,-0.141624239628,8.10250639915e-07,0.139376001589,28.5610939765,3.03380154987,9.90138,True
177,desc,63315.3695826,2032-03-24,70275131.9355,2.32895455916,232.45999,-1.41906760892,-1.84669338547,1.09896063805e-07,1.88883595715,39.2524724639,-1.33030004812,5.37753,False
179,asc,63315.5754611,2032-03-24,70292919.8362,0.894376426703,40.072,0.68440911775,0.575754593714,1.61305069923e-06,1.78002310554,47.9200447205,15.0830107137,34.254,True
47,asc,63317.5163754,2032-03-26,70460614.8318,1.29243824729,141.2725,-1.00827013745,0.808571550923,-2.36090272665e-07,0.851391217741,33.8614376135,1.0272561774,1.99822,True
277,desc,63319.7558866,2032-03-28,70654108.6027,3.15542173188,238.22184,-1.66174541128,-2.68240349204,-1.03702768683e-06,2.68524502691,26.7207485252,-7.41645361334,40.35278,False
255,asc,63322.0525171,2032-03-31,70852537.4807,0.701296907974,299.46913,0.345006208762,-0.610563730539,-9.24337655306e-08,1.42331672368,61.59319176,1.40643439693,1.97262,False
52,desc,63325.1097141,2032-04-03,71116679.2994,1.71320133821,311.99742,1.14629811949,-1.27320832801,4.32133674622e-07,2.39812948477,49.8454255177,-13.1012673833,42.36114,False
30,desc,63327.1221081,2032-04-05,71290550.1387,1.19478123099,215.50297,-0.972653975199,-0.693863411958,8.475035429e-08,0.486805713816,28.5603491857,-2.77079219232,6.35218,True
290,asc,63327.657677,2032-04-05,71336823.2956,1.55122175286,21.40878,1.44418728321,0.566226118753,4.95463609695e-07,2.54423829676,54.8350193447,2.58696773804,7.30064,True
101,asc,63327.6806117,2032-04-05,71338804.8498,1.04606620297,250.069,-0.356591672297,-0.983410840008,2.12248414755e-06,0.986232731867,30.8043202034,8.09369291327,12.87861,True
215,desc,63328.4215599,2032-04-06,71402822.7718,0.878932068095,255.47581,-0.220426256201,-0.850843020717,-2.79862433672e-07,0.97708296642,25.8557357307,-1.35711729701,2.13279,True
293,desc,63331.5190891,2032-04-09,71670449.2964,0.978457343952,231.88447,-0.603951964767,-0.769818678773,2.16532498598e-07,0.605817821601,43.4790876153,-0.788259988864,2.35416,True
107,desc,63331.7918507,2032-04-09,71694015.904,0.904611458586,38.89189,0.704088069771,0.567962922216,-2.69152224064e-07,1.87022165064,65.0354505876,-4.31963493407,6.62299,True
49,desc,63333.4402584,2032-04-11,71836438.3249,1.15710856194,267.94857,-0.041420504385,-1.15636696854,-9.685754776e-08,1.24170203377,9.33914963911,-5.82259319887,22.80162,True
60,asc,63334.7460927,2032-04-12,71949262.4051,1.02936763287,244.89558,-0.436729064741,-0.932129522985,-2.14949250221e-06,0.785345069693,18.8910306003,10.5584570085,38.87863,True
141,asc,63334.8309288,2032-04-12,71956592.2518,0.561504703326,307.34369,0.340605833147,-0.446402507031,-7.13858753443e-07,1.29030861337,60.2530164865,2.6907807683,3.20528,False
168,desc,63335.1167525,2032-04-13,71981287.4182,2.0793219596,183.07513,-2.07632783972,-0.111546016035,8.64267349243e-07,1.15576071598,19.3635109937,-6.74027212676,23.65377,False
76,desc,63335.5694351,2032-04-13,72020399.1912,0.995075052713,33.60445,0.828776376336,0.550730495396,3.96743416786e-07,1.98431509636,63.6720279301,-2.24859630394,4.09944,True
227,desc,63336.7131478,2032-04-14,72119215.9702,1.00021923102,170.18774,-0.98558747893,0.170457711681,1.2032687664e-06,0.538503175505,28.4811118555,-14.4496911373,25.31356,True
229,asc,63338.412373,2032-04-16,72266029.0279,0.99013462152,39.09556,0.768438803807,0.624394405432,4.04007732868e-06,1.97422694236,57.6100447625,12.8157788281,24.832,True
106,asc,63338.6400291,2032-04-16,72285698.512,1.61146583978,190.01269,-1.58692203684,-0.280179588434,-4.61935997009e-07,0.674874084285,21.7975380949,13.6126871383,40.78349,False
57,desc,63338.6602574,2032-04-16,72287446.2354,1.01208037462,351.12615,0.999966150294,-0.15612297385,-2.24635004997e-06,1.9369563853,54.7200999012,-27.8206397933,55.89453,True
40,desc,63338.9605785,2032-04-16,72313393.9846,2.80305964086,67.76284,1.06079323724,2.594583022,-8.56816768646e-08,3.59163703941,36.3455530919,-2.13002799811,9.28064,False
266,asc,63339.2760161,2032-04-17,72340647.7882,1.13297687933,6.10124,1.12655929509,0.120419117045,-6.70552253723e-08,2.11129027284,62.3422474053,2.91881032731,5.70303,True
258,desc,63339.4158282,2032-04-17,72352727.5576,3.05910879754,126.96917,-1.83970276293,2.44410318507,-7.63684511185e-08,2.99825497832,29.6960335649,-0.479382669493,2.34859,False
125,asc,63339.5415245,2032-04-17,72363587.7175,0.990705003978,181.67697,-0.99028068869,-0.0289924561611,3.95625829697e-06,0.388763843503,24.3722601945,13.9134108866,39.01303,True
264,desc,63342.8241289,2032-04-20,72647204.7333,2.13623794391,141.04994,-1.66133984342,1.34293055578,5.88595867157e-07,1.9615320052,12.1917660971,-2.26823483892,8.17004,False
50,asc,63343.087444,2032-04-21,72669955.1608,1.11506915967,284.1074,0.271787261345,-1.08143927958,1.35600566864e-06,1.31538335056,47.4540110568,5.78853882854,10.61149,True
59,desc,63343.7843069,2032-04-21,72730164.1173,1.07828574465,190.62092,-1.05981268136,-0.198739094172,-6.39818608761e-07,0.327976913682,21.8924801249,-3.94536648897,7.40973,True
207,asc,63344.3142189,2032-04-22,72775948.5117,1.70549415275,303.58001,0.943310379107,-1.420871505,-1.39325857162e-06,2.05061614169,29.4284985692,4.47954574099,13.53154,False
4,desc,63347.04677,2032-04-25,73012040.9305,0.895329019951,85.09881,0.0764947775652,0.892055269012,-7.33882188797e-07,1.6977439089,34.4295293585,-6.50210958205,22.31053,True
103,desc,63348.2955174,2032-04-26,73119932.7037,0.818163742333,131.92731,-0.546686585342,0.608708211441,7.8440643847e-07,1.19075011257,50.5012476952,-2.62701446312,4.69797,True
239,asc,63348.8685116,2032-04-26,73169439.3988,0.375111652701,208.83489,-0.328602742704,-0.180911551538,-9.62242484093e-06,0.633335625189,42.5791844757,34.8824222799,36.24349,False
297,desc,63348.9437128,2032-04-26,73175936.7878,0.431221678467,261.11844,-0.066577356149,-0.42605116081,-1.1851079762e-07,0.785020924602,43.1445749294,-21.9274420732,24.30945,False
269,asc,63351.2375786,2032-04-29,73374126.7925,0.880053504877,104.47484,-0.219973634983,0.852118402194,-1.87754631042e-06,1.55776557561,55.7140458238,7.78501704125,13.47265,True
26,asc,63351.3569237,2032-04-29,73384438.2097,0.351985044212,161.99674,-0.334751480664,0.108788407204,3.68803739548e-07,0.847647540217,43.6986863316,19.7756101381,19.2213,False
98,desc,63351.8296136,2032-04-29,73425278.614,1.21233878376,131.66594,-0.805946325021,0.905657687972,-1.15483999252e-07,1.49956706935,24.1955782791,-2.30025447,5.52413,True
81,asc,63354.3649448,2032-05-02,73644331.23,0.378024734515,130.14228,-0.24370797569,0.288979449944,3.12738120556e-06,1.06705532368,74.8773306133,16.8261406665,17.0676,False
112,desc,63354.438978,2032-05-02,73650727.695,0.999106012836,180.98343,-0.998958845118,-0.0171479049771,-2.21282243729e-06,0.648077024949,36.631184762,-26.9632522409,62.10129,True
105,desc,63357.9712911,2032-05-05,73955919.5537,1.03264242452,336.83722,0.949402207614,-0.406184471749,2.421438694e-07,1.71983605009,51.4597030277,-18.1932652265,37.1231,True
136,desc,63360.2813896,2032-05-08,74155512.0623,1.16905146814,110.33711,-0.406295703052,1.09617751155,-1.43051147461e-06,1.82909313155,47.1220680838,-10.9042191164,24.09941,True
176,desc,63360.3718682,2032-05-08,74163329.4094,3.02064334128,125.16698,-1.73977364622,2.46930635101,2.23517417908e-08,3.33503195123,42.3888959841,-0.58097222748,2.63958,False
171,desc,63361.8073228,2032-05-09,74287352.687,1.10547324972,319.50669,0.840692277525,-0.71784928805,9.94652509689e-07,1.5451734245,57.7653743492,-6.67948062789,18.03421,True
283,desc,63362.2592063,2032-05-10,74326395.4224,1.05195123121,291.95181,0.393247384342,-0.975683292651,6.87316060066e-07,1.11967332978,29.392488448,-4.62719136278,8.07603,True
134,desc,63363.2362353,2032-05-11,74410810.7332,1.01735989839,164.3211,-0.979505293399,0.274937343874,6.01261854172e-06,1.05721264918,31.3448948943,-20.2209635352,38.14572,True
37,desc,63363.803302,2032-05-11,74459805.296,0.50779561716,92.66887,-0.0236448559517,0.507244822146,2.16439366341e-06,1.41621550416,71.9601809834,-20.1783295779,24.92726,False
126,asc,63364.2088616,2032-05-12,74494845.6392,0.927817226586,338.65275,0.864160938403,-0.337743509911,2.04890966415e-08,1.59402963606,59.5086102499,1.64851796213,2.42699,True
186,desc,63365.0493242,2032-05-13,74567461.6148,1.12950453834,112.44372,-0.431217439477,1.04395020093,3.11806797981e-06,1.82094251963,52.1671148348,-13.8653707408,30.12309,True
110,desc,63365.2875051,2032-05-13,74588040.44,1.10832848117,12.31083,1.08284278933,0.236312326715,-1.38580799103e-06,2.01107112004,55.5430888079,-7.68295620249,13.85069,True
170,asc,63366.5719736,2032-05-14,74699018.5173,2.17395614279,135.03605,-1.53818603097,1.53625162161,-1.61118805408e-07,2.48164883942,30.3450353104,0.936257981943,3.58083,False
179,desc,63368.8359345,2032-05-16,74894624.7387,0.507406699425,220.072,-0.388285917568,-0.326642931715,2.7883797884e-06,0.528026880577,43.456485619,-26.5859501685,34.254,False
124,desc,63369.2372196,2032-05-17,74929295.7748,1.03640075796,296.62205,0.464414460419,-0.926523469778,-3.31550836563e-07,1.08072124557,29.0006256672,-9.78273170055,16.18609,True
109,asc,63369.82146,2032-05-17,74979774.1405,1.08960927484,325.49909,0.897965736579,-0.617175751093,2.34693288803e-07,1.51266340426,50.2947832416,3.81134462922,8.88522,True
118,asc,63370.6003663,2032-05-18,75047071.6464,2.0224845962,262.94888,-0.248269806742,-2.00718859226,2.52574682236e-06,1.23414624713,28.112120662,15.5527260289,68.42022,False
21,asc,63373.8203059,2032-05-21,75325274.4322,1.66360731202,311.6149,1.10483598293,-1.24375509625,-7.69272446632e-07,1.69687267281,43.730842021,2.40496944717,7.13333,False
210,desc,63376.8142496,2032-05-24,75583951.1629,1.0197680676,151.11156,-0.892870185389,0.492655806562,5.99771738052e-07,1.42675789824,42.2646260318,-10.7110836365,22.32417,True
35,desc,63377.3323044,2032-05-25,75628711.0994,1.00999867392,218.30847,-0.792530547253,-0.626093166383,1.25309452415e-06,0.393438212216,29.0383748701,-20.6621130782,44.05781,True
44,asc,63377.8441792,2032-05-25,75672937.0794,0.995912089171,203.55397,-0.912936741525,-0.397979139316,1.14366412163e-06,0.64898238424,9.22622301817,7.22742360585,20.2845,True
293,asc,63377.8847743,2032-05-25,75676444.5023,0.249352319236,51.88447,0.153912507329,0.196182362093,3.12924385071e-07,1.26054410233,106.433483254,3.09312853961,2.35416,False
4,asc,63381.3513365,2032-05-29,75975955.474,0.155569080425,265.09881,-0.0132914514528,-0.155000245492,8.46199691296e-06,0.870552599988,76.8571647473,37.4208511345,22.31053,False
190,asc,63381.6885218,2032-05-29,76005088.2843,1.00185223141,81.65754,0.145358205272,0.991251171875,6.19795173407e-07,1.99494563427,51.0950269708,2.93695364564,7.36842,True
288,asc,63383.3752633,2032-05-31,76150822.7534,0.997348247071,83.16315,0.11872690185,0.990256254064,7.52508640289e-07,1.99107569834,62.7845904338,5.49134655979,9.33904,True
83,asc,63383.768716,2032-05-31,76184817.0664,0.961756022516,155.74474,-0.876856369071,0.395091830928,2.51829624176e-06,1.41222018226,42.3323604951,9.49758433433,26.45905,True
8,desc,63383.819163,2032-05-31,76189175.679,2.51003644744,130.13923,-1.61808800491,1.91887315262,-2.1755695343e-06,3.10293455431,37.4804833032,-9.44934325695,42.03945,False
97,asc,63385.8485631,2032-06-02,76364515.8489,2.15554392783,347.42493,2.10383584767,-0.469301982601,6.14672899246e-07,2.5154206308,25.7499205163,2.22308096395,8.02751,False
145,asc,63386.3079686,2032-06-03,76404208.4833,1.92477615493,61.2066,0.927073685087,1.68680100457,-9.685754776e-08,2.93353550261,47.0992590414,4.71130977728,15.15631,False
296,asc,63386.6554242,2032-06-03,76434228.651,0.298621849126,37.00648,0.238469685962,0.179742086481,-6.19841739535e-06,1.2771226068,92.1108631668,21.8655694221,18.943,False
10,desc,63388.4910866,2032-06-05,76592829.8816,1.00031431564,176.78899,-0.998743841213,0.0560309709646,3.02912667394e-06,1.22209884329,26.1412388639,-19.3030697769,39.82206,True
42,asc,63389.1920783,2032-06-06,76653395.5613,1.01903071268,236.20005,-0.566881578555,-0.846799190652,1.36718153954e-06,0.281121265664,21.8462234736,11.9905356102,25.15147,True
125,desc,63389.8952017,2032-06-06,76714145.4254,0.371607677325,1.67697,0.371448519132,0.0108749014598,-2.92621552944e-06,1.18964597517,66.7936195552,-37.093113595,39.01303,False
298,desc,63390.6368342,2032-06-07,76778222.4742,1.38817749185,318.73493,1.04344632178,-0.915563499953,-1.00582838058e-06,1.33399638839,36.8232042525,-11.5794634644,29.79622,True
222,desc,63393.217293,2032-06-10,77001174.1189,1.0079617149,108.01435,-0.311717382885,0.958550516096,-4.32133674622e-07,1.9455830092,53.6413538845,-10.5362056971,21.61632,True
289,asc,63398.9657154,2032-06-15,77497837.8063,1.19003737965,188.72262,-1.17627351798,-0.180470429335,1.99885107577e-07,1.31537630026,48.1646362275,2.79257415458,5.82974,True
26,desc,63403.7333783,2032-06-20,77909763.8888,0.886596595788,341.99674,0.843187879918,-0.274021391177,5.77419996262e-07,1.17760589647,19.4179861647,-7.85105542005,19.2213,True
139,asc,63405.6795483,2032-06-22,78077912.9742,4.28136579109,177.37634,-4.27687785883,0.195981677122,-1.87754631042e-06,4.40796637579,36.8794652298,7.58743615775,57.84046,False
172,asc,63408.223897,2032-06-25,78297744.6988,1.53611639021,116.63182,-0.688572773593,1.37314278199,-6.85453414917e-07,2.4894179227,47.5059834766,6.32760468852,17.25133,True
65,desc,63411.8078866,2032-06-28,78607401.4022,0.751380810236,276.9752,0.0912474727169,-0.745819697188,-5.10597601533e-07,0.27171870608,21.8712232779,-3.19493804308,5.05883,False
152,asc,63412.9085216,2032-06-29,78702496.2627,2.23930770727,202.66443,-2.06638273961,-0.862879702686,1.2218952179e-06,2.15472020878,44.9499761767,3.61316426585,13.50267,False
239,desc,63413.8268916,2032-06-30,78781843.4307,1.04562423427,28.83489,0.915980585364,0.504291192195,1.54227018356e-06,1.72403710548,32.4713922386,-12.5138674515,36.24349,True
55,asc,63417.1597004,2032-07-04,79069798.1186,0.98931839847,302.02023,0.524555075658,-0.838804426641,2.57045030594e-07,0.406529639245,21.999441436,13.66572149,22.71515,True
294,asc,63418.160236,2032-07-05,79156244.3889,0.59322375123,187.91609,-0.587570819196,-0.0817003760859,-2.80793756247e-07,1.19418718238,46.5972652734,2.75171724974,3.7759,False
240,asc,63420.3857032,2032-07-07,79348524.7538,1.78093344793,137.21706,-1.30708429268,1.2096506098,1.19209289551e-07,2.67671553125,46.7676018495,8.97987244428,28.00194,False
54,asc,63420.7406436,2032-07-07,79379191.6059,0.970247715595,18.12085,0.922125964338,0.30176867881,-9.94652509689e-07,1.47830809079,50.9789713197,10.2961503773,17.99169,True
181,asc,63421.5991951,2032-07-08,79453370.4604,0.981026422352,268.50377,-0.0256157495388,-0.98069193671,2.5425106287e-07,0.253871876778,7.9412503746,2.8814624272,4.68129,True
143,asc,63421.8851133,2032-07-08,79478073.7872,1.0637435308,222.69423,-0.781833290052,-0.72130923042,-2.32830643654e-06,1.04989269342,44.8532264346,14.6507372391,28.82828,True
163,asc,63422.1364581,2032-07-09,79499789.9798,0.683582396636,165.54034,-0.661929024906,0.170689363984,-1.92038714886e-06,1.46843367411,52.2393492466,17.3216173055,26.60392,False
226,desc,63423.7440115,2032-07-10,79638682.5974,1.08756757241,330.72865,0.948700280855,-0.531762166447,-5.98281621933e-06,0.821241069976,29.8880034288,-19.8913863391,45.86726,True
183,asc,63424.1362922,2032-07-11,79672575.6441,1.02771345831,322.74951,0.818056650813,-0.622075773881,1.05984508991e-06,0.656163129998,25.9591883124,10.5899507625,21.47,True
299,desc,63426.1934884,2032-07-13,79850317.399,1.0625655439,337.86367,0.984243719779,-0.400387106644,-1.24797224998e-07,0.889623119273,36.3636590306,-5.00757311207,11.16926,True
171,asc,63427.1743459,2032-07-14,79935063.4824,0.451619450189,139.50669,-0.343448368607,0.293263270613,4.17977571487e-06,1.4238615763,86.0310898182,16.3500202506,18.03421,False
128,desc,63427.4539087,2032-07-14,79959217.7154,0.960298827468,93.62643,-0.0607397584824,0.958375980383,-1.89989805222e-07,1.96209219078,56.8513253335,-4.10171476355,8.54804,True
66,asc,63429.7412899,2032-07-16,80156847.4441,1.42160351902,116.51175,-0.634577274459,1.2721117278,3.93763184547e-06,2.43686752914,50.8729663933,14.4292109042,38.56598,True
202,desc,63430.225866,2032-07-17,80198714.8235,1.12403010091,336.84047,1.03344829723,-0.442072714286,-3.0011869967e-07,0.837710821437,9.0137013684,-2.72275227384,5.54384,True
261,desc,63430.5461717,2032-07-17,80226389.2331,1.4335818743,211.55547,-1.22160373667,-0.750227499404,3.94880771637e-07,1.60600654275,38.5087104007,-8.88001405971,23.24895,True
228,asc,63432.687788,2032-07-19,80411424.8872,1.84663831709,320.05713,1.41578987962,-1.18558512597,-2.19792127609e-07,1.04106167071,11.0082793265,2.22871589687,7.15733,False
273,desc,63432.7883894,2032-07-19,80420116.8441,1.07044645389,54.38229,0.62340047217,0.870188176172,-1.54785811901e-06,1.81635512449,54.7971587822,-4.83636255101,10.31047,True
162,asc,63434.8594448,2032-07-21,80599056.0329,0.689498332152,96.44687,-0.0774181362909,0.685138221247,3.01469117403e-06,1.68480713246,67.2331923933,11.3078982593,16.72622,False
217,asc,63435.8801619,2032-07-22,80687245.9859,2.23285327695,226.40736,-1.53961153556,-1.61716729992,-7.37607479095e-07,2.11538894389,43.315644609,4.13303645351,15.72955,False
281,asc,63437.3050006,2032-07-24,80810352.0509,0.918877039634,21.49671,0.854958676838,0.336720469924,3.36859375238e-06,1.29340765132,52.3191319366,11.4606094647,21.38605,True
117,desc,63437.6551476,2032-07-24,80840604.7542,0.886531582092,98.65037,-0.133338360061,0.87644687676,-5.66244125366e-07,1.8768923347,59.5244387371,-10.3505747992,18.68411,True
30,asc,63438.63382,2032-07-25,80925162.0469,0.873522723438,35.50297,0.711122109505,0.507294089987,1.13155692816e-07,1.412896291,39.5896104634,3.78981612903,6.35218,True
63,asc,63440.8467037,2032-07-27,81116355.1964,2.0528819336,357.06027,2.05018041274,-0.10528299254,-1.77323818207e-06,1.70375263592,20.9451794888,13.3626832493,53.19536,False
44,desc,63443.7098852,2032-07-30,81363734.0795,0.321353249283,23.55397,0.294579402608,0.128416846182,-6.346963346e-06,1.0099712892,61.4330931114,-22.3986487104,20.2845,False
187,desc,63445.4286149,2032-08-01,81512232.3253,1.04449455658,260.57269,-0.171084231682,-1.03038782232,2.50618904829e-06,0.789846661248,25.2645551838,-8.50520131496,13.3569,True
286,desc,63446.7374213,2032-08-02,81625313.1982,0.939039062276,61.00265,0.455217184464,0.821323124871,-1.25356018543e-06,1.64240864649,57.3412442204,-5.92973105129,10.38842,True
104,desc,63448.4863405,2032-08-04,81776419.8227,1.05770931836,248.67554,-0.38463487601,-0.985294379517,3.58745455742e-06,1.03535920583,40.4137840211,-12.9756825601,24.75984,True
58,asc,63448.9548507,2032-08-04,81816899.1031,2.51069347543,110.95612,-0.89795670585,2.34462267369,-1.63912773132e-07,3.49174949864,47.7780159826,4.88476590216,20.16655,False
292,desc,63449.9018882,2032-08-05,81898723.14,1.60443544158,306.7835,0.960724678639,-1.28499851286,1.02445483208e-07,0.59188106195,14.8819487806,-0.839969419572,2.51747,False
194,desc,63450.0991595,2032-08-06,81915767.3797,0.981737788651,134.32185,-0.685928576265,0.70236107091,-6.08898699284e-06,1.99688645494,57.8975626791,-19.4518854523,39.93236,True
214,asc,63450.2081366,2032-08-06,81925182.9982,1.12880374969,159.69,-1.05862417908,0.391807035137,-1.47649552673e-06,2.07467868953,53.1486683578,6.65467850796,13.7949,True
297,asc,63451.2283324,2032-08-07,82013327.9185,0.9578518783,81.11844,0.147885064281,0.946366857263,2.15694308281e-06,1.78931889792,46.9889104518,9.87166031563,24.30945,True
60,desc,63452.9757769,2032-08-08,82164307.1278,0.202180935107,64.89558,0.0857791598236,0.183082129823,9.37795266509e-06,1.1081163315,100.5693736,-53.7564725967,38.87863,False
98,asc,63455.8558678,2032-08-11,82413146.9748,0.775565876625,311.66594,0.515585640295,-0.579373693316,-6.61239027977e-07,0.24753860447,20.8309732615,3.59568128323,5.52413,False
165,desc,63456.1221307,2032-08-12,82436152.094,0.206736561063,123.99962,-0.115604481115,0.171393143464,4.98257577419e-07,1.21872568771,116.552387295,-27.2127074076,19.13504,False
197,asc,63457.3320102,2032-08-13,82540685.6803,0.941439297683,352.06267,0.932420030144,-0.130003225378,-1.25635415316e-06,0.594248992707,16.9521483136,3.70835628265,5.8333,True
263,desc,63457.6884668,2032-08-13,82571483.529,0.948823241974,324.35835,0.77108718999,-0.552892475933,-4.79631125927e-08,0.13787717256,10.4396465752,-2.9602695586,4.64461,True
67,desc,63459.4381871,2032-08-15,82722659.3697,1.15800401988,279.34195,0.187974530574,-1.14264556443,-1.4016404748e-07,0.748928039778,11.9325892321,-0.744393050648,1.43938,True
191,asc,63460.4190135,2032-08-16,82807402.7651,1.02278242989,359.93571,1.02278178602,-0.00114763546592,5.65312802792e-07,0.697271062587,42.0829958932,2.04527799682,5.04225,True
257,asc,63461.667251,2032-08-17,82915250.4836,1.00261986646,36.09232,0.810185885763,0.590631380076,2.76602804661e-06,1.22779929663,42.2852408098,9.32602531911,17.74569,True
180,asc,63462.9009555,2032-08-18,83021842.5585,1.03760486721,44.62004,0.738546822571,0.728815786968,4.6081840992e-06,1.35076739253,32.0139326613,16.7749105342,31.29757,True
109,desc,63464.8169387,2032-08-20,83187383.503,0.650819028605,145.49909,-0.536351150727,0.368636475553,-2.14390456676e-06,1.66476260566,71.8558279823,-6.38100036272,8.88522,False
1,desc,63465.1817339,2032-08-21,83218901.808,2.32008851026,156.03924,-2.12015210797,0.942213210749,4.91738319397e-07,3.31973129656,44.809994301,-5.83075873085,22.14242,False
204,asc,63466.1336319,2032-08-22,83301145.7978,1.00015166388,340.1136,0.94051151463,-0.340207938775,4.19095158577e-07,0.258355104943,11.2907092431,6.6365158424,10.00804,True
256,asc,63467.0088021,2032-08-23,83376760.5015,1.03864715568,358.6164,1.03834432995,-0.0250792039286,8.54954123497e-07,0.572784844033,9.29437425499,4.67938750259,8.6717,True
272,desc,63469.054528,2032-08-25,83553511.2202,0.377079538072,199.28184,-0.355927510748,-0.124517408924,-9.40635800362e-08,1.28402181375,81.2254870254,-2.81705187478,2.63724,False
119,asc,63469.8588811,2032-08-25,83623007.327,4.50459789232,272.69833,0.212064468738,-4.49960340837,-4.58210706711e-07,4.03113114865,23.9328008168,1.98570426308,13.44416,False
224,asc,63471.7293054,2032-08-27,83784611.9886,1.17514966614,134.62065,-0.825436441064,0.836439728608,4.10713255405e-07,2.1661871699,59.5284863812,2.44027182895,4.49003,True
88,desc,63472.8902712,2032-08-28,83884919.4327,0.995588415748,290.80673,0.35364969651,-0.930660080657,-4.17232513428e-07,0.704628113359,21.626760617,-10.965190184,17.09388,True
211,desc,63473.1420479,2032-08-29,83906672.9401,3.97351891491,0.21677,3.97349047699,0.0150331777955,3.86498868465e-08,3.11714196085,25.1424330476,-0.117834531594,0.79236,False
190,desc,63478.9719995,2032-09-03,84410380.7541,0.421484168585,261.65754,-0.0611529129497,-0.41702425062,-1.335516572e-06,0.997314542394,57.6536136547,-6.98102985294,7.36842,False
280,asc,63479.1377338,2032-09-04,84424700.2036,0.940135017279,164.91856,-0.907753915157,0.244615372025,2.60770320892e-06,1.94734068103,62.1360976576,21.4498735152,36.78219,True
221,asc,63481.3722783,2032-09-06,84617764.8439,2.82347092801,285.28603,0.744373836977,-2.72358140545,-1.02445483208e-07,2.38787594443,25.9238614105,0.377744821955,1.67978,False
200,asc,63481.5096965,2032-09-06,84629637.7757,1.84728684772,194.71649,-1.78668601148,-0.469277949763,1.61677598953e-06,2.7401202004,52.3695469815,5.17462557721,16.07668,False
137,desc,63481.5744373,2032-09-06,84635231.3822,3.83726831018,103.609,-0.902889223866,3.72953336676,-8.99657607079e-07,4.47303024805,36.166822884,-3.12175923214,18.80198,False
255,desc,63482.0807352,2032-09-07,84678975.5239,1.36051847046,119.46913,-0.669313259628,1.1844957868,-1.95112079382e-07,2.22194499002,45.5978771851,-0.724964868357,1.97262,True
266,desc,63487.1089203,2032-09-12,85113410.7123,1.38988411057,186.10124,-1.38201131235,-0.147724653913,1.90455466509e-07,2.36140722058,57.3866282659,-2.37929521666,5.70303,True
295,desc,63487.3631488,2032-09-12,85135376.0567,1.05389155892,264.2559,-0.105479374036,-1.04859979002,3.16649675369e-08,1.34818728358,40.9744474202,-7.47163829581,12.40454,True
296,desc,63488.059924,2032-09-13,85195577.4321,0.964497486906,217.00648,-0.770216290224,-0.580536190535,-9.31322574615e-09,1.78480535194,44.0866899989,-6.76988469296,18.943,True
247,asc,63488.4348396,2032-09-13,85227970.1441,0.988092717336,130.33277,-0.639519176103,0.753221376123,-2.47790012509e-07,1.89578714549,61.8783513407,5.42526527264,8.69826,True
146,asc,63488.6415695,2032-09-13,85245831.6023,1.07717486986,110.66657,-0.380166234706,1.00785878686,5.34113496542e-07,1.8380634071,60.4010412884,3.73456177972,7.79145,True
10,asc,63490.0521263,2032-09-15,85367703.7137,1.05046659754,356.78899,1.04881738499,-0.0588401690406,4.5639462769e-06,0.155326114531,25.00576287,18.3814859786,39.82206,True
165,asc,63490.7545911,2032-09-15,85428396.6679,0.842908631509,303.99962,0.471343890367,-0.698806051838,1.6875565052e-06,0.726533443258,52.5546088303,6.67434326375,19.13504,True
32,asc,63490.9212202,2032-09-15,85442793.425,3.24807511867,58.16545,1.71325631851,2.75948269855,2.98954546452e-07,3.03389275207,26.712795822,2.29462969561,11.6234,False
229,desc,63491.7246215,2032-09-16,85512207.3012,1.07136512009,219.09556,-0.831481410134,-0.675619630523,2.43820250034e-06,1.89183938483,54.3942917266,-11.84409132,24.832,True
65,asc,63492.2058621,2032-09-17,85553786.487,0.940761703778,96.9752,-0.114245834774,0.933798946525,2.57045030594e-07,1.56069162952,38.0915667801,2.55177812386,5.05883,True
20,desc,63495.6235746,2032-09-20,85849076.842,1.04965132133,348.07244,1.02698901873,-0.216936515548,6.80796802044e-07,0.112692913569,11.6475411316,-3.201003408,5.31181,True
155,desc,63495.9666938,2032-09-20,85878722.3464,1.36727507377,106.22318,-0.381988744932,1.3128311872,1.64657831192e-06,1.97828258526,47.6327595559,-7.56772797825,19.00837,True
208,desc,63497.3028334,2032-09-22,85994164.8028,1.97874665257,252.98582,-0.578997831501,-1.89214159781,-1.6950070858e-07,2.40641875804,33.4642968501,-1.06116169552,3.41388,False
294,desc,63497.3822036,2032-09-22,86001022.3915,0.832012706109,7.91609,0.8240843127,0.114587035425,-4.54485416412e-07,0.262374179625,5.06877218028,-1.96197007237,3.7759,True
79,desc,63497.5518919,2032-09-22,86015683.4614,1.03094297251,84.506,0.0987040413957,1.02620705746,4.75440174341e-07,1.42459077264,43.3120992337,-5.06486646039,9.02376,True
230,asc,63497.8017443,2032-09-22,86037270.7082,1.14770292761,87.66314,0.0467971212242,1.14674846391,1.73225998878e-07,1.54789246641,53.0928304338,3.44067547343,8.26679,True
89,desc,63498.3204718,2032-09-23,86082088.7598,0.93669075282,188.869,-0.925491141955,-0.144415070478,-2.71201133728e-06,1.93107702448,62.1110555119,-8.87722380854,15.31841,True
52,asc,63501.4666254,2032-09-26,86353916.4346,0.984975461154,131.99742,-0.659044266239,0.732009094351,2.98023223877e-07,1.82070439354,51.1161070146,22.7874801947,42.36114,True
163,desc,63503.1056866,2032-09-28,86495531.3218,0.930264172066,345.54034,0.900796830567,-0.23228538454,-3.42354178429e-06,0.273150965164,27.7087866203,-12.7283765482,26.60392,True
37,asc,63504.6832318,2032-09-29,86631831.2315,0.968429042528,272.66887,0.0450936645302,-0.967378608318,2.22772359848e-06,1.39539840817,35.614310751,10.5805039619,24.92726,True
83,desc,63505.703364,2032-09-30,86719970.6479,0.314292058936,335.74474,0.286547718105,-0.129111980694,-5.02169132233e-06,0.740737958543,44.1458816064,-29.0632826163,26.45905,False
244,asc,63507.8582036,2032-10-02,86906148.7943,2.16532770128,74.90308,0.56396524737,2.09059495209,-1.27404928207e-06,2.03551412938,32.353201396,5.36928078058,19.45987,False
70,asc,63508.140589,2032-10-03,86930546.892,3.07752902342,306.75571,1.84160706013,-2.4656983445,-2.46800482273e-07,2.70741703095,24.9938213879,1.65412262748,8.18219,False
249,desc,63508.436168,2032-10-03,86956084.9164,2.61882885595,131.52793,-1.73624441473,1.96054071854,6.10947608948e-07,3.29938215507,43.9270350003,-4.00917775061,17.09824,False
234,desc,63508.5762556,2032-10-03,86968188.4837,0.977618340204,358.94914,0.977453913774,-0.0179294604364,-1.64285302162e-06,0.133293776374,21.0568671381,-11.7732886821,18.71928,True
25,asc,63509.6528157,2032-10-04,87061203.2799,0.976088910962,220.68627,-0.74015902563,-0.636328672056,2.74926424026e-06,1.89646320864,62.6171280932,14.3784228528,24.53703,True
268,asc,63509.9364357,2032-10-04,87085708.0439,3.24556010514,116.19778,-1.43282094757,2.91216148733,3.72529029846e-07,3.68568297246,30.6928287984,2.84458314447,14.38466,False
285,desc,63510.3226653,2032-10-05,87119078.2785,1.04441819683,13.47036,1.0156868321,0.24328918792,-3.68058681488e-06,0.1024129123,20.4686238963,-19.4190972186,35.13666,True
246,asc,63510.564747,2032-10-05,87139994.1372,0.95146927941,194.24203,-0.922226005196,-0.234079014442,-1.62050127983e-06,1.95104498464,67.550479732,6.19587130671,9.59103,True
241,desc,63510.905557,2032-10-05,87169440.1221,0.333243651154,33.02113,0.27941468906,0.18160055774,1.61305069923e-06,0.711234158111,57.1097787372,-32.651708893,31.4187,False
177,asc,63511.796249,2032-10-06,87246395.9176,0.837467557661,52.45999,0.510281782838,0.664051513241,-1.19861215353e-06,0.687783556383,18.1215220486,3.69949657604,5.37753,True
99,asc,63514.0854442,2032-10-09,87444182.3828,1.9701763602,356.54428,1.96659395029,-0.118756578704,8.94069671631e-08,1.03968450807,21.8228077162,3.57458459254,12.15584,False
86,asc,63516.9732107,2032-10-11,87693685.4088,0.975293554768,271.0619,0.0180747158779,-0.975126054733,1.58697366714e-06,1.55379445616,39.8178009872,27.3182479631,55.85289,True
191,desc,63521.8931929,2032-10-16,88118771.8636,0.464185077112,179.93571,-0.464184784896,0.000520849050265,-4.11178916693e-07,1.44412693173,80.1519893164,-4.50655245617,5.04225,False
60,asc,63522.8058514,2032-10-17,88197625.5603,1.02936763287,244.89558,-0.436729064741,-0.932129522985,-1.95205211639e-06,1.87778325197,46.0280682558,10.5584570085,38.87863,True
299,asc,63525.5722546,2032-10-20,88436642.801,0.709026847822,157.86367,-0.656764400208,0.267169596983,-9.75094735622e-07,1.57816907768,59.7385447996,7.5044755552,11.16926,False
27,asc,63528.3137979,2032-10-23,88673512.135,1.04048377536,43.45101,0.755352384101,0.715576175269,2.57045030594e-07,0.311988084555,33.6562076776,30.2756901912,60.6846,True
174,desc,63529.97748,2032-10-24,88817254.2681,1.03049859255,190.77506,-1.01232958535,-0.192655547216,6.59376382828e-07,2.00477846473,64.6746471874,-8.58919061664,14.39783,True
264,asc,63530.6812067,2032-10-25,88878056.2579,0.94514212687,321.04994,0.735031543441,-0.594156772353,9.18284058571e-07,1.07653951644,50.0402980631,5.12673088082,8.17004,True
21,desc,63530.9532595,2032-10-25,88901561.6249,0.902458400332,131.6149,-0.599341266762,0.67470083021,-3.16649675369e-08,1.48673234868,44.6952015752,-4.4333619766,7.13333,True
287,desc,63531.0500469,2032-10-26,88909924.0552,4.46784708947,259.08291,-0.846158099176,-4.38698918235,3.53902578354e-07,5.16049259121,34.2156171921,-1.44895638596,9.76964,False
253,asc,63531.7997177,2032-10-26,88974695.609,1.22162503872,116.68273,-0.548570356743,1.09153025561,2.39536166191e-06,1.53805088896,47.9679884861,15.7073466165,38.24694,True
105,asc,63532.6908868,2032-10-27,89051692.6192,1.15925096641,156.83722,-1.06580496846,0.45598527645,-1.08778476715e-06,1.92536563462,46.5545020382,16.2062728932,37.1231,True
12,desc,63532.9475857,2032-10-27,89073871.4086,1.69572351956,305.36536,0.981464856626,-1.38282500339,-1.77533365786e-08,1.89375589714,24.9546562487,-0.17106087727,0.44808,False
222,asc,63535.3376236,2032-10-30,89280370.6762,0.875058528711,288.01435,0.270616383945,-0.832162364812,1.37463212013e-06,1.48489748846,52.3635419771,12.136436152,21.61632,True
149,asc,63536.9949597,2032-10-31,89423564.5179,1.62209030241,111.23173,-0.587425126779,1.51198831662,-6.19329512119e-07,1.69458852379,45.0742618351,2.45625485534,6.50656,False
281,desc,63538.7687836,2032-11-02,89576822.9068,0.962405031711,201.49671,-0.895458801345,-0.352671206872,2.55741178989e-06,1.93957849017,58.225925535,-10.9422650031,21.38605,True
71,asc,63539.6947061,2032-11-03,89656822.6062,1.83350585156,219.36124,-1.41759849096,-1.1628233856,4.02331352234e-07,2.82656180754,48.0863760498,5.20926648229,16.69512,False
164,asc,63541.0210586,2032-11-05,89771419.4672,0.784190191481,243.71849,-0.347225192665,-0.703127955634,-3.01748514175e-07,1.73555652712,63.7062080615,4.58191231107,7.30927,False
128,asc,63544.7852704,2032-11-08,90096647.3613,0.673285881758,273.62643,0.0425859333343,-0.671937732871,-1.41840428114e-06,1.5082010823,64.3027208378,5.85022200045,8.54804,False
238,asc,63544.893834,2032-11-08,90106027.2575,2.16950615382,53.30016,1.29654657655,1.73946081482,3.72529029846e-09,1.20917890666,19.1801462261,2.98054680038,10.90394,False
50,desc,63545.8478953,2032-11-09,90188458.1559,1.82701799435,104.1074,-0.445317864643,1.77191612418,2.38418579102e-07,1.59479886145,15.525172471,-3.53287222524,10.61149,False
147,desc,63546.2856072,2032-11-10,90226276.4655,4.12115731019,198.46202,-3.90905692346,-1.305071471,8.49366188049e-07,5.03456460787,32.6273620425,-8.49147946939,70.55951,False
156,desc,63546.6310329,2032-11-10,90256121.2439,2.69602183858,353.52007,2.67879816395,-0.304260005473,-8.19563865662e-08,2.2066860339,25.8031755079,-5.90361534384,26.05772,False
90,asc,63547.8592569,2032-11-11,90362239.7969,0.99241301653,294.79736,0.416228195948,-0.900909365183,2.19792127609e-06,1.63199755089,58.8033338327,12.4468257179,20.05615,True
68,desc,63549.9915432,2032-11-13,90546469.3323,0.986755910689,319.30103,0.748105104664,-0.64344850583,-2.29105353355e-06,1.37802657207,42.2399623953,-7.66099793498,13.91996,True
273,asc,63551.2949938,2032-11-15,90659087.4657,0.84284887385,234.38229,-0.490853497637,-0.685169371767,-9.89995896816e-07,1.83123883002,65.2946428522,6.14234331098,10.31047,True
194,asc,63554.3993194,2032-11-18,90927301.1934,1.01426929299,314.32185,0.708657953406,-0.725634965923,7.39470124245e-07,1.5097398672,56.9748847971,18.8279889188,39.93236,True
241,asc,63557.5612537,2032-11-21,91200492.3197,0.933305181083,213.02113,-0.782548072762,-0.508603062173,-1.12503767014e-06,1.88618248649,50.6573333666,11.6585388236,31.4187,True
260,desc,63557.6879087,2032-11-21,91211435.3158,0.946604655406,91.09639,-0.0181127571644,0.94643135074,5.45033253729e-06,0.594675710399,44.9713228308,-22.7668149963,47.70709,True
150,asc,63560.0914624,2032-11-24,91419102.353,3.2294999232,116.19322,-1.42550021372,2.89786454042,6.33299350739e-08,2.83882579735,25.3817466819,1.47881161112,7.35457,False
297,desc,63560.5797397,2032-11-24,91461289.5118,0.431221678467,261.11844,-0.066577356149,-0.42605116081,-5.75790181756e-07,1.39585104544,80.2343858095,-21.9274420732,24.30945,False
80,asc,63561.218722,2032-11-25,91516497.5833,0.9590687743,115.78687,-0.417218672319,0.863563253796,1.71363353729e-07,0.926942516014,45.1894513222,13.5254014341,23.55872,True
154,asc,63562.9587024,2032-11-26,91666831.8909,1.02695533078,58.61606,0.534807898537,0.876708482378,7.71135091782e-07,0.0537974028318,8.12669180099,5.98962914627,9.93722,True
210,asc,63564.1606021,2032-11-28,91770676.0179,0.858329658611,331.11156,0.751520846513,-0.414663984581,2.54437327385e-06,1.31765286261,43.8452566886,12.7256712527,22.32417,True
271,asc,63564.6948752,2032-11-28,91816837.2182,2.50485851369,210.87182,-2.1499635939,-1.28529090812,8.49366188049e-07,3.38568295712,41.7055833153,3.83314643473,15.73453,False
116,asc,63570.1330618,2032-12-04,92286696.5399,2.99837388907,64.2053,1.30473584883,2.69961299882,-1.37835741043e-07,2.01510647551,20.0683868416,1.27808803388,6.22709,False
183,desc,63570.210621,2032-12-04,92293397.657,0.967442388613,142.74951,-0.770081070637,0.585593647447,-1.76392495632e-06,1.18543197477,32.9773952496,-11.2496982245,21.47,True
298,asc,63570.2941063,2032-12-04,92300610.7871,1.02542621207,138.73493,-0.770778387867,0.676313236008,4.81307506561e-06,1.16295926192,31.3695659242,15.6757749702,29.79622,True
162,desc,63570.3892401,2032-12-04,92308830.3428,1.03395903928,276.44687,0.116094815737,-1.02742069702,-7.61821866035e-07,1.95946762261,54.774955349,-7.5407019947,16.72622,True
296,asc,63571.5807375,2032-12-05,92411775.7189,0.298621849126,37.00648,0.238469685962,0.179742086481,4.46871854365e-06,0.751427030378,48.1920359996,21.8655694221,18.943,False
5,asc,63572.3833175,2032-12-06,92481118.6287,0.954979016943,295.27177,0.407692349914,-0.863580841973,3.1441450119e-06,1.79322078961,47.9533958667,17.1870722726,37.03321,True
102,asc,63573.5026232,2032-12-07,92577826.6486,1.12161431679,161.20276,-1.06179277371,0.361406670287,7.61821866035e-07,1.49088878452,45.2798452413,12.077355412,26.06566,True
66,desc,63574.2616798,2032-12-08,92643409.1356,1.0690828208,296.51175,0.477218615118,-0.956661105673,2.59280204773e-06,1.90311008301,61.4619216659,-19.1871168435,38.56598,True
214,desc,63576.4296096,2032-12-10,92830718.2674,1.1088130104,339.69,1.03987629666,-0.384868262749,2.02970113605e-06,1.54223715012,54.87757564,-6.77465540382,13.7949,True
153,asc,63577.5478452,2032-12-11,92927333.8285,1.38316866462,272.10936,0.0509102355369,-1.38223142155,-1.39698386192e-08,2.34430368434,47.5887676868,0.483516059975,1.52282,True
198,desc,63578.9764229,2032-12-12,93050762.9403,0.934096917009,218.83283,-0.727641693906,-0.585725717085,1.78813934326e-07,1.81407156077,61.5395612403,-12.8256141048,34.03784,True
83,asc,63580.4311671,2032-12-14,93176452.8362,0.961756022516,155.74474,-0.876856369071,0.395091830928,1.41561031342e-07,1.21619195896,27.2247793446,9.49758433433,26.45905,True
184,asc,63582.4386373,2032-12-16,93349898.2667,1.07759486993,61.82536,0.508797883477,0.949913373669,1.58883631229e-06,0.346358663057,21.947932751,6.04975061176,10.13806,True
134,asc,63582.5411666,2032-12-16,93358756.7924,1.62205621441,344.3211,1.56170166597,-0.438354045515,2.75671482086e-06,1.98703290674,42.3493775495,12.6826661276,38.14572,False
136,asc,63584.7491814,2032-12-18,93549529.2699,1.03627887693,290.33711,0.360151512861,-0.971681428534,1.28895044327e-06,1.96271656023,57.1879238792,12.3013154574,24.09941,True
242,asc,63585.6353171,2032-12-19,93626091.3932,1.00399146782,277.35076,0.128453988392,-0.995740146982,-1.64844095707e-07,1.97424166453,63.7787753663,1.14935222689,1.91954,True
130,desc,63588.2408014,2032-12-22,93851205.2424,0.99099527501,284.69532,0.251394626892,-0.958578310136,5.38304448128e-07,1.9498528461,63.9897012806,-3.34168814815,5.43674,True
230,desc,63588.7021146,2032-12-22,93891062.7015,0.675246903389,267.66314,-0.0275329185227,-0.674685348095,-1.05425715446e-06,1.6592237969,72.9918420867,-5.84804357337,8.26679,False
272,asc,63589.4351625,2032-12-23,93954398.0364,1.47711678813,19.28184,1.39425889873,0.487766469847,2.21189111471e-07,1.4406464503,36.8888653331,0.71913922325,2.63724,True
231,asc,63590.7417015,2032-12-24,94067283.009,1.36553721031,358.77697,1.36522612034,-0.0291464076842,2.29105353355e-06,1.68500078288,29.4300787312,7.71237386035,19.07078,True
146,desc,63592.0100768,2032-12-26,94176870.635,0.92025509371,290.66657,0.324784697205,-0.861036780841,-1.08452513814e-06,1.87379321204,66.520118153,-4.37137064121,7.79145,True
189,desc,63592.7671114,2032-12-26,94242278.4284,1.23067709863,253.38514,-0.35189599994,-1.17929441885,1.7904676497e-07,2.18866700218,58.9943811644,-1.40056342104,3.12476,True
286,asc,63593.8792929,2032-12-27,94338370.9058,1.25668003261,241.00265,-0.609199733215,-1.0991452995,6.38887286186e-07,2.15951118733,50.6569042326,4.43092031501,10.38842,True
103,asc,63593.9297035,2032-12-27,94342726.3781,0.738472615075,311.92731,0.493437989751,-0.549418559466,-2.94297933578e-07,1.62162355156,59.1075877212,2.91050465573,4.69797,False
14,asc,63594.8832581,2032-12-28,94425113.4986,0.960929619818,226.433,-0.662274939023,-0.696259749939,-4.07919287682e-07,1.78526781811,64.7649751471,5.70989338323,8.85374,True
195,desc,63595.531147,2032-12-29,94481091.0992,0.885563410551,234.20354,-0.517972735968,-0.718280445857,2.57976353168e-07,1.75897368665,65.2697462552,-10.8102712678,19.42916,True
77,desc,63596.8922245,2032-12-30,94598688.2003,4.16650233725,181.27533,-4.16547023294,-0.0927332991331,1.30385160446e-08,4.21525442897,29.7272730294,-2.07150418803,13.23278,False
37,desc,63602.5931573,2033-01-05,95091248.789,0.50779561716,92.66887,-0.0236448559518,0.507244822146,-1.59814953804e-06,0.486494449485,25.9756841726,-20.1783295779,24.92726,False
56,asc,63602.6102461,2033-01-05,95092725.2614,0.983285522422,117.85066,-0.459360111175,0.86938984746,-3.03238630295e-06,0.287928073223,23.9377881917,18.3164467442,33.46935,True
226,asc,63603.5366328,2033-01-06,95172765.0771,0.967604659562,150.72865,-0.844054967774,0.473106741214,-5.85615634918e-06,0.80562010088,31.0269888575,22.3575057632,45.86726,True
81,desc,63603.9407469,2033-01-06,95207680.5292,0.883137983233,310.14228,0.569348379876,-0.675111190666,-1.10268592834e-06,1.81208421554,51.1306300206,-7.20238227673,17.0676,True
190,asc,63604.2336913,2033-01-07,95232990.9268,1.00185223141,81.65754,0.145358205272,0.991251171875,9.36910510063e-07,0.36241480224,9.69875231241,2.93695364564,7.36842,True
218,asc,63604.4520344,2033-01-07,95251855.7703,4.54846438129,173.91597,-4.52284526662,0.482077713719,-4.61935997009e-07,4.32976215297,27.93582067,3.38355670525,24.23489,False
233,asc,63604.842999,2033-01-07,95285635.1157,3.04066786988,306.8226,1.82239204433,-2.43403950906,5.94183802605e-07,3.96172260062,41.9340451548,2.07893250522,10.12318,False
269,desc,63605.7531456,2033-01-08,95364271.7792,1.09237407123,284.47484,0.273044188652,-1.05769938193,9.14558768272e-07,2.07570643068,57.2593148856,-6.27187308188,13.47265,True
112,asc,63608.22013,2033-01-11,95577419.232,1.10051648397,0.98343,1.10035437855,0.0188884381141,-9.16421413422e-07,1.66302257892,40.2290839309,24.4786405582,62.10129,True
172,desc,63609.8902712,2033-01-12,95721719.4293,0.999314732356,296.63182,0.44794842457,-0.893292865318,-2.49966979027e-06,1.97765243218,62.9230705963,-9.72660259885,17.25133,True
54,desc,63609.9284055,2033-01-12,95725014.2393,1.50254038139,198.12085,-1.42801830488,-0.467323569498,-7.30156898499e-07,1.79066349339,31.8224823002,-6.64861757243,17.99169,True
270,asc,63610.2873454,2033-01-13,95756026.6402,0.902324421954,90.70575,-0.0111142454625,0.902255970334,9.00588929653e-07,0.307784921712,10.2985873483,4.56702548957,7.03616,True
243,desc,63611.8979842,2033-01-14,95895185.8339,2.21509466725,306.38707,1.31407662514,-1.78321255271,-6.7800283432e-07,3.17238823247,44.773293111,-4.24278195493,15.64982,False
7,desc,63611.92409,2033-01-14,95897441.3771,3.11403490945,199.88008,-2.92845838918,-1.05893572993,1.98185443878e-06,3.2553356648,31.319375571,-8.20159155781,43.64693,False
78,asc,63613.3367809,2033-01-16,96019497.8683,1.77811745868,279.53942,0.29468054273,-1.75352931957,1.59442424774e-06,2.74681726724,48.6731540091,11.2524632759,36.0152,False
257,desc,63613.7128709,2033-01-16,96051992.0458,1.12635233597,216.09232,-0.910170240515,-0.663520699023,-6.51925802231e-08,1.6622444897,40.8764186013,-8.30153936865,17.74569,True
203,asc,63615.2286098,2033-01-18,96182951.8865,0.830163828646,197.06965,-0.793593979686,-0.243681303752,-3.17580997944e-07,1.20959880111,52.5697892618,3.36743921846,4.84751,True
117,asc,63619.0126465,2033-01-22,96509892.6585,0.966675213046,278.65037,0.145392324676,-0.955678836976,-1.54227018356e-06,1.92357923223,58.8134112177,9.49244516511,18.68411,True
62,desc,63619.942031,2033-01-22,96590191.4792,1.01090430024,189.79921,-0.99615545443,-0.172051779573,2.02283263206e-06,1.16034135095,34.3096634009,-14.5795796991,23.72574,True
44,asc,63620.6019222,2033-01-23,96647206.0801,0.995912089171,203.55397,-0.912936741525,-0.397979139316,-3.98606061935e-07,1.32746973033,47.2533199502,7.22742360585,20.2845,True
107,asc,63621.0053754,2033-01-24,96682064.4326,2.27141163618,218.89189,-1.76791242184,-1.42611236923,6.89178705215e-08,2.61477602903,31.9649886023,1.72033602189,6.62299,False
175,desc,63622.9193637,2033-01-25,96847433.0217,2.57691493492,300.97348,1.32618677522,-2.20946129612,7.48783349991e-07,3.56107449667,43.9781184299,-3.1747502084,13.20499,False
113,asc,63623.8421658,2033-01-26,96927163.1231,0.294130951052,38.76304,0.229346258503,0.184155668058,-2.16905027628e-06,0.996845494306,65.4160312579,10.0574574107,8.41081,False
164,desc,63628.080212,2033-01-31,97293330.3163,1.05344870162,63.71849,0.46644797698,0.944553043363,-1.04587525129e-06,1.07021707687,48.518779405,-3.41078847696,7.30927,True
198,asc,63630.1844551,2033-02-02,97475136.9167,0.356829085783,38.83283,0.277962292441,0.223749771936,8.99843871593e-06,1.04923693205,80.5695466292,33.5745236902,34.03784,False
57,asc,63635.3255546,2033-02-07,97919327.9183,1.83059729342,171.12615,-1.80868572708,0.282386953188,-5.29363751411e-06,1.19717037614,26.9745599012,15.3811674722,55.89453,False
267,asc,63637.2991798,2033-02-09,98089849.1386,0.729917567783,160.47465,-0.687942715727,0.243955888708,2.48663127422e-07,0.437816382305,42.8310279571,2.87547058626,5.44387,False
170,desc,63637.8515198,2033-02-09,98137571.3116,0.826010119371,315.03605,0.584444737429,-0.583709744817,-5.76488673687e-07,1.8119780912,69.7261717316,-2.46411483751,3.58083,True
60,desc,63641.0355357,2033-02-13,98412670.283,0.202180935107,64.89558,0.0857791598236,0.183082129823,8.40658321977e-06,0.955355971203,82.3908754408,-53.7564725967,38.87863,False
43,asc,63641.8983514,2033-02-13,98487217.562,1.15282412624,135.99028,-0.829136409133,0.800959600164,3.3900141716e-07,0.190115535411,22.1912401259,4.88868943031,11.62102,True
26,asc,63641.9681895,2033-02-13,98493251.5704,0.351985044212,161.99674,-0.334751480664,0.108788407204,4.85219061375e-06,0.670127802563,46.6590171862,19.7756101381,19.2213,False
24,asc,63643.3686764,2033-02-15,98614253.6429,1.02769998786,94.35212,-0.0779878364561,1.02473663076,-4.90993261337e-06,0.82219780578,32.6554320504,28.2308188568,64.00427,True
185,asc,63644.1297285,2033-02-16,98680008.5429,0.607201001521,322.05585,0.478845088599,-0.373363679772,3.34344804287e-07,1.59446019619,75.8843237838,11.9984677031,16.44727,False
260,asc,63645.9920502,2033-02-17,98840913.1331,0.967245848612,271.09639,0.0185077149939,-0.967068764951,-2.71946191788e-06,1.74172687494,44.3798431781,22.2809672383,47.70709,True
86,desc,63652.9454483,2033-02-24,99441686.7353,1.45650864537,91.0619,-0.0269928780007,1.45625849992,-3.94880771637e-07,1.30620627731,46.2752157316,-18.2925870372,55.85289,True
67,asc,63653.5491695,2033-02-25,99493848.2444,1.55503535752,99.34195,-0.25242316636,1.53441112751,9.96515154839e-08,1.24998998435,33.6438465375,0.554334755704,1.43938,True
167,asc,63656.6526999,2033-02-28,99761993.2704,3.3802507416,249.00759,-1.2109554747,-3.15589637256,9.53674316406e-07,3.57393008348,40.5774844073,10.5836527493,73.64108,False
81,asc,63657.4658362,2033-03-01,99832248.2452,0.378024734515,130.14228,-0.24370797569,0.288979449944,1.36904418468e-07,0.673614821935,46.3427396827,16.8261406665,17.0676,False
252,asc,63660.0718135,2033-03-04,100057404.69,0.981741174211,21.45675,0.91370057928,0.359119735693,2.78651714325e-06,1.84068810964,60.6375882744,10.3866790872,15.97737,True
5,desc,63661.1399081,2033-03-05,100149688.063,0.745228928478,115.27177,-0.31814744375,0.673905304829,-2.04145908356e-06,0.703623813968,42.8818049465,-22.0244984538,37.03321,False
297,asc,63662.8643593,2033-03-06,100298680.642,0.9578518783,81.11844,0.147885064281,0.946366857263,2.77254730463e-06,1.2661770645,36.183452993,9.87166031563,24.30945,True
45,asc,63662.8783184,2033-03-06,100299886.706,1.63160233968,164.09288,-1.56912381209,0.44718749665,1.11758708954e-06,0.641470982292,21.7403704209,12.4458236696,37.98278,False
9,desc,63664.5622555,2033-03-08,100445378.879,1.15289665413,157.13487,-1.06230440351,0.447973268621,-1.19209289551e-06,0.203368248182,9.59667923118,-6.26603487675,13.33676,True
40,asc,63664.9405268,2033-03-08,100478061.515,1.06642654826,247.76284,-0.403579736198,-0.987111432089,1.38208270073e-06,1.37292750127,38.4921458485,5.59869362327,9.28064,True
89,asc,63667.5574324,2033-03-11,100704162.156,1.38246902593,8.869,1.36593943484,0.213143303927,1.49384140968e-06,2.33263445287,53.4786320792,6.01475569882,15.31841,True
213,desc,63667.7257166,2033-03-11,100718701.911,0.972606974141,213.49564,-0.811084013707,-0.536756042218,5.72949647903e-06,0.776452925901,48.7626011052,-28.6363507856,59.33202,True
253,desc,63667.8034,2033-03-11,100725413.763,0.972680423501,296.68273,0.436781852047,-0.869096553891,-4.64171171188e-06,1.77879465098,49.9438797826,-19.7274330345,38.24694,True
35,asc,63669.1472908,2033-03-13,100841525.929,1.02047449808,38.30847,0.800750766613,0.632587077797,-4.24240715802e-06,1.82577505939,47.3152376344,20.450003257,44.05781,True
294,asc,63670.3947342,2033-03-14,100949305.038,0.59322375123,187.91609,-0.587570819196,-0.0817003760859,6.72414898872e-07,0.468831673051,24.4785439157,2.75171724974,3.7759,False
42,desc,63670.6007988,2033-03-14,100967109.021,0.858103395024,56.20005,0.477358534026,0.71307101087,-2.35065817833e-06,1.55170936503,47.5509238674,-14.2392211932,25.15147,True
296,desc,63672.9852373,2033-03-16,101173124.5,0.964497486906,217.00648,-0.770216290224,-0.580536190535,6.053596735e-07,0.746678958646,25.2559345801,-6.76988469296,18.943,True
248,desc,63673.1279814,2033-03-17,101185457.59,0.942911038361,159.42683,-0.882776123735,0.331342031181,-5.01051545143e-07,0.224234561405,9.32755203282,-5.67603312176,8.97249,True
113,desc,63673.437792,2033-03-17,101212225.226,1.06618001427,218.76304,-0.831345345634,-0.667536320459,2.06753611565e-07,0.809295119655,7.45964678848,-2.7745872871,8.41081,True
155,asc,63674.5893145,2033-03-18,101311716.772,0.974045835208,286.22318,0.272128522809,-0.935260047346,-3.09571623802e-06,1.63613365796,48.8657056023,10.6228736428,19.00837,True
103,desc,63675.8523812,2033-03-19,101420845.731,0.818163742333,131.92731,-0.546686585342,0.608708211441,5.32018020749e-07,0.686887779525,35.2350244601,-2.62701446312,4.69797,True
18,desc,63676.1919299,2033-03-20,101450182.74,0.755335347102,262.16378,-0.102983822145,-0.74828191142,-6.27711415291e-07,1.21479347693,50.4151214556,-2.32548318967,3.02961,False
58,desc,63676.3057429,2033-03-20,101460016.189,0.996302147303,290.95612,0.356330313907,-0.930401352166,2.71946191788e-07,1.68365340347,49.930104499,-12.3096692231,20.16655,True
267,desc,63677.6034253,2033-03-21,101572135.95,0.443453148505,340.47465,0.417951802705,-0.148212636219,-8.87550413609e-07,1.42668471487,81.7009816551,-4.73298363903,5.44387,False
153,desc,63679.8316035,2033-03-23,101764650.547,0.48110636005,92.10936,-0.0177080631849,0.480780359602,3.43425199389e-08,1.08295951197,66.7712189787,-1.3900964912,1.52282,False
279,desc,63681.9325054,2033-03-25,101946168.464,1.28699143964,358.12913,1.28630540028,-0.0420164600216,-2.32830643654e-07,2.2831838833,57.0958804407,-2.98287065544,7.14292,True
186,asc,63684.4726286,2033-03-28,102165635.111,1.06766146257,292.44372,0.407607252995,-0.986791429823,3.65730375051e-06,1.67987533754,52.5497349138,14.6685065693,30.12309,True
38,asc,63685.737075,2033-03-29,102274883.281,0.982839360211,78.7561,0.191639818703,0.963974785908,-3.35276126862e-08,1.5834941795,48.092138914,5.99022694941,9.53681,True
49,asc,63685.8734127,2033-03-29,102286662.86,0.199750974798,87.94857,0.00715039746463,0.199622953962,-3.62657010555e-06,1.04178387193,90.2847926127,33.728858895,22.80162,False
44,desc,63686.4676282,2033-03-30,102338003.08,0.321353249283,23.55397,0.294579402608,0.128416846182,-1.56555324793e-06,1.3077926099,94.5027609965,-22.3986487104,20.2845,False
114,desc,63687.2161571,2033-03-31,102402675.972,0.967289829253,322.31976,0.765546433605,-0.591259902049,-3.54647636414e-06,1.82248145643,64.8097272782,-17.6878977421,28.42255,True
212,asc,63687.4900126,2033-03-31,102426337.088,0.839511629616,54.49466,0.487570581372,0.683414006617,2.53319740295e-07,1.68131655789,67.3472871435,2.77410870581,3.85786,True
123,desc,63692.2213928,2033-04-05,102835128.334,1.70360888582,47.75939,1.14524338461,1.2612298862,2.3003667593e-07,2.57735663945,44.1098772369,-1.59038029451,4.48847,False
141,desc,63693.9508477,2033-04-06,102984553.245,1.54092781179,127.34369,-0.934718797627,1.22505481123,1.00582838058e-07,1.4507285215,16.8547884443,-0.980504112819,3.20528,True
265,asc,63694.0917198,2033-04-07,102996724.594,0.315588069183,141.40332,-0.246649945221,0.196874665545,-2.38418579102e-07,0.842441490815,48.9450520779,21.5554867094,18.97022,False
195,asc,63694.1769415,2033-04-07,103004087.748,0.987212032964,54.20354,0.577427783943,0.800727639313,1.47521495819e-06,1.862093899,61.8869930682,9.69718801354,19.42916,True
26,desc,63694.3446441,2033-04-07,103018577.249,0.886596595788,341.99674,0.843187879918,-0.274021391176,-9.76026058197e-07,1.81715987524,49.0881873827,-7.85105542005,19.2213,True
106,desc,63695.1381319,2033-04-08,103087134.594,1.04971497093,10.01269,1.03372704444,0.182510048471,-5.54323196411e-06,2.04928777963,58.1717752851,-20.8974635197,40.78349,True
275,asc,63695.3680006,2033-04-08,103106995.248,2.04004541991,344.4869,1.96572519259,-0.545627879136,9.685754776e-08,2.95024138462,50.3699638736,6.77045192571,23.29362,False
239,asc,63696.976964,2033-04-09,103246009.685,0.375111652701,208.83489,-0.328602742704,-0.180911551538,3.29501926899e-06,0.641222044976,47.0101016186,34.8824222799,36.24349,False
190,desc,63701.5171689,2033-04-14,103638283.397,0.421484168585,261.65754,-0.0611529129498,-0.41702425062,2.1553132683e-06,0.881110678611,46.6835375482,-6.98102985294,7.36842,False
83,desc,63702.365815,2033-04-15,103711606.418,0.314292058936,335.74474,0.286547718105,-0.129111980694,2.27149575949e-06,1.2436812578,89.1941113953,-29.0632826163,26.45905,False
128,desc,63702.6000592,2033-04-15,103731845.115,0.960298827468,93.62643,-0.0607397584824,0.958375980383,2.49594449997e-07,1.58738226548,43.7261199201,-4.10171476355,8.54804,True
80,desc,63705.7268817,2033-04-18,104002002.578,1.55816682345,295.78687,0.677841162963,-1.40300221222,1.15856528282e-06,1.87167956869,25.974346215,-8.32503296824,23.55872,True
127,asc,63705.7764793,2033-04-18,104006287.809,2.18940640751,232.85463,-1.32204978598,-1.74518903866,-1.31316483021e-07,1.38872001857,29.7936173891,0.536660967025,2.11568,False
96,asc,63707.3601569,2033-04-20,104143117.553,3.05636460028,132.16563,-2.05166445492,2.2654000826,-3.27825546265e-07,2.94224549918,34.1946080773,2.31153621259,10.84584,False
185,desc,63709.1103862,2033-04-22,104294337.366,0.968277930439,142.05585,-0.763594147947,0.595387376247,1.42119824886e-06,1.07244406824,53.1582638434,-7.52416364873,16.44727,True
28,asc,63709.7623353,2033-04-22,104350665.769,3.72656654819,26.93149,3.32241569163,1.68785432135,-2.91503965855e-07,4.73155343988,39.7112968252,1.03254873947,5.87999,False
60,asc,63710.8656101,2033-04-23,104445988.716,1.02936763287,244.89558,-0.436729064741,-0.932129522985,-2.14949250221e-06,0.617755858298,18.0038630214,10.5584570085,38.87863,True
41,desc,63711.6965336,2033-04-24,104517780.507,0.968475555186,235.15904,-0.553290521054,-0.79486759923,-5.4519623518e-06,0.425076571463,32.1042978594,-28.5000164164,47.83485,True
181,desc,63712.2178554,2033-04-25,104562822.707,2.17584690579,88.50377,0.056813912555,2.1751050404,-2.34693288803e-07,2.84454157118,43.2331818132,-1.29916804743,4.68129,False
210,desc,63713.2246183,2033-04-26,104649807.024,1.0197680676,151.11156,-0.892870185389,0.492655806562,-7.93486833572e-07,1.02474663221,32.3020425238,-10.7110836365,22.32417,True
46,desc,63714.2492754,2033-04-27,104738337.394,1.0343018277,262.01076,-0.143754641252,-1.02426308822,-2.04332172871e-06,0.848968172228,33.3261206743,-8.37875906824,13.53118,True
149,desc,63716.2373342,2033-04-29,104910105.679,1.22144726453,291.23173,0.442335924923,-1.13853956873,5.82076609135e-07,1.38882985562,27.0286839463,-3.26192320927,6.50656,True
255,asc,63717.790981,2033-04-30,105044340.761,0.701296907974,299.46913,0.345006208762,-0.610563730539,7.00820237398e-08,1.15696906873,50.7441916457,1.40643439693,1.97262,False
55,desc,63722.099259,2033-05-05,105416575.981,2.29036893089,122.02023,-1.21439634569,1.9419143532,1.05053186417e-06,2.63519082018,38.8377169872,-5.90286984603,22.71515,False
84,desc,63724.1689036,2033-05-07,105595393.275,1.03605958041,145.70748,-0.855963266616,0.583734820247,1.0197982192e-07,1.27050523945,41.3510612116,-4.14408460782,6.69302,True
43,desc,63724.2732727,2033-05-07,105604410.758,0.714685247381,315.99028,0.51401731295,-0.496549297465,1.39325857162e-06,1.27077318252,41.8039169041,-7.88570792752,11.62102,False
12,asc,63728.1406689,2033-05-11,105938553.792,1.42877315725,125.36536,-0.826957122288,1.16513289061,-3.37604433298e-09,1.90043500583,53.7699396433,0.203021698295,0.44808,True
118,desc,63728.2425732,2033-05-11,105947358.323,0.946791056796,82.94888,0.116223200482,0.939630498067,-7.53626227379e-06,1.85873311643,52.0745872012,-33.2229044587,68.42022,True
189,asc,63728.4180193,2033-05-11,105962516.867,1.03954970254,73.38514,0.297245623948,0.996146888311,-3.24565917253e-07,1.99423166234,62.6316108901,1.6580653366,3.12476,True
162,asc,63728.6729478,2033-05-11,105984542.691,0.689498332152,96.44687,-0.0774181362908,0.685138221247,-1.83656811714e-06,1.54907245255,61.1696902186,11.3078982593,16.72622,False
29,desc,63731.5309683,2033-05-14,106231475.659,1.576537435,344.28075,1.5175761597,-0.427121626093,3.93390655518e-06,2.19971480832,51.2049469123,-16.1960752222,51.3362,True
284,asc,63732.6036492,2033-05-15,106324155.295,1.27762944082,271.37599,0.0306800320498,-1.2772610241,2.19617504627e-07,0.834810303095,36.2999744297,0.824609132358,1.79833,True
102,desc,63733.2737464,2033-05-16,106382051.688,1.02535859846,341.20276,0.970670875014,-0.330391143706,-1.81794166565e-06,1.66770093434,45.1555555325,-13.2111192702,26.06566,True
85,asc,63734.4528962,2033-05-17,106483930.229,2.59709022878,338.02633,2.4084269603,-0.971780445016,-8.79168510437e-07,3.03022100006,37.9053490876,9.35071607275,42.72023,False
222,desc,63736.234852,2033-05-19,106637891.211,1.0079617149,108.01435,-0.311717382885,0.958550516096,-3.26335430145e-06,1.80104975129,49.0763679252,-10.5362056971,21.61632,True
231,desc,63737.3145195,2033-05-20,106731174.482,1.0251705712,178.77697,-1.02493702188,0.0218815270565,-1.90921127796e-06,0.963004046831,40.8128004094,-10.2729572834,19.07078,True
6,asc,63739.9994116,2033-05-22,106963149.164,0.809115161942,77.51847,0.174869918623,0.789992314421,2.21282243729e-06,1.79554074683,62.2259251583,14.5761323453,24.37798,True
288,desc,63740.2755923,2033-05-23,106987011.171,1.80177618752,263.16315,-0.214488073951,-1.78896402872,-9.14558768272e-07,0.983726211456,18.0359389858,-3.0396588119,9.33904,False
22,desc,63740.4464279,2033-05-23,107001771.375,1.4621339193,95.31036,-0.135321413917,1.455858411,-7.11530447006e-07,2.35093184761,43.5890778782,-12.8429571761,34.88704,True
166,asc,63741.2997748,2033-05-24,107075500.543,1.00985785429,76.38375,0.237738481384,0.981475063536,3.50177288055e-06,2.0000267492,64.6151989932,13.3377039274,20.77419,True
74,asc,63741.849908,2033-05-24,107123032.05,2.75556706932,294.72295,1.15246342218,-2.50299379426,-1.76019966602e-07,2.33056616163,26.1142745529,1.19266995363,5.40987,False
269,asc,63742.1501071,2033-05-25,107148969.257,0.880053504877,104.47484,-0.219973634983,0.852118402194,-2.17370688915e-06,1.75240732562,60.6274061788,7.78501704125,13.47265,True
49,desc,63742.2517199,2033-05-25,107157748.595,1.15710856194,267.94857,-0.041420504385,-1.15636696854,1.51991844177e-06,0.543763957087,15.4406845488,-5.82259319887,22.80162,True
229,asc,63742.4379848,2033-05-25,107173841.889,0.99013462152,39.09556,0.768438803807,0.624394405432,2.98768281937e-06,1.97019120315,58.8866120988,12.8157788281,24.832,True
37,asc,63743.4730871,2033-05-26,107263274.724,0.968429042528,272.66887,0.0450936645301,-0.967378608318,-2.45124101639e-06,0.541086263715,23.2539653756,10.5805039619,24.92726,True
300,asc,63744.6639527,2033-05-27,107366165.51,0.484694683609,229.11004,-0.317285189351,-0.366413761937,-4.67523932457e-06,0.553100814991,32.3645692297,17.2437202598,20.38021,False
291,desc,63745.217447,2033-05-28,107413987.423,1.82895953487,338.02876,1.6961254485,-0.684289005574,2.52388417721e-07,2.1711555919,48.0154276696,-1.14621199906,3.57805,False
220,asc,63747.8523488,2033-05-30,107641642.933,0.589473545808,22.58099,0.544283130621,0.226351352831,-3.15997749567e-06,1.50202151818,78.8599280482,10.6039997741,13.76438,False
294,desc,63749.6167019,2033-06-01,107794083.041,0.832012706109,7.91609,0.8240843127,0.114587035425,1.2619420886e-07,1.60958571142,47.4163035823,-1.96197007237,3.7759,True
265,desc,63750.7061281,2033-06-02,107888209.464,1.13256209283,321.40332,0.885161403211,-0.70653109229,-2.60770320892e-07,1.28672085705,11.3864399956,-6.00642955827,18.97022,True
261,asc,63752.3555144,2033-06-04,108030716.446,0.991784179892,31.55547,0.845132937191,0.519024255656,-3.4011900425e-06,1.89766699209,59.3691688555,12.8356828608,23.24895,True
68,asc,63752.7416202,2033-06-04,108064075.986,1.27655297873,139.30103,-0.967813609643,0.832420761688,1.4454126358e-06,1.89103379406,45.3185159797,5.92183412681,13.91996,True
208,asc,63756.1153788,2033-06-08,108355568.728,1.0850889046,72.98582,0.317506095051,1.03759713304,4.63798642159e-07,2.10115852508,62.1235079748,1.93511346761,3.41388,True
296,asc,63756.5060508,2033-06-08,108389322.787,0.298621849126,37.00648,0.238469685962,0.179742086481,3.28267924488e-06,1.26853189584,91.251430733,21.8655694221,18.943,False
158,asc,63758.0719553,2033-06-10,108524616.942,0.979607177628,38.60318,0.765549142958,0.611199420957,-2.61329114437e-06,1.89583942089,62.8710595138,13.6226214948,20.67934,True
71,desc,63758.4381636,2033-06-10,108556257.336,0.943653171143,39.36124,0.729597514112,0.59847203344,1.210719347e-06,1.86401410346,59.3141930472,-10.1215370961,16.69512,True
293,desc,63761.0640247,2033-06-13,108783131.736,0.978457343952,231.88447,-0.603951964767,-0.769818678773,8.70786607265e-08,0.45088172169,14.7451713876,-0.788259988864,2.35416,True
239,desc,63761.9353439,2033-06-13,108858413.717,1.04562423427,28.83489,0.915980585364,0.504291192195,-3.1366944313e-06,1.86998088103,38.4241063327,-12.5138674515,36.24349,True
201,desc,63763.6513652,2033-06-15,109006677.955,0.90279588588,42.60435,0.664499025574,0.611131292419,1.2693926692e-06,1.81687289781,66.7226512646,-4.17932792961,6.40373,True
79,asc,63764.5002017,2033-06-16,109080017.429,1.58516123012,264.506,-0.151765736659,-1.57787936379,-6.67758285999e-07,0.572713943155,9.2132145675,3.29404251431,9.02376,True
117,desc,63766.6465671,2033-06-18,109265463.397,0.886531582092,98.65037,-0.133338360061,0.87644687676,-2.22772359848e-06,1.88682332922,60.6023523613,-10.3505747992,18.68411,True
112,desc,63767.4207415,2033-06-19,109332352.065,0.999106012836,180.98343,-0.998958845118,-0.0171479049771,-3.29688191414e-06,1.33615770518,44.8817420937,-26.9632522409,62.10129,True
209,asc,63769.9193496,2033-06-21,109548231.804,2.25922083698,50.12548,1.44840546106,1.73383978805,3.16649675369e-07,3.13838561429,45.5297641849,2.91803999648,10.99257,False
109,asc,63770.1831899,2033-06-22,109571027.61,1.08960927484,325.49909,0.897965736579,-0.617175751093,-5.21540641785e-08,1.03795210983,40.0448227484,3.81134462922,8.88522,True
19,asc,63770.5770725,2033-06-22,109605059.064,1.33216309403,40.94164,1.0062859388,0.872953102099,4.9639493227e-07,2.1663421215,58.4235626632,4.46398573139,10.7844,True
297,desc,63772.2157666,2033-06-24,109746642.236,0.431221678467,261.11844,-0.066577356149,-0.42605116081,-1.94716267288e-06,0.592918421052,29.4696794664,-21.9274420732,24.30945,False
193,desc,63774.236992,2033-06-26,109921276.112,1.45761302631,11.10298,1.43033037231,0.280696919282,6.74277544022e-07,1.92593861923,49.8153025257,-8.75327658469,23.07163,True
83,asc,63777.0936181,2033-06-29,110168088.606,0.961756022516,155.74474,-0.876856369071,0.395091830928,3.60608100891e-06,1.69234870868,47.3279872299,9.49758433433,26.45905,True
11,asc,63779.6681642,2033-07-01,110390529.383,3.66148411108,347.89802,3.58011125992,-0.767638757681,-1.75833702087e-06,3.48898146036,32.9937938845,6.39326657244,39.51172,False
100,desc,63779.9574782,2033-07-01,110415526.113,1.39803410615,330.89053,1.22145097421,-0.680115342838,6.21192157269e-07,1.16533241659,43.4512790378,-2.08849289995,5.01801,True
263,asc,63784.3400918,2033-07-06,110794183.934,2.37699735755,144.35835,-1.93173199387,1.38510936091,-6.51925802231e-08,3.18638649695,42.8426215397,1.18164732105,4.64461,False
136,desc,63784.5357161,2033-07-06,110811085.872,1.16905146814,110.33711,-0.406295703052,1.09617751155,1.73598527908e-06,2.17910070058,54.6617636166,-10.9042191164,24.09941,True
42,asc,63786.0935234,2033-07-08,110945680.419,1.01903071268,236.20005,-0.566881578555,-0.846799190652,1.36718153954e-06,0.788451375717,33.7614272753,11.9905356102,25.15147,True
108,asc,63790.9151807,2033-07-12,111362271.613,1.05492068048,168.84081,-1.03497556269,0.204164704941,-3.71783971786e-06,1.77242031898,48.7036094258,11.3859450987,19.57999,True
105,desc,63792.4781356,2033-07-14,111497310.917,1.03264242452,336.83722,0.949402207614,-0.406184471749,4.15369868279e-06,0.851276822,32.4679209961,-18.1932652265,37.1231,True
168,asc,63793.8132275,2033-07-15,111612662.854,1.02769076006,3.07513,1.02621093663,0.0551308610341,6.63101673126e-07,1.23148072606,42.0918827342,13.6375614062,23.65377,True
279,asc,63796.1787618,2033-07-18,111817045.016,0.922131874728,178.12913,-0.921640326191,0.0301048754917,-7.35279172659e-07,1.62073815341,63.6809862762,4.16310194269,7.14292,True
238,desc,63796.8182161,2033-07-18,111872293.869,0.945692883776,233.30016,-0.565167731271,-0.758235099395,-1.09896063805e-06,0.963601611096,38.9382513953,-6.8376475451,10.90394,True
56,desc,63798.838478,2033-07-20,112046844.499,1.54652820091,297.85066,0.722489399167,-1.36739114532,-3.06218862534e-06,0.535568598658,17.0706087141,-11.645631095,33.46935,True
300,desc,63800.6415068,2033-07-22,112202626.189,0.98312473579,49.11004,0.643561665724,0.743211025572,-1.28522515297e-06,1.67414746778,35.5070261762,-8.50140295663,20.38021,True
122,asc,63801.5713592,2033-07-23,112282965.435,2.64861237984,164.87309,-2.55683842105,0.691176408231,-3.98606061935e-07,3.41026748072,36.6207109935,2.39424014203,10.06177,False
69,desc,63802.2488917,2033-07-24,112341504.24,1.01940254929,46.5645,0.700877540033,0.740237955917,-3.55415977538e-07,1.66352803627,54.2704673926,-4.01762693998,6.24493,True
213,asc,63803.2917168,2033-07-25,112431604.331,1.50603078883,33.49564,1.25592097265,0.831138524774,4.47034835815e-07,1.89563130878,25.8641442137,18.4935890385,59.33202,True
35,desc,63804.4310086,2033-07-26,112530039.147,1.00999867392,218.30847,-0.792530547253,-0.626093166383,2.99327075481e-06,1.31505872006,46.05656052,-20.6621130782,44.05781,True
226,desc,63805.399839,2033-07-27,112613746.093,1.08756757241,330.72865,0.948700280855,-0.531762166447,1.460313797e-06,0.560286532173,26.2911377513,-19.8913863391,45.86726,True
244,desc,63805.9721257,2033-07-27,112663191.66,1.00502404508,254.90308,-0.261761133827,-0.970337281567,-2.16066837311e-06,0.786041255735,30.3391245148,-11.5681335856,19.45987,True
240,desc,63806.3436412,2033-07-28,112695290.603,1.03341884521,317.21706,0.758459302285,-0.701921645495,4.39956784248e-06,0.289932925342,19.7567827546,-15.4753856757,28.00194,True
250,desc,63807.0600264,2033-07-29,112757186.281,1.59188179794,119.94859,-0.794703588072,1.37932369867,-1.86264514923e-09,2.60915970594,49.2567338607,-1.07650301003,3.77164,True
293,asc,63807.42971,2033-07-29,112789126.942,0.249352319236,51.88447,0.153912507329,0.196182362093,-9.84640792012e-07,1.12691555882,85.1106600663,3.09312853961,2.35416,False
183,asc,63808.6634314,2033-07-30,112895720.475,1.02771345831,322.74951,0.818056650813,-0.622075773881,3.03238630295e-06,0.347411610051,18.6159617037,10.5899507625,21.47,True
174,asc,63809.7318712,2033-07-31,112988033.67,2.32642414111,10.77506,2.28540631025,0.434933651732,-8.04662704468e-07,2.13642242903,20.0109464244,3.80461528283,14.39783,False
9,asc,63812.7783893,2033-08-03,113251252.836,1.06195861177,337.13487,0.978512085694,-0.412638087508,7.44126737118e-07,0.540104101903,9.05822830229,6.80261035035,13.33676,True
17,asc,63812.8084948,2033-08-03,113253853.951,1.02285769599,267.12483,-0.051306669962,-1.02157011109,1.85891985893e-06,0.698037906061,29.9620572297,23.3227602947,39.65677,True
163,asc,63814.8113847,2033-08-05,113426903.637,0.683582396636,165.54034,-0.661929024906,0.170689363984,-3.2801181078e-06,1.61817042002,60.8162556308,17.3216173055,26.60392,False
249,asc,63815.2467742,2033-08-06,113464521.292,0.990645992869,311.52793,0.656783496253,-0.741629909211,4.47034835815e-07,0.0443950433292,13.5533738009,10.598488721,17.09824,True
242,desc,63817.0214742,2033-08-08,113617855.367,2.00417134187,97.35076,-0.256420308873,1.98770002585,1.27591192722e-07,2.90422642279,42.1795870005,-0.575769049884,1.91954,False
126,desc,63817.1223317,2033-08-08,113626569.455,3.54372344657,158.65275,-3.3005933618,1.28998423472,1.11758708954e-07,4.47065297634,40.8082646977,-0.431614765276,2.42699,False
51,desc,63819.5871979,2033-08-10,113839533.898,2.94016464904,133.49561,-2.0237123746,2.13287514598,1.11758708954e-08,3.95615516259,41.9073274623,-2.19046820736,10.029,False
128,asc,63819.9314208,2033-08-10,113869274.761,0.673285881758,273.62643,0.0425859333344,-0.671937732871,1.41188502312e-06,0.665100365954,29.0358633561,5.85022200045,8.54804,False
243,asc,63821.3429278,2033-08-12,113991228.96,0.989792368677,126.38707,-0.587181683315,0.796810268427,1.99303030968e-06,1.99945690364,64.1499107624,9.49508602013,15.64982,True
24,desc,63821.4806455,2033-08-12,114003127.774,1.3701429057,274.35212,0.103974391469,-1.36619211971,1.78813934326e-07,0.900357143522,36.0086034986,-21.1750263975,64.00427,True
220,desc,63822.0032006,2033-08-13,114048276.533,1.14385677534,202.58099,-1.05616605036,-0.439228410477,-1.02445483208e-06,1.80567808962,61.1446121644,-5.46465036652,13.76438,True
94,asc,63822.4808538,2033-08-13,114089545.766,4.44953752053,93.21843,-0.249808893221,4.44251951751,5.43892383575e-07,5.23657565188,35.8867938482,3.65278412953,24.8525,False
299,desc,63824.4561801,2033-08-15,114260213.959,1.0625655439,337.86367,0.984243719779,-0.400387106644,1.02259218693e-06,0.356626242091,23.0459903994,-5.00757311207,11.16926,True
141,asc,63826.370764,2033-08-17,114425634.011,0.561504703326,307.34369,0.340605833147,-0.446402507031,-5.20143657923e-07,0.483386092423,26.3712325385,2.6907807683,3.20528,False
190,asc,63826.7788608,2033-08-17,114460893.569,1.00185223141,81.65754,0.145358205272,0.991251171875,-6.59842044115e-07,1.75663348267,47.4672854173,2.93695364564,7.36842,True
78,desc,63827.50464,2033-08-18,114523600.892,1.03098586634,99.53942,-0.170861307929,1.01672920192,2.75671482086e-06,1.91201824535,53.4613227248,-19.4068629427,36.0152,True
6,desc,63828.925518,2033-08-19,114646364.753,1.06694514054,257.51847,-0.230593392235,-1.04172866927,2.51457095146e-07,1.11962290496,49.5689585946,-11.0537732775,24.37798,True
60,desc,63829.0952944,2033-08-20,114661033.438,0.202180935107,64.89558,0.0857791598236,0.183082129823,9.37795266509e-06,1.07533598846,97.3925586758,-53.7564725967,38.87863,False
142,asc,63831.301267,2033-08-22,114851629.473,1.04409208627,34.03403,0.865244647466,0.584362887801,-4.45987097919e-07,1.16901826817,49.2252331345,3.03135262074,6.0672,True
272,desc,63834.9497342,2033-08-25,115166857.035,0.377079538072,199.28184,-0.355927510748,-0.124517408924,-9.40635800362e-08,1.28451886078,81.2697787,-2.81705187478,2.63724,False
76,asc,63835.4199313,2033-08-26,115207482.061,1.24045185344,213.60445,-1.03314537864,-0.686535816464,5.96046447754e-07,1.90632505128,40.2492715156,1.80379599537,4.09944,True
186,desc,63839.0301866,2033-08-30,115519408.122,1.12950453834,112.44372,-0.431217439477,1.04395020093,3.76626849174e-06,2.01422629917,49.5883226468,-13.8653707408,30.12309,True
8,asc,63839.8666286,2033-08-30,115591676.713,0.984359192853,310.13923,0.634564412045,-0.752523107632,5.47990202904e-06,0.397502628887,26.2830329604,24.0950622004,42.03945,True
37,desc,63841.3830125,2033-09-01,115722692.282,0.50779561716,92.66887,-0.0236448559518,0.507244822146,-4.89503145218e-06,1.32899082133,64.0452093677,-20.1783295779,24.92726,False
130,asc,63841.3941529,2033-09-01,115723654.814,2.25602967351,104.69532,-0.572307207037,2.18223150663,-3.27825546265e-07,3.00961973742,36.8956526949,1.46788723759,5.43674,False
273,desc,63842.644989,2033-09-02,115831727.052,1.07044645389,54.38229,0.62340047217,0.870188176172,1.11758708954e-08,1.32012290107,44.3446483044,-4.83636255101,10.31047,True
151,asc,63843.9114205,2033-09-03,115941146.73,3.86571684406,154.89353,-3.50048736272,1.64023014905,2.68220901489e-07,4.87629820046,39.398742768,1.86653055443,11.22959,False
45,desc,63847.8687951,2033-09-07,116283063.9,0.983536260425,344.09288,0.945873960071,-0.269566368881,-2.1904706955e-06,0.0635893579443,22.4169399726,-20.6465545151,37.98278,True
292,asc,63854.1193334,2033-09-14,116823110.407,0.792735034334,126.7835,-0.474684173241,0.634904536395,-2.60770320892e-08,1.69398371714,67.2964696186,1.7000342463,2.51747,False
296,desc,63857.9105506,2033-09-17,117150671.568,0.964497486906,217.00648,-0.770216290224,-0.580536190535,1.21910125017e-06,1.81181984983,44.8811544839,-6.76988469296,18.943,True
280,desc,63861.3694258,2033-09-21,117449518.385,1.9976105856,344.91856,1.9288068168,-0.519761786953,-2.89082527161e-06,1.01553169587,18.7597405219,-10.0949491123,36.78219,False
207,desc,63862.9114388,2033-09-22,117582748.314,0.927758079007,123.58001,-0.513143843863,0.772928488716,-7.15255737305e-07,1.73997946353,62.5614759136,-8.23473192107,13.53154,True
277,asc,63863.2051918,2033-09-23,117608128.57,0.960311364172,58.22184,0.505730497667,0.816354445009,-4.51598316431e-06,1.02180990534,38.636573438,24.3692200031,40.35278,True
283,asc,63863.2489635,2033-09-23,117611910.443,1.89629072618,111.95181,-0.708883972846,1.7588069909,-4.69386577606e-07,2.50909930425,45.6864779055,2.56689524656,8.07603,False
44,asc,63863.3596653,2033-09-23,117621475.081,0.995912089171,203.55397,-0.912936741525,-0.397979139316,-1.60187482834e-06,1.94337136634,46.5642642361,7.22742360585,20.2845,True
228,desc,63863.6513188,2033-09-23,117646673.945,0.922043696021,140.05713,-0.706917061839,0.591973686116,4.29339706898e-07,1.83351528543,64.1022708534,-4.46359775662,7.15733,True
162,desc,63864.2027431,2033-09-24,117694317.001,1.03395903928,276.44687,0.116094815736,-1.02742069702,2.47359275818e-06,1.31360853167,38.1283093001,-7.5407019947,16.72622,True
109,desc,63865.1786687,2033-09-25,117778636.973,0.650819028605,145.49909,-0.536351150727,0.368636475553,-1.39698386192e-06,1.59472006583,66.0197769839,-6.38100036272,8.88522,False
123,asc,63866.7924736,2033-09-26,117918069.72,1.11948456698,227.75939,-0.752568447595,-0.828786116799,4.27477061749e-07,1.93665451998,62.4111295243,2.42020844366,4.48847,True
15,asc,63867.3235475,2033-09-27,117963954.503,4.2697288009,133.6246,-2.94581571689,3.09075294959,3.12924385071e-07,5.01949590786,38.288608041,2.11257007771,13.83947,False
140,desc,63870.3711274,2033-09-30,118227265.407,1.12235099942,272.64957,0.0518831891639,-1.12115114975,-1.82911753654e-06,1.50574141007,34.7179285597,-7.67897682212,14.10845,True
4,desc,63870.7133236,2033-09-30,118256831.161,0.895329019951,85.09881,0.0764947775652,0.892055269012,-7.33882188797e-07,1.25001767119,62.1812009461,-6.50210958205,22.31053,True
258,asc,63874.0039741,2033-10-04,118541143.363,0.94469111897,306.96917,0.568123259649,-0.754769681496,1.24215148389e-07,0.963782037666,34.2641860654,1.55234204301,2.34859,True
160,desc,63874.0041872,2033-10-04,118541161.773,1.73748049249,84.05008,0.180105752309,1.72812047606,-3.44589352608e-08,1.81399496828,44.5876175732,-0.732786556939,1.94299,False
111,asc,63874.1012817,2033-10-04,118549550.737,3.18097401555,248.22125,-1.18021595648,-2.95392721367,-8.49366188049e-07,3.75855517212,32.6623665738,5.72599723923,30.25143,False
297,asc,63874.5003862,2033-10-04,118584033.366,0.9578518783,81.11844,0.147885064281,0.946366857263,3.38768586516e-06,1.18616609525,32.1759256195,9.87166031563,24.30945,True
154,desc,63875.0864428,2033-10-05,118634668.654,2.36551460281,238.61606,-1.23188989411,-2.0194322531,-7.48783349991e-07,3.09233637572,44.0045989156,-2.60031435606,9.93722,False
284,desc,63875.3580089,2033-10-05,118658131.971,1.26341678431,91.37599,-0.0303387400107,1.26305246595,3.45171429217e-08,1.52617059494,26.2991553726,-0.83388547449,1.79833,True
203,desc,63875.6640083,2033-10-05,118684570.314,2.40010193696,17.06965,2.294374173,0.70451150599,-2.64495611191e-07,1.41999279171,16.1441115969,-1.16475312622,4.84751,False
116,desc,63876.9206146,2033-10-06,118793141.098,0.919155504897,244.2053,-0.399968510353,-0.827569956504,9.57399606705e-07,1.70333097684,65.4862260314,-4.16924640965,6.22709,True
255,desc,63877.8191991,2033-10-07,118870778.804,1.36051847046,119.46913,-0.669313259628,1.1844957868,1.68569386005e-07,1.94029490631,38.6827562577,-0.724964868357,1.97262,True
22,asc,63878.2169759,2033-10-08,118905146.721,1.03937071676,275.31036,0.0961944136031,-1.03490971667,-6.07222318649e-07,1.5052657631,57.8500198912,18.0668196713,34.88704,True
222,asc,63878.3551825,2033-10-08,118917087.769,0.875058528711,288.01435,0.270616383945,-0.832162364812,-2.69711017609e-06,1.24045228834,45.0074384598,12.136436152,21.61632,True
227,asc,63881.7435756,2033-10-11,119209844.93,1.80812331791,350.18774,1.78167310449,-0.308141009142,-5.28991222382e-07,0.977553546354,13.3546243993,7.99329272212,25.31356,False
29,asc,63883.049673,2033-10-13,119322691.749,0.975716993127,164.28075,-0.93922593559,0.264345025661,-3.67313623428e-06,1.90471431403,53.1574506402,26.1691853967,51.3362,True
270,desc,63883.3878251,2033-10-13,119351908.086,2.17646144057,270.70575,0.0268082367066,-2.17629633109,1.67638063431e-08,2.61597001005,41.1788759948,-1.89341219565,7.03616,False
73,asc,63884.273343,2033-10-14,119428416.838,1.23289769585,181.16134,-1.23264444222,-0.0249881471735,-1.23953213915e-07,2.21328200856,60.7084873172,1.25064216245,2.66375,True
23,desc,63886.9029836,2033-10-16,119655617.785,1.11723747542,306.52941,0.66501921644,-0.897757772586,-9.98377799988e-07,1.25302829973,12.9217847963,-8.29919080446,24.285,True
256,desc,63887.9127466,2033-10-17,119742861.308,1.34290533143,178.6164,-1.34251379684,0.0324258305427,4.32133674622e-07,2.30205502563,55.6153131758,-3.61919221418,8.6717,True
223,desc,63891.892534,2033-10-21,120086714.938,1.12338227417,321.43021,0.878315659298,-0.70039227334,-1.58324837685e-07,1.1040460083,10.8549924029,-4.46954557445,10.89224,True
295,asc,63894.5839204,2033-10-24,120319250.727,2.69137354024,84.2559,0.269367748434,2.67785969558,-8.64267349243e-07,2.31814858352,22.884751402,2.92575386269,12.40454,False
19,desc,63895.2461205,2033-10-25,120376464.808,0.994114475636,220.94164,-0.750931641085,-0.651433236093,1.65775418282e-06,1.97612213398,65.420680232,-5.98196403873,10.7844,True
229,desc,63895.7502334,2033-10-25,120420020.162,1.07136512009,219.09556,-0.831481410134,-0.675619630523,3.37511301041e-06,2.05732895226,57.3384465782,-11.84409132,24.832,True
163,desc,63895.7806132,2033-10-25,120422644.979,0.930264172066,345.54034,0.900796830567,-0.23228538454,-2.93552875519e-06,0.695604908433,38.7154229155,-12.7283765482,26.60392,True
127,desc,63898.7072336,2033-10-28,120675504.986,0.772321299639,52.85463,0.46635800708,0.615621961198,3.72529029846e-07,0.405196125541,13.5495198024,-1.52134734652,2.11568,False
275,desc,63898.8909516,2033-10-28,120691378.216,1.03716496418,164.4869,-0.99938034667,0.277398784458,-4.47034835815e-07,1.86885594972,53.7241524712,-13.3170999009,23.29362,True
60,asc,63898.9253689,2033-10-28,120694351.871,1.02936763287,244.89558,-0.436729064741,-0.932129522985,-1.95205211639e-06,1.93586484738,46.3517260441,10.5584570085,38.87863,True
83,desc,63899.0282661,2033-10-29,120703242.188,0.314292058936,335.74474,0.286547718105,-0.129111980694,-8.33533704281e-06,0.855658130969,53.8614748197,-29.0632826163,26.45905,False
36,desc,63899.2728344,2033-10-29,120724372.889,1.17278595475,250.17634,-0.397722706095,-1.10328760744,2.61515378952e-06,2.04446461115,45.6745628857,-18.910311708,46.75042,True
88,asc,63899.542546,2033-10-29,120747675.972,3.54796918228,110.80673,-1.26029813595,3.31658467809,-3.35276126862e-07,3.50361845993,22.8723652926,3.07691971457,17.09388,False
196,desc,63900.011651,2033-10-30,120788206.646,0.96698838138,264.80995,-0.0874734143732,-0.963023847836,-6.23986124992e-08,1.75662847069,60.4050382837,-6.29131710576,9.52381,True
210,asc,63900.5709708,2033-10-30,120836531.878,0.858329658611,331.11156,0.751520846513,-0.414663984581,3.34531068802e-06,0.95272334189,31.9091058497,12.7256712527,22.32417,True
257,asc,63902.0386893,2033-11-01,120963342.758,1.00261986646,36.09232,0.810185885763,0.590631380076,7.24568963051e-07,0.0386111925145,12.1427392365,9.32602531911,17.74569,True
206,desc,63903.2620098,2033-11-02,121069037.648,1.31464535038,31.06792,1.12606757074,0.678427758421,3.45520675182e-07,0.330744927346,21.7975094682,-2.39215018844,6.09413,True
4,asc,63905.0178901,2033-11-04,121220745.705,0.155569080425,265.09881,-0.0132914514528,-0.155000245492,8.46199691296e-06,1.10338480415,129.245043558,37.4208511345,22.31053,False
247,desc,63905.3449365,2033-11-04,121249002.517,2.49981599935,310.33277,1.61794560395,-1.90560542958,1.37835741043e-07,2.63950065277,32.8308821316,-2.14442387236,8.69826,False
81,desc,63907.0416382,2033-11-06,121395597.544,0.883137983233,310.14228,0.569348379876,-0.675111190666,1.78813934326e-07,1.31479507646,26.3312969724,-7.20238227673,17.0676,True
248,asc,63913.0936464,2033-11-12,121918491.05,2.2416229469,339.42683,2.09866162918,-0.787713655001,5.10364770889e-07,2.04169931048,37.2502562561,2.38755330909,8.97249,False
236,desc,63913.2597938,2033-11-12,121932846.184,3.99407682085,359.32276,3.99379780986,-0.0472091596108,2.30967998505e-07,3.3789196352,29.568559972,-9.01577264418,75.65689,False
100,asc,63913.6836872,2033-11-12,121969470.573,1.14025291791,150.89053,-0.996229656559,0.554710003696,-3.2177194953e-07,1.69702674456,38.1759998863,2.56064620289,5.01801,True
250,asc,63915.670485,2033-11-14,122141129.905,0.503501498714,299.94859,0.251359396247,-0.436270802513,-7.53905624151e-07,1.23982379024,76.6495106786,3.40349641755,3.77164,False
132,desc,63918.5642996,2033-11-17,122391155.485,1.13289924295,358.00841,1.13221490256,-0.0393714248354,4.48897480965e-07,0.947161428443,17.4722024397,-4.72481722903,8.56552,True
274,asc,63920.3087938,2033-11-19,122541879.788,0.997080529231,308.19497,0.616534178739,-0.78361673554,1.47894024849e-06,1.56597930559,47.8708990438,5.62911951371,9.1404,True
104,asc,63920.8615714,2033-11-19,122589639.771,1.41485729888,68.67554,0.514511361748,1.31799060498,1.89244747162e-06,0.536514679484,22.1179422558,9.70027179905,24.75984,True
291,asc,63920.9097364,2033-11-19,122593801.221,0.975006866704,158.02876,-0.904193847675,0.364790180715,2.14669853449e-07,1.56056457245,44.6792678308,2.15011343638,3.57805,True
103,asc,63921.4865672,2033-11-20,122643639.406,0.738472615075,311.92731,0.493437989751,-0.549418559466,1.68103724718e-07,1.34734109328,44.7871844047,2.91050465573,4.69797,False
14,desc,63921.9597011,2033-11-20,122684518.175,2.8131702881,46.433,1.93884353504,2.03833579581,-6.48200511932e-07,1.83678390391,20.9758907951,-1.95039941278,8.85374,False
294,asc,63922.6292325,2033-11-21,122742365.688,0.59322375123,187.91609,-0.587570819196,-0.0817003760859,-2.80793756247e-07,1.46142703819,70.192834258,2.75171724974,3.7759,False
299,asc,63923.8349463,2033-11-22,122846539.361,0.709026847822,157.86367,-0.656764400208,0.267169596983,1.9483268261e-06,1.33189096223,47.6096409419,7.5044755552,11.16926,False
190,desc,63924.0623384,2033-11-23,122866186.039,0.421484168585,261.65754,-0.0611529129498,-0.41702425062,1.39675103128e-06,1.38086485845,83.2022396722,-6.98102985294,7.36842,False
115,asc,63924.3204874,2033-11-23,122888490.11,0.85756078534,109.438,-0.285384761836,0.808681666829,5.94649463892e-07,0.834443996378,40.3122292865,2.4770564476,3.69008,True
106,asc,63924.7390956,2033-11-23,122924657.857,1.61146583978,190.01269,-1.58692203684,-0.280179588434,7.45058059692e-07,2.40001900908,42.5449068973,13.6126871383,40.78349,False
193,asc,63927.9640494,2033-11-26,123203293.869,1.01241835307,191.10298,-0.993468563845,-0.19496444365,-2.75671482086e-06,1.82137691603,51.7553174351,12.6023890559,23.07163,True
44,desc,63929.2253713,2033-11-28,123312272.081,0.321353249283,23.55397,0.294579402608,0.128416846182,2.15321779251e-06,0.759188252053,53.8831405742,-22.3986487104,20.2845,False
298,desc,63931.6891259,2033-11-30,123525140.48,1.38817749185,318.73493,1.04344632178,-0.915563499953,-1.00582838058e-06,1.9000656102,37.6031019604,-11.5794634644,29.79622,True
26,asc,63932.5794552,2033-12-01,123602064.931,0.351985044212,161.99674,-0.334751480664,0.108788407204,-3.03238630295e-06,1.08966677508,80.745631983,19.7756101381,19.2213,False
142,desc,63932.8564606,2033-12-01,123625998.196,0.97952871162,214.03403,-0.811740636592,-0.548227722568,-5.93834556639e-07,1.89561627912,56.3018991362,-3.23115723353,6.0672,True
199,asc,63934.3416244,2033-12-03,123754316.352,3.2058913702,74.44268,0.859827374893,3.08843590883,7.45058059692e-08,2.23313787222,22.8236314231,5.43784205447,28.06534,False
65,desc,63934.8943795,2033-12-03,123802074.387,0.751380810236,276.9752,0.0912474727168,-0.745819697188,1.40629708767e-07,1.6798361694,62.5967223409,-3.19493804308,5.05883,False
165,desc,63935.0721325,2033-12-04,123817432.252,0.206736561063,123.99962,-0.115604481115,0.171393143464,9.34395939112e-06,0.890544155039,87.5880396357,-27.2127074076,19.13504,False
281,asc,63936.4692713,2033-12-05,123938145.04,0.918877039634,21.49671,0.854958676839,0.336720469924,-1.68895348907e-06,0.763156718855,16.2882452633,11.4606094647,21.38605,True
276,desc,63939.0063492,2033-12-08,124157348.571,3.36711339777,180.07695,-3.36711036108,-0.00452213584089,-2.04890966415e-07,3.80331600645,39.929624806,-1.27992059315,6.73598,False
138,desc,63940.5807052,2033-12-09,124293372.929,1.0480959034,7.08625,1.04009009781,0.129296601446,-1.71363353729e-06,1.10357830719,43.29670302,-27.4948309939,46.98405,True
296,asc,63941.4313641,2033-12-10,124366869.855,0.298621849126,37.00648,0.238469685962,0.179742086481,5.17815351486e-07,0.766706473038,49.8940604885,21.8655694221,18.943,False
23,asc,63941.9698528,2033-12-10,124413395.283,0.385253346022,126.52941,-0.229316402233,0.309570877649,-2.64868140221e-06,0.810057339769,42.6140638805,24.0677130468,24.285,False
286,desc,63944.6494289,2033-12-13,124644910.658,0.939039062276,61.00265,0.455217184465,0.821323124871,1.05984508991e-06,0.269291374928,6.84131296537,-5.92973105129,10.38842,True
39,desc,63945.3906377,2033-12-14,124708951.097,0.940322296148,72.04419,0.289885744907,0.894523490766,-1.04308128357e-07,0.103614569852,30.7718308132,-29.1859837667,52.36973,True
261,desc,63947.2538593,2033-12-16,124869933.447,1.4335818743,211.55547,-1.22160373667,-0.750227499404,8.49366188049e-07,2.21720439341,45.1985781262,-8.88001405971,23.24895,True
117,asc,63948.004066,2033-12-17,124934751.301,0.966675213046,278.65037,0.145392324676,-0.955678836976,0,1.92629799274,58.0410691241,9.49244516511,18.68411,True
27,desc,63949.3878907,2033-12-18,125054313.753,2.51098828381,223.45101,-1.8228837696,-1.72689227341,2.71946191788e-06,3.34042353787,37.9334240753,-12.5454047853,60.6846,False
59,asc,63952.5144995,2033-12-21,125324452.757,1.42234476739,10.62092,1.39797732578,0.262152691968,6.28642737865e-07,1.49369025457,22.2680177422,2.99099946794,7.40973,True
134,desc,63952.925689,2033-12-21,125359979.528,1.01735989839,164.3211,-0.979505293399,0.274937343874,-2.71946191788e-06,1.27398475797,44.9827359562,-20.2209635352,38.14572,True
183,desc,63954.7377603,2033-12-23,125516542.488,0.967442388613,142.74951,-0.770081070637,0.585593647447,2.87871807814e-06,0.910673707563,25.0362014981,-11.2496982245,21.47,True
272,asc,63955.3303687,2033-12-24,125567743.851,1.47711678813,19.28184,1.39425889873,0.487766469847,-2.43075191975e-07,1.44290004021,36.9233632415,0.71913922325,2.63724,True
57,desc,63958.6562525,2033-12-27,125855100.217,1.01208037462,351.12615,0.999966150294,-0.15612297385,2.09920108318e-06,1.52881342922,46.8889345168,-27.8206397933,55.89453,True
81,asc,63960.5667276,2033-12-29,126020165.26,0.378024734515,130.14228,-0.24370797569,0.288979449944,-1.85705721378e-06,0.719107616477,34.9574584988,16.8261406665,17.0676,False
273,asc,63961.1515934,2033-12-30,126070697.674,0.84284887385,234.38229,-0.490853497637,-0.685169371767,1.22468918562e-06,1.72085096288,58.1820483775,6.14234331098,10.31047,True
223,asc,63962.9541669,2033-12-31,126226440.022,0.616222761718,141.43021,-0.481793342905,0.384194829211,-1.11479312181e-06,0.709961620785,23.0934279798,8.14804090966,10.89224,False
135,asc,63966.1722927,2034-01-04,126504486.093,1.01389448431,34.00167,0.840540096482,0.566987099955,-4.2887404561e-07,1.07007708944,16.3653200514,4.22532148987,8.74062,True
105,asc,63967.1977313,2034-01-05,126593083.983,1.15925096641,156.83722,-1.06580496846,0.45598527645,-5.20795583725e-06,1.03429609764,26.9787605626,16.2062728932,37.1231,True
76,desc,63968.1390054,2034-01-06,126674410.063,0.995075052713,33.60445,0.828776376336,0.550730495396,-2.28174030781e-08,1.09450221884,45.7823946004,-2.24859630394,4.09944,True
38,desc,63968.3338455,2034-01-06,126691244.255,2.57963097596,258.7561,-0.502991671445,-2.53011765549,-8.12113285065e-07,3.50970777356,41.7554616485,-2.28227637105,9.53681,False
165,asc,63969.7045929,2034-01-07,126809676.826,0.842908631509,303.99962,0.471343890367,-0.698806051838,-6.51925802231e-07,1.79401378824,63.6711716634,6.67434326375,19.13504,True
235,asc,63970.2709101,2034-01-08,126858606.629,1.384278013,16.51692,1.3271569167,0.393548136507,4.26545739174e-07,1.64738141217,16.6753630911,2.73820759632,9.20708,True
172,asc,63972.0073947,2034-01-10,127008638.898,1.53611639021,116.63182,-0.688572773593,1.37314278199,1.2218952179e-06,0.608764151622,16.5981644393,6.32760468852,17.25133,True
83,asc,63973.7560692,2034-01-11,127159724.376,0.961756022516,155.74474,-0.876856369071,0.395091830928,8.75443220139e-07,0.8105700499,18.5298635059,9.49758433433,26.45905,True
54,asc,63974.6183927,2034-01-12,127234229.13,0.970247715595,18.12085,0.922125964338,0.30176867881,2.8945505619e-06,1.3725444107,40.4855411242,10.2961503773,17.99169,True
197,desc,63975.2541799,2034-01-13,127289161.141,2.26520467047,172.06267,-2.24350333826,0.312801806795,4.56348061562e-07,2.03649855897,32.7272441881,-1.54122600037,5.8333,False
25,desc,63975.7124496,2034-01-13,127328755.649,1.89049657962,40.68627,1.43354574631,1.23244631153,-1.37835741043e-06,1.77114252875,23.1888618672,-7.42377386717,24.53703,False
128,desc,63977.7462097,2034-01-15,127504472.514,0.960298827468,93.62643,-0.0607397584824,0.958375980383,8.00937414169e-07,0.287320553544,6.65106563887,-4.10171476355,8.54804,True
30,desc,63978.5873568,2034-01-16,127577147.63,1.19478123099,215.50297,-0.972653975199,-0.693863411958,8.475035429e-08,1.72228337553,55.7405587035,-2.77079219232,6.35218,True
219,asc,63979.6988826,2034-01-17,127673183.461,2.21052283383,187.46839,-2.19177035323,-0.287321975519,2.4288892746e-06,2.17288916192,46.7142250956,13.0077615938,54.50065,False
37,asc,63982.2629423,2034-01-20,127894718.217,0.968429042528,272.66887,0.0450936645301,-0.967378608318,-7.33882188797e-07,1.91460680947,54.4111191631,10.5805039619,24.92726,True
297,desc,63983.8517935,2034-01-21,128031994.96,0.431221678467,261.11844,-0.0665773561489,-0.42605116081,-3.318535164e-06,1.35760514367,78.6351149935,-21.9274420732,24.30945,False
98,desc,63984.4263574,2034-01-22,128081637.279,1.21233878376,131.66594,-0.805946325021,0.905657687972,-5.47617673874e-07,0.354937217503,24.9814052049,-2.30025447,5.52413,True
5,asc,63984.5511909,2034-01-22,128092422.896,0.954979016943,295.27177,0.407692349914,-0.863580841973,4.51505184174e-06,1.9384754918,58.0247600178,17.1870722726,37.03321,True
26,desc,63984.9559098,2034-01-22,128127390.61,0.886596595788,341.99674,0.843187879918,-0.274021391177,2.14204192162e-06,1.73419722289,60.8789158222,-7.85105542005,19.2213,True
226,asc,63985.1924603,2034-01-23,128147828.573,0.967604659562,150.72865,-0.844054967774,0.473106741214,-8.49366188049e-07,0.547443966507,27.2275793618,22.3575057632,45.86726,True
211,asc,63987.9944457,2034-01-25,128389920.106,0.771572360703,180.21677,-0.771566838667,-0.00291912149631,-4.3073669076e-08,0.886760466847,35.8228316249,0.60683581212,0.79236,False
278,desc,63991.2911269,2034-01-29,128674753.363,0.295975970714,117.22413,-0.135400856131,0.263188874003,-1.64890661836e-06,0.691787538521,47.6095576757,-9.86381093381,8.35561,False
68,desc,63992.5813645,2034-01-30,128786229.895,0.986755910689,319.30103,0.748105104664,-0.64344850583,-1.60746276379e-06,1.95747607294,61.0023180449,-7.66099793498,13.91996,True
198,desc,63992.9179213,2034-01-30,128815308.403,0.934096917009,218.83283,-0.727641693906,-0.585725717085,-1.37835741043e-06,1.39008448067,59.0813051427,-12.8256141048,34.03784,True
70,desc,63995.9947337,2034-02-02,129081144.993,0.941733864156,126.75571,-0.563537734266,0.754511691729,1.52527354658e-06,0.0591205404492,9.38102633674,-5.40557219841,8.18219,True
36,asc,63996.1957669,2034-02-03,129098514.26,0.942407610203,70.17634,0.319595322109,0.886561297291,-4.30084764957e-06,0.95245479204,54.2813202565,23.5330739385,46.75042,True
269,desc,63996.6656741,2034-02-03,129139114.244,1.09237407123,284.47484,0.273044188652,-1.05769938193,9.14558768272e-07,2.02700444027,57.535737216,-6.27187308188,13.47265,True
114,asc,63996.7751933,2034-02-03,129148576.698,2.94716026117,142.31976,-2.33248397633,1.8014638784,2.98023223877e-07,1.99610134735,19.9012686391,5.80535908149,28.42255,False
155,desc,63996.916999,2034-02-03,129160828.711,1.36727507377,106.22318,-0.381988744932,1.3128311872,1.13621354103e-06,0.613426098845,11.1326934121,-7.56772797825,19.00837,True
201,asc,63996.9562132,2034-02-03,129164216.82,2.25885791732,222.60435,-1.66262264643,-1.52909287691,3.35276126862e-07,2.50309798949,26.0876006483,1.67034855608,6.40373,False
206,asc,63999.0215478,2034-02-06,129342661.73,0.792864786688,211.06792,-0.679133215673,-0.409160903973,-9.14093106985e-07,1.1390648534,32.5081331089,3.966412906,6.09413,False
288,asc,64001.7749666,2034-02-08,129580557.114,0.997348247071,83.16315,0.11872690185,0.990256254064,1.5813857317e-06,0.867189097033,30.8389284271,5.49134655979,9.33904,True
294,desc,64001.8512001,2034-02-08,129587143.69,0.832012706109,7.91609,0.8240843127,0.114587035425,-5.02448529005e-07,1.62962309933,59.0772183244,-1.96197007237,3.7759,True
103,desc,64003.4092449,2034-02-10,129721758.759,0.818163742333,131.92731,-0.546686585342,0.608708211441,1.96741893888e-07,0.183740358591,16.1658652961,-2.62701446312,4.69797,True
87,desc,64005.4017321,2034-02-12,129893909.65,0.650232851113,159.37397,-0.608552661522,0.229055492887,5.68572431803e-07,0.442431306088,36.224334279,-2.33489558512,3.1187,False
221,desc,64007.0960446,2034-02-14,130040298.256,1.0141147913,105.28603,-0.267359054717,0.978237162342,-1.89465936273e-07,0.604307866326,19.280108568,-1.0517068996,1.67978,True
89,desc,64007.8737446,2034-02-14,130107491.53,0.93669075282,188.869,-0.925491141955,-0.144415070478,1.26659870148e-06,0.778745300939,33.5503509164,-8.87722380854,15.31841,True
102,asc,64007.9944322,2034-02-14,130117918.939,1.12161431679,161.20276,-1.06179277371,0.361406670287,2.47731804848e-07,0.387449410376,20.8297725407,12.077355412,26.06566,True
93,asc,64008.4158501,2034-02-15,130154329.451,0.978601016936,239.03405,-0.50351819423,-0.839124173426,-3.52039933205e-06,1.47547692878,55.6858232119,13.7461474954,22.76523,True
136,asc,64009.0035079,2034-02-16,130205103.079,1.03627887693,290.33711,0.360151512861,-0.971681428534,-2.30222940445e-06,1.94509501824,57.2569935321,12.3013154574,24.09941,True
1,asc,64010.6966372,2034-02-17,130351389.453,1.05675314326,336.03924,0.96568617722,-0.429158959961,-8.45640897751e-07,2.0330892912,62.2552372376,12.8013589776,22.14242,True
65,asc,64015.292355,2034-02-22,130748459.472,0.940761703778,96.9752,-0.114245834774,0.933798946525,-2.62167304754e-07,0.842552300644,43.3586710336,2.55177812386,5.05883,True
60,desc,64017.1550532,2034-02-24,130909396.593,0.202180935107,64.89558,0.0857791598236,0.183082129823,6.42472878098e-06,0.994272297937,86.5152040971,-53.7564725967,38.87863,False
171,desc,64017.9951654,2034-02-24,130981982.291,1.10547324972,319.50669,0.840692277525,-0.71784928805,1.11758708954e-07,2.08324308858,58.2755717587,-6.67948062789,18.03421,True
108,desc,64018.8333571,2034-02-25,131054402.053,2.30825902921,348.84081,2.26461736108,-0.446730291998,1.28895044327e-06,3.26858913461,48.8769568481,-5.20360531441,19.57999,False
292,desc,64021.1583241,2034-02-28,131255279.201,1.60443544158,306.7835,0.960724678638,-1.28499851286,2.421438694e-07,2.52245289113,46.1597051991,-0.839969419572,2.51747,False
112,asc,64021.2018935,2034-02-28,131259043.602,1.10051648397,0.98343,1.10035437855,0.0188884381141,1.08778476715e-06,2.03550543407,47.4477496874,24.4786405582,62.10129,True
162,asc,64022.4864508,2034-03-01,131370029.349,0.689498332152,96.44687,-0.0774181362909,0.685138221247,4.27477061749e-07,0.87328777214,34.2967412118,11.3078982593,16.72622,False
33,asc,64022.8889133,2034-03-01,131404802.109,1.05673095489,315.60707,0.7550966239,-0.739262740569,3.40491533279e-06,2.01352107094,63.5549136309,15.026843893,27.12971,True
73,desc,64023.8527634,2034-03-02,131488078.757,1.24882433078,1.16134,1.24856780561,0.0253109453255,-2.25380063057e-07,2.19159005296,61.1060049449,-1.23469234415,2.66375,True
156,asc,64028.3448395,2034-03-07,131876194.136,1.01982420655,173.52007,-1.01330900698,0.115092435167,4.23658639193e-06,0.206834599752,17.3856477766,15.6068818443,26.05772,True
145,desc,64031.7436465,2034-03-10,132169851.06,1.046734562,241.2066,-0.504162556883,-0.917318570354,3.76254320145e-07,1.25583581372,47.2639722021,-8.66333934796,15.15631,True
167,desc,64034.405401,2034-03-13,132399826.648,1.01992824173,69.00759,0.365383453045,0.952233453788,2.81631946564e-06,1.52956015798,54.0670491902,-35.0763892901,73.64108,True
278,asc,64034.7808466,2034-03-13,132432265.148,0.983082730237,297.22413,0.449733277336,-0.874180549856,-7.35744833946e-07,1.78350144161,40.5038806117,2.969690064,8.35561,True
118,asc,64034.9522996,2034-03-13,132447078.683,2.0224845962,262.94888,-0.248269806742,-2.00718859226,-5.21540641785e-08,2.32228406476,33.5947652136,15.5527260289,68.42022,False
281,desc,64037.9330544,2034-03-16,132704615.896,0.962405031711,201.49671,-0.895458801345,-0.352671206872,4.20957803726e-07,0.508652520867,11.1850026241,-10.9422650031,21.38605,True
95,desc,64041.6360048,2034-03-20,133024550.815,0.21347320718,8.12971,0.211327900089,0.0301882233342,-1.16322189569e-06,1.20413674153,113.873337887,-14.2326970663,9.90138,False
296,desc,64042.8358638,2034-03-21,133128218.636,0.964497486906,217.00648,-0.770216290224,-0.580536190535,1.83563679457e-06,0.682340724207,23.8794196258,-6.76988469296,18.943,True
209,desc,64043.0490554,2034-03-22,133146638.384,0.959957359743,230.12548,-0.615436729103,-0.736719597266,9.61124897003e-07,0.882500308868,26.2376228895,-6.86748916114,10.99257,True
225,asc,64043.1282507,2034-03-22,133153480.857,2.61511981587,107.52446,-0.787446366634,2.4937481571,-3.24100255966e-07,2.44327153689,18.3998614462,1.93304616535,8.14565,False
271,desc,64043.8314406,2034-03-22,133214236.464,0.984154362607,30.87182,0.844716792914,0.504988464431,1.69314444065e-06,1.895568202,61.8667425998,-9.75608079999,15.73453,True
198,asc,64044.1259535,2034-03-23,133239682.38,0.356829085783,38.83283,0.277962292441,0.223749771936,-5.92693686485e-06,1.28589752851,90.5771296928,33.5745236902,34.03784,False
79,desc,64044.2615889,2034-03-23,133251401.28,1.03094297251,84.506,0.0987040413956,1.02620705746,-6.16302713752e-07,1.47302535196,44.5456023821,-5.06486646039,9.02376,True
239,asc,64045.0854163,2034-03-24,133322579.972,0.375111652701,208.83489,-0.328602742704,-0.180911551538,-4.85964119434e-06,0.698447690938,53.3083652393,34.8824222799,36.24349,False
207,asc,64046.19977,2034-03-25,133418860.129,1.70549415275,303.58001,0.943310379107,-1.420871505,-3.24100255966e-07,2.40820302413,38.8272576794,4.47954574099,13.53154,False
153,asc,64047.1731063,2034-03-26,133502956.381,1.38316866462,272.10936,0.0509102355368,-1.38223142155,-1.04308128357e-07,1.72597562717,48.1758199469,0.483516059975,1.52282,True
235,desc,64047.7739163,2034-03-26,133554866.371,0.409986013895,196.51692,-0.393068277455,-0.11655840102,1.6838312149e-06,0.611217211972,33.4372661465,-9.24529238112,9.20708,False
191,asc,64048.2430165,2034-03-27,133595396.63,1.02278242989,359.93571,1.02278178602,-0.00114763546601,-6.15604221821e-07,2.01967374577,58.1850275443,2.04527799682,5.04225,True
135,desc,64048.7778718,2034-03-27,133641608.121,0.802478833187,214.00167,-0.665272024172,-0.448759859577,-7.06873834133e-07,0.527474381625,12.1511796114,-5.33849613951,8.74062,True
140,asc,64049.0179172,2034-03-28,133662348.042,1.89286571417,92.64957,-0.0875019579083,1.89084214551,4.09781932831e-08,2.13628755847,49.5028396457,4.55315305589,14.10845,False
259,asc,64049.3206318,2034-03-28,133688502.591,1.49068794209,14.76716,1.44144998666,0.379963783366,-5.42961061001e-07,2.47497384733,52.5843179293,3.21890244914,8.34621,True
190,asc,64049.3240302,2034-03-28,133688796.212,1.00185223141,81.65754,0.145358205272,0.991251171875,-3.43192368746e-07,1.54364047056,38.2309444693,2.93695364564,7.36842,True
256,asc,64049.5467542,2034-03-28,133708039.559,1.03864715568,358.6164,1.03834432995,-0.0250792039287,-8.78237187862e-07,2.0346930473,61.2085404087,4.67938750259,8.6717,True
210,desc,64049.6349871,2034-03-28,133715662.884,1.0197680676,151.11156,-0.892870185389,0.492655806562,-1.50129199028e-06,0.555409053755,21.0495369992,-10.7110836365,22.32417,True
257,desc,64054.0843093,2034-04-02,134100084.32,1.12635233597,216.09232,-0.910170240515,-0.663520699023,9.98377799988e-07,0.539967279465,11.3000687255,-8.30153936865,17.74569,True
240,asc,64056.8347517,2034-04-04,134337722.548,1.78093344793,137.21706,-1.30708429268,1.2096506098,-2.4139881134e-06,1.42328375085,29.145913976,8.97987244428,28.00194,False
230,asc,64061.9550599,2034-04-09,134780117.178,1.14770292761,87.66314,0.0467971212242,1.14674846391,3.55765223503e-07,1.73569667867,34.1386166588,3.44067547343,8.26679,True
173,asc,64065.0572448,2034-04-13,135048145.946,1.72071113497,238.33422,-0.903310383364,-1.46453991455,-2.53319740295e-07,1.15155897965,32.761014205,2.86421346292,8.2711,False
53,desc,64066.0118571,2034-04-14,135130624.455,1.02344531027,312.13915,0.686663694784,-0.758902677151,-1.60187482834e-06,1.6888611961,59.4793242109,-17.3754194474,29.53092,True
42,desc,64067.502244,2034-04-15,135259393.878,0.858103395024,56.20005,0.477358534026,0.71307101087,-2.35065817833e-06,1.77276251815,56.5238623812,-14.2392211932,25.15147,True
170,asc,64072.7593109,2034-04-20,135713604.459,2.17395614279,135.03605,-1.53818603097,1.53625162161,1.26659870148e-07,2.07276494,23.8742981727,0.936257981943,3.58083,False
5,desc,64073.3077816,2034-04-21,135760992.331,0.745228928478,115.27177,-0.31814744375,0.673905304829,-3.82401049137e-06,1.26195457153,57.7464635582,-22.0244984538,37.03321,False
179,asc,64074.6228846,2034-04-22,135874617.228,0.894376426703,40.072,0.68440911775,0.575754593714,3.84822487831e-06,1.88823702398,56.7961803013,15.0830107137,34.254,True
182,asc,64075.226409,2034-04-23,135926761.739,0.694332343257,159.49235,-0.650329324025,0.243247144291,4.43309545517e-07,0.756031645255,18.9092090678,6.01399496785,9.06773,False
241,desc,64077.8728269,2034-04-25,136155412.244,0.333243651154,33.02113,0.27941468906,0.18160055774,-2.99885869026e-07,1.33901853079,92.8009973844,-32.651708893,31.4187,False
222,desc,64079.2524109,2034-04-27,136274608.304,1.0079617149,108.01435,-0.311717382885,0.958550516096,6.37024641037e-07,1.5886144937,42.79699563,-10.5362056971,21.61632,True
168,desc,64079.6144459,2034-04-27,136305888.124,2.0793219596,183.07513,-2.07632783972,-0.111546016035,1.09523534775e-06,1.30019631292,22.3738773255,-6.74027212676,23.65377,False
37,desc,64080.1728678,2034-04-28,136354135.775,0.50779561716,92.66887,-0.0236448559517,0.507244822146,4.05311584473e-06,1.33711961639,68.6178555335,-20.1783295779,24.92726,False
157,desc,64082.3156258,2034-04-30,136539270.069,0.981766831928,318.78161,0.738488401203,-0.646916527508,-7.15255737305e-07,1.56386229956,60.8326781186,-12.5611401185,20.66508,True
171,asc,64083.3621885,2034-05-01,136629693.086,0.451619450189,139.50669,-0.343448368607,0.293263270613,-4.20771539211e-06,1.00426022515,69.2804150499,16.3500202506,18.03421,False
95,asc,64083.4820062,2034-05-01,136640045.34,1.00148260841,188.12971,-0.991418170955,-0.141624239628,5.83007931709e-07,0.488072907902,44.8451073112,3.03380154987,9.90138,True
63,desc,64085.8659952,2034-05-03,136846021.983,0.976154428989,177.06027,-0.974869843885,0.0500625280893,-3.44216823578e-06,0.703701279229,29.8037085264,-28.1021221768,53.19536,True
297,asc,64086.1364131,2034-05-04,136869386.09,0.9578518783,81.11844,0.147885064281,0.946366857263,-2.11503356695e-06,1.83381711601,49.2812505845,9.87166031563,24.30945,True
160,asc,64086.8294607,2034-05-04,136929265.406,1.46486442969,264.05008,-0.151846602756,-1.45697302878,2.6123598218e-07,1.02833539985,9.38382582411,0.869160532564,1.94299,True
60,asc,64086.9851276,2034-05-04,136942715.026,1.02936763287,244.89558,-0.436729064741,-0.932129522985,-1.76206231117e-06,0.445863309013,17.8818510226,10.5584570085,38.87863,True
253,asc,64087.5034342,2034-05-05,136987496.713,1.22162503872,116.68273,-0.548570356743,1.09153025561,-4.00468707085e-06,1.75602912627,35.1168599954,15.7073466165,38.24694,True
187,asc,64087.5473605,2034-05-05,136991291.946,4.12494675298,80.57269,0.675650573302,4.06923604842,-3.31550836563e-07,4.93674114051,38.3538017695,2.15363664262,13.3569,False
104,desc,64087.5560917,2034-05-05,136992046.321,1.05770931836,248.67554,-0.38463487601,-0.985294379517,-2.07498669624e-06,0.510435339579,13.838015103,-12.9756825601,24.75984,True
227,desc,64087.6974581,2034-05-05,137004260.378,1.00021923102,170.18774,-0.98558747893,0.170457711681,-3.57255339622e-06,0.851413926647,36.4374780467,-14.4496911373,25.31356,True
32,desc,64087.7818716,2034-05-05,137011553.704,1.01143991861,238.16545,-0.533502387737,-0.85929384453,6.04661181569e-07,0.311622855228,14.8470795545,-7.36883079626,11.6234,True
228,asc,64088.1228177,2034-05-06,137041011.45,1.84663831709,320.05713,1.41578987962,-1.18558512597,6.42612576485e-07,2.24285815574,32.4072097422,2.22871589687,7.15733,False
98,asc,64088.4526116,2034-05-06,137069505.64,0.775565876625,311.66594,0.515585640295,-0.579373693316,-1.05705112219e-07,1.27894924378,40.2320844116,3.59568128323,5.52413,False
30,asc,64090.0990687,2034-05-08,137211759.538,0.873522723438,35.50297,0.711122109505,0.507294089987,1.13155692816e-07,1.87921124235,64.7645085389,3.78981612903,6.35218,True
252,desc,64090.8903894,2034-05-08,137280129.642,3.64630726491,201.45675,-3.39359614092,-1.33381479317,4.54485416412e-07,2.73627615426,25.4261669166,-2.79653627147,15.97737,False
286,asc,64091.7913005,2034-05-09,137357968.365,1.25668003261,241.00265,-0.609199733216,-1.0991452995,-8.73580574989e-07,0.409928517446,5.9556580988,4.43092031501,10.38842,True
194,desc,64093.4781517,2034-05-11,137503712.305,0.981737788651,134.32185,-0.685928576265,0.70236107091,5.98840415478e-07,1.42828834774,33.1496686632,-19.4518854523,39.93236,True
262,desc,64094.6014056,2034-05-12,137600761.444,0.426181055319,257.65134,-0.0911431196534,-0.416321058383,4.62401658297e-06,0.67945143656,52.3918293701,-15.1763689362,15.83674,False
49,asc,64094.6848742,2034-05-12,137607973.131,0.199750974798,87.94857,0.00715039746445,0.199622953962,7.14138150215e-06,1.16893585422,107.694425343,33.728858895,22.80162,False
128,asc,64095.0775713,2034-05-13,137641902.16,0.673285881758,273.62643,0.0425859333344,-0.671937732871,9.39704477787e-07,0.729332476425,26.5115431908,5.85022200045,8.54804,False
117,desc,64095.6379866,2034-05-13,137690322.039,0.886531582092,98.65037,-0.133338360061,0.87644687676,2.76044011116e-06,1.71588128908,56.1997492999,-10.3505747992,18.68411,True
83,desc,64095.6907171,2034-05-13,137694877.957,0.314292058936,335.74474,0.286547718105,-0.129111980694,-1.10920518637e-06,1.14602878855,81.6242506821,-29.0632826163,26.45905,False
35,asc,64096.2459951,2034-05-14,137742853.977,1.02047449808,38.30847,0.800750766612,0.632587077797,6.05685636401e-06,2.0231935933,55.8633095274,20.450003257,44.05781,True
87,asc,64097.0805363,2034-05-15,137814958.333,1.35058753016,339.37397,1.26401432147,-0.475767245347,-1.31316483021e-07,1.94398701046,31.5891969447,1.12412248703,3.1187,True
85,desc,64100.1338543,2034-05-18,138078765.015,1.00036922062,158.02633,-0.927698304235,0.374318626137,-6.12437725067e-06,1.21553733659,43.8195862011,-24.2756902593,42.72023,True
283,desc,64102.3260523,2034-05-20,138268170.922,1.05195123121,291.95181,0.393247384342,-0.975683292651,-1.3206154108e-06,0.993395416731,25.3575119179,-4.62719136278,8.07603,True
44,asc,64106.1174084,2034-05-24,138595744.082,0.995912089171,203.55397,-0.912936741525,-0.397979139316,1.31130218506e-06,0.596836638125,9.18010451892,7.22742360585,20.2845,True
59,desc,64108.0649647,2034-05-26,138764012.95,1.07828574465,190.62092,-1.05981268136,-0.198739094172,-1.0784715414e-06,0.875311149417,36.8767754116,-3.94536648897,7.40973,True
143,desc,64108.8914453,2034-05-26,138835420.874,1.31861046155,42.69423,0.96915612232,0.894130840477,-1.08033418655e-06,2.30392612097,56.2490737455,-11.8189771839,28.82828,True
191,desc,64109.7171959,2034-05-27,138906765.728,0.464185077112,179.93571,-0.464184784896,0.000520849050255,-5.39235770702e-07,0.892266693961,61.5133383459,-4.50655245617,5.04225,False
239,desc,64110.0437963,2034-05-28,138934984.004,1.04562423427,28.83489,0.915980585364,0.504291192195,-1.56462192535e-07,1.97463789246,43.7926666737,-12.5138674515,36.24349,True
107,desc,64110.5936699,2034-05-28,138982493.079,0.904611458586,38.89189,0.704088069771,0.567962922216,6.96629285812e-07,1.87861943795,66.4343897855,-4.31963493407,6.62299,True
99,desc,64110.7769246,2034-05-28,138998326.282,0.927114457778,176.54428,-0.925428667566,0.0558837996928,2.57603824139e-06,1.06022292756,29.7321142403,-7.59621641393,12.15584,True
205,desc,64111.1687832,2034-05-29,139032182.872,1.98143487968,293.04616,0.775677465665,-1.82329609544,8.12113285065e-07,1.54155808583,34.7621000745,-2.42301615875,7.75324,False
298,asc,64111.3463981,2034-05-29,139047528.793,1.02542621207,138.73493,-0.770778387867,0.676313236008,-5.12599945068e-06,1.61151403569,52.0142919601,15.6757749702,29.79622,True
255,asc,64113.5294449,2034-05-31,139236144.041,0.701296907974,299.46913,0.345006208762,-0.610563730539,2.37720087171e-07,0.830684444984,37.2060012363,1.40643439693,1.97262,False
46,asc,64114.6228943,2034-06-01,139330618.071,3.06312386276,82.01076,0.425734790572,3.03339375728,-6.63101673126e-07,4.04926041153,42.2960792554,2.82919209486,13.53118,False
195,desc,64117.732798,2034-06-04,139599313.747,0.885563410551,234.20354,-0.517972735968,-0.718280445857,-3.22237610817e-07,0.279972862967,13.8916630788,-10.8102712678,19.42916,True
137,asc,64118.7222507,2034-06-05,139684802.461,0.976785985928,283.609,0.229832649017,-0.949361793918,-8.93604010344e-07,0.57421900724,22.8590764747,12.2637178933,18.80198,True
132,asc,64123.1236346,2034-06-10,140065082.027,2.03667346768,178.00841,-2.03544319242,0.0707801129232,7.07805156708e-07,2.05078424378,43.6520741086,2.62817871731,8.56552,False
245,asc,64123.3193571,2034-06-10,140081992.455,1.6330373788,298.62405,0.78232345922,-1.43345076153,1.17346644402e-07,1.1463470007,35.1911541621,2.78482319016,7.7007,False
241,asc,64124.5285236,2034-06-11,140186464.442,0.933305181083,213.02113,-0.782548072762,-0.508603062173,-1.12503767014e-06,0.714109517173,48.3874451364,11.6585388236,31.4187,True
296,asc,64126.3566773,2034-06-13,140344416.923,0.298621849126,37.00648,0.238469685962,0.179742086481,-1.45798549056e-06,1.25891062336,90.3098486957,21.8655694221,18.943,False
179,desc,64127.883358,2034-06-14,140476322.13,0.507406699425,220.072,-0.388285917568,-0.326642931715,-2.13645398617e-06,0.698493577642,54.7393526998,-26.5859501685,34.254,False
269,asc,64133.0626357,2034-06-20,140923811.721,0.880053504877,104.47484,-0.219973634983,0.852118402194,-2.17370688915e-06,1.86707126871,62.8761587611,7.78501704125,13.47265,True
175,asc,64134.3896893,2034-06-21,141038469.152,1.00475683129,120.97348,-0.517089331862,0.861484133858,9.06176865101e-07,1.92420277393,60.7166743767,8.14232953879,13.20499,True
122,desc,64135.8868272,2034-06-22,141167821.868,1.03181350134,344.87309,0.996061342786,-0.269259917098,-9.685754776e-07,1.29437749497,37.149192413,-6.14589174521,10.06177,True
115,desc,64136.2247173,2034-06-23,141197015.576,2.16169926786,289.438,0.71938460954,-2.03848706354,-2.84984707832e-07,1.28277582735,11.7857257229,-0.982665120963,3.69008,False
215,asc,64136.5042788,2034-06-23,141221169.692,1.69672636046,75.47581,0.425519847336,1.64250211622,2.02096998692e-07,2.70135944597,51.8924531266,0.703009006229,2.13279,False
61,desc,64140.9990394,2034-06-27,141609517.004,2.56357783516,357.7231,2.56155387478,-0.101848237743,6.51925802231e-08,2.69677233996,43.8071041959,-1.00437743035,4.44104,False
182,desc,64141.7989032,2034-06-28,141678625.232,0.919800309738,339.49235,0.861508353282,-0.32223588723,1.47614628077e-06,1.07724517319,18.0245836097,-4.53980192674,9.06773,True
280,asc,64143.3855393,2034-06-30,141815710.594,0.940135017279,164.91856,-0.907753915157,0.244615372025,-2.96160578728e-06,1.59265510007,53.3406991216,21.4498735152,36.78219,True
13,asc,64144.0923174,2034-07-01,141876776.222,1.20226912507,74.85241,0.314160547618,1.16049739311,-2.94996425509e-07,2.18869742627,61.1095253743,1.13154470676,2.52172,True
2,desc,64144.2762268,2034-07-01,141892665.998,0.875845731894,114.34257,-0.361016083176,0.79798066002,1.33737921715e-06,1.86605824785,64.489418562,-4.289030879,6.66957,True
229,asc,64146.4635966,2034-07-03,142081654.75,0.99013462152,39.09556,0.768438803807,0.624394405432,1.99303030968e-06,1.76086146889,54.4707241662,12.8157788281,24.832,True
190,desc,64146.6075079,2034-07-03,142094088.681,0.421484168585,261.65754,-0.0611529129498,-0.41702425062,6.37723132968e-07,0.6211976616,28.8521912032,-6.98102985294,7.36842,False
285,asc,64148.3386507,2034-07-05,142243659.424,2.12207897124,193.47036,-2.06370175694,-0.494321978672,-1.01327896118e-06,2.2710696949,25.3812804322,9.55744756718,35.13666,False
125,asc,64148.5790479,2034-07-05,142264429.737,0.990705003978,181.67697,-0.99028068869,-0.028992456161,-3.24845314026e-06,1.50420940129,24.9402065048,13.9134108866,39.01303,True
153,desc,64149.4568646,2034-07-06,142340273.099,0.48110636005,92.10936,-0.0177080631848,0.480780359602,2.89641320705e-07,1.49688550958,81.9929880009,-1.3900964912,1.52282,False
150,desc,64149.7530939,2034-07-06,142365867.313,1.03622749297,296.19322,0.457390477726,-0.929817921995,-2.82772816718e-07,0.294607021769,12.6042497711,-4.60885473215,7.35457,True
49,desc,64151.0631813,2034-07-08,142479058.865,1.15710856194,267.94857,-0.041420504385,-1.15636696854,-3.27825546265e-07,0.282707877822,32.6522074438,-5.82259319887,22.80162,True
230,desc,64152.8554302,2034-07-09,142633909.171,0.675246903389,267.66314,-0.0275329185227,-0.674685348095,-1.37556344271e-06,0.405982040231,28.4856764771,-5.84804357337,8.26679,False
146,asc,64153.8979785,2034-07-10,142723985.342,1.07717486986,110.66657,-0.380166234706,1.00785878686,-1.06450170279e-06,2.09177809741,58.0616136062,3.73456177972,7.79145,True
148,desc,64155.0584151,2034-07-12,142824247.064,3.15883829985,228.48253,-2.09383085215,-2.36519169776,-2.98023223877e-07,2.72855342435,16.5570437549,-1.98654946961,9.87177,False
162,desc,64158.016246,2034-07-15,143079803.658,1.03395903928,276.44687,0.116094815736,-1.02742069702,9.64850187302e-07,0.199849452947,11.3266250182,-7.5407019947,16.72622,True
186,asc,64158.453491,2034-07-15,143117581.619,1.06766146257,292.44372,0.407607252995,-0.986791429823,2.96998769045e-06,0.0945848586771,18.2208224674,14.6685065693,30.12309,True
74,desc,64159.8637286,2034-07-16,143239426.154,0.91138855174,114.72295,-0.381170896171,0.827851339405,-3.1990930438e-07,1.9276645548,67.4336220892,-3.60601638295,5.40987,True
52,desc,64159.993596,2034-07-16,143250646.692,1.71320133821,311.99742,1.14629811949,-1.27320832801,2.02655792236e-06,0.865474201985,29.5473284273,-13.1012673833,42.36114,False
262,asc,64161.2902755,2034-07-18,143362679.805,1.23130237245,77.65134,0.263326438519,1.20281533045,1.00582838058e-06,2.15757417724,44.4505100618,5.25287782583,15.83674,True
54,desc,64163.8061547,2034-07-20,143580051.763,1.50254038139,198.12085,-1.42801830488,-0.467323569498,1.06543302536e-06,1.88670388803,43.1874139276,-6.64861757243,17.99169,True
101,desc,64164.0204757,2034-07-21,143598569.098,3.65420728381,70.069,1.24567630859,3.43533424972,2.98023223877e-08,4.45107977605,39.2337866054,-2.31692894142,12.87861,False
159,desc,64166.4807572,2034-07-23,143811137.424,1.15107047626,285.20898,0.301972315649,-1.11075468125,-6.64032995701e-07,0.237494386305,10.6287873075,-2.93953952941,5.39883,True
102,desc,64167.7655553,2034-07-24,143922143.978,1.02535859846,341.20276,0.970670875014,-0.330391143706,-1.23679637909e-06,0.771148514692,20.4044854111,-13.2111192702,26.06566,True
202,asc,64168.2502651,2034-07-25,143964022.901,1.13859993657,156.84047,-1.04684399885,0.447802922747,-6.49917637929e-07,2.02997446235,50.4527917193,2.68791119236,5.54384,True
83,asc,64170.4185202,2034-07-27,144151360.146,0.961756022516,155.74474,-0.876856369071,0.395091830928,-1.85891985893e-06,1.88079246425,50.0822942943,9.49758433433,26.45905,True
109,asc,64170.5449199,2034-07-27,144162281.08,1.08960927484,325.49909,0.897965736579,-0.617175751093,-3.55765223503e-07,0.479102176076,26.6474816216,3.81134462922,8.88522,True
214,asc,64170.9513219,2034-07-27,144197394.21,1.12880374969,159.69,-1.05862417908,0.391807035137,2.26579140872e-06,2.01872131196,50.256520179,6.65467850796,13.7949,True
44,desc,64171.9831144,2034-07-28,144286541.082,0.321353249283,23.55397,0.294579402608,0.128416846182,-7.9395249486e-06,1.02738799807,62.9218832975,-22.3986487104,20.2845,False
134,asc,64172.2306202,2034-07-29,144307925.587,1.62205621441,344.3211,1.56170166597,-0.438354045515,-1.9371509552e-07,1.12274991006,20.1083115298,12.6826661276,38.14572,False
9,desc,64172.4559244,2034-07-29,144327391.87,1.15289665413,157.13487,-1.06230440351,0.447973268621,-5.79282641411e-07,2.06577880931,51.2212660038,-6.26603487675,13.33676,True
172,desc,64173.6737688,2034-07-30,144432613.629,0.999314732356,296.63182,0.44794842457,-0.893292865318,7.18981027603e-07,0.104524987542,13.5159440425,-9.72660259885,17.25133,True
56,asc,64174.6835205,2034-07-31,144519856.17,0.983285522422,117.85066,-0.459360111175,0.86938984746,4.14997339249e-06,1.99827352583,60.4843636306,18.3164467442,33.46935,True
294,asc,64174.8637308,2034-07-31,144535426.337,0.59322375123,187.91609,-0.587570819196,-0.081700376086,7.37607479095e-07,1.38216194752,56.8815388609,2.75171724974,3.7759,False
155,asc,64175.5396196,2034-08-01,144593823.136,0.974045835208,286.22318,0.272128522809,-0.935260047346,-2.31713056564e-06,0.315059591181,19.039914723,10.6228736428,19.00837,True
75,desc,64176.9812944,2034-08-02,144718383.832,1.13417680611,287.56402,0.342261959915,-1.08130189046,-1.54599547386e-07,0.357070678483,7.54250758523,-5.42633781836,9.6898,True
89,asc,64177.1107052,2034-08-03,144729564.927,1.38246902593,8.869,1.36593943484,0.213143303926,-1.1995434761e-06,1.29378184935,21.3750784652,6.01475569882,15.31841,True
24,asc,64178.5744814,2034-08-04,144856035.196,1.02769998786,94.35212,-0.0779878364562,1.02473663076,8.49366188049e-06,1.96143901757,52.9546651245,28.2308188568,64.00427,True
219,desc,64179.232218,2034-08-05,144912863.636,1.03098346374,7.46839,1.022237344,0.134006399299,1.28895044327e-06,1.01916350307,29.9056709386,-27.8898304689,54.50065,True
67,desc,64179.9910262,2034-08-05,144978424.663,1.15800401988,279.34195,0.187974530574,-1.14264556443,2.54949554801e-07,0.564292222372,6.52848997151,-0.744393050648,1.43938,True
112,desc,64180.402505,2034-08-06,145013976.434,0.999106012836,180.98343,-0.998958845118,-0.0171479049771,-5.49480319023e-06,1.81113190439,50.7747272766,-26.9632522409,62.10129,True
20,asc,64182.0739082,2034-08-08,145158385.669,2.53649301531,168.07244,-2.48172933228,0.524229280017,1.99303030968e-07,3.39903960691,39.2659316082,1.32463895486,5.31181,False
259,desc,64182.7920531,2034-08-08,145220433.386,1.04954203719,194.76716,-1.01487528863,-0.267519413011,8.37258994579e-07,1.7559720755,63.4498412047,-4.57187887449,8.34621,True
42,asc,64182.9949685,2034-08-08,145237965.277,1.01903071268,236.20005,-0.566881578555,-0.846799190652,8.90344381332e-07,1.24144343366,44.4372381662,11.9905356102,25.15147,True
141,desc,64185.4906829,2034-08-11,145453595.005,1.54092781179,127.34369,-0.934718797627,1.22505481123,1.4528632164e-07,2.55306886982,48.7786035827,-0.980504112819,3.20528,True
226,desc,64187.0556665,2034-08-13,145588809.589,1.08756757241,330.72865,0.948700280855,-0.531762166447,-2.99513339996e-06,0.292094629423,23.5919543092,-19.8913863391,45.86726,True
181,asc,64187.0959383,2034-08-13,145592289.066,0.981026422352,268.50377,-0.0256157495388,-0.98069193671,3.34344804287e-07,0.793358504691,23.0981186128,2.8814624272,4.68129,True
293,desc,64190.6089604,2034-08-16,145895814.177,0.978457343952,231.88447,-0.603951964766,-0.769818678773,-4.79631125927e-08,1.36952895653,18.2465062894,-0.788259988864,2.35416,True
183,asc,64193.1905707,2034-08-19,146118865.307,1.02771345831,322.74951,0.818056650813,-0.622075773881,-1.36159360409e-06,0.031901749915,12.4997150282,10.5899507625,21.47,True
233,desc,64193.3672379,2034-08-19,146134129.358,0.958924555396,126.8226,-0.574721263765,0.767614338009,7.15721398592e-07,1.95786710897,66.3183034033,-6.59211742644,10.12318,True
274,desc,64194.5253684,2034-08-20,146234191.826,2.39046392753,128.19497,-1.47811803676,1.87869232665,5.96046447754e-08,3.3830431571,43.0537691737,-2.34794819499,9.1404,False
68,asc,64195.3314415,2034-08-21,146303836.548,1.27655297873,139.30103,-0.967813609643,0.832420761688,9.27597284317e-07,2.28952024255,53.5097478168,5.92183412681,13.91996,True
297,desc,64195.4878204,2034-08-21,146317347.684,0.431221678467,261.11844,-0.0665773561489,-0.42605116081,-4.69014048576e-06,0.898125282637,48.4857314357,-21.9274420732,24.30945,False
194,asc,64197.7783116,2034-08-23,146515246.118,1.01426929299,314.32185,0.708657953406,-0.725634965923,5.48223033547e-06,0.197752215812,30.2293734647,18.8279889188,39.93236,True
125,desc,64198.9327251,2034-08-24,146614987.445,0.371607677325,1.67697,0.371448519132,0.0108749014598,-5.88968396187e-06,0.740751877031,44.3552984853,-37.093113595,39.01303,False
119,desc,64199.1817291,2034-08-25,146636501.397,1.0238468909,92.69833,-0.0481999841443,1.02271169815,1.67451798916e-06,1.81396872041,58.4503859651,-8.73646178718,13.44416,True
7,asc,64200.3872851,2034-08-26,146740661.432,1.02598296037,19.88008,0.964840952271,0.348888193813,-4.64729964733e-06,0.89180477506,35.5089592299,24.8932422961,43.64693,True
272,desc,64200.8449404,2034-08-26,146780202.85,0.377079538072,199.28184,-0.355927510748,-0.124517408924,1.49011611938e-08,1.28501468605,81.3139890338,-2.81705187478,2.63724,False
39,asc,64204.5889566,2034-08-30,147103685.853,2.41523656794,252.04419,-0.744577316195,-2.29760142307,-2.29477882385e-06,2.45153063809,40.1999437417,11.3629578299,52.36973,False
60,desc,64205.2148119,2034-08-31,147157759.749,0.202180935107,64.89558,0.0857791598236,0.183082129823,7.39609822631e-06,1.03986021429,93.8938489003,-53.7564725967,38.87863,False
16,asc,64205.2970146,2034-08-31,147164862.059,2.68694470734,235.51959,-1.52114503239,-2.21490172485,5.66244125366e-07,2.98788829292,26.2392955516,5.27531130599,23.15184,False
163,asc,64207.4863113,2034-09-02,147354017.294,0.683582396636,165.54034,-0.661929024906,0.170689363984,-3.2801181078e-06,1.68810527684,66.8088732364,17.3216173055,26.60392,False
25,asc,64208.722249,2034-09-03,147460802.314,0.976088910962,220.68627,-0.74015902563,-0.636328672056,-3.6433339119e-06,1.67953299872,57.2474899295,14.3784228528,24.53703,True
136,desc,64208.7900426,2034-09-03,147466659.681,1.16905146814,110.33711,-0.406295703052,1.09617751155,-1.88499689102e-06,2.00971543955,50.1481205212,-10.9042191164,24.09941,True
81,desc,64210.1425296,2034-09-05,147583514.56,0.883137983233,310.14228,0.569348379876,-0.675111190666,1.24424695969e-06,0.463380297971,9.82327589606,-7.20238227673,17.0676,True
232,desc,64210.4725111,2034-09-05,147612024.96,2.64167483186,196.90762,-2.52748820987,-0.768276816181,-2.26497650146e-06,3.48429317216,33.9350087212,-11.0975091447,55.01316,False
287,asc,64213.491364,2034-09-08,147872853.853,1.00483320806,79.08291,0.19030368325,0.986648004189,-1.59256160259e-07,1.52583651061,49.3914632374,6.44257725544,9.76964,True
71,asc,64215.7878517,2034-09-10,148071270.39,1.83350585156,219.36124,-1.41759849096,-1.1628233856,-2.83122062683e-07,2.53458682394,38.5139496,5.20926648229,16.69512,False
195,asc,64216.3785925,2034-09-11,148122310.396,0.987212032964,54.20354,0.577427783943,0.800727639313,1.96509063244e-06,1.15635377494,23.1925379614,9.69718801354,19.42916,True
37,asc,64221.0527976,2034-09-16,148526161.71,0.968429042528,272.66887,0.0450936645302,-0.967378608318,1.49384140968e-06,1.20764258602,30.4130330466,10.5805039619,24.92726,True
222,asc,64221.3727415,2034-09-16,148553804.861,0.875058528711,288.01435,0.270616383945,-0.832162364812,1.49011611938e-07,0.952164058992,36.3034307456,12.136436152,21.61632,True
299,desc,64222.7188718,2034-09-17,148670110.519,1.0625655439,337.86367,0.984243719779,-0.400387106644,-9.08970832825e-07,0.218174253888,8.79947736318,-5.00757311207,11.16926,True
26,asc,64223.190721,2034-09-18,148710878.292,0.351985044212,161.99674,-0.334751480664,0.108788407204,2.60770320892e-06,1.35697720067,91.5443404588,19.7756101381,19.2213,False
253,desc,64223.5071165,2034-09-18,148738214.867,0.972680423501,296.68273,0.436781852047,-0.869096553891,4.48152422905e-06,0.894252671081,41.6735967397,-19.7274330345,38.24694,True
33,desc,64225.4709145,2034-09-20,148907887.014,1.93478995766,135.60707,-1.38252159476,1.35353101933,2.98023223877e-07,2.80777596788,40.7689843784,-8.20726354981,27.12971,False
21,asc,64226.5006513,2034-09-21,148996856.276,1.66360731202,311.6149,1.10483598293,-1.24375509625,-7.69272446632e-07,1.13037502203,7.2596101262,2.40496944717,7.13333,False
105,desc,64226.9849801,2034-09-21,149038702.281,1.03264242452,336.83722,0.949402207614,-0.406184471749,-2.85357236862e-06,0.300510375847,19.2358493002,-18.1932652265,37.1231,True
296,desc,64227.7611771,2034-09-22,149105765.704,0.964497486906,217.00648,-0.770216290224,-0.580536190535,-1.47148966789e-06,1.83665786196,45.6280378704,-6.76988469296,18.943,True
178,desc,64228.0680926,2034-09-23,149132283.197,0.774787458275,282.72819,0.170705936845,-0.755748032499,1.71083956957e-06,1.06403349933,27.1195678844,-7.54855379973,12.37568,False
35,desc,64231.5297129,2034-09-26,149431367.195,1.00999867392,218.30847,-0.792530547253,-0.626093166383,5.57047314942e-06,1.89270435947,56.0435820627,-20.6621130782,44.05781,True
8,desc,64231.8499279,2034-09-26,149459033.766,2.51003644744,130.13923,-1.61808800491,1.91887315262,2.51457095146e-06,3.26577760694,37.7479066944,-9.44934325695,42.03945,False
55,asc,64232.0541893,2034-09-27,149476681.959,0.98931839847,302.02023,0.524555075658,-0.838804426641,-1.40070915222e-06,0.946263541331,29.7430155858,13.66572149,22.71515,True
289,desc,64234.5585453,2034-09-29,149693058.318,1.22378564461,8.72262,1.20963145364,0.185588389468,8.3347549662e-07,0.264278623473,20.3115430111,-2.71556350088,5.82974,True
293,asc,64236.9746456,2034-10-01,149901809.382,0.249352319236,51.88447,0.153912507329,0.196182362093,-4.65661287308e-07,0.858556272333,55.3512618775,3.09312853961,2.35416,False
210,asc,64236.9813396,2034-10-01,149902387.739,0.858329658611,331.11156,0.751520846513,-0.414663984581,-3.33786010742e-06,0.537379642746,19.613793669,12.7256712527,22.32417,True
164,asc,64241.0094965,2034-10-06,150250420.494,0.784190191481,243.71849,-0.347225192665,-0.703127955634,-7.78120011091e-07,1.57866032954,53.0560405659,4.58191231107,7.30927,False
189,desc,64241.9131913,2034-10-06,150328499.732,1.23067709863,253.38514,-0.35189599994,-1.17929441885,2.63098627329e-07,1.8863736922,40.9539145565,-1.40056342104,3.12476,True
173,desc,64244.4553196,2034-10-09,150548139.613,1.07469421748,58.33422,0.564175140068,0.914698897129,1.31502747536e-06,0.839157666757,14.7509822894,-4.58594074335,8.2711,True
143,asc,64245.6984692,2034-10-10,150655547.737,1.0637435308,222.69423,-0.781833290052,-0.72130923042,-1.74157321453e-06,1.9913059143,62.14034752,14.6507372391,28.82828,True
145,asc,64248.1315985,2034-10-13,150865770.106,1.92477615493,61.2066,0.927073685087,1.68680100457,-1.28149986267e-06,1.43812429874,12.9007216836,4.71130977728,15.15631,False
103,asc,64249.0434309,2034-10-14,150944552.433,0.738472615075,311.92731,0.493437989751,-0.549418559466,4.549510777e-07,0.940222582669,26.3081848983,2.91050465573,4.69797,False
13,desc,64250.8075219,2034-10-15,151096969.895,0.976499408812,254.85241,-0.255165488845,-0.942571837428,1.0640360415e-07,1.73002564124,65.8695446611,-1.39316138064,2.52172,True
51,asc,64251.5812398,2034-10-16,151163819.12,1.04476933399,313.49561,0.719113683138,-0.757903999178,1.09151005745e-06,1.08893432144,38.1068706389,6.16436277232,10.029,True
93,desc,64252.19362,2034-10-17,151216728.768,2.24080122216,59.03405,1.15295627685,1.92142705844,0,1.61850978088,14.2285360651,-6.00320714973,22.76523,False
273,desc,64252.5015887,2034-10-17,151243337.26,1.07044645389,54.38229,0.62340047217,0.870188176172,1.38022005558e-06,0.636902791795,27.7421415455,-4.83636255101,10.31047,True
128,desc,64252.8923601,2034-10-17,151277099.914,0.960298827468,93.62643,-0.0607397584823,0.958375980383,1.35228037834e-06,1.18616590114,37.709385802,-4.10171476355,8.54804,True
10,desc,64253.1561765,2034-10-18,151299893.651,1.00031431564,176.78899,-0.998743841213,0.0560309709646,-9.98843461275e-07,1.96025800626,62.3477490446,-19.3030697769,39.82206,True
294,desc,64254.0856984,2034-10-19,151380204.339,0.832012706109,7.91609,0.8240843127,0.114587035425,2.93366611004e-08,0.257701163344,17.4949820455,-1.96197007237,3.7759,True
57,asc,64255.3215498,2034-10-20,151486981.9,1.83059729342,171.12615,-1.80868572708,0.282386953188,2.64868140221e-06,2.73836973131,41.7355770786,15.3811674722,55.89453,False
146,desc,64257.2664858,2034-10-22,151655024.375,0.92025509371,290.66657,0.324784697205,-0.861036780841,6.22123479843e-07,1.38969458085,58.0745974583,-4.37137064121,7.79145,True
266,asc,64260.9426196,2034-10-25,151972642.335,1.13297687933,6.10124,1.12655929509,0.120419117045,-4.88478690386e-07,0.410701134191,5.01710419211,2.91881032731,5.70303,True
197,asc,64261.1227188,2034-10-26,151988202.907,0.941439297683,352.06267,0.932420030144,-0.130003225378,9.25734639168e-07,0.588602593725,26.3172013073,3.70835628265,5.8333,True
237,desc,64262.6931002,2034-10-27,152123883.86,0.802013288489,117.38763,-0.36893260675,0.712119404728,-9.98377799988e-07,1.2626864991,61.7154112642,-3.82640981252,5.83305,True
81,asc,64263.6676189,2034-10-28,152208082.276,0.378024734515,130.14228,-0.24370797569,0.288979449944,-4.84753400087e-06,1.12652834478,62.723816806,16.8261406665,17.0676,False
109,desc,64265.5403986,2034-10-30,152369890.442,0.650819028605,145.49909,-0.536351150727,0.368636475553,-8.99657607079e-07,1.39169587494,54.6640655156,-6.38100036272,8.88522,False
208,desc,64266.3263482,2034-10-31,152437796.485,1.97874665257,252.98582,-0.578997831501,-1.89214159781,-9.685754776e-08,2.81028887946,42.8548261511,-1.06116169552,3.41388,False
261,asc,64269.0632021,2034-11-03,152674260.66,0.991784179892,31.55547,0.845132937191,0.519024255656,-4.67151403427e-06,0.0629943677263,13.1534455708,12.8356828608,23.24895,True
263,desc,64269.6991197,2034-11-03,152729203.941,0.948823241974,324.35835,0.77108718999,-0.552892475933,-3.925524652e-07,1.13513053377,37.1949077815,-2.9602695586,4.64461,True
244,asc,64270.5299017,2034-11-04,152800983.503,2.16532770128,74.90308,0.56396524737,2.09059495209,-4.69386577606e-07,1.51547439236,24.4786991146,5.36928078058,19.45987,False
120,asc,64270.530886,2034-11-04,152801068.546,0.954077934995,261.43576,-0.142079570738,-0.943439506075,-6.76140189171e-07,1.80094096519,57.8176616021,4.86161992288,7.77266,True
190,asc,64271.8691997,2034-11-05,152916698.854,1.00185223141,81.65754,0.145358205272,0.991251171875,1.08033418655e-07,0.742052014521,24.0492854502,2.93695364564,7.36842,True
255,desc,64273.557663,2034-11-07,153062582.084,1.36051847046,119.46913,-0.669313259628,1.1844957868,8.52160155773e-08,1.53553364184,29.3270611073,-0.724964868357,1.97262,True
50,asc,64274.3161808,2034-11-08,153128118.017,1.11506915967,284.1074,0.271787261345,-1.08143927958,8.475035429e-07,1.79179162365,47.5606183091,5.78853882854,10.61149,True
60,asc,64275.0448864,2034-11-09,153191078.181,1.02936763287,244.89558,-0.436729064741,-0.932129522985,-1.56834721565e-06,1.97861011862,46.3571152168,10.5584570085,38.87863,True
11,desc,64275.3808151,2034-11-09,153220102.42,0.963804249473,167.89802,-0.942384656389,0.202063828292,-2.21654772758e-06,1.74602579943,56.4643207145,-24.2879650984,39.51172,True
26,desc,64275.5671756,2034-11-09,153236203.971,0.886596595788,341.99674,0.843187879918,-0.274021391176,-3.05473804474e-07,0.939557756036,47.4391283184,-7.85105542005,19.2213,True
267,asc,64276.741846,2034-11-10,153337695.495,0.729917567783,160.47465,-0.687942715727,0.243955888708,-4.74043190479e-07,1.47914759214,71.7547851597,2.87547058626,5.44387,False
117,asc,64276.9954855,2034-11-10,153359609.943,0.966675213046,278.65037,0.145392324676,-0.955678836976,1.49756669998e-06,1.73311992527,51.3791537165,9.49244516511,18.68411,True
84,asc,64278.8770842,2034-11-12,153522180.071,2.92213383503,325.70748,2.41418473436,-1.64638337522,-2.60770320892e-08,2.90618969574,29.2021926061,1.46930934802,6.69302,False
106,desc,64281.2371984,2034-11-15,153726093.939,1.04971497093,10.01269,1.03372704444,0.182510048471,4.66406345367e-06,0.655973095451,25.2598194442,-20.8974635197,40.78349,True
245,desc,64287.6764439,2034-11-21,154282444.754,1.07756076121,118.62405,-0.51621663605,0.945863403861,-1.78813934326e-07,1.10953994228,22.3638114508,-4.22038415521,7.7007,True
163,desc,64288.4555398,2034-11-22,154349758.636,0.930264172066,345.54034,0.900796830567,-0.23228538454,-2.44751572609e-06,1.08955826733,48.4072167461,-12.7283765482,26.60392,True
215,desc,64288.5367019,2034-11-22,154356771.045,0.878932068095,255.47581,-0.220426256201,-0.850843020717,-2.79862433672e-07,1.8375582566,69.5082565032,-1.35711729701,2.13279,True
202,desc,64290.4043579,2034-11-24,154518136.522,1.12403010091,336.84047,1.03344829723,-0.442072714286,-4.1161547415e-07,1.3586244686,52.019550019,-2.72275227384,5.54384,True
157,asc,64290.5433099,2034-11-24,154530141.973,2.30204395806,138.78161,-1.73160541465,1.51688795658,3.35276126862e-07,2.37621482802,18.6655270229,5.35702660946,20.66508,False
111,desc,64290.721002,2034-11-24,154545494.573,0.958760207946,68.22125,0.355722520941,0.890327256932,-5.61401247978e-06,0.193996533686,19.2354122281,-18.9977100427,30.25143,True
72,desc,64291.3035916,2034-11-25,154595830.313,1.18000668914,15.43379,1.13745402628,0.314028859367,-1.44122168422e-07,0.798713633548,3.81492581584,-0.832258053641,1.97391,True
83,desc,64292.3531681,2034-11-26,154686513.727,0.314292058936,335.74474,0.286547718105,-0.129111980694,7.31274485588e-06,0.998903354342,66.2779949759,-29.0632826163,26.45905,False
231,asc,64292.439671,2034-11-26,154693987.577,1.36553721031,358.77697,1.36522612034,-0.0291464076842,-1.15483999252e-06,1.2193842897,17.1024298239,7.71237386035,19.07078,True
124,asc,64293.1119657,2034-11-27,154752073.834,2.6572639901,116.62205,-1.19072840567,2.37554578509,-5.51342964172e-07,2.28023126046,34.6874806677,3.81551497597,16.18609,False
166,desc,64294.1615254,2034-11-28,154842755.794,4.16509592805,256.38375,-0.980537584122,-4.04803287239,6.25848770142e-07,5.12198082104,40.0248812341,-3.23382349458,20.77419,False
214,desc,64297.1727949,2034-12-01,155102929.479,1.1088130104,339.69,1.03987629666,-0.384868262749,-1.78662594408e-06,1.40206236272,51.8954864793,-6.77465540382,13.7949,True
297,asc,64297.77244,2034-12-01,155154738.814,0.9578518783,81.11844,0.147885064281,0.946366857263,-1.92224979401e-06,0.290159780275,14.3417164094,9.87166031563,24.30945,True
82,asc,64298.2046798,2034-12-02,155192084.335,1.88898283229,168.05282,-1.84806530181,0.391038081173,7.15255737305e-07,2.32755608535,50.4135210177,3.1459863143,9.8289,False
178,asc,64298.7099108,2034-12-02,155235736.296,0.915811294371,102.72819,-0.201777175546,0.893306385473,2.13971361518e-06,0.618978846181,10.2044393571,6.38616803275,12.37568,True
229,desc,64299.7758452,2034-12-03,155327833.024,1.07136512009,219.09556,-0.831481410134,-0.675619630523,-3.16835939884e-06,2.0014667565,54.3340184143,-11.84409132,24.832,True
2,asc,64305.6726595,2034-12-09,155837317.781,1.80419196186,294.34257,0.743672420439,-1.64379438079,9.31322574615e-08,2.61880031168,53.3036254703,2.08211180891,6.66957,False
79,asc,64311.2098987,2034-12-15,156315735.247,1.58516123012,264.506,-0.151765736659,-1.57787936379,3.81842255592e-08,2.56583039578,51.0542920182,3.29404251431,9.02376,True
63,asc,64311.2350864,2034-12-15,156317911.464,2.0528819336,357.06027,2.05018041274,-0.10528299254,-1.77323818207e-06,2.12759490315,41.8363584874,13.3626832493,53.19536,False
296,asc,64311.2819906,2034-12-15,156321963.991,0.298621849126,37.00648,0.238469685962,0.179742086481,-4.22378070652e-06,0.783347495042,51.6904021503,21.8655694221,18.943,False
186,desc,64313.011049,2034-12-17,156471354.63,1.12950453834,112.44372,-0.431217439477,1.04395020093,-4.57838177681e-06,0.615288105754,16.2960042095,-13.8653707408,30.12309,True
162,asc,64316.2999538,2034-12-20,156755516.006,0.689498332152,96.44687,-0.0774181362909,0.685138221247,2.36742198467e-06,0.353574133995,16.543078836,11.3078982593,16.72622,False
121,desc,64316.3008188,2034-12-20,156755590.743,3.41667187639,95.18421,-0.308724059294,3.40269542659,-2.23517417908e-08,2.4639958223,23.6908075084,-2.53666349735,13.75276,False
267,desc,64317.0460915,2034-12-21,156819982.306,0.443453148505,340.47465,0.417951802705,-0.14821263622,4.42145392299e-07,1.16785196478,82.3048574873,-4.73298363903,5.44387,False
141,asc,64317.9105992,2034-12-21,156894675.771,0.561504703326,307.34369,0.340605833147,-0.446402507031,-5.20143657923e-07,1.44715025116,77.0251018004,2.6907807683,3.20528,False
37,desc,64318.962723,2034-12-22,156985579.268,0.50779561716,92.66887,-0.0236448559518,0.507244822146,7.52508640289e-07,0.484334952864,24.2337394096,-20.1783295779,24.92726,False
9,asc,64320.6720582,2034-12-24,157133265.828,1.06195861177,337.13487,0.978512085694,-0.412638087508,7.07805156708e-08,1.67820430022,54.9313460186,6.80261035035,13.33676,True
272,asc,64321.2255748,2034-12-25,157181089.667,1.47711678813,19.28184,1.39425889873,0.487766469847,-2.17463821173e-07,1.4451522884,36.957817594,0.71913922325,2.63724,True
299,asc,64322.097638,2034-12-26,157256435.921,0.709026847822,157.86367,-0.656764400208,0.267169596983,-1.01514160633e-07,0.986561624303,32.069286546,7.5044755552,11.16926,False
99,asc,64322.5828867,2034-12-26,157298361.407,1.9701763602,356.54428,1.96659395029,-0.118756578704,3.61353158951e-07,2.24324827251,43.8282918737,3.57458459254,12.15584,False
28,desc,64323.2599812,2034-12-27,157356862.379,1.01080834159,206.93149,-0.901184898193,-0.457820142307,-9.16188582778e-07,1.70070215597,56.9071131236,-3.80671729105,5.87999,True
205,asc,64323.4044654,2034-12-27,157369345.812,1.11578098443,113.04616,-0.436797683898,1.02673024137,-5.25265932083e-07,0.437511105752,5.66100996268,4.30285943027,7.75324,True
254,desc,64323.4991439,2034-12-27,157377526.033,2.92401279004,193.78257,-2.83982110336,-0.696611008558,2.94297933578e-07,3.29710339013,45.1647254718,-1.20844751379,5.85396,False
225,desc,64324.2829219,2034-12-28,157445244.45,0.98863749071,287.52446,0.29769152268,-0.942753332193,1.59814953804e-06,1.95182433725,67.473977612,-5.11324664451,8.14565,True
1,desc,64324.5371025,2034-12-28,157467205.653,2.32008851026,156.03924,-2.12015210797,0.942213210749,2.45869159698e-07,2.09934765926,23.2516278005,-5.83075873085,22.14242,False
188,asc,64325.2685429,2034-12-29,157530402.108,0.281112143912,30.23893,0.24286200785,0.141570062507,-5.02914190292e-08,0.885873231771,57.9354202712,29.915698988,25.14721,False
164,desc,64328.0686498,2035-01-01,157772331.343,1.05344870162,63.71849,0.46644797698,0.944553043363,-5.77419996262e-07,0.550476569254,35.6513217831,-3.41078847696,7.30927,True
78,asc,64329.0038178,2035-01-02,157853129.86,1.77811745868,279.53942,0.29468054273,-1.75352931957,3.1590461731e-06,2.7602345256,47.4774740894,11.2524632759,36.0152,False
247,asc,64329.6993459,2035-01-02,157913223.487,0.988092717336,130.33277,-0.639519176103,0.753221376123,4.15428075939e-07,0.573745805699,20.5655195089,5.42526527264,8.69826,True
103,desc,64330.9661086,2035-01-03,158022671.787,0.818163742333,131.92731,-0.546686585342,0.608708211441,-5.4482370615e-08,0.551914191836,8.06845795571,-2.62701446312,4.69797,True
52,asc,64336.3505073,2035-01-09,158487883.828,0.984975461154,131.99742,-0.659044266239,0.732009094351,-6.40749931335e-07,0.48816796453,22.9746911215,22.7874801947,42.36114,True
3,desc,64337.019285,2035-01-10,158545666.22,0.415735809989,80.13526,0.0712250348485,0.409589133301,7.83242285252e-07,0.625971307449,34.2132644787,-16.3694260617,17.51489,False
199,desc,64337.1174372,2035-01-10,158554146.57,1.02007730041,254.44268,-0.273587057739,-0.982704340409,3.3862888813e-06,1.93689506909,61.4802384355,-17.090009657,28.06534,True
45,asc,64338.1154237,2035-01-11,158640372.61,1.63160233968,164.09288,-1.56912381209,0.44718749665,-1.75833702087e-06,1.40611849048,37.5679501374,12.4458236696,37.98278,False
183,desc,64339.2648995,2035-01-12,158739687.32,0.967442388613,142.74951,-0.770081070637,0.585593647447,7.65547156334e-07,0.611114966524,17.2658463808,-11.2496982245,21.47,True
180,desc,64339.6235456,2035-01-12,158770674.337,1.62161724839,224.62004,-1.15423539737,-1.13902728138,3.09944152832e-06,2.25703155128,53.599667162,-10.7335617173,31.29757,False
53,asc,64340.2072434,2035-01-13,158821105.834,2.59073965593,132.13915,-1.73821390015,1.92107896821,-7.30156898499e-07,1.74881572874,16.9820826742,6.86398245644,29.53092,False
257,asc,64342.4101277,2035-01-15,159011435.033,1.00261986646,36.09232,0.810185885763,0.590631380076,-4.73111867905e-07,1.18650664837,31.3729805057,9.32602531911,17.74569,True
66,asc,64343.7817601,2035-01-16,159129944.073,1.42160351902,116.51175,-0.634577274459,1.2721117278,3.93763184547e-06,0.453396604802,26.2018865617,14.4292109042,38.56598,True
170,desc,64344.0388571,2035-01-17,159152157.253,0.826010119371,315.03605,0.584444737429,-0.583709744817,1.89058482647e-07,1.7705286589,69.1554685502,-2.46411483751,3.58083,True
268,desc,64344.5598748,2035-01-17,159197173.181,1.02394992467,296.19778,0.452044286287,-0.918765155773,1.55903398991e-06,2.00588864545,66.0230227411,-9.01632525872,14.38466,True
44,asc,64348.8751514,2035-01-21,159570013.082,0.995912089171,203.55397,-0.912936741525,-0.397979139316,1.08033418655e-07,1.36912304191,47.9967560024,7.22742360585,20.2845,True
41,asc,64354.6996025,2035-01-27,160073245.657,4.04967933169,55.15904,2.3135836269,3.32373787939,-1.26659870148e-06,3.77230072681,30.9852097742,6.81574192941,47.83485,False
10,asc,64354.7172162,2035-01-27,160074767.484,1.05046659754,356.78899,1.04881738499,-0.0588401690407,-3.20049002767e-06,1.80673617769,61.7976716213,18.3814859786,39.82206,True
24,desc,64356.6864505,2035-01-29,160244909.326,1.3701429057,274.35212,0.103974391469,-1.36619211971,4.6044588089e-06,2.27837732716,43.0610492084,-21.1750263975,64.00427,True
270,asc,64358.6279819,2035-01-31,160412657.635,0.902324421954,90.70575,-0.0111142454625,0.902255970334,7.11530447006e-07,0.576957147603,17.8147123849,4.56702548957,7.03616,True
288,desc,64358.6752955,2035-01-31,160416745.532,1.80177618752,263.16315,-0.214488073951,-1.78896402872,6.48200511932e-07,2.61096042126,47.1782692137,-3.0396588119,9.33904,False
151,desc,64358.6864583,2035-01-31,160417709.995,0.967374238216,334.89353,0.875977582555,-0.41045851389,1.65775418282e-07,1.89045749889,67.3432902766,-7.45882856826,11.22959,True
159,asc,64359.4148048,2035-02-01,160480639.131,1.9875091361,105.20898,-0.521403987485,1.91789740286,-2.16066837311e-07,1.13112477472,28.2365215778,1.70244106287,5.39883,False
226,asc,64366.8482878,2035-02-08,161122892.069,0.967604659562,150.72865,-0.844054967774,0.473106741214,4.99188899994e-06,0.279321664947,24.6516190106,22.3575057632,45.86726,True
83,asc,64367.0809712,2035-02-09,161142995.915,0.961756022516,155.74474,-0.876856369071,0.395091830928,1.97067856789e-06,0.358837083432,13.7107735746,9.49758433433,26.45905,True
251,desc,64367.9118153,2035-02-09,161214780.842,1.00800527624,149.9873,-0.872846439307,0.504196122865,3.43844294548e-06,0.254090527035,21.2055273125,-10.5028384688,16.40099,True
289,asc,64368.3540359,2035-02-10,161252988.699,1.19003737965,188.72262,-1.17627351798,-0.180470429335,3.27941961586e-07,0.985893687055,12.4606052358,2.79257415458,5.82974,True
276,asc,64368.5772053,2035-02-10,161272270.534,0.983000352447,0.07695,0.982999465912,0.00132019941133,1.10827386379e-06,1.82567364912,64.6502341644,4.38416707233,6.73598,True
34,asc,64368.9993544,2035-02-10,161308744.224,1.68327879032,266.7232,-0.0962158407727,-1.68052670253,2.88709998131e-08,2.43919300716,56.4514361256,1.08641614978,2.79844,False
190,desc,64369.1526774,2035-02-11,161321991.324,0.421484168585,261.65754,-0.0611529129497,-0.41702425062,-1.22003257275e-07,1.27553153365,74.9188004863,-6.98102985294,7.36842,False
61,asc,64369.3417024,2035-02-11,161338323.084,0.823328556296,177.7231,-0.822678533365,0.0327099733008,-6.33299350739e-08,0.650008252437,19.1530268034,3.12730525243,4.44104,True
128,asc,64370.2237218,2035-02-12,161414529.56,0.673285881758,273.62643,0.0425859333343,-0.671937732871,1.53668224812e-07,1.54263384471,63.4148256025,5.85022200045,8.54804,False
56,desc,64370.9117524,2035-02-12,161473975.408,1.54652820091,297.85066,0.722489399167,-1.36739114532,1.9371509552e-07,2.49422193718,47.5933823912,-11.645631095,33.46935,True
273,asc,64371.0081931,2035-02-13,161482307.881,0.84284887385,234.38229,-0.490853497637,-0.685169371767,-4.94532287121e-07,1.36119578001,42.501397611,6.14234331098,10.31047,True
188,desc,64371.0440394,2035-02-13,161485405.002,1.0277695424,210.23893,-0.887923841353,-0.517592005579,1.78441405296e-06,1.17964525355,11.7160405461,-8.18244356562,25.14721,True
237,asc,64373.3432132,2035-02-15,161684053.619,1.43058520728,297.38763,0.658080779052,-1.27023766419,-2.44006514549e-07,2.36848928405,49.5379895983,2.14515815013,5.83305,True
238,asc,64373.9294377,2035-02-15,161734703.418,2.16950615382,53.30016,1.29654657655,1.73946081482,6.18398189545e-07,2.35502513224,26.9263399776,2.98054680038,10.90394,False
67,asc,64374.1020085,2035-02-16,161749613.538,1.55503535752,99.34195,-0.25242316636,1.53441112751,-1.74390152097e-07,1.0596875146,29.5799882704,0.554334755704,1.43938,True
258,desc,64374.9991723,2035-02-16,161827128.488,3.05910879754,126.96917,-1.83970276293,2.44410318507,1.18045136333e-07,2.12497534402,19.3611781586,-0.479382669493,2.34859,False
91,asc,64375.187397,2035-02-17,161843391.1,1.24176648339,219.82254,-0.953715957148,-0.795242021237,-2.23517417908e-08,1.40261233203,49.0349909956,0.44080791602,0.83203,True
72,asc,64375.9087903,2035-02-17,161905719.484,0.748995988219,195.43379,-0.72198616356,-0.19932629028,3.86615283787e-07,0.789927708154,19.7534446005,1.31118201677,1.97391,False
90,desc,64375.9774204,2035-02-17,161911649.119,2.77828242036,114.79736,-1.16524013732,2.52211590329,6.55651092529e-07,1.97092756814,16.4856525842,-4.44605334806,20.05615,False
17,desc,64377.4969905,2035-02-19,162042939.98,3.42339354379,87.12483,0.171717848328,3.41908413705,-2.171844244e-06,3.01819452711,28.5259371913,-6.96848450348,39.65677,False
189,asc,64377.5640992,2035-02-19,162048738.17,1.03954970254,73.38514,0.297245623948,0.996146888311,-4.29805368185e-07,1.1892896995,46.6745466376,1.6580653366,3.12476,True
64,desc,64382.4157964,2035-02-24,162467924.806,5.67171786475,199.21585,-5.35572013542,-1.86672048479,5.96046447754e-08,5.08028952676,31.6529599562,-4.82282548907,44.12226,False
21,desc,64383.633605,2035-02-25,162573143.468,0.902458400332,131.6149,-0.599341266762,0.67470083021,1.49011611938e-07,0.334357607358,24.8663916837,-4.4333619766,7.13333,True
3,asc,64385.0712938,2035-02-27,162697359.786,0.939408354225,260.13526,-0.1609420963,-0.92551915033,1.53854489326e-06,1.55460452832,33.1695881191,7.24430070502,17.51489,True
210,desc,64386.0453558,2035-02-28,162781518.745,1.0197680676,151.11156,-0.892870185389,0.492655806562,-2.22399830818e-06,0.0549100910128,12.0283339554,-10.7110836365,22.32417,True
269,desc,64387.5782026,2035-03-01,162913956.708,1.09237407123,284.47484,0.273044188652,-1.05769938193,1.13621354103e-06,1.88156923566,55.0149298534,-6.27187308188,13.47265,True
118,desc,64392.5945065,2035-03-06,163347365.36,0.946791056796,82.94888,0.116223200482,0.939630498067,-3.07708978653e-06,1.2116850204,43.7289076659,-33.2229044587,68.42022,True
27,asc,64393.1684536,2035-03-07,163396954.393,1.04048377536,43.45101,0.755352384101,0.715576175269,5.6903809309e-06,1.7366019793,50.4180107579,30.2756901912,60.6846,True
239,asc,64393.1938687,2035-03-07,163399150.258,0.375111652701,208.83489,-0.328602742704,-0.180911551538,8.18632543087e-06,0.790594000269,60.4690504903,34.8824222799,36.24349,False
60,desc,64393.2745706,2035-03-07,163406122.904,0.202180935107,64.89558,0.0857791598236,0.183082129823,8.40658321977e-06,1.03257521201,90.5685861254,-53.7564725967,38.87863,False
4,desc,64394.3798772,2035-03-08,163501621.392,0.895329019951,85.09881,0.0764947775652,0.892055269012,-4.13507223129e-07,1.1771067259,11.0647687813,-6.50210958205,22.31053,True
18,asc,64396.2702396,2035-03-10,163664948.704,3.54094671638,82.16378,0.482779242709,3.50788082053,6.42612576485e-08,3.53898148719,26.8025829525,0.496059329027,3.02961,False
5,asc,64396.7190644,2035-03-10,163703727.164,0.954979016943,295.27177,0.407692349914,-0.863580841973,-5.85243105888e-06,1.77073289094,59.3647481869,17.1870722726,37.03321,True
285,desc,64397.4093768,2035-03-11,163763370.151,1.04441819683,13.47036,1.0156868321,0.24328918792,-2.85357236862e-06,1.97493356183,61.6406977223,-19.4190972186,35.13666,True
277,desc,64398.0808079,2035-03-12,163821381.799,3.15542173188,238.22184,-1.66174541128,-2.68240349204,8.66129994392e-08,3.00819361845,29.5694002185,-7.41645361334,40.35278,False
107,asc,64399.8071945,2035-03-13,163970541.607,2.27141163618,218.89189,-1.76791242184,-1.42611236923,-3.89292836189e-07,1.82436114566,19.3247287991,1.72033602189,6.62299,False
105,asc,64401.7045758,2035-03-15,164134475.346,1.15925096641,156.83722,-1.06580496846,0.45598527645,9.76026058197e-07,0.287872569674,20.8664529084,16.2062728932,37.1231,True
169,desc,64402.4980545,2035-03-16,164203031.912,1.09244625773,221.67682,-0.815956031924,-0.726398361782,1.84774398804e-06,0.909947491351,39.2079085514,-7.37746671829,12.81196,True
242,asc,64403.5105858,2035-03-17,164290514.615,1.00399146782,277.35076,0.128453988392,-0.995740146982,1.65309756994e-07,1.59697573414,56.873841155,1.14935222689,1.91954,True
246,desc,64405.3056149,2035-03-19,164445605.124,2.73041099083,14.24203,2.64649219382,0.671731528896,2.79396772385e-07,3.67525366566,40.6543239177,-2.15908199436,9.59103,False
198,desc,64406.8594197,2035-03-20,164579853.866,0.934096917009,218.83283,-0.727641693906,-0.585725717085,4.3585896492e-06,0.728929901438,46.7252328731,-12.8256141048,34.03784,True
297,desc,64407.1238473,2035-03-21,164602700.408,0.431221678467,261.11844,-0.0665773561489,-0.42605116081,-5.11202961206e-06,1.05857230875,60.4197693408,-21.9274420732,24.30945,False
75,asc,64408.4278293,2035-03-22,164715364.454,2.24550543148,107.56402,-0.67762899562,2.14082077417,7.15255737305e-07,2.09755881637,40.7032889851,2.74077559974,9.6898,False
266,desc,64408.7755238,2035-03-22,164745405.259,1.38988411057,186.10124,-1.38201131235,-0.147724653913,6.1746686697e-07,0.44091358209,11.2728115895,-2.37929521666,5.70303,True
185,asc,64411.1386967,2035-03-25,164949583.399,0.607201001521,322.05585,0.478845088599,-0.373363679772,7.86036252975e-07,1.52656948453,78.0635371628,11.9984677031,16.44727,False
296,desc,64412.6864904,2035-03-26,165083312.772,0.964497486906,217.00648,-0.770216290224,-0.580536190535,-8.57748091221e-07,0.617256069551,22.5085123664,-6.76988469296,18.943,True
165,desc,64414.0221344,2035-03-28,165198712.409,0.206736561063,123.99962,-0.115604481115,0.171393143464,-8.18632543087e-07,0.903679174439,67.9852904573,-27.2127074076,19.13504,False
44,desc,64414.7408574,2035-03-28,165260810.082,0.321353249283,23.55397,0.294579402608,0.128416846182,-3.15811485052e-06,1.30221678198,94.378220687,-22.3986487104,20.2845,False
200,desc,64416.3621041,2035-03-30,165400885.791,1.05516784215,14.71649,1.0205527234,0.26805095388,-1.95950269699e-06,2.04404093785,61.8374044544,-9.05923909806,16.07668,True
271,asc,64418.2052232,2035-04-01,165560131.283,2.50485851369,210.87182,-2.1499635939,-1.28529090812,-9.16421413422e-07,1.65516505611,17.5662471965,3.83314643473,15.73453,False
290,desc,64420.9967903,2035-04-03,165801322.681,0.881451857719,201.40878,-0.820631583675,-0.321747076679,-6.40749931335e-07,0.240342634427,26.5976322698,-4.55267136152,7.30064,True
222,desc,64422.2699699,2035-04-05,165911325.397,1.0079617149,108.01435,-0.311717382885,0.958550516096,-2.1904706955e-06,1.31488654355,35.0331550344,-10.5362056971,21.61632,True
265,asc,64423.2816932,2035-04-06,165998738.289,0.315588069183,141.40332,-0.246649945221,0.196874665545,-2.38418579102e-07,0.830085169169,48.1701096831,21.5554867094,18.97022,False
117,desc,64424.629406,2035-04-07,166115180.681,0.886531582092,98.65037,-0.133338360061,0.87644687676,1.08778476715e-06,1.37679507248,46.5416595055,-10.3505747992,18.68411,True
292,asc,64425.3757693,2035-04-08,166179666.468,0.792735034334,126.7835,-0.474684173241,0.634904536395,-3.18977981806e-07,0.993713958005,31.7676721601,1.7000342463,2.51747,False
294,asc,64427.098229,2035-04-10,166328486.986,0.59322375123,187.91609,-0.587570819196,-0.0817003760859,-1.44820660353e-07,0.417624603596,14.4833667275,2.75171724974,3.7759,False
77,asc,64428.4296795,2035-04-11,166443524.308,0.992050014191,1.27533,0.991804268717,0.0220799277846,-1.57114118338e-06,1.97726317248,67.0066146001,8.70009265419,13.23278,True
4,asc,64428.6844437,2035-04-11,166465535.936,0.155569080425,265.09881,-0.0132914514529,-0.155000245492,6.54440373182e-06,0.956695044321,89.2848109051,37.4208511345,22.31053,False
136,asc,64433.2578344,2035-04-16,166860676.889,1.03627887693,290.33711,0.360151512861,-0.971681428534,1.28895044327e-06,1.43813154373,43.4578029313,12.3013154574,24.09941,True
112,asc,64434.1836571,2035-04-17,166940667.971,1.10051648397,0.98343,1.10035437855,0.0188884381141,2.08616256714e-06,2.06994920112,50.0710693729,24.4786405582,62.10129,True
71,desc,64434.5313093,2035-04-17,166970705.119,0.943653171143,39.36124,0.729597514112,0.59847203344,2.54437327385e-06,1.9244087128,64.8763309905,-10.1215370961,16.69512,True
68,desc,64435.1711858,2035-04-18,167025990.457,0.986755910689,319.30103,0.748105104664,-0.64344850583,-9.59262251854e-07,1.69491648938,53.400028282,-7.66099793498,13.91996,True
154,asc,64435.5418807,2035-04-18,167058018.494,1.02695533078,58.61606,0.534807898537,0.876708482378,-9.90927219391e-07,1.93267712389,59.6415618304,5.98962914627,9.93722,True
281,asc,64435.633542,2035-04-18,167065938.029,0.918877039634,21.49671,0.854958676839,0.336720469924,1.13062560558e-06,1.92233507952,61.946263756,11.4606094647,21.38605,True
231,desc,64439.012489,2035-04-22,167357879.049,1.0251705712,178.77697,-1.02493702188,0.0218815270566,2.66544520855e-06,0.482996091456,28.3312152267,-10.2729572834,19.07078,True
97,desc,64439.6733375,2035-04-22,167414976.357,0.958853877614,167.42493,-0.935852493821,0.208760313339,-1.25728547573e-06,0.665046187011,14.1438351936,-4.99757969883,8.02751,True
102,asc,64442.4862411,2035-04-25,167658011.23,1.12161431679,161.20276,-1.06179277371,0.361406670287,-7.76723027229e-07,0.879603989983,20.4508496687,12.077355412,26.06566,True
286,desc,64442.5614365,2035-04-25,167664508.117,0.939039062276,61.00265,0.455217184464,0.821323124871,-3.74391674995e-07,1.87289227408,58.082316646,-5.92973105129,10.38842,True
295,desc,64442.5857406,2035-04-25,167666607.986,1.05389155892,264.2559,-0.105479374036,-1.04859979002,-2.003274858e-06,0.943740827585,32.7998009905,-7.47163829581,12.40454,True
240,desc,64442.7926898,2035-04-25,167684488.397,1.03341884521,317.21706,0.758459302285,-0.701921645495,-8.38190317154e-07,1.64183644827,52.5212944482,-15.4753856757,28.00194,True
165,asc,64448.6545947,2035-05-01,168190956.983,0.842908631509,303.99962,0.471343890367,-0.698806051838,1.53109431267e-06,1.29445045291,20.0379362643,6.67434326375,19.13504,True
69,asc,64450.2401543,2035-05-03,168327949.335,3.6946659722,226.5645,-2.54022162259,-2.68287732747,-3.06405127048e-07,2.70517634614,19.6340075673,1.10851134461,6.24493,False
162,desc,64451.829749,2035-05-04,168465290.316,1.03395903928,276.44687,0.116094815737,-1.02742069702,-5.49480319023e-07,0.985470904518,26.315927885,-7.5407019947,16.72622,True
221,asc,64457.5658335,2035-05-10,168960888.013,2.82347092801,285.28603,0.744373836977,-2.72358140545,4.3073669076e-08,2.49494422992,24.7381133772,0.377744821955,1.67978,False
65,desc,64457.9808724,2035-05-10,168996747.372,0.751380810236,276.9752,0.0912474727168,-0.745819697189,7.9395249486e-07,0.809661614006,46.2509945618,-3.19493804308,5.05883,False
198,asc,64458.0674519,2035-05-11,169004227.843,0.356829085783,38.83283,0.277962292441,0.223749771936,-1.85705721378e-06,1.36531791145,88.4537590805,33.5745236902,34.03784,False
239,desc,64458.1522487,2035-05-11,169011554.29,1.04562423427,28.83489,0.915980585364,0.504291192195,2.82377004623e-06,2.03545040791,48.3897360362,-12.5138674515,36.24349,True
37,asc,64459.8426528,2035-05-12,169157605.203,0.968429042528,272.66887,0.0450936645301,-0.967378608318,-3.68803739548e-06,0.776597812552,28.6438780323,10.5805039619,24.92726,True
60,asc,64463.1046451,2035-05-16,169439441.336,1.02936763287,244.89558,-0.436729064741,-0.932129522985,-1.76206231117e-06,0.271070632207,18.5306664718,10.5584570085,38.87863,True
261,desc,64463.961547,2035-05-16,169513477.661,1.4335818743,211.55547,-1.22160373667,-0.750227499404,1.74343585968e-06,0.578900046347,18.4499214366,-8.88001405971,23.24895,True
42,desc,64464.4036891,2035-05-17,169551678.736,0.858103395024,56.20005,0.477358534026,0.71307101087,-1.78813934326e-06,1.86761844928,61.7128214322,-14.2392211932,25.15147,True
174,desc,64464.9839103,2035-05-17,169601809.849,1.03049859255,190.77506,-1.01232958535,-0.192655547217,-1.22934579849e-06,0.710345320085,18.0089322088,-8.58919061664,14.39783,True
196,asc,64465.6692609,2035-05-18,169661024.138,3.59385954997,84.80995,0.325099216978,3.57912516742,-2.73808836937e-07,4.47895060349,39.0699436018,1.69278472357,9.52381,False
76,asc,64467.9895015,2035-05-20,169861492.933,1.24045185344,213.60445,-1.03314537864,-0.686535816464,-2.43540853262e-07,0.463828284472,4.50780526872,1.80379599537,4.09944,True
120,desc,64469.5712248,2035-05-22,169998153.821,2.17267728845,81.43576,0.323551195529,2.14845088927,1.15483999252e-07,3.11709028394,50.127116378,-2.13486113258,7.77266,False
256,desc,64470.4506987,2035-05-23,170074140.365,1.34290533143,178.6164,-1.34251379684,0.0324258305426,-7.07805156708e-07,1.18001029428,17.3433487409,-3.61919221418,8.6717,True
298,desc,64472.7414177,2035-05-25,170272058.486,1.38817749185,318.73493,1.04344632178,-0.915563499953,-1.00582838058e-06,1.56710004165,41.0351359976,-11.5794634644,29.79622,True
156,desc,64472.9992379,2035-05-25,170294334.157,2.69602183858,353.52007,2.67879816395,-0.304260005473,-6.12810254097e-07,3.24771391775,36.1873585192,-5.90361534384,26.05772,False
185,desc,64476.1193544,2035-05-29,170563912.222,0.968277930439,142.05585,-0.763594147947,0.595387376247,8.58679413795e-07,1.52015672692,61.6679812329,-7.52416364873,16.44727,True
133,asc,64476.8724056,2035-05-29,170628975.846,1.11233337075,169.75955,-1.09461428215,0.197750097336,8.29808413982e-07,1.26939895329,17.1394464459,4.26830115966,9.62248,True
50,desc,64477.0766321,2035-05-30,170646621.012,1.82701799435,104.1074,-0.445317864643,1.77191612418,5.51342964172e-07,2.67638758801,51.2623430801,-3.53287222524,10.61149,False
181,desc,64477.7145985,2035-05-30,170701741.313,2.17584690579,88.50377,0.056813912555,2.1751050404,-2.84984707832e-07,3.12575877166,45.7383031805,-1.29916804743,4.68129,False
86,asc,64478.9198342,2035-05-31,170805873.671,0.975293554768,271.0619,0.0180747158778,-0.975126054733,-8.73953104019e-06,0.452702874853,40.9452297629,27.3182479631,55.85289,True
265,desc,64479.8961014,2035-06-01,170890223.159,1.13256209283,321.40332,0.885161403211,-0.70653109229,-2.60770320892e-07,1.31956434129,12.3854917345,-6.00642955827,18.97022,True
82,desc,64483.3042186,2035-06-05,171184684.487,1.06993792245,348.05282,1.04676184228,-0.221487704927,1.14738941193e-06,1.58607458361,40.1222578808,-5.55426068525,9.8289,True
5,desc,64485.4756551,2035-06-07,171372296.599,0.745228928478,115.27177,-0.31814744375,0.673905304829,-3.82401049137e-06,1.63508054788,65.2643015375,-22.0244984538,37.03321,False
66,desc,64488.3021501,2035-06-10,171616505.764,1.0690828208,296.51175,0.477218615118,-0.956661105673,1.73971056938e-06,0.760470801227,19.9760178978,-19.1871168435,38.56598,True
83,desc,64489.0156192,2035-06-11,171678149.497,0.314292058936,335.74474,0.286547718105,-0.129111980694,-3.29595059156e-06,1.01698029448,71.2876939171,-29.0632826163,26.45905,False
15,desc,64493.2915467,2035-06-15,172047589.632,0.986646645761,313.6246,0.680717518987,-0.714209537135,-1.49756669998e-06,0.926044770383,30.5218577164,-9.14218007378,13.83947,True
6,asc,64494.0868509,2035-06-16,172116303.916,0.809115161942,77.51847,0.174869918623,0.789992314421,-2.07684934139e-06,1.82583928572,66.4616465981,14.5761323453,24.37798,True
190,asc,64494.4143692,2035-06-16,172144601.497,1.00185223141,81.65754,0.145358205272,0.991251171875,4.24683094025e-07,2.01853902045,52.114139431,2.93695364564,7.36842,True
257,desc,64494.4557476,2035-06-16,172148176.595,1.12635233597,216.09232,-0.910170240515,-0.663520699022,2.78651714325e-06,0.802544449102,28.7524649348,-8.30153936865,17.74569,True
232,asc,64494.5931489,2035-06-16,172160048.063,0.992879776329,16.90762,0.949962462532,0.288758670904,4.09781932831e-07,1.71446991496,48.0375148463,29.5262440659,55.01316,True
296,asc,64496.2073039,2035-06-18,172299511.059,0.298621849126,37.00648,0.238469685962,0.179742086481,-6.19841739535e-06,1.24828239538,89.2880682384,21.8655694221,18.943,False
260,desc,64496.2738261,2035-06-18,172305258.579,0.946604655406,91.09639,-0.0181127571644,0.94643135074,-5.0812959671e-06,1.95684329052,56.8892276817,-22.7668149963,47.70709,True
180,asc,64497.8107422,2035-06-19,172438048.127,1.03760486721,44.62004,0.738546822571,0.728815786968,2.07871198654e-06,1.9414147236,53.483203562,16.7749105342,31.29757,True
155,desc,64497.8673041,2035-06-19,172442935.075,1.36727507377,106.22318,-0.381988744932,1.3128311872,7.22706317902e-07,2.33671084129,49.6849643457,-7.56772797825,19.00837,True
16,desc,64498.4406122,2035-06-20,172492468.891,1.00712962515,55.51959,0.570160681789,0.830196891584,5.92321157455e-07,1.96453302201,60.6619126481,-14.0741265466,23.15184,True
20,desc,64499.2449352,2035-06-21,172561962.405,1.04965132133,348.07244,1.02698901873,-0.216936515548,8.37258994579e-07,1.38086876638,38.8552099739,-3.201003408,5.31181,True
282,asc,64499.7762874,2035-06-21,172607871.235,1.0209381731,137.24402,-0.74962554686,0.693091835754,-4.23938035965e-06,1.82847505749,54.8547513306,19.0611170789,31.15841,True
49,asc,64503.4963357,2035-06-25,172929283.401,0.199750974798,87.94857,0.00715039746461,0.199622953962,-2.31433659792e-06,1.21764092841,116.683889123,33.728858895,22.80162,False
218,desc,64503.8056241,2035-06-25,172956005.92,0.959395795783,353.91597,0.953992022367,-0.101683401916,-1.49523839355e-06,1.34051589638,47.7846204991,-16.041332705,24.23489,True
294,desc,64506.3201966,2035-06-28,173173264.989,0.832012706109,7.91609,0.8240843127,0.114587035425,-5.02448529005e-07,1.39028285762,38.2377532837,-1.96197007237,3.7759,True
148,asc,64507.6585785,2035-06-29,173288901.18,0.992273117061,48.48253,0.657726628921,0.742968115366,-2.51457095146e-07,1.86548145741,59.0224668839,6.32405377235,9.87177,True
147,asc,64509.1927077,2035-07-01,173421449.945,0.956326535815,18.46202,0.907108024408,0.302845629254,-4.32133674622e-07,1.56420968538,52.5891065403,36.5928596342,70.55951,True
255,asc,64509.2679088,2035-07-01,173427947.321,0.701296907974,299.46913,0.345006208762,-0.610563730539,4.0465965867e-07,0.491350101862,22.5206534516,1.40643439693,1.97262,False
297,asc,64509.4084669,2035-07-01,173440091.538,0.9578518783,81.11844,0.147885064281,0.946366857263,-1.30711123347e-06,1.96378626367,51.6509606229,9.87166031563,24.30945,True
106,asc,64510.8381621,2035-07-02,173563617.203,1.61146583978,190.01269,-1.58692203684,-0.280179588434,2.27987766266e-06,1.8340414578,38.5848838518,13.6126871383,40.78349,False
203,asc,64512.3852532,2035-07-04,173697285.874,0.830163828646,197.06965,-0.793593979686,-0.243681303752,-7.55302608013e-07,1.19321166001,40.4061537117,3.36743921846,4.84751,True
81,desc,64513.243421,2035-07-05,173771431.575,0.883137983233,310.14228,0.569348379876,-0.675111190666,-2.38046050072e-06,0.548711711019,36.5800606958,-7.20238227673,17.0676,True
193,desc,64513.2844532,2035-07-05,173774976.755,1.45761302631,11.10298,1.43033037231,0.280696919282,-1.83656811714e-06,1.82819687884,48.3840432577,-8.75327658469,23.07163,True
26,asc,64513.8019867,2035-07-05,173819691.652,0.351985044212,161.99674,-0.334751480664,0.108788407204,-5.82076609135e-06,1.21517384581,72.5857951717,19.7756101381,19.2213,False
175,desc,64515.8144739,2035-07-07,173993570.541,2.57691493492,300.97348,1.32618677522,-2.20946129612,7.48783349991e-07,1.66606667747,16.2142515162,-3.1747502084,13.20499,False
153,asc,64516.7983673,2035-07-08,174078578.934,1.38316866462,272.10936,0.0509102355369,-1.38223142155,1.19674950838e-07,0.408070713242,14.474133644,0.483516059975,1.52282,True
89,desc,64517.4270174,2035-07-09,174132894.3,0.93669075282,188.869,-0.925491141955,-0.144415070478,-5.96046447754e-08,1.41567328123,41.1804514821,-8.87722380854,15.31841,True
228,desc,64519.0863485,2035-07-11,174276260.507,0.922043696021,140.05713,-0.706917061839,0.591973686116,-1.28895044327e-06,1.84091921402,60.1597892101,-4.46359775662,7.15733,True
96,desc,64519.473246,2035-07-11,174309688.458,1.07362202787,312.16563,0.720696788728,-0.795776600214,-1.37090682983e-06,0.520664411604,22.4311508112,-6.58043265602,10.84584,True
92,asc,64520.5265844,2035-07-12,174400696.891,0.947047464663,157.57903,-0.875456833689,0.361212171266,-9.33185219765e-07,1.7587226097,58.6243378792,4.06651907787,6.01513,True
45,desc,64523.1059005,2035-07-15,174623549.804,0.983536260425,344.09288,0.945873960071,-0.269566368881,2.56299972534e-06,0.957918294843,27.6624704608,-20.6465545151,37.98278,True
35,asc,64523.3446994,2035-07-15,174644182.025,1.02047449808,38.30847,0.800750766613,0.632587077797,3.40375117958e-06,1.68163634135,52.0656007676,20.450003257,44.05781,True
269,asc,64523.9751642,2035-07-15,174698654.186,0.880053504877,104.47484,-0.219973634983,0.852118402194,2.58535146713e-06,1.89770970918,62.4268593323,7.78501704125,13.47265,True
208,asc,64525.1388936,2035-07-17,174799200.41,1.0850889046,72.98582,0.317506095051,1.03759713304,4.63798642159e-07,2.00122347732,57.1971862533,1.93511346761,3.41388,True
280,desc,64525.6172312,2035-07-17,174840528.776,1.9976105856,344.91856,1.9288068168,-0.519761786953,-2.68220901489e-07,1.65156343998,29.0083710906,-10.0949491123,36.78219,False
128,desc,64528.0385106,2035-07-20,175049727.313,0.960298827468,93.62643,-0.0607397584824,0.958375980383,-7.43195414543e-07,1.95422041529,56.7362913597,-4.10171476355,8.54804,True
54,asc,64528.4961418,2035-07-20,175089266.653,0.970247715595,18.12085,0.922125964338,0.30176867881,-4.80562448502e-07,1.35718951745,47.6738821748,10.2961503773,17.99169,True
113,asc,64530.6320197,2035-07-22,175273806.498,0.294130951052,38.76304,0.229346258503,0.184155668058,-8.64267349243e-07,1.12903402076,94.9839733439,10.0574574107,8.41081,False
172,asc,64535.7908923,2035-07-27,175719533.097,1.53611639021,116.63182,-0.688572773593,1.37314278199,-1.18464231491e-06,2.55339368249,50.5530546852,6.32760468852,17.25133,True
55,desc,64536.9937479,2035-07-28,175823459.821,2.29036893089,122.02023,-1.21439634569,1.9419143532,1.48266553879e-06,3.3077019453,44.1004113331,-5.90286984603,22.71515,False
130,desc,64537.0403058,2035-07-29,175827482.421,0.99099527501,284.69532,0.251394626892,-0.958578310136,7.00354576111e-07,0.272325818426,7.74575001777,-3.34168814815,5.43674,True
281,desc,64537.0973251,2035-07-29,175832408.885,0.962405031711,201.49671,-0.895458801345,-0.352671206872,-2.25286930799e-06,1.50343966489,55.6861080757,-10.9422650031,21.38605,True
168,asc,64538.3109208,2035-07-30,175937263.559,1.02769076006,3.07513,1.02621093663,0.0551308610341,-7.59959220886e-07,1.04823588798,37.1845444673,13.6375614062,23.65377,True
65,asc,64538.3788479,2035-07-30,175943132.457,0.940761703778,96.9752,-0.114245834774,0.933798946525,7.8184530139e-07,1.91380529003,55.8292882824,2.55177812386,5.05883,True
80,asc,64541.5093634,2035-08-02,176213608.996,0.9590687743,115.78687,-0.417218672319,0.863563253796,-2.56299972534e-06,1.97067140185,64.7088043272,13.5254014341,23.55872,True
134,desc,64542.6151426,2035-08-03,176309148.322,1.01735989839,164.3211,-0.979505293399,0.274937343874,1.37835741043e-06,1.91893894348,54.2950754605,-20.2209635352,38.14572,True
78,desc,64543.1716769,2035-08-04,176357232.884,1.03098586634,99.53942,-0.170861307929,1.01672920192,1.40815973282e-06,1.99351383353,56.5112800082,-19.4068629427,36.0152,True
290,asc,64549.7952275,2035-08-10,176929507.652,1.55122175286,21.40878,1.44418728321,0.566226118753,8.10250639915e-07,1.5203538644,13.3491445857,2.58696773804,7.30064,True
229,asc,64550.4892085,2035-08-11,176989467.612,0.99013462152,39.09556,0.768438803808,0.624394405432,1.00024044514e-06,1.36926799759,44.9826839173,12.8157788281,24.832,True
70,asc,64552.9436617,2035-08-13,177201532.375,3.07752902342,306.75571,1.84160706013,-2.4656983445,-4.09781932831e-07,2.07885846788,17.8958204127,1.65412262748,8.18219,False
133,desc,64556.3509242,2035-08-17,177495919.848,0.769079280014,349.75955,0.7568281112,-0.136726548426,6.74277544022e-07,0.534239856556,16.2632679234,-6.17332171038,9.62248,False
37,desc,64557.7525783,2035-08-18,177617022.761,0.50779561716,92.66887,-0.0236448559518,0.507244822146,-2.54064798355e-06,1.40954321393,68.3569839593,-20.1783295779,24.92726,False
49,desc,64559.8746428,2035-08-20,177800369.136,1.15710856194,267.94857,-0.041420504385,-1.15636696854,1.28522515297e-06,0.994923121154,46.4556021652,-5.82259319887,22.80162,True
104,asc,64559.9313226,2035-08-20,177805266.269,1.41485729888,68.67554,0.514511361748,1.31799060498,3.53902578354e-07,1.96266383,49.2834108068,9.70027179905,24.75984,True
83,asc,64563.7434223,2035-08-24,178134631.685,0.961756022516,155.74474,-0.876856369071,0.395091830928,-4.02331352234e-07,1.96791743474,50.4259285417,9.49758433433,26.45905,True
222,asc,64564.3903004,2035-08-25,178190521.954,0.875058528711,288.01435,0.270616383945,-0.832162364812,3.40491533279e-06,0.633481618826,26.8503701944,12.136436152,21.61632,True
207,desc,64564.79699,2035-08-25,178225659.932,0.927758079007,123.58001,-0.513143843863,0.772928488716,-2.45310366154e-06,1.90189324828,65.424833388,-8.23473192107,13.53154,True
26,desc,64566.1784413,2035-08-27,178345017.331,0.886596595788,341.99674,0.843187879918,-0.274021391176,-1.86637043953e-06,0.26270591177,16.5701678162,-7.85105542005,19.2213,True
272,desc,64566.7401466,2035-08-27,178393548.665,0.377079538072,199.28184,-0.355927510748,-0.124517408924,-9.40635800362e-08,1.2855092883,81.3581179269,-2.81705187478,2.63724,False
81,asc,64566.7685103,2035-08-27,178395999.291,0.378024734515,130.14228,-0.24370797569,0.288979449944,2.62912362814e-06,1.37685789619,84.914280752,16.8261406665,17.0676,False
34,desc,64567.7114406,2035-08-28,178477468.47,1.49137762934,86.7232,0.0852468131494,1.48893929162,2.51922756433e-07,2.15203530237,39.8975885165,-1.2262093962,2.79844,True
244,desc,64568.6438237,2035-08-29,178558026.369,1.00502404508,254.90308,-0.261761133827,-0.970337281567,2.57417559624e-06,1.23547616962,43.1675598098,-11.5681335856,19.45987,True
226,desc,64568.711494,2035-08-29,178563873.085,1.08756757241,330.72865,0.948700280855,-0.531762166447,4.39584255219e-06,0.075038866027,22.3446400781,-19.8913863391,45.86726,True
109,asc,64570.9066499,2035-08-31,178753534.549,1.08960927484,325.49909,0.897965736579,-0.617175751093,-7.93486833572e-07,0.151268338041,11.3571655996,3.81134462922,8.88522,True
249,desc,64571.5399263,2035-09-01,178808249.63,2.61882885595,131.52793,-1.73624441473,1.96054071854,6.10947608948e-07,3.57887023688,44.5795227632,-4.00917775061,17.09824,False
210,asc,64573.3917083,2035-09-03,178968243.6,0.858329658611,331.11156,0.751520846513,-0.414663984581,-2.05263495445e-06,0.165702012928,12.8361615753,12.7256712527,22.32417,True
103,asc,64576.6002947,2035-09-06,179245465.461,0.738472615075,311.92731,0.493437989751,-0.549418559466,6.40051439404e-07,0.476449506511,9.60329978763,2.91050465573,4.69797,False
183,asc,64577.7177099,2035-09-07,179342010.138,1.02771345831,322.74951,0.818056650813,-0.622075773881,2.6635825634e-07,0.291361140897,11.0999207528,10.5899507625,21.47,True
57,desc,64578.6522477,2035-09-08,179422754.198,1.01208037462,351.12615,0.999966150294,-0.15612297385,4.49828803539e-06,0.194996113737,30.241748353,-27.8206397933,55.89453,True
42,asc,64579.8964136,2035-09-09,179530250.135,1.01903071268,236.20005,-0.566881578555,-0.846799190652,4.28408384323e-07,1.61040771391,52.6261097991,11.9905356102,25.15147,True
113,desc,64580.2276459,2035-09-10,179558868.602,1.06618001427,218.76304,-0.831345345634,-0.667536320459,-1.63912773132e-07,1.82313016397,63.8078116948,-2.7745872871,8.41081,True
250,desc,64580.3084848,2035-09-10,179565853.087,1.59188179794,119.94859,-0.794703588072,1.37932369867,-1.29453837872e-07,2.44009491612,53.4616851399,-1.07650301003,3.77164,True
60,desc,64581.3343294,2035-09-11,179654486.059,0.202180935107,64.89558,0.0857791598236,0.183082129823,5.41331246495e-06,1.0025381991,90.1425863876,-53.7564725967,38.87863,False
6,desc,64583.0129572,2035-09-13,179799519.504,1.06694514054,257.51847,-0.230593392235,-1.04172866927,3.12738120556e-06,1.42654837688,55.7354183163,-11.0537732775,24.37798,True
260,asc,64584.5779676,2035-09-14,179934736.397,0.967245848612,271.09639,0.0185077149939,-0.967068764951,-6.80144876242e-06,1.19921033553,56.1759610187,22.2809672383,47.70709,True
124,desc,64589.23266,2035-09-19,180336901.828,1.03640075796,296.62205,0.464414460419,-0.926523469778,5.51342964172e-07,0.923275696082,38.4139186968,-9.78273170055,16.18609,True
286,asc,64589.7033082,2035-09-19,180377565.825,1.25668003261,241.00265,-0.609199733215,-1.0991452995,2.04890966415e-07,1.85743968776,50.8463829791,4.43092031501,10.38842,True
79,desc,64590.9712859,2035-09-20,180487119.098,1.03094297251,84.506,0.0987040413956,1.02620705746,-1.6822014004e-06,1.47232126594,44.7044686227,-5.06486646039,9.02376,True
44,asc,64591.6328945,2035-09-21,180544282.083,0.995912089171,203.55397,-0.912936741525,-0.397979139316,-1.09896063805e-06,1.93028915917,45.7876779339,7.22742360585,20.2845,True
190,desc,64591.6978468,2035-09-21,180549893.966,0.421484168585,261.65754,-0.0611529129497,-0.41702425062,-8.79867002368e-07,1.09853389033,64.567910805,-6.98102985294,7.36842,False
40,desc,64592.2464393,2035-09-22,180597292.354,2.80305964086,67.76284,1.06079323724,2.594583022,3.24100255966e-07,2.71379339707,37.0302523437,-2.13002799811,9.28064,False
292,desc,64592.41476,2035-09-22,180611835.263,1.60443544158,306.7835,0.960724678639,-1.28499851286,-1.80676579475e-07,1.16999745137,30.9147662214,-0.839969419572,2.51747,False
112,desc,64593.3842686,2035-09-23,180695600.804,0.999106012836,180.98343,-0.998958845118,-0.0171479049771,-7.65174627304e-06,2.00204920137,52.031582394,-26.9632522409,62.10129,True
149,asc,64596.0874123,2035-09-26,180929152.424,1.62209030241,111.23173,-0.587425126779,1.51198831662,4.20957803726e-07,2.23208212579,52.783247351,2.45625485534,6.50656,False
263,asc,64596.3507447,2035-09-26,180951904.346,2.37699735755,144.35835,-1.93173199387,1.38510936091,2.60770320892e-08,3.26731629971,41.2601125919,1.18164732105,4.64461,False
296,desc,64597.6118037,2035-09-27,181060859.84,0.964497486906,217.00648,-0.770216290224,-0.580536190535,-9.31322574615e-09,1.85928220942,46.3259211246,-6.76988469296,18.943,True
200,asc,64599.7703566,2035-09-29,181247358.811,1.84728684772,194.71649,-1.78668601148,-0.469277949763,1.18464231491e-06,2.83194922205,51.4158746168,5.17462557721,16.07668,False
163,asc,64600.1612379,2035-09-30,181281130.951,0.683582396636,165.54034,-0.661929024906,0.170689363984,-4.57651913166e-06,1.67321875948,69.758948469,17.3216173055,26.60392,False
76,desc,64600.7085756,2035-09-30,181328420.935,0.995075052713,33.60445,0.828776376336,0.550730495396,-4.39584255219e-07,0.553028218946,6.67920832939,-2.24859630394,4.09944,True
176,asc,64600.8865393,2035-09-30,181343796.994,1.12257253827,305.16698,0.646558331253,-0.917677191587,-1.17346644402e-07,1.01197765857,23.6748063386,1.56329308849,2.63958,True
102,desc,64602.2573642,2035-10-02,181462236.269,1.02535859846,341.20276,0.970670875014,-0.330391143706,-1.35973095894e-07,0.384343767666,21.9455046052,-13.2111192702,26.06566,True
283,asc,64603.3158095,2035-10-03,181553685.943,1.89629072618,111.95181,-0.708883972846,1.7588069909,7.45058059692e-07,2.40269311542,44.3718424087,2.56689524656,8.07603,False
254,asc,64603.4971335,2035-10-03,181569352.331,0.880093337893,13.78257,0.85475263391,0.209671691527,8.66129994392e-08,0.199321389761,12.7798778349,4.0149332284,5.85396,True
236,asc,64604.6099816,2035-10-04,181665502.412,0.967168080872,179.32276,-0.967100518196,0.0114317261156,-6.28083944321e-06,1.96749160449,54.0170954428,37.2320894913,75.65689,True
117,asc,64605.9869049,2035-10-05,181784468.586,0.966675213046,278.65037,0.145392324676,-0.955678836976,-2.76789069176e-06,1.36834213277,39.8827266856,9.49244516511,18.68411,True
142,asc,64609.0368174,2035-10-09,182047981.02,1.04409208627,34.03403,0.865244647466,0.584362887801,-4.45987097919e-07,0.433948165734,30.4378348074,3.03135262074,6.0672,True
162,asc,64610.1134568,2035-10-10,182141002.664,0.689498332152,96.44687,-0.0774181362908,0.685138221247,-2.48569995165e-06,1.17277641535,48.4057125089,11.3078982593,16.72622,False
91,desc,64611.6340127,2035-10-11,182272378.693,2.25559071347,39.82254,1.73236505013,1.44450711311,-2.09547579288e-09,1.44519240136,9.91144625587,-0.242677225285,0.83203,False
209,asc,64613.2906225,2035-10-13,182415509.787,2.25922083698,50.12548,1.44840546106,1.73383978805,-1.82539224625e-07,1.56882773084,25.7041703339,2.91803999648,10.99257,False
86,desc,64614.8920717,2035-10-14,182553874.997,1.45650864537,91.0619,-0.0269928780007,1.45625849992,-4.67151403427e-06,1.54887801631,22.5954073469,-18.2925870372,55.85289,True
98,desc,64617.0231012,2035-10-17,182737995.944,1.21233878376,131.66594,-0.805946325021,0.905657687972,5.87664544582e-07,1.8599446811,56.6434536791,-2.30025447,5.52413,True
297,desc,64618.7598742,2035-10-18,182888053.132,0.431221678467,261.11844,-0.0665773561489,-0.42605116081,-6.48386776447e-06,1.26071525589,71.3356136911,-21.9274420732,24.30945,False
153,desc,64619.0821256,2035-10-19,182915895.652,0.48110636005,92.10936,-0.017708063185,0.480780359602,-3.48431058228e-07,0.969888232082,45.1351754475,-1.3900964912,1.52282,False
293,desc,64620.153896,2035-10-20,183008496.617,0.978457343952,231.88447,-0.603951964766,-0.769818678773,-1.45751982927e-07,1.9036523298,46.1511210394,-0.788259988864,2.35416,True
288,asc,64620.1746698,2035-10-20,183010291.474,0.997348247071,83.16315,0.11872690185,0.990256254064,-1.07288360596e-06,1.03571301438,30.573978242,5.49134655979,9.33904,True
299,desc,64620.9815634,2035-10-20,183080007.08,1.0625655439,337.86367,0.984243719779,-0.400387106644,2.64495611191e-07,0.767101885457,10.3945721237,-5.00757311207,11.16926,True
279,desc,64622.4053557,2035-10-22,183203022.734,1.28699143964,358.12913,1.28630540028,-0.0420164600216,5.67175447941e-07,0.564741136945,6.78133245667,-2.98287065544,7.14292,True
212,desc,64625.7961433,2035-10-25,183495986.778,3.45223187737,234.49466,-2.00498318797,-2.81032869094,-1.54599547386e-07,4.3555405462,37.2947770507,-0.67460605286,3.85786,False
238,desc,64625.8538198,2035-10-25,183500970.03,0.945692883776,233.30016,-0.565167731271,-0.758235099395,1.67079269886e-06,1.88855300636,66.0262881092,-6.8376475451,10.90394,True
230,asc,64626.1083755,2035-10-26,183522963.647,1.14770292761,87.66314,0.0467971212241,1.14674846391,7.41332769394e-07,1.09840864264,44.543942314,3.44067547343,8.26679,True
62,asc,64626.9367359,2035-10-26,183594533.986,3.00211809026,9.79921,2.95831792361,0.510948227042,-5.51342964172e-07,2.07396449607,17.9118630683,4.90938709618,23.72574,False
32,asc,64628.7203337,2035-10-28,183748636.835,3.24807511867,58.16545,1.71325631851,2.75948269855,-5.51342964172e-07,2.42627734632,20.3613133174,2.29462969561,11.6234,False
94,desc,64629.0849164,2035-10-29,183780136.776,1.03989362733,273.21843,0.0583823992744,-1.03825346212,-2.17161141336e-06,1.72882592834,56.785600405,-15.6296755857,24.8525,True
48,desc,64629.8038095,2035-10-29,183842249.137,1.20162663851,264.58326,-0.113432570257,-1.19626068664,-1.75088644028e-07,1.95645990007,37.7812039979,-2.0603677392,5.9548,True
248,desc,64629.9392848,2035-10-29,183853954.211,0.942911038361,159.42683,-0.882776123735,0.331342031181,-1.29267573357e-06,1.75043306041,63.9350188782,-5.67603312176,8.97249,True
30,desc,64630.0526056,2035-10-30,183863745.122,1.19478123099,215.50297,-0.972653975199,-0.693863411958,8.475035429e-08,2.18807064901,56.5309374057,-2.77079219232,6.35218,True
270,desc,64631.7284616,2035-10-31,184008539.081,2.17646144057,270.70575,0.0268082367066,-2.17629633109,1.67638063431e-08,2.82545272264,43.7443264073,-1.89341219565,7.03616,False
256,asc,64632.0847062,2035-11-01,184039318.616,1.03864715568,358.6164,1.03834432995,-0.0250792039286,7.16187059879e-07,0.593340399414,27.917048987,4.67938750259,8.6717,True
186,asc,64632.4343533,2035-11-01,184069528.127,1.06766146257,292.44372,0.407607252995,-0.986791429823,2.36090272665e-06,1.58476953371,40.6007482314,14.6685065693,30.12309,True
227,asc,64632.7278858,2035-11-01,184094889.337,1.80812331791,350.18774,1.78167310449,-0.308141009142,2.44379043579e-06,1.27446849324,14.8821617995,7.99329272212,25.31356,False
136,desc,64633.0443691,2035-11-02,184122233.491,1.16905146814,110.33711,-0.406295703052,1.09617751155,2.1830201149e-06,1.35264309588,34.3990812096,-10.9042191164,24.09941,True
242,desc,64634.8967429,2035-11-03,184282278.589,2.00417134187,97.35076,-0.256420308873,1.98770002585,-3.53902578354e-08,1.77190736419,18.0191730594,-0.575769049884,1.91954,False
191,asc,64636.0670196,2035-11-05,184383390.494,1.02278242989,359.93571,1.02278178602,-0.001147635466,-4.40515577793e-07,0.632008472524,5.60087856663,2.04527799682,5.04225,True
68,asc,64637.9212628,2035-11-06,184543597.11,1.27655297873,139.30103,-0.967813609643,0.832420761688,4.20957803726e-07,1.76087059673,40.6484135963,5.92183412681,13.91996,True
195,desc,64639.934449,2035-11-08,184717536.395,0.885563410551,234.20354,-0.517972735968,-0.718280445857,-3.22237610817e-07,1.86444498351,61.5229043025,-10.8102712678,19.42916,True
97,asc,64642.803303,2035-11-11,184965405.381,2.15554392783,347.42493,2.10383584767,-0.469301982601,3.35276126862e-07,1.79532814195,38.5883390981,2.22308096395,8.02751,False
253,asc,64643.2071507,2035-11-12,185000297.817,1.22162503872,116.68273,-0.548570356743,1.09153025561,-1.4454126358e-06,1.33115035508,44.6257909111,15.7073466165,38.24694,True
169,asc,64643.322144,2035-11-12,185010233.243,2.33747977289,41.67682,1.74588059293,1.5542562993,6.92903995514e-07,1.34678513285,20.4110935843,3.44793824589,12.81196,False
241,desc,64644.8400968,2035-11-13,185141384.366,0.333243651154,33.02113,0.27941468906,0.18160055774,-2.99885869026e-07,0.669342647128,45.4616418472,-32.651708893,31.4187,False
128,asc,64645.3698722,2035-11-14,185187156.959,0.673285881758,273.62643,0.0425859333343,-0.671937732871,-6.32368028164e-07,1.52675561158,65.0372607985,5.85022200045,8.54804,False
29,desc,64648.3613578,2035-11-17,185445621.318,1.576537435,344.28075,1.5175761597,-0.427121626093,-3.18884849548e-06,1.45613128694,20.5640070092,-16.1960752222,51.3362,True
85,asc,64649.9314344,2035-11-18,185581275.932,2.59709022878,338.02633,2.4084269603,-0.971780445016,1.54972076416e-06,2.48223220408,26.9808500372,9.35071607275,42.72023,False
60,asc,64651.1644038,2035-11-20,185687804.492,1.02936763287,244.89558,-0.436729064741,-0.932129522985,-1.18091702461e-06,2.00553060089,46.0386294201,10.5584570085,38.87863,True
298,asc,64652.3986898,2035-11-21,185794446.799,1.02542621207,138.73493,-0.770778387867,0.676313236008,-4.30271029472e-06,1.37350240799,37.1593717197,15.6757749702,29.79622,True
233,asc,64652.5689393,2035-11-21,185809156.36,3.04066786988,306.8226,1.82239204433,-2.43403950906,-8.75443220139e-08,3.44950963716,37.0517985663,2.07893250522,10.12318,False
74,asc,64654.6235421,2035-11-23,185986674.034,2.75556706932,294.72295,1.15246342218,-2.50299379426,-3.94880771637e-07,3.36502255798,37.234068747,1.19266995363,5.40987,False
44,desc,64657.4986005,2035-11-26,186235079.083,0.321353249283,23.55397,0.294579402608,0.128416846182,1.62050127983e-06,0.745640097011,52.3786735711,-22.3986487104,20.2845,False
103,desc,64658.5229724,2035-11-27,186323584.814,0.818163742333,131.92731,-0.546686585342,0.608708211441,-3.92319634557e-07,1.08240302419,27.4440352813,-2.62701446312,4.69797,True
35,desc,64658.6284172,2035-11-27,186332695.243,1.00999867392,218.30847,-0.792530547253,-0.626093166383,-4.77745197713e-06,1.96537111642,53.6134939177,-20.6621130782,44.05781,True
105,desc,64661.4918246,2035-11-30,186580093.644,1.03264242452,336.83722,0.949402207614,-0.406184471749,1.84401869774e-06,1.3671102581,38.3105348777,-18.1932652265,37.1231,True
273,desc,64662.3581883,2035-12-01,186654947.468,1.07044645389,54.38229,0.62340047217,0.870188176172,-3.70666384697e-07,0.173172938338,7.9980893803,-4.83636255101,10.31047,True
109,desc,64665.9021286,2035-12-04,186961143.912,0.650819028605,145.49909,-0.536351150727,0.368636475553,-1.47148966789e-07,1.07391784559,38.8033912705,-6.38100036272,8.88522,False
293,asc,64666.5195813,2035-12-05,187014491.822,0.249352319236,51.88447,0.153912507329,0.196182362093,-7.64848664403e-08,0.748809920784,57.2366288608,3.09312853961,2.35416,False
193,asc,64667.0115106,2035-12-06,187056994.513,1.01241835307,191.10298,-0.993468563845,-0.19496444365,8.86619091034e-07,1.76117017152,49.3334832385,12.6023890559,23.07163,True
255,desc,64669.2961269,2035-12-08,187254385.364,1.36051847046,119.46913,-0.669313259628,1.1844957868,-2.74740159512e-08,1.04107931152,18.4505726709,-0.724964868357,1.97262,True
171,desc,64674.183008,2035-12-13,187676611.895,1.10547324972,319.50669,0.840692277525,-0.71784928805,-7.264316082e-07,1.76784638572,34.5666524455,-6.67948062789,18.03421,True
25,desc,64674.7818829,2035-12-13,187728354.684,1.89049657962,40.68627,1.43354574631,1.23244631153,1.96695327759e-06,1.21834154588,15.6226352813,-7.42377386717,24.53703,False
155,asc,64676.4899248,2035-12-15,187875929.5,0.974045835208,286.22318,0.272128522809,-0.935260047346,-1.79558992386e-06,1.89653481076,61.9409495264,10.6228736428,19.00837,True
141,desc,64677.0305181,2035-12-16,187922636.765,1.54092781179,127.34369,-0.934718797627,1.22505481123,1.00582838058e-07,1.17371157339,33.7581069927,-0.980504112819,3.20528,True
294,asc,64679.3327273,2035-12-18,188121547.635,0.59322375123,187.91609,-0.587570819196,-0.081700376086,7.37607479095e-07,1.29594719822,64.2764686926,2.75171724974,3.7759,False
9,desc,64680.3495933,2035-12-19,188209404.862,1.15289665413,157.13487,-1.06230440351,0.447973268621,-2.57045030594e-07,1.32300495209,43.5812546883,-6.26603487675,13.33676,True
163,desc,64681.1304664,2035-12-20,188276872.293,0.930264172066,345.54034,0.900796830567,-0.23228538454,-1.95950269699e-06,1.42744684198,55.8209434332,-12.7283765482,26.60392,True
296,asc,64681.1326172,2035-12-20,188277058.126,0.298621849126,37.00648,0.238469685962,0.179742086481,5.25848008692e-06,0.801184530973,53.5628318681,21.8655694221,18.943,False
83,desc,64685.6780702,2035-12-24,188669785.267,0.314292058936,335.74474,0.286547718105,-0.129111980694,5.05615025759e-06,1.1343011587,78.0585628677,-29.0632826163,26.45905,False
80,desc,64686.017523,2035-12-25,188699113.99,1.55816682345,295.78687,0.677841162963,-1.40300221222,2.36555933952e-06,2.46587499779,55.367258109,-8.32503296824,23.55872,True
89,asc,64686.663978,2035-12-25,188754967.697,1.38246902593,8.869,1.36593943484,0.213143303926,-2.9057264328e-07,1.53125212369,40.9046154302,6.01475569882,15.31841,True
272,asc,64687.120781,2035-12-26,188794435.482,1.47711678813,19.28184,1.39425889873,0.487766469847,2.714805305e-07,1.44740318839,36.9922283053,0.71913922325,2.63724,True
8,asc,64687.8973935,2035-12-26,188861534.8,0.984359192853,310.13923,0.634564412045,-0.752523107632,-6.56954944134e-06,1.84147924095,58.1367137062,24.0950622004,42.03945,True
250,asc,64688.9189434,2035-12-27,188949796.712,0.503501498714,299.94859,0.251359396247,-0.436270802513,-3.6833807826e-07,1.44163178089,84.524715995,3.40349641755,3.77164,False
241,asc,64691.4957936,2035-12-30,189172436.564,0.933305181083,213.02113,-0.782548072762,-0.508603062173,-1.12503767014e-06,1.664998087,36.3415523199,11.6585388236,31.4187,True
240,asc,64693.2838003,2036-01-01,189326920.342,1.78093344793,137.21706,-1.30708429268,1.2096506098,3.79979610443e-07,1.25474135888,19.4118815146,8.97987244428,28.00194,False
48,asc,64693.8371607,2036-01-01,189374730.688,0.437984630705,84.58326,0.0413453903249,0.436028778216,-5.4994598031e-07,0.558011772534,41.2457745881,5.65269323851,5.9548,False
191,desc,64697.541199,2036-01-05,189694759.593,0.464185077112,179.93571,-0.464184784896,0.000520849050225,-9.28528606892e-07,1.02209935475,47.1368312812,-4.50655245617,5.04225,False
300,asc,64698.0538363,2036-01-06,189739051.457,0.484694683609,229.11004,-0.317285189351,-0.366413761937,-3.86126339436e-06,1.34696179897,84.7343479874,17.2437202598,20.38021,False
37,asc,64698.6325081,2036-01-06,189789048.696,0.968429042528,272.66887,0.0450936645301,-0.967378608318,-9.64850187302e-07,1.94808791967,54.5720261276,10.5805039619,24.92726,True
150,asc,64699.1487448,2036-01-07,189833651.548,3.2294999232,116.19322,-1.42550021372,2.89786454042,-1.08033418655e-07,2.29983261458,19.354581682,1.47881161112,7.35457,False
118,asc,64699.3042329,2036-01-07,189847085.719,2.0224845962,262.94888,-0.248269806742,-2.00718859226,-1.08778476715e-06,2.97517080568,39.095830482,15.5527260289,68.42022,False
90,asc,64699.8047282,2036-01-07,189890328.516,0.99241301653,294.79736,0.416228195948,-0.900909365183,2.19792127609e-06,1.96130462762,66.4055291194,12.4468257179,20.05615,True
220,asc,64701.386772,2036-01-09,190027017.101,0.589473545808,22.58099,0.544283130621,0.226351352831,-3.66102904081e-06,1.05465615575,39.9558801054,10.6039997741,13.76438,False
246,asc,64703.1547573,2036-01-11,190179771.03,0.95146927941,194.24203,-0.922226005196,-0.234079014442,-1.76951289177e-07,1.3671004897,42.8792379829,6.19587130671,9.59103,True
101,asc,64703.1799647,2036-01-11,190181948.947,1.04606620297,250.069,-0.356591672297,-0.983410840008,-1.95670872927e-06,1.93926122434,62.5067098394,8.09369291327,12.87861,True
229,desc,64703.801457,2036-01-11,190235645.885,1.07136512009,219.09556,-0.831481410134,-0.675619630523,-2.22958624363e-06,1.72480178814,45.4919253198,-11.84409132,24.832,True
7,desc,64705.6075179,2036-01-13,190391689.547,3.11403490945,199.88008,-2.92845838918,-1.05893572993,-1.71363353729e-06,3.31491787663,31.8424029454,-8.20159155781,43.64693,False
142,desc,64710.5920109,2036-01-18,190822349.744,0.97952871162,214.03403,-0.811740636592,-0.548227722568,-5.93834556639e-07,1.52676797056,38.6159641778,-3.23115723353,6.0672,True
24,asc,64713.7802864,2036-01-21,191097816.749,1.02769998786,94.35212,-0.0779878364561,1.02473663076,2.45869159698e-06,0.366031880258,31.9587822843,28.2308188568,64.00427,True
59,asc,64716.7951573,2036-01-24,191358301.59,1.42234476739,10.62092,1.39797732578,0.262152691967,-8.28877091408e-07,1.95922899513,35.920495384,2.99099946794,7.40973,True
190,asc,64716.9595386,2036-01-24,191372504.139,1.00185223141,81.65754,0.145358205272,0.991251171875,6.19795173407e-07,0.626291079894,14.9007159483,2.93695364564,7.36842,True
230,desc,64717.0087458,2036-01-25,191376755.641,0.675246903389,267.66314,-0.0275329185228,-0.674685348095,1.5227124095e-06,1.60171562171,66.6244266006,-5.84804357337,8.26679,False
121,asc,64717.0376873,2036-01-25,191379256.182,0.959455810279,275.18421,0.0866946265778,-0.955531000858,5.66244125366e-07,1.90334230514,65.5570681604,9.03319020886,13.75276,True
54,desc,64717.6839038,2036-01-25,191435089.287,1.50254038139,198.12085,-1.42801830488,-0.467323569498,-1.08778476715e-06,1.63101220452,28.1656868158,-6.64861757243,17.99169,True
299,asc,64720.3603296,2036-01-28,191666332.482,0.709026847822,157.86367,-0.656764400208,0.267169596983,-1.84960663319e-06,0.58493084339,16.3640167456,7.5044755552,11.16926,False
297,asc,64721.0444938,2036-01-29,191725444.262,0.9578518783,81.11844,0.147885064281,0.946366857263,-1.11386179924e-06,0.687770279859,23.0833866226,9.87166031563,24.30945,True
98,asc,64721.0493554,2036-01-29,191725864.305,0.775565876625,311.66594,0.515585640295,-0.579373693316,5.60656189919e-07,1.75441096216,70.5280766395,3.59568128323,5.52413,False
210,desc,64722.4557246,2036-01-30,191847374.605,1.0197680676,151.11156,-0.892870185389,0.492655806562,3.06963920593e-06,0.470919869286,15.5200622625,-10.7110836365,22.32417,True
183,desc,64723.7920388,2036-01-31,191962832.151,0.967442388613,142.74951,-0.770081070637,0.585593647447,-1.76392495632e-06,0.295485573183,11.8047965561,-11.2496982245,21.47,True
104,desc,64726.6258428,2036-02-03,192207672.819,1.05770931836,248.67554,-0.38463487601,-0.985294379517,3.46451997757e-07,1.77316673256,48.1465051134,-12.9756825601,24.75984,True
126,asc,64728.8801929,2036-02-05,192402448.664,0.927817226586,338.65275,0.864160938403,-0.337743509911,3.7020072341e-07,1.85581544436,66.1081942815,1.64851796213,2.42699,True
14,asc,64735.7056064,2036-02-12,192992164.391,0.960929619818,226.433,-0.662274939023,-0.696259749939,5.5693089962e-07,1.36459844087,52.6631634236,5.70989338323,8.85374,True
279,asc,64736.6516121,2036-02-13,193073899.286,0.922131874728,178.12913,-0.921640326191,0.0301048754916,9.83942300081e-07,0.651031044123,11.0774990161,4.16310194269,7.14292,True
194,desc,64736.8571439,2036-02-13,193091657.23,0.981737788651,134.32185,-0.685928576265,0.70236107091,-4.23844903708e-06,0.0741121890858,25.3913184166,-19.4518854523,39.93236,True
172,desc,64737.4572665,2036-02-14,193143507.828,0.999314732356,296.63182,0.44794842457,-0.893292865318,-1.96322798729e-06,1.94740472134,60.3497835979,-9.72660259885,17.25133,True
201,desc,64738.5394206,2036-02-15,193237005.943,0.90279588588,42.60435,0.664499025574,0.611131292419,8.50297510624e-07,1.42422292304,45.7752729951,-4.17932792961,6.40373,True
195,asc,64738.5802436,2036-02-15,193240533.044,0.987212032964,54.20354,0.577427783943,0.800727639313,1.96509063244e-06,1.34842166231,53.2021610677,9.69718801354,19.42916,True
171,asc,64739.5500311,2036-02-16,193324322.69,0.451619450189,139.50669,-0.343448368607,0.293263270613,-1.04866921902e-06,0.535798332134,35.193307073,16.3500202506,18.03421,False
239,asc,64741.3023211,2036-02-18,193475720.545,0.375111652701,208.83489,-0.328602742704,-0.180911551538,-1.35414302349e-06,0.900427320103,67.6812166214,34.8824222799,36.24349,False
30,asc,64741.5643175,2036-02-18,193498357.03,0.873522723438,35.50297,0.711122109505,0.507294089987,1.13155692816e-07,1.50593843349,62.1900346375,3.78981612903,6.35218,True
228,asc,64743.5578474,2036-02-20,193670598.013,1.84663831709,320.05713,1.41578987962,-1.18558512597,-7.07805156708e-08,2.83159821743,48.0203341054,2.22871589687,7.15733,False
184,desc,64743.6346986,2036-02-20,193677237.958,2.73612008346,241.82536,-1.2918882098,-2.4119241208,-2.16066837311e-07,3.00979765597,44.0046782367,-2.38263673551,10.13806,False
174,asc,64744.7383015,2036-02-21,193772589.25,2.32642414111,10.77506,2.28540631025,0.434933651732,5.96046447754e-08,3.1121617663,46.3213665524,3.80461528283,14.39783,False
19,asc,64745.1062062,2036-02-22,193804376.214,1.33216309403,40.94164,1.0062859388,0.872953102099,-3.50177288055e-07,1.86493534557,33.8238266664,4.46398573139,10.7844,True
162,desc,64745.643252,2036-02-22,193850776.974,1.03395903928,276.44687,0.116094815737,-1.02742069702,-2.07498669624e-06,1.82475818633,49.7378539627,-7.5407019947,16.72622,True
247,desc,64746.6094428,2036-02-23,193934255.86,2.49981599935,310.33277,1.61794560395,-1.90560542958,-2.25147232413e-07,3.45276750915,43.7402529112,-2.14442387236,8.69826,False
56,asc,64746.7567949,2036-02-23,193946987.079,0.983285522422,117.85066,-0.459360111175,0.86938984746,-9.83476638794e-07,0.523432469046,20.2602282689,18.3164467442,33.46935,True
154,desc,64747.669621,2036-02-24,194025855.257,2.36551460281,238.61606,-1.23188989411,-2.0194322531,2.23517417908e-08,2.5487268458,29.1156458451,-2.60031435606,9.93722,False
84,desc,64747.775726,2036-02-24,194035022.727,1.03605958041,145.70748,-0.855963266616,0.583734820247,-9.33650881052e-07,0.0844792316428,7.35311924618,-4.14408460782,6.69302,True
207,asc,64748.0853211,2036-02-25,194061771.747,1.70549415275,303.58001,0.943310379107,-1.420871505,2.94297933578e-07,2.62814097716,46.0947575818,4.47954574099,13.53154,False
226,asc,64748.5041153,2036-02-25,194097955.565,0.967604659562,150.72865,-0.844054967774,0.473106741214,-3.33040952682e-06,0.0219361949085,23.9081322424,22.3575057632,45.86726,True
117,desc,64753.6208255,2036-03-01,194540039.324,0.886531582092,98.65037,-0.133338360061,0.87644687676,-5.66244125366e-07,0.898643615915,32.4574856185,-10.3505747992,18.68411,True
300,desc,64754.0313905,2036-03-02,194575512.136,0.98312473579,49.11004,0.643561665724,0.743211025572,-1.67638063431e-06,1.58473506293,64.7908570994,-8.50140295663,20.38021,True
294,desc,64758.5546949,2036-03-06,194966325.638,0.832012706109,7.91609,0.8240843127,0.114587035425,2.93366611004e-08,1.7717433918,61.4227661974,-1.96197007237,3.7759,True
43,asc,64759.8505088,2036-03-07,195078283.959,1.15282412624,135.99028,-0.829136409133,0.800959600164,3.3900141716e-07,0.504251867379,11.93414403,4.88868943031,11.62102,True
83,asc,64760.4058733,2036-03-08,195126267.455,0.961756022516,155.74474,-0.876856369071,0.395091830928,2.70083546638e-06,0.11674444367,17.5756232311,9.49758433433,26.45905,True
134,asc,64761.9200739,2036-03-09,195257094.381,1.62205621441,344.3211,1.56170166597,-0.438354045515,-3.09944152832e-06,2.61412790485,48.2516580135,12.6826661276,38.14572,False
222,desc,64765.2875288,2036-03-13,195548042.489,1.0079617149,108.01435,-0.311717382885,0.958550516096,1.7024576664e-06,0.989072962089,26.2007109511,-10.5362056971,21.61632,True
60,desc,64769.3940881,2036-03-17,195902849.214,0.202180935107,64.89558,0.0857791598236,0.183082129823,6.42472878098e-06,1.06914743968,94.4314870222,-53.7564725967,38.87863,False
251,asc,64771.4318016,2036-03-19,196078907.659,3.70377897617,329.9873,3.20715612065,-1.8526004216,5.66244125366e-07,4.63353156335,37.5628982208,2.85840938676,16.40099,False
268,asc,64771.6555581,2036-03-19,196098240.221,3.24556010514,116.19778,-1.43282094757,2.91216148733,3.72529029846e-07,2.83648582048,30.8197305004,2.84458314447,14.38466,False
203,desc,64772.8206516,2036-03-20,196198904.301,2.40010193696,17.06965,2.294374173,0.70451150599,-1.62050127983e-07,3.34218768522,45.7210194852,-1.16475312622,4.84751,False
149,desc,64775.3297869,2036-03-23,196415693.585,1.22144726453,291.23173,0.442335924923,-1.13853956873,1.08778476715e-06,1.86322810777,43.4691045821,-3.26192320927,6.50656,True
220,desc,64775.5376239,2036-03-23,196433650.702,1.14385677534,202.58099,-1.05616605036,-0.439228410477,-5.17815351486e-07,0.486962105327,12.6258925203,-5.46465036652,13.76438,True
224,desc,64777.5641901,2036-03-25,196608746.028,2.12176216263,314.62065,1.49034617357,-1.5102128849,-4.37721610069e-07,2.91406154571,52.0472694856,-1.35155800003,4.49003,False
269,desc,64778.4907312,2036-03-26,196688799.172,1.09237407123,284.47484,0.273044188652,-1.05769938193,1.13621354103e-06,1.64804441196,49.9136572693,-6.27187308188,13.47265,True
170,asc,64778.9466482,2036-03-26,196728190.401,2.17395614279,135.03605,-1.53818603097,1.53625162161,-1.61118805408e-07,1.64299887516,17.7826095906,0.936257981943,3.58083,False
197,desc,64779.0448885,2036-03-27,196736678.368,2.26520467047,172.06267,-2.24350333826,0.312801806795,-3.85567545891e-07,1.2895331235,14.6561753221,-1.54122600037,5.8333,False
291,desc,64779.1623946,2036-03-27,196746830.894,1.82895953487,338.02876,1.6961254485,-0.684289005574,-2.77534127235e-07,2.7739304381,52.3904833853,-1.14621199906,3.57805,False
253,desc,64779.210833,2036-03-27,196751015.971,0.972680423501,296.68273,0.436781852047,-0.869096553891,-8.79168510437e-07,1.66637754652,45.6866281488,-19.7274330345,38.24694,True
135,asc,64779.5558235,2036-03-27,196780823.155,1.01389448431,34.00167,0.840540096482,0.566987099955,5.70435076952e-07,1.93044418814,52.7929713134,4.22532148987,8.74062,True
161,asc,64780.4303418,2036-03-28,196856381.534,1.08278357164,353.93105,1.07671498687,-0.114477509056,2.04425305128e-06,2.07452591255,62.7526735875,8.11181783662,17.17979,True
273,asc,64780.8647927,2036-03-28,196893918.089,0.84284887385,234.38229,-0.490853497637,-0.685169371767,1.47148966789e-06,0.813235540361,21.5089076644,6.14234331098,10.31047,True
296,desc,64782.537117,2036-03-30,197038406.908,0.964497486906,217.00648,-0.770216290224,-0.580536190535,6.053596735e-07,0.551520328225,21.1512361916,-6.76988469296,18.943,True
257,asc,64782.7815661,2036-03-30,197059527.308,1.00261986646,36.09232,0.810185885763,0.590631380076,-2.47359275818e-06,1.92585313208,55.8557748868,9.32602531911,17.74569,True
261,asc,64785.7708897,2036-04-02,197317804.874,0.991784179892,31.55547,0.845132937191,0.519024255656,3.11061739922e-06,1.94742337407,58.8136657125,12.8356828608,23.24895,True
186,desc,64786.9919113,2036-04-03,197423301.137,1.12950453834,112.44372,-0.431217439477,1.04395020093,-3.93018126488e-06,1.32013697711,42.5261983039,-13.8653707408,30.12309,True
130,asc,64790.1936573,2036-04-07,197699931.993,2.25602967351,104.69532,-0.572307207037,2.18223150663,-3.94880771637e-07,2.42414490367,40.8222660929,1.46788723759,5.43674,False
123,desc,64791.6653295,2036-04-08,197827084.468,1.70360888582,47.75939,1.14524338461,1.2612298862,4.05125319958e-07,2.59217562542,44.6796806844,-1.59038029451,4.48847,False
127,asc,64791.7962234,2036-04-08,197838393.701,2.18940640751,232.85463,-1.32204978598,-1.74518903866,-1.95577740669e-08,1.55039539162,33.3235643068,0.536660967025,2.11568,False
213,desc,64793.2360621,2036-04-10,197962795.761,0.972606974141,213.49564,-0.811084013707,-0.536756042218,-5.30481338501e-06,0.31884023975,41.0039345466,-28.6363507856,59.33202,True
37,desc,64796.5424335,2036-04-13,198248466.254,0.50779561716,92.66887,-0.0236448559517,0.507244822146,6.40563666821e-06,1.23901506799,64.2823158332,-20.1783295779,24.92726,False
29,asc,64799.8800626,2036-04-16,198536837.408,0.975716993127,164.28075,-0.93922593559,0.264345025661,8.04662704468e-06,0.632013989674,41.6097134151,26.1691853967,51.3362,True
139,desc,64801.2135274,2036-04-18,198652048.768,1.02941241258,357.37634,1.02833333329,-0.0471218720643,9.14931297302e-06,1.98313786788,59.5446201653,-31.5564386157,57.84046,True
128,desc,64803.184661,2036-04-20,198822354.713,0.960298827468,93.62643,-0.0607397584824,0.958375980383,-4.06056642532e-07,1.6201788667,44.732690234,-4.10171476355,8.54804,True
26,asc,64804.4132525,2036-04-21,198928505.013,0.351985044212,161.99674,-0.334751480664,0.108788407204,-7.84173607826e-07,0.789761420058,40.2072023687,19.7756101381,19.2213,False
239,desc,64806.2607011,2036-04-23,199088124.577,1.04562423427,28.83489,0.915980585364,0.504291192195,-1.86264514923e-06,2.05058597305,52.0635068137,-12.5138674515,36.24349,True
31,asc,64807.5154043,2036-04-24,199196530.931,1.10024546378,309.2807,0.696587594794,-0.851648873273,-3.1441450119e-06,1.61793119311,62.8036927954,17.0918020379,48.41215,True
280,asc,64807.6333447,2036-04-24,199206720.985,0.940135017279,164.91856,-0.907753915157,0.244615372025,6.08339905739e-06,0.733828617617,32.3803837909,21.4498735152,36.78219,True
5,asc,64808.8869379,2036-04-25,199315031.432,0.954979016943,295.27177,0.407692349914,-0.863580841973,-5.85243105888e-06,1.3248787118,52.0400981381,17.1870722726,37.03321,True
141,asc,64809.4504344,2036-04-26,199363717.531,0.561504703326,307.34369,0.340605833147,-0.446402507031,-5.20143657923e-07,1.20626795417,55.1905819577,2.6907807683,3.20528,False
95,desc,64809.941757,2036-04-26,199406167.804,0.21347320718,8.12971,0.211327900089,0.0301882233341,-1.0197982192e-07,1.20527388988,117.467659084,-14.2326970663,9.90138,False
27,desc,64814.2425464,2036-05-01,199777756.011,2.51098828381,223.45101,-1.8228837696,-1.72689227341,6.59376382828e-07,1.51969018563,25.8126048242,-12.5454047853,60.6846,False
190,desc,64814.2430163,2036-05-01,199777796.609,0.421484168585,261.65754,-0.0611529129496,-0.41702425062,-1.63936056197e-06,0.777222311582,39.0410322396,-6.98102985294,7.36842,False
81,desc,64816.3443124,2036-05-03,199959348.59,0.883137983233,310.14228,0.569348379876,-0.675111190666,-8.86619091034e-07,1.36978664615,56.0987970112,-7.20238227673,17.0676,True
146,asc,64819.1543875,2036-05-06,200202139.082,1.07717486986,110.66657,-0.380166234706,1.00785878686,-3.1990930438e-07,1.70501335394,38.5166880218,3.73456177972,7.79145,True
198,desc,64820.8009182,2036-05-07,200344399.329,0.934096917009,218.83283,-0.727641693906,-0.585725717085,1.73598527908e-06,0.090993928349,27.9710725984,-12.8256141048,34.03784,True
168,desc,64824.1121392,2036-05-11,200630488.829,2.0793219596,183.07513,-2.07632783972,-0.111546016035,1.57207250595e-06,1.49072774904,25.6545832715,-6.74027212676,23.65377,False
38,asc,64826.6580921,2036-05-13,200850459.158,0.982839360211,78.7561,0.191639818703,0.963974785908,-1.03190541267e-06,1.9199478428,61.2876607977,5.99022694941,9.53681,True
192,asc,64828.1568867,2036-05-15,200979955.008,0.793563525417,22.1116,0.735198866163,0.29870670576,1.0384246707e-06,1.75591922555,73.1475215899,4.06021442945,5.67243,False
9,asc,64828.5657271,2036-05-15,201015278.819,1.06195861177,337.13487,0.978512085694,-0.412638087508,-2.71946191788e-07,1.67486657794,42.8838245066,6.80261035035,13.33676,True
297,desc,64830.3959011,2036-05-17,201173405.856,0.431221678467,261.11844,-0.0665773561491,-0.42605116081,5.75417652726e-06,0.673428693256,35.7375315909,-21.9274420732,24.30945,False
122,asc,64831.3100905,2036-05-18,201252391.822,2.64861237984,164.87309,-2.55683842105,0.691176408231,-8.82893800735e-07,2.44074239454,21.0537921391,2.39424014203,10.06177,False
284,asc,64831.4638285,2036-05-18,201265674.779,1.27762944082,271.37599,0.0306800320497,-1.2772610241,-2.3512984626e-07,0.80795291222,35.6412327938,0.824609132358,1.79833,True
179,asc,64833.6703081,2036-05-20,201456314.619,0.894376426703,40.072,0.68440911775,0.575754593714,-2.38046050072e-06,1.89208204783,62.7787665599,15.0830107137,34.254,True
44,asc,64834.3906375,2036-05-21,201518551.084,0.995912089171,203.55397,-0.912936741525,-0.397979139316,2.1830201149e-06,0.544202670523,9.36379021544,7.22742360585,20.2845,True
105,asc,64836.2114202,2036-05-23,201675866.71,1.15925096641,156.83722,-1.06580496846,0.45598527645,-3.1515955925e-06,1.3992243902,40.281243811,16.2062728932,37.1231,True
227,desc,64838.6817683,2036-05-25,201889304.785,1.00021923102,170.18774,-0.98558747893,0.170457711681,1.4528632164e-07,1.13940915864,43.8258950561,-14.4496911373,25.31356,True
60,asc,64839.2241626,2036-05-26,201936167.647,1.02936763287,244.89558,-0.436729064741,-0.932129522985,-1.36718153954e-06,0.0952102513613,19.8463073908,10.5584570085,38.87863,True
47,desc,64840.5054235,2036-05-27,202046868.587,2.22196822287,321.2725,1.73342456415,-1.39010145811,-1.4528632164e-07,2.28359047192,44.7538892284,-0.597517624137,1.99822,False
194,asc,64841.1573037,2036-05-28,202103191.043,1.01426929299,314.32185,0.708657953406,-0.725634965923,-1.61817297339e-06,1.20412813763,26.179569304,18.8279889188,39.93236,True
43,desc,64842.22543,2036-05-29,202195477.154,0.714685247381,315.99028,0.51401731295,-0.496549297465,1.82259827852e-06,1.06166903188,31.766665782,-7.88570792752,11.62102,False
283,desc,64842.3928984,2036-05-29,202209946.422,1.05195123121,291.95181,0.393247384342,-0.975683292651,-1.47148966789e-07,0.862159833286,21.2577643143,-4.62719136278,8.07603,True
112,asc,64847.1654206,2036-06-03,202622292.341,1.10051648397,0.98343,1.10035437855,0.0188884381141,4.09036874771e-06,1.77231996615,47.4473938218,24.4786405582,62.10129,True
129,asc,64847.3530706,2036-06-03,202638505.301,1.12295718965,80.21035,0.190938085008,1.10660539375,-3.82401049137e-06,2.12476432602,55.6291182508,15.6603200214,35.60472,True
295,asc,64849.8065122,2036-06-05,202850482.656,2.69137354024,84.2559,0.269367748434,2.67785969558,-1.86264514923e-07,3.68334275625,42.9534488227,2.92575386269,12.40454,False
158,desc,64851.3531344,2036-06-07,202984110.809,4.51198740075,218.60318,-3.52605428642,-2.81513258547,1.26659870148e-07,3.69744179785,21.1028235792,-2.95763631614,20.67934,False
95,asc,64851.7877584,2036-06-07,203021662.328,1.00148260841,188.12971,-0.991418170955,-0.141624239628,3.52039933205e-07,1.06201605022,56.6906396847,3.03380154987,9.90138,True
137,desc,64851.8087234,2036-06-07,203023473.7,3.83726831018,103.609,-0.902889223866,3.72953336676,5.55068254471e-07,4.72999358476,37.0915706803,-3.12175923214,18.80198,False
26,desc,64856.7897071,2036-06-12,203453830.692,0.886596595788,341.99674,0.843187879918,-0.274021391177,1.47894024849e-06,1.29616038949,23.8116479855,-7.85105542005,19.2213,True
136,asc,64857.5121609,2036-06-13,203516250.698,1.03627887693,290.33711,0.360151512861,-0.971681428534,-2.30222940445e-06,0.58706387499,21.6490967021,12.3013154574,24.09941,True
79,asc,64857.9195957,2036-06-13,203551453.065,1.58516123012,264.506,-0.151765736659,-1.57787936379,7.4366107583e-07,0.589179161748,9.53894449487,3.29404251431,9.02376,True
275,asc,64858.3064694,2036-06-14,203584878.954,2.04004541991,344.4869,1.96572519259,-0.545627879136,1.99675559998e-06,2.22488188609,45.0177683833,6.77045192571,23.29362,False
42,desc,64861.3051342,2036-06-17,203843963.594,0.858103395024,56.20005,0.477358534026,0.71307101087,-1.78813934326e-06,1.83271262173,62.8826432155,-14.2392211932,25.15147,True
217,desc,64861.9424514,2036-06-17,203899027.805,0.923145391691,46.40736,0.636533223531,0.668597688855,-1.19581818581e-06,1.85107010394,68.3501526958,-9.99676115162,15.72955,True
135,desc,64862.1614026,2036-06-18,203917945.183,0.802478833187,214.00167,-0.665272024172,-0.448759859577,1.41886994243e-06,0.759504514232,45.6517461491,-5.33849613951,8.74062,True
296,asc,64866.0579305,2036-06-22,204254605.194,0.298621849126,37.00648,0.238469685962,0.179742086481,2.4929177016e-06,1.2366732127,88.1881663895,21.8655694221,18.943,False
106,desc,64867.3362649,2036-06-23,204365053.285,1.04971497093,10.01269,1.03372704444,0.182510048471,3.50922346115e-06,1.62406682157,49.8976141792,-20.8974635197,40.78349,True
161,desc,64869.33182,2036-06-25,204537469.251,0.923426356217,173.93105,-0.91825090724,0.0976294356737,-1.46171078086e-06,1.4264292183,62.887490109,-9.51168767334,17.17979,True
22,desc,64869.7570346,2036-06-25,204574207.79,1.4621339193,95.31036,-0.135321413917,1.455858411,2.09733843803e-06,2.47617540725,51.0383608887,-12.8429571761,34.88704,True
19,desc,64869.7752542,2036-06-25,204575781.959,0.994114475636,220.94164,-0.750931641085,-0.651433236093,-1.18929892778e-06,0.816441366204,41.1287322458,-5.98196403873,10.7844,True
81,asc,64869.8694017,2036-06-25,204583916.306,0.378024734515,130.14228,-0.24370797569,0.288979449944,1.36904418468e-07,1.32579544055,87.8988449535,16.8261406665,17.0676,False
248,asc,64869.9049499,2036-06-25,204586987.671,2.2416229469,339.42683,2.09866162918,-0.787713655001,7.33882188797e-07,2.13019074972,19.087543296,2.38755330909,8.97249,False
1,asc,64870.0520058,2036-06-26,204599693.298,1.05675314326,336.03924,0.96568617722,-0.429158959961,2.75671482086e-07,1.14515367166,39.8134013987,12.8013589776,22.14242,True
31,desc,64870.5585994,2036-06-26,204643462.989,0.526927017297,129.2807,-0.333608122637,0.407869712125,1.12093985081e-05,1.46252900966,79.7191089918,-35.6883914522,48.41215,False
216,desc,64871.2203148,2036-06-27,204700635.2,0.960096826051,88.05495,0.0325866527171,0.959543654795,-4.02331352234e-06,1.9777935099,63.2884690953,-21.9309505511,39.21257,True
198,asc,64872.0089503,2036-06-28,204768773.306,0.356829085783,38.83283,0.277962292441,0.223749771936,4.93042171001e-06,1.2689350616,75.6343994848,33.5745236902,34.03784,False
18,desc,64872.3363189,2036-06-28,204797057.952,0.755335347102,262.16378,-0.102983822145,-0.74828191142,8.67294147611e-07,0.297160987414,17.0777150145,-2.32548318967,3.02961,False
59,desc,64872.3456225,2036-06-28,204797861.783,1.07828574465,190.62092,-1.05981268136,-0.198739094172,9.82545316219e-07,1.35708526863,49.0947417999,-3.94536648897,7.40973,True
57,asc,64875.3175449,2036-07-01,205054635.881,1.83059729342,171.12615,-1.80868572708,0.282386953188,-1.9371509552e-07,2.28546176497,37.2149899294,15.3811674722,55.89453,False
102,asc,64876.97805,2036-07-02,205198103.521,1.12161431679,161.20276,-1.06179277371,0.361406670287,-7.76723027229e-07,1.80015813623,43.8373774992,12.077355412,26.06566,True
68,desc,64877.7610072,2036-07-03,205265751.019,0.986755910689,319.30103,0.748105104664,-0.64344850583,-2.77534127235e-07,0.733898660775,24.9970385593,-7.66099793498,13.91996,True
249,asc,64878.3505325,2036-07-04,205316686.006,0.990645992869,311.52793,0.656783496253,-0.741629909211,-6.59376382828e-07,0.597520275077,17.4332424042,10.598488721,17.09824,True
51,desc,64880.8497451,2036-07-06,205532617.977,2.94016464904,133.49561,-2.0237123746,2.13287514598,-5.66244125366e-07,3.82587965564,38.9994465672,-2.19046820736,10.029,False
115,asc,64882.0352291,2036-07-08,205635043.796,0.85756078534,109.438,-0.285384761836,0.808681666829,1.11293047667e-07,1.87032919646,67.6494198534,2.4770564476,3.69008,True
83,desc,64882.3405213,2036-07-08,205661421.036,0.314292058936,335.74474,0.286547718105,-0.129111980694,-6.67851418257e-06,0.87682962756,59.5133234207,-29.0632826163,26.45905,False
209,desc,64886.4203283,2036-07-12,206013916.367,0.959957359743,230.12548,-0.615436729103,-0.736719597266,2.09547579288e-06,0.90741704736,36.1876260034,-6.86748916114,10.99257,True
179,desc,64886.9307815,2036-07-12,206058019.522,0.507406699425,220.072,-0.388285917568,-0.326642931716,-7.07805156708e-06,0.926634187681,65.3433059187,-26.5859501685,34.254,False
107,desc,64889.395489,2036-07-15,206270970.253,0.904611458586,38.89189,0.704088069771,0.567962922216,-7.6275318861e-07,1.59026942362,57.7621398025,-4.31963493407,6.62299,True
189,desc,64891.0592712,2036-07-17,206414721.035,1.23067709863,253.38514,-0.35189599994,-1.17929441885,3.09897586703e-07,0.717555730649,4.47545016032,-1.40056342104,3.12476,True
214,asc,64891.6945072,2036-07-17,206469605.421,1.12880374969,159.69,-1.05862417908,0.391807035137,8.76258127391e-07,1.94618803722,46.9783306283,6.65467850796,13.7949,True
71,asc,64891.8809974,2036-07-17,206485718.174,1.83350585156,219.36124,-1.41759849096,-1.1628233856,-9.61124897003e-07,1.77472586217,22.4803020491,5.20926648229,16.69512,False
24,desc,64891.8922555,2036-07-17,206486690.879,1.3701429057,274.35212,0.103974391469,-1.36619211971,-5.36441802979e-06,0.474276254701,31.5437541325,-21.1750263975,64.00427,True
73,asc,64892.1220455,2036-07-18,206506544.731,1.23289769585,181.16134,-1.23264444222,-0.0249881471735,-1.23953213915e-07,1.83573854968,38.1781690625,1.25064216245,2.66375,True
165,desc,64892.9721362,2036-07-18,206579992.567,0.206736561063,123.99962,-0.115604481115,0.171393143464,8.05407762527e-06,1.22056227404,112.975301858,-27.2127074076,19.13504,False
145,desc,64893.5672764,2036-07-19,206631412.683,1.046734562,241.2066,-0.504162556883,-0.917318570354,-2.9057264328e-06,0.876617459839,20.3435026241,-8.66333934796,15.15631,True
271,desc,64897.3417885,2036-07-23,206957530.529,0.984154362607,30.87182,0.844716792914,0.504988464431,1.00582838058e-07,1.48651732974,49.8172598195,-9.75608079999,15.73453,True
5,desc,64897.6435286,2036-07-23,206983600.867,0.745228928478,115.27177,-0.31814744375,0.673905304829,-4.718080163e-06,1.76332157042,64.2153738263,-22.0244984538,37.03321,False
44,desc,64900.2563436,2036-07-26,207209348.084,0.321353249283,23.55397,0.294579402608,0.128416846182,5.34113496542e-06,1.04458334292,64.4044592828,-22.3986487104,20.2845,False
67,desc,64900.5438652,2036-07-26,207234189.957,1.15800401988,279.34195,0.187974530574,-1.14264556443,1.24797224998e-07,0.379849379708,2.08332464195,-0.744393050648,1.43938,True
46,desc,64903.3373174,2036-07-29,207475544.22,1.0343018277,262.01076,-0.143754641252,-1.02426308822,-2.04332172871e-06,0.680163172513,19.6384570747,-8.37875906824,13.53118,True
162,asc,64903.9269597,2036-07-29,207526489.322,0.689498332152,96.44687,-0.0774181362909,0.685138221247,-2.20723450184e-07,1.66866631329,66.6936283692,11.3078982593,16.72622,False
103,asc,64904.1571584,2036-07-30,207546378.489,0.738472615075,311.92731,0.493437989751,-0.549418559466,-7.56699591875e-07,0.320521220378,20.106930635,2.91050465573,4.69797,False
264,desc,64904.8516495,2036-07-30,207606382.517,2.13623794391,141.04994,-1.66133984342,1.34293055578,5.88595867157e-07,3.11639729701,44.0473256995,-2.26823483892,8.17004,False
255,asc,64905.0063727,2036-07-31,207619750.601,0.701296907974,299.46913,0.345006208762,-0.61056373054,-3.09199094772e-07,0.318948502354,12.0138249505,1.40643439693,1.97262,False
222,asc,64907.4078593,2036-08-02,207827239.047,0.875058528711,288.01435,0.270616383945,-0.832162364812,-1.47148966789e-06,0.306958193738,17.7484314254,12.136436152,21.61632,True
25,asc,64907.7916823,2036-08-02,207860401.349,0.976088910962,220.68627,-0.74015902563,-0.636328672056,-2.04890966415e-07,1.33763339614,48.0906682833,14.3784228528,24.53703,True
274,asc,64908.4742099,2036-08-03,207919371.738,0.997080529231,308.19497,0.616534178739,-0.78361673554,-1.52178108692e-06,0.0496707727395,12.2801287764,5.62911951371,9.1404,True
258,asc,64909.5873182,2036-08-04,208015544.293,0.94469111897,306.96917,0.568123259649,-0.754769681496,-4.12837835029e-07,0.0724795018544,8.70586480441,1.55234204301,2.34859,True
210,asc,64909.8020771,2036-08-04,208034099.46,0.858329658611,331.11156,0.751520846513,-0.414663984581,-1.67638063431e-06,0.423137531131,19.8054428445,12.7256712527,22.32417,True
49,asc,64912.3077971,2036-08-07,208250593.671,0.199750974798,87.94857,0.00715039746445,0.199622953962,7.14138150215e-06,1.17410453763,115.262578362,33.728858895,22.80162,False
282,desc,64914.1810212,2036-08-09,208412440.232,3.63957894716,317.24402,2.67236687832,-2.47082783299,1.34110450745e-07,2.63140728795,21.7228793609,-5.34683333712,31.15841,False
269,asc,64914.8876927,2036-08-09,208473496.65,0.880053504877,104.47484,-0.219973634983,0.852118402194,-2.76975333691e-06,1.84324950793,59.3122193608,7.78501704125,13.47265,True
177,desc,64915.7042769,2036-08-10,208544049.524,2.32895455916,232.45999,-1.41906760892,-1.84669338547,-2.10478901863e-07,2.37453269127,16.6945742046,-1.33030004812,5.37753,False
267,asc,64916.1845122,2036-08-11,208585541.851,0.729917567783,160.47465,-0.687942715727,0.243955888708,6.99423253536e-07,1.69730183722,58.7967519317,2.87547058626,5.44387,False
234,asc,64916.8089212,2036-08-11,208639490.795,2.80457801353,178.94914,-2.80410630926,0.0514357888621,9.83476638794e-07,3.59168613355,34.2237735611,4.10392682414,18.71928,False
4,desc,64918.0464308,2036-08-13,208746411.623,0.895329019951,85.09881,0.0764947775652,0.892055269012,-4.13507223129e-07,1.73531939882,64.4796522921,-6.50210958205,22.31053,True
40,asc,64918.2263876,2036-08-13,208761959.884,1.06642654826,247.76284,-0.403579736198,-0.987111432089,3.55765223503e-07,1.15231474946,42.6678294343,5.59869362327,9.28064,True
99,desc,64919.274367,2036-08-14,208852505.306,0.927114457778,176.54428,-0.925428667566,0.0558837996928,1.92224979401e-06,1.82215262839,58.9653418646,-7.59621641393,12.15584,True
211,desc,64919.4924234,2036-08-14,208871345.383,3.97351891491,0.21677,3.97349047699,0.0150331777955,4.70317900181e-08,3.32018674563,27.7269154383,-0.117834531594,0.79236,False
128,asc,64920.5160227,2036-08-15,208959784.359,0.673285881758,273.62643,0.0425859333343,-0.671937732871,-1.10454857349e-06,0.701540806853,30.6375670155,5.85022200045,8.54804,False
96,asc,64920.7327343,2036-08-15,208978508.242,3.05636460028,132.16563,-2.05166445492,2.2654000826,-5.88595867157e-07,4.06866106107,41.4133655217,2.31153621259,10.84584,False
146,desc,64922.5228948,2036-08-17,209133178.115,0.92025509371,290.66657,0.324784697205,-0.861036780841,-9.0803951025e-08,0.48285592,32.2575013903,-4.37137064121,7.79145,True
165,asc,64927.6045965,2036-08-22,209572237.141,0.842908631509,303.99962,0.471343890367,-0.698806051838,-3.3900141716e-07,0.362340602255,42.4873741705,6.67434326375,19.13504,True
213,asc,64928.8020623,2036-08-23,209675698.182,1.50603078883,33.49564,1.25592097265,0.831138524774,-4.67151403427e-06,1.47469589117,21.013767539,18.4935890385,59.33202,True
294,asc,64931.5672255,2036-08-26,209914608.285,0.59322375123,187.91609,-0.587570819196,-0.0817003760859,-1.44820660353e-07,1.51545427791,64.9654352334,2.75171724974,3.7759,False
272,desc,64932.6353528,2036-08-27,210006894.48,0.377079538072,199.28184,-0.355927510748,-0.124517408924,-1.8416903913e-07,1.28600266627,81.4021652799,-2.81705187478,2.63724,False
297,asc,64932.6805207,2036-08-27,210010796.986,0.9578518783,81.11844,0.147885064281,0.946366857263,-4.97791916132e-07,1.63767838791,43.1694242373,9.87166031563,24.30945,True
143,desc,64932.7048012,2036-08-27,210012894.824,1.31861046155,42.69423,0.96915612232,0.894130840477,-1.98930501938e-06,1.42287653673,46.7040313081,-11.8189771839,28.82828,True
281,asc,64934.7978127,2036-08-29,210193731.018,0.918877039634,21.49671,0.854958676839,0.336720469923,-3.92738729715e-06,0.831293469539,40.5031045081,11.4606094647,21.38605,True
257,desc,64934.827186,2036-08-29,210196268.87,1.12635233597,216.09232,-0.910170240515,-0.663520699023,-1.14180147648e-06,1.80230992352,51.8787684529,-8.30153936865,17.74569,True
117,asc,64934.9783244,2036-08-29,210209327.228,0.966675213046,278.65037,0.145392324676,-0.955678836976,-1.22934579849e-06,0.873554069638,25.3054901395,9.49244516511,18.68411,True
37,asc,64937.4223633,2036-09-01,210420492.189,0.968429042528,272.66887,0.0450936645301,-0.967378608318,7.59959220886e-07,1.00065959921,25.0204687747,10.5805039619,24.92726,True
176,desc,64937.5895706,2036-09-01,210434938.9,3.02064334128,125.16698,-1.73977364622,2.46930635101,1.60187482834e-07,3.94086396503,38.6142945367,-0.58097222748,2.63958,False
182,asc,64937.7186162,2036-09-01,210446088.439,0.694332343257,159.49235,-0.650329324025,0.243247144292,-1.07008963823e-06,1.70408583841,70.7411577447,6.01399496785,9.06773,False
129,desc,64938.2552608,2036-09-02,210492454.531,0.948731550069,260.21035,-0.161314239782,-0.934916718291,-4.27756458521e-06,1.17975699602,58.7427273892,-18.5361907264,35.60472,True
190,asc,64939.5047081,2036-09-03,210600406.782,1.00185223141,81.65754,0.145358205272,0.991251171875,-8.48900526762e-07,1.611444228,44.2809548719,2.93695364564,7.36842,True
286,desc,64940.4734442,2036-09-04,210684105.577,0.939039062276,61.00265,0.455217184465,0.821323124871,1.93901360035e-06,1.31546110262,48.7784754772,-5.92973105129,10.38842,True
164,asc,64940.9979343,2036-09-04,210729421.521,0.784190191481,243.71849,-0.347225192665,-0.703127955634,1.42958015203e-06,1.31212510439,39.189984737,4.58191231107,7.30927,False
277,asc,64941.530113,2036-09-05,210775401.767,0.960311364172,58.22184,0.505730497667,0.816354445009,8.36397521198e-06,1.28010792196,44.7503371877,24.3692200031,40.35278,True
56,desc,64942.9850268,2036-09-06,210901106.317,1.54652820091,297.85066,0.722489399167,-1.36739114532,2.76416540146e-06,1.02369064622,29.0087487659,-11.645631095,33.46935,True
226,desc,64950.3673215,2036-09-14,211538936.581,1.08756757241,330.72865,0.948700280855,-0.531762166447,-7.45058059692e-09,0.286186226384,22.9057965952,-19.8913863391,45.86726,True
35,asc,64950.4434036,2036-09-14,211545510.073,1.02047449808,38.30847,0.800750766613,0.632587077797,1.73924490809e-06,0.896171611437,37.870694773,20.450003257,44.05781,True
4,asc,64952.3509973,2036-09-16,211710326.167,0.155569080425,265.09881,-0.0132914514529,-0.155000245492,4.62587922812e-06,1.00026487988,113.247860904,37.4208511345,22.31053,False
181,asc,64952.5926814,2036-09-16,211731207.672,0.981026422352,268.50377,-0.0256157495388,-0.98069193671,3.34344804287e-07,1.27179334754,39.1219908799,2.8814624272,4.68129,True
229,asc,64954.5148203,2036-09-18,211897280.473,0.99013462152,39.09556,0.768438803808,0.624394405432,1.86264514923e-09,0.83258108846,31.5390121207,12.8157788281,24.832,True
156,asc,64954.7130445,2036-09-18,211914407.049,1.01982420655,173.52007,-1.01330900698,0.115092435168,-4.38094139099e-06,2.02644416676,63.4161587833,15.6068818443,26.05772,True
291,asc,64954.8546839,2036-09-18,211926644.692,0.975006866704,158.02876,-0.904193847675,0.364790180715,-2.16998159885e-07,1.97140068604,63.6242286021,2.15011343638,3.57805,True
63,desc,64956.2543779,2036-09-20,212047578.251,0.976154428989,177.06027,-0.974869843885,0.0500625280893,-2.13086605072e-06,1.98097546009,58.2358251667,-28.1021221768,53.19536,True
267,desc,64956.4887577,2036-09-20,212067828.662,0.443453148505,340.47465,0.417951802705,-0.148212636219,-1.47800892591e-06,0.578731331984,42.0698304379,-4.73298363903,5.44387,False
83,asc,64957.0683244,2036-09-21,212117903.225,0.961756022516,155.74474,-0.876856369071,0.395091830928,3.27825546265e-07,1.94808955158,48.2824736181,9.49758433433,26.45905,True
60,desc,64957.4538469,2036-09-21,212151212.37,0.202180935107,64.89558,0.0857791598235,0.183082129823,3.47103923559e-06,0.964370700324,86.2241431186,-53.7564725967,38.87863,False
125,asc,64957.6165713,2036-09-21,212165271.757,0.990705003978,181.67697,-0.99028068869,-0.028992456161,-2.61515378952e-06,1.99153616529,54.0889269112,13.9134108866,39.01303,True
183,asc,64962.2448492,2036-09-26,212565154.97,1.02771345831,322.74951,0.818056650813,-0.622075773881,2.63750553131e-06,0.605277715374,15.9511674486,10.5899507625,21.47,True
123,asc,64966.2364104,2036-09-30,212910025.855,1.11948456698,227.75939,-0.752568447595,-0.828786116799,1.6950070858e-07,1.951831798,62.650955289,2.42020844366,4.48847,True
62,desc,64967.3446856,2036-10-01,213005780.834,1.01090430024,189.79921,-0.99615545443,-0.172051779573,1.00582838058e-07,2.01056066686,65.401623275,-14.5795796991,23.72574,True
296,desc,64967.4624303,2036-10-01,213015953.976,0.964497486906,217.00648,-0.770216290224,-0.580536190535,1.21910125017e-06,1.87965784376,46.9734385091,-6.76988469296,18.943,True
49,desc,64968.6861042,2036-10-02,213121679.406,1.15710856194,267.94857,-0.041420504385,-1.15636696854,-3.27825546265e-07,1.60534059462,54.6506906906,-5.82259319887,22.80162,True
109,asc,64971.2683798,2036-10-05,213344788.019,1.08960927484,325.49909,0.897965736579,-0.617175751093,-1.10268592834e-06,0.732039258778,7.5733966871,3.81134462922,8.88522,True
201,asc,64971.8442686,2036-10-05,213394544.808,2.25885791732,222.60435,-1.66262264643,-1.52909287691,3.35276126862e-07,3.12712864499,47.6836863112,1.67034855608,6.40373,False
284,desc,64974.2181881,2036-10-08,213599651.456,1.26341678431,91.37599,-0.0303387400108,1.26305246595,-5.39657776244e-08,1.50342610864,25.5571137597,-0.83388547449,1.79833,True
42,asc,64976.7978587,2036-10-10,213822534.993,1.01903071268,236.20005,-0.566881578555,-0.846799190652,-3.72529029846e-08,1.8691848581,57.5460890812,11.9905356102,25.15147,True
288,desc,64977.0749987,2036-10-11,213846479.892,1.80177618752,263.16315,-0.214488073951,-1.78896402872,2.79396772385e-07,2.32524780942,38.0350298811,-3.0396588119,9.33904,False
243,desc,64977.8640555,2036-10-11,213914654.394,2.21509466725,306.38707,1.31407662514,-1.78321255271,3.72529029846e-08,2.03101133023,14.9388678339,-4.24278195493,15.64982,False
204,desc,64978.9599465,2036-10-12,214009339.379,4.6202724951,160.1136,-4.34476053914,1.5716150249,-4.39584255219e-07,5.48127360636,40.0785741191,-1.43660841848,10.00804,False
261,desc,64980.6692347,2036-10-14,214157021.875,1.4335818743,211.55547,-1.22160373667,-0.750227499404,2.1904706955e-06,2.41021821381,51.8911757873,-8.88001405971,23.24895,True
65,desc,64981.0673652,2036-10-15,214191420.358,0.751380810236,276.9752,0.0912474727169,-0.745819697188,-5.10597601533e-07,1.33991414342,42.6676105085,-3.19493804308,5.05883,False
92,desc,64981.2201159,2036-10-15,214204618.015,3.8801072966,337.57903,3.58679641201,-1.47990679839,-1.34110450745e-07,3.15826347537,29.3918077907,-0.992546413877,6.01513,False
93,asc,64981.8976525,2036-10-15,214263157.173,0.978601016936,239.03405,-0.50351819423,-0.839124173426,-4.18722629547e-06,1.84436285505,57.7287444106,13.7461474954,22.76523,True
39,desc,64982.6345013,2036-10-16,214326820.914,0.940322296148,72.04419,0.289885744907,0.894523490766,-5.99771738052e-06,0.892203107152,44.5533524321,-29.1859837667,52.36973,True
221,desc,64983.2895998,2036-10-17,214383421.424,1.0141147913,105.28603,-0.267359054717,0.978237162342,1.00932084024e-07,1.38923001927,46.006025943,-1.0517068996,1.67978,True
127,desc,64984.7269778,2036-10-18,214507610.879,0.772321299639,52.85463,0.46635800708,0.615621961198,4.98257577419e-08,0.553353670082,16.3346186338,-1.52134734652,2.11568,False
103,desc,64986.0798361,2036-10-20,214624497.842,0.818163742333,131.92731,-0.546686585343,0.608708211441,-6.44475221634e-07,1.50176178686,44.7110532017,-2.62701446312,4.69797,True
153,asc,64986.4236283,2036-10-20,214654201.486,1.38316866462,272.10936,0.0509102355369,-1.38223142155,9.31322574615e-09,1.95165792638,31.6048847905,0.483516059975,1.52282,True
224,asc,64992.1363568,2036-10-26,215147781.229,1.17514966614,134.62065,-0.825436441063,0.836439728608,-4.03262674809e-07,1.7582395297,42.4319337918,2.44027182895,4.49003,True
163,asc,64992.8361644,2036-10-26,215208244.608,0.683582396636,165.54034,-0.661929024906,0.170689363984,-4.57651913166e-06,1.57260314184,69.3487406685,17.3216173055,26.60392,False
231,asc,64994.1376406,2036-10-28,215320692.144,1.36553721031,358.77697,1.36522612034,-0.0291464076842,-3.42726707458e-07,0.707719500428,8.75272309193,7.71237386035,19.07078,True
52,desc,64994.8774778,2036-10-28,215384614.085,1.71320133821,311.99742,1.14629811949,-1.27320832801,3.06963920593e-06,1.78564386176,23.2093269593,-13.1012673833,42.36114,False
292,asc,64996.6322052,2036-10-30,215536222.53,0.792735034334,126.7835,-0.474684173241,0.634904536395,-5.9837475419e-07,1.3307530435,56.5761229731,1.7000342463,2.51747,False
155,desc,64998.8176092,2036-11-01,215725041.439,1.36727507377,106.22318,-0.381988744932,1.3128311872,3.61353158951e-07,1.43321496099,37.7224000411,-7.56772797825,19.00837,True
182,desc,65004.2911103,2036-11-07,216197951.932,0.919800309738,339.49235,0.861508353282,-0.32223588723,-5.21540641785e-08,0.949866733464,52.5262317175,-4.53980192674,9.06773,True
88,desc,65004.4738479,2036-11-07,216213740.458,0.995588415748,290.80673,0.35364969651,-0.930660080657,2.01165676117e-06,1.61152428016,51.4374121438,-10.965190184,17.09388,True
110,asc,65005.0858981,2036-11-08,216266621.597,1.99980241313,192.31083,-1.9538175369,-0.426387997103,1.13621354103e-06,2.917368673,53.4994814607,4.25804025581,13.85069,False
112,desc,65006.3660321,2036-11-09,216377225.173,0.999106012836,180.98343,-0.998958845118,-0.0171479049771,-8.75070691109e-06,1.87156236299,47.9733321157,-26.9632522409,62.10129,True
22,asc,65007.5275826,2036-11-10,216477583.136,1.03937071676,275.31036,0.0961944136031,-1.03490971667,-5.5767595768e-06,1.81679450076,62.8794121154,18.0668196713,34.88704,True
125,desc,65007.9702484,2036-11-10,216515829.465,0.371607677325,1.67697,0.371448519132,0.0108749014598,-8.79913568497e-06,0.751622559292,64.9681637328,-37.093113595,39.01303,False
187,desc,65009.7085869,2036-11-12,216666021.91,1.04449455658,260.57269,-0.171084231682,-1.03038782232,2.55182385445e-07,1.93509597363,62.6817618492,-8.50520131496,13.3569,True
294,desc,65010.7891931,2036-11-13,216759386.287,0.832012706109,7.91609,0.8240843127,0.114587035425,5.60656189919e-07,0.604969942632,29.8071504245,-1.96197007237,3.7759,True
45,asc,65013.3525291,2036-11-16,216980858.514,1.63160233968,164.09288,-1.56912381209,0.44718749665,2.78651714325e-06,2.25093759048,48.2436797517,12.4458236696,37.98278,False
298,desc,65013.7937094,2036-11-16,217018976.492,1.38817749185,318.73493,1.04344632178,-0.915563499953,-1.00582838058e-06,1.70088442422,32.7908795115,-11.5794634644,29.79622,True
12,desc,65014.2032794,2036-11-17,217054363.339,1.69572351956,305.36536,0.981464856626,-1.38282500339,6.9267116487e-09,2.15373661185,32.6193806442,-0.17106087727,0.44808,False
85,desc,65015.6123926,2036-11-18,217176110.718,1.00036922062,158.02633,-0.927698304235,0.374318626137,2.55554914474e-06,1.60810734327,49.5770084072,-24.2756902593,42.72023,True
214,desc,65017.9159802,2036-11-20,217375140.69,1.1088130104,339.69,1.03987629666,-0.384868262749,-8.37375409901e-07,1.24999195327,48.4704230836,-6.77465540382,13.7949,True
299,desc,65019.2442551,2036-11-22,217489903.64,1.0625655439,337.86367,0.984243719779,-0.400387106644,1.60746276379e-06,1.26508237734,25.2829384156,-5.00757311207,11.16926,True
216,asc,65020.9716332,2036-11-23,217639149.109,1.79237156481,268.05495,-0.060834895125,-1.79133886853,-3.31550836563e-06,2.68012504765,53.9508989232,11.7474726947,39.21257,False
173,asc,65024.1695515,2036-11-27,217915449.251,1.72071113497,238.33422,-0.903310383364,-1.46453991455,6.91041350365e-07,2.70886458127,51.7580136788,2.86421346292,8.2711,False
189,asc,65026.7101791,2036-11-29,218134959.474,1.03954970254,73.38514,0.297245623948,0.996146888311,-5.87897375226e-07,0.217240638249,7.61947850286,1.6580653366,3.12476,True
89,desc,65026.9802902,2036-11-29,218158297.07,0.93669075282,188.869,-0.925491141955,-0.144415070478,-1.38208270073e-06,1.72346910243,60.1261960155,-8.87722380854,15.31841,True
60,asc,65027.2839213,2036-11-30,218184530.802,1.02936763287,244.89558,-0.436729064741,-0.932129522985,-1.56834721565e-06,2.01627343872,45.3951931048,10.5584570085,38.87863,True
175,asc,65027.2847994,2036-11-30,218184606.671,1.00475683129,120.97348,-0.517089331862,0.861484133858,9.06176865101e-07,0.980526394818,34.9017403566,8.14232953879,13.20499,True
164,desc,65028.0570876,2036-12-01,218251332.37,1.05344870162,63.71849,0.46644797698,0.944553043363,-1.13621354103e-07,0.0680651040288,20.2291926614,-3.41078847696,7.30927,True
202,asc,65028.4287569,2036-12-01,218283444.599,1.13859993657,156.84047,-1.04684399885,0.447802922747,-6.49917637929e-07,1.55403755158,55.4082579857,2.68791119236,5.54384,True
192,desc,65028.9804235,2036-12-01,218331108.588,2.44186347332,202.1116,-2.26227037838,-0.919146319946,-1.89989805222e-07,3.24677555276,35.9986693498,-1.31949968202,5.67243,False
17,asc,65029.3048559,2036-12-02,218359139.553,1.02285769599,267.12483,-0.0513066699621,-1.02157011109,-9.10833477974e-06,1.96943784617,61.5780078645,23.3227602947,39.65677,True
235,asc,65030.4123135,2036-12-03,218454823.882,1.384278013,16.51692,1.3271569167,0.393548136507,7.18981027603e-07,1.04189923502,3.97098252246,2.73820759632,9.20708,True
73,desc,65031.7014658,2036-12-04,218566206.649,1.24882433078,1.16134,1.24856780561,0.0253109453256,-2.87254806608e-07,1.22648151935,46.080785947,-1.23469234415,2.66375,True
212,asc,65032.0750398,2036-12-05,218598483.442,0.839511629616,54.49466,0.487570581372,0.683414006617,-2.04890966415e-08,0.245143001504,17.8594738308,2.77410870581,3.85786,True
244,asc,65033.2015997,2036-12-06,218695818.212,2.16532770128,74.90308,0.56396524737,2.09059495209,5.51342964172e-07,1.19193415912,17.4191723414,5.36928078058,19.45987,False
33,asc,65033.8829478,2036-12-06,218754686.687,1.05673095489,315.60707,0.7550966239,-0.739262740569,3.40491533279e-06,1.70497703849,46.8007992704,15.026843893,27.12971,True
37,desc,65035.3322887,2036-12-08,218879909.747,0.50779561716,92.66887,-0.0236448559518,0.507244822146,1.22934579849e-06,0.552284841933,26.1702731036,-20.1783295779,24.92726,False
208,desc,65035.3498631,2036-12-08,218881428.168,1.97874665257,252.98582,-0.578997831501,-1.89214159781,-9.685754776e-08,2.96403430374,48.2580876525,-1.06116169552,3.41388,False
184,asc,65035.425033,2036-12-08,218887922.855,1.07759486993,61.82536,0.508797883477,0.949913373669,-1.22934579849e-07,0.177068154346,16.919033812,6.04975061176,10.13806,True
285,asc,65035.4253622,2036-12-08,218887951.296,2.12207897124,193.47036,-2.06370175694,-0.494321978672,-1.49011611938e-06,2.7870830654,46.0949838914,9.55744756718,35.13666,False
281,desc,65036.2615958,2036-12-09,218960201.874,0.962405031711,201.49671,-0.895458801345,-0.352671206872,2.55741178989e-06,1.76861125622,49.2598415675,-10.9422650031,21.38605,True
102,desc,65036.7491732,2036-12-09,219002328.56,1.02535859846,341.20276,0.970670875014,-0.330391143706,-1.35973095894e-07,1.42734374749,47.3643707382,-13.2111192702,26.06566,True
190,desc,65036.7881858,2036-12-09,219005699.251,0.421484168585,261.65754,-0.0611529129498,-0.41702425062,1.85216777027e-06,1.40282008593,84.5090459718,-6.98102985294,7.36842,False
162,desc,65039.456755,2036-12-12,219236263.632,1.03395903928,276.44687,0.116094815736,-1.02742069702,1.17905437946e-06,1.98198700028,55.3044535833,-7.5407019947,16.72622,True
70,desc,65040.7978064,2036-12-13,219352130.476,0.941733864156,126.75571,-0.563537734266,0.754511691729,-1.50967389345e-06,0.831201674809,29.3882379264,-5.40557219841,8.18219,True
297,desc,65042.031928,2036-12-15,219458758.58,0.431221678467,261.11844,-0.0665773561491,-0.42605116081,5.29689714313e-06,1.4155133359,81.7277848813,-21.9274420732,24.30945,False
78,asc,65044.6708548,2036-12-17,219686761.852,1.77811745868,279.53942,0.29468054273,-1.75352931957,-3.08454036713e-06,2.7247825628,45.4616292796,11.2524632759,36.0152,False
55,asc,65046.9486782,2036-12-19,219883565.799,0.98931839847,302.02023,0.524555075658,-0.838804426641,-2.34320759773e-06,1.85442840024,59.4234893189,13.66572149,22.71515,True
116,asc,65049.1681672,2036-12-22,220075329.647,2.99837388907,64.2053,1.30473584883,2.69961299882,-3.27825546265e-07,2.10075837658,16.7229018362,1.27808803388,6.22709,False
293,desc,65049.6988317,2036-12-22,220121179.057,0.978457343952,231.88447,-0.603951964767,-0.769818678773,2.16532498598e-07,1.88243676927,61.2307127952,-0.788259988864,2.35416,True
28,asc,65050.2080621,2036-12-23,220165176.568,3.72656654819,26.93149,3.32241569163,1.68785432135,-2.79396772385e-08,3.31763782996,25.2462071341,1.03254873947,5.87999,False
170,desc,65050.2261944,2036-12-23,220166743.195,0.826010119371,315.03605,0.584444737429,-0.583709744817,-4.92203980684e-07,1.6436538745,65.1769037638,-2.46411483751,3.58083,True
296,asc,65050.9832438,2036-12-23,220232152.262,0.298621849126,37.00648,0.238469685962,0.179742086481,5.17815351486e-07,0.820052252857,55.4943765495,21.8655694221,18.943,False
256,desc,65052.9886507,2036-12-25,220405419.423,1.34290533143,178.6164,-1.34251379684,0.0324258305427,5.34579157829e-07,1.6717719706,46.7456440633,-3.61919221418,8.6717,True
272,asc,65053.0159872,2036-12-26,220407781.297,1.47711678813,19.28184,1.39425889873,0.487766469847,-2.17463821173e-07,1.44965273372,37.0265952904,0.71913922325,2.63724,True
217,asc,65056.62039,2036-12-29,220719201.697,2.23285327695,226.40736,-1.53961153556,-1.61716729992,-9.685754776e-08,3.00624033684,36.6597579977,4.13303645351,15.72955,False
118,desc,65056.9464398,2036-12-29,220747372.396,0.946791056796,82.94888,0.116223200482,0.939630498067,1.71363353729e-07,0.159009559119,37.3645050295,-33.2229044587,68.42022,True
136,desc,65057.2986956,2036-12-30,220777807.3,1.16905146814,110.33711,-0.406295703052,1.09617751155,-1.88499689102e-06,0.38068019652,14.1866186796,-10.9042191164,24.09941,True
111,asc,65058.6685648,2036-12-31,220896163.997,3.18097401555,248.22125,-1.18021595648,-2.95392721367,-1.2218952179e-06,4.08967628319,41.6455918192,5.72599723923,30.25143,False
210,desc,65058.8660934,2036-12-31,220913230.466,1.0197680676,151.11156,-0.892870185389,0.492655806562,2.71573662758e-06,0.956629315699,26.7728444409,-10.7110836365,22.32417,True
65,asc,65061.4653408,2037-01-03,221137805.442,0.940761703778,96.9752,-0.114245834774,0.933798946525,1.27591192722e-07,0.0428490947669,18.8851211559,2.55177812386,5.05883,True
275,desc,65061.8294204,2037-01-03,221169261.923,1.03716496418,164.4869,-0.99938034667,0.277398784458,3.35648655891e-06,1.12153562984,27.799111593,-13.3170999009,23.29362,True
14,desc,65062.7820494,2037-01-04,221251569.068,2.8131702881,46.433,1.93884353504,2.03833579581,3.35276126862e-07,2.33421378464,31.8792776684,-1.95039941278,8.85374,False
197,asc,65064.9134275,2037-01-06,221435720.134,0.941439297683,352.06267,0.932420030144,-0.130003225378,7.80448317528e-07,1.55936293754,57.2426575638,3.70835628265,5.8333,True
255,desc,65065.0345908,2037-01-07,221446188.644,1.36051847046,119.46913,-0.669313259628,1.1844957868,-1.11758708954e-07,0.53785425571,9.37929119368,-0.724964868357,1.97262,True
109,desc,65066.2638586,2037-01-08,221552397.381,0.650819028605,145.49909,-0.536351150727,0.368636475553,3.49245965481e-07,0.683826153083,21.3249474712,-6.38100036272,8.88522,False
143,asc,65069.5118251,2037-01-11,221833021.687,1.0637435308,222.69423,-0.781833290052,-0.72130923042,-5.60656189919e-07,1.75281548922,44.8386340248,14.6507372391,28.82828,True
273,desc,65072.2147879,2037-01-14,222066557.676,1.07044645389,54.38229,0.62340047217,0.870188176172,9.74163413048e-07,0.92490685817,17.0470290207,-4.83636255101,10.31047,True
74,desc,65072.6373627,2037-01-14,222103068.138,0.91138855174,114.72295,-0.381170896171,0.827851339405,4.83822077513e-07,0.13042182535,9.00269638221,-3.60601638295,5.40987,True
47,asc,65073.7103359,2037-01-15,222195773.021,1.29243824729,141.2725,-1.00827013745,0.808571550923,-1.46683305502e-07,0.694769417785,4.50767486841,1.0272561774,1.99822,True
163,desc,65073.8053929,2037-01-15,222203985.95,0.930264172066,345.54034,0.900796830567,-0.23228538454,-1.47148966789e-06,1.68822072082,60.3107699471,-12.7283765482,26.60392,True
44,asc,65077.1483806,2037-01-19,222492820.085,0.995912089171,203.55397,-0.912936741525,-0.397979139316,6.37024641037e-07,1.4096833846,48.7024201713,7.22742360585,20.2845,True
128,desc,65078.3308115,2037-01-20,222594982.112,0.960298827468,93.62643,-0.0607397584824,0.958375980383,1.4528632164e-07,0.343589819693,7.86163654804,-4.10171476355,8.54804,True
83,desc,65079.0029723,2037-01-21,222653056.806,0.314292058936,335.74474,0.286547718105,-0.129111980694,5.83007931709e-07,1.23782398741,87.1570101485,-29.0632826163,26.45905,False
21,asc,65079.1809967,2037-01-21,222668438.119,1.66360731202,311.6149,1.10483598293,-1.24375509625,5.3271651268e-07,2.62075307379,48.4815338156,2.40496944717,7.13333,False
240,desc,65079.2417383,2037-01-21,222673686.192,1.03341884521,317.21706,0.758459302285,-0.701921645495,2.93552875519e-06,1.97889478266,59.5969512736,-15.4753856757,28.00194,True
8,desc,65079.8806928,2037-01-21,222728891.854,2.51003644744,130.13923,-1.61808800491,1.91887315262,9.83476638794e-07,1.57781031267,21.9954609026,-9.44934325695,42.03945,False
68,asc,65080.5110842,2037-01-22,222783357.672,1.27655297873,139.30103,-0.967813609643,0.832420761688,-9.685754776e-08,0.536434631959,12.396387421,5.92183412681,13.91996,True
263,desc,65081.7097726,2037-01-23,222886924.353,0.948823241974,324.35835,0.77108718999,-0.552892475933,-7.49714672565e-07,1.87939703238,64.2659936717,-2.9602695586,4.64461,True
54,asc,65082.3738909,2037-01-24,222944304.177,0.970247715595,18.12085,0.922125964338,0.30176867881,2.8945505619e-06,1.49632930716,44.6571218541,10.2961503773,17.99169,True
117,desc,65082.612245,2037-01-24,222964897.966,0.886531582092,98.65037,-0.133338360061,0.87644687676,-1.56834721565e-06,0.333327270209,16.3950535565,-10.3505747992,18.68411,True
35,desc,65085.7271214,2037-01-27,223234023.291,1.00999867392,218.30847,-0.792530547253,-0.626093166383,-2.18092463911e-06,1.49174939573,38.9363366243,-20.6621130782,44.05781,True
286,asc,65087.6153158,2037-01-29,223397163.284,1.25668003261,241.00265,-0.609199733215,-1.0991452995,1.06729567051e-06,1.92217874054,42.3656475304,4.43092031501,10.38842,True
153,desc,65088.7073866,2037-01-30,223491518.204,0.48110636005,92.10936,-0.0177080631849,0.480780359602,-2.89874151349e-08,0.633128113838,40.3265373216,-1.3900964912,1.52282,False
239,asc,65089.4107735,2037-01-31,223552290.831,0.375111652701,208.83489,-0.328602742704,-0.180911551538,-1.1982396245e-05,1.01387091734,74.335862078,34.8824222799,36.24349,False
264,asc,65092.7087273,2037-02-03,223837234.041,0.94514212687,321.04994,0.735031543441,-0.594156772353,9.18284058571e-07,1.91870223747,69.0663388952,5.12673088082,8.17004,True
115,desc,65093.9394591,2037-02-04,223943569.262,2.16169926786,289.438,0.71938460954,-2.03848706354,-9.31322574615e-09,3.10416318068,43.6835940262,-0.982665120963,3.69008,False
67,asc,65094.6548476,2037-02-05,224005378.831,1.55503535752,99.34195,-0.25242316636,1.53441112751,-1.3574026525e-07,0.876430837047,25.2627601697,0.554334755704,1.43938,True
26,asc,65095.0245182,2037-02-06,224037318.374,0.351985044212,161.99674,-0.334751480664,0.108788407204,3.18326056004e-06,0.707520400539,51.284075234,19.7756101381,19.2213,False
105,desc,65095.9986691,2037-02-06,224121485.008,1.03264242452,336.83722,0.949402207614,-0.406184471749,-5.17442822456e-06,1.9705686016,55.1475651316,-18.1932652265,37.1231,True
293,asc,65096.0645169,2037-02-07,224127174.262,0.249352319236,51.88447,0.153912507329,0.196182362093,4.43076714873e-07,0.974050164655,89.0436191374,3.09312853961,2.35416,False
215,asc,65096.6194209,2037-02-07,224175117.965,1.69672636046,75.47581,0.425519847336,1.64250211622,1.35507434607e-07,1.42553897598,10.56041097,0.703009006229,2.13279,False
106,asc,65096.9372286,2037-02-07,224202576.548,1.61146583978,190.01269,-1.58692203684,-0.280179588434,3.08454036713e-06,1.35824720686,25.1316408435,13.6126871383,40.78349,False
172,asc,65099.57439,2037-02-10,224430427.297,1.53611639021,116.63182,-0.688572773593,1.37314278199,5.14090061188e-07,0.68277916213,11.0287396656,6.32760468852,17.25133,True
76,asc,65100.5590718,2037-02-11,224515503.805,1.24045185344,213.60445,-1.03314537864,-0.686535816464,9.26665961742e-08,1.40121188448,46.7996919378,1.80379599537,4.09944,True
147,desc,65104.3357786,2037-02-15,224841811.273,4.12115731019,198.46202,-3.90905692346,-1.305071471,2.75671482086e-06,3.69576968368,27.0375432891,-8.49147946939,70.55951,False
186,asc,65106.4152157,2037-02-17,225021474.634,1.06766146257,292.44372,0.407607252995,-0.986791429823,2.36090272665e-06,1.98480549144,58.2207311151,14.6685065693,30.12309,True
270,asc,65106.9686184,2037-02-17,225069288.63,0.902324421954,90.70575,-0.0111142454625,0.902255970334,5.72763383389e-07,0.836701865548,26.4498209521,4.56702548957,7.03616,True
229,desc,65107.8270688,2037-02-18,225143458.746,1.07136512009,219.09556,-0.831481410134,-0.675619630523,-1.29267573357e-06,1.25785140691,32.129286352,-11.84409132,24.832,True
235,desc,65107.9153197,2037-02-18,225151083.624,0.409986013895,196.51692,-0.393068277455,-0.11655840102,1.20606273413e-06,0.806586786647,40.0400197463,-9.24529238112,9.20708,False
222,desc,65108.3050878,2037-02-19,225184759.582,1.0079617149,108.01435,-0.311717382885,0.958550516096,-1.49756669998e-06,0.623094335453,17.2289395196,-10.5362056971,21.61632,True
183,desc,65108.319178,2037-02-19,225185976.982,0.967442388613,142.74951,-0.770081070637,0.585593647447,-3.88640910387e-06,0.0346027481245,12.9335665298,-11.2496982245,21.47,True
38,desc,65109.2548626,2037-02-20,225266820.132,2.57963097596,258.7561,-0.502991671445,-2.53011765549,-3.01748514175e-07,3.1072382412,31.8668280097,-2.28227637105,9.53681,False
145,asc,65109.9552283,2037-02-20,225327331.729,1.92477615493,61.2066,0.927073685087,1.68680100457,9.685754776e-08,2.08304947158,42.5910821076,4.71130977728,15.15631,False
71,desc,65110.6244549,2037-02-21,225385152.903,0.943653171143,39.36124,0.729597514112,0.59847203344,-2.80514359474e-06,1.55670159886,56.530803644,-10.1215370961,16.69512,True
177,asc,65112.1309434,2037-02-23,225515313.506,0.837467557661,52.45999,0.510281782838,0.664051513241,-3.36207449436e-07,1.35837949464,61.7659750175,3.69949657604,5.37753,True
10,desc,65117.8212665,2037-02-28,226006957.421,1.00031431564,176.78899,-0.998743841213,0.0560309709645,-5.82169741392e-06,0.393522164838,36.9286024296,-19.3030697769,39.82206,True
299,asc,65118.6230213,2037-03-01,226076229.042,0.709026847822,157.86367,-0.656764400208,0.267169596983,1.07008963823e-06,0.284358284251,15.3698138525,7.5044755552,11.16926,False
81,desc,65119.4452038,2037-03-02,226147265.605,0.883137983233,310.14228,0.569348379876,-0.675111190666,1.78813934326e-07,1.82719752832,60.8074791295,-7.20238227673,17.0676,True
77,desc,65121.5468425,2037-03-04,226328847.19,4.16650233725,181.27533,-4.16547023294,-0.0927332991331,-3.89292836189e-07,3.28235703888,21.7461676839,-2.07150418803,13.23278,False
69,desc,65124.4746111,2037-03-07,226581806.4,1.01940254929,46.5645,0.700877540033,0.740237955917,1.49419065565e-07,1.68738435425,55.883868953,-4.01762693998,6.24493,True
226,asc,65130.1599428,2037-03-13,227073019.061,0.967604659562,150.72865,-0.844054967774,0.473106741214,2.48849391937e-06,0.267889709103,25.1827651102,22.3575057632,45.86726,True
99,asc,65131.0803291,2037-03-14,227152540.432,1.9701763602,356.54428,1.96659395029,-0.118756578704,6.51925802231e-07,2.95456893596,48.5740799616,3.57458459254,12.15584,False
114,desc,65132.0968763,2037-03-15,227240370.113,0.967289829253,322.31976,0.765546433605,-0.591259902049,-2.09361314774e-06,1.91038286574,66.3935675106,-17.6878977421,28.42255,True
134,desc,65132.3045963,2037-03-15,227258317.117,1.01735989839,164.3211,-0.979505293399,0.274937343874,-6.80983066559e-06,0.0773545148359,20.9546469609,-20.2209635352,38.14572,True
79,desc,65137.6809828,2037-03-20,227722836.917,1.03094297251,84.506,0.0987040413957,1.02620705746,4.75440174341e-07,1.42478876063,43.1162027764,-5.06486646039,9.02376,True
231,desc,65140.7104585,2037-03-23,227984583.617,1.0251705712,178.77697,-1.02493702188,0.0218815270566,5.60656189919e-07,0.0444139998133,15.406552632,-10.2729572834,19.07078,True
44,desc,65143.0140866,2037-03-26,228183617.085,0.321353249283,23.55397,0.294579402608,0.128416846182,-4.75253909826e-06,1.29590099539,94.1919575789,-22.3986487104,20.2845,False
297,asc,65144.3165476,2037-03-27,228296149.71,0.9578518783,81.11844,0.147885064281,0.946366857263,-2.87313014269e-07,1.49044922432,41.417339336,9.87166031563,24.30945,True
60,desc,65145.5136056,2037-03-28,228399575.525,0.202180935107,64.89558,0.0857791598236,0.183082129823,4.52063977718e-06,1.10304329722,98.0067860005,-53.7564725967,38.87863,False
26,desc,65147.4009728,2037-03-30,228562644.053,0.886596595788,341.99674,0.843187879918,-0.274021391176,-5.28991222382e-07,1.85121682653,51.9686561672,-7.85105542005,19.2213,True
202,desc,65150.5828498,2037-04-02,228837558.22,1.12403010091,336.84047,1.03344829723,-0.442072714286,-3.0011869967e-07,2.05135252716,54.3121831859,-2.72275227384,5.54384,True
296,desc,65152.3877436,2037-04-04,228993501.044,0.964497486906,217.00648,-0.770216290224,-0.580536190535,-2.32085585594e-06,0.485234283343,19.8171192305,-6.76988469296,18.943,True
265,asc,65152.4716665,2037-04-04,229000751.983,0.315588069183,141.40332,-0.246649945221,0.196874665545,6.39818608761e-07,0.817947059001,47.4423357267,21.5554867094,18.97022,False
83,asc,65153.7307754,2037-04-05,229109538.994,0.961756022516,155.74474,-0.876856369071,0.395091830928,-2.04145908356e-06,0.575314579215,25.8688515368,9.49758433433,26.45905,True
239,desc,65154.3691535,2037-04-06,229164694.863,1.04562423427,28.83489,0.915980585364,0.504291192195,1.12503767014e-06,2.01905463453,54.6851248072,-12.5138674515,36.24349,True
245,asc,65155.3622489,2037-04-07,229250498.309,1.6330373788,298.62405,0.78232345922,-1.43345076153,-2.60770320892e-08,2.15271949387,52.3063350458,2.78482319016,7.7007,False
190,asc,65162.0498776,2037-04-14,229828309.424,1.00185223141,81.65754,0.145358205272,0.991251171875,-4.04193997383e-07,1.70240280991,42.5523404918,2.93695364564,7.36842,True
195,desc,65162.1361,2037-04-14,229835759.043,0.885563410551,234.20354,-0.517972735968,-0.718280445857,-8.50297510624e-07,0.59592383008,36.0809244041,-10.8102712678,19.42916,True
2,desc,65162.745032,2037-04-14,229888370.764,0.875845731894,114.34257,-0.361016083176,0.79798066002,-9.98377799988e-07,1.26407077694,36.6548245748,-4.289030879,6.66957,True
292,desc,65163.6711959,2037-04-15,229968391.324,1.60443544158,306.7835,0.960724678639,-1.28499851286,-4.00468707085e-08,2.12872877577,34.2834471293,-0.839969419572,2.51747,False
160,desc,65164.9277942,2037-04-16,230076961.416,1.73748049249,84.05008,0.180105752309,1.72812047606,-3.44589352608e-08,2.36505967504,37.1197641699,-0.732786556939,1.94299,False
122,desc,65165.6255585,2037-04-17,230137248.255,1.03181350134,344.87309,0.996061342786,-0.269259917098,5.77419996262e-07,1.93201423473,60.1518954775,-6.14589174521,10.06177,True
141,desc,65168.5703533,2037-04-20,230391678.524,1.54092781179,127.34369,-0.934718797627,1.22505481123,1.00582838058e-07,1.63943019457,20.8066690768,-0.980504112819,3.20528,True
269,desc,65169.4032597,2037-04-21,230463641.637,1.09237407123,284.47484,0.273044188652,-1.05769938193,1.63353979588e-06,1.33949255473,42.6009761329,-6.27187308188,13.47265,True
247,asc,65170.9638522,2037-04-22,230598476.83,0.988092717336,130.33277,-0.639519176103,0.753221376123,1.5523401089e-06,1.2320987259,40.3362480825,5.42526527264,8.69826,True
11,asc,65171.1229213,2037-04-23,230612220.404,3.66148411108,347.89802,3.58011125992,-0.767638757681,-1.75833702087e-06,4.48745894054,39.0589492666,6.39326657244,39.51172,False
52,asc,65171.2343891,2037-04-23,230621851.221,0.984975461154,131.99742,-0.659044266239,0.732009094351,-3.43471765518e-06,1.21104823734,49.5006204395,22.7874801947,42.36114,True
196,desc,65172.3042669,2037-04-24,230714288.657,0.96698838138,264.80995,-0.0874734143732,-0.963023847836,-8.85222107172e-07,0.93851417872,35.0446753909,-6.29131710576,9.52381,True
81,asc,65172.9702931,2037-04-24,230771833.321,0.378024734515,130.14228,-0.24370797569,0.288979449944,-2.3553147912e-06,1.00117659717,70.9071371104,16.8261406665,17.0676,False
228,desc,65174.5213781,2037-04-26,230905847.07,0.922043696021,140.05713,-0.706917061839,0.591973686116,1.38767063618e-07,1.10952970576,33.1838862915,-4.46359775662,7.15733,True
37,asc,65176.2122185,2037-04-28,231051935.682,0.968429042528,272.66887,0.0450936645302,-0.967378608318,2.48849391937e-06,1.00045766264,33.9233019043,10.5805039619,24.92726,True
155,asc,65177.4402299,2037-04-29,231158035.864,0.974045835208,286.22318,0.272128522809,-0.935260047346,-1.27404928207e-06,1.18126074272,33.5312238344,10.6228736428,19.00837,True
185,asc,65178.147665,2037-04-30,231219158.255,0.607201001521,322.05585,0.478845088599,-0.373363679772,1.70152634382e-06,1.32938540244,73.5076207903,11.9984677031,16.44727,False
107,asc,65178.6090137,2037-04-30,231259018.782,2.27141163618,218.89189,-1.76791242184,-1.42611236923,2.71946191788e-07,1.27062134263,14.8505923125,1.72033602189,6.62299,False
63,asc,65181.6234691,2037-05-03,231519467.732,2.0528819336,357.06027,2.05018041274,-0.10528299254,-2.27987766266e-06,2.89801967594,36.7317744202,13.3626832493,53.19536,False
126,desc,65181.793663,2037-05-03,231534172.48,3.54372344657,158.65275,-3.3005933618,1.28998423472,-5.58793544769e-09,3.13877025059,30.8286559384,-0.431614765276,2.42699,False
266,asc,65182.6092232,2037-05-04,231604636.882,1.13297687933,6.10124,1.12655929509,0.120419117045,8.1630423665e-07,2.05869219666,62.4379619239,2.91881032731,5.70303,True
274,desc,65182.6907844,2037-05-04,231611683.776,2.39046392753,128.19497,-1.47811803676,1.87869232665,-1.63912773132e-07,2.59312870124,40.3403620464,-2.34794819499,9.1404,False
119,asc,65183.7003443,2037-05-05,231698909.748,4.50459789232,272.69833,0.212064468738,-4.49960340837,3.12924385071e-07,3.98961872137,27.6877895826,1.98570426308,13.44416,False
294,asc,65183.8017238,2037-05-05,231707668.934,0.59322375123,187.91609,-0.587570819197,-0.0817003760858,-8.91275703907e-07,0.588466907637,17.0315552942,2.75171724974,3.7759,False
1,desc,65183.892471,2037-05-05,231715509.497,2.32008851026,156.03924,-2.12015210797,0.942213210749,-2.98023223877e-08,2.07204837452,31.6106342628,-5.83075873085,22.14242,False
41,desc,65185.5413289,2037-05-07,231857970.815,0.968475555186,235.15904,-0.553290521054,-0.79486759923,8.07270407677e-06,0.248928599504,30.2002930044,-28.5000164164,47.83485,True
20,asc,65185.6952689,2037-05-07,231871271.232,2.53649301531,168.07244,-2.48172933228,0.524229280017,-7.45058059692e-09,2.09014744342,17.271792325,1.32463895486,5.31181,False
243,asc,65187.3089991,2037-05-09,232010697.52,0.989792368677,126.38707,-0.587181683315,0.796810268427,4.13507223129e-07,1.48812376568,57.2893451006,9.49508602013,15.64982,True
9,desc,65188.2432622,2037-05-10,232091417.853,1.15289665413,157.13487,-1.06230440351,0.447973268621,3.55765223503e-07,1.18959385779,23.3251469376,-6.26603487675,13.33676,True
234,desc,65188.7615892,2037-05-10,232136201.307,0.977618340204,358.94914,0.977453913774,-0.0179294604365,2.22399830818e-06,1.83574413529,57.746561733,-11.7732886821,18.71928,True
280,desc,65189.8650367,2037-05-11,232231539.167,1.9976105856,344.91856,1.9288068168,-0.519761786953,2.36928462982e-06,2.64933702135,41.4508695998,-10.0949491123,36.78219,False
110,desc,65189.9168542,2037-05-11,232236016.206,1.10832848117,12.31083,1.08284278933,0.236312326715,-7.0221722126e-07,2.0322977115,56.7222143095,-7.68295620249,13.85069,True
230,asc,65190.2616912,2037-05-12,232265810.117,1.14770292761,87.66314,0.0467971212242,1.14674846391,-9.685754776e-07,2.01364895435,45.4332566335,3.44067547343,8.26679,True
205,desc,65190.3550866,2037-05-12,232273879.485,1.98143487968,293.04616,0.775677465665,-1.82329609544,5.66244125366e-07,1.84793556992,40.0144052235,-2.42301615875,7.75324,False
273,asc,65190.7213923,2037-05-12,232305528.297,0.84284887385,234.38229,-0.490853497637,-0.685169371767,-4.94532287121e-07,0.216002760494,9.46800557949,6.14234331098,10.31047,True
298,asc,65193.4509815,2037-05-15,232541364.805,1.02542621207,138.73493,-0.770778387867,0.676313236008,-5.12599945068e-06,1.4373585144,48.1037508037,15.6757749702,29.79622,True
64,asc,65195.5276844,2037-05-17,232720791.928,1.02774044663,19.21585,0.970480255764,0.338258035841,5.05894422531e-06,1.96346307076,60.0331208964,26.6153828767,44.12226,True
128,asc,65195.6621731,2037-05-17,232732411.758,0.673285881758,273.62643,0.0425859333344,-0.671937732871,1.56741589308e-06,0.692560099984,24.8995789623,5.85022200045,8.54804,False
89,asc,65196.2172508,2037-05-18,232780370.467,1.38246902593,8.869,1.36593943484,0.213143303927,6.07222318649e-07,2.23656320323,46.0503251235,6.01475569882,15.31841,True
162,asc,65197.7404627,2037-05-19,232911975.98,0.689498332152,96.44687,-0.0774181362909,0.685138221247,2.04425305128e-06,1.58330522437,62.5510769264,11.3078982593,16.72622,False
45,desc,65198.3430059,2037-05-20,232964035.708,0.983536260425,344.09288,0.945873960071,-0.269566368881,-6.27338886261e-06,1.6432036646,46.2369915532,-20.6465545151,37.98278,True
57,desc,65198.6482428,2037-05-20,232990408.18,1.01208037462,351.12615,0.999966150294,-0.15612297385,-8.83638858795e-06,1.73132435441,50.6663560944,-27.8206397933,55.89453,True
253,asc,65198.9108671,2037-05-20,233013098.921,1.22162503872,116.68273,-0.548570356743,1.09153025561,2.79024243355e-06,1.90887344999,39.3579820704,15.7073466165,38.24694,True
104,asc,65199.0010737,2037-05-21,233020892.766,1.41485729888,68.67554,0.514511361749,1.31799060498,-1.42306089401e-06,2.40741820168,50.3906226897,9.70027179905,24.75984,True
108,asc,65202.0538263,2037-05-24,233284650.596,1.05492068048,168.84081,-1.03497556269,0.204164704941,2.07871198654e-06,1.15642420987,27.5060520237,11.3859450987,19.57999,True
238,asc,65202.9650414,2037-05-24,233363379.579,2.16950615382,53.30016,1.29654657655,1.73946081482,-8.56816768646e-07,3.18057170973,45.8857675645,2.98054680038,10.90394,False
173,desc,65203.5676264,2037-05-25,233415442.917,1.07469421748,58.33422,0.564175140068,0.914698897129,-1.91852450371e-07,2.08791425094,62.5728563671,-4.58594074335,8.2711,True
289,desc,65203.9468659,2037-05-25,233448209.21,1.22378564461,8.72262,1.20963145364,0.185588389468,8.3347549662e-07,2.03017959187,60.0694232703,-2.71556350088,5.82974,True
50,asc,65205.5449175,2037-05-27,233586280.874,1.11506915967,284.1074,0.271787261345,-1.08143927958,1.00582838058e-07,0.801955202683,33.9728528642,5.78853882854,10.61149,True
265,desc,65209.0860747,2037-05-31,233892236.853,1.13256209283,321.40332,0.885161403211,-0.70653109229,-2.60770320892e-07,1.35191837617,13.4109925747,-6.00642955827,18.97022,True
12,asc,65209.3963625,2037-05-31,233919045.723,1.42877315725,125.36536,-0.826957122288,1.16513289061,-2.54658516496e-08,2.11027124788,56.8925803763,0.203021698295,0.44808,True
241,desc,65211.8073668,2037-06-02,234127356.488,0.333243651154,33.02113,0.27941468906,0.18160055774,-2.04332172871e-06,1.30663335985,95.0221106522,-32.651708893,31.4187,False
87,desc,65213.7181506,2037-06-04,234292448.214,0.650232851113,159.37397,-0.608552661522,0.229055492887,7.11064785719e-07,1.19233822552,42.5361589623,-2.33489558512,3.1187,False
256,asc,65214.6226583,2037-06-05,234370597.674,1.03864715568,358.6164,1.03834432995,-0.0250792039287,-8.78237187862e-07,1.68006285994,44.8146920226,4.67938750259,8.6717,True
60,asc,65215.3436801,2037-06-06,234432893.957,1.02936763287,244.89558,-0.436729064741,-0.932129522985,-9.83476638794e-07,0.084201897602,21.6652847011,10.5584570085,38.87863,True
10,asc,65219.3823062,2037-06-10,234781831.253,1.05046659754,356.78899,1.04881738499,-0.0588401690407,1.48499384522e-06,1.62170652063,35.6496487028,18.3814859786,39.82206,True
5,asc,65221.0548113,2037-06-12,234926335.7,0.954979016943,295.27177,0.407692349914,-0.863580841973,-5.17070293427e-06,0.680965205271,38.2241579683,17.1870722726,37.03321,True
242,asc,65221.3858546,2037-06-12,234954937.837,1.00399146782,277.35076,0.128453988392,-0.995740146982,-2.45403498411e-07,0.386192369672,20.9879977016,1.14935222689,1.91954,True
178,desc,65222.6474773,2037-06-13,235063942.037,0.774787458275,282.72819,0.170705936845,-0.755748032499,2.07405537367e-06,0.469392323781,39.1559920104,-7.54855379973,12.37568,False
257,asc,65223.1530044,2037-06-14,235107619.582,1.00261986646,36.09232,0.810185885763,0.590631380076,1.96509063244e-06,1.89190901003,58.434173744,9.32602531911,17.74569,True
191,asc,65223.8910227,2037-06-14,235171384.359,1.02278242989,359.93571,1.02278178602,-0.00114763546599,-3.20374965668e-07,1.58750833134,59.8578499516,2.04527799682,5.04225,True
32,desc,65225.5809851,2037-06-16,235317397.114,1.01143991861,238.16545,-0.533502387737,-0.85929384453,-1.04680657387e-06,0.372439061653,14.7396288967,-7.36883079626,11.6234,True
93,desc,65225.6754223,2037-06-16,235325556.49,2.24080122216,59.03405,1.15295627685,1.92142705844,2.75671482086e-07,3.2136800642,42.2736316387,-6.00320714973,22.76523,False
199,asc,65227.7990297,2037-06-18,235509036.164,3.2058913702,74.44268,0.859827374893,3.08843590883,-1.31130218506e-06,4.21734981402,40.7996066222,5.43784205447,28.06534,False
103,asc,65231.7140222,2037-06-22,235847291.517,0.738472615075,311.92731,0.493437989751,-0.549418559466,-4.7916546464e-07,0.742483188695,38.4458552051,2.91050465573,4.69797,False
76,desc,65233.2781459,2037-06-24,235982431.806,0.995075052713,33.60445,0.828776376336,0.550730495396,-7.18981027603e-07,1.80097615258,50.1369558515,-2.24859630394,4.09944,True
198,desc,65234.7424166,2037-06-25,236108944.792,0.934096917009,218.83283,-0.727641693906,-0.585725717085,1.78813934326e-07,0.816378549569,12.9218447095,-12.8256141048,34.03784,True
296,asc,65235.9085571,2037-06-26,236209699.33,0.298621849126,37.00648,0.238469685962,0.179742086481,-2.24797986448e-06,1.22411155155,87.0123534219,21.8655694221,18.943,False
21,desc,65236.3139504,2037-06-27,236244725.312,0.902458400332,131.6149,-0.599341266762,0.67470083021,3.35276126862e-07,1.79294788511,66.2662850294,-4.4333619766,7.13333,True
33,desc,65236.464949,2037-06-27,236257771.592,1.93478995766,135.60707,-1.38252159476,1.35353101933,2.98023223877e-07,2.74229014274,49.780049471,-8.20726354981,27.12971,False
288,asc,65238.5743731,2037-06-29,236440025.834,0.997348247071,83.16315,0.11872690185,0.990256254064,-4.09781932831e-07,2.0099034864,62.5980588801,5.49134655979,9.33904,True
233,desc,65241.0931783,2037-07-02,236657650.602,0.958924555396,126.8226,-0.574721263765,0.767614338009,-1.28662213683e-06,1.89715399989,63.3729304606,-6.59211742644,10.12318,True
39,asc,65241.8328203,2037-07-02,236721555.67,2.41523656794,252.04419,-0.744577316195,-2.29760142307,2.98023223877e-08,1.52776271824,29.7321627738,11.3629578299,52.36973,False
185,desc,65243.1283227,2037-07-04,236833487.078,0.968277930439,142.05585,-0.763594147947,0.595387376247,2.88709998131e-07,1.82860327799,64.8172781595,-7.52416364873,16.44727,True
181,desc,65243.2113417,2037-07-04,236840659.919,2.17584690579,88.50377,0.056813912555,2.1751050404,-3.78116965294e-07,3.18811049845,44.8978599585,-1.29916804743,4.68129,False
210,asc,65246.2124458,2037-07-07,237099955.321,0.858329658611,331.11156,0.751520846513,-0.414663984581,-3.98606061935e-07,0.837452170807,31.6604781807,12.7256712527,22.32417,True
6,asc,65248.1742901,2037-07-09,237269458.667,0.809115161942,77.51847,0.174869918623,0.789992314421,2.74553894997e-06,1.79044178937,68.4955216588,14.5761323453,24.37798,True
215,desc,65248.651844,2037-07-09,237310719.318,0.878932068095,255.47581,-0.220426256201,-0.850843020717,-1.5227124095e-07,0.444894634553,29.4689463961,-1.35711729701,2.13279,True
24,asc,65248.9860915,2037-07-09,237339598.301,1.02769998786,94.35212,-0.0779878364561,1.02473663076,-1.95950269699e-06,2.04211046652,52.4085829229,28.2308188568,64.00427,True
98,desc,65249.619845,2037-07-10,237394354.609,1.21233878376,131.66594,-0.805946325021,0.905657687972,1.6950070858e-07,2.15802869703,49.3525467441,-2.30025447,5.52413,True
222,asc,65250.4254183,2037-07-11,237463956.139,0.875058528711,288.01435,0.270616383945,-0.832162364812,2.1904706955e-06,0.1658461808,12.3272663952,12.136436152,21.61632,True
225,asc,65250.7294418,2037-07-11,237490223.77,2.61511981587,107.52446,-0.787446366634,2.4937481571,1.11758708954e-08,3.6315802636,43.3637663182,1.93304616535,8.14565,False
193,desc,65252.3319143,2037-07-13,237628677.399,1.45761302631,11.10298,1.43033037231,0.280696919282,1.04308128357e-06,1.72392876979,46.7760729807,-8.75327658469,23.07163,True
287,desc,65253.0304155,2037-07-14,237689027.899,4.46784708947,259.08291,-0.846158099176,-4.38698918235,1.82539224625e-07,3.58384289737,20.4865668347,-1.44895638596,9.76964,False
297,desc,65253.6679549,2037-07-14,237744111.304,0.431221678467,261.11844,-0.066577356149,-0.42605116081,3.92529182136e-06,0.653203199654,33.1087106931,-21.9274420732,24.30945,False
66,asc,65257.8222303,2037-07-18,238103040.702,1.42160351902,116.51175,-0.634577274459,1.2721117278,3.93763184547e-06,2.43613309288,50.7534785248,14.4292109042,38.56598,True
27,asc,65258.0231094,2037-07-19,238120396.652,1.04048377536,43.45101,0.755352384101,0.715576175269,-7.42264091969e-06,1.71954731226,49.7753829299,30.2756901912,60.6846,True
42,desc,65258.2065793,2037-07-19,238136248.452,0.858103395024,56.20005,0.477358534026,0.71307101087,-1.78813934326e-06,1.6723641506,60.0748183914,-14.2392211932,25.15147,True
241,asc,65258.4630635,2037-07-19,238158408.686,0.933305181083,213.02113,-0.782548072762,-0.508603062173,-1.12503767014e-06,1.22443376068,58.4123137785,11.6585388236,31.4187,True
78,desc,65258.8387138,2037-07-19,238190864.875,1.03098586634,99.53942,-0.170861307929,1.01672920192,-1.29640102386e-06,2.03915277651,58.7049737653,-19.4068629427,36.0152,True
190,desc,65259.3333553,2037-07-20,238233601.894,0.421484168585,261.65754,-0.0611529129498,-0.41702425062,1.09313987195e-06,0.685194715268,34.5709920236,-6.98102985294,7.36842,False
112,asc,65260.1471841,2037-07-21,238303916.71,1.10051648397,0.98343,1.10035437855,0.0188884381141,6.10202550888e-06,1.19869081415,40.7547434288,24.4786405582,62.10129,True
195,asc,65260.7818946,2037-07-21,238358755.692,0.987212032964,54.20354,0.577427783943,0.800727639313,1.96509063244e-06,1.74894688325,44.7189520171,9.69718801354,19.42916,True
186,desc,65260.9727737,2037-07-21,238375247.645,1.12950453834,112.44372,-0.431217439477,1.04395020093,-3.93018126488e-06,2.14771317643,55.4428085806,-13.8653707408,30.12309,True
276,desc,65262.2949629,2037-07-23,238489484.798,3.36711339777,180.07695,-3.36711036108,-0.00452213584089,-2.04890966415e-07,3.89630105402,31.1163970921,-1.27992059315,6.73598,False
294,desc,65263.0236914,2037-07-24,238552446.937,0.832012706109,7.91609,0.8240843127,0.114587035425,-6.6589564085e-08,1.11035221682,27.446238395,-1.96197007237,3.7759,True
117,asc,65263.9697439,2037-07-24,238634185.871,0.966675213046,278.65037,0.145392324676,-0.955678836976,2.75671482086e-07,0.300879608731,11.3739560237,9.49244516511,18.68411,True
207,desc,65266.6825411,2037-07-27,238868571.55,0.927758079007,123.58001,-0.513143843863,0.772928488716,9.79751348495e-07,1.9436466006,64.3525098308,-8.23473192107,13.53154,True
105,asc,65270.7182647,2037-07-31,239217258.073,1.15925096641,156.83722,-1.06580496846,0.45598527645,3.04728746414e-06,2.07882901009,52.7169987913,16.2062728932,37.1231,True
54,desc,65271.5616529,2037-08-01,239290126.81,1.50254038139,198.12085,-1.42801830488,-0.467323569498,1.06543302536e-06,2.02017142308,45.4220190087,-6.64861757243,17.99169,True
271,asc,65271.7155712,2037-08-01,239303425.347,2.50485851369,210.87182,-2.1499635939,-1.28529090812,-4.32133674622e-07,2.74177371786,35.0273357526,3.83314643473,15.73453,False
37,desc,65274.122144,2037-08-04,239511353.24,0.50779561716,92.66887,-0.0236448559518,0.507244822146,-2.0693987608e-06,1.46982581378,71.7240746388,-20.1783295779,24.92726,False
252,asc,65274.3608874,2037-08-04,239531980.673,0.981741174211,21.45675,0.91370057928,0.359119735693,6.98491930962e-07,1.22717172847,47.0554842068,10.3866790872,15.97737,True
83,desc,65275.6654233,2037-08-05,239644692.576,0.314292058936,335.74474,0.286547718105,-0.129111980694,-7.77188688517e-06,0.75673311364,48.4649047112,-29.0632826163,26.45905,False
138,asc,65275.9507065,2037-08-05,239669341.039,5.31668933509,187.08625,-5.27607818393,-0.655884504217,1.11758708954e-06,5.89354908247,30.3700633383,5.42014361062,46.98405,False
230,desc,65281.1620615,2037-08-11,240119602.11,0.675246903389,267.66314,-0.0275329185228,-0.674685348095,8.81031155586e-07,0.714629744228,43.4251600801,-5.84804357337,8.26679,False
30,desc,65281.5178543,2037-08-11,240150342.614,1.19478123099,215.50297,-0.972653975199,-0.693863411958,8.475035429e-08,1.66080336082,31.7144435931,-2.77079219232,6.35218,True
136,asc,65281.7664874,2037-08-11,240171824.507,1.03627887693,290.33711,0.360151512861,-0.971681428534,1.28895044327e-06,0.400139295836,15.9523241525,12.3013154574,24.09941,True
218,asc,65281.8467995,2037-08-11,240178763.473,4.54846438129,173.91597,-4.52284526662,0.482077713719,9.05245542526e-07,5.35652718869,36.0927040573,3.38355670525,24.23489,False
168,asc,65282.8086142,2037-08-12,240261864.265,1.02769076006,3.07513,1.02621093663,0.0551308610341,-2.27615237236e-06,0.852189325997,32.0045408684,13.6375614062,23.65377,True
285,desc,65284.4960882,2037-08-14,240407662.024,1.04441819683,13.47036,1.0156868321,0.24328918792,-2.01165676117e-06,1.00015841307,28.0522253579,-19.4190972186,35.13666,True
191,desc,65285.3652021,2037-08-15,240482753.457,0.464185077112,179.93571,-0.464184784896,0.000520849050206,-1.1851079762e-06,1.38867122104,84.6312096088,-4.50655245617,5.04225,False
198,asc,65285.9504487,2037-08-15,240533318.769,0.356829085783,38.83283,0.277962292441,0.223749771936,8.99843871593e-06,1.02865889501,56.6878160935,33.5745236902,34.03784,False
100,desc,65287.9957131,2037-08-17,240710029.609,1.39803410615,330.89053,1.22145097421,-0.680115342838,2.44472175837e-07,0.458400940252,25.2805489327,-2.08849289995,5.01801,True
150,desc,65288.8103763,2037-08-18,240780416.509,1.03622749297,296.19322,0.457390477726,-0.929817921995,1.84052623808e-07,0.415329201819,15.124969706,-4.60885473215,7.35457,True
278,desc,65291.3834196,2037-08-21,241002727.454,0.295975970714,117.22413,-0.135400856131,0.263188874003,-2.18627974391e-06,1.28921712994,104.113102756,-9.86381093381,8.35561,False
178,asc,65293.2892956,2037-08-23,241167395.136,0.915811294371,102.72819,-0.201777175546,0.893306385473,1.51293352246e-06,1.80751448834,51.6465946284,6.38616803275,12.37568,True
7,asc,65294.070713,2037-08-24,241234909.602,1.02598296037,19.88008,0.964840952271,0.348888193813,-8.41915607452e-06,0.946944183891,36.5724911682,24.8932422961,43.64693,True
208,asc,65294.1624085,2037-08-24,241242832.093,1.0850889046,72.98582,0.317506095051,1.03759713304,3.19443643093e-07,1.70222182263,46.7636579111,1.93511346761,3.41388,True
132,desc,65294.5689865,2037-08-24,241277960.433,1.13289924295,358.00841,1.13221490256,-0.0393714248354,1.0821968317e-06,0.619663380122,30.6778541731,-4.72481722903,8.56552,True
272,desc,65298.530559,2037-08-28,241620240.295,0.377079538072,199.28184,-0.355927510748,-0.124517408924,-9.40635800362e-08,1.28649481872,81.4461309934,-2.81705187478,2.63724,False
167,asc,65298.74234,2037-08-28,241638538.173,3.3802507416,249.00759,-1.2109554747,-3.15589637256,-8.94069671631e-08,3.35680764295,22.8862610426,10.5836527493,73.64108,False
255,asc,65300.7448366,2037-08-30,241811553.881,0.701296907974,299.46913,0.345006208762,-0.61056373054,-2.01165676117e-07,0.553394293781,19.5892988005,1.40643439693,1.97262,False
141,asc,65300.9902696,2037-08-30,241832759.29,0.561504703326,307.34369,0.340605833147,-0.446402507031,-5.20143657923e-07,0.548300607918,31.4885976683,2.6907807683,3.20528,False
172,desc,65301.2407642,2037-08-31,241854402.027,0.999314732356,296.63182,0.44794842457,-0.893292865318,1.79186463356e-06,0.602077208332,26.1190915302,-9.72660259885,17.25133,True
261,asc,65302.4785774,2037-09-01,241961349.088,0.991784179892,31.55547,0.845132937191,0.519024255656,1.78068876266e-06,0.985605462759,35.8555137411,12.8356828608,23.24895,True
84,asc,65302.4839065,2037-09-01,241961809.523,2.92213383503,325.70748,2.41418473436,-1.64638337522,3.37138772011e-07,1.92129405116,16.9105916902,1.46930934802,6.69302,False
46,asc,65303.7109363,2037-09-02,242067824.897,3.06312386276,82.01076,0.425734790572,3.03339375728,-6.63101673126e-07,3.51294706474,30.757908641,2.82919209486,13.53118,False
87,asc,65305.3969548,2037-09-04,242213496.896,1.35058753016,339.37397,1.26401432147,-0.475767245347,-1.97440385818e-07,0.348410825793,22.3048217879,1.12412248703,3.1187,True
269,asc,65305.8002212,2037-09-04,242248339.115,0.880053504877,104.47484,-0.219973634983,0.852118402194,1.6950070858e-06,1.70550405478,53.6269064796,7.78501704125,13.47265,True
154,asc,65308.125059,2037-09-07,242449205.096,1.02695533078,58.61606,0.534807898537,0.876708482379,1.02631747723e-06,1.31713116562,45.1540142934,5.98962914627,9.93722,True
5,desc,65309.811402,2037-09-08,242594905.135,0.745228928478,115.27177,-0.31814744375,0.673905304829,-5.60283660889e-06,1.62832852555,54.90424083,-22.0244984538,37.03321,False
102,asc,65311.4698589,2037-09-10,242738195.812,1.12161431679,161.20276,-1.06179277371,0.361406670287,-1.28895044327e-06,2.13158017462,55.9005410564,12.077355412,26.06566,True
51,asc,65312.843787,2037-09-11,242856903.199,1.04476933399,313.49561,0.719113683138,-0.757903999178,-1.14552676678e-06,0.518059093683,21.0592483761,6.16436277232,10.029,True
103,desc,65313.6366999,2037-09-12,242925410.87,0.818163742333,131.92731,-0.546686585343,0.608708211441,-8.96165147424e-07,1.75979057516,57.0027230817,-2.62701446312,4.69797,True
152,desc,65314.1501897,2037-09-13,242969776.386,0.969915205807,22.66443,0.895015916595,0.373740572454,-1.05798244476e-06,0.657756711784,37.5028290562,-8.34195251268,13.50267,True
262,desc,65317.0639701,2037-09-16,243221527.018,0.426181055319,257.65134,-0.0911431196534,-0.416321058383,2.71759927273e-06,1.08851231668,55.7206090531,-15.1763689362,15.83674,False
13,asc,65318.6002232,2037-09-17,243354259.289,1.20226912507,74.85241,0.314160547618,1.16049739311,-2.94996425509e-07,1.52292247813,54.9387677716,1.13154470676,2.52172,True
56,asc,65318.8300693,2037-09-17,243374117.987,0.983285522422,117.85066,-0.459360111175,0.86938984746,-5.10364770889e-06,1.80038641226,57.8386716228,18.3164467442,33.46935,True
245,desc,65319.7193357,2037-09-18,243450950.607,1.07756076121,118.62405,-0.51621663605,0.945863403861,-3.85567545891e-07,1.88490829591,50.501578461,-4.22038415521,7.7007,True
44,asc,65319.9061237,2037-09-18,243467089.085,0.995912089171,203.55397,-0.912936741525,-0.397979139316,-9.01520252228e-07,1.91573696649,44.9797462255,7.22742360585,20.2845,True
68,desc,65320.3508285,2037-09-19,243505511.581,0.986755910689,319.30103,0.748105104664,-0.64344850583,4.65661287308e-08,0.526935700953,16.6437727773,-7.66099793498,13.91996,True
49,asc,65321.1192586,2037-09-20,243571903.941,0.199750974798,87.94857,0.00715039746463,0.199622953962,-3.62657010555e-06,1.05153629599,103.699561165,33.728858895,22.80162,False
2,asc,65324.1414647,2037-09-23,243833022.547,1.80419196186,294.34257,0.743672420439,-1.64379438079,-1.13621354103e-07,1.55300771876,40.5028536019,2.08211180891,6.66957,False
223,desc,65329.5331375,2037-09-28,244298863.08,1.12338227417,321.43021,0.878315659298,-0.70039227334,-3.27825546265e-07,0.692029768025,8.60009929412,-4.46954557445,10.89224,True
240,asc,65329.7328488,2037-09-28,244316118.137,1.78093344793,137.21706,-1.30708429268,1.2096506098,-1.85519456863e-06,2.61693494686,42.7498586283,8.97987244428,28.00194,False
171,desc,65330.3708507,2037-09-29,244371241.498,1.10547324972,319.50669,0.840692277525,-0.71784928805,-1.60560011864e-06,0.730824610273,7.84875576706,-6.67948062789,18.03421,True
266,desc,65330.4421274,2037-09-29,244377399.806,1.38988411057,186.10124,-1.38201131235,-0.147724653913,-6.67758285999e-07,2.39099801135,56.2831892662,-2.37929521666,5.70303,True
244,desc,65331.3155217,2037-09-30,244452861.078,1.00502404508,254.90308,-0.261761133827,-0.970337281567,4.17232513428e-07,1.60162467262,53.7743344892,-11.5681335856,19.45987,True
226,desc,65332.023149,2037-10-01,244514000.077,1.08756757241,330.72865,0.948700280855,-0.531762166447,-5.20795583725e-06,0.557143735335,25.1567559236,-19.8913863391,45.86726,True
162,desc,65333.270258,2037-10-02,244621750.29,1.03395903928,276.44687,0.116094815737,-1.02742069702,9.31322574615e-08,1.39080027638,40.1333910281,-7.5407019947,16.72622,True
60,desc,65333.5733644,2037-10-02,244647938.68,0.202180935107,64.89558,0.0857791598235,0.183082129823,3.47103923559e-06,0.926518946256,82.2428674557,-53.7564725967,38.87863,False
278,asc,65334.8731393,2037-10-03,244760239.24,0.983082730237,297.22413,0.449733277336,-0.874180549856,-7.35744833946e-07,1.09445188974,59.9906020818,2.969690064,8.35561,True
253,desc,65334.9145495,2037-10-03,244763817.075,0.972680423501,296.68273,0.436781852047,-0.869096553891,6.63474202156e-06,1.09724170278,46.2354710492,-19.7274330345,38.24694,True
9,asc,65336.459396,2037-10-05,244897291.811,1.06195861177,337.13487,0.978512085694,-0.412638087508,-9.45292413235e-07,0.51147182951,25.1668588903,6.80261035035,13.33676,True
6,desc,65337.1003965,2037-10-06,244952674.256,1.06694514054,257.51847,-0.230593392235,-1.04172866927,-9.53674316406e-07,1.68267362777,60.045813849,-11.0537732775,24.37798,True
296,desc,65337.3130568,2037-10-06,244971048.111,0.964497486906,217.00648,-0.770216290224,-0.580536190535,2.93739140034e-06,1.89775196037,47.5692793197,-6.76988469296,18.943,True
289,asc,65337.7423564,2037-10-06,245008139.591,1.19003737965,188.72262,-1.17627351798,-0.180470429335,3.27941961586e-07,2.19228783587,59.5948164282,2.79257415458,5.82974,True
139,asc,65340.5053526,2037-10-09,245246862.462,4.28136579109,177.37634,-4.27687785883,0.195981677122,7.7486038208e-07,5.26461230367,34.5731569602,7.58743615775,57.84046,False
236,desc,65341.6637294,2037-10-10,245346946.218,3.99407682085,359.32276,3.99379780986,-0.0472091596108,-1.28895044327e-06,3.01907352297,28.8491529685,-9.01577264418,75.65689,False
283,asc,65343.3826556,2037-10-12,245495461.443,1.89629072618,111.95181,-0.708883972846,1.7588069909,8.19563865662e-08,2.28586931427,42.8314650121,2.56689524656,8.07603,False
183,asc,65346.7719884,2037-10-15,245788299.801,1.02771345831,322.74951,0.818056650813,-0.622075773881,-1.75833702087e-06,0.905401472185,23.2738089601,10.5899507625,21.47,True
83,asc,65350.3932264,2037-10-19,246101174.764,0.961756022516,155.74474,-0.876856369071,0.395091830928,1.06170773506e-06,1.82029201112,43.6931229097,9.49758433433,26.45905,True
134,asc,65351.6095275,2037-10-20,246206263.176,1.62205621441,344.3211,1.56170166597,-0.438354045515,2.01165676117e-06,1.00759486,27.609381446,12.6826661276,38.14572,False
55,desc,65351.8882368,2037-10-20,246230343.661,2.29036893089,122.02023,-1.21439634569,1.9419143532,-1.31130218506e-06,2.67019483011,31.988791694,-5.90286984603,22.71515,False
53,desc,65352.2482503,2037-10-21,246261448.83,1.02344531027,312.13915,0.686663694784,-0.758902677151,-2.68965959549e-06,1.14588739714,32.1568500494,-17.3754194474,29.53092,True
128,desc,65353.4769619,2037-10-22,246367609.511,0.960298827468,93.62643,-0.0607397584824,0.958375980383,6.98491930962e-07,1.14062166464,36.4872253926,-4.10171476355,8.54804,True
250,desc,65353.5569432,2037-10-22,246374519.894,1.59188179794,119.94859,-0.794703588072,1.37932369867,-1.68569386005e-07,1.98559137385,51.1972815794,-1.07650301003,3.77164,True
98,asc,65353.6460992,2037-10-22,246382222.97,0.775565876625,311.66594,0.515585640295,-0.579373693316,-1.21630728245e-06,1.0443278213,53.1023817267,3.59568128323,5.52413,False
297,asc,65355.9525745,2037-10-24,246581502.434,0.9578518783,81.11844,0.147885064281,0.946366857263,7.32019543648e-07,0.922410052306,26.0601245239,9.87166031563,24.30945,True
116,desc,65355.95572,2037-10-24,246581774.205,0.919155504897,244.2053,-0.399968510353,-0.827569956505,-1.15390866995e-06,1.80453507105,68.1382429089,-4.16924640965,6.22709,True
229,asc,65358.5404321,2037-10-27,246805093.334,0.99013462152,39.09556,0.768438803808,0.624394405432,-5.23403286934e-07,0.202103728921,17.0680147222,12.8157788281,24.832,True
151,asc,65362.593487,2037-10-31,247155277.273,3.86571684406,154.89353,-3.50048736272,1.64023014905,6.7800283432e-07,4.49153273297,39.5287014729,1.86653055443,11.22959,False
118,asc,65363.6561662,2037-11-01,247247092.756,2.0224845962,262.94888,-0.248269806742,-2.00718859226,-4.06801700592e-06,2.76460284882,38.5430576539,15.5527260289,68.42022,False
104,desc,65365.6955939,2037-11-03,247423299.316,1.05770931836,248.67554,-0.38463487601,-0.985294379517,2.78279185295e-06,1.9616831071,60.9477647293,-12.9756825601,24.75984,True
109,asc,65371.6301098,2037-11-09,247936041.488,1.08960927484,325.49909,0.897965736579,-0.617175751093,9.77888703346e-07,1.26952189992,23.3598188643,3.81134462922,8.88522,True
165,desc,65371.922138,2037-11-09,247961272.724,0.206736561063,123.99962,-0.115604481115,0.171393143464,-2.05636024475e-06,0.989700707519,99.750224472,-27.2127074076,19.13504,False
58,asc,65373.560724,2037-11-11,248102846.551,2.51069347543,110.95612,-0.89795670585,2.34462267369,1.4454126358e-06,2.33798090082,42.7000281094,4.88476590216,20.16655,False
42,asc,65373.6993038,2037-11-11,248114819.851,1.01903071268,236.20005,-0.566881578555,-0.846799190652,-3.72529029846e-08,1.99682470221,58.6242229578,11.9905356102,25.15147,True
25,desc,65373.8513162,2037-11-11,248127953.718,1.89049657962,40.68627,1.43354574631,1.23244631153,4.09781932831e-07,0.89976501221,16.4208005856,-7.42377386717,24.53703,False
180,desc,65374.5333322,2037-11-12,248186879.906,1.62161724839,224.62004,-1.15423539737,-1.13902728138,-1.74343585968e-06,2.61330943217,51.0729597438,-10.7335617173,31.29757,False
257,desc,65375.1986244,2037-11-13,248244361.144,1.12635233597,216.09232,-0.910170240515,-0.663520699023,6.42612576485e-07,2.11293570221,56.3044667223,-8.30153936865,17.74569,True
49,desc,65377.4975657,2037-11-15,248442989.676,1.15710856194,267.94857,-0.041420504385,-1.15636696854,1.51991844177e-06,2.00907016415,55.7624256529,-5.82259319887,22.80162,True
35,asc,65377.5421079,2037-11-15,248446838.121,1.02047449808,38.30847,0.800750766613,0.632587077797,-8.11647623777e-07,0.144878371599,22.5260471427,20.450003257,44.05781,True
160,asc,65377.7530677,2037-11-15,248465065.049,1.46486442969,264.05008,-0.151846602756,-1.45697302878,2.6123598218e-07,2.33091589208,58.6476547185,0.869160532564,1.94299,True
270,desc,65380.0690981,2037-11-18,248665170.076,2.17646144057,270.70575,0.0268082367066,-2.17629633109,1.58324837685e-07,2.98887986016,45.4948771306,-1.89341219565,7.03616,False
194,desc,65380.236136,2037-11-18,248679602.155,0.981737788651,134.32185,-0.685928576265,0.70236107091,1.83191150427e-06,1.3351357432,54.5090407986,-19.4518854523,39.93236,True
227,asc,65383.7121961,2037-11-21,248979933.745,1.80812331791,350.18774,1.78167310449,-0.308141009142,3.94880771637e-07,1.60976286477,19.7514497127,7.99329272212,25.31356,False
262,asc,65383.75284,2037-11-21,248983445.38,1.23130237245,77.65134,0.263326438519,1.20281533045,1.00582838058e-06,0.535667855895,17.0992100053,5.25287782583,15.83674,True
190,asc,65384.5950471,2037-11-22,249056212.067,1.00185223141,81.65754,0.145358205272,0.991251171875,-8.75443220139e-08,0.484703221937,18.057253485,2.93695364564,7.36842,True
163,asc,65385.511091,2037-11-23,249135358.265,0.683582396636,165.54034,-0.661929024906,0.170689363984,-4.57651913166e-06,1.39037858561,65.4477503192,17.3216173055,26.60392,False
26,asc,65385.635784,2037-11-23,249146131.734,0.351985044212,161.99674,-0.334751480664,0.108788407204,-4.1238963604e-06,1.14505911296,83.9689881738,19.7756101381,19.2213,False
44,desc,65385.7718297,2037-11-23,249157886.085,0.321353249283,23.55397,0.294579402608,0.128416846182,-1.03376805782e-06,0.733050407067,50.9122306012,-22.3986487104,20.2845,False
142,asc,65386.7723677,2037-11-24,249244332.567,1.04409208627,34.03403,0.865244647466,0.584362887801,-4.45987097919e-07,0.385635605861,7.64439620963,3.03135262074,6.0672,True
30,asc,65393.0295662,2037-12-01,249784954.522,0.873522723438,35.50297,0.711122109505,0.507294089987,3.53902578354e-07,0.440728506862,30.8187475862,3.78981612903,6.35218,True
210,desc,65395.2764621,2037-12-03,249979086.327,1.0197680676,151.11156,-0.892870185389,0.492655806562,1.67265534401e-06,1.37959019535,38.0021420417,-10.7110836365,22.32417,True
171,asc,65395.7378738,2037-12-03,250018952.294,0.451619450189,139.50669,-0.343448368607,0.293263270613,1.04121863842e-06,0.971556717026,45.4199195725,16.3500202506,18.03421,False
295,desc,65397.8083324,2037-12-05,250197839.916,1.05389155892,264.2559,-0.105479374036,-1.04859979002,1.1445954442e-06,2.01702861543,63.6220795384,-7.47163829581,12.40454,True
228,asc,65398.992877,2037-12-06,250300184.576,1.84663831709,320.05713,1.41578987962,-1.18558512597,-7.86036252975e-07,2.34684239363,44.452622539,2.22871589687,7.15733,False
156,desc,65399.367443,2037-12-07,250332547.071,2.69602183858,353.52007,2.67879816395,-0.304260005473,-1.14552676678e-06,2.61831567988,30.8316562778,-5.90361534384,26.05772,False
174,desc,65399.9903406,2037-12-07,250386365.43,1.03049859255,190.77506,-1.01232958535,-0.192655547216,2.22399830818e-06,1.76170404027,59.9016313332,-8.58919061664,14.39783,True
223,asc,65400.5947704,2037-12-08,250438588.163,0.616222761718,141.43021,-0.481793342905,0.384194829211,-8.33533704281e-07,0.985919905517,33.7397580992,8.14804090966,10.89224,False
66,desc,65402.3426203,2037-12-10,250589602.393,1.0690828208,296.51175,0.477218615118,-0.956661105673,1.73971056938e-06,1.89825700336,61.422500393,-19.1871168435,38.56598,True
205,asc,65402.5907688,2037-12-10,250611042.424,1.11578098443,113.04616,-0.436797683898,1.02673024137,-6.89178705215e-08,0.752110060904,12.5108940953,4.30285943027,7.75324,True
60,asc,65403.4034388,2037-12-11,250681257.113,1.02936763287,244.89558,-0.436729064741,-0.932129522985,-7.86036252975e-07,2.01063495947,44.4308106569,10.5584570085,38.87863,True
79,asc,65404.6292926,2037-12-12,250787170.884,1.58516123012,264.506,-0.151765736659,-1.57787936379,-8.40984284878e-07,2.55999262949,50.9369475616,3.29404251431,9.02376,True
193,asc,65406.0589717,2037-12-14,250910695.156,1.01241835307,191.10298,-0.993468563845,-0.19496444365,-4.1164457798e-06,1.69330210697,46.7106213144,12.6023890559,23.07163,True
165,asc,65406.5545984,2037-12-14,250953517.298,0.842908631509,303.99962,0.471343890367,-0.698806051838,2.16066837311e-06,1.66921964255,66.6449576982,6.67434326375,19.13504,True
50,desc,65408.3053688,2037-12-16,251104783.869,1.82701799435,104.1074,-0.445317864643,1.77191612418,-1.04680657387e-06,1.04428923684,9.23714088242,-3.53287222524,10.61149,False
263,asc,65408.3613977,2037-12-16,251109624.758,2.37699735755,144.35835,-1.93173199387,1.38510936091,1.22934579849e-07,2.18558567591,24.3064258328,1.18164732105,4.64461,False
175,desc,65408.709584,2037-12-16,251139708.06,2.57691493492,300.97348,1.32618677522,-2.20946129612,9.01520252228e-07,3.36431058493,42.6768019415,-3.1747502084,13.20499,False
188,asc,65409.4638537,2037-12-17,251204876.96,0.281112143912,30.23893,0.24286200785,0.141570062507,3.23727726936e-06,0.825549937343,53.6024101164,29.915698988,25.14721,False
203,asc,65409.5418965,2037-12-17,251211619.861,0.830163828646,197.06965,-0.793593979686,-0.243681303752,1.01141631603e-06,1.5604497264,64.1155133487,3.36743921846,4.84751,True
258,desc,65410.5825164,2037-12-18,251301529.419,3.05910879754,126.96917,-1.83970276293,2.44410318507,-7.10133463144e-09,2.4963817176,23.3355157295,-0.479382669493,2.34859,False
117,desc,65411.6036645,2037-12-19,251389756.609,0.886531582092,98.65037,-0.133338360061,0.87644687676,2.76044011116e-06,0.305442718868,12.3833782409,-10.3505747992,18.68411,True
37,asc,65415.0020738,2037-12-23,251683379.175,0.968429042528,272.66887,0.0450936645301,-0.967378608318,-2.22027301788e-06,1.94746601294,53.7932203653,10.5805039619,24.92726,True
299,desc,65417.5069468,2037-12-25,251899800.2,1.0625655439,337.86367,0.984243719779,-0.400387106644,-3.22237610817e-07,1.66659986804,39.0312052777,-5.00757311207,11.16926,True
272,asc,65418.9111934,2037-12-26,252021127.112,1.47711678813,19.28184,1.39425889873,0.487766469847,-1.90921127796e-07,1.45190091795,37.0609184644,0.71913922325,2.63724,True
112,desc,65419.3477956,2037-12-27,252058849.543,0.999106012836,180.98343,-0.998958845118,-0.0171479049771,5.39422035217e-06,1.42962424029,39.8453071066,-26.9632522409,62.10129,True
296,asc,65420.8338703,2037-12-28,252187246.398,0.298621849126,37.00648,0.238469685962,0.179742086481,-3.43332067132e-06,0.839788200062,57.4693698477,21.8655694221,18.943,False
100,asc,65421.7219221,2037-12-29,252263974.069,1.14025291791,150.89053,-0.996229656559,0.554710003696,1.52736902237e-07,1.06665469284,15.8238702049,2.56064620289,5.01801,True
81,desc,65422.5460951,2037-12-30,252335182.621,0.883137983233,310.14228,0.569348379876,-0.675111190666,1.67265534401e-06,1.76452774631,47.9020380525,-7.20238227673,17.0676,True
13,desc,65425.3154278,2038-01-02,252574452.962,0.976499408812,254.85241,-0.255165488845,-0.942571837428,1.0640360415e-07,1.93038869829,60.8882128082,-1.39316138064,2.52172,True
24,desc,65427.0980606,2038-01-04,252728472.432,1.3701429057,274.35212,0.103974391469,-1.36619211971,-2.04145908356e-06,2.35313985521,46.1737462096,-21.1750263975,64.00427,True
108,desc,65429.9720027,2038-01-06,252976781.036,2.30825902921,348.84081,2.26461736108,-0.446730291997,-1.05053186417e-06,2.81074936515,48.7172710458,-5.20360531441,19.57999,False
88,asc,65431.1261226,2038-01-08,253076496.997,3.54796918228,110.80673,-1.26029813595,3.31658467809,1.05798244476e-06,2.58553977131,20.1415754115,3.07691971457,17.09388,False
221,asc,65433.7593887,2038-01-10,253304011.181,2.82347092801,285.28603,0.744373836977,-2.72358140545,-4.63332980871e-08,3.80641473721,43.2259359224,0.377744821955,1.67978,False
281,asc,65433.9620834,2038-01-10,253321524.007,0.918877039634,21.49671,0.854958676839,0.336720469924,-1.68895348907e-06,1.25040924855,31.453581829,11.4606094647,21.38605,True
211,asc,65434.3448212,2038-01-11,253354592.548,0.771572360703,180.21677,-0.771566838667,-0.00291912149628,-8.61473381519e-08,1.09570665976,44.3873513511,0.60683581212,0.79236,False
260,desc,65434.8597435,2038-01-11,253399081.843,0.946604655406,91.09639,-0.0181127571644,0.94643135074,-8.64267349243e-07,0.228689370695,28.2689686676,-22.7668149963,47.70709,True
294,asc,65436.036222,2038-01-13,253500729.583,0.59322375123,187.91609,-0.587570819196,-0.0817003760859,1.25728547573e-07,1.07714852347,55.3148549127,2.75171724974,3.7759,False
113,asc,65437.4218735,2038-01-14,253620449.874,0.294130951052,38.76304,0.229346258503,0.184155668058,-4.33530658484e-07,0.916738509928,57.7089854376,10.0574574107,8.41081,False
239,asc,65437.5192259,2038-01-14,253628861.118,0.375111652701,208.83489,-0.328602742704,-0.180911551538,1.06170773506e-06,1.12070526421,79.9830121355,34.8824222799,36.24349,False
26,desc,65438.0122386,2038-01-15,253671457.413,0.886596595788,341.99674,0.843187879918,-0.274021391176,-2.53319740295e-06,1.66489268297,60.5412344843,-7.85105542005,19.2213,True
286,desc,65438.3854518,2038-01-15,253703703.036,0.939039062276,61.00265,0.455217184465,0.821323124871,2.04890966415e-07,0.769549397233,18.3764746874,-5.92973105129,10.38842,True
232,desc,65438.7923049,2038-01-15,253738855.14,2.64167483186,196.90762,-2.52748820987,-0.768276816181,3.75509262085e-06,2.79238653028,42.0187131945,-11.0975091447,55.01316,False
86,asc,65440.8664576,2038-01-17,253918061.932,0.975293554768,271.0619,0.0180747158779,-0.975126054733,-1.02072954178e-06,1.93020993401,60.4857189092,27.3182479631,55.85289,True
114,asc,65441.6559125,2038-01-18,253986270.84,2.94716026117,142.31976,-2.33248397633,1.8014638784,1.34110450745e-07,2.16255080994,17.2663349555,5.80535908149,28.42255,False
4,desc,65441.7129844,2038-01-18,253991201.854,0.895329019951,85.09881,0.0764947775652,0.892055269012,-5.96046447754e-08,0.437848256988,22.2857702581,-6.50210958205,22.31053,True
16,asc,65447.9517781,2038-01-24,254530233.63,2.68694470734,235.51959,-1.52114503239,-2.21490172485,1.9371509552e-07,3.26204869261,45.1349014309,5.27531130599,23.15184,False
207,asc,65449.9708723,2038-01-26,254704683.365,1.70549415275,303.58001,0.943310379107,-1.420871505,1.51619315147e-06,2.68828688456,50.4878563302,4.47954574099,13.53154,False
222,desc,65451.3226467,2038-01-28,254821476.674,1.0079617149,108.01435,-0.311717382885,0.958550516096,2.39908695221e-06,0.231779478023,11.2497198367,-10.5362056971,21.61632,True
242,desc,65452.7720117,2038-01-29,254946701.811,2.00417134187,97.35076,-0.256420308873,1.98770002585,1.72294676304e-07,1.19264810025,23.6324083426,-0.575769049884,1.91954,False
106,desc,65453.4353314,2038-01-30,255004012.63,1.04971497093,10.01269,1.03372704444,0.182510048471,1.11013650894e-06,1.7009305616,47.84063415,-20.8974635197,40.78349,True
238,desc,65454.8894235,2038-01-31,255129646.191,0.945692883776,233.30016,-0.565167731271,-0.758235099395,8.36327672005e-07,1.56535866957,50.3947641758,-6.8376475451,10.90394,True
188,desc,65455.2393502,2038-02-01,255159879.853,1.0277695424,210.23893,-0.887923841353,-0.517592005579,4.73111867905e-07,1.35921340626,17.0551153067,-8.18244356562,25.14721,True
153,asc,65456.0488893,2038-02-02,255229824.039,1.38316866462,272.10936,0.0509102355369,-1.38223142155,-5.86733222008e-08,2.26734686538,53.2928357411,0.483516059975,1.52282,True
209,asc,65456.6618955,2038-02-02,255282787.77,2.25922083698,50.12548,1.44840546106,1.73383978805,1.25169754028e-06,2.24580494589,24.27911559,2.91803999648,10.99257,False
255,desc,65460.7730547,2038-02-06,255637991.924,1.36051847046,119.46913,-0.669313259628,1.1844957868,-1.95112079382e-07,0.440593555102,13.3738082437,-0.724964868357,1.97262,True
250,asc,65462.1674018,2038-02-08,255758463.518,0.503501498714,299.94859,0.251359396247,-0.436270802513,-2.39815562963e-07,1.48122234292,82.069940622,3.40349641755,3.77164,False
297,desc,65465.3039818,2038-02-11,256029464.028,0.431221678467,261.11844,-0.066577356149,-0.42605116081,2.58954241872e-06,1.2857541906,74.3441997576,-21.9274420732,24.30945,False
163,desc,65466.4803195,2038-02-12,256131099.607,0.930264172066,345.54034,0.900796830567,-0.23228538454,-9.72300767899e-07,1.856142021,61.5257504077,-12.7283765482,26.60392,True
109,desc,65466.6255885,2038-02-12,256143650.851,0.650819028605,145.49909,-0.536351150727,0.368636475553,8.48434865475e-07,0.356456433881,15.4442967583,-6.38100036272,8.88522,False
128,asc,65470.8083236,2038-02-16,256505039.157,0.673285881758,273.62643,0.0425859333344,-0.671937732871,1.0970979929e-06,1.52505810325,62.5622908394,5.85022200045,8.54804,False
102,desc,65471.2409821,2038-02-17,256542420.851,1.02535859846,341.20276,0.970670875014,-0.330391143706,4.37721610069e-07,1.98280101854,59.2192014393,-13.2111192702,26.06566,True
166,asc,65471.5892367,2038-02-17,256572510.048,1.00985785429,76.38375,0.237738481384,0.981475063536,-2.95788049698e-06,1.08043242234,34.0789962023,13.3377039274,20.77419,True
280,asc,65471.8811502,2038-02-17,256597731.376,0.940135017279,164.91856,-0.907753915157,0.244615372025,5.14090061188e-07,0.382759877252,23.3016214018,21.4498735152,36.78219,True
83,desc,65472.3278744,2038-02-18,256636328.346,0.314292058936,335.74474,0.286547718105,-0.129111980694,5.83007931709e-07,1.29528111634,92.4030327978,-29.0632826163,26.45905,False
111,desc,65475.2882851,2038-02-21,256892107.832,0.958760207946,68.22125,0.355722520941,0.890327256932,-5.61401247978e-06,1.21729822189,46.8005142055,-18.9977100427,30.25143,True
4,asc,65476.0175509,2038-02-22,256955116.398,0.155569080425,265.09881,-0.0132914514529,-0.155000245492,4.62587922812e-06,1.07148058872,112.539236794,37.4208511345,22.31053,False
81,asc,65476.0711845,2038-02-22,256959750.337,0.378024734515,130.14228,-0.24370797569,0.288979449944,-4.84753400087e-06,0.633994787926,41.7067130933,16.8261406665,17.0676,False
277,desc,65476.4057291,2038-02-22,256988654.996,3.15542173188,238.22184,-1.66174541128,-2.68240349204,1.28475949168e-06,3.33061419198,32.4444918227,-7.41645361334,40.35278,False
293,desc,65479.2437673,2038-02-25,257233861.497,0.978457343952,231.88447,-0.603951964767,-0.769818678773,1.19674950838e-07,1.29404429888,57.5171954499,-0.788259988864,2.35416,True
59,asc,65481.0758151,2038-02-27,257392150.422,1.42234476739,10.62092,1.39797732578,0.262152691967,-4.88013029099e-07,2.27660321068,46.646877716,2.99099946794,7.40973,True
136,desc,65481.5530221,2038-02-27,257433381.109,1.16905146814,110.33711,-0.406295703052,1.09617751155,2.1830201149e-06,0.784734361871,23.7184195642,-10.9042191164,24.09941,True
190,desc,65481.8785247,2038-02-27,257461504.536,0.421484168585,261.65754,-0.0611529129497,-0.41702425062,3.34111973643e-07,1.19709472531,69.3153590513,-6.98102985294,7.36842,False
273,desc,65482.0713875,2038-02-28,257478167.883,1.07044645389,54.38229,0.62340047217,0.870188176172,-3.70666384697e-07,1.55638589709,36.5089512292,-4.83636255101,10.31047,True
237,desc,65483.9046906,2038-03-01,257636565.267,0.802013288489,117.38763,-0.36893260675,0.712119404728,8.2328915596e-07,0.594668245795,13.8646779615,-3.82640981252,5.83305,True
146,asc,65484.4107966,2038-03-02,257680292.822,1.07717486986,110.66657,-0.380166234706,1.00785878686,3.80910933018e-07,0.781098100739,7.46838551716,3.73456177972,7.79145,True
194,asc,65484.5362959,2038-03-02,257691135.968,1.01426929299,314.32185,0.708657953406,-0.725634965923,3.09525057673e-06,1.97175327428,54.5755463386,18.8279889188,39.93236,True
94,asc,65484.7229448,2038-03-02,257707262.428,4.44953752053,93.21843,-0.249808893221,4.44251951751,-1.25821679831e-06,4.07814925964,27.0290952827,3.65278412953,24.8525,False
170,asc,65485.1339854,2038-03-03,257742776.343,2.17395614279,135.03605,-1.53818603097,1.53625162161,1.61118805408e-07,1.29409290818,14.567578558,0.936257981943,3.58083,False
130,desc,65485.8398102,2038-03-03,257803759.6,0.99099527501,284.69532,0.251394626892,-0.958578310136,8.21426510811e-07,1.78395527064,63.0236809266,-3.34168814815,5.43674,True
113,desc,65487.0174997,2038-03-05,257905511.977,1.06618001427,218.76304,-0.831345345634,-0.667536320459,-4.17232513428e-07,1.05079673493,5.8317177027,-2.7745872871,8.41081,True
142,desc,65488.3275612,2038-03-06,258018701.291,0.97952871162,214.03403,-0.811740636592,-0.548227722568,-7.19912350178e-07,0.914039723772,15.4385336762,-3.23115723353,6.0672,True
137,asc,65488.9565368,2038-03-06,258073044.78,0.976785985928,283.609,0.229832649017,-0.949361793918,7.48783349991e-07,1.73916843177,59.5405895062,12.2637178933,18.80198,True
162,asc,65491.5539657,2038-03-09,258297462.637,0.689498332152,96.44687,-0.0774181362908,0.685138221247,-2.16159969568e-06,0.944823409112,37.119364329,11.3078982593,16.72622,False
183,desc,65492.8463173,2038-03-10,258409121.814,0.967442388613,142.74951,-0.770081070637,0.585593647447,1.18464231491e-06,0.350198078259,19.3793333287,-11.2496982245,21.47,True
57,asc,65495.3135401,2038-03-13,258622289.863,1.83059729342,171.12615,-1.80868572708,0.282386953188,-2.07498669624e-06,0.847451075953,24.8949918307,15.3811674722,55.89453,False
261,desc,65497.3769223,2038-03-15,258800566.089,1.4335818743,211.55547,-1.22160373667,-0.750227499404,2.63750553131e-06,0.991894354766,18.1624849554,-8.88001405971,23.24895,True
132,asc,65499.1283215,2038-03-17,258951886.975,2.03667346768,178.00841,-2.03544319242,0.0707801129232,3.53902578354e-07,1.06381465846,15.359866744,2.62817871731,8.56552,False
155,desc,65499.7679144,2038-03-17,259007147.803,1.36727507377,106.22318,-0.381988744932,1.3128311872,7.45058059692e-09,1.29049887151,23.3861359319,-7.56772797825,19.00837,True
239,desc,65502.4776059,2038-03-20,259241265.15,1.04562423427,28.83489,0.915980585364,0.504291192195,-3.56882810593e-06,1.9408523615,56.1481987104,-12.5138674515,36.24349,True
20,desc,65502.8662959,2038-03-20,259274847.968,1.04965132133,348.07244,1.02698901873,-0.216936515548,-8.89413058758e-07,2.04219923799,64.523761589,-3.201003408,5.31181,True
65,desc,65504.1538581,2038-03-22,259386093.343,0.751380810236,276.9752,0.0912474727168,-0.745819697188,3.22004780173e-07,1.36948211393,64.4144946541,-3.19493804308,5.05883,False
152,asc,65505.0346662,2038-03-23,259462195.161,2.23930770727,202.66443,-2.06638273961,-0.862879702686,9.38773155212e-07,1.42846581627,12.165591872,3.61316426585,13.50267,False
15,asc,65509.7378245,2038-03-27,259868548.037,4.2697288009,133.6246,-2.94581571689,3.09075294959,-2.23517417908e-08,3.65606620869,21.8480004654,2.11257007771,13.83947,False
226,asc,65511.8157703,2038-03-29,260048082.557,0.967604659562,150.72865,-0.844054967774,0.473106741214,-6.68317079544e-06,0.533631515165,28.0765862085,22.3575057632,45.86726,True
229,desc,65511.8526806,2038-03-29,260051271.608,1.07136512009,219.09556,-0.831481410134,-0.675619630523,-8.25151801109e-07,0.657754903973,17.5128019039,-11.84409132,24.832,True
35,desc,65512.8258257,2038-03-30,260135351.339,1.00999867392,218.30847,-0.792530547253,-0.626093166383,3.96277755499e-07,0.60561287811,22.6958064949,-20.6621130782,44.05781,True
37,desc,65512.9119992,2038-03-30,260142796.733,0.50779561716,92.66887,-0.0236448559517,0.507244822146,6.87502324581e-06,1.1242698406,59.0376013035,-20.1783295779,24.92726,False
124,asc,65513.1074061,2038-03-31,260159679.888,2.6572639901,116.62205,-1.19072840567,2.37554578509,-9.46223735809e-07,2.44387597879,18.5494897413,3.81551497597,16.18609,False
140,desc,65513.6580513,2038-03-31,260207255.631,1.12235099942,272.64957,0.0518831891638,-1.12115114975,5.58793544769e-09,1.48377396603,55.7075109349,-7.67897682212,14.10845,True
56,desc,65515.0583012,2038-04-02,260328237.225,1.54652820091,297.85066,0.722489399167,-1.36739114532,-2.4288892746e-06,2.13701900669,37.9118272697,-11.645631095,33.46935,True
294,desc,65515.2581897,2038-04-02,260345507.586,0.832012706109,7.91609,0.8240843127,0.114587035425,4.63798642159e-07,1.8299517149,60.7920313525,-1.96197007237,3.7759,True
158,asc,65516.6373614,2038-04-03,260464668.021,0.979607177628,38.60318,0.765549142958,0.611199420957,-3.19816172123e-06,1.9034437504,65.690168898,13.6226214948,20.67934,True
299,asc,65516.885713,2038-04-03,260486125.602,0.709026847822,157.86367,-0.656764400208,0.267169596983,-9.75094735622e-07,0.51557011243,30.3690845206,7.5044755552,11.16926,False
60,desc,65521.6331231,2038-04-08,260896301.835,0.202180935107,64.89558,0.0857791598235,0.183082129823,2.53831967711e-06,1.13347955295,101.217427752,-53.7564725967,38.87863,False
80,asc,65521.8000047,2038-04-08,260910720.408,0.9590687743,115.78687,-0.417218672319,0.863563253796,3.30060720444e-06,1.21049990132,30.0899926836,13.5254014341,23.55872,True
296,desc,65522.2383701,2038-04-09,260948595.179,0.964497486906,217.00648,-0.770216290224,-0.580536190535,-6.12810254097e-07,0.418508423904,18.5176277343,-6.76988469296,18.943,True
68,asc,65523.1009055,2038-04-10,261023118.235,1.27655297873,139.30103,-0.967813609643,0.832420761688,-5.96046447754e-07,1.06346430672,26.9866891438,5.92183412681,13.91996,True
260,asc,65523.163885,2038-04-10,261028559.66,0.967245848612,271.09639,0.018507714994,-0.967068764951,1.3851094991e-06,1.23453955714,27.6916322684,22.2809672383,47.70709,True
293,asc,65525.6094526,2038-04-12,261239856.703,0.249352319236,51.88447,0.153912507329,0.196182362093,7.02682882547e-07,1.21190792033,108.124553476,3.09312853961,2.35416,False
82,asc,65525.6838609,2038-04-12,261246285.583,1.88898283229,168.05282,-1.84806530181,0.391038081173,-3.98606061935e-07,1.10703705661,9.0040785654,3.1459863143,9.8289,False
90,desc,65527.9228916,2038-04-14,261439737.838,2.77828242036,114.79736,-1.16524013732,2.52211590329,4.91738319397e-07,2.84124233989,23.7522951548,-4.44605334806,20.05615,False
3,desc,65529.3548146,2038-04-16,261563455.978,0.415735809989,80.13526,0.0712250348486,0.409589133301,2.5425106287e-06,1.25962304724,68.1020874722,-16.3694260617,17.51489,False
105,desc,65530.5055136,2038-04-17,261662876.371,1.03264242452,336.83722,0.949402207614,-0.406184471749,-5.51342964172e-07,1.88877865801,55.1034662041,-18.1932652265,37.1231,True
225,desc,65531.884113,2038-04-18,261781987.362,0.98863749071,287.52446,0.29769152268,-0.942753332193,6.92903995514e-07,1.35283029971,39.7326380419,-5.11324664451,8.14565,True
180,asc,65532.7205289,2038-04-19,261854253.696,1.03760486721,44.62004,0.738546822571,0.728815786968,-4.80562448502e-07,2.00425878756,63.2745198354,16.7749105342,31.29757,True
200,desc,65534.6227642,2038-04-21,262018606.827,1.05516784215,14.71649,1.0205527234,0.26805095388,-1.46776437759e-06,2.05156116683,64.1234786003,-9.05923909806,16.07668,True
36,desc,65535.1969036,2038-04-22,262068212.467,1.17278595475,250.17634,-0.397722706095,-1.10328760744,1.16974115372e-06,0.846889727518,47.9392280326,-18.910311708,46.75042,True
281,desc,65535.4258665,2038-04-22,262087994.863,0.962405031711,201.49671,-0.895458801345,-0.352671206872,4.20957803726e-07,0.0795874561248,19.8329240005,-10.9422650031,21.38605,True
8,asc,65535.9281584,2038-04-22,262131392.888,0.984359192853,310.13923,0.634564412045,-0.752523107632,-3.48873436451e-06,1.56953892618,51.6579153756,24.0950622004,42.03945,True
89,desc,65536.533563,2038-04-23,262183699.84,0.93669075282,188.869,-0.925491141955,-0.144415070478,3.01003456116e-06,0.305358259593,9.80131395432,-8.87722380854,15.31841,True
101,desc,65539.5198287,2038-04-26,262441713.195,3.65420728381,70.069,1.24567630859,3.43533424972,1.11758708954e-06,4.46559020829,36.2750484805,-2.31692894142,12.87861,False
189,desc,65540.2053511,2038-04-27,262500942.338,1.23067709863,253.38514,-0.351895999939,-1.17929441885,-4.9127265811e-07,0.850854150646,34.2905213535,-1.40056342104,3.12476,True
83,asc,65547.0556775,2038-05-04,263092810.534,0.961756022516,155.74474,-0.876856369071,0.395091830928,-9.46223735809e-07,1.0006896393,34.3312374776,9.49758433433,26.45905,True
298,desc,65554.8460011,2038-05-11,263765894.499,1.38817749185,318.73493,1.04344632178,-0.915563499953,-1.65402889252e-06,1.77841785766,44.7398253761,-11.5794634644,29.79622,True
267,asc,65555.6271783,2038-05-12,263833388.207,0.729917567783,160.47465,-0.687942715727,0.243955888708,-2.02562659979e-07,0.959334574308,17.7187000249,2.87547058626,5.44387,False
153,desc,65558.3326476,2038-05-15,264067140.757,0.48110636005,92.10936,-0.017708063185,0.480780359602,-6.6717620939e-07,1.39550166344,81.0642654088,-1.3900964912,1.52282,False
103,asc,65559.2708859,2038-05-16,264148204.544,0.738472615075,311.92731,0.493437989751,-0.549418559466,-1.67638063431e-08,1.1807118248,53.8957804625,2.91050465573,4.69797,False
269,desc,65560.3157882,2038-05-17,264238484.101,1.09237407123,284.47484,0.273044188652,-1.05769938193,-1.95764005184e-06,0.972001725319,33.5421846015,-6.27187308188,13.47265,True
44,asc,65562.6638667,2038-05-19,264441358.086,0.995912089171,203.55397,-0.912936741525,-0.397979139316,2.68593430519e-06,0.49111787154,9.76473423687,7.22742360585,20.2845,True
279,desc,65562.8782061,2038-05-19,264459877.004,1.28699143964,358.12913,1.28630540028,-0.0420164600217,1.27032399178e-06,2.05259049962,58.9228050643,-2.98287065544,7.14292,True
75,desc,65563.7404797,2038-05-20,264534377.449,1.13417680611,287.56402,0.342261959915,-1.08130189046,-1.31130218506e-06,0.991425429102,40.247675994,-5.42633781836,9.6898,True
29,desc,65565.1917474,2038-05-22,264659766.976,1.576537435,344.28075,1.5175761597,-0.427121626093,-4.02331352234e-07,2.14506542097,50.8795637979,-16.1960752222,51.3362,True
85,asc,65565.4099726,2038-05-22,264678621.635,2.59709022878,338.02633,2.4084269603,-0.971780445016,4.93228435516e-06,2.99990139744,37.6391510508,9.35071607275,42.72023,False
204,asc,65567.2329535,2038-05-24,264836127.18,1.00015166388,340.1136,0.94051151463,-0.340207938775,-1.96322798729e-06,1.58468353922,50.634640643,6.6365158424,10.00804,True
74,asc,65567.3971761,2038-05-24,264850316.018,2.75556706932,294.72295,1.15246342218,-2.50299379426,-6.04428350925e-07,2.38467821905,26.8314096007,1.19266995363,5.40987,False
297,asc,65567.5886014,2038-05-24,264866855.158,0.9578518783,81.11844,0.147885064281,0.946366857263,-4.77116554976e-06,1.92578420818,51.261236476,9.87166031563,24.30945,True
292,asc,65567.8886411,2038-05-24,264892778.591,0.792735034334,126.7835,-0.474684173241,0.634904536395,2.59838998318e-07,1.48538556887,51.9385757735,1.7000342463,2.51747,False
71,asc,65567.974143,2038-05-24,264900165.958,1.83350585156,219.36124,-1.41759849096,-1.1628233856,1.81049108505e-06,0.920514355063,12.0590152991,5.20926648229,16.69512,False
168,desc,65568.6098326,2038-05-25,264955089.535,2.0793219596,183.07513,-2.07632783972,-0.111546016035,-1.84029340744e-06,1.70399575433,28.9757802855,-6.74027212676,23.65377,False
86,desc,65576.8386951,2038-06-02,265666063.259,1.45650864537,91.0619,-0.0269928780008,1.45625849992,-1.07064843178e-05,2.41183976204,51.8724545596,-18.2925870372,55.85289,True
3,asc,65577.4068234,2038-06-03,265715149.544,0.939408354225,260.13526,-0.1609420963,-0.92551915033,6.96629285812e-07,0.251595978777,24.3786598139,7.24430070502,17.51489,True
95,desc,65578.2475092,2038-06-04,265787784.792,0.21347320718,8.12971,0.211327900089,0.0301882233341,1.53016299009e-06,1.14058620441,112.584355412,-14.2326970663,9.90138,False
186,asc,65580.396078,2038-06-06,265973421.142,1.06766146257,292.44372,0.407607252995,-0.986791429823,1.67917460203e-06,0.7745674519,32.1560346881,14.6685065693,30.12309,True
283,desc,65582.4597445,2038-06-08,266151721.922,1.05195123121,291.95181,0.393247384342,-0.975683292651,-2.32458114624e-06,0.726661231897,17.1485094367,-4.62719136278,8.07603,True
210,asc,65582.6228146,2038-06-08,266165811.181,0.858329658611,331.11156,0.751520846513,-0.414663984581,8.34465026855e-07,1.21197206729,43.0619896113,12.7256712527,22.32417,True
197,desc,65582.8355972,2038-06-08,266184195.595,2.26520467047,172.06267,-2.24350333826,0.312801806795,5.25265932083e-07,2.30134535317,25.199436165,-1.54122600037,5.8333,False
65,asc,65584.5518337,2038-06-10,266332478.427,0.940761703778,96.9752,-0.114245834774,0.933798946525,1.30385160446e-06,1.91362463109,63.5774874108,2.55177812386,5.05883,True
286,asc,65585.5273234,2038-06-11,266416760.744,1.25668003261,241.00265,-0.609199733216,-1.0991452995,-4.39584255219e-07,0.347949851537,16.7617621016,4.43092031501,10.38842,True
248,desc,65586.7505883,2038-06-12,266522450.832,0.942911038361,159.42683,-0.882776123734,0.331342031181,1.90362334251e-06,1.45132828285,43.6374668573,-5.67603312176,8.97249,True
146,desc,65587.7793039,2038-06-13,266611331.855,0.92025509371,290.66657,0.324784697205,-0.861036780841,-1.22794881463e-06,0.585437492933,9.11755190632,-4.37137064121,7.79145,True
259,asc,65587.779748,2038-06-13,266611370.228,1.49068794209,14.76716,1.44144998666,0.379963783367,1.50129199028e-06,2.17191209259,57.5022533338,3.21890244914,8.34621,True
247,desc,65587.8739491,2038-06-13,266619509.203,2.49981599935,310.33277,1.61794560395,-1.90560542958,-4.93717379868e-07,2.07793828076,24.0595772826,-2.14442387236,8.69826,False
227,desc,65589.6660786,2038-06-15,266774349.193,1.00021923102,170.18774,-0.98558747893,0.170457711681,4.91738319397e-06,1.39530365455,50.2697906468,-14.4496911373,25.31356,True
60,asc,65591.4631975,2038-06-17,266929620.268,1.02936763287,244.89558,-0.436729064741,-0.932129522985,5.60283660889e-06,0.25933360876,23.8209979077,10.5584570085,38.87863,True
18,asc,65592.4146287,2038-06-18,267011823.916,3.54094671638,82.16378,0.482779242709,3.50788082053,6.42612576485e-08,4.5576288165,38.7073259694,0.496059329027,3.02961,False
179,asc,65592.7177316,2038-06-18,267038012.011,0.894376426703,40.072,0.68440911775,0.575754593714,-8.98167490959e-06,1.79347734124,65.6003260299,15.0830107137,34.254,True
135,asc,65592.9393544,2038-06-18,267057160.217,1.01389448431,34.00167,0.840540096482,0.566987099955,-9.30856913328e-07,1.86366889871,64.0649321584,4.22532148987,8.74062,True
117,asc,65592.9611633,2038-06-18,267059044.513,0.966675213046,278.65037,0.145392324676,-0.955678836976,-4.31388616562e-06,0.310638504069,15.0122875822,9.49244516511,18.68411,True
222,asc,65593.4429772,2038-06-19,267100673.232,0.875058528711,288.01435,0.270616383945,-0.832162364812,5.03286719322e-06,0.458086092842,15.8838547307,12.136436152,21.61632,True
17,desc,65593.9933516,2038-06-19,267148225.582,3.42339354379,87.12483,0.171717848328,3.41908413705,2.9057264328e-07,4.4373316622,38.4039286783,-6.96848450348,39.65677,False
237,asc,65594.5548035,2038-06-20,267196735.026,1.43058520728,297.38763,0.658080779052,-1.27023766419,1.42026692629e-06,0.834993883246,4.68125715921,2.14515815013,5.83305,True
288,desc,65595.474702,2038-06-21,267276214.252,1.80177618752,263.16315,-0.214488073951,-1.78896402872,-2.71946191788e-07,0.784364193356,11.6638754476,-3.0396588119,9.33904,False
267,desc,65595.9314238,2038-06-21,267315675.018,0.443453148505,340.47465,0.417951802705,-0.14821263622,2.66148708761e-06,1.01265034948,43.4192250436,-4.73298363903,5.44387,False
70,asc,65597.7467345,2038-06-23,267472517.858,3.07752902342,306.75571,1.84160706013,-2.4656983445,4.28408384323e-07,2.40899460687,23.0763918006,1.65412262748,8.18219,False
246,desc,65597.8956252,2038-06-23,267485382.017,2.73041099083,14.24203,2.64649219382,0.671731528896,-2.30967998505e-07,3.20469463947,42.881498509,-2.15908199436,9.59103,False
273,asc,65600.577992,2038-06-26,267717138.505,0.84284887385,234.38229,-0.490853497637,-0.685169371767,-2.46055424213e-06,0.565350423614,28.6989973402,6.14234331098,10.31047,True
58,desc,65600.9116162,2038-06-26,267745963.637,0.996302147303,290.95612,0.356330313907,-0.930401352166,4.33251261711e-06,0.393823126138,14.3110011526,-12.3096692231,20.16655,True
296,asc,65605.7591836,2038-07-01,268164793.466,0.298621849126,37.00648,0.238469685962,0.179742086481,-6.19841739535e-06,1.210628463,85.7629823773,21.8655694221,18.943,False
268,desc,65606.2789972,2038-07-02,268209705.358,1.02394992467,296.19778,0.452044286287,-0.918765155773,2.6747584343e-06,0.40113785047,20.5717778443,-9.01632525872,14.38466,True
25,asc,65606.8611155,2038-07-02,268260000.383,0.976088910962,220.68627,-0.74015902563,-0.636328672056,-6.09830021858e-06,0.897072813965,36.1195412516,14.3784228528,24.53703,True
190,asc,65607.1402165,2038-07-03,268284114.709,1.00185223141,81.65754,0.145358205272,0.991251171875,3.64147126675e-07,2.00773525511,52.2910853168,2.93695364564,7.36842,True
61,desc,65607.6297735,2038-07-03,268326412.432,2.56357783516,357.7231,2.56155387478,-0.101848237743,2.83122062683e-07,2.63876395238,43.2278912781,-1.00437743035,4.44104,False
148,desc,65610.0027634,2038-07-06,268531438.756,3.15883829985,228.48253,-2.09383085215,-2.36519169776,-8.34465026855e-07,2.60014035006,15.619930531,-1.98654946961,9.87177,False
214,asc,65612.4376925,2038-07-08,268741816.632,1.12880374969,159.69,-1.05862417908,0.391807035137,4.13157977164e-07,1.85767947838,43.3405751466,6.65467850796,13.7949,True
95,asc,65620.0935106,2038-07-16,269403279.317,1.00148260841,188.12971,-0.991418170956,-0.141624239628,1.71922147274e-06,1.53080674257,63.1967179097,3.03380154987,9.90138,True
154,desc,65620.2527993,2038-07-16,269417041.859,2.36551460281,238.61606,-1.23188989411,-2.0194322531,8.08387994766e-07,1.84986148482,27.5064512014,-2.60031435606,9.93722,False
67,desc,65621.0967043,2038-07-17,269489955.25,1.15800401988,279.34195,0.187974530574,-1.14264556443,1.86264514923e-08,0.210011101035,5.32548690682,-0.744393050648,1.43938,True
53,asc,65626.4436367,2038-07-22,269951930.209,2.59073965593,132.13915,-1.73821390015,1.92107896821,-3.33786010742e-06,3.56712762492,45.0263142934,6.86398245644,29.53092,False
162,desc,65627.083761,2038-07-23,270007236.947,1.03395903928,276.44687,0.116094815736,-1.02742069702,2.90758907795e-06,0.301499344266,13.2716560659,-7.5407019947,16.72622,True
44,desc,65628.5295728,2038-07-24,270132155.086,0.321353249283,23.55397,0.294579402608,0.128416846182,-1.00675970316e-05,1.06151838346,65.87717642,-22.3986487104,20.2845,False
128,desc,65628.6231124,2038-07-24,270140236.911,0.960298827468,93.62643,-0.0607397584824,0.958375980383,1.02445483208e-06,1.94482524907,56.578867056,-4.10171476355,8.54804,True
199,desc,65630.5748424,2038-07-26,270308866.383,1.02007730041,254.44268,-0.273587057739,-0.982704340409,8.78423452377e-06,0.733680025208,32.7545755472,-17.090009657,28.06534,True
206,desc,65631.4540239,2038-07-27,270384827.667,1.31464535038,31.06792,1.12606757074,0.678427758421,8.8382512331e-07,1.71233161027,57.5286694522,-2.39215018844,6.09413,True
36,asc,65632.1198361,2038-07-28,270442353.838,0.942407610203,70.17634,0.319595322109,0.886561297291,-2.49221920967e-06,1.79152963615,47.8435238946,23.5330739385,46.75042,True
5,asc,65633.2226848,2038-07-29,270537639.968,0.954979016943,295.27177,0.407692349914,-0.863580841973,-3.79607081413e-06,0.0917722832076,22.4118585115,17.1870722726,37.03321,True
249,desc,65634.6436845,2038-07-30,270660414.343,2.61882885595,131.52793,-1.73624441473,1.96054071854,-1.65402889252e-06,3.62297429679,42.0430537219,-4.00917775061,17.09824,False
256,desc,65635.5266028,2038-07-31,270736698.48,1.34290533143,178.6164,-1.34251379684,0.0324258305426,-7.07805156708e-07,2.07771422707,42.5196697122,-3.61919221418,8.6717,True
54,asc,65636.2516401,2038-08-01,270799341.7,0.970247715595,18.12085,0.922125964338,0.30176867881,6.27338886261e-06,1.22540342266,44.036477296,10.2961503773,17.99169,True
59,desc,65636.6262803,2038-08-01,270831710.615,1.07828574465,190.62092,-1.05981268136,-0.198739094172,-1.8123537302e-06,1.73555462265,57.7167254471,-3.94536648897,7.40973,True
164,asc,65640.9863721,2038-08-05,271208422.548,0.784190191481,243.71849,-0.347225192665,-0.703127955634,8.13975930214e-07,0.959722063828,23.8669259309,4.58191231107,7.30927,False
103,desc,65641.1935636,2038-08-06,271226323.897,0.818163742333,131.92731,-0.546686585343,0.608708211441,-1.31712295115e-06,1.83329402066,63.2921548636,-2.62701446312,4.69797,True
290,desc,65643.1343407,2038-08-08,271394007.038,0.881451857719,201.40878,-0.820631583675,-0.321747076679,-1.17532908916e-06,1.52989248434,45.6842805261,-4.55267136152,7.30064,True
179,desc,65645.978205,2038-08-10,271639716.913,0.507406699425,220.072,-0.388285917568,-0.326642931715,4.76278364658e-06,1.14578594174,73.8502529078,-26.5859501685,34.254,False
198,desc,65648.683915,2038-08-13,271873490.255,0.934096917009,218.83283,-0.727641693906,-0.585725717085,-3.44216823578e-06,1.43955473494,25.9337347173,-12.8256141048,34.03784,True
300,asc,65651.44372,2038-08-16,272111937.404,0.484694683609,229.11004,-0.317285189351,-0.366413761937,7.39097595215e-06,1.10543518458,48.5978194001,17.2437202598,20.38021,False
187,asc,65651.8273325,2038-08-16,272145081.53,4.12494675298,80.57269,0.675650573302,4.06923604842,1.41561031342e-07,4.76346263776,33.420254709,2.15363664262,13.3569,False
120,asc,65652.5244074,2038-08-17,272205308.796,0.954077934995,261.43576,-0.142079570738,-0.943439506075,6.44475221634e-07,0.9281966998,22.5990017084,4.86161992288,7.77266,True
37,asc,65653.791929,2038-08-18,272314822.668,0.968429042528,272.66887,0.0450936645301,-0.967378608318,-4.91738319397e-07,0.778032465958,19.7353860786,10.5805039619,24.92726,True
220,asc,65654.9211953,2038-08-19,272412391.27,0.589473545808,22.58099,0.544283130621,0.226351352831,2.25566327572e-06,0.910517072951,58.6359052538,10.6039997741,13.76438,False
42,desc,65655.1080244,2038-08-20,272428533.31,0.858103395024,56.20005,0.477358534026,0.71307101087,8.69110226631e-06,1.39753891238,53.5129768704,-14.2392211932,25.15147,True
149,asc,65655.1798649,2038-08-20,272434740.331,1.62209030241,111.23173,-0.587425126779,1.51198831662,-1.37742608786e-06,2.55812864423,54.9205071738,2.45625485534,6.50656,False
141,desc,65660.1101885,2038-08-25,272860720.284,1.54092781179,127.34369,-0.934718797627,1.22505481123,1.00582838058e-07,2.52640311438,49.6230405904,-0.980504112819,3.20528,True
172,asc,65663.3578877,2038-08-28,273141321.496,1.53611639021,116.63182,-0.688572773593,1.37314278199,2.26497650146e-06,2.45877662732,50.5721874458,6.32760468852,17.25133,True
257,asc,65663.5244428,2038-08-28,273155711.857,1.00261986646,36.09232,0.810185885763,0.590631380076,7.24568963051e-07,1.12698150989,39.6646787165,9.32602531911,17.74569,True
28,desc,65663.7057081,2038-08-28,273171373.178,1.01080834159,206.93149,-0.901184898193,-0.457820142307,5.79282641411e-07,1.76465112561,58.8729660939,-3.80671729105,5.87999,True
272,desc,65664.4257652,2038-08-29,273233586.11,0.377079538072,199.28184,-0.355927510748,-0.124517408924,1.42341013998e-06,1.28698574438,81.4900149681,-2.81705187478,2.63724,False
80,desc,65666.3081644,2038-08-31,273396225.402,1.55816682345,295.78687,0.677841162963,-1.40300221222,3.54647636414e-06,0.931843812578,34.23538038,-8.32503296824,23.55872,True
11,desc,65666.8355722,2038-08-31,273441793.442,0.963804249473,167.89802,-0.942384656389,0.202063828292,-3.8743019104e-06,1.95558358315,63.8944380397,-24.2879650984,39.51172,True
107,desc,65668.1973082,2038-09-02,273559447.428,0.904611458586,38.89189,0.704088069771,0.567962922216,-2.40001827478e-06,1.05184694247,40.5252342486,-4.31963493407,6.62299,True
83,desc,65668.9903254,2038-09-02,273627964.116,0.314292058936,335.74474,0.286547718105,-0.129111980694,6.74743205309e-06,0.698083893291,41.7828670522,-29.0632826163,26.45905,False
203,desc,65669.977295,2038-09-03,273713238.288,2.40010193696,17.06965,2.294374173,0.70451150599,7.04079866409e-07,1.79385330057,14.413339438,-1.16475312622,4.84751,False
112,asc,65673.1289477,2038-09-07,273985541.08,1.10051648397,0.98343,1.10035437855,0.0188884381141,-8.81403684616e-06,0.441089001185,32.8541587689,24.4786405582,62.10129,True
135,desc,65675.5449334,2038-09-09,274194282.246,0.802478833187,214.00167,-0.665272024172,-0.448759859577,-3.46172600985e-06,1.61580863105,69.2259075725,-5.33849613951,8.74062,True
189,asc,65675.856259,2038-09-09,274221180.777,1.03954970254,73.38514,0.297245623948,0.996146888311,-6.92903995514e-07,1.49193582635,35.6059912506,1.6580653366,3.12476,True
26,asc,65676.2470497,2038-09-10,274254945.095,0.351985044212,161.99674,-0.334751480664,0.108788407204,1.32564455271e-05,1.36209699115,90.5940056407,19.7756101381,19.2213,False
167,desc,65676.4950411,2038-09-10,274276371.551,1.01992824173,69.00759,0.365383453045,0.952233453788,7.0184469223e-06,1.41535133533,41.6998401394,-35.0763892901,73.64108,True
297,desc,65676.9400087,2038-09-10,274314816.752,0.431221678467,261.11844,-0.0665773561492,-0.42605116081,1.48266553879e-05,1.02646100971,56.5214889722,-21.9274420732,24.30945,False
279,asc,65677.1244625,2038-09-11,274330753.556,0.922131874728,178.12913,-0.921640326191,0.0301048754917,3.11993062496e-08,1.9111561229,67.1028300323,4.16310194269,7.14292,True
155,asc,65678.390535,2038-09-12,274440142.228,0.974045835208,286.22318,0.272128522809,-0.935260047346,6.00889325142e-06,0.935097942944,35.9848237005,10.6228736428,19.00837,True
27,desc,65679.0972022,2038-09-13,274501198.27,2.51098828381,223.45101,-1.8228837696,-1.72689227341,6.46337866783e-06,3.13585503565,36.2391778993,-12.5454047853,60.6846,False
174,asc,65679.7447318,2038-09-13,274557144.831,2.32642414111,10.77506,2.28540631025,0.434933651732,1.11013650894e-06,1.49921935956,13.5137787863,3.80461528283,14.39783,False
23,desc,65681.6537863,2038-09-15,274722087.141,1.11723747542,306.52941,0.66501921644,-0.897757772586,2.95788049698e-06,0.718161222824,14.1070528146,-8.29919080446,24.285,True
106,asc,65683.0362951,2038-09-17,274841535.893,1.61146583978,190.01269,-1.58692203684,-0.280179588434,-4.78327274323e-06,2.56978598894,47.8424137801,13.6126871383,40.78349,False
195,desc,65684.337751,2038-09-18,274953981.691,0.885563410551,234.20354,-0.517972735968,-0.718280445857,-1.42958015203e-06,1.58949436306,45.7870889121,-10.8102712678,19.42916,True
79,desc,65684.3906798,2038-09-18,274958554.735,1.03094297251,84.506,0.0987040413958,1.02620705746,2.36742198467e-06,1.51840576461,46.0472278263,-5.06486646039,9.02376,True
72,desc,65687.6775732,2038-09-21,275242542.326,1.18000668914,15.43379,1.13745402628,0.314028859367,3.14088538289e-07,0.485021944375,35.3281326592,-0.832258053641,1.97391,True
294,asc,65688.2707203,2038-09-22,275293790.233,0.59322375123,187.91609,-0.587570819196,-0.081700376086,1.00769102573e-06,1.58586627629,70.3938494964,2.75171724974,3.7759,False
45,asc,65688.5896345,2038-09-22,275321344.418,1.63160233968,164.09288,-1.56912381209,0.44718749665,-7.10785388947e-06,2.63207019497,48.9387496055,12.4458236696,37.98278,False
276,asc,65691.865819,2038-09-25,275604406.761,0.983000352447,0.07695,0.982999465912,0.00132019941117,-1.72574073076e-06,0.0823883159795,9.51944399585,4.38416707233,6.73598,True
140,asc,65692.304841,2038-09-26,275642338.266,1.89286571417,92.64957,-0.0875019579082,1.89084214551,-1.05053186417e-06,2.24482408945,25.3159661604,4.55315305589,14.10845,False
231,asc,65695.8356101,2038-09-29,275947396.712,1.36553721031,358.77697,1.36522612034,-0.0291464076843,-3.55020165443e-06,0.360946779378,16.1462470223,7.71237386035,19.07078,True
9,desc,65696.1369311,2038-09-30,275973430.845,1.15289665413,157.13487,-1.06230440351,0.447973268621,-3.38535755873e-06,2.11617841346,58.0282719771,-6.26603487675,13.33676,True
255,asc,65696.4833005,2038-09-30,276003357.161,0.701296907974,299.46913,0.345006208762,-0.610563730539,7.00820237398e-08,0.899073457907,34.4035418429,1.40643439693,1.97262,False
97,desc,65696.6280774,2038-09-30,276015865.89,0.958853877614,167.42493,-0.935852493821,0.208760313339,-9.38773155212e-07,1.95131684705,67.6191567633,-4.99757969883,8.02751,True
269,asc,65696.7127498,2038-09-30,276023181.579,0.880053504877,104.47484,-0.219973634983,0.852118402194,-3.36393713951e-06,1.48936921091,45.5496112562,7.78501704125,13.47265,True
198,asc,65699.8919471,2038-10-03,276297864.232,0.356829085783,38.83283,0.277962292441,0.223749771936,-4.57838177681e-06,0.742496988171,42.5494383233,33.5745236902,34.03784,False
233,asc,65700.2948797,2038-10-04,276332677.603,3.04066786988,306.8226,1.82239204433,-2.43403950906,-8.32602381706e-07,2.63104400912,27.5958055271,2.07893250522,10.12318,False
190,desc,65704.4236942,2038-10-08,276689407.179,0.421484168585,261.65754,-0.0611529129495,-0.41702425062,-5.28222881258e-06,1.19037811952,70.736751284,-6.98102985294,7.36842,False
252,desc,65705.1794633,2038-10-09,276754705.625,3.64630726491,201.45675,-3.39359614092,-1.33381479317,7.82310962677e-07,4.62839348589,41.2327113838,-2.79653627147,15.97737,False
105,asc,65705.2251092,2038-10-09,276758649.436,1.15925096641,156.83722,-1.06580496846,0.45598527645,-1.14068388939e-05,2.07929798152,50.5416729799,16.2062728932,37.1231,True
89,asc,65705.7705236,2038-10-09,276805773.237,1.38246902593,8.869,1.36593943484,0.213143303927,1.49384140968e-06,0.380657922397,12.6975805564,6.01475569882,15.31841,True
136,asc,65706.0208139,2038-10-10,276827398.317,1.03627887693,290.33711,0.360151512861,-0.971681428534,4.87267971039e-06,1.29701003626,37.8813950947,12.3013154574,24.09941,True
296,desc,65707.1636834,2038-10-11,276926142.247,0.964497486906,217.00648,-0.770216290224,-0.580536190535,4.15649265051e-06,1.9135341162,48.1121904435,-6.76988469296,18.943,True
300,desc,65707.4212741,2038-10-11,276948398.083,0.98312473579,49.11004,0.643561665724,0.743211025572,3.47569584846e-06,0.65234600744,12.5188918769,-8.50140295663,20.38021,True
60,desc,65709.6928818,2038-10-13,277144664.99,0.202180935107,64.89558,0.0857791598235,0.183082129823,1.48871913552e-06,0.890302185928,78.3247001611,-53.7564725967,38.87863,False
82,desc,65710.7833997,2038-10-14,277238885.734,1.06993792245,348.05282,1.04676184228,-0.221487704927,2.47545540333e-06,0.47057778603,28.8966104974,-5.55426068525,9.8289,True
201,desc,65713.4274761,2038-10-17,277467333.931,0.90279588588,42.60435,0.664499025574,0.611131292419,-1.9297003746e-06,0.437352770886,25.1282797942,-4.17932792961,6.40373,True
226,desc,65713.6789765,2038-10-17,277489063.573,1.08756757241,330.72865,0.948700280855,-0.531762166447,-1.03861093521e-05,0.82243599099,28.6037813831,-19.8913863391,45.86726,True
240,desc,65715.6907869,2038-10-19,277662883.986,1.03341884521,317.21706,0.758459302285,-0.701921645495,-1.87754631042e-06,1.04218128558,31.2016353725,-15.4753856757,28.00194,True
29,asc,65716.7104522,2038-10-20,277750983.067,0.975716993127,164.28075,-0.93922593559,0.264345025661,-1.30608677864e-05,1.87966397154,52.0569609067,26.1691853967,51.3362,True
200,asc,65718.0310167,2038-10-22,277865079.847,1.84728684772,194.71649,-1.78668601148,-0.469277949762,-2.47731804848e-06,2.84128191402,48.8521478604,5.17462557721,16.07668,False
181,asc,65718.0894245,2038-10-22,277870126.278,0.981026422352,268.50377,-0.0256157495388,-0.98069193671,4.63798642159e-07,1.64813558127,52.5172001608,2.8814624272,4.68129,True
19,asc,65719.6353399,2038-10-23,278003693.365,1.33216309403,40.94164,1.0062859388,0.872953102099,-1.01048499346e-06,0.494057514539,27.0397781595,4.46398573139,10.7844,True
259,desc,65721.2511692,2038-10-25,278143301.022,1.04954203719,194.76716,-1.01487528863,-0.267519413011,-2.08150595427e-06,2.03951714072,62.1732340018,-4.57187887449,8.34621,True
118,desc,65721.2983731,2038-10-25,278147379.433,0.946791056796,82.94888,0.116223200482,0.939630498067,6.51553273201e-06,0.950967471029,42.7084795765,-33.2229044587,68.42022,True
5,desc,65721.9792755,2038-10-25,278206209.402,0.745228928478,115.27177,-0.31814744375,0.673905304829,-7.36676156521e-06,1.2463180359,39.1622098827,-22.0244984538,37.03321,False
134,desc,65721.9940499,2038-10-25,278207485.911,1.01735989839,164.3211,-0.979505293399,0.274937343874,-7.97212123871e-07,1.88793797508,57.8736746368,-20.2209635352,38.14572,True
232,asc,65722.9129426,2038-10-26,278286878.243,0.992879776329,16.90762,0.949962462532,0.288758670904,-1.37463212013e-05,0.158518445066,34.2124410059,29.5262440659,55.01316,True
81,desc,65725.6469865,2038-10-29,278523099.636,0.883137983233,310.14228,0.569348379876,-0.675111190666,-1.52736902237e-06,1.19356823294,21.573973507,-7.20238227673,17.0676,True
206,asc,65727.2135619,2038-10-31,278658451.749,0.792864786688,211.06792,-0.679133215673,-0.409160903973,-2.08104029298e-06,1.78827376991,70.9806567336,3.966412906,6.09413,False
99,desc,65727.7718094,2038-10-31,278706684.331,0.927114457778,176.54428,-0.925428667566,0.0558837996928,1.34855508804e-06,1.83688740576,65.8766237545,-7.59621641393,12.15584,True
164,desc,65728.0455254,2038-11-01,278730333.397,1.05344870162,63.71849,0.46644797698,0.944553043363,3.52971255779e-07,0.577228498277,5.41629431648,-3.41078847696,7.30927,True
26,desc,65728.6235043,2038-11-01,278780270.774,0.886596595788,341.99674,0.843187879918,-0.274021391176,-4.09409403801e-06,0.797212655703,43.9984515759,-7.85105542005,19.2213,True
220,desc,65729.0720471,2038-11-02,278819024.871,1.14385677534,202.58099,-1.05616605036,-0.439228410477,3.04169952869e-06,2.13132511728,55.0981565067,-5.46465036652,13.76438,True
1,asc,65729.4073743,2038-11-02,278847997.142,1.05675314326,336.03924,0.96568617722,-0.429158959961,2.75671482086e-07,0.971998967355,28.5074904041,12.8013589776,22.14242,True
209,desc,65729.7916013,2038-11-02,278881194.35,0.959957359743,230.12548,-0.615436729103,-0.736719597266,3.507360816e-06,1.93259182857,66.1933629508,-6.86748916114,10.99257,True
49,asc,65729.93072,2038-11-02,278893214.212,0.199750974798,87.94857,0.00715039746443,0.199622953962,8.38842242956e-06,0.894939024765,84.8366115137,33.728858895,22.80162,False
183,asc,65731.2991277,2038-11-04,279011444.632,1.02771345831,322.74951,0.818056650813,-0.622075773881,-6.10388815403e-06,1.1836411623,30.9874516932,10.5899507625,21.47,True
210,desc,65731.6868309,2038-11-04,279044942.187,1.0197680676,151.11156,-0.892870185389,0.492655806562,-1.00582838058e-07,1.71110264055,47.1484554592,-10.7110836365,22.32417,True
96,desc,65732.8458235,2038-11-05,279145079.148,1.07362202787,312.16563,0.720696788728,-0.795776600214,-1.00024044514e-06,1.38153686503,40.3626859937,-6.58043265602,10.84584,True
76,asc,65733.1286421,2038-11-06,279169514.677,1.24045185344,213.60445,-1.03314537864,-0.686535816464,3.1990930438e-07,2.23364948273,57.1837490696,1.80379599537,4.09944,True
298,asc,65734.5032733,2038-11-07,279288282.812,1.02542621207,138.73493,-0.770778387867,0.676313236008,-4.30271029472e-06,1.55956585999,42.5662443445,15.6757749702,29.79622,True
292,desc,65734.9276318,2038-11-07,279324947.385,1.60443544158,306.7835,0.960724678639,-1.28499851286,-4.61935997009e-07,1.9050039013,43.9557222721,-0.839969419572,2.51747,False
186,desc,65734.953636,2038-11-07,279327194.152,1.12950453834,112.44372,-0.431217439477,1.04395020093,-3.30246984959e-06,1.2881147412,29.4186979467,-13.8653707408,30.12309,True
23,asc,65736.7206555,2038-11-09,279479864.639,0.385253346022,126.52941,-0.229316402233,0.309570877649,5.06639480591e-07,1.04420429747,56.5411384864,24.0677130468,24.285,False
196,asc,65737.9618767,2038-11-10,279587106.148,3.59385954997,84.80995,0.325099216978,3.57912516742,-9.12696123123e-07,2.95789220494,22.2459383996,1.69278472357,9.52381,False
214,desc,65738.6591655,2038-11-11,279647351.902,1.1088130104,339.69,1.03987629666,-0.384868262749,1.18394382298e-07,1.08756368054,44.6450432044,-6.77465540382,13.7949,True
130,asc,65738.9931617,2038-11-11,279676209.172,2.25602967351,104.69532,-0.572307207037,2.18223150663,4.17232513428e-07,2.00377654485,17.7827568061,1.46788723759,5.43674,False
117,desc,65740.5950839,2038-11-13,279814615.251,0.886531582092,98.65037,-0.133338360061,0.87644687676,-5.5618584156e-06,0.871842684711,27.4446513865,-10.3505747992,18.68411,True
16,desc,65741.0953757,2038-11-14,279857840.462,1.00712962515,55.51959,0.570160681789,0.830196891584,2.30967998505e-06,0.197999742515,14.9917561917,-14.0741265466,23.15184,True
83,asc,65743.7181285,2038-11-16,280084446.304,0.961756022516,155.74474,-0.876856369071,0.395091830928,2.14949250221e-06,1.58912597479,36.8891521186,9.49758433433,26.45905,True
157,desc,65745.4517502,2038-11-18,280234231.214,0.981766831928,318.78161,0.738488401203,-0.646916527508,3.29315662384e-06,1.39189659676,39.0218180342,-12.5611401185,20.66508,True
128,asc,65745.954474,2038-11-18,280277666.557,0.673285881758,273.62643,0.0425859333343,-0.671937732871,3.11061739922e-07,1.54414607178,65.7204543645,5.85022200045,8.54804,False
102,asc,65745.9616679,2038-11-18,280278288.103,1.12161431679,161.20276,-1.06179277371,0.361406670287,6.39259815216e-06,1.75384658193,50.7389997516,12.077355412,26.06566,True
169,desc,65750.0185515,2038-11-23,280628802.851,1.09244625773,221.67682,-0.815956031924,-0.726398361782,2.84984707832e-06,2.07148009938,64.9846404117,-7.37746671829,12.81196,True
271,desc,65750.8521365,2038-11-23,280700824.594,0.984154362607,30.87182,0.844716792914,0.504988464431,4.13786619902e-06,0.395465572525,15.6712708543,-9.75608079999,15.73453,True
37,desc,65751.7018545,2038-11-24,280774240.226,0.50779561716,92.66887,-0.0236448559519,0.507244822146,-9.60193574429e-06,0.665303602524,30.9558936031,-20.1783295779,24.92726,False
230,asc,65754.4150068,2038-11-27,281008656.587,1.14770292761,87.66314,0.0467971212242,1.14674846391,-7.84173607826e-07,0.575263410207,32.6581454119,3.44067547343,8.26679,True
253,asc,65754.6145836,2038-11-27,281025900.025,1.22162503872,116.68273,-0.548570356743,1.09153025561,7.11902976036e-06,1.10538454532,40.7308426585,15.7073466165,38.24694,True
145,desc,65755.3909063,2038-11-28,281092974.306,1.046734562,241.2066,-0.504162556883,-0.917318570354,0,2.03443925252,63.3319722179,-8.66333934796,15.15631,True
170,desc,65756.4135317,2038-11-29,281181329.137,0.826010119371,315.03605,0.584444737429,-0.583709744817,-1.34157016873e-06,1.43838391707,58.0467307184,-2.46411483751,3.58083,True
143,desc,65756.5181571,2038-11-29,281190368.774,1.31861046155,42.69423,0.96915612232,0.894130840477,5.11854887009e-06,0.472554075663,15.0963376962,-11.8189771839,28.82828,True
78,asc,65760.3378917,2038-12-03,281520393.844,1.77811745868,279.53942,0.29468054273,-1.75352931957,-2.32458114624e-06,2.64153183563,42.6934471188,11.2524632759,36.0152,False
229,asc,65762.5660439,2038-12-05,281712906.196,0.99013462152,39.09556,0.768438803808,0.624394405432,-1.04866921902e-06,0.456929144307,15.2794616731,12.8157788281,24.832,True
68,desc,65762.9406498,2038-12-05,281745272.143,0.986755910689,319.30103,0.748105104664,-0.64344850583,-3.94321978092e-06,1.58539614214,48.8292883749,-7.66099793498,13.91996,True
32,asc,65766.5194473,2038-12-09,282054480.244,3.24807511867,58.16545,1.71325631851,2.75948269855,-1.42678618431e-06,2.29098493978,19.860265372,2.29462969561,11.6234,False
125,asc,65766.6540946,2038-12-09,282066113.776,0.990705003978,181.67697,-0.99028068869,-0.0289924561609,-9.34302806854e-06,1.63608665068,64.2702855594,13.9134108866,39.01303,True
294,desc,65767.4926879,2038-12-10,282138568.235,0.832012706109,7.91609,0.8240843127,0.114587035425,-1.63447111845e-07,0.957564484092,40.8883512021,-1.96197007237,3.7759,True
42,asc,65770.6007489,2038-12-13,282407104.708,1.01903071268,236.20005,-0.566881578555,-0.846799190652,6.94207847118e-06,1.98048450509,55.5652913362,11.9905356102,25.15147,True
84,desc,65771.3825484,2038-12-14,282474652.178,1.03605958041,145.70748,-0.855963266617,0.583734820247,-1.9702129066e-06,1.17380862562,37.2451855908,-4.14408460782,6.69302,True
290,asc,65771.9327779,2038-12-14,282522192.009,1.55122175286,21.40878,1.44418728321,0.566226118753,9.57399606705e-07,1.25559296889,42.9774914908,2.58696773804,7.30064,True
109,asc,65771.9918398,2038-12-14,282527294.958,1.08960927484,325.49909,0.897965736579,-0.617175751093,-1.84588134289e-06,1.69948025803,38.0744320557,3.81134462922,8.88522,True
72,asc,65772.282772,2038-12-15,282552431.497,0.748995988219,195.43379,-0.72198616356,-0.199326290279,-3.28756868839e-07,1.50474912026,52.9326881037,1.31118201677,1.97391,False
69,asc,65772.4658738,2038-12-15,282568251.495,3.6946659722,226.5645,-2.54022162259,-2.68287732747,-4.46569174528e-07,4.57932666114,39.2598880631,1.10851134461,6.24493,False
121,desc,65776.5017405,2038-12-19,282916950.376,3.41667187639,95.18421,-0.308724059294,3.40269542659,-2.23517417908e-08,2.48002115183,24.276265054,-2.53666349735,13.75276,False
163,asc,65778.1860176,2038-12-21,283062471.922,0.683582396636,165.54034,-0.661929024906,0.170689363984,5.37931919098e-06,1.13696764147,58.2039905268,17.3216173055,26.60392,False
241,desc,65778.7746367,2038-12-21,283113328.611,0.333243651154,33.02113,0.27941468906,0.18160055774,1.77454203367e-05,0.807422976214,47.2055793997,-32.651708893,31.4187,False
159,desc,65778.8309091,2038-12-21,283118190.543,1.15107047626,285.20898,0.301972315649,-1.11075468125,-6.79865479469e-08,2.09335935155,59.2523260611,-2.93953952941,5.39883,True
81,asc,65779.1720758,2038-12-22,283147667.352,0.378024734515,130.14228,-0.24370797569,0.288979449944,3.62563878298e-06,0.780253665196,38.1816785046,16.8261406665,17.0676,False
297,asc,65779.2246283,2038-12-22,283152207.882,0.9578518783,81.11844,0.147885064281,0.946366857263,-4.57791611552e-06,0.0381181055254,13.1081712127,9.87166031563,24.30945,True
60,asc,65779.5229563,2038-12-22,283177983.423,1.02936763287,244.89558,-0.436729064741,-0.932129522985,5.804002285e-06,1.98857174685,43.15508963,10.5584570085,38.87863,True
195,asc,65782.9835456,2038-12-25,283476978.34,0.987212032964,54.20354,0.577427783943,0.800727639313,-3.46824526787e-06,0.549219807796,33.5814413699,9.69718801354,19.42916,True
24,asc,65784.1918965,2038-12-27,283581379.854,1.02769998786,94.35212,-0.0779878364562,1.02473663076,9.9390745163e-06,0.123168813435,34.279534646,28.2308188568,64.00427,True
272,asc,65784.8063996,2038-12-27,283634472.927,1.47711678813,19.28184,1.39425889873,0.487766469847,2.45403498411e-07,1.45414773465,37.0951977426,0.71913922325,2.63724,True
162,asc,65785.3674687,2038-12-28,283682949.295,0.689498332152,96.44687,-0.077418136291,0.685138221247,6.60493969917e-06,0.313258066345,14.7842238025,11.3078982593,16.72622,False
239,asc,65785.6276783,2038-12-28,283705431.404,0.375111652701,208.83489,-0.328602742704,-0.180911551538,1.64527446032e-05,1.21368499294,84.30087667,34.8824222799,36.24349,False
49,desc,65786.3090272,2038-12-29,283764299.946,1.15710856194,267.94857,-0.041420504385,-1.15636696854,-5.69969415665e-07,2.14056950353,49.1342136173,-5.82259319887,22.80162,True
71,desc,65786.7176005,2038-12-29,283799600.687,0.943653171143,39.36124,0.729597514112,0.59847203344,-1.47148966789e-06,0.830557054833,35.5515682042,-10.1215370961,16.69512,True
296,asc,65790.6844969,2039-01-02,284142340.534,0.298621849126,37.00648,0.238469685962,0.179742086481,5.25848008692e-06,0.860234769781,59.4734361623,21.8655694221,18.943,False
141,asc,65792.5301047,2039-01-04,284301801.05,0.561504703326,307.34369,0.340605833147,-0.446402507031,1.28941610456e-06,1.49283856112,78.6287205357,2.6907807683,3.20528,False
219,asc,65793.2422357,2039-01-05,284363329.163,2.21052283383,187.46839,-2.19177035323,-0.287321975519,-2.63750553131e-06,2.42658320617,48.608011326,13.0077615938,54.50065,False
222,desc,65794.3402056,2039-01-06,284458193.767,1.0079617149,108.01435,-0.311717382885,0.958550516096,-6.41867518425e-06,0.173298376242,14.4275622931,-10.5362056971,21.61632,True
75,asc,65795.1870147,2039-01-07,284531358.07,2.24550543148,107.56402,-0.67762899562,2.14082077417,-5.8114528656e-07,1.28151666889,16.3754528175,2.74077559974,9.6898,False
244,asc,65795.8732977,2039-01-07,284590652.921,2.16532770128,74.90308,0.56396524737,2.09059495209,1.75088644028e-06,1.3377036049,15.9679872741,5.36928078058,19.45987,False
256,asc,65797.1606103,2039-01-09,284701876.731,1.03864715568,358.6164,1.03834432995,-0.0250792039287,-2.4763867259e-06,1.57607345441,54.3464048451,4.67938750259,8.6717,True
7,desc,65799.2909458,2039-01-11,284885937.716,3.11403490945,199.88008,-2.92845838918,-1.05893572993,3.95625829697e-06,3.37327470085,32.3580249123,-8.20159155781,43.64693,False
182,asc,65800.2108234,2039-01-12,284965415.139,0.694332343257,159.49235,-0.650329324025,0.243247144292,-2.6049092412e-06,0.820485289116,53.822142174,6.01399496785,9.06773,False
208,desc,65804.3733779,2039-01-16,285325059.85,1.97874665257,252.98582,-0.578997831501,-1.89214159781,-1.30385160446e-08,2.83829215321,48.7144806762,-1.06116169552,3.41388,False
35,asc,65804.6408121,2039-01-16,285348166.169,1.02047449808,38.30847,0.800750766612,0.632587077797,8.60122963786e-06,1.15440631543,30.5252849624,20.450003257,44.05781,True
295,asc,65805.029104,2039-01-17,285381714.586,2.69137354024,84.2559,0.269367748434,2.67785969558,3.68803739548e-07,1.84504135568,21.0037559126,2.92575386269,12.40454,False
44,asc,65805.4216098,2039-01-17,285415627.087,0.995912089171,203.55397,-0.912936741525,-0.397979139316,-3.31178307533e-06,1.44911518817,49.3695200285,7.22742360585,20.2845,True
124,desc,65809.2281005,2039-01-21,285744507.882,1.03640075796,296.62205,0.464414460418,-0.926523469778,2.29850411415e-06,2.01915713643,65.6055331054,-9.78273170055,16.18609,True
191,asc,65811.7150257,2039-01-23,285959378.224,1.02278242989,359.93571,1.02278178602,-0.00114763546598,-1.99303030968e-07,1.70088605796,36.5750808385,2.04527799682,5.04225,True
291,desc,65813.1073422,2039-01-25,286079674.365,1.82895953487,338.02876,1.6961254485,-0.684289005574,-7.39470124245e-07,2.65303890364,41.648256408,-1.14621199906,3.57805,False
67,asc,65815.2076866,2039-01-27,286261144.125,1.55503535752,99.34195,-0.25242316636,1.53441112751,-5.72763383389e-08,0.715307495342,20.7608277852,0.554334755704,1.43938,True
257,desc,65815.5700627,2039-01-27,286292453.419,1.12635233597,216.09232,-0.910170240515,-0.663520699022,1.72108411789e-06,1.575188363,38.2514447392,-8.30153936865,17.74569,True
299,desc,65815.7696384,2039-01-27,286309696.76,1.0625655439,337.86367,0.984243719779,-0.400387106644,-2.08057463169e-06,1.93591367551,49.7673789522,-5.00757311207,11.16926,True
125,desc,65817.0077718,2039-01-29,286416671.484,0.371607677325,1.67697,0.371448519132,0.0108749014599,-1.17626041174e-05,1.21139466382,89.4374497177,-37.093113595,39.01303,False
57,desc,65818.644238,2039-01-30,286558062.161,1.01208037462,351.12615,0.999966150294,-0.15612297385,-3.89292836189e-06,1.82222040038,52.557716772,-27.8206397933,55.89453,True
261,asc,65819.1862651,2039-01-31,286604893.302,0.991784179892,31.55547,0.845132937191,0.519024255656,4.91738319397e-07,1.420263539,41.619830627,12.8356828608,23.24895,True
241,asc,65825.4303334,2039-02-06,287144380.808,0.933305181083,213.02113,-0.782548072762,-0.508603062173,7.2717666626e-06,1.27460613634,19.8051134417,11.6585388236,31.4187,True
54,desc,65825.439402,2039-02-06,287145164.334,1.50254038139,198.12085,-1.42801830488,-0.467323569498,-1.4454126358e-06,1.4609094139,24.3913370771,-6.64861757243,17.99169,True
63,desc,65826.6427606,2039-02-07,287249134.518,0.976154428989,177.06027,-0.974869843885,0.0500625280894,1.45509839058e-05,0.766962259196,42.0955816597,-28.1021221768,53.19536,True
248,asc,65826.7162534,2039-02-07,287255484.292,2.2416229469,339.42683,2.09866162918,-0.787713655001,-6.07222318649e-07,3.14392767204,48.1381741215,2.38755330909,8.97249,False
41,asc,65828.5443977,2039-02-09,287413435.966,4.04967933169,55.15904,2.3135836269,3.32373787939,-4.40329313278e-06,3.96033802412,32.1120866254,6.81574192941,47.83485,False
190,asc,65829.685386,2039-02-10,287512017.352,1.00185223141,81.65754,0.145358205272,0.991251171875,4.24683094025e-07,0.878575442208,20.9223967965,2.93695364564,7.36842,True
52,desc,65829.7613597,2039-02-10,287518581.479,1.71320133821,311.99742,1.14629811949,-1.27320832801,4.14252281189e-06,2.69851383008,48.2450111559,-13.1012673833,42.36114,False
228,desc,65829.9564078,2039-02-10,287535433.633,0.922043696021,140.05713,-0.706917061839,0.591973686116,1.2768432498e-06,0.113782513161,11.9167764883,-4.46359775662,7.15733,True
112,desc,65832.3295592,2039-02-13,287740473.913,0.999106012836,180.98343,-0.998958845118,-0.0171479049772,-1.09076499939e-05,0.746778795901,32.1703603223,-26.9632522409,62.10129,True
149,desc,65834.4222395,2039-02-15,287921281.492,1.22144726453,291.23173,0.442335924923,-1.13853956873,-4.32133674622e-07,2.1445959807,55.5805168864,-3.26192320927,6.50656,True
61,asc,65835.9724365,2039-02-16,288055218.512,0.823328556296,177.7231,-0.822678533365,0.0327099733009,-7.34813511372e-07,0.598295818774,17.5597279839,3.12730525243,4.44104,True
104,asc,65838.0708248,2039-02-19,288236519.264,1.41485729888,68.67554,0.514511361748,1.31799060498,2.77906656265e-06,1.48439876611,24.3363205529,9.70027179905,24.75984,True
150,asc,65838.2060271,2039-02-19,288248200.744,3.2294999232,116.19322,-1.42550021372,2.89786454042,-3.41329723597e-07,2.38755705951,20.9185839795,1.47881161112,7.35457,False
115,asc,65839.7499709,2039-02-20,288381597.483,0.85756078534,109.438,-0.285384761836,0.808681666829,1.05099752545e-06,0.566608043086,14.9274975381,2.4770564476,3.69008,True
231,desc,65842.4084281,2039-02-23,288611288.185,1.0251705712,178.77697,-1.02493702188,0.0218815270567,5.48921525478e-06,0.552380523614,11.5852734204,-10.2729572834,19.07078,True
19,desc,65844.3043878,2039-02-25,288775099.109,0.994114475636,220.94164,-0.750931641085,-0.651433236093,-3.75602394342e-06,1.16580109884,25.9007351287,-5.98196403873,10.7844,True
9,asc,65844.3530648,2039-02-25,288779304.802,1.06195861177,337.13487,0.978512085694,-0.412638087508,-1.27870589495e-06,2.04525313356,60.5323642472,6.80261035035,13.33676,True
230,desc,65845.3153771,2039-02-26,288862448.58,0.675246903389,267.66314,-0.0275329185226,-0.674685348095,-2.98954546452e-06,1.43348723887,55.6403459424,-5.84804357337,8.26679,False
40,desc,65845.5323,2039-02-26,288881190.724,2.80305964086,67.76284,1.06079323724,2.594583022,7.15255737305e-07,2.84610408735,23.3102810049,-2.13002799811,9.28064,False
239,desc,65850.5860583,2039-03-03,289317835.436,1.04562423427,28.83489,0.915980585364,0.504291192195,2.68220901489e-07,1.81710825102,56.3745311367,-12.5138674515,36.24349,True
165,desc,65850.8721398,2039-03-03,289342552.882,0.206736561063,123.99962,-0.115604481115,0.171393143464,5.52367419004e-06,0.820920603565,61.1681253207,-27.2127074076,19.13504,False
120,desc,65851.5647462,2039-03-04,289402394.071,2.17267728845,81.43576,0.323551195529,2.14845088927,-4.76837158203e-07,2.13821346189,43.8138927405,-2.13486113258,7.77266,False
90,asc,65851.7501995,2039-03-04,289418417.234,0.99241301653,294.79736,0.416228195948,-0.900909365183,2.19792127609e-06,1.85332368286,59.4475458968,12.4468257179,20.05615,True
280,desc,65854.1128421,2039-03-07,289622549.558,1.9976105856,344.91856,1.9288068168,-0.519761786953,-1.57952308655e-06,2.98460009165,44.521438964,-10.0949491123,36.78219,False
270,asc,65855.3092549,2039-03-08,289725919.625,0.902324421954,90.70575,-0.0111142454624,0.902255970334,2.45869159698e-07,1.0787190258,34.8685906075,4.56702548957,7.03616,True
255,desc,65856.5115186,2039-03-09,289829795.204,1.36051847046,119.46913,-0.669313259629,1.1844957868,-2.81259417534e-07,0.905780305728,24.1616515132,-0.724964868357,1.97262,True
288,asc,65856.9740763,2039-03-09,289869760.194,0.997348247071,83.16315,0.11872690185,0.990256254064,5.8114528656e-07,1.25826984348,42.5159844193,5.49134655979,9.33904,True
163,desc,65859.1552461,2039-03-12,290058213.264,0.930264172066,345.54034,0.900796830567,-0.23228538454,-8.30367207527e-06,1.92213112245,59.4310243421,-12.7283765482,26.60392,True
122,asc,65861.0488219,2039-03-14,290221818.209,2.64861237984,164.87309,-2.55683842105,0.691176408231,-1.35600566864e-06,1.65621192948,17.7917227169,2.39424014203,10.06177,False
55,asc,65861.8431671,2039-03-14,290290449.639,0.98931839847,302.02023,0.524555075658,-0.838804426641,4.19840216637e-06,1.83444612169,61.5207846607,13.66572149,22.71515,True
172,desc,65865.0242619,2039-03-18,290565296.226,0.999314732356,296.63182,0.44794842457,-0.893292865318,4.99561429024e-06,1.78296801884,53.6692749052,-9.72660259885,17.25133,True
83,desc,65865.6527765,2039-03-18,290619599.885,0.314292058936,335.74474,0.286547718105,-0.129111980694,-5.02169132233e-06,1.30040493813,93.3090924208,-29.0632826163,26.45905,False
76,desc,65865.8477162,2039-03-18,290636442.678,0.995075052713,33.60445,0.828776376336,0.550730495396,3.96743416786e-07,1.85012228551,63.0600681211,-2.24859630394,4.09944,True
182,desc,65866.7833175,2039-03-19,290717278.632,0.919800309738,339.49235,0.861508353282,-0.32223588723,-1.77649781108e-06,1.90353133713,60.9883543612,-4.53980192674,9.06773,True
109,desc,65866.9873185,2039-03-19,290734904.32,0.650819028605,145.49909,-0.536351150727,0.368636475553,1.59814953804e-06,0.500595953987,30.4065348103,-6.38100036272,8.88522,False
197,asc,65868.7041361,2039-03-21,290883237.361,0.941439297683,352.06267,0.932420030144,-0.130003225378,-1.54878944159e-06,1.9360100816,66.5599015815,3.70835628265,5.8333,True
44,desc,65871.2873158,2039-03-24,291106424.087,0.321353249283,23.55397,0.294579402608,0.128416846182,8.5299834609e-06,1.28885232868,93.9438456209,-22.3986487104,20.2845,False
191,desc,65873.1892051,2039-03-26,291270747.322,0.464185077112,179.93571,-0.464184784896,0.000520849050402,1.40257179737e-06,0.532383641952,30.7398678163,-4.50655245617,5.04225,False
45,desc,65873.5801112,2039-03-26,291304521.612,0.983536260425,344.09288,0.945873960071,-0.269566368881,-8.34465026855e-07,1.96458674493,59.3411128473,-20.6465545151,37.98278,True
14,asc,65876.5279547,2039-03-29,291559215.284,0.960929619818,226.433,-0.662274939023,-0.696259749939,-1.98371708393e-06,0.754286526929,33.6068002098,5.70989338323,8.85374,True
151,desc,65877.3685247,2039-03-30,291631840.538,0.967374238216,334.89353,0.875977582555,-0.41045851389,3.48314642906e-06,1.90992085487,65.3522566134,-7.45882856826,11.22959,True
183,desc,65877.3734565,2039-03-30,291632266.645,0.967442388613,142.74951,-0.770081070637,0.585593647447,5.84218651056e-06,0.660446530253,27.1486309585,-11.2496982245,21.47,True
43,asc,65877.8026662,2039-03-30,291669350.355,1.15282412624,135.99028,-0.829136409133,0.800959600164,-2.80141830444e-06,0.859593361827,5.89272791828,4.88868943031,11.62102,True
127,asc,65877.8159675,2039-03-30,291670499.594,2.18940640751,232.85463,-1.32204978598,-1.74518903866,6.42612576485e-08,1.73361817052,36.6253719723,0.536660967025,2.11568,False
156,asc,65881.0812496,2039-04-03,291952619.963,1.01982420655,173.52007,-1.01330900698,0.115092435167,6.36652112007e-06,0.214664701539,16.6236954667,15.6068818443,26.05772,True
265,asc,65881.6616398,2039-04-03,292002765.678,0.315588069183,141.40332,-0.246649945221,0.196874665545,-1.33076682687e-05,0.806057848924,46.7653932494,21.5554867094,18.97022,False
98,desc,65882.2165888,2039-04-04,292050713.275,1.21233878376,131.66594,-0.805946325021,0.905657687972,-1.15483999252e-07,1.04050170389,10.0797334772,-2.30025447,5.52413,True
165,asc,65885.5046002,2039-04-07,292334797.456,0.842908631509,303.99962,0.471343890367,-0.698806051838,-3.35276126862e-08,1.54730344789,32.7294041747,6.67434326375,19.13504,True
103,asc,65886.8277497,2039-04-08,292449117.572,0.738472615075,311.92731,0.493437989751,-0.549418559466,7.54371285439e-08,1.51555691033,64.296501871,2.91050465573,4.69797,False
297,desc,65888.5760356,2039-04-10,292600169.476,0.431221678467,261.11844,-0.0665773561492,-0.42605116081,1.25409569591e-05,0.929814570528,52.3804135407,-21.9274420732,24.30945,False
202,asc,65888.6072488,2039-04-10,292602866.297,1.13859993657,156.84047,-1.04684399885,0.447802922747,-8.84116161615e-07,0.678433727757,4.32792721092,2.68791119236,5.54384,True
253,desc,65890.618266,2039-04-12,292776618.18,0.972680423501,296.68273,0.436781852047,-0.869096553891,3.40864062309e-06,1.52980446103,41.0164738728,-19.7274330345,38.24694,True
56,asc,65890.9033437,2039-04-12,292801248.896,0.983285522422,117.85066,-0.459360111175,0.86938984746,-8.17328691483e-06,1.24237536957,35.5720135516,18.3164467442,33.46935,True
123,desc,65891.1092662,2039-04-13,292819040.603,1.70360888582,47.75939,1.14524338461,1.2612298862,-3.80910933018e-07,2.6061631019,45.2336651464,-1.59038029451,4.48847,False
273,desc,65891.9279872,2039-04-13,292889778.091,1.07044645389,54.38229,0.62340047217,0.870188176172,9.74163413048e-07,1.95918562826,50.6429205453,-4.83636255101,10.31047,True
296,desc,65892.0889967,2039-04-14,292903689.315,0.964497486906,217.00648,-0.770216290224,-0.580536190535,6.053596735e-07,0.351472281053,17.2667018506,-6.76988469296,18.943,True
37,asc,65892.5817843,2039-04-14,292946266.161,0.968429042528,272.66887,0.0450936645301,-0.967378608318,-5.17815351486e-06,1.20867438003,38.8761317653,10.5805039619,24.92726,True
143,asc,65893.325181,2039-04-15,293010495.637,1.0637435308,222.69423,-0.781833290052,-0.72130923042,-9.39704477787e-06,0.450386836213,14.8011959816,14.6507372391,28.82828,True
226,asc,65893.4715978,2039-04-15,293023146.053,0.967604659562,150.72865,-0.844054967774,0.473106741214,-8.49366188049e-07,0.788453112068,31.9356927578,22.3575057632,45.86726,True
263,desc,65893.7204255,2039-04-15,293044644.765,0.948823241974,324.35835,0.77108718999,-0.552892475933,1.12969428301e-06,1.74027360697,60.9349871311,-2.9602695586,4.64461,True
246,asc,65895.7447676,2039-04-17,293219547.922,0.95146927941,194.24203,-0.922226005196,-0.234079014442,1.98557972908e-06,0.112410605687,14.7694772239,6.19587130671,9.59103,True
274,asc,65896.639626,2039-04-18,293296863.688,0.997080529231,308.19497,0.616534178739,-0.78361673554,2.56113708019e-06,1.60992069672,57.5851695375,5.62911951371,9.1404,True
60,desc,65897.7526406,2039-04-19,293393028.146,0.202180935107,64.89558,0.0857791598235,0.183082129823,5.56465238333e-07,1.15982242087,104.003832108,-53.7564725967,38.87863,False
97,asc,65899.758043,2039-04-21,293566294.914,2.15554392783,347.42493,2.10383584767,-0.469301982601,1.97440385818e-07,3.02127744955,40.1363045299,2.22308096395,8.02751,False
73,asc,65899.970748,2039-04-21,293584672.623,1.23289769585,181.16134,-1.23264444222,-0.0249881471736,-5.5180862546e-08,0.500710834479,5.26979359735,1.25064216245,2.66375,True
128,desc,65903.7692629,2039-04-25,293912864.31,0.960298827468,93.62643,-0.0607397584823,0.958375980383,1.79372727871e-06,1.65164732759,45.7024554967,-4.10171476355,8.54804,True
102,desc,65905.732791,2039-04-27,294082513.142,1.02535859846,341.20276,0.970670875014,-0.330391143705,-8.54022800922e-06,1.85058300933,51.2969410816,-13.2111192702,26.06566,True
136,desc,65905.8073486,2039-04-27,294088954.919,1.16905146814,110.33711,-0.406295703052,1.09617751155,-1.88499689102e-06,1.66457375236,43.4257136118,-10.9042191164,24.09941,True
293,desc,65908.788703,2039-04-30,294346543.937,0.978457343952,231.88447,-0.603951964767,-0.769818678773,1.72294676304e-08,0.329326098259,36.6330503823,-0.788259988864,2.35416,True
119,desc,65913.0231923,2039-05-05,294712403.818,1.0238468909,92.69833,-0.0481999841442,1.02271169815,3.86778265238e-06,1.79606346915,59.853122215,-8.73646178718,13.44416,True
299,asc,65915.1484047,2039-05-07,294896022.162,0.709026847822,157.86367,-0.656764400208,0.267169596983,2.23610550165e-06,0.91098915999,45.6185248716,7.5044755552,11.16926,False
229,desc,65915.8782925,2039-05-07,294959084.469,1.07136512009,219.09556,-0.831481410134,-0.675619630523,-1.29267573357e-06,0.0639001141719,13.6250498274,-11.84409132,24.832,True
254,desc,65917.8001048,2039-05-09,295125129.056,2.92401279004,193.78257,-2.83982110336,-0.696611008558,-1.9371509552e-07,2.08542663421,14.7014030812,-1.20844751379,5.85396,False
213,desc,65918.7464075,2039-05-10,295206889.612,0.972606974141,213.49564,-0.811084013707,-0.536756042218,-1.46999955177e-05,0.160091625131,33.7696495258,-28.6363507856,59.33202,True
210,asc,65919.0331834,2039-05-11,295231667.042,0.858329658611,331.11156,0.751520846513,-0.414663984581,2.11969017982e-06,1.51662691099,52.5023599901,12.7256712527,22.32417,True
175,asc,65920.1799096,2039-05-12,295330744.19,1.00475683129,120.97348,-0.517089331862,0.861484133858,-4.10713255405e-06,1.57574681448,49.2794471874,8.14232953879,13.20499,True
162,desc,65920.8972639,2039-05-12,295392723.605,1.03395903928,276.44687,0.116094815737,-1.02742069702,-3.36766242981e-06,0.893811322651,23.9221583515,-7.5407019947,16.72622,True
117,asc,65921.9525828,2039-05-13,295483903.155,0.966675213046,278.65037,0.145392324676,-0.955678836976,3.31923365593e-06,0.883423295809,29.9547150961,9.49244516511,18.68411,True
285,asc,65922.5120737,2039-05-14,295532243.169,2.12207897124,193.47036,-2.06370175694,-0.494321978672,5.21540641785e-06,1.38388640441,16.5928861877,9.55744756718,35.13666,False
34,asc,65923.9278336,2039-05-15,295654564.823,1.68327879032,266.7232,-0.0962158407726,-1.68052670253,5.31785190105e-07,1.10368844161,33.856627894,1.08641614978,2.79844,False
153,asc,65925.6741504,2039-05-17,295805446.591,1.38316866462,272.10936,0.0509102355369,-1.38223142155,1.64844095707e-07,0.941555349724,34.7052122242,0.483516059975,1.52282,True
190,desc,65926.9688637,2039-05-18,295917309.821,0.421484168585,261.65754,-0.0611529129499,-0.41702425062,3.06661240757e-06,0.686500975917,32.2000240453,-6.98102985294,7.36842,False
8,desc,65927.9114577,2039-05-19,295998749.941,2.51003644744,130.13923,-1.61808800491,1.91887315262,1.34110450745e-07,2.88311033474,35.4650053379,-9.44934325695,42.03945,False
284,asc,65930.3240077,2039-05-22,296207194.263,1.27762944082,271.37599,0.0306800320498,-1.2772610241,-1.33586581796e-07,0.781077612458,34.9767377674,0.824609132358,1.79833,True
85,desc,65931.0909308,2039-05-23,296273456.421,1.00036922062,158.02633,-0.927698304235,0.374318626137,-3.95998358727e-06,1.2447191757,44.4537548776,-24.2756902593,42.72023,True
21,asc,65931.8613422,2039-05-23,296340019.962,1.66360731202,311.6149,1.10483598293,-1.24375509625,-1.05611979961e-06,1.73300436276,44.3104550853,2.40496944717,7.13333,False
30,desc,65932.9831031,2039-05-24,296436940.105,1.19478123099,215.50297,-0.972653975199,-0.693863411958,-1.68848782778e-06,0.435899623566,7.0735434429,-2.77079219232,6.35218,True
281,asc,65933.1263541,2039-05-25,296449316.996,0.918877039634,21.49671,0.854958676839,0.336720469924,1.13062560558e-06,1.84305408709,63.1983608879,11.4606094647,21.38605,True
287,asc,65935.4717326,2039-05-27,296651957.697,1.00483320806,79.08291,0.19030368325,0.986648004189,-3.40864062309e-06,1.9860977884,66.5543032781,6.44257725544,9.76964,True
286,desc,65936.2974594,2039-05-28,296723300.496,0.939039062276,61.00265,0.455217184464,0.821323124871,-1.25356018543e-06,1.95233120646,62.5371009032,-5.92973105129,10.38842,True
222,asc,65936.4605362,2039-05-28,296737390.324,0.875058528711,288.01435,0.270616383945,-0.832162364812,-6.75767660141e-06,0.784811648718,24.5802151376,12.136436152,21.61632,True
265,desc,65938.276048,2039-05-30,296894250.548,1.13256209283,321.40332,0.885161403211,-0.70653109229,-6.7800283432e-07,1.38376965861,14.4562062787,-6.00642955827,18.97022,True
99,asc,65939.5777715,2039-05-31,297006719.457,1.9701763602,356.54428,1.96659395029,-0.118756578704,-1.31875276566e-06,2.5560462802,33.777599498,3.57458459254,12.15584,False
35,desc,65939.9245299,2039-05-31,297036679.387,1.00999867392,218.30847,-0.792530547253,-0.626093166383,-9.95164737105e-06,0.431244169238,29.6596090119,-20.6621130782,44.05781,True
83,asc,65940.3805796,2039-06-01,297076082.074,0.961756022516,155.74474,-0.876856369071,0.395091830928,-6.43357634544e-06,1.36825231263,41.5036433552,9.49758433433,26.45905,True
294,asc,65940.5052185,2039-06-01,297086850.882,0.59322375123,187.91609,-0.587570819197,-0.0817003760857,-1.49616971612e-06,0.836648194465,28.407144038,2.75171724974,3.7759,False
134,asc,65941.2989811,2039-06-02,297155431.97,1.62205621441,344.3211,1.56170166597,-0.438354045515,7.88271427155e-06,2.05842016741,34.4288590535,12.6826661276,38.14572,False
249,asc,65941.4542907,2039-06-02,297168850.719,0.990645992869,311.52793,0.656783496253,-0.741629909211,-1.08033418655e-07,1.10912884871,32.3283664709,10.598488721,17.09824,True
51,desc,65942.1122923,2039-06-03,297225702.056,2.94016464904,133.49561,-2.0237123746,2.13287514598,-1.12131237984e-06,3.44406821668,33.4626043049,-2.19046820736,10.029,False
185,asc,65945.1566332,2039-06-06,297488733.111,0.607201001521,322.05585,0.478845088599,-0.373363679772,-5.49852848053e-06,1.03067679812,63.1171210196,11.9984677031,16.44727,False
258,asc,65945.1706623,2039-06-06,297489945.224,0.94469111897,306.96917,0.568123259649,-0.754769681496,-9.79925971478e-08,0.967581029579,34.6472686684,1.55234204301,2.34859,True
201,asc,65946.732324,2039-06-07,297624872.796,2.25885791732,222.60435,-1.66262264643,-1.52909287691,-4.61935997009e-07,1.42815033835,25.726389809,1.67034855608,6.40373,False
269,desc,65951.2283167,2039-06-12,298013326.566,1.09237407123,284.47484,0.273044188652,-1.05769938193,1.63353979588e-06,0.563912885201,23.2887508581,-6.27187308188,13.47265,True
79,asc,65951.3389896,2039-06-12,298022888.702,1.58516123012,264.506,-0.151765736659,-1.57787936379,-2.06660479307e-06,0.616069064215,10.114250548,3.29404251431,9.02376,True
77,asc,65953.0842974,2039-06-14,298173683.297,0.992050014191,1.27533,0.991804268717,0.0220799277845,-5.41470944881e-06,1.60180488951,54.6556589154,8.70009265419,13.23278,True
157,asc,65953.6794342,2039-06-14,298225103.118,2.30204395806,138.78161,-1.73160541465,1.51688795658,2.49594449997e-06,2.91165300406,49.5367833987,5.35702660946,20.66508,False
293,asc,65955.1543882,2039-06-16,298352539.143,0.249352319236,51.88447,0.153912507329,0.196182362093,1.09267421067e-06,1.24626964715,102.643839206,3.09312853961,2.35416,False
93,asc,65955.3794548,2039-06-16,298371984.895,0.978601016936,239.03405,-0.50351819423,-0.839124173426,-4.8466026783e-06,0.325474256203,14.6027091931,13.7461474954,22.76523,True
107,asc,65957.4108328,2039-06-18,298547495.957,2.27141163618,218.89189,-1.76791242184,-1.42611236923,-2.55182385445e-07,1.6408714732,24.9868391323,1.72033602189,6.62299,False
221,desc,65959.483155,2039-06-20,298726544.593,1.0141147913,105.28603,-0.267359054717,0.978237162342,3.05823050439e-07,1.98808379376,63.5127872094,-1.0517068996,1.67978,True
43,desc,65960.1775874,2039-06-21,298786543.551,0.714685247381,315.99028,0.51401731295,-0.496549297465,-3.34717333317e-06,0.827967377224,22.6034374424,-7.88570792752,11.62102,False
24,desc,65962.3038656,2039-06-23,298970253.985,1.3701429057,274.35212,0.103974391469,-1.36619211971,1.26659870148e-06,0.409024643751,28.1686591164,-21.1750263975,64.00427,True
148,asc,65962.6029268,2039-06-23,298996092.872,0.992273117061,48.48253,0.657726628921,0.742968115366,1.54413282871e-06,1.91101914015,61.0264265454,6.32405377235,9.87177,True
105,desc,65965.012358,2039-06-26,299204267.734,1.03264242452,336.83722,0.949402207614,-0.406184471749,3.35276126862e-06,1.17579855434,39.3933433506,-18.1932652265,37.1231,True
4,desc,65965.379538,2039-06-26,299235992.085,0.895329019951,85.09881,0.0764947775652,0.892055269012,-5.96046447754e-08,1.91280647514,55.9188429725,-6.50210958205,22.31053,True
68,asc,65965.6907268,2039-06-26,299262878.797,1.27655297873,139.30103,-0.967813609643,0.832420761688,-1.37463212013e-06,2.06705726729,49.1040442522,5.92183412681,13.91996,True
240,asc,65966.1818973,2039-06-27,299305315.931,1.78093344793,137.21706,-1.30708429268,1.2096506098,-4.07546758652e-06,2.56410585404,45.4979930923,8.97987244428,28.00194,False
26,asc,65966.8583155,2039-06-27,299363758.456,0.351985044212,161.99674,-0.334751480664,0.108788407204,-8.60914587975e-06,1.16833570005,68.3903964065,19.7756101381,19.2213,False
38,asc,65967.5791092,2039-06-28,299426035.035,0.982839360211,78.7561,0.191639818703,0.963974785908,1.61491334438e-06,1.99234567279,66.2983765408,5.99022694941,9.53681,True
60,asc,65967.582715,2039-06-28,299426346.578,1.02936763287,244.89558,-0.436729064741,-0.932129522985,5.99771738052e-06,0.432975994488,26.1730864479,10.5584570085,38.87863,True
207,desc,65968.5680922,2039-06-29,299511483.168,0.927758079007,123.58001,-0.513143843863,0.772928488716,4.3697655201e-06,1.86421789637,59.5016911673,-8.23473192107,13.53154,True
103,desc,65968.7504274,2039-06-29,299527236.925,0.818163742333,131.92731,-0.546686585342,0.608708211441,1.62585638463e-06,1.71851105266,63.2338013695,-2.62701446312,4.69797,True
212,desc,65970.3811705,2039-07-01,299668133.132,3.45223187737,234.49466,-2.00498318797,-2.81032869094,2.84984707832e-07,2.71577121723,17.44812707,-0.67460605286,3.85786,False
159,asc,65971.7649566,2039-07-02,299787692.25,1.9875091361,105.20898,-0.521403987485,1.91789740286,5.86733222008e-07,2.99117407749,51.3642510216,1.70244106287,5.39883,False
145,asc,65971.7788582,2039-07-02,299788893.352,1.92477615493,61.2066,0.927073685087,1.68680100457,1.6838312149e-06,2.83943722,42.8651268878,4.71130977728,15.15631,False
62,asc,65974.3393905,2039-07-05,300010123.341,3.00211809026,9.79921,2.95831792361,0.510948227042,-3.06963920593e-06,3.2378182575,40.1671772474,4.90938709618,23.72574,False
78,desc,65974.5057508,2039-07-05,300024496.867,1.03098586634,99.53942,-0.170861307929,1.01672920192,1.09001994133e-05,2.04830097004,60.0012594119,-19.4068629427,36.0152,True
296,asc,65975.6098102,2039-07-06,300119887.602,0.298621849126,37.00648,0.238469685962,0.179742086481,-1.01490877569e-05,1.19625769258,84.4425609291,21.8655694221,18.943,False
10,desc,65982.4863564,2039-07-13,300714021.191,1.00031431564,176.78899,-0.998743841213,0.0560309709646,3.93949449062e-06,1.61958088521,38.0433486878,-19.3030697769,39.82206,True
173,asc,65983.2818583,2039-07-14,300782752.556,1.72071113497,238.33422,-0.903310383364,-1.46453991455,-2.53319740295e-07,1.2485305278,8.54820869995,2.86421346292,8.2711,False
74,desc,65985.4109968,2039-07-16,300966710.122,0.91138855174,114.72295,-0.381170896171,0.827851339405,-1.12387351692e-06,1.92461156479,67.3576440652,-3.60601638295,5.40987,True
91,asc,65985.5946422,2039-07-16,300982577.085,1.24176648339,219.82254,-0.953715957148,-0.795242021237,-2.26311385632e-07,1.254990645,23.1462573679,0.44080791602,0.83203,True
98,asc,65986.242843,2039-07-17,301038581.635,0.775565876625,311.66594,0.515585640295,-0.579373693316,1.67125836015e-06,0.450128124244,12.0372101123,3.59568128323,5.52413,False
171,desc,65986.5586933,2039-07-17,301065871.102,1.10547324972,319.50669,0.840692277525,-0.71784928805,-2.45124101639e-06,0.594210764408,39.5618491918,-6.67948062789,18.03421,True
291,asc,65988.7996315,2039-07-19,301259488.163,0.975006866704,158.02876,-0.904193847675,0.364790180715,-7.62287527323e-07,1.81721350706,64.5728732807,2.15011343638,3.57805,True
37,desc,65990.4917097,2039-07-21,301405683.719,0.50779561716,92.66887,-0.0236448559518,0.507244822146,-1.59814953804e-06,1.5086699159,74.0891187643,-20.1783295779,24.92726,False
169,asc,65990.842641,2039-07-21,301436004.181,2.33747977289,41.67682,1.74588059293,1.5542562993,-1.9371509552e-07,2.85467116776,29.7533057538,3.44793824589,12.81196,False
297,asc,65990.8606552,2039-07-21,301437560.606,0.9578518783,81.11844,0.147885064281,0.946366857263,-3.55765223503e-06,1.90746958382,50.063911333,9.87166031563,24.30945,True
193,desc,65991.3793755,2039-07-22,301482378.043,1.45761302631,11.10298,1.43033037231,0.280696919282,-1.47894024849e-06,1.61368902772,44.9980561462,-8.75327658469,23.07163,True
219,desc,65992.7755711,2039-07-23,301603009.339,1.03098346374,7.46839,1.022237344,0.134006399299,-7.40587711334e-06,1.23631028255,32.7994214462,-27.8898304689,54.50065,True
22,desc,65999.0676413,2039-07-30,302146644.206,1.4621339193,95.31036,-0.135321413917,1.45585841101,5.62891364098e-06,2.42778485788,55.1879694867,-12.8429571761,34.88704,True
4,asc,65999.6841045,2039-07-30,302199906.628,0.155569080425,265.09881,-0.0132914514529,-0.155000245492,2.70456075668e-06,0.894283436251,90.8261230706,37.4208511345,22.31053,False
155,desc,66000.7182195,2039-07-31,302289254.167,1.36727507377,106.22318,-0.381988744932,1.3128311872,4.05311584473e-06,2.36602966049,52.6636258882,-7.56772797825,19.00837,True
6,asc,66002.2617294,2039-08-02,302422613.419,0.809115161942,77.51847,0.174869918623,0.789992314421,-1.67638063431e-06,1.69086506644,68.2717071316,14.5761323453,24.37798,True
104,desc,66004.7653451,2039-08-04,302638925.814,1.05770931836,248.67554,-0.38463487601,-0.985294379517,-3.72156500816e-06,0.974654062379,38.9247407919,-12.9756825601,24.75984,True
52,asc,66006.118271,2039-08-06,302755818.614,0.984975461154,131.99742,-0.659044266239,0.732009094351,-5.28991222382e-06,1.99927362386,60.6213077559,22.7874801947,42.36114,True
181,desc,66008.7080848,2039-08-08,302979578.525,2.17584690579,88.50377,0.056813912555,2.1751050404,-3.78116965294e-07,3.02678642932,40.8635654681,-1.29916804743,4.68129,False
185,desc,66010.1372909,2039-08-10,303103061.934,0.968277930439,142.05585,-0.763594147948,0.595387376247,-4.21889126301e-06,1.9734939137,62.4738400408,-7.52416364873,16.44727,True
273,asc,66010.4345916,2039-08-10,303128748.713,0.84284887385,234.38229,-0.490853497637,-0.685169371767,-2.50525772572e-07,1.14900082743,47.479961461,6.14234331098,10.31047,True
202,desc,66010.7613416,2039-08-10,303156979.919,1.12403010091,336.84047,1.03344829723,-0.442072714286,-1.85769749805e-07,0.500869728501,5.11258415579,-2.72275227384,5.54384,True
247,asc,66012.2283585,2039-08-12,303283730.173,0.988092717336,130.33277,-0.639519176103,0.753221376123,-8.7934313342e-07,2.00420964135,64.9993436678,5.42526527264,8.69826,True
261,desc,66014.08461,2039-08-14,303444110.303,1.4335818743,211.55547,-1.22160373667,-0.750227499404,-1.40815973282e-06,1.92175654564,44.2387689175,-8.88001405971,23.24895,True
26,desc,66019.2347701,2039-08-19,303889084.135,0.886596595788,341.99674,0.843187879918,-0.274021391177,4.14624810219e-06,0.407475655293,12.4534522393,-7.85105542005,19.2213,True
294,desc,66019.7271862,2039-08-19,303931628.884,0.832012706109,7.91609,0.8240843127,0.114587035425,-7.92555510998e-07,0.783380360717,15.4993837869,-1.96197007237,3.7759,True
277,asc,66019.8550343,2039-08-19,303942674.963,0.960311364172,58.22184,0.505730497667,0.816354445009,-1.09554966912e-05,1.50415490622,50.3591411506,24.3692200031,40.35278,True
39,desc,66019.878365,2039-08-19,303944690.732,0.940322296148,72.04419,0.289885744907,0.894523490766,-1.06692314148e-05,1.63058933261,57.5584580271,-29.1859837667,52.36973,True
128,asc,66021.1006245,2039-08-21,304050293.956,0.673285881758,273.62643,0.0425859333343,-0.671937732871,-7.90692865849e-07,0.738194950518,32.2345688195,5.85022200045,8.54804,False
275,asc,66021.2449382,2039-08-21,304062762.66,2.04004541991,344.4869,1.96572519259,-0.545627879136,-2.75671482086e-07,1.18808434854,27.8693157623,6.77045192571,23.29362,False
194,desc,66023.6151282,2039-08-23,304267547.08,0.981737788651,134.32185,-0.685928576265,0.70236107091,-1.77323818207e-06,1.99079308256,59.7004975234,-19.4518854523,39.93236,True
166,desc,66024.4509873,2039-08-24,304339765.299,4.16509592805,256.38375,-0.980537584122,-4.04803287239,-2.11596488953e-06,3.88431755346,32.7786463134,-3.23382349458,20.77419,False
65,desc,66027.240351,2039-08-27,304580766.328,0.751380810236,276.9752,0.0912474727169,-0.745819697188,-9.93255525827e-07,0.772135363974,17.8410036269,-3.19493804308,5.05883,False
168,asc,66027.3063075,2039-08-27,304586464.97,1.02769076006,3.07513,1.02621093663,0.0551308610341,-3.30433249474e-06,0.645520994299,26.7028106272,13.6375614062,23.65377,True
153,desc,66027.9579087,2039-08-27,304642763.309,0.48110636005,92.10936,-0.017708063185,0.480780359602,-4.75556589663e-07,1.34971182624,69.7074556872,-1.3900964912,1.52282,False
118,asc,66028.0080994,2039-08-28,304647099.792,2.0224845962,262.94888,-0.248269806742,-2.00718859226,-6.0498714447e-06,1.82112346988,32.7053331947,15.5527260289,68.42022,False
81,desc,66028.7478779,2039-08-28,304711016.651,0.883137983233,310.14228,0.569348379876,-0.675111190666,3.80352139473e-06,0.315212119733,13.800627784,-7.20238227673,17.0676,True
272,desc,66030.3209714,2039-08-30,304846931.926,0.377079538072,199.28184,-0.355927510748,-0.124517408924,-9.40635800362e-08,1.28747544202,81.5338171049,-2.81705187478,2.63724,False
238,asc,66032.0006451,2039-09-01,304992055.74,2.16950615382,53.30016,1.29654657655,1.73946081482,1.57207250595e-06,2.27256597476,38.4196890969,2.98054680038,10.90394,False
236,asc,66033.0139172,2039-09-02,305079602.446,0.967168080872,179.32276,-0.967100518196,0.0114317261156,-2.70660966635e-05,1.92233215981,53.4414189988,37.2320894913,75.65689,True
268,asc,66033.3746805,2039-09-02,305110772.397,3.24556010514,116.19778,-1.43282094757,2.91216148733,2.98023223877e-08,4.10911003216,36.9504310583,2.84458314447,14.38466,False
281,desc,66034.5901372,2039-09-03,305215787.852,0.962405031711,201.49671,-0.895458801345,-0.352671206872,-2.25286930799e-06,1.80185238349,61.2332968514,-10.9422650031,21.38605,True
242,asc,66039.2611234,2039-09-08,305619361.059,1.00399146782,277.35076,0.128453988392,-0.995740146982,-6.16069883108e-07,1.01300565858,26.5846390063,1.14935222689,1.91954,True
106,desc,66039.5343979,2039-09-08,305642971.975,1.04971497093,10.01269,1.03372704444,0.182510048471,1.31353735924e-05,0.569781494696,28.7241861041,-20.8974635197,40.78349,True
73,desc,66039.5501683,2039-09-08,305644334.542,1.24882433078,1.16134,1.24856780561,0.0253109453254,5.0337985158e-07,0.510133672747,5.24421756309,-1.23469234415,2.66375,True
1,desc,66043.2478396,2039-09-12,305963813.342,2.32008851026,156.03924,-2.12015210797,0.942213210749,-5.21540641785e-07,3.32671770337,44.0674856174,-5.83075873085,22.14242,False
30,asc,66044.494815,2039-09-13,306071552.013,0.873522723438,35.50297,0.711122109505,0.507294089987,3.53902578354e-07,0.845133134633,17.8071082495,3.78981612903,6.35218,True
33,asc,66044.8769822,2039-09-13,306104571.265,1.05673095489,315.60707,0.7550966239,-0.739262740569,3.40491533279e-06,0.493829907645,15.5407034725,15.026843893,27.12971,True
5,asc,66045.3905583,2039-09-14,306148944.235,0.954979016943,295.27177,0.407692349914,-0.863580841973,-3.10689210892e-06,0.806209425753,19.0250085361,17.1870722726,37.03321,True
89,desc,66046.0868358,2039-09-15,306209102.611,0.93669075282,188.869,-0.925491141955,-0.144415070478,-4.49270009995e-06,1.9013995334,60.2768961081,-8.87722380854,15.31841,True
44,asc,66048.1793529,2039-09-17,306389896.087,0.995912089171,203.55397,-0.912936741525,-0.397979139316,-6.33299350739e-08,1.89972961556,44.1413277716,7.22742360585,20.2845,True
115,desc,66051.6542008,2039-09-20,306690122.949,2.16169926786,289.438,0.71938460954,-2.03848706354,1.78813934326e-07,1.87828020756,36.9447538328,-0.982665120963,3.69008,False
171,asc,66051.9257164,2039-09-20,306713581.898,0.451619450189,139.50669,-0.343448368607,0.293263270613,3.13855707645e-06,1.41548333627,77.6069477506,16.3500202506,18.03421,False
42,desc,66052.0094695,2039-09-21,306720818.168,0.858103395024,56.20005,0.477358534026,0.71307101087,-7.18981027603e-07,1.02577500713,43.6285280787,-14.2392211932,25.15147,True
63,asc,66052.0118518,2039-09-21,306721023.999,2.0528819336,357.06027,2.05018041274,-0.10528299254,-2.27987766266e-06,1.05999369457,24.3882013263,13.3626832493,53.19536,False
190,asc,66052.2305555,2039-09-21,306739919.994,1.00185223141,81.65754,0.145358205272,0.991251171875,7.47386366129e-07,1.43793975217,40.3558957573,2.93695364564,7.36842,True
213,asc,66054.3124078,2039-09-23,306919792.032,1.50603078883,33.49564,1.25592097265,0.831138524774,1.4454126358e-06,1.00007154236,21.9230638289,18.4935890385,59.33202,True
186,asc,66054.3769404,2039-09-23,306925367.649,1.06766146257,292.44372,0.407607252995,-0.986791429823,9.9278986454e-07,1.03721745371,25.6269991887,14.6685065693,30.12309,True
228,asc,66054.4279067,2039-09-23,306929771.139,1.84663831709,320.05713,1.41578987962,-1.18558512597,2.03028321266e-07,1.13237016668,23.7378026726,2.22871589687,7.15733,False
215,asc,66056.7345629,2039-09-25,307129066.238,1.69672636046,75.47581,0.425519847336,1.64250211622,-3.26428562403e-07,1.82948299404,46.1631514505,0.703009006229,2.13279,False
83,desc,66062.3152275,2039-10-01,307611235.655,0.314292058936,335.74474,0.286547718105,-0.129111980693,-1.44690275192e-05,0.72984929192,43.2882065282,-29.0632826163,26.45905,False
198,desc,66062.6254134,2039-10-01,307638035.718,0.934096917009,218.83283,-0.727641693906,-0.585725717085,-5.00679016113e-06,1.8307055433,44.7783507067,-12.8256141048,34.03784,True
208,asc,66063.1859233,2039-10-02,307686463.775,1.0850889046,72.98582,0.317506095051,1.03759713304,3.19443643093e-07,1.23050408996,31.6180310088,1.93511346761,3.41388,True
123,asc,66065.6803471,2039-10-04,307901981.99,1.11948456698,227.75939,-0.752568447595,-0.828786116799,1.46590173244e-06,1.96635080923,62.8698412317,2.42020844366,4.48847,True
147,asc,66067.2428791,2039-10-06,308036984.753,0.956326535815,18.46202,0.907108024408,0.302845629254,-6.00516796112e-06,0.235771796584,41.1889967198,36.5928596342,70.55951,True
210,desc,66068.0971996,2039-10-07,308110798.048,1.0197680676,151.11156,-0.892870185389,0.492655806562,-4.3585896492e-07,1.93094691815,53.386131539,-10.7110836365,22.32417,True
18,desc,66068.4807079,2039-10-07,308143933.163,0.755335347102,262.16378,-0.102983822145,-0.74828191142,-6.27711415291e-07,1.39340245257,60.759732454,-2.32548318967,3.02961,False
117,desc,66069.5865034,2039-10-08,308239473.893,0.886531582092,98.65037,-0.133338360061,0.87644687676,9.685754776e-08,1.3547925235,42.4192652999,-10.3505747992,18.68411,True
127,desc,66070.7467219,2039-10-09,308339716.771,0.772321299639,52.85463,0.466358007079,0.615621961198,-2.71946191788e-07,0.704795906877,21.0272396409,-1.52134734652,2.11568,False
25,desc,66072.9207495,2039-10-11,308527552.753,1.89049657962,40.68627,1.43354574631,1.23244631153,3.43471765518e-06,1.14209801691,24.3910313503,-7.42377386717,24.53703,False
284,desc,66073.0783674,2039-10-12,308541170.94,1.26341678431,91.37599,-0.0303387400107,1.26305246595,3.93883965444e-07,1.48041612669,24.8097487595,-0.83388547449,1.79833,True
296,desc,66077.01431,2039-10-16,308881236.383,0.964497486906,217.00648,-0.770216290224,-0.580536190535,-2.93552875519e-06,1.92697635106,48.6009796346,-6.76988469296,18.943,True
101,asc,66078.6793176,2039-10-17,309025093.044,1.04606620297,250.069,-0.356591672297,-0.983410840008,3.47942113876e-06,1.82360846819,60.4021205902,8.09369291327,12.87861,True
162,asc,66079.1809717,2039-10-18,309068435.953,0.689498332152,96.44687,-0.0774181362909,0.685138221247,1.72201544046e-06,1.10918398057,45.9839337607,11.3078982593,16.72622,False
81,asc,66082.2729672,2039-10-21,309335584.367,0.378024734515,130.14228,-0.24370797569,0.288979449944,-9.83010977507e-06,1.1847960583,67.3733198132,16.8261406665,17.0676,False
286,asc,66083.4393311,2039-10-22,309436358.203,1.25668003261,241.00265,-0.609199733216,-1.0991452995,-1.95018947124e-06,2.11983430283,55.2344863053,4.43092031501,10.38842,True
283,asc,66083.4495017,2039-10-22,309437236.943,1.89629072618,111.95181,-0.708883972846,1.7588069909,-2.71946191788e-07,2.15962295485,41.0722047648,2.56689524656,8.07603,False
10,asc,66084.0473961,2039-10-23,309488895.023,1.05046659754,356.78899,1.04881738499,-0.0588401690407,-7.86641612649e-06,0.440635922417,37.2705931333,18.3814859786,39.82206,True
70,desc,66085.6008792,2039-10-24,309623115.959,0.941733864156,126.75571,-0.563537734266,0.754511691729,2.35298648477e-06,1.52607721804,52.6185099144,-5.40557219841,8.18219,True
60,desc,66085.8123993,2039-10-24,309641391.301,0.202180935107,64.89558,0.0857791598235,0.183082129823,3.47103923559e-06,0.857173884167,74.618409853,-53.7564725967,38.87863,False
112,asc,66086.1107112,2039-10-25,309667165.45,1.10051648397,0.98343,1.10035437855,0.0188884381141,-5.804002285e-06,0.421948799704,29.1885363722,24.4786405582,62.10129,True
56,desc,66087.1315756,2039-10-26,309755368.134,1.54652820091,297.85066,0.722489399167,-1.36739114532,-6.98119401932e-06,1.79071543898,41.633296686,-11.645631095,33.46935,True
269,asc,66087.6252783,2039-10-26,309798024.043,0.880053504877,104.47484,-0.219973634983,0.852118402194,1.6950070858e-06,1.20324738099,35.3959045768,7.78501704125,13.47265,True
21,desc,66088.9942958,2039-10-27,309916307.155,0.902458400332,131.6149,-0.599341266762,0.67470083021,3.35276126862e-07,1.51023971639,45.6625445544,-4.4333619766,7.13333,True
235,asc,66090.5537168,2039-10-29,310051041.136,1.384278013,16.51692,1.3271569167,0.393548136507,7.18981027603e-07,0.452782898251,21.2630522022,2.73820759632,9.20708,True
6,desc,66091.1878357,2039-10-30,310105829.008,1.06694514054,257.51847,-0.230593392235,-1.04172866927,-4.21516597271e-06,1.87757925931,62.2517805815,-11.0537732775,24.37798,True
255,asc,66092.2217644,2039-10-31,310195160.441,0.701296907974,299.46913,0.345006208762,-0.610563730539,2.37720087171e-07,1.21886781245,48.6341490801,1.40643439693,1.97262,False
46,desc,66092.4253593,2039-10-31,310212751.047,1.0343018277,262.01076,-0.143754641252,-1.02426308822,-3.0156224966e-06,1.82269875286,57.0862682492,-8.37875906824,13.53118,True
126,asc,66093.5515242,2039-11-01,310310051.688,0.927817226586,338.65275,0.864160938403,-0.337743509911,7.93021172285e-07,0.848825813817,28.1010493412,1.64851796213,2.42699,True
244,desc,66093.9872198,2039-11-01,310347695.787,1.00502404508,254.90308,-0.261761133827,-0.970337281567,-2.16066837311e-06,1.85729849567,61.0478263775,-11.5681335856,19.45987,True
226,desc,66095.334804,2039-11-03,310464127.069,1.08756757241,330.72865,0.948700280855,-0.531762166447,9.64850187302e-06,1.07450998252,32.6945719045,-19.8913863391,45.86726,True
298,desc,66095.8982929,2039-11-03,310512812.505,1.38817749185,318.73493,1.04344632178,-0.915563499953,-2.22772359848e-06,1.47585509826,27.7200258917,-11.5794634644,29.79622,True
297,desc,66100.2120625,2039-11-08,310885522.2,0.431221678467,261.11844,-0.0665773561492,-0.42605116081,1.21190678328e-05,1.339184181,76.4244264886,-21.9274420732,24.30945,False
257,asc,66103.8958812,2039-11-11,311203804.131,1.00261986646,36.09232,0.810185885763,0.590631380076,4.3623149395e-06,0.089812997933,10.1531130566,9.32602531911,17.74569,True
266,asc,66104.2758267,2039-11-12,311236631.429,1.13297687933,6.10124,1.12655929509,0.120419117045,3.13390046358e-07,0.661603315702,6.47993318667,2.91881032731,5.70303,True
65,asc,66107.6383265,2039-11-15,311527151.413,0.940761703778,96.9752,-0.114245834774,0.933798946525,6.49131834507e-07,0.848324958579,11.3170786558,2.55177812386,5.05883,True
198,asc,66113.8334455,2039-11-21,312062409.695,0.356829085783,38.83283,0.277962292441,0.223749771936,-5.02914190292e-07,0.645866783806,49.717354203,33.5745236902,34.03784,False
44,desc,66114.0450589,2039-11-22,312080693.088,0.321353249283,23.55397,0.294579402608,0.128416846182,-3.6908313632e-06,0.721508379466,49.4919318581,-22.3986487104,20.2845,False
57,asc,66115.3095352,2039-11-23,312189943.844,1.83059729342,171.12615,-1.80868572708,0.282386953188,5.41657209396e-06,2.46090700609,38.715371336,15.3811674722,55.89453,False
183,asc,66115.8262669,2039-11-23,312234589.464,1.02771345831,322.74951,0.818056650813,-0.622075773881,-4.12948429585e-06,1.4321719429,38.3342300143,10.5899507625,21.47,True
138,desc,66117.927093,2039-11-25,312416100.834,1.0480959034,7.08625,1.04009009781,0.129296601446,1.14515423775e-05,0.834017181935,38.1007484613,-27.4948309939,46.98405,True
34,desc,66122.6399198,2039-11-30,312823289.069,1.49137762934,86.7232,0.0852468131495,1.48893929162,5.31086698174e-07,0.752692360588,2.89456066887,-1.2262093962,2.79844,True
27,asc,66122.8777652,2039-11-30,312843838.91,1.04048377536,43.45101,0.755352384101,0.715576175269,-4.80003654957e-06,0.301895570803,33.6061894261,30.2756901912,60.6846,True
271,asc,66125.2259191,2039-12-03,313046719.412,2.50485851369,210.87182,-2.1499635939,-1.28529090812,-2.04890966415e-06,3.38419980955,41.6823120397,3.83314643473,15.73453,False
250,desc,66126.8054016,2039-12-04,313183186.7,1.59188179794,119.94859,-0.794703588072,1.37932369867,-3.36207449436e-07,1.31753803103,42.332502084,-1.07650301003,3.77164,True
194,asc,66127.9152881,2039-12-05,313279080.893,1.01426929299,314.32185,0.708657953406,-0.725634965923,-3.98885458708e-06,1.6501228257,59.1143956496,18.8279889188,39.93236,True
270,desc,66128.4097346,2039-12-06,313321801.071,2.17646144057,270.70575,0.0268082367067,-2.17629633109,-1.0896474123e-06,3.10002722388,46.35651128,-1.89341219565,7.03616,False
136,asc,66130.2751404,2039-12-08,313482972.126,1.03627887693,290.33711,0.360151512861,-0.971681428534,1.28895044327e-06,1.88504647869,54.8124035169,12.3013154574,24.09941,True
37,asc,66131.3716395,2039-12-09,313577709.654,0.968429042528,272.66887,0.0450936645302,-0.967378608318,4.94718551636e-06,1.91284438257,52.0977687714,10.5805039619,24.92726,True
239,asc,66133.7361307,2039-12-11,313782001.691,0.375111652701,208.83489,-0.328602742704,-0.180911551538,8.18632543087e-06,1.28774470919,87.0799154911,34.8824222799,36.24349,False
96,asc,66134.1053117,2039-12-12,313813898.931,3.05636460028,132.16563,-2.05166445492,2.2654000826,-8.64267349243e-07,2.71008972626,20.9397487159,2.31153621259,10.84584,False
5,desc,66134.147149,2039-12-12,313817513.67,0.745228928478,115.27177,-0.31814744375,0.673905304829,-8.25896859169e-06,0.679923058332,23.8132521249,-22.0244984538,37.03321,False
227,asc,66134.6965064,2039-12-12,313864978.152,1.80812331791,350.18774,1.78167310449,-0.308141009142,-1.98185443878e-06,1.93662309602,25.8471236531,7.99329272212,25.31356,False
15,desc,66135.7058237,2039-12-13,313952183.165,0.986646645761,313.6246,0.680717518987,-0.714209537136,5.46500086784e-06,1.70523503692,60.7828663648,-9.14218007378,13.83947,True
280,asc,66136.1289556,2039-12-14,313988741.767,0.940135017279,164.91856,-0.907753915157,0.244615372025,8.86619091034e-06,1.37603541691,45.2826233761,21.4498735152,36.78219,True
50,asc,66136.7736543,2039-12-14,314044443.73,1.11506915967,284.1074,0.271787261345,-1.08143927958,-6.89178705215e-07,2.03052277977,57.6745995359,5.78853882854,10.61149,True
22,asc,66136.8381893,2039-12-14,314050019.552,1.03937071676,275.31036,0.096194413603,-1.03490971667,-1.05351209641e-05,1.99136990035,63.4936186175,18.0668196713,34.88704,True
83,asc,66137.0430306,2039-12-15,314067717.843,0.961756022516,155.74474,-0.876856369071,0.395091830928,-3.31550836563e-06,1.26578775348,28.4328877184,9.49758433433,26.45905,True
222,desc,66137.3577646,2039-12-15,314094910.859,1.0079617149,108.01435,-0.311717382885,0.958550516096,3.09571623802e-06,0.567115776915,23.0042014122,-10.5362056971,21.61632,True
49,asc,66138.7421815,2039-12-16,314214524.482,0.199750974798,87.94857,0.00715039746493,0.199622953963,-2.25361436605e-05,0.790473627323,66.8500379938,33.728858895,22.80162,False
292,asc,66139.145077,2039-12-17,314249334.653,0.792735034334,126.7835,-0.474684173241,0.634904536395,-1.16415321827e-06,0.7711459397,37.3244181359,1.7000342463,2.51747,False
105,asc,66139.7319537,2039-12-17,314300040.8,1.15925096641,156.83722,-1.06580496846,0.45598527645,-3.83704900742e-06,1.37688418527,33.876639439,16.2062728932,37.1231,True
193,asc,66145.1064329,2039-12-23,314764395.8,1.01241835307,191.10298,-0.993468563845,-0.19496444365,4.39584255219e-07,1.61805507485,43.9026817472,12.6023890559,23.07163,True
190,desc,66149.5140331,2039-12-27,315145212.464,0.421484168585,261.65754,-0.0611529129498,-0.41702425062,2.30735167861e-06,1.40400881481,84.389699534,-6.98102985294,7.36842,False
146,asc,66149.6672056,2039-12-27,315158446.562,1.07717486986,110.66657,-0.380166234706,1.00785878686,-1.06450170279e-06,0.423833377755,29.1593495022,3.73456177972,7.79145,True
272,asc,66150.7016058,2039-12-28,315247818.742,1.47711678813,19.28184,1.39425889873,0.487766469847,-1.90921127796e-07,1.45639317745,37.1294330405,0.71913922325,2.63724,True
141,desc,66151.6500237,2039-12-29,315329762.044,1.54092781179,127.34369,-0.934718797627,1.22505481123,3.72529029846e-09,0.973367285689,29.9765889451,-0.980504112819,3.20528,True
207,asc,66151.8564234,2039-12-29,315347594.983,1.70549415275,303.58001,0.943310379107,-1.420871505,2.13459134102e-06,2.58136542219,51.5503662982,4.47954574099,13.53154,False
60,asc,66155.6424738,2040-01-02,315674709.733,1.02936763287,244.89558,-0.436729064741,-0.932129522985,6.19143247604e-06,1.95020823892,41.5837250987,10.5584570085,38.87863,True
296,asc,66160.5351235,2040-01-07,316097434.67,0.298621849126,37.00648,0.238469685962,0.179742086481,-2.72411853075e-07,0.881240638247,61.4934336685,21.8655694221,18.943,False
173,desc,66162.6799331,2040-01-09,316282746.222,1.07469421748,58.33422,0.564175140068,0.914698897129,1.1008232832e-06,0.749525513607,34.9849053946,-4.58594074335,8.2711,True
142,asc,66164.507918,2040-01-11,316440684.115,1.04409208627,34.03403,0.865244647466,0.584362887801,1.62399373949e-06,1.14346236955,20.2293106982,3.03135262074,6.0672,True
229,asc,66166.5916558,2040-01-13,316620719.057,0.99013462152,39.09556,0.768438803808,0.624394405432,-1.52364373207e-06,1.0698294675,29.6548728945,12.8157788281,24.832,True
55,desc,66166.7827257,2040-01-13,316637227.501,2.29036893089,122.02023,-1.21439634569,1.9419143532,2.9131770134e-06,1.3809096134,16.5514279123,-5.90286984603,22.71515,False
42,asc,66167.5021941,2040-01-14,316699389.566,1.01903071268,236.20005,-0.566881578555,-0.846799190652,-9.59262251854e-07,1.81868027086,48.5026757168,11.9905356102,25.15147,True
235,desc,66168.0567231,2040-01-15,316747300.878,0.409986013895,196.51692,-0.393068277455,-0.11655840102,-5.49480319023e-06,1.06721583932,58.3489738851,-9.24529238112,9.20708,False
274,desc,66170.8562005,2040-01-17,316989175.726,2.39046392753,128.19497,-1.47811803676,1.87869232665,-2.71946191788e-07,1.4961795172,14.3250506395,-2.34794819499,9.1404,False
163,asc,66170.8609442,2040-01-17,316989585.579,0.683582396636,165.54034,-0.661929024906,0.170689363984,3.37697565556e-06,0.831348464,48.1501302854,17.3216173055,26.60392,False
40,asc,66171.5122483,2040-01-18,317045858.254,1.06642654826,247.76284,-0.403579736197,-0.987111432089,3.09571623802e-06,1.9139391815,58.3268637295,5.59869362327,9.28064,True
285,desc,66171.5827997,2040-01-18,317051953.897,1.04441819683,13.47036,1.0156868321,0.24328918792,-2.01165676117e-06,1.51188010374,53.0015978875,-19.4190972186,35.13666,True
66,asc,66171.8627006,2040-01-18,317076137.331,1.42160351902,116.51175,-0.634577274459,1.2721117278,3.93763184547e-06,0.457534917293,26.4485522568,14.4292109042,38.56598,True
109,asc,66172.3535698,2040-01-19,317118548.427,1.08960927484,325.49909,0.897965736579,-0.617175751093,-2.28732824326e-06,1.9780661079,49.4858645325,3.81134462922,8.88522,True
289,desc,66173.3351864,2040-01-20,317203360.103,1.22378564461,8.72262,1.20963145364,0.185588389468,-9.75036527961e-07,1.73274408534,35.8532468995,-2.71556350088,5.82974,True
121,asc,66177.238609,2040-01-24,317540615.815,0.959455810279,275.18421,0.0866946265776,-0.955531000858,-5.23030757904e-06,1.91243379327,66.028319266,9.03319020886,13.75276,True
176,asc,66178.1042417,2040-01-25,317615406.485,1.12257253827,305.16698,0.646558331253,-0.917677191587,4.80562448502e-07,2.10034535632,64.0422415414,1.56329308849,2.63958,True
128,desc,66178.9154133,2040-01-25,317685491.71,0.960298827468,93.62643,-0.0607397584823,0.958375980383,2.34320759773e-06,0.399606572652,9.20859985055,-4.10171476355,8.54804,True
155,asc,66179.3408402,2040-01-26,317722248.592,0.974045835208,286.22318,0.272128522809,-0.935260047345,7.04079866409e-06,1.94804468644,61.4604961326,10.6228736428,19.00837,True
102,asc,66180.4534768,2040-01-27,317818380.394,1.12161431679,161.20276,-1.06179277371,0.361406670287,5.88223338127e-06,0.770948522386,29.231096788,12.077355412,26.06566,True
154,asc,66180.7082373,2040-01-27,317840391.699,1.02695533078,58.61606,0.534807898537,0.876708482378,-1.24797224998e-06,1.01402532865,29.1471905789,5.98962914627,9.93722,True
218,desc,66181.2003892,2040-01-28,317882913.624,0.959395795783,353.91597,0.953992022367,-0.101683401916,-6.97281211615e-06,1.72948245293,60.3814054007,-16.041332705,24.23489,True
2,desc,66181.2138372,2040-01-28,317884075.531,0.875845731894,114.34257,-0.361016083176,0.79798066002,2.42237001657e-06,0.138179660055,14.3002024645,-4.289030879,6.66957,True
245,asc,66187.4051408,2040-02-03,318419004.162,1.6330373788,298.62405,0.78232345922,-1.43345076153,-1.57579779625e-06,2.61268167102,53.8661661823,2.78482319016,7.7007,False
20,asc,66189.3166296,2040-02-05,318584156.795,2.53649301531,168.07244,-2.48172933228,0.524229280017,-7.07805156708e-08,1.89379851176,27.6527774775,1.32463895486,5.31181,False
189,desc,66189.351431,2040-02-05,318587163.642,1.23067709863,253.38514,-0.35189599994,-1.17929441885,4.8684887588e-07,1.97252292749,57.5660616651,-1.40056342104,3.12476,True
54,asc,66190.1293892,2040-02-06,318654379.224,0.970247715595,18.12085,0.922125964338,0.30176867881,-2.68220901489e-06,1.60749650425,48.4790155231,10.2961503773,17.99169,True
170,asc,66191.3213227,2040-02-07,318757362.285,2.17395614279,135.03605,-1.53818603097,1.53625162161,-1.61118805408e-07,1.19592591402,16.8678921553,0.936257981943,3.58083,False
48,desc,66191.810876,2040-02-07,318799659.688,1.20162663851,264.58326,-0.113432570257,-1.19626068663,-9.66712832451e-07,2.01593441569,63.7885179909,-2.0603677392,5.9548,True
294,asc,66192.7397168,2040-02-08,318879911.531,0.59322375123,187.91609,-0.587570819196,-0.0817003760858,-6.21192157269e-07,0.823630000661,43.9033633284,2.75171724974,3.7759,False
133,asc,66193.3034151,2040-02-09,318928615.069,1.11233337075,169.75955,-1.09461428215,0.197750097336,2.92435288429e-07,0.690315905182,44.0047835711,4.26830115966,9.62248,True
267,asc,66195.0698445,2040-02-11,319081234.563,0.729917567783,160.47465,-0.687942715727,0.243955888708,8.80099833012e-07,0.46829676047,44.0777189836,2.87547058626,5.44387,False
49,desc,66195.1204886,2040-02-11,319085610.216,1.15710856194,267.94857,-0.0414205043849,-1.15636696854,-2.6561319828e-06,1.97478223629,35.5828809634,-5.82259319887,22.80162,True
122,desc,66195.3642898,2040-02-11,319106674.641,1.03181350134,344.87309,0.996061342786,-0.269259917098,-2.51270830631e-06,1.94497865277,64.5718754741,-6.14589174521,10.06177,True
184,desc,66196.6210943,2040-02-12,319215262.546,2.73612008346,241.82536,-1.2918882098,-2.4119241208,-1.05053186417e-06,3.16105290217,45.3385834585,-2.38263673551,10.13806,False
254,asc,66197.7980944,2040-02-13,319316955.354,0.880093337893,13.78257,0.85475263391,0.209671691527,-5.41098415852e-07,1.63868560715,66.7039453833,4.0149332284,5.85396,True
239,desc,66198.6945107,2040-02-14,319394405.723,1.04562423427,28.83489,0.915980585364,0.504291192195,2.39908695221e-06,1.65020398194,55.3228953337,-12.5138674515,36.24349,True
93,desc,66199.1572247,2040-02-15,319434384.212,2.24080122216,59.03405,1.15295627685,1.92142705844,-3.1590461731e-06,2.2669365276,40.3390185348,-6.00320714973,22.76523,False
297,asc,66202.4966821,2040-02-18,319722913.33,0.9578518783,81.11844,0.147885064281,0.946366857263,-2.53738835454e-06,0.974849523695,29.4444576722,9.87166031563,24.30945,True
14,desc,66203.6043977,2040-02-19,319818619.96,2.8131702881,46.433,1.93884353504,2.03833579581,1.49011611938e-08,3.07639690535,40.5226234425,-1.95039941278,8.85374,False
9,desc,66204.0306,2040-02-20,319855443.836,1.15289665413,157.13487,-1.06230440351,0.447973268621,9.66712832451e-07,0.313321292762,18.5274128341,-6.26603487675,13.33676,True
68,desc,66205.5304711,2040-02-21,319985032.706,0.986755910689,319.30103,0.748105104664,-0.64344850583,1.6987323761e-06,1.97240614953,61.6128307573,-7.66099793498,13.91996,True
195,desc,66206.5394021,2040-02-22,320072204.339,0.885563410551,234.20354,-0.517972735968,-0.718280445857,5.73601573706e-06,1.31333680961,56.1225106511,-10.8102712678,19.42916,True
215,desc,66208.766986,2040-02-24,320264667.592,0.878932068095,255.47581,-0.220426256201,-0.850843020717,-1.5227124095e-07,1.51072758282,48.0422436877,-1.35711729701,2.13279,True
186,desc,66208.9344984,2040-02-24,320279140.66,1.12950453834,112.44372,-0.431217439477,1.04395020093,-2.6524066925e-06,0.656512527425,28.6004000559,-13.8653707408,30.12309,True
288,desc,66213.8744052,2040-02-29,320705948.612,1.80177618752,263.16315,-0.214488073951,-1.78896402872,-6.35161995888e-07,2.33850614437,42.9080230732,-3.0396588119,9.33904,False
299,desc,66214.0323301,2040-03-01,320719593.32,1.0625655439,337.86367,0.984243719779,-0.400387106644,-1.10268592834e-06,2.05003256844,56.4141593177,-5.00757311207,11.16926,True
103,asc,66214.3846134,2040-03-01,320750030.6,0.738472615075,311.92731,0.493437989751,-0.549418559466,5.4738484323e-07,1.69870111877,68.1249418295,2.91050465573,4.69797,False
162,desc,66214.7107669,2040-03-01,320778210.263,1.03395903928,276.44687,0.116094815736,-1.02742069702,3.18512320518e-07,1.77717457303,48.3303985741,-7.5407019947,16.72622,True
89,asc,66215.3237964,2040-03-02,320831176.007,1.38246902593,8.869,1.36593943484,0.213143303926,-1.49384140968e-06,2.26749751187,53.0501301567,6.01475569882,15.31841,True
178,desc,66217.226862,2040-03-04,320995600.877,0.774787458275,282.72819,0.170705936846,-0.755748032499,-1.6032718122e-06,1.57971697417,71.8617940744,-7.54855379973,12.37568,False
256,desc,66218.0645548,2040-03-05,321067977.538,1.34290533143,178.6164,-1.34251379684,0.0324258305426,-1.71922147274e-06,0.558501128117,21.9322996256,-3.61919221418,8.6717,True
263,asc,66220.3720506,2040-03-07,321267345.169,2.37699735755,144.35835,-1.93173199387,1.38510936091,2.14204192162e-07,1.44229574976,18.2649745332,1.18164732105,4.64461,False
91,desc,66222.0412579,2040-03-09,321411564.679,2.25559071347,39.82254,1.73236505013,1.44450711311,9.28994268179e-08,2.89533848015,50.5782726052,-0.242677225285,0.83203,False
137,desc,66222.0430095,2040-03-09,321411716.019,3.83726831018,103.609,-0.902889223866,3.72953336676,-1.76951289177e-06,3.40635217743,25.3237986938,-3.12175923214,18.80198,False
275,desc,66224.7678892,2040-03-11,321647145.629,1.03716496418,164.4869,-0.99938034667,0.277398784458,3.20374965668e-07,0.0472553956099,17.9766314731,-13.3170999009,23.29362,True
172,asc,66227.1413854,2040-03-14,321852215.695,1.53611639021,116.63182,-0.688572773593,1.37314278199,1.71363353729e-07,1.16702662954,17.7112953392,6.32760468852,17.25133,True
37,desc,66229.2815649,2040-03-16,322037127.212,0.50779561716,92.66887,-0.0236448559517,0.507244822146,7.34627246857e-06,0.996270155044,53.0152983374,-20.1783295779,24.92726,False
92,asc,66230.5624752,2040-03-17,322147797.856,0.947047464663,157.57903,-0.875456833689,0.361212171266,-7.32019543648e-07,0.206618511418,10.1116903283,4.06651907787,6.01513,True
79,desc,66231.1003768,2040-03-18,322194272.553,1.03094297251,84.506,0.0987040413957,1.02620705746,1.54157169163e-06,1.3749171949,41.6365511427,-5.06486646039,9.02376,True
35,asc,66231.7395164,2040-03-18,322249494.216,1.02047449808,38.30847,0.800750766613,0.632587077797,-5.91366551816e-06,1.84282709478,47.8387948096,20.450003257,44.05781,True
267,desc,66235.37409,2040-03-22,322563521.374,0.443453148505,340.47465,0.417951802705,-0.14821263622,1.18254683912e-06,1.42951146384,82.3819246898,-4.73298363903,5.44387,False
250,asc,66235.4158602,2040-03-22,322567130.324,0.503501498714,299.94859,0.251359396247,-0.436270802513,-2.03819945455e-06,1.35166032154,69.8548108966,3.40349641755,3.77164,False
111,asc,66243.2358479,2040-03-30,323242777.257,3.18097401555,248.22125,-1.18021595648,-2.95392721367,2.80141830444e-06,2.92314183581,32.9453845736,5.72599723923,30.25143,False
71,asc,66244.0672887,2040-03-31,323314613.741,1.83350585156,219.36124,-1.41759849096,-1.1628233856,1.4528632164e-06,1.18909632655,26.557411231,5.20926648229,16.69512,False
112,desc,66245.3113227,2040-04-01,323422098.282,0.999106012836,180.98343,-0.998958845118,-0.0171479049772,-1.42008066177e-05,0.0553153415687,31.7844563042,-26.9632522409,62.10129,True
59,asc,66245.3564729,2040-04-01,323425999.255,1.42234476739,10.62092,1.39797732578,0.262152691968,1.74529850483e-06,2.41654768016,53.4725062,2.99099946794,7.40973,True
17,asc,66245.8012171,2040-04-01,323464425.156,1.02285769599,267.12483,-0.0513066699621,-1.02157011109,-3.70666384697e-06,1.33235509345,45.8694635027,23.3227602947,39.65677,True
33,desc,66247.4589834,2040-04-03,323607656.169,1.93478995766,135.60707,-1.38252159476,1.35353101933,1.09523534775e-06,1.51389343756,35.8236218383,-8.20726354981,27.12971,False
38,desc,66250.1758797,2040-04-06,323842396.009,2.57963097596,258.7561,-0.502991671445,-2.53011765549,-1.71363353729e-07,2.42321548672,19.5584611444,-2.28227637105,9.53681,False
117,asc,66250.9440023,2040-04-06,323908761.798,0.966675213046,278.65037,0.145392324676,-0.955678836976,-1.86264514923e-06,1.37744093985,43.812669735,9.49244516511,18.68411,True
163,desc,66251.8301727,2040-04-07,323985326.921,0.930264172066,345.54034,0.900796830567,-0.23228538454,-7.81938433647e-06,1.88418660667,54.2792774315,-12.7283765482,26.60392,True
266,desc,66252.1087309,2040-04-08,324009394.353,1.38988411057,186.10124,-1.38201131235,-0.147724653913,1.26054510474e-06,0.402138961646,18.1049832404,-2.37929521666,5.70303,True
255,desc,66252.2499825,2040-04-08,324021598.484,1.36051847046,119.46913,-0.669313259629,1.1844957868,-3.64612787962e-07,1.41050938657,34.3765809117,-0.724964868357,1.97262,True
146,desc,66253.0357129,2040-04-09,324089485.595,0.92025509371,290.66657,0.324784697205,-0.861036780841,7.61356204748e-07,1.45992663427,39.2685942297,-4.37137064121,7.79145,True
210,asc,66255.4435521,2040-04-11,324297522.903,0.858329658611,331.11156,0.751520846513,-0.414663984581,3.34531068802e-06,1.73038673474,59.1298835017,12.7256712527,22.32417,True
48,asc,66255.8442273,2040-04-11,324332141.239,0.437984630705,84.58326,0.0413453903248,0.436028778216,1.60885974765e-06,1.22204212888,84.7701481038,5.65269323851,5.9548,False
257,desc,66255.9415011,2040-04-11,324340545.694,1.12635233597,216.09232,-0.910170240515,-0.663520699023,-1.49756669998e-06,0.414485942649,9.47169301118,-8.30153936865,17.74569,True
26,asc,66257.4695812,2040-04-13,324472571.816,0.351985044212,161.99674,-0.334751480664,0.108788407204,-3.54833900928e-06,0.737232522204,37.6381672797,19.7756101381,19.2213,False
83,desc,66258.9776785,2040-04-14,324602871.425,0.314292058936,335.74474,0.286547718105,-0.129111980694,1.17532908916e-05,1.25364641362,89.9481582694,-29.0632826163,26.45905,False
183,desc,66261.9005958,2040-04-17,324855411.477,0.967442388613,142.74951,-0.770081070637,0.585593647447,3.72901558876e-06,0.951986899657,34.7710476594,-11.2496982245,21.47,True
296,desc,66261.9396233,2040-04-17,324858783.451,0.964497486906,217.00648,-0.770216290224,-0.580536190535,1.83563679457e-06,0.284297225007,16.0813744566,-6.76988469296,18.943,True
142,desc,66266.0631116,2040-04-22,325215052.838,0.97952871162,214.03403,-0.811740636592,-0.548227722568,-9.62987542152e-07,0.165355922732,13.5268856648,-3.23115723353,6.0672,True
109,desc,66267.3490485,2040-04-23,325326157.79,0.650819028605,145.49909,-0.536351150727,0.368636475553,2.34693288803e-06,0.886245072645,47.2364535474,-6.38100036272,8.88522,False
282,asc,66268.5080736,2040-04-24,325426297.56,1.0209381731,137.24402,-0.74962554686,0.693091835754,4.71621751785e-06,1.15796679333,34.1227108536,19.0611170789,31.15841,True
106,asc,66269.1353616,2040-04-25,325480495.239,1.61146583978,190.01269,-1.58692203684,-0.280179588434,5.37931919098e-06,0.720287967258,22.5994260975,13.6126871383,40.78349,False
205,desc,66269.54139,2040-04-25,325515576.097,1.98143487968,293.04616,0.775677465665,-1.82329609544,1.67638063431e-07,2.14340772487,44.4487282648,-2.42301615875,7.75324,False
242,desc,66270.6472805,2040-04-26,325611125.033,2.00417134187,97.35076,-0.256420308874,1.98770002585,-3.79048287868e-07,2.55302176463,45.546393122,-0.575769049884,1.91954,False
294,desc,66271.9616844,2040-04-27,325724689.534,0.832012706109,7.91609,0.8240843127,0.114587035425,9.96980816126e-07,1.80310007647,57.3358541464,-1.96197007237,3.7759,True
133,desc,66272.7819337,2040-04-28,325795559.071,0.769079280014,349.75955,0.7568281112,-0.136726548426,-2.94344499707e-06,1.66279980184,59.5725959214,-6.17332171038,9.62248,False
60,desc,66273.8721581,2040-04-29,325889754.456,0.202180935107,64.89558,0.0857791598235,0.183082129823,-1.50268897414e-06,1.18157362742,106.321389741,-53.7564725967,38.87863,False
190,asc,66274.775725,2040-04-30,325967822.636,1.00185223141,81.65754,0.145358205272,0.991251171875,1.32014974952e-06,1.83066493382,46.1322980551,2.93695364564,7.36842,True
226,asc,66275.1274253,2040-05-01,325998209.549,0.967604659562,150.72865,-0.844054967774,0.473106741214,4.99188899994e-06,1.02754549063,36.190479178,22.3575057632,45.86726,True
298,asc,66275.555565,2040-05-01,326035200.818,1.02542621207,138.73493,-0.770778387867,0.676313236008,-3.47942113876e-06,1.2386426016,43.509493633,15.6757749702,29.79622,True
39,asc,66279.0766839,2040-05-05,326339425.488,2.41523656794,252.04419,-0.744577316195,-2.29760142307,-4.58955764771e-06,1.68848875,20.6144025776,11.3629578299,52.36973,False
222,asc,66279.4780951,2040-05-05,326374107.417,0.875058528711,288.01435,0.270616383945,-0.832162364812,-3.91155481339e-06,1.09045559742,34.1114036212,12.136436152,21.61632,True
238,desc,66283.9250272,2040-05-09,326758322.352,0.945692883776,233.30016,-0.565167731271,-0.758235099395,3.60608100891e-06,0.203298345431,9.60816754853,-6.8376475451,10.90394,True
141,asc,66284.0699399,2040-05-10,326770842.81,0.561504703326,307.34369,0.340605833147,-0.446402507031,-2.07079574466e-06,1.11350380482,49.7778173988,2.6907807683,3.20528,False
178,asc,66287.8686803,2040-05-13,327099053.976,0.915811294371,102.72819,-0.201777175546,0.893306385473,8.98260623217e-07,1.69350500233,66.965996924,6.38616803275,12.37568,True
233,desc,66288.8191186,2040-05-14,327181171.845,0.958924555396,126.8226,-0.574721263765,0.767614338009,-2.61003151536e-06,1.50745482601,50.0263454642,-6.59211742644,10.12318,True
44,asc,66290.9370959,2040-05-16,327364165.088,0.995912089171,203.55397,-0.912936741525,-0.397979139316,2.84984707832e-06,0.437620306485,10.3575721401,7.22742360585,20.2845,True
94,desc,66291.3270074,2040-05-17,327397853.439,1.03989362733,273.21843,0.0583823992743,-1.03825346212,5.44358044863e-06,0.770617625959,28.7470510428,-15.6296755857,24.8525,True
128,asc,66296.246775,2040-05-22,327822921.356,0.673285881758,273.62643,0.0425859333343,-0.671937732871,-1.26287341118e-06,0.656048475363,23.3028099524,5.85022200045,8.54804,False
103,desc,66296.3072911,2040-05-22,327828149.953,0.818163742333,131.92731,-0.546686585342,0.608708211441,1.53994187713e-06,1.42747514268,56.8699366354,-2.62701446312,4.69797,True
224,desc,66297.9712415,2040-05-23,327971915.269,2.12176216263,314.62065,1.49034617357,-1.5102128849,-8.28877091408e-07,2.17160393901,44.6180487642,-1.35155800003,4.49003,False
209,asc,66300.0331684,2040-05-26,328150065.753,2.25922083698,50.12548,1.44840546106,1.73383978805,5.55068254471e-07,3.26649752224,45.4435219369,2.91803999648,10.99257,False
175,desc,66301.6046942,2040-05-27,328285845.58,2.57691493492,300.97348,1.32618677522,-2.20946129612,9.01520252228e-07,2.28335290747,23.7862605037,-3.1747502084,13.20499,False
273,desc,66301.7845868,2040-05-27,328301388.299,1.07044645389,54.38229,0.62340047217,0.870188176172,-7.54371285439e-07,2.08204929185,57.4695281737,-4.83636255101,10.31047,True
195,asc,66305.1851966,2040-05-31,328595200.987,0.987212032964,54.20354,0.577427783943,0.800727639313,2.96626240015e-06,1.99616808541,58.6602984316,9.69718801354,19.42916,True
25,asc,66305.9305488,2040-05-31,328659599.418,0.976088910962,220.68627,-0.74015902563,-0.636328672056,-3.1404197216e-06,0.389396991643,23.0408728115,14.3784228528,24.53703,True
292,desc,66306.1840677,2040-06-01,328681503.447,1.60443544158,306.7835,0.960724678638,-1.28499851286,2.421438694e-07,1.46473535654,18.4816835415,-0.839969419572,2.51747,False
203,asc,66306.6985399,2040-06-01,328725953.848,0.830163828646,197.06965,-0.793593979686,-0.243681303752,8.77305865288e-07,0.751987212961,23.7411098762,3.36743921846,4.84751,True
289,asc,66307.1306769,2040-06-02,328763290.484,1.19003737965,188.72262,-1.17627351798,-0.180470429335,-1.25961378217e-06,1.03935760144,41.9633883365,2.79257415458,5.82974,True
26,desc,66309.8460358,2040-06-04,328997897.495,0.886596595788,341.99674,0.843187879918,-0.274021391177,1.7024576664e-06,1.40581024804,28.1748454425,-7.85105542005,19.2213,True
253,asc,66310.3183001,2040-06-05,329038701.129,1.22162503872,116.68273,-0.548570356743,1.09153025561,9.6820294857e-06,2.03440494492,43.227870844,15.7073466165,38.24694,True
134,desc,66311.6835035,2040-06-06,329156654.706,1.01735989839,164.3211,-0.979505293399,0.274937343874,2.54809856415e-06,1.36448633038,38.5961800801,-20.2209635352,38.14572,True
297,desc,66311.8480894,2040-06-06,329170874.924,0.431221678467,261.11844,-0.0665773561492,-0.42605116081,1.1661555618e-05,0.601096864454,30.5657391181,-21.9274420732,24.30945,False
168,desc,66313.1075259,2040-06-08,329279690.24,2.0793219596,183.07513,-2.07632783972,-0.111546016035,-8.86619091034e-07,1.92369808269,32.1887668595,-6.74027212676,23.65377,False
299,asc,66313.4110963,2040-06-08,329305918.722,0.709026847822,157.86367,-0.656764400208,0.267169596983,1.90921127796e-07,1.26312703682,57.881658964,7.5044755552,11.16926,False
62,desc,66314.7473402,2040-06-09,329421370.189,1.01090430024,189.79921,-0.99615545443,-0.172051779573,7.78213143349e-06,1.04054180572,41.7104117701,-14.5795796991,23.72574,True
66,desc,66316.3830905,2040-06-11,329562699.022,1.0690828208,296.51175,0.477218615118,-0.956661105673,8.60542058945e-07,0.772005962431,20.0750026981,-19.1871168435,38.56598,True
230,asc,66318.5683224,2040-06-13,329751503.056,1.14770292761,87.66314,0.0467971212242,1.14674846391,-3.98606061935e-07,2.15140976169,53.5181701003,3.44067547343,8.26679,True
24,asc,66319.3977015,2040-06-14,329823161.407,1.02769998786,94.35212,-0.0779878364562,1.02473663076,5.40167093277e-06,2.01810332078,50.2522064094,28.2308188568,64.00427,True
229,desc,66319.9039043,2040-06-14,329866897.33,1.07136512009,219.09556,-0.831481410134,-0.675619630523,1.11758708954e-07,0.671582699433,26.1454888176,-11.84409132,24.832,True
283,desc,66322.5265905,2040-06-17,330093497.422,1.05195123121,291.95181,0.393247384342,-0.975683292651,-1.3206154108e-06,0.587614939856,13.1282850727,-4.62719136278,8.07603,True
189,asc,66325.0023389,2040-06-20,330307402.08,1.03954970254,73.38514,0.297245623948,0.996146888311,3.58559191227e-07,2.05176626508,60.1715031199,1.6580653366,3.12476,True
156,desc,66325.735648,2040-06-20,330370759.984,2.69602183858,353.52007,2.67879816395,-0.304260005473,2.0507723093e-06,2.90564358293,31.9562354874,-5.90361534384,26.05772,False
84,asc,66326.0907289,2040-06-21,330401438.975,2.92213383503,325.70748,2.41418473436,-1.64638337522,-3.24100255966e-07,2.62732795032,27.6860785369,1.46930934802,6.69302,False
165,desc,66329.8221417,2040-06-24,330723833.04,0.206736561063,123.99962,-0.115604481115,0.171393143464,1.57169997692e-05,1.18735536662,105.739694325,-27.2127074076,19.13504,False
136,desc,66330.0616751,2040-06-25,330744528.728,1.16905146814,110.33711,-0.406295703052,1.09617751155,1.29640102386e-06,2.13859797161,53.8762089488,-10.9042191164,24.09941,True
251,desc,66331.3259129,2040-06-26,330853758.878,1.00800527624,149.9873,-0.872846439307,0.504196122865,-4.8354268074e-06,1.73098604683,52.8490614377,-10.5028384688,16.40099,True
81,desc,66331.8487693,2040-06-26,330898933.666,0.883137983233,310.14228,0.569348379876,-0.675111190666,1.78813934326e-07,0.696671936815,40.5313983466,-7.20238227673,17.0676,True
214,asc,66333.1808778,2040-06-28,331014027.844,1.12880374969,159.69,-1.05862417908,0.391807035137,-4.29258216172e-06,1.75389525561,39.3720236857,6.65467850796,13.7949,True
83,asc,66333.7054816,2040-06-28,331059353.613,0.961756022516,155.74474,-0.876856369071,0.395091830928,5.10364770889e-07,1.65976424102,46.7818659392,9.49758433433,26.45905,True
174,desc,66334.996771,2040-06-29,331170921.01,1.03049859255,190.77506,-1.01232958535,-0.192655547216,4.98443841934e-06,1.31826950646,36.5376821107,-8.58919061664,14.39783,True
261,asc,66335.8939527,2040-06-30,331248437.516,0.991784179892,31.55547,0.845132937191,0.519024255656,6.99982047081e-06,1.73913702219,55.5188297659,12.8356828608,23.24895,True
293,desc,66338.3336386,2040-07-03,331459226.377,0.978457343952,231.88447,-0.603951964766,-0.769818678773,-8.05594027042e-08,0.719264557773,6.47447937362,-0.788259988864,2.35416,True
50,desc,66339.5341056,2040-07-04,331562946.725,1.82701799435,104.1074,-0.445317864643,1.77191612418,-7.37607479095e-07,2.83743647331,50.4531252989,-3.53287222524,10.61149,False
102,desc,66340.2245999,2040-07-05,331622605.433,1.02535859846,341.20276,0.970670875014,-0.330391143706,-6.86012208462e-06,1.10338888505,28.6353997325,-13.2111192702,26.06566,True
227,desc,66340.6503889,2040-07-05,331659393.6,1.00021923102,170.18774,-0.98558747893,0.170457711681,-9.94279980659e-06,1.61287272838,55.5444144904,-14.4496911373,25.31356,True
164,asc,66340.9748099,2040-07-05,331687423.575,0.784190191481,243.71849,-0.347225192665,-0.703127955634,-1.40629708767e-07,0.556939831969,12.6484116125,4.58191231107,7.30927,False
67,desc,66341.6495433,2040-07-06,331745720.543,1.15800401988,279.34195,0.187974530574,-1.14264556443,4.38652932644e-07,0.145355230632,10.6637423238,-0.744393050648,1.43938,True
269,desc,66342.1408453,2040-07-07,331788169.03,1.09237407123,284.47484,0.273044188652,-1.05769938193,-1.95764005184e-06,0.145368370407,12.7304683641,-6.27187308188,13.47265,True
2,asc,66342.6102698,2040-07-07,331828727.314,1.80419196186,294.34257,0.743672420439,-1.64379438079,-3.20374965668e-07,0.873936314064,12.2894463876,2.08211180891,6.66957,False
60,asc,66343.7022325,2040-07-08,331923072.889,1.02936763287,244.89558,-0.436729064741,-0.932129522985,6.38142228127e-06,0.603276135539,28.6127076316,10.5584570085,38.87863,True
243,desc,66343.8301268,2040-07-08,331934122.954,2.21509466725,306.38707,1.31407662514,-1.78321255271,-1.92224979401e-06,1.38838421202,29.3967603366,-4.24278195493,15.64982,False
113,asc,66344.2117274,2040-07-09,331967093.249,0.294130951052,38.76304,0.229346258503,0.184155668058,9.392388165e-07,1.18969077058,99.0343935742,10.0574574107,8.41081,False
296,asc,66345.4604368,2040-07-10,332074981.738,0.298621849126,37.00648,0.238469685962,0.179742086481,1.11847184598e-05,1.18103582161,83.0537658353,21.8655694221,18.943,False
241,desc,66345.7419066,2040-07-10,332099300.733,0.333243651154,33.02113,0.27941468906,0.18160055774,-2.04332172871e-06,1.18399416061,90.3491998042,-32.651708893,31.4187,False
95,desc,66346.5532613,2040-07-11,332169401.78,0.21347320718,8.12971,0.211327900088,0.0301882233343,-4.98164445162e-06,1.02692012928,100.441664781,-14.2326970663,9.90138,False
245,desc,66351.7622276,2040-07-16,332619456.461,1.07756076121,118.62405,-0.51621663605,0.945863403861,-6.01634383202e-07,2.08491682825,63.397008661,-4.22038415521,7.7007,True
179,asc,66351.7651551,2040-07-16,332619709.402,0.894376426703,40.072,0.68440911775,0.575754593714,-6.83963298798e-06,1.59886538194,65.1851077216,15.0830107137,34.254,True
240,desc,66352.1398354,2040-07-17,332652081.78,1.03341884521,317.21706,0.758459302285,-0.701921645495,1.99675559998e-06,0.531968379203,24.6618789007,-15.4753856757,28.00194,True
9,asc,66352.2467337,2040-07-17,332661317.794,1.06195861177,337.13487,0.978512085694,-0.412638087508,2.76882201433e-06,0.877755648339,17.5783297789,6.80261035035,13.33676,True
295,desc,66353.0309241,2040-07-18,332729071.846,1.05389155892,264.2559,-0.105479374036,-1.04859979002,-6.50063157082e-07,0.428150582207,13.9452775406,-7.47163829581,12.40454,True
44,desc,66356.8028019,2040-07-21,333054962.088,0.321353249283,23.55397,0.294579402608,0.128416846182,-1.27200037241e-05,1.07815648263,67.3366597799,-22.3986487104,20.2845,False
32,desc,66363.3800987,2040-07-28,333623240.524,1.01143991861,238.16545,-0.533502387737,-0.85929384453,1.86683610082e-06,1.01007122811,33.244674633,-7.36883079626,11.6234,True
45,asc,66363.8267398,2040-07-28,333661830.322,1.63160233968,164.09288,-1.56912381209,0.44718749665,-1.32620334625e-06,2.45228351262,40.1702872002,12.4458236696,37.98278,False
165,asc,66364.454602,2040-07-29,333716077.613,0.842908631509,303.99962,0.471343890367,-0.698806051838,-2.22399830818e-06,0.193440881516,30.7742313659,6.67434326375,19.13504,True
76,asc,66365.6982124,2040-07-30,333823525.548,1.24045185344,213.60445,-1.03314537864,-0.686535816464,-4.71249222755e-07,1.55526336228,28.425666537,1.80379599537,4.09944,True
211,desc,66365.8427989,2040-07-30,333836017.826,3.97351891491,0.21677,3.97349047699,0.0150331777955,4.70317900181e-08,3.57515420931,30.3425959889,-0.117834531594,0.79236,False
35,desc,66367.0232342,2040-08-01,333938007.435,1.00999867392,218.30847,-0.792530547253,-0.626093166383,4.71342355013e-06,1.34384969632,46.6030613934,-20.6621130782,44.05781,True
37,asc,66370.1614948,2040-08-04,334209153.147,0.968429042528,272.66887,0.0450936645301,-0.967378608318,2.64495611191e-07,0.54357456363,15.1289120706,10.5805039619,24.92726,True
190,desc,66372.0592026,2040-08-06,334373115.106,0.421484168585,261.65754,-0.0611529129498,-0.41702425062,1.54855661094e-06,0.774762764137,41.6675535615,-6.98102985294,7.36842,False
162,asc,66372.9944747,2040-08-06,334453922.611,0.689498332152,96.44687,-0.0774181362908,0.685138221247,-3.16277146339e-06,1.64832629951,65.9931629794,11.3078982593,16.72622,False
260,desc,66373.4456609,2040-08-07,334492905.106,0.946604655406,91.09639,-0.0181127571644,0.94643135074,4.40189614892e-06,1.86563485118,63.0849431882,-22.7668149963,47.70709,True
51,asc,66374.1063342,2040-08-08,334549987.278,1.04476933399,313.49561,0.719113683138,-0.757903999178,-3.06498259306e-06,0.101300293875,8.39060404264,6.16436277232,10.029,True
212,asc,66376.6600671,2040-08-10,334770629.795,0.839511629616,54.49466,0.487570581372,0.683414006617,-3.86033207178e-07,1.46636066143,52.8910667248,2.77410870581,3.85786,True
54,desc,66379.3171511,2040-08-13,335000201.857,1.50254038139,198.12085,-1.42801830488,-0.467323569498,4.67896461487e-06,2.13944475973,47.3413271986,-6.64861757243,17.99169,True
256,asc,66379.6985624,2040-08-13,335033155.788,1.03864715568,358.6164,1.03834432995,-0.0250792039286,-6.12810254097e-07,0.789853225366,15.3842674101,4.67938750259,8.6717,True
8,asc,66383.9589233,2040-08-17,335401250.975,0.984359192853,310.13923,0.634564412045,-0.752523107632,-1.52923166752e-06,0.131852187104,24.3606000766,24.0950622004,42.03945,True
293,asc,66384.6993239,2040-08-18,335465221.583,0.249352319236,51.88447,0.153912507329,0.196182362093,1.48091930896e-06,1.06084017978,76.9837296556,3.09312853961,2.35416,False
81,asc,66385.3738586,2040-08-19,335523501.382,0.378024734515,130.14228,-0.24370797569,0.288979449944,-2.3553147912e-06,1.389942129,86.8062434456,16.8261406665,17.0676,False
118,desc,66385.6503064,2040-08-19,335547386.469,0.946791056796,82.94888,0.116223200482,0.939630498067,-1.07884407043e-05,1.7312178969,51.3359465935,-33.2229044587,68.42022,True
197,desc,66386.6263058,2040-08-20,335631712.822,2.26520467047,172.06267,-2.24350333826,0.312801806795,-3.22237610817e-07,3.17164474643,41.3790196025,-1.54122600037,5.8333,False
7,asc,66387.7541409,2040-08-21,335729157.772,1.02598296037,19.88008,0.964840952271,0.348888193813,4.71621751785e-06,1.00116767452,37.6452454886,24.8932422961,43.64693,True
95,asc,66388.3992628,2040-08-22,335784896.305,1.00148260841,188.12971,-0.991418170955,-0.141624239628,-3.27825546265e-07,1.85306956224,63.8929033125,3.03380154987,9.90138,True
28,asc,66390.653789,2040-08-24,335979687.367,3.72656654819,26.93149,3.32241569163,1.68785432135,1.04308128357e-07,3.38940661599,27.5729697826,1.03254873947,5.87999,False
161,asc,66391.9083266,2040-08-25,336088079.414,1.08278357164,353.93105,1.07671498687,-0.114477509056,-3.15718352795e-06,0.526169037065,38.2842615262,8.11181783662,17.17979,True
241,asc,66392.3976034,2040-08-26,336130352.93,0.933305181083,213.02113,-0.782548072762,-0.508603062173,1.71363353729e-07,1.62001637521,63.3589629564,11.6585388236,31.4187,True
113,desc,66393.8073536,2040-08-27,336252155.352,1.06618001427,218.76304,-0.831345345634,-0.667536320459,-7.82310962677e-07,1.68447428506,63.2075401498,-2.7745872871,8.41081,True
153,asc,66395.2994114,2040-08-29,336381069.144,1.38316866462,272.10936,0.0509102355369,-1.38223142155,5.07570803165e-08,1.17577327259,10.6949170635,0.483516059975,1.52282,True
272,desc,66396.2161776,2040-08-30,336460277.741,0.377079538072,199.28184,-0.355927510748,-0.124517408924,1.42341013998e-06,1.28796391039,81.577537305,-2.81705187478,2.63724,False
231,asc,66397.5335796,2040-08-31,336574101.28,1.36553721031,358.77697,1.36522612034,-0.0291464076842,-1.91479921341e-06,0.67413255502,27.9172674449,7.71237386035,19.07078,True
117,desc,66398.5779229,2040-09-01,336664332.536,0.886531582092,98.65037,-0.133338360061,0.87644687676,4.42564487457e-06,1.70141250483,53.5419622382,-10.3505747992,18.68411,True
105,desc,66399.5192025,2040-09-02,336745659.098,1.03264242452,336.83722,0.949402207614,-0.406184471749,-3.56882810593e-06,0.0815069507134,19.9689546742,-18.1932652265,37.1231,True
191,asc,66399.5390288,2040-09-02,336747372.088,1.02278242989,359.93571,1.02278178602,-0.00114763546596,2.98023223877e-08,0.48384024719,36.8222928444,2.04527799682,5.04225,True
59,desc,66400.9069381,2040-09-03,336865559.448,1.07828574465,190.62092,-1.05981268136,-0.198739094172,2.46800482273e-07,1.98302092,62.1507623645,-3.94536648897,7.40973,True
86,asc,66402.813081,2040-09-05,337030250.194,0.975293554768,271.0619,0.0180747158779,-0.975126054733,2.8982758522e-06,1.06094571051,29.9275149436,27.3182479631,55.85289,True
210,desc,66404.5075684,2040-09-07,337176653.908,1.0197680676,151.11156,-0.892870185389,0.492655806562,-1.50129199028e-06,2.02791402865,56.3738332819,-10.7110836365,22.32417,True
179,desc,66405.0256285,2040-09-08,337221414.305,0.507406699425,220.072,-0.388285917568,-0.326642931715,-1.15670263767e-06,1.32492510014,79.4316498696,-26.5859501685,34.254,False
135,asc,66406.3228852,2040-09-09,337333497.279,1.01389448431,34.00167,0.840540096482,0.566987099955,6.93835318089e-08,0.935276590615,46.6123117164,4.22532148987,8.74062,True
68,asc,66408.2805481,2040-09-11,337502639.359,1.27655297873,139.30103,-0.967813609643,0.832420761688,1.9483268261e-06,2.24683478996,52.3567759737,5.92183412681,13.91996,True
180,desc,66409.4431189,2040-09-12,337603085.475,1.62161724839,224.62004,-1.15423539737,-1.13902728138,-7.52508640289e-07,2.27040357361,35.1606328519,-10.7335617173,31.29757,False
230,desc,66409.4686927,2040-09-12,337605295.049,0.675246903389,267.66314,-0.0275329185225,-0.674685348095,-3.95812094212e-06,1.05246805829,56.8500531853,-5.84804357337,8.26679,False
221,asc,66409.9529439,2040-09-12,337647134.35,2.82347092801,285.28603,0.744373836977,-2.72358140545,-1.19209289551e-07,2.4294597793,26.4922654201,0.377744821955,1.67978,False
297,asc,66414.132709,2040-09-17,338008266.054,0.9578518783,81.11844,0.147885064281,0.946366857263,-2.32690945268e-06,1.44545873612,38.4262933021,9.87166031563,24.30945,True
273,asc,66420.2911912,2040-09-23,338540358.921,0.84284887385,234.38229,-0.490853497637,-0.685169371767,1.96415930986e-06,1.58875536849,60.5191420409,6.14234331098,10.31047,True
87,desc,66422.0345692,2040-09-25,338690986.777,0.650232851113,159.37397,-0.608552661522,0.229055492887,-6.92903995514e-07,1.64337576155,77.4820389898,-2.33489558512,3.1187,False
150,desc,66427.8676586,2040-09-30,339194965.704,1.03622749297,296.19322,0.457390477726,-0.929817921995,-1.8390128389e-06,1.07724670764,35.2143526065,-4.60885473215,7.35457,True
164,desc,66428.0339632,2040-10-01,339209334.424,1.05344870162,63.71849,0.46644797698,0.944553043363,1.05425715446e-06,1.08631288194,14.9508639391,-3.41078847696,7.30927,True
172,desc,66428.8077596,2040-10-01,339276190.426,0.999314732356,296.63182,0.44794842457,-0.893292865318,-4.1089951992e-06,1.06441681191,39.1396393214,-9.72660259885,17.25133,True
247,desc,66429.1384554,2040-10-02,339304762.546,2.49981599935,310.33277,1.61794560395,-1.90560542958,5.80097548664e-07,2.02091955431,23.9631600317,-2.14442387236,8.69826,False
281,asc,66432.2906248,2040-10-05,339577109.985,0.918877039634,21.49671,0.854958676838,0.336720469924,3.94182279706e-06,0.300620138255,25.9348648907,11.4606094647,21.38605,True
31,asc,66433.4749472,2040-10-06,339679435.441,1.10024546378,309.2807,0.696587594794,-0.851648873273,-5.91576099396e-06,0.992667245041,17.328097986,17.0918020379,48.41215,True
286,desc,66434.2094671,2040-10-07,339742897.955,0.939039062276,61.00265,0.455217184465,0.821323124871,1.63540244102e-06,0.897013843533,36.9456688055,-5.92973105129,10.38842,True
130,desc,66434.6393146,2040-10-07,339780036.779,0.99099527501,284.69532,0.251394626892,-0.958578310136,9.84407961369e-07,1.30563402503,37.7635947703,-3.34168814815,5.43674,True
57,desc,66438.6402331,2040-10-11,340125716.142,1.01208037462,351.12615,0.999966150294,-0.15612297385,-4.45172190666e-07,0.338026106297,30.7592360297,-27.8206397933,55.89453,True
196,desc,66444.5968827,2040-10-17,340640370.667,0.96698838138,264.80995,-0.0874734143733,-0.963023847836,2.28267163038e-06,1.62571928962,55.6635548017,-6.29131710576,9.52381,True
294,asc,66444.9742151,2040-10-17,340672972.18,0.59322375123,187.91609,-0.587570819196,-0.0817003760859,5.37373125553e-07,1.58839294268,72.8009018093,2.75171724974,3.7759,False
258,desc,66446.1658605,2040-10-19,340775930.349,3.05910879754,126.96917,-1.83970276293,2.44410318507,1.64262019098e-07,3.51534445284,34.8255447271,-0.479382669493,2.34859,False
253,desc,66446.3219824,2040-10-19,340789419.284,0.972680423501,296.68273,0.436781852047,-0.869096553891,1.86264514923e-07,1.2850805533,50.3788135604,-19.7274330345,38.24694,True
69,desc,66446.7003306,2040-10-19,340822108.56,1.01940254929,46.5645,0.700877540033,0.740237955917,-1.92644074559e-06,0.491699142317,17.7104619404,-4.01762693998,6.24493,True
296,desc,66446.8649366,2040-10-19,340836330.519,0.964497486906,217.00648,-0.770216290224,-0.580536190535,-1.22841447592e-06,1.9380533116,49.0345194156,-6.76988469296,18.943,True
107,desc,66446.9991273,2040-10-19,340847924.603,0.904611458586,38.89189,0.704088069771,0.567962922216,-1.43609941006e-06,0.346611512007,17.7225847359,-4.31963493407,6.62299,True
42,desc,66448.9109146,2040-10-21,341013103.026,0.858103395024,56.20005,0.477358534026,0.71307101087,-8.95746052265e-06,0.583393336284,31.2824786336,-14.2392211932,25.15147,True
128,desc,66454.0615638,2040-10-27,341458119.109,0.960298827468,93.62643,-0.0607397584825,0.958375980383,-2.39722430706e-06,1.0941084174,35.2341793255,-4.10171476355,8.54804,True
83,desc,66455.6401296,2040-10-28,341594507.195,0.314292058936,335.74474,0.286547718105,-0.129111980694,1.86264514923e-08,0.837618108653,52.3060652292,-29.0632826163,26.45905,False
160,desc,66455.8514012,2040-10-28,341612761.06,1.73748049249,84.05008,0.180105752309,1.72812047606,-4.93368133903e-07,1.45101774144,38.0895608367,-0.732786556939,1.94299,False
5,asc,66457.5584318,2040-10-30,341760248.503,0.954979016943,295.27177,0.407692349914,-0.863580841973,-2.34693288803e-06,1.42555743596,33.9897207026,17.1870722726,37.03321,True
225,asc,66458.3306329,2040-10-31,341826966.683,2.61511981587,107.52446,-0.787446366634,2.4937481571,-7.93486833572e-07,2.59083816764,39.3492141163,1.93304616535,8.14565,False
214,desc,66459.4023508,2040-11-01,341919563.113,1.1088130104,339.69,1.03987629666,-0.384868262749,-3.69781628251e-06,0.916434547758,40.4666511954,-6.77465540382,13.7949,True
191,desc,66461.0132082,2040-11-03,342058741.187,0.464185077112,179.93571,-0.464184784896,0.000520849050382,1.1445954442e-06,1.40806876788,76.4644917961,-4.50655245617,5.04225,False
260,asc,66461.7498024,2040-11-03,342122382.923,0.967245848612,271.09639,0.018507714994,-0.967068764951,1.05975195765e-05,1.71777786691,63.1864975162,22.2809672383,47.70709,True
60,desc,66461.9319168,2040-11-03,342138117.611,0.202180935107,64.89558,0.0857791598235,0.183082129823,1.48871913552e-06,0.828664075724,71.2936344676,-53.7564725967,38.87863,False
170,desc,66462.600869,2040-11-04,342195915.079,0.826010119371,315.03605,0.584444737429,-0.583709744817,-4.92203980684e-07,1.16677656121,48.2711847569,-2.46411483751,3.58083,True
71,desc,66462.8107462,2040-11-04,342214048.471,0.943653171143,39.36124,0.729597514112,0.59847203344,-1.30385160446e-07,0.0982361236297,11.9209291106,-10.1215370961,16.69512,True
56,asc,66462.9766181,2040-11-04,342228379.805,0.983285522422,117.85066,-0.459360111175,0.86938984746,1.02147459984e-05,1.31431023259,47.0808425154,18.3164467442,33.46935,True
264,desc,66466.8791701,2040-11-08,342565560.3,2.13623794391,141.04994,-1.66133984342,1.34293055578,5.88595867157e-07,2.54481169505,49.9486353193,-2.26823483892,8.17004,False
37,desc,66468.0714202,2040-11-10,342668570.705,0.50779561716,92.66887,-0.0236448559519,0.507244822146,-1.00750476122e-05,0.798273315744,37.2105448608,-20.1783295779,24.92726,False
288,asc,66475.3737796,2040-11-17,343299494.554,0.997348247071,83.16315,0.11872690185,0.990256254064,1.24983489513e-06,0.617919576826,17.7469722914,5.49134655979,9.33904,True
78,asc,66476.0049287,2040-11-18,343354025.835,1.77811745868,279.53942,0.29468054273,-1.75352931957,-1.51991844177e-06,2.51292638192,39.2724585513,11.2524632759,36.0152,False
198,desc,66476.5669118,2040-11-18,343402581.181,0.934096917009,218.83283,-0.727641693906,-0.585725717085,-7.56233930588e-06,1.91836995649,57.987288543,-12.8256141048,34.03784,True
226,desc,66476.9906315,2040-11-18,343439190.565,1.08756757241,330.72865,0.948700280855,-0.531762166447,5.91576099396e-06,1.30781712175,36.9821856284,-19.8913863391,45.86726,True
104,asc,66477.140576,2040-11-19,343452145.762,1.41485729888,68.67554,0.514511361748,1.31799060498,1.00582838058e-06,0.590136364719,23.5849439325,9.70027179905,24.75984,True
269,asc,66478.5378068,2040-11-20,343572866.508,0.880053504877,104.47484,-0.219973634983,0.852118402194,-3.36393713951e-06,0.859637752425,23.7457337931,7.78501704125,13.47265,True
74,asc,66480.1708102,2040-11-22,343713958.002,2.75556706932,294.72295,1.15246342218,-2.50299379426,-7.63684511185e-08,3.3246808881,36.6748723077,1.19266995363,5.40987,False
222,desc,66480.3753235,2040-11-22,343731627.952,1.0079617149,108.01435,-0.311717382885,0.958550516096,6.37024641037e-07,0.938511555366,32.158814483,-10.5362056971,21.61632,True
161,desc,66480.8098048,2040-11-22,343769167.131,0.923426356217,173.93105,-0.91825090724,0.0976294356737,-1.46171078086e-06,1.66953494608,47.1843101345,-9.51168767334,17.17979,True
85,asc,66480.8885108,2040-11-22,343775967.337,2.59709022878,338.02633,2.4084269603,-0.971780445016,1.54972076416e-06,2.51952049429,27.3591533436,9.35071607275,42.72023,False
205,asc,66481.7770722,2040-11-23,343852739.037,1.11578098443,113.04616,-0.436797683899,1.02673024137,3.81842255592e-07,1.05280588201,21.6408961605,4.30285943027,7.75324,True
239,asc,66481.8445831,2040-11-23,343858571.978,0.375111652701,208.83489,-0.328602742704,-0.180911551538,-2.50339508057e-06,1.33951271917,88.2130101588,34.8824222799,36.24349,False
29,desc,66482.022137,2040-11-24,343873912.635,1.576537435,344.28075,1.5175761597,-0.427121626093,-6.89923763275e-06,1.53770574225,21.3623836865,-16.1960752222,51.3362,True
217,desc,66482.6826796,2040-11-24,343930983.516,0.923145391691,46.40736,0.636533223531,0.668597688855,-1.88127160072e-06,0.147232058442,15.7572726299,-9.99676115162,15.72955,True
181,asc,66483.5861676,2040-11-25,344009044.884,0.981026422352,268.50377,-0.025615749539,-0.98069193671,-1.47335231304e-06,1.88745356797,61.7713974922,2.8814624272,4.68129,True
228,desc,66485.3914375,2040-11-27,344165020.196,0.922043696021,140.05713,-0.706917061839,0.591973686116,1.38767063618e-07,1.26726715923,48.1998384197,-4.46359775662,7.15733,True
255,asc,66487.9602282,2040-11-29,344386963.721,0.701296907974,299.46913,0.345006208762,-0.610563730539,4.0465965867e-07,1.47113165511,60.2669808646,1.40643439693,1.97262,False
184,asc,66488.4114287,2040-11-30,344425947.444,1.07759486993,61.82536,0.508797883477,0.949913373669,1.58883631229e-06,0.0949921321594,12.2674998507,6.04975061176,10.13806,True
135,desc,66488.9284642,2040-11-30,344470619.308,0.802478833187,214.00167,-0.665272024172,-0.448759859577,2.05263495445e-06,1.74279085493,62.221957132,-5.33849613951,8.74062,True
4,desc,66489.0460916,2040-12-01,344480782.316,0.895329019951,85.09881,0.0764947775652,0.892055269012,5.8114528656e-07,0.407679729191,45.62709697,-6.50210958205,22.31053,True
46,asc,66492.7989783,2040-12-04,344805031.723,3.06312386276,82.01076,0.425734790572,3.03339375728,1.29640102386e-06,2.14233960559,17.6852255457,2.82919209486,13.53118,False
154,desc,66492.8359776,2040-12-04,344808228.462,2.36551460281,238.61606,-1.23188989411,-2.0194322531,-1.40815973282e-06,3.34882792959,44.9384852174,-2.60031435606,9.93722,False
13,asc,66493.1081291,2040-12-05,344831742.356,1.20226912507,74.85241,0.314160547618,1.16049739311,-2.94996425509e-07,0.287293340842,25.4661595183,1.13154470676,2.52172,True
188,asc,66493.6591645,2040-12-05,344879351.811,0.281112143912,30.23893,0.24286200785,0.141570062507,-1.07791274786e-05,0.774162379164,50.9637169387,29.915698988,25.14721,False
12,desc,66495.458973,2040-12-07,345034855.269,1.69572351956,305.36536,0.981464856626,-1.38282500339,-9.39471647143e-08,2.36945426118,39.5419487097,-0.17106087727,0.44808,False
31,desc,66496.5181423,2040-12-08,345126367.499,0.526927017297,129.2807,-0.333608122637,0.407869712125,-5.80027699471e-06,0.864044777882,39.4520246752,-35.6883914522,48.41215,False
190,asc,66497.3208944,2040-12-09,345195725.279,1.00185223141,81.65754,0.145358205272,0.991251171875,1.63819640875e-06,0.217995191454,12.2856123924,2.93695364564,7.36842,True
24,desc,66497.5096706,2040-12-09,345212035.538,1.3701429057,274.35212,0.103974391469,-1.36619211971,7.91251659393e-06,2.30174340437,47.6331501175,-21.1750263975,64.00427,True
153,desc,66497.5831697,2040-12-09,345218385.862,0.48110636005,92.10936,-0.0177080631849,0.480780359602,-1.56345777214e-07,0.573514605242,24.5140720164,-1.3900964912,1.52282,False
79,asc,66498.0486866,2040-12-10,345258606.521,1.58516123012,264.506,-0.151765736659,-1.57787936379,-1.54739245772e-06,2.55140068472,50.7621725369,3.29404251431,9.02376,True
76,desc,66498.4172865,2040-12-10,345290453.55,0.995075052713,33.60445,0.828776376336,0.550730495395,1.36718153954e-06,0.622227898268,32.5139639398,-2.24859630394,4.09944,True
112,asc,66499.0924748,2040-12-11,345348789.819,1.10051648397,0.98343,1.10035437855,0.0188884381141,-4.79817390442e-06,1.19912370114,33.8585741131,24.4786405582,62.10129,True
183,asc,66500.3534062,2040-12-12,345457734.295,1.02771345831,322.74951,0.818056650813,-0.622075773881,-1.36159360409e-06,1.64370561465,44.9002020953,10.5899507625,21.47,True
155,desc,66501.6685247,2040-12-13,345571360.531,1.36727507377,106.22318,-0.381988744932,1.3128311872,3.69548797607e-06,0.757100446398,23.8953011843,-7.56772797825,19.00837,True
80,asc,66502.0906461,2040-12-14,345607831.82,0.9590687743,115.78687,-0.417218672319,0.863563253796,1.4565885067e-06,0.6949200555,39.0269760926,13.5254014341,23.55872,True
279,desc,66503.3510564,2040-12-15,345716731.274,1.28699143964,358.12913,1.28630540028,-0.0420164600215,-2.01445072889e-06,1.43543834151,20.8848716122,-2.98287065544,7.14292,True
20,desc,66506.4876566,2040-12-18,345987733.531,1.04965132133,348.07244,1.02698901873,-0.216936515548,1.62143260241e-06,1.44352088513,50.7444719178,-3.201003408,5.31181,True
162,desc,66508.5242699,2040-12-20,346163696.921,1.03395903928,276.44687,0.116094815736,-1.02742069702,3.13296914101e-06,1.99904199814,55.6809214155,-7.5407019947,16.72622,True
224,asc,66512.5434082,2040-12-24,346510950.469,1.17514966614,134.62065,-0.825436441063,0.836439728608,-1.12783163786e-06,0.929803866068,14.8924552332,2.44027182895,4.49003,True
87,asc,66513.7133734,2040-12-25,346612035.459,1.35058753016,339.37397,1.26401432147,-0.475767245347,-2.64495611191e-07,1.88207882328,58.9022253582,1.12412248703,3.1187,True
176,desc,66514.807273,2040-12-26,346706548.39,3.02064334128,125.16698,-1.73977364622,2.46930635101,3.3900141716e-07,2.32964249778,14.4010309331,-0.58097222748,2.63958,False
98,desc,66514.8133326,2040-12-26,346707071.94,1.21233878376,131.66594,-0.805946325021,0.905657687972,8.86619091034e-07,0.863036966803,38.015902784,-2.30025447,5.52413,True
177,desc,66516.0389712,2040-12-28,346812967.112,2.32895455916,232.45999,-1.41906760892,-1.84669338547,-5.27128577232e-07,3.18051139521,50.7764131552,-1.33030004812,5.37753,False
272,asc,66516.596812,2040-12-28,346861164.557,1.47711678813,19.28184,1.39425889873,0.487766469847,2.45403498411e-07,1.45863723996,37.163624274,0.71913922325,2.63724,True
280,desc,66518.3606476,2040-12-30,347013559.948,1.9976105856,344.91856,1.9288068168,-0.519761786952,-5.53578138351e-06,2.45215320278,35.5297990206,-10.0949491123,36.78219,False
199,asc,66521.2564349,2041-01-02,347263755.977,3.2058913702,74.44268,0.859827374893,3.08843590883,7.59959220886e-07,2.29827811447,19.5683855838,5.43784205447,28.06534,False
4,asc,66523.3506581,2041-01-04,347444696.859,0.155569080425,265.09881,-0.013291451453,-0.155000245492,8.00006091595e-07,1.1368119377,129.247771827,37.4208511345,22.31053,False
297,desc,66523.4841163,2041-01-04,347456227.647,0.431221678467,261.11844,-0.0665773561491,-0.42605116081,9.34093259275e-06,1.40499955408,81.3318715968,-21.9274420732,24.30945,False
294,desc,66524.1961827,2041-01-05,347517750.183,0.832012706109,7.91609,0.8240843127,0.114587035425,2.71946191788e-07,1.2716496466,50.0539493266,-1.96197007237,3.7759,True
198,asc,66527.774944,2041-01-08,347826955.158,0.356829085783,38.83283,0.277962292441,0.223749771936,6.28270208836e-06,0.869924068451,69.8835737702,33.5745236902,34.03784,False
116,asc,66528.2032726,2041-01-09,347863962.754,2.99837388907,64.2053,1.30473584883,2.69961299882,2.12341547012e-07,2.28157350861,14.9357317354,1.27808803388,6.22709,False
186,asc,66528.3578027,2041-01-09,347877314.157,1.06766146257,292.44372,0.407607252995,-0.986791429823,3.05473804474e-07,2.0402261438,56.8969738602,14.6685065693,30.12309,True
83,asc,66530.3679327,2041-01-11,348050989.383,0.961756022516,155.74474,-0.876856369071,0.395091830928,4.33996319771e-06,0.868391958563,19.6041537371,9.49758433433,26.45905,True
296,asc,66530.3857501,2041-01-11,348052528.806,0.298621849126,37.00648,0.238469685962,0.179742086481,-2.64262780547e-06,0.902661701833,63.5173752204,21.8655694221,18.943,False
261,desc,66530.7922976,2041-01-11,348087654.517,1.4335818743,211.55547,-1.22160373667,-0.750227499404,4.41819429398e-06,1.97784734537,39.3072158411,-8.88001405971,23.24895,True
134,asc,66530.9884348,2041-01-11,348104600.765,1.62205621441,344.3211,1.56170166597,-0.438354045515,4.23192977905e-06,2.26857178511,46.048504287,12.6826661276,38.14572,False
60,asc,66531.7619912,2041-01-12,348171436.044,1.02936763287,244.89558,-0.436729064741,-0.932129522985,5.804002285e-06,1.89584006032,39.7389620342,10.5584570085,38.87863,True
44,asc,66533.694839,2041-01-14,348338434.089,0.995912089171,203.55397,-0.912936741525,-0.397979139316,-2.46986746788e-06,1.48738400021,49.9973194237,7.22742360585,20.2845,True
281,desc,66533.7544079,2041-01-14,348343580.841,0.962405031711,201.49671,-0.895458801345,-0.352671206872,-3.85427847505e-06,1.43827538698,36.0447991309,-10.9422650031,21.38605,True
67,asc,66535.7605257,2041-01-16,348516909.418,1.55503535752,99.34195,-0.25242316636,1.53441112751,-3.29688191414e-07,0.602863232053,16.177417169,0.554334755704,1.43938,True
88,desc,66536.0574246,2041-01-17,348542561.483,0.995588415748,290.80673,0.35364969651,-0.930660080657,-3.08826565742e-06,1.97860614274,67.0812416214,-10.965190184,17.09388,True
99,desc,66536.2692518,2041-01-17,348560863.355,0.927114457778,176.54428,-0.925428667565,0.0558837996926,-4.01213765144e-06,1.06663173148,45.1451309874,-7.59621641393,12.15584,True
86,desc,66538.7853185,2041-01-19,348778251.521,1.45650864537,91.0619,-0.0269928780007,1.45625849992,9.94652509689e-06,0.633038717223,36.1034828399,-18.2925870372,55.85289,True
188,desc,66539.4346609,2041-01-20,348834354.704,1.0277695424,210.23893,-0.887923841353,-0.517592005579,4.37721610069e-06,1.5213247515,23.352063517,-8.18244356562,25.14721,True
262,desc,66539.5265346,2041-01-20,348842292.593,0.426181055319,257.65134,-0.0911431196534,-0.416321058383,2.71759927273e-06,1.35668791117,90.8224205508,-15.1763689362,15.83674,False
103,asc,66541.9414772,2041-01-22,349050943.627,0.738472615075,311.92731,0.493437989751,-0.549418559466,1.01001933217e-06,1.70272245259,64.5088279943,2.91050465573,4.69797,False
248,desc,66543.5618918,2041-01-24,349190947.453,0.942911038361,159.42683,-0.882776123734,0.331342031181,1.90362334251e-06,0.711084661227,33.8817006119,-5.67603312176,8.97249,True
27,desc,66543.951858,2041-01-24,349224640.528,2.51098828381,223.45101,-1.8228837696,-1.72689227341,-4.11830842495e-06,2.95083323066,34.9748129966,-12.5454047853,60.6846,False
231,desc,66544.1063976,2041-01-25,349237992.752,1.0251705712,178.77697,-1.02493702188,0.0218815270566,3.37511301041e-06,1.03601849831,23.2687902391,-10.2729572834,19.07078,True
257,asc,66544.2673195,2041-01-25,349251896.406,1.00261986646,36.09232,0.810185885763,0.590631380076,-3.2726675272e-06,1.28754806932,34.507258255,9.32602531911,17.74569,True
5,desc,66546.3150224,2041-01-27,349428817.938,0.745228928478,115.27177,-0.31814744375,0.673905304829,-9.14372503757e-06,0.245092740551,27.7311746533,-22.0244984538,37.03321,False
126,desc,66546.4649943,2041-01-27,349441775.504,3.54372344657,158.65275,-3.3005933618,1.28998423472,1.96509063244e-07,2.85421469801,19.2054824546,-0.431614765276,2.42699,False
239,desc,66546.8029631,2041-01-27,349470976.009,1.04562423427,28.83489,0.915980585364,0.504291192195,6.22868537903e-06,1.44383034911,52.9982255046,-12.5138674515,36.24349,True
49,asc,66547.553643,2041-01-28,349535834.752,0.199750974798,87.94857,0.00715039746473,0.199622953963,-1.03376805782e-05,0.82218194601,64.4175992718,33.728858895,22.80162,False
26,asc,66548.080847,2041-01-29,349581385.177,0.351985044212,161.99674,-0.334751480664,0.108788407204,1.45845115185e-06,0.755840878719,56.1667789964,19.7756101381,19.2213,False
45,desc,66548.8172166,2041-01-29,349645007.516,0.983536260425,344.09288,0.945873960071,-0.269566368881,-8.98540019989e-06,1.83353269227,60.7815028257,-20.6465545151,37.98278,True
65,desc,66550.3268439,2041-01-31,349775439.313,0.751380810236,276.9752,0.0912474727168,-0.745819697188,-1.83936208487e-07,1.69176346221,70.9882801579,-3.19493804308,5.05883,False
243,asc,66553.2750704,2041-02-03,350030166.08,0.989792368677,126.38707,-0.587181683315,0.796810268427,4.8503279686e-06,0.00759200143986,16.6941771845,9.49508602013,15.64982,True
136,asc,66554.5294668,2041-02-04,350138545.936,1.03627887693,290.33711,0.360151512861,-0.971681428534,-2.30222940445e-06,1.99892102806,58.6654833837,12.3013154574,24.09941,True
277,desc,66554.7306504,2041-02-04,350155928.192,3.15542173188,238.22184,-1.66174541128,-2.68240349204,-2.23517417908e-06,3.62237090246,35.0596097338,-7.41645361334,40.35278,False
89,desc,66555.6401086,2041-02-05,350234505.381,0.93669075282,188.869,-0.925491141955,-0.144415070478,-5.96046447754e-08,0.967580235718,39.1521087188,-8.87722380854,15.31841,True
244,asc,66558.5449957,2041-02-08,350485487.63,2.16532770128,74.90308,0.56396524737,2.09059495209,-2.75671482086e-07,1.81800986191,21.7469665769,5.36928078058,19.45987,False
192,asc,66558.5661547,2041-02-08,350487315.764,0.793563525417,22.1116,0.735198866163,0.298706705759,-1.66706740856e-06,1.45542544433,52.5294394991,4.06021442945,5.67243,False
11,asc,66562.5776785,2041-02-12,350833911.426,3.66148411108,347.89802,3.58011125992,-0.767638757681,-8.49366188049e-07,4.52500197636,35.7884203795,6.39326657244,39.51172,False
163,asc,66563.5358708,2041-02-13,350916699.236,0.683582396636,165.54034,-0.661929024906,0.170689363984,4.02703881264e-06,0.511135922775,36.3568129766,17.3216173055,26.60392,False
42,asc,66564.4036392,2041-02-14,350991674.424,1.01903071268,236.20005,-0.566881578555,-0.846799190652,6.01820647717e-06,1.52317859597,38.118359363,11.9905356102,25.15147,True
203,desc,66567.1339384,2041-02-17,351227572.275,2.40010193696,17.06965,2.294374173,0.70451150599,-7.28294253349e-07,3.05251720947,44.8317085708,-1.16475312622,4.84751,False
180,asc,66567.6303156,2041-02-17,351270459.265,1.03760486721,44.62004,0.738546822571,0.728815786968,6.32554292679e-06,1.50494869311,56.8810046193,16.7749105342,31.29757,True
229,asc,66570.6172676,2041-02-20,351528531.918,0.99013462152,39.09556,0.768438803808,0.624394405432,-2.047047019e-06,1.56421486029,44.1298632842,12.8157788281,24.832,True
128,asc,66571.3929254,2041-02-21,351595548.755,0.673285881758,273.62643,0.0425859333342,-0.671937732871,-2.047047019e-06,1.50630534639,61.6597314374,5.85022200045,8.54804,False
109,asc,66572.7152997,2041-02-22,351709801.897,1.08960927484,325.49909,0.897965736579,-0.617175751093,2.33761966228e-06,2.07744294505,56.2901715452,3.81134462922,8.88522,True
209,desc,66573.1628742,2041-02-23,351748472.333,0.959957359743,230.12548,-0.615436729103,-0.736719597266,4.64171171188e-06,1.30231928677,40.661494032,-6.86748916114,10.99257,True
208,desc,66573.3968927,2041-02-23,351768691.533,1.97874665257,252.98582,-0.578997831501,-1.89214159781,6.23986124992e-07,2.45024830234,44.0867575265,-1.06116169552,3.41388,False
187,desc,66573.988559,2041-02-23,351819811.495,1.04449455658,260.57269,-0.171084231682,-1.03038782232,-1.67544931173e-06,1.70026271574,57.4551205231,-8.50520131496,13.3569,True
105,asc,66574.2387982,2041-02-24,351841432.163,1.15925096641,156.83722,-1.06580496846,0.45598527645,2.36183404922e-06,0.246724579482,18.2158906115,16.2062728932,37.1231,True
125,asc,66575.691618,2041-02-25,351966955.796,0.990705003978,181.67697,-0.99028068869,-0.028992456161,-5.28991222382e-07,0.560469768563,47.4066679439,13.9134108866,39.01303,True
114,desc,66576.9775955,2041-02-26,352078064.255,0.967289829253,322.31976,0.765546433605,-0.591259902049,-8.86619091034e-07,1.95156013151,66.4526652798,-17.6878977421,28.42255,True
117,asc,66579.9354218,2041-03-01,352333620.44,0.966675213046,278.65037,0.145392324676,-0.955678836976,5.17815351486e-06,1.73977548315,53.9847174644,9.49244516511,18.68411,True
143,desc,66580.331513,2041-03-02,352367842.723,1.31861046155,42.69423,0.96915612232,0.894130840477,-2.44379043579e-06,1.90861018605,36.3646358806,-11.8189771839,28.82828,True
286,asc,66581.3513387,2041-03-03,352455955.663,1.25668003261,241.00265,-0.609199733215,-1.0991452995,1.71363353729e-06,1.5517566907,31.1247627856,4.43092031501,10.38842,True
30,desc,66584.4483518,2041-03-06,352723537.597,1.19478123099,215.50297,-0.972653975199,-0.693863411958,8.475035429e-08,1.07290414141,42.7754520397,-2.77079219232,6.35218,True
276,desc,66585.5835767,2041-03-07,352821621.025,3.36711339777,180.07695,-3.36711036108,-0.00452213584089,-2.04890966415e-07,2.47073299676,24.0748513858,-1.27992059315,6.73598,False
1,asc,66588.7627429,2041-03-10,353096300.987,1.05675314326,336.03924,0.96568617722,-0.429158959961,1.32247805595e-06,2.04563289094,63.1636095781,12.8013589776,22.14242,True
278,desc,66591.4757123,2041-03-13,353330701.546,0.295975970714,117.22413,-0.135400856131,0.263188874003,-2.18627974391e-06,0.8214642381,48.5643366687,-9.86381093381,8.35561,False
210,asc,66591.8539209,2041-03-13,353363378.763,0.858329658611,331.11156,0.751520846513,-0.414663984581,4.63053584099e-06,1.83717072991,62.3045444411,12.7256712527,22.32417,True
190,desc,66594.6043721,2041-03-16,353601017.749,0.421484168585,261.65754,-0.0611529129498,-0.41702425062,7.89761543274e-07,1.10483382489,62.7445797435,-6.98102985294,7.36842,False
47,desc,66596.699384,2041-03-18,353782026.776,2.22196822287,321.2725,1.73342456415,-1.39010145811,-1.85333192348e-07,3.13080662142,51.8002439746,-0.597517624137,1.99822,False
234,asc,66596.9942549,2041-03-18,353807503.619,2.80457801353,178.94914,-2.80410630926,0.0514357888622,-6.40749931335e-07,1.82876578561,24.8637207815,4.10392682414,18.71928,False
44,desc,66599.560545,2041-03-21,354029231.089,0.321353249283,23.55397,0.294579402608,0.128416846182,5.87292015553e-06,1.28107911244,93.6338428132,-22.3986487104,20.2845,False
13,desc,66599.8233337,2041-03-21,354051936.029,0.976499408812,254.85241,-0.255165488845,-0.942571837428,-7.72881321609e-07,1.29151762211,29.5046445841,-1.39316138064,2.52172,True
26,desc,66600.4573016,2041-03-22,354106710.856,0.886596595788,341.99674,0.843187879918,-0.274021391176,1.41561031342e-07,1.87173222608,54.4907866648,-7.85105542005,19.2213,True
240,asc,66602.6309459,2041-03-24,354294513.725,1.78093344793,137.21706,-1.30708429268,1.2096506098,4.32878732681e-06,1.17908379267,25.1561880751,8.97987244428,28.00194,False
270,asc,66603.6498914,2041-03-25,354382550.62,0.902324421954,90.70575,-0.0111142454624,0.902255970334,-1.03376805782e-07,1.29729159891,42.6351958845,4.56702548957,7.03616,True
49,desc,66603.9319501,2041-03-25,354406920.487,1.15710856194,267.94857,-0.041420504385,-1.15636696854,3.1478703022e-06,1.53806271152,17.7640990514,-5.82259319887,22.80162,True
271,desc,66604.3624845,2041-03-26,354444118.658,0.984154362607,30.87182,0.844716792914,0.504988464431,-3.19629907608e-06,1.89668198355,61.9030661793,-9.75608079999,15.73453,True
300,asc,66604.8336036,2041-03-26,354484823.351,0.484694683609,229.11004,-0.317285189351,-0.366413761937,-3.1366944313e-06,0.788164498317,60.555795946,17.2437202598,20.38021,False
262,asc,66606.2154046,2041-03-28,354604210.955,1.23130237245,77.65134,0.263326438519,1.20281533045,1.63912773132e-06,1.73384414223,60.5833887317,5.25287782583,15.83674,True
220,asc,66608.4556185,2041-03-30,354797765.439,0.589473545808,22.58099,0.544283130621,0.226351352831,-5.65964728594e-06,1.56172908799,72.8441548818,10.6039997741,13.76438,False
37,asc,66608.95135,2041-03-30,354840596.64,0.968429042528,272.66887,0.0450936645301,-0.967378608318,-5.40912151337e-06,1.39748403688,43.3449143715,10.5805039619,24.92726,True
158,desc,66609.9185404,2041-03-31,354924161.888,4.51198740075,218.60318,-3.52605428642,-2.81513258547,-1.64657831192e-06,3.74602451035,26.8622200912,-2.95763631614,20.67934,False
265,asc,66610.8516131,2041-04-01,355004779.373,0.315588069183,141.40332,-0.246649945221,0.196874665545,-1.16657465696e-05,0.794449224317,46.1429083507,21.5554867094,18.97022,False
299,desc,66612.2950218,2041-04-03,355129489.881,1.0625655439,337.86367,0.984243719779,-0.400387106644,2.64495611191e-07,2.00177899675,58.4786758873,-5.00757311207,11.16926,True
108,asc,66613.192472,2041-04-04,355207029.58,1.05492068048,168.84081,-1.03497556269,0.204164704941,6.7912042141e-06,0.315840023045,12.6998687737,11.3859450987,19.57999,True
174,asc,66614.7511622,2041-04-05,355341700.412,2.32642414111,10.77506,2.28540631025,0.434933651732,-6.10947608948e-07,3.32445178148,45.7264383217,3.80461528283,14.39783,False
102,asc,66614.9452857,2041-04-05,355358472.685,1.12161431679,161.20276,-1.06179277371,0.361406670287,5.37000596523e-06,0.505470382576,14.1040887995,12.077355412,26.06566,True
145,desc,66617.2145362,2041-04-08,355554535.929,1.046734562,241.2066,-0.504162556883,-0.917318570354,-2.9057264328e-06,0.88168292659,37.0154544097,-8.66333934796,15.15631,True
279,asc,66617.5973128,2041-04-08,355587607.826,0.922131874728,178.12913,-0.921640326191,0.0301048754917,-1.11805275083e-06,0.222682318571,24.802164869,4.16310194269,7.14292,True
98,asc,66618.8395868,2041-04-09,355694940.301,0.775565876625,311.66594,0.515585640295,-0.579373693316,1.13621354103e-07,1.54070099189,53.3265417934,3.59568128323,5.52413,False
222,asc,66622.495654,2041-04-13,356010824.509,0.875058528711,288.01435,0.270616383945,-0.832162364812,-2.49594449997e-07,1.35917506963,43.0826852105,12.136436152,21.61632,True
103,desc,66623.8641549,2041-04-14,356129062.981,0.818163742333,131.92731,-0.546686585342,0.608708211441,1.12177804112e-06,0.988011767351,44.5995025817,-2.62701446312,4.69797,True
106,desc,66625.6334644,2041-04-16,356281931.321,1.04971497093,10.01269,1.03372704444,0.182510048471,-2.45869159698e-06,2.04632964191,58.2180021071,-20.8974635197,40.78349,True
297,asc,66625.7687359,2041-04-16,356293618.778,0.9578518783,81.11844,0.147885064281,0.946366857263,-2.11503356695e-06,1.67615177621,45.7155509228,9.87166031563,24.30945,True
125,desc,66626.0452952,2041-04-17,356317513.504,0.371607677325,1.67697,0.371448519132,0.0108749014597,8.77678394318e-06,1.36175119365,85.3551293455,-37.093113595,39.01303,False
65,asc,66630.7248194,2041-04-21,356721824.398,0.940761703778,96.9752,-0.114245834774,0.933798946525,1.27591192722e-07,1.5587996564,59.9830171632,2.55177812386,5.05883,True
296,desc,66631.7902498,2041-04-22,356813877.587,0.964497486906,217.00648,-0.770216290224,-0.580536190535,3.05380672216e-06,0.217261619743,14.9823919268,-6.76988469296,18.943,True
29,asc,66633.5408417,2041-04-24,356965128.726,0.975716993127,164.28075,-0.93922593559,0.264345025661,-1.78813934326e-07,0.709790155064,43.0187741088,26.1691853967,51.3362,True
81,desc,66634.9496607,2041-04-25,357086850.681,0.883137983233,310.14228,0.569348379876,-0.675111190666,-3.02121043205e-06,1.4746374358,58.0043153724,-7.20238227673,17.0676,True
278,asc,66634.9654321,2041-04-25,357088213.331,0.983082730237,297.22413,0.449733277336,-0.874180549856,1.52736902237e-06,1.40070210763,20.8247381929,2.969690064,8.35561,True
298,desc,66636.9505846,2041-04-27,357259730.511,1.38817749185,318.73493,1.04344632178,-0.915563499953,-2.22772359848e-06,1.96322081685,47.8399105421,-11.5794634644,29.79622,True
53,desc,66638.4846436,2041-04-29,357392273.205,1.02344531027,312.13915,0.686663694784,-0.758902677151,5.99771738052e-06,1.56673536148,56.6329343289,-17.3754194474,29.53092,True
70,asc,66642.5498072,2041-05-03,357743503.341,3.07752902342,306.75571,1.84160706013,-2.4656983445,3.48314642906e-07,3.26680024536,33.2816778021,1.65412262748,8.18219,False
171,desc,66642.7465359,2041-05-03,357760500.706,1.10547324972,319.50669,0.840692277525,-0.71784928805,5.51342964172e-07,1.66914272814,59.3647856086,-6.67948062789,18.03421,True
141,desc,66643.1898588,2041-05-04,357798803.803,1.54092781179,127.34369,-0.934718797627,1.22505481123,-4.00468707085e-08,1.81598423159,24.7861253062,-0.980504112819,3.20528,True
104,desc,66643.8350962,2041-05-04,357854552.312,1.05770931836,248.67554,-0.38463487601,-0.985294379517,-1.25542283058e-06,0.578090980183,14.6696612714,-12.9756825601,24.75984,True
163,desc,66644.5050993,2041-05-05,357912440.578,0.930264172066,345.54034,0.900796830567,-0.23228538454,-7.33509659767e-06,1.746678654,46.5399462628,-12.7283765482,26.60392,True
77,desc,66646.2014604,2041-05-07,358059006.179,4.16650233725,181.27533,-4.16547023294,-0.0927332991331,5.42029738426e-07,3.41956060354,24.1736328182,-2.07150418803,13.23278,False
183,desc,66646.427735,2041-05-07,358078556.308,0.967442388613,142.74951,-0.770081070637,0.585593647447,1.60560011864e-06,1.21745731689,41.7109140744,-11.2496982245,21.47,True
80,desc,66646.5988057,2041-05-07,358093336.815,1.55816682345,295.78687,0.677841162963,-1.40300221222,-4.32133674622e-07,1.65175143785,20.200155153,-8.32503296824,23.55872,True
255,desc,66647.9884463,2041-05-08,358213401.764,1.36051847046,119.46913,-0.669313259629,1.1844957868,-4.47500497103e-07,1.83977046506,42.5183864261,-0.724964868357,1.97262,True
68,desc,66648.1202925,2041-05-09,358224793.268,0.986755910689,319.30103,0.748105104664,-0.64344850583,-2.61515378952e-06,1.51589095562,48.0335304661,-7.66099793498,13.91996,True
60,desc,66649.9916755,2041-05-10,358386480.767,0.202180935107,64.89558,0.0857791598235,0.183082129823,5.56465238333e-07,1.19835715475,108.138194044,-53.7564725967,38.87863,False
83,desc,66652.3025806,2041-05-13,358586142.964,0.314292058936,335.74474,0.286547718105,-0.129111980693,-9.42964106798e-06,1.1613325548,82.8262891074,-29.0632826163,26.45905,False
200,desc,66652.8834243,2041-05-13,358636327.863,1.05516784215,14.71649,1.0205527234,0.26805095388,-4.73111867905e-07,1.99326381212,64.3947853673,-9.05923909806,16.07668,True
264,asc,66654.736248,2041-05-15,358796411.825,0.94514212687,321.04994,0.735031543441,-0.594156772353,1.30012631416e-06,1.43338730057,41.0777039082,5.12673088082,8.17004,True
226,asc,66656.7832528,2041-05-17,358973273.045,0.967604659562,150.72865,-0.844054967774,0.473106741214,9.16421413422e-06,1.24674665758,40.4417220724,22.3575057632,45.86726,True
112,desc,66658.2930862,2041-05-19,359103722.652,0.999106012836,180.98343,-0.998958845118,-0.0171479049772,-1.52587890625e-05,0.838351752755,38.7407862479,-26.9632522409,62.10129,True
35,asc,66658.8382207,2041-05-19,359150822.264,1.02047449808,38.30847,0.800750766612,0.632587077797,5.17023727298e-06,2.01988472553,55.9421996722,20.450003257,44.05781,True
56,desc,66659.20485,2041-05-20,359182499.043,1.54652820091,297.85066,0.722489399167,-1.36739114532,-4.38839197159e-06,1.47564613673,24.5133599578,-11.645631095,33.46935,True
41,desc,66659.3861241,2041-05-20,359198161.124,0.968475555186,235.15904,-0.553290521054,-0.79486759923,3.7606805563e-06,0.0790524054356,29.0362978219,-28.5000164164,47.83485,True
111,desc,66659.8555682,2041-05-20,359238721.092,0.958760207946,68.22125,0.355722520941,0.890327256932,-5.61401247978e-06,1.95021851156,65.0433803117,-18.9977100427,30.25143,True
300,desc,66660.8111577,2041-05-21,359321284.029,0.98312473579,49.11004,0.643561665724,0.743211025572,-2.06753611565e-06,1.99407524485,58.9196473566,-8.50140295663,20.38021,True
147,desc,66662.38595,2041-05-23,359457346.08,4.12115731019,198.46202,-3.90905692346,-1.305071471,4.15742397308e-06,3.35218178669,30.5408466959,-8.49147946939,70.55951,False
182,asc,66662.7030305,2041-05-23,359484741.839,0.694332343257,159.49235,-0.650329324025,0.243247144291,3.46964225173e-06,1.06942904423,30.5449716743,6.01399496785,9.06773,False
52,desc,66664.6452416,2041-05-25,359652548.872,1.71320133821,311.99742,1.14629811949,-1.27320832801,5.17070293427e-06,1.7602871542,43.3842627068,-13.1012673833,42.36114,False
216,desc,66665.5457424,2041-05-26,359730352.142,0.960096826051,88.05495,0.0325866527172,0.959543654795,7.32392072678e-06,1.90227046672,56.4666426645,-21.9309505511,39.21257,True
162,asc,66666.8079776,2041-05-27,359839409.269,0.689498332152,96.44687,-0.077418136291,0.685138221247,6.28270208836e-06,1.61350687405,63.7771914146,11.3078982593,16.72622,False
194,desc,66666.9941204,2041-05-27,359855492.005,0.981737788651,134.32185,-0.685928576265,0.70236107091,-7.93859362602e-06,1.57563723794,37.7827710907,-19.4518854523,39.93236,True
232,desc,66667.1120986,2041-05-28,359865685.32,2.64167483186,196.90762,-2.52748820987,-0.768276816181,-4.23192977905e-06,2.00425180163,20.5934269561,-11.0975091447,55.01316,False
265,desc,66667.4660213,2041-05-28,359896264.242,1.13256209283,321.40332,0.885161403211,-0.70653109229,-2.60770320892e-07,1.41510506651,15.5159936944,-6.00642955827,18.97022,True
109,desc,66667.7107785,2041-05-28,359917411.259,0.650819028605,145.49909,-0.536351150727,0.368636475553,2.59466469288e-06,1.24046167423,60.7072062449,-6.38100036272,8.88522,False
160,asc,66668.6766747,2041-05-29,360000864.693,1.46486442969,264.05008,-0.151846602756,-1.45697302878,2.6123598218e-07,0.675302324633,1.69564239663,0.869160532564,1.94299,True
207,desc,66670.4536433,2041-05-31,360154394.785,0.927758079007,123.58001,-0.513143843863,0.772928488716,3.18326056004e-06,1.6683111167,51.1567218007,-8.23473192107,13.53154,True
132,desc,66670.5736734,2041-05-31,360164765.382,1.13289924295,358.00841,1.13221490256,-0.0393714248353,-8.13975930214e-07,1.82113945659,60.1605654717,-4.72481722903,8.56552,True
197,asc,66672.4948448,2041-06-02,360330754.587,0.941439297683,352.06267,0.932420030144,-0.130003225378,4.89875674248e-07,1.58436585355,51.0944747669,3.70835628265,5.8333,True
55,asc,66676.737656,2041-06-06,360697333.479,0.98931839847,302.02023,0.524555075658,-0.838804426641,-5.65126538277e-06,0.910978765297,35.3195292701,13.66572149,22.71515,True
217,asc,66677.3606182,2041-06-07,360751157.408,2.23285327695,226.40736,-1.53961153556,-1.61716729992,-2.71201133728e-06,1.34816463313,29.2656271687,4.13303645351,15.72955,False
90,desc,66679.8683629,2041-06-09,360967826.557,2.77828242036,114.79736,-1.16524013732,2.52211590329,-6.70552253723e-08,3.5808170247,35.8443438897,-4.44605334806,20.05615,False
155,asc,66680.2911453,2041-06-10,361004354.956,0.974045835208,286.22318,0.272128522809,-0.935260047346,-6.47082924843e-06,0.597162924301,16.6094051022,10.6228736428,19.00837,True
220,desc,66682.6064704,2041-06-12,361204399.04,1.14385677534,202.58099,-1.05616605036,-0.439228410477,5.06639480591e-07,0.937115243724,46.6649439471,-5.46465036652,13.76438,True
282,desc,66682.9128074,2041-06-12,361230866.557,3.63957894716,317.24402,2.67236687832,-2.47082783299,3.72529029846e-07,3.31104960167,19.1304538243,-5.34683333712,31.15841,False
186,desc,66682.9153607,2041-06-12,361231087.168,1.12950453834,112.44372,-0.431217439477,1.04395020093,-2.00793147087e-06,2.02568019428,55.3496198288,-13.8653707408,30.12309,True
130,asc,66687.7926661,2041-06-17,361652486.351,2.25602967351,104.69532,-0.572307207037,2.18223150663,-6.66826963425e-07,3.20027354059,47.0516894679,1.46788723759,5.43674,False
201,desc,66688.3155315,2041-06-18,361697661.919,0.90279588588,42.60435,0.664499025574,0.611131292419,4.74974513054e-07,1.82386540058,66.8766375329,-4.17932792961,6.40373,True
81,asc,66688.47475,2041-06-18,361711418.398,0.378024734515,130.14228,-0.24370797569,0.288979449944,5.12041151524e-06,1.28893747559,86.4296898351,16.8261406665,17.0676,False
78,desc,66690.1727877,2041-06-20,361858128.859,1.03098586634,99.53942,-0.170861307929,1.01672920192,8.18818807602e-06,2.02080810996,60.3733279862,-19.4068629427,36.0152,True
16,asc,66690.6065417,2041-06-20,361895605.201,2.68694470734,235.51959,-1.52114503239,-2.21490172485,2.75671482086e-06,1.82448427383,15.415769211,5.27531130599,23.15184,False
12,asc,66690.6520562,2041-06-20,361899537.653,1.42877315725,125.36536,-0.826957122288,1.16513289061,7.7678123489e-08,2.27227953726,58.6802312671,0.203021698295,0.44808,True
92,desc,66691.2560067,2041-06-21,361951718.979,3.8801072966,337.57903,3.58679641201,-1.47990679839,4.88013029099e-07,3.76110740922,21.4787636403,-0.992546413877,6.01513,False
118,asc,66692.3600327,2041-06-22,362047106.829,2.0224845962,262.94888,-0.248269806742,-2.00718859226,-5.21540641785e-08,1.00511104851,27.9036218847,15.5527260289,68.42022,False
19,asc,66694.1644736,2041-06-24,362203010.515,1.33216309403,40.94164,1.0062859388,0.872953102099,1.12224370241e-06,2.18432350901,58.5156951126,4.46398573139,10.7844,True
30,asc,66695.9600637,2041-06-25,362358149.505,0.873522723438,35.50297,0.711122109505,0.507294089986,-2.05775722861e-06,1.7094560896,53.2102233562,3.78981612903,6.35218,True
257,desc,66696.3129394,2041-06-26,362388637.968,1.12635233597,216.09232,-0.910170240515,-0.663520699022,4.57093119621e-06,0.920862487639,31.5825262133,-8.30153936865,17.74569,True
63,desc,66697.0311434,2041-06-27,362450690.786,0.976154428989,177.06027,-0.974869843885,0.0500625280894,1.68308615685e-05,1.41363108925,40.3288289358,-28.1021221768,53.19536,True
294,asc,66697.2087133,2041-06-27,362466032.83,0.59322375123,187.91609,-0.587570819196,-0.081700376086,1.41886994243e-06,1.08150053437,40.7164413769,2.75171724974,3.7759,False
249,desc,66697.7474428,2041-06-27,362512579.056,2.61882885595,131.52793,-1.73624441473,1.96054071854,8.19563865662e-07,3.42939743548,36.6865995503,-4.00917775061,17.09824,False
237,desc,66705.1162809,2041-07-05,363149246.673,0.802013288489,117.38763,-0.36893260675,0.712119404728,6.18398189545e-07,1.7862726747,65.188061118,-3.82640981252,5.83305,True
263,desc,66705.7310784,2041-07-05,363202365.176,0.948823241974,324.35835,0.77108718999,-0.552892475933,4.26545739174e-07,0.814301269017,30.9830761813,-2.9602695586,4.64461,True
37,desc,66706.8612754,2041-07-06,363300014.198,0.50779561716,92.66887,-0.0236448559518,0.507244822146,-1.12876296043e-06,1.5253480857,75.4132402654,-20.1783295779,24.92726,False
171,asc,66708.113559,2041-07-08,363408211.501,0.451619450189,139.50669,-0.343448368607,0.293263270613,-5.24707138538e-06,1.38877366636,85.3308782134,16.3500202506,18.03421,False
228,asc,66709.8629364,2041-07-09,363559357.701,1.84663831709,320.05713,1.41578987962,-1.18558512597,7.7486038208e-07,1.26012773859,13.6472004352,2.22871589687,7.15733,False
292,asc,66710.4015129,2041-07-10,363605890.714,0.792735034334,126.7835,-0.474684173241,0.634904536395,-3.18977981806e-07,1.7629150786,64.9349246932,1.7000342463,2.51747,False
273,desc,66711.6411864,2041-07-11,363712998.507,1.07044645389,54.38229,0.62340047217,0.870188176172,-2.50712037086e-06,1.91691167364,56.5236541115,-4.83636255101,10.31047,True
299,asc,66711.673788,2041-07-11,363715815.283,0.709026847822,157.86367,-0.656764400208,0.267169596983,-1.84960663319e-06,1.52806664175,66.1020569714,7.5044755552,11.16926,False
9,desc,66711.9242688,2041-07-11,363737456.827,1.15289665413,157.13487,-1.06230440351,0.447973268621,-2.45030969381e-06,1.92145918084,45.8150585602,-6.26603487675,13.33676,True
185,asc,66712.1656015,2041-07-12,363758307.967,0.607201001521,322.05585,0.478845088599,-0.373363679772,-4.62029129267e-06,0.680529689521,48.3853171125,11.9984677031,16.44727,False
177,asc,66712.4656377,2041-07-12,363784231.094,0.837467557661,52.45999,0.510281782838,0.664051513241,5.34579157829e-07,1.68683840281,58.8368612428,3.69949657604,5.37753,True
149,asc,66714.2723176,2041-07-14,363940328.237,1.62209030241,111.23173,-0.587425126779,1.51198831662,-1.10827386379e-07,2.63522734596,51.5553966158,2.45625485534,6.50656,False
296,asc,66715.3110634,2041-07-15,364030075.874,0.298621849126,37.00648,0.238469685962,0.179742086481,7.23334960639e-06,1.1650024319,81.5994602816,21.8655694221,18.943,False
143,asc,66717.1385369,2041-07-17,364187969.587,1.0637435308,222.69423,-0.781833290052,-0.72130923042,1.21258199215e-06,1.10035430834,45.9905297447,14.6507372391,28.82828,True
60,asc,66719.82175,2041-07-19,364419799.199,1.02936763287,244.89558,-0.436729064741,-0.932129522985,5.99771738052e-06,0.768960544197,31.0574155935,10.5584570085,38.87863,True
190,asc,66719.8660639,2041-07-19,364423627.921,1.00185223141,81.65754,0.145358205272,0.991251171875,1.96043401957e-06,1.96283278762,51.6294679964,2.93695364564,7.36842,True
3,desc,66721.6903442,2041-07-21,364581245.737,0.415735809989,80.13526,0.0712250348486,0.409589133301,4.52343374491e-06,1.39223713146,90.7171670906,-16.3694260617,17.51489,False
229,desc,66723.9295161,2041-07-23,364774710.191,1.07136512009,219.09556,-0.831481410134,-0.675619630523,5.79282641411e-07,1.25554965081,39.7990108287,-11.84409132,24.832,True
89,asc,66724.8770692,2041-07-24,364856578.777,1.38246902593,8.869,1.36593943484,0.213143303927,3.59490513802e-06,1.49067175724,26.0120032745,6.01475569882,15.31841,True
83,asc,66727.0303837,2041-07-27,365042625.153,0.961756022516,155.74474,-0.876856369071,0.395091830928,-4.95836138725e-06,1.86117971933,49.8494849386,9.49758433433,26.45905,True
117,desc,66727.5693423,2041-07-27,365089191.178,0.886531582092,98.65037,-0.133338360061,0.87644687676,-3.22610139847e-06,1.88193225223,59.7160735693,-10.3505747992,18.68411,True
195,desc,66728.7410531,2041-07-28,365190426.986,0.885563410551,234.20354,-0.517972735968,-0.718280445857,-8.50297510624e-07,1.00490100247,23.1471852617,-10.8102712678,19.42916,True
128,desc,66729.2077142,2041-07-29,365230746.509,0.960298827468,93.62643,-0.0607397584825,0.958375980383,-1.62050127983e-06,1.93391274266,56.3791134384,-4.10171476355,8.54804,True
182,desc,66729.2755247,2041-07-29,365236605.332,0.919800309738,339.49235,0.861508353282,-0.32223588723,-6.30971044302e-07,0.692585155069,9.42473014322,-4.53980192674,9.06773,True
193,desc,66730.4268366,2041-07-30,365336078.686,1.45761302631,11.10298,1.43033037231,0.280696919282,1.04308128357e-06,1.49810831344,43.0572891214,-8.75327658469,23.07163,True
269,desc,66733.0533738,2041-08-02,365563011.495,1.09237407123,284.47484,0.273044188652,-1.05769938193,2.57231295109e-06,0.322559220675,6.70295864164,-6.27187308188,13.47265,True
124,asc,66733.1028465,2041-08-02,365567285.941,2.6572639901,116.62205,-1.19072840567,2.37554578509,-1.2218952179e-06,3.67200774736,44.0928651409,3.81551497597,16.18609,False
251,asc,66734.8458992,2041-08-03,365717885.695,3.70377897617,329.9873,3.20715612065,-1.8526004216,-7.89761543274e-07,2.83191230233,17.1695226102,2.85840938676,16.40099,False
297,desc,66735.1201432,2041-08-04,365741580.371,0.431221678467,261.11844,-0.0665773561491,-0.42605116081,8.88388603926e-06,0.757264017002,39.6500638319,-21.9274420732,24.30945,False
57,asc,66735.3055304,2041-08-04,365757597.825,1.83059729342,171.12615,-1.80868572708,0.282386953188,4.44427132607e-06,2.62823438894,40.6880837988,15.3811674722,55.89453,False
139,desc,66736.0393317,2041-08-05,365820998.256,1.02941241258,357.37634,1.02833333329,-0.0471218720642,2.98023223877e-07,0.912367974108,43.4169712626,-31.5564386157,57.84046,True
107,asc,66736.212652,2041-08-05,365835973.132,2.27141163618,218.89189,-1.76791242184,-1.42611236923,-6.48200511932e-07,2.41829750006,36.4039273841,1.72033602189,6.62299,False
225,desc,66739.4853041,2041-08-08,366118730.275,0.98863749071,287.52446,0.29769152268,-0.942753332193,3.10316681862e-06,0.352682960888,22.1963399875,-5.11324664451,8.14565,True
210,desc,66740.9179371,2041-08-09,366242509.769,1.0197680676,151.11156,-0.892870185389,0.492655806562,-1.86264514923e-06,1.99893041393,56.0587584269,-10.7110836365,22.32417,True
54,asc,66744.0071383,2041-08-13,366509416.748,0.970247715595,18.12085,0.922125964338,0.30176867881,6.44475221634e-07,1.08389309433,40.0975660247,10.2961503773,17.99169,True
233,asc,66748.02082,2041-08-17,366856198.847,3.04066786988,306.8226,1.82239204433,-2.43403950906,-3.07336449623e-07,2.0439174827,18.7380785632,2.07893250522,10.12318,False
99,asc,66748.0752139,2041-08-17,366860898.481,1.9701763602,356.54428,1.96659395029,-0.118756578704,1.2069940567e-06,1.36957928424,11.6335586138,3.57458459254,12.15584,False
202,asc,66748.7857407,2041-08-17,366922287.996,1.13859993657,156.84047,-1.04684399885,0.447802922747,-8.84116161615e-07,2.12067968148,55.8182042751,2.68791119236,5.54384,True
82,asc,66753.163042,2041-08-22,367300486.83,1.88898283229,168.05282,-1.84806530181,0.391038081173,3.57627868652e-07,2.82940293426,44.5292938249,3.1459863143,9.8289,False
136,desc,66754.3160016,2041-08-23,367400102.537,1.16905146814,110.33711,-0.406295703052,1.09617751155,5.34951686859e-06,2.10172779313,52.4270490783,-10.9042191164,24.09941,True
6,asc,66756.3491686,2041-08-25,367575768.171,0.809115161942,77.51847,0.174869918623,0.789992314421,2.74553894997e-06,1.53042994631,65.7855680172,14.5761323453,24.37798,True
192,desc,66759.3896915,2041-08-28,367838469.345,2.44186347332,202.1116,-2.26227037838,-0.919146319946,7.04079866409e-07,3.13106448736,49.6159816267,-1.31949968202,5.67243,False
295,asc,66760.2516958,2041-08-29,367912946.516,2.69137354024,84.2559,0.269367748434,2.67785969558,1.18836760521e-06,3.27396880553,35.5729642796,2.92575386269,12.40454,False
272,desc,66762.1113837,2041-08-31,368073623.556,0.377079538072,199.28184,-0.355927510748,-0.124517408924,-2.88709998131e-07,1.28845114825,81.6211754694,-2.81705187478,2.63724,False
223,desc,66767.173741,2041-09-05,368511011.221,1.12338227417,321.43021,0.878315659298,-0.70039227334,-3.27825546265e-07,0.262713667601,20.1048666853,-4.46954557445,10.89224,True
293,desc,66767.8785743,2041-09-05,368571908.817,0.978457343952,231.88447,-0.603951964766,-0.769818678773,-2.47731804848e-07,1.55793021876,26.4136529933,-0.788259988864,2.35416,True
3,asc,66769.742353,2041-09-07,368732939.303,0.939408354225,260.13526,-0.1609420963,-0.92551915033,4.91365790367e-06,1.2099421519,61.5636574923,7.24430070502,17.51489,True
236,desc,66770.067665,2041-09-08,368761046.252,3.99407682085,359.32276,3.99379780986,-0.0472091596108,-1.28895044327e-06,3.08254564613,28.9674066252,-9.01577264418,75.65689,False
194,asc,66771.2942803,2041-09-09,368867025.818,1.01426929299,314.32185,0.708657953406,-0.725634965923,7.39470124245e-07,0.419122056211,34.9092432413,18.8279889188,39.93236,True
168,asc,66771.8040009,2041-09-09,368911065.676,1.02769076006,3.07513,1.02621093663,0.0551308610341,-3.30433249474e-06,0.430597396208,21.5378240539,13.6375614062,23.65377,True
25,desc,66771.9901827,2041-09-09,368927151.787,1.89049657962,40.68627,1.43354574631,1.23244631153,1.96695327759e-06,1.67029181056,33.2678166089,-7.42377386717,24.53703,False
181,desc,66774.2048279,2041-09-12,369118497.131,2.17584690579,88.50377,0.0568139125551,2.1751050404,4.93600964546e-07,2.65987597563,34.012853446,-1.29916804743,4.68129,False
102,desc,66774.7164088,2041-09-12,369162697.724,1.02535859846,341.20276,0.970670875014,-0.330391143705,-7.41891562939e-06,0.0164151394824,14.985864632,-13.2111192702,26.06566,True
141,asc,66775.6097751,2041-09-13,369239884.569,0.561504703326,307.34369,0.340605833147,-0.446402507031,1.41840428114e-06,0.637440983908,37.1341227504,2.6907807683,3.20528,False
8,desc,66775.9422226,2041-09-13,369268608.029,2.51003644744,130.13923,-1.61808800491,1.91887315262,-6.33299350739e-07,3.40457658216,39.302407577,-9.44934325695,42.03945,False
294,desc,66776.4306809,2041-09-14,369310810.832,0.832012706109,7.91609,0.8240843127,0.114587035425,-3.5809352994e-07,0.430926848892,3.67593831351,-1.96197007237,3.7759,True
44,asc,66776.4525821,2041-09-14,369312703.09,0.995912089171,203.55397,-0.912936741525,-0.397979139316,4.43309545517e-07,1.88228281717,43.2732998201,7.22742360585,20.2845,True
185,desc,66777.1462591,2041-09-15,369372636.79,0.968277930439,142.05585,-0.763594147948,0.595387376247,-4.78141009808e-06,1.94186325037,54.7749257196,-7.52416364873,16.44727,True
79,desc,66777.8100737,2041-09-15,369429990.372,1.03094297251,84.506,0.0987040413957,1.02620705746,7.42264091969e-07,1.56280058043,47.3392219641,-5.06486646039,9.02376,True
248,asc,66783.5275569,2041-09-21,369923980.913,2.2416229469,339.42683,2.09866162918,-0.787713655001,-6.07222318649e-07,1.26506544442,20.8725148693,2.38755330909,8.97249,False
21,asc,66784.5416876,2041-09-22,370011601.806,1.66360731202,311.6149,1.10483598293,-1.24375509625,5.3271651268e-07,1.09238085102,6.83955954105,2.40496944717,7.13333,False
18,asc,66788.5590177,2041-09-26,370358699.127,3.54094671638,82.16378,0.482779242709,3.50788082053,-2.27242708206e-07,3.63383121894,33.6594336465,0.496059329027,3.02961,False
246,desc,66790.4856355,2041-09-28,370525158.91,2.73041099083,14.24203,2.64649219382,0.671731528896,-8.60542058945e-07,1.79634941953,23.3993056341,-2.15908199436,9.59103,False
172,asc,66790.924883,2041-09-28,370563109.894,1.53611639021,116.63182,-0.688572773593,1.37314278199,-2.59280204773e-06,2.21043468378,47.4834331433,6.32760468852,17.25133,True
35,desc,66794.1219385,2041-10-02,370839335.483,1.00999867392,218.30847,-0.792530547253,-0.626093166383,-4.77745197713e-06,1.90512444867,56.1927496801,-20.6621130782,44.05781,True
84,desc,66794.9893707,2041-10-02,370914281.63,1.03605958041,145.70748,-0.855963266616,0.583734820247,-3.12458723783e-07,1.94314100778,61.4976575847,-4.14408460782,6.69302,True
100,desc,66796.033948,2041-10-04,371004533.105,1.39803410615,330.89053,1.22145097421,-0.680115342838,1.16415321827e-06,0.751773142439,3.8324813014,-2.08849289995,5.01801,True
115,asc,66797.4647126,2041-10-05,371128151.169,0.85756078534,109.438,-0.285384761836,0.808681666829,-1.05239450932e-06,1.48693814789,60.8166259706,2.4770564476,3.69008,True
280,asc,66800.3767611,2041-10-08,371379752.157,0.940135017279,164.91856,-0.907753915157,0.244615372025,-1.06245279312e-05,1.90848191425,60.6892044904,21.4498735152,36.78219,True
256,desc,66800.6025069,2041-10-08,371399256.595,1.34290533143,178.6164,-1.34251379684,0.0324258305427,1.5739351511e-06,2.33975286185,55.1290782196,-3.61919221418,8.6717,True
162,desc,66802.3377729,2041-10-10,371549183.579,1.03395903928,276.44687,0.116094815737,-1.02742069702,-3.15718352795e-06,1.46442205022,42.0486255871,-7.5407019947,16.72622,True
156,asc,66807.4494546,2041-10-15,371990832.876,1.01982420655,173.52007,-1.01330900698,0.115092435168,-2.15414911509e-06,1.98987619981,62.7705324374,15.6068818443,26.05772,True
165,desc,66808.7721435,2041-10-16,372105113.197,0.206736561063,123.99962,-0.115604481115,0.171393143464,-1.10128894448e-05,1.08596062766,109.255391983,-27.2127074076,19.13504,False
285,asc,66809.5987852,2041-10-17,372176535.042,2.12207897124,193.47036,-2.06370175694,-0.494321978672,-2.32458114624e-06,3.12149344963,45.4797132414,9.55744756718,35.13666,False
17,desc,66810.4897128,2041-10-18,372253511.184,3.42339354379,87.12483,0.171717848328,3.41908413705,-4.99188899994e-07,3.23336790877,27.7885544933,-6.96848450348,39.65677,False
175,asc,66813.0750198,2041-10-21,372476881.71,1.00475683129,120.97348,-0.517089331862,0.861484133858,5.18374145031e-06,1.55682532601,52.0653263291,8.14232953879,13.20499,True
293,asc,66814.2442595,2041-10-22,372577904.023,0.249352319236,51.88447,0.153912507329,0.196182362093,-1.763808541e-06,0.797252913459,50.7231735253,3.09312853961,2.35416,False
146,asc,66814.9236146,2041-10-22,372636600.302,1.07717486986,110.66657,-0.380166234706,1.00785878686,2.09081918001e-06,1.46660309572,54.1573789729,3.73456177972,7.79145,True
216,asc,66815.2970608,2041-10-23,372668866.051,1.79237156481,268.05495,-0.060834895125,-1.79133886853,-3.31550836563e-06,2.36959253045,54.1000323163,11.7474726947,39.21257,False
237,asc,66815.7663939,2041-10-23,372709416.433,1.43058520728,297.38763,0.658080779052,-1.27023766419,-1.1445954442e-06,1.66058489405,53.0902201606,2.14515815013,5.83305,True
298,asc,66816.6078568,2041-10-24,372782118.824,1.02542621207,138.73493,-0.770778387867,0.676313236008,-3.47942113876e-06,1.71809946469,47.3922272838,15.6757749702,29.79622,True
296,desc,66816.7155631,2041-10-24,372791424.655,0.964497486906,217.00648,-0.770216290224,-0.580536190535,-9.31322574615e-09,1.94674237689,49.411751516,-6.76988469296,18.943,True
190,desc,66817.1495416,2041-10-25,372828920.391,0.421484168585,261.65754,-0.0611529129497,-0.41702425062,3.07336449623e-08,1.26910547388,75.958245513,-6.98102985294,7.36842,False
19,desc,66818.8335215,2041-10-26,372974416.26,0.994114475636,220.94164,-0.750931641085,-0.651433236093,1.08778476715e-06,1.97124219402,65.5800554399,-5.98196403873,10.7844,True
222,desc,66823.3928825,2041-10-31,373368345.045,1.0079617149,108.01435,-0.311717382885,0.958550516096,-1.81794166565e-06,1.27172685731,40.4661267201,-10.5362056971,21.61632,True
283,asc,66823.5163477,2041-10-31,373379012.443,1.89629072618,111.95181,-0.708883972846,1.7588069909,-8.2328915596e-07,2.02517227713,39.1032011159,2.56689524656,8.07603,False
195,asc,66827.3868476,2041-11-04,373713423.635,0.987212032964,54.20354,0.577427783943,0.800727639313,-2.97464430332e-06,0.361290848797,11.1595182218,9.69718801354,19.42916,True
110,asc,66829.7152473,2041-11-06,373914597.363,1.99980241313,192.31083,-1.9538175369,-0.426387997103,8.08387994766e-07,2.93953129225,53.1798345434,4.25804025581,13.85069,False
47,asc,66829.9042964,2041-11-06,373930931.211,1.29243824729,141.2725,-1.00827013745,0.808571550923,5.57862222195e-07,1.82961412452,39.9935034048,1.0272561774,1.99822,True
239,asc,66829.9530355,2041-11-06,373935142.264,0.375111652701,208.83489,-0.328602742704,-0.180911551538,-1.08294188976e-05,1.36701992789,87.6854051176,34.8824222799,36.24349,False
273,asc,66830.1477908,2041-11-07,373951969.128,0.84284887385,234.38229,-0.490853497637,-0.685169371767,3.68617475033e-06,1.81315244075,65.5657946862,6.14234331098,10.31047,True
208,asc,66832.2094382,2041-11-09,374130095.458,1.0850889046,72.98582,0.317506095051,1.03759713304,-9.89064574242e-07,0.630616627298,13.1425517403,1.93511346761,3.41388,True
288,desc,66832.2741085,2041-11-09,374135682.972,1.80177618752,263.16315,-0.21448807395,-1.78896402872,-1.01327896118e-06,2.60001467626,43.9049401691,-3.0396588119,9.33904,False
145,asc,66833.6024881,2041-11-10,374250454.975,1.92477615493,61.2066,0.927073685087,1.68680100457,-2.27987766266e-06,1.06853823045,11.6723931866,4.71130977728,15.15631,False
105,desc,66834.026047,2041-11-11,374287050.461,1.03264242452,336.83722,0.949402207614,-0.406184471749,-1.05910003185e-05,1.05870402138,30.934544415,-18.1932652265,37.1231,True
267,asc,66834.5125106,2041-11-11,374329080.918,0.729917567783,160.47465,-0.687942715728,0.243955888708,-1.81701034307e-06,1.4987172875,71.9660924863,2.87547058626,5.44387,False
116,desc,66834.9908254,2041-11-11,374370407.312,0.919155504897,244.2053,-0.399968510353,-0.827569956504,-5.52274286747e-07,1.87197770167,69.5408091805,-4.16924640965,6.22709,True
200,asc,66836.2916769,2041-11-13,374482800.882,1.84728684772,194.71649,-1.78668601148,-0.469277949763,6.22123479843e-07,2.76620272594,44.7121049462,5.17462557721,16.07668,False
297,asc,66837.4047628,2041-11-14,374578971.502,0.9578518783,81.11844,0.147885064281,0.946366857263,-1.92224979401e-06,0.634082500825,19.9109812852,9.87166031563,24.30945,True
60,desc,66838.0514343,2041-11-15,374634843.922,0.202180935107,64.89558,0.0857791598235,0.183082129823,-4.14904206991e-07,0.806276944642,68.533171539,-53.7564725967,38.87863,False
223,asc,66838.2353739,2041-11-15,374650736.305,0.616222761718,141.43021,-0.481793342905,0.384194829211,4.31668013334e-06,1.23297794791,46.6590522654,8.14804090966,10.89224,False
189,desc,66838.4975109,2041-11-15,374673384.945,1.23067709863,253.38514,-0.351895999939,-1.17929441885,-3.14554199576e-07,2.15194749087,52.1588681414,-1.40056342104,3.12476,True
26,asc,66838.6921127,2041-11-15,374690198.538,0.351985044212,161.99674,-0.334751480664,0.108788407204,5.40167093277e-06,1.19553466735,86.6764326174,19.7756101381,19.2213,False
52,asc,66841.0021529,2041-11-18,374889786.007,0.984975461154,131.99742,-0.659044266239,0.732009094351,-7.15255737305e-06,1.33717717059,36.3637683827,22.7874801947,42.36114,True
108,desc,66841.1106484,2041-11-18,374899160.02,2.30825902921,348.84081,2.26461736108,-0.446730291998,3.27080488205e-06,1.97276564793,39.0430821593,-5.20360531441,19.57999,False
44,desc,66842.3182881,2041-11-19,375003500.09,0.321353249283,23.55397,0.294579402608,0.128416846182,-3.15811485052e-06,0.711100167682,48.1263670508,-22.3986487104,20.2845,False
165,asc,66843.4046038,2041-11-20,375097357.771,0.842908631509,303.99962,0.471343890367,-0.698806051838,-3.77744436264e-06,1.45945793432,66.119427461,6.67434326375,19.13504,True
6,desc,66845.275275,2041-11-22,375258983.76,1.06694514054,257.51847,-0.230593392235,-1.04172866927,6.37024641037e-06,2.00257500569,62.1735256169,-11.0537732775,24.37798,True
42,desc,66845.8123598,2041-11-22,375305387.883,0.858103395024,56.20005,0.477358534026,0.71307101087,-7.18981027603e-07,0.150599171016,18.7953904945,-14.2392211932,25.15147,True
128,asc,66846.5390759,2041-11-23,375368176.155,0.673285881758,273.62643,0.0425859333342,-0.671937732871,-2.8358772397e-06,1.56035206619,66.3513619298,5.85022200045,8.54804,False
85,desc,66846.569469,2041-11-23,375370802.123,1.00036922062,158.02633,-0.927698304235,0.374318626137,2.55554914474e-06,1.58517925455,48.9865696646,-24.2756902593,42.72023,True
291,desc,66847.0522898,2041-11-24,375412517.836,1.82895953487,338.02876,1.6961254485,-0.684289005574,3.57627868652e-07,1.838415115,18.8867901718,-1.14621199906,3.57805,False
10,desc,66847.1514463,2041-11-24,375421084.961,1.00031431564,176.78899,-0.998743841213,0.0560309709646,6.08153641224e-07,1.75513014582,62.5024678118,-19.3030697769,39.82206,True
37,asc,66847.7412052,2041-11-24,375472040.133,0.968429042528,272.66887,0.0450936645302,-0.967378608318,3.71038913727e-06,1.84507441682,49.5360178175,10.5805039619,24.92726,True
83,desc,66848.9650316,2041-11-25,375577778.734,0.314292058936,335.74474,0.286547718105,-0.129111980693,-2.11643055081e-05,0.979437211328,64.5878004495,-29.0632826163,26.45905,False
68,asc,66850.8703695,2041-11-27,375742399.921,1.27655297873,139.30103,-0.967813609643,0.832420761688,-2.39908695221e-06,1.50985876761,34.6841860439,5.92183412681,13.91996,True
261,asc,66852.6016404,2041-11-29,375891981.73,0.991784179892,31.55547,0.845132937191,0.519024255656,-1.47894024849e-06,0.461291728208,15.8480183053,12.8356828608,23.24895,True
247,asc,66853.4928648,2041-11-30,375968983.516,0.988092717336,130.33277,-0.639519176103,0.753221376123,3.13139753416e-06,1.14663935494,38.5022650662,5.42526527264,8.69826,True
207,asc,66853.7419745,2041-11-30,375990506.601,1.70549415275,303.58001,0.943310379107,-1.420871505,-2.47731804848e-06,2.31645493917,49.1869451993,4.47954574099,13.53154,False
24,asc,66854.6035065,2041-12-01,376064942.96,1.02769998786,94.35212,-0.0779878364561,1.02473663076,-1.95950269699e-06,0.587693531809,38.6259026876,28.2308188568,64.00427,True
106,asc,66855.2344281,2041-12-02,376119454.584,1.61146583978,190.01269,-1.58692203684,-0.280179588434,-2.39908695221e-06,2.35996895637,41.7515652878,13.6126871383,40.78349,False
244,desc,66856.6589178,2041-12-03,376242530.496,1.00502404508,254.90308,-0.261761133827,-0.970337281567,2.99885869026e-06,1.98097733364,64.1690385922,-11.5681335856,19.45987,True
242,asc,66857.1363921,2041-12-04,376283784.281,1.00399146782,277.35076,0.128453988392,-0.995740146982,4.88478690386e-07,1.90294502388,60.0027191829,1.14935222689,1.91954,True
226,desc,66858.646459,2041-12-05,376414254.061,1.08756757241,330.72865,0.948700280855,-0.531762166447,-7.89761543274e-07,1.51734531179,41.1350364493,-19.8913863391,45.86726,True
137,asc,66859.1908229,2041-12-06,376461287.098,0.976785985928,283.609,0.229832649017,-0.949361793918,3.21213155985e-06,1.85422431465,64.1648605559,12.2637178933,18.80198,True
9,asc,66860.1404026,2041-12-07,376543330.785,1.06195861177,337.13487,0.978512085694,-0.412638087508,-2.29477882385e-06,1.43679395155,49.2688776087,6.80261035035,13.33676,True
238,asc,66861.0362489,2041-12-08,376620731.901,2.16950615382,53.30016,1.29654657655,1.73946081482,3.61353158951e-07,1.23350470986,14.1089095955,2.98054680038,10.90394,False
153,asc,66864.9246724,2041-12-11,376956691.696,1.38316866462,272.10936,0.0509102355369,-1.38223142155,-1.39698386192e-08,2.33005613246,46.6112687312,0.483516059975,1.52282,True
290,desc,66865.2718911,2041-12-12,376986691.394,0.881451857719,201.40878,-0.820631583675,-0.321747076679,1.2619420886e-06,1.69356611435,68.9039520752,-4.55267136152,7.30064,True
253,asc,66866.0220166,2041-12-13,377051502.233,1.22162503872,116.68273,-0.548570356743,1.09153025561,-6.56023621559e-06,0.865578598989,36.3876985475,15.7073466165,38.24694,True
268,desc,66867.9981196,2041-12-14,377222237.535,1.02394992467,296.19778,0.452044286287,-0.918765155773,-1.68196856976e-06,1.87531926176,60.3116882589,-9.01632525872,14.38466,True
234,desc,66868.9469228,2041-12-15,377304214.131,0.977618340204,358.94914,0.977453913774,-0.0179294604365,2.9057264328e-07,1.20990716597,51.3507378603,-11.7732886821,18.71928,True
269,asc,66869.4503353,2041-12-16,377347708.972,0.880053504877,104.47484,-0.219973634983,0.852118402194,1.0933727026e-06,0.476677465549,12.1516008345,7.78501704125,13.47265,True
103,asc,66869.4983409,2041-12-16,377351856.655,0.738472615075,311.92731,0.493437989751,-0.549418559466,1.28732062876e-06,1.52418326973,53.6928641806,2.91050465573,4.69797,False
5,asc,66869.7263052,2041-12-16,377371552.771,0.954979016943,295.27177,0.407692349914,-0.863580841973,-1.66520476341e-06,1.82651113368,49.5420233922,17.1870722726,37.03321,True
202,desc,66870.9398335,2041-12-17,377476401.617,1.12403010091,336.84047,1.03344829723,-0.442072714286,-1.85769749805e-07,1.62088667115,57.500815699,-2.72275227384,5.54384,True
267,desc,66874.8167561,2041-12-21,377811367.73,0.443453148505,340.47465,0.417951802705,-0.14821263622,-5.93718141317e-07,1.15144328745,81.6043435684,-4.73298363903,5.44387,False
132,asc,66875.1330084,2041-12-22,377838691.923,2.03667346768,178.00841,-2.03544319242,0.0707801129232,-1.63912773132e-07,2.36288475355,26.4561736124,2.62817871731,8.56552,False
270,desc,66876.7503711,2041-12-23,377978432.065,2.17646144057,270.70575,0.0268082367067,-2.17629633109,-9.51811671257e-07,3.15468444936,46.2839555173,-1.89341219565,7.03616,False
292,desc,66877.4405036,2041-12-24,378038059.508,1.60443544158,306.7835,0.960724678639,-1.28499851286,-2.26311385632e-07,2.41854721781,50.8365621095,-0.839969419572,2.51747,False
211,asc,66880.6951967,2041-12-27,378319264.991,0.771572360703,180.21677,-0.771566838667,-0.00291912149626,-1.28988176584e-07,1.28407015422,52.2626204457,0.60683581212,0.79236,False
151,asc,66881.2755534,2041-12-28,378369407.816,3.86571684406,154.89353,-3.50048736272,1.64023014905,-2.75671482086e-07,3.60231806204,32.9228998427,1.86653055443,11.22959,False
272,asc,66882.4920182,2041-12-29,378474510.372,1.47711678813,19.28184,1.39425889873,0.487766469847,-1.90921127796e-07,1.46087991583,37.1977713589,0.71913922325,2.63724,True
230,asc,66882.721638,2041-12-29,378494349.526,1.14770292761,87.66314,0.0467971212242,1.14674846391,-2.98023223877e-08,0.165899129059,18.300022151,3.44067547343,8.26679,True
255,asc,66883.6986921,2041-12-30,378578767.001,0.701296907974,299.46913,0.345006208762,-0.610563730539,5.67408278584e-07,1.63144989659,68.0799045718,1.40643439693,1.97262,False
193,asc,66884.153894,2041-12-31,378618096.443,1.01241835307,191.10298,-0.993468563845,-0.19496444365,-4.1164457798e-06,1.53575425564,40.9286555318,12.6023890559,23.07163,True
274,asc,66884.8050421,2041-12-31,378674355.638,0.997080529231,308.19497,0.616534178739,-0.78361673554,-4.73111867905e-07,1.87837216841,60.3325086944,5.62911951371,9.1404,True
183,asc,66884.8805454,2041-12-31,378680879.126,1.02771345831,322.74951,0.818056650813,-0.622075773881,-1.26659870148e-07,1.81186779618,50.38947859,10.5899507625,21.47,True
227,asc,66885.6808167,2042-01-01,378750022.559,1.80812331791,350.18774,1.78167310449,-0.308141009142,-4.29153442383e-06,2.22928549592,32.0030471751,7.99329272212,25.31356,False
114,asc,66886.5366317,2042-01-02,378823964.982,2.94716026117,142.31976,-2.33248397633,1.8014638784,2.96533107758e-06,2.42446060153,16.8792446279,5.80535908149,28.42255,False
252,asc,66888.6499613,2042-01-04,379006556.657,0.981741174211,21.45675,0.91370057928,0.359119735693,6.98491930962e-07,1.17786004723,36.8024070034,10.3866790872,15.97737,True
198,desc,66890.5084102,2042-01-06,379167126.644,0.934096917009,218.83283,-0.727641693906,-0.585725717085,-9.12696123123e-06,1.67594541535,61.8373897678,-12.8256141048,34.03784,True
122,asc,66890.7875532,2042-01-06,379191244.595,2.64861237984,164.87309,-2.55683842105,0.691176408231,1.40070915222e-06,2.44875225254,34.2520048239,2.39424014203,10.06177,False
26,desc,66891.0685673,2042-01-07,379215524.217,0.886596595788,341.99674,0.843187879918,-0.274021391176,-1.41933560371e-06,1.58298473145,59.7344598392,-7.85105542005,19.2213,True
7,desc,66892.9743737,2042-01-08,379380185.886,3.11403490945,199.88008,-2.92845838918,-1.05893572993,7.45058059692e-09,3.43023984056,32.8644580438,-8.20159155781,43.64693,False
149,desc,66893.5146921,2042-01-09,379426869.398,1.22144726453,291.23173,0.442335924923,-1.13853956873,-1.78162008524e-06,2.19446306726,61.602593749,-3.26192320927,6.50656,True
239,desc,66894.9114155,2042-01-10,379547546.296,1.04562423427,28.83489,0.915980585364,0.504291192195,-6.12437725067e-06,1.20295267589,49.4588882248,-12.5138674515,36.24349,True
170,asc,66897.50866,2042-01-13,379771948.227,2.17395614279,135.03605,-1.53818603097,1.53625162161,-4.20957803726e-07,1.42284198608,22.8763391093,0.936257981943,3.58083,False
119,asc,66897.5418075,2042-01-13,379774812.169,4.50459789232,272.69833,0.212064468738,-4.49960340837,-1.9371509552e-07,5.47179267618,38.9097214444,1.98570426308,13.44416,False
74,desc,66898.1846309,2042-01-14,379830352.106,0.91138855174,114.72295,-0.38117089617,0.827851339405,2.09198333323e-06,0.178506299965,9.74682964828,-3.60601638295,5.40987,True
250,desc,66900.05386,2042-01-16,379991853.506,1.59188179794,119.94859,-0.794703588072,1.37932369867,-3.36207449436e-07,0.673237993683,27.8562660983,-1.07650301003,3.77164,True
296,asc,66900.2363766,2042-01-16,380007622.942,0.298621849126,37.00648,0.238469685962,0.179742086481,-8.1742182374e-06,0.924361631409,65.5343400522,21.8655694221,18.943,False
134,desc,66901.3729572,2042-01-17,380105823.5,1.01735989839,164.3211,-0.979505293399,0.274937343874,8.37445259094e-06,0.943578884192,37.647217448,-20.2209635352,38.14572,True
1,desc,66902.6032082,2042-01-18,380212117.187,2.32008851026,156.03924,-2.12015210797,0.942213210749,-1.00582838058e-06,1.79471067619,19.2573452518,-5.83075873085,22.14242,False
32,asc,66904.3185608,2042-01-20,380360323.654,3.24807511867,58.16545,1.71325631851,2.75948269855,-6.74277544022e-07,2.76846723336,26.0228278717,2.29462969561,11.6234,False
73,asc,66907.8194504,2042-01-23,380662800.516,1.23289769585,181.16134,-1.23264444222,-0.0249881471734,-7.97939719632e-07,1.23333725387,46.538792377,1.25064216245,2.66375,True
60,asc,66907.8815087,2042-01-23,380668162.354,1.02936763287,244.89558,-0.436729064741,-0.932129522985,6.96629285812e-06,1.8259325908,37.6500967232,10.5584570085,38.87863,True
117,asc,66908.9268412,2042-01-24,380758479.083,0.966675213046,278.65037,0.145392324676,-0.955678836976,1.18091702461e-06,1.92868909777,58.925370792,9.49244516511,18.68411,True
112,asc,66912.0742383,2042-01-28,381030414.189,1.10051648397,0.98343,1.10035437855,0.0188884381141,-3.79234552383e-06,1.78772350457,42.3663901531,24.4786405582,62.10129,True
53,asc,66912.6800299,2042-01-28,381082754.584,2.59073965593,132.13915,-1.73821390015,1.92107896821,-3.33786010742e-06,1.64414772341,19.0636137056,6.86398245644,29.53092,False
241,desc,66912.7091766,2042-01-28,381085272.855,0.333243651154,33.02113,0.27941468906,0.18160055774,1.60615891218e-05,1.02005867631,61.0634370294,-32.651708893,31.4187,False
101,desc,66915.0191816,2042-01-31,381284857.292,3.65420728381,70.069,1.24567630859,3.43533424972,-5.84870576859e-07,3.14391640299,22.2942965017,-2.31692894142,12.87861,False
146,desc,66918.2921219,2042-02-03,381567639.335,0.92025509371,290.66657,0.324784697205,-0.861036780841,2.1830201149e-06,1.88933872229,62.1874192787,-4.37137064121,7.79145,True
71,asc,66920.1604343,2042-02-05,381729061.525,1.83350585156,219.36124,-1.41759849096,-1.1628233856,7.59959220886e-07,2.11362417919,42.0792498329,5.20926648229,16.69512,False
201,asc,66921.6203794,2042-02-06,381855200.784,2.25885791732,222.60435,-1.66262264643,-1.52909287691,6.48200511932e-07,2.52516207517,26.5314752858,1.67034855608,6.40373,False
63,asc,66922.4002346,2042-02-07,381922580.267,2.0528819336,357.06027,2.05018041274,-0.10528299254,-3.41236591339e-06,2.81303453059,45.9275557839,13.3626832493,53.19536,False
83,asc,66923.6928348,2042-02-08,382034260.923,0.961756022516,155.74474,-0.876856369071,0.395091830928,-1.12876296043e-06,0.421203884812,13.8848311585,9.49758433433,26.45905,True
199,desc,66924.0322476,2042-02-09,382063586.195,1.02007730041,254.44268,-0.273587057739,-0.982704340409,-8.50111246109e-06,1.76498048214,55.1310521728,-17.090009657,28.06534,True
210,asc,66928.2642896,2042-02-13,382429234.624,0.858329658611,331.11156,0.751520846513,-0.414663984581,5.86360692978e-06,1.82714691298,61.6064267615,12.7256712527,22.32417,True
93,asc,66928.8612571,2042-02-13,382480812.617,0.978601016936,239.03405,-0.50351819423,-0.839124173426,-6.01261854172e-06,1.5375039852,57.3059571806,13.7461474954,22.76523,True
100,asc,66929.760157,2042-02-14,382558477.565,1.14025291791,150.89053,-0.996229656559,0.554710003696,-9.79518517852e-07,0.299929240813,11.5505221543,2.56064620289,5.01801,True
281,asc,66931.4548955,2042-02-16,382704902.974,0.918877039634,21.49671,0.854958676838,0.336720469924,6.70691952109e-06,1.62648016055,45.9130149531,11.4606094647,21.38605,True
286,desc,66932.1214747,2042-02-17,382762495.414,0.939039062276,61.00265,0.455217184465,0.821323124871,3.64705920219e-06,1.21687062573,33.4164370964,-5.92973105129,10.38842,True
54,desc,66933.1949002,2042-02-18,382855239.381,1.50254038139,198.12085,-1.42801830488,-0.467323569498,2.14576721191e-06,1.28311506377,20.6021977088,-6.64861757243,17.99169,True
64,desc,66934.929307,2042-02-19,383005092.123,5.67171786475,199.21585,-5.35572013542,-1.86672048479,-1.6987323761e-06,5.20086726103,32.5655859972,-4.82282548907,44.12226,False
221,desc,66935.6767102,2042-02-20,383069667.761,1.0141147913,105.28603,-0.267359054717,0.978237162343,4.50876541436e-07,0.646415339117,20.5940462129,-1.0517068996,1.67978,True
81,desc,66938.050552,2042-02-23,383274767.697,0.883137983233,310.14228,0.569348379876,-0.675111190666,2.73808836937e-06,1.85450741906,59.9000827215,-7.20238227673,17.0676,True
82,desc,66938.2625808,2042-02-23,383293086.982,1.06993792245,348.05282,1.04676184228,-0.221487704927,1.14738941193e-06,2.01827262612,65.4983042094,-5.55426068525,9.8289,True
167,asc,66940.83198,2042-02-25,383515083.076,3.3802507416,249.00759,-1.2109554747,-3.15589637256,-8.94069671631e-08,3.696123698,40.8142713391,10.5836527493,73.64108,False
21,desc,66941.6746412,2042-02-26,383587888.998,0.902458400332,131.6149,-0.599341266762,0.67470083021,-2.25286930799e-06,0.298207975499,23.6941256241,-4.4333619766,7.13333,True
198,asc,66941.7164424,2042-02-26,383591500.621,0.356829085783,38.83283,0.277962292441,0.223749771936,1.03712081909e-05,1.16113333648,86.0663706263,33.5745236902,34.03784,False
142,asc,66942.2434683,2042-02-27,383637035.662,1.04409208627,34.03403,0.865244647466,0.584362887801,7.45058059692e-09,1.7197849363,42.2300459354,3.03135262074,6.0672,True
173,asc,66942.3941651,2042-02-27,383650055.86,1.72071113497,238.33422,-0.903310383364,-1.46453991455,-1.07102096081e-06,1.96356137266,47.3497660967,2.86421346292,8.2711,False
190,asc,66942.4112334,2042-02-27,383651530.564,1.00185223141,81.65754,0.145358205272,0.991251171875,-1.5557743609e-06,1.1144001987,26.9031099825,2.93695364564,7.36842,True
37,desc,66945.6511307,2042-03-02,383931457.691,0.50779561716,92.66887,-0.0236448559516,0.507244822146,9.70065593719e-06,0.85997557315,46.4178391607,-20.1783295779,24.92726,False
96,desc,66946.2184009,2042-03-03,383980469.837,1.07362202787,312.16563,0.720696788728,-0.795776600214,4.03262674809e-06,2.02729201364,64.9224634721,-6.58043265602,10.84584,True
297,desc,66946.7561701,2042-03-03,384026933.095,0.431221678467,261.11844,-0.0665773561491,-0.42605116081,8.46176408231e-06,1.18948053444,68.4863891218,-21.9274420732,24.30945,False
10,asc,66948.712486,2042-03-05,384195958.793,1.05046659754,356.78899,1.04881738499,-0.0588401690407,-4.74927946925e-06,2.00742717393,61.2489122383,18.3814859786,39.82206,True
294,asc,66949.4432116,2042-03-06,384259093.479,0.59322375123,187.91609,-0.587570819197,-0.0817003760858,-1.22608616948e-06,0.571353499147,31.0315280648,2.75171724974,3.7759,False
75,desc,66950.4996651,2042-03-07,384350371.065,1.13417680611,287.56402,0.342261959915,-1.08130189046,9.59262251854e-07,1.92409174773,62.655316446,-5.42633781836,9.6898,True
232,asc,66951.2327364,2042-03-08,384413708.423,0.992879776329,16.90762,0.949962462532,0.288758670904,5.72204589844e-06,1.87395142605,60.2202995858,29.5262440659,55.01316,True
103,desc,66951.4210186,2042-03-08,384429976.008,0.818163742333,131.92731,-0.546686585342,0.608708211441,7.00820237398e-07,0.45282103317,27.4248792155,-2.62701446312,4.69797,True
97,desc,66953.5828174,2042-03-10,384616755.422,0.958853877614,167.42493,-0.935852493821,0.208760313339,2.38791108131e-06,0.114267976613,18.8158290124,-4.99757969883,8.02751,True
163,asc,66956.2107974,2042-03-13,384843812.893,0.683582396636,165.54034,-0.661929024906,0.170689363984,3.37697565556e-06,0.309671529384,24.976201446,17.3216173055,26.60392,False
49,asc,66956.3651044,2042-03-13,384857145.022,0.199750974798,87.94857,0.00715039746458,0.199622953962,-9.43429768085e-07,0.962819378732,80.2071148108,33.728858895,22.80162,False
5,desc,66958.4828959,2042-03-15,385040122.206,0.745228928478,115.27177,-0.31814744375,0.673905304829,-1.00266188383e-05,0.775904334656,44.922570665,-22.0244984538,37.03321,False
218,asc,66959.2415645,2042-03-16,385105671.177,4.54846438129,173.91597,-4.52284526662,0.482077713719,-2.00793147087e-06,3.56581618472,22.6811164475,3.38355670525,24.23489,False
241,asc,66959.3648733,2042-03-16,385116325.052,0.933305181083,213.02113,-0.782548072762,-0.508603062173,-6.92158937454e-06,0.758396892848,12.8282569252,11.6585388236,31.4187,True
162,asc,66960.6214806,2042-03-17,385224895.926,0.689498332152,96.44687,-0.0774181362909,0.685138221247,7.49714672565e-07,1.01449066817,39.8759660695,11.3078982593,16.72622,False
42,asc,66961.3050843,2042-03-18,385283959.282,1.01903071268,236.20005,-0.566881578555,-0.846799190652,-9.59262251854e-07,1.11803136985,25.7586416318,11.9905356102,25.15147,True
256,asc,66962.2365144,2042-03-19,385364434.846,1.03864715568,358.6164,1.03834432995,-0.0250792039286,4.54485416412e-07,2.02607214772,62.2164020465,4.67938750259,8.6717,True
88,asc,66962.7096993,2042-03-19,385405318.021,3.54796918228,110.80673,-1.26029813595,3.31658467809,-1.48266553879e-06,3.15857063611,33.1995927793,3.07691971457,17.09388,False
127,asc,66963.8357117,2042-03-20,385502605.487,2.18940640751,232.85463,-1.32204978598,-1.74518903866,1.54599547386e-07,1.92672164855,39.6471073025,0.536660967025,2.11568,False
222,asc,66965.513213,2042-03-22,385647541.602,0.875058528711,288.01435,0.270616383945,-0.832162364812,2.59280204773e-06,1.57900741937,50.8199390874,12.136436152,21.61632,True
153,desc,66967.2084307,2042-03-24,385794008.414,0.48110636005,92.10936,-0.0177080631849,0.480780359602,3.43425199389e-08,1.04714058805,64.9206513343,-1.3900964912,1.52282,False
109,asc,66973.0770297,2042-03-30,386301055.366,1.08960927484,325.49909,0.897965736579,-0.617175751093,1.87754631042e-06,1.99033934734,57.8863815318,3.81134462922,8.88522,True
230,desc,66973.6220083,2042-03-30,386348141.519,0.675246903389,267.66314,-0.0275329185229,-0.674685348095,3.13296914101e-06,1.17131209454,41.3341733654,-5.84804357337,8.26679,False
189,asc,66974.1484188,2042-03-31,386393623.384,1.03954970254,73.38514,0.297245623948,0.996146888311,-7.96979293227e-07,1.64904095609,57.3562915205,1.6580653366,3.12476,True
229,asc,66974.6428794,2042-03-31,386436344.779,0.99013462152,39.09556,0.768438803808,0.624394405432,-3.56696546078e-06,1.88407062623,54.3321180463,12.8157788281,24.832,True
287,desc,66975.0107841,2042-04-01,386468131.742,4.46784708947,259.08291,-0.846158099176,-4.38698918235,6.33299350739e-08,4.34862046156,32.2379955365,-1.44895638596,9.76964,False
150,asc,66977.2633095,2042-04-03,386662749.939,3.2294999232,116.19322,-1.42550021372,2.89786454042,4.67523932457e-07,3.00863750395,28.1702122442,1.47881161112,7.35457,False
271,asc,66978.7362671,2042-04-04,386790013.477,2.50485851369,210.87182,-2.1499635939,-1.28529090812,8.49366188049e-07,1.65277046478,17.539531485,3.83314643473,15.73453,False
136,asc,66978.7837933,2042-04-04,386794119.745,1.03627887693,290.33711,0.36015151286,-0.971681428534,-5.8226287365e-06,1.60625797765,48.0228818352,12.3013154574,24.09941,True
258,asc,66980.7540064,2042-04-06,386964346.154,0.94469111897,306.96917,0.568123259649,-0.754769681496,1.24215148389e-07,1.67442172403,58.985375826,1.55234204301,2.34859,True
55,desc,66981.6772146,2042-04-07,387044111.341,2.29036893089,122.02023,-1.21439634569,1.9419143532,1.04308128357e-07,2.10963546695,32.4519969947,-5.90286984603,22.71515,False
16,desc,66983.7501393,2042-04-09,387223212.033,1.00712962515,55.51959,0.570160681789,0.830196891584,3.16277146339e-06,1.85746409562,63.4904702566,-14.0741265466,23.15184,True
257,asc,66984.6387579,2042-04-10,387299988.681,1.00261986646,36.09232,0.810185885763,0.590631380076,1.12317502499e-06,1.95825783951,57.1381069099,9.32602531911,17.74569,True
191,asc,66987.3630319,2042-04-13,387535365.953,1.02278242989,359.93571,1.02278178602,-0.00114763546595,1.49942934513e-07,2.00738162378,60.3645180975,2.04527799682,5.04225,True
27,asc,66987.7324209,2042-04-13,387567281.168,1.04048377536,43.45101,0.755352384101,0.715576175269,-1.77221372724e-05,1.97868492142,54.3928633289,30.2756901912,60.6846,True
240,desc,66988.588884,2042-04-14,387641279.574,1.03341884521,317.21706,0.758459302285,-0.701921645495,6.80983066559e-06,1.77509197944,55.9569956754,-15.4753856757,28.00194,True
123,desc,66990.553203,2042-04-16,387810996.738,1.70360888582,47.75939,1.14524338461,1.2612298862,-2.93366611004e-07,2.61931467599,45.7716872177,-1.59038029451,4.48847,False
81,asc,66991.5756414,2042-04-17,387899335.413,0.378024734515,130.14228,-0.24370797569,0.288979449944,-8.33161175251e-06,0.932954382863,66.5597311787,16.8261406665,17.0676,False
172,desc,66992.5912572,2042-04-18,387987084.625,0.999314732356,296.63182,0.44794842457,-0.893292865318,7.18981027603e-07,1.49870419446,43.5989160802,-9.72660259885,17.25133,True
290,asc,66994.0703283,2042-04-20,388114876.366,1.55122175286,21.40878,1.44418728321,0.566226118753,-4.28408384323e-07,2.55427247292,53.415477128,2.58696773804,7.30064,True
43,asc,66995.7548235,2042-04-21,388260416.752,1.15282412624,135.99028,-0.829136409133,0.800959600164,3.3900141716e-07,1.19353665439,13.2327673533,4.88868943031,11.62102,True
76,asc,66998.2677826,2042-04-24,388477536.42,1.24045185344,213.60445,-1.03314537864,-0.686535816464,8.7171792984e-07,0.286755986858,18.724769166,1.80379599537,4.09944,True
296,desc,67001.6408764,2042-04-27,388768971.723,0.964497486906,217.00648,-0.770216290224,-0.580536190535,-4.03821468353e-06,0.15098737541,13.9946350597,-6.76988469296,18.943,True
253,desc,67002.0256989,2042-04-28,388802220.388,0.972680423501,296.68273,0.436781852047,-0.869096553891,-7.30529427528e-06,1.37140540423,36.1013011504,-19.7274330345,38.24694,True
186,asc,67002.3386651,2042-04-28,388829260.664,1.06766146257,292.44372,0.407607252995,-0.986791429823,-3.79979610443e-07,1.37752108318,45.8970388869,14.6685065693,30.12309,True
155,desc,67002.6188298,2042-04-28,388853466.895,1.36727507377,106.22318,-0.381988744932,1.3128311872,3.34158539772e-06,1.87399440806,37.0431199069,-7.56772797825,19.00837,True
51,desc,67003.3748395,2042-04-29,388918786.135,2.94016464904,133.49561,-2.0237123746,2.13287514598,-4.39584255219e-07,2.88081987823,26.2201294317,-2.19046820736,10.029,False
90,asc,67003.6956707,2042-04-29,388946505.953,0.99241301653,294.79736,0.416228195948,-0.900909365183,3.59863042831e-06,1.34045075739,40.4316669678,12.4468257179,20.05615,True
28,desc,67004.1514349,2042-04-30,388985883.977,1.01080834159,206.93149,-0.901184898193,-0.457820142307,8.12578946352e-08,0.0715315310584,8.79718235751,-3.80671729105,5.87999,True
128,desc,67004.3538647,2042-04-30,389003373.908,0.960298827468,93.62643,-0.0607397584825,0.958375980383,-1.29267573357e-06,1.68176666798,46.6348365978,-4.10171476355,8.54804,True
249,asc,67004.558049,2042-04-30,389021015.432,0.990645992869,311.52793,0.656783496253,-0.741629909211,5.95301389694e-06,1.53127433187,46.7931797153,10.598488721,17.09824,True
25,asc,67004.9999821,2042-04-30,389059198.453,0.976088910962,220.68627,-0.74015902563,-0.636328672056,7.78585672379e-07,0.156256445572,14.6435718777,14.3784228528,24.53703,True
250,asc,67008.6643186,2042-05-04,389375797.131,0.503501498714,299.94859,0.251359396247,-0.436270802513,-1.52457505465e-06,1.08267897562,50.8464775936,3.40349641755,3.77164,False
105,asc,67008.7456427,2042-05-04,389382823.527,1.15925096641,156.83722,-1.06580496846,0.45598527645,7.17490911484e-06,1.06885335956,34.0258475531,16.2062728932,37.1231,True
115,desc,67009.3689425,2042-05-05,389436676.635,2.16169926786,289.438,0.71938460954,-2.03848706354,-1.9371509552e-07,2.10755793967,18.93479869,-0.982665120963,3.69008,False
59,asc,67009.6371306,2042-05-05,389459848.088,1.42234476739,10.62092,1.39797732578,0.262152691967,1.67638063431e-07,2.37084831033,55.9946218926,2.99099946794,7.40973,True
196,asc,67010.2544926,2042-05-06,389513188.159,3.59385954997,84.80995,0.325099216978,3.57912516742,3.40864062309e-07,4.33459480754,38.0963632856,1.69278472357,9.52381,False
299,desc,67010.5577134,2042-05-06,389539386.441,1.0625655439,337.86367,0.984243719779,-0.400387106644,1.60746276379e-06,1.79903283043,56.0098104108,-5.00757311207,11.16926,True
4,desc,67012.7126452,2042-05-08,389725572.547,0.895329019951,85.09881,0.0764947775652,0.892055269012,9.35047864914e-07,1.75431069153,38.0208544282,-6.50210958205,22.31053,True
49,desc,67012.7434115,2042-05-08,389728230.757,1.15710856194,267.94857,-0.041420504385,-1.15636696854,1.51991844177e-06,0.901586686803,7.90916962773,-5.82259319887,22.80162,True
110,desc,67014.5462034,2042-05-10,389883991.973,1.10832848117,12.31083,1.08284278933,0.236312326715,-4.81307506561e-06,2.05099442116,57.836298649,-7.68295620249,13.85069,True
276,asc,67015.1544327,2042-05-11,389936542.987,0.983000352447,0.07695,0.982999465912,0.00132019941131,8.26083123684e-07,1.86228828268,61.201262039,4.38416707233,6.73598,True
215,asc,67016.849705,2042-05-12,390083014.512,1.69672636046,75.47581,0.425519847336,1.64250211622,-3.26428562403e-07,2.60731156137,43.6412916888,0.703009006229,2.13279,False
14,asc,67017.350303,2042-05-13,390126266.177,0.960929619818,226.433,-0.662274939023,-0.696259749939,-4.07919287682e-07,0.0665224855176,13.0146047305,5.70989338323,8.85374,True
44,asc,67019.2103251,2042-05-15,390286972.09,0.995912089171,203.55397,-0.912936741525,-0.397979139316,3.35648655891e-06,0.383748813442,11.1109499994,7.22742360585,20.2845,True
291,asc,67022.7445791,2042-05-18,390592331.634,0.975006866704,158.02876,-0.904193847675,0.364790180715,1.08499079943e-07,1.15336744286,48.1673360024,2.15011343638,3.57805,True
266,asc,67025.9424303,2042-05-21,390868625.976,1.13297687933,6.10124,1.12655929509,0.120419117045,-2.28174030781e-07,1.97490742585,61.596074531,2.91881032731,5.70303,True
60,desc,67026.111193,2042-05-22,390883207.077,0.202180935107,64.89558,0.0857791598235,0.183082129823,2.53831967711e-06,1.20990749546,109.433073862,-53.7564725967,38.87863,False
294,desc,67028.6651792,2042-05-24,391103871.482,0.832012706109,7.91609,0.8240843127,0.114587035425,-9.85339283943e-07,1.69427423444,51.3314876986,-1.96197007237,3.7759,True
284,asc,67029.1841869,2042-05-25,391148713.747,1.27762944082,271.37599,0.0306800320498,-1.2772610241,-4.50236257166e-08,0.754201653935,34.3066119868,0.824609132358,1.79833,True
124,desc,67029.2235409,2042-05-25,391152113.935,1.03640075796,296.62205,0.464414460419,-0.926523469778,-2.36928462982e-06,1.04587454423,27.9054166041,-9.78273170055,16.18609,True
183,desc,67030.9548743,2042-05-26,391301701.139,0.967442388613,142.74951,-0.770081070637,0.585593647447,-5.03845512867e-07,1.45058764653,47.698037537,-11.2496982245,21.47,True
263,asc,67032.3827035,2042-05-28,391425065.581,2.37699735755,144.35835,-1.93173199387,1.38510936091,3.11061739922e-07,2.64697668627,36.7053589357,1.18164732105,4.64461,False
24,desc,67032.7154756,2042-05-28,391453817.091,1.3701429057,274.35212,0.103974391469,-1.36619211971,9.03010368347e-06,0.806544690571,27.0349217598,-21.1750263975,64.00427,True
281,desc,67032.9186786,2042-05-28,391471373.83,0.962405031711,201.49671,-0.895458801345,-0.352671206872,-6.52717426419e-06,0.633682551934,34.5196911876,-10.9422650031,21.38605,True
120,asc,67034.5179288,2042-05-30,391609549.046,0.954077934995,261.43576,-0.142079570738,-0.943439506075,2.2891908884e-06,0.365054575111,26.9149666624,4.86161992288,7.77266,True
56,asc,67035.0498925,2042-05-31,391655510.713,0.983285522422,117.85066,-0.459360111175,0.86938984746,6.19143247604e-06,1.75505722464,50.5265450283,18.3164467442,33.46935,True
163,desc,67037.1800259,2042-06-02,391839554.235,0.930264172066,345.54034,0.900796830567,-0.23228538454,-7.81938433647e-06,1.51900162731,36.8446256102,-12.7283765482,26.60392,True
226,asc,67038.4390803,2042-06-03,391948336.541,0.967604659562,150.72865,-0.844054967774,0.473106741214,-1.33514404297e-05,1.4424149815,44.4250220164,22.3575057632,45.86726,True
45,asc,67039.0638452,2042-06-04,392002316.226,1.63160233968,164.09288,-1.56912381209,0.44718749665,3.68058681488e-06,1.77500548257,25.5067836465,12.4458236696,37.98278,False
190,desc,67039.694711,2042-06-04,392056823.034,0.421484168585,261.65754,-0.0611529129497,-0.41702425062,-7.28759914637e-07,0.621711825657,27.3036181777,-6.98102985294,7.36842,False
164,asc,67040.9632477,2042-06-05,392166424.602,0.784190191481,243.71849,-0.347225192665,-0.703127955634,-7.78120011091e-07,0.234781491709,20.2323720507,4.58191231107,7.30927,False
255,desc,67043.7269102,2042-06-08,392405205.044,1.36051847046,119.46913,-0.669313259628,1.1844957868,4.19095158577e-07,2.15553830227,48.0089538061,-0.724964868357,1.97262,True
142,desc,67043.7986619,2042-06-08,392411404.386,0.97952871162,214.03403,-0.811740636592,-0.548227722568,1.00315082818e-06,0.603985360563,35.8280136509,-3.23115723353,6.0672,True
213,desc,67044.256753,2042-06-09,392450983.463,0.972606974141,213.49564,-0.811084013707,-0.536756042218,1.04308128357e-05,0.618417271431,29.4512781492,-28.6363507856,59.33202,True
79,asc,67044.7583836,2042-06-09,392494324.339,1.58516123012,264.506,-0.151765736659,-1.57787936379,-6.67758285999e-07,0.652007248722,10.8983629833,3.29404251431,9.02376,True
83,desc,67045.6274827,2042-06-10,392569414.504,0.314292058936,335.74474,0.286547718105,-0.129111980694,7.31274485588e-06,1.03551678241,72.7962129453,-29.0632826163,26.45905,False
4,asc,67047.0172117,2042-06-12,392689487.09,0.155569080425,265.09881,-0.013291451453,-0.155000245492,-1.11386179924e-06,0.86491417947,77.0505464564,37.4208511345,22.31053,False
73,desc,67047.3988708,2042-06-12,392722462.435,1.24882433078,1.16134,1.24856780561,0.0253109453256,-2.87254806608e-07,1.84307189862,37.8953739329,-1.23469234415,2.66375,True
261,desc,67047.4999853,2042-06-12,392731198.731,1.4335818743,211.55547,-1.22160373667,-0.750227499404,-4.842877388e-07,0.946432964307,25.9839418722,-8.88001405971,23.24895,True
191,desc,67048.8372112,2042-06-13,392846735.051,0.464185077112,179.93571,-0.464184784896,0.000520849050343,6.27711415291e-07,0.994834042287,67.1301949189,-4.50655245617,5.04225,False
297,asc,67049.0407897,2042-06-14,392864324.226,0.9578518783,81.11844,0.147885064281,0.946366857263,-9.0291723609e-07,1.97052473577,52.090199564,9.87166031563,24.30945,True
102,asc,67049.4370946,2042-06-14,392898564.975,1.12161431679,161.20276,-1.06179277371,0.361406670287,4.85777854919e-06,1.55766704162,37.0471749457,12.077355412,26.06566,True
118,desc,67050.0022396,2042-06-15,392947393.506,0.946791056796,82.94888,0.116223200482,0.939630498067,1.73039734364e-05,1.958623224,53.7396167168,-33.2229044587,68.42022,True
154,asc,67053.2914155,2042-06-18,393231578.302,1.02695533078,58.61606,0.534807898537,0.876708482378,-3.30060720444e-06,2.0137346496,63.8831400901,5.98962914627,9.93722,True
214,asc,67053.9240631,2042-06-18,393286239.055,1.12880374969,159.69,-1.05862417908,0.391807035137,-1.0133953765e-06,1.63563526014,35.1047843856,6.65467850796,13.7949,True
33,asc,67055.8710167,2042-06-20,393454455.842,1.05673095489,315.60707,0.7550966239,-0.739262740569,-6.25103712082e-06,0.956026373695,41.0311282904,15.026843893,27.12971,True
117,desc,67056.5607618,2042-06-21,393514049.821,0.886531582092,98.65037,-0.133338360061,0.87644687676,1.08778476715e-06,1.88231591103,60.5075962931,-10.3505747992,18.68411,True
39,desc,67057.1222286,2042-06-22,393562560.55,0.940322296148,72.04419,0.289885744907,0.894523490766,4.24683094025e-06,1.95031020205,60.7640184425,-29.1859837667,52.36973,True
168,desc,67057.6052193,2042-06-22,393604290.946,2.0793219596,183.07513,-2.07632783972,-0.111546016035,-8.86619091034e-07,2.13884714258,35.1934766122,-6.74027212676,23.65377,False
11,desc,67058.2903294,2042-06-23,393663484.464,0.963804249473,167.89802,-0.942384656389,0.202063828292,-5.52460551262e-06,1.46291627498,52.3408179849,-24.2879650984,39.51172,True
57,desc,67058.6362283,2042-06-23,393693370.124,1.01208037462,351.12615,0.999966150294,-0.15612297385,1.20140612125e-06,1.40658524154,44.7201726894,-27.8206397933,55.89453,True
285,desc,67058.6695112,2042-06-23,393696245.77,1.04441819683,13.47036,1.0156868321,0.24328918792,-1.37835741043e-05,1.68964634335,46.6019019251,-19.4190972186,35.13666,True
67,desc,67062.2023824,2042-06-27,394001485.837,1.15800401988,279.34195,0.187974530574,-1.14264556443,-1.93249434233e-07,0.275931120563,16.0529996539,-0.744393050648,1.43938,True
283,desc,67062.5934366,2042-06-27,394035272.922,1.05195123121,291.95181,0.393247384342,-0.975683292651,-3.18512320518e-07,0.445776627142,9.42640436409,-4.62719136278,8.07603,True
148,desc,67064.9471117,2042-06-29,394238630.447,3.15883829985,228.48253,-2.09383085215,-2.36519169776,-1.40815973282e-06,2.48068136324,15.1463658722,-1.98654946961,9.87177,False
89,desc,67065.1933814,2042-06-30,394259908.151,0.93669075282,188.869,-0.925491141955,-0.144415070478,3.91900539398e-06,1.26776498863,36.0738491539,-8.87722380854,15.31841,True
50,asc,67068.002391,2042-07-03,394502606.586,1.11506915967,284.1074,0.271787261345,-1.08143927958,-1.23679637909e-06,0.239768843685,18.4670873123,5.78853882854,10.61149,True
109,desc,67068.0725084,2042-07-03,394508664.729,0.650819028605,145.49909,-0.536351150727,0.368636475553,3.34717333317e-06,1.50175362053,69.3753140982,-6.38100036272,8.88522,False
112,desc,67071.2748498,2042-07-06,394785347.021,0.999106012836,180.98343,-0.998958845118,-0.0171479049771,1.62832438946e-05,1.48057001439,46.7293260232,-26.9632522409,62.10129,True
65,desc,67073.4133368,2042-07-08,394970112.298,0.751380810236,276.9752,0.0912474727168,-0.745819697188,6.36326149106e-07,0.267122557142,20.0095036096,-3.19493804308,5.05883,False
61,desc,67074.2605076,2042-07-09,395043307.859,2.56357783516,357.7231,2.56155387478,-0.101848237743,-1.54599547386e-07,2.57987854976,42.6138965683,-1.00437743035,4.44104,False
210,desc,67077.3283059,2042-07-12,395308365.63,1.0197680676,151.11156,-0.892870185389,0.492655806562,-3.61725687981e-06,1.84764499547,52.5635369968,-10.7110836365,22.32417,True
43,desc,67078.1297448,2042-07-13,395377609.948,0.714685247381,315.99028,0.51401731295,-0.496549297465,1.82259827852e-06,0.584960901283,17.4703274646,-7.88570792752,11.62102,False
129,asc,67078.7419735,2042-07-13,395430506.514,1.12295718965,80.21035,0.190938085008,1.10660539375,-8.55326652527e-06,2.10116004074,62.3976965106,15.6603200214,35.60472,True
286,asc,67079.2633463,2042-07-14,395475553.122,1.25668003261,241.00265,-0.609199733215,-1.0991452995,-2.27242708206e-07,0.845047921997,29.308997656,4.43092031501,10.38842,True
204,desc,67080.0592681,2042-07-15,395544320.761,4.6202724951,160.1136,-4.34476053914,1.5716150249,1.49011611938e-07,5.25338920995,30.3613594641,-1.43660841848,10.00804,False
72,desc,67084.0515549,2042-07-19,395889254.339,1.18000668914,15.43379,1.13745402628,0.314028859367,2.46334820986e-07,1.53001162413,57.6387959799,-0.832258053641,1.97391,True
44,desc,67085.0760311,2042-07-20,395977769.09,0.321353249283,23.55397,0.294579402608,0.128416846182,-1.43153592944e-05,1.09446315626,68.7797773601,-22.3986487104,20.2845,False
296,asc,67085.1616899,2042-07-20,395985170.01,0.298621849126,37.00648,0.238469685962,0.179742086481,1.70222483575e-06,1.14820029545,80.0827144657,21.8655694221,18.943,False
66,asc,67085.9031708,2042-07-20,396049233.959,1.42160351902,116.51175,-0.634577274459,1.2721117278,3.93763184547e-06,2.43531216051,50.6324032069,14.4292109042,38.56598,True
35,asc,67085.9369249,2042-07-20,396052150.312,1.02047449808,38.30847,0.800750766613,0.632587077797,-1.10089313239e-05,1.65953685521,51.7008353618,20.450003257,44.05781,True
37,asc,67086.5310605,2042-07-21,396103483.626,0.968429042528,272.66887,0.0450936645301,-0.967378608318,-9.64850187302e-07,0.301801063889,12.3731401826,10.5805039619,24.92726,True
246,asc,67088.334778,2042-07-23,396259324.815,0.95146927941,194.24203,-0.922226005196,-0.234079014442,3.43099236488e-06,1.4802353488,55.802271644,6.19587130671,9.59103,True
242,desc,67088.5225492,2042-07-23,396275548.255,2.00417134187,97.35076,-0.256420308873,1.98770002585,-1.49011611938e-07,3.0010326347,45.5094655002,-0.575769049884,1.91954,False
68,desc,67090.7101138,2042-07-25,396464553.83,0.986755910689,319.30103,0.748105104664,-0.64344850583,3.67686152458e-06,0.442209036479,16.834225054,-7.66099793498,13.91996,True
227,desc,67091.6346992,2042-07-26,396544438.008,1.00021923102,170.18774,-0.98558747893,0.170457711681,-4.62681055069e-06,1.7868145935,59.495337375,-14.4496911373,25.31356,True
288,asc,67093.7734828,2042-07-28,396729228.914,0.997348247071,83.16315,0.11872690185,0.990256254064,1.91107392311e-06,1.92917510089,59.4485608691,5.49134655979,9.33904,True
69,asc,67094.6915932,2042-07-29,396808553.654,3.6946659722,226.5645,-2.54022162259,-2.68287732747,-5.86733222008e-07,3.50008398581,28.0691300145,1.10851134461,6.24493,False
60,asc,67095.9412675,2042-07-30,396916525.51,1.02936763287,244.89558,-0.436729064741,-0.932129522985,6.38142228127e-06,0.928831952621,33.4441690398,10.5584570085,38.87863,True
162,desc,67096.1512759,2042-07-31,396934670.236,1.03395903928,276.44687,0.116094815736,-1.02742069702,5.30853867531e-07,0.402505812469,15.4366941181,-7.5407019947,16.72622,True
169,desc,67097.5390485,2042-08-01,397054573.789,1.09244625773,221.67682,-0.815956031924,-0.726398361782,-1.52736902237e-07,1.33918943615,32.45706421,-7.37746671829,12.81196,True
277,asc,67098.1799556,2042-08-02,397109948.16,0.960311364172,58.22184,0.505730497667,0.816354445009,7.26082362235e-07,1.68884686118,55.1446450771,24.3692200031,40.35278,True
40,desc,67098.8181608,2042-08-02,397165089.094,2.80305964086,67.76284,1.06079323724,2.594583022,9.57399606705e-07,3.50131328507,44.0497661786,-2.13002799811,9.28064,False
231,asc,67099.2315492,2042-08-03,397200805.847,1.36553721031,358.77697,1.36522612034,-0.0291464076842,-8.67992639542e-07,1.17386032184,38.6472364793,7.71237386035,19.07078,True
38,asc,67108.5001263,2042-08-12,398001610.912,0.982839360211,78.7561,0.191639818703,0.963974785908,-2.75857746601e-06,1.7964708992,62.8041374194,5.99022694941,9.53681,True
299,asc,67109.9364797,2042-08-13,398125711.843,0.709026847822,157.86367,-0.656764400208,0.267169596983,-3.30992043018e-06,1.6835200865,69.7220395758,7.5044755552,11.16926,False
179,asc,67110.8125786,2042-08-14,398201406.794,0.894376426703,40.072,0.68440911775,0.575754593714,-4.6081840992e-06,1.31853151544,61.5803976345,15.0830107137,34.254,True
238,desc,67112.9606309,2042-08-16,398386998.513,0.945692883776,233.30016,-0.565167731271,-0.758235099395,-1.37649476528e-06,1.28510244009,48.7791166693,-6.8376475451,10.90394,True
95,desc,67114.8590135,2042-08-18,398551018.769,0.21347320718,8.12971,0.211327900089,0.030188223334,4.65428456664e-06,0.897343630288,83.5204299942,-14.2326970663,9.90138,False
104,asc,67116.2103271,2042-08-20,398667772.26,1.41485729888,68.67554,0.514511361748,1.31799060498,-8.34465026855e-07,2.00944660392,49.9449657933,9.70027179905,24.75984,True
83,asc,67120.3552858,2042-08-24,399025896.692,0.961756022516,155.74474,-0.876856369071,0.395091830928,2.70083546638e-06,1.96234657251,50.5237573583,9.49758433433,26.45905,True
134,asc,67120.6778884,2042-08-24,399053769.559,1.62205621441,344.3211,1.56170166597,-0.438354045515,1.31130218506e-06,0.778304241986,17.7755923142,12.6826661276,38.14572,False
273,desc,67121.4977861,2042-08-25,399124608.715,1.07044645389,54.38229,0.62340047217,0.870188176172,2.33948230743e-06,1.48907890314,48.1264543234,-4.83636255101,10.31047,True
128,asc,67121.6852263,2042-08-25,399140803.554,0.673285881758,273.62643,0.0425859333342,-0.671937732871,-3.30712646246e-06,0.774930558393,33.8233790842,5.85022200045,8.54804,False
173,desc,67121.7922399,2042-08-25,399150049.527,1.07469421748,58.33422,0.564175140068,0.914698897129,2.39163637161e-06,1.53815638723,37.6930555487,-4.58594074335,8.2711,True
269,desc,67123.9659023,2042-08-27,399337853.959,1.09237407123,284.47484,0.273044188652,-1.05769938193,-1.49384140968e-06,0.743709272824,14.5531602447,-6.27187308188,13.47265,True
259,asc,67126.2388642,2042-08-30,399534237.864,1.49068794209,14.76716,1.44144998666,0.379963783366,-9.22940671444e-07,1.08963686486,40.3320664457,3.21890244914,8.34621,True
229,desc,67127.9551279,2042-08-31,399682523.053,1.07136512009,219.09556,-0.831481410134,-0.675619630523,1.97067856789e-06,1.71133722579,50.4043174924,-11.84409132,24.832,True
272,desc,67128.0065899,2042-09-01,399686969.371,0.377079538072,199.28184,-0.355927510748,-0.124517408924,1.61759089679e-06,1.28893715435,81.6647314997,-2.81705187478,2.63724,False
164,desc,67128.0224011,2042-09-01,399688335.451,1.05344870162,63.71849,0.46644797698,0.944553043363,1.28522515297e-06,1.51398991301,30.1446046209,-3.41078847696,7.30927,True
22,desc,67128.3782479,2042-09-01,399719080.622,1.4621339193,95.31036,-0.135321413917,1.455858411,-6.45220279694e-06,2.20943236037,55.7095677861,-12.8429571761,34.88704,True
26,asc,67129.3033785,2042-09-02,399799011.898,0.351985044212,161.99674,-0.334751480664,0.108788407204,1.04643404484e-05,1.35955977523,89.1137436064,19.7756101381,19.2213,False
70,desc,67130.4039519,2042-09-03,399894101.442,0.941733864156,126.75571,-0.563537734266,0.754511691729,2.90502794087e-06,1.90765557872,65.3781704638,-5.40557219841,8.18219,True
76,desc,67130.9868567,2042-09-03,399944464.422,0.995075052713,33.60445,0.828776376336,0.550730495396,-4.39584255219e-07,1.0225092224,20.9659864874,-2.24859630394,4.09944,True
141,desc,67134.729694,2042-09-07,400267845.563,1.54092781179,127.34369,-0.934718797627,1.22505481123,3.72529029846e-09,2.47651645309,50.0219999951,-0.980504112819,3.20528,True
257,desc,67136.6843778,2042-09-09,400436730.243,1.12635233597,216.09232,-0.910170240515,-0.663520699023,6.42612576485e-07,1.86794235685,53.2611698373,-8.30153936865,17.74569,True
71,desc,67138.9038918,2042-09-11,400628496.255,0.943653171143,39.36124,0.729597514112,0.59847203344,1.210719347e-06,0.969318170328,27.6531930352,-10.1215370961,16.69512,True
228,desc,67140.8264671,2042-09-13,400794606.759,0.922043696021,140.05713,-0.706917061839,0.591973686116,-1.5776604414e-06,1.89709461858,65.3747690833,-4.46359775662,7.15733,True
289,desc,67142.7235069,2042-09-15,400958510.995,1.22378564461,8.72262,1.20963145364,0.185588389468,-9.75036527961e-07,0.52730816491,28.7083724475,-2.71556350088,5.82974,True
209,asc,67143.4044414,2042-09-16,401017343.735,2.25922083698,50.12548,1.44840546106,1.73383978805,4.842877388e-08,2.06194702693,33.5394907595,2.91803999648,10.99257,False
94,asc,67146.9650358,2042-09-19,401324979.091,4.44953752053,93.21843,-0.249808893221,4.44251951751,-9.59262251854e-07,4.81667396382,33.0125709535,3.65278412953,24.8525,False
98,desc,67147.4100764,2042-09-20,401363430.605,1.21233878376,131.66594,-0.805946325021,0.905657687972,-9.64850187302e-07,2.10930100653,58.6261833369,-2.30025447,5.52413,True
235,asc,67150.6951202,2042-09-23,401647258.389,1.384278013,16.51692,1.3271569167,0.393548136507,-9.89064574242e-07,0.636752081629,37.1260216608,2.73820759632,9.20708,True
15,asc,67152.1521015,2042-09-25,401773141.57,4.2697288009,133.6246,-2.94581571689,3.09075294959,-2.23517417908e-07,5.08971367694,38.5442455355,2.11257007771,13.83947,False
65,asc,67153.8113123,2042-09-26,401916497.383,0.940761703778,96.9752,-0.114245834774,0.933798946525,-5.23868948221e-07,1.5192641301,36.3446039118,2.55177812386,5.05883,True
95,asc,67156.705015,2042-09-29,402166513.293,1.00148260841,188.12971,-0.991418170955,-0.141624239628,1.03563070297e-06,1.99792086391,58.5931025077,3.03380154987,9.90138,True
97,asc,67156.7127829,2042-09-29,402167184.446,2.15554392783,347.42493,2.10383584767,-0.469301982601,-1.16601586342e-06,1.17758013209,23.3269390308,2.22308096395,8.02751,False
127,desc,67156.766466,2042-09-29,402171822.664,0.772321299639,52.85463,0.466358007079,0.615621961198,-5.95580786467e-07,0.853362812253,26.480763509,-1.52134734652,2.11568,False
186,desc,67156.8962231,2042-09-29,402183033.675,1.12950453834,112.44372,-0.431217439477,1.04395020093,-1.37649476528e-06,1.80163742847,43.0595940777,-13.8653707408,30.12309,True
140,desc,67156.9449752,2042-09-29,402187245.854,1.12235099942,272.64957,0.0518831891639,-1.12115114975,-2.40467488766e-06,1.43809346973,32.3023408446,-7.67897682212,14.10845,True
297,desc,67158.392197,2042-10-01,402312285.819,0.431221678467,261.11844,-0.0665773561491,-0.42605116081,6.17606565356e-06,1.14607755876,64.0440898292,-21.9274420732,24.30945,False
274,desc,67159.0216166,2042-10-02,402366667.676,2.39046392753,128.19497,-1.47811803676,1.87869232665,1.09151005745e-06,3.11847517914,36.1953031119,-2.34794819499,9.1404,False
179,desc,67164.073052,2042-10-07,402803111.697,0.507406699425,220.072,-0.388285917568,-0.326642931715,-5.10737299919e-06,1.4463261504,81.5395084088,-26.5859501685,34.254,False
190,asc,67164.9564029,2042-10-07,402879433.206,1.00185223141,81.65754,0.145358205272,0.991251171875,-1.23353675008e-06,1.23870596559,35.7487618992,2.93695364564,7.36842,True
123,asc,67165.1242838,2042-10-08,402893938.124,1.11948456698,227.75939,-0.752568447595,-0.828786116799,1.20606273413e-06,1.98020530045,63.0676319557,2.42020844366,4.48847,True
59,desc,67165.1875958,2042-10-08,402899408.281,1.07828574465,190.62092,-1.05981268136,-0.198739094172,1.72108411789e-06,2.07919707476,61.9552942562,-3.94536648897,7.40973,True
222,desc,67166.4104414,2042-10-09,403005062.137,1.0079617149,108.01435,-0.311717382885,0.958550516096,-4.28408384323e-06,1.55416627904,47.3510898815,-10.5362056971,21.61632,True
72,asc,67168.6567536,2042-10-11,403199143.51,0.748995988219,195.43379,-0.72198616356,-0.199326290279,-2.39349901676e-07,1.74816016087,72.6423897784,1.31118201677,1.97391,False
170,desc,67168.7882063,2042-10-11,403210501.021,0.826010119371,315.03605,0.584444737429,-0.583709744817,3.59024852514e-07,0.845350947852,36.5622784462,-2.46411483751,3.58083,True
215,desc,67168.8821281,2042-10-11,403218615.865,0.878932068095,255.47581,-0.220426256201,-0.850843020717,-1.5227124095e-07,1.57621021293,64.4300064218,-1.35711729701,2.13279,True
129,desc,67169.6441637,2042-10-12,403284455.744,0.948731550069,260.21035,-0.161314239782,-0.934916718291,-1.03348866105e-05,1.59525028397,66.2408535776,-18.5361907264,35.60472,True
36,desc,67171.1209727,2042-10-14,403412052.046,1.17278595475,250.17634,-0.397722706095,-1.10328760744,-1.9408762455e-06,1.89597087543,38.6902085323,-18.910311708,46.75042,True
284,desc,67171.9385466,2042-10-14,403482690.424,1.26341678431,91.37599,-0.0303387400107,1.26305246595,3.04309651256e-07,1.45714554834,24.0571900339,-0.83388547449,1.79833,True
93,desc,67172.639027,2042-10-15,403543211.935,2.24080122216,59.03405,1.15295627685,1.92142705844,-3.1590461731e-06,1.70752581834,14.7110892349,-6.00320714973,22.76523,False
266,desc,67173.7753345,2042-10-16,403641388.9,1.38988411057,186.10124,-1.38201131235,-0.147724653913,-1.31223350763e-06,2.38469970668,54.3066588022,-2.37929521666,5.70303,True
298,desc,67178.0028764,2042-10-21,404006648.517,1.38817749185,318.73493,1.04344632178,-0.915563499953,-2.86847352982e-06,1.23079749005,22.6768018686,-11.5794634644,29.79622,True
239,asc,67178.0614879,2042-10-21,404011712.551,0.375111652701,208.83489,-0.328602742704,-0.180911551538,-1.90977007151e-05,1.36950148254,85.5625447795,34.8824222799,36.24349,False
136,desc,67178.5703281,2042-10-21,404055676.347,1.16905146814,110.33711,-0.406295703052,1.09617751155,-5.94556331635e-06,1.55877448575,39.2764324507,-10.9042191164,24.09941,True
213,asc,67179.8227533,2042-10-22,404163885.883,1.50603078883,33.49564,1.25592097265,0.831138524774,8.57561826706e-06,0.583900903442,28.0675493998,18.4935890385,59.33202,True
214,desc,67180.1455362,2042-10-23,404191774.324,1.1088130104,339.69,1.03987629666,-0.384868262749,1.55181623995e-06,0.73840956052,35.9868882096,-6.77465540382,13.7949,True
155,asc,67181.2414505,2042-10-24,404286461.321,0.974045835208,286.22318,0.272128522809,-0.935260047346,-4.91365790367e-06,1.45588991461,50.6241720531,10.6228736428,19.00837,True
26,desc,67181.6798331,2042-10-24,404324337.577,0.886596595788,341.99674,0.843187879918,-0.274021391176,-3.42354178429e-06,0.650167177571,40.2680070215,-7.85105542005,19.2213,True
75,asc,67181.9462001,2042-10-24,404347351.687,2.24550543148,107.56402,-0.67762899562,2.14082077417,2.02283263206e-06,2.38446512232,21.7342521538,2.74077559974,9.6898,False
280,desc,67182.608453,2042-10-25,404404570.339,1.9976105856,344.91856,1.9288068168,-0.519761786953,2.96533107758e-06,1.35527276531,21.1404683486,-10.0949491123,36.78219,False
275,asc,67184.183407,2042-10-27,404540646.367,2.04004541991,344.4869,1.96572519259,-0.545627879136,-1.81049108505e-06,1.42493691702,11.7105130926,6.77045192571,23.29362,False
37,desc,67184.4409859,2042-10-27,404562901.183,0.50779561716,92.66887,-0.0236448559519,0.507244822146,-7.71880149841e-06,0.935313817484,43.9370095329,-20.1783295779,24.92726,False
296,desc,67186.5661897,2042-10-29,404746518.791,0.964497486906,217.00648,-0.770216290224,-0.580536190535,1.21910125017e-06,1.95302378453,49.7316917631,-6.76988469296,18.943,True
197,desc,67190.4170145,2042-11-02,405079230.048,2.26520467047,172.06267,-2.24350333826,0.312801806795,7.67409801483e-07,3.10727265962,45.360958041,-1.54122600037,5.8333,False
78,asc,67191.6719656,2042-11-03,405187657.827,1.77811745868,279.53942,0.29468054273,-1.75352931957,-7.59959220886e-07,2.34272436808,35.330221657,11.2524632759,36.0152,False
20,asc,67192.9379903,2042-11-04,405297042.358,2.53649301531,168.07244,-2.48172933228,0.524229280017,5.8114528656e-07,3.31605432905,44.9404068083,1.32463895486,5.31181,False
175,desc,67194.4998044,2042-11-06,405431983.099,2.57691493492,300.97348,1.32618677522,-2.20946129612,1.17719173431e-06,2.81932386929,36.2501872729,-3.1747502084,13.20499,False
103,asc,67197.0552047,2042-11-09,405652769.683,0.738472615075,311.92731,0.493437989751,-0.549418559466,1.75787135959e-06,1.18698915155,37.2467713547,2.91050465573,4.69797,False
293,desc,67197.4235099,2042-11-09,405684591.257,0.978457343952,231.88447,-0.603951964766,-0.769818678773,-3.4598633647e-07,1.9562954492,51.7524447698,-0.788259988864,2.35416,True
2,desc,67199.6826423,2042-11-11,405879780.297,0.875845731894,114.34257,-0.361016083176,0.79798066002,2.60956585407e-06,1.1364096106,52.0098496947,-4.289030879,6.66957,True
294,asc,67201.6777098,2042-11-13,406052154.128,0.59322375123,187.91609,-0.587570819196,-0.0817003760858,-3.44589352608e-07,1.52142763727,71.9288462224,2.75171724974,3.7759,False
166,asc,67201.8786985,2042-11-13,406069519.553,1.00985785429,76.38375,0.237738481384,0.981475063536,-8.40425491333e-06,0.593267214804,27.6037929203,13.3377039274,20.77419,True
203,asc,67203.8551833,2042-11-15,406240287.835,0.830163828646,197.06965,-0.793593979686,-0.243681303752,5.5693089962e-07,1.77253390554,69.8950768597,3.36743921846,4.84751,True
102,desc,67209.2082178,2042-11-21,406702790.014,1.02535859846,341.20276,0.970670875014,-0.330391143706,-5.73694705963e-06,1.12864052712,39.969455859,-13.2111192702,26.06566,True
106,desc,67211.7325309,2042-11-23,406920890.666,1.04971497093,10.01269,1.03372704444,0.182510048471,8.32229852676e-06,0.729778795278,26.3732207607,-20.8974635197,40.78349,True
178,desc,67211.8062467,2042-11-23,406927259.717,0.774787458275,282.72819,0.170705936845,-0.755748032499,2.80002132058e-06,1.59637307065,54.2727254373,-7.54855379973,12.37568,False
60,desc,67214.1709518,2042-11-26,407131570.232,0.202180935107,64.89558,0.0857791598235,0.183082129823,-2.39722430706e-06,0.791342699267,66.5170400929,-53.7564725967,38.87863,False
187,asc,67216.1073046,2042-11-28,407298871.115,4.12494675298,80.57269,0.675650573302,4.06923604842,-5.28991222382e-07,3.24981038192,20.9259359291,2.15363664262,13.3569,False
245,asc,67219.4480326,2042-12-01,407587510.016,1.6330373788,298.62405,0.78232345922,-1.43345076153,-1.43051147461e-06,2.30297142086,38.193787977,2.78482319016,7.7007,False
135,asc,67219.706416,2042-12-01,407609834.341,1.01389448431,34.00167,0.840540096482,0.566987099955,1.09151005745e-06,0.448571471296,8.96819615075,4.22532148987,8.74062,True
9,desc,67219.8179377,2042-12-01,407619469.819,1.15289665413,157.13487,-1.06230440351,0.447973268621,2.22492963076e-06,1.60914953678,49.8179500809,-6.26603487675,13.33676,True
35,desc,67221.2206427,2042-12-03,407740663.531,1.00999867392,218.30847,-0.792530547253,-0.626093166383,9.88761894405e-06,1.95729396552,53.2643765356,-20.6621130782,44.05781,True
45,desc,67224.054322,2042-12-06,407985493.419,0.983536260425,344.09288,0.945873960071,-0.269566368881,7.34627246857e-06,1.26881319357,49.3369255109,-20.6465545151,37.98278,True
122,desc,67225.1030212,2042-12-07,408076101.028,1.03181350134,344.87309,0.996061342786,-0.269259917098,-1.89617276192e-06,1.3040029229,47.1867611971,-6.14589174521,10.06177,True
107,desc,67225.8009465,2042-12-07,408136401.778,0.904611458586,38.89189,0.704088069771,0.567962922216,-4.48897480965e-07,0.450735118107,14.6201866337,-4.31963493407,6.62299,True
235,desc,67228.1981265,2042-12-10,408343518.131,0.409986013895,196.51692,-0.393068277455,-0.11655840102,2.50525772572e-07,1.28050888048,75.9936724515,-9.24529238112,9.20708,False
66,desc,67230.4235608,2042-12-12,408535795.651,1.0690828208,296.51175,0.477218615118,-0.956661105673,2.59280204773e-06,1.89333021033,61.3808555715,-19.1871168435,38.56598,True
56,desc,67231.2781244,2042-12-13,408609629.951,1.54652820091,297.85066,0.722489399167,-1.36739114532,-2.4288892746e-06,2.33905159435,49.3099073857,-11.645631095,33.46935,True
8,asc,67231.9896882,2042-12-13,408671109.062,0.984359192853,310.13923,0.634564412045,-0.752523107632,2.53692269325e-06,1.72437205503,54.8989889625,24.0950622004,42.03945,True
120,desc,67233.5582676,2042-12-15,408806634.32,2.17267728845,81.43576,0.323551195529,2.14845088927,-1.18836760521e-06,1.20270867868,17.9173599892,-2.13486113258,7.77266,False
89,asc,67234.430342,2042-12-16,408881981.548,1.38246902593,8.869,1.36593943484,0.213143303926,3.12924385071e-07,1.33032105337,36.9312665903,6.01475569882,15.31841,True
30,desc,67235.9136006,2042-12-17,409010135.089,1.19478123099,215.50297,-0.972653975199,-0.693863411958,1.83936208487e-06,2.04470756594,59.7065112527,-2.77079219232,6.35218,True
121,desc,67236.7026621,2042-12-18,409078310.01,3.41667187639,95.18421,-0.308724059294,3.40269542659,-2.23517417908e-08,2.49920280784,24.8706316013,-2.53666349735,13.75276,False
117,asc,67237.9182607,2042-12-19,409183337.725,0.966675213046,278.65037,0.145392324676,-0.955678836976,-2.76789069176e-06,1.92093232354,57.8329477918,9.49244516511,18.68411,True
240,asc,67239.0799944,2042-12-21,409283711.52,1.78093344793,137.21706,-1.30708429268,1.2096506098,2.10106372833e-06,1.50610418408,23.0764386321,8.97987244428,28.00194,False
273,asc,67240.0043905,2042-12-22,409363579.336,0.84284887385,234.38229,-0.490853497637,-0.685169371767,-1.47707760334e-06,1.78076235203,61.2511735361,6.14234331098,10.31047,True
226,desc,67240.3022865,2042-12-22,409389317.557,1.08756757241,330.72865,0.948700280855,-0.531762166447,-5.98281621933e-06,1.69855368424,44.9067896837,-19.8913863391,45.86726,True
81,desc,67241.1514434,2042-12-23,409462684.712,0.883137983233,310.14228,0.569348379876,-0.675111190666,-4.61935997009e-07,1.70309632274,44.2995674873,-7.20238227673,17.0676,True
83,desc,67242.2899337,2042-12-24,409561050.274,0.314292058936,335.74474,0.286547718105,-0.129111980694,-4.45730984211e-06,1.11753530854,76.5959993049,-29.0632826163,26.45905,False
42,desc,67242.7138049,2042-12-24,409597672.741,0.858103395024,56.20005,0.477358534026,0.71307101087,9.810552001e-06,0.447148081555,15.0851444858,-14.2392211932,25.15147,True
239,desc,67243.0198679,2042-12-25,409624116.582,1.04562423427,28.83489,0.915980585364,0.504291192195,-3.1366944313e-06,0.933680248957,44.8207502681,-12.5138674515,36.24349,True
293,asc,67243.7891952,2042-12-25,409690586.463,0.249352319236,51.88447,0.153912507329,0.196182362093,-1.37416645885e-06,0.785164943345,65.0910824296,3.09312853961,2.35416,False
231,desc,67245.8043671,2042-12-27,409864697.32,1.0251705712,178.77697,-1.02493702188,0.0218815270566,1.96695327759e-06,1.45095734851,36.8297683917,-10.2729572834,19.07078,True
272,asc,67248.3872244,2042-12-30,410087856.187,1.47711678813,19.28184,1.39425889873,0.487766469847,2.98023223877e-07,1.46312119875,37.2318742114,0.71913922325,2.63724,True
181,asc,67249.0829108,2042-12-31,410147963.49,0.981026422352,268.50377,-0.0256157495388,-0.98069193671,4.63798642159e-07,1.96472592403,65.737466273,2.8814624272,4.68129,True
195,desc,67250.9427041,2043-01-01,410308649.634,0.885563410551,234.20354,-0.517972735968,-0.718280445857,5.20888715982e-06,1.77102281972,65.387323609,-10.8102712678,19.42916,True
113,asc,67251.0015813,2043-01-02,410313736.624,0.294130951052,38.76304,0.229346258503,0.184155668058,-4.43728640676e-06,0.839530802672,51.0174319375,10.0574574107,8.41081,False
98,asc,67251.4363306,2043-01-02,410351298.966,0.775565876625,311.66594,0.515585640295,-0.579373693316,-1.66287645698e-06,1.65674771961,70.5033150329,3.59568128323,5.52413,False
156,desc,67252.103853,2043-01-03,410408972.898,2.69602183858,353.52007,2.67879816395,-0.304260005473,-2.21095979214e-06,3.01446220952,35.4855799109,-5.90361534384,26.05772,False
162,asc,67254.4349836,2043-01-05,410610382.584,0.689498332152,96.44687,-0.0774181362908,0.685138221247,-2.16159969568e-06,0.294612227024,13.7261380808,11.3078982593,16.72622,False
67,asc,67256.3133647,2043-01-07,410772674.712,1.55503535752,99.34195,-0.25242316636,1.53441112751,1.38068571687e-07,0.573753127646,11.7080229458,0.554334755704,1.43938,True
33,desc,67258.4530179,2043-01-09,410957540.747,1.93478995766,135.60707,-1.38252159476,1.35353101933,-4.58210706711e-06,1.28332631823,13.1759979482,-8.20726354981,27.12971,False
259,desc,67259.7102854,2043-01-10,411066168.658,1.04954203719,194.76716,-1.01487528863,-0.267519413011,1.36066228151e-06,1.49059547272,35.5413911199,-4.57187887449,8.34621,True
269,asc,67260.3628639,2043-01-11,411122551.437,0.880053504877,104.47484,-0.219973634983,0.852118402194,-3.36393713951e-06,0.116379858997,9.7701553629,7.78501704125,13.47265,True
297,asc,67260.6768166,2043-01-11,411149676.95,0.9578518783,81.11844,0.147885064281,0.946366857263,1.17812305689e-07,0.344229427109,16.5080624091,9.87166031563,24.30945,True
44,asc,67261.9680682,2043-01-12,411261241.091,0.995912089171,203.55397,-0.912936741525,-0.397979139316,-2.64123082161e-06,1.52445654227,50.5851394684,7.22742360585,20.2845,True
190,desc,67262.2398805,2043-01-13,411284725.676,0.421484168585,261.65754,-0.0611529129496,-0.41702425062,-1.4875549823e-06,1.38427532821,82.8313468669,-6.98102985294,7.36842,False
18,desc,67264.6250969,2043-01-15,411490808.374,0.755335347102,262.16378,-0.102983822145,-0.74828191142,5.95580786467e-07,1.70332666987,72.3283020728,-2.32548318967,3.02961,False
210,asc,67264.6746584,2043-01-15,411495090.485,0.858329658611,331.11156,0.751520846513,-0.414663984581,-8.78795981407e-06,1.69881791022,56.9487606363,12.7256712527,22.32417,True
22,asc,67266.1487959,2043-01-17,411622455.968,1.03937071676,275.31036,0.0961944136032,-1.03490971667,7.39470124245e-06,2.012109523,59.4546837783,18.0668196713,34.88704,True
141,asc,67267.1496103,2043-01-18,411708926.329,0.561504703326,307.34369,0.340605833147,-0.446402507031,1.54785811901e-06,1.52478297375,79.4563167939,2.6907807683,3.20528,False
36,asc,67268.0439053,2043-01-19,411786193.417,0.942407610203,70.17634,0.31959532211,0.886561297291,-1.37574970722e-05,0.64127860162,47.8075394489,23.5330739385,46.75042,True
105,desc,67268.5328915,2043-01-19,411828441.825,1.03264242452,336.83722,0.949402207614,-0.406184471749,4.15369868279e-06,1.84661089053,51.3294257285,-18.1932652265,37.1231,True
183,asc,67269.4076847,2043-01-20,411904023.958,1.02771345831,322.74951,0.818056650813,-0.622075773881,1.84774398804e-06,1.93158070313,54.5796227569,10.5899507625,21.47,True
174,desc,67270.0032013,2043-01-21,411955476.591,1.03049859255,190.77506,-1.01232958535,-0.192655547217,-1.98557972908e-06,1.29203713851,47.4392274089,-8.58919061664,14.39783,True
296,asc,67270.0870032,2043-01-21,411962717.078,0.298621849126,37.00648,0.238469685962,0.179742086481,-1.21251214296e-05,0.94621212787,67.5343845852,21.8655694221,18.943,False
247,desc,67270.4029617,2043-01-21,411990015.889,2.49981599935,310.33277,1.61794560395,-1.90560542958,-1.18848402053e-06,3.4449618094,43.8693405989,-2.14442387236,8.69826,False
50,desc,67270.7628424,2043-01-21,412021109.581,1.82701799435,104.1074,-0.445317864643,1.77191612418,-4.13507223129e-07,0.862326867936,19.2455182348,-3.53287222524,10.61149,False
158,asc,67275.2027674,2043-01-26,412404719.1,0.979607177628,38.60318,0.765549142957,0.611199420957,3.82214784622e-06,1.23154576058,46.3402460583,13.6226214948,20.67934,True
139,asc,67275.3311568,2043-01-26,412415811.95,4.28136579109,177.37634,-4.27687785883,0.195981677122,3.27825546265e-06,3.89962795183,23.5759419872,7.58743615775,57.84046,False
289,asc,67276.5189974,2043-01-27,412518441.376,1.19003737965,188.72262,-1.17627351798,-0.180470429335,-1.25961378217e-06,1.27476755603,21.637060333,2.79257415458,5.82974,True
103,desc,67278.9778824,2043-01-29,412730889.036,0.818163742333,131.92731,-0.546686585342,0.608708211441,4.49130311608e-07,0.247920297424,8.10947640715,-2.62701446312,4.69797,True
255,asc,67279.437156,2043-01-30,412770570.281,0.701296907974,299.46913,0.345006208762,-0.610563730539,7.25500285625e-07,1.68533310944,71.2865780386,1.40643439693,1.97262,False
128,desc,67279.5000151,2043-01-30,412776001.308,0.960298827468,93.62643,-0.0607397584824,0.958375980383,-9.57399606705e-07,0.455304511506,10.6360928582,-4.10171476355,8.54804,True
294,desc,67280.8996774,2043-01-31,412896932.131,0.832012706109,7.91609,0.8240843127,0.114587035425,7.06408172846e-07,1.52707344644,56.7494061775,-1.96197007237,3.7759,True
46,desc,67281.5134013,2043-02-01,412949957.873,1.0343018277,262.01076,-0.143754641252,-1.02426308822,2.76975333691e-06,1.89262676384,63.6007820158,-8.37875906824,13.53118,True
292,asc,67281.6579488,2043-02-01,412962446.775,0.792735034334,126.7835,-0.474684173241,0.634904536395,5.38770109415e-07,0.200863504104,14.2162680145,1.7000342463,2.51747,False
5,asc,67281.8941787,2043-02-01,412982857.039,0.954979016943,295.27177,0.407692349914,-0.863580841973,-9.72300767899e-07,1.9347988874,58.6630148777,17.1870722726,37.03321,True
178,asc,67282.448065,2043-02-02,413030712.816,0.915811294371,102.72819,-0.201777175546,0.893306385473,-3.44775617123e-06,0.351946981769,35.6174651865,6.38616803275,12.37568,True
104,desc,67282.9048473,2043-02-02,413070178.81,1.05770931836,248.67554,-0.38463487601,-0.985294379517,1.96695327759e-06,1.80791528864,49.4357910918,-12.9756825601,24.75984,True
60,asc,67284.0010262,2043-02-04,413164888.665,1.02936763287,244.89558,-0.436729064741,-0.932129522985,6.57513737679e-06,1.74111464248,35.3541395514,10.5584570085,38.87863,True
165,desc,67287.7221453,2043-02-07,413486393.355,0.206736561063,123.99962,-0.115604481115,0.171393143464,-4.61097806692e-06,0.779314660862,62.2709862353,-27.2127074076,19.13504,False
68,asc,67293.4601908,2043-02-13,413982160.483,1.27655297873,139.30103,-0.967813609643,0.832420761688,9.27597284317e-07,0.303381614002,8.61853596766,5.92183412681,13.91996,True
81,asc,67294.6765327,2043-02-14,414087252.428,0.378024734515,130.14228,-0.24370797569,0.288979449944,-8.5961073637e-07,0.611346036987,37.6706491321,16.8261406665,17.0676,False
268,asc,67295.0938029,2043-02-15,414123304.574,3.24556010514,116.19778,-1.43282094757,2.91216148733,1.25169754028e-06,2.34593303949,23.3997578333,2.84458314447,14.38466,False
54,asc,67297.8848874,2043-02-17,414364454.271,0.970247715595,18.12085,0.922125964338,0.30176867881,4.53740358353e-06,1.70509749933,51.9068079065,10.2961503773,17.99169,True
58,asc,67298.1665972,2043-02-18,414388793.999,2.51069347543,110.95612,-0.89795670585,2.34462267369,-3.65078449249e-07,1.71182990093,14.2119201163,4.88476590216,20.16655,False
171,desc,67298.9343786,2043-02-18,414455130.31,1.10547324972,319.50669,0.840692277525,-0.71784928805,4.39956784248e-06,2.09222026696,56.2371883569,-6.67948062789,18.03421,True
113,desc,67300.5972075,2043-02-20,414598798.728,1.06618001427,218.76304,-0.831345345634,-0.667536320459,6.92903995514e-07,1.27507872006,12.4651805133,-2.7745872871,8.41081,True
135,desc,67302.311995,2043-02-22,414746956.37,0.802478833187,214.00167,-0.665272024172,-0.448759859577,7.7998265624e-07,1.03995755177,26.3608082901,-5.33849613951,8.74062,True
41,asc,67302.389193,2043-02-22,414753626.274,4.04967933169,55.15904,2.3135836269,3.32373787939,-2.92062759399e-06,4.14730185929,33.1648197759,6.81574192941,47.83485,False
61,asc,67302.6031706,2043-02-22,414772113.939,0.823328556296,177.7231,-0.822678533365,0.0327099733008,6.10947608948e-07,0.546490504214,16.1063930365,3.12730525243,4.44104,True
198,desc,67304.4499086,2043-02-24,414931672.107,0.934096917009,218.83283,-0.727641693906,-0.585725717085,4.85777854919e-06,1.14195453343,55.0894085376,-12.8256141048,34.03784,True
295,desc,67308.2535159,2043-02-28,415260303.776,1.05389155892,264.2559,-0.105479374036,-1.04859979002,-2.68034636974e-06,1.71755799166,55.9677964771,-7.47163829581,12.40454,True
222,asc,67308.5307719,2043-02-28,415284258.695,0.875058528711,288.01435,0.270616383945,-0.832162364812,6.25476241112e-06,1.73995212247,56.8412412723,12.136436152,21.61632,True
194,desc,67310.3731126,2043-03-02,415443436.93,0.981737788651,134.32185,-0.685928576265,0.70236107091,-1.15423463285e-05,0.302343217291,21.7624177129,-19.4518854523,39.93236,True
260,desc,67312.0315783,2043-03-04,415586728.369,0.946604655406,91.09639,-0.0181127571644,0.94643135074,8.59587453306e-06,1.00565901621,24.237496305,-22.7668149963,47.70709,True
212,desc,67314.9661977,2043-03-06,415840279.485,3.45223187737,234.49466,-2.00498318797,-2.81032869094,2.84984707832e-07,3.38615850956,36.1756365589,-0.67460605286,3.85786,False
39,asc,67316.3205475,2043-03-08,415957295.306,2.41523656794,252.04419,-0.744577316195,-2.29760142307,3.51667404175e-06,2.6751251388,26.1737462595,11.3629578299,52.36973,False
83,asc,67317.0177368,2043-03-09,416017532.462,0.961756022516,155.74474,-0.876856369071,0.395091830928,6.52670860291e-06,0.0573555583796,16.6506012565,9.49758433433,26.45905,True
167,desc,67318.5846812,2043-03-10,416152916.454,1.01992824173,69.00759,0.365383453045,0.952233453788,9.83476638794e-06,1.43718627067,53.3980637042,-35.0763892901,73.64108,True
252,desc,67319.4685371,2043-03-11,416229281.609,3.64630726491,201.45675,-3.39359614092,-1.33381479317,-5.21540641785e-07,2.9611414431,18.1088131753,-2.79653627147,15.97737,False
244,asc,67321.2166937,2043-03-13,416380322.339,2.16532770128,74.90308,0.56396524737,2.09059495209,-2.6524066925e-06,2.34934545906,29.8018678837,5.36928078058,19.45987,False
62,asc,67321.7420451,2043-03-13,416425712.696,3.00211809026,9.79921,2.95831792361,0.510948227042,-2.48849391937e-06,3.915488364,38.5609446677,4.90938709618,23.72574,False
165,asc,67322.3546057,2043-03-14,416478637.929,0.842908631509,303.99962,0.471343890367,-0.698806051838,2.78279185295e-06,1.72510094865,44.6587653456,6.67434326375,19.13504,True
79,desc,67324.5197707,2043-03-16,416665708.19,1.03094297251,84.506,0.0987040413956,1.02620705746,-6.16302713752e-07,1.32346280207,40.1082537007,-5.06486646039,9.02376,True
112,asc,67325.0560018,2043-03-17,416712038.558,1.10051648397,0.98343,1.10035437855,0.0188884381141,-9.16421413422e-07,2.07717570648,48.6178335702,24.4786405582,62.10129,True
37,asc,67325.3209157,2043-03-17,416734927.119,0.968429042528,272.66887,0.0450936645301,-0.967378608318,-5.66616654396e-06,1.56334470592,47.2011600518,10.5805039619,24.92726,True
44,desc,67327.8337742,2043-03-19,416952038.091,0.321353249283,23.55397,0.294579402608,0.128416846182,4.27942723036e-06,1.27259097045,93.2619950139,-22.3986487104,20.2845,False
153,asc,67334.5499334,2043-03-26,417532314.249,1.38316866462,272.10936,0.0509102355368,-1.38223142155,-8.19563865662e-08,1.78572293382,49.0161268712,0.483516059975,1.52282,True
140,asc,67335.5917649,2043-03-27,417622328.489,1.89286571417,92.64957,-0.0875019579083,1.89084214551,7.82310962677e-07,2.05363438774,48.4843439915,4.55315305589,14.10845,False
233,desc,67336.5450589,2043-03-28,417704693.089,0.958924555396,126.8226,-0.574721263765,0.767614338009,3.07941809297e-06,0.847517978016,28.3296335084,-6.59211742644,10.12318,True
169,asc,67338.363138,2043-03-30,417861775.119,2.33747977289,41.67682,1.74588059293,1.5542562993,1.37090682983e-06,3.15201213679,49.3690965513,3.44793824589,12.81196,False
265,asc,67340.0415864,2043-04-01,418006793.067,0.315588069183,141.40332,-0.246649945221,0.196874665545,-1.33076682687e-05,0.78315379585,45.5784215394,21.5554867094,18.97022,False
208,desc,67342.4204076,2043-04-03,418212323.215,1.97874665257,252.98582,-0.578997831501,-1.89214159781,7.07805156708e-08,1.86969005213,35.1507424607,-1.06116169552,3.41388,False
14,desc,67344.426746,2043-04-05,418385670.853,2.8131702881,46.433,1.93884353504,2.03833579581,-6.48200511932e-07,3.63110630542,44.2641002267,-1.95039941278,8.85374,False
99,desc,67344.7666942,2043-04-05,418415042.38,0.927114457778,176.54428,-0.925428667566,0.0558837996928,1.58324837685e-07,0.178691359198,10.7448998544,-7.59621641393,12.15584,True
30,asc,67347.4253125,2043-04-08,418644746.997,0.873522723438,35.50297,0.711122109505,0.507294089987,3.53902578354e-07,1.82296867744,67.5075096226,3.78981612903,6.35218,True
96,asc,67347.4778891,2043-04-08,418649289.621,3.05636460028,132.16563,-2.05166445492,2.2654000826,4.842877388e-07,2.64523453367,30.6963369662,2.31153621259,10.84584,False
205,desc,67348.7276934,2043-04-09,418757272.71,1.98143487968,293.04616,0.775677465665,-1.82329609544,4.842877388e-08,2.40931690593,47.9211275591,-2.42301615875,7.75324,False
163,asc,67348.885724,2043-04-09,418770926.55,0.683582396636,165.54034,-0.661929024906,0.170689363984,2.73063778877e-06,0.475818882127,19.2029288138,17.3216173055,26.60392,False
195,asc,67349.5884986,2043-04-10,418831646.283,0.987212032964,54.20354,0.577427783943,0.800727639313,3.45893204212e-06,1.84807680483,61.7749528814,9.69718801354,19.42916,True
84,asc,67349.6975512,2043-04-10,418841068.427,2.92213383503,325.70748,2.41418473436,-1.64638337522,-7.56233930588e-07,3.69286595575,40.4915921172,1.46930934802,6.69302,False
270,asc,67351.9905279,2043-04-12,419039181.614,0.902324421954,90.70575,-0.0111142454624,0.902255970334,-4.31202352047e-07,1.48781838532,49.5141250998,4.56702548957,7.03616,True
172,asc,67354.7083807,2043-04-15,419274004.094,1.53611639021,116.63182,-0.688572773593,1.37314278199,3.33040952682e-06,1.67359364677,28.0362988479,6.32760468852,17.25133,True
57,asc,67355.3015255,2043-04-16,419325251.807,1.83059729342,171.12615,-1.80868572708,0.282386953188,2.64868140221e-06,1.02285269806,26.2282963771,15.3811674722,55.89453,False
198,asc,67355.6579408,2043-04-16,419356046.084,0.356829085783,38.83283,0.277962292441,0.223749771936,-2.35829502344e-05,1.33970575782,91.1667244486,33.5745236902,34.03784,False
118,asc,67356.711966,2043-04-17,419447113.865,2.0224845962,262.94888,-0.248269806742,-2.00718859226,8.0019235611e-06,1.83662306566,30.6033206693,15.5527260289,68.42022,False
298,asc,67357.6601485,2043-04-18,419529036.83,1.02542621207,138.73493,-0.770778387867,0.676313236008,-2.64495611191e-06,1.0183329125,38.3351584959,15.6757749702,29.79622,True
42,asc,67358.2065294,2043-04-19,419576244.14,1.01903071268,236.20005,-0.566881578555,-0.846799190652,6.01820647717e-06,0.635854721465,14.4800339836,11.9905356102,25.15147,True
206,desc,67359.646038,2043-04-20,419700617.687,1.31464535038,31.06792,1.12606757074,0.678427758421,-1.47148966789e-07,2.30879684848,54.4148833163,-2.39215018844,6.09413,True
2,asc,67361.079075,2043-04-22,419824432.08,1.80419196186,294.34257,0.743672420439,-1.64379438079,-5.25265932083e-07,2.09454840386,24.5820119938,2.08211180891,6.66957,False
171,asc,67364.3014017,2043-04-25,420102841.105,0.451619450189,139.50669,-0.343448368607,0.293263270613,7.32392072678e-06,0.918621885944,64.8002708542,16.3500202506,18.03421,False
86,asc,67364.7597044,2043-04-25,420142438.456,0.975293554768,271.0619,0.0180747158779,-0.975126054733,1.07809901237e-05,1.06549683892,51.6740357709,27.3182479631,55.85289,True
49,asc,67365.1765659,2043-04-26,420178455.293,0.199750974798,87.94857,0.00715039746443,0.199622953962,8.38842242956e-06,1.11365732951,99.8646374127,33.728858895,22.80162,False
228,asc,67365.297966,2043-04-26,420188944.264,1.84663831709,320.05713,1.41578987962,-1.18558512597,-9.33185219765e-07,2.42964281926,36.5463421264,2.22871589687,7.15733,False
154,desc,67365.4191558,2043-04-26,420199415.065,2.36551460281,238.61606,-1.23188989411,-2.0194322531,-7.48783349991e-07,1.60452304126,15.1100094598,-2.60031435606,9.93722,False
9,asc,67368.0340715,2043-04-29,420425343.776,1.06195861177,337.13487,0.978512085694,-0.412638087508,1.42026692629e-06,1.8581834959,49.7116069528,6.80261035035,13.33676,True
261,asc,67369.3093281,2043-04-30,420535525.944,0.991784179892,31.55547,0.845132937191,0.519024255656,5.66244125366e-06,1.99753170072,60.9923171468,12.8356828608,23.24895,True
297,desc,67370.0282239,2043-05-01,420597638.543,0.431221678467,261.11844,-0.066577356149,-0.42605116081,3.92529182136e-06,0.800357055851,44.13741041,-21.9274420732,24.30945,False
5,desc,67370.6507694,2043-05-01,420651426.474,0.745228928478,115.27177,-0.31814744375,0.673905304829,-1.09076499939e-05,1.31756896257,59.0667443661,-22.0244984538,37.03321,False
296,desc,67371.491503,2043-05-02,420724065.859,0.964497486906,217.00648,-0.770216290224,-0.580536190535,-2.32085585594e-06,0.0877180497602,13.1469465288,-6.76988469296,18.943,True
207,desc,67372.3391945,2043-05-03,420797306.403,0.927758079007,123.58001,-0.513143843863,0.772928488716,9.79751348495e-07,1.3662903599,39.7684427304,-8.23473192107,13.53154,True
109,asc,67373.4387597,2043-05-04,420892308.836,1.08960927484,325.49909,0.897965736579,-0.617175751093,1.43982470036e-06,1.72933823566,54.3739522898,3.81134462922,8.88522,True
229,asc,67378.6684912,2043-05-09,421344157.641,0.99013462152,39.09556,0.768438803808,0.624394405432,-4.09595668316e-06,1.99859351779,58.8995356983,12.8157788281,24.832,True
256,desc,67383.1404589,2043-05-14,421730535.652,1.34290533143,178.6164,-1.34251379684,0.0324258305427,3.31550836563e-07,0.955188569937,11.7559472223,-3.61919221418,8.6717,True
130,desc,67383.438819,2043-05-14,421756313.958,0.99099527501,284.69532,0.251394626892,-0.958578310136,-8.41915607452e-07,1.00924120934,40.6962805677,-3.34168814815,5.43674,True
245,desc,67383.8051194,2043-05-14,421787962.314,1.07756076121,118.62405,-0.51621663605,0.945863403861,-6.01634383202e-07,1.66587709896,58.1113404829,-4.22038415521,7.7007,True
125,asc,67384.7291414,2043-05-15,421867797.816,0.990705003978,181.67697,-0.99028068869,-0.028992456161,-8.13603401184e-06,0.744639710138,16.5998466365,13.9134108866,39.01303,True
117,desc,67385.5521813,2043-05-16,421938908.463,0.886531582092,98.65037,-0.133338360061,0.87644687676,-6.55651092529e-06,1.70213548658,55.8209324066,-10.3505747992,18.68411,True
221,asc,67386.1464991,2043-05-17,421990257.519,2.82347092801,285.28603,0.744373836977,-2.72358140545,-1.91386789083e-07,2.45279641114,24.1772552983,0.377744821955,1.67978,False
190,asc,67387.5015723,2043-05-18,422107335.849,1.00185223141,81.65754,0.145358205272,0.991251171875,-9.15955752134e-07,1.92663397066,48.9221963315,2.93695364564,7.36842,True
275,desc,67387.706358,2043-05-18,422125029.335,1.03716496418,164.4869,-0.99938034667,0.277398784458,3.35648655891e-06,1.08172493885,44.9141518701,-13.3170999009,23.29362,True
24,asc,67389.8093115,2043-05-20,422306724.513,1.02769998786,94.35212,-0.0779878364561,1.02473663076,-6.37024641037e-06,1.88999313189,46.6977406328,28.2308188568,64.00427,True
162,desc,67389.9647789,2043-05-20,422320156.894,1.03395903928,276.44687,0.116094815736,-1.02742069702,2.90758907795e-06,0.799945586067,21.517894364,-7.5407019947,16.72622,True
38,desc,67391.0968968,2043-05-22,422417971.886,2.57963097596,258.7561,-0.502991671445,-2.53011765549,-1.19209289551e-06,1.74293229325,13.4812164023,-2.28227637105,9.53681,False
159,desc,67391.1810609,2043-05-22,422425243.663,1.15107047626,285.20898,0.301972315649,-1.11075468125,-1.45938247442e-06,0.98337780254,41.8152523756,-2.93953952941,5.39883,True
74,asc,67392.9444443,2043-05-23,422577599.986,2.75556706932,294.72295,1.15246342218,-2.50299379426,3.50177288055e-07,2.43938403057,27.5493047922,1.19266995363,5.40987,False
151,desc,67396.0505912,2043-05-27,422845971.081,0.967374238216,334.89353,0.875977582555,-0.41045851389,-2.60211527348e-06,1.50172787068,49.3123238126,-7.45882856826,11.22959,True
85,asc,67396.3670491,2043-05-27,422873313.04,2.59709022878,338.02633,2.4084269603,-0.971780445016,-1.74343585968e-06,2.96899180744,37.3656192247,9.35071607275,42.72023,False
265,desc,67396.6559946,2043-05-27,422898277.937,1.13256209283,321.40332,0.885161403211,-0.70653109229,-6.7800283432e-07,1.44591165277,16.5863650094,-6.00642955827,18.97022,True
128,asc,67396.8313768,2043-05-27,422913430.953,0.673285881758,273.62643,0.0425859333345,-0.671937732871,3.14135104418e-06,0.619961715071,21.7293025391,5.85022200045,8.54804,False
29,desc,67398.8525266,2043-05-29,423088058.294,1.576537435,344.28075,1.5175761597,-0.427121626093,4.70876693726e-06,2.08718806935,50.4827384243,-16.1960752222,51.3362,True
260,asc,67400.3357198,2043-05-31,423216206.187,0.967245848612,271.09639,0.018507714994,-0.967068764951,8.52253288031e-06,0.52641089016,23.5712298288,22.2809672383,47.70709,True
60,desc,67402.2307105,2043-06-02,423379933.387,0.202180935107,64.89558,0.0857791598235,0.183082129823,-3.36905941367e-06,1.21605984394,110.193953573,-53.7564725967,38.87863,False
136,asc,67403.0381198,2043-06-03,423449693.554,1.03627887693,290.33711,0.360151512861,-0.971681428534,5.89340925217e-06,0.823730508897,27.3506403764,12.3013154574,24.09941,True
143,desc,67404.1448689,2043-06-04,423545316.673,1.31861046155,42.69423,0.96915612232,0.894130840477,4.20585274696e-06,2.29337437836,56.4502034169,-11.8189771839,28.82828,True
78,desc,67405.8398247,2043-06-05,423691760.851,1.03098586634,99.53942,-0.170861307929,1.01672920192,6.84708356857e-06,1.95700754715,59.8069165013,-19.4068629427,36.0152,True
152,desc,67406.2763343,2043-06-06,423729475.284,0.969915205807,22.66443,0.895015916595,0.373740572454,4.62308526039e-06,1.84405494082,67.6270335308,-8.34195251268,13.50267,True
157,desc,67408.5878745,2043-06-08,423929192.359,0.981766831928,318.78161,0.738488401203,-0.646916527508,6.39632344246e-06,1.15270923757,50.2999272822,-12.5611401185,20.66508,True
27,desc,67408.8065137,2043-06-08,423948082.786,2.51098828381,223.45101,-1.8228837696,-1.72689227341,1.12690031528e-06,1.64827830865,26.5209496723,-12.5454047853,60.6846,False
299,desc,67408.8204051,2043-06-08,423949283.001,1.0625655439,337.86367,0.984243719779,-0.400387106644,2.58348882198e-06,1.46125173445,49.4325939848,-5.00757311207,11.16926,True
210,desc,67413.7386747,2043-06-13,424374221.49,1.0197680676,151.11156,-0.892870185389,0.492655806562,-4.68641519547e-06,1.58332854501,46.1315889108,-10.7110836365,22.32417,True
194,asc,67414.6732725,2043-06-14,424454970.743,1.01426929299,314.32185,0.708657953406,-0.725634965923,6.66081905365e-06,1.01850292258,22.3294427664,18.8279889188,39.93236,True
183,desc,67415.4820135,2043-06-15,424524845.971,0.967442388613,142.74951,-0.770081070637,0.585593647447,-3.45706939697e-06,1.64612614249,52.5673941528,-11.2496982245,21.47,True
209,desc,67416.5341472,2043-06-16,424615750.316,0.959957359743,230.12548,-0.615436729103,-0.736719597266,-2.71573662758e-06,0.443999732977,22.1487893898,-6.86748916114,10.99257,True
148,asc,67417.547275,2043-06-17,424703284.564,0.992273117061,48.48253,0.657726628921,0.742968115366,2.8945505619e-06,1.94765132042,62.7657313782,6.32405377235,9.87177,True
26,asc,67419.9146442,2043-06-19,424907825.259,0.351985044212,161.99674,-0.334751480664,0.108788407204,-9.18842852116e-06,1.11654426102,63.9572792843,19.7756101381,19.2213,False
226,asc,67420.0949078,2043-06-20,424923400.037,0.967604659562,150.72865,-0.844054967774,0.473106741214,-5.85615634918e-06,1.61140168623,47.9635754351,22.3575057632,45.86726,True
49,desc,67421.554873,2043-06-21,425049541.027,1.15710856194,267.94857,-0.041420504385,-1.15636696854,-1.03935599327e-06,0.196337185655,24.3361019634,-5.82259319887,22.80162,True
253,asc,67421.7257331,2043-06-21,425064303.337,1.22162503872,116.68273,-0.548570356743,1.09153025561,-4.00468707085e-06,2.13104316072,46.6335418067,15.7073466165,38.24694,True
37,desc,67423.2308412,2043-06-23,425194344.676,0.50779561716,92.66887,-0.0236448559518,0.507244822146,1.22934579849e-06,1.51952784975,75.6719757424,-20.1783295779,24.92726,False
40,asc,67424.7981091,2043-06-24,425329756.624,1.06642654826,247.76284,-0.403579736197,-0.987111432089,2.4102628231e-06,0.29404643397,18.1682930045,5.59869362327,9.28064,True
257,asc,67425.0101962,2043-06-25,425348080.955,1.00261986646,36.09232,0.810185885763,0.590631380076,5.56372106075e-06,1.84638513392,57.4663578531,9.32602531911,17.74569,True
111,asc,67427.803131,2043-06-27,425589390.516,3.18097401555,248.22125,-1.18021595648,-2.95392721367,2.80141830444e-06,2.23844980317,19.3628758658,5.72599723923,30.25143,False
163,desc,67429.8549525,2043-06-29,425766667.892,0.930264172066,345.54034,0.900796830567,-0.23228538454,-7.33509659767e-06,1.21422903899,26.0697187375,-12.7283765482,26.60392,True
286,desc,67430.0334823,2043-06-30,425782092.874,0.939039062276,61.00265,0.455217184464,0.821323124871,-1.80676579475e-06,1.89998532238,62.8927678904,-5.92973105129,10.38842,True
281,asc,67430.6191662,2043-06-30,425832695.963,0.918877039634,21.49671,0.854958676839,0.336720469923,-6.11925497651e-06,1.60849306479,59.4008816128,11.4606094647,21.38605,True
125,desc,67435.0828186,2043-07-05,426218355.524,0.371607677325,1.67697,0.371448519132,0.0108749014599,-2.05300748348e-05,1.07247023588,58.2674735854,-37.093113595,39.01303,False
51,asc,67435.3688815,2043-07-05,426243071.357,1.04476933399,313.49561,0.719113683138,-0.757903999178,2.68965959549e-06,0.700531352109,20.8937415779,6.16436277232,10.029,True
153,desc,67436.8336917,2043-07-06,426369630.967,0.48110636005,92.10936,-0.0177080631848,0.480780359602,2.2619497031e-07,1.49895277375,82.5005362959,-1.3900964912,1.52282,False
83,desc,67438.9523848,2043-07-08,426552686.044,0.314292058936,335.74474,0.286547718105,-0.129111980693,-1.61593779922e-05,0.895323968349,61.1143185168,-29.0632826163,26.45905,False
255,desc,67439.4653741,2043-07-09,426597008.324,1.36051847046,119.46913,-0.669313259628,1.1844957868,2.79862433672e-07,2.3370922262,50.5804567932,-0.724964868357,1.97262,True
106,asc,67441.3334946,2043-07-11,426758413.929,1.61146583978,190.01269,-1.58692203684,-0.280179588434,7.71880149841e-06,1.89847968015,39.474489063,13.6126871383,40.78349,False
105,asc,67443.2524872,2043-07-13,426924214.89,1.15925096641,156.83722,-1.06580496846,0.45598527645,-5.90831041336e-06,1.92819583775,50.1648706568,16.2062728932,37.1231,True
279,desc,67443.8239068,2043-07-13,426973585.545,1.28699143964,358.12913,1.28630540028,-0.0420164600216,-9.35047864914e-07,1.43926602453,49.6599431959,-2.98287065544,7.14292,True
180,desc,67444.3529056,2043-07-14,427019291.044,1.62161724839,224.62004,-1.15423539737,-1.13902728138,-5.03659248352e-06,1.37981822869,14.6505596943,-10.7335617173,31.29757,False
230,asc,67446.8749537,2043-07-16,427237195.995,1.14770292761,87.66314,0.0467971212242,1.14674846391,1.73225998878e-07,2.14222213065,58.0065573448,3.44067547343,8.26679,True
1,asc,67448.1181115,2043-07-18,427344604.832,1.05675314326,336.03924,0.96568617722,-0.429158959961,2.44751572609e-06,0.87934778028,32.7217720151,12.8013589776,22.14242,True
292,desc,67448.6969395,2043-07-18,427394615.57,1.60443544158,306.7835,0.960724678638,-1.28499851286,4.75905835629e-07,0.739065163821,8.45441541513,-0.839969419572,2.51747,False
288,desc,67450.6738117,2043-07-20,427565417.332,1.80177618752,263.16315,-0.21448807395,-1.78896402872,-1.74157321453e-06,0.981364621111,12.7231023674,-3.0396588119,9.33904,False
138,asc,67453.2970943,2043-07-23,427792068.944,5.31668933509,187.08625,-5.27607818393,-0.655884504217,-1.23679637909e-06,5.64648524707,28.6592235971,5.42014361062,46.98405,False
294,asc,67453.9122081,2043-07-23,427845214.778,0.59322375123,187.91609,-0.587570819196,-0.081700376086,8.07456672192e-07,1.29288656102,51.9010746278,2.75171724974,3.7759,False
101,asc,67454.1786706,2043-07-24,427868237.141,1.04606620297,250.069,-0.356591672297,-0.983410840008,-1.41374766827e-06,0.734065900608,27.7531880559,8.09369291327,12.87861,True
296,asc,67455.0123165,2043-07-25,427940264.145,0.298621849126,37.00648,0.238469685962,0.179742086481,-2.24797986448e-06,1.13067559098,78.5068298359,21.8655694221,18.943,False
206,asc,67455.405576,2043-07-25,427974241.769,0.792864786688,211.06792,-0.679133215673,-0.409160903973,-4.12575900555e-07,1.19797204286,61.6924339053,3.966412906,6.09413,False
271,desc,67457.8728324,2043-07-27,428187412.723,0.984154362607,30.87182,0.844716792914,0.504988464431,2.54437327385e-06,1.48413240011,49.7450324037,-9.75608079999,15.73453,True
126,asc,67458.2228555,2043-07-28,428217654.712,0.927817226586,338.65275,0.864160938403,-0.337743509911,-9.53674316406e-07,0.719757384052,30.730495714,1.64851796213,2.42699,True
236,asc,67461.4178528,2043-07-31,428493702.48,0.967168080872,179.32276,-0.967100518196,0.0114317261155,4.1127204895e-06,1.71285106101,51.3120641344,37.2320894913,75.65689,True
17,asc,67462.2975782,2043-08-01,428569710.758,1.02285769599,267.12483,-0.051306669962,-1.02157011109,4.71994280815e-06,0.567611657085,27.7559719485,23.3227602947,39.65677,True
203,desc,67464.2905817,2043-08-03,428741906.263,2.40010193696,17.06965,2.294374173,0.70451150599,-6.25848770142e-07,2.36505636196,21.4661287856,-1.16475312622,4.84751,False
280,asc,67464.6245665,2043-08-03,428770762.548,0.940135017279,164.91856,-0.907753915157,0.244615372025,-2.26497650146e-06,1.81994369324,59.1212252706,21.4498735152,36.78219,True
109,desc,67468.4342384,2043-08-07,429099918.198,0.650819028605,145.49909,-0.536351150727,0.368636475553,3.59583646059e-06,1.6433130684,72.5904661593,-6.38100036272,8.88522,False
193,desc,67469.4742978,2043-08-08,429189779.33,1.45761302631,11.10298,1.43033037231,0.280696919282,4.20957803726e-06,1.37792084743,40.9618431186,-8.75327658469,23.07163,True
25,desc,67471.059616,2043-08-10,429326750.822,1.89049657962,40.68627,1.43354574631,1.23244631153,-6.70552253723e-08,2.19169538546,40.6064945886,-7.42377386717,24.53703,False
60,asc,67472.060785,2043-08-11,429413251.82,1.02936763287,244.89558,-0.436729064741,-0.932129522985,6.7725777626e-06,1.08173315167,35.7234934566,10.5584570085,38.87863,True
26,desc,67472.2910988,2043-08-11,429433150.938,0.886596595788,341.99674,0.843187879918,-0.274021391177,4.3697655201e-06,0.55556786006,9.15925712983,-7.85105542005,19.2213,True
297,asc,67472.3128434,2043-08-11,429435029.674,0.9578518783,81.11844,0.147885064281,0.946366857263,-4.97791916132e-07,1.80505720327,47.3912744627,9.87166031563,24.30945,True
267,asc,67473.9551768,2043-08-12,429576927.274,0.729917567783,160.47465,-0.687942715727,0.243955888708,-7.33882188797e-07,1.68872585805,57.9072277764,2.87547058626,5.44387,False
197,asc,67476.2855534,2043-08-15,429778271.814,0.941439297683,352.06267,0.932420030144,-0.130003225378,-2.13086605072e-06,0.662117928498,19.0626465572,3.70835628265,5.8333,True
186,asc,67476.3195275,2043-08-15,429781207.172,1.06766146257,292.44372,0.407607252995,-0.986791429823,-1.06543302536e-06,0.37151243048,15.0433954863,14.6685065693,30.12309,True
23,desc,67476.4045891,2043-08-15,429788556.496,1.11723747542,306.52941,0.66501921644,-0.897757772586,-3.58000397682e-06,0.155298598342,29.380721509,-8.29919080446,24.285,True
77,asc,67477.7389154,2043-08-16,429903842.287,0.992050014191,1.27533,0.991804268717,0.0220799277845,-4.050321877e-06,0.803063410521,29.5275917193,8.70009265419,13.23278,True
34,asc,67478.8563127,2043-08-17,430000385.421,1.68327879032,266.7232,-0.0962158407727,-1.68052670253,2.80095264316e-07,1.26444468562,7.944424519,1.08641614978,2.79844,False
145,desc,67479.0381661,2043-08-18,430016097.551,1.046734562,241.2066,-0.504162556883,-0.917318570354,-5.87105751038e-06,1.24403277533,31.694440023,-8.66333934796,15.15631,True
185,asc,67479.1745697,2043-08-18,430027882.823,0.607201001521,322.05585,0.478845088599,-0.373363679772,-4.62029129267e-06,0.418184822101,31.9098572677,11.9984677031,16.44727,False
241,desc,67479.6764465,2043-08-18,430071244.977,0.333243651154,33.02113,0.27941468906,0.18160055774,-7.43381679058e-06,0.995242823109,79.6260534355,-32.651708893,31.4187,False
146,asc,67480.1800236,2043-08-19,430114754.042,1.07717486986,110.66657,-0.380166234706,1.00785878686,6.43543899059e-07,2.03987276633,61.599906481,3.73456177972,7.79145,True
7,asc,67481.4375688,2043-08-20,430223405.941,1.02598296037,19.88008,0.964840952271,0.348888193813,-1.25262886286e-05,1.05442893017,38.7226889689,24.8932422961,43.64693,True
258,desc,67481.7492046,2043-08-20,430250331.279,3.05910879754,126.96917,-1.83970276293,2.44410318507,6.7288056016e-08,4.0603047248,40.7941609679,-0.479382669493,2.34859,False
80,asc,67482.3812874,2043-08-21,430304943.232,0.9590687743,115.78687,-0.417218672319,0.863563253795,7.80448317528e-06,1.93530349806,65.4867712499,13.5254014341,23.55872,True
102,asc,67483.9289035,2043-08-22,430438657.266,1.12161431679,161.20276,-1.06179277371,0.361406670287,4.34927642345e-06,2.10031968683,53.735631579,12.077355412,26.06566,True
112,desc,67484.2566133,2043-08-23,430466971.391,0.999106012836,180.98343,-0.998958845118,-0.0171479049771,1.51991844177e-05,1.88879593121,51.5861456264,-26.9632522409,62.10129,True
190,desc,67484.78505,2043-08-23,430512628.319,0.421484168585,261.65754,-0.0611529129496,-0.41702425062,-2.2470485419e-06,0.877284658281,49.2180333109,-6.98102985294,7.36842,False
54,desc,67487.0726494,2043-08-26,430710276.905,1.50254038139,198.12085,-1.42801830488,-0.467323569498,3.50177288055e-07,2.24335121469,48.9271747111,-6.64861757243,17.99169,True
189,desc,67487.6435908,2043-08-26,430759606.248,1.23067709863,253.38514,-0.35189599994,-1.17929441885,6.6333450377e-07,1.30347651599,21.6432064811,-1.40056342104,3.12476,True
134,desc,67491.0624108,2043-08-30,431054992.295,1.01735989839,164.3211,-0.979505293399,0.274937343874,1.2993812561e-05,2.00740959188,57.6608064796,-20.2209635352,38.14572,True
55,asc,67491.6321449,2043-08-30,431104217.319,0.98931839847,302.02023,0.524555075658,-0.838804426641,8.90344381332e-07,0.441385594504,17.1807957031,13.66572149,22.71515,True
272,desc,67493.9017961,2043-09-01,431300315.186,0.377079538072,199.28184,-0.355927510748,-0.124517408924,-2.88709998131e-07,1.28942192748,81.7082052972,-2.81705187478,2.63724,False
52,desc,67499.5291234,2043-09-07,431786516.265,1.71320133821,311.99742,1.14629811949,-1.27320832801,6.24358654022e-06,0.876873178547,18.158907617,-13.1012673833,42.36114,False
248,desc,67500.3731953,2043-09-08,431859444.073,0.942911038361,159.42683,-0.882776123734,0.331342031181,3.20374965668e-07,1.95333705767,66.1181323776,-5.67603312176,8.97249,True
86,desc,67500.7319419,2043-09-08,431890439.783,1.45650864537,91.0619,-0.0269928780007,1.45625849992,4.77582216263e-06,2.0934514922,32.3093539975,-18.2925870372,55.85289,True
32,desc,67501.1792122,2043-09-09,431929083.933,1.01143991861,238.16545,-0.533502387737,-0.85929384453,-1.04680657387e-06,1.53190241596,50.0142238218,-7.36883079626,11.6234,True
155,desc,67503.5691349,2043-09-11,432135573.259,1.36727507377,106.22318,-0.381988744932,1.3128311872,2.98395752907e-06,2.13652750386,50.146156802,-7.56772797825,19.00837,True
44,asc,67504.7258112,2043-09-12,432235510.092,0.995912089171,203.55397,-0.912936741525,-0.397979139316,9.72300767899e-07,1.86341313333,42.3765585971,7.22742360585,20.2845,True
299,asc,67508.1991713,2043-09-16,432535608.403,0.709026847822,157.86367,-0.656764400208,0.267169596983,3.98885458708e-06,1.71647613489,68.4213454087,7.5044755552,11.16926,False
222,desc,67509.4280003,2043-09-17,432641779.23,1.0079617149,108.01435,-0.311717382885,0.958550516096,-6.7837536335e-06,1.77604504661,52.5132229674,-10.5362056971,21.61632,True
20,desc,67510.1090173,2043-09-18,432700619.094,1.04965132133,348.07244,1.02698901873,-0.216936515548,-2.62632966042e-07,0.0648499363327,8.06293093494,-3.201003408,5.31181,True
6,asc,67510.4366079,2043-09-18,432728922.922,0.809115161942,77.51847,0.174869918623,0.789992314421,8.10623168945e-06,1.31436742865,61.0885301157,14.5761323453,24.37798,True
254,desc,67512.1010657,2043-09-20,432872732.078,2.92401279004,193.78257,-2.83982110336,-0.696611008558,-9.31322574615e-08,3.8522631392,38.4572074754,-1.20844751379,5.85396,False
35,asc,67513.0356292,2043-09-21,432953478.36,1.02047449808,38.30847,0.800750766613,0.632587077797,6.89178705215e-08,0.860724266968,37.2168770644,20.450003257,44.05781,True
83,asc,67513.6801879,2043-09-21,433009168.232,0.961756022516,155.74474,-0.876856369071,0.395091830928,-2.04145908356e-06,1.95706798902,48.7154047612,9.49758433433,26.45905,True
267,desc,67514.2594223,2043-09-22,433059214.086,0.443453148505,340.47465,0.417951802705,-0.148212636219,-2.3664906621e-06,0.573591370456,40.8694803177,-4.73298363903,5.44387,False
269,desc,67514.8784308,2043-09-22,433112696.423,1.09237407123,284.47484,0.273044188652,-1.05769938193,2.57231295109e-06,1.13694958069,25.303457959,-6.27187308188,13.47265,True
107,asc,67515.0144711,2043-09-23,433124450.306,2.27141163618,218.89189,-1.76791242184,-1.42611236923,1.05984508991e-06,3.03070494544,43.8011787326,1.72033602189,6.62299,False
168,asc,67516.3016942,2043-09-24,433235666.381,1.02769076006,3.07513,1.02621093663,0.055130861034,-5.28991222382e-06,0.210221709571,17.0157376935,13.6375614062,23.65377,True
263,desc,67517.7417313,2043-09-25,433360085.588,0.948823241974,324.35835,0.77108718999,-0.552892475933,4.26545739174e-07,0.481588067327,15.5068689699,-2.9602695586,4.64461,True
103,asc,67524.6120684,2043-10-02,433953682.71,0.738472615075,311.92731,0.493437989751,-0.549418559466,-1.50501728058e-06,0.742451538744,18.1443713075,2.91050465573,4.69797,False
182,asc,67525.1952377,2043-10-03,434004068.539,0.694332343257,159.49235,-0.650329324025,0.243247144291,1.95717439055e-06,1.67291314872,74.4717265211,6.01399496785,9.06773,False
58,desc,67525.5174894,2043-10-03,434031911.085,0.996302147303,290.95612,0.356330313907,-0.930401352166,-7.2605907917e-06,1.13756320011,50.1175762351,-12.3096692231,20.16655,True
239,asc,67526.1699402,2043-10-04,434088282.837,0.375111652701,208.83489,-0.328602742704,-0.180911551538,1.52438879013e-05,1.3472439282,81.9773789708,34.8824222799,36.24349,False
241,asc,67526.3321432,2043-10-04,434102297.174,0.933305181083,213.02113,-0.782548072762,-0.508603062173,1.46776437759e-06,1.86277949034,62.6193881402,11.6585388236,31.4187,True
273,desc,67531.3543857,2043-10-09,434536218.923,1.07044645389,54.38229,0.62340047217,0.870188176172,2.04890966415e-07,0.852410363883,33.1645905383,-4.83636255101,10.31047,True
23,asc,67531.4714583,2043-10-09,434546333.994,0.385253346022,126.52941,-0.229316402233,0.309570877649,-1.21630728245e-05,1.24320296341,72.1823649278,24.0677130468,24.285,False
229,desc,67531.9807397,2043-10-09,434590335.914,1.07136512009,219.09556,-0.831481410134,-0.675619630523,2.43820250034e-06,1.99113897602,56.3963567625,-11.84409132,24.832,True
281,desc,67532.0829493,2043-10-10,434599166.819,0.962405031711,201.49671,-0.895458801345,-0.352671206871,5.74858859181e-06,1.94859924915,61.8968329504,-10.9422650031,21.38605,True
294,desc,67533.1341757,2043-10-11,434689992.78,0.832012706109,7.91609,0.8240843127,0.114587035425,7.82310962677e-08,0.170296630009,11.0484456725,-1.96197007237,3.7759,True
68,desc,67533.2999351,2043-10-11,434704314.392,0.986755910689,319.30103,0.748105104664,-0.64344850583,-1.28522515297e-06,0.818168271632,25.0230884106,-7.66099793498,13.91996,True
4,desc,67536.3791988,2043-10-14,434970362.778,0.895329019951,85.09881,0.0764947775652,0.892055269012,5.8114528656e-07,1.14719189576,60.7470191048,-6.50210958205,22.31053,True
230,desc,67537.7753239,2043-10-15,435090987.989,0.675246903389,267.66314,-0.0275329185228,-0.674685348095,2.16718763113e-06,1.34112603263,67.1101045783,-5.84804357337,8.26679,False
181,desc,67539.701571,2043-10-17,435257415.737,2.17584690579,88.50377,0.056813912555,2.1751050404,-3.78116965294e-07,2.13531863111,25.1520645924,-1.29916804743,4.68129,False
143,asc,67540.9518928,2043-10-18,435365443.537,1.0637435308,222.69423,-0.781833290052,-0.72130923042,-8.2291662693e-06,2.00545866274,62.1454631479,14.6507372391,28.82828,True
185,desc,67544.1552274,2043-10-22,435642211.646,0.968277930439,142.05585,-0.763594147947,0.595387376248,4.23565506935e-06,1.73292343004,42.1989125275,-7.52416364873,16.44727,True
81,desc,67544.2523348,2043-10-22,435650601.727,0.883137983233,310.14228,0.569348379876,-0.675111190666,-4.08664345741e-06,1.06376502303,16.8403259384,-7.20238227673,17.0676,True
256,asc,67544.7744665,2043-10-22,435695713.903,1.03864715568,358.6164,1.03834432995,-0.0250792039285,2.31899321079e-06,0.365669114654,21.4387572079,4.67938750259,8.6717,True
162,asc,67548.2484866,2043-10-26,435995869.242,0.689498332152,96.44687,-0.077418136291,0.685138221247,5.92600554228e-06,1.04299201326,43.4526198501,11.3078982593,16.72622,False
174,asc,67549.7575925,2043-10-27,436126255.993,2.32642414111,10.77506,2.28540631025,0.434933651731,-2.01910734177e-06,1.37538096951,20.7916129812,3.80461528283,14.39783,False
29,asc,67550.3712313,2043-10-28,436179274.385,0.975716993127,164.28075,-0.93922593559,0.264345025661,1.15409493446e-05,1.85128247719,50.8941573884,26.1691853967,51.3362,True
128,desc,67554.6461656,2043-11-01,436548628.707,0.960298827468,93.62643,-0.0607397584824,0.958375980383,-1.89989805222e-07,1.04666184503,33.9512747108,-4.10171476355,8.54804,True
207,asc,67555.6275257,2043-11-02,436633418.219,1.70549415275,303.58001,0.943310379107,-1.420871505,-1.25169754028e-06,1.91937353999,43.6749894503,4.47954574099,13.53154,False
172,desc,67556.3747549,2043-11-03,436697978.824,0.999314732356,296.63182,0.44794842457,-0.893292865318,3.40491533279e-06,1.45936321802,50.2663599701,-9.72660259885,17.25133,True
296,desc,67556.4168163,2043-11-03,436701612.927,0.964497486906,217.00648,-0.770216290224,-0.580536190535,2.93739140034e-06,1.95688075605,49.9934353409,-6.76988469296,18.943,True
99,asc,67556.5726563,2043-11-03,436715077.506,1.9701763602,356.54428,1.96659395029,-0.118756578704,-7.63684511185e-07,1.27813991305,28.1377547716,3.57458459254,12.15584,False
253,desc,67557.7294154,2043-11-04,436815021.492,0.972680423501,296.68273,0.436781852047,-0.869096553891,-1.05239450932e-05,1.45476454327,53.9801013511,-19.7274330345,38.24694,True
279,asc,67558.0701632,2043-11-05,436844462.097,0.922131874728,178.12913,-0.921640326191,0.0301048754918,-2.27149575949e-06,1.83218190219,57.858278791,4.16310194269,7.14292,True
300,asc,67558.2234872,2043-11-05,436857709.298,0.484694683609,229.11004,-0.317285189351,-0.366413761937,9.69134271145e-06,1.46587733112,79.5467314265,17.2437202598,20.38021,False
205,asc,67560.9633756,2043-11-07,437094435.649,1.11578098443,113.04616,-0.436797683899,1.02673024137,1.06170773506e-06,1.32819596737,30.5233463692,4.30285943027,7.75324,True
220,asc,67561.9900418,2043-11-08,437183139.608,0.589473545808,22.58099,0.544283130621,0.226351352831,2.57045030594e-07,0.443565483575,23.9258212214,10.6039997741,13.76438,False
283,asc,67563.5831938,2043-11-10,437320787.943,1.89629072618,111.95181,-0.708883972846,1.7588069909,-1.40070915222e-06,1.88402191225,36.9362777438,2.56689524656,8.07603,False
37,asc,67564.110771,2043-11-11,437366370.612,0.968429042528,272.66887,0.0450936645302,-0.967378608318,2.48849391937e-06,1.74569577873,46.1826590651,10.5805039619,24.92726,True
261,desc,67564.207673,2043-11-11,437374742.945,1.4335818743,211.55547,-1.22160373667,-0.750227499404,-5.42402267456e-06,2.42242565401,51.1820158054,-8.88001405971,23.24895,True
117,asc,67566.9096802,2043-11-13,437608196.367,0.966675213046,278.65037,0.145392324676,-0.955678836976,4.26545739174e-06,1.71799018968,50.8851008259,9.49244516511,18.68411,True
150,desc,67566.924941,2043-11-13,437609514.899,1.03622749297,296.19322,0.457390477726,-0.929817921995,1.49139668792e-06,1.60982235025,52.4666941323,-4.60885473215,7.35457,True
63,desc,67567.4195261,2043-11-14,437652247.054,0.976154428989,177.06027,-0.974869843885,0.0500625280894,1.45509839058e-05,1.82093137951,59.2447380276,-28.1021221768,53.19536,True
24,desc,67567.9212806,2043-11-14,437695598.644,1.3701429057,274.35212,0.103974391469,-1.36619211971,-1.1995434761e-05,2.12839207835,47.2871433155,-21.1750263975,64.00427,True
44,desc,67570.5915173,2043-11-17,437926307.092,0.321353249283,23.55397,0.294579402608,0.128416846182,-4.75253909826e-06,0.701907206732,46.8245613866,-22.3986487104,20.2845,False
4,asc,67570.6837653,2043-11-17,437934277.321,0.155569080425,265.09881,-0.013291451453,-0.155000245492,-3.03518027067e-06,1.11489924184,130.581889321,37.4208511345,22.31053,False
89,desc,67574.7466542,2043-11-21,438285310.921,0.93669075282,188.869,-0.925491141955,-0.144415070478,-2.71201133728e-06,1.80989633638,62.0643837712,-8.87722380854,15.31841,True
191,asc,67575.1870349,2043-11-22,438323359.818,1.02278242989,359.93571,1.02278178602,-0.00114763546595,2.70083546638e-07,0.844308938051,4.48726485883,2.04527799682,5.04225,True
257,desc,67577.0558162,2043-11-24,438484822.517,1.12635233597,216.09232,-0.910170240515,-0.663520699023,-2.57417559624e-06,2.09748043041,55.5051238894,-8.30153936865,17.74569,True
286,asc,67577.175354,2043-11-24,438495150.582,1.25668003261,241.00265,-0.609199733216,-1.0991452995,-1.73412263393e-06,2.23888663071,55.854439843,4.43092031501,10.38842,True
188,asc,67577.8544753,2043-11-24,438553826.662,0.281112143912,30.23893,0.24286200785,0.141570062507,-6.18956983089e-06,0.736442768555,50.4114741204,29.915698988,25.14721,False
297,desc,67581.6642508,2043-11-28,438882991.267,0.431221678467,261.11844,-0.0665773561491,-0.42605116081,5.29689714313e-06,1.39137261328,79.9228753851,-21.9274420732,24.30945,False
146,desc,67583.548531,2043-11-30,439045793.075,0.92025509371,290.66657,0.324784697205,-0.861036780841,-1.22794881463e-06,1.7102572776,65.1237135286,-4.37137064121,7.79145,True
159,asc,67584.1151084,2043-12-01,439094745.37,1.9875091361,105.20898,-0.521403987485,1.91789740286,-7.54371285439e-07,1.49449776522,7.18991144869,1.70244106287,5.39883,False
60,desc,67590.2904692,2043-12-07,439628296.543,0.202180935107,64.89558,0.0857791598235,0.183082129823,-4.14904206991e-07,0.784843186476,65.3980614127,-53.7564725967,38.87863,False
239,desc,67591.1283202,2043-12-08,439700686.869,1.04562423427,28.83489,0.915980585364,0.504291192195,-1.56462192535e-07,0.643096659143,39.2592898293,-12.5138674515,36.24349,True
79,asc,67591.4680805,2043-12-08,439730042.157,1.58516123012,264.506,-0.151765736659,-1.57787936379,-1.35041773319e-07,2.54007145591,50.5304264609,3.29404251431,9.02376,True
182,desc,67591.7677319,2043-12-08,439755932.032,0.919800309738,339.49235,0.861508353282,-0.32223588723,5.16418367624e-07,1.31011771979,61.1298600212,-4.53980192674,9.06773,True
137,desc,67592.2772956,2043-12-09,439799958.337,3.83726831018,103.609,-0.902889223866,3.72953336676,1.38580799103e-06,3.10481188605,24.4570609538,-3.12175923214,18.80198,False
91,asc,67596.0018874,2043-12-13,440121763.07,1.24176648339,219.82254,-0.953715957148,-0.795242021237,1.21770426631e-07,2.14939154549,63.2285572115,0.44080791602,0.83203,True
71,asc,67596.25358,2043-12-13,440143509.309,1.83350585156,219.36124,-1.41759849096,-1.1628233856,8.19563865662e-08,2.72387959641,49.0939202995,5.20926648229,16.69512,False
65,desc,67596.4998297,2043-12-13,440164785.283,0.751380810236,276.9752,0.0912474727167,-0.745819697189,1.11921690404e-06,1.69378441945,63.7248539554,-3.19493804308,5.05883,False
152,asc,67597.1608109,2043-12-14,440221894.059,2.23930770727,202.66443,-2.06638273961,-0.862879702686,7.45058059692e-07,2.98012571357,35.4250139633,3.61316426585,13.50267,False
81,asc,67597.7774241,2043-12-14,440275169.443,0.378024734515,130.14228,-0.24370797569,0.288979449944,7.61169940233e-06,0.847157780815,42.3425370811,16.8261406665,17.0676,False
6,desc,67599.3627143,2043-12-16,440412138.511,1.06694514054,257.51847,-0.230593392235,-1.04172866927,2.3040920496e-06,2.05144009172,59.7324738419,-11.0537732775,24.37798,True
210,asc,67601.0850271,2043-12-18,440560946.345,0.858329658611,331.11156,0.751520846513,-0.414663984581,-8.35582613945e-06,1.46043370694,48.6796567941,12.7256712527,22.32417,True
208,asc,67601.232953,2043-12-18,440573727.14,1.0850889046,72.98582,0.317506095051,1.03759713304,1.73225998878e-07,0.112269499002,8.52251589392,1.93511346761,3.41388,True
180,asc,67602.5401022,2043-12-19,440686664.834,1.03760486721,44.62004,0.738546822571,0.728815786968,-7.24196434021e-06,0.56887395976,35.6982626474,16.7749105342,31.29757,True
136,desc,67602.8246546,2043-12-19,440711250.156,1.16905146814,110.33711,-0.406295703052,1.09617751155,-1.88499689102e-06,0.634845377297,18.5296958708,-10.9042191164,24.09941,True
170,asc,67603.6959973,2043-12-20,440786534.168,2.17395614279,135.03605,-1.53818603097,1.53625162161,4.20957803726e-07,1.82901645675,29.6859453346,0.936257981943,3.58083,False
103,desc,67606.5347461,2043-12-23,441031802.064,0.818163742333,131.92731,-0.546686585342,0.608708211441,1.96741893888e-07,0.786469727062,16.1362476949,-2.62701446312,4.69797,True
219,asc,67606.7855887,2043-12-23,441053474.866,2.21052283383,187.46839,-2.19177035323,-0.287321975519,6.55651092529e-07,2.65614706532,49.7260783791,13.0077615938,54.50065,False
56,asc,67607.1231669,2043-12-24,441082641.622,0.983285522422,117.85066,-0.459360111175,0.86938984746,3.12179327011e-06,0.608633061573,30.5486757837,18.3164467442,33.46935,True
202,asc,67608.9642326,2043-12-25,441241709.694,1.13859993657,156.84047,-1.04684399885,0.447802922747,-6.49917637929e-07,1.27104788347,49.5086190741,2.68791119236,5.54384,True
190,asc,67610.0467418,2043-12-27,441335238.491,1.00185223141,81.65754,0.145358205272,0.991251171875,-5.9837475419e-07,0.0571058503181,8.23239140604,2.93695364564,7.36842,True
300,desc,67614.2010414,2043-12-31,441694169.976,0.98312473579,49.11004,0.643561665724,0.743211025572,2.68593430519e-06,0.671315912302,47.5128415629,-8.50140295663,20.38021,True
272,asc,67614.2824306,2043-12-31,441701202.002,1.47711678813,19.28184,1.39425889873,0.487766469847,-1.39232724905e-07,1.4653610824,37.265932748,0.71913922325,2.63724,True
157,asc,67616.8155586,2044-01-02,441920064.263,2.30204395806,138.78161,-1.73160541465,1.51688795658,7.89761543274e-07,1.78434756268,11.188814194,5.35702660946,20.66508,False
244,desc,67619.3306158,2044-01-05,442137365.205,1.00502404508,254.90308,-0.261761133827,-0.970337281567,-7.33137130737e-06,1.96029795939,62.6689547324,-11.5681335856,19.45987,True
226,desc,67621.958114,2044-01-07,442364381.054,1.08756757241,330.72865,0.948700280855,-0.531762166447,-1.11684203148e-05,1.84749502498,48.1126397276,-19.8913863391,45.86726,True
193,asc,67623.2013552,2044-01-09,442471797.087,1.01241835307,191.10298,-0.993468563845,-0.19496444365,-7.7597796917e-06,1.44676596369,37.8111466292,12.6023890559,23.07163,True
189,asc,67623.2944987,2044-01-09,442479844.687,1.03954970254,73.38514,0.297245623948,0.996146888311,1.49477273226e-07,0.43961298591,26.3124495294,1.6580653366,3.12476,True
188,desc,67623.6299717,2044-01-09,442508829.555,1.0277695424,210.23893,-0.887923841353,-0.517592005579,3.08454036713e-06,1.66365881182,29.7835321278,-8.18244356562,25.14721,True
8,desc,67623.9729875,2044-01-09,442538466.116,2.51003644744,130.13923,-1.61808800491,1.91887315262,-2.1755695343e-06,1.74438147284,23.0900704185,-9.44934325695,42.03945,False
240,desc,67625.0379325,2044-01-11,442630477.369,1.03341884521,317.21706,0.758459302285,-0.701921645495,-7.61821866035e-06,1.91177946028,57.2244172572,-15.4753856757,28.00194,True
270,desc,67625.0910076,2044-01-11,442635063.06,2.17646144057,270.70575,0.0268082367067,-2.17629633109,-8.10250639915e-07,3.15068378641,45.2657875702,-1.89341219565,7.03616,False
147,asc,67625.2930505,2044-01-11,442652519.56,0.956326535815,18.46202,0.907108024408,0.302845629254,-1.460313797e-05,1.27097234614,46.0080995233,36.5928596342,70.55951,True
141,desc,67626.2695292,2044-01-12,442736887.323,1.54092781179,127.34369,-0.934718797627,1.22505481123,-4.00468707085e-08,0.78620471397,25.9630110298,-0.980504112819,3.20528,True
119,desc,67626.8646555,2044-01-12,442788306.239,1.0238468909,92.69833,-0.0481999841445,1.02271169815,-4.9090012908e-06,0.166471262166,13.0015357458,-8.73646178718,13.44416,True
80,desc,67626.8894471,2044-01-12,442790448.227,1.55816682345,295.78687,0.677841162963,-1.40300221222,-3.6284327507e-06,2.52395898102,54.2910099091,-8.32503296824,23.55872,True
293,desc,67626.9684456,2044-01-12,442797273.697,0.978457343952,231.88447,-0.603951964767,-0.769818678773,5.48083335161e-07,1.77690591081,62.166117362,-0.788259988864,2.35416,True
87,desc,67630.3509877,2044-01-16,443089525.34,0.650232851113,159.37397,-0.608552661522,0.229055492887,9.93255525827e-07,0.797584546124,52.9084611293,-2.33489558512,3.1187,False
76,asc,67630.8373529,2044-01-16,443131547.292,1.24045185344,213.60445,-1.03314537864,-0.686535816464,-1.62981450558e-08,1.8012231493,54.4754862716,1.80379599537,4.09944,True
186,desc,67630.8770854,2044-01-16,443134980.183,1.12950453834,112.44372,-0.431217439477,1.04395020093,-2.00793147087e-06,0.187904610449,15.8298331485,-13.8653707408,30.12309,True
277,desc,67633.0555716,2044-01-19,443323201.389,3.15542173188,238.22184,-1.66174541128,-2.68240349204,3.23168933392e-06,3.86152979807,37.1962171045,-7.41645361334,40.35278,False
83,desc,67635.6148358,2044-01-21,443544321.813,0.314292058936,335.74474,0.286547718105,-0.129111980694,1.00955367088e-05,1.22636142619,86.1397144655,-29.0632826163,26.45905,False
220,desc,67636.1408936,2044-01-22,443589773.208,1.14385677534,202.58099,-1.05616605036,-0.439228410477,-2.55927443504e-06,1.5240203469,24.5885252405,-5.46465036652,13.76438,True
130,asc,67636.5921705,2044-01-22,443628763.53,2.25602967351,104.69532,-0.572307207037,2.18223150663,2.86847352982e-07,1.28598896589,19.2865217603,1.46788723759,5.43674,False
191,desc,67636.6612143,2044-01-22,443634728.916,0.464185077112,179.93571,-0.464184784896,0.000520849050324,3.67406755686e-07,0.917087876699,40.344374795,-4.50655245617,5.04225,False
227,asc,67636.6651269,2044-01-22,443635066.967,1.80812331791,350.18774,1.78167310449,-0.308141009142,3.33040952682e-06,2.47129351448,37.6283567945,7.99329272212,25.31356,False
21,asc,67637.222033,2044-01-23,443683183.649,1.66360731202,311.6149,1.10483598293,-1.24375509625,-1.05611979961e-06,2.61281940192,48.0104354988,2.40496944717,7.13333,False
121,asc,67637.4395306,2044-01-23,443701975.448,0.959455810279,275.18421,0.0866946265776,-0.955531000858,-5.23030757904e-06,1.92035141513,66.4592801745,9.03319020886,13.75276,True
42,desc,67639.61525,2044-01-25,443889957.599,0.858103395024,56.20005,0.477358534026,0.71307101087,1.52178108692e-06,0.909719007936,25.5914725849,-14.2392211932,25.15147,True
296,asc,67639.9376298,2044-01-25,443917811.213,0.298621849126,37.00648,0.238469685962,0.179742086481,1.07891391963e-05,0.968092955982,69.5084572824,21.8655694221,18.943,False
102,desc,67643.7000267,2044-01-29,444242882.305,1.02535859846,341.20276,0.970670875014,-0.330391143706,-5.17815351486e-06,1.87521607489,57.5386926002,-13.2111192702,26.06566,True
35,desc,67648.319347,2044-02-03,444641991.579,1.00999867392,218.30847,-0.792530547253,-0.626093166383,-1.31782144308e-06,1.46488879689,38.2421064196,-20.6621130782,44.05781,True
184,desc,67649.60749,2044-02-04,444753287.135,2.73612008346,241.82536,-1.2918882098,-2.4119241208,1.11758708954e-06,3.29830056024,46.3474463472,-2.38263673551,10.13806,False
273,asc,67649.8609901,2044-02-04,444775189.544,0.84284887385,234.38229,-0.490853497637,-0.685169371767,2.41212546825e-07,1.49026165666,47.8626726153,6.14234331098,10.31047,True
269,asc,67651.2753924,2044-02-06,444897393.901,0.880053504877,104.47484,-0.219973634983,0.852118402194,1.0933727026e-06,0.375268893758,20.5383599696,7.78501704125,13.47265,True
222,asc,67651.5483309,2044-02-06,444920975.787,0.875058528711,288.01435,0.270616383945,-0.832162364812,-6.35161995888e-06,1.83428129163,60.7741418361,12.136436152,21.61632,True
183,asc,67653.9348239,2044-02-08,445127168.789,1.02771345831,322.74951,0.818056650813,-0.622075773881,3.82214784622e-06,1.99937659498,57.3178446833,10.5899507625,21.47,True
287,asc,67657.4521012,2044-02-12,445431061.54,1.00483320806,79.08291,0.19030368325,0.986648004189,1.46683305502e-06,0.903590420312,34.0781684614,6.44257725544,9.76964,True
60,asc,67660.1205437,2044-02-15,445661614.975,1.02936763287,244.89558,-0.436729064741,-0.932129522985,6.19143247604e-06,1.64216751888,32.8968426555,10.5584570085,38.87863,True
37,desc,67662.0206964,2044-02-17,445825788.169,0.50779561716,92.66887,-0.0236448559516,0.507244822146,1.01681798697e-05,0.723060869112,39.561856923,-20.1783295779,24.92726,False
62,desc,67662.1499947,2044-02-17,445836959.544,1.01090430024,189.79921,-0.99615545443,-0.172051779573,5.85615634918e-06,0.875281093151,25.9638799728,-14.5795796991,23.72574,True
201,desc,67663.2035869,2044-02-18,445927989.907,0.90279588588,42.60435,0.664499025574,0.611131292419,-1.9297003746e-06,1.40843193878,45.155678524,-4.17932792961,6.40373,True
225,asc,67665.931824,2044-02-20,446163709.596,2.61511981587,107.52446,-0.787446366634,2.4937481571,-6.59376382828e-07,1.88155309606,13.7614036268,1.93304616535,8.14565,False
13,asc,67667.616035,2044-02-22,446309225.423,1.20226912507,74.85241,0.314160547618,1.16049739311,-2.94996425509e-07,1.24530362862,16.3407942649,1.13154470676,2.52172,True
204,asc,67668.332275,2044-02-23,446371108.562,1.00015166388,340.1136,0.94051151463,-0.340207938775,-5.97909092903e-07,1.96826029368,68.488187059,6.6365158424,10.00804,True
19,asc,67668.6936072,2044-02-23,446402327.666,1.33216309403,40.94164,1.0062859388,0.872953102099,-2.70642340183e-06,1.83436370626,32.7741461099,4.46398573139,10.7844,True
128,asc,67671.9775272,2044-02-26,446686058.353,0.673285881758,273.62643,0.0425859333344,-0.671937732871,2.66917049885e-06,1.48639715626,60.7082896856,5.85022200045,8.54804,False
250,desc,67673.3023184,2044-02-28,446800520.313,1.59188179794,119.94859,-0.794703588072,1.37932369867,-4.14438545704e-07,0.873481240569,10.7213424121,-1.07650301003,3.77164,True
293,asc,67673.3341308,2044-02-28,446803268.903,0.249352319236,51.88447,0.153912507329,0.196182362093,-7.2515103966e-07,1.04961221601,96.2812841206,3.09312853961,2.35416,False
242,asc,67675.0116609,2044-03-01,446948207.504,1.00399146782,277.35076,0.128453988392,-0.995740146982,3.07336449623e-08,1.77975850046,61.7512847807,1.14935222689,1.91954,True
255,asc,67675.1756199,2044-03-01,446962373.561,0.701296907974,299.46913,0.345006208762,-0.610563730539,9.96747985482e-07,1.62853902827,69.6197463888,1.40643439693,1.97262,False
52,asc,67675.8860347,2044-03-01,447023753.4,0.984975461154,131.99742,-0.659044266239,0.732009094351,-9.00775194168e-06,0.338051350211,31.7907013982,22.7874801947,42.36114,True
65,asc,67676.8978052,2044-03-02,447111170.368,0.940761703778,96.9752,-0.114245834774,0.933798946525,-1.17346644402e-06,0.903585713898,44.9716636735,2.55177812386,5.05883,True
34,desc,67677.5683989,2044-03-03,447169109.667,1.49137762934,86.7232,0.0852468131495,1.48893929162,7.17001967132e-07,1.42664398093,44.2723490308,-1.2262093962,2.79844,True
57,desc,67678.6322234,2044-03-04,447261024.105,1.01208037462,351.12615,0.999966150294,-0.15612297385,4.49828803539e-06,1.98074948824,55.7058378233,-27.8206397933,55.89453,True
46,asc,67681.8870202,2044-03-07,447542238.549,3.06312386276,82.01076,0.425734790572,3.03339375728,-3.42726707458e-07,2.97818597236,34.7854229703,2.82919209486,13.53118,False
155,asc,67682.1917556,2044-03-08,447568567.685,0.974045835208,286.22318,0.272128522809,-0.935260047346,-4.39211726189e-06,1.76704596512,53.683132557,10.6228736428,19.00837,True
162,desc,67683.7782819,2044-03-09,447705643.552,1.03395903928,276.44687,0.116094815737,-1.02742069702,-3.36766242981e-06,1.72478750849,46.7972749507,-7.5407019947,16.72622,True
297,asc,67683.9488703,2044-03-09,447720382.398,0.9578518783,81.11844,0.147885064281,0.946366857263,5.22006303072e-07,1.23607493186,35.4815124451,9.87166031563,24.30945,True
70,asc,67687.3528799,2044-03-13,448014488.824,3.07752902342,306.75571,1.84160706013,-2.4656983445,1.72294676304e-07,3.91968073539,40.4810474344,1.65412262748,8.18219,False
238,asc,67690.0718526,2044-03-16,448249408.062,2.16950615382,53.30016,1.29654657655,1.73946081482,-1.08405947685e-06,2.71138531034,33.6599324174,2.98054680038,10.90394,False
5,asc,67694.0620522,2044-03-20,448594161.307,0.954979016943,295.27177,0.407692349914,-0.863580841973,-2.94297933578e-07,1.73113421622,58.9222077331,17.1870722726,37.03321,True
247,asc,67694.757371,2044-03-20,448654236.858,0.988092717336,130.33277,-0.639519176103,0.753221376123,4.15428075939e-07,0.682979383855,23.1620104549,5.42526527264,8.69826,True
145,asc,67695.426118,2044-03-21,448712016.598,1.92477615493,61.2066,0.927073685087,1.68680100457,-1.08778476715e-06,2.45122576561,47.1015758274,4.71130977728,15.15631,False
285,asc,67696.6854967,2044-03-22,448820826.915,2.12207897124,193.47036,-2.06370175694,-0.494321978672,3.50177288055e-06,1.24469837471,25.9437118925,9.55744756718,35.13666,False
105,desc,67703.039736,2044-03-29,449369833.188,1.03264242452,336.83722,0.949402207614,-0.406184471749,-1.25914812088e-06,1.99149353523,57.0842669523,-18.1932652265,37.1231,True
25,asc,67704.0694154,2044-03-30,449458797.487,0.976088910962,220.68627,-0.74015902563,-0.636328672056,3.72529029846e-06,0.68745630902,21.6445488961,14.3784228528,24.53703,True
175,asc,67705.97013,2044-03-31,449623019.229,1.00475683129,120.97348,-0.517089331862,0.861484133858,-5.48455864191e-06,1.01344407078,31.5623907801,8.14232953879,13.20499,True
294,asc,67706.1467063,2044-04-01,449638275.427,0.59322375123,187.91609,-0.587570819196,-0.081700376086,1.68988481164e-06,0.411782053551,18.7100272949,2.75171724974,3.7759,False
190,desc,67707.3302195,2044-04-02,449740530.961,0.421484168585,261.65754,-0.0611529129496,-0.41702425062,-3.00537794828e-06,1.00263850733,55.4487286191,-6.98102985294,7.36842,False
243,desc,67709.7961981,2044-04-04,449953591.514,2.21509466725,306.38707,1.31407662514,-1.78321255271,1.2069940567e-06,2.85792881427,49.9099002771,-4.24278195493,15.64982,False
83,asc,67710.3426389,2044-04-05,450000804.002,0.961756022516,155.74474,-0.876856369071,0.395091830928,1.78813934326e-06,0.514906336502,24.6923331975,9.49758433433,26.45905,True
134,asc,67710.3673421,2044-04-05,450002938.354,1.62205621441,344.3211,1.56170166597,-0.438354045515,-2.36928462982e-06,2.57581981698,46.1424441438,12.6826661276,38.14572,False
26,asc,67710.5259099,2044-04-05,450016638.62,0.351985044212,161.99674,-0.334751480664,0.108788407204,-6.39632344246e-06,0.693074023196,36.2921644751,19.7756101381,19.2213,False
10,desc,67711.8165362,2044-04-06,450128148.731,1.00031431564,176.78899,-0.998743841213,0.0560309709646,-4.33018431067e-06,0.188093085815,24.6783233746,-19.3030697769,39.82206,True
288,asc,67712.173186,2044-04-07,450158963.275,0.997348247071,83.16315,0.11872690185,0.990256254064,2.24262475967e-06,1.58143217129,51.9191737601,5.49134655979,9.33904,True
45,asc,67714.3009506,2044-04-09,450342802.13,1.63160233968,164.09288,-1.56912381209,0.44718749665,-7.10785388947e-06,0.853316019019,16.9555271692,12.4458236696,37.98278,False
118,desc,67714.3541729,2044-04-09,450347400.542,0.946791056796,82.94888,0.116223200482,0.939630498067,1.71363353729e-07,1.56642930109,47.9648776343,-33.2229044587,68.42022,True
117,desc,67714.5436008,2044-04-09,450363767.105,0.886531582092,98.65037,-0.133338360061,0.87644687676,-1.56834721565e-06,1.35489742561,45.9034520512,-10.3505747992,18.68411,True
295,asc,67715.4742876,2044-04-10,450444178.446,2.69137354024,84.2559,0.269367748434,2.67785969558,-1.54227018356e-06,3.13239508885,37.97554649,2.92575386269,12.40454,False
196,desc,67716.8894986,2044-04-11,450566452.678,0.96698838138,264.80995,-0.0874734143731,-0.963023847836,-3.23029235005e-06,1.15978388542,42.2996822641,-6.29131710576,9.52381,True
198,desc,67718.3914071,2044-04-13,450696217.57,0.934096917009,218.83283,-0.727641693906,-0.585725717085,2.29477882385e-06,0.420006108365,39.5374655653,-12.8256141048,34.03784,True
298,desc,67719.0551681,2044-04-14,450753566.523,1.38817749185,318.73493,1.04344632178,-0.915563499953,-1.00582838058e-06,2.11753042669,50.2519636691,-11.5794634644,29.79622,True
142,asc,67719.9790186,2044-04-14,450833387.21,1.04409208627,34.03403,0.865244647465,0.584362887801,2.08022538573e-06,2.019153095,57.3116311159,3.03135262074,6.0672,True
212,asc,67721.2450943,2044-04-16,450942776.148,0.839511629616,54.49466,0.487570581372,0.683414006617,-3.86033207178e-07,1.74371599693,69.1150383817,2.77410870581,3.85786,True
87,asc,67722.0297919,2044-04-17,451010574.022,1.35058753016,339.37397,1.26401432147,-0.475767245347,5.33647835255e-07,2.22551485885,44.4987982968,1.12412248703,3.1187,True
9,desc,67727.7116066,2044-04-22,451501482.81,1.15289665413,157.13487,-1.06230440351,0.447973268621,-1.19209289551e-06,0.855149008874,14.268404998,-6.26603487675,13.33676,True
28,asc,67731.0995158,2044-04-26,451794198.167,3.72656654819,26.93149,3.32241569163,1.68785432135,2.50525772572e-07,4.73123949133,39.6937858395,1.03254873947,5.87999,False
202,desc,67731.1183254,2044-04-26,451795823.315,1.12403010091,336.84047,1.03344829723,-0.442072714286,-1.85769749805e-07,1.93223242877,48.0078610734,-2.72275227384,5.54384,True
156,asc,67733.8176596,2044-04-28,452029045.79,1.01982420655,173.52007,-1.01330900698,0.115092435167,9.07713547349e-06,0.62030822446,23.7129113665,15.6068818443,26.05772,True
68,asc,67736.0500121,2044-05-01,452221921.046,1.27655297873,139.30103,-0.967813609643,0.832420761688,-2.9020011425e-06,1.36032220894,33.6341220021,5.92183412681,13.91996,True
112,asc,67738.0377654,2044-05-03,452393662.928,1.10051648397,0.98343,1.10035437855,0.0188884381141,8.94069671631e-08,2.02418349048,49.8798623515,24.4786405582,62.10129,True
248,asc,67740.3388603,2044-05-05,452592477.534,2.2416229469,339.42683,2.09866162918,-0.787713655001,6.70552253723e-08,2.9254689025,35.3440839908,2.38755330909,8.97249,False
164,asc,67740.9516855,2044-05-05,452645425.629,0.784190191481,243.71849,-0.347225192665,-0.703127955634,-1.05751678348e-06,0.479187590589,35.5536619242,4.58191231107,7.30927,False
296,desc,67741.3421296,2044-05-06,452679159.995,0.964497486906,217.00648,-0.770216290224,-0.580536190535,-1.10175460577e-06,0.0439883110237,12.4707621857,-6.76988469296,18.943,True
163,asc,67741.5606505,2044-05-06,452698040.207,0.683582396636,165.54034,-0.661929024906,0.170689363984,2.02469527721e-06,0.786762165479,24.3279022226,17.3216173055,26.60392,False
89,asc,67743.9836148,2044-05-08,452907384.318,1.38246902593,8.869,1.36593943484,0.213143303926,-2.39163637161e-06,2.31034111479,48.6269778645,6.01475569882,15.31841,True
160,desc,67746.7750081,2044-05-11,453148560.703,1.73748049249,84.05008,0.180105752309,1.72812047606,-3.97907570004e-07,2.57518230664,43.722877611,-0.732786556939,1.94299,False
44,asc,67747.4835543,2044-05-12,453209779.093,0.995912089171,203.55397,-0.912936741525,-0.397979139316,3.8854777813e-06,0.329543201272,11.9935263846,7.22742360585,20.2845,True
64,asc,67748.041195,2044-05-13,453257959.245,1.02774044663,19.21585,0.970480255764,0.338258035841,1.74716114998e-06,1.99346750442,61.1504769328,26.6153828767,44.12226,True
210,desc,67750.1490434,2044-05-15,453440077.351,1.0197680676,151.11156,-0.892870185389,0.492655806562,-5.04031777382e-06,1.22047440707,37.1480783254,-10.7110836365,22.32417,True
48,desc,67753.8179426,2044-05-18,453757070.239,1.20162663851,264.58326,-0.113432570257,-1.19626068664,-5.19677996635e-07,0.707458247948,45.1831912317,-2.0603677392,5.9548,True
166,desc,67754.7404491,2044-05-19,453836774.803,4.16509592805,256.38375,-0.980537584122,-4.04803287239,1.49011611938e-06,3.29544605689,19.7273716151,-3.23382349458,20.77419,False
42,asc,67755.1079745,2044-05-20,453868528.998,1.01903071268,236.20005,-0.566881578555,-0.846799190652,-1.89989805222e-06,0.113213282875,14.1761293422,11.9905356102,25.15147,True
115,asc,67755.1794543,2044-05-20,453874704.855,0.85756078534,109.438,-0.285384761836,0.808681666829,-1.11758708954e-07,1.62389885679,55.0115461507,2.4770564476,3.69008,True
104,asc,67755.2800782,2044-05-20,453883398.758,1.41485729888,68.67554,0.514511361749,1.31799060498,-2.68220901489e-06,2.3948232881,49.7634418328,9.70027179905,24.75984,True
176,asc,67755.3219442,2044-05-20,453887015.975,1.12257253827,305.16698,0.646558331253,-0.917677191587,-3.72529029846e-09,1.30403715653,46.7165176588,1.56329308849,2.63958,True
141,asc,67758.6894455,2044-05-23,454177968.088,0.561504703326,307.34369,0.340605833147,-0.446402507031,1.41840428114e-06,1.01373134375,44.1245129124,2.6907807683,3.20528,False
249,desc,67760.851201,2044-05-25,454364743.77,2.61882885595,131.52793,-1.73624441473,1.96054071854,-1.65402889252e-06,3.02501818393,29.1766375792,-4.00917775061,17.09824,False
1,desc,67761.9585768,2044-05-26,454460421.031,2.32008851026,156.03924,-2.12015210797,0.942213210749,-5.21540641785e-07,2.37128576928,35.4986329046,-5.83075873085,22.14242,False
262,desc,67761.9890992,2044-05-26,454463058.168,0.426181055319,257.65134,-0.0911431196531,-0.416321058383,-8.19656997919e-06,0.63449732617,47.7837330639,-15.1763689362,15.83674,False
85,desc,67762.0480072,2044-05-27,454468147.826,1.00036922062,158.02633,-0.927698304235,0.374318626137,1.12354755402e-05,1.27346866064,45.0810919045,-24.2756902593,42.72023,True
26,desc,67762.9023646,2044-05-27,454541964.299,0.886596595788,341.99674,0.843187879918,-0.274021391177,3.26707959175e-06,1.50573823252,32.4309099743,-7.85105542005,19.2213,True
76,desc,67763.556427,2044-05-28,454598475.293,0.995075052713,33.60445,0.828776376336,0.550730495395,6.71483576298e-07,1.96306993702,58.3831704797,-2.24859630394,4.09944,True
165,desc,67766.6721471,2044-05-31,454867673.512,0.206736561063,123.99962,-0.115604481115,0.171393143464,4.2337924242e-06,1.12270255052,95.5012156012,-27.2127074076,19.13504,False
69,desc,67768.92605,2044-06-02,455062410.719,1.01940254929,46.5645,0.700877540033,0.740237955917,-1.42160570249e-06,2.01250598723,65.6268696774,-4.01762693998,6.24493,True
198,asc,67769.5994392,2044-06-03,455120591.547,0.356829085783,38.83283,0.277962292441,0.223749771936,-1.95018947124e-05,1.34641441444,84.3229973381,33.5745236902,34.03784,False
200,desc,67771.1440845,2044-06-05,455254048.898,1.05516784215,14.71649,1.0205527234,0.26805095388,-5.37186861038e-06,1.87206358723,62.7099780243,-9.05923909806,16.07668,True
195,desc,67773.1443551,2044-06-07,455426872.282,0.885563410551,234.20354,-0.517972735968,-0.718280445857,-1.95857137442e-06,0.249826145708,14.5177325574,-10.8102712678,19.42916,True
149,asc,67773.3647702,2044-06-07,455445916.143,1.62209030241,111.23173,-0.587425126779,1.51198831662,9.27597284317e-07,2.45667795611,43.1024668378,2.45625485534,6.50656,False
109,asc,67773.8004896,2044-06-07,455483562.305,1.08960927484,325.49909,0.897965736579,-0.617175751093,1.28522515297e-06,1.32195526012,46.3397391284,3.81134462922,8.88522,True
59,asc,67773.9177884,2044-06-07,455493696.921,1.42234476739,10.62092,1.39797732578,0.262152691967,-1.38580799103e-06,2.14833967901,54.2458341683,2.99099946794,7.40973,True
49,asc,67773.9880273,2044-06-07,455499765.563,0.199750974798,87.94857,0.00715039746489,0.199622953963,-1.98232010007e-05,1.20482612166,113.468676219,33.728858895,22.80162,False
13,desc,67774.3312395,2044-06-08,455529419.097,0.976499408812,254.85241,-0.255165488845,-0.942571837428,-6.92787580192e-07,0.120569632452,16.7690294536,-1.39316138064,2.52172,True
214,asc,67774.6672485,2044-06-08,455558450.267,1.12880374969,159.69,-1.05862417908,0.391807035137,3.22924461216e-06,1.50380404194,30.5762985077,6.65467850796,13.7949,True
15,desc,67778.1201007,2044-06-12,455856776.699,0.986646645761,313.6246,0.680717518987,-0.714209537136,1.06729567051e-06,1.0275397966,33.7681851258,-9.14218007378,13.83947,True
60,desc,67778.350228,2044-06-12,455876659.698,0.202180935107,64.89558,0.0857791598235,0.183082129823,-1.50268897414e-06,1.21674244557,110.416551151,-53.7564725967,38.87863,False
98,desc,67780.0068203,2044-06-14,456019789.27,1.21233878376,131.66594,-0.805946325021,0.905657687972,1.95577740669e-08,1.95174367168,40.0637229619,-2.30025447,5.52413,True
250,asc,67781.9127771,2044-06-15,456184463.937,0.503501498714,299.94859,0.251359396247,-0.436270802513,-1.26892700791e-06,0.745438570356,31.2087432311,3.40349641755,3.77164,False
229,asc,67782.694103,2044-06-16,456251970.502,0.99013462152,39.09556,0.768438803808,0.624394405432,-4.56348061562e-06,1.90203525113,57.610069598,12.8157788281,24.832,True
67,desc,67782.7552214,2044-06-16,456257251.13,1.15800401988,279.34195,0.187974530574,-1.14264556443,2.26078554988e-07,0.45544436554,21.3523714405,-0.744393050648,1.43938,True
5,desc,67782.8186428,2044-06-16,456262730.741,0.745228928478,115.27177,-0.31814744375,0.673905304829,-1.18166208267e-05,1.66376836124,65.5922504363,-22.0244984538,37.03321,False
294,desc,67785.368674,2044-06-19,456483053.43,0.832012706109,7.91609,0.8240843127,0.114587035425,-5.50877302885e-07,1.50994479677,43.1259846927,-1.96197007237,3.7759,True
254,asc,67792.0990553,2044-06-26,457064558.377,0.880093337893,13.78257,0.85475263391,0.209671691527,-1.16694718599e-06,1.54272848785,51.3861666744,4.0149332284,5.85396,True
63,asc,67792.7886173,2044-06-26,457124136.535,2.0528819336,357.06027,2.05018041274,-0.10528299254,-2.27987766266e-06,2.30988363797,26.2407593448,13.3626832493,53.19536,False
297,desc,67793.3002777,2044-06-27,457168343.991,0.431221678467,261.11844,-0.066577356149,-0.42605116081,3.04635614157e-06,0.589641502736,29.3058943842,-21.9274420732,24.30945,False
19,desc,67793.3626552,2044-06-27,457173733.41,0.994114475636,220.94164,-0.750931641085,-0.651433236093,-1.76019966602e-06,0.778172901997,40.0787202361,-5.98196403873,10.7844,True
21,desc,67794.3549866,2044-06-28,457259470.842,0.902458400332,131.6149,-0.599341266762,0.67470083021,7.0221722126e-07,1.77948459362,66.0260948802,-4.4333619766,7.13333,True
233,asc,67795.7467603,2044-06-29,457379720.091,3.04066786988,306.8226,1.82239204433,-2.43403950906,3.33413481712e-07,2.32632663343,19.8016194742,2.07893250522,10.12318,False
228,desc,67796.2614968,2044-06-30,457424193.322,0.922043696021,140.05713,-0.706917061839,0.591973686116,2.41678208113e-06,1.75248698264,56.5507659806,-4.46359775662,7.15733,True
55,desc,67796.5717035,2044-06-30,457450995.181,2.29036893089,122.02023,-1.21439634569,1.9419143532,-3.19629907608e-06,3.1958523254,44.1845686591,-5.90286984603,22.71515,False
106,desc,67797.8315974,2044-07-01,457559850.011,1.04971497093,10.01269,1.03372704444,0.182510048471,-4.8503279686e-06,1.57631692357,48.8804467751,-20.8974635197,40.78349,True
183,desc,67800.0091528,2044-07-04,457747990.802,0.967442388613,142.74951,-0.770081070637,0.585593647447,-5.56744635105e-06,1.79978484485,56.2084730651,-11.2496982245,21.47,True
231,asc,67800.9295187,2044-07-04,457827510.415,1.36553721031,358.77697,1.36522612034,-0.0291464076842,7.07805156708e-07,1.6328406883,47.2327572677,7.71237386035,19.07078,True
165,asc,67801.3046075,2044-07-05,457859918.086,0.842908631509,303.99962,0.471343890367,-0.698806051838,5.92321157455e-07,0.510783664424,18.4627273277,6.67434326375,19.13504,True
226,asc,67801.7507353,2044-07-05,457898463.533,0.967604659562,150.72865,-0.844054967774,0.473106741214,0,1.75102633395,50.9353226938,22.3575057632,45.86726,True
168,desc,67802.1029126,2044-07-06,457928891.651,2.0793219596,183.07513,-2.07632783972,-0.111546016035,1.11758708954e-07,2.34181929174,37.9187788512,-6.74027212676,23.65377,False
283,desc,67802.6602827,2044-07-06,457977048.422,1.05195123121,291.95181,0.393247384342,-0.975683292651,6.87316060066e-07,0.30202418723,6.70918936547,-4.62719136278,8.07603,True
37,asc,67802.9006262,2044-07-06,457997814.105,0.968429042528,272.66887,0.0450936645301,-0.967378608318,-1.22562050819e-06,0.0700609782176,12.8912078104,10.5805039619,24.92726,True
56,desc,67803.3513988,2044-07-07,458036760.86,1.54652820091,297.85066,0.722489399167,-1.36739114532,-4.47034835815e-07,0.711758511425,15.6564033825,-11.645631095,33.46935,True
153,asc,67804.1751945,2044-07-08,458107936.801,1.38316866462,272.10936,0.0509102355368,-1.38223142155,-1.46683305502e-07,0.377059612796,16.1983021519,0.483516059975,1.52282,True
219,desc,67806.3189241,2044-07-10,458293155.042,1.03098346374,7.46839,1.022237344,0.134006399299,-1.48192048073e-05,1.43282647269,36.5566340552,-27.8898304689,54.50065,True
299,desc,67807.0830968,2044-07-11,458359179.561,1.0625655439,337.86367,0.984243719779,-0.400387106644,-2.27615237236e-06,1.01569259919,39.374573855,-5.00757311207,11.16926,True
74,desc,67810.9582649,2044-07-14,458693994.091,0.91138855174,114.72295,-0.381170896171,0.827851339405,4.83822077513e-07,1.92011083534,67.2334964109,-3.60601638295,5.40987,True
211,desc,67812.1931744,2044-07-16,458800690.269,3.97351891491,0.21677,3.97349047699,0.0150331777955,5.49480319023e-08,3.85374772768,32.8084570852,-0.117834531594,0.79236,False
44,desc,67813.3492603,2044-07-17,458900576.093,0.321353249283,23.55397,0.294579402608,0.128416846182,1.17132440209e-05,1.11040593249,70.2036157237,-22.3986487104,20.2845,False
10,asc,67813.377576,2044-07-17,458903022.563,1.05046659754,356.78899,1.04881738499,-0.0588401690407,-6.47269189358e-08,1.2064944839,23.9115675449,18.3814859786,39.82206,True
199,asc,67814.7138402,2044-07-18,459018475.79,3.2058913702,74.44268,0.859827374893,3.08843590883,-5.96046447754e-07,4.10307503308,41.5267155203,5.43784205447,28.06534,False
71,desc,67814.9970375,2044-07-18,459042944.038,0.943653171143,39.36124,0.729597514112,0.59847203344,2.54437327385e-06,1.63061371651,50.1198055575,-10.1215370961,16.69512,True
48,asc,67817.8512939,2044-07-21,459289551.789,0.437984630705,84.58326,0.0413453903249,0.436028778216,3.17580997944e-07,1.42707410963,82.1989462106,5.65269323851,5.9548,False
224,desc,67818.3782929,2044-07-22,459335084.509,2.12176216263,314.62065,1.49034617357,-1.5102128849,3.65078449249e-07,1.26631775225,27.7042409706,-1.35155800003,4.49003,False
84,desc,67818.5961931,2044-07-22,459353911.082,1.03605958041,145.70748,-0.855963266616,0.583734820247,9.30391252041e-07,1.9578063582,62.1180174783,-4.14408460782,6.69302,True
142,desc,67821.5342122,2044-07-25,459607755.933,0.97952871162,214.03403,-0.811740636592,-0.548227722568,-1.20629556477e-06,1.27355076194,53.5248045786,-3.23115723353,6.0672,True
163,desc,67822.529879,2044-07-26,459693781.549,0.930264172066,345.54034,0.900796830567,-0.23228538454,-6.84708356857e-06,0.848280095306,16.0945035121,-12.7283765482,26.60392,True
296,asc,67824.8629431,2044-07-28,459895358.281,0.298621849126,37.00648,0.238469685962,0.179742086481,-6.19841739535e-06,1.11247814891,76.8753674687,21.8655694221,18.943,False
136,asc,67827.2924463,2044-07-31,460105267.364,1.03627887693,290.33711,0.360151512861,-0.971681428534,1.28895044327e-06,0.150829996308,12.7672287918,12.3013154574,24.09941,True
164,desc,67828.0108389,2044-08-01,460167336.478,1.05344870162,63.71849,0.46644797698,0.944553043363,1.75647437572e-06,1.83172486118,43.3516970817,-3.41078847696,7.30927,True
262,asc,67828.6779691,2044-08-01,460224976.529,1.23130237245,77.65134,0.263326438519,1.20281533045,-1.49756669998e-06,2.0984946818,40.8511365083,5.25287782583,15.83674,True
128,desc,67829.792316,2044-08-02,460321256.106,0.960298827468,93.62643,-0.0607397584824,0.958375980383,1.4528632164e-07,1.92148982581,56.1371067447,-4.10171476355,8.54804,True
49,desc,67830.3663345,2044-08-03,460370851.297,1.15710856194,267.94857,-0.0414205043849,-1.15636696854,-2.6561319828e-06,0.643888651564,40.2016580696,-5.82259319887,22.80162,True
90,desc,67831.8138342,2044-08-04,460495915.275,2.77828242036,114.79736,-1.16524013732,2.52211590329,-6.70552253723e-08,3.78807465181,43.0736576959,-4.44605334806,20.05615,False
271,asc,67832.2466151,2044-08-05,460533307.541,2.50485851369,210.87182,-2.1499635939,-1.28529090812,-7.48783349991e-07,2.7450531816,35.0685201666,3.83314643473,15.73453,False
83,desc,67832.2772868,2044-08-05,460535957.583,0.314292058936,335.74474,0.286547718105,-0.129111980694,-1.63819640875e-06,0.770255105692,49.7933537598,-29.0632826163,26.45905,False
91,desc,67832.4485031,2044-08-05,460550750.664,2.25559071347,39.82254,1.73236505013,1.44450711311,-5.9837475419e-08,2.57288812189,25.2638758747,-0.242677225285,0.83203,False
190,asc,67832.5919113,2044-08-05,460563141.134,1.00185223141,81.65754,0.145358205272,0.991251171875,-2.77068465948e-07,1.88455343108,50.1399598254,2.93695364564,7.36842,True
255,desc,67835.203838,2044-08-08,460788811.604,1.36051847046,119.46913,-0.669313259628,1.1844957868,1.96043401957e-07,2.37351214377,50.1263823055,-0.724964868357,1.97262,True
162,asc,67842.0619896,2044-08-15,461381355.9,0.689498332152,96.44687,-0.0774181362909,0.685138221247,1.07288360596e-06,1.62383390437,65.1329372904,11.3078982593,16.72622,False
227,desc,67842.6190094,2044-08-15,461429482.415,1.00021923102,170.18774,-0.98558747893,0.170457711681,-1.460313797e-06,1.91272692581,62.0073795607,-14.4496911373,25.31356,True
263,asc,67844.3933564,2044-08-17,461582785.993,2.37699735755,144.35835,-1.93173199387,1.38510936091,4.99188899994e-07,3.38327759225,44.2857753399,1.18164732105,4.64461,False
111,desc,67844.4228513,2044-08-17,461585334.352,0.958760207946,68.22125,0.355722520941,0.890327256932,-5.61401247978e-06,1.64865973634,52.7119755165,-18.9977100427,30.25143,True
280,desc,67846.8562584,2044-08-19,461795580.73,1.9976105856,344.91856,1.9288068168,-0.519761786953,-1.57952308655e-06,1.19384913543,22.9221422988,-10.0949491123,36.78219,False
81,desc,67847.3532262,2044-08-20,461838518.742,0.883137983233,310.14228,0.569348379876,-0.675111190666,1.67265534401e-06,0.183236801247,18.2701463071,-7.20238227673,17.0676,True
60,asc,67848.1803024,2044-08-21,461909978.13,1.02936763287,244.89558,-0.436729064741,-0.932129522985,-6.03497028351e-06,1.22654130274,37.8552871871,10.5584570085,38.87863,True
54,asc,67851.7626365,2044-08-24,462219491.795,0.970247715595,18.12085,0.922125964338,0.30176867881,-6.01261854172e-06,0.933670337588,35.8941992105,10.2961503773,17.99169,True
103,asc,67852.1689322,2044-08-25,462254595.738,0.738472615075,311.92731,0.493437989751,-0.549418559466,-1.41351483762e-06,0.318247090989,10.7332499387,2.91050465573,4.69797,False
222,desc,67852.4455593,2044-08-25,462278496.322,1.0079617149,108.01435,-0.311717382885,0.958550516096,3.46824526787e-06,1.93034895523,55.7947009323,-10.5362056971,21.61632,True
27,asc,67852.5870767,2044-08-25,462290723.426,1.04048377536,43.45101,0.755352384101,0.715576175269,7.93766230345e-06,1.32932610244,43.8330672746,30.2756901912,60.6846,True
292,asc,67852.9143847,2044-08-25,462319002.837,0.792735034334,126.7835,-0.474684173241,0.634904536395,-8.77305865288e-07,1.78886235805,69.068886453,1.7000342463,2.51747,False
218,desc,67858.5951542,2044-08-31,462809821.327,0.959395795783,353.91597,0.953992022367,-0.101683401916,-2.97836959362e-06,0.435326549776,22.6289550316,-16.041332705,24.23489,True
272,desc,67859.7970023,2044-09-01,462913661.001,0.377079538072,199.28184,-0.355927510748,-0.124517408924,1.42341013998e-06,1.28990546639,81.7515967639,-2.81705187478,2.63724,False
257,asc,67865.3816346,2044-09-07,463396173.23,1.00261986646,36.09232,0.810185885763,0.590631380076,-2.07312405109e-06,1.02168296327,36.9064671699,9.32602531911,17.74569,True
109,desc,67868.7959684,2044-09-10,463691171.668,0.650819028605,145.49909,-0.536351150727,0.368636475553,-3.64147126675e-06,1.65147831063,70.0543358517,-6.38100036272,8.88522,False
179,asc,67869.8600021,2044-09-11,463783104.186,0.894376426703,40.072,0.68440911775,0.575754593714,-1.49011611938e-07,0.966528484176,54.9483671794,15.0830107137,34.254,True
79,desc,67871.2294677,2044-09-13,463901426.008,1.03094297251,84.506,0.0987040413956,1.02620705746,-1.41654163599e-06,1.60546411599,48.5793782767,-5.06486646039,9.02376,True
195,asc,67871.7901497,2044-09-13,463949868.931,0.987212032964,54.20354,0.577427783943,0.800727639313,-2.97464430332e-06,1.18651437611,24.1554942258,9.69718801354,19.42916,True
274,asc,67872.9704582,2044-09-14,464051847.589,0.997080529231,308.19497,0.616534178739,-0.783616735541,-3.71970236301e-06,0.591247555295,15.0683283056,5.62911951371,9.1404,True
239,asc,67874.2783926,2044-09-16,464164853.124,0.375111652701,208.83489,-0.328602742704,-0.180911551538,9.21823084354e-06,1.30147124452,77.1206445032,34.8824222799,36.24349,False
170,desc,67874.9755435,2044-09-16,464225086.963,0.826010119371,315.03605,0.584444737429,-0.583709744817,1.03795900941e-06,0.497696321745,23.9158735339,-2.46411483751,3.58083,True
240,asc,67875.529043,2044-09-17,464272909.314,1.78093344793,137.21706,-1.30708429268,1.2096506098,-7.22706317902e-07,2.71500866208,44.8565616835,8.97987244428,28.00194,False
9,asc,67875.9277404,2044-09-17,464307356.768,1.06195861177,337.13487,0.978512085694,-0.412638087508,-3.64426523447e-06,0.156999878771,15.6587972586,6.80261035035,13.33676,True
105,asc,67877.7593316,2044-09-19,464465606.254,1.15925096641,156.83722,-1.06580496846,0.45598527645,2.98023223877e-07,2.15900185895,52.9591581189,16.2062728932,37.1231,True
291,desc,67880.9972374,2044-09-22,464745361.307,1.82895953487,338.02876,1.6961254485,-0.684289005574,-2.11410224438e-07,0.870718971618,12.6686294902,-1.14621199906,3.57805,False
95,desc,67883.1647657,2044-09-25,464932635.757,0.21347320718,8.12971,0.211327900088,0.0301882233343,-3.92273068428e-06,0.803569593836,66.6437832851,-14.2326970663,9.90138,False
98,asc,67884.0330744,2044-09-26,465007657.631,0.775565876625,311.66594,0.515585640295,-0.579373693316,1.44960358739e-06,0.667686071175,39.8897028106,3.59568128323,5.52413,False
261,asc,67886.0170157,2044-09-28,465179070.158,0.991784179892,31.55547,0.845132937191,0.519024255656,-4.02703881264e-06,0.62473182673,26.484343475,12.8356828608,23.24895,True
30,desc,67887.3788493,2044-09-29,465296732.58,1.19478123099,215.50297,-0.972653975199,-0.693863411958,-9.40635800362e-08,2.07485768103,48.3455694659,-2.77079219232,6.35218,True
278,desc,67891.5680051,2044-10-03,465658675.638,0.295975970714,117.22413,-0.135400856131,0.263188874003,-4.79072332382e-06,1.16773243205,99.5909268557,-9.86381093381,8.35561,False
232,desc,67895.4318924,2044-10-07,465992515.5,2.64167483186,196.90762,-2.52748820987,-0.768276816181,2.4139881134e-06,3.6274585653,38.6690505485,-11.0975091447,55.01316,False
297,asc,67895.5848972,2044-10-07,466005735.122,0.9578518783,81.11844,0.147885064281,0.946366857263,7.32019543648e-07,1.21669248139,32.9018028905,9.87166031563,24.30945,True
117,asc,67895.9010997,2044-10-07,466033055.01,0.966675213046,278.65037,0.145392324676,-0.955678836976,-9.46223735809e-07,1.34527019498,39.1783437109,9.49244516511,18.68411,True
201,asc,67896.5084349,2044-10-08,466085528.772,2.25885791732,222.60435,-1.66262264643,-1.52909287691,-3.09199094772e-07,3.11706333042,47.6634334282,1.67034855608,6.40373,False
112,desc,67897.2383769,2044-10-09,466148595.76,0.999106012836,180.98343,-0.998958845118,-0.0171479049771,1.19395554066e-05,1.99989646288,51.4954816488,-26.9632522409,62.10129,True
298,asc,67898.7124402,2044-10-10,466275954.836,1.02542621207,138.73493,-0.770778387867,0.676313236008,-5.12599945068e-06,1.84669306012,51.5097240248,15.6757749702,29.79622,True
45,desc,67899.2914274,2044-10-11,466325979.323,0.983536260425,344.09288,0.945873960071,-0.269566368881,-8.34465026855e-07,0.41337460872,30.1974049832,-20.6465545151,37.98278,True
37,desc,67900.8105516,2044-10-12,466457231.662,0.50779561716,92.66887,-0.0236448559519,0.507244822146,-7.24568963051e-06,1.06706718918,50.5486651651,-20.1783295779,24.92726,False
81,asc,67900.8783155,2044-10-12,466463086.458,0.378024734515,130.14228,-0.24370797569,0.288979449944,-5.84498047829e-06,1.23711231752,71.691457871,16.8261406665,17.0676,False
214,desc,67900.8887215,2044-10-12,466463985.536,1.1088130104,339.69,1.03987629666,-0.384868262749,-2.74227932096e-06,0.555584563533,31.2624397578,-6.77465540382,13.7949,True
173,asc,67901.5064718,2044-10-13,466517359.165,1.72071113497,238.33422,-0.903310383363,-1.46453991455,1.90548598766e-06,2.50348223685,41.0314783991,2.86421346292,8.2711,False
93,asc,67902.3430595,2044-10-14,466589640.339,0.978601016936,239.03405,-0.50351819423,-0.839124173426,-6.01261854172e-06,1.80914992209,56.1890978888,13.7461474954,22.76523,True
269,desc,67905.7909594,2044-10-17,466887538.888,1.09237407123,284.47484,0.273044188652,-1.05769938193,-9.9278986454e-07,1.48134054479,35.5474638027,-6.27187308188,13.47265,True
242,desc,67906.397818,2044-10-18,466939971.477,2.00417134187,97.35076,-0.256420308873,1.98770002585,3.53902578354e-08,2.11585739834,24.5182396812,-0.575769049884,1.91954,False
153,desc,67906.4589528,2044-10-18,466945253.519,0.48110636005,92.10936,-0.0177080631848,0.480780359602,4.17465344071e-07,1.0071313669,47.4190895727,-1.3900964912,1.52282,False
299,asc,67906.461863,2044-10-18,466945504.963,0.709026847822,157.86367,-0.656764400208,0.267169596983,2.52947211266e-06,1.62199372462,62.1091774396,7.5044755552,11.16926,False
83,asc,67907.0050899,2044-10-19,466992439.771,0.961756022516,155.74474,-0.876856369071,0.395091830928,4.14997339249e-06,1.84365376476,44.4466607389,9.49758433433,26.45905,True
78,asc,67907.3390025,2044-10-19,467021289.819,1.77811745868,279.53942,0.29468054273,-1.75352931957,4.47034835815e-08,2.13597640316,31.0356390146,11.2524632759,36.0152,False
276,desc,67908.8721904,2044-10-20,467153757.252,3.36711339777,180.07695,-3.36711036108,-0.00452213584085,5.3271651268e-07,4.33074980552,41.9476180017,-1.27992059315,6.73598,False
133,asc,67909.7344247,2044-10-21,467228254.291,1.11233337075,169.75955,-1.09461428215,0.197750097337,-2.93366611004e-06,2.04600273921,64.9033817905,4.26830115966,9.62248,True
126,desc,67911.1363256,2044-10-23,467349378.529,3.54372344657,158.65275,-3.3005933618,1.28998423472,4.842877388e-08,4.34592646708,35.502482392,-0.431614765276,2.42699,False
221,desc,67911.8702654,2044-10-23,467412790.93,1.0141147913,105.28603,-0.267359054717,0.978237162343,7.54662323743e-07,1.3569497338,45.0074578827,-1.0517068996,1.67978,True
3,desc,67914.0258738,2044-10-26,467599035.495,0.415735809989,80.13526,0.0712250348484,0.409589133301,-3.21678817272e-06,0.850077247709,67.4306259092,-16.3694260617,17.51489,False
73,asc,67915.6681529,2044-10-27,467740928.409,1.23289769585,181.16134,-1.23264444222,-0.0249881471736,-5.5180862546e-08,2.18550129518,61.1870328726,1.25064216245,2.66375,True
102,asc,67918.4207125,2044-10-30,467978749.557,1.12161431679,161.20276,-1.06179277371,0.361406670287,3.83704900742e-06,1.95182290244,54.4049977254,12.077355412,26.06566,True
172,asc,67918.4918784,2044-10-30,467984898.293,1.53611639021,116.63182,-0.688572773593,1.37314278199,8.64267349243e-07,1.82474649214,41.3765724609,6.32760468852,17.25133,True
243,asc,67919.2411417,2044-10-31,468049634.64,0.989792368677,126.38707,-0.587181683315,0.796810268427,-2.12714076042e-06,1.50546995786,42.1951652143,9.49508602013,15.64982,True
122,asc,67920.5262845,2044-11-01,468160670.982,2.64861237984,164.87309,-2.55683842105,0.691176408231,9.23871994019e-07,3.43337826919,44.1607516218,2.39424014203,10.06177,False
104,desc,67921.9745985,2044-11-02,468285805.308,1.05770931836,248.67554,-0.38463487601,-0.985294379517,4.38839197159e-06,1.94043981105,60.6469072445,-12.9756825601,24.75984,True
179,desc,67923.1204756,2044-11-04,468384809.088,0.507406699425,220.072,-0.388285917568,-0.326642931716,-9.05618071556e-06,1.49884650131,79.8492125211,-26.5859501685,34.254,False
53,desc,67924.7210368,2044-11-05,468523097.58,1.02344531027,312.13915,0.686663694784,-0.758902677151,3.82959842682e-06,1.3123517613,37.1232396982,-17.3754194474,29.53092,True
95,asc,67925.0107671,2044-11-06,468548130.281,1.00148260841,188.12971,-0.991418170955,-0.141624239628,-7.91624188423e-07,1.94711647052,47.4918882575,3.03380154987,9.90138,True
24,asc,67925.0151165,2044-11-06,468548506.066,1.02769998786,94.35212,-0.0779878364561,1.02473663076,-1.07809901237e-05,1.02377135303,43.5565495064,28.2308188568,64.00427,True
154,asc,67925.8745938,2044-11-06,468622764.904,1.02695533078,58.61606,0.534807898537,0.876708482379,2.82004475594e-06,0.425079088951,19.2150087153,5.98962914627,9.93722,True
296,desc,67926.2674429,2044-11-07,468656707.062,0.964497486906,217.00648,-0.770216290224,-0.580536190535,4.15649265051e-06,1.9582996204,50.1961623339,-6.76988469296,18.943,True
237,desc,67926.3278713,2044-11-07,468661928.08,0.802013288489,117.38763,-0.36893260675,0.712119404728,-7.72997736931e-08,1.19342134615,59.7405919791,-3.82640981252,5.83305,True
286,desc,67927.94549,2044-11-08,468801690.333,0.939039062276,61.00265,0.455217184465,0.821323124871,2.04890966415e-07,0.414054606039,22.6494820183,-5.92973105129,10.38842,True
59,desc,67929.4682536,2044-11-10,468933257.114,1.07828574465,190.62092,-1.05981268136,-0.198739094172,-6.39818608761e-07,2.01284717821,56.9075051375,-3.94536648897,7.40973,True
281,asc,67929.7834369,2044-11-10,468960488.952,0.918877039634,21.49671,0.854958676839,0.336720469923,-3.35415825248e-06,0.289007971294,12.8620996994,11.4606094647,21.38605,True
190,desc,67929.8753889,2044-11-10,468968433.604,0.421484168585,261.65754,-0.0611529129495,-0.41702425062,-4.3713953346e-06,1.33182065178,80.0643211336,-6.98102985294,7.36842,False
16,asc,67933.2613052,2044-11-14,469260976.772,2.68694470734,235.51959,-1.52114503239,-2.21490172485,2.75671482086e-06,3.6584259819,42.0341593753,5.27531130599,23.15184,False
103,desc,67934.0916099,2044-11-15,469332715.091,0.818163742333,131.92731,-0.546686585342,0.608708211441,-2.23517417908e-07,1.27825716457,35.2971031371,-2.62701446312,4.69797,True
278,asc,67935.0577248,2044-11-16,469416187.423,0.983082730237,297.22413,0.449733277336,-0.874180549856,1.52736902237e-06,1.58095861397,67.1383615223,2.969690064,8.35561,True
229,desc,67936.0063516,2044-11-17,469498148.775,1.07136512009,219.09556,-0.831481410134,-0.675619630523,2.9057264328e-06,2.06057928319,56.7622938351,-11.84409132,24.832,True
210,asc,67937.4953959,2044-11-18,469626802.206,0.858329658611,331.11156,0.751520846513,-0.414663984581,-6.27338886261e-06,1.1298010834,37.6166651984,12.7256712527,22.32417,True
239,desc,67939.2367726,2044-11-20,469777257.155,1.04562423427,28.83489,0.915980585364,0.504291192195,2.82377004623e-06,0.33947807258,33.0162713484,-12.5138674515,36.24349,True
35,asc,67940.1343334,2044-11-21,469854806.408,1.02047449808,38.30847,0.800750766612,0.632587077797,1.11523550004e-05,0.184227091809,22.2769991755,20.450003257,44.05781,True
92,asc,67940.598366,2044-11-21,469894898.82,0.947047464663,157.57903,-0.875456833689,0.361212171266,-7.32019543648e-07,1.57188986092,59.7709470617,4.06651907787,6.01513,True
273,desc,67941.2109853,2044-11-22,469947829.131,1.07044645389,54.38229,0.62340047217,0.870188176172,-1.13807618618e-06,0.115400865407,13.6466444102,-4.83636255101,10.31047,True
184,asc,67941.3978244,2044-11-22,469963972.032,1.07759486993,61.82536,0.508797883477,0.949913373669,-3.98606061935e-06,0.230867300211,8.8385401979,6.04975061176,10.13806,True
238,desc,67941.9962346,2044-11-22,470015674.674,0.945692883776,233.30016,-0.565167731271,-0.758235099395,8.36327672005e-07,1.93518141643,66.4744729617,-6.8376475451,10.90394,True
285,desc,67945.7562227,2044-11-26,470340537.643,1.04441819683,13.47036,1.0156868321,0.24328918792,-2.01165676117e-06,0.711876493228,34.7206810727,-19.4190972186,35.13666,True
225,desc,67947.0864952,2044-11-28,470455473.188,0.98863749071,287.52446,0.29769152268,-0.942753332193,2.20164656639e-06,1.77854170393,64.0761889817,-5.11324664451,8.14565,True
128,asc,67947.1236777,2044-11-28,470458685.752,0.673285881758,273.62643,0.0425859333344,-0.671937732871,1.56741589308e-06,1.57535448516,66.9290989761,5.85022200045,8.54804,False
231,desc,67947.5023367,2044-11-28,470491401.888,1.0251705712,178.77697,-1.02493702188,0.0218815270566,-1.4528632164e-07,1.76726681727,48.4706163177,-10.2729572834,19.07078,True
266,asc,67947.6090338,2044-11-28,470500620.523,1.13297687933,6.10124,1.12655929509,0.120419117045,-7.48783349991e-07,0.907900272591,13.5127493855,2.91881032731,5.70303,True
186,asc,67950.3003898,2044-12-01,470733153.679,1.06766146257,292.44372,0.407607252995,-0.986791429823,-3.79979610443e-07,1.83599077688,48.6683182301,14.6685065693,30.12309,True
149,desc,67952.6071447,2044-12-03,470932457.304,1.22144726453,291.23173,0.442335924923,-1.13853956873,5.82076609135e-07,2.00476520701,60.6467510112,-3.26192320927,6.50656,True
124,asc,67953.098287,2044-12-04,470974891.995,2.6572639901,116.62205,-1.19072840567,2.37554578509,6.03497028351e-07,2.23973271989,34.1168947412,3.81551497597,16.18609,False
94,desc,67953.5690984,2044-12-04,471015570.102,1.03989362733,273.21843,0.0583823992744,-1.03825346212,2.9057264328e-06,1.95374073757,63.7464246319,-15.6296755857,24.8525,True
194,desc,67953.7521048,2044-12-04,471031381.854,0.981737788651,134.32185,-0.685928576265,0.70236107091,8.01309943199e-06,1.15625218877,51.1510602524,-19.4518854523,39.93236,True
11,asc,67954.0324357,2044-12-05,471055602.448,3.66148411108,347.89802,3.58011125992,-0.767638757681,-4.47034835815e-07,3.53342004114,25.5585453188,6.39326657244,39.51172,False
200,asc,67954.552337,2044-12-05,471100521.918,1.84728684772,194.71649,-1.78668601148,-0.469277949763,3.45706939697e-06,2.60847591778,39.1067113415,5.17462557721,16.07668,False
171,desc,67955.1222212,2044-12-06,471149759.913,1.10547324972,319.50669,0.840692277525,-0.71784928805,-7.264316082e-07,1.6538856823,29.665335475,-6.67948062789,18.03421,True
294,asc,67958.3812046,2044-12-09,471431336.076,0.59322375123,187.91609,-0.587570819197,-0.0817003760858,-9.55536961555e-07,1.38745594479,67.6862149036,2.75171724974,3.7759,False
160,asc,67959.6002817,2044-12-10,471536664.336,1.46486442969,264.05008,-0.151846602756,-1.45697302878,1.52504071593e-07,2.42909927481,58.6705052584,0.869160532564,1.94299,True
3,asc,67962.0778827,2044-12-13,471750729.061,0.939408354225,260.13526,-0.1609420963,-0.92551915033,-5.73694705963e-07,1.91905274033,63.6169769035,7.24430070502,17.51489,True
256,desc,67965.678411,2044-12-16,472061814.71,1.34290533143,178.6164,-1.34251379684,0.0324258305426,-7.07805156708e-07,1.84936934647,49.9717347895,-3.61919221418,8.6717,True
60,desc,67966.4099867,2044-12-17,472125022.853,0.202180935107,64.89558,0.0857791598235,0.183082129823,-2.39722430706e-06,0.787254479768,65.2736785916,-53.7564725967,38.87863,False
115,desc,67967.0836843,2044-12-18,472183230.321,2.16169926786,289.438,0.71938460954,-2.03848706354,-6.50063157082e-07,3.03230565133,49.0330621243,-0.982665120963,3.69008,False
57,asc,67975.2975207,2044-12-26,472892905.788,1.83059729342,171.12615,-1.80868572708,0.282386953188,-1.9371509552e-07,2.0302650909,34.2488337521,15.3811674722,55.89453,False
68,desc,67975.8897564,2044-12-26,472944074.955,0.986755910689,319.30103,0.748105104664,-0.64344850583,4.3585896492e-06,1.75279934,54.2267089548,-7.66099793498,13.91996,True
12,desc,67976.7146667,2044-12-27,473015347.199,1.69572351956,305.36536,0.981464856626,-1.38282500339,4.41796146333e-08,2.5325430198,45.4968550766,-0.17106087727,0.44808,False
67,asc,67976.8662038,2044-12-27,473028440.005,1.55503535752,99.34195,-0.25242316636,1.53441112751,-1.3574026525e-07,0.640450947564,7.87387003656,0.554334755704,1.43938,True
215,asc,67976.964847,2044-12-27,473036962.785,1.69672636046,75.47581,0.425519847336,1.64250211622,-3.26428562403e-07,0.750808245987,14.2982215534,0.703009006229,2.13279,False
253,asc,67977.4294495,2044-12-28,473077104.441,1.22162503872,116.68273,-0.548570356743,1.09153025561,2.30967998505e-07,0.619343412162,31.7500889614,15.7073466165,38.24694,True
162,desc,67977.5917848,2044-12-28,473091130.21,1.03395903928,276.44687,0.116094815736,-1.02742069702,7.39470124245e-07,2.01056899072,55.902329913,-7.5407019947,16.72622,True
272,asc,67980.1776368,2044-12-31,473314547.817,1.47711678813,19.28184,1.39425889873,0.487766469847,3.49711626768e-07,1.4675995605,37.2999468852,0.71913922325,2.63724,True
82,asc,67980.6422231,2044-12-31,473354688.078,1.88898283229,168.05282,-1.84806530181,0.391038081173,1.47148966789e-06,1.94544815313,45.6219161476,3.1459863143,9.8289,False
