id,a_au,e,i_deg,Omega_deg,omega_deg,M0_deg,q_au,Q_au,period_d,period_yr,n_rad_s,n_deg_per_day,r_asc_node_au,r_desc_node_au,lon_asc_node_deg,lon_desc_node_deg,crosses_annulus_0p7_1p5,crosses_band_0p8_1p6,retrograde,r_at_t0_au,z_at_t0_au,r_min_window_au,t_r_min_mjd,date_r_min,r_max_window_au,t_r_max_mjd,date_r_max,zabs_max_window_au,n_perihelion_passages,perihelion_dates_mjd,n_asc_crossings,n_desc_crossings,n_ecliptic_crossings,n_node_crossings_in_band,n_node_crossings_0p6_2p0,asc_crossings_mjd_r,desc_crossings_mjd_r,moid_au,moid_km,moid_r_helio_au,moid_lon_deg,moid_z_au,d_earth_min_window_au,d_earth_min_window_km,t_d_earth_min_mjd,date_d_earth_min,v_rel_earth_at_min_kms,n_earth_approaches_lt_0p10au,n_earth_approaches_lt_0p05au,n_earth_approaches_lt_0p02au,days_in_band,frac_in_band,days_accessible,frac_accessible,n_access_windows,v_rel_earth_min_kms,v_rel_earth_max_kms,difficulty,note
1,1.7689528,0.4232224,22.14242,336.03924,27.87452,252.06689,1.0202923505,2.5176132495,859.355368573,2.35278677227,8.4623957475e-08,0.418918660621,1.05675314326,2.32008851026,336.03924,156.03924,True,True,False,1.91538688664,0.330776890263,1.0202923505,65754.4237804,2038-11-27,2.5176132495,62746.6799904,2030-09-02,0.750247184225,6,63176.36;64035.71;64895.07;65754.42;66613.78;67473.13,6,7,13,6,6,63151.34:1.057;64010.70:1.057;64870.05:1.057;65729.41:1.057;66588.76:1.057;67448.12:1.057,62605.83:2.320;63465.18:2.320;64324.54:2.320;65183.89:2.320;66043.25:2.320;66902.60:2.320;67761.96:2.320,0.0429662427688,6427658.4302,1.05169063013,337.873702637,0.0136984953716,0.668567199527,100016229.469,63177.870721,2031-11-07,22.5292671167,0,0,0,1527.79085683,0.278857559996,163.477621133,0.0298384889132,6,6.7801622224,64.0912476116,hard,
2,1.9810687,0.6361991,6.66957,294.34257,237.01137,28.07406,0.720714576022,3.24142282398,1018.46880517,2.78841561989,7.1403318194e-08,0.353471798227,1.80419196186,0.875845731894,294.34257,114.34257,True,True,False,3.04695016499,0.234415483915,0.720714576022,63157.5138483,2031-10-18,3.24142282398,63666.7482508,2033-03-10,0.338624663327,5,63157.51;64175.98;65194.45;66212.92;67231.39,5,5,10,5,10,63287.20:1.804;64305.67:1.804;65324.14:1.804;66342.61:1.804;67361.08:1.804,63125.81:0.876;64144.28:0.876;65162.75:0.876;66181.21:0.876;67199.68:0.876,0.0283169269961,4236151.98338,0.976703314741,100.467069998,0.0273783718919,0.130490038855,19521031.9603,66175.5252781,2040-01-22,13.6436767519,0,0,0,848.383862579,0.154849895063,691.405351766,0.126197645771,10,2.61001041758,72.284044235,easy,
3,2.2005608,0.8591108,17.51489,260.13526,243.26877,129.82319,0.310035250663,4.09108634934,1192.33552961,3.26443676827,6.0991264925e-08,0.301928434623,0.939408354225,0.415735809989,260.13526,80.13526,True,True,False,4.06677829334,1.06766674644,0.310035250663,63154.6910537,2031-10-15,4.09108634934,62558.5232888,2030-02-26,1.11897385032,5,63154.69;64347.03;65539.36;66731.70;67924.03,5,5,10,5,5,63192.74:0.939;64385.07:0.939;65577.41:0.939;66769.74:0.939;67962.08:0.939,63144.68:0.416;64337.02:0.416;65529.35:0.416;66721.69:0.416;67914.03:0.416,0.0185037699799,2768124.58891,1.01309950217,263.363600688,0.018002222833,0.23036978112,34462828.7291,65584.8870657,2038-06-10,24.4154419607,0,0,0,493.932384342,0.0901542111507,155.978647687,0.0284697508897,5,9.87266019138,100.432502204,moderate,
4,1.2714646,0.8896723,22.31053,265.09881,322.30016,301.48582,0.140277764949,2.40265143505,523.666553598,1.43372088596,1.3887091254e-07,0.687460364857,0.155569080425,0.895329019951,265.09881,85.09881,True,True,False,2.20326288738,0.60461811064,0.140277764949,63379.782656,2032-05-27,2.40265143505,62594.2828256,2030-04-03,0.605439079469,10,62856.12;63379.78;63903.45;64427.12;64950.78;65474.45;65998.12;66521.78;67045.45;67569.12,10,10,20,10,10,62857.68:0.156;63381.35:0.156;63905.02:0.156;64428.68:0.156;64952.35:0.156;65476.02:0.156;65999.68:0.156;66523.35:0.156;67047.02:0.156;67570.68:0.156,62823.38:0.895;63347.05:0.895;63870.71:0.895;64394.38:0.895;64918.05:0.895;65441.71:0.895;65965.38:0.895;66489.05:0.895;67012.71:0.895;67536.38:0.895,0.0186723603553,2793345.35009,0.980557000987,82.5084293004,0.0181819265953,0.366830709924,54877093.112,65422.8730031,2037-12-30,24.6788462904,0,0,0,1136.34444292,0.207409435167,322.955789762,0.0589469842139,10,6.79849345163,138.278019218,hard,
5,1.0838865,0.4771016,37.03321,295.27177,104.98562,38.79575,0.566762516632,1.60101048337,412.16787347,1.12845413681,1.7643794397e-07,0.873430519874,0.954979016943,0.745228928478,295.27177,115.27177,True,True,False,1.34039874373,-0.742471739398,0.566762516632,62804.2538223,2030-10-30,1.60101048337,62598.1698855,2030-04-07,0.948674159052,13,62804.25;63216.42;63628.59;64040.76;64452.93;64865.09;65277.26;65689.43;66101.60;66513.76;66925.93;67338.10;67750.27,13,13,26,13,26,62748.05:0.955;63160.22:0.955;63572.38:0.955;63984.55:0.955;64396.72:0.955;64808.89:0.955;65221.05:0.955;65633.22:0.955;66045.39:0.955;66457.56:0.955;66869.73:0.955;67281.89:0.955;67694.06:0.955,62836.80:0.745;63248.97:0.745;63661.14:0.745;64073.31:0.745;64485.48:0.745;64897.64:0.745;65309.81:0.745;65721.98:0.745;66134.15:0.745;66546.32:0.745;66958.48:0.745;67370.65:0.745;67782.82:0.745,0.0482083686476,7211869.29961,0.981548288533,292.898508929,-0.0306504305668,0.0738362704875,11045748.8454,65628.9931436,2038-07-24,22.3002947243,1,0,0,4300.41130578,0.784925631901,285.960854093,0.0521945432977,26,12.1693656807,77.448617121,hard,
6,1.6213702,0.6575603,24.37798,77.51847,77.93611,211.44116,0.555221524877,2.68751887512,754.087439256,2.06457888913,9.6437161502e-08,0.477398218375,0.809115161942,1.06694514054,77.51847,257.51847,True,True,False,2.41553832765,-0.847526874016,0.555221524877,66035.7089556,2039-09-04,2.68751887512,62642.315479,2030-05-21,1.09321651503,7,63019.36;63773.45;64527.53;65281.62;66035.71;66789.80;67543.88,7,7,14,14,14,62985.91:0.809;63740.00:0.809;64494.09:0.809;65248.17:0.809;66002.26:0.809;66756.35:0.809;67510.44:0.809,63074.84:1.067;63828.93:1.067;64583.01:1.067;65337.10:1.067;66091.19:1.067;66845.28:1.067;67599.36:1.067,0.0242652643245,3630031.87492,1.02820336184,254.893403483,0.0213353479622,0.712523377123,106591980.042,63060.7030371,2031-07-13,43.4633854317,0,0,0,1043.85710375,0.190528332877,311.957295374,0.0569395017794,14,16.5216529301,80.8424221789,hard,
7,2.0774415,0.5069959,43.64693,19.88008,5.84705,90.73316,1.02418717701,3.13069582299,1093.68342789,2.99434203392,6.6492780554e-08,0.329162891948,1.02598296037,3.11403490945,19.88008,199.88008,True,True,False,3.10038782103,0.0768956793229,1.02418717701,65299.0855075,2037-08-29,3.13069582299,66939.6106494,2042-02-24,1.31220280512,5,63111.72;64205.40;65299.09;66392.77;67486.45,5,5,10,5,5,63106.70:1.026;64200.39:1.026;65294.07:1.026;66387.75:1.026;67481.44:1.026,62518.24:3.114;63611.92:3.114;64705.61:3.114;65799.29:3.114;66892.97:3.114,0.0274123258881,4100825.5838,1.02593975082,19.9312475808,0.000873924827306,0.824534442805,123348596.962,63116.2040856,2031-09-07,34.5751065007,0,0,0,1128.34553791,0.205949447942,69.9904188338,0.0127748882197,5,6.82579596631,49.5822192444,hard,
8,1.7533776,0.4398616,42.03945,310.13923,6.97434,316.90227,0.98213412346,2.52462107654,848.0307649,2.32178169719,8.5754025887e-08,0.424512900829,0.984359192853,2.51003644744,310.13923,130.13923,True,True,False,2.47219057369,0.183729535228,0.98213412346,62997.5843102,2031-05-11,2.52462107654,62573.5689277,2030-03-13,1.11902409284,6,62997.58;63845.62;64693.65;65541.68;66389.71;67237.74,6,7,13,6,6,62991.84:0.984;63839.87:0.984;64687.90:0.984;65535.93:0.984;66383.96:0.984;67231.99:0.984,62535.79:2.510;63383.82:2.510;64231.85:2.510;65079.88:2.510;65927.91:2.510;66775.94:2.510;67623.97:2.510,0.0321285775851,4806366.79535,0.98443896396,310.04729512,-0.00142424458376,0.131469670528,19667582.7727,66383.2378703,2040-08-17,24.3659525101,0,0,0,1544.28859841,0.281868783648,86.9880919792,0.0158773610731,6,9.00266443737,58.1382071979,hard,
9,1.2458036,0.3355178,13.33676,337.13487,277.02906,354.6795,0.827814316896,1.6637928831,507.893668882,1.39053708113,1.4318361622e-07,0.708809780583,1.06195861177,1.15289665413,337.13487,157.13487,True,True,False,1.65279922682,0.365859898892,0.827814316896,62731.1872518,2030-08-18,1.6637928831,63493.0277552,2032-09-18,0.382826868607,11,62731.19;63239.08;63746.97;64254.87;64762.76;65270.66;65778.55;66286.44;66794.34;67302.23;67810.12,11,11,22,22,22,62796.99:1.062;63304.88:1.062;63812.78:1.062;64320.67:1.062;64828.57:1.062;65336.46:1.062;65844.35:1.062;66352.25:1.062;66860.14:1.062;67368.03:1.062;67875.93:1.062,62648.77:1.153;63156.67:1.153;63664.56:1.153;64172.46:1.153;64680.35:1.153;65188.24:1.153;65696.14:1.153;66204.03:1.153;66711.92:1.153;67219.82:1.153;67727.71:1.153,0.0289668132849,4333373.58838,1.02914683787,331.532825675,-0.0238102998993,0.143557728921,21475930.5692,67868.5893316,2044-09-10,15.4652602508,0,0,0,4250.91808103,0.775891960945,1200.83561456,0.21918058217,22,7.26489659361,67.9099514386,moderate,
10,1.7762319,0.6504315,39.82206,356.78899,267.84526,148.63266,0.620914720935,2.93154907906,864.665089929,2.36732399707,8.4104300050e-08,0.416346171706,1.05046659754,1.00031431564,356.78899,176.78899,True,True,False,1.23869466326,0.239226208843,0.620914720935,62572.3372012,2030-03-12,2.93154907906,63004.6697461,2031-05-18,1.87651668362,7,62572.34;63437.00;64301.67;65166.33;66031.00;66895.66;67760.33,7,7,14,14,14,62625.39:1.050;63490.05:1.050;64354.72:1.050;65219.38:1.050;66084.05:1.050;66948.71:1.050;67813.38:1.050,62523.83:1.000;63388.49:1.000;64253.16:1.000;65117.82:1.000;65982.49:1.000;66847.15:1.000;67711.82:1.000,0.00324777773384,485860.63349,0.998013290699,176.948916272,-0.00232276160628,0.155000436642,23187735.2792,63490.75557,2032-09-15,25.0363138687,0,0,0,1039.35771968,0.189707090063,258.964549685,0.047267086413,14,18.8773032327,78.0332786076,hard,
11,2.4391983,0.6118902,39.51172,347.89802,162.3993,287.72364,0.946676764373,3.93171983563,1391.4547572,3.80959550225,5.2263324977e-08,0.258722030406,3.66148411108,0.963804249473,347.89802,167.89802,True,True,False,3.28158814552,0.413838511945,0.946676764373,62870.8138821,2031-01-04,3.93171983563,63566.5412607,2032-11-30,1.54774671549,4,62870.81;64262.27;65653.72;67045.18,4,4,8,4,4,63779.67:3.661;65171.12:3.661;66562.58:3.661;67954.03:3.661,62883.93:0.964;64275.38:0.964;65666.84:0.964;67058.29:0.964,0.0289691529529,4333723.59774,0.964676678448,168.23602886,-0.004693156455,0.877575157554,131283374.949,62876.6867213,2031-01-10,33.4533810341,0,0,0,827.886668492,0.151108677799,56.9921981933,0.0104024089789,4,9.7227020436,64.7775188039,hard,
12,2.5430471,0.6246302,0.44808,125.36536,277.86165,125.51616,0.954583081318,4.13151111868,1481.25569364,4.05545706676,4.9094867604e-08,0.243037040497,1.42877315725,1.69572351956,125.36536,305.36536,True,True,False,3.20210686818,0.0224123861966,0.954583081318,63646.0627022,2033-02-18,4.13151111868,65867.9462426,2039-03-20,0.0321205599973,3,63646.06;65127.32;66608.57,3,4,7,3,7,63728.14:1.429;65209.40:1.429;66690.65:1.429,63532.95:1.696;65014.20:1.696;66495.46:1.696;67976.71:1.696,0.00652872916154,976683.980943,0.986754039294,66.9933904945,-0.00657068524874,1.47446108623,220576238.93,63665.0252991,2033-03-09,54.1065690993,0,0,0,611.916233233,0.111689022721,611.916233233,0.111689022721,3,8.4848209612,64.2114246965,easy,
13,2.1785708,0.7108614,2.52172,74.85241,98.3819,158.2996,0.629908911113,3.72723268889,1174.50790587,3.21562739458,6.1917039300e-08,0.306511346753,1.20226912507,0.976499408812,74.85241,254.85241,True,True,False,3.702855986,-0.159010071769,0.629908911113,63032.5598904,2031-06-15,3.72723268889,63619.8138433,2033-01-22,0.162747347903,5,63032.56;64207.07;65381.58;66556.08;67730.59,5,5,10,10,10,62969.58:1.202;64144.09:1.202;65318.60:1.202;66493.11:1.202;67667.62:1.202,63076.30:0.976;64250.81:0.976;65425.32:0.976;66599.82:0.976;67774.33:0.976,0.0028146603997,421067.202539,1.01663762516,258.385049658,-0.00275880414961,0.119701804091,17907135.011,67775.8556658,2044-06-09,16.7059576564,0,0,0,709.9028196,0.129573866229,709.9028196,0.129573866229,10,5.06233436164,77.6743050953,easy,
14,2.136714,0.574076,8.85374,226.433,31.25146,317.0831,0.910077773736,3.36335022626,1140.8223483,3.12340136426,6.3745290645e-08,0.315561840577,0.960929619818,2.8131702881,226.433,46.433,True,True,False,0.971708519343,0.136148474848,0.910077773736,64758.4685967,2036-03-06,3.36335022626,65328.8797708,2037-09-27,0.384483133963,4,63617.65;64758.47;65899.29;67040.11,4,5,9,4,4,63594.88:0.961;64735.71:0.961;65876.53:0.961;67017.35:0.961,62781.14:2.813;63921.96:2.813;65062.78:2.813;66203.60:2.813;67344.43:2.813,0.0268341608581,4014333.3264,0.99465724229,217.857572648,-0.0230965506059,0.0298617087836,4467248.04949,67009.381966,2042-05-05,12.8668265023,1,1,0,958.36880646,0.174924719409,255.964960307,0.0467195912036,4,2.74678410441,67.7718448404,easy,
15,2.7243079,0.6415852,13.83947,133.6246,166.78307,0.37394,0.976432271117,4.47218352888,1642.41427701,4.4966852211,4.4277532888e-08,0.219189521815,4.2697288009,0.986646645761,133.6246,313.6246,True,True,False,3.29332911445,0.316010437619,0.976432271117,62840.7082648,2030-12-05,4.47218352888,63661.9154033,2033-03-05,0.604509096128,4,62840.71;64483.12;66125.54;67767.95,3,4,7,4,4,63867.32:4.270;65509.74:4.270;67152.15:4.270,62850.88:0.987;64493.29:0.987;66135.71:0.987;67778.12:0.987,0.0267843651802,4006883.99901,0.991503114903,316.35785424,-0.0116470682309,0.79465642919,118878909.745,64454.801957,2035-05-07,32.8374523197,0,0,0,796.89091158,0.145451227302,154.478852998,0.028196003285,4,5.62701009253,62.5463316154,moderate,
16,2.2620457,0.5935572,23.15184,235.51959,140.00618,133.16977,0.919392188036,3.60469921196,1242.65476355,3.40220332253,5.8521525286e-08,0.289702345783,2.68694470734,1.00712962515,235.51959,55.51959,True,True,False,3.53365601532,-1.05663998661,0.919392188036,66953.5959037,2042-03-10,3.60469921196,62604.3042313,2030-04-13,1.13137251751,4,63225.63;64468.29;65710.94;66953.60,5,4,9,4,4,62962.64:2.687;64205.30:2.687;65447.95:2.687;66690.61:2.687;67933.26:2.687,63255.79:1.007;64498.44:1.007;65741.10:1.007;66983.75:1.007,0.0150050462438,2244722.96783,1.00154987947,54.3857281984,0.00847441870236,0.189576334918,28360216.0388,65733.9930855,2038-11-06,15.0961334664,0,0,0,851.88338352,0.155488639474,98.9864494936,0.0180673419108,4,7.46832488545,65.7839187552,hard,
17,2.2301886,0.5419751,39.65677,267.12483,5.0141,305.534,1.0214819105,3.4388952895,1216.49636113,3.33058551988,5.9779917548e-08,0.295931834654,1.02285769599,3.42339354379,267.12483,87.12483,True,True,False,1.52687028746,-0.964086427095,1.0214819105,63817.0418634,2033-08-08,3.4388952895,64425.290044,2035-04-08,1.2654324569,5,62600.55;63817.04;65033.54;66250.03;67466.53,5,4,9,5,5,62596.31:1.023;63812.81:1.023;65029.30:1.023;66245.80:1.023;67462.30:1.023,63161.00:3.423;64377.50:3.423;65593.99:3.423;66810.49:3.423,0.00505421914294,756100.421835,1.02284208046,267.146784611,0.000324889700565,0.567186492166,84849891.5179,67460.6004078,2043-07-30,27.7560914901,0,0,0,1072.85313441,0.195820786568,74.9897344648,0.0136873802354,5,7.35984801529,61.7291994936,hard,
18,2.2052447,0.6598497,3.02961,82.16378,169.30021,336.40315,0.750114646278,3.66037475372,1196.14438902,3.274864857,6.0797051622e-08,0.300967009756,3.54094671638,0.755335347102,82.16378,262.16378,True,True,False,0.866661368613,-0.0281176044521,0.750114646278,63670.6922217,2033-03-14,3.66037475372,63072.6200272,2031-07-25,0.103011731522,4,63670.69;64866.84;66062.98;67259.13,4,4,8,0,4,63200.13:3.541;64396.27:3.541;65592.41:3.541;66788.56:3.541,63676.19:0.755;64872.34:0.755;66068.48:0.755;67264.63:0.755,0.0459689903501,6876863.07461,1.01125357639,320.915698079,-0.0457104211867,0.201474739575,30140192.0403,64893.8979979,2036-07-19,13.3341179593,0,0,0,761.3957706,0.13897253399,761.3957706,0.13897253399,9,0.635281584305,72.3965324706,easy,
19,1.9236716,0.6388452,10.7844,40.94164,103.1481,101.26122,0.694743231964,3.15259996804,974.529133688,2.66811535575,7.4622758471e-08,0.369409171625,1.33216309403,0.994114475636,40.94164,220.94164,True,True,False,3.02711035685,-0.510909604086,0.694743231964,62874.9415757,2031-01-08,3.15259996804,63362.2061425,2032-05-10,0.580046279563,6,62874.94;63849.47;64824.00;65798.53;66773.06;67747.59,6,6,12,12,12,62796.05:1.332;63770.58:1.332;64745.11:1.332;65719.64:1.332;66694.16:1.332;67668.69:1.332,62920.72:0.994;63895.25:0.994;64869.78:0.994;65844.30:0.994;66818.83:0.994;67793.36:0.994,0.00494775430435,740173.508678,1.00761565289,222.326252259,-0.0046376554693,0.166504086371,24908656.7839,62828.1483876,2030-11-23,22.2299300134,0,0,0,985.365110868,0.179852176293,720.901313989,0.131581348663,12,7.60935602134,74.4804227417,moderate,
20,1.961768,0.4930609,5.31181,168.07244,147.23365,266.59627,0.994496904329,2.92903909567,1003.62136068,2.74776553233,7.2459649640e-08,0.35870101425,2.53649301531,1.04965132133,168.07244,348.07244,True,True,False,1.0925116119,-0.0184089408581,0.994496904329,64471.258467,2035-05-24,2.92903909567,65976.6905081,2039-07-07,0.213730811369,5,63467.64;64471.26;65474.88;66478.50;67482.12,5,5,10,5,5,63178.45:2.536;64182.07:2.536;65185.70:2.536;66189.32:2.536;67192.94:2.536,63495.62:1.050;64499.24:1.050;65502.87:1.050;66506.49:1.050;67510.11:1.050,0.0191015069715,2857544.7701,1.02081932094,338.14003521,0.0163686961654,0.0265049009015,3965076.73798,67497.3035752,2043-09-05,8.0395286643,1,1,0,1245.32952368,0.22730176111,692.405214892,0.126380144174,6,2.85279356055,66.4226366316,easy,
21,1.7597807,0.5788447,7.13333,311.6149,120.82624,110.65203,0.741140968643,2.77842043136,852.680345409,2.33451155485,8.5286417774e-08,0.422198074505,1.66360731202,0.902458400332,311.6149,131.6149,True,True,False,1.80905465512,-0.0264934699928,0.741140968643,62643.2751043,2030-05-22,2.77842043136,63922.2956224,2033-11-21,0.317315603148,7,62643.28;63495.96;64348.64;65201.32;66054.00;66906.68;67759.36,7,7,14,7,14,62521.14:1.664;63373.82:1.664;64226.50:1.664;65079.18:1.664;65931.86:1.664;66784.54:1.664;67637.22:1.664,62678.27:0.902;63530.95:0.902;64383.63:0.902;65236.31:0.902;66088.99:0.902;66941.67:0.902;67794.35:0.902,0.0248534795655,3718027.62249,0.980404905803,142.823228207,-0.0238420436208,0.268520813642,40170141.9595,66951.955033,2042-03-08,23.2757021468,0,0,0,1318.31953189,0.240624144539,1033.85847249,0.188703348846,21,6.83704311666,72.3043593204,easy,
22,2.1223157,0.653834,34.88704,275.31036,284.97994,241.5195,0.734673536606,3.50995786339,1129.31060666,3.09188393337,6.4395084698e-08,0.318778552044,1.03937071676,1.4621339193,275.31036,95.31036,True,True,False,2.37019570097,0.742587669389,0.734673536606,63830.2914504,2033-08-21,3.50995786339,63265.636147,2032-02-03,1.96312357421,5,62700.98;63830.29;64959.60;66088.91;67218.22,5,5,10,10,10,62748.91:1.039;63878.22:1.039;65007.53:1.039;66136.84:1.039;67266.15:1.039,62611.14:1.462;63740.45:1.462;64869.76:1.462;65999.07:1.462;67128.38:1.462,0.015337399344,2294442.28393,1.02948453228,274.472960601,-0.0104904701166,1.02274124938,152999913.184,62733.0408845,2030-08-20,51.279676283,0,0,0,843.384546948,0.153937403048,230.968382152,0.0421571311251,10,17.4073383912,74.1563589908,hard,
23,2.8902616,0.8954152,24.285,126.52941,302.96204,171.66312,0.302277431384,5.47824576862,1794.75080272,4.91375989795,4.0519303324e-08,0.200584949985,0.385253346022,1.11723747542,126.52941,306.52941,True,True,False,4.10869841462,1.61664560678,0.302277431384,63933.6890432,2033-12-02,5.47824576862,63036.3136418,2031-06-19,1.93113240849,3,63933.69;65728.44;67523.19,3,3,6,3,3,63941.97:0.385;65736.72:0.385;67531.47:0.385,63886.90:1.117;65681.65:1.117;67476.40:1.117,0.0266739238101,3990362.2052,1.02383306815,309.721124903,-0.025712254893,0.14542657402,21755505.8166,67479.6478692,2043-08-18,29.1337466803,0,0,0,290.960169724,0.0531070353134,115.484191076,0.0210785655626,3,8.08530093341,73.3779740485,hard,
24,1.2900749,0.2993525,64.00427,94.35212,61.50561,121.87829,0.903887753498,1.6762620465,535.20580501,1.46531363452,1.3587680008e-07,0.672638444184,1.02769998786,1.3701429057,94.35212,274.35212,True,True,False,1.35231063866,-0.990222339016,0.903887753498,64765.2462786,2036-03-13,1.6762620465,62892.0259611,2031-01-26,1.45273510816,11,62624.42;63159.63;63694.83;64230.04;64765.25;65300.45;65835.66;66370.86;66906.07;67441.28;67976.48,11,10,21,21,21,62572.96:1.028;63108.16:1.028;63643.37:1.028;64178.57:1.028;64713.78:1.028;65248.99:1.028;65784.19:1.028;66319.40:1.028;66854.60:1.028;67389.81:1.028;67925.02:1.028,62751.07:1.370;63286.27:1.370;63821.48:1.370;64356.69:1.370;64891.89:1.370;65427.10:1.370;65962.30:1.370;66497.51:1.370;67032.72:1.370;67567.92:1.370,0.0427638542655,6397381.54104,1.02492716644,94.6482047477,0.0108607662599,0.101898972793,15243869.3563,65787.695385,2038-12-30,34.2865327029,0,0,0,4085.44073364,0.745688475226,298.959074733,0.0545670225386,21,7.0562200919,64.3048838331,hard,
25,1.5415156,0.4059747,24.53703,220.68627,321.78869,266.00592,0.915699266745,2.16733193326,699.06943327,1.91394779814,1.0402693739e-07,0.514970306048,0.976088910962,1.89049657962,220.68627,40.68627,True,True,False,2.10293711856,0.312896484791,0.915699266745,62780.6621672,2030-10-06,2.16733193326,63130.1968838,2031-09-21,0.767477882656,8,62780.66;63479.73;64178.80;64877.87;65576.94;66276.01;66975.08;67674.15,8,8,16,8,16,62810.58:0.976;63509.65:0.976;64208.72:0.976;64907.79:0.976;65606.86:0.976;66305.93:0.976;67005.00:0.976;67704.07:0.976,62577.57:1.890;63276.64:1.890;63975.71:1.890;64674.78:1.890;65373.85:1.890;66072.92:1.890;66771.99:1.890;67471.06:1.890,0.030084106128,4500518.21866,0.981635912643,222.205416447,0.0118793371433,0.154446699524,23104897.3854,67002.0731396,2042-04-28,14.6750314975,0,0,0,2243.19292362,0.409435167442,193.973446482,0.035404690209,8,4.81585236128,65.4819278773,hard,
26,0.8586365,0.6427473,19.2213,161.99674,47.81378,206.20972,0.306750207944,1.41052279206,290.611265748,0.795650282678,2.5023824173e-07,1.23876821868,0.351985044212,0.886596595788,161.99674,341.99674,True,True,False,0.469972107932,0.116126658588,0.306750207944,62777.204073,2030-10-03,1.41052279206,62631.8984401,2030-05-10,0.389616594072,18,62777.20;63067.82;63358.43;63649.04;63939.65;64230.26;64520.87;64811.48;65102.09;65392.71;65683.32;65973.93;66264.54;66555.15;66845.76;67136.37;67426.98;67717.60,18,19,37,19,19,62770.13:0.352;63060.75:0.352;63351.36:0.352;63641.97:0.352;63932.58:0.352;64223.19:0.352;64513.80:0.352;64804.41:0.352;65095.02:0.352;65385.64:0.352;65676.25:0.352;65966.86:0.352;66257.47:0.352;66548.08:0.352;66838.69:0.352;67129.30:0.352;67419.91:0.352;67710.53:0.352,62531.90:0.887;62822.51:0.887;63113.12:0.887;63403.73:0.887;63694.34:0.887;63984.96:0.887;64275.57:0.887;64566.18:0.887;64856.79:0.887;65147.40:0.887;65438.01:0.887;65728.62:0.887;66019.23:0.887;66309.85:0.887;66600.46:0.887;66891.07:0.887;67181.68:0.887;67472.29:0.887;67762.90:0.887,0.0471378150772,7051716.765,0.989623805804,349.174403108,-0.0430701778575,0.0593947963077,8885335.05829,63124.1550073,2031-09-15,20.3707123117,1,0,0,4070.94271831,0.74304224838,565.922529428,0.103294096177,19,9.11156290911,97.5632297211,moderate,
27,1.7764915,0.4144802,60.6846,43.45101,2.59571,109.8499,1.04017094778,2.51281205222,864.854655767,2.36784300005,8.4085865390e-08,0.416254913585,1.04048377536,2.51098828381,43.45101,223.45101,True,True,False,1.80117181284,-1.4388610536,1.04017094778,63530.6634188,2032-10-25,2.51281205222,63098.2360909,2031-08-20,1.43904719367,7,62665.81;63530.66;64395.52;65260.37;66125.23;66990.08;67854.94,7,6,13,7,7,62663.46:1.040;63528.31:1.040;64393.17:1.040;65258.02:1.040;66122.88:1.040;66987.73:1.040;67852.59:1.040,63084.53:2.511;63949.39:2.511;64814.24:2.511;65679.10:2.511;66543.95:2.511;67408.81:2.511,0.0486596293222,7279376.93565,1.04047876936,43.4612184689,0.000330141633019,0.273380660571,40897164.712,66116.1238065,2039-11-24,33.7137453746,0,0,0,1783.75581714,0.3255771512,79.9890500958,0.0145998722511,7,10.6832333736,56.2434944624,hard,
28,2.379216,0.5758477,5.87999,26.93149,174.56857,242.39075,1.0091499386,3.7492820614,1340.44572684,3.66994038834,5.4252142187e-08,0.26856738232,3.72656654819,1.01080834159,26.93149,206.93149,True,True,False,3.51851727022,0.0777125055872,1.0091499386,62978.3591063,2031-04-22,3.7492820614,63648.5819697,2033-02-20,0.212998367506,4,62978.36;64318.80;65659.25;66999.70,4,4,8,4,4,63709.76:3.727;65050.21:3.727;66390.65:3.727;67731.10:3.727,62982.81:1.011;64323.26:1.011;65663.71:1.011;67004.15:1.011,0.00591834163744,885371.307036,1.01053114667,206.459694304,0.000856955653117,0.0422363547585,6318468.73801,67015.3946057,2042-05-11,9.04132005226,2,1,0,839.885026006,0.153298658637,405.444497673,0.0740031024729,4,5.79272439255,59.1826395275,easy,
29,1.8469723,0.5893724,51.3362,164.28075,293.54199,43.07106,0.758417802815,2.93552679718,916.830389571,2.51014480375,7.9318980908e-08,0.39265714149,0.975716993127,1.576537435,164.28075,344.28075,True,True,False,2.92207205891,2.01207240463,0.758417802815,62923.9695105,2031-02-26,2.93552679718,63382.3847053,2032-05-30,2.18085886854,6,62923.97;63840.80;64757.63;65674.46;66591.29;67508.12,6,6,12,12,12,62966.22:0.976;63883.05:0.976;64799.88:0.976;65716.71:0.976;66633.54:0.976;67550.37:0.976,62814.70:1.577;63731.53:1.577;64648.36:1.577;65565.19:1.577;66482.02:1.577;67398.85:1.577,0.0144747301587,2165388.8107,0.979580546125,164.602930192,0.00688416591756,0.525958523273,78682275.1581,62958.3007622,2031-04-02,41.0378097638,0,0,0,1141.84369012,0.208413176385,160.977963318,0.0293822429054,12,17.2399208669,61.5504033775,hard,
30,1.4707151,0.56018,6.35218,35.50297,286.09771,224.3616,0.646849915282,2.29458028472,651.465248746,1.78361464407,1.1162844420e-07,0.552600465939,0.873522723438,1.19478123099,35.50297,215.50297,True,True,False,2.19459224182,0.207096822524,0.646849915282,63399.8504796,2032-06-16,2.29458028472,66331.4440989,2040-06-26,0.248322268644,9,62748.39;63399.85;64051.32;64702.78;65354.25;66005.71;66657.18;67308.64;67960.11,8,9,17,17,17,62787.17:0.874;63438.63:0.874;64090.10:0.874;64741.56:0.874;65393.03:0.874;66044.49:0.874;66695.96:0.874;67347.43:0.874,62675.66:1.195;63327.12:1.195;63978.59:1.195;64630.05:1.195;65281.52:1.195;65932.98:1.195;66584.45:1.195;67235.91:1.195;67887.38:1.195,0.0262647468878,3929150.20888,0.98513958538,49.0211886934,0.0256268649017,0.308723839066,46184428.9585,62772.0615835,2030-09-28,13.78285673,0,0,0,1553.78729811,0.283602518478,1291.82315905,0.235787936856,17,5.96422987762,76.2109478674,easy,
31,2.7060815,0.8582965,48.41215,309.2807,114.23695,270.53778,0.383461219835,5.02870178016,1625.95954294,4.45163461448,4.4725622161e-08,0.221407722943,1.10024546378,0.526927017297,309.2807,129.2807,True,True,False,4.99237383897,-3.32565540689,0.383461219835,63230.0205161,2031-12-30,5.02870178016,65668.9598305,2038-09-02,3.47824469343,3,63230.02;64855.98;66481.94,3,3,6,3,3,63181.56:1.100;64807.52:1.100;66433.47:1.100,63244.60:0.527;64870.56:0.527;66496.52:0.527,0.0434087760635,6493860.46879,1.03924515277,311.109707973,0.0373513727575,0.508342599561,76046970.4805,63249.4703647,2032-01-18,37.0086537778,0,0,0,313.457090063,0.0572132493841,61.4915822612,0.011223651793,3,17.3280451177,92.8202373568,hard,
32,2.1329374,0.5261187,11.6234,58.16545,183.58089,165.35889,1.01075914793,3.25511565207,1137.79911354,3.1151241986,6.3914667626e-08,0.316400316819,3.24807511867,1.01143991861,58.16545,238.16545,True,True,False,3.15235823991,0.190979444032,1.01075914793,62952.9726758,2031-03-27,3.25511565207,64659.6713461,2035-11-28,0.379849624904,5,62952.97;64090.77;65228.57;66366.37;67504.17,4,5,9,5,5,63490.92:3.248;64628.72:3.248;65766.52:3.248;66904.32:3.248,62949.98:1.011;64087.78:1.011;65225.58:1.011;66363.38:1.011;67501.18:1.011,0.00172634925727,258258.172972,1.01147562436,238.074676934,0.000329621700326,0.273318188107,40887818.9643,64068.390162,2034-04-16,15.9229127577,0,0,0,1109.84807008,0.202573227484,241.466944977,0.0440733643581,5,4.00935149914,53.6768539494,moderate,
33,1.9713638,0.5537355,27.12971,315.60707,57.99014,59.04571,0.879749680525,3.06297791947,1010.99403446,2.76795081304,7.1931237661e-08,0.35608518718,1.05673095489,1.93478995766,315.60707,135.60707,True,True,False,3.04226266607,-1.09297586803,0.879749680525,63056.1690118,2031-07-09,3.06297791947,62550.6719946,2030-02-18,1.28145802564,5,63056.17;64067.16;65078.16;66089.15;67100.15,5,5,10,5,10,63011.89:1.057;64022.89:1.057;65033.88:1.057;66044.88:1.057;67055.87:1.057,63214.48:1.935;64225.47:1.935;65236.46:1.935;66247.46:1.935;67258.45:1.935,0.0324116506311,4848713.92028,1.04110519079,317.744296123,0.0198900067374,0.425011609347,63580831.7811,66149.67491,2039-12-27,15.493944277,0,0,0,1129.8453326,0.206223195547,114.984259513,0.020987316361,5,11.7366287083,68.7950637966,hard,
34,2.626685,0.6307928,2.79844,266.7232,95.499,320.72557,0.969791014132,4.28357898587,1554.92847915,4.25716216058,4.6768744120e-08,0.231521902664,1.68327879032,1.49137762934,266.7232,86.7232,True,True,False,3.6187456903,-0.149314847201,0.969791014132,62924.564395,2031-02-27,4.28357898587,63702.0286346,2033-04-15,0.208528563975,4,62924.56;64479.49;66034.42;67589.35,4,4,8,4,8,62814.07:1.683;64369.00:1.683;65923.93:1.683;67478.86:1.683,63012.78:1.491;64567.71:1.491;66122.64:1.491;67677.57:1.491,0.0430066405316,6433701.84949,1.00178422847,25.6972263896,0.0428000913434,0.368253789792,55089982.8301,65999.4248897,2039-07-30,21.1717123122,0,0,0,805.889679715,0.14709371293,805.889679715,0.14709371293,4,1.2235697116,66.7935802042,easy,
35,1.1099069,0.292096,44.05781,38.30847,91.01207,20.86395,0.785707534138,1.43410626586,427.098704259,1.16933252364,1.7026989649e-07,0.842896493037,1.02047449808,1.00999867392,38.30847,218.30847,True,True,False,0.907616370565,0.245915257754,0.785707534138,63310.7408379,2032-03-19,1.43410626586,62670.0927815,2030-06-18,0.997208840172,12,62883.64;63310.74;63737.84;64164.94;64592.04;65019.14;65446.23;65873.33;66300.43;66727.53;67154.63;67581.73,13,13,26,26,26,62814.95:1.020;63242.05:1.020;63669.15:1.020;64096.25:1.020;64523.34:1.020;64950.44:1.020;65377.54:1.020;65804.64:1.020;66231.74:1.020;66658.84:1.020;67085.94:1.020;67513.04:1.020;67940.13:1.020,62523.13:1.010;62950.23:1.010;63377.33:1.010;63804.43:1.010;64231.53:1.010;64658.63:1.010;65085.73:1.010;65512.83:1.010;65939.92:1.010;66367.02:1.010;66794.12:1.010;67221.22:1.010;67648.32:1.010,0.0017175563662,256942.775191,1.00972069445,218.269455558,0.000665300684089,0.101325200957,15158034.3114,62812.5995451,2030-11-07,22.8650929401,0,0,0,5132.79735834,0.936855552514,439.939775527,0.0802992973811,26,9.18710797361,67.0694171432,hard,
36,2.7171262,0.784464,46.75042,70.17634,277.9808,113.40946,0.585638512643,4.84861388736,1635.92406919,4.47891600053,4.4453195314e-08,0.220059113243,0.942407610203,1.17278595475,70.17634,250.17634,True,True,False,2.51947023591,1.52541813024,0.585638512643,63956.4890681,2033-12-25,4.84861388736,63138.5270335,2031-09-29,3.50480348263,3,63956.49;65592.41;67228.34,3,3,6,6,6,63996.20:0.942;65632.12:0.942;67268.04:0.942,63899.27:1.173;65535.20:1.173;67171.12:1.173,0.0315084389312,4713595.37319,0.963307575355,71.3899002417,0.021682712013,0.613103043737,91718909.8627,67260.7244789,2043-01-11,49.1290297425,0,0,0,376.948398577,0.0688018979834,98.4865179305,0.0179760927092,6,20.6199327487,66.0220837894,hard,
37,0.7532601,0.3398784,24.92726,272.66887,156.64665,348.82064,0.497243262428,1.00927693757,238.789855243,0.653770993135,3.0454414444e-07,1.50760173473,0.968429042528,0.50779561716,272.66887,92.66887,True,True,False,0.991901857537,-0.259340357661,0.497243262428,62640.1544586,2030-05-19,1.00927693757,62520.7595309,2030-01-19,0.344395925564,23,62640.15;62878.94;63117.73;63356.52;63595.31;63834.10;64072.89;64311.68;64550.47;64789.26;65028.05;65266.84;65505.63;65744.42;65983.21;66222.00;66460.79;66699.58;66938.37;67177.16;67415.95;67654.74;67893.53,23,23,46,23,23,62549.52:0.968;62788.31:0.968;63027.10:0.968;63265.89:0.968;63504.68:0.968;63743.47:0.968;63982.26:0.968;64221.05:0.968;64459.84:0.968;64698.63:0.968;64937.42:0.968;65176.21:0.968;65415.00:0.968;65653.79:0.968;65892.58:0.968;66131.37:0.968;66370.16:0.968;66608.95:0.968;66847.74:0.968;67086.53:0.968;67325.32:0.968;67564.11:0.968;67802.90:0.968,62647.43:0.508;62886.22:0.508;63125.01:0.508;63363.80:0.508;63602.59:0.508;63841.38:0.508;64080.17:0.508;64318.96:0.508;64557.75:0.508;64796.54:0.508;65035.33:0.508;65274.12:0.508;65512.91:0.508;65751.70:0.508;65990.49:0.508;66229.28:0.508;66468.07:0.508;66706.86:0.508;66945.65:0.508;67184.44:0.508;67423.23:0.508;67662.02:0.508;67900.81:0.508,0.0455676277171,6816820.07933,0.976059590047,270.487858907,-0.0172611719222,0.0586093044627,8767827.15082,67797.754304,2044-07-01,12.8513994837,1,0,0,2996.08985765,0.546856465006,764.395359978,0.1395200292,23,4.88663052228,76.8111888989,hard,
38,2.1368372,0.5778302,9.53681,78.7561,39.13098,286.60515,0.902108133357,3.37156626664,1140.9210171,3.12367150471,6.3739777843e-08,0.31553455025,0.982839360211,2.57963097596,78.7561,258.7561,True,True,False,1.28908683586,-0.138658950503,0.902108133357,62573.5258141,2030-03-13,3.37156626664,63143.9863226,2031-10-04,0.445582049365,5,62573.53;63714.45;64855.37;65996.29;67137.21,5,5,10,5,5,62544.82:0.983;63685.74:0.983;64826.66:0.983;65967.58:0.983;67108.50:0.983,62827.41:2.580;63968.33:2.580;65109.25:2.580;66250.18:2.580;67391.10:2.580,0.00108650917502,162539.459079,0.984286962968,78.4272488916,-0.000949102656905,0.711537823675,106444543.344,62609.9110454,2030-04-18,31.5100443912,0,0,0,1053.35580345,0.192262067707,302.458595675,0.0552057669495,5,10.1431806845,68.5164366622,easy,
39,2.0053413,0.5700748,52.36973,252.04419,219.55372,117.7066,0.862146759471,3.14853584053,1037.24386363,2.83981892849,7.0110853114e-08,0.347073636801,2.41523656794,0.940322296148,252.04419,72.04419,True,True,False,3.08641123013,1.86006344562,0.862146759471,67084.3230469,2042-07-19,3.14853584053,66565.7011151,2041-02-15,2.00306565679,5,62935.35;63972.59;65009.84;66047.08;67084.32,5,5,10,5,5,63167.35:2.415;64204.59:2.415;65241.83:2.415;66279.08:2.415;67316.32:2.415,62908.15:0.940;63945.39:0.940;64982.63:0.940;66019.88:0.940;67057.12:0.940,0.0434601049377,6501539.15908,0.944377567829,71.4544594835,0.0126068476049,0.0986886712267,14763615.0777,63943.6090172,2033-12-12,30.7618680497,1,0,0,1114.84738571,0.2034857195,59.9917875719,0.0109499041883,5,3.60255445292,66.2539050017,hard,
40,2.2749288,0.5664273,9.28064,247.76284,322.40456,21.0016,0.986347022124,3.56351057788,1253.28586076,3.43130968038,5.8025111783e-08,0.287244922544,1.06642654826,2.80305964086,247.76284,67.76284,True,True,False,1.71445638171,0.245142308112,0.986347022124,63633.4578095,2033-02-05,3.56351057788,63006.8148791,2031-05-20,0.454635345031,4,63633.46;64886.74;66140.03;67393.32,4,4,8,4,4,63664.94:1.066;64918.23:1.066;66171.51:1.066;67424.80:1.066,63338.96:2.803;64592.25:2.803;65845.53:2.803;67098.82:2.803,0.0315735835095,4723340.86339,1.0345624694,239.68439919,-0.0237511226921,0.293583055271,43919399.9422,67426.5285774,2043-06-26,18.2886871733,0,0,0,856.882699151,0.15640113149,257.964686559,0.0470845880099,4,0.674798950664,62.0745158031,easy,
41,2.5345579,0.6190904,47.83485,55.15904,187.34432,105.13552,0.965437435866,4.10367836413,1473.84479523,4.03516713274,4.9341730148e-08,0.244259097813,4.04967933169,0.968475555186,55.15904,235.15904,True,True,False,2.76008979636,-1.26484941081,0.965437435866,63717.2633712,2033-04-30,4.10367836413,62980.3409736,2031-04-24,1.6314862916,3,63717.26;65191.11;66664.95,4,3,7,3,3,62880.85:4.050;64354.70:4.050;65828.54:4.050;67302.39:4.050,63711.70:0.968;65185.54:0.968;66659.39:0.968,0.0438961368741,6566768.60831,0.968706869863,234.975146645,0.00343303476397,0.0790207946832,11821342.6256,66659.5194667,2041-05-20,29.0376772844,1,0,0,612.916096359,0.111871521124,36.4950041062,0.00666119171457,3,8.74215536339,47.3637523002,hard,
42,1.0569542,0.3442881,25.15147,236.20005,255.58121,238.7447,0.693057446695,1.42085095331,396.901445114,1.08665693392,1.8322445802e-07,0.907026175973,1.01903071268,0.858103395024,236.20005,56.20005,True,True,False,0.742583553417,-0.173172712389,0.693057446695,62921.2902354,2031-02-24,1.42085095331,63119.740958,2031-09-10,0.597354329321,14,62524.39;62921.29;63318.19;63715.09;64111.99;64508.90;64905.80;65302.70;65699.60;66096.50;66493.40;66890.30;67287.21;67684.11,14,13,27,27,27,62595.39:1.019;62992.29:1.019;63389.19:1.019;63786.09:1.019;64182.99:1.019;64579.90:1.019;64976.80:1.019;65373.70:1.019;65770.60:1.019;66167.50:1.019;66564.40:1.019;66961.31:1.019;67358.21:1.019;67755.11:1.019,62876.80:0.858;63273.70:0.858;63670.60:0.858;64067.50:0.858;64464.40:0.858;64861.31:0.858;65258.21:0.858;65655.11:0.858;66052.01:0.858;66448.91:0.858;66845.81:0.858;67242.71:0.858;67639.62:0.858,0.00484766135305,725199.816291,1.01639469483,235.8315754,-0.00306906302507,0.1107817146,16572708.6166,67758.0204383,2044-05-23,14.2246335944,0,0,0,4529.37996168,0.82671776622,699.404256775,0.127657632996,27,9.04401024734,70.4253854294,hard,
43,2.1080611,0.7625195,11.62102,135.99028,107.91942,275.26427,0.500623404059,3.71549879594,1117.95215737,3.06078619403,6.5049341948e-08,0.322017357923,1.15282412624,0.714685247381,135.99028,315.99028,True,True,False,1.43116398778,-0.0612785755364,0.500623404059,62581.0924134,2030-03-21,3.71549879594,63140.0684921,2031-10-01,0.720880524158,5,62581.09;63699.04;64817.00;65934.95;67052.90,5,5,10,5,10,62523.95:1.153;63641.90:1.153;64759.85:1.153;65877.80:1.153;66995.75:1.153,62606.32:0.715;63724.27:0.715;64842.23:0.715;65960.18:0.715;67078.13:0.715,0.0333937977438,4995641.03706,0.994712361157,145.201828656,0.0327291389471,0.134365362147,20100772.0731,63652.809362,2033-02-24,21.2198353467,0,0,0,607.416849165,0.110867779907,379.448056392,0.0692581439912,10,5.21696101418,54.8861242799,moderate,
44,0.7615816,0.6016359,20.2845,203.55397,148.33841,279.20801,0.303386768661,1.21977643134,242.757743064,0.66463447793,2.9956635471e-07,1.48295990668,0.995912089171,0.321353249283,203.55397,23.55397,True,True,False,0.716264762178,-0.24830000519,0.303386768661,62953.7844269,2031-03-28,1.21977643134,62589.6478123,2030-03-29,0.310160188407,22,62711.03;62953.78;63196.54;63439.30;63682.06;63924.82;64167.57;64410.33;64653.09;64895.85;65138.60;65381.36;65624.12;65866.88;66109.64;66352.39;66595.15;66837.91;67080.67;67323.42;67566.18;67808.94,22,22,44,22,22,62649.57:0.996;62892.33:0.996;63135.09:0.996;63377.84:0.996;63620.60:0.996;63863.36:0.996;64106.12:0.996;64348.88:0.996;64591.63:0.996;64834.39:0.996;65077.15:0.996;65319.91:0.996;65562.66:0.996;65805.42:0.996;66048.18:0.996;66290.94:0.996;66533.69:0.996;66776.45:0.996;67019.21:0.996;67261.97:0.996;67504.73:0.996;67747.48:0.996,62715.44:0.321;62958.19:0.321;63200.95:0.321;63443.71:0.321;63686.47:0.321;63929.23:0.321;64171.98:0.321;64414.74:0.321;64657.50:0.321;64900.26:0.321;65143.01:0.321;65385.77:0.321;65628.53:0.321;65871.29:0.321;66114.05:0.321;66356.80:0.321;66599.56:0.321;66842.32:0.321;67085.08:0.321;67327.83:0.321;67570.59:0.321;67813.35:0.321,0.00368357438736,551054.884914,1.00191756929,203.052473985,-0.00324119650625,0.229413895355,34319830.2541,67717.092174,2044-04-12,14.7833678668,0,0,0,3678.49644128,0.671411625148,1010.86162059,0.184505885574,23,3.62428895806,97.5124505592,hard,
45,1.5062784,0.4303842,37.98278,164.09288,125.15536,49.97368,0.857999975839,2.15455682416,675.23710537,1.84869844044,1.0769854261e-07,0.533146056603,1.63160233968,0.983536260425,164.09288,344.09288,True,True,False,1.0094564857,-0.0548586673604,0.857999975839,63807.2148575,2033-07-29,2.15455682416,62794.3591995,2030-10-20,1.22427803569,8,63131.98;63807.21;64482.45;65157.69;65832.93;66508.16;67183.40;67858.64,8,8,16,8,16,62987.64:1.632;63662.88:1.632;64338.12:1.632;65013.35:1.632;65688.59:1.632;66363.83:1.632;67039.06:1.632;67714.30:1.632,63172.63:0.984;63847.87:0.984;64523.11:0.984;65198.34:0.984;65873.58:0.984;66548.82:0.984;67224.05:0.984;67899.29:0.984,0.0231954551018,3469990.69315,0.988102427432,344.828767187,-0.00990826402835,0.0612718942476,9166144.9132,63849.1858995,2033-09-09,22.4055220293,1,0,0,2295.18580619,0.418925084406,204.971940871,0.0374121726435,17,7.10924699713,66.4939507044,hard,
46,2.1965633,0.5440374,13.53118,82.01076,204.47648,312.60606,1.00155071333,3.39157588667,1189.08804197,3.25554563167,6.1157836594e-08,0.302753023573,3.06312386276,1.0343018277,82.01076,262.01076,True,True,False,1.1384902478,0.109737890346,1.00155071333,62545.6312845,2030-02-13,3.39157588667,63140.1753055,2031-10-01,0.562360826224,5,62545.63;63734.72;64923.81;66112.90;67301.98,5,5,10,5,5,62925.53:3.063;64114.62:3.063;65303.71:3.063;66492.80:3.063;67681.89:3.063,62525.16:1.034;63714.25:1.034;64903.34:1.034;66092.43:1.034;67281.51:1.034,0.0142963544672,2138704.18707,1.02958518813,263.764438581,-0.00758235054248,0.548083012564,81992051.6464,64951.0820703,2036-09-15,23.1191255999,0,0,0,1025.85956748,0.187243361621,210.971119628,0.0385071630623,5,4.77006896042,64.0316317743,moderate,
47,2.8487174,0.6529252,1.99822,141.2725,293.89656,298.65131,0.988718021862,4.70871677814,1756.19396053,4.80819701718,4.1408895487e-08,0.204988747309,1.29243824729,2.22196822287,141.2725,321.2725,True,True,False,4.64080661423,0.138635558373,0.988718021862,63255.4722907,2032-01-24,4.70871677814,64133.569271,2034-06-20,0.155088796365,3,63255.47;65011.67;66767.86,3,3,6,3,3,63317.52:1.292;65073.71:1.292;66829.90:1.292,63084.31:2.222;64840.51:2.222;66596.70:2.222,0.0303373752244,4538406.73619,0.992671791114,83.3280442063,-0.0293406551067,0.405694696858,60691062.8042,64981.5934772,2036-10-15,21.2786716793,0,0,0,588.419449767,0.107400310247,588.419449767,0.107400310247,3,1.19574572586,54.1261535739,easy,
48,2.6346507,0.8696748,5.9548,84.58326,302.38055,277.11768,0.343361379408,4.92594002059,1562.00706656,4.27654227669,4.6556801005e-08,0.230472708931,0.437984630705,1.20162663851,84.58326,264.58326,True,True,False,4.78662149314,0.392728388816,0.343361379408,63121.6258708,2031-09-12,4.92594002059,67026.6435372,2042-05-22,0.442619819503,4,63121.63;64683.63;66245.64;67807.65,4,4,8,4,4,63131.83:0.438;64693.84:0.438;66255.84:0.438;67817.85:0.438,63067.80:1.202;64629.80:1.202;66191.81:1.202;67753.82:1.202,0.0133270934234,1993704.79876,1.01914581632,271.740198477,-0.0132430046348,0.262928694564,39333572.8527,64725.454636,2036-02-02,22.5407290095,0,0,0,405.944429236,0.0740943516744,271.962770326,0.0496395656538,8,8.2029370161,97.8820937227,easy,
49,1.0779942,0.8270189,22.80162,87.94857,31.44438,329.18266,0.18647262251,1.96951577749,408.811461461,1.11926478155,1.7788652966e-07,0.880601533806,0.199750974798,1.15710856194,87.94857,267.94857,True,True,False,0.965169776825,0.0460999581542,0.18647262251,63279.0530901,2032-02-17,1.96951577749,62665.8358979,2030-06-13,0.476285623256,13,62870.24;63279.05;63687.86;64096.68;64505.49;64914.30;65323.11;65731.92;66140.73;66549.54;66958.36;67367.17;67775.98,13,14,27,14,14,62868.25:0.200;63277.06:0.200;63685.87:0.200;64094.68:0.200;64503.50:0.200;64912.31:0.200;65321.12:0.200;65729.93:0.200;66138.74:0.200;66547.55:0.200;66956.37:0.200;67365.18:0.200;67773.99:0.200,62515.82:1.157;62924.63:1.157;63333.44:1.157;63742.25:1.157;64151.06:1.157;64559.87:1.157;64968.69:1.157;65377.50:1.157;65786.31:1.157;66195.12:1.157;66603.93:1.157;67012.74:1.157;67421.55:1.157;67830.37:1.157,0.0334234759245,5000080.82969,1.02547103144,263.606590322,0.0326219575243,0.131456830652,19665661.9545,64137.6513857,2034-06-24,32.7058932256,0,0,0,1849.2468519,0.337530796606,750.397276211,0.136965051556,14,5.90896065736,121.066289642,hard,
50,1.8662592,0.5078643,10.61149,284.1074,61.54418,231.68165,0.918452777773,2.81406562223,931.228736763,2.54956532995,7.8092577361e-08,0.386586008129,1.11506915967,1.82701799435,284.1074,104.1074,True,True,False,1.03908087514,0.179110310134,0.918452777773,64325.6132519,2034-12-29,2.81406562223,63859.9988835,2033-09-19,0.486905053572,5,63394.38;64325.61;65256.84;66188.07;67119.30,5,6,11,5,11,63343.09:1.115;64274.32:1.115;65205.54:1.115;66136.77:1.115;67068.00:1.115,62614.62:1.827;63545.85:1.827;64477.08:1.827;65408.31:1.827;66339.53:1.827;67270.76:1.827,0.0459092482333,6867925.78113,1.04171839718,295.894331343,0.0398384525224,0.221998789875,33210546.2633,67077.1385817,2042-07-12,17.8721859903,0,0,0,1312.32035313,0.23952915412,426.441623323,0.0778355689388,12,3.18563112666,64.369124464,moderate,
51,2.0361805,0.4927933,10.029,313.49561,344.83848,49.36415,1.03276439201,3.03959660799,1061.26254721,2.90557850024,6.8524091760e-08,0.339218604243,1.04476933399,2.94016464904,313.49561,133.49561,True,True,False,2.87367246812,0.287138878856,1.03276439201,64238.2645206,2034-10-03,3.03959660799,66891.4208886,2042-01-07,0.357616988167,5,63177.00;64238.26;65299.53;66360.79;67422.05,5,5,10,5,5,63190.32:1.045;64251.58:1.045;65312.84:1.045;66374.11:1.045;67435.37:1.045,62758.32:2.940;63819.59:2.940;64880.85:2.940;65942.11:2.940;67003.37:2.940,0.0257617665509,3853905.42149,1.04006464623,310.221101219,-0.010505764146,0.0746063532304,11160951.584,66359.8517422,2040-07-24,8.64210782088,1,0,0,1143.34348481,0.208686923989,290.960169724,0.0531070353134,5,2.00652479456,54.1468761615,moderate,
52,1.7352089,0.5283516,42.36114,131.99742,300.71884,105.2967,0.818408501351,2.65200929865,834.883881864,2.28578749312,8.7104391097e-08,0.431197688469,0.984975461154,1.71320133821,131.99742,311.99742,True,True,False,1.62908304296,-0.0889601237108,0.818408501351,62625.5718814,2030-05-04,2.65200929865,63877.8977042,2033-10-07,1.65685977776,7,62625.57;63460.46;64295.34;65130.22;65965.11;66799.99;67634.88,7,6,13,7,13,62666.58:0.985;63501.47:0.985;64336.35:0.985;65171.23:0.985;66006.12:0.985;66841.00:0.985;67675.89:0.985,63325.11:1.713;64159.99:1.713;64994.88:1.713;65829.76:1.713;66664.65:1.713;67499.53:1.713,0.000437058795049,65383.06511,0.985059726542,132.007544589,0.000158728976481,0.328983450476,49215223.6867,67671.4368016,2044-02-26,31.9691330679,0,0,0,1674.77073638,0.305684825258,107.485286066,0.0196185783374,7,9.75746387385,68.1798465258,hard,
53,2.31463,0.6050551,29.53092,132.13915,224.21624,268.48277,0.914151313887,3.71510868611,1286.23639323,3.52152332164,5.6538636715e-08,0.27988634274,2.59073965593,1.02344531027,132.13915,312.13915,True,True,False,2.96730664188,1.42816291432,0.914151313887,62813.2163705,2030-11-08,3.71510868611,63456.3345672,2032-08-12,1.50939584489,5,62813.22;64099.45;65385.69;66671.93;67958.16,4,5,9,5,5,63053.97:2.591;64340.21:2.591;65626.44:2.591;66912.68:2.591,62779.78:1.023;64066.01:1.023;65352.25:1.023;66638.48:1.023;67924.72:1.023,0.00626509655798,937245.104803,1.02159835511,312.446356703,-0.00310293639149,0.769330523232,115090208.14,62851.3881299,2030-12-16,29.6908323799,0,0,0,971.367027101,0.17729719865,99.9863126198,0.0182498403139,5,12.5271592924,61.6989181631,hard,
54,1.319908,0.3266154,17.99169,18.12085,48.77155,331.74911,0.888805720617,1.75101027938,553.877749116,1.51643463139,1.3129621524e-07,0.649962921556,0.970247715595,1.50254038139,18.12085,198.12085,True,True,False,1.50186710076,0.000663946160886,0.888805720617,62905.0986345,2031-02-08,1.75101027938,63182.037509,2031-11-12,0.498281156557,10,62905.10;63458.98;64012.85;64566.73;65120.61;65674.49;66228.37;66782.24;67336.12;67890.00,10,10,20,20,20,62866.86:0.970;63420.74:0.970;63974.62:0.970;64528.50:0.970;65082.37:0.970;65636.25:0.970;66190.13:0.970;66744.01:0.970;67297.88:0.970;67851.76:0.970,62502.17:1.503;63056.05:1.503;63609.93:1.503;64163.81:1.503;64717.68:1.503;65271.56:1.503;65825.44:1.503;66379.32:1.503;66933.19:1.503;67487.07:1.503,0.0246703576815,3690632.97857,0.978822844068,15.8014226033,-0.0128637557452,0.763081861423,114155421.639,67022.7934406,2042-05-18,12.4326961656,0,0,0,3519.01827265,0.642303129848,840.884889132,0.15348115704,20,9.98837912849,53.8134876962,moderate,
55,1.7074001,0.4367044,22.71515,302.02023,24.71568,91.62974,0.96177096377,2.45302923623,814.89448889,2.23105951784,8.9241065141e-08,0.441774984257,0.98931839847,2.29036893089,302.02023,122.02023,True,True,False,1.54752362917,-0.587533536934,0.96177096377,62622.3762829,2030-05-01,2.45302923623,63844.7180163,2033-09-04,0.725600720312,7,62622.38;63437.27;64252.17;65067.06;65881.95;66696.85;67511.74,7,7,14,7,7,62602.27:0.989;63417.16:0.989;64232.05:0.989;65046.95:0.989;65861.84:0.989;66676.74:0.989;67491.63:0.989,62907.20:2.290;63722.10:2.290;64536.99:2.290;65351.89:2.290;66166.78:2.290;66981.68:2.290;67796.57:2.290,0.0268093332922,4010619.17541,0.992236674964,300.858811289,-0.00841890933876,0.398868076323,59669814.9081,63409.8512921,2032-06-26,21.9675773262,0,0,0,1796.25410621,0.327858381239,179.475431152,0.0327584633634,7,2.71094839378,61.9795437139,hard,
56,1.348659,0.3295322,33.46935,117.85066,47.49688,264.1083,0.90423243268,1.79308556732,572.073274405,1.56625126463,1.2712017047e-07,0.629290015994,0.983285522422,1.54652820091,117.85066,297.85066,True,True,False,0.906014848304,0.407894320209,0.90423243268,65356.8936953,2037-10-25,1.79308556732,62782.5639605,2030-10-08,0.905800143619,9,63068.60;63640.67;64212.75;64784.82;65356.89;65928.97;66501.04;67073.11;67645.19,9,10,19,19,19,63030.54:0.983;63602.61:0.983;64174.68:0.983;64746.76:0.983;65318.83:0.983;65890.90:0.983;66462.98:0.983;67035.05:0.983;67607.12:0.983,62654.69:1.547;63226.77:1.547;63798.84:1.547;64370.91:1.547;64942.99:1.547;65515.06:1.547;66087.13:1.547;66659.20:1.547;67231.28:1.547;67803.35:1.547,0.000551367456465,82483.3974604,0.983371486268,117.829637428,-0.000238538691378,0.284302975821,42531119.8165,63606.1416178,2033-01-09,24.0020756791,0,0,0,3281.55078018,0.598959759102,469.43573775,0.0856830002737,19,9.50982325035,64.6073121761,hard,
57,1.4229631,0.2897508,55.89453,171.12615,186.41125,194.80694,1.0106584034,1.8352677966,619.995995155,1.69745652335,1.1729439018e-07,0.58064891195,1.83059729342,1.01208037462,171.12615,351.12615,True,True,False,1.73827393644,0.860783801968,1.0106584034,63344.4853067,2032-04-22,1.8352677966,63034.4873091,2031-06-17,1.16644398517,9,62724.49;63344.49;63964.48;64584.48;65204.47;65824.47;66444.47;67064.46;67684.46,9,9,18,9,18,63015.33:1.831;63635.33:1.831;64255.32:1.831;64875.32:1.831;65495.31:1.831;66115.31:1.831;66735.31:1.831;67355.30:1.831;67975.30:1.831,62718.66:1.012;63338.66:1.012;63958.66:1.012;64578.65:1.012;65198.65:1.012;65818.64:1.012;66438.64:1.012;67058.64:1.012;67678.63:1.012,0.00483555710067,723389.045909,1.01207805108,351.129087226,-7.66157657196e-05,0.181796386196,27196352.2759,64582.7478254,2035-09-12,30.3107943977,0,0,0,3111.07411716,0.567843781367,112.484601697,0.0205310703531,9,6.10286769205,57.3796153743,hard,
58,3.0280445,0.727252,20.16655,110.95612,126.42497,263.41986,0.825893081286,5.23019591871,1924.60587324,5.26928370497,3.7785425670e-08,0.187051284113,2.51069347543,0.996302147303,110.95612,290.95612,True,True,False,5.10668301058,-1.54421465543,0.825893081286,63640.9356085,2033-02-12,5.23019591871,62678.6326718,2030-06-26,1.55244566982,3,63640.94;65565.54;67490.15,3,3,6,3,3,63448.95:2.511;65373.56:2.511;67298.17:2.511,63676.31:0.996;65600.91:0.996;67525.52:0.996,0.0141349207567,2114554.04772,1.00930482027,292.632538233,-0.0108436471716,0.318518744636,47649725.9755,65572.4166446,2038-05-29,15.9324535418,0,0,0,572.421639748,0.104480335797,84.9883657268,0.0155123642668,3,8.95662948182,55.1920907712,hard,
59,1.6359485,0.5001928,7.40973,10.62092,105.96629,96.27681,0.817658839129,2.45423816087,764.280657786,2.09248640051,9.5150978146e-08,0.471031153716,1.42234476739,1.07828574465,10.62092,190.62092,True,True,False,0.869264947179,0.106152081444,0.817658839129,62524.165472,2030-01-23,2.45423816087,64434.8671165,2035-04-17,0.310430889634,8,62524.17;63288.45;64052.73;64817.01;65581.29;66345.57;67109.85;67874.13,7,8,15,15,15,63188.23:1.422;63952.51:1.422;64716.80:1.422;65481.08:1.422;66245.36:1.422;67009.64:1.422;67773.92:1.422,62579.50:1.078;63343.78:1.078;64108.06:1.078;64872.35:1.078;65636.63:1.078;66400.91:1.078;67165.19:1.078;67929.47:1.078,0.0242914380457,3633947.40788,1.00475181471,180.470045499,0.0230229870367,0.189152955668,28296879.4045,62536.2300831,2030-02-04,9.96487666042,0,0,0,1878.24288256,0.342823250297,1447.80180673,0.264257687745,15,6.45485791463,68.9899675409,easy,
60,0.6423893,0.6883841,38.87863,244.89558,192.65395,5.45664,0.20017871987,1.08459988013,188.059758741,0.514879558497,3.8669650888e-07,1.91428513155,1.02936763287,0.202180935107,244.89558,64.89558,True,True,False,0.383019826513,0.240120387576,0.20017871987,63077.747103,2031-07-30,1.08459988013,62607.5977061,2030-04-16,0.359524379088,30,62513.57;62701.63;62889.69;63077.75;63265.81;63453.87;63641.93;63829.99;64018.05;64206.11;64394.17;64582.23;64770.28;64958.34;65146.40;65334.46;65522.52;65710.58;65898.64;66086.70;66274.76;66462.82;66650.88;66838.94;67027.00;67215.06;67403.12;67591.18;67779.24;67967.30,29,30,59,29,29,62582.51:1.029;62770.57:1.029;62958.63:1.029;63146.69:1.029;63334.75:1.029;63522.81:1.029;63710.87:1.029;63898.93:1.029;64086.99:1.029;64275.04:1.029;64463.10:1.029;64651.16:1.029;64839.22:1.029;65027.28:1.029;65215.34:1.029;65403.40:1.029;65591.46:1.029;65779.52:1.029;65967.58:1.029;66155.64:1.029;66343.70:1.029;66531.76:1.029;66719.82:1.029;66907.88:1.029;67095.94:1.029;67284.00:1.029;67472.06:1.029;67660.12:1.029;67848.18:1.029,62512.68:0.202;62700.74:0.202;62888.80:0.202;63076.86:0.202;63264.92:0.202;63452.98:0.202;63641.04:0.202;63829.10:0.202;64017.16:0.202;64205.21:0.202;64393.27:0.202;64581.33:0.202;64769.39:0.202;64957.45:0.202;65145.51:0.202;65333.57:0.202;65521.63:0.202;65709.69:0.202;65897.75:0.202;66085.81:0.202;66273.87:0.202;66461.93:0.202;66649.99:0.202;66838.05:0.202;67026.11:0.202;67214.17:0.202;67402.23:0.202;67590.29:0.202;67778.35:0.202;67966.41:0.202,0.0118945305764,1779396.4472,1.02399661885,244.398511483,-0.00716247944417,0.0475812760448,7118057.5815,65209.7945551,2037-05-31,21.756171252,2,1,0,3211.06042978,0.586093621681,963.868053655,0.175928460626,29,2.28788149638,110.921677448,hard,
61,2.5262805,0.7117857,4.44104,177.7231,316.20909,307.68577,0.728110165911,4.32445083409,1466.63073412,4.01541610983,4.9584432178e-08,0.245460559107,0.823328556296,2.56357783516,177.7231,357.7231,True,True,False,3.57816357273,0.0951015880179,0.728110165911,62879.7575606,2031-01-13,4.32445083409,63613.0729277,2033-01-16,0.264177335202,4,62879.76;64346.39;65813.02;67279.65,4,4,8,4,4,62902.71:0.823;64369.34:0.823;65835.97:0.823;67302.60:0.823,62674.37:2.564;64141.00:2.564;65607.63:2.564;67074.26:2.564,0.0341370233336,5106826.00274,0.998596522075,203.46372477,0.0336638546904,0.0836430690643,12512825.0308,62839.9411493,2030-12-04,16.3690186682,1,0,0,625.914317,0.114244000365,586.419723515,0.107035313441,8,2.18620340828,45.6932331989,easy,
62,2.387441,0.605372,23.72574,9.79921,145.04893,80.61119,0.942151066948,3.83273093305,1347.40265457,3.68898741841,5.3972026788e-08,0.267180711555,3.00211809026,1.01090430024,9.79921,189.79921,True,True,False,2.6968495415,-1.06311325856,0.942151066948,63593.0949442,2032-12-27,3.83273093305,62919.3936169,2031-02-22,1.16715728913,4,63593.09;64940.50;66287.90;67635.30,4,4,8,4,4,63279.53:3.002;64626.94:3.002;65974.34:3.002;67321.74:3.002,63619.94:1.011;64967.34:1.011;66314.75:1.011;67662.15:1.011,0.0099856518615,1493832.25603,1.00822727693,189.193332011,0.00468567594265,0.739589070597,110640950.154,67607.3982954,2043-12-24,28.4398941964,0,0,0,835.385641938,0.152477415823,95.986860115,0.0175198467013,4,7.54150661625,67.3715477316,hard,
63,1.7840613,0.5082827,53.19536,357.06027,225.62494,232.59781,0.87725380547,2.69086879453,870.388382727,2.38299351876,8.3551267009e-08,0.41360846163,2.0528819336,0.976154428989,357.06027,177.06027,True,True,False,1.62310664906,-0.508924830127,0.87725380547,63248.802838,2032-01-17,2.69086879453,62813.6086466,2030-11-08,1.85414635204,6,63248.80;64119.19;64989.58;65859.97;66730.36;67600.74,7,6,13,6,6,62570.46:2.053;63440.85:2.053;64311.24:2.053;65181.62:2.053;66052.01:2.053;66922.40:2.053;67792.79:2.053,63215.48:0.976;64085.87:0.976;64956.25:0.976;65826.64:0.976;66697.03:0.976;67567.42:0.976,0.0185318466052,2772324.79228,0.978175025983,176.796714744,0.00601347445589,0.688906881508,103059002.584,64074.7216171,2034-04-22,30.1062384605,0,0,0,1444.30228579,0.263618943334,74.4898029017,0.0135961310339,6,14.0468973419,66.0985070313,hard,
64,3.6552163,0.7238267,44.12226,19.21585,343.26959,158.3527,1.00947314778,6.30095945222,2552.51351062,6.98840112421,2.8490369146e-08,0.141037451321,1.02774044663,5.67171786475,19.21585,199.21585,True,True,False,1.940405763,-1.22504975278,1.00947314778,67734.7699591,2044-04-29,6.30095945222,63905.9996932,2033-11-04,2.3643732839,3,62629.74;65182.26;67734.77,3,2,5,3,3,62643.01:1.028;65195.53:1.028;67748.04:1.028,64382.42:5.672;66934.93:5.672,0.0284462709439,4255501.56256,1.02678853252,18.9020101864,-0.0054544344243,1.88714883639,282313447.618,62613.5351904,2030-04-22,59.870649605,0,0,0,548.924856283,0.100191623323,39.4945934848,0.00720868692399,3,12.3777625293,62.5124278449,hard,
65,1.2705255,0.5851656,5.05883,96.9752,258.97377,256.07234,0.527057683477,2.01399331652,523.086492883,1.43213276628,1.3902490918e-07,0.688222702933,0.940761703778,0.751380810236,96.9752,276.9752,True,True,False,1.45774695545,0.0752235752536,0.527057683477,65535.7007075,2038-04-22,2.01399331652,63704.8979824,2033-04-17,0.17567697365,10,62920.27;63443.35;63966.44;64489.53;65012.61;65535.70;66058.79;66581.87;67104.96;67628.05,10,10,20,10,20,62969.12:0.941;63492.21:0.941;64015.29:0.941;64538.38:0.941;65061.47:0.941;65584.55:0.941;66107.64:0.941;66630.72:0.941;67153.81:0.941;67676.90:0.941,62888.72:0.751;63411.81:0.751;63934.89:0.751;64457.98:0.751;64981.07:0.751;65504.15:0.751;66027.24:0.751;66550.33:0.751;67073.41:0.751;67596.50:0.751,0.00584286275235,874079.826544,0.982567145695,100.757024127,0.0057368856094,0.0058770933553,879200.651858,65065.3695928,2037-01-07,18.7911298503,2,1,1,1807.2526006,0.329865863674,1522.29160964,0.277853818779,21,5.69029694662,80.5925295691,easy,
66,1.8432235,0.5812927,38.56598,116.51175,104.09227,165.59509,0.771771134982,2.91467586502,914.040470241,2.50250642092,7.9561085678e-08,0.393855646135,1.42160351902,1.0690828208,116.51175,296.51175,True,True,False,1.53975079346,-0.113851029978,0.771771134982,62607.6347907,2030-04-16,2.91467586502,67634.857377,2044-01-20,1.78538389522,6,62607.63;63521.68;64435.72;65349.76;66263.80;67177.84,6,6,12,12,12,62515.70:1.422;63429.74:1.422;64343.78:1.422;65257.82:1.422;66171.86:1.422;67085.90:1.422,62660.22:1.069;63574.26:1.069;64488.30:1.069;65402.34:1.069;66316.38:1.069;67230.42:1.069,0.0397520249088,5946818.28237,1.04926886717,294.78984706,0.0251312630861,0.305712976107,45734010.271,66194.5815776,2040-02-10,22.5175465202,0,0,0,1180.83835204,0.215530614107,251.965507802,0.045989597591,12,15.3650445656,71.4978068773,hard,
67,1.572938,0.3950417,1.43938,99.34195,248.25683,279.89083,0.951561898485,2.19431410151,720.552839045,1.97276615755,1.0092535651e-07,0.499616378554,1.55503535752,1.15800401988,99.34195,279.34195,True,True,False,2.14932791438,0.0535641375065,0.951561898485,62801.4470389,2030-10-27,2.19431410151,63161.7234584,2031-10-22,0.0535837186394,8,62801.45;63522.00;64242.55;64963.11;65683.66;66404.21;67124.76;67845.32,8,8,16,16,16,62933.00:1.555;63653.55:1.555;64374.10:1.555;65094.65:1.555;65815.21:1.555;66535.76:1.555;67256.31:1.555;67976.87:1.555,62738.89:1.158;63459.44:1.158;64179.99:1.158;64900.54:1.158;65621.10:1.158;66341.65:1.158;67062.20:1.158;67782.76:1.158,0.0123224424264,1843411.14881,1.01820675281,307.842834807,-0.0122074293433,0.0438202903465,6555422.1293,66366.5385895,2040-07-31,9.00670848447,3,1,0,2233.69422393,0.407701432612,2233.69422393,0.407701432612,8,1.31344351436,45.8858148379,easy,
68,1.1365852,0.1437417,13.91996,139.30103,207.02937,228.31822,0.973210511157,1.29995988884,442.589821322,1.21174489068,1.6431026802e-07,0.813394214365,1.27655297873,0.986755910689,139.30103,319.30103,True,True,False,1.28582752196,0.229430754101,0.973210511157,62689.6611736,2030-07-07,1.29995988884,62910.9560843,2031-02-13,0.289034248771,12,62689.66;63132.25;63574.84;64017.43;64460.02;64902.61;65345.20;65787.79;66230.38;66672.97;67115.56;67558.15,12,13,25,25,25,62867.56:1.277;63310.15:1.277;63752.74:1.277;64195.33:1.277;64637.92:1.277;65080.51:1.277;65523.10:1.277;65965.69:1.277;66408.28:1.277;66850.87:1.277;67293.46:1.277;67736.05:1.277,62664.81:0.987;63107.40:0.987;63549.99:0.987;63992.58:0.987;64435.17:0.987;64877.76:0.987;65320.35:0.987;65762.94:0.987;66205.53:0.987;66648.12:0.987;67090.71:0.987;67533.30:0.987;67975.89:0.987,0.0276891570299,4142238.93316,0.988128830889,317.996538369,0.00557529003591,0.212382414588,31771956.9965,63125.821324,2031-09-16,9.22518963335,0,0,0,5478.75,1,1302.32172187,0.237704170089,25,2.85278548572,61.9150713927,moderate,
69,2.3576072,0.5676514,6.24493,226.5645,181.29566,11.19621,1.01930817227,3.69590622773,1322.22571944,3.62005672674,5.4999725915e-08,0.272268187426,3.6946659722,1.01940254929,226.5645,46.5645,True,True,False,1.05367579275,-0.0498867068097,1.01930817227,63803.3294477,2033-07-25,3.69590622773,63142.216588,2031-10-03,0.214451296205,4,63803.33;65125.56;66447.78;67770.01,4,4,8,4,4,63128.01:3.695;64450.24:3.695;65772.47:3.695;67094.69:3.695,63802.25:1.019;65124.47:1.019;66446.70:1.019;67768.93:1.019,0.0283563237849,4242045.6591,1.01947532708,46.1384186426,0.000829606180436,0.438115939816,65541211.7162,66420.3289139,2040-09-23,20.128093246,0,0,0,928.372912675,0.169449767315,403.944702984,0.0737293548681,5,2.12215764245,65.6659695104,easy,
70,2.0150725,0.5332099,8.18219,306.75571,175.26452,117.8256,0.940615893782,3.08952910622,1044.80307272,2.86051491504,6.9603597142e-08,0.344562539487,3.07752902342,0.941733864156,306.75571,126.75571,True,True,False,3.04069578399,0.036840839181,0.940615893782,62947.6490651,2031-03-22,3.08952910622,63470.0506014,2032-08-26,0.255569936996,5,62947.65;63992.45;65037.26;66082.06;67126.86,5,5,10,5,5,63508.14:3.078;64552.94:3.078;65597.75:3.078;66642.55:3.078;67687.35:3.078,62951.19:0.942;63995.99:0.942;65040.80:0.942;66085.60:0.942;67130.40:0.942,0.0416871148071,6236303.61076,0.947208641526,133.434417824,-0.015837409279,0.0422183725428,6315778.63682,64003.5515049,2034-02-10,9.32459006835,1,1,0,1134.84464823,0.207135687563,341.453257596,0.062323204672,5,4.98260246166,65.4347410444,easy,
71,1.5075512,0.4165127,16.69512,219.36124,140.29002,93.30517,0.8796369793,2.1354654207,676.093145646,1.85104215098,1.0756217932e-07,0.532471009828,1.83350585156,0.943653171143,219.36124,39.36124,True,True,False,1.51244026913,-0.420288720304,0.8796369793,63053.0489206,2031-07-06,2.1354654207,63391.0954934,2032-06-08,0.525502937626,8,63053.05;63729.14;64405.24;65081.33;65757.42;66433.51;67109.61;67785.70,8,8,16,8,16,62863.60:1.834;63539.69:1.834;64215.79:1.834;64891.88:1.834;65567.97:1.834;66244.07:1.834;66920.16:1.834;67596.25:1.834,63082.35:0.944;63758.44:0.944;64434.53:0.944;65110.62:0.944;65786.72:0.944;66462.81:0.944;67138.90:0.944;67815.00:0.944,0.0388405651536,5810465.84376,0.961611846217,44.1977911446,-0.0243089337056,0.0978836129786,14643180.078,66461.6029114,2040-11-03,11.9674581833,1,0,0,2265.1899124,0.413450132311,278.961812209,0.0509170544758,8,2.03908484571,67.2857994247,moderate,
72,2.4449438,0.7906999,1.97391,195.43379,286.41433,268.15672,0.511726981834,4.37816061817,1396.37398163,3.82306360474,5.2079208810e-08,0.257810589953,0.748995988219,1.18000668914,195.43379,15.43379,True,True,False,3.99431489246,0.119904205996,0.511726981834,65745.3651854,2038-11-18,4.37816061817,63650.8042129,2033-02-22,0.145960165667,4,62952.62;64348.99;65745.37;67141.74,4,4,8,4,8,62979.53:0.749;64375.91:0.749;65772.28:0.749;67168.66:0.749,62894.93:1.180;64291.30:1.180;65687.68:1.180;67084.05:1.180,0.00627394126296,938568.253836,0.996954739476,25.9730752295,-0.00628463460305,0.16093280589,24075205.0869,62996.9495356,2031-05-10,28.7481903099,0,0,0,479.934300575,0.0875992335067,479.934300575,0.0875992335067,8,1.03413901735,80.7157289592,easy,
73,1.9672729,0.6076793,2.66375,181.16134,89.3949,96.56151,0.771801881219,3.16274391878,1007.84870246,2.75933936334,7.2155723363e-08,0.357196471177,1.23289769585,1.24882433078,181.16134,1.16134,True,True,False,3.12970272932,-0.144630860429,0.771801881219,63953.2144614,2033-12-22,3.16274391878,63449.2901102,2032-08-05,0.146981840421,5,62945.37;63953.21;64961.06;65968.91;66976.76,6,5,11,11,11,62876.42:1.233;63884.27:1.233;64892.12:1.233;65899.97:1.233;66907.82:1.233;67915.67:1.233,63016.00:1.249;64023.85:1.249;65031.70:1.249;66039.55:1.249;67047.40:1.249,0.0176030237309,2633374.86802,1.00515240695,203.228778772,0.0175666098614,0.249674280335,37350740.7066,65968.7918543,2039-06-29,13.7221302351,0,0,0,1047.85655626,0.19125832649,1047.85655626,0.19125832649,11,4.54092686995,73.2024418159,easy,
74,1.84152,0.5061514,5.40987,294.72295,173.52039,274.45797,0.909432073872,2.77360792613,912.773634076,2.49903801253,7.9671508303e-08,0.394402277367,2.75556706932,0.91138855174,294.72295,114.72295,True,True,False,1.95136574587,-0.159968661949,0.909432073872,63242.4375726,2032-01-11,2.77360792613,63698.8243896,2033-04-11,0.159980977954,6,63242.44;64155.21;65067.98;65980.76;66893.53;67806.31,6,6,12,6,6,62829.08:2.756;63741.85:2.756;64654.62:2.756;65567.40:2.756;66480.17:2.756;67392.94:2.756,63247.09:0.911;64159.86:0.911;65072.64:0.911;65985.41:0.911;66898.18:0.911;67810.96:0.911,0.0479198082907,7168701.28464,0.967124147373,142.802120865,-0.0430670106447,0.0632165747293,9457064.97245,66868.4343455,2041-12-15,9.47500255454,3,0,0,1429.3043389,0.260881467287,687.905830824,0.12555890136,6,3.69490391697,67.4833424261,easy,
75,2.4337077,0.6170326,9.6898,107.56402,237.79733,294.82403,0.932030710229,3.93538468977,1386.75918537,3.79673972724,5.2440288792e-08,0.259598064175,2.24550543148,1.13417680611,107.56402,287.56402,True,True,False,3.14576228686,0.529471949794,0.932030710229,62837.8241161,2030-12-02,3.93538468977,63531.2037088,2032-10-26,0.600719321402,4,62837.82;64224.58;65611.34;66998.10,4,4,8,4,4,63021.67:2.246;64408.43:2.246;65795.19:2.246;67181.95:2.246,62790.22:1.134;64176.98:1.134;65563.74:1.134;66950.50:1.134,0.0488980065251,7315037.65763,1.04077601524,301.731891093,-0.0434596134207,0.168745985989,25244040.1931,64240.4101888,2034-10-05,10.4284282816,0,0,0,827.886668492,0.151108677799,265.963591569,0.048544575235,4,7.15884788454,65.1811293672,easy,
76,1.4421372,0.4840079,4.09944,213.60445,103.10746,253.50666,0.744131402316,2.14014299768,632.569570275,1.73188109589,1.1496293148e-07,0.569107362916,1.24045185344,0.995075052713,213.60445,33.60445,True,True,False,1.6961986902,-0.0660904876693,0.744131402316,62652.2626026,2030-05-31,2.14014299768,64233.6865282,2034-09-28,0.151070933875,9,62652.26;63284.83;63917.40;64549.97;65182.54;65815.11;66447.68;67080.25;67712.82,9,9,18,18,18,62570.28:1.240;63202.85:1.240;63835.42:1.240;64467.99:1.240;65100.56:1.240;65733.13:1.240;66365.70:1.240;66998.27:1.240;67630.84:1.240,62703.00:0.995;63335.57:0.995;63968.14:0.995;64600.71:0.995;65233.28:0.995;65865.85:0.995;66498.42:0.995;67130.99:0.995;67763.56:0.995,0.000111885739266,16737.8683559,0.994541688771,33.5322865709,8.97762120009e-05,0.0776279348412,11612973.7591,67026.4834936,2042-05-22,16.1858744504,1,0,0,2018.72365179,0.368464275938,2018.72365179,0.368464275938,18,2.19948569822,71.793495819,easy,
77,2.5924797,0.6179423,13.23278,1.27533,5.22298,316.73554,0.990476831479,4.19448256852,1524.65461793,4.17427684581,4.7697394092e-08,0.236119050023,0.992050014191,4.16650233725,1.27533,181.27533,True,True,False,3.50864104631,-0.445435328135,0.990476831479,62907.88617,2031-02-10,4.19448256852,66719.5227148,2041-07-19,0.501150717192,4,62907.89;64432.54;65957.20;67481.85,4,3,7,4,4,62903.78:0.992;64428.43:0.992;65953.08:0.992;67477.74:0.992,63596.89:4.167;65121.55:4.167;66646.20:4.167,0.0121475337302,1817245.18029,0.992207768137,1.02673885606,-0.00101230623574,0.747912731679,111886152.129,67453.8100529,2043-07-23,30.7647425464,0,0,0,810.389063783,0.147914955744,162.97768957,0.0297472397117,4,4.32812627536,67.006552367,moderate,
78,1.5658196,0.407978,36.0152,279.53942,130.68633,138.66261,0.926999651231,2.20463954877,715.667036942,1.95938956042,1.0161436592e-07,0.503027219946,1.77811745868,1.03098586634,279.53942,99.53942,True,True,False,1.64161717686,-0.91179790077,0.926999651231,63071.3448352,2031-07-24,2.20463954877,63429.1783536,2032-07-16,1.17237315582,7,63071.34;63787.01;64502.68;65218.35;65934.01;66649.68;67365.35,8,7,15,7,15,62897.67:1.778;63613.34:1.778;64329.00:1.778;65044.67:1.778;65760.34:1.778;66476.00:1.778;67191.67:1.778;67907.34:1.778,63111.84:1.031;63827.50:1.031;64543.17:1.031;65258.84:1.031;65974.51:1.031;66690.17:1.031;67405.84:1.031,0.043913571159,6569376.74021,1.02396758435,98.2232102596,0.0170959502776,1.26373770532,189052469.839,67784.2775065,2044-06-18,18.1267277646,0,0,0,1978.72912675,0.361164339812,124.982890775,0.0228123003924,7,12.1736577784,65.2887848853,hard,
79,1.3084955,0.2126112,9.02376,264.506,184.85396,284.01604,1.03029470155,1.58669629845,546.709696972,1.49680957419,1.3301767386e-07,0.658484753415,1.58516123012,1.03094297251,264.506,84.506,True,True,False,1.22721999149,-0.192482133486,1.03029470155,65142.3600114,2037-03-25,1.58669629845,62682.1663751,2030-06-30,0.204263666318,10,62955.52;63502.23;64048.94;64595.65;65142.36;65689.07;66235.78;66782.49;67329.20;67875.91,10,10,20,20,20,62671.08:1.585;63217.79:1.585;63764.50:1.585;64311.21:1.585;64857.92:1.585;65404.63:1.585;65951.34:1.585;66498.05:1.585;67044.76:1.585;67591.47:1.585,62950.84:1.031;63497.55:1.031;64044.26:1.031;64590.97:1.031;65137.68:1.031;65684.39:1.031;66231.10:1.031;66777.81:1.031;67324.52:1.031;67871.23:1.031,0.0466432133079,6977725.39346,1.03074097587,85.3223664566,-0.00233223817703,0.56617336529,84698329.8944,67073.9616757,2042-07-08,9.06083355789,0,0,0,5478.75,1,1816.7513003,0.331599598504,20,8.94854714809,51.4563538402,easy,
80,1.9312461,0.6206467,23.55872,115.78687,67.45131,197.87281,0.732624581147,3.12986761885,980.290641346,2.68388950403,7.4184174671e-08,0.367238025965,0.9590687743,1.55816682345,115.78687,295.78687,True,True,False,1.69998324915,-0.532635320207,0.732624581147,63602.0584134,2033-01-05,3.12986761885,63111.9130928,2031-09-02,1.1921693121,6,62621.77;63602.06;64582.35;65562.64;66542.93;67523.22,6,6,12,12,12,62580.93:0.959;63561.22:0.959;64541.51:0.959;65521.80:0.959;66502.09:0.959;67482.38:0.959,62725.44:1.558;63705.73:1.558;64686.02:1.558;65666.31:1.558;66646.60:1.558;67626.89:1.558,0.0160123740662,2395417.06515,0.973311266827,114.137394556,-0.0122151464688,0.233432996804,34921079.2731,62678.3051012,2030-06-26,21.2761464434,0,0,0,1053.85573501,0.192353316908,308.957705995,0.0563920065699,12,12.2395484577,73.659522123,hard,
81,0.8830647,0.6328224,17.0676,130.14228,309.26448,331.03403,0.324241577191,1.44188782281,303.10089138,0.829845014045,2.3992688321e-07,1.18772332988,0.378024734515,0.883137983233,130.14228,310.14228,True,True,False,1.08554870666,0.318075100919,0.324241577191,62739.8922661,2030-08-26,1.44188782281,62588.3418205,2030-03-28,0.364468945602,18,62739.89;63042.99;63346.09;63649.19;63952.30;64255.40;64558.50;64861.60;65164.70;65467.80;65770.90;66074.00;66377.10;66680.20;66983.30;67286.41;67589.51;67892.61,18,18,36,18,18,62748.16:0.378;63051.26:0.378;63354.36:0.378;63657.47:0.378;63960.57:0.378;64263.67:0.378;64566.77:0.378;64869.87:0.378;65172.97:0.378;65476.07:0.378;65779.17:0.378;66082.27:0.378;66385.37:0.378;66688.47:0.378;66991.58:0.378;67294.68:0.378;67597.78:0.378;67900.88:0.378,62694.64:0.883;62997.74:0.883;63300.84:0.883;63603.94:0.883;63907.04:0.883;64210.14:0.883;64513.24:0.883;64816.34:0.883;65119.45:0.883;65422.55:0.883;65725.65:0.883;66028.75:0.883;66331.85:0.883;66634.95:0.883;66938.05:0.883;67241.15:0.883;67544.25:0.883;67847.35:0.883,0.048421288875,7243721.71226,0.999884535114,301.755942645,0.0447281798325,0.103912815988,15545136.0103,67832.4513493,2044-08-05,17.7429987939,0,0,0,4098.93888585,0.748152203668,570.921845059,0.104206588192,18,6.1699032757,95.7569461411,moderate,
82,2.2435916,0.6253872,9.8289,168.05282,116.2708,130.65409,0.840478131332,3.64670506867,1227.47918111,3.36065484218,5.9245039171e-08,0.293283996617,1.88898283229,1.06993792245,168.05282,348.05282,True,True,False,3.58533352614,-0.581889788529,0.840478131332,63209.4717639,2031-12-09,3.64670506867,62595.7321733,2030-04-04,0.582811581119,4,63209.47;64436.95;65664.43;66891.91,5,4,9,4,9,63070.73:1.889;64298.20:1.889;65525.68:1.889;66753.16:1.889;67980.64:1.889,63255.83:1.070;64483.30:1.070;65710.78:1.070;66938.26:1.070,0.0221939845003,3320172.82359,1.01833441585,341.324929936,0.020664775975,0.461709667957,69070783.208,65704.597632,2038-10-08,28.6463035061,0,0,0,841.884752258,0.153663655443,354.9514098,0.0647869331143,8,5.59033131986,71.5871995291,easy,
83,0.6618334,0.5330718,26.45905,155.74474,197.85461,94.64674,0.309028678162,1.01463812184,196.662451039,0.538432446377,3.6978107301e-07,1.83054771309,0.961756022516,0.314292058936,155.74474,335.74474,True,True,False,0.54597693018,0.242813702598,0.309028678162,62524.9331021,2030-01-23,1.01463812184,62623.2643276,2030-05-02,0.302302404207,28,62524.93;62721.60;62918.26;63114.92;63311.58;63508.25;63704.91;63901.57;64098.23;64294.90;64491.56;64688.22;64884.88;65081.54;65278.21;65474.87;65671.53;65868.19;66064.86;66261.52;66458.18;66654.84;66851.51;67048.17;67244.83;67441.49;67638.16;67834.82,28,28,56,28,28,62597.12:0.962;62793.78:0.962;62990.44:0.962;63187.11:0.962;63383.77:0.962;63580.43:0.962;63777.09:0.962;63973.76:0.962;64170.42:0.962;64367.08:0.962;64563.74:0.962;64760.41:0.962;64957.07:0.962;65153.73:0.962;65350.39:0.962;65547.06:0.962;65743.72:0.962;65940.38:0.962;66137.04:0.962;66333.71:0.962;66530.37:0.962;66727.03:0.962;66923.69:0.962;67120.36:0.962;67317.02:0.962;67513.68:0.962;67710.34:0.962;67907.01:0.962,62522.39:0.314;62719.05:0.314;62915.72:0.314;63112.38:0.314;63309.04:0.314;63505.70:0.314;63702.37:0.314;63899.03:0.314;64095.69:0.314;64292.35:0.314;64489.02:0.314;64685.68:0.314;64882.34:0.314;65079.00:0.314;65275.67:0.314;65472.33:0.314;65668.99:0.314;65865.65:0.314;66062.32:0.314;66258.98:0.314;66455.64:0.314;66652.30:0.314;66848.97:0.314;67045.63:0.314;67242.29:0.314;67438.95:0.314;67635.61:0.314;67832.28:0.314,0.0234584755964,3509337.99908,0.970690558402,157.235212005,0.0125647874634,0.0539450919037,8070070.88351,67314.9990292,2043-03-06,16.7150712243,1,0,0,2903.10258691,0.529884113514,1040.85751437,0.189980837668,28,2.95168556865,94.3192192874,hard,
84,1.9877259,0.4800069,6.69302,325.70748,173.06866,194.39579,1.03360375269,2.94184804731,1023.60682236,2.80248274431,7.1044907652e-08,0.35169753868,2.92213383503,1.03605958041,325.70748,145.70748,True,True,False,2.07234312242,0.185055292071,1.03360375269,62694.4779312,2030-07-12,2.94184804731,66277.1018094,2040-05-03,0.217097496489,6,62694.48;63718.08;64741.69;65765.30;66788.91;67812.51,5,6,11,6,6,63255.27:2.922;64278.88:2.922;65302.48:2.922;66326.09:2.922;67349.70:2.922,62700.56:1.036;63724.17:1.036;64747.78:1.036;65771.38:1.036;66794.99:1.036;67818.60:1.036,0.0475462989559,7112825.08347,1.03451996328,143.029677366,0.00567167583445,0.0800045994307,11968517.721,64753.9517133,2036-03-01,7.62233472595,1,0,0,1394.80906105,0.254585272379,545.425335341,0.0995528789123,6,5.50241311842,62.5278601417,easy,
85,1.8451563,0.4660521,42.72023,338.02633,162.24225,305.34112,0.985217331557,2.70509526844,915.478538225,2.50644363648,7.9436108145e-08,0.393236962931,2.59709022878,1.00036922062,338.02633,158.02633,True,True,False,2.27997071598,-1.28097021641,0.985217331557,63169.9543863,2031-10-30,2.70509526844,62712.2151172,2030-07-30,1.29966441143,6,63169.95;64085.43;65000.91;65916.39;66831.87;67747.35,6,6,12,6,6,62818.97:2.597;63734.45:2.597;64649.93:2.597;65565.41:2.597;66480.89:2.597;67396.37:2.597,63184.66:1.000;64100.13:1.000;65015.61:1.000;65931.09:1.000;66846.57:1.000;67762.05:1.000,0.00969327754381,1450093.68066,1.00019199462,157.950352559,0.00122475071334,1.19590588513,178904973.973,64085.7863346,2034-05-03,44.5676340917,0,0,0,1460.80002737,0.266630166986,86.4881604161,0.0157861118715,6,9.64741243125,52.5096091101,hard,
86,1.9070776,0.6224092,55.85289,271.0619,71.46206,196.70619,0.720094956646,3.09406024335,961.946623401,2.63366632006,7.5598843426e-08,0.374241139001,0.975293554768,1.45650864537,271.0619,91.0619,True,True,False,1.48977191476,-0.77296296215,0.720094956646,62598.2797599,2030-04-07,3.09406024335,63079.2530716,2031-08-01,2.4784606284,6,62598.28;63560.23;64522.17;65484.12;66446.07;67408.01,6,6,12,12,12,62555.03:0.975;63516.97:0.975;64478.92:0.975;65440.87:0.975;66402.81:0.975;67364.76:0.975,62691.00:1.457;63652.95:1.457;64614.89:1.457;65576.84:1.457;66538.79:1.457;67500.73:1.457,0.0368786763987,5516971.46349,0.986372388428,270.331262238,-0.0185413617243,0.33437076251,50021154.0959,66512.1317272,2040-12-24,32.5000117339,0,0,0,1022.8599781,0.186695866411,189.474062414,0.0345834473948,12,18.5943779134,73.688841078,hard,
87,2.2201799,0.7775669,3.1187,339.37397,243.2457,238.12487,0.493841497715,3.94651830229,1208.31641856,3.30819005765,6.0184609801e-08,0.29793520511,1.35058753016,0.650232851113,339.37397,159.37397,True,True,False,3.30007731564,0.178010867133,0.493841497715,62817.3823091,2030-11-12,3.94651830229,63421.5405184,2032-07-08,0.197013069895,5,62817.38;64025.70;65234.02;66442.33;67650.65,5,5,10,5,10,62888.76:1.351;64097.08:1.351;65305.40:1.351;66513.71:1.351;67722.03:1.351,62797.09:0.650;64005.40:0.650;65213.72:0.650;66422.03:0.650;67630.35:0.650,0.0159568478407,2387110.46005,1.01516006541,322.661774816,-0.015903638343,0.177119101131,26496640.3895,63983.0504055,2034-01-21,30.0835379809,0,0,0,606.416986039,0.110685281504,606.416986039,0.110685281504,10,8.27327765544,86.5141684716,easy,
88,2.6003283,0.6340735,17.09388,110.80673,207.63119,180.82234,0.95152903367,4.24912756633,1531.58357668,4.19324730096,4.7481608757e-08,0.235050835934,3.54796918228,0.995588415748,110.80673,290.80673,True,True,False,3.97948364674,0.234313446343,0.95152903367,63493.8768027,2032-09-18,4.24912756633,62728.0850143,2030-08-15,0.857104154187,3,63493.88;65025.46;66557.04,3,3,6,3,3,63899.54:3.548;65431.13:3.548;66962.71:3.548,63472.89:0.996;65004.47:0.996;66536.06:0.996,0.0190427334309,2848752.37356,1.00263434875,288.830430986,0.0106326131646,0.525680912059,78640745.1116,63522.7198548,2032-10-17,23.9923811749,0,0,0,606.916917602,0.110776530705,95.4869285519,0.0174285974998,3,7.42324459409,68.4442159048,moderate,
89,1.248516,0.3248821,15.31841,8.869,233.72605,148.38115,0.842895500036,1.65413649996,509.553272803,1.39508082903,1.4271727030e-07,0.706501202553,1.38246902593,0.93669075282,8.869,188.869,True,True,False,0.861214120284,-0.112675749784,0.842895500036,62518.6373167,2030-01-17,1.65413649996,65830.7335899,2039-02-11,0.410076626439,11,62518.64;63028.19;63537.74;64047.30;64556.85;65066.40;65575.96;66085.51;66595.06;67104.62;67614.17,11,10,21,21,21,62648.45:1.382;63158.00:1.382;63667.56:1.382;64177.11:1.382;64686.66:1.382;65196.22:1.382;65705.77:1.382;66215.32:1.382;66724.88:1.382;67234.43:1.382;67743.98:1.382,62988.77:0.937;63498.32:0.937;64007.87:0.937;64517.43:0.937;65026.98:0.937;65536.53:0.937;66046.09:0.937;66555.64:0.937;67065.19:0.937;67574.75:0.937,0.0461024011534,6896821.0467,0.964101125968,182.009368519,0.0315242943074,0.21463177834,32108457.0243,63108.1867983,2031-08-30,9.81520542743,0,0,0,4257.41719135,0.777078200566,1043.35717219,0.190437083676,21,4.0103378067,65.8238547654,moderate,
90,2.1505803,0.5656677,20.05615,294.79736,326.85322,354.15946,0.934066488034,3.36709411197,1151.94547128,3.15385481528,6.3129769576e-08,0.312514792562,0.99241301653,2.77828242036,294.79736,114.79736,True,True,False,1.77166567999,0.586392318207,0.934066488034,65826.4707285,2039-02-07,3.36709411197,62946.6070503,2031-03-21,0.877672732576,4,63522.58;64674.53;65826.47;66978.42,4,5,9,4,4,63547.86:0.992;64699.80:0.992;65851.75:0.992;67003.70:0.992,63224.03:2.778;64375.98:2.778;65527.92:2.778;66679.87:2.778;67831.81:2.778,0.0216979320637,3245964.43532,0.999824082267,296.649723688,0.011798041249,1.14209240879,170854592.498,66949.414401,2042-03-06,43.226377457,0,0,0,873.880372297,0.159503604343,111.984670134,0.0204398211516,4,9.68285704176,68.0423023189,hard,
91,2.6887981,0.6358411,0.83203,219.82254,62.87684,357.42282,0.979149758418,4.39844644158,1610.4072452,4.40905474387,4.5157554018e-08,0.223545939124,1.24176648339,2.25559071347,219.82254,39.82254,True,True,False,3.17318004979,-0.0451174232412,0.979149758418,62821.9358823,2030-11-16,4.39844644158,63627.1395049,2033-01-30,0.0594638681757,4,62821.94;64432.34;66042.75;67653.16,4,4,8,4,4,62764.78:1.242;64375.19:1.242;65985.59:1.242;67596.00:1.242,63001.23:2.256;64611.63:2.256;66222.04:2.256;67832.45:2.256,0.0089625231076,1340774.373,1.01722115167,257.346716471,0.00899769193815,0.884641107583,132340426.028,66071.2442301,2039-10-10,36.4556487221,0,0,0,799.890500958,0.145998722511,799.890500958,0.145998722511,4,4.37698393814,67.1615051476,easy,
92,2.7985809,0.6752615,6.01513,157.57903,25.86502,17.15437,0.908806963595,4.68835483641,1710.03589079,4.68182310963,4.2526623305e-08,0.210521897194,0.947047464663,3.8801072966,157.57903,337.57903,True,True,False,3.31778810221,-0.308690108055,0.908806963595,62828.5509231,2030-11-23,4.68835483641,63683.5688685,2033-03-27,0.319312747833,4,62828.55;64538.59;66248.62;67958.66,4,3,7,4,4,62810.49:0.947;64520.53:0.947;66230.56:0.947;67940.60:0.947,63271.18:3.880;64981.22:3.880;66691.26:3.880,0.0182002618531,2722720.4194,0.98156912832,148.190794172,-0.016869221144,0.104456872696,15626525.7354,66257.7242826,2040-04-13,11.0983155743,0,0,0,711.40261429,0.129847613833,374.948672324,0.0684369011771,4,7.54661522317,62.8113131031,easy,
93,1.9222931,0.5397498,22.76523,239.03405,43.4167,29.7237,0.884735783734,2.95985041627,973.481802339,2.66524791879,7.4703042206e-08,0.369806604638,0.978601016936,2.24080122216,239.03405,59.03405,True,True,False,2.90441130927,-0.613178961491,0.884735783734,63066.5872684,2031-07-19,2.95985041627,62579.8463673,2030-03-19,0.960233707359,6,63066.59;64040.07;65013.55;65987.03;66960.51;67934.00,6,5,11,6,6,63034.93:0.979;64008.42:0.979;64981.90:0.979;65955.38:0.979;66928.86:0.979;67902.34:0.979,63278.71:2.241;64252.19:2.241;65225.68:2.241;66199.16:2.241;67172.64:2.241,0.0281609358618,4212816.04185,0.990317847693,236.740121045,-0.0166317971363,0.296675601742,44382038.3093,65973.6449126,2039-07-04,14.9242578378,0,0,0,1310.32062688,0.239164157314,152.979058308,0.0279222556803,6,7.84876913139,61.1335328886,hard,
94,2.7461899,0.6213942,24.8525,93.21843,178.32543,337.6525,1.03972342404,4.45265637596,1662.242091,4.55097081726,4.3749374751e-08,0.216574951355,4.44953752053,1.03989362733,93.21843,273.21843,True,True,False,3.80394883663,0.667449799206,1.03972342404,64627.6701685,2035-10-27,4.45265637596,65458.791214,2038-02-04,0.92549818674,4,62965.43;64627.67;66289.91;67952.15,3,4,7,4,4,63822.48:4.450;65484.72:4.450;67146.97:4.450,62966.84:1.040;64629.08:1.040;66291.33:1.040;67953.57:1.040,0.0216606469075,3240386.65535,1.03988117173,273.161779958,0.000476220893286,0.757886789563,113378249.95,66279.0191389,2040-05-05,29.4835112065,0,0,0,721.901177115,0.131763847066,88.9878182316,0.0162423578794,4,7.02818627181,63.8586299496,hard,
95,1.6416873,0.8863572,9.90138,188.12971,222.96678,107.19873,0.186565941496,3.0968086585,768.30575218,2.10350650836,9.4652489533e-08,0.468563457945,1.00148260841,0.21347320718,188.12971,8.12971,True,True,False,0.279594450934,0.0240837634212,0.186565941496,62507.8298352,2030-01-06,3.0968086585,66733.5114722,2041-08-02,0.385401710414,8,62507.83;63276.14;64044.44;64812.75;65581.05;66349.36;67117.66;67885.97,8,8,16,8,8,62546.87:1.001;63315.18:1.001;64083.48:1.001;64851.79:1.001;65620.09:1.001;66388.40:1.001;67156.71:1.001;67925.01:1.001,62505.02:0.213;63273.33:0.213;64041.64:0.213;64809.94:0.213;65578.25:0.213;66346.55:0.213;67114.86:0.213;67883.16:0.213,0.00024032316236,35951.833369,0.999073020245,188.050584724,-0.000240833226246,0.131463866151,19666714.4502,63317.9935371,2032-03-26,28.7029103297,0,0,0,779.893238434,0.142348754448,415.943060498,0.0759193357058,8,10.0386895268,123.129460011,easy,
96,2.2263691,0.5350316,10.84584,132.16563,206.19444,88.26347,1.03519127824,3.41754692176,1213.37257742,3.32203306618,5.9933818779e-08,0.296693700433,3.05636460028,1.07362202787,132.16563,312.16563,True,True,False,3.08170067002,0.0106956012379,1.03519127824,63329.2549491,2032-04-07,3.41754692176,62722.5686603,2030-08-09,0.466434124685,4,63329.25;64542.63;65756.00;66969.37,4,4,8,4,4,63707.36:3.056;64920.73:3.056;66134.11:3.056;67347.48:3.056,63306.10:1.074;64519.47:1.074;65732.85:1.074;66946.22:1.074,0.0470431875421,7037560.68723,1.0556030979,319.061321514,-0.0242752517541,0.519080786455,77653380.375,64515.5142026,2035-07-07,22.7586460659,0,0,0,868.381125103,0.158499863126,216.970298385,0.0396021534812,4,1.57453226455,65.3315972196,moderate,
97,2.2793664,0.6462927,8.02751,347.42493,233.52042,142.23837,0.806228535055,3.75250426495,1256.95473996,3.44135452419,5.7855744407e-08,0.28640649385,2.15554392783,0.958853877614,347.42493,167.42493,True,True,False,3.70116969121,0.374647945709,0.806228535055,64474.2331272,2035-05-27,3.75250426495,62588.8010172,2030-03-28,0.45928828263,4,63217.28;64474.23;65731.19;66988.14,4,4,8,4,4,63385.85:2.156;64642.80:2.156;65899.76:2.156;67156.71:2.156,63182.72:0.959;64439.67:0.959;65696.63:0.959;66953.58:0.959,0.0112716215735,1686210.58673,0.988287482708,163.044505431,0.0106448987191,0.0983983540422,14720184.2451,66948.1620033,2042-03-05,18.8150015765,1,0,0,827.886668492,0.151108677799,374.948672324,0.0684369011771,8,2.16049350399,72.376994117,easy,
98,1.4421785,0.586574,5.52413,311.66594,291.99797,173.53972,0.596234088541,2.28812291146,632.59674381,1.73195549298,1.1495799319e-07,0.569082916602,0.775565876625,1.21233878376,311.66594,131.66594,True,True,False,2.27737153434,0.1959006708,0.596234088541,66588.4244115,2041-03-10,2.28812291146,63109.1423206,2031-08-31,0.210944883085,9,62792.84;63425.44;64058.04;64690.63;65323.23;65955.83;66588.42;67221.02;67853.62,9,9,18,9,18,62823.26:0.776;63455.86:0.776;64088.45:0.776;64721.05:0.776;65353.65:0.776;65986.24:0.776;66618.84:0.776;67251.44:0.776;67884.03:0.776,62719.23:1.212;63351.83:1.212;63984.43:1.212;64617.02:1.212;65249.62:1.212;65882.22:1.212;66514.81:1.212;67147.41:1.212;67780.01:1.212,0.0287814135368,4305638.18084,0.992307498333,149.02167014,-0.0286163142342,0.0592854921965,8868983.396,63478.2920586,2032-09-03,17.3827394133,1,0,0,1550.28777717,0.282963774067,1254.32829181,0.228944246738,18,4.1826361718,78.7325704397,easy,
99,1.6984528,0.5075685,12.15584,356.54428,224.82289,130.37961,0.836371659983,2.56053394002,808.497442414,2.21354535911,8.9947164148e-08,0.445270425253,1.9701763602,0.927114457778,356.54428,176.54428,True,True,False,0.886649648624,-0.0358922942345,0.836371659983,64949.6772642,2036-09-13,2.56053394002,62928.4336582,2031-03-03,0.461627881019,7,62524.18;63332.68;64141.18;64949.68;65758.17;66566.67;67375.17,7,6,13,6,13,62705.59:1.970;63514.09:1.970;64322.58:1.970;65131.08:1.970;65939.58:1.970;66748.08:1.970;67556.57:1.970,63302.28:0.927;64110.78:0.927;64919.27:0.927;65727.77:0.927;66536.27:0.927;67344.77:0.927,0.0396187975997,5926887.76061,0.97150590953,167.505105079,0.0328585029769,0.135447994795,20262731.6119,63292.0444245,2032-03-01,17.3363247293,0,0,0,1614.77894881,0.294734921069,300.958800985,0.0549320193448,7,2.66816471864,68.9473706215,moderate,
100,2.5736093,0.7155058,5.01801,150.89053,278.15998,85.33777,0.732176918916,4.41504168108,1508.0382349,4.12878366846,4.8222949845e-08,0.238720737756,1.14025291791,1.39803410615,150.89053,330.89053,True,True,False,2.12548142785,0.126859965463,0.732176918916,63858.5969697,2033-09-18,4.41504168108,64612.6160871,2035-10-12,0.383384130459,3,63858.60;65366.64;66874.67,3,3,6,6,6,63913.68:1.140;65421.72:1.140;66929.76:1.140,63779.96:1.398;65288.00:1.398;66796.03:1.398,0.0210575266624,3150161.1509,0.989430315714,136.977658517,-0.020884663409,0.106314547326,15904429.9045,65322.6920901,2037-09-21,20.7601672092,0,0,0,469.935669313,0.0857742494753,469.935669313,0.0857742494753,6,2.93394449141,49.6969736977,easy,
101,2.4205161,0.5727372,12.87861,250.069,345.65955,166.3548,1.03419648633,3.80683571367,1375.49935297,3.76591198624,5.2869564794e-08,0.261723132927,1.04606620297,3.65420728381,250.069,70.069,True,True,False,3.71406813677,0.355318168393,1.03419648633,63315.3850399,2032-03-24,3.80683571367,62627.6353634,2030-05-06,0.525353819436,4,63315.39;64690.88;66066.38;67441.88,4,4,8,4,4,63327.68:1.046;64703.18:1.046;66078.68:1.046;67454.18:1.046,62788.52:3.654;64164.02:3.654;65539.52:3.654;66915.02:3.654,0.0288966896627,4322883.24381,1.04279410341,247.997164497,-0.00861925165419,0.720610724234,107801829.949,67466.2941848,2043-08-05,28.67214237,0,0,0,833.885847249,0.152203668218,173.976183958,0.0317547221462,4,3.36010662314,63.5828900108,moderate,
102,1.1226786,0.2138661,26.06566,161.20276,102.1008,115.93198,0.882575706265,1.36278149374,434.491808922,1.18957374106,1.6737266543e-07,0.82855416974,1.12161431679,1.02535859846,161.20276,341.20276,True,True,False,1.25962135398,-0.461240839934,0.882575706265,64101.5218411,2034-05-19,1.36278149374,63015.2923188,2031-05-29,0.595967125369,12,62798.05;63232.54;63667.03;64101.52;64536.01;64970.51;65405.00;65839.49;66273.98;66708.47;67142.96;67577.46,13,12,25,25,25,62704.52:1.122;63139.01:1.122;63573.50:1.122;64007.99:1.122;64442.49:1.122;64876.98:1.122;65311.47:1.122;65745.96:1.122;66180.45:1.122;66614.95:1.122;67049.44:1.122;67483.93:1.122;67918.42:1.122,62864.29:1.025;63298.78:1.025;63733.27:1.025;64167.77:1.025;64602.26:1.025;65036.75:1.025;65471.24:1.025;65905.73:1.025;66340.22:1.025;66774.72:1.025;67209.21:1.025;67643.70:1.025,0.0137928296483,2063377.94632,1.02258485854,340.504172689,0.00609849604602,0.0144608307198,2163309.48423,66773.8192448,2041-09-11,14.9795980615,1,1,1,5478.75,1,684.906241445,0.12501140615,25,7.57464440235,64.9631201144,hard,
103,0.9299484,0.4065044,4.69797,311.92731,82.76506,209.47561,0.551920283627,1.30797651637,327.556863746,0.896801817238,2.2201351953e-07,1.09904581416,0.738472615075,0.818163742333,311.92731,131.92731,True,True,False,1.29581461233,-0.10604873112,0.551920283627,62647.1866136,2030-05-26,1.30797651637,62810.9650455,2030-11-05,0.106781068571,17,62647.19;62974.74;63302.30;63629.86;63957.41;64284.97;64612.53;64940.08;65267.64;65595.20;65922.76;66250.31;66577.87;66905.43;67232.98;67560.54;67888.10,17,17,34,17,34,62611.26:0.738;62938.82:0.738;63266.37:0.738;63593.93:0.738;63921.49:0.738;64249.04:0.738;64576.60:0.738;64904.16:0.738;65231.71:0.738;65559.27:0.738;65886.83:0.738;66214.38:0.738;66541.94:0.738;66869.50:0.738;67197.06:0.738;67524.61:0.738;67852.17:0.738,62693.18:0.818;63020.74:0.818;63348.30:0.818;63675.85:0.818;64003.41:0.818;64330.97:0.818;64658.52:0.818;64986.08:0.818;65313.64:0.818;65641.19:0.818;65968.75:0.818;66296.31:0.818;66623.86:0.818;66951.42:0.818;67278.98:0.818;67606.53:0.818;67934.09:0.818,0.0334780477619,5008244.66037,0.983697736966,155.866371434,-0.0327836366568,0.0654467431864,9790693.42494,64023.8801552,2034-03-02,13.7128906149,2,0,0,3993.45332603,0.728898622137,2985.09136326,0.544848982571,34,3.63131172597,76.9842837056,easy,
104,1.4519998,0.4078352,24.75984,68.67554,110.74277,204.20484,0.859823171167,2.04417642883,639.069751133,1.74967762117,1.1379360709e-07,0.563318791668,1.41485729888,1.05770931836,68.67554,248.67554,True,True,False,1.97950424731,-0.649167241894,0.859823171167,62754.7060971,2030-09-10,2.04417642883,64352.3804749,2035-01-25,0.833679550051,9,62754.71;63393.78;64032.85;64671.92;65310.99;65950.05;66589.12;67228.19;67867.26,9,9,18,18,18,62642.72:1.415;63281.79:1.415;63920.86:1.415;64559.93:1.415;65199.00:1.415;65838.07:1.415;66477.14:1.415;67116.21:1.415;67755.28:1.415,62809.42:1.058;63448.49:1.058;64087.56:1.058;64726.63:1.058;65365.70:1.058;66004.77:1.058;66643.84:1.058;67282.90:1.058;67921.97:1.058,0.0334588963098,5005379.64391,1.04146970764,246.217965963,0.0205928070118,0.269439959771,40307644.2632,63961.6454618,2033-12-30,15.5326427937,0,0,0,2584.14624966,0.471667122913,564.922666302,0.103111597774,18,10.4081678472,67.1034363288,hard,
105,1.1227045,0.1645913,37.1231,156.83722,249.45499,319.46893,0.937917106829,1.30749189317,434.506844484,1.18961490619,1.6736687371e-07,0.828525498666,1.15925096641,1.03264242452,156.83722,336.83722,True,True,False,1.00122238876,-0.135950777933,0.937917106829,62552.4400538,2030-02-20,1.30749189317,64942.2276985,2036-09-06,0.780884437235,13,62552.44;62986.95;63421.45;63855.96;64290.47;64724.97;65159.48;65593.99;66028.49;66463.00;66897.51;67332.02;67766.52,13,12,25,25,25,62663.68:1.159;63098.18:1.159;63532.69:1.159;63967.20:1.159;64401.70:1.159;64836.21:1.159;65270.72:1.159;65705.23:1.159;66139.73:1.159;66574.24:1.159;67008.75:1.159;67443.25:1.159;67877.76:1.159,62923.46:1.033;63357.97:1.033;63792.48:1.033;64226.98:1.033;64661.49:1.033;65096.00:1.033;65530.51:1.033;65965.01:1.033;66399.52:1.033;66834.03:1.033;67268.53:1.033;67703.04:1.033,0.0209958243143,3140930.61101,1.03153063218,337.175627098,-0.00461154747119,0.0764130945455,11431236.2376,66401.9916705,2040-09-04,19.9667744275,1,0,0,5478.75,1,510.430125924,0.0931654348024,25,6.13162285759,62.1267687285,hard,
106,1.3706137,0.2691824,40.78349,190.01269,218.35394,245.45258,1.00166861476,1.73955878524,586.099066497,1.60465179055,1.2407808905e-07,0.614230631951,1.61146583978,1.04971497093,190.01269,10.01269,True,True,False,1.11383056424,0.24840760704,1.00166861476,63730.8855325,2033-05-13,1.73955878524,63437.8359992,2032-07-24,1.02465634716,10,62558.69;63144.79;63730.89;64316.98;64903.08;65489.18;66075.28;66661.38;67247.48;67833.58,9,10,19,10,19,62752.54:1.611;63338.64:1.611;63924.74:1.611;64510.84:1.611;65096.94:1.611;65683.04:1.611;66269.14:1.611;66855.23:1.611;67441.33:1.611,62522.94:1.050;63109.04:1.050;63695.14:1.050;64281.24:1.050;64867.34:1.050;65453.44:1.050;66039.53:1.050;66625.63:1.050;67211.73:1.050;67797.83:1.050,0.0472534329973,7069012.95967,1.04780464717,10.5910846533,-0.00912441193191,0.540693431272,80886586.0198,66052.3832166,2039-09-21,28.8953859378,0,0,0,3614.00526964,0.659640478146,241.466944977,0.0440733643581,19,7.96236595316,61.3527168687,hard,
107,1.6566052,0.4679086,6.62299,218.89189,203.11336,87.04789,0.881465380115,2.43174501988,778.801819152,2.13224317359,9.3376839111e-08,0.462248535053,2.27141163618,0.904611458586,218.89189,38.89189,True,True,False,1.18283483486,0.112171789898,0.881465380115,63348.0914156,2032-04-26,2.43174501988,62958.690506,2031-04-02,0.207562495984,7,62569.29;63348.09;64126.89;64905.70;65684.50;66463.30;67242.10,7,7,14,7,7,62842.20:2.271;63621.01:2.271;64399.81:2.271;65178.61:2.271;65957.41:2.271;66736.21:2.271;67515.01:2.271,62552.99:0.905;63331.79:0.905;64110.59:0.905;64889.40:0.905;65668.20:0.905;66447.00:0.905;67225.80:0.905,0.0499972818283,7479486.9023,0.978335891988,15.7246916634,0.0446435585842,0.190033205188,28428562.8585,67281.3681559,2043-02-01,14.6099100757,0,0,0,1816.25136874,0.331508349302,658.409868601,0.120175198467,8,2.81109245813,67.0481704392,easy,
108,2.4621481,0.6417744,19.57999,168.84081,54.50171,48.69357,0.882004480411,4.04229171959,1411.13864564,3.86348705172,5.1534306988e-08,0.255113132301,1.05492068048,2.30825902921,168.84081,348.84081,True,True,False,1.41118530233,0.290060043555,0.882004480411,63831.4067957,2033-08-22,4.04229171959,63125.8374728,2031-09-16,1.19680192664,3,63831.41;65242.55;66653.68,3,4,7,3,3,63790.92:1.055;65202.05:1.055;66613.19:1.055,62607.69:2.308;64018.83:2.308;65429.97:2.308;66841.11:2.308,0.040179935394,6010832.7798,1.02171287068,173.607806855,0.0301878764105,0.277575972127,41524774.3877,66637.9183251,2041-04-28,13.535275935,0,0,0,653.910484533,0.119353955653,91.9874076102,0.0167898530888,3,8.02793548372,60.1447724915,moderate,
109,1.0630885,0.4831758,8.88522,325.49909,121.45239,143.61254,0.549429863542,1.57674713646,400.361729971,1.09613067754,1.8164086805e-07,0.899186842923,1.08960927484,0.650819028605,325.49909,145.49909,True,True,False,1.47059775135,-0.133142761901,0.549429863542,63442.4565883,2032-07-29,1.57674713646,63642.6374533,2033-02-14,0.226576428211,14,62641.73;63042.09;63442.46;63842.82;64243.18;64643.54;65043.90;65444.27;65844.63;66244.99;66645.35;67045.71;67446.07;67846.44,14,14,28,14,28,62569.10:1.090;62969.46:1.090;63369.82:1.090;63770.18:1.090;64170.54:1.090;64570.91:1.090;64971.27:1.090;65371.63:1.090;65771.99:1.090;66172.35:1.090;66572.72:1.090;66973.08:1.090;67373.44:1.090;67773.80:1.090,62664.09:0.651;63064.46:0.651;63464.82:0.651;63865.18:0.651;64265.54:0.651;64665.90:0.651;65066.26:0.651;65466.63:0.651;65866.99:0.651;66267.35:0.651;66667.71:0.651;67068.07:0.651;67468.43:0.651;67868.80:0.651,0.0201015728733,3007152.49957,1.01751727975,332.528678966,0.0194637334162,0.1499652481,22434481.7948,64574.0846995,2035-09-04,11.1261865803,0,0,0,4376.40090337,0.798795510539,1321.31912127,0.241171639748,28,4.81293200757,78.1193676776,easy,
110,2.9222508,0.7155033,13.85069,192.31083,113.63224,302.22427,0.831370709172,5.01313089083,1824.62934915,4.99556289979,3.9855794384e-08,0.197300344954,1.99980241313,1.10832848117,192.31083,12.31083,True,True,False,4.97353241482,-1.04937667845,0.831370709172,63317.4607176,2032-03-26,5.01313089083,64229.7753921,2034-09-24,1.12873681646,3,63317.46;65142.09;66966.72,3,3,6,3,6,63180.46:2.000;65005.09:2.000;66829.72:2.000,63365.29:1.108;65189.92:1.108;67014.55:1.108,0.0455025494407,6807084.50776,1.02426225661,2.95562214055,0.0410192643824,1.54242485206,230743473.582,63295.7861876,2032-03-04,63.2190897929,0,0,0,577.920886942,0.105484077014,139.480906105,0.0254585272379,6,12.1326646667,66.6475972567,moderate,
111,2.1909924,0.5722836,30.25143,248.22125,159.71808,145.29814,0.937123381755,3.44486141824,1184.5672831,3.24316846844,6.1391238137e-08,0.303908444152,3.18097401555,0.958760207946,248.22125,68.22125,True,True,False,3.44478617048,-0.592270351056,0.937123381755,63091.0361691,2031-08-13,3.44486141824,63683.3198107,2033-03-27,1.15026601734,5,63091.04;64275.60;65460.17;66644.74;67829.31,5,5,10,5,5,62689.53:3.181;63874.10:3.181;65058.67:3.181;66243.24:3.181;67427.80:3.181,63106.15:0.959;64290.72:0.959;65475.29:0.959;66659.86:0.959;67844.42:0.959,0.0266401152859,3985304.52198,0.960624611939,68.9508894703,-0.00713419979436,0.191436117315,28638435.5254,64287.7646401,2034-11-21,19.2501172126,0,0,0,1084.35156036,0.197919518204,91.4874760471,0.0166986038872,5,8.15521159994,66.0647620347,hard,
112,1.0853129,0.186996,62.10129,0.98343,104.96868,337.12011,0.882363728952,1.28826207105,412.981763537,1.13068244637,1.7609022622e-07,0.871709193444,1.10051648397,0.999106012836,0.98343,180.98343,True,True,False,0.927144214975,0.396395641235,0.882363728952,62878.1742134,2031-01-12,1.28826207105,62671.6833316,2030-06-19,1.13132961457,13,62878.17;63291.16;63704.14;64117.12;64530.10;64943.08;65356.06;65769.05;66182.03;66595.01;67007.99;67420.97;67833.96,13,14,27,27,27,62782.26:1.101;63195.24:1.101;63608.22:1.101;64021.20:1.101;64434.18:1.101;64847.17:1.101;65260.15:1.101;65673.13:1.101;66086.11:1.101;66499.09:1.101;66912.07:1.101;67325.06:1.101;67738.04:1.101,62528.48:0.999;62941.46:0.999;63354.44:0.999;63767.42:0.999;64180.40:0.999;64593.38:0.999;65006.37:0.999;65419.35:0.999;65832.33:0.999;66245.31:0.999;66658.29:0.999;67071.27:0.999;67484.26:0.999;67897.24:0.999,0.00215231761513,321982.132294,0.999030736849,180.971707139,0.000386073350285,0.0479180681899,7168440.96926,66243.804755,2040-03-30,31.7955461579,1,1,0,5478.75,1,363.950177936,0.0664294187426,27,4.32504584076,63.3699068207,hard,
113,1.833463,0.8651747,8.41081,38.76304,49.00459,115.71954,0.247197199014,3.41972880099,906.789853881,2.48265531521,8.0197249512e-08,0.39700488317,0.294130951052,1.06618001427,38.76304,218.76304,True,True,False,2.78765293739,-0.367354944845,0.247197199014,64535.6780134,2035-07-27,3.41972880099,63175.4932326,2031-11-05,0.395924295914,6,62722.10;63628.89;64535.68;65442.47;66349.26;67256.05,6,6,12,6,6,62717.05:0.294;63623.84:0.294;64530.63:0.294;65437.42:0.294;66344.21:0.294;67251.00:0.294,62766.65:1.066;63673.44:1.066;64580.23:1.066;65487.02:1.066;66393.81:1.066;67300.60:1.066,0.00552736610806,826882.200345,1.00820052794,216.63852169,0.00552623373994,0.671248349683,100417323.824,63638.53047,2033-02-10,34.6355187055,0,0,0,626.914180126,0.114426498768,313.457090063,0.0572132493841,6,2.93093719966,110.249676509,easy,
114,2.501242,0.6462794,28.42255,142.31976,218.49978,93.58861,0.884740820985,4.11774317901,1444.88071923,3.95586781446,5.0330834372e-08,0.249155515198,2.94716026117,0.967289829253,142.31976,322.31976,True,True,False,2.63886144256,-0.166349973532,0.884740820985,63714.1381659,2033-04-27,4.11774317901,67326.339964,2043-03-18,1.50597549988,3,63714.14;65159.02;66603.90,4,3,7,3,3,62551.89:2.947;63996.78:2.947;65441.66:2.947;66886.54:2.947,63687.22:0.967;65132.10:0.967;66576.98:0.967,0.0413622524327,6187704.89129,0.978817680572,320.156006653,0.0199966032155,1.7790166285,266137099.563,63707.5669504,2033-04-20,66.896305979,0,0,0,644.911716397,0.117711470025,58.9919244457,0.0107674057852,3,13.7591536544,69.1849723691,hard,
115,1.9014803,0.5951473,3.69008,109.438,43.4671,46.39647,0.769819433452,3.03314116655,957.71474174,2.62208005952,7.5932894208e-08,0.375894809081,0.85756078534,2.16169926786,109.438,289.438,True,True,False,3.03195268744,-0.130934687624,0.769819433452,62992.0000855,2031-05-06,3.03314116655,62513.1427146,2030-01-12,0.16047805891,6,62992.00;63949.71;64907.43;65865.14;66822.86;67780.57,6,6,12,6,6,62966.61:0.858;63924.32:0.858;64882.04:0.858;65839.75:0.858;66797.46:0.858;67755.18:0.858,63178.51:2.162;64136.22:2.162;65093.94:2.162;66051.65:2.162;67009.37:2.162;67967.08:2.162,0.0233102609474,3487165.40319,0.98039469041,88.0530015099,-0.0230489456087,0.131631753435,19691830.0304,65902.5094657,2039-04-24,11.6612098702,0,0,0,1156.84163701,0.211150652432,1156.84163701,0.211150652432,12,1.98887878433,70.110770984,easy,
116,2.5405049,0.6679634,6.22709,64.2053,142.61518,74.30375,0.843540609279,4.23746919072,1479.03510541,4.04937742754,4.9168577474e-08,0.243401930545,2.99837388907,0.919155504897,64.2053,244.2053,True,True,False,1.85681307195,-0.193488183325,0.843540609279,63852.7983922,2033-09-12,4.23746919072,63113.2808395,2031-09-04,0.345311447216,3,63852.80;65331.83;66810.87,3,3,6,3,3,63570.13:2.998;65049.17:2.998;66528.20:2.998,63876.92:0.919;65355.96:0.919;66834.99:0.919,0.0321411834138,4808252.60048,1.0080694977,260.398696352,-0.0306608886015,1.69697480394,253863817.301,63869.9592849,2033-09-29,66.2318043362,0,0,0,602.917465097,0.110046537093,288.960443471,0.0527420385072,3,12.878539679,71.4278066313,easy,
117,0.9326616,0.0913984,18.68411,278.65037,118.23951,124.27217,0.847417822019,1.01790537798,328.991419472,0.900729416762,2.2104543724e-07,1.09425346283,0.966675213046,0.886531582092,278.65037,98.65037,True,True,False,0.967037150165,-0.259026561019,0.847417822019,62731.389104,2030-08-18,1.01790537798,62895.8848137,2031-01-29,0.322556211785,16,62731.39;63060.38;63389.37;63718.36;64047.35;64376.35;64705.34;65034.33;65363.32;65692.31;66021.30;66350.29;66679.29;67008.28;67337.27;67666.26,17,16,33,33,33,62632.04:0.967;62961.03:0.967;63290.02:0.967;63619.01:0.967;63948.00:0.967;64277.00:0.967;64605.99:0.967;64934.98:0.967;65263.97:0.967;65592.96:0.967;65921.95:0.967;66250.94:0.967;66579.94:0.967;66908.93:0.967;67237.92:0.967;67566.91:0.967;67895.90:0.967,62779.67:0.887;63108.66:0.887;63437.66:0.887;63766.65:0.887;64095.64:0.887;64424.63:0.887;64753.62:0.887;65082.61:0.887;65411.60:0.887;65740.60:0.887;66069.59:0.887;66398.58:0.887;66727.57:0.887;67056.56:0.887;67385.55:0.887;67714.54:0.887,0.0501291999334,7499221.56993,0.969834802828,276.526334338,-0.0121546179584,0.290392686669,43442127.5925,65393.0847428,2037-12-01,10.775250365,0,0,0,5478.75,1,1184.33787298,0.216169358518,33,3.76399376856,63.344526818,moderate,
118,1.4900466,0.3666013,68.42022,262.94888,188.81131,66.18458,0.943793579379,2.03629962062,664.351933293,1.8188964635,1.0946314524e-07,0.541881466673,2.0224845962,0.946791056796,262.94888,82.94888,True,True,False,1.31808386279,-1.19815702832,0.943793579379,63070.9173174,2031-07-23,2.03629962062,64067.4452174,2034-04-15,1.36929199543,8,63070.92;63735.27;64399.62;65063.97;65728.33;66392.68;67057.03;67721.38,8,8,16,8,8,62706.25:2.022;63370.60:2.022;64034.95:2.022;64699.30:2.022;65363.66:2.022;66028.01:2.022;66692.36:2.022;67356.71:2.022,63063.89:0.947;63728.24:0.947;64392.59:0.947;65056.95:0.947;65721.30:0.947;66385.65:0.947;67050.00:0.947;67714.35:0.947,0.03755812718,5618615.85361,0.946857100946,82.913415365,0.00148179617757,0.14348306346,21464760.7751,65053.7556616,2036-12-26,37.436644928,0,0,0,2447.16500137,0.446664841683,83.4885710375,0.0152386166621,8,9.57807503571,58.9148897546,hard,
119,2.8027314,0.6361596,13.44416,272.69833,171.76973,91.42447,1.01974691367,4.58571588633,1713.8414632,4.69224219905,4.2432193250e-08,0.210054434864,4.50459789232,1.0238468909,272.69833,92.69833,True,True,False,1.06757771921,-0.0830441000445,1.01974691367,65906.2825912,2039-04-28,4.58571588633,63335.5203964,2032-04-13,0.565600761998,3,64192.44;65906.28;67620.12,3,3,6,3,3,63469.86:4.505;65183.70:4.505;66897.54:4.505,64199.18:1.024;65913.02:1.024;67626.86:1.024,0.0392250132196,5867978.45583,1.02216259757,90.8408034966,0.00792006590125,0.157345631356,23538571.4147,67634.2866273,2044-01-20,13.4210455982,0,0,0,665.908842048,0.121543936491,125.482822338,0.0229035495939,4,7.19722622772,59.927650567,moderate,
120,2.4281288,0.6737478,7.77266,261.43576,54.65804,271.1859,0.792182362883,4.06407523712,1381.99352141,3.7836920504,5.2621123790e-08,0.260493261671,0.954077934995,2.17267728845,261.43576,81.43576,True,True,False,3.61115533427,-0.471139213711,0.792182362883,62922.9393848,2031-02-25,4.06407523712,64995.9296669,2036-10-29,0.482897430948,4,62922.94;64304.93;65686.93;67068.92,4,4,8,4,4,62888.54:0.954;64270.53:0.954;65652.52:0.954;67034.52:0.954,63087.58:2.173;64469.57:2.173;65851.56:2.173;67233.56:2.173,0.0193577690494,2895881.03129,1.01062317839,253.748048372,-0.018450583315,0.245790454764,36769728.6711,65729.1412596,2038-11-02,22.9829789451,0,0,0,751.897070901,0.137238799161,351.951820422,0.0642394379049,12,4.57087189248,72.6127903224,easy,
121,2.5188915,0.6365663,13.75276,275.18421,331.89473,217.87283,0.915450057744,4.12233294226,1460.20092168,3.99781224279,4.9802771034e-08,0.246541414031,0.959455810279,3.41667187639,275.18421,95.18421,True,True,False,4.12221645947,0.466567110491,0.915450057744,63236.684879,2032-01-05,4.12233294226,62506.5844181,2030-01-05,0.675086212288,4,63236.68;64696.89;66157.09;67617.29,4,4,8,4,4,63256.84:0.959;64717.04:0.959;66177.24:0.959;67637.44:0.959,62856.10:3.417;64316.30:3.417;65776.50:3.417;67236.70:3.417,0.0440710092315,6592929.14064,0.987397304475,282.507812456,0.0307908282886,1.80631925627,270221514.542,63226.0029662,2031-12-26,66.6439273333,0,0,0,815.888310977,0.148918696961,156.47857925,0.0285610000912,4,12.1992803848,68.0292834311,moderate,
122,1.9956563,0.5058072,10.06177,164.87309,150.28551,62.27738,0.986238974735,3.00507362527,1029.73873133,2.8192709961,7.0621848003e-08,0.349603243083,2.64861237984,1.03181350134,164.87309,344.87309,True,True,False,2.97056064693,-0.322052793993,0.986238974735,63081.3401563,2031-08-03,3.00507362527,63596.209522,2032-12-30,0.400631932366,5,63081.34;64111.08;65140.82;66170.56;67200.30,6,5,11,5,5,62771.83:2.649;63801.57:2.649;64831.31:2.649;65861.05:2.649;66890.79:2.649;67920.53:2.649,63106.15:1.032;64135.89:1.032;65165.63:1.032;66195.36:1.032;67225.10:1.032,0.0158463136156,2370574.77533,1.02131827712,341.349951007,0.0111356945686,0.153010375774,22890026.4107,63065.9257816,2031-07-18,9.8666965191,0,0,0,1151.34238982,0.210146911215,292.459964413,0.0533807829181,5,6.66634453324,65.253069587,moderate,
123,2.0847298,0.5932104,4.48847,227.75939,290.41368,224.23513,0.84804640145,3.32141319855,1099.44393674,3.01011344762,6.6144393303e-08,0.327438251255,1.11948456698,1.70360888582,227.75939,47.75939,True,True,False,2.35469354056,0.0793743720268,0.84804640145,63813.5152711,2033-08-04,3.32141319855,63263.7933027,2032-02-01,0.250320277885,5,62714.07;63813.52;64912.96;66012.40;67111.85,5,5,10,5,10,62767.35:1.119;63866.79:1.119;64966.24:1.119;66065.68:1.119;67165.12:1.119,62592.78:1.704;63692.22:1.704;64791.67:1.704;65891.11:1.704;66990.55:1.704,0.01975270058,2954961.94735,1.01079256037,213.633641457,-0.0193610117928,1.76674795776,264301732.544,62729.3369256,2030-08-16,66.7088822171,0,0,0,1087.8510813,0.198558262615,1087.8510813,0.198558262615,5,14.4790583099,68.7074208024,easy,
124,2.2344631,0.5767474,16.18609,116.62205,139.53984,89.33903,0.945742316679,3.52318388332,1219.99544043,3.34016547689,5.9608462258e-08,0.295083070042,2.6572639901,1.03640075796,116.62205,296.62205,True,True,False,3.16690605491,-0.792815947161,0.945742316679,63337.2319663,2032-04-15,3.52318388332,66387.2205674,2040-08-21,0.792817046388,4,63337.23;64557.23;65777.22;66997.22,5,4,9,4,4,63073.12:2.657;64293.11:2.657;65513.11:2.657;66733.10:2.657;67953.10:2.657,63369.24:1.036;64589.23:1.036;65809.23:1.036;67029.22:1.036,0.0134171441857,2007176.20105,1.02803786452,294.868114369,0.00913287996597,0.790272997248,118223157.66,66964.7739771,2042-03-21,32.5972579038,0,0,0,859.88228853,0.1569486267,143.980290172,0.026279770052,4,7.08946997125,68.2498261927,moderate,
125,1.6992091,0.8257849,39.01303,181.67697,123.38896,109.12755,0.296027883277,3.10239031672,809.037523375,2.21502402019,8.9887119034e-08,0.444973180599,0.990705003978,0.371607677325,181.67697,1.67697,True,True,False,1.4016035051,-0.223655696517,0.296027883277,62572.8298168,2030-03-12,3.10239031672,63786.3861019,2033-07-08,1.69032788803,7,62572.83;63381.87;64190.90;64999.94;65808.98;66618.02;67427.05,7,7,14,7,7,62530.50:0.991;63339.54:0.991;64148.58:0.991;64957.62:0.991;65766.65:0.991;66575.69:0.991;67384.73:0.991,62580.86:0.372;63389.90:0.372;64198.93:0.372;65007.97:0.372;65817.01:0.372;66626.05:0.372;67435.08:0.372,0.00283568633275,424212.637353,0.995815993535,181.495934354,-0.00254911576495,0.365698317917,54707689.679,63329.6787266,2032-04-07,25.3032019614,0,0,0,767.89488092,0.140158773611,164.977415823,0.0301122365179,7,15.7063718752,103.023435098,hard,
126,2.4077964,0.6238857,2.42699,338.65275,20.33259,145.34149,0.905606657529,3.90998614247,1364.6713313,3.73626647858,5.3289059789e-08,0.263799782221,0.927817226586,3.54372344657,338.65275,158.65275,True,True,False,3.67946008515,-0.0123198452396,0.905606657529,63378.3888719,2032-05-26,3.90998614247,62696.0532063,2030-07-14,0.104796344612,4,63378.39;64743.06;66107.73;67472.40,4,4,8,4,4,63364.21:0.928;64728.88:0.928;66093.55:0.928;67458.22:0.928,63817.12:3.544;65181.79:3.544;66546.46:3.544;67911.14:3.544,0.0172290068742,2577422.74266,1.0132404654,315.34868658,-0.0169873116925,0.604357135321,90410540.5864,66141.2157641,2039-12-19,30.2935318164,0,0,0,828.886531618,0.151291176202,828.886531618,0.151291176202,4,3.46153917684,66.9177705572,easy,
127,2.0677254,0.6691596,2.11568,232.85463,135.64523,192.51717,0.684087098426,3.45136370157,1086.01974413,2.9733600113,6.6961998214e-08,0.3314856861,2.18940640751,0.772321299639,232.85463,52.85463,True,True,False,2.89363388256,-0.035022609224,0.684087098426,62791.2688002,2030-10-17,3.45136370157,63334.2786723,2032-04-12,0.102739911385,5,62791.27;63877.29;64963.31;66049.33;67135.35,5,5,10,0,5,62619.76:2.189;63705.78:2.189;64791.80:2.189;65877.82:2.189;66963.84:2.189,62812.69:0.772;63898.71:0.772;64984.73:0.772;66070.75:0.772;67156.77:0.772,0.0190562624684,2850776.28878,0.982987098528,84.5063534608,-0.0190522936773,0.0526009794111,7868994.51663,67088.5674256,2042-07-23,17.17425377,1,0,0,779.893238434,0.142348754448,779.893238434,0.142348754448,10,0.440887625202,45.6683059353,easy,
128,0.8278977,0.2094484,8.54804,273.62643,327.01857,193.58027,0.654495851371,1.00129954863,275.146150456,0.753309104604,2.6430336040e-07,1.30839555415,0.673285881758,0.960298827468,273.62643,93.62643,True,True,False,0.88289643749,0.131002916971,0.654495851371,62978.0706474,2031-04-22,1.00129954863,64216.2283244,2034-09-11,0.135173976692,20,62702.92;62978.07;63253.22;63528.36;63803.51;64078.66;64353.80;64628.95;64904.09;65179.24;65454.39;65729.53;66004.68;66279.82;66554.97;66830.12;67105.26;67380.41;67655.56;67930.70,20,20,40,20,40,62719.35:0.673;62994.49:0.673;63269.64:0.673;63544.79:0.673;63819.93:0.673;64095.08:0.673;64370.22:0.673;64645.37:0.673;64920.52:0.673;65195.66:0.673;65470.81:0.673;65745.95:0.673;66021.10:0.673;66296.25:0.673;66571.39:0.673;66846.54:0.673;67121.69:0.673;67396.83:0.673;67671.98:0.673;67947.12:0.673,62602.02:0.960;62877.16:0.960;63152.31:0.960;63427.45:0.960;63702.60:0.960;63977.75:0.960;64252.89:0.960;64528.04:0.960;64803.18:0.960;65078.33:0.960;65353.48:0.960;65628.62:0.960;65903.77:0.960;66178.92:0.960;66454.06:0.960;66729.21:0.960;67004.35:0.960;67279.50:0.960;67554.65:0.960;67829.79:0.960,0.0178025532371,2663224.05729,0.969872517575,89.3274777372,0.0109270380938,0.157370587224,23542304.7595,62816.0319396,2030-11-11,7.33561644394,0,0,0,3374.53805092,0.615932110594,1912.73816042,0.349119445205,20,3.41744350893,69.5535123971,easy,
129,3.3418316,0.8320031,35.60472,80.21035,95.80133,123.22571,0.561417349122,6.12224585088,2231.38890293,6.10920986428,3.2590487508e-08,0.161334494192,1.12295718965,0.948731550069,80.21035,260.21035,True,True,False,2.48598304233,-0.910827177139,0.561417349122,64898.9875785,2036-07-24,6.12224585088,63783.293127,2033-07-05,3.54912715803,3,62667.60;64898.99;67130.38,3,3,6,6,6,62615.96:1.123;64847.35:1.123;67078.74:1.123,62706.87:0.949;64938.26:0.949;67169.64:0.949,0.0419193255493,6271041.84336,0.992085884468,262.871296285,-0.0329619372224,0.64561994374,96583368.8649,62702.4984271,2030-07-20,47.4158147897,0,0,0,352.451751985,0.0643306871065,123.483096085,0.0225385527877,6,17.310770969,81.8077240435,hard,
130,1.8896615,0.5208196,5.43674,104.69532,221.57844,161.94316,0.905488753435,2.87383424657,948.799504385,2.59767146991,7.6646385069e-08,0.379426842379,2.25602967351,0.99099527501,104.69532,284.69532,True,True,False,1.95518880116,0.183871782314,0.905488753435,62670.7890367,2030-06-18,2.87383424657,63145.1887889,2031-10-06,0.226775333575,6,62670.79;63619.59;64568.39;65517.19;66465.99;67414.79,6,6,12,6,6,62892.59:2.256;63841.39:2.256;64790.19:2.256;65738.99:2.256;66687.79:2.256;67636.59:2.256,62639.44:0.991;63588.24:0.991;64537.04:0.991;65485.84:0.991;66434.64:0.991;67383.44:0.991,0.00931571728984,1393611.4706,1.01546276602,279.435580298,0.00885933391521,0.121330429682,18150773.9316,64580.1602062,2035-09-10,9.44564905028,0,0,0,1403.30789762,0.256136508806,1018.36059403,0.185874623597,12,5.20329563344,66.785570951,easy,
131,8.6053869,0.8827231,133.99961,128.96684,158.413,6.65892,1.00921309893,16.2015607011,9220.49058073,25.2443273942,7.8870046588e-09,0.0390434757075,10.6035886215,1.04353006212,128.96684,308.96684,True,True,True,10.7105036916,-5.24032657141,10.7105036916,62502,2030-01-01,16.2015607011,65639.6938761,2038-08-04,5.54625965389,0,,0,0,0,0,0,,,0.0260857020567,3902365.4834,1.04201743365,309.294172668,0.00616453713503,10.0773731914,1507553571.68,62552.1523768,2030-02-20,32.341797441,0,0,0,0,0,0,0,0,23.2688473095,36.8722638693,unreachable,retrograde
132,2.4211089,0.631387,8.56552,178.00841,243.15297,355.65328,0.892452214956,3.94976558504,1376.0046869,3.76729551513,5.2850148592e-08,0.261627015828,2.03667346768,1.13289924295,178.00841,358.00841,True,True,False,1.48737710324,0.10660682942,0.892452214956,62592.6188733,2030-04-01,3.94976558504,63280.6212167,2032-02-18,0.548768904789,4,62592.62;63968.62;65344.63;66720.63,4,4,8,4,4,62747.12:2.037;64123.12:2.037;65499.13:2.037;66875.13:2.037,62542.56:1.133;63918.56:1.133;65294.57:1.133;66670.57:1.133,0.0452605675494,6770884.53207,1.01863050201,13.8310604805,-0.0417981070886,0.502399464786,75157890.1727,64004.642374,2034-02-11,26.9151699132,0,0,0,813.388653162,0.148462450954,379.947987955,0.0693493931928,8,4.7827338535,63.5416685205,easy,
133,2.8055539,0.8221067,9.62248,169.75955,102.82204,21.9338,0.499089241599,5.1120185584,1716.43100952,4.69933199048,4.2368176619e-08,0.209737529795,1.11233337075,0.769079280014,169.75955,349.75955,True,True,False,3.57217232745,-0.472027073192,0.499089241599,62811.853636,2030-11-06,5.1120185584,65386.5001503,2037-11-24,0.837017658507,4,62811.85;64528.28;66244.72;67961.15,4,3,7,4,7,62760.44:1.112;64476.87:1.112;66193.30:1.112;67909.73:1.112,62839.92:0.769;64556.35:0.769;66272.78:0.769,0.0193668563857,2897240.47745,0.99880798852,176.238488327,0.0191043566137,0.482196001807,72135495.1304,64542.0063241,2035-08-03,23.9180444256,0,0,0,401.445045168,0.0732731088603,311.457363811,0.0568482525778,7,4.73132603199,85.8022924854,easy,
134,1.3762055,0.3023014,38.14572,344.3211,220.72405,97.73196,0.960176650662,1.79223434934,589.68945364,1.61448173481,1.2332262637e-07,0.610490823225,1.62205621441,1.01735989839,344.3211,164.3211,True,True,False,1.79018357763,0.658593875291,0.960176650662,62808.980844,2030-11-03,1.79223434934,62514.1361172,2030-01-13,0.995072025072,9,62808.98;63398.67;63988.36;64578.05;65167.74;65757.43;66347.12;66936.81;67526.50,9,9,18,9,18,62992.85:1.622;63582.54:1.622;64172.23:1.622;64761.92:1.622;65351.61:1.622;65941.30:1.622;66530.99:1.622;67120.68:1.622;67710.37:1.622,62773.55:1.017;63363.24:1.017;63952.93:1.017;64542.62:1.017;65132.30:1.017;65721.99:1.017;66311.68:1.017;66901.37:1.017;67491.06:1.017,0.0242125579662,3622147.11595,1.01565642332,164.794988801,-0.00659738190951,0.0766950956867,11473423.0079,65131.4687824,2037-03-14,20.9624503745,1,0,0,3224.05865042,0.588466100922,214.470640569,0.0391459074733,18,2.80337900288,63.2493837462,hard,
135,1.7052889,0.6889445,8.74062,34.00167,99.72654,193.669,0.530439491434,2.88013830857,813.383530812,2.22692274007,8.9406841191e-08,0.442595634609,1.01389448431,0.802478833187,34.00167,214.00167,True,True,False,1.69298538848,-0.205021731952,0.530439491434,63202.5751062,2031-12-02,2.88013830857,66862.8009949,2041-12-09,0.433342672856,6,63202.58;64015.96;64829.34;65642.73;66456.11;67269.49,6,6,12,12,12,63152.79:1.014;63966.17:1.014;64779.56:1.014;65592.94:1.014;66406.32:1.014;67219.71:1.014,63235.39:0.802;64048.78:0.802;64862.16:0.802;65675.54:0.802;66488.93:0.802;67302.31:0.802,0.00387318363731,579420.024972,0.994763018111,35.4160267725,0.00377498969449,0.30021672303,44911782.5138,63157.2695413,2031-10-18,30.4018660463,0,0,0,843.884478511,0.154028652249,567.92225568,0.103659092983,12,6.23248538556,82.3793004289,easy,
136,1.1049736,0.0755396,24.09941,290.33711,37.15512,104.27099,1.02150433625,1.18844286375,424.254326498,1.16154504175,1.7141145682e-07,0.8485476223,1.03627887693,1.16905146814,290.33711,110.33711,True,True,False,1.16113017061,0.0613628120366,1.02150433625,62774.1355876,2030-09-30,1.18844286375,62562.0084243,2030-03-02,0.470950380839,13,62774.14;63198.39;63622.64;64046.90;64471.15;64895.41;65319.66;65743.92;66168.17;66592.42;67016.68;67440.93;67865.19,13,13,26,26,26,62736.24:1.036;63160.49:1.036;63584.75:1.036;64009.00:1.036;64433.26:1.036;64857.51:1.036;65281.77:1.036;65706.02:1.036;66130.28:1.036;66554.53:1.036;66978.78:1.036;67403.04:1.036;67827.29:1.036,62511.77:1.169;62936.03:1.169;63360.28:1.169;63784.54:1.169;64208.79:1.169;64633.04:1.169;65057.30:1.169;65481.55:1.169;65905.81:1.169;66330.06:1.169;66754.32:1.169;67178.57:1.169;67602.82:1.169,0.0178256280911,2666676.00631,1.03608425766,290.566071099,0.00185199659027,0.148724983903,22248940.9117,67823.6926753,2044-07-27,12.764504385,0,0,0,5478.75,1,776.893649056,0.141801259239,26,3.48934937762,59.3316698139,hard,
137,2.4143354,0.5958396,18.80198,283.609,355.74077,314.03452,0.975778760998,3.852892039,1370.23428609,3.75149701873,5.3072713845e-08,0.262728792918,0.976785985928,3.83726831018,283.609,103.609,True,True,False,2.60763183113,-0.575346861331,0.975778760998,64115.422674,2034-06-02,3.852892039,63430.305531,2032-07-17,0.660306545814,4,62745.19;64115.42;65485.66;66855.89,4,4,8,4,4,62748.49:0.977;64118.72:0.977;65488.96:0.977;66859.19:0.977,63481.57:3.837;64851.81:3.837;66222.04:3.837;67592.28:3.837,0.0415329039187,6213233.99022,0.977170838544,284.316594838,0.00410858062719,0.505294927184,75591045.1823,64092.0601484,2034-05-10,23.5466787224,0,0,0,833.885847249,0.152203668218,113.984396387,0.0208048179578,4,5.44043930464,64.1961707776,moderate,
138,3.2876537,0.6836654,46.98405,187.08625,168.80552,268.4184,1.03999861813,5.53530878187,2177.3463878,5.96124952169,3.3399395050e-08,0.165338873969,5.31668933509,1.0480959034,187.08625,7.08625,True,True,False,5.14533531737,-1.67352903673,1.03999861813,63931.2487932,2033-11-30,5.53530878187,65019.9219871,2036-11-22,2.10211921431,2,63931.25;66108.60,3,2,5,2,2,63098.60:5.317;65275.95:5.317;67453.30:5.317,63940.58:1.048;66117.93:1.048,0.0452682443131,6772032.95957,1.04749395391,6.7981488153,0.00564504684089,0.811924200884,121462131.622,66106.8736371,2039-11-14,38.0018195516,0,0,0,373.948809198,0.068254402774,24.9965781549,0.00456246007847,2,6.97038139665,50.2500890375,hard,
139,3.0387546,0.6736503,57.84046,177.37634,204.636,46.30594,0.991696652084,5.08581254792,1934.82580426,5.29726435115,3.7585839514e-08,0.18606326172,4.28136579109,1.02941241258,177.37634,357.37634,True,True,False,3.67548682376,2.69838176377,0.991696652084,62885.9537831,2031-01-19,5.08581254792,65788.1924895,2038-12-31,2.75622999822,3,62885.95;64820.78;66755.61,3,3,6,3,3,63405.68:4.281;65340.51:4.281;67275.33:4.281,62866.39:1.029;64801.21:1.029;66736.04:1.029,0.0235521518956,3523351.77399,1.02848198625,357.535659961,-0.00454844481218,0.860712539286,128760763.162,66750.573022,2041-08-19,44.3905654295,0,0,0,576.921023816,0.105301578611,32.9954831645,0.00602244730359,3,4.56749495255,63.017918608,hard,
140,2.7252728,0.6949311,14.10845,92.64957,248.42475,124.01865,0.831395975296,4.6191496247,1643.28692388,4.49907439804,4.4254019861e-08,0.219073123974,1.89286571417,1.12235099942,92.64957,272.64957,True,True,False,2.69430731012,0.243568774688,0.831395975296,65563.7545887,2038-05-20,4.6191496247,63098.8242029,2031-08-20,1.07155336441,3,63920.47;65563.75;67207.04,3,3,6,3,6,64049.02:1.893;65692.30:1.893;67335.59:1.893,63870.37:1.122;65513.66:1.122;67156.94:1.122,0.0453363892242,6782227.29317,1.03945036384,281.585949877,-0.0405518234329,0.823523871336,123197417.623,67242.0781195,2042-12-24,40.2413274149,0,0,0,588.91938133,0.107491559449,162.477758007,0.0296559905101,6,8.65333163413,59.2433426993,moderate,
141,1.2189153,0.5698609,3.20528,307.34369,324.83375,244.76095,0.524303130118,1.91352746988,491.539835181,1.34576272466,1.4794742351e-07,0.73239231947,0.561504703326,1.54092781179,307.34369,127.34369,True,True,False,1.74732566802,0.0819464133493,0.524303130118,62831.9655712,2030-11-26,1.91352746988,62586.1956536,2030-03-26,0.082675673513,11,62831.97;63323.51;63815.05;64306.59;64798.12;65289.66;65781.20;66272.74;66764.28;67255.82;67747.36,11,11,22,11,11,62843.29:0.562;63334.83:0.562;63826.37:0.562;64317.91:0.562;64809.45:0.562;65300.99:0.562;65792.53:0.562;66284.07:0.562;66775.61:0.562;67267.15:0.562;67758.69:0.562,62710.87:1.541;63202.41:1.541;63693.95:1.541;64185.49:1.541;64677.03:1.541;65168.57:1.541;65660.11:1.541;66151.65:1.541;66643.19:1.541;67134.73:1.541;67626.27:1.541,0.0336556686446,5034816.36622,0.993958342206,164.575854591,-0.033659237214,0.0728423337496,10897058.0258,67691.3955955,2044-03-17,16.6300088344,1,0,0,2075.71584999,0.378866684917,2075.71584999,0.378866684917,22,9.55000696239,81.7632408528,easy,
142,1.6550928,0.6239317,6.0672,34.03403,92.93111,197.11292,0.622427935638,2.68775766436,777.735550317,2.12932388862,9.3504857965e-08,0.46288227387,1.04409208627,0.97952871162,34.03403,214.03403,True,True,False,2.05447690732,-0.183018812329,0.622427935638,66218.3107264,2040-03-05,2.68775766436,62718.5007499,2030-08-05,0.283850228444,7,63107.37;63885.10;64662.84;65440.58;66218.31;66996.05;67773.78,7,7,14,14,14,63053.57:1.044;63831.30:1.044;64609.04:1.044;65386.77:1.044;66164.51:1.044;66942.24:1.044;67719.98:1.044,63155.12:0.980;63932.86:0.980;64710.59:0.980;65488.33:0.980;66266.06:0.980;67043.80:0.980;67821.53:0.980,0.00486810381049,728257.964396,1.00680030626,216.587742622,-0.00476801136724,0.165293265098,24727520.4996,66265.4415089,2040-04-21,13.5536376913,0,0,0,1124.34608541,0.20521945433,1092.85039693,0.199470754631,14,4.9817016066,75.8515723972,easy,
143,1.7198356,0.56153,28.82828,222.69423,280.98297,132.65061,0.754096315532,2.68557488447,823.813355901,2.2554780449,8.8274912813e-08,0.436992186909,1.0637435308,1.31861046155,222.69423,42.69423,True,True,False,0.96243007043,-0.262442793013,0.754096315532,62544.072978,2030-02-12,2.68557488447,63779.7930118,2033-07-01,1.2816585835,7,62544.07;63367.89;64191.70;65015.51;65839.33;66663.14;67486.95,7,6,13,13,13,62598.07:1.064;63421.89:1.064;64245.70:1.064;65069.51:1.064;65893.33:1.064;66717.14:1.064;67540.95:1.064,63285.08:1.319;64108.89:1.319;64932.70:1.319;65756.52:1.319;66580.33:1.319;67404.14:1.319,0.0382324693297,5719496.00332,1.03573201487,219.951576747,-0.0272681551391,0.448763189387,67134017.5808,65883.1824612,2039-04-05,14.8070357413,0,0,0,1303.321585,0.237886668492,343.452983849,0.0626882014782,13,10.6629828358,72.1617574921,hard,
144,17.8136156,0.9469937,19.56623,48.89139,333.20875,127.37831,0.944233852578,34.6829973474,27461.644551,75.18588515,2.6481317254e-09,0.013109193054,0.996249478483,11.8867041995,48.89139,228.89139,True,True,False,33.8192548571,5.63817418903,33.7838667072,67980.75,2044-12-31,34.6829973474,65214.1059624,2037-06-05,5.63817418903,0,,0,0,0,0,0,,,0.00467761994507,699761.983727,0.994352212847,48.4423568574,-0.00276969361788,32.8950247218,4921025655.01,62603.3285879,2030-04-12,28.5644340917,0,0,0,0,0,0,0,0,27.8259899572,31.7980943798,unreachable,r_min_window=33.78AU
145,1.7723384,0.4846564,15.15631,61.2066,232.43344,239.63201,0.913363251474,2.63131354853,861.823629894,2.35954450348,8.4381594614e-08,0.417718878333,1.92477615493,1.046734562,61.2066,241.2066,True,True,False,1.79128666246,-0.0609426412671,0.913363251474,63211.8027544,2031-12-11,2.63131354853,63642.7145694,2033-02-14,0.620705907268,6,63211.80;64073.63;64935.45;65797.27;66659.10;67520.92,7,6,13,6,13,62524.48:1.925;63386.31:1.925;64248.13:1.925;65109.96:1.925;65971.78:1.925;66833.60:1.925;67695.43:1.925,63169.92:1.047;64031.74:1.047;64893.57:1.047;65755.39:1.047;66617.21:1.047;67479.04:1.047,0.0215240702053,3219955.07151,1.02886576341,244.524318732,-0.0161268306325,0.518200797076,77521735.8376,64977.9708626,2036-10-11,24.3152386382,0,0,0,1471.2985902,0.268546400219,243.966602792,0.0445296103659,6,7.95457652922,67.619002796,moderate,
146,1.4913987,0.5783451,7.79145,110.66657,97.80704,169.28,0.628855569709,2.35394183029,665.256409028,1.8213727831,1.0931432028e-07,0.541144730234,1.07717486986,0.92025509371,110.66657,290.66657,True,True,False,2.31776381474,-0.314179791254,0.628855569709,62882.9508801,2031-01-16,2.35394183029,62550.3226756,2030-02-18,0.317409816617,8,62882.95;63548.21;64213.46;64878.72;65543.98;66209.23;66874.49;67539.75,8,8,16,16,16,62823.39:1.077;63488.64:1.077;64153.90:1.077;64819.15:1.077;65484.41:1.077;66149.67:1.077;66814.92:1.077;67480.18:1.077,62926.75:0.920;63592.01:0.920;64257.27:0.920;64922.52:0.920;65587.78:0.920;66253.04:0.920;66918.29:0.920;67583.55:0.920,0.0196766544108,2943585.60235,0.988215073156,118.833245333,0.0192045824575,0.376188585352,56277011.3503,66162.3329923,2040-01-09,29.1930059055,0,0,0,1402.30803449,0.255954010402,1058.35511908,0.193174559723,16,4.01384783002,76.5160626198,easy,
147,2.6301994,0.6401361,70.55951,18.46202,13.16707,313.1496,0.946513813862,4.31388498614,1558.05017138,4.26570888811,4.6675038777e-08,0.23105802792,0.956326535815,4.12115731019,18.46202,198.46202,True,True,False,3.77602532391,-2.10560501612,0.946513813862,62960.8148207,2031-04-04,4.31388498614,63739.8399064,2033-05-22,2.30115882193,4,62960.81;64518.86;66076.92;67634.97,4,3,7,4,4,62951.14:0.956;64509.19:0.956;66067.24:0.956;67625.29:0.956,63546.29:4.121;65104.34:4.121;66662.39:4.121,0.0424866850189,6355917.61193,0.956679596578,18.3843496506,-0.00367436655709,0.218667284524,32712160.1565,66070.9826641,2039-10-09,41.3349654869,0,0,0,805.889679715,0.14709371293,37.4948672324,0.00684369011771,4,9.87535741078,58.3677595338,hard,
148,2.5128427,0.6316815,9.87177,48.48253,325.71499,267.86855,0.925526454,4.100158946,1454.94434828,3.98342052918,4.9982703636e-08,0.247432144346,0.992273117061,3.15883829985,48.48253,228.48253,True,True,False,3.86986375048,0.217615255114,0.925526454,64482.2390646,2035-06-04,4.100158946,63754.7668904,2033-06-06,0.520774915619,4,63027.29;64482.24;65937.18;67392.13,4,4,8,4,4,63052.71:0.992;64507.66:0.992;65962.60:0.992;67417.55:0.992,62700.11:3.159;64155.06:3.159;65610.00:3.159;67064.95:3.159,0.000958877787262,143446.075236,0.991160433234,48.2105362931,-0.000818800755289,1.62483503512,243071861.492,63006.0597646,2031-05-20,59.1674452139,0,0,0,816.888174103,0.149101195365,227.968792773,0.0416096359157,4,11.3592228695,65.2724029462,easy,
149,2.0334038,0.5609582,6.50656,111.23173,104.54677,246.73838,0.892749264479,3.17405833552,1059.09245262,2.89963710505,6.8664498540e-08,0.339913667697,1.62209030241,1.22144726453,111.23173,291.23173,True,True,False,1.42776563931,0.0339084223334,0.892749264479,65769.5768297,2038-12-12,3.17405833552,63121.8456981,2031-09-12,0.353232554237,6,62592.30;63651.39;64710.48;65769.58;66828.67;67887.76,5,6,11,6,11,63536.99:1.622;64596.09:1.622;65655.18:1.622;66714.27:1.622;67773.36:1.622,62657.14:1.221;63716.24:1.221;64775.33:1.221;65834.42:1.221;66893.51:1.221;67952.61:1.221,0.0494642422593,7399745.31778,1.03193418245,267.257505579,0.0477707117685,0.272054384992,40698756.7094,62553.4686055,2030-02-21,19.7326032242,0,0,0,1300.32199562,0.237339173282,1150.84245825,0.210055662013,12,3.44825690755,69.3519551987,easy,
150,2.1345095,0.5147127,7.35457,116.19322,182.65206,146.99943,1.03585035208,3.23316864792,1139.05728235,3.11856887708,6.3844069384e-08,0.316050830434,3.2294999232,1.03622749297,116.19322,296.19322,True,True,False,3.2081796236,0.0684891727084,1.03585035208,63013.0013113,2031-05-27,3.23316864792,63582.5299524,2032-12-16,0.240860944906,5,63013.00;64152.06;65291.12;66430.17;67569.23,4,5,9,5,5,63560.09:3.229;64699.15:3.229;65838.21:3.229;66977.26:3.229,63010.70:1.036;64149.75:1.036;65288.81:1.036;66427.87:1.036;67566.92:1.036,0.0181436060803,2714244.83643,1.03609568808,296.701983712,-0.00118745313112,0.24981146084,37371262.6181,64126.8934461,2034-06-13,14.2729968506,0,0,0,1111.34786477,0.202846975089,400.945113605,0.0731818596587,5,2.68341851121,54.9966646675,easy,
151,2.5857049,0.633655,11.22959,154.89353,161.15463,334.55652,0.947260061591,4.22414973841,1518.68206647,4.1579248911,4.7884974592e-08,0.237047640153,3.86571684406,0.967374238216,154.89353,334.89353,True,True,False,3.16637125897,0.184028261521,0.947260061591,62826.0169464,2030-11-21,4.22414973841,65104.0400461,2037-02-15,0.50601736581,4,62826.02;64344.70;65863.38;67382.06,3,4,7,4,4,63843.91:3.866;65362.59:3.866;66881.28:3.866,62840.00:0.967;64358.69:0.967;65877.37:0.967;67396.05:0.967,0.03398103237,5083490.08674,0.985414991426,341.73483695,-0.023298839442,1.36538345085,204258456.937,67357.7241707,2043-04-18,51.0334158861,0,0,0,810.389063783,0.147914955744,190.973857104,0.0348571949995,4,8.58553448306,67.653720541,moderate,
152,3.2012994,0.7597263,13.50267,202.66443,238.6247,5.93771,0.769188051646,5.63341074835,2092.12614465,5.72792921192,3.4759879251e-08,0.172073754214,2.23930770727,0.969915205807,202.66443,22.66443,True,True,False,5.33002267178,1.16579551198,0.769188051646,67441.8716608,2043-07-11,5.63341074835,64303.6824438,2034-12-07,1.17135242827,3,63257.62;65349.75;67441.87,3,3,6,3,3,63412.91:2.239;65505.03:2.239;67597.16:2.239,63222.02:0.970;65314.15:0.970;67406.28:0.970,0.0127331156105,1904846.98271,0.992828534603,19.9375614136,0.0113413933095,0.352162154818,52682708.5019,63298.9133363,2032-03-07,26.7842220694,0,0,0,481.934026827,0.087964230313,127.982480153,0.0233597956018,3,6.56835890742,73.3229536412,moderate,
153,1.1824116,0.6294724,1.52282,272.10936,140.23618,266.52769,0.43811613236,1.92670706764,469.625261024,1.28576389055,1.5485123609e-07,0.766568644997,1.38316866462,0.48110636005,272.10936,92.10936,True,True,False,1.92580351784,-0.0318014060329,0.43811613236,62730.8117775,2030-08-17,1.92670706764,62965.624408,2031-04-09,0.0401508923555,12,62730.81;63200.44;63670.06;64139.69;64609.31;65078.94;65548.56;66018.19;66487.81;66957.44;67427.06;67896.69,12,12,24,12,12,62638.30:1.383;63107.92:1.383;63577.55:1.383;64047.17:1.383;64516.80:1.383;64986.42:1.383;65456.05:1.383;65925.67:1.383;66395.30:1.383;66864.92:1.383;67334.55:1.383;67804.18:1.383,62740.58:0.481;63210.21:0.481;63679.83:0.481;64149.46:0.481;64619.08:0.481;65088.71:0.481;65558.33:0.481;66027.96:0.481;66497.58:0.481;66967.21:0.481;67436.83:0.481;67906.46:0.481,0.0100344763394,1501136.29396,1.01844102243,293.976183713,0.0100835009115,0.0311491738186,4659850.07733,65131.9461444,2037-03-14,19.4035079039,1,1,0,2031.22194087,0.370745505977,2031.22194087,0.370745505977,24,4.62704423609,86.456887223,easy,
154,1.7870592,0.4456396,9.93722,58.61606,27.69964,95.37646,0.990674852936,2.58344354706,872.583178272,2.38900254147,8.3341111744e-08,0.412568118392,1.02695533078,2.36551460281,58.61606,238.61606,True,True,False,2.07577788234,-0.343660369329,0.990674852936,66204.3215846,2040-02-20,2.58344354706,64022.863639,2034-03-01,0.347253345575,7,62713.99;63586.57;64459.16;65331.74;66204.32;67076.90;67949.49,7,6,13,7,7,62690.38:1.027;63562.96:1.027;64435.54:1.027;65308.13:1.027;66180.71:1.027;67053.29:1.027;67925.87:1.027,63002.50:2.366;63875.09:2.366;64747.67:2.366;65620.25:2.366;66492.84:2.366;67365.42:2.366,0.0314186584554,4700164.40518,1.01357786819,64.1577428691,0.0171460607348,0.0399642930195,5978573.13975,63570.6538335,2032-12-04,8.06000791182,1,1,0,1657.27313167,0.302491103203,421.442307692,0.0769230769231,7,5.79152768946,64.5696720139,easy,
155,1.2344234,0.2800086,19.00837,286.22318,306.85627,52.24722,0.888774231959,1.58007256804,500.95030514,1.37152718724,1.4516819617e-07,0.718634156534,0.974045835208,1.36727507377,286.22318,106.22318,True,True,False,1.33778810197,-0.0346335119262,0.888774231959,64132.9983286,2034-06-19,1.58007256804,63381.5728709,2032-05-29,0.486428419225,11,62630.15;63131.10;63632.05;64133.00;64633.95;65134.90;65635.85;66136.80;66637.75;67138.70;67639.65,11,10,21,21,21,62672.69:0.974;63173.64:0.974;63674.59:0.974;64175.54:0.974;64676.49:0.974;65177.44:0.974;65678.39:0.974;66179.34:0.974;66680.29:0.974;67181.24:0.974;67682.19:0.974,62995.02:1.367;63495.97:1.367;63996.92:1.367;64497.87:1.367;64998.82:1.367;65499.77:1.367;66000.72:1.367;66501.67:1.367;67002.62:1.367;67503.57:1.367,0.0381215285013,5702899.49163,0.985923455639,289.551197291,0.019713012157,0.261332799322,39094830.3226,62541.567272,2030-02-09,11.1171052938,0,0,0,5478.75,1,841.884752258,0.153663655443,22,5.61510464867,64.7603136984,moderate,
156,1.8597596,0.4519655,26.05772,173.52007,3.5577,339.66621,1.01921242251,2.70030677749,926.368205018,2.53625791928,7.8502318811e-08,0.388614373907,1.01982420655,2.69602183858,173.52007,353.52007,True,True,False,2.51934576271,0.388159469187,1.01921242251,64957.7966438,2036-09-21,2.70030677749,62641.8761313,2030-05-20,0.752019280481,6,63105.06;64031.43;64957.80;65884.16;66810.53;67736.90,6,6,12,6,6,63101.98:1.020;64028.34:1.020;64954.71:1.020;65881.08:1.020;66807.45:1.020;67733.82:1.020,62620.26:2.696;63546.63:2.696;64473.00:2.696;65399.37:2.696;66325.74:2.696;67252.10:2.696,0.0250109680613,3741587.56612,1.0197445035,173.735469548,0.00187457616605,0.206581553146,30904160.4766,64027.2624281,2034-03-06,17.4084061598,0,0,0,1461.7998905,0.266812665389,133.98165891,0.0244547860206,6,6.76636036171,63.5007997343,hard,
157,2.7471745,0.7063586,20.66508,138.78161,235.30583,88.37216,0.806684166224,4.68766483378,1663.13612436,4.55341854719,4.3725856892e-08,0.216458529598,2.30204395806,0.981766831928,138.78161,318.78161,True,True,False,1.08586104645,-0.321239982817,0.806684166224,64118.0085496,2034-06-05,4.68766483378,63286.4404874,2032-02-24,1.45073064026,3,64118.01;65781.14;67444.28,4,3,7,3,3,62627.41:2.302;64290.54:2.302;65953.68:2.302;67616.82:2.302,64082.32:0.982;65745.45:0.982;67408.59:0.982,0.0217605298748,3255328.93458,1.0015454996,316.265508418,0.0165812303583,0.408578954281,61122541.5732,62502,2030-01-01,25.2879672216,0,0,0,635.912948262,0.116068984396,83.4885710375,0.0152386166621,3,10.7889615889,65.0845727957,hard,
158,2.8512813,0.6598776,20.67934,38.60318,347.10424,198.33004,0.969784638831,4.73277796117,1758.56540601,4.81468968107,4.1353055120e-08,0.204712317648,0.979607177628,4.51198740075,38.60318,218.60318,True,True,False,4.12642381886,0.842854422951,0.969784638831,63748.307625,2033-05-31,4.73277796117,62869.024922,2031-01-03,0.919233974063,3,63748.31;65506.87;67265.44,3,3,6,3,3,63758.07:0.980;65516.64:0.980;67275.20:0.980,63092.79:4.512;64851.35:4.512;66609.92:4.512,0.0129399522279,1935789.30025,0.980577844916,39.1816316592,0.00373665403108,1.22681453447,183528842.1,67281.9378281,2043-02-01,46.4871818007,0,0,0,588.419449767,0.107400310247,76.9894607172,0.0140523770417,3,6.11876970197,65.8617188072,hard,
159,2.6909603,0.6769401,5.39883,105.20898,246.81591,46.08331,0.869341365422,4.51257923458,1612.35015185,4.41437413237,4.5103138473e-08,0.223276562841,1.9875091361,1.15107047626,105.20898,285.20898,True,True,False,1.64535969277,0.0840355242379,0.869341365422,62605.9545077,2030-04-14,4.51257923458,63412.1295837,2032-06-29,0.401581938099,4,62605.95;64218.30;65830.65;67443.00,4,4,8,4,8,62747.06:1.988;64359.41:1.988;65971.76:1.988;67584.12:1.988,62554.13:1.151;64166.48:1.151;65778.83:1.151;67391.18:1.151,0.0265844196776,3976972.57756,1.02371627908,300.746722699,-0.0259080428509,0.131078713981,19609096.5057,64199.2721477,2034-08-25,11.7236353896,0,0,0,793.891322201,0.144903732092,793.891322201,0.144903732092,4,5.49204568565,68.8673449736,easy,
160,2.3202498,0.5611728,1.94299,264.05008,278.72548,299.64091,1.01818872303,3.62231087697,1290.92360698,3.53435621351,5.6333350613e-08,0.278870103585,1.46486442969,1.73748049249,264.05008,84.05008,True,True,False,2.30710139109,0.0329730834777,1.01818872303,62707.3652019,2030-07-25,3.62231087697,65934.6742194,2039-05-26,0.122018205648,5,62707.37;63998.29;65289.21;66580.14;67871.06,5,5,10,5,10,62795.91:1.465;64086.83:1.465;65377.75:1.465;66668.68:1.465;67959.60:1.465,62583.08:1.737;63874.00:1.737;65164.93:1.737;66455.85:1.737;67746.78:1.737,0.0391089235803,5850611.69298,1.01932301491,187.292457694,-0.0336422712094,0.465211893803,69594708.7373,66555.6165906,2041-02-05,21.3215450928,0,0,0,1062.35457158,0.193904553335,1062.35457158,0.193904553335,5,0.876527732328,65.3648873279,easy,
161,2.6899898,0.7933788,17.17979,353.93105,95.746,268.90664,0.555808920464,4.82417067954,1611.47798473,4.41198626893,4.5127549278e-08,0.223397404998,1.08278357164,0.923426356217,353.93105,173.93105,True,True,False,4.78457360786,-1.39380864055,0.555808920464,63219.2417186,2031-12-19,4.82417067954,64024.980711,2034-03-03,1.41924259149,3,63219.24;64830.72;66442.20,3,3,6,6,6,63168.95:1.083;64780.43:1.083;66391.91:1.083,63257.85:0.923;64869.33:0.923;66480.81:0.923,0.025095691288,3754261.98043,1.01362197579,358.274711527,0.0237282046851,0.477042461856,71364536.5271,63213.7522636,2031-12-13,22.7275232441,0,0,0,383.94744046,0.0700793868054,209.971256502,0.0383246646592,6,8.70420076475,78.9733872228,moderate,
162,0.8649325,0.2085728,16.72622,96.44687,16.61338,131.0089,0.684531106664,1.04533389334,293.813502984,0.804417530414,2.4751092590e-07,1.22526703621,0.689498332152,1.03395903928,96.44687,276.44687,True,True,False,0.851119523982,-0.241999247976,0.684531106664,64325.0258,2034-12-29,1.04533389334,62709.0515335,2030-07-27,0.258748371266,19,62562.14;62855.96;63149.77;63443.59;63737.40;64031.21;64325.03;64618.84;64912.65;65206.47;65500.28;65794.09;66087.91;66381.72;66675.53;66969.35;67263.16;67556.97;67850.79,19,19,38,19,38,62553.42:0.689;62847.23:0.689;63141.05:0.689;63434.86:0.689;63728.67:0.689;64022.49:0.689;64316.30:0.689;64610.11:0.689;64903.93:0.689;65197.74:0.689;65491.55:0.689;65785.37:0.689;66079.18:0.689;66372.99:0.689;66666.81:0.689;66960.62:0.689;67254.43:0.689;67548.25:0.689;67842.06:0.689,62688.95:1.034;62982.76:1.034;63276.58:1.034;63570.39:1.034;63864.20:1.034;64158.02:1.034;64451.83:1.034;64745.64:1.034;65039.46:1.034;65333.27:1.034;65627.08:1.034;65920.90:1.034;66214.71:1.034;66508.52:1.034;66802.34:1.034;67096.15:1.034;67389.96:1.034;67683.78:1.034;67977.59:1.034,0.015070953828,2254582.60209,1.03291709356,275.720290492,0.00393617887858,0.0838434854526,12542806.8958,62679.6451132,2030-06-27,9.80665185835,1,0,0,3688.49507254,0.67323660918,873.880372297,0.159503604343,19,1.1203572764,68.0936851814,moderate,
163,1.0494373,0.4990536,26.60392,165.54034,72.16443,97.54199,0.525711837461,1.57316276254,392.674926586,1.07508535684,1.8519657672e-07,0.916788864342,0.683582396636,0.930264172066,165.54034,345.54034,True,True,False,1.53847977111,-0.685646810411,0.525711837461,62664.3044459,2030-06-12,1.57316276254,62860.6419092,2030-12-25,0.68769973349,14,62664.30;63056.98;63449.65;63842.33;64235.00;64627.68;65020.35;65413.03;65805.70;66198.38;66591.05;66983.73;67376.40;67769.08,14,14,28,14,28,62636.79:0.684;63029.46:0.684;63422.14:0.684;63814.81:0.684;64207.49:0.684;64600.16:0.684;64992.84:0.684;65385.51:0.684;65778.19:0.684;66170.86:0.684;66563.54:0.684;66956.21:0.684;67348.89:0.684;67741.56:0.684,62717.76:0.930;63110.43:0.930;63503.11:0.930;63895.78:0.930;64288.46:0.930;64681.13:0.930;65073.81:0.930;65466.48:0.930;65859.16:0.930;66251.83:0.930;66644.51:0.930;67037.18:0.930;67429.85:0.930;67822.53:0.930,0.0491293826949,7349651.03996,0.97703833054,349.983393934,-0.0378804154399,0.176060956871,26338344.2613,63119.3390098,2031-09-10,17.0195899834,0,0,0,4366.40227211,0.796970526508,384.447372023,0.0701706360069,14,11.5821408957,80.2138691095,hard,
164,1.5428663,0.6459551,7.30927,243.71849,76.88929,219.6006,0.546243944897,2.5394886551,699.988437811,1.91646389544,1.0389036195e-07,0.514294209095,0.784190191481,1.05344870162,243.71849,63.71849,True,True,False,2.53296338132,-0.309530118867,0.546243944897,65672.924951,2038-09-06,2.5394886551,62522.9769808,2030-01-21,0.317662984661,8,62872.97;63572.96;64272.95;64972.94;65672.92;66372.91;67072.90;67772.89,8,8,16,8,16,62841.03:0.784;63541.02:0.784;64241.01:0.784;64941.00:0.784;65640.99:0.784;66340.97:0.784;67040.96:0.784;67740.95:0.784,62928.09:1.053;63628.08:1.053;64328.07:1.053;65028.06:1.053;65728.05:1.053;66428.03:1.053;67128.02:1.053;67828.01:1.053,0.0110204487394,1648635.66557,0.990053091853,58.8245625765,0.010833167858,0.0294592285488,4407037.86337,65022.7707596,2036-11-25,20.0386227558,1,1,0,1220.83287709,0.222830550233,927.872981111,0.169358518113,16,4.50796094814,78.320343219,easy,
165,1.198012,0.8502024,19.13504,303.99962,224.53117,102.10701,0.179459322371,2.21656467763,478.950001824,1.31129363949,1.5183641693e-07,0.751644218873,0.842908631509,0.206736561063,303.99962,123.99962,True,True,False,0.183268691572,-0.052958943585,0.179459322371,65374.705148,2037-11-12,2.21656467763,62740.480138,2030-08-27,0.546503859757,11,62979.96;63458.91;63937.86;64416.81;64895.76;65374.71;65853.66;66332.61;66811.56;67290.51;67769.46,12,11,23,12,12,62532.85:0.843;63011.80:0.843;63490.75:0.843;63969.70:0.843;64448.65:0.843;64927.60:0.843;65406.55:0.843;65885.50:0.843;66364.45:0.843;66843.40:0.843;67322.35:0.843;67801.30:0.843,62977.17:0.207;63456.12:0.207;63935.07:0.207;64414.02:0.207;64892.97:0.207;65371.92:0.207;65850.87:0.207;66329.82:0.207;66808.77:0.207;67287.72:0.207;67766.67:0.207,0.0390379544694,5839994.8651,1.00797529889,310.23730757,0.0379726823439,0.0495689536231,7415409.91484,66375.2017757,2040-08-09,29.9158859545,1,1,0,1418.30584451,0.258873984853,350.452025732,0.0639656903002,12,6.48537938842,122.666046102,moderate,
166,2.820635,0.6509089,20.77419,76.38375,20.49371,187.91707,0.984658574848,4.65661142515,1730.28946186,4.73727436512,4.2028836082e-08,0.208057673548,1.00985785429,4.16509592805,76.38375,256.38375,True,True,False,3.95451218448,0.115232745636,0.984658574848,63757.3819073,2033-06-09,4.65661142515,62892.2371763,2031-01-26,1.02095643222,3,63757.38;65487.67;67217.96,3,4,7,3,3,63741.30:1.010;65471.59:1.010;67201.88:1.010,62563.87:4.165;64294.16:4.165;66024.45:4.165;67754.74:4.165,0.0231705305696,3466262.0362,1.0068060729,77.5657626591,0.00787843837678,0.58921448937,88145232.9953,67196.3615191,2042-11-08,27.8627961549,0,0,0,590.41917602,0.107765307054,77.9893238434,0.0142348754448,3,3.08345261119,65.569493597,hard,
167,2.7239489,0.6517055,73.64108,249.00759,145.39576,104.41813,0.948736420151,4.49916137985,1642.08964008,4.49579641363,4.4286286443e-08,0.219232855024,3.3802507416,1.01992824173,249.00759,69.00759,True,True,False,1.92309268311,-1.75393633262,0.948736420151,64007.8905871,2034-02-14,4.49916137985,66471.0250472,2040-11-13,3.17315810493,3,64007.89;65649.98;67292.07,3,3,6,3,3,63656.65:3.380;65298.74:3.380;66940.83:3.380,64034.41:1.020;65676.50:1.020;67318.58:1.020,0.0326148044512,4879105.2992,1.01790018649,68.8733025862,0.00812719458209,1.20837595487,180770469.854,67286.9998967,2043-02-06,58.8056318541,0,0,0,596.91828634,0.108951546674,29.4959622228,0.0053837028926,3,10.5063439708,60.1597804087,hard,
168,1.6075949,0.3799384,23.65377,3.07513,27.01906,174.30476,0.996807865846,2.21838193415,744.497693351,2.03832359576,9.7679351885e-08,0.483547502182,1.02769076006,2.0793219596,3.07513,183.07513,True,True,False,1.76484083622,0.326823919758,0.996807865846,66795.5107364,2041-10-03,2.21838193415,62700.7734229,2030-07-18,0.71823685454,7,63073.02;63817.52;64562.02;65306.52;66051.01;66795.51;67540.01,7,8,15,7,7,63049.32:1.028;63793.81:1.028;64538.31:1.028;65282.81:1.028;66027.31:1.028;66771.80:1.028;67516.30:1.028,62590.62:2.079;63335.12:2.079;64079.61:2.079;64824.11:2.079;65568.61:2.079;66313.11:2.079;67057.61:2.079;67802.10:2.079,0.0230991643682,3455585.80443,1.02572353157,3.86744910081,0.00621251370409,0.210220277918,31448505.9545,67516.2173008,2043-09-24,17.0172529792,0,0,0,1956.23220641,0.357058125741,178.475568026,0.0325759649603,7,2.2108223721,50.3745060754,hard,
169,2.3875802,0.6134804,12.81196,41.67682,233.72284,213.00177,0.922846543872,3.85231385613,1347.52049697,3.68931005331,5.3967306865e-08,0.267157346259,2.33747977289,1.09244625773,41.67682,221.67682,True,True,False,3.81501128559,0.733279380576,0.922846543872,63097.7514079,2031-08-19,3.85231385613,63771.5116564,2033-06-23,0.755186580273,4,63097.75;64445.27;65792.79;67140.31,4,4,8,4,4,63295.80:2.337;64643.32:2.337;65990.84:2.337;67338.36:2.337,63054.98:1.092;64402.50:1.092;65750.02:1.092;67097.54:1.092,0.0438037570782,6552948.78756,1.03595865312,230.640791668,-0.0366852729682,0.657680539859,98387608.3637,63134.5980965,2031-09-25,30.5566596256,0,0,0,832.38605256,0.151929920613,191.97372023,0.0350396934027,4,6.84221325158,69.5332833425,moderate,
170,1.5519617,0.4781415,3.58083,135.03605,160.00503,203.51505,0.809904404819,2.29401899518,706.18733729,1.93343555726,1.0297841426e-07,0.509779743972,2.17395614279,0.826010119371,135.03605,315.03605,True,True,False,2.23832820609,-0.0769114147409,0.809904404819,66450.277167,2040-10-23,2.29401899518,62566.246812,2030-03-06,0.102442209862,8,62919.34;63625.53;64331.72;65037.90;65744.09;66450.28;67156.46;67862.65,8,8,16,8,8,62660.38:2.174;63366.57:2.174;64072.76:2.174;64778.95:2.174;65485.13:2.174;66191.32:2.174;66897.51:2.174;67603.70:2.174,62931.66:0.826;63637.85:0.826;64344.04:0.826;65050.23:0.826;65756.41:0.826;66462.60:0.826;67168.79:0.826;67874.98:0.826,0.0449722106486,6727746.95371,0.998443492006,0.387937507617,-0.0444075161468,0.299045857537,44736623.5292,67910.0270533,2044-10-22,21.5288506021,0,0,0,2071.21646592,0.378045442102,2071.21646592,0.378045442102,8,6.888955412,70.2591303201,easy,
171,1.4778142,0.7523783,18.03421,139.50669,303.92609,224.16609,0.365938864488,2.58968953551,656.187842636,1.79654440147,1.1082505259e-07,0.548623391975,0.451619450189,1.10547324972,139.50669,319.50669,True,True,False,2.5073284514,0.573589016158,0.365938864488,65384.7175013,2037-11-22,2.58968953551,63088.060052,2031-08-10,0.700836404143,8,62759.97;63416.15;64072.34;64728.53;65384.72;66040.91;66697.09;67353.28,8,9,17,9,9,62770.99:0.452;63427.17:0.452;64083.36:0.452;64739.55:0.452;65395.74:0.452;66051.93:0.452;66708.11:0.452;67364.30:0.452,62705.62:1.105;63361.81:1.105;64018.00:1.105;64674.18:1.105;65330.37:1.105;65986.56:1.105;66642.75:1.105;67298.93:1.105;67955.12:1.105,0.0246283342074,3684346.35631,1.02095648908,323.598635716,-0.0237129549077,0.335884524744,50247609.7027,62717.6110606,2030-08-04,35.8776746607,0,0,0,1089.85080756,0.198923259421,426.441623323,0.0778355689388,9,7.75608431679,94.067982433,moderate,
172,1.3355986,0.30557,17.25133,116.63182,133.85767,285.77557,0.927479735798,1.7437174642,563.783497677,1.54355509289,1.2898932386e-07,0.638542989434,1.53611639021,0.999314732356,116.63182,296.63182,True,True,False,1.07715065037,-0.108646305111,0.927479735798,63007.5907951,2031-05-21,1.7437174642,62725.6990463,2030-08-12,0.474383520531,9,63007.59;63571.37;64135.16;64698.94;65262.72;65826.51;66390.29;66954.08;67517.86,10,9,19,19,19,62844.44:1.536;63408.22:1.536;63972.01:1.536;64535.79:1.536;65099.57:1.536;65663.36:1.536;66227.14:1.536;66790.92:1.536;67354.71:1.536;67918.49:1.536,63046.11:0.999;63609.89:0.999;64173.67:0.999;64737.46:0.999;65301.24:0.999;65865.02:0.999;66428.81:0.999;66992.59:0.999;67556.37:0.999,0.0158233472035,2367139.04899,1.00456410808,298.183391244,-0.00844631080813,0.101176993205,15135862.7473,64177.1210678,2034-08-03,13.4959068483,0,0,0,3507.5198467,0.640204398212,804.389885026,0.146819965325,19,4.27095065771,65.2081090745,moderate,
173,1.9033297,0.5521532,8.2711,238.33422,114.7426,315.7709,0.85240011549,2.95425928451,959.112306767,2.62590638403,7.5822249025e-08,0.375347076104,1.72071113497,1.07469421748,238.33422,58.33422,True,True,False,2.32217939466,-0.324043339374,0.85240011549,64195.1721262,2034-08-21,2.95425928451,62756.5036661,2030-09-12,0.403700058683,5,63236.06;64195.17;65154.28;66113.40;67072.51,6,5,11,5,11,63105.94:1.721;64065.06:1.721;65024.17:1.721;65983.28:1.721;66942.39:1.721;67901.51:1.721,63285.34:1.075;64244.46:1.075;65203.57:1.075;66162.68:1.075;67121.79:1.075,0.0289802539612,4335384.28494,1.00117937649,47.5775085678,0.0271535711306,0.242517777719,36280143.1537,64148.6784529,2034-07-05,19.266436681,0,0,0,1207.33472488,0.22036682179,701.403983028,0.128022629802,11,5.18238797415,69.2682457704,easy,
174,1.871303,0.4865443,14.39783,10.77506,217.49146,171.03786,0.960831191777,2.78177480822,935.006430333,2.55990809126,7.7777060999e-08,0.385024090018,2.32642414111,1.03049859255,10.77506,190.77506,True,True,False,1.62840955227,0.373097694899,0.960831191777,62625.7864747,2030-05-04,2.78177480822,63093.2896899,2031-08-15,0.567026348504,6,62625.79;63560.79;64495.80;65430.81;66365.81;67300.82,6,6,12,6,6,62874.73:2.326;63809.73:2.326;64744.74:2.326;65679.74:2.326;66614.75:2.326;67549.76:2.326,62594.97:1.030;63529.98:1.030;64464.98:1.030;65399.99:1.030;66335.00:1.030;67270.00:1.030,0.0227531722237,3403826.11634,1.01812349424,194.061211907,-0.0149807389724,0.0230653659705,3450529.6361,62598.1556263,2030-04-07,11.9998879239,1,1,0,1433.80372297,0.261702710101,247.966055297,0.0452596039785,6,3.76525699555,66.6233221479,moderate,
175,1.8146854,0.4508695,13.20499,120.97348,13.20651,252.41815,0.996499101045,2.63287169896,892.895110178,2.44461358023,8.1445235098e-08,0.403182855295,1.00475683129,2.57691493492,120.97348,300.97348,True,True,False,1.71501245249,0.326381609562,0.996499101045,63252.6216309,2032-01-21,2.63287169896,62806.1740758,2030-11-01,0.415168990572,6,63252.62;64145.52;65038.41;65931.31;66824.20;67717.10,6,6,12,6,6,63241.49:1.005;64134.39:1.005;65027.28:1.005;65920.18:1.005;66813.08:1.005;67705.97:1.005,62730.02:2.577;63622.92:2.577;64515.81:2.577;65408.71:2.577;66301.60:2.577;67194.50:2.577,0.0196280759676,2936318.37069,1.00305007968,122.374522084,0.00575443059564,0.255688134611,38250400.501,63232.3896427,2032-01-01,14.8630160356,0,0,0,1483.79687928,0.270827630258,260.964275938,0.0476320832193,6,3.15214688426,61.277118606,moderate,
176,2.651727,0.6186491,2.63958,305.16698,42.22519,295.35291,1.011238478,4.292215522,1577.21770243,4.31818672809,4.6107808741e-08,0.228250037674,1.12257253827,3.02064334128,305.16698,125.16698,True,True,False,4.02519783556,-0.158337581167,1.011238478,63060.4469657,2031-07-13,4.292215522,63849.0558169,2033-09-09,0.159324501683,4,63060.45;64637.66;66214.88;67792.10,4,3,7,4,4,63023.67:1.123;64600.89:1.123;66178.10:1.123;67755.32:1.123,63360.37:3.021;64937.59:3.021;66514.81:3.021,0.0246529488722,3688028.65775,1.02284367834,333.371157791,0.0222809303824,0.806216985633,120608344.373,64661.6043092,2035-11-30,32.6519412364,0,0,0,803.3900219,0.146637466922,803.3900219,0.146637466922,4,3.10435562347,67.2657122042,easy,
177,2.6775747,0.7347815,5.37753,52.45999,309.87022,205.78151,0.710142345572,4.64500705443,1600.33469431,4.38147760249,4.5441776914e-08,0.224952943456,0.837467557661,2.32895455916,52.45999,232.45999,True,True,False,4.47318593752,0.361883131035,0.710142345572,63485.8935833,2032-09-10,4.64500705443,62685.7262362,2030-07-03,0.362869289794,3,63485.89;65086.23;66686.56,3,3,6,3,3,63511.80:0.837;65112.13:0.837;66712.47:0.837,63315.37:2.329;64915.70:2.329;66516.04:2.329,0.0311765473798,4663945.10379,0.980460726086,71.8203728173,0.0305810252996,0.227353166391,34011549.589,63456.4875881,2032-08-12,14.4746712585,0,0,0,446.93881741,0.0815767862031,393.446140159,0.0718131216352,6,2.81923531346,67.0486060654,easy,
178,1.9499674,0.754667,12.37568,102.72819,263.65389,332.97439,0.478391352144,3.42154344786,994.579384723,2.72300995133,7.3118398876e-08,0.361962057056,0.915811294371,0.774787458275,102.72819,282.72819,True,True,False,2.71282490573,0.502857931867,0.478391352144,63263.8229766,2032-02-01,3.42154344786,62766.5332842,2030-09-22,0.729918596894,5,63263.82;64258.40;65252.98;66247.56;67242.14,5,5,10,5,10,63304.13:0.916;64298.71:0.916;65293.29:0.916;66287.87:0.916;67282.45:0.916,63233.49:0.775;64228.07:0.775;65222.65:0.775;66217.23:0.775;67211.81:0.775,0.0172746463307,2584250.30817,0.97908222206,107.172500326,0.0166447549835,0.351753297507,52621544.3188,67283.0441519,2043-02-03,35.5539922921,0,0,0,624.914453874,0.114061501962,290.46023816,0.0530157861119,10,7.55812971022,86.8756158357,moderate,
179,1.6284721,0.7761449,34.254,40.072,110.83482,58.33517,0.364541784793,2.89240241521,759.047423514,2.07815858594,9.5806994285e-08,0.474278666718,0.894376426703,0.507406699425,40.072,220.072,True,True,False,1.59782885681,-0.438620672858,0.364541784793,64113.192026,2034-05-31,2.89240241521,62974.6208908,2031-04-18,1.54588760501,8,62595.10;63354.14;64113.19;64872.24;65631.29;66390.33;67149.38;67908.43,8,8,16,8,8,62556.53:0.894;63315.58:0.894;64074.62:0.894;64833.67:0.894;65592.72:0.894;66351.77:0.894;67110.81:0.894;67869.86:0.894,62609.79:0.507;63368.84:0.507;64127.88:0.507;64886.93:0.507;65645.98:0.507;66405.03:0.507;67164.07:0.507;67923.12:0.507,0.0496685186083,7430304.62462,0.969076295714,36.3675778779,-0.0425957527847,0.365489218577,54676408.8629,63386.0175757,2032-06-03,31.5178236603,0,0,0,951.86969614,0.173738479788,140.480769231,0.025641025641,8,19.4167708303,94.7383177165,hard,
180,2.0023318,0.6066269,31.29757,44.62004,291.22498,309.13373,0.787663467395,3.21700013261,1034.90978668,2.83342857407,7.0268977164e-08,0.347856407036,1.03760486721,1.62161724839,44.62004,224.62004,True,True,False,1.70286581848,0.639277550226,0.787663467395,67555.6864996,2043-11-02,3.21700013261,62898.5924596,2031-02-01,1.6029784028,5,63416.05;64450.96;65485.87;66520.78;67555.69,5,5,10,5,10,63462.90:1.038;64497.81:1.038;65532.72:1.038;66567.63:1.038;67602.54:1.038,63304.71:1.622;64339.62:1.622;65374.53:1.622;66409.44:1.622;67444.35:1.622,0.0338913482007,5070073.52598,1.01721596741,42.4844357931,-0.0230392431329,0.543371621626,81287237.5941,67593.3459361,2043-12-10,35.9037049667,0,0,0,995.36374213,0.181677160325,171.976457706,0.0313897253399,10,13.7042945563,72.3672022927,hard,
181,1.6376834,0.417425,4.68129,268.50377,24.9458,25.72688,0.954073406755,2.32129339324,765.496743123,2.09581586071,9.4999819163e-08,0.470282863035,0.981026422352,2.17584690579,268.50377,88.50377,True,True,False,1.81530697155,-0.144519453901,0.954073406755,62676.2883672,2030-06-24,2.32129339324,63824.5334819,2033-08-15,0.14724411252,7,62676.29;63441.79;64207.28;64972.78;65738.28;66503.77;67269.27,7,7,14,7,7,62656.10:0.981;63421.60:0.981;64187.10:0.981;64952.59:0.981;65718.09:0.981;66483.59:0.981;67249.08:0.981,62946.72:2.176;63712.22:2.176;64477.71:2.176;65243.21:2.176;66008.71:2.176;66774.20:2.176;67539.70:2.176,0.0169013311818,2528403.15679,1.01005490046,257.75680551,-0.0154212208285,0.0752439420658,11256333.5161,63471.5460224,2032-08-27,8.83169627814,1,0,0,1956.23220641,0.357058125741,1547.28818779,0.282416278858,15,1.95208416673,66.524585672,easy,
182,1.7732549,0.7441422,9.06773,159.49235,79.18077,229.29091,0.453701097553,3.09280870245,862.492207176,2.36137496831,8.4316184612e-08,0.417395075578,0.694332343257,0.919800309738,159.49235,339.49235,True,True,False,1.8928501574,-0.194246652289,0.453701097553,63238.1387797,2032-01-07,3.09280870245,64531.8770905,2035-07-23,0.480995885566,6,63238.14;64100.63;64963.12;65825.62;66688.11;67550.60,6,6,12,6,12,63212.73:0.694;64075.23:0.694;64937.72:0.694;65800.21:0.694;66662.70:0.694;67525.20:0.694,63279.31:0.920;64141.80:0.920;65004.29:0.920;65866.78:0.920;66729.28:0.920;67591.77:0.920,0.0164506501267,2460982.23058,1.0060124504,345.266231274,-0.0161502954903,0.538693663645,80587425.0408,66699.334355,2041-06-29,25.340808597,0,0,0,761.895702163,0.139063783192,431.940870517,0.078839310156,12,4.72947628612,85.4388463069,easy,
183,1.0348698,0.1921328,21.47,322.74951,99.04605,0.79457,0.836037367691,1.23370223231,384.527139252,1.05277793087,1.8912072710e-07,0.9362148032,1.02771345831,0.967442388613,322.74951,142.74951,True,True,False,1.19954522602,-0.414429420468,0.836037367691,64275.3684092,2034-11-09,1.23370223231,63314.0505611,2032-03-23,0.450474272589,14,62737.26;63121.79;63506.31;63890.84;64275.37;64659.90;65044.42;65428.95;65813.48;66198.00;66582.53;66967.06;67351.59;67736.11,14,14,28,28,28,62655.08:1.028;63039.61:1.028;63424.14:1.028;63808.66:1.028;64193.19:1.028;64577.72:1.028;64962.24:1.028;65346.77:1.028;65731.30:1.028;66115.83:1.028;66500.35:1.028;66884.88:1.028;67269.41:1.028;67653.93:1.028,62801.16:0.967;63185.68:0.967;63570.21:0.967;63954.74:0.967;64339.26:0.967;64723.79:0.967;65108.32:0.967;65492.85:0.967;65877.37:0.967;66261.90:0.967;66646.43:0.967;67030.95:0.967;67415.48:0.967;67800.01:0.967,0.0119019479977,1780506.07765,1.02479040873,323.525971181,0.00546189075599,0.0294179708509,4400865.7996,64194.9035643,2034-08-20,12.4921141073,2,2,0,5478.75,1,898.377018889,0.16397481522,28,5.37696564368,62.9907159914,hard,
184,2.5105878,0.6197731,10.13806,61.82536,314.56221,138.81068,0.954593016372,4.06658258363,1452.9863957,3.97805994716,5.0050057166e-08,0.247765568257,1.07759486993,2.73612008346,61.82536,241.82536,True,True,False,3.48977972356,0.582404598782,0.954593016372,63545.7227091,2032-11-09,4.06658258363,65725.2023027,2038-10-29,0.593080332387,4,63545.72;64998.71;66451.70;67904.68,4,4,8,4,4,63582.44:1.078;65035.43:1.078;66488.41:1.078;67941.40:1.078,63290.65:2.736;64743.63:2.736;66196.62:2.736;67649.61:2.736,0.0467031407429,6986690.41014,1.01720279603,49.5274529294,-0.0387132472386,0.0478320281747,7155569.5662,66476.5820744,2040-11-18,11.7769643782,1,1,0,793.891322201,0.144903732092,236.967560909,0.0432521215439,4,0.881609970208,46.9878485198,moderate,
185,1.6398395,0.7381438,16.44727,322.05585,71.9113,283.45084,0.42940214008,2.85027685992,767.008968241,2.09995610744,9.4812518729e-08,0.469355659329,0.607201001521,0.968277930439,322.05585,142.05585,True,True,False,2.84846526896,-0.761142731229,0.42940214008,64431.1300181,2035-04-14,2.85027685992,62513.6075974,2030-01-12,0.777710735155,7,62897.11;63664.12;64431.13;65198.14;65965.15;66732.16;67499.17,7,7,14,7,14,62877.12:0.607;63644.13:0.607;64411.14:0.607;65178.15:0.607;65945.16:0.607;66712.17:0.607;67479.17:0.607,62942.10:0.968;63709.11:0.968;64476.12:0.968;65243.13:0.968;66010.14:0.968;66777.15:0.968;67544.16:0.968,0.00563976611323,843697.001786,0.985626133595,143.121835752,-0.00541307964215,0.191625092894,28666705.8696,67454.6482395,2043-07-24,23.0042446569,0,0,0,902.876402956,0.164796058034,258.964549685,0.047267086413,14,14.815717251,88.7964394221,moderate,
186,1.1897113,0.2780801,30.12309,292.44372,84.19068,219.44023,0.858876262725,1.52054633728,473.980862356,1.29768887709,1.5342824562e-07,0.759524336512,1.06766146257,1.12950453834,292.44372,112.44372,True,True,False,1.43874874538,-0.574102235061,0.858876262725,62807.0054787,2030-11-02,1.52054633728,62570.0150475,2030-03-10,0.762010842811,11,62807.01;63280.99;63754.97;64228.95;64702.93;65176.91;65650.89;66124.87;66598.85;67072.83;67546.81,12,11,23,23,23,62736.51:1.068;63210.49:1.068;63684.47:1.068;64158.45:1.068;64632.43:1.068;65106.42:1.068;65580.40:1.068;66054.38:1.068;66528.36:1.068;67002.34:1.068;67476.32:1.068;67950.30:1.068,62891.07:1.130;63365.05:1.130;63839.03:1.130;64313.01:1.130;64786.99:1.130;65260.97:1.130;65734.95:1.130;66208.93:1.130;66682.92:1.130;67156.90:1.130;67630.88:1.130,0.0434493163264,6499925.2058,1.05646046921,294.401127032,0.0209330931471,0.0826472780787,12363856.8197,64162.8543617,2034-07-19,18.138000218,1,0,0,5478.75,1,561.923076923,0.102564102564,23,6.98371228347,65.4241998515,hard,
187,2.6372059,0.6065703,13.3569,80.57269,190.76452,201.1368,1.03755512608,4.23685667392,1564.27997205,4.28276515276,4.6489153774e-08,0.2301378311,4.12494675298,1.04449455658,80.57269,260.57269,True,True,False,4.09049248907,-0.0264444895943,1.03755512608,65018.8558387,2036-11-21,4.23685667392,62672.4358806,2030-06-20,0.558275619235,3,63454.58;65018.86;66583.14,4,3,7,3,3,62523.27:4.125;64087.55:4.125;65651.83:4.125;67216.11:4.125,63445.43:1.044;65009.71:1.044;66573.99:1.044,0.0261532381603,3912468.74069,1.0424376635,262.256131574,-0.00727116793263,0.718858751884,107539738.616,63477.1094365,2032-09-02,28.2220612725,0,0,0,602.917465097,0.110046537093,124.482959212,0.0227210511908,3,5.0431107022,63.7058360405,moderate,
188,2.065409,0.8867094,25.14721,30.23893,49.95877,40.70005,0.233991424855,3.89682657514,1084.19531078,2.96836498502,6.7074678744e-08,0.332043494767,0.281112143912,1.0277695424,30.23893,210.23893,True,True,False,3.53471938287,-0.979065745928,0.233991424855,63245.8161678,2032-01-14,3.89682657514,62703.7185124,2030-07-21,1.31668517895,5,63245.82;64330.01;65414.21;66498.40;67582.60,5,5,10,5,5,63241.07:0.281;64325.27:0.281;65409.46:0.281;66493.66:0.281;67577.85:0.281,63286.85:1.028;64371.04:1.028;65455.24:1.028;66539.43:1.028;67623.63:1.028,0.00570619763393,853635.01583,1.00709585254,209.568852343,0.00552887023701,0.736313933474,110150996.614,67578.1015047,2043-11-25,51.0005836554,0,0,0,499.431631536,0.0911579523679,167.977005201,0.0306597317273,5,8.01934877556,63.8750807242,hard,
189,1.4672226,0.4814932,3.12476,73.38514,280.06988,68.58937,0.760764895214,2.17368030479,649.1460799,1.77726510582,1.1202725306e-07,0.554574711528,1.03954970254,1.23067709863,73.38514,253.38514,True,True,False,1.56513841255,0.0609685625098,0.760764895214,63023.7590156,2031-06-06,2.17368030479,62699.1859757,2030-07-17,0.117610842275,8,63023.76;63672.91;64322.05;64971.20;65620.34;66269.49;66918.64;67567.78,8,8,16,16,16,63079.27:1.040;63728.42:1.040;64377.56:1.040;65026.71:1.040;65675.86:1.040;66325.00:1.040;66974.15:1.040;67623.29:1.040,62943.62:1.231;63592.77:1.231;64241.91:1.231;64891.06:1.231;65540.21:1.231;66189.35:1.231;66838.50:1.231;67487.64:1.231,0.00656082422135,981485.333551,0.987550528689,66.4029227332,-0.00655344941155,0.182464359085,27296279.5977,65001.1803999,2036-11-04,9.91246630137,0,0,0,1841.24794689,0.33607080938,1841.24794689,0.33607080938,17,3.07064346378,71.5237643302,easy,
190,0.7186981,0.4176323,7.36842,81.65754,167.51212,278.10601,0.418546559491,1.01884964051,222.545169473,0.609295467414,3.2677434580e-07,1.61764913097,1.00185223141,0.421484168585,81.65754,261.65754,True,True,False,0.974047219618,0.017697481858,0.418546559491,62585.8963276,2030-03-25,1.01884964051,62697.1689124,2030-07-15,0.0924855710945,25,62585.90;62808.44;63030.99;63253.53;63476.08;63698.62;63921.17;64143.71;64366.26;64588.80;64811.35;65033.89;65256.44;65478.98;65701.53;65924.07;66146.62;66369.16;66591.71;66814.25;67036.80;67259.34;67481.89;67704.44;67926.98,24,25,49,24,24,62714.05:1.002;62936.60:1.002;63159.14:1.002;63381.69:1.002;63604.23:1.002;63826.78:1.002;64049.32:1.002;64271.87:1.002;64494.41:1.002;64716.96:1.002;64939.50:1.002;65162.05:1.002;65384.60:1.002;65607.14:1.002;65829.69:1.002;66052.23:1.002;66274.78:1.002;66497.32:1.002;66719.87:1.002;66942.41:1.002;67164.96:1.002;67387.50:1.002;67610.05:1.002;67832.59:1.002,62588.79:0.421;62811.34:0.421;63033.88:0.421;63256.43:0.421;63478.97:0.421;63701.52:0.421;63924.06:0.421;64146.61:0.421;64369.15:0.421;64591.70:0.421;64814.24:0.421;65036.79:0.421;65259.33:0.421;65481.88:0.421;65704.42:0.421;65926.97:0.421;66149.51:0.421;66372.06:0.421;66594.60:0.421;66817.15:0.421;67039.69:0.421;67262.24:0.421;67484.79:0.421;67707.33:0.421;67929.88:0.421,0.0104635253663,1565321.11482,0.989896391971,85.5575558701,0.00870635802874,0.0351817976998,5263122.02329,67600.7714301,2043-12-17,8.40257397657,1,1,0,2922.59991788,0.533442832375,2922.59991788,0.533442832375,26,1.00028769882,84.8702001569,easy,
191,1.3733016,0.7314486,5.04225,359.93571,120.90302,25.35328,0.368802067302,2.3778011327,587.824003063,1.60937440948,1.2371398886e-07,0.612428206613,1.02278242989,0.464185077112,359.93571,179.93571,True,True,False,2.06165302629,-0.177507725324,0.368802067302,67036.842068,2042-06-01,2.3778011327,62628.162045,2030-05-07,0.18761198918,9,62922.07;63509.90;64097.72;64685.55;65273.37;65861.19;66449.02;67036.84;67624.67,9,9,18,9,9,62872.60:1.023;63460.42:1.023;64048.24:1.023;64636.07:1.023;65223.89:1.023;65811.72:1.023;66399.54:1.023;66987.36:1.023;67575.19:1.023,62934.07:0.464;63521.89:0.464;64109.72:0.464;64697.54:0.464;65285.37:0.464;65873.19:0.464;66461.01:0.464;67048.84:0.464;67636.66:0.464,0.00159020715021,237891.603643,1.00447306319,0.965121582389,0.00159222974148,0.450965266155,67463443.5765,66408.2416439,2040-09-11,37.8552842893,0,0,0,1217.33335615,0.222191805822,876.879961675,0.160051099553,18,2.0621053471,93.7520359202,easy,
192,2.8207652,0.7585161,5.67243,22.1116,47.80584,320.4332,0.68116938148,4.96036101852,1730.40926802,4.7376023765,4.2025926184e-08,0.208043268523,0.793563525417,2.44186347332,22.1116,202.1116,True,True,False,4.67847057495,-0.39656740564,0.68116938148,63120.5947053,2031-09-11,4.96036101852,63985.7993393,2034-01-23,0.396592517783,3,63120.59;64851.00;66581.41,3,3,6,0,3,63097.75:0.794;64828.16:0.794;66558.57:0.794,63298.57:2.442;65028.98:2.442;66759.39:2.442,0.0455223007972,6810039.26863,0.998250857358,355.314672421,-0.0446566228419,0.862839584507,129078964.598,63083.6741209,2031-08-05,45.3857900112,0,0,0,420.942376129,0.0768318277215,350.452025732,0.0639656903002,6,8.59081271664,77.1503945611,easy,
193,1.5997395,0.5030596,23.07163,191.10298,290.99488,134.59668,0.794975187026,2.40450381297,739.047461152,2.02340167324,9.8399705011e-08,0.487113506132,1.01241835307,1.45761302631,191.10298,11.10298,True,True,False,1.41720831122,0.350745972973,0.794975187026,63140.827565,2031-10-01,2.40450381297,62771.3038345,2030-09-27,0.911077132206,7,63140.83;63879.88;64618.92;65357.97;66097.02;66836.06;67575.11,7,7,14,14,14,63188.92:1.012;63927.96:1.012;64667.01:1.012;65406.06:1.012;66145.11:1.012;66884.15:1.012;67623.20:1.012,63035.19:1.458;63774.24:1.458;64513.28:1.458;65252.33:1.458;65991.38:1.458;66730.43:1.458;67469.47:1.458,0.00890639669199,1332377.98073,1.00612637613,190.272029279,-0.00621500295019,0.861210906466,128835317.831,67530.9884755,2043-10-08,39.049098106,0,0,0,1693.26820422,0.309061045716,472.435327128,0.0862304954832,14,12.6312830689,59.8443529078,hard,
194,1.4585197,0.5620711,39.93236,314.32185,268.33837,152.72654,0.638727927849,2.27831147215,643.378992187,1.76147568018,1.1303143722e-07,0.55954577997,1.01426929299,0.981737788651,314.32185,134.32185,True,True,False,2.26030248372,1.43655612805,0.638727927849,62857.1896227,2030-12-22,2.27831147215,62535.5001266,2030-02-03,1.46206335873,8,62857.19;63500.57;64143.95;64787.33;65430.71;66074.08;66717.46;67360.84,8,9,17,17,17,62911.02:1.014;63554.40:1.014;64197.78:1.014;64841.16:1.014;65484.54:1.014;66127.92:1.014;66771.29:1.014;67414.67:1.014,62806.72:0.982;63450.10:0.982;64093.48:0.982;64736.86:0.982;65380.24:0.982;66023.62:0.982;66666.99:0.982;67310.37:0.982;67953.75:0.982,0.00116606532684,174440.889993,1.01500207712,314.377386489,0.000823558772937,0.0709755690536,10617794.0021,64735.3976845,2036-02-12,25.4029155291,1,0,0,1544.28859841,0.281868783648,308.957705995,0.0563920065699,17,16.9730883497,73.8085516834,hard,
195,1.2690923,0.5141334,19.42916,54.20354,263.94,118.37997,0.616609560887,1.92157503911,522.201651017,1.42971020128,1.3926047921e-07,0.689388858306,0.987212032964,0.885563410551,54.20354,234.20354,True,True,False,1.30824706495,0.279177373933,0.616609560887,62594.887687,2030-04-03,1.92157503911,62855.9885125,2030-12-20,0.637359744969,11,62594.89;63117.09;63639.29;64161.49;64683.69;65205.90;65728.10;66250.30;66772.50;67294.70;67816.90,11,11,22,22,22,62649.77:0.987;63171.98:0.987;63694.18:0.987;64216.38:0.987;64738.58:0.987;65260.78:0.987;65782.98:0.987;66305.19:0.987;66827.39:0.987;67349.59:0.987;67871.79:0.987,62551.13:0.886;63073.33:0.886;63595.53:0.886;64117.73:0.886;64639.93:0.886;65162.14:0.886;65684.34:0.886;66206.54:0.886;66728.74:0.886;67250.94:0.886;67773.14:0.886,0.00105376587049,157641.130442,0.988620483422,54.3459544757,0.000866762506281,0.246633934922,36895911.5067,67767.8058003,2044-06-01,13.9575072094,0,0,0,2238.19360799,0.408522675427,683.906378319,0.124828907747,22,11.1526499709,76.864742139,moderate,
196,2.2978714,0.5803493,9.52381,84.80995,187.05031,314.49405,0.96430334152,3.63143945848,1272.29261586,3.48334733981,5.7158275745e-08,0.282953776129,3.59385954997,0.96698838138,84.80995,264.80995,True,True,False,1.79638967989,0.294261452811,0.96430334152,63905.40991,2033-11-04,3.63143945848,63269.263602,2032-02-07,0.337887359582,5,62633.12;63905.41;65177.70;66450.00;67722.29,4,5,9,5,5,63193.38:3.594;64465.67:3.594;65737.96:3.594;67010.25:3.594,62627.72:0.967;63900.01:0.967;65172.30:0.967;66444.60:0.967;67716.89:0.967,0.0460575729071,6890114.83651,0.978003958988,256.103362414,0.0248294519586,0.631453465254,94464093.8482,62602.4399185,2030-04-11,28.655921925,0,0,0,1064.35429784,0.194269550141,286.960717219,0.0523770417009,5,3.46688103071,61.0161976479,easy,
197,1.6918546,0.4624185,5.8333,352.06267,333.21962,77.9249,0.90950973365,2.47419946635,803.790708643,2.20065902435,9.0473865130e-08,0.447877782275,0.941439297683,2.26520467047,352.06267,172.06267,True,True,False,1.6283693614,-0.106120823097,0.90950973365,65044.9665693,2036-12-17,2.47419946635,63035.4897977,2031-06-18,0.192441413549,7,62633.59;63437.39;64241.18;65044.97;65848.76;66652.55;67456.34,7,6,13,7,7,62653.54:0.941;63457.33:0.941;64261.12:0.941;65064.91:0.941;65868.70:0.941;66672.49:0.941;67476.29:0.941,63171.46:2.265;63975.25:2.265;64779.04:2.265;65582.84:2.265;66386.63:2.265;67190.42:2.265,0.0293392938883,4389095.89353,0.991280257601,7.54886862709,0.027030384206,0.282231135046,42221176.8481,63393.8849648,2032-06-10,17.8193566845,0,0,0,1779.75636463,0.324847157587,773.394128114,0.141162514828,7,3.66384910035,67.6805093714,easy,
198,1.0869937,0.7245234,34.03784,38.83283,308.11171,52.94938,0.299441328697,1.8745460713,413.941498414,1.13331005726,1.7568195613e-07,0.869688111434,0.356829085783,0.934096917009,38.83283,218.83283,True,True,False,1.64153660575,0.867715511304,0.299441328697,63622.765808,2033-01-25,1.8745460713,62587.912062,2030-03-27,0.8910571701,13,62794.88;63208.82;63622.77;64036.71;64450.65;64864.59;65278.53;65692.47;66106.41;66520.36;66934.30;67348.24;67762.18,13,13,26,13,13,62802.30:0.357;63216.24:0.357;63630.18:0.357;64044.13:0.357;64458.07:0.357;64872.01:0.357;65285.95:0.357;65699.89:0.357;66113.83:0.357;66527.77:0.357;66941.72:0.357;67355.66:0.357;67769.60:0.357,62751.09:0.934;63165.03:0.934;63578.98:0.934;63992.92:0.934;64406.86:0.934;64820.80:0.934;65234.74:0.934;65648.68:0.934;66062.63:0.934;66476.57:0.934;66890.51:0.934;67304.45:0.934;67718.39:0.934,0.0358563041703,5364026.75504,0.990266733902,216.159882159,0.0311783482467,0.0444140753877,6644251.10712,64815.8639256,2036-05-02,27.8108222959,1,1,0,2067.71694498,0.377406697691,298.45914317,0.054475773337,13,12.3645890917,100.002860273,hard,
199,2.3232849,0.5777828,28.06534,74.44268,153.53473,212.80019,0.98093084528,3.66563895472,1293.45740524,3.54129337506,5.6222997272e-08,0.278323815335,3.2058913702,1.02007730041,74.44268,254.44268,True,True,False,3.56340427215,-0.42577128784,0.98093084528,63022.3370838,2031-06-05,3.66563895472,63669.0657865,2033-03-13,1.21693728965,4,63022.34;64315.79;65609.25;66902.71,5,4,9,4,4,62640.88:3.206;63934.34:3.206;65227.80:3.206;66521.26:3.206;67814.71:3.206,63043.66:1.020;64337.12:1.020;65630.57:1.020;66924.03:1.020,0.00358718574834,536635.349758,1.01964036907,254.31469615,0.00121435912602,0.298726095096,44688787.7489,63045.6777289,2031-06-28,22.8412354095,0,0,0,847.883931016,0.154758645862,81.9887763482,0.0149648690574,4,3.14178901963,63.367544532,hard,
200,2.1084489,0.602473,16.07668,194.71649,243.0644,29.87097,0.83816536587,3.37873243413,1118.26066013,3.06163082857,6.5031396309e-08,0.321928520634,1.84728684772,1.05516784215,194.71649,14.71649,True,True,False,2.72748736057,0.382942579158,0.83816536587,63343.7337352,2032-04-21,3.37873243413,62784.6034051,2030-10-10,0.87532431729,5,63343.73;64461.99;65580.26;66698.52;67816.78,5,5,10,5,10,63481.51:1.847;64599.77:1.847;65718.03:1.847;66836.29:1.847;67954.55:1.847,63298.10:1.055;64416.36:1.055;65534.62:1.055;66652.88:1.055;67771.14:1.055,0.0313678520277,4692563.87178,1.01702100978,19.7344910713,-0.0256289107524,1.62042543624,242412194.889,63365.096164,2032-05-13,62.5231450562,0,0,0,1080.35210786,0.197189524592,214.970572132,0.0392371566749,10,13.3799770002,70.106805836,moderate,
201,1.9241439,0.5740776,6.40373,222.60435,221.65785,123.45216,0.819535987833,3.02875181217,974.888055418,2.66909802989,7.4595284825e-08,0.369273167313,2.25885791732,0.90279588588,222.60435,42.60435,True,True,False,2.74288355568,0.275747575566,0.819535987833,62815.4648992,2030-11-10,3.02875181217,67202.4611486,2042-11-14,0.275753803366,6,62815.46;63790.35;64765.24;65740.13;66715.02;67689.91,6,6,12,6,6,63022.07:2.259;63996.96:2.259;64971.84:2.259;65946.73:2.259;66921.62:2.259;67896.51:2.259,62788.76:0.903;63763.65:0.903;64738.54:0.903;65713.43:0.903;66688.32:0.903;67663.20:0.903,0.0319775017338,4783766.16969,0.986707982291,26.7313755875,0.0302743125987,0.363708025765,54409946.2109,62772.490709,2030-09-28,24.0147328894,0,0,0,1347.81549411,0.246007847431,720.401382425,0.131490099462,12,4.92781004689,69.4405722677,easy,
202,1.7700822,0.6007455,5.54384,156.84047,90.61416,171.85883,0.70671328372,2.83345111628,860.178491879,2.35504036107,8.4542978990e-08,0.418517788341,1.13859993657,1.12403010091,156.84047,336.84047,True,True,False,0.717198626153,0.0667889742594,0.70671328372,62509.7201249,2030-01-08,2.83345111628,62939.8093708,2031-03-14,0.273722766364,7,62509.72;63369.90;64230.08;65090.26;65950.43;66810.61;67670.79,6,7,13,13,13,63308.07:1.139;64168.25:1.139;65028.43:1.139;65888.61:1.139;66748.79:1.139;67608.96:1.139,62570.05:1.124;63430.23:1.124;64290.40:1.124;65150.58:1.124;66010.76:1.124;66870.94:1.124;67731.12:1.124,0.0176139577795,2635010.57841,1.01642039924,326.660307245,0.0174341361674,0.259673698479,38846632.3692,63345.8779661,2032-04-23,13.1268710542,0,0,0,1140.84382699,0.208230677982,1140.84382699,0.208230677982,13,2.7164658988,71.3206350158,easy,
203,1.8204548,0.5677589,4.84751,197.06965,31.12818,103.52153,0.786875385252,2.85403421475,897.15664337,2.45628102223,8.1058366679e-08,0.401267719144,0.830163828646,2.40010193696,197.06965,17.06965,True,True,False,2.36362994378,-0.179171490417,0.786875385252,64530.6403836,2035-07-22,2.85403421475,65876.3753486,2039-03-29,0.179597170428,6,62736.33;63633.48;64530.64;65427.80;66324.95;67222.11,6,6,12,6,6,62718.07:0.830;63615.23:0.830;64512.39:0.830;65409.54:0.830;66306.70:0.830;67203.86:0.830,62978.51:2.400;63875.66:2.400;64772.82:2.400;65669.98:2.400;66567.13:2.400;67464.29:2.400,0.045420203218,6794765.68817,0.983794926244,164.860255443,-0.0444257538635,0.179893912937,26911746.3273,66372.8536453,2040-08-06,19.272697333,0,0,0,1253.82836025,0.228852997536,1046.85669313,0.191075828087,12,5.1473462453,71.6125393687,easy,
204,3.2104465,0.6984358,10.00804,340.1136,337.2506,334.67781,0.968155730415,5.45273726958,2101.09932155,5.75249643136,3.4611430036e-08,0.171338877847,1.00015166388,4.6202724951,340.1136,160.1136,True,True,False,5.41532325638,0.295855669331,0.968155730415,63448.8894222,2032-08-04,5.45273726958,64499.439083,2035-06-21,0.577474232175,3,63448.89;65549.99;67651.09,3,3,6,3,3,63466.13:1.000;65567.23:1.000;67668.33:1.000,62877.86:4.620;64978.96:4.620;67080.06:4.620,0.00693067216313,1036813.79812,1.00517618842,341.772586083,0.00513536064611,0.13415534727,20069354.2946,63432.9955444,2032-07-19,12.3472738908,0,0,0,568.422187243,0.103750342185,162.477758007,0.0296559905101,3,8.11061810732,69.1832567915,moderate,
205,2.0590426,0.5537607,7.75324,113.04616,300.31278,54.43611,0.918825728494,3.19925947151,1079.18630339,2.95465107018,6.7386003638e-08,0.333584663622,1.11578098443,1.98143487968,113.04616,293.04616,True,True,False,3.00816084333,0.397099680435,0.918825728494,64274.3736204,2034-11-08,3.19925947151,62655.5941653,2030-06-03,0.399501900329,5,63195.19;64274.37;65353.56;66432.75;67511.93,5,5,10,5,10,63244.22:1.116;64323.40:1.116;65402.59:1.116;66481.78:1.116;67560.96:1.116,63031.98:1.981;64111.17:1.981;65190.36:1.981;66269.54:1.981;67348.73:1.981,0.0488095579277,7301805.9358,1.00439735388,93.9738855236,-0.0446404638698,0.0780326923052,11673524.6138,63219.7356113,2031-12-19,9.62331538206,1,0,0,1115.34731727,0.203576968702,554.424103477,0.101195364541,10,4.41388817341,48.7776955555,easy,
206,2.8183551,0.8056228,6.09413,211.06792,287.89761,142.94147,0.547823972944,5.08888622706,1728.19201412,4.73153186616,4.2079845048e-08,0.208310186055,0.792864786688,1.31464535038,211.06792,31.06792,True,True,False,3.19954654405,0.330881681043,0.547823972944,63970.1887312,2034-01-08,5.08888622706,63106.0927241,2031-08-28,0.519267479747,3,63970.19;65698.38;67426.57,3,3,6,3,6,63999.02:0.793;65727.21:0.793;67455.41:0.793,63903.26:1.315;65631.45:1.315;67359.65:1.315,0.0319275790695,4776297.8454,0.99404210273,48.5233484482,-0.0318186798606,0.177588552949,26566869.3818,63928.4506244,2033-11-27,18.688956801,0,0,0,359.450793868,0.0656081759285,321.955926636,0.0587644858107,6,5.0826378238,78.6561881176,easy,
207,1.5456527,0.4716797,13.53154,303.58001,231.23185,56.46936,0.81659969816,2.27470570184,701.885551132,1.92165790864,1.0360955864e-07,0.512904132902,1.70549415275,0.927758079007,303.58001,123.58001,True,True,False,0.823800614451,-0.174184224816,0.81659969816,63897.4449049,2033-10-27,2.27470570184,62844.6165782,2030-12-09,0.478521041284,7,63195.56;63897.44;64599.33;65301.22;66003.10;66704.99;67406.87,8,7,15,7,15,62642.43:1.705;63344.31:1.705;64046.20:1.705;64748.09:1.705;65449.97:1.705;66151.86:1.705;66853.74:1.705;67555.63:1.705,63161.03:0.928;63862.91:0.928;64564.80:0.928;65266.68:0.928;65968.57:0.928;66670.45:0.928;67372.34:0.928,0.0349034609639,5221483.44026,0.963134147027,116.694923795,0.027774927809,0.876013377188,131049735.932,67452.2225968,2043-07-22,37.3300457568,0,0,0,1964.23111142,0.358518112967,477.934574322,0.0872342367004,15,8.92245370066,69.4143147817,moderate,
208,1.6427096,0.3831233,3.41388,72.98582,319.5807,260.86129,1.01334927711,2.27206992289,769.023514844,2.10547163544,9.4564146301e-08,0.468126127552,1.0850889046,1.97874665257,72.98582,252.98582,True,True,False,2.22800017252,0.10857113012,1.01334927711,66025.9188647,2039-08-25,2.27206992289,62565.3130479,2030-03-05,0.117866149296,7,62949.82;63718.85;64487.87;65256.90;66025.92;66794.94;67563.97,7,7,14,7,14,62987.09:1.085;63756.12:1.085;64525.14:1.085;65294.16:1.085;66063.19:1.085;66832.21:1.085;67601.23:1.085,62728.28:1.979;63497.30:1.979;64266.33:1.979;65035.35:1.979;65804.37:1.979;66573.40:1.979;67342.42:1.979,0.0396290797029,5928425.94136,1.01727567445,42.1872533886,-0.0310573393239,0.0774163405968,11581319.7107,67583.3499925,2043-11-30,7.24798236821,1,0,0,1920.73706543,0.35057943243,1920.73706543,0.35057943243,7,3.16494343667,64.3324858202,easy,
209,1.7469491,0.4782407,10.99257,50.12548,147.55732,236.83616,0.911486939552,2.58241126045,843.371272951,2.30902470349,8.6227803221e-08,0.426858266989,2.25922083698,0.959957359743,50.12548,230.12548,True,True,False,1.88658525937,-0.358745187629,0.911486939552,63175.2782251,2031-11-05,2.58241126045,62753.5925887,2030-09-09,0.390236457311,6,63175.28;64018.65;64862.02;65705.39;66548.76;67392.13,6,6,12,6,6,62926.55:2.259;63769.92:2.259;64613.29:2.259;65456.66:2.259;66300.03:2.259;67143.40:2.259,63199.68:0.960;64043.05:0.960;64886.42:0.960;65729.79:0.960;66573.16:0.960;67416.53:0.960,0.0366929692697,5489190.07241,0.988639609517,238.177480387,-0.0268892989769,0.410873633037,61465820.6291,67432.2674841,2043-07-02,22.2095757503,0,0,0,1487.29640022,0.271466374669,314.456953189,0.0573957477872,6,4.31580275561,67.3173472192,moderate,
210,0.9466308,0.123851,22.32417,331.11156,46.04864,313.5935,0.829389628789,1.06387197121,336.410368757,0.921041392901,2.1617066214e-07,1.07012159384,0.858329658611,1.0197680676,331.11156,151.11156,True,True,False,0.967179873455,-0.32124012151,0.829389628789,62589.0071077,2030-03-29,1.06387197121,62757.2122921,2030-09-13,0.390304506107,17,62589.01;62925.42;63261.83;63598.24;63934.65;64271.06;64607.47;64943.88;65280.29;65616.70;65953.11;66289.52;66625.93;66962.34;67298.75;67635.16;67971.57,17,16,33,33,33,62554.93:0.858;62891.34:0.858;63227.75:0.858;63564.16:0.858;63900.57:0.858;64236.98:0.858;64573.39:0.858;64909.80:0.858;65246.21:0.858;65582.62:0.858;65919.03:0.858;66255.44:0.858;66591.85:0.858;66928.26:0.858;67264.67:0.858;67601.09:0.858;67937.50:0.858,62703.99:1.020;63040.40:1.020;63376.81:1.020;63713.22:1.020;64049.63:1.020;64386.05:1.020;64722.46:1.020;65058.87:1.020;65395.28:1.020;65731.69:1.020;66068.10:1.020;66404.51:1.020;66740.92:1.020;67077.33:1.020;67413.74:1.020;67750.15:1.020,0.030000877454,4488067.38625,1.01797815121,150.164313678,0.00691022198183,0.0490309633408,7334927.71416,64382.4796201,2035-02-24,12.0051004405,1,1,0,5478.75,1,992.864084314,0.181220914317,33,4.54732033247,63.8740863939,hard,
211,2.5029378,0.6954981,0.79236,180.21677,345.98384,27.88526,0.762149315682,4.24372628432,1446.3503755,3.95989151402,5.0279692527e-08,0.248902344895,0.771572360703,3.97351891491,180.21677,0.21677,True,True,False,0.921262615876,-0.0118647989414,0.762149315682,62534.3174414,2030-02-02,4.24372628432,64703.8430047,2036-01-11,0.0313749053386,4,62534.32;63980.67;65427.02;66873.37,4,4,8,0,4,62541.64:0.772;63987.99:0.772;65434.34:0.772;66880.70:0.772,63473.14:3.974;64919.49:3.974;66365.84:3.974;67812.19:3.974,0.0110658636155,1655429.63434,1.0116727418,232.699422966,0.0110970424396,0.239888681556,35886835.9659,62502,2030-01-01,23.3046161935,0,0,0,607.416849165,0.110867779907,607.416849165,0.110867779907,8,2.66830964331,52.2781178103,easy,
212,2.3841115,0.6584107,3.85786,54.49466,337.6108,57.54043,0.814386978407,3.95383602159,1344.58502724,3.68127317519,5.4085127153e-08,0.267740598554,0.839511629616,3.45223187737,54.49466,234.49466,True,True,False,2.20995103673,0.144390140058,0.814386978407,63674.2589416,2033-03-18,3.95383602159,63001.966428,2031-05-15,0.167484759201,4,63674.26;65018.84;66363.43;67708.01,4,4,8,4,4,63687.49:0.840;65032.08:0.840;66376.66:0.840;67721.25:0.840,63281.21:3.452;64625.80:3.452;65970.38:3.452;67314.97:3.452,0.0357934415056,5354622.63426,0.978287589422,86.7365663277,0.0351719872062,0.0639953381938,9573566.32851,65056.5318378,2036-12-29,16.5382448235,1,0,0,816.888174103,0.149101195365,784.392622502,0.143169997263,4,0.366980929974,70.0859786264,easy,
213,2.1175518,0.6647149,59.33202,33.49564,251.1095,277.27066,0.709983567018,3.52512003298,1125.51034549,3.08147938533,6.4612513299e-08,0.319854900883,1.50603078883,0.972606974141,33.49564,213.49564,True,True,False,1.39015944835,0.632118622509,0.709983567018,62584.1568123,2030-03-24,3.52512003298,63146.911985,2031-10-07,2.92419925208,5,62584.16;63709.67;64835.18;65960.69;67086.20,5,5,10,10,10,62677.78:1.506;63803.29:1.506;64928.80:1.506;66054.31:1.506;67179.82:1.506,62542.22:0.973;63667.73:0.973;64793.24:0.973;65918.75:0.973;67044.26:0.973,0.0291936450035,4367307.13049,0.981684257046,212.975014299,0.0150405069019,0.145254844411,21729815.4327,65915.2683861,2039-05-07,33.7876897142,0,0,0,786.392348754,0.143534994069,154.978784561,0.0282872524865,10,13.9384870665,63.6052556178,hard,
214,1.573215,0.5374907,13.7949,159.69,90.95239,283.96209,0.7276265684,2.4188034316,720.743185317,1.97328729724,1.0089870241e-07,0.499484431256,1.12880374969,1.1088130104,159.69,339.69,True,True,False,2.35441525636,-0.546103732149,0.7276265684,62793.7191636,2030-10-19,2.4188034316,67478.5498681,2043-08-17,0.576713594579,8,62793.72;63514.46;64235.21;64955.95;65676.69;66397.44;67118.18;67838.92,8,8,16,16,16,62729.46:1.129;63450.21:1.129;64170.95:1.129;64891.69:1.129;65612.44:1.129;66333.18:1.129;67053.92:1.129;67774.67:1.129,62855.69:1.109;63576.43:1.109;64297.17:1.109;65017.92:1.109;65738.66:1.109;66459.40:1.109;67180.15:1.109;67900.89:1.109,0.0391374305284,5854876.27172,1.02853639763,331.493782518,0.0359803601274,0.506051781543,75704268.9828,67886.3479061,2044-09-28,31.168072998,0,0,0,1588.78250753,0.289989962588,847.883931016,0.154758645862,16,12.3333859221,67.5162155351,moderate,
215,1.9046562,0.6261117,2.13279,75.47581,120.47166,294.30845,0.712128668702,3.0971837313,960.115142052,2.6286519974,7.5743053079e-08,0.37495502803,1.69672636046,0.878932068095,75.47581,255.47581,True,True,False,2.07108526387,-0.0745305631871,0.712128668702,63295.4287615,2032-03-04,3.0971837313,62815.3711905,2030-11-10,0.105465921518,5,63295.43;64255.54;65215.66;66175.77;67135.89,6,5,11,5,11,63176.39:1.697;64136.50:1.697;65096.62:1.697;66056.73:1.697;67016.85:1.697;67976.96:1.697,63328.42:0.879;64288.54:0.879;65248.65:0.879;66208.77:0.879;67168.88:0.879,0.0116111723797,1737006.66434,1.01738882735,273.183391514,-0.0115235439581,0.121243056804,18137703.135,63250.2979864,2032-01-19,20.5561892356,0,0,0,850.383588831,0.15521489187,850.383588831,0.15521489187,10,5.26569883097,74.7493400065,easy,
216,2.8898049,0.7531963,39.21257,268.05495,246.33087,335.84264,0.713214541598,5.0663952584,1794.32542757,4.91259528425,4.0528909109e-08,0.200632502036,1.79237156481,0.960096826051,268.05495,88.05495,True,True,False,4.7080789375,2.9232697116,0.713214541598,63114.7314423,2031-09-05,5.0663952584,64011.8941561,2034-02-18,3.00169795246,3,63114.73;64909.06;66703.38,3,3,6,3,6,63226.65:1.792;65020.97:1.792;66815.30:1.792,63076.89:0.960;64871.22:0.960;66665.55:0.960,0.0183676424414,2747760.19901,0.969903014158,87.2109971274,0.0116556889181,1.29025676424,193019664.586,66734.3174945,2041-08-03,60.4873462973,0,0,0,439.939775527,0.0802992973811,47.4934984944,0.0086686741491,3,18.747356275,75.7076739955,hard,
217,2.7002874,0.7185112,15.72955,226.40736,234.72024,259.46865,0.760100659881,4.64047414012,1620.74022814,4.43734490935,4.4869653325e-08,0.222120728387,2.23285327695,0.923145391691,226.40736,46.40736,True,True,False,4.63294969739,1.05052854542,0.760100659881,63273.3380146,2032-02-11,4.64047414012,64083.7081287,2034-05-01,1.0954069003,3,63273.34;64894.08;66514.82,3,3,6,3,3,63435.88:2.233;65056.62:2.233;66677.36:2.233,63241.20:0.923;64861.94:0.923;66482.68:0.923,0.0373019108227,5580286.43211,0.973248597441,39.8182344072,0.0314372745795,0.14683772017,21966610.2759,66483.8749596,2040-11-25,15.8590160039,0,0,0,491.932658089,0.0897892143444,103.985765125,0.0189798339265,3,3.53455069394,73.5808518585,moderate,
218,2.7628538,0.6530511,24.23489,173.91597,183.78498,10.34013,0.958569086771,4.56713851323,1677.39476508,4.59245657791,4.3354166640e-08,0.214618530768,4.54846438129,0.959395795783,173.91597,353.91597,True,True,False,3.2651565345,0.89284230897,0.958569086771,62829.2156542,2030-11-24,4.56713851323,63667.9130367,2033-03-11,0.909143827119,4,62829.22;64506.61;66184.01;67861.40,3,4,7,4,4,63604.45:4.548;65281.85:4.548;66959.24:4.548,62826.41:0.959;64503.81:0.959;66181.20:0.959;67858.60:0.959,0.0470142560539,7033232.59821,0.959477859971,353.748807723,0.00126010526816,0.399626977832,59783344.9579,67843.0003783,2044-08-16,22.5228930423,0,0,0,792.391527512,0.144629984488,86.9880919792,0.0158773610731,4,6.65881965036,60.5605994038,hard,
219,2.9104022,0.7189268,54.50065,187.46839,120.40785,136.57235,0.818036059641,5.00276834036,1813.54335304,4.96521109663,4.0099428582e-08,0.198506420812,2.21052283383,1.03098346374,187.46839,7.46839,True,True,False,2.36085783489,-1.73675738198,0.818036059641,64139.0870462,2034-06-26,5.00276834036,63232.3153697,2032-01-01,3.67610663712,3,64139.09;65952.63;67766.17,3,3,6,3,3,63979.70:2.211;65793.24:2.211;67606.79:2.211,64179.23:1.031;65992.78:1.031;67806.32:1.031,0.0248250634491,3713776.63198,1.02407599553,6.97252934241,0.0124243660494,0.659285417935,98627694.7067,64070.9129945,2034-04-18,32.8625716118,0,0,0,577.420955379,0.105392827813,36.4950041062,0.00666119171457,3,21.1204210261,50.2522854718,hard,
220,1.8959431,0.7678837,13.76438,22.58099,65.38508,111.30664,0.440079297383,3.35180690262,953.53442325,2.61063497125,7.6265785894e-08,0.377542741218,0.589473545808,1.14385677534,22.58099,202.58099,True,True,False,3.0644033339,-0.715863628347,0.440079297383,62812.2501999,2030-11-07,3.35180690262,63289.0174115,2032-02-27,0.742321499977,6,62812.25;63765.78;64719.32;65672.85;66626.39;67579.92,6,6,12,6,6,62794.32:0.589;63747.85:0.589;64701.39:0.589;65654.92:0.589;66608.46:0.589;67561.99:0.589,62868.47:1.144;63822.00:1.144;64775.54:1.144;65729.07:1.144;66682.61:1.144;67636.14:1.144,0.0312118572529,4669227.38563,1.00851219939,195.489786911,0.0304841259212,0.285938780772,42775832.754,62771.7452593,2030-09-27,18.8787410291,0,0,0,729.900082124,0.133223834291,352.951683548,0.0644219363081,12,9.69462101604,88.7682145809,moderate,
221,1.9258613,0.4745003,1.67978,285.28603,186.46494,42.77009,1.01203953539,2.83968306461,976.193555193,2.67267229348,7.4495525790e-08,0.368779324638,2.82347092801,1.0141147913,285.28603,105.28603,True,True,False,2.82099099378,-0.000693473579641,1.01203953539,64988.7967591,2036-10-22,2.83968306461,63524.5064263,2032-10-19,0.0528012569207,6,63036.41;64012.60;64988.80;65964.99;66941.18;67917.38,6,6,12,6,6,62505.18:2.823;63481.37:2.823;64457.57:2.823;65433.76:2.823;66409.95:2.823;67386.15:2.823,63030.90:1.014;64007.10:1.014;64983.29:1.014;65959.48:1.014;66935.68:1.014;67911.87:1.014,0.0286968397339,4292986.12001,1.01204037035,111.61852911,-0.00327354083613,0.545742701076,81641946.0311,64039.2894393,2034-03-18,22.3012303736,0,0,0,1367.81275664,0.249657815494,1367.81275664,0.249657815494,6,2.26064157342,63.7184032684,easy,
222,0.9589853,0.1520306,21.61632,288.01435,297.66152,116.77445,0.81319018945,1.10478041055,343.017558942,0.939130893749,2.1200679170e-07,1.04950895549,0.875058528711,1.0079617149,288.01435,108.01435,True,True,False,0.865071167456,-0.0299935280559,0.81319018945,62803.8219981,2030-10-29,1.10478041055,62975.3307776,2031-04-19,0.399969650052,16,62803.82;63146.84;63489.86;63832.87;64175.89;64518.91;64861.93;65204.94;65547.96;65890.98;66234.00;66577.02;66920.03;67263.05;67606.07;67949.09,16,16,32,32,32,62506.28:0.875;62849.30:0.875;63192.32:0.875;63535.34:0.875;63878.36:0.875;64221.37:0.875;64564.39:0.875;64907.41:0.875;65250.43:0.875;65593.44:0.875;65936.46:0.875;66279.48:0.875;66622.50:0.875;66965.51:0.875;67308.53:0.875;67651.55:0.875,62707.18:1.008;63050.20:1.008;63393.22:1.008;63736.23:1.008;64079.25:1.008;64422.27:1.008;64765.29:1.008;65108.31:1.008;65451.32:1.008;65794.34:1.008;66137.36:1.008;66480.38:1.008;66823.39:1.008;67166.41:1.008;67509.43:1.008;67852.45:1.008,0.0227578910786,3404532.04698,1.00451568204,109.268030533,-0.00870858364673,0.159627758725,23879972.8099,65802.9243478,2039-01-14,14.4519249723,0,0,0,5478.75,1,985.865042431,0.179943425495,33,3.29150647158,64.986671415,hard,
223,2.4928794,0.8250702,10.89224,141.43021,290.69225,32.93932,0.436078894866,4.54967990513,1437.64060349,3.93604545787,5.0584305973e-08,0.250410289697,0.616222761718,1.12338227417,141.43021,321.43021,True,True,False,0.446683735259,-0.0843528932826,0.436078894866,63943.7398073,2033-12-12,4.54967990513,66100.2007125,2039-11-08,0.814183921564,4,62506.10;63943.74;65381.38;66819.02,4,3,7,3,7,62525.31:0.616;63962.95:0.616;65400.59:0.616;66838.24:0.616,63891.89:1.123;65329.53:1.123;66767.17:1.123,0.0184656320099,2762419.22982,1.01673127972,326.760629414,-0.0181727160238,0.25266064593,37797494.6408,66773.8879316,2041-09-11,19.6708217913,0,0,0,388.946756091,0.0709918788211,209.471324938,0.0382334154576,7,4.37042361545,49.0007165158,moderate,
224,2.5876625,0.6445716,4.49003,134.62065,296.45179,194.59032,0.919728742115,4.25559625788,1520.40705139,4.16264764242,4.7830646470e-08,0.236778696646,1.17514966614,2.12176216263,134.62065,314.62065,True,True,False,4.12518148962,0.310836322502,0.919728742115,63418.9905065,2032-07-05,4.25559625788,65699.6010836,2038-10-03,0.310952374163,4,63418.99;64939.40;66459.80;67980.21,3,4,7,3,3,63471.73:1.175;64992.14:1.175;66512.54:1.175,63257.16:2.122;64777.56:2.122;66297.97:2.122;67818.38:2.122,0.0373149726762,5582240.45758,0.992829531598,106.839355951,-0.036314324289,0.30978491897,46343164.2529,67980.75,2044-12-31,14.7738267167,0,0,0,708.403024911,0.129300118624,708.403024911,0.129300118624,4,2.46151839305,66.8852810482,easy,
225,2.2193037,0.5945363,8.14565,107.52446,139.38745,157.46921,0.899847089626,3.53876031037,1207.60119112,3.30623187166,6.0220255413e-08,0.298111663558,2.61511981587,0.98863749071,107.52446,287.52446,True,True,False,3.53627181917,-0.314217298599,0.899847089626,64294.5813357,2034-11-28,3.53876031037,63690.7807401,2033-04-03,0.402300313824,5,63086.98;64294.58;65502.18;66709.78;67917.38,5,5,10,5,5,62835.53:2.615;64043.13:2.615;65250.73:2.615;66458.33:2.615;67665.93:2.615,63116.68:0.989;64324.28:0.989;65531.88:0.989;66739.49:0.989;67947.09:0.989,0.0134686504245,2014881.42471,1.01248871476,292.306011352,-0.0120793677546,0.334361998152,50019842.9665,66749.1378782,2041-08-18,22.4511355543,0,0,0,1027.85929373,0.187608358427,360.950588557,0.0658819235332,5,2.27489793571,69.6472912448,easy,
226,1.0297117,0.0739217,45.86726,150.72865,322.15149,285.71611,0.953593660626,1.10582973937,381.6558275,1.04491670773,1.9054353930e-07,0.943258229169,0.967604659562,1.08756757241,150.72865,330.72865,True,True,False,1.01386102197,0.50832035767,0.953593660626,62805.3757531,2030-10-31,1.10582973937,62996.2036668,2031-05-10,0.771314245745,14,62805.38;63187.03;63568.69;63950.34;64332.00;64713.65;65095.31;65476.97;65858.62;66240.28;66621.93;67003.59;67385.25;67766.90,14,14,28,28,28,62840.22:0.968;63221.88:0.968;63603.54:0.968;63985.19:0.968;64366.85:0.968;64748.50:0.968;65130.16:0.968;65511.82:0.968;65893.47:0.968;66275.13:0.968;66656.78:0.968;67038.44:0.968;67420.09:0.968;67801.75:0.968,62660.43:1.088;63042.09:1.088;63423.74:1.088;63805.40:1.088;64187.06:1.088;64568.71:1.088;64950.37:1.088;65332.02:1.088;65713.68:1.088;66095.33:1.088;66476.99:1.088;66858.65:1.088;67240.30:1.088;67621.96:1.088,0.0212622910252,3180793.46357,0.967661259626,150.783055669,0.000947096094108,0.0217755076834,3257569.58284,64748.695961,2036-02-25,23.9080477739,2,1,0,5478.75,1,461.936764303,0.0843142622502,28,1.27639539552,55.8994159179,hard,
227,1.6169191,0.4510506,25.31356,350.18774,129.62796,74.1907,0.887606769794,2.34623143021,750.984310272,2.056082985,9.6835647792e-08,0.479370867109,1.80812331791,1.00021923102,350.18774,170.18774,True,True,False,1.03712149818,0.421870804207,0.887606769794,62547.2018104,2030-02-15,2.34623143021,62922.6939655,2031-02-25,0.902298084227,8,62547.20;63298.19;64049.17;64800.15;65551.14;66302.12;67053.11;67804.09,7,8,15,8,15,63130.76:1.808;63881.74:1.808;64632.73:1.808;65383.71:1.808;66134.70:1.808;66885.68:1.808;67636.67:1.808,62585.73:1.000;63336.71:1.000;64087.70:1.000;64838.68:1.000;65589.67:1.000;66340.65:1.000;67091.63:1.000;67842.62:1.000,0.00552220871159,826110.664814,0.998450407583,169.846697869,0.00281097640138,0.208778419821,31232807.0533,62585.2264249,2030-03-25,20.7407916702,0,0,0,2010.22481522,0.366913039511,191.97372023,0.0350396934027,8,9.78285773301,65.7429369586,hard,
228,1.4766837,0.4087554,7.15733,320.05713,215.21576,322.98333,0.873081263533,2.08028613647,655.435029663,1.79448331188,1.1095234291e-07,0.549253524312,1.84663831709,0.922043696021,320.05713,140.05713,True,True,False,1.19984125914,0.116609889438,0.873081263533,64544.5696544,2035-08-05,2.08028613647,62905.9820803,2031-02-08,0.216791824594,9,62578.26;63233.70;63889.13;64544.57;65200.00;65855.44;66510.87;67166.31;67821.74,8,9,17,9,17,62777.25:1.847;63432.69:1.847;64088.12:1.847;64743.56:1.847;65398.99:1.847;66054.43:1.847;66709.86:1.847;67365.30:1.847,62552.78:0.922;63208.22:0.922;63863.65:0.922;64519.09:0.922;65174.52:0.922;65829.96:0.922;66485.39:0.922;67140.83:0.922;67796.26:0.922,0.0326301796375,4881405.39433,0.970082206073,126.325133038,0.0289039185213,0.0639009641005,9559448.16512,65815.8090163,2039-01-27,11.5988388336,1,0,0,2517.1554202,0.459439729902,1043.35717219,0.190437083676,18,1.77214311431,67.1123897602,easy,
229,1.0695645,0.1943873,24.832,39.09556,78.30472,197.35767,0.861654744669,1.27747425533,404.02561182,1.10616183934,1.7999366881e-07,0.891032621368,0.99013462152,1.07136512009,39.09556,219.09556,True,True,False,1.08273893784,-0.202506491335,0.861654744669,62594.6092435,2030-04-03,1.27747425533,63200.6476612,2031-11-30,0.534325317056,14,62594.61;62998.63;63402.66;63806.69;64210.71;64614.74;65018.76;65422.79;65826.81;66230.84;66634.87;67038.89;67442.92;67846.94,14,14,28,28,28,62530.36:0.990;62934.39:0.990;63338.41:0.990;63742.44:0.990;64146.46:0.990;64550.49:0.990;64954.51:0.990;65358.54:0.990;65762.57:0.990;66166.59:0.990;66570.62:0.990;66974.64:0.990;67378.67:0.990;67782.69:0.990,62683.67:1.071;63087.70:1.071;63491.72:1.071;63895.75:1.071;64299.78:1.071;64703.80:1.071;65107.83:1.071;65511.85:1.071;65915.88:1.071;66319.90:1.071;66723.93:1.071;67127.96:1.071;67531.98:1.071;67936.01:1.071,0.002627646002,393090.246853,0.990572321129,38.970130584,-0.00100346458737,0.0573832919458,8584418.28885,65912.3360646,2039-05-04,13.5367506691,1,0,0,5478.75,1,796.390980016,0.1453599781,28,5.57988165573,64.2941452869,hard,
230,1.3361826,0.6030516,8.26679,87.66314,115.45272,290.83765,0.530395545178,2.14196965482,564.15331562,1.54456759923,1.2890476782e-07,0.638124407023,1.14770292761,0.675246903389,87.66314,267.66314,True,True,False,1.12844385193,-0.123527374858,0.530395545178,65821.6103279,2039-02-02,2.14196965482,63847.0737233,2033-09-07,0.290168380106,9,63000.84;63565.00;64129.15;64693.30;65257.46;65821.61;66385.76;66949.92;67514.07,9,9,18,9,18,62933.65:1.148;63497.80:1.148;64061.96:1.148;64626.11:1.148;65190.26:1.148;65754.42:1.148;66318.57:1.148;66882.72:1.148;67446.87:1.148,63024.55:0.675;63588.70:0.675;64152.86:0.675;64717.01:0.675;65281.16:0.675;65845.32:0.675;66409.47:0.675;66973.62:0.675;67537.78:0.675,0.030068511514,4498185.29761,0.989008731097,99.5416534414,0.0295646362875,0.0876488681182,13112084.0398,66896.6532649,2042-01-12,17.0870095105,1,0,0,1599.78100192,0.291997445022,971.866958664,0.177388447851,19,7.12748567611,78.6382338977,easy,
231,1.5453773,0.4921133,19.07078,358.77697,106.81633,164.52584,0.784876577152,2.30587802285,701.697969533,1.92114433822,1.0363725609e-07,0.513041245138,1.36553721031,1.0251705712,358.77697,178.77697,True,True,False,2.06495823306,-0.660937505828,0.784876577152,62984.4065534,2031-04-28,2.30587802285,62633.5575687,2030-05-12,0.737643859011,8,62984.41;63686.10;64387.80;65089.50;65791.20;66492.90;67194.59;67896.29,8,8,16,16,16,62889.04:1.366;63590.74:1.366;64292.44:1.366;64994.14:1.366;65695.84:1.366;66397.53:1.366;67099.23:1.366;67800.93:1.366,63035.62:1.025;63737.31:1.025;64439.01:1.025;65140.71:1.025;65842.41:1.025;66544.11:1.025;67245.80:1.025;67947.50:1.025,0.0183985042471,2752377.05943,1.00740018367,176.444456269,0.0141727004348,0.0385841355418,5772104.51986,65138.2307798,2037-03-21,15.363081754,1,1,0,1832.24917876,0.334428323752,636.912811388,0.1162514828,16,8.542553757,58.0005450032,moderate,
232,2.2446158,0.5974925,55.01316,16.90762,319.39785,123.15875,0.903474694119,3.58575690588,1228.31979375,3.36295631417,5.9204494250e-08,0.293083284851,0.992879776329,2.64167483186,16.90762,196.90762,True,True,False,3.48570074853,2.24694528791,0.903474694119,63236.4220031,2032-01-05,3.58575690588,63850.5818999,2033-09-10,2.35395074327,4,63236.42;64464.74;65693.06;66921.38,4,5,9,4,4,63266.27:0.993;64494.59:0.993;65722.91:0.993;66951.23:0.993,62982.15:2.642;64210.47:2.642;65438.79:2.642;66667.11:2.642;67895.43:2.642,0.00623233560955,932344.136677,0.99352965967,16.9878404728,0.00198759525736,0.152053502392,22746880.1903,65720.626749,2038-10-24,34.2543349816,0,0,0,853.38317821,0.155762387079,46.9935669313,0.00857742494753,4,2.12968958118,66.4851094858,hard,
233,2.0188289,0.5270505,10.12318,306.8226,189.05043,49.08613,0.954804118841,3.08285368116,1047.72594032,2.86851729041,6.9409422224e-08,0.34360130464,3.04066786988,0.958924555396,306.8226,126.8226,True,True,False,2.95003194141,-0.0658116299783,0.954804118841,66295.7718913,2040-05-21,3.08285368116,62628.7311002,2030-05-07,0.332404909688,5,63152.59;64200.32;65248.05;66295.77;67343.50,6,5,11,5,5,62557.12:3.041;63604.84:3.041;64652.57:3.041;65700.29:3.041;66748.02:3.041;67795.75:3.041,63145.64:0.959;64193.37:0.959;65241.09:0.959;66288.82:0.959;67336.55:0.959,0.0240413382447,3596533.01018,0.962501196287,123.56656561,0.00976018722428,0.733946335653,109796809.022,67375.381966,2043-05-06,29.882541591,0,0,0,1136.34444292,0.207409435167,272.962633452,0.0498220640569,5,5.37708242269,66.4248632084,moderate,
234,2.7659172,0.6897943,18.71928,178.94914,134.44864,231.9819,0.858003281168,4.67383111883,1680.18533361,4.60009673815,4.3282161028e-08,0.214262077402,2.80457801353,0.977618340204,178.94914,358.94914,True,True,False,4.58754288277,-1.17595893172,0.858003281168,63477.6690393,2032-09-02,4.67383111883,64317.7617061,2034-12-21,1.21435678994,3,63477.67;65157.85;66838.04,3,3,6,3,3,63236.62:2.805;64916.81:2.805;66596.99:2.805,63508.58:0.978;65188.76:0.978;66868.95:0.978,0.0183749017752,2748846.17989,0.992061375326,1.28020381587,-0.013671769531,0.124633542369,18644912.5562,63512.5263216,2032-10-07,21.0539377619,0,0,0,589.419312894,0.10758280865,88.9878182316,0.0162423578794,3,1.99289242524,61.7707510669,moderate,
235,2.0347462,0.8301183,9.20708,16.51692,130.85357,115.82283,0.345666143525,3.72382625648,1060.1414034,2.90250897576,6.8596558849e-08,0.339577342086,1.384278013,0.409986013895,16.51692,196.51692,True,True,False,3.69902151354,-0.426779809398,0.345666143525,66159.6276349,2040-01-06,3.72382625648,63509.2741264,2032-10-04,0.477806383645,5,62979.20;64039.34;65099.49;66159.63;67219.77,5,5,10,5,5,62910.13:1.384;63970.27:1.384;65030.41:1.384;66090.55:1.384;67150.70:1.384,62987.63:0.410;64047.77:0.410;65107.92:0.410;66168.06:0.410;67228.20:0.410,0.040499753163,6058676.83706,0.999801193359,30.9316930549,0.0403101635685,0.238601021906,35694204.824,67180.0023633,2042-10-23,35.4664948141,0,0,0,546.425198467,0.0997353773154,272.962633452,0.0498220640569,5,2.75905639518,76.5841711638,easy,
236,2.4821903,0.6104356,75.65689,179.32276,358.13064,222.2959,0.966972974905,3.99740762509,1428.40393558,3.91075683937,5.0911405629e-08,0.252029549228,0.967168080872,3.99407682085,179.32276,359.32276,True,True,False,3.98770659546,-0.0892499558829,0.966972974905,63174.7847089,2031-11-04,3.99740762509,63888.9866767,2033-10-18,1.95326410234,4,63174.78;64603.19;66031.59;67460.00,4,3,7,4,4,63176.21:0.967;64604.61:0.967;66033.01:0.967;67461.42:0.967,63913.26:3.994;65341.66:3.994;66770.07:3.994,0.0292520858063,4376049.75015,0.967171012376,179.326225662,0.000228791040282,1.55556378475,232709029.937,67421.1604536,2043-06-21,55.7449468246,0,0,0,823.387284424,0.150287434985,37.4948672324,0.00684369011771,4,10.944116038,57.42656081,hard,
237,2.2359478,0.7350665,5.83305,297.38763,247.47933,168.4781,0.592377476471,3.87951812353,1221.21159036,3.34349511391,5.9549100861e-08,0.29478921003,1.43058520728,0.802013288489,297.38763,117.38763,True,True,False,3.86693966087,0.369889329809,0.592377476471,63070.9026017,2031-07-23,3.87951812353,64902.7199872,2036-07-28,0.372345940215,5,63070.90;64292.11;65513.33;66734.54;67955.75,4,5,9,9,9,63152.13:1.431;64373.34:1.431;65594.55:1.431;66815.77:1.431,63041.48:0.802;64262.69:0.802;65483.90:0.802;66705.12:0.802;67926.33:0.802,0.0322074118963,4818160.24045,0.97844926792,98.8922976865,0.0316926223194,0.410847945354,61461977.8064,65511.7235941,2038-03-29,21.1388633412,0,0,0,603.917328223,0.110229035496,519.928825623,0.0948991696323,9,2.86330700393,73.4668134265,easy,
238,1.7270961,0.4871616,10.90394,53.30016,143.74672,323.77329,0.88572120057,2.56847099943,829.035603714,2.26977578019,8.7718852894e-08,0.434239492716,2.16950615382,0.945692883776,53.30016,233.30016,True,True,False,2.56165090439,-0.314985447906,0.88572120057,62941.496853,2031-03-16,2.56847099943,62526.9790511,2030-01-25,0.394554558847,7,62941.50;63770.53;64599.57;65428.60;66257.64;67086.67;67915.71,7,7,14,7,7,62715.86:2.170;63544.89:2.170;64373.93:2.170;65202.97:2.170;66032.00:2.170;66861.04:2.170;67690.07:2.170,62967.78:0.946;63796.82:0.946;64625.85:0.946;65454.89:0.946;66283.93:0.946;67112.96:0.946;67942.00:0.946,0.0437037412097,6537986.6266,0.987958298921,243.695468403,-0.0343205715097,0.154938474365,23178465.8546,66262.4363706,2040-04-18,10.4059253833,0,0,0,1673.77087325,0.305502326855,369.949356693,0.0675244091614,7,4.92552031705,68.0850921693,moderate,
239,0.9684505,0.6556432,36.24349,208.83489,43.96009,290.24173,0.333492515138,1.60340848486,348.10845239,0.953069000384,2.0890630971e-07,1.03416046789,0.375111652701,1.04562423427,208.83489,28.83489,True,True,False,1.59353212026,-0.706528336647,0.333492515138,62659.887819,2030-06-07,1.60340848486,62833.9420452,2030-11-28,0.765374554894,16,62659.89;63008.00;63356.10;63704.21;64052.32;64400.43;64748.54;65096.65;65444.76;65792.86;66140.97;66489.08;66837.19;67185.30;67533.41;67881.51,16,16,32,16,16,62652.65:0.375;63000.76:0.375;63348.87:0.375;63696.98:0.375;64045.09:0.375;64393.19:0.375;64741.30:0.375;65089.41:0.375;65437.52:0.375;65785.63:0.375;66133.74:0.375;66481.84:0.375;66829.95:0.375;67178.06:0.375;67526.17:0.375;67874.28:0.375,62717.61:1.046;63065.72:1.046;63413.83:1.046;63761.94:1.046;64110.04:1.046;64458.15:1.046;64806.26:1.046;65154.37:1.046;65502.48:1.046;65850.59:1.046;66198.69:1.046;66546.80:1.046;66894.91:1.046;67243.02:1.046;67591.13:1.046;67939.24:1.046,0.0273417241065,4090263.7076,1.01139653232,27.0552279335,0.0230192391034,0.267142169567,39963899.7414,67928.0403196,2044-11-09,33.7623934959,0,0,0,4005.45168355,0.731088602975,446.93881741,0.0815767862031,16,9.94193075377,94.7803496566,hard,
240,1.4480275,0.3110773,28.00194,137.21706,211.36896,309.70892,0.997579014974,1.89847598503,636.449048545,1.74250252853,1.1426217438e-07,0.565638366218,1.78093344793,1.03341884521,137.21706,317.21706,True,True,False,1.13983916534,0.270306454692,0.997579014974,62561.8084027,2030-03-01,1.89847598503,62880.032927,2031-01-14,0.765520040431,9,62561.81;63198.26;63834.71;64471.16;65107.60;65744.05;66380.50;67016.95;67653.40,9,9,18,9,18,62783.94:1.781;63420.39:1.781;64056.83:1.781;64693.28:1.781;65329.73:1.781;65966.18:1.781;66602.63:1.781;67239.08:1.781;67875.53:1.781,62533.45:1.033;63169.89:1.033;63806.34:1.033;64442.79:1.033;65079.24:1.033;65715.69:1.033;66352.14:1.033;66988.59:1.033;67625.04:1.033,0.0174886929724,2616271.22999,1.03226522662,317.66214678,-0.0042639796711,0.288985481651,43231612.7181,63808.6062245,2033-07-30,19.7421189591,0,0,0,2853.1094306,0.520759193357,202.472283055,0.0369559266356,9,2.04663226856,62.5437354458,hard,
241,1.3406221,0.7960261,31.4187,213.02113,233.47471,328.45545,0.273451918163,2.40779228184,566.967269932,1.55227178626,1.2826499169e-07,0.634957287823,0.933305181083,0.333243651154,213.02113,33.02113,True,True,False,1.81045788467,0.468249410804,0.273451918163,62950.5816081,2031-03-25,2.40779228184,62667.0979731,2030-06-15,1.06248115616,9,62950.58;63517.55;64084.52;64651.48;65218.45;65785.42;66352.39;66919.35;67486.32,9,9,18,9,9,62990.59:0.933;63557.56:0.933;64124.53:0.933;64691.50:0.933;65258.46:0.933;65825.43:0.933;66392.40:0.933;66959.36:0.933;67526.33:0.933,62943.94:0.333;63510.91:0.333;64077.87:0.333;64644.84:0.333;65211.81:0.333;65778.77:0.333;66345.74:0.333;66912.71:0.333;67479.68:0.333,0.0298022695082,4458356.06046,0.995360528483,215.580162128,0.0271370549875,0.14603541649,21846587.3537,62991.6283068,2031-05-05,34.1968520018,0,0,0,1145.84314262,0.209143169997,208.471461812,0.0380509170545,9,12.7580867781,104.026976913,hard,
242,1.7115612,0.467301,1.91954,277.35076,44.64222,14.62048,0.911746939679,2.51137546032,817.875268774,2.23922044839,8.8915822428e-08,0.440164917249,1.00399146782,2.00417134187,277.35076,97.35076,True,True,False,2.38161528812,-0.0722661540184,0.911746939679,62802.5346236,2030-10-28,2.51137546032,63211.472258,2031-12-11,0.0728939618021,7,62802.53;63620.41;64438.29;65256.16;66074.04;66891.91;67709.79,7,7,14,7,7,62767.76:1.004;63585.64:1.004;64403.51:1.004;65221.39:1.004;66039.26:1.004;66857.14:1.004;67675.01:1.004,62999.15:2.004;63817.02:2.004;64634.90:2.004;65452.77:2.004;66270.65:2.004;67088.52:2.004;67906.40:2.004,0.00192614285035,288146.869077,1.01803818979,274.22907366,-0.0018580275661,0.376581827124,56335839.4821,65213.217831,2037-06-04,21.2384781031,0,0,0,1763.75855461,0.321927183137,1763.75855461,0.321927183137,7,4.16661080749,66.6975779848,easy,
243,2.4093191,0.6573556,15.64982,126.38707,305.5637,38.76845,0.825539697428,3.99309850257,1365.9660713,3.73981128349,5.3238549401e-08,0.263549737849,0.989792368677,2.21509466725,126.38707,306.38707,True,True,False,1.41922306911,0.239361191701,0.825539697428,66516.7632092,2040-12-28,3.99309850257,63101.848031,2031-08-23,0.948098432893,4,63784.83;65150.80;66516.76;67882.73,4,4,8,4,4,63821.34:0.990;65187.31:0.990;66553.28:0.990;67919.24:0.990,63611.90:2.215;64977.86:2.215;66343.83:2.215;67709.80:2.215,0.00290528516628,434624.474652,0.986344626655,125.886911995,-0.00241204574842,0.00542009984633,810835.395993,66552.7235432,2041-02-02,16.6928723412,1,1,1,831.386189433,0.15174742221,147.979742677,0.0270097636646,4,3.09480196859,68.9792414339,moderate,
244,1.6336517,0.3995551,19.45987,74.90308,156.34575,219.37232,0.980917831641,2.28638556836,762.67169802,2.08808130875,9.5351712087e-08,0.472024858055,2.16532770128,1.00502404508,74.90308,254.90308,True,True,False,2.06342133416,-0.574980209389,0.980917831641,63023.2677057,2031-06-06,2.28638556836,62641.9318567,2030-05-20,0.593732859666,7,63023.27;63785.94;64548.61;65311.28;66073.95;66836.63;67599.30,7,7,14,7,7,62745.19:2.165;63507.86:2.165;64270.53:2.165;65033.20:2.165;65795.87:2.165;66558.54:2.165;67321.22:2.165,63043.30:1.005;63805.97:1.005;64568.64:1.005;65331.32:1.005;66093.99:1.005;66856.66:1.005;67619.33:1.005,0.0107550479119,1608932.2669,1.00621840822,255.443325141,-0.00335222239589,0.276633146006,41383729.6076,63050.4105301,2031-07-03,17.4200350589,0,0,0,1903.73939228,0.347476959577,210.971119628,0.0385071630623,7,1.52641768089,64.723686401,moderate,
245,1.9986322,0.5919158,7.7007,298.62405,110.25573,20.53508,0.815610222431,3.18165417757,1032.04289182,2.82557944373,7.0464176191e-08,0.348822711587,1.6330373788,1.07756076121,298.62405,118.62405,True,True,False,2.87195744465,-0.384608355784,0.815610222431,66301.3447831,2040-05-27,3.18165417757,62689.1946618,2030-07-07,0.410848878104,5,63205.22;64237.26;65269.30;66301.34;67333.39,5,5,10,5,10,63091.28:1.633;64123.32:1.633;65155.36:1.633;66187.41:1.633;67219.45:1.633,63255.63:1.078;64287.68:1.078;65319.72:1.078;66351.76:1.078;67383.81:1.078,0.0271539899279,4062179.07423,0.991835467413,107.501644799,0.0258625085591,0.0405621050477,6068004.54625,63245.7032321,2032-01-14,15.2474509166,1,1,0,1099.84943882,0.200748243453,784.392622502,0.143169997263,10,2.73686127155,70.7702757075,easy,
246,2.2008739,0.599006,9.59103,194.24203,323.76554,30.18113,0.882537228657,3.51921057134,1192.59001033,3.26513349851,6.0978250309e-08,0.301864007648,0.95146927941,2.73041099083,194.24203,14.24203,True,True,False,2.36733553102,0.392152266633,0.882537228657,63485.1974814,2032-09-10,3.51921057134,62888.9024762,2031-01-22,0.450890338253,4,63485.20;64677.79;65870.38;67062.97,4,4,8,4,4,63510.56:0.951;64703.15:0.951;65895.74:0.951;67088.33:0.951,63212.72:2.730;64405.31:2.730;65597.90:2.730;66790.49:2.730,0.0280100274706,4190240.46785,0.988790552813,202.401821046,0.0237078736331,0.0726609229373,10869919.3545,65905.9710553,2039-04-27,14.6790898271,1,0,0,856.382767588,0.156309882289,234.967834656,0.0428871247377,4,1.39181698388,69.3334424974,easy,
247,1.7440386,0.4334635,8.69826,130.33277,0.82792,100.42151,0.988061524309,2.50001567569,841.264506283,2.30325669071,8.6443742275e-08,0.42792724204,0.988092717336,2.49981599935,130.33277,310.33277,True,True,False,1.70742161991,-0.238849602929,0.988061524309,62647.8594236,2030-05-26,2.50001567569,63068.4916767,2031-07-21,0.239343704885,7,62647.86;63489.12;64330.39;65171.65;66012.92;66854.18;67695.45,7,6,13,7,7,62647.17:0.988;63488.43:0.988;64329.70:0.988;65170.96:0.988;66012.23:0.988;66853.49:0.988;67694.76:0.988,63064.08:2.500;63905.34:2.500;64746.61:2.500;65587.87:2.500;66429.14:2.500;67270.40:2.500,0.0028739117405,429931.076958,0.988087728059,130.401069955,0.000180201095499,0.534073772196,79896299.1173,64304.5788041,2034-12-08,22.1747752182,0,0,0,1787.75526964,0.326307144812,471.435464002,0.08604799708,7,3.25552363642,65.0041607525,easy,
248,1.9002843,0.5490427,8.97249,339.42683,222.03114,138.56908,0.85694707716,2.94362152284,956.811303483,2.61960658038,7.6004591398e-08,0.376249735648,2.2416229469,0.942911038361,339.42683,159.42683,True,True,False,2.40695166204,0.366145297202,0.85694707716,62745.3324346,2030-09-01,2.94362152284,63223.7380863,2031-12-23,0.379549372538,6,62745.33;63702.14;64658.96;65615.77;66572.58;67529.39,6,6,12,6,6,62956.28:2.242;63913.09:2.242;64869.90:2.242;65826.72:2.242;66783.53:2.242;67740.34:2.242,62716.32:0.943;63673.13:0.943;64629.94:0.943;65586.75:0.943;66543.56:0.943;67500.37:0.943,0.0226305305888,3385479.18889,0.97915071488,151.931629391,0.0201622798979,0.169238736885,25317754.678,63695.8597613,2033-04-08,11.0961128465,0,0,0,1376.31159321,0.251209051921,389.946619217,0.0711743772242,6,5.07451039484,68.9103861411,easy,
249,2.0385349,0.5429831,17.09824,311.52793,326.17635,203.16612,0.93164490054,3.14542489946,1063.10375826,2.91061946134,6.8405413490e-08,0.338631104635,0.990645992869,2.61882885595,311.52793,131.52793,True,True,False,2.34107500931,-0.129860715385,0.93164490054,62726.2445562,2030-08-13,3.14542489946,65384.0039518,2037-11-22,0.716060905707,5,62726.24;63789.35;64852.45;65915.56;66978.66,5,5,10,5,5,62752.14:0.991;63815.25:0.991;64878.35:0.991;65941.45:0.991;67004.56:0.991,63508.44:2.619;64571.54:2.619;65634.64:2.619;66697.75:2.619;67760.85:2.619,0.0204731639518,3062741.73368,0.999813352125,313.865084533,0.0125407840551,0.0443744921654,6638329.54134,63815.0743468,2033-08-06,13.5567927991,1,1,0,1176.83889953,0.214800620495,165.477347386,0.0302034857195,5,3.95184157647,58.9171714255,moderate,
250,1.6487207,0.7321107,3.77164,299.94859,315.19266,180.83473,0.441674634219,2.85576676578,773.248458408,2.1170389005,9.4047458324e-08,0.465568338463,0.503501498714,1.59188179794,299.94859,119.94859,True,True,False,2.00359478935,0.128522747325,0.441674634219,65451.0735943,2038-01-28,2.85576676578,62744.7039899,2030-08-31,0.148629969665,7,63131.33;63904.58;64677.83;65451.07;66224.32;66997.57;67770.82,7,7,14,7,7,63142.42:0.504;63915.67:0.504;64688.92:0.504;65462.17:0.504;66235.42:0.504;67008.66:0.504;67781.91:0.504,63033.81:1.592;63807.06:1.592;64580.31:1.592;65353.56:1.592;66126.81:1.592;66900.05:1.592;67673.30:1.592,0.0296737014764,4439122.55665,0.989568670037,147.035582526,-0.0296909692567,0.194227894001,29056079.3731,66948.9423541,2042-03-05,18.6838216406,0,0,0,909.87544484,0.166073546856,857.382630714,0.156492380692,14,1.05174673571,89.1730754005,easy,
251,3.0686144,0.6953931,16.40099,329.9873,214.63901,134.44307,0.934721119679,5.20250768032,1963.41409764,5.37553483268,3.7038570852e-08,0.183354087369,3.70377897617,1.00800527624,329.9873,149.9873,True,True,False,1.37189346177,-0.359791970851,0.934721119679,64393.5853648,2035-03-07,5.20250768032,65375.2924136,2037-11-13,1.05310173631,2,64393.59;66357.00,3,2,5,2,2,62808.02:3.704;64771.43:3.704;66734.85:3.704,64367.91:1.008;66331.33:1.008,0.0141894880638,2122717.20067,0.999730347354,151.842548264,-0.00952594899228,0.251729407966,37658183.4243,64364.9222826,2035-02-06,21.3489721028,0,0,0,408.944018615,0.0746418468838,66.9908294552,0.0122273930103,2,2.20652874119,57.0424167397,moderate,
252,2.6931172,0.6523674,15.97737,21.45675,28.04922,166.76539,0.936215334341,4.45001906566,1614.28907389,4.4196826116,4.5048965110e-08,0.22300838544,0.981741174211,3.64630726491,21.45675,201.45675,True,True,False,3.74998324337,-0.0409965112714,0.936215334341,63680.7794062,2033-03-24,4.45001906566,62873.6348692,2031-01-07,0.833514149884,3,63680.78;65295.07;66909.36,3,3,6,3,3,63660.07:0.982;65274.36:0.982;66888.65:0.982,64090.89:3.646;65705.18:3.646;67319.47:3.646,0.0136228452541,2037948.64289,0.98728220262,19.9093246278,-0.00763328096053,1.00372301103,150154825.223,66936.0860914,2042-02-21,39.8554287457,0,0,0,598.918012592,0.10931654348,101.986038872,0.0186148371202,3,7.60921289336,62.4581708991,moderate,
253,1.3228073,0.4257499,38.24694,116.68273,105.45442,233.7434,0.759622224306,1.88599237569,555.703716482,1.52143385758,1.3086479361e-07,0.647827231171,1.22162503872,0.972680423501,116.68273,296.68273,True,True,False,0.761635799266,0.467102310909,0.759622224306,64729.1146929,2036-02-06,1.88599237569,62784.1516852,2030-10-10,1.1496344337,10,62506.30;63062.00;63617.71;64173.41;64729.11;65284.82;65840.52;66396.23;66951.93;67507.63,10,10,20,20,20,62976.10:1.222;63531.80:1.222;64087.50:1.222;64643.21:1.222;65198.91:1.222;65754.61:1.222;66310.32:1.222;66866.02:1.222;67421.73:1.222;67977.43:1.222,62556.40:0.973;63112.10:0.973;63667.80:0.973;64223.51:0.973;64779.21:0.973;65334.91:0.973;65890.62:0.973;66446.32:0.973;67002.03:0.973;67557.73:0.973,0.0389893699486,5832726.72425,0.984449601963,298.136337224,-0.0196810571799,0.580058339089,86775492.4095,67980.75,2044-12-31,31.6033921502,0,0,0,2576.64727621,0.470298384889,390.44655078,0.0712656264258,20,12.8899745393,62.4213422074,hard,
254,2.6708403,0.7024474,5.85396,13.78257,319.89695,316.82422,0.79471547545,4.54696512455,1594.30096091,4.36495814076,4.5613754209e-08,0.22580429218,0.880093337893,2.92401279004,13.78257,193.78257,True,True,False,4.03743437195,0.149476018176,0.79471547545,64579.8107761,2035-09-09,4.54696512455,66971.2622175,2042-03-28,0.353009502608,4,62985.51;64579.81;66174.11;67768.41,4,4,8,4,4,63009.20:0.880;64603.50:0.880;66197.80:0.880;67792.10:0.880,62729.20:2.924;64323.50:2.924;65917.80:2.924;67512.10:2.924,0.0323244152625,4835663.6949,0.987765490644,31.8332555599,0.0313646029823,0.189848924411,28400994.8466,64596.4196469,2035-09-26,13.8436689795,0,0,0,738.89885026,0.13486631992,404.444634547,0.0738206040697,12,4.11955725018,69.2730268868,easy,
255,1.0548885,0.3501936,1.97262,299.46913,24.07594,218.56549,0.685473298586,1.42430370141,395.738463889,1.08347286486,1.8376291112e-07,0.909691710183,0.701296907974,1.36051847046,299.46913,119.46913,True,True,False,0.832831316177,-0.0210999532068,0.685473298586,62542.690602,2030-02-10,1.42430370141,63136.2982979,2031-09-27,0.0395927152687,14,62542.69;62938.43;63334.17;63729.91;64125.64;64521.38;64917.12;65312.86;65708.60;66104.34;66500.08;66895.81;67291.55;67687.29,14,14,28,14,28,62530.58:0.701;62926.31:0.701;63322.05:0.701;63717.79:0.701;64113.53:0.701;64509.27:0.701;64905.01:0.701;65300.74:0.701;65696.48:0.701;66092.22:0.701;66487.96:0.701;66883.70:0.701;67279.44:0.701;67675.18:0.701,62690.60:1.361;63086.34:1.361;63482.08:1.361;63877.82:1.361;64273.56:1.361;64669.30:1.361;65065.03:1.361;65460.77:1.361;65856.51:1.361;66252.25:1.361;66647.99:1.361;67043.73:1.361;67439.47:1.361;67835.20:1.361,0.0280784140446,4200470.95371,0.988227846623,64.0002748174,0.0280289060102,0.0367616147466,5499459.28958,64452.6534185,2035-05-05,11.4700882799,1,1,0,4498.88413633,0.821151564924,4498.88413633,0.821151564924,15,2.56100854406,71.9397350053,easy,
256,1.3650562,0.3767097,8.6717,358.6164,289.82431,72.9416,0.850826288415,1.87928611159,582.537952053,1.59490199056,1.2483659118e-07,0.617985487008,1.03864715568,1.34290533143,358.6164,178.6164,True,True,False,1.85846216874,0.276925723514,0.850826288415,62829.5826054,2030-11-24,1.87928611159,62538.3136293,2030-02-06,0.277063488081,9,62829.58;63412.12;63994.66;64577.20;65159.73;65742.27;66324.81;66907.35;67489.89,9,10,19,19,19,62884.47:1.039;63467.01:1.039;64049.55:1.039;64632.08:1.039;65214.62:1.039;65797.16:1.039;66379.70:1.039;66962.24:1.039;67544.77:1.039,62722.84:1.343;63305.37:1.343;63887.91:1.343;64470.45:1.343;65052.99:1.343;65635.53:1.343;66218.06:1.343;66800.60:1.343;67383.14:1.343;67965.68:1.343,0.0140831808369,2106813.86588,1.01247707532,353.880336309,-0.0127487185562,0.119527400466,17881044.6,63358.297586,2032-05-06,9.21152537539,0,0,0,2920.10026006,0.532986586367,1699.26738297,0.310156036135,19,5.13956564863,68.0704969361,easy,
257,1.1327841,0.2519251,17.74569,36.09232,76.66188,261.08773,0.847407352329,1.41816084767,440.371438364,1.20567128915,1.6513798542e-07,0.817491709584,1.00261986646,1.12635233597,36.09232,216.09232,True,True,False,1.30127998229,-0.345203290371,0.847407352329,62642.1091446,2030-05-21,1.41816084767,65944.8949323,2039-06-05,0.42931514463,13,62642.11;63082.48;63522.85;63963.22;64403.59;64843.97;65284.34;65724.71;66165.08;66605.45;67045.82;67486.19;67926.57,13,12,25,25,25,62580.92:1.003;63021.30:1.003;63461.67:1.003;63902.04:1.003;64342.41:1.003;64782.78:1.003;65223.15:1.003;65663.52:1.003;66103.90:1.003;66544.27:1.003;66984.64:1.003;67425.01:1.003;67865.38:1.003,62732.97:1.126;63173.34:1.126;63613.71:1.126;64054.08:1.126;64494.46:1.126;64934.83:1.126;65375.20:1.126;65815.57:1.126;66255.94:1.126;66696.31:1.126;67136.68:1.126;67577.06:1.126,0.00719788770489,1076788.67419,0.999470130109,36.8358723042,0.00415068089129,0.037725753844,5643692.44562,63903.2161458,2033-11-02,12.1383172846,2,1,0,5478.75,1,998.863263071,0.182315904736,25,8.4945299059,64.9288759088,moderate,
258,2.0032005,0.5285458,2.34859,306.96917,2.34618,149.82116,0.944417289167,3.06198371083,1035.5833441,2.83527267379,7.0223273270e-08,0.34763015652,0.94469111897,3.05910879754,306.96917,126.96917,True,True,False,2.78850011859,-0.0509701814161,0.944417289167,62840.188083,2030-12-05,3.06198371083,63357.979755,2032-05-05,0.0714849437395,5,62840.19;63875.77;64911.35;65946.94;66982.52,5,5,10,5,5,62838.42:0.945;63874.00:0.945;64909.59:0.945;65945.17:0.945;66980.75:0.945,63339.42:3.059;64375.00:3.059;65410.58:3.059;66446.17:3.059;67481.75:3.059,0.0239310622954,3580035.96298,1.01438060264,272.519098243,-0.023528208212,0.0719603076411,10765108.798,64907.965318,2036-08-02,8.69726102897,1,0,0,1216.33349302,0.222009307419,1216.33349302,0.222009307419,6,6.24246199543,65.2654361879,easy,
259,2.6081047,0.7264292,8.34621,14.76716,103.83136,33.01158,0.713501289263,4.50270811074,1538.45911616,4.21207150215,4.7269408334e-08,0.234000368433,1.49068794209,1.04954203719,14.76716,194.76716,True,True,False,1.58661199824,-0.0164566699981,0.713501289263,62597.3842101,2030-04-06,4.50270811074,63366.6137682,2032-05-14,0.639860306954,4,62597.38;64135.84;65674.30;67212.76,4,4,8,8,8,62510.86:1.491;64049.32:1.491;65587.78:1.491;67126.24:1.491,62644.33:1.050;64182.79:1.050;65721.25:1.050;67259.71:1.050,0.0117847855933,1762978.83141,1.00270229675,190.313066922,0.0114234363006,0.624683172637,93451272.4886,67173.0544332,2042-10-16,37.083469389,0,0,0,602.917465097,0.110046537093,550.424650972,0.100465370928,8,7.86356001558,72.8541765826,easy,
260,1.8760759,0.6999942,47.70709,271.09639,269.11718,159.08211,0.56283365124,3.18931814876,938.5859174,2.56970819275,7.7480442460e-08,0.383555722844,0.967245848612,0.946604655406,271.09639,91.09639,True,True,False,2.1246320948,1.24893170647,0.56283365124,64539.5874803,2035-07-31,3.18931814876,63131.7086042,2031-09-22,2.35898844157,6,62662.42;63601.00;64539.59;65478.17;66416.76;67355.35,6,6,12,12,12,62707.41:0.967;63645.99:0.967;64584.58:0.967;65523.16:0.967;66461.75:0.967;67400.34:0.967,62619.10:0.947;63557.69:0.947;64496.27:0.947;65434.86:0.947;66373.45:0.947;67312.03:0.947,0.0272962061763,4083454.32216,0.963799774978,90.1029641092,0.0183653422901,0.214996404199,32163004.2763,65429.9590087,2038-01-06,28.3416930266,0,0,0,834.385778812,0.152294917419,184.974678347,0.0337622045807,12,20.4864453675,81.0114982977,hard,
261,1.2601754,0.2638519,23.24895,31.55547,46.34009,354.472,0.927675726377,1.59267507362,516.707687661,1.41466854938,1.4074118482e-07,0.696718877223,0.991784179892,1.4335818743,31.55547,211.55547,True,True,False,1.59259391236,-0.462043398993,0.927675726377,62758.0573966,2030-09-14,1.59267507362,63533.1189281,2032-10-28,0.584053479326,11,62758.06;63274.77;63791.47;64308.18;64824.89;65341.60;65858.30;66375.01;66891.72;67408.43;67925.13,11,10,21,21,21,62718.94:0.992;63235.65:0.992;63752.36:0.992;64269.06:0.992;64785.77:0.992;65302.48:0.992;65819.19:0.992;66335.89:0.992;66852.60:0.992;67369.31:0.992;67886.02:0.992,62913.84:1.434;63430.55:1.434;63947.25:1.434;64463.96:1.434;64980.67:1.434;65497.38:1.434;66014.08:1.434;66530.79:1.434;67047.50:1.434;67564.21:1.434,0.00309234358616,462608.015963,0.99223173416,31.4086095901,-0.00109262486814,0.0629942894242,9423811.56412,64269.0499913,2034-11-03,13.1534357278,1,0,0,5478.75,1,691.905283329,0.126288894972,21,1.88434165605,63.1813602018,hard,
262,2.2374745,0.8467604,15.83674,77.65134,234.99443,224.75024,0.34286969739,4.13207930261,1222.46256452,3.34692009451,5.9488162891e-08,0.294487545425,1.23130237245,0.426181055319,77.65134,257.65134,True,True,False,3.72672551004,0.931821111187,0.34286969739,65326.6592726,2037-09-25,4.13207930261,67160.3531194,2042-10-03,0.957224051873,5,62881.73;64104.20;65326.66;66549.12;67771.58,5,5,10,5,5,62938.83:1.231;64161.29:1.231;65383.75:1.231;66606.22:1.231;67828.68:1.231,62872.14:0.426;64094.60:0.426;65317.06:0.426;66539.53:0.426;67761.99:0.426,0.0457562703926,6845040.62191,0.995301722408,68.447827618,-0.0451101685762,0.237161644333,35478877.0039,64065.2431046,2034-04-13,31.4842872228,0,0,0,529.927456885,0.0967241536637,264.963728442,0.0483620768318,5,10.7104766875,98.7100300999,moderate,
263,1.7033695,0.4514134,4.64461,144.35835,197.95871,72.94841,0.934445682549,2.47229331745,812.010652915,2.22316400524,8.9558002602e-08,0.443343937309,2.37699735755,0.948823241974,144.35835,324.35835,True,True,False,1.77787139232,0.139848402945,0.934445682549,62659.4799557,2030-06-07,2.47229331745,63065.4852822,2031-07-18,0.143763304117,7,62659.48;63471.49;64283.50;65095.51;65907.52;66719.53;67531.54,7,7,14,7,7,62972.33:2.377;63784.34:2.377;64596.35:2.377;65408.36:2.377;66220.37:2.377;67032.38:2.377;67844.39:2.377,62645.68:0.949;63457.69:0.949;64269.70:0.949;65081.71:0.949;65893.72:0.949;66705.73:0.949;67517.74:0.949,0.0321733374339,4813062.77342,1.00595844945,302.863818105,0.0299321065824,0.0499211962715,7468104.66501,63435.8105293,2032-07-22,10.2550607845,1,1,0,1788.2552012,0.326398394014,1111.34786477,0.202846975089,7,1.65486111329,64.838180131,easy,
264,2.6346737,0.7089438,8.17004,321.04994,303.04123,190.76754,0.766838115362,4.50250928464,1562.02752064,4.27659827691,4.6556191364e-08,0.23046969099,0.94514212687,2.13623794391,321.04994,141.04994,True,True,False,4.26372862906,0.566691685959,0.766838115362,65058.3488188,2036-12-31,4.50250928464,62715.3075378,2030-08-02,0.567826811569,3,63496.32;65058.35;66620.38,3,3,6,3,3,63530.68:0.945;65092.71:0.945;66654.74:0.945,63342.82:2.136;64904.85:2.136;66466.88:2.136,0.0205578416729,3075409.34046,1.00733124796,328.892835871,0.0197308050516,0.79012121077,118200450.726,66583.6853682,2041-03-05,41.3147816245,0,0,0,502.931152477,0.0917966967789,244.466534355,0.0446208595675,6,8.00257562906,74.4327819458,easy,
265,1.5854827,0.8298543,18.97022,141.40332,47.17056,205.94373,0.269763063829,2.90120233617,729.189973317,1.99641334242,9.9729912406e-08,0.493698505428,0.315588069183,1.13256209283,141.40332,321.40332,True,True,False,2.74129496943,-0.552307744417,0.269763063829,62970.4251894,2031-04-14,2.90120233617,63335.0201761,2032-04-13,0.739228378484,7,62970.43;63699.62;64428.81;65158.00;65887.19;66616.38;67345.57,7,7,14,7,7,62964.90:0.316;63694.09:0.316;64423.28:0.316;65152.47:0.316;65881.66:0.316;66610.85:0.316;67340.04:0.316,63021.52:1.133;63750.71:1.133;64479.90:1.133;65209.09:1.133;65938.28:1.133;66667.47:1.133;67396.66:1.133,0.0256088690141,3831032.27555,1.02103642943,317.303746162,0.0250838196192,0.738280394553,110445175.005,67344.8165677,2043-04-05,48.9481966153,0,0,0,790.891732822,0.144356236883,347.952367917,0.0635094442924,7,6.98836961013,50.6824597939,moderate,
266,1.8534617,0.5713813,5.70303,6.10124,79.73389,221.26848,0.794428344354,2.91249505565,921.666603552,2.52338563601,7.8902774481e-08,0.390596771775,1.13297687933,1.38988411057,6.10124,186.10124,True,True,False,0.872861653127,0.0744321285508,0.794428344354,63398.511565,2032-06-15,2.91249505565,62937.6782632,2031-03-12,0.286779286429,5,63398.51;64320.18;65241.84;66163.51;67085.18,6,6,12,12,12,63339.28:1.133;64260.94:1.133;65182.61:1.133;66104.28:1.133;67025.94:1.133;67947.61:1.133,62565.44:1.390;63487.11:1.390;64408.78:1.390;65330.44:1.390;66252.11:1.390;67173.78:1.390,0.0263088870236,3935753.47921,1.00403528634,20.9700437611,0.0257214134015,0.0955514058626,14294286.8594,66202.9543817,2040-02-18,11.7255185304,1,0,0,1248.32911306,0.227849256319,1248.32911306,0.227849256319,12,2.35268487443,71.1073223348,easy,
267,1.4525646,0.7875134,5.44387,160.47465,108.05991,51.97965,0.308650513134,2.59647868687,639.442666157,1.75069860686,1.1372724408e-07,0.562990271143,0.729917567783,0.443453148505,160.47465,340.47465,True,True,False,1.80461386213,-0.16854964611,0.308650513134,63665.4428702,2033-03-09,2.59647868687,66542.9348679,2041-01-23,0.236812811206,8,63026.00;63665.44;64304.89;64944.33;65583.77;66223.21;66862.66;67502.10,8,8,16,0,8,62997.86:0.730;63637.30:0.730;64276.74:0.730;64916.18:0.730;65555.63:0.730;66195.07:0.730;66834.51:0.730;67473.96:0.730,63038.16:0.443;63677.60:0.443;64317.05:0.443;64956.49:0.443;65595.93:0.443;66235.37:0.443;66874.82:0.443;67514.26:0.443,0.0257272075508,3848735.46865,0.985297290405,144.63093757,-0.0256271570489,0.175065383689,26189408.6332,64991.5237987,2036-10-25,23.0753658409,0,0,0,980.365795237,0.178939684278,704.903503969,0.128661374213,16,3.72585762896,101.151107634,easy,
268,2.2851226,0.5645735,14.38466,116.19778,202.83046,177.43219,0.995002935789,3.57524226421,1261.71912242,3.45439869245,5.7637275107e-08,0.285324993181,3.24556010514,1.02394992467,116.19778,296.19778,True,True,False,3.5688453489,0.386486402966,0.995002935789,64363.2974032,2035-02-05,3.57524226421,63732.437842,2033-05-15,0.609144439634,4,63101.58;64363.30;65625.02;66886.74,4,4,8,4,4,63509.94:3.246;64771.66:3.246;66033.37:3.246;67295.09:3.246,63082.84:1.024;64344.56:1.024;65606.28:1.024;66868.00:1.024,0.00519279562587,776831.168611,1.02253878477,296.735551015,-0.00246141686987,0.171529811161,25660494.5112,63105.7770369,2031-08-27,11.8162032396,0,0,0,855.382904462,0.156127383885,156.47857925,0.0285610000912,4,1.82254255051,66.9340415169,moderate,
269,1.0462949,0.2614281,13.47265,104.47484,294.31512,219.55501,0.772764012253,1.31982578775,390.912528523,1.07026017392,1.8603152076e-07,0.920922134064,0.880053504877,1.09237407123,104.47484,284.47484,True,True,False,0.806064034212,-0.183352362109,0.772764012253,62916.1548534,2031-02-19,1.31982578775,63111.6111177,2031-09-02,0.300425178242,14,62525.24;62916.15;63307.07;63697.98;64088.89;64479.80;64870.72;65261.63;65652.54;66043.46;66434.37;66825.28;67216.19;67607.11,14,14,28,28,28,62569.41:0.880;62960.33:0.880;63351.24:0.880;63742.15:0.880;64133.06:0.880;64523.98:0.880;64914.89:0.880;65305.80:0.880;65696.71:0.880;66087.63:0.880;66478.54:0.880;66869.45:0.880;67260.36:0.880;67651.28:0.880,62823.93:1.092;63214.84:1.092;63605.75:1.092;63996.67:1.092;64387.58:1.092;64778.49:1.092;65169.40:1.092;65560.32:1.092;65951.23:1.092;66342.14:1.092;66733.05:1.092;67123.97:1.092;67514.88:1.092;67905.79:1.092,0.0474409812358,7097069.7768,1.04852288418,292.948988066,-0.0369943953126,0.107212139279,16038707.7493,66356.1335415,2040-07-21,12.3354295534,0,0,0,4888.83075554,0.892325942148,1445.30214892,0.263801441737,28,5.97278825104,67.5059587065,moderate,
270,1.6131222,0.4573236,7.03616,90.70575,25.18669,271.98435,0.875403348256,2.35084105174,748.340636514,2.04884500072,9.7177740481e-08,0.481064347483,0.902324421954,2.17646144057,90.70575,270.70575,True,True,False,2.35069352443,-0.119353405184,0.875403348256,62879.6415162,2031-01-13,2.35084105174,62505.471198,2030-01-04,0.218342824209,7,62879.64;63627.98;64376.32;65124.66;65873.00;66621.34;67369.69,7,7,14,7,7,62861.95:0.902;63610.29:0.902;64358.63:0.902;65106.97:0.902;65855.31:0.902;66603.65:0.902;67351.99:0.902,63135.05:2.176;63883.39:2.176;64631.73:2.176;65380.07:2.176;66128.41:2.176;66876.75:2.176;67625.09:2.176,0.0459982415061,6881238.98525,0.964875052304,70.821116295,-0.040470098489,0.0788691863413,11798662.3405,62857.3215209,2030-12-22,9.01929204186,1,0,0,1827.24986313,0.333515831736,594.918560088,0.108586549868,7,2.32840505063,50.0425926768,easy,
271,1.7609225,0.4444335,15.73453,210.87182,191.27555,236.60693,0.978309550096,2.5435354499,853.51034797,2.33678397802,8.5203480355e-08,0.42178750481,2.50485851369,0.984154362607,210.87182,30.87182,True,True,False,1.7777565891,-0.375916193925,0.978309550096,63199.5686463,2031-11-29,2.5435354499,64479.8341682,2035-06-01,0.471279888254,6,63199.57;64053.08;64906.59;65760.10;66613.61;67467.12,7,6,13,6,6,62711.18:2.505;63564.69:2.505;64418.21:2.505;65271.72:2.505;66125.23:2.505;66978.74:2.505;67832.25:2.505,63190.32:0.984;64043.83:0.984;64897.34:0.984;65750.85:0.984;66604.36:0.984;67457.87:0.984,0.0109828309822,1643008.12919,0.984565905101,30.4973030424,0.00181315445265,0.349772041114,52325152.581,63215.7703909,2031-12-15,16.3777318892,0,0,0,1514.79263619,0.276485080756,215.970435259,0.039419655078,6,5.26055571107,62.2003410524,moderate,
272,1.0011647,0.6323842,2.63724,19.28184,200.25742,283.91195,0.368043962122,1.63428543788,365.895206193,1.00176647828,1.9875103837e-07,0.983888266113,1.47711678813,0.377079538072,19.28184,199.28184,True,True,False,1.52275924407,0.00425087475227,0.368043962122,62740.9148602,2030-08-27,1.63428543788,62557.9672571,2030-02-25,0.0471695997374,15,62740.91;63106.81;63472.71;63838.60;64204.50;64570.39;64936.29;65302.18;65668.08;66033.97;66399.87;66765.76;67131.66;67497.55;67863.45,15,15,30,15,15,62857.64:1.477;63223.54:1.477;63589.44:1.477;63955.33:1.477;64321.23:1.477;64687.12:1.477;65053.02:1.477;65418.91:1.477;65784.81:1.477;66150.70:1.477;66516.60:1.477;66882.49:1.477;67248.39:1.477;67614.28:1.477;67980.18:1.477,62737.26:0.377;63103.16:0.377;63469.05:0.377;63834.95:0.377;64200.84:0.377;64566.74:0.377;64932.64:0.377;65298.53:0.377;65664.43:0.377;66030.32:0.377;66396.22:0.377;66762.11:0.377;67128.01:0.377;67493.90:0.377;67859.80:0.377,0.0232273201142,3474757.63115,1.00861878662,349.312425158,-0.0232014009373,0.571852342262,85547892.7572,62783.5148812,2030-10-09,38.8322584166,0,0,0,3411.03305502,0.622593302309,3411.03305502,0.622593302309,31,36.0044672255,82.0065881826,easy,
273,1.0798307,0.3558265,10.31047,234.38229,289.53049,130.59771,0.695598321426,1.46406307857,409.856599628,1.1221262139,1.7743291735e-07,0.878355991649,0.84284887385,1.07044645389,234.38229,54.38229,True,True,False,1.45762734213,0.232907716033,0.695598321426,62690.7421392,2030-07-08,1.46406307857,63305.5270387,2032-03-14,0.256711825698,13,62690.74;63100.60;63510.46;63920.31;64330.17;64740.03;65149.88;65559.74;65969.59;66379.45;66789.31;67199.16;67609.02,13,14,27,27,27,62731.58:0.843;63141.44:0.843;63551.29:0.843;63961.15:0.843;64371.01:0.843;64780.86:0.843;65190.72:0.843;65600.58:0.843;66010.43:0.843;66420.29:0.843;66830.15:0.843;67240.00:0.843;67649.86:0.843,62613.08:1.070;63022.93:1.070;63432.79:1.070;63842.64:1.070;64252.50:1.070;64662.36:1.070;65072.21:1.070;65482.07:1.070;65891.93:1.070;66301.78:1.070;66711.64:1.070;67121.50:1.070;67531.35:1.070;67941.21:1.070,0.034334930044,5136432.42521,1.00162303164,64.3039790278,-0.0313805682448,0.0636993807586,9529291.72639,67953.7860569,2044-12-04,13.2139305628,1,0,0,4611.36873802,0.841682635277,1556.78688749,0.284150013687,27,6.36687173498,70.787585883,moderate,
274,1.9415749,0.5246188,9.1404,308.19497,38.36743,78.22634,0.922988205852,2.96016159415,988.165416091,2.70544946226,7.3592994637e-08,0.364311474717,0.997080529231,2.39046392753,308.19497,128.19497,True,True,False,2.94962614934,-0.319428705957,0.922988205852,62961.6070438,2031-04-05,2.96016159415,63455.6897519,2032-08-11,0.381561948583,6,62961.61;63949.77;64937.94;65926.10;66914.27;67902.43,6,5,11,6,6,62932.14:0.997;63920.31:0.997;64908.47:0.997;65896.64:0.997;66884.81:0.997;67872.97:0.997,63206.36:2.390;64194.53:2.390;65182.69:2.390;66170.86:2.390;67159.02:2.390,0.0111968366324,1675022.91878,1.01105614949,304.923529167,-0.00928295518087,0.0343599800561,5140179.85368,64903.3967589,2036-07-29,12.2791093352,1,1,0,1349.3152888,0.246281595036,388.946756091,0.0709918788211,6,2.03580633101,66.47638753,easy,
275,2.1642406,0.6038118,23.29362,344.4869,122.66643,257.42502,0.857446587681,3.47103461232,1162.93846882,3.18395200225,6.2533017968e-08,0.309560660045,2.04004541991,1.03716496418,344.4869,164.4869,True,True,False,2.2562403902,-0.118440032686,0.857446587681,62694.2951082,2030-07-12,3.47103461232,63275.7643426,2032-02-13,1.24413267873,5,62694.30;63857.23;65020.17;66183.11;67346.05,5,5,10,5,5,62532.43:2.040;63695.37:2.040;64858.31:2.040;66021.24:2.040;67184.18:2.040,62735.95:1.037;63898.89:1.037;65061.83:1.037;66224.77:1.037;67387.71:1.037,0.0329228561326,4925189.17481,1.01593634202,161.564528409,0.0222944055692,0.035752683451,5348525.31609,66221.7887872,2040-03-08,17.8975509011,1,1,0,1073.35306597,0.19591203577,130.482137969,0.0238160416096,5,4.30926601126,69.6143864153,hard,
276,2.3588705,0.5957228,6.73598,0.07695,336.92428,222.78244,0.953637560903,3.7641034391,1323.28861374,3.62296677272,5.4955548934e-08,0.272049495676,0.983000352447,3.36711339777,0.07695,180.07695,True,True,False,3.64830729878,0.0828411659916,0.953637560903,63027.6731547,2031-06-10,3.7641034391,63689.3174616,2033-04-02,0.296031370649,4,63027.67;64350.96;65674.25;66997.54,4,5,9,4,4,63045.29:0.983;64368.58:0.983;65691.87:0.983;67015.15:0.983,62615.72:3.367;63939.01:3.367;65262.29:3.367;66585.58:3.367;67908.87:3.367,0.0116679793447,1745504.86534,0.997198033671,4.96230969397,0.010029805256,0.060983967625,9123071.70353,65682.0804266,2038-09-16,9.8322823967,1,0,0,840.884889132,0.15348115704,345.452710101,0.0630531982845,4,6.97325499181,64.9316198314,easy,
277,2.0579468,0.5333723,40.35278,58.22184,0.56745,190.73985,0.960294982006,3.15559861799,1078.32492126,2.95229273444,6.7439832589e-08,0.333851136057,0.960311364172,3.15542173188,58.22184,238.22184,True,True,False,2.62045381478,-0.98163865107,0.960294982006,62785.3178044,2030-10-11,3.15559861799,65481.1301075,2038-02-27,1.13420015487,5,62785.32;63863.64;64941.97;66020.29;67098.62,5,5,10,5,5,62784.88:0.960;63863.21:0.960;64941.53:0.960;66019.86:0.960;67098.18:0.960,63319.76:3.155;64398.08:3.155;65476.41:3.155;66554.73:3.155;67633.06:3.155,0.0280022533851,4189077.48121,0.96031017942,58.237770162,0.000226854505472,0.735357522457,110007919.563,62785.2960258,2030-10-11,32.5654435476,0,0,0,1124.84601697,0.205310703531,70.99028196,0.0129573866229,5,7.39457831546,55.3649055213,hard,
278,2.3312231,0.8971259,8.35561,297.22413,233.21614,305.60595,0.239822478312,4.42262372169,1300.09229273,3.55945870699,5.5936068980e-08,0.27690341833,0.983082730237,0.295975970714,297.22413,117.22413,True,True,False,2.82961275482,0.395094835241,0.239822478312,62696.529196,2030-07-14,4.42262372169,64646.6676351,2035-11-15,0.529139478444,5,62696.53;63996.62;65296.71;66596.81;67896.90,5,5,10,5,5,62734.69:0.983;64034.78:0.983;65334.87:0.983;66634.97:0.983;67935.06:0.983,62691.20:0.296;63991.29:0.296;65291.38:0.296;66591.48:0.296;67891.57:0.296,0.00321760939645,481347.514454,1.01755469116,298.471468381,0.00325336309012,0.463663173375,69363023.4589,62728.8219332,2030-08-15,47.3997112703,0,0,0,485.933479332,0.0886942239255,242.966739666,0.0443471119628,5,4.39230477145,112.708181131,easy,
279,1.8785895,0.6542666,7.14292,178.12913,284.6217,101.58131,0.649491135039,3.10768786496,940.472850349,2.5748743336,7.7324988318e-08,0.382786169602,0.922131874728,1.28699143964,178.12913,358.12913,True,True,False,2.8567115486,0.300751574034,0.649491135039,62815.5721891,2030-11-10,3.10768786496,63285.8086143,2032-02-23,0.378267132025,6,62815.57;63756.05;64696.52;65636.99;66577.46;67517.94,6,6,12,12,12,62855.71:0.922;63796.18:0.922;64736.65:0.922;65677.12:0.922;66617.60:0.922;67558.07:0.922,62741.46:1.287;63681.93:1.287;64622.41:1.287;65562.88:1.287;66503.35:1.287;67443.82:1.287,0.0167551451295,2506534.03465,0.994718684586,185.657250231,0.016329265646,0.203400459887,30428275.6985,66624.1877406,2041-04-15,24.4924970973,0,0,0,933.372228306,0.17036225933,808.389337531,0.147549958938,12,3.75947011539,75.7309615503,easy,
280,1.4898909,0.3766319,36.78219,164.91856,342.88937,212.02017,0.92875045954,2.05103134046,664.247805448,1.818611377,1.0948030474e-07,0.541966412304,0.940135017279,1.9976105856,164.91856,344.91856,True,True,False,2.03696010865,0.178978972783,0.92875045954,62801.5380479,2030-10-27,2.05103134046,63133.6619506,2031-09-24,0.931164443778,8,62801.54;63465.79;64130.03;64794.28;65458.53;66122.78;66787.02;67451.27,8,9,17,8,17,62814.89:0.940;63479.14:0.940;64143.39:0.940;64807.63:0.940;65471.88:0.940;66136.13:0.940;66800.38:0.940;67464.62:0.940,62532.87:1.998;63197.12:1.998;63861.37:1.998;64525.62:1.998;65189.87:1.998;65854.11:1.998;66518.36:1.998;67182.61:1.998;67846.86:1.998,0.0518899608593,7762627.65526,0.940936290698,165.390290153,0.00579153528841,0.38272301841,57254548.6221,65471.4232066,2038-02-17,23.2879526897,0,0,0,2379.17430879,0.434254950269,127.982480153,0.0233597956018,8,7.94634537116,62.8331973085,hard,
281,1.2314876,0.4863989,21.38605,21.49671,87.27348,151.67492,0.632493385996,1.830481814,499.164270707,1.36663729146,1.4568761515e-07,0.721205465067,0.918877039634,0.962405031711,21.49671,201.49671,True,True,False,0.670052083165,0.208757099719,0.632493385996,62986.3495805,2031-04-30,1.830481814,62736.7674452,2030-08-23,0.667117871752,11,62986.35;63485.51;63984.68;64483.84;64983.01;65482.17;65981.34;66480.50;66979.66;67478.83;67977.99,11,11,22,22,22,62938.14:0.919;63437.31:0.919;63936.47:0.919;64435.63:0.919;64934.80:0.919;65433.96:0.919;65933.13:0.919;66432.29:0.919;66931.45:0.919;67430.62:0.919;67929.78:0.919,62540.44:0.962;63039.60:0.962;63538.77:0.962;64037.93:0.962;64537.10:0.962;65036.26:0.962;65535.43:0.962;66034.59:0.962;66533.75:0.962;67032.92:0.962;67532.08:0.962,0.0247753407123,3706338.21642,0.989112412429,204.398675172,-0.0196066481521,0.0748442135007,11196534.9739,65537.804455,2038-04-24,19.7496897969,1,0,0,2482.16021079,0.453052285792,677.407267999,0.123642668127,22,10.7419562889,74.7978012958,hard,
282,2.8622597,0.6655032,31.15841,137.24402,32.40405,43.30448,0.957416710419,4.76710268958,1768.73178617,4.842523713,4.1115364543e-08,0.203535664827,1.0209381731,3.63957894716,137.24402,317.24402,True,True,False,2.85635611893,-1.45894952218,0.957416710419,62755.9706466,2030-09-11,4.76710268958,63640.3365396,2033-02-12,1.75322956797,3,62755.97;64524.70;66293.43,3,3,6,3,3,62731.04:1.021;64499.78:1.021;66268.51:1.021,63145.45:3.640;64914.18:3.640;66682.91:3.640,0.0315792755299,4724192.37752,1.01531611922,138.456840231,0.012992617886,0.669042386088,100087316.367,67980.75,2044-12-31,20.0350875607,0,0,0,604.417259786,0.110320284698,54.9924719409,0.0100374121726,3,13.1656721144,67.2025427744,hard,
283,1.6012102,0.3935463,8.07603,111.95181,136.69473,46.4839,0.971059850268,2.23136054973,740.066846065,2.02619259703,9.8264167018e-08,0.486442544906,1.89629072618,1.05195123121,111.95181,291.95181,True,True,False,1.28252630777,0.14713342919,0.971059850268,62584.5748219,2030-03-24,2.23136054973,62954.608245,2031-03-29,0.276247046695,8,62584.57;63324.64;64064.71;64804.78;65544.84;66284.91;67024.98;67765.04,7,8,15,8,15,63123.18:1.896;63863.25:1.896;64603.32:1.896;65343.38:1.896;66083.45:1.896;66823.52:1.896;67563.58:1.896,62622.19:1.052;63362.26:1.052;64102.33:1.052;64842.39:1.052;65582.46:1.052;66322.53:1.052;67062.59:1.052;67802.66:1.052,0.0192716233857,2882993.82343,1.03010942189,285.860871454,0.0155075173816,0.151616340804,22681481.7476,67737.3674012,2044-05-02,9.00314852432,0,0,0,2159.20442102,0.394105301579,695.904735834,0.127018888585,15,3.91284129934,46.9329736308,easy,
284,2.0839918,0.6247885,1.79833,271.37599,90.51293,226.65995,0.781937689266,3.38604591073,1098.86017921,3.00851520661,6.6179531793e-08,0.327612199268,1.27762944082,1.26341678431,271.37599,91.37599,True,True,False,2.35085252163,-0.0538147509355,0.781937689266,66002.4464703,2039-08-02,3.38604591073,66551.8765599,2041-02-01,0.1062569672,5,62705.87;63804.73;64903.59;66002.45;67101.31,5,5,10,10,10,62633.74:1.278;63732.60:1.278;64831.46:1.278;65930.32:1.278;67029.18:1.278,62776.50:1.263;63875.36:1.263;64974.22:1.263;66073.08:1.263;67171.94:1.263,0.0128675680712,1924960.78454,1.01882738041,295.165843274,0.0129024756707,0.584223001005,87398516.9643,67058.1202842,2042-06-23,32.6078917483,0,0,0,956.369080208,0.174559722602,956.369080208,0.174559722602,10,7.68613553528,48.1099602611,easy,
285,1.806807,0.4745797,35.13666,193.47036,135.81748,157.21145,0.949333075982,2.66428092402,887.086711492,2.42871105131,8.1978515994e-08,0.405822785232,2.12207897124,1.04441819683,193.47036,13.47036,True,True,False,1.3433812857,0.60000822765,0.949333075982,62586.7840113,2030-03-26,2.66428092402,63030.3273671,2031-06-13,1.32173800157,7,62586.78;63473.87;64360.96;65248.04;66135.13;67022.22;67909.30,6,7,13,7,7,63261.25:2.122;64148.34:2.122;65035.43:2.122;65922.51:2.122;66809.60:2.122;67696.69:2.122,62623.24:1.044;63510.32:1.044;64397.41:1.044;65284.50:1.044;66171.58:1.044;67058.67:1.044;67945.76:1.044,0.0399655921954,5978767.4937,1.03740141529,12.1671715721,0.0166022869849,0.102301840956,15304137.5757,63509.9169856,2032-10-04,20.4617968721,0,0,0,1624.77758007,0.296559905101,125.482822338,0.0229035495939,7,4.35769680422,65.4494943649,hard,
286,1.2294271,0.3545467,10.38842,241.00265,245.9192,142.48936,0.793537778804,1.6653164212,497.912007633,1.36320878202,1.4605402371e-07,0.723019317633,1.25668003261,0.939039062276,241.00265,61.00265,True,True,False,0.795905897593,-0.138342774893,0.793537778804,62994.5725769,2031-05-08,1.6653164212,66231.0006265,2040-03-18,0.291117987289,11,62994.57;63492.48;63990.40;64488.31;64986.22;65484.13;65982.04;66479.96;66977.87;67475.78;67973.69,11,11,22,22,22,62598.06:1.257;63095.97:1.257;63593.88:1.257;64091.79:1.257;64589.70:1.257;65087.62:1.257;65585.53:1.257;66083.44:1.257;66581.35:1.257;67079.26:1.257;67577.18:1.257,62948.83:0.939;63446.74:0.939;63944.65:0.939;64442.56:0.939;64940.47:0.939;65438.39:0.939;65936.30:0.939;66434.21:0.939;66932.12:0.939;67430.03:0.939;67927.95:0.939,0.0266439264453,3985874.66331,0.975187357711,53.7997540489,0.0224097006563,0.137135720735,20515211.8189,65546.7731783,2038-05-03,13.3649451872,0,0,0,3989.95380509,0.728259877726,1582.28339721,0.288803722967,22,4.5260756678,68.1283598392,moderate,
287,2.8115977,0.6453388,9.76964,79.08291,348.67889,91.86834,0.997164614199,4.6260307858,1721.98036856,4.71452530749,4.2231638347e-08,0.20906161683,1.00483320806,4.46784708947,79.08291,259.08291,True,True,False,1.03253619056,0.0388273267991,0.997164614199,64204.5288539,2034-08-30,4.6260307858,63343.5386696,2032-04-21,0.429867335025,3,64204.53;65926.51;67648.49,3,3,6,3,3,64213.49:1.005;65935.47:1.005;67657.45:1.005,63531.05:4.468;65253.03:4.468;66975.01:4.468,0.0182093865842,2724085.45975,1.00195788691,76.7539119897,-0.00701066791365,0.121000092275,18101356.1589,62502,2030-01-01,12.739465717,0,0,0,668.408499863,0.122000182498,183.97481522,0.0335797061776,4,3.71339848022,66.6543713087,easy,
288,1.4205196,0.3100408,9.33904,83.16315,337.96093,180.11822,0.9801005668,1.8609386332,618.399703243,1.69308611429,1.1759716537e-07,0.582147756722,0.997348247071,1.80177618752,83.16315,263.16315,True,True,False,1.80435482087,0.00259147022312,0.9801005668,62745.7961825,2030-09-01,1.8609386332,63054.9960341,2031-07-07,0.247610307538,9,62745.80;63364.20;63982.60;64601.00;65219.39;65837.79;66456.19;67074.59;67692.99,9,9,18,9,18,62764.98:0.997;63383.38:0.997;64001.77:0.997;64620.17:0.997;65238.57:0.997;65856.97:0.997;66475.37:0.997;67093.77:0.997;67712.17:0.997,62503.48:1.802;63121.88:1.802;63740.28:1.802;64358.68:1.802;64977.07:1.802;65595.47:1.802;66213.87:1.802;66832.27:1.802;67450.67:1.802,0.0112459511308,1682370.34316,0.99441392664,81.2355110482,-0.00550087051551,0.527436973305,78903448.1348,66421.8691078,2040-09-24,19.8852358068,0,0,0,3024.58595675,0.552057669495,598.418081029,0.109225294279,9,5.07829550571,63.2938681395,easy,
289,1.9169005,0.6086928,5.82974,188.72262,271.31616,287.56027,0.750096967334,3.08370403267,969.388320515,2.65404057636,7.5018494268e-08,0.371368204445,1.19003737965,1.22378564461,188.72262,8.72262,True,True,False,1.83279620996,0.107992371966,0.750096967334,63333.838386,2032-04-11,3.08370403267,63818.5325463,2033-08-09,0.313169806385,5,63333.84;64303.23;65272.62;66242.00;67211.39,5,5,10,10,10,63398.97:1.190;64368.35:1.190;65337.74:1.190;66307.13:1.190;67276.52:1.190,63265.17:1.224;64234.56:1.224;65203.95:1.224;66173.34:1.224;67142.72:1.224,0.0327587564975,4900640.21881,1.00000630252,170.280031894,-0.032283370697,0.096419103108,14424092.5198,64257.2043818,2034-10-22,18.2188185087,1,0,0,914.374828908,0.166894789671,914.374828908,0.166894789671,10,4.71527441179,71.366376966,easy,
290,2.2370779,0.7053356,7.30064,21.40878,247.02418,121.10523,0.659187217157,3.81496858284,1222.13755043,3.34603025442,5.9503983116e-08,0.294565861162,1.55122175286,0.881451857719,21.40878,201.40878,True,True,False,3.71083481464,0.400955988639,0.659187217157,66899.5565045,2042-01-15,3.81496858284,65066.3501789,2037-01-08,0.457896300491,4,63233.14;64455.28;65677.42;66899.56,4,4,8,8,8,63327.66:1.551;64549.80:1.551;65771.93:1.551;66994.07:1.551,63198.86:0.881;64421.00:0.881;65643.13:0.881;66865.27:0.881,0.027474988633,4110199.79701,0.993752067641,189.249670979,0.0268060010593,0.189497488892,28348420.8412,64410.9522283,2035-03-24,25.955810444,0,0,0,583.920065699,0.106579067433,486.433410895,0.0887854731271,8,6.98504267473,77.9761236051,easy,
291,2.0010871,0.6036324,3.57805,158.02876,300.30027,146.22873,0.793166091218,3.20900810878,1033.94494758,2.83078698859,7.0334549568e-08,0.34818101374,0.975006866704,1.82895953487,158.02876,338.02876,True,True,False,2.95058422548,0.118790097044,0.793166091218,62847.9108491,2030-12-12,3.20900810878,63364.8833229,2032-05-12,0.184037816755,5,62847.91;63881.86;64915.80;65949.75;66983.69,5,6,11,5,11,62886.96:0.975;63920.91:0.975;64954.85:0.975;65988.80:0.975;67022.74:0.975,62711.27:1.829;63745.22:1.829;64779.16:1.829;65813.11:1.829;66847.05:1.829;67881.00:1.829,0.00249096209166,372642.624907,0.990772837813,160.28115737,0.00243484960324,0.0525456596633,7860718.80016,62806.0584017,2030-11-01,14.3150266953,1,0,0,1092.85039693,0.199470754631,1092.85039693,0.199470754631,11,2.11372352302,69.854838833,easy,
292,1.3473749,0.4608939,2.51747,126.7835,42.72015,112.54924,0.726378027577,1.96837177242,571.256435895,1.56401488267,1.2730193937e-07,0.630189836611,0.792735034334,1.60443544158,126.7835,306.7835,True,True,False,1.91978069321,-0.0704764401254,0.726378027577,66733.9685876,2041-08-02,1.96837177242,63020.8017542,2031-06-03,0.0741910596986,10,62735.17;63306.43;63877.69;64448.94;65020.20;65591.46;66162.71;66733.97;67305.23;67876.48,10,9,19,0,19,62711.61:0.793;63282.86:0.793;63854.12:0.793;64425.38:0.793;64996.63:0.793;65567.89:0.793;66139.15:0.793;66710.40:0.793;67281.66:0.793;67852.91:0.793,62878.65:1.604;63449.90:1.604;64021.16:1.604;64592.41:1.604;65163.67:1.604;65734.93:1.604;66306.18:1.604;66877.44:1.604;67448.70:1.604,0.026110621043,3906093.31068,0.981253941218,89.7070966658,-0.0260004379997,0.0814145300878,12179440.3452,67255.5563286,2043-01-06,10.7842957284,1,0,0,2316.18293184,0.422757550871,2316.18293184,0.422757550871,20,0.617820096885,71.7500657704,easy,
293,1.1141409,0.8020542,2.35416,51.88447,317.76389,337.73685,0.220539511763,2.00774228824,429.544935649,1.17602994017,1.6930022014e-07,0.838096250527,0.249352319236,0.978457343952,51.88447,231.88447,True,True,False,0.445185814245,-0.0117731580338,0.220539511763,62944.7436963,2031-03-19,2.00774228824,63159.5161641,2031-10-20,0.0614952312473,13,62515.20;62944.74;63374.29;63803.83;64233.38;64662.92;65092.47;65522.01;65951.56;66381.10;66810.65;67240.19;67669.74,13,12,25,12,12,62518.79:0.249;62948.34:0.249;63377.88:0.249;63807.43:0.249;64236.97:0.249;64666.52:0.249;65096.06:0.249;65525.61:0.249;65955.15:0.249;66384.70:0.249;66814.24:0.249;67243.79:0.249;67673.33:0.249,62901.97:0.978;63331.52:0.978;63761.06:0.978;64190.61:0.978;64620.15:0.978;65049.70:0.978;65479.24:0.978;65908.79:0.978;66338.33:0.978;66767.88:0.978;67197.42:0.978;67626.97:0.978,0.000998304334212,149344.202709,1.01134724882,230.462256926,0.0010319421223,0.121495786906,18175511.0202,62555.7288744,2030-02-23,30.8102334687,0,0,0,1728.7633452,0.315539739027,1728.7633452,0.315539739027,25,6.46935615354,114.908001841,easy,
294,0.7812752,0.336871,3.7759,187.91609,60.17505,43.25244,0.518086242101,1.0444641579,252.234498256,0.690580419591,2.8831128442e-07,1.42724330926,0.59322375123,0.832012706109,187.91609,7.91609,True,True,False,0.906807786795,-0.0151501402224,0.518086242101,62935.3366058,2031-03-10,1.0444641579,63313.6883532,2032-03-22,0.065759427387,22,62683.10;62935.34;63187.57;63439.81;63692.04;63944.27;64196.51;64448.74;64700.98;64953.21;65205.45;65457.68;65709.92;65962.15;66214.39;66466.62;66718.85;66971.09;67223.32;67475.56;67727.79;67980.03,22,21,43,21,21,62661.46:0.593;62913.69:0.593;63165.93:0.593;63418.16:0.593;63670.39:0.593;63922.63:0.593;64174.86:0.593;64427.10:0.593;64679.33:0.593;64931.57:0.593;65183.80:0.593;65436.04:0.593;65688.27:0.593;65940.51:0.593;66192.74:0.593;66444.97:0.593;66697.21:0.593;66949.44:0.593;67201.68:0.593;67453.91:0.593;67706.15:0.593;67958.38:0.593,62740.68:0.832;62992.91:0.832;63245.15:0.832;63497.38:0.832;63749.62:0.832;64001.85:0.832;64254.09:0.832;64506.32:0.832;64758.55:0.832;65010.79:0.832;65263.02:0.832;65515.26:0.832;65767.49:0.832;66019.73:0.832;66271.96:0.832;66524.20:0.832;66776.43:0.832;67028.67:0.832;67280.90:0.832;67533.13:0.832;67785.37:0.832,0.035309417295,5282213.64299,0.984381706422,39.6598551522,-0.034159779042,0.035310482627,5282373.01439,67565.3602801,2043-11-12,8.01415753215,2,1,0,3223.55871886,0.58837485172,3223.55871886,0.58837485172,22,1.3443254344,77.97638218,easy,
295,1.8981802,0.4494911,12.40454,84.2559,193.42209,213.36925,1.0449650939,2.7513953061,955.222591779,2.61525692479,7.6131001080e-08,0.376875508492,2.69137354024,1.05389155892,84.2559,264.2559,True,True,False,1.14517909755,0.12560917547,1.0449650939,64454.7372338,2035-05-07,2.7513953061,63021.9033461,2031-06-04,0.409259785969,6,62544.29;63499.51;64454.74;65409.96;66365.18;67320.41,6,6,12,6,6,62939.36:2.691;63894.58:2.691;64849.81:2.691;65805.03:2.691;66760.25:2.691;67715.47:2.691,62532.14:1.054;63487.36:1.054;64442.59:1.054;65397.81:1.054;66353.03:1.054;67308.25:1.054,0.0345150737653,5163381.54235,1.05080834977,266.751613763,-0.0100636862636,0.382121364429,57164542.4675,66383.5493935,2040-08-17,16.1072242675,0,0,0,1367.81275664,0.249657815494,284.461059403,0.051920795693,6,4.96818002366,64.258765029,moderate,
296,0.6352314,0.5311116,18.943,37.00648,353.01317,64.98426,0.297852634776,0.972610165224,184.925313286,0.506297914541,3.9325093398e-07,1.9467318649,0.298621849126,0.964497486906,37.00648,217.00648,True,True,False,0.742221443338,0.185753240596,0.297852634776,62830.9466122,2030-11-25,0.972610165224,62553.5586423,2030-02-21,0.188554673341,29,62646.02;62830.95;63015.87;63200.80;63385.72;63570.65;63755.57;63940.50;64125.42;64310.35;64495.27;64680.20;64865.13;65050.05;65234.98;65419.90;65604.83;65789.75;65974.68;66159.60;66344.53;66529.45;66714.38;66899.30;67084.23;67269.15;67454.08;67639.00;67823.93,29,30,59,30,30,62646.95:0.299;62831.88:0.299;63016.80:0.299;63201.73:0.299;63386.66:0.299;63571.58:0.299;63756.51:0.299;63941.43:0.299;64126.36:0.299;64311.28:0.299;64496.21:0.299;64681.13:0.299;64866.06:0.299;65050.98:0.299;65235.91:0.299;65420.83:0.299;65605.76:0.299;65790.68:0.299;65975.61:0.299;66160.54:0.299;66345.46:0.299;66530.39:0.299;66715.31:0.299;66900.24:0.299;67085.16:0.299;67270.09:0.299;67455.01:0.299;67639.94:0.299;67824.86:0.299,62563.43:0.964;62748.36:0.964;62933.28:0.964;63118.21:0.964;63303.13:0.964;63488.06:0.964;63672.99:0.964;63857.91:0.964;64042.84:0.964;64227.76:0.964;64412.69:0.964;64597.61:0.964;64782.54:0.964;64967.46:0.964;65152.39:0.964;65337.31:0.964;65522.24:0.964;65707.16:0.964;65892.09:0.964;66077.01:0.964;66261.94:0.964;66446.86:0.964;66631.79:0.964;66816.72:0.964;67001.64:0.964;67186.57:0.964;67371.49:0.964;67556.42:0.964;67741.34:0.964;67926.27:0.964,0.0403011899068,6028972.19673,0.968874374183,214.870720342,0.0123916070899,0.0436582271047,6531177.8134,67740.6023106,2044-05-05,12.4577723172,2,1,0,2690.13174103,0.491011953645,1600.78086504,0.292179943425,30,2.04589485316,93.8120596427,moderate,
297,0.6950149,0.3798994,24.30945,81.11844,183.66291,303.05126,0.430979156499,0.959050643501,211.636026898,0.579427862828,3.4361849082e-07,1.70103363438,0.9578518783,0.431221678467,81.11844,261.11844,True,True,False,0.431486137948,0.00506016698694,0.430979156499,62503.2950644,2030-01-02,0.959050643501,67265.1056696,2043-01-16,0.271697708649,26,62503.30;62714.93;62926.57;63138.20;63349.84;63561.48;63773.11;63984.75;64196.38;64408.02;64619.66;64831.29;65042.93;65254.56;65466.20;65677.84;65889.47;66101.11;66312.74;66524.38;66736.02;66947.65;67159.29;67370.92;67582.56;67794.20,26,26,52,26,26,62604.68:0.958;62816.32:0.958;63027.96:0.958;63239.59:0.958;63451.23:0.958;63662.86:0.958;63874.50:0.958;64086.14:0.958;64297.77:0.958;64509.41:0.958;64721.04:0.958;64932.68:0.958;65144.32:0.958;65355.95:0.958;65567.59:0.958;65779.22:0.958;65990.86:0.958;66202.50:0.958;66414.13:0.958;66625.77:0.958;66837.40:0.958;67049.04:0.958;67260.68:0.958;67472.31:0.958;67683.95:0.958;67895.58:0.958,62502.40:0.431;62714.04:0.431;62925.67:0.431;63137.31:0.431;63348.94:0.431;63560.58:0.431;63772.22:0.431;63983.85:0.431;64195.49:0.431;64407.12:0.431;64618.76:0.431;64830.40:0.431;65042.03:0.431;65253.67:0.431;65465.30:0.431;65676.94:0.431;65888.58:0.431;66100.21:0.431;66311.85:0.431;66523.48:0.431;66735.12:0.431;66946.76:0.431;67158.39:0.431;67370.03:0.431;67581.66:0.431;67793.30:0.431,0.0265867308902,3977318.33005,0.958079844335,81.4530199599,0.00252720447129,0.0355258685511,5314594.29002,65777.4064819,2038-12-20,13.1277312756,1,1,0,2644.13803723,0.482617027101,928.872844238,0.169541016516,26,3.28022546499,81.7278840329,hard,
298,1.2994529,0.3037728,29.79622,138.73493,299.65389,256.38613,0.904714454099,1.6941913459,541.052291737,1.48132044281,1.3440854660e-07,0.665370067732,1.02542621207,1.38817749185,138.73493,318.73493,True,True,False,1.08650705621,0.124034230961,0.904714454099,62978.8805469,2031-04-22,1.6941913459,62708.3544011,2030-07-26,0.808847385365,10,62978.88;63519.93;64060.99;64602.04;65143.09;65684.14;66225.19;66766.25;67307.30;67848.35,10,10,20,20,20,63029.24:1.025;63570.29:1.025;64111.35:1.025;64652.40:1.025;65193.45:1.025;65734.50:1.025;66275.56:1.025;66816.61:1.025;67357.66:1.025;67898.71:1.025,62849.58:1.388;63390.64:1.388;63931.69:1.388;64472.74:1.388;65013.79:1.388;65554.85:1.388;66095.90:1.388;66636.95:1.388;67178.00:1.388;67719.06:1.388,0.0354861022311,5308645.33321,1.01871195697,137.294807285,-0.0146589347582,0.793860274667,118759806.724,67087.62743,2042-07-22,14.4545565109,0,0,0,3924.96270189,0.716397481522,522.928415001,0.0954466648417,20,9.33143258406,59.7138903854,hard,
299,1.0593695,0.4440101,11.16926,157.86367,296.70833,82.73584,0.588998742368,1.52974025763,398.262691669,1.09038382387,1.8259820387e-07,0.903925995406,0.709026847822,1.0625655439,157.86367,337.86367,True,True,False,1.52973598813,0.265057545007,0.588998742368,62701.5213269,2030-07-19,1.52974025763,62502.389981,2030-01-01,0.282473956708,14,62701.52;63099.78;63498.05;63896.31;64294.57;64692.83;65091.10;65489.36;65887.62;66285.89;66684.15;67082.41;67480.67;67878.94,14,14,28,14,28,62729.05:0.709;63127.31:0.709;63525.57:0.709;63923.83:0.709;64322.10:0.709;64720.36:0.709;65118.62:0.709;65516.89:0.709;65915.15:0.709;66313.41:0.709;66711.67:0.709;67109.94:0.709;67508.20:0.709;67906.46:0.709,62629.67:1.063;63027.93:1.063;63426.19:1.063;63824.46:1.063;64222.72:1.063;64620.98:1.063;65019.24:1.063;65417.51:1.063;65815.77:1.063;66214.03:1.063;66612.30:1.063;67010.56:1.063;67408.82:1.063;67807.08:1.063,0.0189014409617,2827615.32103,1.01644955849,342.903917093,-0.017629573605,0.21592050383,32301247.6134,64216.0099834,2034-09-11,9.36074111984,0,0,0,4385.3996715,0.800437996168,1142.84355324,0.208595674788,28,8.07221035562,75.4758258305,moderate,
300,1.8957515,0.8108675,20.38021,229.11004,65.24267,114.19291,0.358548220574,3.43295477943,953.389883644,2.61023924338,7.6277348243e-08,0.377599978955,0.484694683609,0.98312473579,229.11004,49.11004,True,True,False,3.11484484406,-1.06013563929,0.358548220574,62804.3620862,2030-10-30,3.43295477943,67094.6165626,2042-07-29,1.10708985532,6,62804.36;63757.75;64711.14;65664.53;66617.92;67571.31,6,6,12,6,6,62791.27:0.485;63744.66:0.485;64698.05:0.485;65651.44:0.485;66604.83:0.485;67558.22:0.485,62847.25:0.983;63800.64:0.983;64754.03:0.983;65707.42:0.983;66660.81:0.983;67614.20:0.983,0.00211561097052,316490.89642,0.989690423743,49.4300597866,-0.00205358808531,0.443140870279,66292930.6139,62840.5992921,2030-12-05,43.3737539303,0,0,0,678.407131125,0.12382516653,190.973857104,0.0348571949995,6,12.3413315923,96.9650873677,hard,
