[14:20:35] new run p17_claims_relax: N 8 H 540.0 d L 360.0 d proposer planbeam commit regrid nproc 9 stop_T None claims on (bonus 1.0, ttl 4)
[14:20:35] [slice 0] claims in force: -  (0 targets; claim_bonus 1.0, ttl 4)
[14:20:35] [slice 0 T=0 d] propose: 9 jobs (0 craft, 9 root) on 9 workers, proposer planbeam, H_eff 540 d, lam 1.0
[14:20:35] job s00_r2 (root, craft None, planbeam): T 0 d H 540 L 360; plan horizon 1620 d; remaining 298; prize >1 on 6; width 300 npt 6 mc 150 dv 1.6 drmax 0.2 plan_wall 300 s; quota {'fil': 12, 'med': 18}
[14:20:35] job s00_r0 (root, craft None, planbeam): T 0 d H 540 L 360; plan horizon 1620 d; remaining 298; prize >1 on 6; width 300 npt 6 mc 150 dv 1.6 drmax 0.2 plan_wall 300 s; quota {'fil': 12, 'med': 18}
[14:20:35] job s00_r1 (root, craft None, planbeam): T 0 d H 540 L 360; plan horizon 1620 d; remaining 298; prize >1 on 6; width 300 npt 6 mc 150 dv 1.6 drmax 0.2 plan_wall 300 s; quota {'fil': 12, 'med': 18}
[14:20:35] job s00_r3 (root, craft None, planbeam): T 0 d H 540 L 360; plan horizon 1620 d; remaining 298; prize >1 on 6; width 300 npt 6 mc 150 dv 1.6 drmax 0.2 plan_wall 300 s; quota {'fil': 12, 'med': 18}
[14:20:35] job s00_r4 (root, craft None, planbeam): T 0 d H 540 L 360; plan horizon 1620 d; remaining 298; prize >1 on 6; width 300 npt 6 mc 150 dv 1.6 drmax 0.2 plan_wall 300 s; quota {'fil': 12, 'med': 18}
[14:20:35] budget: job_wall 420 s, 420 s left before the plan -> plan cap 300 s (plan_wall 300, settle_reserve 90)
[14:20:35] job s00_r5 (root, craft None, planbeam): T 0 d H 540 L 360; plan horizon 1620 d; remaining 298; prize >1 on 6; width 300 npt 6 mc 150 dv 1.6 drmax 0.2 plan_wall 300 s; quota {'fil': 12, 'med': 18}
[14:20:35] job s00_r6 (root, craft None, planbeam): T 0 d H 540 L 360; plan horizon 1620 d; remaining 298; prize >1 on 6; width 300 npt 6 mc 150 dv 1.6 drmax 0.2 plan_wall 300 s; quota {'fil': 12, 'med': 18}
[14:20:35] budget: job_wall 420 s, 420 s left before the plan -> plan cap 300 s (plan_wall 300, settle_reserve 90)
[14:20:35] job s00_r7 (root, craft None, planbeam): T 0 d H 540 L 360; plan horizon 1620 d; remaining 298; prize >1 on 6; width 300 npt 6 mc 150 dv 1.6 drmax 0.2 plan_wall 300 s; quota {'fil': 12, 'med': 18}
[14:20:35] budget: job_wall 420 s, 420 s left before the plan -> plan cap 300 s (plan_wall 300, settle_reserve 90)
[14:20:35] budget: job_wall 420 s, 420 s left before the plan -> plan cap 300 s (plan_wall 300, settle_reserve 90)
[14:20:35] budget: job_wall 420 s, 420 s left before the plan -> plan cap 300 s (plan_wall 300, settle_reserve 90)
[14:20:35] budget: job_wall 420 s, 420 s left before the plan -> plan cap 300 s (plan_wall 300, settle_reserve 90)
[14:20:35] job s00_r8 (root, craft None, planbeam): T 0 d H 540 L 360; plan horizon 1620 d; remaining 298; prize >1 on 6; width 300 npt 6 mc 150 dv 1.6 drmax 0.2 plan_wall 300 s; quota {'fil': 12, 'med': 18}
[14:20:35] budget: job_wall 420 s, 420 s left before the plan -> plan cap 300 s (plan_wall 300, settle_reserve 90)
[14:20:35] budget: job_wall 420 s, 420 s left before the plan -> plan cap 300 s (plan_wall 300, settle_reserve 90)
[14:20:35] budget: job_wall 420 s, 420 s left before the plan -> plan cap 300 s (plan_wall 300, settle_reserve 90)
[14:20:38] plan start: 6 launch dates (250-300 d) -> 726 launch legs with first flyby <= T+H, 116 kept (cap min(roots_max 450, 3 x width) = 450; 2.1 s)
[14:20:38] plan start: 6 launch dates (190-240 d) -> 1235 launch legs with first flyby <= T+H, 159 kept (cap min(roots_max 450, 3 x width) = 450; 2.2 s)
[14:20:38] plan start: 6 launch dates (70-120 d) -> 1681 launch legs with first flyby <= T+H, 192 kept (cap min(roots_max 450, 3 x width) = 450; 2.2 s)
[14:20:38] plan start: 6 launch dates (310-360 d) -> 276 launch legs with first flyby <= T+H, 62 kept (cap min(roots_max 450, 3 x width) = 450; 2.2 s)
[14:20:38] plan start: 6 launch dates (490-540 d) -> 0 launch legs with first flyby <= T+H, 0 kept (cap min(roots_max 450, 3 x width) = 450; 2.2 s)
[14:20:38] plan: 0 states, depth 0 new flybys, end no_children (2 s)
[14:20:38] candidates: 0 distinct committed target sets (n_new -, potential -)
[14:20:38] frontier: 0 candidates chosen (n fb / committed planner kg / continuation (lookahead) [full]; pot_mode lookahead, pot_cap None): 
[14:20:38] budget: 418 s of 420 left for the settles + regrids (settle_wall 480)
[14:20:38] RESULT s00_r8: 0 columns; frontier ; settles 0 (0 ok), regrids 0 (0 ok); wall 2 s of 420 (plan 2, price 0, settle 0; budget hit None, 0 unsettled)
[14:20:38] plan start: 6 launch dates (130-180 d) -> 1340 launch legs with first flyby <= T+H, 185 kept (cap min(roots_max 450, 3 x width) = 450; 2.2 s)
[14:20:38] plan start: 6 launch dates (370-420 d) -> 160 launch legs with first flyby <= T+H, 27 kept (cap min(roots_max 450, 3 x width) = 450; 2.3 s)
[14:20:38] plan start: 6 launch dates (430-480 d) -> 36 launch legs with first flyby <= T+H, 5 kept (cap min(roots_max 450, 3 x width) = 450; 2.3 s)
[14:20:38] plan start: 7 launch dates (0-60 d) -> 2000 launch legs with first flyby <= T+H, 208 kept (cap min(roots_max 450, 3 x width) = 450; 2.6 s)
[14:20:39]   job s00_r8 root  columns   0  levels 0  settles 0/0  end no_children  wall 2.2 s
[14:23:23] plan: 2566 states, depth 11 new flybys, end plan_done (168 s); deepest 11 new to 1581 d at planner fuel 376 kg
[14:23:23]   depth  1:    5 states (5 in H), t_end 485-535 d, fuel 0-0 kg
[14:23:23]   depth  2:  112 states (0 in H), t_end 592-1085 d, fuel 7-73 kg
[14:23:23]   depth  3:  300 states (0 in H), t_end 752-1441 d, fuel 38-142 kg
[14:23:23]   depth  4:  300 states (0 in H), t_end 898-1595 d, fuel 48-195 kg
[14:23:23]   depth  5:  300 states (0 in H), t_end 984-1608 d, fuel 95-249 kg
[14:23:23]   depth  6:  300 states (0 in H), t_end 1083-1610 d, fuel 112-315 kg
[14:23:23]   depth  7:  300 states (0 in H), t_end 1204-1608 d, fuel 147-354 kg
[14:23:23]   depth  8:  300 states (0 in H), t_end 1279-1608 d, fuel 209-390 kg
[14:23:23]   depth  9:  300 states (0 in H), t_end 1368-1610 d, fuel 245-412 kg
[14:23:23]   depth 10:  300 states (0 in H), t_end 1460-1619 d, fuel 270-469 kg
[14:23:23]   depth 11:   49 states (0 in H), t_end 1581-1620 d, fuel 376-521 kg
[14:23:23] candidates: 3 distinct committed target sets (n_new 1-1, potential 2-3)
[14:23:23] frontier: 3 candidates chosen (n fb / committed planner kg / continuation (lookahead) [full]; pot_mode lookahead, pot_cap None): 1fb/0kg/p3(3)[3], 1fb/0kg/p2(2)[2], 1fb/0kg/p2(2)[2]
[14:23:23] budget: 252 s of 420 left for the settles + regrids (settle_wall 480)
[14:23:23] RESULT s00_r7: 3 columns; frontier 1fb 0 kg p3/3; settles 3 (3 ok), regrids 3 (3 ok); wall 168 s of 420 (plan 168, price 0, settle 0; budget hit None, 0 unsettled)
[14:23:24]   job s00_r7 root  columns   3  levels 11  settles 3/3  end plan_done  wall 167.9 s
[14:23:58] plan: 3280 states, depth 13 new flybys, end plan_done (203 s); deepest 13 new to 1590 d at planner fuel 389 kg
[14:23:58]   depth  1:   62 states (62 in H), t_end 350-540 d, fuel 0-0 kg
[14:23:58]   depth  2:  300 states (6 in H), t_end 500-757 d, fuel 3-77 kg
[14:23:58]   depth  3:  300 states (0 in H), t_end 614-837 d, fuel 17-143 kg
[14:23:58]   depth  4:  300 states (0 in H), t_end 754-948 d, fuel 34-199 kg
[14:23:58]   depth  5:  300 states (0 in H), t_end 850-1442 d, fuel 65-254 kg
[14:23:58]   depth  6:  300 states (0 in H), t_end 920-1620 d, fuel 119-293 kg
[14:23:58]   depth  7:  300 states (0 in H), t_end 1029-1620 d, fuel 154-348 kg
[14:23:58]   depth  8:  300 states (0 in H), t_end 1094-1620 d, fuel 181-373 kg
[14:23:58]   depth  9:  300 states (0 in H), t_end 1177-1620 d, fuel 188-396 kg
[14:23:58]   depth 10:  300 states (0 in H), t_end 1240-1620 d, fuel 263-433 kg
[14:23:58]   depth 11:  300 states (0 in H), t_end 1373-1620 d, fuel 282-485 kg
[14:23:58]   depth 12:  202 states (0 in H), t_end 1459-1620 d, fuel 305-531 kg
[14:23:58]   depth 13:   16 states (0 in H), t_end 1586-1616 d, fuel 389-549 kg
[14:23:58] candidates: 27 distinct committed target sets (n_new 1-2, potential 1-4)
[14:23:58] frontier: 16 candidates chosen (n fb / committed planner kg / continuation (lookahead) [full]; pot_mode lookahead, pot_cap None): 1fb/0kg/p4(4)[4], 1fb/0kg/p4(4)[4], 1fb/0kg/p3(2)[3], 1fb/0kg/p3(2)[3], 1fb/0kg/p3(3)[3], 1fb/0kg/p3(3)[3], 1fb/0kg/p3(3)[3], 1fb/0kg/p3(3)[3], 1fb/0kg/p3(3)[3], 1fb/0kg/p3(3)[3], 1fb/0kg/p3(3)[3], 1fb/0kg/p3(3)[3], 1fb/0kg/p3(3)[3], 2fb/35kg/p2(2)[2], 2fb/49kg/p2(2)[2], 2fb/56kg/p3(3)[3]
[14:23:58] budget: 217 s of 420 left for the settles + regrids (settle_wall 480)
[14:23:59]     settle  2:  93 @    531 d -> ok lintwin tank 606.4 (+4.9) miss 51 km (0.3 s)
[14:23:59]     settle  2: 276 @    540 d -> ok lintwin tank 605.8 (+4.3) miss 0 km (0.1 s)
[14:23:59]   drift: leg 276@540 d settled outside (T, T+H] -> column cut at 1
[14:24:00]     settle  2: 265 @    502 d -> ok lam tank 620.9 (+19.4) miss 1 km (0.8 s)
[14:24:01]   regrid FAIL (2 fb: miss 352880 km, None, 0.8 s) -> column dropped
[14:24:01]   2 candidates dropped (settle failure / regrid failure / duplicate after truncation)
[14:24:01] RESULT s00_r5: 14 columns; frontier 1fb 0 kg p4/4 | 2fb 5 kg p2/2; settles 17 (17 ok), regrids 15 (14 ok); wall 206 s of 420 (plan 203, price 0, settle 3; budget hit None, 0 unsettled)
[14:24:02]   job s00_r5 root  columns  14  levels 13  settles 17/17  end plan_done  wall 205.6 s
[14:24:04] plan: 3201 states, depth 13 new flybys, end plan_done (209 s); deepest 13 new to 1591 d at planner fuel 469 kg
[14:24:04]   depth  1:   27 states (27 in H), t_end 440-540 d, fuel 0-0 kg
[14:24:04]   depth  2:  300 states (0 in H), t_end 605-830 d, fuel 5-79 kg
[14:24:04]   depth  3:  300 states (0 in H), t_end 667-877 d, fuel 24-145 kg
[14:24:04]   depth  4:  300 states (0 in H), t_end 734-973 d, fuel 32-199 kg
[14:24:04]   depth  5:  300 states (0 in H), t_end 803-1443 d, fuel 51-244 kg
[14:24:04]   depth  6:  300 states (0 in H), t_end 955-1598 d, fuel 69-297 kg
[14:24:04]   depth  7:  300 states (0 in H), t_end 1037-1612 d, fuel 86-346 kg
[14:24:04]   depth  8:  300 states (0 in H), t_end 1165-1603 d, fuel 117-390 kg
[14:24:04]   depth  9:  300 states (0 in H), t_end 1246-1620 d, fuel 165-442 kg
[14:24:04]   depth 10:  300 states (0 in H), t_end 1316-1596 d, fuel 184-450 kg
[14:24:04]   depth 11:  300 states (0 in H), t_end 1410-1618 d, fuel 297-505 kg
[14:24:04]   depth 12:  149 states (0 in H), t_end 1485-1620 d, fuel 316-528 kg
[14:24:04]   depth 13:   25 states (0 in H), t_end 1585-1619 d, fuel 469-541 kg
[14:24:04] candidates: 9 distinct committed target sets (n_new 1-1, potential 1-4)
[14:24:04] frontier: 9 candidates chosen (n fb / committed planner kg / continuation (lookahead) [full]; pot_mode lookahead, pot_cap None): 1fb/0kg/p4(4)[4], 1fb/0kg/p3(3)[3], 1fb/0kg/p3(3)[3], 1fb/0kg/p3(3)[3], 1fb/0kg/p3(3)[3], 1fb/0kg/p3(3)[3], 1fb/0kg/p2(2)[2], 1fb/0kg/p2(2)[2], 1fb/0kg/p1(1)[1]
[14:24:04] budget: 211 s of 420 left for the settles + regrids (settle_wall 480)
[14:24:05] RESULT s00_r6: 9 columns; frontier 1fb 0 kg p4/4; settles 9 (9 ok), regrids 9 (9 ok); wall 209 s of 420 (plan 209, price 0, settle 0; budget hit None, 0 unsettled)
[14:24:06]   job s00_r6 root  columns   9  levels 13  settles 9/9  end plan_done  wall 209.4 s
[14:24:14] plan: 3561 states, depth 14 new flybys, end plan_done (219 s); deepest 14 new to 1613 d at planner fuel 506 kg
[14:24:14]   depth  1:  159 states (159 in H), t_end 275-540 d, fuel 0-0 kg
[14:24:14]   depth  2:  300 states (270 in H), t_end 405-555 d, fuel 2-75 kg
[14:24:14]   depth  3:  300 states (30 in H), t_end 478-693 d, fuel 17-142 kg
[14:24:14]   depth  4:  300 states (0 in H), t_end 598-797 d, fuel 38-202 kg
[14:24:14]   depth  5:  300 states (0 in H), t_end 674-924 d, fuel 63-258 kg
[14:24:14]   depth  6:  300 states (0 in H), t_end 847-1440 d, fuel 107-292 kg
[14:24:14]   depth  7:  300 states (0 in H), t_end 902-1590 d, fuel 160-321 kg
[14:24:14]   depth  8:  300 states (0 in H), t_end 950-1606 d, fuel 190-357 kg
[14:24:14]   depth  9:  300 states (0 in H), t_end 1016-1616 d, fuel 220-413 kg
[14:24:14]   depth 10:  300 states (0 in H), t_end 1156-1608 d, fuel 239-426 kg
[14:24:14]   depth 11:  300 states (0 in H), t_end 1272-1591 d, fuel 279-454 kg
[14:24:14]   depth 12:  300 states (0 in H), t_end 1354-1618 d, fuel 302-496 kg
[14:24:14]   depth 13:  101 states (0 in H), t_end 1517-1620 d, fuel 342-532 kg
[14:24:14]   depth 14:    1 states (0 in H), t_end 1613-1613 d, fuel 506-506 kg
[14:24:14] candidates: 170 distinct committed target sets (n_new 1-3, potential 0-4)
[14:24:14] frontier: 16 candidates chosen (n fb / committed planner kg / continuation (lookahead) [full]; pot_mode lookahead, pot_cap None): 1fb/0kg/p5(4)[5], 1fb/0kg/p5(3)[5], 1fb/0kg/p5(4)[5], 1fb/0kg/p5(4)[5], 1fb/0kg/p5(4)[5], 1fb/0kg/p5(3)[5], 1fb/0kg/p5(4)[5], 1fb/0kg/p4(3)[4], 1fb/0kg/p4(3)[4], 1fb/0kg/p4(4)[4], 2fb/10kg/p4(4)[4], 2fb/10kg/p3(3)[3], 2fb/11kg/p0(0)[0], 3fb/34kg/p2(2)[2], 3fb/40kg/p1(1)[1], 3fb/47kg/p3(3)[3]
[14:24:14] budget: 201 s of 420 left for the settles + regrids (settle_wall 480)
[14:24:15]     settle  2: 293 @    409 d -> ok lintwin tank 608.6 (+7.1) miss 2 km (0.3 s)
[14:24:15]     settle  2:  60 @    464 d -> ok lintwin tank 601.5 (+0.0) miss 0 km (0.1 s)
[14:24:15]     settle  2:  37 @    516 d -> ok lintwin tank 604.4 (+2.9) miss 1 km (0.1 s)
[14:24:16]     settle  2: 117 @    465 d -> ok lintwin tank 601.9 (+0.4) miss 0 km (0.4 s)
[14:24:16]     settle  3: 299 @    537 d -> ok lintwin tank 602.4 (+0.5) miss 0 km (0.4 s)
[14:24:16]     settle  3: 276 @    530 d -> ok lintwin tank 608.2 (+6.4) miss 0 km (0.1 s)
[14:24:16]     settle  2:  19 @    418 d -> ok lintwin tank 601.7 (+0.2) miss 0 km (0.1 s)
[14:24:16]     settle  3: 150 @    510 d -> ok lintwin tank 607.5 (+5.8) miss 0 km (0.1 s)
[14:24:16] RESULT s00_r3: 16 columns; frontier 1fb 0 kg p4/4 | 2fb 0 kg p3/4 | 3fb 1 kg p2/3; settles 21 (21 ok), regrids 16 (16 ok); wall 221 s of 420 (plan 219, price 0, settle 2; budget hit None, 0 unsettled)
[14:24:18]   job s00_r3 root  columns  16  levels 14  settles 21/21  end plan_done  wall 221.0 s
[14:24:20] plan: 3525 states, depth 14 new flybys, end plan_done (224 s); deepest 14 new to 1590 d at planner fuel 454 kg
[14:24:20]   depth  1:  116 states (116 in H), t_end 295-540 d, fuel 0-0 kg
[14:24:20]   depth  2:  300 states (84 in H), t_end 395-630 d, fuel 5-81 kg
[14:24:20]   depth  3:  300 states (3 in H), t_end 536-741 d, fuel 11-150 kg
[14:24:20]   depth  4:  300 states (0 in H), t_end 607-855 d, fuel 25-219 kg
[14:24:20]   depth  5:  300 states (0 in H), t_end 741-961 d, fuel 73-263 kg
[14:24:20]   depth  6:  300 states (0 in H), t_end 794-1445 d, fuel 120-305 kg
[14:24:20]   depth  7:  300 states (0 in H), t_end 922-1617 d, fuel 156-347 kg
[14:24:20]   depth  8:  300 states (0 in H), t_end 1040-1610 d, fuel 189-381 kg
[14:24:20]   depth  9:  300 states (0 in H), t_end 1170-1616 d, fuel 227-422 kg
[14:24:20]   depth 10:  300 states (0 in H), t_end 1237-1616 d, fuel 267-448 kg
[14:24:20]   depth 11:  300 states (0 in H), t_end 1316-1616 d, fuel 290-500 kg
[14:24:20]   depth 12:  300 states (0 in H), t_end 1411-1612 d, fuel 338-526 kg
[14:24:20]   depth 13:  103 states (0 in H), t_end 1486-1620 d, fuel 392-556 kg
[14:24:20]   depth 14:    6 states (0 in H), t_end 1586-1611 d, fuel 454-512 kg
[14:24:20] candidates: 85 distinct committed target sets (n_new 1-3, potential 0-4)
[14:24:20] frontier: 16 candidates chosen (n fb / committed planner kg / continuation (lookahead) [full]; pot_mode lookahead, pot_cap None): 1fb/0kg/p5(4)[5], 1fb/0kg/p5(4)[5], 1fb/0kg/p5(3)[5], 1fb/0kg/p4(3)[4], 1fb/0kg/p4(2)[4], 1fb/0kg/p4(4)[4], 1fb/0kg/p3(2)[3], 1fb/0kg/p3(3)[3], 2fb/5kg/p2(2)[2], 2fb/16kg/p0(0)[0], 2fb/31kg/p4(3)[4], 2fb/51kg/p4(4)[4], 2fb/70kg/p4(4)[4], 3fb/54kg/p2(2)[2], 3fb/63kg/p3(3)[3], 3fb/143kg/p2(2)[2]
[14:24:20] budget: 196 s of 420 left for the settles + regrids (settle_wall 480)
[14:24:20]     settle  2:  93 @    518 d -> ok lintwin tank 603.4 (+1.9) miss 0 km (0.2 s)
[14:24:20]     settle  2: 276 @    540 d -> ok lintwin tank 602.5 (+1.0) miss 1 km (0.1 s)
[14:24:20]   drift: leg 276@540 d settled outside (T, T+H] -> column cut at 1
[14:24:20]     settle  2:   8 @    490 d -> ok lintwin tank 604.7 (+3.2) miss 0 km (0.1 s)
[14:24:21]     settle  2: 172 @    535 d -> ok lintwin tank 611.6 (+10.1) miss 0 km (0.2 s)
[14:24:21]     settle  2:  93 @    540 d -> ok lintwin tank 615.3 (+13.8) miss 15 km (0.1 s)
[14:24:21]   drift: leg 93@540 d settled outside (T, T+H] -> column cut at 1
[14:24:21]     settle  2:   8 @    492 d -> ok lintwin tank 605.9 (+4.4) miss 56 km (0.1 s)
[14:24:21]     settle  3: 276 @    538 d -> ok lintwin tank 612.8 (+6.9) miss 69 km (0.1 s)
[14:24:21]     settle  3: 276 @    539 d -> ok lintwin tank 613.5 (+8.8) miss 1 km (0.2 s)
[14:24:21]     settle  2: 112 @    441 d -> ok lintwin tank 603.3 (+1.8) miss 1 km (0.1 s)
[14:24:21]     settle  3: 122 @    536 d -> ok lintwin tank 615.3 (+12.1) miss 2 km (0.2 s)
[14:24:21]   drift: leg 122@536 d settled outside (T, T+H] -> column cut at 2
[14:24:22]   2 candidates dropped (settle failure / regrid failure / duplicate after truncation)
[14:24:22] RESULT s00_r4: 14 columns; frontier 1fb 0 kg p4/4 | 2fb 2 kg p2/4 | 3fb 11 kg p2/3; settles 20 (20 ok), regrids 14 (14 ok); wall 226 s of 420 (plan 224, price 0, settle 2; budget hit None, 0 unsettled)
[14:24:22]   job s00_r4 root  columns  14  levels 14  settles 20/20  end plan_done  wall 226.1 s
[14:24:27] plan: 3556 states, depth 14 new flybys, end plan_done (232 s); deepest 14 new to 1613 d at planner fuel 526 kg
[14:24:27]   depth  1:  208 states (208 in H), t_end 70-460 d, fuel 0-0 kg
[14:24:27]   depth  2:  300 states (292 in H), t_end 182-945 d, fuel 1-80 kg
[14:24:27]   depth  3:  300 states (129 in H), t_end 293-1110 d, fuel 18-146 kg
[14:24:27]   depth  4:  300 states (4 in H), t_end 455-1005 d, fuel 74-208 kg
[14:24:27]   depth  5:  300 states (0 in H), t_end 634-1443 d, fuel 108-270 kg
[14:24:27]   depth  6:  300 states (0 in H), t_end 774-1620 d, fuel 112-296 kg
[14:24:27]   depth  7:  300 states (0 in H), t_end 874-1590 d, fuel 145-332 kg
[14:24:27]   depth  8:  300 states (0 in H), t_end 1002-1607 d, fuel 165-384 kg
[14:24:27]   depth  9:  300 states (0 in H), t_end 1142-1571 d, fuel 209-440 kg
[14:24:27]   depth 10:  300 states (0 in H), t_end 1209-1613 d, fuel 255-464 kg
[14:24:27]   depth 11:  300 states (0 in H), t_end 1374-1588 d, fuel 271-496 kg
[14:24:27]   depth 12:  300 states (0 in H), t_end 1449-1620 d, fuel 346-511 kg
[14:24:27]   depth 13:   45 states (0 in H), t_end 1524-1620 d, fuel 430-546 kg
[14:24:27]   depth 14:    3 states (0 in H), t_end 1613-1615 d, fuel 526-551 kg
[14:24:27] candidates: 229 distinct committed target sets (n_new 1-4, potential 0-3)
[14:24:27] frontier: 16 candidates chosen (n fb / committed planner kg / continuation (lookahead) [full]; pot_mode lookahead, pot_cap None): 1fb/0kg/p6(3)[6], 1fb/0kg/p4(3)[4], 1fb/0kg/p2(0)[2], 1fb/0kg/p2(0)[2], 1fb/0kg/p2(0)[2], 1fb/0kg/p2(0)[2], 1fb/0kg/p2(0)[2], 2fb/1kg/p0(0)[0], 2fb/6kg/p1(0)[1], 2fb/46kg/p5(3)[5], 2fb/55kg/p3(3)[3], 3fb/18kg/p0(0)[0], 3fb/27kg/p0(0)[0], 3fb/94kg/p4(3)[4], 4fb/101kg/p2(2)[2], 4fb/151kg/p3(3)[3]
[14:24:27] budget: 188 s of 420 left for the settles + regrids (settle_wall 480)
[14:24:28]     settle  2: 279 @    356 d -> ok lintwin tank 601.5 (+0.0) miss 0 km (0.1 s)
[14:24:28]     settle  2: 127 @    341 d -> ok lintwin tank 601.7 (+0.2) miss 1 km (0.1 s)
[14:24:28]     settle  2:  67 @    195 d -> ok lintwin tank 615.6 (+14.1) miss 2 km (0.1 s)
[14:24:31]     settle  2: 115 @    450 d -> ok lam tank 616.5 (+15.0) miss 53 km (2.3 s)
[14:24:32]   regrid FAIL (2 fb: miss 487656 km, None, 1.2 s) -> column dropped
[14:24:32]     settle  2:  67 @    330 d -> ok lintwin tank 603.0 (+1.5) miss 0 km (0.2 s)
[14:24:32]     settle  3: 185 @    442 d -> ok lintwin tank 605.1 (+2.1) miss 0 km (0.1 s)
[14:24:32]     settle  2: 272 @    300 d -> ok lintwin tank 606.4 (+4.9) miss 0 km (0.1 s)
[14:24:33]     settle  3: 185 @    440 d -> ok lintwin tank 606.7 (+0.4) miss 0 km (0.1 s)
[14:24:33]     settle  3: 139 @    370 d -> ok lintwin tank 627.6 (+12.0) miss 3 km (0.3 s)
[14:24:33]     settle  3: 139 @    369 d -> ok lintwin tank 627.6 (+12.0) miss 3 km (0.3 s)
[14:24:33]     settle  4: 230 @    455 d -> ok lintwin tank 632.9 (+5.3) miss 1 km (0.1 s)
[14:24:34]     settle  4:  83 @    510 d -> ok lintwin tank 636.6 (+9.0) miss 2 km (0.2 s)
[14:24:34]   1 candidates dropped (settle failure / regrid failure / duplicate after truncation)
[14:24:34] RESULT s00_r0: 15 columns; frontier 1fb 0 kg p3/3 | 2fb 0 kg p0/3 | 3fb 4 kg p0/3 | 4fb 31 kg p2/3; settles 22 (22 ok), regrids 16 (15 ok); wall 238 s of 420 (plan 232, price 0, settle 6; budget hit None, 0 unsettled)
[14:24:34]   job s00_r0 root  columns  15  levels 14  settles 22/22  end plan_done  wall 238.3 s
[14:24:40] plan: 3901 states, depth 15 new flybys, end plan_done (245 s); deepest 15 new to 1590 d at planner fuel 539 kg
[14:24:40]   depth  1:  185 states (185 in H), t_end 175-540 d, fuel 0-0 kg
[14:24:40]   depth  2:  300 states (294 in H), t_end 330-545 d, fuel 2-79 kg
[14:24:40]   depth  3:  300 states (81 in H), t_end 444-658 d, fuel 21-150 kg
[14:24:40]   depth  4:  300 states (1 in H), t_end 520-732 d, fuel 29-193 kg
[14:24:40]   depth  5:  300 states (0 in H), t_end 640-864 d, fuel 32-240 kg
[14:24:40]   depth  6:  300 states (0 in H), t_end 785-990 d, fuel 38-298 kg
[14:24:40]   depth  7:  300 states (0 in H), t_end 857-1446 d, fuel 127-331 kg
[14:24:40]   depth  8:  300 states (0 in H), t_end 989-1602 d, fuel 163-358 kg
[14:24:40]   depth  9:  300 states (0 in H), t_end 1078-1595 d, fuel 177-407 kg
[14:24:40]   depth 10:  300 states (0 in H), t_end 1164-1613 d, fuel 222-453 kg
[14:24:40]   depth 11:  300 states (0 in H), t_end 1248-1611 d, fuel 286-504 kg
[14:24:40]   depth 12:  300 states (0 in H), t_end 1317-1620 d, fuel 302-532 kg
[14:24:40]   depth 13:  300 states (0 in H), t_end 1412-1620 d, fuel 353-580 kg
[14:24:40]   depth 14:  105 states (0 in H), t_end 1487-1620 d, fuel 446-622 kg
[14:24:40]   depth 15:   11 states (0 in H), t_end 1586-1616 d, fuel 539-593 kg
[14:24:40] candidates: 206 distinct committed target sets (n_new 1-4, potential 0-5)
[14:24:40] frontier: 16 candidates chosen (n fb / committed planner kg / continuation (lookahead) [full]; pot_mode lookahead, pot_cap None): 1fb/0kg/p6(4)[6], 1fb/0kg/p6(5)[6], 1fb/0kg/p6(5)[6], 1fb/0kg/p6(4)[6], 1fb/0kg/p6(5)[6], 1fb/0kg/p5(3)[5], 1fb/0kg/p5(3)[5], 1fb/0kg/p5(3)[5], 1fb/0kg/p5(3)[5], 2fb/4kg/p0(0)[0], 2fb/4kg/p1(1)[1], 2fb/5kg/p5(4)[5], 3fb/29kg/p3(3)[3], 3fb/36kg/p0(0)[0], 3fb/53kg/p4(4)[4], 4fb/158kg/p3(3)[3]
[14:24:40] budget: 175 s of 420 left for the settles + regrids (settle_wall 480)
[14:24:42]     settle  2:  42 @    490 d -> ok lintwin tank 602.1 (+0.6) miss 7 km (0.6 s)
[14:24:42]     settle  2: 281 @    536 d -> ok lintwin tank 602.4 (+0.9) miss 49 km (0.1 s)
[14:24:42]     settle  2:   5 @    340 d -> ok lintwin tank 602.8 (+1.3) miss 0 km (0.1 s)
[14:24:43]     settle  2: 230 @    443 d -> ok lintwin tank 603.9 (+2.4) miss 0 km (0.3 s)
[14:24:43]     settle  3: 281 @    538 d -> ok lintwin tank 604.9 (+1.0) miss 0 km (0.3 s)
[14:24:43]     settle  2: 294 @    334 d -> ok lintwin tank 604.1 (+2.6) miss 0 km (0.1 s)
[14:24:43]     settle  3:  37 @    537 d -> ok lintwin tank 606.1 (+2.0) miss 0 km (0.2 s)
[14:24:44]     settle  3: 150 @    486 d -> ok lintwin tank 615.6 (+12.8) miss 1 km (0.1 s)
[14:24:45]     settle  2: 279 @    332 d -> ok lam tank 617.0 (+15.5) miss 0 km (1.1 s)
[14:24:45]     settle  3: 189 @    452 d -> ok lintwin tank 643.4 (+26.4) miss 61 km (0.2 s)
[14:24:46]     settle  4: 165 @    520 d -> ok lam tank 656.9 (+13.5) miss 88 km (1.0 s)
[14:24:47]   regrid FAIL (4 fb: miss 1289332 km, None, 1.0 s) -> column dropped
[14:24:47]   1 candidates dropped (settle failure / regrid failure / duplicate after truncation)
[14:24:47] RESULT s00_r2: 15 columns; frontier 1fb 0 kg p4/5 | 2fb 1 kg p0/4 | 3fb 3 kg p3/4; settles 22 (22 ok), regrids 16 (15 ok); wall 252 s of 420 (plan 245, price 0, settle 7; budget hit None, 0 unsettled)
[14:24:48]   job s00_r2 root  columns  15  levels 15  settles 22/22  end plan_done  wall 251.7 s
[14:25:22] plan: 4469 states, depth 16 new flybys, end plan_done (286 s); deepest 16 new to 1598 d at planner fuel 560 kg
[14:25:22]   depth  1:  192 states (192 in H), t_end 95-510 d, fuel 0-0 kg
[14:25:22]   depth  2:  300 states (300 in H), t_end 190-486 d, fuel 5-80 kg
[14:25:22]   depth  3:  300 states (275 in H), t_end 314-560 d, fuel 27-155 kg
[14:25:22]   depth  4:  300 states (53 in H), t_end 442-660 d, fuel 53-193 kg
[14:25:22]   depth  5:  300 states (0 in H), t_end 546-757 d, fuel 64-242 kg
[14:25:22]   depth  6:  300 states (0 in H), t_end 618-841 d, fuel 107-309 kg
[14:25:22]   depth  7:  300 states (0 in H), t_end 705-966 d, fuel 115-363 kg
[14:25:22]   depth  8:  300 states (0 in H), t_end 814-1442 d, fuel 164-368 kg
[14:25:22]   depth  9:  300 states (0 in H), t_end 878-1601 d, fuel 186-411 kg
[14:25:22]   depth 10:  300 states (0 in H), t_end 992-1595 d, fuel 216-453 kg
[14:25:22]   depth 11:  300 states (0 in H), t_end 1099-1613 d, fuel 249-493 kg
[14:25:22]   depth 12:  300 states (0 in H), t_end 1208-1619 d, fuel 277-529 kg
[14:25:22]   depth 13:  300 states (0 in H), t_end 1288-1598 d, fuel 298-572 kg
[14:25:22]   depth 14:  300 states (0 in H), t_end 1387-1581 d, fuel 354-619 kg
[14:25:22]   depth 15:  300 states (0 in H), t_end 1480-1620 d, fuel 418-641 kg
[14:25:22]   depth 16:   77 states (0 in H), t_end 1583-1620 d, fuel 560-675 kg
[14:25:22] candidates: 343 distinct committed target sets (n_new 1-4, potential 0-5)
[14:25:22] frontier: 16 candidates chosen (n fb / committed planner kg / continuation (lookahead) [full]; pot_mode lookahead, pot_cap None): 1fb/0kg/p8(5)[8], 1fb/0kg/p7(5)[7], 1fb/0kg/p6(3)[6], 1fb/0kg/p6(3)[6], 2fb/5kg/p0(0)[0], 2fb/6kg/p1(0)[1], 2fb/28kg/p5(3)[5], 2fb/32kg/p6(5)[6], 2fb/33kg/p7(5)[7], 2fb/53kg/p6(5)[6], 3fb/34kg/p0(0)[0], 3fb/43kg/p0(0)[0], 3fb/89kg/p6(5)[6], 4fb/88kg/p3(3)[3], 4fb/94kg/p1(1)[1], 4fb/152kg/p5(5)[5]
[14:25:22] budget: 134 s of 420 left for the settles + regrids (settle_wall 480)
[14:25:22]     settle  2:  42 @    485 d -> ok lintwin tank 602.9 (+1.4) miss 0 km (0.2 s)
[14:25:23]     settle  2:  19 @    420 d -> ok lintwin tank 601.9 (+0.4) miss 0 km (0.5 s)
[14:25:23]     settle  2: 279 @    280 d -> ok lintwin tank 601.9 (+0.4) miss 97 km (0.1 s)
[14:25:23]     settle  2: 128 @    365 d -> ok lintwin tank 602.6 (+1.1) miss 0 km (0.3 s)
[14:25:23]     settle  2: 162 @    195 d -> ok lintwin tank 609.6 (+8.1) miss 1 km (0.1 s)
[14:25:24]     settle  2: 297 @    311 d -> ok lintwin tank 619.4 (+17.9) miss 18 km (0.1 s)
[14:25:24]     settle  3:  81 @    504 d -> ok lintwin tank 603.0 (+1.1) miss 90 km (0.3 s)
[14:25:24]     settle  2:   5 @    342 d -> ok lintwin tank 606.4 (+4.9) miss 52 km (0.1 s)
[14:25:24]     settle  3:  32 @    443 d -> ok lintwin tank 612.9 (+6.5) miss 0 km (0.2 s)
[14:25:25]     settle  3: 128 @    360 d -> ok lintwin tank 631.7 (+22.1) miss 67 km (0.4 s)
[14:25:25]     settle  2: 127 @    345 d -> ok lintwin tank 604.2 (+2.7) miss 15 km (0.1 s)
[14:25:25]     settle  3: 112 @    440 d -> ok lintwin tank 614.6 (+10.4) miss 88 km (0.1 s)
[14:25:25]     settle  4:  37 @    528 d -> ok lintwin tank 616.5 (+1.9) miss 0 km (0.2 s)
[14:25:25]     settle  2: 279 @    285 d -> ok lintwin tank 601.9 (+0.4) miss 92 km (0.1 s)
[14:25:25]     settle  3:  11 @    383 d -> ok lintwin tank 619.5 (+17.6) miss 20 km (0.1 s)
[14:25:25]     settle  4:  60 @    480 d -> ok lintwin tank 630.8 (+11.3) miss 3 km (0.2 s)
[14:25:26]     settle  4:  28 @    465 d -> ok lintwin tank 651.2 (+19.5) miss 79 km (0.5 s)
[14:25:26] RESULT s00_r1: 16 columns; frontier 1fb 0 kg p5/5 | 2fb 0 kg p0/5 | 3fb 2 kg p0/5 | 4fb 15 kg p3/5; settles 24 (24 ok), regrids 16 (16 ok); wall 291 s of 420 (plan 286, price 0, settle 4; budget hit None, 0 unsettled)
[14:25:28]   job s00_r1 root  columns  16  levels 16  settles 24/24  end plan_done  wall 290.7 s
[14:25:28] [slice 0] propose: 102 columns (0 bad dropped) in 292.6 s
[14:25:28] [slice 0] auction: 102 columns, kept 102, dropped {}; lam 1.00 H_eff 540 d fuel budget 482 kg quota on
[14:25:28] [slice 0] auction: status optimal objective 30.556 vars 102 rows 41 chosen 8 fuel 112/482 kg (0.028 s)
[14:25:30] [slice 0] claims: c0:3 c1:3 c2:1 c3:2 c4:3 c5:2 c6:2 c7:3  (19 targets: 0 kept, 19 new; 0 released, 0 expired (ttl 4), 1 conflicts)
[14:25:30] [slice 0 T=0 d] launched 8/8  covered 25  remaining 273  fuel 124 kg  sumJi 8.0900  chosen: r->c0:4(+35) r->c1:4(+15) r->c2:4(+29) r->c3:3(+3) r->c4:3(+6) r->c5:2(+2) r->c6:3(+11) r->c7:2(+10)  rejected: -  (wall 295 s)
[14:25:30] [slice 1] claims in force: c0:3 c1:3 c2:1 c3:2 c4:3 c5:2 c6:2 c7:3  (19 targets; claim_bonus 1.0, ttl 4)
[14:25:30]   c0: claims: 3 own (prized +1.0), 16 claimed by others withheld
[14:25:30]   c1: claims: 3 own (prized +1.0), 16 claimed by others withheld
[14:25:30]   c2: claims: 1 own (prized +1.0), 18 claimed by others withheld
[14:25:30]   c3: claims: 2 own (prized +1.0), 17 claimed by others withheld
[14:25:30]   c4: claims: 3 own (prized +1.0), 16 claimed by others withheld
[14:25:30]   c5: claims: 2 own (prized +1.0), 17 claimed by others withheld
[14:25:30]   c6: claims: 2 own (prized +1.0), 17 claimed by others withheld
[14:25:30]   c7: claims: 3 own (prized +1.0), 16 claimed by others withheld
[14:25:30] [slice 1 T=540 d] propose: 8 jobs (8 craft, 0 root) on 9 workers, proposer planbeam, H_eff 540 d, lam 1.0
[14:25:30] job s01_c0 (craft, craft 0, planbeam): T 540 d H 540 L 360; plan horizon 2160 d; remaining 257; prize >1 on 21; width 300 npt 6 mc 150 dv 1.6 drmax 0.2 plan_wall 300 s; quota {'fil': 10, 'med': 17}
[14:25:30] job s01_c2 (craft, craft 2, planbeam): T 540 d H 540 L 360; plan horizon 2160 d; remaining 255; prize >1 on 19; width 300 npt 6 mc 150 dv 1.6 drmax 0.2 plan_wall 300 s; quota {'fil': 9, 'med': 18}
[14:25:30] job s01_c3 (craft, craft 3, planbeam): T 540 d H 540 L 360; plan horizon 2160 d; remaining 256; prize >1 on 20; width 300 npt 6 mc 150 dv 1.6 drmax 0.2 plan_wall 300 s; quota {'fil': 10, 'med': 17}
[14:25:30] job s01_c1 (craft, craft 1, planbeam): T 540 d H 540 L 360; plan horizon 2160 d; remaining 257; prize >1 on 21; width 300 npt 6 mc 150 dv 1.6 drmax 0.2 plan_wall 300 s; quota {'fil': 8, 'med': 18}
[14:25:30] job s01_c4 (craft, craft 4, planbeam): T 540 d H 540 L 360; plan horizon 2160 d; remaining 257; prize >1 on 21; width 300 npt 6 mc 150 dv 1.6 drmax 0.2 plan_wall 300 s; quota {'fil': 11, 'med': 16}
[14:25:30] job s01_c5 (craft, craft 5, planbeam): T 540 d H 540 L 360; plan horizon 2160 d; remaining 256; prize >1 on 20; width 300 npt 6 mc 150 dv 1.6 drmax 0.2 plan_wall 300 s; quota {'fil': 12, 'med': 17}
[14:25:30] job s01_c6 (craft, craft 6, planbeam): T 540 d H 540 L 360; plan horizon 2160 d; remaining 256; prize >1 on 20; width 300 npt 6 mc 150 dv 1.6 drmax 0.2 plan_wall 300 s; quota {'fil': 11, 'med': 17}
[14:25:30] job s01_c7 (craft, craft 7, planbeam): T 540 d H 540 L 360; plan horizon 2160 d; remaining 257; prize >1 on 21; width 300 npt 6 mc 150 dv 1.6 drmax 0.2 plan_wall 300 s; quota {'fil': 11, 'med': 17}
[14:25:30] prefix slices/s01/in/craft_5.npz: 2 flybys, t_end 518.1 d, tank 603.4 kg (planner view), miss 0.0 km, nreg 16
[14:25:30] budget: job_wall 420 s, 420 s left before the plan -> plan cap 300 s (plan_wall 300, settle_reserve 90)
[14:25:30] prefix slices/s01/in/craft_6.npz: 3 flybys, t_end 538.0 d, tank 612.8 kg (planner view), miss 88.9 km, nreg 16
[14:25:30] budget: job_wall 420 s, 420 s left before the plan -> plan cap 300 s (plan_wall 300, settle_reserve 90)
[14:25:30] prefix slices/s01/in/craft_4.npz: 3 flybys, t_end 510.4 d, tank 607.5 kg (planner view), miss 0.0 km, nreg 19
[14:25:30] prefix slices/s01/in/craft_7.npz: 2 flybys, t_end 534.7 d, tank 611.5 kg (planner view), miss 0.0 km, nreg 16
[14:25:30] budget: job_wall 420 s, 420 s left before the plan -> plan cap 300 s (plan_wall 300, settle_reserve 90)
[14:25:30] budget: job_wall 420 s, 420 s left before the plan -> plan cap 300 s (plan_wall 300, settle_reserve 90)
[14:25:30] prefix slices/s01/in/craft_3.npz: 3 flybys, t_end 537.1 d, tank 604.9 kg (planner view), miss 0.0 km, nreg 23
[14:25:30] prefix slices/s01/in/craft_2.npz: 4 flybys, t_end 480.3 d, tank 630.8 kg (planner view), miss 0.0 km, nreg 23
[14:25:30] budget: job_wall 420 s, 420 s left before the plan -> plan cap 300 s (plan_wall 300, settle_reserve 90)
[14:25:30] budget: job_wall 420 s, 420 s left before the plan -> plan cap 300 s (plan_wall 300, settle_reserve 90)
[14:25:30] prefix slices/s01/in/craft_1.npz: 4 flybys, t_end 528.7 d, tank 616.5 kg (planner view), miss 0.0 km, nreg 25
[14:25:30] budget: job_wall 420 s, 420 s left before the plan -> plan cap 300 s (plan_wall 300, settle_reserve 90)
[14:25:30] prefix slices/s01/in/craft_0.npz: 4 flybys, t_end 499.8 d, tank 636.5 kg (planner view), miss 0.2 km, nreg 28
[14:25:30] budget: job_wall 420 s, 420 s left before the plan -> plan cap 300 s (plan_wall 300, settle_reserve 90)
[14:25:34] first level (both): 0 production + 70 relaxed (dv 2.5, 0.3 AU; 0.1 s) + 59 lintwin children -> 89 unique (3.9 s)
[14:25:34] plan start: prefix 2 flybys, t_end 518.1 d, planner mass 1595.0 kg (dv 0.123 km/s); 89 first-level states
[14:25:34] first level (both): 0 production + 36 relaxed (dv 2.5, 0.3 AU; 0.1 s) + 67 lintwin children -> 89 unique (4.3 s)
[14:25:34] plan start: prefix 3 flybys, t_end 538.0 d, planner mass 1570.5 kg (dv 0.730 km/s); 89 first-level states
[14:25:34] first level (both): 0 production + 98 relaxed (dv 2.5, 0.3 AU; 0.1 s) + 83 lintwin children -> 138 unique (4.4 s)
[14:25:34] plan start: prefix 2 flybys, t_end 534.7 d, planner mass 1573.8 kg (dv 0.648 km/s); 138 first-level states
[14:25:35] first level (both): 0 production + 57 relaxed (dv 2.5, 0.3 AU; 0.1 s) + 84 lintwin children -> 119 unique (4.8 s)
[14:25:35] plan start: prefix 3 flybys, t_end 510.4 d, planner mass 1584.2 kg (dv 0.388 km/s); 119 first-level states
[14:25:35] first level (both): 0 production + 86 relaxed (dv 2.5, 0.3 AU; 0.1 s) + 72 lintwin children -> 118 unique (5.0 s)
[14:25:35] plan start: prefix 3 flybys, t_end 537.1 d, planner mass 1591.1 kg (dv 0.218 km/s); 118 first-level states
[14:25:35] first level (both): 0 production + 132 relaxed (dv 2.5, 0.3 AU; 0.1 s) + 67 lintwin children -> 139 unique (5.1 s)
[14:25:35] plan start: prefix 4 flybys, t_end 528.7 d, planner mass 1561.1 kg (dv 0.964 km/s); 139 first-level states
[14:25:35] first level (both): 0 production + 55 relaxed (dv 2.5, 0.3 AU; 0.1 s) + 81 lintwin children -> 108 unique (5.3 s)
[14:25:35] plan start: prefix 4 flybys, t_end 480.3 d, planner mass 1525.7 kg (dv 1.864 km/s); 108 first-level states
[14:25:36] first level (both): 0 production + 82 relaxed (dv 2.5, 0.3 AU; 0.1 s) + 69 lintwin children -> 119 unique (5.7 s)
[14:25:36] plan start: prefix 4 flybys, t_end 499.8 d, planner mass 1511.9 kg (dv 2.220 km/s); 119 first-level states
[14:27:20] plan: 2064 states, depth 9 new flybys, end plan_done (110 s); deepest 9 new to 2120 d at planner fuel 428 kg
[14:27:20]   depth  1:  108 states (89 in H), t_end 594-1188 d, fuel 85-182 kg
[14:27:20]   depth  2:  300 states (284 in H), t_end 674-1514 d, fuel 107-243 kg
[14:27:20]   depth  3:  300 states (32 in H), t_end 917-1544 d, fuel 125-251 kg
[14:27:20]   depth  4:  300 states (5 in H), t_end 1066-1933 d, fuel 169-304 kg
[14:27:20]   depth  5:  300 states (0 in H), t_end 1438-2154 d, fuel 238-354 kg
[14:27:20]   depth  6:  300 states (0 in H), t_end 1597-2159 d, fuel 273-392 kg
[14:27:20]   depth  7:  300 states (0 in H), t_end 1855-2155 d, fuel 280-447 kg
[14:27:20]   depth  8:  149 states (0 in H), t_end 1967-2158 d, fuel 347-486 kg
[14:27:20]   depth  9:    7 states (0 in H), t_end 2115-2154 d, fuel 428-496 kg
[14:27:20] candidates: 221 distinct committed target sets (n_new 1-4, potential 0-2)
[14:27:20] frontier: 16 candidates chosen (n fb / committed planner kg / continuation (lookahead) [full]; pot_mode lookahead, pot_cap None): 1fb/85kg/p1(0)[1], 1fb/86kg/p1(0)[1], 1fb/89kg/p1(0)[1], 1fb/119kg/p4(2)[4], 1fb/135kg/p2(1)[2], 1fb/136kg/p2(1)[2], 2fb/107kg/p0(0)[0], 2fb/113kg/p0(0)[0], 2fb/118kg/p2(2)[2], 2fb/178kg/p3(2)[3], 3fb/160kg/p1(1)[1], 3fb/166kg/p1(1)[1], 3fb/205kg/p2(2)[2], 4fb/249kg/p0(0)[0], 4fb/258kg/p0(0)[0], 4fb/260kg/p0(0)[0]
[14:27:20] budget: 310 s of 420 left for the settles + regrids (settle_wall 480)
[14:27:21]     settle  5: 124 @    867 d -> ok lintwin tank 651.5 (+20.7) miss 14 km (0.4 s)
[14:27:21]     settle  5: 226 @    715 d -> ok lintwin tank 636.4 (+5.7) miss 5 km (0.2 s)
[14:27:22]     settle  5: 182 @    696 d -> ok lintwin tank 636.2 (+5.4) miss 2 km (0.6 s)
[14:27:22]     settle  5: 128 @    690 d -> ok lintwin tank 636.6 (+5.8) miss 2 km (0.3 s)
[14:27:23]     settle  5:  63 @    716 d -> ok lintwin tank 649.1 (+18.3) miss 7 km (0.3 s)
[14:27:23]     settle  5:  85 @    686 d -> ok lintwin tank 692.1 (+61.4) miss 68 km (0.6 s)
[14:27:24]     settle  6: 183 @   1077 d -> ok lintwin tank 663.6 (+12.1) miss 32 km (0.7 s)
[14:27:25]     settle  5:  63 @    713 d -> ok lintwin tank 649.1 (+18.3) miss 7 km (0.4 s)
[14:27:25]     settle  6:  50 @    868 d -> ok lintwin tank 667.6 (+18.6) miss 40 km (0.3 s)
[14:27:25]     settle  5: 128 @    684 d -> ok lintwin tank 636.9 (+6.1) miss 15 km (0.1 s)
[14:27:26]     settle  6: 286 @    976 d -> ok lintwin tank 647.4 (+10.5) miss 8 km (0.6 s)
[14:27:26]     settle  6: 101 @    870 d -> ok lintwin tank 650.9 (+14.3) miss 4 km (0.3 s)
[14:27:26]     settle  5: 128 @    685 d -> ok lintwin tank 636.9 (+6.1) miss 9 km (0.1 s)
[14:27:27]     settle  6: 286 @    975 d -> ok lintwin tank 647.4 (+10.5) miss 7 km (0.6 s)
[14:27:27]     settle  7: 195 @   1080 d -> ok lintwin tank 651.5 (+4.1) miss 5 km (0.3 s)
[14:27:27]   drift: leg 195@1080 d settled outside (T, T+H] -> column cut at 2
[14:27:28]     settle  6: 101 @    856 d -> ok lintwin tank 650.9 (+14.0) miss 14 km (0.3 s)
[14:27:28]     settle  7: 226 @    917 d -> ok lintwin tank 656.6 (+5.7) miss 20 km (0.1 s)
[14:27:28]     settle  7: 256 @    972 d -> ok lintwin tank 678.6 (+27.7) miss 19 km (0.4 s)
[14:27:29]     settle  7: 263 @   1005 d -> ok lintwin tank 681.5 (+30.7) miss 27 km (0.9 s)
[14:27:30]     settle  8: 260 @   1066 d -> ok lintwin tank 693.4 (+11.9) miss 76 km (0.8 s)
[14:27:31]     settle  6: 109 @    889 d -> ok lintwin tank 649.5 (+12.9) miss 21 km (0.3 s)
[14:27:31]     settle  7: 286 @    979 d -> ok lintwin tank 655.6 (+6.1) miss 11 km (0.3 s)
[14:27:31]     settle  8: 198 @   1071 d -> ok lintwin tank 666.8 (+11.2) miss 6 km (0.3 s)
[14:27:32]     settle  8: 195 @   1079 d -> ok lintwin tank 674.8 (+19.2) miss 24 km (0.4 s)
[14:27:32]   1 candidates dropped (settle failure / regrid failure / duplicate after truncation)
[14:27:32] RESULT s01_c2: 15 columns; frontier 1fb 5 kg p0/2 | 2fb 17 kg p2/2 | 3fb 26 kg p1/2 | 4fb 36 kg p0/0; settles 24 (24 ok), regrids 15 (15 ok); wall 122 s of 420 (plan 110, price 0, settle 12; budget hit None, 0 unsettled)
[14:27:32]   job s01_c2 craft columns  15  levels 9  settles 24/24  end plan_done  wall 121.8 s
[14:27:39] plan: 2357 states, depth 10 new flybys, end plan_done (129 s); deepest 10 new to 2147 d at planner fuel 444 kg
[14:27:39]   depth  1:  138 states (118 in H), t_end 619-1174 d, fuel 29-140 kg
[14:27:39]   depth  2:  300 states (200 in H), t_end 714-1604 d, fuel 43-193 kg
[14:27:39]   depth  3:  300 states (44 in H), t_end 993-1637 d, fuel 94-225 kg
[14:27:39]   depth  4:  300 states (0 in H), t_end 1514-2001 d, fuel 147-262 kg
[14:27:39]   depth  5:  300 states (0 in H), t_end 1625-1863 d, fuel 173-316 kg
[14:27:39]   depth  6:  300 states (0 in H), t_end 1723-2122 d, fuel 214-357 kg
[14:27:39]   depth  7:  300 states (0 in H), t_end 1828-2152 d, fuel 226-400 kg
[14:27:39]   depth  8:  300 states (0 in H), t_end 1933-2158 d, fuel 266-445 kg
[14:27:39]   depth  9:  114 states (0 in H), t_end 2053-2159 d, fuel 296-479 kg
[14:27:39]   depth 10:    5 states (0 in H), t_end 2108-2160 d, fuel 444-500 kg
[14:27:39] candidates: 183 distinct committed target sets (n_new 1-3, potential 0-1)
[14:27:39] frontier: 16 candidates chosen (n fb / committed planner kg / continuation (lookahead) [full]; pot_mode lookahead, pot_cap None): 1fb/30kg/p1(0)[1], 1fb/33kg/p0(0)[0], 1fb/47kg/p2(1)[2], 1fb/67kg/p2(0)[2], 1fb/68kg/p2(1)[2], 1fb/75kg/p2(0)[2], 1fb/78kg/p2(0)[2], 1fb/90kg/p2(1)[2], 1fb/98kg/p2(0)[2], 1fb/110kg/p2(1)[2], 2fb/43kg/p0(0)[0], 2fb/50kg/p0(0)[0], 2fb/80kg/p1(1)[1], 3fb/112kg/p0(0)[0], 3fb/127kg/p0(0)[0], 3fb/152kg/p0(0)[0]
[14:27:39] budget: 291 s of 420 left for the settles + regrids (settle_wall 480)
[14:27:39]     settle  3: 205 @    720 d -> ok lintwin tank 612.8 (+1.3) miss 7 km (0.1 s)
[14:27:41]     settle  3: 294 @   1075 d -> ok lintwin tank 614.7 (+3.2) miss 38 km (1.1 s)
[14:27:41]   drift: leg 294@1075 d settled outside (T, T+H] -> column cut at 0
[14:27:41]     settle  3:  95 @    806 d -> ok lintwin tank 619.8 (+8.3) miss 7 km (0.1 s)
[14:27:41]     settle  3: 122 @    621 d -> ok lintwin tank 626.2 (+14.7) miss 23 km (0.2 s)
[14:27:41]     settle  3:  65 @    872 d -> ok lintwin tank 629.8 (+18.3) miss 3 km (0.4 s)
[14:27:42]     settle  3: 256 @    796 d -> ok lintwin tank 671.2 (+59.7) miss 0 km (0.9 s)
[14:27:43]     settle  3: 292 @    663 d -> ok lintwin tank 632.9 (+21.4) miss 10 km (0.2 s)
[14:27:43] plan: 2515 states, depth 11 new flybys, end plan_done (133 s); deepest 11 new to 2095 d at planner fuel 495 kg
[14:27:43]   depth  1:   89 states (77 in H), t_end 616-1189 d, fuel 8-120 kg
[14:27:43]   depth  2:  300 states (114 in H), t_end 818-1594 d, fuel 34-180 kg
[14:27:43]   depth  3:  300 states (13 in H), t_end 945-1601 d, fuel 59-221 kg
[14:27:43]   depth  4:  300 states (2 in H), t_end 1009-2058 d, fuel 87-275 kg
[14:27:43]   depth  5:  300 states (0 in H), t_end 1436-1896 d, fuel 107-307 kg
[14:27:43]   depth  6:  300 states (0 in H), t_end 1598-2145 d, fuel 128-324 kg
[14:27:43]   depth  7:  300 states (0 in H), t_end 1703-2157 d, fuel 157-351 kg
[14:27:43]   depth  8:  300 states (0 in H), t_end 1788-2159 d, fuel 169-404 kg
[14:27:43]   depth  9:  262 states (0 in H), t_end 1892-2160 d, fuel 253-449 kg
[14:27:43]   depth 10:   61 states (0 in H), t_end 2032-2160 d, fuel 311-478 kg
[14:27:43]   depth 11:    3 states (0 in H), t_end 2095-2102 d, fuel 495-521 kg
[14:27:43] candidates: 106 distinct committed target sets (n_new 1-4, potential 0-2)
[14:27:43] frontier: 16 candidates chosen (n fb / committed planner kg / continuation (lookahead) [full]; pot_mode lookahead, pot_cap None): 1fb/8kg/p4(2)[4], 1fb/19kg/p1(0)[1], 1fb/25kg/p1(1)[1], 1fb/28kg/p1(0)[1], 1fb/89kg/p3(2)[3], 1fb/98kg/p3(0)[3], 1fb/115kg/p3(1)[3], 2fb/34kg/p0(0)[0], 2fb/48kg/p3(2)[3], 2fb/49kg/p2(2)[2], 2fb/55kg/p2(2)[2], 3fb/85kg/p2(2)[2], 3fb/155kg/p1(0)[1], 3fb/164kg/p1(1)[1], 4fb/180kg/p0(0)[0], 4fb/233kg/p0(0)[0]
[14:27:43] budget: 287 s of 420 left for the settles + regrids (settle_wall 480)
[14:27:43]     settle  3: 175 @    736 d -> ok lintwin tank 639.2 (+27.7) miss 94 km (0.2 s)
[14:27:43]     settle  3: 271 @    676 d -> ok lintwin tank 604.5 (+1.1) miss 0 km (0.3 s)
[14:27:43]     settle  3:  44 @    858 d -> ok lintwin tank 611.8 (+8.4) miss 0 km (0.2 s)
[14:27:44]     settle  3: 161 @    755 d -> ok lintwin tank 644.4 (+32.9) miss 79 km (0.6 s)
[14:27:44]     settle  3: 187 @    966 d -> ok lintwin tank 612.3 (+8.9) miss 6 km (0.3 s)
[14:27:44]     settle  3: 202 @    809 d -> ok lintwin tank 613.7 (+10.3) miss 1 km (0.3 s)
[14:27:45]     settle  3: 227 @    848 d -> ok lintwin tank 612.0 (+8.6) miss 1 km (0.2 s)
[14:27:45]     settle  3:  68 @    616 d -> ok lintwin tank 642.5 (+39.2) miss 73 km (0.4 s)
[14:27:46]     settle  3: 250 @    678 d -> ok lintwin tank 619.7 (+16.3) miss 7 km (0.2 s)
[14:27:46]     settle  4: 295 @   1009 d -> ok lintwin tank 614.0 (+9.5) miss 1 km (0.4 s)
[14:27:46]     settle  4: 227 @    837 d -> ok lintwin tank 615.9 (+11.4) miss 0 km (0.2 s)
[14:27:46]     settle  3: 134 @    862 d -> ok lam tank 638.3 (+26.8) miss 10 km (2.6 s)
[14:27:47]     settle  4: 191 @    956 d -> ok lintwin tank 617.0 (+4.2) miss 3 km (0.1 s)
[14:27:47]     settle  4:  88 @    981 d -> ok lintwin tank 611.3 (+6.8) miss 0 km (0.3 s)
[14:27:47]     settle  4: 183 @    925 d -> ok lintwin tank 617.1 (+4.3) miss 95 km (0.2 s)
[14:27:47]     settle  4: 177 @    946 d -> ok lintwin tank 621.6 (+17.1) miss 4 km (0.3 s)
[14:27:47]     settle  4:  27 @   1025 d -> ok lintwin tank 626.1 (+6.3) miss 1 km (0.2 s)
[14:27:48]     settle  5: 163 @   1001 d -> ok lintwin tank 625.6 (+9.7) miss 1 km (0.3 s)
[14:27:48]     settle  4:  20 @    992 d -> ok lintwin tank 632.4 (+2.6) miss 12 km (0.3 s)
[14:27:48]     settle  5: 190 @   1070 d -> ok lintwin tank 641.8 (+9.5) miss 22 km (0.4 s)
[14:27:48]     settle  4: 227 @    830 d -> ok lintwin tank 660.2 (+17.7) miss 58 km (0.5 s)
[14:27:49]     settle  5: 177 @    947 d -> ok lintwin tank 675.1 (+14.9) miss 51 km (0.3 s)
[14:27:49]     settle  5: 234 @   1009 d -> ok lintwin tank 660.0 (+-0.2) miss 44 km (0.3 s)
[14:27:49]     settle  4:  65 @    880 d -> ok lintwin tank 768.0 (+96.8) miss 74 km (1.2 s)
[14:27:50]     settle  6: 234 @   1009 d -> ok lintwin tank 679.4 (+4.2) miss 71 km (0.4 s)
[14:27:50]     settle  5: 177 @    950 d -> ok lintwin tank 675.0 (+14.7) miss 78 km (0.4 s)
[14:27:50]     settle  5: 184 @   1068 d -> ok lam tank 839.7 (+71.7) miss 2 km (0.7 s)
[14:27:50]   drift: leg 184@1068 d settled outside (T, T+H] -> column cut at 2
[14:27:51]     settle  6: 154 @   1080 d -> ok lintwin tank 690.9 (+15.9) miss 72 km (0.4 s)
[14:27:51]   drift: leg 154@1080 d settled outside (T, T+H] -> column cut at 3
[14:27:51]   1 candidates dropped (settle failure / regrid failure / duplicate after truncation)
[14:27:51] RESULT s01_c5: 15 columns; frontier 1fb 1 kg p2/2 | 2fb 8 kg p2/2 | 3fb 22 kg p2/2 | 4fb 76 kg p0/0; settles 18 (18 ok), regrids 15 (15 ok); wall 141 s of 420 (plan 133, price 0, settle 8; budget hit None, 0 unsettled)
[14:27:51]     settle  4:  20 @   1001 d -> ok lintwin tank 641.0 (+1.8) miss 23 km (0.4 s)
[14:27:51]     settle  5: 190 @   1071 d -> ok lintwin tank 658.0 (+17.0) miss 2 km (0.3 s)
[14:27:51]   1 candidates dropped (settle failure / regrid failure / duplicate after truncation)
[14:27:51] RESULT s01_c7: 15 columns; frontier 1fb 1 kg p0/1 | 2fb 5 kg p0/1 | 3fb 30 kg p0/0; settles 19 (19 ok), regrids 15 (15 ok); wall 141 s of 420 (plan 129, price 0, settle 12; budget hit None, 0 unsettled)
[14:27:52]   job s01_c5 craft columns  15  levels 11  settles 18/18  end plan_done  wall 140.5 s
[14:27:52]   job s01_c7 craft columns  15  levels 10  settles 19/19  end plan_done  wall 141.1 s
[14:28:09] plan: 2908 states, depth 12 new flybys, end plan_done (159 s); deepest 12 new to 2116 d at planner fuel 415 kg
[14:28:09]   depth  1:  139 states (124 in H), t_end 622-1170 d, fuel 43-152 kg
[14:28:09]   depth  2:  300 states (216 in H), t_end 734-1609 d, fuel 52-198 kg
[14:28:09]   depth  3:  300 states (130 in H), t_end 844-1774 d, fuel 66-253 kg
[14:28:09]   depth  4:  300 states (28 in H), t_end 990-1698 d, fuel 103-234 kg
[14:28:09]   depth  5:  300 states (2 in H), t_end 1072-2111 d, fuel 135-289 kg
[14:28:09]   depth  6:  300 states (0 in H), t_end 1400-1998 d, fuel 160-309 kg
[14:28:09]   depth  7:  300 states (0 in H), t_end 1493-2139 d, fuel 196-356 kg
[14:28:09]   depth  8:  300 states (0 in H), t_end 1704-2112 d, fuel 267-376 kg
[14:28:09]   depth  9:  300 states (0 in H), t_end 1824-2143 d, fuel 280-433 kg
[14:28:09]   depth 10:  300 states (0 in H), t_end 1969-2155 d, fuel 300-482 kg
[14:28:09]   depth 11:   68 states (0 in H), t_end 2067-2155 d, fuel 386-532 kg
[14:28:09]   depth 12:    1 states (0 in H), t_end 2116-2116 d, fuel 415-415 kg
[14:28:09] candidates: 188 distinct committed target sets (n_new 1-5, potential 0-2)
[14:28:09] frontier: 16 candidates chosen (n fb / committed planner kg / continuation (lookahead) [full]; pot_mode lookahead, pot_cap None): 1fb/44kg/p0(0)[0], 1fb/46kg/p0(0)[0], 1fb/48kg/p5(2)[5], 1fb/60kg/p3(2)[3], 1fb/64kg/p2(0)[2], 2fb/52kg/p0(0)[0], 2fb/59kg/p1(1)[1], 2fb/84kg/p2(1)[2], 2fb/90kg/p4(2)[4], 3fb/66kg/p0(0)[0], 3fb/81kg/p0(0)[0], 3fb/120kg/p3(2)[3], 4fb/135kg/p2(2)[2], 4fb/139kg/p0(0)[0], 4fb/143kg/p0(0)[0], 5fb/228kg/p0(0)[0]
[14:28:09] budget: 261 s of 420 left for the settles + regrids (settle_wall 480)
[14:28:09]     settle  5: 263 @    943 d -> ok lintwin tank 618.5 (+2.0) miss 2 km (0.1 s)
[14:28:10]     settle  5: 204 @    968 d -> ok lintwin tank 619.4 (+2.9) miss 1 km (0.3 s)
[14:28:10]     settle  5: 135 @    646 d -> ok lintwin tank 619.8 (+3.3) miss 1 km (0.1 s)
[14:28:10]     settle  5: 245 @    755 d -> ok lintwin tank 625.1 (+8.6) miss 5 km (0.4 s)
[14:28:11]     settle  5:  59 @    839 d -> ok lintwin tank 627.7 (+11.2) miss 10 km (0.2 s)
[14:28:11]     settle  5: 205 @    735 d -> ok lintwin tank 620.1 (+3.6) miss 6 km (0.1 s)
[14:28:11]     settle  6: 204 @    966 d -> ok lintwin tank 621.1 (+1.0) miss 10 km (0.2 s)
[14:28:11] plan: 3124 states, depth 12 new flybys, end plan_done (161 s); deepest 12 new to 2109 d at planner fuel 412 kg
[14:28:11]   depth  1:   89 states (79 in H), t_end 656-1174 d, fuel 30-147 kg
[14:28:11]   depth  2:  300 states (174 in H), t_end 721-1671 d, fuel 48-215 kg
[14:28:11]   depth  3:  300 states (44 in H), t_end 808-1798 d, fuel 79-243 kg
[14:28:11]   depth  4:  300 states (0 in H), t_end 1085-2156 d, fuel 101-300 kg
[14:28:11]   depth  5:  300 states (0 in H), t_end 1271-1711 d, fuel 142-251 kg
[14:28:11]   depth  6:  300 states (0 in H), t_end 1380-2039 d, fuel 173-301 kg
[14:28:11]   depth  7:  300 states (0 in H), t_end 1612-1999 d, fuel 211-332 kg
[14:28:11]   depth  8:  300 states (0 in H), t_end 1684-2132 d, fuel 240-394 kg
[14:28:11]   depth  9:  300 states (0 in H), t_end 1745-2130 d, fuel 259-441 kg
[14:28:11]   depth 10:  300 states (0 in H), t_end 1807-2123 d, fuel 270-460 kg
[14:28:11]   depth 11:  300 states (0 in H), t_end 1977-2160 d, fuel 337-500 kg
[14:28:11]   depth 12:   35 states (0 in H), t_end 2072-2160 d, fuel 412-476 kg
[14:28:11] candidates: 193 distinct committed target sets (n_new 1-3, potential 0-3)
[14:28:11] frontier: 16 candidates chosen (n fb / committed planner kg / continuation (lookahead) [full]; pot_mode lookahead, pot_cap None): 1fb/33kg/p5(3)[5], 1fb/33kg/p1(0)[1], 1fb/44kg/p1(1)[1], 1fb/48kg/p2(2)[2], 1fb/51kg/p1(1)[1], 1fb/76kg/p2(0)[2], 1fb/88kg/p2(1)[2], 1fb/124kg/p2(1)[2], 1fb/128kg/p2(1)[2], 2fb/48kg/p1(1)[1], 2fb/64kg/p0(0)[0], 2fb/71kg/p4(3)[4], 3fb/95kg/p2(2)[2], 3fb/101kg/p0(0)[0], 3fb/116kg/p3(3)[3], 3fb/138kg/p3(3)[3]
[14:28:11] budget: 259 s of 420 left for the settles + regrids (settle_wall 480)
[14:28:11]     settle  4: 178 @    723 d -> ok lintwin tank 613.5 (+0.7) miss 1 km (0.2 s)
[14:28:11]     settle  6: 204 @    966 d -> ok lintwin tank 622.1 (+2.3) miss 64 km (0.2 s)
[14:28:12]     settle  6:  59 @    841 d -> ok lintwin tank 627.9 (+8.1) miss 3 km (0.2 s)
[14:28:12]     settle  4: 163 @    921 d -> ok lintwin tank 621.3 (+8.5) miss 12 km (0.4 s)
[14:28:12]     settle  6: 245 @    761 d -> ok lintwin tank 626.1 (+6.4) miss 2 km (0.2 s)
[14:28:12]     settle  4: 264 @   1032 d -> ok lintwin tank 616.5 (+3.7) miss 5 km (0.3 s)
[14:28:12]     settle  6: 205 @    734 d -> ok lintwin tank 620.5 (+0.8) miss 1 km (0.1 s)
[14:28:13]     settle  7: 204 @    966 d -> ok lintwin tank 622.2 (+1.7) miss 7 km (0.1 s)
[14:28:13]     settle  4: 102 @    797 d -> ok lintwin tank 619.2 (+6.4) miss 5 km (0.2 s)
[14:28:13]     settle  6: 245 @    756 d -> ok lintwin tank 626.1 (+6.4) miss 2 km (0.2 s)
[14:28:13]     settle  7: 285 @   1009 d -> ok lintwin tank 628.0 (+1.9) miss 2 km (0.3 s)
[14:28:13]     settle  7:  59 @    844 d -> ok lintwin tank 637.6 (+11.4) miss 6 km (0.1 s)
[14:28:14]     settle  8: 184 @   1078 d -> ok lintwin tank 640.2 (+2.6) miss 3 km (0.2 s)
[14:28:14]     settle  7: 263 @    946 d -> ok lintwin tank 632.4 (+6.2) miss 1 km (0.3 s)
[14:28:14]     settle  8: 285 @   1009 d -> ok lintwin tank 635.5 (+3.1) miss 1 km (0.3 s)
[14:28:15]     settle  7: 263 @    956 d -> ok lintwin tank 632.4 (+6.2) miss 2 km (0.3 s)
[14:28:15]     settle  8: 294 @   1046 d -> ok lintwin tank 645.7 (+13.3) miss 53 km (0.6 s)
[14:28:16]     settle  8: 163 @   1004 d -> ok lintwin tank 654.8 (+17.2) miss 4 km (0.3 s)
[14:28:16]     settle  9: 190 @   1072 d -> ok lintwin tank 665.1 (+10.3) miss 8 km (0.3 s)
[14:28:16]   drift: leg 190@1072 d settled outside (T, T+H] -> column cut at 4
[14:28:16] RESULT s01_c1: 16 columns; frontier 1fb 2 kg p0/2 | 2fb 5 kg p0/2 | 3fb 6 kg p0/2 | 4fb 19 kg p0/2; settles 22 (22 ok), regrids 16 (16 ok); wall 166 s of 420 (plan 159, price 0, settle 7; budget hit None, 0 unsettled)
[14:28:16]   job s01_c1 craft columns  16  levels 12  settles 22/22  end plan_done  wall 166.3 s
[14:28:18]     settle  4: 296 @    975 d -> FAIL [('lam', 60806427.1)] (5.5 s)
[14:28:18]     settle  4: 294 @    656 d -> ok lintwin tank 631.6 (+18.8) miss 7 km (0.2 s)
[14:28:19]     settle  4: 290 @    797 d -> ok lintwin tank 657.5 (+44.7) miss 70 km (0.5 s)
[14:28:20]     settle  4: 236 @    675 d -> ok lintwin tank 685.3 (+72.5) miss 88 km (0.4 s)
[14:28:20] plan: 3010 states, depth 12 new flybys, end plan_done (170 s); deepest 12 new to 2154 d at planner fuel 581 kg
[14:28:20]   depth  1:  119 states (107 in H), t_end 631-1208 d, fuel 90-200 kg
[14:28:20]   depth  2:  300 states (208 in H), t_end 770-1743 d, fuel 121-260 kg
[14:28:20]   depth  3:  300 states (41 in H), t_end 927-1846 d, fuel 161-315 kg
[14:28:20]   depth  4:  300 states (0 in H), t_end 1145-1750 d, fuel 198-338 kg
[14:28:20]   depth  5:  300 states (0 in H), t_end 1289-2149 d, fuel 270-386 kg
[14:28:20]   depth  6:  300 states (0 in H), t_end 1479-2086 d, fuel 317-433 kg
[14:28:20]   depth  7:  300 states (0 in H), t_end 1578-2158 d, fuel 341-484 kg
[14:28:20]   depth  8:  300 states (0 in H), t_end 1685-2158 d, fuel 387-529 kg
[14:28:20]   depth  9:  300 states (0 in H), t_end 1765-2158 d, fuel 426-571 kg
[14:28:20]   depth 10:  300 states (0 in H), t_end 1893-2159 d, fuel 432-570 kg
[14:28:20]   depth 11:  186 states (0 in H), t_end 2041-2159 d, fuel 475-587 kg
[14:28:20]   depth 12:    5 states (0 in H), t_end 2150-2160 d, fuel 581-608 kg
[14:28:20] candidates: 158 distinct committed target sets (n_new 1-3, potential 0-2)
[14:28:20] frontier: 16 candidates chosen (n fb / committed planner kg / continuation (lookahead) [full]; pot_mode lookahead, pot_cap None): 1fb/96kg/p2(2)[2], 1fb/99kg/p1(0)[1], 1fb/131kg/p3(1)[3], 1fb/131kg/p2(2)[2], 1fb/134kg/p3(2)[3], 1fb/138kg/p2(1)[2], 1fb/155kg/p3(1)[3], 1fb/155kg/p4(2)[4], 1fb/193kg/p4(2)[4], 2fb/131kg/p0(0)[0], 2fb/142kg/p0(0)[0], 2fb/213kg/p3(2)[3], 2fb/217kg/p3(2)[3], 3fb/196kg/p1(1)[1], 3fb/196kg/p0(0)[0], 3fb/227kg/p2(2)[2]
[14:28:20] budget: 250 s of 420 left for the settles + regrids (settle_wall 480)
[14:28:20]     settle  4: 193 @    689 d -> ok lintwin tank 684.3 (+71.5) miss 63 km (0.5 s)
[14:28:20]     settle  5:  68 @   1043 d -> ok lintwin tank 616.6 (+3.2) miss 16 km (0.1 s)
[14:28:21]     settle  5: 269 @    857 d -> ok lintwin tank 646.9 (+10.3) miss 77 km (0.6 s)
[14:28:21]     settle  4: 182 @    784 d -> ok lintwin tank 621.5 (+8.7) miss 17 km (0.2 s)
[14:28:21]     settle  5: 165 @    993 d -> ok lintwin tank 623.3 (+1.8) miss 2 km (0.1 s)
[14:28:21]     settle  5: 107 @    840 d -> ok lintwin tank 639.8 (+3.3) miss 32 km (0.2 s)
[14:28:21]     settle  5: 102 @    796 d -> ok lintwin tank 626.9 (+13.4) miss 5 km (0.1 s)
[14:28:21]     settle  6:  68 @   1043 d -> ok lintwin tank 633.5 (+6.6) miss 50 km (0.3 s)
[14:28:22]     settle  5: 102 @    793 d -> ok lintwin tank 633.6 (+2.0) miss 6 km (0.1 s)
[14:28:22]     settle  5: 232 @    760 d -> ok lintwin tank 661.4 (+24.8) miss 64 km (0.7 s)
[14:28:23]     settle  6:  68 @   1038 d -> ok lintwin tank 635.9 (+2.3) miss 78 km (0.8 s)
[14:28:23]     settle  5: 261 @    908 d -> ok lintwin tank 692.8 (+56.3) miss 70 km (1.4 s)
[14:28:23]     settle  6: 214 @   1066 d -> ok lintwin tank 639.2 (+12.3) miss 66 km (0.7 s)
[14:28:24]     settle  6: 194 @   1053 d -> ok lintwin tank 632.4 (+5.4) miss 94 km (0.5 s)
[14:28:24]   1 candidates dropped (settle failure / regrid failure / duplicate after truncation)
[14:28:24] RESULT s01_c6: 15 columns; frontier 1fb 1 kg p3/3 | 2fb 4 kg p1/3 | 3fb 20 kg p3/3; settles 19 (17 ok), regrids 15 (15 ok); wall 174 s of 420 (plan 161, price 0, settle 13; budget hit None, 0 unsettled)
[14:28:24]   job s01_c6 craft columns  15  levels 12  settles 17/19  end plan_done  wall 174.0 s
[14:28:25]     settle  5: 294 @    773 d -> ok lintwin tank 672.3 (+35.8) miss 86 km (1.3 s)
[14:28:26]     settle  5:  98 @    819 d -> ok lintwin tank 674.8 (+38.3) miss 11 km (0.8 s)
[14:28:26]     settle  5: 136 @    651 d -> ok lintwin tank 660.8 (+24.2) miss 65 km (0.4 s)
[14:28:27]     settle  5:  51 @    671 d -> ok lintwin tank 658.5 (+22.0) miss 85 km (0.4 s)
[14:28:28]     settle  5:  31 @    681 d -> ok lintwin tank 701.5 (+65.0) miss 76 km (1.1 s)
[14:28:29]     settle  5:  76 @    853 d -> ok lintwin tank 652.8 (+16.3) miss 64 km (1.1 s)
[14:28:30]     settle  6: 266 @    935 d -> ok lintwin tank 662.9 (+10.1) miss 35 km (0.5 s)
[14:28:31]     settle  5: 288 @    884 d -> ok lintwin tank 655.7 (+19.1) miss 4 km (0.8 s)
[14:28:31]     settle  6: 266 @    932 d -> ok lintwin tank 669.3 (+13.6) miss 42 km (0.6 s)
[14:28:32]     settle  6: 134 @    856 d -> ok lintwin tank 665.3 (+6.8) miss 10 km (0.4 s)
[14:28:33]     settle  6:  10 @    877 d -> ok lintwin tank 669.7 (+11.2) miss 66 km (0.6 s)
[14:28:34]     settle  6:  10 @    880 d -> ok lintwin tank 778.5 (+117.2) miss 57 km (1.3 s)
[14:28:36]     settle  7:  66 @   1074 d -> ok lintwin tank 834.4 (+55.9) miss 79 km (2.1 s)
[14:28:37]     settle  6: 134 @    854 d -> ok lintwin tank 665.4 (+6.8) miss 21 km (0.4 s)
[14:28:37]     settle  7: 194 @   1046 d -> ok lintwin tank 672.0 (+6.6) miss 78 km (0.4 s)
[14:28:38]     settle  6:  10 @    880 d -> ok lintwin tank 707.2 (+5.7) miss 61 km (0.7 s)
[14:28:39]     settle  7: 194 @   1051 d -> ok lintwin tank 706.9 (+-0.3) miss 73 km (1.3 s)
[14:28:40] RESULT s01_c0: 16 columns; frontier 1fb 3 kg p0/2 | 2fb 26 kg p0/2 | 3fb 35 kg p0/2; settles 21 (21 ok), regrids 16 (16 ok); wall 189 s of 420 (plan 170, price 0, settle 20; budget hit None, 0 unsettled)
[14:28:41]   job s01_c0 craft columns  16  levels 12  settles 21/21  end plan_done  wall 189.5 s
[14:28:58] plan: 3839 states, depth 14 new flybys, end plan_done (207 s); deepest 14 new to 2120 d at planner fuel 367 kg
[14:28:58]   depth  1:  118 states (104 in H), t_end 620-1255 d, fuel 13-124 kg
[14:28:58]   depth  2:  300 states (156 in H), t_end 749-1725 d, fuel 25-182 kg
[14:28:58]   depth  3:  300 states (150 in H), t_end 879-1919 d, fuel 41-228 kg
[14:28:58]   depth  4:  300 states (21 in H), t_end 984-2002 d, fuel 80-243 kg
[14:28:58]   depth  5:  300 states (4 in H), t_end 1074-1871 d, fuel 112-271 kg
[14:28:58]   depth  6:  300 states (0 in H), t_end 1190-2090 d, fuel 153-300 kg
[14:28:58]   depth  7:  300 states (0 in H), t_end 1329-2160 d, fuel 199-347 kg
[14:28:58]   depth  8:  300 states (0 in H), t_end 1410-2158 d, fuel 215-381 kg
[14:28:58]   depth  9:  300 states (0 in H), t_end 1490-2159 d, fuel 228-435 kg
[14:28:58]   depth 10:  300 states (0 in H), t_end 1585-2159 d, fuel 259-461 kg
[14:28:58]   depth 11:  300 states (0 in H), t_end 1735-2145 d, fuel 280-483 kg
[14:28:58]   depth 12:  300 states (0 in H), t_end 1865-2147 d, fuel 303-505 kg
[14:28:58]   depth 13:  300 states (0 in H), t_end 1986-2146 d, fuel 320-542 kg
[14:28:58]   depth 14:  121 states (0 in H), t_end 2106-2150 d, fuel 367-563 kg
[14:28:58] candidates: 192 distinct committed target sets (n_new 1-5, potential 0-4)
[14:28:58] frontier: 16 candidates chosen (n fb / committed planner kg / continuation (lookahead) [full]; pot_mode lookahead, pot_cap None): 1fb/15kg/p2(0)[2], 1fb/23kg/p7(4)[7], 1fb/23kg/p0(0)[0], 1fb/27kg/p6(2)[6], 1fb/31kg/p5(2)[5], 2fb/25kg/p1(0)[1], 2fb/34kg/p1(0)[1], 2fb/51kg/p6(4)[6], 3fb/41kg/p0(0)[0], 3fb/66kg/p0(0)[0], 3fb/106kg/p5(4)[5], 4fb/100kg/p3(2)[3], 4fb/115kg/p3(2)[3], 4fb/167kg/p4(4)[4], 5fb/153kg/p2(2)[2], 5fb/167kg/p2(2)[2]
[14:28:58] budget: 213 s of 420 left for the settles + regrids (settle_wall 480)
[14:28:58]     settle  4: 222 @    888 d -> ok lintwin tank 606.8 (+1.9) miss 0 km (0.7 s)
[14:28:59]     settle  4: 237 @    630 d -> ok lintwin tank 606.4 (+1.5) miss 0 km (0.3 s)
[14:28:59]     settle  4: 296 @    987 d -> ok lintwin tank 609.5 (+4.7) miss 13 km (0.2 s)
[14:29:03]     settle  4:  13 @    620 d -> FAIL [('lam', 8946610.9)] (4.1 s)
[14:29:03]     settle  4: 289 @    756 d -> ok lintwin tank 613.2 (+8.4) miss 13 km (0.1 s)
[14:29:04]     settle  5: 296 @    987 d -> ok lintwin tank 609.7 (+2.9) miss 0 km (0.6 s)
[14:29:05]     settle  4: 237 @    630 d -> ok lintwin tank 606.4 (+1.5) miss 0 km (0.3 s)
[14:29:05]     settle  5: 222 @    890 d -> ok lintwin tank 607.3 (+0.9) miss 0 km (0.4 s)
[14:29:05]     settle  5: 289 @    755 d -> ok lintwin tank 616.5 (+10.2) miss 23 km (0.2 s)
[14:29:06] plan: 4116 states, depth 16 new flybys, end plan_done (215 s); deepest 16 new to 2140 d at planner fuel 640 kg
[14:29:06]   depth  1:  119 states (101 in H), t_end 643-1175 d, fuel 18-132 kg
[14:29:06]   depth  2:  300 states (160 in H), t_end 743-1710 d, fuel 59-187 kg
[14:29:06]   depth  3:  300 states (70 in H), t_end 856-1946 d, fuel 81-249 kg
[14:29:06]   depth  4:  300 states (10 in H), t_end 996-1441 d, fuel 117-291 kg
[14:29:06]   depth  5:  300 states (0 in H), t_end 1091-1616 d, fuel 164-324 kg
[14:29:06]   depth  6:  300 states (0 in H), t_end 1186-1876 d, fuel 187-350 kg
[14:29:06]   depth  7:  300 states (0 in H), t_end 1286-2152 d, fuel 209-380 kg
[14:29:06]   depth  8:  300 states (0 in H), t_end 1365-2158 d, fuel 229-412 kg
[14:29:06]   depth  9:  300 states (0 in H), t_end 1480-2154 d, fuel 261-465 kg
[14:29:06]   depth 10:  300 states (0 in H), t_end 1569-2157 d, fuel 326-512 kg
[14:29:06]   depth 11:  300 states (0 in H), t_end 1613-2157 d, fuel 331-561 kg
[14:29:06]   depth 12:  300 states (0 in H), t_end 1686-2156 d, fuel 396-609 kg
[14:29:06]   depth 13:  300 states (0 in H), t_end 1791-2148 d, fuel 461-609 kg
[14:29:06]   depth 14:  300 states (0 in H), t_end 1888-2152 d, fuel 501-645 kg
[14:29:06]   depth 15:   95 states (0 in H), t_end 2077-2155 d, fuel 582-676 kg
[14:29:06]   depth 16:    2 states (0 in H), t_end 2140-2144 d, fuel 640-652 kg
[14:29:06] candidates: 186 distinct committed target sets (n_new 1-4, potential 0-4)
[14:29:06] frontier: 16 candidates chosen (n fb / committed planner kg / continuation (lookahead) [full]; pot_mode lookahead, pot_cap None): 1fb/18kg/p0(0)[0], 1fb/35kg/p1(1)[1], 1fb/44kg/p2(1)[2], 1fb/47kg/p3(2)[3], 1fb/90kg/p7(4)[7], 1fb/123kg/p3(2)[3], 2fb/70kg/p1(1)[1], 2fb/71kg/p1(1)[1], 2fb/139kg/p6(4)[6], 3fb/142kg/p0(0)[0], 3fb/142kg/p5(4)[5], 3fb/144kg/p0(0)[0], 3fb/163kg/p4(4)[4], 4fb/164kg/p4(4)[4], 4fb/166kg/p1(1)[1], 4fb/175kg/p2(2)[2]
[14:29:06] budget: 204 s of 420 left for the settles + regrids (settle_wall 480)
[14:29:06]     settle  6: 296 @    987 d -> ok lintwin tank 611.8 (+4.5) miss 0 km (0.2 s)
[14:29:06]     settle  4: 126 @    857 d -> ok lintwin tank 608.4 (+0.9) miss 0 km (0.3 s)
[14:29:06]     settle  5: 289 @    749 d -> ok lintwin tank 616.5 (+10.1) miss 0 km (0.2 s)
[14:29:07]     settle  6:  25 @   1004 d -> ok lintwin tank 623.3 (+6.8) miss 0 km (0.3 s)
[14:29:07]     settle  4: 242 @   1069 d -> ok lintwin tank 614.2 (+6.7) miss 6 km (0.4 s)
[14:29:07]     settle  4: 290 @    696 d -> ok lintwin tank 617.1 (+9.6) miss 1 km (0.1 s)
[14:29:07]     settle  6: 222 @    880 d -> ok lintwin tank 622.0 (+5.5) miss 0 km (0.2 s)
[14:29:07]     settle  4: 117 @    787 d -> ok lintwin tank 619.2 (+11.7) miss 27 km (0.2 s)
[14:29:07]     settle  6: 222 @    888 d -> ok lintwin tank 622.0 (+5.5) miss 0 km (0.2 s)
[14:29:07]     settle  7: 296 @    990 d -> ok lintwin tank 634.5 (+12.4) miss 1 km (0.2 s)
[14:29:07]     settle  4:  97 @    696 d -> ok lintwin tank 626.1 (+18.6) miss 6 km (0.2 s)
[14:29:08]     settle  7: 103 @   1025 d -> ok lintwin tank 636.2 (+14.2) miss 2 km (0.1 s)
[14:29:08]     settle  8:  66 @   1075 d -> ok lintwin tank 654.7 (+20.2) miss 33 km (0.3 s)
[14:29:08]   3 candidates dropped (settle failure / regrid failure / duplicate after truncation)
[14:29:08] RESULT s01_c3: 13 columns; frontier 1fb 2 kg p4/4 | 2fb 2 kg p0/4 | 3fb 7 kg p0/4 | 4fb 30 kg p2/4 | 5fb 50 kg p2/2; settles 18 (16 ok), regrids 13 (13 ok); wall 218 s of 420 (plan 207, price 0, settle 11; budget hit None, 0 unsettled)
[14:29:09]     settle  4: 255 @    745 d -> ok lam tank 632.7 (+25.2) miss 28 km (1.0 s)
[14:29:09]   job s01_c3 craft columns  13  levels 14  settles 16/18  end plan_done  wall 218.2 s
[14:29:09]     settle  4: 183 @    679 d -> ok lintwin tank 633.1 (+25.6) miss 38 km (0.2 s)
[14:29:10]     settle  5: 171 @    868 d -> ok lintwin tank 682.4 (+49.3) miss 42 km (0.8 s)
[14:29:10]     settle  5: 242 @   1077 d -> ok lintwin tank 625.1 (+5.9) miss 4 km (0.3 s)
[14:29:10]   drift: leg 242@1077 d settled outside (T, T+H] -> column cut at 1
[14:29:11]     settle  5: 117 @    783 d -> ok lintwin tank 638.3 (+12.2) miss 6 km (0.2 s)
[14:29:11]     settle  4:  97 @    690 d -> ok lintwin tank 626.1 (+18.6) miss 94 km (0.2 s)
[14:29:11]     settle  5: 171 @    860 d -> ok lintwin tank 641.7 (+15.6) miss 1 km (0.3 s)
[14:29:12]     settle  6:  14 @   1079 d -> ok lintwin tank 647.3 (+5.7) miss 1 km (0.6 s)
[14:29:12]   drift: leg 14@1079 d settled outside (T, T+H] -> column cut at 2
[14:29:12]     settle  6: 141 @    856 d -> ok lintwin tank 645.1 (+6.8) miss 76 km (0.3 s)
[14:29:13]     settle  5: 109 @    870 d -> ok lintwin tank 631.3 (+5.2) miss 52 km (0.4 s)
[14:29:13]     settle  6:  14 @   1077 d -> ok lintwin tank 648.8 (+17.6) miss 5 km (0.6 s)
[14:29:13]   drift: leg 14@1077 d settled outside (T, T+H] -> column cut at 2
[14:29:14]     settle  6:  25 @   1001 d -> ok lintwin tank 646.2 (+7.9) miss 3 km (0.3 s)
[14:29:14]     settle  7:  25 @   1002 d -> ok lintwin tank 647.7 (+2.6) miss 85 km (0.3 s)
[14:29:15]     settle  7: 296 @   1000 d -> ok lintwin tank 652.6 (+7.5) miss 1 km (0.3 s)
[14:29:15]     settle  7: 103 @   1061 d -> ok lintwin tank 654.8 (+9.7) miss 84 km (0.4 s)
[14:29:15]   1 candidates dropped (settle failure / regrid failure / duplicate after truncation)
[14:29:15] RESULT s01_c4: 15 columns; frontier 1fb 1 kg p0/4 | 2fb 24 kg p0/4 | 3fb 38 kg p4/4 | 4fb 40 kg p4/4; settles 20 (20 ok), regrids 15 (15 ok); wall 225 s of 420 (plan 215, price 0, settle 10; budget hit None, 0 unsettled)
[14:29:17]   job s01_c4 craft columns  15  levels 16  settles 20/20  end plan_done  wall 225.1 s
[14:29:17] [slice 1] propose: 120 columns (0 bad dropped) in 226.5 s
[14:29:17] [slice 1] auction: 120 columns, kept 119, dropped {'ramp': 1}; lam 1.00 H_eff 540 d fuel budget 482 kg quota on
[14:29:17] [slice 1] auction: status optimal objective 31.502 vars 119 rows 57 chosen 8 fuel 352/482 kg (0.018 s)
[14:29:19] [slice 1] claims: c0:2 c1:2 c3:2 c4:4 c6:2  (12 targets: 1 kept, 11 new; 18 released, 0 expired (ttl 4), 1 conflicts)
[14:29:19] [slice 1 T=540 d] launched 8/8  covered 55  remaining 243  fuel 476 kg  sumJi 8.3564  chosen: c0:3(+70) c1:4(+24) c2:4(+36) c3:5(+50) c4:4(+40) c5:4(+76) c6:3(+26) c7:3(+30)  rejected: -  (wall 229 s)
[14:29:19] [slice 2] claims in force: c0:2 c1:2 c3:2 c4:4 c6:2  (12 targets; claim_bonus 1.0, ttl 4)
[14:29:19]   c0: claims: 2 own (prized +1.0), 10 claimed by others withheld
[14:29:19]   c1: claims: 2 own (prized +1.0), 10 claimed by others withheld
[14:29:19]   c2: claims: 0 own (prized +1.0), 12 claimed by others withheld
[14:29:19]   c3: claims: 2 own (prized +1.0), 10 claimed by others withheld
[14:29:19]   c4: claims: 4 own (prized +1.0), 8 claimed by others withheld
[14:29:19]   c5: claims: 0 own (prized +1.0), 12 claimed by others withheld
[14:29:19]   c6: claims: 2 own (prized +1.0), 10 claimed by others withheld
[14:29:19]   c7: claims: 0 own (prized +1.0), 12 claimed by others withheld
[14:29:19] [slice 2 T=1080 d] propose: 8 jobs (8 craft, 0 root) on 9 workers, proposer planbeam, H_eff 540 d, lam 1.0
[14:29:19] job s02_c0 (craft, craft 0, planbeam): T 1080 d H 540 L 360; plan horizon 2700 d; remaining 233; prize >1 on 30; width 300 npt 6 mc 150 dv 1.6 drmax 0.2 plan_wall 300 s; quota {'fil': 8, 'med': 17}
[14:29:19] job s02_c4 (craft, craft 4, planbeam): T 1080 d H 540 L 360; plan horizon 2700 d; remaining 235; prize >1 on 32; width 300 npt 6 mc 150 dv 1.6 drmax 0.2 plan_wall 300 s; quota {'fil': 9, 'med': 15}
[14:29:19] job s02_c3 (craft, craft 3, planbeam): T 1080 d H 540 L 360; plan horizon 2700 d; remaining 233; prize >1 on 30; width 300 npt 6 mc 150 dv 1.6 drmax 0.2 plan_wall 300 s; quota {'fil': 7, 'med': 16}
[14:29:19] job s02_c6 (craft, craft 6, planbeam): T 1080 d H 540 L 360; plan horizon 2700 d; remaining 233; prize >1 on 30; width 300 npt 6 mc 150 dv 1.6 drmax 0.2 plan_wall 300 s; quota {'fil': 10, 'med': 15}
[14:29:19] job s02_c1 (craft, craft 1, planbeam): T 1080 d H 540 L 360; plan horizon 2700 d; remaining 233; prize >1 on 30; width 300 npt 6 mc 150 dv 1.6 drmax 0.2 plan_wall 300 s; quota {'fil': 7, 'med': 16}
[14:29:19] job s02_c5 (craft, craft 5, planbeam): T 1080 d H 540 L 360; plan horizon 2700 d; remaining 231; prize >1 on 28; width 300 npt 6 mc 150 dv 1.6 drmax 0.2 plan_wall 300 s; quota {'fil': 11, 'med': 16}
[14:29:19] job s02_c7 (craft, craft 7, planbeam): T 1080 d H 540 L 360; plan horizon 2700 d; remaining 231; prize >1 on 28; width 300 npt 6 mc 150 dv 1.6 drmax 0.2 plan_wall 300 s; quota {'fil': 9, 'med': 16}
[14:29:19] job s02_c2 (craft, craft 2, planbeam): T 1080 d H 540 L 360; plan horizon 2700 d; remaining 231; prize >1 on 28; width 300 npt 6 mc 150 dv 1.6 drmax 0.2 plan_wall 300 s; quota {'fil': 5, 'med': 18}
[14:29:19] prefix slices/s02/in/craft_7.npz: 5 flybys, t_end 1078.7 d, tank 641.7 kg (planner view), miss 0.3 km, nreg 43
[14:29:19] budget: job_wall 420 s, 420 s left before the plan -> plan cap 300 s (plan_wall 300, settle_reserve 90)
[14:29:19] prefix slices/s02/in/craft_6.npz: 6 flybys, t_end 1064.2 d, tank 639.2 kg (planner view), miss 50.2 km, nreg 43
[14:29:19] prefix slices/s02/in/craft_5.npz: 6 flybys, t_end 1009.7 d, tank 679.2 kg (planner view), miss 73.5 km, nreg 40
[14:29:19] budget: job_wall 420 s, 420 s left before the plan -> plan cap 300 s (plan_wall 300, settle_reserve 90)
[14:29:19] budget: job_wall 420 s, 420 s left before the plan -> plan cap 300 s (plan_wall 300, settle_reserve 90)
[14:29:19] prefix slices/s02/in/craft_1.npz: 8 flybys, t_end 1078.4 d, tank 640.2 kg (planner view), miss 0.2 km, nreg 53
[14:29:19] budget: job_wall 420 s, 420 s left before the plan -> plan cap 300 s (plan_wall 300, settle_reserve 90)
[14:29:19] prefix slices/s02/in/craft_4.npz: 7 flybys, t_end 1002.3 d, tank 647.6 kg (planner view), miss 0.1 km, nreg 43
[14:29:19] budget: job_wall 420 s, 420 s left before the plan -> plan cap 300 s (plan_wall 300, settle_reserve 90)
[14:29:19] prefix slices/s02/in/craft_0.npz: 7 flybys, t_end 1054.5 d, tank 706.9 kg (planner view), miss 14.2 km, nreg 55
[14:29:19] budget: job_wall 420 s, 420 s left before the plan -> plan cap 300 s (plan_wall 300, settle_reserve 90)
[14:29:19] prefix slices/s02/in/craft_2.npz: 8 flybys, t_end 1071.2 d, tank 666.7 kg (planner view), miss 0.0 km, nreg 52
[14:29:19] budget: job_wall 420 s, 420 s left before the plan -> plan cap 300 s (plan_wall 300, settle_reserve 90)
[14:29:19] prefix slices/s02/in/craft_3.npz: 8 flybys, t_end 1075.4 d, tank 654.5 kg (planner view), miss 0.0 km, nreg 50
[14:29:19] budget: job_wall 420 s, 420 s left before the plan -> plan cap 300 s (plan_wall 300, settle_reserve 90)
[14:29:25] first level (both): 0 production + 68 relaxed (dv 2.5, 0.3 AU; 0.1 s) + 63 lintwin children -> 99 unique (6.5 s)
[14:29:25] plan start: prefix 6 flybys, t_end 1009.7 d, planner mass 1417.0 kg (dv 4.765 km/s); 99 first-level states
[14:29:25] first level (both): 0 production + 81 relaxed (dv 2.5, 0.3 AU; 0.1 s) + 68 lintwin children -> 105 unique (6.6 s)
[14:29:25] plan start: prefix 5 flybys, t_end 1078.7 d, planner mass 1499.7 kg (dv 2.541 km/s); 105 first-level states
[14:29:26] first level (both): 0 production + 20 relaxed (dv 2.5, 0.3 AU; 0.1 s) + 64 lintwin children -> 75 unique (6.8 s)
[14:29:26] plan start: prefix 6 flybys, t_end 1064.2 d, planner mass 1505.7 kg (dv 2.384 km/s); 75 first-level states
[14:29:26] first level (both): 0 production + 38 relaxed (dv 2.5, 0.3 AU; 0.1 s) + 80 lintwin children -> 99 unique (7.3 s)
[14:29:26] plan start: prefix 7 flybys, t_end 1002.3 d, planner mass 1486.1 kg (dv 2.898 km/s); 99 first-level states
[14:29:26] first level (both): 0 production + 87 relaxed (dv 2.5, 0.3 AU; 0.1 s) + 59 lintwin children -> 91 unique (7.5 s)
[14:29:26] plan start: prefix 8 flybys, t_end 1078.4 d, planner mass 1503.4 kg (dv 2.443 km/s); 91 first-level states
[14:29:26] first level (both): 0 production + 76 relaxed (dv 2.5, 0.3 AU; 0.1 s) + 70 lintwin children -> 104 unique (7.7 s)
[14:29:26] plan start: prefix 8 flybys, t_end 1075.4 d, planner mass 1470.4 kg (dv 3.313 km/s); 104 first-level states
[14:29:27] first level (both): 0 production + 50 relaxed (dv 2.5, 0.3 AU; 0.1 s) + 76 lintwin children -> 101 unique (7.9 s)
[14:29:27] plan start: prefix 8 flybys, t_end 1071.2 d, planner mass 1443.6 kg (dv 4.036 km/s); 101 first-level states
[14:29:27] first level (both): 0 production + 59 relaxed (dv 2.5, 0.3 AU; 0.1 s) + 62 lintwin children -> 92 unique (8.0 s)
[14:29:27] plan start: prefix 7 flybys, t_end 1054.5 d, planner mass 1361.5 kg (dv 6.332 km/s); 92 first-level states
[14:31:14] plan: 2054 states, depth 9 new flybys, end plan_done (116 s); deepest 9 new to 2692 d at planner fuel 422 kg
[14:31:14]   depth  1:   91 states (75 in H), t_end 1203-1806 d, fuel 101-207 kg
[14:31:14]   depth  2:  300 states (61 in H), t_end 1299-2084 d, fuel 133-260 kg
[14:31:14]   depth  3:  300 states (5 in H), t_end 1473-2350 d, fuel 144-251 kg
[14:31:14]   depth  4:  300 states (0 in H), t_end 1718-2499 d, fuel 163-300 kg
[14:31:14]   depth  5:  300 states (0 in H), t_end 1996-2598 d, fuel 184-335 kg
[14:31:14]   depth  6:  300 states (0 in H), t_end 2341-2696 d, fuel 220-374 kg
[14:31:14]   depth  7:  300 states (0 in H), t_end 2452-2700 d, fuel 282-417 kg
[14:31:14]   depth  8:  158 states (0 in H), t_end 2535-2699 d, fuel 340-444 kg
[14:31:14]   depth  9:    5 states (0 in H), t_end 2664-2697 d, fuel 422-472 kg
[14:31:14] candidates: 83 distinct committed target sets (n_new 1-3, potential 0-2)
[14:31:14] frontier: 16 candidates chosen (n fb / committed planner kg / continuation (lookahead) [full]; pot_mode lookahead, pot_cap None): 1fb/101kg/p1(0)[1], 1fb/119kg/p3(2)[3], 1fb/120kg/p1(0)[1], 1fb/124kg/p1(1)[1], 1fb/126kg/p2(1)[2], 1fb/129kg/p1(0)[1], 1fb/132kg/p1(0)[1], 1fb/133kg/p1(1)[1], 1fb/134kg/p1(0)[1], 1fb/143kg/p1(0)[1], 2fb/137kg/p2(2)[2], 2fb/140kg/p0(0)[0], 2fb/153kg/p1(0)[1], 3fb/163kg/p0(0)[0], 3fb/203kg/p1(1)[1], 3fb/209kg/p0(0)[0]
[14:31:14] budget: 304 s of 420 left for the settles + regrids (settle_wall 480)
[14:31:14]     settle  9: 244 @   1303 d -> ok lintwin tank 642.0 (+1.8) miss 4 km (0.2 s)
[14:31:15]     settle  9:   6 @   1328 d -> ok lintwin tank 647.4 (+7.2) miss 2 km (0.5 s)
[14:31:15]     settle  9: 163 @   1393 d -> ok lintwin tank 651.0 (+10.9) miss 10 km (0.2 s)
[14:31:16]     settle  9:  23 @   1381 d -> ok lintwin tank 657.3 (+17.2) miss 5 km (0.5 s)
[14:31:17]     settle  9: 138 @   1438 d -> ok lintwin tank 648.6 (+8.5) miss 7 km (0.6 s)
[14:31:18]     settle  9: 223 @   1394 d -> ok lintwin tank 654.2 (+14.0) miss 1 km (0.4 s)
[14:31:18]     settle  9: 293 @   1259 d -> ok lintwin tank 655.5 (+15.4) miss 1 km (0.4 s)
[14:31:19]     settle  9:  95 @   1587 d -> ok lintwin tank 652.9 (+12.7) miss 9 km (1.1 s)
[14:31:20]     settle  9: 132 @   1418 d -> ok lintwin tank 655.9 (+15.8) miss 14 km (0.4 s)
[14:31:21]     settle  9: 103 @   1214 d -> ok lintwin tank 660.6 (+20.4) miss 8 km (0.3 s)
[14:31:21]     settle 10: 138 @   1438 d -> ok lintwin tank 654.4 (+7.0) miss 8 km (0.2 s)
[14:31:22]     settle  9: 223 @   1396 d -> ok lintwin tank 654.2 (+14.0) miss 1 km (0.4 s)
[14:31:22]     settle 10:  76 @   1473 d -> ok lintwin tank 654.2 (+0.1) miss 1 km (0.2 s)
[14:31:22]     settle 10: 223 @   1398 d -> ok lintwin tank 659.0 (+11.6) miss 1 km (0.2 s)
[14:31:23]     settle 11:  76 @   1477 d -> ok lintwin tank 661.8 (+2.8) miss 0 km (0.2 s)
[14:31:24]     settle 11: 253 @   1583 d -> ok lintwin tank 684.1 (+29.7) miss 62 km (1.5 s)
[14:31:25]     settle 11:  85 @   1597 d -> ok lintwin tank 680.8 (+21.8) miss 4 km (0.4 s)
[14:31:25] RESULT s02_c1: 16 columns; frontier 1fb 2 kg p0/2 | 2fb 14 kg p0/2 | 3fb 22 kg p0/1; settles 17 (17 ok), regrids 16 (16 ok); wall 127 s of 420 (plan 116, price 0, settle 11; budget hit None, 0 unsettled)
[14:31:27]   job s02_c1 craft columns  16  levels 9  settles 17/17  end plan_done  wall 126.5 s
[14:31:27] plan: 2297 states, depth 10 new flybys, end plan_done (129 s); deepest 10 new to 2696 d at planner fuel 502 kg
[14:31:27]   depth  1:  105 states (90 in H), t_end 1129-1726 d, fuel 109-210 kg
[14:31:27]   depth  2:  300 states (149 in H), t_end 1311-2119 d, fuel 128-266 kg
[14:31:27]   depth  3:  300 states (43 in H), t_end 1474-2459 d, fuel 163-314 kg
[14:31:27]   depth  4:  300 states (0 in H), t_end 1624-2697 d, fuel 207-363 kg
[14:31:27]   depth  5:  300 states (0 in H), t_end 1728-2693 d, fuel 267-407 kg
[14:31:27]   depth  6:  300 states (0 in H), t_end 2266-2699 d, fuel 275-440 kg
[14:31:27]   depth  7:  300 states (0 in H), t_end 2390-2700 d, fuel 281-487 kg
[14:31:27]   depth  8:  300 states (0 in H), t_end 2475-2700 d, fuel 335-506 kg
[14:31:27]   depth  9:   91 states (0 in H), t_end 2593-2700 d, fuel 428-542 kg
[14:31:27]   depth 10:    1 states (0 in H), t_end 2696-2696 d, fuel 502-502 kg
[14:31:27] candidates: 158 distinct committed target sets (n_new 1-3, potential 0-3)
[14:31:27] frontier: 16 candidates chosen (n fb / committed planner kg / continuation (lookahead) [full]; pot_mode lookahead, pot_cap None): 1fb/109kg/p1(1)[1], 1fb/111kg/p2(2)[2], 1fb/121kg/p3(2)[3], 1fb/121kg/p3(1)[3], 1fb/124kg/p3(3)[3], 1fb/125kg/p3(3)[3], 1fb/130kg/p3(3)[3], 1fb/150kg/p3(3)[3], 1fb/153kg/p3(2)[3], 1fb/192kg/p4(2)[4], 2fb/128kg/p0(0)[0], 2fb/129kg/p0(0)[0], 2fb/238kg/p3(2)[3], 3fb/186kg/p1(1)[1], 3fb/201kg/p0(0)[0], 3fb/283kg/p2(2)[2]
[14:31:27] budget: 291 s of 420 left for the settles + regrids (settle_wall 480)
[14:31:28]     settle  6:  70 @   1499 d -> ok lintwin tank 647.5 (+5.8) miss 13 km (0.3 s)
[14:31:28]     settle  6: 257 @   1394 d -> ok lintwin tank 646.5 (+4.8) miss 16 km (0.2 s)
[14:31:28] plan: 2301 states, depth 10 new flybys, end plan_done (130 s); deepest 10 new to 2675 d at planner fuel 589 kg
[14:31:28]   depth  1:   99 states (84 in H), t_end 1124-1703 d, fuel 191-287 kg
[14:31:28]   depth  2:  300 states (204 in H), t_end 1253-2145 d, fuel 209-337 kg
[14:31:28]   depth  3:  300 states (65 in H), t_end 1468-2377 d, fuel 279-377 kg
[14:31:28]   depth  4:  300 states (5 in H), t_end 1586-2690 d, fuel 310-430 kg
[14:31:28]   depth  5:  300 states (0 in H), t_end 1683-2696 d, fuel 326-469 kg
[14:31:28]   depth  6:  300 states (0 in H), t_end 1768-2698 d, fuel 348-510 kg
[14:31:28]   depth  7:  300 states (0 in H), t_end 2298-2697 d, fuel 374-533 kg
[14:31:28]   depth  8:  300 states (0 in H), t_end 2408-2699 d, fuel 413-568 kg
[14:31:28]   depth  9:   97 states (0 in H), t_end 2545-2700 d, fuel 446-590 kg
[14:31:28]   depth 10:    5 states (0 in H), t_end 2671-2700 d, fuel 589-603 kg
[14:31:28] candidates: 193 distinct committed target sets (n_new 1-4, potential 0-3)
[14:31:28] frontier: 16 candidates chosen (n fb / committed planner kg / continuation (lookahead) [full]; pot_mode lookahead, pot_cap None): 1fb/191kg/p2(0)[2], 1fb/194kg/p2(0)[2], 1fb/243kg/p3(0)[3], 1fb/252kg/p4(1)[4], 1fb/256kg/p5(2)[5], 1fb/257kg/p3(1)[3], 2fb/209kg/p0(0)[0], 2fb/236kg/p0(0)[0], 2fb/279kg/p4(3)[4], 2fb/288kg/p4(2)[4], 3fb/301kg/p0(0)[0], 3fb/304kg/p1(1)[1], 3fb/304kg/p3(3)[3], 4fb/354kg/p1(1)[1], 4fb/378kg/p1(1)[1], 4fb/398kg/p2(2)[2]
[14:31:28] budget: 290 s of 420 left for the settles + regrids (settle_wall 480)
[14:31:29]     settle  6: 248 @   1172 d -> ok lintwin tank 651.9 (+10.2) miss 15 km (0.3 s)
[14:31:29]     settle  7: 249 @   1300 d -> ok lintwin tank 683.0 (+3.8) miss 75 km (0.5 s)
[14:31:29]     settle  6: 249 @   1317 d -> ok lintwin tank 651.1 (+9.3) miss 9 km (0.1 s)
[14:31:29]     settle  6: 240 @   1304 d -> ok lintwin tank 656.5 (+14.7) miss 4 km (0.3 s)
[14:31:30]     settle  7:  45 @   1350 d -> ok lintwin tank 683.6 (+4.4) miss 52 km (0.6 s)
[14:31:30]     settle  6: 299 @   1325 d -> ok lintwin tank 653.4 (+11.6) miss 4 km (0.3 s)
[14:31:30]     settle  6:  45 @   1346 d -> ok lintwin tank 655.2 (+13.5) miss 11 km (0.2 s)
[14:31:31]     settle  6: 183 @   1314 d -> ok lintwin tank 653.3 (+11.6) miss 8 km (0.3 s)
[14:31:31]     settle  6: 211 @   1425 d -> ok lintwin tank 663.3 (+21.6) miss 32 km (0.4 s)
[14:31:32]     settle  7: 288 @   1316 d -> ok lintwin tank 754.2 (+75.0) miss 76 km (2.0 s)
[14:31:32]     settle  6: 293 @   1245 d -> ok lintwin tank 681.4 (+39.7) miss 61 km (0.8 s)
[14:31:33] plan: 2354 states, depth 10 new flybys, end plan_done (134 s); deepest 10 new to 2645 d at planner fuel 554 kg
[14:31:33]   depth  1:  101 states (83 in H), t_end 1118-1709 d, fuel 157-261 kg
[14:31:33]   depth  2:  300 states (280 in H), t_end 1253-1966 d, fuel 190-323 kg
[14:31:33]   depth  3:  300 states (87 in H), t_end 1469-2381 d, fuel 227-357 kg
[14:31:33]   depth  4:  300 states (9 in H), t_end 1516-2675 d, fuel 254-399 kg
[14:31:33]   depth  5:  300 states (0 in H), t_end 1692-2693 d, fuel 280-423 kg
[14:31:33]   depth  6:  300 states (0 in H), t_end 1897-2696 d, fuel 333-458 kg
[14:31:33]   depth  7:  300 states (0 in H), t_end 2320-2694 d, fuel 365-502 kg
[14:31:33]   depth  8:  300 states (0 in H), t_end 2419-2700 d, fuel 389-528 kg
[14:31:33]   depth  9:  145 states (0 in H), t_end 2574-2700 d, fuel 432-580 kg
[14:31:33]   depth 10:    8 states (0 in H), t_end 2645-2697 d, fuel 554-596 kg
[14:31:33]     settle  7: 270 @   1129 d -> ok lintwin tank 702.0 (+22.8) miss 76 km (0.6 s)
[14:31:33] candidates: 258 distinct committed target sets (n_new 1-4, potential 0-3)
[14:31:33] frontier: 16 candidates chosen (n fb / committed planner kg / continuation (lookahead) [full]; pot_mode lookahead, pot_cap None): 1fb/157kg/p0(0)[0], 1fb/161kg/p0(0)[0], 1fb/202kg/p5(3)[5], 1fb/211kg/p3(1)[3], 1fb/221kg/p5(2)[5], 1fb/229kg/p4(2)[4], 1fb/259kg/p4(2)[4], 2fb/190kg/p0(0)[0], 2fb/193kg/p0(0)[0], 2fb/249kg/p4(3)[4], 3fb/237kg/p1(1)[1], 3fb/247kg/p0(0)[0], 3fb/276kg/p3(3)[3], 4fb/320kg/p0(0)[0], 4fb/324kg/p0(0)[0], 4fb/338kg/p2(2)[2]
[14:31:33] budget: 286 s of 420 left for the settles + regrids (settle_wall 480)
[14:31:33]     settle  7:  70 @   1501 d -> ok lintwin tank 651.1 (+4.6) miss 66 km (0.3 s)
[14:31:33]     settle  9: 191 @   1558 d -> ok lintwin tank 667.3 (+0.7) miss 2 km (0.3 s)
[14:31:33]     settle  7: 206 @   1422 d -> ok lintwin tank 652.3 (+0.4) miss 3 km (0.2 s)
[14:31:34]     settle  9:  33 @   1532 d -> ok lintwin tank 668.0 (+1.4) miss 43 km (0.3 s)
[14:31:34]     settle  9: 114 @   1177 d -> ok lintwin tank 690.4 (+23.7) miss 18 km (0.2 s)
[14:31:34]     settle  7:  41 @   1214 d -> ok lintwin tank 737.7 (+58.5) miss 65 km (1.3 s)
[14:31:34]     settle  7: 132 @   1422 d -> ok lintwin tank 692.4 (+11.0) miss 66 km (0.7 s)
[14:31:35]     settle  9: 260 @   1159 d -> ok lintwin tank 690.3 (+23.6) miss 44 km (0.4 s)
[14:31:35]     settle  7:  45 @   1346 d -> ok lintwin tank 661.4 (+9.5) miss 4 km (0.3 s)
[14:31:35]     settle  7: 248 @   1160 d -> ok lintwin tank 703.4 (+24.2) miss 73 km (0.7 s)
[14:31:35]     settle  9: 158 @   1253 d -> ok lintwin tank 696.7 (+30.0) miss 42 km (0.3 s)
[14:31:35]     settle  8: 137 @   1620 d -> ok lintwin tank 666.7 (+5.3) miss 4 km (0.4 s)
[14:31:35]   drift: leg 137@1620 d settled outside (T, T+H] -> column cut at 2
[14:31:36]     settle  6: 240 @   1309 d -> ok lintwin tank 656.5 (+14.7) miss 1 km (0.3 s)
[14:31:36]     settle  9:  14 @   1118 d -> ok lintwin tank 695.2 (+28.5) miss 30 km (0.4 s)
[14:31:36]     settle  8:  45 @   1350 d -> ok lintwin tank 689.0 (+6.0) miss 68 km (0.9 s)
[14:31:37]     settle  8:  70 @   1466 d -> ok lintwin tank 698.1 (+15.1) miss 63 km (1.0 s)
[14:31:37]     settle  9: 189 @   1200 d -> ok lintwin tank 808.0 (+141.4) miss 46 km (1.4 s)
[14:31:37]     settle  7:  87 @   1485 d -> ok lintwin tank 663.9 (+7.5) miss 1 km (1.6 s)
[14:31:38]     settle  8: 137 @   1617 d -> ok lintwin tank 679.2 (+15.2) miss 48 km (0.3 s)
[14:31:38]     settle  9: 201 @   1314 d -> ok lintwin tank 676.9 (+10.3) miss 31 km (0.5 s)
[14:31:38]     settle  7: 223 @   1377 d -> ok lintwin tank 683.5 (+2.1) miss 15 km (0.2 s)
[14:31:39]     settle 10: 191 @   1556 d -> ok lintwin tank 678.3 (+1.4) miss 21 km (0.6 s)
[14:31:39]     settle  8: 223 @   1473 d -> ok lintwin tank 761.0 (+23.3) miss 82 km (1.5 s)
[14:31:39]     settle  9: 243 @   1299 d -> ok lintwin tank 676.7 (+10.0) miss 27 km (0.2 s)
[14:31:39]     settle 10: 191 @   1557 d -> ok lintwin tank 680.9 (+4.2) miss 14 km (0.2 s)
[14:31:39]     settle  8: 167 @   1533 d -> ok lintwin tank 699.3 (+15.8) miss 83 km (1.3 s)
[14:31:40] RESULT s02_c7: 16 columns; frontier 1fb 5 kg p2/3 | 2fb 9 kg p0/2 | 3fb 37 kg p0/2; settles 20 (20 ok), regrids 16 (16 ok); wall 141 s of 420 (plan 129, price 0, settle 12; budget hit None, 0 unsettled)
[14:31:40]     settle 10: 275 @   1403 d -> ok lintwin tank 708.2 (+17.8) miss 77 km (0.6 s)
[14:31:41]     settle  8: 100 @   1311 d -> ok lintwin tank 931.1 (+193.4) miss 39 km (1.4 s)
[14:31:41]     settle 10:  29 @   1377 d -> ok lintwin tank 692.6 (+2.2) miss 18 km (0.3 s)
[14:31:41]     settle 11: 136 @   1520 d -> ok lintwin tank 696.5 (+3.8) miss 0 km (0.2 s)
[14:31:41]   job s02_c7 craft columns  16  levels 10  settles 20/20  end plan_done  wall 140.9 s
[14:31:42]     settle  8: 100 @   1315 d -> ok lintwin tank 730.2 (+28.2) miss 68 km (1.1 s)
[14:31:42]     settle  9: 256 @   1392 d -> ok lintwin tank 704.7 (+38.1) miss 81 km (1.3 s)
[14:31:43]     settle  9: 157 @   1587 d -> ok lintwin tank 731.4 (+1.2) miss 64 km (0.7 s)
[14:31:44]     settle 10: 157 @   1562 d -> ok lintwin tank 719.8 (+15.1) miss 68 km (1.4 s)
[14:31:44]     settle  8: 211 @   1488 d -> ok lintwin tank 756.3 (+18.6) miss 58 km (1.5 s)
[14:31:45]     settle 11:  98 @   1612 d -> ok lintwin tank 748.6 (+28.8) miss 36 km (1.0 s)
[14:31:45]   drift: leg 98@1612 d settled outside (T, T+H] -> column cut at 2
[14:31:45]     settle 11: 157 @   1566 d -> ok lintwin tank 714.8 (+6.6) miss 44 km (0.4 s)
[14:31:46]     settle  9: 157 @   1587 d -> ok lintwin tank 815.2 (+58.9) miss 55 km (1.7 s)
[14:31:46]     settle  9: 261 @   1249 d -> ok lintwin tank 701.4 (+34.7) miss 32 km (0.3 s)
[14:31:47]     settle 10: 275 @   1406 d -> ok lintwin tank 708.9 (+7.5) miss 20 km (0.6 s)
[14:31:48]     settle 11: 157 @   1565 d -> ok lintwin tank 724.5 (+15.6) miss 70 km (1.0 s)
[14:31:48]     settle  9: 157 @   1590 d -> ok lintwin tank 782.5 (+21.5) miss 68 km (1.5 s)
[14:31:48]     settle 12:  98 @   1620 d -> ok lintwin tank 724.8 (+0.3) miss 0 km (0.2 s)
[14:31:49]     settle 10:  78 @   1334 d -> ok lintwin tank 715.5 (+25.1) miss 12 km (0.5 s)
[14:31:49]     settle 11:  30 @   1473 d -> ok lintwin tank 727.7 (+12.1) miss 40 km (0.2 s)
[14:31:49]     settle 12: 115 @   1516 d -> ok lintwin tank 731.1 (+3.5) miss 5 km (0.2 s)
[14:31:49]     settle  8: 100 @   1314 d -> ok lintwin tank 730.5 (+28.5) miss 77 km (1.1 s)
[14:31:50]     settle 10: 275 @   1405 d -> ok lintwin tank 704.8 (+8.1) miss 80 km (0.5 s)
[14:31:50]     settle  9: 223 @   1471 d -> ok lintwin tank 734.1 (+3.6) miss 82 km (1.1 s)
[14:31:50]     settle 11: 157 @   1566 d -> ok lintwin tank 730.5 (+25.7) miss 61 km (0.6 s)
[14:31:51]     settle 10: 157 @   1589 d -> ok lintwin tank 734.4 (+0.3) miss 66 km (1.2 s)
[14:31:52]     settle 12:  98 @   1619 d -> ok lintwin tank 735.6 (+5.2) miss 53 km (1.9 s)
[14:31:52]   drift: leg 98@1619 d settled outside (T, T+H] -> column cut at 3
[14:31:52]     settle  8:   9 @   1298 d -> ok lintwin tank 706.7 (+4.7) miss 63 km (0.7 s)
[14:31:53] RESULT s02_c2: 16 columns; frontier 1fb 1 kg p0/3 | 2fb 12 kg p0/3 | 3fb 30 kg p1/3 | 4fb 58 kg p0/0; settles 28 (28 ok), regrids 16 (16 ok); wall 154 s of 420 (plan 134, price 1, settle 20; budget hit None, 0 unsettled)
[14:31:53]   job s02_c2 craft columns  16  levels 10  settles 28/28  end plan_done  wall 153.8 s
[14:31:53]     settle  9: 223 @   1468 d -> ok lintwin tank 726.1 (+19.4) miss 60 km (0.7 s)
[14:31:54]     settle 10: 157 @   1586 d -> ok lintwin tank 733.1 (+7.0) miss 64 km (0.7 s)
[14:31:56]     settle  9: 223 @   1470 d -> ok lintwin tank 934.4 (+3.3) miss 42 km (1.8 s)
[14:32:06]     settle 10: 157 @   1588 d -> FAIL [('lam', 19790171.5)] (9.7 s)
[14:32:06] RESULT s02_c5: 16 columns; frontier 1fb 4 kg p0/2 | 2fb 10 kg p0/3 | 3fb 52 kg p0/3 | 4fb 54 kg p1/1; settles 24 (22 ok), regrids 16 (16 ok); wall 167 s of 420 (plan 130, price 1, settle 38; budget hit None, 0 unsettled)
[14:32:07]   job s02_c5 craft columns  16  levels 10  settles 22/24  end plan_done  wall 167.2 s
[14:32:09] plan: 3061 states, depth 12 new flybys, end plan_done (170 s); deepest 12 new to 2692 d at planner fuel 531 kg
[14:32:09]   depth  1:  104 states (78 in H), t_end 1156-1706 d, fuel 133-238 kg
[14:32:09]   depth  2:  300 states (93 in H), t_end 1238-2095 d, fuel 158-298 kg
[14:32:09]   depth  3:  300 states (30 in H), t_end 1495-2375 d, fuel 173-333 kg
[14:32:09]   depth  4:  300 states (10 in H), t_end 1588-2516 d, fuel 212-381 kg
[14:32:09]   depth  5:  300 states (0 in H), t_end 1678-2695 d, fuel 231-420 kg
[14:32:09]   depth  6:  300 states (0 in H), t_end 1998-2697 d, fuel 281-459 kg
[14:32:09]   depth  7:  300 states (0 in H), t_end 2069-2700 d, fuel 322-507 kg
[14:32:09]   depth  8:  232 states (0 in H), t_end 2184-2700 d, fuel 394-537 kg
[14:32:09]   depth  9:  300 states (0 in H), t_end 2263-2699 d, fuel 426-580 kg
[14:32:09]   depth 10:  300 states (0 in H), t_end 2430-2699 d, fuel 437-603 kg
[14:32:09]   depth 11:  300 states (0 in H), t_end 2527-2698 d, fuel 498-621 kg
[14:32:09]   depth 12:   25 states (0 in H), t_end 2612-2698 d, fuel 531-657 kg
[14:32:09] candidates: 106 distinct committed target sets (n_new 1-4, potential 0-2)
[14:32:09] frontier: 16 candidates chosen (n fb / committed planner kg / continuation (lookahead) [full]; pot_mode lookahead, pot_cap None): 1fb/140kg/p0(0)[0], 1fb/141kg/p1(0)[1], 1fb/154kg/p1(0)[1], 1fb/164kg/p4(1)[4], 1fb/210kg/p2(1)[2], 1fb/220kg/p2(1)[2], 2fb/162kg/p1(1)[1], 2fb/163kg/p0(0)[0], 2fb/183kg/p3(1)[3], 3fb/199kg/p2(2)[2], 3fb/207kg/p0(0)[0], 3fb/214kg/p2(2)[2], 3fb/216kg/p2(2)[2], 4fb/235kg/p1(1)[1], 4fb/267kg/p1(1)[1], 4fb/317kg/p1(1)[1]
[14:32:09] budget: 250 s of 420 left for the settles + regrids (settle_wall 480)
[14:32:10] plan: 3197 states, depth 13 new flybys, end plan_done (171 s); deepest 13 new to 2699 d at planner fuel 633 kg
[14:32:10]   depth  1:   99 states (89 in H), t_end 1097-1706 d, fuel 125-221 kg
[14:32:10]   depth  2:  300 states (155 in H), t_end 1296-2276 d, fuel 130-276 kg
[14:32:10]   depth  3:  300 states (25 in H), t_end 1463-2446 d, fuel 182-313 kg
[14:32:10]   depth  4:  300 states (0 in H), t_end 1675-2676 d, fuel 231-340 kg
[14:32:10]   depth  5:  300 states (0 in H), t_end 1754-2691 d, fuel 265-388 kg
[14:32:10]   depth  6:  300 states (0 in H), t_end 1870-2699 d, fuel 295-438 kg
[14:32:10]   depth  7:  300 states (0 in H), t_end 2011-2700 d, fuel 332-457 kg
[14:32:10]   depth  8:  300 states (0 in H), t_end 2125-2699 d, fuel 352-502 kg
[14:32:10]   depth  9:  300 states (0 in H), t_end 2222-2700 d, fuel 394-537 kg
[14:32:10]   depth 10:  300 states (0 in H), t_end 2390-2700 d, fuel 462-576 kg
[14:32:10]   depth 11:  300 states (0 in H), t_end 2498-2700 d, fuel 497-616 kg
[14:32:10]   depth 12:   96 states (0 in H), t_end 2595-2700 d, fuel 541-650 kg
[14:32:10]   depth 13:    2 states (0 in H), t_end 2697-2699 d, fuel 633-657 kg
[14:32:10] candidates: 167 distinct committed target sets (n_new 1-3, potential 0-3)
[14:32:10] frontier: 16 candidates chosen (n fb / committed planner kg / continuation (lookahead) [full]; pot_mode lookahead, pot_cap None): 1fb/127kg/p1(1)[1], 1fb/130kg/p2(0)[2], 1fb/134kg/p2(2)[2], 1fb/139kg/p2(2)[2], 1fb/152kg/p2(1)[2], 1fb/159kg/p2(2)[2], 1fb/165kg/p2(2)[2], 1fb/176kg/p5(3)[5], 1fb/195kg/p2(1)[2], 2fb/130kg/p0(0)[0], 2fb/145kg/p0(0)[0], 2fb/205kg/p4(3)[4], 2fb/219kg/p3(3)[3], 3fb/182kg/p0(0)[0], 3fb/207kg/p0(0)[0], 3fb/239kg/p3(3)[3]
[14:32:10] budget: 249 s of 420 left for the settles + regrids (settle_wall 480)
[14:32:10]     settle  9: 297 @   1589 d -> ok lintwin tank 665.3 (+10.8) miss 81 km (1.3 s)
[14:32:10]     settle  8:  76 @   1442 d -> ok lintwin tank 650.6 (+3.0) miss 97 km (0.8 s)
[14:32:11]     settle  8:  81 @   1102 d -> ok lintwin tank 653.9 (+6.3) miss 7 km (0.3 s)
[14:32:12]     settle  9: 116 @   1427 d -> ok lintwin tank 658.7 (+4.2) miss 65 km (1.3 s)
[14:32:12]     settle  8: 242 @   1120 d -> ok lintwin tank 651.2 (+3.6) miss 86 km (0.4 s)
[14:32:13]     settle  8: 140 @   1372 d -> ok lintwin tank 660.1 (+12.5) miss 16 km (0.7 s)
[14:32:13]     settle  9: 242 @   1156 d -> ok lintwin tank 667.2 (+12.7) miss 74 km (0.7 s)
[14:32:13]     settle  8: 146 @   1097 d -> ok lintwin tank 662.4 (+14.8) miss 57 km (0.4 s)
[14:32:13]     settle  9: 166 @   1245 d -> ok lintwin tank 662.1 (+7.6) miss 31 km (0.5 s)
[14:32:14]     settle  9:  36 @   1405 d -> ok lintwin tank 668.6 (+14.1) miss 74 km (0.8 s)
[14:32:15]     settle  9: 189 @   1205 d -> ok lintwin tank 669.2 (+14.7) miss 66 km (0.5 s)
[14:32:15]     settle  8:  36 @   1496 d -> ok lintwin tank 695.8 (+48.2) miss 69 km (1.9 s)
[14:32:16]     settle  9: 166 @   1243 d -> ok lintwin tank 662.1 (+7.6) miss 31 km (0.5 s)
[14:32:16]     settle 10: 191 @   1537 d -> ok lintwin tank 667.9 (+5.8) miss 14 km (0.3 s)
[14:32:17]     settle  9: 116 @   1391 d -> ok lintwin tank 658.8 (+4.2) miss 64 km (0.9 s)
[14:32:17]     settle  8: 288 @   1500 d -> ok lintwin tank 702.7 (+55.1) miss 57 km (1.9 s)
[14:32:17]     settle 10: 271 @   1539 d -> ok lintwin tank 666.3 (+7.5) miss 2 km (0.2 s)
[14:32:18]     settle 10:  44 @   1358 d -> ok lintwin tank 671.2 (+9.1) miss 27 km (0.5 s)
[14:32:19]     settle 11: 191 @   1542 d -> ok lintwin tank 672.9 (+1.7) miss 53 km (0.4 s)
[14:32:19]     settle  8: 212 @   1182 d -> ok lintwin tank 685.8 (+38.2) miss 75 km (1.5 s)
[14:32:19]     settle 10: 191 @   1541 d -> ok lintwin tank 668.1 (+6.0) miss 11 km (0.3 s)
[14:32:19]     settle 11:  30 @   1604 d -> ok lintwin tank 672.3 (+4.2) miss 0 km (0.2 s)
[14:32:20]     settle 10:  44 @   1361 d -> ok lintwin tank 671.2 (+9.1) miss 25 km (0.5 s)
[14:32:20]     settle  8: 130 @   1108 d -> ok lintwin tank 669.6 (+22.0) miss 77 km (1.0 s)
[14:32:21]     settle 11:   1 @   1503 d -> ok lintwin tank 675.5 (+4.3) miss 53 km (0.5 s)
[14:32:21]     settle  8: 242 @   1119 d -> ok lintwin tank 651.2 (+3.6) miss 86 km (0.4 s)
[14:32:21]     settle  9:  76 @   1439 d -> ok lintwin tank 653.2 (+2.0) miss 27 km (0.2 s)
[14:32:22]     settle 11: 256 @   1548 d -> ok lintwin tank 680.2 (+8.9) miss 23 km (0.6 s)
[14:32:22]     settle 12:  30 @   1603 d -> ok lintwin tank 674.7 (+1.8) miss 2 km (0.2 s)
[14:32:23]     settle  9:  22 @   1375 d -> ok lintwin tank 659.5 (+8.3) miss 76 km (1.4 s)
[14:32:23]     settle 11: 256 @   1558 d -> ok lintwin tank 680.2 (+8.9) miss 41 km (0.5 s)
[14:32:24]     settle 12:  74 @   1614 d -> ok lintwin tank 684.4 (+4.3) miss 46 km (1.1 s)
[14:32:24]   drift: leg 74@1614 d settled outside (T, T+H] -> column cut at 3
[14:32:24]     settle  9:  81 @   1396 d -> ok lintwin tank 698.0 (+12.2) miss 71 km (1.6 s)
[14:32:24]     settle 11:   1 @   1495 d -> ok lintwin tank 675.5 (+4.3) miss 47 km (0.6 s)
[14:32:25]     settle 12:  30 @   1616 d -> ok lintwin tank 705.1 (+29.6) miss 82 km (0.9 s)
[14:32:26]   1 candidates dropped (settle failure / regrid failure / duplicate after truncation)
[14:32:26] RESULT s02_c3: 15 columns; frontier 1fb 4 kg p0/1 | 2fb 12 kg p0/1 | 3fb 18 kg p0/2 | 4fb 20 kg p1/1; settles 22 (22 ok), regrids 15 (15 ok); wall 187 s of 420 (plan 170, price 1, settle 17; budget hit None, 0 unsettled)
[14:32:27]     settle  9:  95 @   1572 d -> ok lintwin tank 707.1 (+21.2) miss 69 km (2.3 s)
[14:32:27]   job s02_c3 craft columns  15  levels 12  settles 22/22  end plan_done  wall 186.9 s
[14:32:28]     settle  9: 238 @   1303 d -> ok lintwin tank 664.8 (+10.9) miss 3 km (0.5 s)
[14:32:28]     settle 10: 137 @   1613 d -> ok lintwin tank 669.0 (+4.2) miss 4 km (0.2 s)
[14:32:28]     settle  9: 210 @   1402 d -> ok lintwin tank 662.5 (+8.5) miss 14 km (0.3 s)
[14:32:29]     settle 10: 137 @   1611 d -> ok lintwin tank 677.0 (+14.5) miss 2 km (0.5 s)
[14:32:30] plan: 3389 states, depth 13 new flybys, end plan_done (192 s); deepest 13 new to 2690 d at planner fuel 670 kg
[14:32:30]   depth  1:   92 states (81 in H), t_end 1157-1772 d, fuel 244-338 kg
[14:32:30]   depth  2:  300 states (109 in H), t_end 1355-2095 d, fuel 279-390 kg
[14:32:30]   depth  3:  300 states (40 in H), t_end 1476-2454 d, fuel 325-437 kg
[14:32:30]   depth  4:  300 states (1 in H), t_end 1580-2512 d, fuel 373-461 kg
[14:32:30]   depth  5:  300 states (0 in H), t_end 1739-2690 d, fuel 404-505 kg
[14:32:30]   depth  6:  300 states (0 in H), t_end 1862-2696 d, fuel 437-545 kg
[14:32:30]   depth  7:  300 states (0 in H), t_end 2000-2699 d, fuel 457-579 kg
[14:32:30]   depth  8:  300 states (0 in H), t_end 2110-2700 d, fuel 491-621 kg
[14:32:30]   depth  9:  300 states (0 in H), t_end 2210-2698 d, fuel 534-647 kg
[14:32:30]   depth 10:  300 states (0 in H), t_end 2370-2698 d, fuel 561-669 kg
[14:32:30]   depth 11:  300 states (0 in H), t_end 2440-2682 d, fuel 587-697 kg
[14:32:30]   depth 12:  272 states (0 in H), t_end 2580-2700 d, fuel 614-734 kg
[14:32:30]   depth 13:   25 states (0 in H), t_end 2679-2699 d, fuel 670-760 kg
[14:32:30] candidates: 135 distinct committed target sets (n_new 1-4, potential 0-3)
[14:32:30] frontier: 16 candidates chosen (n fb / committed planner kg / continuation (lookahead) [full]; pot_mode lookahead, pot_cap None): 1fb/244kg/p1(1)[1], 1fb/258kg/p0(0)[0], 1fb/265kg/p2(1)[2], 1fb/274kg/p2(0)[2], 1fb/279kg/p2(1)[2], 1fb/282kg/p2(1)[2], 1fb/284kg/p2(1)[2], 1fb/298kg/p5(3)[5], 1fb/329kg/p4(3)[4], 2fb/290kg/p1(1)[1], 2fb/302kg/p0(0)[0], 2fb/346kg/p4(3)[4], 3fb/341kg/p0(0)[0], 3fb/356kg/p0(0)[0], 3fb/377kg/p3(3)[3], 4fb/416kg/p0(0)[0]
[14:32:30] budget: 228 s of 420 left for the settles + regrids (settle_wall 480)
[14:32:31]     settle  9:  81 @   1392 d -> ok lintwin tank 698.4 (+12.5) miss 73 km (1.8 s)
[14:32:32]     settle  8:  22 @   1382 d -> ok lintwin tank 709.2 (+2.3) miss 68 km (1.2 s)
[14:32:32]     settle 10:  95 @   1573 d -> ok lintwin tank 713.8 (+15.4) miss 79 km (1.1 s)
[14:32:32] RESULT s02_c4: 16 columns; frontier 1fb 3 kg p1/3 | 2fb 6 kg p0/3 | 3fb 21 kg p0/3; settles 20 (20 ok), regrids 16 (16 ok); wall 193 s of 420 (plan 171, price 0, settle 22; budget hit None, 0 unsettled)
[14:32:33]   job s02_c4 craft columns  16  levels 13  settles 20/20  end plan_done  wall 193.4 s
[14:32:34] plan: 3738 states, depth 15 new flybys, end plan_done (195 s); deepest 15 new to 2670 d at planner fuel 653 kg
[14:32:34]   depth  1:   75 states (60 in H), t_end 1135-1711 d, fuel 98-205 kg
[14:32:34]   depth  2:  300 states (122 in H), t_end 1315-2144 d, fuel 114-258 kg
[14:32:34]   depth  3:  300 states (27 in H), t_end 1464-2095 d, fuel 151-270 kg
[14:32:34]   depth  4:  300 states (9 in H), t_end 1563-2530 d, fuel 191-318 kg
[14:32:34]   depth  5:  300 states (0 in H), t_end 1635-2596 d, fuel 239-352 kg
[14:32:34]   depth  6:  300 states (0 in H), t_end 1719-2628 d, fuel 270-397 kg
[14:32:34]   depth  7:  300 states (0 in H), t_end 1825-2696 d, fuel 293-413 kg
[14:32:34]   depth  8:  300 states (0 in H), t_end 1934-2697 d, fuel 329-463 kg
[14:32:34]   depth  9:  297 states (0 in H), t_end 2079-2698 d, fuel 353-490 kg
[14:32:34]   depth 10:  300 states (0 in H), t_end 2143-2697 d, fuel 393-520 kg
[14:32:34]   depth 11:  300 states (0 in H), t_end 2294-2699 d, fuel 409-551 kg
[14:32:34]   depth 12:  300 states (0 in H), t_end 2381-2699 d, fuel 439-596 kg
[14:32:34]   depth 13:  300 states (0 in H), t_end 2486-2698 d, fuel 493-633 kg
[14:32:34]   depth 14:   65 states (0 in H), t_end 2605-2699 d, fuel 589-654 kg
[14:32:34]   depth 15:    1 states (0 in H), t_end 2670-2670 d, fuel 653-653 kg
[14:32:34] candidates: 145 distinct committed target sets (n_new 1-4, potential 0-4)
[14:32:34] frontier: 16 candidates chosen (n fb / committed planner kg / continuation (lookahead) [full]; pot_mode lookahead, pot_cap None): 1fb/98kg/p7(4)[7], 1fb/109kg/p1(1)[1], 1fb/110kg/p1(1)[1], 1fb/113kg/p2(0)[2], 1fb/134kg/p2(0)[2], 1fb/140kg/p3(1)[3], 1fb/158kg/p2(0)[2], 2fb/134kg/p0(0)[0], 2fb/135kg/p0(0)[0], 2fb/164kg/p6(4)[6], 3fb/172kg/p1(1)[1], 3fb/173kg/p0(0)[0], 3fb/217kg/p5(4)[5], 4fb/196kg/p0(0)[0], 4fb/207kg/p0(0)[0], 4fb/254kg/p4(4)[4]
[14:32:34] budget: 225 s of 420 left for the settles + regrids (settle_wall 480)
[14:32:34]     settle  8:  85 @   1598 d -> ok lintwin tank 711.5 (+4.7) miss 1 km (2.2 s)
[14:32:34]     settle  7:  12 @   1135 d -> ok lintwin tank 641.3 (+2.1) miss 59 km (0.3 s)
[14:32:34]     settle  7: 206 @   1437 d -> ok lintwin tank 645.7 (+6.5) miss 19 km (0.2 s)
[14:32:36]     settle  8: 231 @   1225 d -> ok lintwin tank 726.1 (+19.2) miss 68 km (1.2 s)
[14:32:36]     settle  7:  87 @   1504 d -> ok lintwin tank 647.5 (+8.3) miss 71 km (0.9 s)
[14:32:37]     settle  8:  84 @   1193 d -> ok lintwin tank 728.8 (+21.9) miss 29 km (0.8 s)
[14:32:37]     settle  7:  38 @   1175 d -> ok lintwin tank 675.7 (+36.5) miss 74 km (1.1 s)
[14:32:38]     settle  7: 185 @   1208 d -> ok lintwin tank 738.2 (+99.0) miss 12 km (1.1 s)
[14:32:38]     settle  8:  23 @   1389 d -> ok lintwin tank 739.7 (+32.8) miss 73 km (1.5 s)
[14:32:40]     settle  8: 223 @   1390 d -> ok lintwin tank 735.6 (+28.7) miss 61 km (1.4 s)
[14:32:40]     settle  7:  17 @   1313 d -> ok lintwin tank 663.8 (+24.6) miss 69 km (1.6 s)
[14:32:41]     settle  8: 140 @   1354 d -> ok lintwin tank 730.1 (+23.2) miss 68 km (0.8 s)
[14:32:42]     settle  7:  84 @   1222 d -> ok lintwin tank 719.9 (+80.7) miss 0 km (1.5 s)
[14:32:42]     settle  8: 122 @   1617 d -> ok lintwin tank 646.0 (+0.3) miss 14 km (0.2 s)
[14:32:42]   drift: leg 122@1617 d settled outside (T, T+H] -> column cut at 1
[14:32:43]     settle  8:  42 @   1289 d -> ok lintwin tank 732.1 (+25.2) miss 50 km (2.3 s)
[14:32:44]     settle  7: 206 @   1492 d -> ok lintwin tank 647.9 (+8.7) miss 68 km (2.3 s)
[14:32:45]     settle  8: 258 @   1325 d -> ok lintwin tank 750.4 (+43.5) miss 63 km (1.8 s)
[14:32:46]     settle  8:  98 @   1606 d -> ok lintwin tank 652.8 (+4.9) miss 69 km (1.1 s)
[14:32:47]     settle  8:  17 @   1315 d -> ok lintwin tank 664.9 (+23.7) miss 60 km (0.9 s)
[14:32:47]     settle  9:  95 @   1570 d -> ok lintwin tank 665.2 (+0.3) miss 2 km (0.2 s)
[14:32:47]     settle  9: 140 @   1360 d -> ok lintwin tank 748.6 (+22.5) miss 54 km (1.9 s)
[14:32:49]     settle  8: 132 @   1425 d -> ok lintwin tank 715.7 (+40.0) miss 71 km (1.2 s)
[14:32:49]     settle  9: 167 @   1536 d -> ok lintwin tank 735.3 (+26.1) miss 78 km (1.3 s)
[14:32:50]     settle  9:  36 @   1491 d -> ok lintwin tank 732.5 (+16.9) miss 69 km (1.7 s)
[14:32:50]     settle  9: 258 @   1382 d -> ok lintwin tank 742.4 (+10.3) miss 55 km (1.2 s)
[14:32:53]     settle  8:  42 @   1293 d -> ok lintwin tank 732.3 (+25.5) miss 64 km (2.0 s)
[14:32:55]     settle  9: 223 @   1396 d -> ok lintwin tank 740.6 (+8.2) miss 1 km (2.0 s)
[14:32:56]     settle 10: 195 @   1603 d -> ok lintwin tank 746.6 (+6.1) miss 58 km (1.6 s)
[14:32:58]     settle  9:  54 @   1479 d -> ok lintwin tank 761.0 (+10.6) miss 68 km (1.2 s)
[14:32:59]     settle 10:  85 @   1600 d -> ok lintwin tank 763.4 (+2.5) miss 63 km (1.3 s)
[14:33:02]     settle  9:  36 @   1491 d -> FAIL [('lam', 163882.2), ('lin', 338.2)] (11.3 s)
[14:33:02]     settle  9:  76 @   1464 d -> ok lintwin tank 668.2 (+3.2) miss 94 km (0.5 s)
[14:33:03]     settle 10: 103 @   1502 d -> ok lintwin tank 754.1 (+11.7) miss 61 km (3.4 s)
[14:33:05]     settle  9: 223 @   1394 d -> ok lintwin tank 740.3 (+8.3) miss 56 km (1.9 s)
[14:33:07]     settle 10:  36 @   1489 d -> ok lintwin tank 752.1 (+11.7) miss 62 km (1.7 s)
[14:33:09]     settle 11:  63 @   1580 d -> ok lintwin tank 760.3 (+8.2) miss 71 km (1.7 s)
[14:33:09] RESULT s02_c0: 16 columns; frontier 1fb 2 kg p1/3 | 2fb 28 kg p0/3 | 3fb 40 kg p0/3 | 4fb 53 kg p0/0; settles 21 (21 ok), regrids 16 (16 ok); wall 230 s of 420 (plan 192, price 1, settle 38; budget hit None, 0 unsettled)
[14:33:09]   job s02_c0 craft columns  16  levels 13  settles 21/21  end plan_done  wall 230.1 s
[14:33:12]     settle 10: 195 @   1613 d -> FAIL [('lam', 7383.4), ('lin', 14101.4)] (9.3 s)
[14:33:33]     settle 10:  95 @   1569 d -> FAIL [('lam', 48457.9), ('lin', 6269.8)] (20.7 s)
[14:33:33]   4 candidates dropped (settle failure / regrid failure / duplicate after truncation)
[14:33:33] RESULT s02_c6: 12 columns; frontier 1fb 2 kg p4/4 | 2fb 14 kg p0/4 | 3fb 26 kg p1/1; settles 21 (15 ok), regrids 12 (12 ok); wall 254 s of 420 (plan 195, price 0, settle 59; budget hit None, 0 unsettled)
[14:33:33]   job s02_c6 craft columns  12  levels 15  settles 15/21  end plan_done  wall 254.0 s
[14:33:33] [slice 2] propose: 123 columns (0 bad dropped) in 254.5 s
[14:33:33] [slice 2] auction: 123 columns, kept 121, dropped {'ramp': 2}; lam 1.00 H_eff 540 d fuel budget 482 kg quota on
[14:33:33] [slice 2] auction: status optimal objective 28.588 vars 121 rows 60 chosen 8 fuel 324/482 kg (0.009 s)
[14:33:35] [slice 2] claims: c0:3 c1:1 c2:1 c3:1 c4:1 c5:1 c6:3  (11 targets: 0 kept, 11 new; 12 released, 0 expired (ttl 4), 4 conflicts)
[14:33:35] [slice 2 T=1080 d] launched 8/8  covered 80  remaining 218  fuel 799 kg  sumJi 8.6152  chosen: c0:3(+47) c1:3(+44) c2:3(+30) c3:4(+20) c4:3(+66) c5:4(+54) c6:2(+26) c7:3(+37)  rejected: -  (wall 257 s)
[14:33:35] [slice 3] claims in force: c0:3 c1:1 c2:1 c3:1 c4:1 c5:1 c6:3  (11 targets; claim_bonus 1.0, ttl 4)
[14:33:35]   c0: claims: 3 own (prized +1.0), 8 claimed by others withheld
[14:33:35]   c1: claims: 1 own (prized +1.0), 10 claimed by others withheld
[14:33:35]   c2: claims: 1 own (prized +1.0), 10 claimed by others withheld
[14:33:35]   c3: claims: 1 own (prized +1.0), 10 claimed by others withheld
[14:33:35]   c4: claims: 1 own (prized +1.0), 10 claimed by others withheld
[14:33:35]   c5: claims: 1 own (prized +1.0), 10 claimed by others withheld
[14:33:35]   c6: claims: 3 own (prized +1.0), 8 claimed by others withheld
[14:33:35]   c7: claims: 0 own (prized +1.0), 11 claimed by others withheld
[14:33:35] [slice 3 T=1620 d] propose: 8 jobs (8 craft, 0 root) on 9 workers, proposer planbeam, H_eff 540 d, lam 1.0
[14:33:35] job s03_c6 (craft, craft 6, planbeam): T 1620 d H 540 L 360; plan horizon 3240 d; remaining 210; prize >1 on 57; width 300 npt 6 mc 150 dv 1.6 drmax 0.2 plan_wall 300 s; quota {'fil': 10, 'med': 13}
[14:33:35] job s03_c5 (craft, craft 5, planbeam): T 1620 d H 540 L 360; plan horizon 3240 d; remaining 208; prize >1 on 55; width 300 npt 6 mc 150 dv 1.6 drmax 0.2 plan_wall 300 s; quota {'fil': 10, 'med': 16}
[14:33:35] job s03_c4 (craft, craft 4, planbeam): T 1620 d H 540 L 360; plan horizon 3240 d; remaining 208; prize >1 on 55; width 300 npt 6 mc 150 dv 1.6 drmax 0.2 plan_wall 300 s; quota {'fil': 8, 'med': 14}
[14:33:35] job s03_c2 (craft, craft 2, planbeam): T 1620 d H 540 L 360; plan horizon 3240 d; remaining 208; prize >1 on 55; width 300 npt 6 mc 150 dv 1.6 drmax 0.2 plan_wall 300 s; quota {'fil': 4, 'med': 17}
[14:33:35] job s03_c7 (craft, craft 7, planbeam): T 1620 d H 540 L 360; plan horizon 3240 d; remaining 207; prize >1 on 54; width 300 npt 6 mc 150 dv 1.6 drmax 0.2 plan_wall 300 s; quota {'fil': 8, 'med': 15}
[14:33:35] job s03_c3 (craft, craft 3, planbeam): T 1620 d H 540 L 360; plan horizon 3240 d; remaining 208; prize >1 on 55; width 300 npt 6 mc 150 dv 1.6 drmax 0.2 plan_wall 300 s; quota {'fil': 5, 'med': 15}
[14:33:35] job s03_c1 (craft, craft 1, planbeam): T 1620 d H 540 L 360; plan horizon 3240 d; remaining 208; prize >1 on 55; width 300 npt 6 mc 150 dv 1.6 drmax 0.2 plan_wall 300 s; quota {'fil': 6, 'med': 15}
[14:33:35] job s03_c0 (craft, craft 0, planbeam): T 1620 d H 540 L 360; plan horizon 3240 d; remaining 210; prize >1 on 57; width 300 npt 6 mc 150 dv 1.6 drmax 0.2 plan_wall 300 s; quota {'fil': 5, 'med': 17}
[14:33:35] prefix slices/s03/in/craft_6.npz: 8 flybys, t_end 1313.7 d, tank 664.8 kg (planner view), miss 0.3 km, nreg 55
[14:33:35] budget: job_wall 420 s, 420 s left before the plan -> plan cap 300 s (plan_wall 300, settle_reserve 90)
[14:33:35] prefix slices/s03/in/craft_5.npz: 10 flybys, t_end 1589.2 d, tank 733.0 kg (planner view), miss 0.3 km, nreg 69
[14:33:35] budget: job_wall 420 s, 420 s left before the plan -> plan cap 300 s (plan_wall 300, settle_reserve 90)
[14:33:35] prefix slices/s03/in/craft_4.npz: 10 flybys, t_end 1573.8 d, tank 713.6 kg (planner view), miss 1.2 km, nreg 72
[14:33:35] budget: job_wall 420 s, 420 s left before the plan -> plan cap 300 s (plan_wall 300, settle_reserve 90)
[14:33:35] prefix slices/s03/in/craft_2.npz: 11 flybys, t_end 1522.4 d, tank 696.4 kg (planner view), miss 0.6 km, nreg 75
[14:33:35] prefix slices/s03/in/craft_7.npz: 8 flybys, t_end 1615.0 d, tank 679.0 kg (planner view), miss 0.9 km, nreg 70
[14:33:35] budget: job_wall 420 s, 420 s left before the plan -> plan cap 300 s (plan_wall 300, settle_reserve 90)
[14:33:35] budget: job_wall 420 s, 420 s left before the plan -> plan cap 300 s (plan_wall 300, settle_reserve 90)
[14:33:35] prefix slices/s03/in/craft_1.npz: 11 flybys, t_end 1581.1 d, tank 684.0 kg (planner view), miss 29.7 km, nreg 78
[14:33:35] budget: job_wall 420 s, 420 s left before the plan -> plan cap 300 s (plan_wall 300, settle_reserve 90)
[14:33:35] prefix slices/s03/in/craft_0.npz: 10 flybys, t_end 1505.3 d, tank 754.0 kg (planner view), miss 71.4 km, nreg 78
[14:33:35] budget: job_wall 420 s, 420 s left before the plan -> plan cap 300 s (plan_wall 300, settle_reserve 90)
[14:33:35] prefix slices/s03/in/craft_3.npz: 12 flybys, t_end 1603.2 d, tank 674.7 kg (planner view), miss 0.1 km, nreg 76
[14:33:35] budget: job_wall 420 s, 420 s left before the plan -> plan cap 300 s (plan_wall 300, settle_reserve 90)
[14:33:45] first level (both): 0 production + 7 relaxed (dv 2.5, 0.3 AU; 0.0 s) + 48 lintwin children -> 52 unique (9.2 s)
[14:33:45] plan start: prefix 10 flybys, t_end 1589.2 d, planner mass 1313.0 kg (dv 7.754 km/s); 52 first-level states
[14:33:45] first level (both): 0 production + 84 relaxed (dv 2.5, 0.3 AU; 0.1 s) + 63 lintwin children -> 112 unique (9.3 s)
[14:33:45] plan start: prefix 8 flybys, t_end 1615.0 d, planner mass 1417.4 kg (dv 4.753 km/s); 112 first-level states
[14:33:45] first level (both): 0 production + 26 relaxed (dv 2.5, 0.3 AU; 0.1 s) + 87 lintwin children -> 107 unique (9.7 s)
[14:33:45] plan start: prefix 8 flybys, t_end 1313.7 d, planner mass 1447.6 kg (dv 3.926 km/s); 107 first-level states
[14:33:45] first level (both): 0 production + 53 relaxed (dv 2.5, 0.3 AU; 0.1 s) + 58 lintwin children -> 78 unique (9.9 s)
[14:33:45] plan start: prefix 11 flybys, t_end 1522.4 d, planner mass 1381.9 kg (dv 5.748 km/s); 78 first-level states
[14:33:45] first level (both): 0 production + 70 relaxed (dv 2.5, 0.3 AU; 0.1 s) + 59 lintwin children -> 92 unique (10.0 s)
[14:33:45] plan start: prefix 11 flybys, t_end 1581.1 d, planner mass 1407.0 kg (dv 5.042 km/s); 92 first-level states
[14:33:46] first level (both): 0 production + 36 relaxed (dv 2.5, 0.3 AU; 0.1 s) + 78 lintwin children -> 96 unique (10.2 s)
[14:33:46] plan start: prefix 10 flybys, t_end 1573.8 d, planner mass 1348.6 kg (dv 6.705 km/s); 96 first-level states
[14:33:46] first level (both): 0 production + 77 relaxed (dv 2.5, 0.3 AU; 0.1 s) + 71 lintwin children -> 111 unique (10.4 s)
[14:33:46] plan start: prefix 12 flybys, t_end 1603.2 d, planner mass 1426.5 kg (dv 4.503 km/s); 111 first-level states
[14:33:46] first level (both): 0 production + 64 relaxed (dv 2.5, 0.3 AU; 0.1 s) + 62 lintwin children -> 97 unique (10.8 s)
[14:33:46] plan start: prefix 10 flybys, t_end 1505.3 d, planner mass 1276.5 kg (dv 8.862 km/s); 97 first-level states
[14:35:15] plan: 1887 states, depth 8 new flybys, end plan_done (100 s); deepest 8 new to 3130 d at planner fuel 423 kg
[14:35:15]   depth  1:  107 states (95 in H), t_end 1638-2225 d, fuel 153-258 kg
[14:35:15]   depth  2:  300 states (248 in H), t_end 1762-2777 d, fuel 185-314 kg
[14:35:15]   depth  3:  300 states (81 in H), t_end 1886-3081 d, fuel 193-362 kg
[14:35:15]   depth  4:  300 states (7 in H), t_end 2012-3224 d, fuel 224-399 kg
[14:35:15]   depth  5:  300 states (1 in H), t_end 2115-3234 d, fuel 283-448 kg
[14:35:15]   depth  6:  300 states (0 in H), t_end 2792-3237 d, fuel 301-499 kg
[14:35:15]   depth  7:  259 states (0 in H), t_end 2895-3240 d, fuel 344-545 kg
[14:35:15]   depth  8:   21 states (0 in H), t_end 3045-3208 d, fuel 423-484 kg
[14:35:15] candidates: 213 distinct committed target sets (n_new 1-5, potential 0-2)
[14:35:15] frontier: 16 candidates chosen (n fb / committed planner kg / continuation (lookahead) [full]; pot_mode lookahead, pot_cap None): 1fb/153kg/p1(0)[1], 1fb/156kg/p2(1)[2], 1fb/174kg/p3(1)[3], 1fb/175kg/p3(2)[3], 1fb/190kg/p4(0)[4], 1fb/190kg/p3(2)[3], 2fb/185kg/p1(1)[1], 2fb/185kg/p1(0)[1], 2fb/231kg/p3(0)[3], 3fb/193kg/p1(1)[1], 3fb/216kg/p0(0)[0], 3fb/262kg/p2(0)[2], 4fb/286kg/p0(0)[0], 4fb/314kg/p1(0)[1], 4fb/316kg/p0(0)[0], 5fb/371kg/p0(0)[0]
[14:35:15] budget: 320 s of 420 left for the settles + regrids (settle_wall 480)
[14:35:36]     settle  9:  96 @   2006 d -> FAIL [('lin', 4048.4), ('lam', 256.8)] (20.6 s)
[14:35:39]     settle  9: 106 @   1779 d -> ok lin tank 667.3 (+2.4) miss 5 km (3.3 s)
[14:35:40] plan: 2248 states, depth 11 new flybys, end plan_done (124 s); deepest 11 new to 3196 d at planner fuel 713 kg
[14:35:40]   depth  1:   52 states (38 in H), t_end 1684-2270 d, fuel 308-383 kg
[14:35:40]   depth  2:  300 states (95 in H), t_end 1897-2804 d, fuel 334-436 kg
[14:35:40]   depth  3:  300 states (23 in H), t_end 2013-3021 d, fuel 369-483 kg
[14:35:40]   depth  4:  300 states (4 in H), t_end 2138-3195 d, fuel 385-523 kg
[14:35:40]   depth  5:  300 states (0 in H), t_end 2349-3235 d, fuel 412-566 kg
[14:35:40]   depth  6:  300 states (0 in H), t_end 2517-3238 d, fuel 455-607 kg
[14:35:40]   depth  7:  300 states (0 in H), t_end 2783-3239 d, fuel 464-629 kg
[14:35:40]   depth  8:  264 states (0 in H), t_end 2908-3240 d, fuel 513-669 kg
[14:35:40]   depth  9:  108 states (0 in H), t_end 3032-3240 d, fuel 571-661 kg
[14:35:40]   depth 10:   21 states (0 in H), t_end 3132-3240 d, fuel 670-698 kg
[14:35:40]   depth 11:    3 states (0 in H), t_end 3192-3202 d, fuel 713-719 kg
[14:35:40] candidates: 96 distinct committed target sets (n_new 1-4, potential 0-3)
[14:35:40] frontier: 16 candidates chosen (n fb / committed planner kg / continuation (lookahead) [full]; pot_mode lookahead, pot_cap None): 1fb/314kg/p1(1)[1], 1fb/324kg/p1(1)[1], 1fb/340kg/p5(2)[5], 1fb/345kg/p3(2)[3], 1fb/347kg/p3(2)[3], 1fb/383kg/p3(1)[3], 2fb/345kg/p1(1)[1], 2fb/351kg/p1(1)[1], 2fb/351kg/p3(2)[3], 2fb/355kg/p4(2)[4], 3fb/369kg/p2(2)[2], 3fb/375kg/p2(2)[2], 3fb/403kg/p3(2)[3], 4fb/435kg/p0(0)[0], 4fb/449kg/p2(2)[2], 4fb/455kg/p1(1)[1]
[14:35:40] budget: 296 s of 420 left for the settles + regrids (settle_wall 480)
[14:35:40]     settle  9: 231 @   1796 d -> ok lintwin tank 690.4 (+25.6) miss 78 km (1.1 s)
[14:35:42]     settle 11:  71 @   1925 d -> ok lintwin tank 740.7 (+7.7) miss 66 km (2.6 s)
[14:35:42]     settle  9: 197 @   1778 d -> ok lintwin tank 674.8 (+10.0) miss 66 km (1.5 s)
[14:35:43] plan: 2356 states, depth 10 new flybys, end plan_done (128 s); deepest 10 new to 3240 d at planner fuel 544 kg
[14:35:43]   depth  1:   92 states (83 in H), t_end 1675-2253 d, fuel 204-296 kg
[14:35:43]   depth  2:  300 states (127 in H), t_end 1747-2813 d, fuel 228-351 kg
[14:35:43]   depth  3:  300 states (34 in H), t_end 1981-3109 d, fuel 244-393 kg
[14:35:43]   depth  4:  300 states (0 in H), t_end 2258-3217 d, fuel 292-423 kg
[14:35:43]   depth  5:  300 states (0 in H), t_end 2403-3238 d, fuel 337-468 kg
[14:35:43]   depth  6:  300 states (0 in H), t_end 2617-3240 d, fuel 363-514 kg
[14:35:43]   depth  7:  300 states (0 in H), t_end 2742-3240 d, fuel 386-561 kg
[14:35:43]   depth  8:  300 states (0 in H), t_end 2897-3240 d, fuel 435-567 kg
[14:35:43]   depth  9:  149 states (0 in H), t_end 2997-3240 d, fuel 462-604 kg
[14:35:43]   depth 10:   15 states (0 in H), t_end 3166-3240 d, fuel 544-610 kg
[14:35:43] candidates: 126 distinct committed target sets (n_new 1-3, potential 0-2)
[14:35:43] frontier: 16 candidates chosen (n fb / committed planner kg / continuation (lookahead) [full]; pot_mode lookahead, pot_cap None): 1fb/220kg/p1(0)[1], 1fb/224kg/p1(0)[1], 1fb/228kg/p4(2)[4], 1fb/233kg/p2(0)[2], 1fb/237kg/p1(1)[1], 1fb/243kg/p3(1)[3], 1fb/260kg/p2(2)[2], 1fb/273kg/p2(2)[2], 1fb/279kg/p3(2)[3], 2fb/228kg/p1(1)[1], 2fb/236kg/p2(2)[2], 2fb/262kg/p2(2)[2], 2fb/275kg/p3(2)[3], 3fb/307kg/p2(2)[2], 3fb/309kg/p0(0)[0], 3fb/335kg/p0(0)[0]
[14:35:43] budget: 292 s of 420 left for the settles + regrids (settle_wall 480)
[14:35:45]     settle 12:  27 @   1890 d -> ok lintwin tank 695.1 (+11.1) miss 64 km (1.2 s)
[14:35:46]     settle 11: 269 @   2042 d -> ok lintwin tank 762.3 (+29.3) miss 53 km (2.9 s)
[14:35:46]     settle 12: 164 @   1722 d -> ok lintwin tank 699.7 (+15.7) miss 24 km (0.6 s)
[14:35:46] plan: 2407 states, depth 10 new flybys, end plan_done (131 s); deepest 10 new to 3240 d at planner fuel 550 kg
[14:35:46]   depth  1:   96 states (82 in H), t_end 1669-2236 d, fuel 261-344 kg
[14:35:46]   depth  2:  300 states (192 in H), t_end 1769-2692 d, fuel 278-395 kg
[14:35:46]   depth  3:  300 states (82 in H), t_end 1927-3219 d, fuel 299-441 kg
[14:35:46]   depth  4:  300 states (0 in H), t_end 2185-3221 d, fuel 310-476 kg
[14:35:46]   depth  5:  300 states (0 in H), t_end 2323-3176 d, fuel 347-523 kg
[14:35:46]   depth  6:  300 states (0 in H), t_end 2453-3235 d, fuel 372-555 kg
[14:35:46]   depth  7:  300 states (0 in H), t_end 2691-3239 d, fuel 403-546 kg
[14:35:46]   depth  8:  300 states (0 in H), t_end 2906-3240 d, fuel 425-580 kg
[14:35:46]   depth  9:  182 states (0 in H), t_end 3003-3240 d, fuel 455-617 kg
[14:35:46]   depth 10:   29 states (0 in H), t_end 3211-3240 d, fuel 550-652 kg
[14:35:46] candidates: 200 distinct committed target sets (n_new 1-3, potential 0-3)
[14:35:46] frontier: 16 candidates chosen (n fb / committed planner kg / continuation (lookahead) [full]; pot_mode lookahead, pot_cap None): 1fb/266kg/p5(3)[5], 1fb/267kg/p0(0)[0], 1fb/270kg/p2(1)[2], 1fb/272kg/p2(1)[2], 1fb/297kg/p2(1)[2], 1fb/304kg/p2(2)[2], 1fb/308kg/p2(0)[2], 1fb/310kg/p2(0)[2], 1fb/314kg/p2(0)[2], 2fb/283kg/p0(0)[0], 2fb/289kg/p1(1)[1], 2fb/293kg/p4(3)[4], 2fb/294kg/p4(3)[4], 3fb/307kg/p3(3)[3], 3fb/318kg/p3(3)[3], 3fb/339kg/p1(1)[1]
[14:35:46] budget: 289 s of 420 left for the settles + regrids (settle_wall 480)
[14:35:47]     settle 12:  13 @   1743 d -> ok lintwin tank 687.8 (+3.8) miss 75 km (1.6 s)
[14:35:48]     settle 11: 255 @   1684 d -> ok lintwin tank 753.3 (+20.4) miss 67 km (1.8 s)
[14:35:48]     settle 11: 155 @   1675 d -> ok lintwin tank 718.9 (+5.3) miss 76 km (1.5 s)
[14:35:49]     settle 12: 259 @   1675 d -> ok lintwin tank 702.2 (+18.2) miss 22 km (0.9 s)
[14:35:50]     settle 12:  92 @   1978 d -> ok lintwin tank 704.8 (+20.8) miss 62 km (1.0 s)
[14:35:50]     settle 11: 265 @   1969 d -> ok lintwin tank 730.9 (+17.3) miss 71 km (1.8 s)
[14:35:50]     settle 11:  28 @   1770 d -> ok lintwin tank 791.6 (+58.7) miss 72 km (2.3 s)
[14:35:51]     settle 11:  15 @   1986 d -> ok lintwin tank 722.8 (+9.2) miss 50 km (1.1 s)
[14:35:52]     settle 12: 189 @   1776 d -> ok lintwin tank 708.0 (+24.0) miss 67 km (1.3 s)
[14:35:53]     settle 11: 199 @   1846 d -> ok lintwin tank 781.7 (+48.8) miss 66 km (2.5 s)
[14:35:54]     settle 12: 151 @   1868 d -> ok lintwin tank 706.4 (+22.3) miss 72 km (2.3 s)
[14:35:55]     settle 11:  61 @   1841 d -> ok lintwin tank 729.3 (+15.6) miss 65 km (2.9 s)
[14:35:55]     settle  9: 299 @   1704 d -> FAIL [('lam', 119545.0)] (12.1 s)
[14:35:55]     settle 11: 287 @   1727 d -> ok lintwin tank 781.6 (+48.6) miss 69 km (2.1 s)
[14:35:56] plan: 2531 states, depth 11 new flybys, end plan_done (140 s); deepest 11 new to 3236 d at planner fuel 624 kg
[14:35:56]   depth  1:  112 states (96 in H), t_end 1755-2274 d, fuel 189-290 kg
[14:35:56]   depth  2:  300 states (187 in H), t_end 1848-2405 d, fuel 197-353 kg
[14:35:56]   depth  3:  300 states (23 in H), t_end 2028-2759 d, fuel 212-400 kg
[14:35:56]   depth  4:  300 states (0 in H), t_end 2216-3228 d, fuel 239-428 kg
[14:35:56]   depth  5:  300 states (0 in H), t_end 2366-3214 d, fuel 244-465 kg
[14:35:56]   depth  6:  300 states (0 in H), t_end 2680-3239 d, fuel 306-502 kg
[14:35:56]   depth  7:  300 states (0 in H), t_end 2765-3237 d, fuel 383-543 kg
[14:35:56]   depth  8:  300 states (0 in H), t_end 2885-3240 d, fuel 480-588 kg
[14:35:56]   depth  9:  247 states (0 in H), t_end 3001-3239 d, fuel 510-621 kg
[14:35:56]   depth 10:   67 states (0 in H), t_end 3123-3240 d, fuel 545-660 kg
[14:35:56]   depth 11:    5 states (0 in H), t_end 3226-3236 d, fuel 624-655 kg
[14:35:56] candidates: 130 distinct committed target sets (n_new 1-3, potential 0-2)
[14:35:56] frontier: 16 candidates chosen (n fb / committed planner kg / continuation (lookahead) [full]; pot_mode lookahead, pot_cap None): 1fb/189kg/p2(2)[2], 1fb/189kg/p3(2)[3], 1fb/215kg/p2(1)[2], 1fb/224kg/p3(2)[3], 1fb/232kg/p4(2)[4], 1fb/239kg/p2(2)[2], 1fb/239kg/p2(2)[2], 1fb/250kg/p3(2)[3], 1fb/271kg/p4(2)[4], 1fb/279kg/p3(2)[3], 2fb/202kg/p0(0)[0], 2fb/206kg/p2(2)[2], 2fb/292kg/p3(2)[3], 3fb/310kg/p1(1)[1], 3fb/315kg/p0(0)[0], 3fb/343kg/p2(2)[2]
[14:35:56] budget: 280 s of 420 left for the settles + regrids (settle_wall 480)
[14:35:56]     settle  9:  15 @   1997 d -> ok lintwin tank 681.9 (+2.9) miss 1 km (0.3 s)
[14:35:56] plan: 2460 states, depth 11 new flybys, end plan_done (141 s); deepest 11 new to 3198 d at planner fuel 725 kg
[14:35:56]   depth  1:   97 states (91 in H), t_end 1638-2270 d, fuel 335-415 kg
[14:35:56]   depth  2:  300 states (234 in H), t_end 1730-2666 d, fuel 343-458 kg
[14:35:56]   depth  3:  300 states (134 in H), t_end 1794-2684 d, fuel 391-506 kg
[14:35:56]   depth  4:  300 states (38 in H), t_end 1992-2885 d, fuel 436-534 kg
[14:35:56]   depth  5:  300 states (12 in H), t_end 2089-3066 d, fuel 458-578 kg
[14:35:56]   depth  6:  300 states (0 in H), t_end 2288-3221 d, fuel 510-620 kg
[14:35:56]   depth  7:  300 states (0 in H), t_end 2604-3238 d, fuel 543-654 kg
[14:35:56]   depth  8:  300 states (0 in H), t_end 2881-3225 d, fuel 564-697 kg
[14:35:56]   depth  9:  234 states (0 in H), t_end 2963-3240 d, fuel 589-734 kg
[14:35:56]   depth 10:   27 states (0 in H), t_end 3083-3235 d, fuel 676-766 kg
[14:35:56]   depth 11:    2 states (0 in H), t_end 3198-3203 d, fuel 725-730 kg
[14:35:56] candidates: 223 distinct committed target sets (n_new 1-5, potential 0-2)
[14:35:56] frontier: 16 candidates chosen (n fb / committed planner kg / continuation (lookahead) [full]; pot_mode lookahead, pot_cap None): 1fb/338kg/p1(0)[1], 1fb/344kg/p1(0)[1], 1fb/358kg/p5(1)[5], 1fb/374kg/p4(1)[4], 2fb/353kg/p0(0)[0], 2fb/364kg/p0(0)[0], 2fb/407kg/p4(1)[4], 3fb/391kg/p0(0)[0], 3fb/413kg/p0(0)[0], 3fb/447kg/p3(1)[3], 4fb/474kg/p1(1)[1], 4fb/485kg/p0(0)[0], 4fb/493kg/p2(2)[2], 5fb/501kg/p0(0)[0], 5fb/523kg/p1(1)[1], 5fb/546kg/p0(0)[0]
[14:35:56] budget: 279 s of 420 left for the settles + regrids (settle_wall 480)
[14:35:57]     settle  9:  61 @   1875 d -> ok lintwin tank 682.0 (+3.0) miss 45 km (0.4 s)
[14:35:57]     settle 11: 290 @   1923 d -> ok lintwin tank 735.7 (+22.1) miss 72 km (2.2 s)
[14:35:58]     settle 12: 282 @   1992 d -> ok lintwin tank 707.7 (+23.7) miss 73 km (2.5 s)
[14:35:58]     settle 11:  77 @   1927 d -> ok lintwin tank 748.5 (+15.5) miss 67 km (2.3 s)
[14:35:58]     settle 12:  80 @   2051 d -> ok lintwin tank 755.3 (+6.8) miss 7 km (0.3 s)
[14:35:59]     settle 11: 205 @   1782 d -> ok lintwin tank 809.2 (+55.3) miss 65 km (2.3 s)
[14:35:59]     settle 12: 297 @   2027 d -> ok lintwin tank 752.2 (+3.7) miss 75 km (0.4 s)
[14:35:59]     settle  9: 273 @   1768 d -> ok lintwin tank 690.6 (+11.7) miss 2 km (2.2 s)
[14:36:00]     settle 12: 239 @   1954 d -> ok lintwin tank 764.2 (+10.8) miss 68 km (0.7 s)
[14:36:00]     settle 12: 120 @   1819 d -> ok lintwin tank 703.6 (+19.6) miss 71 km (2.1 s)
[14:36:00]     settle 11: 148 @   2009 d -> ok lintwin tank 778.2 (+64.6) miss 75 km (2.9 s)
[14:36:01]     settle  9: 188 @   1865 d -> ok lintwin tank 692.0 (+13.0) miss 20 km (1.3 s)
[14:36:01]     settle 11: 197 @   1752 d -> ok lintwin tank 761.9 (+7.9) miss 67 km (2.3 s)
[14:36:01]     settle 12:  77 @   1923 d -> ok lintwin tank 765.4 (+12.0) miss 68 km (1.2 s)
[14:36:02]     settle 12:  13 @   1747 d -> ok lintwin tank 687.9 (+3.8) miss 66 km (1.3 s)
[14:36:02]     settle 11: 266 @   1762 d -> ok lintwin tank 749.3 (+35.7) miss 71 km (1.4 s)
[14:36:03]     settle  9: 159 @   1758 d -> ok lintwin tank 691.7 (+12.7) miss 1 km (2.5 s)
[14:36:04]     settle 11:  49 @   1644 d -> ok lintwin tank 760.6 (+6.7) miss 62 km (2.4 s)
[14:36:04]     settle 13:  48 @   2148 d -> ok lintwin tank 775.8 (+11.7) miss 78 km (2.0 s)
[14:36:04]     settle 13: 293 @   2119 d -> ok lintwin tank 695.4 (+7.5) miss 69 km (2.3 s)
[14:36:04]     settle 11: 105 @   1723 d -> ok lintwin tank 743.5 (+29.9) miss 71 km (1.9 s)
[14:36:05] plan: 2718 states, depth 11 new flybys, end plan_done (150 s); deepest 11 new to 3220 d at planner fuel 558 kg
[14:36:05]   depth  1:   78 states (71 in H), t_end 1638-2261 d, fuel 222-319 kg
[14:36:05]   depth  2:  300 states (176 in H), t_end 1778-2641 d, fuel 231-371 kg
[14:36:05]   depth  3:  300 states (87 in H), t_end 1928-2772 d, fuel 275-401 kg
[14:36:05]   depth  4:  300 states (10 in H), t_end 2043-3011 d, fuel 306-440 kg
[14:36:05]   depth  5:  300 states (0 in H), t_end 2258-3200 d, fuel 340-480 kg
[14:36:05]   depth  6:  300 states (0 in H), t_end 2432-3240 d, fuel 368-519 kg
[14:36:05]   depth  7:  300 states (0 in H), t_end 2667-3240 d, fuel 386-562 kg
[14:36:05]   depth  8:  300 states (0 in H), t_end 2836-3240 d, fuel 419-605 kg
[14:36:05]   depth  9:  300 states (0 in H), t_end 2949-3240 d, fuel 456-628 kg
[14:36:05]   depth 10:  219 states (0 in H), t_end 3005-3240 d, fuel 472-636 kg
[14:36:05]   depth 11:   21 states (0 in H), t_end 3215-3238 d, fuel 558-651 kg
[14:36:05] candidates: 195 distinct committed target sets (n_new 1-4, potential 0-3)
[14:36:05] frontier: 16 candidates chosen (n fb / committed planner kg / continuation (lookahead) [full]; pot_mode lookahead, pot_cap None): 1fb/222kg/p1(1)[1], 1fb/227kg/p1(1)[1], 1fb/229kg/p5(2)[5], 1fb/254kg/p2(1)[2], 1fb/307kg/p3(2)[3], 1fb/313kg/p2(1)[2], 2fb/238kg/p0(0)[0], 2fb/240kg/p0(0)[0], 2fb/278kg/p4(3)[4], 2fb/287kg/p4(3)[4], 3fb/279kg/p0(0)[0], 3fb/284kg/p0(0)[0], 3fb/325kg/p3(3)[3], 4fb/324kg/p1(1)[1], 4fb/343kg/p1(1)[1], 4fb/387kg/p2(2)[2]
[14:36:05] budget: 270 s of 420 left for the settles + regrids (settle_wall 480)
[14:36:06]     settle 12: 236 @   2101 d -> ok lintwin tank 699.5 (+3.0) miss 22 km (0.3 s)
[14:36:06]     settle 13: 238 @   2126 d -> ok lintwin tank 693.8 (+6.0) miss 49 km (1.4 s)
[14:36:06]     settle 11: 169 @   1905 d -> ok lintwin tank 744.4 (+30.8) miss 68 km (1.7 s)
[14:36:07]     settle 11: 294 @   1755 d -> ok lintwin tank 769.8 (+15.8) miss 75 km (2.5 s)
[14:36:07]     settle 13:  48 @   2148 d -> ok lintwin tank 775.8 (+10.4) miss 72 km (2.4 s)
[14:36:07]     settle 12:  77 @   1931 d -> ok lintwin tank 702.4 (+6.0) miss 75 km (0.8 s)
[14:36:07]     settle  9:  82 @   1988 d -> ok lintwin tank 721.4 (+42.4) miss 0 km (3.7 s)
[14:36:07]     settle 12: 262 @   1638 d -> ok lintwin tank 701.8 (+5.4) miss 4 km (0.2 s)
[14:36:09]     settle 11: 226 @   1864 d -> ok lintwin tank 737.7 (+24.1) miss 69 km (2.1 s)
[14:36:09]     settle 12: 290 @   1905 d -> ok lintwin tank 765.3 (+3.5) miss 62 km (1.6 s)
[14:36:09]     settle 12: 268 @   1823 d -> ok lintwin tank 724.5 (+28.0) miss 9 km (1.4 s)
[14:36:09]     settle 13: 297 @   2013 d -> ok lintwin tank 785.7 (+20.3) miss 59 km (2.1 s)
[14:36:09]     settle 13: 113 @   2074 d -> ok lintwin tank 709.6 (+21.8) miss 73 km (3.0 s)
[14:36:11]     settle 12: 199 @   1833 d -> ok lintwin tank 707.1 (+10.6) miss 17 km (1.3 s)
[14:36:11]     settle 13:  92 @   1983 d -> ok lintwin tank 711.1 (+23.3) miss 7 km (0.7 s)
[14:36:11]     settle  9: 159 @   1670 d -> FAIL [('lin', 748.6), ('lam', 392397.0)] (16.3 s)
[14:36:11]     settle 11:  61 @   1895 d -> ok lintwin tank 760.5 (+6.6) miss 70 km (2.2 s)
[14:36:11]     settle 12: 254 @   2103 d -> ok lintwin tank 746.9 (+9.2) miss 68 km (2.5 s)
[14:36:11]     settle  9: 104 @   2056 d -> ok lintwin tank 815.0 (+136.0) miss 2 km (3.8 s)
[14:36:12]     settle 13: 297 @   2017 d -> ok lintwin tank 782.7 (+18.5) miss 64 km (2.4 s)
[14:36:12]     settle 14: 293 @   2117 d -> ok lintwin tank 712.8 (+1.6) miss 13 km (0.8 s)
[14:36:13]     settle 13:  27 @   1893 d -> ok lintwin tank 725.1 (+17.1) miss 46 km (0.7 s)
[14:36:13]     settle  9: 210 @   1875 d -> ok lintwin tank 699.3 (+20.4) miss 52 km (0.9 s)
[14:36:13]     settle 12:  28 @   1812 d -> ok lintwin tank 731.7 (+35.2) miss 63 km (2.5 s)
[14:36:14]     settle 14: 195 @   2142 d -> ok lintwin tank 806.3 (+23.7) miss 68 km (2.3 s)
[14:36:14]     settle 12:  57 @   2078 d -> ok lintwin tank 782.5 (+22.0) miss 70 km (3.1 s)
[14:36:14]     settle  9: 290 @   1920 d -> ok lintwin tank 694.7 (+15.7) miss 6 km (1.1 s)
[14:36:14]     settle 12: 170 @   1785 d -> ok lintwin tank 701.9 (+5.5) miss 21 km (0.6 s)
[14:36:14]     settle 14: 282 @   1999 d -> ok lintwin tank 736.5 (+11.4) miss 65 km (1.6 s)
[14:36:14]     settle 10:  96 @   2008 d -> ok lintwin tank 674.7 (+7.4) miss 19 km (3.3 s)
[14:36:15]     settle 13:  77 @   1930 d -> ok lintwin tank 704.5 (+2.5) miss 18 km (0.2 s)
[14:36:15]     settle 12: 254 @   2100 d -> ok lintwin tank 755.9 (+26.6) miss 92 km (3.5 s)
[14:36:15]     settle 12: 170 @   1786 d -> ok lintwin tank 701.9 (+5.5) miss 27 km (0.6 s)
[14:36:16]     settle 13: 260 @   2001 d -> ok lintwin tank 706.3 (+4.4) miss 1 km (0.3 s)
[14:36:16]     settle 13: 146 @   1747 d -> ok lintwin tank 723.9 (+21.7) miss 71 km (1.2 s)
[14:36:16]     settle  9:  28 @   1803 d -> ok lintwin tank 767.2 (+88.2) miss 24 km (1.8 s)
[14:36:16]     settle 14: 195 @   2138 d -> ok lintwin tank 795.5 (+9.8) miss 73 km (1.9 s)
[14:36:17]     settle 12:  61 @   1865 d -> ok lintwin tank 730.0 (+11.1) miss 64 km (1.3 s)
[14:36:17]     settle 13: 151 @   1832 d -> ok lintwin tank 718.4 (+16.6) miss 7 km (0.7 s)
[14:36:17]     settle 10:  45 @   2023 d -> ok lintwin tank 687.4 (+5.4) miss 9 km (0.2 s)
[14:36:18]     settle 12: 294 @   1759 d -> ok lintwin tank 773.9 (+13.2) miss 0 km (3.0 s)
[14:36:18]     settle 10:  15 @   1995 d -> ok lintwin tank 685.3 (+3.3) miss 9 km (0.2 s)
[14:36:18]     settle 13: 269 @   1853 d -> ok lintwin tank 724.9 (+23.1) miss 5 km (1.2 s)
[14:36:18]     settle 12:  72 @   1883 d -> ok lintwin tank 731.1 (+12.2) miss 83 km (1.4 s)
[14:36:18]     settle 13:  80 @   2046 d -> ok lintwin tank 787.0 (+21.6) miss 69 km (1.7 s)
[14:36:19]     settle 13: 170 @   1788 d -> ok lintwin tank 710.5 (+8.7) miss 21 km (0.2 s)
[14:36:19]     settle 14:  92 @   1987 d -> ok lintwin tank 750.0 (+26.1) miss 1 km (2.7 s)
[14:36:19]     settle 10: 266 @   1848 d -> ok lintwin tank 699.6 (+7.9) miss 39 km (1.0 s)
[14:36:19] RESULT s03_c1: 16 columns; frontier 1fb 4 kg p2/2 | 2fb 10 kg p2/2 | 3fb 29 kg p2/2; settles 19 (19 ok), regrids 16 (16 ok); wall 164 s of 420 (plan 128, price 1, settle 36; budget hit None, 0 unsettled)
[14:36:20]   job s03_c1 craft columns  16  levels 10  settles 19/19  end plan_done  wall 164.1 s
[14:36:20]     settle  9:  61 @   1875 d -> ok lintwin tank 682.0 (+3.0) miss 45 km (0.5 s)
[14:36:20]     settle 14: 228 @   2038 d -> ok lintwin tank 721.3 (+10.9) miss 6 km (1.0 s)
[14:36:20]     settle 13:  15 @   1990 d -> ok lintwin tank 733.7 (+2.6) miss 76 km (1.2 s)
[14:36:20]     settle 10:  15 @   1990 d -> ok lintwin tank 685.3 (+3.3) miss 11 km (0.2 s)
[14:36:20]     settle 14: 195 @   2140 d -> ok lintwin tank 805.1 (+18.1) miss 77 km (1.8 s)
[14:36:21]     settle 11: 288 @   2100 d -> ok lintwin tank 715.4 (+30.0) miss 9 km (0.5 s)
[14:36:21] RESULT s03_c5: 16 columns; frontier 1fb 8 kg p1/2 | 2fb 19 kg p1/2 | 3fb 43 kg p2/2 | 4fb 62 kg p2/2; settles 19 (19 ok), regrids 16 (16 ok); wall 165 s of 420 (plan 124, price 1, settle 41; budget hit None, 0 unsettled)
[14:36:21]     settle 13: 225 @   1796 d -> ok lintwin tank 720.0 (+18.2) miss 27 km (0.5 s)
[14:36:21]     settle 14: 228 @   2040 d -> ok lintwin tank 721.8 (+1.8) miss 3 km (0.5 s)
[14:36:21]     settle 13:  15 @   1989 d -> ok lintwin tank 739.2 (+9.2) miss 62 km (1.0 s)
[14:36:22]   job s03_c5 craft columns  16  levels 11  settles 19/19  end plan_done  wall 165.2 s
[14:36:22]     settle 10: 226 @   1870 d -> ok lintwin tank 697.0 (+5.3) miss 73 km (1.0 s)
[14:36:22]     settle 14: 113 @   2072 d -> ok lintwin tank 723.3 (+5.0) miss 66 km (0.4 s)
[14:36:23]     settle 12: 290 @   1914 d -> ok lintwin tank 742.4 (+23.6) miss 71 km (1.1 s)
[14:36:23]     settle 13:  77 @   1928 d -> ok lintwin tank 706.7 (+4.9) miss 2 km (0.4 s)
[14:36:23]     settle 11:  96 @   2035 d -> ok lintwin tank 711.5 (+14.5) miss 83 km (1.1 s)
[14:36:23]     settle 14: 297 @   1989 d -> ok lintwin tank 728.5 (+21.9) miss 12 km (0.5 s)
[14:36:24]     settle 15: 195 @   2127 d -> ok lintwin tank 735.3 (+6.7) miss 21 km (0.5 s)
[14:36:24] plan: 3039 states, depth 13 new flybys, end plan_done (168 s); deepest 13 new to 3237 d at planner fuel 642 kg
[14:36:24]   depth  1:  111 states (97 in H), t_end 1644-2306 d, fuel 177-279 kg
[14:36:24]   depth  2:  300 states (146 in H), t_end 1815-2688 d, fuel 194-331 kg
[14:36:24]   depth  3:  300 states (61 in H), t_end 1938-2873 d, fuel 243-375 kg
[14:36:24]   depth  4:  300 states (10 in H), t_end 2104-3237 d, fuel 266-426 kg
[14:36:24]   depth  5:  300 states (0 in H), t_end 2249-3239 d, fuel 316-480 kg
[14:36:24]   depth  6:  300 states (0 in H), t_end 2369-3237 d, fuel 339-516 kg
[14:36:24]   depth  7:  300 states (0 in H), t_end 2609-3239 d, fuel 404-564 kg
[14:36:24]   depth  8:  300 states (0 in H), t_end 2694-3240 d, fuel 424-582 kg
[14:36:24]   depth  9:  300 states (0 in H), t_end 2765-3240 d, fuel 478-624 kg
[14:36:24]   depth 10:  300 states (0 in H), t_end 2846-3240 d, fuel 509-653 kg
[14:36:24]   depth 11:  183 states (0 in H), t_end 2998-3240 d, fuel 533-635 kg
[14:36:24]   depth 12:   43 states (0 in H), t_end 3144-3240 d, fuel 593-653 kg
[14:36:24]   depth 13:    2 states (0 in H), t_end 3237-3240 d, fuel 642-683 kg
[14:36:24] candidates: 167 distinct committed target sets (n_new 1-4, potential 0-2)
[14:36:24] frontier: 16 candidates chosen (n fb / committed planner kg / continuation (lookahead) [full]; pot_mode lookahead, pot_cap None): 1fb/177kg/p1(1)[1], 1fb/180kg/p1(1)[1], 1fb/187kg/p2(1)[2], 1fb/220kg/p5(2)[5], 1fb/229kg/p2(1)[2], 1fb/254kg/p4(2)[4], 1fb/273kg/p4(2)[4], 2fb/217kg/p0(0)[0], 2fb/218kg/p0(0)[0], 2fb/257kg/p4(2)[4], 3fb/270kg/p1(0)[1], 3fb/274kg/p1(1)[1], 3fb/318kg/p3(2)[3], 4fb/305kg/p0(0)[0], 4fb/331kg/p0(0)[0], 4fb/347kg/p2(2)[2]
[14:36:24] budget: 252 s of 420 left for the settles + regrids (settle_wall 480)
[14:36:24]     settle 13:  57 @   2077 d -> ok lintwin tank 751.3 (+8.8) miss 86 km (1.4 s)
[14:36:24]     settle 13: 207 @   2054 d -> ok lintwin tank 676.4 (+1.7) miss 2 km (0.3 s)
[14:36:24] RESULT s03_c4: 16 columns; frontier 1fb 5 kg p3/3 | 2fb 16 kg p3/3 | 3fb 20 kg p3/3; settles 18 (18 ok), regrids 16 (16 ok); wall 169 s of 420 (plan 131, price 1, settle 38; budget hit None, 0 unsettled)
[14:36:24]     settle 11: 133 @   2081 d -> ok lintwin tank 721.8 (+22.2) miss 70 km (1.2 s)
[14:36:25] RESULT s03_c7: 16 columns; frontier 1fb 3 kg p2/2 | 2fb 6 kg p2/2 | 3fb 32 kg p0/2; settles 19 (19 ok), regrids 16 (16 ok); wall 169 s of 420 (plan 140, price 1, settle 29; budget hit None, 0 unsettled)
[14:36:25]     settle 13: 151 @   1828 d -> ok lintwin tank 718.4 (+16.6) miss 9 km (0.7 s)
[14:36:25]     settle 13: 236 @   2103 d -> ok lintwin tank 676.8 (+2.1) miss 3 km (0.5 s)
[14:36:25]     settle 14:  71 @   1933 d -> ok lintwin tank 732.3 (+14.0) miss 14 km (0.6 s)
[14:36:25]     settle 13:  16 @   1993 d -> ok lintwin tank 681.2 (+6.5) miss 4 km (0.3 s)
[14:36:26]   job s03_c4 craft columns  16  levels 10  settles 18/18  end plan_done  wall 168.9 s
[14:36:26]   job s03_c7 craft columns  16  levels 11  settles 19/19  end plan_done  wall 169.3 s
[14:36:26]     settle 15: 228 @   2043 d -> ok lintwin tank 746.5 (+14.2) miss 40 km (0.6 s)
[14:36:27]     settle 13: 143 @   1741 d -> ok lintwin tank 718.4 (+43.8) miss 83 km (0.9 s)
[14:36:27]     settle 14:  71 @   1928 d -> ok lintwin tank 732.3 (+14.0) miss 18 km (0.6 s)
[14:36:27]     settle 13: 268 @   1853 d -> ok lintwin tank 688.7 (+14.1) miss 27 km (0.3 s)
[14:36:28]     settle 15:  94 @   2118 d -> ok lintwin tank 763.0 (+30.7) miss 54 km (0.7 s)
[14:36:28] RESULT s03_c2: 16 columns; frontier 1fb 3 kg p1/2 | 2fb 8 kg p0/3 | 3fb 25 kg p0/3 | 4fb 39 kg p1/2; settles 25 (25 ok), regrids 16 (16 ok); wall 173 s of 420 (plan 150, price 1, settle 22; budget hit None, 0 unsettled)
[14:36:28]     settle 12:  61 @   1889 d -> ok lam tank 769.1 (+8.4) miss 62 km (9.6 s)
[14:36:29]     settle  9: 299 @   1712 d -> ok lam tank 680.2 (+15.4) miss 64 km (14.0 s)
[14:36:29]     settle 13: 151 @   1859 d -> ok lintwin tank 700.1 (+25.5) miss 12 km (1.6 s)
[14:36:30]   job s03_c2 craft columns  16  levels 11  settles 25/25  end plan_done  wall 172.5 s
[14:36:30]     settle 13: 215 @   1810 d -> ok lintwin tank 699.3 (+24.7) miss 16 km (0.9 s)
[14:36:31]     settle 13: 268 @   1849 d -> ok lintwin tank 688.5 (+13.9) miss 29 km (0.5 s)
[14:36:32]     settle 14: 260 @   1991 d -> ok lintwin tank 698.8 (+10.2) miss 10 km (0.7 s)
[14:36:32]     settle 13: 133 @   2059 d -> ok lintwin tank 770.5 (+1.4) miss 56 km (3.4 s)
[14:36:32]     settle 14: 238 @   2131 d -> ok lintwin tank 693.4 (+4.9) miss 18 km (0.6 s)
[14:36:35]     settle 14: 215 @   1815 d -> ok lintwin tank 783.0 (+64.6) miss 48 km (2.0 s)
[14:36:36]     settle 12:  61 @   1884 d -> ok lintwin tank 763.1 (+2.5) miss 69 km (4.1 s)
[14:36:38]     settle 13:  96 @   2019 d -> ok lintwin tank 791.5 (+28.4) miss 47 km (1.5 s)
[14:36:38]     settle 15: 239 @   1955 d -> ok lintwin tank 833.4 (+50.4) miss 82 km (2.6 s)
[14:36:39]     settle 13: 215 @   1853 d -> ok lintwin tank 699.3 (+24.7) miss 9 km (0.7 s)
[14:36:39]     settle 10:  96 @   2009 d -> FAIL [('lam', 310.8)] (10.1 s)
[14:36:40]     settle 13: 251 @   1867 d -> ok lintwin tank 795.6 (+21.7) miss 53 km (1.6 s)
[14:36:41]     settle 14: 113 @   2066 d -> ok lintwin tank 713.1 (+13.7) miss 54 km (2.0 s)
[14:36:42]     settle 12: 251 @   1867 d -> ok lam tank 788.2 (+27.5) miss 68 km (1.5 s)
[14:36:42]     settle 10:  76 @   2004 d -> ok lintwin tank 697.0 (+6.7) miss 1 km (2.2 s)
[14:36:42]     settle 15:  94 @   2128 d -> ok lintwin tank 723.3 (+10.2) miss 58 km (1.1 s)
[14:36:43]     settle 13: 292 @   2026 d -> ok lintwin tank 796.4 (+8.2) miss 77 km (1.8 s)
[14:36:44]     settle 15:  77 @   1938 d -> ok lintwin tank 783.7 (+0.7) miss 48 km (2.0 s)
[14:36:45]     settle 11: 299 @   2100 d -> ok lintwin tank 704.1 (+7.1) miss 3 km (3.4 s)
[14:36:45]     settle 14: 256 @   2121 d -> ok lintwin tank 807.4 (+11.0) miss 55 km (1.8 s)
[14:36:47]     settle 16:  48 @   2140 d -> ok lintwin tank 833.0 (+-0.4) miss 44 km (2.3 s)
[14:36:48]   10 candidates dropped (settle failure / regrid failure / duplicate after truncation)
[14:36:48] RESULT s03_c6: 6 columns; frontier 1fb 2 kg p1/2 | 2fb 10 kg p1/1 | 3fb 38 kg p1/1; settles 16 (7 ok), regrids 6 (6 ok); wall 193 s of 420 (plan 100, price 0, settle 93; budget hit None, 0 unsettled)
[14:36:49]     settle 12: 294 @   1754 d -> ok lintwin tank 774.2 (+13.6) miss 0 km (2.8 s)
[14:36:50]   job s03_c6 craft columns   6  levels 8  settles 7/16  end plan_done  wall 192.7 s
[14:36:50]     settle 15: 239 @   1950 d -> ok lintwin tank 832.6 (+49.6) miss 55 km (2.5 s)
[14:36:52]     settle 13:  61 @   1874 d -> ok lintwin tank 842.4 (+68.2) miss 0 km (3.5 s)
[14:36:53]     settle 16:  94 @   2130 d -> ok lintwin tank 839.6 (+6.9) miss 77 km (2.6 s)
[14:36:55]     settle 14:  96 @   2019 d -> ok lintwin tank 899.5 (+57.1) miss 47 km (2.5 s)
[14:36:56]     settle 16:  48 @   2134 d -> ok lintwin tank 817.7 (+34.0) miss 1 km (2.7 s)
[14:36:56] RESULT s03_c3: 16 columns; frontier 1fb 2 kg p1/2 | 2fb 19 kg p0/2 | 3fb 48 kg p1/2 | 4fb 142 kg p2/2; settles 20 (20 ok), regrids 16 (16 ok); wall 201 s of 420 (plan 168, price 1, settle 32; budget hit None, 0 unsettled)
[14:36:58]   job s03_c3 craft columns  16  levels 13  settles 20/20  end plan_done  wall 200.8 s
[14:36:59]     settle 14: 254 @   2095 d -> ok lintwin tank 826.7 (+31.1) miss 72 km (3.5 s)
[14:37:01]     settle 14: 130 @   2002 d -> ok lintwin tank 811.7 (+16.2) miss 66 km (1.8 s)
[14:37:02]     settle 15: 256 @   2121 d -> ok lintwin tank 829.2 (+17.4) miss 74 km (1.8 s)
[14:37:05]     settle 14: 130 @   1992 d -> ok lintwin tank 811.6 (+16.1) miss 75 km (2.1 s)
[14:37:07]     settle 15: 176 @   2132 d -> ok lintwin tank 833.4 (+21.7) miss 53 km (1.7 s)
[14:37:09]     settle 15: 203 @   2089 d -> ok lintwin tank 836.1 (+24.4) miss 43 km (2.0 s)
[14:37:09] RESULT s03_c0: 16 columns; frontier 1fb 7 kg p1/1 | 2fb 11 kg p0/1 | 3fb 16 kg p0/1 | 4fb 53 kg p1/2 | 5fb 75 kg p0/1; settles 25 (25 ok), regrids 16 (16 ok); wall 214 s of 420 (plan 141, price 1, settle 73; budget hit None, 0 unsettled)
[14:37:10]   job s03_c0 craft columns  16  levels 11  settles 25/25  end plan_done  wall 214.0 s
[14:37:10] [slice 3] propose: 118 columns (0 bad dropped) in 214.5 s
[14:37:10] [slice 3] auction: 118 columns, kept 117, dropped {'ramp': 1}; lam 1.00 H_eff 540 d fuel budget 482 kg quota on
[14:37:10] [slice 3] auction: status optimal objective 32.279 vars 117 rows 60 chosen 8 fuel 375/482 kg (0.019 s)
[14:37:12] [slice 3] claims: c0:1 c1:2 c2:1 c4:3 c5:2 c6:1 c7:2  (12 targets: 0 kept, 12 new; 11 released, 0 expired (ttl 4), 1 conflicts)
[14:37:12] [slice 3 T=1620 d] launched 8/8  covered 108  remaining 190  fuel 1174 kg  sumJi 8.9335  chosen: c0:5(+79) c1:3(+29) c2:4(+50) c3:3(+48) c4:3(+25) c5:4(+62) c6:3(+38) c7:3(+43)  rejected: -  (wall 217 s)
[14:37:12] [slice 4] claims in force: c0:1 c1:2 c2:1 c4:3 c5:2 c6:1 c7:2  (12 targets; claim_bonus 1.0, ttl 4)
[14:37:12]   c0: claims: 1 own (prized +1.0), 11 claimed by others withheld
[14:37:12]   c1: claims: 2 own (prized +1.0), 10 claimed by others withheld
[14:37:12]   c2: claims: 1 own (prized +1.0), 11 claimed by others withheld
[14:37:12]   c3: claims: 0 own (prized +1.0), 12 claimed by others withheld
[14:37:12]   c4: claims: 3 own (prized +1.0), 9 claimed by others withheld
[14:37:12]   c5: claims: 2 own (prized +1.0), 10 claimed by others withheld
[14:37:12]   c6: claims: 1 own (prized +1.0), 11 claimed by others withheld
[14:37:12]   c7: claims: 2 own (prized +1.0), 10 claimed by others withheld
[14:37:12] [slice 4 T=2160 d] propose: 8 jobs (8 craft, 0 root) on 9 workers, proposer planbeam, H_eff 540 d, lam 1.0
[14:37:12] job s04_c4 (craft, craft 4, planbeam): T 2160 d H 540 L 360; plan horizon 3780 d; remaining 181; prize >1 on 69; width 300 npt 6 mc 150 dv 1.6 drmax 0.2 plan_wall 300 s; quota {'fil': 7, 'med': 14}
[14:37:12] job s04_c0 (craft, craft 0, planbeam): T 2160 d H 540 L 360; plan horizon 3780 d; remaining 179; prize >1 on 67; width 300 npt 6 mc 150 dv 1.6 drmax 0.2 plan_wall 300 s; quota {'fil': 3, 'med': 16}
[14:37:12] job s04_c2 (craft, craft 2, planbeam): T 2160 d H 540 L 360; plan horizon 3780 d; remaining 179; prize >1 on 67; width 300 npt 6 mc 150 dv 1.6 drmax 0.2 plan_wall 300 s; quota {'fil': 4, 'med': 14}
[14:37:12] job s04_c3 (craft, craft 3, planbeam): T 2160 d H 540 L 360; plan horizon 3780 d; remaining 178; prize >1 on 66; width 300 npt 6 mc 150 dv 1.6 drmax 0.2 plan_wall 300 s; quota {'fil': 4, 'med': 14}
[14:37:12] job s04_c1 (craft, craft 1, planbeam): T 2160 d H 540 L 360; plan horizon 3780 d; remaining 180; prize >1 on 68; width 300 npt 6 mc 150 dv 1.6 drmax 0.2 plan_wall 300 s; quota {'fil': 4, 'med': 15}
[14:37:12] job s04_c5 (craft, craft 5, planbeam): T 2160 d H 540 L 360; plan horizon 3780 d; remaining 180; prize >1 on 68; width 300 npt 6 mc 150 dv 1.6 drmax 0.2 plan_wall 300 s; quota {'fil': 7, 'med': 16}
[14:37:12] job s04_c6 (craft, craft 6, planbeam): T 2160 d H 540 L 360; plan horizon 3780 d; remaining 179; prize >1 on 67; width 300 npt 6 mc 150 dv 1.6 drmax 0.2 plan_wall 300 s; quota {'fil': 8, 'med': 12}
[14:37:12] job s04_c7 (craft, craft 7, planbeam): T 2160 d H 540 L 360; plan horizon 3780 d; remaining 180; prize >1 on 68; width 300 npt 6 mc 150 dv 1.6 drmax 0.2 plan_wall 300 s; quota {'fil': 8, 'med': 14}
[14:37:12] prefix slices/s04/in/craft_6.npz: 11 flybys, t_end 2090.3 d, tank 702.5 kg (planner view), miss 46.1 km, nreg 94
[14:37:12] prefix slices/s04/in/craft_7.npz: 11 flybys, t_end 2076.5 d, tank 721.7 kg (planner view), miss 5.9 km, nreg 94
[14:37:12] budget: job_wall 420 s, 420 s left before the plan -> plan cap 300 s (plan_wall 300, settle_reserve 90)
[14:37:12] budget: job_wall 420 s, 420 s left before the plan -> plan cap 300 s (plan_wall 300, settle_reserve 90)
[14:37:12] prefix slices/s04/in/craft_5.npz: 14 flybys, t_end 2141.2 d, tank 795.3 kg (planner view), miss 3.3 km, nreg 97
[14:37:12] budget: job_wall 420 s, 420 s left before the plan -> plan cap 300 s (plan_wall 300, settle_reserve 90)
[14:37:12] prefix slices/s04/in/craft_1.npz: 14 flybys, t_end 2121.1 d, tank 712.5 kg (planner view), miss 2.0 km, nreg 105
[14:37:12] budget: job_wall 420 s, 420 s left before the plan -> plan cap 300 s (plan_wall 300, settle_reserve 90)
[14:37:12] prefix slices/s04/in/craft_3.npz: 15 flybys, t_end 2127.2 d, tank 723.0 kg (planner view), miss 0.1 km, nreg 102
[14:37:12] budget: job_wall 420 s, 420 s left before the plan -> plan cap 300 s (plan_wall 300, settle_reserve 90)
[14:37:12] prefix slices/s04/in/craft_4.npz: 13 flybys, t_end 1986.9 d, tank 739.1 kg (planner view), miss 69.3 km, nreg 92
[14:37:12] budget: job_wall 420 s, 420 s left before the plan -> plan cap 300 s (plan_wall 300, settle_reserve 90)
[14:37:12] prefix slices/s04/in/craft_2.npz: 15 flybys, t_end 2048.8 d, tank 746.4 kg (planner view), miss 11.3 km, nreg 101
[14:37:12] budget: job_wall 420 s, 420 s left before the plan -> plan cap 300 s (plan_wall 300, settle_reserve 90)
[14:37:12] prefix slices/s04/in/craft_0.npz: 15 flybys, t_end 2136.0 d, tank 833.1 kg (planner view), miss 6.7 km, nreg 109
[14:37:12] budget: job_wall 420 s, 420 s left before the plan -> plan cap 300 s (plan_wall 300, settle_reserve 90)
[14:37:24] first level (both): 0 production + 86 relaxed (dv 2.5, 0.3 AU; 0.1 s) + 72 lintwin children -> 110 unique (12.1 s)
[14:37:24] plan start: prefix 11 flybys, t_end 2076.5 d, planner mass 1333.4 kg (dv 7.149 km/s); 110 first-level states
[14:37:24] first level (both): 0 production + 81 relaxed (dv 2.5, 0.3 AU; 0.1 s) + 50 lintwin children -> 93 unique (12.2 s)
[14:37:24] plan start: prefix 14 flybys, t_end 2141.2 d, planner mass 1210.2 kg (dv 10.954 km/s); 93 first-level states
[14:37:24] first level (both): 0 production + 45 relaxed (dv 2.5, 0.3 AU; 0.1 s) + 46 lintwin children -> 70 unique (12.3 s)
[14:37:24] plan start: prefix 11 flybys, t_end 2090.3 d, planner mass 1369.9 kg (dv 6.091 km/s); 70 first-level states
[14:37:25] first level (both): 0 production + 33 relaxed (dv 2.5, 0.3 AU; 0.1 s) + 49 lintwin children -> 62 unique (12.9 s)
[14:37:25] plan start: prefix 15 flybys, t_end 2048.8 d, planner mass 1289.4 kg (dv 8.467 km/s); 62 first-level states
[14:37:25] first level (both): 0 production + 51 relaxed (dv 2.5, 0.3 AU; 0.1 s) + 69 lintwin children -> 99 unique (13.0 s)
[14:37:25] plan start: prefix 13 flybys, t_end 1986.9 d, planner mass 1302.1 kg (dv 8.081 km/s); 99 first-level states
[14:37:25] first level (both): 0 production + 62 relaxed (dv 2.5, 0.3 AU; 0.1 s) + 50 lintwin children -> 79 unique (13.2 s)
[14:37:25] plan start: prefix 15 flybys, t_end 2127.2 d, planner mass 1331.0 kg (dv 7.219 km/s); 79 first-level states
[14:37:25] first level (both): 0 production + 50 relaxed (dv 2.5, 0.3 AU; 0.1 s) + 65 lintwin children -> 88 unique (13.2 s)
[14:37:25] plan start: prefix 14 flybys, t_end 2121.1 d, planner mass 1350.7 kg (dv 6.645 km/s); 88 first-level states
[14:37:26] first level (both): 0 production + 50 relaxed (dv 2.5, 0.3 AU; 0.1 s) + 39 lintwin children -> 67 unique (13.6 s)
[14:37:26] plan start: prefix 15 flybys, t_end 2136.0 d, planner mass 1155.1 kg (dv 12.779 km/s); 67 first-level states
[14:39:04] plan: 2108 states, depth 10 new flybys, end plan_done (112 s); deepest 10 new to 3767 d at planner fuel 569 kg
[14:39:04]   depth  1:   70 states (65 in H), t_end 2187-2761 d, fuel 236-329 kg
[14:39:04]   depth  2:  300 states (131 in H), t_end 2267-3250 d, fuel 245-382 kg
[14:39:04]   depth  3:  300 states (16 in H), t_end 2551-3699 d, fuel 302-419 kg
[14:39:04]   depth  4:  300 states (2 in H), t_end 2686-3731 d, fuel 313-452 kg
[14:39:04]   depth  5:  300 states (0 in H), t_end 3057-3779 d, fuel 350-503 kg
[14:39:04]   depth  6:  300 states (0 in H), t_end 3224-3734 d, fuel 363-549 kg
[14:39:04]   depth  7:  300 states (0 in H), t_end 3374-3777 d, fuel 393-587 kg
[14:39:04]   depth  8:  200 states (0 in H), t_end 3534-3780 d, fuel 450-609 kg
[14:39:04]   depth  9:   34 states (0 in H), t_end 3659-3779 d, fuel 494-601 kg
[14:39:04]   depth 10:    4 states (0 in H), t_end 3762-3778 d, fuel 569-590 kg
[14:39:04] candidates: 94 distinct committed target sets (n_new 1-4, potential 0-2)
[14:39:04] frontier: 16 candidates chosen (n fb / committed planner kg / continuation (lookahead) [full]; pot_mode lookahead, pot_cap None): 1fb/236kg/p1(1)[1], 1fb/242kg/p1(0)[1], 1fb/246kg/p4(2)[4], 1fb/257kg/p2(1)[2], 1fb/259kg/p2(1)[2], 1fb/259kg/p2(2)[2], 1fb/261kg/p2(2)[2], 1fb/273kg/p2(1)[2], 1fb/273kg/p2(2)[2], 2fb/261kg/p0(0)[0], 2fb/279kg/p0(0)[0], 2fb/289kg/p3(2)[3], 3fb/306kg/p1(1)[1], 3fb/312kg/p1(1)[1], 3fb/348kg/p2(2)[2], 4fb/380kg/p0(0)[0]
[14:39:04] budget: 308 s of 420 left for the settles + regrids (settle_wall 480)
[14:39:04]     settle 12:   2 @   2681 d -> ok lintwin tank 707.3 (+4.7) miss 45 km (0.5 s)
[14:39:05]     settle 12: 165 @   2450 d -> ok lintwin tank 708.2 (+5.7) miss 18 km (0.6 s)
[14:39:06] plan: 2002 states, depth 9 new flybys, end plan_done (114 s); deepest 9 new to 3644 d at planner fuel 621 kg
[14:39:06]   depth  1:   67 states (63 in H), t_end 2214-2807 d, fuel 448-530 kg
[14:39:06]   depth  2:  300 states (156 in H), t_end 2441-3276 d, fuel 463-573 kg
[14:39:06]   depth  3:  300 states (17 in H), t_end 2643-3705 d, fuel 483-609 kg
[14:39:06]   depth  4:  300 states (0 in H), t_end 3009-3721 d, fuel 490-619 kg
[14:39:06]   depth  5:  300 states (0 in H), t_end 3149-3766 d, fuel 524-639 kg
[14:39:06]   depth  6:  300 states (0 in H), t_end 3394-3767 d, fuel 540-673 kg
[14:39:06]   depth  7:  300 states (0 in H), t_end 3473-3777 d, fuel 561-696 kg
[14:39:06]   depth  8:  127 states (0 in H), t_end 3515-3779 d, fuel 598-717 kg
[14:39:06]   depth  9:    8 states (0 in H), t_end 3644-3772 d, fuel 621-678 kg
[14:39:06] candidates: 113 distinct committed target sets (n_new 1-3, potential 0-2)
[14:39:06] frontier: 16 candidates chosen (n fb / committed planner kg / continuation (lookahead) [full]; pot_mode lookahead, pot_cap None): 1fb/448kg/p3(2)[3], 1fb/462kg/p2(2)[2], 1fb/465kg/p1(1)[1], 1fb/495kg/p2(1)[2], 1fb/503kg/p2(2)[2], 1fb/508kg/p2(0)[2], 1fb/508kg/p2(1)[2], 1fb/509kg/p2(0)[2], 1fb/511kg/p2(1)[2], 2fb/463kg/p2(2)[2], 2fb/466kg/p2(2)[2], 2fb/481kg/p1(1)[1], 2fb/495kg/p2(2)[2], 3fb/553kg/p0(0)[0], 3fb/557kg/p0(0)[0], 3fb/558kg/p0(0)[0]
[14:39:06] budget: 306 s of 420 left for the settles + regrids (settle_wall 480)
[14:39:06]     settle 12:  18 @   2352 d -> ok lintwin tank 709.0 (+6.5) miss 19 km (0.9 s)
[14:39:07]     settle 12: 300 @   2261 d -> ok lintwin tank 712.9 (+10.4) miss 80 km (0.7 s)
[14:39:08]     settle 16:  40 @   2447 d -> ok lintwin tank 834.2 (+1.0) miss 72 km (1.9 s)
[14:39:09] plan: 2102 states, depth 10 new flybys, end plan_done (117 s); deepest 10 new to 3776 d at planner fuel 643 kg
[14:39:09]   depth  1:   93 states (84 in H), t_end 2204-2759 d, fuel 393-477 kg
[14:39:09]   depth  2:  300 states (177 in H), t_end 2325-3188 d, fuel 404-515 kg
[14:39:09]   depth  3:  300 states (26 in H), t_end 2508-3651 d, fuel 450-562 kg
[14:39:09]   depth  4:  300 states (3 in H), t_end 2593-3714 d, fuel 455-591 kg
[14:39:09]   depth  5:  300 states (0 in H), t_end 2738-3775 d, fuel 483-631 kg
[14:39:09]   depth  6:  300 states (0 in H), t_end 2863-3772 d, fuel 496-655 kg
[14:39:09]   depth  7:  300 states (0 in H), t_end 3395-3773 d, fuel 504-671 kg
[14:39:09]   depth  8:  174 states (0 in H), t_end 3553-3779 d, fuel 557-694 kg
[14:39:09]   depth  9:   31 states (0 in H), t_end 3686-3780 d, fuel 605-724 kg
[14:39:09]   depth 10:    4 states (0 in H), t_end 3771-3776 d, fuel 643-674 kg
[14:39:09] candidates: 129 distinct committed target sets (n_new 1-4, potential 0-2)
[14:39:09] frontier: 16 candidates chosen (n fb / committed planner kg / continuation (lookahead) [full]; pot_mode lookahead, pot_cap None): 1fb/400kg/p1(1)[1], 1fb/403kg/p0(0)[0], 1fb/405kg/p3(1)[3], 1fb/414kg/p2(0)[2], 1fb/418kg/p2(1)[2], 1fb/421kg/p4(2)[4], 1fb/424kg/p2(1)[2], 1fb/426kg/p3(2)[3], 1fb/439kg/p5(2)[5], 2fb/404kg/p0(0)[0], 2fb/419kg/p0(0)[0], 2fb/473kg/p4(2)[4], 3fb/454kg/p1(1)[1], 3fb/458kg/p0(0)[0], 3fb/497kg/p3(2)[3], 4fb/525kg/p2(2)[2]
[14:39:09] budget: 303 s of 420 left for the settles + regrids (settle_wall 480)
[14:39:11]     settle 12: 146 @   2276 d -> ok lintwin tank 761.4 (+58.8) miss 1 km (3.1 s)
[14:39:11]     settle 15:  69 @   2618 d -> ok lintwin tank 800.2 (+4.9) miss 67 km (1.9 s)
[14:39:11]     settle 16: 108 @   2696 d -> ok lintwin tank 844.7 (+11.6) miss 17 km (2.9 s)
[14:39:12]     settle 12:  46 @   2392 d -> ok lintwin tank 724.9 (+22.3) miss 48 km (1.1 s)
[14:39:13]     settle 12:  69 @   2630 d -> ok lintwin tank 706.3 (+3.7) miss 9 km (0.7 s)
[14:39:14]     settle 15: 247 @   2680 d -> ok lintwin tank 821.2 (+25.9) miss 69 km (3.2 s)
[14:39:14] plan: 2236 states, depth 9 new flybys, end plan_done (122 s); deepest 9 new to 3735 d at planner fuel 545 kg
[14:39:14]   depth  1:   88 states (72 in H), t_end 2219-2775 d, fuel 253-346 kg
[14:39:14]   depth  2:  300 states (198 in H), t_end 2397-3117 d, fuel 281-398 kg
[14:39:14]   depth  3:  300 states (53 in H), t_end 2565-3600 d, fuel 312-444 kg
[14:39:14]   depth  4:  300 states (0 in H), t_end 2702-3635 d, fuel 347-467 kg
[14:39:14]   depth  5:  300 states (0 in H), t_end 3032-3603 d, fuel 385-509 kg
[14:39:14]   depth  6:  300 states (0 in H), t_end 3167-3701 d, fuel 399-548 kg
[14:39:14]   depth  7:  300 states (0 in H), t_end 3359-3777 d, fuel 469-593 kg
[14:39:14]   depth  8:  300 states (0 in H), t_end 3535-3773 d, fuel 486-630 kg
[14:39:14]   depth  9:   48 states (0 in H), t_end 3667-3779 d, fuel 545-641 kg
[14:39:14] candidates: 154 distinct committed target sets (n_new 1-3, potential 0-2)
[14:39:14] frontier: 16 candidates chosen (n fb / committed planner kg / continuation (lookahead) [full]; pot_mode lookahead, pot_cap None): 1fb/253kg/p1(1)[1], 1fb/267kg/p0(0)[0], 1fb/284kg/p2(1)[2], 1fb/286kg/p2(1)[2], 1fb/292kg/p3(1)[3], 1fb/292kg/p4(2)[4], 1fb/302kg/p3(1)[3], 1fb/322kg/p4(2)[4], 1fb/326kg/p4(2)[4], 1fb/339kg/p4(2)[4], 2fb/284kg/p0(0)[0], 2fb/295kg/p0(0)[0], 2fb/350kg/p3(2)[3], 3fb/357kg/p0(0)[0], 3fb/365kg/p1(1)[1], 3fb/390kg/p2(2)[2]
[14:39:14] budget: 297 s of 420 left for the settles + regrids (settle_wall 480)
[14:39:15]     settle 16:  54 @   2580 d -> ok lintwin tank 839.8 (+6.7) miss 58 km (3.3 s)
[14:39:15] plan: 2281 states, depth 11 new flybys, end plan_done (123 s); deepest 11 new to 3713 d at planner fuel 718 kg
[14:39:15]   depth  1:   62 states (59 in H), t_end 2219-2761 d, fuel 319-405 kg
[14:39:15]   depth  2:  300 states (141 in H), t_end 2383-3242 d, fuel 325-454 kg
[14:39:15]   depth  3:  300 states (54 in H), t_end 2503-3575 d, fuel 384-498 kg
[14:39:15]   depth  4:  300 states (0 in H), t_end 2785-3636 d, fuel 457-534 kg
[14:39:15]   depth  5:  300 states (0 in H), t_end 2998-3775 d, fuel 485-574 kg
[14:39:15]   depth  6:  300 states (0 in H), t_end 3147-3778 d, fuel 522-616 kg
[14:39:15]   depth  7:  300 states (0 in H), t_end 3262-3779 d, fuel 566-655 kg
[14:39:15]   depth  8:  300 states (0 in H), t_end 3421-3780 d, fuel 587-692 kg
[14:39:15]   depth  9:  103 states (0 in H), t_end 3553-3778 d, fuel 627-725 kg
[14:39:15]   depth 10:   13 states (0 in H), t_end 3623-3778 d, fuel 645-725 kg
[14:39:15]   depth 11:    3 states (0 in H), t_end 3708-3718 d, fuel 718-726 kg
[14:39:15] candidates: 133 distinct committed target sets (n_new 1-3, potential 0-2)
[14:39:15] frontier: 16 candidates chosen (n fb / committed planner kg / continuation (lookahead) [full]; pot_mode lookahead, pot_cap None): 1fb/319kg/p1(1)[1], 1fb/322kg/p1(1)[1], 1fb/325kg/p2(1)[2], 1fb/335kg/p2(0)[2], 1fb/355kg/p2(0)[2], 1fb/358kg/p2(0)[2], 1fb/359kg/p2(1)[2], 1fb/367kg/p2(0)[2], 1fb/391kg/p4(2)[4], 2fb/340kg/p1(1)[1], 2fb/357kg/p0(0)[0], 2fb/409kg/p3(2)[3], 2fb/439kg/p3(2)[3], 3fb/385kg/p0(0)[0], 3fb/400kg/p0(0)[0], 3fb/454kg/p2(2)[2]
[14:39:15] budget: 297 s of 420 left for the settles + regrids (settle_wall 480)
[14:39:15]     settle 15:  62 @   2471 d -> ok lintwin tank 714.9 (+2.3) miss 29 km (0.3 s)
[14:39:15]     settle 15: 239 @   2648 d -> ok lintwin tank 721.4 (+8.9) miss 40 km (0.4 s)
[14:39:16]     settle 12: 145 @   2386 d -> ok lintwin tank 736.6 (+34.0) miss 77 km (1.7 s)
[14:39:17]     settle 16: 197 @   2586 d -> ok lintwin tank 758.7 (+12.3) miss 77 km (1.9 s)
[14:39:17]     settle 15:  38 @   2336 d -> ok lintwin tank 794.1 (+-1.1) miss 78 km (2.4 s)
[14:39:17] plan: 2262 states, depth 10 new flybys, end plan_done (125 s); deepest 10 new to 3774 d at planner fuel 646 kg
[14:39:17]   depth  1:   79 states (71 in H), t_end 2252-2809 d, fuel 272-369 kg
[14:39:17]   depth  2:  300 states (142 in H), t_end 2407-3399 d, fuel 293-415 kg
[14:39:17]   depth  3:  300 states (49 in H), t_end 2491-3544 d, fuel 344-465 kg
[14:39:17]   depth  4:  300 states (4 in H), t_end 2598-3652 d, fuel 379-511 kg
[14:39:17]   depth  5:  300 states (0 in H), t_end 3009-3772 d, fuel 415-546 kg
[14:39:17]   depth  6:  300 states (0 in H), t_end 3312-3777 d, fuel 456-587 kg
[14:39:17]   depth  7:  300 states (0 in H), t_end 3434-3779 d, fuel 496-612 kg
[14:39:17]   depth  8:  289 states (0 in H), t_end 3514-3780 d, fuel 522-650 kg
[14:39:17]   depth  9:   86 states (0 in H), t_end 3655-3778 d, fuel 565-679 kg
[14:39:17]   depth 10:    8 states (0 in H), t_end 3735-3775 d, fuel 646-676 kg
[14:39:17] candidates: 141 distinct committed target sets (n_new 1-4, potential 0-2)
[14:39:17] frontier: 16 candidates chosen (n fb / committed planner kg / continuation (lookahead) [full]; pot_mode lookahead, pot_cap None): 1fb/284kg/p1(0)[1], 1fb/292kg/p1(1)[1], 1fb/302kg/p2(2)[2], 1fb/310kg/p2(0)[2], 1fb/324kg/p3(2)[3], 1fb/353kg/p4(2)[4], 1fb/359kg/p3(1)[3], 1fb/366kg/p3(1)[3], 2fb/293kg/p0(0)[0], 2fb/311kg/p2(2)[2], 2fb/408kg/p3(2)[3], 3fb/380kg/p0(0)[0], 3fb/386kg/p0(0)[0], 3fb/443kg/p2(2)[2], 4fb/447kg/p0(0)[0], 4fb/473kg/p0(0)[0]
[14:39:17] budget: 295 s of 420 left for the settles + regrids (settle_wall 480)
[14:39:17]     settle 16:  46 @   2386 d -> ok lintwin tank 860.5 (+27.4) miss 67 km (2.5 s)
[14:39:18]     settle 15: 264 @   2480 d -> ok lintwin tank 737.4 (+24.9) miss 17 km (2.0 s)
[14:39:18]     settle 16: 181 @   2448 d -> ok lintwin tank 730.9 (+7.9) miss 27 km (0.6 s)
[14:39:19]     settle 15: 125 @   2451 d -> ok lintwin tank 720.6 (+8.1) miss 4 km (0.7 s)
[14:39:19]     settle 15: 261 @   2285 d -> ok lintwin tank 797.8 (+2.5) miss 75 km (1.8 s)
[14:39:19]     settle 12: 298 @   2495 d -> ok lintwin tank 727.5 (+25.0) miss 75 km (3.4 s)
[14:39:19]     settle 16:  69 @   2624 d -> ok lintwin tank 745.6 (+22.5) miss 6 km (1.1 s)
[14:39:20]     settle 12: 165 @   2450 d -> ok lintwin tank 708.2 (+5.7) miss 24 km (0.7 s)
[14:39:20]     settle 16: 189 @   2385 d -> ok lintwin tank 866.4 (+33.2) miss 46 km (2.4 s)
[14:39:21]     settle 16:  79 @   2685 d -> ok lintwin tank 785.5 (+39.1) miss 73 km (3.6 s)
[14:39:21]     settle 15: 129 @   2342 d -> ok lintwin tank 725.4 (+12.9) miss 4 km (1.5 s)
[14:39:21]     settle 13:   2 @   2682 d -> ok lintwin tank 714.2 (+6.0) miss 39 km (0.7 s)
[14:39:21]     settle 16: 257 @   2426 d -> ok lintwin tank 758.8 (+35.8) miss 56 km (1.5 s)
[14:39:21]     settle 16: 126 @   2266 d -> ok lintwin tank 753.1 (+6.7) miss 28 km (0.4 s)
[14:39:22]     settle 15:  22 @   2381 d -> ok lintwin tank 728.8 (+16.3) miss 9 km (1.2 s)
[14:39:23] plan: 2419 states, depth 10 new flybys, end plan_done (131 s); deepest 10 new to 3773 d at planner fuel 545 kg
[14:39:23]   depth  1:  110 states (93 in H), t_end 2206-2823 d, fuel 269-363 kg
[14:39:23]   depth  2:  300 states (224 in H), t_end 2293-3118 d, fuel 289-412 kg
[14:39:23]   depth  3:  300 states (86 in H), t_end 2453-3703 d, fuel 314-447 kg
[14:39:23]   depth  4:  300 states (14 in H), t_end 2657-3767 d, fuel 337-476 kg
[14:39:23]   depth  5:  300 states (0 in H), t_end 2809-3779 d, fuel 377-520 kg
[14:39:23]   depth  6:  300 states (0 in H), t_end 3076-3775 d, fuel 396-521 kg
[14:39:23]   depth  7:  300 states (0 in H), t_end 3374-3777 d, fuel 446-558 kg
[14:39:23]   depth  8:  300 states (0 in H), t_end 3461-3780 d, fuel 482-600 kg
[14:39:23]   depth  9:  202 states (0 in H), t_end 3634-3780 d, fuel 498-640 kg
[14:39:23]   depth 10:    7 states (0 in H), t_end 3698-3779 d, fuel 545-623 kg
[14:39:23] candidates: 190 distinct committed target sets (n_new 1-4, potential 0-2)
[14:39:23] frontier: 16 candidates chosen (n fb / committed planner kg / continuation (lookahead) [full]; pot_mode lookahead, pot_cap None): 1fb/269kg/p0(0)[0], 1fb/271kg/p0(0)[0], 1fb/278kg/p3(2)[3], 1fb/289kg/p4(2)[4], 1fb/291kg/p3(1)[3], 1fb/329kg/p3(1)[3], 2fb/289kg/p0(0)[0], 2fb/296kg/p0(0)[0], 2fb/339kg/p3(2)[3], 2fb/384kg/p3(1)[3], 3fb/315kg/p0(0)[0], 3fb/330kg/p1(1)[1], 3fb/374kg/p2(2)[2], 4fb/348kg/p0(0)[0], 4fb/406kg/p0(0)[0], 4fb/476kg/p1(1)[1]
[14:39:23] budget: 289 s of 420 left for the settles + regrids (settle_wall 480)
[14:39:24]     settle 15: 187 @   2515 d -> ok lintwin tank 820.3 (+25.1) miss 70 km (3.9 s)
[14:39:24]     settle 16: 250 @   2221 d -> ok lintwin tank 762.3 (+15.9) miss 73 km (2.0 s)
[14:39:24]     settle 13: 243 @   2672 d -> ok lintwin tank 726.4 (+18.2) miss 73 km (2.7 s)
[14:39:25]     settle 16: 145 @   2387 d -> ok lintwin tank 772.7 (+49.7) miss 65 km (2.8 s)
[14:39:25]     settle 16: 201 @   2324 d -> ok lintwin tank 866.4 (+33.2) miss 87 km (4.0 s)
[14:39:25]     settle 15:  38 @   2317 d -> ok lintwin tank 738.4 (+25.9) miss 65 km (2.3 s)
[14:39:25]     settle 15: 126 @   2225 d -> ok lintwin tank 799.0 (+3.8) miss 74 km (1.4 s)
[14:39:26]     settle 12: 134 @   2624 d -> ok lintwin tank 730.2 (+8.4) miss 80 km (2.3 s)
[14:39:26]     settle 13: 165 @   2446 d -> ok lintwin tank 713.5 (+4.5) miss 74 km (1.0 s)
[14:39:26]     settle 16:  38 @   2313 d -> ok lintwin tank 772.4 (+26.0) miss 68 km (1.9 s)
[14:39:26]     settle 15: 250 @   2221 d -> ok lintwin tank 722.0 (+9.4) miss 5 km (0.8 s)
[14:39:27]     settle 12: 164 @   2538 d -> ok lintwin tank 726.9 (+5.2) miss 38 km (1.1 s)
[14:39:27]     settle 13: 165 @   2451 d -> ok lintwin tank 713.5 (+4.5) miss 59 km (1.1 s)
[14:39:28]     settle 16:  99 @   2412 d -> ok lintwin tank 750.2 (+27.1) miss 66 km (2.8 s)
[14:39:28]     settle 15:  88 @   2509 d -> ok lintwin tank 812.5 (+17.2) miss 63 km (2.2 s)
[14:39:28]     settle 15: 123 @   2341 d -> ok lintwin tank 729.1 (+16.6) miss 5 km (1.3 s)
[14:39:29]     settle 16: 123 @   2302 d -> ok lam tank 774.9 (+28.5) miss 1 km (2.3 s)
[14:39:29]     settle 16:  38 @   2317 d -> ok lintwin tank 744.1 (+21.1) miss 8 km (0.9 s)
[14:39:29]     settle 15: 182 @   2386 d -> ok lintwin tank 732.1 (+19.6) miss 21 km (0.8 s)
[14:39:29]     settle 12: 249 @   2371 d -> ok lintwin tank 725.3 (+3.6) miss 88 km (1.9 s)
[14:39:30]     settle 16: 123 @   2506 d -> ok lintwin tank 875.3 (+42.2) miss 65 km (4.4 s)
[14:39:30]     settle 14:   2 @   2682 d -> ok lintwin tank 720.0 (+6.5) miss 55 km (2.9 s)
[14:39:30]     settle 15: 192 @   2384 d -> ok lintwin tank 814.5 (+19.2) miss 60 km (2.0 s)
[14:39:31]     settle 15: 250 @   2219 d -> ok lintwin tank 722.0 (+9.4) miss 5 km (1.0 s)
[14:39:31]     settle 16:  62 @   2471 d -> ok lintwin tank 724.1 (+2.2) miss 4 km (0.3 s)
[14:39:31]     settle 16: 201 @   2254 d -> ok lintwin tank 769.4 (+22.9) miss 71 km (2.1 s)
[14:39:32]     settle 12:  48 @   2222 d -> ok lintwin tank 731.9 (+10.2) miss 69 km (1.8 s)
[14:39:32]     settle 13: 165 @   2457 d -> ok lintwin tank 713.5 (+4.5) miss 75 km (1.0 s)
[14:39:32]     settle 16: 267 @   2402 d -> ok lam tank 750.2 (+27.1) miss 0 km (2.3 s)
[14:39:33]     settle 16:  56 @   2239 d -> ok lintwin tank 873.8 (+40.6) miss 63 km (2.8 s)
[14:39:34]     settle 15: 257 @   2291 d -> ok lintwin tank 797.9 (+2.6) miss 64 km (2.8 s)
[14:39:34]     settle 15: 123 @   2391 d -> ok lintwin tank 729.1 (+16.6) miss 7 km (2.3 s)
[14:39:34]     settle 12: 210 @   2213 d -> ok lintwin tank 737.7 (+16.0) miss 76 km (1.7 s)
[14:39:34]     settle 16: 261 @   2287 d -> ok lintwin tank 762.4 (+16.0) miss 81 km (2.6 s)
[14:39:34]     settle 16: 123 @   2297 d -> ok lam tank 772.2 (+49.2) miss 0 km (2.2 s)
[14:39:35]     settle 14:  69 @   2636 d -> ok lintwin tank 731.6 (+18.1) miss 2 km (3.6 s)
[14:39:36]     settle 16: 170 @   2516 d -> ok lintwin tank 753.1 (+24.0) miss 11 km (2.2 s)
[14:39:36]     settle 16: 165 @   2448 d -> ok lintwin tank 862.7 (+29.6) miss 69 km (2.7 s)
[14:39:36]     settle 15:  38 @   2334 d -> ok lintwin tank 794.1 (+-1.1) miss 72 km (2.4 s)
[14:39:37]     settle 16: 216 @   2376 d -> ok lam tank 773.3 (+26.9) miss 0 km (2.2 s)
[14:39:37]     settle 17:  54 @   2576 d -> ok lintwin tank 731.9 (+0.9) miss 3 km (0.4 s)
[14:39:37]     settle 14: 235 @   2557 d -> ok lintwin tank 750.0 (+36.5) miss 59 km (1.2 s)
[14:39:37]     settle 16: 264 @   2501 d -> ok lintwin tank 752.1 (+23.3) miss 19 km (0.7 s)
[14:39:37]     settle 17: 243 @   2666 d -> ok lintwin tank 753.6 (+0.5) miss 9 km (0.3 s)
[14:39:37]     settle 16:  54 @   2581 d -> ok lintwin tank 799.0 (+4.8) miss 61 km (0.9 s)
[14:39:37]     settle 12:  84 @   2238 d -> ok lintwin tank 728.0 (+6.2) miss 96 km (3.1 s)
[14:39:38]     settle 16: 182 @   2407 d -> ok lintwin tank 745.1 (+19.7) miss 14 km (1.0 s)
[14:39:39]     settle 16:  38 @   2325 d -> ok lintwin tank 744.1 (+21.1) miss 7 km (2.1 s)
[14:39:39]     settle 17:  54 @   2586 d -> ok lintwin tank 757.7 (+4.5) miss 78 km (1.7 s)
[14:39:40] plan: 2687 states, depth 11 new flybys, end plan_done (148 s); deepest 11 new to 3762 d at planner fuel 642 kg
[14:39:40]   depth  1:   99 states (90 in H), t_end 2182-2765 d, fuel 305-393 kg
[14:39:40]   depth  2:  300 states (214 in H), t_end 2319-3228 d, fuel 333-442 kg
[14:39:40]   depth  3:  300 states (107 in H), t_end 2450-3758 d, fuel 356-471 kg
[14:39:40]   depth  4:  300 states (43 in H), t_end 2514-3461 d, fuel 406-510 kg
[14:39:40]   depth  5:  300 states (3 in H), t_end 2644-3492 d, fuel 437-549 kg
[14:39:40]   depth  6:  300 states (0 in H), t_end 2942-3767 d, fuel 471-584 kg
[14:39:40]   depth  7:  300 states (0 in H), t_end 3010-3772 d, fuel 490-614 kg
[14:39:40]   depth  8:  300 states (0 in H), t_end 3399-3769 d, fuel 508-652 kg
[14:39:40]   depth  9:  300 states (0 in H), t_end 3473-3768 d, fuel 559-688 kg
[14:39:40]   depth 10:  180 states (0 in H), t_end 3637-3779 d, fuel 600-711 kg
[14:39:40]   depth 11:    8 states (0 in H), t_end 3681-3776 d, fuel 642-679 kg
[14:39:40] candidates: 223 distinct committed target sets (n_new 1-5, potential 0-2)
[14:39:40] frontier: 16 candidates chosen (n fb / committed planner kg / continuation (lookahead) [full]; pot_mode lookahead, pot_cap None): 1fb/318kg/p1(1)[1], 1fb/319kg/p1(0)[1], 1fb/342kg/p3(2)[3], 1fb/349kg/p6(2)[6], 1fb/366kg/p4(2)[4], 2fb/333kg/p0(0)[0], 2fb/334kg/p1(0)[1], 2fb/387kg/p5(2)[5], 3fb/363kg/p0(0)[0], 3fb/370kg/p0(0)[0], 3fb/414kg/p4(2)[4], 4fb/434kg/p0(0)[0], 4fb/434kg/p1(1)[1], 4fb/452kg/p3(2)[3], 5fb/496kg/p2(2)[2], 5fb/501kg/p0(0)[0]
[14:39:40] budget: 272 s of 420 left for the settles + regrids (settle_wall 480)
[14:39:40]     settle 17:  21 @   2644 d -> ok lintwin tank 757.5 (+12.4) miss 17 km (1.3 s)
[14:39:40]     settle 17:  33 @   2528 d -> ok lintwin tank 760.6 (+16.5) miss 59 km (1.2 s)
[14:39:40]     settle 12: 283 @   2369 d -> ok lintwin tank 736.7 (+15.0) miss 77 km (2.4 s)
[14:39:40]     settle 17: 108 @   2697 d -> ok lintwin tank 849.9 (+15.7) miss 66 km (3.8 s)
[14:39:40]     settle 16: 197 @   2566 d -> ok lintwin tank 803.8 (+9.6) miss 71 km (2.5 s)
[14:39:41]     settle 14: 235 @   2551 d -> ok lintwin tank 748.1 (+34.6) miss 8 km (3.4 s)
[14:39:41]     settle 16: 264 @   2506 d -> ok lintwin tank 752.1 (+23.3) miss 16 km (0.7 s)
[14:39:41]     settle 17: 173 @   2611 d -> ok lintwin tank 756.0 (+4.0) miss 40 km (0.3 s)
[14:39:42]     settle 15: 273 @   2686 d -> ok lintwin tank 750.4 (+2.3) miss 72 km (1.0 s)
[14:39:42]     settle 13: 196 @   2669 d -> ok lintwin tank 737.0 (+0.3) miss 64 km (1.5 s)
[14:39:42] RESULT s04_c6: 16 columns; frontier 1fb 4 kg p2/2 | 2fb 11 kg p2/2 | 3fb 17 kg p1/2 | 4fb 48 kg p0/0; settles 20 (20 ok), regrids 16 (16 ok); wall 150 s of 420 (plan 112, price 1, settle 39; budget hit None, 0 unsettled)
[14:39:42]   job s04_c6 craft columns  16  levels 10  settles 20/20  end plan_done  wall 150.2 s
[14:39:43]     settle 16:  38 @   2338 d -> ok lintwin tank 822.9 (+25.0) miss 67 km (1.8 s)
[14:39:43]     settle 17: 187 @   2503 d -> ok lintwin tank 758.9 (+14.8) miss 68 km (2.1 s)
[14:39:43]     settle 14: 243 @   2681 d -> ok lintwin tank 794.9 (+55.8) miss 57 km (3.3 s)
[14:39:43]     settle 16: 264 @   2491 d -> ok lintwin tank 747.1 (+25.1) miss 15 km (1.7 s)
[14:39:43]     settle 13: 273 @   2700 d -> ok lintwin tank 733.2 (+7.9) miss 75 km (1.2 s)
[14:39:44]     settle 17: 110 @   2669 d -> ok lintwin tank 748.4 (+1.3) miss 26 km (0.3 s)
[14:39:44] RESULT s04_c1: 16 columns; frontier 1fb 2 kg p1/2 | 2fb 12 kg p0/2 | 3fb 36 kg p2/2; settles 21 (21 ok), regrids 16 (16 ok); wall 152 s of 420 (plan 122, price 1, settle 29; budget hit None, 0 unsettled)
[14:39:44]     settle 16:  88 @   2510 d -> ok lintwin tank 815.1 (+21.0) miss 72 km (1.1 s)
[14:39:44]     settle 13: 249 @   2366 d -> ok lintwin tank 739.2 (+7.3) miss 6 km (0.3 s)
[14:39:44]   job s04_c1 craft columns  16  levels 9  settles 21/21  end plan_done  wall 152.1 s
[14:39:44]     settle 17: 182 @   2505 d -> ok lintwin tank 789.3 (+16.6) miss 79 km (1.2 s)
[14:39:45]     settle 17:  52 @   2664 d -> ok lintwin tank 838.7 (+4.6) miss 6 km (3.5 s)
[14:39:45]     settle 16: 216 @   2374 d -> ok lam tank 773.3 (+26.9) miss 0 km (4.9 s)
[14:39:45]     settle 14:   4 @   2414 d -> ok lintwin tank 747.0 (+7.9) miss 56 km (2.1 s)
[14:39:46]     settle 18:  41 @   2683 d -> ok lintwin tank 798.1 (+8.8) miss 78 km (1.1 s)
[14:39:46]     settle 12:  48 @   2216 d -> ok lintwin tank 731.8 (+10.1) miss 77 km (1.5 s)
[14:39:46]     settle 17: 263 @   2534 d -> ok lintwin tank 785.1 (+11.8) miss 80 km (1.3 s)
[14:39:47]     settle 17:  69 @   2618 d -> ok lintwin tank 816.7 (+1.6) miss 77 km (2.7 s)
[14:39:47]     settle 16: 189 @   2391 d -> ok lintwin tank 758.4 (+35.3) miss 10 km (1.1 s)
[14:39:47]     settle 17: 187 @   2498 d -> ok lintwin tank 793.9 (+20.6) miss 65 km (0.9 s)
[14:39:48]     settle 14:  14 @   2236 d -> ok lintwin tank 759.2 (+20.1) miss 75 km (1.9 s)
[14:39:48]     settle 17: 182 @   2510 d -> ok lintwin tank 762.1 (+3.7) miss 76 km (0.7 s)
[14:39:48]     settle 13:  43 @   2361 d -> ok lintwin tank 756.3 (+24.5) miss 76 km (2.4 s)
[14:39:49]     settle 18:  41 @   2683 d -> ok lintwin tank 781.0 (+18.9) miss 14 km (0.9 s)
[14:39:49]     settle 13: 189 @   2530 d -> ok lintwin tank 733.0 (+1.1) miss 65 km (0.3 s)
[14:39:49]     settle 16: 197 @   2517 d -> ok lintwin tank 822.0 (+7.5) miss 81 km (2.0 s)
[14:39:49]     settle 14: 142 @   2197 d -> ok lintwin tank 754.6 (+15.5) miss 74 km (1.3 s)
[14:39:49]     settle 17:  79 @   2664 d -> ok lintwin tank 857.5 (+23.3) miss 45 km (4.2 s)
[14:39:50]     settle 18: 105 @   2600 d -> ok lintwin tank 770.9 (+11.9) miss 33 km (0.9 s)
[14:39:50]     settle 17:  33 @   2542 d -> ok lintwin tank 776.4 (+14.1) miss 61 km (2.4 s)
[14:39:50]     settle 14:  41 @   2681 d -> ok lintwin tank 741.1 (+8.1) miss 55 km (1.4 s)
[14:39:51]     settle 14: 149 @   2237 d -> ok lintwin tank 752.8 (+13.7) miss 71 km (1.4 s)
[14:39:51]     settle 13:  47 @   2477 d -> ok lintwin tank 738.9 (+7.0) miss 9 km (0.3 s)
[14:39:51]     settle 17:  99 @   2407 d -> ok lintwin tank 753.1 (+9.0) miss 17 km (1.1 s)
[14:39:52]     settle 17: 163 @   2582 d -> ok lintwin tank 829.3 (+7.2) miss 79 km (2.3 s)
[14:39:52]     settle 18: 187 @   2502 d -> ok lintwin tank 781.9 (+28.8) miss 12 km (0.3 s)
[14:39:52]     settle 19: 105 @   2598 d -> ok lintwin tank 783.6 (+1.7) miss 22 km (0.4 s)
[14:39:52]     settle 18: 243 @   2672 d -> ok lintwin tank 787.5 (+11.1) miss 72 km (2.3 s)
[14:39:53]     settle 18: 187 @   2507 d -> ok lintwin tank 782.0 (+28.8) miss 15 km (0.4 s)
[14:39:53]     settle 17: 298 @   2684 d -> ok lintwin tank 847.9 (+13.7) miss 14 km (3.3 s)
[14:39:53]     settle 14:  41 @   2683 d -> ok lintwin tank 740.9 (+2.0) miss 76 km (2.1 s)
[14:39:54]     settle 17:  22 @   2518 d -> ok lintwin tank 795.2 (+22.8) miss 73 km (1.0 s)
[14:39:54]     settle 17:  88 @   2508 d -> ok lintwin tank 846.3 (+23.4) miss 69 km (2.3 s)
[14:39:55]     settle 19: 239 @   2657 d -> ok lintwin tank 801.5 (+19.5) miss 91 km (1.5 s)
[14:39:55]     settle 14: 107 @   2394 d -> ok lintwin tank 748.2 (+9.1) miss 68 km (3.3 s)
[14:39:55] RESULT s04_c3: 16 columns; frontier 1fb 8 kg p0/2 | 2fb 9 kg p0/2 | 3fb 48 kg p2/2 | 4fb 60 kg p0/0; settles 23 (23 ok), regrids 16 (16 ok); wall 163 s of 420 (plan 125, price 1, settle 38; budget hit None, 0 unsettled)
[14:39:56]     settle 14: 134 @   2622 d -> ok lintwin tank 749.9 (+10.7) miss 80 km (2.2 s)
[14:39:56]     settle 15: 122 @   2658 d -> ok lintwin tank 757.7 (+9.5) miss 64 km (1.5 s)
[14:39:56]   job s04_c3 craft columns  16  levels 10  settles 23/23  end plan_done  wall 163.0 s
[14:39:57]     settle 18: 239 @   2647 d -> ok lintwin tank 816.5 (+21.4) miss 68 km (2.6 s)
[14:39:57]     settle 16:  56 @   2241 d -> ok lintwin tank 873.9 (+40.8) miss 1 km (3.2 s)
[14:39:57]     settle 13: 249 @   2372 d -> ok lintwin tank 740.7 (+3.0) miss 69 km (0.9 s)
[14:39:57]     settle 18:  69 @   2593 d -> ok lintwin tank 846.4 (+0.1) miss 69 km (2.8 s)
[14:39:58] RESULT s04_c5: 16 columns; frontier 1fb -1 kg p1/2 | 2fb 3 kg p0/2 | 3fb 21 kg p1/2 | 4fb 51 kg p2/2; settles 19 (19 ok), regrids 16 (16 ok); wall 166 s of 420 (plan 117, price 1, settle 49; budget hit None, 0 unsettled)
[14:39:58]     settle 14:  70 @   2532 d -> ok lintwin tank 754.0 (+13.3) miss 59 km (0.6 s)
[14:39:58]     settle 14: 142 @   2204 d -> ok lintwin tank 754.5 (+15.4) miss 54 km (1.5 s)
[14:39:58]     settle 15: 196 @   2665 d -> ok lintwin tank 760.6 (+6.6) miss 13 km (0.4 s)
[14:39:58]   job s04_c5 craft columns  16  levels 10  settles 19/19  end plan_done  wall 165.7 s
[14:39:59]     settle 18:  64 @   2698 d -> ok lintwin tank 812.8 (+27.7) miss 68 km (2.2 s)
[14:39:59] RESULT s04_c2: 16 columns; frontier 1fb 7 kg p1/2 | 2fb 7 kg p1/2 | 3fb 41 kg p0/2; settles 19 (19 ok), regrids 16 (16 ok); wall 168 s of 420 (plan 123, price 1, settle 45; budget hit None, 0 unsettled)
[14:39:59]     settle 15: 107 @   2393 d -> ok lintwin tank 759.5 (+5.0) miss 76 km (1.4 s)
[14:40:00]     settle 17: 115 @   2517 d -> ok lintwin tank 882.3 (+8.4) miss 61 km (3.5 s)
[14:40:00]   job s04_c2 craft columns  16  levels 11  settles 19/19  end plan_done  wall 167.6 s
[14:40:01]     settle 12:  48 @   2226 d -> ok lintwin tank 732.2 (+10.5) miss 72 km (1.6 s)
[14:40:01]     settle 15: 106 @   2367 d -> ok lintwin tank 778.7 (+24.1) miss 74 km (1.3 s)
[14:40:03]     settle 15: 271 @   2398 d -> ok lintwin tank 769.4 (+14.9) miss 75 km (1.8 s)
[14:40:03]     settle 13: 274 @   2392 d -> ok lintwin tank 745.0 (+12.7) miss 77 km (2.6 s)
[14:40:05]     settle 18: 110 @   2681 d -> ok lintwin tank 899.8 (+17.5) miss 70 km (4.2 s)
[14:40:05]     settle 14:  74 @   2560 d -> ok lintwin tank 772.8 (+27.8) miss 67 km (1.3 s)
[14:40:05]     settle 16: 122 @   2662 d -> ok lintwin tank 780.0 (+10.6) miss 69 km (1.8 s)
[14:40:05]     settle 15:  41 @   2680 d -> ok lintwin tank 785.2 (+12.4) miss 36 km (0.5 s)
[14:40:07]     settle 15:   4 @   2420 d -> ok lintwin tank 761.6 (+7.1) miss 40 km (1.6 s)
[14:40:07]     settle 14:  70 @   2520 d -> ok lintwin tank 762.7 (+6.4) miss 66 km (1.7 s)
[14:40:09]     settle 16: 122 @   2658 d -> ok lintwin tank 776.9 (+15.3) miss 52 km (2.1 s)
[14:40:10]     settle 15:  64 @   2689 d -> ok lintwin tank 797.0 (+34.3) miss 99 km (2.3 s)
[14:40:10] RESULT s04_c7: 16 columns; frontier 1fb 3 kg p2/2 | 2fb 11 kg p0/2 | 3fb 19 kg p1/2 | 4fb 38 kg p0/1; settles 26 (26 ok), regrids 16 (16 ok); wall 178 s of 420 (plan 131, price 1, settle 47; budget hit None, 0 unsettled)
[14:40:10]     settle 18:  64 @   2695 d -> ok lintwin tank 898.6 (+16.2) miss 1 km (4.5 s)
[14:40:10]   job s04_c7 craft columns  16  levels 10  settles 26/26  end plan_done  wall 178.1 s
[14:40:11]     settle 16: 224 @   2454 d -> ok lintwin tank 784.3 (+5.5) miss 67 km (1.2 s)
[14:40:13]     settle 15: 224 @   2447 d -> ok lintwin tank 780.3 (+25.7) miss 72 km (2.2 s)
[14:40:15]     settle 17: 123 @   2516 d -> ok lintwin tank 880.6 (+6.9) miss 0 km (3.5 s)
[14:40:16]     settle 16: 292 @   2542 d -> ok lintwin tank 794.5 (+14.2) miss 73 km (2.2 s)
[14:40:17]     settle 17:  64 @   2691 d -> ok lintwin tank 804.5 (+10.0) miss 68 km (1.4 s)
[14:40:19]     settle 16: 224 @   2457 d -> ok lintwin tank 784.3 (+5.5) miss 67 km (1.2 s)
[14:40:20]     settle 18:  64 @   2694 d -> ok lintwin tank 898.0 (+17.4) miss 1 km (5.1 s)
[14:40:20]     settle 17:  57 @   2697 d -> ok lintwin tank 796.6 (+12.4) miss 67 km (1.6 s)
[14:40:21] RESULT s04_c0: 16 columns; frontier 1fb 1 kg p2/2 | 2fb 6 kg p2/2 | 3fb 64 kg p0/0; settles 19 (19 ok), regrids 16 (16 ok); wall 189 s of 420 (plan 114, price 1, settle 76; budget hit None, 0 unsettled)
[14:40:22]   job s04_c0 craft columns  16  levels 9  settles 19/19  end plan_done  wall 189.2 s
[14:40:23]     settle 17: 202 @   2625 d -> ok lintwin tank 803.7 (+19.4) miss 69 km (2.3 s)
[14:40:27]     settle 18:  64 @   2693 d -> ok lintwin tank 804.7 (+1.0) miss 1 km (3.5 s)
[14:40:28]     settle 16: 224 @   2462 d -> ok lintwin tank 784.2 (+5.5) miss 57 km (1.3 s)
[14:40:32]     settle 17:  85 @   2514 d -> ok lintwin tank 808.7 (+24.5) miss 0 km (3.1 s)
[14:40:33]     settle 18: 269 @   2646 d -> ok lintwin tank 848.4 (+39.8) miss 75 km (1.0 s)
[14:40:33] RESULT s04_c4: 16 columns; frontier 1fb 8 kg p0/2 | 2fb 18 kg p0/2 | 3fb 38 kg p0/2 | 4fb 58 kg p1/2 | 5fb 65 kg p2/2; settles 25 (25 ok), regrids 16 (16 ok); wall 201 s of 420 (plan 148, price 1, settle 53; budget hit None, 0 unsettled)
[14:40:34]   job s04_c4 craft columns  16  levels 11  settles 25/25  end plan_done  wall 201.0 s
[14:40:34] [slice 4] propose: 128 columns (0 bad dropped) in 202.4 s
[14:40:34] [slice 4] auction: 128 columns, kept 128, dropped {}; lam 1.00 H_eff 540 d fuel budget 482 kg quota on
[14:40:34] [slice 4] auction: status optimal objective 35.778 vars 128 rows 66 chosen 8 fuel 360/482 kg (0.013 s)
[14:40:36] [slice 4] claims: c0:1 c1:2 c2:1 c4:1 c5:1  (6 targets: 0 kept, 6 new; 12 released, 0 expired (ttl 4), 2 conflicts)
[14:40:36] [slice 4 T=2160 d] launched 8/8  covered 135  remaining 163  fuel 1532 kg  sumJi 9.2497  chosen: c0:2(+17) c1:3(+36) c2:2(+47) c3:3(+58) c4:5(+65) c5:4(+51) c6:4(+48) c7:4(+37)  rejected: -  (wall 204 s)
[14:40:36] [slice 5] claims in force: c0:1 c1:2 c2:1 c4:1 c5:1  (6 targets; claim_bonus 1.0, ttl 4)
[14:40:36]   c0: claims: 1 own (prized +1.0), 5 claimed by others withheld
[14:40:36]   c1: claims: 2 own (prized +1.0), 4 claimed by others withheld
[14:40:36]   c2: claims: 1 own (prized +1.0), 5 claimed by others withheld
[14:40:36]   c3: claims: 0 own (prized +1.0), 6 claimed by others withheld
[14:40:36]   c4: claims: 1 own (prized +1.0), 5 claimed by others withheld
[14:40:36]   c5: claims: 1 own (prized +1.0), 5 claimed by others withheld
[14:40:36]   c6: claims: 0 own (prized +1.0), 6 claimed by others withheld
[14:40:36]   c7: claims: 0 own (prized +1.0), 6 claimed by others withheld
[14:40:36] [slice 5 T=2700 d] propose: 8 jobs (8 craft, 0 root) on 9 workers, proposer planbeam, H_eff 540 d, lam 1.0
[14:40:36] job s05_c0 (craft, craft 0, planbeam): T 2700 d H 540 L 360; plan horizon 4320 d; remaining 158; prize >1 on 86; width 300 npt 6 mc 150 dv 1.6 drmax 0.2 plan_wall 300 s; quota {'fil': 3, 'med': 16}
[14:40:36] job s05_c2 (craft, craft 2, planbeam): T 2700 d H 540 L 360; plan horizon 4320 d; remaining 158; prize >1 on 86; width 300 npt 6 mc 150 dv 1.6 drmax 0.2 plan_wall 300 s; quota {'fil': 4, 'med': 14}
[14:40:36] job s05_c3 (craft, craft 3, planbeam): T 2700 d H 540 L 360; plan horizon 4320 d; remaining 157; prize >1 on 85; width 300 npt 6 mc 150 dv 1.6 drmax 0.2 plan_wall 300 s; quota {'fil': 3, 'med': 13}
[14:40:36] job s05_c1 (craft, craft 1, planbeam): T 2700 d H 540 L 360; plan horizon 4320 d; remaining 159; prize >1 on 87; width 300 npt 6 mc 150 dv 1.6 drmax 0.2 plan_wall 300 s; quota {'fil': 4, 'med': 14}
[14:40:36] job s05_c4 (craft, craft 4, planbeam): T 2700 d H 540 L 360; plan horizon 4320 d; remaining 158; prize >1 on 86; width 300 npt 6 mc 150 dv 1.6 drmax 0.2 plan_wall 300 s; quota {'fil': 4, 'med': 14}
[14:40:36] job s05_c5 (craft, craft 5, planbeam): T 2700 d H 540 L 360; plan horizon 4320 d; remaining 158; prize >1 on 86; width 300 npt 6 mc 150 dv 1.6 drmax 0.2 plan_wall 300 s; quota {'fil': 6, 'med': 15}
[14:40:36] job s05_c6 (craft, craft 6, planbeam): T 2700 d H 540 L 360; plan horizon 4320 d; remaining 157; prize >1 on 85; width 300 npt 6 mc 150 dv 1.6 drmax 0.2 plan_wall 300 s; quota {'fil': 6, 'med': 10}
[14:40:36] job s05_c7 (craft, craft 7, planbeam): T 2700 d H 540 L 360; plan horizon 4320 d; remaining 157; prize >1 on 85; width 300 npt 6 mc 150 dv 1.6 drmax 0.2 plan_wall 300 s; quota {'fil': 7, 'med': 12}
[14:40:36] prefix slices/s05/in/craft_7.npz: 15 flybys, t_end 2669.0 d, tank 758.6 kg (planner view), miss 92.2 km, nreg 123
[14:40:36] budget: job_wall 420 s, 420 s left before the plan -> plan cap 300 s (plan_wall 300, settle_reserve 90)
[14:40:36] prefix slices/s05/in/craft_5.npz: 18 flybys, t_end 2600.1 d, tank 846.1 kg (planner view), miss 7.4 km, nreg 120
[14:40:36] budget: job_wall 420 s, 420 s left before the plan -> plan cap 300 s (plan_wall 300, settle_reserve 90)
[14:40:36] prefix slices/s05/in/craft_2.npz: 17 flybys, t_end 2498.3 d, tank 793.7 kg (planner view), miss 3.8 km, nreg 123
[14:40:36] budget: job_wall 420 s, 420 s left before the plan -> plan cap 300 s (plan_wall 300, settle_reserve 90)
[14:40:36] prefix slices/s05/in/craft_4.npz: 18 flybys, t_end 2692.1 d, tank 804.5 kg (planner view), miss 1.1 km, nreg 128
[14:40:36] budget: job_wall 420 s, 420 s left before the plan -> plan cap 300 s (plan_wall 300, settle_reserve 90)
[14:40:36] prefix slices/s05/in/craft_6.npz: 15 flybys, t_end 2684.6 d, tank 750.3 kg (planner view), miss 90.5 km, nreg 124
[14:40:36] budget: job_wall 420 s, 420 s left before the plan -> plan cap 300 s (plan_wall 300, settle_reserve 90)
[14:40:36] prefix slices/s05/in/craft_3.npz: 18 flybys, t_end 2684.0 d, tank 780.7 kg (planner view), miss 4.6 km, nreg 130
[14:40:36] budget: job_wall 420 s, 420 s left before the plan -> plan cap 300 s (plan_wall 300, settle_reserve 90)
[14:40:36] prefix slices/s05/in/craft_0.npz: 17 flybys, t_end 2695.2 d, tank 849.9 kg (planner view), miss 87.1 km, nreg 137
[14:40:36] budget: job_wall 420 s, 420 s left before the plan -> plan cap 300 s (plan_wall 300, settle_reserve 90)
[14:40:36] prefix slices/s05/in/craft_1.npz: 17 flybys, t_end 2670.7 d, tank 748.2 kg (planner view), miss 2.1 km, nreg 133
[14:40:36] budget: job_wall 420 s, 420 s left before the plan -> plan cap 300 s (plan_wall 300, settle_reserve 90)
[14:40:50] first level (both): 0 production + 61 relaxed (dv 2.5, 0.3 AU; 0.1 s) + 51 lintwin children -> 84 unique (13.3 s)
[14:40:50] plan start: prefix 15 flybys, t_end 2669.0 d, planner mass 1268.6 kg (dv 9.105 km/s); 84 first-level states
[14:40:51] first level (both): 0 production + 42 relaxed (dv 2.5, 0.3 AU; 0.1 s) + 40 lintwin children -> 69 unique (14.1 s)
[14:40:51] plan start: prefix 18 flybys, t_end 2600.1 d, planner mass 1137.5 kg (dv 13.383 km/s); 69 first-level states
[14:40:51] first level (both): 0 production + 24 relaxed (dv 2.5, 0.3 AU; 0.0 s) + 32 lintwin children -> 45 unique (14.7 s)
[14:40:51] plan start: prefix 18 flybys, t_end 2692.1 d, planner mass 1196.3 kg (dv 11.405 km/s); 45 first-level states
[14:40:51] first level (both): 0 production + 27 relaxed (dv 2.5, 0.3 AU; 0.1 s) + 48 lintwin children -> 67 unique (14.9 s)
[14:40:51] plan start: prefix 15 flybys, t_end 2684.6 d, planner mass 1282.6 kg (dv 8.673 km/s); 67 first-level states
[14:40:52] first level (both): 0 production + 52 relaxed (dv 2.5, 0.3 AU; 0.1 s) + 62 lintwin children -> 90 unique (15.3 s)
[14:40:52] plan start: prefix 17 flybys, t_end 2498.3 d, planner mass 1212.5 kg (dv 10.877 km/s); 90 first-level states
[14:40:52] first level (both): 0 production + 24 relaxed (dv 2.5, 0.3 AU; 0.1 s) + 45 lintwin children -> 64 unique (15.4 s)
[14:40:52] plan start: prefix 18 flybys, t_end 2684.0 d, planner mass 1232.8 kg (dv 10.227 km/s); 64 first-level states
[14:40:52] first level (both): 0 production + 55 relaxed (dv 2.5, 0.3 AU; 0.1 s) + 55 lintwin children -> 82 unique (15.5 s)
[14:40:52] plan start: prefix 17 flybys, t_end 2670.7 d, planner mass 1286.3 kg (dv 8.562 km/s); 82 first-level states
[14:40:52] first level (both): 0 production + 38 relaxed (dv 2.5, 0.3 AU; 0.1 s) + 32 lintwin children -> 58 unique (15.6 s)
[14:40:52] plan start: prefix 17 flybys, t_end 2695.2 d, planner mass 1132.4 kg (dv 13.560 km/s); 58 first-level states
[14:42:20] plan: 1970 states, depth 9 new flybys, end plan_done (103 s); deepest 9 new to 4317 d at planner fuel 624 kg
[14:42:20]   depth  1:   67 states (53 in H), t_end 2854-3363 d, fuel 324-411 kg
[14:42:20]   depth  2:  300 states (110 in H), t_end 3012-3850 d, fuel 334-465 kg
[14:42:20]   depth  3:  300 states (9 in H), t_end 3227-3976 d, fuel 390-509 kg
[14:42:20]   depth  4:  300 states (0 in H), t_end 3378-4305 d, fuel 415-549 kg
[14:42:20]   depth  5:  300 states (0 in H), t_end 3553-4316 d, fuel 449-576 kg
[14:42:20]   depth  6:  300 states (0 in H), t_end 3693-4318 d, fuel 484-619 kg
[14:42:20]   depth  7:  300 states (0 in H), t_end 3908-4320 d, fuel 532-649 kg
[14:42:20]   depth  8:   97 states (0 in H), t_end 4127-4318 d, fuel 589-670 kg
[14:42:20]   depth  9:    6 states (0 in H), t_end 4282-4317 d, fuel 624-693 kg
[14:42:20] candidates: 84 distinct committed target sets (n_new 1-3, potential 0-2)
[14:42:20] frontier: 16 candidates chosen (n fb / committed planner kg / continuation (lookahead) [full]; pot_mode lookahead, pot_cap None): 1fb/324kg/p1(0)[1], 1fb/337kg/p0(0)[0], 1fb/347kg/p3(2)[3], 1fb/355kg/p2(1)[2], 1fb/365kg/p3(2)[3], 1fb/388kg/p4(2)[4], 1fb/389kg/p4(2)[4], 1fb/390kg/p3(2)[3], 1fb/411kg/p3(2)[3], 2fb/334kg/p0(0)[0], 2fb/349kg/p0(0)[0], 2fb/419kg/p3(2)[3], 2fb/423kg/p3(2)[3], 3fb/422kg/p1(1)[1], 3fb/435kg/p1(1)[1], 3fb/459kg/p2(2)[2]
[14:42:20] budget: 317 s of 420 left for the settles + regrids (settle_wall 480)
[14:42:22]     settle 16:   4 @   2945 d -> ok lintwin tank 753.1 (+2.7) miss 25 km (2.3 s)
[14:42:25]     settle 16: 164 @   3223 d -> ok lintwin tank 763.5 (+13.2) miss 44 km (2.5 s)
[14:42:28]     settle 16: 146 @   2962 d -> ok lintwin tank 818.7 (+68.3) miss 68 km (2.9 s)
[14:42:28] plan: 2082 states, depth 9 new flybys, end plan_done (112 s); deepest 9 new to 4224 d at planner fuel 572 kg
[14:42:28]   depth  1:   84 states (76 in H), t_end 2709-3322 d, fuel 336-423 kg
[14:42:28]   depth  2:  300 states (200 in H), t_end 2876-3765 d, fuel 358-474 kg
[14:42:28]   depth  3:  300 states (93 in H), t_end 3046-3883 d, fuel 395-517 kg
[14:42:28]   depth  4:  300 states (0 in H), t_end 3244-4189 d, fuel 410-568 kg
[14:42:28]   depth  5:  300 states (0 in H), t_end 3409-4318 d, fuel 457-598 kg
[14:42:28]   depth  6:  300 states (0 in H), t_end 3763-4318 d, fuel 500-632 kg
[14:42:28]   depth  7:  300 states (0 in H), t_end 3984-4319 d, fuel 535-662 kg
[14:42:28]   depth  8:  183 states (0 in H), t_end 4129-4318 d, fuel 555-697 kg
[14:42:28]   depth  9:   15 states (0 in H), t_end 4202-4276 d, fuel 572-727 kg
[14:42:28] candidates: 169 distinct committed target sets (n_new 1-3, potential 0-3)
[14:42:28] frontier: 16 candidates chosen (n fb / committed planner kg / continuation (lookahead) [full]; pot_mode lookahead, pot_cap None): 1fb/336kg/p1(1)[1], 1fb/341kg/p1(0)[1], 1fb/354kg/p3(1)[3], 1fb/356kg/p4(2)[4], 1fb/362kg/p4(3)[4], 1fb/374kg/p3(2)[3], 1fb/375kg/p3(1)[3], 1fb/378kg/p4(3)[4], 1fb/417kg/p4(2)[4], 1fb/423kg/p4(2)[4], 2fb/374kg/p0(0)[0], 2fb/377kg/p0(0)[0], 2fb/403kg/p3(2)[3], 3fb/404kg/p0(0)[0], 3fb/409kg/p0(0)[0], 3fb/428kg/p2(2)[2]
[14:42:28] budget: 308 s of 420 left for the settles + regrids (settle_wall 480)
[14:42:30] plan: 2072 states, depth 10 new flybys, end plan_done (114 s); deepest 10 new to 4265 d at planner fuel 746 kg
[14:42:30]   depth  1:   58 states (50 in H), t_end 2777-3417 d, fuel 468-551 kg
[14:42:30]   depth  2:  300 states (36 in H), t_end 2993-3729 d, fuel 479-597 kg
[14:42:30]   depth  3:  300 states (0 in H), t_end 3260-4105 d, fuel 509-631 kg
[14:42:30]   depth  4:  300 states (0 in H), t_end 3504-4320 d, fuel 539-659 kg
[14:42:30]   depth  5:  300 states (0 in H), t_end 3632-4274 d, fuel 556-695 kg
[14:42:30]   depth  6:  300 states (0 in H), t_end 3680-4318 d, fuel 579-718 kg
[14:42:30]   depth  7:  300 states (0 in H), t_end 3812-4319 d, fuel 615-754 kg
[14:42:30]   depth  8:  167 states (0 in H), t_end 4017-4319 d, fuel 646-746 kg
[14:42:30]   depth  9:   44 states (0 in H), t_end 4112-4315 d, fuel 681-747 kg
[14:42:30]   depth 10:    3 states (0 in H), t_end 4262-4272 d, fuel 746-755 kg
[14:42:30] candidates: 44 distinct committed target sets (n_new 1-2, potential 0-2)
[14:42:30] frontier: 16 candidates chosen (n fb / committed planner kg / continuation (lookahead) [full]; pot_mode lookahead, pot_cap None): 1fb/473kg/p2(2)[2], 1fb/473kg/p3(2)[3], 1fb/482kg/p1(1)[1], 1fb/492kg/p2(2)[2], 1fb/501kg/p2(2)[2], 1fb/506kg/p2(2)[2], 1fb/520kg/p2(1)[2], 1fb/521kg/p2(1)[2], 1fb/533kg/p2(1)[2], 1fb/539kg/p2(1)[2], 1fb/545kg/p2(2)[2], 1fb/547kg/p2(1)[2], 1fb/551kg/p2(2)[2], 2fb/519kg/p2(2)[2], 2fb/552kg/p0(0)[0], 2fb/553kg/p0(0)[0]
[14:42:30] budget: 306 s of 420 left for the settles + regrids (settle_wall 480)
[14:42:32]     settle 16: 206 @   3156 d -> ok lintwin tank 758.6 (+-0.0) miss 69 km (3.6 s)
[14:42:32]     settle 16: 201 @   3175 d -> ok lintwin tank 755.9 (+5.6) miss 69 km (3.4 s)
[14:42:34]     settle 16: 111 @   2974 d -> ok lam tank 774.7 (+24.3) miss 71 km (1.6 s)
[14:42:34]     settle 18: 180 @   3025 d -> ok lintwin tank 864.7 (+14.8) miss 70 km (4.0 s)
[14:42:35]     settle 16: 260 @   3021 d -> ok lintwin tank 760.3 (+1.7) miss 71 km (2.2 s)
[14:42:36] plan: 2255 states, depth 10 new flybys, end plan_done (120 s); deepest 10 new to 4311 d at planner fuel 728 kg
[14:42:36]   depth  1:   64 states (53 in H), t_end 2834-3324 d, fuel 373-456 kg
[14:42:36]   depth  2:  300 states (80 in H), t_end 2956-3825 d, fuel 388-506 kg
[14:42:36]   depth  3:  300 states (20 in H), t_end 3108-4080 d, fuel 405-556 kg
[14:42:36]   depth  4:  300 states (1 in H), t_end 3180-4315 d, fuel 435-595 kg
[14:42:36]   depth  5:  300 states (0 in H), t_end 3257-4275 d, fuel 520-633 kg
[14:42:36]   depth  6:  300 states (0 in H), t_end 3417-4286 d, fuel 546-664 kg
[14:42:36]   depth  7:  300 states (0 in H), t_end 3608-4301 d, fuel 573-678 kg
[14:42:36]   depth  8:  300 states (0 in H), t_end 3895-4319 d, fuel 595-716 kg
[14:42:36]   depth  9:   84 states (0 in H), t_end 4130-4318 d, fuel 657-754 kg
[14:42:36]   depth 10:    7 states (0 in H), t_end 4263-4312 d, fuel 728-755 kg
[14:42:36] candidates: 95 distinct committed target sets (n_new 1-4, potential 0-3)
[14:42:36] frontier: 16 candidates chosen (n fb / committed planner kg / continuation (lookahead) [full]; pot_mode lookahead, pot_cap None): 1fb/373kg/p1(1)[1], 1fb/373kg/p1(1)[1], 1fb/389kg/p3(2)[3], 1fb/397kg/p3(2)[3], 1fb/415kg/p3(2)[3], 1fb/431kg/p4(3)[4], 1fb/435kg/p3(2)[3], 1fb/435kg/p5(3)[5], 2fb/396kg/p1(1)[1], 2fb/399kg/p2(2)[2], 2fb/484kg/p4(2)[4], 2fb/486kg/p4(3)[4], 3fb/464kg/p2(2)[2], 3fb/483kg/p0(0)[0], 3fb/511kg/p3(2)[3], 4fb/565kg/p2(2)[2]
[14:42:36] budget: 300 s of 420 left for the settles + regrids (settle_wall 480)
[14:42:37]     settle 16:  51 @   2854 d -> ok lintwin tank 789.0 (+38.6) miss 26 km (1.7 s)
[14:42:38]     settle 16: 188 @   2948 d -> ok lintwin tank 769.3 (+10.6) miss 64 km (2.2 s)
[14:42:38]     settle 19: 201 @   3212 d -> ok lintwin tank 799.3 (+18.7) miss 55 km (1.8 s)
[14:42:39] plan: 2335 states, depth 11 new flybys, end plan_done (122 s); deepest 11 new to 4266 d at planner fuel 731 kg
[14:42:39]   depth  1:   45 states (32 in H), t_end 2933-3430 d, fuel 411-488 kg
[14:42:39]   depth  2:  300 states (45 in H), t_end 3030-3845 d, fuel 432-524 kg
[14:42:39]   depth  3:  300 states (0 in H), t_end 3275-4189 d, fuel 466-565 kg
[14:42:39]   depth  4:  300 states (0 in H), t_end 3359-4266 d, fuel 485-602 kg
[14:42:39]   depth  5:  300 states (0 in H), t_end 3474-4262 d, fuel 498-632 kg
[14:42:39]   depth  6:  300 states (0 in H), t_end 3633-4310 d, fuel 518-659 kg
[14:42:39]   depth  7:  300 states (0 in H), t_end 3680-4311 d, fuel 529-695 kg
[14:42:39]   depth  8:  300 states (0 in H), t_end 3811-4311 d, fuel 560-732 kg
[14:42:39]   depth  9:  160 states (0 in H), t_end 4000-4317 d, fuel 619-754 kg
[14:42:39]   depth 10:   27 states (0 in H), t_end 4111-4311 d, fuel 665-722 kg
[14:42:39]   depth 11:    3 states (0 in H), t_end 4258-4271 d, fuel 731-749 kg
[14:42:39] candidates: 45 distinct committed target sets (n_new 1-2, potential 0-4)
[14:42:39] frontier: 16 candidates chosen (n fb / committed planner kg / continuation (lookahead) [full]; pot_mode lookahead, pot_cap None): 1fb/411kg/p1(1)[1], 1fb/421kg/p2(1)[2], 1fb/432kg/p1(1)[1], 1fb/435kg/p1(1)[1], 1fb/438kg/p4(3)[4], 1fb/440kg/p1(1)[1], 1fb/443kg/p4(4)[4], 1fb/443kg/p1(1)[1], 1fb/459kg/p2(1)[2], 1fb/460kg/p4(3)[4], 1fb/467kg/p2(2)[2], 1fb/473kg/p3(2)[3], 2fb/443kg/p0(0)[0], 2fb/459kg/p0(0)[0], 2fb/460kg/p3(3)[3], 2fb/474kg/p3(3)[3]
[14:42:39] budget: 297 s of 420 left for the settles + regrids (settle_wall 480)
[14:42:39] plan: 2326 states, depth 11 new flybys, end plan_done (123 s); deepest 11 new to 4301 d at planner fuel 722 kg
[14:42:39]   depth  1:   82 states (71 in H), t_end 2840-3393 d, fuel 317-407 kg
[14:42:39]   depth  2:  300 states (80 in H), t_end 2920-3725 d, fuel 325-457 kg
[14:42:39]   depth  3:  300 states (33 in H), t_end 3035-4305 d, fuel 372-506 kg
[14:42:39]   depth  4:  300 states (0 in H), t_end 3305-4291 d, fuel 432-552 kg
[14:42:39]   depth  5:  300 states (0 in H), t_end 3488-4296 d, fuel 459-600 kg
[14:42:39]   depth  6:  300 states (0 in H), t_end 3592-4318 d, fuel 532-625 kg
[14:42:39]   depth  7:  300 states (0 in H), t_end 3757-4320 d, fuel 554-664 kg
[14:42:39]   depth  8:  261 states (0 in H), t_end 3932-4320 d, fuel 605-703 kg
[14:42:39]   depth  9:  131 states (0 in H), t_end 4058-4320 d, fuel 635-737 kg
[14:42:39]   depth 10:   51 states (0 in H), t_end 4242-4318 d, fuel 695-763 kg
[14:42:39]   depth 11:    1 states (0 in H), t_end 4301-4301 d, fuel 722-722 kg
[14:42:39] candidates: 86 distinct committed target sets (n_new 1-3, potential 0-3)
[14:42:39] frontier: 16 candidates chosen (n fb / committed planner kg / continuation (lookahead) [full]; pot_mode lookahead, pot_cap None): 1fb/317kg/p1(1)[1], 1fb/319kg/p0(0)[0], 1fb/330kg/p2(1)[2], 1fb/345kg/p2(2)[2], 1fb/354kg/p3(1)[3], 1fb/356kg/p3(1)[3], 1fb/357kg/p2(2)[2], 1fb/364kg/p3(2)[3], 1fb/373kg/p3(2)[3], 1fb/404kg/p5(3)[5], 2fb/348kg/p0(0)[0], 2fb/362kg/p0(0)[0], 2fb/457kg/p4(3)[4], 3fb/440kg/p1(1)[1], 3fb/452kg/p1(1)[1], 3fb/492kg/p3(3)[3]
[14:42:39] budget: 297 s of 420 left for the settles + regrids (settle_wall 480)
[14:42:40]     settle 19:  72 @   3201 d -> ok lintwin tank 787.1 (+6.4) miss 53 km (1.5 s)
[14:42:40]     settle 18: 107 @   3143 d -> ok lintwin tank 749.8 (+1.6) miss 1 km (0.4 s)
[14:42:40]     settle 18: 158 @   3010 d -> ok lintwin tank 859.3 (+9.4) miss 75 km (5.2 s)
[14:42:40] plan: 2259 states, depth 10 new flybys, end plan_done (124 s); deepest 10 new to 4268 d at planner fuel 792 kg
[14:42:40]   depth  1:   69 states (63 in H), t_end 2745-3325 d, fuel 482-546 kg
[14:42:40]   depth  2:  300 states (142 in H), t_end 2876-3804 d, fuel 506-592 kg
[14:42:40]   depth  3:  300 states (52 in H), t_end 3115-4091 d, fuel 519-633 kg
[14:42:40]   depth  4:  300 states (0 in H), t_end 3373-4171 d, fuel 571-656 kg
[14:42:40]   depth  5:  300 states (0 in H), t_end 3503-4306 d, fuel 583-694 kg
[14:42:40]   depth  6:  300 states (0 in H), t_end 3600-4319 d, fuel 633-730 kg
[14:42:40]   depth  7:  300 states (0 in H), t_end 3773-4320 d, fuel 652-760 kg
[14:42:40]   depth  8:  300 states (0 in H), t_end 3898-4319 d, fuel 688-797 kg
[14:42:40]   depth  9:   78 states (0 in H), t_end 4029-4320 d, fuel 720-799 kg
[14:42:40]   depth 10:   12 states (0 in H), t_end 4217-4305 d, fuel 792-827 kg
[14:42:40] candidates: 129 distinct committed target sets (n_new 1-3, potential 0-4)
[14:42:40] frontier: 16 candidates chosen (n fb / committed planner kg / continuation (lookahead) [full]; pot_mode lookahead, pot_cap None): 1fb/482kg/p2(1)[2], 1fb/491kg/p0(0)[0], 1fb/493kg/p2(0)[2], 1fb/500kg/p2(0)[2], 1fb/511kg/p2(1)[2], 1fb/514kg/p2(1)[2], 1fb/515kg/p2(2)[2], 1fb/519kg/p2(0)[2], 1fb/525kg/p5(4)[5], 1fb/528kg/p4(2)[4], 2fb/507kg/p1(1)[1], 2fb/513kg/p0(0)[0], 2fb/574kg/p4(4)[4], 3fb/534kg/p0(0)[0], 3fb/534kg/p0(0)[0], 3fb/578kg/p2(2)[2]
[14:42:40] budget: 296 s of 420 left for the settles + regrids (settle_wall 480)
[14:42:41]     settle 19: 170 @   3223 d -> ok lintwin tank 809.1 (+4.7) miss 67 km (1.7 s)
[14:42:41]     settle 18: 283 @   3057 d -> ok lintwin tank 751.8 (+3.6) miss 35 km (0.4 s)
[14:42:41]     settle 16:  75 @   3065 d -> ok lintwin tank 782.5 (+32.1) miss 13 km (3.6 s)
[14:42:41]     settle 16: 285 @   2787 d -> ok lintwin tank 772.5 (+13.9) miss 86 km (2.9 s)
[14:42:42]     settle 19: 229 @   3009 d -> ok lintwin tank 808.6 (+27.9) miss 78 km (1.4 s)
[14:42:43]     settle 19: 180 @   3027 d -> ok lintwin tank 814.0 (+9.5) miss 45 km (1.9 s)
[14:42:43]     settle 19: 248 @   3090 d -> ok lintwin tank 859.7 (+13.7) miss 64 km (2.9 s)
[14:42:43] plan: 2371 states, depth 11 new flybys, end plan_done (127 s); deepest 11 new to 4276 d at planner fuel 775 kg
[14:42:43]   depth  1:   90 states (78 in H), t_end 2709-3323 d, fuel 387-476 kg
[14:42:43]   depth  2:  300 states (186 in H), t_end 2855-3835 d, fuel 405-525 kg
[14:42:43]   depth  3:  300 states (56 in H), t_end 3000-4067 d, fuel 449-563 kg
[14:42:43]   depth  4:  300 states (7 in H), t_end 3210-4140 d, fuel 479-599 kg
[14:42:43]   depth  5:  300 states (0 in H), t_end 3390-4231 d, fuel 528-621 kg
[14:42:43]   depth  6:  300 states (0 in H), t_end 3570-4319 d, fuel 560-657 kg
[14:42:43]   depth  7:  300 states (0 in H), t_end 3685-4319 d, fuel 575-689 kg
[14:42:43]   depth  8:  300 states (0 in H), t_end 3889-4320 d, fuel 605-720 kg
[14:42:43]   depth  9:  149 states (0 in H), t_end 3999-4319 d, fuel 681-752 kg
[14:42:43]   depth 10:   30 states (0 in H), t_end 4119-4318 d, fuel 726-778 kg
[14:42:43]   depth 11:    2 states (0 in H), t_end 4274-4276 d, fuel 775-781 kg
[14:42:43] candidates: 137 distinct committed target sets (n_new 1-4, potential 0-3)
[14:42:43] frontier: 16 candidates chosen (n fb / committed planner kg / continuation (lookahead) [full]; pot_mode lookahead, pot_cap None): 1fb/387kg/p1(1)[1], 1fb/399kg/p1(1)[1], 1fb/409kg/p3(2)[3], 1fb/419kg/p3(1)[3], 1fb/427kg/p3(1)[3], 1fb/430kg/p3(2)[3], 1fb/442kg/p5(2)[5], 1fb/443kg/p4(3)[4], 2fb/427kg/p2(2)[2], 2fb/448kg/p0(0)[0], 2fb/486kg/p4(3)[4], 3fb/472kg/p0(0)[0], 3fb/475kg/p1(1)[1], 3fb/515kg/p3(3)[3], 4fb/545kg/p1(1)[1], 4fb/556kg/p2(2)[2]
[14:42:43] budget: 293 s of 420 left for the settles + regrids (settle_wall 480)
[14:42:43]     settle 18: 268 @   3089 d -> ok lintwin tank 767.8 (+19.6) miss 46 km (2.0 s)
[14:42:44]     settle 19: 280 @   2971 d -> ok lintwin tank 819.0 (+38.4) miss 62 km (1.3 s)
[14:42:44]     settle 16:   7 @   2787 d -> ok lintwin tank 767.6 (+8.9) miss 78 km (2.6 s)
[14:42:45]     settle 16: 260 @   2937 d -> ok lintwin tank 791.9 (+41.6) miss 15 km (3.6 s)
[14:42:46]     settle 18: 107 @   3215 d -> ok lintwin tank 793.5 (+-0.2) miss 66 km (2.8 s)
[14:42:46]     settle 19:   1 @   3228 d -> ok lintwin tank 857.2 (+11.1) miss 64 km (2.8 s)
[14:42:46]     settle 18: 170 @   3166 d -> ok lintwin tank 863.6 (+13.7) miss 76 km (5.7 s)
[14:42:46]     settle 19:  96 @   3219 d -> ok lintwin tank 873.5 (+69.0) miss 66 km (2.8 s)
[14:42:47]     settle 16: 140 @   3025 d -> ok lintwin tank 787.0 (+28.4) miss 70 km (2.5 s)
[14:42:47]     settle 19: 140 @   3011 d -> ok lintwin tank 805.7 (+25.1) miss 69 km (2.7 s)
[14:42:47]     settle 18: 140 @   2998 d -> ok lintwin tank 809.4 (+61.2) miss 72 km (3.2 s)
[14:42:49]     settle 19:  53 @   2854 d -> ok lintwin tank 867.9 (+21.8) miss 67 km (2.7 s)
[14:42:50]     settle 16: 261 @   2789 d -> ok lintwin tank 764.5 (+5.8) miss 62 km (2.4 s)
[14:42:50]     settle 18: 259 @   3114 d -> ok lintwin tank 797.7 (+4.0) miss 70 km (3.7 s)
[14:42:51]     settle 16: 140 @   2997 d -> ok lintwin tank 812.8 (+62.4) miss 86 km (5.3 s)
[14:42:51]     settle 18: 132 @   2935 d -> ok lintwin tank 765.4 (+17.1) miss 71 km (3.6 s)
[14:42:51]     settle 19:  28 @   3155 d -> ok lintwin tank 877.4 (+72.9) miss 62 km (4.3 s)
[14:42:51]     settle 19: 204 @   3055 d -> ok lintwin tank 826.4 (+45.8) miss 61 km (4.2 s)
[14:42:53]     settle 19: 278 @   2829 d -> ok lintwin tank 876.9 (+30.8) miss 55 km (2.6 s)
[14:42:53]     settle 18: 290 @   3121 d -> ok lintwin tank 870.0 (+20.1) miss 43 km (5.3 s)
[14:42:53]     settle 16:   4 @   2945 d -> ok lintwin tank 753.1 (+2.7) miss 29 km (1.8 s)
[14:42:53]     settle 16: 211 @   2881 d -> ok lintwin tank 775.1 (+16.5) miss 66 km (3.0 s)
[14:42:53]     settle 19:  75 @   3054 d -> ok lintwin tank 785.3 (+4.7) miss 80 km (1.3 s)
[14:42:54]     settle 18: 211 @   2963 d -> ok lintwin tank 767.0 (+18.8) miss 18 km (2.4 s)
[14:42:54]     settle 18: 203 @   2936 d -> ok lintwin tank 811.4 (+17.7) miss 72 km (3.3 s)
[14:42:55]     settle 19:  86 @   2942 d -> ok lintwin tank 826.7 (+22.2) miss 72 km (3.4 s)
[14:42:56]     settle 19: 100 @   2834 d -> ok lintwin tank 841.7 (+61.1) miss 67 km (1.9 s)
[14:42:56]     settle 18:  58 @   3091 d -> ok lintwin tank 756.2 (+8.0) miss 28 km (1.7 s)
[14:42:56]     settle 19: 111 @   2967 d -> ok lintwin tank 866.4 (+20.4) miss 62 km (2.9 s)
[14:42:56]     settle 17: 283 @   3068 d -> ok lintwin tank 758.0 (+5.0) miss 73 km (3.5 s)
[14:42:57]     settle 16: 168 @   2770 d -> ok lintwin tank 777.3 (+18.7) miss 78 km (3.5 s)
[14:42:57]     settle 18: 208 @   2784 d -> ok lintwin tank 807.1 (+13.4) miss 75 km (2.7 s)
[14:42:57]     settle 18: 152 @   2912 d -> ok lintwin tank 776.7 (+28.5) miss 40 km (1.1 s)
[14:42:58]     settle 18: 200 @   3035 d -> ok lintwin tank 865.5 (+15.6) miss 61 km (4.5 s)
[14:42:59]     settle 18:  36 @   3033 d -> ok lintwin tank 782.8 (+34.6) miss 76 km (1.0 s)
[14:42:59]     settle 19:  80 @   3024 d -> ok lintwin tank 863.8 (+17.7) miss 67 km (2.6 s)
[14:42:59]     settle 19: 260 @   2931 d -> ok lintwin tank 831.3 (+50.7) miss 69 km (2.9 s)
[14:42:59]     settle 17: 201 @   3186 d -> ok lintwin tank 767.5 (+14.4) miss 70 km (2.6 s)
[14:43:00]     settle 18:  27 @   2755 d -> ok lintwin tank 809.9 (+16.2) miss 56 km (2.4 s)
[14:43:00]     settle 18: 203 @   2840 d -> ok lintwin tank 767.2 (+19.0) miss 49 km (0.9 s)
[14:43:00]     settle 16: 252 @   2770 d -> ok lintwin tank 884.3 (+125.6) miss 50 km (3.1 s)
[14:43:01]     settle 19: 169 @   3240 d -> ok lintwin tank 864.0 (+59.5) miss 83 km (5.3 s)
[14:43:01]   drift: leg 169@3240 d settled outside (T, T+H] -> column cut at 0
[14:43:01]     settle 20:  82 @   3214 d -> ok lintwin tank 832.8 (+1.4) miss 62 km (2.3 s)
[14:43:02]     settle 17: 201 @   3174 d -> ok lintwin tank 782.1 (+-0.3) miss 78 km (2.5 s)
[14:43:03]     settle 18:   3 @   3091 d -> ok lintwin tank 762.3 (+14.1) miss 42 km (2.5 s)
[14:43:03]     settle 18:  56 @   2807 d -> ok lintwin tank 820.4 (+26.7) miss 71 km (3.2 s)
[14:43:03]     settle 19: 200 @   3037 d -> ok lintwin tank 820.5 (+16.1) miss 58 km (2.6 s)
[14:43:03]     settle 18:  28 @   3153 d -> ok lintwin tank 885.5 (+35.6) miss 60 km (5.2 s)
[14:43:04]     settle 16: 205 @   2908 d -> ok lintwin tank 785.3 (+26.7) miss 55 km (2.8 s)
[14:43:04]     settle 20:  82 @   3216 d -> ok lintwin tank 816.2 (+7.6) miss 72 km (1.3 s)
[14:43:04]     settle 19:  28 @   3212 d -> ok lintwin tank 885.8 (+39.8) miss 71 km (5.1 s)
[14:43:05]     settle 19: 201 @   3193 d -> ok lintwin tank 768.5 (+6.3) miss 66 km (2.1 s)
[14:43:06]     settle 17: 268 @   3089 d -> ok lintwin tank 792.9 (+3.9) miss 75 km (2.5 s)
[14:43:06]     settle 17: 300 @   3213 d -> ok lintwin tank 789.7 (+4.4) miss 73 km (2.3 s)
[14:43:07]     settle 18: 203 @   2848 d -> ok lintwin tank 767.2 (+19.0) miss 48 km (1.0 s)
[14:43:07]     settle 20: 140 @   3029 d -> ok lintwin tank 876.5 (+34.7) miss 65 km (2.4 s)
[14:43:07]     settle 19: 225 @   3016 d -> ok lintwin tank 769.4 (+2.2) miss 78 km (0.4 s)
[14:43:08]     settle 19: 209 @   3225 d -> ok lintwin tank 827.0 (+22.5) miss 65 km (4.0 s)
[14:43:08]     settle 18: 207 @   2775 d -> ok lintwin tank 828.7 (+34.9) miss 86 km (4.2 s)
[14:43:08]     settle 17: 283 @   3069 d -> ok lintwin tank 795.9 (+6.9) miss 76 km (2.3 s)
[14:43:09]     settle 19:  98 @   2876 d -> ok lintwin tank 878.7 (+32.6) miss 68 km (3.8 s)
[14:43:09]     settle 18: 120 @   3234 d -> ok lintwin tank 806.0 (+10.1) miss 35 km (0.8 s)
[14:43:09]     settle 19: 152 @   2920 d -> ok lintwin tank 799.4 (+32.2) miss 57 km (1.4 s)
[14:43:09]     settle 18:  98 @   2858 d -> ok lintwin tank 902.5 (+52.6) miss 60 km (5.5 s)
[14:43:10]     settle 16: 261 @   2793 d -> ok lintwin tank 763.9 (+5.3) miss 84 km (3.0 s)
[14:43:10]     settle 18:  89 @   2709 d -> ok lintwin tank 828.3 (+34.6) miss 68 km (1.8 s)
[14:43:12]     settle 17:  75 @   3077 d -> ok lintwin tank 774.7 (+10.8) miss 64 km (2.0 s)
[14:43:12]     settle 19:  79 @   2941 d -> ok lintwin tank 921.0 (+116.5) miss 56 km (4.0 s)
[14:43:14]     settle 20: 204 @   3039 d -> ok lintwin tank 880.3 (+38.6) miss 0 km (5.4 s)
[14:43:14]     settle 19: 290 @   3161 d -> ok lintwin tank 885.1 (+39.0) miss 67 km (4.6 s)
[14:43:14]     settle 18: 241 @   2777 d -> ok lintwin tank 891.8 (+41.9) miss 98 km (4.0 s)
[14:43:14]     settle 19:  58 @   3089 d -> ok lintwin tank 772.8 (+7.5) miss 0 km (4.4 s)
[14:43:15]     settle 17: 283 @   3064 d -> ok lintwin tank 795.7 (+6.8) miss 67 km (3.5 s)
[14:43:15]     settle 17: 205 @   2902 d -> ok lintwin tank 788.4 (+15.9) miss 82 km (2.6 s)
[14:43:15]     settle 18: 232 @   3227 d -> ok lintwin tank 813.9 (+18.1) miss 12 km (0.7 s)
[14:43:15]     settle 20: 300 @   3218 d -> ok lintwin tank 781.7 (+8.8) miss 5 km (1.1 s)
[14:43:16]     settle 19: 203 @   2967 d -> ok lintwin tank 841.8 (+37.3) miss 72 km (2.6 s)
[14:43:16]     settle 19: 204 @   3089 d -> ok lintwin tank 792.6 (+25.6) miss 39 km (0.5 s)
[14:43:17]     settle 19: 160 @   2791 d -> ok lintwin tank 881.8 (+35.7) miss 57 km (2.8 s)
[14:43:17]     settle 17:  75 @   3077 d -> ok lintwin tank 777.9 (+10.4) miss 72 km (2.1 s)
[14:43:19]     settle 20:  75 @   3198 d -> ok lintwin tank 823.6 (+31.1) miss 74 km (2.7 s)
[14:43:19]     settle 19: 107 @   3076 d -> FAIL [('lam', 100049900.8)] (8.5 s)
[14:43:20]     settle 18: 292 @   3055 d -> ok lintwin tank 877.3 (+27.4) miss 51 km (4.6 s)
[14:43:20]     settle 18: 118 @   3219 d -> ok lintwin tank 787.8 (+9.9) miss 35 km (2.8 s)
[14:43:20]     settle 18: 203 @   3014 d -> ok lintwin tank 811.1 (+17.4) miss 57 km (0.9 s)
[14:43:20]     settle 19: 248 @   3087 d -> ok lintwin tank 859.7 (+13.7) miss 62 km (2.8 s)
[14:43:20]     settle 18:  16 @   3234 d -> ok lintwin tank 816.4 (+34.2) miss 75 km (4.0 s)
[14:43:21]     settle 19: 259 @   3226 d -> ok lintwin tank 834.9 (+30.4) miss 72 km (4.4 s)
[14:43:21] RESULT s05_c6: 16 columns; frontier 1fb 2 kg p0/2 | 2fb 7 kg p0/2 | 3fb 54 kg p1/2; settles 19 (19 ok), regrids 16 (16 ok); wall 164 s of 420 (plan 103, price 1, settle 61; budget hit None, 0 unsettled)
[14:43:21]     settle 20:  36 @   3040 d -> ok lintwin tank 809.8 (+10.4) miss 70 km (1.8 s)
[14:43:22] RESULT s05_c1: 16 columns; frontier 1fb 2 kg p1/3 | 2fb 20 kg p0/3 | 3fb 33 kg p1/3; settles 20 (20 ok), regrids 16 (16 ok); wall 165 s of 420 (plan 123, price 1, settle 42; budget hit None, 0 unsettled)
[14:43:22]     settle 19: 163 @   2972 d -> ok lintwin tank 818.3 (+13.9) miss 61 km (1.3 s)
[14:43:23]   job s05_c1 craft columns  16  levels 11  settles 20/20  end plan_done  wall 165.4 s
[14:43:23]   job s05_c6 craft columns  16  levels 9  settles 19/19  end plan_done  wall 164.5 s
[14:43:23]     settle 19: 167 @   3174 d -> ok lintwin tank 820.7 (+9.6) miss 73 km (2.4 s)
[14:43:23]     settle 20:  96 @   3235 d -> ok lintwin tank 861.0 (+1.3) miss 63 km (2.6 s)
[14:43:23]     settle 18:  58 @   3099 d -> ok lintwin tank 794.6 (+6.2) miss 94 km (2.5 s)
[14:43:24]     settle 20: 140 @   3024 d -> ok lintwin tank 874.3 (+32.6) miss 65 km (2.7 s)
[14:43:25]     settle 18:  82 @   3061 d -> ok lintwin tank 911.1 (+61.2) miss 61 km (5.0 s)
[14:43:26]     settle 20: 183 @   3228 d -> ok lintwin tank 860.6 (+0.9) miss 63 km (2.5 s)
[14:43:26]     settle 18: 268 @   3102 d -> ok lintwin tank 790.3 (+1.9) miss 76 km (3.0 s)
[14:43:27]     settle 21: 206 @   3229 d -> ok lintwin tank 915.4 (+41.1) miss 64 km (3.0 s)
[14:43:27] RESULT s05_c7: 16 columns; frontier 1fb -0 kg p1/3 | 2fb 16 kg p0/2 | 3fb 29 kg p0/2; settles 19 (19 ok), regrids 16 (16 ok); wall 170 s of 420 (plan 112, price 1, settle 58; budget hit None, 0 unsettled)
[14:43:27]     settle 20: 170 @   3217 d -> ok lintwin tank 822.7 (+8.7) miss 73 km (4.3 s)
[14:43:27]     settle 19: 116 @   2855 d -> ok lintwin tank 881.2 (+52.6) miss 77 km (4.0 s)
[14:43:29]   job s05_c7 craft columns  16  levels 9  settles 19/19  end plan_done  wall 170.5 s
[14:43:30]     settle 20:  96 @   3237 d -> ok lintwin tank 892.8 (+7.7) miss 71 km (3.5 s)
[14:43:30]   drift: leg 96@3237 d settled outside (T, T+H] -> column cut at 1
[14:43:30]     settle 20: 134 @   3221 d -> ok lintwin tank 840.2 (+13.5) miss 60 km (3.0 s)
[14:43:31]     settle 20:  58 @   3104 d -> ok lintwin tank 853.3 (+34.3) miss 79 km (3.4 s)
[14:43:31]     settle 18:  80 @   3005 d -> ok lintwin tank 890.8 (+40.9) miss 78 km (5.5 s)
[14:43:31]     settle 19: 203 @   2998 d -> ok lintwin tank 833.0 (+25.9) miss 67 km (3.8 s)
[14:43:32]     settle 20: 167 @   3175 d -> ok lintwin tank 834.8 (+1.8) miss 48 km (0.4 s)
[14:43:32]     settle 19: 278 @   2830 d -> ok lintwin tank 877.3 (+31.3) miss 67 km (2.3 s)
[14:43:34]     settle 21: 164 @   3206 d -> ok lintwin tank 854.5 (+1.1) miss 71 km (2.6 s)
[14:43:34]     settle 20: 111 @   2971 d -> ok lintwin tank 888.6 (+11.3) miss 68 km (1.9 s)
[14:43:35]     settle 20: 259 @   3209 d -> ok lintwin tank 838.0 (+11.3) miss 2 km (3.9 s)
[14:43:35]     settle 19: 204 @   3096 d -> ok lintwin tank 837.7 (+17.2) miss 73 km (2.6 s)
[14:43:35]     settle 18:  53 @   2840 d -> ok lintwin tank 929.5 (+79.6) miss 67 km (3.6 s)
[14:43:36]     settle 20: 107 @   3226 d -> ok lintwin tank 842.6 (+4.9) miss 61 km (1.2 s)
[14:43:38]     settle 21: 267 @   3114 d -> ok lintwin tank 880.9 (+4.4) miss 0 km (4.1 s)
[14:43:38]     settle 21:  82 @   3205 d -> ok lintwin tank 897.7 (+9.1) miss 60 km (4.0 s)
[14:43:39]     settle 20: 220 @   3212 d -> ok lintwin tank 847.4 (+20.8) miss 3 km (4.2 s)
[14:43:40]   1 candidates dropped (settle failure / regrid failure / duplicate after truncation)
[14:43:40] RESULT s05_c4: 15 columns; frontier 1fb 4 kg p1/4 | 2fb 18 kg p0/3; settles 16 (16 ok), regrids 15 (15 ok); wall 183 s of 420 (plan 122, price 1, settle 61; budget hit None, 0 unsettled)
[14:43:40]     settle 18:  96 @   3160 d -> ok lintwin tank 897.3 (+47.4) miss 51 km (3.8 s)
[14:43:41]   job s05_c4 craft columns  15  levels 11  settles 16/16  end plan_done  wall 183.3 s
[14:43:42]     settle 20: 111 @   2970 d -> ok lintwin tank 886.7 (+9.8) miss 63 km (3.1 s)
[14:43:43]     settle 20: 181 @   3215 d -> ok lintwin tank 920.5 (+39.3) miss 0 km (5.9 s)
[14:43:45]     settle 22: 259 @   3180 d -> ok lintwin tank 923.7 (+42.8) miss 0 km (6.0 s)
[14:43:45]     settle 21: 232 @   3224 d -> ok lintwin tank 891.3 (+4.7) miss 57 km (3.4 s)
[14:43:46]     settle 19:  28 @   3154 d -> ok lintwin tank 891.0 (+31.7) miss 58 km (5.5 s)
[14:43:47]     settle 19: 116 @   2860 d -> ok lintwin tank 880.4 (+51.8) miss 76 km (3.9 s)
[14:43:50]     settle 19: 160 @   2804 d -> ok lintwin tank 878.8 (+32.8) miss 82 km (3.7 s)
[14:43:50]     settle 20: 200 @   3009 d -> ok lintwin tank 925.9 (+45.5) miss 69 km (3.2 s)
[14:43:51] RESULT s05_c3: 16 columns; frontier 1fb 4 kg p2/3 | 2fb 35 kg p2/3 | 3fb 74 kg p0/2 | 4fb 143 kg p2/2; settles 19 (19 ok), regrids 16 (16 ok); wall 194 s of 420 (plan 120, price 1, settle 75; budget hit None, 0 unsettled)
[14:43:51]   job s05_c3 craft columns  16  levels 10  settles 19/19  end plan_done  wall 194.2 s
[14:43:51]     settle 18:  79 @   2950 d -> ok lintwin tank 878.1 (+28.2) miss 52 km (4.8 s)
[14:43:53]     settle 20: 180 @   3035 d -> ok lintwin tank 883.3 (+4.5) miss 1 km (3.6 s)
[14:43:54]     settle 21: 209 @   3236 d -> ok lintwin tank 981.3 (+55.5) miss 48 km (4.0 s)
[14:43:55]     settle 21: 209 @   3237 d -> ok lintwin tank 901.2 (+17.8) miss 58 km (2.2 s)
[14:43:55]   drift: leg 209@3237 d settled outside (T, T+H] -> column cut at 2
[14:43:56]   1 candidates dropped (settle failure / regrid failure / duplicate after truncation)
[14:43:56]     settle 19: 300 @   3205 d -> ok lintwin tank 1049.0 (+171.0) miss 48 km (4.7 s)
[14:43:56]   drift: leg 300@3205 d settled outside (T, T+H] -> column cut at 1
[14:43:56] RESULT s05_c5: 15 columns; frontier 1fb 11 kg p0/4 | 2fb 14 kg p0/2 | 3fb 45 kg p0/0; settles 22 (22 ok), regrids 15 (15 ok); wall 199 s of 420 (plan 124, price 1, settle 76; budget hit None, 0 unsettled)
[14:43:57]   job s05_c5 craft columns  15  levels 10  settles 22/22  end plan_done  wall 199.5 s
[14:43:57]     settle 20: 200 @   3015 d -> ok lam tank 927.1 (+46.6) miss 0 km (2.5 s)
[14:44:00]     settle 18: 180 @   3025 d -> ok lintwin tank 865.0 (+15.2) miss 78 km (3.7 s)
[14:44:02]     settle 21: 181 @   3215 d -> ok lintwin tank 1000.8 (+73.7) miss 1 km (4.5 s)
[14:44:02]   1 candidates dropped (settle failure / regrid failure / duplicate after truncation)
[14:44:02] RESULT s05_c2: 15 columns; frontier 1fb -0 kg p1/3 | 2fb 27 kg p0/3 | 3fb 41 kg p0/3 | 4fb 187 kg p1/2; settles 22 (21 ok), regrids 15 (15 ok); wall 206 s of 420 (plan 127, price 1, settle 79; budget hit None, 0 unsettled)
[14:44:03]   job s05_c2 craft columns  15  levels 11  settles 21/22  end plan_done  wall 205.8 s
[14:44:06]     settle 19: 170 @   3190 d -> ok lintwin tank 891.7 (+26.6) miss 88 km (5.4 s)
[14:44:08] RESULT s05_c0: 16 columns; frontier 1fb 9 kg p2/2 | 2fb 41 kg p0/2; settles 18 (18 ok), regrids 16 (16 ok); wall 212 s of 420 (plan 114, price 1, settle 98; budget hit None, 0 unsettled)
[14:44:09]   job s05_c0 craft columns  16  levels 10  settles 18/18  end plan_done  wall 211.6 s
[14:44:09] [slice 5] propose: 125 columns (0 bad dropped) in 212.4 s
[14:44:09] [slice 5] auction: 125 columns, kept 123, dropped {'ramp': 2}; lam 1.00 H_eff 540 d fuel budget 482 kg quota on
[14:44:09] [slice 5] auction: status optimal objective 34.333 vars 123 rows 60 chosen 8 fuel 479/482 kg (0.009 s)
[14:44:11] [slice 5] claims: c0:2 c1:2 c2:1 c3:2 c4:3 c6:2 c7:1  (13 targets: 1 kept, 12 new; 5 released, 0 expired (ttl 4), 0 conflicts)
[14:44:11] [slice 5] fuel dual: lam 1.000 -> 1.500 (chosen 479 / budget 482 kg, ramp drops 2 of 125)
[14:44:11] [slice 5 T=2700 d] launched 8/8  covered 158  remaining 140  fuel 2011 kg  sumJi 9.7019  chosen: c0:2(+41) c1:3(+61) c2:3(+49) c3:4(+143) c4:2(+43) c5:3(+45) c6:3(+66) c7:3(+32)  rejected: -  (wall 214 s)
[14:44:11] [slice 6] claims in force: c0:2 c1:2 c2:1 c3:2 c4:3 c6:2 c7:1  (13 targets; claim_bonus 1.0, ttl 4)
[14:44:11]   c0: claims: 2 own (prized +1.0), 11 claimed by others withheld
[14:44:11]   c1: claims: 2 own (prized +1.0), 11 claimed by others withheld
[14:44:11]   c2: claims: 1 own (prized +1.0), 12 claimed by others withheld
[14:44:11]   c3: claims: 2 own (prized +1.0), 11 claimed by others withheld
[14:44:11]   c4: claims: 3 own (prized +1.0), 10 claimed by others withheld
[14:44:11]   c5: claims: 0 own (prized +1.0), 13 claimed by others withheld
[14:44:11]   c6: claims: 2 own (prized +1.0), 11 claimed by others withheld
[14:44:11]   c7: claims: 1 own (prized +1.0), 12 claimed by others withheld
[14:44:11] [slice 6 T=3240 d] propose: 8 jobs (8 craft, 0 root) on 9 workers, proposer planbeam, H_eff 540 d, lam 1.5
[14:44:11] job s06_c2 (craft, craft 2, planbeam): T 3240 d H 540 L 360; plan horizon 4860 d; remaining 128; prize >1 on 96; width 300 npt 6 mc 150 dv 1.6 drmax 0.2 plan_wall 300 s; quota {'fil': 4, 'med': 13}
[14:44:11] job s06_c3 (craft, craft 3, planbeam): T 3240 d H 540 L 360; plan horizon 4860 d; remaining 129; prize >1 on 97; width 300 npt 6 mc 150 dv 1.6 drmax 0.2 plan_wall 300 s; quota {'fil': 3, 'med': 11}
[14:44:11] job s06_c0 (craft, craft 0, planbeam): T 3240 d H 540 L 360; plan horizon 4860 d; remaining 129; prize >1 on 97; width 300 npt 6 mc 150 dv 1.6 drmax 0.2 plan_wall 300 s; quota {'fil': 3, 'med': 16}
[14:44:11] job s06_c1 (craft, craft 1, planbeam): T 3240 d H 540 L 360; plan horizon 4860 d; remaining 129; prize >1 on 97; width 300 npt 6 mc 150 dv 1.6 drmax 0.2 plan_wall 300 s; quota {'fil': 4, 'med': 13}
[14:44:11] job s06_c4 (craft, craft 4, planbeam): T 3240 d H 540 L 360; plan horizon 4860 d; remaining 130; prize >1 on 98; width 300 npt 6 mc 150 dv 1.6 drmax 0.2 plan_wall 300 s; quota {'fil': 4, 'med': 12}
[14:44:11] job s06_c5 (craft, craft 5, planbeam): T 3240 d H 540 L 360; plan horizon 4860 d; remaining 127; prize >1 on 95; width 300 npt 6 mc 150 dv 1.6 drmax 0.2 plan_wall 300 s; quota {'fil': 6, 'med': 13}
[14:44:11] job s06_c6 (craft, craft 6, planbeam): T 3240 d H 540 L 360; plan horizon 4860 d; remaining 129; prize >1 on 97; width 300 npt 6 mc 150 dv 1.6 drmax 0.2 plan_wall 300 s; quota {'fil': 6, 'med': 9}
[14:44:11] job s06_c7 (craft, craft 7, planbeam): T 3240 d H 540 L 360; plan horizon 4860 d; remaining 128; prize >1 on 96; width 300 npt 6 mc 150 dv 1.6 drmax 0.2 plan_wall 300 s; quota {'fil': 7, 'med': 10}
[14:44:11] prefix slices/s06/in/craft_7.npz: 18 flybys, t_end 3104.8 d, tank 790.2 kg (planner view), miss 19.0 km, nreg 145
[14:44:11] budget: job_wall 420 s, 420 s left before the plan -> plan cap 300 s (plan_wall 300, settle_reserve 90)
[14:44:11] prefix slices/s06/in/craft_1.npz: 20 flybys, t_end 3037.8 d, tank 809.6 kg (planner view), miss 0.3 km, nreg 151
[14:44:11] budget: job_wall 420 s, 420 s left before the plan -> plan cap 300 s (plan_wall 300, settle_reserve 90)
[14:44:11] prefix slices/s06/in/craft_5.npz: 21 flybys, t_end 3224.0 d, tank 891.1 kg (planner view), miss 3.6 km, nreg 151
[14:44:11] budget: job_wall 420 s, 420 s left before the plan -> plan cap 300 s (plan_wall 300, settle_reserve 90)
[14:44:11] prefix slices/s06/in/craft_4.npz: 20 flybys, t_end 3212.8 d, tank 847.1 kg (planner view), miss 0.8 km, nreg 154
[14:44:11] budget: job_wall 420 s, 420 s left before the plan -> plan cap 300 s (plan_wall 300, settle_reserve 90)
[14:44:11] prefix slices/s06/in/craft_6.npz: 18 flybys, t_end 3230.5 d, tank 816.1 kg (planner view), miss 94.4 km, nreg 151
[14:44:11] prefix slices/s06/in/craft_2.npz: 20 flybys, t_end 3223.3 d, tank 842.5 kg (planner view), miss 2.7 km, nreg 160
[14:44:11] budget: job_wall 420 s, 420 s left before the plan -> plan cap 300 s (plan_wall 300, settle_reserve 90)
[14:44:11] budget: job_wall 420 s, 420 s left before the plan -> plan cap 300 s (plan_wall 300, settle_reserve 90)
[14:44:11] prefix slices/s06/in/craft_3.npz: 22 flybys, t_end 3180.9 d, tank 923.4 kg (planner view), miss 97.8 km, nreg 155
[14:44:11] budget: job_wall 420 s, 420 s left before the plan -> plan cap 300 s (plan_wall 300, settle_reserve 90)
[14:44:11] prefix slices/s06/in/craft_0.npz: 19 flybys, t_end 3137.2 d, tank 890.8 kg (planner view), miss 40.3 km, nreg 160
[14:44:11] budget: job_wall 420 s, 420 s left before the plan -> plan cap 300 s (plan_wall 300, settle_reserve 90)
[14:44:26] first level (both): 0 production + 45 relaxed (dv 2.5, 0.3 AU; 0.0 s) + 48 lintwin children -> 75 unique (15.5 s)
[14:44:26] plan start: prefix 18 flybys, t_end 3104.8 d, planner mass 1217.9 kg (dv 10.706 km/s); 75 first-level states
[14:44:27] first level (both): 0 production + 25 relaxed (dv 2.5, 0.3 AU; 0.1 s) + 21 lintwin children -> 33 unique (16.3 s)
[14:44:27] plan start: prefix 21 flybys, t_end 3224.0 d, planner mass 1080.0 kg (dv 15.418 km/s); 33 first-level states
[14:44:28] first level (both): 0 production + 24 relaxed (dv 2.5, 0.3 AU; 0.0 s) + 24 lintwin children -> 35 unique (16.9 s)
[14:44:28] plan start: prefix 18 flybys, t_end 3230.5 d, planner mass 1179.2 kg (dv 11.970 km/s); 35 first-level states
[14:44:28] first level (both): 0 production + 73 relaxed (dv 2.5, 0.3 AU; 0.1 s) + 38 lintwin children -> 64 unique (17.0 s)
[14:44:28] plan start: prefix 20 flybys, t_end 3212.8 d, planner mass 1136.1 kg (dv 13.433 km/s); 64 first-level states
[14:44:28] first level (both): 0 production + 21 relaxed (dv 2.5, 0.3 AU; 0.1 s) + 31 lintwin children -> 40 unique (17.4 s)
[14:44:28] plan start: prefix 20 flybys, t_end 3223.3 d, planner mass 1142.4 kg (dv 13.215 km/s); 40 first-level states
[14:44:29] first level (both): 0 production + 27 relaxed (dv 2.5, 0.3 AU; 0.1 s) + 45 lintwin children -> 67 unique (17.6 s)
[14:44:29] plan start: prefix 20 flybys, t_end 3037.8 d, planner mass 1188.7 kg (dv 11.655 km/s); 67 first-level states
[14:44:29] first level (both): 0 production + 26 relaxed (dv 2.5, 0.3 AU; 0.0 s) + 34 lintwin children -> 50 unique (17.9 s)
[14:44:29] plan start: prefix 22 flybys, t_end 3180.9 d, planner mass 1042.3 kg (dv 16.813 km/s); 50 first-level states
[14:44:29] first level (both): 0 production + 44 relaxed (dv 2.5, 0.3 AU; 0.1 s) + 42 lintwin children -> 59 unique (18.3 s)
[14:44:29] plan start: prefix 19 flybys, t_end 3137.2 d, planner mass 1080.4 kg (dv 15.403 km/s); 59 first-level states
[14:45:45] plan: 1740 states, depth 8 new flybys, end plan_done (94 s); deepest 8 new to 4752 d at planner fuel 698 kg
[14:45:45]   depth  1:   40 states (36 in H), t_end 3250-3898 d, fuel 464-542 kg
[14:45:45]   depth  2:  231 states (89 in H), t_end 3446-4318 d, fuel 476-588 kg
[14:45:45]   depth  3:  300 states (22 in H), t_end 3585-4644 d, fuel 493-618 kg
[14:45:45]   depth  4:  300 states (0 in H), t_end 3905-4859 d, fuel 543-643 kg
[14:45:45]   depth  5:  300 states (0 in H), t_end 4169-4858 d, fuel 566-678 kg
[14:45:45]   depth  6:  300 states (0 in H), t_end 4241-4859 d, fuel 609-709 kg
[14:45:45]   depth  7:  226 states (0 in H), t_end 4547-4859 d, fuel 626-738 kg
[14:45:45]   depth  8:   43 states (0 in H), t_end 4706-4860 d, fuel 698-765 kg
[14:45:45] candidates: 68 distinct committed target sets (n_new 1-3, potential 0-2)
[14:45:45] frontier: 16 candidates chosen (n fb / committed planner kg / continuation (lookahead) [full]; pot_mode lookahead, pot_cap None): 1fb/464kg/p1(1)[1], 1fb/469kg/p3(1)[3], 1fb/480kg/p1(1)[1], 1fb/487kg/p1(1)[1], 1fb/505kg/p3(1)[3], 1fb/506kg/p2(1)[2], 1fb/507kg/p2(1)[2], 1fb/519kg/p3(2)[3], 1fb/522kg/p2(2)[2], 1fb/540kg/p2(0)[2], 2fb/484kg/p0(0)[0], 2fb/486kg/p1(1)[1], 2fb/509kg/p2(1)[2], 3fb/502kg/p0(0)[0], 3fb/537kg/p0(0)[0], 3fb/545kg/p1(1)[1]
[14:45:45] budget: 326 s of 420 left for the settles + regrids (settle_wall 480)
[14:45:46] plan: 1781 states, depth 9 new flybys, end plan_done (95 s); deepest 9 new to 4800 d at planner fuel 721 kg
[14:45:46]   depth  1:   35 states (32 in H), t_end 3344-3922 d, fuel 426-505 kg
[14:45:46]   depth  2:  131 states (57 in H), t_end 3528-4385 d, fuel 439-551 kg
[14:45:46]   depth  3:  300 states (14 in H), t_end 3694-4760 d, fuel 473-592 kg
[14:45:46]   depth  4:  300 states (0 in H), t_end 3883-4821 d, fuel 520-625 kg
[14:45:46]   depth  5:  300 states (0 in H), t_end 4035-4858 d, fuel 544-664 kg
[14:45:46]   depth  6:  300 states (0 in H), t_end 4373-4860 d, fuel 567-687 kg
[14:45:46]   depth  7:  300 states (0 in H), t_end 4560-4822 d, fuel 605-714 kg
[14:45:46]   depth  8:  111 states (0 in H), t_end 4708-4842 d, fuel 666-743 kg
[14:45:46]   depth  9:    4 states (0 in H), t_end 4794-4804 d, fuel 721-749 kg
[14:45:46] candidates: 50 distinct committed target sets (n_new 1-3, potential 0-2)
[14:45:46] frontier: 16 candidates chosen (n fb / committed planner kg / continuation (lookahead) [full]; pot_mode lookahead, pot_cap None): 1fb/426kg/p0(0)[0], 1fb/443kg/p2(2)[2], 1fb/468kg/p2(1)[2], 1fb/474kg/p2(1)[2], 1fb/475kg/p4(2)[4], 1fb/477kg/p2(1)[2], 1fb/488kg/p3(1)[3], 1fb/500kg/p3(2)[3], 1fb/503kg/p3(2)[3], 1fb/505kg/p4(2)[4], 2fb/487kg/p1(1)[1], 2fb/490kg/p2(2)[2], 2fb/521kg/p3(2)[3], 3fb/540kg/p1(1)[1], 3fb/551kg/p0(0)[0], 3fb/553kg/p2(2)[2]
[14:45:46] budget: 325 s of 420 left for the settles + regrids (settle_wall 480)
[14:45:47]     settle 21: 292 @   3594 d -> ok lintwin tank 845.6 (+3.1) miss 70 km (2.1 s)
[14:45:48]     settle 19:  48 @   3703 d -> ok lintwin tank 820.7 (+4.6) miss 73 km (1.8 s)
[14:45:53] plan: 1872 states, depth 9 new flybys, end plan_done (102 s); deepest 9 new to 4816 d at planner fuel 720 kg
[14:45:53]   depth  1:   67 states (59 in H), t_end 3248-4150 d, fuel 413-499 kg
[14:45:53]   depth  2:  300 states (93 in H), t_end 3422-4710 d, fuel 440-545 kg
[14:45:53]   depth  3:  300 states (38 in H), t_end 3563-4704 d, fuel 472-586 kg
[14:45:53]   depth  4:  300 states (2 in H), t_end 3754-4819 d, fuel 499-616 kg
[14:45:53]   depth  5:  300 states (0 in H), t_end 4048-4858 d, fuel 520-652 kg
[14:45:53]   depth  6:  300 states (0 in H), t_end 4278-4860 d, fuel 585-691 kg
[14:45:53]   depth  7:  237 states (0 in H), t_end 4440-4860 d, fuel 609-724 kg
[14:45:53]   depth  8:   63 states (0 in H), t_end 4549-4858 d, fuel 647-724 kg
[14:45:53]   depth  9:    5 states (0 in H), t_end 4812-4856 d, fuel 720-736 kg
[14:45:53] candidates: 79 distinct committed target sets (n_new 1-4, potential 0-2)
[14:45:53] frontier: 16 candidates chosen (n fb / committed planner kg / continuation (lookahead) [full]; pot_mode lookahead, pot_cap None): 1fb/413kg/p1(1)[1], 1fb/421kg/p1(1)[1], 1fb/432kg/p2(2)[2], 1fb/445kg/p3(1)[3], 1fb/464kg/p4(1)[4], 1fb/477kg/p3(1)[3], 1fb/485kg/p3(1)[3], 1fb/493kg/p3(1)[3], 2fb/467kg/p2(2)[2], 2fb/468kg/p2(1)[2], 2fb/505kg/p3(1)[3], 3fb/502kg/p1(1)[1], 3fb/513kg/p0(0)[0], 3fb/523kg/p2(1)[2], 4fb/569kg/p1(1)[1], 4fb/602kg/p0(0)[0]
[14:45:53] budget: 318 s of 420 left for the settles + regrids (settle_wall 480)
[14:45:53]     settle 19: 121 @   3672 d -> ok lintwin tank 837.6 (+21.4) miss 78 km (4.8 s)
[14:45:53]     settle 21: 104 @   3510 d -> ok lintwin tank 810.2 (+0.6) miss 18 km (0.4 s)
[14:45:56]     settle 21: 242 @   3530 d -> ok lintwin tank 814.3 (+4.6) miss 71 km (2.1 s)
[14:45:56] plan: 1871 states, depth 9 new flybys, end plan_done (105 s); deepest 9 new to 4840 d at planner fuel 825 kg
[14:45:56]   depth  1:   50 states (43 in H), t_end 3257-3860 d, fuel 565-634 kg
[14:45:56]   depth  2:  179 states (42 in H), t_end 3412-4364 d, fuel 581-675 kg
[14:45:56]   depth  3:  300 states (13 in H), t_end 3542-4729 d, fuel 604-707 kg
[14:45:56]   depth  4:  300 states (0 in H), t_end 3794-4791 d, fuel 633-736 kg
[14:45:56]   depth  5:  300 states (0 in H), t_end 4041-4835 d, fuel 656-757 kg
[14:45:56]   depth  6:  300 states (0 in H), t_end 4277-4858 d, fuel 690-790 kg
[14:45:56]   depth  7:  300 states (0 in H), t_end 4487-4860 d, fuel 710-822 kg
[14:45:56]   depth  8:  129 states (0 in H), t_end 4677-4860 d, fuel 741-848 kg
[14:45:56]   depth  9:   13 states (0 in H), t_end 4831-4860 d, fuel 825-878 kg
[14:45:56] candidates: 49 distinct committed target sets (n_new 1-3, potential 0-3)
[14:45:56] frontier: 16 candidates chosen (n fb / committed planner kg / continuation (lookahead) [full]; pot_mode lookahead, pot_cap None): 1fb/565kg/p3(3)[3], 1fb/578kg/p3(2)[3], 1fb/597kg/p3(2)[3], 1fb/602kg/p2(2)[2], 1fb/602kg/p2(1)[2], 1fb/602kg/p4(2)[4], 1fb/604kg/p3(2)[3], 1fb/618kg/p3(3)[3], 1fb/620kg/p3(3)[3], 1fb/621kg/p3(2)[3], 2fb/593kg/p2(2)[2], 2fb/594kg/p2(2)[2], 2fb/628kg/p3(2)[3], 3fb/626kg/p0(0)[0], 3fb/636kg/p2(2)[2], 3fb/650kg/p1(1)[1]
[14:45:56] budget: 315 s of 420 left for the settles + regrids (settle_wall 480)
[14:45:57]     settle 21:  79 @   3250 d -> ok lam tank 903.2 (+60.7) miss 1 km (9.4 s)
[14:45:58]     settle 19: 277 @   3522 d -> ok lintwin tank 872.8 (+56.6) miss 66 km (4.5 s)
[14:45:59] plan: 2025 states, depth 10 new flybys, end plan_done (108 s); deepest 10 new to 4858 d at planner fuel 772 kg
[14:45:59]   depth  1:   64 states (60 in H), t_end 3294-3877 d, fuel 468-544 kg
[14:45:59]   depth  2:  300 states (132 in H), t_end 3410-4394 d, fuel 475-585 kg
[14:45:59]   depth  3:  300 states (82 in H), t_end 3473-4573 d, fuel 490-607 kg
[14:45:59]   depth  4:  300 states (25 in H), t_end 3638-4650 d, fuel 508-629 kg
[14:45:59]   depth  5:  300 states (0 in H), t_end 3978-4819 d, fuel 542-656 kg
[14:45:59]   depth  6:  300 states (0 in H), t_end 4257-4822 d, fuel 600-691 kg
[14:45:59]   depth  7:  300 states (0 in H), t_end 4393-4858 d, fuel 626-732 kg
[14:45:59]   depth  8:  148 states (0 in H), t_end 4596-4858 d, fuel 651-766 kg
[14:45:59]   depth  9:   12 states (0 in H), t_end 4768-4858 d, fuel 707-767 kg
[14:45:59]   depth 10:    1 states (0 in H), t_end 4858-4858 d, fuel 772-772 kg
[14:45:59] candidates: 147 distinct committed target sets (n_new 1-4, potential 0-2)
[14:45:59] frontier: 16 candidates chosen (n fb / committed planner kg / continuation (lookahead) [full]; pot_mode lookahead, pot_cap None): 1fb/468kg/p1(0)[1], 1fb/470kg/p4(1)[4], 1fb/470kg/p2(2)[2], 1fb/472kg/p4(2)[4], 1fb/479kg/p3(1)[3], 1fb/479kg/p2(0)[2], 1fb/515kg/p2(1)[2], 2fb/475kg/p1(0)[1], 2fb/477kg/p1(0)[1], 2fb/486kg/p3(1)[3], 3fb/510kg/p0(0)[0], 3fb/516kg/p0(0)[0], 3fb/521kg/p2(1)[2], 4fb/540kg/p0(0)[0], 4fb/542kg/p0(0)[0], 4fb/564kg/p1(1)[1]
[14:45:59] budget: 312 s of 420 left for the settles + regrids (settle_wall 480)
[14:45:59]     settle 21:  52 @   3502 d -> ok lintwin tank 850.2 (+3.0) miss 21 km (0.4 s)
[14:46:00]     settle 23: 101 @   3571 d -> ok lintwin tank 932.3 (+8.9) miss 74 km (3.5 s)
[14:46:00]     settle 21:  33 @   3551 d -> ok lintwin tank 821.3 (+11.7) miss 60 km (3.3 s)
[14:46:00]     settle 21: 163 @   3361 d -> ok lintwin tank 852.1 (+4.9) miss 9 km (0.5 s)
[14:46:01]     settle 21: 123 @   3475 d -> ok lintwin tank 851.9 (+4.8) miss 19 km (0.6 s)
[14:46:02]     settle 21: 208 @   3554 d -> ok lintwin tank 854.6 (+12.2) miss 65 km (3.7 s)
[14:46:03]     settle 21:  43 @   3343 d -> ok lintwin tank 826.2 (+16.6) miss 74 km (2.6 s)
[14:46:03]     settle 21: 291 @   3408 d -> ok lintwin tank 851.9 (+4.8) miss 64 km (1.2 s)
[14:46:03] plan: 2044 states, depth 10 new flybys, end plan_done (112 s); deepest 10 new to 4796 d at planner fuel 828 kg
[14:46:03]   depth  1:   33 states (26 in H), t_end 3377-3909 d, fuel 539-599 kg
[14:46:03]   depth  2:  150 states (33 in H), t_end 3517-4418 d, fuel 552-639 kg
[14:46:03]   depth  3:  300 states (4 in H), t_end 3723-4843 d, fuel 560-682 kg
[14:46:03]   depth  4:  300 states (0 in H), t_end 3962-4848 d, fuel 599-701 kg
[14:46:03]   depth  5:  300 states (0 in H), t_end 4156-4857 d, fuel 618-737 kg
[14:46:03]   depth  6:  300 states (0 in H), t_end 4263-4860 d, fuel 658-768 kg
[14:46:03]   depth  7:  300 states (0 in H), t_end 4338-4859 d, fuel 686-795 kg
[14:46:03]   depth  8:  239 states (0 in H), t_end 4521-4860 d, fuel 727-824 kg
[14:46:03]   depth  9:  111 states (0 in H), t_end 4660-4860 d, fuel 776-850 kg
[14:46:03]   depth 10:   11 states (0 in H), t_end 4764-4859 d, fuel 828-878 kg
[14:46:04] candidates: 32 distinct committed target sets (n_new 1-3, potential 0-2)
[14:46:04] frontier: 16 candidates chosen (n fb / committed planner kg / continuation (lookahead) [full]; pot_mode lookahead, pot_cap None): 1fb/539kg/p2(1)[2], 1fb/544kg/p3(2)[3], 1fb/550kg/p2(2)[2], 1fb/555kg/p3(2)[3], 1fb/563kg/p2(1)[2], 1fb/566kg/p2(2)[2], 1fb/573kg/p2(2)[2], 1fb/575kg/p3(2)[3], 1fb/582kg/p2(1)[2], 1fb/587kg/p3(2)[3], 2fb/554kg/p1(1)[1], 2fb/567kg/p2(2)[2], 2fb/568kg/p0(0)[0], 3fb/602kg/p0(0)[0], 3fb/644kg/p1(1)[1], 3fb/650kg/p0(0)[0]
[14:46:04] budget: 307 s of 420 left for the settles + regrids (settle_wall 480)
[14:46:04]     settle 19: 219 @   3487 d -> ok lintwin tank 853.2 (+37.1) miss 3 km (5.2 s)
[14:46:05]     settle 21: 197 @   3366 d -> ok lintwin tank 857.7 (+10.6) miss 38 km (1.3 s)
[14:46:05]     settle 23: 197 @   3311 d -> ok lintwin tank 939.8 (+16.4) miss 0 km (5.0 s)
[14:46:05]     settle 21: 164 @   3248 d -> ok lintwin tank 845.8 (+36.2) miss 83 km (2.1 s)
[14:46:06]     settle 21: 124 @   3294 d -> ok lintwin tank 858.8 (+11.7) miss 56 km (0.8 s)
[14:46:08]     settle 21: 105 @   3621 d -> ok lintwin tank 897.0 (+54.6) miss 38 km (5.7 s)
[14:46:08]     settle 22: 168 @   3531 d -> ok lintwin tank 907.9 (+16.8) miss 68 km (4.8 s)
[14:46:09]     settle 19:  21 @   3481 d -> ok lintwin tank 834.7 (+18.6) miss 64 km (4.8 s)
[14:46:10]     settle 21:  22 @   3506 d -> ok lintwin tank 900.7 (+53.6) miss 69 km (3.0 s)
[14:46:11]     settle 23:  46 @   3601 d -> ok lintwin tank 936.3 (+12.9) miss 11 km (4.9 s)
[14:46:12]     settle 21:  91 @   3512 d -> ok lintwin tank 818.3 (+8.7) miss 77 km (3.6 s)
[14:46:12]     settle 22: 284 @   3463 d -> ok lintwin tank 912.8 (+21.7) miss 65 km (3.4 s)
[14:46:12]     settle 22: 185 @   3507 d -> ok lintwin tank 854.2 (+2.1) miss 65 km (2.1 s)
[14:46:13]     settle 19: 213 @   3560 d -> ok lintwin tank 924.6 (+108.4) miss 72 km (3.1 s)
[14:46:13]     settle 21: 156 @   3365 d -> ok lintwin tank 869.4 (+59.8) miss 32 km (1.1 s)
[14:46:14] plan: 2289 states, depth 11 new flybys, end plan_done (123 s); deepest 11 new to 4818 d at planner fuel 805 kg
[14:46:14]   depth  1:   59 states (53 in H), t_end 3256-3886 d, fuel 522-599 kg
[14:46:14]   depth  2:  300 states (68 in H), t_end 3464-4403 d, fuel 535-638 kg
[14:46:14]   depth  3:  300 states (19 in H), t_end 3671-4747 d, fuel 579-672 kg
[14:46:14]   depth  4:  300 states (0 in H), t_end 3846-4837 d, fuel 583-707 kg
[14:46:14]   depth  5:  300 states (0 in H), t_end 4031-4856 d, fuel 611-729 kg
[14:46:14]   depth  6:  300 states (0 in H), t_end 4153-4859 d, fuel 639-753 kg
[14:46:14]   depth  7:  300 states (0 in H), t_end 4281-4860 d, fuel 660-765 kg
[14:46:14]   depth  8:  274 states (0 in H), t_end 4403-4860 d, fuel 689-789 kg
[14:46:14]   depth  9:  126 states (0 in H), t_end 4509-4859 d, fuel 729-814 kg
[14:46:14]   depth 10:   29 states (0 in H), t_end 4729-4855 d, fuel 761-822 kg
[14:46:14]   depth 11:    1 states (0 in H), t_end 4818-4818 d, fuel 805-805 kg
[14:46:14] candidates: 82 distinct committed target sets (n_new 1-3, potential 0-3)
[14:46:14] frontier: 16 candidates chosen (n fb / committed planner kg / continuation (lookahead) [full]; pot_mode lookahead, pot_cap None): 1fb/522kg/p1(1)[1], 1fb/528kg/p1(1)[1], 1fb/540kg/p4(2)[4], 1fb/542kg/p2(2)[2], 1fb/553kg/p2(2)[2], 1fb/554kg/p2(0)[2], 1fb/567kg/p2(2)[2], 1fb/570kg/p3(1)[3], 1fb/584kg/p3(2)[3], 1fb/586kg/p3(3)[3], 2fb/553kg/p1(1)[1], 2fb/560kg/p0(0)[0], 2fb/576kg/p3(2)[3], 3fb/593kg/p2(2)[2], 3fb/612kg/p0(0)[0], 3fb/615kg/p0(0)[0]
[14:46:14] budget: 297 s of 420 left for the settles + regrids (settle_wall 480)
[14:46:16]     settle 23:  52 @   3511 d -> ok lintwin tank 999.2 (+75.8) miss 60 km (4.3 s)
[14:46:17]     settle 19: 265 @   3446 d -> ok lintwin tank 854.8 (+38.6) miss 65 km (3.5 s)
[14:46:17]     settle 21:  84 @   3266 d -> ok lintwin tank 858.2 (+48.6) miss 73 km (3.2 s)
[14:46:17]   drift: leg 84@3266 d settled outside (T, T+H] -> column cut at 0
[14:46:17]     settle 22:  48 @   3706 d -> ok lintwin tank 899.8 (+8.7) miss 71 km (4.5 s)
[14:46:18]     settle 22: 185 @   3507 d -> ok lintwin tank 852.3 (+0.4) miss 53 km (5.2 s)
[14:46:20]     settle 22: 254 @   3737 d -> ok lintwin tank 836.2 (+10.0) miss 27 km (2.7 s)
[14:46:20]     settle 22: 291 @   3410 d -> ok lintwin tank 854.8 (+2.7) miss 57 km (1.9 s)
[14:46:21]     settle 20:  74 @   3494 d -> ok lintwin tank 892.6 (+1.9) miss 2 km (6.9 s)
[14:46:21]     settle 22:  46 @   3594 d -> ok lintwin tank 842.4 (+16.1) miss 23 km (0.7 s)
[14:46:23]     settle 23: 148 @   3438 d -> ok lintwin tank 951.8 (+28.4) miss 87 km (6.1 s)
[14:46:23]     settle 22: 219 @   3488 d -> ok lintwin tank 916.0 (+24.8) miss 69 km (5.2 s)
[14:46:23]     settle 19:  90 @   3344 d -> ok lintwin tank 925.3 (+109.1) miss 66 km (5.7 s)
[14:46:25]     settle 22:  74 @   3488 d -> ok lam tank 859.5 (+7.6) miss 77 km (4.4 s)
[14:46:26]     settle 19:  34 @   3535 d -> ok lintwin tank 840.7 (+24.6) miss 69 km (2.3 s)
[14:46:27]     settle 22:  91 @   3488 d -> ok lintwin tank 856.6 (+10.8) miss 76 km (4.2 s)
[14:46:28]     settle 22: 105 @   3460 d -> ok lintwin tank 917.3 (+26.2) miss 67 km (4.0 s)
[14:46:28]     settle 23: 169 @   3261 d -> ok lintwin tank 967.3 (+43.9) miss 77 km (4.8 s)
[14:46:28]     settle 19: 274 @   3380 d -> ok lintwin tank 830.5 (+14.4) miss 74 km (1.7 s)
[14:46:28]     settle 20: 185 @   3507 d -> ok lintwin tank 894.1 (+3.4) miss 3 km (7.0 s)
[14:46:30]     settle 23: 218 @   3683 d -> ok lintwin tank 871.8 (+12.3) miss 73 km (4.0 s)
[14:46:30] plan: 2765 states, depth 11 new flybys, end plan_done (139 s); deepest 11 new to 4810 d at planner fuel 727 kg
[14:46:30]   depth  1:   75 states (67 in H), t_end 3269-3862 d, fuel 392-471 kg
[14:46:30]   depth  2:  300 states (153 in H), t_end 3400-4380 d, fuel 410-517 kg
[14:46:30]   depth  3:  300 states (38 in H), t_end 3641-4763 d, fuel 418-560 kg
[14:46:30]   depth  4:  300 states (3 in H), t_end 3764-4829 d, fuel 438-597 kg
[14:46:30]   depth  5:  300 states (0 in H), t_end 3836-4856 d, fuel 460-629 kg
[14:46:30]   depth  6:  300 states (0 in H), t_end 4000-4819 d, fuel 467-670 kg
[14:46:30]   depth  7:  300 states (0 in H), t_end 4155-4860 d, fuel 501-697 kg
[14:46:30]   depth  8:  300 states (0 in H), t_end 4280-4860 d, fuel 651-727 kg
[14:46:30]   depth  9:  300 states (0 in H), t_end 4345-4855 d, fuel 664-757 kg
[14:46:30]   depth 10:  229 states (0 in H), t_end 4475-4860 d, fuel 691-775 kg
[14:46:30]   depth 11:   61 states (0 in H), t_end 4684-4860 d, fuel 727-793 kg
[14:46:30] candidates: 123 distinct committed target sets (n_new 1-4, potential 0-2)
[14:46:30] frontier: 16 candidates chosen (n fb / committed planner kg / continuation (lookahead) [full]; pot_mode lookahead, pot_cap None): 1fb/392kg/p3(2)[3], 1fb/399kg/p1(0)[1], 1fb/406kg/p2(0)[2], 1fb/407kg/p2(1)[2], 1fb/408kg/p2(1)[2], 1fb/416kg/p2(0)[2], 1fb/416kg/p2(0)[2], 1fb/466kg/p5(2)[5], 2fb/416kg/p2(2)[2], 2fb/418kg/p1(1)[1], 2fb/432kg/p2(2)[2], 2fb/516kg/p4(2)[4], 3fb/454kg/p0(0)[0], 3fb/455kg/p0(0)[0], 3fb/530kg/p3(2)[3], 4fb/555kg/p2(2)[2]
[14:46:30] budget: 281 s of 420 left for the settles + regrids (settle_wall 480)
[14:46:31]     settle 19: 274 @   3386 d -> ok lintwin tank 830.5 (+14.4) miss 71 km (1.7 s)
[14:46:31]     settle 22:  46 @   3598 d -> ok lintwin tank 841.0 (+14.8) miss 82 km (2.9 s)
[14:46:31]     settle 23:  50 @   3768 d -> ok lintwin tank 859.0 (+18.0) miss 7 km (0.5 s)
[14:46:32]     settle 22: 247 @   3484 d -> ok lin tank 876.1 (+17.3) miss 48 km (1.7 s)
[14:46:32]     settle 21:  72 @   3332 d -> FAIL [('lam', 16153048.9)] (23.7 s)
[14:46:33]     settle 19: 246 @   3408 d -> ok lintwin tank 796.5 (+6.3) miss 60 km (2.3 s)
[14:46:33]     settle 20: 121 @   3666 d -> ok lintwin tank 853.9 (+23.4) miss 68 km (2.3 s)
[14:46:34]     settle 22: 193 @   3637 d -> ok lintwin tank 989.7 (+98.5) miss 60 km (5.8 s)
[14:46:34]     settle 23: 263 @   3432 d -> ok lintwin tank 965.0 (+41.6) miss 0 km (5.4 s)
[14:46:35]     settle 21: 219 @   3485 d -> ok lintwin tank 880.9 (+38.4) miss 64 km (2.8 s)
[14:46:36]     settle 19:  21 @   3474 d -> ok lintwin tank 836.6 (+20.4) miss 69 km (2.1 s)
[14:46:36]     settle 19: 229 @   3407 d -> ok lintwin tank 799.0 (+8.8) miss 62 km (3.1 s)
[14:46:37]     settle 20: 287 @   3412 d -> ok lintwin tank 902.0 (+11.2) miss 1 km (6.2 s)
[14:46:38]     settle 21: 284 @   3358 d -> ok lintwin tank 906.5 (+64.0) miss 55 km (2.4 s)
[14:46:39]     settle 23: 121 @   3689 d -> ok lintwin tank 878.8 (+2.7) miss 75 km (6.7 s)
[14:46:39]     settle 22:  33 @   3558 d -> ok lintwin tank 859.1 (+13.3) miss 74 km (6.7 s)
[14:46:39]     settle 20:  48 @   3703 d -> ok lintwin tank 852.0 (+15.5) miss 70 km (2.9 s)
[14:46:39]     settle 19: 213 @   3415 d -> ok lintwin tank 799.2 (+9.0) miss 68 km (2.7 s)
[14:46:40]     settle 23: 173 @   3683 d -> ok lintwin tank 870.8 (+11.7) miss 66 km (1.3 s)
[14:46:40]     settle 23: 218 @   3689 d -> ok lintwin tank 967.9 (+44.5) miss 1 km (5.4 s)
[14:46:41]     settle 22: 146 @   3663 d -> ok lintwin tank 933.8 (+42.7) miss 0 km (6.5 s)
[14:46:41]     settle 20:  34 @   3554 d -> ok lintwin tank 847.8 (+13.1) miss 56 km (1.9 s)
[14:46:42]     settle 21:  14 @   3554 d -> ok lintwin tank 852.0 (+9.5) miss 24 km (3.8 s)
[14:46:43]     settle 19: 115 @   3410 d -> ok lintwin tank 805.2 (+14.9) miss 66 km (3.2 s)
[14:46:44]     settle 23: 185 @   3504 d -> ok lintwin tank 858.2 (+3.4) miss 0 km (4.8 s)
[14:46:45]     settle 23: 173 @   3573 d -> ok lintwin tank 868.6 (+12.0) miss 75 km (3.9 s)
[14:46:45]     settle 20:  34 @   3558 d -> ok lintwin tank 862.6 (+7.8) miss 30 km (3.3 s)
[14:46:46]     settle 20: 247 @   3507 d -> ok lintwin tank 904.0 (+13.3) miss 1 km (6.9 s)
[14:46:46]     settle 22: 171 @   3491 d -> ok lintwin tank 926.3 (+35.2) miss 67 km (4.2 s)
[14:46:46]     settle 23: 254 @   3679 d -> ok lintwin tank 970.4 (+47.0) miss 72 km (5.3 s)
[14:46:46]     settle 19:  33 @   3541 d -> ok lintwin tank 799.5 (+9.2) miss 72 km (2.5 s)
[14:46:47]     settle 21:  48 @   3705 d -> ok lintwin tank 890.0 (+27.4) miss 60 km (1.6 s)
[14:46:47]     settle 21: 275 @   3575 d -> ok lam tank 889.4 (+46.9) miss 1 km (4.0 s)
[14:46:50]     settle 24: 282 @   3754 d -> ok lintwin tank 902.9 (+34.3) miss 73 km (4.6 s)
[14:46:51]     settle 19: 104 @   3500 d -> ok lintwin tank 809.6 (+19.3) miss 72 km (4.7 s)
[14:46:52]     settle 19: 171 @   3465 d -> ok lintwin tank 853.0 (+36.9) miss 76 km (4.4 s)
[14:46:52]     settle 23: 244 @   3591 d -> ok lintwin tank 937.1 (+13.7) miss 83 km (5.3 s)
[14:46:52]     settle 22: 265 @   3421 d -> ok lintwin tank 932.2 (+41.1) miss 57 km (5.6 s)
[14:46:53]     settle 21:  54 @   3354 d -> ok lintwin tank 951.6 (+109.2) miss 63 km (5.4 s)
[14:46:53]     settle 20: 236 @   3533 d -> ok lintwin tank 896.4 (+5.6) miss 2 km (7.0 s)
[14:46:53]     settle 23: 185 @   3508 d -> ok lintwin tank 858.2 (+3.4) miss 0 km (4.8 s)
[14:46:53]     settle 21:  84 @   3369 d -> ok lintwin tank 871.0 (+61.4) miss 62 km (3.0 s)
[14:46:54]     settle 20:  27 @   3625 d -> ok lintwin tank 858.7 (+5.7) miss 75 km (1.8 s)
[14:46:54]     settle 19: 156 @   3383 d -> ok lintwin tank 805.9 (+15.6) miss 61 km (2.5 s)
[14:46:57]     settle 21:   2 @   3703 d -> ok lintwin tank 860.1 (+1.4) miss 68 km (2.8 s)
[14:46:57]     settle 19:  24 @   3280 d -> ok lintwin tank 816.1 (+25.9) miss 67 km (2.6 s)
[14:46:57]     settle 22: 284 @   3462 d -> ok lintwin tank 882.7 (+11.6) miss 73 km (3.8 s)
[14:46:57]     settle 23: 197 @   3306 d -> ok lintwin tank 941.3 (+17.9) miss 59 km (5.0 s)
[14:46:58]     settle 22: 156 @   3377 d -> ok lintwin tank 952.0 (+60.9) miss 71 km (5.1 s)
[14:46:59]     settle 24: 254 @   3685 d -> ok lintwin tank 886.2 (+28.0) miss 2 km (5.5 s)
[14:46:59]     settle 21: 292 @   3728 d -> ok lintwin tank 875.1 (+27.3) miss 60 km (2.3 s)
[14:47:00]     settle 19: 246 @   3405 d -> ok lintwin tank 796.5 (+6.3) miss 60 km (2.4 s)
[14:47:00] RESULT s06_c6: 16 columns; frontier 1fb 4 kg p0/2 | 2fb 31 kg p2/2 | 3fb 44 kg p0/2; settles 21 (21 ok), regrids 16 (16 ok); wall 169 s of 420 (plan 95, price 1, settle 75; budget hit None, 0 unsettled)
[14:47:01]     settle 20:  45 @   3377 d -> ok lintwin tank 904.8 (+14.0) miss 3 km (6.6 s)
[14:47:01]   job s06_c6 craft columns  16  levels 9  settles 21/21  end plan_done  wall 169.5 s
[14:47:03]     settle 23: 292 @   3629 d -> ok lintwin tank 918.3 (+5.4) miss 58 km (4.5 s)
[14:47:03]     settle 24:  46 @   3616 d -> ok lintwin tank 938.5 (+-2.8) miss 0 km (5.1 s)
[14:47:03]     settle 23: 269 @   3589 d -> ok lintwin tank 887.7 (+5.0) miss 92 km (5.4 s)
[14:47:03]     settle 22: 292 @   3594 d -> FAIL [('lam', 45178784.1)] (9.3 s)
[14:47:03]     settle 20: 173 @   3676 d -> ok lintwin tank 815.4 (+18.9) miss 82 km (3.0 s)
[14:47:04]     settle 21:  14 @   3466 d -> ok lintwin tank 851.6 (+9.1) miss 23 km (0.8 s)
[14:47:04]     settle 23:  74 @   3489 d -> ok lintwin tank 866.6 (+11.8) miss 0 km (4.7 s)
[14:47:05]     settle 20: 173 @   3673 d -> ok lintwin tank 806.1 (+6.6) miss 76 km (1.4 s)
[14:47:06]     settle 23: 168 @   3531 d -> ok lintwin tank 910.1 (+-2.8) miss 61 km (2.9 s)
[14:47:07]     settle 20:  48 @   3677 d -> ok lintwin tank 913.1 (+22.3) miss 61 km (5.0 s)
[14:47:07]     settle 20:  27 @   3618 d -> ok lintwin tank 811.8 (+15.3) miss 75 km (1.6 s)
[14:47:07]     settle 24: 218 @   3683 d -> ok lintwin tank 881.4 (+14.8) miss 66 km (3.2 s)
[14:47:08]     settle 22: 256 @   3761 d -> ok lintwin tank 863.5 (+11.9) miss 38 km (3.9 s)
[14:47:08]     settle 23: 197 @   3301 d -> ok lintwin tank 939.8 (+16.5) miss 59 km (4.2 s)
[14:47:08]     settle 22:  14 @   3460 d -> FAIL [] (0.0 s)
[14:47:08]     settle 22:  14 @   3465 d -> FAIL [] (0.0 s)
[14:47:08]   6 candidates dropped (settle failure / regrid failure / duplicate after truncation)
[14:47:08] RESULT s06_c2: 10 columns; frontier 1fb 3 kg p1/2 | 2fb 21 kg p1/1; settles 16 (11 ok), regrids 10 (10 ok); wall 177 s of 420 (plan 94, price 1, settle 83; budget hit None, 0 unsettled)
[14:47:09]     settle 24:   2 @   3769 d -> ok lintwin tank 903.5 (+15.8) miss 48 km (6.0 s)
[14:47:09]   job s06_c2 craft columns  10  levels 8  settles 11/16  end plan_done  wall 177.5 s
[14:47:09]   1 candidates dropped (settle failure / regrid failure / duplicate after truncation)
[14:47:09] RESULT s06_c1: 15 columns; frontier 1fb 0 kg p1/2 | 2fb 26 kg p2/2 | 3fb 49 kg p1/1 | 4fb 93 kg p1/1; settles 21 (21 ok), regrids 15 (15 ok); wall 179 s of 420 (plan 102, price 1, settle 77; budget hit None, 0 unsettled)
[14:47:10]     settle 20: 246 @   3421 d -> ok lintwin tank 832.2 (+16.1) miss 79 km (2.2 s)
[14:47:11]     settle 23: 146 @   3749 d -> ok lintwin tank 915.6 (+7.6) miss 58 km (3.9 s)
[14:47:11]     settle 24: 122 @   3703 d -> ok lintwin tank 895.3 (+37.1) miss 76 km (2.8 s)
[14:47:11]   job s06_c1 craft columns  15  levels 9  settles 21/21  end plan_done  wall 178.5 s
[14:47:11] RESULT s06_c4: 16 columns; frontier 1fb 3 kg p0/2 | 2fb 5 kg p0/1 | 3fb 9 kg p1/1 | 4fb 34 kg p0/1; settles 20 (20 ok), regrids 16 (16 ok); wall 180 s of 420 (plan 108, price 1, settle 73; budget hit None, 0 unsettled)
[14:47:11]     settle 24: 244 @   3611 d -> ok lam tank 938.2 (+-1.7) miss 2 km (3.4 s)
[14:47:12]     settle 20: 197 @   3367 d -> ok lintwin tank 929.2 (+38.4) miss 2 km (4.9 s)
[14:47:12]     settle 20: 147 @   3563 d -> ok lintwin tank 824.9 (+19.0) miss 64 km (2.1 s)
[14:47:13]   job s06_c4 craft columns  16  levels 10  settles 20/20  end plan_done  wall 180.5 s
[14:47:14]     settle 21: 275 @   3719 d -> ok lintwin tank 828.9 (+4.0) miss 61 km (1.7 s)
[14:47:16]     settle 24: 146 @   3746 d -> ok lintwin tank 930.3 (+20.2) miss 71 km (4.7 s)
[14:47:16]     settle 24: 263 @   3426 d -> ok lintwin tank 990.2 (+22.9) miss 78 km (4.2 s)
[14:47:17]     settle 20: 147 @   3564 d -> ok lintwin tank 813.9 (+14.7) miss 72 km (2.4 s)
[14:47:18]     settle 20: 119 @   3415 d -> ok lintwin tank 954.1 (+63.3) miss 62 km (4.9 s)
[14:47:18]     settle 21: 275 @   3720 d -> ok lintwin tank 824.2 (+10.3) miss 64 km (1.3 s)
[14:47:22]     settle 21: 154 @   3651 d -> ok lintwin tank 848.0 (+15.8) miss 62 km (2.7 s)
[14:47:22]     settle 23:  26 @   3517 d -> ok lintwin tank 1115.0 (+162.9) miss 33 km (6.0 s)
[14:47:23]     settle 24: 101 @   3566 d -> ok lintwin tank 945.0 (+3.7) miss 67 km (6.0 s)
[14:47:25]     settle 24: 275 @   3723 d -> ok lintwin tank 1700.5 (+585.5) miss 0 km (2.5 s)
[14:47:25]     settle 20: 148 @   3459 d -> ok lintwin tank 915.9 (+25.2) miss 2 km (6.3 s)
[14:47:27]     settle 22: 282 @   3771 d -> ok lintwin tank 850.9 (+2.8) miss 2 km (4.5 s)
[14:47:27] RESULT s06_c7: 16 columns; frontier 1fb 6 kg p2/2 | 2fb 16 kg p1/2 | 3fb 34 kg p0/2 | 4fb 60 kg p2/2; settles 19 (19 ok), regrids 16 (16 ok); wall 196 s of 420 (plan 139, price 1, settle 57; budget hit None, 0 unsettled)
[14:47:27]   job s06_c7 craft columns  16  levels 11  settles 19/19  end plan_done  wall 196.2 s
[14:47:29]     settle 25: 244 @   3611 d -> ok lintwin tank 950.0 (+5.0) miss 82 km (5.7 s)
[14:47:30]     settle 23: 146 @   3666 d -> ok lintwin tank 940.9 (+14.6) miss 58 km (4.7 s)
[14:47:32]     settle 21:  22 @   3643 d -> ok lintwin tank 911.4 (+9.3) miss 66 km (5.7 s)
[14:47:33]     settle 25: 254 @   3625 d -> ok lintwin tank 995.1 (+4.9) miss 54 km (3.5 s)
[14:47:36]     settle 24:   2 @   3740 d -> ok lintwin tank 950.6 (+9.7) miss 80 km (5.3 s)
[14:47:36] RESULT s06_c5: 16 columns; frontier 1fb 8 kg p2/2 | 2fb 19 kg p2/2 | 3fb 39 kg p0/1; settles 18 (18 ok), regrids 16 (16 ok); wall 205 s of 420 (plan 112, price 1, settle 93; budget hit None, 0 unsettled)
[14:47:36]     settle 23: 169 @   3257 d -> ok lintwin tank 969.7 (+46.3) miss 71 km (3.1 s)
[14:47:37]   job s06_c5 craft columns  16  levels 10  settles 18/18  end plan_done  wall 205.1 s
[14:47:38]     settle 21:  74 @   3491 d -> ok lam tank 913.3 (+8.5) miss 49 km (4.3 s)
[14:47:41]     settle 24: 185 @   3489 d -> ok lintwin tank 982.0 (+12.4) miss 47 km (4.2 s)
[14:47:43]     settle 21: 244 @   3579 d -> ok lintwin tank 927.1 (+25.1) miss 76 km (4.1 s)
[14:47:46]     settle 25: 254 @   3612 d -> ok lintwin tank 999.8 (+17.8) miss 0 km (5.3 s)
[14:47:48] RESULT s06_c3: 16 columns; frontier 1fb 9 kg p3/3 | 2fb 14 kg p2/2 | 3fb 27 kg p0/2; settles 21 (21 ok), regrids 16 (16 ok); wall 217 s of 420 (plan 105, price 1, settle 112; budget hit None, 0 unsettled)
[14:47:49]     settle 22: 122 @   3694 d -> ok lintwin tank 948.3 (+21.2) miss 63 km (5.6 s)
[14:47:49]   job s06_c3 craft columns  16  levels 9  settles 21/21  end plan_done  wall 217.3 s
[14:47:56]     settle 20:   4 @   3464 d -> ok lintwin tank 916.4 (+25.7) miss 7 km (6.4 s)
[14:48:01]     settle 21: 247 @   3532 d -> ok lam tank 955.5 (+39.1) miss 2 km (4.5 s)
[14:48:05]     settle 22:  48 @   3681 d -> ok lam tank 965.4 (+9.8) miss 1 km (3.6 s)
[14:48:13]     settle 21: 185 @   3507 d -> ok lam tank 925.3 (+20.5) miss 1 km (6.7 s)
[14:48:20]     settle 22: 121 @   3687 d -> ok lintwin tank 937.1 (+11.8) miss 50 km (6.6 s)
[14:48:20] RESULT s06_c0: 16 columns; frontier 1fb 2 kg p1/3 | 2fb 19 kg p1/2 | 3fb 46 kg p0/2; settles 19 (19 ok), regrids 16 (16 ok); wall 249 s of 420 (plan 123, price 1, settle 126; budget hit None, 0 unsettled)
[14:48:21]   job s06_c0 craft columns  16  levels 11  settles 19/19  end plan_done  wall 249.2 s
[14:48:21] [slice 6] propose: 121 columns (0 bad dropped) in 250.5 s
[14:48:21] [slice 6] auction: 121 columns, kept 118, dropped {'fuel': 1, 'ramp': 2}; lam 1.50 H_eff 540 d fuel budget 482 kg quota on
[14:48:21] [slice 6] auction: status optimal objective 34.738 vars 118 rows 58 chosen 8 fuel 406/482 kg (0.014 s)
[14:48:23] [slice 6] claims: c0:2 c1:1 c2:1 c3:2 c6:1 c7:1  (8 targets: 0 kept, 8 new; 13 released, 0 expired (ttl 4), 1 conflicts)
[14:48:23] [slice 6 T=3240 d] launched 8/8  covered 183  remaining 115  fuel 2416 kg  sumJi 10.1070  chosen: c0:3(+57) c1:3(+49) c2:2(+21) c3:3(+71) c4:4(+34) c5:3(+39) c6:3(+73) c7:4(+60)  rejected: -  (wall 253 s)
[14:48:24] [slice 7] claims in force: c0:2 c1:1 c2:1 c3:2 c6:1 c7:1  (8 targets; claim_bonus 1.0, ttl 4)
[14:48:24]   c0: claims: 2 own (prized +1.0), 6 claimed by others withheld
[14:48:24]   c1: claims: 1 own (prized +1.0), 7 claimed by others withheld
[14:48:24]   c2: claims: 1 own (prized +1.0), 7 claimed by others withheld
[14:48:24]   c3: claims: 2 own (prized +1.0), 6 claimed by others withheld
[14:48:24]   c4: claims: 0 own (prized +1.0), 8 claimed by others withheld
[14:48:24]   c5: claims: 0 own (prized +1.0), 8 claimed by others withheld
[14:48:24]   c6: claims: 1 own (prized +1.0), 7 claimed by others withheld
[14:48:24]   c7: claims: 1 own (prized +1.0), 7 claimed by others withheld
[14:48:24] [slice 7 T=3780 d] propose: 8 jobs (8 craft, 0 root) on 9 workers, proposer planbeam, H_eff 540 d, lam 1.5
[14:48:24] job s07_c1 (craft, craft 1, planbeam): T 3780 d H 540 L 360; plan horizon 5400 d; remaining 108; prize >1 on 97; width 300 npt 6 mc 150 dv 1.6 drmax 0.2 plan_wall 300 s; quota None
[14:48:24] job s07_c3 (craft, craft 3, planbeam): T 3780 d H 540 L 360; plan horizon 5400 d; remaining 109; prize >1 on 98; width 300 npt 6 mc 150 dv 1.6 drmax 0.2 plan_wall 300 s; quota None
[14:48:24] job s07_c2 (craft, craft 2, planbeam): T 3780 d H 540 L 360; plan horizon 5400 d; remaining 108; prize >1 on 97; width 300 npt 6 mc 150 dv 1.6 drmax 0.2 plan_wall 300 s; quota None
[14:48:24] job s07_c4 (craft, craft 4, planbeam): T 3780 d H 540 L 360; plan horizon 5400 d; remaining 107; prize >1 on 96; width 300 npt 6 mc 150 dv 1.6 drmax 0.2 plan_wall 300 s; quota None
[14:48:24] job s07_c0 (craft, craft 0, planbeam): T 3780 d H 540 L 360; plan horizon 5400 d; remaining 109; prize >1 on 98; width 300 npt 6 mc 150 dv 1.6 drmax 0.2 plan_wall 300 s; quota None
[14:48:24] job s07_c5 (craft, craft 5, planbeam): T 3780 d H 540 L 360; plan horizon 5400 d; remaining 107; prize >1 on 96; width 300 npt 6 mc 150 dv 1.6 drmax 0.2 plan_wall 300 s; quota None
[14:48:24] job s07_c6 (craft, craft 6, planbeam): T 3780 d H 540 L 360; plan horizon 5400 d; remaining 108; prize >1 on 97; width 300 npt 6 mc 150 dv 1.6 drmax 0.2 plan_wall 300 s; quota None
[14:48:24] job s07_c7 (craft, craft 7, planbeam): T 3780 d H 540 L 360; plan horizon 5400 d; remaining 108; prize >1 on 97; width 300 npt 6 mc 150 dv 1.6 drmax 0.2 plan_wall 300 s; quota None
[14:48:24] prefix slices/s07/in/craft_4.npz: 24 flybys, t_end 3683.6 d, tank 881.2 kg (planner view), miss 10.1 km, nreg 177
[14:48:24] prefix slices/s07/in/craft_7.npz: 22 flybys, t_end 3766.5 d, tank 850.7 kg (planner view), miss 4.3 km, nreg 178
[14:48:24] budget: job_wall 420 s, 420 s left before the plan -> plan cap 300 s (plan_wall 300, settle_reserve 90)
[14:48:24] budget: job_wall 420 s, 420 s left before the plan -> plan cap 300 s (plan_wall 300, settle_reserve 90)
[14:48:24] prefix slices/s07/in/craft_1.npz: 23 flybys, t_end 3771.3 d, tank 858.8 kg (planner view), miss 20.9 km, nreg 188
[14:48:24] prefix slices/s07/in/craft_2.npz: 22 flybys, t_end 3763.1 d, tank 863.3 kg (planner view), miss 0.5 km, nreg 187
[14:48:24] budget: job_wall 420 s, 420 s left before the plan -> plan cap 300 s (plan_wall 300, settle_reserve 90)
[14:48:24] budget: job_wall 420 s, 420 s left before the plan -> plan cap 300 s (plan_wall 300, settle_reserve 90)
[14:48:24] prefix slices/s07/in/craft_3.npz: 25 flybys, t_end 3621.9 d, tank 994.3 kg (planner view), miss 49.3 km, nreg 177
[14:48:24] budget: job_wall 420 s, 420 s left before the plan -> plan cap 300 s (plan_wall 300, settle_reserve 90)
[14:48:24] prefix slices/s07/in/craft_0.npz: 22 flybys, t_end 3693.0 d, tank 948.1 kg (planner view), miss 22.3 km, nreg 187
[14:48:24] budget: job_wall 420 s, 420 s left before the plan -> plan cap 300 s (plan_wall 300, settle_reserve 90)
[14:48:24] prefix slices/s07/in/craft_5.npz: 24 flybys, t_end 3745.9 d, tank 930.0 kg (planner view), miss 2.5 km, nreg 177
[14:48:24] budget: job_wall 420 s, 420 s left before the plan -> plan cap 300 s (plan_wall 300, settle_reserve 90)
[14:48:24] prefix slices/s07/in/craft_6.npz: 21 flybys, t_end 3707.2 d, tank 889.4 kg (planner view), miss 75.4 km, nreg 175
[14:48:24] budget: job_wall 420 s, 420 s left before the plan -> plan cap 300 s (plan_wall 300, settle_reserve 90)
[14:48:42] first level (both): 0 production + 28 relaxed (dv 2.5, 0.3 AU; 0.0 s) + 27 lintwin children -> 40 unique (18.1 s)
[14:48:42] plan start: prefix 22 flybys, t_end 3766.5 d, planner mass 1131.3 kg (dv 13.596 km/s); 40 first-level states
[14:48:43] first level (both): 0 production + 15 relaxed (dv 2.5, 0.3 AU; 0.0 s) + 27 lintwin children -> 35 unique (19.3 s)
[14:48:43] plan start: prefix 24 flybys, t_end 3745.9 d, planner mass 1034.8 kg (dv 17.095 km/s); 35 first-level states
[14:48:43] first level (both): 0 production + 12 relaxed (dv 2.5, 0.3 AU; 0.0 s) + 26 lintwin children -> 32 unique (19.3 s)
[14:48:43] plan start: prefix 24 flybys, t_end 3683.6 d, planner mass 1092.1 kg (dv 14.980 km/s); 32 first-level states
[14:48:43] first level (both): 0 production + 29 relaxed (dv 2.5, 0.3 AU; 0.0 s) + 0 lintwin children -> 21 unique (19.5 s)
[14:48:43] plan start: prefix 22 flybys, t_end 3693.0 d, planner mass 1015.1 kg (dv 17.847 km/s); 21 first-level states
[14:48:43] first level (both): 0 production + 24 relaxed (dv 2.5, 0.3 AU; 0.0 s) + 31 lintwin children -> 44 unique (19.7 s)
[14:48:43] plan start: prefix 22 flybys, t_end 3763.1 d, planner mass 1114.9 kg (dv 14.172 km/s); 44 first-level states
[14:48:44] first level (both): 0 production + 9 relaxed (dv 2.5, 0.3 AU; 0.0 s) + 24 lintwin children -> 27 unique (20.0 s)
[14:48:44] plan start: prefix 25 flybys, t_end 3621.9 d, planner mass 967.9 kg (dv 19.717 km/s); 27 first-level states
[14:48:44] first level (both): 0 production + 15 relaxed (dv 2.5, 0.3 AU; 0.0 s) + 40 lintwin children -> 46 unique (20.1 s)
[14:48:44] plan start: prefix 21 flybys, t_end 3707.2 d, planner mass 1082.1 kg (dv 15.343 km/s); 46 first-level states
[14:48:44] first level (both): 0 production + 33 relaxed (dv 2.5, 0.3 AU; 0.0 s) + 34 lintwin children -> 53 unique (20.3 s)
[14:48:44] plan start: prefix 23 flybys, t_end 3771.3 d, planner mass 1120.6 kg (dv 13.969 km/s); 53 first-level states
[14:49:30] plan: 1584 states, depth 8 new flybys, end plan_done (66 s); deepest 8 new to 5397 d at planner fuel 810 kg
[14:49:30]   depth  1:   35 states (27 in H), t_end 3850-4394 d, fuel 593-639 kg
[14:49:30]   depth  2:  181 states (23 in H), t_end 4152-4994 d, fuel 608-676 kg
[14:49:30]   depth  3:  300 states (0 in H), t_end 4336-5236 d, fuel 624-710 kg
[14:49:30]   depth  4:  300 states (0 in H), t_end 4633-5312 d, fuel 638-742 kg
[14:49:30]   depth  5:  300 states (0 in H), t_end 4907-5399 d, fuel 691-769 kg
[14:49:30]   depth  6:  300 states (0 in H), t_end 5102-5398 d, fuel 710-799 kg
[14:49:30]   depth  7:  161 states (0 in H), t_end 5254-5399 d, fuel 716-835 kg
[14:49:30]   depth  8:    7 states (0 in H), t_end 5334-5397 d, fuel 810-833 kg
[14:49:30] candidates: 28 distinct committed target sets (n_new 1-2, potential 0-2)
[14:49:30] frontier: 16 candidates chosen (n fb / committed planner kg / continuation (lookahead) [full]; pot_mode lookahead, pot_cap None): 1fb/593kg/p2(2)[2], 1fb/598kg/p2(2)[2], 1fb/604kg/p1(1)[1], 1fb/604kg/p2(2)[2], 1fb/611kg/p1(1)[1], 1fb/615kg/p3(2)[3], 1fb/625kg/p2(2)[2], 1fb/629kg/p2(2)[2], 1fb/629kg/p2(2)[2], 1fb/631kg/p2(2)[2], 1fb/632kg/p2(2)[2], 1fb/635kg/p2(1)[2], 1fb/639kg/p2(2)[2], 2fb/634kg/p1(1)[1], 2fb/637kg/p2(2)[2], 2fb/651kg/p1(1)[1]
[14:49:30] budget: 354 s of 420 left for the settles + regrids (settle_wall 480)
[14:49:31] plan: 1734 states, depth 9 new flybys, end plan_done (68 s); deepest 9 new to 5382 d at planner fuel 790 kg
[14:49:31]   depth  1:   44 states (38 in H), t_end 3833-4444 d, fuel 489-566 kg
[14:49:31]   depth  2:  235 states (59 in H), t_end 4034-4969 d, fuel 499-612 kg
[14:49:31]   depth  3:  300 states (0 in H), t_end 4340-5231 d, fuel 513-639 kg
[14:49:31]   depth  4:  300 states (0 in H), t_end 4616-5357 d, fuel 560-674 kg
[14:49:31]   depth  5:  300 states (0 in H), t_end 4772-5393 d, fuel 592-711 kg
[14:49:31]   depth  6:  300 states (0 in H), t_end 4939-5400 d, fuel 623-753 kg
[14:49:31]   depth  7:  189 states (0 in H), t_end 5074-5399 d, fuel 646-783 kg
[14:49:31]   depth  8:   57 states (0 in H), t_end 5168-5399 d, fuel 688-817 kg
[14:49:31]   depth  9:    9 states (0 in H), t_end 5334-5388 d, fuel 790-847 kg
[14:49:31] candidates: 52 distinct committed target sets (n_new 1-2, potential 0-2)
[14:49:31] frontier: 16 candidates chosen (n fb / committed planner kg / continuation (lookahead) [full]; pot_mode lookahead, pot_cap None): 1fb/490kg/p2(1)[2], 1fb/501kg/p2(1)[2], 1fb/505kg/p1(1)[1], 1fb/508kg/p2(1)[2], 1fb/511kg/p3(2)[3], 1fb/513kg/p2(1)[2], 1fb/519kg/p2(1)[2], 1fb/533kg/p3(2)[3], 1fb/547kg/p2(2)[2], 1fb/555kg/p2(1)[2], 1fb/562kg/p2(1)[2], 1fb/566kg/p2(1)[2], 2fb/531kg/p1(1)[1], 2fb/534kg/p1(1)[1], 2fb/541kg/p2(2)[2], 2fb/595kg/p2(2)[2]
[14:49:31] budget: 352 s of 420 left for the settles + regrids (settle_wall 480)
[14:49:32] plan: 1596 states, depth 9 new flybys, end plan_done (68 s); deepest 9 new to 5391 d at planner fuel 907 kg
[14:49:32]   depth  1:   27 states (18 in H), t_end 3890-4410 d, fuel 647-700 kg
[14:49:32]   depth  2:  108 states (15 in H), t_end 4154-4982 d, fuel 653-737 kg
[14:49:32]   depth  3:  300 states (0 in H), t_end 4344-5392 d, fuel 657-769 kg
[14:49:32]   depth  4:  300 states (0 in H), t_end 4552-5368 d, fuel 678-797 kg
[14:49:32]   depth  5:  300 states (0 in H), t_end 4689-5396 d, fuel 738-824 kg
[14:49:32]   depth  6:  300 states (0 in H), t_end 4913-5395 d, fuel 756-843 kg
[14:49:32]   depth  7:  222 states (0 in H), t_end 4988-5397 d, fuel 780-872 kg
[14:49:32]   depth  8:   35 states (0 in H), t_end 5141-5398 d, fuel 827-884 kg
[14:49:32]   depth  9:    4 states (0 in H), t_end 5381-5396 d, fuel 907-911 kg
[14:49:32] candidates: 21 distinct committed target sets (n_new 1-2, potential 0-3)
[14:49:32] frontier: 16 candidates chosen (n fb / committed planner kg / continuation (lookahead) [full]; pot_mode lookahead, pot_cap None): 1fb/647kg/p3(3)[3], 1fb/658kg/p2(2)[2], 1fb/659kg/p3(2)[3], 1fb/671kg/p3(2)[3], 1fb/677kg/p2(1)[2], 1fb/681kg/p2(1)[2], 1fb/688kg/p3(3)[3], 1fb/689kg/p3(3)[3], 1fb/697kg/p2(2)[2], 1fb/697kg/p2(2)[2], 1fb/700kg/p1(1)[1], 1fb/700kg/p1(1)[1], 2fb/685kg/p1(1)[1], 2fb/695kg/p1(1)[1], 2fb/697kg/p2(2)[2], 2fb/706kg/p2(2)[2]
[14:49:32] budget: 351 s of 420 left for the settles + regrids (settle_wall 480)
[14:49:32] plan: 1727 states, depth 9 new flybys, end plan_done (69 s); deepest 9 new to 5397 d at planner fuel 773 kg
[14:49:32]   depth  1:   32 states (26 in H), t_end 3960-4457 d, fuel 520-588 kg
[14:49:32]   depth  2:  188 states (34 in H), t_end 4087-4963 d, fuel 532-621 kg
[14:49:32]   depth  3:  300 states (5 in H), t_end 4269-5292 d, fuel 540-663 kg
[14:49:32]   depth  4:  300 states (0 in H), t_end 4507-5345 d, fuel 563-691 kg
[14:49:32]   depth  5:  300 states (0 in H), t_end 4778-5391 d, fuel 613-728 kg
[14:49:32]   depth  6:  300 states (0 in H), t_end 4986-5398 d, fuel 639-754 kg
[14:49:32]   depth  7:  221 states (0 in H), t_end 5095-5400 d, fuel 673-786 kg
[14:49:32]   depth  8:   79 states (0 in H), t_end 5181-5400 d, fuel 710-812 kg
[14:49:32]   depth  9:    7 states (0 in H), t_end 5363-5397 d, fuel 773-800 kg
[14:49:32] candidates: 38 distinct committed target sets (n_new 1-3, potential 0-3)
[14:49:32] frontier: 16 candidates chosen (n fb / committed planner kg / continuation (lookahead) [full]; pot_mode lookahead, pot_cap None): 1fb/520kg/p1(1)[1], 1fb/522kg/p2(2)[2], 1fb/530kg/p2(2)[2], 1fb/540kg/p2(2)[2], 1fb/547kg/p2(1)[2], 1fb/556kg/p2(2)[2], 1fb/560kg/p2(2)[2], 1fb/562kg/p3(2)[3], 1fb/563kg/p3(3)[3], 1fb/572kg/p3(3)[3], 1fb/574kg/p3(2)[3], 2fb/553kg/p0(0)[0], 2fb/557kg/p0(0)[0], 2fb/605kg/p2(2)[2], 3fb/633kg/p0(0)[0], 3fb/644kg/p0(0)[0]
[14:49:32] budget: 351 s of 420 left for the settles + regrids (settle_wall 480)
[14:49:34]     settle 25:   1 @   4096 d -> ok lintwin tank 955.2 (+25.1) miss 37 km (4.3 s)
[14:49:36]     settle 23: 229 @   4230 d -> ok lintwin tank 864.4 (+1.2) miss 62 km (4.4 s)
[14:49:36]     settle 26:  45 @   4052 d -> ok lintwin tank 1005.9 (+11.5) miss 37 km (3.8 s)
[14:49:37]     settle 25: 225 @   4225 d -> ok lintwin tank 912.8 (+31.6) miss 64 km (4.7 s)
[14:49:38] plan: 2015 states, depth 10 new flybys, end plan_done (75 s); deepest 10 new to 5364 d at planner fuel 833 kg
[14:49:38]   depth  1:   21 states (21 in H), t_end 3903-4293 d, fuel 594-649 kg
[14:49:38]   depth  2:  117 states (44 in H), t_end 4000-4873 d, fuel 604-686 kg
[14:49:38]   depth  3:  300 states (24 in H), t_end 4194-5193 d, fuel 616-714 kg
[14:49:38]   depth  4:  300 states (0 in H), t_end 4515-5393 d, fuel 640-746 kg
[14:49:38]   depth  5:  300 states (0 in H), t_end 4556-5400 d, fuel 671-765 kg
[14:49:38]   depth  6:  300 states (0 in H), t_end 4830-5398 d, fuel 694-798 kg
[14:49:38]   depth  7:  300 states (0 in H), t_end 4950-5384 d, fuel 713-812 kg
[14:49:38]   depth  8:  300 states (0 in H), t_end 5090-5399 d, fuel 734-834 kg
[14:49:38]   depth  9:   73 states (0 in H), t_end 5195-5399 d, fuel 779-865 kg
[14:49:38]   depth 10:    4 states (0 in H), t_end 5360-5367 d, fuel 833-864 kg
[14:49:38] plan: 1879 states, depth 9 new flybys, end plan_done (75 s); deepest 9 new to 5284 d at planner fuel 712 kg
[14:49:38]   depth  1:   53 states (50 in H), t_end 4001-4398 d, fuel 491-560 kg
[14:49:38]   depth  2:  142 states (43 in H), t_end 4081-4898 d, fuel 500-597 kg
[14:49:38]   depth  3:  300 states (17 in H), t_end 4206-5391 d, fuel 537-635 kg
[14:49:38]   depth  4:  300 states (0 in H), t_end 4411-5399 d, fuel 580-676 kg
[14:49:38]   depth  5:  300 states (0 in H), t_end 4631-5323 d, fuel 608-708 kg
[14:49:38]   depth  6:  300 states (0 in H), t_end 4771-5398 d, fuel 646-744 kg
[14:49:38]   depth  7:  300 states (0 in H), t_end 5000-5400 d, fuel 660-779 kg
[14:49:38]   depth  8:  152 states (0 in H), t_end 5142-5400 d, fuel 679-802 kg
[14:49:38]   depth  9:   32 states (0 in H), t_end 5277-5400 d, fuel 712-790 kg
[14:49:38] candidates: 38 distinct committed target sets (n_new 1-3, potential 0-2)
[14:49:38] frontier: 16 candidates chosen (n fb / committed planner kg / continuation (lookahead) [full]; pot_mode lookahead, pot_cap None): 1fb/594kg/p2(1)[2], 1fb/595kg/p4(2)[4], 1fb/602kg/p2(2)[2], 1fb/603kg/p1(1)[1], 1fb/617kg/p3(2)[3], 1fb/628kg/p2(2)[2], 1fb/629kg/p2(2)[2], 1fb/643kg/p2(2)[2], 1fb/647kg/p2(2)[2], 2fb/604kg/p1(1)[1], 2fb/608kg/p1(0)[1], 2fb/624kg/p3(2)[3], 3fb/648kg/p0(0)[0], 3fb/649kg/p0(0)[0], 3fb/652kg/p2(2)[2], 3fb/656kg/p2(2)[2]
[14:49:38] candidates: 43 distinct committed target sets (n_new 1-3, potential 0-3)
[14:49:38] budget: 345 s of 420 left for the settles + regrids (settle_wall 480)
[14:49:38] frontier: 16 candidates chosen (n fb / committed planner kg / continuation (lookahead) [full]; pot_mode lookahead, pot_cap None): 1fb/497kg/p0(0)[0], 1fb/498kg/p1(1)[1], 1fb/499kg/p1(1)[1], 1fb/506kg/p2(1)[2], 1fb/520kg/p2(1)[2], 1fb/528kg/p2(1)[2], 1fb/537kg/p2(2)[2], 1fb/545kg/p4(3)[4], 1fb/555kg/p2(2)[2], 2fb/540kg/p2(2)[2], 2fb/541kg/p0(0)[0], 2fb/572kg/p3(3)[3], 2fb/586kg/p3(3)[3], 3fb/578kg/p0(0)[0], 3fb/586kg/p1(1)[1], 3fb/625kg/p2(2)[2]
[14:49:38] budget: 345 s of 420 left for the settles + regrids (settle_wall 480)
[14:49:39]     settle 23: 260 @   3965 d -> ok lam tank 956.4 (+8.3) miss 22 km (0.9 s)
[14:49:39]     settle 25: 300 @   4156 d -> ok lintwin tank 945.8 (+15.8) miss 86 km (4.3 s)
[14:49:40]     settle 23:  63 @   4208 d -> ok lintwin tank 886.1 (+22.9) miss 74 km (4.1 s)
[14:49:41]     settle 26: 143 @   4212 d -> ok lintwin tank 1015.9 (+21.5) miss 71 km (3.9 s)
[14:49:41]     settle 25:  63 @   4193 d -> ok lintwin tank 904.6 (+23.4) miss 74 km (3.7 s)
[14:49:43]     settle 23: 170 @   3910 d -> ok lam tank 957.3 (+9.3) miss 22 km (0.9 s)
[14:49:43]     settle 24: 145 @   4200 d -> ok lam tank 880.2 (+21.4) miss 0 km (5.1 s)
[14:49:45]     settle 25: 239 @   4053 d -> ok lintwin tank 907.2 (+26.0) miss 75 km (2.7 s)
[14:49:45]     settle 26: 241 @   3892 d -> ok lintwin tank 1000.6 (+6.3) miss 36 km (3.6 s)
[14:49:47]     settle 25: 156 @   4299 d -> ok lintwin tank 995.6 (+65.6) miss 89 km (6.5 s)
[14:49:47]     settle 24:  53 @   4131 d -> ok lintwin tank 886.0 (+27.2) miss 78 km (2.8 s)
[14:49:47]     settle 23: 207 @   4200 d -> ok lintwin tank 909.7 (+46.4) miss 68 km (6.4 s)
[14:49:48] plan: 2112 states, depth 10 new flybys, end plan_done (85 s); deepest 10 new to 5341 d at planner fuel 816 kg
[14:49:48]   depth  1:   46 states (35 in H), t_end 3837-4458 d, fuel 526-596 kg
[14:49:48]   depth  2:  216 states (50 in H), t_end 3985-5008 d, fuel 544-636 kg
[14:49:48]   depth  3:  300 states (15 in H), t_end 4149-5320 d, fuel 561-676 kg
[14:49:48]   depth  4:  300 states (2 in H), t_end 4264-5321 d, fuel 599-715 kg
[14:49:48]   depth  5:  300 states (0 in H), t_end 4594-5273 d, fuel 613-727 kg
[14:49:48]   depth  6:  300 states (0 in H), t_end 4744-5321 d, fuel 644-743 kg
[14:49:48]   depth  7:  300 states (0 in H), t_end 4877-5395 d, fuel 669-774 kg
[14:49:48]   depth  8:  294 states (0 in H), t_end 5120-5400 d, fuel 696-805 kg
[14:49:48]   depth  9:   52 states (0 in H), t_end 5257-5399 d, fuel 748-807 kg
[14:49:48]   depth 10:    4 states (0 in H), t_end 5331-5396 d, fuel 816-835 kg
[14:49:48] candidates: 59 distinct committed target sets (n_new 1-4, potential 0-3)
[14:49:48] frontier: 16 candidates chosen (n fb / committed planner kg / continuation (lookahead) [full]; pot_mode lookahead, pot_cap None): 1fb/533kg/p1(1)[1], 1fb/537kg/p2(2)[2], 1fb/539kg/p4(2)[4], 1fb/541kg/p3(1)[3], 1fb/557kg/p3(2)[3], 1fb/565kg/p3(2)[3], 1fb/579kg/p3(1)[3], 1fb/592kg/p3(2)[3], 1fb/595kg/p4(3)[4], 2fb/566kg/p0(0)[0], 2fb/578kg/p2(1)[2], 2fb/585kg/p3(2)[3], 3fb/601kg/p1(1)[1], 3fb/615kg/p0(0)[0], 3fb/634kg/p2(2)[2], 4fb/671kg/p0(0)[0]
[14:49:48] budget: 335 s of 420 left for the settles + regrids (settle_wall 480)
[14:49:49]     settle 23: 207 @   4173 d -> ok lin tank 951.6 (+3.5) miss 43 km (2.8 s)
[14:49:49] plan: 2068 states, depth 10 new flybys, end plan_done (85 s); deepest 10 new to 5396 d at planner fuel 778 kg
[14:49:49]   depth  1:   40 states (30 in H), t_end 3798-4451 d, fuel 490-551 kg
[14:49:49]   depth  2:  246 states (63 in H), t_end 3843-4976 d, fuel 511-590 kg
[14:49:49]   depth  3:  300 states (31 in H), t_end 4056-5383 d, fuel 533-633 kg
[14:49:49]   depth  4:  300 states (3 in H), t_end 4188-5378 d, fuel 576-658 kg
[14:49:49]   depth  5:  300 states (0 in H), t_end 4371-5313 d, fuel 612-692 kg
[14:49:49]   depth  6:  300 states (0 in H), t_end 4735-5385 d, fuel 643-726 kg
[14:49:49]   depth  7:  300 states (0 in H), t_end 4919-5398 d, fuel 671-756 kg
[14:49:49]   depth  8:  223 states (0 in H), t_end 4993-5399 d, fuel 693-785 kg
[14:49:49]   depth  9:   54 states (0 in H), t_end 5268-5400 d, fuel 734-815 kg
[14:49:49]   depth 10:    5 states (0 in H), t_end 5386-5396 d, fuel 778-828 kg
[14:49:49] candidates: 63 distinct committed target sets (n_new 1-4, potential 0-2)
[14:49:49] frontier: 16 candidates chosen (n fb / committed planner kg / continuation (lookahead) [full]; pot_mode lookahead, pot_cap None): 1fb/490kg/p1(1)[1], 1fb/497kg/p1(1)[1], 1fb/503kg/p2(2)[2], 1fb/504kg/p2(2)[2], 1fb/510kg/p2(2)[2], 1fb/512kg/p2(2)[2], 1fb/527kg/p4(2)[4], 1fb/543kg/p4(2)[4], 2fb/511kg/p0(0)[0], 2fb/527kg/p0(0)[0], 2fb/568kg/p3(2)[3], 3fb/581kg/p0(0)[0], 3fb/584kg/p0(0)[0], 3fb/593kg/p2(2)[2], 4fb/635kg/p0(0)[0], 4fb/648kg/p0(0)[0]
[14:49:49] budget: 334 s of 420 left for the settles + regrids (settle_wall 480)
[14:49:49]     settle 24:  79 @   4218 d -> ok lintwin tank 874.3 (+15.5) miss 79 km (1.9 s)
[14:49:50]     settle 25: 143 @   4089 d -> ok lintwin tank 919.3 (+38.1) miss 69 km (4.7 s)
[14:49:52]     settle 26: 183 @   3978 d -> ok lintwin tank 1022.4 (+28.0) miss 53 km (6.0 s)
[14:49:52]     settle 23: 226 @   4144 d -> ok lintwin tank 879.1 (+15.9) miss 84 km (3.9 s)
[14:49:52]     settle 24: 209 @   4091 d -> ok lintwin tank 869.8 (+11.0) miss 70 km (2.4 s)
[14:49:54]     settle 23: 183 @   4003 d -> ok lin tank 956.4 (+8.3) miss 27 km (3.7 s)
[14:49:54]     settle 25: 185 @   4283 d -> ok lintwin tank 993.4 (+63.3) miss 90 km (6.2 s)
[14:49:54]     settle 25: 180 @   4060 d -> ok lintwin tank 895.5 (+14.3) miss 57 km (3.7 s)
[14:49:56]     settle 23: 292 @   4272 d -> ok lintwin tank 880.0 (+29.3) miss 3 km (6.5 s)
[14:49:56]     settle 22: 175 @   4310 d -> ok lintwin tank 964.2 (+74.8) miss 5 km (7.8 s)
[14:49:57]     settle 23: 217 @   3954 d -> ok lintwin tank 884.7 (+21.5) miss 69 km (4.8 s)
[14:49:58]     settle 23: 192 @   4043 d -> ok lin tank 971.1 (+23.0) miss 66 km (3.5 s)
[14:49:58]     settle 26: 180 @   4073 d -> ok lintwin tank 1093.3 (+98.9) miss 94 km (5.8 s)
[14:49:59]     settle 23: 239 @   4058 d -> ok lintwin tank 888.9 (+38.2) miss 61 km (2.5 s)
[14:49:59]     settle 25: 292 @   4182 d -> ok lintwin tank 974.9 (+44.9) miss 71 km (4.9 s)
[14:50:00]     settle 24:  99 @   4023 d -> ok lintwin tank 921.1 (+62.3) miss 71 km (6.4 s)
[14:50:00]     settle 25: 208 @   4242 d -> ok lintwin tank 919.8 (+38.5) miss 76 km (5.0 s)
[14:50:03]     settle 23: 143 @   4060 d -> ok lintwin tank 889.8 (+26.6) miss 82 km (4.5 s)
[14:50:03]     settle 23:  78 @   4194 d -> ok lintwin tank 863.5 (+12.8) miss 69 km (3.4 s)
[14:50:05]     settle 25: 200 @   4136 d -> ok lintwin tank 952.4 (+22.4) miss 54 km (4.7 s)
[14:50:05]     settle 22: 197 @   4203 d -> ok lintwin tank 901.4 (+12.0) miss 13 km (8.2 s)
[14:50:06]     settle 26: 229 @   4069 d -> ok lintwin tank 1060.6 (+66.3) miss 50 km (6.9 s)
[14:50:06]     settle 24: 200 @   4119 d -> ok lintwin tank 943.7 (+84.9) miss 69 km (5.6 s)
[14:50:06]     settle 23: 143 @   4095 d -> ok lintwin tank 884.0 (+33.3) miss 67 km (2.1 s)
[14:50:06]     settle 25: 145 @   4294 d -> ok lintwin tank 1095.8 (+214.6) miss 54 km (5.7 s)
[14:50:08]     settle 23: 183 @   4163 d -> ok lintwin tank 863.0 (+-0.2) miss 74 km (4.9 s)
[14:50:08]     settle 23:   3 @   4273 d -> ok lam tank 972.6 (+24.5) miss 26 km (9.1 s)
[14:50:09]     settle 24: 197 @   4111 d -> ok lintwin tank 884.7 (+25.9) miss 79 km (2.2 s)
[14:50:09]     settle 25: 226 @   3977 d -> ok lintwin tank 923.7 (+42.4) miss 65 km (1.7 s)
[14:50:10]     settle 23: 300 @   4170 d -> ok lintwin tank 881.0 (+30.3) miss 54 km (3.5 s)
[14:50:12]     settle 25: 132 @   4135 d -> ok lintwin tank 976.0 (+45.9) miss 55 km (6.0 s)
[14:50:12]     settle 24: 161 @   4001 d -> ok lintwin tank 887.8 (+29.0) miss 71 km (2.8 s)
[14:50:13]     settle 26: 271 @   4102 d -> ok lintwin tank 1027.7 (+33.4) miss 68 km (6.5 s)
[14:50:13]     settle 25: 181 @   3993 d -> ok lintwin tank 919.0 (+37.7) miss 60 km (4.1 s)
[14:50:14]     settle 23: 207 @   4169 d -> ok lintwin tank 872.3 (+21.6) miss 74 km (3.7 s)
[14:50:16]     settle 23: 280 @   3964 d -> ok lintwin tank 964.5 (+101.3) miss 46 km (6.7 s)
[14:50:18]     settle 23:  32 @   3841 d -> ok lintwin tank 908.6 (+57.9) miss 71 km (3.6 s)
[14:50:19]     settle 25:   3 @   4265 d -> ok lintwin tank 969.5 (+39.4) miss 61 km (6.3 s)
[14:50:19]     settle 25: 292 @   4101 d -> ok lintwin tank 931.4 (+50.2) miss 75 km (4.8 s)
[14:50:20]     settle 24: 132 @   4277 d -> ok lintwin tank 904.7 (+45.9) miss 1 km (7.1 s)
[14:50:20]     settle 23:  63 @   4193 d -> FAIL [('lam', 45501741.1)] (10.9 s)
[14:50:21]     settle 22: 164 @   3918 d -> ok lintwin tank 899.4 (+10.0) miss 10 km (7.1 s)
[14:50:21]     settle 26: 181 @   4127 d -> ok lintwin tank 1108.9 (+114.5) miss 3 km (7.4 s)
[14:50:21]     settle 23: 181 @   4141 d -> ok lam tank 898.0 (+34.8) miss 5 km (5.1 s)
[14:50:22]     settle 25: 260 @   3960 d -> ok lintwin tank 914.1 (+32.9) miss 46 km (2.4 s)
[14:50:23]     settle 24: 161 @   4006 d -> ok lintwin tank 887.8 (+29.0) miss 65 km (2.6 s)
[14:50:25]     settle 25: 197 @   4224 d -> ok lintwin tank 952.5 (+22.4) miss 52 km (5.6 s)
[14:50:25]     settle 23: 181 @   4023 d -> ok lam tank 985.9 (+37.8) miss 1 km (4.9 s)
[14:50:25]     settle 25: 183 @   3998 d -> ok lintwin tank 909.1 (+27.8) miss 57 km (2.6 s)
[14:50:27]     settle 26: 292 @   4268 d -> ok lintwin tank 911.4 (+2.3) miss 62 km (2.0 s)
[14:50:27]     settle 25:  53 @   4137 d -> ok lintwin tank 897.9 (+10.1) miss 69 km (4.5 s)
[14:50:29]     settle 26: 226 @   4150 d -> ok lintwin tank 1056.8 (+62.5) miss 76 km (5.2 s)
[14:50:30]     settle 25: 248 @   4056 d -> ok lam tank 985.7 (+55.6) miss 74 km (4.3 s)
[14:50:30]     settle 23:  57 @   3926 d -> ok lintwin tank 916.1 (+52.8) miss 67 km (2.5 s)
[14:50:31]     settle 26: 292 @   4276 d -> ok lintwin tank 911.8 (+4.5) miss 70 km (2.7 s)
[14:50:32]     settle 22: 118 @   3883 d -> ok lintwin tank 948.7 (+59.3) miss 62 km (6.4 s)
[14:50:33]     settle 24:  98 @   4077 d -> ok lintwin tank 895.0 (+36.2) miss 66 km (5.2 s)
[14:50:34]     settle 23: 271 @   4123 d -> ok lam tank 956.1 (+8.0) miss 1 km (8.7 s)
[14:50:35]     settle 26: 143 @   4087 d -> ok lintwin tank 928.9 (+5.3) miss 57 km (3.9 s)
[14:50:36]     settle 26: 242 @   4262 d -> ok lam tank 1130.7 (+136.4) miss 91 km (5.7 s)
[14:50:36]   drift: leg 242@4262 d settled outside (T, T+H] -> column cut at 0
[14:50:37]     settle 23: 243 @   4039 d -> ok lintwin tank 906.7 (+43.4) miss 81 km (6.1 s)
[14:50:37]     settle 25: 280 @   4296 d -> ok lintwin tank 975.1 (+45.1) miss 64 km (6.7 s)
[14:50:38]     settle 26: 207 @   4163 d -> ok lintwin tank 929.0 (+14.9) miss 58 km (1.9 s)
[14:50:38]     settle 25: 197 @   4257 d -> ok lintwin tank 909.5 (+14.5) miss 68 km (4.9 s)
[14:50:39]     settle 22: 181 @   3979 d -> ok lintwin tank 933.6 (+44.2) miss 52 km (7.2 s)
[14:50:41]     settle 25:  99 @   4046 d -> ok lam tank 979.5 (+49.4) miss 42 km (3.0 s)
[14:50:42]     settle 24: 207 @   4176 d -> ok lintwin tank 959.7 (+3.4) miss 1 km (6.2 s)
[14:50:42]     settle 26: 239 @   4035 d -> ok lintwin tank 1089.2 (+94.9) miss 36 km (5.8 s)
[14:50:42]     settle 23: 180 @   4073 d -> ok lintwin tank 902.4 (+39.2) miss 25 km (4.4 s)
[14:50:43]     settle 27: 292 @   4276 d -> ok lintwin tank 930.8 (+1.8) miss 3 km (5.4 s)
[14:50:43]     settle 25:  98 @   4126 d -> ok lintwin tank 894.1 (+6.3) miss 69 km (4.4 s)
[14:50:44]     settle 23:  62 @   3798 d -> FAIL [('lam', 2873178.0)] (25.4 s)
[14:50:46]     settle 24: 161 @   4012 d -> ok lintwin tank 887.8 (+29.0) miss 68 km (2.4 s)
[14:50:47]     settle 22:  79 @   3963 d -> ok lintwin tank 997.1 (+107.7) miss 4 km (6.4 s)
[14:50:47]     settle 24: 183 @   4002 d -> ok lintwin tank 978.6 (+21.3) miss 57 km (3.0 s)
[14:50:48]     settle 24:   3 @   4282 d -> ok lintwin tank 891.3 (+26.8) miss 98 km (5.2 s)
[14:50:48]     settle 25: 298 @   4128 d -> ok lintwin tank 1010.6 (+80.6) miss 6 km (6.5 s)
[14:50:48]     settle 23: 226 @   3977 d -> ok lintwin tank 874.6 (+24.0) miss 72 km (3.7 s)
[14:50:48]     settle 25: 181 @   3988 d -> ok lintwin tank 919.5 (+38.3) miss 68 km (4.5 s)
[14:50:49]     settle 26: 207 @   4293 d -> ok lintwin tank 1039.1 (+44.7) miss 1 km (6.3 s)
[14:50:49]     settle 24:  63 @   4192 d -> ok lintwin tank 878.0 (+3.4) miss 54 km (0.7 s)
[14:50:51]     settle 25: 209 @   4107 d -> ok lintwin tank 907.4 (+19.6) miss 66 km (4.6 s)
[14:50:51]     settle 26: 207 @   4167 d -> ok lintwin tank 953.4 (+33.9) miss 69 km (2.7 s)
[14:50:53]     settle 24: 292 @   4301 d -> ok lintwin tank 933.7 (+47.6) miss 59 km (4.7 s)
[14:50:53]   drift: leg 292@4301 d settled outside (T, T+H] -> column cut at 1
[14:50:54]     settle 26: 298 @   4309 d -> ok lintwin tank 988.2 (+35.8) miss 69 km (5.9 s)
[14:50:54]     settle 24: 192 @   4040 d -> ok lintwin tank 974.2 (+16.9) miss 1 km (6.4 s)
[14:50:54]     settle 22: 179 @   3850 d -> ok lintwin tank 912.2 (+22.8) miss 6 km (7.0 s)
[14:50:55]     settle 23: 239 @   4051 d -> ok lintwin tank 886.9 (+36.3) miss 62 km (5.4 s)
[14:50:56]     settle 24: 292 @   4293 d -> ok lintwin tank 891.1 (+4.1) miss 86 km (0.6 s)
[14:50:56]     settle 24:   3 @   4279 d -> ok lintwin tank 901.4 (+16.7) miss 32 km (2.7 s)
[14:50:56]     settle 26:  79 @   4211 d -> ok lintwin tank 927.3 (+29.4) miss 41 km (4.9 s)
[14:50:57]     settle 27: 292 @   4270 d -> ok lintwin tank 959.6 (+6.2) miss 79 km (5.5 s)
[14:50:57] RESULT s07_c4: 16 columns; frontier 1fb 14 kg p1/3 | 2fb 30 kg p0/2 | 3fb 49 kg p0/0; settles 20 (20 ok), regrids 16 (16 ok); wall 154 s of 420 (plan 69, price 1, settle 85; budget hit None, 0 unsettled)
[14:50:57]     settle 27: 269 @   4260 d -> ok lintwin tank 1125.4 (+32.1) miss 1 km (8.1 s)
[14:50:58]   job s07_c4 craft columns  16  levels 9  settles 20/20  end plan_done  wall 153.9 s
[14:51:00]     settle 22: 269 @   3979 d -> ok lintwin tank 929.6 (+40.2) miss 59 km (4.9 s)
[14:51:00]     settle 23: 217 @   3958 d -> ok lintwin tank 884.8 (+21.5) miss 47 km (4.0 s)
[14:51:02]     settle 24: 300 @   4174 d -> ok lintwin tank 911.9 (+3.3) miss 1 km (5.5 s)
[14:51:03]     settle 26:  47 @   4301 d -> ok lintwin tank 984.3 (+31.9) miss 40 km (7.7 s)
[14:51:03]     settle 25:  98 @   4136 d -> ok lintwin tank 894.1 (+6.3) miss 69 km (4.5 s)
[14:51:04]     settle 24: 229 @   4231 d -> ok lintwin tank 899.1 (+14.3) miss 75 km (3.4 s)
[14:51:04]     settle 25:  63 @   4194 d -> ok lintwin tank 981.4 (+2.8) miss 84 km (8.4 s)
[14:51:04]   1 candidates dropped (settle failure / regrid failure / duplicate after truncation)
[14:51:04] RESULT s07_c2: 15 columns; frontier 1fb -0 kg p1/2 | 2fb 28 kg p1/2; settles 17 (17 ok), regrids 15 (15 ok); wall 161 s of 420 (plan 68, price 1, settle 93; budget hit None, 0 unsettled)
[14:51:05]     settle 27: 229 @   4222 d -> ok lintwin tank 1036.5 (+35.9) miss 81 km (5.9 s)
[14:51:06]   job s07_c2 craft columns  15  levels 9  settles 17/17  end plan_done  wall 160.7 s
[14:51:07]     settle 24: 229 @   4057 d -> ok lintwin tank 942.9 (+34.3) miss 67 km (4.4 s)
[14:51:07]     settle 26: 197 @   4256 d -> ok lintwin tank 912.7 (+18.6) miss 66 km (3.5 s)
[14:51:07]     settle 22:   7 @   3890 d -> ok lintwin tank 924.6 (+35.2) miss 5 km (7.1 s)
[14:51:08]     settle 26: 211 @   4316 d -> ok lintwin tank 1006.1 (+20.4) miss 64 km (4.7 s)
[14:51:10] RESULT s07_c5: 16 columns; frontier 1fb 15 kg p2/2 | 2fb 54 kg p2/2; settles 16 (16 ok), regrids 16 (16 ok); wall 166 s of 420 (plan 66, price 1, settle 100; budget hit None, 0 unsettled)
[14:51:10]   job s07_c5 craft columns  16  levels 8  settles 16/16  end plan_done  wall 166.3 s
[14:51:10]     settle 25:  63 @   4190 d -> ok lintwin tank 959.2 (+16.2) miss 66 km (3.2 s)
[14:51:11]     settle 25:   3 @   4272 d -> ok lintwin tank 993.9 (+15.3) miss 58 km (5.8 s)
[14:51:12]     settle 27: 300 @   4156 d -> ok lam tank 1035.5 (+34.9) miss 5 km (5.5 s)
[14:51:12]     settle 25: 209 @   4096 d -> ok lintwin tank 907.4 (+19.6) miss 82 km (4.6 s)
[14:51:13]     settle 23: 300 @   4155 d -> ok lintwin tank 966.4 (+17.7) miss 79 km (4.7 s)
[14:51:16]     settle 25: 292 @   4307 d -> ok lintwin tank 963.1 (+20.2) miss 60 km (5.2 s)
[14:51:16]   4 candidates dropped (settle failure / regrid failure / duplicate after truncation)
[14:51:16] RESULT s07_c7: 12 columns; frontier 1fb 13 kg p2/2 | 2fb 27 kg p0/2 | 3fb 108 kg p0/0; settles 17 (15 ok), regrids 12 (12 ok); wall 173 s of 420 (plan 85, price 1, settle 87; budget hit None, 0 unsettled)
[14:51:17]     settle 23: 271 @   4103 d -> ok lintwin tank 970.9 (+22.2) miss 54 km (3.4 s)
[14:51:17]     settle 27: 143 @   4212 d -> ok lintwin tank 1054.2 (+31.9) miss 71 km (4.9 s)
[14:51:18]     settle 24: 192 @   4040 d -> ok lintwin tank 974.2 (+16.9) miss 1 km (6.2 s)
[14:51:18]     settle 26:  79 @   4232 d -> ok lintwin tank 936.2 (+28.9) miss 3 km (5.5 s)
[14:51:18]   job s07_c7 craft columns  12  levels 10  settles 15/17  end plan_done  wall 172.8 s
[14:51:18] RESULT s07_c1: 16 columns; frontier 1fb 11 kg p1/3 | 2fb 35 kg p3/3 | 3fb 54 kg p1/2; settles 21 (21 ok), regrids 16 (16 ok); wall 175 s of 420 (plan 75, price 2, settle 100; budget hit None, 0 unsettled)
[14:51:19]   1 candidates dropped (settle failure / regrid failure / duplicate after truncation)
[14:51:19] RESULT s07_c3: 15 columns; frontier 1fb 6 kg p2/3 | 2fb 41 kg p1/2; settles 16 (16 ok), regrids 15 (15 ok); wall 175 s of 420 (plan 68, price 1, settle 106; budget hit None, 0 unsettled)
[14:51:20]   job s07_c1 craft columns  16  levels 9  settles 21/21  end plan_done  wall 174.8 s
[14:51:20]   job s07_c3 craft columns  15  levels 9  settles 16/16  end plan_done  wall 175.0 s
[14:51:22]     settle 25:   3 @   4275 d -> ok lam tank 1003.3 (+29.1) miss 1 km (4.0 s)
[14:51:23]     settle 23: 132 @   4153 d -> ok lintwin tank 903.4 (+4.0) miss 4 km (5.5 s)
[14:51:29]     settle 24:   3 @   4264 d -> ok lintwin tank 986.3 (+15.5) miss 63 km (6.0 s)
[14:51:31]     settle 25: 225 @   4215 d -> ok lam tank 1004.1 (+29.9) miss 1 km (8.5 s)
[14:51:32]   1 candidates dropped (settle failure / regrid failure / duplicate after truncation)
[14:51:32] RESULT s07_c0: 15 columns; frontier 1fb 2 kg p2/2 | 2fb 11 kg p1/2 | 3fb 33 kg p0/2; settles 17 (16 ok), regrids 15 (15 ok); wall 189 s of 420 (plan 75, price 1, settle 114; budget hit None, 0 unsettled)
[14:51:34]   job s07_c0 craft columns  15  levels 10  settles 16/17  end plan_done  wall 188.9 s
[14:51:35]     settle 23: 298 @   4132 d -> ok lintwin tank 920.8 (+21.3) miss 73 km (5.2 s)
[14:51:41]     settle 24: 208 @   4315 d -> ok lintwin tank 942.3 (+21.5) miss 72 km (5.3 s)
[14:51:46]     settle 24:  47 @   4241 d -> ok lintwin tank 954.4 (+51.0) miss 73 km (4.2 s)
[14:51:49]     settle 23: 181 @   3985 d -> ok lintwin tank 947.2 (+35.0) miss 62 km (3.2 s)
[14:51:53]     settle 24: 300 @   4149 d -> ok lintwin tank 961.3 (+14.1) miss 66 km (3.5 s)
[14:51:57]     settle 25:   3 @   4266 d -> ok lintwin tank 971.3 (+10.0) miss 69 km (4.3 s)
[14:51:58] RESULT s07_c6: 16 columns; frontier 1fb 7 kg p2/3 | 2fb 14 kg p2/2 | 3fb 53 kg p0/2 | 4fb 82 kg p0/0; settles 19 (19 ok), regrids 16 (16 ok); wall 214 s of 420 (plan 85, price 1, settle 130; budget hit None, 0 unsettled)
[14:52:00]   job s07_c6 craft columns  16  levels 10  settles 19/19  end plan_done  wall 214.4 s
[14:52:00] [slice 7] propose: 121 columns (0 bad dropped) in 216.5 s
[14:52:00] [slice 7] auction: 121 columns, kept 113, dropped {'fuel': 5, 'ramp': 3}; lam 1.50 H_eff 540 d fuel budget 482 kg quota OFF
[14:52:00] [slice 7] auction: status optimal objective 32.041 vars 113 rows 46 chosen 8 fuel 437/482 kg (0.018 s)
[14:52:02] [slice 7] claims: c0:2 c1:2 c2:1 c3:2 c5:2 c6:2  (11 targets: 0 kept, 11 new; 8 released, 0 expired (ttl 4), 0 conflicts)
[14:52:02] [slice 7 T=3780 d] launched 8/8  covered 203  remaining 95  fuel 2852 kg  sumJi 10.5645  chosen: c0:3(+56) c1:3(+77) c2:2(+38) c3:2(+41) c4:3(+49) c5:2(+54) c6:2(+14) c7:3(+108)  rejected: -  (wall 218 s)
[14:52:02] [slice 8] claims in force: c0:2 c1:2 c2:1 c3:2 c5:2 c6:2  (11 targets; claim_bonus 1.0, ttl 4)
[14:52:02]   c0: claims: 2 own (prized +1.0), 9 claimed by others withheld
[14:52:02]   c1: claims: 2 own (prized +1.0), 9 claimed by others withheld
[14:52:02]   c2: claims: 1 own (prized +1.0), 10 claimed by others withheld
[14:52:02]   c3: claims: 2 own (prized +1.0), 9 claimed by others withheld
[14:52:02]   c4: claims: 0 own (prized +1.0), 11 claimed by others withheld
[14:52:02]   c5: claims: 2 own (prized +1.0), 9 claimed by others withheld
[14:52:02]   c6: claims: 2 own (prized +1.0), 9 claimed by others withheld
[14:52:02]   c7: claims: 0 own (prized +1.0), 11 claimed by others withheld
[14:52:02] [slice 8 T=4320 d] propose: 8 jobs (8 craft, 0 root) on 9 workers, proposer planbeam, H_eff 540 d, lam 1.5
[14:52:02] job s08_c2 (craft, craft 2, planbeam): T 4320 d H 540 L 360; plan horizon 5477 d; remaining 85; prize >1 on 84; width 300 npt 6 mc 150 dv 1.6 drmax 0.2 plan_wall 300 s; quota None
[14:52:02] job s08_c4 (craft, craft 4, planbeam): T 4320 d H 540 L 360; plan horizon 5477 d; remaining 84; prize >1 on 83; width 300 npt 6 mc 150 dv 1.6 drmax 0.2 plan_wall 300 s; quota None
[14:52:02] job s08_c6 (craft, craft 6, planbeam): T 4320 d H 540 L 360; plan horizon 5477 d; remaining 86; prize >1 on 85; width 300 npt 6 mc 150 dv 1.6 drmax 0.2 plan_wall 300 s; quota None
[14:52:02] job s08_c5 (craft, craft 5, planbeam): T 4320 d H 540 L 360; plan horizon 5477 d; remaining 86; prize >1 on 85; width 300 npt 6 mc 150 dv 1.6 drmax 0.2 plan_wall 300 s; quota None
[14:52:02] job s08_c0 (craft, craft 0, planbeam): T 4320 d H 540 L 360; plan horizon 5477 d; remaining 86; prize >1 on 85; width 300 npt 6 mc 150 dv 1.6 drmax 0.2 plan_wall 300 s; quota None
[14:52:02] job s08_c7 (craft, craft 7, planbeam): T 4320 d H 540 L 360; plan horizon 5477 d; remaining 84; prize >1 on 83; width 300 npt 6 mc 150 dv 1.6 drmax 0.2 plan_wall 300 s; quota None
[14:52:02] job s08_c3 (craft, craft 3, planbeam): T 4320 d H 540 L 360; plan horizon 5477 d; remaining 86; prize >1 on 85; width 300 npt 6 mc 150 dv 1.6 drmax 0.2 plan_wall 300 s; quota None
[14:52:02] job s08_c1 (craft, craft 1, planbeam): T 4320 d H 540 L 360; plan horizon 5477 d; remaining 86; prize >1 on 85; width 300 npt 6 mc 150 dv 1.6 drmax 0.2 plan_wall 300 s; quota None
[14:52:02] prefix slices/s08/in/craft_6.npz: 23 flybys, t_end 4150.8 d, tank 903.4 kg (planner view), miss 18.9 km, nreg 197
[14:52:02] budget: job_wall 420 s, 420 s left before the plan -> plan cap 300 s (plan_wall 300, settle_reserve 90)
[14:52:02] prefix slices/s08/in/craft_4.npz: 27 flybys, t_end 4281.2 d, tank 930.3 kg (planner view), miss 36.5 km, nreg 207
[14:52:02] prefix slices/s08/in/craft_5.npz: 26 flybys, t_end 4293.2 d, tank 983.6 kg (planner view), miss 3.8 km, nreg 205
[14:52:02] budget: job_wall 420 s, 420 s left before the plan -> plan cap 300 s (plan_wall 300, settle_reserve 90)
[14:52:02] budget: job_wall 420 s, 420 s left before the plan -> plan cap 300 s (plan_wall 300, settle_reserve 90)
[14:52:02] prefix slices/s08/in/craft_1.npz: 26 flybys, t_end 4231.5 d, tank 935.7 kg (planner view), miss 2.1 km, nreg 211
[14:52:02] budget: job_wall 420 s, 420 s left before the plan -> plan cap 300 s (plan_wall 300, settle_reserve 90)
[14:52:02] prefix slices/s08/in/craft_2.npz: 24 flybys, t_end 4276.5 d, tank 900.9 kg (planner view), miss 2.8 km, nreg 212
[14:52:02] budget: job_wall 420 s, 420 s left before the plan -> plan cap 300 s (plan_wall 300, settle_reserve 90)
[14:52:02] prefix slices/s08/in/craft_0.npz: 25 flybys, t_end 4213.3 d, tank 1003.7 kg (planner view), miss 68.1 km, nreg 213
[14:52:02] budget: job_wall 420 s, 420 s left before the plan -> plan cap 300 s (plan_wall 300, settle_reserve 90)
[14:52:02] prefix slices/s08/in/craft_3.npz: 27 flybys, t_end 4153.7 d, tank 1035.7 kg (planner view), miss 7.4 km, nreg 204
[14:52:02] budget: job_wall 420 s, 420 s left before the plan -> plan cap 300 s (plan_wall 300, settle_reserve 90)
[14:52:02] prefix slices/s08/in/craft_7.npz: 25 flybys, t_end 4189.5 d, tank 959.0 kg (planner view), miss 64.2 km, nreg 199
[14:52:02] budget: job_wall 420 s, 420 s left before the plan -> plan cap 300 s (plan_wall 300, settle_reserve 90)
[14:52:22] first level (both): 0 production + 35 relaxed (dv 2.5, 0.3 AU; 0.1 s) + 22 lintwin children -> 37 unique (20.3 s)
[14:52:22] plan start: prefix 25 flybys, t_end 4189.5 d, planner mass 1003.6 kg (dv 18.297 km/s); 37 first-level states
[14:52:24] first level (both): 0 production + 23 relaxed (dv 2.5, 0.3 AU; 0.1 s) + 21 lintwin children -> 34 unique (21.9 s)
[14:52:24] plan start: prefix 24 flybys, t_end 4276.5 d, planner mass 1068.3 kg (dv 15.845 km/s); 34 first-level states
[14:52:24] first level (both): 0 production + 15 relaxed (dv 2.5, 0.3 AU; 0.1 s) + 27 lintwin children -> 34 unique (22.1 s)
[14:52:24] plan start: prefix 27 flybys, t_end 4281.2 d, planner mass 1034.5 kg (dv 17.105 km/s); 34 first-level states
[14:52:24] first level (both): 0 production + 35 relaxed (dv 2.5, 0.3 AU; 0.1 s) + 1 lintwin children -> 21 unique (22.3 s)
[14:52:24] plan start: prefix 27 flybys, t_end 4153.7 d, planner mass 929.3 kg (dv 21.314 km/s); 21 first-level states
[14:52:24] first level (both): 0 production + 16 relaxed (dv 2.5, 0.3 AU; 0.1 s) + 23 lintwin children -> 32 unique (22.4 s)
[14:52:24] plan start: prefix 26 flybys, t_end 4293.2 d, planner mass 978.4 kg (dv 19.293 km/s); 32 first-level states
[14:52:25] first level (both): 0 production + 21 relaxed (dv 2.5, 0.3 AU; 0.1 s) + 26 lintwin children -> 36 unique (22.5 s)
[14:52:25] plan start: prefix 26 flybys, t_end 4231.5 d, planner mass 1028.5 kg (dv 17.334 km/s); 36 first-level states
[14:52:25] first level (both): 0 production + 4 relaxed (dv 2.5, 0.3 AU; 0.0 s) + 2 lintwin children -> 6 unique (22.7 s)
[14:52:25] plan start: prefix 25 flybys, t_end 4213.3 d, planner mass 958.8 kg (dv 20.085 km/s); 6 first-level states
[14:52:25] first level (both): 0 production + 19 relaxed (dv 2.5, 0.3 AU; 0.1 s) + 35 lintwin children -> 45 unique (22.8 s)
[14:52:25] plan start: prefix 23 flybys, t_end 4150.8 d, planner mass 1065.3 kg (dv 15.956 km/s); 45 first-level states
[14:52:29] plan: 233 states, depth 7 new flybys, end plan_done (26 s); deepest 7 new to 5451 d at planner fuel 872 kg
[14:52:29]   depth  1:    6 states (6 in H), t_end 4513-4773 d, fuel 660-700 kg
[14:52:29]   depth  2:   11 states (8 in H), t_end 4559-5303 d, fuel 684-736 kg
[14:52:29]   depth  3:   40 states (2 in H), t_end 4713-5384 d, fuel 705-774 kg
[14:52:29]   depth  4:   76 states (0 in H), t_end 4968-5453 d, fuel 731-805 kg
[14:52:29]   depth  5:   80 states (0 in H), t_end 5117-5468 d, fuel 758-835 kg
[14:52:29]   depth  6:   19 states (0 in H), t_end 5217-5463 d, fuel 811-866 kg
[14:52:29]   depth  7:    1 states (0 in H), t_end 5451-5451 d, fuel 872-872 kg
[14:52:29] candidates: 12 distinct committed target sets (n_new 1-3, potential 1-4)
[14:52:29] frontier: 12 candidates chosen (n fb / committed planner kg / continuation (lookahead) [full]; pot_mode lookahead, pot_cap None): 1fb/690kg/p3(2)[3], 1fb/690kg/p4(3)[4], 1fb/693kg/p1(1)[1], 1fb/699kg/p5(4)[5], 2fb/686kg/p2(1)[2], 2fb/723kg/p1(1)[1], 2fb/725kg/p2(2)[2], 2fb/728kg/p3(3)[3], 2fb/734kg/p4(4)[4], 2fb/736kg/p3(2)[3], 3fb/719kg/p1(1)[1], 3fb/774kg/p2(2)[2]
[14:52:29] budget: 393 s of 420 left for the settles + regrids (settle_wall 480)
[14:52:34] plan: 511 states, depth 6 new flybys, end plan_done (32 s); deepest 6 new to 5398 d at planner fuel 739 kg
[14:52:34]   depth  1:   36 states (33 in H), t_end 4380-5094 d, fuel 572-647 kg
[14:52:34]   depth  2:  115 states (36 in H), t_end 4637-5474 d, fuel 600-685 kg
[14:52:34]   depth  3:  188 states (1 in H), t_end 4811-5475 d, fuel 616-724 kg
[14:52:34]   depth  4:  134 states (0 in H), t_end 5081-5472 d, fuel 650-759 kg
[14:52:34]   depth  5:   36 states (0 in H), t_end 5224-5465 d, fuel 677-755 kg
[14:52:34]   depth  6:    2 states (0 in H), t_end 5398-5431 d, fuel 739-768 kg
[14:52:34] candidates: 40 distinct committed target sets (n_new 1-3, potential 0-3)
[14:52:34] frontier: 16 candidates chosen (n fb / committed planner kg / continuation (lookahead) [full]; pot_mode lookahead, pot_cap None): 1fb/579kg/p1(1)[1], 1fb/582kg/p2(1)[2], 1fb/591kg/p1(1)[1], 1fb/593kg/p3(3)[3], 1fb/598kg/p2(2)[2], 1fb/599kg/p2(1)[2], 1fb/599kg/p3(3)[3], 1fb/600kg/p2(1)[2], 1fb/611kg/p2(1)[2], 1fb/613kg/p3(2)[3], 1fb/618kg/p3(2)[3], 1fb/631kg/p3(1)[3], 2fb/607kg/p1(1)[1], 2fb/610kg/p1(1)[1], 2fb/631kg/p2(2)[2], 3fb/681kg/p1(1)[1]
[14:52:34] budget: 388 s of 420 left for the settles + regrids (settle_wall 480)
[14:52:35] plan: 695 states, depth 6 new flybys, end plan_done (33 s); deepest 6 new to 5382 d at planner fuel 773 kg
[14:52:35]   depth  1:   32 states (26 in H), t_end 4348-5002 d, fuel 650-693 kg
[14:52:35]   depth  2:  100 states (7 in H), t_end 4638-5396 d, fuel 669-728 kg
[14:52:35]   depth  3:  220 states (0 in H), t_end 4904-5477 d, fuel 701-759 kg
[14:52:35]   depth  4:  239 states (0 in H), t_end 5085-5471 d, fuel 703-791 kg
[14:52:35]   depth  5:   97 states (0 in H), t_end 5193-5468 d, fuel 746-811 kg
[14:52:35]   depth  6:    7 states (0 in H), t_end 5365-5388 d, fuel 773-814 kg
[14:52:35] candidates: 20 distinct committed target sets (n_new 1-2, potential 0-3)
[14:52:35] frontier: 16 candidates chosen (n fb / committed planner kg / continuation (lookahead) [full]; pot_mode lookahead, pot_cap None): 1fb/650kg/p1(1)[1], 1fb/659kg/p1(1)[1], 1fb/661kg/p1(1)[1], 1fb/662kg/p1(1)[1], 1fb/662kg/p2(2)[2], 1fb/666kg/p2(2)[2], 1fb/669kg/p2(2)[2], 1fb/671kg/p3(2)[3], 1fb/672kg/p3(2)[3], 1fb/678kg/p2(2)[2], 1fb/678kg/p4(3)[4], 1fb/681kg/p1(1)[1], 1fb/684kg/p2(2)[2], 2fb/702kg/p2(2)[2], 2fb/703kg/p3(3)[3], 2fb/707kg/p2(2)[2]
[14:52:35] budget: 387 s of 420 left for the settles + regrids (settle_wall 480)
[14:52:37] plan: 829 states, depth 6 new flybys, end plan_done (35 s); deepest 6 new to 5388 d at planner fuel 692 kg
[14:52:37]   depth  1:   34 states (28 in H), t_end 4343-4971 d, fuel 549-610 kg
[14:52:37]   depth  2:  116 states (34 in H), t_end 4683-5469 d, fuel 569-652 kg
[14:52:37]   depth  3:  223 states (2 in H), t_end 4843-5476 d, fuel 598-694 kg
[14:52:37]   depth  4:  252 states (0 in H), t_end 4934-5475 d, fuel 621-729 kg
[14:52:37]   depth  5:  168 states (0 in H), t_end 5139-5476 d, fuel 639-747 kg
[14:52:37]   depth  6:   36 states (0 in H), t_end 5373-5476 d, fuel 692-760 kg
[14:52:37] candidates: 29 distinct committed target sets (n_new 1-3, potential 1-3)
[14:52:37] frontier: 16 candidates chosen (n fb / committed planner kg / continuation (lookahead) [full]; pot_mode lookahead, pot_cap None): 1fb/550kg/p2(2)[2], 1fb/567kg/p2(2)[2], 1fb/569kg/p2(1)[2], 1fb/584kg/p2(2)[2], 1fb/584kg/p3(2)[3], 1fb/587kg/p3(2)[3], 1fb/589kg/p3(2)[3], 1fb/591kg/p4(3)[4], 1fb/593kg/p4(2)[4], 1fb/603kg/p2(1)[2], 2fb/571kg/p2(2)[2], 2fb/586kg/p1(1)[1], 2fb/609kg/p3(2)[3], 2fb/627kg/p3(3)[3], 3fb/615kg/p2(2)[2], 3fb/663kg/p2(2)[2]
[14:52:37] budget: 385 s of 420 left for the settles + regrids (settle_wall 480)
[14:52:37]     settle 27: 269 @   4631 d -> ok lintwin tank 949.2 (+13.4) miss 71 km (3.2 s)
[14:52:39]     settle 27:  21 @   4512 d -> ok lintwin tank 936.4 (+0.7) miss 69 km (1.3 s)
[14:52:40]     settle 27: 104 @   4535 d -> ok lintwin tank 1023.5 (+39.8) miss 58 km (5.6 s)
[14:52:41]     settle 26:  33 @   4534 d -> FAIL [('lam', 111658709.6)] (11.9 s)
[14:52:41] plan: 999 states, depth 7 new flybys, end plan_done (39 s); deepest 7 new to 5472 d at planner fuel 840 kg
[14:52:41]   depth  1:   21 states (21 in H), t_end 4334-4664 d, fuel 678-728 kg
[14:52:41]   depth  2:   57 states (36 in H), t_end 4487-5114 d, fuel 703-761 kg
[14:52:41]   depth  3:  170 states (11 in H), t_end 4654-5438 d, fuel 709-794 kg
[14:52:41]   depth  4:  300 states (0 in H), t_end 4864-5446 d, fuel 722-828 kg
[14:52:41]   depth  5:  297 states (0 in H), t_end 4979-5476 d, fuel 749-851 kg
[14:52:41]   depth  6:  134 states (0 in H), t_end 5179-5471 d, fuel 805-883 kg
[14:52:41]   depth  7:   20 states (0 in H), t_end 5350-5472 d, fuel 840-900 kg
[14:52:41] candidates: 28 distinct committed target sets (n_new 1-3, potential 1-3)
[14:52:41] frontier: 16 candidates chosen (n fb / committed planner kg / continuation (lookahead) [full]; pot_mode lookahead, pot_cap None): 1fb/690kg/p4(3)[4], 1fb/693kg/p2(2)[2], 1fb/698kg/p4(2)[4], 1fb/700kg/p4(3)[4], 1fb/708kg/p4(2)[4], 1fb/719kg/p2(2)[2], 1fb/721kg/p1(1)[1], 1fb/722kg/p3(2)[3], 1fb/726kg/p5(3)[5], 2fb/703kg/p2(2)[2], 2fb/703kg/p2(2)[2], 2fb/724kg/p3(3)[3], 2fb/761kg/p4(3)[4], 3fb/749kg/p2(2)[2], 3fb/762kg/p2(2)[2], 3fb/786kg/p3(3)[3]
[14:52:41] budget: 381 s of 420 left for the settles + regrids (settle_wall 480)
[14:52:41]     settle 25: 181 @   4718 d -> ok lintwin tank 907.7 (+6.8) miss 73 km (4.2 s)
[14:52:41] plan: 1200 states, depth 6 new flybys, end plan_done (39 s); deepest 6 new to 5419 d at planner fuel 660 kg
[14:52:41]   depth  1:   34 states (23 in H), t_end 4408-4977 d, fuel 573-639 kg
[14:52:41]   depth  2:  211 states (12 in H), t_end 4724-5431 d, fuel 585-675 kg
[14:52:41]   depth  3:  300 states (0 in H), t_end 4889-5471 d, fuel 604-713 kg
[14:52:41]   depth  4:  300 states (0 in H), t_end 5019-5463 d, fuel 609-736 kg
[14:52:41]   depth  5:  300 states (0 in H), t_end 5118-5466 d, fuel 620-760 kg
[14:52:41]   depth  6:   55 states (0 in H), t_end 5345-5448 d, fuel 660-800 kg
[14:52:41] candidates: 21 distinct committed target sets (n_new 1-2, potential 0-3)
[14:52:41] frontier: 16 candidates chosen (n fb / committed planner kg / continuation (lookahead) [full]; pot_mode lookahead, pot_cap None): 1fb/573kg/p2(2)[2], 1fb/579kg/p4(3)[4], 1fb/582kg/p2(2)[2], 1fb/582kg/p3(2)[3], 1fb/591kg/p1(1)[1], 1fb/598kg/p2(2)[2], 1fb/603kg/p4(3)[4], 1fb/606kg/p2(2)[2], 1fb/611kg/p3(3)[3], 1fb/613kg/p1(1)[1], 1fb/629kg/p1(1)[1], 1fb/634kg/p2(2)[2], 2fb/589kg/p2(2)[2], 2fb/590kg/p0(0)[0], 2fb/619kg/p3(3)[3], 2fb/620kg/p3(3)[3]
[14:52:41] budget: 381 s of 420 left for the settles + regrids (settle_wall 480)
[14:52:43] plan: 1100 states, depth 7 new flybys, end plan_done (41 s); deepest 7 new to 5346 d at planner fuel 818 kg
[14:52:43]   depth  1:   37 states (30 in H), t_end 4366-5003 d, fuel 601-667 kg
[14:52:43]   depth  2:  174 states (59 in H), t_end 4505-5451 d, fuel 615-707 kg
[14:52:43]   depth  3:  300 states (0 in H), t_end 4876-5456 d, fuel 641-736 kg
[14:52:43]   depth  4:  300 states (0 in H), t_end 5030-5476 d, fuel 685-768 kg
[14:52:43]   depth  5:  245 states (0 in H), t_end 5125-5476 d, fuel 718-802 kg
[14:52:43]   depth  6:   41 states (0 in H), t_end 5234-5477 d, fuel 744-816 kg
[14:52:43]   depth  7:    3 states (0 in H), t_end 5346-5391 d, fuel 818-828 kg
[14:52:43] candidates: 44 distinct committed target sets (n_new 1-2, potential 0-3)
[14:52:43] frontier: 16 candidates chosen (n fb / committed planner kg / continuation (lookahead) [full]; pot_mode lookahead, pot_cap None): 1fb/601kg/p1(1)[1], 1fb/607kg/p1(0)[1], 1fb/612kg/p1(1)[1], 1fb/618kg/p2(2)[2], 1fb/622kg/p2(1)[2], 1fb/634kg/p2(1)[2], 1fb/641kg/p2(1)[2], 1fb/641kg/p3(2)[3], 1fb/651kg/p3(2)[3], 1fb/656kg/p4(3)[4], 1fb/658kg/p3(2)[3], 1fb/665kg/p4(3)[4], 2fb/615kg/p0(0)[0], 2fb/635kg/p0(0)[0], 2fb/679kg/p3(3)[3], 2fb/684kg/p2(2)[2]
[14:52:43] budget: 379 s of 420 left for the settles + regrids (settle_wall 480)
[14:52:46]     settle 27:  89 @   4780 d -> ok lintwin tank 1002.0 (+66.3) miss 53 km (6.3 s)
[14:52:47]     settle 26: 124 @   4523 d -> ok lin tank 1016.8 (+13.1) miss 80 km (5.9 s)
[14:52:47]     settle 25:  22 @   4773 d -> ok lintwin tank 909.1 (+8.3) miss 80 km (4.8 s)
[14:52:47]     settle 28:  45 @   4725 d -> ok lintwin tank 933.8 (+3.5) miss 5 km (5.9 s)
[14:52:47]     settle 27:  22 @   4765 d -> ok lintwin tank 1052.6 (+69.0) miss 66 km (6.3 s)
[14:52:48] plan: 1181 states, depth 6 new flybys, end plan_done (46 s); deepest 6 new to 5352 d at planner fuel 689 kg
[14:52:48]   depth  1:   45 states (37 in H), t_end 4340-5000 d, fuel 548-613 kg
[14:52:48]   depth  2:  158 states (81 in H), t_end 4556-5447 d, fuel 559-653 kg
[14:52:48]   depth  3:  300 states (39 in H), t_end 4717-5452 d, fuel 577-692 kg
[14:52:48]   depth  4:  300 states (0 in H), t_end 4904-5475 d, fuel 604-723 kg
[14:52:48]   depth  5:  275 states (0 in H), t_end 5128-5476 d, fuel 647-752 kg
[14:52:48]   depth  6:  103 states (0 in H), t_end 5208-5469 d, fuel 689-784 kg
[14:52:48] candidates: 81 distinct committed target sets (n_new 1-3, potential 0-3)
[14:52:48] frontier: 16 candidates chosen (n fb / committed planner kg / continuation (lookahead) [full]; pot_mode lookahead, pot_cap None): 1fb/548kg/p1(1)[1], 1fb/551kg/p3(2)[3], 1fb/565kg/p3(1)[3], 1fb/567kg/p4(2)[4], 1fb/571kg/p5(3)[5], 1fb/584kg/p3(2)[3], 1fb/592kg/p4(3)[4], 1fb/592kg/p3(2)[3], 1fb/606kg/p4(2)[4], 1fb/608kg/p4(2)[4], 2fb/574kg/p1(1)[1], 2fb/578kg/p0(0)[0], 2fb/586kg/p4(3)[4], 3fb/614kg/p2(2)[2], 3fb/617kg/p0(0)[0], 3fb/624kg/p3(3)[3]
[14:52:48] budget: 374 s of 420 left for the settles + regrids (settle_wall 480)
[14:52:49]     settle 26: 261 @   4856 d -> ok lintwin tank 958.3 (+-0.7) miss 68 km (6.0 s)
[14:52:50]     settle 28: 290 @   4453 d -> ok lam tank 1054.5 (+18.9) miss 2 km (9.0 s)
[14:52:51]     settle 25: 242 @   4488 d -> ok lintwin tank 931.6 (+30.7) miss 61 km (3.9 s)
[14:52:53]     settle 27: 295 @   4807 d -> ok lintwin tank 1027.7 (+44.1) miss 64 km (5.0 s)
[14:52:53]     settle 26:   4 @   4509 d -> ok lintwin tank 962.7 (+3.7) miss 68 km (3.1 s)
[14:52:54]     settle 28: 183 @   4524 d -> ok lintwin tank 934.2 (+4.0) miss 79 km (5.7 s)
[14:52:54]     settle 27: 213 @   4695 d -> ok lintwin tank 1063.8 (+128.1) miss 72 km (6.0 s)
[14:52:54]     settle 24: 171 @   4786 d -> ok lintwin tank 908.8 (+5.4) miss 64 km (5.4 s)
[14:52:56]     settle 26: 104 @   4773 d -> ok lin tank 1034.2 (+30.5) miss 81 km (8.7 s)
[14:52:57]     settle 24: 277 @   4597 d -> ok lintwin tank 921.1 (+17.7) miss 68 km (2.0 s)
[14:52:57]     settle 26:  27 @   4482 d -> ok lintwin tank 962.3 (+3.3) miss 64 km (2.7 s)
[14:52:57]     settle 25: 105 @   4752 d -> ok lintwin tank 922.0 (+21.2) miss 55 km (5.5 s)
[14:52:58]     settle 27: 239 @   4728 d -> ok lintwin tank 960.8 (+25.1) miss 69 km (3.1 s)
[14:52:59]     settle 28: 123 @   4654 d -> ok lintwin tank 1054.1 (+18.4) miss 1 km (8.6 s)
[14:53:00]     settle 28: 167 @   4818 d -> ok lintwin tank 941.9 (+11.6) miss 69 km (6.2 s)
[14:53:01]     settle 27: 171 @   4779 d -> ok lintwin tank 1044.8 (+61.1) miss 90 km (7.6 s)
[14:53:03]     settle 26:  72 @   4724 d -> ok lintwin tank 983.1 (+24.1) miss 62 km (5.7 s)
[14:53:04]     settle 24: 116 @   4340 d -> ok lintwin tank 952.9 (+49.5) miss 71 km (6.5 s)
[14:53:04]     settle 28:  89 @   4558 d -> ok lintwin tank 948.1 (+17.8) miss 58 km (3.2 s)
[14:53:04]     settle 26: 283 @   4560 d -> ok lam tank 1034.6 (+30.9) miss 1 km (7.5 s)
[14:53:06]     settle 27:   1 @   4444 d -> ok lintwin tank 1085.4 (+149.7) miss 37 km (6.5 s)
[14:53:07]     settle 26: 118 @   4548 d -> ok lintwin tank 969.6 (+10.6) miss 59 km (3.1 s)
[14:53:07]     settle 25:  78 @   4715 d -> ok lintwin tank 1035.4 (+134.5) miss 3 km (8.5 s)
[14:53:07]     settle 24: 149 @   4389 d -> ok lintwin tank 932.2 (+28.8) miss 93 km (2.5 s)
[14:53:08]     settle 28: 288 @   4443 d -> ok lintwin tank 1067.4 (+31.8) miss 57 km (7.8 s)
[14:53:08]     settle 27: 181 @   4733 d -> ok lintwin tank 997.3 (+13.7) miss 75 km (5.8 s)
[14:53:12]     settle 26: 124 @   4513 d -> ok lin tank 1018.2 (+14.5) miss 72 km (4.1 s)
[14:53:12]     settle 25:   4 @   4495 d -> ok lintwin tank 947.3 (+46.4) miss 81 km (4.1 s)
[14:53:12]     settle 26: 288 @   4594 d -> ok lintwin tank 987.5 (+28.5) miss 71 km (4.9 s)
[14:53:13]     settle 27:   2 @   4732 d -> ok lintwin tank 1018.5 (+34.9) miss 58 km (4.4 s)
[14:53:13]     settle 24:  96 @   4440 d -> ok lintwin tank 916.0 (+12.6) miss 71 km (5.4 s)
[14:53:13]     settle 28: 233 @   4831 d -> ok lintwin tank 945.7 (+15.4) miss 8 km (8.5 s)
[14:53:14]     settle 27: 134 @   4638 d -> ok lintwin tank 1110.8 (+175.1) miss 70 km (7.6 s)
[14:53:17]     settle 27:  33 @   4559 d -> ok lam tank 1027.5 (+9.3) miss 90 km (5.1 s)
[14:53:17]     settle 26:  26 @   4411 d -> ok lintwin tank 973.4 (+14.4) miss 61 km (4.0 s)
[14:53:18]     settle 28: 116 @   4383 d -> ok lintwin tank 1056.1 (+20.4) miss 71 km (6.2 s)
[14:53:18]     settle 25: 183 @   4546 d -> ok lintwin tank 933.9 (+33.0) miss 70 km (5.7 s)
[14:53:19]     settle 28: 298 @   4860 d -> ok lintwin tank 960.5 (+30.3) miss 74 km (4.8 s)
[14:53:19]     settle 27: 120 @   4640 d -> ok lintwin tank 1025.8 (+42.1) miss 74 km (5.5 s)
[14:53:20]     settle 24: 173 @   4626 d -> ok lintwin tank 918.2 (+14.8) miss 79 km (5.7 s)
[14:53:21]     settle 27:  78 @   4675 d -> ok lintwin tank 1044.2 (+108.5) miss 67 km (5.6 s)
[14:53:23]     settle 25: 252 @   4398 d -> ok lintwin tank 936.2 (+35.3) miss 82 km (4.2 s)
[14:53:23]     settle 27: 261 @   4572 d -> ok lintwin tank 971.5 (+35.8) miss 30 km (1.3 s)
[14:53:24]     settle 26:  82 @   4456 d -> ok lintwin tank 995.8 (+36.8) miss 71 km (6.0 s)
[14:53:25]     settle 27: 238 @   4631 d -> ok lintwin tank 942.0 (+6.3) miss 42 km (1.0 s)
[14:53:26]     settle 27: 104 @   4773 d -> ok lam tank 1049.5 (+32.7) miss 5 km (5.5 s)
[14:53:26]     settle 28: 105 @   4513 d -> ok lintwin tank 1030.6 (+100.3) miss 83 km (6.1 s)
[14:53:26]     settle 28: 274 @   4334 d -> ok lintwin tank 1041.4 (+5.7) miss 12 km (7.2 s)
[14:53:26]     settle 27: 199 @   4424 d -> ok lintwin tank 1028.4 (+44.8) miss 56 km (5.7 s)
[14:53:26]     settle 27: 221 @   4532 d -> ok lintwin tank 978.5 (+42.8) miss 5 km (0.7 s)
[14:53:27]     settle 24:  72 @   4573 d -> ok lintwin tank 922.8 (+19.4) miss 73 km (6.3 s)
[14:53:29]     settle 26: 116 @   4419 d -> ok lintwin tank 991.3 (+32.3) miss 69 km (5.2 s)
[14:53:30]     settle 25: 226 @   4526 d -> ok lintwin tank 944.6 (+43.7) miss 79 km (7.0 s)
[14:53:31]     settle 27: 283 @   4380 d -> ok lintwin tank 988.0 (+52.3) miss 72 km (3.8 s)
[14:53:31]     settle 28: 269 @   4610 d -> ok lintwin tank 996.4 (+66.1) miss 63 km (4.8 s)
[14:53:32]     settle 27:  85 @   4348 d -> ok lintwin tank 1019.7 (+36.1) miss 62 km (5.7 s)
[14:53:35]     settle 24: 274 @   4365 d -> ok lintwin tank 941.2 (+37.8) miss 2 km (7.3 s)
[14:53:35]     settle 28: 239 @   4728 d -> ok lintwin tank 964.1 (+27.7) miss 70 km (3.3 s)
[14:53:35]     settle 25:  72 @   4700 d -> ok lintwin tank 947.6 (+46.7) miss 71 km (4.2 s)
[14:53:36]     settle 26:  39 @   4554 d -> ok lintwin tank 977.3 (+18.3) miss 71 km (5.7 s)
[14:53:36]     settle 27:   2 @   4703 d -> ok lam tank 1039.6 (+22.8) miss 3 km (6.4 s)
[14:53:36]     settle 28:  26 @   4408 d -> ok lam tank 1085.9 (+50.3) miss 48 km (6.3 s)
[14:53:37]     settle 28: 239 @   4749 d -> ok lintwin tank 988.2 (+58.0) miss 64 km (4.7 s)
[14:53:38]     settle 27:  72 @   4568 d -> ok lintwin tank 1036.3 (+52.7) miss 52 km (5.1 s)
[14:53:39]     settle 25: 226 @   4343 d -> ok lintwin tank 907.7 (+6.9) miss 71 km (2.6 s)
[14:53:39]     settle 28:  45 @   4717 d -> ok lintwin tank 952.5 (+16.1) miss 68 km (2.8 s)
[14:53:41]     settle 26: 129 @   4579 d -> ok lam tank 992.1 (+33.1) miss 1 km (4.2 s)
[14:53:41]     settle 26: 181 @   4693 d -> ok lintwin tank 927.2 (+19.5) miss 73 km (2.3 s)
[14:53:43]     settle 28: 239 @   4737 d -> ok lintwin tank 983.4 (+4.9) miss 63 km (3.5 s)
[14:53:44]     settle 28:  26 @   4692 d -> ok lintwin tank 961.0 (+30.7) miss 73 km (6.5 s)
[14:53:45]     settle 27:  26 @   4684 d -> ok lintwin tank 1088.2 (+53.6) miss 64 km (7.6 s)
[14:53:46]     settle 27: 129 @   4576 d -> ok lintwin tank 1021.0 (+37.3) miss 68 km (7.2 s)
[14:53:46]     settle 28:  82 @   4444 d -> ok lam tank 1078.3 (+42.6) miss 42 km (6.4 s)
[14:53:46]     settle 28: 129 @   4679 d -> ok lintwin tank 1004.6 (+16.6) miss 59 km (2.6 s)
[14:53:46]     settle 24: 199 @   4421 d -> ok lam tank 953.8 (+50.4) miss 4 km (11.0 s)
[14:53:47]     settle 25: 242 @   4496 d -> ok lintwin tank 931.9 (+31.1) miss 63 km (4.7 s)
[14:53:49]     settle 26: 149 @   4441 d -> ok lintwin tank 1014.7 (+55.8) miss 82 km (7.1 s)
[14:53:49]     settle 26: 104 @   4782 d -> ok lintwin tank 935.2 (+3.3) miss 71 km (2.8 s)
[14:53:50]     settle 28:  54 @   4791 d -> ok lintwin tank 952.9 (+22.6) miss 60 km (5.6 s)
[14:53:51]     settle 28: 118 @   4544 d -> ok lam tank 1094.8 (+59.1) miss 2 km (4.3 s)
[14:53:52]     settle 27: 239 @   4742 d -> ok lam tank 1081.0 (+46.3) miss 3 km (4.9 s)
[14:53:52]     settle 29: 167 @   4811 d -> ok lintwin tank 1025.1 (+20.5) miss 81 km (5.6 s)
[14:53:52]     settle 27: 173 @   4643 d -> ok lintwin tank 1023.7 (+40.0) miss 74 km (5.6 s)
[14:53:52]     settle 27: 261 @   4857 d -> ok lintwin tank 968.8 (+6.1) miss 72 km (3.0 s)
[14:53:53] RESULT s08_c1: 16 columns; frontier 1fb 1 kg p1/3 | 2fb 17 kg p1/2 | 3fb 88 kg p1/1; settles 17 (17 ok), regrids 16 (16 ok); wall 111 s of 420 (plan 32, price 1, settle 79; budget hit None, 0 unsettled)
[14:53:54]     settle 26:  45 @   4712 d -> ok lintwin tank 950.7 (+14.5) miss 77 km (3.5 s)
[14:53:54]   job s08_c1 craft columns  16  levels 6  settles 17/17  end plan_done  wall 111.4 s
[14:53:55]     settle 24:  82 @   4416 d -> ok lintwin tank 947.9 (+44.5) miss 2 km (8.0 s)
[14:53:58]     settle 26:  26 @   4400 d -> ok lintwin tank 973.7 (+14.7) miss 76 km (3.2 s)
[14:53:59]     settle 27:  98 @   4660 d -> ok lintwin tank 1000.6 (+17.0) miss 47 km (5.7 s)
[14:53:59]     settle 28:  78 @   4692 d -> ok lintwin tank 1097.2 (+167.0) miss 62 km (8.2 s)
[14:54:02]     settle 29:  45 @   4724 d -> ok lintwin tank 954.1 (+6.0) miss 71 km (2.6 s)
[14:54:03]     settle 26: 239 @   4728 d -> ok lintwin tank 966.6 (+30.4) miss 72 km (8.1 s)
[14:54:03]     settle 28: 183 @   4356 d -> ok lintwin tank 1071.7 (+36.0) miss 1 km (9.6 s)
[14:54:03]     settle 28:   2 @   4713 d -> ok lam tank 1053.0 (+25.5) miss 1 km (6.1 s)
[14:54:04]     settle 27:  54 @   4780 d -> ok lintwin tank 983.2 (+9.5) miss 47 km (5.9 s)
[14:54:05]     settle 29:  45 @   4727 d -> ok lintwin tank 943.2 (+9.0) miss 62 km (1.5 s)
[14:54:05]     settle 28: 120 @   4644 d -> ok lintwin tank 1059.6 (+31.2) miss 65 km (5.7 s)
[14:54:05]     settle 24: 104 @   4613 d -> ok lintwin tank 1036.9 (+133.5) miss 2 km (9.5 s)
[14:54:09]     settle 27: 298 @   4843 d -> ok lintwin tank 958.1 (+7.5) miss 57 km (5.5 s)
[14:54:09]     settle 27:  72 @   4695 d -> ok lintwin tank 993.6 (+16.3) miss 70 km (3.8 s)
[14:54:12]     settle 28: 274 @   4342 d -> ok lintwin tank 1040.9 (+5.3) miss 1 km (8.0 s)
[14:54:12]     settle 28:  54 @   4795 d -> ok lintwin tank 1052.6 (+31.6) miss 64 km (6.6 s)
[14:54:13]     settle 26:  45 @   4710 d -> ok lintwin tank 973.8 (+29.2) miss 61 km (3.4 s)
[14:54:13]     settle 28: 233 @   4837 d -> ok lam tank 1160.7 (+79.8) miss 1 km (7.7 s)
[14:54:14]     settle 25: 181 @   4746 d -> ok lintwin tank 1124.2 (+87.3) miss 25 km (8.7 s)
[14:54:15]     settle 26:  39 @   4556 d -> ok lintwin tank 977.7 (+18.7) miss 67 km (5.1 s)
[14:54:17]   2 candidates dropped (settle failure / regrid failure / duplicate after truncation)
[14:54:17] RESULT s08_c0: 10 columns; frontier 1fb 13 kg p3/4 | 2fb 21 kg p1/4 | 3fb 49 kg p1/2; settles 12 (11 ok), regrids 10 (10 ok); wall 135 s of 420 (plan 26, price 1, settle 108; budget hit None, 0 unsettled)
[14:54:17]     settle 27: 298 @   4843 d -> ok lintwin tank 996.2 (+22.5) miss 74 km (4.2 s)
[14:54:17]     settle 29:  99 @   4833 d -> FAIL [('lam', 53804703.0)] (11.6 s)
[14:54:18] RESULT s08_c2: 16 columns; frontier 1fb 6 kg p2/3 | 2fb 26 kg p2/3 | 3fb 57 kg p2/2; settles 19 (19 ok), regrids 16 (16 ok); wall 136 s of 420 (plan 35, price 2, settle 101; budget hit None, 0 unsettled)
[14:54:18]   job s08_c0 craft columns  10  levels 7  settles 11/12  end plan_done  wall 134.7 s
[14:54:18]   job s08_c2 craft columns  16  levels 6  settles 19/19  end plan_done  wall 135.8 s
[14:54:19]     settle 29: 181 @   4717 d -> ok lintwin tank 1068.3 (+27.4) miss 62 km (7.4 s)
[14:54:20]     settle 27:   2 @   4821 d -> ok lintwin tank 1001.7 (+24.0) miss 60 km (5.4 s)
[14:54:21] RESULT s08_c7: 16 columns; frontier 1fb -1 kg p1/3 | 2fb 8 kg p0/3; settles 18 (18 ok), regrids 16 (16 ok); wall 139 s of 420 (plan 41, price 1, settle 97; budget hit None, 0 unsettled)
[14:54:21]     settle 28: 120 @   4638 d -> ok lintwin tank 1036.6 (+16.9) miss 47 km (8.0 s)
[14:54:21]     settle 29: 233 @   4830 d -> ok lintwin tank 961.9 (+27.6) miss 62 km (3.7 s)
[14:54:22] RESULT s08_c5: 16 columns; frontier 1fb 13 kg p2/3 | 2fb 52 kg p2/3; settles 16 (16 ok), regrids 16 (16 ok); wall 140 s of 420 (plan 33, price 1, settle 107; budget hit None, 0 unsettled)
[14:54:22]     settle 25: 171 @   4790 d -> ok lam tank 1093.1 (+56.3) miss 10 km (4.4 s)
[14:54:22]   job s08_c5 craft columns  16  levels 6  settles 16/16  end plan_done  wall 139.6 s
[14:54:22]   job s08_c7 craft columns  16  levels 7  settles 18/18  end plan_done  wall 138.8 s
[14:54:23]     settle 29: 123 @   4652 d -> ok lin tank 1057.5 (+16.5) miss 87 km (2.7 s)
[14:54:24]   1 candidates dropped (settle failure / regrid failure / duplicate after truncation)
[14:54:24] RESULT s08_c4: 15 columns; frontier 1fb 3 kg p2/3 | 2fb 13 kg p0/3; settles 16 (15 ok), regrids 15 (15 ok); wall 142 s of 420 (plan 39, price 1, settle 102; budget hit None, 0 unsettled)
[14:54:24]   job s08_c4 craft columns  15  levels 6  settles 15/16  end plan_done  wall 141.8 s
[14:54:28]     settle 29: 129 @   4683 d -> ok lam tank 1075.6 (+21.1) miss 1 km (4.1 s)
[14:54:28]     settle 25: 173 @   4615 d -> ok lintwin tank 920.5 (+4.5) miss 62 km (4.4 s)
[14:54:34]     settle 25: 173 @   4611 d -> ok lintwin tank 934.2 (+2.0) miss 45 km (5.0 s)
[14:54:36]     settle 29:  27 @   4487 d -> ok lintwin tank 1116.9 (+45.2) miss 51 km (7.2 s)
[14:54:42]     settle 26: 181 @   4746 d -> ok lintwin tank 947.0 (+12.8) miss 70 km (7.4 s)
[14:54:44]     settle 29: 173 @   4608 d -> ok lintwin tank 1081.4 (+40.0) miss 53 km (6.8 s)
[14:54:46]     settle 26: 171 @   4795 d -> ok lintwin tank 941.6 (+21.1) miss 18 km (3.2 s)
[14:54:50]     settle 26: 181 @   4755 d -> ok lintwin tank 921.9 (+1.4) miss 67 km (3.6 s)
[14:54:51] RESULT s08_c6: 16 columns; frontier 1fb 5 kg p1/3 | 2fb 17 kg p3/3 | 3fb 18 kg p3/3; settles 18 (18 ok), regrids 16 (16 ok); wall 169 s of 420 (plan 46, price 1, settle 122; budget hit None, 0 unsettled)
[14:54:52]   job s08_c6 craft columns  16  levels 6  settles 18/18  end plan_done  wall 168.5 s
[14:54:53]     settle 30: 148 @   4816 d -> ok lam tank 1111.1 (+29.7) miss 9 km (9.0 s)
[14:55:01]     settle 29:  72 @   4689 d -> ok lam tank 1088.5 (+21.1) miss 1 km (6.2 s)
[14:55:06]     settle 30: 148 @   4798 d -> ok lam tank 1117.9 (+29.4) miss 4 km (4.5 s)
[14:55:18]     settle 30: 123 @   4654 d -> ok lintwin tank 1148.8 (+31.9) miss 65 km (8.3 s)
[14:55:19] RESULT s08_c3: 16 columns; frontier 1fb 5 kg p2/3 | 2fb 21 kg p2/3 | 3fb 75 kg p2/3; settles 19 (19 ok), regrids 16 (16 ok); wall 197 s of 420 (plan 39, price 2, settle 158; budget hit None, 0 unsettled)
[14:55:20]   job s08_c3 craft columns  16  levels 7  settles 19/19  end plan_done  wall 196.8 s
[14:55:20] [slice 8] propose: 121 columns (0 bad dropped) in 198.4 s
[14:55:20] [slice 8] auction: 121 columns, kept 104, dropped {'fuel': 17}; lam 1.50 H_eff 540 d fuel budget 482 kg quota OFF
[14:55:20] [slice 8] auction: status optimal objective 45.029 vars 104 rows 50 chosen 8 fuel 371/482 kg (0.013 s)
[14:55:22] [slice 8] claims: c0:1 c1:1 c2:2 c3:2 c4:3 c5:2 c6:2 c7:2  (15 targets: 0 kept, 15 new; 11 released, 0 expired (ttl 4), 1 conflicts)
[14:55:22] [slice 8 T=4320 d] launched 8/8  covered 223  remaining 75  fuel 3223 kg  sumJi 10.9742  chosen: c0:3(+49) c1:3(+88) c2:3(+57) c3:2(+21) c4:2(+27) c5:2(+76) c6:3(+18) c7:2(+34)  rejected: -  (wall 200 s)
[14:55:22] [slice 9] effective horizon 616.8 d (the last slice absorbs the mission tail; H 540.0)
[14:55:22] [slice 9] claims in force: c0:1 c1:1 c2:2 c3:2 c4:3 c5:2 c6:2 c7:2  (15 targets; claim_bonus 1.0, ttl 4)
[14:55:22]   c0: claims: 1 own (prized +1.0), 14 claimed by others withheld
[14:55:22]   c1: claims: 1 own (prized +1.0), 14 claimed by others withheld
[14:55:22]   c2: claims: 2 own (prized +1.0), 13 claimed by others withheld
[14:55:22]   c3: claims: 2 own (prized +1.0), 13 claimed by others withheld
[14:55:22]   c4: claims: 3 own (prized +1.0), 12 claimed by others withheld
[14:55:22]   c5: claims: 2 own (prized +1.0), 13 claimed by others withheld
[14:55:22]   c6: claims: 2 own (prized +1.0), 13 claimed by others withheld
[14:55:22]   c7: claims: 2 own (prized +1.0), 13 claimed by others withheld
[14:55:22] [slice 9 T=4860 d] propose: 8 jobs (8 craft, 0 root) on 9 workers, proposer planbeam, H_eff 617 d, lam 1.5
[14:55:22] job s09_c0 (craft, craft 0, planbeam): T 4860 d H 617 L 360; plan horizon 5477 d; remaining 61; prize >1 on 61; width 300 npt 6 mc 150 dv 1.6 drmax 0.2 plan_wall 300 s; quota None
[14:55:23] job s09_c3 (craft, craft 3, planbeam): T 4860 d H 617 L 360; plan horizon 5477 d; remaining 62; prize >1 on 62; width 300 npt 6 mc 150 dv 1.6 drmax 0.2 plan_wall 300 s; quota None
[14:55:23] job s09_c1 (craft, craft 1, planbeam): T 4860 d H 617 L 360; plan horizon 5477 d; remaining 61; prize >1 on 61; width 300 npt 6 mc 150 dv 1.6 drmax 0.2 plan_wall 300 s; quota None
[14:55:23] job s09_c2 (craft, craft 2, planbeam): T 4860 d H 617 L 360; plan horizon 5477 d; remaining 62; prize >1 on 62; width 300 npt 6 mc 150 dv 1.6 drmax 0.2 plan_wall 300 s; quota None
[14:55:23] job s09_c4 (craft, craft 4, planbeam): T 4860 d H 617 L 360; plan horizon 5477 d; remaining 63; prize >1 on 63; width 300 npt 6 mc 150 dv 1.6 drmax 0.2 plan_wall 300 s; quota None
[14:55:23] job s09_c7 (craft, craft 7, planbeam): T 4860 d H 617 L 360; plan horizon 5477 d; remaining 62; prize >1 on 62; width 300 npt 6 mc 150 dv 1.6 drmax 0.2 plan_wall 300 s; quota None
[14:55:23] job s09_c6 (craft, craft 6, planbeam): T 4860 d H 617 L 360; plan horizon 5477 d; remaining 62; prize >1 on 62; width 300 npt 6 mc 150 dv 1.6 drmax 0.2 plan_wall 300 s; quota None
[14:55:23] job s09_c5 (craft, craft 5, planbeam): T 4860 d H 617 L 360; plan horizon 5477 d; remaining 62; prize >1 on 62; width 300 npt 6 mc 150 dv 1.6 drmax 0.2 plan_wall 300 s; quota None
[14:55:23] prefix slices/s09/in/craft_7.npz: 27 flybys, t_end 4696.3 d, tank 993.3 kg (planner view), miss 5.7 km, nreg 224
[14:55:23] budget: job_wall 420 s, 420 s left before the plan -> plan cap 300 s (plan_wall 300, settle_reserve 90)
[14:55:23] prefix slices/s09/in/craft_5.npz: 28 flybys, t_end 4630.0 d, tank 1059.3 kg (planner view), miss 9.7 km, nreg 222
[14:55:23] budget: job_wall 420 s, 420 s left before the plan -> plan cap 300 s (plan_wall 300, settle_reserve 90)
[14:55:23] prefix slices/s09/in/craft_4.npz: 29 flybys, t_end 4828.4 d, tank 957.0 kg (planner view), miss 7.4 km, nreg 234
[14:55:23] budget: job_wall 420 s, 420 s left before the plan -> plan cap 300 s (plan_wall 300, settle_reserve 90)
[14:55:23] prefix slices/s09/in/craft_2.npz: 27 flybys, t_end 4843.1 d, tank 957.7 kg (planner view), miss 14.3 km, nreg 241
[14:55:23] budget: job_wall 420 s, 420 s left before the plan -> plan cap 300 s (plan_wall 300, settle_reserve 90)
[14:55:23] prefix slices/s09/in/craft_6.npz: 26 flybys, t_end 4757.5 d, tank 921.9 kg (planner view), miss 22.3 km, nreg 227
[14:55:23] budget: job_wall 420 s, 420 s left before the plan -> plan cap 300 s (plan_wall 300, settle_reserve 90)
[14:55:23] prefix slices/s09/in/craft_3.npz: 29 flybys, t_end 4651.7 d, tank 1057.0 kg (planner view), miss 6.9 km, nreg 229
[14:55:23] budget: job_wall 420 s, 420 s left before the plan -> plan cap 300 s (plan_wall 300, settle_reserve 90)
[14:55:23] prefix slices/s09/in/craft_0.npz: 28 flybys, t_end 4712.5 d, tank 1052.7 kg (planner view), miss 94.7 km, nreg 238
[14:55:23] budget: job_wall 420 s, 420 s left before the plan -> plan cap 300 s (plan_wall 300, settle_reserve 90)
[14:55:23] prefix slices/s09/in/craft_1.npz: 29 flybys, t_end 4810.6 d, tank 1023.7 kg (planner view), miss 18.4 km, nreg 240
[14:55:23] budget: job_wall 420 s, 420 s left before the plan -> plan cap 300 s (plan_wall 300, settle_reserve 90)
[14:55:39] first level (both): 0 production + 20 relaxed (dv 2.5, 0.3 AU; 0.0 s) + 19 lintwin children -> 30 unique (16.4 s)
[14:55:39] plan start: prefix 27 flybys, t_end 4696.3 d, planner mass 968.9 kg (dv 19.676 km/s); 30 first-level states
[14:55:39] first level (both): 0 production + 11 relaxed (dv 2.5, 0.3 AU; 0.0 s) + 12 lintwin children -> 18 unique (16.9 s)
[14:55:39] plan start: prefix 28 flybys, t_end 4630.0 d, planner mass 908.5 kg (dv 22.201 km/s); 18 first-level states
[14:55:40] plan: 42 states, depth 3 new flybys, end plan_done (18 s); deepest 3 new to 5436 d at planner fuel 765 kg
[14:55:40]   depth  1:   18 states (18 in H), t_end 4863-5444 d, fuel 706-755 kg
[14:55:40]   depth  2:   17 states (17 in H), t_end 5183-5447 d, fuel 739-787 kg
[14:55:40]   depth  3:    7 states (7 in H), t_end 5370-5437 d, fuel 765-813 kg
[14:55:40] candidates: 25 distinct committed target sets (n_new 1-3, potential 0-0)
[14:55:40] frontier: 16 candidates chosen (n fb / committed planner kg / continuation (lookahead) [full]; pot_mode lookahead, pot_cap None): 1fb/706kg/p0(0)[0], 1fb/729kg/p2(0)[2], 1fb/729kg/p0(0)[0], 1fb/735kg/p0(0)[0], 1fb/737kg/p0(0)[0], 1fb/739kg/p2(0)[2], 1fb/741kg/p1(0)[1], 1fb/748kg/p1(0)[1], 1fb/755kg/p1(0)[1], 2fb/739kg/p1(0)[1], 2fb/748kg/p0(0)[0], 2fb/751kg/p0(0)[0], 2fb/773kg/p1(0)[1], 3fb/765kg/p0(0)[0], 3fb/792kg/p0(0)[0], 3fb/803kg/p0(0)[0]
[14:55:40] budget: 402 s of 420 left for the settles + regrids (settle_wall 480)
[14:55:40] first level (both): 0 production + 16 relaxed (dv 2.5, 0.3 AU; 0.0 s) + 0 lintwin children -> 11 unique (17.9 s)
[14:55:40] plan start: prefix 29 flybys, t_end 4651.7 d, planner mass 910.5 kg (dv 22.114 km/s); 11 first-level states
[14:55:40] first level (both): 0 production + 7 relaxed (dv 2.5, 0.3 AU; 0.0 s) + 0 lintwin children -> 5 unique (17.9 s)
[14:55:40] plan start: prefix 28 flybys, t_end 4712.5 d, planner mass 914.2 kg (dv 21.956 km/s); 5 first-level states
[14:55:41] first level (both): 0 production + 26 relaxed (dv 2.5, 0.3 AU; 0.0 s) + 19 lintwin children -> 29 unique (17.9 s)
[14:55:41] plan start: prefix 27 flybys, t_end 4843.1 d, planner mass 1004.9 kg (dv 18.244 km/s); 29 first-level states
[14:55:41] first level (both): 0 production + 18 relaxed (dv 2.5, 0.3 AU; 0.0 s) + 24 lintwin children -> 37 unique (18.0 s)
[14:55:41] plan start: prefix 29 flybys, t_end 4828.4 d, planner mass 1005.7 kg (dv 18.215 km/s); 37 first-level states
[14:55:41] first level (both): 0 production + 22 relaxed (dv 2.5, 0.3 AU; 0.0 s) + 26 lintwin children -> 39 unique (18.1 s)
[14:55:41] plan start: prefix 29 flybys, t_end 4810.6 d, planner mass 940.2 kg (dv 20.857 km/s); 39 first-level states
[14:55:41] plan: 26 states, depth 3 new flybys, end plan_done (18 s); deepest 3 new to 5307 d at planner fuel 749 kg
[14:55:41]   depth  1:    5 states (5 in H), t_end 4976-5203 d, fuel 702-742 kg
[14:55:41]   depth  2:   15 states (15 in H), t_end 5111-5433 d, fuel 721-774 kg
[14:55:41]   depth  3:    6 states (6 in H), t_end 5307-5403 d, fuel 749-807 kg
[14:55:41] candidates: 13 distinct committed target sets (n_new 1-3, potential 0-0)
[14:55:41] frontier: 13 candidates chosen (n fb / committed planner kg / continuation (lookahead) [full]; pot_mode lookahead, pot_cap None): 1fb/711kg/p1(0)[1], 1fb/723kg/p2(0)[2], 1fb/735kg/p2(0)[2], 2fb/721kg/p0(0)[0], 2fb/729kg/p0(0)[0], 2fb/741kg/p1(0)[1], 2fb/742kg/p0(0)[0], 2fb/756kg/p0(0)[0], 2fb/774kg/p1(0)[1], 3fb/749kg/p0(0)[0], 3fb/765kg/p0(0)[0], 3fb/777kg/p0(0)[0], 3fb/805kg/p0(0)[0]
[14:55:41] budget: 402 s of 420 left for the settles + regrids (settle_wall 480)
[14:55:41] plan: 38 states, depth 3 new flybys, end plan_done (19 s); deepest 3 new to 5369 d at planner fuel 774 kg
[14:55:41]   depth  1:   11 states (11 in H), t_end 4892-5042 d, fuel 725-749 kg
[14:55:41]   depth  2:   21 states (21 in H), t_end 5043-5432 d, fuel 738-781 kg
[14:55:41]   depth  3:    6 states (6 in H), t_end 5369-5431 d, fuel 774-796 kg
[14:55:41] candidates: 24 distinct committed target sets (n_new 1-3, potential 0-0)
[14:55:41] frontier: 16 candidates chosen (n fb / committed planner kg / continuation (lookahead) [full]; pot_mode lookahead, pot_cap None): 1fb/725kg/p1(0)[1], 1fb/734kg/p2(0)[2], 1fb/735kg/p1(0)[1], 1fb/737kg/p1(0)[1], 1fb/745kg/p1(0)[1], 2fb/738kg/p0(0)[0], 2fb/743kg/p0(0)[0], 2fb/752kg/p1(0)[1], 2fb/756kg/p1(0)[1], 2fb/762kg/p0(0)[0], 2fb/762kg/p0(0)[0], 2fb/769kg/p1(0)[1], 2fb/781kg/p0(0)[0], 3fb/774kg/p0(0)[0], 3fb/784kg/p0(0)[0], 3fb/791kg/p0(0)[0]
[14:55:41] budget: 401 s of 420 left for the settles + regrids (settle_wall 480)
[14:55:41] plan: 162 states, depth 4 new flybys, end plan_done (19 s); deepest 4 new to 5366 d at planner fuel 737 kg
[14:55:41]   depth  1:   30 states (30 in H), t_end 4885-5438 d, fuel 651-701 kg
[14:55:41]   depth  2:   66 states (66 in H), t_end 4964-5469 d, fuel 666-737 kg
[14:55:41]   depth  3:   56 states (56 in H), t_end 5135-5451 d, fuel 672-757 kg
[14:55:41]   depth  4:   10 states (10 in H), t_end 5297-5441 d, fuel 737-791 kg
[14:55:41] candidates: 85 distinct committed target sets (n_new 1-4, potential 0-0)
[14:55:41] frontier: 16 candidates chosen (n fb / committed planner kg / continuation (lookahead) [full]; pot_mode lookahead, pot_cap None): 1fb/651kg/p1(0)[1], 1fb/652kg/p2(0)[2], 1fb/654kg/p3(0)[3], 1fb/668kg/p3(0)[3], 1fb/670kg/p1(0)[1], 1fb/674kg/p3(0)[3], 1fb/695kg/p3(0)[3], 2fb/666kg/p1(0)[1], 2fb/672kg/p1(0)[1], 2fb/689kg/p2(0)[2], 3fb/672kg/p0(0)[0], 3fb/697kg/p0(0)[0], 3fb/730kg/p1(0)[1], 4fb/737kg/p0(0)[0], 4fb/760kg/p0(0)[0], 4fb/771kg/p0(0)[0]
[14:55:41] budget: 401 s of 420 left for the settles + regrids (settle_wall 480)
[14:55:42] first level (both): 0 production + 14 relaxed (dv 2.5, 0.3 AU; 0.0 s) + 27 lintwin children -> 35 unique (19.0 s)
[14:55:42] plan start: prefix 26 flybys, t_end 4757.5 d, planner mass 1044.0 kg (dv 16.749 km/s); 35 first-level states
[14:55:42] plan: 91 states, depth 3 new flybys, end plan_done (19 s); deepest 3 new to 5468 d at planner fuel 771 kg
[14:55:42]   depth  1:   39 states (39 in H), t_end 5015-5477 d, fuel 668-727 kg
[14:55:42]   depth  2:   45 states (45 in H), t_end 5209-5472 d, fuel 703-760 kg
[14:55:42]   depth  3:    7 states (7 in H), t_end 5468-5475 d, fuel 771-784 kg
[14:55:42] candidates: 41 distinct committed target sets (n_new 1-3, potential 0-0)
[14:55:42] frontier: 16 candidates chosen (n fb / committed planner kg / continuation (lookahead) [full]; pot_mode lookahead, pot_cap None): 1fb/668kg/p0(0)[0], 1fb/670kg/p0(0)[0], 1fb/686kg/p1(0)[1], 1fb/688kg/p1(0)[1], 1fb/692kg/p1(0)[1], 1fb/703kg/p1(0)[1], 1fb/717kg/p1(0)[1], 1fb/719kg/p2(0)[2], 1fb/720kg/p1(0)[1], 2fb/703kg/p0(0)[0], 2fb/704kg/p0(0)[0], 2fb/740kg/p1(0)[1], 2fb/747kg/p1(0)[1], 3fb/771kg/p0(0)[0], 3fb/774kg/p0(0)[0], 3fb/774kg/p0(0)[0]
[14:55:42] budget: 401 s of 420 left for the settles + regrids (settle_wall 480)
[14:55:42] plan: 109 states, depth 4 new flybys, end plan_done (19 s); deepest 4 new to 5396 d at planner fuel 758 kg
[14:55:42]   depth  1:   29 states (29 in H), t_end 4896-5419 d, fuel 605-663 kg
[14:55:42]   depth  2:   52 states (52 in H), t_end 5126-5459 d, fuel 625-701 kg
[14:55:42]   depth  3:   25 states (25 in H), t_end 5266-5437 d, fuel 673-738 kg
[14:55:42]   depth  4:    3 states (3 in H), t_end 5391-5416 d, fuel 758-765 kg
[14:55:42] candidates: 64 distinct committed target sets (n_new 1-4, potential 0-0)
[14:55:42] frontier: 16 candidates chosen (n fb / committed planner kg / continuation (lookahead) [full]; pot_mode lookahead, pot_cap None): 1fb/605kg/p1(0)[1], 1fb/612kg/p0(0)[0], 1fb/614kg/p1(0)[1], 1fb/623kg/p1(0)[1], 1fb/627kg/p2(0)[2], 1fb/635kg/p2(0)[2], 1fb/648kg/p2(0)[2], 1fb/663kg/p3(0)[3], 2fb/625kg/p0(0)[0], 2fb/640kg/p0(0)[0], 2fb/698kg/p2(0)[2], 3fb/673kg/p0(0)[0], 3fb/681kg/p0(0)[0], 3fb/728kg/p1(0)[1], 4fb/758kg/p0(0)[0], 4fb/765kg/p0(0)[0]
[14:55:42] budget: 401 s of 420 left for the settles + regrids (settle_wall 480)
[14:55:43] plan: 78 states, depth 3 new flybys, end plan_done (20 s); deepest 3 new to 5352 d at planner fuel 621 kg
[14:55:43]   depth  1:   35 states (35 in H), t_end 4931-5444 d, fuel 565-630 kg
[14:55:43]   depth  2:   26 states (26 in H), t_end 5144-5447 d, fuel 590-671 kg
[14:55:43]   depth  3:   17 states (17 in H), t_end 5339-5458 d, fuel 621-707 kg
[14:55:43] candidates: 46 distinct committed target sets (n_new 1-3, potential 0-0)
[14:55:43] frontier: 16 candidates chosen (n fb / committed planner kg / continuation (lookahead) [full]; pot_mode lookahead, pot_cap None): 1fb/574kg/p0(0)[0], 1fb/580kg/p0(0)[0], 1fb/586kg/p2(0)[2], 1fb/587kg/p1(0)[1], 1fb/588kg/p2(0)[2], 1fb/592kg/p1(0)[1], 1fb/595kg/p1(0)[1], 1fb/605kg/p2(0)[2], 1fb/611kg/p2(0)[2], 1fb/630kg/p2(0)[2], 2fb/590kg/p1(0)[1], 2fb/620kg/p0(0)[0], 2fb/624kg/p0(0)[0], 3fb/621kg/p0(0)[0], 3fb/648kg/p0(0)[0], 3fb/658kg/p0(0)[0]
[14:55:43] budget: 400 s of 420 left for the settles + regrids (settle_wall 480)
[14:55:43] plan: 206 states, depth 4 new flybys, end plan_done (20 s); deepest 4 new to 5448 d at planner fuel 729 kg
[14:55:43]   depth  1:   37 states (37 in H), t_end 4884-5443 d, fuel 607-667 kg
[14:55:43]   depth  2:   90 states (90 in H), t_end 5084-5471 d, fuel 621-698 kg
[14:55:43]   depth  3:   69 states (69 in H), t_end 5303-5476 d, fuel 658-735 kg
[14:55:43]   depth  4:   10 states (10 in H), t_end 5420-5464 d, fuel 729-758 kg
[14:55:43] candidates: 92 distinct committed target sets (n_new 1-4, potential 0-0)
[14:55:43] frontier: 16 candidates chosen (n fb / committed planner kg / continuation (lookahead) [full]; pot_mode lookahead, pot_cap None): 1fb/607kg/p2(0)[2], 1fb/611kg/p1(0)[1], 1fb/614kg/p2(0)[2], 1fb/644kg/p2(0)[2], 1fb/648kg/p2(0)[2], 1fb/652kg/p3(0)[3], 1fb/664kg/p3(0)[3], 2fb/621kg/p0(0)[0], 2fb/632kg/p1(0)[1], 2fb/680kg/p2(0)[2], 3fb/658kg/p0(0)[0], 3fb/659kg/p0(0)[0], 3fb/699kg/p1(0)[1], 4fb/729kg/p0(0)[0], 4fb/739kg/p0(0)[0], 4fb/741kg/p0(0)[0]
[14:55:43] budget: 400 s of 420 left for the settles + regrids (settle_wall 480)
[14:55:44]     settle 29: 105 @   5203 d -> ok lin tank 1056.4 (+3.6) miss 42 km (2.7 s)
[14:55:44]     settle 28: 156 @   5215 d -> ok lintwin tank 974.8 (+17.1) miss 37 km (1.7 s)
[14:55:46]     settle 28: 242 @   5134 d -> ok lintwin tank 1005.2 (+11.9) miss 68 km (4.4 s)
[14:55:48]     settle 29:  51 @   4980 d -> ok lintwin tank 1071.3 (+11.9) miss 2 km (7.4 s)
[14:55:48]     settle 27: 238 @   5442 d -> ok lintwin tank 966.6 (+44.7) miss 89 km (5.7 s)
[14:55:48]     settle 30: 125 @   4884 d -> ok lintwin tank 965.8 (+8.8) miss 78 km (5.4 s)
[14:55:49]     settle 29:   7 @   4976 d -> ok lam tank 1087.9 (+35.1) miss 48 km (4.6 s)
[14:55:50]     settle 28:  53 @   5410 d -> ok lintwin tank 981.6 (+23.9) miss 71 km (5.2 s)
[14:55:52]     settle 28:  89 @   5054 d -> ok lintwin tank 1021.6 (+28.3) miss 46 km (5.2 s)
[14:55:54]     settle 30: 143 @   5032 d -> FAIL [('lam', 16886772.1)] (12.8 s)
[14:55:55]     settle 28: 147 @   5129 d -> ok lintwin tank 976.3 (+18.6) miss 65 km (4.5 s)
[14:55:55]     settle 30: 119 @   5143 d -> ok lintwin tank 969.0 (+12.1) miss 69 km (5.8 s)
[14:55:56]     settle 27: 221 @   5283 d -> ok lintwin tank 955.1 (+33.2) miss 69 km (6.3 s)
[14:55:56]     settle 29:  23 @   4960 d -> ok lintwin tank 1084.6 (+25.2) miss 47 km (7.8 s)
[14:55:56]     settle 29: 121 @   5143 d -> ok lin tank 1062.4 (+9.7) miss 57 km (6.3 s)
[14:55:57]     settle 28: 271 @   4962 d -> ok lintwin tank 1010.1 (+16.8) miss 60 km (4.0 s)
[14:55:59]     settle 28: 247 @   5174 d -> ok lintwin tank 984.4 (+26.7) miss 52 km (3.3 s)
[14:56:01]     settle 30:  55 @   4984 d -> ok lintwin tank 994.8 (+37.8) miss 80 km (5.8 s)
[14:56:03]     settle 29: 121 @   5153 d -> ok lin tank 1063.3 (+10.5) miss 55 km (5.2 s)
[14:56:04]     settle 30: 148 @   4892 d -> ok lin tank 1090.2 (+33.2) miss 1 km (10.0 s)
[14:56:04]     settle 29: 280 @   5295 d -> ok lintwin tank 1247.0 (+187.7) miss 66 km (7.2 s)
[14:56:05]     settle 28: 239 @   5072 d -> ok lintwin tank 981.6 (+23.9) miss 63 km (5.7 s)
[14:56:06]     settle 27:  89 @   5079 d -> ok lintwin tank 985.7 (+63.9) miss 71 km (9.3 s)
[14:56:06]     settle 28: 148 @   4899 d -> ok lintwin tank 1031.6 (+38.3) miss 1 km (8.5 s)
[14:56:07]     settle 30: 149 @   5397 d -> ok lam tank 1083.7 (+20.4) miss 11 km (3.9 s)
[14:56:09]     settle 30: 269 @   5019 d -> ok lintwin tank 987.4 (+30.4) miss 86 km (7.2 s)
[14:56:10]     settle 28:  58 @   5016 d -> ok lintwin tank 985.7 (+28.1) miss 74 km (3.7 s)
[14:56:11]     settle 30: 126 @   5010 d -> ok lam tank 1093.9 (+36.9) miss 3 km (6.0 s)
[14:56:13]     settle 29:  98 @   5444 d -> ok lintwin tank 1080.9 (+21.6) miss 70 km (7.6 s)
[14:56:14]     settle 28: 180 @   5105 d -> ok lintwin tank 1044.1 (+86.4) miss 88 km (3.8 s)
[14:56:15]     settle 28:  80 @   4993 d -> ok lintwin tank 1022.2 (+28.9) miss 28 km (8.3 s)
[14:56:16]     settle 30: 208 @   5068 d -> ok lintwin tank 981.9 (+24.9) miss 73 km (6.4 s)
[14:56:17]     settle 27: 160 @   5337 d -> ok lintwin tank 1044.0 (+122.1) miss 18 km (10.0 s)
[14:56:19]     settle 29: 171 @   5421 d -> ok lam tank 1085.7 (+26.4) miss 6 km (5.1 s)
[14:56:21]     settle 30: 197 @   5477 d -> FAIL [('lam', 149221944.2)] (39.5 s)
[14:56:22]     settle 28: 275 @   4896 d -> ok lintwin tank 1039.9 (+82.2) miss 76 km (6.8 s)
[14:56:23]     settle 28: 185 @   5034 d -> ok lintwin tank 1019.4 (+26.1) miss 0 km (6.2 s)
[14:56:23]     settle 30: 238 @   5422 d -> ok lam tank 1089.4 (+26.1) miss 70 km (13.4 s)
[14:56:23]     settle 30:  80 @   4996 d -> ok lam tank 1086.2 (+29.2) miss 30 km (9.0 s)
[14:56:24]     settle 30: 101 @   4960 d -> ok lintwin tank 1015.2 (+58.2) miss 68 km (7.3 s)
[14:56:26]     settle 28: 295 @   4885 d -> ok lintwin tank 1062.2 (+68.9) miss 93 km (2.7 s)
[14:56:27]     settle 30:  26 @   5263 d -> ok lintwin tank 1035.6 (+11.9) miss 53 km (5.4 s)
[14:56:28]     settle 29: 239 @   5422 d -> ok lintwin tank 987.3 (+12.5) miss 75 km (5.1 s)
[14:56:29]     settle 29: 242 @   5142 d -> ok lintwin tank 1016.2 (+6.1) miss 67 km (2.1 s)
[14:56:29]     settle 30: 193 @   4975 d -> ok lam tank 1118.0 (+61.0) miss 50 km (4.6 s)
[14:56:30]     settle 29:   7 @   4978 d -> ok lintwin tank 1094.1 (+34.7) miss 76 km (8.3 s)
[14:56:30]     settle 27:  21 @   5188 d -> ok lintwin tank 929.8 (+7.9) miss 73 km (2.4 s)
[14:56:33]     settle 29: 242 @   5139 d -> ok lintwin tank 1024.2 (+2.6) miss 62 km (4.0 s)
[14:56:34]     settle 30: 180 @   4901 d -> ok lintwin tank 1167.6 (+210.6) miss 10 km (8.8 s)
[14:56:35]     settle 29: 269 @   5389 d -> ok lintwin tank 993.3 (+17.1) miss 63 km (6.5 s)
[14:56:35]     settle 30: 148 @   4902 d -> ok lin tank 1091.7 (+34.7) miss 22 km (5.2 s)
[14:56:37]     settle 29: 185 @   5030 d -> ok lintwin tank 1026.3 (+16.2) miss 71 km (2.8 s)
[14:56:37]     settle 27: 143 @   5036 d -> ok lintwin tank 1044.8 (+122.9) miss 68 km (5.9 s)
[14:56:39]     settle 30: 248 @   5015 d -> ok lintwin tank 1084.6 (+61.0) miss 53 km (9.4 s)
[14:56:39]     settle 29: 188 @   5126 d -> ok lintwin tank 1219.8 (+160.5) miss 39 km (8.9 s)
[14:56:41]     settle 29: 147 @   5126 d -> ok lintwin tank 1075.0 (+35.1) miss 63 km (5.3 s)
[14:56:43]     settle 30: 179 @   5364 d -> ok lintwin tank 1021.1 (+4.9) miss 50 km (4.8 s)
[14:56:44]     settle 30: 208 @   5121 d -> ok lintwin tank 982.6 (+25.6) miss 54 km (8.5 s)
[14:56:44]     settle 30: 242 @   5093 d -> ok lintwin tank 1059.4 (+35.7) miss 48 km (4.5 s)
[14:56:45]     settle 27: 104 @   5254 d -> ok lintwin tank 1081.3 (+159.4) miss 60 km (6.6 s)
[14:56:45]     settle 29: 156 @   5214 d -> ok lintwin tank 994.6 (+8.9) miss 38 km (3.1 s)
[14:56:45]     settle 31:  26 @   5282 d -> ok lam tank 1113.1 (+21.4) miss 51 km (9.7 s)
[14:56:46]     settle 29: 197 @   4863 d -> ok lintwin tank 1118.3 (+58.9) miss 60 km (6.0 s)
[14:56:49]     settle 30: 239 @   5419 d -> ok lintwin tank 1022.3 (+27.7) miss 63 km (4.3 s)
[14:56:50]     settle 27: 248 @   5006 d -> ok lintwin tank 1025.5 (+103.7) miss 61 km (5.1 s)
[14:56:51]     settle 30: 179 @   5364 d -> ok lintwin tank 1052.3 (+28.1) miss 1 km (7.2 s)
[14:56:52]     settle 30: 188 @   5161 d -> ok lintwin tank 1050.6 (+27.0) miss 53 km (7.2 s)
[14:56:53]     settle 30: 188 @   5111 d -> ok lin tank 1093.7 (+5.8) miss 72 km (28.5 s)
[14:56:53]     settle 29: 269 @   5152 d -> ok lintwin tank 1103.6 (+44.2) miss 62 km (6.6 s)
[14:56:56]     settle 29: 269 @   5141 d -> ok lintwin tank 988.1 (+2.3) miss 66 km (5.6 s)
[14:56:57]     settle 31: 179 @   5365 d -> FAIL [('lam', 13418522.2)] (12.9 s)
[14:56:57]     settle 27:   4 @   5034 d -> ok lintwin tank 938.6 (+16.8) miss 51 km (6.0 s)
[14:56:58]     settle 30: 239 @   5418 d -> ok lintwin tank 1011.0 (+22.9) miss 60 km (1.9 s)
[14:56:58]     settle 30: 149 @   5397 d -> ok lam tank 1076.8 (+20.4) miss 91 km (3.9 s)
[14:56:59]     settle 30: 242 @   5141 d -> ok lintwin tank 1030.7 (+4.5) miss 65 km (7.2 s)
[14:56:59]     settle 31:  89 @   5193 d -> ok lam tank 1118.6 (+28.4) miss 2 km (5.1 s)
[14:57:00]     settle 31: 119 @   5129 d -> ok lin tank 972.3 (+6.5) miss 69 km (3.0 s)
[14:57:02]     settle 30: 105 @   5205 d -> ok lintwin tank 1078.4 (+54.7) miss 72 km (6.9 s)
[14:57:03]     settle 30:  85 @   5266 d -> ok lintwin tank 1099.2 (+24.2) miss 86 km (4.4 s)
[14:57:04]     settle 30: 175 @   5196 d -> ok lintwin tank 1106.3 (+21.8) miss 72 km (9.4 s)
[14:57:05]     settle 27:  80 @   4983 d -> ok lintwin tank 1035.2 (+113.4) miss 65 km (6.7 s)
[14:57:06]     settle 31: 179 @   5366 d -> ok lintwin tank 1042.8 (+12.1) miss 72 km (7.0 s)
[14:57:08]     settle 30: 179 @   5356 d -> ok lintwin tank 1101.2 (+13.3) miss 42 km (7.5 s)
[14:57:08]     settle 30:  89 @   5140 d -> ok lintwin tank 1132.3 (+108.6) miss 80 km (5.5 s)
[14:57:09]     settle 31: 288 @   5191 d -> ok lintwin tank 1244.5 (+76.9) miss 5 km (7.9 s)
[14:57:10]     settle 31: 143 @   5043 d -> ok lintwin tank 1106.0 (+15.8) miss 1 km (8.6 s)
[14:57:11]     settle 28:  91 @   5148 d -> ok lintwin tank 1044.2 (+58.4) miss 71 km (4.6 s)
[14:57:11]     settle 31: 269 @   5396 d -> ok lintwin tank 1136.4 (+37.3) miss 85 km (7.3 s)
[14:57:11]     settle 29:  23 @   4955 d -> ok lintwin tank 1087.8 (+28.4) miss 55 km (6.6 s)
[14:57:11]     settle 31:  54 @   5346 d -> ok lintwin tank 1064.4 (+33.6) miss 83 km (3.9 s)
[14:57:17]     settle 31: 247 @   5199 d -> ok lam tank 991.6 (+25.8) miss 80 km (6.7 s)
[14:57:17]     settle 30: 105 @   5208 d -> ok lam tank 1084.4 (+22.0) miss 39 km (6.6 s)
[14:57:17]     settle 31:  27 @   5352 d -> ok lin tank 1096.2 (+10.0) miss 91 km (3.8 s)
[14:57:17]     settle 30: 261 @   5045 d -> ok lintwin tank 1058.5 (+34.9) miss 82 km (7.9 s)
[14:57:18]     settle 29:  80 @   4991 d -> ok lintwin tank 1103.1 (+71.5) miss 77 km (6.0 s)
[14:57:18]     settle 31:  53 @   5416 d -> ok lintwin tank 1120.3 (+21.1) miss 60 km (6.3 s)
[14:57:19]     settle 30:  85 @   5269 d -> ok lintwin tank 1104.9 (+17.1) miss 66 km (7.9 s)
[14:57:19] RESULT s09_c2: 16 columns; frontier 1fb 17 kg p0/0 | 2fb 29 kg p0/0 | 3fb 53 kg p0/0 | 4fb 162 kg p0/0; settles 18 (18 ok), regrids 16 (16 ok); wall 117 s of 420 (plan 19, price 2, settle 97; budget hit None, 0 unsettled)
[14:57:21]   job s09_c2 craft columns  16  levels 4  settles 18/18  end plan_done  wall 116.6 s
[14:57:23]     settle 30: 105 @   5211 d -> ok lintwin tank 1117.5 (+14.4) miss 73 km (5.2 s)
[14:57:23]     settle 30: 219 @   5095 d -> ok lintwin tank 1083.6 (+59.9) miss 71 km (5.1 s)
[14:57:25]     settle 31: 219 @   5307 d -> ok lin tank 1100.5 (+6.8) miss 69 km (6.5 s)
[14:57:25]     settle 28: 171 @   5447 d -> FAIL [('lam', 30048004.7)] (13.7 s)
[14:57:26]     settle 31: 193 @   5124 d -> ok lam tank 1113.8 (+19.9) miss 59 km (5.3 s)
[14:57:28]     settle 30:  27 @   5355 d -> ok lintwin tank 1233.9 (+14.1) miss 63 km (8.4 s)
[14:57:31]     settle 31: 104 @   5418 d -> ok lintwin tank 1191.1 (+73.6) miss 62 km (7.9 s)
[14:57:31]     settle 31: 149 @   5315 d -> ok lintwin tank 1105.0 (+20.3) miss 71 km (7.4 s)
[14:57:32] RESULT s09_c7: 16 columns; frontier 1fb 11 kg p0/0 | 2fb 23 kg p0/0 | 3fb 28 kg p0/0 | 4fb 49 kg p0/0; settles 18 (18 ok), regrids 16 (16 ok); wall 130 s of 420 (plan 19, price 2, settle 111; budget hit None, 0 unsettled)
[14:57:32]     settle 31: 179 @   5359 d -> ok lam tank 1103.8 (+10.1) miss 2 km (5.8 s)
[14:57:33]   job s09_c7 craft columns  16  levels 4  settles 18/18  end plan_done  wall 129.6 s
[14:57:33]     settle 31: 248 @   5096 d -> ok lam tank 1130.2 (+40.0) miss 87 km (5.5 s)
[14:57:33]     settle 28:  53 @   5416 d -> ok lam tank 1588.6 (+543.8) miss 91 km (7.5 s)
[14:57:38]     settle 32: 239 @   5449 d -> ok lintwin tank 1570.9 (+579.3) miss 32 km (20.9 s)
[14:57:38]     settle 29:  23 @   4965 d -> ok lintwin tank 1085.2 (+25.9) miss 6 km (7.8 s)
[14:57:38]     settle 31:  62 @   5155 d -> ok lam tank 1136.3 (+18.3) miss 1 km (4.7 s)
[14:57:41]     settle 31:  27 @   5346 d -> ok lin tank 1128.9 (+35.2) miss 73 km (5.1 s)
[14:57:42]     settle 31:  84 @   5276 d -> ok lintwin tank 1103.0 (+18.4) miss 78 km (9.5 s)
[14:57:43]     settle 29:  27 @   5352 d -> ok lintwin tank 1109.5 (+65.3) miss 69 km (4.5 s)
[14:57:45]     settle 32: 149 @   5369 d -> ok lam tank 1142.7 (+36.7) miss 0 km (5.4 s)
[14:57:46]     settle 30: 247 @   5183 d -> ok lintwin tank 1130.8 (+45.6) miss 2 km (7.8 s)
[14:57:50]     settle 28:  91 @   5155 d -> ok lintwin tank 1045.1 (+59.3) miss 80 km (7.0 s)
[14:57:51]     settle 31: 104 @   5298 d -> ok lintwin tank 1152.9 (+94.4) miss 62 km (6.7 s)
[14:57:51]     settle 31: 156 @   5239 d -> ok lintwin tank 1053.8 (+59.0) miss 81 km (8.3 s)
[14:57:56]     settle 29: 221 @   5353 d -> ok lintwin tank 1053.0 (+7.9) miss 73 km (5.7 s)
[14:57:56]     settle 32: 160 @   5423 d -> ok lam tank 1154.7 (+36.1) miss 13 km (6.3 s)
[14:57:57]     settle 31: 171 @   5436 d -> ok lintwin tank 1129.5 (+23.1) miss 81 km (7.4 s)
[14:57:57]     settle 31:  21 @   5243 d -> ok lintwin tank 1144.5 (+86.0) miss 16 km (5.6 s)
[14:57:58]     settle 31: 149 @   5398 d -> ok lam tank 1125.5 (+41.1) miss 3 km (14.6 s)
[14:58:00]     settle 32: 239 @   5445 d -> ok lintwin tank 1121.6 (+67.8) miss 80 km (8.6 s)
[14:58:02]     settle 28: 242 @   5268 d -> ok lintwin tank 952.5 (+22.7) miss 63 km (4.8 s)
[14:58:03] RESULT s09_c0: 13 columns; frontier 1fb 3 kg p0/0 | 2fb 24 kg p0/0 | 3fb 47 kg p0/0; settles 14 (14 ok), regrids 13 (13 ok); wall 160 s of 420 (plan 18, price 1, settle 142; budget hit None, 0 unsettled)
[14:58:04]     settle 32:  57 @   5468 d -> ok lam tank 1360.9 (+216.4) miss 7 km (6.7 s)
[14:58:05]   job s09_c0 craft columns  13  levels 3  settles 14/14  end plan_done  wall 160.4 s
[14:58:08]     settle 31: 239 @   5100 d -> ok lintwin tank 1109.8 (+94.6) miss 67 km (7.4 s)
[14:58:09]     settle 31: 171 @   5436 d -> ok lintwin tank 1123.3 (+-7.5) miss 75 km (10.9 s)
[14:58:09]     settle 32: 238 @   5404 d -> ok lam tank 1135.1 (+29.1) miss 1 km (12.0 s)
[14:58:12]     settle 29: 238 @   5442 d -> ok lintwin tank 982.6 (+30.1) miss 33 km (10.0 s)
[14:58:13]   1 candidates dropped (settle failure / regrid failure / duplicate after truncation)
[14:58:13] RESULT s09_c6: 15 columns; frontier 1fb 8 kg p0/0 | 2fb 122 kg p0/0 | 3fb 60 kg p0/0; settles 18 (17 ok), regrids 15 (15 ok); wall 171 s of 420 (plan 20, price 2, settle 151; budget hit None, 0 unsettled)
[14:58:14]   2 candidates dropped (settle failure / regrid failure / duplicate after truncation)
[14:58:14] RESULT s09_c3: 14 columns; frontier 1fb 28 kg p0/0 | 2fb 37 kg p0/0 | 3fb 77 kg p0/0; settles 16 (15 ok), regrids 14 (14 ok); wall 171 s of 420 (plan 19, price 2, settle 152; budget hit None, 0 unsettled)
[14:58:15]   job s09_c3 craft columns  14  levels 3  settles 15/16  end plan_done  wall 171.0 s
[14:58:15]   job s09_c6 craft columns  15  levels 3  settles 17/18  end plan_done  wall 170.6 s
[14:58:16]     settle 32: 115 @   5330 d -> ok lintwin tank 1235.5 (+125.7) miss 4 km (8.1 s)
[14:58:16]     settle 30: 242 @   5190 d -> ok lintwin tank 1124.7 (+30.6) miss 57 km (6.6 s)
[14:58:21]     settle 31: 221 @   5380 d -> ok lam tank 1188.7 (+64.0) miss 1 km (4.7 s)
[14:58:22] RESULT s09_c5: 16 columns; frontier 1fb 11 kg p0/0 | 2fb 45 kg p0/0 | 3fb 64 kg p0/0; settles 19 (19 ok), regrids 16 (16 ok); wall 180 s of 420 (plan 18, price 2, settle 162; budget hit None, 0 unsettled)
[14:58:23]   job s09_c5 craft columns  16  levels 3  settles 19/19  end plan_done  wall 179.9 s
[14:58:27]     settle 31: 115 @   5226 d -> ok lintwin tank 1174.0 (+6.4) miss 80 km (7.4 s)
[14:58:48]     settle 32:  57 @   5473 d -> FAIL [('lam', 11681446.6)] (42.7 s)
[14:58:54]     settle 31:  21 @   5240 d -> ok lintwin tank 1144.4 (+85.8) miss 40 km (6.2 s)
[14:59:12]     settle 32:  82 @   5474 d -> ok lam tank 1401.7 (+257.3) miss 74 km (17.6 s)
[14:59:13]     settle 32: 226 @   5303 d -> FAIL [('lam', 7805491.4)] (46.2 s)
[14:59:20]   2 candidates dropped (settle failure / regrid failure / duplicate after truncation)
[14:59:20] RESULT s09_c1: 14 columns; frontier 1fb 10 kg p0/0 | 2fb 78 kg p0/0 | 3fb 336 kg p0/0; settles 19 (15 ok), regrids 14 (14 ok); wall 237 s of 420 (plan 19, price 2, settle 218; budget hit None, 0 unsettled)
[14:59:21]   job s09_c1 craft columns  14  levels 3  settles 15/19  end plan_done  wall 237.2 s
[14:59:22]     settle 33:  53 @   5428 d -> ok lintwin tank 1295.2 (+59.7) miss 72 km (7.3 s)
[14:59:34]     settle 32: 269 @   5391 d -> FAIL [('lam', 15484335.8)] (12.0 s)
[14:59:34]   2 candidates dropped (settle failure / regrid failure / duplicate after truncation)
[14:59:34] RESULT s09_c4: 14 columns; frontier 1fb 8 kg p0/0 | 2fb 15 kg p0/0 | 3fb 44 kg p0/0 | 4fb 338 kg p0/0; settles 22 (18 ok), regrids 14 (14 ok); wall 252 s of 420 (plan 20, price 2, settle 231; budget hit None, 0 unsettled)
[14:59:35]   job s09_c4 craft columns  14  levels 4  settles 18/22  end plan_done  wall 251.9 s
[14:59:35] [slice 9] propose: 118 columns (0 bad dropped) in 252.5 s
[14:59:35] [slice 9] auction: 118 columns, kept 53, dropped {'fuel': 65}; lam 1.50 H_eff 617 d fuel budget 551 kg quota OFF
[14:59:35] [slice 9] auction: status optimal objective 31.088 vars 53 rows 25 chosen 6 fuel 261/551 kg (0.011 s)
[14:59:43] [slice 9] claims: c0:1  (1 targets: 0 kept, 1 new; 15 released, 0 expired (ttl 4), 0 conflicts)
[14:59:43] [slice 9] fuel dual: lam 1.500 -> 1.200 (chosen 261 / budget 551 kg, ramp drops 0 of 53)
[14:59:43] [slice 9 T=4860 d] launched 8/8  covered 237  remaining 61  fuel 3480 kg  sumJi 11.2608  chosen: c0:1(+3) c1:1(+6) c2:3(+53) c4:2(+15) c6:3(+131) c7:4(+48)  rejected: -  (wall 261 s)
[14:59:43] stop: horizon at T=5477 d (slice 10)
[14:59:43] finalize: fleet/ 8 routes  covered 237  misses 61  fuel 3480 kg  sumJi 11.2608  J 74.2608  honest True
[14:59:43] p17_claims_relax: slice 10 phase propose T=5477 d  launched 8/8  covered 237  remaining 61  fuel 3480 kg  sumJi 11.2608  done True (horizon)
