ID,a,e,i,Omega,omega,M,q,Q,period_yr,match_full_name,pdes,spkid,kind,sbdb_class,pha,H,diameter_km,moid_au,data_arc_d,n_obs,condition_code,first_obs,last_obs,soln_date,orbit_id,sbdb_epoch_jd,sbdb_a,sbdb_e,sbdb_i,sbdb_om,sbdb_w,sbdb_ma,match_dist,second_best,second_dist,dM_sbdb,hz_a,hz_e,hz_i,hz_om,hz_w,hz_ma,hz_da,hz_de,hz_di,hz_dom,hz_dw,hz_dM,hz_maxdev
1,1.7689528,0.4232224,22.14242,336.03924,27.87452,252.06689,1.02029235049728,2.51761324950272,2.3527423367860414,3122 Florence (1981 ET3),3122,20003122,an,AMO,Y,14.08,4.9,.0438758,17341,10321,0,1979-03-09,2026-08-30,2026-08-31 06:24:25,JPL 1063,2461200.5,1.768952762122564,0.4232224394609472,22.14242023332167,336.0392375954034,27.8745219297435,252.0668855042523,0.00017766386833924252,(2020 QM6),252.6913771964054,-4.495747703003872e-06,1.768952761992162,0.4232224395172991,22.1424202341117,336.0392375944667,27.87452192424223,252.0668855746825,-3.800783821006348e-08,3.951729909967838e-08,2.341116989157399e-07,-2.4055332801253826e-06,1.9242422411025473e-06,-4.4253175133235345e-06,4.4253175133235345e-06
2,1.9810687,0.6361991,6.66957,294.34257,237.01137,28.07406,0.72071457602183,3.24142282397817,2.7883629569787973,4183 Cuno (1959 LM),4183,20004183,an,APO,Y,14.18,3.651,.0283573,24561,5430,0,1959-06-05,2026-09-02,2026-09-03 06:18:32,JPL 861,2461200.5,1.981068726824346,0.6361990547302804,6.669563434098072,294.3426303502204,237.0113124248766,28.07405363712729,0.004184412079168148,(2024 YB3),164.32347334437344,-6.3628727104969585e-06,1.981068726557398,0.6361990547075905,6.669563435854788,294.3426303755046,237.0113124066535,28.07405379286348,2.6557398058457693e-08,-4.529240948958346e-08,-6.564145212273331e-06,6.03755045744947e-05,-5.759334649724224e-05,-6.207136522107248e-06,6.03755045744947e-05
3,2.2005608,0.8591108,17.51489,260.13526,243.26877,129.82319,0.3100352506633601,4.091086349336639,3.2643751150647793,16960 (1998 QS52),16960,20016960,an,APO,Y,14.32,,.018079,15773,3519,0,1983-06-14,2026-08-20,2026-08-23 06:49:14,JPL 528,2461200.5,2.200560760989583,0.8591108377047543,17.51488517740576,260.1352737400699,243.2687579621906,129.8231838118127,0.0009484713410491097,(2021 MX),621.9758910742837,-6.188187313682647e-06,2.200560761383193,0.8591108376767729,17.51488517777574,260.1352737479113,243.2687579503026,129.8231836778812,-3.861680708538984e-08,3.767677292376703e-08,-4.8222242625683975e-06,1.3747911282280256e-05,-1.2049697403426762e-05,-6.322118821344702e-06,1.3747911282280256e-05
4,1.2714646,0.8896723,22.31053,265.09881,322.30016,301.48582,0.14027776494942004,2.40265143505058,1.433693808249929,3200 Phaethon (1983 TB),3200,20003200,an,APO,Y,14.38,6.25,.0187322,15468,8544,0,1983-10-27,2026-03-03,2026-06-25 06:18:30,JPL 1003,2461200.5,1.271464620920411,0.8896722843692159,22.31052728047163,265.0988060455101,322.300168483426,301.4858235833354,0.0004887952558165035,(2011 XA3),550.636841066524,3.583335399071075e-06,1.271464621047614,0.8896722843864261,22.31052728295254,265.0988063356999,322.3001680503798,301.4858233452588,2.1047613874003446e-08,-1.5613573878248133e-08,-2.7170474616866613e-06,-3.6643000953517912e-06,8.050379790347506e-06,3.345258789977379e-06,8.050379790347506e-06
5,1.0838865,0.4771016,37.03321,295.27177,104.98562,38.79575,0.5667625166315999,1.6010104833684,1.1284328244621453,242450 (2004 QY2),242450,20242450,an,APO,Y,14.64,2.914,.04698,7597,3754,0,2004-08-20,2025-06-08,2026-04-30 06:18:55,297,2461200.5,1.08388648848771,0.4771015805416846,37.03322124683664,295.2717617150595,104.9856146872035,38.79575295611161,0.000748358529317115,(2018 BX1),450.9321351209429,2.9561116150489397e-06,1.083886488513314,0.4771015805392309,37.0332212466784,295.2717617152987,104.9856146806296,38.79575292737074,-1.1486686046779937e-08,-1.9460769107304543e-08,1.124667840457505e-05,-8.284701323191257e-06,-5.31937041614583e-06,2.9273707582433417e-06,8.284701323191257e-06
6,1.6213702,0.6575603,24.37798,77.51847,77.93611,211.44116,0.5552215248769401,2.6875188751230605,2.064539896831726,4953 (1990 MU),4953,20004953,an,APO,Y,14.88,,.0250784,19025,3378,0,1974-07-21,2026-08-22,2026-09-03 06:18:31,JPL 487,2461200.5,1.621370182800005,0.6575602718120455,24.37799071814845,77.51846195729101,77.93611592182144,211.4411517994251,0.0007348834542848909,(2008 YJ2),439.1274974942348,-8.200574882266665e-06,1.621370182704658,0.6575602718292939,24.37799071857145,77.51846195548781,77.93611592219688,211.4411519101519,-1.729534204741867e-08,-2.817070610117156e-08,1.0718571449075398e-05,-8.044512185279018e-06,5.922196862684359e-06,-8.089848108738806e-06,8.089848108738806e-06
7,2.0774415,0.5069959,43.64693,19.88008,5.84705,90.73316,1.0241871770101498,3.1306958229898503,2.994285481814835,89830 (2002 CE),89830,20089830,an,AMO,Y,14.98,5.067,.0276542,16110,3640,0,1982-05-25,2026-07-03,2026-07-14 06:53:08,JPL 501,2461200.5,2.077441511496064,0.506995949981081,43.64692697984727,19.88007516101048,5.847064747569587,90.7331552490944,0.0007969908850794169,(2020 UO1),605.062390256096,-4.750905588934984e-06,2.077441511015216,0.5069959500597394,43.64692698305539,19.88007516096786,5.847064747486729,90.73315545355538,1.1015215850562754e-08,5.00597393537916e-08,-3.0169446105787756e-06,-4.839032129666521e-06,1.4747486716260028e-05,-4.546444614561551e-06,1.4747486716260028e-05
8,1.7533776,0.4398616,42.03945,310.13923,6.97434,316.90227,0.9821341234598401,2.52462107654016,2.3217378472787393,111253 (2001 XU10),111253,20111253,an,APO,Y,15.23,3.006,.0307474,9703,2420,0,2000-02-08,2026-09-02,2026-09-03 06:18:31,JPL 453,2461200.5,1.753377638838795,0.4398615842130618,42.03945602548743,310.1392283544734,6.974354195553355,316.9022550771614,0.0007770619924733945,(2016 CL246),464.47767422479626,-1.4922838602160482e-05,1.753377638724311,0.4398615842831214,42.03945602699063,310.1392283549926,6.97435419523716,316.9022551330692,3.872431086904271e-08,-1.571687863188842e-08,6.026990625684903e-06,-1.6450073871965287e-06,1.4195237156400253e-05,-1.4866930769130704e-05,1.4866930769130704e-05
9,1.2458036,0.3355178,13.33676,337.13487,277.02906,354.6795,0.82781431689592,1.6637928831040798,1.3905108189981652,1620 Geographos (1951 RA),1620,20001620,an,APO,Y,15.27,2.56,.0295314,27384,9551,0,1951-09-14,2026-09-04,2026-09-04 06:21:19,JPL 918,2461200.5,1.245803622704846,0.3355177775876924,13.33675505981431,337.1348663031888,277.0290683622069,354.6795027335471,0.0005220350891682776,(2020 DU4),278.97202494539806,2.733547091793298e-06,1.245803622775291,0.3355177776326073,13.33675505947561,337.134866302888,277.0290683645829,354.6795026022117,2.2775291208532167e-08,-2.2367392660260776e-08,-4.940524389596135e-06,-3.697111992551072e-06,8.36458286812558e-06,2.602211679914035e-06,8.36458286812558e-06
10,1.7762319,0.6504315,39.82206,356.78899,267.84526,148.63266,0.6209147209351499,2.93154907906485,2.3672792870260952,1981 Midas (1973 EA),1981,20001981,an,APO,Y,15.28,3.4,.00384584,19295,2498,0,1973-03-06,2026-01-02,2026-03-11 23:44:44,402,2461200.5,1.776231868547232,0.6504314469810176,39.82205969987218,356.7889936471771,267.8452607062967,148.6326626269966,0.00021670350221495718,(2015 FA36),529.4216867775092,2.6269966042491433e-06,1.776231868735472,0.6504314469419211,39.82205969789198,356.7889936489951,267.8452607068273,148.6326625000992,-3.1264528077556974e-08,-5.305807893041248e-08,-3.021080203780002e-07,3.6489950616669375e-06,7.068272793731012e-07,2.5000992138757283e-06,3.6489950616669375e-06
11,2.4391983,0.6118902,39.51172,347.89802,162.3993,287.72364,0.9466767643733399,3.93171983562666,3.8095235529992837,137427 (1999 TF211),137427,20137427,an,APO,Y,15.28,,.0283304,9477,867,0,1999-10-06,2025-09-16,2026-08-11 06:19:06,JPL 169,2461200.5,2.439198328124649,0.6118901599784212,39.51171984254442,347.8980278225064,162.3992769828587,287.7236502609338,0.0012184871292066914,(2018 XE5),457.9233134662435,1.0260933834160824e-05,2.439198328204247,0.6118901599375883,39.51171984250148,347.8980278281061,162.3992769845812,287.7236502656954,2.820424693794621e-08,-4.006241172138658e-08,-1.574985191155065e-07,7.828106106444466e-06,-2.3015418804561705e-05,1.0265695436828537e-05,2.3015418804561705e-05
12,2.5430471,0.6246302,0.44808,125.36536,277.86165,125.51616,0.9545830813175799,4.13151111868242,4.055380474097104,4179 Toutatis (1989 AC),4179,20004179,an,APO,Y,15.29,5.4,.00650597,33698,7141,0,1934-02-10,2026-05-16,2026-06-16 11:32:22,JPL 726,2461200.5,2.543047155641573,0.6246302247178447,0.4480836624628189,125.3654799655549,277.8615384113277,125.5161576467994,0.008194418182570912,(2022 AR3),296.20324584270344,-2.353200613924855e-06,2.543047157469753,0.6246302245460388,0.4480836616277842,125.3654804270316,277.8615379441333,125.5161569645016,5.7469752956507136e-08,2.45460387571228e-08,3.6616277842016487e-06,0.00012042703161796453,-0.0001120558666798388,-3.035498394865499e-06,0.00012042703161796453
13,2.1785708,0.7108614,2.52172,74.85241,98.3819,158.2996,0.62990891111288,3.72723268888712,3.2155666632068702,2201 Oljato (1947 XC),2201,20002201,an,APO,Y,15.32,1.80,.00270585,34275,1880,0,1931-12-03,2025-10-05,2026-08-08 17:18:31,JPL 356,2461200.5,2.178570754328033,0.7108613720001856,2.521727702463323,74.8524478280846,98.38185934486657,158.2996003515678,0.0028041132979011846,(2023 XP13),336.75084331276366,3.51567791767593e-07,2.178570754428917,0.7108613719556393,2.521727702841239,74.85244778232949,98.381859382583,158.2996002798055,-4.557108335134785e-08,-2.8044360722567774e-08,7.70284123863263e-06,3.778232948548066e-05,-4.061741699956656e-05,2.798055049879622e-07,4.061741699956656e-05
14,2.136714,0.574076,8.85374,226.433,31.25146,317.0831,0.910077773736,3.363350226264,3.1233423746955378,90075 (2002 VU94),90075,20090075,an,APO,Y,15.38,2.233,.0261362,25753,3624,0,1955-10-25,2026-04-28,2026-04-28 06:20:43,618,2461200.5,2.136714019549971,0.5740759617542821,8.853744331137095,226.432991533423,31.25148035036831,317.0830890214978,0.001125913430814541,(2015 JR),147.88437202555528,-1.0978502189118444e-05,2.136714019892276,0.5740759617748208,8.853744328369496,226.4329915283017,31.25148036727749,317.0830889384252,1.989227582654962e-08,-3.822517924412239e-08,4.328369495709694e-06,-8.471698293988084e-06,2.036727750009959e-05,-1.1061574809900776e-05,2.036727750009959e-05
15,2.7243079,0.6415852,13.83947,133.6246,166.78307,0.37394,0.9764322711169201,4.47218352888308,4.496600295259262,53319 (1999 JM8),53319,20053319,an,APO,Y,15.35,7.,.0256044,10000,1673,0,1999-04-10,2026-08-26,2026-08-26 08:48:33,JPL 329,2461200.5,2.724307859024511,0.6415851993802804,13.83947331984248,133.6245953644687,166.783072693664,0.3739402209455865,0.00031795259445043027,(2026 OR1),351.11705612580647,2.2094559426477645e-07,2.724307857719097,0.6415851994797768,13.83947332616411,133.6245953619492,166.7830726985225,0.3739404945311492,-4.228090277891283e-08,-5.202231978529426e-10,3.3261641103621287e-06,-4.638050796756943e-06,2.698522479249732e-06,4.945311502524419e-07,4.638050796756943e-06
16,2.2620457,0.5935572,23.15184,235.51959,140.00618,133.16977,0.9193921880359599,3.6046992119640398,3.402139067419935,159857 (2004 LJ1),159857,20159857,an,APO,Y,15.46,3.070,.0148973,11390,3315,0,1995-02-03,2026-04-11,2026-05-27 06:17:13,408,2461200.5,2.262045735694703,0.5935571636815873,23.15182986183645,235.5195907980197,140.0061825395738,133.1697743294142,0.0005303034952956204,(2011 WE32),395.89017623780853,4.329414196035941e-06,2.262045735539722,0.5935571636569469,23.15182986346417,235.5195908011073,140.006182543256,133.1697745072811,3.553972227621216e-08,-3.6343053122500635e-08,-1.013653583115115e-05,8.011073191482865e-07,2.5432559880300687e-06,4.5072810905821825e-06,4.5072810905821825e-06
17,2.2301886,0.5419751,39.65677,267.12483,5.0141,305.534,1.02148191049614,3.4388952895038605,3.3305226173664906,242216 (2003 RN10),242216,20242216,an,AMO,Y,15.58,,.00677491,8201,1141,0,2003-09-13,2026-02-25,2026-02-25 05:56:27,201,2461200.5,2.230188590630848,0.5419750837999958,39.65677037370256,267.1248451821052,5.014083905523096,305.533995772274,0.0011069362862323572,(2014 MX17),736.1671292534372,-4.227725980854302e-06,2.230188591256616,0.5419750838390635,39.65677036956871,267.1248451837342,5.014083911817238,305.5339955669953,-8.74338379475148e-09,-1.616093658896034e-08,3.695687098570488e-07,1.5183734205947985e-05,-1.6088182775320092e-05,-4.433004676229757e-06,1.6088182775320092e-05
18,2.2052447,0.6598497,3.02961,82.16378,169.30021,336.40315,0.7501146462784101,3.6603747537215905,3.274803006848003,4486 Mithra (1987 SB),4486,20004486,an,APO,Y,15.62,1.849,.0458128,14311,2070,0,1987-01-29,2026-04-05,2026-04-10 06:55:00,409,2461200.5,2.205244726339535,0.6598497281232912,3.029603411273411,82.1637683090684,169.3002221341814,336.4031483600793,0.0009067394036106511,517829 (2015 RL82),316.454526364131,-1.6399206970163505e-06,2.205244726977166,0.6598497280802946,3.029603413838537,82.16376830440653,169.3002221458252,336.4031481442418,2.6977165834551897e-08,2.8080294645072e-08,-6.586161462873719e-06,-1.1695593457261566e-05,1.2145825195375437e-05,-1.8557581711320381e-06,1.2145825195375437e-05
19,1.9236716,0.6388452,10.7844,40.94164,103.1481,101.26122,0.69474323196368,3.15259996803632,2.6680649648649353,85713 (1998 SS49),85713,20085713,an,APO,Y,15.77,3.484,.004487,10179,1512,0,1998-09-29,2026-08-12,2026-08-13 06:51:30,JPL 292,2461200.5,1.92367160115255,0.6388452368600445,10.78439576893662,40.9416324119034,103.1480997867201,101.2612214185743,0.000440740818175708,(2023 VE7),336.13783134416644,1.4185742998051865e-06,1.92367160103365,0.6388452368410215,10.78439577010355,40.94163240786258,103.148099793235,101.2612215373507,1.0336500544383398e-09,3.6841021455735756e-08,-4.229896449103876e-06,-7.592137421852385e-06,-2.067649802484084e-07,1.5373507267213427e-06,7.592137421852385e-06
20,1.961768,0.4930609,5.31181,168.07244,147.23365,266.59627,0.9944969043287999,2.9290390956712002,2.7477136371484523,12923 Zephyr (1999 GK4),12923,20012923,an,APO,Y,15.80,2.060,.0196294,25930,3011,0,1955-04-21,2026-04-18,2026-06-27 06:19:59,JPL 527,2461200.5,1.961768020564558,0.4930608984502026,5.311806198807854,168.0723946284252,147.2336955486166,266.5962649097501,0.003220201211719225,(2024 RS25),95.82195810663794,-5.090249885597586e-06,1.961768020323416,0.4930608985125563,5.311806199636615,168.0723946161477,147.2336955669724,266.5962650809365,2.032341606117427e-08,-1.487443723746651e-09,-3.8003633857641717e-06,-4.538385229579944e-05,4.5566972374899706e-05,-4.919063485431252e-06,4.5566972374899706e-05
21,1.7597807,0.5788447,7.13333,311.6149,120.82624,110.65203,0.7411409686427101,2.77842043135729,2.334467464514723,86039 (1999 NC43),86039,20086039,an,APO,Y,15.94,2.22,.0248171,9859,1822,0,1999-06-11,2026-06-08,2026-06-09 06:50:12,JPL 354,2461200.5,1.759780688401486,0.578844727082651,7.133321005180862,311.614900917239,120.8262429651626,110.6520335181073,0.000478977165912906,(2017 BC6),261.0327663564487,3.5181072917112033e-06,1.759780688295516,0.5788447270325342,7.133321006709441,311.6149008984518,120.8262429790825,110.6520335623864,-1.1704484048635777e-08,2.7032534211102188e-08,-8.99329055936704e-06,8.984518444776768e-07,2.979082495357943e-06,3.562386410749241e-06,3.562386410749241e-06
22,2.1223157,0.653834,34.88704,275.31036,284.97994,241.5195,0.7346735366061999,3.5099578633938004,3.091825539053706,415029 (2011 UL21),415029,20415029,an,APO,Y,15.93,,.0165723,12734,2113,0,1989-10-29,2024-09-09,2025-10-21 08:34:03,372,2461200.5,2.122315679584494,0.6538340370565823,34.88704303716548,275.3103584584288,284.9799323868226,241.519497200173,0.0004240433569892301,17188 (1999 WC2),416.3658619194509,-2.7998270013540605e-06,2.122315679303367,0.653834037098863,34.88704303928083,275.3103584623506,284.9799323865697,241.519497327005,-2.0696633296068967e-08,3.7098862981643776e-08,3.039280834116198e-06,-1.5376493820440373e-06,-7.6134302844366175e-06,-2.6729949809123354e-06,7.6134302844366175e-06
23,2.8902616,0.8954152,24.285,126.52941,302.96204,171.66312,0.30227743138368013,5.47824576861632,4.913667095095631,533671 Nabu (2014 LJ21),533671,20533671,an,APO,Y,15.93,,.0270039,6977,836,0,2005-05-12,2024-06-18,2026-09-03 06:19:27,JPL 109,2461200.5,2.890261569827199,0.8954152740170674,24.28501139109862,126.5294636781091,302.9619753931048,171.6631237070023,0.004240954265655034,(2025 OZ509),573.3104311260665,3.707002321107211e-06,2.890261569518949,0.8954152740429128,24.28501139253604,126.5294636766689,302.9619753930318,171.6631237316365,-3.0481051016550964e-08,7.404291280099784e-08,1.1392536038101753e-05,5.367666889810607e-05,-6.460696818066936e-05,3.7316364966955007e-06,6.460696818066936e-05
24,1.2900749,0.2993525,64.00427,94.35212,61.50561,121.87829,0.90388775349775,1.67626204650225,1.4652859601392347,2102 Tantalus (1975 YA),2102,20002102,an,APO,Y,15.99,1.649,.0425508,18481,2349,0,1976-01-02,2026-08-08,2026-08-08 06:20:44,JPL 303,2461200.5,1.290074865084854,0.2993525411875109,64.00427834487186,94.35212565291198,61.5056053649752,121.8783009130551,0.0005618666201385334,(2019 XQ3),859.0529085143586,1.0913055092487411e-05,1.290074865067413,0.2993525411822602,64.00427834456009,94.35212565155497,61.50560536328128,121.8783009293412,-3.4932587045233277e-08,4.118226015759063e-08,8.344560086470665e-06,5.65155497156411e-06,-4.636718699657649e-06,1.0929341186738384e-05,1.0929341186738384e-05
25,1.5415156,0.4059747,24.53703,220.68627,321.78869,266.00592,0.91569926674468,2.16733193325532,1.9139116507043168,12538 (1998 OH),12538,20012538,an,APO,Y,15.96,1.663,.0287053,13981,11576,0,1987-08-22,2025-12-01,2025-12-02 06:17:32,653,2461200.5,1.54151556458099,0.4059746714909222,24.53702378696844,220.6862670531178,321.7886995932497,266.0059047137472,0.0005939666379767437,(2020 HR7),322.71122377301117,-1.5286252789792343e-05,1.54151556455947,0.4059746714683435,24.53702378629691,220.686267054652,321.7886995999642,266.005904748677,-3.544053006621084e-08,-2.8531656537378325e-08,-6.213703091617617e-06,-2.945348001048842e-06,9.599964243989234e-06,-1.5251323020493146e-05,1.5251323020493146e-05
26,0.8586365,0.6427473,19.2213,161.99674,47.81378,206.20972,0.30675020794355,1.41052279205645,0.7956352557713102,87684 (2000 SY2),87684,20087684,an,ATE,Y,15.96,,.0467917,17573,2531,0,1977-10-07,2025-11-17,2025-11-18 05:54:39,444,2461200.5,0.8586365365247793,0.6427472570213498,19.22130245275723,161.9967315651016,47.81379291750046,206.2097232475061,0.0007866295714994861,523950 (1998 SZ27),423.82717517452005,3.2475061004788586e-06,0.8586365365189436,0.6427472570206143,19.22130245141392,161.9967315606926,47.81379292395247,206.2097232585411,3.651894353584595e-08,-4.297938571706794e-08,2.4514139198572593e-06,-8.439307379148886e-06,1.2923952454002574e-05,3.258541084960598e-06,1.2923952454002574e-05
27,1.7764915,0.4144802,60.6846,43.45101,2.59571,109.8499,1.0401709477816998,2.5128120522183,2.3677982802020274,138095 (2000 DK79),138095,20138095,an,AMO,Y,15.98,,.048605,14688,1108,0,1986-04-09,2026-06-26,2026-09-02 08:23:36,JPL 230,2461200.5,1.776491520851629,0.4144801994429198,60.6846034617575,43.45100485541386,2.595711976174832,109.8498966338152,0.000326075954450241,345813 (2007 HX4),803.8487474147987,-3.3661847851362836e-06,1.776491520830034,0.414480199486424,60.68460346197541,43.45100485332967,2.595711972522176,109.8498965954966,2.0830034141994247e-08,-5.135760150487556e-10,3.4619754103459854e-06,-5.146670332578651e-06,1.972522170490265e-06,-3.404503388537705e-06,5.146670332578651e-06
28,2.379216,0.5758477,5.87999,26.93149,174.56857,242.39075,1.0091499385968001,3.7492820614032,3.6698710766676736,52768 (1998 OR2),52768,20052768,an,APO,Y,16.02,1.75,.00717786,14014,6120,0,1987-06-30,2025-11-11,2025-12-04 05:26:10,381,2461200.5,2.379215973379453,0.5758477356578579,5.87999427192012,26.93149499099162,174.5685715844605,242.390754609382,0.00034636558656683396,(2006 HW5),98.33184066702859,4.609381988984751e-06,2.37921597324292,0.5758477356169405,5.879994273356695,26.93149499136973,174.5685715958517,242.3907546758221,-2.6757080107131515e-08,3.561694050802089e-08,4.273356694284303e-06,4.991369735307671e-06,1.5958516996761318e-06,4.675822111721573e-06,4.991369735307671e-06
29,1.8469723,0.5893724,51.3362,164.28075,293.54199,43.07106,0.75841780281548,2.93552679718452,2.5100973963501163,23187 (2000 PN9),23187,20023187,an,APO,Y,16.04,,.0139315,13096,2706,0,1990-08-02,2026-06-10,2026-06-16 06:21:02,JPL 496,2461200.5,1.846972271606353,0.5893723822579924,51.33619490892929,164.2807539375426,293.5419880997811,43.07106623931603,0.0003386007983098751,(2020 PC3),656.020100329562,6.239316036271703e-06,1.846972271566973,0.5893723822544344,51.33619490822652,164.280753939137,293.5419880947306,43.07106621358169,-2.8433027043917036e-08,-1.7745565572546695e-08,-5.091773481069595e-06,3.9391370023622585e-06,-1.9052694142374094e-06,6.213581684733072e-06,6.213581684733072e-06
30,1.4707151,0.56018,6.35218,35.50297,286.09771,224.3616,0.646849915282,2.294580284718,1.7835809581481306,1862 Apollo (1932 HA),1862,20001862,an,APO,Y,16.09,1.5,.0263183,34822,3701,0,1930-12-13,2026-04-15,2026-08-31 06:24:24,JPL 579,2461200.5,1.470715141636512,0.5601800481295997,6.352178986018433,35.50294307615321,286.0977380402823,224.3616015046227,0.0019471638926560862,(2025 UR14),287.9631194981362,1.504622701986591e-06,1.470715141695444,0.5601800482297629,6.352178985188774,35.50294308273678,286.0977380255908,224.3616014791252,4.169544398635594e-08,4.8229762850127145e-08,-1.0148112252750252e-06,-2.691726322723298e-05,2.8025590779634513e-05,1.4791251885526435e-06,2.8025590779634513e-05
31,2.7060815,0.8582965,48.41215,309.2807,114.23695,270.53778,0.38346121983524994,5.02870178016475,4.451550539477713,523630 (2009 OG),523630,20523630,an,APO,Y,16.10,,.0441343,5013,311,0,2009-07-17,2023-04-08,2026-02-02 05:18:51,66,2461200.5,2.706081466440559,0.8582964461845293,48.41218592405293,309.2806871957031,114.2369578824038,270.5377814872627,0.0019504513266126544,(2020 QY1),1057.1012718629775,1.4872626934447908e-06,2.706081465338939,0.8582964462151144,48.41218593220992,309.2806872020471,114.2369578832319,270.5377818788323,-3.466106068827912e-08,-5.378488565632722e-08,3.593220992570423e-05,-1.2797952933851775e-05,7.883231887717557e-06,1.8788322790896927e-06,1.2797952933851775e-05
32,2.1329374,0.5261187,11.6234,58.16545,183.58089,165.35889,1.01075914793062,3.25511565206938,3.1150653653626112,143651 (2003 QO104),143651,20143651,an,APO,Y,16.11,,.000108054,16267,1326,0,1981-07-10,2026-01-22,2026-09-03 06:18:33,JPL 313,2461200.5,2.132937443373551,0.5261187140197575,11.62339794349011,58.16545675873449,183.5808884782412,165.358894686971,0.0003650084463634539,(2021 KG),251.28433591713392,4.686971010414709e-06,2.132937443006423,0.5261187140660644,11.6233979453997,58.16545675487534,183.5808884822634,165.3588947536612,4.3006423311453545e-08,1.4066064313311699e-08,-2.0546002996724155e-06,6.7548753577284515e-06,-1.5177366208263265e-06,4.753661187351099e-06,6.7548753577284515e-06
33,1.9713638,0.5537355,27.12971,315.60707,57.99014,59.04571,0.8797496805250999,3.0629779194749003,2.767898536634553,143992 (2004 AF),143992,20143992,an,APO,Y,16.13,,.033438,15083,1242,0,1985-01-21,2026-05-09,2026-05-09 06:52:41,218,2461200.5,1.97136384032924,0.5537354854450662,27.12970927153134,315.6070760711927,57.99013727975882,59.0457078813882,0.0003383019802870373,(2021 RU9),418.8714548791847,-2.1186118033256207e-06,1.971363840341301,0.5537354854538237,27.12970927106264,315.607076065155,57.99013727387393,59.0457078333157,4.034130096641775e-08,-1.4546176374530262e-08,-7.289373584740133e-07,6.065154991574673e-06,-2.726126069774182e-06,-2.166684282656206e-06,6.065154991574673e-06
34,2.626685,0.6307928,2.79844,266.7232,95.499,320.72557,0.969791014132,4.283578985868,4.25708175844157,4015 Wilson-Harrington (1979 VA),4015,20004015,an,APO,Y,16.16,4,.0430642,27524,1522,0,1949-11-19,2025-03-29,2026-03-12 08:02:40,334,2461200.5,2.626684973602551,0.6307928317562872,2.798440660752119,266.7232510779861,95.49895026515443,320.7255713035856,0.003565404741371062,(2024 YM4),269.5832954063913,1.3035855772614013e-06,2.626684972104266,0.6307928318254931,2.798440661674408,266.7232510060605,95.49895033937398,320.7255717123385,-2.7895734167060482e-08,3.1825493018722284e-08,6.616744081533454e-07,5.10060604597129e-05,-4.9660626018521725e-05,1.7123384736805747e-06,5.10060604597129e-05
35,1.1099069,0.292096,44.05781,38.30847,91.01207,20.86395,0.7857075341376,1.4341062658623998,1.1693104392471376,164121 (2003 YT1),164121,20164121,an,APO,Y,16.15,1.717,.00303813,15580,2597,0,1982-11-19,2025-07-16,2025-07-17 05:48:24,356,2461200.5,1.109906933210648,0.2920960046659441,44.05782197033246,38.30847047157867,91.01206924581963,20.8639533381755,0.0006011573133056388,(2019 UU6),269.5616020041574,3.338175503131424e-06,1.109906933207152,0.2920960046449392,44.05782197010662,38.30847046764691,91.01206925083206,20.86395337924843,3.3207152139169693e-08,4.644939155529215e-09,1.1970106619685339e-05,4.6764691319367557e-07,-7.49167952562857e-07,3.3792484259720368e-06,3.3792484259720368e-06
36,2.7171262,0.784464,46.75042,70.17634,277.9808,113.40946,0.5856385126431999,4.8486138873568,4.478831410280345,267494 (2002 JB9),267494,20267494,an,APO,Y,16.17,,.0316893,8350,621,0,2002-04-21,2025-03-01,2025-03-02 05:37:31,126,2461200.5,2.717126159613463,0.7844640480670089,46.75042567115303,70.17634038770063,277.9808066389882,113.4094548522425,0.0004492704693978965,(2016 JU38),665.9959291018318,-5.1477574913860735e-06,2.717126160550511,0.7844640479903118,46.75042566314954,70.17634039384463,277.9808066390098,113.4094546014408,-3.944948900880263e-08,4.799031172453283e-08,5.663149543977397e-06,3.938446297979681e-07,6.639009825448738e-06,-5.398559210334497e-06,6.639009825448738e-06
37,0.7532601,0.3398784,24.92726,272.66887,156.64665,348.82064,0.49724326242815997,1.00927693757184,0.6537586458060702,308242 (2005 GO21),308242,20308242,an,ATE,Y,16.18,,.0439809,7457,557,0,2005-04-01,2025-08-31,2026-06-16 11:32:16,JPL 163,2461200.5,0.7532600546266346,0.3398784441847057,24.92725987484871,272.6688732981203,156.6466486786462,348.8206440063541,0.00020363198397235747,(2017 MS8),375.3107614864193,4.00635406094807e-06,0.7532600546249406,0.3398784441624721,24.92725987517656,272.6688732979414,156.6466486724844,348.8206439992447,-4.537505937651787e-08,4.4162472068176584e-08,-1.2482344047271e-07,3.2979413617795217e-06,-1.3275156049985526e-06,3.999244654551148e-06,3.999244654551148e-06
38,2.1368372,0.5778302,9.53681,78.7561,39.13098,286.60515,0.90210813335656,3.37156626664344,3.123612510048614,31669 (1999 JT6),31669,20031669,an,APO,Y,16.19,,.0012154,11040,1673,0,1996-06-12,2026-09-03,2026-09-04 06:21:23,JPL 234,2461200.5,2.1368372168563,0.5778302071206103,9.536811492316927,78.75610541466426,39.13097993446976,286.6051476828094,0.00028171205129994806,(2017 WS13),287.079401044623,-2.3171905922936276e-06,2.136837216337975,0.5778302071464686,9.536811491448447,78.75610540948529,39.13097993093337,286.6051478555,1.6337974972913116e-08,7.146468639085413e-09,1.4914484474104484e-06,5.409485282825699e-06,-6.906662974870414e-08,-2.1445000015773985e-06,5.409485282825699e-06
39,2.0053413,0.5700748,52.36973,252.04419,219.55372,117.7066,0.86214675947076,3.14853584052924,2.8397652947556566,369264 (2009 MS),369264,20369264,an,APO,Y,16.35,1.515,.0436892,6255,473,0,2009-06-19,2026-08-04,2026-08-05 06:51:01,JPL 87,2461200.5,2.005341305500258,0.5700747704830306,52.36974855826209,252.0441927245203,219.5537153641062,117.7065821942745,0.0009678968403783313,(2020 WP1),845.4370850363844,-1.780572549137105e-05,2.005341305500834,0.5700747704475905,52.36974855888087,252.0441927298916,219.553715364032,117.7065822260458,5.500834010518929e-09,-2.9552409519517653e-08,1.8558880874763872e-05,2.729891605213197e-06,-4.635967997046464e-06,-1.7773954198219144e-05,1.7773954198219144e-05
40,2.2749288,0.5664273,9.28064,247.76284,322.40456,21.0016,0.9863470221237601,3.56351057787624,3.4312448755660925,163051 (2001 YJ4),163051,20163051,an,APO,Y,16.33,,.0326771,17741,2132,0,1978-02-05,2026-09-02,2026-09-03 06:18:50,JPL 392,2461200.5,2.274928837262584,0.5664273126026141,9.280643173479517,247.7628419468742,322.4045551992932,21.00159589845569,0.00030707327519126425,(2025 LQ),366.9283580693625,-4.101544305967764e-06,2.274928837779189,0.5664273125201954,9.280643170831421,247.7628419519066,322.4045551912367,21.0015957214652,3.777918911040956e-08,1.2520195435961057e-08,3.1708314214284883e-06,1.9519065972417593e-06,-4.808763321761944e-06,-4.278534788682009e-06,4.808763321761944e-06
41,2.5345579,0.6190904,47.83485,55.15904,187.34432,105.13552,0.9654374358658399,4.10367836413416,4.035090923276905,507716 (2013 UP8),507716,20507716,an,APO,Y,16.35,,.0422866,4362,221,0,2013-10-25,2025-10-04,2025-10-05 06:20:50,61,2461200.5,2.534557897460023,0.6190903795670463,47.83484886870739,55.15904326629273,187.3443309599889,105.1355191356261,0.0005760651810316035,(2022 GX3),882.6242344238942,-8.643739022318186e-07,2.534557896564017,0.6190903796073497,47.8348488785461,55.15904326951684,187.3443309645116,105.1355193712904,-3.4359826095453627e-09,-2.0392650346146013e-08,-1.1214539057391448e-06,3.269516838599884e-06,1.0964511602651328e-05,-6.287095857260283e-07,1.0964511602651328e-05
42,1.0569542,0.3442881,25.15147,236.20005,255.58121,238.7447,0.69305744669498,1.42085095330502,1.0866364109668516,68950 (2002 QF15),68950,20068950,an,APO,Y,16.39,1.650,.00610739,25963,2954,0,1955-07-23,2026-08-22,2026-08-29 06:18:25,JPL 530,2461200.5,1.056954171251775,0.3442881057690048,25.15147283752495,236.2000565723965,255.5812037934231,238.7447020512931,0.0004747456551837634,(2020 WH),365.94383754165466,2.0512931087068864e-06,1.056954171248535,0.3442881057533692,25.15147283783736,236.2000565714731,255.5812038014383,238.744701946505,-2.8751464986598307e-08,5.753369225480753e-09,2.8378373606585683e-06,6.5714731078969635e-06,-6.198561692372095e-06,1.946504994521092e-06,6.5714731078969635e-06
43,2.1080611,0.7625195,11.62102,135.99028,107.91942,275.26427,0.50062340405855,3.7154987959414503,3.0607283870380018,382395 (1990 SM),382395,20382395,an,APO,Y,16.40,,.0334116,13985,275,0,1987-09-28,2026-01-11,2026-01-12 05:57:21,92,2461200.5,2.108061106447199,0.762519393319993,11.62102154451683,135.9902989660166,107.9194127995397,275.2642604824362,0.0010394320215491382,(2004 QB),431.046853789801,-9.517563796634931e-06,2.108061106465227,0.7625193933272852,11.62102154451452,135.9902989602306,107.9194128073043,275.2642604962337,6.465227020413522e-09,-1.0667271477249329e-07,1.5445145198356158e-06,1.8960230590892024e-05,-7.192695704816288e-06,-9.503766307261685e-06,1.8960230590892024e-05
44,0.7615816,0.6016359,20.2845,203.55397,148.33841,279.20801,0.30338676866055997,1.21977643133944,0.6646219254296563,163243 (2002 FB3),163243,20163243,an,ATE,Y,16.42,1.682,.00314578,8856,1995,0,2002-03-18,2026-06-16,2026-06-17 06:22:31,JPL 378,2461200.5,0.761581594859086,0.6016359830510951,20.28450540275565,203.5539802128999,148.3383919040394,279.2080124749732,0.001086281995455461,(2016 HS6),617.8489890838656,2.4749732006057457e-06,0.7615815948639818,0.6016359830727861,20.28450540397226,203.5539802107857,148.3383919051233,279.208012444576,-5.136018166318479e-09,8.307278609454016e-08,5.403972259898637e-06,1.0210785717390536e-05,-1.8094876708119045e-05,2.444576011839672e-06,1.8094876708119045e-05
45,1.5062784,0.4303842,37.98278,164.09288,125.15536,49.97368,0.85799997583872,2.15455682416128,1.8486635253240153,8566 (1996 EN),8566,20008566,an,APO,Y,16.47,1.568,.022431,15282,3649,0,1983-04-06,2025-02-06,2025-02-07 06:00:27,294,2461200.5,1.506278431810615,0.4303842862505558,37.98278074873155,164.0928825658955,125.1553536665697,49.97368326853591,0.00038588915964494575,(2017 FF65),215.5369494674863,3.2685359201423125e-06,1.506278431861609,0.430384286285494,37.98278074935848,164.0928825635076,125.1553536652322,49.97368319537911,3.186160890678025e-08,8.628549402756036e-08,7.49358484597451e-07,2.5635075928676088e-06,-6.334767817861575e-06,3.195379122189479e-06,6.334767817861575e-06
46,2.1965633,0.5440374,13.53118,82.01076,204.47648,312.60606,1.00155071333258,3.3915758866674204,3.25548414638974,3671 Dionysus (1984 KD),3671,20003671,an,APO,Y,16.50,1.5,.0157607,15365,1193,0,1984-05-27,2026-06-21,2026-09-02 08:22:59,JPL 231,2461200.5,2.196563341845621,0.5440374412790023,13.53117977687433,82.01077735624926,204.4764622709974,312.6060597763846,0.0012440191511869975,(2025 JJ2),296.25638690503916,-2.2361541596183088e-07,2.196563342552698,0.5440374412648084,13.53117977727205,82.01077735924794,204.4764622743857,312.606059514864,4.2552697809838946e-08,4.126480834809598e-08,-2.227279516375802e-07,1.735924792001242e-05,-1.7725614299024528e-05,-4.851360131397087e-07,1.7725614299024528e-05
47,2.8487174,0.6529252,1.99822,141.2725,293.89656,298.65131,0.98871802186152,4.70871677813848,4.8081062080279215,214869 (2007 PA8),214869,20214869,an,APO,Y,16.51,,.0302679,8796,791,0,2002-07-13,2026-08-12,2026-08-15 06:51:50,JPL 183,2461200.5,2.848717454946337,0.6529251623616815,1.998216505735907,141.2725529821645,293.8965027409162,298.651302119041,0.003905571847997717,(2022 CG2),265.3273433517161,-7.880959003614407e-06,2.848717455651474,0.6529251622966369,1.998216504405512,141.2725530925182,293.8965026457123,298.6513019557756,5.565147409569704e-08,-3.770336309827371e-08,-3.4955944880898926e-06,5.3092518186304005e-05,-5.7354287719135755e-05,-8.044224443892745e-06,5.7354287719135755e-05
48,2.6346507,0.8696748,5.9548,84.58326,302.38055,277.11768,0.34336137940764005,4.92594002059236,4.276461508533989,139359 (2001 ME1),139359,20139359,an,APO,Y,16.52,,.0134442,8772,740,0,2001-05-25,2025-05-31,2026-06-16 11:32:04,JPL 136,2461200.5,2.634650239411342,0.8696747013569716,5.95480413405054,84.58332817941987,302.3804834506502,277.1178590139854,0.00479446689157785,(2024 YE5),479.6024454099873,0.0001790139854165318,2.634650238472042,0.869674701405485,5.954804131371903,84.58332823619457,302.3804833916005,277.117859237789,-4.615279580733045e-07,-9.859451499671934e-08,4.131371903248748e-06,6.82361945791854e-05,-6.660839954975017e-05,0.00017923778898421006,0.00017923778898421006
49,1.0779942,0.8270189,22.80162,87.94857,31.44438,329.18266,0.18647262250962,1.9695157774903802,1.1192436427548702,1566 Icarus (1949 MA),1566,20001566,an,APO,Y,16.53,1.0,.0338047,27807,1792,0,1949-07-01,2025-08-18,2026-06-16 11:32:04,JPL 195,2461200.5,1.077994212612045,0.8270188506567441,22.80164022873813,87.94856454873877,31.44439446567389,329.1826621295523,0.0012768447961480711,(2007 MK6),401.7704595271656,2.129552285623504e-06,1.077994212599243,0.8270188506447128,22.80164022384822,87.94856453909104,31.44439447609292,329.1826619851809,1.259924298224746e-08,-4.935528719052229e-08,2.0223848220979335e-05,-5.460908965915223e-06,1.4476092928816797e-05,1.9851809156534728e-06,1.4476092928816797e-05
50,1.8662592,0.5078643,10.61149,284.1074,61.54418,231.68165,0.9184527777734399,2.8140656222265603,2.5495171780363886,99248 (2001 KY66),99248,20099248,an,APO,Y,16.54,1.115,.0466999,12734,3607,0,1991-06-08,2026-04-19,2026-09-03 06:18:32,JPL 352,2461200.5,1.866259181186678,0.5078642903007358,10.61148261192053,284.1074026566808,61.54417486470791,231.6816479645879,0.00046985368384232115,483472 (2002 NX),364.95450649686586,-2.035412080658716e-06,1.866259180846105,0.5078642903634774,10.6114826122529,284.1074026551823,61.54417486706836,231.6816481683666,-1.915389491458086e-08,-9.63652269092563e-09,-7.387747100295883e-06,2.655182299804437e-06,-5.1329316477222164e-06,-1.8316333978418697e-06,5.1329316477222164e-06
51,2.0361805,0.4927933,10.029,313.49561,344.83848,49.36415,1.0327643920093499,3.03959660799065,2.9055236245451606,39572 (1993 DQ1),39572,20039572,an,AMO,Y,16.56,1.554,.0270103,11718,892,0,1993-02-26,2025-03-28,2026-06-06 01:01:06,JPL 187,2461200.5,2.03618046623403,0.492793301049989,10.02899374088699,313.4956481330419,344.8384480210803,49.36413457206289,0.002508193826302986,(2026 PM),200.080597853837,-1.5427937114509405e-05,2.036180466350726,0.4927933010502493,10.02899373839862,313.4956481329444,344.8384480157426,49.36413459535841,-3.364927403382012e-08,1.050249331946418e-09,-6.261601379620174e-06,3.813294438259618e-05,-3.198425741857136e-05,-1.5404641601435287e-05,3.813294438259618e-05
52,1.7352089,0.5283516,42.36114,131.99742,300.71884,105.2967,0.8184085013507599,2.65200929864924,2.2857443230069947,89959 (2002 NT7),89959,20089959,an,APO,Y,16.55,1.407,.000333015,26291,1971,0,1954-07-10,2026-07-03,2026-09-01 06:20:58,JPL 244,2461200.5,1.73520889912276,0.5283515667275085,42.36113116259965,131.9974182881755,300.7188457192464,105.2966912382891,0.0005373810784136064,(2017 CY31),471.6980622720702,-8.761710887483787e-06,1.735208899175718,0.5283515667488823,42.3611311607561,131.9974182887048,300.7188457137566,105.2966910933181,-8.242819760084785e-10,-3.325111774810097e-08,-8.839243896829885e-06,-1.7112951979925128e-06,5.713756593195285e-06,-8.90668189867938e-06,8.90668189867938e-06
53,2.31463,0.6050551,29.53092,132.13915,224.21624,268.48277,0.9141513138870002,3.715108686113,3.5214568130206922,385343 (2002 LV),385343,20385343,an,APO,Y,16.55,1.359,.00741433,8770,1963,0,2002-06-01,2026-06-05,2026-06-07 19:17:01,JPL 301,2461200.5,2.31463003245143,0.6050551059388053,29.5309195292078,132.1391425381684,224.2162364030364,268.4827711160875,0.0004162823342449017,549459 (2011 JX1),471.2523027362941,1.1160875033056072e-06,2.314630032921909,0.6050551059144725,29.53091953004591,132.1391425383684,224.2162363918705,268.4827709292338,3.292190875470169e-08,5.914472578361085e-09,-4.6995408808925276e-07,-7.461631611249686e-06,-3.608129503618329e-06,9.292338063460193e-07,7.461631611249686e-06
54,1.319908,0.3266154,17.99169,18.12085,48.77155,331.74911,0.8888057206168001,1.7510102793832003,1.5164059915196397,68216 (2001 CV26),68216,20068216,an,APO,Y,16.57,0.994,.0243888,8878,3052,0,2001-02-01,2025-05-24,2025-12-09 08:41:42,557,2461200.5,1.319908047368223,0.326615401223688,17.99168617086987,18.12086387761818,48.77154458170832,331.7491105272152,0.0007705652210036921,(2023 UM2),213.63998788959466,5.272152066027047e-07,1.319908047420651,0.3266154012189349,17.99168617000349,18.12086387598166,48.77154458433266,331.7491104095341,4.7420650961527144e-08,1.218934897462276e-09,-3.829996508386557e-06,1.3875981665023573e-05,-5.415667345687325e-06,4.095341523679963e-07,1.3875981665023573e-05
55,1.7074001,0.4367044,22.71515,302.02023,24.71568,91.62974,0.9617709637695601,2.45302923623044,2.231017381328187,68548 (2001 XR31),68548,20068548,an,APO,Y,16.57,1.182,.0253827,11630,1389,0,1994-04-06,2026-02-07,2026-03-11 07:20:43,262,2461200.5,1.707400123005336,0.4367044386411098,22.71515285274391,302.0202378414131,24.71568314728102,91.62974139665714,0.00045313353337144335,(2001 OF25),271.72341614723985,1.3966571259516058e-06,1.707400123031142,0.4367044387017009,22.7151528515763,302.020237841909,24.71568314866616,91.62974144227697,2.303114188251243e-08,3.870170089959046e-08,2.851576297757674e-06,7.841908995942504e-06,3.1486661669077876e-06,1.442276982288604e-06,7.841908995942504e-06
56,1.348659,0.3295322,33.46935,117.85066,47.49688,264.1083,0.9042324326801999,1.7930855673198,1.5662216839025551,7482 (1994 PC1),7482,20007482,an,APO,Y,16.58,1.052,.000613959,18595,2081,0,1974-09-22,2025-08-20,2025-12-09 05:25:28,344,2461200.5,1.348658955990375,0.3295321759502599,33.46934749204918,117.8506529325638,47.49688657781213,264.1083041354863,0.0005030065784642321,(2026 BV2),512.8634354889809,4.135486335599126e-06,1.348658956122474,0.3295321759668011,33.46934749057269,117.8506529308474,47.49688657019556,264.1083040201408,-4.3877526056945726e-08,-2.4033198875450523e-08,-2.5094273112813426e-06,-7.0691526161681395e-06,6.570195552058067e-06,4.020140806915151e-06,7.0691526161681395e-06
57,1.4229631,0.2897508,55.89453,171.12615,186.41125,194.80694,1.01065840340452,1.83526779659548,1.6974244646441157,144332 (2004 DV24),144332,20144332,an,APO,Y,16.60,,.00554886,25995,2148,0,1955-04-24,2026-06-25,2026-09-03 06:18:33,JPL 316,2461200.5,1.422963085370654,0.289750752167058,55.89452431108673,171.1261505006782,186.4112429055532,194.8069378611902,0.000465542640318015,(2025 SR3),984.7341659606988,-2.138809804819175e-06,1.422963085370958,0.2897507521644659,55.89452431223464,171.12615050057,186.4112429038078,194.8069378463418,-1.4629041977798352e-08,-4.7835534089379905e-08,-5.687765366246822e-06,5.005699961202481e-07,-7.096192206290652e-06,-2.1536581868986104e-06,7.096192206290652e-06
58,3.0280445,0.727252,20.16655,110.95612,126.42497,263.41986,0.825893081286,5.230195918714,5.269184187580908,485652 (2011 WO41),485652,20485652,an,APO,Y,16.60,,.0131123,3879,702,0,2011-11-23,2022-07-07,2026-02-14 05:54:47,114,2461200.5,3.028044479443485,0.7272519353672633,20.16655077642213,110.9561232853089,126.4249581817892,263.4198518546545,0.0006283292239802292,(2022 KR7),241.06087328898303,-8.14534553228441e-06,3.028044479212724,0.7272519353781309,20.16655078003096,110.9561232584665,126.424958189887,263.4198519667091,-2.0787275900602253e-08,-6.462186907807421e-08,7.800309589356402e-07,3.2584665063950524e-06,-1.1810112994226074e-05,-8.033290953335381e-06,1.1810112994226074e-05
59,1.6359485,0.5001928,7.40973,10.62092,105.96629,96.27681,0.8176588391292,2.4542381608708,2.09244688113823,5011 Ptah (6743 P-L),5011,20005011,an,APO,Y,16.64,,.0245205,24003,782,0,1960-09-24,2026-06-13,2026-06-14 06:20:29,JPL 187,2461200.5,1.635948502674329,0.5001928386152668,7.409734888368719,10.62090492483549,105.9663030239363,96.2768192349813,0.0010285527856949048,(2021 GY9),229.15905563278488,9.234981291683653e-06,1.635948502853071,0.5001928385970722,7.409734888292768,10.62090491079685,105.9663030368257,96.27681894722079,2.8530708906515656e-09,3.859707220499331e-08,4.888292767901703e-06,-1.508920314563511e-05,1.3036825691870035e-05,8.947220806021505e-06,1.508920314563511e-05
60,0.6423893,0.6883841,38.87863,244.89558,192.65395,5.45664,0.20017871986987,1.08459988013013,0.5148698343159638,66391 Moshup (1999 KW4),66391,20066391,an,ATE,Y,16.64,1.317,.0132404,10188,3871,0,1998-05-29,2026-04-20,2026-04-20 06:20:49,368,2461200.5,0.6423893266185235,0.6883840168509753,38.87861960632899,244.8955891771853,192.6539401611728,5.456735051786742,0.0008665983533315506,(2015 KB57),1026.8716801999299,9.505178672952752e-05,0.6423893266274207,0.6883840168659721,38.87861960776022,244.8955891721224,192.6539401591256,5.456733771394429,2.662742060177692e-08,-8.313402799497993e-08,-1.0392239779832835e-05,9.1721224180219e-06,-9.840874412248013e-06,9.377139443245142e-05,9.377139443245142e-05
61,2.5262805,0.7117857,4.44104,177.7231,316.20909,307.68577,0.7281101659111501,4.32445083408885,4.015340273390912,217628 Lugh (1990 HA),217628,20217628,an,APO,Y,16.68,1.4,.0338864,24078,536,0,1960-09-24,2026-08-27,2026-08-28 05:48:15,JPL 82,2461200.5,2.526280534718457,0.7117856260973109,4.441042008844772,177.7231373287909,316.2090320513922,307.6857695672561,0.0034513533402313833,(2020 WQ1),284.52179519002976,-4.327438887230528e-07,2.526280534875887,0.7117856260525046,4.441042007514306,177.7231373507846,316.2090320317449,307.6857695500022,3.487588706718725e-08,-7.394749534928025e-08,2.0075143059017364e-06,3.735078462341335e-05,-5.796825507786707e-05,-4.499977990235493e-07,5.796825507786707e-05
62,2.387441,0.605372,23.72574,9.79921,145.04893,80.61119,0.9421510669479999,3.832730933052,3.6889177470026633,374851 (2006 VV2),374851,20374851,an,APO,Y,16.71,,.0108545,8092,1610,0,2002-10-04,2024-11-29,2025-10-10 06:20:53,186,2461200.5,2.387441035013246,0.605371949006127,23.72574095756358,9.799215233965592,145.0489220585413,80.61119845511332,0.000489972094415813,(2025 FA),578.0470311981348,8.45511334546245e-06,2.387441035829408,0.605371948948063,23.72574095772708,9.799215228518168,145.0489220604319,80.61119813985212,3.5829407885046294e-08,-5.105193701115951e-08,9.57727081640769e-07,5.2285181766364985e-06,-7.939568121173579e-06,8.139852127442282e-06,8.139852127442282e-06
63,1.7840613,0.5082827,53.19536,357.06027,225.62494,232.59781,0.87725380547049,2.69086879452951,2.3829485127777703,140288 (2001 SN289),140288,20140288,an,APO,Y,16.73,1.263,.0177594,10719,535,0,1996-08-14,2025-12-19,2025-12-20 05:23:03,114,2461200.5,1.784061273087759,0.5082825675484516,53.19538845517877,357.0602810414595,225.6249335891161,232.5978093108448,0.0015819842188345525,(2021 EY3),612.3131239064827,-6.891552004617552e-07,1.784061273262018,0.5082825675040107,53.19538845284141,357.0602810400672,225.6249335914866,232.5978091701041,-2.6737982050661913e-08,-1.3249598929121476e-07,2.8452841405623985e-05,1.1040067192880088e-05,-6.408513399946969e-06,-8.298958960040181e-07,1.1040067192880088e-05
64,3.6552163,0.7238267,44.12226,19.21585,343.26959,158.3527,1.0094731477847898,6.300959452215211,6.988269139017023,(2010 HY22),2010 HY22,50518332,au,APO,Y,16.73,,.0286911,4987,65,1,2010-04-21,2023-12-16,2023-12-28 15:35:59,14,2461200.5,3.655213808419342,0.7238258874779522,44.12227560440807,19.21585259207119,343.2696429408805,158.3529057144186,0.004059695249492776,(2019 WF1),754.675541289249,0.00020571441859829065,2.645413958135457,0.3080878630315297,11.02052552809527,188.7137074694937,112.4727189788322,341.2727862406053,-1.009802341864543,-0.41573883696847036,-33.10173447190473,169.49785746949374,129.20312897883218,-177.07991375939469,177.07991375939469
65,1.2705255,0.5851656,5.05883,96.9752,258.97377,256.07234,0.5270576834772001,2.0139933165227997,1.4321057185583643,5693 (1993 EA),5693,20005693,an,APO,Y,16.78,,.00586101,15464,3139,0,1984-01-10,2026-05-13,2026-05-13 06:52:16,498,2461200.5,1.270525519525638,0.5851655760134417,5.05882729389157,96.97520701484154,258.9737667410413,256.0723380898154,0.0004129918425138385,(2024 AC3),252.33936816763412,-1.9101846078228846e-06,1.270525519505251,0.5851655760164514,5.058827294148315,96.97520703658351,258.9737667141744,256.0723381489129,1.9505250969942267e-08,-2.398354859156626e-08,-2.7058516858247117e-06,7.036583497210813e-06,-3.2858255849532725e-06,-1.85108712003057e-06,7.036583497210813e-06
66,1.8432235,0.5812927,38.56598,116.51175,104.09227,165.59509,0.7717711349815499,2.91467586501845,2.5024591577789344,103067 (1999 XA143),103067,20103067,an,APO,Y,16.80,1.282,.0409757,11244,1694,0,1994-12-02,2025-09-14,2025-12-09 08:43:18,257,2461200.5,1.843223521958707,0.5812927815635156,38.5659705747296,116.5117522411975,104.0922708604292,165.5950917992301,0.000513410342745701,879598 (2014 DM22),500.63235075102256,1.7992300911373604e-06,1.843223522173868,0.5812927815313405,38.56597057505448,116.511752237688,104.0922708661566,165.5950917030138,2.217386807501498e-08,8.153134045674193e-08,-9.42494552447215e-06,2.2376879940111394e-06,8.661565971124219e-07,1.7030137939855194e-06,2.2376879940111394e-06
67,1.572938,0.3950417,1.43938,99.34195,248.25683,279.89083,0.9515618984854001,2.1943141015145997,1.972728899252403,136618 (1994 CN2),136618,20136618,an,APO,Y,16.85,,.0124418,11801,1599,0,1994-02-15,2026-06-08,2026-06-16 06:21:37,JPL 292,2461200.5,1.572937964853921,0.3950416385168786,1.439376487435881,99.3416099770759,248.2571745612514,279.8908087354961,0.024205212524687252,(2023 VK6),291.363134024304,-2.1264503914153465e-05,1.572937964960128,0.395041638508124,1.439376487918883,99.34161002843754,248.2571745022709,279.890808578564,-3.5039871892905694e-08,-6.149187598003536e-08,-3.5120811170408217e-06,-0.00033997156245391125,0.0003445022709058776,-2.142143597438917e-05,0.0003445022709058776
68,1.1365852,0.1437417,13.91996,139.30103,207.02937,228.31822,0.9732105111571601,1.29995988884284,1.2117220052794353,35107 (1991 VH),35107,20035107,an,APO,Y,16.86,0.929,.0264548,12673,6255,0,1991-11-09,2026-07-21,2026-08-31 06:24:41,JPL 788,2461200.5,1.136585170327209,0.1437417409888352,13.91995440611548,139.3010291409591,207.0293694382725,228.3182155941182,0.00029742796719998,(2021 PP5),354.27146619255615,-4.405881810498613e-06,1.136585170255349,0.143741741021582,13.91995440694421,139.301029138316,207.0293694085378,228.318215702948,-2.974465096450274e-08,4.102158199237316e-08,-5.593055789177015e-06,-8.616839863861969e-07,-5.914621965530387e-07,-4.297051987123268e-06,4.297051987123268e-06
69,2.3576072,0.5676514,6.24493,226.5645,181.29566,11.19621,1.01930817226992,3.6959062277300796,3.6199883571832476,138524 (2000 OJ8),138524,20138524,an,AMO,Y,16.86,,.028276,9129,1051,0,2000-07-30,2025-07-28,2026-08-25 07:22:56,JPL 201,2461200.5,2.357607164542569,0.5676513788117616,6.244929612848859,226.5644992722371,181.2956522680237,11.19621169212449,0.00039269638520529485,(2025 WE9),182.37182087360839,1.6921244991863205e-06,2.357607163893899,0.5676513788169001,6.24492961558034,226.5644992761928,181.2956522650379,11.19621194857165,-3.6106100775867844e-08,-2.1183099940813577e-08,-3.8441965966029557e-07,-7.238072043946886e-07,-7.734962110816923e-06,1.9485716507006146e-06,7.734962110816923e-06
70,2.0150725,0.5332099,8.18219,306.75571,175.26452,117.8256,0.94061589378225,3.0895291062177503,2.8604608904356503,251346 (2007 SJ),251346,20251346,an,APO,Y,16.88,,.0415881,12496,1034,0,1990-10-14,2024-12-30,2024-12-31 05:29:02,194,2461200.5,2.015072495217252,0.5332098821162617,8.182185275607045,306.7557565334143,175.2644670869904,117.8256007086437,0.003531283757791285,(2018 AL2),223.21747603607116,7.086437108227983e-07,2.015072495259882,0.5332098820969292,8.182185277344095,306.7557565373921,175.2644670869274,117.8256007380768,-4.740118075829969e-09,-1.790307080362652e-08,-4.722655905453621e-06,4.6537392051959614e-05,-5.291307260790745e-05,7.380768067832832e-07,5.291307260790745e-05
71,1.5075512,0.4165127,16.69512,219.36124,140.29002,93.30517,0.87963697929976,2.13546542070024,1.8510071916042348,68346 (2001 KZ66),68346,20068346,an,APO,Y,16.92,0.736,.0388684,16882,1249,0,1979-12-28,2026-03-18,2026-03-19 06:20:17,256,2461200.5,1.507551202759908,0.4165126854821235,16.69511822794217,219.3612578692698,140.290007032573,93.30515024783578,0.0011078644227024588,(2017 UD8),192.71172545061472,-1.975216423488746e-05,1.507551202775209,0.4165126854719862,16.6951182287653,219.361257866159,140.2900070249531,93.30515025622371,2.775208951533159e-09,-1.4528013791981209e-08,-1.7712347002429851e-06,1.786615899845856e-05,-1.2975046900010057e-05,-1.974377630631352e-05,1.974377630631352e-05
72,2.4449438,0.7906999,1.97391,195.43379,286.41433,268.15672,0.5117269818343799,4.378160618165619,3.8229914011349773,297274 (1996 SK),297274,20297274,an,APO,Y,16.92,1.199,.00623655,10919,492,0,1996-09-13,2026-08-06,2026-08-11 13:48:37,JPL 87,2461200.5,2.444943795022086,0.7906998778709187,1.973914479042071,195.4337819673426,286.4143510558911,268.156700429766,0.0011497058068374278,(2018 FG5),370.6241167399725,-1.95702340306525e-05,2.444943794354117,0.7906998778655141,1.973914478255231,195.4337820881433,286.4143509420841,268.156700629947,-5.645882872329366e-09,-2.213448591081857e-08,4.478255230866424e-06,-7.91185669868355e-06,2.094208412017906e-05,-1.9370052996237064e-05,2.094208412017906e-05
73,1.9672729,0.6076793,2.66375,181.16134,89.3949,96.56151,0.7718018812190299,3.16274391878097,2.75928724957336,143404 (2003 BD44),143404,20143404,an,APO,Y,16.95,,.0176509,16352,1650,0,1981-02-28,2025-12-06,2025-12-08 05:21:20,250,2461200.5,1.967272890877204,0.6076792867521564,2.663754386543048,181.1613208395093,89.39492357556614,96.56150955970882,0.001534998029935234,143487 (2003 CR20),376.65936390967283,-4.4029115997545887e-07,1.967272891171703,0.6076792867885384,2.66375438723666,181.1613207849564,89.39492363037125,96.5615094080647,-8.828296982343886e-09,-1.3211461591389195e-08,4.3872366601860335e-06,-1.9215043607800908e-05,2.363037123132017e-05,-5.919353043282172e-07,2.363037123132017e-05
74,1.84152,0.5061514,5.40987,294.72295,173.52039,274.45797,0.909432073872,2.7736079261280002,2.4989908148930455,7341 (1991 VK),7341,20007341,an,APO,Y,16.96,0.982,.0478435,12775,2421,0,1991-09-12,2026-09-03,2026-09-04 06:21:17,JPL 455,2461200.5,1.841520033898104,0.5061513699283477,5.409870558893831,294.7229780617872,173.5203643415467,274.4579642441045,0.0019026553863139778,(2021 AT5),170.93538928633214,-5.755895472248085e-06,1.841520034047279,0.5061513698388754,5.409870559342964,294.7229780485528,173.520364357465,274.4579641602406,3.404727899614102e-08,-3.016112459786058e-08,5.593429639461078e-07,2.8048552792370174e-05,-2.5642534978942422e-05,-5.839759410264378e-06,2.8048552792370174e-05
75,2.4337077,0.6170326,9.6898,107.56402,237.79733,294.82403,0.9320307102289799,3.9353846897710194,3.7966680207882697,159504 (2000 WO67),159504,20159504,an,APO,Y,16.96,2.324,.0495539,9302,756,0,2000-11-27,2026-05-17,2026-09-01 06:21:32,JPL 170,2461200.5,2.433707676386756,0.6170325707768451,9.689788408394108,107.5640482253939,237.7973083429337,294.824027609444,0.001871934916244781,(2021 MT1),335.3706862394606,-2.3905560055936803e-06,2.433707676269517,0.6170325707698514,9.689788410410737,107.5640482341771,237.7973083172483,294.8240275747804,-2.373048291204327e-08,-2.9230148634873387e-08,-1.1589589263394373e-05,2.823417707986664e-05,-2.1682751679463763e-05,-2.425219577162352e-06,2.823417707986664e-05
76,1.4421372,0.4840079,4.09944,213.60445,103.10746,253.50666,0.7441314023161201,2.14014299768388,1.7318483870295673,35396 (1997 XF11),35396,20035396,an,APO,Y,17.01,0.704,.000159853,13144,2664,0,1990-03-22,2026-03-17,2026-06-27 06:20:02,JPL 422,2461200.5,1.442137239126447,0.4840078498465715,4.09944465209178,213.6044412716029,103.1074672357032,253.5066585686384,0.0006221318447220094,(2023 HE3),273.31079130981635,-1.4313616247818572e-06,1.44213723912876,0.484007849852772,4.099444652696872,213.604441251125,103.1074672494027,253.5066585322277,3.912876000988774e-08,-5.014722798124538e-08,4.652696871332296e-06,-8.748875018227409e-06,7.24940269947183e-06,-1.4677723072509252e-06,8.748875018227409e-06
77,2.5924797,0.6179423,13.23278,1.27533,5.22298,316.73554,0.9904768314786899,4.194482568521311,4.174198009079636,422787 (2001 WS1),422787,20422787,an,APO,Y,17.03,,.0116021,10549,1349,0,1997-08-02,2026-06-20,2026-06-21 06:22:12,JPL 114,2461200.5,2.592479683265474,0.6179422834114804,13.23277398075926,1.275330465542803,5.22297082414246,316.7355463610006,0.000550446761584436,(2022 SB11),278.41652132679025,6.361000600918487e-06,2.59247968214341,0.6179422835082952,13.23277397992759,1.275330466499792,5.222970819067164,316.7355466434227,-1.7856589984432958e-08,-1.6491704890597703e-08,-6.020072410350963e-06,4.6649978457935504e-07,-9.180932835306521e-06,6.643422693741741e-06,9.180932835306521e-06
78,1.5658196,0.407978,36.0152,279.53942,130.68633,138.66261,0.9269996512312001,2.2046395487688,1.959352554753583,294739 (2008 CM),294739,20294739,an,APO,Y,17.04,0.740,.0437237,6471,1912,0,2008-02-02,2025-10-21,2025-10-22 08:23:47,357,2461200.5,1.565819601180114,0.4079779894651361,36.01519512853759,279.5394197670341,130.6863256781655,138.6626205777805,0.0003265034569914035,(2017 AQ4),479.8964427831944,1.0577780500398148e-05,1.565819601094813,0.4079779893553757,36.01519512868136,279.5394197664415,130.6863256752838,138.6626206824836,1.0948131290433594e-09,-1.0644624293121296e-08,-4.871318637356126e-06,-2.3355852363238228e-07,-4.324716201153933e-06,1.0682483605251036e-05,1.0682483605251036e-05
79,1.3084955,0.2126112,9.02376,264.506,184.85396,284.01604,1.0302947015504,1.5866962984496,1.496781304960453,67367 (2000 LY27),67367,20067367,an,AMO,Y,17.08,,.0463995,18299,730,0,1976-05-27,2026-07-03,2026-07-04 06:17:02,JPL 160,2461200.5,1.30849550283369,0.2126112772705565,9.023738871794158,264.5060120251867,184.85393269844,284.0160391199723,0.0018343512278580535,(2006 XQ4),343.3122303980596,-8.800276987130928e-07,1.308495502871254,0.2126112772150199,9.023738872173125,264.5060120255904,184.8539327020493,284.0160389971623,2.8712539013042715e-09,7.721501990576307e-08,-2.1127826874689504e-05,1.2025590422126697e-05,-2.7297950708771168e-05,-1.002837677788193e-06,2.7297950708771168e-05
80,1.9312461,0.6206467,23.55872,115.78687,67.45131,197.87281,0.73262458114713,3.1298676188528702,2.6838388152263293,377732 (2005 XJ8),377732,20377732,an,APO,Y,17.06,0.986,.0160871,7174,874,0,2005-12-04,2025-07-26,2025-07-27 06:21:23,178,2461200.5,1.931246093903698,0.6206466828405265,23.55872222803277,115.7868762330749,67.45130790607072,197.8728164900287,0.0003488763202952566,(2020 OD3),480.8251342689237,6.490028710004481e-06,1.931246094208401,0.6206466827883436,23.55872222639348,115.7868762265735,67.45130791233555,197.8728163262612,-5.791598978177603e-09,-1.7211656433424594e-08,2.22639348024245e-06,6.226573503909094e-06,-2.0876644555301027e-06,6.326261200229055e-06,6.326261200229055e-06
81,0.8830647,0.6328224,17.0676,130.14228,309.26448,331.03403,0.32424157719072,1.44188782280928,0.8298293413251446,85989 (1999 JD6),85989,20085989,an,ATE,Y,17.07,1.462,.0478721,12805,3852,0,1990-06-22,2025-07-13,2026-09-04 06:21:24,JPL 530,2461200.5,0.8830646990257738,0.6328223978541245,17.06759913269018,130.1422777346038,309.2644815743415,331.034043261971,0.0001446594692722692,242191 (2003 NZ6),426.4646127980126,1.3261971048450505e-05,0.8830646989682314,0.6328223977687457,17.06759913152791,130.1422777378101,309.2644815713992,331.0340434203011,-1.03176867050081e-09,-2.231254292439644e-09,-8.684720889107211e-07,-2.26218989496374e-06,1.5713991956545215e-06,1.3420301115729671e-05,1.3420301115729671e-05
82,2.2435916,0.6253872,9.8289,168.05282,116.2708,130.65409,0.8404781313324798,3.6467050686675195,3.360591371776511,9856 (1991 EE),9856,20009856,an,APO,Y,17.08,1.0,.0225618,12747,1365,0,1991-03-13,2026-02-04,2026-02-05 05:19:26,208,2461200.5,2.243591562145471,0.6253872584329812,9.82889487765211,168.0527821315966,116.2708411096343,130.6540871990822,0.0028090446353123506,(2022 FE6),273.50910978613297,-2.80091779814029e-06,2.243591562141163,0.6253872584679424,9.82889488166874,168.0527820888522,116.2708411596331,130.6540863150471,-3.785883695428538e-08,5.8467942376516646e-08,-5.118331261044773e-06,-3.791114778550764e-05,4.11596330991415e-05,-3.684952901039651e-06,4.11596330991415e-05
83,0.6618334,0.5330718,26.45905,155.74474,197.85461,94.64674,0.30902867816188,1.0146381218381202,0.5384222773685335,138127 (2000 EE14),138127,20138127,an,ATE,Y,17.11,0.754,.0230376,9477,1125,0,2000-03-04,2026-02-13,2026-02-14 05:53:52,167,2461200.5,0.6618333682184359,0.5330718625871552,26.45904560502366,155.744756065524,197.8546119388998,94.64671124116724,0.0008483037206524273,(2019 EM1),230.83261217450956,-2.875883274100488e-05,0.6618333682193258,0.5330718625668632,26.45904560592551,155.744756066216,197.8546119360958,94.64671120959348,-3.1780674203396586e-08,6.256686324590532e-08,-4.394074490932098e-06,1.6066216005583556e-05,1.9360957992375916e-06,-2.8790406531697954e-05,2.8790406531697954e-05
84,1.9877259,0.4800069,6.69302,325.70748,173.06866,194.39579,1.03360375269129,2.94184804730871,2.8024298157221277,153591 (2001 SN263),153591,20153591,an,AMO,Y,17.11,2,.047792,13105,3682,0,1990-09-25,2026-08-12,2026-08-20 06:49:32,JPL 324,2461200.5,1.987725893557605,0.4800069029293744,6.69301911385928,325.7074742583671,173.068670228154,194.3957885412683,0.0005882113981282486,(2014 DR21),52.189955212627694,-1.4587317025416269e-06,1.987725893991663,0.4800069028768288,6.693019113759981,325.7074742588372,173.0686702215174,194.3957883459233,-6.008336939089531e-09,2.8768287752001243e-09,-8.862400191489428e-07,-5.741162794947741e-06,1.0221517413810943e-05,-1.6540766978323518e-06,1.0221517413810943e-05
85,1.8451563,0.4660521,42.72023,338.02633,162.24225,305.34112,0.98521733155677,2.70509526844323,2.5063962989808,197588 (2004 HE12),197588,20197588,an,APO,Y,17.12,,.0101676,9126,207,0,2000-09-21,2025-09-16,2025-09-17 02:57:35,65,2461200.5,1.84515632421538,0.466052107743838,42.72022642863897,338.0263352168644,162.2422467476995,305.3411246087073,0.00035664497031203383,(2016 SM3),721.8531444252135,4.6087072860245826e-06,1.845156324125028,0.4660521077268895,42.7202264299176,338.0263352142574,162.2422467525887,305.3411246322264,2.4125027975330227e-08,7.72688946160116e-09,-3.5700823985962415e-06,5.214257441821246e-06,-3.247411314077908e-06,4.6322264211084985e-06,5.214257441821246e-06
86,1.9070776,0.6224092,55.85289,271.0619,71.46206,196.70619,0.72009495664608,3.09406024335392,2.633616579788743,311044 (2004 BB103),311044,20311044,an,APO,Y,17.12,,.0353968,7993,329,0,2004-01-31,2025-12-19,2026-09-03 06:19:07,JPL 79,2461200.5,1.907077600140209,0.6224092514149501,55.8528614494696,271.0618812947862,71.46204685561416,196.7061989799297,0.0018316811207857015,(2021 LB6),674.5029083603606,8.97992970294581e-06,1.907077599986533,0.622409251444386,55.85286145209644,271.0618812967555,71.4620468491539,196.7061990386453,-1.3467005288703149e-11,5.144438597337597e-08,-2.8547903561104704e-05,-1.870324450692351e-05,-1.3150846086773527e-05,9.038645316650218e-06,1.870324450692351e-05
87,2.2201799,0.7775669,3.1187,339.37397,243.2457,238.12487,0.49384149771469016,3.9465183022853103,3.3081275781067045,85182 (1991 AQ),85182,20085182,an,APO,Y,17.13,1.1,.0159703,12373,750,0,1991-01-14,2024-11-29,2024-11-30 05:22:55,164,2461200.5,2.220179896495621,0.7775668486490369,3.118704309944379,339.3739225534139,243.2457479206317,238.1248626877236,0.0033802237654176775,(2024 DW),352.37034171701663,-7.312276380844196e-06,2.220179896253271,0.7775668486431153,3.118704318210527,339.3739227187559,243.2457477649646,238.124862249737,-3.746729149156636e-09,-5.135688463386856e-08,4.318210526932376e-06,-4.728124406483403e-05,4.776496459157897e-05,-7.7502629949322e-06,4.776496459157897e-05
88,2.6003283,0.6340735,17.09388,110.80673,207.63119,180.82234,0.9515290336699501,4.24912756633005,4.193168105946425,435159 (2007 LQ19),435159,20435159,an,APO,Y,17.13,,.0177084,6414,206,0,2007-06-13,2025-01-03,2025-01-04 06:58:47,65,2461200.5,2.600328280624118,0.6340735453802975,17.09388018427707,110.8067483843844,207.6311808802061,180.8223305813123,0.0010303341126236924,(2017 LC),377.3857878919091,-9.418687710649465e-06,2.600328281777816,0.6340735453149982,17.09388018414142,110.8067483877231,207.6311808739748,180.8223302865754,-1.8222184205995973e-08,4.531499819826479e-08,1.8414142033407188e-07,1.8387723116575216e-05,-9.126025190653309e-06,-9.7134245891084e-06,1.8387723116575216e-05
89,1.248516,0.3248821,15.31841,8.869,233.72605,148.38115,0.8428955000364,1.6541364999636,1.3950544810837504,10115 (1992 SK),10115,20010115,an,APO,Y,17.14,0.938,.0454208,26031,2899,0,1953-10-12,2025-01-18,2025-12-22 05:37:35,374,2461200.5,1.248516024397156,0.3248821551152989,15.31841222175664,8.8690083244442,233.7260443528945,148.3811466653697,0.0005273063070337057,(2016 EK156),309.61050472762963,-3.3346302927839133e-06,1.248516024432024,0.3248821551976919,15.31841222203989,8.869008323398122,233.7260443677779,148.3811465893542,2.443202395951971e-08,5.5197691917197034e-08,2.2220398907535355e-06,8.323398134280069e-06,-5.632222098483908e-06,-3.410645803114676e-06,8.323398134280069e-06
90,2.1505803,0.5656677,20.05615,294.79736,326.85322,354.15946,0.9340664880336901,3.3670941119663103,3.1537952505625024,164216 (2004 OT11),164216,20164216,an,APO,Y,17.23,,.0204111,8073,1200,0,2004-07-27,2026-09-03,2026-09-04 06:21:35,JPL 184,2461200.5,2.150580331760167,0.5656677062695886,20.05614730080822,294.7973765948032,326.8532059781284,354.1594567026329,0.0010951625313550667,(2020 NG1),387.88539915682327,-3.29736712956219e-06,2.150580332291577,0.565667706215435,20.05614729770857,294.7973765968678,326.8532059807788,354.1594564862074,3.22915769679355e-08,6.215435055523244e-09,-2.7022914288465927e-06,1.6596867794760328e-05,-1.4019221225680667e-05,-3.5137926488459925e-06,1.6596867794760328e-05
91,2.6887981,0.6358411,0.83203,219.82254,62.87684,357.42282,0.9791497584180899,4.39844644158191,4.408971473044718,374038 (2004 HW),374038,20374038,an,APO,Y,17.15,,.00904746,8173,746,0,2004-04-18,2026-09-03,2026-09-04 06:21:54,JPL 174,2461200.5,2.688798127648747,0.635841066306799,0.8320312889458276,219.8226329429868,62.8767482212119,357.422821335724,0.0065317547926832115,625788 (2006 SA6),456.7638285964076,1.3357239936340193e-06,2.688798126605937,0.6358410664331974,0.8320312876604349,219.8226327380704,62.87674842297716,357.4228215817857,2.6605937009094305e-08,-3.3566802670748075e-08,1.2876604348344145e-06,9.273807040699467e-05,-9.157702282891478e-05,1.5817856819921872e-06,9.273807040699467e-05
92,2.7985809,0.6752615,6.01513,157.57903,25.86502,17.15437,0.9088069635946502,4.68835483640535,4.6817346872114145,500080 (2011 WV134),500080,20500080,an,APO,Y,17.19,,.018111,7182,1936,0,2006-11-23,2026-07-23,2026-07-24 06:17:51,JPL 243,2461200.5,2.798580878950351,0.6752615319726846,6.015133787318945,157.5790405329521,25.86501736285739,17.15437158331916,0.0005789089418034999,(2015 KQ57),239.28923719734635,1.5833191469027952e-06,2.798580878586466,0.6752615319642113,6.01513378563854,157.5790405166966,25.86501736664259,17.15437164455529,-2.141353405704649e-08,3.196421138884631e-08,3.785638539532954e-06,1.0516696619333743e-05,-2.633357411241377e-06,1.6445552830646193e-06,1.0516696619333743e-05
93,1.9222931,0.5397498,22.76523,239.03405,43.4167,29.7237,0.8847357837336202,2.9598504162663803,2.665197582062099,53426 (1999 SL5),53426,20053426,an,APO,Y,17.19,,.0268651,8871,1284,0,1999-09-28,2024-01-11,2024-09-11 06:24:51,242,2461200.5,1.922293127809326,0.5397498283093624,22.76522914541405,239.0340470943301,43.41670619008253,29.72369679431651,0.00035029263443879516,(2021 JD6),624.489061151962,-3.2056834982086002e-06,1.9222931279792,0.5397498283589182,22.7652291431351,239.0340470929613,43.41670619717612,29.72369675418187,2.797919984587338e-08,2.8358918213733375e-08,-8.568648972584469e-07,-2.9070387199681136e-06,6.197176105615654e-06,-3.245818135155787e-06,6.197176105615654e-06
94,2.7461899,0.6213942,24.8525,93.21843,178.32543,337.6525,1.03972342404142,4.452656375958581,4.550884866160743,484517 (2008 EC69),484517,20484517,an,AMO,Y,17.19,,.0233682,11752,515,0,1994-05-04,2026-07-07,2026-07-14 06:54:04,JPL 112,2461200.5,2.746189878259294,0.6213942502696469,24.85250519542008,93.21842396626319,178.3254330960678,337.6525105938229,0.0004393641103660923,(2015 KR154),503.0559171678698,1.0593822935334174e-05,2.746189877337957,0.6213942502825152,24.8525052004286,93.218423963223,178.3254330982799,337.6525107467278,-2.2662042908905278e-08,5.028251515160065e-08,5.2004285997497846e-06,-6.036776994733373e-06,3.098279876212473e-06,1.0746727809873846e-05,1.0746727809873846e-05
95,1.6416873,0.8863572,9.90138,188.12971,222.96678,107.19873,0.18656594149644007,3.09680865850356,2.1034667808624072,89958 (2002 LY45),89958,20089958,an,APO,Y,17.22,,.000386186,9473,1129,0,2000-06-14,2026-05-22,2026-05-22 07:19:34,190,2461200.5,1.641687253664004,0.8863572148214808,9.901380474279671,188.1297137800791,222.9667810287944,107.1987313747521,0.00020483315835186845,(2016 JJ24),560.8984213578964,1.3747521165896615e-06,1.641687253658718,0.8863572148240243,9.901380478485008,188.1297138008701,222.9667810073352,107.1987313807214,-4.6341282144979346e-08,1.4824024341386632e-08,4.784850080596925e-07,3.8008701039871085e-06,1.007335185931879e-06,1.3807214145344915e-06,3.8008701039871085e-06
96,2.2263691,0.5350316,10.84584,132.16563,206.19444,88.26347,1.0351912782364399,3.41754692176356,3.321970325195748,348400 (2005 JF21),348400,20348400,an,AMO,Y,17.25,,.0480959,8474,2112,0,2002-11-19,2026-01-31,2026-06-16 11:32:16,JPL 320,2461200.5,2.226369118849572,0.5350315433203054,10.84583805973628,132.1656362554782,206.1944365433055,88.26346516767555,0.0003877068181342226,(2025 OH17),172.4580799597434,-4.832324464132398e-06,2.226369118294295,0.5350315433756664,10.84583806137113,132.1656362633144,206.1944365428728,88.26346535632842,1.8294294967802216e-08,-5.6624333666377424e-08,-1.9386288716560784e-06,6.263314418220034e-06,-3.4571271783079283e-06,-4.643671559279028e-06,6.263314418220034e-06
97,2.2793664,0.6462927,8.02751,347.42493,233.52042,142.23837,0.8062285350547198,3.75250426494528,3.441289529658399,253841 (2003 YG118),253841,20253841,an,APO,Y,17.26,,.0110456,8015,583,0,2003-12-17,2025-11-26,2026-08-25 07:22:58,JPL 131,2461200.5,2.27936636447441,0.6462926498250525,8.027517093468532,347.4249322264631,233.52041711,142.2383784448113,0.0004127935357565043,(2026 EC1),348.0938070719952,8.444811300023503e-06,2.279366364205579,0.6462926498896564,8.027517094850031,347.4249322348239,233.5204170918401,142.2383784051537,-3.5794420760737466e-08,-5.011034365232092e-08,7.094850031919009e-06,2.234823909930128e-06,-2.908159899561724e-06,8.405153693047396e-06,8.405153693047396e-06
98,1.4421785,0.586574,5.52413,311.66594,291.99797,173.53972,0.5962340885409999,2.2881229114590003,1.731922782708219,4450 Pan (1987 SY),4450,20004450,an,APO,Y,17.27,,.028861,32459,1594,0,1937-02-06,2025-12-20,2025-12-22 05:37:35,281,2461200.5,1.442178472395645,0.5865739819170429,5.524126776230638,311.6659474343363,291.9979652348399,173.5397158120864,0.00047222025049757486,(2020 RX),272.0063775111446,-4.1879135892486374e-06,1.4421784724615,0.5865739819513637,5.524126775135444,311.6659474545766,291.9979652170394,173.5397157417319,-2.7538499924872895e-08,-1.8048636363232617e-08,-3.22486455672788e-06,7.454576632426324e-06,-4.782960616012133e-06,-4.2582680919167615e-06,7.454576632426324e-06
99,1.6984528,0.5075685,12.15584,356.54428,224.82289,130.37961,0.8363716599832001,2.5605339400168003,2.213503553378276,29075 (1950 DA),29075,20029075,an,APO,Y,17.28,1.3,.0392216,27458,1177,0,1950-02-23,2025-04-28,2025-10-25 09:25:57,281,2461200.5,1.69845277289478,0.5075684254529343,12.15583900343037,356.544301302666,224.8228676037718,130.379610378207,0.0015536837409624606,(2022 CC3),277.25623772256597,3.7820697684765037e-07,1.698452772826909,0.5075684254446652,12.15583900416847,356.5443013042114,224.8228676136715,130.379610443,-2.7173091110554992e-08,-7.455533479472365e-08,-9.958315292379893e-07,2.1304211372807913e-05,-2.2386328510037856e-05,4.429999762578518e-07,2.2386328510037856e-05
100,2.5736093,0.7155058,5.01801,150.89053,278.15998,85.33777,0.7321769189160602,4.41504168108394,4.128705690922636,206910 (2004 NL8),206910,20206910,an,APO,Y,17.28,,.0211145,9061,522,0,2001-05-24,2026-03-15,2026-03-15 06:23:40,114,2461200.5,2.573609304350349,0.71550586688188,5.018025949157677,150.8905438073716,278.1599635946825,85.33775644856738,0.0013428684334387516,(2019 AX),329.33572458993643,-1.355143263026548e-05,2.573609306213635,0.7155058666979304,5.018025946604872,150.8905438585722,278.1599635474165,85.33775570883041,6.213634939911117e-09,6.669793040092742e-08,1.59466048712531e-05,1.3858572174285655e-05,-1.6452583508907992e-05,-1.4291169577518303e-05,1.6452583508907992e-05
101,2.4205161,0.5727372,12.87861,250.069,345.65955,166.3548,1.0341964863310802,3.80683571366892,3.7658408620154584,285263 (1998 QE2),285263,20285263,an,AMO,Y,17.28,,.03052,9958,1927,0,1998-08-19,2025-11-23,2026-05-29 18:01:17,172,2461200.5,2.420516080958186,0.5727371911835314,12.87861126084709,250.0690108468543,345.6595605658583,166.3547881573458,0.0007601821326859846,(2023 JJ3),303.0930207496283,-1.184265420306474e-05,2.42051607982788,0.572737191241756,12.87861126071515,250.069010853899,345.6595605635313,166.3547886084981,-2.0172119974404268e-08,-8.758243907891483e-09,1.2607151500532154e-06,1.0853898999130251e-05,1.0563531247953506e-05,-1.1391501914204127e-05,1.1391501914204127e-05
102,1.1226786,0.2138661,26.06566,161.20276,102.1008,115.93198,0.8825757062645401,1.3627814937354599,1.1895512743870384,161989 Cacus (1978 CA),161989,20161989,an,APO,Y,17.31,1.9,.0146207,16425,1798,0,1978-02-08,2023-01-28,2026-06-27 06:20:38,JPL 290,2461200.5,1.122678570459829,0.2138661445274499,26.06566728817256,161.2027585311259,102.1008071401297,115.9319824025176,0.0005238746538942776,(2026 RN),299.9479486062807,2.402517623067979e-06,1.122678570450746,0.2138661445467116,26.06566728842366,161.2027585263383,102.1008071333689,115.9319824668899,-2.954925393261476e-08,4.454671159725976e-08,7.288423660156695e-06,-1.4736617117705464e-06,7.133368910672289e-06,2.466889895913482e-06,7.133368910672289e-06
103,0.9299484,0.4065044,4.69797,311.92731,82.76506,209.47561,0.55192028362704,1.30797651637296,0.8967848799508191,5604 (1992 FE),5604,20005604,an,ATE,Y,17.32,0.55,.0334266,15082,1572,0,1985-04-17,2026-08-02,2026-08-03 06:17:45,JPL 302,2461200.5,0.9299484385603628,0.4065044367890649,4.697971083283851,311.9273285124261,82.76504197776825,209.4756065064432,0.001295612324762952,(2019 CS1),286.9889185685403,-3.493556789635477e-06,0.9299484387733984,0.4065044368721791,4.697971079578819,311.9273285158974,82.7650419795684,209.4756063802298,3.877339838087579e-08,3.6872179087765744e-08,1.0795788192297096e-06,1.851589740908821e-05,-1.802043161092115e-05,-3.6197701831497398e-06,1.851589740908821e-05
104,1.4519998,0.4078352,24.75984,68.67554,110.74277,204.20484,0.85982317116704,2.04417642883296,1.7496445761976271,192563 (1998 WZ6),192563,20192563,an,APO,Y,17.33,,.0347778,9718,2419,0,1998-11-23,2025-07-02,2025-12-10 05:26:13,199,2461200.5,1.451999846620341,0.407835173751179,24.75985267522244,68.67555620323827,110.7427490946935,204.2048489100989,0.001468170474343749,620085 (2014 WG365),254.32472925675168,8.910098898695651e-06,1.451999846591974,0.4078351737412919,24.7598526760224,68.67555620165302,110.7427490953486,204.2048490269472,4.659197383460878e-08,-2.625870809680464e-08,1.2676022400626152e-05,1.620165301119414e-05,-2.0904651393038876e-05,9.026947196844048e-06,2.0904651393038876e-05
105,1.1227045,0.1645913,37.1231,156.83722,249.45499,319.46893,0.93791710682915,1.3074918931708501,1.1895924387358972,7822 (1991 CS),7822,20007822,an,APO,Y,17.34,1.602,.0219192,11845,3809,0,1991-01-19,2023-06-25,2025-06-10 23:50:21,316,2461200.5,1.122704459359489,0.1645913305886299,37.12309321232198,156.8372246037425,249.4549825114854,319.4689514388742,0.0005601396969268207,(2021 ED4),441.79083569051534,2.143887422789703e-05,1.12270445934522,0.1645913305041569,37.12309321237801,156.8372246018887,249.454982517814,319.4689514287138,-4.065477998693723e-08,3.0504156894872736e-08,-6.787621991577453e-06,4.601888690558553e-06,-7.482186020979498e-06,2.1428713807836175e-05,2.1428713807836175e-05
106,1.3706137,0.2691824,40.78349,190.01269,218.35394,245.45258,1.00166861476112,1.73955878523888,1.6046214845753943,53789 (2000 ED104),53789,20053789,an,APO,Y,17.35,0.843,.0476226,26073,1260,0,1955-04-16,2026-09-03,2026-09-04 06:21:23,JPL 252,2461200.5,1.370613669579136,0.2691823290040241,40.78349692268065,190.0126939062147,218.3539479233681,245.4525792740444,0.0005796478249467763,(2019 TS7),635.5708641922442,-7.259556014105328e-07,1.3706136695016,0.2691823289204828,40.78349692371212,190.0126939052639,218.3539479071605,245.452579361052,-3.049840002766757e-08,-7.107951716101013e-08,6.92371212096532e-06,3.905263895376265e-06,7.907160494369236e-06,-6.38948023379271e-07,7.907160494369236e-06
107,1.6566052,0.4679086,6.62299,218.89189,203.11336,87.04789,0.88146538011528,2.43174501988472,2.1322029033555694,164400 (2005 GN59),164400,20164400,an,APO,Y,17.36,,.0499018,17430,2106,0,1978-08-24,2026-05-14,2026-06-06 23:49:12,JPL 361,2461200.5,1.656605167008947,0.4679085747201063,6.622992875544553,218.8918890868923,203.1133599020552,87.04788818950695,0.0001625576513471009,(2020 VC1),214.63958087181473,-1.810493046150441e-06,1.656605167149326,0.4679085747264563,6.62299287650512,218.8918890870683,203.113359904747,87.04788807196239,-3.2850673958861876e-08,-2.527354370229773e-08,2.8765051203194503e-06,-9.129316822509281e-07,-9.525300015411631e-08,-1.928037590914755e-06,1.928037590914755e-06
108,2.4621481,0.6417744,19.57999,168.84081,54.50171,48.69357,0.88200448041136,4.04229171958864,3.8634140846632126,243566 (1995 SA),243566,20243566,an,APO,Y,17.37,0.881,.0406381,12939,580,0,1991-03-07,2026-08-09,2026-08-10 06:50:37,JPL 121,2461200.5,2.462148137420497,0.6417744162228717,19.57998856985879,168.8408073780883,54.50171559956223,48.69357384223633,0.0003211542852428734,(2010 HD33),477.0304702381191,3.842236338869043e-06,2.462148137695317,0.6417744162615808,19.5799885675111,168.8408073621155,54.50171560231752,48.69357366148879,3.769531708996965e-08,1.6261580859655567e-08,-1.432488897279427e-06,-2.63788450638458e-06,5.602317514785682e-06,3.6614887903851923e-06,5.602317514785682e-06
109,1.0630885,0.4831758,8.88522,325.49909,121.45239,143.61254,0.5494298635417001,1.5767471364583001,1.096109975662679,4769 Castalia (1989 PB),4769,20004769,an,APO,Y,17.38,1.4,.0204067,13488,746,0,1989-08-01,2026-07-06,2026-07-07 06:18:55,JPL 187,2461200.5,1.06308849137437,0.4831758015789954,8.885190449241405,325.4991410102804,121.4523453593787,143.6125672636032,0.0036973351416194405,(2020 PY2),286.93224728154075,2.7263603215033072e-05,1.063088491314499,0.4831758015191781,8.88519045015115,325.499140980537,121.452345370162,143.6125673371879,-8.685501207139623e-09,1.5191781166379315e-09,-2.9549848850507487e-05,5.098053696883653e-05,-4.462983798703135e-05,2.733718790182138e-05,5.098053696883653e-05
110,2.9222508,0.7155033,13.85069,192.31083,113.63224,302.22427,0.8313707091723601,5.0131308908276395,4.9954685519783215,(2022 AP7),2022 AP7,54239714,au,APO,Y,17.38,,.0457676,2984,48,1,2017-12-20,2026-02-20,2026-02-20 05:55:11,10,2461200.5,2.922250532188893,0.7155031877088643,13.85070626746836,192.311017717304,113.6321174017661,302.2243008725321,0.011245177598964639,612558 (2003 OB4),440.9838131378617,3.087253213607255e-05,2.922250531148568,0.715503187706391,13.85070626973696,192.3110177072001,113.632117410284,302.2243010197576,-2.6885143222799e-07,-1.12293608967029e-07,1.6269736960339287e-05,0.00018770720009797515,-0.00012258971599976576,3.101975761410358e-05,0.00018770720009797515
111,2.1909924,0.5722836,30.25143,248.22125,159.71808,145.29814,0.9371233817553599,3.4448614182446398,3.2431072169160324,518678 (2008 UZ94),518678,20518678,an,APO,Y,17.38,,.0268547,5306,386,0,2008-10-28,2023-05-09,2026-04-08 06:21:00,95,2461200.5,2.190992444387236,0.5722836235361237,30.25143979556629,248.2212643695998,159.7180791142407,145.2981348614783,0.0008730657135540018,(2016 VX5),389.42769437982133,-5.138521686376407e-06,2.190992444650493,0.5722836234885357,30.25143979451096,248.2212643735221,159.7180791110844,145.29813484337,4.465049308066682e-08,2.3488535672022692e-08,9.794510962279901e-06,1.4373522105870506e-05,-8.889155935776216e-07,-5.156629981684091e-06,1.4373522105870506e-05
112,1.0853129,0.186996,62.10129,0.98343,104.96868,337.12011,0.8823637289516,1.2882620710483998,1.1306610919384725,143649 (2003 QQ47),143649,20143649,an,APO,Y,17.39,,.00300041,7198,1250,0,2003-08-24,2023-05-09,2024-12-01 05:20:47,189,2461200.5,1.085312913741141,0.1869960323870927,62.10129347007511,0.9834348969303146,104.9686712534301,337.1201170189441,0.000534503597818488,(2017 TF4),958.9385470035488,7.018944074843603e-06,1.085312913769425,0.1869960323521963,62.10129346977378,0.9834348962221897,104.9686712468841,337.1201169554102,1.3769425155629733e-08,3.235219631081421e-08,3.4697737802957818e-06,4.896222179695542e-06,-8.753115906756648e-06,6.955410185582878e-06,8.753115906756648e-06
113,1.833463,0.8651747,8.41081,38.76304,49.00459,115.71954,0.24719719901390008,3.4197288009860998,2.4826084269846875,242643 (2005 NZ6),242643,20242643,an,APO,Y,17.39,1.989,.00562259,7303,757,0,2005-07-03,2025-07-01,2025-07-08 20:42:41,130,2461200.5,1.833463047416303,0.8651747237936435,8.410806938177211,38.76303481613506,49.00459566604592,115.7195349669835,0.0004187971859620062,(2019 GQ20),541.2627652067756,-5.033016492461684e-06,1.833463047323445,0.865174723775087,8.410806934865564,38.76303478330444,49.00459569709854,115.7195349856155,4.732344494051688e-08,2.3775087010236007e-08,-3.0651344360421717e-06,-5.216695569743024e-06,5.697098544032997e-06,-5.014384498736035e-06,5.697098544032997e-06
114,2.501242,0.6462794,28.42255,142.31976,218.49978,93.58861,0.8847408209852001,4.1177431790148,3.95579310267181,153311 (2001 MG1),153311,20153311,an,APO,Y,17.40,,.0402986,13400,254,0,1989-07-01,2026-03-09,2026-08-31 06:25:29,JPL 91,2461200.5,2.501241968946593,0.6462793520998439,28.42255414859933,142.319751185132,218.4997978859464,93.58859668414219,0.0010233238237652023,(2020 BR3),490.0016512015611,-1.3315857813722687e-05,2.501241969362755,0.6462793520847152,28.4225541477659,142.31975119118,218.4997978905605,93.58859659245829,-3.063724518526101e-08,-4.7915284739907804e-08,4.147765899631395e-06,-8.808820012973229e-06,1.789056051393345e-05,-1.3407541700871661e-05,1.789056051393345e-05
115,1.9014803,0.5951473,3.69008,109.438,43.4671,46.39647,0.7698194334518099,3.03314116654819,2.6220305380727122,220839 (2004 VA),220839,20220839,an,APO,Y,17.45,,.0233469,8357,1375,0,2003-07-27,2026-06-13,2026-07-14 06:53:39,JPL 241,2461200.5,1.901480346045882,0.5951472824695428,3.69007555331529,109.4380763389158,43.46703082087232,46.39647005026359,0.00515618428964399,(2008 AU28),223.96428908990285,5.0263594175703474e-08,1.901480345746129,0.5951472824730805,3.690075552064155,109.4380763147679,43.46703084225292,46.39647023717279,4.5746128884971426e-08,-1.7526919582344647e-08,-4.4479358449756035e-06,7.631476790948e-05,-6.915774707749733e-05,2.3717279873380903e-07,7.631476790948e-05
116,2.5405049,0.6679634,6.22709,64.2053,142.61518,74.30375,0.84354060927934,4.2374691907206605,4.049300949691153,153220 (2000 YN29),153220,20153220,an,APO,Y,17.43,,.0316391,10070,206,0,1997-06-08,2025-01-02,2025-01-03 05:26:24,69,2461200.5,2.540504974756137,0.6679632386118813,6.227063201455155,64.20525810713987,142.6152048023706,74.3037527907109,0.0027983211544322945,(2007 LU19),268.0697056111041,2.790710908584515e-06,2.540504973934528,0.6679632386859828,6.227063204310779,64.20525809187298,142.6152048128809,74.30375296160635,7.393452783333032e-08,-1.6131401714414295e-07,-2.6795689220371344e-05,-4.190812700244351e-05,2.4812880894842237e-05,2.9616063557114103e-06,4.190812700244351e-05
117,0.9326616,0.0913984,18.68411,278.65037,118.23951,124.27217,0.84741782201856,1.01790537798144,0.9007124052963308,325395 (2009 CQ5),325395,20325395,an,ATE,Y,17.43,,.048485,4594,521,0,2009-02-14,2021-09-13,2026-09-03 06:19:08,JPL 126,2461200.5,0.9326615847800629,0.09139836073251553,18.68411668734828,278.6503487362125,118.2395412637698,124.2721692413332,0.0019214918322764554,(2013 AK11),319.5147602229782,-7.586668004933017e-07,0.9326615847720677,0.09139836071513116,18.68411668751988,278.650348735696,118.2395412576604,124.2721693056464,-1.522793224850716e-08,-3.9284868844080556e-08,6.687519878312287e-06,-2.1264303995849332e-05,3.12576603960224e-05,-6.943536163817043e-07,3.12576603960224e-05
118,1.4900466,0.3666013,68.42022,262.94888,188.81131,66.18458,0.94379357937942,2.0362996206205803,1.8188621112352017,434677 (2006 BZ7),434677,20434677,an,APO,Y,17.44,,.0378042,7332,264,0,2006-01-23,2026-02-19,2026-02-20 05:57:15,68,2461200.5,1.490046634687075,0.3666013116885133,68.42020593971563,262.9488715225867,188.8113195494543,66.18456978555213,0.000950592027574009,(2016 MB1),888.4232618643038,-1.0214447854650643e-05,1.490046634639031,0.366601311677142,68.42020594111874,262.948871522753,188.8113195497608,66.18456984750793,3.4639030976890695e-08,1.167714197558567e-08,-1.405888126271293e-05,-8.477246979055053e-06,9.549760818572395e-06,-1.0152492052384332e-05,1.0152492052384332e-05
119,2.8027314,0.6361596,13.44416,272.69833,171.76973,91.42447,1.0197469136685597,4.58571588633144,4.692153579856886,458436 (2011 AL52),458436,20458436,an,AMO,Y,17.45,1.102,.0389976,5599,168,0,2011-01-14,2026-05-14,2026-05-14 06:50:45,47,2461200.5,2.802731403530801,0.6361596477827335,13.44415839187703,272.6983653596009,171.7696853898478,91.42448103554577,0.0028489520910335124,(2013 XN24),348.9419456486184,1.1035545753657061e-05,2.802731403487249,0.6361596477124906,13.44415839451192,272.6983653527533,171.7696853816315,91.4244810255941,3.4872491561088736e-09,4.7712490514051353e-08,-1.6054880802585103e-06,3.535275328658827e-05,-4.461836851987755e-05,1.102559411947368e-05,4.461836851987755e-05
120,2.4281288,0.6737478,7.77266,261.43576,54.65804,271.1859,0.79218236288336,4.064075237116641,3.7836205903786415,186844 (2004 GA1),186844,20186844,an,APO,Y,17.45,,.0188647,8660,903,0,2000-04-12,2023-12-28,2025-12-22 05:38:30,158,2461200.5,2.428128815534416,0.6737478109642138,7.772663061852133,261.4357612052626,54.65803687792744,271.1858993328628,0.0002283845614946459,(2017 MQ7),370.80860012687236,-6.671372148048249e-07,2.428128816084588,0.6737478109910284,7.772663059621229,261.435761185836,54.65803688702812,271.1858991436843,1.6084587883824497e-08,1.0991028420725968e-08,3.059621229262177e-06,1.1858359698635468e-06,-3.1129718820466223e-06,-8.563156939089822e-07,3.1129718820466223e-06
121,2.5188915,0.6365663,13.75276,275.18421,331.89473,217.87283,0.9154500577435499,4.122332942256451,3.9977367388256217,(2020 SL1),2020 SL1,54054501,au,APO,Y,17.45,,.0428832,5858,70,1,2008-10-25,2024-11-08,2024-11-10 05:20:39,18,2461200.5,2.518891392384422,0.6365659346562491,13.75276371526927,275.1843003283375,331.8945220999195,217.8731416492268,0.011359318791790604,(2019 NT),297.78005060042335,0.00031164922680204654,2.518891393104044,0.6365659346203689,13.75276371263061,275.1843003379773,331.894522101672,217.873141469961,-1.0689595608681657e-07,-3.653796311064994e-07,3.7126306100532247e-06,9.033797726942794e-05,-0.000207898327971634,0.00031146996101938385,0.00031146996101938385
122,1.9956563,0.5058072,10.06177,164.87309,150.28551,62.27738,0.98623897473464,3.0050736252653603,2.819217750444684,86819 (2000 GK137),86819,20086819,an,APO,Y,17.48,0.802,.0165109,11324,864,0,1994-04-03,2025-04-04,2025-11-21 03:46:43,173,2461200.5,1.995656261893172,0.5058071974643612,10.06177329990732,164.8731293205894,150.2854700904354,62.27738200305303,0.0028064045614147673,(2021 RT4),206.7672650259224,2.00305302655579e-06,1.99565626182499,0.5058071974796136,10.06177330277828,164.8731293137055,150.2854700948805,62.27738215265723,-3.8175010041996416e-08,-2.520386455096002e-09,3.3027782802008687e-06,3.931370551413238e-05,-3.9905119479044515e-05,2.1526572311358905e-06,3.9905119479044515e-05
123,2.0847298,0.5932104,4.48847,227.75939,290.41368,224.23513,0.8480464014500799,3.32141319854992,3.010056597650709,290772 (2005 VC),290772,20290772,an,APO,Y,17.49,,.0200582,7265,94,1,2005-11-01,2025-09-22,2026-08-26 08:48:33,JPL 40,2461200.5,2.084729593302518,0.5932101668972348,4.488410426199341,227.7598675097431,290.4131387597735,224.2353966612798,0.03621496941231579,(2026 FK5),343.7206705871084,0.0002666612797952439,2.084729593286672,0.5932101668980384,4.488410425780253,227.7598675368894,290.4131387307957,224.2353966235424,-2.0671332778832152e-07,-2.3310196162196206e-07,-5.9574219747560164e-05,0.0004775368894058829,-0.0005412692042909839,0.00026662354241580033,0.0005412692042909839
124,2.2344631,0.5767474,16.18609,116.62205,139.53984,89.33903,0.9457423166790601,3.52318388332094,3.3401023934502114,314082 Dryope (2005 CZ36),314082,20314082,an,APO,Y,17.50,,.0145807,7415,363,0,2005-01-19,2025-05-09,2025-05-10 06:18:33,90,2461200.5,2.234463047839127,0.5767473715529002,16.18608830645751,116.622051862771,139.5398253709742,89.33904667989461,0.0007462062054686935,(2023 OY),433.89584228533954,1.6679894599747058e-05,2.234463047587005,0.5767473715454432,16.18608830863658,116.6220518571993,139.5398253717345,89.33904673281414,-5.2412995277251184e-08,-2.8454556821877475e-08,-1.6913634190984794e-06,1.8571992939087067e-06,-1.4628265489591286e-05,1.6732814145825614e-05,1.6732814145825614e-05
125,1.6992091,0.8257849,39.01303,181.67697,123.38896,109.12755,0.2960278832774099,3.10239031672259,2.214982186535956,231937 (2001 FO32),231937,20231937,an,APO,Y,17.51,0.55,.00248745,9037,287,0,2001-03-23,2025-12-19,2025-12-20 05:23:58,80,2461200.5,1.699209047357899,0.8257849721886693,39.01302433442171,181.6769701033924,123.3889604383354,109.1275509873357,0.0003230634921327812,(2016 ED195),577.2364044386744,9.873356816569867e-07,1.699209047386646,0.8257849722105483,39.01302433739283,181.6769700963219,123.3889604440533,109.1275510011327,-5.261335411788082e-08,7.221054820760742e-08,-5.662607172496337e-06,9.632188380237494e-08,4.440532848093426e-07,1.001132716282882e-06,1.001132716282882e-06
126,2.4077964,0.6238857,2.42699,338.65275,20.33259,145.34149,0.9056066575285201,3.90998614247148,3.736195914247076,52760 (1998 ML14),52760,20052760,an,APO,Y,17.52,1.0,.0169976,9768,708,0,1998-06-24,2025-03-22,2025-03-23 06:20:58,159,2461200.5,2.407796400022283,0.623885674110855,2.426985493017353,338.6527674507715,20.33258263075463,145.341483440669,0.0009749621670132289,(2025 SA2),172.31779867409227,-6.559330984146072e-06,2.407796400766168,0.6238856741066894,2.426985490746918,338.6527674345363,20.33258264879749,145.3414832657748,7.661680179182895e-10,-2.5893310606761588e-08,-4.509253082041198e-06,1.7434536289329117e-05,-7.351202498284692e-06,-6.734225195259569e-06,1.7434536289329117e-05
127,2.0677254,0.6691596,2.11568,232.85463,135.64523,192.51717,0.6840870984261601,3.45136370157384,2.9733038554681404,458122 (2010 EW45),458122,20458122,an,APO,Y,17.55,,.0190694,9499,1288,0,1999-03-21,2025-03-23,2026-01-24 15:45:22,155,2461200.5,2.067725400295985,0.6691595665716319,2.115678975359448,232.8545386890165,135.6453165215925,192.517170965988,0.006290174784240198,(2025 VK5),280.30063134647037,9.65987993595263e-07,2.067725400408009,0.669159566536612,2.115678975968192,232.8545386767505,135.6453165393789,192.5171709457045,4.0800873790658443e-10,-3.34633879495172e-08,-1.0240318077947563e-06,-9.132324947813686e-05,8.65393789126756e-05,9.457044995997421e-07,9.132324947813686e-05
128,0.8278977,0.2094484,8.54804,273.62643,327.01857,193.58027,0.6544958513713199,1.00129954862868,0.7532948773655039,163899 (2003 SD220),163899,20163899,an,ATE,Y,17.56,0.791,.0179894,9153,1935,0,2000-01-06,2025-01-27,2026-01-30 16:36:34,243,2461200.5,0.8278976775931405,0.2094483846218542,8.54803455037552,273.6264246410117,327.0185839171129,193.5802622022534,0.0007947993469009903,(2020 XJ3),287.0439824674693,-7.797746604865097e-06,0.827897677684989,0.2094483845975736,8.548034551725562,273.6264246242798,327.0185839399825,193.5802618718711,-2.231501095018018e-08,-1.540242641762113e-08,-5.448274437824807e-06,-5.375720206757251e-06,1.3939982466126821e-05,-8.128128911266685e-06,1.3939982466126821e-05
129,3.3418316,0.8320031,35.60472,80.21035,95.80133,123.22571,0.56141734912204,6.1222458508779605,6.109094483776245,504034 (2005 UJ159),504034,20504034,an,APO,Y,17.56,,.0408601,6831,307,0,2005-10-30,2024-07-13,2024-07-17 14:01:03,63,2461200.5,3.341831569446146,0.8320030590647224,35.60473015563974,80.2103474454711,95.80133409270776,123.225712645004,0.0005689187635038567,508796 (2000 KN44),984.1311156948368,2.6450039740666398e-06,3.341831569311116,0.8320030590067161,35.60473015493406,80.21034744128087,95.80133410360874,123.2257126269424,-3.0688883878582374e-08,-4.099328387852097e-08,1.0154934059869447e-05,-2.5587191316844837e-06,4.1036087452539505e-06,2.62694237562755e-06,4.1036087452539505e-06
130,1.8896615,0.5208196,5.43674,104.69532,221.57844,161.94316,0.9054887534346,2.8738342465654,2.5976224094530314,177614 (2004 HK33),177614,20177614,an,APO,Y,17.57,,.0087742,9082,954,0,2001-03-12,2026-01-22,2026-01-31 05:21:11,196,2461200.5,1.889661509708515,0.520819608552853,5.436737982154077,104.6953412481582,221.5784119335014,161.943157545024,0.0017631215333664275,(2016 NK33),236.28138335940895,-2.454975998489317e-06,1.889661509635001,0.5208196086077506,5.436737982559943,104.6953412605658,221.5784119178934,161.94315751982,9.635000797203475e-09,8.607750512368284e-09,-2.0174400576777884e-06,2.126056580209479e-05,-2.8082106609872426e-05,-2.480180000929977e-06,2.8082106609872426e-05
131,8.6053869,0.8827231,133.99961,128.96684,158.413,6.65892,1.00921309893261,16.20156070106739,25.24385062169724,(2025 VP),2025 VP,54560903,au,APO,Y,17.57,,.0274452,151,112,5,2025-10-27,2026-03-27,2026-03-27 06:21:27,6,2461200.5,8.605195554620405,0.882720516313401,133.9996229293792,128.9666746737748,158.4129624342765,6.659136190919526,0.19160384604900063,C/2010 L5 (WISE),4848.01230846171,0.00021619091953084535,8.605195554642956,0.8827205163128871,133.9996229293251,128.9666746738105,158.4129624348708,6.659136190888583,-0.00019134535704345979,-2.5836871129225614e-06,1.2929325123423041e-05,-0.00016532618948872368,-3.756512921881949e-05,0.00021619088857960378,0.00021619088857960378
132,2.4211089,0.631387,8.56552,178.00841,243.15297,355.65328,0.8924522149556999,3.9497655850443008,3.7672243647769954,180186 (2003 QZ30),180186,20180186,an,APO,Y,17.58,,.0453456,14122,745,0,1984-08-23,2023-04-23,2023-04-24 06:52:30,147,2461200.5,2.421108856624721,0.6313870372993284,8.565508955964802,178.00842829794,243.152956684533,355.6532824916767,0.0012620078573960033,(2020 BP15),300.55677612663806,2.491676696081413e-06,2.421108855747068,0.6313870373750204,8.565508959027754,178.0084283262859,243.1529566604627,355.6532828981067,-4.425293198551117e-08,3.737502041190055e-08,-1.1040972244913405e-05,1.8326285896819172e-05,-1.3339537304091209e-05,2.8981066861888394e-06,1.8326285896819172e-05
133,2.8055539,0.8221067,9.62248,169.75955,102.82204,21.9338,0.4990892415988701,5.11201855840113,4.6992432373817685,481482 (2007 CA19),481482,20481482,an,APO,Y,17.58,,.0194475,5409,628,0,2007-02-10,2021-12-02,2024-02-11 05:58:27,103,2461200.5,2.805553932980671,0.822106701979155,9.622483893401595,169.7595464743145,102.8220449844964,21.93379944142026,0.000363578037160958,(2014 EQ12),387.2852214058769,-5.585797566709516e-07,2.805553931864737,0.8221067020710685,9.622483896061317,169.7595464456041,102.8220450170206,21.93379969429264,3.186473707117443e-08,2.0710685388891648e-09,3.89606131712128e-06,-3.5543959029382677e-06,5.017020612285705e-06,-3.05707374081976e-07,5.017020612285705e-06
134,1.3762055,0.3023014,38.14572,344.3211,220.72405,97.73196,0.9601766506623001,1.7922343493377,1.6144512431904379,162510 (2000 QW69),162510,20162510,an,APO,Y,17.60,1.406,.0248,9464,1760,0,2000-08-28,2026-07-27,2026-07-28 06:17:59,JPL 179,2461200.5,1.37620554047713,0.3023013675717219,38.14571669769854,344.321111153006,220.7240455463229,97.73196338170692,0.0006274310423076596,(2025 EV2),341.30785074423926,3.3817069038377667e-06,1.376205540434887,0.3023013675431744,38.14571669805587,344.3211111531689,220.7240455577756,97.73196340715592,4.043488699423392e-08,-3.2456825616034024e-08,-3.3019441261217253e-06,1.115316888444795e-05,-4.442224394551886e-06,3.407155929835426e-06,1.115316888444795e-05
135,1.7052889,0.6889445,8.74062,34.00167,99.72654,193.669,0.5304394914339501,2.8801383085660497,2.2268806816948974,154276 (2002 SY50),154276,20154276,an,APO,Y,17.61,1.060,.00391761,8344,1168,0,2002-08-25,2025-06-29,2026-06-17 06:22:24,JPL 180,2461200.5,1.705288930579216,0.6889444950166206,8.740614047280387,34.00166774005773,99.72654579185308,193.6689992803534,0.0004315713786146566,(2019 TM7),327.2708090206977,-7.196466071945906e-07,1.70528893052005,0.6889444949811846,8.740614048109007,34.00166772366403,99.72654580735862,193.6689993415501,3.052005004278158e-08,-5.0188153633001775e-09,-5.951890992506037e-06,-2.27633597660315e-06,5.8073586046702985e-06,-6.584499203654559e-07,5.8073586046702985e-06
136,1.1049736,0.0755396,24.09941,290.33711,37.15512,104.27099,1.02150433624544,1.1884428637545599,1.1615231044324532,385186 (1994 AW1),385186,20385186,an,AMO,Y,17.64,0.811,.0194194,13614,2792,0,1986-12-29,2024-04-07,2025-07-27 06:21:24,349,2461200.5,1.104973578606375,0.07553959421453635,24.09941109412459,290.3371003662496,37.15513912668489,104.2709705280923,0.0010724655697511712,(2011 YC29),419.0406158464396,-1.9471907705792546e-05,1.104973578594591,0.07553959425386952,24.09941109422829,290.3371003642135,37.15513904683681,104.27097071371,-2.140540877881847e-08,-5.746130474215683e-09,1.0942282919756963e-06,-9.635786511807964e-06,1.904683682596442e-05,-1.9286290012132667e-05,1.9286290012132667e-05
137,2.4143354,0.5958396,18.80198,283.609,355.74077,314.03452,0.97577876099816,3.8528920390018406,3.751426166748907,430440 (2000 OH),430440,20430440,an,APO,Y,17.65,,.039892,9362,387,0,2000-07-21,2026-03-09,2026-03-09 06:54:41,100,2461200.5,2.414335356875172,0.5958395885321668,18.80198444896252,283.609058470884,355.740711762843,314.0345354117406,0.00413254108345269,(2001 NY1),419.8483242186554,1.5411740605486557e-05,2.414335357676553,0.5958395885004965,18.8019844442548,283.6090584673444,355.7407117634438,314.0345350446937,-4.232344696930568e-08,-1.1499503571599234e-08,4.44425479884103e-06,5.846734444503454e-05,-5.823655618542034e-05,1.5044693725485558e-05,5.846734444503454e-05
138,3.2876537,0.6836654,46.98405,187.08625,168.80552,268.4184,1.03999861812802,5.53530878187198,5.961136935615902,(2021 HK12),2021 HK12,54150700,au,AMO,Y,17.66,,.0457147,2452,77,0,2015-02-17,2021-11-04,2021-11-05 06:22:48,13,2461200.5,3.287653769761609,0.6836663037189291,46.98400935376953,187.0861819606285,168.8056693695846,268.4184224331,0.008646014146109705,(2014 XX7),727.665847971967,2.2433099957197555e-05,3.287653769119066,0.6836663037190882,46.98400936105935,187.0861819663534,168.8056693691832,268.4184225259979,6.91190660262464e-08,9.037190882299484e-07,-4.063894065353679e-05,-6.80336466132303e-05,0.00014936918319108372,2.252599790608656e-05,0.00014936918319108372
139,3.0387546,0.6736503,57.84046,177.37634,204.636,46.30594,0.9916966520836199,5.08581254791638,5.297164305311035,(2009 SG18),2009 SG18,50467417,au,APO,Y,17.67,,.024135,5845,297,0,2009-09-21,2025-09-22,2025-09-23 06:28:05,52,2461200.5,3.038754587078133,0.6736502732732683,57.84045053863428,177.3763343643225,204.6359984790224,46.30593487995107,0.0005585726765208555,(2020 UP3),658.8573333523545,-5.120048939488697e-06,2.977302418403377,0.05997705068645409,9.928580012644877,338.2163934829225,113.7935886259182,230.4430359466343,-0.06145218159662269,-0.6136732493135459,-47.91187998735512,160.84005348292249,-90.84241137408179,-175.8629040533657,175.8629040533657
140,2.7252728,0.6949311,14.10845,92.64957,248.42475,124.01865,0.8313959752959199,4.61914962470408,4.49898942707165,802885 (2015 HY116),802885,20802885,an,APO,Y,17.67,,.0460695,6584,125,0,2007-03-11,2025-03-20,2025-07-02 07:17:40,36,2461200.5,2.725272867033178,0.6949309975356616,14.10844619552488,92.64966969336726,248.4246532496328,124.0186429104253,0.006952062776521809,(2024 JB6),526.1972798553222,-7.089574694418843e-06,2.725272868250424,0.6949309975047908,14.10844619428067,92.64966970837759,248.4246532315573,124.0186426580815,6.8250423979066e-08,-1.0249520920879718e-07,-3.805719329008639e-06,9.970837760420181e-05,-9.676844268824425e-05,-7.341918490055832e-06,9.970837760420181e-05
141,1.2189153,0.5698609,3.20528,307.34369,324.83375,244.76095,0.5243031301182299,1.91352746988177,1.3457373081493056,22753 (1998 WT),22753,20022753,an,APO,Y,17.68,,.0337203,25672,1466,0,1955-10-24,2026-02-05,2026-04-10 06:55:04,329,2461200.5,1.218915298512788,0.5698609189126077,3.205277689404138,307.3437100672211,324.8337263631269,244.7609457124856,0.0015550781082927835,53550 (2000 BF19),537.815038059373,-4.28751440040287e-06,1.218915298557585,0.5698609189983538,3.205277688328112,307.3437100756409,324.8337263564227,244.7609456750823,-1.442414854224694e-09,1.89983537790539e-08,-2.3116718881333043e-06,2.0075640918548743e-05,-2.3643577321763587e-05,-4.324917711073795e-06,2.3643577321763587e-05
142,1.6550928,0.6239317,6.0672,34.03403,92.93111,197.11292,0.6224279356382401,2.6877576643617602,2.1292836735199434,69230 Hermes (1937 UB),69230,20069230,an,APO,Y,17.68,,.00465584,32428,2709,0,1937-10-25,2026-08-07,2026-08-08 06:20:47,JPL 203,2461200.5,1.655092781473909,0.6239316634262774,6.067203645839017,34.03403314760502,92.9311039585602,197.1129167157639,0.00039362437767892684,(2019 TM7),345.4060944386259,-3.284236100853377e-06,1.655092781390791,0.6239316633949918,6.067203646072944,34.03403307951464,92.93110402085198,197.1129163255795,-1.8609209062603327e-08,-3.6605008135737194e-08,3.646072944007983e-06,3.079514641513015e-06,-5.979148028245618e-06,-3.6744204976457695e-06,5.979148028245618e-06
143,1.7198356,0.56153,28.82828,222.69423,280.98297,132.65061,0.754096315532,2.6855748844679996,2.255435447220056,154302 (2002 UQ3),154302,20154302,an,APO,Y,17.69,,.0392802,8660,919,0,2002-10-05,2026-06-21,2026-06-22 06:20:51,JPL 140,2461200.5,1.719835586571802,0.5615300353033567,28.8282727025303,222.6942315422956,280.9829656190952,132.6506119831064,0.0004384356188089285,(2024 UM4),295.72151135471944,1.983106386660438e-06,1.719835586438863,0.5615300352879757,28.8282727026238,222.6942315469011,280.9829656130064,132.6506120665476,-1.3561136880113622e-08,3.528797576368703e-08,-7.297376200199324e-06,1.5469011032109847e-06,-4.386993623484159e-06,2.066547608592373e-06,4.386993623484159e-06
144,17.8136156,0.9469937,19.56623,48.89139,333.20875,127.37831,0.9442338525782791,34.68299734742172,75.1844651651643,(1999 XS35),1999 XS35,50024738,au,APO,Y,17.69,,.00457671,88,212,5,1999-12-02,2000-02-28,2021-04-14 20:53:19,19,2461200.5,17.81742899557932,0.9470051245048097,19.56636195110022,48.89184086587671,333.2083275360402,127.3374292572667,3.8135948708470218,122P/de Vico,4143.314119601693,-0.04088074273329312,1.550536502470784,0.1321382000000001,1.11406999999999,198.8488500000004,125.1648699999996,104.9545684274856,-16.263079097529214,-0.8148555,-18.45216000000001,149.95746000000042,151.9561199999996,-22.423741572514416,151.9561199999996
145,1.7723384,0.4846564,15.15631,61.2066,232.43344,239.63201,0.91336325147424,2.63131354852576,2.3594999403591754,7335 (1989 JA),7335,20007335,an,APO,Y,17.70,1.8,.0226487,13444,2578,0,1989-04-06,2026-01-26,2026-01-27 05:18:39,233,2461200.5,1.772338398035787,0.4846564288797887,15.15630744776688,61.20660240436186,232.4334474834381,239.6320141353328,0.00041723107068433507,(2019 KX6),257.0676635582547,4.1353328015247826e-06,1.772338398192014,0.484656428966273,15.15630744704697,61.20660240047388,232.4334474848172,239.6320140262412,-1.8079859831487965e-09,2.8966272991315378e-08,-2.552953029422156e-06,2.4004738747862575e-06,7.484817217573436e-06,4.026241185783874e-06,7.484817217573436e-06
146,1.4913987,0.5783451,7.79145,110.66657,97.80704,169.28,0.6288555697086301,2.3539418302913697,1.8213383840690112,136849 (1998 CS1),136849,20136849,an,APO,Y,17.70,,.0196452,9868,760,0,1998-02-09,2025-02-15,2025-03-06 05:49:48,178,2461200.5,1.491398656954163,0.5783451262917073,7.791444087965292,110.6665713922552,97.80704245281603,169.2799988894661,0.0003344922243422287,(2021 LG1),355.8605594435493,-1.1105339012829063e-06,1.491398656991079,0.5783451262665783,7.791444088419621,110.6665713794751,97.80704246920003,169.2799988588944,-4.300892086916974e-08,2.6266578356803905e-08,-5.911580378992198e-06,1.3794751225759683e-06,2.4692000124559854e-06,-1.1411055993448826e-06,2.4692000124559854e-06
147,2.6301994,0.6401361,70.55951,18.46202,13.16707,313.1496,0.94651381386166,4.31388498613834,4.26562832456101,(2022 RX3),2022 RX3,54302657,au,APO,Y,17.70,,.042221,219,92,4,2022-09-05,2023-04-12,2023-04-13 06:40:35,14,2461200.5,2.630214615017081,0.6401381956125792,70.55955942196105,18.46205793400403,13.16714996125389,313.1468730080541,0.016575627157291366,(2009 VQ25),1103.209332930729,-0.0027269919459058656,2.63021461485643,0.6401381956275134,70.55955942219609,18.46205793605532,13.16714995686015,313.1468730383024,1.5214856429857093e-05,2.095627513409859e-06,4.9422196084947245e-05,3.793605532109723e-05,7.995686016215586e-05,-0.002726961697646857,0.002726961697646857
148,2.5128427,0.6316815,9.87177,48.48253,325.71499,267.86855,0.92552645399995,4.10015894600005,3.983345297019162,620095 (2016 CB194),620095,20620095,an,APO,Y,17.71,,.000875126,7764,461,0,2004-01-31,2025-05-04,2026-08-27 06:26:39,JPL 24,2461200.5,2.512842779156099,0.6316814913287798,9.871772378944373,48.48237075984131,325.7151652917235,267.86852351647,0.011841970109231784,(2020 VL5),195.27183624741198,-2.6483530007226364e-05,2.512842778758764,0.6316814913617275,9.871772378097406,48.48237076379031,325.7151652852596,267.8685235719766,7.875876395502246e-08,-8.638272541716674e-09,2.3780974061082816e-06,-0.00015923620969715557,0.00017528525961552077,-2.6428023431890324e-05,0.00017528525961552077
149,2.0334038,0.5609582,6.50656,111.23173,104.54677,246.73838,0.8927492644788401,3.17405833552116,2.899582341570846,20236 (1998 BZ7),20236,20020236,an,APO,Y,17.72,,.0499154,10162,368,0,1998-01-24,2025-11-20,2025-12-04 05:26:09,53,2461200.5,2.033403790480453,0.5609581811822534,6.50656009317443,111.2317028894826,104.5468000962599,246.7383841552297,0.0020256952613546164,(2022 MB2),161.23985564948254,4.155229703428631e-06,2.033403790238274,0.5609581811891567,6.506560093380051,111.2317028694699,104.5468001149614,246.7383841673895,-9.761726094126288e-09,-1.8810843216421347e-08,9.338005035885999e-08,-2.7130530099839234e-05,3.0114961418803432e-05,4.167389505482788e-06,3.0114961418803432e-05
150,2.1345095,0.5147127,7.35457,116.19322,182.65206,146.99943,1.03585035207935,3.23316864792065,3.1185099787839454,212546 (2006 SV19),212546,20212546,an,AMO,Y,17.72,,.0196799,8040,373,0,2003-12-21,2025-12-25,2025-12-26 05:55:21,110,2461200.5,2.134509501870255,0.5147126891810562,7.354570908211931,116.1931908687373,182.6520900598676,146.9994348020921,0.0020935852218995476,(2005 MP13),143.94645797235015,4.802092121281021e-06,2.134509501736269,0.5147126892394555,7.354570910545283,116.1931908720214,182.6520900583872,146.9994346554048,1.7362689064270853e-09,-1.0760544566501551e-08,9.105452827284921e-07,-2.9127978592669024e-05,3.005838718195264e-05,4.655404808318053e-06,3.005838718195264e-05
151,2.5857049,0.633655,11.22959,154.89353,161.15463,334.55652,0.9472600615905001,4.2241497384095,4.157846363190114,756316 (2018 XV5),756316,20756316,an,APO,Y,17.72,,.0333094,12065,1164,0,1993-06-15,2026-06-27,2026-08-31 06:26:36,JPL 180,2461200.5,2.585704855484754,0.6336550319498261,11.22958618280608,154.8935201663885,161.1546381261118,334.5565217529502,0.0006703179964064848,(2015 XU168),327.0404743927924,1.75295019744226e-06,2.585704854920152,0.6336550319465815,11.22958618504929,154.8935201620691,161.1546381247584,334.5565218470588,-4.507984829871248e-08,3.194658149130447e-08,-3.814950709113418e-06,-9.837930889489144e-06,8.124758409167043e-06,1.8470587974661612e-06,9.837930889489144e-06
152,3.2012994,0.7597263,13.50267,202.66443,238.6247,5.93771,0.7691880516457801,5.63341074835422,5.727821032401537,414287 (2008 OB9),414287,20414287,an,APO,Y,17.73,1.974,.0126641,4671,329,0,2008-07-29,2021-05-13,2023-03-01 06:46:17,93,2461200.5,3.201299412919434,0.7597263319951022,13.50268828314772,202.6643796000494,238.6247614928154,5.937707882563111,0.004079675086033958,(2018 GW5),226.95371900619614,-2.1174368782794772e-06,3.20129941272618,0.759726331974106,13.50268828637082,202.6643796163897,238.6247614595318,5.93770800659111,1.2726180109723373e-08,3.1974106029508675e-08,1.8286370819353692e-05,-5.0383610300741566e-05,6.145953182112862e-05,-1.993408886846737e-06,6.145953182112862e-05
153,1.1824116,0.6294724,1.52282,272.10936,140.23618,266.52769,0.43811613236015995,1.9267070676398401,1.2857396072023919,88254 (2001 FM129),88254,20088254,an,APO,Y,17.77,0.800,.010087,17620,1001,0,1978-05-08,2026-08-04,2026-08-05 06:50:39,JPL 214,2461200.5,1.182411609784792,0.6294723580624813,1.522822954633807,272.1094029595171,140.2361362257018,266.5276855980296,0.0030713561584639194,(2012 DT32),540.627844114351,-4.401970386425091e-06,1.182411609795584,0.629472358043177,1.52282295595901,272.1094029208355,140.2361362604634,266.5276855833383,9.795583899574467e-09,-4.1956823015887323e-08,2.9559590100092237e-06,4.292083553991688e-05,-4.373953657932361e-05,-4.416661681716505e-06,4.373953657932361e-05
154,1.7870592,0.4456396,9.93722,58.61606,27.69964,95.37646,0.99067485293568,2.58344354706432,2.3889574219987644,163014 (2001 UA5),163014,20163014,an,APO,Y,17.75,,.031256,13211,1270,0,1990-03-19,2026-05-20,2026-05-21 06:49:09,176,2461200.5,1.787059229231578,0.4456396196515993,9.937218543949816,58.61607181401251,27.69962172764567,95.37645867250404,0.0010914778942172898,(2022 WD2),285.71773206307967,-1.3274959655973362e-06,1.787059229161811,0.4456396196196099,9.937218541999684,58.6160718071031,27.69962172610998,95.37645864840815,2.9161810966016333e-08,1.961960988117184e-08,-1.4580003160347133e-06,1.1807103106775685e-05,-1.827389002073687e-05,-1.3515918340090138e-06,1.827389002073687e-05
155,1.2344234,0.2800086,19.00837,286.22318,306.85627,52.24722,0.8887742319587602,1.58007256804124,1.371501284139249,90403 (2003 YE45),90403,20090403,an,APO,Y,17.77,0.572,.0367498,13280,2216,0,1989-09-12,2026-01-21,2026-04-10 06:56:31,282,2461200.5,1.234423434638001,0.280008595598582,19.00837087284189,286.2231810721929,306.8562720209501,52.24723314971248,0.00012754021199304786,(2021 NC),277.8763475016231,1.3149712486892895e-05,1.234423434644703,0.2800085956304255,19.00837087242945,286.2231810698466,306.8562720219583,52.24723310731251,3.46447028842789e-08,-4.369574480023175e-09,8.724294495721097e-07,1.069846575774136e-06,2.0219583234393212e-06,1.3107312497595558e-05,1.3107312497595558e-05
156,1.8597596,0.4519655,26.05772,173.52007,3.5577,339.66621,1.0192124225062,2.7003067774938003,2.5362100186984438,139211 (2001 GN2),139211,20139211,an,AMO,Y,17.77,,.0257541,9574,252,0,1999-09-07,2025-11-23,2025-11-23 05:24:16,67,2461200.5,1.859759545132121,0.4519655765533759,26.05772501948061,173.5200859697932,3.557657457048848,339.6662854214073,0.0022916768082961816,(2009 ED1),256.21514048120486,7.542140730265601e-05,1.859759544994293,0.4519655765460188,26.05772501811827,173.5200859694917,3.557657460246291,339.6662854351833,-5.500570710026409e-08,7.6546018801249e-08,5.0181182693620485e-06,1.5969491698797356e-05,-4.2539753707160344e-05,7.543518330521692e-05,7.543518330521692e-05
157,2.7471745,0.7063586,20.66508,138.78161,235.30583,88.37216,0.8066841662243001,4.6876648337757,4.553332549864694,620055 (2003 BK47),620055,20620055,an,APO,Y,17.77,,.0209465,8415,636,0,2003-01-30,2026-02-13,2026-02-14 05:54:54,125,2461200.5,2.747174540821461,0.7063585834326411,20.66508696159044,138.7816005083313,235.3058388546529,88.37215486268683,0.0007383530910171995,(2022 SQ48),363.06162795347666,-5.137313166869717e-06,2.747174542005822,0.7063585833252521,20.66508696015127,138.7816005177748,235.3058388432221,88.37215458772647,4.200582193192304e-08,-1.6674747804756862e-08,6.960151271329096e-06,-9.482225209467288e-06,8.84322210481514e-06,-5.41227353778595e-06,9.482225209467288e-06
158,2.8512813,0.6598776,20.67934,38.60318,347.10424,198.33004,0.9697846388311202,4.73277796116888,4.81459874928767,(2019 CE4),2019 CE4,50838263,au,APO,Y,17.78,,.0129605,2054,397,0,2018-07-15,2024-02-28,2025-12-20 05:22:13,91,2461200.5,2.851281340369222,0.6598775679149641,20.67933804315584,38.60318057002632,347.1042330546801,198.3300456158745,0.00036976555607997637,(2010 UL7),323.21620961631527,5.615874499653728e-06,2.851281340063212,0.6598775679194644,20.67933804183067,38.60318056926998,347.1042330525406,198.3300456385849,4.006321185912043e-08,-3.208053556136292e-08,-1.95816933157289e-06,5.692699858173e-07,-6.947459382899979e-06,5.638584894995802e-06,6.947459382899979e-06
159,2.6909603,0.6769401,5.39883,105.20898,246.81591,46.08331,0.8693413654219698,4.51257923457803,4.414290761077776,329614 (2003 KU2),329614,20329614,an,APO,Y,17.78,,.0268841,8321,380,0,2003-04-05,2026-01-15,2026-01-16 05:27:56,110,2461200.5,2.690960344725697,0.6769400795465187,5.398824320286693,105.2089516760044,246.815942790354,46.08330963165954,0.0021858549196990705,(2026 PB7),450.0500678176175,-3.683404656840139e-07,2.690960345128329,0.6769400795416955,5.398824321582778,105.2089517280913,246.8159427484482,46.08330958284343,4.51283290736626e-08,-2.0458304494930246e-08,-5.678417222654275e-06,-2.8271908718124905e-05,3.2748448205666136e-05,-4.1715657062013634e-07,3.2748448205666136e-05
160,2.3202498,0.5611728,1.94299,264.05008,278.72548,299.64091,1.0181887230345599,3.62231087696544,3.5342894625199937,200840 (2001 XN254),200840,20200840,an,AMO,Y,17.80,,.0396548,11271,729,0,1994-12-08,2025-10-17,2026-06-10 06:20:05,JPL 73,2461200.5,2.320249755637337,0.5611728363177627,1.942988725829591,264.0501161877705,278.7254407512582,299.6409093070652,0.002671394564431869,(2017 DO109),323.96598514223507,-6.929348046469386e-07,2.320249755221412,0.5611728362975427,1.94298872548482,264.0501162858434,278.7254406638294,299.6409096627077,-4.477858794871281e-08,3.6297542638230595e-08,-1.2745151800608312e-06,3.628584340731322e-05,-3.933617063012207e-05,-3.3729230608514627e-07,3.933617063012207e-05
161,2.6899898,0.7933788,17.17979,353.93105,95.746,268.90664,0.55580892046376,4.824170679536241,4.411902942742463,523589 (2001 HA4),523589,20523589,an,APO,Y,17.79,1.851,.0253332,8073,243,0,2001-04-16,2023-05-24,2023-05-27 06:49:48,66,2461200.5,2.689989785933998,0.7933788263092513,17.17978561192921,353.9310576354051,95.74599264594673,268.9066364235276,0.0005762449548747445,(2004 DM44),457.2648843861241,-3.576472408894915e-06,2.689989785152301,0.7933788263374643,17.1797856138764,353.9310576307373,95.74599266115062,268.9066366852663,-1.4847699070230647e-08,2.633746420954708e-08,-4.3861235994313574e-06,7.63073728649033e-06,-7.33884937176299e-06,-3.3147337035188684e-06,7.63073728649033e-06
162,0.8649325,0.2085728,16.72622,96.44687,16.61338,131.0089,0.684531106664,1.045333893336,0.8044023379259045,152637 (1997 NC1),152637,20152637,an,ATE,Y,17.87,,.0167127,10637,1117,0,1997-07-05,2026-08-19,2026-08-28 10:41:00,JPL 130,2461200.5,0.8649325296318918,0.2085727665766888,16.72621518186479,96.4468664198229,16.61337291110804,131.008915837509,0.00047016776833692513,(2019 YE5),532.9161641430085,1.5837508982485815e-05,0.86493252963074,0.208572766574522,16.72621518188922,96.4468664197379,16.61337290884862,131.0089158391044,2.963073997275245e-08,-3.342547799656259e-08,-4.818110781457108e-06,-3.5802621027869463e-06,-7.091151388749495e-06,1.5839104378301272e-05,1.5839104378301272e-05
163,1.0494373,0.4990536,26.60392,165.54034,72.16443,97.54199,0.5257118374607199,1.5731627625392797,1.0750650524318957,310560 (2001 QL142),310560,20310560,an,APO,Y,17.80,0.654,.0486259,16496,367,0,1974-10-14,2019-12-13,2024-01-19 22:27:01,81,2461200.5,1.049437312687728,0.499053599768192,26.60393150918484,165.5403637718832,72.16439742072484,97.54195724741341,0.0020970439998458934,(2010 RJ53),263.37389673941294,-3.275258660551117e-05,1.049437312672698,0.4990535997690232,26.60393150866132,165.5403637678668,72.16439742552278,97.54195725122989,1.267269800209192e-08,-2.3097679324735054e-10,1.1508661319936664e-05,2.3767866821344796e-05,-3.257447721694007e-05,-3.2748770109947145e-05,3.2748770109947145e-05
164,1.5428663,0.6459551,7.30927,243.71849,76.88929,219.6006,0.54624394489687,2.5394886551031304,1.9164277004912758,381906 (2010 CL19),381906,20381906,an,APO,Y,17.80,0.520,.0110155,9158,1127,0,2001-01-25,2026-02-21,2026-02-22 05:53:06,169,2461200.5,1.542866323559078,0.6459550723446466,7.30926545222838,243.7184827119323,76.88930101768003,219.6005847531547,0.0007011297183763264,(2020 LB),297.37499332439785,-1.5246845293859224e-05,1.54286632353035,0.6459550723879469,7.309265451814172,243.7184826978866,76.88930103191504,219.6005847836101,2.3530349890776847e-08,-2.761205308843273e-08,-4.548185827957241e-06,-7.302113402829491e-06,1.1031915050807584e-05,-1.5216389897432236e-05,1.5216389897432236e-05
165,1.198012,0.8502024,19.13504,303.99962,224.53117,102.10701,0.1794593223712,2.2165646776288,1.3112688739772396,141851 (2002 PM6),141851,20141851,an,APO,Y,17.81,,.038741,9459,916,0,2000-09-20,2026-08-14,2026-08-23 06:49:42,JPL 174,2461200.5,1.198012037764579,0.8502024250127005,19.13504234999855,303.9996068790337,224.5311715655814,102.1070342976855,0.000673989570066715,189865 (2003 NC),821.9096159009739,2.4297685513374745e-05,1.198012037784234,0.8502024249848529,19.13504235131325,303.9996068831105,224.531171562328,102.107034231577,3.778423396383346e-08,2.498485285329366e-08,2.351313248993847e-06,-1.3116889476805227e-05,1.562328009185876e-06,2.4231577015143557e-05,2.4231577015143557e-05
166,2.820635,0.6509089,20.77419,76.38375,20.49371,187.91707,0.9846585748484998,4.6566114251515,4.737184895435214,(2004 UV1),2004 UV1,50260316,au,APO,Y,17.81,,.0229438,7203,787,0,2004-09-18,2024-06-08,2025-12-22 05:37:18,160,2461200.5,2.820634972513779,0.6509088552804247,20.77418452804262,76.38374136742331,20.49372055383279,187.9170695100077,0.000740521819308143,(1997 XS2),376.40205151825637,-4.899922885215346e-07,2.688590959360921,0.1830392679585453,12.51707452788618,74.73221489826645,240.534444510797,33.79729419261594,-0.13204404063907882,-0.4678696320414547,-8.25711547211382,-1.6515351017335433,-139.959265489203,-154.11977580738406,154.11977580738406
167,2.7239489,0.6517055,73.64108,249.00759,145.39576,104.41813,0.9487364201510499,4.49916137984895,4.4957115045738725,(2020 QF6),2020 QF6,54051415,au,APO,Y,17.81,,.0323996,3309,82,0,2015-06-07,2024-06-28,2024-06-29 06:20:46,20,2461200.5,2.72394892390236,0.6517054185265193,73.6410903267761,249.0075869805315,145.3957726474187,104.4181078293207,0.0008464128847665875,(2023 HQ2),1237.3670642622053,-2.2170679301325436e-05,2.723948924432204,0.651705418495458,73.64109032285941,249.0075869757964,145.3957726402164,104.4181077151688,2.443220425973891e-08,-8.150454200439583e-08,1.0322859409939156e-05,-3.024203579116147e-06,1.2640216397130644e-05,-2.228483120347846e-05,2.228483120347846e-05
168,1.6075949,0.3799384,23.65377,3.07513,27.01906,174.30476,0.99680786584584,2.2183819341541597,2.0382850993228874,657084 (2016 GT220),657084,20657084,an,APO,Y,17.83,,.0235891,12297,205,0,1992-08-21,2026-04-22,2026-04-23 06:23:01,48,2461200.5,1.607594860738311,0.3799384085973279,23.65376877343015,3.075129855288023,27.01903627117692,174.3048051438272,0.001188820122891799,(2024 SQ1),303.78688425983097,4.5143827207994036e-05,1.607594860733307,0.3799384086303705,23.65376877272702,3.075129855086265,27.01903626435264,174.3048051457338,-3.926669300824415e-08,8.630370473827753e-09,-1.2272729819073902e-06,-1.4491374145109148e-07,-2.3735647346256883e-05,4.5145733821527756e-05,4.5145733821527756e-05
169,2.3875802,0.6134804,12.81196,41.67682,233.72284,213.00177,0.9228465438719199,3.85231385612808,3.6892403758143426,853424 (2009 FU4),853424,20853424,an,APO,Y,17.84,,.0446894,8066,213,0,2002-11-04,2024-12-04,2025-10-30 18:15:08,62,2461200.5,2.387580189894896,0.6134803938984998,12.81195351824008,41.67678235480034,233.7228712654825,213.0017742582783,0.002468200293484041,(2023 HL7),350.81181924694226,4.258278295310447e-06,2.38758019043233,0.6134803938550901,12.81195351871076,41.67678236244429,233.7228712674062,213.0017741199855,-9.567669767562847e-09,-6.14490991424077e-09,-6.481289238635668e-06,-3.76375556925268e-05,3.126740620018609e-05,4.119985504758006e-06,3.76375556925268e-05
170,1.5519617,0.4781415,3.58083,135.03605,160.00503,203.51505,0.80990440481945,2.2940189951805503,1.933399041775956,5189 (1990 UQ),5189,20005189,an,APO,Y,17.85,,.0448382,12870,1632,0,1990-10-20,2026-01-14,2026-08-23 06:49:13,JPL 319,2461200.5,1.551961739898349,0.4781415321583818,3.580830227199673,135.0360559528064,160.0050274140075,203.5150472254588,0.0003334152477827293,(2022 TJ1),308.8060108256996,-2.77454120123366e-06,1.551961739897047,0.4781415322086639,3.580830228546808,135.0360559442056,160.0050274243269,203.5150472348944,3.989704699947083e-08,3.2208663902633106e-08,2.2854680770123537e-07,5.9442056112857244e-06,-2.575673107685361e-06,-2.765105591606698e-06,5.9442056112857244e-06
171,1.4778142,0.7523783,18.03421,139.50669,303.92609,224.16609,0.36593886448813995,2.5896895355118605,1.796510471352989,37655 Illapa (1994 PM),37655,20037655,an,APO,Y,17.85,,.0249038,10923,658,0,1994-08-01,2024-06-27,2024-06-28 06:19:29,127,2461200.5,1.477814186965104,0.7523782827017306,18.03420930483809,139.5066881446564,303.9260932191344,224.1660917123815,0.0001925818507441326,846655 (2020 HW9),621.7698780560609,1.7123815041486523e-06,1.477814186828593,0.7523782826518058,18.03420930357062,139.5066881500409,303.9260932185234,224.1660918336573,-1.3171407076129071e-08,-1.7348194214505952e-08,-6.964293817190992e-07,-1.8499590908049868e-06,3.2185234317694267e-06,1.8336573077704088e-06,3.2185234317694267e-06
172,1.3355986,0.30557,17.25133,116.63182,133.85767,285.77557,0.9274797357979999,1.743717464202,1.543525940808557,13651 (1997 BR),13651,20013651,an,APO,Y,17.86,0.562,.0145228,16820,1174,0,1980-02-09,2026-02-27,2026-02-28 05:52:24,193,2461200.5,1.335598603237952,0.3055700479680548,17.25133100963922,116.6318428592888,133.857631630789,285.7755988664356,0.0022357596566883065,(2014 BG3),347.8306858697193,2.8866435570762405e-05,1.335598603289685,0.3055700480166552,17.25133101060917,116.631842855039,133.8576316461596,285.7755988034598,3.289684968876827e-09,4.801665520748344e-08,1.0106091714590093e-06,2.2855038992020127e-05,-3.835384040939971e-05,2.8803459770188056e-05,3.835384040939971e-05
173,1.9033297,0.5521532,8.2711,238.33422,114.7426,315.7709,0.85240011548996,2.95425928451004,2.625856790317776,363790 (2005 JE46),363790,20363790,an,APO,Y,17.85,,.0289776,15355,1221,0,1984-06-22,2026-07-07,2026-08-25 07:23:07,JPL 172,2461200.5,1.903329683973297,0.5521532166194257,8.271102237953134,238.3342214208486,114.742594233236,315.7708947876546,0.0003194819341220509,(2020 WY4),277.2344144166889,-5.212345399741025e-06,1.903329684070594,0.5521532166485238,8.271102237723868,238.3342214101537,114.7425942435056,315.770894807246,-1.5929406016468306e-08,1.6648523781803704e-08,2.237723867537511e-06,1.4101537146871124e-06,-5.756494402930912e-06,-5.1927539743701345e-06,5.756494402930912e-06
174,1.871303,0.4865443,14.39783,10.77506,217.49146,171.03786,0.9608311917770999,2.7817748082229,2.559859744013475,154269 (2002 SM),154269,20154269,an,APO,Y,17.87,,.0236047,8466,343,0,2002-09-13,2025-11-17,2026-08-19 06:51:06,JPL 91,2461200.5,1.871302995671448,0.4865442672364394,14.39783948302162,10.77504408081677,217.4914720973867,171.0378667889931,0.001108399605998946,(2022 GG),160.4091925743203,6.788993118789222e-06,1.871302996005178,0.4865442671820742,14.39783948225789,10.77504408233429,217.4914720978618,171.0378665785945,-3.994822028730027e-09,-3.281792576581566e-08,9.482257889104062e-06,-1.5917665706410844e-05,1.2097861798565646e-05,6.578594508255264e-06,1.5917665706410844e-05
175,1.8146854,0.4508695,13.20499,120.97348,13.20651,252.41815,0.9964991010446999,2.6328716989553,2.4445674104681014,366774 (2004 TB18),366774,20366774,an,APO,Y,17.87,0.859,.0196093,7611,708,0,2004-09-21,2025-07-24,2026-08-25 07:23:09,JPL 159,2461200.5,1.814685395331521,0.4508694618672779,13.204990676041,120.9734891470633,13.20650037090113,252.4181532636878,0.0006692918440379065,(2016 YF11),248.59348624768558,3.263687801791093e-06,1.814685395729933,0.4508694618525412,13.20499067456996,120.9734891459273,13.20650037118692,252.418152958066,-4.270066966682862e-09,-3.814745880292847e-08,6.745699590027243e-07,9.145927322151692e-06,-9.628813074868958e-06,2.958066005476212e-06,9.628813074868958e-06
176,2.651727,0.6186491,2.63958,305.16698,42.22519,295.35291,1.0112384780043002,4.2922155219957,4.31810517342461,100085 (1992 UY4),100085,20100085,an,APO,Y,17.89,,.0251337,15931,663,0,1979-06-29,2023-02-09,2026-09-04 06:21:23,JPL 117,2461200.5,2.651726946579533,0.6186490636296388,2.639581586963602,305.1669824278607,42.22518122350115,295.3529120824176,0.0004708977505609398,(2009 QG2),360.2830645617912,2.082417609017284e-06,2.651726945048159,0.6186490637913369,2.639581584438141,305.1669823722007,42.22518126415699,295.3529125393466,-5.4951841299555326e-08,-3.6208663067860414e-08,1.584438141133404e-06,2.372200697209337e-06,-8.735843010754252e-06,2.539346610319626e-06,8.735843010754252e-06
177,2.6775747,0.7347815,5.37753,52.45999,309.87022,205.78151,0.7101423455719501,4.64500705442805,4.381394852498245,529668 (2010 JL33),529668,20529668,an,APO,Y,17.89,1.778,.0312356,9721,760,0,1997-06-04,2024-01-15,2026-09-03 06:19:21,JPL 101,2461200.5,2.6775747505876,0.7347815035045862,5.377536930970271,52.46000390105238,309.8702061867048,205.7815002601251,0.0010405864024451677,(2018 MV6),176.23838459418488,-9.739874883507582e-06,2.67757475070013,0.7347815034892635,5.377536928854962,52.46000392647085,309.8702061440903,205.7815002179037,5.07001298721832e-08,3.4892635447647535e-09,6.928854961785191e-06,1.3926470842307026e-05,-1.3855909742233052e-05,-9.782096299204568e-06,1.3926470842307026e-05
178,1.9499674,0.754667,12.37568,102.72819,263.65389,332.97439,0.47839135214420003,3.4215434478558,2.7229585236865272,430804 (2005 AD13),430804,20430804,an,APO,Y,17.89,,.0173004,7850,1143,0,2005-01-09,2026-07-08,2026-07-16 07:50:41,JPL 170,2461200.5,1.949967352594378,0.7546670063289861,12.37568425486983,102.7281966170557,263.6538772671306,332.974389557339,0.0007499638541205348,(2016 AU193),301.4469268232786,-4.426610189511848e-07,1.949967352860859,0.7546670063281722,12.37568425562366,102.728196638886,263.6538772444766,332.9743894505052,-4.713914103504635e-08,6.328172208469596e-09,4.2556236614643694e-06,6.6388860204824596e-06,-1.275552341439834e-05,-5.494948140949418e-07,1.275552341439834e-05
179,1.6284721,0.7761449,34.254,40.072,110.83482,58.33517,0.36454178479270993,2.89240241520729,2.078119337165836,(2019 RU3),2019 RU3,50843881,au,APO,Y,17.94,,.0496248,3243,264,0,2016-09-28,2025-08-15,2025-08-16 06:20:20,53,2461200.5,1.628472130752825,0.7761450429070931,34.2540175133348,40.07197980846782,110.8348440293191,58.33516218768616,0.0018199431567812042,(2020 HU5),548.5123333804413,-7.812313839394847e-06,1.628472130668278,0.7761450428909044,34.25401751480682,40.07197980382135,110.8348440345985,58.3351622157018,3.0668277917200726e-08,1.428909043310611e-07,1.7514806820884132e-05,-2.01961786387983e-05,2.403459851052503e-05,-7.784298190927075e-06,2.403459851052503e-05
180,2.0023318,0.6066269,31.29757,44.62004,291.22498,309.13373,0.78766346739458,3.2170001326054196,2.833375061022828,746849 (2012 HJ1),746849,20746849,an,APO,Y,17.94,,.0338343,5178,392,0,2012-04-16,2026-06-20,2026-06-20 06:22:23,JPL 70,2461200.5,2.002331828991466,0.6066269334738348,31.29758909203744,44.62003781886106,291.2249831776176,309.1337210491067,0.0009765878257401797,(2015 GZ13),488.42892868827494,-8.950893288783845e-06,2.002331829228324,0.6066269334774492,31.29758909067643,44.62003782336418,291.2249831761848,309.133720998191,2.922832420537702e-08,3.347744925719098e-08,1.909067642813511e-05,-2.1766358315744583e-06,3.17618480494275e-06,-9.00180901908243e-06,9.00180901908243e-06
181,1.6376834,0.417425,4.68129,268.50377,24.9458,25.72688,0.9540734067550001,2.321293393245,2.0957762784549803,136617 (1994 CC),136617,20136617,an,APO,Y,17.97,,.0162127,13277,739,0,1988-09-14,2025-01-20,2025-01-20 05:58:46,177,2461200.5,1.637683450192343,0.4174249722429326,4.681286225579768,268.5037747363562,24.94578924980467,25.72688066519413,0.0006214628989965905,(2025 MP1),327.03144461229346,6.651941362179059e-07,1.637683450166902,0.4174249722657032,4.681286224585995,268.503774729916,24.94578925757455,25.7268806016436,5.0166901965909005e-08,-2.773429680358319e-08,-3.7754140045365148e-06,4.729916042833793e-06,-1.074242544518711e-05,6.016435918354546e-07,1.074242544518711e-05
182,1.7732549,0.7441422,9.06773,159.49235,79.18077,229.29091,0.45370109755322,3.09280870244678,2.3613303706257667,162825 (2001 BO61),162825,20162825,an,APO,Y,17.97,,.0162558,8023,454,0,2000-12-03,2022-11-21,2023-09-01 05:59:53,110,2461200.5,1.773254902814083,0.744142237969198,9.067726920659815,159.4923471352508,79.18076486141209,229.2909154819126,0.0003406025291149989,(2016 DV1),392.9115807391413,5.481912609184292e-06,1.773254902903789,0.744142237994734,9.06772692040404,159.4923471144633,79.18076488226434,229.2909154232787,2.9037889870409117e-09,3.799473402565923e-08,-3.079595959576409e-06,-2.8855366736024735e-06,-5.117735668136447e-06,5.423278707894497e-06,5.423278707894497e-06
183,1.0348698,0.1921328,21.47,322.74951,99.04605,0.79457,0.83603736769056,1.23370223230944,1.0527580477720782,443103 (2013 WT67),443103,20443103,an,APO,Y,17.97,,.0129713,2722,630,0,2013-11-29,2021-05-13,2025-11-14 05:39:39,138,2461200.5,1.034869794870013,0.1921328069258262,21.47000941550348,322.7495057515899,99.04605382677863,0.7945294913387765,0.0005509814041960706,(2020 QV2),298.46612201407737,-4.050866121474428e-05,1.034869794851173,0.1921328069367106,21.470009415674,322.7495057507073,99.04605381925607,0.7945296139208134,-5.148827142420487e-09,6.936710594818152e-09,9.415674000479157e-06,-4.249292658187187e-06,3.819256079395927e-06,-4.038607917777881e-05,4.038607917777881e-05
184,2.5105878,0.6197731,10.13806,61.82536,314.56221,138.81068,0.9545930163718201,4.06658258362818,3.977984816238576,482467 (2012 LK9),482467,20482467,an,APO,Y,17.98,,.0466149,4633,152,0,2012-06-12,2025-02-17,2025-02-18 05:51:57,47,2461200.5,2.510587799401958,0.6197731319147396,10.138064425812,61.82534738313041,314.5622282900184,138.8106799901808,0.001134601040224969,(2021 VM5),129.35292301822642,-9.819189017434837e-09,2.510587800800502,0.6197731318883174,10.13806442208706,61.82534739684971,314.5622282823669,138.8106795381002,8.005018869994274e-10,3.188831743106135e-08,4.4220870609734675e-06,-1.260315031004211e-05,1.8282366909261327e-05,-4.61899787751463e-07,1.8282366909261327e-05
185,1.6398395,0.7381438,16.44727,322.05585,71.9113,283.45084,0.42940214007989996,2.8502768599201,2.0999164469893308,741491 (2006 DU62),741491,20741491,an,APO,Y,17.99,,.0055982,6966,257,0,2006-02-25,2025-03-23,2025-03-25 06:21:43,48,2461200.5,1.639839530771849,0.7381437308911476,16.44727996153251,322.0558553798554,71.91129960188606,283.450820728313,0.000583853331239503,(2024 CH4),385.9652197901361,-1.9271687051514164e-05,1.639839530731137,0.7381437308839288,16.44727996113534,322.0558553658249,71.9112996091636,283.450820774846,3.073113719054277e-08,-6.911607119963747e-08,9.961135340574856e-06,5.365824904401961e-06,-3.9083639080672583e-07,-1.9225154005653167e-05,1.9225154005653167e-05
186,1.1897113,0.2780801,30.12309,292.44372,84.19068,219.44023,0.85887626272487,1.5205463372751298,1.2976643685164475,348314 (2005 BC),348314,20348314,an,APO,Y,18.00,,.0448302,7644,1649,0,2005-01-16,2025-12-21,2026-09-03 06:19:09,JPL 122,2461200.5,1.189711275924193,0.2780801330047022,30.12309373912285,292.4437159627331,84.19068038958318,219.440235353806,0.0002846361403492596,(2026 AE1),253.08208020589004,5.353805988761451e-06,1.189711275885239,0.2780801329918588,30.12309373935775,292.4437159616715,84.19068038439792,219.4402354755727,-2.4114760854843098e-08,3.299185880045741e-08,3.7393577478894713e-06,-4.038328484057274e-06,3.843979357043281e-07,5.475572692148489e-06,5.475572692148489e-06
187,2.6372059,0.6065703,13.3569,80.57269,190.76452,201.1368,1.03755512607523,4.236856673924771,4.282684267081263,436671 (2011 SV71),436671,20436671,an,AMO,Y,18.00,2.159,.027814,6195,205,0,2002-03-19,2019-03-05,2023-03-01 06:47:07,57,2461200.5,2.637205836232518,0.6065703027826133,13.35689640474324,80.5726566274386,190.7645655496921,201.1368126228829,0.002829782271068397,(2019 KZ3),290.03144643459837,1.2622882906043742e-05,2.637205837737771,0.6065703027722156,13.35689640652025,80.57265663615046,190.7645655529609,201.1368121353911,-6.226222915017843e-08,2.7722155682141647e-09,-3.593479750207962e-06,-3.3363849524903344e-05,4.555296089847616e-05,1.2135391102674475e-05,4.555296089847616e-05
188,2.065409,0.8867094,25.14721,30.23893,49.95877,40.70005,0.23399142485540003,3.8968265751446,2.968308923520126,671294 (2014 JO25),671294,20671294,an,APO,Y,18.02,,.0060087,5481,1842,0,2011-05-16,2026-05-18,2026-06-16 11:32:32,JPL 108,2461200.5,2.065409022612367,0.8867094524185616,25.14721313617967,30.23893572225819,49.95876441742982,40.70004364218048,0.00044256583659683067,(2005 FV2),562.7112618733111,-6.357819529512199e-06,2.065409022379087,0.8867094524164112,25.14721313421654,30.23893571044555,49.95876442628551,40.70004375485698,2.2379087027957212e-08,5.241641121145335e-08,3.134216537858947e-06,5.710445549311771e-06,-5.573714474849112e-06,-6.245143026717415e-06,6.245143026717415e-06
189,1.4672226,0.4814932,3.12476,73.38514,280.06988,68.58937,0.7607648952136798,2.17368030478632,1.7772315398163865,7753 (1988 XB),7753,20007753,an,APO,Y,18.01,,.00651474,13289,1335,0,1988-12-05,2025-04-24,2025-04-25 06:20:47,242,2461200.5,1.467222571734466,0.4814931823071283,3.124762482067461,73.38514071552868,280.0698819580158,68.5893685330761,0.0001682773193245329,(2011 WO46),195.18612735144876,-1.4669238908027182e-06,1.467222571832457,0.4814931822531811,3.124762482090199,73.38514074864337,280.0698819120527,68.58936843097284,-2.81675429647521e-08,-1.7746818903319195e-08,2.4820901987077093e-06,7.486433446501906e-07,1.912052709940326e-06,-1.5690271766288788e-06,1.912052709940326e-06
190,0.7186981,0.4176323,7.36842,81.65754,167.51212,278.10601,0.41854655949137004,1.01884964050863,0.6092839600642302,33342 (1998 WT24),33342,20033342,an,ATE,Y,18.02,0.432,.0103337,9571,1983,0,1998-11-24,2025-02-06,2025-12-09 05:26:50,216,2461200.5,0.7186981142905206,0.4176323341477639,7.368421100520266,81.65755294657905,167.5121134476977,278.1060278181417,0.0007309328261074122,(2012 YK),416.89379876500016,1.781814165724427e-05,0.7186981143294207,0.4176323342408338,7.36842110239984,81.6575529215932,167.512113460051,278.1060274904948,1.432942065004994e-08,3.4240833779453084e-08,1.1023998398584922e-06,1.2921593196324466e-05,-6.539948998351974e-06,1.74904947698451e-05,1.74904947698451e-05
191,1.3733016,0.7314486,5.04225,359.93571,120.90302,25.35328,0.36880206730224,2.37780113269776,1.6093440143180757,405212 (2003 QC10),405212,20405212,an,APO,Y,18.04,,.00168516,8356,441,0,2003-08-22,2026-07-08,2026-09-03 06:19:11,JPL 102,2461200.5,1.373301586929885,0.7314486376674459,5.042245443770512,359.9357023718906,120.9030239722465,25.3532839144131,0.0004926065654992555,(2007 UC6),388.28581755039517,3.914413099437297e-06,1.37330158696185,0.7314486376436793,5.042245444491604,359.9357023549171,120.9030239871779,25.35328390705036,-1.3038150115107783e-08,3.76436792848267e-08,-4.5555083962867116e-06,-7.645082860108232e-06,3.987177905173667e-06,3.907050370344223e-06,7.645082860108232e-06
192,2.8207652,0.7585161,5.67243,22.1116,47.80584,320.4332,0.68116938148028,4.96036101851972,4.737512900613638,(2012 QC8),2012 QC8,50607751,au,APO,Y,18.04,,.0453525,9985,264,0,1999-04-12,2026-08-13,2026-08-14 06:49:40,JPL 39,2461200.5,2.820765187644866,0.7585161238617127,5.672434293292049,22.11158626170764,47.80585644989797,320.4331980558097,0.0010940112504841041,(2019 TQ2),276.4024930806048,-1.944190273661661e-06,2.187545988899383,0.1940989999999998,3.061859999999992,42.63992000000002,244.8425400000004,106.9694415943894,-0.633219211100617,-0.5644171000000002,-2.6105700000000085,20.528320000000008,-162.9632999999996,146.53624159438937,162.9632999999996
193,1.5997395,0.5030596,23.07163,191.10298,290.99488,134.59668,0.7949751870258,2.4045038129742,2.023363458628114,2135 Aristaeus (1977 HA),2135,20002135,an,APO,Y,18.05,,.00967484,15749,61,1,1977-04-17,2020-05-30,2021-04-12 13:23:04,24,2461200.5,1.599739533568636,0.5030586306182083,23.07163208204,191.1028441025867,290.9949246808749,134.5968681547153,0.007411611641227256,(2025 FP20),327.3396250464183,0.00018815471531752337,1.59973953366832,0.503058630600076,23.07163208098758,191.1028441103755,290.9949246784675,134.5968680425581,3.3668319909807565e-08,-9.69399924000136e-07,2.0809875813654344e-06,-0.00013588962451649422,4.4678467475023353e-05,0.0001880425581077816,0.0001880425581077816
194,1.4585197,0.5620711,39.93236,314.32185,268.33837,152.72654,0.63872792784933,2.27831147215067,1.7614424123876633,137108 (1999 AN10),137108,20137108,an,APO,Y,18.05,,.000205921,24459,410,0,1955-01-26,2022-01-13,2023-08-18 06:14:19,100,2461200.5,1.458519700164067,0.5620711861779988,39.93237024085661,314.3218479171364,268.3383661349407,152.7265412179813,0.0005831697756473984,(2015 BX310),740.4881080580053,1.2179812927115563e-06,1.458519700203103,0.5620711862088583,39.93237024021181,314.321847919151,268.3383661400756,152.7265411765046,2.031028678572966e-10,8.62088582742615e-08,1.0240211807399646e-05,-2.0808489580304013e-06,-3.859924390781089e-06,1.1765046110667754e-06,3.859924390781089e-06
195,1.2690923,0.5141334,19.42916,54.20354,263.94,118.37997,0.6166095608871801,1.9215750391128201,1.4296831993118697,267337 (2001 VK5),267337,20267337,an,APO,Y,18.05,0.439,.00115498,8540,1117,0,2001-11-11,2025-03-30,2025-03-31 06:52:40,232,2461200.5,1.269092260036263,0.5141334169527231,19.42915901184455,54.20353127717621,263.94000984753,118.3799832367199,0.0006616959747903137,(2024 JB2),332.3381071231872,1.32367198943939e-05,1.269092260077776,0.5141334169921944,19.42915901199842,54.20353127850544,263.9400098457106,118.3799832502942,-3.9922223971089466e-08,1.6992194429299445e-08,-9.88001580992659e-07,-8.721494566543697e-06,9.845710621902981e-06,1.3250294216504699e-05,1.3250294216504699e-05
196,2.2978714,0.5803493,9.52381,84.80995,187.05031,314.49405,0.9643033415199801,3.63143945848002,3.4832815521900278,455299 (2002 EL6),455299,20455299,an,APO,Y,18.05,0.537,.0445944,7965,605,0,2002-03-10,2023-12-30,2026-06-17 06:22:52,JPL 121,2461200.5,2.297871375596686,0.5803493180610672,9.523814923447471,84.80996685579842,187.0502849758865,314.4940537907442,0.001529153903037638,(2026 MA),228.7219870906893,3.7907441878815007e-06,2.297871376363186,0.5803493180673999,9.523814925144926,84.80996685667789,187.050284978142,314.4940535287492,-2.3636813839544857e-08,1.80673999095049e-08,4.92514492655971e-06,1.6856677888199556e-05,-2.5021857993579033e-05,3.5287491755298106e-06,2.5021857993579033e-05
197,1.6918546,0.4624185,5.8333,352.06267,333.21962,77.9249,0.9095097336499,2.4741994663501004,2.200617461993941,386847 (2010 LR33),386847,20386847,an,APO,Y,18.06,0.663,.029213,8886,433,0,2001-03-26,2025-07-24,2025-08-06 06:19:21,118,2461200.5,1.691854617857927,0.4624184437019981,5.833304577764451,352.06268597,333.2196121562734,77.92490022232408,0.000925634350994321,(2020 RT4),272.46641684663524,2.223241040155699e-07,1.691854617852522,0.4624184437595503,5.833304576838591,352.062685985945,333.2196121473945,77.9249002946483,1.7852521905226126e-08,-5.6240449686217886e-08,4.576838590786281e-06,1.5985944969543198e-05,-7.852605506286636e-06,2.9464831641234923e-07,1.5985944969543198e-05
198,1.0869937,0.7245234,34.03784,38.83283,308.11171,52.94938,0.29944132869741996,1.87454607130258,1.1332886532015263,141525 (2002 FV5),141525,20141525,an,APO,Y,18.07,,.0351236,8116,713,0,2002-03-21,2024-06-09,2024-06-10 06:18:54,140,2461200.5,1.086993714178532,0.7245234378518476,34.03784417348604,38.83282451471351,308.1117111361484,52.94937497759722,0.00035766611145870796,(2024 JY),429.64491088317516,-5.022402774557122e-06,1.086993714220069,0.7245234378548732,34.03784417116036,38.83282451917113,308.1117111325597,52.94937487092898,1.4220068900172578e-08,3.785487312502056e-08,4.171160355781467e-06,-5.480828860982001e-06,1.13255970290993e-06,-5.129071013243447e-06,5.480828860982001e-06
199,2.3232849,0.5777828,28.06534,74.44268,153.53473,212.80019,0.9809308452802799,3.66563895471972,3.541226493050012,(2017 CH1),2017 CH1,50768631,au,APO,Y,18.07,,.00520689,2837,403,0,2017-01-15,2024-10-22,2025-12-20 05:22:13,73,2461200.5,2.323284899529107,0.577782791489418,28.06534461492771,74.44268879168516,153.5347234292992,212.8001870832331,0.0005955698353775357,524475 (2002 KJ4),134.80672627887947,-2.916766874250243e-06,2.3232848991512,0.5777827914661576,28.06534461665936,74.4426887954748,153.5347234369116,212.800187223265,-8.488001412843005e-10,-8.533842410507475e-09,4.6166593605789785e-06,8.795474798262148e-06,-6.5630883909761906e-06,-2.7767349877194647e-06,8.795474798262148e-06
200,2.1084489,0.602473,16.07668,194.71649,243.0644,29.87097,0.8381653658702999,3.3787324341297,3.0615730056224613,250620 (2005 GE59),250620,20250620,an,APO,Y,18.07,0.654,.0314716,7462,643,0,2005-01-18,2025-06-24,2025-06-25 06:55:09,142,2461200.5,2.108448888667837,0.6024730354750159,16.07668120255281,194.7164897267087,243.0644102588964,29.87096147201504,0.0005216097837730375,(2007 TT18),332.35032289235653,-8.52798495998286e-06,2.108448888569944,0.6024730354270317,16.07668120416271,194.7164897402523,243.0644102460674,29.87096137980132,-1.1430056012784462e-08,3.542703164161054e-08,1.204162710877199e-06,-2.597476793653186e-07,1.02460674042959e-05,-8.620198684639035e-06,1.02460674042959e-05
201,1.9241439,0.5740776,6.40373,222.60435,221.65785,123.45216,0.8195359878333601,3.02875181216664,2.669047620448949,409836 (2006 QY110),409836,20409836,an,APO,Y,18.07,0.554,.0319718,6126,249,0,2006-08-30,2023-06-08,2025-09-01 06:54:48,72,2461200.5,1.924143924178398,0.5740776076640598,6.40372916883664,222.6043703296669,221.6578276082307,123.4521591286009,0.0015130311787781,(2017 UU2),280.145926494269,-8.713990951036976e-07,1.924143924024025,0.5740776076192674,6.40372916996127,222.6043703479892,221.6578275937659,123.4521591690717,2.4024024991575743e-08,7.619267439196165e-09,-8.300387301929391e-07,2.0347989192259774e-05,-2.240623410898479e-05,-8.309282861773681e-07,2.240623410898479e-05
202,1.7700822,0.6007455,5.54384,156.84047,90.61416,171.85883,0.7067132837198999,2.8334511162801,2.3549958830153774,137126 (1999 CF9),137126,20137126,an,APO,Y,18.08,,.0178302,9840,1228,0,1999-01-15,2025-12-24,2025-12-26 05:54:38,215,2461200.5,1.770082161534599,0.6007455018665537,5.543840910313252,156.840494262276,90.61413727168207,171.8588280725586,0.0016633253976678893,(2015 QB9),151.3700293421385,-1.927441417137743e-06,1.770082161451903,0.6007455018290914,5.543840909780055,156.840494234648,90.61413731353343,171.8588279451358,-3.8548097158752626e-08,1.8290913228469208e-09,9.097800548474311e-07,2.4234647980847512e-05,-2.2686466564891816e-05,-2.0548642112316884e-06,2.4234647980847512e-05
203,1.8204548,0.5677589,4.84751,197.06965,31.12818,103.52153,0.7868753852522801,2.8540342147477196,2.456234632118249,140039 (2001 SO73),140039,20140039,an,APO,Y,18.08,,.0453382,8475,775,0,2001-09-19,2024-12-02,2024-12-03 06:18:33,166,2461200.5,1.8204547927988,0.5677589248059939,4.847511896783896,197.0696886240645,31.12813285611065,103.5215328146854,0.0030491669905517286,(2022 GO2),281.80171804146306,2.8146853878752154e-06,1.820454792874002,0.5677589247819036,4.847511894959275,197.0696886089319,31.12813287850509,103.5215328320267,-7.125998013890467e-09,2.478190364030297e-08,1.8949592748285227e-06,3.860893190221759e-05,-4.7121494901603e-05,2.8320266949322104e-06,4.7121494901603e-05
204,3.2104465,0.6984358,10.00804,340.1136,337.2506,334.67781,0.9681557304152999,5.4527372695847,5.752387787857968,451124 (2009 KC3),451124,20451124,an,APO,Y,18.08,2.188,.00636848,6209,472,0,2009-05-04,2026-05-04,2026-05-05 06:19:54,102,2461200.5,3.210446539326223,0.6984357587729222,10.00803353950869,340.1135970255106,337.2506113880726,334.6777963001526,0.0006775172114746977,(2014 QU296),609.8726065502807,-1.3699847443149338e-05,3.21044654059703,0.6984357588297405,10.0080335335755,340.1135970444823,337.250611381905,334.6777959413017,4.0597029737909907e-08,-4.1170259534872855e-08,-6.466424499862455e-06,-2.9555177434303914e-06,1.1381904982954438e-05,-1.4058698297958472e-05,1.4058698297958472e-05
205,2.0590426,0.5537607,7.75324,113.04616,300.31278,54.43611,0.9188257284941801,3.1992594715058202,2.954595267694317,895358 (2020 EN),895358,20895358,an,APO,Y,18.09,,.0487217,3990,186,0,2015-03-28,2026-02-28,2026-08-27 06:26:49,JPL 33,2461200.5,2.059042637342037,0.5537606583865667,7.753242580307784,113.0461492806566,300.3127897845827,54.4361107480056,0.0007426789781458287,(2023 AN),245.40211217512478,7.480056183339912e-07,2.059042637350494,0.5537606583892675,7.753242579416267,113.0461492900245,300.312789772735,54.43611075569476,3.735049380892974e-08,-4.161073252628711e-08,2.579416267245449e-06,-1.0709975498457425e-05,9.772735040769476e-06,7.556947707598738e-07,1.0709975498457425e-05
206,2.8183551,0.8056228,6.09413,211.06792,287.89761,142.94147,0.54782397294372,5.08888622705628,4.731442504929933,(2020 JM2),2020 JM2,54017043,au,APO,N,24.7,,.0374256,4,37,9,2020-05-15,2020-05-19,2021-04-15 22:32:03,JPL 3,2458986.5,2.50417300245276,0.7620026590989342,6.533003621289739,208.3183197865555,292.3675908116912,13.40300714318448,419.1125824923562,(2014 HS197),532.4298069852493,,2.515442353315094,0.7576009953854066,6.569662085236614,206.7293157128473,294.0414976555674,200.8185949298385,-0.302912746684906,-0.04802180461459338,0.4755320852366145,-4.338604287152691,6.1438876555674256,57.87712492983849,57.87712492983849
207,1.5456527,0.4716797,13.53154,303.58001,231.23185,56.46936,0.8165996981598102,2.27470570184019,1.9216216155946781,26663 (2000 XK47),26663,20026663,an,APO,Y,18.12,,.0349296,19027,906,0,1974-07-12,2026-08-15,2026-08-19 06:50:48,JPL 187,2461200.5,1.545652693614059,0.4716796888989747,13.53154632175524,303.5800009519693,231.2318571484105,56.46936196950539,0.0006579223106004412,(2019 AG3),356.6623003733179,1.9695053765644843e-06,1.545652693521272,0.4716796889015102,13.53154632239137,303.5800009525286,231.231857152771,56.46936200081872,-6.478727998526779e-09,-1.10984897938593e-08,6.322391369550928e-06,-9.047471394296736e-06,7.152770990614954e-06,2.0008187107123376e-06,9.047471394296736e-06
208,1.6427096,0.3831233,3.41388,72.98582,319.5807,260.86129,1.01334927710632,2.2720699228936803,2.105431870823639,65803 Didymos (1996 GT),65803,20065803,an,APO,Y,18.11,0.78,.039575,896,1869,0,2022-09-27,2025-03-11,2026-03-01 16:49:59,240,2461200.5,1.642709608529702,0.3831233242624545,3.413876519313629,72.9858236207145,319.5807001349104,260.8612886320632,0.00025599766073897297,(2005 WK56),226.68758272800645,-1.367936818041926e-06,1.642709608559281,0.3831233243064627,3.413876519364075,72.98582361751336,319.5807001308582,260.8612886230877,8.559280839648409e-09,2.4306462675927065e-08,-3.480635924812958e-06,3.6175133573124185e-06,1.3085821137792664e-07,-1.3769122801932099e-06,3.6175133573124185e-06
209,1.7469491,0.4782407,10.99257,50.12548,147.55732,236.83616,0.9114869395516301,2.58241126044837,2.308981094509871,136795 Tatsunokingo (1997 BQ),136795,20136795,an,APO,Y,18.11,,.0355994,10532,427,0,1997-01-16,2025-11-17,2026-08-11 06:19:06,JPL 99,2461200.5,1.746949113870816,0.4782407143000131,10.99257749344882,50.12550438199563,147.557293996172,236.8361592020742,0.0018215629966742463,417211 (2005 XL80),249.4593071134193,-7.979257929946471e-07,1.746949113991759,0.478240714270723,10.99257749461639,50.12550438065796,147.557294004215,236.8361591383173,1.3991759084674982e-08,1.4270722992204554e-08,7.494616388825648e-06,2.4380657947631335e-05,-2.599578499484778e-05,-8.616827074092726e-07,2.599578499484778e-05
210,0.9466308,0.123851,22.32417,331.11156,46.04864,313.5935,0.8293896287892,1.0638719712108,0.9210239978166265,162421 (2000 ET70),162421,20162421,an,ATE,Y,18.11,,.0303417,17851,743,0,1977-02-18,2026-01-03,2026-01-17 05:54:59,176,2461200.5,0.9466308218466468,0.1238510400373357,22.32418716140079,331.1115732136115,46.04861298351022,313.5935359311802,0.001733320237247742,(2017 DL123),242.2486305380074,3.5931180207171565e-05,0.9466308218388109,0.1238510400492201,22.32418716142263,331.1115732104137,46.04861292524394,313.5935359952236,2.1838810870811187e-08,4.004922009304135e-08,1.7161422629641265e-05,1.3210413726483239e-05,-2.7074756076217454e-05,3.599522358399554e-05,3.599522358399554e-05
211,2.5029378,0.6954981,0.79236,180.21677,345.98384,27.88526,0.7621493156818201,4.24372628431818,3.9598167262351276,242708 (2005 UK1),242708,20242708,an,APO,Y,18.12,,.0109908,7547,1179,0,2005-10-24,2026-06-23,2026-06-24 06:21:09,JPL 202,2461200.5,2.502937747284941,0.6954981018515407,0.7923631789129044,180.2168963983236,345.9837181568201,27.88525945244427,0.008779737926068738,(2011 YE6),370.3695903280987,-5.475557145473431e-07,2.502937747728475,0.695498101777532,0.7923631764206314,180.2168964254583,345.9837181232638,27.88525928984436,-5.227152533038293e-08,1.7775320104718162e-09,3.1764206314122134e-06,0.00012642545829066876,-0.00012187673615926542,-7.101556320776581e-07,0.00012642545829066876
212,2.3841115,0.6584107,3.85786,54.49466,337.6108,57.54043,0.81438697840695,3.9538360215930504,3.6812036494805387,533722 (2014 NE52),533722,20533722,an,APO,Y,18.12,0.701,.0358397,4359,721,0,2014-05-06,2026-04-12,2026-08-31 06:26:33,JPL 112,2461200.5,2.384111490672216,0.6584107279688582,3.857857697594028,54.49463113220362,337.6108250372634,57.54043212318966,0.0019149423713311535,(2011 WQ2),166.889731334887,2.1231896596418665e-06,2.384111490583761,0.6584107279996693,3.857857695068043,54.49463114992776,337.6108250268732,57.54043219688891,-9.416238899717655e-09,2.7999669249823e-08,-2.304931956853551e-06,-2.88500722263052e-05,2.5026873231581703e-05,2.1968889143408887e-06,2.88500722263052e-05
213,2.1175518,0.6647149,59.33202,33.49564,251.1095,277.27066,0.7099835670181801,3.52512003298182,3.081421187522354,196068 (2002 TW55),196068,20196068,an,APO,Y,18.13,,.0279981,3355,145,0,2002-10-02,2011-12-09,2021-04-13 22:31:04,39,2461200.5,2.117551736840672,0.6647150230340217,59.33211793817863,33.49563751074105,251.1094991276424,277.270691547397,0.004905267496185621,(2007 VG),685.1752003699698,3.1547396986297827e-05,2.117551736855322,0.6647150230722663,59.33211793958904,33.49563751276652,251.1094991364805,277.2706916705049,-6.314467837498228e-08,1.230722662670658e-07,9.793958903969724e-05,-2.487233473402739e-06,-8.635194888029218e-07,3.1670504881731176e-05,3.1670504881731176e-05
214,1.573215,0.5374907,13.7949,159.69,90.95239,283.96209,0.7276265683995,2.4188034316005,1.9732500291019164,892673 (2015 TM237),892673,20892673,an,APO,Y,18.13,,.0395896,3774,141,2,2015-10-08,2026-02-06,2026-06-07 19:15:26,JPL 50,2461200.5,1.573214874281531,0.5374930002662502,13.79490883341044,159.6900521783007,90.95277849202795,283.960919315798,0.020136964875280904,(2022 RT1),237.8299689742648,-0.0011706842020089425,1.573214874375992,0.5374930002436445,13.79490883331931,159.6900521750295,90.95277849321528,283.9609192293656,-1.2562400808491248e-07,2.3002436445596075e-06,8.833319309786702e-06,5.217502950927155e-05,0.0003884932152686815,-0.00117077063441684,0.00117077063441684
215,1.9046562,0.6261117,2.13279,75.47581,120.47166,294.30845,0.7121286687024599,3.09718373129754,2.6286023518361326,170086 (2002 XR14),170086,20170086,an,APO,Y,18.14,,.0114765,8364,492,0,2002-12-05,2025-10-29,2026-06-27 06:20:45,JPL 118,2461200.5,1.904656222242697,0.6261117400706584,2.13278887254434,75.47582662372625,120.471649264259,294.3084467529118,0.0009945382256589276,(2021 JB3),330.5440889041739,-3.2470882160851033e-06,1.90465622202947,0.6261117400460884,2.132788872827781,75.47582658257461,120.4716493011588,294.3084468261441,2.2029470025941578e-08,4.004608833430012e-08,-1.1271722191175115e-06,1.6582574630774616e-05,-1.0698841208522936e-05,-3.1738558732286037e-06,1.6582574630774616e-05
216,2.8898049,0.7531963,39.21257,268.05495,246.33087,335.84264,0.7132145415981299,5.06639525840187,4.912502503396568,307005 (2001 XP1),307005,20307005,an,APO,Y,18.14,,.0185551,3653,206,0,2001-12-08,2011-12-09,2021-04-14 06:01:27,30,2461200.5,2.889804898315709,0.753196375534697,39.21258023685895,268.05494482,246.3308935889425,335.842652594959,0.001320221391345669,(2023 UP7),840.7214262341604,1.2594959002854011e-05,2.889804898554277,0.7531963754442578,39.21258023741932,268.0549448011388,246.3308935821217,335.8426528008899,-1.445723096793472e-09,7.544425772998409e-08,1.023741931760469e-05,-5.19886123129254e-06,2.3582121684739832e-05,1.2800889862774056e-05,2.3582121684739832e-05
217,2.7002874,0.7185112,15.72955,226.40736,234.72024,259.46865,0.76010065988112,4.64047414011888,4.437261104225635,523816 (2009 ST103),523816,20523816,an,APO,Y,18.14,0.851,.0373422,8057,153,0,2000-09-27,2022-10-19,2023-03-01 06:50:50,43,2461200.5,2.700287374938193,0.7185112397922231,15.72954464601255,226.4073763002564,234.7202277046732,259.4686412845592,0.0010586823323976704,(2021 VM96),365.27755006743445,-8.71544079927844e-06,2.700287374051909,0.718511239776481,15.72954465100313,226.4073763249854,234.7202276968669,259.4686415453836,-2.5948091231242643e-08,3.977648099784403e-08,-5.3489968703246404e-06,1.632498538128857e-05,-1.2303133075874939e-05,-8.45461642029477e-06,1.632498538128857e-05
218,2.7628538,0.6530511,24.23489,173.91597,183.78498,10.34013,0.95856908677082,4.567138513229179,4.592369843299449,756955 (2021 MG1),756955,20756955,an,APO,Y,18.14,,.0463478,3325,672,0,2013-01-21,2022-02-28,2025-12-11 05:26:46,86,2461200.5,2.762853727407768,0.6530510565790408,24.23489879414193,173.9159627389455,183.7849828320512,10.34013386434266,0.0005983410797974984,(2016 RT33),352.67912716263174,3.864342659198883e-06,2.762853727450419,0.653051056605772,24.23489879747412,173.9159627472915,183.7849828349783,10.34013388198395,-7.254958100944009e-08,-4.3394227988713396e-08,8.797474119859316e-06,-7.252708485339099e-06,2.8349783178782673e-06,3.881983957398916e-06,7.252708485339099e-06
219,2.9104022,0.7189268,54.50065,187.46839,120.40785,136.57235,0.8180360596410401,5.00276834035896,4.965117322051123,410778 (2009 FG19),410778,20410778,an,APO,Y,18.15,1.457,.0252331,5674,347,0,2009-03-21,2024-10-02,2024-10-03 06:53:34,91,2461200.5,2.910402174083794,0.7189268444879852,54.50068401110356,187.4684001799856,120.4078458800526,136.5723549471322,0.0017894109279850596,516428 (2003 UR12),724.7595618088374,4.9471321972305304e-06,2.910402174858645,0.71892684444551,54.50068400465936,187.4684001779782,120.4078458737438,136.5723547971306,-2.514135521991534e-08,4.444551005011732e-08,3.4004659362096845e-05,1.0177978197134507e-05,-4.126256214931345e-06,4.797130600309174e-06,1.0177978197134507e-05
220,1.8959431,0.7678837,13.76438,22.58099,65.38508,111.30664,0.4400792973825301,3.35180690261747,2.6105856659615942,434096 (2002 GO5),434096,20434096,an,APO,Y,18.15,0.528,.0314064,7734,263,0,2002-04-11,2023-06-14,2023-06-15 06:45:46,66,2461200.5,1.895943093138044,0.7678837078806611,13.76437242329209,22.58100659265504,65.38506858010216,111.306642453713,0.0010761679390706978,(2006 LA),428.828101286783,2.453712994565649e-06,1.895943093018369,0.7678837079035834,13.76437242274797,22.58100657848335,65.38506859701535,111.3066424908697,-6.981631051061754e-09,7.903583454371699e-09,-7.577252029378201e-06,1.657848335412382e-05,-1.1402984654296233e-05,2.490869690063846e-06,1.657848335412382e-05
221,1.9258613,0.4745003,1.67978,285.28603,186.46494,42.77009,1.01203953539161,2.8396830646083897,2.6726218165294364,162998 (2001 SK162),162998,20162998,an,APO,Y,18.15,0.875,.0285838,11912,1613,0,1993-10-09,2026-05-21,2026-08-19 06:51:17,JPL 229,2461200.5,1.925861288277657,0.4745003397377742,1.679785123090803,285.2861936309843,186.4647673837354,42.77010147763331,0.011895408926862371,(2012 XP111),357.80641913473676,1.1477633307777069e-05,1.925861287963075,0.4745003397043981,1.679785125535745,285.2861936432919,186.4647673652393,42.77010160701497,-1.203692501228204e-08,3.970439810263571e-08,5.125535744943122e-06,0.00016364329189855198,-0.0001726347607018397,1.1607014982928376e-05,0.0001726347607018397
222,0.9589853,0.1520306,21.61632,288.01435,297.66152,116.77445,0.81319018944982,1.1047804105501802,0.9391131570208076,199003 (2005 WJ56),199003,20199003,an,ATE,Y,18.16,,.0226395,6940,1303,0,2005-11-29,2024-11-29,2024-11-30 05:23:51,235,2461200.5,0.9589853226603742,0.152030632762466,21.61631880443309,288.0143530003774,297.6615180391786,116.7744423933929,0.00020124157922734174,(2026 NP),298.41871251173586,-7.60660708465366e-06,0.9589853226531088,0.1520306327644881,21.61631880442508,288.0143530006015,297.6615180575229,116.7744423946324,2.2653108722181514e-08,3.276448812261634e-08,-1.195574920842546e-06,3.000601509484113e-06,-1.9424770698606153e-06,-7.6053676139054005e-06,7.6053676139054005e-06
223,2.4928794,0.8250702,10.89224,141.43021,290.69225,32.93932,0.43607889486612006,4.54967990513388,3.9359711204539236,(2014 MR26),2014 MR26,50674092,au,APO,Y,18.18,,.0186143,4363,599,0,2014-06-25,2026-06-05,2026-09-02 08:22:48,JPL 77,2461200.5,2.492879406276606,0.8250701476495998,10.89225167570509,141.4302628345436,290.6922095783216,32.93931596495041,0.003378654997539329,(2021 NC5),353.0880828466568,-4.035049585127126e-06,2.492879406310959,0.8250701476522729,10.8922516751199,141.4302628381648,290.692209573948,32.93931596441283,6.3109588666065974e-09,-5.234772704199031e-08,1.1675119900189657e-05,5.283816480528003e-05,-4.042605200993421e-05,-4.035587181761002e-06,5.283816480528003e-05
224,2.5876625,0.6445716,4.49003,134.62065,296.45179,194.59032,0.9197287421149999,4.255596257884999,4.16256902531714,(2015 OL35),2015 OL35,50724667,au,APO,Y,18.17,,.0372915,2908,594,0,2015-07-23,2023-07-09,2023-07-10 07:58:09,137,2461200.5,2.587662518392689,0.6445716363641535,4.490022125811881,134.6206207300361,296.4518292471746,194.5903189201416,0.0024805873383763506,(2018 RJ7),111.04128109736185,-1.0798583787163807e-06,2.587662517768798,0.644571636347381,4.490022125128976,134.6206207535049,296.4518292118717,194.5903190483596,1.77687979885377e-08,3.634738099389523e-08,-7.874871023716423e-06,-2.924649510305244e-05,3.921187169453333e-05,-9.516404020359914e-07,3.921187169453333e-05
225,2.2193037,0.5945363,8.14565,107.52446,139.38745,157.46921,0.89984708962569,3.5387603103743106,3.30616942909688,450894 (2008 BT18),450894,20450894,an,APO,Y,18.17,,.0127621,25825,455,0,1955-03-14,2025-11-26,2025-12-05 05:59:17,113,2461200.5,2.219303687948146,0.5945362606982714,8.145655005930143,107.5244819288393,139.3874200808276,157.46920852554,0.001873245649923885,(2015 BV515),236.0405760563021,-1.4744599923233181e-06,2.21930368753892,0.594536260773815,8.145655008231957,107.524481915843,139.3874200883627,157.4692085719155,-1.2461080167724958e-08,-3.9226184966878463e-08,5.008231957148723e-06,2.191584297861482e-05,-2.9911637312807215e-05,-1.4280845164194034e-06,2.9911637312807215e-05
226,1.0297117,0.0739217,45.86726,150.72865,322.15149,285.71611,0.9535936606261101,1.10582973937389,1.0448969731017634,365071 (2009 AV),365071,20365071,an,APO,Y,18.18,0.674,.0208916,3170,1195,0,2009-01-02,2017-09-07,2024-01-17 03:35:16,153,2461200.5,1.029711718815795,0.07392180380313174,45.86728065731324,150.7286589112558,322.1515074368811,285.716093808904,0.0014383685635615921,(2014 QA433),633.3196440316399,-1.619109599459989e-05,1.02971171880424,0.0739218037901023,45.86728065721398,150.7286589116794,322.1515074429058,285.7160938294786,1.8804239942937784e-08,1.0379010229044638e-07,2.065721398025744e-05,8.911679401535366e-06,1.7442905800635344e-05,-1.6170521405456384e-05,1.7442905800635344e-05
227,1.6169191,0.4510506,25.31356,350.18774,129.62796,74.1907,0.8876067697935399,2.34623143020646,2.0560441531562605,887030 (2023 QF5),887030,20887030,an,APO,Y,18.18,,.00608429,4291,247,0,2014-07-18,2026-04-17,2026-08-26 08:49:38,JPL 60,2461200.5,1.616919089181508,0.4510505368883705,25.31356072501599,350.1877328544884,129.6279496543836,74.19070163251733,0.0006423307243364609,(2005 EM70),467.6546989277311,1.6325173248787905e-06,1.6169190891745,0.4510505368715881,25.31356072525177,350.1877328539119,129.6279496530285,74.19070163409249,-1.0825500051936388e-08,-6.312841194233698e-08,7.25251769750912e-07,-7.146088137233164e-06,-1.0346971492936063e-05,1.634092484437133e-06,1.0346971492936063e-05
228,1.4766837,0.4087554,7.15733,320.05713,215.21576,322.98333,0.87308126353302,2.08028613646698,1.794449420686665,154330 (2002 VX94),154330,20154330,an,APO,Y,18.19,,.0325914,14263,614,0,1986-11-27,2025-12-15,2026-08-20 06:49:32,JPL 160,2461200.5,1.476683716243712,0.4087553387645537,7.157334176612264,320.0571242037332,215.2157730867778,322.9833244273269,0.0007556615360367811,(2010 BG5),120.68694380356742,-5.572673103415582e-06,1.476683716214394,0.4087553387299609,7.157334177227534,320.0571242056819,215.2157730815144,322.9833244747643,1.6214394049640646e-08,-6.127003909783824e-08,4.177227533652683e-06,-5.794318099106022e-06,1.3081514424584384e-05,-5.525235735603928e-06,1.3081514424584384e-05
229,1.0695645,0.1943873,24.832,39.09556,78.30472,197.35767,0.8616547446691499,1.27747425533085,1.1061409480155797,444193 (2005 SE71),444193,20444193,an,APO,Y,18.19,0.437,.00262131,7496,490,0,2005-09-30,2026-04-09,2026-08-24 06:19:04,JPL 101,2461200.5,1.069564456942019,0.1943873193109054,24.83200083570344,39.09555858671439,78.304721920629,197.3576700513469,0.00013895004399847128,(2000 UY33),338.52414695565443,5.134688763064332e-08,1.069564456928019,0.1943873192647304,24.83200083561401,39.09555858544437,78.30472191893107,197.3576700422574,-4.307198109287924e-08,1.9264730394263907e-08,8.356140099863296e-07,-1.414555640621984e-06,1.9189310478395782e-06,4.225739758112468e-08,1.9189310478395782e-06
230,1.3361826,0.6030516,8.26679,87.66314,115.45272,290.83765,0.53039554517784,2.1419696548221605,1.544538428033654,170903 (2004 WS2),170903,20170903,an,APO,Y,18.20,,.0300276,8415,1566,0,2002-10-28,2025-11-11,2025-11-11 05:45:26,191,2461200.5,1.336182640933314,0.6030515667142504,8.266784932718187,87.66312363068243,115.4527241342499,290.8376487105863,0.0008848260352181694,(2025 OH1),392.38143183551546,-1.2894137171315379e-06,1.336182640951788,0.6030515666781237,8.266784933467179,87.66312362324193,115.4527241428574,290.8376487147523,4.0951787960707975e-08,-3.332187636928552e-08,-5.066532821729197e-06,-1.63767580829699e-05,4.142857392253063e-06,-1.285247719806648e-06,1.63767580829699e-05
231,1.5453773,0.4921133,19.07078,358.77697,106.81633,164.52584,0.7848765771519101,2.30587802284809,1.921108054865207,389694 (2011 QD48),389694,20389694,an,APO,Y,18.20,0.451,.0188677,5399,828,0,2011-08-30,2026-06-11,2026-06-11 06:18:00,JPL 140,2461200.5,1.545377273469118,0.4921133062217496,19.0707642632364,358.7769768442397,106.8163361393063,164.5258376695518,0.0009117619193796569,(1999 FR19),127.15977182333272,-2.330448182874534e-06,1.54537727348024,0.4921133061975505,19.07076426360419,358.7769768420396,106.8163361368943,164.5258376720826,-2.6519759943610666e-08,6.197550528330709e-09,-1.5736395809540227e-05,6.842039567800384e-06,6.136894285191374e-06,-2.327917400180013e-06,6.842039567800384e-06
232,2.2446158,0.5974925,55.01316,16.90762,319.39785,123.15875,0.9034746941185,3.5857569058815,3.362892800295486,523820 (2011 GN44),523820,20523820,an,APO,Y,18.20,,.00597746,3689,140,0,2011-04-03,2021-05-09,2023-03-01 06:50:52,34,2461200.5,2.244615761451652,0.5974925341530024,55.01322622639945,16.9076233346348,319.3978451432039,123.1587406701167,0.0033253213817478573,(2008 TF9),985.0815567441374,-9.329883312148013e-06,2.244615761034259,0.5974925342171645,55.0132262292593,16.90762333588166,319.3978451464579,123.1587408299827,-3.896574085615612e-08,3.421716454621304e-08,6.622925930344081e-05,3.3358816722284246e-06,-4.853542122873478e-06,-9.170017278847808e-06,9.170017278847808e-06
233,2.0188289,0.5270505,10.12318,306.8226,189.05043,49.08613,0.95480411884055,3.0828536811594502,2.868463114668487,612522 (2002 VP69),612522,20612522,an,APO,Y,18.23,,.0240304,8600,696,0,2002-10-06,2026-04-23,2026-04-24 06:22:08,131,2461200.5,2.018828880328052,0.5270505297367982,10.12317663869229,306.8225956276593,189.0504333574909,49.08612553689023,0.0003288545860623528,(2020 BK8),359.7347205887989,-4.4631097750880144e-06,2.018828880253174,0.5270505297692508,10.12317664086659,306.8225956335903,189.05043335632,49.08612558693282,-1.974682595218269e-08,2.9769250842193173e-08,-3.359133408764592e-06,-4.3664097120199585e-06,3.3563200076969224e-06,-4.413067188124842e-06,4.413067188124842e-06
234,2.7659172,0.6897943,18.71928,178.94914,134.44864,231.9819,0.8580032811680401,4.67383111883196,4.600009859239303,744281 (2009 HD21),744281,20744281,an,APO,Y,18.24,,.0179794,5406,217,0,2009-03-24,2024-01-11,2024-12-14 13:19:25,64,2461200.5,2.765917207545206,0.6897943343112795,18.71928029638492,178.9491320138445,134.4486457895088,231.9818987008408,0.0004982251750039221,(2016 HS19),409.0322732944591,-1.2991592086564197e-06,2.765917207794558,0.6897943342750577,18.71928029701492,178.9491320052343,134.4486457893123,231.9818986522135,7.794557888018971e-09,3.427505768094363e-08,2.970149175496317e-07,-7.994765695684691e-06,5.789312297110882e-06,-1.347786508176796e-06,7.994765695684691e-06
235,2.0347462,0.8301183,9.20708,16.51692,130.85357,115.82283,0.34566614352454,3.72382625647546,2.9024541580391596,(2007 RU17),2007 RU17,50384429,au,APO,Y,18.25,,.0405484,2213,389,0,2007-09-13,2013-10-04,2021-04-15 00:43:41,66,2461200.5,2.034746208266647,0.830118337471216,9.207071798671187,16.51691899932261,130.8535888091958,115.8228365832339,0.001029954948924431,(2023 VD9),290.0246893175151,6.583233897572427e-06,2.808628037213518,0.2476552004607826,21.36939235099846,83.20088461771192,261.642936858571,171.6655062563052,0.7738818372135183,-0.5824630995392174,12.16231235099846,66.68396461771192,130.789366858571,55.8426762563052,130.789366858571
236,2.4821903,0.6104356,75.65689,179.32276,358.13064,222.2959,0.9669729749053201,3.99740762509468,3.9106829795610647,466130 (2012 FZ23),466130,20466130,an,APO,Y,18.25,,.0284086,3070,253,0,2012-03-23,2020-08-18,2021-04-14 16:07:17,40,2461200.5,2.482190259818082,0.6104356080838811,75.65691832305772,179.3227712818496,358.1306270438999,222.2959036398148,0.0016568695282662604,(2025 QH4),1414.705533709162,3.6398148210992076e-06,2.482190259115644,0.6104356081479265,75.65691832830437,179.3227712874282,358.1306270471128,222.2959039524202,-4.088435590077211e-08,8.147926555679419e-09,2.8328304367164492e-05,1.1287428208106576e-05,-1.2952887232131616e-05,3.9524202009033615e-06,1.2952887232131616e-05
237,2.2359478,0.7350665,5.83305,297.38763,247.47933,168.4781,0.5923774764713001,3.8795181235286997,3.34343196758727,506859 (2007 VW137),506859,20506859,an,APO,Y,18.25,,.032235,6502,241,0,2007-11-08,2025-08-27,2026-08-26 08:49:09,JPL 59,2461200.5,2.235947825341502,0.7350664823153419,5.833048667120321,297.3876353546579,247.4793258657124,168.4780821259935,0.00034748573885169947,(2026 AQ4),328.20678360830436,-1.7874006516649388e-05,2.235947825188944,0.7350664823206111,5.833048668634875,297.387635373662,247.4793258432388,168.4780820892254,2.5188944263732083e-08,-1.767938884178477e-08,-1.331365124812578e-06,5.3736620202471386e-06,-4.1567612072412885e-06,-1.7910774602114543e-05,1.7910774602114543e-05
238,1.7270961,0.4871616,10.90394,53.30016,143.74672,323.77329,0.8857212005702401,2.56847099942976,2.2697329124721284,417211 (2005 XL80),417211,20417211,an,APO,Y,18.26,,.0426863,7281,412,0,2005-12-08,2025-11-14,2026-06-16 11:32:21,JPL 105,2461200.5,1.727096084736157,0.487161523122309,10.90393458590418,53.30015288905104,143.7467311280825,323.7732793180365,0.0007301741735795805,138859 (2000 WN63),248.59903253505755,-1.068196348796846e-05,1.727096084814919,0.4871615230844586,10.90393458628759,53.30015288532589,143.7467311350715,323.7732792275286,-1.5185080970425702e-08,-7.69155413804512e-08,-5.413712409918503e-06,-7.114674104968799e-06,1.1135071503076688e-05,-1.0772471398468042e-05,1.1135071503076688e-05
239,0.9684505,0.6556432,36.24349,208.83489,43.96009,290.24173,0.3334925151384,1.6034084848616001,0.9530510004165333,144900 (2004 VG64),144900,20144900,an,ATE,Y,18.27,,.0274524,7708,436,0,2004-11-13,2025-12-21,2025-12-22 05:38:12,118,2461200.5,0.9684504717293294,0.6556432889525571,36.24349253064275,208.8348870299397,43.96008918808003,290.2417244107738,0.0002686280381492759,886858 (2021 UO),771.8439793412783,-5.5892261912049435e-06,0.968450471715216,0.655643288985306,36.24349252777372,208.8348870248457,43.96008919467042,290.2417246501391,-2.828478395944245e-08,8.898530601264554e-08,2.527773716565207e-06,-2.9751543024758575e-06,-8.053295914578484e-07,-5.349860941805673e-06,5.349860941805673e-06
240,1.4480275,0.3110773,28.00194,137.21706,211.36896,309.70892,0.9975790149742501,1.89847598502575,1.742469619065185,173561 (2000 YV137),173561,20173561,an,APO,Y,18.36,,.0187136,9405,1357,0,2000-12-01,2026-09-01,2026-09-01 06:21:38,JPL 200,2461200.5,1.448027542886495,0.3110772701606696,28.00193746640148,137.217054604423,211.3689703184842,309.7089158699146,0.0006003390849883291,(2012 PH6),419.47256546685986,-4.130085358156066e-06,1.448027542824392,0.3110772701860432,28.00193746741774,137.2170546052332,211.3689703212704,309.708915927265,4.2824392032514424e-08,-2.981395680334842e-08,-2.5325822612387583e-06,-5.39476681638007e-06,1.0321270423219175e-05,-4.072734952842438e-06,1.0321270423219175e-05
241,1.3406221,0.7960261,31.4187,213.02113,233.47471,328.45545,0.2734519181631901,2.40779228183681,1.5522424695564048,153002 (2000 JG5),153002,20153002,an,APO,Y,18.28,,.0291842,9539,438,0,2000-05-02,2026-06-14,2026-06-14 06:20:32,JPL 84,2461200.5,1.340622108895554,0.7960261699765667,31.41869922483397,213.0211344287033,233.4747079365904,328.4554571680402,0.00028433412871631714,(2018 HX1),476.59351394916837,7.168040212945925e-06,1.340622108878344,0.7960261699360981,31.41869922644468,213.0211344329631,233.4747079324895,328.4554572063121,8.878344059937149e-09,6.993609813488177e-08,-7.735553211318802e-07,4.43296309526886e-06,-2.067510479264456e-06,7.206312091057043e-06,7.206312091057043e-06
242,1.7115612,0.467301,1.91954,277.35076,44.64222,14.62048,0.9117469396788,2.5113754603212,2.2391781577505823,153814 (2001 WN5),153814,20153814,an,APO,Y,18.28,0.932,.00170698,10614,1021,0,1996-02-10,2025-03-03,2025-03-04 07:00:25,194,2461200.5,1.711561211577039,0.4673010002422763,1.91953316452203,277.3508336340066,44.64214528637515,14.62048134466213,0.005256155947289717,(2020 NW8),273.715102580013,1.344662138080821e-06,1.711561211498102,0.4673010002859191,1.919533163374242,277.3508336205807,44.64214529654585,14.62048142783183,1.1498102026052948e-08,2.8591906620079044e-10,-6.836625757955517e-06,7.362058073567823e-05,-7.470345414617441e-05,1.4278318190008576e-06,7.470345414617441e-05
243,2.4093191,0.6573556,15.64982,126.38707,305.5637,38.76845,0.8255396974280399,3.99309850257196,3.7397406522139596,267131 (2000 EK26),267131,20267131,an,APO,Y,18.27,,.00294262,9563,244,0,2000-03-04,2026-05-10,2026-08-11 13:48:18,JPL 65,2461200.5,2.409319062524585,0.6573556134709169,15.64982403689397,126.3870749730549,305.5637100772306,38.76844703535497,0.0005988123092928449,(2025 CB3),416.653649777143,-2.9646450343534525e-06,2.409319062575611,0.6573556134582087,15.64982403511791,126.3870749791143,305.5637100692878,38.76844703552458,-3.742438892118116e-08,1.3458208658612136e-08,4.03511790914024e-06,4.979114294201281e-06,1.0069287839087337e-05,-2.964475413591572e-06,1.0069287839087337e-05
244,1.6336517,0.3995551,19.45987,74.90308,156.34575,219.37232,0.9809178316413301,2.28638556835867,2.0880418725708383,311066 (2004 DC),311066,20311066,an,APO,Y,18.28,,.0091271,7937,360,0,2004-02-16,2025-11-09,2025-11-21 00:31:59,122,2461200.5,1.633651748274902,0.3995550773369413,19.45988263279656,74.903067116121,156.3457618270425,219.3723151269753,0.0010807575940060274,(2019 LS5),161.12786759797422,-4.87302469309725e-06,1.633651748250574,0.3995550773082781,19.45988263411311,74.90306711613974,156.3457618331105,219.3723151825697,4.825057398072374e-08,-2.269172189039992e-08,1.2634113112142131e-05,-1.2883860279089276e-05,1.1833110477255104e-05,-4.81743029467907e-06,1.2883860279089276e-05
245,1.9986322,0.5919158,7.7007,298.62405,110.25573,20.53508,0.81561022243124,3.18165417756876,2.8255260789279677,422699 (2000 PD3),422699,20422699,an,APO,Y,18.28,0.619,.0270974,9119,536,0,2000-08-01,2025-07-20,2026-08-25 07:23:19,JPL 109,2461200.5,1.99863217760246,0.5919157363067847,7.700700944399778,298.6240315167735,110.25574374,20.53507741993277,0.0011597421402883674,(2004 AD1),137.84562954036144,-2.5800672460718488e-06,1.998632177583774,0.5919157362765958,7.700700945508351,298.6240314950522,110.2557437537848,20.53507737180002,-2.2416225986532368e-08,-6.372340422000633e-08,9.455083507248219e-07,-1.850494783184331e-05,1.3753784799064306e-05,-2.6281999794264266e-06,1.850494783184331e-05
246,2.2008739,0.599006,9.59103,194.24203,323.76554,30.18113,0.8825372286565999,3.5192105713434003,3.2650718321493915,866876 (2015 TE323),866876,20866876,an,APO,Y,18.29,,.0273233,8651,690,0,2002-11-06,2026-07-14,2026-07-16 07:50:48,JPL 144,2461200.5,2.200873853711973,0.5990059813266463,9.591036729264678,194.2420454233067,323.7655269748989,30.18112538533289,0.001065633139292113,(2024 GW4),305.4381376275697,-4.614667119540172e-06,2.200873853935557,0.5990059813215114,9.59103672780593,194.242045428107,323.7655269762063,30.18112531701383,-4.606444292676315e-08,-1.8678488644674474e-08,6.727805930140107e-06,1.542810699106667e-05,-1.3023793712818588e-05,-4.6829861730657285e-06,1.542810699106667e-05
247,1.7440386,0.4334635,8.69826,130.33277,0.82792,100.42151,0.9880615243089,2.5000156756911003,2.3032131906674054,27002 (1998 DV9),27002,20027002,an,APO,Y,18.31,,.00295266,10345,522,0,1998-02-23,2026-06-21,2026-06-21 06:21:17,JPL 110,2461200.5,1.744038560536442,0.4334634784229481,8.698256878132389,130.3327900220962,0.8278986159781124,100.4215127848535,0.0014741731960147355,(2024 AW1),247.93050979460745,2.7848535069097125e-06,1.744038560305949,0.4334634784243381,8.69825687613225,130.3327900224007,0.8278986200517586,100.4215129320914,-3.969405115711311e-08,-2.1575661923733946e-08,-3.123867749366127e-06,2.0022400690322684e-05,-2.137994823669942e-05,2.932091405227766e-06,2.137994823669942e-05
248,1.9002843,0.5490427,8.97249,339.42683,222.03114,138.56908,0.85694707716039,2.94362152283961,2.619557105644764,137120 (1999 BJ8),137120,20137120,an,APO,Y,18.29,,.0224188,9487,493,0,1999-01-14,2025-01-04,2025-01-04 06:57:45,93,2461200.5,1.900284336829957,0.5490427040525381,8.972493692198524,339.4268508236844,222.0311209607618,138.5690865686775,0.0014233056664047841,(2011 BO59),346.87604927972086,6.56867749171397e-06,1.900284337029084,0.5490427040249635,8.972493692363566,339.4268508355422,222.0311209577518,138.5690865030595,3.7029084021256153e-08,4.024963473625576e-09,3.6923635651220366e-06,2.0835542215991154e-05,-1.90422481978203e-05,6.503059495344132e-06,2.0835542215991154e-05
249,2.0385349,0.5429831,17.09824,311.52793,326.17635,203.16612,0.93164490053981,3.1454248994601905,2.910564490449466,162979 (2001 RA12),162979,20162979,an,APO,Y,18.29,,.0194391,8417,167,0,2001-02-17,2024-03-05,2024-03-06 05:25:46,34,2461200.5,2.038534888429274,0.5429831550871952,17.09823525386609,311.527927850219,326.176340103617,203.1661571471831,0.0005700759892311205,(2025 QM1),418.63483426606115,3.714718309311138e-05,2.038534888001276,0.542983155169038,17.09823525506618,311.5279278505045,326.176340105884,203.1661573015654,-1.1998724236406133e-08,5.516903789359873e-08,-4.744933821854147e-06,-2.149495514913724e-06,-9.894116033137834e-06,3.7301565384950663e-05,3.7301565384950663e-05
250,1.6487207,0.7321107,3.77164,299.94859,315.19266,180.83473,0.44167463421851,2.85576676578149,2.1169989174225647,199145 (2005 YY128),199145,20199145,an,APO,Y,18.30,,.0297233,7292,611,0,2005-11-30,2025-11-17,2026-06-16 11:32:04,JPL 143,2461200.5,1.648720703373885,0.7321107154072822,3.771642876182899,299.9485534143308,315.1926982177442,180.8347258339215,0.0026494168989289776,(2024 RT),509.77217230214376,-4.166078497291892e-06,1.64872070329452,0.7321107154041436,3.771642874700567,299.9485534450502,315.1926981925643,180.8347259110444,3.2945199901490696e-09,1.5404143627328892e-08,2.874700566923849e-06,-3.6554949815581494e-05,3.819256431825124e-05,-4.088955620318302e-06,3.819256431825124e-05
251,3.0686144,0.6953931,16.40099,329.9873,214.63901,134.44307,0.93472111967936,5.20250768032064,5.3754333085977715,(2007 YB2),2007 YB2,50398163,au,APO,Y,18.30,,.0145044,6462,157,0,2007-12-18,2025-08-27,2026-08-26 08:47:15,JPL 35,2461200.5,3.06861444589254,0.695393071359286,16.4010031986595,329.9872727343182,214.6390465837501,134.4430374832922,0.0023759985802734346,(2025 DD3),582.2360003098639,-3.251670781878602e-05,3.139383685395176,0.3358335667547457,14.84563191981448,325.3671331486788,118.3103973193666,47.872581358641,0.07076928539517624,-0.3595595332452543,-1.5553580801855205,-4.620166851321187,-96.32861268063341,-86.570488641359,96.32861268063341
252,2.6931172,0.6523674,15.97737,21.45675,28.04922,166.76539,0.9362153343407199,4.450019065659281,4.419599140049001,(2020 BW14),2020 BW14,50989364,au,APO,Y,18.30,,.0133989,3359,135,1,2016-01-17,2025-03-29,2025-03-29 06:21:29,13,2461200.5,2.693117295966757,0.6523674655168293,15.97737680941016,21.45671450674713,28.04923048953025,166.7653613084363,0.0018885980823522008,(2024 TE10),412.31437271924074,-2.869156369911252e-05,2.69311729576598,0.6523674655028066,15.97737680679529,21.45671449291949,28.04923048646143,166.765361340446,9.576598003491199e-08,6.550280651218543e-08,6.806795289193701e-06,-3.5507080497154675e-05,1.0486461434311423e-05,-2.8659554004661913e-05,3.5507080497154675e-05
253,1.3228073,0.4257499,38.24694,116.68273,105.45442,233.7434,0.75962222430573,1.88599237569427,1.5214051232922716,349068 (2006 YT13),349068,20349068,an,APO,Y,18.30,0.496,.0376614,6799,500,0,2006-12-26,2025-08-07,2025-08-08 06:18:36,109,2461200.5,1.3228073083879,0.4257498982023031,38.24694734919975,116.6827279767297,105.4544230709168,233.7433941101357,0.00041099940191600053,(2001 BE16),280.7670086663375,-5.889864297614622e-06,1.322807308451517,0.4257498981846182,38.2469473489079,116.6827279768594,105.4544230674889,233.7433940465548,8.451517041763168e-09,-1.8153817893384883e-09,7.348907899995538e-06,-2.023140609708207e-06,3.067488904662241e-06,-5.953445196382745e-06,5.953445196382745e-06
254,2.6708403,0.7024474,5.85396,13.78257,319.89695,316.82422,0.7947154754497798,4.54696512455022,4.364875702754558,853531 (2009 KE3),853531,20853531,an,APO,Y,18.30,,.032345,4935,129,0,2009-05-23,2022-11-26,2026-03-21 06:55:18,42,2461200.5,2.670840314438245,0.7024474435077038,5.853965360299914,13.78270581033722,319.896803480567,316.8242184000393,0.009993027171767813,(2017 SJ2),346.9989958225258,-1.599960739895323e-06,2.670840312855977,0.7024474436407566,5.853965358099552,13.78270582951674,319.8968034587847,316.8242188154557,1.285597672762151e-08,4.364075656404509e-08,5.358099552488227e-06,0.0001358295167506185,-0.00014654121531521014,-1.1845443168567726e-06,0.00014654121531521014
255,1.0548885,0.3501936,1.97262,299.46913,24.07594,218.56549,0.6854732985863999,1.4243037014135997,1.0834524020390488,175706 (1996 FG3),175706,20175706,an,APO,Y,18.31,1.196,.0280945,14691,3126,0,1985-12-17,2026-03-08,2026-04-10 06:57:42,243,2461200.5,1.054888537713788,0.3501936262880359,1.972616813185401,299.4691274128914,24.07594895179171,218.5654807288887,0.0004966339752089815,310842 (2003 AK18),347.43677745585364,-9.271111309772095e-06,1.054888537839993,0.3501936264053099,1.972616811069145,299.4691273930641,24.07594894979034,218.5654805835631,3.783999313888842e-08,2.640530988307077e-08,-3.1889308549359896e-06,-2.606935879612138e-06,8.94979035592769e-06,-9.416436910214543e-06,9.416436910214543e-06
256,1.3650562,0.3767097,8.6717,358.6164,289.82431,72.9416,0.8508262884148601,1.8792861115851398,1.594871868730836,185851 (2000 DP107),185851,20185851,an,APO,Y,18.31,0.863,.0143229,9096,2094,0,2000-02-29,2025-01-24,2025-01-25 05:22:59,378,2461200.5,1.365056173659553,0.3767096468877332,8.671695212805274,358.61640502714,289.8243079171287,72.94159765623942,0.000378545608554908,(2024 RU13),144.9396936521561,-2.343760570511222e-06,1.365056173545463,0.3767096469966791,8.671695213677815,358.6164050265621,289.8243079201062,72.94159797967336,-2.6454537005449197e-08,-5.3003320898969974e-08,-4.78632218481323e-06,5.026562121202005e-06,-2.079893818063283e-06,-2.0203266331009218e-06,5.026562121202005e-06
257,1.1327841,0.2519251,17.74569,36.09232,76.66188,261.08773,0.84740735232909,1.41816084767091,1.2056485184586667,260141 (2004 QT24),260141,20260141,an,APO,Y,18.31,,.00723309,9049,816,0,1998-08-30,2023-06-09,2025-02-25 06:50:19,153,2461200.5,1.132784109674279,0.2519251578334618,17.74569072903493,36.09232843998668,76.66186360223587,261.0877395320842,0.0009301082016068309,(2022 UN28),265.14060369940694,9.53208416376583e-06,1.132784109666017,0.2519251577907572,17.74569072896046,36.09232843773465,76.66186359559934,261.0877396138271,9.666016875797823e-09,5.779075717970983e-08,7.289604617710665e-07,8.437734663857555e-06,-1.640440063965798e-05,9.61382710329417e-06,1.640440063965798e-05
258,2.0032005,0.5285458,2.34859,306.96917,2.34618,149.82116,0.9444172891671002,3.0619837108328998,2.8352191259204047,141593 (2002 HK12),141593,20141593,an,APO,Y,18.32,,.023636,14780,1492,0,1985-06-11,2025-11-28,2026-08-23 06:49:40,JPL 195,2461200.5,2.003200549330101,0.5285457825267549,2.348594417203147,306.969150175114,2.346196920975508,149.821159114706,0.0013231771301910602,(2019 OR3),225.28592117359605,-8.852939856751618e-07,2.003200549144744,0.5285457825409687,2.348594415729816,306.9691501639347,2.34619693197401,149.8211591203207,4.914474382999856e-08,-1.7459031220745658e-08,4.415729816020786e-06,-1.983606529165627e-05,1.6931974016642926e-05,-8.796793053988949e-07,1.983606529165627e-05
259,2.6081047,0.7264292,8.34621,14.76716,103.83136,33.01158,0.71350128926276,4.502708110737241,4.211991951610418,(2008 SV11),2008 SV11,50427817,au,APO,Y,18.32,,.011992,6435,749,0,2008-09-25,2026-05-09,2026-05-10 06:19:19,127,2461200.5,2.608104716302628,0.7264291982899447,8.346204933241804,14.76715887649064,103.8313629209733,33.01158090323415,0.00029823391033239005,(2022 GR),388.05736020028473,9.032341381498554e-07,2.61000978819968,0.2642378774351736,17.63067045280329,159.7598378301297,198.9623218910949,133.3961807075683,0.0019050881996798275,-0.4621913225648264,9.284460452803291,144.9926778301297,95.1309618910949,100.38460070756832,144.9926778301297
260,1.8760759,0.6999942,47.70709,271.09639,269.11718,159.08211,0.56283365124022,3.1893181487597797,2.569659660409813,417871 (2007 MB24),417871,20417871,an,APO,Y,18.34,,.0274694,13202,401,0,1989-07-01,2025-08-23,2025-09-29 09:52:46,74,2461200.5,1.876075887897917,0.6999941050191748,47.70710504431259,271.0963979088476,269.1171810770018,159.082116562566,0.0008725449855553957,189173 (2002 XY4),432.4459234027019,6.56256599995686e-06,1.87607588797391,0.6999941049814583,47.70710504281099,271.0963979093538,269.117181083423,159.082116549048,-1.2026090123740119e-08,-9.501854170146373e-08,1.504281098618776e-05,7.90935382610769e-06,1.0834230010914325e-06,6.549048009674152e-06,7.90935382610769e-06
261,1.2601754,0.2638519,23.24895,31.55547,46.34009,354.472,0.9276757263767401,1.59267507362326,1.414641831495768,497117 (2004 FU4),497117,20497117,an,APO,Y,18.34,,.00300143,7728,500,0,2004-03-19,2025-05-16,2025-05-17 05:48:06,115,2461200.5,1.26017540735911,0.2638518966179023,23.24894424737922,31.55547365794778,46.34007740974962,354.4720096229707,0.0007159392375860423,484795 (2009 DE47),331.50141360908697,9.622970708278444e-06,1.26017540735446,0.2638518965884352,23.24894424675485,31.55547365705696,46.34007739947307,354.472009641472,7.354459929942436e-09,-3.4115647529198156e-09,-5.753245151396413e-06,3.657056964812e-06,-1.2600526929418265e-05,9.641472047405841e-06,1.2600526929418265e-05
262,2.2374745,0.8467604,15.83674,77.65134,234.99443,224.75024,0.34286969739020007,4.1320793026097995,3.3468568835045307,678715 (2017 VV14),678715,20678715,an,APO,Y,18.34,,.0456997,2613,140,0,2017-01-31,2024-03-28,2024-12-14 05:22:06,28,2461200.5,2.237474565575492,0.8467604401216373,15.83673607206715,77.65135064928957,234.9944144317834,224.7502349196111,0.0009688924647139904,(2017 HY50),581.0201946233285,-5.0803888882455794e-06,2.237474565870962,0.8467604401362491,15.83673607498609,77.65135067126415,234.9944144178077,224.7502348486168,6.587096201826625e-08,4.013624910204072e-08,-3.925013910333064e-06,1.0671264135453384e-05,-1.5582192304464115e-05,-5.151383192014691e-06,1.5582192304464115e-05
263,1.7033695,0.4514134,4.64461,144.35835,197.95871,72.94841,0.9344456825486999,2.4722933174513,2.2231220178523703,153958 (2002 AM31),153958,20153958,an,APO,Y,18.35,,.0316506,15330,834,0,1983-05-07,2025-04-26,2025-04-26 06:21:34,158,2461200.5,1.703369503538123,0.4514134023286629,4.644604550320206,144.3583512178476,197.9587055745349,72.94840732187164,0.00035630249664961175,(2023 PS),232.5944321299552,-2.6781283395393984e-06,1.703369503639839,0.4514134023634259,4.644604552017076,144.3583512197255,197.9587055682194,72.94840729990099,3.639839096791775e-09,2.363425899432059e-09,-5.447982924344785e-06,1.2197255045975908e-06,-4.431780610048008e-06,-2.700099003050127e-06,4.431780610048008e-06
264,2.6346737,0.7089438,8.17004,321.04994,303.04123,190.76754,0.76683811536194,4.5025092846380605,4.276517507700801,(2011 BE38),2011 BE38,50558412,au,APO,Y,18.35,,.020282,1457,158,0,2011-01-28,2015-01-24,2021-04-15 04:40:45,30,2461200.5,2.634673415831294,0.7089437873890871,8.170038621522398,321.0499488440546,303.0412246653784,190.7678031145734,0.0005939926075576482,(2013 CU82),288.52747203890937,0.00026311457341421374,3.154022941762661,0.2597105390457085,13.51899754803836,15.8464819031219,243.8798646372711,104.3543069335815,0.5193492417626611,-0.4492332609542915,5.34895754803836,54.79654190312192,-59.16136536272887,-86.4132330664185,86.4132330664185
265,1.5854827,0.8298543,18.97022,141.40332,47.17056,205.94373,0.2697630638293899,2.90120233617061,1.9963756375107848,482798 (2013 QK48),482798,20482798,an,APO,Y,18.35,,.0259104,8771,155,0,2001-08-24,2025-08-29,2025-08-30 07:27:26,52,2461200.5,1.585482726547933,0.8298543024117532,18.97023082733026,141.4033265658317,47.17056088259082,205.9437237855516,0.000635238963568636,(2020 PZ),422.4377533685479,-6.214448376340442e-06,1.585482726509912,0.8298543024075311,18.97023082606927,141.4033265601142,47.1705608866638,205.9437238480006,2.6509912043337636e-08,2.4075310633975278e-09,1.0826069267722005e-05,6.560114201192846e-06,8.866637983828696e-07,-6.151999400572095e-06,6.560114201192846e-06
266,1.8534617,0.5713813,5.70303,6.10124,79.73389,221.26848,0.7944283443537901,2.91249505564621,2.5233379785353884,620092 (2015 HB10),620092,20620092,an,APO,Y,18.35,,.026399,3778,534,0,2015-01-23,2025-05-28,2025-05-28 06:22:12,106,2461200.5,1.853461747462785,0.5713813405477431,5.703030854083145,6.101226271403336,79.7339071716529,221.2684783728324,0.0011040846491667433,(2022 SG12),190.82340173561008,-1.6271676201995433e-06,1.853461747572944,0.5713813405685138,5.703030854152886,6.101226268016851,79.73390717779631,221.2684783553345,4.757294402857326e-08,4.056851377054471e-08,8.541528861982783e-07,-1.373198315945956e-05,1.717779630894256e-05,-1.6446655024537904e-06,1.717779630894256e-05
267,1.4525646,0.7875134,5.44387,160.47465,108.05991,51.97965,0.30865051313436,2.59647868686564,1.7506655426068867,194268 (2001 UY4),194268,20194268,an,APO,Y,18.36,1.244,.0257362,8860,749,0,2001-10-16,2026-01-18,2026-04-10 06:57:42,131,2461200.5,1.452564562575795,0.7875133641854537,5.443867680562751,160.4746281451537,108.059922275752,51.97965146787623,0.0012612698978630337,(2017 BY93),546.3255443063489,1.4678762454423122e-06,1.452564562591819,0.7875133642156897,5.443867681442395,160.4746281093475,108.0599223137094,51.97965143545166,-3.7408180997289264e-08,-3.578431029271911e-08,-2.3185576054629564e-06,-2.1890652504907848e-05,1.231370939080989e-05,1.4354516508774395e-06,2.1890652504907848e-05
268,2.2851226,0.5645735,14.38466,116.19778,202.83046,177.43219,0.9950029357889,3.5752422642110995,3.4543334515638033,(2017 HT2),2017 HT2,50774088,au,APO,Y,18.36,,.00653112,3626,124,0,2015-01-17,2024-12-21,2024-12-22 05:25:24,27,2461200.5,2.285122588458576,0.5645735231203485,14.38465484890891,116.19777180534,202.8304600485254,177.4321960922299,0.0004863052256170046,(2017 LC),265.6086932243306,6.092229909882008e-06,2.285122588577641,0.5645735231620388,14.38465485099918,116.1977718144572,202.830460050431,177.4321960977437,-1.142235861451013e-08,2.3162038842450272e-08,-5.149000820381389e-06,-8.18554281067918e-06,5.0430998044248554e-08,6.097743721511506e-06,8.18554281067918e-06
269,1.0462949,0.2614281,13.47265,104.47484,294.31512,219.55501,0.7727640122533099,1.31982578774669,1.0702399606397555,263976 (2009 KD5),263976,20263976,an,APO,Y,18.35,0.785,.0484113,27806,2464,0,1950-05-19,2026-07-05,2026-07-14 06:53:42,JPL 305,2461200.5,1.046294874521979,0.2614281576825704,13.47265899466461,104.4748325131098,294.3151299577127,219.5550142503858,0.0007773301374921468,(2022 AQ),322.98531628413406,4.25038578555359e-06,1.046294874500353,0.2614281576565584,13.47265899457166,104.4748325139383,294.3151299598367,219.5550142720724,-2.549964683851158e-08,5.765655841649675e-08,8.99457165992601e-06,-7.486061690542556e-06,9.959836745565553e-06,4.272072402500271e-06,9.959836745565553e-06
270,1.6131222,0.4573236,7.03616,90.70575,25.18669,271.98435,0.8754033482560799,2.35084105174392,2.04880630557826,837449 (2013 NJ10),837449,20837449,an,APO,Y,18.36,,.0460948,4399,105,0,2013-07-04,2025-07-20,2026-08-27 06:26:46,JPL 28,2461200.5,1.613122200145131,0.457323240185941,7.036186279356169,90.7056269806599,25.18686423872951,271.9843185639076,0.010769243626557118,(2014 YP34),261.1432996856633,-3.143609239941725e-05,1.613122200203501,0.4573232401682927,7.036186278868728,90.7056269780799,25.18686424854643,271.9843185438449,2.0350099383392717e-10,-3.598317073194579e-07,2.6278868728191185e-05,-0.0001230219201033833,0.000174248546443323,-3.1456155113573914e-05,0.000174248546443323
271,1.7609225,0.4444335,15.73453,210.87182,191.27555,236.60693,0.9783095500962501,2.5435354499037497,2.3367398447619396,244977 (2004 BE68),244977,20244977,an,APO,Y,18.36,0.495,.0108974,8201,548,0,2004-01-27,2026-07-11,2026-07-12 06:19:38,JPL 117,2461200.5,1.760922497989773,0.4444334023304107,15.73452772168867,210.8718273919812,191.2755360416746,236.6069344427213,0.0008214796271618606,(2011 QZ13),293.1782256230014,4.4427212912978575e-06,1.760922497859931,0.4444334023064787,15.73452772264581,210.8718273951949,191.2755360332403,236.6069345231977,-2.1400690108919207e-09,-9.769352127264597e-08,-2.2773541896725646e-06,7.395194899117996e-06,-1.3966759723871291e-05,4.52319770261056e-06,1.3966759723871291e-05
272,1.0011647,0.6323842,2.63724,19.28184,200.25742,283.91195,0.36804396212226004,1.6342854378777398,1.00174755859858,255071 (2005 UH6),255071,20255071,an,APO,Y,18.37,,.0231996,8484,164,1,2002-10-26,2026-01-17,2026-01-18 05:24:52,57,2461200.5,1.001164659152235,0.6323848915247215,2.6372228595184,19.28199137340721,200.2572084239304,283.9119472421434,0.013108960244094556,(2022 YC5),545.2568145576594,-2.7578565777730546e-06,1.001164659169937,0.6323848915095049,2.637222861409076,19.28199138782776,200.2572084104906,283.9119471759486,-4.083006288624347e-08,6.915095049908615e-07,-1.7138590923782004e-05,0.00015138782777057713,-0.00021158950940503019,-2.824051364314073e-06,0.00021158950940503019
273,1.0798307,0.3558265,10.31047,234.38229,289.53049,130.59771,0.69559832142645,1.46406307857355,1.1221050210660386,11500 Tomaiyowit (1989 UR),11500,20011500,an,APO,Y,18.38,0.738,.0342305,13456,1242,0,1989-10-25,2026-08-28,2026-08-29 06:18:21,JPL 230,2461200.5,1.079830695513112,0.3558264987567943,10.31047640835043,234.3822943544656,289.530478484904,130.5977315997939,0.000693967375614683,(2011 WR2),207.687435441183,2.159979388238753e-05,1.079830695510132,0.3558264987741841,10.31047640817544,234.3822943538859,289.530478502795,130.5977314391116,-4.4898680329197305e-09,-1.225815893235449e-09,6.408175439176489e-06,4.353885884711417e-06,-1.1497204980059905e-05,2.1439111606014194e-05,2.1439111606014194e-05
274,1.9415749,0.5246188,9.1404,308.19497,38.36743,78.22634,0.9229882058518799,2.9601615941481203,2.7053983662726084,457768 (2009 KN4),457768,20457768,an,APO,Y,18.38,,.0103743,8564,260,0,2001-12-18,2025-05-30,2025-05-30 06:21:00,69,2461200.5,1.941574883035351,0.5246188023070256,9.140394956254884,308.1949900796415,38.36741016806054,78.22634039204492,0.0014335801561578179,(2025 OY8),101.97624819455369,3.9204491031341604e-07,1.941574883144,0.5246188023444267,9.140394954932079,308.1949900657311,38.36741017175116,78.22634029813202,-1.68559999291773e-08,2.3444266528116486e-09,-5.045067920761426e-06,2.0065731064278225e-05,-1.9828248838393847e-05,2.981320221806527e-07,2.0065731064278225e-05
275,2.1642406,0.6038118,23.29362,344.4869,122.66643,257.42502,0.85744658768092,3.4710346123190794,3.1838918691057896,612813 (2004 RF84),612813,20612813,an,APO,Y,18.38,,.0332921,6998,492,0,2004-09-10,2023-11-08,2025-03-12 06:20:45,104,2461200.5,2.164240560686904,0.6038118049631487,23.29361272633843,344.4868970374175,122.666424408207,257.4250222927233,0.00048375824794491545,23548 (1994 EF2),238.16766249054987,2.2927233089831134e-06,2.164240560561725,0.6038118048969707,23.2936127272978,344.4868970281667,122.6664244075441,257.4250222680224,-3.9438274868075496e-08,4.896970717815918e-09,-7.2727022022434085e-06,-2.9718332825723337e-06,-5.592455920577777e-06,2.2680223992210813e-06,5.592455920577777e-06
276,2.3588705,0.5957228,6.73598,0.07695,336.92428,222.78244,0.9536375609026,3.7641034390973998,3.62289834820305,614470 Flordeneu (2009 ST19),614470,20614470,an,APO,Y,18.38,,.0114633,9559,439,0,1998-11-19,2025-01-20,2025-01-20 06:00:00,80,2461200.5,2.358870473111591,0.5957228081756044,6.735981084350409,0.0769557151026388,336.9242631931533,222.78244323851,0.0008898095997915114,(2019 SR6),200.24843590019327,3.2385100041665282e-06,2.358870474035629,0.5957228081558248,6.735981081224336,0.07695572964486283,336.9242631855292,222.7824429634278,-2.5964371097586536e-08,8.155824793298905e-09,1.081224336729747e-06,5.72964486877936e-06,-1.6814470825465833e-05,2.963427789381967e-06,1.6814470825465833e-05
277,2.0579468,0.5333723,40.35278,58.22184,0.56745,190.73985,0.9602949820063599,3.1555986179936397,2.952236976494155,531914 (2013 BW76),531914,20531914,an,APO,Y,18.41,,.0281786,4321,185,0,2013-01-22,2024-11-21,2026-05-19 06:48:54,50,2461200.5,2.057946790949238,0.5333722447720356,40.35277879430658,58.22184485999693,0.5674674739398139,190.7398459027777,0.0009155938106644851,(2014 WD120),653.4128079995024,-4.09722230187981e-06,2.057946791203936,0.53337224475643,40.35277879106019,58.22184486272551,0.5674674709080402,190.7398458706246,-8.796063877269944e-09,-5.524357005182168e-08,-1.208939814034693e-06,4.862725518250954e-06,1.7470908034056265e-05,-4.1293753838544944e-06,1.7470908034056265e-05
278,2.3312231,0.8971259,8.35561,297.22413,233.21614,305.60595,0.2398224783117099,4.42262372168829,3.559391481904633,(2001 VB),2001 VB,50092442,au,APO,Y,18.4,,.0224824,7,53,9,2001-11-04,2001-11-11,2021-04-14 21:14:32,JPL 15,2452220.5,2.391957728971717,0.9001705334418848,9.527297561948233,306.0430969436798,224.3808934950797,349.8424274581371,629.8787983220526,(2024 YB3),663.5509975890149,,2.397068651778091,0.1986630249743409,2.242240641263591,352.7781760034447,29.37435795050557,255.8583791332946,0.06584555177809115,-0.6984628750256592,-6.11336935873641,55.55404600344468,156.15821795050556,-49.747570866705416,156.15821795050556
279,1.8785895,0.6542666,7.14292,178.12913,284.6217,101.58131,0.6494911350392999,3.1076878649607003,2.574825703699496,152770 (1999 RR28),152770,20152770,an,APO,Y,18.41,,.0164977,13198,721,0,1987-04-20,2023-06-08,2024-12-06 05:56:23,134,2461200.5,1.878589534875765,0.6542665865719574,7.142919844563958,178.1291196802012,284.6217095096789,101.5813125433317,0.0007030850383122559,(2026 FW5),284.4517249943399,2.5433317034639913e-06,1.878589534683433,0.6542665865191053,7.142919842395724,178.1291197337528,284.6217094570488,101.5813124923856,3.468343301449295e-08,-1.3480894733852722e-08,-1.5760427629629703e-07,-1.0266247215895419e-05,9.457048804506485e-06,2.492385590358026e-06,1.0266247215895419e-05
280,1.4898909,0.3766319,36.78219,164.91856,342.88937,212.02017,0.92875045954029,2.0510313404597103,1.8185770301184006,288807 (2004 RW164),288807,20288807,an,APO,N,18.41,,.0512824,8095,278,0,2002-09-04,2024-11-02,2024-11-02 06:56:23,62,2461200.5,1.489890920503364,0.3766319342376226,36.78219359952344,164.9185581025591,342.8893797750118,212.0201545562267,0.0005342083052088464,(2000 EC104),586.2874739364484,-1.5443773321521803e-05,1.489890920520733,0.3766319342775674,36.78219359932281,164.9185581019776,342.8893797737802,212.0201545345671,2.052073289071643e-08,3.427756739560195e-08,3.599322809577643e-06,-1.8980224183451355e-06,9.77378022071207e-06,-1.5465432909422816e-05,1.5465432909422816e-05
281,1.2314876,0.4863989,21.38605,21.49671,87.27348,151.67492,0.63249338599636,1.8304818140036399,1.3666114807110923,436774 (2012 KY3),436774,20436774,an,APO,Y,18.41,,.0240479,4854,209,0,2012-05-16,2025-08-30,2026-06-16 11:32:22,JPL 68,2461200.5,1.231487594041805,0.4863988478710701,21.38605200220648,21.49670965288369,87.27347470579447,151.6749251319987,0.00030215895441406136,(2024 GN1),386.7286765510144,5.1319987051101634e-06,1.231487594071103,0.4863988478741954,21.38605200176332,21.49670964920178,87.27347470784181,151.6749250606181,-5.928896928963923e-09,-5.212580461710914e-08,2.001763320436112e-06,-3.5079821714134596e-07,-5.292158192560237e-06,5.060618121888183e-06,5.292158192560237e-06
282,2.8622597,0.6655032,31.15841,137.24402,32.40405,43.30448,0.9574167104189601,4.76710268958104,4.842432255537797,(2016 BZ14),2016 BZ14,50740951,au,APO,Y,18.44,1.214,.031736,3835,548,0,2016-01-18,2026-07-19,2026-07-20 06:21:01,JPL 99,2461200.5,2.862259733478765,0.6655031930435732,31.15840355523475,137.2440128867767,32.40405969583934,43.30447795831672,0.000683132497557387,(2025 AG5),384.33426935869585,-2.041683274001116e-06,2.862259732267013,0.6655031931217076,31.15840355616481,137.2440128753128,32.40405969655733,43.30447820603582,3.226701306147106e-08,-6.878292380108064e-09,-6.443835189884339e-06,-7.124687215309677e-06,9.696557327742994e-06,-1.793964173657514e-06,9.696557327742994e-06
283,1.6012102,0.3935463,8.07603,111.95181,136.69473,46.4839,0.9710598502677399,2.23136054973226,2.0261543297033993,417612 (2006 WQ29),417612,20417612,an,APO,Y,18.43,,.0202646,8068,207,1,2002-12-03,2025-01-04,2025-03-04 07:00:46,59,2461200.5,1.601210129295501,0.3935443626803733,8.076013651487893,111.9518092897193,136.6951245203756,46.4834124968952,0.02011971896575823,(2019 NY1),207.07877682936083,-0.0004875031048072742,1.601210129323397,0.3935443626623734,8.076013651853739,111.9518092852085,136.6951245296627,46.48341241751469,-7.067660301451895e-08,-1.9373376266007547e-06,-1.6348146260725116e-05,-7.147914971028513e-07,0.00039452966271369405,-0.000487582485305893,0.000487582485305893
284,2.0839918,0.6247885,1.79833,271.37599,90.51293,226.65995,0.7819376892657002,3.3860459107343,3.0084583868225243,463387 (2013 CT82),463387,20463387,an,APO,Y,18.44,,.0129653,4406,147,0,2013-02-08,2025-03-03,2025-03-03 05:38:22,46,2461200.5,2.083991804245849,0.6247884104536843,1.798334081097367,271.3762754461036,90.51267133598067,226.6599318768595,0.01926240153665748,(2007 YP56),245.0309149327898,-1.8123140506531854e-05,2.083991804407812,0.6247884104700702,1.798334080395682,271.3762753903931,90.5126713937764,226.6599318911577,4.407811893258895e-09,-8.9529929803156e-08,4.080395682004578e-06,0.00028539039311681336,-0.00025860622361051355,-1.8108842311903572e-05,0.00028539039311681336
285,1.806807,0.4745797,35.13666,193.47036,135.81748,157.21145,0.9493330759820999,2.6642809240179,2.4286651818949108,881303 (2015 FS332),881303,20881303,an,APO,Y,18.44,,.0403125,3910,526,0,2015-03-28,2025-12-10,2026-03-14 17:45:48,89,2461200.5,1.806806963110265,0.4745796796083865,35.1366718516361,193.4703688972886,135.8174778556413,157.2114523324688,0.0007507179009996064,499496 (2010 MR87),263.1298673412408,2.332468795884779e-06,1.806806963078813,0.4745796795864938,35.13667185389085,193.4703688924868,135.8174778510368,157.2114523624349,-3.692118699660796e-08,-2.0413506218730504e-08,1.1853890853785742e-05,8.892486789591203e-06,-2.1489631762960926e-06,2.3624348841622123e-06,8.892486789591203e-06
286,1.2294271,0.3545467,10.38842,241.00265,245.9192,142.48936,0.7935377788044301,1.6653164211955702,1.3631830360201596,163818 (2003 RX7),163818,20163818,an,APO,Y,18.46,0.386,.0267462,8356,968,0,2003-09-06,2026-07-23,2026-07-24 06:17:49,JPL 196,2461200.5,1.229427086281165,0.3545467137573696,10.38840935317645,241.002658039424,245.9191872083521,142.4893688504475,0.0009246506812356758,(2021 KJ2),306.4296114140448,8.850447500208247e-06,1.229427086284792,0.3545467137194957,10.38840935342975,241.0026580434375,245.9191872004816,142.4893688359745,-1.3715208080355978e-08,1.371949570616593e-08,-1.0646570249406295e-05,8.043437503602036e-06,-1.2799518401607202e-05,8.83597448364526e-06,1.2799518401607202e-05
287,2.8115977,0.6453388,9.76964,79.08291,348.67889,91.86834,0.9971646141992401,4.6260307858007605,4.7144362674436655,(2011 BX10),2011 BX10,50555676,au,APO,Y,18.45,,.0179792,5023,145,0,2010-11-02,2024-08-03,2024-08-03 05:50:04,40,2461200.5,2.811597689665857,0.6453387939149717,9.76965535493164,79.0829973590797,348.6788132297919,91.86833396432854,0.005865396310476278,(2007 XV23),262.3602130045749,-6.035671447079949e-06,3.050196899039007,0.09151927747922302,17.64409226937259,309.3446448117187,282.4254637103987,63.34654522297706,0.23859919903900684,-0.5538195225207769,7.874452269372588,-129.73826518828128,-66.25342628960135,-28.521794777022933,129.73826518828128
288,1.4205196,0.3100408,9.33904,83.16315,337.96093,180.11822,0.98010056680032,1.8609386331996798,1.693054138116323,139622 (2001 QQ142),139622,20139622,an,APO,Y,18.46,,.0110264,9070,1214,0,2001-08-22,2026-06-22,2026-07-14 06:53:22,JPL 221,2461200.5,1.420519551806641,0.310040807786372,9.339036498399585,83.1631499991531,337.9609231292221,180.1182176056626,0.0003888921417270418,(2025 YR3),139.696245457242,-2.394337400346558e-06,1.420519551778294,0.3100408078588101,9.339036497149616,83.1631500006819,337.96092312796,180.1182176654439,-4.822170596163744e-08,7.85881010267886e-09,-3.5028503848621995e-06,6.818936526542529e-10,-6.872040046346228e-06,-2.3345561146470573e-06,6.872040046346228e-06
289,1.9169005,0.6086928,5.82974,188.72262,271.31616,287.56027,0.7500969673335999,3.0837040326664,2.6539904512957184,267729 (2003 FC5),267729,20267729,an,APO,Y,18.46,,.032923,8784,868,0,2002-08-16,2026-09-03,2026-09-04 06:21:47,JPL 126,2461200.5,1.916900499877781,0.6086928575510917,5.829730193575431,188.7225887409751,271.3161919092357,287.5602686077569,0.0022895367076310215,(2008 GK),327.5224328207929,-1.3922431207902264e-06,1.916900500099995,0.6086928575143965,5.829730194010109,188.7225887663022,271.3161918743892,287.5602684913147,9.999512329272875e-11,5.7514396467617246e-08,-9.805989891198408e-06,-3.1233697797006243e-05,3.187438915119856e-05,-1.5086853295542824e-06,3.187438915119856e-05
290,2.2370779,0.7053356,7.30064,21.40878,247.02418,121.10523,0.6591872171567601,3.81496858284324,3.3459670602115725,446791 (1998 SJ70),446791,20446791,an,APO,Y,18.46,,.0272076,9920,279,0,1998-09-26,2025-11-23,2025-12-13 05:24:17,72,2461200.5,2.237077881587514,0.705335588350275,7.300645405225218,21.40877197641099,247.0241941128413,121.105228895585,0.0008560366272915961,(2017 FU64),214.44096859256553,-1.1044149914596346e-06,2.237077881029751,0.7053355883859754,7.300645405948203,21.40877198652796,247.0241941038905,121.1052290633137,-1.8970248927274724e-08,-1.1614024519879251e-08,5.4059482037516204e-06,-8.01347204060221e-06,1.410389049283367e-05,-9.366863196191844e-07,1.410389049283367e-05
291,2.0010871,0.6036324,3.57805,158.02876,300.30027,146.22873,0.79316609121796,3.2090081087820397,2.830733525431735,269690 (1996 RG3),269690,20269690,an,APO,Y,18.47,0.888,.00236638,10195,245,0,1996-09-11,2024-08-10,2024-08-11 05:49:17,56,2461200.5,2.001087107579256,0.6036324331348765,3.578040557741989,158.028601169112,300.3004053661184,146.2287429086402,0.010445354575557675,(2026 EF1),141.17783645662766,1.2908640201203525e-05,2.001087107754631,0.6036324330820123,3.578040555591723,158.0286012082642,300.3004053328862,146.2287428329374,7.754631159428982e-09,3.3082012351748347e-08,-9.444408277214933e-06,-0.00015879173579946837,0.00013533288620237727,1.2832937386519916e-05,0.00015879173579946837
292,1.3473749,0.4608939,2.51747,126.7835,42.72015,112.54924,0.7263780275768899,1.96837177242311,1.5639853441824774,140158 (2001 SX169),140158,20140158,an,APO,Y,18.48,0.566,.0261357,9127,945,0,2001-09-07,2026-09-03,2026-09-04 06:21:23,JPL 198,2461200.5,1.347374880424715,0.460893877083383,2.517472221883361,126.7834943138969,42.72014917952473,112.5492421041617,0.0003119906445032013,(2020 YE5),363.09355857642663,2.1041616946604336e-06,1.347374880394123,0.4608938770429275,2.517472220987302,126.7834943005059,42.72014919339108,112.5492421097416,-1.9605876921957588e-08,-2.2957072520757293e-08,2.220987302070654e-06,-5.699494124655757e-06,-8.066089094427298e-07,2.109741615186067e-06,5.699494124655757e-06
293,1.1141409,0.8020542,2.35416,51.88447,317.76389,337.73685,0.22053951176321995,2.00774228823678,1.176007729294365,141495 (2002 EZ11),141495,20141495,an,APO,Y,18.46,,.000917959,8852,1291,0,2002-02-24,2026-05-21,2026-05-29 06:48:45,245,2461200.5,1.114140860127999,0.8020542314746987,2.354166288462496,51.88445771386881,317.763898412769,337.7368631037928,0.0008116178642966661,(2017 CQ),644.4653724770335,1.3103792809943116e-05,1.114140860043686,0.8020542314468873,2.3541662860378,51.88445776150804,317.7638983580891,337.7368634237627,-3.9956314035194396e-08,3.144688720535527e-08,6.286037800062871e-06,-1.2238491962079934e-05,8.358089075954922e-06,1.3423762709408038e-05,1.3423762709408038e-05
294,0.7812752,0.336871,3.7759,187.91609,60.17505,43.25244,0.5180862421008,1.0444641578991998,0.690567377067322,363505 (2003 UC20),363505,20363505,an,ATE,Y,18.48,1.876,.035278,26035,1071,0,1954-12-05,2026-03-17,2026-03-21 06:55:07,316,2461200.5,0.7812751712833665,0.3368709366959239,3.775904643193857,187.9162049505963,60.17493646241304,43.25244109850694,0.00808280956739484,(2011 TO),275.8697554338947,1.0985069422986271e-06,0.7812751712721273,0.3368709368012218,3.775904641517831,187.9162049055651,60.17493649929241,43.25244118676382,-2.872787263630272e-08,-6.319877815519348e-08,4.641517830972219e-06,0.00011490556511262184,-0.00011350070758453512,1.1867638249896117e-06,0.00011490556511262184
295,1.8981802,0.4494911,12.40454,84.2559,193.42209,213.36925,1.0449650939037802,2.75139530609622,2.6152075322054364,391211 (2006 HZ51),391211,20391211,an,AMO,Y,18.48,0.412,.0361647,8152,207,0,2001-10-14,2024-02-08,2024-02-09 05:56:07,62,2461200.5,1.898180161044148,0.4494910865752051,12.40453489101918,84.25591676724142,193.4220790678457,213.3692481902602,0.0010339843461883462,(2014 KA46),268.2576319402376,-1.809739785585407e-06,1.898180160911859,0.4494910866094859,12.40453489163165,84.25591676581362,193.422079069958,213.3692481839844,-3.90881411682642e-08,-1.3390514086442096e-08,-5.108368350548176e-06,1.6765813626307136e-05,-1.0930042009249519e-05,-1.8160155832447344e-06,1.6765813626307136e-05
296,0.6352314,0.5311116,18.943,37.00648,353.01317,64.98426,0.29785263477576,0.97261016522424,0.5062883524360839,434326 (2004 JG6),434326,20434326,an,IEO,Y,18.48,,.0389611,6227,142,1,2004-05-11,2021-05-29,2021-09-15 05:50:05,36,2461200.5,0.6352313641985342,0.5311117798696794,18.94295457637965,37.0065321763775,353.0131616711597,64.9841795948276,0.003502615770934203,(2013 JX28),450.4949152162535,-8.040517241170164e-05,0.6352313641955409,0.5311117798909498,18.94295457466126,37.0065321770487,353.0131616677966,64.98417964237397,-3.580445906425922e-08,1.7989094980297438e-07,-4.542533874030141e-05,5.217704870119633e-05,-8.332203378813574e-06,-8.035762601821261e-05,8.035762601821261e-05
297,0.6950149,0.3798994,24.30945,81.11844,183.66291,303.05126,0.43097915649894,0.95905064350106,0.5794169195668989,481817 (2008 UL90),481817,20481817,an,IEO,Y,18.48,,.0268329,5537,446,0,2008-10-26,2023-12-24,2025-12-23 05:56:13,73,2461200.5,0.6950149006813745,0.3798994197871358,24.30945560427062,81.1184413357703,183.6629094256814,303.0512438533379,0.00029218405270528124,(2002 XS90),629.4917474550977,-1.6146662119354005e-05,0.6950149006871814,0.3798994197707623,24.30945560496804,81.11844133578856,183.6629094254138,303.0512438061432,6.871814228759376e-10,1.9770762305082457e-08,5.604968041694747e-06,1.3357885677578452e-06,-5.745862097228382e-07,-1.6193856822610542e-05,1.6193856822610542e-05
298,1.2994529,0.3037728,29.79622,138.73493,299.65389,256.38613,0.90471445409888,1.6941913459011197,1.4812924661180322,505657 (2014 SR339),505657,20505657,an,APO,Y,18.48,0.971,.0356562,4337,1646,0,2014-09-30,2026-08-15,2026-08-15 06:52:15,JPL 203,2461200.5,1.299452903525391,0.3037727637545743,29.79621532042812,138.7349255450276,299.6538902708398,256.3861256532683,0.00033138145273022587,(2020 PO),422.5928852096091,-4.346731657278724e-06,1.299452903476002,0.3037727637938973,29.79621532058822,138.7349255452391,299.6538902717002,256.3861257036179,3.476002152780211e-09,-3.6206102727032174e-08,-4.67941178072806e-06,-4.454760897942833e-06,2.71700230314309e-07,-4.2963820874319936e-06,4.454760897942833e-06
299,1.0593695,0.4440101,11.16926,157.86367,296.70833,82.73584,0.5889987423680499,1.52974025763195,1.0903632305317126,4034 Vishnu (1986 PA),4034,20004034,an,APO,Y,18.50,0.42,.0191649,14574,1333,0,1986-08-02,2026-06-27,2026-07-28 06:17:56,JPL 199,2461200.5,1.059369528428575,0.4440100931741494,11.16925767742132,157.8636791748433,296.7083209769903,82.73584403704668,0.0006545697935767226,(2022 DZ29),384.9942377752632,4.037046664961963e-06,1.059369528395374,0.4440100931006512,11.16925767717476,157.8636791750606,296.7083209674166,82.73584408953343,2.8395373830036874e-08,-6.899348814481954e-09,-2.3228252388207693e-06,9.175060597499396e-06,-9.032583363932645e-06,4.089533433671022e-06,9.175060597499396e-06
300,1.8957515,0.8108675,20.38021,229.11004,65.24267,114.19291,0.3585482205737501,3.4329547794262503,2.6101899455601796,508967 (2004 VC17),508967,20508967,an,APO,Y,18.49,,.00211867,7710,447,0,2004-11-07,2025-12-17,2025-12-17 06:25:23,66,2461200.5,1.89575154152721,0.8108675207884154,20.38021583738361,229.1100625423754,65.24264359097674,114.1929091817542,0.0017614280447951882,(2019 JW7),584.4067894934934,-8.182457804650767e-07,1.895751541688366,0.810867520823242,20.38021583605137,229.1100625315121,65.24264359895798,114.1929090861811,4.1688365870484745e-08,2.0823242019574195e-08,5.836051368390827e-06,2.253151211561999e-05,-2.6401042021007015e-05,-9.138188943325076e-07,2.6401042021007015e-05
