[13:14:14] new run p15_claims_prize: N 8 H 540.0 d L 360.0 d proposer planbeam commit regrid nproc 9 stop_T None prize_json results/s18/prizes_p10.json (56 targets, bonus sum 56.00) claims on (bonus 1.0, ttl 4)
[13:14:14] [slice 0] claims in force: -  (0 targets; claim_bonus 1.0, ttl 4)
[13:14:14] [slice 0 T=0 d] propose: 9 jobs (0 craft, 9 root) on 9 workers, proposer planbeam, H_eff 540 d, lam 1.0
[13:14:14] job s00_r0 (root, craft None, planbeam): T 0 d H 540 L 360; plan horizon 1620 d; remaining 298; prize >1 on 61; width 150 npt 6 mc 150 dv 1.2 drmax 0.15 plan_wall 240 s; quota {'fil': 12, 'med': 18}
[13:14:14] job s00_r1 (root, craft None, planbeam): T 0 d H 540 L 360; plan horizon 1620 d; remaining 298; prize >1 on 61; width 150 npt 6 mc 150 dv 1.2 drmax 0.15 plan_wall 240 s; quota {'fil': 12, 'med': 18}
[13:14:14] job s00_r3 (root, craft None, planbeam): T 0 d H 540 L 360; plan horizon 1620 d; remaining 298; prize >1 on 61; width 150 npt 6 mc 150 dv 1.2 drmax 0.15 plan_wall 240 s; quota {'fil': 12, 'med': 18}
[13:14:14] budget: job_wall 300 s, 300 s left before the plan -> plan cap 210 s (plan_wall 240, settle_reserve 90)
[13:14:14] budget: job_wall 300 s, 300 s left before the plan -> plan cap 210 s (plan_wall 240, settle_reserve 90)
[13:14:14] budget: job_wall 300 s, 300 s left before the plan -> plan cap 210 s (plan_wall 240, settle_reserve 90)
[13:14:14] job s00_r5 (root, craft None, planbeam): T 0 d H 540 L 360; plan horizon 1620 d; remaining 298; prize >1 on 61; width 150 npt 6 mc 150 dv 1.2 drmax 0.15 plan_wall 240 s; quota {'fil': 12, 'med': 18}
[13:14:14] job s00_r6 (root, craft None, planbeam): T 0 d H 540 L 360; plan horizon 1620 d; remaining 298; prize >1 on 61; width 150 npt 6 mc 150 dv 1.2 drmax 0.15 plan_wall 240 s; quota {'fil': 12, 'med': 18}
[13:14:14] job s00_r7 (root, craft None, planbeam): T 0 d H 540 L 360; plan horizon 1620 d; remaining 298; prize >1 on 61; width 150 npt 6 mc 150 dv 1.2 drmax 0.15 plan_wall 240 s; quota {'fil': 12, 'med': 18}
[13:14:14] job s00_r4 (root, craft None, planbeam): T 0 d H 540 L 360; plan horizon 1620 d; remaining 298; prize >1 on 61; width 150 npt 6 mc 150 dv 1.2 drmax 0.15 plan_wall 240 s; quota {'fil': 12, 'med': 18}
[13:14:14] budget: job_wall 300 s, 300 s left before the plan -> plan cap 210 s (plan_wall 240, settle_reserve 90)
[13:14:14] budget: job_wall 300 s, 300 s left before the plan -> plan cap 210 s (plan_wall 240, settle_reserve 90)
[13:14:14] budget: job_wall 300 s, 300 s left before the plan -> plan cap 210 s (plan_wall 240, settle_reserve 90)
[13:14:14] job s00_r2 (root, craft None, planbeam): T 0 d H 540 L 360; plan horizon 1620 d; remaining 298; prize >1 on 61; width 150 npt 6 mc 150 dv 1.2 drmax 0.15 plan_wall 240 s; quota {'fil': 12, 'med': 18}
[13:14:14] job s00_r8 (root, craft None, planbeam): T 0 d H 540 L 360; plan horizon 1620 d; remaining 298; prize >1 on 61; width 150 npt 6 mc 150 dv 1.2 drmax 0.15 plan_wall 240 s; quota {'fil': 12, 'med': 18}
[13:14:14] budget: job_wall 300 s, 300 s left before the plan -> plan cap 210 s (plan_wall 240, settle_reserve 90)
[13:14:14] budget: job_wall 300 s, 300 s left before the plan -> plan cap 210 s (plan_wall 240, settle_reserve 90)
[13:14:14] budget: job_wall 300 s, 300 s left before the plan -> plan cap 210 s (plan_wall 240, settle_reserve 90)
[13:14:16] plan start: 6 launch dates (250-300 d) -> 726 launch legs with first flyby <= T+H, 116 kept (cap min(roots_max 450, 3 x width) = 450; 1.8 s)
[13:14:16] plan start: 6 launch dates (310-360 d) -> 276 launch legs with first flyby <= T+H, 62 kept (cap min(roots_max 450, 3 x width) = 450; 1.8 s)
[13:14:16] plan start: 6 launch dates (430-480 d) -> 36 launch legs with first flyby <= T+H, 5 kept (cap min(roots_max 450, 3 x width) = 450; 1.8 s)
[13:14:16] plan start: 6 launch dates (370-420 d) -> 160 launch legs with first flyby <= T+H, 27 kept (cap min(roots_max 450, 3 x width) = 450; 1.8 s)
[13:14:16] plan start: 6 launch dates (70-120 d) -> 1681 launch legs with first flyby <= T+H, 192 kept (cap min(roots_max 450, 3 x width) = 450; 1.8 s)
[13:14:16] plan start: 6 launch dates (490-540 d) -> 0 launch legs with first flyby <= T+H, 0 kept (cap min(roots_max 450, 3 x width) = 450; 1.9 s)
[13:14:16] plan: 0 states, depth 0 new flybys, end no_children (2 s)
[13:14:16] candidates: 0 distinct committed target sets (n_new -, potential -)
[13:14:16] frontier: 0 candidates chosen (n fb / committed planner kg / continuation (lookahead) [full]; pot_mode lookahead, pot_cap None): 
[13:14:16] budget: 298 s of 300 left for the settles + regrids (settle_wall 480)
[13:14:16] RESULT s00_r8: 0 columns; frontier ; settles 0 (0 ok), regrids 0 (0 ok); wall 2 s of 300 (plan 2, price 0, settle 0; budget hit None, 0 unsettled)
[13:14:16] plan start: 6 launch dates (190-240 d) -> 1235 launch legs with first flyby <= T+H, 159 kept (cap min(roots_max 450, 3 x width) = 450; 1.9 s)
[13:14:16] plan start: 6 launch dates (130-180 d) -> 1340 launch legs with first flyby <= T+H, 185 kept (cap min(roots_max 450, 3 x width) = 450; 1.9 s)
[13:14:16]   job s00_r8 root  columns   0  levels 0  settles 0/0  end no_children  wall 1.9 s
[13:14:16] plan start: 7 launch dates (0-60 d) -> 2000 launch legs with first flyby <= T+H, 208 kept (cap min(roots_max 450, 3 x width) = 450; 2.1 s)
[13:14:57] plan: 819 states, depth 9 new flybys, end plan_done (43 s); deepest 9 new to 1526 d at planner fuel 297 kg
[13:14:57]   depth  1:    5 states (5 in H), t_end 485-535 d, fuel 0-0 kg
[13:14:57]   depth  2:   58 states (0 in H), t_end 592-1085 d, fuel 7-58 kg
[13:14:57]   depth  3:  150 states (0 in H), t_end 814-1585 d, fuel 30-104 kg
[13:14:57]   depth  4:  150 states (0 in H), t_end 1004-1583 d, fuel 49-153 kg
[13:14:57]   depth  5:  150 states (0 in H), t_end 1124-1584 d, fuel 73-181 kg
[13:14:57]   depth  6:  150 states (0 in H), t_end 1277-1608 d, fuel 101-214 kg
[13:14:57]   depth  7:  122 states (0 in H), t_end 1402-1618 d, fuel 123-242 kg
[13:14:57]   depth  8:   32 states (0 in H), t_end 1481-1619 d, fuel 167-268 kg
[13:14:57]   depth  9:    2 states (0 in H), t_end 1526-1581 d, fuel 297-304 kg
[13:14:57] candidates: 3 distinct committed target sets (n_new 1-1, potential 1-2)
[13:14:57] frontier: 3 candidates chosen (n fb / committed planner kg / continuation (lookahead) [full]; pot_mode lookahead, pot_cap None): 1fb/0kg/p2(2)[2], 1fb/0kg/p2(2)[2], 1fb/0kg/p1(1)[1]
[13:14:57] budget: 257 s of 300 left for the settles + regrids (settle_wall 480)
[13:14:57] RESULT s00_r7: 3 columns; frontier 1fb 0 kg p2/2; settles 3 (3 ok), regrids 3 (3 ok); wall 43 s of 300 (plan 43, price 0, settle 0; budget hit None, 0 unsettled)
[13:14:58]   job s00_r7 root  columns   3  levels 9  settles 3/3  end plan_done  wall 42.9 s
[13:15:04] plan: 933 states, depth 8 new flybys, end plan_done (49 s); deepest 8 new to 1608 d at planner fuel 168 kg
[13:15:04]   depth  1:   27 states (27 in H), t_end 440-540 d, fuel 0-0 kg
[13:15:04]   depth  2:  150 states (0 in H), t_end 615-1125 d, fuel 5-54 kg
[13:15:04]   depth  3:  150 states (0 in H), t_end 818-1450 d, fuel 16-103 kg
[13:15:04]   depth  4:  150 states (0 in H), t_end 1000-1600 d, fuel 32-135 kg
[13:15:04]   depth  5:  150 states (0 in H), t_end 1128-1545 d, fuel 60-176 kg
[13:15:04]   depth  6:  150 states (0 in H), t_end 1275-1611 d, fuel 86-199 kg
[13:15:04]   depth  7:  145 states (0 in H), t_end 1479-1619 d, fuel 120-245 kg
[13:15:04]   depth  8:   11 states (0 in H), t_end 1578-1616 d, fuel 168-248 kg
[13:15:04] candidates: 9 distinct committed target sets (n_new 1-1, potential 1-2)
[13:15:04] frontier: 9 candidates chosen (n fb / committed planner kg / continuation (lookahead) [full]; pot_mode lookahead, pot_cap None): 1fb/0kg/p2(2)[2], 1fb/0kg/p1(1)[1], 1fb/0kg/p1(1)[1], 1fb/0kg/p1(1)[1], 1fb/0kg/p1(1)[1], 1fb/0kg/p1(1)[1], 1fb/0kg/p1(1)[1], 1fb/0kg/p1(1)[1], 1fb/0kg/p1(1)[1]
[13:15:04] budget: 251 s of 300 left for the settles + regrids (settle_wall 480)
[13:15:04] RESULT s00_r6: 9 columns; frontier 1fb 0 kg p2/2; settles 9 (9 ok), regrids 9 (9 ok); wall 50 s of 300 (plan 49, price 0, settle 0; budget hit None, 0 unsettled)
[13:15:04]   job s00_r6 root  columns   9  levels 8  settles 9/9  end plan_done  wall 49.6 s
[13:15:06] plan: 990 states, depth 9 new flybys, end plan_done (52 s); deepest 9 new to 1568 d at planner fuel 285 kg
[13:15:06]   depth  1:   62 states (62 in H), t_end 350-540 d, fuel 0-0 kg
[13:15:06]   depth  2:  150 states (3 in H), t_end 530-1010 d, fuel 2-55 kg
[13:15:06]   depth  3:  150 states (0 in H), t_end 774-1590 d, fuel 23-103 kg
[13:15:06]   depth  4:  150 states (0 in H), t_end 998-1477 d, fuel 38-140 kg
[13:15:06]   depth  5:  150 states (0 in H), t_end 1167-1541 d, fuel 67-178 kg
[13:15:06]   depth  6:  150 states (0 in H), t_end 1310-1598 d, fuel 93-221 kg
[13:15:06]   depth  7:  150 states (0 in H), t_end 1395-1618 d, fuel 129-268 kg
[13:15:06]   depth  8:   27 states (0 in H), t_end 1488-1613 d, fuel 179-313 kg
[13:15:06]   depth  9:    1 states (0 in H), t_end 1568-1568 d, fuel 285-285 kg
[13:15:06] candidates: 25 distinct committed target sets (n_new 1-2, potential 0-2)
[13:15:06] frontier: 16 candidates chosen (n fb / committed planner kg / continuation (lookahead) [full]; pot_mode lookahead, pot_cap None): 1fb/0kg/p2(2)[2], 1fb/0kg/p2(1)[2], 1fb/0kg/p2(1)[2], 1fb/0kg/p2(2)[2], 1fb/0kg/p2(2)[2], 1fb/0kg/p2(2)[2], 1fb/0kg/p2(2)[2], 1fb/0kg/p1(1)[1], 1fb/0kg/p1(1)[1], 1fb/0kg/p1(1)[1], 1fb/0kg/p1(1)[1], 1fb/0kg/p1(1)[1], 1fb/0kg/p1(1)[1], 1fb/0kg/p1(1)[1], 2fb/35kg/p1(1)[1], 2fb/55kg/p1(1)[1]
[13:15:06] budget: 248 s of 300 left for the settles + regrids (settle_wall 480)
[13:15:07]     settle  2:  93 @    531 d -> ok lintwin tank 606.4 (+4.9) miss 51 km (0.2 s)
[13:15:07]     settle  2:  93 @    534 d -> ok lintwin tank 617.9 (+16.4) miss 77 km (0.1 s)
[13:15:07] RESULT s00_r5: 16 columns; frontier 1fb 0 kg p2/2 | 2fb 5 kg p1/1; settles 16 (16 ok), regrids 16 (16 ok); wall 53 s of 300 (plan 52, price 0, settle 1; budget hit None, 0 unsettled)
[13:15:08]   job s00_r5 root  columns  16  levels 9  settles 16/16  end plan_done  wall 53.1 s
[13:15:13] plan: 1125 states, depth 10 new flybys, end plan_done (58 s); deepest 10 new to 1582 d at planner fuel 303 kg
[13:15:13]   depth  1:  116 states (116 in H), t_end 295-540 d, fuel 0-0 kg
[13:15:13]   depth  2:  150 states (9 in H), t_end 515-995 d, fuel 2-56 kg
[13:15:13]   depth  3:  150 states (0 in H), t_end 696-1315 d, fuel 16-103 kg
[13:15:13]   depth  4:  150 states (0 in H), t_end 798-1590 d, fuel 44-146 kg
[13:15:13]   depth  5:  150 states (0 in H), t_end 1024-1576 d, fuel 75-194 kg
[13:15:13]   depth  6:  150 states (0 in H), t_end 1128-1613 d, fuel 101-236 kg
[13:15:13]   depth  7:  150 states (0 in H), t_end 1274-1609 d, fuel 133-275 kg
[13:15:13]   depth  8:   81 states (0 in H), t_end 1409-1619 d, fuel 212-314 kg
[13:15:13]   depth  9:   26 states (0 in H), t_end 1498-1606 d, fuel 265-344 kg
[13:15:13]   depth 10:    2 states (0 in H), t_end 1582-1599 d, fuel 303-319 kg
[13:15:13] candidates: 45 distinct committed target sets (n_new 1-2, potential 0-2)
[13:15:13] frontier: 16 candidates chosen (n fb / committed planner kg / continuation (lookahead) [full]; pot_mode lookahead, pot_cap None): 1fb/0kg/p3(2)[3], 1fb/0kg/p2(2)[2], 1fb/0kg/p2(2)[2], 1fb/0kg/p2(1)[2], 1fb/0kg/p2(1)[2], 1fb/0kg/p2(2)[2], 1fb/0kg/p2(2)[2], 1fb/0kg/p2(1)[2], 1fb/0kg/p2(2)[2], 1fb/0kg/p2(2)[2], 1fb/0kg/p2(2)[2], 1fb/0kg/p2(2)[2], 1fb/0kg/p2(2)[2], 2fb/5kg/p1(1)[1], 2fb/25kg/p2(2)[2], 2fb/29kg/p1(1)[1]
[13:15:13] budget: 242 s of 300 left for the settles + regrids (settle_wall 480)
[13:15:13]     settle  2:  93 @    518 d -> ok lintwin tank 608.1 (+6.6) miss 0 km (0.1 s)
[13:15:13]     settle  2: 199 @    530 d -> ok lintwin tank 605.9 (+4.4) miss 0 km (0.1 s)
[13:15:14]     settle  2: 199 @    534 d -> ok lintwin tank 607.3 (+5.8) miss 0 km (0.2 s)
[13:15:14] RESULT s00_r4: 16 columns; frontier 1fb 0 kg p2/2 | 2fb 4 kg p2/2; settles 16 (16 ok), regrids 16 (16 ok); wall 59 s of 300 (plan 58, price 0, settle 1; budget hit None, 0 unsettled)
[13:15:14] plan: 1177 states, depth 9 new flybys, end plan_done (60 s); deepest 9 new to 1586 d at planner fuel 243 kg
[13:15:14]   depth  1:  185 states (185 in H), t_end 175-540 d, fuel 0-0 kg
[13:15:14]   depth  2:  150 states (17 in H), t_end 530-1080 d, fuel 4-56 kg
[13:15:14]   depth  3:  150 states (0 in H), t_end 646-1580 d, fuel 25-102 kg
[13:15:14]   depth  4:  150 states (0 in H), t_end 820-1600 d, fuel 60-149 kg
[13:15:14]   depth  5:  150 states (0 in H), t_end 1020-1555 d, fuel 77-185 kg
[13:15:14]   depth  6:  150 states (0 in H), t_end 1251-1618 d, fuel 111-212 kg
[13:15:14]   depth  7:  150 states (0 in H), t_end 1335-1620 d, fuel 146-245 kg
[13:15:14]   depth  8:   72 states (0 in H), t_end 1435-1618 d, fuel 185-275 kg
[13:15:14]   depth  9:   20 states (0 in H), t_end 1584-1611 d, fuel 243-308 kg
[13:15:14] candidates: 70 distinct committed target sets (n_new 1-2, potential 0-3)
[13:15:14] frontier: 16 candidates chosen (n fb / committed planner kg / continuation (lookahead) [full]; pot_mode lookahead, pot_cap None): 1fb/0kg/p3(3)[3], 1fb/0kg/p3(2)[3], 1fb/0kg/p2(2)[2], 1fb/0kg/p2(2)[2], 1fb/0kg/p2(1)[2], 1fb/0kg/p2(2)[2], 1fb/0kg/p2(2)[2], 1fb/0kg/p2(2)[2], 1fb/0kg/p2(2)[2], 1fb/0kg/p2(2)[2], 1fb/0kg/p2(2)[2], 1fb/0kg/p2(2)[2], 1fb/0kg/p2(2)[2], 2fb/15kg/p2(2)[2], 2fb/16kg/p1(1)[1], 2fb/22kg/p1(1)[1]
[13:15:14] budget: 240 s of 300 left for the settles + regrids (settle_wall 480)
[13:15:14]   job s00_r4 root  columns  16  levels 10  settles 16/16  end plan_done  wall 59.5 s
[13:15:15] plan: 1186 states, depth 10 new flybys, end plan_done (61 s); deepest 10 new to 1560 d at planner fuel 337 kg
[13:15:15]   depth  1:  159 states (159 in H), t_end 275-540 d, fuel 0-0 kg
[13:15:15]   depth  2:  150 states (20 in H), t_end 444-1085 d, fuel 3-57 kg
[13:15:15]   depth  3:  150 states (0 in H), t_end 564-1535 d, fuel 20-104 kg
[13:15:15]   depth  4:  150 states (0 in H), t_end 798-1593 d, fuel 35-151 kg
[13:15:15]   depth  5:  150 states (0 in H), t_end 992-1596 d, fuel 63-192 kg
[13:15:15]   depth  6:  150 states (0 in H), t_end 1075-1605 d, fuel 96-213 kg
[13:15:15]   depth  7:  150 states (0 in H), t_end 1144-1620 d, fuel 140-257 kg
[13:15:15]   depth  8:   86 states (0 in H), t_end 1336-1617 d, fuel 167-289 kg
[13:15:15]   depth  9:   35 states (0 in H), t_end 1446-1614 d, fuel 226-333 kg
[13:15:15]   depth 10:    6 states (0 in H), t_end 1556-1596 d, fuel 337-363 kg
[13:15:15] candidates: 63 distinct committed target sets (n_new 1-2, potential 0-3)
[13:15:15] frontier: 16 candidates chosen (n fb / committed planner kg / continuation (lookahead) [full]; pot_mode lookahead, pot_cap None): 1fb/0kg/p3(3)[3], 1fb/0kg/p3(2)[3], 1fb/0kg/p3(2)[3], 1fb/0kg/p3(2)[3], 1fb/0kg/p2(2)[2], 1fb/0kg/p2(2)[2], 1fb/0kg/p2(2)[2], 1fb/0kg/p2(2)[2], 1fb/0kg/p2(2)[2], 1fb/0kg/p2(2)[2], 1fb/0kg/p2(2)[2], 1fb/0kg/p2(2)[2], 1fb/0kg/p2(1)[2], 2fb/12kg/p1(1)[1], 2fb/15kg/p1(1)[1], 2fb/19kg/p2(2)[2]
[13:15:15] budget: 239 s of 300 left for the settles + regrids (settle_wall 480)
[13:15:15]     settle  2: 199 @    537 d -> ok lintwin tank 601.8 (+0.3) miss 23 km (0.2 s)
[13:15:15]   drift: leg 199@537 d settled outside (T, T+H] -> column cut at 1
[13:15:16]     settle  2:  93 @    531 d -> ok lintwin tank 605.2 (+3.7) miss 1 km (0.4 s)
[13:15:16]     settle  2:  93 @    537 d -> ok lintwin tank 603.0 (+1.5) miss 3 km (0.1 s)
[13:15:16]     settle  2:  93 @    538 d -> ok lintwin tank 604.4 (+2.9) miss 17 km (0.1 s)
[13:15:16]     settle  2:  93 @    534 d -> ok lintwin tank 608.4 (+6.9) miss 5 km (0.2 s)
[13:15:16]   1 candidates dropped (settle failure / regrid failure / duplicate after truncation)
[13:15:16] RESULT s00_r2: 15 columns; frontier 1fb 0 kg p3/3 | 2fb 4 kg p1/1; settles 17 (17 ok), regrids 15 (15 ok); wall 62 s of 300 (plan 60, price 0, settle 2; budget hit None, 0 unsettled)
[13:15:16]     settle  2: 199 @    531 d -> ok lintwin tank 603.5 (+2.0) miss 0 km (0.1 s)
[13:15:16]   job s00_r2 root  columns  15  levels 9  settles 17/17  end plan_done  wall 62.0 s
[13:15:17] RESULT s00_r3: 16 columns; frontier 1fb 0 kg p3/3 | 2fb 2 kg p1/2; settles 17 (17 ok), regrids 16 (16 ok); wall 62 s of 300 (plan 61, price 0, settle 1; budget hit None, 0 unsettled)
[13:15:18]   job s00_r3 root  columns  16  levels 10  settles 17/17  end plan_done  wall 62.2 s
[13:15:22] plan: 1332 states, depth 10 new flybys, end plan_done (68 s); deepest 10 new to 1598 d at planner fuel 223 kg
[13:15:22]   depth  1:  192 states (192 in H), t_end 95-510 d, fuel 0-0 kg
[13:15:22]   depth  2:  150 states (72 in H), t_end 304-1060 d, fuel 5-59 kg
[13:15:22]   depth  3:  150 states (2 in H), t_end 484-1610 d, fuel 23-107 kg
[13:15:22]   depth  4:  150 states (0 in H), t_end 719-1610 d, fuel 54-148 kg
[13:15:22]   depth  5:  150 states (0 in H), t_end 1004-1583 d, fuel 83-195 kg
[13:15:22]   depth  6:  150 states (0 in H), t_end 1074-1619 d, fuel 119-232 kg
[13:15:22]   depth  7:  150 states (0 in H), t_end 1238-1612 d, fuel 141-273 kg
[13:15:22]   depth  8:  150 states (0 in H), t_end 1330-1616 d, fuel 183-313 kg
[13:15:22]   depth  9:   69 states (0 in H), t_end 1388-1618 d, fuel 206-322 kg
[13:15:22]   depth 10:   21 states (0 in H), t_end 1569-1619 d, fuel 223-294 kg
[13:15:22] candidates: 98 distinct committed target sets (n_new 1-3, potential 0-3)
[13:15:22] frontier: 16 candidates chosen (n fb / committed planner kg / continuation (lookahead) [full]; pot_mode lookahead, pot_cap None): 1fb/0kg/p3(2)[3], 1fb/0kg/p3(2)[3], 1fb/0kg/p3(3)[3], 1fb/0kg/p3(3)[3], 1fb/0kg/p3(2)[3], 1fb/0kg/p2(2)[2], 1fb/0kg/p2(2)[2], 1fb/0kg/p2(2)[2], 1fb/0kg/p2(2)[2], 1fb/0kg/p2(1)[2], 1fb/0kg/p2(1)[2], 1fb/0kg/p2(2)[2], 2fb/5kg/p1(1)[1], 2fb/7kg/p2(2)[2], 2fb/10kg/p1(1)[1], 3fb/62kg/p0(0)[0]
[13:15:22] budget: 232 s of 300 left for the settles + regrids (settle_wall 480)
[13:15:23]     settle  2: 199 @    532 d -> ok lintwin tank 603.3 (+1.8) miss 0 km (0.5 s)
[13:15:24]     settle  2:  29 @    464 d -> ok lintwin tank 602.6 (+1.1) miss 0 km (0.1 s)
[13:15:24]     settle  2: 199 @    540 d -> ok lintwin tank 605.3 (+3.8) miss 54 km (0.1 s)
[13:15:24]     settle  2: 190 @    410 d -> ok lintwin tank 602.9 (+1.4) miss 0 km (0.5 s)
[13:15:25]     settle  3: 267 @    484 d -> ok lintwin tank 608.1 (+5.2) miss 0 km (0.1 s)
[13:15:25] RESULT s00_r1: 16 columns; frontier 1fb 0 kg p2/3 | 2fb 1 kg p2/2 | 3fb 6 kg p0/0; settles 19 (19 ok), regrids 16 (16 ok); wall 70 s of 300 (plan 68, price 0, settle 3; budget hit None, 0 unsettled)
[13:15:26]   job s00_r1 root  columns  16  levels 10  settles 19/19  end plan_done  wall 70.4 s
[13:15:27] plan: 1414 states, depth 10 new flybys, end plan_done (72 s); deepest 10 new to 1606 d at planner fuel 269 kg
[13:15:27]   depth  1:  208 states (208 in H), t_end 70-460 d, fuel 0-0 kg
[13:15:27]   depth  2:  150 states (130 in H), t_end 240-755 d, fuel 2-60 kg
[13:15:27]   depth  3:  150 states (13 in H), t_end 483-1165 d, fuel 20-108 kg
[13:15:27]   depth  4:  150 states (0 in H), t_end 710-1610 d, fuel 42-153 kg
[13:15:27]   depth  5:  150 states (0 in H), t_end 794-1602 d, fuel 64-192 kg
[13:15:27]   depth  6:  150 states (0 in H), t_end 1011-1590 d, fuel 117-224 kg
[13:15:27]   depth  7:  150 states (0 in H), t_end 1231-1614 d, fuel 151-259 kg
[13:15:27]   depth  8:  150 states (0 in H), t_end 1328-1615 d, fuel 185-287 kg
[13:15:27]   depth  9:  142 states (0 in H), t_end 1398-1620 d, fuel 219-330 kg
[13:15:27]   depth 10:   14 states (0 in H), t_end 1496-1617 d, fuel 269-342 kg
[13:15:27] candidates: 137 distinct committed target sets (n_new 1-3, potential 0-3)
[13:15:27] frontier: 16 candidates chosen (n fb / committed planner kg / continuation (lookahead) [full]; pot_mode lookahead, pot_cap None): 1fb/0kg/p4(2)[4], 1fb/0kg/p4(2)[4], 1fb/0kg/p3(2)[3], 1fb/0kg/p3(1)[3], 1fb/0kg/p3(2)[3], 1fb/0kg/p2(1)[2], 1fb/0kg/p2(1)[2], 1fb/0kg/p2(1)[2], 1fb/0kg/p2(0)[2], 2fb/2kg/p0(0)[0], 2fb/5kg/p1(1)[1], 2fb/28kg/p3(2)[3], 2fb/45kg/p3(3)[3], 3fb/58kg/p1(1)[1], 3fb/65kg/p1(1)[1], 3fb/67kg/p2(2)[2]
[13:15:27] budget: 227 s of 300 left for the settles + regrids (settle_wall 480)
[13:15:28]     settle  2: 231 @    534 d -> ok lintwin tank 601.7 (+0.2) miss 0 km (0.1 s)
[13:15:28]     settle  2: 221 @    536 d -> ok lintwin tank 602.3 (+0.8) miss 49 km (0.1 s)
[13:15:28]     settle  2: 128 @    380 d -> ok lintwin tank 603.5 (+2.0) miss 0 km (0.3 s)
[13:15:28]     settle  2: 128 @    370 d -> ok lintwin tank 601.5 (+0.0) miss 0 km (0.2 s)
[13:15:29]     settle  2: 128 @    375 d -> ok lintwin tank 603.5 (+2.0) miss 0 km (0.4 s)
[13:15:29]     settle  3:  93 @    532 d -> ok lintwin tank 620.4 (+16.8) miss 9 km (0.3 s)
[13:15:30]     settle  2: 128 @    375 d -> ok lintwin tank 601.5 (+0.0) miss 0 km (0.3 s)
[13:15:30]     settle  3:  93 @    532 d -> ok lintwin tank 625.7 (+24.2) miss 68 km (0.7 s)
[13:15:31]     settle  3: 199 @    540 d -> ok lintwin tank 616.2 (+12.7) miss 6 km (0.2 s)
[13:15:31] RESULT s00_r0: 16 columns; frontier 1fb 0 kg p2/2 | 2fb 0 kg p3/3 | 3fb 15 kg p2/2; settles 19 (19 ok), regrids 16 (16 ok); wall 76 s of 300 (plan 72, price 0, settle 4; budget hit None, 0 unsettled)
[13:15:32]   job s00_r0 root  columns  16  levels 10  settles 19/19  end plan_done  wall 76.4 s
[13:15:32] [slice 0] propose: 107 columns (0 bad dropped) in 78.2 s
[13:15:32] [slice 0] auction: 107 columns, kept 107, dropped {}; lam 1.00 H_eff 540 d fuel budget 482 kg quota on prize bonus on 56 targets
[13:15:32] [slice 0] auction: status optimal objective 27.763 vars 107 rows 28 chosen 8 fuel 24/482 kg (0.012 s)
[13:15:35] [slice 0] claims: c0:2 c1:3 c2:1 c5:1 c6:2  (9 targets: 0 kept, 9 new; 0 released, 0 expired (ttl 4), 2 conflicts)
[13:15:35] [slice 0 T=0 d] launched 8/8  covered 15  remaining 283  fuel 36 kg  sumJi 8.0256  chosen: r->c0:3(+15) r->c1:1(+0) r->c2:2(+1) r->c3:2(+0) r->c4:3(+7) r->c5:1(+0) r->c6:1(+0) r->c7:2(+2)  rejected: -  (wall 80 s)
[13:15:35] [slice 1] claims in force: c0:2 c1:3 c2:1 c5:1 c6:2  (9 targets; claim_bonus 1.0, ttl 4)
[13:15:35]   c0: claims: 2 own (prized +1.0), 7 claimed by others withheld
[13:15:35]   c1: claims: 3 own (prized +1.0), 6 claimed by others withheld
[13:15:35]   c2: claims: 1 own (prized +1.0), 8 claimed by others withheld
[13:15:35]   c3: claims: 0 own (prized +1.0), 9 claimed by others withheld
[13:15:35]   c4: claims: 0 own (prized +1.0), 9 claimed by others withheld
[13:15:35]   c5: claims: 1 own (prized +1.0), 8 claimed by others withheld
[13:15:35]   c6: claims: 2 own (prized +1.0), 7 claimed by others withheld
[13:15:35]   c7: claims: 0 own (prized +1.0), 9 claimed by others withheld
[13:15:35] [slice 1 T=540 d] propose: 8 jobs (8 craft, 0 root) on 9 workers, proposer planbeam, H_eff 540 d, lam 1.0
[13:15:35] job s01_c4 (craft, craft 4, planbeam): T 540 d H 540 L 360; plan horizon 2160 d; remaining 274; prize >1 on 53; width 150 npt 6 mc 150 dv 1.2 drmax 0.15 plan_wall 240 s; quota {'fil': 11, 'med': 16}
[13:15:35] job s01_c2 (craft, craft 2, planbeam): T 540 d H 540 L 360; plan horizon 2160 d; remaining 275; prize >1 on 54; width 150 npt 6 mc 150 dv 1.2 drmax 0.15 plan_wall 240 s; quota {'fil': 12, 'med': 16}
[13:15:35] job s01_c1 (craft, craft 1, planbeam): T 540 d H 540 L 360; plan horizon 2160 d; remaining 277; prize >1 on 56; width 150 npt 6 mc 150 dv 1.2 drmax 0.15 plan_wall 240 s; quota {'fil': 11, 'med': 18}
[13:15:35] job s01_c3 (craft, craft 3, planbeam): T 540 d H 540 L 360; plan horizon 2160 d; remaining 274; prize >1 on 53; width 150 npt 6 mc 150 dv 1.2 drmax 0.15 plan_wall 240 s; quota {'fil': 11, 'med': 17}
[13:15:35] job s01_c0 (craft, craft 0, planbeam): T 540 d H 540 L 360; plan horizon 2160 d; remaining 276; prize >1 on 55; width 150 npt 6 mc 150 dv 1.2 drmax 0.15 plan_wall 240 s; quota {'fil': 11, 'med': 17}
[13:15:35] job s01_c5 (craft, craft 5, planbeam): T 540 d H 540 L 360; plan horizon 2160 d; remaining 275; prize >1 on 54; width 150 npt 6 mc 150 dv 1.2 drmax 0.15 plan_wall 240 s; quota {'fil': 12, 'med': 17}
[13:15:35] job s01_c7 (craft, craft 7, planbeam): T 540 d H 540 L 360; plan horizon 2160 d; remaining 274; prize >1 on 53; width 150 npt 6 mc 150 dv 1.2 drmax 0.15 plan_wall 240 s; quota {'fil': 12, 'med': 16}
[13:15:35] job s01_c6 (craft, craft 6, planbeam): T 540 d H 540 L 360; plan horizon 2160 d; remaining 276; prize >1 on 55; width 150 npt 6 mc 150 dv 1.2 drmax 0.15 plan_wall 240 s; quota {'fil': 12, 'med': 17}
[13:15:35] prefix slices/s01/in/craft_5.npz: 1 flybys, t_end 215.0 d, tank 601.5 kg (planner view), miss 0.0 km, nreg 9
[13:15:35] budget: job_wall 300 s, 300 s left before the plan -> plan cap 210 s (plan_wall 240, settle_reserve 90)
[13:15:35] prefix slices/s01/in/craft_1.npz: 1 flybys, t_end 210.0 d, tank 601.5 kg (planner view), miss 0.0 km, nreg 12
[13:15:35] budget: job_wall 300 s, 300 s left before the plan -> plan cap 210 s (plan_wall 240, settle_reserve 90)
[13:15:35] prefix slices/s01/in/craft_0.npz: 3 flybys, t_end 539.8 d, tank 616.2 kg (planner view), miss 0.0 km, nreg 29
[13:15:35] budget: job_wall 300 s, 300 s left before the plan -> plan cap 210 s (plan_wall 240, settle_reserve 90)
[13:15:35] prefix slices/s01/in/craft_4.npz: 3 flybys, t_end 483.1 d, tank 608.0 kg (planner view), miss 0.0 km, nreg 23
[13:15:35] budget: job_wall 300 s, 300 s left before the plan -> plan cap 210 s (plan_wall 240, settle_reserve 90)
[13:15:35] prefix slices/s01/in/craft_2.npz: 2 flybys, t_end 533.9 d, tank 602.3 kg (planner view), miss 24.2 km, nreg 28
[13:15:35] budget: job_wall 300 s, 300 s left before the plan -> plan cap 210 s (plan_wall 240, settle_reserve 90)
[13:15:35] prefix slices/s01/in/craft_6.npz: 1 flybys, t_end 495.0 d, tank 601.5 kg (planner view), miss 0.0 km, nreg 21
[13:15:35] budget: job_wall 300 s, 300 s left before the plan -> plan cap 210 s (plan_wall 240, settle_reserve 90)
[13:15:35] prefix slices/s01/in/craft_7.npz: 2 flybys, t_end 537.2 d, tank 603.0 kg (planner view), miss 3.1 km, nreg 20
[13:15:35] budget: job_wall 300 s, 300 s left before the plan -> plan cap 210 s (plan_wall 240, settle_reserve 90)
[13:15:35] prefix slices/s01/in/craft_3.npz: 2 flybys, t_end 533.7 d, tank 601.7 kg (planner view), miss 0.0 km, nreg 26
[13:15:35] budget: job_wall 300 s, 300 s left before the plan -> plan cap 210 s (plan_wall 240, settle_reserve 90)
[13:15:40] first level (both): 0 production + 103 relaxed (dv 2.5, 0.3 AU; 0.1 s) + 70 lintwin children -> 122 unique (5.2 s)
[13:15:40] plan start: prefix 2 flybys, t_end 537.2 d, planner mass 1596.0 kg (dv 0.098 km/s); 122 first-level states
[13:15:40] first level (both): 0 production + 39 relaxed (dv 2.5, 0.3 AU; 0.1 s) + 110 lintwin children -> 137 unique (5.5 s)
[13:15:40] plan start: prefix 1 flybys, t_end 215.0 d, planner mass 1600.0 kg (dv 0.000 km/s); 137 first-level states
[13:15:40] first level (both): 0 production + 91 relaxed (dv 2.5, 0.3 AU; 0.1 s) + 87 lintwin children -> 141 unique (5.5 s)
[13:15:40] plan start: prefix 1 flybys, t_end 495.0 d, planner mass 1600.0 kg (dv 0.000 km/s); 141 first-level states
[13:15:40] first level (both): 0 production + 26 relaxed (dv 2.5, 0.3 AU; 0.1 s) + 118 lintwin children -> 140 unique (5.6 s)
[13:15:40] plan start: prefix 1 flybys, t_end 210.0 d, planner mass 1600.0 kg (dv 0.000 km/s); 140 first-level states
[13:15:40] first level (both): 0 production + 124 relaxed (dv 2.5, 0.3 AU; 0.1 s) + 82 lintwin children -> 159 unique (5.9 s)
[13:15:40] plan start: prefix 3 flybys, t_end 539.8 d, planner mass 1561.9 kg (dv 0.945 km/s); 159 first-level states
[13:15:40] first level (both): 0 production + 85 relaxed (dv 2.5, 0.3 AU; 0.1 s) + 89 lintwin children -> 129 unique (5.9 s)
[13:15:40] plan start: prefix 3 flybys, t_end 483.1 d, planner mass 1582.8 kg (dv 0.424 km/s); 129 first-level states
[13:15:41] first level (both): 0 production + 99 relaxed (dv 2.5, 0.3 AU; 0.1 s) + 80 lintwin children -> 134 unique (6.0 s)
[13:15:41] plan start: prefix 2 flybys, t_end 533.7 d, planner mass 1599.5 kg (dv 0.011 km/s); 134 first-level states
[13:15:41] first level (both): 0 production + 60 relaxed (dv 2.5, 0.3 AU; 0.1 s) + 82 lintwin children -> 116 unique (6.2 s)
[13:15:41] plan start: prefix 2 flybys, t_end 533.9 d, planner mass 1598.0 kg (dv 0.050 km/s); 116 first-level states
[13:16:41] plan: 1212 states, depth 10 new flybys, end plan_done (66 s); deepest 10 new to 2118 d at planner fuel 429 kg
[13:16:41]   depth  1:  122 states (111 in H), t_end 654-1216 d, fuel 8-121 kg
[13:16:41]   depth  2:  150 states (74 in H), t_end 743-1693 d, fuel 53-162 kg
[13:16:41]   depth  3:  150 states (19 in H), t_end 823-1890 d, fuel 58-195 kg
[13:16:41]   depth  4:  150 states (0 in H), t_end 1311-2101 d, fuel 88-231 kg
[13:16:41]   depth  5:  150 states (0 in H), t_end 1416-2151 d, fuel 119-271 kg
[13:16:41]   depth  6:  150 states (0 in H), t_end 1690-2150 d, fuel 130-312 kg
[13:16:41]   depth  7:  150 states (0 in H), t_end 1799-2153 d, fuel 162-353 kg
[13:16:41]   depth  8:  150 states (0 in H), t_end 1914-2156 d, fuel 167-389 kg
[13:16:41]   depth  9:   37 states (0 in H), t_end 2030-2146 d, fuel 306-413 kg
[13:16:41]   depth 10:    3 states (0 in H), t_end 2118-2155 d, fuel 429-433 kg
[13:16:41] candidates: 107 distinct committed target sets (n_new 1-3, potential 0-3)
[13:16:41] frontier: 16 candidates chosen (n fb / committed planner kg / continuation (lookahead) [full]; pot_mode lookahead, pot_cap None): 1fb/25kg/p0(0)[0], 1fb/25kg/p2(2)[2], 1fb/37kg/p2(2)[2], 1fb/41kg/p3(3)[3], 1fb/42kg/p2(1)[2], 1fb/43kg/p2(2)[2], 1fb/45kg/p2(1)[2], 1fb/52kg/p2(1)[2], 1fb/56kg/p2(1)[2], 1fb/114kg/p4(2)[4], 2fb/53kg/p1(1)[1], 2fb/56kg/p1(1)[1], 2fb/154kg/p3(2)[3], 3fb/135kg/p0(0)[0], 3fb/152kg/p0(0)[0], 3fb/187kg/p2(2)[2]
[13:16:41] budget: 234 s of 300 left for the settles + regrids (settle_wall 480)
[13:16:42]     settle  3: 112 @    849 d -> ok lintwin tank 622.8 (+19.8) miss 5 km (1.1 s)
[13:16:42]     settle  3:  88 @    971 d -> ok lintwin tank 610.8 (+7.7) miss 4 km (0.3 s)
[13:16:43]     settle  3:  67 @    987 d -> ok lintwin tank 604.6 (+1.6) miss 6 km (0.2 s)
[13:16:43]     settle  3: 134 @    857 d -> ok lintwin tank 616.9 (+13.9) miss 4 km (0.2 s)
[13:16:43] plan: 1220 states, depth 10 new flybys, end plan_done (69 s); deepest 10 new to 2147 d at planner fuel 385 kg
[13:16:43]   depth  1:  116 states (87 in H), t_end 617-1194 d, fuel 5-119 kg
[13:16:43]   depth  2:  150 states (28 in H), t_end 967-1597 d, fuel 21-161 kg
[13:16:43]   depth  3:  150 states (0 in H), t_end 1080-1830 d, fuel 71-199 kg
[13:16:43]   depth  4:  150 states (0 in H), t_end 1288-2159 d, fuel 91-239 kg
[13:16:43]   depth  5:  150 states (0 in H), t_end 1512-2157 d, fuel 129-278 kg
[13:16:43]   depth  6:  150 states (0 in H), t_end 1591-2159 d, fuel 140-324 kg
[13:16:43]   depth  7:  150 states (0 in H), t_end 1768-2158 d, fuel 186-363 kg
[13:16:43]   depth  8:  150 states (0 in H), t_end 1867-2156 d, fuel 299-401 kg
[13:16:43]   depth  9:   52 states (0 in H), t_end 2012-2158 d, fuel 304-439 kg
[13:16:43]   depth 10:    2 states (0 in H), t_end 2147-2147 d, fuel 385-422 kg
[13:16:43] candidates: 65 distinct committed target sets (n_new 1-2, potential 0-2)
[13:16:43] frontier: 16 candidates chosen (n fb / committed planner kg / continuation (lookahead) [full]; pot_mode lookahead, pot_cap None): 1fb/10kg/p0(0)[0], 1fb/15kg/p0(0)[0], 1fb/16kg/p1(1)[1], 1fb/29kg/p1(0)[1], 1fb/30kg/p2(1)[2], 1fb/42kg/p1(1)[1], 1fb/48kg/p1(1)[1], 1fb/59kg/p2(1)[2], 1fb/59kg/p1(1)[1], 1fb/69kg/p2(1)[2], 1fb/74kg/p3(2)[3], 1fb/97kg/p2(1)[2], 1fb/114kg/p3(2)[3], 2fb/69kg/p0(0)[0], 2fb/78kg/p1(1)[1], 2fb/81kg/p2(2)[2]
[13:16:43] budget: 231 s of 300 left for the settles + regrids (settle_wall 480)
[13:16:44]     settle  3:  83 @   1079 d -> ok lintwin tank 605.2 (+2.9) miss 1 km (0.6 s)
[13:16:44] plan: 1284 states, depth 10 new flybys, end plan_done (70 s); deepest 10 new to 2123 d at planner fuel 321 kg
[13:16:44]   depth  1:  140 states (122 in H), t_end 545-1142 d, fuel 5-117 kg
[13:16:44]   depth  2:  150 states (69 in H), t_end 633-1657 d, fuel 24-152 kg
[13:16:44]   depth  3:  150 states (15 in H), t_end 880-1793 d, fuel 62-181 kg
[13:16:44]   depth  4:  150 states (0 in H), t_end 1203-2133 d, fuel 104-215 kg
[13:16:44]   depth  5:  150 states (0 in H), t_end 1276-2147 d, fuel 129-260 kg
[13:16:44]   depth  6:  150 states (0 in H), t_end 1593-2150 d, fuel 143-296 kg
[13:16:44]   depth  7:  150 states (0 in H), t_end 1679-2160 d, fuel 210-334 kg
[13:16:44]   depth  8:  150 states (0 in H), t_end 1886-2156 d, fuel 236-366 kg
[13:16:44]   depth  9:   89 states (0 in H), t_end 1975-2159 d, fuel 260-379 kg
[13:16:44]   depth 10:    5 states (0 in H), t_end 2123-2150 d, fuel 321-372 kg
[13:16:44]     settle  3: 227 @    829 d -> ok lintwin tank 623.5 (+20.5) miss 68 km (1.0 s)
[13:16:44] candidates: 130 distinct committed target sets (n_new 1-3, potential 0-2)
[13:16:44] frontier: 16 candidates chosen (n fb / committed planner kg / continuation (lookahead) [full]; pot_mode lookahead, pot_cap None): 1fb/5kg/p1(1)[1], 1fb/8kg/p2(1)[2], 1fb/9kg/p2(1)[2], 1fb/13kg/p2(1)[2], 1fb/13kg/p2(1)[2], 1fb/14kg/p2(1)[2], 1fb/25kg/p2(1)[2], 1fb/28kg/p2(1)[2], 1fb/33kg/p2(1)[2], 1fb/77kg/p4(2)[4], 2fb/26kg/p1(1)[1], 2fb/26kg/p1(1)[1], 2fb/121kg/p3(2)[3], 3fb/110kg/p0(0)[0], 3fb/112kg/p0(0)[0], 3fb/130kg/p2(2)[2]
[13:16:44] budget: 230 s of 300 left for the settles + regrids (settle_wall 480)
[13:16:45]     settle  2: 247 @    983 d -> ok lintwin tank 602.5 (+1.0) miss 80 km (0.6 s)
[13:16:45]     settle  3: 183 @   1068 d -> ok lintwin tank 605.0 (+2.7) miss 0 km (0.5 s)
[13:16:45]     settle  3: 272 @   1042 d -> ok lintwin tank 616.9 (+13.9) miss 2 km (0.7 s)
[13:16:45]     settle  2: 111 @    598 d -> ok lintwin tank 603.0 (+1.5) miss 51 km (0.3 s)
[13:16:46]     settle  3: 292 @    751 d -> ok lintwin tank 618.8 (+15.8) miss 0 km (0.3 s)
[13:16:46]     settle  2:  71 @    569 d -> ok lintwin tank 604.9 (+3.4) miss 0 km (0.5 s)
[13:16:46]     settle  3:  35 @    871 d -> ok lintwin tank 624.7 (+21.7) miss 1 km (0.6 s)
[13:16:47]     settle  3:  80 @   1059 d -> ok lintwin tank 607.8 (+5.5) miss 26 km (0.5 s)
[13:16:47] plan: 1316 states, depth 10 new flybys, end plan_done (72 s); deepest 10 new to 2054 d at planner fuel 286 kg
[13:16:47]   depth  1:  141 states (122 in H), t_end 579-1211 d, fuel 3-117 kg
[13:16:47]   depth  2:  150 states (38 in H), t_end 669-1729 d, fuel 19-164 kg
[13:16:47]   depth  3:  150 states (13 in H), t_end 989-2127 d, fuel 34-208 kg
[13:16:47]   depth  4:  150 states (0 in H), t_end 1149-2147 d, fuel 43-230 kg
[13:16:47]   depth  5:  150 states (0 in H), t_end 1358-2158 d, fuel 118-267 kg
[13:16:47]   depth  6:  150 states (0 in H), t_end 1501-2139 d, fuel 157-312 kg
[13:16:47]   depth  7:  150 states (0 in H), t_end 1631-2146 d, fuel 185-264 kg
[13:16:47]   depth  8:  150 states (0 in H), t_end 1731-2153 d, fuel 204-306 kg
[13:16:47]   depth  9:  100 states (0 in H), t_end 1841-2157 d, fuel 259-328 kg
[13:16:47]   depth 10:   25 states (0 in H), t_end 2035-2156 d, fuel 286-342 kg
[13:16:47] candidates: 83 distinct committed target sets (n_new 1-3, potential 0-2)
[13:16:47] frontier: 16 candidates chosen (n fb / committed planner kg / continuation (lookahead) [full]; pot_mode lookahead, pot_cap None): 1fb/3kg/p4(2)[4], 1fb/7kg/p2(1)[2], 1fb/9kg/p0(0)[0], 1fb/36kg/p1(1)[1], 1fb/36kg/p2(1)[2], 1fb/40kg/p3(1)[3], 1fb/43kg/p2(2)[2], 1fb/94kg/p2(1)[2], 1fb/95kg/p2(1)[2], 1fb/116kg/p2(1)[2], 2fb/31kg/p1(1)[1], 2fb/45kg/p3(2)[3], 2fb/52kg/p1(1)[1], 3fb/77kg/p1(1)[1], 3fb/80kg/p1(1)[1], 3fb/85kg/p2(2)[2]
[13:16:47] budget: 228 s of 300 left for the settles + regrids (settle_wall 480)
[13:16:47]     settle  3: 202 @    820 d -> ok lintwin tank 620.0 (+17.0) miss 1 km (0.5 s)
[13:16:47]     settle  2: 183 @    690 d -> ok lintwin tank 605.4 (+3.9) miss 4 km (0.8 s)
[13:16:47]     settle  2:  44 @    634 d -> ok lintwin tank 601.7 (+0.2) miss 28 km (0.3 s)
[13:16:48]     settle  2: 145 @    669 d -> ok lintwin tank 603.9 (+2.4) miss 0 km (0.6 s)
[13:16:48]     settle  2: 141 @    871 d -> ok lintwin tank 605.6 (+4.1) miss 9 km (1.1 s)
[13:16:49]     settle  3:  96 @    758 d -> ok lintwin tank 658.2 (+55.9) miss 46 km (1.9 s)
[13:16:49]     settle  2: 142 @    656 d -> ok lintwin tank 603.2 (+1.7) miss 0 km (1.1 s)
[13:16:50]     settle  2: 269 @    714 d -> ok lintwin tank 611.3 (+9.8) miss 7 km (0.6 s)
[13:16:50]     settle  2:  63 @    718 d -> ok lintwin tank 602.8 (+1.3) miss 0 km (1.6 s)
[13:16:51]     settle  2: 198 @    661 d -> ok lintwin tank 609.1 (+7.6) miss 12 km (0.8 s)
[13:16:51] plan: 1345 states, depth 10 new flybys, end plan_done (77 s); deepest 10 new to 2152 d at planner fuel 343 kg
[13:16:51]   depth  1:  134 states (120 in H), t_end 640-1188 d, fuel 6-116 kg
[13:16:51]   depth  2:  150 states (29 in H), t_end 870-1512 d, fuel 22-171 kg
[13:16:51]   depth  3:  150 states (4 in H), t_end 1020-1697 d, fuel 56-200 kg
[13:16:51]   depth  4:  150 states (0 in H), t_end 1181-2132 d, fuel 100-245 kg
[13:16:51]   depth  5:  150 states (0 in H), t_end 1382-2116 d, fuel 180-282 kg
[13:16:51]   depth  6:  150 states (0 in H), t_end 1588-2143 d, fuel 201-301 kg
[13:16:51]   depth  7:  150 states (0 in H), t_end 1739-2102 d, fuel 229-345 kg
[13:16:51]   depth  8:  150 states (0 in H), t_end 1854-2160 d, fuel 277-374 kg
[13:16:51]   depth  9:  150 states (0 in H), t_end 1977-2159 d, fuel 304-392 kg
[13:16:51]   depth 10:   11 states (0 in H), t_end 2113-2160 d, fuel 343-412 kg
[13:16:51] candidates: 79 distinct committed target sets (n_new 1-3, potential 0-2)
[13:16:51] frontier: 16 candidates chosen (n fb / committed planner kg / continuation (lookahead) [full]; pot_mode lookahead, pot_cap None): 1fb/6kg/p0(0)[0], 1fb/19kg/p0(0)[0], 1fb/30kg/p1(1)[1], 1fb/34kg/p1(1)[1], 1fb/40kg/p1(1)[1], 1fb/40kg/p1(1)[1], 1fb/44kg/p2(2)[2], 1fb/90kg/p2(2)[2], 1fb/105kg/p3(2)[3], 1fb/108kg/p4(2)[4], 2fb/66kg/p0(0)[0], 2fb/71kg/p0(0)[0], 2fb/116kg/p3(2)[3], 2fb/136kg/p3(2)[3], 3fb/153kg/p2(2)[2], 3fb/165kg/p2(2)[2]
[13:16:51] budget: 223 s of 300 left for the settles + regrids (settle_wall 480)
[13:16:52]     settle  2: 117 @    785 d -> ok lintwin tank 625.1 (+23.6) miss 77 km (0.9 s)
[13:16:52]     settle  3: 205 @    654 d -> FAIL [('lam', 5684058.1)] (4.6 s)
[13:16:52]     settle  3: 194 @    948 d -> ok lintwin tank 603.3 (+1.7) miss 0 km (0.7 s)
[13:16:52]     settle  2: 250 @    579 d -> ok lintwin tank 612.0 (+10.5) miss 67 km (0.6 s)
[13:16:52]     settle  4: 234 @   1014 d -> ok lintwin tank 621.4 (+2.7) miss 6 km (0.2 s)
[13:16:52]     settle  2: 228 @    754 d -> ok lintwin tank 605.3 (+3.8) miss 0 km (0.6 s)
[13:16:52]     settle  3: 288 @    882 d -> ok lintwin tank 607.5 (+5.9) miss 0 km (0.4 s)
[13:16:53]     settle  4: 184 @   1066 d -> ok lintwin tank 631.3 (+7.8) miss 46 km (0.6 s)
[13:16:53] plan: 1376 states, depth 12 new flybys, end plan_done (78 s); deepest 12 new to 2148 d at planner fuel 413 kg
[13:16:53]   depth  1:  159 states (146 in H), t_end 604-1173 d, fuel 42-153 kg
[13:16:53]   depth  2:  150 states (97 in H), t_end 795-1498 d, fuel 68-183 kg
[13:16:53]   depth  3:  150 states (19 in H), t_end 955-1836 d, fuel 97-235 kg
[13:16:53]   depth  4:  150 states (0 in H), t_end 1099-1905 d, fuel 132-213 kg
[13:16:53]   depth  5:  150 states (0 in H), t_end 1440-2044 d, fuel 156-220 kg
[13:16:53]   depth  6:  150 states (0 in H), t_end 1575-2151 d, fuel 193-260 kg
[13:16:53]   depth  7:  150 states (0 in H), t_end 1695-2150 d, fuel 208-297 kg
[13:16:53]   depth  8:  150 states (0 in H), t_end 1859-2156 d, fuel 254-335 kg
[13:16:53]   depth  9:  115 states (0 in H), t_end 1940-2160 d, fuel 270-375 kg
[13:16:53]   depth 10:   38 states (0 in H), t_end 1994-2153 d, fuel 343-402 kg
[13:16:53]   depth 11:   13 states (0 in H), t_end 2099-2150 d, fuel 371-427 kg
[13:16:53]   depth 12:    1 states (0 in H), t_end 2148-2148 d, fuel 413-413 kg
[13:16:53] candidates: 112 distinct committed target sets (n_new 1-3, potential 0-2)
[13:16:53] frontier: 16 candidates chosen (n fb / committed planner kg / continuation (lookahead) [full]; pot_mode lookahead, pot_cap None): 1fb/42kg/p0(0)[0], 1fb/47kg/p0(0)[0], 1fb/54kg/p2(2)[2], 1fb/60kg/p2(1)[2], 1fb/62kg/p1(0)[1], 1fb/67kg/p1(0)[1], 1fb/68kg/p3(1)[3], 1fb/97kg/p1(0)[1], 1fb/142kg/p2(1)[2], 2fb/73kg/p1(1)[1], 2fb/80kg/p1(1)[1], 2fb/88kg/p2(1)[2], 2fb/104kg/p2(2)[2], 3fb/107kg/p0(0)[0], 3fb/115kg/p0(0)[0], 3fb/126kg/p1(1)[1]
[13:16:53] budget: 222 s of 300 left for the settles + regrids (settle_wall 480)
[13:16:53]     settle  4: 294 @   1010 d -> ok lintwin tank 617.8 (+1.6) miss 8 km (0.1 s)
[13:16:53]     settle  2: 224 @    820 d -> ok lintwin tank 607.4 (+5.9) miss 62 km (1.1 s)
[13:16:53]     settle  4:  95 @    814 d -> ok lintwin tank 619.8 (+3.6) miss 8 km (0.1 s)
[13:16:53]     settle  3:  52 @    821 d -> ok lam tank 614.0 (+11.7) miss 2 km (2.4 s)
[13:16:53]     settle  3: 222 @    891 d -> ok lintwin tank 617.4 (+15.7) miss 1 km (0.7 s)
[13:16:53] plan: 1429 states, depth 11 new flybys, end plan_done (79 s); deepest 11 new to 2105 d at planner fuel 376 kg
[13:16:53]   depth  1:  129 states (114 in H), t_end 553-1265 d, fuel 27-140 kg
[13:16:53]   depth  2:  150 states (42 in H), t_end 791-1585 d, fuel 30-183 kg
[13:16:53]   depth  3:  150 states (7 in H), t_end 975-1713 d, fuel 59-219 kg
[13:16:53]   depth  4:  150 states (0 in H), t_end 1170-2160 d, fuel 115-250 kg
[13:16:53]   depth  5:  150 states (0 in H), t_end 1314-2134 d, fuel 192-281 kg
[13:16:53]   depth  6:  150 states (0 in H), t_end 1459-2157 d, fuel 210-311 kg
[13:16:53]   depth  7:  150 states (0 in H), t_end 1538-2151 d, fuel 260-350 kg
[13:16:53]   depth  8:  150 states (0 in H), t_end 1594-2160 d, fuel 294-387 kg
[13:16:53]   depth  9:  150 states (0 in H), t_end 1761-2160 d, fuel 307-422 kg
[13:16:53]   depth 10:   91 states (0 in H), t_end 1937-2160 d, fuel 325-441 kg
[13:16:53]   depth 11:    9 states (0 in H), t_end 2009-2157 d, fuel 376-432 kg
[13:16:53] candidates: 96 distinct committed target sets (n_new 1-3, potential 0-3)
[13:16:53] frontier: 16 candidates chosen (n fb / committed planner kg / continuation (lookahead) [full]; pot_mode lookahead, pot_cap None): 1fb/30kg/p0(0)[0], 1fb/32kg/p1(1)[1], 1fb/76kg/p3(2)[3], 1fb/86kg/p3(2)[3], 1fb/97kg/p4(3)[4], 1fb/122kg/p2(1)[2], 1fb/132kg/p3(2)[3], 1fb/133kg/p4(2)[4], 1fb/140kg/p2(1)[2], 2fb/97kg/p0(0)[0], 2fb/105kg/p2(2)[2], 2fb/112kg/p2(2)[2], 2fb/133kg/p3(3)[3], 3fb/182kg/p0(0)[0], 3fb/184kg/p2(2)[2], 3fb/186kg/p1(1)[1]
[13:16:53] budget: 221 s of 300 left for the settles + regrids (settle_wall 480)
[13:16:54]     settle  4: 289 @    771 d -> ok lintwin tank 612.3 (+4.3) miss 0 km (0.2 s)
[13:16:54]     settle  3: 205 @    730 d -> ok lintwin tank 654.1 (+51.1) miss 88 km (0.8 s)
[13:16:54]     settle  3: 255 @    912 d -> ok lintwin tank 613.6 (+11.9) miss 16 km (0.5 s)
[13:16:54]     settle  2:  85 @    687 d -> ok lintwin tank 619.5 (+18.0) miss 1 km (1.7 s)
[13:16:54]     settle  4: 229 @    985 d -> ok lintwin tank 613.5 (+5.5) miss 54 km (0.2 s)
[13:16:54]     settle  2: 103 @    711 d -> ok lintwin tank 633.0 (+31.5) miss 0 km (1.1 s)
[13:16:55]     settle  4:  55 @    915 d -> ok lintwin tank 662.9 (+8.8) miss 68 km (0.8 s)
[13:16:55]     settle  3: 214 @    955 d -> ok lintwin tank 624.4 (+22.7) miss 1 km (0.7 s)
[13:16:55]     settle  4: 234 @   1008 d -> ok lintwin tank 623.9 (+7.7) miss 94 km (1.6 s)
[13:16:55]     settle  4: 173 @    804 d -> ok lintwin tank 642.1 (+34.1) miss 16 km (0.7 s)
[13:16:55]     settle  3:  89 @    996 d -> ok lintwin tank 617.4 (+15.7) miss 3 km (0.4 s)
[13:16:55]     settle  5: 260 @   1058 d -> ok lintwin tank 669.5 (+6.7) miss 64 km (0.9 s)
[13:16:56]   4 candidates dropped (settle failure / regrid failure / duplicate after truncation)
[13:16:56]     settle  2: 176 @    670 d -> ok lintwin tank 614.7 (+13.2) miss 6 km (1.2 s)
[13:16:56] RESULT s01_c7: 12 columns; frontier 1fb 2 kg p2/3 | 2fb 18 kg p1/1 | 3fb 66 kg p0/0; settles 16 (14 ok), regrids 12 (12 ok); wall 81 s of 300 (plan 66, price 0, settle 15; budget hit None, 0 unsettled)
[13:16:56]     settle  3: 229 @    836 d -> ok lintwin tank 614.3 (+12.6) miss 2 km (0.4 s)
[13:16:56]     settle  4:  99 @    796 d -> ok lintwin tank 622.7 (+6.5) miss 1 km (1.3 s)
[13:16:57]     settle  3:  79 @    720 d -> ok lam tank 622.0 (+19.8) miss 79 km (3.2 s)
[13:16:57]     settle  4: 104 @    768 d -> ok lintwin tank 704.2 (+96.2) miss 71 km (1.3 s)
[13:16:57]     settle  3: 247 @    984 d -> ok lintwin tank 607.6 (+2.0) miss 0 km (1.0 s)
[13:16:57]   job s01_c7 craft columns  12  levels 10  settles 14/16  end plan_done  wall 81.1 s
[13:16:57] plan: 1483 states, depth 11 new flybys, end plan_done (82 s); deepest 11 new to 2118 d at planner fuel 385 kg
[13:16:57]   depth  1:  137 states (121 in H), t_end 545-1168 d, fuel 3-118 kg
[13:16:57]   depth  2:  150 states (119 in H), t_end 708-1694 d, fuel 18-152 kg
[13:16:57]   depth  3:  150 states (35 in H), t_end 853-1750 d, fuel 32-187 kg
[13:16:57]   depth  4:  150 states (2 in H), t_end 1027-1998 d, fuel 86-228 kg
[13:16:57]   depth  5:  150 states (0 in H), t_end 1308-2146 d, fuel 109-272 kg
[13:16:57]   depth  6:  150 states (0 in H), t_end 1479-2155 d, fuel 152-312 kg
[13:16:57]   depth  7:  150 states (0 in H), t_end 1649-2150 d, fuel 174-315 kg
[13:16:57]   depth  8:  150 states (0 in H), t_end 1746-2159 d, fuel 259-327 kg
[13:16:57]   depth  9:  150 states (0 in H), t_end 1868-2150 d, fuel 263-359 kg
[13:16:57]   depth 10:  135 states (0 in H), t_end 1956-2157 d, fuel 294-398 kg
[13:16:57]   depth 11:   11 states (0 in H), t_end 2088-2149 d, fuel 385-418 kg
[13:16:57] candidates: 174 distinct committed target sets (n_new 1-4, potential 0-3)
[13:16:57] frontier: 16 candidates chosen (n fb / committed planner kg / continuation (lookahead) [full]; pot_mode lookahead, pot_cap None): 1fb/3kg/p0(0)[0], 1fb/3kg/p0(0)[0], 1fb/14kg/p2(1)[2], 1fb/15kg/p3(1)[3], 1fb/34kg/p3(3)[3], 1fb/41kg/p3(2)[3], 1fb/54kg/p4(1)[4], 1fb/89kg/p4(1)[4], 2fb/18kg/p0(0)[0], 2fb/20kg/p0(0)[0], 2fb/102kg/p3(1)[3], 3fb/78kg/p1(1)[1], 3fb/107kg/p0(0)[0], 3fb/131kg/p2(1)[2], 4fb/174kg/p1(1)[1], 4fb/180kg/p1(1)[1]
[13:16:57] budget: 218 s of 300 left for the settles + regrids (settle_wall 480)
[13:16:57]     settle  4: 202 @    808 d -> ok lintwin tank 624.4 (+8.3) miss 3 km (0.2 s)
[13:16:57]     settle  2: 197 @    921 d -> ok lintwin tank 602.8 (+1.3) miss 26 km (0.2 s)
[13:16:57]     settle  4: 240 @    662 d -> ok lintwin tank 633.9 (+25.8) miss 77 km (0.4 s)
[13:16:57]     settle  3: 247 @    982 d -> ok lintwin tank 603.1 (+0.3) miss 0 km (0.6 s)
[13:16:58]     settle  4: 112 @    693 d -> ok lintwin tank 633.9 (+25.9) miss 9 km (0.4 s)
[13:16:58]     settle  4:  55 @    916 d -> ok lintwin tank 631.6 (+15.4) miss 12 km (0.6 s)
[13:16:58]     settle  3: 240 @    923 d -> ok lintwin tank 727.8 (+126.1) miss 51 km (1.7 s)
[13:16:58]     settle  2: 191 @    962 d -> ok lintwin tank 602.9 (+1.4) miss 0 km (0.9 s)
[13:16:58]     settle  4: 261 @    727 d -> ok lintwin tank 633.2 (+25.2) miss 2 km (0.7 s)
[13:16:59]     settle  3: 125 @    825 d -> ok lam tank 638.0 (+23.4) miss 27 km (0.9 s)
[13:16:59]   drift: leg 125@825 d settled outside (T, T+H] -> column cut at 1
[13:16:59]     settle  4:  74 @    750 d -> ok lintwin tank 624.6 (+8.5) miss 5 km (1.1 s)
[13:16:59]     settle  4: 136 @    663 d -> ok lintwin tank 660.5 (+52.5) miss 62 km (0.8 s)
[13:16:59]     settle  3:  98 @    836 d -> ok lintwin tank 639.8 (+38.1) miss 1 km (1.3 s)
[13:17:00]     settle  2:  56 @    730 d -> FAIL [('lam', 8154316.5)] (4.9 s)
[13:17:00]     settle  2: 256 @    790 d -> ok lintwin tank 622.8 (+21.3) miss 100 km (1.3 s)
[13:17:00]     settle  4: 153 @    638 d -> ok lintwin tank 632.0 (+24.0) miss 12 km (0.2 s)
[13:17:00]     settle  3:  42 @    880 d -> ok lam tank 643.7 (+29.0) miss 12 km (0.8 s)
[13:17:00]     settle  2: 175 @    752 d -> ok lintwin tank 607.3 (+5.8) miss 7 km (0.2 s)
[13:17:00]     settle  3: 136 @    655 d -> ok lintwin tank 635.6 (+33.9) miss 69 km (0.5 s)
[13:17:00]     settle  4: 286 @    621 d -> ok lintwin tank 621.9 (+13.9) miss 0 km (0.3 s)
[13:17:00]     settle  4: 153 @   1076 d -> ok lintwin tank 615.2 (+1.0) miss 4 km (0.2 s)
[13:17:00]   drift: leg 153@1076 d settled outside (T, T+H] -> column cut at 1
[13:17:00]     settle  5: 229 @    832 d -> ok lintwin tank 637.6 (+15.7) miss 3 km (0.3 s)
[13:17:01]     settle  2: 285 @   1007 d -> ok lintwin tank 601.9 (+0.4) miss 4 km (0.5 s)
[13:17:01]     settle  2: 209 @    708 d -> ok lintwin tank 607.3 (+5.8) miss 8 km (1.1 s)
[13:17:01]     settle  3:  56 @    720 d -> ok lintwin tank 622.1 (+20.4) miss 39 km (0.6 s)
[13:17:01]     settle  4:  65 @    880 d -> ok lintwin tank 622.0 (+5.9) miss 10 km (1.4 s)
[13:17:01]     settle  4:  27 @   1030 d -> ok lintwin tank 653.9 (+10.2) miss 49 km (1.5 s)
[13:17:01]     settle  4: 205 @    730 d -> ok lintwin tank 639.0 (+22.8) miss 44 km (0.3 s)
[13:17:02]     settle  2: 205 @    591 d -> ok lintwin tank 654.8 (+53.3) miss 77 km (0.9 s)
[13:17:02]     settle  5: 260 @   1057 d -> ok lintwin tank 624.8 (+2.2) miss 1 km (0.4 s)
[13:17:02]     settle  4: 247 @    981 d -> ok lintwin tank 648.0 (+25.9) miss 80 km (1.1 s)
[13:17:02]     settle  5: 264 @   1035 d -> ok lintwin tank 654.4 (+12.2) miss 73 km (1.5 s)
[13:17:02]     settle  2: 172 @    557 d -> ok lintwin tank 621.8 (+20.3) miss 81 km (0.5 s)
[13:17:02]     settle  3:  42 @    881 d -> ok lam tank 644.2 (+29.5) miss 9 km (1.1 s)
[13:17:02]   drift: leg 42@881 d settled outside (T, T+H] -> column cut at 1
[13:17:02]   3 candidates dropped (settle failure / regrid failure / duplicate after truncation)
[13:17:02] RESULT s01_c1: 13 columns; frontier 1fb 1 kg p1/2 | 2fb 2 kg p1/1 | 3fb 52 kg p0/0; settles 16 (16 ok), regrids 13 (13 ok); wall 88 s of 300 (plan 70, price 0, settle 18; budget hit None, 0 unsettled)
[13:17:03]     settle  3: 298 @   1069 d -> ok lintwin tank 608.9 (+5.0) miss 70 km (1.7 s)
[13:17:03]     settle  4:  10 @    885 d -> ok lintwin tank 640.8 (+5.3) miss 82 km (0.6 s)
[13:17:03]   job s01_c1 craft columns  13  levels 10  settles 16/16  end plan_done  wall 87.9 s
[13:17:03]     settle  5:  88 @    960 d -> ok lintwin tank 644.3 (+10.4) miss 14 km (0.5 s)
[13:17:03]     settle  2: 135 @    655 d -> ok lintwin tank 616.1 (+14.6) miss 1 km (0.6 s)
[13:17:03]     settle  3:   2 @    786 d -> FAIL [('lam', 7648339.7)] (6.2 s)
[13:17:03]     settle  3: 224 @    824 d -> ok lintwin tank 611.7 (+9.9) miss 0 km (0.2 s)
[13:17:03]     settle  5: 134 @    862 d -> ok lintwin tank 641.3 (+7.5) miss 90 km (0.3 s)
[13:17:03]     settle  3:  97 @    820 d -> ok lintwin tank 624.0 (+21.8) miss 45 km (0.2 s)
[13:17:03]     settle  3: 260 @   1049 d -> ok lintwin tank 607.6 (+0.3) miss 1 km (0.2 s)
[13:17:03]     settle  4:  74 @    750 d -> ok lintwin tank 624.6 (+8.4) miss 6 km (1.2 s)
[13:17:04]     settle  4: 143 @    918 d -> ok lintwin tank 654.5 (+18.9) miss 63 km (1.1 s)
[13:17:04]     settle  3: 191 @    961 d -> ok lintwin tank 608.1 (+0.9) miss 24 km (0.2 s)
[13:17:04]     settle  3: 183 @   1068 d -> ok lintwin tank 614.2 (+10.3) miss 1 km (0.9 s)
[13:17:04]     settle  5: 294 @   1016 d -> ok lintwin tank 630.0 (+5.3) miss 4 km (0.9 s)
[13:17:05]     settle  3: 145 @    671 d -> ok lintwin tank 618.0 (+6.0) miss 13 km (0.2 s)
[13:17:05]     settle  6: 214 @   1069 d -> ok lintwin tank 645.1 (+3.8) miss 70 km (1.3 s)
[13:17:05]     settle  5: 264 @   1030 d -> ok lintwin tank 661.3 (+6.7) miss 82 km (0.7 s)
[13:17:05]     settle  4: 298 @   1066 d -> ok lintwin tank 622.3 (+4.3) miss 8 km (0.2 s)
[13:17:05]     settle  5:  99 @    799 d -> ok lintwin tank 628.0 (+3.4) miss 3 km (0.4 s)
[13:17:05]     settle  4: 183 @   1074 d -> ok lintwin tank 623.0 (+4.9) miss 10 km (0.4 s)
[13:17:05]     settle  3:  30 @    851 d -> ok lintwin tank 627.8 (+6.0) miss 1 km (1.1 s)
[13:17:06]     settle  5: 134 @    862 d -> ok lintwin tank 672.0 (+11.4) miss 71 km (1.1 s)
[13:17:06]     settle  4:  74 @    755 d -> ok lintwin tank 624.3 (+8.1) miss 2 km (1.0 s)
[13:17:06]     settle  4:  80 @   1061 d -> ok lintwin tank 628.5 (+16.9) miss 21 km (0.6 s)
[13:17:06]   1 candidates dropped (settle failure / regrid failure / duplicate after truncation)
[13:17:06] RESULT s01_c6: 15 columns; frontier 1fb 0 kg p2/2 | 2fb 7 kg p1/2 | 3fb 21 kg p1/2; settles 18 (16 ok), regrids 15 (15 ok); wall 92 s of 300 (plan 72, price 0, settle 19; budget hit None, 0 unsettled)
[13:17:06]     settle  3:  55 @    904 d -> ok lintwin tank 620.0 (+12.8) miss 67 km (0.9 s)
[13:17:06]     settle  5: 264 @   1020 d -> ok lintwin tank 661.8 (+21.0) miss 80 km (1.5 s)
[13:17:07]   1 candidates dropped (settle failure / regrid failure / duplicate after truncation)
[13:17:07] RESULT s01_c3: 15 columns; frontier 1fb 2 kg p0/2 | 2fb 39 kg p2/2 | 3fb 60 kg p2/2; settles 17 (17 ok), regrids 15 (15 ok); wall 92 s of 300 (plan 77, price 0, settle 15; budget hit None, 0 unsettled)
[13:17:07]     settle  4:  27 @   1030 d -> ok lintwin tank 622.5 (+2.4) miss 1 km (0.3 s)
[13:17:07]   job s01_c3 craft columns  15  levels 10  settles 17/17  end plan_done  wall 92.0 s
[13:17:07]   job s01_c6 craft columns  15  levels 10  settles 16/18  end plan_done  wall 91.7 s
[13:17:07]     settle  6: 194 @   1055 d -> ok lintwin tank 684.0 (+12.1) miss 62 km (1.0 s)
[13:17:07]     settle  5: 289 @    888 d -> ok lintwin tank 676.4 (+15.9) miss 72 km (0.5 s)
[13:17:07]     settle  5: 234 @   1006 d -> ok lintwin tank 639.4 (+15.2) miss 7 km (1.5 s)
[13:17:08]     settle  6:  90 @   1053 d -> ok lintwin tank 677.6 (+1.2) miss 66 km (0.5 s)
[13:17:08] RESULT s01_c4: 16 columns; frontier 1fb 4 kg p0/3 | 2fb 30 kg p0/3 | 3fb 37 kg p0/2; settles 19 (19 ok), regrids 16 (16 ok); wall 94 s of 300 (plan 79, price 0, settle 15; budget hit None, 0 unsettled)
[13:17:08]     settle  6: 260 @   1057 d -> ok lintwin tank 634.8 (+6.8) miss 18 km (0.2 s)
[13:17:09]   job s01_c4 craft columns  16  levels 11  settles 19/19  end plan_done  wall 93.6 s
[13:17:09]     settle  5:  95 @    811 d -> ok lintwin tank 630.4 (+5.8) miss 1 km (0.4 s)
[13:17:10]     settle  6: 177 @   1011 d -> ok lintwin tank 639.5 (+9.1) miss 30 km (0.8 s)
[13:17:10]     settle  3:  63 @    938 d -> FAIL [('lam', 11655554.9)] (7.1 s)
[13:17:11]     settle  4:  74 @    745 d -> ok lintwin tank 624.8 (+8.6) miss 5 km (1.1 s)
[13:17:11]     settle  3: 266 @    814 d -> ok lintwin tank 629.3 (+27.1) miss 51 km (0.5 s)
[13:17:11]     settle  5:  99 @    795 d -> ok lintwin tank 628.1 (+3.3) miss 1 km (0.4 s)
[13:17:12]     settle  6: 234 @   1011 d -> ok lintwin tank 642.4 (+14.3) miss 16 km (0.5 s)
[13:17:12] RESULT s01_c0: 16 columns; frontier 1fb 2 kg p0/2 | 2fb 9 kg p1/2 | 3fb 19 kg p0/1; settles 21 (21 ok), regrids 16 (16 ok); wall 97 s of 300 (plan 78, price 0, settle 19; budget hit None, 0 unsettled)
[13:17:12]     settle  3: 134 @    860 d -> FAIL [('lam', 4963205.5)] (5.5 s)
[13:17:13]   job s01_c0 craft columns  16  levels 12  settles 21/21  end plan_done  wall 97.4 s
[13:17:13]     settle  4:  55 @    906 d -> ok lintwin tank 631.0 (+3.2) miss 7 km (0.7 s)
[13:17:13]     settle  5:  27 @   1028 d -> ok lintwin tank 633.5 (+2.5) miss 55 km (0.2 s)
[13:17:14]     settle  3: 175 @    750 d -> ok lintwin tank 627.8 (+11.7) miss 62 km (0.5 s)
[13:17:14]     settle  4:  55 @    909 d -> ok lintwin tank 643.6 (+15.7) miss 41 km (0.2 s)
[13:17:15]     settle  5:  27 @   1027 d -> ok lintwin tank 649.2 (+5.6) miss 25 km (0.2 s)
[13:17:15]   1 candidates dropped (settle failure / regrid failure / duplicate after truncation)
[13:17:15] RESULT s01_c5: 15 columns; frontier 1fb 0 kg p3/3 | 2fb 6 kg p0/1 | 3fb 21 kg p1/1 | 4fb 32 kg p1/1; settles 20 (18 ok), regrids 15 (15 ok); wall 100 s of 300 (plan 82, price 0, settle 18; budget hit None, 0 unsettled)
[13:17:15]   job s01_c5 craft columns  15  levels 11  settles 18/20  end plan_done  wall 100.1 s
[13:17:16]     settle  3:  56 @    729 d -> FAIL [('lam', 6885240.0)] (5.2 s)
[13:17:17]     settle  3:   3 @    707 d -> ok lintwin tank 639.8 (+37.6) miss 77 km (1.2 s)
[13:17:18]     settle  3: 110 @    874 d -> ok lintwin tank 629.4 (+27.1) miss 18 km (0.3 s)
[13:17:21]     settle  4:  80 @   1060 d -> FAIL [('lam', 73803715.1)] (2.5 s)
[13:17:21]     settle  4: 260 @   1056 d -> ok lintwin tank 633.8 (+19.8) miss 7 km (0.6 s)
[13:17:22]   5 candidates dropped (settle failure / regrid failure / duplicate after truncation)
[13:17:22] RESULT s01_c2: 11 columns; frontier 1fb 3 kg p0/2 | 2fb 32 kg p1/1; settles 18 (11 ok), regrids 11 (11 ok); wall 107 s of 300 (plan 69, price 0, settle 38; budget hit None, 0 unsettled)
[13:17:23]   job s01_c2 craft columns  11  levels 10  settles 11/18  end plan_done  wall 107.0 s
[13:17:23] [slice 1] propose: 113 columns (0 bad dropped) in 108.2 s
[13:17:23] [slice 1] auction: 113 columns, kept 113, dropped {}; lam 1.00 H_eff 540 d fuel budget 482 kg quota on prize bonus on 56 targets
[13:17:23] [slice 1] auction: status optimal objective 37.235 vars 113 rows 51 chosen 8 fuel 259/482 kg (0.009 s)
[13:17:25] [slice 1] claims: c1:1 c2:1 c3:2 c6:1  (5 targets: 0 kept, 5 new; 9 released, 0 expired (ttl 4), 0 conflicts)
[13:17:25] [slice 1 T=540 d] launched 8/8  covered 37  remaining 261  fuel 295 kg  sumJi 8.2170  chosen: c0:3(+26) c1:2(+2) c2:2(+32) c3:3(+60) c4:3(+37) c5:4(+48) c6:3(+27) c7:2(+28)  rejected: -  (wall 110 s)
[13:17:25] [slice 2] claims in force: c1:1 c2:1 c3:2 c6:1  (5 targets; claim_bonus 1.0, ttl 4)
[13:17:25]   c0: claims: 0 own (prized +1.0), 5 claimed by others withheld
[13:17:25]   c1: claims: 1 own (prized +1.0), 4 claimed by others withheld
[13:17:25]   c2: claims: 1 own (prized +1.0), 4 claimed by others withheld
[13:17:25]   c3: claims: 2 own (prized +1.0), 3 claimed by others withheld
[13:17:25]   c4: claims: 0 own (prized +1.0), 5 claimed by others withheld
[13:17:25]   c5: claims: 0 own (prized +1.0), 5 claimed by others withheld
[13:17:25]   c6: claims: 1 own (prized +1.0), 4 claimed by others withheld
[13:17:25]   c7: claims: 0 own (prized +1.0), 5 claimed by others withheld
[13:17:25] [slice 2 T=1080 d] propose: 8 jobs (8 craft, 0 root) on 9 workers, proposer planbeam, H_eff 540 d, lam 1.0
[13:17:25] job s02_c4 (craft, craft 4, planbeam): T 1080 d H 540 L 360; plan horizon 2700 d; remaining 256; prize >1 on 55; width 150 npt 6 mc 150 dv 1.2 drmax 0.15 plan_wall 240 s; quota {'fil': 11, 'med': 13}
[13:17:25] job s02_c1 (craft, craft 1, planbeam): T 1080 d H 540 L 360; plan horizon 2700 d; remaining 257; prize >1 on 56; width 150 npt 6 mc 150 dv 1.2 drmax 0.15 plan_wall 240 s; quota {'fil': 11, 'med': 16}
[13:17:25] job s02_c0 (craft, craft 0, planbeam): T 1080 d H 540 L 360; plan horizon 2700 d; remaining 256; prize >1 on 55; width 150 npt 6 mc 150 dv 1.2 drmax 0.15 plan_wall 240 s; quota {'fil': 11, 'med': 16}
[13:17:25] job s02_c3 (craft, craft 3, planbeam): T 1080 d H 540 L 360; plan horizon 2700 d; remaining 258; prize >1 on 57; width 150 npt 6 mc 150 dv 1.2 drmax 0.15 plan_wall 240 s; quota {'fil': 10, 'med': 16}
[13:17:25] job s02_c2 (craft, craft 2, planbeam): T 1080 d H 540 L 360; plan horizon 2700 d; remaining 257; prize >1 on 56; width 150 npt 6 mc 150 dv 1.2 drmax 0.15 plan_wall 240 s; quota {'fil': 11, 'med': 15}
[13:17:25] job s02_c6 (craft, craft 6, planbeam): T 1080 d H 540 L 360; plan horizon 2700 d; remaining 257; prize >1 on 56; width 150 npt 6 mc 150 dv 1.2 drmax 0.15 plan_wall 240 s; quota {'fil': 11, 'med': 16}
[13:17:25] job s02_c7 (craft, craft 7, planbeam): T 1080 d H 540 L 360; plan horizon 2700 d; remaining 256; prize >1 on 55; width 150 npt 6 mc 150 dv 1.2 drmax 0.15 plan_wall 240 s; quota {'fil': 12, 'med': 15}
[13:17:25] job s02_c5 (craft, craft 5, planbeam): T 1080 d H 540 L 360; plan horizon 2700 d; remaining 256; prize >1 on 55; width 150 npt 6 mc 150 dv 1.2 drmax 0.15 plan_wall 240 s; quota {'fil': 11, 'med': 14}
[13:17:25] prefix slices/s02/in/craft_7.npz: 4 flybys, t_end 1065.4 d, tank 631.3 kg (planner view), miss 70.8 km, nreg 46
[13:17:25] budget: job_wall 300 s, 300 s left before the plan -> plan cap 210 s (plan_wall 240, settle_reserve 90)
[13:17:25] prefix slices/s02/in/craft_5.npz: 5 flybys, t_end 1027.1 d, tank 649.0 kg (planner view), miss 0.3 km, nreg 50
[13:17:25] budget: job_wall 300 s, 300 s left before the plan -> plan cap 210 s (plan_wall 240, settle_reserve 90)
[13:17:25] prefix slices/s02/in/craft_0.npz: 6 flybys, t_end 1010.9 d, tank 642.3 kg (planner view), miss 0.1 km, nreg 53
[13:17:25] budget: job_wall 300 s, 300 s left before the plan -> plan cap 210 s (plan_wall 240, settle_reserve 90)
[13:17:25] prefix slices/s02/in/craft_6.npz: 4 flybys, t_end 1060.3 d, tank 628.4 kg (planner view), miss 3.1 km, nreg 50
[13:17:25] budget: job_wall 300 s, 300 s left before the plan -> plan cap 210 s (plan_wall 240, settle_reserve 90)
[13:17:25] prefix slices/s02/in/craft_3.npz: 5 flybys, t_end 1030.1 d, tank 661.2 kg (planner view), miss 68.4 km, nreg 51
[13:17:25] budget: job_wall 300 s, 300 s left before the plan -> plan cap 210 s (plan_wall 240, settle_reserve 90)
[13:17:25] prefix slices/s02/in/craft_1.npz: 3 flybys, t_end 981.9 d, tank 603.1 kg (planner view), miss 0.2 km, nreg 51
[13:17:25] budget: job_wall 300 s, 300 s left before the plan -> plan cap 210 s (plan_wall 240, settle_reserve 90)
[13:17:25] prefix slices/s02/in/craft_4.npz: 6 flybys, t_end 1067.5 d, tank 645.1 kg (planner view), miss 69.8 km, nreg 52
[13:17:25] budget: job_wall 300 s, 300 s left before the plan -> plan cap 210 s (plan_wall 240, settle_reserve 90)
[13:17:25] prefix slices/s02/in/craft_2.npz: 4 flybys, t_end 1055.7 d, tank 634.1 kg (planner view), miss 1.8 km, nreg 54
[13:17:25] budget: job_wall 300 s, 300 s left before the plan -> plan cap 210 s (plan_wall 240, settle_reserve 90)
[13:17:33] first level (both): 0 production + 73 relaxed (dv 2.5, 0.3 AU; 0.1 s) + 96 lintwin children -> 133 unique (7.9 s)
[13:17:33] plan start: prefix 4 flybys, t_end 1065.4 d, planner mass 1524.5 kg (dv 1.896 km/s); 133 first-level states
[13:17:33] first level (both): 0 production + 92 relaxed (dv 2.5, 0.3 AU; 0.1 s) + 94 lintwin children -> 138 unique (8.2 s)
[13:17:33] plan start: prefix 5 flybys, t_end 1027.1 d, planner mass 1482.8 kg (dv 2.984 km/s); 138 first-level states
[13:17:34] first level (both): 0 production + 52 relaxed (dv 2.5, 0.3 AU; 0.1 s) + 98 lintwin children -> 120 unique (8.9 s)
[13:17:34] plan start: prefix 3 flybys, t_end 981.9 d, planner mass 1595.8 kg (dv 0.104 km/s); 120 first-level states
[13:17:34] first level (both): 0 production + 104 relaxed (dv 2.5, 0.3 AU; 0.1 s) + 86 lintwin children -> 134 unique (8.9 s)
[13:17:34] plan start: prefix 6 flybys, t_end 1067.5 d, planner mass 1492.0 kg (dv 2.743 km/s); 134 first-level states
[13:17:34] first level (both): 0 production + 47 relaxed (dv 2.5, 0.3 AU; 0.1 s) + 76 lintwin children -> 105 unique (9.3 s)
[13:17:34] plan start: prefix 4 flybys, t_end 1055.7 d, planner mass 1517.8 kg (dv 2.069 km/s); 105 first-level states
[13:17:34] first level (both): 0 production + 83 relaxed (dv 2.5, 0.3 AU; 0.1 s) + 106 lintwin children -> 152 unique (9.3 s)
[13:17:34] plan start: prefix 6 flybys, t_end 1010.9 d, planner mass 1498.4 kg (dv 2.573 km/s); 152 first-level states
[13:17:34] first level (both): 0 production + 91 relaxed (dv 2.5, 0.3 AU; 0.1 s) + 105 lintwin children -> 162 unique (9.4 s)
[13:17:34] plan start: prefix 5 flybys, t_end 1030.1 d, planner mass 1455.5 kg (dv 3.712 km/s); 162 first-level states
[13:17:34] first level (both): 0 production + 81 relaxed (dv 2.5, 0.3 AU; 0.1 s) + 103 lintwin children -> 149 unique (9.5 s)
[13:17:34] plan start: prefix 4 flybys, t_end 1060.3 d, planner mass 1531.4 kg (dv 1.719 km/s); 149 first-level states
[13:18:23] plan: 1051 states, depth 9 new flybys, end plan_done (58 s); deepest 9 new to 2615 d at planner fuel 371 kg
[13:18:23]   depth  1:  133 states (102 in H), t_end 1098-1739 d, fuel 79-187 kg
[13:18:23]   depth  2:  150 states (41 in H), t_end 1296-2262 d, fuel 113-226 kg
[13:18:23]   depth  3:  150 states (6 in H), t_end 1502-2690 d, fuel 145-273 kg
[13:18:23]   depth  4:  150 states (0 in H), t_end 1741-2700 d, fuel 168-313 kg
[13:18:23]   depth  5:  150 states (0 in H), t_end 1911-2699 d, fuel 183-341 kg
[13:18:23]   depth  6:  150 states (0 in H), t_end 2240-2699 d, fuel 251-384 kg
[13:18:23]   depth  7:  105 states (0 in H), t_end 2424-2699 d, fuel 298-423 kg
[13:18:23]   depth  8:   56 states (0 in H), t_end 2514-2696 d, fuel 321-456 kg
[13:18:23]   depth  9:    7 states (0 in H), t_end 2615-2697 d, fuel 371-410 kg
[13:18:23] candidates: 95 distinct committed target sets (n_new 1-3, potential 0-3)
[13:18:23] frontier: 16 candidates chosen (n fb / committed planner kg / continuation (lookahead) [full]; pot_mode lookahead, pot_cap None): 1fb/85kg/p0(0)[0], 1fb/86kg/p1(1)[1], 1fb/87kg/p2(0)[2], 1fb/130kg/p3(1)[3], 1fb/132kg/p4(3)[4], 1fb/146kg/p2(2)[2], 1fb/147kg/p3(2)[3], 1fb/153kg/p2(2)[2], 1fb/162kg/p2(1)[2], 1fb/174kg/p3(2)[3], 2fb/128kg/p1(0)[1], 2fb/141kg/p2(2)[2], 2fb/181kg/p3(3)[3], 3fb/169kg/p0(0)[0], 3fb/199kg/p1(1)[1], 3fb/201kg/p0(0)[0]
[13:18:23] budget: 242 s of 300 left for the settles + regrids (settle_wall 480)
[13:18:23] plan: 1028 states, depth 9 new flybys, end plan_done (58 s); deepest 9 new to 2687 d at planner fuel 439 kg
[13:18:23]   depth  1:  134 states (116 in H), t_end 1160-1734 d, fuel 120-216 kg
[13:18:23]   depth  2:  150 states (71 in H), t_end 1356-2223 d, fuel 149-260 kg
[13:18:23]   depth  3:  150 states (5 in H), t_end 1559-2466 d, fuel 178-273 kg
[13:18:23]   depth  4:  150 states (0 in H), t_end 1785-2689 d, fuel 203-304 kg
[13:18:23]   depth  5:  150 states (0 in H), t_end 2166-2695 d, fuel 220-344 kg
[13:18:23]   depth  6:  150 states (0 in H), t_end 2364-2696 d, fuel 241-379 kg
[13:18:23]   depth  7:  115 states (0 in H), t_end 2503-2699 d, fuel 267-417 kg
[13:18:23]   depth  8:   27 states (0 in H), t_end 2583-2699 d, fuel 335-434 kg
[13:18:23]   depth  9:    2 states (0 in H), t_end 2687-2691 d, fuel 439-454 kg
[13:18:23] candidates: 108 distinct committed target sets (n_new 1-3, potential 0-3)
[13:18:23] frontier: 16 candidates chosen (n fb / committed planner kg / continuation (lookahead) [full]; pot_mode lookahead, pot_cap None): 1fb/120kg/p1(1)[1], 1fb/123kg/p1(1)[1], 1fb/141kg/p3(3)[3], 1fb/152kg/p3(2)[3], 1fb/177kg/p2(0)[2], 1fb/181kg/p2(2)[2], 1fb/183kg/p2(0)[2], 1fb/188kg/p2(0)[2], 1fb/197kg/p2(2)[2], 1fb/200kg/p2(2)[2], 2fb/156kg/p0(0)[0], 2fb/162kg/p2(2)[2], 2fb/167kg/p0(0)[0], 3fb/224kg/p0(0)[0], 3fb/235kg/p0(0)[0], 3fb/237kg/p0(0)[0]
[13:18:23] budget: 242 s of 300 left for the settles + regrids (settle_wall 480)
[13:18:23]     settle  5: 195 @   1608 d -> ok lintwin tank 634.8 (+3.5) miss 29 km (0.3 s)
[13:18:24]     settle  5: 206 @   1424 d -> ok lintwin tank 636.0 (+4.7) miss 36 km (0.3 s)
[13:18:24] plan: 1062 states, depth 9 new flybys, end plan_done (59 s); deepest 9 new to 2681 d at planner fuel 346 kg
[13:18:24]   depth  1:  120 states (99 in H), t_end 1100-1726 d, fuel 10-122 kg
[13:18:24]   depth  2:  150 states (64 in H), t_end 1245-2164 d, fuel 49-161 kg
[13:18:24]   depth  3:  150 states (33 in H), t_end 1430-2232 d, fuel 87-207 kg
[13:18:24]   depth  4:  150 states (0 in H), t_end 1660-2682 d, fuel 110-239 kg
[13:18:24]   depth  5:  150 states (0 in H), t_end 2095-2480 d, fuel 143-264 kg
[13:18:24]   depth  6:  150 states (0 in H), t_end 2335-2698 d, fuel 227-306 kg
[13:18:24]   depth  7:  150 states (0 in H), t_end 2445-2699 d, fuel 245-341 kg
[13:18:24]   depth  8:   38 states (0 in H), t_end 2552-2699 d, fuel 290-359 kg
[13:18:24]   depth  9:    4 states (0 in H), t_end 2672-2687 d, fuel 346-389 kg
[13:18:24] candidates: 118 distinct committed target sets (n_new 1-3, potential 0-2)
[13:18:24] frontier: 16 candidates chosen (n fb / committed planner kg / continuation (lookahead) [full]; pot_mode lookahead, pot_cap None): 1fb/15kg/p0(0)[0], 1fb/18kg/p0(0)[0], 1fb/26kg/p1(0)[1], 1fb/36kg/p1(0)[1], 1fb/54kg/p3(1)[3], 1fb/68kg/p3(2)[3], 1fb/80kg/p2(1)[2], 1fb/81kg/p2(2)[2], 1fb/97kg/p2(2)[2], 2fb/49kg/p0(0)[0], 2fb/59kg/p0(0)[0], 2fb/73kg/p2(1)[2], 2fb/84kg/p2(1)[2], 3fb/87kg/p1(1)[1], 3fb/95kg/p1(1)[1], 3fb/107kg/p1(1)[1]
[13:18:24] budget: 241 s of 300 left for the settles + regrids (settle_wall 480)
[13:18:25]     settle  7: 194 @   1595 d -> ok lintwin tank 647.0 (+1.9) miss 74 km (1.8 s)
[13:18:25]     settle  4: 165 @   1470 d -> ok lintwin tank 609.0 (+5.9) miss 2 km (1.2 s)
[13:18:26]     settle  4:  73 @   1480 d -> ok lintwin tank 606.3 (+3.2) miss 3 km (0.8 s)
[13:18:27]     settle  7:  22 @   1383 d -> ok lintwin tank 648.3 (+3.2) miss 63 km (1.6 s)
[13:18:27] plan: 1085 states, depth 9 new flybys, end plan_done (62 s); deepest 9 new to 2670 d at planner fuel 387 kg
[13:18:27]   depth  1:  152 states (127 in H), t_end 1105-1729 d, fuel 104-211 kg
[13:18:27]   depth  2:  150 states (83 in H), t_end 1384-1944 d, fuel 125-248 kg
[13:18:27]   depth  3:  150 states (6 in H), t_end 1493-2346 d, fuel 176-277 kg
[13:18:27]   depth  4:  150 states (0 in H), t_end 1859-2700 d, fuel 209-314 kg
[13:18:27]   depth  5:  150 states (0 in H), t_end 2002-2696 d, fuel 227-354 kg
[13:18:27]   depth  6:  150 states (0 in H), t_end 2101-2699 d, fuel 263-391 kg
[13:18:27]   depth  7:  141 states (0 in H), t_end 2367-2700 d, fuel 295-428 kg
[13:18:27]   depth  8:   39 states (0 in H), t_end 2465-2699 d, fuel 339-418 kg
[13:18:27]   depth  9:    3 states (0 in H), t_end 2670-2689 d, fuel 387-398 kg
[13:18:27] candidates: 105 distinct committed target sets (n_new 1-3, potential 0-2)
[13:18:27] frontier: 16 candidates chosen (n fb / committed planner kg / continuation (lookahead) [full]; pot_mode lookahead, pot_cap None): 1fb/104kg/p1(1)[1], 1fb/106kg/p1(1)[1], 1fb/131kg/p2(0)[2], 1fb/133kg/p2(1)[2], 1fb/136kg/p2(1)[2], 1fb/138kg/p2(1)[2], 1fb/153kg/p2(1)[2], 1fb/155kg/p3(2)[3], 1fb/157kg/p2(1)[2], 1fb/169kg/p3(2)[3], 2fb/140kg/p0(0)[0], 2fb/147kg/p1(1)[1], 2fb/176kg/p2(2)[2], 3fb/180kg/p0(0)[0], 3fb/188kg/p0(0)[0], 3fb/211kg/p0(0)[0]
[13:18:27] budget: 238 s of 300 left for the settles + regrids (settle_wall 480)
[13:18:28]     settle  7:  39 @   1445 d -> ok lintwin tank 643.3 (+1.0) miss 16 km (0.2 s)
[13:18:28] plan: 1181 states, depth 9 new flybys, end plan_done (63 s); deepest 9 new to 2694 d at planner fuel 333 kg
[13:18:28]   depth  1:  105 states (82 in H), t_end 1105-1722 d, fuel 85-194 kg
[13:18:28]   depth  2:  150 states (19 in H), t_end 1294-2103 d, fuel 105-230 kg
[13:18:28]   depth  3:  150 states (0 in H), t_end 1647-2140 d, fuel 135-245 kg
[13:18:28]   depth  4:  150 states (0 in H), t_end 1791-2527 d, fuel 169-277 kg
[13:18:28]   depth  5:  150 states (0 in H), t_end 1997-2700 d, fuel 193-307 kg
[13:18:28]   depth  6:  150 states (0 in H), t_end 2121-2700 d, fuel 213-349 kg
[13:18:28]   depth  7:  150 states (0 in H), t_end 2220-2700 d, fuel 223-386 kg
[13:18:28]   depth  8:  150 states (0 in H), t_end 2474-2697 d, fuel 277-416 kg
[13:18:28]   depth  9:   26 states (0 in H), t_end 2550-2699 d, fuel 333-452 kg
[13:18:28] candidates: 59 distinct committed target sets (n_new 1-2, potential 0-3)
[13:18:28] frontier: 16 candidates chosen (n fb / committed planner kg / continuation (lookahead) [full]; pot_mode lookahead, pot_cap None): 1fb/97kg/p1(1)[1], 1fb/98kg/p0(0)[0], 1fb/99kg/p1(1)[1], 1fb/102kg/p1(0)[1], 1fb/102kg/p3(3)[3], 1fb/109kg/p1(1)[1], 1fb/110kg/p1(1)[1], 1fb/111kg/p1(1)[1], 1fb/118kg/p1(1)[1], 1fb/118kg/p1(1)[1], 1fb/119kg/p1(1)[1], 1fb/153kg/p2(2)[2], 1fb/156kg/p2(1)[2], 2fb/105kg/p1(1)[1], 2fb/134kg/p1(1)[1], 2fb/172kg/p2(2)[2]
[13:18:28] budget: 237 s of 300 left for the settles + regrids (settle_wall 480)
[13:18:28]     settle  7:  70 @   1491 d -> ok lintwin tank 644.9 (+2.6) miss 11 km (0.2 s)
[13:18:28]     settle  7: 140 @   1365 d -> ok lintwin tank 657.5 (+12.5) miss 70 km (1.0 s)
[13:18:29]     settle  7:  41 @   1208 d -> ok lintwin tank 654.3 (+12.0) miss 9 km (0.4 s)
[13:18:29]     settle  7: 299 @   1327 d -> ok lintwin tank 654.2 (+11.9) miss 19 km (0.7 s)
[13:18:29]     settle  5: 222 @   1576 d -> ok lintwin tank 652.4 (+18.3) miss 67 km (1.6 s)
[13:18:30]     settle  7:  84 @   1235 d -> ok lintwin tank 661.4 (+16.3) miss 72 km (1.4 s)
[13:18:30]     settle  7: 183 @   1303 d -> ok lintwin tank 654.1 (+11.8) miss 7 km (0.6 s)
[13:18:30]     settle  5: 297 @   1582 d -> ok lintwin tank 638.5 (+4.4) miss 65 km (0.6 s)
[13:18:30]     settle  4: 170 @   1130 d -> ok lin tank 625.0 (+21.9) miss 66 km (3.9 s)
[13:18:31]     settle  7: 238 @   1283 d -> ok lintwin tank 670.9 (+25.8) miss 72 km (1.1 s)
[13:18:31]     settle  5:  45 @   1350 d -> ok lam tank 646.3 (+15.0) miss 83 km (6.9 s)
[13:18:31]     settle  5: 230 @   1575 d -> ok lintwin tank 643.9 (+9.8) miss 68 km (0.8 s)
[13:18:32]     settle  7: 127 @   1404 d -> ok lintwin tank 656.7 (+14.4) miss 31 km (1.2 s)
[13:18:32] plan: 1195 states, depth 10 new flybys, end plan_done (67 s); deepest 10 new to 2700 d at planner fuel 398 kg
[13:18:32]   depth  1:  138 states (119 in H), t_end 1186-1740 d, fuel 122-225 kg
[13:18:32]   depth  2:  150 states (39 in H), t_end 1441-2118 d, fuel 132-267 kg
[13:18:32]   depth  3:  150 states (5 in H), t_end 1586-2458 d, fuel 159-300 kg
[13:18:32]   depth  4:  150 states (0 in H), t_end 1659-2688 d, fuel 208-323 kg
[13:18:32]   depth  5:  150 states (0 in H), t_end 1898-2691 d, fuel 234-359 kg
[13:18:32]   depth  6:  150 states (0 in H), t_end 2289-2693 d, fuel 269-384 kg
[13:18:32]   depth  7:  150 states (0 in H), t_end 2358-2700 d, fuel 289-408 kg
[13:18:32]   depth  8:  123 states (0 in H), t_end 2458-2700 d, fuel 307-439 kg
[13:18:32]   depth  9:   33 states (0 in H), t_end 2536-2700 d, fuel 346-455 kg
[13:18:32]   depth 10:    1 states (0 in H), t_end 2700-2700 d, fuel 398-398 kg
[13:18:32] candidates: 87 distinct committed target sets (n_new 1-3, potential 0-3)
[13:18:32] frontier: 16 candidates chosen (n fb / committed planner kg / continuation (lookahead) [full]; pot_mode lookahead, pot_cap None): 1fb/124kg/p1(0)[1], 1fb/127kg/p1(1)[1], 1fb/129kg/p2(1)[2], 1fb/136kg/p2(0)[2], 1fb/142kg/p2(1)[2], 1fb/145kg/p2(2)[2], 1fb/155kg/p2(2)[2], 1fb/156kg/p2(2)[2], 1fb/157kg/p2(1)[2], 1fb/190kg/p4(3)[4], 2fb/142kg/p1(0)[1], 2fb/144kg/p0(0)[0], 2fb/221kg/p3(3)[3], 3fb/159kg/p0(0)[0], 3fb/166kg/p0(0)[0], 3fb/261kg/p1(1)[1]
[13:18:32] budget: 233 s of 300 left for the settles + regrids (settle_wall 480)
[13:18:32]     settle  4: 153 @   1130 d -> ok lintwin tank 616.3 (+13.2) miss 14 km (1.3 s)
[13:18:32]     settle  5:  18 @   1130 d -> ok lintwin tank 642.5 (+8.5) miss 1 km (0.6 s)
[13:18:32]     settle  6:   9 @   1303 d -> ok lintwin tank 651.3 (+2.2) miss 46 km (0.6 s)
[13:18:33]     settle  6: 281 @   1535 d -> ok lintwin tank 654.5 (+5.5) miss 78 km (0.4 s)
[13:18:33]     settle  5:  56 @   1301 d -> ok lintwin tank 642.2 (+8.2) miss 5 km (0.7 s)
[13:18:33]     settle  7: 226 @   1305 d -> ok lintwin tank 666.1 (+23.8) miss 17 km (1.4 s)
[13:18:34] plan: 1204 states, depth 9 new flybys, end plan_done (69 s); deepest 9 new to 2683 d at planner fuel 383 kg
[13:18:34]   depth  1:  162 states (138 in H), t_end 1142-1724 d, fuel 147-252 kg
[13:18:34]   depth  2:  150 states (73 in H), t_end 1308-2197 d, fuel 180-297 kg
[13:18:34]   depth  3:  150 states (3 in H), t_end 1488-2445 d, fuel 194-331 kg
[13:18:34]   depth  4:  150 states (0 in H), t_end 1678-2631 d, fuel 230-356 kg
[13:18:34]   depth  5:  150 states (0 in H), t_end 1899-2700 d, fuel 268-378 kg
[13:18:34]   depth  6:  150 states (0 in H), t_end 2280-2700 d, fuel 278-416 kg
[13:18:34]   depth  7:  150 states (0 in H), t_end 2417-2698 d, fuel 297-439 kg
[13:18:34]   depth  8:  123 states (0 in H), t_end 2517-2698 d, fuel 342-465 kg
[13:18:34]   depth  9:   19 states (0 in H), t_end 2631-2698 d, fuel 383-462 kg
[13:18:34] candidates: 112 distinct committed target sets (n_new 1-3, potential 0-3)
[13:18:34] frontier: 16 candidates chosen (n fb / committed planner kg / continuation (lookahead) [full]; pot_mode lookahead, pot_cap None): 1fb/156kg/p0(0)[0], 1fb/160kg/p0(0)[0], 1fb/163kg/p3(2)[3], 1fb/172kg/p2(0)[2], 1fb/180kg/p2(1)[2], 1fb/188kg/p2(2)[2], 1fb/197kg/p2(1)[2], 1fb/200kg/p2(1)[2], 1fb/221kg/p4(3)[4], 1fb/244kg/p3(1)[3], 2fb/182kg/p2(2)[2], 2fb/185kg/p1(1)[1], 2fb/250kg/p3(3)[3], 3fb/223kg/p0(0)[0], 3fb/225kg/p0(0)[0], 3fb/294kg/p1(1)[1]
[13:18:34] budget: 231 s of 300 left for the settles + regrids (settle_wall 480)
[13:18:34]     settle  6:  37 @   1239 d -> ok lintwin tank 657.8 (+8.7) miss 70 km (0.5 s)
[13:18:34]     settle  7: 138 @   1439 d -> ok lintwin tank 678.5 (+33.4) miss 70 km (2.5 s)
[13:18:34]     settle  7:  43 @   1147 d -> ok lintwin tank 651.7 (+9.4) miss 2 km (0.3 s)
[13:18:34]   regrid FAIL (1 fb: miss 208 km, None, 3.0 s) -> column dropped
[13:18:34]     settle  6:  41 @   1211 d -> ok lintwin tank 657.8 (+8.8) miss 51 km (0.5 s)
[13:18:34]     settle  7:  49 @   1229 d -> ok lintwin tank 659.7 (+17.5) miss 3 km (0.5 s)
[13:18:34]     settle  5: 167 @   1533 d -> ok lintwin tank 641.4 (+7.3) miss 44 km (1.1 s)
[13:18:35]     settle  5: 248 @   1172 d -> ok lintwin tank 659.1 (+27.8) miss 36 km (0.9 s)
[13:18:35]     settle  6: 226 @   1306 d -> ok lintwin tank 660.4 (+11.3) miss 44 km (0.6 s)
[13:18:35]     settle  7:   9 @   1157 d -> ok lintwin tank 677.1 (+34.8) miss 40 km (0.5 s)
[13:18:35]     settle  6: 286 @   1582 d -> ok lintwin tank 687.2 (+26.0) miss 83 km (1.5 s)
[13:18:35]     settle  4: 229 @   1253 d -> ok lam tank 616.3 (+13.2) miss 0 km (3.3 s)
[13:18:36]     settle  7: 244 @   1296 d -> ok lintwin tank 671.5 (+26.5) miss 64 km (1.7 s)
[13:18:36]     settle  7:  87 @   1484 d -> ok lintwin tank 648.8 (+6.5) miss 39 km (0.4 s)
[13:18:36]     settle  8:  32 @   1582 d -> ok lintwin tank 650.4 (+1.6) miss 6 km (0.2 s)
[13:18:36]     settle  6: 156 @   1525 d -> ok lintwin tank 672.6 (+11.4) miss 65 km (0.6 s)
[13:18:36]     settle  5:  79 @   1542 d -> ok lintwin tank 650.4 (+16.3) miss 4 km (1.4 s)
[13:18:36] plan: 1341 states, depth 10 new flybys, end plan_done (71 s); deepest 10 new to 2696 d at planner fuel 400 kg
[13:18:36]   depth  1:  149 states (110 in H), t_end 1127-1769 d, fuel 70-180 kg
[13:18:36]   depth  2:  150 states (78 in H), t_end 1366-2260 d, fuel 101-218 kg
[13:18:36]   depth  3:  150 states (17 in H), t_end 1561-2141 d, fuel 123-252 kg
[13:18:36]   depth  4:  150 states (0 in H), t_end 1690-2661 d, fuel 167-276 kg
[13:18:36]   depth  5:  150 states (0 in H), t_end 1856-2634 d, fuel 214-299 kg
[13:18:36]   depth  6:  150 states (0 in H), t_end 2130-2700 d, fuel 252-337 kg
[13:18:36]   depth  7:  150 states (0 in H), t_end 2209-2696 d, fuel 276-364 kg
[13:18:36]   depth  8:  150 states (0 in H), t_end 2363-2700 d, fuel 287-396 kg
[13:18:36]   depth  9:  138 states (0 in H), t_end 2566-2699 d, fuel 345-431 kg
[13:18:36]   depth 10:    4 states (0 in H), t_end 2691-2696 d, fuel 400-442 kg
[13:18:36] candidates: 100 distinct committed target sets (n_new 1-3, potential 0-2)
[13:18:36] frontier: 16 candidates chosen (n fb / committed planner kg / continuation (lookahead) [full]; pot_mode lookahead, pot_cap None): 1fb/73kg/p1(1)[1], 1fb/75kg/p0(0)[0], 1fb/103kg/p4(2)[4], 1fb/121kg/p3(1)[3], 1fb/131kg/p2(2)[2], 1fb/136kg/p3(1)[3], 1fb/143kg/p4(2)[4], 1fb/149kg/p2(2)[2], 1fb/163kg/p2(1)[2], 2fb/101kg/p1(1)[1], 2fb/112kg/p1(1)[1], 2fb/128kg/p2(2)[2], 2fb/152kg/p3(2)[3], 3fb/157kg/p1(1)[1], 3fb/170kg/p1(1)[1], 3fb/191kg/p2(2)[2]
[13:18:36] budget: 229 s of 300 left for the settles + regrids (settle_wall 480)
[13:18:36]     settle  8: 209 @   1534 d -> ok lintwin tank 657.2 (+3.2) miss 5 km (0.3 s)
[13:18:37]     settle  6:  17 @   1309 d -> ok lintwin tank 667.2 (+6.0) miss 74 km (1.0 s)
[13:18:37]     settle  5:  65 @   1520 d -> ok lintwin tank 629.9 (+1.4) miss 1 km (1.1 s)
[13:18:38]     settle  6: 160 @   1542 d -> ok lintwin tank 690.5 (+41.4) miss 82 km (2.3 s)
[13:18:38]     settle  7: 153 @   1218 d -> ok lintwin tank 665.2 (+20.1) miss 56 km (1.8 s)
[13:18:38]     settle  6: 248 @   1174 d -> ok lintwin tank 677.8 (+16.5) miss 47 km (0.4 s)
[13:18:38]     settle  8: 138 @   1441 d -> ok lintwin tank 666.5 (+14.9) miss 9 km (1.3 s)
[13:18:39]     settle  7:  79 @   1547 d -> ok lintwin tank 667.9 (+22.9) miss 40 km (0.7 s)
[13:18:39]     settle  5: 194 @   1589 d -> ok lintwin tank 657.2 (+23.2) miss 97 km (2.2 s)
[13:18:39]     settle  6: 153 @   1232 d -> ok lintwin tank 675.1 (+13.9) miss 81 km (0.6 s)
[13:18:39]     settle  6: 209 @   1539 d -> ok lintwin tank 667.3 (+18.3) miss 6 km (1.3 s)
[13:18:39]     settle  8:  87 @   1486 d -> ok lintwin tank 665.9 (+11.7) miss 9 km (1.2 s)
[13:18:40]     settle  5: 195 @   1611 d -> ok lintwin tank 630.4 (+1.9) miss 1 km (1.9 s)
[13:18:40]     settle  9:  60 @   1587 d -> ok lintwin tank 672.2 (+6.2) miss 5 km (0.2 s)
[13:18:40]     settle  6: 272 @   1383 d -> ok lintwin tank 679.8 (+18.6) miss 68 km (1.1 s)
[13:18:40]     settle  7: 141 @   1237 d -> ok lintwin tank 657.4 (+12.3) miss 79 km (1.2 s)
[13:18:40]     settle  5:  40 @   1171 d -> ok lintwin tank 640.3 (+11.8) miss 20 km (0.3 s)
[13:18:40]     settle  6:  83 @   1475 d -> ok lintwin tank 668.7 (+19.6) miss 3 km (0.7 s)
[13:18:40]     settle  9: 137 @   1616 d -> ok lintwin tank 677.2 (+11.3) miss 39 km (0.2 s)
[13:18:41]     settle  8:  23 @   1387 d -> ok lintwin tank 680.9 (+3.8) miss 54 km (0.2 s)
[13:18:41]     settle  5: 259 @   1504 d -> ok lintwin tank 657.6 (+23.6) miss 83 km (1.8 s)
[13:18:41]     settle  4: 158 @   1269 d -> ok lam tank 623.2 (+20.1) miss 7 km (5.3 s)
[13:18:41]     settle  5: 142 @   1285 d -> ok lintwin tank 652.4 (+23.9) miss 6 km (0.6 s)
[13:18:41]     settle  6: 244 @   1310 d -> ok lintwin tank 673.9 (+12.6) miss 66 km (0.9 s)
[13:18:41]     settle  9:  65 @   1510 d -> ok lintwin tank 693.2 (+12.4) miss 81 km (0.7 s)
[13:18:42] RESULT s02_c0: 16 columns; frontier 1fb 1 kg p1/2 | 2fb 8 kg p0/2 | 3fb 30 kg p0/0; settles 19 (19 ok), regrids 16 (16 ok); wall 77 s of 300 (plan 62, price 0, settle 14; budget hit None, 0 unsettled)
[13:18:42]     settle  8: 194 @   1594 d -> ok lintwin tank 661.2 (+3.7) miss 70 km (1.4 s)
[13:18:42]     settle  5: 294 @   1546 d -> ok lintwin tank 639.8 (+5.8) miss 5 km (0.6 s)
[13:18:42]     settle  6:  79 @   1238 d -> ok lintwin tank 742.7 (+93.6) miss 2 km (2.1 s)
[13:18:42]     settle  5:  87 @   1448 d -> ok lintwin tank 644.7 (+16.3) miss 8 km (1.3 s)
[13:18:43]     settle  5:  13 @   1597 d -> ok lintwin tank 648.4 (+14.3) miss 0 km (0.9 s)
[13:18:43]   drift: leg 13@1597 d settled outside (T, T+H] -> column cut at 0
[13:18:43]     settle  8: 294 @   1515 d -> ok lintwin tank 661.6 (+0.2) miss 76 km (1.0 s)
[13:18:43]   job s02_c0 craft columns  16  levels 9  settles 19/19  end plan_done  wall 76.7 s
[13:18:43]     settle  5:   9 @   1297 d -> FAIL [('lam', 2319227.0)] (8.0 s)
[13:18:43]     settle  6: 160 @   1459 d -> ok lintwin tank 687.7 (+26.5) miss 92 km (2.1 s)
[13:18:44]     settle  4: 166 @   1252 d -> ok lintwin tank 611.9 (+8.8) miss 78 km (2.5 s)
[13:18:44]     settle  5: 127 @   1240 d -> ok lintwin tank 664.2 (+30.2) miss 65 km (0.8 s)
[13:18:44]     settle  5:  23 @   1385 d -> ok lam tank 659.8 (+28.5) miss 90 km (0.8 s)
[13:18:44]     settle  6: 248 @   1341 d -> ok lintwin tank 699.6 (+50.5) miss 0 km (1.9 s)
[13:18:45]     settle  5:  29 @   1241 d -> ok lintwin tank 686.6 (+58.2) miss 73 km (2.0 s)
[13:18:45]     settle  8: 298 @   1606 d -> ok lintwin tank 667.3 (+9.7) miss 60 km (1.6 s)
[13:18:45]     settle  7:  87 @   1481 d -> ok lintwin tank 658.0 (+0.2) miss 1 km (0.2 s)
[13:18:45]     settle  6: 103 @   1200 d -> ok lintwin tank 673.3 (+12.1) miss 70 km (1.5 s)
[13:18:45]     settle  5: 248 @   1311 d -> ok lintwin tank 666.3 (+32.2) miss 69 km (1.3 s)
[13:18:45]     settle  6: 183 @   1301 d -> ok lintwin tank 652.5 (+3.5) miss 6 km (0.2 s)
[13:18:45]     settle  7:  87 @   1481 d -> ok lintwin tank 655.1 (+2.6) miss 29 km (0.2 s)
[13:18:46]     settle  5:  60 @   1221 d -> ok lintwin tank 732.3 (+101.0) miss 100 km (1.5 s)
[13:18:46]     settle  6: 167 @   1533 d -> ok lintwin tank 647.0 (+4.8) miss 65 km (0.3 s)
[13:18:46]     settle  6: 293 @   1250 d -> ok lintwin tank 670.4 (+9.2) miss 67 km (0.9 s)
[13:18:46]     settle  8: 138 @   1439 d -> ok lintwin tank 681.1 (+9.5) miss 80 km (1.5 s)
[13:18:46]     settle  6: 222 @   1575 d -> ok lintwin tank 656.6 (+14.4) miss 11 km (0.5 s)
[13:18:47]     settle  7: 103 @   1515 d -> ok lintwin tank 675.2 (+8.0) miss 46 km (0.3 s)
[13:18:47]     settle  5:  56 @   1306 d -> ok lintwin tank 642.2 (+8.1) miss 4 km (0.5 s)
[13:18:48]     settle  7: 138 @   1441 d -> ok lintwin tank 815.8 (+116.2) miss 76 km (2.2 s)
[13:18:48]     settle  6: 293 @   1252 d -> ok lintwin tank 670.4 (+9.2) miss 75 km (1.0 s)
[13:18:48]     settle  6: 230 @   1575 d -> ok lintwin tank 653.1 (+10.9) miss 23 km (0.9 s)
[13:18:48]     settle  9: 182 @   1561 d -> ok lintwin tank 684.8 (+3.7) miss 84 km (1.8 s)
[13:18:48]     settle  7:  87 @   1486 d -> ok lintwin tank 680.6 (+10.2) miss 62 km (0.2 s)
[13:18:48]   1 candidates dropped (settle failure / regrid failure / duplicate after truncation)
[13:18:48] RESULT s02_c2: 15 columns; frontier 1fb 4 kg p0/3 | 2fb 13 kg p1/2; settles 17 (17 ok), regrids 15 (15 ok); wall 84 s of 300 (plan 63, price 0, settle 21; budget hit None, 0 unsettled)
[13:18:49]     settle  8:  32 @   1591 d -> ok lintwin tank 663.0 (+5.0) miss 6 km (0.5 s)
[13:18:49]   job s02_c2 craft columns  15  levels 9  settles 17/17  end plan_done  wall 83.5 s
[13:18:49]     settle  4: 261 @   1264 d -> ok lam tank 623.9 (+20.8) miss 58 km (5.2 s)
[13:18:49]     settle  7:  87 @   1482 d -> ok lintwin tank 660.7 (+0.3) miss 12 km (0.2 s)
[13:18:49]     settle  8: 137 @   1613 d -> ok lintwin tank 663.8 (+3.2) miss 12 km (0.2 s)
[13:18:49]     settle  5:  54 @   1462 d -> ok lam tank 662.3 (+31.0) miss 0 km (1.2 s)
[13:18:50]     settle  8: 138 @   1440 d -> ok lintwin tank 680.9 (+10.1) miss 67 km (1.4 s)
[13:18:50]     settle  5:  41 @   1206 d -> ok lintwin tank 728.7 (+97.4) miss 74 km (0.5 s)
[13:18:51]     settle  9: 182 @   1566 d -> ok lintwin tank 693.6 (+12.7) miss 51 km (1.4 s)
[13:18:52]     settle  8:  59 @   1591 d -> ok lam tank 945.2 (+129.4) miss 5 km (2.1 s)
[13:18:52] RESULT s02_c5: 16 columns; frontier 1fb 2 kg p0/3 | 2fb 6 kg p0/3 | 3fb 14 kg p0/1; settles 18 (18 ok), regrids 16 (16 ok); wall 88 s of 300 (plan 67, price 0, settle 21; budget hit None, 0 unsettled)
[13:18:53]   job s02_c5 craft columns  16  levels 10  settles 18/18  end plan_done  wall 87.6 s
[13:18:53]     settle  5:  58 @   1176 d -> FAIL [('lam', 9919019.4)] (8.3 s)
[13:18:54]     settle  5: 299 @   1341 d -> ok lam tank 654.8 (+23.5) miss 63 km (3.2 s)
[13:18:54]     settle  8: 138 @   1440 d -> ok lintwin tank 692.5 (+27.3) miss 69 km (2.1 s)
[13:18:54]     settle  9: 195 @   1608 d -> ok lintwin tank 699.0 (+6.4) miss 39 km (0.6 s)
[13:18:55] RESULT s02_c4: 16 columns; frontier 1fb 2 kg p1/3 | 2fb 16 kg p0/2 | 3fb 40 kg p0/0; settles 19 (19 ok), regrids 16 (16 ok); wall 90 s of 300 (plan 58, price 0, settle 31; budget hit None, 0 unsettled)
[13:18:55]     settle  5: 248 @   1370 d -> ok lintwin tank 660.0 (+31.5) miss 69 km (1.7 s)
[13:18:55]   job s02_c4 craft columns  16  levels 9  settles 19/19  end plan_done  wall 89.7 s
[13:18:55]   regrid FAIL (1 fb: miss 34389 km, None, 1.5 s) -> column dropped
[13:18:55]     settle  6:  87 @   1488 d -> ok lintwin tank 645.5 (+-0.8) miss 4 km (0.3 s)
[13:18:56]     settle  4: 256 @   1429 d -> ok lam tank 623.7 (+20.6) miss 3 km (6.2 s)
[13:18:56]     settle  7:  23 @   1382 d -> FAIL [('lam', 797046.6)] (7.2 s)
[13:18:56]     settle  6:  70 @   1502 d -> ok lintwin tank 666.5 (+7.4) miss 89 km (0.6 s)
[13:18:57]     settle  5: 284 @   1426 d -> ok lintwin tank 675.1 (+46.6) miss 81 km (1.4 s)
[13:18:57]     settle  5:  40 @   1166 d -> ok lintwin tank 640.3 (+11.8) miss 37 km (0.3 s)
[13:18:57]     settle  6: 222 @   1576 d -> ok lintwin tank 646.1 (+5.9) miss 34 km (0.2 s)
[13:18:57]     settle  7: 127 @   1388 d -> ok lintwin tank 690.6 (+12.9) miss 77 km (1.6 s)
[13:18:58]     settle  8: 209 @   1544 d -> ok lintwin tank 699.6 (+9.0) miss 30 km (0.2 s)
[13:18:58]     settle  6: 230 @   1563 d -> ok lintwin tank 643.4 (+3.1) miss 24 km (0.2 s)
[13:18:59]     settle  4: 166 @   1247 d -> ok lintwin tank 613.5 (+10.4) miss 0 km (3.0 s)
[13:18:59]     settle  6: 288 @   1500 d -> ok lintwin tank 658.7 (+18.4) miss 53 km (1.2 s)
[13:18:59]     settle  6: 103 @   1193 d -> ok lintwin tank 673.3 (+12.1) miss 60 km (1.3 s)
[13:19:00]     settle  6: 280 @   1375 d -> ok lintwin tank 659.9 (+19.6) miss 10 km (0.5 s)
[13:19:00]     settle  7: 137 @   1617 d -> ok lam tank 653.7 (+8.2) miss 0 km (4.0 s)
[13:19:01]     settle  6:  87 @   1487 d -> ok lintwin tank 656.8 (+4.4) miss 70 km (0.6 s)
[13:19:01]     settle  7: 283 @   1607 d -> ok lintwin tank 666.9 (+10.1) miss 5 km (0.2 s)
[13:19:01]     settle  5: 230 @   1577 d -> ok lintwin tank 617.5 (+4.0) miss 9 km (2.0 s)
[13:19:02]     settle  5: 166 @   1248 d -> ok lintwin tank 618.6 (+2.2) miss 2 km (0.2 s)
[13:19:02]     settle  7:  17 @   1308 d -> ok lam tank 681.7 (+8.4) miss 71 km (3.1 s)
[13:19:03]     settle  6:  65 @   1516 d -> ok lam tank 659.0 (+18.7) miss 23 km (1.4 s)
[13:19:03]     settle  5:  37 @   1471 d -> ok lintwin tank 622.0 (+5.7) miss 3 km (0.4 s)
[13:19:03]     settle  8: 288 @   1510 d -> ok lintwin tank 721.4 (+39.7) miss 82 km (0.6 s)
[13:19:03]     settle  7: 195 @   1613 d -> ok lintwin tank 664.9 (+5.9) miss 78 km (0.6 s)
[13:19:03]     settle  5: 109 @   1403 d -> ok lintwin tank 617.6 (+1.3) miss 59 km (0.2 s)
[13:19:04]     settle  7: 272 @   1382 d -> ok lintwin tank 685.0 (+14.6) miss 58 km (0.2 s)
[13:19:04]     settle  6:  35 @   1603 d -> ok lintwin tank 626.1 (+4.2) miss 94 km (0.3 s)
[13:19:04]   regrid FAIL (3 fb: miss 58155 km, None, 3.4 s) -> column dropped
[13:19:04]     settle  8:  87 @   1488 d -> ok lintwin tank 685.5 (+0.5) miss 43 km (0.5 s)
[13:19:04]   1 candidates dropped (settle failure / regrid failure / duplicate after truncation)
[13:19:04] RESULT s02_c3: 15 columns; frontier 1fb 6 kg p2/3 | 2fb 14 kg p2/2 | 3fb 24 kg p1/1; settles 22 (20 ok), regrids 15 (15 ok); wall 99 s of 300 (plan 69, price 1, settle 31; budget hit None, 0 unsettled)
[13:19:05]     settle  6:  39 @   1448 d -> ok lintwin tank 665.1 (+6.0) miss 82 km (0.8 s)
[13:19:05]     settle  6:  35 @   1604 d -> ok lintwin tank 623.9 (+6.3) miss 4 km (0.5 s)
[13:19:05]     settle  7:  13 @   1601 d -> ok lintwin tank 666.4 (+6.5) miss 81 km (1.0 s)
[13:19:05]   job s02_c3 craft columns  15  levels 9  settles 20/22  end plan_done  wall 99.5 s
[13:19:05]     settle  7:  70 @   1502 d -> ok lintwin tank 667.3 (+2.2) miss 35 km (0.5 s)
[13:19:05]   1 candidates dropped (settle failure / regrid failure / duplicate after truncation)
[13:19:05] RESULT s02_c6: 15 columns; frontier 1fb 1 kg p1/2 | 2fb 15 kg p1/2 | 3fb 37 kg p1/2; settles 20 (18 ok), regrids 15 (15 ok); wall 100 s of 300 (plan 71, price 0, settle 29; budget hit None, 0 unsettled)
[13:19:05]     settle  6:  37 @   1468 d -> ok lintwin tank 625.0 (+7.4) miss 9 km (0.3 s)
[13:19:05] RESULT s02_c1: 16 columns; frontier 1fb 3 kg p0/2 | 2fb 14 kg p0/1 | 3fb 21 kg p1/1; settles 17 (17 ok), regrids 16 (16 ok); wall 101 s of 300 (plan 59, price 0, settle 42; budget hit None, 0 unsettled)
[13:19:07]   job s02_c1 craft columns  16  levels 9  settles 17/17  end plan_done  wall 100.6 s
[13:19:07]   job s02_c6 craft columns  15  levels 10  settles 18/20  end plan_done  wall 100.3 s
[13:19:09]     settle  6: 223 @   1470 d -> ok lam tank 749.9 (+21.2) miss 0 km (4.0 s)
[13:19:14]     settle  7: 157 @   1586 d -> ok lam tank 763.4 (+13.5) miss 1 km (4.7 s)
[13:19:14]   5 candidates dropped (settle failure / regrid failure / duplicate after truncation)
[13:19:14] RESULT s02_c7: 11 columns; frontier 1fb 4 kg p0/2 | 2fb 14 kg p0/2 | 3fb 36 kg p1/1; settles 19 (16 ok), regrids 14 (11 ok); wall 109 s of 300 (plan 58, price 0, settle 51; budget hit None, 0 unsettled)
[13:19:15]   job s02_c7 craft columns  11  levels 9  settles 16/19  end plan_done  wall 109.4 s
[13:19:15] [slice 2] propose: 120 columns (0 bad dropped) in 110.2 s
[13:19:15] [slice 2] auction: 120 columns, kept 119, dropped {'ramp': 1}; lam 1.00 H_eff 540 d fuel budget 482 kg quota on prize bonus on 56 targets
[13:19:15] [slice 2] auction: status optimal objective 31.732 vars 119 rows 54 chosen 8 fuel 347/482 kg (0.011 s)
[13:19:17] [slice 2] claims: c1:1 c6:2  (3 targets: 0 kept, 3 new; 5 released, 0 expired (ttl 4), 0 conflicts)
[13:19:17] [slice 2 T=1080 d] launched 8/8  covered 60  remaining 238  fuel 641 kg  sumJi 8.4904  chosen: c0:3(+51) c1:3(+21) c2:2(+13) c3:3(+38) c4:3(+40) c5:3(+15) c6:3(+38) c7:3(+132)  rejected: -  (wall 112 s)
[13:19:17] [slice 3] claims in force: c1:1 c6:2  (3 targets; claim_bonus 1.0, ttl 4)
[13:19:17]   c0: claims: 0 own (prized +1.0), 3 claimed by others withheld
[13:19:17]   c1: claims: 1 own (prized +1.0), 2 claimed by others withheld
[13:19:17]   c2: claims: 0 own (prized +1.0), 3 claimed by others withheld
[13:19:17]   c3: claims: 0 own (prized +1.0), 3 claimed by others withheld
[13:19:17]   c4: claims: 0 own (prized +1.0), 3 claimed by others withheld
[13:19:17]   c5: claims: 0 own (prized +1.0), 3 claimed by others withheld
[13:19:17]   c6: claims: 2 own (prized +1.0), 1 claimed by others withheld
[13:19:17]   c7: claims: 0 own (prized +1.0), 3 claimed by others withheld
[13:19:17] [slice 3 T=1620 d] propose: 8 jobs (8 craft, 0 root) on 9 workers, proposer planbeam, H_eff 540 d, lam 1.0
[13:19:17] job s03_c0 (craft, craft 0, planbeam): T 1620 d H 540 L 360; plan horizon 3240 d; remaining 235; prize >1 on 71; width 150 npt 6 mc 150 dv 1.2 drmax 0.15 plan_wall 240 s; quota {'fil': 9, 'med': 16}
[13:19:17] job s03_c3 (craft, craft 3, planbeam): T 1620 d H 540 L 360; plan horizon 3240 d; remaining 235; prize >1 on 71; width 150 npt 6 mc 150 dv 1.2 drmax 0.15 plan_wall 240 s; quota {'fil': 9, 'med': 14}
[13:19:17] job s03_c1 (craft, craft 1, planbeam): T 1620 d H 540 L 360; plan horizon 3240 d; remaining 236; prize >1 on 72; width 150 npt 6 mc 150 dv 1.2 drmax 0.15 plan_wall 240 s; quota {'fil': 8, 'med': 16}
[13:19:17] job s03_c4 (craft, craft 4, planbeam): T 1620 d H 540 L 360; plan horizon 3240 d; remaining 235; prize >1 on 71; width 150 npt 6 mc 150 dv 1.2 drmax 0.15 plan_wall 240 s; quota {'fil': 11, 'med': 11}
[13:19:17] job s03_c2 (craft, craft 2, planbeam): T 1620 d H 540 L 360; plan horizon 3240 d; remaining 235; prize >1 on 71; width 150 npt 6 mc 150 dv 1.2 drmax 0.15 plan_wall 240 s; quota {'fil': 11, 'med': 14}
[13:19:17] job s03_c5 (craft, craft 5, planbeam): T 1620 d H 540 L 360; plan horizon 3240 d; remaining 235; prize >1 on 71; width 150 npt 6 mc 150 dv 1.2 drmax 0.15 plan_wall 240 s; quota {'fil': 9, 'med': 14}
[13:19:17] job s03_c6 (craft, craft 6, planbeam): T 1620 d H 540 L 360; plan horizon 3240 d; remaining 237; prize >1 on 73; width 150 npt 6 mc 150 dv 1.2 drmax 0.15 plan_wall 240 s; quota {'fil': 10, 'med': 16}
[13:19:17] job s03_c7 (craft, craft 7, planbeam): T 1620 d H 540 L 360; plan horizon 3240 d; remaining 235; prize >1 on 71; width 150 npt 6 mc 150 dv 1.2 drmax 0.15 plan_wall 240 s; quota {'fil': 12, 'med': 15}
[13:19:17] prefix slices/s03/in/craft_0.npz: 9 flybys, t_end 1510.3 d, tank 693.0 kg (planner view), miss 0.9 km, nreg 78
[13:19:17] budget: job_wall 300 s, 300 s left before the plan -> plan cap 210 s (plan_wall 240, settle_reserve 90)
[13:19:17] prefix slices/s03/in/craft_5.npz: 8 flybys, t_end 1612.7 d, tank 663.8 kg (planner view), miss 0.4 km, nreg 79
[13:19:17] budget: job_wall 300 s, 300 s left before the plan -> plan cap 210 s (plan_wall 240, settle_reserve 90)
[13:19:17] prefix slices/s03/in/craft_3.npz: 8 flybys, t_end 1542.0 d, tank 699.5 kg (planner view), miss 0.9 km, nreg 77
[13:19:17] budget: job_wall 300 s, 300 s left before the plan -> plan cap 210 s (plan_wall 240, settle_reserve 90)
[13:19:17] prefix slices/s03/in/craft_6.npz: 7 flybys, t_end 1591.0 d, tank 666.3 kg (planner view), miss 14.1 km, nreg 77
[13:19:17] budget: job_wall 300 s, 300 s left before the plan -> plan cap 210 s (plan_wall 240, settle_reserve 90)
[13:19:17] prefix slices/s03/in/craft_7.npz: 7 flybys, t_end 1578.8 d, tank 763.2 kg (planner view), miss 90.9 km, nreg 72
[13:19:17] budget: job_wall 300 s, 300 s left before the plan -> plan cap 210 s (plan_wall 240, settle_reserve 90)
[13:19:17] prefix slices/s03/in/craft_1.npz: 6 flybys, t_end 1604.2 d, tank 623.8 kg (planner view), miss 1.5 km, nreg 82
[13:19:17] budget: job_wall 300 s, 300 s left before the plan -> plan cap 210 s (plan_wall 240, settle_reserve 90)
[13:19:17] prefix slices/s03/in/craft_4.npz: 9 flybys, t_end 1561.2 d, tank 684.7 kg (planner view), miss 0.7 km, nreg 77
[13:19:17] budget: job_wall 300 s, 300 s left before the plan -> plan cap 210 s (plan_wall 240, settle_reserve 90)
[13:19:17] prefix slices/s03/in/craft_2.npz: 6 flybys, t_end 1533.8 d, tank 647.0 kg (planner view), miss 64.8 km, nreg 78
[13:19:17] budget: job_wall 300 s, 300 s left before the plan -> plan cap 210 s (plan_wall 240, settle_reserve 90)
[13:19:26] first level (both): 0 production + 33 relaxed (dv 2.5, 0.3 AU; 0.1 s) + 60 lintwin children -> 84 unique (9.2 s)
[13:19:26] plan start: prefix 7 flybys, t_end 1578.8 d, planner mass 1260.9 kg (dv 9.342 km/s); 84 first-level states
[13:19:27] first level (both): 0 production + 74 relaxed (dv 2.5, 0.3 AU; 0.1 s) + 69 lintwin children -> 106 unique (9.5 s)
[13:19:27] plan start: prefix 6 flybys, t_end 1604.2 d, planner mass 1542.9 kg (dv 1.426 km/s); 106 first-level states
[13:19:27] first level (both): 0 production + 62 relaxed (dv 2.5, 0.3 AU; 0.1 s) + 64 lintwin children -> 99 unique (10.0 s)
[13:19:27] plan start: prefix 7 flybys, t_end 1591.0 d, planner mass 1444.4 kg (dv 4.014 km/s); 99 first-level states
[13:19:27] first level (both): 0 production + 114 relaxed (dv 2.5, 0.3 AU; 0.1 s) + 89 lintwin children -> 142 unique (10.1 s)
[13:19:27] plan start: prefix 8 flybys, t_end 1612.7 d, planner mass 1449.9 kg (dv 3.863 km/s); 142 first-level states
[13:19:27] first level (both): 0 production + 30 relaxed (dv 2.5, 0.3 AU; 0.1 s) + 71 lintwin children -> 87 unique (10.2 s)
[13:19:27] plan start: prefix 8 flybys, t_end 1542.0 d, planner mass 1375.9 kg (dv 5.918 km/s); 87 first-level states
[13:19:28] first level (both): 0 production + 124 relaxed (dv 2.5, 0.3 AU; 0.1 s) + 87 lintwin children -> 153 unique (10.4 s)
[13:19:28] plan start: prefix 9 flybys, t_end 1561.2 d, planner mass 1405.7 kg (dv 5.079 km/s); 153 first-level states
[13:19:28] first level (both): 0 production + 41 relaxed (dv 2.5, 0.3 AU; 0.1 s) + 85 lintwin children -> 106 unique (10.6 s)
[13:19:28] plan start: prefix 6 flybys, t_end 1533.8 d, planner mass 1487.5 kg (dv 2.859 km/s); 106 first-level states
[13:19:28] first level (both): 0 production + 86 relaxed (dv 2.5, 0.3 AU; 0.1 s) + 92 lintwin children -> 136 unique (10.8 s)
[13:19:28] plan start: prefix 9 flybys, t_end 1510.3 d, planner mass 1388.7 kg (dv 5.555 km/s); 136 first-level states
[13:20:17] plan: 1029 states, depth 9 new flybys, end plan_done (60 s); deepest 9 new to 3189 d at planner fuel 474 kg
[13:20:17]   depth  1:  142 states (125 in H), t_end 1759-2354 d, fuel 153-257 kg
[13:20:17]   depth  2:  150 states (74 in H), t_end 1861-2709 d, fuel 178-287 kg
[13:20:17]   depth  3:  150 states (2 in H), t_end 2015-2819 d, fuel 194-331 kg
[13:20:17]   depth  4:  150 states (0 in H), t_end 2245-3167 d, fuel 253-368 kg
[13:20:17]   depth  5:  150 states (0 in H), t_end 2540-3230 d, fuel 302-403 kg
[13:20:17]   depth  6:  150 states (0 in H), t_end 2829-3239 d, fuel 322-433 kg
[13:20:17]   depth  7:  116 states (0 in H), t_end 2977-3240 d, fuel 376-470 kg
[13:20:17]   depth  8:   18 states (0 in H), t_end 3115-3231 d, fuel 425-464 kg
[13:20:17]   depth  9:    3 states (0 in H), t_end 3189-3220 d, fuel 474-480 kg
[13:20:17] candidates: 111 distinct committed target sets (n_new 1-3, potential 0-2)
[13:20:17] frontier: 16 candidates chosen (n fb / committed planner kg / continuation (lookahead) [full]; pot_mode lookahead, pot_cap None): 1fb/157kg/p2(2)[2], 1fb/161kg/p1(1)[1], 1fb/163kg/p2(2)[2], 1fb/175kg/p2(1)[2], 1fb/188kg/p2(1)[2], 1fb/208kg/p2(1)[2], 1fb/216kg/p2(1)[2], 1fb/216kg/p2(1)[2], 1fb/219kg/p3(1)[3], 1fb/239kg/p3(2)[3], 1fb/241kg/p3(2)[3], 2fb/200kg/p0(0)[0], 2fb/201kg/p0(0)[0], 2fb/235kg/p2(1)[2], 3fb/276kg/p1(1)[1], 3fb/315kg/p0(0)[0]
[13:20:17] budget: 240 s of 300 left for the settles + regrids (settle_wall 480)
[13:20:17]     settle  9:  96 @   2025 d -> ok lintwin tank 666.8 (+3.0) miss 65 km (0.3 s)
[13:20:18] plan: 1037 states, depth 9 new flybys, end plan_done (61 s); deepest 9 new to 3239 d at planner fuel 535 kg
[13:20:18]   depth  1:  153 states (142 in H), t_end 1627-2238 d, fuel 200-302 kg
[13:20:18]   depth  2:  150 states (94 in H), t_end 1805-2432 d, fuel 221-344 kg
[13:20:18]   depth  3:  150 states (2 in H), t_end 2138-2927 d, fuel 261-381 kg
[13:20:18]   depth  4:  150 states (0 in H), t_end 2310-3237 d, fuel 270-411 kg
[13:20:18]   depth  5:  150 states (0 in H), t_end 2697-3240 d, fuel 315-448 kg
[13:20:18]   depth  6:  150 states (0 in H), t_end 2831-3240 d, fuel 359-471 kg
[13:20:18]   depth  7:  109 states (0 in H), t_end 2968-3238 d, fuel 379-503 kg
[13:20:18]   depth  8:   23 states (0 in H), t_end 3067-3240 d, fuel 466-527 kg
[13:20:18]   depth  9:    2 states (0 in H), t_end 3192-3239 d, fuel 535-551 kg
[13:20:18] candidates: 113 distinct committed target sets (n_new 1-3, potential 0-2)
[13:20:18] frontier: 16 candidates chosen (n fb / committed planner kg / continuation (lookahead) [full]; pot_mode lookahead, pot_cap None): 1fb/201kg/p0(0)[0], 1fb/204kg/p0(0)[0], 1fb/229kg/p3(2)[3], 1fb/236kg/p3(2)[3], 1fb/242kg/p3(2)[3], 1fb/244kg/p3(2)[3], 1fb/255kg/p2(1)[2], 1fb/256kg/p2(2)[2], 1fb/257kg/p3(2)[3], 1fb/265kg/p3(2)[3], 1fb/291kg/p3(2)[3], 1fb/295kg/p3(2)[3], 2fb/228kg/p0(0)[0], 2fb/241kg/p0(0)[0], 2fb/262kg/p2(2)[2], 3fb/365kg/p1(1)[1]
[13:20:18] budget: 239 s of 300 left for the settles + regrids (settle_wall 480)
[13:20:18]     settle  9:  86 @   1975 d -> ok lintwin tank 668.9 (+5.1) miss 72 km (0.3 s)
[13:20:18] plan: 1096 states, depth 10 new flybys, end plan_done (61 s); deepest 10 new to 3225 d at planner fuel 637 kg
[13:20:18]   depth  1:   84 states (74 in H), t_end 1665-2235 d, fuel 357-431 kg
[13:20:18]   depth  2:  150 states (122 in H), t_end 1840-2766 d, fuel 377-469 kg
[13:20:18]   depth  3:  150 states (70 in H), t_end 1927-3005 d, fuel 397-495 kg
[13:20:18]   depth  4:  150 states (2 in H), t_end 2129-3225 d, fuel 428-519 kg
[13:20:18]   depth  5:  150 states (0 in H), t_end 2397-3229 d, fuel 449-553 kg
[13:20:18]   depth  6:  150 states (0 in H), t_end 2712-3237 d, fuel 483-565 kg
[13:20:18]   depth  7:  150 states (0 in H), t_end 2821-3239 d, fuel 494-594 kg
[13:20:18]   depth  8:   84 states (0 in H), t_end 2908-3240 d, fuel 522-618 kg
[13:20:18]   depth  9:   25 states (0 in H), t_end 3051-3239 d, fuel 594-644 kg
[13:20:18]   depth 10:    3 states (0 in H), t_end 3219-3225 d, fuel 637-662 kg
[13:20:18] candidates: 163 distinct committed target sets (n_new 1-4, potential 0-3)
[13:20:18] frontier: 16 candidates chosen (n fb / committed planner kg / continuation (lookahead) [full]; pot_mode lookahead, pot_cap None): 1fb/358kg/p0(0)[0], 1fb/361kg/p2(2)[2], 1fb/367kg/p2(1)[2], 1fb/383kg/p2(0)[2], 1fb/384kg/p2(0)[2], 1fb/385kg/p4(3)[4], 1fb/409kg/p4(3)[4], 1fb/412kg/p4(1)[4], 1fb/413kg/p4(2)[4], 2fb/377kg/p0(0)[0], 2fb/378kg/p0(0)[0], 2fb/413kg/p3(3)[3], 3fb/402kg/p0(0)[0], 3fb/403kg/p0(0)[0], 3fb/465kg/p2(2)[2], 4fb/510kg/p1(1)[1]
[13:20:18] budget: 239 s of 300 left for the settles + regrids (settle_wall 480)
[13:20:18]     settle 10: 191 @   2131 d -> ok lintwin tank 687.5 (+2.9) miss 22 km (0.3 s)
[13:20:19]     settle  9: 290 @   1917 d -> ok lintwin tank 669.0 (+5.3) miss 25 km (0.6 s)
[13:20:19] plan: 1181 states, depth 10 new flybys, end plan_done (62 s); deepest 10 new to 3211 d at planner fuel 332 kg
[13:20:19]   depth  1:  106 states (87 in H), t_end 1649-2252 d, fuel 60-170 kg
[13:20:19]   depth  2:  150 states (67 in H), t_end 1714-2830 d, fuel 80-207 kg
[13:20:19]   depth  3:  150 states (33 in H), t_end 1839-3197 d, fuel 97-227 kg
[13:20:19]   depth  4:  150 states (2 in H), t_end 2097-3214 d, fuel 120-265 kg
[13:20:19]   depth  5:  150 states (0 in H), t_end 2292-3214 d, fuel 142-223 kg
[13:20:19]   depth  6:  150 states (0 in H), t_end 2511-3240 d, fuel 166-259 kg
[13:20:19]   depth  7:  150 states (0 in H), t_end 2682-3240 d, fuel 216-304 kg
[13:20:19]   depth  8:  113 states (0 in H), t_end 2854-3240 d, fuel 248-347 kg
[13:20:19]   depth  9:   53 states (0 in H), t_end 2964-3239 d, fuel 290-369 kg
[13:20:19]   depth 10:    9 states (0 in H), t_end 3166-3229 d, fuel 332-382 kg
[13:20:19] candidates: 116 distinct committed target sets (n_new 1-4, potential 0-3)
[13:20:19] frontier: 16 candidates chosen (n fb / committed planner kg / continuation (lookahead) [full]; pot_mode lookahead, pot_cap None): 1fb/62kg/p1(0)[1], 1fb/64kg/p5(3)[5], 1fb/71kg/p4(2)[4], 1fb/90kg/p2(1)[2], 1fb/122kg/p2(1)[2], 1fb/143kg/p2(1)[2], 2fb/92kg/p2(2)[2], 2fb/93kg/p1(1)[1], 2fb/93kg/p4(3)[4], 2fb/97kg/p3(2)[3], 3fb/97kg/p0(0)[0], 3fb/109kg/p0(0)[0], 3fb/115kg/p3(3)[3], 3fb/128kg/p2(1)[2], 4fb/134kg/p2(2)[2], 4fb/145kg/p1(1)[1]
[13:20:19] budget: 238 s of 300 left for the settles + regrids (settle_wall 480)
[13:20:20]     settle  7: 237 @   1834 d -> ok lintwin tank 625.7 (+1.9) miss 8 km (0.3 s)
[13:20:20] plan: 1094 states, depth 9 new flybys, end plan_done (63 s); deepest 9 new to 3205 d at planner fuel 465 kg
[13:20:20]   depth  1:  106 states (90 in H), t_end 1640-2349 d, fuel 117-222 kg
[13:20:20]   depth  2:  150 states (75 in H), t_end 1926-2785 d, fuel 151-257 kg
[13:20:20]   depth  3:  150 states (5 in H), t_end 2078-3059 d, fuel 191-296 kg
[13:20:20]   depth  4:  150 states (0 in H), t_end 2458-3230 d, fuel 206-319 kg
[13:20:20]   depth  5:  150 states (0 in H), t_end 2657-3228 d, fuel 244-346 kg
[13:20:20]   depth  6:  150 states (0 in H), t_end 2788-3238 d, fuel 264-384 kg
[13:20:20]   depth  7:  150 states (0 in H), t_end 2915-3240 d, fuel 275-421 kg
[13:20:20]   depth  8:   85 states (0 in H), t_end 3035-3240 d, fuel 367-443 kg
[13:20:20]   depth  9:    3 states (0 in H), t_end 3205-3210 d, fuel 465-467 kg
[13:20:20] candidates: 116 distinct committed target sets (n_new 1-3, potential 0-2)
[13:20:20] frontier: 16 candidates chosen (n fb / committed planner kg / continuation (lookahead) [full]; pot_mode lookahead, pot_cap None): 1fb/126kg/p0(0)[0], 1fb/132kg/p2(0)[2], 1fb/140kg/p2(0)[2], 1fb/141kg/p2(2)[2], 1fb/145kg/p2(1)[2], 1fb/165kg/p2(1)[2], 1fb/171kg/p3(2)[3], 1fb/173kg/p2(1)[2], 1fb/174kg/p2(1)[2], 1fb/201kg/p3(2)[3], 2fb/171kg/p1(0)[1], 2fb/177kg/p1(0)[1], 2fb/194kg/p2(2)[2], 3fb/196kg/p0(0)[0], 3fb/209kg/p0(0)[0], 3fb/255kg/p0(0)[0]
[13:20:20] budget: 237 s of 300 left for the settles + regrids (settle_wall 480)
[13:20:20]     settle 10: 256 @   2131 d -> ok lintwin tank 687.5 (+2.8) miss 65 km (2.0 s)
[13:20:20]     settle  9:  61 @   1872 d -> ok lintwin tank 674.3 (+10.5) miss 32 km (1.3 s)
[13:20:20]     settle  7: 272 @   1649 d -> ok lintwin tank 626.3 (+2.6) miss 76 km (0.3 s)
[13:20:21]     settle  7: 207 @   2061 d -> ok lintwin tank 659.5 (+12.5) miss 77 km (0.8 s)
[13:20:21]     settle  7: 233 @   1717 d -> ok lintwin tank 629.4 (+5.6) miss 18 km (0.4 s)
[13:20:21]     settle  8: 222 @   2069 d -> ok lintwin tank 773.1 (+9.8) miss 2 km (3.4 s)
[13:20:21]     settle  9: 178 @   1802 d -> ok lintwin tank 690.6 (+26.8) miss 11 km (0.9 s)
[13:20:22]     settle  7:   2 @   1774 d -> ok lintwin tank 655.5 (+8.5) miss 1 km (0.7 s)
[13:20:22]     settle 10: 181 @   1721 d -> ok lintwin tank 703.5 (+18.9) miss 71 km (1.4 s)
[13:20:22]     settle  7: 268 @   1845 d -> ok lintwin tank 643.2 (+19.4) miss 4 km (0.9 s)
[13:20:22]     settle  7: 293 @   1672 d -> ok lintwin tank 658.8 (+11.8) miss 93 km (0.3 s)
[13:20:23]     settle  7:  77 @   1944 d -> ok lintwin tank 634.5 (+10.8) miss 23 km (0.3 s)
[13:20:23] plan: 1148 states, depth 10 new flybys, end plan_done (66 s); deepest 10 new to 3232 d at planner fuel 548 kg
[13:20:23]   depth  1:   87 states (75 in H), t_end 1633-2242 d, fuel 224-325 kg
[13:20:23]   depth  2:  150 states (71 in H), t_end 1759-2650 d, fuel 243-360 kg
[13:20:23]   depth  3:  150 states (33 in H), t_end 1883-3016 d, fuel 264-399 kg
[13:20:23]   depth  4:  150 states (1 in H), t_end 2008-3104 d, fuel 304-430 kg
[13:20:23]   depth  5:  150 states (0 in H), t_end 2459-3221 d, fuel 317-464 kg
[13:20:23]   depth  6:  150 states (0 in H), t_end 2529-3239 d, fuel 341-489 kg
[13:20:23]   depth  7:  150 states (0 in H), t_end 2779-3238 d, fuel 407-518 kg
[13:20:23]   depth  8:  109 states (0 in H), t_end 2859-3239 d, fuel 432-550 kg
[13:20:23]   depth  9:   44 states (0 in H), t_end 3099-3239 d, fuel 476-579 kg
[13:20:23]   depth 10:    8 states (0 in H), t_end 3219-3236 d, fuel 548-587 kg
[13:20:23] candidates: 120 distinct committed target sets (n_new 1-4, potential 0-3)
[13:20:23] frontier: 16 candidates chosen (n fb / committed planner kg / continuation (lookahead) [full]; pot_mode lookahead, pot_cap None): 1fb/226kg/p0(0)[0], 1fb/230kg/p1(1)[1], 1fb/235kg/p3(2)[3], 1fb/244kg/p3(2)[3], 1fb/251kg/p3(2)[3], 1fb/260kg/p3(2)[3], 1fb/262kg/p3(2)[3], 1fb/293kg/p4(2)[4], 1fb/322kg/p4(3)[4], 2fb/259kg/p0(0)[0], 2fb/262kg/p2(2)[2], 2fb/321kg/p3(2)[3], 3fb/282kg/p0(0)[0], 3fb/339kg/p1(1)[1], 3fb/356kg/p2(2)[2], 4fb/368kg/p0(0)[0]
[13:20:23] budget: 234 s of 300 left for the settles + regrids (settle_wall 480)
[13:20:23]     settle  9: 296 @   2097 d -> ok lintwin tank 700.7 (+1.3) miss 30 km (0.6 s)
[13:20:24]     settle 10:  51 @   1768 d -> ok lintwin tank 698.9 (+14.3) miss 73 km (1.5 s)
[13:20:24]     settle  9:  91 @   1875 d -> ok lintwin tank 704.0 (+40.3) miss 27 km (2.0 s)
[13:20:24]     settle  9: 238 @   2125 d -> ok lintwin tank 702.6 (+3.2) miss 44 km (0.4 s)
[13:20:24]     settle  7: 236 @   2104 d -> ok lintwin tank 655.5 (+8.5) miss 69 km (1.6 s)
[13:20:24]     settle  7:  16 @   1984 d -> ok lintwin tank 638.0 (+14.2) miss 1 km (1.5 s)
[13:20:24]     settle  9: 266 @   1844 d -> ok lintwin tank 686.3 (+22.6) miss 8 km (0.5 s)
[13:20:25]     settle  8:  92 @   2026 d -> ok lintwin tank 828.5 (+65.2) miss 97 km (3.2 s)
[13:20:25]     settle  8:  42 @   1947 d -> ok lintwin tank 633.0 (+3.7) miss 2 km (0.3 s)
[13:20:25] plan: 1208 states, depth 10 new flybys, end plan_done (68 s); deepest 10 new to 3205 d at planner fuel 503 kg
[13:20:25]   depth  1:   99 states (84 in H), t_end 1677-2357 d, fuel 172-261 kg
[13:20:25]   depth  2:  150 states (61 in H), t_end 1783-2658 d, fuel 184-301 kg
[13:20:25]   depth  3:  150 states (2 in H), t_end 2118-2897 d, fuel 214-338 kg
[13:20:25]   depth  4:  150 states (0 in H), t_end 2277-3225 d, fuel 253-361 kg
[13:20:25]   depth  5:  150 states (0 in H), t_end 2505-3231 d, fuel 318-399 kg
[13:20:25]   depth  6:  150 states (0 in H), t_end 2671-3232 d, fuel 344-431 kg
[13:20:25]   depth  7:  150 states (0 in H), t_end 2800-3240 d, fuel 369-460 kg
[13:20:25]   depth  8:  150 states (0 in H), t_end 2900-3225 d, fuel 417-479 kg
[13:20:25]   depth  9:   56 states (0 in H), t_end 3064-3217 d, fuel 449-509 kg
[13:20:25]   depth 10:    3 states (0 in H), t_end 3164-3206 d, fuel 503-522 kg
[13:20:25] candidates: 59 distinct committed target sets (n_new 1-3, potential 0-2)
[13:20:25] frontier: 16 candidates chosen (n fb / committed planner kg / continuation (lookahead) [full]; pot_mode lookahead, pot_cap None): 1fb/178kg/p2(2)[2], 1fb/180kg/p0(0)[0], 1fb/195kg/p2(2)[2], 1fb/213kg/p2(1)[2], 1fb/220kg/p2(2)[2], 1fb/222kg/p2(2)[2], 1fb/236kg/p2(1)[2], 1fb/238kg/p3(2)[3], 1fb/242kg/p2(1)[2], 1fb/245kg/p2(1)[2], 1fb/251kg/p2(2)[2], 1fb/253kg/p4(2)[4], 2fb/241kg/p0(0)[0], 2fb/242kg/p1(1)[1], 2fb/297kg/p3(2)[3], 3fb/331kg/p2(2)[2]
[13:20:25] budget: 232 s of 300 left for the settles + regrids (settle_wall 480)
[13:20:25]     settle 10:  61 @   1800 d -> ok lintwin tank 709.1 (+24.4) miss 81 km (1.1 s)
[13:20:26]     settle  7: 208 @   2004 d -> ok lintwin tank 653.0 (+6.0) miss 64 km (1.0 s)
[13:20:26]     settle  8: 215 @   1755 d -> ok lintwin tank 673.8 (+7.5) miss 79 km (0.7 s)
[13:20:26]     settle  7: 233 @   1714 d -> ok lintwin tank 629.3 (+5.5) miss 1 km (0.9 s)
[13:20:26]     settle  9: 273 @   1763 d -> ok lintwin tank 710.2 (+46.4) miss 10 km (1.4 s)
[13:20:27]     settle 10: 197 @   1766 d -> ok lintwin tank 700.6 (+16.0) miss 78 km (1.3 s)
[13:20:27]     settle  9: 269 @   2026 d -> ok lintwin tank 714.3 (+14.8) miss 10 km (2.5 s)
[13:20:27]     settle  8:  60 @   2134 d -> ok lintwin tank 633.0 (+3.7) miss 4 km (0.7 s)
[13:20:27]     settle  8: 151 @   1869 d -> ok lintwin tank 781.2 (+17.9) miss 77 km (1.7 s)
[13:20:27]     settle  9: 205 @   1806 d -> ok lintwin tank 701.4 (+37.6) miss 63 km (1.0 s)
[13:20:27]     settle  9:  11 @   1774 d -> ok lintwin tank 709.7 (+10.2) miss 44 km (0.4 s)
[13:20:28]     settle  8: 233 @   1714 d -> ok lintwin tank 629.5 (+3.2) miss 3 km (0.4 s)
[13:20:28]     settle  8: 237 @   1863 d -> ok lintwin tank 674.1 (+7.8) miss 71 km (1.7 s)
[13:20:28]     settle  9:   5 @   1896 d -> ok lintwin tank 711.9 (+12.4) miss 6 km (0.2 s)
[13:20:28]     settle 10:  72 @   1806 d -> ok lintwin tank 694.5 (+9.9) miss 62 km (1.1 s)
[13:20:28]     settle  9: 251 @   1868 d -> ok lintwin tank 684.9 (+21.2) miss 3 km (0.5 s)
[13:20:28]     settle  8:  77 @   1951 d -> ok lintwin tank 637.1 (+7.7) miss 12 km (0.6 s)
[13:20:29]     settle  8: 142 @   2008 d -> ok lintwin tank 685.2 (+18.9) miss 13 km (0.6 s)
[13:20:29]     settle  9:  60 @   2134 d -> ok lintwin tank 633.5 (+4.0) miss 32 km (0.4 s)
[13:20:29] plan: 1256 states, depth 10 new flybys, end plan_done (72 s); deepest 10 new to 3228 d at planner fuel 528 kg
[13:20:29]   depth  1:  136 states (118 in H), t_end 1635-2254 d, fuel 224-312 kg
[13:20:29]   depth  2:  150 states (83 in H), t_end 1845-2812 d, fuel 244-351 kg
[13:20:29]   depth  3:  150 states (8 in H), t_end 2001-3113 d, fuel 271-380 kg
[13:20:29]   depth  4:  150 states (0 in H), t_end 2302-3230 d, fuel 295-415 kg
[13:20:29]   depth  5:  150 states (0 in H), t_end 2459-3236 d, fuel 324-452 kg
[13:20:29]   depth  6:  150 states (0 in H), t_end 2698-3240 d, fuel 342-450 kg
[13:20:29]   depth  7:  150 states (0 in H), t_end 2828-3238 d, fuel 377-472 kg
[13:20:29]   depth  8:  150 states (0 in H), t_end 2947-3240 d, fuel 416-496 kg
[13:20:29]   depth  9:   69 states (0 in H), t_end 3095-3239 d, fuel 452-520 kg
[13:20:29]   depth 10:    1 states (0 in H), t_end 3228-3228 d, fuel 528-528 kg
[13:20:29] candidates: 118 distinct committed target sets (n_new 1-3, potential 0-2)
[13:20:29] frontier: 16 candidates chosen (n fb / committed planner kg / continuation (lookahead) [full]; pot_mode lookahead, pot_cap None): 1fb/224kg/p1(0)[1], 1fb/225kg/p1(1)[1], 1fb/227kg/p4(2)[4], 1fb/253kg/p3(1)[3], 1fb/264kg/p3(2)[3], 1fb/270kg/p3(2)[3], 1fb/273kg/p4(2)[4], 1fb/278kg/p3(2)[3], 1fb/290kg/p4(2)[4], 1fb/299kg/p4(2)[4], 2fb/246kg/p0(0)[0], 2fb/252kg/p0(0)[0], 2fb/274kg/p3(2)[3], 3fb/301kg/p1(1)[1], 3fb/308kg/p2(2)[2], 3fb/309kg/p2(2)[2]
[13:20:29] budget: 228 s of 300 left for the settles + regrids (settle_wall 480)
[13:20:30]     settle 10: 176 @   2131 d -> ok lintwin tank 700.3 (+15.7) miss 69 km (1.4 s)
[13:20:30]     settle  9:  60 @   2132 d -> ok lintwin tank 639.2 (+6.2) miss 54 km (0.4 s)
[13:20:30]     settle  8: 276 @   1849 d -> ok lintwin tank 781.1 (+17.9) miss 73 km (2.8 s)
[13:20:30]     settle 10: 276 @   1858 d -> ok lintwin tank 699.1 (+6.1) miss 71 km (1.0 s)
[13:20:30]     settle  9: 242 @   1957 d -> ok lintwin tank 712.8 (+13.3) miss 10 km (2.2 s)
[13:20:30]     settle  9: 133 @   1983 d -> ok lam tank 700.4 (+36.6) miss 67 km (2.0 s)
[13:20:31]     settle  9:  77 @   1952 d -> ok lintwin tank 638.0 (+8.5) miss 1 km (0.5 s)
[13:20:31]     settle  7: 113 @   2051 d -> FAIL [('lam', 6314069.1)] (5.2 s)
[13:20:31]     settle  9:  28 @   1832 d -> ok lintwin tank 710.1 (+10.6) miss 29 km (0.6 s)
[13:20:31]     settle  8: 233 @   1719 d -> ok lintwin tank 629.5 (+3.2) miss 4 km (0.4 s)
[13:20:32]     settle  9: 237 @   1841 d -> ok lintwin tank 643.4 (+13.9) miss 4 km (0.3 s)
[13:20:32]     settle  8:  60 @   1776 d -> ok lintwin tank 712.4 (+46.1) miss 17 km (3.0 s)
[13:20:32]     settle  8: 170 @   1869 d -> ok lintwin tank 781.7 (+18.4) miss 63 km (1.7 s)
[13:20:32]     settle 10: 117 @   1923 d -> ok lintwin tank 697.7 (+4.7) miss 51 km (1.5 s)
[13:20:32]     settle 10:  15 @   1997 d -> ok lintwin tank 678.4 (+4.1) miss 2 km (0.3 s)
[13:20:32]     settle 10: 266 @   1768 d -> ok lintwin tank 716.9 (+32.2) miss 65 km (2.2 s)
[13:20:32]     settle 10: 236 @   2098 d -> ok lintwin tank 646.2 (+8.2) miss 44 km (0.5 s)
[13:20:33]     settle 10: 189 @   1730 d -> ok lintwin tank 699.0 (+6.0) miss 1 km (0.7 s)
[13:20:33]     settle 10: 236 @   2097 d -> ok lintwin tank 649.2 (+5.8) miss 27 km (0.4 s)
[13:20:33]     settle  9: 183 @   1834 d -> ok lintwin tank 692.9 (+29.1) miss 5 km (0.9 s)
[13:20:33] RESULT s03_c1: 16 columns; frontier 1fb 2 kg p0/3 | 2fb 6 kg p3/3 | 3fb 10 kg p0/3 | 4fb 22 kg p2/2; settles 18 (18 ok), regrids 16 (16 ok); wall 76 s of 300 (plan 62, price 1, settle 14; budget hit None, 0 unsettled)
[13:20:34]     settle  9: 219 @   1675 d -> ok lintwin tank 747.5 (+48.1) miss 62 km (2.0 s)
[13:20:34]     settle 10: 299 @   1722 d -> ok lintwin tank 725.1 (+40.4) miss 61 km (1.0 s)
[13:20:34]     settle  8: 287 @   1680 d -> ok lintwin tank 803.3 (+40.0) miss 64 km (2.1 s)
[13:20:35]     settle 10: 202 @   1807 d -> ok lintwin tank 718.3 (+25.3) miss 37 km (1.6 s)
[13:20:35]     settle  7: 276 @   1826 d -> ok lintwin tank 721.6 (+74.6) miss 0 km (3.9 s)
[13:20:35]     settle 10:  15 @   1995 d -> ok lintwin tank 726.1 (+33.3) miss 69 km (1.8 s)
[13:20:35]   job s03_c1 craft columns  16  levels 10  settles 18/18  end plan_done  wall 76.4 s
[13:20:36]     settle  9: 287 @   1705 d -> ok lintwin tank 759.3 (+59.8) miss 11 km (1.9 s)
[13:20:36]     settle 10:  67 @   1746 d -> ok lintwin tank 704.1 (+19.5) miss 61 km (1.8 s)
[13:20:36]     settle  8:  82 @   1981 d -> ok lintwin tank 733.1 (+66.8) miss 7 km (3.6 s)
[13:20:36]     settle 10:  83 @   1866 d -> ok lintwin tank 711.0 (+9.6) miss 13 km (0.8 s)
[13:20:37]     settle  8: 225 @   1809 d -> ok lintwin tank 790.6 (+27.4) miss 70 km (2.8 s)
[13:20:38]     settle 11:  96 @   2015 d -> ok lintwin tank 730.5 (+19.6) miss 51 km (1.0 s)
[13:20:38]     settle  7: 155 @   1992 d -> ok lintwin tank 753.5 (+106.5) miss 79 km (2.9 s)
[13:20:38]     settle 10:  67 @   1872 d -> ok lintwin tank 735.4 (+42.4) miss 79 km (3.1 s)
[13:20:39]     settle 10: 205 @   1821 d -> ok lintwin tank 732.5 (+47.9) miss 19 km (2.5 s)
[13:20:39]     settle  9:  28 @   1783 d -> ok lintwin tank 710.1 (+10.6) miss 72 km (1.9 s)
[13:20:40]     settle  7: 148 @   2004 d -> ok lintwin tank 664.4 (+17.5) miss 75 km (0.8 s)
[13:20:40]     settle 10: 241 @   1627 d -> ok lintwin tank 692.7 (+8.0) miss 64 km (0.9 s)
[13:20:40]     settle  8: 255 @   1665 d -> ok lintwin tank 810.7 (+47.4) miss 100 km (2.3 s)
[13:20:41]     settle  9:   3 @   1875 d -> ok lintwin tank 819.5 (+155.8) miss 68 km (2.6 s)
[13:20:41]     settle 10:  72 @   1814 d -> ok lintwin tank 720.3 (+27.3) miss 64 km (2.0 s)
[13:20:41]     settle  8: 290 @   2027 d -> ok lintwin tank 699.7 (+33.4) miss 74 km (2.2 s)
[13:20:41]     settle 11:  97 @   1943 d -> ok lintwin tank 697.9 (+5.2) miss 64 km (1.6 s)
[13:20:43]     settle  8: 120 @   1782 d -> ok lintwin tank 791.9 (+28.7) miss 0 km (2.4 s)
[13:20:43]     settle 10:  97 @   1943 d -> ok lintwin tank 692.2 (+7.6) miss 66 km (1.3 s)
[13:20:43]     settle 10: 263 @   1770 d -> ok lintwin tank 712.7 (+19.7) miss 80 km (2.5 s)
[13:20:44]     settle 10: 153 @   2153 d -> ok lam tank 748.8 (+38.8) miss 4 km (4.6 s)
[13:20:44]     settle  8: 225 @   1811 d -> ok lintwin tank 700.3 (+34.0) miss 87 km (2.8 s)
[13:20:44]     settle  8: 170 @   1792 d -> ok lintwin tank 793.0 (+29.8) miss 80 km (1.4 s)
[13:20:45]     settle 10: 147 @   2007 d -> FAIL [('lam', 48303211.0)] (4.9 s)
[13:20:46]     settle 10:  26 @   1773 d -> ok lintwin tank 716.1 (+23.1) miss 77 km (1.9 s)
[13:20:46] RESULT s03_c5: 16 columns; frontier 1fb 3 kg p2/2 | 2fb 15 kg p0/1 | 3fb 67 kg p1/1; settles 18 (17 ok), regrids 16 (16 ok); wall 89 s of 300 (plan 60, price 1, settle 29; budget hit None, 0 unsettled)
[13:20:46]     settle 11: 191 @   2139 d -> ok lintwin tank 700.4 (+8.1) miss 1 km (2.8 s)
[13:20:46]     settle  7: 285 @   1896 d -> ok lam tank 674.2 (+27.2) miss 2 km (6.2 s)
[13:20:46]     settle 10: 236 @   2102 d -> ok lintwin tank 773.4 (+59.2) miss 60 km (2.2 s)
[13:20:46]     settle  8: 268 @   1836 d -> ok lintwin tank 700.8 (+34.5) miss 77 km (2.0 s)
[13:20:47]     settle  8: 148 @   2005 d -> ok lintwin tank 668.1 (+12.6) miss 83 km (0.5 s)
[13:20:47]   job s03_c5 craft columns  16  levels 9  settles 17/18  end plan_done  wall 88.6 s
[13:20:47]     settle 10: 181 @   1668 d -> ok lintwin tank 728.9 (+35.8) miss 80 km (1.4 s)
[13:20:48]     settle  8: 148 @   2005 d -> ok lintwin tank 675.2 (+16.4) miss 80 km (0.7 s)
[13:20:48]     settle 11: 254 @   2101 d -> ok lintwin tank 712.1 (+8.6) miss 69 km (2.4 s)
[13:20:49]     settle  8: 120 @   1761 d -> ok lintwin tank 697.5 (+31.2) miss 51 km (2.7 s)
[13:20:49]     settle  8: 296 @   2071 d -> ok lintwin tank 822.6 (+101.0) miss 64 km (1.1 s)
[13:20:50]     settle 10: 285 @   1898 d -> ok lintwin tank 716.3 (+23.3) miss 60 km (2.3 s)
[13:20:50]     settle 10: 237 @   1759 d -> ok lintwin tank 958.9 (+211.4) miss 36 km (3.6 s)
[13:20:50]     settle  9: 236 @   2104 d -> ok lintwin tank 681.6 (+13.4) miss 80 km (0.6 s)
[13:20:51]     settle 11: 293 @   2091 d -> ok lintwin tank 707.0 (+7.9) miss 56 km (0.7 s)
[13:20:51]     settle 10: 293 @   1665 d -> ok lintwin tank 701.3 (+8.3) miss 1 km (0.2 s)
[13:20:52]     settle 11: 133 @   1974 d -> ok lintwin tank 711.4 (+10.1) miss 42 km (0.3 s)
[13:20:52]     settle 11: 255 @   2076 d -> ok lintwin tank 788.4 (+55.8) miss 55 km (3.5 s)
[13:20:53]     settle 11: 151 @   1866 d -> ok lintwin tank 703.1 (+4.1) miss 74 km (1.4 s)
[13:20:53]     settle 10: 242 @   1925 d -> ok lintwin tank 714.2 (+4.5) miss 76 km (1.5 s)
[13:20:53]     settle  8: 146 @   1764 d -> ok lintwin tank 739.6 (+73.3) miss 70 km (3.9 s)
[13:20:54]     settle  9: 236 @   2104 d -> ok lam tank 691.7 (+16.5) miss 69 km (3.4 s)
[13:20:54]     settle 11:  97 @   1932 d -> ok lintwin tank 722.3 (+4.0) miss 17 km (0.7 s)
[13:20:55]     settle 11: 236 @   2102 d -> ok lintwin tank 721.0 (+6.8) miss 78 km (1.2 s)
[13:20:55]     settle 12: 124 @   2085 d -> ok lintwin tank 735.4 (+13.1) miss 49 km (1.0 s)
[13:20:56]     settle 12: 294 @   2138 d -> ok lintwin tank 789.5 (+1.1) miss 78 km (3.3 s)
[13:20:56] RESULT s03_c4: 16 columns; frontier 1fb 3 kg p0/2 | 2fb 13 kg p0/2 | 3fb 105 kg p1/1; settles 19 (19 ok), regrids 16 (16 ok); wall 99 s of 300 (plan 61, price 1, settle 38; budget hit None, 0 unsettled)
[13:20:56]     settle  8:  28 @   1911 d -> ok lintwin tank 704.3 (+38.0) miss 74 km (2.4 s)
[13:20:56]     settle 11:  97 @   1935 d -> ok lintwin tank 713.7 (+1.1) miss 79 km (0.6 s)
[13:20:57]   job s03_c4 craft columns  16  levels 9  settles 19/19  end plan_done  wall 98.8 s
[13:20:57]     settle  8:  24 @   1677 d -> ok lintwin tank 719.7 (+53.4) miss 75 km (1.2 s)
[13:20:58]     settle 12: 124 @   2087 d -> ok lintwin tank 726.4 (+12.7) miss 74 km (1.7 s)
[13:20:58]     settle  9:  42 @   1972 d -> FAIL [('lin', 6879.6), ('lam', 22907.1)] (14.0 s)
[13:20:59]     settle 12: 282 @   2001 d -> ok lintwin tank 730.0 (+27.0) miss 67 km (0.3 s)
[13:20:59] RESULT s03_c0: 16 columns; frontier 1fb 5 kg p1/2 | 2fb 10 kg p2/2 | 3fb 33 kg p2/2; settles 19 (19 ok), regrids 16 (16 ok); wall 102 s of 300 (plan 72, price 1, settle 30; budget hit None, 0 unsettled)
[13:20:59]   regrid FAIL (3 fb: miss 33210 km, None, 4.7 s) -> column dropped
[13:20:59]     settle  9: 269 @   2004 d -> ok lintwin tank 820.2 (+27.2) miss 97 km (0.9 s)
[13:20:59]   job s03_c0 craft columns  16  levels 10  settles 19/19  end plan_done  wall 101.7 s
[13:21:00]     settle  7: 178 @   1699 d -> ok lintwin tank 686.2 (+39.3) miss 2 km (0.9 s)
[13:21:00]     settle  8:  91 @   1908 d -> ok lam tank 698.0 (+31.7) miss 8 km (2.6 s)
[13:21:00]     settle  8:  16 @   2009 d -> ok lintwin tank 691.5 (+5.3) miss 3 km (0.5 s)
[13:21:01]     settle  9: 236 @   2106 d -> ok lintwin tank 708.8 (+17.3) miss 62 km (0.8 s)
[13:21:02]   2 candidates dropped (settle failure / regrid failure / duplicate after truncation)
[13:21:02] RESULT s03_c2: 14 columns; frontier 1fb 6 kg p1/2 | 2fb 21 kg p0/2 | 3fb 35 kg p0/0; settles 18 (17 ok), regrids 15 (14 ok); wall 104 s of 300 (plan 63, price 1, settle 42; budget hit None, 0 unsettled)
[13:21:02]     settle  9: 208 @   1950 d -> ok lintwin tank 810.0 (+6.8) miss 0 km (2.8 s)
[13:21:03]     settle 11:  91 @   1949 d -> ok lam tank 998.5 (+39.6) miss 29 km (7.8 s)
[13:21:03]     settle  9:  97 @   2096 d -> ok lintwin tank 700.6 (+2.6) miss 31 km (2.8 s)
[13:21:03]   job s03_c2 craft columns  14  levels 9  settles 17/18  end plan_done  wall 104.4 s
[13:21:05]     settle  8: 151 @   1859 d -> ok lintwin tank 779.7 (+16.5) miss 61 km (2.6 s)
[13:21:06]     settle  9: 169 @   2086 d -> ok lintwin tank 781.2 (+68.8) miss 3 km (2.9 s)
[13:21:07]     settle  9: 133 @   2007 d -> ok lintwin tank 780.2 (+0.5) miss 63 km (2.1 s)
[13:21:08]     settle  9: 189 @   1783 d -> ok lintwin tank 725.7 (+6.0) miss 77 km (1.6 s)
[13:21:09]     settle 10: 272 @   2119 d -> ok lintwin tank 787.5 (+7.3) miss 84 km (2.0 s)
[13:21:12]     settle 10: 288 @   2120 d -> ok lintwin tank 739.4 (+13.8) miss 77 km (3.3 s)
[13:21:12] RESULT s03_c6: 16 columns; frontier 1fb 7 kg p2/2 | 2fb 34 kg p0/2 | 3fb 73 kg p2/2; settles 17 (17 ok), regrids 16 (16 ok); wall 115 s of 300 (plan 68, price 1, settle 47; budget hit None, 0 unsettled)
[13:21:13]     settle  9:  49 @   2032 d -> ok lintwin tank 777.2 (+-2.5) miss 1 km (3.0 s)
[13:21:13]   job s03_c6 craft columns  16  levels 10  settles 17/17  end plan_done  wall 115.1 s
[13:21:15]     settle 10: 272 @   2118 d -> ok lintwin tank 786.1 (+8.9) miss 68 km (2.8 s)
[13:21:18]     settle 11: 294 @   2009 d -> FAIL [('lam', 8007113.3)] (14.0 s)
[13:21:19]     settle  9: 170 @   1874 d -> ok lintwin tank 795.9 (+3.9) miss 98 km (2.2 s)
[13:21:20]     settle 10: 153 @   2054 d -> ok lintwin tank 810.1 (+14.3) miss 68 km (1.6 s)
[13:21:22]     settle  9: 268 @   1845 d -> ok lintwin tank 853.6 (+43.0) miss 76 km (1.9 s)
[13:21:25]     settle 10: 237 @   1760 d -> ok lam tank 875.6 (+128.1) miss 2 km (6.4 s)
[13:21:26]     settle 10:  77 @   1936 d -> ok lintwin tank 850.2 (+-3.4) miss 97 km (3.2 s)
[13:21:28]     settle 11: 242 @   1900 d -> ok lintwin tank 919.4 (+43.7) miss 1 km (3.1 s)
[13:21:28]     settle 11:  94 @   2130 d -> ok lintwin tank 857.7 (+7.4) miss 61 km (2.2 s)
[13:21:28]   1 candidates dropped (settle failure / regrid failure / duplicate after truncation)
[13:21:28] RESULT s03_c7: 15 columns; frontier 1fb 10 kg p0/3 | 2fb 47 kg p3/3 | 3fb 22 kg p0/2 | 4fb 94 kg p1/1; settles 24 (22 ok), regrids 15 (15 ok); wall 131 s of 300 (plan 61, price 1, settle 70; budget hit None, 0 unsettled)
[13:21:29]   job s03_c7 craft columns  15  levels 10  settles 22/24  end plan_done  wall 131.1 s
[13:21:33]     settle 12: 147 @   2008 d -> FAIL [('lam', 9675865.2)] (4.9 s)
[13:21:35]   1 candidates dropped (settle failure / regrid failure / duplicate after truncation)
[13:21:35] RESULT s03_c3: 15 columns; frontier 1fb 1 kg p0/3 | 2fb 49 kg p0/2 | 3fb 21 kg p0/1; settles 21 (18 ok), regrids 15 (15 ok); wall 138 s of 300 (plan 66, price 1, settle 72; budget hit None, 0 unsettled)
[13:21:35]   job s03_c3 craft columns  15  levels 10  settles 18/21  end plan_done  wall 137.6 s
[13:21:35] [slice 3] propose: 124 columns (0 bad dropped) in 138.3 s
[13:21:35] [slice 3] auction: 124 columns, kept 121, dropped {'ramp': 3}; lam 1.00 H_eff 540 d fuel budget 482 kg quota on prize bonus on 56 targets
[13:21:35] [slice 3] auction: status optimal objective 30.508 vars 121 rows 56 chosen 8 fuel 407/482 kg (0.016 s)
[13:21:37] [slice 3] claims: c0:2 c1:1 c2:3 c3:3 c4:2 c5:1 c6:1 c7:1  (14 targets: 0 kept, 14 new; 3 released, 0 expired (ttl 4), 2 conflicts)
[13:21:37] [slice 3 T=1620 d] launched 8/8  covered 81  remaining 217  fuel 1048 kg  sumJi 8.8322  chosen: c0:3(+33) c1:4(+25) c2:1(+27) c3:1(+60) c4:2(+27) c5:3(+67) c6:3(+73) c7:4(+94)  rejected: -  (wall 140 s)
[13:21:37] [slice 4] claims in force: c0:2 c1:1 c2:3 c3:3 c4:2 c5:1 c6:1 c7:1  (14 targets; claim_bonus 1.0, ttl 4)
[13:21:37]   c0: claims: 2 own (prized +1.0), 12 claimed by others withheld
[13:21:37]   c1: claims: 1 own (prized +1.0), 13 claimed by others withheld
[13:21:37]   c2: claims: 3 own (prized +1.0), 11 claimed by others withheld
[13:21:37]   c3: claims: 3 own (prized +1.0), 11 claimed by others withheld
[13:21:37]   c4: claims: 2 own (prized +1.0), 12 claimed by others withheld
[13:21:37]   c5: claims: 1 own (prized +1.0), 13 claimed by others withheld
[13:21:37]   c6: claims: 1 own (prized +1.0), 13 claimed by others withheld
[13:21:37]   c7: claims: 1 own (prized +1.0), 13 claimed by others withheld
[13:21:37] [slice 4 T=2160 d] propose: 8 jobs (8 craft, 0 root) on 9 workers, proposer planbeam, H_eff 540 d, lam 1.0
[13:21:37] job s04_c4 (craft, craft 4, planbeam): T 2160 d H 540 L 360; plan horizon 3780 d; remaining 205; prize >1 on 79; width 150 npt 6 mc 150 dv 1.2 drmax 0.15 plan_wall 240 s; quota {'fil': 11, 'med': 10}
[13:21:37] job s04_c3 (craft, craft 3, planbeam): T 2160 d H 540 L 360; plan horizon 3780 d; remaining 206; prize >1 on 80; width 150 npt 6 mc 150 dv 1.2 drmax 0.15 plan_wall 240 s; quota {'fil': 9, 'med': 14}
[13:21:37] job s04_c5 (craft, craft 5, planbeam): T 2160 d H 540 L 360; plan horizon 3780 d; remaining 204; prize >1 on 78; width 150 npt 6 mc 150 dv 1.2 drmax 0.15 plan_wall 240 s; quota {'fil': 8, 'med': 13}
[13:21:37] job s04_c1 (craft, craft 1, planbeam): T 2160 d H 540 L 360; plan horizon 3780 d; remaining 204; prize >1 on 78; width 150 npt 6 mc 150 dv 1.2 drmax 0.15 plan_wall 240 s; quota {'fil': 7, 'med': 14}
[13:21:37] job s04_c2 (craft, craft 2, planbeam): T 2160 d H 540 L 360; plan horizon 3780 d; remaining 206; prize >1 on 80; width 150 npt 6 mc 150 dv 1.2 drmax 0.15 plan_wall 240 s; quota {'fil': 11, 'med': 13}
[13:21:37] job s04_c0 (craft, craft 0, planbeam): T 2160 d H 540 L 360; plan horizon 3780 d; remaining 205; prize >1 on 79; width 150 npt 6 mc 150 dv 1.2 drmax 0.15 plan_wall 240 s; quota {'fil': 9, 'med': 15}
[13:21:37] job s04_c7 (craft, craft 7, planbeam): T 2160 d H 540 L 360; plan horizon 3780 d; remaining 204; prize >1 on 78; width 150 npt 6 mc 150 dv 1.2 drmax 0.15 plan_wall 240 s; quota {'fil': 11, 'med': 15}
[13:21:37] job s04_c6 (craft, craft 6, planbeam): T 2160 d H 540 L 360; plan horizon 3780 d; remaining 204; prize >1 on 78; width 150 npt 6 mc 150 dv 1.2 drmax 0.15 plan_wall 240 s; quota {'fil': 8, 'med': 15}
[13:21:37] prefix slices/s04/in/craft_3.npz: 9 flybys, t_end 1711.2 d, tank 759.2 kg (planner view), miss 80.0 km, nreg 85
[13:21:37] budget: job_wall 300 s, 300 s left before the plan -> plan cap 210 s (plan_wall 240, settle_reserve 90)
[13:21:37] prefix slices/s04/in/craft_5.npz: 11 flybys, t_end 2013.7 d, tank 730.4 kg (planner view), miss 7.0 km, nreg 99
[13:21:37] prefix slices/s04/in/craft_1.npz: 10 flybys, t_end 2097.1 d, tank 649.0 kg (planner view), miss 5.1 km, nreg 106
[13:21:37] budget: job_wall 300 s, 300 s left before the plan -> plan cap 210 s (plan_wall 240, settle_reserve 90)
[13:21:37] budget: job_wall 300 s, 300 s left before the plan -> plan cap 210 s (plan_wall 240, settle_reserve 90)
[13:21:37] prefix slices/s04/in/craft_7.npz: 11 flybys, t_end 2128.9 d, tank 857.5 kg (planner view), miss 70.6 km, nreg 100
[13:21:37] budget: job_wall 300 s, 300 s left before the plan -> plan cap 210 s (plan_wall 240, settle_reserve 90)
[13:21:37] prefix slices/s04/in/craft_4.npz: 11 flybys, t_end 2105.8 d, tank 712.0 kg (planner view), miss 10.0 km, nreg 104
[13:21:37] budget: job_wall 300 s, 300 s left before the plan -> plan cap 210 s (plan_wall 240, settle_reserve 90)
[13:21:37] prefix slices/s04/in/craft_2.npz: 7 flybys, t_end 1899.7 d, tank 674.1 kg (planner view), miss 6.3 km, nreg 96
[13:21:37] prefix slices/s04/in/craft_6.npz: 10 flybys, t_end 2123.1 d, tank 739.3 kg (planner view), miss 7.4 km, nreg 103
[13:21:37] budget: job_wall 300 s, 300 s left before the plan -> plan cap 210 s (plan_wall 240, settle_reserve 90)
[13:21:37] budget: job_wall 300 s, 300 s left before the plan -> plan cap 210 s (plan_wall 240, settle_reserve 90)
[13:21:37] prefix slices/s04/in/craft_0.npz: 12 flybys, t_end 2085.2 d, tank 726.1 kg (planner view), miss 1.4 km, nreg 107
[13:21:37] budget: job_wall 300 s, 300 s left before the plan -> plan cap 210 s (plan_wall 240, settle_reserve 90)
[13:21:50] first level (both): 0 production + 60 relaxed (dv 2.5, 0.3 AU; 0.1 s) + 75 lintwin children -> 100 unique (12.5 s)
[13:21:50] plan start: prefix 10 flybys, t_end 2097.1 d, planner mass 1482.8 kg (dv 2.983 km/s); 100 first-level states
[13:21:50] first level (both): 0 production + 64 relaxed (dv 2.5, 0.3 AU; 0.1 s) + 65 lintwin children -> 103 unique (12.7 s)
[13:21:50] plan start: prefix 11 flybys, t_end 2128.9 d, planner mass 1122.4 kg (dv 13.909 km/s); 103 first-level states
[13:21:50] first level (both): 0 production + 108 relaxed (dv 2.5, 0.3 AU; 0.1 s) + 77 lintwin children -> 135 unique (12.7 s)
[13:21:50] plan start: prefix 11 flybys, t_end 2013.7 d, planner mass 1317.7 kg (dv 7.614 km/s); 135 first-level states
[13:21:51] first level (both): 0 production + 54 relaxed (dv 2.5, 0.3 AU; 0.1 s) + 83 lintwin children -> 107 unique (13.2 s)
[13:21:51] plan start: prefix 11 flybys, t_end 2105.8 d, planner mass 1351.7 kg (dv 6.617 km/s); 107 first-level states
[13:21:51] first level (both): 0 production + 95 relaxed (dv 2.5, 0.3 AU; 0.1 s) + 78 lintwin children -> 134 unique (13.6 s)
[13:21:51] plan start: prefix 12 flybys, t_end 2085.2 d, planner mass 1325.4 kg (dv 7.387 km/s); 134 first-level states
[13:21:51] first level (both): 0 production + 9 relaxed (dv 2.5, 0.3 AU; 0.1 s) + 80 lintwin children -> 89 unique (13.6 s)
[13:21:51] plan start: prefix 9 flybys, t_end 1711.2 d, planner mass 1267.6 kg (dv 9.134 km/s); 89 first-level states
[13:21:51] first level (both): 0 production + 64 relaxed (dv 2.5, 0.3 AU; 0.1 s) + 73 lintwin children -> 111 unique (13.8 s)
[13:21:51] plan start: prefix 10 flybys, t_end 2123.1 d, planner mass 1301.8 kg (dv 8.091 km/s); 111 first-level states
[13:21:52] first level (both): 0 production + 31 relaxed (dv 2.5, 0.3 AU; 0.1 s) + 107 lintwin children -> 124 unique (14.1 s)
[13:21:52] plan start: prefix 7 flybys, t_end 1899.7 d, planner mass 1427.7 kg (dv 4.471 km/s); 124 first-level states
[13:22:34] plan: 941 states, depth 8 new flybys, end plan_done (57 s); deepest 8 new to 3681 d at planner fuel 485 kg
[13:22:34]   depth  1:  111 states (97 in H), t_end 2176-2825 d, fuel 307-393 kg
[13:22:34]   depth  2:  150 states (59 in H), t_end 2420-3181 d, fuel 339-428 kg
[13:22:34]   depth  3:  150 states (21 in H), t_end 2620-3550 d, fuel 353-461 kg
[13:22:34]   depth  4:  150 states (0 in H), t_end 2869-3722 d, fuel 374-493 kg
[13:22:34]   depth  5:  150 states (0 in H), t_end 3084-3779 d, fuel 393-516 kg
[13:22:34]   depth  6:  150 states (0 in H), t_end 3348-3778 d, fuel 416-549 kg
[13:22:34]   depth  7:   68 states (0 in H), t_end 3452-3778 d, fuel 431-528 kg
[13:22:34]   depth  8:   12 states (0 in H), t_end 3681-3778 d, fuel 485-562 kg
[13:22:34] candidates: 101 distinct committed target sets (n_new 1-3, potential 0-2)
[13:22:34] frontier: 16 candidates chosen (n fb / committed planner kg / continuation (lookahead) [full]; pot_mode lookahead, pot_cap None): 1fb/307kg/p1(0)[1], 1fb/310kg/p0(0)[0], 1fb/328kg/p3(1)[3], 1fb/339kg/p2(1)[2], 1fb/356kg/p2(2)[2], 1fb/358kg/p3(1)[3], 1fb/365kg/p2(0)[2], 1fb/372kg/p2(2)[2], 1fb/388kg/p3(2)[3], 2fb/341kg/p0(0)[0], 2fb/347kg/p1(1)[1], 2fb/351kg/p2(1)[2], 2fb/363kg/p2(1)[2], 3fb/354kg/p1(1)[1], 3fb/384kg/p0(0)[0], 3fb/398kg/p1(1)[1]
[13:22:34] budget: 243 s of 300 left for the settles + regrids (settle_wall 480)
[13:22:37]     settle 11: 172 @   2243 d -> ok lintwin tank 743.2 (+3.9) miss 77 km (2.4 s)
[13:22:39]     settle 11:  67 @   2539 d -> ok lintwin tank 744.6 (+5.3) miss 80 km (2.4 s)
[13:22:40] plan: 1055 states, depth 8 new flybys, end plan_done (63 s); deepest 8 new to 3700 d at planner fuel 390 kg
[13:22:40]   depth  1:  124 states (98 in H), t_end 2169-2790 d, fuel 175-277 kg
[13:22:40]   depth  2:  150 states (72 in H), t_end 2368-3354 d, fuel 186-318 kg
[13:22:40]   depth  3:  150 states (1 in H), t_end 2675-3609 d, fuel 196-342 kg
[13:22:40]   depth  4:  150 states (0 in H), t_end 2904-3647 d, fuel 219-376 kg
[13:22:40]   depth  5:  150 states (0 in H), t_end 3198-3774 d, fuel 293-395 kg
[13:22:40]   depth  6:  150 states (0 in H), t_end 3295-3779 d, fuel 317-424 kg
[13:22:40]   depth  7:  150 states (0 in H), t_end 3506-3780 d, fuel 342-451 kg
[13:22:40]   depth  8:   31 states (0 in H), t_end 3691-3777 d, fuel 390-482 kg
[13:22:40] candidates: 99 distinct committed target sets (n_new 1-3, potential 0-2)
[13:22:40] frontier: 16 candidates chosen (n fb / committed planner kg / continuation (lookahead) [full]; pot_mode lookahead, pot_cap None): 1fb/177kg/p2(2)[2], 1fb/178kg/p1(0)[1], 1fb/184kg/p3(1)[3], 1fb/191kg/p2(1)[2], 1fb/194kg/p2(1)[2], 1fb/197kg/p1(0)[1], 1fb/197kg/p2(2)[2], 1fb/208kg/p2(1)[2], 1fb/210kg/p2(1)[2], 1fb/236kg/p3(2)[3], 1fb/238kg/p2(2)[2], 1fb/276kg/p2(1)[2], 2fb/193kg/p1(1)[1], 2fb/210kg/p0(0)[0], 2fb/212kg/p2(1)[2], 3fb/254kg/p1(1)[1]
[13:22:40] budget: 237 s of 300 left for the settles + regrids (settle_wall 480)
[13:22:41]     settle  8:  62 @   2459 d -> ok lintwin tank 676.0 (+1.9) miss 37 km (1.0 s)
[13:22:43]     settle  8: 179 @   2326 d -> ok lintwin tank 677.0 (+2.9) miss 45 km (0.7 s)
[13:22:43] plan: 1090 states, depth 9 new flybys, end plan_done (66 s); deepest 9 new to 3763 d at planner fuel 537 kg
[13:22:43]   depth  1:  134 states (117 in H), t_end 2169-2852 d, fuel 280-372 kg
[13:22:43]   depth  2:  150 states (77 in H), t_end 2375-3105 d, fuel 302-405 kg
[13:22:43]   depth  3:  150 states (39 in H), t_end 2578-3467 d, fuel 326-431 kg
[13:22:43]   depth  4:  150 states (4 in H), t_end 2694-3765 d, fuel 356-463 kg
[13:22:43]   depth  5:  150 states (0 in H), t_end 3117-3773 d, fuel 378-487 kg
[13:22:43]   depth  6:  150 states (0 in H), t_end 3274-3780 d, fuel 420-519 kg
[13:22:43]   depth  7:  150 states (0 in H), t_end 3448-3780 d, fuel 459-549 kg
[13:22:43]   depth  8:   51 states (0 in H), t_end 3578-3780 d, fuel 502-579 kg
[13:22:43]   depth  9:    5 states (0 in H), t_end 3681-3763 d, fuel 537-604 kg
[13:22:43] candidates: 95 distinct committed target sets (n_new 1-4, potential 0-2)
[13:22:43] frontier: 16 candidates chosen (n fb / committed planner kg / continuation (lookahead) [full]; pot_mode lookahead, pot_cap None): 1fb/280kg/p0(0)[0], 1fb/284kg/p1(0)[1], 1fb/291kg/p2(2)[2], 1fb/307kg/p3(1)[3], 1fb/320kg/p3(1)[3], 1fb/341kg/p3(2)[3], 1fb/346kg/p2(2)[2], 1fb/360kg/p3(2)[3], 2fb/314kg/p1(1)[1], 2fb/321kg/p1(1)[1], 2fb/341kg/p2(1)[2], 3fb/356kg/p0(0)[0], 3fb/360kg/p1(0)[1], 3fb/364kg/p0(0)[0], 4fb/383kg/p0(0)[0], 4fb/398kg/p0(0)[0]
[13:22:43] budget: 234 s of 300 left for the settles + regrids (settle_wall 480)
[13:22:44]     settle 13: 294 @   2520 d -> ok lintwin tank 728.7 (+2.5) miss 19 km (0.4 s)
[13:22:44]     settle  8: 161 @   2270 d -> ok lintwin tank 676.1 (+2.0) miss 59 km (0.7 s)
[13:22:45]     settle  8: 126 @   2172 d -> ok lintwin tank 683.3 (+9.2) miss 70 km (0.8 s)
[13:22:45]     settle 11:  47 @   2444 d -> ok lintwin tank 766.2 (+26.9) miss 83 km (4.9 s)
[13:22:45] plan: 1226 states, depth 10 new flybys, end plan_done (68 s); deepest 10 new to 3777 d at planner fuel 468 kg
[13:22:45]   depth  1:  100 states (83 in H), t_end 2183-2792 d, fuel 128-224 kg
[13:22:45]   depth  2:  150 states (71 in H), t_end 2418-3257 d, fuel 150-262 kg
[13:22:45]   depth  3:  150 states (8 in H), t_end 2623-3605 d, fuel 169-297 kg
[13:22:45]   depth  4:  150 states (0 in H), t_end 2711-3757 d, fuel 177-318 kg
[13:22:45]   depth  5:  150 states (0 in H), t_end 3022-3776 d, fuel 193-336 kg
[13:22:45]   depth  6:  150 states (0 in H), t_end 3236-3768 d, fuel 216-375 kg
[13:22:45]   depth  7:  150 states (0 in H), t_end 3392-3775 d, fuel 276-404 kg
[13:22:45]   depth  8:  150 states (0 in H), t_end 3456-3779 d, fuel 316-442 kg
[13:22:45]   depth  9:   69 states (0 in H), t_end 3632-3778 d, fuel 399-472 kg
[13:22:45]   depth 10:    7 states (0 in H), t_end 3728-3778 d, fuel 468-490 kg
[13:22:45] candidates: 101 distinct committed target sets (n_new 1-3, potential 0-2)
[13:22:45] frontier: 16 candidates chosen (n fb / committed planner kg / continuation (lookahead) [full]; pot_mode lookahead, pot_cap None): 1fb/128kg/p3(2)[3], 1fb/135kg/p0(0)[0], 1fb/136kg/p2(2)[2], 1fb/153kg/p2(1)[2], 1fb/164kg/p2(1)[2], 1fb/173kg/p3(1)[3], 1fb/179kg/p2(0)[2], 1fb/182kg/p4(2)[4], 1fb/189kg/p2(0)[2], 1fb/206kg/p3(2)[3], 2fb/157kg/p2(2)[2], 2fb/171kg/p2(2)[2], 2fb/222kg/p3(2)[3], 3fb/208kg/p1(1)[1], 3fb/242kg/p0(0)[0], 3fb/245kg/p2(2)[2]
[13:22:45] budget: 232 s of 300 left for the settles + regrids (settle_wall 480)
[13:22:46]     settle 11: 139 @   2292 d -> ok lintwin tank 654.6 (+5.6) miss 14 km (0.4 s)
[13:22:47]     settle 13:  46 @   2395 d -> ok lintwin tank 730.5 (+4.4) miss 68 km (2.9 s)
[13:22:47]     settle  8: 216 @   2372 d -> ok lintwin tank 686.2 (+12.1) miss 15 km (1.6 s)
[13:22:47]     settle 11: 291 @   2315 d -> ok lintwin tank 759.6 (+20.4) miss 70 km (1.9 s)
[13:22:48]     settle 11: 162 @   2544 d -> ok lintwin tank 660.4 (+11.4) miss 4 km (1.3 s)
[13:22:48]     settle  8: 125 @   2457 d -> ok lintwin tank 682.8 (+8.7) miss 72 km (1.1 s)
[13:22:49]     settle 11:  17 @   2522 d -> ok lintwin tank 660.1 (+11.0) miss 2 km (0.8 s)
[13:22:49] plan: 1218 states, depth 9 new flybys, end plan_done (72 s); deepest 9 new to 3772 d at planner fuel 485 kg
[13:22:49]   depth  1:  135 states (118 in H), t_end 2164-2833 d, fuel 286-379 kg
[13:22:49]   depth  2:  150 states (93 in H), t_end 2289-3099 d, fuel 305-411 kg
[13:22:49]   depth  3:  150 states (29 in H), t_end 2507-3359 d, fuel 317-434 kg
[13:22:49]   depth  4:  150 states (0 in H), t_end 2709-3754 d, fuel 351-469 kg
[13:22:49]   depth  5:  150 states (0 in H), t_end 2879-3763 d, fuel 369-493 kg
[13:22:49]   depth  6:  150 states (0 in H), t_end 3187-3772 d, fuel 390-494 kg
[13:22:49]   depth  7:  150 states (0 in H), t_end 3312-3780 d, fuel 404-529 kg
[13:22:49]   depth  8:  140 states (0 in H), t_end 3563-3779 d, fuel 443-555 kg
[13:22:49]   depth  9:   43 states (0 in H), t_end 3701-3778 d, fuel 485-585 kg
[13:22:49] candidates: 116 distinct committed target sets (n_new 1-3, potential 0-2)
[13:22:49] frontier: 16 candidates chosen (n fb / committed planner kg / continuation (lookahead) [full]; pot_mode lookahead, pot_cap None): 1fb/292kg/p0(0)[0], 1fb/293kg/p0(0)[0], 1fb/300kg/p1(0)[1], 1fb/304kg/p1(0)[1], 1fb/307kg/p1(0)[1], 1fb/313kg/p1(0)[1], 1fb/315kg/p1(0)[1], 1fb/320kg/p1(1)[1], 1fb/329kg/p4(2)[4], 2fb/320kg/p0(0)[0], 2fb/328kg/p0(0)[0], 2fb/332kg/p2(2)[2], 2fb/372kg/p3(2)[3], 3fb/334kg/p0(0)[0], 3fb/342kg/p0(0)[0], 3fb/387kg/p2(2)[2]
[13:22:49] budget: 228 s of 300 left for the settles + regrids (settle_wall 480)
[13:22:50]     settle 13: 145 @   2384 d -> ok lintwin tank 732.6 (+6.4) miss 63 km (2.9 s)
[13:22:51]     settle 11:   4 @   2382 d -> ok lintwin tank 676.1 (+27.1) miss 80 km (1.5 s)
[13:22:52]     settle 11: 239 @   2288 d -> ok lintwin tank 667.2 (+18.2) miss 40 km (0.9 s)
[13:22:52]     settle 12: 194 @   2236 d -> ok lintwin tank 732.8 (+2.5) miss 68 km (3.0 s)
[13:22:52]     settle  8: 245 @   2649 d -> ok lintwin tank 700.1 (+26.0) miss 72 km (3.5 s)
[13:22:53]     settle 12: 222 @   2611 d -> ok lintwin tank 736.6 (+6.2) miss 17 km (0.7 s)
[13:22:54]     settle  8: 115 @   2390 d -> ok lintwin tank 678.0 (+3.8) miss 69 km (0.9 s)
[13:22:54]     settle 13: 297 @   2215 d -> ok lintwin tank 741.5 (+15.4) miss 4 km (3.7 s)
[13:22:55]     settle 11: 123 @   2391 d -> ok lintwin tank 665.5 (+16.5) miss 6 km (2.3 s)
[13:22:55]     settle 11: 245 @   2635 d -> FAIL [('lam', 875.0)] (7.3 s)
[13:22:56]     settle 12:  18 @   2407 d -> ok lintwin tank 744.5 (+14.1) miss 60 km (1.9 s)
[13:22:56]     settle 11: 216 @   2367 d -> ok lintwin tank 660.2 (+11.1) miss 14 km (0.6 s)
[13:22:56]     settle 13:  18 @   2315 d -> ok lintwin tank 748.6 (+22.5) miss 74 km (1.3 s)
[13:22:56] plan: 1339 states, depth 11 new flybys, end plan_done (79 s); deepest 11 new to 3779 d at planner fuel 648 kg
[13:22:56]   depth  1:   89 states (72 in H), t_end 2160-2778 d, fuel 343-425 kg
[13:22:56]   depth  2:  150 states (62 in H), t_end 2331-3359 d, fuel 354-454 kg
[13:22:56]   depth  3:  150 states (3 in H), t_end 2463-3677 d, fuel 370-477 kg
[13:22:56]   depth  4:  150 states (0 in H), t_end 2748-3776 d, fuel 396-501 kg
[13:22:56]   depth  5:  150 states (0 in H), t_end 2833-3779 d, fuel 434-531 kg
[13:22:56]   depth  6:  150 states (0 in H), t_end 3039-3766 d, fuel 461-560 kg
[13:22:56]   depth  7:  150 states (0 in H), t_end 3180-3770 d, fuel 515-586 kg
[13:22:56]   depth  8:  150 states (0 in H), t_end 3240-3773 d, fuel 547-605 kg
[13:22:56]   depth  9:  150 states (0 in H), t_end 3384-3776 d, fuel 561-627 kg
[13:22:56]   depth 10:   42 states (0 in H), t_end 3523-3778 d, fuel 588-656 kg
[13:22:56]   depth 11:    8 states (0 in H), t_end 3708-3779 d, fuel 648-683 kg
[13:22:56] candidates: 89 distinct committed target sets (n_new 1-3, potential 0-3)
[13:22:56] frontier: 16 candidates chosen (n fb / committed planner kg / continuation (lookahead) [full]; pot_mode lookahead, pot_cap None): 1fb/343kg/p2(2)[2], 1fb/343kg/p0(0)[0], 1fb/356kg/p2(2)[2], 1fb/379kg/p2(2)[2], 1fb/389kg/p3(2)[3], 1fb/393kg/p5(3)[5], 1fb/393kg/p2(2)[2], 1fb/394kg/p2(1)[2], 1fb/395kg/p2(1)[2], 1fb/396kg/p2(1)[2], 1fb/404kg/p3(2)[3], 2fb/359kg/p0(0)[0], 2fb/360kg/p0(0)[0], 2fb/432kg/p4(3)[4], 3fb/441kg/p0(0)[0], 3fb/464kg/p3(3)[3]
[13:22:56] budget: 221 s of 300 left for the settles + regrids (settle_wall 480)
[13:22:57]     settle 11: 161 @   2294 d -> ok lintwin tank 680.9 (+31.9) miss 80 km (0.6 s)
[13:22:57]     settle 12: 213 @   2289 d -> ok lintwin tank 752.7 (+22.4) miss 64 km (1.3 s)
[13:22:58]     settle 11: 161 @   2263 d -> ok lintwin tank 772.2 (+32.9) miss 81 km (2.3 s)
[13:22:58]     settle 11: 261 @   2298 d -> ok lintwin tank 672.4 (+23.4) miss 7 km (1.0 s)
[13:22:58]     settle  8: 207 @   2232 d -> ok lintwin tank 701.9 (+27.8) miss 67 km (3.5 s)
[13:22:58] plan: 1379 states, depth 11 new flybys, end plan_done (81 s); deepest 11 new to 3768 d at planner fuel 471 kg
[13:22:58]   depth  1:  107 states (86 in H), t_end 2229-2814 d, fuel 252-347 kg
[13:22:58]   depth  2:  150 states (77 in H), t_end 2312-3384 d, fuel 258-386 kg
[13:22:58]   depth  3:  150 states (28 in H), t_end 2430-3387 d, fuel 269-405 kg
[13:22:58]   depth  4:  150 states (3 in H), t_end 2630-3751 d, fuel 309-430 kg
[13:22:58]   depth  5:  150 states (0 in H), t_end 2848-3778 d, fuel 326-456 kg
[13:22:58]   depth  6:  150 states (0 in H), t_end 2981-3777 d, fuel 338-472 kg
[13:22:58]   depth  7:  150 states (0 in H), t_end 3195-3778 d, fuel 373-503 kg
[13:22:58]   depth  8:  150 states (0 in H), t_end 3295-3765 d, fuel 391-521 kg
[13:22:58]   depth  9:  150 states (0 in H), t_end 3506-3780 d, fuel 408-495 kg
[13:22:58]   depth 10:   65 states (0 in H), t_end 3655-3780 d, fuel 433-507 kg
[13:22:58]   depth 11:    7 states (0 in H), t_end 3765-3771 d, fuel 471-541 kg
[13:22:58] candidates: 118 distinct committed target sets (n_new 1-4, potential 0-3)
[13:22:58] frontier: 16 candidates chosen (n fb / committed planner kg / continuation (lookahead) [full]; pot_mode lookahead, pot_cap None): 1fb/252kg/p5(3)[5], 1fb/258kg/p2(1)[2], 1fb/260kg/p1(1)[1], 1fb/284kg/p4(2)[4], 1fb/284kg/p2(2)[2], 1fb/289kg/p2(2)[2], 1fb/317kg/p3(1)[3], 2fb/258kg/p4(3)[4], 2fb/265kg/p0(0)[0], 2fb/270kg/p1(1)[1], 2fb/294kg/p3(2)[3], 3fb/269kg/p1(1)[1], 3fb/284kg/p3(3)[3], 3fb/299kg/p0(0)[0], 4fb/333kg/p0(0)[0], 4fb/360kg/p0(0)[0]
[13:22:58] budget: 219 s of 300 left for the settles + regrids (settle_wall 480)
[13:22:59] plan: 1326 states, depth 10 new flybys, end plan_done (81 s); deepest 10 new to 3743 d at planner fuel 680 kg
[13:22:59]   depth  1:  103 states (88 in H), t_end 2249-2840 d, fuel 478-559 kg
[13:22:59]   depth  2:  150 states (79 in H), t_end 2406-3350 d, fuel 499-590 kg
[13:22:59]   depth  3:  150 states (10 in H), t_end 2534-3700 d, fuel 507-603 kg
[13:22:59]   depth  4:  150 states (0 in H), t_end 2716-3742 d, fuel 538-629 kg
[13:22:59]   depth  5:  150 states (0 in H), t_end 3097-3746 d, fuel 545-634 kg
[13:22:59]   depth  6:  150 states (0 in H), t_end 3200-3778 d, fuel 577-665 kg
[13:22:59]   depth  7:  150 states (0 in H), t_end 3320-3767 d, fuel 611-678 kg
[13:22:59]   depth  8:  150 states (0 in H), t_end 3460-3758 d, fuel 637-705 kg
[13:22:59]   depth  9:  139 states (0 in H), t_end 3560-3775 d, fuel 670-729 kg
[13:22:59]   depth 10:   34 states (0 in H), t_end 3705-3772 d, fuel 680-747 kg
[13:22:59] candidates: 100 distinct committed target sets (n_new 1-3, potential 0-2)
[13:22:59] frontier: 16 candidates chosen (n fb / committed planner kg / continuation (lookahead) [full]; pot_mode lookahead, pot_cap None): 1fb/489kg/p2(2)[2], 1fb/489kg/p0(0)[0], 1fb/491kg/p1(0)[1], 1fb/500kg/p1(1)[1], 1fb/507kg/p1(1)[1], 1fb/518kg/p3(1)[3], 1fb/522kg/p2(0)[2], 1fb/527kg/p3(1)[3], 1fb/528kg/p2(1)[2], 1fb/551kg/p2(2)[2], 2fb/506kg/p1(1)[1], 2fb/509kg/p1(1)[1], 2fb/530kg/p2(1)[2], 3fb/562kg/p1(1)[1], 3fb/565kg/p0(0)[0], 3fb/568kg/p1(1)[1]
[13:22:59] budget: 219 s of 300 left for the settles + regrids (settle_wall 480)
[13:22:59]     settle 12: 283 @   2316 d -> ok lintwin tank 713.9 (+1.9) miss 38 km (0.6 s)
[13:23:00]     settle  8: 217 @   2367 d -> ok lintwin tank 694.7 (+20.6) miss 55 km (1.5 s)
[13:23:00]     settle 11: 294 @   2381 d -> ok lintwin tank 670.1 (+21.1) miss 16 km (1.7 s)
[13:23:00]     settle 10: 196 @   2685 d -> ok lintwin tank 772.6 (+13.4) miss 76 km (3.9 s)
[13:23:00]     settle 12:  68 @   2360 d -> ok lintwin tank 717.3 (+5.3) miss 51 km (0.7 s)
[13:23:01]     settle 12:  43 @   2264 d -> ok lintwin tank 744.0 (+13.7) miss 27 km (3.1 s)
[13:23:01]     settle 11: 121 @   2204 d -> ok lintwin tank 795.2 (+55.9) miss 58 km (2.9 s)
[13:23:01]     settle 12: 186 @   2602 d -> ok lintwin tank 662.0 (+7.4) miss 32 km (0.4 s)
[13:23:02]     settle 12:  76 @   2565 d -> ok lintwin tank 719.5 (+7.5) miss 61 km (1.5 s)
[13:23:03]     settle 12:  60 @   2511 d -> ok lintwin tank 669.8 (+15.2) miss 3 km (1.3 s)
[13:23:03]     settle 13: 130 @   2231 d -> FAIL [('lam', 28483972.8)] (6.4 s)
[13:23:03]     settle  8:  17 @   2529 d -> ok lintwin tank 701.8 (+27.7) miss 75 km (2.2 s)
[13:23:03]     settle 12: 210 @   2215 d -> ok lintwin tank 786.1 (+55.8) miss 75 km (2.3 s)
[13:23:04]     settle 12:  17 @   2522 d -> ok lintwin tank 684.5 (+3.6) miss 25 km (1.1 s)
[13:23:04]     settle 10: 256 @   2533 d -> ok lintwin tank 783.9 (+24.7) miss 72 km (3.6 s)
[13:23:04]     settle 11: 275 @   2331 d -> ok lintwin tank 796.7 (+57.5) miss 82 km (3.1 s)
[13:23:05]     settle 12: 279 @   2233 d -> ok lintwin tank 726.9 (+14.8) miss 43 km (2.0 s)
[13:23:05]     settle 13:  59 @   2381 d -> ok lintwin tank 754.2 (+28.0) miss 72 km (2.2 s)
[13:23:05]     settle 12: 129 @   2440 d -> ok lintwin tank 868.6 (+11.1) miss 104 km (6.5 s)
[13:23:06]     settle 12:  17 @   2525 d -> ok lintwin tank 671.1 (+5.7) miss 11 km (1.4 s)
[13:23:07]     settle  8: 155 @   2181 d -> ok lintwin tank 730.4 (+56.3) miss 78 km (3.6 s)
[13:23:07]     settle 13: 239 @   2636 d -> ok lintwin tank 683.1 (+12.0) miss 50 km (1.2 s)
[13:23:07]     settle 11: 230 @   2247 d -> ok lintwin tank 754.8 (+15.5) miss 78 km (2.6 s)
[13:23:08]     settle 12: 284 @   2346 d -> ok lintwin tank 747.4 (+17.0) miss 33 km (3.7 s)
[13:23:08]     settle  9:  62 @   2460 d -> ok lintwin tank 684.7 (+1.3) miss 27 km (0.5 s)
[13:23:08]     settle 13:  73 @   2385 d -> ok lintwin tank 762.1 (+36.0) miss 70 km (3.1 s)
[13:23:09]     settle 10: 265 @   2699 d -> ok lam tank 818.4 (+59.2) miss 91 km (4.2 s)
[13:23:09]   drift: leg 265@2699 d settled outside (T, T+H] -> column cut at 0
[13:23:09]     settle 12:   2 @   2648 d -> ok lam tank 768.4 (+25.2) miss 0 km (1.8 s)
[13:23:09]     settle 11:  38 @   2333 d -> ok lintwin tank 667.8 (+18.8) miss 3 km (2.0 s)
[13:23:10]     settle 12: 173 @   2572 d -> ok lintwin tank 742.2 (+30.2) miss 71 km (4.4 s)
[13:23:10]     settle 12:  22 @   2503 d -> ok lintwin tank 693.7 (+25.9) miss 7 km (0.7 s)
[13:23:11]     settle 14: 273 @   2582 d -> ok lintwin tank 744.7 (+12.1) miss 75 km (1.9 s)
[13:23:11]     settle  9: 122 @   2682 d -> ok lintwin tank 688.9 (+2.7) miss 83 km (3.3 s)
[13:23:12]     settle 12: 220 @   2274 d -> ok lintwin tank 735.8 (+23.8) miss 73 km (2.0 s)
[13:23:12]     settle 14: 270 @   2593 d -> ok lintwin tank 739.4 (+6.8) miss 67 km (1.2 s)
[13:23:13]     settle 12:  68 @   2575 d -> ok lintwin tank 816.3 (+86.0) miss 78 km (4.9 s)
[13:23:13]     settle 10: 245 @   2684 d -> ok lam tank 843.5 (+84.3) miss 97 km (4.0 s)
[13:23:13]   drift: leg 245@2684 d settled outside (T, T+H] -> column cut at 0
[13:23:14]     settle 14: 145 @   2386 d -> ok lintwin tank 759.1 (+17.6) miss 41 km (0.8 s)
[13:23:14]     settle 13:   2 @   2667 d -> ok lintwin tank 718.7 (+25.0) miss 76 km (3.5 s)
[13:23:14]     settle 14: 145 @   2380 d -> ok lintwin tank 751.7 (+3.1) miss 67 km (0.3 s)
[13:23:14]     settle 13: 239 @   2640 d -> ok lintwin tank 694.4 (+9.9) miss 11 km (0.3 s)
[13:23:15] RESULT s04_c1: 16 columns; frontier 1fb 5 kg p2/2 | 2fb 13 kg p2/2 | 3fb 34 kg p1/2; settles 19 (19 ok), regrids 16 (16 ok); wall 97 s of 300 (plan 68, price 1, settle 29; budget hit None, 0 unsettled)
[13:23:15]     settle 15: 270 @   2594 d -> ok lintwin tank 752.3 (+0.6) miss 1 km (0.4 s)
[13:23:15]     settle 12:  84 @   2244 d -> ok lintwin tank 739.2 (+8.9) miss 79 km (1.9 s)
[13:23:15]     settle  9:  62 @   2461 d -> ok lintwin tank 682.2 (+6.1) miss 55 km (3.2 s)
[13:23:16]   job s04_c1 craft columns  16  levels 10  settles 19/19  end plan_done  wall 97.2 s
[13:23:17]     settle 10: 153 @   2178 d -> ok lam tank 774.8 (+15.6) miss 2 km (3.6 s)
[13:23:17]   drift: leg 153@2178 d settled outside (T, T+H] -> column cut at 0
[13:23:17]     settle 15: 273 @   2579 d -> ok lintwin tank 768.4 (+9.4) miss 69 km (1.9 s)
[13:23:17]     settle 12: 281 @   2536 d -> ok lintwin tank 732.5 (+20.4) miss 1 km (4.6 s)
[13:23:17]     settle 12: 208 @   2688 d -> ok lintwin tank 794.0 (+27.8) miss 66 km (3.6 s)
[13:23:18]     settle 12: 118 @   2554 d -> FAIL [('lam', 'LinAlgError')] (0.1 s)
[13:23:18]     settle 15: 222 @   2611 d -> ok lintwin tank 763.2 (+4.1) miss 21 km (0.6 s)
[13:23:18]     settle 13: 293 @   2637 d -> ok lintwin tank 750.3 (+5.8) miss 69 km (2.8 s)
[13:23:19]     settle 14: 145 @   2380 d -> ok lintwin tank 751.7 (+3.1) miss 68 km (0.3 s)
[13:23:19]     settle 10: 122 @   2675 d -> ok lintwin tank 694.9 (+12.6) miss 72 km (3.1 s)
[13:23:19]     settle 13:  67 @   2424 d -> ok lintwin tank 752.3 (+8.3) miss 48 km (0.5 s)
[13:23:19] RESULT s04_c2: 16 columns; frontier 1fb 2 kg p2/2 | 2fb 8 kg p1/1 | 3fb 21 kg p1/1; settles 16 (16 ok), regrids 16 (16 ok); wall 102 s of 300 (plan 63, price 1, settle 39; budget hit None, 0 unsettled)
[13:23:20]     settle 13: 281 @   2433 d -> ok lintwin tank 721.1 (+7.3) miss 79 km (2.1 s)
[13:23:20]   job s04_c2 craft columns  16  levels 8  settles 16/16  end plan_done  wall 101.7 s
[13:23:20]     settle 10: 246 @   2199 d -> ok lintwin tank 773.8 (+14.6) miss 22 km (3.3 s)
[13:23:20]     settle 12: 281 @   2434 d -> ok lintwin tank 715.4 (+3.3) miss 45 km (0.6 s)
[13:23:22]     settle 15:  79 @   2643 d -> ok lintwin tank 769.4 (+17.6) miss 63 km (2.8 s)
[13:23:22]     settle 12:  84 @   2237 d -> ok lintwin tank 739.1 (+8.7) miss 68 km (2.9 s)
[13:23:23]     settle 13: 274 @   2397 d -> ok lintwin tank 747.1 (+8.0) miss 19 km (0.3 s)
[13:23:23]     settle 13: 155 @   2684 d -> ok lintwin tank 719.9 (+4.5) miss 52 km (2.3 s)
[13:23:23]     settle 10:  10 @   2621 d -> ok lintwin tank 802.3 (+43.1) miss 64 km (3.2 s)
[13:23:24]     settle 16: 298 @   2694 d -> ok lintwin tank 772.9 (+3.5) miss 80 km (2.0 s)
[13:23:25]     settle 12: 212 @   2550 d -> FAIL [('lam', 28121948.7)] (7.1 s)
[13:23:25]     settle 16: 108 @   2697 d -> ok lintwin tank 774.1 (+5.6) miss 53 km (0.9 s)
[13:23:25]     settle 12: 297 @   2662 d -> FAIL [('lam', 2210882.0)] (15.6 s)
[13:23:25]   1 candidates dropped (settle failure / regrid failure / duplicate after truncation)
[13:23:25] RESULT s04_c0: 15 columns; frontier 1fb 2 kg p0/2 | 2fb 13 kg p1/1 | 3fb 26 kg p0/0 | 4fb 46 kg p0/0; settles 19 (18 ok), regrids 15 (15 ok); wall 108 s of 300 (plan 66, price 1, settle 42; budget hit None, 0 unsettled)
[13:23:25]     settle 13:  76 @   2632 d -> ok lintwin tank 722.6 (+8.7) miss 56 km (2.1 s)
[13:23:25]     settle 13:  67 @   2388 d -> ok lintwin tank 756.7 (+17.5) miss 65 km (2.5 s)
[13:23:26]   job s04_c0 craft columns  15  levels 9  settles 18/19  end plan_done  wall 107.7 s
[13:23:26]     settle 10: 279 @   2251 d -> ok lintwin tank 772.6 (+13.4) miss 62 km (2.3 s)
[13:23:26]     settle 13: 274 @   2403 d -> ok lintwin tank 747.1 (+8.0) miss 17 km (0.3 s)
[13:23:28]     settle 12: 212 @   2555 d -> ok lintwin tank 764.6 (+4.9) miss 69 km (2.7 s)
[13:23:28]     settle 13:  70 @   2553 d -> ok lintwin tank 732.0 (+18.1) miss 81 km (2.3 s)
[13:23:28]     settle 14: 293 @   2633 d -> ok lintwin tank 748.2 (+1.2) miss 66 km (1.9 s)
[13:23:29]     settle 13: 274 @   2407 d -> ok lintwin tank 746.9 (+7.8) miss 52 km (0.7 s)
[13:23:29]     settle 10:  43 @   2342 d -> ok lintwin tank 769.2 (+10.0) miss 56 km (3.1 s)
[13:23:30]     settle 13: 208 @   2693 d -> ok lintwin tank 773.6 (+9.0) miss 86 km (2.5 s)
[13:23:30]   5 candidates dropped (settle failure / regrid failure / duplicate after truncation)
[13:23:30] RESULT s04_c6: 11 columns; frontier 1fb 4 kg p0/2 | 2fb 16 kg p0/1 | 3fb 34 kg p0/0; settles 15 (12 ok), regrids 11 (11 ok); wall 113 s of 300 (plan 57, price 1, settle 56; budget hit None, 0 unsettled)
[13:23:31]     settle 14: 183 @   2605 d -> ok lintwin tank 756.0 (+9.2) miss 70 km (2.2 s)
[13:23:32]   job s04_c6 craft columns  11  levels 8  settles 12/15  end plan_done  wall 113.0 s
[13:23:32]     settle 14: 155 @   2686 d -> ok lintwin tank 731.3 (+10.1) miss 43 km (3.8 s)
[13:23:32]     settle 10: 103 @   2201 d -> ok lintwin tank 772.8 (+13.6) miss 76 km (2.7 s)
[13:23:34]     settle 14:  12 @   2672 d -> ok lintwin tank 770.2 (+13.5) miss 56 km (1.7 s)
[13:23:34] RESULT s04_c5: 16 columns; frontier 1fb 2 kg p0/2 | 2fb 17 kg p2/2 | 3fb 18 kg p0/2; settles 19 (19 ok), regrids 16 (16 ok); wall 116 s of 300 (plan 72, price 1, settle 45; budget hit None, 0 unsettled)
[13:23:35]     settle 10: 213 @   2286 d -> ok lintwin tank 797.4 (+38.2) miss 73 km (1.9 s)
[13:23:35]     settle 12: 197 @   2579 d -> ok lin tank 862.8 (+5.3) miss 98 km (10.5 s)
[13:23:36]     settle 14:  76 @   2623 d -> ok lintwin tank 738.1 (+17.0) miss 5 km (3.0 s)
[13:23:36]   job s04_c5 craft columns  16  levels 9  settles 19/19  end plan_done  wall 116.4 s
[13:23:36]     settle 12: 283 @   2321 d -> ok lintwin tank 714.0 (+2.0) miss 22 km (0.4 s)
[13:23:38]     settle 10: 277 @   2434 d -> ok lintwin tank 763.5 (+4.3) miss 68 km (2.9 s)
[13:23:39]     settle 13:  39 @   2483 d -> ok lintwin tank 723.5 (+9.5) miss 58 km (2.4 s)
[13:23:39]   regrid FAIL (1 fb: miss 731 km, None, 3.5 s) -> column dropped
[13:23:40]     settle 11: 196 @   2666 d -> ok lintwin tank 785.7 (+22.2) miss 64 km (2.1 s)
[13:23:42]     settle 14:  76 @   2633 d -> ok lintwin tank 726.0 (+2.5) miss 12 km (3.1 s)
[13:23:42]     settle 10: 141 @   2188 d -> ok lintwin tank 765.6 (+6.4) miss 58 km (1.9 s)
[13:23:44]     settle 11:  46 @   2401 d -> ok lintwin tank 769.9 (+4.3) miss 54 km (1.9 s)
[13:23:45]     settle 13: 283 @   2317 d -> ok lintwin tank 733.4 (+6.5) miss 1 km (2.9 s)
[13:23:47]     settle 11: 192 @   2331 d -> ok lintwin tank 789.9 (+16.1) miss 80 km (2.1 s)
[13:23:47]     settle 14: 281 @   2431 d -> ok lintwin tank 737.5 (+4.1) miss 71 km (2.0 s)
[13:23:47]     settle 15: 155 @   2685 d -> ok lintwin tank 741.8 (+4.3) miss 83 km (0.4 s)
[13:23:49]     settle 15:  76 @   2630 d -> ok lintwin tank 750.7 (+13.2) miss 54 km (1.6 s)
[13:23:50] RESULT s04_c4: 16 columns; frontier 1fb 2 kg p3/3 | 2fb 8 kg p0/3 | 3fb 14 kg p0/3 | 4fb 30 kg p0/0; settles 21 (21 ok), regrids 16 (16 ok); wall 132 s of 300 (plan 81, price 1, settle 51; budget hit None, 0 unsettled)
[13:23:51]     settle 12: 293 @   2550 d -> ok lintwin tank 838.0 (+48.1) miss 9 km (3.6 s)
[13:23:51]   4 candidates dropped (settle failure / regrid failure / duplicate after truncation)
[13:23:51] RESULT s04_c3: 12 columns; frontier 1fb 10 kg p1/3 | 2fb 11 kg p0/3 | 3fb 79 kg p3/3; settles 17 (17 ok), regrids 12 (12 ok); wall 134 s of 300 (plan 79, price 1, settle 55; budget hit None, 0 unsettled)
[13:23:52]   job s04_c3 craft columns  12  levels 11  settles 17/17  end plan_done  wall 133.5 s
[13:23:52]   job s04_c4 craft columns  16  levels 11  settles 21/21  end plan_done  wall 132.3 s
[13:23:56]     settle 12: 298 @   2699 d -> FAIL [('lam', 23671753.9)] (17.2 s)
[13:23:58]     settle 12:  69 @   2608 d -> ok lintwin tank 883.0 (+25.5) miss 38 km (2.1 s)
[13:24:27]     settle 12: 257 @   2276 d -> FAIL [('lam', 63599.9), ('lin', 6245.5)] (28.5 s)
[13:24:29]     settle 12: 126 @   2259 d -> ok lintwin tank 878.4 (+20.9) miss 35 km (1.9 s)
[13:24:35]     settle 12: 261 @   2284 d -> ok lam tank 881.3 (+23.8) miss 77 km (5.0 s)
[13:24:50]     settle 12:  38 @   2322 d -> FAIL [('lam', 129009.7)] (13.8 s)
[13:24:57]     settle 12: 123 @   2429 d -> ok lam tank 908.4 (+50.9) miss 59 km (6.8 s)
[13:25:04]     settle 12: 129 @   2439 d -> ok lintwin tank 868.8 (+11.3) miss 75 km (1.7 s)
[13:25:23]     settle 13:  54 @   2587 d -> FAIL [('lam', 582.0), ('lin', 294.8)] (18.7 s)
[13:25:39]     settle 13: 197 @   2586 d -> FAIL [('lam', 4248.1), ('lin', 2276.8)] (16.8 s)
[13:25:42]     settle 13: 129 @   2436 d -> ok lintwin tank 908.5 (+27.3) miss 48 km (2.1 s)
[13:25:56]     settle 14:  12 @   2624 d -> ok lam tank 924.8 (+16.2) miss 81 km (14.6 s)
[13:25:57]   10 candidates dropped (settle failure / regrid failure / duplicate after truncation)
[13:25:57] RESULT s04_c7: 6 columns; frontier 1fb 11 kg p2/2 | 3fb 67 kg p1/1; settles 22 (9 ok), regrids 7 (6 ok); wall 259 s of 300 (plan 81, price 1, settle 178; budget hit None, 0 unsettled)
[13:25:58]   job s04_c7 craft columns   6  levels 10  settles 9/22  end plan_done  wall 259.2 s
[13:25:58] [slice 4] propose: 108 columns (0 bad dropped) in 260.5 s
[13:25:58] [slice 4] auction: 108 columns, kept 107, dropped {'ramp': 1}; lam 1.00 H_eff 540 d fuel budget 482 kg quota on prize bonus on 56 targets
[13:25:58] [slice 4] auction: status optimal objective 35.005 vars 107 rows 47 chosen 8 fuel 294/482 kg (0.009 s)
[13:26:02] [slice 4] claims: c1:1 c2:1 c3:3 c7:2  (7 targets: 0 kept, 7 new; 14 released, 0 expired (ttl 4), 1 conflicts)
[13:26:02] [slice 4 T=2160 d] launched 8/8  covered 105  remaining 193  fuel 1342 kg  sumJi 9.0876  chosen: c0:4(+46) c1:3(+34) c2:3(+21) c3:3(+79) c4:4(+30) c5:3(+40) c6:3(+34) c7:1(+11)  rejected: -  (wall 265 s)
[13:26:02] [slice 5] claims in force: c1:1 c2:1 c3:3 c7:2  (7 targets; claim_bonus 1.0, ttl 4)
[13:26:02]   c0: claims: 0 own (prized +1.0), 7 claimed by others withheld
[13:26:02]   c1: claims: 1 own (prized +1.0), 6 claimed by others withheld
[13:26:02]   c2: claims: 1 own (prized +1.0), 6 claimed by others withheld
[13:26:02]   c3: claims: 3 own (prized +1.0), 4 claimed by others withheld
[13:26:02]   c4: claims: 0 own (prized +1.0), 7 claimed by others withheld
[13:26:02]   c5: claims: 0 own (prized +1.0), 7 claimed by others withheld
[13:26:02]   c6: claims: 0 own (prized +1.0), 7 claimed by others withheld
[13:26:02]   c7: claims: 2 own (prized +1.0), 5 claimed by others withheld
[13:26:02] [slice 5 T=2700 d] propose: 8 jobs (8 craft, 0 root) on 9 workers, proposer planbeam, H_eff 540 d, lam 1.0
[13:26:02] job s05_c7 (craft, craft 7, planbeam): T 2700 d H 540 L 360; plan horizon 4320 d; remaining 188; prize >1 on 101; width 150 npt 6 mc 150 dv 1.2 drmax 0.15 plan_wall 240 s; quota {'fil': 11, 'med': 15}
[13:26:02] job s05_c2 (craft, craft 2, planbeam): T 2700 d H 540 L 360; plan horizon 4320 d; remaining 187; prize >1 on 100; width 150 npt 6 mc 150 dv 1.2 drmax 0.15 plan_wall 240 s; quota {'fil': 11, 'med': 11}
[13:26:02] job s05_c1 (craft, craft 1, planbeam): T 2700 d H 540 L 360; plan horizon 4320 d; remaining 187; prize >1 on 100; width 150 npt 6 mc 150 dv 1.2 drmax 0.15 plan_wall 240 s; quota {'fil': 6, 'med': 12}
[13:26:02] job s05_c4 (craft, craft 4, planbeam): T 2700 d H 540 L 360; plan horizon 4320 d; remaining 186; prize >1 on 99; width 150 npt 6 mc 150 dv 1.2 drmax 0.15 plan_wall 240 s; quota {'fil': 8, 'med': 9}
[13:26:02] job s05_c5 (craft, craft 5, planbeam): T 2700 d H 540 L 360; plan horizon 4320 d; remaining 186; prize >1 on 99; width 150 npt 6 mc 150 dv 1.2 drmax 0.15 plan_wall 240 s; quota {'fil': 7, 'med': 11}
[13:26:02] job s05_c3 (craft, craft 3, planbeam): T 2700 d H 540 L 360; plan horizon 4320 d; remaining 189; prize >1 on 102; width 150 npt 6 mc 150 dv 1.2 drmax 0.15 plan_wall 240 s; quota {'fil': 8, 'med': 14}
[13:26:02] job s05_c6 (craft, craft 6, planbeam): T 2700 d H 540 L 360; plan horizon 4320 d; remaining 186; prize >1 on 99; width 150 npt 6 mc 150 dv 1.2 drmax 0.15 plan_wall 240 s; quota {'fil': 8, 'med': 13}
[13:26:02] job s05_c0 (craft, craft 0, planbeam): T 2700 d H 540 L 360; plan horizon 4320 d; remaining 186; prize >1 on 99; width 150 npt 6 mc 150 dv 1.2 drmax 0.15 plan_wall 240 s; quota {'fil': 7, 'med': 13}
[13:26:02] prefix slices/s05/in/craft_7.npz: 12 flybys, t_end 2438.9 d, tank 868.6 kg (planner view), miss 102.9 km, nreg 115
[13:26:02] budget: job_wall 300 s, 300 s left before the plan -> plan cap 210 s (plan_wall 240, settle_reserve 90)
[13:26:02] prefix slices/s05/in/craft_4.npz: 15 flybys, t_end 2685.0 d, tank 741.5 kg (planner view), miss 0.9 km, nreg 133
[13:26:02] budget: job_wall 300 s, 300 s left before the plan -> plan cap 210 s (plan_wall 240, settle_reserve 90)
[13:26:02] prefix slices/s05/in/craft_0.npz: 16 flybys, t_end 2695.4 d, tank 772.6 kg (planner view), miss 2.6 km, nreg 137
[13:26:02] budget: job_wall 300 s, 300 s left before the plan -> plan cap 210 s (plan_wall 240, settle_reserve 90)
[13:26:02] prefix slices/s05/in/craft_6.npz: 13 flybys, t_end 2694.7 d, tank 773.5 kg (planner view), miss 53.0 km, nreg 131
[13:26:02] budget: job_wall 300 s, 300 s left before the plan -> plan cap 210 s (plan_wall 240, settle_reserve 90)
[13:26:02] prefix slices/s05/in/craft_3.npz: 12 flybys, t_end 2558.1 d, tank 837.8 kg (planner view), miss 2.6 km, nreg 127
[13:26:02] budget: job_wall 300 s, 300 s left before the plan -> plan cap 210 s (plan_wall 240, settle_reserve 90)
[13:26:02] prefix slices/s05/in/craft_2.npz: 10 flybys, t_end 2674.3 d, tank 694.7 kg (planner view), miss 8.2 km, nreg 135
[13:26:02] budget: job_wall 300 s, 300 s left before the plan -> plan cap 210 s (plan_wall 240, settle_reserve 90)
[13:26:02] prefix slices/s05/in/craft_1.npz: 13 flybys, t_end 2637.0 d, tank 682.9 kg (planner view), miss 7.8 km, nreg 133
[13:26:02] budget: job_wall 300 s, 300 s left before the plan -> plan cap 210 s (plan_wall 240, settle_reserve 90)
[13:26:02] prefix slices/s05/in/craft_5.npz: 14 flybys, t_end 2666.6 d, tank 770.0 kg (planner view), miss 8.0 km, nreg 132
[13:26:02] budget: job_wall 300 s, 300 s left before the plan -> plan cap 210 s (plan_wall 240, settle_reserve 90)
[13:26:17] first level (both): 0 production + 56 relaxed (dv 2.5, 0.3 AU; 0.1 s) + 61 lintwin children -> 84 unique (14.8 s)
[13:26:17] plan start: prefix 13 flybys, t_end 2637.0 d, planner mass 1409.2 kg (dv 4.980 km/s); 84 first-level states
[13:26:17] first level (both): 0 production + 70 relaxed (dv 2.5, 0.3 AU; 0.1 s) + 38 lintwin children -> 75 unique (15.2 s)
[13:26:17] plan start: prefix 12 flybys, t_end 2558.1 d, planner mass 1148.8 kg (dv 12.997 km/s); 75 first-level states
[13:26:17] first level (both): 0 production + 67 relaxed (dv 2.5, 0.3 AU; 0.1 s) + 37 lintwin children -> 75 unique (15.2 s)
[13:26:17] plan start: prefix 16 flybys, t_end 2695.4 d, planner mass 1245.7 kg (dv 9.818 km/s); 75 first-level states
[13:26:17] first level (both): 0 production + 35 relaxed (dv 2.5, 0.3 AU; 0.1 s) + 63 lintwin children -> 80 unique (15.3 s)
[13:26:17] plan start: prefix 14 flybys, t_end 2666.6 d, planner mass 1249.8 kg (dv 9.689 km/s); 80 first-level states
[13:26:18] first level (both): 0 production + 72 relaxed (dv 2.5, 0.3 AU; 0.1 s) + 68 lintwin children -> 108 unique (15.6 s)
[13:26:18] plan start: prefix 15 flybys, t_end 2685.0 d, planner mass 1297.9 kg (dv 8.209 km/s); 108 first-level states
[13:26:18] first level (both): 0 production + 45 relaxed (dv 2.5, 0.3 AU; 0.1 s) + 79 lintwin children -> 109 unique (15.6 s)
[13:26:18] plan start: prefix 12 flybys, t_end 2438.9 d, planner mass 1108.0 kg (dv 14.415 km/s); 109 first-level states
[13:26:18] first level (both): 0 production + 57 relaxed (dv 2.5, 0.3 AU; 0.1 s) + 61 lintwin children -> 89 unique (16.1 s)
[13:26:18] plan start: prefix 10 flybys, t_end 2674.3 d, planner mass 1385.3 kg (dv 5.652 km/s); 89 first-level states
[13:26:19] first level (both): 0 production + 53 relaxed (dv 2.5, 0.3 AU; 0.1 s) + 61 lintwin children -> 89 unique (16.6 s)
[13:26:19] plan start: prefix 13 flybys, t_end 2694.7 d, planner mass 1244.2 kg (dv 9.867 km/s); 89 first-level states
[13:26:56] plan: 846 states, depth 8 new flybys, end plan_done (54 s); deepest 8 new to 4287 d at planner fuel 611 kg
[13:26:56]   depth  1:   75 states (64 in H), t_end 2783-3351 d, fuel 362-445 kg
[13:26:56]   depth  2:  150 states (41 in H), t_end 2962-3845 d, fuel 375-477 kg
[13:26:56]   depth  3:  150 states (0 in H), t_end 3260-4275 d, fuel 404-503 kg
[13:26:56]   depth  4:  150 states (0 in H), t_end 3587-4298 d, fuel 415-524 kg
[13:26:56]   depth  5:  150 states (0 in H), t_end 3824-4317 d, fuel 443-552 kg
[13:26:56]   depth  6:  150 states (0 in H), t_end 3933-4318 d, fuel 470-568 kg
[13:26:56]   depth  7:   20 states (0 in H), t_end 4060-4316 d, fuel 496-592 kg
[13:26:56]   depth  8:    1 states (0 in H), t_end 4287-4287 d, fuel 611-611 kg
[13:26:56] candidates: 52 distinct committed target sets (n_new 1-2, potential 0-2)
[13:26:56] frontier: 16 candidates chosen (n fb / committed planner kg / continuation (lookahead) [full]; pot_mode lookahead, pot_cap None): 1fb/366kg/p1(1)[1], 1fb/367kg/p2(2)[2], 1fb/378kg/p2(2)[2], 1fb/384kg/p2(1)[2], 1fb/384kg/p2(1)[2], 1fb/389kg/p2(1)[2], 1fb/394kg/p2(1)[2], 1fb/403kg/p2(2)[2], 1fb/410kg/p3(2)[3], 1fb/413kg/p2(1)[2], 1fb/422kg/p2(1)[2], 1fb/426kg/p2(1)[2], 1fb/439kg/p2(1)[2], 2fb/392kg/p0(0)[0], 2fb/395kg/p1(1)[1], 2fb/434kg/p2(2)[2]
[13:26:56] budget: 246 s of 300 left for the settles + regrids (settle_wall 480)
[13:27:00]     settle 17: 106 @   2957 d -> ok lintwin tank 780.3 (+7.7) miss 2 km (3.9 s)
[13:27:01] plan: 1001 states, depth 9 new flybys, end plan_done (59 s); deepest 9 new to 4233 d at planner fuel 468 kg
[13:27:01]   depth  1:   89 states (75 in H), t_end 2710-3379 d, fuel 223-316 kg
[13:27:01]   depth  2:  150 states (70 in H), t_end 2976-3786 d, fuel 234-353 kg
[13:27:01]   depth  3:  150 states (13 in H), t_end 3138-4069 d, fuel 257-383 kg
[13:27:01]   depth  4:  150 states (0 in H), t_end 3385-4314 d, fuel 297-417 kg
[13:27:01]   depth  5:  150 states (0 in H), t_end 3671-4318 d, fuel 321-449 kg
[13:27:01]   depth  6:  150 states (0 in H), t_end 3882-4317 d, fuel 374-473 kg
[13:27:01]   depth  7:  120 states (0 in H), t_end 3999-4318 d, fuel 412-504 kg
[13:27:01]   depth  8:   37 states (0 in H), t_end 4153-4308 d, fuel 445-535 kg
[13:27:01]   depth  9:    5 states (0 in H), t_end 4230-4277 d, fuel 468-558 kg
[13:27:01] candidates: 90 distinct committed target sets (n_new 1-3, potential 0-3)
[13:27:01] frontier: 16 candidates chosen (n fb / committed planner kg / continuation (lookahead) [full]; pot_mode lookahead, pot_cap None): 1fb/235kg/p1(1)[1], 1fb/236kg/p3(1)[3], 1fb/237kg/p1(1)[1], 1fb/244kg/p2(1)[2], 1fb/250kg/p2(2)[2], 1fb/264kg/p2(1)[2], 1fb/279kg/p2(2)[2], 1fb/280kg/p2(1)[2], 1fb/291kg/p3(3)[3], 1fb/305kg/p3(1)[3], 2fb/243kg/p1(1)[1], 2fb/245kg/p2(2)[2], 2fb/258kg/p2(1)[2], 3fb/274kg/p0(0)[0], 3fb/280kg/p1(1)[1], 3fb/325kg/p0(0)[0]
[13:27:01] budget: 241 s of 300 left for the settles + regrids (settle_wall 480)
[13:27:04] plan: 1033 states, depth 10 new flybys, end plan_done (62 s); deepest 10 new to 4306 d at planner fuel 628 kg
[13:27:04]   depth  1:   80 states (68 in H), t_end 2744-3379 d, fuel 357-446 kg
[13:27:04]   depth  2:  150 states (47 in H), t_end 3028-3979 d, fuel 386-473 kg
[13:27:04]   depth  3:  150 states (6 in H), t_end 3209-4288 d, fuel 403-502 kg
[13:27:04]   depth  4:  150 states (0 in H), t_end 3391-4320 d, fuel 420-537 kg
[13:27:04]   depth  5:  150 states (0 in H), t_end 3555-4320 d, fuel 469-559 kg
[13:27:04]   depth  6:  150 states (0 in H), t_end 3735-4320 d, fuel 496-574 kg
[13:27:04]   depth  7:  109 states (0 in H), t_end 3920-4320 d, fuel 543-605 kg
[13:27:04]   depth  8:   69 states (0 in H), t_end 4064-4320 d, fuel 555-620 kg
[13:27:04]   depth  9:   23 states (0 in H), t_end 4214-4310 d, fuel 587-637 kg
[13:27:04]   depth 10:    2 states (0 in H), t_end 4304-4306 d, fuel 628-630 kg
[13:27:04] candidates: 79 distinct committed target sets (n_new 1-3, potential 0-2)
[13:27:04] frontier: 16 candidates chosen (n fb / committed planner kg / continuation (lookahead) [full]; pot_mode lookahead, pot_cap None): 1fb/366kg/p1(1)[1], 1fb/369kg/p0(0)[0], 1fb/383kg/p2(1)[2], 1fb/393kg/p2(1)[2], 1fb/393kg/p2(2)[2], 1fb/396kg/p2(2)[2], 1fb/413kg/p2(2)[2], 1fb/413kg/p2(1)[2], 1fb/423kg/p3(2)[3], 1fb/425kg/p4(2)[4], 2fb/389kg/p0(0)[0], 2fb/398kg/p0(0)[0], 2fb/439kg/p3(2)[3], 3fb/461kg/p2(2)[2], 3fb/473kg/p1(1)[1], 3fb/482kg/p1(1)[1]
[13:27:04] budget: 238 s of 300 left for the settles + regrids (settle_wall 480)
[13:27:04] plan: 1105 states, depth 9 new flybys, end plan_done (62 s); deepest 9 new to 4317 d at planner fuel 448 kg
[13:27:04]   depth  1:   84 states (69 in H), t_end 2710-3321 d, fuel 191-292 kg
[13:27:04]   depth  2:  150 states (52 in H), t_end 2863-3849 d, fuel 204-327 kg
[13:27:04]   depth  3:  150 states (7 in H), t_end 3133-4250 d, fuel 229-362 kg
[13:27:04]   depth  4:  150 states (0 in H), t_end 3407-4254 d, fuel 258-383 kg
[13:27:04]   depth  5:  150 states (0 in H), t_end 3551-4317 d, fuel 309-421 kg
[13:27:04]   depth  6:  150 states (0 in H), t_end 3789-4320 d, fuel 330-451 kg
[13:27:04]   depth  7:  150 states (0 in H), t_end 3948-4320 d, fuel 359-470 kg
[13:27:04]   depth  8:  109 states (0 in H), t_end 4100-4320 d, fuel 420-473 kg
[13:27:04]   depth  9:   12 states (0 in H), t_end 4235-4319 d, fuel 448-496 kg
[13:27:04] candidates: 76 distinct committed target sets (n_new 1-3, potential 0-2)
[13:27:04] frontier: 16 candidates chosen (n fb / committed planner kg / continuation (lookahead) [full]; pot_mode lookahead, pot_cap None): 1fb/195kg/p1(1)[1], 1fb/210kg/p3(2)[3], 1fb/211kg/p2(2)[2], 1fb/217kg/p2(2)[2], 1fb/217kg/p3(2)[3], 1fb/218kg/p2(1)[2], 1fb/235kg/p2(1)[2], 1fb/248kg/p4(2)[4], 1fb/268kg/p3(2)[3], 1fb/269kg/p4(2)[4], 2fb/204kg/p1(1)[1], 2fb/227kg/p1(1)[1], 2fb/280kg/p3(2)[3], 3fb/300kg/p2(2)[2], 3fb/310kg/p2(2)[2], 3fb/327kg/p0(0)[0]
[13:27:04] budget: 238 s of 300 left for the settles + regrids (settle_wall 480)
[13:27:04]     settle 11: 153 @   2974 d -> ok lintwin tank 699.8 (+5.1) miss 78 km (3.2 s)
[13:27:04]     settle 17:  28 @   3135 d -> ok lintwin tank 776.3 (+3.7) miss 70 km (4.3 s)
[13:27:05]     settle 14:  81 @   3212 d -> ok lintwin tank 684.8 (+1.8) miss 16 km (0.5 s)
[13:27:05] plan: 1072 states, depth 9 new flybys, end plan_done (63 s); deepest 9 new to 4227 d at planner fuel 542 kg
[13:27:05]   depth  1:   89 states (76 in H), t_end 2762-3618 d, fuel 369-447 kg
[13:27:05]   depth  2:  150 states (56 in H), t_end 3008-3855 d, fuel 391-474 kg
[13:27:05]   depth  3:  150 states (3 in H), t_end 3123-4223 d, fuel 399-490 kg
[13:27:05]   depth  4:  150 states (0 in H), t_end 3396-4241 d, fuel 423-516 kg
[13:27:05]   depth  5:  150 states (0 in H), t_end 3485-4282 d, fuel 433-543 kg
[13:27:05]   depth  6:  150 states (0 in H), t_end 3771-4311 d, fuel 460-572 kg
[13:27:05]   depth  7:  125 states (0 in H), t_end 3821-4270 d, fuel 469-573 kg
[13:27:05]   depth  8:   96 states (0 in H), t_end 3988-4310 d, fuel 489-567 kg
[13:27:05]   depth  9:   12 states (0 in H), t_end 4223-4254 d, fuel 542-568 kg
[13:27:05] candidates: 75 distinct committed target sets (n_new 1-3, potential 0-3)
[13:27:05] frontier: 16 candidates chosen (n fb / committed planner kg / continuation (lookahead) [full]; pot_mode lookahead, pot_cap None): 1fb/369kg/p2(2)[2], 1fb/374kg/p0(0)[0], 1fb/376kg/p1(0)[1], 1fb/376kg/p1(0)[1], 1fb/382kg/p2(1)[2], 1fb/385kg/p4(3)[4], 1fb/403kg/p2(1)[2], 1fb/419kg/p2(1)[2], 1fb/421kg/p2(2)[2], 1fb/425kg/p3(2)[3], 1fb/429kg/p2(0)[2], 1fb/439kg/p2(2)[2], 2fb/394kg/p1(1)[1], 2fb/397kg/p3(3)[3], 2fb/398kg/p0(0)[0], 3fb/477kg/p0(0)[0]
[13:27:05] budget: 237 s of 300 left for the settles + regrids (settle_wall 480)
[13:27:07]     settle 11:  60 @   2908 d -> ok lintwin tank 704.2 (+9.5) miss 70 km (2.1 s)
[13:27:07]     settle 15: 220 @   3221 d -> ok lintwin tank 780.1 (+10.0) miss 19 km (2.6 s)
[13:27:08]     settle 14:  66 @   2897 d -> ok lintwin tank 688.1 (+5.1) miss 74 km (2.0 s)
[13:27:09] plan: 1114 states, depth 11 new flybys, end plan_done (66 s); deepest 11 new to 4302 d at planner fuel 748 kg
[13:27:09]   depth  1:   75 states (70 in H), t_end 2706-3345 d, fuel 466-535 kg
[13:27:09]   depth  2:  150 states (78 in H), t_end 2806-3761 d, fuel 478-569 kg
[13:27:09]   depth  3:  150 states (39 in H), t_end 2929-4100 d, fuel 504-594 kg
[13:27:09]   depth  4:  150 states (7 in H), t_end 3145-4308 d, fuel 551-618 kg
[13:27:09]   depth  5:  150 states (0 in H), t_end 3349-4318 d, fuel 578-644 kg
[13:27:09]   depth  6:  150 states (0 in H), t_end 3668-4306 d, fuel 591-660 kg
[13:27:09]   depth  7:  150 states (0 in H), t_end 3833-4320 d, fuel 622-685 kg
[13:27:09]   depth  8:   92 states (0 in H), t_end 3950-4319 d, fuel 638-702 kg
[13:27:09]   depth  9:   35 states (0 in H), t_end 4039-4320 d, fuel 657-727 kg
[13:27:09]   depth 10:    7 states (0 in H), t_end 4199-4248 d, fuel 726-743 kg
[13:27:09]   depth 11:    5 states (0 in H), t_end 4299-4305 d, fuel 748-771 kg
[13:27:09] candidates: 113 distinct committed target sets (n_new 1-4, potential 0-3)
[13:27:09] frontier: 16 candidates chosen (n fb / committed planner kg / continuation (lookahead) [full]; pot_mode lookahead, pot_cap None): 1fb/466kg/p1(1)[1], 1fb/469kg/p2(0)[2], 1fb/479kg/p2(0)[2], 1fb/483kg/p2(1)[2], 1fb/511kg/p4(2)[4], 1fb/526kg/p3(0)[3], 2fb/478kg/p0(0)[0], 2fb/486kg/p0(0)[0], 2fb/524kg/p3(2)[3], 2fb/534kg/p3(3)[3], 3fb/520kg/p0(0)[0], 3fb/527kg/p0(0)[0], 3fb/547kg/p2(2)[2], 4fb/608kg/p0(0)[0], 4fb/609kg/p0(0)[0], 4fb/616kg/p1(1)[1]
[13:27:09] budget: 233 s of 300 left for the settles + regrids (settle_wall 480)
[13:27:09]     settle 17: 290 @   3116 d -> ok lintwin tank 789.1 (+16.5) miss 52 km (4.6 s)
[13:27:09]     settle 14:  75 @   3085 d -> ok lintwin tank 780.4 (+6.8) miss 71 km (4.1 s)
[13:27:10] plan: 1097 states, depth 9 new flybys, end plan_done (68 s); deepest 9 new to 4302 d at planner fuel 714 kg
[13:27:10]   depth  1:  109 states (95 in H), t_end 2702-3357 d, fuel 492-569 kg
[13:27:10]   depth  2:  150 states (103 in H), t_end 2964-3825 d, fuel 496-600 kg
[13:27:10]   depth  3:  150 states (15 in H), t_end 3148-4095 d, fuel 531-619 kg
[13:27:10]   depth  4:  150 states (0 in H), t_end 3318-4161 d, fuel 553-643 kg
[13:27:10]   depth  5:  150 states (0 in H), t_end 3488-4301 d, fuel 582-662 kg
[13:27:10]   depth  6:  150 states (0 in H), t_end 3662-4304 d, fuel 593-689 kg
[13:27:10]   depth  7:  150 states (0 in H), t_end 3837-4318 d, fuel 618-712 kg
[13:27:10]   depth  8:   79 states (0 in H), t_end 4087-4320 d, fuel 675-735 kg
[13:27:10]   depth  9:    9 states (0 in H), t_end 4202-4303 d, fuel 714-742 kg
[13:27:10] candidates: 129 distinct committed target sets (n_new 1-3, potential 0-3)
[13:27:10] frontier: 16 candidates chosen (n fb / committed planner kg / continuation (lookahead) [full]; pot_mode lookahead, pot_cap None): 1fb/492kg/p1(1)[1], 1fb/494kg/p1(1)[1], 1fb/512kg/p4(2)[4], 1fb/517kg/p3(1)[3], 1fb/519kg/p4(3)[4], 1fb/526kg/p3(2)[3], 1fb/530kg/p3(2)[3], 1fb/531kg/p4(2)[4], 1fb/551kg/p4(2)[4], 1fb/557kg/p4(2)[4], 2fb/507kg/p0(0)[0], 2fb/521kg/p0(0)[0], 2fb/528kg/p3(2)[3], 3fb/548kg/p2(2)[2], 3fb/557kg/p0(0)[0], 3fb/560kg/p1(1)[1]
[13:27:10] budget: 232 s of 300 left for the settles + regrids (settle_wall 480)
[13:27:10]     settle 14:  25 @   3090 d -> ok lintwin tank 685.9 (+3.0) miss 34 km (2.2 s)
[13:27:11]     settle 15: 294 @   3014 d -> ok lintwin tank 801.7 (+31.7) miss 69 km (3.8 s)
[13:27:12]     settle 14: 120 @   3146 d -> ok lintwin tank 695.5 (+12.5) miss 31 km (1.1 s)
[13:27:12]     settle 11: 179 @   3086 d -> ok lintwin tank 702.7 (+8.0) miss 66 km (5.0 s)
[13:27:13]     settle 13:  98 @   2757 d -> ok lintwin tank 849.9 (+12.1) miss 45 km (4.1 s)
[13:27:13]     settle 17: 273 @   2993 d -> ok lintwin tank 790.5 (+17.9) miss 65 km (3.5 s)
[13:27:14]     settle 15:   6 @   2834 d -> ok lintwin tank 788.3 (+18.2) miss 73 km (2.0 s)
[13:27:14]     settle 14:  61 @   3206 d -> ok lintwin tank 787.3 (+13.8) miss 81 km (4.1 s)
[13:27:15]     settle 11: 257 @   2867 d -> ok lintwin tank 710.7 (+16.0) miss 78 km (2.4 s)
[13:27:15]     settle 14: 111 @   2967 d -> ok lintwin tank 723.7 (+40.7) miss 80 km (2.8 s)
[13:27:16]     settle 13: 102 @   2808 d -> ok lintwin tank 848.9 (+11.1) miss 67 km (3.2 s)
[13:27:17]     settle 15:  30 @   2793 d -> ok lintwin tank 800.7 (+30.7) miss 69 km (2.6 s)
[13:27:17] plan: 1298 states, depth 11 new flybys, end plan_done (74 s); deepest 11 new to 4269 d at planner fuel 615 kg
[13:27:17]   depth  1:  108 states (96 in H), t_end 2758-3371 d, fuel 309-396 kg
[13:27:17]   depth  2:  150 states (80 in H), t_end 2882-3695 d, fuel 326-437 kg
[13:27:17]   depth  3:  150 states (8 in H), t_end 3050-4071 d, fuel 335-450 kg
[13:27:17]   depth  4:  150 states (3 in H), t_end 3178-4231 d, fuel 361-472 kg
[13:27:17]   depth  5:  150 states (0 in H), t_end 3567-4317 d, fuel 388-501 kg
[13:27:17]   depth  6:  150 states (0 in H), t_end 3646-4318 d, fuel 438-519 kg
[13:27:17]   depth  7:  150 states (0 in H), t_end 3756-4319 d, fuel 465-550 kg
[13:27:17]   depth  8:  146 states (0 in H), t_end 3874-4320 d, fuel 506-576 kg
[13:27:17]   depth  9:  106 states (0 in H), t_end 3956-4312 d, fuel 528-606 kg
[13:27:17]   depth 10:   35 states (0 in H), t_end 4071-4311 d, fuel 555-629 kg
[13:27:17]   depth 11:    3 states (0 in H), t_end 4269-4276 d, fuel 615-625 kg
[13:27:17] candidates: 93 distinct committed target sets (n_new 1-4, potential 0-3)
[13:27:17] frontier: 16 candidates chosen (n fb / committed planner kg / continuation (lookahead) [full]; pot_mode lookahead, pot_cap None): 1fb/309kg/p2(2)[2], 1fb/313kg/p0(0)[0], 1fb/318kg/p3(2)[3], 1fb/339kg/p3(2)[3], 1fb/343kg/p3(2)[3], 1fb/351kg/p3(2)[3], 1fb/353kg/p4(2)[4], 1fb/354kg/p3(3)[3], 2fb/335kg/p2(2)[2], 2fb/336kg/p0(0)[0], 2fb/393kg/p3(2)[3], 3fb/403kg/p0(0)[0], 3fb/409kg/p0(0)[0], 3fb/421kg/p2(2)[2], 4fb/451kg/p0(0)[0], 4fb/470kg/p0(0)[0]
[13:27:17] budget: 225 s of 300 left for the settles + regrids (settle_wall 480)
[13:27:17]     settle 16:   8 @   3037 d -> ok lintwin tank 744.6 (+3.0) miss 19 km (0.4 s)
[13:27:19]     settle 16: 194 @   2882 d -> ok lintwin tank 748.6 (+7.1) miss 67 km (1.6 s)
[13:27:19]     settle 17: 270 @   2784 d -> ok lintwin tank 958.9 (+186.4) miss 85 km (5.6 s)
[13:27:20]     settle 14: 166 @   2976 d -> ok lintwin tank 744.3 (+61.4) miss 65 km (3.9 s)
[13:27:20]     settle 11: 206 @   3153 d -> ok lintwin tank 708.9 (+14.1) miss 95 km (4.1 s)
[13:27:20]     settle 16: 238 @   2943 d -> ok lintwin tank 751.3 (+9.8) miss 6 km (0.4 s)
[13:27:20]     settle 14: 183 @   2983 d -> ok lintwin tank 828.7 (+55.2) miss 10 km (5.7 s)
[13:27:21]     settle 16: 203 @   2900 d -> ok lintwin tank 753.4 (+11.9) miss 22 km (0.4 s)
[13:27:22]     settle 14: 116 @   2877 d -> ok lintwin tank 700.7 (+17.7) miss 45 km (1.5 s)
[13:27:22]     settle 13: 289 @   2820 d -> ok lintwin tank 845.4 (+7.6) miss 51 km (5.0 s)
[13:27:22]     settle 14: 191 @   2827 d -> ok lintwin tank 682.9 (+-0.0) miss 18 km (0.3 s)
[13:27:23]     settle 15:  86 @   3075 d -> ok lintwin tank 854.4 (+84.4) miss 3 km (5.7 s)
[13:27:23]     settle 17: 299 @   2917 d -> ok lintwin tank 795.2 (+22.6) miss 66 km (3.4 s)
[13:27:24]     settle 11: 295 @   2885 d -> ok lintwin tank 721.2 (+26.4) miss 67 km (3.5 s)
[13:27:24]     settle 16: 130 @   2966 d -> ok lintwin tank 780.3 (+38.8) miss 74 km (3.4 s)
[13:27:25]     settle 14:   4 @   2929 d -> ok lintwin tank 783.5 (+10.0) miss 77 km (3.4 s)
[13:27:26]     settle 13: 276 @   3178 d -> ok lam tank 901.0 (+32.3) miss 2 km (15.8 s)
[13:27:26]     settle 15:  66 @   2901 d -> ok lintwin tank 802.5 (+32.4) miss 76 km (3.0 s)
[13:27:26]     settle 14:  54 @   2811 d -> ok lintwin tank 794.4 (+111.4) miss 76 km (3.7 s)
[13:27:26]     settle 16: 210 @   2895 d -> ok lintwin tank 758.5 (+17.0) miss 70 km (1.6 s)
[13:27:27]     settle 13: 165 @   2902 d -> ok lintwin tank 862.3 (+24.5) miss 52 km (4.3 s)
[13:27:27]     settle 11: 203 @   2989 d -> ok lintwin tank 728.6 (+33.8) miss 53 km (3.0 s)
[13:27:28]     settle 17:  26 @   2954 d -> ok lintwin tank 782.6 (+10.0) miss 1 km (4.0 s)
[13:27:28]     settle 16: 252 @   2775 d -> ok lintwin tank 752.5 (+11.0) miss 72 km (1.5 s)
[13:27:29]     settle 16: 204 @   3075 d -> ok lintwin tank 752.5 (+10.9) miss 22 km (0.4 s)
[13:27:29]     settle 14:  21 @   2748 d -> ok lintwin tank 714.4 (+31.5) miss 84 km (2.3 s)
[13:27:29]     settle 15: 180 @   3029 d -> ok lintwin tank 800.7 (+30.7) miss 74 km (2.9 s)
[13:27:30]     settle 11: 178 @   2803 d -> ok lintwin tank 721.6 (+26.9) miss 32 km (1.8 s)
[13:27:30]     settle 16: 252 @   2770 d -> ok lintwin tank 753.2 (+11.7) miss 27 km (0.3 s)
[13:27:30]     settle 14: 191 @   2820 d -> ok lintwin tank 682.9 (+-0.0) miss 0 km (0.4 s)
[13:27:31]     settle 15:  81 @   3210 d -> ok lintwin tank 685.2 (+2.3) miss 8 km (0.4 s)
[13:27:31]     settle 14: 142 @   2880 d -> ok lintwin tank 827.4 (+53.8) miss 3 km (5.2 s)
[13:27:32]     settle 13: 160 @   2768 d -> ok lintwin tank 866.8 (+29.1) miss 3 km (5.1 s)
[13:27:32]     settle 17: 188 @   2949 d -> ok lintwin tank 755.4 (+2.1) miss 69 km (2.3 s)
[13:27:33]   regrid FAIL (1 fb: miss 910 km, None, 7.0 s) -> column dropped
[13:27:35]     settle 17: 111 @   2977 d -> ok lintwin tank 800.8 (+28.2) miss 72 km (4.3 s)
[13:27:35]     settle 11:  36 @   3124 d -> ok lintwin tank 696.8 (+2.1) miss 92 km (4.8 s)
[13:27:35]     settle 16: 188 @   2951 d -> ok lintwin tank 751.5 (+10.0) miss 81 km (2.4 s)
[13:27:36]     settle 15: 120 @   3210 d -> ok lintwin tank 732.8 (+9.1) miss 28 km (4.8 s)
[13:27:36]     settle 15:  26 @   2941 d -> ok lintwin tank 816.7 (+46.6) miss 2 km (5.3 s)
[13:27:37]     settle 17: 162 @   2822 d -> ok lintwin tank 798.1 (+25.6) miss 56 km (1.8 s)
[13:27:37]     settle 13: 173 @   2706 d -> ok lintwin tank 861.2 (+23.5) miss 79 km (4.7 s)
[13:27:37]   drift: leg 173@2706 d settled outside (T, T+H] -> column cut at 0
[13:27:38]     settle 17: 206 @   3155 d -> ok lintwin tank 752.9 (+1.4) miss 71 km (2.5 s)
[13:27:38]     settle 15:  20 @   3017 d -> ok lintwin tank 779.3 (+9.2) miss 41 km (0.7 s)
[13:27:39]     settle 15: 165 @   2923 d -> ok lintwin tank 707.5 (+24.6) miss 71 km (2.9 s)
[13:27:39]     settle 11:  20 @   2919 d -> ok lintwin tank 715.3 (+20.6) miss 4 km (3.9 s)
[13:27:40]     settle 14: 162 @   2997 d -> ok lintwin tank 791.4 (+17.9) miss 77 km (3.5 s)
[13:27:40]     settle 16:  28 @   3201 d -> ok lintwin tank 711.6 (+4.1) miss 69 km (0.6 s)
[13:27:40]     settle 17: 294 @   3070 d -> ok lintwin tank 805.0 (+32.4) miss 74 km (3.1 s)
[13:27:40]     settle 17: 210 @   2900 d -> ok lintwin tank 781.8 (+29.3) miss 74 km (2.4 s)
[13:27:41]     settle 14: 222 @   2951 d -> ok lintwin tank 931.6 (+81.8) miss 43 km (3.7 s)
[13:27:43]     settle 15: 116 @   2889 d -> ok lintwin tank 819.6 (+49.6) miss 25 km (4.0 s)
[13:27:43]     settle 15: 116 @   2867 d -> ok lintwin tank 726.5 (+12.1) miss 80 km (2.4 s)
[13:27:44]     settle 14:  30 @   2919 d -> ok lintwin tank 793.6 (+20.1) miss 78 km (3.4 s)
[13:27:44]     settle 16:  28 @   3177 d -> ok lintwin tank 736.2 (+9.7) miss 42 km (1.1 s)
[13:27:44]     settle 12: 220 @   3213 d -> ok lintwin tank 705.6 (+1.4) miss 69 km (4.4 s)
[13:27:44]     settle 17:  75 @   3050 d -> ok lintwin tank 786.2 (+27.7) miss 65 km (3.4 s)
[13:27:46]     settle 16: 259 @   3214 d -> ok lintwin tank 788.5 (+0.2) miss 65 km (2.8 s)
[13:27:46]     settle 12: 259 @   3208 d -> ok lintwin tank 705.9 (+1.7) miss 55 km (1.5 s)
[13:27:47]     settle 14:   4 @   2936 d -> ok lintwin tank 906.6 (+56.8) miss 40 km (5.0 s)
[13:27:47]     settle 17:  20 @   3025 d -> ok lintwin tank 806.4 (+33.9) miss 2 km (6.2 s)
[13:27:47]     settle 18:  72 @   3189 d -> ok lintwin tank 790.3 (+4.2) miss 72 km (2.8 s)
[13:27:48]     settle 12: 179 @   3085 d -> ok lintwin tank 705.1 (+0.9) miss 49 km (0.8 s)
[13:27:49]     settle 15: 259 @   3071 d -> ok lintwin tank 792.7 (+22.7) miss 62 km (2.1 s)
[13:27:49]     settle 14: 188 @   2944 d -> ok lam tank 899.7 (+126.2) miss 9 km (4.4 s)
[13:27:49]     settle 13: 220 @   3211 d -> ok lintwin tank 713.6 (+8.5) miss 66 km (1.2 s)
[13:27:50]     settle 13: 259 @   3205 d -> ok lintwin tank 707.6 (+2.6) miss 24 km (0.5 s)
[13:27:50]     settle 16: 186 @   3232 d -> ok lintwin tank 795.7 (+3.0) miss 25 km (1.4 s)
[13:27:50]     settle 17:  75 @   3046 d -> ok lintwin tank 786.2 (+27.7) miss 66 km (2.8 s)
[13:27:51]     settle 15: 297 @   3072 d -> ok lam tank 716.0 (+33.1) miss 1 km (6.9 s)
[13:27:52]     settle 16:  20 @   3039 d -> ok lintwin tank 819.5 (+-0.1) miss 73 km (1.8 s)
[13:27:53]     settle 11: 116 @   2860 d -> ok lintwin tank 733.6 (+38.9) miss 63 km (2.3 s)
[13:27:53]     settle 18: 112 @   3170 d -> ok lintwin tank 812.8 (+26.6) miss 79 km (2.5 s)
[13:27:53]     settle 14:   4 @   2940 d -> ok lam tank 888.9 (+22.1) miss 4 km (6.1 s)
[13:27:53]     settle 16: 256 @   3195 d -> ok lintwin tank 721.0 (+5.0) miss 72 km (2.0 s)
[13:27:54] RESULT s05_c1: 16 columns; frontier 1fb -0 kg p2/2 | 2fb 2 kg p1/2 | 3fb 28 kg p2/2; settles 19 (19 ok), regrids 16 (16 ok); wall 112 s of 300 (plan 62, price 1, settle 50; budget hit None, 0 unsettled)
[13:27:54]   job s05_c1 craft columns  16  levels 9  settles 19/19  end plan_done  wall 111.9 s
[13:27:55]     settle 17:  29 @   3221 d -> ok lintwin tank 835.4 (+15.9) miss 67 km (2.2 s)
[13:27:55]     settle 14: 204 @   3045 d -> ok lintwin tank 788.9 (+15.4) miss 79 km (4.0 s)
[13:27:56]     settle 17:   6 @   2839 d -> ok lintwin tank 815.5 (+42.9) miss 0 km (5.2 s)
[13:27:57]     settle 16:  20 @   3044 d -> ok lintwin tank 819.5 (+-0.1) miss 71 km (1.8 s)
[13:27:58]     settle 12:  20 @   3000 d -> ok lintwin tank 747.9 (+14.3) miss 11 km (5.4 s)
[13:27:59]     settle 14: 166 @   2969 d -> ok lintwin tank 779.9 (+6.4) miss 77 km (3.3 s)
[13:28:00]     settle 14: 146 @   2987 d -> ok lam tank 888.3 (+21.4) miss 2 km (6.1 s)
[13:28:02]     settle 17: 149 @   3218 d -> ok lintwin tank 845.0 (+25.5) miss 68 km (4.4 s)
[13:28:03]     settle 14: 262 @   2891 d -> ok lintwin tank 825.6 (+52.1) miss 62 km (2.9 s)
[13:28:03]     settle 17:  66 @   2909 d -> ok lintwin tank 823.8 (+51.3) miss 0 km (4.2 s)
[13:28:03]     settle 13: 290 @   3145 d -> ok lintwin tank 795.5 (+47.6) miss 2 km (5.1 s)
[13:28:04] RESULT s05_c2: 16 columns; frontier 1fb 2 kg p3/3 | 2fb 10 kg p1/2 | 3fb 13 kg p1/1; settles 18 (18 ok), regrids 16 (16 ok); wall 122 s of 300 (plan 59, price 1, settle 63; budget hit None, 0 unsettled)
[13:28:04]     settle 16:  20 @   3034 d -> ok lintwin tank 819.5 (+-0.1) miss 73 km (1.8 s)
[13:28:04]   job s05_c2 craft columns  16  levels 9  settles 18/18  end plan_done  wall 121.8 s
[13:28:06]     settle 13: 232 @   3225 d -> FAIL [('lam', 13821060.8)] (32.9 s)
[13:28:06]     settle 14: 259 @   3040 d -> ok lam tank 822.6 (+49.0) miss 13 km (3.1 s)
[13:28:07]     settle 17: 220 @   3210 d -> ok lintwin tank 835.2 (+15.7) miss 78 km (2.8 s)
[13:28:07]     settle 14: 292 @   3032 d -> ok lam tank 866.8 (+17.9) miss 4 km (6.0 s)
[13:28:07] RESULT s05_c5: 16 columns; frontier 1fb 9 kg p2/2 | 2fb 18 kg p0/2 | 3fb 65 kg p1/2; settles 19 (19 ok), regrids 16 (16 ok); wall 125 s of 300 (plan 62, price 1, settle 63; budget hit None, 0 unsettled)
[13:28:08]   job s05_c5 craft columns  16  levels 10  settles 19/19  end plan_done  wall 125.4 s
[13:28:12]     settle 15:  75 @   3086 d -> ok lintwin tank 899.2 (+71.8) miss 5 km (5.5 s)
[13:28:13]     settle 17:  28 @   3134 d -> ok lintwin tank 776.3 (+3.7) miss 68 km (4.0 s)
[13:28:13]     settle 15: 296 @   3201 d -> ok lintwin tank 881.6 (+14.9) miss 3 km (5.3 s)
[13:28:13]     settle 18: 170 @   3183 d -> ok lintwin tank 776.8 (+0.5) miss 7 km (0.5 s)
[13:28:13]     settle 18:  75 @   3054 d -> ok lam tank 800.4 (+18.6) miss 0 km (19.6 s)
[13:28:16]     settle 15:  75 @   3086 d -> ok lintwin tank 796.1 (+4.7) miss 84 km (3.6 s)
[13:28:20]     settle 15:  61 @   3217 d -> ok lintwin tank 796.3 (+12.7) miss 28 km (2.9 s)
[13:28:21]     settle 14: 180 @   3032 d -> ok lintwin tank 876.1 (+27.3) miss 69 km (4.4 s)
[13:28:21]     settle 18:  28 @   3131 d -> FAIL [('lam', 80177986.4)] (7.8 s)
[13:28:22]     settle 18: 290 @   3130 d -> ok lintwin tank 800.8 (+2.7) miss 97 km (0.4 s)
[13:28:22]   1 candidates dropped (settle failure / regrid failure / duplicate after truncation)
[13:28:22] RESULT s05_c0: 15 columns; frontier 1fb 4 kg p2/2 | 2fb 4 kg p0/2; settles 17 (16 ok), regrids 15 (15 ok); wall 140 s of 300 (plan 54, price 1, settle 86; budget hit None, 0 unsettled)
[13:28:22]   job s05_c0 craft columns  15  levels 8  settles 16/17  end plan_done  wall 140.1 s
[13:28:24]     settle 15: 259 @   3216 d -> ok lam tank 879.3 (+3.1) miss 66 km (2.5 s)
[13:28:25]     settle 15: 130 @   3008 d -> ok lintwin tank 831.6 (+6.0) miss 6 km (4.4 s)
[13:28:26]     settle 13:  51 @   2799 d -> ok lam tank 902.0 (+33.4) miss 3 km (20.7 s)
[13:28:28]     settle 16: 206 @   3128 d -> ok lam tank 871.9 (+40.3) miss 57 km (3.0 s)
[13:28:29]     settle 15: 118 @   3220 d -> ok lintwin tank 896.5 (+7.6) miss 72 km (4.6 s)
[13:28:29] RESULT s05_c6: 16 columns; frontier 1fb 6 kg p2/3 | 2fb 22 kg p3/3 | 3fb 99 kg p0/0; settles 17 (17 ok), regrids 16 (16 ok); wall 147 s of 300 (plan 63, price 1, settle 84; budget hit None, 0 unsettled)
[13:28:30]   job s05_c6 craft columns  16  levels 9  settles 17/17  end plan_done  wall 147.1 s
[13:28:30]   regrid FAIL (1 fb: miss 1356 km, None, 3.9 s) -> column dropped
[13:28:33]     settle 18:  75 @   3050 d -> ok lam tank 800.3 (+18.6) miss 0 km (19.2 s)
[13:28:34]     settle 13: 160 @   2758 d -> ok lintwin tank 866.7 (+28.9) miss 2 km (4.4 s)
[13:28:36]     settle 19:  72 @   3189 d -> ok lintwin tank 811.5 (+11.2) miss 73 km (2.6 s)
[13:28:38]     settle 14: 296 @   2842 d -> ok lintwin tank 879.8 (+13.1) miss 69 km (4.2 s)
[13:28:40]     settle 19: 201 @   3178 d -> ok lintwin tank 819.6 (+19.3) miss 30 km (4.3 s)
[13:28:41] RESULT s05_c4: 16 columns; frontier 1fb 3 kg p2/3 | 2fb 11 kg p0/2 | 3fb 49 kg p0/2 | 4fb 70 kg p0/0; settles 21 (21 ok), regrids 16 (16 ok); wall 159 s of 300 (plan 74, price 1, settle 84; budget hit None, 0 unsettled)
[13:28:42]   job s05_c4 craft columns  16  levels 11  settles 21/21  end plan_done  wall 158.9 s
[13:28:44]     settle 15:  26 @   2929 d -> ok lam tank 914.6 (+34.9) miss 11 km (5.7 s)
[13:28:46]     settle 16: 198 @   3150 d -> ok lam tank 933.7 (+19.1) miss 77 km (1.9 s)
[13:28:51]     settle 16:  28 @   3169 d -> ok lin tank 925.8 (+11.2) miss 72 km (3.2 s)
[13:28:53]   2 candidates dropped (settle failure / regrid failure / duplicate after truncation)
[13:28:53] RESULT s05_c3: 14 columns; frontier 1fb 8 kg p0/2 | 2fb 49 kg p3/3 | 3fb 36 kg p0/2 | 4fb 88 kg p1/1; settles 20 (20 ok), regrids 14 (14 ok); wall 171 s of 300 (plan 66, price 1, settle 104; budget hit None, 0 unsettled)
[13:28:54]   job s05_c3 craft columns  14  levels 11  settles 20/20  end plan_done  wall 170.7 s
[13:28:56]     settle 13: 286 @   2936 d -> FAIL [('lam', 3266262.8)] (25.3 s)
[13:29:07]     settle 13: 141 @   2799 d -> FAIL [('lam', 1285610.5)] (11.2 s)
[13:29:31]     settle 13:  58 @   3090 d -> FAIL [('lam', 432339.8)] (24.1 s)
[13:29:54]     settle 13: 142 @   2885 d -> FAIL [('lam', 2138256.2)] (22.6 s)
[13:30:16]     settle 13: 172 @   2799 d -> FAIL [('lin', 4886.9), ('lam', 1131.6)] (22.3 s)
[13:30:37]     settle 13:  68 @   2819 d -> ok lam tank 921.2 (+52.6) miss 1 km (20.7 s)
[13:30:41]   regrid FAIL (1 fb: miss 1618 km, None, 3.8 s) -> column dropped
[13:31:02]     settle 13: 108 @   2702 d -> FAIL [('lam', 404951.7)] (21.1 s)
[13:31:02]   budget reached (job_wall: settle 232 s of 480, 0 s of the job left): 6 candidates not settled
[13:31:02]   10 candidates dropped (settle failure / regrid failure / duplicate after truncation)
[13:31:02] RESULT s05_c7: 0 columns; frontier ; settles 18 (3 ok), regrids 3 (0 ok); wall 300 s of 300 (plan 68, price 1, settle 232; budget hit job_wall, 6 unsettled)
[13:31:03]   job s05_c7 craft columns   0  levels 9  settles 3/18  end plan_done  wall 299.9 s
[13:31:03] [slice 5] propose: 109 columns (0 bad dropped) in 300.7 s
[13:31:03] [slice 5] auction: 109 columns, kept 108, dropped {'ramp': 1}; lam 1.00 H_eff 540 d fuel budget 482 kg quota on prize bonus on 56 targets
[13:31:03] [slice 5] auction: status optimal objective 29.161 vars 108 rows 47 chosen 7 fuel 406/482 kg (0.013 s)
[13:31:05] [slice 5] claims: c0:2 c1:1 c2:1 c5:2  (6 targets: 0 kept, 6 new; 7 released, 0 expired (ttl 4), 1 conflicts)
[13:31:05] [slice 5 T=2700 d] launched 8/8  covered 127  remaining 171  fuel 1747 kg  sumJi 9.4643  chosen: c0:2(+28) c1:3(+28) c2:3(+13) c3:4(+94) c4:4(+78) c5:3(+65) c6:3(+99)  rejected: -  (wall 303 s)
[13:31:05] [slice 6] claims in force: c0:2 c1:1 c2:1 c5:2  (6 targets; claim_bonus 1.0, ttl 4)
[13:31:05]   c0: claims: 2 own (prized +1.0), 4 claimed by others withheld
[13:31:05]   c1: claims: 1 own (prized +1.0), 5 claimed by others withheld
[13:31:05]   c2: claims: 1 own (prized +1.0), 5 claimed by others withheld
[13:31:05]   c3: claims: 0 own (prized +1.0), 6 claimed by others withheld
[13:31:05]   c4: claims: 0 own (prized +1.0), 6 claimed by others withheld
[13:31:05]   c5: claims: 2 own (prized +1.0), 4 claimed by others withheld
[13:31:05]   c6: claims: 0 own (prized +1.0), 6 claimed by others withheld
[13:31:05]   c7: claims: 0 own (prized +1.0), 6 claimed by others withheld
[13:31:05] [slice 6 T=3240 d] propose: 8 jobs (8 craft, 0 root) on 9 workers, proposer planbeam, H_eff 540 d, lam 1.0
[13:31:05] job s06_c6 (craft, craft 6, planbeam): T 3240 d H 540 L 360; plan horizon 4860 d; remaining 165; prize >1 on 109; width 150 npt 6 mc 150 dv 1.2 drmax 0.15 plan_wall 240 s; quota {'fil': 8, 'med': 10}
[13:31:05] job s06_c5 (craft, craft 5, planbeam): T 3240 d H 540 L 360; plan horizon 4860 d; remaining 167; prize >1 on 111; width 150 npt 6 mc 150 dv 1.2 drmax 0.15 plan_wall 240 s; quota {'fil': 7, 'med': 9}
[13:31:05] job s06_c1 (craft, craft 1, planbeam): T 3240 d H 540 L 360; plan horizon 4860 d; remaining 166; prize >1 on 110; width 150 npt 6 mc 150 dv 1.2 drmax 0.15 plan_wall 240 s; quota {'fil': 5, 'med': 11}
[13:31:05] job s06_c2 (craft, craft 2, planbeam): T 3240 d H 540 L 360; plan horizon 4860 d; remaining 166; prize >1 on 110; width 150 npt 6 mc 150 dv 1.2 drmax 0.15 plan_wall 240 s; quota {'fil': 10, 'med': 11}
[13:31:05] job s06_c4 (craft, craft 4, planbeam): T 3240 d H 540 L 360; plan horizon 4860 d; remaining 165; prize >1 on 109; width 150 npt 6 mc 150 dv 1.2 drmax 0.15 plan_wall 240 s; quota {'fil': 7, 'med': 8}
[13:31:05] job s06_c0 (craft, craft 0, planbeam): T 3240 d H 540 L 360; plan horizon 4860 d; remaining 167; prize >1 on 111; width 150 npt 6 mc 150 dv 1.2 drmax 0.15 plan_wall 240 s; quota {'fil': 6, 'med': 13}
[13:31:05] job s06_c3 (craft, craft 3, planbeam): T 3240 d H 540 L 360; plan horizon 4860 d; remaining 165; prize >1 on 109; width 150 npt 6 mc 150 dv 1.2 drmax 0.15 plan_wall 240 s; quota {'fil': 5, 'med': 13}
[13:31:05] job s06_c7 (craft, craft 7, planbeam): T 3240 d H 540 L 360; plan horizon 4860 d; remaining 165; prize >1 on 109; width 150 npt 6 mc 150 dv 1.2 drmax 0.15 plan_wall 240 s; quota {'fil': 11, 'med': 15}
[13:31:05] prefix slices/s06/in/craft_7.npz: 12 flybys, t_end 2438.9 d, tank 868.6 kg (planner view), miss 102.9 km, nreg 115
[13:31:05] budget: job_wall 300 s, 300 s left before the plan -> plan cap 210 s (plan_wall 240, settle_reserve 90)
[13:31:05] prefix slices/s06/in/craft_0.npz: 18 flybys, t_end 3130.4 d, tank 800.4 kg (planner view), miss 1.9 km, nreg 159
[13:31:05] prefix slices/s06/in/craft_4.npz: 19 flybys, t_end 3175.6 d, tank 819.7 kg (planner view), miss 11.8 km, nreg 157
[13:31:05] budget: job_wall 300 s, 300 s left before the plan -> plan cap 210 s (plan_wall 240, settle_reserve 90)
[13:31:05] budget: job_wall 300 s, 300 s left before the plan -> plan cap 210 s (plan_wall 240, settle_reserve 90)
[13:31:05] prefix slices/s06/in/craft_1.npz: 16 flybys, t_end 3202.9 d, tank 711.3 kg (planner view), miss 11.4 km, nreg 162
[13:31:05] budget: job_wall 300 s, 300 s left before the plan -> plan cap 210 s (plan_wall 240, settle_reserve 90)
[13:31:05] prefix slices/s06/in/craft_3.npz: 16 flybys, t_end 3149.3 d, tank 932.2 kg (planner view), miss 65.9 km, nreg 157
[13:31:05] budget: job_wall 300 s, 300 s left before the plan -> plan cap 210 s (plan_wall 240, settle_reserve 90)
[13:31:05] prefix slices/s06/in/craft_2.npz: 13 flybys, t_end 3207.0 d, tank 707.5 kg (planner view), miss 7.5 km, nreg 161
[13:31:05] budget: job_wall 300 s, 300 s left before the plan -> plan cap 210 s (plan_wall 240, settle_reserve 90)
[13:31:05] prefix slices/s06/in/craft_6.npz: 16 flybys, t_end 3135.3 d, tank 872.0 kg (planner view), miss 37.7 km, nreg 153
[13:31:05] budget: job_wall 300 s, 300 s left before the plan -> plan cap 210 s (plan_wall 240, settle_reserve 90)
[13:31:05] prefix slices/s06/in/craft_5.npz: 17 flybys, t_end 3221.2 d, tank 835.3 kg (planner view), miss 11.0 km, nreg 160
[13:31:05] budget: job_wall 300 s, 300 s left before the plan -> plan cap 210 s (plan_wall 240, settle_reserve 90)
[13:31:22] first level (both): 0 production + 45 relaxed (dv 2.5, 0.3 AU; 0.1 s) + 0 lintwin children -> 28 unique (17.0 s)
[13:31:22] plan start: prefix 16 flybys, t_end 3149.3 d, planner mass 1032.4 kg (dv 17.186 km/s); 28 first-level states
[13:31:22] first level (both): 0 production + 42 relaxed (dv 2.5, 0.3 AU; 0.1 s) + 41 lintwin children -> 66 unique (17.6 s)
[13:31:22] plan start: prefix 16 flybys, t_end 3202.9 d, planner mass 1352.9 kg (dv 6.579 km/s); 66 first-level states
[13:31:23] first level (both): 0 production + 69 relaxed (dv 2.5, 0.3 AU; 0.1 s) + 57 lintwin children -> 89 unique (17.8 s)
[13:31:23] plan start: prefix 17 flybys, t_end 3221.2 d, planner mass 1152.2 kg (dv 12.880 km/s); 89 first-level states
[13:31:23] first level (both): 0 production + 76 relaxed (dv 2.5, 0.3 AU; 0.1 s) + 65 lintwin children -> 100 unique (18.4 s)
[13:31:23] plan start: prefix 18 flybys, t_end 3130.4 d, planner mass 1202.4 kg (dv 11.206 km/s); 100 first-level states
[13:31:23] first level (both): 0 production + 75 relaxed (dv 2.5, 0.3 AU; 0.1 s) + 47 lintwin children -> 81 unique (18.5 s)
[13:31:23] plan start: prefix 13 flybys, t_end 3207.0 d, planner mass 1360.3 kg (dv 6.367 km/s); 81 first-level states
[13:31:23] first level (both): 0 production + 86 relaxed (dv 2.5, 0.3 AU; 0.1 s) + 62 lintwin children -> 115 unique (18.5 s)
[13:31:23] plan start: prefix 19 flybys, t_end 3175.6 d, planner mass 1174.1 kg (dv 12.139 km/s); 115 first-level states
[13:31:24] first level (both): 0 production + 33 relaxed (dv 2.5, 0.3 AU; 0.1 s) + 43 lintwin children -> 63 unique (18.8 s)
[13:31:24] plan start: prefix 16 flybys, t_end 3135.3 d, planner mass 1103.6 kg (dv 14.569 km/s); 63 first-level states
[13:31:24] first level (both): 0 production + 0 relaxed (dv 2.5, 0.3 AU; 0.1 s) + 90 lintwin children -> 90 unique (18.9 s)
[13:31:24] plan start: prefix 12 flybys, t_end 2438.9 d, planner mass 1108.0 kg (dv 14.415 km/s); 90 first-level states
[13:32:05] plan: 1013 states, depth 10 new flybys, end plan_done (60 s); deepest 10 new to 4826 d at planner fuel 560 kg
[13:32:05]   depth  1:   66 states (59 in H), t_end 3310-3962 d, fuel 251-346 kg
[13:32:05]   depth  2:  150 states (66 in H), t_end 3535-4340 d, fuel 274-385 kg
[13:32:05]   depth  3:  150 states (9 in H), t_end 3622-4788 d, fuel 292-406 kg
[13:32:05]   depth  4:  150 states (0 in H), t_end 3822-4805 d, fuel 307-443 kg
[13:32:05]   depth  5:  150 states (0 in H), t_end 3910-4860 d, fuel 352-462 kg
[13:32:05]   depth  6:  150 states (0 in H), t_end 4254-4857 d, fuel 374-469 kg
[13:32:05]   depth  7:  134 states (0 in H), t_end 4385-4858 d, fuel 382-500 kg
[13:32:05]   depth  8:   50 states (0 in H), t_end 4525-4833 d, fuel 439-536 kg
[13:32:05]   depth  9:   12 states (0 in H), t_end 4640-4830 d, fuel 494-556 kg
[13:32:05]   depth 10:    1 states (0 in H), t_end 4826-4826 d, fuel 560-560 kg
[13:32:05] candidates: 60 distinct committed target sets (n_new 1-3, potential 0-3)
[13:32:05] frontier: 16 candidates chosen (n fb / committed planner kg / continuation (lookahead) [full]; pot_mode lookahead, pot_cap None): 1fb/265kg/p0(0)[0], 1fb/267kg/p1(0)[1], 1fb/268kg/p2(1)[2], 1fb/279kg/p4(3)[4], 1fb/280kg/p2(2)[2], 1fb/288kg/p2(2)[2], 1fb/309kg/p2(1)[2], 1fb/334kg/p2(1)[2], 1fb/345kg/p2(1)[2], 2fb/279kg/p1(1)[1], 2fb/284kg/p0(0)[0], 2fb/288kg/p3(3)[3], 2fb/311kg/p3(2)[3], 3fb/323kg/p0(0)[0], 3fb/328kg/p2(2)[2], 3fb/332kg/p0(0)[0]
[13:32:05] budget: 240 s of 300 left for the settles + regrids (settle_wall 480)
[13:32:09] plan: 1040 states, depth 10 new flybys, end plan_done (64 s); deepest 10 new to 4828 d at planner fuel 740 kg
[13:32:09]   depth  1:   63 states (56 in H), t_end 3272-3868 d, fuel 504-577 kg
[13:32:09]   depth  2:  150 states (66 in H), t_end 3468-4434 d, fuel 527-608 kg
[13:32:09]   depth  3:  150 states (18 in H), t_end 3617-4652 d, fuel 542-627 kg
[13:32:09]   depth  4:  150 states (0 in H), t_end 3784-4770 d, fuel 558-646 kg
[13:32:09]   depth  5:  150 states (0 in H), t_end 3949-4853 d, fuel 573-668 kg
[13:32:09]   depth  6:  150 states (0 in H), t_end 4197-4858 d, fuel 588-696 kg
[13:32:09]   depth  7:  135 states (0 in H), t_end 4412-4860 d, fuel 624-688 kg
[13:32:09]   depth  8:   71 states (0 in H), t_end 4553-4860 d, fuel 655-706 kg
[13:32:09]   depth  9:   20 states (0 in H), t_end 4638-4857 d, fuel 688-728 kg
[13:32:09]   depth 10:    1 states (0 in H), t_end 4828-4828 d, fuel 740-740 kg
[13:32:09] candidates: 88 distinct committed target sets (n_new 1-3, potential 0-2)
[13:32:09] frontier: 16 candidates chosen (n fb / committed planner kg / continuation (lookahead) [full]; pot_mode lookahead, pot_cap None): 1fb/505kg/p4(2)[4], 1fb/515kg/p2(2)[2], 1fb/518kg/p1(1)[1], 1fb/520kg/p3(1)[3], 1fb/521kg/p4(2)[4], 1fb/523kg/p3(2)[3], 1fb/526kg/p3(2)[3], 1fb/529kg/p2(2)[2], 1fb/530kg/p3(2)[3], 1fb/554kg/p3(2)[3], 2fb/527kg/p2(2)[2], 2fb/529kg/p0(0)[0], 2fb/539kg/p3(2)[3], 3fb/553kg/p1(1)[1], 3fb/563kg/p1(1)[1], 3fb/566kg/p2(2)[2]
[13:32:09] budget: 236 s of 300 left for the settles + regrids (settle_wall 480)
[13:32:11] plan: 1045 states, depth 9 new flybys, end plan_done (66 s); deepest 9 new to 4773 d at planner fuel 738 kg
[13:32:11]   depth  1:   28 states (28 in H), t_end 3263-3729 d, fuel 575-646 kg
[13:32:11]   depth  2:  150 states (88 in H), t_end 3372-4289 d, fuel 584-672 kg
[13:32:11]   depth  3:  150 states (21 in H), t_end 3654-4529 d, fuel 610-686 kg
[13:32:11]   depth  4:  150 states (0 in H), t_end 3783-4799 d, fuel 624-709 kg
[13:32:11]   depth  5:  150 states (0 in H), t_end 3932-4826 d, fuel 635-731 kg
[13:32:11]   depth  6:  150 states (0 in H), t_end 4269-4837 d, fuel 655-754 kg
[13:32:11]   depth  7:  150 states (0 in H), t_end 4505-4857 d, fuel 664-776 kg
[13:32:11]   depth  8:  102 states (0 in H), t_end 4610-4858 d, fuel 705-797 kg
[13:32:11]   depth  9:   15 states (0 in H), t_end 4767-4859 d, fuel 738-815 kg
[13:32:11] candidates: 76 distinct committed target sets (n_new 1-3, potential 0-3)
[13:32:11] frontier: 16 candidates chosen (n fb / committed planner kg / continuation (lookahead) [full]; pot_mode lookahead, pot_cap None): 1fb/577kg/p1(1)[1], 1fb/582kg/p3(2)[3], 1fb/588kg/p2(2)[2], 1fb/590kg/p2(2)[2], 1fb/595kg/p4(3)[4], 1fb/609kg/p3(1)[3], 1fb/616kg/p3(2)[3], 1fb/629kg/p3(2)[3], 2fb/584kg/p0(0)[0], 2fb/600kg/p0(0)[0], 2fb/600kg/p2(2)[2], 2fb/601kg/p3(3)[3], 2fb/640kg/p3(2)[3], 3fb/615kg/p1(1)[1], 3fb/616kg/p0(0)[0], 3fb/643kg/p2(2)[2]
[13:32:11] budget: 234 s of 300 left for the settles + regrids (settle_wall 480)
[13:32:12]     settle 17: 141 @   3719 d -> ok lam tank 939.6 (+7.4) miss 66 km (0.8 s)
[13:32:12] plan: 1080 states, depth 9 new flybys, end plan_done (67 s); deepest 9 new to 4810 d at planner fuel 621 kg
[13:32:12]   depth  1:  115 states (107 in H), t_end 3241-3886 d, fuel 435-511 kg
[13:32:12]   depth  2:  150 states (111 in H), t_end 3432-4330 d, fuel 453-544 kg
[13:32:12]   depth  3:  150 states (12 in H), t_end 3662-4670 d, fuel 468-573 kg
[13:32:12]   depth  4:  150 states (0 in H), t_end 3887-4781 d, fuel 496-595 kg
[13:32:12]   depth  5:  150 states (0 in H), t_end 4044-4859 d, fuel 528-625 kg
[13:32:12]   depth  6:  150 states (0 in H), t_end 4155-4855 d, fuel 560-646 kg
[13:32:12]   depth  7:  150 states (0 in H), t_end 4359-4858 d, fuel 570-671 kg
[13:32:12]   depth  8:   56 states (0 in H), t_end 4553-4860 d, fuel 601-698 kg
[13:32:12]   depth  9:    9 states (0 in H), t_end 4712-4824 d, fuel 621-695 kg
[13:32:12] candidates: 111 distinct committed target sets (n_new 1-3, potential 0-2)
[13:32:12] frontier: 16 candidates chosen (n fb / committed planner kg / continuation (lookahead) [full]; pot_mode lookahead, pot_cap None): 1fb/435kg/p0(0)[0], 1fb/439kg/p0(0)[0], 1fb/449kg/p2(1)[2], 1fb/450kg/p2(1)[2], 1fb/470kg/p3(1)[3], 1fb/481kg/p3(1)[3], 1fb/483kg/p4(2)[4], 1fb/489kg/p3(1)[3], 1fb/490kg/p3(2)[3], 1fb/491kg/p3(2)[3], 2fb/453kg/p0(0)[0], 2fb/460kg/p1(1)[1], 2fb/515kg/p3(2)[3], 3fb/515kg/p0(0)[0], 3fb/525kg/p1(1)[1], 3fb/545kg/p2(2)[2]
[13:32:12] budget: 233 s of 300 left for the settles + regrids (settle_wall 480)
[13:32:12] plan: 1063 states, depth 9 new flybys, end plan_done (67 s); deepest 9 new to 4774 d at planner fuel 589 kg
[13:32:12]   depth  1:  100 states (91 in H), t_end 3242-3901 d, fuel 407-486 kg
[13:32:12]   depth  2:  150 states (93 in H), t_end 3423-4292 d, fuel 428-516 kg
[13:32:12]   depth  3:  150 states (5 in H), t_end 3575-4540 d, fuel 437-541 kg
[13:32:12]   depth  4:  150 states (0 in H), t_end 3882-4770 d, fuel 458-555 kg
[13:32:12]   depth  5:  150 states (0 in H), t_end 4265-4795 d, fuel 485-570 kg
[13:32:12]   depth  6:  150 states (0 in H), t_end 4369-4859 d, fuel 504-596 kg
[13:32:12]   depth  7:  150 states (0 in H), t_end 4530-4856 d, fuel 524-627 kg
[13:32:12]   depth  8:   60 states (0 in H), t_end 4654-4856 d, fuel 565-652 kg
[13:32:12]   depth  9:    3 states (0 in H), t_end 4774-4811 d, fuel 589-614 kg
[13:32:12] candidates: 87 distinct committed target sets (n_new 1-3, potential 0-2)
[13:32:12] frontier: 16 candidates chosen (n fb / committed planner kg / continuation (lookahead) [full]; pot_mode lookahead, pot_cap None): 1fb/407kg/p3(2)[3], 1fb/410kg/p1(1)[1], 1fb/411kg/p0(0)[0], 1fb/413kg/p2(1)[2], 1fb/414kg/p3(1)[3], 1fb/421kg/p2(2)[2], 1fb/430kg/p2(2)[2], 1fb/442kg/p2(1)[2], 1fb/465kg/p3(2)[3], 2fb/428kg/p1(1)[1], 2fb/430kg/p2(2)[2], 2fb/430kg/p1(1)[1], 2fb/431kg/p2(2)[2], 3fb/459kg/p0(0)[0], 3fb/471kg/p0(0)[0], 3fb/476kg/p1(1)[1]
[13:32:12] budget: 233 s of 300 left for the settles + regrids (settle_wall 480)
[13:32:12]     settle 17:  89 @   3769 d -> ok lintwin tank 821.6 (+110.2) miss 0 km (6.8 s)
[13:32:13]     settle 17: 125 @   3289 d -> ok lam tank 971.8 (+99.7) miss 3 km (3.9 s)
[13:32:13]     settle 17:  10 @   3491 d -> ok lintwin tank 721.2 (+9.9) miss 10 km (0.5 s)
[13:32:14]     settle 17:  98 @   3402 d -> ok lam tank 944.6 (+12.4) miss 66 km (0.8 s)
[13:32:14]     settle 19: 119 @   3420 d -> ok lintwin tank 805.1 (+4.7) miss 57 km (1.8 s)
[13:32:15]     settle 20: 183 @   3771 d -> ok lintwin tank 824.1 (+4.4) miss 40 km (2.5 s)
[13:32:15] plan: 1176 states, depth 10 new flybys, end plan_done (70 s); deepest 10 new to 4851 d at planner fuel 483 kg
[13:32:15]   depth  1:   81 states (73 in H), t_end 3244-3852 d, fuel 254-337 kg
[13:32:15]   depth  2:  150 states (96 in H), t_end 3386-4287 d, fuel 272-370 kg
[13:32:15]   depth  3:  150 states (24 in H), t_end 3626-4689 d, fuel 279-404 kg
[13:32:15]   depth  4:  150 states (0 in H), t_end 3793-4788 d, fuel 322-439 kg
[13:32:15]   depth  5:  150 states (0 in H), t_end 4028-4841 d, fuel 343-469 kg
[13:32:15]   depth  6:  150 states (0 in H), t_end 4319-4860 d, fuel 359-493 kg
[13:32:15]   depth  7:  150 states (0 in H), t_end 4440-4860 d, fuel 376-519 kg
[13:32:15]   depth  8:  134 states (0 in H), t_end 4561-4860 d, fuel 406-514 kg
[13:32:15]   depth  9:   54 states (0 in H), t_end 4641-4860 d, fuel 428-519 kg
[13:32:15]   depth 10:    7 states (0 in H), t_end 4732-4851 d, fuel 483-556 kg
[13:32:15] candidates: 109 distinct committed target sets (n_new 1-3, potential 0-2)
[13:32:15] frontier: 16 candidates chosen (n fb / committed planner kg / continuation (lookahead) [full]; pot_mode lookahead, pot_cap None): 1fb/254kg/p1(1)[1], 1fb/256kg/p2(1)[2], 1fb/262kg/p4(2)[4], 1fb/264kg/p2(1)[2], 1fb/284kg/p4(2)[4], 1fb/295kg/p2(0)[2], 1fb/296kg/p3(2)[3], 1fb/301kg/p2(2)[2], 1fb/304kg/p3(2)[3], 1fb/308kg/p3(2)[3], 2fb/272kg/p1(1)[1], 2fb/281kg/p2(2)[2], 2fb/282kg/p3(2)[3], 3fb/303kg/p2(2)[2], 3fb/303kg/p0(0)[0], 3fb/305kg/p0(0)[0]
[13:32:15] budget: 230 s of 300 left for the settles + regrids (settle_wall 480)
[13:32:15]     settle 19:   6 @   3581 d -> ok lintwin tank 808.6 (+8.2) miss 5 km (0.5 s)
[13:32:15] plan: 1149 states, depth 10 new flybys, end plan_done (70 s); deepest 10 new to 4842 d at planner fuel 737 kg
[13:32:15]   depth  1:   89 states (74 in H), t_end 3319-3935 d, fuel 460-532 kg
[13:32:15]   depth  2:  150 states (63 in H), t_end 3491-4330 d, fuel 479-565 kg
[13:32:15]   depth  3:  150 states (7 in H), t_end 3670-4682 d, fuel 517-592 kg
[13:32:15]   depth  4:  150 states (0 in H), t_end 3794-4821 d, fuel 548-612 kg
[13:32:15]   depth  5:  150 states (0 in H), t_end 4044-4859 d, fuel 566-635 kg
[13:32:15]   depth  6:  150 states (0 in H), t_end 4159-4842 d, fuel 601-660 kg
[13:32:15]   depth  7:  150 states (0 in H), t_end 4425-4859 d, fuel 610-684 kg
[13:32:15]   depth  8:  122 states (0 in H), t_end 4598-4857 d, fuel 617-706 kg
[13:32:15]   depth  9:   37 states (0 in H), t_end 4735-4859 d, fuel 644-730 kg
[13:32:15]   depth 10:    1 states (0 in H), t_end 4842-4842 d, fuel 737-737 kg
[13:32:15] candidates: 82 distinct committed target sets (n_new 1-3, potential 0-3)
[13:32:15] frontier: 16 candidates chosen (n fb / committed planner kg / continuation (lookahead) [full]; pot_mode lookahead, pot_cap None): 1fb/476kg/p0(0)[0], 1fb/479kg/p0(0)[0], 1fb/480kg/p2(1)[2], 1fb/481kg/p1(1)[1], 1fb/496kg/p4(3)[4], 1fb/501kg/p2(2)[2], 1fb/516kg/p3(1)[3], 1fb/518kg/p2(1)[2], 1fb/530kg/p4(2)[4], 1fb/531kg/p2(2)[2], 2fb/479kg/p0(0)[0], 2fb/490kg/p0(0)[0], 2fb/531kg/p3(3)[3], 3fb/565kg/p0(0)[0], 3fb/568kg/p1(1)[1], 3fb/579kg/p2(2)[2]
[13:32:15] budget: 230 s of 300 left for the settles + regrids (settle_wall 480)
[13:32:15]     settle 14: 297 @   3481 d -> ok lintwin tank 715.4 (+7.9) miss 13 km (0.5 s)
[13:32:16]     settle 17: 286 @   3381 d -> ok lintwin tank 743.4 (+32.0) miss 65 km (2.2 s)
[13:32:16]     settle 14: 148 @   3450 d -> ok lintwin tank 716.0 (+8.5) miss 21 km (0.5 s)
[13:32:16] plan: 1152 states, depth 10 new flybys, end plan_done (71 s); deepest 10 new to 4856 d at planner fuel 724 kg
[13:32:16]   depth  1:   90 states (81 in H), t_end 3251-3951 d, fuel 492-573 kg
[13:32:16]   depth  2:  150 states (87 in H), t_end 3418-4230 d, fuel 510-601 kg
[13:32:16]   depth  3:  150 states (36 in H), t_end 3563-4760 d, fuel 528-625 kg
[13:32:16]   depth  4:  150 states (2 in H), t_end 3768-4796 d, fuel 540-643 kg
[13:32:16]   depth  5:  150 states (0 in H), t_end 3875-4820 d, fuel 563-664 kg
[13:32:16]   depth  6:  150 states (0 in H), t_end 4100-4851 d, fuel 574-688 kg
[13:32:16]   depth  7:  150 states (0 in H), t_end 4414-4860 d, fuel 607-714 kg
[13:32:16]   depth  8:  127 states (0 in H), t_end 4515-4858 d, fuel 637-738 kg
[13:32:16]   depth  9:   34 states (0 in H), t_end 4678-4857 d, fuel 671-745 kg
[13:32:16]   depth 10:    1 states (0 in H), t_end 4856-4856 d, fuel 724-724 kg
[13:32:16] candidates: 138 distinct committed target sets (n_new 1-4, potential 0-3)
[13:32:16] frontier: 16 candidates chosen (n fb / committed planner kg / continuation (lookahead) [full]; pot_mode lookahead, pot_cap None): 1fb/493kg/p2(2)[2], 1fb/494kg/p0(0)[0], 1fb/498kg/p4(2)[4], 1fb/505kg/p4(2)[4], 1fb/524kg/p4(2)[4], 1fb/525kg/p5(3)[5], 1fb/537kg/p4(2)[4], 1fb/564kg/p4(2)[4], 2fb/510kg/p1(1)[1], 2fb/519kg/p1(1)[1], 2fb/554kg/p4(3)[4], 3fb/532kg/p0(0)[0], 3fb/542kg/p1(1)[1], 3fb/582kg/p3(3)[3], 4fb/605kg/p0(0)[0], 4fb/628kg/p0(0)[0]
[13:32:16] budget: 229 s of 300 left for the settles + regrids (settle_wall 480)
[13:32:17]     settle 14:  76 @   3261 d -> ok lintwin tank 719.6 (+12.1) miss 18 km (0.4 s)
[13:32:17]     settle 20: 282 @   3760 d -> ok lintwin tank 826.4 (+6.8) miss 77 km (2.1 s)
[13:32:18]     settle 17:  15 @   3610 d -> ok lintwin tank 874.5 (+2.5) miss 71 km (4.2 s)
[13:32:18]     settle 14: 149 @   3326 d -> ok lintwin tank 718.7 (+11.2) miss 10 km (0.6 s)
[13:32:18]     settle 17: 222 @   3639 d -> ok lam tank 937.6 (+5.4) miss 12 km (3.6 s)
[13:32:19]     settle 17: 207 @   3475 d -> ok lintwin tank 717.0 (+5.6) miss 46 km (2.0 s)
[13:32:19]     settle 19: 194 @   3628 d -> ok lintwin tank 809.8 (+9.4) miss 77 km (3.6 s)
[13:32:19]     settle 18: 284 @   3554 d -> ok lintwin tank 851.6 (+16.3) miss 64 km (4.1 s)
[13:32:20]     settle 19: 159 @   3373 d -> ok lintwin tank 810.7 (+10.3) miss 8 km (0.5 s)
[13:32:20]     settle 14: 151 @   3387 d -> ok lintwin tank 721.7 (+14.2) miss 76 km (1.4 s)
[13:32:20]     settle 20:  14 @   3360 d -> ok lintwin tank 833.6 (+14.0) miss 34 km (2.8 s)
[13:32:21]     settle 17: 250 @   3679 d -> ok lam tank 950.6 (+18.4) miss 66 km (0.8 s)
[13:32:21]     settle 19:  68 @   3254 d -> ok lintwin tank 811.6 (+11.2) miss 7 km (0.4 s)
[13:32:23]     settle 19: 101 @   3589 d -> ok lintwin tank 816.5 (+16.1) miss 10 km (1.0 s)
[13:32:23]     settle 20: 222 @   3301 d -> ok lintwin tank 830.7 (+11.0) miss 75 km (2.4 s)
[13:32:24]     settle 14: 286 @   3452 d -> ok lintwin tank 725.8 (+18.3) miss 74 km (3.0 s)
[13:32:24]     settle 19:  46 @   3580 d -> ok lintwin tank 816.5 (+16.1) miss 2 km (0.5 s)
[13:32:25]     settle 17:  89 @   3678 d -> ok lintwin tank 882.1 (+10.1) miss 73 km (6.4 s)
[13:32:25]     settle 18: 269 @   3606 d -> ok lintwin tank 849.9 (+14.6) miss 62 km (5.4 s)
[13:32:26]     settle 17: 176 @   3643 d -> ok lintwin tank 725.8 (+14.5) miss 2 km (6.4 s)
[13:32:27]     settle 19: 273 @   3410 d -> ok lintwin tank 834.3 (+34.0) miss 67 km (2.4 s)
[13:32:28]     settle 18: 230 @   3386 d -> ok lintwin tank 841.4 (+6.1) miss 59 km (2.0 s)
[13:32:28]     settle 17:   6 @   3603 d -> ok lintwin tank 717.6 (+6.3) miss 32 km (1.5 s)
[13:32:28]     settle 14:  38 @   3465 d -> ok lintwin tank 744.1 (+36.6) miss 40 km (3.7 s)
[13:32:28]     settle 20:  61 @   3283 d -> ok lintwin tank 893.4 (+73.7) miss 78 km (4.6 s)
[13:32:30]     settle 17: 159 @   3310 d -> ok lintwin tank 879.0 (+7.0) miss 77 km (4.2 s)
[13:32:30]     settle 14: 121 @   3687 d -> ok lintwin tank 731.1 (+23.6) miss 69 km (1.8 s)
[13:32:31]     settle 19: 141 @   3339 d -> ok lintwin tank 865.1 (+64.7) miss 65 km (3.7 s)
[13:32:31]     settle 17:  85 @   3432 d -> ok lam tank 956.1 (+23.9) miss 39 km (3.8 s)
[13:32:32]     settle 18: 292 @   3529 d -> ok lintwin tank 860.5 (+25.3) miss 68 km (3.8 s)
[13:32:32]     settle 20: 156 @   3370 d -> ok lintwin tank 844.4 (+24.8) miss 62 km (3.3 s)
[13:32:34]     settle 14: 169 @   3244 d -> ok lintwin tank 754.6 (+47.0) miss 69 km (3.1 s)
[13:32:35]     settle 17:  78 @   3471 d -> ok lintwin tank 741.7 (+30.4) miss 82 km (6.2 s)
[13:32:35]     settle 20: 289 @   3693 d -> ok lintwin tank 817.4 (+12.2) miss 54 km (3.9 s)
[13:32:36]     settle 17: 141 @   3278 d -> ok lintwin tank 879.5 (+7.4) miss 81 km (5.4 s)
[13:32:36]     settle 17:  71 @   3279 d -> ok lin tank 951.8 (+19.6) miss 68 km (3.3 s)
[13:32:36]     settle 20: 258 @   3393 d -> ok lintwin tank 849.9 (+30.2) miss 68 km (3.0 s)
[13:32:37]     settle 18: 148 @   3384 d -> ok lintwin tank 874.9 (+39.6) miss 66 km (3.9 s)
[13:32:38]     settle 17:  38 @   3475 d -> ok lintwin tank 732.5 (+21.2) miss 65 km (2.8 s)
[13:32:38]     settle 14: 185 @   3502 d -> ok lintwin tank 730.6 (+23.1) miss 64 km (3.8 s)
[13:32:39]     settle 20:  46 @   3578 d -> ok lintwin tank 818.4 (+13.3) miss 60 km (2.9 s)
[13:32:40]     settle 20:  16 @   3241 d -> ok lintwin tank 862.8 (+43.1) miss 69 km (3.3 s)
[13:32:40]     settle 14: 151 @   3382 d -> ok lintwin tank 721.7 (+14.2) miss 78 km (1.4 s)
[13:32:41]     settle 17:  30 @   3459 d -> ok lam tank 977.1 (+44.9) miss 20 km (4.8 s)
[13:32:42]     settle 17: 299 @   3310 d -> ok lintwin tank 765.5 (+54.1) miss 69 km (2.4 s)
[13:32:42]     settle 20:  54 @   3681 d -> ok lintwin tank 815.9 (+10.8) miss 83 km (2.7 s)
[13:32:42]     settle 17: 148 @   3456 d -> ok lintwin tank 881.5 (+9.4) miss 3 km (5.5 s)
[13:32:43]     settle 18:   2 @   3662 d -> ok lintwin tank 873.5 (+38.2) miss 78 km (5.9 s)
[13:32:45]     settle 15: 299 @   3722 d -> ok lintwin tank 722.1 (+0.4) miss 98 km (4.3 s)
[13:32:45]     settle 18:  50 @   3621 d -> ok lintwin tank 764.3 (+21.0) miss 70 km (3.0 s)
[13:32:46]     settle 17:  43 @   3387 d -> ok lam tank 982.9 (+50.6) miss 8 km (3.9 s)
[13:32:46]     settle 20: 101 @   3588 d -> ok lintwin tank 819.7 (+14.5) miss 76 km (3.1 s)
[13:32:46]     settle 20: 242 @   3495 d -> ok lintwin tank 841.2 (+21.6) miss 82 km (6.2 s)
[13:32:46]     settle 19:  68 @   3245 d -> ok lintwin tank 811.6 (+11.3) miss 15 km (0.4 s)
[13:32:47]     settle 14: 151 @   3375 d -> ok lintwin tank 721.7 (+14.2) miss 83 km (1.5 s)
[13:32:47]     settle 17: 185 @   3451 d -> ok lam tank 967.7 (+95.7) miss 3 km (3.8 s)
[13:32:47]     settle 17: 115 @   3329 d -> ok lam tank 939.3 (+7.0) miss 66 km (0.7 s)
[13:32:47]     settle 20: 119 @   3428 d -> ok lintwin tank 820.3 (+8.6) miss 13 km (0.6 s)
[13:32:48]     settle 21:  15 @   3620 d -> ok lintwin tank 827.6 (+7.3) miss 33 km (0.5 s)
[13:32:49]     settle 20: 119 @   3423 d -> ok lintwin tank 820.3 (+8.7) miss 9 km (0.5 s)
[13:32:49]     settle 20: 213 @   3420 d -> ok lintwin tank 865.5 (+45.8) miss 44 km (2.3 s)
[13:32:49]     settle 18: 176 @   3653 d -> ok lintwin tank 758.3 (+14.9) miss 73 km (3.7 s)
[13:32:50]     settle 18:  43 @   3508 d -> ok lintwin tank 880.3 (+45.0) miss 61 km (6.3 s)
[13:32:51]     settle 18:  50 @   3624 d -> ok lintwin tank 721.5 (+4.5) miss 18 km (0.7 s)
[13:32:51]     settle 15:  22 @   3637 d -> ok lintwin tank 725.0 (+3.3) miss 77 km (4.5 s)
[13:32:52]     settle 20: 242 @   3633 d -> ok lintwin tank 835.6 (+15.9) miss 34 km (2.5 s)
[13:32:52]     settle 15: 151 @   3386 d -> ok lintwin tank 729.1 (+9.5) miss 16 km (0.5 s)
[13:32:53]     settle 21:  46 @   3575 d -> ok lintwin tank 841.8 (+21.5) miss 68 km (3.7 s)
[13:32:53]     settle 17:  48 @   3742 d -> ok lam tank 914.9 (+42.8) miss 12 km (4.6 s)
[13:32:54]     settle 18: 213 @   3551 d -> ok lintwin tank 856.1 (+20.8) miss 63 km (3.2 s)
[13:32:54]     settle 18: 286 @   3541 d -> ok lintwin tank 728.6 (+11.7) miss 73 km (2.8 s)
[13:32:55]     settle 18: 250 @   3679 d -> ok lintwin tank 945.4 (+6.1) miss 30 km (7.8 s)
[13:32:56]     settle 21: 173 @   3657 d -> ok lintwin tank 839.9 (+4.3) miss 84 km (3.6 s)
[13:32:57]     settle 21: 101 @   3592 d -> ok lintwin tank 848.5 (+28.2) miss 75 km (3.3 s)
[13:32:57]     settle 18:  90 @   3341 d -> ok lintwin tank 890.2 (+54.9) miss 73 km (2.4 s)
[13:32:57]     settle 17: 207 @   3482 d -> ok lintwin tank 716.9 (+5.6) miss 44 km (2.0 s)
[13:32:57]     settle 16:  22 @   3636 d -> ok lintwin tank 732.4 (+3.3) miss 65 km (3.7 s)
[13:32:57] RESULT s06_c0: 16 columns; frontier 1fb 4 kg p2/2 | 2fb 15 kg p1/2 | 3fb 27 kg p0/1; settles 19 (19 ok), regrids 16 (16 ok); wall 112 s of 300 (plan 67, price 1, settle 45; budget hit None, 0 unsettled)
[13:32:58]     settle 13:   5 @   3631 d -> FAIL [('lin', 12433.6), ('lam', 4180199.2)] (41.3 s)
[13:32:58]     settle 21: 257 @   3608 d -> ok lintwin tank 838.6 (+5.0) miss 92 km (0.7 s)
[13:32:58]     settle 17: 183 @   3379 d -> ok lam tank 946.9 (+14.7) miss 66 km (0.7 s)
[13:32:58]     settle 18:   6 @   3596 d -> ok lintwin tank 724.4 (+7.5) miss 72 km (1.4 s)
[13:32:59]   job s06_c0 craft columns  16  levels 9  settles 19/19  end plan_done  wall 112.3 s
[13:33:00]     settle 19: 299 @   3681 d -> ok lintwin tank 735.9 (+11.5) miss 32 km (1.5 s)
[13:33:01]     settle 17:  38 @   3455 d -> ok lintwin tank 928.5 (+56.5) miss 4 km (6.7 s)
[13:33:01]     settle 15:   4 @   3468 d -> ok lintwin tank 729.5 (+7.8) miss 82 km (3.4 s)
[13:33:01]     settle 19:  50 @   3622 d -> ok lintwin tank 739.0 (+10.4) miss 64 km (0.5 s)
[13:33:01]     settle 18:  39 @   3516 d -> ok lintwin tank 872.3 (+37.0) miss 80 km (4.2 s)
[13:33:02]     settle 21: 147 @   3569 d -> ok lintwin tank 872.3 (+22.5) miss 57 km (3.5 s)
[13:33:03]     settle 18:  50 @   3626 d -> ok lintwin tank 721.5 (+4.5) miss 91 km (0.7 s)
[13:33:04]     settle 18: 250 @   3679 d -> ok lin tank 941.0 (+-5.9) miss 55 km (5.6 s)
[13:33:04]     settle 16: 299 @   3720 d -> ok lintwin tank 734.7 (+5.1) miss 43 km (3.1 s)
[13:33:04]     settle 19: 299 @   3695 d -> ok lintwin tank 744.9 (+23.4) miss 51 km (1.5 s)
[13:33:05]     settle 18: 230 @   3390 d -> ok lintwin tank 840.7 (+5.4) miss 65 km (2.6 s)
[13:33:05] RESULT s06_c1: 16 columns; frontier 1fb 5 kg p3/3 | 2fb 10 kg p3/3 | 3fb 24 kg p0/2; settles 19 (19 ok), regrids 16 (16 ok); wall 120 s of 300 (plan 60, price 1, settle 60; budget hit None, 0 unsettled)
[13:33:07]   job s06_c1 craft columns  16  levels 10  settles 19/19  end plan_done  wall 120.4 s
[13:33:08]     settle 18:  92 @   3712 d -> ok lin tank 946.0 (+1.4) miss 56 km (3.2 s)
[13:33:09]     settle 16: 299 @   3726 d -> ok lintwin tank 740.0 (+10.9) miss 73 km (4.0 s)
[13:33:09]     settle 17: 126 @   3571 d -> ok lintwin tank 900.3 (+28.3) miss 76 km (6.5 s)
[13:33:09]     settle 21: 142 @   3663 d -> ok lam tank 993.7 (+100.3) miss 135 km (6.2 s)
[13:33:09]     settle 19: 269 @   3611 d -> ok lintwin tank 853.1 (+12.3) miss 70 km (4.7 s)
[13:33:10] RESULT s06_c2: 16 columns; frontier 1fb 8 kg p1/2 | 2fb 14 kg p1/2 | 3fb 25 kg p2/2; settles 19 (19 ok), regrids 16 (16 ok); wall 125 s of 300 (plan 70, price 1, settle 55; budget hit None, 0 unsettled)
[13:33:10]     settle 18: 173 @   3654 d -> ok lam tank 962.2 (+6.1) miss 39 km (1.0 s)
[13:33:11]   job s06_c2 craft columns  16  levels 10  settles 19/19  end plan_done  wall 124.8 s
[13:33:13]     settle 18: 213 @   3545 d -> ok lintwin tank 856.0 (+20.7) miss 73 km (2.7 s)
[13:33:15]     settle 19: 112 @   3738 d -> ok lintwin tank 863.8 (+7.8) miss 55 km (2.7 s)
[13:33:16]     settle 18:  15 @   3643 d -> ok lintwin tank 905.1 (+23.7) miss 72 km (6.5 s)
[13:33:18]     settle 17:  85 @   3429 d -> ok lam tank 955.6 (+23.4) miss 10 km (7.9 s)
[13:33:21]     settle 19:  70 @   3550 d -> ok lintwin tank 892.6 (+17.7) miss 69 km (4.7 s)
[13:33:21]     settle 22: 203 @   3776 d -> ok lam tank 946.3 (+-47.4) miss 22 km (11.8 s)
[13:33:21]   drift: leg 203@3776 d settled outside (T, T+H] -> column cut at 2
[13:33:22]     settle 18: 126 @   3583 d -> ok lin tank 959.8 (+4.2) miss 61 km (3.2 s)
[13:33:23]     settle 17: 141 @   3272 d -> ok lintwin tank 878.2 (+6.2) miss 8 km (6.2 s)
[13:33:23]     settle 19: 203 @   3779 d -> ok lam tank 975.0 (+12.8) miss 39 km (0.8 s)
[13:33:24]     settle 18: 148 @   3471 d -> ok lam tank 891.6 (+13.4) miss 8 km (0.8 s)
[13:33:25]     settle 19: 195 @   3686 d -> ok lintwin tank 908.2 (+18.0) miss 64 km (3.5 s)
[13:33:27]     settle 19: 289 @   3779 d -> ok lam tank 975.9 (+13.7) miss 39 km (0.8 s)
[13:33:28]     settle 20: 117 @   3743 d -> ok lintwin tank 909.4 (+1.2) miss 69 km (3.7 s)
[13:33:30]     settle 21: 154 @   3683 d -> ok lam tank 934.2 (+40.8) miss 98 km (4.4 s)
[13:33:32]     settle 19:   2 @   3653 d -> ok lintwin tank 903.0 (+22.7) miss 72 km (2.6 s)
[13:33:35]     settle 18: 284 @   3550 d -> ok lam tank 997.1 (+25.3) miss 2 km (7.4 s)
[13:33:36]     settle 19: 282 @   3768 d -> ok lam tank 1112.5 (+152.7) miss 50 km (6.3 s)
[13:33:36]     settle 20:  92 @   3767 d -> ok lintwin tank 916.2 (+13.2) miss 68 km (4.5 s)
[13:33:36]     settle 22: 203 @   3767 d -> ok lintwin tank 1293.8 (+359.7) miss 28 km (5.9 s)
[13:33:37]     settle 13:  49 @   3656 d -> FAIL [('lam', 3599976.4)] (39.3 s)
[13:33:39]     settle 18: 148 @   3470 d -> ok lam tank 897.8 (+18.8) miss 56 km (2.6 s)
[13:33:40]     settle 19: 297 @   3491 d -> ok lintwin tank 901.2 (+11.0) miss 67 km (3.4 s)
[13:33:42]     settle 20: 121 @   3670 d -> ok lintwin tank 908.2 (+7.0) miss 53 km (1.3 s)
[13:33:42] RESULT s06_c5: 16 columns; frontier 1fb 6 kg p1/3 | 2fb 18 kg p0/3 | 3fb 73 kg p2/2; settles 21 (21 ok), regrids 16 (16 ok); wall 157 s of 300 (plan 70, price 1, settle 87; budget hit None, 0 unsettled)
[13:33:42]     settle 19: 289 @   3669 d -> ok lam tank 907.4 (+9.6) miss 2 km (3.3 s)
[13:33:43]   job s06_c5 craft columns  16  levels 10  settles 21/21  end plan_done  wall 157.2 s
[13:33:44] RESULT s06_c3: 16 columns; frontier 1fb 4 kg p2/3 | 2fb 8 kg p0/3 | 3fb 38 kg p1/2; settles 19 (19 ok), regrids 16 (16 ok); wall 159 s of 300 (plan 66, price 1, settle 93; budget hit None, 0 unsettled)
[13:33:45]   job s06_c3 craft columns  16  levels 9  settles 19/19  end plan_done  wall 158.9 s
[13:33:49]     settle 22:   2 @   3773 d -> ok lintwin tank 894.2 (+21.8) miss 74 km (4.4 s)
[13:33:49]     settle 19: 176 @   3753 d -> ok lintwin tank 927.5 (+22.4) miss 78 km (5.8 s)
[13:33:49] ERROR s06_c4: AssertionError: column epoch outside (T, T+H]
[13:33:51]   job s06_c4 FAILED:  - 1e-6 and max(c['epochs']) <= T + H + 1e-6, 'column epoch outside (T, T+H]'
           ^^^^^^^^^^^^^^^^^^^^^^^^^^^^^^^^^^^^^^^^^^^^^^^^^^^^^^^^^^^^^^^^
AssertionError: column epoch outside (T, T+H]

[13:33:57]     settle 19: 299 @   3715 d -> ok lintwin tank 1095.3 (+98.2) miss 71 km (6.9 s)
[13:33:59] RESULT s06_c6: 16 columns; frontier 1fb 2 kg p2/2 | 2fb 14 kg p0/2 | 3fb 34 kg p1/2; settles 18 (18 ok), regrids 16 (16 ok); wall 174 s of 300 (plan 64, price 1, settle 110; budget hit None, 0 unsettled)
[13:33:59]   job s06_c6 craft columns  16  levels 10  settles 18/18  end plan_done  wall 173.8 s
[13:34:07]     settle 13: 269 @   3453 d -> FAIL [('lam', 2772004.9)] (30.3 s)
[13:34:42]     settle 13: 284 @   3448 d -> FAIL [('lin', 7343.9), ('lam', 1187985.6)] (34.8 s)
[13:35:13]     settle 13: 257 @   3327 d -> FAIL [('lam', 2853429.9)] (30.6 s)
[13:35:39]     settle 13:  19 @   3253 d -> FAIL [('lam', 2474206.2)] (25.9 s)
[13:35:50]     settle 13:  43 @   3394 d -> FAIL [('lam', 1210569.4)] (11.3 s)
[13:36:19]     settle 13: 274 @   3364 d -> FAIL [('lam', 1656244.0)] (29.1 s)
[13:36:19]   budget reached (job_wall: settle 243 s of 480, 0 s of the job left): 8 candidates not settled
[13:36:19]   8 candidates dropped (settle failure / regrid failure / duplicate after truncation)
[13:36:19] RESULT s06_c7: 0 columns; frontier ; settles 15 (0 ok), regrids 0 (0 ok); wall 315 s of 300 (plan 71, price 0, settle 243; budget hit job_wall, 8 unsettled)
[13:36:21]   job s06_c7 craft columns   0  levels 10  settles 0/15  end plan_done  wall 314.7 s
[13:36:21] [slice 6] propose: 96 columns (0 bad dropped) in 316.7 s
[13:36:21] [slice 6] auction: 96 columns, kept 94, dropped {'ramp': 1, 'fuel': 1}; lam 1.00 H_eff 540 d fuel budget 482 kg quota on prize bonus on 56 targets
[13:36:21] [slice 6] auction: status optimal objective 29.788 vars 94 rows 44 chosen 6 fuel 266/482 kg (0.013 s)
[13:36:23] [slice 6] claims: c0:1 c1:2 c2:2 c3:1 c5:1 c6:1  (8 targets: 0 kept, 8 new; 6 released, 0 expired (ttl 4), 1 conflicts)
[13:36:24] [slice 6 T=3240 d] launched 8/8  covered 145  remaining 153  fuel 2013 kg  sumJi 9.7220  chosen: c0:3(+48) c1:3(+27) c2:3(+25) c3:3(+38) c5:3(+72) c6:3(+55)  rejected: -  (wall 319 s)
[13:36:24] [slice 7] claims in force: c0:1 c1:2 c2:2 c3:1 c5:1 c6:1  (8 targets; claim_bonus 1.0, ttl 4)
[13:36:24]   c0: claims: 1 own (prized +1.0), 7 claimed by others withheld
[13:36:24]   c1: claims: 2 own (prized +1.0), 6 claimed by others withheld
[13:36:24]   c2: claims: 2 own (prized +1.0), 6 claimed by others withheld
[13:36:24]   c3: claims: 1 own (prized +1.0), 7 claimed by others withheld
[13:36:24]   c4: claims: 0 own (prized +1.0), 8 claimed by others withheld
[13:36:24]   c5: claims: 1 own (prized +1.0), 7 claimed by others withheld
[13:36:24]   c6: claims: 1 own (prized +1.0), 7 claimed by others withheld
[13:36:24]   c7: claims: 0 own (prized +1.0), 8 claimed by others withheld
[13:36:24] [slice 7 T=3780 d] propose: 8 jobs (8 craft, 0 root) on 9 workers, proposer planbeam, H_eff 540 d, lam 1.0
[13:36:24] job s07_c2 (craft, craft 2, planbeam): T 3780 d H 540 L 360; plan horizon 5400 d; remaining 147; prize >1 on 118; width 150 npt 6 mc 150 dv 1.2 drmax 0.15 plan_wall 240 s; quota None
[13:36:24] job s07_c4 (craft, craft 4, planbeam): T 3780 d H 540 L 360; plan horizon 5400 d; remaining 145; prize >1 on 116; width 150 npt 6 mc 150 dv 1.2 drmax 0.15 plan_wall 240 s; quota None
[13:36:24] job s07_c3 (craft, craft 3, planbeam): T 3780 d H 540 L 360; plan horizon 5400 d; remaining 146; prize >1 on 117; width 150 npt 6 mc 150 dv 1.2 drmax 0.15 plan_wall 240 s; quota None
[13:36:24] job s07_c0 (craft, craft 0, planbeam): T 3780 d H 540 L 360; plan horizon 5400 d; remaining 146; prize >1 on 117; width 150 npt 6 mc 150 dv 1.2 drmax 0.15 plan_wall 240 s; quota None
[13:36:24] job s07_c5 (craft, craft 5, planbeam): T 3780 d H 540 L 360; plan horizon 5400 d; remaining 146; prize >1 on 117; width 150 npt 6 mc 150 dv 1.2 drmax 0.15 plan_wall 240 s; quota None
[13:36:24] job s07_c6 (craft, craft 6, planbeam): T 3780 d H 540 L 360; plan horizon 5400 d; remaining 146; prize >1 on 117; width 150 npt 6 mc 150 dv 1.2 drmax 0.15 plan_wall 240 s; quota None
[13:36:24] job s07_c7 (craft, craft 7, planbeam): T 3780 d H 540 L 360; plan horizon 5400 d; remaining 145; prize >1 on 116; width 150 npt 6 mc 150 dv 1.2 drmax 0.15 plan_wall 240 s; quota None
[13:36:24] job s07_c1 (craft, craft 1, planbeam): T 3780 d H 540 L 360; plan horizon 5400 d; remaining 147; prize >1 on 118; width 150 npt 6 mc 150 dv 1.2 drmax 0.15 plan_wall 240 s; quota None
[13:36:24] prefix slices/s07/in/craft_7.npz: 12 flybys, t_end 2438.9 d, tank 868.6 kg (planner view), miss 102.9 km, nreg 115
[13:36:24] budget: job_wall 300 s, 300 s left before the plan -> plan cap 210 s (plan_wall 240, settle_reserve 90)
[13:36:24] prefix slices/s07/in/craft_4.npz: 19 flybys, t_end 3175.6 d, tank 819.7 kg (planner view), miss 11.8 km, nreg 157
[13:36:24] budget: job_wall 300 s, 300 s left before the plan -> plan cap 210 s (plan_wall 240, settle_reserve 90)
[13:36:24] prefix slices/s07/in/craft_0.npz: 21 flybys, t_end 3591.2 d, tank 848.4 kg (planner view), miss 26.6 km, nreg 182
[13:36:24] budget: job_wall 300 s, 300 s left before the plan -> plan cap 210 s (plan_wall 240, settle_reserve 90)
[13:36:24] prefix slices/s07/in/craft_2.npz: 16 flybys, t_end 3635.7 d, tank 732.3 kg (planner view), miss 18.0 km, nreg 183
[13:36:24] budget: job_wall 300 s, 300 s left before the plan -> plan cap 210 s (plan_wall 240, settle_reserve 90)
[13:36:24] prefix slices/s07/in/craft_1.npz: 19 flybys, t_end 3624.2 d, tank 738.7 kg (planner view), miss 11.0 km, nreg 183
[13:36:24] budget: job_wall 300 s, 300 s left before the plan -> plan cap 210 s (plan_wall 240, settle_reserve 90)
[13:36:24] prefix slices/s07/in/craft_6.npz: 19 flybys, t_end 3763.3 d, tank 927.2 kg (planner view), miss 85.1 km, nreg 185
[13:36:24] budget: job_wall 300 s, 300 s left before the plan -> plan cap 210 s (plan_wall 240, settle_reserve 90)
[13:36:24] prefix slices/s07/in/craft_3.npz: 19 flybys, t_end 3779.7 d, tank 970.1 kg (planner view), miss 47.7 km, nreg 188
[13:36:24] budget: job_wall 300 s, 300 s left before the plan -> plan cap 210 s (plan_wall 240, settle_reserve 90)
[13:36:24] prefix slices/s07/in/craft_5.npz: 20 flybys, t_end 3674.2 d, tank 907.5 kg (planner view), miss 23.6 km, nreg 182
[13:36:24] budget: job_wall 300 s, 300 s left before the plan -> plan cap 210 s (plan_wall 240, settle_reserve 90)
[13:36:44] first level (both): 0 production + 30 relaxed (dv 2.5, 0.3 AU; 0.1 s) + 0 lintwin children -> 23 unique (20.1 s)
[13:36:44] plan start: prefix 19 flybys, t_end 3779.7 d, planner mass 992.0 kg (dv 18.750 km/s); 23 first-level states
[13:36:44] first level (both): 0 production + 39 relaxed (dv 2.5, 0.3 AU; 0.1 s) + 42 lintwin children -> 65 unique (20.4 s)
[13:36:44] plan start: prefix 20 flybys, t_end 3674.2 d, planner mass 1060.5 kg (dv 16.133 km/s); 65 first-level states
[13:36:45] first level (both): 0 production + 31 relaxed (dv 2.5, 0.3 AU; 0.1 s) + 53 lintwin children -> 70 unique (21.3 s)
[13:36:45] plan start: prefix 21 flybys, t_end 3591.2 d, planner mass 1134.3 kg (dv 13.493 km/s); 70 first-level states
[13:36:45] first level (both): 0 production + 0 relaxed (dv 2.5, 0.3 AU; 0.1 s) + 63 lintwin children -> 63 unique (21.7 s)
[13:36:45] plan start: prefix 19 flybys, t_end 3175.6 d, planner mass 1174.1 kg (dv 12.139 km/s); 63 first-level states
[13:36:46] first level (both): 0 production + 31 relaxed (dv 2.5, 0.3 AU; 0.1 s) + 62 lintwin children -> 79 unique (21.9 s)
[13:36:46] plan start: prefix 19 flybys, t_end 3624.2 d, planner mass 1302.9 kg (dv 8.059 km/s); 79 first-level states
[13:36:46] first level (both): 0 production + 38 relaxed (dv 2.5, 0.3 AU; 0.1 s) + 54 lintwin children -> 67 unique (22.0 s)
[13:36:46] plan start: prefix 16 flybys, t_end 3635.7 d, planner mass 1314.2 kg (dv 7.720 km/s); 67 first-level states
[13:36:46] first level (both): 0 production + 0 relaxed (dv 2.5, 0.3 AU; 0.1 s) + 72 lintwin children -> 72 unique (22.1 s)
[13:36:46] plan start: prefix 12 flybys, t_end 2438.9 d, planner mass 1108.0 kg (dv 14.415 km/s); 72 first-level states
[13:36:46] first level (both): 0 production + 28 relaxed (dv 2.5, 0.3 AU; 0.1 s) + 38 lintwin children -> 51 unique (22.2 s)
[13:36:46] plan start: prefix 19 flybys, t_end 3763.3 d, planner mass 1037.9 kg (dv 16.977 km/s); 51 first-level states
[13:37:11] plan: 855 states, depth 8 new flybys, end plan_done (48 s); deepest 8 new to 5396 d at planner fuel 729 kg
[13:37:11]   depth  1:   23 states (17 in H), t_end 3949-4380 d, fuel 620-673 kg
[13:37:11]   depth  2:  110 states (9 in H), t_end 4104-4910 d, fuel 638-698 kg
[13:37:11]   depth  3:  150 states (3 in H), t_end 4310-5220 d, fuel 649-724 kg
[13:37:11]   depth  4:  150 states (0 in H), t_end 4545-5397 d, fuel 665-748 kg
[13:37:11]   depth  5:  150 states (0 in H), t_end 4809-5398 d, fuel 681-775 kg
[13:37:11]   depth  6:  150 states (0 in H), t_end 4978-5399 d, fuel 689-786 kg
[13:37:11]   depth  7:  112 states (0 in H), t_end 5202-5398 d, fuel 703-801 kg
[13:37:11]   depth  8:   10 states (0 in H), t_end 5342-5396 d, fuel 729-797 kg
[13:37:11] candidates: 14 distinct committed target sets (n_new 1-3, potential 0-2)
[13:37:11] frontier: 14 candidates chosen (n fb / committed planner kg / continuation (lookahead) [full]; pot_mode lookahead, pot_cap None): 1fb/620kg/p3(2)[3], 1fb/627kg/p1(1)[1], 1fb/634kg/p1(1)[1], 1fb/647kg/p2(1)[2], 1fb/659kg/p2(2)[2], 1fb/661kg/p2(1)[2], 1fb/666kg/p2(2)[2], 2fb/646kg/p2(2)[2], 2fb/659kg/p0(0)[0], 2fb/677kg/p1(1)[1], 2fb/681kg/p1(1)[1], 2fb/686kg/p0(0)[0], 2fb/689kg/p2(1)[2], 3fb/707kg/p1(1)[1]
[13:37:11] budget: 252 s of 300 left for the settles + regrids (settle_wall 480)
[13:37:12]     settle 20: 217 @   3976 d -> ok lam tank 982.1 (+12.0) miss 48 km (1.0 s)
[13:37:13] plan: 910 states, depth 9 new flybys, end plan_done (49 s); deepest 9 new to 5249 d at planner fuel 664 kg
[13:37:13]   depth  1:   63 states (46 in H), t_end 3798-4434 d, fuel 438-512 kg
[13:37:13]   depth  2:  150 states (46 in H), t_end 4003-4894 d, fuel 459-534 kg
[13:37:13]   depth  3:  150 states (1 in H), t_end 4274-5313 d, fuel 472-551 kg
[13:37:13]   depth  4:  150 states (0 in H), t_end 4563-5393 d, fuel 497-582 kg
[13:37:13]   depth  5:  150 states (0 in H), t_end 4696-5399 d, fuel 508-600 kg
[13:37:13]   depth  6:  150 states (0 in H), t_end 4928-5400 d, fuel 549-629 kg
[13:37:13]   depth  7:   81 states (0 in H), t_end 5047-5400 d, fuel 586-649 kg
[13:37:13]   depth  8:   15 states (0 in H), t_end 5127-5399 d, fuel 605-678 kg
[13:37:13]   depth  9:    1 states (0 in H), t_end 5249-5249 d, fuel 664-664 kg
[13:37:13] candidates: 68 distinct committed target sets (n_new 1-3, potential 0-2)
[13:37:13] frontier: 16 candidates chosen (n fb / committed planner kg / continuation (lookahead) [full]; pot_mode lookahead, pot_cap None): 1fb/441kg/p0(0)[0], 1fb/444kg/p0(0)[0], 1fb/450kg/p2(1)[2], 1fb/451kg/p2(1)[2], 1fb/458kg/p2(1)[2], 1fb/463kg/p2(2)[2], 1fb/463kg/p3(2)[3], 1fb/465kg/p2(0)[2], 1fb/467kg/p2(1)[2], 1fb/482kg/p2(1)[2], 1fb/499kg/p3(2)[3], 1fb/500kg/p3(2)[3], 2fb/465kg/p0(0)[0], 2fb/467kg/p1(1)[1], 2fb/481kg/p2(2)[2], 3fb/491kg/p0(0)[0]
[13:37:13] budget: 250 s of 300 left for the settles + regrids (settle_wall 480)
[13:37:15] plan: 927 states, depth 9 new flybys, end plan_done (51 s); deepest 9 new to 5362 d at planner fuel 495 kg
[13:37:15]   depth  1:   67 states (56 in H), t_end 3793-4432 d, fuel 286-376 kg
[13:37:15]   depth  2:  150 states (56 in H), t_end 3952-4913 d, fuel 305-416 kg
[13:37:15]   depth  3:  150 states (12 in H), t_end 4160-5265 d, fuel 323-441 kg
[13:37:15]   depth  4:  150 states (0 in H), t_end 4487-5355 d, fuel 347-451 kg
[13:37:15]   depth  5:  150 states (0 in H), t_end 4619-5393 d, fuel 370-473 kg
[13:37:15]   depth  6:  150 states (0 in H), t_end 4727-5397 d, fuel 406-496 kg
[13:37:15]   depth  7:   97 states (0 in H), t_end 4883-5400 d, fuel 414-525 kg
[13:37:15]   depth  8:   12 states (0 in H), t_end 5241-5400 d, fuel 457-534 kg
[13:37:15]   depth  9:    1 states (0 in H), t_end 5362-5362 d, fuel 495-495 kg
[13:37:15] candidates: 77 distinct committed target sets (n_new 1-3, potential 0-3)
[13:37:15] frontier: 16 candidates chosen (n fb / committed planner kg / continuation (lookahead) [full]; pot_mode lookahead, pot_cap None): 1fb/286kg/p1(0)[1], 1fb/293kg/p1(1)[1], 1fb/304kg/p3(2)[3], 1fb/305kg/p4(3)[4], 1fb/307kg/p2(2)[2], 1fb/319kg/p3(3)[3], 1fb/339kg/p3(2)[3], 1fb/344kg/p2(1)[2], 1fb/365kg/p3(2)[3], 2fb/305kg/p0(0)[0], 2fb/310kg/p1(1)[1], 2fb/343kg/p2(1)[2], 2fb/345kg/p3(3)[3], 3fb/360kg/p1(1)[1], 3fb/371kg/p0(0)[0], 3fb/386kg/p1(1)[1]
[13:37:15] budget: 249 s of 300 left for the settles + regrids (settle_wall 480)
[13:37:15] plan: 903 states, depth 8 new flybys, end plan_done (52 s); deepest 8 new to 5345 d at planner fuel 654 kg
[13:37:15]   depth  1:   72 states (56 in H), t_end 3788-4409 d, fuel 492-563 kg
[13:37:15]   depth  2:  150 states (45 in H), t_end 3874-4898 d, fuel 500-590 kg
[13:37:15]   depth  3:  150 states (11 in H), t_end 3953-5303 d, fuel 505-614 kg
[13:37:15]   depth  4:  150 states (1 in H), t_end 4277-5342 d, fuel 534-634 kg
[13:37:15]   depth  5:  150 states (0 in H), t_end 4783-5395 d, fuel 548-659 kg
[13:37:15]   depth  6:  150 states (0 in H), t_end 5010-5399 d, fuel 578-685 kg
[13:37:15]   depth  7:   66 states (0 in H), t_end 5145-5400 d, fuel 609-698 kg
[13:37:15]   depth  8:   15 states (0 in H), t_end 5307-5396 d, fuel 654-702 kg
[13:37:15] candidates: 91 distinct committed target sets (n_new 1-4, potential 0-3)
[13:37:15] frontier: 16 candidates chosen (n fb / committed planner kg / continuation (lookahead) [full]; pot_mode lookahead, pot_cap None): 1fb/492kg/p1(1)[1], 1fb/492kg/p1(1)[1], 1fb/492kg/p2(2)[2], 1fb/493kg/p2(2)[2], 1fb/505kg/p3(2)[3], 1fb/505kg/p3(3)[3], 1fb/507kg/p2(1)[2], 1fb/507kg/p2(1)[2], 1fb/547kg/p3(0)[3], 2fb/508kg/p0(0)[0], 2fb/511kg/p0(0)[0], 2fb/530kg/p2(2)[2], 3fb/571kg/p0(0)[0], 3fb/579kg/p0(0)[0], 3fb/599kg/p1(0)[1], 4fb/616kg/p0(0)[0]
[13:37:15] budget: 248 s of 300 left for the settles + regrids (settle_wall 480)
[13:37:16]     settle 17:  45 @   4051 d -> ok lintwin tank 732.3 (+0.0) miss 0 km (0.7 s)
[13:37:17] plan: 966 states, depth 9 new flybys, end plan_done (53 s); deepest 9 new to 5366 d at planner fuel 784 kg
[13:37:17]   depth  1:   51 states (46 in H), t_end 3827-4425 d, fuel 573-635 kg
[13:37:17]   depth  2:  126 states (61 in H), t_end 3993-4895 d, fuel 595-666 kg
[13:37:17]   depth  3:  150 states (18 in H), t_end 4073-5176 d, fuel 612-691 kg
[13:37:17]   depth  4:  150 states (2 in H), t_end 4261-5338 d, fuel 633-720 kg
[13:37:17]   depth  5:  150 states (0 in H), t_end 4674-5383 d, fuel 639-743 kg
[13:37:17]   depth  6:  150 states (0 in H), t_end 4849-5391 d, fuel 658-760 kg
[13:37:17]   depth  7:  122 states (0 in H), t_end 5025-5400 d, fuel 693-774 kg
[13:37:17]   depth  8:   59 states (0 in H), t_end 5203-5396 d, fuel 724-794 kg
[13:37:17]   depth  9:    8 states (0 in H), t_end 5308-5391 d, fuel 784-807 kg
[13:37:17] candidates: 93 distinct committed target sets (n_new 1-4, potential 0-3)
[13:37:17] frontier: 16 candidates chosen (n fb / committed planner kg / continuation (lookahead) [full]; pot_mode lookahead, pot_cap None): 1fb/573kg/p3(1)[3], 1fb/579kg/p2(1)[2], 1fb/582kg/p3(0)[3], 1fb/586kg/p3(2)[3], 1fb/607kg/p3(2)[3], 1fb/623kg/p3(1)[3], 1fb/623kg/p3(2)[3], 1fb/631kg/p4(3)[4], 2fb/595kg/p1(1)[1], 2fb/595kg/p0(0)[0], 2fb/659kg/p3(3)[3], 3fb/616kg/p0(0)[0], 3fb/617kg/p1(1)[1], 3fb/620kg/p1(0)[1], 4fb/644kg/p0(0)[0], 4fb/648kg/p0(0)[0]
[13:37:17] budget: 247 s of 300 left for the settles + regrids (settle_wall 480)
[13:37:17]     settle 17: 292 @   4293 d -> ok lintwin tank 735.5 (+3.2) miss 22 km (0.8 s)
[13:37:17] plan: 965 states, depth 8 new flybys, end plan_done (54 s); deepest 8 new to 5318 d at planner fuel 468 kg
[13:37:17]   depth  1:   79 states (63 in H), t_end 3789-4437 d, fuel 300-392 kg
[13:37:17]   depth  2:  150 states (42 in H), t_end 3973-4805 d, fuel 318-426 kg
[13:37:17]   depth  3:  150 states (18 in H), t_end 4083-5010 d, fuel 353-461 kg
[13:37:17]   depth  4:  150 states (0 in H), t_end 4603-5352 d, fuel 363-491 kg
[13:37:17]   depth  5:  150 states (0 in H), t_end 4689-5400 d, fuel 386-524 kg
[13:37:17]   depth  6:  150 states (0 in H), t_end 4886-5391 d, fuel 422-528 kg
[13:37:17]   depth  7:  101 states (0 in H), t_end 5071-5399 d, fuel 449-547 kg
[13:37:17]   depth  8:   35 states (0 in H), t_end 5274-5395 d, fuel 468-570 kg
[13:37:17] candidates: 75 distinct committed target sets (n_new 1-3, potential 0-2)
[13:37:17] frontier: 16 candidates chosen (n fb / committed planner kg / continuation (lookahead) [full]; pot_mode lookahead, pot_cap None): 1fb/305kg/p0(0)[0], 1fb/306kg/p0(0)[0], 1fb/310kg/p1(1)[1], 1fb/315kg/p1(1)[1], 1fb/315kg/p2(2)[2], 1fb/318kg/p2(1)[2], 1fb/325kg/p3(1)[3], 1fb/361kg/p2(2)[2], 1fb/388kg/p2(0)[2], 2fb/338kg/p2(1)[2], 2fb/340kg/p1(1)[1], 2fb/344kg/p0(0)[0], 2fb/356kg/p2(2)[2], 3fb/353kg/p0(0)[0], 3fb/367kg/p1(1)[1], 3fb/380kg/p0(0)[0]
[13:37:17] budget: 246 s of 300 left for the settles + regrids (settle_wall 480)
[13:37:19]     settle 20: 292 @   4308 d -> ok lintwin tank 825.4 (+5.8) miss 65 km (6.0 s)
[13:37:20] plan: 1061 states, depth 9 new flybys, end plan_done (56 s); deepest 9 new to 5351 d at planner fuel 725 kg
[13:37:20]   depth  1:   65 states (50 in H), t_end 3789-4421 d, fuel 555-618 kg
[13:37:20]   depth  2:  150 states (40 in H), t_end 3847-4960 d, fuel 566-648 kg
[13:37:20]   depth  3:  150 states (5 in H), t_end 4162-5212 d, fuel 579-670 kg
[13:37:20]   depth  4:  150 states (0 in H), t_end 4439-5368 d, fuel 596-692 kg
[13:37:20]   depth  5:  150 states (0 in H), t_end 4510-5397 d, fuel 602-709 kg
[13:37:20]   depth  6:  150 states (0 in H), t_end 4850-5399 d, fuel 624-701 kg
[13:37:20]   depth  7:  150 states (0 in H), t_end 5034-5392 d, fuel 643-714 kg
[13:37:20]   depth  8:   89 states (0 in H), t_end 5139-5394 d, fuel 667-737 kg
[13:37:20]   depth  9:    7 states (0 in H), t_end 5260-5386 d, fuel 725-752 kg
[13:37:20] candidates: 57 distinct committed target sets (n_new 1-3, potential 0-3)
[13:37:20] frontier: 16 candidates chosen (n fb / committed planner kg / continuation (lookahead) [full]; pot_mode lookahead, pot_cap None): 1fb/555kg/p2(2)[2], 1fb/559kg/p4(3)[4], 1fb/563kg/p2(2)[2], 1fb/570kg/p2(1)[2], 1fb/571kg/p3(2)[3], 1fb/571kg/p2(1)[2], 1fb/577kg/p2(2)[2], 1fb/582kg/p2(1)[2], 1fb/590kg/p3(1)[3], 2fb/575kg/p3(3)[3], 2fb/577kg/p2(2)[2], 2fb/578kg/p0(0)[0], 2fb/595kg/p2(2)[2], 3fb/612kg/p1(1)[1], 3fb/628kg/p0(0)[0], 3fb/642kg/p1(1)[1]
[13:37:20] budget: 244 s of 300 left for the settles + regrids (settle_wall 480)
[13:37:20]     settle 17:  59 @   3876 d -> ok lintwin tank 745.8 (+13.5) miss 86 km (2.6 s)
[13:37:21]     settle 20: 112 @   4160 d -> ok lam tank 974.9 (+4.8) miss 16 km (5.0 s)
[13:37:22]     settle 17: 196 @   3936 d -> ok lintwin tank 739.3 (+7.0) miss 27 km (1.0 s)
[13:37:23]     settle 20: 230 @   3853 d -> ok lintwin tank 930.9 (+3.7) miss 78 km (6.6 s)
[13:37:24]     settle 20: 273 @   4161 d -> ok lintwin tank 781.1 (+42.4) miss 33 km (6.5 s)
[13:37:24]     settle 21: 216 @   4164 d -> ok lintwin tank 920.0 (+12.5) miss 67 km (4.3 s)
[13:37:24] plan: 1093 states, depth 9 new flybys, end plan_done (61 s); deepest 9 new to 5341 d at planner fuel 657 kg
[13:37:24]   depth  1:   70 states (63 in H), t_end 3810-4429 d, fuel 470-547 kg
[13:37:24]   depth  2:  150 states (44 in H), t_end 4029-4868 d, fuel 495-581 kg
[13:37:24]   depth  3:  150 states (9 in H), t_end 4118-5217 d, fuel 505-603 kg
[13:37:24]   depth  4:  150 states (1 in H), t_end 4298-5326 d, fuel 539-623 kg
[13:37:24]   depth  5:  150 states (0 in H), t_end 4533-5328 d, fuel 563-634 kg
[13:37:24]   depth  6:  150 states (0 in H), t_end 4892-5397 d, fuel 578-656 kg
[13:37:24]   depth  7:  150 states (0 in H), t_end 5002-5373 d, fuel 592-675 kg
[13:37:24]   depth  8:  112 states (0 in H), t_end 5191-5398 d, fuel 620-704 kg
[13:37:24]   depth  9:   11 states (0 in H), t_end 5328-5397 d, fuel 657-683 kg
[13:37:24] candidates: 78 distinct committed target sets (n_new 1-4, potential 0-2)
[13:37:24] frontier: 16 candidates chosen (n fb / committed planner kg / continuation (lookahead) [full]; pot_mode lookahead, pot_cap None): 1fb/474kg/p0(0)[0], 1fb/475kg/p0(0)[0], 1fb/495kg/p2(1)[2], 1fb/496kg/p4(1)[4], 1fb/508kg/p2(2)[2], 1fb/511kg/p2(1)[2], 1fb/517kg/p3(2)[3], 1fb/519kg/p2(1)[2], 1fb/521kg/p2(1)[2], 2fb/495kg/p0(0)[0], 2fb/497kg/p0(0)[0], 2fb/521kg/p3(1)[3], 3fb/528kg/p1(1)[1], 3fb/547kg/p1(1)[1], 3fb/548kg/p2(1)[2], 4fb/570kg/p1(1)[1]
[13:37:24] budget: 239 s of 300 left for the settles + regrids (settle_wall 480)
[13:37:24]     settle 17: 271 @   4110 d -> ok lintwin tank 743.8 (+11.5) miss 64 km (1.4 s)
[13:37:25]     settle 22: 299 @   4093 d -> ok lintwin tank 854.4 (+5.9) miss 23 km (0.8 s)
[13:37:26]     settle 20: 292 @   4200 d -> ok lintwin tank 740.7 (+2.0) miss 53 km (1.7 s)
[13:37:27]     settle 20: 225 @   4230 d -> ok lin tank 989.9 (+19.7) miss 63 km (3.4 s)
[13:37:28]     settle 20: 153 @   4245 d -> ok lintwin tank 833.7 (+14.1) miss 80 km (8.4 s)
[13:37:28]   drift: leg 153@4245 d settled outside (T, T+H] -> column cut at 0
[13:37:29]     settle 22: 115 @   4223 d -> ok lintwin tank 859.0 (+10.6) miss 63 km (2.8 s)
[13:37:30]     settle 21: 195 @   3794 d -> ok lintwin tank 914.0 (+6.5) miss 56 km (4.6 s)
[13:37:31]     settle 20: 216 @   4157 d -> ok lintwin tank 931.0 (+3.8) miss 72 km (6.7 s)
[13:37:31]     settle 22:  95 @   3921 d -> ok lintwin tank 871.5 (+23.0) miss 46 km (1.4 s)
[13:37:32]     settle 20: 111 @   4151 d -> ok lintwin tank 757.9 (+19.2) miss 70 km (5.2 s)
[13:37:33]     settle 20: 113 @   3922 d -> ok lintwin tank 840.4 (+20.7) miss 46 km (5.0 s)
[13:37:35]     settle 21: 111 @   4160 d -> ok lintwin tank 909.5 (+2.0) miss 67 km (4.6 s)
[13:37:37]     settle 20:  71 @   3954 d -> ok lam tank 985.7 (+15.6) miss 11 km (9.3 s)
[13:37:38]     settle 22: 230 @   3814 d -> ok lintwin tank 880.4 (+32.0) miss 1 km (5.6 s)
[13:37:38]     settle 20:  59 @   3827 d -> ok lintwin tank 940.0 (+12.8) miss 5 km (6.2 s)
[13:37:38]     settle 20: 216 @   4160 d -> ok lintwin tank 776.1 (+37.4) miss 83 km (5.4 s)
[13:37:40]     settle 20:   1 @   4098 d -> ok lintwin tank 748.5 (+9.8) miss 9 km (0.6 s)
[13:37:40]     settle 22: 114 @   4071 d -> ok lintwin tank 882.2 (+33.7) miss 61 km (1.8 s)
[13:37:40]     settle 21: 149 @   4273 d -> ok lintwin tank 920.8 (+13.3) miss 71 km (4.5 s)
[13:37:40]     settle 20: 180 @   3916 d -> ok lintwin tank 864.6 (+44.9) miss 68 km (6.3 s)
[13:37:43]     settle 20:  59 @   3798 d -> ok lintwin tank 752.8 (+14.2) miss 83 km (2.7 s)
[13:37:44]     settle 21: 273 @   3815 d -> ok lintwin tank 922.0 (+14.5) miss 70 km (2.5 s)
[13:37:44]     settle 20:  95 @   3891 d -> ok lintwin tank 966.3 (+39.1) miss 76 km (5.4 s)
[13:37:44]     settle 20: 245 @   3823 d -> ok lintwin tank 754.5 (+15.8) miss 7 km (0.5 s)
[13:37:44]     settle 22:  59 @   3890 d -> ok lintwin tank 867.6 (+19.2) miss 67 km (3.8 s)
[13:37:45]     settle 20: 102 @   4270 d -> ok lam tank 1258.4 (+288.2) miss 66 km (6.6 s)
[13:37:45]     settle 20: 114 @   4071 d -> ok lintwin tank 777.4 (+38.7) miss 52 km (0.9 s)
[13:37:46]     settle 20:  78 @   3984 d -> ok lintwin tank 871.3 (+51.7) miss 77 km (4.6 s)
[13:37:46]     settle 22:  88 @   4031 d -> ok lintwin tank 859.8 (+11.3) miss 54 km (0.8 s)
[13:37:47]     settle 20: 253 @   3953 d -> ok lintwin tank 965.1 (+37.9) miss 74 km (2.9 s)
[13:37:47]     settle 21: 103 @   4024 d -> ok lintwin tank 915.9 (+8.4) miss 69 km (3.3 s)
[13:37:49]     settle 20: 230 @   3830 d -> ok lintwin tank 762.1 (+23.4) miss 84 km (2.8 s)
[13:37:51]     settle 21: 299 @   4093 d -> ok lintwin tank 754.7 (+0.2) miss 43 km (1.4 s)
[13:37:52]     settle 22: 241 @   3895 d -> ok lintwin tank 881.1 (+32.6) miss 72 km (5.7 s)
[13:37:52]     settle 21: 117 @   4213 d -> ok lintwin tank 756.1 (+1.6) miss 1 km (0.6 s)
[13:37:53]     settle 21: 114 @   4084 d -> ok lintwin tank 920.3 (+12.8) miss 74 km (4.8 s)
[13:37:53]     settle 20: 113 @   3866 d -> ok lintwin tank 989.9 (+62.6) miss 80 km (5.3 s)
[13:37:53]     settle 13: 187 @   4061 d -> FAIL [('lam', 4542027.8)] (38.0 s)
[13:37:54]     settle 20: 108 @   4290 d -> ok lintwin tank 937.5 (+117.8) miss 1 km (7.6 s)
[13:37:55]     settle 20:   4 @   3984 d -> ok lam tank 1010.6 (+40.4) miss 18 km (4.6 s)
[13:37:56]     settle 20: 200 @   4131 d -> ok lintwin tank 758.7 (+20.0) miss 78 km (3.4 s)
[13:37:57]     settle 20: 216 @   4165 d -> ok lintwin tank 839.7 (+20.0) miss 47 km (2.4 s)
[13:37:58]     settle 21:  59 @   3869 d -> ok lintwin tank 940.2 (+32.7) miss 79 km (4.5 s)
[13:37:58]     settle 22: 170 @   3874 d -> ok lintwin tank 888.5 (+40.1) miss 40 km (5.3 s)
[13:37:59]     settle 21: 156 @   4297 d -> ok lintwin tank 775.9 (+17.2) miss 69 km (2.5 s)
[13:37:59]     settle 20:  32 @   3864 d -> ok lintwin tank 846.2 (+26.6) miss 36 km (1.5 s)
[13:38:00]     settle 20: 141 @   4300 d -> ok lam tank 969.8 (+-0.3) miss 29 km (3.8 s)
[13:38:01]     settle 20: 174 @   3845 d -> ok lintwin tank 845.3 (+25.7) miss 37 km (1.5 s)
[13:38:01]     settle 20: 270 @   4121 d -> ok lintwin tank 1000.1 (+72.9) miss 67 km (7.1 s)
[13:38:02]     settle 21: 230 @   3844 d -> ok lintwin tank 921.6 (+14.1) miss 66 km (3.1 s)
[13:38:05]     settle 21:  98 @   4154 d -> ok lintwin tank 763.2 (+8.7) miss 76 km (3.4 s)
[13:38:05]     settle 21: 141 @   4309 d -> ok lam tank 996.6 (+14.5) miss 17 km (4.4 s)
[13:38:05]     settle 20:  86 @   3902 d -> ok lintwin tank 861.2 (+41.5) miss 38 km (3.6 s)
[13:38:06]     settle 22: 294 @   3903 d -> ok lam tank 937.4 (+88.9) miss 47 km (7.2 s)
[13:38:06]     settle 22: 117 @   4213 d -> ok lintwin tank 757.1 (+2.4) miss 52 km (0.6 s)
[13:38:07]     settle 17: 216 @   4165 d -> FAIL [('lam', 50557674.8)] (41.7 s)
[13:38:07]     settle 20: 153 @   3943 d -> ok lintwin tank 968.7 (+41.5) miss 43 km (4.9 s)
[13:38:07]     settle 22: 216 @   4164 d -> ok lintwin tank 928.4 (+14.4) miss 66 km (4.9 s)
[13:38:10]     settle 20:  31 @   3937 d -> ok lintwin tank 856.2 (+36.5) miss 58 km (4.6 s)
[13:38:11]     settle 22: 156 @   4297 d -> ok lintwin tank 766.6 (+12.0) miss 69 km (3.4 s)
[13:38:11]     settle 22: 114 @   4083 d -> ok lintwin tank 926.5 (+4.5) miss 20 km (2.9 s)
[13:38:11]     settle 21:  21 @   4319 d -> ok lam tank 1021.5 (+46.6) miss 8 km (3.8 s)
[13:38:11]   drift: leg 21@4319 d settled outside (T, T+H] -> column cut at 1
[13:38:12]     settle 21: 103 @   3973 d -> ok lintwin tank 767.4 (+12.9) miss 10 km (0.6 s)
[13:38:12]     settle 23:  47 @   4200 d -> ok lintwin tank 931.1 (+-6.3) miss 76 km (6.3 s)
[13:38:15]     settle 22: 299 @   4088 d -> ok lintwin tank 773.8 (+6.3) miss 82 km (3.0 s)
[13:38:16]     settle 21: 103 @   4014 d -> ok lintwin tank 915.7 (+8.2) miss 61 km (4.2 s)
[13:38:16]     settle 20: 270 @   4076 d -> ok lintwin tank 833.2 (+13.5) miss 73 km (4.7 s)
[13:38:16]     settle 23: 111 @   4163 d -> ok lintwin tank 877.6 (+6.1) miss 72 km (3.0 s)
[13:38:16] RESULT s07_c1: 16 columns; frontier 1fb 2 kg p0/2 | 2fb 16 kg p1/2 | 3fb 18 kg p0/1; settles 18 (18 ok), regrids 16 (16 ok); wall 113 s of 300 (plan 54, price 1, settle 59; budget hit None, 0 unsettled)
[13:38:16]     settle 21:   3 @   4255 d -> ok lam tank 956.9 (+25.9) miss 7 km (8.9 s)
[13:38:18]   job s07_c1 craft columns  16  levels 8  settles 18/18  end plan_done  wall 112.7 s
[13:38:19]     settle 21: 102 @   4104 d -> ok lam tank 1018.2 (+32.5) miss 85 km (8.0 s)
[13:38:19]     settle 22:  78 @   4185 d -> ok lintwin tank 932.0 (+16.3) miss 61 km (3.4 s)
[13:38:21]     settle 21: 115 @   4284 d -> ok lin tank 1039.2 (+28.7) miss 47 km (1.1 s)
[13:38:21]     settle 23:  88 @   4029 d -> ok lintwin tank 898.8 (+18.3) miss 66 km (4.7 s)
[13:38:24]     settle 21: 195 @   3796 d -> ok lintwin tank 914.0 (+6.5) miss 56 km (3.4 s)
[13:38:24]     settle 21: 273 @   4189 d -> ok lintwin tank 890.4 (+19.0) miss 5 km (7.5 s)
[13:38:24]     settle 21: 269 @   4267 d -> ok lintwin tank 943.2 (+3.2) miss 7 km (6.4 s)
[13:38:27]     settle 24: 156 @   4300 d -> ok lintwin tank 900.6 (+1.8) miss 81 km (4.5 s)
[13:38:27]     settle 22: 114 @   4080 d -> ok lintwin tank 930.0 (+16.0) miss 90 km (2.9 s)
[13:38:28]     settle 24: 185 @   4283 d -> ok lintwin tank 899.4 (+0.6) miss 82 km (0.7 s)
[13:38:30]     settle 22: 103 @   4016 d -> ok lintwin tank 929.6 (+15.6) miss 68 km (3.0 s)
[13:38:32]     settle 21: 146 @   4314 d -> ok lin tank 1018.8 (+8.2) miss 62 km (3.9 s)
[13:38:32]     settle 24: 106 @   4118 d -> ok lintwin tank 923.4 (+24.6) miss 62 km (3.3 s)
[13:38:32]     settle 21: 216 @   4162 d -> ok lintwin tank 983.6 (+14.9) miss 73 km (7.2 s)
[13:38:32]     settle 21:  19 @   4206 d -> ok lintwin tank 911.6 (+40.2) miss 1 km (7.6 s)
[13:38:33]     settle 23: 216 @   4162 d -> ok lintwin tank 936.0 (+6.4) miss 68 km (3.1 s)
[13:38:36]     settle 20: 217 @   3969 d -> ok lam tank 973.4 (+3.2) miss 67 km (3.5 s)
[13:38:36]     settle 21: 242 @   4319 d -> ok lintwin tank 840.2 (+0.5) miss 66 km (2.7 s)
[13:38:36]   drift: leg 242@4319 d settled outside (T, T+H] -> column cut at 1
[13:38:37]     settle 25: 156 @   4298 d -> ok lintwin tank 925.9 (+2.5) miss 63 km (4.6 s)
[13:38:38] RESULT s07_c0: 16 columns; frontier 1fb 6 kg p0/2 | 2fb 29 kg p0/1 | 3fb 51 kg p1/1 | 4fb 77 kg p1/1; settles 17 (17 ok), regrids 16 (16 ok); wall 134 s of 300 (plan 61, price 1, settle 73; budget hit None, 0 unsettled)
[13:38:38]   job s07_c0 craft columns  16  levels 9  settles 17/17  end plan_done  wall 134.1 s
[13:38:38]     settle 21: 112 @   3993 d -> ok lintwin tank 950.5 (+10.5) miss 13 km (5.5 s)
[13:38:39]     settle 21: 195 @   3789 d -> ok lintwin tank 911.7 (+4.2) miss 4 km (5.2 s)
[13:38:39]     settle 21: 180 @   4069 d -> ok lintwin tank 853.7 (+7.5) miss 80 km (3.1 s)
[13:38:40]     settle 21: 112 @   4160 d -> ok lam tank 1004.6 (+31.3) miss 10 km (3.8 s)
[13:38:41]     settle 13:   6 @   4257 d -> FAIL [('lin', 15966.4), ('lam', 1562343.5)] (47.7 s)
[13:38:42]     settle 22:   3 @   4274 d -> ok lin tank 855.2 (+1.5) miss 77 km (2.9 s)
[13:38:43]     settle 22: 230 @   3847 d -> ok lintwin tank 960.4 (+48.7) miss 78 km (3.2 s)
[13:38:43]   2 candidates dropped (settle failure / regrid failure / duplicate after truncation)
[13:38:43] RESULT s07_c4: 14 columns; frontier 1fb 6 kg p0/2 | 2fb 71 kg p0/1 | 3fb 35 kg p0/0; settles 17 (17 ok), regrids 14 (14 ok); wall 139 s of 300 (plan 49, price 1, settle 90; budget hit None, 0 unsettled)
[13:38:43]     settle 22: 141 @   4310 d -> ok lin tank 1007.7 (+3.0) miss 16 km (2.4 s)
[13:38:44]     settle 22: 102 @   4283 d -> ok lin tank 965.1 (+14.6) miss 78 km (5.4 s)
[13:38:44]   job s07_c4 craft columns  14  levels 9  settles 17/17  end plan_done  wall 139.4 s
[13:38:44]   1 candidates dropped (settle failure / regrid failure / duplicate after truncation)
[13:38:44] RESULT s07_c3: 13 columns; frontier 1fb -1 kg p2/2 | 2fb 26 kg p2/2 | 3fb 37 kg p1/1; settles 15 (15 ok), regrids 13 (13 ok); wall 141 s of 300 (plan 48, price 1, settle 93; budget hit None, 0 unsettled)
[13:38:46]   job s07_c3 craft columns  13  levels 8  settles 15/15  end plan_done  wall 140.6 s
[13:38:46]     settle 23:   3 @   4267 d -> ok lintwin tank 963.5 (+3.2) miss 80 km (3.6 s)
[13:38:51]     settle 21: 180 @   4073 d -> ok lintwin tank 947.8 (+16.9) miss 14 km (6.8 s)
[13:38:52]     settle 22: 132 @   4197 d -> ok lam tank 977.3 (+55.7) miss 9 km (5.0 s)
[13:38:54]     settle 17:  95 @   3881 d -> FAIL [('lam', 1093813.5), ('lin', 3944660.2)] (47.7 s)
[13:38:57]     settle 22: 102 @   4278 d -> ok lintwin tank 953.2 (+5.3) miss 69 km (5.8 s)
[13:38:59]     settle 23: 156 @   4317 d -> ok lintwin tank 1012.7 (+35.3) miss 22 km (6.5 s)
[13:38:59]   drift: leg 156@4317 d settled outside (T, T+H] -> column cut at 2
[13:39:00] RESULT s07_c5: 16 columns; frontier 1fb 2 kg p2/3 | 2fb 19 kg p2/3 | 3fb 28 kg p1/1; settles 22 (22 ok), regrids 16 (16 ok); wall 156 s of 300 (plan 56, price 2, settle 100; budget hit None, 0 unsettled)
[13:39:00]   job s07_c5 craft columns  16  levels 9  settles 22/22  end plan_done  wall 156.2 s
[13:39:02]     settle 17: 230 @   3842 d -> ok lintwin tank 761.0 (+28.7) miss 79 km (7.3 s)
[13:39:03]     settle 20: 230 @   3859 d -> ok lintwin tank 928.8 (+1.6) miss 78 km (4.8 s)
[13:39:03]     settle 17: 170 @   3911 d -> ok lintwin tank 748.2 (+15.9) miss 44 km (0.5 s)
[13:39:04]     settle 18:   3 @   4271 d -> ok lintwin tank 746.4 (+14.0) miss 79 km (1.0 s)
[13:39:06]     settle 17: 196 @   3933 d -> ok lintwin tank 739.4 (+7.0) miss 74 km (0.6 s)
[13:39:06]     settle 18:   3 @   4273 d -> ok lintwin tank 746.7 (+7.3) miss 52 km (0.6 s)
[13:39:07]     settle 21: 112 @   3994 d -> ok lintwin tank 949.5 (+20.7) miss 60 km (4.0 s)
[13:39:08]     settle 17: 196 @   3926 d -> ok lintwin tank 739.4 (+7.1) miss 35 km (1.1 s)
[13:39:09]     settle 18: 271 @   4114 d -> ok lintwin tank 770.8 (+31.4) miss 28 km (1.0 s)
[13:39:10]     settle 22: 180 @   4074 d -> ok lam tank 964.7 (+15.2) miss 68 km (3.1 s)
[13:39:11]     settle 18: 216 @   4165 d -> ok lintwin tank 854.6 (+115.2) miss 12 km (1.1 s)
[13:39:11]     settle 22: 180 @   4073 d -> ok lam tank 961.6 (+11.0) miss 10 km (0.6 s)
[13:39:13]     settle 18:  45 @   4052 d -> ok lintwin tank 754.8 (+15.5) miss 83 km (0.9 s)
[13:39:13]     settle 19:   3 @   4274 d -> ok lintwin tank 757.6 (+2.8) miss 88 km (0.5 s)
[13:39:15]     settle 19: 292 @   4301 d -> ok lintwin tank 763.4 (+8.5) miss 39 km (0.7 s)
[13:39:17]     settle 19: 299 @   4225 d -> ok lintwin tank 769.2 (+-1.6) miss 65 km (1.6 s)
[13:39:18]     settle 23: 168 @   4261 d -> ok lintwin tank 978.9 (+17.3) miss 56 km (6.1 s)
[13:39:18]   2 candidates dropped (settle failure / regrid failure / duplicate after truncation)
[13:39:18] RESULT s07_c2: 14 columns; frontier 1fb -0 kg p0/3 | 2fb 14 kg p0/3 | 3fb 25 kg p1/1; settles 21 (17 ok), regrids 14 (14 ok); wall 174 s of 300 (plan 51, price 1, settle 123; budget hit None, 0 unsettled)
[13:39:18]   job s07_c2 craft columns  14  levels 9  settles 17/21  end plan_done  wall 174.1 s
[13:39:24]     settle 13: 197 @   4193 d -> FAIL [('lam', 1979131.5)] (42.5 s)
[13:39:25]     settle 23: 168 @   4264 d -> ok lintwin tank 987.2 (+22.5) miss 4 km (7.1 s)
[13:39:28] RESULT s07_c6: 16 columns; frontier 1fb 4 kg p1/3 | 2fb 16 kg p0/3 | 3fb 26 kg p1/1 | 4fb 52 kg p0/0; settles 21 (21 ok), regrids 16 (16 ok); wall 185 s of 300 (plan 53, price 2, settle 132; budget hit None, 0 unsettled)
[13:39:30]   job s07_c6 craft columns  16  levels 9  settles 21/21  end plan_done  wall 184.7 s
[13:40:01]     settle 13: 185 @   4280 d -> FAIL [('lam', 10435352.8)] (37.2 s)
[13:40:02]     settle 13:   7 @   3891 d -> ok lintwin tank 883.3 (+14.7) miss 71 km (1.4 s)
[13:40:41]     settle 13: 177 @   4222 d -> FAIL [('lam', 1720866.2)] (38.2 s)
[13:40:56]     settle 13: 153 @   4048 d -> FAIL [('lam', 318236.5)] (14.2 s)
[13:41:32]     settle 13:  98 @   4003 d -> FAIL [('lam', 2569687.3)] (36.0 s)
[13:41:32]   budget reached (job_wall: settle 256 s of 480, 0 s of the job left): 8 candidates not settled
[13:41:32]   7 candidates dropped (settle failure / regrid failure / duplicate after truncation)
[13:41:32] RESULT s07_c7: 1 columns; frontier 1fb 15 kg p2/2; settles 14 (1 ok), regrids 1 (1 ok); wall 308 s of 300 (plan 52, price 1, settle 256; budget hit job_wall, 8 unsettled)
[13:41:32]   job s07_c7 craft columns   1  levels 8  settles 1/14  end plan_done  wall 308.2 s
[13:41:32] [slice 7] propose: 106 columns (0 bad dropped) in 308.7 s
[13:41:32] [slice 7] auction: 106 columns, kept 106, dropped {}; lam 1.00 H_eff 540 d fuel budget 482 kg quota OFF prize bonus on 56 targets
[13:41:32] [slice 7] auction: status optimal objective 36.194 vars 106 rows 44 chosen 8 fuel 333/482 kg (0.011 s)
[13:41:34] [slice 7] claims: c0:1 c2:1 c3:2 c4:1 c5:1 c7:2  (8 targets: 0 kept, 8 new; 8 released, 0 expired (ttl 4), 1 conflicts)
[13:41:34] [slice 7 T=3780 d] launched 8/8  covered 167  remaining 131  fuel 2345 kg  sumJi 10.0552  chosen: c0:4(+77) c1:3(+18) c2:3(+25) c3:2(+26) c4:2(+92) c5:3(+28) c6:4(+51) c7:1(+15)  rejected: -  (wall 311 s)
[13:41:34] [slice 8] claims in force: c0:1 c2:1 c3:2 c4:1 c5:1 c7:2  (8 targets; claim_bonus 1.0, ttl 4)
[13:41:34]   c0: claims: 1 own (prized +1.0), 7 claimed by others withheld
[13:41:34]   c1: claims: 0 own (prized +1.0), 8 claimed by others withheld
[13:41:34]   c2: claims: 1 own (prized +1.0), 7 claimed by others withheld
[13:41:34]   c3: claims: 2 own (prized +1.0), 6 claimed by others withheld
[13:41:34]   c4: claims: 1 own (prized +1.0), 7 claimed by others withheld
[13:41:34]   c5: claims: 1 own (prized +1.0), 7 claimed by others withheld
[13:41:34]   c6: claims: 0 own (prized +1.0), 8 claimed by others withheld
[13:41:34]   c7: claims: 2 own (prized +1.0), 6 claimed by others withheld
[13:41:34] [slice 8 T=4320 d] propose: 8 jobs (8 craft, 0 root) on 9 workers, proposer planbeam, H_eff 540 d, lam 1.0
[13:41:34] job s08_c2 (craft, craft 2, planbeam): T 4320 d H 540 L 360; plan horizon 5477 d; remaining 124; prize >1 on 122; width 150 npt 6 mc 150 dv 1.2 drmax 0.15 plan_wall 240 s; quota None
[13:41:34] job s08_c1 (craft, craft 1, planbeam): T 4320 d H 540 L 360; plan horizon 5477 d; remaining 123; prize >1 on 121; width 150 npt 6 mc 150 dv 1.2 drmax 0.15 plan_wall 240 s; quota None
[13:41:34] job s08_c0 (craft, craft 0, planbeam): T 4320 d H 540 L 360; plan horizon 5477 d; remaining 124; prize >1 on 122; width 150 npt 6 mc 150 dv 1.2 drmax 0.15 plan_wall 240 s; quota None
[13:41:34] job s08_c3 (craft, craft 3, planbeam): T 4320 d H 540 L 360; plan horizon 5477 d; remaining 125; prize >1 on 123; width 150 npt 6 mc 150 dv 1.2 drmax 0.15 plan_wall 240 s; quota None
[13:41:34] job s08_c4 (craft, craft 4, planbeam): T 4320 d H 540 L 360; plan horizon 5477 d; remaining 124; prize >1 on 122; width 150 npt 6 mc 150 dv 1.2 drmax 0.15 plan_wall 240 s; quota None
[13:41:34] job s08_c5 (craft, craft 5, planbeam): T 4320 d H 540 L 360; plan horizon 5477 d; remaining 124; prize >1 on 122; width 150 npt 6 mc 150 dv 1.2 drmax 0.15 plan_wall 240 s; quota None
[13:41:34] job s08_c6 (craft, craft 6, planbeam): T 4320 d H 540 L 360; plan horizon 5477 d; remaining 123; prize >1 on 121; width 150 npt 6 mc 150 dv 1.2 drmax 0.15 plan_wall 240 s; quota None
[13:41:34] job s08_c7 (craft, craft 7, planbeam): T 4320 d H 540 L 360; plan horizon 5477 d; remaining 125; prize >1 on 123; width 150 npt 6 mc 150 dv 1.2 drmax 0.15 plan_wall 240 s; quota None
[13:41:34] prefix slices/s08/in/craft_7.npz: 13 flybys, t_end 3888.6 d, tank 883.3 kg (planner view), miss 86.7 km, nreg 188
[13:41:34] budget: job_wall 300 s, 300 s left before the plan -> plan cap 210 s (plan_wall 240, settle_reserve 90)
[13:41:34] prefix slices/s08/in/craft_5.npz: 23 flybys, t_end 4162.4 d, tank 935.4 kg (planner view), miss 61.7 km, nreg 207
[13:41:34] budget: job_wall 300 s, 300 s left before the plan -> plan cap 210 s (plan_wall 240, settle_reserve 90)
[13:41:34] prefix slices/s08/in/craft_0.npz: 25 flybys, t_end 4294.6 d, tank 925.2 kg (planner view), miss 0.9 km, nreg 217
[13:41:34] budget: job_wall 300 s, 300 s left before the plan -> plan cap 210 s (plan_wall 240, settle_reserve 90)
[13:41:34] prefix slices/s08/in/craft_1.npz: 22 flybys, t_end 4214.8 d, tank 756.9 kg (planner view), miss 33.5 km, nreg 212
[13:41:34] budget: job_wall 300 s, 300 s left before the plan -> plan cap 210 s (plan_wall 240, settle_reserve 90)
[13:41:34] prefix slices/s08/in/craft_4.npz: 21 flybys, t_end 4217.3 d, tank 911.5 kg (planner view), miss 55.0 km, nreg 209
[13:41:34] budget: job_wall 300 s, 300 s left before the plan -> plan cap 210 s (plan_wall 240, settle_reserve 90)
[13:41:34] prefix slices/s08/in/craft_2.npz: 19 flybys, t_end 4274.7 d, tank 757.2 kg (planner view), miss 14.8 km, nreg 215
[13:41:34] budget: job_wall 300 s, 300 s left before the plan -> plan cap 210 s (plan_wall 240, settle_reserve 90)
[13:41:34] prefix slices/s08/in/craft_3.npz: 21 flybys, t_end 4310.8 d, tank 996.5 kg (planner view), miss 34.3 km, nreg 215
[13:41:34] budget: job_wall 300 s, 300 s left before the plan -> plan cap 210 s (plan_wall 240, settle_reserve 90)
[13:41:34] prefix slices/s08/in/craft_6.npz: 23 flybys, t_end 4261.2 d, tank 978.7 kg (planner view), miss 42.1 km, nreg 210
[13:41:34] budget: job_wall 300 s, 300 s left before the plan -> plan cap 210 s (plan_wall 240, settle_reserve 90)
[13:41:56] first level (both): 0 production + 57 relaxed (dv 2.5, 0.3 AU; 0.1 s) + 0 lintwin children -> 32 unique (21.6 s)
[13:41:56] plan start: prefix 21 flybys, t_end 4310.8 d, planner mass 965.8 kg (dv 19.801 km/s); 32 first-level states
[13:41:56] first level (both): 0 production + 41 relaxed (dv 2.5, 0.3 AU; 0.1 s) + 53 lintwin children -> 75 unique (21.7 s)
[13:41:56] plan start: prefix 23 flybys, t_end 4162.4 d, planner mass 1028.8 kg (dv 17.322 km/s); 75 first-level states
[13:41:56] first level (both): 0 production + 3 relaxed (dv 2.5, 0.3 AU; 0.1 s) + 51 lintwin children -> 54 unique (21.8 s)
[13:41:56] plan start: prefix 13 flybys, t_end 3888.6 d, planner mass 1089.6 kg (dv 15.072 km/s); 54 first-level states
[13:41:56] first level (both): 0 production + 74 relaxed (dv 2.5, 0.3 AU; 0.1 s) + 42 lintwin children -> 91 unique (21.9 s)
[13:41:56] plan start: prefix 25 flybys, t_end 4294.6 d, planner mass 1040.3 kg (dv 16.888 km/s); 91 first-level states
[13:41:56] first level (both): 0 production + 22 relaxed (dv 2.5, 0.3 AU; 0.0 s) + 36 lintwin children -> 48 unique (22.0 s)
[13:41:56] plan start: prefix 21 flybys, t_end 4217.3 d, planner mass 1055.8 kg (dv 16.307 km/s); 48 first-level states
[13:41:56] first level (both): 0 production + 8 relaxed (dv 2.5, 0.3 AU; 0.0 s) + 0 lintwin children -> 5 unique (22.0 s)
[13:41:56] plan start: prefix 23 flybys, t_end 4261.2 d, planner mass 983.3 kg (dv 19.097 km/s); 5 first-level states
[13:41:57] first level (both): 0 production + 45 relaxed (dv 2.5, 0.3 AU; 0.0 s) + 53 lintwin children -> 83 unique (22.6 s)
[13:41:57] plan start: prefix 22 flybys, t_end 4214.8 d, planner mass 1271.5 kg (dv 9.015 km/s); 83 first-level states
[13:41:57] plan: 24 states, depth 5 new flybys, end plan_done (23 s); deepest 5 new to 5208 d at planner fuel 760 kg
[13:41:57]   depth  1:    5 states (5 in H), t_end 4451-4641 d, fuel 638-677 kg
[13:41:57]   depth  2:    5 states (3 in H), t_end 4512-5211 d, fuel 657-697 kg
[13:41:57]   depth  3:    5 states (1 in H), t_end 4772-5166 d, fuel 693-713 kg
[13:41:57]   depth  4:    8 states (0 in H), t_end 5022-5421 d, fuel 723-737 kg
[13:41:57]   depth  5:    1 states (0 in H), t_end 5208-5208 d, fuel 760-760 kg
[13:41:57] candidates: 7 distinct committed target sets (n_new 1-3, potential 0-2)
[13:41:57] frontier: 7 candidates chosen (n fb / committed planner kg / continuation (lookahead) [full]; pot_mode lookahead, pot_cap None): 1fb/643kg/p0(0)[0], 1fb/667kg/p4(2)[4], 1fb/677kg/p1(1)[1], 2fb/657kg/p0(0)[0], 2fb/685kg/p1(1)[1], 2fb/689kg/p3(2)[3], 3fb/713kg/p2(2)[2]
[13:41:57] budget: 277 s of 300 left for the settles + regrids (settle_wall 480)
[13:41:57] first level (both): 0 production + 42 relaxed (dv 2.5, 0.3 AU; 0.1 s) + 43 lintwin children -> 64 unique (23.1 s)
[13:41:57] plan start: prefix 19 flybys, t_end 4274.7 d, planner mass 1271.0 kg (dv 9.030 km/s); 64 first-level states
[13:42:05]     settle 24: 273 @   4601 d -> ok lin tank 997.8 (+19.1) miss 69 km (7.4 s)
[13:42:07] plan: 540 states, depth 7 new flybys, end plan_done (33 s); deepest 7 new to 5470 d at planner fuel 746 kg
[13:42:07]   depth  1:   48 states (38 in H), t_end 4328-4960 d, fuel 559-621 kg
[13:42:07]   depth  2:  110 states (39 in H), t_end 4608-5434 d, fuel 574-649 kg
[13:42:07]   depth  3:  150 states (9 in H), t_end 4763-5471 d, fuel 602-677 kg
[13:42:07]   depth  4:  150 states (0 in H), t_end 4947-5476 d, fuel 620-700 kg
[13:42:07]   depth  5:   68 states (0 in H), t_end 5211-5476 d, fuel 647-714 kg
[13:42:07]   depth  6:   13 states (0 in H), t_end 5427-5475 d, fuel 708-736 kg
[13:42:07]   depth  7:    1 states (0 in H), t_end 5470-5470 d, fuel 746-746 kg
[13:42:07] candidates: 43 distinct committed target sets (n_new 1-3, potential 0-4)
[13:42:07] frontier: 16 candidates chosen (n fb / committed planner kg / continuation (lookahead) [full]; pot_mode lookahead, pot_cap None): 1fb/559kg/p3(2)[3], 1fb/570kg/p2(2)[2], 1fb/578kg/p3(2)[3], 1fb/584kg/p2(2)[2], 1fb/601kg/p2(2)[2], 1fb/603kg/p2(2)[2], 1fb/605kg/p4(3)[4], 1fb/605kg/p4(4)[4], 1fb/608kg/p3(1)[3], 1fb/618kg/p3(1)[3], 2fb/576kg/p2(2)[2], 2fb/600kg/p2(2)[2], 2fb/636kg/p3(3)[3], 3fb/646kg/p1(1)[1], 3fb/651kg/p1(1)[1], 3fb/663kg/p1(1)[1]
[13:42:07] budget: 267 s of 300 left for the settles + regrids (settle_wall 480)
[13:42:09] plan: 618 states, depth 8 new flybys, end plan_done (34 s); deepest 8 new to 5413 d at planner fuel 845 kg
[13:42:09]   depth  1:   32 states (31 in H), t_end 4446-4871 d, fuel 660-699 kg
[13:42:09]   depth  2:   73 states (28 in H), t_end 4574-5431 d, fuel 673-726 kg
[13:42:09]   depth  3:  150 states (6 in H), t_end 4630-5470 d, fuel 689-752 kg
[13:42:09]   depth  4:  150 states (0 in H), t_end 4880-5474 d, fuel 700-771 kg
[13:42:09]   depth  5:  127 states (0 in H), t_end 5019-5476 d, fuel 734-792 kg
[13:42:09]   depth  6:   64 states (0 in H), t_end 5133-5474 d, fuel 753-812 kg
[13:42:09]   depth  7:   20 states (0 in H), t_end 5201-5456 d, fuel 806-830 kg
[13:42:09]   depth  8:    2 states (0 in H), t_end 5413-5416 d, fuel 845-845 kg
[13:42:09] candidates: 29 distinct committed target sets (n_new 1-3, potential 0-4)
[13:42:09] frontier: 16 candidates chosen (n fb / committed planner kg / continuation (lookahead) [full]; pot_mode lookahead, pot_cap None): 1fb/661kg/p1(1)[1], 1fb/672kg/p3(2)[3], 1fb/673kg/p2(2)[2], 1fb/687kg/p2(2)[2], 1fb/688kg/p3(2)[3], 1fb/691kg/p2(2)[2], 1fb/694kg/p6(4)[6], 1fb/699kg/p4(2)[4], 2fb/675kg/p2(2)[2], 2fb/685kg/p2(2)[2], 2fb/692kg/p2(2)[2], 2fb/711kg/p5(4)[5], 2fb/720kg/p3(2)[3], 3fb/727kg/p0(0)[0], 3fb/730kg/p2(2)[2], 3fb/739kg/p4(4)[4]
[13:42:09] budget: 265 s of 300 left for the settles + regrids (settle_wall 480)
[13:42:10]     settle 24: 294 @   4456 d -> ok lam tank 1002.5 (+23.8) miss 56 km (5.0 s)
[13:42:11] plan: 667 states, depth 6 new flybys, end plan_done (37 s); deepest 6 new to 5445 d at planner fuel 507 kg
[13:42:11]   depth  1:   64 states (56 in H), t_end 4363-4982 d, fuel 331-419 kg
[13:42:11]   depth  2:  150 states (60 in H), t_end 4601-5429 d, fuel 352-452 kg
[13:42:11]   depth  3:  150 states (4 in H), t_end 4829-5412 d, fuel 375-488 kg
[13:42:11]   depth  4:  150 states (0 in H), t_end 4964-5462 d, fuel 423-522 kg
[13:42:11]   depth  5:  139 states (0 in H), t_end 5160-5474 d, fuel 450-551 kg
[13:42:11]   depth  6:   14 states (0 in H), t_end 5439-5458 d, fuel 507-579 kg
[13:42:11] candidates: 60 distinct committed target sets (n_new 1-3, potential 0-3)
[13:42:11] frontier: 16 candidates chosen (n fb / committed planner kg / continuation (lookahead) [full]; pot_mode lookahead, pot_cap None): 1fb/347kg/p3(2)[3], 1fb/348kg/p1(1)[1], 1fb/349kg/p2(2)[2], 1fb/356kg/p2(1)[2], 1fb/360kg/p2(2)[2], 1fb/375kg/p2(1)[2], 1fb/377kg/p3(2)[3], 1fb/378kg/p2(1)[2], 1fb/401kg/p3(3)[3], 1fb/408kg/p4(3)[4], 1fb/414kg/p3(2)[3], 1fb/418kg/p4(2)[4], 2fb/352kg/p1(1)[1], 2fb/367kg/p2(2)[2], 2fb/415kg/p3(3)[3], 3fb/485kg/p2(2)[2]
[13:42:11] budget: 263 s of 300 left for the settles + regrids (settle_wall 480)
[13:42:12]     settle 22: 213 @   4545 d -> ok lam tank 1017.2 (+20.8) miss 98 km (3.2 s)
[13:42:13] plan: 735 states, depth 7 new flybys, end plan_done (38 s); deepest 7 new to 5455 d at planner fuel 539 kg
[13:42:13]   depth  1:   83 states (72 in H), t_end 4398-4972 d, fuel 332-418 kg
[13:42:13]   depth  2:  150 states (74 in H), t_end 4544-5453 d, fuel 355-449 kg
[13:42:13]   depth  3:  150 states (13 in H), t_end 4643-5472 d, fuel 386-476 kg
[13:42:13]   depth  4:  150 states (0 in H), t_end 4893-5470 d, fuel 413-504 kg
[13:42:13]   depth  5:  148 states (0 in H), t_end 5114-5458 d, fuel 467-535 kg
[13:42:13]   depth  6:   51 states (0 in H), t_end 5310-5456 d, fuel 489-560 kg
[13:42:13]   depth  7:    3 states (0 in H), t_end 5401-5455 d, fuel 539-568 kg
[13:42:13] candidates: 70 distinct committed target sets (n_new 1-3, potential 0-2)
[13:42:13] frontier: 16 candidates chosen (n fb / committed planner kg / continuation (lookahead) [full]; pot_mode lookahead, pot_cap None): 1fb/339kg/p1(0)[1], 1fb/340kg/p2(1)[2], 1fb/367kg/p2(1)[2], 1fb/389kg/p3(2)[3], 1fb/390kg/p2(1)[2], 1fb/392kg/p3(1)[3], 1fb/401kg/p2(1)[2], 1fb/402kg/p4(2)[4], 1fb/403kg/p4(2)[4], 2fb/366kg/p1(1)[1], 2fb/368kg/p1(1)[1], 2fb/417kg/p3(2)[3], 2fb/423kg/p3(2)[3], 3fb/442kg/p2(2)[2], 3fb/453kg/p0(0)[0], 3fb/457kg/p2(2)[2]
[13:42:13] budget: 262 s of 300 left for the settles + regrids (settle_wall 480)
[13:42:14]     settle 23:  38 @   4621 d -> ok lintwin tank 766.1 (+9.2) miss 46 km (0.7 s)
[13:42:14]     settle 20:  43 @   4518 d -> ok lintwin tank 769.1 (+11.9) miss 75 km (2.3 s)
[13:42:14] plan: 742 states, depth 7 new flybys, end plan_done (39 s); deepest 7 new to 5442 d at planner fuel 724 kg
[13:42:14]   depth  1:   91 states (83 in H), t_end 4355-4966 d, fuel 562-633 kg
[13:42:14]   depth  2:  150 states (63 in H), t_end 4555-5453 d, fuel 582-659 kg
[13:42:14]   depth  3:  150 states (8 in H), t_end 4774-5443 d, fuel 598-687 kg
[13:42:14]   depth  4:  150 states (0 in H), t_end 5008-5468 d, fuel 615-703 kg
[13:42:14]   depth  5:  150 states (0 in H), t_end 5153-5462 d, fuel 655-718 kg
[13:42:14]   depth  6:   49 states (0 in H), t_end 5324-5476 d, fuel 689-732 kg
[13:42:14]   depth  7:    2 states (0 in H), t_end 5424-5442 d, fuel 724-742 kg
[13:42:14] candidates: 70 distinct committed target sets (n_new 1-3, potential 0-3)
[13:42:14] frontier: 16 candidates chosen (n fb / committed planner kg / continuation (lookahead) [full]; pot_mode lookahead, pot_cap None): 1fb/562kg/p0(0)[0], 1fb/563kg/p1(1)[1], 1fb/566kg/p2(2)[2], 1fb/570kg/p3(2)[3], 1fb/581kg/p4(3)[4], 1fb/596kg/p2(2)[2], 1fb/598kg/p4(3)[4], 1fb/603kg/p2(1)[2], 1fb/604kg/p4(2)[4], 1fb/617kg/p3(2)[3], 2fb/591kg/p0(0)[0], 2fb/596kg/p1(1)[1], 2fb/611kg/p3(3)[3], 3fb/628kg/p0(0)[0], 3fb/633kg/p2(2)[2], 3fb/648kg/p0(0)[0]
[13:42:14] budget: 260 s of 300 left for the settles + regrids (settle_wall 480)
[13:42:14] plan: 776 states, depth 7 new flybys, end plan_done (40 s); deepest 7 new to 5425 d at planner fuel 644 kg
[13:42:14]   depth  1:   54 states (50 in H), t_end 4321-5068 d, fuel 510-585 kg
[13:42:14]   depth  2:  150 states (89 in H), t_end 4451-5340 d, fuel 516-610 kg
[13:42:14]   depth  3:  150 states (42 in H), t_end 4638-5428 d, fuel 544-628 kg
[13:42:14]   depth  4:  150 states (1 in H), t_end 4783-5477 d, fuel 566-653 kg
[13:42:14]   depth  5:  150 states (0 in H), t_end 4908-5475 d, fuel 579-679 kg
[13:42:14]   depth  6:  101 states (0 in H), t_end 5135-5474 d, fuel 603-706 kg
[13:42:14]   depth  7:   21 states (0 in H), t_end 5378-5467 d, fuel 644-727 kg
[13:42:14] candidates: 122 distinct committed target sets (n_new 1-4, potential 0-3)
[13:42:14] frontier: 16 candidates chosen (n fb / committed planner kg / continuation (lookahead) [full]; pot_mode lookahead, pot_cap None): 1fb/510kg/p2(1)[2], 1fb/510kg/p2(1)[2], 1fb/512kg/p4(2)[4], 1fb/524kg/p3(1)[3], 1fb/525kg/p3(2)[3], 1fb/549kg/p4(2)[4], 1fb/549kg/p4(2)[4], 1fb/553kg/p4(3)[4], 1fb/556kg/p5(2)[5], 2fb/516kg/p3(2)[3], 2fb/520kg/p0(0)[0], 2fb/568kg/p4(2)[4], 3fb/553kg/p2(2)[2], 3fb/553kg/p0(0)[0], 3fb/600kg/p3(2)[3], 4fb/618kg/p2(2)[2]
[13:42:14] budget: 260 s of 300 left for the settles + regrids (settle_wall 480)
[13:42:15] plan: 759 states, depth 7 new flybys, end plan_done (40 s); deepest 7 new to 5421 d at planner fuel 729 kg
[13:42:15]   depth  1:   75 states (69 in H), t_end 4342-5035 d, fuel 576-643 kg
[13:42:15]   depth  2:  150 states (97 in H), t_end 4446-5324 d, fuel 597-670 kg
[13:42:15]   depth  3:  150 states (38 in H), t_end 4620-5432 d, fuel 616-699 kg
[13:42:15]   depth  4:  150 states (4 in H), t_end 4769-5454 d, fuel 622-725 kg
[13:42:15]   depth  5:  150 states (0 in H), t_end 4932-5470 d, fuel 638-743 kg
[13:42:15]   depth  6:   67 states (0 in H), t_end 5181-5473 d, fuel 673-768 kg
[13:42:15]   depth  7:   17 states (0 in H), t_end 5342-5458 d, fuel 729-779 kg
[13:42:15] candidates: 121 distinct committed target sets (n_new 1-4, potential 0-3)
[13:42:15] frontier: 16 candidates chosen (n fb / committed planner kg / continuation (lookahead) [full]; pot_mode lookahead, pot_cap None): 1fb/576kg/p2(1)[2], 1fb/578kg/p1(1)[1], 1fb/590kg/p3(2)[3], 1fb/597kg/p4(3)[4], 1fb/605kg/p5(2)[5], 1fb/616kg/p3(1)[3], 1fb/632kg/p5(2)[5], 2fb/597kg/p1(1)[1], 2fb/607kg/p0(0)[0], 2fb/636kg/p4(2)[4], 3fb/639kg/p2(2)[2], 3fb/640kg/p0(0)[0], 3fb/659kg/p3(2)[3], 4fb/689kg/p2(2)[2], 4fb/708kg/p2(2)[2], 4fb/716kg/p1(1)[1]
[13:42:15] budget: 259 s of 300 left for the settles + regrids (settle_wall 480)
[13:42:18]     settle 23: 277 @   4603 d -> ok lintwin tank 767.1 (+10.2) miss 56 km (3.9 s)
[13:42:19]     settle 24: 284 @   4641 d -> ok lin tank 1018.2 (+39.5) miss 70 km (7.4 s)
[13:42:20]     settle 20: 107 @   4740 d -> ok lintwin tank 788.3 (+31.1) miss 74 km (5.7 s)
[13:42:20]     settle 26:  30 @   4750 d -> ok lintwin tank 927.1 (+2.0) miss 62 km (6.1 s)
[13:42:20]     settle 24: 215 @   4674 d -> ok lintwin tank 934.5 (+-1.0) miss 49 km (5.4 s)
[13:42:21]     settle 22: 142 @   4551 d -> ok lin tank 1018.3 (+21.9) miss 59 km (4.8 s)
[13:42:23]     settle 20: 178 @   4777 d -> ok lintwin tank 780.5 (+23.3) miss 41 km (2.5 s)
[13:42:24]     settle 23:  70 @   4645 d -> ok lintwin tank 774.8 (+17.9) miss 80 km (4.8 s)
[13:42:25]     settle 14: 266 @   4584 d -> FAIL [('lam', 6488497.5)] (11.0 s)
[13:42:26]     settle 20: 142 @   4516 d -> ok lintwin tank 778.1 (+20.9) miss 74 km (1.7 s)
[13:42:26]     settle 26:  46 @   4787 d -> ok lintwin tank 934.1 (+8.9) miss 79 km (5.2 s)
[13:42:26]     settle 22:  37 @   4591 d -> ok lin tank 1006.3 (+9.9) miss 62 km (4.7 s)
[13:42:27]     settle 24:   8 @   4732 d -> ok lintwin tank 950.5 (+15.0) miss 38 km (5.8 s)
[13:42:30]     settle 24: 294 @   4451 d -> ok lam tank 1003.7 (+25.0) miss 66 km (8.5 s)
[13:42:31]     settle 23: 270 @   4436 d -> ok lintwin tank 883.5 (+126.6) miss 92 km (6.6 s)
[13:42:31]     settle 26: 104 @   4774 d -> ok lintwin tank 932.6 (+7.5) miss 61 km (4.8 s)
[13:42:31]     settle 22: 215 @   4680 d -> ok lam tank 1044.9 (+48.4) miss 20 km (4.3 s)
[13:42:32]     settle 24:  11 @   4552 d -> ok lintwin tank 946.7 (+11.2) miss 48 km (4.1 s)
[13:42:35]     settle 22: 107 @   4620 d -> ok lam tank 923.7 (+12.1) miss 3 km (27.2 s)
[13:42:36]     settle 23:  73 @   4530 d -> ok lintwin tank 791.2 (+34.3) miss 79 km (2.7 s)
[13:42:36]     settle 25: 253 @   4512 d -> ok lam tank 1102.5 (+98.8) miss 6 km (5.3 s)
[13:42:38]     settle 26: 276 @   4552 d -> ok lintwin tank 934.5 (+9.4) miss 64 km (6.0 s)
[13:42:39]     settle 22: 120 @   4551 d -> ok lam tank 1035.6 (+39.1) miss 14 km (5.0 s)
[13:42:39]     settle 23: 250 @   4550 d -> ok lintwin tank 775.2 (+18.3) miss 58 km (2.7 s)
[13:42:41]     settle 24: 238 @   4580 d -> ok lintwin tank 948.8 (+13.4) miss 60 km (6.7 s)
[13:42:43]     settle 20:  61 @   4735 d -> ok lintwin tank 816.6 (+59.4) miss 5 km (16.3 s)
[13:42:43]     settle 26: 154 @   4556 d -> ok lintwin tank 939.0 (+13.8) miss 73 km (4.5 s)
[13:42:44]     settle 23: 120 @   4637 d -> ok lam tank 779.3 (+22.4) miss 2 km (4.0 s)
[13:42:45]     settle 20: 213 @   4539 d -> ok lintwin tank 786.6 (+29.4) miss 95 km (1.5 s)
[13:42:45]     settle 22:  98 @   4818 d -> ok lintwin tank 922.2 (+10.6) miss 29 km (9.5 s)
[13:42:48]     settle 24:  82 @   4468 d -> ok lintwin tank 994.0 (+58.6) miss 68 km (6.2 s)
[13:42:48]     settle 22: 292 @   4731 d -> ok lin tank 1011.2 (+14.8) miss 75 km (7.4 s)
[13:42:49]     settle 20: 170 @   4611 d -> ok lintwin tank 778.5 (+21.3) miss 58 km (2.9 s)
[13:42:50]     settle 23: 266 @   4545 d -> ok lintwin tank 772.4 (+15.5) miss 88 km (5.4 s)
[13:42:51]     settle 26: 284 @   4658 d -> ok lintwin tank 954.2 (+29.0) miss 79 km (6.5 s)
[13:42:52]     settle 25: 284 @   4641 d -> ok lintwin tank 1042.1 (+39.6) miss 6 km (7.0 s)
[13:42:53]     settle 22: 250 @   4456 d -> ok lam tank 1015.7 (+19.3) miss 11 km (4.4 s)
[13:42:54]     settle 24: 274 @   4372 d -> ok lintwin tank 971.0 (+35.5) miss 50 km (5.6 s)
[13:42:55]     settle 23: 146 @   4423 d -> ok lintwin tank 787.0 (+30.1) miss 79 km (3.5 s)
[13:42:56]     settle 26:  81 @   4418 d -> ok lintwin tank 967.1 (+41.9) miss 22 km (4.6 s)
[13:42:56]     settle 20: 169 @   4571 d -> ok lintwin tank 805.1 (+47.9) miss 55 km (6.7 s)
[13:42:57]     settle 14:  95 @   4613 d -> FAIL [('lam', 207071585.8)] (32.1 s)
[13:42:58]     settle 24:   2 @   4793 d -> ok lintwin tank 776.4 (+9.3) miss 34 km (2.0 s)
[13:42:59]     settle 25: 166 @   4706 d -> ok lintwin tank 1030.8 (+28.2) miss 77 km (4.2 s)
[13:43:00]     settle 22:  21 @   4446 d -> ok lam tank 1005.4 (+9.0) miss 14 km (3.9 s)
[13:43:00]     settle 24: 232 @   4442 d -> ok lintwin tank 947.8 (+12.4) miss 71 km (5.2 s)
[13:43:02]     settle 23: 250 @   4548 d -> ok lintwin tank 775.3 (+18.4) miss 75 km (3.7 s)
[13:43:03]     settle 26: 250 @   4563 d -> ok lintwin tank 961.9 (+36.8) miss 60 km (6.3 s)
[13:43:03]     settle 22: 284 @   4497 d -> ok lintwin tank 954.4 (+42.8) miss 97 km (17.7 s)
[13:43:04]     settle 20: 102 @   4725 d -> ok lintwin tank 760.4 (+3.2) miss 65 km (5.9 s)
[13:43:04]     settle 24:   2 @   4798 d -> ok lintwin tank 777.2 (+1.8) miss 39 km (1.6 s)
[13:43:05]     settle 26: 113 @   4772 d -> ok lam tank 1048.5 (+17.7) miss 9 km (4.9 s)
[13:43:06] RESULT s08_c6: 7 columns; frontier 1fb 18 kg p0/2 | 2fb 52 kg p2/2 | 3fb 70 kg p2/2; settles 8 (8 ok), regrids 7 (7 ok); wall 91 s of 300 (plan 23, price 1, settle 69; budget hit None, 0 unsettled)
[13:43:06]   job s08_c6 craft columns   7  levels 5  settles 8/8  end plan_done  wall 91.4 s
[13:43:07]     settle 25: 270 @   4849 d -> ok lintwin tank 976.1 (+41.6) miss 34 km (5.9 s)
[13:43:07]   drift: leg 270@4849 d settled outside (T, T+H] -> column cut at 1
[13:43:09]     settle 24: 228 @   4632 d -> ok lam tank 796.5 (+24.1) miss 3 km (4.3 s)
[13:43:11]     settle 26: 256 @   4355 d -> ok lintwin tank 965.2 (+40.0) miss 66 km (6.5 s)
[13:43:11]     settle 24: 274 @   4355 d -> ok lintwin tank 974.1 (+38.7) miss 56 km (4.2 s)
[13:43:12]     settle 22: 250 @   4449 d -> ok lam tank 1019.3 (+22.9) miss 12 km (9.3 s)
[13:43:13]     settle 23: 166 @   4703 d -> ok lam tank 1033.4 (+14.1) miss 12 km (1.0 s)
[13:43:17]     settle 25: 266 @   4625 d -> ok lintwin tank 986.9 (+12.8) miss 47 km (5.3 s)
[13:43:17]     settle 22:  14 @   4609 d -> ok lam tank 945.0 (+33.4) miss 53 km (8.9 s)
[13:43:18]     settle 24:  70 @   4628 d -> ok lintwin tank 803.6 (+31.2) miss 52 km (7.5 s)
[13:43:19]     settle 26: 110 @   4505 d -> ok lintwin tank 959.3 (+34.2) miss 53 km (7.5 s)
[13:43:22]     settle 14:  73 @   4520 d -> FAIL [('lam', 3962676.1)] (24.7 s)
[13:43:23]     settle 22:  21 @   4455 d -> ok lam tank 1013.2 (+16.8) miss 33 km (8.4 s)
[13:43:24]     settle 25:   2 @   4796 d -> ok lintwin tank 811.9 (+15.4) miss 3 km (6.2 s)
[13:43:25]     settle 20:  11 @   4552 d -> ok lam tank 789.0 (+31.8) miss 46 km (20.1 s)
[13:43:25]     settle 25:  39 @   4555 d -> ok lintwin tank 1126.1 (+132.1) miss 20 km (7.8 s)
[13:43:25]     settle 26: 276 @   4539 d -> ok lintwin tank 933.9 (+8.8) miss 34 km (5.7 s)
[13:43:28]     settle 27: 295 @   4802 d -> ok lintwin tank 952.4 (+18.5) miss 60 km (2.2 s)
[13:43:28]     settle 22: 120 @   4426 d -> ok lintwin tank 944.3 (+32.7) miss 93 km (10.1 s)
[13:43:28]     settle 23: 166 @   4700 d -> ok lam tank 1023.7 (+10.4) miss 11 km (4.5 s)
[13:43:31]     settle 24:  38 @   4608 d -> ok lintwin tank 817.3 (+30.4) miss 64 km (6.0 s)
[13:43:32]     settle 20: 238 @   4579 d -> ok lintwin tank 778.7 (+21.5) miss 69 km (6.6 s)
[13:43:32]     settle 14: 215 @   4546 d -> FAIL [('lam', 10029594.4)] (10.1 s)
[13:43:33]     settle 22:  89 @   4704 d -> ok lam tank 974.6 (+63.1) miss 6 km (4.4 s)
[13:43:33]     settle 24: 232 @   4445 d -> ok lintwin tank 948.6 (+13.1) miss 82 km (4.0 s)
[13:43:34]     settle 23: 107 @   4711 d -> ok lam tank 1029.6 (+11.2) miss 8 km (4.9 s)
[13:43:36]     settle 26: 276 @   4535 d -> ok lintwin tank 933.8 (+8.7) miss 71 km (6.3 s)
[13:43:38]     settle 25:  30 @   4748 d -> ok lintwin tank 902.9 (+85.5) miss 83 km (6.1 s)
[13:43:38]     settle 22: 256 @   4328 d -> ok lam tank 985.6 (+74.0) miss 1 km (4.1 s)
[13:43:38]     settle 20: 183 @   4519 d -> ok lintwin tank 790.4 (+33.2) miss 64 km (5.2 s)
[13:43:39]     settle 25: 215 @   4676 d -> ok lintwin tank 974.5 (+25.9) miss 64 km (6.0 s)
[13:43:40]     settle 27: 104 @   4780 d -> ok lintwin tank 953.5 (+19.7) miss 79 km (3.5 s)
[13:43:41]     settle 21: 158 @   4762 d -> ok lintwin tank 772.5 (+3.3) miss 64 km (2.1 s)
[13:43:41]     settle 23: 284 @   4574 d -> ok lam tank 1054.5 (+38.7) miss 15 km (4.4 s)
[13:43:41]     settle 26: 270 @   4856 d -> ok lintwin tank 988.1 (+13.6) miss 64 km (2.1 s)
[13:43:41]   drift: leg 270@4856 d settled outside (T, T+H] -> column cut at 2
[13:43:43]     settle 21: 102 @   4718 d -> ok lintwin tank 774.2 (+5.0) miss 72 km (1.3 s)
[13:43:44]     settle 25:   2 @   4798 d -> ok lintwin tank 821.2 (+17.6) miss 73 km (5.4 s)
[13:43:45] RESULT s08_c1: 16 columns; frontier 1fb 9 kg p0/2 | 2fb 19 kg p1/2 | 3fb 55 kg p2/2; settles 18 (18 ok), regrids 16 (16 ok); wall 131 s of 300 (plan 38, price 1, settle 92; budget hit None, 0 unsettled)
[13:43:45]     settle 21: 270 @   4829 d -> ok lintwin tank 797.6 (+8.6) miss 71 km (1.5 s)
[13:43:45]     settle 27:  70 @   4651 d -> ok lintwin tank 956.6 (+17.6) miss 76 km (5.0 s)
[13:43:47]   job s08_c1 craft columns  16  levels 7  settles 18/18  end plan_done  wall 130.6 s
[13:43:47]     settle 23:   2 @   4687 d -> ok lam tank 1082.8 (+67.1) miss 3 km (2.6 s)
[13:43:47]     settle 24:   6 @   4347 d -> ok lintwin tank 957.5 (+22.1) miss 60 km (4.6 s)
[13:43:49]     settle 22: 289 @   4571 d -> ok lintwin tank 993.3 (+81.7) miss 1 km (6.6 s)
[13:43:49]     settle 21: 140 @   4659 d -> ok lintwin tank 805.0 (+14.6) miss 90 km (3.2 s)
[13:43:51]     settle 28:   5 @   4784 d -> ok lintwin tank 966.8 (+10.2) miss 77 km (4.0 s)
[13:43:53]     settle 25: 215 @   4577 d -> ok lintwin tank 977.2 (+19.7) miss 85 km (5.6 s)
[13:43:54]     settle 14:  82 @   4447 d -> FAIL [('lam', 1091950.9)] (21.5 s)
[13:43:54]     settle 22: 270 @   4834 d -> ok lintwin tank 811.2 (+6.2) miss 65 km (4.9 s)
[13:43:55]     settle 26:   5 @   4777 d -> ok lintwin tank 1005.6 (+28.4) miss 78 km (1.7 s)
[13:43:55] RESULT s08_c2: 16 columns; frontier 1fb 3 kg p3/3 | 2fb 15 kg p1/3 | 3fb 54 kg p2/2; settles 17 (17 ok), regrids 16 (16 ok); wall 141 s of 300 (plan 37, price 1, settle 104; budget hit None, 0 unsettled)
[13:43:57]   job s08_c2 craft columns  16  levels 6  settles 17/17  end plan_done  wall 140.6 s
[13:43:57]     settle 22: 250 @   4451 d -> ok lam tank 1019.7 (+23.2) miss 10 km (8.9 s)
[13:43:58]     settle 22:  49 @   4512 d -> ok lintwin tank 1075.0 (+163.5) miss 53 km (7.8 s)
[13:43:59]     settle 27: 276 @   4555 d -> ok lintwin tank 1009.1 (+43.9) miss 69 km (7.9 s)
[13:44:06]     settle 28: 295 @   4814 d -> ok lintwin tank 1021.1 (+12.0) miss 3 km (6.4 s)
[13:44:06]     settle 23: 166 @   4706 d -> ok lam tank 1027.4 (+7.7) miss 8 km (9.1 s)
[13:44:11]     settle 24:  42 @   4845 d -> ok lam tank 1081.7 (+54.3) miss 59 km (4.9 s)
[13:44:13]     settle 28: 153 @   4857 d -> ok lintwin tank 1017.3 (+8.2) miss 67 km (4.8 s)
[13:44:13]   drift: leg 153@4857 d settled outside (T, T+H] -> column cut at 2
[13:44:14] RESULT s08_c0: 16 columns; frontier 1fb 2 kg p0/3 | 2fb 26 kg p0/3 | 3fb 42 kg p0/2; settles 19 (19 ok), regrids 16 (16 ok); wall 159 s of 300 (plan 39, price 2, settle 120; budget hit None, 0 unsettled)
[13:44:14]     settle 22: 258 @   4444 d -> ok lintwin tank 1018.2 (+106.7) miss 1 km (6.9 s)
[13:44:15]   job s08_c0 craft columns  16  levels 7  settles 19/19  end plan_done  wall 159.2 s
[13:44:17]     settle 23: 284 @   4586 d -> ok lam tank 1041.9 (+36.5) miss 7 km (5.1 s)
[13:44:19]     settle 14: 115 @   4453 d -> FAIL [('lam', 3473837.1)] (25.0 s)
[13:44:22]     settle 24:  71 @   4631 d -> ok lam tank 1062.8 (+20.9) miss 7 km (4.4 s)
[13:44:23]     settle 23: 292 @   4753 d -> ok lintwin tank 965.2 (+41.5) miss 77 km (7.5 s)
[13:44:27]     settle 24: 166 @   4705 d -> ok lam tank 1051.4 (+-3.1) miss 4 km (4.5 s)
[13:44:28] RESULT s08_c3: 16 columns; frontier 1fb 7 kg p2/4 | 2fb 25 kg p2/4 | 3fb 54 kg p4/4; settles 21 (21 ok), regrids 16 (16 ok); wall 174 s of 300 (plan 34, price 2, settle 139; budget hit None, 0 unsettled)
[13:44:29]     settle 26: 266 @   4620 d -> FAIL [('lam', 15369590.9)] (33.2 s)
[13:44:29]   job s08_c3 craft columns  16  levels 8  settles 21/21  end plan_done  wall 173.8 s
[13:44:31]     settle 23: 107 @   4632 d -> ok lintwin tank 933.2 (+-21.2) miss 5 km (7.6 s)
[13:44:34]     settle 25:   4 @   4509 d -> ok lintwin tank 977.8 (+30.0) miss 63 km (5.4 s)
[13:44:40]     settle 26: 215 @   4679 d -> ok lintwin tank 990.4 (+12.5) miss 70 km (5.8 s)
[13:44:41]     settle 23: 166 @   4708 d -> ok lintwin tank 1007.7 (+22.2) miss 2 km (8.3 s)
[13:44:44]     settle 14: 211 @   4447 d -> FAIL [('lam', 11462428.4)] (25.5 s)
[13:44:45]     settle 27:  54 @   4772 d -> ok lintwin tank 998.4 (+8.1) miss 68 km (5.1 s)
[13:44:50]     settle 24:  82 @   4446 d -> ok lintwin tank 994.9 (+59.4) miss 73 km (3.9 s)
[13:44:52]     settle 23: 289 @   4608 d -> ok lintwin tank 1003.2 (+17.7) miss 1 km (8.4 s)
[13:44:56]     settle 25: 215 @   4592 d -> ok lintwin tank 1005.6 (+10.7) miss 69 km (5.8 s)
[13:45:01]     settle 24: 269 @   4768 d -> ok lintwin tank 1015.6 (+12.4) miss 3 km (8.6 s)
[13:45:02]     settle 26:  95 @   4655 d -> ok lintwin tank 1001.6 (+-4.0) miss 5 km (6.1 s)
[13:45:09]     settle 27:  30 @   4847 d -> ok lintwin tank 1033.3 (+31.6) miss 87 km (6.9 s)
[13:45:10]   3 candidates dropped (settle failure / regrid failure / duplicate after truncation)
[13:45:10] ERROR s08_c5: AssertionError: column epoch outside (T, T+H]
[13:45:10]     settle 23: 294 @   4671 d -> ok lintwin tank 1082.1 (+63.9) miss 68 km (7.0 s)
[13:45:11]   job s08_c5 FAILED:  - 1e-6 and max(c['epochs']) <= T + H + 1e-6, 'column epoch outside (T, T+H]'
           ^^^^^^^^^^^^^^^^^^^^^^^^^^^^^^^^^^^^^^^^^^^^^^^^^^^^^^^^^^^^^^^^
AssertionError: column epoch outside (T, T+H]

[13:45:13]     settle 14:  71 @   4409 d -> FAIL [('lam', 16008363.9)] (28.1 s)
[13:45:21]     settle 24:   2 @   4801 d -> FAIL [('lam', 273588.0)] (11.3 s)
[13:45:22]     settle 23:  71 @   4621 d -> FAIL [] (0.0 s)
[13:45:22]   1 candidates dropped (settle failure / regrid failure / duplicate after truncation)
[13:45:22] RESULT s08_c4: 15 columns; frontier 1fb 8 kg p2/4 | 2fb 22 kg p2/3 | 3fb 104 kg p1/1; settles 18 (16 ok), regrids 15 (15 ok); wall 228 s of 300 (plan 33, price 1, settle 195; budget hit None, 0 unsettled)
[13:45:23]   job s08_c4 craft columns  15  levels 7  settles 16/18  end plan_done  wall 227.7 s
[13:45:34]     settle 14:  47 @   4322 d -> FAIL [('lam', 6109499.8)] (21.5 s)
[13:46:05]     settle 14: 273 @   4529 d -> FAIL [('lam', 4640612.2)] (30.5 s)
[13:46:05]   16 candidates dropped (settle failure / regrid failure / duplicate after truncation)
[13:46:05] RESULT s08_c7: 0 columns; frontier ; settles 18 (0 ok), regrids 0 (0 ok); wall 270 s of 300 (plan 40, price 1, settle 231; budget hit None, 0 unsettled)
[13:46:05]   job s08_c7 craft columns   0  levels 7  settles 0/18  end plan_done  wall 270.4 s
[13:46:05] [slice 8] propose: 86 columns (0 bad dropped) in 270.6 s
[13:46:05] [slice 8] auction: 86 columns, kept 82, dropped {'fuel': 4}; lam 1.00 H_eff 540 d fuel budget 482 kg quota OFF prize bonus on 56 targets
[13:46:05] [slice 8] auction: status optimal objective 35.409 vars 82 rows 36 chosen 6 fuel 364/482 kg (0.01 s)
[13:46:07] [slice 8] claims: c0:2 c1:2 c2:1 c3:2 c4:2 c6:2  (11 targets: 0 kept, 11 new; 8 released, 0 expired (ttl 4), 0 conflicts)
[13:46:07] [slice 8 T=4320 d] launched 8/8  covered 183  remaining 115  fuel 2708 kg  sumJi 10.4426  chosen: c0:3(+95) c1:3(+64) c2:2(+15) c3:3(+67) c4:2(+53) c6:3(+69)  rejected: -  (wall 273 s)
[13:46:07] [slice 9] effective horizon 616.8 d (the last slice absorbs the mission tail; H 540.0)
[13:46:07] [slice 9] claims in force: c0:2 c1:2 c2:1 c3:2 c4:2 c6:2  (11 targets; claim_bonus 1.0, ttl 4)
[13:46:07]   c0: claims: 2 own (prized +1.0), 9 claimed by others withheld
[13:46:07]   c1: claims: 2 own (prized +1.0), 9 claimed by others withheld
[13:46:07]   c2: claims: 1 own (prized +1.0), 10 claimed by others withheld
[13:46:07]   c3: claims: 2 own (prized +1.0), 9 claimed by others withheld
[13:46:07]   c4: claims: 2 own (prized +1.0), 9 claimed by others withheld
[13:46:07]   c5: claims: 0 own (prized +1.0), 11 claimed by others withheld
[13:46:07]   c6: claims: 2 own (prized +1.0), 9 claimed by others withheld
[13:46:07]   c7: claims: 0 own (prized +1.0), 11 claimed by others withheld
[13:46:07] [slice 9 T=4860 d] propose: 8 jobs (8 craft, 0 root) on 9 workers, proposer planbeam, H_eff 617 d, lam 1.0
[13:46:07] job s09_c3 (craft, craft 3, planbeam): T 4860 d H 617 L 360; plan horizon 5477 d; remaining 106; prize >1 on 106; width 150 npt 6 mc 150 dv 1.2 drmax 0.15 plan_wall 240 s; quota None
[13:46:07] job s09_c0 (craft, craft 0, planbeam): T 4860 d H 617 L 360; plan horizon 5477 d; remaining 106; prize >1 on 106; width 150 npt 6 mc 150 dv 1.2 drmax 0.15 plan_wall 240 s; quota None
[13:46:07] job s09_c1 (craft, craft 1, planbeam): T 4860 d H 617 L 360; plan horizon 5477 d; remaining 106; prize >1 on 106; width 150 npt 6 mc 150 dv 1.2 drmax 0.15 plan_wall 240 s; quota None
[13:46:07] job s09_c2 (craft, craft 2, planbeam): T 4860 d H 617 L 360; plan horizon 5477 d; remaining 105; prize >1 on 105; width 150 npt 6 mc 150 dv 1.2 drmax 0.15 plan_wall 240 s; quota None
[13:46:07] job s09_c4 (craft, craft 4, planbeam): T 4860 d H 617 L 360; plan horizon 5477 d; remaining 106; prize >1 on 106; width 150 npt 6 mc 150 dv 1.2 drmax 0.15 plan_wall 240 s; quota None
[13:46:07] job s09_c5 (craft, craft 5, planbeam): T 4860 d H 617 L 360; plan horizon 5477 d; remaining 104; prize >1 on 104; width 150 npt 6 mc 150 dv 1.2 drmax 0.15 plan_wall 240 s; quota None
[13:46:07] job s09_c6 (craft, craft 6, planbeam): T 4860 d H 617 L 360; plan horizon 5477 d; remaining 106; prize >1 on 106; width 150 npt 6 mc 150 dv 1.2 drmax 0.15 plan_wall 240 s; quota None
[13:46:07] job s09_c7 (craft, craft 7, planbeam): T 4860 d H 617 L 360; plan horizon 5477 d; remaining 104; prize >1 on 104; width 150 npt 6 mc 150 dv 1.2 drmax 0.15 plan_wall 240 s; quota None
[13:46:07] prefix slices/s09/in/craft_7.npz: 13 flybys, t_end 3888.6 d, tank 883.3 kg (planner view), miss 86.7 km, nreg 188
[13:46:07] budget: job_wall 300 s, 300 s left before the plan -> plan cap 210 s (plan_wall 240, settle_reserve 90)
[13:46:07] prefix slices/s09/in/craft_5.npz: 23 flybys, t_end 4162.4 d, tank 935.4 kg (planner view), miss 61.7 km, nreg 207
[13:46:07] budget: job_wall 300 s, 300 s left before the plan -> plan cap 210 s (plan_wall 240, settle_reserve 90)
[13:46:07] prefix slices/s09/in/craft_0.npz: 28 flybys, t_end 4810.9 d, tank 1019.8 kg (planner view), miss 22.4 km, nreg 243
[13:46:07] budget: job_wall 300 s, 300 s left before the plan -> plan cap 210 s (plan_wall 240, settle_reserve 90)
[13:46:07] prefix slices/s09/in/craft_4.npz: 23 flybys, t_end 4778.8 d, tank 964.8 kg (planner view), miss 37.3 km, nreg 237
[13:46:07] budget: job_wall 300 s, 300 s left before the plan -> plan cap 210 s (plan_wall 240, settle_reserve 90)
[13:46:07] prefix slices/s09/in/craft_1.npz: 25 flybys, t_end 4797.2 d, tank 820.6 kg (planner view), miss 28.2 km, nreg 241
[13:46:07] prefix slices/s09/in/craft_3.npz: 24 flybys, t_end 4630.6 d, tank 1063.7 kg (planner view), miss 14.0 km, nreg 231
[13:46:07] budget: job_wall 300 s, 300 s left before the plan -> plan cap 210 s (plan_wall 240, settle_reserve 90)
[13:46:07] budget: job_wall 300 s, 300 s left before the plan -> plan cap 210 s (plan_wall 240, settle_reserve 90)
[13:46:07] prefix slices/s09/in/craft_2.npz: 21 flybys, t_end 4761.4 d, tank 772.4 kg (planner view), miss 16.4 km, nreg 239
[13:46:07] budget: job_wall 300 s, 300 s left before the plan -> plan cap 210 s (plan_wall 240, settle_reserve 90)
[13:46:07] prefix slices/s09/in/craft_6.npz: 26 flybys, t_end 4772.2 d, tank 1048.1 kg (planner view), miss 38.9 km, nreg 235
[13:46:07] budget: job_wall 300 s, 300 s left before the plan -> plan cap 210 s (plan_wall 240, settle_reserve 90)
[13:46:32] first level (both): 0 production + 0 relaxed (dv 2.5, 0.3 AU; 0.1 s) + 38 lintwin children -> 38 unique (25.2 s)
[13:46:32] plan start: prefix 23 flybys, t_end 4162.4 d, planner mass 1028.8 kg (dv 17.322 km/s); 38 first-level states
[13:46:33] first level (both): 0 production + 0 relaxed (dv 2.5, 0.3 AU; 0.1 s) + 35 lintwin children -> 35 unique (25.9 s)
[13:46:33] plan start: prefix 13 flybys, t_end 3888.6 d, planner mass 1089.6 kg (dv 15.072 km/s); 35 first-level states
[13:46:33] first level (both): 0 production + 13 relaxed (dv 2.5, 0.3 AU; 0.1 s) + 0 lintwin children -> 9 unique (26.0 s)
[13:46:33] plan start: prefix 24 flybys, t_end 4630.6 d, planner mass 904.8 kg (dv 22.361 km/s); 9 first-level states
[13:46:33] first level (both): 0 production + 28 relaxed (dv 2.5, 0.3 AU; 0.1 s) + 33 lintwin children -> 49 unique (26.2 s)
[13:46:33] plan start: prefix 28 flybys, t_end 4810.9 d, planner mass 943.7 kg (dv 20.709 km/s); 49 first-level states
[13:46:34] plan: 44 states, depth 4 new flybys, end plan_done (27 s); deepest 4 new to 5466 d at planner fuel 814 kg
[13:46:34]   depth  1:    9 states (9 in H), t_end 4875-5151 d, fuel 712-750 kg
[13:46:34]   depth  2:   20 states (20 in H), t_end 5112-5451 d, fuel 729-775 kg
[13:46:34]   depth  3:   14 states (14 in H), t_end 5196-5456 d, fuel 743-801 kg
[13:46:34]   depth  4:    1 states (1 in H), t_end 5466-5466 d, fuel 814-814 kg
[13:46:34] candidates: 24 distinct committed target sets (n_new 1-4, potential 0-0)
[13:46:34] frontier: 16 candidates chosen (n fb / committed planner kg / continuation (lookahead) [full]; pot_mode lookahead, pot_cap None): 1fb/712kg/p0(0)[0], 1fb/717kg/p2(0)[2], 1fb/733kg/p2(0)[2], 1fb/736kg/p0(0)[0], 1fb/749kg/p2(0)[2], 1fb/750kg/p3(0)[3], 2fb/729kg/p1(0)[1], 2fb/733kg/p0(0)[0], 2fb/742kg/p1(0)[1], 2fb/755kg/p1(0)[1], 2fb/768kg/p0(0)[0], 2fb/769kg/p2(0)[2], 3fb/743kg/p0(0)[0], 3fb/752kg/p0(0)[0], 3fb/791kg/p1(0)[1], 4fb/814kg/p0(0)[0]
[13:46:34] budget: 273 s of 300 left for the settles + regrids (settle_wall 480)
[13:46:35] first level (both): 0 production + 19 relaxed (dv 2.5, 0.3 AU; 0.1 s) + 29 lintwin children -> 43 unique (27.6 s)
[13:46:35] plan start: prefix 23 flybys, t_end 4778.8 d, planner mass 997.5 kg (dv 18.535 km/s); 43 first-level states
[13:46:35] first level (both): 0 production + 15 relaxed (dv 2.5, 0.3 AU; 0.1 s) + 0 lintwin children -> 11 unique (27.6 s)
[13:46:35] plan start: prefix 26 flybys, t_end 4772.2 d, planner mass 918.3 kg (dv 21.782 km/s); 11 first-level states
[13:46:35] plan: 86 states, depth 4 new flybys, end plan_done (28 s); deepest 4 new to 5405 d at planner fuel 601 kg
[13:46:35]   depth  1:   35 states (35 in H), t_end 4901-5477 d, fuel 510-579 kg
[13:46:35]   depth  2:   28 states (28 in H), t_end 5056-5452 d, fuel 527-611 kg
[13:46:35]   depth  3:   21 states (21 in H), t_end 5335-5454 d, fuel 563-608 kg
[13:46:35]   depth  4:    2 states (2 in H), t_end 5404-5405 d, fuel 601-602 kg
[13:46:35] candidates: 63 distinct committed target sets (n_new 1-4, potential 0-0)
[13:46:35] frontier: 16 candidates chosen (n fb / committed planner kg / continuation (lookahead) [full]; pot_mode lookahead, pot_cap None): 1fb/510kg/p0(0)[0], 1fb/510kg/p0(0)[0], 1fb/512kg/p1(0)[1], 1fb/515kg/p1(0)[1], 1fb/520kg/p2(0)[2], 1fb/523kg/p2(0)[2], 1fb/530kg/p2(0)[2], 1fb/559kg/p2(0)[2], 1fb/562kg/p3(0)[3], 2fb/527kg/p0(0)[0], 2fb/531kg/p0(0)[0], 2fb/576kg/p2(0)[2], 3fb/563kg/p0(0)[0], 3fb/569kg/p0(0)[0], 3fb/592kg/p1(0)[1], 4fb/601kg/p0(0)[0]
[13:46:35] budget: 272 s of 300 left for the settles + regrids (settle_wall 480)
[13:46:35] first level (both): 0 production + 47 relaxed (dv 2.5, 0.3 AU; 0.1 s) + 39 lintwin children -> 59 unique (27.7 s)
[13:46:35] plan start: prefix 25 flybys, t_end 4797.2 d, planner mass 1172.8 kg (dv 12.184 km/s); 59 first-level states
[13:46:35] first level (both): 0 production + 32 relaxed (dv 2.5, 0.3 AU; 0.1 s) + 32 lintwin children -> 45 unique (28.2 s)
[13:46:35] plan start: prefix 21 flybys, t_end 4761.4 d, planner mass 1246.0 kg (dv 9.809 km/s); 45 first-level states
[13:46:35] plan: 22 states, depth 3 new flybys, end plan_done (28 s); deepest 3 new to 5333 d at planner fuel 763 kg
[13:46:35]   depth  1:   11 states (11 in H), t_end 5022-5292 d, fuel 707-731 kg
[13:46:35]   depth  2:   10 states (10 in H), t_end 5152-5446 d, fuel 738-755 kg
[13:46:35]   depth  3:    1 states (1 in H), t_end 5333-5333 d, fuel 763-763 kg
[13:46:35] candidates: 12 distinct committed target sets (n_new 1-3, potential 0-0)
[13:46:35] frontier: 12 candidates chosen (n fb / committed planner kg / continuation (lookahead) [full]; pot_mode lookahead, pot_cap None): 1fb/707kg/p0(0)[0], 1fb/714kg/p2(0)[2], 1fb/716kg/p1(0)[1], 1fb/726kg/p1(0)[1], 1fb/731kg/p1(0)[1], 2fb/738kg/p0(0)[0], 2fb/740kg/p1(0)[1], 2fb/740kg/p0(0)[0], 2fb/742kg/p0(0)[0], 2fb/747kg/p0(0)[0], 2fb/752kg/p0(0)[0], 3fb/763kg/p0(0)[0]
[13:46:35] budget: 272 s of 300 left for the settles + regrids (settle_wall 480)
[13:46:35] plan: 136 states, depth 3 new flybys, end plan_done (28 s); deepest 3 new to 5394 d at planner fuel 714 kg
[13:46:35]   depth  1:   49 states (49 in H), t_end 5000-5477 d, fuel 658-724 kg
[13:46:35]   depth  2:   66 states (66 in H), t_end 5190-5476 d, fuel 680-747 kg
[13:46:35]   depth  3:   21 states (21 in H), t_end 5394-5476 d, fuel 714-771 kg
[13:46:35] candidates: 78 distinct committed target sets (n_new 1-3, potential 0-0)
[13:46:35] frontier: 16 candidates chosen (n fb / committed planner kg / continuation (lookahead) [full]; pot_mode lookahead, pot_cap None): 1fb/669kg/p1(0)[1], 1fb/676kg/p2(0)[2], 1fb/680kg/p1(0)[1], 1fb/683kg/p1(0)[1], 1fb/699kg/p2(0)[2], 1fb/707kg/p2(0)[2], 1fb/709kg/p2(0)[2], 1fb/714kg/p2(0)[2], 1fb/716kg/p2(0)[2], 1fb/721kg/p2(0)[2], 2fb/680kg/p0(0)[0], 2fb/683kg/p0(0)[0], 2fb/692kg/p1(0)[1], 3fb/714kg/p0(0)[0], 3fb/715kg/p0(0)[0], 3fb/741kg/p0(0)[0]
[13:46:35] budget: 272 s of 300 left for the settles + regrids (settle_wall 480)
[13:46:35] plan: 163 states, depth 4 new flybys, end plan_done (28 s); deepest 4 new to 5425 d at planner fuel 652 kg
[13:46:35]   depth  1:   38 states (38 in H), t_end 4864-5477 d, fuel 575-640 kg
[13:46:35]   depth  2:   54 states (54 in H), t_end 5063-5437 d, fuel 588-666 kg
[13:46:35]   depth  3:   60 states (60 in H), t_end 5213-5472 d, fuel 609-697 kg
[13:46:35]   depth  4:   11 states (11 in H), t_end 5408-5453 d, fuel 652-714 kg
[13:46:35] candidates: 111 distinct committed target sets (n_new 1-4, potential 0-0)
[13:46:35] frontier: 16 candidates chosen (n fb / committed planner kg / continuation (lookahead) [full]; pot_mode lookahead, pot_cap None): 1fb/575kg/p0(0)[0], 1fb/578kg/p0(0)[0], 1fb/578kg/p3(0)[3], 1fb/582kg/p2(0)[2], 1fb/614kg/p3(0)[3], 1fb/628kg/p3(0)[3], 1fb/636kg/p3(0)[3], 2fb/588kg/p0(0)[0], 2fb/597kg/p2(0)[2], 2fb/604kg/p1(0)[1], 3fb/609kg/p0(0)[0], 3fb/620kg/p1(0)[1], 3fb/621kg/p0(0)[0], 4fb/652kg/p0(0)[0], 4fb/667kg/p0(0)[0], 4fb/673kg/p0(0)[0]
[13:46:35] budget: 271 s of 300 left for the settles + regrids (settle_wall 480)
[13:46:36] plan: 91 states, depth 3 new flybys, end plan_done (29 s); deepest 3 new to 5314 d at planner fuel 668 kg
[13:46:36]   depth  1:   43 states (43 in H), t_end 4956-5477 d, fuel 615-675 kg
[13:46:36]   depth  2:   39 states (39 in H), t_end 5191-5471 d, fuel 638-697 kg
[13:46:36]   depth  3:    9 states (9 in H), t_end 5314-5455 d, fuel 668-702 kg
[13:46:36] candidates: 50 distinct committed target sets (n_new 1-3, potential 0-0)
[13:46:36] frontier: 16 candidates chosen (n fb / committed planner kg / continuation (lookahead) [full]; pot_mode lookahead, pot_cap None): 1fb/615kg/p0(0)[0], 1fb/622kg/p0(0)[0], 1fb/628kg/p2(0)[2], 1fb/634kg/p1(0)[1], 1fb/638kg/p2(0)[2], 1fb/649kg/p2(0)[2], 1fb/649kg/p1(0)[1], 1fb/656kg/p1(0)[1], 1fb/658kg/p1(0)[1], 1fb/662kg/p1(0)[1], 2fb/638kg/p0(0)[0], 2fb/647kg/p0(0)[0], 2fb/656kg/p1(0)[1], 3fb/668kg/p0(0)[0], 3fb/684kg/p0(0)[0], 3fb/687kg/p0(0)[0]
[13:46:36] budget: 271 s of 300 left for the settles + regrids (settle_wall 480)
[13:46:36]     settle 25: 257 @   4931 d -> ok lin tank 1088.2 (+24.6) miss 22 km (1.5 s)
[13:46:37] plan: 198 states, depth 4 new flybys, end plan_done (30 s); deepest 4 new to 5414 d at planner fuel 536 kg
[13:46:37]   depth  1:   59 states (59 in H), t_end 4907-5477 d, fuel 429-513 kg
[13:46:37]   depth  2:   84 states (84 in H), t_end 5097-5474 d, fuel 444-533 kg
[13:46:37]   depth  3:   54 states (54 in H), t_end 5338-5466 d, fuel 478-558 kg
[13:46:37]   depth  4:    1 states (1 in H), t_end 5414-5414 d, fuel 536-536 kg
[13:46:37] candidates: 124 distinct committed target sets (n_new 1-4, potential 0-0)
[13:46:37] frontier: 16 candidates chosen (n fb / committed planner kg / continuation (lookahead) [full]; pot_mode lookahead, pot_cap None): 1fb/429kg/p2(0)[2], 1fb/435kg/p0(0)[0], 1fb/438kg/p2(0)[2], 1fb/455kg/p2(0)[2], 1fb/459kg/p3(0)[3], 1fb/463kg/p2(0)[2], 1fb/465kg/p2(0)[2], 1fb/479kg/p2(0)[2], 1fb/498kg/p2(0)[2], 2fb/444kg/p1(0)[1], 2fb/445kg/p0(0)[0], 2fb/480kg/p2(0)[2], 3fb/478kg/p0(0)[0], 3fb/483kg/p0(0)[0], 3fb/511kg/p1(0)[1], 4fb/536kg/p0(0)[0]
[13:46:37] budget: 270 s of 300 left for the settles + regrids (settle_wall 480)
[13:46:38] plan: 158 states, depth 4 new flybys, end plan_done (31 s); deepest 4 new to 5364 d at planner fuel 448 kg
[13:46:38]   depth  1:   45 states (45 in H), t_end 4879-5477 d, fuel 370-445 kg
[13:46:38]   depth  2:   56 states (56 in H), t_end 5019-5477 d, fuel 390-474 kg
[13:46:38]   depth  3:   46 states (46 in H), t_end 5141-5476 d, fuel 424-484 kg
[13:46:38]   depth  4:   11 states (11 in H), t_end 5321-5427 d, fuel 448-510 kg
[13:46:38] candidates: 89 distinct committed target sets (n_new 1-4, potential 0-0)
[13:46:38] frontier: 16 candidates chosen (n fb / committed planner kg / continuation (lookahead) [full]; pot_mode lookahead, pot_cap None): 1fb/370kg/p0(0)[0], 1fb/377kg/p0(0)[0], 1fb/378kg/p2(0)[2], 1fb/392kg/p3(0)[3], 1fb/402kg/p2(0)[2], 1fb/404kg/p2(0)[2], 1fb/425kg/p3(0)[3], 2fb/390kg/p0(0)[0], 2fb/396kg/p0(0)[0], 2fb/406kg/p2(0)[2], 3fb/424kg/p0(0)[0], 3fb/424kg/p0(0)[0], 3fb/437kg/p1(0)[1], 4fb/448kg/p0(0)[0], 4fb/459kg/p0(0)[0], 4fb/463kg/p0(0)[0]
[13:46:38] budget: 269 s of 300 left for the settles + regrids (settle_wall 480)
[13:46:38]     settle 26: 271 @   4948 d -> ok lintwin tank 821.8 (+1.2) miss 71 km (1.1 s)
[13:46:39]     settle 29:   4 @   5018 d -> ok lintwin tank 1021.6 (+1.8) miss 74 km (3.9 s)
[13:46:40]     settle 25: 153 @   4887 d -> ok lam tank 1098.5 (+34.9) miss 30 km (2.9 s)
[13:46:41]     settle 22:  42 @   5144 d -> ok lintwin tank 781.7 (+9.4) miss 52 km (3.5 s)
[13:46:43]     settle 24: 273 @   5458 d -> ok lintwin tank 952.9 (+17.5) miss 13 km (7.8 s)
[13:46:44]     settle 27:  89 @   5202 d -> ok lin tank 1057.9 (+9.9) miss 76 km (9.1 s)
[13:46:45]     settle 29: 126 @   5041 d -> ok lintwin tank 1035.7 (+16.0) miss 55 km (4.5 s)
[13:46:47]     settle 25: 222 @   5151 d -> ok lam tank 1106.8 (+43.2) miss 12 km (5.7 s)
[13:46:47]     settle 22:  49 @   5329 d -> ok lintwin tank 777.0 (+4.6) miss 35 km (4.9 s)
[13:46:47]     settle 24: 115 @   5259 d -> ok lintwin tank 979.0 (+14.2) miss 4 km (11.1 s)
[13:46:48]     settle 26: 219 @   5303 d -> ok lintwin tank 836.4 (+15.8) miss 30 km (8.6 s)
[13:46:49]     settle 14:   5 @   5270 d -> FAIL [('lam', 4486059.9)] (14.1 s)
[13:46:49]     settle 24:  32 @   4993 d -> ok lintwin tank 946.9 (+11.5) miss 38 km (4.9 s)
[13:46:50]     settle 26: 188 @   5130 d -> ok lintwin tank 828.4 (+7.8) miss 19 km (0.8 s)
[13:46:52]     settle 29: 250 @   5331 d -> ok lintwin tank 1024.7 (+4.9) miss 77 km (5.9 s)
[13:46:52]     settle 22: 269 @   5013 d -> ok lintwin tank 785.9 (+13.5) miss 43 km (3.6 s)
[13:46:52]     settle 27: 185 @   5026 d -> ok lam tank 1069.3 (+21.2) miss 6 km (5.4 s)
[13:46:54]     settle 25:  89 @   5081 d -> ok lin tank 1102.8 (+39.2) miss 35 km (5.5 s)
[13:46:54]     settle 24: 228 @   5299 d -> ok lam tank 976.7 (+11.9) miss 51 km (6.4 s)
[13:46:56]     settle 22: 275 @   4879 d -> ok lintwin tank 794.7 (+22.3) miss 44 km (3.3 s)
[13:46:56]     settle 26:   4 @   5019 d -> ok lintwin tank 845.7 (+25.1) miss 72 km (5.2 s)
[13:46:58]     settle 24: 275 @   4866 d -> ok lintwin tank 938.3 (+2.9) miss 19 km (7.4 s)
[13:46:59]     settle 24:  69 @   5212 d -> ok lam tank 989.2 (+24.4) miss 82 km (3.2 s)
[13:47:01]     settle 29: 219 @   5301 d -> ok lintwin tank 1040.9 (+21.1) miss 52 km (8.2 s)
[13:47:02]     settle 22: 150 @   5107 d -> ok lintwin tank 795.2 (+22.8) miss 55 km (5.7 s)
[13:47:07]     settle 22: 186 @   4977 d -> ok lintwin tank 782.5 (+10.2) miss 59 km (3.2 s)
[13:47:07]     settle 26: 257 @   4937 d -> ok lintwin tank 859.6 (+39.0) miss 71 km (8.5 s)
[13:47:07]     settle 24: 150 @   5110 d -> ok lintwin tank 967.3 (+31.9) miss 64 km (8.6 s)
[13:47:08]     settle 27: 242 @   5282 d -> ok lin tank 1063.5 (+15.5) miss 17 km (14.7 s)
[13:47:08]     settle 24: 204 @   5189 d -> ok lin tank 973.6 (+8.8) miss 22 km (7.8 s)
[13:47:09]     settle 29: 222 @   5000 d -> ok lintwin tank 1055.7 (+35.9) miss 30 km (7.9 s)
[13:47:10]     settle 25: 152 @   4901 d -> FAIL [('lam', 21610956.5)] (15.1 s)
[13:47:11]     settle 26: 222 @   4999 d -> ok lintwin tank 848.6 (+28.0) miss 56 km (3.0 s)
[13:47:15]     settle 24:  58 @   5026 d -> ok lintwin tank 968.9 (+33.5) miss 30 km (6.4 s)
[13:47:15]     settle 25: 265 @   4875 d -> ok lam tank 1127.3 (+63.6) miss 43 km (5.2 s)
[13:47:16]     settle 22:  81 @   5047 d -> ok lintwin tank 832.9 (+60.5) miss 97 km (8.7 s)
[13:47:17]     settle 29: 202 @   5101 d -> ok lintwin tank 1047.1 (+27.3) miss 76 km (6.4 s)
[13:47:18]     settle 26: 242 @   5131 d -> ok lintwin tank 856.9 (+36.3) miss 73 km (6.3 s)
[13:47:18]     settle 23: 170 @   5307 d -> ok lintwin tank 790.5 (+4.6) miss 22 km (0.7 s)
[13:47:18]     settle 27:   4 @   5032 d -> ok lin tank 1051.8 (+3.8) miss 79 km (8.2 s)
[13:47:19]     settle 24: 172 @   5055 d -> ok lintwin tank 1054.3 (+89.5) miss 1 km (9.7 s)
[13:47:20]     settle 23: 115 @   5331 d -> ok lintwin tank 800.0 (+14.1) miss 35 km (1.3 s)
[13:47:22]     settle 26: 193 @   5115 d -> ok lin tank 1100.3 (+1.8) miss 14 km (5.7 s)
[13:47:22]     settle 24: 183 @   4913 d -> ok lintwin tank 955.0 (+19.5) miss 75 km (6.4 s)
[13:47:24]     settle 23: 147 @   5121 d -> ok lintwin tank 811.2 (+16.5) miss 15 km (3.0 s)
[13:47:24]     settle 29: 273 @   5129 d -> ok lintwin tank 1075.6 (+55.8) miss 74 km (6.4 s)
[13:47:25]     settle 27: 204 @   5152 d -> ok lam tank 1089.0 (+40.9) miss 11 km (5.5 s)
[13:47:25]     settle 26: 261 @   5073 d -> ok lintwin tank 914.7 (+94.1) miss 63 km (6.5 s)
[13:47:25]     settle 23: 147 @   5120 d -> ok lintwin tank 789.6 (+3.6) miss 25 km (0.7 s)
[13:47:26]     settle 24: 154 @   4956 d -> ok lam tank 1073.6 (+108.7) miss 54 km (6.7 s)
[13:47:28]     settle 26: 146 @   5002 d -> ok lintwin tank 835.5 (+14.9) miss 67 km (2.5 s)
[13:47:29]     settle 26: 222 @   5347 d -> ok lin tank 1092.9 (+-5.6) miss 29 km (4.4 s)
[13:47:30]     settle 24: 172 @   4924 d -> ok lintwin tank 1025.8 (+90.4) miss 65 km (5.8 s)
[13:47:30]     settle 24: 170 @   5307 d -> ok lintwin tank 812.1 (+22.5) miss 62 km (4.9 s)
[13:47:33]     settle 14: 149 @   5447 d -> FAIL [('lam', 11434745.0)] (43.6 s)
[13:47:33]     settle 28: 194 @   5446 d -> ok lam tank 1165.8 (+76.8) miss 7 km (5.8 s)
[13:47:33]     settle 29: 220 @   5135 d -> ok lintwin tank 1081.8 (+62.1) miss 89 km (7.9 s)
[13:47:34]     settle 27:  54 @   5358 d -> ok lintwin tank 829.9 (+8.2) miss 60 km (4.7 s)
[13:47:37]     settle 26: 273 @   5146 d -> ok lin tank 1105.1 (+6.6) miss 36 km (6.8 s)
[13:47:37]     settle 24: 115 @   5339 d -> ok lintwin tank 818.1 (+28.5) miss 55 km (5.5 s)
[13:47:39]     settle 26: 257 @   5374 d -> ok lintwin tank 824.4 (+3.8) miss 55 km (3.9 s)
[13:47:39]     settle 24: 172 @   5076 d -> ok lintwin tank 959.2 (+23.8) miss 75 km (8.8 s)
[13:47:39]     settle 23:  58 @   5027 d -> ok lintwin tank 818.1 (+23.3) miss 21 km (1.8 s)
[13:47:40]     settle 24: 118 @   5205 d -> ok lintwin tank 1025.2 (+60.4) miss 1 km (9.2 s)
[13:47:41]     settle 28: 102 @   5156 d -> ok lam tank 1082.9 (+13.6) miss 3 km (4.5 s)
[13:47:42]     settle 29:  89 @   5076 d -> ok lintwin tank 1069.9 (+50.1) miss 72 km (8.5 s)
[13:47:43]     settle 24:  42 @   5141 d -> ok lintwin tank 842.3 (+24.3) miss 51 km (3.4 s)
[13:47:43]     settle 26: 242 @   5285 d -> ok lam tank 1146.8 (+40.0) miss 8 km (5.1 s)
[13:47:44]     settle 25: 118 @   5212 d -> ok lintwin tank 985.9 (+26.7) miss 60 km (4.4 s)
[13:47:44]     settle 14: 253 @   4901 d -> FAIL [('lam', 178100714.6)] (11.4 s)
[13:47:44]     settle 27: 194 @   5450 d -> ok lintwin tank 830.7 (+6.4) miss 58 km (5.7 s)
[13:47:49]     settle 28:  30 @   5443 d -> ok lam tank 1071.2 (+7.7) miss 24 km (6.3 s)
[13:47:49]     settle 26: 193 @   5112 d -> ok lin tank 1143.2 (+15.9) miss 12 km (5.0 s)
[13:47:50]     settle 25: 147 @   5120 d -> ok lam tank 981.2 (+42.9) miss 74 km (5.3 s)
[13:47:51]     settle 25: 274 @   5364 d -> ok lintwin tank 848.6 (+6.3) miss 69 km (6.9 s)
[13:47:51]     settle 27:   5 @   5187 d -> ok lintwin tank 878.5 (+19.0) miss 82 km (5.7 s)
[13:47:52]     settle 29:  91 @   5100 d -> ok lintwin tank 1085.7 (+65.9) miss 35 km (8.4 s)
[13:47:52]     settle 24: 115 @   5329 d -> ok lintwin tank 835.1 (+17.1) miss 88 km (1.0 s)
[13:47:54]     settle 28: 142 @   5207 d -> ok lam tank 1103.0 (+33.7) miss 0 km (3.4 s)
[13:47:56]     settle 24: 250 @   5178 d -> FAIL [('lam', 48157567.0)] (13.5 s)
[13:47:56]     settle 25:  53 @   5427 d -> ok lintwin tank 838.2 (+3.1) miss 38 km (3.4 s)
[13:47:56]     settle 28: 194 @   5449 d -> ok lintwin tank 840.1 (+10.2) miss 72 km (4.1 s)
[13:47:58]     settle 24:  54 @   4969 d -> ok lintwin tank 1008.4 (+73.0) miss 51 km (6.6 s)
[13:48:00]     settle 26: 273 @   5151 d -> ok lin tank 1158.2 (+30.9) miss 0 km (10.1 s)
[13:48:02]     settle 27: 257 @   5371 d -> ok lintwin tank 833.6 (+5.2) miss 60 km (4.7 s)
[13:48:02]     settle 30:  10 @   5317 d -> ok lintwin tank 1037.0 (+15.5) miss 5 km (9.2 s)
[13:48:03]     settle 28: 204 @   5156 d -> ok lam tank 1101.2 (+49.3) miss 40 km (7.5 s)
[13:48:04]     settle 25: 170 @   5395 d -> ok lintwin tank 865.6 (+23.3) miss 94 km (7.8 s)
[13:48:05]     settle 24: 102 @   5137 d -> ok lintwin tank 1008.2 (+43.4) miss 3 km (9.5 s)
[13:48:06] RESULT s09_c2: 16 columns; frontier 1fb 4 kg p0/0 | 2fb 18 kg p0/0 | 3fb 39 kg p0/0 | 4fb 66 kg p0/0; settles 19 (19 ok), regrids 16 (16 ok); wall 119 s of 300 (plan 31, price 2, settle 88; budget hit None, 0 unsettled)
[13:48:07]     settle 25: 228 @   5275 d -> ok lintwin tank 1025.7 (+17.3) miss 73 km (9.3 s)
[13:48:07]   job s09_c2 craft columns  16  levels 4  settles 19/19  end plan_done  wall 118.6 s
[13:48:09]     settle 28: 194 @   5450 d -> ok lintwin tank 848.2 (+14.5) miss 80 km (6.5 s)
[13:48:10]     settle 27:   4 @   5027 d -> ok lin tank 1059.0 (+10.9) miss 77 km (5.5 s)
[13:48:10]     settle 27: 222 @   5348 d -> ok lam tank 1115.5 (+15.2) miss 14 km (1.3 s)
[13:48:11]     settle 28: 222 @   5340 d -> ok lintwin tank 899.5 (+21.0) miss 73 km (1.9 s)
[13:48:13]     settle 30: 250 @   5326 d -> ok lintwin tank 1042.8 (+21.2) miss 5 km (9.6 s)
[13:48:15]     settle 26:  53 @   5428 d -> ok lintwin tank 995.6 (+14.4) miss 56 km (6.6 s)
[13:48:16]     settle 28:  89 @   5207 d -> ok lin tank 1075.9 (+16.9) miss 71 km (5.8 s)
[13:48:16]     settle 24: 202 @   5227 d -> ok lam tank 1019.6 (+54.8) miss 2 km (5.4 s)
[13:48:17]     settle 26: 115 @   5326 d -> ok lintwin tank 1009.7 (+28.5) miss 56 km (1.4 s)
[13:48:18]     settle 14: 241 @   5024 d -> FAIL [('lam', 16364041.3)] (33.7 s)
[13:48:20]     settle 30:  25 @   5194 d -> ok lintwin tank 1051.7 (+15.9) miss 78 km (6.0 s)
[13:48:21]     settle 29: 102 @   5414 d -> ok lintwin tank 918.6 (+19.1) miss 2 km (8.1 s)
[13:48:22] RESULT s09_c1: 16 columns; frontier 1fb 1 kg p0/0 | 2fb 9 kg p0/0 | 3fb 19 kg p0/0 | 4fb 98 kg p0/0; settles 18 (18 ok), regrids 16 (16 ok); wall 135 s of 300 (plan 30, price 2, settle 105; budget hit None, 0 unsettled)
[13:48:22]     settle 27:  95 @   5416 d -> ok lin tank 1123.0 (+17.9) miss 0 km (9.5 s)
[13:48:22]     settle 25: 115 @   5232 d -> ok lintwin tank 987.4 (+20.1) miss 64 km (3.9 s)
[13:48:23]     settle 29:  48 @   5333 d -> ok lam tank 1120.2 (+37.3) miss 0 km (2.9 s)
[13:48:23]   job s09_c1 craft columns  16  levels 4  settles 18/18  end plan_done  wall 135.1 s
[13:48:24]     settle 31: 273 @   5394 d -> ok lintwin tank 1094.6 (+42.9) miss 53 km (1.7 s)
[13:48:25]     settle 25:  98 @   5309 d -> ok lintwin tank 1084.1 (+95.0) miss 5 km (8.5 s)
[13:48:29] RESULT s09_c6: 12 columns; frontier 1fb 3 kg p0/0 | 2fb 22 kg p0/0 | 3fb 55 kg p0/0; settles 13 (13 ok), regrids 12 (12 ok); wall 142 s of 300 (plan 28, price 1, settle 113; budget hit None, 0 unsettled)
[13:48:29]   job s09_c6 craft columns  12  levels 3  settles 13/13  end plan_done  wall 141.8 s
[13:48:30]     settle 14: 257 @   5002 d -> FAIL [('lam', 30450733.0)] (11.5 s)
[13:48:30]     settle 30:  48 @   5261 d -> ok lintwin tank 1049.5 (+13.8) miss 64 km (4.4 s)
[13:48:30]     settle 26: 104 @   5411 d -> ok lintwin tank 988.1 (+0.6) miss 28 km (7.9 s)
[13:48:36]     settle 25: 228 @   5307 d -> ok lintwin tank 1067.4 (+78.2) miss 93 km (9.4 s)
[13:48:36]     settle 31: 273 @   5422 d -> ok lintwin tank 1048.4 (+-1.2) miss 59 km (6.6 s)
[13:48:37]     settle 27: 202 @   5196 d -> FAIL [('lam', 1397415.7)] (13.9 s)
[13:48:37]   3 candidates dropped (settle failure / regrid failure / duplicate after truncation)
[13:48:37] RESULT s09_c3: 13 columns; frontier 1fb 24 kg p0/0 | 2fb 29 kg p0/0 | 3fb 51 kg p0/0; settles 15 (13 ok), regrids 13 (13 ok); wall 150 s of 300 (plan 27, price 2, settle 123; budget hit None, 0 unsettled)
[13:48:39]   job s09_c3 craft columns  13  levels 4  settles 13/15  end plan_done  wall 150.4 s
[13:48:40]     settle 27:  53 @   5425 d -> ok lintwin tank 1012.0 (+2.2) miss 64 km (8.3 s)
[13:48:44]     settle 30:  10 @   5311 d -> ok lintwin tank 1094.7 (+12.9) miss 61 km (5.9 s)
[13:48:45]     settle 31: 194 @   5449 d -> ok lintwin tank 1125.0 (+30.2) miss 53 km (1.2 s)
[13:48:46] RESULT s09_c0: 16 columns; frontier 1fb 1 kg p0/0 | 2fb 17 kg p0/0 | 3fb 28 kg p0/0; settles 18 (18 ok), regrids 16 (16 ok); wall 159 s of 300 (plan 28, price 2, settle 131; budget hit None, 0 unsettled)
[13:48:47]   job s09_c0 craft columns  16  levels 3  settles 18/18  end plan_done  wall 159.1 s
[13:48:52]     settle 25:   5 @   5281 d -> FAIL [('lam', 15811926.8)] (12.8 s)
[13:48:54]     settle 25: 150 @   5081 d -> ok lintwin tank 1060.6 (+91.6) miss 17 km (8.6 s)
[13:48:58]     settle 14: 150 @   5047 d -> FAIL [('lam', 5855931.1)] (28.3 s)
[13:49:06]     settle 26: 118 @   5213 d -> FAIL [('lam', 19428657.6)] (11.7 s)
[13:49:06]   1 candidates dropped (settle failure / regrid failure / duplicate after truncation)
[13:49:06] RESULT s09_c5: 15 columns; frontier 1fb 3 kg p0/0 | 2fb 44 kg p0/0 | 3fb 52 kg p0/0 | 4fb 70 kg p0/0; settles 19 (18 ok), regrids 15 (15 ok); wall 180 s of 300 (plan 28, price 2, settle 151; budget hit None, 0 unsettled)
[13:49:07]   job s09_c5 craft columns  15  levels 4  settles 18/19  end plan_done  wall 179.5 s
[13:49:08]     settle 14: 146 @   5066 d -> FAIL [('lam', 12833421.9)] (10.3 s)
[13:49:13]     settle 25: 250 @   5226 d -> ok lam tank 1208.4 (+154.1) miss 42 km (20.7 s)
[13:49:22]     settle 26: 149 @   5455 d -> ok lintwin tank 1331.5 (+123.1) miss 8 km (8.9 s)
[13:49:33]     settle 14:   6 @   5113 d -> FAIL [('lam', 11087631.7)] (24.2 s)
[13:49:36]     settle 25: 242 @   5251 d -> FAIL [('lam', 57619443.3)] (12.8 s)
[13:49:36]   4 candidates dropped (settle failure / regrid failure / duplicate after truncation)
[13:49:36] RESULT s09_c4: 12 columns; frontier 1fb 8 kg p0/0 | 2fb 102 kg p0/0 | 3fb 366 kg p0/0; settles 16 (13 ok), regrids 12 (12 ok); wall 209 s of 300 (plan 29, price 1, settle 180; budget hit None, 0 unsettled)
[13:49:37]   job s09_c4 craft columns  12  levels 3  settles 13/16  end plan_done  wall 208.8 s
[13:50:04]     settle 14: 222 @   4989 d -> FAIL [('lam', 10638987.1)] (31.7 s)
[13:50:33]     settle 14:  57 @   5162 d -> FAIL [('lam', 8135440.7)] (28.2 s)
[13:50:33]   16 candidates dropped (settle failure / regrid failure / duplicate after truncation)
[13:50:33] RESULT s09_c7: 0 columns; frontier ; settles 16 (0 ok), regrids 0 (0 ok); wall 266 s of 300 (plan 28, price 1, settle 238; budget hit None, 0 unsettled)
[13:50:34]   job s09_c7 craft columns   0  levels 4  settles 0/16  end plan_done  wall 265.8 s
[13:50:34] [slice 9] propose: 100 columns (0 bad dropped) in 266.6 s
[13:50:34] [slice 9] auction: 100 columns, kept 72, dropped {'fuel': 28}; lam 1.00 H_eff 617 d fuel budget 551 kg quota OFF prize bonus on 56 targets
[13:50:34] [slice 9] auction: status optimal objective 39.901 vars 72 rows 36 chosen 6 fuel 360/551 kg (0.01 s)
[13:50:36] [slice 9] claims: c6:1  (1 targets: 0 kept, 1 new; 11 released, 0 expired (ttl 4), 0 conflicts)
[13:50:36] [slice 9 T=4860 d] launched 8/8  covered 200  remaining 98  fuel 3068 kg  sumJi 10.8191  chosen: c0:3(+28) c1:4(+98) c2:4(+76) c4:2(+102) c5:3(+52) c6:1(+3)  rejected: -  (wall 269 s)
[13:50:36] stop: horizon at T=5477 d (slice 10)
[13:50:36] finalize: fleet/ 8 routes  covered 200  misses 98  fuel 3068 kg  sumJi 10.8191  J 110.8191  honest True
[13:50:36] p15_claims_prize: slice 10 phase propose T=5477 d  launched 8/8  covered 200  remaining 98  fuel 3068 kg  sumJi 10.8191  done True (horizon)
