[07:07:09] new run g2_plan: N 8 H 540.0 d L 360.0 d proposer planbeam commit regrid nproc 9 stop_T None
[07:07:10] [slice 0 T=0 d] propose: 9 jobs (0 craft, 9 root) on 9 workers, proposer planbeam, H_eff 540 d, lam 1.0
[07:07:10] job s00_r0 (root, craft None, planbeam): T 0 d H 540 L 360; plan horizon 1620 d; remaining 298; prize >1 on 6; width 150 npt 6 mc 150 dv 1.2 drmax 0.15 plan_wall 240 s; quota {'fil': 12, 'med': 18}
[07:07:10] job s00_r3 (root, craft None, planbeam): T 0 d H 540 L 360; plan horizon 1620 d; remaining 298; prize >1 on 6; width 150 npt 6 mc 150 dv 1.2 drmax 0.15 plan_wall 240 s; quota {'fil': 12, 'med': 18}
[07:07:10] job s00_r4 (root, craft None, planbeam): T 0 d H 540 L 360; plan horizon 1620 d; remaining 298; prize >1 on 6; width 150 npt 6 mc 150 dv 1.2 drmax 0.15 plan_wall 240 s; quota {'fil': 12, 'med': 18}
[07:07:10] job s00_r6 (root, craft None, planbeam): T 0 d H 540 L 360; plan horizon 1620 d; remaining 298; prize >1 on 6; width 150 npt 6 mc 150 dv 1.2 drmax 0.15 plan_wall 240 s; quota {'fil': 12, 'med': 18}
[07:07:10] job s00_r2 (root, craft None, planbeam): T 0 d H 540 L 360; plan horizon 1620 d; remaining 298; prize >1 on 6; width 150 npt 6 mc 150 dv 1.2 drmax 0.15 plan_wall 240 s; quota {'fil': 12, 'med': 18}
[07:07:10] job s00_r7 (root, craft None, planbeam): T 0 d H 540 L 360; plan horizon 1620 d; remaining 298; prize >1 on 6; width 150 npt 6 mc 150 dv 1.2 drmax 0.15 plan_wall 240 s; quota {'fil': 12, 'med': 18}
[07:07:10] job s00_r5 (root, craft None, planbeam): T 0 d H 540 L 360; plan horizon 1620 d; remaining 298; prize >1 on 6; width 150 npt 6 mc 150 dv 1.2 drmax 0.15 plan_wall 240 s; quota {'fil': 12, 'med': 18}
[07:07:10] budget: job_wall 300 s, 300 s left before the plan -> plan cap 210 s (plan_wall 240, settle_reserve 90)
[07:07:10] budget: job_wall 300 s, 300 s left before the plan -> plan cap 210 s (plan_wall 240, settle_reserve 90)
[07:07:10] job s00_r1 (root, craft None, planbeam): T 0 d H 540 L 360; plan horizon 1620 d; remaining 298; prize >1 on 6; width 150 npt 6 mc 150 dv 1.2 drmax 0.15 plan_wall 240 s; quota {'fil': 12, 'med': 18}
[07:07:10] budget: job_wall 300 s, 300 s left before the plan -> plan cap 210 s (plan_wall 240, settle_reserve 90)
[07:07:10] budget: job_wall 300 s, 300 s left before the plan -> plan cap 210 s (plan_wall 240, settle_reserve 90)
[07:07:10] budget: job_wall 300 s, 300 s left before the plan -> plan cap 210 s (plan_wall 240, settle_reserve 90)
[07:07:10] job s00_r8 (root, craft None, planbeam): T 0 d H 540 L 360; plan horizon 1620 d; remaining 298; prize >1 on 6; width 150 npt 6 mc 150 dv 1.2 drmax 0.15 plan_wall 240 s; quota {'fil': 12, 'med': 18}
[07:07:10] budget: job_wall 300 s, 300 s left before the plan -> plan cap 210 s (plan_wall 240, settle_reserve 90)
[07:07:10] budget: job_wall 300 s, 300 s left before the plan -> plan cap 210 s (plan_wall 240, settle_reserve 90)
[07:07:10] budget: job_wall 300 s, 300 s left before the plan -> plan cap 210 s (plan_wall 240, settle_reserve 90)
[07:07:10] budget: job_wall 300 s, 300 s left before the plan -> plan cap 210 s (plan_wall 240, settle_reserve 90)
[07:07:11] plan start: 6 launch dates (490-540 d) -> 0 launch legs with first flyby <= T+H, 0 kept (cap min(roots_max 450, 3 x width) = 450; 1.8 s)
[07:07:11] plan: 0 states, depth 0 new flybys, end no_children (2 s)
[07:07:11] candidates: 0 distinct committed target sets (n_new -, potential -)
[07:07:11] frontier: 0 candidates chosen (n fb / committed planner kg / continuation (lookahead)): 
[07:07:11] budget: 298 s of 300 left for the settles + regrids (settle_wall 480)
[07:07:11] RESULT s00_r8: 0 columns; frontier ; settles 0 (0 ok), regrids 0 (0 ok); wall 2 s of 300 (plan 2, price 0, settle 0; budget hit None, 0 unsettled)
[07:07:11] plan start: 6 launch dates (250-300 d) -> 726 launch legs with first flyby <= T+H, 116 kept (cap min(roots_max 450, 3 x width) = 450; 1.8 s)
[07:07:11] plan start: 6 launch dates (190-240 d) -> 1235 launch legs with first flyby <= T+H, 159 kept (cap min(roots_max 450, 3 x width) = 450; 1.8 s)
[07:07:11] plan start: 6 launch dates (70-120 d) -> 1681 launch legs with first flyby <= T+H, 192 kept (cap min(roots_max 450, 3 x width) = 450; 1.8 s)
[07:07:11] plan start: 6 launch dates (430-480 d) -> 36 launch legs with first flyby <= T+H, 5 kept (cap min(roots_max 450, 3 x width) = 450; 1.8 s)
[07:07:11] plan start: 6 launch dates (130-180 d) -> 1340 launch legs with first flyby <= T+H, 185 kept (cap min(roots_max 450, 3 x width) = 450; 1.8 s)
[07:07:11] plan start: 6 launch dates (370-420 d) -> 160 launch legs with first flyby <= T+H, 27 kept (cap min(roots_max 450, 3 x width) = 450; 1.8 s)
[07:07:11] plan start: 6 launch dates (310-360 d) -> 276 launch legs with first flyby <= T+H, 62 kept (cap min(roots_max 450, 3 x width) = 450; 1.9 s)
[07:07:12]   job s00_r8 root  columns   0  levels 0  settles 0/0  end no_children  wall 1.8 s
[07:07:12] plan start: 7 launch dates (0-60 d) -> 2000 launch legs with first flyby <= T+H, 208 kept (cap min(roots_max 450, 3 x width) = 450; 2.2 s)
[07:08:08] plan: 1082 states, depth 11 new flybys, end plan_done (58 s); deepest 11 new to 1581 d at planner fuel 376 kg
[07:08:08]   depth  1:    5 states (5 in H), t_end 485-535 d, fuel 0-0 kg
[07:08:08]   depth  2:   58 states (0 in H), t_end 592-1085 d, fuel 7-58 kg
[07:08:08]   depth  3:  150 states (0 in H), t_end 768-1022 d, fuel 30-108 kg
[07:08:08]   depth  4:  150 states (0 in H), t_end 902-1095 d, fuel 48-159 kg
[07:08:08]   depth  5:  150 states (0 in H), t_end 1012-1197 d, fuel 79-199 kg
[07:08:08]   depth  6:  150 states (0 in H), t_end 1113-1326 d, fuel 97-240 kg
[07:08:08]   depth  7:  150 states (0 in H), t_end 1231-1428 d, fuel 147-285 kg
[07:08:08]   depth  8:  150 states (0 in H), t_end 1290-1541 d, fuel 186-321 kg
[07:08:08]   depth  9:  110 states (0 in H), t_end 1368-1618 d, fuel 221-362 kg
[07:08:08]   depth 10:    8 states (0 in H), t_end 1489-1619 d, fuel 306-389 kg
[07:08:08]   depth 11:    1 states (0 in H), t_end 1581-1581 d, fuel 376-376 kg
[07:08:08] candidates: 3 distinct committed target sets (n_new 1-1, potential 2-2)
[07:08:08] frontier: 3 candidates chosen (n fb / committed planner kg / continuation (lookahead)): 1fb/0kg/p2(2), 1fb/0kg/p2(2), 1fb/0kg/p2(2)
[07:08:08] budget: 242 s of 300 left for the settles + regrids (settle_wall 480)
[07:08:08] RESULT s00_r7: 3 columns; frontier 1fb 0 kg p2/2; settles 3 (3 ok), regrids 3 (3 ok); wall 58 s of 300 (plan 58, price 0, settle 0; budget hit None, 0 unsettled)
[07:08:10]   job s00_r7 root  columns   3  levels 11  settles 3/3  end plan_done  wall 58.4 s
[07:08:20] plan: 1468 states, depth 12 new flybys, end plan_done (70 s); deepest 12 new to 1614 d at planner fuel 349 kg
[07:08:20]   depth  1:   62 states (62 in H), t_end 350-540 d, fuel 0-0 kg
[07:08:20]   depth  2:  150 states (4 in H), t_end 530-746 d, fuel 3-56 kg
[07:08:20]   depth  3:  150 states (0 in H), t_end 620-855 d, fuel 17-107 kg
[07:08:20]   depth  4:  150 states (0 in H), t_end 778-948 d, fuel 34-155 kg
[07:08:20]   depth  5:  150 states (0 in H), t_end 858-1093 d, fuel 65-187 kg
[07:08:20]   depth  6:  150 states (0 in H), t_end 921-1438 d, fuel 109-228 kg
[07:08:20]   depth  7:  150 states (0 in H), t_end 1059-1600 d, fuel 126-261 kg
[07:08:20]   depth  8:  150 states (0 in H), t_end 1169-1620 d, fuel 172-290 kg
[07:08:20]   depth  9:  150 states (0 in H), t_end 1243-1619 d, fuel 188-327 kg
[07:08:20]   depth 10:  150 states (0 in H), t_end 1398-1620 d, fuel 205-344 kg
[07:08:20]   depth 11:   55 states (0 in H), t_end 1527-1619 d, fuel 256-371 kg
[07:08:20]   depth 12:    1 states (0 in H), t_end 1614-1614 d, fuel 349-349 kg
[07:08:20] candidates: 26 distinct committed target sets (n_new 1-2, potential 1-4)
[07:08:20] frontier: 16 candidates chosen (n fb / committed planner kg / continuation (lookahead)): 1fb/0kg/p4(4), 1fb/0kg/p3(2), 1fb/0kg/p3(3), 1fb/0kg/p3(3), 1fb/0kg/p3(3), 1fb/0kg/p3(3), 1fb/0kg/p3(3), 1fb/0kg/p3(3), 1fb/0kg/p3(3), 1fb/0kg/p3(3), 1fb/0kg/p3(3), 1fb/0kg/p3(3), 1fb/0kg/p3(3), 2fb/35kg/p2(2), 2fb/49kg/p2(2), 2fb/55kg/p1(1)
[07:08:20] budget: 229 s of 300 left for the settles + regrids (settle_wall 480)
[07:08:21]     settle  2:  93 @    531 d -> ok lintwin tank 606.4 (+4.9) miss 51 km (0.3 s)
[07:08:21] plan: 1309 states, depth 10 new flybys, end plan_done (72 s); deepest 10 new to 1538 d at planner fuel 184 kg
[07:08:21]   depth  1:   27 states (27 in H), t_end 440-540 d, fuel 0-0 kg
[07:08:21]   depth  2:  150 states (0 in H), t_end 615-825 d, fuel 5-54 kg
[07:08:21]   depth  3:  150 states (0 in H), t_end 719-916 d, fuel 18-107 kg
[07:08:21]   depth  4:  150 states (0 in H), t_end 826-1007 d, fuel 32-141 kg
[07:08:21]   depth  5:  150 states (0 in H), t_end 938-1124 d, fuel 51-180 kg
[07:08:21]   depth  6:  150 states (0 in H), t_end 1058-1437 d, fuel 69-222 kg
[07:08:21]   depth  7:  150 states (0 in H), t_end 1162-1472 d, fuel 86-249 kg
[07:08:21]   depth  8:  150 states (0 in H), t_end 1280-1510 d, fuel 104-295 kg
[07:08:21]   depth  9:  150 states (0 in H), t_end 1366-1596 d, fuel 130-325 kg
[07:08:21]   depth 10:   82 states (0 in H), t_end 1488-1619 d, fuel 184-350 kg
[07:08:21] candidates: 9 distinct committed target sets (n_new 1-1, potential 2-3)
[07:08:21] frontier: 9 candidates chosen (n fb / committed planner kg / continuation (lookahead)): 1fb/0kg/p3(3), 1fb/0kg/p3(3), 1fb/0kg/p3(3), 1fb/0kg/p3(3), 1fb/0kg/p2(2), 1fb/0kg/p2(2), 1fb/0kg/p2(2), 1fb/0kg/p2(2), 1fb/0kg/p2(2)
[07:08:21] budget: 228 s of 300 left for the settles + regrids (settle_wall 480)
[07:08:21]     settle  2: 276 @    540 d -> ok lintwin tank 605.8 (+4.3) miss 0 km (0.2 s)
[07:08:21]   drift: leg 276@540 d settled outside (T, T+H] -> column cut at 1
[07:08:21]     settle  2:  93 @    534 d -> ok lintwin tank 617.9 (+16.4) miss 77 km (0.1 s)
[07:08:21]   1 candidates dropped (settle failure / regrid failure / duplicate after truncation)
[07:08:21] RESULT s00_r5: 15 columns; frontier 1fb 0 kg p4/4 | 2fb 5 kg p2/2; settles 17 (17 ok), regrids 15 (15 ok); wall 72 s of 300 (plan 70, price 0, settle 1; budget hit None, 0 unsettled)
[07:08:22] RESULT s00_r6: 9 columns; frontier 1fb 0 kg p3/3; settles 9 (9 ok), regrids 9 (9 ok); wall 72 s of 300 (plan 72, price 0, settle 0; budget hit None, 0 unsettled)
[07:08:22]   job s00_r5 root  columns  15  levels 12  settles 17/17  end plan_done  wall 71.9 s
[07:08:22]   job s00_r6 root  columns   9  levels 10  settles 9/9  end plan_done  wall 72.0 s
[07:08:25] plan: 1550 states, depth 12 new flybys, end plan_done (76 s); deepest 12 new to 1589 d at planner fuel 405 kg
[07:08:25]   depth  1:  116 states (116 in H), t_end 295-540 d, fuel 0-0 kg
[07:08:25]   depth  2:  150 states (44 in H), t_end 460-618 d, fuel 5-54 kg
[07:08:25]   depth  3:  150 states (2 in H), t_end 538-760 d, fuel 11-103 kg
[07:08:25]   depth  4:  150 states (0 in H), t_end 709-856 d, fuel 25-141 kg
[07:08:25]   depth  5:  150 states (0 in H), t_end 796-975 d, fuel 66-174 kg
[07:08:25]   depth  6:  150 states (0 in H), t_end 904-1101 d, fuel 82-213 kg
[07:08:25]   depth  7:  150 states (0 in H), t_end 1007-1442 d, fuel 96-256 kg
[07:08:25]   depth  8:  150 states (0 in H), t_end 1110-1600 d, fuel 139-298 kg
[07:08:25]   depth  9:  150 states (0 in H), t_end 1247-1610 d, fuel 185-314 kg
[07:08:25]   depth 10:  150 states (0 in H), t_end 1317-1572 d, fuel 214-357 kg
[07:08:25]   depth 11:   82 states (0 in H), t_end 1486-1619 d, fuel 269-396 kg
[07:08:25]   depth 12:    2 states (0 in H), t_end 1589-1603 d, fuel 405-432 kg
[07:08:25] candidates: 67 distinct committed target sets (n_new 1-3, potential 0-3)
[07:08:25] frontier: 16 candidates chosen (n fb / committed planner kg / continuation (lookahead)): 1fb/0kg/p4(3), 1fb/0kg/p4(3), 1fb/0kg/p4(2), 1fb/0kg/p4(2), 1fb/0kg/p3(2), 1fb/0kg/p3(3), 1fb/0kg/p3(2), 1fb/0kg/p3(3), 1fb/0kg/p3(3), 2fb/5kg/p2(2), 2fb/16kg/p0(0), 2fb/18kg/p3(3), 2fb/21kg/p3(3), 2fb/41kg/p3(3), 3fb/54kg/p2(2), 3fb/63kg/p2(2)
[07:08:25] budget: 224 s of 300 left for the settles + regrids (settle_wall 480)
[07:08:26]     settle  2:  93 @    518 d -> ok lintwin tank 603.4 (+1.9) miss 0 km (0.2 s)
[07:08:26]     settle  2: 276 @    540 d -> ok lintwin tank 602.5 (+1.0) miss 1 km (0.1 s)
[07:08:26]   drift: leg 276@540 d settled outside (T, T+H] -> column cut at 1
[07:08:26]     settle  2: 244 @    525 d -> ok lintwin tank 604.5 (+3.0) miss 0 km (0.1 s)
[07:08:26]     settle  2: 117 @    460 d -> ok lintwin tank 606.0 (+4.5) miss 0 km (0.1 s)
[07:08:26]     settle  2:  37 @    535 d -> ok lintwin tank 604.9 (+3.4) miss 0 km (0.2 s)
[07:08:27]     settle  2:   8 @    492 d -> ok lintwin tank 605.9 (+4.4) miss 56 km (0.1 s)
[07:08:27]     settle  3: 276 @    538 d -> ok lintwin tank 612.8 (+6.9) miss 69 km (0.1 s)
[07:08:27]     settle  2:   8 @    490 d -> ok lintwin tank 604.7 (+3.2) miss 0 km (0.1 s)
[07:08:27]     settle  3: 276 @    539 d -> ok lintwin tank 613.5 (+8.8) miss 1 km (0.2 s)
[07:08:27]   1 candidates dropped (settle failure / regrid failure / duplicate after truncation)
[07:08:27] RESULT s00_r4: 15 columns; frontier 1fb 0 kg p3/3 | 2fb 2 kg p2/3 | 3fb 11 kg p2/2; settles 19 (19 ok), regrids 15 (15 ok); wall 78 s of 300 (plan 76, price 0, settle 2; budget hit None, 0 unsettled)
[07:08:28]   job s00_r4 root  columns  15  levels 12  settles 19/19  end plan_done  wall 77.6 s
[07:08:32] plan: 1720 states, depth 12 new flybys, end plan_done (82 s); deepest 12 new to 1600 d at planner fuel 276 kg
[07:08:32]   depth  1:  185 states (185 in H), t_end 175-540 d, fuel 0-0 kg
[07:08:32]   depth  2:  150 states (150 in H), t_end 334-536 d, fuel 2-59 kg
[07:08:32]   depth  3:  150 states (26 in H), t_end 444-651 d, fuel 22-105 kg
[07:08:32]   depth  4:  150 states (0 in H), t_end 594-762 d, fuel 35-154 kg
[07:08:32]   depth  5:  150 states (0 in H), t_end 672-894 d, fuel 66-193 kg
[07:08:32]   depth  6:  150 states (0 in H), t_end 814-1004 d, fuel 94-238 kg
[07:08:32]   depth  7:  150 states (0 in H), t_end 882-1444 d, fuel 127-289 kg
[07:08:32]   depth  8:  150 states (0 in H), t_end 1019-1592 d, fuel 157-323 kg
[07:08:32]   depth  9:  150 states (0 in H), t_end 1127-1600 d, fuel 177-366 kg
[07:08:32]   depth 10:  150 states (0 in H), t_end 1271-1603 d, fuel 205-401 kg
[07:08:32]   depth 11:  150 states (0 in H), t_end 1395-1608 d, fuel 214-415 kg
[07:08:32]   depth 12:   35 states (0 in H), t_end 1499-1616 d, fuel 276-440 kg
[07:08:32] candidates: 142 distinct committed target sets (n_new 1-3, potential 0-5)
[07:08:32] frontier: 16 candidates chosen (n fb / committed planner kg / continuation (lookahead)): 1fb/0kg/p6(5), 1fb/0kg/p5(3), 1fb/0kg/p5(3), 1fb/0kg/p5(3), 1fb/0kg/p5(4), 1fb/0kg/p5(3), 1fb/0kg/p5(3), 1fb/0kg/p5(4), 1fb/0kg/p4(3), 1fb/0kg/p4(3), 2fb/2kg/p0(0), 2fb/4kg/p0(0), 2fb/18kg/p5(5), 3fb/29kg/p3(3), 3fb/36kg/p0(0), 3fb/38kg/p2(2)
[07:08:32] budget: 217 s of 300 left for the settles + regrids (settle_wall 480)
[07:08:33]     settle  2:  42 @    484 d -> ok lintwin tank 602.0 (+0.5) miss 0 km (0.5 s)
[07:08:34]     settle  2:  42 @    490 d -> ok lintwin tank 602.1 (+0.6) miss 7 km (0.7 s)
[07:08:34] plan: 1569 states, depth 11 new flybys, end plan_done (84 s); deepest 11 new to 1583 d at planner fuel 271 kg
[07:08:34]   depth  1:  208 states (208 in H), t_end 70-460 d, fuel 0-0 kg
[07:08:34]   depth  2:  150 states (147 in H), t_end 182-945 d, fuel 1-59 kg
[07:08:34]   depth  3:  150 states (92 in H), t_end 293-1110 d, fuel 18-106 kg
[07:08:34]   depth  4:  150 states (4 in H), t_end 413-1107 d, fuel 70-150 kg
[07:08:34]   depth  5:  150 states (0 in H), t_end 777-1443 d, fuel 108-188 kg
[07:08:34]   depth  6:  150 states (0 in H), t_end 840-1446 d, fuel 112-227 kg
[07:08:34]   depth  7:  150 states (0 in H), t_end 1063-1498 d, fuel 134-243 kg
[07:08:34]   depth  8:  150 states (0 in H), t_end 1198-1495 d, fuel 165-281 kg
[07:08:34]   depth  9:  150 states (0 in H), t_end 1279-1541 d, fuel 207-317 kg
[07:08:34]   depth 10:  148 states (0 in H), t_end 1381-1620 d, fuel 229-356 kg
[07:08:34]   depth 11:   13 states (0 in H), t_end 1564-1620 d, fuel 271-353 kg
[07:08:34] candidates: 189 distinct committed target sets (n_new 1-4, potential 0-3)
[07:08:34] frontier: 16 candidates chosen (n fb / committed planner kg / continuation (lookahead)): 1fb/0kg/p5(3), 1fb/0kg/p3(2), 1fb/0kg/p3(0), 1fb/0kg/p2(0), 1fb/0kg/p2(0), 1fb/0kg/p2(0), 1fb/0kg/p2(0), 2fb/1kg/p0(0), 2fb/6kg/p1(0), 2fb/46kg/p4(3), 3fb/18kg/p0(0), 3fb/27kg/p0(0), 3fb/78kg/p3(3), 4fb/73kg/p0(0), 4fb/101kg/p2(2), 4fb/106kg/p1(1)
[07:08:34] budget: 216 s of 300 left for the settles + regrids (settle_wall 480)
[07:08:34]     settle  2:  29 @    469 d -> ok lintwin tank 601.5 (+0.0) miss 0 km (0.1 s)
[07:08:34]     settle  2: 279 @    356 d -> ok lintwin tank 601.5 (+0.0) miss 0 km (0.1 s)
[07:08:34]     settle  2: 230 @    443 d -> ok lintwin tank 603.9 (+2.4) miss 0 km (0.3 s)
[07:08:35]     settle  2: 127 @    341 d -> ok lintwin tank 601.7 (+0.2) miss 1 km (0.1 s)
[07:08:35]     settle  3: 281 @    538 d -> ok lintwin tank 604.9 (+1.0) miss 0 km (0.3 s)
[07:08:35]     settle  2:  67 @    195 d -> ok lintwin tank 615.6 (+14.1) miss 2 km (0.1 s)
[07:08:35]     settle  2:  67 @    330 d -> ok lintwin tank 603.0 (+1.5) miss 0 km (0.2 s)
[07:08:35]     settle  2: 294 @    334 d -> ok lintwin tank 613.9 (+12.4) miss 76 km (0.3 s)
[07:08:35]     settle  3: 185 @    442 d -> ok lintwin tank 605.1 (+2.1) miss 0 km (0.1 s)
[07:08:35]     settle  2: 272 @    300 d -> ok lintwin tank 606.4 (+4.9) miss 0 km (0.1 s)
[07:08:36]     settle  3: 185 @    440 d -> ok lintwin tank 606.7 (+0.4) miss 0 km (0.1 s)
[07:08:36]     settle  3: 139 @    369 d -> ok lintwin tank 627.6 (+12.0) miss 3 km (0.2 s)
[07:08:36]     settle  2: 284 @    235 d -> ok lintwin tank 612.1 (+10.6) miss 57 km (0.1 s)
[07:08:36]     settle  3: 226 @    334 d -> ok lintwin tank 623.8 (+11.7) miss 1 km (0.2 s)
[07:08:36]     settle  3:  37 @    537 d -> ok lam tank 625.7 (+11.8) miss 92 km (1.1 s)
[07:08:36]     settle  4: 293 @    413 d -> ok lintwin tank 625.0 (+1.2) miss 0 km (0.1 s)
[07:08:36] plan: 1680 states, depth 12 new flybys, end plan_done (87 s); deepest 12 new to 1492 d at planner fuel 318 kg
[07:08:36]   depth  1:  159 states (159 in H), t_end 275-540 d, fuel 0-0 kg
[07:08:36]   depth  2:  150 states (147 in H), t_end 405-548 d, fuel 2-61 kg
[07:08:36]   depth  3:  150 states (16 in H), t_end 478-695 d, fuel 17-111 kg
[07:08:36]   depth  4:  150 states (0 in H), t_end 598-832 d, fuel 36-158 kg
[07:08:36]   depth  5:  150 states (0 in H), t_end 770-924 d, fuel 63-203 kg
[07:08:36]   depth  6:  150 states (0 in H), t_end 858-1442 d, fuel 81-245 kg
[07:08:36]   depth  7:  150 states (0 in H), t_end 974-1597 d, fuel 162-289 kg
[07:08:36]   depth  8:  150 states (0 in H), t_end 1086-1606 d, fuel 178-329 kg
[07:08:36]   depth  9:  150 states (0 in H), t_end 1238-1386 d, fuel 210-360 kg
[07:08:36]   depth 10:  150 states (0 in H), t_end 1332-1491 d, fuel 222-394 kg
[07:08:36]   depth 11:  150 states (0 in H), t_end 1424-1609 d, fuel 257-416 kg
[07:08:36]   depth 12:   21 states (0 in H), t_end 1492-1618 d, fuel 318-431 kg
[07:08:36]     settle  4: 230 @    455 d -> ok lintwin tank 632.9 (+5.3) miss 1 km (0.1 s)
[07:08:36] candidates: 129 distinct committed target sets (n_new 1-3, potential 0-4)
[07:08:36] frontier: 16 candidates chosen (n fb / committed planner kg / continuation (lookahead)): 1fb/0kg/p5(4), 1fb/0kg/p5(3), 1fb/0kg/p5(4), 1fb/0kg/p4(3), 1fb/0kg/p4(3), 1fb/0kg/p4(3), 1fb/0kg/p4(3), 1fb/0kg/p4(2), 1fb/0kg/p4(3), 1fb/0kg/p4(3), 2fb/2kg/p1(1), 2fb/10kg/p3(2), 2fb/33kg/p4(4), 3fb/34kg/p1(1), 3fb/47kg/p2(2), 3fb/103kg/p3(3)
[07:08:36] budget: 213 s of 300 left for the settles + regrids (settle_wall 480)
[07:08:37]     settle  4:  83 @    503 d -> ok lintwin tank 636.6 (+9.0) miss 2 km (0.2 s)
[07:08:37] RESULT s00_r0: 16 columns; frontier 1fb 0 kg p3/3 | 2fb 0 kg p0/3 | 3fb 4 kg p0/3 | 4fb 24 kg p0/2; settles 23 (23 ok), regrids 16 (16 ok); wall 87 s of 300 (plan 84, price 0, settle 3; budget hit None, 0 unsettled)
[07:08:37]   regrid FAIL (3 fb: miss 4005 km, None, 0.7 s) -> column dropped
[07:08:37]     settle  2:   5 @    340 d -> ok lintwin tank 602.8 (+1.3) miss 0 km (0.1 s)
[07:08:37]     settle  3:  60 @    460 d -> ok lintwin tank 613.0 (+10.2) miss 5 km (0.1 s)
[07:08:37]     settle  2: 162 @    480 d -> ok lintwin tank 602.0 (+0.5) miss 0 km (0.3 s)
[07:08:37]   1 candidates dropped (settle failure / regrid failure / duplicate after truncation)
[07:08:37] RESULT s00_r2: 15 columns; frontier 1fb 0 kg p5/5 | 2fb 0 kg p5/5 | 3fb 3 kg p3/3; settles 21 (21 ok), regrids 16 (15 ok); wall 88 s of 300 (plan 82, price 0, settle 5; budget hit None, 0 unsettled)
[07:08:37]     settle  2: 293 @    409 d -> ok lintwin tank 608.6 (+7.1) miss 2 km (0.3 s)
[07:08:38]     settle  2:  94 @    465 d -> ok lintwin tank 607.5 (+6.0) miss 0 km (0.1 s)
[07:08:38]     settle  2: 117 @    465 d -> ok lintwin tank 605.4 (+3.9) miss 0 km (0.1 s)
[07:08:38]   job s00_r0 root  columns  16  levels 11  settles 23/23  end plan_done  wall 87.3 s
[07:08:38]   job s00_r2 root  columns  15  levels 12  settles 21/21  end plan_done  wall 87.7 s
[07:08:38]     settle  3: 299 @    537 d -> ok lintwin tank 617.7 (+12.3) miss 12 km (0.1 s)
[07:08:38]     settle  2:  19 @    418 d -> ok lintwin tank 601.7 (+0.2) miss 0 km (0.1 s)
[07:08:38]     settle  3: 150 @    510 d -> ok lintwin tank 607.5 (+5.8) miss 0 km (0.1 s)
[07:08:38]     settle  2:  19 @    415 d -> ok lintwin tank 601.7 (+0.2) miss 1 km (0.1 s)
[07:08:38]     settle  3: 162 @    478 d -> ok lintwin tank 612.5 (+10.9) miss 3 km (0.1 s)
[07:08:38] RESULT s00_r3: 16 columns; frontier 1fb 0 kg p4/4 | 2fb 0 kg p1/4 | 3fb 6 kg p2/3; settles 21 (21 ok), regrids 16 (16 ok); wall 89 s of 300 (plan 87, price 0, settle 2; budget hit None, 0 unsettled)
[07:08:40]   job s00_r3 root  columns  16  levels 12  settles 21/21  end plan_done  wall 89.0 s
[07:08:53] plan: 1963 states, depth 14 new flybys, end plan_done (103 s); deepest 14 new to 1600 d at planner fuel 447 kg
[07:08:53]   depth  1:  192 states (192 in H), t_end 95-510 d, fuel 0-0 kg
[07:08:53]   depth  2:  150 states (150 in H), t_end 190-461 d, fuel 6-59 kg
[07:08:53]   depth  3:  150 states (128 in H), t_end 314-588 d, fuel 31-106 kg
[07:08:53]   depth  4:  150 states (16 in H), t_end 460-660 d, fuel 53-154 kg
[07:08:53]   depth  5:  150 states (0 in H), t_end 548-762 d, fuel 64-206 kg
[07:08:53]   depth  6:  150 states (0 in H), t_end 620-889 d, fuel 109-252 kg
[07:08:53]   depth  7:  150 states (0 in H), t_end 709-967 d, fuel 144-296 kg
[07:08:53]   depth  8:  150 states (0 in H), t_end 834-1440 d, fuel 175-338 kg
[07:08:53]   depth  9:  150 states (0 in H), t_end 944-1440 d, fuel 199-382 kg
[07:08:53]   depth 10:  150 states (0 in H), t_end 1009-1600 d, fuel 206-400 kg
[07:08:53]   depth 11:  150 states (0 in H), t_end 1194-1605 d, fuel 234-437 kg
[07:08:53]   depth 12:  150 states (0 in H), t_end 1291-1609 d, fuel 250-468 kg
[07:08:53]   depth 13:  114 states (0 in H), t_end 1441-1620 d, fuel 300-505 kg
[07:08:53]   depth 14:    7 states (0 in H), t_end 1538-1616 d, fuel 447-511 kg
[07:08:53] candidates: 213 distinct committed target sets (n_new 1-4, potential 0-5)
[07:08:53] frontier: 16 candidates chosen (n fb / committed planner kg / continuation (lookahead)): 1fb/0kg/p7(4), 1fb/0kg/p7(5), 1fb/0kg/p6(4), 1fb/0kg/p6(3), 1fb/0kg/p5(3), 1fb/0kg/p5(3), 2fb/6kg/p1(0), 2fb/6kg/p0(0), 2fb/53kg/p6(5), 2fb/54kg/p6(4), 3fb/34kg/p0(0), 3fb/43kg/p0(0), 3fb/62kg/p5(5), 4fb/94kg/p2(2), 4fb/96kg/p2(2), 4fb/152kg/p4(4)
[07:08:53] budget: 197 s of 300 left for the settles + regrids (settle_wall 480)
[07:08:53]     settle  2:  19 @    420 d -> ok lintwin tank 601.9 (+0.4) miss 0 km (0.5 s)
[07:08:54]     settle  2:  32 @    442 d -> ok lintwin tank 603.1 (+1.6) miss 48 km (0.4 s)
[07:08:54]     settle  2: 297 @    311 d -> ok lintwin tank 619.4 (+17.9) miss 18 km (0.1 s)
[07:08:54]     settle  2: 162 @    200 d -> ok lintwin tank 609.6 (+8.1) miss 1 km (0.1 s)
[07:08:55]     settle  3:  81 @    504 d -> ok lintwin tank 603.0 (+1.1) miss 90 km (0.3 s)
[07:08:55]     settle  2:   5 @    342 d -> ok lintwin tank 606.4 (+4.9) miss 52 km (0.1 s)
[07:08:55]     settle  3:  32 @    443 d -> ok lintwin tank 612.9 (+6.5) miss 0 km (0.1 s)
[07:08:55]     settle  3:  61 @    405 d -> ok lintwin tank 619.7 (+0.3) miss 1 km (0.1 s)
[07:08:55]     settle  2: 279 @    285 d -> ok lintwin tank 601.9 (+0.4) miss 92 km (0.1 s)
[07:08:55]     settle  3:  11 @    383 d -> ok lintwin tank 619.5 (+17.6) miss 20 km (0.1 s)
[07:08:55]     settle  4:  60 @    480 d -> ok lintwin tank 630.8 (+11.3) miss 3 km (0.2 s)
[07:08:56]     settle  3: 291 @    378 d -> ok lam tank 629.0 (+9.6) miss 76 km (0.8 s)
[07:08:57]     settle  4: 165 @    514 d -> ok lam tank 631.3 (+2.3) miss 57 km (1.1 s)
[07:08:58]   regrid FAIL (4 fb: miss 353761 km, None, 0.6 s) -> column dropped
[07:08:58]     settle  3: 128 @    356 d -> ok lintwin tank 631.8 (+22.1) miss 74 km (0.3 s)
[07:08:59]     settle  4:  28 @    465 d -> ok lintwin tank 651.2 (+19.5) miss 66 km (0.4 s)
[07:08:59]   1 candidates dropped (settle failure / regrid failure / duplicate after truncation)
[07:08:59] RESULT s00_r1: 15 columns; frontier 1fb 0 kg p4/5 | 2fb 0 kg p0/5 | 3fb 2 kg p0/5 | 4fb 29 kg p2/4; settles 23 (23 ok), regrids 16 (15 ok); wall 109 s of 300 (plan 103, price 0, settle 6; budget hit None, 0 unsettled)
[07:09:00]   job s00_r1 root  columns  15  levels 14  settles 23/23  end plan_done  wall 109.2 s
[07:09:00] [slice 0] propose: 104 columns (0 bad dropped) in 110.4 s
[07:09:00] [slice 0] auction: 104 columns, kept 104, dropped {}; lam 1.00 H_eff 540 d fuel budget 482 kg quota on
[07:09:00] [slice 0] auction: status optimal objective 31.108 vars 104 rows 40 chosen 8 fuel 127/482 kg (0.015 s)
[07:09:02] [slice 0 T=0 d] launched 8/8  covered 26  remaining 272  fuel 139 kg  sumJi 8.1009  chosen: r->c0:4(+24) r->c1:4(+35) r->c2:3(+18) r->c3:4(+29) r->c4:3(+3) r->c5:2(+0) r->c6:3(+6) r->c7:3(+11)  rejected: -  (wall 112 s)
[07:09:02] [slice 1 T=540 d] propose: 8 jobs (8 craft, 0 root) on 9 workers, proposer planbeam, H_eff 540 d, lam 1.0
[07:09:02] job s01_c2 (craft, craft 2, planbeam): T 540 d H 540 L 360; plan horizon 2160 d; remaining 272; prize >1 on 18; width 150 npt 6 mc 150 dv 1.2 drmax 0.15 plan_wall 240 s; quota {'fil': 10, 'med': 18}
[07:09:02] job s01_c1 (craft, craft 1, planbeam): T 540 d H 540 L 360; plan horizon 2160 d; remaining 272; prize >1 on 18; width 150 npt 6 mc 150 dv 1.2 drmax 0.15 plan_wall 240 s; quota {'fil': 10, 'med': 17}
[07:09:02] job s01_c4 (craft, craft 4, planbeam): T 540 d H 540 L 360; plan horizon 2160 d; remaining 272; prize >1 on 18; width 150 npt 6 mc 150 dv 1.2 drmax 0.15 plan_wall 240 s; quota {'fil': 10, 'med': 17}
[07:09:02] job s01_c5 (craft, craft 5, planbeam): T 540 d H 540 L 360; plan horizon 2160 d; remaining 272; prize >1 on 18; width 150 npt 6 mc 150 dv 1.2 drmax 0.15 plan_wall 240 s; quota {'fil': 11, 'med': 17}
[07:09:02] job s01_c0 (craft, craft 0, planbeam): T 540 d H 540 L 360; plan horizon 2160 d; remaining 272; prize >1 on 18; width 150 npt 6 mc 150 dv 1.2 drmax 0.15 plan_wall 240 s; quota {'fil': 9, 'med': 17}
[07:09:02] job s01_c7 (craft, craft 7, planbeam): T 540 d H 540 L 360; plan horizon 2160 d; remaining 272; prize >1 on 18; width 150 npt 6 mc 150 dv 1.2 drmax 0.15 plan_wall 240 s; quota {'fil': 11, 'med': 17}
[07:09:02] job s01_c6 (craft, craft 6, planbeam): T 540 d H 540 L 360; plan horizon 2160 d; remaining 272; prize >1 on 18; width 150 npt 6 mc 150 dv 1.2 drmax 0.15 plan_wall 240 s; quota {'fil': 11, 'med': 16}
[07:09:02] job s01_c3 (craft, craft 3, planbeam): T 540 d H 540 L 360; plan horizon 2160 d; remaining 272; prize >1 on 18; width 150 npt 6 mc 150 dv 1.2 drmax 0.15 plan_wall 240 s; quota {'fil': 9, 'med': 18}
[07:09:02] prefix slices/s01/in/craft_5.npz: 2 flybys, t_end 467.6 d, tank 601.5 kg (planner view), miss 0.0 km, nreg 18
[07:09:02] budget: job_wall 300 s, 300 s left before the plan -> plan cap 210 s (plan_wall 240, settle_reserve 90)
[07:09:02] prefix slices/s01/in/craft_7.npz: 3 flybys, t_end 538.0 d, tank 612.8 kg (planner view), miss 88.9 km, nreg 16
[07:09:02] budget: job_wall 300 s, 300 s left before the plan -> plan cap 210 s (plan_wall 240, settle_reserve 90)
[07:09:02] prefix slices/s01/in/craft_6.npz: 3 flybys, t_end 510.4 d, tank 607.5 kg (planner view), miss 0.0 km, nreg 19
[07:09:02] budget: job_wall 300 s, 300 s left before the plan -> plan cap 210 s (plan_wall 240, settle_reserve 90)
[07:09:02] prefix slices/s01/in/craft_0.npz: 4 flybys, t_end 412.8 d, tank 625.0 kg (planner view), miss 0.5 km, nreg 23
[07:09:02] budget: job_wall 300 s, 300 s left before the plan -> plan cap 210 s (plan_wall 240, settle_reserve 90)
[07:09:02] prefix slices/s01/in/craft_2.npz: 3 flybys, t_end 405.8 d, tank 619.7 kg (planner view), miss 1.1 km, nreg 19
[07:09:02] budget: job_wall 300 s, 300 s left before the plan -> plan cap 210 s (plan_wall 240, settle_reserve 90)
[07:09:02] prefix slices/s01/in/craft_3.npz: 4 flybys, t_end 480.3 d, tank 630.8 kg (planner view), miss 0.0 km, nreg 23
[07:09:02] budget: job_wall 300 s, 300 s left before the plan -> plan cap 210 s (plan_wall 240, settle_reserve 90)
[07:09:02] prefix slices/s01/in/craft_1.npz: 4 flybys, t_end 499.8 d, tank 636.5 kg (planner view), miss 0.2 km, nreg 28
[07:09:02] budget: job_wall 300 s, 300 s left before the plan -> plan cap 210 s (plan_wall 240, settle_reserve 90)
[07:09:02] prefix slices/s01/in/craft_4.npz: 3 flybys, t_end 537.1 d, tank 604.9 kg (planner view), miss 0.0 km, nreg 23
[07:09:02] budget: job_wall 300 s, 300 s left before the plan -> plan cap 210 s (plan_wall 240, settle_reserve 90)
[07:09:06] first level (both): 0 production + 86 relaxed (dv 2.5, 0.3 AU; 0.1 s) + 80 lintwin children -> 122 unique (4.2 s)
[07:09:06] plan start: prefix 2 flybys, t_end 467.6 d, planner mass 1600.0 kg (dv 0.000 km/s); 122 first-level states
[07:09:06] first level (both): 0 production + 41 relaxed (dv 2.5, 0.3 AU; 0.1 s) + 68 lintwin children -> 92 unique (4.3 s)
[07:09:06] plan start: prefix 3 flybys, t_end 538.0 d, planner mass 1570.5 kg (dv 0.730 km/s); 92 first-level states
[07:09:07] first level (both): 0 production + 63 relaxed (dv 2.5, 0.3 AU; 0.1 s) + 89 lintwin children -> 126 unique (4.7 s)
[07:09:07] plan start: prefix 3 flybys, t_end 510.4 d, planner mass 1584.2 kg (dv 0.388 km/s); 126 first-level states
[07:09:07] first level (both): 0 production + 67 relaxed (dv 2.5, 0.3 AU; 0.1 s) + 109 lintwin children -> 147 unique (5.0 s)
[07:09:07] plan start: prefix 3 flybys, t_end 405.8 d, planner mass 1552.9 kg (dv 1.171 km/s); 147 first-level states
[07:09:07] first level (both): 0 production + 81 relaxed (dv 2.5, 0.3 AU; 0.1 s) + 75 lintwin children -> 119 unique (5.0 s)
[07:09:07] plan start: prefix 3 flybys, t_end 537.1 d, planner mass 1591.1 kg (dv 0.218 km/s); 119 first-level states
[07:09:07] first level (both): 0 production + 51 relaxed (dv 2.5, 0.3 AU; 0.1 s) + 80 lintwin children -> 108 unique (5.1 s)
[07:09:07] plan start: prefix 4 flybys, t_end 480.3 d, planner mass 1525.7 kg (dv 1.864 km/s); 108 first-level states
[07:09:08] first level (both): 0 production + 92 relaxed (dv 2.5, 0.3 AU; 0.1 s) + 78 lintwin children -> 135 unique (5.7 s)
[07:09:08] plan start: prefix 4 flybys, t_end 499.8 d, planner mass 1511.9 kg (dv 2.220 km/s); 135 first-level states
[07:09:08] first level (both): 0 production + 47 relaxed (dv 2.5, 0.3 AU; 0.1 s) + 102 lintwin children -> 123 unique (5.7 s)
[07:09:08] plan start: prefix 4 flybys, t_end 412.8 d, planner mass 1539.8 kg (dv 1.504 km/s); 123 first-level states
[07:10:08] plan: 1279 states, depth 11 new flybys, end plan_done (66 s); deepest 11 new to 2154 d at planner fuel 376 kg
[07:10:08]   depth  1:  126 states (107 in H), t_end 643-1175 d, fuel 18-132 kg
[07:10:08]   depth  2:  150 states (138 in H), t_end 745-1487 d, fuel 70-173 kg
[07:10:08]   depth  3:  150 states (13 in H), t_end 856-1624 d, fuel 131-210 kg
[07:10:08]   depth  4:  150 states (1 in H), t_end 1021-1866 d, fuel 148-239 kg
[07:10:08]   depth  5:  150 states (0 in H), t_end 1156-2146 d, fuel 172-275 kg
[07:10:08]   depth  6:  150 states (0 in H), t_end 1320-2157 d, fuel 216-302 kg
[07:10:08]   depth  7:  150 states (0 in H), t_end 1410-2158 d, fuel 240-326 kg
[07:10:08]   depth  8:  150 states (0 in H), t_end 1868-2157 d, fuel 246-354 kg
[07:10:08]   depth  9:   80 states (0 in H), t_end 1977-2156 d, fuel 299-393 kg
[07:10:08]   depth 10:   22 states (0 in H), t_end 2103-2158 d, fuel 328-405 kg
[07:10:08]   depth 11:    1 states (0 in H), t_end 2154-2154 d, fuel 376-376 kg
[07:10:08] candidates: 164 distinct committed target sets (n_new 1-4, potential 0-4)
[07:10:08] frontier: 16 candidates chosen (n fb / committed planner kg / continuation (lookahead)): 1fb/35kg/p0(0), 1fb/40kg/p0(0), 1fb/69kg/p6(3), 1fb/88kg/p3(2), 1fb/101kg/p4(3), 1fb/109kg/p3(2), 1fb/113kg/p4(4), 1fb/115kg/p4(2), 1fb/118kg/p3(1), 2fb/70kg/p0(0), 2fb/71kg/p0(0), 2fb/115kg/p5(3), 3fb/142kg/p0(0), 3fb/149kg/p0(0), 3fb/150kg/p4(3), 4fb/197kg/p3(3)
[07:10:08] budget: 234 s of 300 left for the settles + regrids (settle_wall 480)
[07:10:08]     settle  4: 242 @   1069 d -> ok lintwin tank 614.2 (+6.7) miss 6 km (0.5 s)
[07:10:09]     settle  4: 109 @    865 d -> ok lintwin tank 622.8 (+15.4) miss 1 km (0.3 s)
[07:10:09]     settle  4: 128 @    644 d -> ok lintwin tank 643.9 (+36.4) miss 60 km (0.2 s)
[07:10:10]     settle  4: 110 @    864 d -> ok lintwin tank 669.3 (+61.8) miss 70 km (1.0 s)
[07:10:11]     settle  4: 207 @    660 d -> ok lintwin tank 640.6 (+33.1) miss 66 km (0.5 s)
[07:10:12]     settle  4:  49 @    841 d -> ok lintwin tank 629.5 (+22.0) miss 74 km (0.9 s)
[07:10:13]     settle  4: 224 @    927 d -> ok lintwin tank 676.6 (+69.1) miss 70 km (1.3 s)
[07:10:14]     settle  4:  85 @    682 d -> ok lintwin tank 646.6 (+39.1) miss 70 km (0.2 s)
[07:10:15]     settle  4: 191 @    922 d -> ok lintwin tank 639.9 (+32.4) miss 3 km (1.4 s)
[07:10:15] plan: 1470 states, depth 11 new flybys, end plan_done (73 s); deepest 11 new to 2136 d at planner fuel 413 kg
[07:10:15]   depth  1:  122 states (110 in H), t_end 574-1189 d, fuel 7-123 kg
[07:10:15]   depth  2:  150 states (82 in H), t_end 657-1442 d, fuel 24-161 kg
[07:10:15]   depth  3:  150 states (21 in H), t_end 937-1815 d, fuel 43-202 kg
[07:10:15]   depth  4:  150 states (0 in H), t_end 1263-1997 d, fuel 53-251 kg
[07:10:15]   depth  5:  150 states (0 in H), t_end 1349-2000 d, fuel 81-295 kg
[07:10:15]   depth  6:  150 states (0 in H), t_end 1480-2135 d, fuel 117-331 kg
[07:10:15]   depth  7:  150 states (0 in H), t_end 1629-2160 d, fuel 162-356 kg
[07:10:15]   depth  8:  150 states (0 in H), t_end 1757-2140 d, fuel 190-387 kg
[07:10:15]   depth  9:  150 states (0 in H), t_end 1877-2118 d, fuel 214-432 kg
[07:10:15]   depth 10:  141 states (0 in H), t_end 1942-2160 d, fuel 285-476 kg
[07:10:15]   depth 11:    7 states (0 in H), t_end 2112-2157 d, fuel 413-472 kg
[07:10:15] candidates: 114 distinct committed target sets (n_new 1-3, potential 0-3)
[07:10:15] frontier: 16 candidates chosen (n fb / committed planner kg / continuation (lookahead)): 1fb/11kg/p0(0), 1fb/15kg/p0(0), 1fb/16kg/p2(2), 1fb/18kg/p2(1), 1fb/19kg/p2(0), 1fb/35kg/p2(0), 1fb/53kg/p3(2), 1fb/86kg/p3(2), 1fb/102kg/p4(2), 1fb/107kg/p4(3), 2fb/51kg/p1(1), 2fb/56kg/p1(0), 2fb/114kg/p3(2), 3fb/70kg/p0(0), 3fb/80kg/p0(0), 3fb/152kg/p2(2)
[07:10:15] budget: 227 s of 300 left for the settles + regrids (settle_wall 480)
[07:10:16]     settle  3: 134 @    857 d -> ok lintwin tank 605.5 (+4.0) miss 0 km (0.4 s)
[07:10:16] plan: 1486 states, depth 12 new flybys, end plan_done (74 s); deepest 12 new to 2158 d at planner fuel 483 kg
[07:10:16]   depth  1:  108 states (90 in H), t_end 594-1173 d, fuel 85-185 kg
[07:10:16]   depth  2:  150 states (147 in H), t_end 760-1442 d, fuel 107-226 kg
[07:10:16]   depth  3:  150 states (44 in H), t_end 926-1990 d, fuel 118-257 kg
[07:10:16]   depth  4:  150 states (0 in H), t_end 1090-1991 d, fuel 179-285 kg
[07:10:16]   depth  5:  150 states (0 in H), t_end 1225-2077 d, fuel 205-308 kg
[07:10:16]   depth  6:  150 states (0 in H), t_end 1365-2146 d, fuel 241-339 kg
[07:10:16]   depth  7:  150 states (0 in H), t_end 1523-2156 d, fuel 264-368 kg
[07:10:16]   depth  8:  150 states (0 in H), t_end 1698-2160 d, fuel 284-405 kg
[07:10:16]   depth  9:  150 states (0 in H), t_end 1812-2160 d, fuel 306-429 kg
[07:10:16]   depth 10:  150 states (0 in H), t_end 1939-2160 d, fuel 331-465 kg
[07:10:16]   depth 11:   27 states (0 in H), t_end 2064-2159 d, fuel 395-500 kg
[07:10:16]   depth 12:    1 states (0 in H), t_end 2158-2158 d, fuel 483-483 kg
[07:10:16] candidates: 166 distinct committed target sets (n_new 1-3, potential 0-3)
[07:10:16] frontier: 16 candidates chosen (n fb / committed planner kg / continuation (lookahead)): 1fb/85kg/p1(0), 1fb/89kg/p1(0), 1fb/129kg/p3(2), 1fb/131kg/p4(2), 1fb/135kg/p5(3), 1fb/136kg/p3(2), 1fb/136kg/p3(2), 1fb/156kg/p4(2), 1fb/175kg/p3(2), 2fb/107kg/p0(0), 2fb/113kg/p1(0), 2fb/179kg/p4(3), 2fb/179kg/p3(2), 3fb/118kg/p0(0), 3fb/153kg/p0(0), 3fb/200kg/p3(3)
[07:10:16] budget: 226 s of 300 left for the settles + regrids (settle_wall 480)
[07:10:16] plan: 1516 states, depth 12 new flybys, end plan_done (74 s); deepest 12 new to 2128 d at planner fuel 444 kg
[07:10:16]   depth  1:   92 states (85 in H), t_end 656-1174 d, fuel 30-147 kg
[07:10:16]   depth  2:  150 states (93 in H), t_end 721-1538 d, fuel 48-181 kg
[07:10:16]   depth  3:  150 states (9 in H), t_end 1021-1398 d, fuel 113-229 kg
[07:10:16]   depth  4:  150 states (0 in H), t_end 1190-1408 d, fuel 143-259 kg
[07:10:16]   depth  5:  150 states (0 in H), t_end 1273-1514 d, fuel 158-290 kg
[07:10:16]   depth  6:  150 states (0 in H), t_end 1407-1631 d, fuel 178-304 kg
[07:10:16]   depth  7:  150 states (0 in H), t_end 1482-1996 d, fuel 213-337 kg
[07:10:16]   depth  8:  150 states (0 in H), t_end 1622-1860 d, fuel 234-379 kg
[07:10:16]   depth  9:  150 states (0 in H), t_end 1779-1998 d, fuel 281-388 kg
[07:10:16]   depth 10:  150 states (0 in H), t_end 1947-2121 d, fuel 286-420 kg
[07:10:16]   depth 11:   72 states (0 in H), t_end 2037-2159 d, fuel 317-456 kg
[07:10:16]   depth 12:    2 states (0 in H), t_end 2126-2128 d, fuel 444-479 kg
[07:10:16] candidates: 130 distinct committed target sets (n_new 1-3, potential 0-4)
[07:10:16] frontier: 16 candidates chosen (n fb / committed planner kg / continuation (lookahead)): 1fb/30kg/p0(0), 1fb/33kg/p1(0), 1fb/59kg/p2(1), 1fb/63kg/p3(2), 1fb/81kg/p3(3), 1fb/83kg/p4(2), 1fb/95kg/p5(4), 1fb/96kg/p4(3), 1fb/117kg/p3(3), 1fb/137kg/p4(3), 2fb/48kg/p0(0), 2fb/64kg/p0(0), 2fb/133kg/p4(4), 3fb/135kg/p2(2), 3fb/166kg/p2(2), 3fb/171kg/p0(0)
[07:10:16] budget: 226 s of 300 left for the settles + regrids (settle_wall 480)
[07:10:16]     settle  4: 183 @    679 d -> ok lintwin tank 633.1 (+25.6) miss 38 km (0.2 s)
[07:10:16]     settle  3: 104 @    945 d -> ok lintwin tank 607.2 (+5.7) miss 0 km (0.3 s)
[07:10:16]     settle  4:  68 @   1043 d -> ok lintwin tank 613.6 (+0.8) miss 2 km (0.1 s)
[07:10:16]     settle  5: 124 @    867 d -> ok lintwin tank 651.5 (+20.7) miss 14 km (0.4 s)
[07:10:16]     settle  4: 178 @    723 d -> ok lintwin tank 613.5 (+0.7) miss 1 km (0.2 s)
[07:10:16]     settle  3: 187 @    945 d -> ok lintwin tank 610.2 (+8.7) miss 4 km (0.3 s)
[07:10:16]     settle  5: 182 @    696 d -> ok lintwin tank 636.2 (+5.4) miss 2 km (0.2 s)
[07:10:17]     settle  4: 182 @    784 d -> ok lintwin tank 621.5 (+8.7) miss 17 km (0.2 s)
[07:10:17]     settle  3:  47 @    699 d -> ok lintwin tank 606.4 (+4.9) miss 8 km (0.1 s)
[07:10:17]     settle  5: 171 @    868 d -> ok lintwin tank 682.4 (+49.3) miss 42 km (0.9 s)
[07:10:17] plan: 1482 states, depth 11 new flybys, end plan_done (75 s); deepest 11 new to 2144 d at planner fuel 374 kg
[07:10:17]   depth  1:  119 states (105 in H), t_end 620-1255 d, fuel 13-124 kg
[07:10:17]   depth  2:  150 states (129 in H), t_end 749-1581 d, fuel 25-168 kg
[07:10:17]   depth  3:  150 states (16 in H), t_end 884-1603 d, fuel 67-200 kg
[07:10:17]   depth  4:  150 states (0 in H), t_end 1112-1998 d, fuel 161-244 kg
[07:10:17]   depth  5:  150 states (0 in H), t_end 1435-1870 d, fuel 173-282 kg
[07:10:17]   depth  6:  150 states (0 in H), t_end 1559-2000 d, fuel 205-318 kg
[07:10:17]   depth  7:  150 states (0 in H), t_end 1623-2122 d, fuel 229-361 kg
[07:10:17]   depth  8:  150 states (0 in H), t_end 1708-2123 d, fuel 265-385 kg
[07:10:17]   depth  9:  150 states (0 in H), t_end 1877-2086 d, fuel 279-419 kg
[07:10:17]   depth 10:  150 states (0 in H), t_end 2010-2159 d, fuel 305-447 kg
[07:10:17]   depth 11:   13 states (0 in H), t_end 2094-2158 d, fuel 374-432 kg
[07:10:17] candidates: 132 distinct committed target sets (n_new 1-3, potential 0-3)
[07:10:17] frontier: 16 candidates chosen (n fb / committed planner kg / continuation (lookahead)): 1fb/13kg/p2(0), 1fb/15kg/p1(0), 1fb/27kg/p2(0), 1fb/79kg/p3(2), 1fb/83kg/p3(3), 1fb/100kg/p3(2), 1fb/101kg/p4(3), 1fb/105kg/p3(2), 1fb/112kg/p4(2), 1fb/114kg/p3(2), 2fb/25kg/p0(0), 2fb/34kg/p0(0), 2fb/134kg/p3(3), 3fb/67kg/p0(0), 3fb/88kg/p0(0), 3fb/161kg/p2(2)
[07:10:17] budget: 225 s of 300 left for the settles + regrids (settle_wall 480)
[07:10:17]     settle  3:  48 @    574 d -> ok lintwin tank 608.5 (+7.0) miss 0 km (0.2 s)
[07:10:17]     settle  4: 290 @    696 d -> ok lintwin tank 617.1 (+9.6) miss 1 km (0.2 s)
[07:10:17]     settle  5: 141 @    762 d -> ok lintwin tank 648.6 (+17.9) miss 79 km (0.7 s)
[07:10:17]     settle  4: 237 @    630 d -> ok lintwin tank 606.4 (+1.5) miss 0 km (0.3 s)
[07:10:17]     settle  3:   1 @    639 d -> ok lintwin tank 613.1 (+11.6) miss 0 km (0.2 s)
[07:10:17]     settle  5:  25 @   1006 d -> ok lintwin tank 623.0 (+5.9) miss 2 km (0.3 s)
[07:10:18]     settle  5: 106 @    610 d -> ok lintwin tank 657.1 (+26.3) miss 57 km (0.4 s)
[07:10:18]     settle  3: 292 @    739 d -> ok lintwin tank 622.0 (+20.5) miss 97 km (0.2 s)
[07:10:18]     settle  4: 222 @    888 d -> ok lintwin tank 606.8 (+1.9) miss 0 km (0.6 s)
[07:10:18]     settle  3: 161 @    668 d -> ok lintwin tank 617.5 (+16.0) miss 4 km (0.2 s)
[07:10:18]     settle  5:  49 @    835 d -> ok lintwin tank 662.5 (+18.6) miss 67 km (0.5 s)
[07:10:18]     settle  5: 110 @    758 d -> ok lintwin tank 671.5 (+40.7) miss 64 km (0.4 s)
[07:10:18] plan: 1450 states, depth 11 new flybys, end plan_done (76 s); deepest 11 new to 2134 d at planner fuel 474 kg
[07:10:18]   depth  1:  135 states (122 in H), t_end 631-1208 d, fuel 90-200 kg
[07:10:18]   depth  2:  150 states (126 in H), t_end 770-1484 d, fuel 131-246 kg
[07:10:18]   depth  3:  150 states (39 in H), t_end 927-1340 d, fuel 201-276 kg
[07:10:18]   depth  4:  150 states (1 in H), t_end 1061-1863 d, fuel 226-316 kg
[07:10:18]   depth  5:  150 states (0 in H), t_end 1165-2016 d, fuel 277-337 kg
[07:10:18]   depth  6:  150 states (0 in H), t_end 1530-2124 d, fuel 293-360 kg
[07:10:18]   depth  7:  150 states (0 in H), t_end 1644-2158 d, fuel 312-397 kg
[07:10:18]   depth  8:  150 states (0 in H), t_end 1736-2158 d, fuel 343-429 kg
[07:10:18]   depth  9:  150 states (0 in H), t_end 1862-2159 d, fuel 369-465 kg
[07:10:18]   depth 10:   98 states (0 in H), t_end 2008-2159 d, fuel 429-496 kg
[07:10:18]   depth 11:   17 states (0 in H), t_end 2122-2155 d, fuel 474-502 kg
[07:10:18] candidates: 137 distinct committed target sets (n_new 1-4, potential 0-3)
[07:10:18] frontier: 16 candidates chosen (n fb / committed planner kg / continuation (lookahead)): 1fb/90kg/p0(0), 1fb/94kg/p0(0), 1fb/148kg/p4(2), 1fb/151kg/p3(3), 1fb/155kg/p4(2), 1fb/192kg/p4(3), 1fb/193kg/p3(2), 1fb/196kg/p4(2), 2fb/131kg/p0(0), 2fb/142kg/p0(0), 2fb/181kg/p3(2), 2fb/198kg/p3(2), 3fb/202kg/p1(1), 3fb/224kg/p1(1), 3fb/227kg/p2(2), 4fb/281kg/p1(1)
[07:10:18] budget: 224 s of 300 left for the settles + regrids (settle_wall 480)
[07:10:18]     settle  4:  97 @    696 d -> ok lintwin tank 626.1 (+18.6) miss 6 km (0.2 s)
[07:10:19]     settle  5: 290 @    780 d -> ok lintwin tank 637.1 (+0.6) miss 2 km (0.1 s)
[07:10:19]     settle  3: 271 @    687 d -> ok lintwin tank 617.2 (+15.7) miss 1 km (0.4 s)
[07:10:19]     settle  5: 117 @    783 d -> ok lintwin tank 638.3 (+12.2) miss 6 km (0.3 s)
[07:10:19]     settle  5: 107 @    841 d -> ok lintwin tank 639.8 (+3.3) miss 28 km (0.2 s)
[07:10:19]     settle  3: 217 @    741 d -> ok lintwin tank 646.5 (+45.0) miss 71 km (0.3 s)
[07:10:19]     settle  6: 141 @    856 d -> ok lintwin tank 645.1 (+6.8) miss 76 km (0.3 s)
[07:10:19]     settle  5:  30 @    786 d -> ok lintwin tank 676.0 (+45.2) miss 80 km (0.8 s)
[07:10:19]     settle  4: 187 @    946 d -> ok lintwin tank 616.5 (+3.5) miss 1 km (0.3 s)
[07:10:19]     settle  4:  63 @    713 d -> ok lintwin tank 625.1 (+17.6) miss 2 km (0.3 s)
[07:10:20]     settle  5: 161 @    762 d -> ok lintwin tank 648.6 (+17.8) miss 51 km (0.3 s)
[07:10:20]     settle  5:  50 @    849 d -> ok lintwin tank 633.3 (+8.2) miss 5 km (0.2 s)
[07:10:20]     settle  4:  47 @    730 d -> ok lintwin tank 614.8 (+1.8) miss 2 km (0.2 s)
[07:10:20]     settle  4: 177 @    946 d -> ok lintwin tank 633.0 (+15.8) miss 11 km (0.3 s)
[07:10:20]     settle  5: 173 @    788 d -> ok lintwin tank 707.3 (+70.7) miss 63 km (1.2 s)
[07:10:20]     settle  6:  26 @    906 d -> ok lintwin tank 644.1 (+10.8) miss 71 km (0.6 s)
[07:10:21]     settle  5: 187 @    945 d -> ok lintwin tank 617.8 (+3.0) miss 0 km (0.4 s)
[07:10:21]     settle  4:  47 @    734 d -> ok lintwin tank 615.8 (+7.3) miss 1 km (0.3 s)
[07:10:21]     settle  5: 267 @    639 d -> ok lintwin tank 759.3 (+128.6) miss 1 km (1.3 s)
[07:10:21]     settle  6: 202 @    926 d -> ok lintwin tank 702.9 (+40.4) miss 75 km (0.8 s)
[07:10:21]     settle  5: 187 @    943 d -> ok lintwin tank 618.5 (+2.6) miss 0 km (0.3 s)
[07:10:22]     settle  4: 107 @    850 d -> FAIL [('lam', 59330478.5)] (4.7 s)
[07:10:22]     settle  4: 110 @    874 d -> ok lintwin tank 671.5 (+58.7) miss 73 km (0.3 s)
[07:10:22]     settle  5: 256 @    799 d -> ok lintwin tank 670.2 (+39.4) miss 81 km (0.6 s)
[07:10:22]     settle  5: 224 @    870 d -> ok lintwin tank 673.3 (+36.7) miss 81 km (1.8 s)
[07:10:22]     settle  4:  13 @    620 d -> FAIL [('lam', 8946610.9)] (4.2 s)
[07:10:22]     settle  7: 177 @   1021 d -> ok lintwin tank 724.5 (+21.6) miss 61 km (1.0 s)
[07:10:22]     settle  5: 234 @   1010 d -> ok lintwin tank 654.2 (+21.1) miss 68 km (1.0 s)
[07:10:22] RESULT s01_c6: 16 columns; frontier 1fb 7 kg p0/4 | 2fb 15 kg p0/3 | 3fb 37 kg p0/3 | 4fb 117 kg p3/3; settles 22 (22 ok), regrids 16 (16 ok); wall 81 s of 300 (plan 66, price 0, settle 15; budget hit None, 0 unsettled)
[07:10:23] RESULT s01_c5: 16 columns; frontier 1fb 4 kg p0/3 | 2fb 13 kg p0/2 | 3fb 16 kg p0/2; settles 17 (17 ok), regrids 16 (16 ok); wall 81 s of 300 (plan 73, price 0, settle 7; budget hit None, 0 unsettled)
[07:10:23]     settle  4: 121 @    767 d -> ok lintwin tank 632.0 (+19.2) miss 43 km (0.6 s)
[07:10:23]     settle  5: 136 @    651 d -> ok lintwin tank 660.8 (+24.2) miss 65 km (0.4 s)
[07:10:23]     settle  6: 183 @   1077 d -> ok lintwin tank 663.6 (+12.1) miss 32 km (0.7 s)
[07:10:23]     settle  5:  56 @    725 d -> ok lintwin tank 666.4 (+29.9) miss 7 km (0.3 s)
[07:10:23]     settle  5:  63 @    713 d -> ok lintwin tank 649.1 (+18.3) miss 7 km (0.3 s)
[07:10:23]     settle  4:  98 @    862 d -> ok lintwin tank 640.2 (+35.3) miss 0 km (1.1 s)
[07:10:24]     settle  6:  50 @    868 d -> ok lintwin tank 667.6 (+18.6) miss 40 km (0.3 s)
[07:10:24]     settle  5: 261 @    715 d -> ok lintwin tank 737.3 (+100.7) miss 63 km (1.2 s)
[07:10:24]   job s01_c5 craft columns  16  levels 11  settles 17/17  end plan_done  wall 80.6 s
[07:10:24]   job s01_c6 craft columns  16  levels 11  settles 22/22  end plan_done  wall 80.5 s
[07:10:25]     settle  4: 224 @    966 d -> ok lintwin tank 632.0 (+27.1) miss 86 km (1.0 s)
[07:10:25]     settle  6: 273 @    976 d -> ok lintwin tank 678.0 (+6.5) miss 0 km (1.3 s)
[07:10:25]     settle  4:  47 @    867 d -> ok lintwin tank 650.8 (+45.9) miss 60 km (0.8 s)
[07:10:26]     settle  5:  31 @    680 d -> ok lintwin tank 701.4 (+64.9) miss 71 km (1.3 s)
[07:10:26] plan: 1639 states, depth 13 new flybys, end plan_done (84 s); deepest 13 new to 2153 d at planner fuel 521 kg
[07:10:26]   depth  1:  123 states (112 in H), t_end 548-1185 d, fuel 70-173 kg
[07:10:26]   depth  2:  150 states (146 in H), t_end 697-1525 d, fuel 87-213 kg
[07:10:26]   depth  3:  150 states (42 in H), t_end 811-1286 d, fuel 130-242 kg
[07:10:26]   depth  4:  150 states (27 in H), t_end 874-1238 d, fuel 184-273 kg
[07:10:26]   depth  5:  150 states (2 in H), t_end 1035-1434 d, fuel 210-304 kg
[07:10:26]   depth  6:  150 states (0 in H), t_end 1146-1894 d, fuel 242-346 kg
[07:10:26]   depth  7:  150 states (0 in H), t_end 1231-2128 d, fuel 274-371 kg
[07:10:26]   depth  8:  150 states (0 in H), t_end 1388-2158 d, fuel 308-384 kg
[07:10:26]   depth  9:  150 states (0 in H), t_end 1547-2160 d, fuel 325-418 kg
[07:10:26]   depth 10:  111 states (0 in H), t_end 1672-2158 d, fuel 353-453 kg
[07:10:26]   depth 11:  150 states (0 in H), t_end 1853-2158 d, fuel 430-489 kg
[07:10:26]   depth 12:   51 states (0 in H), t_end 1968-2157 d, fuel 440-520 kg
[07:10:26]   depth 13:    4 states (0 in H), t_end 2084-2153 d, fuel 521-540 kg
[07:10:26] candidates: 212 distinct committed target sets (n_new 1-5, potential 0-4)
[07:10:26] frontier: 16 candidates chosen (n fb / committed planner kg / continuation (lookahead)): 1fb/76kg/p0(0), 1fb/78kg/p1(0), 1fb/102kg/p6(3), 1fb/116kg/p7(3), 1fb/136kg/p6(3), 2fb/87kg/p0(0), 2fb/92kg/p0(0), 2fb/163kg/p6(3), 3fb/172kg/p1(1), 3fb/176kg/p4(3), 3fb/192kg/p5(3), 4fb/201kg/p3(3), 4fb/206kg/p3(3), 4fb/223kg/p4(4), 5fb/269kg/p3(3), 5fb/289kg/p3(3)
[07:10:26] budget: 216 s of 300 left for the settles + regrids (settle_wall 480)
[07:10:26]     settle  4: 103 @    857 d -> ok lintwin tank 632.8 (+27.9) miss 4 km (0.7 s)
[07:10:26]     settle  6: 286 @    977 d -> ok lintwin tank 683.7 (+12.2) miss 1 km (1.3 s)
[07:10:27]     settle  5:  25 @   1004 d -> ok lintwin tank 645.5 (+20.5) miss 17 km (0.7 s)
[07:10:27]     settle  7: 195 @   1077 d -> ok lintwin tank 676.4 (+8.8) miss 3 km (0.4 s)
[07:10:27]   drift: leg 195@1077 d settled outside (T, T+H] -> column cut at 2
[07:10:27]     settle  5:  76 @    853 d -> ok lintwin tank 652.8 (+16.3) miss 64 km (1.1 s)
[07:10:27]     settle  4:  76 @    782 d -> FAIL [('lam', 4604677.6)] (3.9 s)
[07:10:27]     settle  6: 273 @    978 d -> ok lintwin tank 651.8 (+2.7) miss 13 km (0.1 s)
[07:10:27]     settle  4: 294 @    793 d -> ok lintwin tank 637.4 (+32.5) miss 9 km (0.7 s)
[07:10:27]     settle  5: 236 @    672 d -> ok lintwin tank 634.5 (+9.5) miss 81 km (0.3 s)
[07:10:27]     settle  7: 195 @   1075 d -> ok lintwin tank 656.9 (+5.1) miss 4 km (0.2 s)
[07:10:27]     settle  6: 266 @    936 d -> ok lintwin tank 662.9 (+10.1) miss 35 km (0.6 s)
[07:10:28]     settle  5: 294 @    651 d -> ok lintwin tank 656.1 (+31.1) miss 19 km (0.6 s)
[07:10:28]     settle  4: 240 @    667 d -> ok lintwin tank 648.0 (+43.2) miss 79 km (0.7 s)
[07:10:28]     settle  4:  81 @    787 d -> ok lintwin tank 649.5 (+36.7) miss 0 km (1.1 s)
[07:10:28]     settle  5: 216 @    576 d -> ok lintwin tank 645.1 (+20.1) miss 1 km (0.2 s)
[07:10:28]     settle  7: 195 @   1073 d -> ok lintwin tank 686.4 (+8.4) miss 70 km (1.0 s)
[07:10:29]     settle  5: 288 @    884 d -> ok lintwin tank 655.7 (+19.1) miss 4 km (0.9 s)
[07:10:29]   1 candidates dropped (settle failure / regrid failure / duplicate after truncation)
[07:10:29] RESULT s01_c3: 15 columns; frontier 1fb 5 kg p0/3 | 2fb 33 kg p0/3 | 3fb 26 kg p0/3; settles 18 (18 ok), regrids 15 (15 ok); wall 87 s of 300 (plan 74, price 0, settle 13; budget hit None, 0 unsettled)
[07:10:29]     settle  4:  42 @    762 d -> ok lintwin tank 639.6 (+34.8) miss 67 km (0.6 s)
[07:10:29]     settle  5: 189 @    589 d -> ok lintwin tank 647.2 (+22.2) miss 83 km (0.5 s)
[07:10:29]     settle  6: 266 @    932 d -> ok lintwin tank 669.3 (+13.6) miss 42 km (0.6 s)
[07:10:29]     settle  5: 107 @    810 d -> ok lintwin tank 639.2 (+14.2) miss 2 km (0.5 s)
[07:10:29]     settle  5: 296 @    987 d -> ok lintwin tank 609.7 (+2.9) miss 0 km (0.7 s)
[07:10:29]     settle  6: 190 @    875 d -> ok lintwin tank 639.8 (+0.7) miss 3 km (0.2 s)
[07:10:30]     settle  4: 187 @    925 d -> ok lintwin tank 692.0 (+79.2) miss 89 km (1.3 s)
[07:10:30]     settle  6: 190 @    871 d -> ok lintwin tank 637.2 (+2.7) miss 18 km (0.3 s)
[07:10:30]     settle  5: 222 @    890 d -> ok lintwin tank 607.3 (+0.9) miss 0 km (0.5 s)
[07:10:30]   job s01_c3 craft columns  15  levels 12  settles 18/18  end plan_done  wall 86.6 s
[07:10:30]     settle  5: 264 @   1034 d -> ok lintwin tank 647.7 (+14.9) miss 77 km (0.3 s)
[07:10:31]     settle  6: 143 @    923 d -> ok lintwin tank 743.3 (+36.1) miss 69 km (1.5 s)
[07:10:31]     settle  4: 237 @    630 d -> ok lintwin tank 606.4 (+1.5) miss 0 km (0.3 s)
[07:10:31]     settle  5: 289 @    755 d -> ok lintwin tank 616.5 (+10.2) miss 23 km (0.2 s)
[07:10:31]     settle  6: 178 @    727 d -> ok lintwin tank 654.3 (+9.2) miss 37 km (1.2 s)
[07:10:31]     settle  6: 222 @    888 d -> ok lintwin tank 622.0 (+5.5) miss 0 km (0.2 s)
[07:10:31]     settle  4: 224 @    820 d -> FAIL [('lam', 103032119.2)] (1.7 s)
[07:10:31]     settle  5: 173 @    631 d -> ok lintwin tank 661.6 (+25.1) miss 72 km (0.5 s)
[07:10:32]     settle  5:  68 @   1043 d -> ok lintwin tank 616.6 (+3.2) miss 16 km (0.1 s)
[07:10:32]     settle  5: 289 @    749 d -> ok lintwin tank 616.5 (+10.1) miss 0 km (0.2 s)
[07:10:32]     settle  5: 165 @    993 d -> ok lintwin tank 623.3 (+1.8) miss 2 km (0.1 s)
[07:10:32]     settle  7: 229 @    840 d -> ok lintwin tank 661.0 (+6.8) miss 8 km (0.4 s)
[07:10:32]     settle  6: 288 @    897 d -> ok lintwin tank 631.7 (+15.2) miss 1 km (0.3 s)
[07:10:32]     settle  6: 224 @    851 d -> ok lintwin tank 668.9 (+7.3) miss 70 km (0.7 s)
[07:10:33]     settle  5: 178 @    797 d -> ok lintwin tank 665.1 (+17.0) miss 59 km (0.6 s)
[07:10:33]     settle  6: 266 @    856 d -> ok lintwin tank 667.8 (+11.7) miss 72 km (0.7 s)
[07:10:33]     settle  6: 224 @    856 d -> ok lintwin tank 668.8 (+7.2) miss 68 km (1.0 s)
[07:10:33]     settle  7: 224 @    943 d -> ok lintwin tank 692.0 (+24.3) miss 55 km (0.5 s)
[07:10:34]     settle  6: 187 @    940 d -> ok lintwin tank 677.4 (+12.3) miss 79 km (0.9 s)
[07:10:34]   1 candidates dropped (settle failure / regrid failure / duplicate after truncation)
[07:10:34] RESULT s01_c4: 15 columns; frontier 1fb 2 kg p0/3 | 2fb 2 kg p0/3 | 3fb 17 kg p0/2; settles 21 (19 ok), regrids 15 (15 ok); wall 92 s of 300 (plan 75, price 0, settle 17; budget hit None, 0 unsettled)
[07:10:34]   job s01_c4 craft columns  15  levels 11  settles 19/21  end plan_done  wall 91.8 s
[07:10:35]     settle  7: 247 @   1000 d -> ok lintwin tank 678.1 (+9.2) miss 62 km (1.2 s)
[07:10:35]     settle  7: 107 @    816 d -> ok lintwin tank 660.1 (+5.8) miss 3 km (1.3 s)
[07:10:35] plan: 1826 states, depth 14 new flybys, end plan_done (93 s); deepest 14 new to 2149 d at planner fuel 492 kg
[07:10:35]   depth  1:  147 states (132 in H), t_end 545-1162 d, fuel 58-161 kg
[07:10:35]   depth  2:  150 states (108 in H), t_end 640-1516 d, fuel 89-204 kg
[07:10:35]   depth  3:  150 states (25 in H), t_end 923-1238 d, fuel 104-244 kg
[07:10:35]   depth  4:  150 states (2 in H), t_end 1057-1290 d, fuel 157-284 kg
[07:10:35]   depth  5:  150 states (0 in H), t_end 1195-1866 d, fuel 197-300 kg
[07:10:35]   depth  6:  150 states (0 in H), t_end 1319-2119 d, fuel 221-340 kg
[07:10:35]   depth  7:  150 states (0 in H), t_end 1390-2129 d, fuel 242-378 kg
[07:10:35]   depth  8:  150 states (0 in H), t_end 1496-2159 d, fuel 257-403 kg
[07:10:35]   depth  9:  150 states (0 in H), t_end 1585-2126 d, fuel 284-442 kg
[07:10:35]   depth 10:  150 states (0 in H), t_end 1740-2141 d, fuel 325-437 kg
[07:10:35]   depth 11:  150 states (0 in H), t_end 1883-2145 d, fuel 347-463 kg
[07:10:35]   depth 12:  150 states (0 in H), t_end 1953-2148 d, fuel 366-499 kg
[07:10:35]   depth 13:   28 states (0 in H), t_end 2076-2159 d, fuel 470-508 kg
[07:10:35]   depth 14:    1 states (0 in H), t_end 2149-2149 d, fuel 492-492 kg
[07:10:35] candidates: 165 distinct committed target sets (n_new 1-4, potential 0-4)
[07:10:35] frontier: 16 candidates chosen (n fb / committed planner kg / continuation (lookahead)): 1fb/58kg/p1(0), 1fb/59kg/p1(0), 1fb/61kg/p4(2), 1fb/82kg/p4(3), 1fb/82kg/p4(3), 1fb/111kg/p4(3), 1fb/120kg/p5(3), 1fb/143kg/p6(4), 2fb/89kg/p0(0), 2fb/90kg/p0(0), 2fb/145kg/p5(4), 3fb/123kg/p2(2), 3fb/156kg/p1(1), 3fb/185kg/p4(4), 4fb/198kg/p2(2), 4fb/241kg/p2(2)
[07:10:35] budget: 207 s of 300 left for the settles + regrids (settle_wall 480)
[07:10:35]     settle  4:  71 @    583 d -> ok lintwin tank 624.4 (+4.7) miss 0 km (0.2 s)
[07:10:36]     settle  4: 207 @    661 d -> ok lintwin tank 624.1 (+4.4) miss 0 km (0.2 s)
[07:10:36]     settle  4: 111 @    606 d -> ok lintwin tank 628.2 (+8.5) miss 5 km (0.2 s)
[07:10:36]     settle  6:  10 @    880 d -> ok lintwin tank 705.1 (+3.7) miss 0 km (1.5 s)
[07:10:37]     settle  7: 280 @    973 d -> ok lintwin tank 668.3 (+14.1) miss 3 km (0.8 s)
[07:10:37]     settle  4: 135 @    731 d -> ok lintwin tank 633.7 (+14.0) miss 84 km (0.9 s)
[07:10:37]     settle  8: 164 @   1035 d -> ok lintwin tank 671.4 (+3.1) miss 8 km (0.4 s)
[07:10:37]     settle  4:  97 @    682 d -> ok lintwin tank 649.2 (+29.5) miss 15 km (0.4 s)
[07:10:37]     settle  7: 194 @   1051 d -> ok lintwin tank 707.2 (+2.1) miss 72 km (1.2 s)
[07:10:38]     settle  4:  85 @    683 d -> ok lintwin tank 650.7 (+30.9) miss 32 km (0.3 s)
[07:10:38]     settle  5: 233 @    658 d -> ok lintwin tank 641.2 (+16.2) miss 4 km (0.7 s)
[07:10:38]     settle  5: 224 @    916 d -> FAIL [('lam', 217866.3), ('lin', 58335.8)] (6.1 s)
[07:10:38]     settle  6:  97 @    697 d -> ok lintwin tank 645.7 (+4.5) miss 11 km (0.2 s)
[07:10:38]     settle  4: 110 @    866 d -> ok lintwin tank 657.5 (+37.7) miss 65 km (0.4 s)
[07:10:38]     settle  6:  59 @    805 d -> ok lintwin tank 700.2 (+39.4) miss 57 km (0.6 s)
[07:10:38]     settle  7: 224 @    947 d -> ok lintwin tank 651.5 (+5.8) miss 15 km (0.2 s)
[07:10:38]     settle  4: 103 @    749 d -> ok lintwin tank 653.1 (+40.3) miss 78 km (0.4 s)
[07:10:39]     settle  4: 192 @    587 d -> ok lintwin tank 660.9 (+41.1) miss 74 km (0.5 s)
[07:10:39]     settle  8: 273 @   1040 d -> ok lintwin tank 657.9 (+6.4) miss 82 km (0.5 s)
[07:10:39]     settle  5: 135 @    733 d -> ok lintwin tank 634.5 (+10.1) miss 2 km (0.1 s)
[07:10:39]     settle  5: 163 @    922 d -> ok lintwin tank 660.4 (+7.2) miss 99 km (0.6 s)
[07:10:39]     settle  8: 190 @    874 d -> ok lintwin tank 667.1 (+7.0) miss 11 km (0.1 s)
[07:10:39]     settle  7: 187 @    955 d -> ok lintwin tank 703.7 (+3.6) miss 76 km (0.9 s)
[07:10:39]     settle  5:  81 @    801 d -> ok lintwin tank 634.0 (+9.5) miss 2 km (0.2 s)
[07:10:39]     settle  6: 264 @   1021 d -> ok lintwin tank 665.8 (+5.4) miss 35 km (0.3 s)
[07:10:40]     settle  5:  49 @    821 d -> ok lintwin tank 661.8 (+0.9) miss 11 km (0.2 s)
[07:10:40]   6 candidates dropped (settle failure / regrid failure / duplicate after truncation)
[07:10:40] RESULT s01_c7: 10 columns; frontier 1fb 1 kg p0/3 | 2fb 4 kg p0/0 | 3fb 53 kg p0/0; settles 19 (12 ok), regrids 10 (10 ok); wall 98 s of 300 (plan 74, price 0, settle 24; budget hit None, 0 unsettled)
[07:10:40]     settle  5: 224 @    936 d -> ok lintwin tank 642.7 (+14.5) miss 59 km (0.3 s)
[07:10:40]     settle  6: 178 @    797 d -> ok lintwin tank 725.6 (+24.2) miss 59 km (0.8 s)
[07:10:40]   job s01_c7 craft columns  10  levels 12  settles 12/19  end plan_done  wall 98.0 s
[07:10:40]     settle  6: 146 @   1075 d -> ok lintwin tank 644.7 (+2.0) miss 12 km (0.4 s)
[07:10:41]     settle  7: 107 @    811 d -> ok lintwin tank 660.1 (+5.8) miss 15 km (1.3 s)
[07:10:41]     settle  7: 143 @    927 d -> ok lintwin tank 741.0 (+15.4) miss 77 km (0.8 s)
[07:10:41]     settle  5: 224 @    943 d -> ok lintwin tank 654.2 (+3.5) miss 3 km (0.4 s)
[07:10:41]     settle  8: 280 @    973 d -> ok lintwin tank 670.0 (+10.0) miss 10 km (0.4 s)
[07:10:41]     settle  9: 164 @   1035 d -> ok lintwin tank 674.1 (+4.1) miss 2 km (0.2 s)
[07:10:41]     settle  6: 241 @   1058 d -> ok lintwin tank 663.7 (+9.5) miss 63 km (0.4 s)
[07:10:41]     settle  8: 288 @    881 d -> ok lintwin tank 662.7 (+2.6) miss 12 km (0.1 s)
[07:10:42]     settle  6: 183 @   1067 d -> ok lintwin tank 672.3 (+10.5) miss 69 km (0.4 s)
[07:10:42]     settle  9: 210 @   1068 d -> ok lintwin tank 680.9 (+18.2) miss 3 km (0.4 s)
[07:10:42] RESULT s01_c0: 16 columns; frontier 1fb 9 kg p0/3 | 2fb 12 kg p0/3 | 3fb 35 kg p3/3 | 4fb 33 kg p3/4 | 5fb 49 kg p3/3; settles 25 (25 ok), regrids 16 (16 ok); wall 100 s of 300 (plan 84, price 0, settle 16; budget hit None, 0 unsettled)
[07:10:42]   job s01_c0 craft columns  16  levels 13  settles 25/25  end plan_done  wall 100.1 s
[07:10:43]     settle  5: 101 @    834 d -> ok lintwin tank 671.8 (+10.9) miss 70 km (0.5 s)
[07:10:43]     settle  8:  68 @   1061 d -> ok lintwin tank 770.9 (+30.0) miss 84 km (1.8 s)
[07:10:43]     settle  6: 299 @    928 d -> ok lintwin tank 684.0 (+12.3) miss 30 km (0.2 s)
[07:10:44] RESULT s01_c1: 16 columns; frontier 1fb 1 kg p0/3 | 2fb 26 kg p0/2 | 3fb 41 kg p1/2 | 4fb 134 kg p1/1; settles 24 (24 ok), regrids 16 (16 ok); wall 102 s of 300 (plan 76, price 0, settle 25; budget hit None, 0 unsettled)
[07:10:44]     settle  7:  80 @   1057 d -> ok lintwin tank 692.8 (+8.7) miss 67 km (0.9 s)
[07:10:44]   job s01_c1 craft columns  16  levels 11  settles 24/24  end plan_done  wall 101.7 s
[07:10:44]     settle  5: 101 @    837 d -> ok lintwin tank 671.6 (+10.7) miss 75 km (0.7 s)
[07:10:45]     settle  6: 299 @    932 d -> ok lintwin tank 684.4 (+12.8) miss 63 km (0.3 s)
[07:10:46]     settle  7: 183 @   1068 d -> ok lintwin tank 704.8 (+20.4) miss 1 km (0.7 s)
[07:10:46] RESULT s01_c2: 16 columns; frontier 1fb 4 kg p0/4 | 2fb 14 kg p0/4 | 3fb 25 kg p2/4 | 4fb 73 kg p2/2; settles 22 (22 ok), regrids 16 (16 ok); wall 104 s of 300 (plan 93, price 0, settle 11; budget hit None, 0 unsettled)
[07:10:46]   job s01_c2 craft columns  16  levels 14  settles 22/22  end plan_done  wall 103.8 s
[07:10:46] [slice 1] propose: 120 columns (0 bad dropped) in 104.4 s
[07:10:46] [slice 1] auction: 120 columns, kept 119, dropped {'ramp': 1}; lam 1.00 H_eff 540 d fuel budget 482 kg quota on
[07:10:46] [slice 1] auction: status optimal objective 30.003 vars 119 rows 61 chosen 8 fuel 422/482 kg (0.014 s)
[07:10:48] [slice 1 T=540 d] launched 8/8  covered 54  remaining 244  fuel 561 kg  sumJi 8.4251  chosen: c0:5(+49) c1:3(+41) c2:4(+73) c3:3(+56) c4:3(+17) c5:3(+16) c6:4(+117) c7:3(+53)  rejected: -  (wall 106 s)
[07:10:48] [slice 2 T=1080 d] propose: 8 jobs (8 craft, 0 root) on 9 workers, proposer planbeam, H_eff 540 d, lam 1.0
[07:10:48] job s02_c2 (craft, craft 2, planbeam): T 1080 d H 540 L 360; plan horizon 2700 d; remaining 244; prize >1 on 27; width 150 npt 6 mc 150 dv 1.2 drmax 0.15 plan_wall 240 s; quota {'fil': 9, 'med': 17}
[07:10:48] job s02_c0 (craft, craft 0, planbeam): T 1080 d H 540 L 360; plan horizon 2700 d; remaining 244; prize >1 on 27; width 150 npt 6 mc 150 dv 1.2 drmax 0.15 plan_wall 240 s; quota {'fil': 8, 'med': 16}
[07:10:48] job s02_c1 (craft, craft 1, planbeam): T 1080 d H 540 L 360; plan horizon 2700 d; remaining 244; prize >1 on 27; width 150 npt 6 mc 150 dv 1.2 drmax 0.15 plan_wall 240 s; quota {'fil': 10, 'med': 15}
[07:10:48] job s02_c3 (craft, craft 3, planbeam): T 1080 d H 540 L 360; plan horizon 2700 d; remaining 244; prize >1 on 27; width 150 npt 6 mc 150 dv 1.2 drmax 0.15 plan_wall 240 s; quota {'fil': 7, 'med': 18}
[07:10:48] job s02_c4 (craft, craft 4, planbeam): T 1080 d H 540 L 360; plan horizon 2700 d; remaining 244; prize >1 on 27; width 150 npt 6 mc 150 dv 1.2 drmax 0.15 plan_wall 240 s; quota {'fil': 8, 'med': 16}
[07:10:48] job s02_c5 (craft, craft 5, planbeam): T 1080 d H 540 L 360; plan horizon 2700 d; remaining 244; prize >1 on 27; width 150 npt 6 mc 150 dv 1.2 drmax 0.15 plan_wall 240 s; quota {'fil': 11, 'med': 16}
[07:10:48] job s02_c6 (craft, craft 6, planbeam): T 1080 d H 540 L 360; plan horizon 2700 d; remaining 244; prize >1 on 27; width 150 npt 6 mc 150 dv 1.2 drmax 0.15 plan_wall 240 s; quota {'fil': 8, 'med': 16}
[07:10:48] job s02_c7 (craft, craft 7, planbeam): T 1080 d H 540 L 360; plan horizon 2700 d; remaining 244; prize >1 on 27; width 150 npt 6 mc 150 dv 1.2 drmax 0.15 plan_wall 240 s; quota {'fil': 9, 'med': 17}
[07:10:48] prefix slices/s02/in/craft_5.npz: 5 flybys, t_end 942.4 d, tank 617.8 kg (planner view), miss 0.2 km, nreg 42
[07:10:48] budget: job_wall 300 s, 300 s left before the plan -> plan cap 210 s (plan_wall 240, settle_reserve 90)
[07:10:48] prefix slices/s02/in/craft_7.npz: 6 flybys, t_end 1021.7 d, tank 665.7 kg (planner view), miss 99.7 km, nreg 41
[07:10:48] prefix slices/s02/in/craft_4.npz: 6 flybys, t_end 888.0 d, tank 622.0 kg (planner view), miss 0.0 km, nreg 40
[07:10:48] budget: job_wall 300 s, 300 s left before the plan -> plan cap 210 s (plan_wall 240, settle_reserve 90)
[07:10:48] budget: job_wall 300 s, 300 s left before the plan -> plan cap 210 s (plan_wall 240, settle_reserve 90)
[07:10:48] prefix slices/s02/in/craft_6.npz: 7 flybys, t_end 1015.7 d, tank 724.4 kg (planner view), miss 1.8 km, nreg 44
[07:10:48] prefix slices/s02/in/craft_2.npz: 7 flybys, t_end 1057.9 d, tank 692.6 kg (planner view), miss 0.2 km, nreg 52
[07:10:48] budget: job_wall 300 s, 300 s left before the plan -> plan cap 210 s (plan_wall 240, settle_reserve 90)
[07:10:48] budget: job_wall 300 s, 300 s left before the plan -> plan cap 210 s (plan_wall 240, settle_reserve 90)
[07:10:48] prefix slices/s02/in/craft_3.npz: 7 flybys, t_end 1071.1 d, tank 686.4 kg (planner view), miss 98.4 km, nreg 52
[07:10:48] prefix slices/s02/in/craft_1.npz: 7 flybys, t_end 998.5 d, tank 677.9 kg (planner view), miss 0.1 km, nreg 52
[07:10:48] budget: job_wall 300 s, 300 s left before the plan -> plan cap 210 s (plan_wall 240, settle_reserve 90)
[07:10:48] budget: job_wall 300 s, 300 s left before the plan -> plan cap 210 s (plan_wall 240, settle_reserve 90)
[07:10:48] prefix slices/s02/in/craft_0.npz: 9 flybys, t_end 1034.6 d, tank 674.0 kg (planner view), miss 0.1 km, nreg 54
[07:10:48] budget: job_wall 300 s, 300 s left before the plan -> plan cap 210 s (plan_wall 240, settle_reserve 90)
[07:10:55] first level (both): 0 production + 86 relaxed (dv 2.5, 0.3 AU; 0.1 s) + 86 lintwin children -> 133 unique (6.5 s)
[07:10:55] plan start: prefix 5 flybys, t_end 942.4 d, planner mass 1557.9 kg (dv 1.046 km/s); 133 first-level states
[07:10:55] first level (both): 0 production + 5 relaxed (dv 2.5, 0.3 AU; 0.0 s) + 75 lintwin children -> 78 unique (6.8 s)
[07:10:55] plan start: prefix 6 flybys, t_end 1021.7 d, planner mass 1445.8 kg (dv 3.976 km/s); 78 first-level states
[07:10:56] first level (both): 0 production + 92 relaxed (dv 2.5, 0.3 AU; 0.1 s) + 86 lintwin children -> 140 unique (7.3 s)
[07:10:56] plan start: prefix 7 flybys, t_end 1015.7 d, planner mass 1328.5 kg (dv 7.294 km/s); 140 first-level states
[07:10:56] first level (both): 0 production + 121 relaxed (dv 2.5, 0.3 AU; 0.1 s) + 89 lintwin children -> 147 unique (7.4 s)
[07:10:56] plan start: prefix 7 flybys, t_end 1057.9 d, planner mass 1389.5 kg (dv 5.534 km/s); 147 first-level states
[07:10:56] first level (both): 0 production + 73 relaxed (dv 2.5, 0.3 AU; 0.1 s) + 95 lintwin children -> 147 unique (7.5 s)
[07:10:56] plan start: prefix 6 flybys, t_end 888.0 d, planner mass 1547.3 kg (dv 1.313 km/s); 147 first-level states
[07:10:56] first level (both): 0 production + 48 relaxed (dv 2.5, 0.3 AU; 0.1 s) + 81 lintwin children -> 99 unique (7.8 s)
[07:10:56] plan start: prefix 7 flybys, t_end 1071.1 d, planner mass 1402.2 kg (dv 5.177 km/s); 99 first-level states
[07:10:57] first level (both): 0 production + 59 relaxed (dv 2.5, 0.3 AU; 0.1 s) + 76 lintwin children -> 112 unique (8.2 s)
[07:10:57] plan start: prefix 7 flybys, t_end 998.5 d, planner mass 1419.6 kg (dv 4.691 km/s); 112 first-level states
[07:10:57] first level (both): 0 production + 64 relaxed (dv 2.5, 0.3 AU; 0.1 s) + 93 lintwin children -> 122 unique (8.4 s)
[07:10:57] plan start: prefix 9 flybys, t_end 1034.6 d, planner mass 1427.8 kg (dv 4.467 km/s); 122 first-level states
[07:11:45] plan: 1140 states, depth 10 new flybys, end plan_done (56 s); deepest 10 new to 2676 d at planner fuel 402 kg
[07:11:45]   depth  1:   78 states (64 in H), t_end 1109-1689 d, fuel 163-260 kg
[07:11:45]   depth  2:  150 states (53 in H), t_end 1354-1804 d, fuel 192-308 kg
[07:11:45]   depth  3:  150 states (10 in H), t_end 1498-2352 d, fuel 227-328 kg
[07:11:45]   depth  4:  150 states (0 in H), t_end 1633-2585 d, fuel 246-352 kg
[07:11:45]   depth  5:  150 states (0 in H), t_end 1773-2683 d, fuel 256-368 kg
[07:11:45]   depth  6:  150 states (0 in H), t_end 2130-2700 d, fuel 286-381 kg
[07:11:45]   depth  7:  150 states (0 in H), t_end 2243-2700 d, fuel 336-422 kg
[07:11:45]   depth  8:   88 states (0 in H), t_end 2388-2700 d, fuel 364-456 kg
[07:11:45]   depth  9:   56 states (0 in H), t_end 2481-2700 d, fuel 384-492 kg
[07:11:45]   depth 10:   18 states (0 in H), t_end 2606-2700 d, fuel 402-499 kg
[07:11:45] candidates: 99 distinct committed target sets (n_new 1-3, potential 0-3)
[07:11:45] frontier: 16 candidates chosen (n fb / committed planner kg / continuation (lookahead)): 1fb/182kg/p4(2), 1fb/187kg/p3(2), 1fb/187kg/p1(1), 1fb/195kg/p3(2), 1fb/197kg/p3(2), 1fb/200kg/p3(2), 1fb/202kg/p3(2), 1fb/205kg/p4(2), 1fb/219kg/p3(2), 1fb/231kg/p3(1), 2fb/192kg/p2(2), 2fb/211kg/p1(1), 2fb/227kg/p3(2), 3fb/238kg/p2(2), 3fb/263kg/p2(2), 3fb/263kg/p2(2)
[07:11:45] budget: 244 s of 300 left for the settles + regrids (settle_wall 480)
[07:11:46]     settle  7: 248 @   1157 d -> ok lintwin tank 740.4 (+74.8) miss 75 km (1.4 s)
[07:11:47]     settle  7: 142 @   1354 d -> ok lintwin tank 689.3 (+23.6) miss 70 km (1.1 s)
[07:11:49]     settle  7: 191 @   1551 d -> ok lintwin tank 680.2 (+14.5) miss 0 km (2.0 s)
[07:11:51]     settle  7:  30 @   1480 d -> ok lintwin tank 704.5 (+38.9) miss 72 km (1.4 s)
[07:11:53] plan: 1278 states, depth 11 new flybys, end plan_done (64 s); deepest 11 new to 2700 d at planner fuel 539 kg
[07:11:53]   depth  1:   99 states (82 in H), t_end 1148-1716 d, fuel 208-304 kg
[07:11:53]   depth  2:  150 states (137 in H), t_end 1225-2018 d, fuel 220-341 kg
[07:11:53]   depth  3:  150 states (20 in H), t_end 1365-2314 d, fuel 250-364 kg
[07:11:53]   depth  4:  150 states (0 in H), t_end 1700-2615 d, fuel 274-397 kg
[07:11:53]   depth  5:  150 states (0 in H), t_end 1847-2695 d, fuel 301-432 kg
[07:11:53]   depth  6:  150 states (0 in H), t_end 1993-2700 d, fuel 317-457 kg
[07:11:53]   depth  7:  150 states (0 in H), t_end 2084-2700 d, fuel 337-485 kg
[07:11:53]   depth  8:  150 states (0 in H), t_end 2225-2700 d, fuel 380-518 kg
[07:11:53]   depth  9:  103 states (0 in H), t_end 2334-2700 d, fuel 450-528 kg
[07:11:53]   depth 10:   23 states (0 in H), t_end 2504-2699 d, fuel 489-557 kg
[07:11:53]   depth 11:    3 states (0 in H), t_end 2640-2700 d, fuel 539-572 kg
[07:11:53] candidates: 146 distinct committed target sets (n_new 1-3, potential 0-2)
[07:11:53] frontier: 16 candidates chosen (n fb / committed planner kg / continuation (lookahead)): 1fb/208kg/p1(0), 1fb/211kg/p1(1), 1fb/216kg/p3(2), 1fb/217kg/p3(2), 1fb/265kg/p3(2), 1fb/270kg/p3(2), 1fb/275kg/p4(2), 1fb/275kg/p3(2), 1fb/276kg/p3(2), 1fb/277kg/p3(2), 2fb/220kg/p0(0), 2fb/220kg/p0(0), 2fb/314kg/p3(2), 3fb/254kg/p0(0), 3fb/273kg/p0(0), 3fb/321kg/p2(2)
[07:11:53] budget: 236 s of 300 left for the settles + regrids (settle_wall 480)
[07:11:53]     settle  8: 155 @   1193 d -> ok lintwin tank 692.6 (+6.2) miss 90 km (0.2 s)
[07:11:54]     settle  8:  95 @   1493 d -> ok lintwin tank 691.8 (+5.4) miss 10 km (0.6 s)
[07:11:54]     settle  7: 198 @   1492 d -> ok lintwin tank 713.0 (+47.3) miss 0 km (2.5 s)
[07:11:55]     settle  8: 250 @   1363 d -> ok lintwin tank 692.4 (+6.1) miss 65 km (0.6 s)
[07:11:55] plan: 1350 states, depth 10 new flybys, end plan_done (66 s); deepest 10 new to 2619 d at planner fuel 290 kg
[07:11:55]   depth  1:  133 states (122 in H), t_end 1117-1744 d, fuel 47-157 kg
[07:11:55]   depth  2:  150 states (96 in H), t_end 1367-1892 d, fuel 56-191 kg
[07:11:55]   depth  3:  150 states (26 in H), t_end 1493-1875 d, fuel 64-222 kg
[07:11:55]   depth  4:  150 states (4 in H), t_end 1583-2003 d, fuel 88-258 kg
[07:11:55]   depth  5:  150 states (0 in H), t_end 1673-2482 d, fuel 133-284 kg
[07:11:55]   depth  6:  150 states (0 in H), t_end 1746-2696 d, fuel 201-295 kg
[07:11:55]   depth  7:  150 states (0 in H), t_end 2264-2700 d, fuel 232-326 kg
[07:11:55]   depth  8:  150 states (0 in H), t_end 2409-2697 d, fuel 256-371 kg
[07:11:55]   depth  9:  147 states (0 in H), t_end 2504-2699 d, fuel 275-409 kg
[07:11:55]   depth 10:   20 states (0 in H), t_end 2614-2686 d, fuel 290-421 kg
[07:11:55] candidates: 152 distinct committed target sets (n_new 1-4, potential 0-3)
[07:11:55] frontier: 16 candidates chosen (n fb / committed planner kg / continuation (lookahead)): 1fb/48kg/p0(0), 1fb/50kg/p4(2), 1fb/56kg/p4(3), 1fb/79kg/p4(2), 1fb/80kg/p5(3), 1fb/88kg/p5(3), 1fb/95kg/p5(3), 1fb/105kg/p5(2), 2fb/56kg/p3(2), 2fb/66kg/p1(1), 2fb/120kg/p4(3), 3fb/77kg/p2(2), 3fb/101kg/p2(2), 3fb/150kg/p3(3), 4fb/180kg/p2(2), 4fb/183kg/p2(2)
[07:11:55] budget: 234 s of 300 left for the settles + regrids (settle_wall 480)
[07:11:55] plan: 1291 states, depth 10 new flybys, end plan_done (67 s); deepest 10 new to 2645 d at planner fuel 418 kg
[07:11:55]   depth  1:  122 states (104 in H), t_end 1087-1731 d, fuel 176-271 kg
[07:11:55]   depth  2:  150 states (106 in H), t_end 1252-2092 d, fuel 190-314 kg
[07:11:55]   depth  3:  150 states (55 in H), t_end 1373-2360 d, fuel 206-337 kg
[07:11:55]   depth  4:  150 states (1 in H), t_end 1604-2354 d, fuel 284-363 kg
[07:11:55]   depth  5:  150 states (0 in H), t_end 1782-2685 d, fuel 299-400 kg
[07:11:55]   depth  6:  150 states (0 in H), t_end 1991-2694 d, fuel 331-421 kg
[07:11:55]   depth  7:  150 states (0 in H), t_end 2221-2699 d, fuel 351-456 kg
[07:11:55]   depth  8:  150 states (0 in H), t_end 2436-2697 d, fuel 355-477 kg
[07:11:55]   depth  9:  113 states (0 in H), t_end 2553-2698 d, fuel 393-502 kg
[07:11:55]   depth 10:    6 states (0 in H), t_end 2637-2652 d, fuel 418-443 kg
[07:11:55] candidates: 171 distinct committed target sets (n_new 1-4, potential 0-2)
[07:11:55] frontier: 16 candidates chosen (n fb / committed planner kg / continuation (lookahead)): 1fb/176kg/p2(0), 1fb/178kg/p0(0), 1fb/182kg/p2(0), 1fb/209kg/p4(1), 1fb/216kg/p4(2), 1fb/224kg/p3(2), 1fb/247kg/p3(2), 1fb/252kg/p4(2), 2fb/190kg/p1(0), 2fb/196kg/p0(0), 2fb/237kg/p3(1), 2fb/247kg/p3(2), 3fb/206kg/p0(0), 3fb/218kg/p0(0), 3fb/270kg/p2(1), 4fb/300kg/p1(1)
[07:11:55] budget: 233 s of 300 left for the settles + regrids (settle_wall 480)
[07:11:55]     settle 10: 123 @   1330 d -> ok lintwin tank 676.1 (+2.1) miss 3 km (0.2 s)
[07:11:56]     settle  6: 194 @   1587 d -> ok lintwin tank 623.4 (+5.6) miss 2 km (0.6 s)
[07:11:56]     settle  7: 183 @   1303 d -> ok lintwin tank 693.2 (+27.6) miss 97 km (1.4 s)
[07:11:56]     settle 10: 235 @   1493 d -> ok lintwin tank 677.8 (+3.8) miss 13 km (0.2 s)
[07:11:56]     settle  6: 231 @   1226 d -> ok lintwin tank 620.7 (+3.0) miss 1 km (0.3 s)
[07:11:56]     settle  8: 292 @   1389 d -> ok lintwin tank 734.9 (+48.6) miss 82 km (1.6 s)
[07:11:56]     settle 10:  35 @   1170 d -> ok lintwin tank 677.6 (+3.5) miss 17 km (0.3 s)
[07:11:57]     settle  6:  42 @   1288 d -> ok lintwin tank 626.0 (+8.2) miss 1 km (0.4 s)
[07:11:57]     settle  7:   9 @   1303 d -> ok lintwin tank 692.3 (+26.6) miss 68 km (0.7 s)
[07:11:57]     settle 10: 252 @   1164 d -> ok lintwin tank 692.3 (+18.2) miss 9 km (0.2 s)
[07:11:57]     settle  6: 238 @   1288 d -> ok lintwin tank 633.0 (+15.2) miss 1 km (0.4 s)
[07:11:58]     settle  6:  12 @   1190 d -> ok lintwin tank 629.7 (+12.0) miss 8 km (0.3 s)
[07:11:58] plan: 1333 states, depth 10 new flybys, end plan_done (69 s); deepest 10 new to 2683 d at planner fuel 466 kg
[07:11:58]   depth  1:  112 states (101 in H), t_end 1200-1799 d, fuel 187-285 kg
[07:11:58]   depth  2:  150 states (123 in H), t_end 1338-2082 d, fuel 224-315 kg
[07:11:58]   depth  3:  150 states (19 in H), t_end 1446-2362 d, fuel 246-350 kg
[07:11:58]   depth  4:  150 states (0 in H), t_end 1707-2692 d, fuel 282-395 kg
[07:11:58]   depth  5:  150 states (0 in H), t_end 1892-2697 d, fuel 306-429 kg
[07:11:58]   depth  6:  150 states (0 in H), t_end 2027-2700 d, fuel 343-464 kg
[07:11:58]   depth  7:  150 states (0 in H), t_end 2218-2700 d, fuel 381-498 kg
[07:11:58]   depth  8:  150 states (0 in H), t_end 2323-2698 d, fuel 403-532 kg
[07:11:58]   depth  9:  143 states (0 in H), t_end 2410-2700 d, fuel 443-554 kg
[07:11:58]   depth 10:   28 states (0 in H), t_end 2578-2695 d, fuel 466-548 kg
[07:11:58] candidates: 139 distinct committed target sets (n_new 1-3, potential 0-2)
[07:11:58] frontier: 16 candidates chosen (n fb / committed planner kg / continuation (lookahead)): 1fb/187kg/p0(0), 1fb/190kg/p0(0), 1fb/210kg/p2(0), 1fb/213kg/p2(0), 1fb/230kg/p2(0), 1fb/231kg/p2(2), 1fb/242kg/p3(1), 1fb/274kg/p4(2), 1fb/276kg/p3(2), 1fb/285kg/p3(2), 2fb/224kg/p0(0), 2fb/233kg/p0(0), 2fb/282kg/p3(2), 3fb/246kg/p0(0), 3fb/262kg/p0(0), 3fb/324kg/p2(2)
[07:11:58] budget: 231 s of 300 left for the settles + regrids (settle_wall 480)
[07:11:58]     settle  8:  70 @   1489 d -> ok lintwin tank 680.8 (+2.9) miss 47 km (0.2 s)
[07:11:58]     settle  8: 203 @   1238 d -> ok lintwin tank 709.9 (+23.6) miss 73 km (1.3 s)
[07:11:58]     settle  6: 185 @   1202 d -> ok lintwin tank 636.7 (+18.9) miss 4 km (0.4 s)
[07:11:59]     settle 10: 140 @   1367 d -> ok lintwin tank 754.3 (+80.2) miss 67 km (1.5 s)
[07:11:59]     settle  6:  24 @   1144 d -> ok lintwin tank 651.4 (+33.7) miss 4 km (0.7 s)
[07:11:59]     settle  7: 240 @   1307 d -> ok lintwin tank 697.1 (+31.5) miss 10 km (2.2 s)
[07:11:59]     settle  8: 102 @   1514 d -> ok lintwin tank 686.4 (+8.5) miss 38 km (0.7 s)
[07:12:00]     settle  6: 210 @   1208 d -> ok lintwin tank 627.7 (+9.9) miss 3 km (0.3 s)
[07:12:00]     settle 10: 108 @   1284 d -> ok lintwin tank 726.7 (+52.6) miss 67 km (0.8 s)
[07:12:00]     settle  7: 138 @   1442 d -> ok lintwin tank 621.2 (+0.4) miss 2 km (0.2 s)
[07:12:00]     settle  8: 207 @   1371 d -> ok lintwin tank 701.7 (+15.3) miss 72 km (1.9 s)
[07:12:00]     settle  8: 149 @   1242 d -> ok lintwin tank 689.2 (+11.2) miss 17 km (0.5 s)
[07:12:00]     settle  6: 138 @   1442 d -> ok lintwin tank 621.0 (+3.3) miss 9 km (0.4 s)
[07:12:01] plan: 1458 states, depth 11 new flybys, end plan_done (72 s); deepest 11 new to 2690 d at planner fuel 367 kg
[07:12:01]   depth  1:  147 states (133 in H), t_end 1092-1762 d, fuel 55-165 kg
[07:12:01]   depth  2:  150 states (113 in H), t_end 1182-1999 d, fuel 70-213 kg
[07:12:01]   depth  3:  150 states (45 in H), t_end 1370-2358 d, fuel 158-254 kg
[07:12:01]   depth  4:  150 states (5 in H), t_end 1497-2432 d, fuel 165-279 kg
[07:12:01]   depth  5:  150 states (0 in H), t_end 1655-2695 d, fuel 176-320 kg
[07:12:01]   depth  6:  150 states (0 in H), t_end 1835-2657 d, fuel 196-364 kg
[07:12:01]   depth  7:  150 states (0 in H), t_end 1941-2691 d, fuel 217-390 kg
[07:12:01]   depth  8:  150 states (0 in H), t_end 2253-2697 d, fuel 256-354 kg
[07:12:01]   depth  9:  150 states (0 in H), t_end 2325-2696 d, fuel 276-392 kg
[07:12:01]   depth 10:  100 states (0 in H), t_end 2518-2699 d, fuel 312-418 kg
[07:12:01]   depth 11:   11 states (0 in H), t_end 2658-2692 d, fuel 367-411 kg
[07:12:01] candidates: 156 distinct committed target sets (n_new 1-4, potential 0-4)
[07:12:01] frontier: 16 candidates chosen (n fb / committed planner kg / continuation (lookahead)): 1fb/55kg/p1(0), 1fb/57kg/p0(0), 1fb/119kg/p5(3), 1fb/125kg/p5(3), 1fb/128kg/p5(3), 1fb/133kg/p5(3), 1fb/142kg/p6(3), 2fb/70kg/p0(0), 2fb/99kg/p0(0), 2fb/193kg/p5(3), 3fb/162kg/p3(3), 3fb/162kg/p3(3), 3fb/240kg/p4(3), 4fb/255kg/p2(2), 4fb/265kg/p2(2), 4fb/266kg/p3(3)
[07:12:01] budget: 228 s of 300 left for the settles + regrids (settle_wall 480)
[07:12:01] plan: 1383 states, depth 11 new flybys, end plan_done (72 s); deepest 11 new to 2683 d at planner fuel 497 kg
[07:12:01]   depth  1:  147 states (131 in H), t_end 1102-1705 d, fuel 212-313 kg
[07:12:01]   depth  2:  150 states (80 in H), t_end 1198-2047 d, fuel 220-347 kg
[07:12:01]   depth  3:  150 states (11 in H), t_end 1583-2363 d, fuel 254-385 kg
[07:12:01]   depth  4:  150 states (0 in H), t_end 1733-2630 d, fuel 298-409 kg
[07:12:01]   depth  5:  150 states (0 in H), t_end 1919-2695 d, fuel 314-428 kg
[07:12:01]   depth  6:  150 states (0 in H), t_end 2069-2699 d, fuel 323-463 kg
[07:12:01]   depth  7:  150 states (0 in H), t_end 2219-2699 d, fuel 327-474 kg
[07:12:01]   depth  8:  150 states (0 in H), t_end 2317-2697 d, fuel 355-512 kg
[07:12:01]   depth  9:  150 states (0 in H), t_end 2437-2697 d, fuel 379-549 kg
[07:12:01]   depth 10:   35 states (0 in H), t_end 2590-2699 d, fuel 435-571 kg
[07:12:01]   depth 11:    1 states (0 in H), t_end 2683-2683 d, fuel 497-497 kg
[07:12:01] candidates: 121 distinct committed target sets (n_new 1-3, potential 0-2)
[07:12:01] frontier: 16 candidates chosen (n fb / committed planner kg / continuation (lookahead)): 1fb/212kg/p2(2), 1fb/221kg/p4(2), 1fb/223kg/p0(0), 1fb/236kg/p3(1), 1fb/242kg/p3(1), 1fb/242kg/p3(2), 1fb/258kg/p3(2), 1fb/261kg/p3(2), 1fb/273kg/p3(2), 1fb/303kg/p4(2), 2fb/234kg/p0(0), 2fb/235kg/p0(0), 2fb/257kg/p3(2), 3fb/293kg/p2(2), 3fb/295kg/p1(1), 3fb/299kg/p1(1)
[07:12:01] budget: 228 s of 300 left for the settles + regrids (settle_wall 480)
[07:12:01]     settle  7:  78 @   1324 d -> ok lintwin tank 623.0 (+1.1) miss 0 km (0.2 s)
[07:12:01]     settle  7:  99 @   1595 d -> ok lintwin tank 627.4 (+6.4) miss 1 km (0.6 s)
[07:12:01]     settle 10: 138 @   1435 d -> ok lintwin tank 712.8 (+38.7) miss 67 km (1.2 s)
[07:12:01]     settle  8: 265 @   1267 d -> ok lintwin tank 698.2 (+20.3) miss 82 km (0.7 s)
[07:12:01]     settle  8: 257 @   1543 d -> ok lintwin tank 696.0 (+3.3) miss 67 km (0.4 s)
[07:12:02]     settle  7:  87 @   1593 d -> ok lintwin tank 623.7 (+1.7) miss 0 km (0.5 s)
[07:12:02]     settle  7:  23 @   1390 d -> ok lintwin tank 642.9 (+13.2) miss 12 km (0.4 s)
[07:12:02]     settle  8: 114 @   1181 d -> ok lintwin tank 766.7 (+80.4) miss 62 km (1.4 s)
[07:12:02]     settle  8:  46 @   1207 d -> ok lintwin tank 697.9 (+5.2) miss 10 km (0.2 s)
[07:12:02]     settle  8: 100 @   1289 d -> ok lintwin tank 701.7 (+23.8) miss 71 km (0.6 s)
[07:12:02]     settle  8:  99 @   1596 d -> ok lintwin tank 627.9 (+6.7) miss 11 km (0.3 s)
[07:12:02]     settle  8: 211 @   1441 d -> ok lintwin tank 697.8 (+5.1) miss 64 km (0.4 s)
[07:12:03]     settle  8:  18 @   1124 d -> ok lintwin tank 705.8 (+13.1) miss 19 km (0.2 s)
[07:12:03]     settle  8:  85 @   1594 d -> ok lintwin tank 637.5 (+16.3) miss 1 km (0.4 s)
[07:12:03]     settle  7: 136 @   1278 d -> ok lintwin tank 666.0 (+44.0) miss 42 km (1.2 s)
[07:12:03]     settle  8:   9 @   1313 d -> ok lintwin tank 694.5 (+1.8) miss 37 km (0.4 s)
[07:12:04]     settle  8: 167 @   1534 d -> ok lintwin tank 651.3 (+8.4) miss 11 km (0.5 s)
[07:12:04]     settle 10:  12 @   1137 d -> ok lintwin tank 728.1 (+54.0) miss 0 km (2.4 s)
[07:12:04]     settle  8: 239 @   1279 d -> ok lintwin tank 784.9 (+98.6) miss 67 km (1.8 s)
[07:12:04]     settle  8: 142 @   1330 d -> ok lintwin tank 709.6 (+17.0) miss 45 km (0.3 s)
[07:12:04]     settle  7: 223 @   1398 d -> ok lintwin tank 646.6 (+18.9) miss 39 km (0.4 s)
[07:12:04] plan: 1401 states, depth 10 new flybys, end plan_done (76 s); deepest 10 new to 2666 d at planner fuel 499 kg
[07:12:04]   depth  1:  140 states (126 in H), t_end 1105-1798 d, fuel 278-368 kg
[07:12:04]   depth  2:  150 states (107 in H), t_end 1155-2075 d, fuel 311-406 kg
[07:12:04]   depth  3:  150 states (27 in H), t_end 1254-2095 d, fuel 330-445 kg
[07:12:04]   depth  4:  150 states (3 in H), t_end 1575-2361 d, fuel 387-472 kg
[07:12:04]   depth  5:  150 states (0 in H), t_end 1704-2689 d, fuel 404-501 kg
[07:12:04]   depth  6:  150 states (0 in H), t_end 1831-2667 d, fuel 421-521 kg
[07:12:04]   depth  7:  150 states (0 in H), t_end 2304-2695 d, fuel 447-530 kg
[07:12:04]   depth  8:  150 states (0 in H), t_end 2386-2699 d, fuel 454-559 kg
[07:12:04]   depth  9:  150 states (0 in H), t_end 2455-2698 d, fuel 468-584 kg
[07:12:04]   depth 10:   61 states (0 in H), t_end 2514-2699 d, fuel 499-600 kg
[07:12:04] candidates: 138 distinct committed target sets (n_new 1-4, potential 0-3)
[07:12:04] frontier: 16 candidates chosen (n fb / committed planner kg / continuation (lookahead)): 1fb/278kg/p0(0), 1fb/288kg/p0(0), 1fb/310kg/p5(2), 1fb/326kg/p5(3), 1fb/347kg/p4(3), 1fb/350kg/p4(3), 1fb/362kg/p4(2), 1fb/362kg/p5(3), 2fb/311kg/p0(0), 2fb/318kg/p1(0), 2fb/334kg/p4(2), 3fb/330kg/p0(0), 3fb/333kg/p0(0), 3fb/359kg/p3(2), 4fb/387kg/p2(2), 4fb/392kg/p2(2)
[07:12:04] budget: 224 s of 300 left for the settles + regrids (settle_wall 480)
[07:12:04]     settle 11: 167 @   1532 d -> ok lintwin tank 682.6 (+6.4) miss 26 km (0.4 s)
[07:12:04]     settle  8: 113 @   1174 d -> ok lintwin tank 716.4 (+23.7) miss 15 km (0.2 s)
[07:12:04]     settle  7: 170 @   1148 d -> ok lintwin tank 661.3 (+39.4) miss 83 km (1.2 s)
[07:12:05]     settle  8:  36 @   1493 d -> ok lintwin tank 649.2 (+2.7) miss 19 km (0.5 s)
[07:12:05]     settle 11: 250 @   1445 d -> ok lintwin tank 684.4 (+6.8) miss 7 km (0.2 s)
[07:12:05]     settle  9:  59 @   1593 d -> ok lintwin tank 650.0 (+0.7) miss 2 km (0.2 s)
[07:12:05]     settle  7: 106 @   1191 d -> ok lintwin tank 649.5 (+27.5) miss 1 km (0.3 s)
[07:12:05]     settle  8: 213 @   1162 d -> ok lintwin tank 718.7 (+26.0) miss 68 km (0.5 s)
[07:12:05]     settle  8: 223 @   1462 d -> ok lintwin tank 708.4 (+30.4) miss 73 km (2.9 s)
[07:12:05]     settle  9: 227 @   1583 d -> ok lintwin tank 650.7 (+1.5) miss 2 km (0.2 s)
[07:12:05]     settle  8: 115 @   1426 d -> ok lintwin tank 724.6 (+0.2) miss 79 km (1.2 s)
[07:12:05] RESULT s02_c5: 16 columns; frontier 1fb 3 kg p2/3 | 2fb 3 kg p2/3 | 3fb 10 kg p2/3 | 4fb 32 kg p2/2; settles 19 (19 ok), regrids 16 (16 ok); wall 77 s of 300 (plan 66, price 0, settle 10; budget hit None, 0 unsettled)
[07:12:05]     settle 11: 274 @   1436 d -> ok lintwin tank 701.7 (+9.4) miss 30 km (0.5 s)
[07:12:06]     settle  8: 105 @   1288 d -> ok lintwin tank 697.3 (+4.6) miss 73 km (0.3 s)
[07:12:06]     settle 11: 116 @   1377 d -> ok lintwin tank 709.4 (+17.1) miss 5 km (0.4 s)
[07:12:06]     settle  8: 193 @   1295 d -> ok lintwin tank 752.8 (+66.4) miss 63 km (2.1 s)
[07:12:06]     settle 12: 298 @   1603 d -> ok lintwin tank 687.4 (+4.8) miss 4 km (0.2 s)
[07:12:07]     settle  7:  12 @   1092 d -> ok lintwin tank 663.4 (+41.4) miss 73 km (1.4 s)
[07:12:07]   job s02_c5 craft columns  16  levels 10  settles 19/19  end plan_done  wall 77.0 s
[07:12:07]     settle  8: 168 @   1285 d -> ok lintwin tank 705.3 (+27.4) miss 74 km (1.4 s)
[07:12:07]     settle 11: 123 @   1337 d -> ok lintwin tank 684.2 (+6.6) miss 8 km (0.2 s)
[07:12:07]     settle  7: 146 @   1118 d -> ok lintwin tank 647.5 (+25.6) miss 25 km (0.4 s)
[07:12:07]     settle 12: 167 @   1532 d -> ok lintwin tank 688.6 (+4.4) miss 8 km (0.2 s)
[07:12:07]     settle  7: 168 @   1291 d -> FAIL [('lam', 358655.6)] (6.9 s)
[07:12:07]     settle  8: 132 @   1408 d -> ok lam tank 722.6 (+30.0) miss 0 km (1.5 s)
[07:12:07]     settle  8: 158 @   1245 d -> ok lintwin tank 762.8 (+76.4) miss 78 km (1.0 s)
[07:12:07]     settle  8: 211 @   1504 d -> ok lintwin tank 736.2 (+11.8) miss 70 km (1.8 s)
[07:12:07]     settle  8: 142 @   1437 d -> ok lintwin tank 626.5 (+3.5) miss 1 km (0.2 s)
[07:12:08]     settle 12: 167 @   1533 d -> ok lintwin tank 713.7 (+12.0) miss 38 km (0.2 s)
[07:12:08]     settle  9: 183 @   1453 d -> ok lintwin tank 701.8 (+4.0) miss 5 km (0.2 s)
[07:12:08]     settle  7: 255 @   1318 d -> ok lintwin tank 623.5 (+1.5) miss 0 km (0.2 s)
[07:12:08]     settle  9: 115 @   1407 d -> ok lintwin tank 700.6 (+2.8) miss 6 km (0.2 s)
[07:12:08]     settle 13: 298 @   1604 d -> ok lintwin tank 725.6 (+11.9) miss 59 km (0.2 s)
[07:12:08]     settle  8: 193 @   1425 d -> ok lintwin tank 628.7 (+5.2) miss 4 km (0.3 s)
[07:12:08]     settle  7:  37 @   1238 d -> ok lintwin tank 701.3 (+35.7) miss 72 km (1.0 s)
[07:12:08] RESULT s02_c0: 16 columns; frontier 1fb 2 kg p0/2 | 2fb 8 kg p0/2 | 3fb 13 kg p0/1 | 4fb 52 kg p1/1; settles 17 (17 ok), regrids 16 (16 ok); wall 80 s of 300 (plan 67, price 0, settle 13; budget hit None, 0 unsettled)
[07:12:08]     settle  8: 294 @   1298 d -> ok lintwin tank 726.3 (+48.4) miss 62 km (1.3 s)
[07:12:09]     settle  8: 208 @   1213 d -> ok lintwin tank 663.5 (+16.0) miss 51 km (0.3 s)
[07:12:09]     settle  8:  40 @   1200 d -> ok lintwin tank 733.5 (+55.6) miss 41 km (0.2 s)
[07:12:09]     settle  8: 203 @   1107 d -> ok lintwin tank 735.7 (+11.3) miss 85 km (1.2 s)
[07:12:09]   job s02_c0 craft columns  16  levels 10  settles 17/17  end plan_done  wall 79.8 s
[07:12:09]     settle  8: 191 @   1561 d -> ok lintwin tank 691.8 (+2.6) miss 65 km (0.4 s)
[07:12:09]     settle  9:  53 @   1546 d -> ok lintwin tank 751.8 (+16.9) miss 59 km (1.7 s)
[07:12:10]     settle  9: 127 @   1427 d -> ok lintwin tank 710.4 (+12.6) miss 80 km (1.4 s)
[07:12:10]     settle  9:  95 @   1493 d -> ok lintwin tank 696.3 (+3.7) miss 3 km (0.2 s)
[07:12:10]     settle  8: 168 @   1296 d -> ok lintwin tank 740.1 (+15.7) miss 66 km (1.2 s)
[07:12:11]     settle 10: 137 @   1620 d -> ok lintwin tank 724.2 (+13.8) miss 60 km (0.8 s)
[07:12:11]     settle  8:  36 @   1402 d -> ok lintwin tank 670.4 (+9.0) miss 73 km (1.8 s)
[07:12:11]     settle  8: 157 @   1583 d -> ok lintwin tank 705.8 (+12.6) miss 0 km (2.1 s)
[07:12:11]     settle  8: 255 @   1139 d -> ok lintwin tank 742.2 (+17.7) miss 70 km (1.0 s)
[07:12:11]     settle  8: 193 @   1281 d -> ok lintwin tank 759.2 (+81.3) miss 73 km (1.8 s)
[07:12:12]     settle  9: 211 @   1439 d -> ok lintwin tank 704.7 (+10.2) miss 69 km (0.8 s)
[07:12:12]     settle  9: 229 @   1381 d -> ok lintwin tank 829.6 (+62.9) miss 62 km (1.8 s)
[07:12:12]     settle  8: 260 @   1157 d -> ok lintwin tank 698.2 (+11.8) miss 23 km (0.4 s)
[07:12:13]     settle  9: 191 @   1543 d -> ok lintwin tank 693.1 (+22.7) miss 71 km (1.7 s)
[07:12:13]     settle  9: 183 @   1446 d -> ok lintwin tank 693.6 (+4.5) miss 64 km (1.1 s)
[07:12:13]     settle  9: 250 @   1362 d -> ok lintwin tank 703.5 (+5.3) miss 2 km (0.2 s)
[07:12:13]     settle 10: 137 @   1619 d -> ok lintwin tank 718.5 (+13.9) miss 69 km (1.3 s)
[07:12:13]     settle 10:  95 @   1497 d -> ok lintwin tank 707.9 (+4.5) miss 23 km (0.4 s)
[07:12:14]     settle  8: 135 @   1430 d -> ok lintwin tank 695.5 (+17.5) miss 36 km (0.7 s)
[07:12:14]     settle  8: 132 @   1405 d -> ok lintwin tank 753.7 (+29.2) miss 76 km (2.3 s)
[07:12:14]     settle  9:  30 @   1597 d -> ok lintwin tank 680.7 (+10.4) miss 71 km (1.1 s)
[07:12:14]     settle  9: 227 @   1580 d -> ok lintwin tank 704.6 (+9.2) miss 67 km (0.8 s)
[07:12:15]     settle  9: 115 @   1404 d -> ok lintwin tank 710.6 (+4.9) miss 65 km (1.4 s)
[07:12:15]     settle  9: 102 @   1227 d -> ok lintwin tank 707.9 (+9.7) miss 65 km (1.3 s)
[07:12:15]     settle 10: 137 @   1618 d -> ok lintwin tank 727.6 (+17.0) miss 29 km (0.3 s)
[07:12:15] RESULT s02_c2: 16 columns; frontier 1fb 2 kg p1/2 | 2fb 8 kg p0/2 | 3fb 26 kg p1/2; settles 18 (18 ok), regrids 16 (16 ok); wall 87 s of 300 (plan 72, price 0, settle 14; budget hit None, 0 unsettled)
[07:12:15]     settle 10: 193 @   1440 d -> ok lintwin tank 717.2 (+9.3) miss 2 km (0.5 s)
[07:12:15]     settle  8: 127 @   1403 d -> ok lintwin tank 764.8 (+24.3) miss 68 km (2.2 s)
[07:12:15]     settle  9: 193 @   1439 d -> ok lintwin tank 730.2 (+3.9) miss 41 km (0.6 s)
[07:12:16]     settle  8: 288 @   1247 d -> ok lintwin tank 787.0 (+62.6) miss 74 km (1.7 s)
[07:12:16]     settle  9: 116 @   1372 d -> ok lintwin tank 686.8 (+23.3) miss 77 km (1.5 s)
[07:12:16]     settle  8: 149 @   1228 d -> ok lintwin tank 689.2 (+11.3) miss 20 km (0.7 s)
[07:12:17]     settle 10: 269 @   1607 d -> ok lintwin tank 853.7 (+24.1) miss 80 km (1.4 s)
[07:12:17]   job s02_c2 craft columns  16  levels 11  settles 18/18  end plan_done  wall 86.6 s
[07:12:17] RESULT s02_c3: 16 columns; frontier 1fb 5 kg p1/2 | 2fb 10 kg p0/2 | 3fb 22 kg p0/2; settles 19 (19 ok), regrids 16 (16 ok); wall 89 s of 300 (plan 64, price 0, settle 24; budget hit None, 0 unsettled)
[07:12:17]     settle  9: 116 @   1377 d -> ok lintwin tank 685.4 (+21.9) miss 84 km (1.4 s)
[07:12:17]     settle  8: 265 @   1240 d -> ok lintwin tank 734.7 (+10.3) miss 67 km (1.5 s)
[07:12:17]     settle  9: 115 @   1406 d -> ok lintwin tank 695.5 (+6.3) miss 62 km (1.1 s)
[07:12:18]     settle  9: 157 @   1585 d -> ok lintwin tank 866.4 (+101.6) miss 84 km (2.2 s)
[07:12:18]     settle 10:  42 @   1566 d -> ok lintwin tank 689.6 (+4.2) miss 59 km (0.6 s)
[07:12:18]     settle 10: 286 @   1612 d -> ok lintwin tank 700.8 (+5.3) miss 73 km (1.2 s)
[07:12:19]     settle  8: 265 @   1246 d -> ok lintwin tank 734.5 (+10.1) miss 71 km (1.2 s)
[07:12:19]   job s02_c3 craft columns  16  levels 11  settles 19/19  end plan_done  wall 88.5 s
[07:12:19]     settle  8: 127 @   1402 d -> ok lintwin tank 692.4 (+-4.7) miss 74 km (0.9 s)
[07:12:19]     settle  9: 142 @   1340 d -> ok lintwin tank 746.3 (+11.8) miss 73 km (0.6 s)
[07:12:20]     settle  9: 115 @   1412 d -> ok lintwin tank 695.5 (+6.3) miss 72 km (1.0 s)
[07:12:20]     settle  7: 220 @   1322 d -> ok lintwin tank 679.8 (+57.8) miss 71 km (1.9 s)
[07:12:21]     settle  8: 203 @   1105 d -> ok lintwin tank 735.7 (+11.3) miss 69 km (1.1 s)
[07:12:21]     settle 10: 183 @   1447 d -> ok lintwin tank 697.8 (+2.3) miss 67 km (1.1 s)
[07:12:22]     settle  8: 116 @   1391 d -> ok lintwin tank 681.1 (+1.3) miss 2 km (1.9 s)
[07:12:22]     settle  9:  40 @   1156 d -> ok lintwin tank 746.1 (+10.4) miss 70 km (1.4 s)
[07:12:23]     settle  9: 211 @   1506 d -> ok lam tank 715.8 (+23.4) miss 96 km (3.5 s)
[07:12:23]     settle  9: 294 @   1511 d -> ok lintwin tank 687.8 (+6.7) miss 72 km (0.8 s)
[07:12:23]     settle 10: 157 @   1588 d -> ok lintwin tank 771.1 (+40.9) miss 47 km (1.6 s)
[07:12:23] RESULT s02_c1: 16 columns; frontier 1fb 2 kg p0/2 | 2fb 16 kg p0/2 | 3fb 20 kg p0/2; settles 20 (20 ok), regrids 16 (16 ok); wall 95 s of 300 (plan 69, price 1, settle 25; budget hit None, 0 unsettled)
[07:12:23]     settle  9: 265 @   1245 d -> ok lintwin tank 744.7 (+9.0) miss 48 km (1.2 s)
[07:12:24]     settle 10: 190 @   1581 d -> ok lintwin tank 691.5 (+3.7) miss 1 km (1.2 s)
[07:12:25]   regrid FAIL (3 fb: miss 52619 km, None, 2.0 s) -> column dropped
[07:12:25]   job s02_c1 craft columns  16  levels 10  settles 20/20  end plan_done  wall 94.6 s
[07:12:25]     settle 10: 115 @   1426 d -> ok lintwin tank 746.7 (+0.5) miss 62 km (1.5 s)
[07:12:25]     settle 10:  26 @   1497 d -> ok lintwin tank 687.2 (+0.3) miss 69 km (1.1 s)
[07:12:26] RESULT s02_c4: 16 columns; frontier 1fb 1 kg p0/3 | 2fb 4 kg p0/3 | 3fb 59 kg p3/3 | 4fb 65 kg p3/3; settles 22 (22 ok), regrids 16 (16 ok); wall 97 s of 300 (plan 72, price 1, settle 25; budget hit None, 0 unsettled)
[07:12:27]     settle  9:  40 @   1155 d -> ok lintwin tank 746.1 (+10.4) miss 70 km (1.2 s)
[07:12:27]   job s02_c4 craft columns  16  levels 11  settles 22/22  end plan_done  wall 97.0 s
[07:12:27]     settle 10: 109 @   1263 d -> ok lintwin tank 757.7 (+11.5) miss 72 km (0.8 s)
[07:12:29]     settle 10:   4 @   1370 d -> ok lintwin tank 756.7 (+12.0) miss 71 km (1.0 s)
[07:12:29]     settle  9:  87 @   1561 d -> ok lam tank 812.9 (+48.1) miss 0 km (4.7 s)
[07:12:30]   2 candidates dropped (settle failure / regrid failure / duplicate after truncation)
[07:12:30] RESULT s02_c7: 14 columns; frontier 1fb 14 kg p1/2 | 2fb 26 kg p2/2 | 3fb 147 kg p2/2; settles 18 (16 ok), regrids 15 (14 ok); wall 101 s of 300 (plan 56, price 0, settle 45; budget hit None, 0 unsettled)
[07:12:30]     settle 11: 157 @   1578 d -> ok lintwin tank 766.6 (+9.9) miss 56 km (1.2 s)
[07:12:31]   job s02_c7 craft columns  14  levels 10  settles 16/18  end plan_done  wall 101.2 s
[07:12:31]     settle 10: 142 @   1338 d -> ok lintwin tank 743.7 (+-1.0) miss 73 km (1.1 s)
[07:12:32]     settle 11: 157 @   1578 d -> ok lintwin tank 766.2 (+22.5) miss 65 km (0.9 s)
[07:12:32] RESULT s02_c6: 16 columns; frontier 1fb 0 kg p0/3 | 2fb 20 kg p2/2 | 3fb 22 kg p0/2 | 4fb 42 kg p2/2; settles 20 (20 ok), regrids 16 (16 ok); wall 104 s of 300 (plan 76, price 0, settle 28; budget hit None, 0 unsettled)
[07:12:33]   job s02_c6 craft columns  16  levels 10  settles 20/20  end plan_done  wall 103.9 s
[07:12:33] [slice 2] propose: 126 columns (0 bad dropped) in 104.4 s
[07:12:33] [slice 2] auction: 126 columns, kept 123, dropped {'ramp': 3}; lam 1.00 H_eff 540 d fuel budget 482 kg quota on
[07:12:33] [slice 2] auction: status optimal objective 30.327 vars 123 rows 60 chosen 8 fuel 290/482 kg (0.007 s)
[07:12:35] [slice 2 T=1080 d] launched 8/8  covered 81  remaining 217  fuel 850 kg  sumJi 8.6577  chosen: c0:4(+51) c1:3(+20) c2:3(+32) c3:3(+21) c4:4(+65) c5:4(+32) c6:4(+42) c7:2(+26)  rejected: -  (wall 106 s)
[07:12:35] [slice 3 T=1620 d] propose: 8 jobs (8 craft, 0 root) on 9 workers, proposer planbeam, H_eff 540 d, lam 1.0
[07:12:35] job s03_c1 (craft, craft 1, planbeam): T 1620 d H 540 L 360; plan horizon 3240 d; remaining 217; prize >1 on 51; width 150 npt 6 mc 150 dv 1.2 drmax 0.15 plan_wall 240 s; quota {'fil': 9, 'med': 14}
[07:12:35] job s03_c2 (craft, craft 2, planbeam): T 1620 d H 540 L 360; plan horizon 3240 d; remaining 217; prize >1 on 51; width 150 npt 6 mc 150 dv 1.2 drmax 0.15 plan_wall 240 s; quota {'fil': 8, 'med': 16}
[07:12:35] job s03_c3 (craft, craft 3, planbeam): T 1620 d H 540 L 360; plan horizon 3240 d; remaining 217; prize >1 on 51; width 150 npt 6 mc 150 dv 1.2 drmax 0.15 plan_wall 240 s; quota {'fil': 6, 'med': 16}
[07:12:35] job s03_c0 (craft, craft 0, planbeam): T 1620 d H 540 L 360; plan horizon 3240 d; remaining 217; prize >1 on 51; width 150 npt 6 mc 150 dv 1.2 drmax 0.15 plan_wall 240 s; quota {'fil': 7, 'med': 15}
[07:12:35] job s03_c5 (craft, craft 5, planbeam): T 1620 d H 540 L 360; plan horizon 3240 d; remaining 217; prize >1 on 51; width 150 npt 6 mc 150 dv 1.2 drmax 0.15 plan_wall 240 s; quota {'fil': 10, 'med': 15}
[07:12:35] job s03_c6 (craft, craft 6, planbeam): T 1620 d H 540 L 360; plan horizon 3240 d; remaining 217; prize >1 on 51; width 150 npt 6 mc 150 dv 1.2 drmax 0.15 plan_wall 240 s; quota {'fil': 7, 'med': 14}
[07:12:35] job s03_c4 (craft, craft 4, planbeam): T 1620 d H 540 L 360; plan horizon 3240 d; remaining 217; prize >1 on 51; width 150 npt 6 mc 150 dv 1.2 drmax 0.15 plan_wall 240 s; quota {'fil': 6, 'med': 15}
[07:12:35] job s03_c7 (craft, craft 7, planbeam): T 1620 d H 540 L 360; plan horizon 3240 d; remaining 217; prize >1 on 51; width 150 npt 6 mc 150 dv 1.2 drmax 0.15 plan_wall 240 s; quota {'fil': 8, 'med': 16}
[07:12:35] prefix slices/s03/in/craft_5.npz: 9 flybys, t_end 1593.6 d, tank 649.9 kg (planner view), miss 0.3 km, nreg 74
[07:12:35] budget: job_wall 300 s, 300 s left before the plan -> plan cap 210 s (plan_wall 240, settle_reserve 90)
[07:12:35] prefix slices/s03/in/craft_7.npz: 8 flybys, t_end 1559.7 d, tank 691.8 kg (planner view), miss 94.4 km, nreg 68
[07:12:35] prefix slices/s03/in/craft_2.npz: 10 flybys, t_end 1618.8 d, tank 724.2 kg (planner view), miss 14.4 km, nreg 80
[07:12:35] budget: job_wall 300 s, 300 s left before the plan -> plan cap 210 s (plan_wall 240, settle_reserve 90)
[07:12:35] budget: job_wall 300 s, 300 s left before the plan -> plan cap 210 s (plan_wall 240, settle_reserve 90)
[07:12:35] prefix slices/s03/in/craft_4.npz: 10 flybys, t_end 1500.4 d, tank 687.0 kg (planner view), miss 0.5 km, nreg 71
[07:12:35] prefix slices/s03/in/craft_3.npz: 10 flybys, t_end 1494.9 d, tank 707.8 kg (planner view), miss 0.4 km, nreg 73
[07:12:35] budget: job_wall 300 s, 300 s left before the plan -> plan cap 210 s (plan_wall 240, settle_reserve 90)
[07:12:35] budget: job_wall 300 s, 300 s left before the plan -> plan cap 210 s (plan_wall 240, settle_reserve 90)
[07:12:35] prefix slices/s03/in/craft_6.npz: 11 flybys, t_end 1577.8 d, tank 766.5 kg (planner view), miss 3.3 km, nreg 72
[07:12:35] budget: job_wall 300 s, 300 s left before the plan -> plan cap 210 s (plan_wall 240, settle_reserve 90)
[07:12:35] prefix slices/s03/in/craft_1.npz: 10 flybys, t_end 1448.1 d, tank 697.7 kg (planner view), miss 1.1 km, nreg 75
[07:12:35] budget: job_wall 300 s, 300 s left before the plan -> plan cap 210 s (plan_wall 240, settle_reserve 90)
[07:12:35] prefix slices/s03/in/craft_0.npz: 13 flybys, t_end 1601.6 d, tank 725.5 kg (planner view), miss 1.4 km, nreg 83
[07:12:35] budget: job_wall 300 s, 300 s left before the plan -> plan cap 210 s (plan_wall 240, settle_reserve 90)
[07:12:44] first level (both): 0 production + 110 relaxed (dv 2.5, 0.3 AU; 0.1 s) + 66 lintwin children -> 120 unique (8.8 s)
[07:12:44] plan start: prefix 9 flybys, t_end 1593.6 d, planner mass 1480.9 kg (dv 3.035 km/s); 120 first-level states
[07:12:44] first level (both): 0 production + 11 relaxed (dv 2.5, 0.3 AU; 0.1 s) + 85 lintwin children -> 94 unique (9.5 s)
[07:12:44] plan start: prefix 8 flybys, t_end 1559.7 d, planner mass 1391.1 kg (dv 5.487 km/s); 94 first-level states
[07:12:45] first level (both): 0 production + 109 relaxed (dv 2.5, 0.3 AU; 0.1 s) + 73 lintwin children -> 126 unique (9.5 s)
[07:12:45] plan start: prefix 10 flybys, t_end 1618.8 d, planner mass 1328.9 kg (dv 7.282 km/s); 126 first-level states
[07:12:45] first level (both): 0 production + 66 relaxed (dv 2.5, 0.3 AU; 0.1 s) + 71 lintwin children -> 107 unique (9.9 s)
[07:12:45] plan start: prefix 11 flybys, t_end 1577.8 d, planner mass 1255.5 kg (dv 9.510 km/s); 107 first-level states
[07:12:45] first level (both): 0 production + 69 relaxed (dv 2.5, 0.3 AU; 0.1 s) + 68 lintwin children -> 99 unique (10.0 s)
[07:12:45] plan start: prefix 10 flybys, t_end 1500.4 d, planner mass 1400.9 kg (dv 5.211 km/s); 99 first-level states
[07:12:45] first level (both): 0 production + 49 relaxed (dv 2.5, 0.3 AU; 0.1 s) + 70 lintwin children -> 97 unique (10.2 s)
[07:12:45] plan start: prefix 10 flybys, t_end 1494.9 d, planner mass 1359.8 kg (dv 6.382 km/s); 97 first-level states
[07:12:46] first level (both): 0 production + 66 relaxed (dv 2.5, 0.3 AU; 0.1 s) + 63 lintwin children -> 90 unique (10.5 s)
[07:12:46] plan start: prefix 13 flybys, t_end 1601.6 d, planner mass 1326.5 kg (dv 7.353 km/s); 90 first-level states
[07:12:46] first level (both): 0 production + 76 relaxed (dv 2.5, 0.3 AU; 0.1 s) + 72 lintwin children -> 112 unique (10.6 s)
[07:12:46] plan start: prefix 10 flybys, t_end 1448.1 d, planner mass 1379.4 kg (dv 5.821 km/s); 112 first-level states
[07:13:31] plan: 1034 states, depth 9 new flybys, end plan_done (56 s); deepest 9 new to 3216 d at planner fuel 543 kg
[07:13:31]   depth  1:  126 states (113 in H), t_end 1759-2338 d, fuel 277-374 kg
[07:13:31]   depth  2:  150 states (94 in H), t_end 1853-2382 d, fuel 283-411 kg
[07:13:31]   depth  3:  150 states (20 in H), t_end 2012-2709 d, fuel 301-437 kg
[07:13:31]   depth  4:  150 states (0 in H), t_end 2226-3129 d, fuel 328-445 kg
[07:13:31]   depth  5:  150 states (0 in H), t_end 2493-3225 d, fuel 336-471 kg
[07:13:31]   depth  6:  150 states (0 in H), t_end 2814-3239 d, fuel 418-493 kg
[07:13:31]   depth  7:  126 states (0 in H), t_end 2874-3239 d, fuel 449-523 kg
[07:13:31]   depth  8:   30 states (0 in H), t_end 3076-3221 d, fuel 479-539 kg
[07:13:31]   depth  9:    2 states (0 in H), t_end 3216-3220 d, fuel 543-551 kg
[07:13:31] candidates: 112 distinct committed target sets (n_new 1-3, potential 0-2)
[07:13:31] frontier: 16 candidates chosen (n fb / committed planner kg / continuation (lookahead)): 1fb/277kg/p0(0), 1fb/280kg/p3(2), 1fb/292kg/p3(1), 1fb/307kg/p3(2), 1fb/316kg/p2(1), 1fb/338kg/p2(1), 1fb/343kg/p2(1), 1fb/344kg/p2(1), 1fb/366kg/p4(2), 2fb/307kg/p2(2), 2fb/308kg/p0(0), 2fb/329kg/p2(1), 2fb/397kg/p3(2), 3fb/335kg/p0(0), 3fb/352kg/p1(1), 3fb/419kg/p2(2)
[07:13:31] budget: 244 s of 300 left for the settles + regrids (settle_wall 480)
[07:13:31]     settle 11:  86 @   1978 d -> ok lintwin tank 727.1 (+2.9) miss 8 km (0.2 s)
[07:13:33]     settle 11: 251 @   1865 d -> ok lintwin tank 725.9 (+1.7) miss 73 km (1.4 s)
[07:13:35]     settle 11: 205 @   1815 d -> ok lintwin tank 726.1 (+1.9) miss 72 km (1.3 s)
[07:13:36]     settle 11: 169 @   1899 d -> ok lintwin tank 763.5 (+39.3) miss 54 km (1.2 s)
[07:13:36] plan: 1133 states, depth 10 new flybys, end plan_done (61 s); deepest 10 new to 3223 d at planner fuel 535 kg
[07:13:36]   depth  1:  112 states (98 in H), t_end 1643-2280 d, fuel 227-320 kg
[07:13:36]   depth  2:  150 states (118 in H), t_end 1789-2329 d, fuel 243-349 kg
[07:13:36]   depth  3:  150 states (65 in H), t_end 1909-2714 d, fuel 275-382 kg
[07:13:36]   depth  4:  150 states (3 in H), t_end 2064-3130 d, fuel 318-418 kg
[07:13:36]   depth  5:  150 states (0 in H), t_end 2253-3216 d, fuel 343-443 kg
[07:13:36]   depth  6:  150 states (0 in H), t_end 2680-3237 d, fuel 360-472 kg
[07:13:36]   depth  7:  150 states (0 in H), t_end 2844-3240 d, fuel 395-496 kg
[07:13:36]   depth  8:   92 states (0 in H), t_end 2990-3240 d, fuel 427-521 kg
[07:13:36]   depth  9:   28 states (0 in H), t_end 3060-3237 d, fuel 478-543 kg
[07:13:36]   depth 10:    1 states (0 in H), t_end 3223-3223 d, fuel 535-535 kg
[07:13:36] candidates: 130 distinct committed target sets (n_new 1-4, potential 0-3)
[07:13:36] frontier: 16 candidates chosen (n fb / committed planner kg / continuation (lookahead)): 1fb/240kg/p1(1), 1fb/249kg/p2(1), 1fb/262kg/p3(2), 1fb/264kg/p4(1), 1fb/269kg/p4(2), 1fb/271kg/p3(2), 1fb/279kg/p3(2), 1fb/284kg/p3(2), 1fb/295kg/p4(2), 2fb/267kg/p1(1), 2fb/269kg/p0(0), 2fb/291kg/p3(1), 3fb/304kg/p0(0), 3fb/309kg/p0(0), 3fb/337kg/p2(1), 4fb/357kg/p1(1)
[07:13:36] budget: 239 s of 300 left for the settles + regrids (settle_wall 480)
[07:13:37]     settle 11: 290 @   1904 d -> ok lintwin tank 729.3 (+5.1) miss 11 km (0.2 s)
[07:13:37] plan: 1212 states, depth 10 new flybys, end plan_done (62 s); deepest 10 new to 3230 d at planner fuel 497 kg
[07:13:37]   depth  1:   97 states (88 in H), t_end 1627-2253 d, fuel 248-341 kg
[07:13:37]   depth  2:  150 states (147 in H), t_end 1793-2384 d, fuel 267-373 kg
[07:13:37]   depth  3:  150 states (73 in H), t_end 1907-2853 d, fuel 291-408 kg
[07:13:37]   depth  4:  150 states (7 in H), t_end 2104-3069 d, fuel 328-445 kg
[07:13:37]   depth  5:  150 states (0 in H), t_end 2452-3232 d, fuel 342-463 kg
[07:13:37]   depth  6:  150 states (0 in H), t_end 2610-3230 d, fuel 372-486 kg
[07:13:37]   depth  7:  150 states (0 in H), t_end 2773-3232 d, fuel 388-517 kg
[07:13:37]   depth  8:  150 states (0 in H), t_end 2860-3231 d, fuel 418-548 kg
[07:13:37]   depth  9:   57 states (0 in H), t_end 2989-3231 d, fuel 446-527 kg
[07:13:37]   depth 10:    8 states (0 in H), t_end 3219-3231 d, fuel 497-523 kg
[07:13:37] candidates: 192 distinct committed target sets (n_new 1-4, potential 0-3)
[07:13:37] frontier: 16 candidates chosen (n fb / committed planner kg / continuation (lookahead)): 1fb/259kg/p3(1), 1fb/261kg/p1(1), 1fb/273kg/p3(1), 1fb/275kg/p3(2), 1fb/285kg/p4(3), 1fb/298kg/p4(2), 1fb/307kg/p4(2), 2fb/270kg/p2(1), 2fb/274kg/p0(0), 2fb/318kg/p3(2), 3fb/295kg/p0(0), 3fb/298kg/p0(0), 3fb/357kg/p2(2), 4fb/378kg/p0(0), 4fb/395kg/p0(0), 4fb/398kg/p0(0)
[07:13:37] budget: 238 s of 300 left for the settles + regrids (settle_wall 480)
[07:13:38]     settle 11:  97 @   1924 d -> ok lintwin tank 710.0 (+12.3) miss 62 km (1.5 s)
[07:13:38]     settle 11:  10 @   1749 d -> ok lintwin tank 720.5 (+12.7) miss 35 km (0.6 s)
[07:13:38]     settle 11: 190 @   1801 d -> ok lintwin tank 740.8 (+16.6) miss 57 km (1.3 s)
[07:13:39]     settle 11: 236 @   2104 d -> ok lintwin tank 712.1 (+4.3) miss 19 km (0.7 s)
[07:13:39]     settle 11: 233 @   1707 d -> ok lintwin tank 724.4 (+16.6) miss 29 km (0.2 s)
[07:13:40]     settle 11: 231 @   1929 d -> ok lintwin tank 710.0 (+12.3) miss 69 km (1.4 s)
[07:13:40]     settle 11: 266 @   1859 d -> ok lintwin tank 734.8 (+10.6) miss 69 km (1.1 s)
[07:13:40] plan: 1213 states, depth 10 new flybys, end plan_done (65 s); deepest 10 new to 3187 d at planner fuel 570 kg
[07:13:40]   depth  1:   90 states (77 in H), t_end 1686-2254 d, fuel 277-370 kg
[07:13:40]   depth  2:  150 states (108 in H), t_end 1878-2750 d, fuel 299-406 kg
[07:13:40]   depth  3:  150 states (37 in H), t_end 2021-2965 d, fuel 327-441 kg
[07:13:40]   depth  4:  150 states (2 in H), t_end 2104-3165 d, fuel 368-464 kg
[07:13:40]   depth  5:  150 states (0 in H), t_end 2407-3233 d, fuel 385-498 kg
[07:13:40]   depth  6:  150 states (0 in H), t_end 2588-3239 d, fuel 434-525 kg
[07:13:40]   depth  7:  150 states (0 in H), t_end 2860-3235 d, fuel 482-551 kg
[07:13:40]   depth  8:  150 states (0 in H), t_end 2918-3239 d, fuel 503-578 kg
[07:13:40]   depth  9:   68 states (0 in H), t_end 3020-3240 d, fuel 529-608 kg
[07:13:40]   depth 10:    5 states (0 in H), t_end 3187-3226 d, fuel 570-592 kg
[07:13:40] candidates: 121 distinct committed target sets (n_new 1-4, potential 0-2)
[07:13:40] frontier: 16 candidates chosen (n fb / committed planner kg / continuation (lookahead)): 1fb/285kg/p2(1), 1fb/288kg/p3(2), 1fb/316kg/p4(2), 1fb/320kg/p3(0), 1fb/327kg/p3(2), 1fb/338kg/p3(1), 1fb/339kg/p3(1), 1fb/347kg/p4(2), 1fb/370kg/p4(2), 2fb/308kg/p1(1), 2fb/319kg/p1(1), 2fb/346kg/p3(2), 3fb/367kg/p0(0), 3fb/380kg/p0(0), 3fb/387kg/p2(2), 4fb/429kg/p0(0)
[07:13:40] budget: 234 s of 300 left for the settles + regrids (settle_wall 480)
[07:13:41] plan: 1256 states, depth 10 new flybys, end plan_done (66 s); deepest 10 new to 3184 d at planner fuel 481 kg
[07:13:41]   depth  1:  120 states (102 in H), t_end 1673-2260 d, fuel 122-226 kg
[07:13:41]   depth  2:  150 states (86 in H), t_end 1901-2474 d, fuel 144-268 kg
[07:13:41]   depth  3:  150 states (34 in H), t_end 1986-2969 d, fuel 163-311 kg
[07:13:41]   depth  4:  150 states (0 in H), t_end 2207-3228 d, fuel 203-338 kg
[07:13:41]   depth  5:  150 states (0 in H), t_end 2453-3237 d, fuel 216-352 kg
[07:13:41]   depth  6:  150 states (0 in H), t_end 2588-3237 d, fuel 256-393 kg
[07:13:41]   depth  7:  150 states (0 in H), t_end 2734-3237 d, fuel 320-428 kg
[07:13:41]   depth  8:  150 states (0 in H), t_end 2934-3236 d, fuel 380-462 kg
[07:13:41]   depth  9:   80 states (0 in H), t_end 3079-3238 d, fuel 411-490 kg
[07:13:41]   depth 10:    6 states (0 in H), t_end 3184-3237 d, fuel 481-499 kg
[07:13:41] candidates: 109 distinct committed target sets (n_new 1-3, potential 0-2)
[07:13:41] frontier: 16 candidates chosen (n fb / committed planner kg / continuation (lookahead)): 1fb/130kg/p0(0), 1fb/133kg/p0(0), 1fb/138kg/p3(2), 1fb/145kg/p2(1), 1fb/146kg/p4(2), 1fb/149kg/p3(1), 1fb/151kg/p3(1), 1fb/154kg/p3(1), 1fb/168kg/p3(1), 1fb/185kg/p4(2), 2fb/165kg/p2(2), 2fb/167kg/p2(2), 2fb/180kg/p3(2), 3fb/195kg/p0(0), 3fb/195kg/p1(1), 3fb/215kg/p2(2)
[07:13:41] budget: 234 s of 300 left for the settles + regrids (settle_wall 480)
[07:13:41]     settle 14: 292 @   1885 d -> ok lintwin tank 731.1 (+5.6) miss 14 km (0.4 s)
[07:13:41]     settle 10: 256 @   2119 d -> ok lintwin tank 653.8 (+3.9) miss 21 km (0.5 s)
[07:13:41]     settle 11:  52 @   1839 d -> ok lintwin tank 727.1 (+2.9) miss 57 km (1.3 s)
[07:13:42]     settle 11: 159 @   1759 d -> ok lintwin tank 749.6 (+25.4) miss 77 km (0.2 s)
[07:13:42]     settle 10: 231 @   1932 d -> ok lintwin tank 656.9 (+7.0) miss 4 km (0.4 s)
[07:13:42]     settle 11: 232 @   1988 d -> ok lintwin tank 718.4 (+10.7) miss 64 km (2.4 s)
[07:13:42]     settle 12:  86 @   1979 d -> ok lintwin tank 732.9 (+7.1) miss 10 km (0.3 s)
[07:13:42]     settle 10:  97 @   1933 d -> ok lintwin tank 658.2 (+8.4) miss 2 km (0.2 s)
[07:13:42]     settle 14: 124 @   2078 d -> ok lintwin tank 748.4 (+22.8) miss 58 km (1.0 s)
[07:13:43]     settle 11:  99 @   1769 d -> ok lintwin tank 735.0 (+37.3) miss 69 km (3.0 s)
[07:13:43]     settle 10: 257 @   1837 d -> ok lintwin tank 661.6 (+11.7) miss 4 km (0.4 s)
[07:13:43]     settle 11: 151 @   1791 d -> ok lintwin tank 731.5 (+23.8) miss 26 km (0.9 s)
[07:13:43]     settle 14:  37 @   1731 d -> ok lintwin tank 748.0 (+22.5) miss 12 km (0.7 s)
[07:13:44]     settle 11: 295 @   1934 d -> ok lintwin tank 752.0 (+27.8) miss 60 km (1.4 s)
[07:13:44]     settle 10: 292 @   1839 d -> ok lintwin tank 667.2 (+17.3) miss 9 km (0.8 s)
[07:13:44]     settle 10: 253 @   1723 d -> ok lintwin tank 663.3 (+13.4) miss 9 km (0.2 s)
[07:13:44]     settle 11:  24 @   1837 d -> ok lintwin tank 739.9 (+32.1) miss 72 km (1.1 s)
[07:13:45]     settle 14: 270 @   1840 d -> ok lintwin tank 742.5 (+16.9) miss 21 km (1.3 s)
[07:13:45]     settle 10:  51 @   1750 d -> ok lintwin tank 661.9 (+12.0) miss 2 km (0.4 s)
[07:13:45]     settle 11:  75 @   1643 d -> ok lintwin tank 753.5 (+55.8) miss 85 km (2.0 s)
[07:13:46]     settle 10:  55 @   1730 d -> ok lintwin tank 665.2 (+15.3) miss 2 km (0.4 s)
[07:13:46]     settle 11: 262 @   1627 d -> ok lintwin tank 735.5 (+27.7) miss 33 km (0.5 s)
[07:13:46]     settle 12: 232 @   1988 d -> ok lintwin tank 726.9 (+6.4) miss 6 km (0.3 s)
[07:13:46]     settle 10: 181 @   1678 d -> ok lintwin tank 658.2 (+8.3) miss 6 km (0.5 s)
[07:13:46]     settle 14:  97 @   1946 d -> ok lintwin tank 741.9 (+16.4) miss 13 km (1.4 s)
[07:13:47]     settle 11: 159 @   1767 d -> ok lintwin tank 722.6 (+24.9) miss 74 km (1.1 s)
[07:13:47]     settle 12:  15 @   1991 d -> ok lintwin tank 791.2 (+39.2) miss 74 km (2.9 s)
[07:13:47]     settle 11: 180 @   1983 d -> ok lintwin tank 723.0 (+15.3) miss 46 km (0.4 s)
[07:13:47]     settle 12: 236 @   2105 d -> ok lintwin tank 724.2 (+1.2) miss 28 km (0.4 s)
[07:13:48] plan: 1328 states, depth 10 new flybys, end plan_done (73 s); deepest 10 new to 3217 d at planner fuel 609 kg
[07:13:48]   depth  1:  107 states (97 in H), t_end 1692-2261 d, fuel 351-435 kg
[07:13:48]   depth  2:  150 states (89 in H), t_end 1832-2369 d, fuel 365-470 kg
[07:13:48]   depth  3:  150 states (42 in H), t_end 1972-2730 d, fuel 386-485 kg
[07:13:48]   depth  4:  150 states (17 in H), t_end 2037-3218 d, fuel 408-526 kg
[07:13:48]   depth  5:  150 states (0 in H), t_end 2304-3219 d, fuel 433-545 kg
[07:13:48]   depth  6:  150 states (0 in H), t_end 2390-3205 d, fuel 488-572 kg
[07:13:48]   depth  7:  150 states (0 in H), t_end 2689-3239 d, fuel 514-601 kg
[07:13:48]   depth  8:  150 states (0 in H), t_end 2859-3238 d, fuel 550-632 kg
[07:13:48]   depth  9:  146 states (0 in H), t_end 3009-3240 d, fuel 563-658 kg
[07:13:48]   depth 10:   25 states (0 in H), t_end 3177-3240 d, fuel 609-679 kg
[07:13:48] candidates: 141 distinct committed target sets (n_new 1-4, potential 0-3)
[07:13:48] frontier: 16 candidates chosen (n fb / committed planner kg / continuation (lookahead)): 1fb/352kg/p1(1), 1fb/353kg/p2(1), 1fb/359kg/p2(0), 1fb/374kg/p5(3), 1fb/385kg/p4(2), 1fb/390kg/p5(3), 2fb/365kg/p1(1), 2fb/372kg/p1(0), 2fb/415kg/p4(3), 3fb/387kg/p0(0), 3fb/405kg/p0(0), 3fb/446kg/p3(3), 3fb/453kg/p3(3), 4fb/451kg/p0(0), 4fb/478kg/p2(2), 4fb/492kg/p0(0)
[07:13:48] budget: 227 s of 300 left for the settles + regrids (settle_wall 480)
[07:13:48]     settle 11: 251 @   1869 d -> ok lintwin tank 725.9 (+1.7) miss 71 km (1.3 s)
[07:13:49]     settle 12: 148 @   1981 d -> ok lintwin tank 746.7 (+6.8) miss 79 km (0.9 s)
[07:13:49]     settle 10:  99 @   1797 d -> ok lintwin tank 868.5 (+218.7) miss 1 km (2.2 s)
[07:13:49]     settle 11: 251 @   1858 d -> ok lintwin tank 725.6 (+27.9) miss 68 km (2.1 s)
[07:13:49]     settle 14: 231 @   1810 d -> ok lintwin tank 771.1 (+45.6) miss 0 km (2.5 s)
[07:13:49]     settle 12:  81 @   2004 d -> ok lintwin tank 737.5 (+11.7) miss 53 km (0.8 s)
[07:13:50]     settle 11: 229 @   1782 d -> ok lintwin tank 719.8 (+12.0) miss 21 km (0.9 s)
[07:13:50]     settle 14:  21 @   1792 d -> ok lintwin tank 744.1 (+18.6) miss 42 km (0.3 s)
[07:13:50]     settle 11: 124 @   2088 d -> ok lintwin tank 658.8 (+0.6) miss 20 km (0.2 s)
[07:13:50]     settle 12: 148 @   1983 d -> ok lintwin tank 722.3 (+2.6) miss 32 km (0.5 s)
[07:13:50]     settle 12:  65 @   2030 d -> ok lintwin tank 769.9 (+3.3) miss 65 km (2.0 s)
[07:13:51]     settle 13: 207 @   2078 d -> ok lintwin tank 726.4 (+4.0) miss 2 km (0.3 s)
[07:13:51]     settle 12: 266 @   1856 d -> ok lintwin tank 773.1 (+23.5) miss 59 km (1.3 s)
[07:13:51]     settle 11: 176 @   2103 d -> ok lintwin tank 667.0 (+8.8) miss 10 km (0.6 s)
[07:13:51]     settle 11: 214 @   1813 d -> ok lintwin tank 720.6 (+22.9) miss 64 km (2.0 s)
[07:13:52]     settle 12: 199 @   1834 d -> ok lintwin tank 770.1 (+3.5) miss 62 km (1.0 s)
[07:13:52]     settle 11: 141 @   1742 d -> ok lintwin tank 725.9 (+18.1) miss 24 km (0.8 s)
[07:13:52]     settle 12:  82 @   1982 d -> ok lintwin tank 732.1 (+6.2) miss 16 km (0.8 s)
[07:13:53]     settle 14: 141 @   1877 d -> ok lintwin tank 764.0 (+38.5) miss 70 km (2.9 s)
[07:13:53]     settle 12: 141 @   1762 d -> ok lintwin tank 773.5 (+7.0) miss 75 km (1.3 s)
[07:13:53]     settle 13: 248 @   2131 d -> ok lintwin tank 748.9 (+16.8) miss 45 km (0.8 s)
[07:13:53]     settle 11:  97 @   1933 d -> ok lintwin tank 848.2 (+181.1) miss 38 km (2.0 s)
[07:13:53]     settle 12:  15 @   1986 d -> ok lintwin tank 784.9 (+21.4) miss 69 km (2.3 s)
[07:13:54]     settle 13: 236 @   2105 d -> ok lintwin tank 757.8 (+11.1) miss 99 km (0.4 s)
[07:13:54]     settle 11: 257 @   1833 d -> ok lintwin tank 718.5 (+20.8) miss 55 km (2.5 s)
[07:13:55]     settle 12: 151 @   1807 d -> ok lintwin tank 747.4 (+11.9) miss 38 km (0.2 s)
[07:13:55]     settle 12: 267 @   1752 d -> ok lintwin tank 782.2 (+15.7) miss 82 km (1.1 s)
[07:13:55]     settle 13: 288 @   2110 d -> ok lintwin tank 798.2 (+13.3) miss 57 km (1.8 s)
[07:13:55] plan: 1546 states, depth 12 new flybys, end plan_done (80 s); deepest 12 new to 3237 d at planner fuel 573 kg
[07:13:55]   depth  1:   99 states (92 in H), t_end 1651-2245 d, fuel 208-302 kg
[07:13:55]   depth  2:  150 states (102 in H), t_end 1873-2413 d, fuel 228-335 kg
[07:13:55]   depth  3:  150 states (106 in H), t_end 1937-2805 d, fuel 279-366 kg
[07:13:55]   depth  4:  150 states (30 in H), t_end 2036-2698 d, fuel 295-390 kg
[07:13:55]   depth  5:  150 states (3 in H), t_end 2128-3009 d, fuel 338-426 kg
[07:13:55]   depth  6:  150 states (0 in H), t_end 2269-3154 d, fuel 377-462 kg
[07:13:55]   depth  7:  150 states (0 in H), t_end 2537-3224 d, fuel 405-495 kg
[07:13:55]   depth  8:  150 states (0 in H), t_end 2657-3232 d, fuel 438-520 kg
[07:13:55]   depth  9:  150 states (0 in H), t_end 2747-3240 d, fuel 459-547 kg
[07:13:55]   depth 10:  150 states (0 in H), t_end 2874-3240 d, fuel 475-569 kg
[07:13:55]   depth 11:   93 states (0 in H), t_end 3045-3240 d, fuel 520-585 kg
[07:13:55]   depth 12:    4 states (0 in H), t_end 3216-3237 d, fuel 573-589 kg
[07:13:55] candidates: 185 distinct committed target sets (n_new 1-5, potential 0-3)
[07:13:55] frontier: 16 candidates chosen (n fb / committed planner kg / continuation (lookahead)): 1fb/208kg/p1(1), 1fb/215kg/p3(1), 1fb/257kg/p5(1), 1fb/269kg/p5(1), 2fb/250kg/p2(1), 2fb/252kg/p0(0), 2fb/288kg/p4(1), 3fb/279kg/p2(2), 3fb/283kg/p0(0), 3fb/299kg/p3(2), 4fb/304kg/p0(0), 4fb/329kg/p0(0), 4fb/344kg/p2(2), 5fb/390kg/p1(1), 5fb/393kg/p1(1), 5fb/413kg/p1(1)
[07:13:55] budget: 219 s of 300 left for the settles + regrids (settle_wall 480)
[07:13:56]     settle 11: 266 @   1748 d -> ok lintwin tank 726.7 (+29.0) miss 71 km (1.1 s)
[07:13:56]     settle 13: 133 @   1992 d -> ok lintwin tank 759.2 (+11.9) miss 39 km (1.2 s)
[07:13:56]     settle 13:  76 @   2107 d -> ok lintwin tank 738.3 (+0.8) miss 22 km (0.2 s)
[07:13:56]     settle 14: 120 @   1863 d -> ok lintwin tank 775.0 (+49.4) miss 63 km (2.7 s)
[07:13:56]     settle 10: 181 @   1682 d -> ok lintwin tank 658.2 (+8.3) miss 8 km (0.5 s)
[07:13:56]     settle 11:  97 @   1931 d -> ok lintwin tank 669.1 (+10.9) miss 2 km (0.5 s)
[07:13:57]     settle 13:  96 @   2046 d -> ok lintwin tank 783.4 (+10.3) miss 66 km (0.8 s)
[07:13:57]     settle 12: 256 @   2121 d -> ok lintwin tank 674.5 (+5.4) miss 7 km (0.4 s)
[07:13:57]     settle 14: 117 @   2128 d -> ok lintwin tank 766.9 (+7.7) miss 75 km (1.3 s)
[07:13:57] RESULT s03_c2: 16 columns; frontier 1fb 2 kg p2/2 | 2fb 9 kg p2/2 | 3fb 14 kg p1/2; settles 19 (19 ok), regrids 16 (16 ok); wall 82 s of 300 (plan 56, price 1, settle 26; budget hit None, 0 unsettled)
[07:13:57]     settle 12: 215 @   1761 d -> ok lintwin tank 799.0 (+32.5) miss 75 km (2.4 s)
[07:13:57]   job s03_c2 craft columns  16  levels 9  settles 19/19  end plan_done  wall 82.2 s
[07:13:57]     settle 15: 176 @   2155 d -> ok lintwin tank 741.0 (+9.8) miss 14 km (1.2 s)
[07:13:58]     settle 11:  97 @   1929 d -> ok lintwin tank 675.8 (+10.6) miss 3 km (0.5 s)
[07:13:58]     settle 11: 133 @   1996 d -> ok lintwin tank 690.6 (+3.6) miss 80 km (2.2 s)
[07:13:58]     settle 12: 124 @   2087 d -> ok lintwin tank 682.5 (+6.7) miss 13 km (0.3 s)
[07:13:58]     settle 14: 189 @   1876 d -> ok lintwin tank 733.6 (+8.1) miss 10 km (0.5 s)
[07:13:59]     settle 11: 159 @   1704 d -> ok lintwin tank 765.5 (+67.7) miss 93 km (2.7 s)
[07:13:59]   drift: leg 159@1704 d settled outside (T, T+H] -> column cut at 0
[07:13:59]     settle 12:  28 @   1818 d -> ok lintwin tank 787.4 (+20.9) miss 66 km (1.1 s)
[07:13:59] plan: 1682 states, depth 14 new flybys, end plan_done (84 s); deepest 14 new to 3146 d at planner fuel 595 kg
[07:13:59]   depth  1:   94 states (81 in H), t_end 1638-2247 d, fuel 209-309 kg
[07:13:59]   depth  2:  150 states (87 in H), t_end 1784-2599 d, fuel 236-348 kg
[07:13:59]   depth  3:  150 states (30 in H), t_end 1893-3082 d, fuel 254-382 kg
[07:13:59]   depth  4:  150 states (3 in H), t_end 2000-3216 d, fuel 292-409 kg
[07:13:59]   depth  5:  150 states (0 in H), t_end 2178-3231 d, fuel 306-447 kg
[07:13:59]   depth  6:  150 states (0 in H), t_end 2283-3236 d, fuel 360-475 kg
[07:13:59]   depth  7:  150 states (0 in H), t_end 2412-3234 d, fuel 400-510 kg
[07:13:59]   depth  8:  150 states (0 in H), t_end 2598-3240 d, fuel 434-547 kg
[07:13:59]   depth  9:  150 states (0 in H), t_end 2669-3239 d, fuel 474-577 kg
[07:13:59]   depth 10:  150 states (0 in H), t_end 2747-3239 d, fuel 501-575 kg
[07:13:59]   depth 11:  150 states (0 in H), t_end 2826-3239 d, fuel 511-597 kg
[07:13:59]   depth 12:   64 states (0 in H), t_end 2969-3239 d, fuel 538-612 kg
[07:13:59]   depth 13:   22 states (0 in H), t_end 3045-3240 d, fuel 556-625 kg
[07:13:59]   depth 14:    2 states (0 in H), t_end 3144-3146 d, fuel 595-600 kg
[07:13:59] candidates: 137 distinct committed target sets (n_new 1-4, potential 0-4)
[07:13:59] frontier: 16 candidates chosen (n fb / committed planner kg / continuation (lookahead)): 1fb/209kg/p3(2), 1fb/227kg/p2(2), 1fb/251kg/p4(2), 1fb/264kg/p6(3), 1fb/265kg/p4(2), 1fb/279kg/p4(2), 1fb/293kg/p6(4), 2fb/239kg/p2(2), 2fb/256kg/p2(2), 2fb/310kg/p5(3), 3fb/291kg/p0(0), 3fb/305kg/p1(1), 3fb/346kg/p4(3), 4fb/382kg/p3(3), 4fb/384kg/p1(1), 4fb/386kg/p2(2)
[07:13:59] budget: 216 s of 300 left for the settles + regrids (settle_wall 480)
[07:13:59]     settle  9: 290 @   1934 d -> ok lintwin tank 692.2 (+0.4) miss 20 km (0.3 s)
[07:13:59]     settle 11: 119 @   1726 d -> ok lintwin tank 749.0 (+41.3) miss 70 km (1.7 s)
[07:13:59]     settle 11:  37 @   1714 d -> ok lintwin tank 693.1 (+6.1) miss 61 km (1.2 s)
[07:14:00]     settle 15: 176 @   2156 d -> ok lintwin tank 746.7 (+13.1) miss 15 km (1.4 s)
[07:14:00]     settle 11: 270 @   1842 d -> ok lintwin tank 699.9 (+2.2) miss 56 km (1.5 s)
[07:14:01]     settle 15: 282 @   1989 d -> ok lintwin tank 758.6 (+10.6) miss 6 km (0.9 s)
[07:14:01]     settle 12: 240 @   1926 d -> ok lintwin tank 799.0 (+50.0) miss 78 km (1.6 s)
[07:14:01]     settle 13:  65 @   2028 d -> ok lintwin tank 774.3 (+4.2) miss 63 km (2.2 s)
[07:14:01]     settle 12: 176 @   2108 d -> ok lintwin tank 855.4 (+7.1) miss 72 km (2.9 s)
[07:14:01]   drift: leg 176@2108 d settled outside (T, T+H] -> column cut at 2
[07:14:01]   1 candidates dropped (settle failure / regrid failure / duplicate after truncation)
[07:14:01] RESULT s03_c5: 15 columns; frontier 1fb 4 kg p0/2 | 2fb 9 kg p2/2 | 3fb 24 kg p0/1; settles 19 (19 ok), regrids 15 (15 ok); wall 86 s of 300 (plan 66, price 1, settle 21; budget hit None, 0 unsettled)
[07:14:01]   job s03_c5 craft columns  15  levels 10  settles 19/19  end plan_done  wall 86.2 s
[07:14:01]     settle  9: 198 @   1911 d -> ok lintwin tank 724.8 (+33.0) miss 66 km (2.1 s)
[07:14:01]     settle 15:  92 @   1978 d -> ok lintwin tank 774.7 (+3.7) miss 91 km (0.3 s)
[07:14:02]     settle 16: 134 @   2048 d -> ok lintwin tank 775.7 (+0.9) miss 78 km (0.3 s)
[07:14:02]     settle 12: 176 @   2081 d -> ok lintwin tank 716.5 (+16.6) miss 64 km (1.7 s)
[07:14:02]     settle 11:  13 @   1763 d -> ok lintwin tank 708.9 (+22.0) miss 83 km (2.6 s)
[07:14:03]     settle 13: 147 @   2004 d -> ok lintwin tank 841.6 (+42.5) miss 67 km (1.7 s)
[07:14:03]     settle 13: 199 @   1835 d -> ok lintwin tank 778.8 (+5.3) miss 60 km (2.1 s)
[07:14:04]     settle 14: 266 @   1783 d -> ok lintwin tank 752.6 (+27.1) miss 67 km (1.7 s)
[07:14:04]     settle  9: 259 @   1688 d -> ok lintwin tank 745.9 (+54.1) miss 51 km (2.3 s)
[07:14:04]     settle 11: 189 @   1755 d -> ok lintwin tank 707.5 (+20.5) miss 72 km (2.0 s)
[07:14:05]     settle 14: 248 @   2133 d -> ok lintwin tank 853.5 (+11.9) miss 58 km (2.2 s)
[07:14:05]     settle 13:  28 @   1832 d -> ok lintwin tank 796.1 (+13.8) miss 73 km (1.2 s)
[07:14:05]     settle 15:  97 @   1956 d -> ok lintwin tank 757.0 (+4.4) miss 67 km (1.6 s)
[07:14:06]     settle 12: 151 @   1801 d -> ok lintwin tank 747.0 (+11.5) miss 59 km (0.5 s)
[07:14:06]     settle 16: 288 @   2113 d -> ok lintwin tank 772.9 (+15.9) miss 66 km (0.7 s)
[07:14:07]     settle  9: 214 @   1675 d -> ok lintwin tank 776.4 (+84.6) miss 65 km (2.4 s)
[07:14:07]     settle 16: 113 @   2070 d -> ok lintwin tank 776.4 (+17.8) miss 15 km (0.3 s)
[07:14:07]     settle 12: 133 @   1996 d -> ok lintwin tank 708.7 (+15.6) miss 68 km (2.0 s)
[07:14:07]     settle 12: 106 @   1789 d -> FAIL [('lam', 13559829.7)] (4.7 s)
[07:14:07]   6 candidates dropped (settle failure / regrid failure / duplicate after truncation)
[07:14:07] RESULT s03_c1: 10 columns; frontier 1fb 12 kg p1/2 | 2fb 19 kg p0/0; settles 13 (12 ok), regrids 10 (10 ok); wall 92 s of 300 (plan 61, price 0, settle 31; budget hit None, 0 unsettled)
[07:14:07]     settle 15:  97 @   1944 d -> ok lintwin tank 747.6 (+5.1) miss 54 km (0.3 s)
[07:14:07]   job s03_c1 craft columns  10  levels 10  settles 12/13  end plan_done  wall 91.9 s
[07:14:08]     settle 11:  42 @   1680 d -> ok lintwin tank 713.6 (+26.6) miss 60 km (0.7 s)
[07:14:08]     settle 14:  65 @   2025 d -> ok lintwin tank 779.1 (+0.4) miss 86 km (2.7 s)
[07:14:09]     settle 16:  76 @   2021 d -> ok lintwin tank 752.3 (+4.7) miss 2 km (1.3 s)
[07:14:09]     settle 13: 286 @   1987 d -> ok lintwin tank 762.0 (+15.0) miss 66 km (3.1 s)
[07:14:09]     settle 14:  94 @   2107 d -> ok lintwin tank 764.7 (+2.7) miss 41 km (0.3 s)
[07:14:09] RESULT s03_c3: 16 columns; frontier 1fb 4 kg p1/3 | 2fb 16 kg p0/2 | 3fb 19 kg p0/2 | 4fb 57 kg p0/0; settles 28 (28 ok), regrids 16 (16 ok); wall 94 s of 300 (plan 62, price 1, settle 32; budget hit None, 0 unsettled)
[07:14:10]     settle 12: 124 @   2100 d -> ok lintwin tank 717.0 (+3.4) miss 78 km (2.1 s)
[07:14:11]   job s03_c3 craft columns  16  levels 10  settles 28/28  end plan_done  wall 94.4 s
[07:14:11]     settle 14: 207 @   2073 d -> ok lintwin tank 788.5 (+9.7) miss 29 km (2.8 s)
[07:14:12]     settle 12: 151 @   1878 d -> ok lintwin tank 717.0 (+9.5) miss 1 km (1.7 s)
[07:14:13]     settle 12: 151 @   1876 d -> ok lintwin tank 715.7 (+6.8) miss 70 km (1.1 s)
[07:14:14]     settle 17: 254 @   2104 d -> FAIL [('lam', 8351385.3)] (5.4 s)
[07:14:14]     settle 13:  48 @   2137 d -> ok lintwin tank 719.6 (+3.9) miss 44 km (0.7 s)
[07:14:14]     settle  9:   9 @   1655 d -> FAIL [('lam', 68852.9)] (7.0 s)
[07:14:14] RESULT s03_c0: 16 columns; frontier 1fb 6 kg p1/2 | 2fb 15 kg p1/2 | 3fb 27 kg p0/2; settles 22 (21 ok), regrids 16 (16 ok); wall 99 s of 300 (plan 65, price 1, settle 34; budget hit None, 0 unsettled)
[07:14:15]     settle 14:  82 @   1975 d -> ok lintwin tank 805.3 (+9.3) miss 79 km (3.1 s)
[07:14:15]     settle  9: 263 @   1770 d -> ok lintwin tank 705.8 (+14.0) miss 82 km (0.9 s)
[07:14:15]   job s03_c0 craft columns  16  levels 10  settles 21/22  end plan_done  wall 99.3 s
[07:14:16]     settle 11: 259 @   1657 d -> ok lintwin tank 699.5 (+12.5) miss 78 km (1.4 s)
[07:14:18]     settle 12: 154 @   1926 d -> ok lintwin tank 711.5 (+12.0) miss 67 km (2.3 s)
[07:14:18]     settle 14: 147 @   2009 d -> ok lintwin tank 802.5 (+6.5) miss 73 km (3.1 s)
[07:14:19]     settle 13: 117 @   2099 d -> ok lintwin tank 717.5 (+5.9) miss 62 km (1.2 s)
[07:14:21]     settle 15: 248 @   2133 d -> ok lintwin tank 812.5 (+7.1) miss 65 km (2.3 s)
[07:14:21]     settle 12: 151 @   1873 d -> ok lintwin tank 715.7 (+6.8) miss 83 km (1.1 s)
[07:14:23]     settle 13:  92 @   2045 d -> ok lintwin tank 720.2 (+4.5) miss 64 km (2.0 s)
[07:14:23]     settle 15: 248 @   2137 d -> ok lintwin tank 805.3 (+2.8) miss 76 km (1.8 s)
[07:14:24]     settle 12:  28 @   1813 d -> ok lintwin tank 787.3 (+20.8) miss 67 km (0.9 s)
[07:14:25]     settle 11:  50 @   1760 d -> ok lintwin tank 713.1 (+26.1) miss 71 km (2.1 s)
[07:14:25]     settle  9: 253 @   1727 d -> FAIL [('lam', 477512.1)] (8.3 s)
[07:14:26]     settle 13:  82 @   1977 d -> ok lintwin tank 803.4 (+16.1) miss 77 km (1.4 s)
[07:14:27]     settle 12: 151 @   1880 d -> ok lintwin tank 722.2 (+9.1) miss 10 km (1.7 s)
[07:14:27]     settle 14: 294 @   2038 d -> ok lintwin tank 811.3 (+7.9) miss 67 km (1.8 s)
[07:14:28]     settle 10: 255 @   2049 d -> ok lam tank 705.3 (+13.1) miss 76 km (2.9 s)
[07:14:29]     settle 13: 286 @   1945 d -> ok lintwin tank 724.0 (+1.9) miss 63 km (2.1 s)
[07:14:30]     settle 15:  98 @   2142 d -> ok lintwin tank 826.6 (+15.3) miss 1 km (2.9 s)
[07:14:31] RESULT s03_c6: 16 columns; frontier 1fb 3 kg p1/3 | 2fb 8 kg p1/3 | 3fb 12 kg p0/3 | 4fb 39 kg p2/2; settles 19 (19 ok), regrids 16 (16 ok); wall 116 s of 300 (plan 73, price 1, settle 42; budget hit None, 0 unsettled)
[07:14:31]     settle 14:  92 @   2049 d -> ok lintwin tank 725.9 (+1.9) miss 80 km (1.6 s)
[07:14:31]   job s03_c6 craft columns  16  levels 10  settles 19/19  end plan_done  wall 115.7 s
[07:14:33]     settle 14:  48 @   2130 d -> ok lintwin tank 739.1 (+15.1) miss 69 km (1.8 s)
[07:14:35]     settle 14:  94 @   2129 d -> ok lintwin tank 740.9 (+20.7) miss 79 km (1.8 s)
[07:14:36]     settle  9: 263 @   1780 d -> ok lin tank 713.4 (+21.6) miss 86 km (5.6 s)
[07:14:37]     settle 13: 286 @   1946 d -> ok lintwin tank 719.9 (+4.2) miss 80 km (1.4 s)
[07:14:38]     settle 14:  92 @   2041 d -> ok lintwin tank 730.6 (+10.7) miss 79 km (1.7 s)
[07:14:39]     settle 15:  94 @   2128 d -> ok lintwin tank 758.7 (+28.0) miss 70 km (0.7 s)
[07:14:41]     settle 13: 286 @   1945 d -> ok lintwin tank 717.6 (+0.6) miss 80 km (1.5 s)
[07:14:43]     settle 14:  92 @   2039 d -> ok lintwin tank 726.0 (+8.4) miss 78 km (2.0 s)
[07:14:44]     settle 15:  94 @   2128 d -> ok lintwin tank 754.1 (+28.1) miss 80 km (1.3 s)
[07:14:46]     settle 11: 120 @   1761 d -> ok lintwin tank 719.8 (+32.8) miss 53 km (1.8 s)
[07:14:47]     settle 10: 290 @   1940 d -> FAIL [('lam', 11247.6)] (11.4 s)
[07:14:49]     settle 12: 151 @   1873 d -> ok lintwin tank 720.2 (+0.4) miss 57 km (2.4 s)
[07:14:49]     settle 10: 189 @   1784 d -> ok lintwin tank 878.9 (+102.5) miss 62 km (2.3 s)
[07:14:50]     settle 13: 286 @   1937 d -> ok lintwin tank 733.8 (+13.6) miss 65 km (1.6 s)
[07:14:51]     settle 14: 113 @   2070 d -> ok lintwin tank 743.1 (+9.3) miss 2 km (0.3 s)
[07:14:52]     settle 15:  94 @   2133 d -> ok lintwin tank 767.9 (+24.9) miss 74 km (1.7 s)
[07:14:53] RESULT s03_c4: 16 columns; frontier 1fb 4 kg p1/1 | 2fb 22 kg p1/1 | 3fb 30 kg p0/2 | 4fb 39 kg p0/2 | 5fb 67 kg p1/1; settles 32 (32 ok), regrids 16 (16 ok); wall 138 s of 300 (plan 80, price 1, settle 57; budget hit None, 0 unsettled)
[07:14:54]   job s03_c4 craft columns  16  levels 12  settles 32/32  end plan_done  wall 137.7 s
[07:14:55]     settle 10: 189 @   1789 d -> ok lam tank 881.9 (+105.5) miss 1 km (5.2 s)
[07:15:08]     settle 11: 117 @   1914 d -> FAIL [('lam', 9069109.9)] (12.5 s)
[07:15:16]     settle 10: 292 @   1938 d -> FAIL [('lam', 660139.3)] (8.9 s)
[07:15:21]     settle 11:  27 @   1893 d -> FAIL [('lam', 20574553.8)] (4.0 s)
[07:15:21]   9 candidates dropped (settle failure / regrid failure / duplicate after truncation)
[07:15:21] RESULT s03_c7: 7 columns; frontier 1fb 0 kg p2/3 | 2fb 15 kg p2/3; settles 20 (9 ok), regrids 7 (7 ok); wall 166 s of 300 (plan 84, price 0, settle 82; budget hit None, 0 unsettled)
[07:15:22]   job s03_c7 craft columns   7  levels 14  settles 9/20  end plan_done  wall 165.6 s
[07:15:22] [slice 3] propose: 112 columns (0 bad dropped) in 166.7 s
[07:15:22] [slice 3] auction: 112 columns, kept 110, dropped {'ramp': 2}; lam 1.00 H_eff 540 d fuel budget 482 kg quota on
[07:15:22] [slice 3] auction: status optimal objective 31.062 vars 110 rows 60 chosen 8 fuel 286/482 kg (0.014 s)
[07:15:24] [slice 3 T=1620 d] launched 8/8  covered 106  remaining 192  fuel 1136 kg  sumJi 8.8995  chosen: c0:3(+51) c1:2(+19) c2:3(+14) c3:3(+50) c4:5(+67) c5:3(+32) c6:4(+39) c7:2(+15)  rejected: -  (wall 169 s)
[07:15:24] [slice 4 T=2160 d] propose: 8 jobs (8 craft, 0 root) on 9 workers, proposer planbeam, H_eff 540 d, lam 1.0
[07:15:24] job s04_c0 (craft, craft 0, planbeam): T 2160 d H 540 L 360; plan horizon 3780 d; remaining 192; prize >1 on 68; width 150 npt 6 mc 150 dv 1.2 drmax 0.15 plan_wall 240 s; quota {'fil': 6, 'med': 14}
[07:15:24] job s04_c1 (craft, craft 1, planbeam): T 2160 d H 540 L 360; plan horizon 3780 d; remaining 192; prize >1 on 68; width 150 npt 6 mc 150 dv 1.2 drmax 0.15 plan_wall 240 s; quota {'fil': 9, 'med': 14}
[07:15:24] job s04_c2 (craft, craft 2, planbeam): T 2160 d H 540 L 360; plan horizon 3780 d; remaining 192; prize >1 on 68; width 150 npt 6 mc 150 dv 1.2 drmax 0.15 plan_wall 240 s; quota {'fil': 6, 'med': 16}
[07:15:24] job s04_c3 (craft, craft 3, planbeam): T 2160 d H 540 L 360; plan horizon 3780 d; remaining 192; prize >1 on 68; width 150 npt 6 mc 150 dv 1.2 drmax 0.15 plan_wall 240 s; quota {'fil': 5, 'med': 16}
[07:15:24] job s04_c4 (craft, craft 4, planbeam): T 2160 d H 540 L 360; plan horizon 3780 d; remaining 192; prize >1 on 68; width 150 npt 6 mc 150 dv 1.2 drmax 0.15 plan_wall 240 s; quota {'fil': 4, 'med': 15}
[07:15:24] job s04_c5 (craft, craft 5, planbeam): T 2160 d H 540 L 360; plan horizon 3780 d; remaining 192; prize >1 on 68; width 150 npt 6 mc 150 dv 1.2 drmax 0.15 plan_wall 240 s; quota {'fil': 10, 'med': 14}
[07:15:24] job s04_c7 (craft, craft 7, planbeam): T 2160 d H 540 L 360; plan horizon 3780 d; remaining 192; prize >1 on 68; width 150 npt 6 mc 150 dv 1.2 drmax 0.15 plan_wall 240 s; quota {'fil': 7, 'med': 16}
[07:15:24] job s04_c6 (craft, craft 6, planbeam): T 2160 d H 540 L 360; plan horizon 3780 d; remaining 192; prize >1 on 68; width 150 npt 6 mc 150 dv 1.2 drmax 0.15 plan_wall 240 s; quota {'fil': 7, 'med': 12}
[07:15:24] prefix slices/s04/in/craft_5.npz: 12 flybys, t_end 2087.0 d, tank 682.4 kg (planner view), miss 5.3 km, nreg 99
[07:15:24] budget: job_wall 300 s, 300 s left before the plan -> plan cap 210 s (plan_wall 240, settle_reserve 90)
[07:15:24] prefix slices/s04/in/craft_7.npz: 10 flybys, t_end 2049.3 d, tank 706.5 kg (planner view), miss 97.5 km, nreg 92
[07:15:24] budget: job_wall 300 s, 300 s left before the plan -> plan cap 210 s (plan_wall 240, settle_reserve 90)
[07:15:24] prefix slices/s04/in/craft_2.npz: 13 flybys, t_end 2108.4 d, tank 738.1 kg (planner view), miss 5.3 km, nreg 104
[07:15:24] budget: job_wall 300 s, 300 s left before the plan -> plan cap 210 s (plan_wall 240, settle_reserve 90)
[07:15:24] prefix slices/s04/in/craft_6.npz: 15 flybys, t_end 2129.8 d, tank 805.0 kg (planner view), miss 0.8 km, nreg 100
[07:15:24] budget: job_wall 300 s, 300 s left before the plan -> plan cap 210 s (plan_wall 240, settle_reserve 90)
[07:15:24] prefix slices/s04/in/craft_0.npz: 16 flybys, t_end 2069.5 d, tank 776.3 kg (planner view), miss 0.7 km, nreg 106
[07:15:24] budget: job_wall 300 s, 300 s left before the plan -> plan cap 210 s (plan_wall 240, settle_reserve 90)
[07:15:24] prefix slices/s04/in/craft_4.npz: 15 flybys, t_end 2131.1 d, tank 753.9 kg (planner view), miss 4.0 km, nreg 103
[07:15:24] prefix slices/s04/in/craft_3.npz: 13 flybys, t_end 2103.7 d, tank 757.7 kg (planner view), miss 9.3 km, nreg 104
[07:15:24] budget: job_wall 300 s, 300 s left before the plan -> plan cap 210 s (plan_wall 240, settle_reserve 90)
[07:15:24] budget: job_wall 300 s, 300 s left before the plan -> plan cap 210 s (plan_wall 240, settle_reserve 90)
[07:15:24] prefix slices/s04/in/craft_1.npz: 12 flybys, t_end 2074.1 d, tank 716.4 kg (planner view), miss 3.8 km, nreg 107
[07:15:24] budget: job_wall 300 s, 300 s left before the plan -> plan cap 210 s (plan_wall 240, settle_reserve 90)
[07:15:35] first level (both): 0 production + 67 relaxed (dv 2.5, 0.3 AU; 0.1 s) + 68 lintwin children -> 102 unique (11.6 s)
[07:15:35] plan start: prefix 12 flybys, t_end 2087.0 d, planner mass 1410.4 kg (dv 4.948 km/s); 102 first-level states
[07:15:36] first level (both): 0 production + 67 relaxed (dv 2.5, 0.3 AU; 0.1 s) + 67 lintwin children -> 99 unique (12.2 s)
[07:15:36] plan start: prefix 13 flybys, t_end 2108.4 d, planner mass 1303.9 kg (dv 8.029 km/s); 99 first-level states
[07:15:36] first level (both): 0 production + 14 relaxed (dv 2.5, 0.3 AU; 0.0 s) + 81 lintwin children -> 89 unique (12.3 s)
[07:15:36] plan start: prefix 10 flybys, t_end 2049.3 d, planner mass 1362.3 kg (dv 6.310 km/s); 89 first-level states
[07:15:36] first level (both): 0 production + 79 relaxed (dv 2.5, 0.3 AU; 0.1 s) + 68 lintwin children -> 114 unique (12.6 s)
[07:15:36] plan start: prefix 15 flybys, t_end 2129.8 d, planner mass 1195.5 kg (dv 11.433 km/s); 114 first-level states
[07:15:37] first level (both): 0 production + 65 relaxed (dv 2.5, 0.3 AU; 0.1 s) + 63 lintwin children -> 96 unique (13.2 s)
[07:15:37] plan start: prefix 15 flybys, t_end 2131.1 d, planner mass 1276.5 kg (dv 8.860 km/s); 96 first-level states
[07:15:37] first level (both): 0 production + 62 relaxed (dv 2.5, 0.3 AU; 0.1 s) + 63 lintwin children -> 92 unique (13.2 s)
[07:15:37] plan start: prefix 13 flybys, t_end 2103.7 d, planner mass 1270.2 kg (dv 9.054 km/s); 92 first-level states
[07:15:37] first level (both): 0 production + 47 relaxed (dv 2.5, 0.3 AU; 0.1 s) + 72 lintwin children -> 95 unique (13.6 s)
[07:15:37] plan start: prefix 16 flybys, t_end 2069.5 d, planner mass 1239.8 kg (dv 10.005 km/s); 95 first-level states
[07:15:38] first level (both): 0 production + 83 relaxed (dv 2.5, 0.3 AU; 0.1 s) + 94 lintwin children -> 138 unique (14.3 s)
[07:15:38] plan start: prefix 12 flybys, t_end 2074.1 d, planner mass 1343.4 kg (dv 6.856 km/s); 138 first-level states
[07:16:19] plan: 965 states, depth 9 new flybys, end plan_done (55 s); deepest 9 new to 3693 d at planner fuel 519 kg
[07:16:19]   depth  1:  138 states (121 in H), t_end 2166-2857 d, fuel 261-357 kg
[07:16:19]   depth  2:  150 states (118 in H), t_end 2271-3090 d, fuel 271-389 kg
[07:16:19]   depth  3:  150 states (14 in H), t_end 2496-3293 d, fuel 291-413 kg
[07:16:19]   depth  4:  150 states (0 in H), t_end 2774-3623 d, fuel 329-439 kg
[07:16:19]   depth  5:  150 states (0 in H), t_end 3094-3780 d, fuel 368-471 kg
[07:16:19]   depth  6:  150 states (0 in H), t_end 3242-3780 d, fuel 403-501 kg
[07:16:19]   depth  7:   42 states (0 in H), t_end 3436-3780 d, fuel 441-523 kg
[07:16:19]   depth  8:   33 states (0 in H), t_end 3599-3753 d, fuel 469-515 kg
[07:16:19]   depth  9:    2 states (0 in H), t_end 3693-3697 d, fuel 519-547 kg
[07:16:19] candidates: 123 distinct committed target sets (n_new 1-3, potential 0-2)
[07:16:19] frontier: 16 candidates chosen (n fb / committed planner kg / continuation (lookahead)): 1fb/262kg/p0(0), 1fb/263kg/p0(0), 1fb/274kg/p2(1), 1fb/295kg/p2(0), 1fb/298kg/p2(2), 1fb/301kg/p3(1), 1fb/301kg/p2(0), 1fb/302kg/p2(1), 1fb/329kg/p2(1), 1fb/335kg/p2(2), 2fb/290kg/p1(1), 2fb/292kg/p0(0), 2fb/327kg/p2(1), 3fb/298kg/p0(0), 3fb/332kg/p0(0), 3fb/367kg/p1(1)
[07:16:19] budget: 245 s of 300 left for the settles + regrids (settle_wall 480)
[07:16:21] plan: 1075 states, depth 9 new flybys, end plan_done (57 s); deepest 9 new to 3677 d at planner fuel 420 kg
[07:16:21]   depth  1:  102 states (92 in H), t_end 2235-2808 d, fuel 191-292 kg
[07:16:21]   depth  2:  150 states (112 in H), t_end 2401-3178 d, fuel 217-324 kg
[07:16:21]   depth  3:  150 states (21 in H), t_end 2579-3463 d, fuel 227-355 kg
[07:16:21]   depth  4:  150 states (0 in H), t_end 2776-3692 d, fuel 255-393 kg
[07:16:21]   depth  5:  150 states (0 in H), t_end 2943-3728 d, fuel 315-425 kg
[07:16:21]   depth  6:  150 states (0 in H), t_end 3319-3747 d, fuel 349-451 kg
[07:16:21]   depth  7:  150 states (0 in H), t_end 3427-3779 d, fuel 350-474 kg
[07:16:21]   depth  8:   68 states (0 in H), t_end 3572-3780 d, fuel 387-493 kg
[07:16:21]   depth  9:    5 states (0 in H), t_end 3672-3776 d, fuel 420-491 kg
[07:16:21] candidates: 124 distinct committed target sets (n_new 1-3, potential 0-3)
[07:16:21] frontier: 16 candidates chosen (n fb / committed planner kg / continuation (lookahead)): 1fb/191kg/p1(1), 1fb/194kg/p0(0), 1fb/200kg/p2(1), 1fb/234kg/p3(1), 1fb/240kg/p4(2), 1fb/241kg/p2(1), 1fb/258kg/p3(1), 1fb/264kg/p3(3), 1fb/272kg/p3(1), 1fb/275kg/p3(2), 2fb/239kg/p0(0), 2fb/241kg/p0(0), 2fb/264kg/p3(2), 3fb/262kg/p1(1), 3fb/290kg/p0(0), 3fb/303kg/p2(2)
[07:16:21] budget: 243 s of 300 left for the settles + regrids (settle_wall 480)
[07:16:21]     settle 13: 170 @   2602 d -> ok lintwin tank 718.8 (+2.4) miss 74 km (1.8 s)
[07:16:21]     settle 13: 145 @   2386 d -> ok lintwin tank 683.2 (+0.8) miss 1 km (0.3 s)
[07:16:22]     settle 13: 215 @   2651 d -> ok lintwin tank 691.5 (+9.2) miss 1 km (0.9 s)
[07:16:23]     settle 13: 263 @   2632 d -> ok lintwin tank 717.0 (+0.7) miss 67 km (1.8 s)
[07:16:23]     settle 13:  40 @   2424 d -> ok lintwin tank 687.5 (+5.1) miss 8 km (0.8 s)
[07:16:24]     settle 13:  44 @   2334 d -> ok lintwin tank 697.9 (+15.5) miss 3 km (0.7 s)
[07:16:24] plan: 1107 states, depth 9 new flybys, end plan_done (61 s); deepest 9 new to 3778 d at planner fuel 537 kg
[07:16:24]   depth  1:   99 states (83 in H), t_end 2238-2834 d, fuel 303-391 kg
[07:16:24]   depth  2:  150 states (74 in H), t_end 2377-3243 d, fuel 323-426 kg
[07:16:24]   depth  3:  150 states (19 in H), t_end 2543-3723 d, fuel 337-461 kg
[07:16:24]   depth  4:  150 states (2 in H), t_end 2662-3746 d, fuel 362-492 kg
[07:16:24]   depth  5:  150 states (0 in H), t_end 3070-3751 d, fuel 398-527 kg
[07:16:24]   depth  6:  150 states (0 in H), t_end 3238-3743 d, fuel 433-559 kg
[07:16:24]   depth  7:  150 states (0 in H), t_end 3383-3779 d, fuel 468-580 kg
[07:16:24]   depth  8:  102 states (0 in H), t_end 3662-3779 d, fuel 498-608 kg
[07:16:24]   depth  9:    6 states (0 in H), t_end 3765-3778 d, fuel 537-565 kg
[07:16:24] candidates: 99 distinct committed target sets (n_new 1-4, potential 0-2)
[07:16:24] frontier: 16 candidates chosen (n fb / committed planner kg / continuation (lookahead)): 1fb/306kg/p1(1), 1fb/307kg/p2(2), 1fb/310kg/p2(1), 1fb/312kg/p2(1), 1fb/313kg/p3(1), 1fb/316kg/p3(1), 1fb/328kg/p3(1), 1fb/345kg/p3(2), 1fb/371kg/p3(2), 2fb/323kg/p0(0), 2fb/327kg/p0(0), 2fb/333kg/p2(1), 3fb/353kg/p1(1), 3fb/377kg/p0(0), 3fb/391kg/p1(1), 4fb/481kg/p0(0)
[07:16:24] budget: 239 s of 300 left for the settles + regrids (settle_wall 480)
[07:16:25]     settle 13:  43 @   2271 d -> ok lintwin tank 707.9 (+25.5) miss 5 km (0.6 s)
[07:16:26]     settle 13:  18 @   2316 d -> ok lintwin tank 727.1 (+10.7) miss 67 km (2.1 s)
[07:16:26]     settle 14: 231 @   2640 d -> ok lintwin tank 748.6 (+10.5) miss 59 km (1.6 s)
[07:16:27] plan: 1221 states, depth 10 new flybys, end plan_done (63 s); deepest 10 new to 3701 d at planner fuel 542 kg
[07:16:27]   depth  1:   92 states (73 in H), t_end 2313-2790 d, fuel 332-423 kg
[07:16:27]   depth  2:  150 states (103 in H), t_end 2453-3220 d, fuel 346-461 kg
[07:16:27]   depth  3:  150 states (21 in H), t_end 2617-3409 d, fuel 362-491 kg
[07:16:27]   depth  4:  150 states (0 in H), t_end 2777-3584 d, fuel 381-503 kg
[07:16:27]   depth  5:  150 states (0 in H), t_end 2862-3688 d, fuel 409-534 kg
[07:16:27]   depth  6:  150 states (0 in H), t_end 2990-3778 d, fuel 423-527 kg
[07:16:27]   depth  7:  145 states (0 in H), t_end 3230-3778 d, fuel 452-550 kg
[07:16:27]   depth  8:  141 states (0 in H), t_end 3365-3779 d, fuel 483-579 kg
[07:16:27]   depth  9:   69 states (0 in H), t_end 3501-3779 d, fuel 531-591 kg
[07:16:27]   depth 10:   24 states (0 in H), t_end 3657-3771 d, fuel 542-607 kg
[07:16:27] candidates: 113 distinct committed target sets (n_new 1-3, potential 0-3)
[07:16:27] frontier: 16 candidates chosen (n fb / committed planner kg / continuation (lookahead)): 1fb/339kg/p1(0), 1fb/339kg/p1(0), 1fb/352kg/p2(1), 1fb/354kg/p2(1), 1fb/357kg/p5(3), 1fb/360kg/p2(1), 1fb/363kg/p2(1), 1fb/379kg/p3(1), 1fb/395kg/p3(2), 2fb/346kg/p0(0), 2fb/356kg/p0(0), 2fb/360kg/p4(3), 2fb/380kg/p3(2), 3fb/377kg/p2(2), 3fb/390kg/p3(3), 3fb/397kg/p1(1)
[07:16:27] budget: 237 s of 300 left for the settles + regrids (settle_wall 480)
[07:16:27] plan: 1149 states, depth 11 new flybys, end plan_done (63 s); deepest 11 new to 3775 d at planner fuel 666 kg
[07:16:27]   depth  1:   96 states (76 in H), t_end 2186-2860 d, fuel 331-417 kg
[07:16:27]   depth  2:  150 states (71 in H), t_end 2421-3247 d, fuel 345-453 kg
[07:16:27]   depth  3:  150 states (13 in H), t_end 2629-3607 d, fuel 365-483 kg
[07:16:27]   depth  4:  150 states (0 in H), t_end 2865-3705 d, fuel 391-508 kg
[07:16:27]   depth  5:  150 states (0 in H), t_end 3008-3743 d, fuel 422-532 kg
[07:16:27]   depth  6:  150 states (0 in H), t_end 3109-3776 d, fuel 458-558 kg
[07:16:27]   depth  7:  150 states (0 in H), t_end 3204-3780 d, fuel 511-581 kg
[07:16:27]   depth  8:   70 states (0 in H), t_end 3320-3776 d, fuel 537-602 kg
[07:16:27]   depth  9:   62 states (0 in H), t_end 3464-3780 d, fuel 577-613 kg
[07:16:27]   depth 10:   20 states (0 in H), t_end 3628-3777 d, fuel 601-644 kg
[07:16:27]   depth 11:    1 states (0 in H), t_end 3775-3775 d, fuel 666-666 kg
[07:16:27] candidates: 94 distinct committed target sets (n_new 1-3, potential 0-2)
[07:16:27] frontier: 16 candidates chosen (n fb / committed planner kg / continuation (lookahead)): 1fb/336kg/p1(0), 1fb/340kg/p1(1), 1fb/341kg/p2(2), 1fb/342kg/p2(2), 1fb/347kg/p2(2), 1fb/373kg/p4(2), 1fb/373kg/p3(2), 1fb/374kg/p2(1), 1fb/395kg/p3(2), 1fb/398kg/p3(1), 2fb/375kg/p0(0), 2fb/378kg/p0(0), 2fb/407kg/p3(2), 3fb/433kg/p0(0), 3fb/435kg/p2(2), 3fb/450kg/p0(0)
[07:16:27] budget: 236 s of 300 left for the settles + regrids (settle_wall 480)
[07:16:27]     settle 13: 184 @   2517 d -> ok lintwin tank 718.4 (+36.0) miss 8 km (1.8 s)
[07:16:28]     settle 14: 190 @   2371 d -> ok lintwin tank 763.1 (+5.5) miss 8 km (0.3 s)
[07:16:28] plan: 1260 states, depth 11 new flybys, end plan_done (64 s); deepest 11 new to 3749 d at planner fuel 595 kg
[07:16:28]   depth  1:   89 states (76 in H), t_end 2163-2805 d, fuel 238-338 kg
[07:16:28]   depth  2:  121 states (52 in H), t_end 2247-3383 d, fuel 248-367 kg
[07:16:28]   depth  3:  150 states (37 in H), t_end 2413-3593 d, fuel 283-395 kg
[07:16:28]   depth  4:  150 states (12 in H), t_end 2567-3653 d, fuel 299-430 kg
[07:16:28]   depth  5:  150 states (0 in H), t_end 2740-3733 d, fuel 330-462 kg
[07:16:28]   depth  6:  150 states (0 in H), t_end 3091-3768 d, fuel 339-491 kg
[07:16:28]   depth  7:  150 states (0 in H), t_end 3221-3749 d, fuel 403-526 kg
[07:16:28]   depth  8:  150 states (0 in H), t_end 3326-3772 d, fuel 440-560 kg
[07:16:28]   depth  9:  128 states (0 in H), t_end 3486-3773 d, fuel 503-586 kg
[07:16:28]   depth 10:   18 states (0 in H), t_end 3571-3763 d, fuel 527-592 kg
[07:16:28]   depth 11:    4 states (0 in H), t_end 3745-3755 d, fuel 595-606 kg
[07:16:28] candidates: 129 distinct committed target sets (n_new 1-4, potential 0-2)
[07:16:28] frontier: 16 candidates chosen (n fb / committed planner kg / continuation (lookahead)): 1fb/238kg/p1(1), 1fb/238kg/p1(1), 1fb/252kg/p4(1), 1fb/256kg/p2(0), 1fb/284kg/p3(1), 1fb/305kg/p3(0), 1fb/316kg/p4(1), 2fb/268kg/p2(2), 2fb/272kg/p0(0), 2fb/291kg/p3(1), 3fb/300kg/p1(1), 3fb/319kg/p0(0), 3fb/323kg/p2(1), 4fb/339kg/p1(1), 4fb/401kg/p1(1), 4fb/404kg/p0(0)
[07:16:28] budget: 236 s of 300 left for the settles + regrids (settle_wall 480)
[07:16:28]     settle 13: 135 @   2237 d -> ok lintwin tank 733.8 (+17.4) miss 70 km (1.9 s)
[07:16:28]     settle 14:  41 @   2683 d -> ok lintwin tank 744.8 (+6.7) miss 58 km (1.4 s)
[07:16:28]     settle 13:  18 @   2312 d -> ok lintwin tank 692.7 (+10.4) miss 35 km (0.5 s)
[07:16:29]     settle 16:  25 @   2410 d -> ok lintwin tank 759.3 (+5.4) miss 75 km (1.6 s)
[07:16:29]     settle 14:   9 @   2334 d -> ok lintwin tank 762.7 (+5.0) miss 73 km (1.2 s)
[07:16:29]     settle 14: 249 @   2381 d -> ok lintwin tank 744.9 (+6.8) miss 11 km (1.0 s)
[07:16:30]     settle 13: 129 @   2438 d -> ok lintwin tank 710.4 (+28.1) miss 33 km (1.2 s)
[07:16:31]     settle 14:  68 @   2370 d -> ok lintwin tank 746.7 (+8.5) miss 73 km (0.9 s)
[07:16:31] plan: 1219 states, depth 10 new flybys, end plan_done (67 s); deepest 10 new to 3640 d at planner fuel 622 kg
[07:16:31]   depth  1:   95 states (81 in H), t_end 2212-2800 d, fuel 360-451 kg
[07:16:31]   depth  2:  150 states (120 in H), t_end 2370-2948 d, fuel 378-487 kg
[07:16:31]   depth  3:  150 states (36 in H), t_end 2513-3538 d, fuel 383-509 kg
[07:16:31]   depth  4:  150 states (10 in H), t_end 2588-3617 d, fuel 415-536 kg
[07:16:31]   depth  5:  150 states (0 in H), t_end 2793-3718 d, fuel 444-560 kg
[07:16:31]   depth  6:  150 states (0 in H), t_end 3135-3730 d, fuel 473-586 kg
[07:16:31]   depth  7:  150 states (0 in H), t_end 3259-3777 d, fuel 496-611 kg
[07:16:31]   depth  8:  150 states (0 in H), t_end 3381-3779 d, fuel 542-631 kg
[07:16:31]   depth  9:   65 states (0 in H), t_end 3532-3779 d, fuel 568-644 kg
[07:16:31]   depth 10:    9 states (0 in H), t_end 3630-3666 d, fuel 622-646 kg
[07:16:31] candidates: 126 distinct committed target sets (n_new 1-4, potential 0-2)
[07:16:31] frontier: 16 candidates chosen (n fb / committed planner kg / continuation (lookahead)): 1fb/360kg/p0(0), 1fb/363kg/p1(1), 1fb/368kg/p3(2), 1fb/377kg/p4(2), 1fb/393kg/p4(2), 1fb/405kg/p4(1), 1fb/434kg/p4(1), 2fb/378kg/p1(1), 2fb/378kg/p0(0), 2fb/413kg/p3(2), 3fb/407kg/p1(1), 3fb/410kg/p1(1), 3fb/433kg/p2(1), 4fb/453kg/p1(1), 4fb/468kg/p0(0), 4fb/471kg/p0(0)
[07:16:31] budget: 233 s of 300 left for the settles + regrids (settle_wall 480)
[07:16:31]     settle 16:  40 @   2420 d -> ok lintwin tank 768.9 (+15.0) miss 66 km (2.0 s)
[07:16:31] plan: 1235 states, depth 10 new flybys, end plan_done (68 s); deepest 10 new to 3780 d at planner fuel 659 kg
[07:16:31]   depth  1:  114 states (95 in H), t_end 2170-2794 d, fuel 420-492 kg
[07:16:31]   depth  2:  150 states (96 in H), t_end 2365-3257 d, fuel 428-527 kg
[07:16:31]   depth  3:  150 states (37 in H), t_end 2444-3254 d, fuel 450-558 kg
[07:16:31]   depth  4:  150 states (1 in H), t_end 2664-3708 d, fuel 478-559 kg
[07:16:31]   depth  5:  150 states (0 in H), t_end 2877-3708 d, fuel 497-567 kg
[07:16:31]   depth  6:  150 states (0 in H), t_end 3215-3776 d, fuel 519-593 kg
[07:16:31]   depth  7:  150 states (0 in H), t_end 3302-3780 d, fuel 551-610 kg
[07:16:31]   depth  8:  150 states (0 in H), t_end 3456-3779 d, fuel 582-639 kg
[07:16:31]   depth  9:   66 states (0 in H), t_end 3574-3779 d, fuel 606-662 kg
[07:16:31]   depth 10:    5 states (0 in H), t_end 3632-3780 d, fuel 659-693 kg
[07:16:31] candidates: 119 distinct committed target sets (n_new 1-4, potential 0-2)
[07:16:31] frontier: 16 candidates chosen (n fb / committed planner kg / continuation (lookahead)): 1fb/420kg/p0(0), 1fb/421kg/p1(1), 1fb/442kg/p3(0), 1fb/443kg/p2(2), 1fb/448kg/p4(2), 1fb/449kg/p2(1), 1fb/461kg/p2(1), 1fb/486kg/p3(1), 2fb/429kg/p0(0), 2fb/448kg/p0(0), 2fb/459kg/p2(2), 2fb/476kg/p3(2), 3fb/476kg/p0(0), 3fb/480kg/p1(1), 3fb/483kg/p2(2), 4fb/534kg/p0(0)
[07:16:31] budget: 232 s of 300 left for the settles + regrids (settle_wall 480)
[07:16:32]     settle 13: 105 @   2342 d -> ok lintwin tank 701.0 (+18.6) miss 5 km (1.6 s)
[07:16:32]     settle 14: 269 @   2381 d -> ok lintwin tank 766.6 (+8.9) miss 76 km (2.5 s)
[07:16:32]     settle 14: 213 @   2291 d -> ok lintwin tank 746.4 (+8.3) miss 40 km (1.0 s)
[07:16:33]     settle 13: 123 @   2493 d -> ok lintwin tank 729.2 (+12.8) miss 3 km (5.0 s)
[07:16:33]     settle 14: 141 @   2244 d -> ok lintwin tank 749.1 (+11.0) miss 68 km (1.0 s)
[07:16:34]     settle 16:   9 @   2329 d -> ok lintwin tank 814.7 (+9.7) miss 59 km (2.4 s)
[07:16:34]     settle 16:  54 @   2569 d -> ok lintwin tank 766.4 (+12.5) miss 62 km (2.5 s)
[07:16:34]     settle 14: 156 @   2452 d -> ok lintwin tank 779.7 (+22.0) miss 76 km (1.9 s)
[07:16:35]     settle 14: 296 @   2281 d -> ok lintwin tank 761.4 (+23.3) miss 58 km (0.9 s)
[07:16:35]     settle 17: 170 @   2674 d -> ok lintwin tank 811.3 (+35.1) miss 0 km (4.2 s)
[07:16:36]     settle 16: 129 @   2439 d -> ok lintwin tank 763.0 (+9.1) miss 68 km (1.8 s)
[07:16:37]     settle 16: 122 @   2660 d -> ok lintwin tank 810.8 (+5.7) miss 71 km (2.7 s)
[07:16:37]     settle 13: 134 @   2628 d -> ok lintwin tank 700.2 (+17.9) miss 6 km (4.7 s)
[07:16:37]     settle 17:  17 @   2533 d -> ok lintwin tank 784.7 (+8.5) miss 28 km (1.5 s)
[07:16:37]     settle 13:  43 @   2264 d -> ok lintwin tank 743.6 (+27.2) miss 73 km (3.3 s)
[07:16:38]     settle 14: 217 @   2383 d -> ok lintwin tank 770.0 (+12.4) miss 82 km (3.0 s)
[07:16:38]     settle 17: 129 @   2337 d -> ok lintwin tank 784.4 (+8.1) miss 22 km (0.5 s)
[07:16:38]     settle 13:  40 @   2427 d -> ok lintwin tank 687.5 (+5.1) miss 8 km (0.8 s)
[07:16:38]     settle 16: 181 @   2441 d -> ok lintwin tank 757.9 (+4.0) miss 73 km (1.6 s)
[07:16:38]     settle 14: 143 @   2436 d -> ok lintwin tank 809.6 (+71.5) miss 71 km (3.6 s)
[07:16:40]     settle 14: 253 @   2696 d -> ok lintwin tank 712.4 (+24.9) miss 13 km (1.9 s)
[07:16:40]     settle 14:  18 @   2408 d -> ok lintwin tank 779.2 (+41.0) miss 56 km (1.2 s)
[07:16:41]     settle 14:  42 @   2376 d -> ok lintwin tank 772.0 (+14.3) miss 48 km (2.6 s)
[07:16:41]     settle 14:  52 @   2671 d -> ok lintwin tank 691.7 (+4.2) miss 7 km (0.6 s)
[07:16:41]     settle 13: 190 @   2214 d -> ok lintwin tank 772.3 (+56.0) miss 74 km (3.7 s)
[07:16:42]     settle 15: 134 @   2632 d -> ok lintwin tank 750.0 (+3.6) miss 51 km (0.7 s)
[07:16:42]     settle 14: 212 @   2491 d -> ok lintwin tank 710.2 (+2.3) miss 20 km (0.6 s)
[07:16:42]     settle 17:  88 @   2488 d -> ok lintwin tank 814.7 (+38.4) miss 56 km (3.8 s)
[07:16:43]     settle 17:  38 @   2310 d -> ok lintwin tank 798.0 (+21.7) miss 61 km (0.4 s)
[07:16:43]     settle 16: 135 @   2341 d -> ok lintwin tank 795.1 (+41.2) miss 96 km (4.2 s)
[07:16:43]     settle 13:  33 @   2525 d -> ok lintwin tank 739.2 (+22.8) miss 61 km (1.8 s)
[07:16:43]     settle 15: 134 @   2632 d -> ok lintwin tank 751.9 (+6.9) miss 46 km (1.4 s)
[07:16:44]     settle 11: 231 @   2641 d -> FAIL [('lam', 80433.3)] (15.9 s)
[07:16:44]     settle 14:  62 @   2460 d -> ok lintwin tank 768.9 (+11.3) miss 61 km (2.7 s)
[07:16:44]     settle 14: 212 @   2533 d -> ok lintwin tank 708.1 (+10.2) miss 4 km (1.8 s)
[07:16:44]     settle 15: 249 @   2383 d -> ok lintwin tank 757.1 (+8.0) miss 38 km (0.4 s)
[07:16:44]     settle 15:  41 @   2684 d -> ok lintwin tank 713.7 (+5.6) miss 16 km (0.6 s)
[07:16:45]     settle 16:  41 @   2683 d -> ok lintwin tank 764.4 (+7.3) miss 17 km (0.3 s)
[07:16:45]     settle 17: 201 @   2212 d -> ok lintwin tank 809.3 (+33.0) miss 75 km (1.8 s)
[07:16:45]     settle 13: 129 @   2436 d -> ok lintwin tank 764.5 (+48.1) miss 64 km (1.5 s)
[07:16:46]     settle 15: 249 @   2384 d -> ok lintwin tank 766.0 (+4.7) miss 44 km (0.7 s)
[07:16:46]     settle 14: 182 @   2418 d -> ok lintwin tank 778.8 (+21.1) miss 75 km (2.1 s)
[07:16:46]     settle 14: 212 @   2496 d -> ok lintwin tank 710.2 (+2.3) miss 22 km (1.3 s)
[07:16:47]     settle 16: 212 @   2458 d -> ok lintwin tank 783.8 (+29.9) miss 62 km (3.3 s)
[07:16:47]     settle 15: 231 @   2630 d -> ok lintwin tank 717.0 (+6.8) miss 18 km (0.9 s)
[07:16:48]     settle 16: 196 @   2664 d -> ok lintwin tank 774.3 (+8.3) miss 74 km (2.0 s)
[07:16:48]     settle 13:  88 @   2510 d -> ok lintwin tank 762.3 (+45.9) miss 73 km (2.2 s)
[07:16:48]     settle 14: 291 @   2464 d -> ok lintwin tank 786.8 (+29.1) miss 84 km (1.8 s)
[07:16:49]     settle 15:  41 @   2681 d -> ok lintwin tank 730.4 (+20.2) miss 36 km (1.1 s)
[07:16:49]     settle 16: 227 @   2330 d -> ok lintwin tank 799.6 (+45.6) miss 79 km (1.5 s)
[07:16:49] RESULT s04_c5: 16 columns; frontier 1fb 1 kg p1/3 | 2fb 9 kg p0/2 | 3fb 31 kg p1/2; settles 19 (19 ok), regrids 16 (16 ok); wall 85 s of 300 (plan 57, price 1, settle 28; budget hit None, 0 unsettled)
[07:16:49]     settle 15: 249 @   2386 d -> ok lintwin tank 766.0 (+4.6) miss 44 km (0.7 s)
[07:16:50]     settle 17:  30 @   2238 d -> ok lintwin tank 835.5 (+59.2) miss 99 km (3.2 s)
[07:16:50]     settle 15: 122 @   2578 d -> ok lintwin tank 766.8 (+4.2) miss 82 km (1.4 s)
[07:16:50]   job s04_c5 craft columns  16  levels 9  settles 19/19  end plan_done  wall 85.2 s
[07:16:50]     settle 18:  21 @   2632 d -> ok lintwin tank 788.5 (+4.2) miss 16 km (0.6 s)
[07:16:50]     settle 16:  41 @   2682 d -> ok lintwin tank 777.4 (+11.3) miss 51 km (1.6 s)
[07:16:51]     settle 16: 145 @   2396 d -> ok lintwin tank 787.5 (+33.5) miss 67 km (1.6 s)
[07:16:51]     settle 14:   2 @   2657 d -> ok lintwin tank 733.5 (+6.4) miss 67 km (2.3 s)
[07:16:51]     settle 15: 122 @   2570 d -> ok lintwin tank 770.0 (+6.9) miss 39 km (0.3 s)
[07:16:51]     settle 15:  62 @   2461 d -> ok lintwin tank 773.1 (+3.1) miss 25 km (0.3 s)
[07:16:52]     settle 14: 296 @   2279 d -> ok lintwin tank 761.4 (+23.3) miss 61 km (0.8 s)
[07:16:52]     settle 15: 125 @   2458 d -> ok lintwin tank 776.9 (+6.8) miss 41 km (0.3 s)
[07:16:52]     settle 15: 249 @   2378 d -> ok lintwin tank 766.0 (+4.6) miss 40 km (0.7 s)
[07:16:53]     settle 16: 122 @   2651 d -> ok lintwin tank 775.5 (+2.4) miss 70 km (0.3 s)
[07:16:53]     settle 16:  18 @   2341 d -> ok lintwin tank 785.1 (+31.2) miss 69 km (1.9 s)
[07:16:54]     settle 14: 215 @   2675 d -> ok lintwin tank 733.3 (+6.2) miss 73 km (3.0 s)
[07:16:54]     settle 16: 114 @   2619 d -> ok lintwin tank 791.3 (+18.2) miss 55 km (1.1 s)
[07:16:54]     settle 16:  70 @   2543 d -> ok lintwin tank 792.6 (+26.6) miss 19 km (1.7 s)
[07:16:55]     settle 17: 123 @   2357 d -> ok lintwin tank 785.9 (+9.7) miss 75 km (4.1 s)
[07:16:55]     settle 17: 196 @   2666 d -> ok lintwin tank 807.6 (+15.0) miss 42 km (0.8 s)
[07:16:55] RESULT s04_c2: 16 columns; frontier 1fb 7 kg p2/2 | 2fb 12 kg p0/1 | 3fb 26 kg p1/1 | 4fb 70 kg p0/0; settles 21 (21 ok), regrids 16 (16 ok); wall 92 s of 300 (plan 61, price 1, settle 31; budget hit None, 0 unsettled)
[07:16:55]     settle 18:  63 @   2456 d -> ok lintwin tank 787.3 (+1.4) miss 28 km (0.4 s)
[07:16:56]     settle 17:  12 @   2642 d -> ok lintwin tank 776.5 (+17.2) miss 73 km (2.5 s)
[07:16:56]   job s04_c2 craft columns  16  levels 9  settles 21/21  end plan_done  wall 91.7 s
[07:16:56]     settle 14: 212 @   2494 d -> ok lintwin tank 756.4 (+12.9) miss 66 km (1.9 s)
[07:16:57]     settle 16: 294 @   2170 d -> FAIL [('lam', 7588646.0)] (19.7 s)
[07:16:57]     settle 16:  57 @   2696 d -> ok lintwin tank 796.3 (+23.2) miss 75 km (2.8 s)
[07:16:58] RESULT s04_c3: 16 columns; frontier 1fb 5 kg p0/3 | 2fb 9 kg p0/3 | 3fb 18 kg p2/3; settles 16 (16 ok), regrids 16 (16 ok); wall 94 s of 300 (plan 63, price 1, settle 30; budget hit None, 0 unsettled)
[07:16:58]   job s04_c3 craft columns  16  levels 10  settles 16/16  end plan_done  wall 93.9 s
[07:16:59]     settle 17:  69 @   2630 d -> ok lintwin tank 782.3 (+23.0) miss 67 km (2.5 s)
[07:16:59]     settle 14:  54 @   2570 d -> ok lintwin tank 732.1 (+5.0) miss 66 km (1.8 s)
[07:16:59]     settle 15:   2 @   2659 d -> ok lintwin tank 738.3 (+6.2) miss 65 km (0.3 s)
[07:16:59]     settle 17: 212 @   2491 d -> ok lintwin tank 799.6 (+4.4) miss 84 km (0.5 s)
[07:17:00]     settle 16: 277 @   2439 d -> ok lintwin tank 829.8 (+24.8) miss 61 km (3.3 s)
[07:17:01]     settle 18: 197 @   2578 d -> ok lintwin tank 848.1 (+33.5) miss 0 km (4.6 s)
[07:17:01]     settle 14: 145 @   2378 d -> ok lintwin tank 735.0 (+7.9) miss 67 km (1.7 s)
[07:17:01]     settle 18: 156 @   2446 d -> ok lintwin tank 793.4 (+9.0) miss 6 km (0.5 s)
[07:17:02]     settle 11: 296 @   2664 d -> FAIL [('lam', 66130.6)] (18.2 s)
[07:17:02]     settle 19:  21 @   2633 d -> ok lintwin tank 796.6 (+3.2) miss 6 km (0.4 s)
[07:17:03]     settle 18: 182 @   2407 d -> ok lintwin tank 786.4 (+2.1) miss 41 km (0.3 s)
[07:17:03]     settle 16: 161 @   2364 d -> ok lintwin tank 781.9 (+28.0) miss 67 km (2.8 s)
[07:17:03]     settle 16: 217 @   2365 d -> ok lintwin tank 824.2 (+19.1) miss 77 km (2.4 s)
[07:17:03]     settle 19:  21 @   2632 d -> ok lintwin tank 795.9 (+9.4) miss 18 km (0.3 s)
[07:17:03]     settle 17:  12 @   2629 d -> ok lintwin tank 796.8 (+14.9) miss 59 km (0.7 s)
[07:17:05]     settle 15:   2 @   2657 d -> ok lintwin tank 768.4 (+33.4) miss 68 km (3.4 s)
[07:17:05]     settle 18:  87 @   2699 d -> ok lintwin tank 800.4 (+3.6) miss 78 km (1.5 s)
[07:17:05]     settle 18: 123 @   2439 d -> ok lintwin tank 813.7 (+4.4) miss 88 km (1.7 s)
[07:17:06]     settle 16:  31 @   2304 d -> ok lintwin tank 820.4 (+15.3) miss 68 km (2.5 s)
[07:17:07]     settle 19:  33 @   2545 d -> ok lintwin tank 813.9 (+0.1) miss 53 km (1.5 s)
[07:17:07]     settle 15:  41 @   2679 d -> ok lintwin tank 766.4 (+9.9) miss 55 km (1.8 s)
[07:17:07] RESULT s04_c1: 16 columns; frontier 1fb 0 kg p0/2 | 2fb 17 kg p0/1 | 3fb 22 kg p0/1; settles 18 (18 ok), regrids 16 (16 ok); wall 104 s of 300 (plan 55, price 1, settle 48; budget hit None, 0 unsettled)
[07:17:08]     settle 20:  69 @   2593 d -> ok lintwin tank 824.4 (+10.6) miss 24 km (0.7 s)
[07:17:08]   job s04_c1 craft columns  16  levels 9  settles 18/18  end plan_done  wall 103.5 s
[07:17:08]     settle 18:  41 @   2682 d -> ok lintwin tank 825.2 (+25.6) miss 67 km (3.0 s)
[07:17:09]     settle 16: 291 @   2384 d -> ok lintwin tank 831.6 (+26.6) miss 64 km (2.6 s)
[07:17:10]     settle 20: 263 @   2680 d -> ok lintwin tank 835.3 (+21.4) miss 33 km (1.7 s)
[07:17:10]     settle 19:  69 @   2589 d -> ok lintwin tank 822.3 (+8.5) miss 57 km (0.3 s)
[07:17:12]     settle 20: 263 @   2678 d -> ok lintwin tank 828.7 (+6.4) miss 33 km (1.0 s)
[07:17:12]     settle 16: 190 @   2395 d -> ok lintwin tank 825.2 (+20.2) miss 71 km (2.7 s)
[07:17:12]     settle 11: 129 @   2353 d -> FAIL [('lam', 35109.9)] (10.1 s)
[07:17:12] RESULT s04_c0: 16 columns; frontier 1fb 8 kg p2/2 | 2fb 11 kg p0/2 | 3fb 20 kg p1/1 | 4fb 48 kg p1/1; settles 21 (21 ok), regrids 16 (16 ok); wall 108 s of 300 (plan 67, price 1, settle 41; budget hit None, 0 unsettled)
[07:17:12]     settle 16: 109 @   2438 d -> ok lintwin tank 828.6 (+74.7) miss 74 km (3.4 s)
[07:17:12]   job s04_c0 craft columns  16  levels 10  settles 21/21  end plan_done  wall 108.2 s
[07:17:16]     settle 16: 269 @   2412 d -> ok lintwin tank 815.4 (+10.4) miss 78 km (3.9 s)
[07:17:18]     settle 17: 114 @   2629 d -> ok lintwin tank 823.7 (+8.2) miss 75 km (2.5 s)
[07:17:23]     settle 17: 234 @   2686 d -> ok lintwin tank 833.9 (+18.4) miss 66 km (3.8 s)
[07:17:26]     settle 16: 217 @   2358 d -> ok lintwin tank 824.3 (+19.2) miss 68 km (2.7 s)
[07:17:27]     settle 11:  52 @   2501 d -> FAIL [('lam', 8414386.0)] (14.8 s)
[07:17:28]     settle 17: 114 @   2628 d -> ok lintwin tank 834.1 (+9.8) miss 75 km (2.6 s)
[07:17:31]     settle 17: 291 @   2450 d -> ok lintwin tank 832.2 (+8.0) miss 75 km (2.8 s)
[07:17:34]     settle 17: 291 @   2443 d -> ok lintwin tank 832.7 (+8.4) miss 60 km (2.3 s)
[07:17:36]     settle 17: 212 @   2517 d -> FAIL [('lam', 9271270.7)] (23.8 s)
[07:17:36] RESULT s04_c4: 16 columns; frontier 1fb 4 kg p2/2 | 2fb 22 kg p0/2 | 3fb 46 kg p0/2; settles 20 (18 ok), regrids 16 (16 ok); wall 132 s of 300 (plan 63, price 1, settle 69; budget hit None, 0 unsettled)
[07:17:36]   job s04_c4 craft columns  16  levels 11  settles 18/20  end plan_done  wall 132.5 s
[07:17:36]     settle 11: 172 @   2243 d -> FAIL [('lam', 162777.2)] (9.6 s)
[07:17:37]     settle 18: 266 @   2696 d -> ok lintwin tank 857.7 (+25.0) miss 69 km (3.2 s)
[07:17:41]     settle 18:  64 @   2694 d -> ok lintwin tank 852.5 (+19.9) miss 78 km (3.3 s)
[07:17:43]     settle 18: 114 @   2629 d -> ok lintwin tank 847.2 (+15.0) miss 56 km (2.1 s)
[07:17:44]   2 candidates dropped (settle failure / regrid failure / duplicate after truncation)
[07:17:44] RESULT s04_c6: 14 columns; frontier 1fb 6 kg p1/2 | 2fb 18 kg p0/2 | 3fb 42 kg p2/2; settles 19 (17 ok), regrids 14 (14 ok); wall 140 s of 300 (plan 68, price 1, settle 72; budget hit None, 0 unsettled)
[07:17:44]   job s04_c6 craft columns  14  levels 10  settles 17/19  end plan_done  wall 140.0 s
[07:17:58]     settle 11:  98 @   2219 d -> FAIL [('lam', 92424.7)] (21.2 s)
[07:18:05]     settle 11: 121 @   2209 d -> ok lam tank 742.5 (+36.1) miss 0 km (7.8 s)
[07:18:08]   regrid FAIL (1 fb: miss 8290 km, None, 2.9 s) -> column dropped
[07:18:17]     settle 11: 209 @   2403 d -> ok lam tank 851.4 (+145.0) miss 2 km (8.2 s)
[07:18:20]     settle 12: 109 @   2560 d -> FAIL [('lam', 1821.1)] (3.6 s)
[07:18:37]     settle 12: 217 @   2353 d -> FAIL [('lam', 174058.6)] (9.7 s)
[07:18:37]   15 candidates dropped (settle failure / regrid failure / duplicate after truncation)
[07:18:37] RESULT s04_c7: 1 columns; frontier 1fb 157 kg p0/0; settles 17 (2 ok), regrids 2 (1 ok); wall 194 s of 300 (plan 64, price 0, settle 130; budget hit None, 0 unsettled)
[07:18:38]   job s04_c7 craft columns   1  levels 11  settles 2/17  end plan_done  wall 193.7 s
[07:18:38] [slice 4] propose: 111 columns (0 bad dropped) in 194.8 s
[07:18:38] [slice 4] auction: 111 columns, kept 111, dropped {}; lam 1.00 H_eff 540 d fuel budget 482 kg quota on
[07:18:38] [slice 4] auction: status optimal objective 28.720 vars 111 rows 48 chosen 7 fuel 295/482 kg (0.015 s)
[07:18:41] [slice 4 T=2160 d] launched 8/8  covered 128  remaining 170  fuel 1431 kg  sumJi 9.1611  chosen: c0:4(+48) c1:3(+22) c2:4(+69) c3:3(+33) c4:3(+46) c5:3(+48) c6:2(+29)  rejected: -  (wall 197 s)
[07:18:41] [slice 5 T=2700 d] propose: 8 jobs (8 craft, 0 root) on 9 workers, proposer planbeam, H_eff 540 d, lam 1.0
[07:18:41] job s05_c0 (craft, craft 0, planbeam): T 2700 d H 540 L 360; plan horizon 4320 d; remaining 170; prize >1 on 81; width 150 npt 6 mc 150 dv 1.2 drmax 0.15 plan_wall 240 s; quota {'fil': 6, 'med': 11}
[07:18:41] job s05_c2 (craft, craft 2, planbeam): T 2700 d H 540 L 360; plan horizon 4320 d; remaining 170; prize >1 on 81; width 150 npt 6 mc 150 dv 1.2 drmax 0.15 plan_wall 240 s; quota {'fil': 5, 'med': 14}
[07:18:41] job s05_c4 (craft, craft 4, planbeam): T 2700 d H 540 L 360; plan horizon 4320 d; remaining 170; prize >1 on 81; width 150 npt 6 mc 150 dv 1.2 drmax 0.15 plan_wall 240 s; quota {'fil': 3, 'med': 13}
[07:18:41] job s05_c1 (craft, craft 1, planbeam): T 2700 d H 540 L 360; plan horizon 4320 d; remaining 170; prize >1 on 81; width 150 npt 6 mc 150 dv 1.2 drmax 0.15 plan_wall 240 s; quota {'fil': 8, 'med': 12}
[07:18:41] job s05_c5 (craft, craft 5, planbeam): T 2700 d H 540 L 360; plan horizon 4320 d; remaining 170; prize >1 on 81; width 150 npt 6 mc 150 dv 1.2 drmax 0.15 plan_wall 240 s; quota {'fil': 10, 'med': 13}
[07:18:41] job s05_c7 (craft, craft 7, planbeam): T 2700 d H 540 L 360; plan horizon 4320 d; remaining 170; prize >1 on 81; width 150 npt 6 mc 150 dv 1.2 drmax 0.15 plan_wall 240 s; quota {'fil': 7, 'med': 16}
[07:18:41] job s05_c6 (craft, craft 6, planbeam): T 2700 d H 540 L 360; plan horizon 4320 d; remaining 170; prize >1 on 81; width 150 npt 6 mc 150 dv 1.2 drmax 0.15 plan_wall 240 s; quota {'fil': 7, 'med': 12}
[07:18:41] job s05_c3 (craft, craft 3, planbeam): T 2700 d H 540 L 360; plan horizon 4320 d; remaining 170; prize >1 on 81; width 150 npt 6 mc 150 dv 1.2 drmax 0.15 plan_wall 240 s; quota {'fil': 5, 'med': 16}
[07:18:41] prefix slices/s05/in/craft_7.npz: 10 flybys, t_end 2049.3 d, tank 706.5 kg (planner view), miss 97.5 km, nreg 92
[07:18:41] budget: job_wall 300 s, 300 s left before the plan -> plan cap 210 s (plan_wall 240, settle_reserve 90)
[07:18:41] prefix slices/s05/in/craft_5.npz: 15 flybys, t_end 2679.5 d, tank 730.1 kg (planner view), miss 4.5 km, nreg 129
[07:18:41] budget: job_wall 300 s, 300 s left before the plan -> plan cap 210 s (plan_wall 240, settle_reserve 90)
[07:18:41] prefix slices/s05/in/craft_2.npz: 17 flybys, t_end 2665.3 d, tank 807.6 kg (planner view), miss 9.8 km, nreg 132
[07:18:41] budget: job_wall 300 s, 300 s left before the plan -> plan cap 210 s (plan_wall 240, settle_reserve 90)
[07:18:41] prefix slices/s05/in/craft_6.npz: 17 flybys, t_end 2685.0 d, tank 833.7 kg (planner view), miss 2.1 km, nreg 127
[07:18:41] budget: job_wall 300 s, 300 s left before the plan -> plan cap 210 s (plan_wall 240, settle_reserve 90)
[07:18:41] prefix slices/s05/in/craft_3.npz: 16 flybys, t_end 2619.1 d, tank 791.1 kg (planner view), miss 0.5 km, nreg 129
[07:18:41] prefix slices/s05/in/craft_1.npz: 15 flybys, t_end 2658.0 d, tank 738.1 kg (planner view), miss 5.3 km, nreg 135
[07:18:41] budget: job_wall 300 s, 300 s left before the plan -> plan cap 210 s (plan_wall 240, settle_reserve 90)
[07:18:41] budget: job_wall 300 s, 300 s left before the plan -> plan cap 210 s (plan_wall 240, settle_reserve 90)
[07:18:41] prefix slices/s05/in/craft_4.npz: 18 flybys, t_end 2698.6 d, tank 800.1 kg (planner view), miss 1.0 km, nreg 131
[07:18:41] budget: job_wall 300 s, 300 s left before the plan -> plan cap 210 s (plan_wall 240, settle_reserve 90)
[07:18:41] prefix slices/s05/in/craft_0.npz: 20 flybys, t_end 2592.0 d, tank 824.2 kg (planner view), miss 77.9 km, nreg 132
[07:18:41] budget: job_wall 300 s, 300 s left before the plan -> plan cap 210 s (plan_wall 240, settle_reserve 90)
[07:18:55] first level (both): 0 production + 45 relaxed (dv 2.5, 0.3 AU; 0.1 s) + 67 lintwin children -> 90 unique (14.0 s)
[07:18:55] plan start: prefix 15 flybys, t_end 2679.5 d, planner mass 1318.2 kg (dv 7.601 km/s); 90 first-level states
[07:18:55] first level (both): 0 production + 68 relaxed (dv 2.5, 0.3 AU; 0.1 s) + 63 lintwin children -> 98 unique (14.2 s)
[07:18:55] plan start: prefix 17 flybys, t_end 2665.3 d, planner mass 1191.7 kg (dv 11.557 km/s); 98 first-level states
[07:18:55] first level (both): 0 production + 0 relaxed (dv 2.5, 0.3 AU; 0.0 s) + 77 lintwin children -> 77 unique (14.5 s)
[07:18:55] plan start: prefix 10 flybys, t_end 2049.3 d, planner mass 1362.3 kg (dv 6.310 km/s); 77 first-level states
[07:18:55] first level (both): 0 production + 82 relaxed (dv 2.5, 0.3 AU; 0.1 s) + 56 lintwin children -> 112 unique (14.5 s)
[07:18:55] plan start: prefix 17 flybys, t_end 2685.0 d, planner mass 1154.4 kg (dv 12.805 km/s); 112 first-level states
[07:18:56] first level (both): 0 production + 40 relaxed (dv 2.5, 0.3 AU; 0.1 s) + 53 lintwin children -> 73 unique (15.3 s)
[07:18:56] plan start: prefix 16 flybys, t_end 2619.1 d, planner mass 1216.6 kg (dv 10.746 km/s); 73 first-level states
[07:18:56] first level (both): 0 production + 61 relaxed (dv 2.5, 0.3 AU; 0.1 s) + 55 lintwin children -> 94 unique (15.4 s)
[07:18:56] plan start: prefix 18 flybys, t_end 2698.6 d, planner mass 1202.9 kg (dv 11.191 km/s); 94 first-level states
[07:18:56] first level (both): 0 production + 68 relaxed (dv 2.5, 0.3 AU; 0.1 s) + 54 lintwin children -> 93 unique (15.6 s)
[07:18:56] plan start: prefix 15 flybys, t_end 2658.0 d, planner mass 1303.9 kg (dv 8.027 km/s); 93 first-level states
[07:18:56] first level (both): 0 production + 42 relaxed (dv 2.5, 0.3 AU; 0.1 s) + 61 lintwin children -> 80 unique (15.7 s)
[07:18:56] plan start: prefix 20 flybys, t_end 2592.0 d, planner mass 1167.6 kg (dv 12.357 km/s); 80 first-level states
[07:19:33] plan: 985 states, depth 9 new flybys, end plan_done (53 s); deepest 9 new to 4319 d at planner fuel 505 kg
[07:19:33]   depth  1:   77 states (66 in H), t_end 2717-3323 d, fuel 238-337 kg
[07:19:33]   depth  2:   81 states (19 in H), t_end 2926-3923 d, fuel 254-380 kg
[07:19:33]   depth  3:  145 states (6 in H), t_end 3026-4225 d, fuel 275-416 kg
[07:19:33]   depth  4:  150 states (0 in H), t_end 3243-4306 d, fuel 324-455 kg
[07:19:33]   depth  5:  150 states (0 in H), t_end 3613-4227 d, fuel 349-489 kg
[07:19:33]   depth  6:  150 states (0 in H), t_end 3733-4319 d, fuel 365-505 kg
[07:19:33]   depth  7:  150 states (0 in H), t_end 3896-4319 d, fuel 385-523 kg
[07:19:33]   depth  8:   72 states (0 in H), t_end 3975-4320 d, fuel 390-545 kg
[07:19:33]   depth  9:   10 states (0 in H), t_end 4122-4319 d, fuel 505-580 kg
[07:19:33] candidates: 76 distinct committed target sets (n_new 1-3, potential 0-2)
[07:19:33] frontier: 16 candidates chosen (n fb / committed planner kg / continuation (lookahead)): 1fb/238kg/p2(2), 1fb/238kg/p1(0), 1fb/240kg/p2(2), 1fb/245kg/p3(1), 1fb/251kg/p2(2), 1fb/253kg/p2(2), 1fb/269kg/p2(0), 1fb/277kg/p3(1), 1fb/331kg/p3(2), 1fb/336kg/p3(2), 2fb/260kg/p0(0), 2fb/272kg/p1(1), 2fb/283kg/p2(1), 3fb/305kg/p1(1), 3fb/333kg/p0(0), 3fb/336kg/p0(0)
[07:19:33] budget: 247 s of 300 left for the settles + regrids (settle_wall 480)
[07:19:38] plan: 981 states, depth 9 new flybys, end plan_done (57 s); deepest 9 new to 4315 d at planner fuel 628 kg
[07:19:38]   depth  1:   94 states (70 in H), t_end 2757-3338 d, fuel 404-486 kg
[07:19:38]   depth  2:  150 states (47 in H), t_end 2854-3884 d, fuel 430-519 kg
[07:19:38]   depth  3:  150 states (6 in H), t_end 3184-4169 d, fuel 444-537 kg
[07:19:38]   depth  4:  150 states (0 in H), t_end 3268-4185 d, fuel 462-562 kg
[07:19:38]   depth  5:  150 states (0 in H), t_end 3780-4286 d, fuel 496-591 kg
[07:19:38]   depth  6:  150 states (0 in H), t_end 3853-4318 d, fuel 526-619 kg
[07:19:38]   depth  7:  116 states (0 in H), t_end 4062-4314 d, fuel 553-621 kg
[07:19:38]   depth  8:   19 states (0 in H), t_end 4193-4306 d, fuel 580-644 kg
[07:19:38]   depth  9:    2 states (0 in H), t_end 4313-4315 d, fuel 628-629 kg
[07:19:38] candidates: 79 distinct committed target sets (n_new 1-3, potential 0-2)
[07:19:38] frontier: 16 candidates chosen (n fb / committed planner kg / continuation (lookahead)): 1fb/404kg/p2(1), 1fb/413kg/p0(0), 1fb/429kg/p2(1), 1fb/431kg/p2(1), 1fb/434kg/p3(2), 1fb/439kg/p2(1), 1fb/443kg/p3(2), 1fb/452kg/p3(2), 1fb/465kg/p3(1), 1fb/470kg/p3(1), 2fb/430kg/p1(1), 2fb/436kg/p1(1), 2fb/451kg/p2(2), 3fb/513kg/p0(0), 3fb/518kg/p1(1), 3fb/519kg/p0(0)
[07:19:38] budget: 243 s of 300 left for the settles + regrids (settle_wall 480)
[07:19:39]     settle 11: 214 @   3113 d -> FAIL [('lam', 371143.3)] (5.4 s)
[07:19:39] plan: 1089 states, depth 10 new flybys, end plan_done (58 s); deepest 10 new to 4281 d at planner fuel 550 kg
[07:19:39]   depth  1:   90 states (78 in H), t_end 2819-3334 d, fuel 287-379 kg
[07:19:39]   depth  2:  150 states (112 in H), t_end 2907-3673 d, fuel 312-416 kg
[07:19:39]   depth  3:  150 states (39 in H), t_end 3083-4049 d, fuel 339-448 kg
[07:19:39]   depth  4:  150 states (1 in H), t_end 3218-4228 d, fuel 353-482 kg
[07:19:39]   depth  5:  150 states (0 in H), t_end 3581-4316 d, fuel 382-505 kg
[07:19:39]   depth  6:  150 states (0 in H), t_end 3708-4316 d, fuel 402-523 kg
[07:19:39]   depth  7:  150 states (0 in H), t_end 3922-4316 d, fuel 447-556 kg
[07:19:39]   depth  8:   82 states (0 in H), t_end 4046-4320 d, fuel 486-563 kg
[07:19:39]   depth  9:   16 states (0 in H), t_end 4207-4316 d, fuel 502-546 kg
[07:19:39]   depth 10:    1 states (0 in H), t_end 4281-4281 d, fuel 550-550 kg
[07:19:39] candidates: 133 distinct committed target sets (n_new 1-4, potential 0-3)
[07:19:39] frontier: 16 candidates chosen (n fb / committed planner kg / continuation (lookahead)): 1fb/288kg/p0(0), 1fb/297kg/p2(0), 1fb/313kg/p3(2), 1fb/314kg/p2(0), 1fb/320kg/p4(2), 1fb/328kg/p3(2), 1fb/346kg/p3(2), 1fb/347kg/p4(3), 1fb/351kg/p3(1), 2fb/319kg/p1(1), 2fb/319kg/p2(2), 2fb/339kg/p3(2), 3fb/357kg/p0(0), 3fb/365kg/p0(0), 3fb/368kg/p2(2), 4fb/408kg/p0(0)
[07:19:39] budget: 242 s of 300 left for the settles + regrids (settle_wall 480)
[07:19:39] plan: 1029 states, depth 9 new flybys, end plan_done (59 s); deepest 9 new to 4226 d at planner fuel 511 kg
[07:19:39]   depth  1:   93 states (82 in H), t_end 2717-3355 d, fuel 305-392 kg
[07:19:39]   depth  2:  150 states (57 in H), t_end 2963-3695 d, fuel 317-425 kg
[07:19:39]   depth  3:  150 states (3 in H), t_end 3227-4055 d, fuel 326-457 kg
[07:19:39]   depth  4:  150 states (0 in H), t_end 3402-4195 d, fuel 337-486 kg
[07:19:39]   depth  5:  150 states (0 in H), t_end 3637-4313 d, fuel 349-512 kg
[07:19:39]   depth  6:  150 states (0 in H), t_end 3845-4318 d, fuel 398-545 kg
[07:19:39]   depth  7:  150 states (0 in H), t_end 4029-4316 d, fuel 406-576 kg
[07:19:39]   depth  8:   34 states (0 in H), t_end 4165-4315 d, fuel 467-576 kg
[07:19:39]   depth  9:    2 states (0 in H), t_end 4224-4226 d, fuel 511-516 kg
[07:19:39] candidates: 76 distinct committed target sets (n_new 1-3, potential 0-2)
[07:19:39] frontier: 16 candidates chosen (n fb / committed planner kg / continuation (lookahead)): 1fb/305kg/p3(2), 1fb/311kg/p1(1), 1fb/312kg/p2(2), 1fb/317kg/p2(2), 1fb/337kg/p2(0), 1fb/346kg/p2(1), 1fb/359kg/p2(2), 1fb/359kg/p2(1), 1fb/377kg/p2(1), 1fb/384kg/p3(2), 1fb/384kg/p2(1), 1fb/388kg/p2(1), 2fb/328kg/p2(2), 2fb/335kg/p2(2), 2fb/350kg/p1(1), 3fb/381kg/p0(0)
[07:19:39] budget: 241 s of 300 left for the settles + regrids (settle_wall 480)
[07:19:40] plan: 1067 states, depth 10 new flybys, end plan_done (60 s); deepest 10 new to 4275 d at planner fuel 673 kg
[07:19:40]   depth  1:   73 states (66 in H), t_end 2725-3317 d, fuel 387-473 kg
[07:19:40]   depth  2:  150 states (90 in H), t_end 2899-3703 d, fuel 403-502 kg
[07:19:40]   depth  3:  150 states (12 in H), t_end 3041-4004 d, fuel 415-534 kg
[07:19:40]   depth  4:  150 states (2 in H), t_end 3229-4183 d, fuel 446-568 kg
[07:19:40]   depth  5:  150 states (0 in H), t_end 3362-4311 d, fuel 455-596 kg
[07:19:40]   depth  6:  150 states (0 in H), t_end 3528-4320 d, fuel 497-623 kg
[07:19:40]   depth  7:  135 states (0 in H), t_end 3702-4320 d, fuel 549-654 kg
[07:19:40]   depth  8:   62 states (0 in H), t_end 3849-4320 d, fuel 571-682 kg
[07:19:40]   depth  9:   37 states (0 in H), t_end 4087-4318 d, fuel 655-707 kg
[07:19:40]   depth 10:   10 states (0 in H), t_end 4221-4303 d, fuel 673-727 kg
[07:19:40] candidates: 108 distinct committed target sets (n_new 1-4, potential 0-2)
[07:19:40] frontier: 16 candidates chosen (n fb / committed planner kg / continuation (lookahead)): 1fb/387kg/p1(1), 1fb/393kg/p2(1), 1fb/414kg/p3(1), 1fb/436kg/p3(2), 1fb/436kg/p3(2), 1fb/439kg/p3(1), 1fb/447kg/p3(2), 1fb/454kg/p5(2), 1fb/461kg/p3(1), 2fb/414kg/p0(0), 2fb/415kg/p0(0), 2fb/493kg/p4(2), 3fb/462kg/p1(1), 3fb/473kg/p0(0), 3fb/532kg/p3(2), 4fb/563kg/p2(2)
[07:19:40] budget: 240 s of 300 left for the settles + regrids (settle_wall 480)
[07:19:40]     settle 16:  42 @   3158 d -> ok lintwin tank 740.4 (+10.3) miss 8 km (1.3 s)
[07:19:40] plan: 1048 states, depth 9 new flybys, end plan_done (60 s); deepest 9 new to 4274 d at planner fuel 607 kg
[07:19:40]   depth  1:   98 states (87 in H), t_end 2766-3472 d, fuel 411-495 kg
[07:19:40]   depth  2:  150 states (70 in H), t_end 2875-3834 d, fuel 435-527 kg
[07:19:40]   depth  3:  150 states (19 in H), t_end 3004-4176 d, fuel 463-551 kg
[07:19:40]   depth  4:  150 states (0 in H), t_end 3351-4275 d, fuel 481-578 kg
[07:19:40]   depth  5:  150 states (0 in H), t_end 3520-4277 d, fuel 506-600 kg
[07:19:40]   depth  6:  150 states (0 in H), t_end 3783-4318 d, fuel 524-623 kg
[07:19:40]   depth  7:  150 states (0 in H), t_end 4023-4320 d, fuel 541-646 kg
[07:19:40]   depth  8:   45 states (0 in H), t_end 4160-4318 d, fuel 562-642 kg
[07:19:40]   depth  9:    5 states (0 in H), t_end 4211-4311 d, fuel 607-633 kg
[07:19:40] candidates: 86 distinct committed target sets (n_new 1-3, potential 0-3)
[07:19:40] frontier: 16 candidates chosen (n fb / committed planner kg / continuation (lookahead)): 1fb/411kg/p2(1), 1fb/413kg/p1(1), 1fb/414kg/p3(1), 1fb/443kg/p4(2), 1fb/451kg/p3(1), 1fb/456kg/p3(2), 1fb/462kg/p3(2), 1fb/463kg/p3(1), 1fb/469kg/p3(3), 1fb/477kg/p3(3), 2fb/435kg/p2(1), 2fb/443kg/p1(1), 2fb/474kg/p3(2), 3fb/466kg/p1(1), 3fb/470kg/p1(1), 3fb/489kg/p2(2)
[07:19:40] budget: 240 s of 300 left for the settles + regrids (settle_wall 480)
[07:19:41]     settle 17: 190 @   3034 d -> ok lintwin tank 794.4 (+3.4) miss 80 km (0.4 s)
[07:19:41]     settle 18: 225 @   3026 d -> ok lintwin tank 809.3 (+1.7) miss 27 km (0.3 s)
[07:19:41]     settle 19: 106 @   2953 d -> ok lintwin tank 801.9 (+1.8) miss 75 km (3.1 s)
[07:19:41]     settle 16: 158 @   3007 d -> ok lintwin tank 742.0 (+3.9) miss 72 km (2.1 s)
[07:19:42]     settle 18: 206 @   3157 d -> ok lintwin tank 810.1 (+2.5) miss 57 km (0.7 s)
[07:19:42]     settle 16: 262 @   2856 d -> ok lintwin tank 737.9 (+7.8) miss 22 km (1.5 s)
[07:19:43]     settle 18: 188 @   2950 d -> ok lintwin tank 811.3 (+3.7) miss 35 km (0.3 s)
[07:19:44]     settle 18:   7 @   2789 d -> ok lintwin tank 825.7 (+18.1) miss 32 km (0.6 s)
[07:19:44]     settle 11: 257 @   2889 d -> ok lintwin tank 807.3 (+100.8) miss 0 km (4.9 s)
[07:19:44]     settle 17: 200 @   3057 d -> ok lintwin tank 805.9 (+14.8) miss 68 km (2.7 s)
[07:19:45]     settle 18: 285 @   2786 d -> ok lintwin tank 828.0 (+20.5) miss 17 km (0.5 s)
[07:19:45]     settle 19:  25 @   3106 d -> ok lintwin tank 811.6 (+11.5) miss 68 km (3.2 s)
[07:19:45] plan: 1130 states, depth 10 new flybys, end plan_done (64 s); deepest 10 new to 4300 d at planner fuel 678 kg
[07:19:45]   depth  1:  112 states (93 in H), t_end 2715-3414 d, fuel 456-529 kg
[07:19:45]   depth  2:  150 states (77 in H), t_end 2995-3695 d, fuel 478-555 kg
[07:19:45]   depth  3:  150 states (7 in H), t_end 3199-4105 d, fuel 488-587 kg
[07:19:45]   depth  4:  150 states (0 in H), t_end 3449-4190 d, fuel 524-616 kg
[07:19:45]   depth  5:  150 states (0 in H), t_end 3575-4295 d, fuel 564-622 kg
[07:19:45]   depth  6:  150 states (0 in H), t_end 3822-4319 d, fuel 581-645 kg
[07:19:45]   depth  7:  150 states (0 in H), t_end 3909-4316 d, fuel 602-667 kg
[07:19:45]   depth  8:   87 states (0 in H), t_end 3977-4320 d, fuel 616-669 kg
[07:19:45]   depth  9:   28 states (0 in H), t_end 4185-4319 d, fuel 630-696 kg
[07:19:45]   depth 10:    3 states (0 in H), t_end 4300-4300 d, fuel 678-712 kg
[07:19:45]     settle 16: 106 @   2956 d -> ok lintwin tank 753.5 (+15.4) miss 72 km (2.7 s)
[07:19:45] candidates: 67 distinct committed target sets (n_new 1-3, potential 0-3)
[07:19:45] frontier: 16 candidates chosen (n fb / committed planner kg / continuation (lookahead)): 1fb/460kg/p1(0), 1fb/462kg/p1(0), 1fb/475kg/p2(2), 1fb/481kg/p2(2), 1fb/491kg/p2(1), 1fb/496kg/p2(1), 1fb/499kg/p4(3), 1fb/502kg/p2(1), 1fb/503kg/p3(2), 1fb/504kg/p2(1), 2fb/478kg/p0(0), 2fb/483kg/p0(0), 2fb/509kg/p3(3), 3fb/531kg/p0(0), 3fb/552kg/p0(0), 3fb/559kg/p0(0)
[07:19:45] budget: 236 s of 300 left for the settles + regrids (settle_wall 480)
[07:19:45]     settle 16: 140 @   3013 d -> ok lintwin tank 763.5 (+33.3) miss 44 km (2.4 s)
[07:19:47]     settle 18: 205 @   2901 d -> ok lintwin tank 833.8 (+26.2) miss 50 km (2.2 s)
[07:19:47]     settle 17: 102 @   2802 d -> ok lintwin tank 822.3 (+31.2) miss 69 km (2.9 s)
[07:19:47]     settle 16: 214 @   3121 d -> ok lintwin tank 741.7 (+3.6) miss 60 km (2.2 s)
[07:19:48]     settle 18: 105 @   3022 d -> ok lintwin tank 838.5 (+4.8) miss 66 km (3.2 s)
[07:19:48]     settle 16: 194 @   2875 d -> ok lintwin tank 794.1 (+64.0) miss 65 km (2.6 s)
[07:19:48]     settle 19: 136 @   3202 d -> ok lintwin tank 819.0 (+18.9) miss 75 km (3.3 s)
[07:19:50] plan: 1231 states, depth 11 new flybys, end plan_done (69 s); deepest 11 new to 4229 d at planner fuel 734 kg
[07:19:50]   depth  1:   80 states (69 in H), t_end 2752-3346 d, fuel 444-519 kg
[07:19:50]   depth  2:  150 states (70 in H), t_end 2892-3670 d, fuel 457-552 kg
[07:19:50]   depth  3:  150 states (6 in H), t_end 2973-4070 d, fuel 487-575 kg
[07:19:50]   depth  4:  150 states (3 in H), t_end 3188-4315 d, fuel 501-602 kg
[07:19:50]   depth  5:  150 states (0 in H), t_end 3265-4318 d, fuel 536-632 kg
[07:19:50]   depth  6:  150 states (0 in H), t_end 3450-4314 d, fuel 552-646 kg
[07:19:50]   depth  7:  150 states (0 in H), t_end 3544-4318 d, fuel 578-667 kg
[07:19:50]   depth  8:  110 states (0 in H), t_end 3777-4320 d, fuel 611-696 kg
[07:19:50]   depth  9:   85 states (0 in H), t_end 3936-4318 d, fuel 660-721 kg
[07:19:50]   depth 10:   55 states (0 in H), t_end 4143-4319 d, fuel 677-743 kg
[07:19:50]   depth 11:    1 states (0 in H), t_end 4229-4229 d, fuel 734-734 kg
[07:19:50] candidates: 99 distinct committed target sets (n_new 1-4, potential 0-3)
[07:19:50] frontier: 16 candidates chosen (n fb / committed planner kg / continuation (lookahead)): 1fb/448kg/p0(0), 1fb/449kg/p0(0), 1fb/456kg/p3(2), 1fb/471kg/p3(2), 1fb/476kg/p4(2), 1fb/488kg/p4(3), 1fb/495kg/p6(3), 1fb/501kg/p4(3), 2fb/470kg/p0(0), 2fb/476kg/p0(0), 2fb/528kg/p5(3), 3fb/529kg/p2(2), 3fb/532kg/p0(0), 3fb/560kg/p4(3), 4fb/578kg/p2(2), 4fb/584kg/p3(3)
[07:19:50] budget: 231 s of 300 left for the settles + regrids (settle_wall 480)
[07:19:50]     settle 16: 180 @   3027 d -> ok lintwin tank 747.3 (+9.2) miss 57 km (2.4 s)
[07:19:50]     settle 17:  20 @   2999 d -> ok lintwin tank 803.3 (+12.2) miss 74 km (2.7 s)
[07:19:51]     settle 18: 130 @   2957 d -> ok lintwin tank 849.7 (+42.1) miss 67 km (3.1 s)
[07:19:51]     settle 11:  86 @   3066 d -> FAIL [('lam', 80884282.2)] (6.7 s)
[07:19:52]     settle 18:  13 @   2934 d -> ok lintwin tank 841.8 (+8.1) miss 66 km (3.3 s)
[07:19:52]     settle 16: 152 @   2828 d -> ok lintwin tank 770.2 (+40.0) miss 75 km (3.2 s)
[07:19:52]     settle 19: 109 @   2867 d -> ok lintwin tank 821.5 (+21.4) miss 79 km (3.3 s)
[07:19:53]     settle 21: 292 @   3003 d -> ok lintwin tank 846.2 (+22.0) miss 51 km (3.1 s)
[07:19:53]     settle 16: 109 @   2859 d -> ok lintwin tank 770.5 (+32.5) miss 72 km (2.9 s)
[07:19:54]     settle 16: 229 @   2846 d -> ok lintwin tank 764.4 (+34.3) miss 74 km (1.5 s)
[07:19:54]     settle 18: 211 @   2870 d -> ok lintwin tank 830.7 (+23.2) miss 72 km (2.9 s)
[07:19:55]     settle 17: 186 @   2776 d -> ok lintwin tank 868.5 (+77.4) miss 75 km (4.3 s)
[07:19:55]     settle 18: 100 @   2888 d -> ok lintwin tank 821.1 (+13.5) miss 41 km (1.0 s)
[07:19:55]     settle 18: 259 @   3225 d -> ok lintwin tank 841.5 (+7.8) miss 48 km (3.4 s)
[07:19:56]     settle 21: 256 @   3167 d -> ok lintwin tank 884.3 (+60.1) miss 59 km (2.3 s)
[07:19:57]     settle 19: 199 @   3128 d -> ok lintwin tank 814.8 (+14.7) miss 69 km (3.9 s)
[07:19:57]     settle 21:  66 @   2891 d -> ok lintwin tank 840.7 (+16.5) miss 23 km (0.4 s)
[07:19:58]     settle 16: 132 @   2832 d -> ok lintwin tank 792.1 (+62.0) miss 70 km (3.4 s)
[07:19:58]     settle 16:  68 @   3030 d -> ok lintwin tank 835.6 (+97.6) miss 59 km (4.2 s)
[07:19:58]     settle 17:  78 @   2775 d -> ok lintwin tank 836.9 (+45.8) miss 69 km (2.5 s)
[07:19:59]     settle 18: 140 @   3015 d -> ok lintwin tank 845.9 (+38.3) miss 20 km (3.0 s)
[07:19:59]     settle 19:  68 @   3027 d -> ok lintwin tank 941.8 (+141.7) miss 35 km (2.1 s)
[07:20:00]     settle 17:   6 @   2725 d -> ok lintwin tank 835.2 (+44.2) miss 73 km (1.6 s)
[07:20:01]     settle 19: 225 @   3031 d -> ok lintwin tank 815.7 (+4.4) miss 68 km (1.5 s)
[07:20:01]     settle 16:  66 @   2905 d -> ok lintwin tank 769.2 (+31.1) miss 48 km (2.1 s)
[07:20:01]     settle 16: 100 @   2819 d -> ok lintwin tank 744.0 (+13.9) miss 100 km (2.9 s)
[07:20:01]     settle 21: 227 @   2917 d -> ok lintwin tank 983.8 (+159.6) miss 62 km (4.1 s)
[07:20:02]     settle 17:  42 @   2889 d -> ok lintwin tank 796.5 (+5.4) miss 56 km (0.9 s)
[07:20:02]     settle 18: 200 @   3030 d -> ok lintwin tank 876.7 (+43.0) miss 70 km (5.2 s)
[07:20:04]     settle 11: 205 @   2736 d -> FAIL [('lam', 1560405.4)] (12.5 s)
[07:20:04]     settle 16: 238 @   2923 d -> ok lintwin tank 756.6 (+26.5) miss 21 km (2.5 s)
[07:20:04]     settle 19:  99 @   3224 d -> ok lintwin tank 830.6 (+19.3) miss 76 km (2.9 s)
[07:20:04]     settle 17: 207 @   2779 d -> ok lintwin tank 821.3 (+30.3) miss 82 km (1.8 s)
[07:20:04]     settle 19: 111 @   2973 d -> ok lintwin tank 832.2 (+32.1) miss 79 km (4.4 s)
[07:20:05]     settle 17:  98 @   2779 d -> ok lintwin tank 799.4 (+8.4) miss 34 km (0.3 s)
[07:20:05]     settle 21:  30 @   2792 d -> ok lintwin tank 943.8 (+119.6) miss 52 km (3.2 s)
[07:20:06]     settle 16:  71 @   3089 d -> ok lam tank 1031.6 (+293.5) miss 63 km (4.5 s)
[07:20:06]     settle 16: 100 @   2862 d -> ok lintwin tank 747.2 (+17.1) miss 92 km (1.7 s)
[07:20:06]     settle 18:  86 @   2936 d -> ok lintwin tank 860.9 (+27.2) miss 64 km (3.9 s)
[07:20:07]     settle 21: 105 @   2753 d -> ok lintwin tank 867.1 (+42.8) miss 70 km (0.8 s)
[07:20:07]     settle 17: 206 @   3172 d -> ok lintwin tank 749.7 (+2.5) miss 15 km (0.8 s)
[07:20:07]     settle 19: 225 @   3020 d -> ok lintwin tank 846.2 (+20.5) miss 60 km (2.5 s)
[07:20:07]     settle 18: 190 @   3039 d -> ok lintwin tank 809.1 (+9.6) miss 76 km (2.2 s)
[07:20:08]     settle 17: 295 @   2859 d -> ok lintwin tank 806.0 (+14.9) miss 54 km (0.4 s)
[07:20:08]     settle 18: 194 @   2990 d -> ok lintwin tank 808.8 (+2.8) miss 28 km (0.3 s)
[07:20:09]     settle 20: 206 @   3152 d -> ok lintwin tank 837.2 (+21.6) miss 41 km (1.2 s)
[07:20:09]     settle 21: 160 @   2785 d -> ok lintwin tank 868.7 (+44.5) miss 56 km (1.6 s)
[07:20:09]     settle 11:  72 @   3158 d -> FAIL [('lam', 2025977.9)] (5.7 s)
[07:20:10]     settle 19: 166 @   2970 d -> ok lintwin tank 858.7 (+58.6) miss 72 km (5.0 s)
[07:20:10]     settle 17: 259 @   3203 d -> ok lintwin tank 767.0 (+3.6) miss 72 km (2.5 s)
[07:20:10]     settle 18:  20 @   2989 d -> ok lintwin tank 809.0 (+12.6) miss 63 km (1.5 s)
[07:20:10]     settle 18: 204 @   3073 d -> ok lintwin tank 852.3 (+18.6) miss 66 km (3.3 s)
[07:20:10]     settle 19: 205 @   2901 d -> ok lintwin tank 836.4 (+8.4) miss 69 km (1.2 s)
[07:20:12]     settle 20: 268 @   3105 d -> ok lintwin tank 844.8 (+8.4) miss 77 km (1.5 s)
[07:20:13]     settle 19: 171 @   2828 d -> ok lintwin tank 845.6 (+45.6) miss 77 km (2.9 s)
[07:20:13]     settle 21:  53 @   2836 d -> ok lintwin tank 948.8 (+124.5) miss 31 km (4.1 s)
[07:20:14]     settle 18: 204 @   3070 d -> ok lintwin tank 829.9 (+7.6) miss 82 km (2.7 s)
[07:20:14]     settle 17: 225 @   3012 d -> ok lintwin tank 790.0 (+19.9) miss 58 km (3.4 s)
[07:20:14]     settle 18: 130 @   2950 d -> ok lintwin tank 858.7 (+25.0) miss 53 km (3.2 s)
[07:20:14]     settle 20: 206 @   3157 d -> ok lintwin tank 857.6 (+11.4) miss 73 km (1.7 s)
[07:20:14] RESULT s05_c2: 16 columns; frontier 1fb 2 kg p1/3 | 2fb 8 kg p1/2 | 3fb 30 kg p1/2; settles 17 (17 ok), regrids 16 (16 ok); wall 94 s of 300 (plan 60, price 1, settle 34; budget hit None, 0 unsettled)
[07:20:15]   job s05_c2 craft columns  16  levels 9  settles 17/17  end plan_done  wall 93.8 s
[07:20:16]     settle 19: 141 @   3221 d -> ok lintwin tank 853.9 (+23.9) miss 72 km (2.0 s)
[07:20:16]     settle 16: 108 @   2717 d -> ok lintwin tank 796.5 (+58.4) miss 57 km (2.9 s)
[07:20:16]     settle 21: 185 @   2766 d -> ok lintwin tank 910.4 (+86.2) miss 18 km (2.4 s)
[07:20:17]     settle 11: 200 @   3029 d -> FAIL [('lam', 10380444.2)] (7.2 s)
[07:20:17]     settle 17: 225 @   3027 d -> ok lintwin tank 812.3 (+18.2) miss 83 km (2.7 s)
[07:20:18]     settle 18: 190 @   3105 d -> ok lintwin tank 861.9 (+28.2) miss 69 km (3.5 s)
[07:20:20]     settle 22: 206 @   3236 d -> ok lintwin tank 915.6 (+5.2) miss 30 km (3.5 s)
[07:20:20]   drift: leg 206@3236 d settled outside (T, T+H] -> column cut at 1
[07:20:21]     settle 16:  53 @   2850 d -> ok lintwin tank 763.0 (+24.9) miss 73 km (4.2 s)
[07:20:21]     settle 17: 165 @   2929 d -> ok lintwin tank 843.5 (+52.4) miss 65 km (4.9 s)
[07:20:22]     settle 18: 259 @   3201 d -> ok lintwin tank 832.6 (+20.3) miss 71 km (4.6 s)
[07:20:22]     settle 18: 257 @   2875 d -> ok lintwin tank 856.5 (+22.8) miss 52 km (3.5 s)
[07:20:22]     settle 22:   9 @   3219 d -> ok lintwin tank 852.9 (+12.2) miss 70 km (2.3 s)
[07:20:23]     settle 18:  82 @   3124 d -> ok lintwin tank 846.3 (+2.8) miss 66 km (2.3 s)
[07:20:24]     settle 16: 278 @   2849 d -> ok lintwin tank 761.6 (+23.5) miss 77 km (3.2 s)
[07:20:24]     settle 16:  13 @   2847 d -> ok lintwin tank 756.8 (+26.7) miss 70 km (2.3 s)
[07:20:25]     settle 19: 136 @   3220 d -> ok lintwin tank 862.7 (+16.4) miss 57 km (1.4 s)
[07:20:26]     settle 17: 211 @   2965 d -> ok lintwin tank 763.0 (+6.2) miss 94 km (1.4 s)
[07:20:26]     settle 18: 140 @   3000 d -> ok lintwin tank 863.7 (+30.0) miss 68 km (3.5 s)
[07:20:26]     settle 18: 259 @   3211 d -> ok lintwin tank 775.7 (+12.7) miss 11 km (0.4 s)
[07:20:29]     settle 19: 259 @   3222 d -> ok lintwin tank 838.9 (+0.4) miss 64 km (2.7 s)
[07:20:30]     settle 19: 190 @   3060 d -> ok lintwin tank 834.6 (+25.6) miss 67 km (4.5 s)
[07:20:30]     settle 16: 155 @   2994 d -> ok lintwin tank 867.7 (+129.7) miss 1 km (5.6 s)
[07:20:31]     settle 18: 259 @   3197 d -> ok lintwin tank 813.9 (+23.9) miss 73 km (4.0 s)
[07:20:32]     settle 11: 132 @   2788 d -> FAIL [('lam', 1558673.2)] (15.3 s)
[07:20:32]     settle 11: 152 @   2807 d -> FAIL [('lam', 'LinAlgError')] (0.1 s)
[07:20:32]     settle 19: 259 @   3217 d -> ok lintwin tank 855.2 (+13.4) miss 76 km (2.7 s)
[07:20:33]     settle 17: 214 @   3127 d -> ok lintwin tank 747.4 (+5.4) miss 77 km (2.0 s)
[07:20:33]     settle 22: 109 @   2892 d -> ok lam tank 1127.9 (+259.2) miss 6 km (10.1 s)
[07:20:35]     settle 16: 100 @   2824 d -> ok lintwin tank 744.0 (+13.9) miss 80 km (3.4 s)
[07:20:35]     settle 17: 170 @   3177 d -> ok lintwin tank 742.6 (+0.6) miss 55 km (1.9 s)
[07:20:36]     settle 20: 169 @   3240 d -> ok lintwin tank 863.6 (+29.0) miss 46 km (5.5 s)
[07:20:36]     settle 19: 204 @   3070 d -> ok lintwin tank 866.8 (+8.1) miss 72 km (3.1 s)
[07:20:36]     settle 11: 180 @   2887 d -> FAIL [('lam', 2521152.3)] (4.3 s)
[07:20:36] RESULT s05_c3: 16 columns; frontier 1fb 3 kg p1/2 | 2fb 18 kg p0/2 | 3fb 44 kg p2/2 | 4fb 72 kg p2/2; settles 21 (21 ok), regrids 16 (16 ok); wall 116 s of 300 (plan 60, price 1, settle 56; budget hit None, 0 unsettled)
[07:20:37]     settle 17: 199 @   3125 d -> ok lintwin tank 777.0 (+6.4) miss 40 km (0.8 s)
[07:20:37]     settle 17: 117 @   2915 d -> ok lintwin tank 764.9 (+20.8) miss 20 km (2.2 s)
[07:20:37]   job s05_c3 craft columns  16  levels 10  settles 21/21  end plan_done  wall 116.0 s
[07:20:39]     settle 18:   3 @   3089 d -> ok lintwin tank 778.3 (+13.5) miss 68 km (1.8 s)
[07:20:39]     settle 19: 232 @   3218 d -> ok lintwin tank 782.9 (+4.5) miss 20 km (0.5 s)
[07:20:40] RESULT s05_c5: 16 columns; frontier 1fb 8 kg p0/3 | 2fb 19 kg p1/2 | 3fb 46 kg p0/2 | 4fb 53 kg p0/0; settles 23 (23 ok), regrids 16 (16 ok); wall 119 s of 300 (plan 58, price 1, settle 61; budget hit None, 0 unsettled)
[07:20:40]     settle 19: 141 @   2766 d -> FAIL [('lam', 3784807.5)] (26.4 s)
[07:20:40]     settle 17: 111 @   2977 d -> ok lintwin tank 794.6 (+24.1) miss 68 km (3.1 s)
[07:20:41]     settle 20: 102 @   3240 d -> ok lintwin tank 884.5 (+17.7) miss 49 km (4.4 s)
[07:20:41]   job s05_c5 craft columns  16  levels 10  settles 23/23  end plan_done  wall 119.3 s
[07:20:42]     settle 20: 120 @   3146 d -> ok lintwin tank 817.6 (+15.7) miss 71 km (1.8 s)
[07:20:43]     settle 22: 111 @   2981 d -> ok lintwin tank 1007.2 (+63.4) miss 2 km (4.5 s)
[07:20:44]     settle 20:  96 @   3233 d -> ok lintwin tank 815.5 (+13.6) miss 67 km (1.9 s)
[07:20:45]     settle 18:  96 @   3236 d -> ok lintwin tank 801.1 (+6.5) miss 0 km (4.5 s)
[07:20:45] ERROR s05_c1: AssertionError: column epoch outside (T, T+H]
[07:20:46]     settle 18: 295 @   2895 d -> ok lintwin tank 859.9 (+26.2) miss 69 km (4.8 s)
[07:20:46]     settle 20:  23 @   3185 d -> ok lintwin tank 836.1 (+4.0) miss 74 km (1.6 s)
[07:20:47]   job s05_c1 FAILED:  - 1e-6 and max(c['epochs']) <= T + H + 1e-6, 'column epoch outside (T, T+H]'
           ^^^^^^^^^^^^^^^^^^^^^^^^^^^^^^^^^^^^^^^^^^^^^^^^^^^^^^^^^^^^^^^^
AssertionError: column epoch outside (T, T+H]

[07:20:49]     settle 23:  82 @   3166 d -> ok lintwin tank 1020.4 (+13.2) miss 38 km (6.0 s)
[07:20:49]     settle 19:  20 @   2999 d -> ok lintwin tank 867.8 (+7.9) miss 79 km (3.1 s)
[07:20:50]     settle 19:  53 @   2851 d -> ok lintwin tank 820.9 (+20.8) miss 73 km (3.0 s)
[07:20:53]     settle 21: 233 @   2757 d -> ok lintwin tank 841.2 (+17.0) miss 69 km (1.4 s)
[07:20:54]     settle 22: 106 @   2946 d -> ok lintwin tank 849.3 (+8.1) miss 37 km (0.7 s)
[07:20:55]     settle 20:   3 @   3073 d -> ok lintwin tank 853.4 (+32.5) miss 63 km (4.9 s)
[07:20:55]     settle 20: 181 @   3209 d -> ok lintwin tank 885.7 (+17.8) miss 1 km (5.5 s)
[07:20:58]     settle 21:  72 @   3207 d -> ok lintwin tank 859.1 (+5.7) miss 49 km (2.6 s)
[07:20:59]     settle 23: 181 @   3236 d -> ok lintwin tank 863.1 (+13.8) miss 81 km (4.4 s)
[07:20:59]   drift: leg 181@3236 d settled outside (T, T+H] -> column cut at 2
[07:21:00]     settle 18: 130 @   2945 d -> ok lintwin tank 858.5 (+24.8) miss 48 km (3.1 s)
[07:21:01]     settle 20: 166 @   2968 d -> ok lintwin tank 866.0 (+20.4) miss 82 km (2.6 s)
[07:21:02]     settle 19: 204 @   3065 d -> ok lintwin tank 868.0 (+9.4) miss 63 km (2.4 s)
[07:21:04]     settle 20: 134 @   3219 d -> ok lintwin tank 881.4 (+13.4) miss 70 km (2.2 s)
[07:21:05] RESULT s05_c6: 16 columns; frontier 1fb 4 kg p0/3 | 2fb 5 kg p0/3 | 3fb 48 kg p0/0; settles 20 (20 ok), regrids 16 (16 ok); wall 144 s of 300 (plan 64, price 1, settle 80; budget hit None, 0 unsettled)
[07:21:05]   job s05_c6 craft columns  16  levels 10  settles 20/20  end plan_done  wall 144.1 s
[07:21:07]     settle 21:  82 @   3212 d -> ok lintwin tank 877.7 (+11.6) miss 1 km (5.9 s)
[07:21:07]   2 candidates dropped (settle failure / regrid failure / duplicate after truncation)
[07:21:07] RESULT s05_c4: 14 columns; frontier 1fb 2 kg p1/2 | 2fb 15 kg p1/2 | 3fb 59 kg p0/1; settles 19 (17 ok), regrids 14 (14 ok); wall 146 s of 300 (plan 57, price 1, settle 89; budget hit None, 0 unsettled)
[07:21:07]   job s05_c4 craft columns  14  levels 9  settles 17/19  end plan_done  wall 146.4 s
[07:21:08]     settle 11: 199 @   3135 d -> FAIL [('lin', 66270.4), ('lam', 1119636.3)] (31.4 s)
[07:21:27]     settle 23: 111 @   2973 d -> FAIL [('lam', 5769525.8)] (28.5 s)
[07:21:27]   3 candidates dropped (settle failure / regrid failure / duplicate after truncation)
[07:21:27] RESULT s05_c0: 13 columns; frontier 1fb 16 kg p2/3 | 2fb 25 kg p0/3 | 3fb 190 kg p2/2; settles 19 (17 ok), regrids 13 (13 ok); wall 167 s of 300 (plan 69, price 1, settle 98; budget hit None, 0 unsettled)
[07:21:29]   job s05_c0 craft columns  13  levels 11  settles 17/19  end plan_done  wall 166.9 s
[07:21:41]     settle 12: 294 @   3009 d -> FAIL [('lam', 2293.4)] (33.6 s)
[07:21:41]   15 candidates dropped (settle failure / regrid failure / duplicate after truncation)
[07:21:41] RESULT s05_c7: 1 columns; frontier 1fb 101 kg p0/0; settles 15 (1 ok), regrids 1 (1 ok); wall 181 s of 300 (plan 53, price 1, settle 128; budget hit None, 0 unsettled)
[07:21:43]   job s05_c7 craft columns   1  levels 9  settles 1/15  end plan_done  wall 180.9 s
[07:21:43] [slice 5] propose: 92 columns (0 bad dropped) in 182.7 s
[07:21:43] [slice 5] auction: 92 columns, kept 89, dropped {'ramp': 2, 'fuel': 1}; lam 1.00 H_eff 540 d fuel budget 482 kg quota on
[07:21:43] [slice 5] auction: status optimal objective 23.674 vars 89 rows 40 chosen 6 fuel 310/482 kg (0.013 s)
[07:21:45] [slice 5 T=2700 d] launched 8/8  covered 146  remaining 152  fuel 1741 kg  sumJi 9.4526  chosen: c0:2(+25) c2:3(+50) c3:4(+72) c4:3(+77) c5:4(+53) c6:2(+33)  rejected: -  (wall 185 s)
[07:21:45] [slice 6 T=3240 d] propose: 8 jobs (8 craft, 0 root) on 9 workers, proposer planbeam, H_eff 540 d, lam 1.0
[07:21:45] job s06_c2 (craft, craft 2, planbeam): T 3240 d H 540 L 360; plan horizon 4860 d; remaining 152; prize >1 on 101; width 150 npt 6 mc 150 dv 1.2 drmax 0.15 plan_wall 240 s; quota {'fil': 5, 'med': 11}
[07:21:45] job s06_c0 (craft, craft 0, planbeam): T 3240 d H 540 L 360; plan horizon 4860 d; remaining 152; prize >1 on 101; width 150 npt 6 mc 150 dv 1.2 drmax 0.15 plan_wall 240 s; quota {'fil': 5, 'med': 10}
[07:21:45] job s06_c1 (craft, craft 1, planbeam): T 3240 d H 540 L 360; plan horizon 4860 d; remaining 152; prize >1 on 101; width 150 npt 6 mc 150 dv 1.2 drmax 0.15 plan_wall 240 s; quota {'fil': 8, 'med': 12}
[07:21:45] job s06_c3 (craft, craft 3, planbeam): T 3240 d H 540 L 360; plan horizon 4860 d; remaining 152; prize >1 on 101; width 150 npt 6 mc 150 dv 1.2 drmax 0.15 plan_wall 240 s; quota {'fil': 3, 'med': 15}
[07:21:45] job s06_c4 (craft, craft 4, planbeam): T 3240 d H 540 L 360; plan horizon 4860 d; remaining 152; prize >1 on 101; width 150 npt 6 mc 150 dv 1.2 drmax 0.15 plan_wall 240 s; quota {'fil': 3, 'med': 12}
[07:21:45] job s06_c5 (craft, craft 5, planbeam): T 3240 d H 540 L 360; plan horizon 4860 d; remaining 152; prize >1 on 101; width 150 npt 6 mc 150 dv 1.2 drmax 0.15 plan_wall 240 s; quota {'fil': 9, 'med': 11}
[07:21:45] job s06_c6 (craft, craft 6, planbeam): T 3240 d H 540 L 360; plan horizon 4860 d; remaining 152; prize >1 on 101; width 150 npt 6 mc 150 dv 1.2 drmax 0.15 plan_wall 240 s; quota {'fil': 7, 'med': 11}
[07:21:45] job s06_c7 (craft, craft 7, planbeam): T 3240 d H 540 L 360; plan horizon 4860 d; remaining 152; prize >1 on 101; width 150 npt 6 mc 150 dv 1.2 drmax 0.15 plan_wall 240 s; quota {'fil': 7, 'med': 16}
[07:21:45] prefix slices/s06/in/craft_7.npz: 10 flybys, t_end 2049.3 d, tank 706.5 kg (planner view), miss 97.5 km, nreg 92
[07:21:45] budget: job_wall 300 s, 300 s left before the plan -> plan cap 210 s (plan_wall 240, settle_reserve 90)
[07:21:45] prefix slices/s06/in/craft_1.npz: 15 flybys, t_end 2658.0 d, tank 738.1 kg (planner view), miss 5.3 km, nreg 135
[07:21:45] budget: job_wall 300 s, 300 s left before the plan -> plan cap 210 s (plan_wall 240, settle_reserve 90)
[07:21:45] prefix slices/s06/in/craft_2.npz: 20 flybys, t_end 3155.8 d, tank 857.4 kg (planner view), miss 8.8 km, nreg 157
[07:21:45] budget: job_wall 300 s, 300 s left before the plan -> plan cap 210 s (plan_wall 240, settle_reserve 90)
[07:21:45] prefix slices/s06/in/craft_5.npz: 19 flybys, t_end 3218.0 d, tank 782.9 kg (planner view), miss 19.9 km, nreg 155
[07:21:45] budget: job_wall 300 s, 300 s left before the plan -> plan cap 210 s (plan_wall 240, settle_reserve 90)
[07:21:45] prefix slices/s06/in/craft_6.npz: 19 flybys, t_end 3069.4 d, tank 866.6 kg (planner view), miss 1.4 km, nreg 147
[07:21:45] budget: job_wall 300 s, 300 s left before the plan -> plan cap 210 s (plan_wall 240, settle_reserve 90)
[07:21:45] prefix slices/s06/in/craft_0.npz: 22 flybys, t_end 2947.8 d, tank 848.9 kg (planner view), miss 0.4 km, nreg 150
[07:21:45] budget: job_wall 300 s, 300 s left before the plan -> plan cap 210 s (plan_wall 240, settle_reserve 90)
[07:21:45] prefix slices/s06/in/craft_4.npz: 21 flybys, t_end 3216.9 d, tank 877.4 kg (planner view), miss 1.2 km, nreg 157
[07:21:45] budget: job_wall 300 s, 300 s left before the plan -> plan cap 210 s (plan_wall 240, settle_reserve 90)
[07:21:45] prefix slices/s06/in/craft_3.npz: 20 flybys, t_end 3227.6 d, tank 863.5 kg (planner view), miss 1.8 km, nreg 160
[07:21:45] budget: job_wall 300 s, 300 s left before the plan -> plan cap 210 s (plan_wall 240, settle_reserve 90)
[07:22:03] first level (both): 0 production + 79 relaxed (dv 2.5, 0.3 AU; 0.1 s) + 50 lintwin children -> 82 unique (17.6 s)
[07:22:03] plan start: prefix 20 flybys, t_end 3155.8 d, planner mass 1122.5 kg (dv 13.904 km/s); 82 first-level states
[07:22:03] first level (both): 0 production + 40 relaxed (dv 2.5, 0.3 AU; 0.1 s) + 51 lintwin children -> 67 unique (17.8 s)
[07:22:03] plan start: prefix 19 flybys, t_end 3218.0 d, planner mass 1229.3 kg (dv 10.337 km/s); 67 first-level states
[07:22:04] first level (both): 0 production + 0 relaxed (dv 2.5, 0.3 AU; 0.0 s) + 82 lintwin children -> 82 unique (18.3 s)
[07:22:04] plan start: prefix 10 flybys, t_end 2049.3 d, planner mass 1362.3 kg (dv 6.310 km/s); 82 first-level states
[07:22:04] first level (both): 0 production + 28 relaxed (dv 2.5, 0.3 AU; 0.1 s) + 55 lintwin children -> 71 unique (18.4 s)
[07:22:04] plan start: prefix 19 flybys, t_end 3069.4 d, planner mass 1110.5 kg (dv 14.324 km/s); 71 first-level states
[07:22:05] first level (both): 0 production + 59 relaxed (dv 2.5, 0.3 AU; 0.1 s) + 47 lintwin children -> 74 unique (19.3 s)
[07:22:05] plan start: prefix 20 flybys, t_end 3227.6 d, planner mass 1114.6 kg (dv 14.181 km/s); 74 first-level states
[07:22:05] first level (both): 0 production + 51 relaxed (dv 2.5, 0.3 AU; 0.1 s) + 64 lintwin children -> 92 unique (19.7 s)
[07:22:05] plan start: prefix 21 flybys, t_end 3216.9 d, planner mass 1096.9 kg (dv 14.807 km/s); 92 first-level states
[07:22:05] first level (both): 0 production + 2 relaxed (dv 2.5, 0.3 AU; 0.0 s) + 68 lintwin children -> 70 unique (19.7 s)
[07:22:05] plan start: prefix 15 flybys, t_end 2658.0 d, planner mass 1303.9 kg (dv 8.027 km/s); 70 first-level states
[07:22:05] first level (both): 0 production + 29 relaxed (dv 2.5, 0.3 AU; 0.1 s) + 67 lintwin children -> 87 unique (20.1 s)
[07:22:05] plan start: prefix 22 flybys, t_end 2947.8 d, planner mass 1133.7 kg (dv 13.514 km/s); 87 first-level states
[07:22:28] plan: 658 states, depth 8 new flybys, end plan_done (43 s); deepest 8 new to 4838 d at planner fuel 496 kg
[07:22:28]   depth  1:   82 states (71 in H), t_end 3241-3860 d, fuel 238-337 kg
[07:22:28]   depth  2:   67 states (25 in H), t_end 3462-4400 d, fuel 256-374 kg
[07:22:28]   depth  3:   74 states (8 in H), t_end 3567-4780 d, fuel 290-413 kg
[07:22:28]   depth  4:  134 states (0 in H), t_end 4004-4823 d, fuel 311-443 kg
[07:22:28]   depth  5:  150 states (0 in H), t_end 4215-4858 d, fuel 334-476 kg
[07:22:28]   depth  6:  108 states (0 in H), t_end 4341-4860 d, fuel 413-512 kg
[07:22:28]   depth  7:   38 states (0 in H), t_end 4526-4860 d, fuel 441-533 kg
[07:22:28]   depth  8:    5 states (0 in H), t_end 4617-4847 d, fuel 496-543 kg
[07:22:28] candidates: 86 distinct committed target sets (n_new 1-3, potential 0-2)
[07:22:28] frontier: 16 candidates chosen (n fb / committed planner kg / continuation (lookahead)): 1fb/238kg/p1(0), 1fb/238kg/p1(1), 1fb/274kg/p2(0), 1fb/282kg/p3(2), 1fb/285kg/p2(1), 1fb/303kg/p3(2), 1fb/320kg/p2(1), 1fb/328kg/p3(1), 1fb/328kg/p3(2), 2fb/266kg/p0(0), 2fb/269kg/p0(0), 2fb/311kg/p2(2), 2fb/317kg/p2(2), 3fb/309kg/p0(0), 3fb/341kg/p0(0), 3fb/385kg/p1(1)
[07:22:28] budget: 257 s of 300 left for the settles + regrids (settle_wall 480)
[07:22:42] plan: 883 states, depth 8 new flybys, end plan_done (57 s); deepest 8 new to 4789 d at planner fuel 689 kg
[07:22:42]   depth  1:   74 states (62 in H), t_end 3357-3897 d, fuel 489-567 kg
[07:22:42]   depth  2:  150 states (57 in H), t_end 3446-4332 d, fuel 503-602 kg
[07:22:42]   depth  3:  150 states (17 in H), t_end 3600-4787 d, fuel 552-628 kg
[07:22:42]   depth  4:  150 states (0 in H), t_end 3890-4788 d, fuel 565-651 kg
[07:22:42]   depth  5:  150 states (0 in H), t_end 4209-4857 d, fuel 606-677 kg
[07:22:42]   depth  6:  150 states (0 in H), t_end 4354-4860 d, fuel 621-706 kg
[07:22:42]   depth  7:   54 states (0 in H), t_end 4633-4847 d, fuel 644-724 kg
[07:22:42]   depth  8:    5 states (0 in H), t_end 4763-4795 d, fuel 689-747 kg
[07:22:42] candidates: 80 distinct committed target sets (n_new 1-3, potential 0-2)
[07:22:42] frontier: 16 candidates chosen (n fb / committed planner kg / continuation (lookahead)): 1fb/492kg/p1(1), 1fb/498kg/p0(0), 1fb/519kg/p2(2), 1fb/528kg/p2(2), 1fb/531kg/p3(2), 1fb/534kg/p3(1), 1fb/544kg/p3(1), 1fb/558kg/p3(1), 1fb/564kg/p3(1), 1fb/567kg/p3(1), 2fb/535kg/p0(0), 2fb/547kg/p2(2), 2fb/549kg/p1(1), 3fb/575kg/p1(1), 3fb/589kg/p1(1), 3fb/594kg/p1(1)
[07:22:42] budget: 243 s of 300 left for the settles + regrids (settle_wall 480)
[07:22:42]     settle 11:  14 @   3360 d -> FAIL [('lam', 5861609.0)] (14.0 s)
[07:22:43]     settle 21:   6 @   3489 d -> ok lintwin tank 868.7 (+5.2) miss 51 km (1.0 s)
[07:22:43] plan: 895 states, depth 8 new flybys, end plan_done (58 s); deepest 8 new to 4858 d at planner fuel 703 kg
[07:22:43]   depth  1:   92 states (78 in H), t_end 3304-3868 d, fuel 505-581 kg
[07:22:43]   depth  2:  150 states (65 in H), t_end 3374-4438 d, fuel 522-613 kg
[07:22:43]   depth  3:  150 states (1 in H), t_end 3722-4763 d, fuel 552-639 kg
[07:22:43]   depth  4:  150 states (0 in H), t_end 3929-4842 d, fuel 575-667 kg
[07:22:43]   depth  5:  150 states (0 in H), t_end 4213-4856 d, fuel 608-692 kg
[07:22:43]   depth  6:  150 states (0 in H), t_end 4484-4856 d, fuel 635-715 kg
[07:22:43]   depth  7:   47 states (0 in H), t_end 4694-4860 d, fuel 665-729 kg
[07:22:43]   depth  8:    6 states (0 in H), t_end 4817-4860 d, fuel 703-720 kg
[07:22:43] candidates: 76 distinct committed target sets (n_new 1-3, potential 0-2)
[07:22:43] frontier: 16 candidates chosen (n fb / committed planner kg / continuation (lookahead)): 1fb/519kg/p2(2), 1fb/525kg/p2(2), 1fb/525kg/p2(2), 1fb/531kg/p2(1), 1fb/533kg/p2(2), 1fb/539kg/p2(1), 1fb/544kg/p2(1), 1fb/547kg/p2(1), 1fb/547kg/p3(2), 1fb/552kg/p2(1), 1fb/560kg/p3(2), 1fb/561kg/p3(2), 2fb/547kg/p0(0), 2fb/551kg/p1(1), 2fb/566kg/p2(2), 3fb/627kg/p0(0)
[07:22:43] budget: 242 s of 300 left for the settles + regrids (settle_wall 480)
[07:22:43] plan: 983 states, depth 9 new flybys, end plan_done (58 s); deepest 9 new to 4779 d at planner fuel 612 kg
[07:22:43]   depth  1:   67 states (59 in H), t_end 3380-3872 d, fuel 379-460 kg
[07:22:43]   depth  2:  150 states (56 in H), t_end 3520-4252 d, fuel 402-492 kg
[07:22:43]   depth  3:  150 states (20 in H), t_end 3620-4745 d, fuel 423-513 kg
[07:22:43]   depth  4:  150 states (2 in H), t_end 3744-4770 d, fuel 461-540 kg
[07:22:43]   depth  5:  150 states (0 in H), t_end 3970-4836 d, fuel 479-564 kg
[07:22:43]   depth  6:  150 states (0 in H), t_end 4248-4858 d, fuel 505-584 kg
[07:22:43]   depth  7:  129 states (0 in H), t_end 4446-4860 d, fuel 536-613 kg
[07:22:43]   depth  8:   35 states (0 in H), t_end 4559-4860 d, fuel 564-633 kg
[07:22:43]   depth  9:    2 states (0 in H), t_end 4779-4799 d, fuel 612-619 kg
[07:22:43] candidates: 72 distinct committed target sets (n_new 1-4, potential 0-2)
[07:22:43] frontier: 16 candidates chosen (n fb / committed planner kg / continuation (lookahead)): 1fb/379kg/p1(1), 1fb/390kg/p1(1), 1fb/401kg/p3(2), 1fb/404kg/p2(2), 1fb/413kg/p3(2), 1fb/419kg/p3(2), 1fb/443kg/p4(1), 2fb/417kg/p2(2), 2fb/435kg/p2(2), 2fb/459kg/p3(2), 2fb/466kg/p3(2), 3fb/465kg/p1(1), 3fb/475kg/p2(2), 3fb/478kg/p2(2), 4fb/515kg/p1(1), 4fb/537kg/p1(1)
[07:22:43] budget: 242 s of 300 left for the settles + regrids (settle_wall 480)
[07:22:44]     settle 20:  10 @   3579 d -> ok lintwin tank 787.5 (+4.6) miss 14 km (0.5 s)
[07:22:44]     settle 21: 102 @   3401 d -> ok lintwin tank 876.2 (+12.8) miss 46 km (0.8 s)
[07:22:45]     settle 20: 275 @   3719 d -> ok lintwin tank 794.9 (+12.0) miss 47 km (0.4 s)
[07:22:46] plan: 1003 states, depth 9 new flybys, end plan_done (60 s); deepest 9 new to 4777 d at planner fuel 482 kg
[07:22:46]   depth  1:   70 states (61 in H), t_end 3248-3862 d, fuel 300-392 kg
[07:22:46]   depth  2:  150 states (78 in H), t_end 3379-4244 d, fuel 313-427 kg
[07:22:46]   depth  3:  150 states (40 in H), t_end 3464-4510 d, fuel 327-464 kg
[07:22:46]   depth  4:  150 states (4 in H), t_end 3739-4730 d, fuel 340-453 kg
[07:22:46]   depth  5:  150 states (0 in H), t_end 4117-4859 d, fuel 365-489 kg
[07:22:46]   depth  6:  150 states (0 in H), t_end 4410-4856 d, fuel 384-520 kg
[07:22:46]   depth  7:  150 states (0 in H), t_end 4559-4860 d, fuel 408-552 kg
[07:22:46]   depth  8:   28 states (0 in H), t_end 4644-4848 d, fuel 446-546 kg
[07:22:46]   depth  9:    5 states (0 in H), t_end 4774-4857 d, fuel 482-510 kg
[07:22:46] candidates: 125 distinct committed target sets (n_new 1-4, potential 0-3)
[07:22:46] frontier: 16 candidates chosen (n fb / committed planner kg / continuation (lookahead)): 1fb/303kg/p2(1), 1fb/309kg/p2(0), 1fb/311kg/p3(1), 1fb/313kg/p2(1), 1fb/317kg/p2(2), 1fb/320kg/p4(3), 1fb/352kg/p3(1), 2fb/316kg/p1(1), 2fb/319kg/p0(0), 2fb/357kg/p3(3), 3fb/369kg/p0(0), 3fb/369kg/p1(1), 3fb/372kg/p1(1), 4fb/429kg/p0(0), 4fb/438kg/p0(0), 4fb/453kg/p0(0)
[07:22:46] budget: 240 s of 300 left for the settles + regrids (settle_wall 480)
[07:22:46]     settle 20:  34 @   3486 d -> ok lintwin tank 812.3 (+29.4) miss 77 km (1.2 s)
[07:22:47]     settle 21:  77 @   3445 d -> ok lintwin tank 874.6 (+11.1) miss 71 km (2.3 s)
[07:22:48]     settle 16: 291 @   3415 d -> ok lintwin tank 739.4 (+1.3) miss 68 km (2.4 s)
[07:22:49]     settle 22: 275 @   3719 d -> ok lintwin tank 941.5 (+64.2) miss 73 km (5.6 s)
[07:22:50]     settle 20: 266 @   3580 d -> ok lintwin tank 814.9 (+32.0) miss 27 km (3.0 s)
[07:22:51]     settle 16: 182 @   3383 d -> ok lintwin tank 748.5 (+10.4) miss 62 km (2.5 s)
[07:22:51] plan: 1076 states, depth 9 new flybys, end plan_done (66 s); deepest 9 new to 4790 d at planner fuel 709 kg
[07:22:51]   depth  1:   87 states (79 in H), t_end 3242-3873 d, fuel 473-546 kg
[07:22:51]   depth  2:  150 states (120 in H), t_end 3377-4446 d, fuel 488-575 kg
[07:22:51]   depth  3:  150 states (46 in H), t_end 3478-4761 d, fuel 514-601 kg
[07:22:51]   depth  4:  150 states (3 in H), t_end 3608-4786 d, fuel 532-615 kg
[07:22:51]   depth  5:  150 states (0 in H), t_end 4165-4819 d, fuel 560-643 kg
[07:22:51]   depth  6:  150 states (0 in H), t_end 4281-4847 d, fuel 589-669 kg
[07:22:51]   depth  7:  150 states (0 in H), t_end 4470-4827 d, fuel 600-690 kg
[07:22:51]   depth  8:   84 states (0 in H), t_end 4515-4823 d, fuel 668-708 kg
[07:22:51]   depth  9:    5 states (0 in H), t_end 4785-4795 d, fuel 709-727 kg
[07:22:51] candidates: 141 distinct committed target sets (n_new 1-4, potential 0-1)
[07:22:51] frontier: 16 candidates chosen (n fb / committed planner kg / continuation (lookahead)): 1fb/473kg/p0(0), 1fb/473kg/p1(1), 1fb/490kg/p3(1), 1fb/510kg/p3(1), 1fb/517kg/p3(0), 1fb/528kg/p3(1), 1fb/532kg/p3(1), 2fb/497kg/p1(1), 2fb/500kg/p0(0), 2fb/510kg/p2(1), 3fb/521kg/p0(0), 3fb/525kg/p1(1), 3fb/528kg/p0(0), 4fb/585kg/p0(0), 4fb/604kg/p0(0), 4fb/611kg/p0(0)
[07:22:51] budget: 234 s of 300 left for the settles + regrids (settle_wall 480)
[07:22:53]     settle 20: 246 @   3426 d -> ok lintwin tank 809.2 (+26.4) miss 63 km (2.4 s)
[07:22:53]     settle 21: 133 @   3757 d -> ok lintwin tank 910.2 (+46.7) miss 20 km (5.1 s)
[07:22:53] plan: 1177 states, depth 10 new flybys, end plan_done (68 s); deepest 10 new to 4767 d at planner fuel 681 kg
[07:22:53]   depth  1:   82 states (75 in H), t_end 3269-3865 d, fuel 480-555 kg
[07:22:53]   depth  2:  150 states (72 in H), t_end 3399-4268 d, fuel 499-588 kg
[07:22:53]   depth  3:  150 states (24 in H), t_end 3520-4610 d, fuel 512-617 kg
[07:22:53]   depth  4:  150 states (3 in H), t_end 3735-4768 d, fuel 539-631 kg
[07:22:53]   depth  5:  150 states (0 in H), t_end 4023-4817 d, fuel 554-655 kg
[07:22:53]   depth  6:  150 states (0 in H), t_end 4160-4859 d, fuel 562-651 kg
[07:22:53]   depth  7:  150 states (0 in H), t_end 4274-4860 d, fuel 583-663 kg
[07:22:53]   depth  8:  150 states (0 in H), t_end 4443-4858 d, fuel 600-686 kg
[07:22:53]   depth  9:   40 states (0 in H), t_end 4573-4859 d, fuel 654-710 kg
[07:22:53]   depth 10:    5 states (0 in H), t_end 4716-4767 d, fuel 681-695 kg
[07:22:53] candidates: 113 distinct committed target sets (n_new 1-4, potential 0-2)
[07:22:53] frontier: 16 candidates chosen (n fb / committed planner kg / continuation (lookahead)): 1fb/480kg/p2(1), 1fb/481kg/p0(0), 1fb/487kg/p2(2), 1fb/488kg/p2(1), 1fb/490kg/p3(1), 1fb/493kg/p2(1), 1fb/496kg/p2(1), 1fb/505kg/p4(2), 1fb/537kg/p3(2), 2fb/504kg/p0(0), 2fb/504kg/p1(1), 2fb/523kg/p3(2), 3fb/541kg/p0(0), 3fb/546kg/p2(2), 3fb/549kg/p1(1), 4fb/567kg/p0(0)
[07:22:53] budget: 232 s of 300 left for the settles + regrids (settle_wall 480)
[07:22:54]     settle 21: 263 @   3383 d -> ok lintwin tank 859.7 (+2.3) miss 23 km (0.5 s)
[07:22:54] plan: 1181 states, depth 10 new flybys, end plan_done (69 s); deepest 10 new to 4776 d at planner fuel 710 kg
[07:22:54]   depth  1:   71 states (61 in H), t_end 3242-3916 d, fuel 496-571 kg
[07:22:54]   depth  2:  150 states (64 in H), t_end 3401-4439 d, fuel 510-600 kg
[07:22:54]   depth  3:  150 states (32 in H), t_end 3519-4757 d, fuel 534-634 kg
[07:22:54]   depth  4:  150 states (0 in H), t_end 3848-4795 d, fuel 549-659 kg
[07:22:54]   depth  5:  150 states (0 in H), t_end 4031-4836 d, fuel 583-690 kg
[07:22:54]   depth  6:  150 states (0 in H), t_end 4241-4830 d, fuel 591-705 kg
[07:22:54]   depth  7:  150 states (0 in H), t_end 4430-4831 d, fuel 611-681 kg
[07:22:54]   depth  8:  150 states (0 in H), t_end 4554-4860 d, fuel 642-707 kg
[07:22:54]   depth  9:   58 states (0 in H), t_end 4639-4831 d, fuel 669-714 kg
[07:22:54]   depth 10:    2 states (0 in H), t_end 4776-4796 d, fuel 710-714 kg
[07:22:54] candidates: 97 distinct committed target sets (n_new 1-3, potential 0-2)
[07:22:54] frontier: 16 candidates chosen (n fb / committed planner kg / continuation (lookahead)): 1fb/496kg/p1(1), 1fb/503kg/p0(0), 1fb/522kg/p4(2), 1fb/523kg/p2(1), 1fb/523kg/p4(2), 1fb/524kg/p2(2), 1fb/533kg/p3(1), 1fb/552kg/p3(2), 1fb/565kg/p3(1), 1fb/569kg/p3(1), 2fb/537kg/p2(1), 2fb/537kg/p0(0), 2fb/546kg/p3(2), 3fb/553kg/p2(2), 3fb/560kg/p1(1), 3fb/562kg/p2(2)
[07:22:54] budget: 231 s of 300 left for the settles + regrids (settle_wall 480)
[07:22:54]     settle 23: 198 @   3560 d -> ok lintwin tank 861.5 (+12.6) miss 38 km (2.7 s)
[07:22:54]     settle 16: 159 @   3262 d -> ok lintwin tank 742.9 (+4.8) miss 47 km (2.4 s)
[07:22:55]     settle 20: 143 @   3399 d -> ok lintwin tank 818.9 (+36.1) miss 79 km (1.2 s)
[07:22:55]     settle 21: 277 @   3511 d -> ok lintwin tank 882.9 (+19.4) miss 73 km (1.4 s)
[07:22:56]     settle 22: 172 @   3730 d -> ok lintwin tank 997.3 (+119.9) miss 2 km (6.8 s)
[07:22:57]     settle 21:  68 @   3699 d -> ok lintwin tank 862.3 (+4.9) miss 89 km (2.4 s)
[07:22:57]     settle 21: 165 @   3406 d -> ok lintwin tank 876.1 (+12.6) miss 68 km (1.4 s)
[07:22:57]     settle 23:  15 @   3615 d -> ok lintwin tank 862.5 (+13.6) miss 71 km (2.4 s)
[07:22:58]     settle 16: 207 @   3464 d -> ok lintwin tank 745.0 (+6.9) miss 57 km (3.2 s)
[07:22:58]     settle 23: 181 @   3268 d -> ok lintwin tank 863.5 (+14.6) miss 37 km (0.5 s)
[07:22:58]     settle 20:  14 @   3380 d -> ok lintwin tank 819.6 (+36.8) miss 70 km (3.2 s)
[07:22:59]     settle 21: 121 @   3680 d -> ok lintwin tank 865.6 (+8.2) miss 42 km (1.8 s)
[07:22:59]     settle 21: 133 @   3704 d -> ok lintwin tank 812.5 (+0.2) miss 10 km (0.5 s)
[07:23:01]     settle 20:  21 @   3599 d -> ok lintwin tank 873.7 (+7.1) miss 9 km (6.5 s)
[07:23:01]     settle 22: 235 @   3607 d -> ok lintwin tank 891.9 (+14.6) miss 82 km (3.3 s)
[07:23:02]     settle 21: 172 @   3358 d -> ok lintwin tank 864.3 (+6.9) miss 30 km (2.2 s)
[07:23:02]     settle 21: 138 @   3620 d -> ok lintwin tank 820.6 (+11.4) miss 74 km (2.5 s)
[07:23:03]     settle 16:  38 @   3454 d -> ok lintwin tank 756.2 (+18.1) miss 65 km (4.4 s)
[07:23:03]     settle 21:  74 @   3497 d -> ok lintwin tank 903.4 (+39.9) miss 66 km (6.1 s)
[07:23:04]     settle 23:  40 @   3502 d -> ok lintwin tank 904.0 (+55.1) miss 56 km (5.3 s)
[07:23:04]     settle 22:  30 @   3463 d -> ok lintwin tank 898.0 (+20.7) miss 65 km (2.4 s)
[07:23:04]     settle 11:  39 @   3514 d -> FAIL [('lam', 2318186.4)] (22.1 s)
[07:23:04]     settle 21:  90 @   3354 d -> ok lintwin tank 877.3 (+19.9) miss 51 km (2.1 s)
[07:23:05]     settle 21: 168 @   3523 d -> ok lintwin tank 826.9 (+7.3) miss 73 km (1.7 s)
[07:23:05]     settle 23: 256 @   3318 d -> ok lintwin tank 865.3 (+16.4) miss 15 km (0.6 s)
[07:23:06]     settle 16: 119 @   3412 d -> ok lintwin tank 767.6 (+29.5) miss 68 km (3.0 s)
[07:23:07]     settle 21: 102 @   3404 d -> ok lintwin tank 871.3 (+14.0) miss 48 km (1.7 s)
[07:23:07]     settle 20: 105 @   3465 d -> ok lintwin tank 873.5 (+6.9) miss 82 km (5.6 s)
[07:23:07]     settle 22: 266 @   3597 d -> ok lintwin tank 891.6 (+14.2) miss 74 km (2.2 s)
[07:23:08]     settle 21: 215 @   3655 d -> ok lintwin tank 832.5 (+12.9) miss 68 km (2.5 s)
[07:23:09]     settle 22:  93 @   3455 d -> ok lintwin tank 905.8 (+28.5) miss 64 km (1.1 s)
[07:23:09]     settle 16: 197 @   3370 d -> ok lintwin tank 769.9 (+31.8) miss 53 km (2.2 s)
[07:23:10]     settle 21:  77 @   3450 d -> ok lintwin tank 870.2 (+12.8) miss 52 km (2.5 s)
[07:23:10]     settle 23: 145 @   3248 d -> ok lintwin tank 889.4 (+40.5) miss 74 km (3.7 s)
[07:23:10]     settle 21: 292 @   3645 d -> ok lintwin tank 834.7 (+15.0) miss 70 km (1.5 s)
[07:23:10]     settle 22:  17 @   3744 d -> ok lintwin tank 830.5 (+-4.1) miss 18 km (0.6 s)
[07:23:11]     settle 21: 185 @   3507 d -> ok lintwin tank 894.7 (+31.3) miss 2 km (6.6 s)
[07:23:11]     settle 21: 125 @   3269 d -> ok lintwin tank 878.4 (+21.0) miss 77 km (1.4 s)
[07:23:12]     settle 23: 159 @   3398 d -> ok lintwin tank 859.7 (+10.8) miss 30 km (1.7 s)
[07:23:12]     settle 17:  74 @   3483 d -> ok lintwin tank 743.1 (+0.2) miss 66 km (2.3 s)
[07:23:12]     settle 22:  17 @   3745 d -> ok lintwin tank 828.9 (+1.9) miss 16 km (0.8 s)
[07:23:13]     settle 21: 172 @   3361 d -> ok lintwin tank 924.0 (+60.6) miss 71 km (2.0 s)
[07:23:14]     settle 22:  17 @   3743 d -> ok lintwin tank 827.3 (+-5.2) miss 61 km (0.9 s)
[07:23:15]     settle 17:  48 @   3683 d -> ok lintwin tank 753.4 (+4.8) miss 73 km (2.2 s)
[07:23:15]     settle 21:  72 @   3347 d -> ok lintwin tank 876.2 (+18.8) miss 58 km (3.4 s)
[07:23:15]     settle 20: 263 @   3342 d -> ok lintwin tank 887.8 (+21.2) miss 71 km (5.5 s)
[07:23:16]     settle 23: 119 @   3428 d -> ok lintwin tank 861.8 (+12.9) miss 74 km (3.5 s)
[07:23:16]     settle 21: 168 @   3520 d -> ok lintwin tank 827.2 (+7.5) miss 79 km (1.7 s)
[07:23:16]     settle 22: 120 @   3311 d -> ok lintwin tank 1073.7 (+196.4) miss 52 km (7.0 s)
[07:23:16]   drift: leg 120@3311 d settled outside (T, T+H] -> column cut at 0
[07:23:17]     settle 22: 215 @   3651 d -> ok lintwin tank 834.8 (+7.6) miss 96 km (1.3 s)
[07:23:18]     settle 23:  17 @   3744 d -> ok lintwin tank 854.2 (+19.4) miss 10 km (0.5 s)
[07:23:18]     settle 24: 194 @   3634 d -> ok lintwin tank 885.8 (+23.9) miss 61 km (2.7 s)
[07:23:19]     settle 22: 126 @   3614 d -> ok lintwin tank 892.1 (+14.7) miss 37 km (2.4 s)
[07:23:19]     settle 17:  15 @   3640 d -> ok lintwin tank 791.0 (+23.4) miss 78 km (3.9 s)
[07:23:20]     settle 22:   6 @   3496 d -> ok lintwin tank 873.7 (+9.4) miss 70 km (4.6 s)
[07:23:21]     settle 22: 292 @   3635 d -> ok lintwin tank 827.1 (+-0.1) miss 55 km (2.0 s)
[07:23:22]     settle 23:  57 @   3312 d -> ok lintwin tank 858.9 (+10.0) miss 41 km (2.7 s)
[07:23:22]     settle 20: 219 @   3489 d -> ok lintwin tank 879.8 (+13.2) miss 1 km (5.8 s)
[07:23:22]     settle 24:  50 @   3665 d -> ok lintwin tank 861.9 (+3.0) miss 59 km (0.5 s)
[07:23:22]     settle 17:  38 @   3471 d -> ok lintwin tank 757.4 (+8.9) miss 63 km (2.4 s)
[07:23:23]     settle 22: 121 @   3683 d -> ok lintwin tank 866.4 (+6.8) miss 77 km (2.4 s)
[07:23:24]     settle 11: 185 @   3440 d -> FAIL [('lam', 3366642.3)] (19.1 s)
[07:23:24]     settle 22: 213 @   3418 d -> ok lintwin tank 930.6 (+53.2) miss 82 km (4.9 s)
[07:23:24]     settle 24: 159 @   3383 d -> ok lintwin tank 868.8 (+5.4) miss 17 km (1.4 s)
[07:23:25]     settle 18: 215 @   3741 d -> ok lintwin tank 760.7 (+3.3) miss 59 km (2.2 s)
[07:23:27]     settle 23: 159 @   3381 d -> ok lintwin tank 859.4 (+10.5) miss 79 km (2.7 s)
[07:23:28]     settle 17:  52 @   3506 d -> ok lintwin tank 749.9 (+7.0) miss 68 km (2.3 s)
[07:23:28]     settle 22:  77 @   3443 d -> ok lintwin tank 878.9 (+0.5) miss 73 km (4.3 s)
[07:23:28]     settle 24:  44 @   3551 d -> ok lintwin tank 872.3 (+12.9) miss 75 km (0.9 s)
[07:23:28]     settle 20: 125 @   3262 d -> ok lintwin tank 883.9 (+17.3) miss 62 km (5.3 s)
[07:23:29]     settle 22:  91 @   3590 d -> ok lintwin tank 911.7 (+34.3) miss 75 km (4.7 s)
[07:23:29]     settle 23:  17 @   3746 d -> FAIL [('lam', 5174066.3)] (8.7 s)
[07:23:30]     settle 25: 218 @   3675 d -> ok lintwin tank 881.6 (+9.3) miss 61 km (1.6 s)
[07:23:30]     settle 18:  48 @   3678 d -> ok lintwin tank 761.4 (+11.5) miss 64 km (2.3 s)
[07:23:30] RESULT s06_c5: 16 columns; frontier 1fb 5 kg p1/2 | 2fb 30 kg p2/2 | 3fb 44 kg p1/2 | 4fb 71 kg p1/1; settles 20 (19 ok), regrids 16 (16 ok); wall 105 s of 300 (plan 58, price 1, settle 47; budget hit None, 0 unsettled)
[07:23:31]     settle 22:  98 @   3390 d -> ok lintwin tank 918.2 (+40.9) miss 46 km (1.4 s)
[07:23:32]     settle 25:  15 @   3616 d -> ok lintwin tank 880.6 (+11.7) miss 64 km (1.1 s)
[07:23:32]   job s06_c5 craft columns  16  levels 9  settles 19/20  end plan_done  wall 104.8 s
[07:23:33]     settle 17:  38 @   3455 d -> ok lintwin tank 759.9 (+17.0) miss 65 km (2.6 s)
[07:23:33]     settle 25:   6 @   3578 d -> ok lintwin tank 880.9 (+12.1) miss 54 km (1.1 s)
[07:23:33]     settle 22:   6 @   3496 d -> ok lintwin tank 893.4 (+15.0) miss 67 km (4.8 s)
[07:23:34]     settle 24: 159 @   3388 d -> ok lintwin tank 872.8 (+7.5) miss 57 km (0.6 s)
[07:23:35]     settle 25:   6 @   3578 d -> ok lintwin tank 905.6 (+32.8) miss 34 km (0.7 s)
[07:23:36]     settle 23: 121 @   3679 d -> ok lintwin tank 896.8 (+3.4) miss 67 km (2.2 s)
[07:23:36]     settle 26:  15 @   3608 d -> ok lintwin tank 906.7 (+1.2) miss 9 km (0.5 s)
[07:23:36]     settle 18: 292 @   3761 d -> ok lintwin tank 773.1 (+13.1) miss 81 km (3.1 s)
[07:23:37]     settle 22:  85 @   3427 d -> ok lintwin tank 903.1 (+25.8) miss 72 km (5.0 s)
[07:23:37]     settle 23:  39 @   3520 d -> ok lintwin tank 893.4 (+14.5) miss 44 km (1.1 s)
[07:23:39]     settle 24: 197 @   3377 d -> ok lintwin tank 901.1 (+11.7) miss 72 km (2.3 s)
[07:23:39]     settle 21: 145 @   3420 d -> FAIL [('lam', 25748331.9)] (24.7 s)
[07:23:39]     settle 16: 159 @   3258 d -> ok lintwin tank 742.9 (+4.8) miss 47 km (2.4 s)
[07:23:40]     settle 17: 182 @   3379 d -> ok lintwin tank 754.4 (+11.6) miss 33 km (0.4 s)
[07:23:41]     settle 22: 104 @   3334 d -> ok lintwin tank 938.1 (+60.8) miss 70 km (3.9 s)
[07:23:42]     settle 25:  78 @   3478 d -> ok lintwin tank 922.2 (+21.1) miss 71 km (3.0 s)
[07:23:42]     settle 23: 121 @   3678 d -> ok lintwin tank 903.4 (+24.5) miss 70 km (4.0 s)
[07:23:42]     settle 26: 121 @   3687 d -> ok lintwin tank 927.7 (+5.5) miss 82 km (0.5 s)
[07:23:42]     settle 18:  38 @   3464 d -> ok lintwin tank 775.4 (+20.9) miss 41 km (2.6 s)
[07:23:43]     settle 24: 292 @   3737 d -> ok lintwin tank 911.0 (+17.6) miss 40 km (0.6 s)
[07:23:43] RESULT s06_c2: 16 columns; frontier 1fb 2 kg p1/2 | 2fb 9 kg p1/2 | 3fb 36 kg p2/2 | 4fb 54 kg p0/0; settles 17 (17 ok), regrids 16 (16 ok); wall 118 s of 300 (plan 68, price 1, settle 50; budget hit None, 0 unsettled)
[07:23:44]   job s06_c2 craft columns  16  levels 10  settles 17/17  end plan_done  wall 118.2 s
[07:23:44]     settle 11:  63 @   3324 d -> FAIL [('lam', 20253.4)] (20.4 s)
[07:23:44]     settle 26:  40 @   3688 d -> ok lintwin tank 946.5 (+24.3) miss 76 km (1.4 s)
[07:23:44]     settle 21:  52 @   3499 d -> ok lintwin tank 894.2 (+30.8) miss 64 km (5.4 s)
[07:23:44] RESULT s06_c0: 16 columns; frontier 1fb 11 kg p1/1 | 2fb 13 kg p0/1 | 3fb 31 kg p1/1 | 4fb 58 kg p0/0; settles 24 (24 ok), regrids 16 (16 ok); wall 119 s of 300 (plan 66, price 2, settle 53; budget hit None, 0 unsettled)
[07:23:45]     settle 19: 215 @   3743 d -> ok lintwin tank 781.5 (+6.1) miss 61 km (2.4 s)
[07:23:45]     settle 20: 133 @   3675 d -> FAIL [('lam', 2973.5)] (15.9 s)
[07:23:45]     settle 22: 133 @   3773 d -> ok lintwin tank 894.9 (+0.7) miss 47 km (0.8 s)
[07:23:46]   job s06_c0 craft columns  16  levels 9  settles 24/24  end plan_done  wall 119.1 s
[07:23:46]     settle 23: 126 @   3570 d -> ok lintwin tank 992.2 (+54.1) miss 74 km (5.2 s)
[07:23:47]     settle 22:  21 @   3605 d -> ok lintwin tank 898.0 (+15.1) miss 73 km (1.9 s)
[07:23:48]     settle 19: 292 @   3764 d -> ok lintwin tank 791.8 (+16.4) miss 75 km (1.8 s)
[07:23:50]     settle 20:  72 @   3294 d -> ok lintwin tank 882.2 (+15.6) miss 1 km (5.4 s)
[07:23:50]     settle 21: 165 @   3402 d -> ok lintwin tank 876.4 (+13.0) miss 78 km (2.1 s)
[07:23:51]     settle 23: 154 @   3675 d -> ok lintwin tank 913.1 (+7.3) miss 59 km (3.8 s)
[07:23:51]     settle 16: 159 @   3248 d -> ok lintwin tank 742.9 (+4.8) miss 48 km (2.4 s)
[07:23:52]     settle 22:  77 @   3446 d -> ok lintwin tank 879.3 (+2.9) miss 55 km (1.5 s)
[07:23:53]     settle 22: 277 @   3510 d -> ok lintwin tank 892.1 (+16.0) miss 74 km (0.8 s)
[07:23:54]     settle 17: 263 @   3437 d -> ok lintwin tank 757.4 (+14.5) miss 65 km (2.9 s)
[07:23:54]     settle 23:  27 @   3622 d -> ok lintwin tank 955.1 (+24.6) miss 46 km (2.7 s)
[07:23:56]     settle 23:  21 @   3605 d -> ok lintwin tank 899.8 (+7.8) miss 69 km (2.2 s)
[07:23:57]     settle 20:  14 @   3411 d -> ok lintwin tank 938.3 (+71.7) miss 3 km (6.1 s)
[07:23:58]     settle 18:  48 @   3676 d -> ok lintwin tank 778.2 (+20.9) miss 59 km (3.5 s)
[07:23:58]     settle 22:  71 @   3304 d -> ok lintwin tank 938.0 (+60.7) miss 70 km (3.7 s)
[07:23:58]     settle 23: 193 @   3655 d -> ok lintwin tank 912.7 (+20.7) miss 79 km (1.7 s)
[07:24:00]     settle 23:  34 @   3504 d -> ok lintwin tank 940.3 (+2.2) miss 74 km (1.5 s)
[07:24:00]     settle 19: 215 @   3760 d -> ok lintwin tank 783.8 (+5.6) miss 82 km (2.6 s)
[07:24:01] RESULT s06_c1: 16 columns; frontier 1fb 1 kg p1/3 | 2fb 5 kg p1/3 | 3fb 22 kg p0/1 | 4fb 43 kg p0/0; settles 25 (25 ok), regrids 16 (16 ok); wall 135 s of 300 (plan 60, price 2, settle 75; budget hit None, 0 unsettled)
[07:24:01]     settle 22:  40 @   3686 d -> ok lintwin tank 918.5 (+23.8) miss 56 km (1.7 s)
[07:24:02]   job s06_c1 craft columns  16  levels 9  settles 25/25  end plan_done  wall 135.5 s
[07:24:04]     settle 20: 145 @   3242 d -> ok lintwin tank 940.5 (+73.9) miss 0 km (5.7 s)
[07:24:05]     settle 11: 207 @   3446 d -> FAIL [('lam', 2627874.9)] (20.6 s)
[07:24:05]     settle 24: 133 @   3722 d -> ok lintwin tank 973.1 (+32.8) miss 1 km (5.3 s)
[07:24:06]   1 candidates dropped (settle failure / regrid failure / duplicate after truncation)
[07:24:06] RESULT s06_c4: 15 columns; frontier 1fb 14 kg p2/2 | 2fb 36 kg p1/2 | 3fb 96 kg p0/0; settles 19 (19 ok), regrids 15 (15 ok); wall 140 s of 300 (plan 58, price 1, settle 83; budget hit None, 0 unsettled)
[07:24:06]   job s06_c4 craft columns  15  levels 8  settles 19/19  end plan_done  wall 140.4 s
[07:24:06]     settle 23: 133 @   3772 d -> ok lintwin tank 926.8 (+8.3) miss 1 km (5.2 s)
[07:24:07]   1 candidates dropped (settle failure / regrid failure / duplicate after truncation)
[07:24:07] RESULT s06_c3: 15 columns; frontier 1fb 5 kg p1/2 | 2fb 16 kg p1/2 | 3fb 36 kg p1/1; settles 21 (19 ok), regrids 15 (15 ok); wall 141 s of 300 (plan 57, price 1, settle 85; budget hit None, 0 unsettled)
[07:24:08]   job s06_c3 craft columns  15  levels 8  settles 19/21  end plan_done  wall 141.4 s
[07:24:11]     settle 20:  22 @   3511 d -> ok lintwin tank 1012.5 (+145.8) miss 1 km (5.9 s)
[07:24:12]     settle 11: 197 @   3443 d -> FAIL [('lam', 17941144.8)] (7.5 s)
[07:24:16]     settle 20: 263 @   3349 d -> ok lintwin tank 887.8 (+21.2) miss 71 km (5.2 s)
[07:24:20]     settle 21:  77 @   3453 d -> ok lintwin tank 888.3 (+0.5) miss 57 km (3.4 s)
[07:24:21]     settle 11: 143 @   3241 d -> ok lam tank 964.9 (+258.4) miss 97 km (8.6 s)
[07:24:21]   drift: leg 143@3241 d settled outside (T, T+H] -> column cut at 0
[07:24:26]     settle 20: 294 @   3559 d -> ok lintwin tank 894.2 (+27.6) miss 76 km (5.9 s)
[07:24:32]     settle 21: 133 @   3687 d -> ok lam tank 957.5 (+63.2) miss 12 km (5.5 s)
[07:24:36]     settle 11: 136 @   3618 d -> FAIL [('lam', 7495439.5)] (14.6 s)
[07:24:42]     settle 21: 277 @   3514 d -> ok lintwin tank 901.6 (+13.7) miss 75 km (4.5 s)
[07:24:48]     settle 22: 193 @   3648 d -> ok lintwin tank 925.1 (+23.5) miss 85 km (5.3 s)
[07:24:51]     settle 11: 220 @   3252 d -> FAIL [('lam', 3272280.5)] (15.3 s)
[07:24:51]     settle 22:  40 @   3681 d -> ok lintwin tank 913.1 (+24.8) miss 63 km (2.5 s)
[07:24:58]     settle 22:  21 @   3599 d -> ok lintwin tank 930.6 (+29.0) miss 8 km (6.1 s)
[07:24:58]   1 candidates dropped (settle failure / regrid failure / duplicate after truncation)
[07:24:58] RESULT s06_c6: 15 columns; frontier 1fb 4 kg p0/2 | 2fb 22 kg p1/2 | 3fb 46 kg p1/2; settles 18 (17 ok), regrids 15 (15 ok); wall 193 s of 300 (plan 69, price 1, settle 124; budget hit None, 0 unsettled)
[07:25:00]   job s06_c6 craft columns  15  levels 10  settles 17/18  end plan_done  wall 192.8 s
[07:25:08]     settle 11: 254 @   3690 d -> FAIL [('lam', 245152.7)] (17.0 s)
[07:25:20]     settle 11: 186 @   3699 d -> ok lam tank 1360.1 (+653.6) miss 84 km (12.2 s)
[07:25:32]     settle 12: 141 @   3746 d -> FAIL [('lam', 19443.1)] (11.9 s)
[07:25:41]   15 candidates dropped (settle failure / regrid failure / duplicate after truncation)
[07:25:41] RESULT s06_c7: 1 columns; frontier 1fb 199 kg p0/0; settles 20 (2 ok), regrids 1 (1 ok); wall 235 s of 300 (plan 43, price 1, settle 192; budget hit None, 0 unsettled)
[07:25:42]   job s06_c7 craft columns   1  levels 8  settles 2/20  end plan_done  wall 235.3 s
[07:25:42] [slice 6] propose: 110 columns (0 bad dropped) in 236.9 s
[07:25:42] [slice 6] auction: 110 columns, kept 108, dropped {'ramp': 2}; lam 1.00 H_eff 540 d fuel budget 482 kg quota on
[07:25:42] [slice 6] auction: status optimal objective 33.391 vars 108 rows 50 chosen 7 fuel 438/482 kg (0.014 s)
[07:25:44] [slice 6 T=3240 d] launched 8/8  covered 169  remaining 129  fuel 2178 kg  sumJi 9.8844  chosen: c0:4(+78) c1:4(+54) c2:3(+36) c3:3(+63) c4:2(+78) c5:4(+71) c6:3(+58)  rejected: -  (wall 239 s)
[07:25:44] [slice 7 T=3780 d] propose: 8 jobs (8 craft, 0 root) on 9 workers, proposer planbeam, H_eff 540 d, lam 1.0
[07:25:44] job s07_c1 (craft, craft 1, planbeam): T 3780 d H 540 L 360; plan horizon 5400 d; remaining 129; prize >1 on 107; width 150 npt 6 mc 150 dv 1.2 drmax 0.15 plan_wall 240 s; quota None
[07:25:44] job s07_c0 (craft, craft 0, planbeam): T 3780 d H 540 L 360; plan horizon 5400 d; remaining 129; prize >1 on 107; width 150 npt 6 mc 150 dv 1.2 drmax 0.15 plan_wall 240 s; quota None
[07:25:44] job s07_c2 (craft, craft 2, planbeam): T 3780 d H 540 L 360; plan horizon 5400 d; remaining 129; prize >1 on 107; width 150 npt 6 mc 150 dv 1.2 drmax 0.15 plan_wall 240 s; quota None
[07:25:44] job s07_c3 (craft, craft 3, planbeam): T 3780 d H 540 L 360; plan horizon 5400 d; remaining 129; prize >1 on 107; width 150 npt 6 mc 150 dv 1.2 drmax 0.15 plan_wall 240 s; quota None
[07:25:44] job s07_c4 (craft, craft 4, planbeam): T 3780 d H 540 L 360; plan horizon 5400 d; remaining 129; prize >1 on 107; width 150 npt 6 mc 150 dv 1.2 drmax 0.15 plan_wall 240 s; quota None
[07:25:44] job s07_c6 (craft, craft 6, planbeam): T 3780 d H 540 L 360; plan horizon 5400 d; remaining 129; prize >1 on 107; width 150 npt 6 mc 150 dv 1.2 drmax 0.15 plan_wall 240 s; quota None
[07:25:44] job s07_c7 (craft, craft 7, planbeam): T 3780 d H 540 L 360; plan horizon 5400 d; remaining 129; prize >1 on 107; width 150 npt 6 mc 150 dv 1.2 drmax 0.15 plan_wall 240 s; quota None
[07:25:44] job s07_c5 (craft, craft 5, planbeam): T 3780 d H 540 L 360; plan horizon 5400 d; remaining 129; prize >1 on 107; width 150 npt 6 mc 150 dv 1.2 drmax 0.15 plan_wall 240 s; quota None
[07:25:44] prefix slices/s07/in/craft_7.npz: 10 flybys, t_end 2049.3 d, tank 706.5 kg (planner view), miss 97.5 km, nreg 92
[07:25:44] budget: job_wall 300 s, 300 s left before the plan -> plan cap 210 s (plan_wall 240, settle_reserve 90)
[07:25:44] prefix slices/s07/in/craft_2.npz: 23 flybys, t_end 3520.1 d, tank 893.2 kg (planner view), miss 70.6 km, nreg 175
[07:25:44] budget: job_wall 300 s, 300 s left before the plan -> plan cap 210 s (plan_wall 240, settle_reserve 90)
[07:25:44] prefix slices/s07/in/craft_4.npz: 23 flybys, t_end 3623.8 d, tank 954.9 kg (planner view), miss 4.1 km, nreg 177
[07:25:44] prefix slices/s07/in/craft_6.npz: 22 flybys, t_end 3652.0 d, tank 924.7 kg (planner view), miss 25.1 km, nreg 176
[07:25:44] budget: job_wall 300 s, 300 s left before the plan -> plan cap 210 s (plan_wall 240, settle_reserve 90)
[07:25:44] budget: job_wall 300 s, 300 s left before the plan -> plan cap 210 s (plan_wall 240, settle_reserve 90)
[07:25:44] prefix slices/s07/in/craft_5.npz: 23 flybys, t_end 3745.9 d, tank 853.7 kg (planner view), miss 7.9 km, nreg 182
[07:25:44] budget: job_wall 300 s, 300 s left before the plan -> plan cap 210 s (plan_wall 240, settle_reserve 90)
[07:25:44] prefix slices/s07/in/craft_0.npz: 26 flybys, t_end 3684.0 d, tank 927.1 kg (planner view), miss 54.9 km, nreg 187
[07:25:44] budget: job_wall 300 s, 300 s left before the plan -> plan cap 210 s (plan_wall 240, settle_reserve 90)
[07:25:44] prefix slices/s07/in/craft_3.npz: 23 flybys, t_end 3774.0 d, tank 926.7 kg (planner view), miss 9.6 km, nreg 187
[07:25:44] prefix slices/s07/in/craft_1.npz: 19 flybys, t_end 3760.0 d, tank 791.7 kg (planner view), miss 27.5 km, nreg 191
[07:25:44] budget: job_wall 300 s, 300 s left before the plan -> plan cap 210 s (plan_wall 240, settle_reserve 90)
[07:25:44] budget: job_wall 300 s, 300 s left before the plan -> plan cap 210 s (plan_wall 240, settle_reserve 90)
[07:26:03] first level (both): 0 production + 27 relaxed (dv 2.5, 0.3 AU; 0.1 s) + 47 lintwin children -> 64 unique (18.9 s)
[07:26:03] plan start: prefix 23 flybys, t_end 3520.1 d, planner mass 1077.5 kg (dv 15.509 km/s); 64 first-level states
[07:26:04] first level (both): 0 production + 48 relaxed (dv 2.5, 0.3 AU; 0.1 s) + 45 lintwin children -> 66 unique (19.3 s)
[07:26:04] plan start: prefix 23 flybys, t_end 3745.9 d, planner mass 1127.4 kg (dv 13.733 km/s); 66 first-level states
[07:26:04] first level (both): 0 production + 0 relaxed (dv 2.5, 0.3 AU; 0.0 s) + 64 lintwin children -> 64 unique (19.4 s)
[07:26:04] plan start: prefix 10 flybys, t_end 2049.3 d, planner mass 1362.3 kg (dv 6.310 km/s); 64 first-level states
[07:26:04] first level (both): 0 production + 50 relaxed (dv 2.5, 0.3 AU; 0.1 s) + 43 lintwin children -> 65 unique (19.6 s)
[07:26:04] plan start: prefix 22 flybys, t_end 3652.0 d, planner mass 1040.8 kg (dv 16.867 km/s); 65 first-level states
[07:26:05] first level (both): 0 production + 42 relaxed (dv 2.5, 0.3 AU; 0.1 s) + 55 lintwin children -> 74 unique (20.3 s)
[07:26:05] plan start: prefix 23 flybys, t_end 3623.8 d, planner mass 1007.8 kg (dv 18.131 km/s); 74 first-level states
[07:26:05] first level (both): 0 production + 24 relaxed (dv 2.5, 0.3 AU; 0.1 s) + 40 lintwin children -> 52 unique (20.5 s)
[07:26:05] plan start: prefix 26 flybys, t_end 3684.0 d, planner mass 1038.0 kg (dv 16.972 km/s); 52 first-level states
[07:26:05] first level (both): 0 production + 47 relaxed (dv 2.5, 0.3 AU; 0.1 s) + 45 lintwin children -> 71 unique (20.7 s)
[07:26:05] plan start: prefix 19 flybys, t_end 3760.0 d, planner mass 1215.6 kg (dv 10.779 km/s); 71 first-level states
[07:26:05] first level (both): 0 production + 37 relaxed (dv 2.5, 0.3 AU; 0.0 s) + 42 lintwin children -> 57 unique (20.9 s)
[07:26:05] plan start: prefix 23 flybys, t_end 3774.0 d, planner mass 1038.5 kg (dv 16.954 km/s); 57 first-level states
[07:26:16] plan: 493 states, depth 9 new flybys, end plan_done (32 s); deepest 9 new to 5392 d at planner fuel 506 kg
[07:26:16]   depth  1:   64 states (56 in H), t_end 3801-4388 d, fuel 238-338 kg
[07:26:16]   depth  2:   52 states (29 in H), t_end 3927-4793 d, fuel 247-369 kg
[07:26:16]   depth  3:   47 states (5 in H), t_end 4147-5329 d, fuel 269-407 kg
[07:26:16]   depth  4:   69 states (0 in H), t_end 4407-5290 d, fuel 297-420 kg
[07:26:16]   depth  5:   83 states (0 in H), t_end 4616-5393 d, fuel 344-459 kg
[07:26:16]   depth  6:   88 states (0 in H), t_end 4800-5390 d, fuel 402-491 kg
[07:26:16]   depth  7:   75 states (0 in H), t_end 5080-5398 d, fuel 416-526 kg
[07:26:16]   depth  8:   11 states (0 in H), t_end 5185-5399 d, fuel 483-531 kg
[07:26:16]   depth  9:    4 states (0 in H), t_end 5375-5396 d, fuel 506-545 kg
[07:26:16] candidates: 70 distinct committed target sets (n_new 1-3, potential 0-2)
[07:26:16] frontier: 16 candidates chosen (n fb / committed planner kg / continuation (lookahead)): 1fb/238kg/p4(2), 1fb/238kg/p3(2), 1fb/238kg/p3(2), 1fb/238kg/p2(0), 1fb/238kg/p2(1), 1fb/255kg/p3(1), 1fb/260kg/p3(2), 1fb/292kg/p4(2), 1fb/293kg/p3(2), 2fb/259kg/p0(0), 2fb/260kg/p3(2), 2fb/265kg/p1(1), 2fb/274kg/p2(2), 3fb/283kg/p2(2), 3fb/289kg/p0(0), 3fb/295kg/p0(0)
[07:26:16] budget: 268 s of 300 left for the settles + regrids (settle_wall 480)
[07:26:30] plan: 901 states, depth 8 new flybys, end plan_done (46 s); deepest 8 new to 5395 d at planner fuel 694 kg
[07:26:30]   depth  1:   52 states (39 in H), t_end 3827-4452 d, fuel 567-633 kg
[07:26:30]   depth  2:  150 states (37 in H), t_end 4031-4947 d, fuel 579-659 kg
[07:26:30]   depth  3:  150 states (0 in H), t_end 4346-5365 d, fuel 598-684 kg
[07:26:30]   depth  4:  150 states (0 in H), t_end 4486-5364 d, fuel 611-706 kg
[07:26:30]   depth  5:  150 states (0 in H), t_end 4712-5398 d, fuel 632-734 kg
[07:26:30]   depth  6:  150 states (0 in H), t_end 4979-5399 d, fuel 656-745 kg
[07:26:30]   depth  7:   70 states (0 in H), t_end 5095-5400 d, fuel 681-758 kg
[07:26:30]   depth  8:   29 states (0 in H), t_end 5320-5399 d, fuel 694-741 kg
[07:26:30] candidates: 50 distinct committed target sets (n_new 1-2, potential 0-2)
[07:26:30] frontier: 16 candidates chosen (n fb / committed planner kg / continuation (lookahead)): 1fb/567kg/p1(1), 1fb/572kg/p1(0), 1fb/578kg/p1(1), 1fb/578kg/p1(0), 1fb/585kg/p2(2), 1fb/587kg/p2(2), 1fb/587kg/p2(1), 1fb/596kg/p3(2), 1fb/603kg/p2(1), 1fb/608kg/p2(1), 1fb/611kg/p3(2), 1fb/622kg/p2(2), 2fb/585kg/p0(0), 2fb/591kg/p0(0), 2fb/607kg/p2(2), 2fb/626kg/p2(2)
[07:26:30] budget: 254 s of 300 left for the settles + regrids (settle_wall 480)
[07:26:31] plan: 891 states, depth 8 new flybys, end plan_done (47 s); deepest 8 new to 5351 d at planner fuel 740 kg
[07:26:31]   depth  1:   57 states (49 in H), t_end 3827-4450 d, fuel 576-636 kg
[07:26:31]   depth  2:  150 states (18 in H), t_end 4134-4987 d, fuel 586-665 kg
[07:26:31]   depth  3:  150 states (1 in H), t_end 4287-5338 d, fuel 613-694 kg
[07:26:31]   depth  4:  150 states (0 in H), t_end 4548-5394 d, fuel 635-712 kg
[07:26:31]   depth  5:  150 states (0 in H), t_end 4756-5398 d, fuel 643-738 kg
[07:26:31]   depth  6:  150 states (0 in H), t_end 5015-5397 d, fuel 666-761 kg
[07:26:31]   depth  7:   73 states (0 in H), t_end 5155-5391 d, fuel 695-767 kg
[07:26:31]   depth  8:   11 states (0 in H), t_end 5351-5393 d, fuel 740-769 kg
[07:26:31] candidates: 43 distinct committed target sets (n_new 1-3, potential 0-3)
[07:26:31] frontier: 16 candidates chosen (n fb / committed planner kg / continuation (lookahead)): 1fb/580kg/p0(0), 1fb/581kg/p2(2), 1fb/593kg/p2(2), 1fb/595kg/p3(2), 1fb/596kg/p3(3), 1fb/597kg/p2(2), 1fb/601kg/p2(2), 1fb/603kg/p3(1), 1fb/607kg/p3(3), 1fb/616kg/p3(2), 1fb/619kg/p2(1), 1fb/621kg/p2(1), 2fb/606kg/p1(1), 2fb/612kg/p2(1), 2fb/613kg/p1(1), 3fb/642kg/p1(1)
[07:26:31] budget: 253 s of 300 left for the settles + regrids (settle_wall 480)
[07:26:31] plan: 915 states, depth 8 new flybys, end plan_done (47 s); deepest 8 new to 5309 d at planner fuel 606 kg
[07:26:31]   depth  1:   71 states (59 in H), t_end 3841-4439 d, fuel 391-473 kg
[07:26:31]   depth  2:  150 states (26 in H), t_end 4005-4760 d, fuel 407-502 kg
[07:26:31]   depth  3:  150 states (3 in H), t_end 4270-5240 d, fuel 410-533 kg
[07:26:31]   depth  4:  150 states (0 in H), t_end 4559-5279 d, fuel 437-553 kg
[07:26:31]   depth  5:  150 states (0 in H), t_end 4864-5396 d, fuel 461-581 kg
[07:26:31]   depth  6:  150 states (0 in H), t_end 5113-5400 d, fuel 511-606 kg
[07:26:31]   depth  7:   91 states (0 in H), t_end 5188-5397 d, fuel 520-626 kg
[07:26:31]   depth  8:    3 states (0 in H), t_end 5275-5399 d, fuel 606-628 kg
[07:26:31] candidates: 42 distinct committed target sets (n_new 1-3, potential 0-3)
[07:26:31] frontier: 16 candidates chosen (n fb / committed planner kg / continuation (lookahead)): 1fb/392kg/p1(1), 1fb/393kg/p2(1), 1fb/399kg/p2(0), 1fb/401kg/p1(1), 1fb/410kg/p1(1), 1fb/412kg/p2(1), 1fb/417kg/p1(1), 1fb/422kg/p1(0), 1fb/437kg/p2(1), 1fb/452kg/p2(1), 1fb/456kg/p3(3), 1fb/465kg/p2(2), 2fb/420kg/p0(0), 2fb/430kg/p1(1), 2fb/434kg/p1(0), 3fb/456kg/p0(0)
[07:26:31] budget: 253 s of 300 left for the settles + regrids (settle_wall 480)
[07:26:32] plan: 957 states, depth 8 new flybys, end plan_done (47 s); deepest 8 new to 5307 d at planner fuel 713 kg
[07:26:32]   depth  1:   65 states (57 in H), t_end 3828-4405 d, fuel 577-635 kg
[07:26:32]   depth  2:  150 states (23 in H), t_end 4012-4888 d, fuel 587-659 kg
[07:26:32]   depth  3:  150 states (6 in H), t_end 4272-5302 d, fuel 595-686 kg
[07:26:32]   depth  4:  150 states (0 in H), t_end 4509-5351 d, fuel 615-717 kg
[07:26:32]   depth  5:  150 states (0 in H), t_end 4748-5396 d, fuel 629-745 kg
[07:26:32]   depth  6:  150 states (0 in H), t_end 4965-5399 d, fuel 641-771 kg
[07:26:32]   depth  7:  114 states (0 in H), t_end 5115-5397 d, fuel 655-783 kg
[07:26:32]   depth  8:   28 states (0 in H), t_end 5275-5396 d, fuel 713-772 kg
[07:26:32] candidates: 48 distinct committed target sets (n_new 1-3, potential 0-2)
[07:26:32] frontier: 16 candidates chosen (n fb / committed planner kg / continuation (lookahead)): 1fb/577kg/p2(1), 1fb/582kg/p2(2), 1fb/589kg/p3(1), 1fb/595kg/p2(2), 1fb/605kg/p2(2), 1fb/607kg/p2(2), 1fb/615kg/p2(2), 1fb/616kg/p3(2), 1fb/619kg/p3(1), 1fb/619kg/p2(2), 2fb/599kg/p1(1), 2fb/604kg/p2(1), 2fb/605kg/p1(1), 3fb/632kg/p1(1), 3fb/666kg/p0(0), 3fb/675kg/p1(1)
[07:26:32] budget: 253 s of 300 left for the settles + regrids (settle_wall 480)
[07:26:32]     settle 24:  65 @   4005 d -> ok lintwin tank 942.2 (+15.5) miss 62 km (0.8 s)
[07:26:33]     settle 27:  84 @   4308 d -> ok lintwin tank 929.8 (+2.7) miss 60 km (3.2 s)
[07:26:33] plan: 1029 states, depth 8 new flybys, end plan_done (49 s); deepest 8 new to 5317 d at planner fuel 656 kg
[07:26:33]   depth  1:   64 states (56 in H), t_end 3790-4441 d, fuel 527-599 kg
[07:26:33]   depth  2:  150 states (45 in H), t_end 3884-4964 d, fuel 538-630 kg
[07:26:33]   depth  3:  150 states (13 in H), t_end 4132-5346 d, fuel 546-656 kg
[07:26:33]   depth  4:  150 states (0 in H), t_end 4417-5386 d, fuel 550-674 kg
[07:26:33]   depth  5:  150 states (0 in H), t_end 4750-5400 d, fuel 573-697 kg
[07:26:33]   depth  6:  150 states (0 in H), t_end 4954-5348 d, fuel 602-699 kg
[07:26:33]   depth  7:  150 states (0 in H), t_end 5115-5400 d, fuel 616-726 kg
[07:26:33]   depth  8:   65 states (0 in H), t_end 5264-5400 d, fuel 656-715 kg
[07:26:33] candidates: 69 distinct committed target sets (n_new 1-3, potential 0-3)
[07:26:33] frontier: 16 candidates chosen (n fb / committed planner kg / continuation (lookahead)): 1fb/527kg/p3(2), 1fb/532kg/p3(2), 1fb/532kg/p1(1), 1fb/533kg/p3(3), 1fb/535kg/p2(0), 1fb/539kg/p3(1), 1fb/548kg/p2(2), 1fb/551kg/p2(0), 1fb/566kg/p2(1), 1fb/580kg/p2(0), 2fb/541kg/p2(2), 2fb/547kg/p2(2), 2fb/550kg/p1(1), 3fb/569kg/p1(1), 3fb/581kg/p0(0), 3fb/585kg/p0(0)
[07:26:33] budget: 251 s of 300 left for the settles + regrids (settle_wall 480)
[07:26:34] plan: 1054 states, depth 10 new flybys, end plan_done (49 s); deepest 10 new to 5378 d at planner fuel 723 kg
[07:26:34]   depth  1:   66 states (56 in H), t_end 3841-4426 d, fuel 478-555 kg
[07:26:34]   depth  2:  150 states (39 in H), t_end 3980-4932 d, fuel 494-589 kg
[07:26:34]   depth  3:  150 states (3 in H), t_end 4135-5118 d, fuel 522-619 kg
[07:26:34]   depth  4:  150 states (0 in H), t_end 4348-5321 d, fuel 539-636 kg
[07:26:34]   depth  5:  150 states (0 in H), t_end 4512-5376 d, fuel 545-664 kg
[07:26:34]   depth  6:  150 states (0 in H), t_end 4667-5398 d, fuel 577-692 kg
[07:26:34]   depth  7:  147 states (0 in H), t_end 4902-5398 d, fuel 619-708 kg
[07:26:34]   depth  8:   60 states (0 in H), t_end 5065-5397 d, fuel 652-732 kg
[07:26:34]   depth  9:   29 states (0 in H), t_end 5195-5400 d, fuel 668-719 kg
[07:26:34]   depth 10:    2 states (0 in H), t_end 5378-5380 d, fuel 723-736 kg
[07:26:34] candidates: 56 distinct committed target sets (n_new 1-3, potential 0-3)
[07:26:34] frontier: 16 candidates chosen (n fb / committed planner kg / continuation (lookahead)): 1fb/488kg/p2(2), 1fb/493kg/p1(1), 1fb/500kg/p3(3), 1fb/503kg/p2(2), 1fb/504kg/p3(2), 1fb/509kg/p3(2), 1fb/522kg/p2(1), 1fb/528kg/p3(3), 1fb/533kg/p5(3), 1fb/540kg/p3(2), 1fb/546kg/p3(2), 2fb/524kg/p2(2), 2fb/525kg/p0(0), 2fb/555kg/p4(3), 3fb/555kg/p1(1), 3fb/582kg/p3(3)
[07:26:34] budget: 251 s of 300 left for the settles + regrids (settle_wall 480)
[07:26:34]     settle 24: 179 @   3846 d -> ok lintwin tank 896.7 (+3.5) miss 3 km (0.6 s)
[07:26:34]     settle 20:  98 @   4018 d -> ok lintwin tank 798.9 (+7.2) miss 68 km (2.9 s)
[07:26:35]     settle 23: 205 @   3952 d -> ok lintwin tank 937.1 (+12.4) miss 54 km (2.9 s)
[07:26:35]     settle 27:  65 @   4023 d -> ok lintwin tank 935.8 (+8.7) miss 10 km (0.7 s)
[07:26:35]     settle 24: 118 @   3886 d -> ok lintwin tank 900.0 (+6.8) miss 58 km (0.7 s)
[07:26:36] plan: 1008 states, depth 9 new flybys, end plan_done (52 s); deepest 9 new to 5373 d at planner fuel 793 kg
[07:26:36]   depth  1:   74 states (64 in H), t_end 3790-4516 d, fuel 601-665 kg
[07:26:36]   depth  2:  150 states (49 in H), t_end 3875-4916 d, fuel 617-691 kg
[07:26:36]   depth  3:  150 states (11 in H), t_end 4031-5206 d, fuel 626-716 kg
[07:26:36]   depth  4:  150 states (0 in H), t_end 4364-5340 d, fuel 659-735 kg
[07:26:36]   depth  5:  150 states (0 in H), t_end 4480-5400 d, fuel 675-761 kg
[07:26:36]   depth  6:  150 states (0 in H), t_end 4764-5400 d, fuel 687-776 kg
[07:26:36]   depth  7:  108 states (0 in H), t_end 4979-5400 d, fuel 703-801 kg
[07:26:36]   depth  8:   58 states (0 in H), t_end 5090-5399 d, fuel 739-804 kg
[07:26:36]   depth  9:   18 states (0 in H), t_end 5295-5396 d, fuel 793-820 kg
[07:26:36] candidates: 75 distinct committed target sets (n_new 1-3, potential 0-2)
[07:26:36] frontier: 16 candidates chosen (n fb / committed planner kg / continuation (lookahead)): 1fb/606kg/p2(1), 1fb/607kg/p0(0), 1fb/610kg/p2(1), 1fb/612kg/p2(2), 1fb/615kg/p2(2), 1fb/621kg/p2(2), 1fb/626kg/p3(2), 1fb/631kg/p4(2), 1fb/638kg/p3(2), 1fb/651kg/p3(2), 2fb/625kg/p1(1), 2fb/626kg/p1(0), 2fb/641kg/p3(2), 3fb/652kg/p0(0), 3fb/668kg/p2(2), 3fb/673kg/p0(0)
[07:26:36] budget: 248 s of 300 left for the settles + regrids (settle_wall 480)
[07:26:37]     settle 20: 205 @   3973 d -> ok lintwin tank 796.3 (+4.6) miss 61 km (1.8 s)
[07:26:38]     settle 24: 132 @   4177 d -> ok lintwin tank 974.3 (+47.6) miss 60 km (5.1 s)
[07:26:39]     settle 27: 300 @   4162 d -> ok lintwin tank 947.1 (+19.9) miss 64 km (3.4 s)
[07:26:39]     settle 24: 278 @   4140 d -> ok lintwin tank 859.2 (+5.6) miss 77 km (5.3 s)
[07:26:39]     settle 11: 240 @   3855 d -> FAIL [('lam', 1085121.1)] (22.8 s)
[07:26:40]     settle 20:  56 @   3960 d -> ok lintwin tank 795.6 (+3.8) miss 71 km (2.8 s)
[07:26:41]     settle 23:  89 @   4213 d -> ok lintwin tank 1020.4 (+95.8) miss 45 km (5.3 s)
[07:26:41]     settle 24: 156 @   4308 d -> ok lintwin tank 910.3 (+17.1) miss 43 km (5.2 s)
[07:26:41]     settle 24: 295 @   3861 d -> ok lintwin tank 961.4 (+6.5) miss 2 km (5.3 s)
[07:26:42]     settle 27: 136 @   4059 d -> ok lintwin tank 945.6 (+18.5) miss 69 km (2.9 s)
[07:26:42]     settle 24: 132 @   4186 d -> ok lintwin tank 901.2 (+8.0) miss 8 km (0.6 s)
[07:26:43]     settle 24: 300 @   4168 d -> ok lintwin tank 1021.2 (+94.5) miss 63 km (4.6 s)
[07:26:44]     settle 24: 231 @   4036 d -> ok lintwin tank 884.4 (+30.7) miss 74 km (4.3 s)
[07:26:45]     settle 23: 261 @   4016 d -> ok lintwin tank 1024.6 (+100.0) miss 78 km (2.9 s)
[07:26:46]     settle 24:  65 @   4019 d -> ok lintwin tank 903.8 (+10.6) miss 95 km (3.1 s)
[07:26:46]     settle 20: 160 @   4002 d -> ok lintwin tank 812.4 (+20.7) miss 63 km (5.5 s)
[07:26:47]     settle 24: 194 @   4274 d -> ok lintwin tank 960.9 (+6.0) miss 71 km (4.4 s)
[07:26:47]     settle 27: 132 @   4156 d -> ok lintwin tank 960.2 (+33.0) miss 64 km (4.1 s)
[07:26:47]     settle 24: 261 @   3830 d -> ok lintwin tank 910.8 (+17.6) miss 98 km (0.7 s)
[07:26:48]     settle 27: 200 @   4151 d -> ok lintwin tank 948.9 (+21.8) miss 89 km (0.7 s)
[07:26:49]     settle 24: 278 @   4135 d -> ok lintwin tank 951.5 (+24.8) miss 74 km (2.4 s)
[07:26:49]     settle 23: 278 @   4143 d -> ok lintwin tank 962.4 (+37.8) miss 71 km (3.1 s)
[07:26:49]     settle 24:  53 @   4137 d -> ok lintwin tank 904.9 (+11.7) miss 72 km (1.4 s)
[07:26:50]     settle 24:  99 @   4024 d -> ok lintwin tank 889.1 (+35.5) miss 65 km (5.1 s)
[07:26:51]     settle 20: 155 @   4005 d -> ok lintwin tank 830.9 (+39.2) miss 64 km (4.3 s)
[07:26:51]     settle 24:  57 @   3935 d -> ok lintwin tank 969.1 (+14.2) miss 60 km (3.1 s)
[07:26:53]     settle 27: 294 @   3827 d -> ok lintwin tank 961.0 (+33.9) miss 60 km (4.3 s)
[07:26:53]     settle 23:  99 @   4022 d -> ok lintwin tank 944.0 (+19.3) miss 49 km (3.2 s)
[07:26:54]     settle 20:  30 @   4075 d -> ok lintwin tank 797.5 (+5.8) miss 63 km (2.4 s)
[07:26:54]     settle 24:  68 @   3909 d -> ok lintwin tank 1006.1 (+112.9) miss 62 km (4.6 s)
[07:26:55]     settle 24: 111 @   4161 d -> ok lintwin tank 996.5 (+69.8) miss 67 km (5.9 s)
[07:26:55]     settle 24: 102 @   4270 d -> ok lintwin tank 966.7 (+11.7) miss 52 km (3.0 s)
[07:26:56]     settle 24:  89 @   4043 d -> ok lintwin tank 884.8 (+31.2) miss 73 km (5.2 s)
[07:26:56]     settle 27:  88 @   4026 d -> ok lintwin tank 955.2 (+28.1) miss 60 km (2.3 s)
[07:26:57]     settle 23: 209 @   4066 d -> ok lintwin tank 971.3 (+46.7) miss 67 km (3.5 s)
[07:26:58]     settle 24: 136 @   4057 d -> ok lintwin tank 958.0 (+31.3) miss 59 km (2.2 s)
[07:26:58]     settle 20:  21 @   4299 d -> ok lintwin tank 820.7 (+28.9) miss 66 km (3.4 s)
[07:27:00]     settle 24: 243 @   4054 d -> ok lintwin tank 977.3 (+22.4) miss 61 km (3.7 s)
[07:27:00]     settle 20: 102 @   3841 d -> ok lintwin tank 817.4 (+25.6) miss 56 km (1.5 s)
[07:27:01]     settle 23: 104 @   3951 d -> ok lintwin tank 1024.4 (+99.8) miss 56 km (2.9 s)
[07:27:01]     settle 24:  79 @   4024 d -> ok lintwin tank 1051.8 (+158.6) miss 45 km (5.7 s)
[07:27:02]     settle 24: 205 @   3947 d -> ok lintwin tank 870.4 (+16.7) miss 86 km (5.2 s)
[07:27:02]     settle 20: 256 @   3892 d -> ok lintwin tank 816.2 (+24.5) miss 68 km (1.6 s)
[07:27:03]     settle 27: 188 @   4043 d -> ok lintwin tank 959.8 (+32.7) miss 72 km (6.0 s)
[07:27:05]     settle 23: 135 @   3887 d -> ok lintwin tank 970.1 (+45.5) miss 67 km (2.1 s)
[07:27:05]     settle 24:  57 @   4236 d -> ok lintwin tank 1349.7 (+423.0) miss 12 km (6.2 s)
[07:27:05]     settle 24: 184 @   4001 d -> ok lintwin tank 993.0 (+38.1) miss 76 km (4.5 s)
[07:27:05]     settle 20: 135 @   3890 d -> ok lintwin tank 796.6 (+4.9) miss 71 km (1.9 s)
[07:27:05]     settle 27: 135 @   3998 d -> ok lintwin tank 972.8 (+45.6) miss 71 km (2.1 s)
[07:27:07]     settle 11: 136 @   4043 d -> FAIL [('lam', 2157633.1)] (27.7 s)
[07:27:07]     settle 24: 135 @   3903 d -> ok lintwin tank 877.8 (+24.1) miss 73 km (4.7 s)
[07:27:08]     settle 24: 245 @   3851 d -> ok lintwin tank 989.3 (+96.1) miss 70 km (6.2 s)
[07:27:09]     settle 27: 245 @   3873 d -> ok lintwin tank 981.1 (+54.0) miss 57 km (3.3 s)
[07:27:09]     settle 20: 278 @   4142 d -> ok lam tank 837.0 (+45.3) miss 1 km (3.9 s)
[07:27:10]     settle 23: 294 @   3902 d -> ok lintwin tank 963.0 (+38.3) miss 40 km (4.6 s)
[07:27:10]     settle 24:  31 @   3930 d -> ok lintwin tank 974.9 (+20.0) miss 53 km (4.7 s)
[07:27:11]     settle 25: 132 @   4186 d -> ok lintwin tank 906.6 (+6.6) miss 63 km (2.0 s)
[07:27:11]     settle 24: 288 @   3961 d -> ok lintwin tank 866.6 (+12.9) miss 59 km (3.7 s)
[07:27:13]     settle 27: 111 @   4160 d -> ok lintwin tank 952.1 (+25.0) miss 63 km (3.6 s)
[07:27:14]     settle 25: 132 @   4186 d -> ok lintwin tank 905.5 (+8.9) miss 49 km (2.2 s)
[07:27:14]     settle 23: 243 @   4052 d -> ok lam tank 974.3 (+49.6) miss 9 km (3.7 s)
[07:27:16]     settle 28:  84 @   4311 d -> ok lintwin tank 937.0 (+1.1) miss 72 km (2.2 s)
[07:27:16]     settle 24: 209 @   4061 d -> ok lintwin tank 865.0 (+11.4) miss 63 km (4.4 s)
[07:27:17]     settle 11: 261 @   4045 d -> FAIL [('lam', 90720.4)] (9.8 s)
[07:27:18]     settle 25: 278 @   4140 d -> ok lintwin tank 912.0 (+15.4) miss 74 km (3.2 s)
[07:27:18]     settle 20: 188 @   4033 d -> ok lintwin tank 834.7 (+43.0) miss 2 km (7.7 s)
[07:27:19]     settle 28: 200 @   4153 d -> ok lintwin tank 950.7 (+14.8) miss 76 km (2.4 s)
[07:27:20]     settle 21: 102 @   4274 d -> ok lintwin tank 803.9 (+8.3) miss 46 km (1.7 s)
[07:27:21]     settle 24: 102 @   3841 d -> ok lintwin tank 876.2 (+22.5) miss 72 km (4.4 s)
[07:27:22]     settle 25: 118 @   3886 d -> ok lintwin tank 918.7 (+7.8) miss 67 km (3.7 s)
[07:27:23]     settle 24: 231 @   4038 d -> ok lintwin tank 959.1 (+22.0) miss 10 km (5.6 s)
[07:27:25]     settle 28: 111 @   4161 d -> ok lintwin tank 986.2 (+31.0) miss 59 km (4.8 s)
[07:27:26]     settle 26: 132 @   4176 d -> ok lintwin tank 935.2 (+16.5) miss 73 km (3.5 s)
[07:27:28]     settle 24: 243 @   4051 d -> ok lintwin tank 890.2 (+36.5) miss 75 km (6.4 s)
[07:27:29]     settle 21: 102 @   4275 d -> ok lintwin tank 820.6 (+24.3) miss 77 km (7.8 s)
[07:27:29]     settle 25:  53 @   4133 d -> ok lintwin tank 918.9 (+8.1) miss 78 km (3.0 s)
[07:27:30]     settle 24:  53 @   4132 d -> ok lintwin tank 1243.4 (+218.7) miss 3 km (6.0 s)
[07:27:30]     settle 28: 156 @   4302 d -> ok lintwin tank 977.5 (+22.3) miss 75 km (5.2 s)
[07:27:31]     settle 21: 160 @   4150 d -> ok lintwin tank 811.3 (+15.8) miss 53 km (1.1 s)
[07:27:31] RESULT s07_c0: 16 columns; frontier 1fb 2 kg p1/2 | 2fb 10 kg p0/2; settles 16 (16 ok), regrids 16 (16 ok); wall 107 s of 300 (plan 46, price 1, settle 61; budget hit None, 0 unsettled)
[07:27:32]     settle 26: 175 @   4301 d -> ok lintwin tank 925.8 (+6.9) miss 52 km (2.2 s)
[07:27:33]   job s07_c0 craft columns  16  levels 8  settles 16/16  end plan_done  wall 106.7 s
[07:27:33]     settle 23: 205 @   3947 d -> ok lintwin tank 936.7 (+12.1) miss 32 km (2.3 s)
[07:27:35]     settle 25:  53 @   4135 d -> ok lintwin tank 910.1 (+13.4) miss 66 km (2.6 s)
[07:27:35]     settle 24: 188 @   4031 d -> ok lintwin tank 853.8 (+0.2) miss 11 km (5.6 s)
[07:27:37]     settle 24:  99 @   4028 d -> ok lintwin tank 941.2 (+4.5) miss 32 km (3.5 s)
[07:27:37]     settle 22: 102 @   4274 d -> ok lintwin tank 861.1 (+49.7) miss 59 km (5.8 s)
[07:27:38]     settle 25: 278 @   4140 d -> ok lintwin tank 875.9 (+5.6) miss 46 km (1.5 s)
[07:27:38]     settle 24: 266 @   3798 d -> FAIL [('lam', 11715268.7)] (27.0 s)
[07:27:38] RESULT s07_c1: 16 columns; frontier 1fb 4 kg p0/3 | 2fb 12 kg p0/1 | 3fb 69 kg p0/0; settles 16 (16 ok), regrids 16 (16 ok); wall 114 s of 300 (plan 47, price 1, settle 67; budget hit None, 0 unsettled)
[07:27:38]     settle 24: 245 @   3846 d -> FAIL [('lam', 5180636.0)] (28.5 s)
[07:27:39]     settle 26:   6 @   4248 d -> ok lintwin tank 930.9 (+20.8) miss 67 km (3.7 s)
[07:27:39]   job s07_c1 craft columns  16  levels 8  settles 16/16  end plan_done  wall 113.6 s
[07:27:39] RESULT s07_c2: 16 columns; frontier 1fb 3 kg p2/3 | 2fb 12 kg p2/2 | 3fb 32 kg p0/1; settles 19 (19 ok), regrids 16 (16 ok); wall 115 s of 300 (plan 49, price 1, settle 66; budget hit None, 0 unsettled)
[07:27:41]   job s07_c2 craft columns  16  levels 8  settles 19/19  end plan_done  wall 114.9 s
[07:27:42]     settle 24:  88 @   4029 d -> ok lintwin tank 961.1 (+34.4) miss 72 km (4.0 s)
[07:27:42]     settle 25: 175 @   4297 d -> ok lam tank 1264.7 (+21.4) miss 4 km (4.5 s)
[07:27:43]     settle 25:  13 @   4106 d -> ok lintwin tank 878.4 (+0.6) miss 76 km (4.3 s)
[07:27:43]     settle 11: 104 @   3991 d -> FAIL [('lam', 40973506.7)] (25.7 s)
[07:27:44]     settle 24: 198 @   3966 d -> ok lintwin tank 975.2 (+48.5) miss 60 km (1.5 s)
[07:27:45]     settle 24: 160 @   4025 d -> ok lintwin tank 1016.9 (+61.9) miss 3 km (6.7 s)
[07:27:48]     settle 25: 135 @   3981 d -> ok lintwin tank 912.0 (+35.8) miss 12 km (4.9 s)
[07:27:50]     settle 24: 261 @   4021 d -> ok lintwin tank 954.7 (+28.0) miss 48 km (4.4 s)
[07:27:51]     settle 24: 165 @   3864 d -> ok lintwin tank 972.6 (+17.6) miss 67 km (5.3 s)
[07:27:51]     settle 24:  53 @   4131 d -> ok lintwin tank 992.1 (+29.1) miss 50 km (5.3 s)
[07:27:52]     settle 11:  89 @   4060 d -> FAIL [('lam', 2708222.1)] (9.0 s)
[07:27:54]     settle 24:  13 @   4114 d -> ok lintwin tank 974.4 (+47.8) miss 75 km (3.2 s)
[07:27:56]     settle 25: 102 @   4270 d -> ok lintwin tank 971.1 (+2.0) miss 71 km (4.5 s)
[07:27:56]     settle 25:  44 @   4051 d -> ok lintwin tank 880.5 (+10.1) miss 71 km (3.8 s)
[07:27:57]     settle 25: 156 @   4309 d -> ok lintwin tank 1918.5 (+926.4) miss 0 km (5.5 s)
[07:27:58]     settle 24:  25 @   3804 d -> ok lintwin tank 983.4 (+28.4) miss 55 km (1.7 s)
[07:27:59]     settle 26:  53 @   4136 d -> ok lintwin tank 885.4 (+4.9) miss 71 km (2.4 s)
[07:27:59]     settle 24: 278 @   4145 d -> ok lintwin tank 949.9 (+23.3) miss 79 km (4.4 s)
[07:28:01]     settle 25:  57 @   3936 d -> ok lintwin tank 987.0 (+3.6) miss 68 km (2.8 s)
[07:28:02]     settle 25:   6 @   4250 d -> ok lintwin tank 956.8 (+6.9) miss 69 km (2.5 s)
[07:28:02]   4 candidates dropped (settle failure / regrid failure / duplicate after truncation)
[07:28:02] RESULT s07_c3: 12 columns; frontier 1fb 15 kg p0/3 | 2fb 30 kg p1/1; settles 15 (13 ok), regrids 12 (12 ok); wall 138 s of 300 (plan 47, price 1, settle 91; budget hit None, 0 unsettled)
[07:28:03]   job s07_c3 craft columns  12  levels 8  settles 13/15  end plan_done  wall 137.9 s
[07:28:05]     settle 26: 132 @   4178 d -> ok lintwin tank 923.1 (+11.2) miss 69 km (5.5 s)
[07:28:06] RESULT s07_c5: 16 columns; frontier 1fb -0 kg p2/3 | 2fb 22 kg p2/3 | 3fb 31 kg p1/3; settles 17 (17 ok), regrids 16 (16 ok); wall 142 s of 300 (plan 49, price 1, settle 92; budget hit None, 0 unsettled)
[07:28:07]   job s07_c5 craft columns  16  levels 10  settles 17/17  end plan_done  wall 141.8 s
[07:28:08]     settle 26: 143 @   4215 d -> ok lintwin tank 1018.0 (+31.1) miss 44 km (6.9 s)
[07:28:11]     settle 11: 295 @   3866 d -> FAIL [('lam', 1783136.5)] (19.1 s)
[07:28:15]     settle 25: 243 @   4048 d -> ok lintwin tank 984.9 (+1.6) miss 44 km (6.3 s)
[07:28:18]     settle 26: 102 @   4270 d -> ok lintwin tank 1006.0 (+21.1) miss 43 km (2.6 s)
[07:28:18]     settle 25:  84 @   4299 d -> ok lam tank 1014.4 (+22.3) miss 10 km (12.6 s)
[07:28:19]   3 candidates dropped (settle failure / regrid failure / duplicate after truncation)
[07:28:19] RESULT s07_c4: 13 columns; frontier 1fb 6 kg p0/2 | 2fb 16 kg p1/1 | 3fb 51 kg p0/0; settles 17 (15 ok), regrids 13 (13 ok); wall 154 s of 300 (plan 52, price 1, settle 103; budget hit None, 0 unsettled)
[07:28:19] RESULT s07_c6: 16 columns; frontier 1fb 12 kg p1/2 | 2fb 16 kg p1/1 | 3fb 75 kg p0/1; settles 18 (18 ok), regrids 16 (16 ok); wall 154 s of 300 (plan 47, price 1, settle 107; budget hit None, 0 unsettled)
[07:28:19]   job s07_c4 craft columns  13  levels 9  settles 15/17  end plan_done  wall 154.2 s
[07:28:19]   job s07_c6 craft columns  16  levels 8  settles 18/18  end plan_done  wall 154.4 s
[07:28:37]     settle 11: 231 @   4040 d -> FAIL [('lam', 63342642.5)] (25.6 s)
[07:29:29]     settle 11: 105 @   3899 d -> FAIL [('lam', 154496.0)] (52.3 s)
[07:29:53]     settle 11: 229 @   3822 d -> FAIL [('lam', 6739320.3)] (23.6 s)
[07:29:53]   16 candidates dropped (settle failure / regrid failure / duplicate after truncation)
[07:29:53] RESULT s07_c7: 0 columns; frontier ; settles 16 (0 ok), regrids 0 (0 ok); wall 248 s of 300 (plan 32, price 1, settle 216; budget hit None, 0 unsettled)
[07:29:53]   job s07_c7 craft columns   0  levels 9  settles 0/16  end plan_done  wall 248.3 s
[07:29:53] [slice 7] propose: 105 columns (0 bad dropped) in 249.0 s
[07:29:53] [slice 7] auction: 105 columns, kept 101, dropped {'ramp': 1, 'fuel': 3}; lam 1.00 H_eff 540 d fuel budget 482 kg quota OFF
[07:29:53] [slice 7] auction: status optimal objective 27.548 vars 101 rows 39 chosen 7 fuel 280/482 kg (0.014 s)
[07:29:55] [slice 7 T=3780 d] launched 8/8  covered 186  remaining 112  fuel 2458 kg  sumJi 10.1768  chosen: c0:2(+50) c1:2(+19) c2:3(+32) c3:2(+30) c4:3(+63) c5:3(+69) c6:2(+16)  rejected: -  (wall 251 s)
[07:29:55] [slice 8 T=4320 d] propose: 8 jobs (8 craft, 0 root) on 9 workers, proposer planbeam, H_eff 540 d, lam 1.0
[07:29:55] job s08_c2 (craft, craft 2, planbeam): T 4320 d H 540 L 360; plan horizon 5477 d; remaining 112; prize >1 on 111; width 150 npt 6 mc 150 dv 1.2 drmax 0.15 plan_wall 240 s; quota None
[07:29:55] job s08_c0 (craft, craft 0, planbeam): T 4320 d H 540 L 360; plan horizon 5477 d; remaining 112; prize >1 on 111; width 150 npt 6 mc 150 dv 1.2 drmax 0.15 plan_wall 240 s; quota None
[07:29:55] job s08_c1 (craft, craft 1, planbeam): T 4320 d H 540 L 360; plan horizon 5477 d; remaining 112; prize >1 on 111; width 150 npt 6 mc 150 dv 1.2 drmax 0.15 plan_wall 240 s; quota None
[07:29:55] job s08_c3 (craft, craft 3, planbeam): T 4320 d H 540 L 360; plan horizon 5477 d; remaining 112; prize >1 on 111; width 150 npt 6 mc 150 dv 1.2 drmax 0.15 plan_wall 240 s; quota None
[07:29:55] job s08_c5 (craft, craft 5, planbeam): T 4320 d H 540 L 360; plan horizon 5477 d; remaining 112; prize >1 on 111; width 150 npt 6 mc 150 dv 1.2 drmax 0.15 plan_wall 240 s; quota None
[07:29:55] job s08_c6 (craft, craft 6, planbeam): T 4320 d H 540 L 360; plan horizon 5477 d; remaining 112; prize >1 on 111; width 150 npt 6 mc 150 dv 1.2 drmax 0.15 plan_wall 240 s; quota None
[07:29:55] job s08_c4 (craft, craft 4, planbeam): T 4320 d H 540 L 360; plan horizon 5477 d; remaining 112; prize >1 on 111; width 150 npt 6 mc 150 dv 1.2 drmax 0.15 plan_wall 240 s; quota None
[07:29:55] job s08_c7 (craft, craft 7, planbeam): T 4320 d H 540 L 360; plan horizon 5477 d; remaining 112; prize >1 on 111; width 150 npt 6 mc 150 dv 1.2 drmax 0.15 plan_wall 240 s; quota None
[07:29:55] prefix slices/s08/in/craft_7.npz: 10 flybys, t_end 2049.3 d, tank 706.5 kg (planner view), miss 97.5 km, nreg 92
[07:29:55] budget: job_wall 300 s, 300 s left before the plan -> plan cap 210 s (plan_wall 240, settle_reserve 90)
[07:29:55] prefix slices/s08/in/craft_2.npz: 26 flybys, t_end 4301.1 d, tank 925.4 kg (planner view), miss 52.2 km, nreg 214
[07:29:55] budget: job_wall 300 s, 300 s left before the plan -> plan cap 210 s (plan_wall 240, settle_reserve 90)
[07:29:55] prefix slices/s08/in/craft_6.npz: 24 flybys, t_end 4025.4 d, tank 940.7 kg (planner view), miss 74.9 km, nreg 194
[07:29:55] budget: job_wall 300 s, 300 s left before the plan -> plan cap 210 s (plan_wall 240, settle_reserve 90)
[07:29:55] prefix slices/s08/in/craft_5.npz: 26 flybys, t_end 4185.6 d, tank 922.9 kg (planner view), miss 32.0 km, nreg 204
[07:29:55] budget: job_wall 300 s, 300 s left before the plan -> plan cap 210 s (plan_wall 240, settle_reserve 90)
[07:29:55] prefix slices/s08/in/craft_4.npz: 26 flybys, t_end 4221.4 d, tank 1017.8 kg (planner view), miss 15.4 km, nreg 207
[07:29:55] budget: job_wall 300 s, 300 s left before the plan -> plan cap 210 s (plan_wall 240, settle_reserve 90)
[07:29:55] prefix slices/s08/in/craft_0.npz: 28 flybys, t_end 4302.3 d, tank 976.9 kg (planner view), miss 26.0 km, nreg 218
[07:29:55] budget: job_wall 300 s, 300 s left before the plan -> plan cap 210 s (plan_wall 240, settle_reserve 90)
[07:29:55] prefix slices/s08/in/craft_1.npz: 21 flybys, t_end 4151.8 d, tank 811.0 kg (planner view), miss 5.1 km, nreg 210
[07:29:55] budget: job_wall 300 s, 300 s left before the plan -> plan cap 210 s (plan_wall 240, settle_reserve 90)
[07:29:55] prefix slices/s08/in/craft_3.npz: 25 flybys, t_end 4251.2 d, tank 956.5 kg (planner view), miss 11.5 km, nreg 211
[07:29:55] budget: job_wall 300 s, 300 s left before the plan -> plan cap 210 s (plan_wall 240, settle_reserve 90)
[07:30:16] first level (both): 0 production + 29 relaxed (dv 2.5, 0.3 AU; 0.0 s) + 0 lintwin children -> 21 unique (20.7 s)
[07:30:16] plan start: prefix 24 flybys, t_end 4025.4 d, planner mass 1023.1 kg (dv 17.542 km/s); 21 first-level states
[07:30:17] first level (both): 0 production + 0 relaxed (dv 2.5, 0.3 AU; 0.0 s) + 54 lintwin children -> 54 unique (21.4 s)
[07:30:17] plan start: prefix 10 flybys, t_end 2049.3 d, planner mass 1362.3 kg (dv 6.310 km/s); 54 first-level states
[07:30:17] first level (both): 0 production + 57 relaxed (dv 2.5, 0.3 AU; 0.1 s) + 55 lintwin children -> 81 unique (21.7 s)
[07:30:17] plan start: prefix 26 flybys, t_end 4301.1 d, planner mass 1040.0 kg (dv 16.897 km/s); 81 first-level states
[07:30:18] first level (both): 0 production + 30 relaxed (dv 2.5, 0.3 AU; 0.1 s) + 51 lintwin children -> 66 unique (22.2 s)
[07:30:18] plan start: prefix 26 flybys, t_end 4185.6 d, planner mass 1042.8 kg (dv 16.792 km/s); 66 first-level states
[07:30:18] first level (both): 0 production + 51 relaxed (dv 2.5, 0.3 AU; 0.1 s) + 42 lintwin children -> 76 unique (22.4 s)
[07:30:18] plan start: prefix 26 flybys, t_end 4221.4 d, planner mass 945.6 kg (dv 20.632 km/s); 76 first-level states
[07:30:18] first level (both): 0 production + 78 relaxed (dv 2.5, 0.3 AU; 0.1 s) + 45 lintwin children -> 86 unique (22.9 s)
[07:30:18] plan start: prefix 28 flybys, t_end 4302.3 d, planner mass 985.2 kg (dv 19.024 km/s); 86 first-level states
[07:30:19] first level (both): 0 production + 36 relaxed (dv 2.5, 0.3 AU; 0.1 s) + 45 lintwin children -> 67 unique (23.1 s)
[07:30:19] plan start: prefix 21 flybys, t_end 4151.8 d, planner mass 1186.6 kg (dv 11.724 km/s); 67 first-level states
[07:30:19] first level (both): 0 production + 32 relaxed (dv 2.5, 0.3 AU; 0.0 s) + 37 lintwin children -> 50 unique (23.1 s)
[07:30:19] plan start: prefix 25 flybys, t_end 4251.2 d, planner mass 1006.1 kg (dv 18.196 km/s); 50 first-level states
[07:30:20] plan: 129 states, depth 4 new flybys, end plan_done (25 s); deepest 4 new to 5424 d at planner fuel 333 kg
[07:30:20]   depth  1:   54 states (46 in H), t_end 4334-4941 d, fuel 238-327 kg
[07:30:20]   depth  2:   35 states (13 in H), t_end 4614-5284 d, fuel 265-356 kg
[07:30:20]   depth  3:   28 states (4 in H), t_end 4693-5427 d, fuel 288-389 kg
[07:30:20]   depth  4:   12 states (0 in H), t_end 5249-5424 d, fuel 333-384 kg
[07:30:20] candidates: 49 distinct committed target sets (n_new 1-3, potential 0-2)
[07:30:20] frontier: 16 candidates chosen (n fb / committed planner kg / continuation (lookahead)): 1fb/238kg/p2(1), 1fb/238kg/p2(1), 1fb/238kg/p1(1), 1fb/240kg/p1(1), 1fb/244kg/p2(2), 1fb/246kg/p2(1), 1fb/250kg/p2(0), 1fb/252kg/p2(1), 1fb/253kg/p2(1), 1fb/279kg/p2(2), 1fb/291kg/p2(2), 2fb/278kg/p1(1), 2fb/279kg/p1(1), 2fb/280kg/p1(0), 3fb/288kg/p0(0), 3fb/327kg/p0(0)
[07:30:20] budget: 275 s of 300 left for the settles + regrids (settle_wall 480)
[07:30:27] plan: 569 states, depth 7 new flybys, end plan_done (32 s); deepest 7 new to 5414 d at planner fuel 723 kg
[07:30:27]   depth  1:   21 states (21 in H), t_end 4325-4575 d, fuel 583-646 kg
[07:30:27]   depth  2:   80 states (63 in H), t_end 4507-5135 d, fuel 598-676 kg
[07:30:27]   depth  3:  150 states (25 in H), t_end 4630-5475 d, fuel 602-701 kg
[07:30:27]   depth  4:  150 states (0 in H), t_end 4881-5476 d, fuel 654-729 kg
[07:30:27]   depth  5:  117 states (0 in H), t_end 5093-5471 d, fuel 677-755 kg
[07:30:27]   depth  6:   28 states (0 in H), t_end 5183-5476 d, fuel 717-751 kg
[07:30:27]   depth  7:   23 states (0 in H), t_end 5301-5466 d, fuel 723-760 kg
[07:30:27] candidates: 45 distinct committed target sets (n_new 1-3, potential 0-3)
[07:30:27] frontier: 16 candidates chosen (n fb / committed planner kg / continuation (lookahead)): 1fb/603kg/p2(1), 1fb/609kg/p3(2), 1fb/619kg/p2(1), 1fb/626kg/p3(1), 1fb/635kg/p3(2), 1fb/639kg/p4(3), 1fb/646kg/p5(3), 2fb/598kg/p1(1), 2fb/608kg/p1(1), 2fb/619kg/p1(1), 2fb/630kg/p2(2), 2fb/631kg/p1(1), 2fb/676kg/p4(3), 3fb/651kg/p1(1), 3fb/652kg/p0(0), 3fb/680kg/p3(3)
[07:30:27] budget: 268 s of 300 left for the settles + regrids (settle_wall 480)
[07:30:30] plan: 570 states, depth 6 new flybys, end plan_done (34 s); deepest 6 new to 5454 d at planner fuel 596 kg
[07:30:30]   depth  1:   67 states (55 in H), t_end 4334-5050 d, fuel 424-499 kg
[07:30:30]   depth  2:  150 states (52 in H), t_end 4561-5457 d, fuel 434-529 kg
[07:30:30]   depth  3:  150 states (2 in H), t_end 4846-5460 d, fuel 467-562 kg
[07:30:30]   depth  4:  150 states (0 in H), t_end 5091-5475 d, fuel 509-590 kg
[07:30:30]   depth  5:   47 states (0 in H), t_end 5271-5475 d, fuel 561-616 kg
[07:30:30]   depth  6:    6 states (0 in H), t_end 5322-5473 d, fuel 596-641 kg
[07:30:30] candidates: 63 distinct committed target sets (n_new 1-3, potential 0-2)
[07:30:30] frontier: 16 candidates chosen (n fb / committed planner kg / continuation (lookahead)): 1fb/424kg/p2(2), 1fb/426kg/p0(0), 1fb/430kg/p3(2), 1fb/444kg/p2(2), 1fb/469kg/p2(2), 1fb/473kg/p2(1), 1fb/478kg/p3(2), 1fb/482kg/p3(2), 1fb/484kg/p3(1), 1fb/485kg/p3(2), 1fb/489kg/p3(2), 1fb/495kg/p3(2), 2fb/451kg/p2(2), 2fb/454kg/p0(0), 2fb/468kg/p0(0), 3fb/536kg/p1(1)
[07:30:30] budget: 266 s of 300 left for the settles + regrids (settle_wall 480)
[07:30:31]     settle 25: 241 @   4475 d -> ok lam tank 961.8 (+21.1) miss 12 km (4.1 s)
[07:30:33] plan: 725 states, depth 7 new flybys, end plan_done (37 s); deepest 7 new to 5465 d at planner fuel 688 kg
[07:30:33]   depth  1:   66 states (59 in H), t_end 4346-4927 d, fuel 566-631 kg
[07:30:33]   depth  2:  136 states (51 in H), t_end 4455-5409 d, fuel 580-661 kg
[07:30:33]   depth  3:  150 states (23 in H), t_end 4626-5446 d, fuel 607-681 kg
[07:30:33]   depth  4:  150 states (4 in H), t_end 4784-5475 d, fuel 628-705 kg
[07:30:33]   depth  5:  146 states (0 in H), t_end 4917-5477 d, fuel 638-719 kg
[07:30:33]   depth  6:   58 states (0 in H), t_end 5217-5460 d, fuel 668-724 kg
[07:30:33]   depth  7:   19 states (0 in H), t_end 5367-5473 d, fuel 688-741 kg
[07:30:33] candidates: 75 distinct committed target sets (n_new 1-4, potential 0-3)
[07:30:33] frontier: 16 candidates chosen (n fb / committed planner kg / continuation (lookahead)): 1fb/570kg/p1(1), 1fb/573kg/p1(1), 1fb/578kg/p5(2), 1fb/587kg/p4(2), 1fb/592kg/p3(2), 1fb/596kg/p3(2), 1fb/602kg/p4(3), 1fb/603kg/p3(2), 1fb/621kg/p3(2), 2fb/593kg/p2(1), 2fb/595kg/p3(2), 2fb/611kg/p4(2), 3fb/612kg/p2(2), 3fb/616kg/p0(0), 3fb/643kg/p3(2), 4fb/670kg/p2(2)
[07:30:33] budget: 263 s of 300 left for the settles + regrids (settle_wall 480)
[07:30:34] plan: 874 states, depth 8 new flybys, end plan_done (39 s); deepest 8 new to 5426 d at planner fuel 757 kg
[07:30:34]   depth  1:   81 states (74 in H), t_end 4343-4969 d, fuel 565-636 kg
[07:30:34]   depth  2:  150 states (74 in H), t_end 4499-5348 d, fuel 573-664 kg
[07:30:34]   depth  3:  150 states (27 in H), t_end 4598-5451 d, fuel 583-681 kg
[07:30:34]   depth  4:  150 states (2 in H), t_end 4755-5470 d, fuel 602-698 kg
[07:30:34]   depth  5:  150 states (0 in H), t_end 4957-5457 d, fuel 618-722 kg
[07:30:34]   depth  6:  126 states (0 in H), t_end 5127-5459 d, fuel 641-749 kg
[07:30:34]   depth  7:   61 states (0 in H), t_end 5272-5476 d, fuel 655-774 kg
[07:30:34]   depth  8:    6 states (0 in H), t_end 5413-5452 d, fuel 757-779 kg
[07:30:34] candidates: 109 distinct committed target sets (n_new 1-4, potential 0-3)
[07:30:34] frontier: 16 candidates chosen (n fb / committed planner kg / continuation (lookahead)): 1fb/565kg/p2(1), 1fb/566kg/p0(0), 1fb/566kg/p2(1), 1fb/568kg/p5(3), 1fb/578kg/p3(2), 1fb/609kg/p4(2), 1fb/611kg/p3(1), 1fb/614kg/p4(2), 1fb/627kg/p5(2), 2fb/573kg/p4(3), 2fb/579kg/p2(2), 2fb/584kg/p0(0), 3fb/592kg/p3(3), 3fb/593kg/p0(0), 3fb/596kg/p2(2), 4fb/698kg/p2(2)
[07:30:34] budget: 261 s of 300 left for the settles + regrids (settle_wall 480)
[07:30:36]     settle 25:  74 @   4400 d -> ok lam tank 945.4 (+4.7) miss 16 km (3.5 s)
[07:30:36]     settle 22: 122 @   4728 d -> ok lintwin tank 814.5 (+3.5) miss 72 km (6.3 s)
[07:30:37] plan: 835 states, depth 8 new flybys, end plan_done (41 s); deepest 8 new to 5449 d at planner fuel 791 kg
[07:30:37]   depth  1:   50 states (43 in H), t_end 4342-5070 d, fuel 610-664 kg
[07:30:37]   depth  2:  150 states (64 in H), t_end 4487-5431 d, fuel 623-692 kg
[07:30:37]   depth  3:  150 states (14 in H), t_end 4763-5440 d, fuel 655-716 kg
[07:30:37]   depth  4:  150 states (0 in H), t_end 4883-5476 d, fuel 673-745 kg
[07:30:37]   depth  5:  150 states (0 in H), t_end 5067-5476 d, fuel 700-759 kg
[07:30:37]   depth  6:  134 states (0 in H), t_end 5157-5476 d, fuel 724-778 kg
[07:30:37]   depth  7:   44 states (0 in H), t_end 5297-5476 d, fuel 762-798 kg
[07:30:37]   depth  8:    7 states (0 in H), t_end 5357-5476 d, fuel 791-815 kg
[07:30:37] candidates: 70 distinct committed target sets (n_new 1-3, potential 0-3)
[07:30:37] frontier: 16 candidates chosen (n fb / committed planner kg / continuation (lookahead)): 1fb/610kg/p1(0), 1fb/623kg/p1(1), 1fb/631kg/p3(2), 1fb/638kg/p3(2), 1fb/640kg/p4(2), 1fb/642kg/p3(1), 1fb/644kg/p4(2), 1fb/644kg/p3(2), 1fb/653kg/p5(3), 1fb/661kg/p4(2), 2fb/640kg/p0(0), 2fb/645kg/p1(1), 2fb/676kg/p4(3), 3fb/671kg/p1(1), 3fb/673kg/p2(2), 3fb/703kg/p3(3)
[07:30:37] budget: 259 s of 300 left for the settles + regrids (settle_wall 480)
[07:30:37]     settle 27: 170 @   4624 d -> ok lintwin tank 933.8 (+10.9) miss 71 km (4.4 s)
[07:30:37] plan: 810 states, depth 8 new flybys, end plan_done (42 s); deepest 8 new to 5450 d at planner fuel 791 kg
[07:30:37]   depth  1:   86 states (75 in H), t_end 4360-4985 d, fuel 619-686 kg
[07:30:37]   depth  2:  150 states (98 in H), t_end 4547-5449 d, fuel 632-713 kg
[07:30:37]   depth  3:  150 states (24 in H), t_end 4708-5317 d, fuel 647-734 kg
[07:30:37]   depth  4:  150 states (0 in H), t_end 4878-5475 d, fuel 694-758 kg
[07:30:37]   depth  5:  150 states (0 in H), t_end 5068-5476 d, fuel 713-782 kg
[07:30:37]   depth  6:   88 states (0 in H), t_end 5157-5466 d, fuel 746-793 kg
[07:30:37]   depth  7:   34 states (0 in H), t_end 5297-5476 d, fuel 769-803 kg
[07:30:37]   depth  8:    2 states (0 in H), t_end 5450-5476 d, fuel 791-806 kg
[07:30:37] candidates: 97 distinct committed target sets (n_new 1-3, potential 0-3)
[07:30:37] frontier: 16 candidates chosen (n fb / committed planner kg / continuation (lookahead)): 1fb/619kg/p0(0), 1fb/622kg/p1(0), 1fb/625kg/p2(1), 1fb/629kg/p2(1), 1fb/654kg/p2(1), 1fb/663kg/p3(2), 1fb/678kg/p4(2), 1fb/680kg/p4(2), 1fb/681kg/p5(3), 1fb/685kg/p3(1), 2fb/632kg/p1(1), 2fb/633kg/p0(0), 2fb/692kg/p4(3), 3fb/696kg/p2(2), 3fb/698kg/p2(2), 3fb/709kg/p3(3)
[07:30:37] budget: 258 s of 300 left for the settles + regrids (settle_wall 480)
[07:30:39] plan: 812 states, depth 7 new flybys, end plan_done (43 s); deepest 7 new to 5394 d at planner fuel 799 kg
[07:30:39]   depth  1:   76 states (74 in H), t_end 4331-4918 d, fuel 666-723 kg
[07:30:39]   depth  2:  150 states (107 in H), t_end 4511-5271 d, fuel 677-744 kg
[07:30:39]   depth  3:  150 states (40 in H), t_end 4653-5462 d, fuel 714-769 kg
[07:30:39]   depth  4:  150 states (7 in H), t_end 4830-5474 d, fuel 727-785 kg
[07:30:39]   depth  5:  150 states (0 in H), t_end 5042-5476 d, fuel 749-804 kg
[07:30:39]   depth  6:  115 states (0 in H), t_end 5259-5476 d, fuel 757-828 kg
[07:30:39]   depth  7:   21 states (0 in H), t_end 5394-5473 d, fuel 799-850 kg
[07:30:39] candidates: 96 distinct committed target sets (n_new 1-4, potential 0-2)
[07:30:39] frontier: 16 candidates chosen (n fb / committed planner kg / continuation (lookahead)): 1fb/668kg/p0(0), 1fb/668kg/p1(0), 1fb/696kg/p3(2), 1fb/696kg/p4(1), 1fb/696kg/p4(1), 1fb/699kg/p3(2), 1fb/703kg/p3(1), 1fb/706kg/p3(1), 2fb/677kg/p0(0), 2fb/678kg/p0(0), 2fb/712kg/p3(1), 3fb/725kg/p2(1), 3fb/725kg/p1(1), 3fb/725kg/p1(1), 4fb/737kg/p1(1), 4fb/756kg/p1(1)
[07:30:39] budget: 257 s of 300 left for the settles + regrids (settle_wall 480)
[07:30:39]     settle 29: 165 @   4832 d -> ok lintwin tank 983.0 (+6.1) miss 93 km (1.8 s)
[07:30:40]     settle 27: 186 @   4505 d -> ok lintwin tank 923.7 (+-1.7) miss 1 km (5.5 s)
[07:30:41]     settle 25: 211 @   4342 d -> ok lam tank 975.2 (+34.5) miss 88 km (4.4 s)
[07:30:45]     settle 29: 109 @   4482 d -> ok lintwin tank 997.5 (+20.6) miss 72 km (3.7 s)
[07:30:45]     settle 22: 158 @   4772 d -> ok lintwin tank 822.7 (+11.7) miss 75 km (7.0 s)
[07:30:45]     settle 26: 283 @   4556 d -> ok lintwin tank 979.0 (+22.4) miss 2 km (8.7 s)
[07:30:46]     settle 27: 198 @   4794 d -> ok lintwin tank 923.8 (+-1.5) miss 2 km (5.8 s)
[07:30:46]     settle 27: 294 @   4831 d -> ok lintwin tank 943.1 (+20.3) miss 96 km (8.5 s)
[07:30:47]     settle 25: 239 @   4408 d -> ok lam tank 987.1 (+46.4) miss 10 km (5.1 s)
[07:30:48]     settle 27: 294 @   4821 d -> ok lintwin tank 1028.4 (+10.6) miss 4 km (8.6 s)
[07:30:48]     settle 29: 141 @   4692 d -> ok lintwin tank 985.4 (+8.5) miss 37 km (2.9 s)
[07:30:49]     settle 11: 105 @   4334 d -> FAIL [('lam', 11414709.0)] (28.7 s)
[07:30:49]     settle 27: 242 @   4356 d -> ok lintwin tank 929.9 (+7.1) miss 68 km (0.6 s)
[07:30:52]     settle 29: 266 @   4524 d -> ok lintwin tank 985.3 (+8.4) miss 69 km (2.6 s)
[07:30:53]     settle 27: 179 @   4601 d -> ok lintwin tank 926.7 (+1.3) miss 1 km (5.7 s)
[07:30:53]     settle 25: 283 @   4485 d -> ok lam tank 978.6 (+37.9) miss 13 km (4.4 s)
[07:30:53]     settle 22:  74 @   4392 d -> ok lintwin tank 821.1 (+10.1) miss 1 km (6.9 s)
[07:30:53]     settle 29:  72 @   4727 d -> ok lintwin tank 1020.2 (+43.3) miss 44 km (0.9 s)
[07:30:53]     settle 26:  79 @   4569 d -> ok lintwin tank 996.3 (+39.7) miss 81 km (7.4 s)
[07:30:56]     settle 27: 268 @   4360 d -> ok lintwin tank 937.2 (+14.3) miss 68 km (6.0 s)
[07:30:58]     settle 11: 155 @   4479 d -> FAIL [('lam', 6086293.7)] (8.7 s)
[07:30:58]     settle 25:  50 @   4565 d -> ok lin tank 971.8 (+31.1) miss 86 km (3.7 s)
[07:30:59]     settle 27: 239 @   4408 d -> ok lintwin tank 1029.8 (+12.0) miss 4 km (8.0 s)
[07:30:59]     settle 27:  90 @   4507 d -> ok lintwin tank 928.1 (+2.8) miss 1 km (5.6 s)
[07:30:59]     settle 29:  66 @   4580 d -> ok lintwin tank 1111.7 (+134.8) miss 71 km (5.4 s)
[07:31:02]     settle 27: 244 @   4357 d -> ok lintwin tank 943.2 (+20.3) miss 95 km (5.0 s)
[07:31:03]     settle 25: 294 @   4331 d -> ok lin tank 951.2 (+10.5) miss 35 km (4.4 s)
[07:31:03]     settle 26:  72 @   4596 d -> ok lintwin tank 983.0 (+26.5) miss 80 km (8.7 s)
[07:31:04]     settle 29:  75 @   4414 d -> ok lintwin tank 1025.9 (+49.0) miss 13 km (3.6 s)
[07:31:05]     settle 25:  74 @   4406 d -> ok lam tank 946.4 (+5.7) miss 75 km (1.0 s)
[07:31:05]     settle 22: 214 @   4677 d -> ok lintwin tank 826.8 (+15.8) miss 2 km (8.6 s)
[07:31:06]     settle 27: 172 @   4482 d -> ok lintwin tank 932.8 (+7.4) miss 1 km (6.1 s)
[07:31:07]     settle 27:  96 @   4454 d -> ok lintwin tank 991.9 (+69.0) miss 60 km (4.4 s)
[07:31:08]     settle 27: 140 @   4649 d -> ok lintwin tank 1087.5 (+69.7) miss 9 km (8.8 s)
[07:31:08]     settle 26: 214 @   4686 d -> ok lin tank 955.7 (+9.3) miss 71 km (3.2 s)
[07:31:11]     settle 27: 258 @   4443 d -> ok lintwin tank 968.6 (+43.3) miss 70 km (4.2 s)
[07:31:11]     settle 26: 253 @   4499 d -> ok lintwin tank 995.1 (+38.6) miss 71 km (7.4 s)
[07:31:12]     settle 29:  96 @   4432 d -> ok lintwin tank 1005.8 (+28.8) miss 93 km (7.2 s)
[07:31:12]     settle 22:  89 @   4736 d -> ok lintwin tank 884.8 (+73.8) miss 70 km (5.6 s)
[07:31:14]     settle 27:  93 @   4435 d -> ok lintwin tank 938.3 (+13.0) miss 85 km (3.2 s)
[07:31:15]     settle 26: 170 @   4716 d -> ok lin tank 957.9 (+11.5) miss 69 km (5.8 s)
[07:31:16]     settle 27: 291 @   4568 d -> ok lintwin tank 1039.4 (+116.5) miss 60 km (7.8 s)
[07:31:17]     settle 26: 194 @   4809 d -> ok lam tank 981.9 (+20.1) miss 38 km (2.1 s)
[07:31:18]     settle 29: 258 @   4527 d -> ok lintwin tank 989.4 (+12.5) miss 1 km (6.1 s)
[07:31:19]     settle 27: 291 @   4493 d -> ok lintwin tank 1051.3 (+33.5) miss 2 km (7.9 s)
[07:31:19]     settle 26:  90 @   4506 d -> ok lintwin tank 989.2 (+32.7) miss 82 km (7.8 s)
[07:31:20]     settle 22: 211 @   4334 d -> ok lintwin tank 844.2 (+33.2) miss 75 km (7.2 s)
[07:31:20]     settle 27: 256 @   4456 d -> ok lintwin tank 954.7 (+31.8) miss 46 km (2.8 s)
[07:31:21]     settle 29: 256 @   4360 d -> ok lintwin tank 1049.2 (+72.3) miss 73 km (1.8 s)
[07:31:21]     settle 27: 211 @   4407 d -> ok lintwin tank 972.0 (+46.6) miss 68 km (6.1 s)
[07:31:24]     settle 11:  44 @   4751 d -> FAIL [('lam', 806.3)] (26.0 s)
[07:31:24]     settle 30: 295 @   4794 d -> ok lintwin tank 989.2 (+3.9) miss 65 km (2.9 s)
[07:31:27]     settle 30: 295 @   4799 d -> ok lintwin tank 1003.6 (+6.1) miss 64 km (2.0 s)
[07:31:27]     settle 22:  44 @   4515 d -> ok lintwin tank 860.2 (+49.2) miss 90 km (6.8 s)
[07:31:27]     settle 26: 122 @   4745 d -> ok lam tank 962.7 (+17.2) miss 14 km (9.0 s)
[07:31:28]     settle 27: 105 @   4331 d -> ok lintwin tank 1056.2 (+38.4) miss 75 km (7.8 s)
[07:31:29]     settle 26: 172 @   4486 d -> ok lintwin tank 997.0 (+40.5) miss 81 km (8.4 s)
[07:31:29]     settle 27:  16 @   4483 d -> ok lintwin tank 1056.1 (+133.2) miss 13 km (7.8 s)
[07:31:30]     settle 27: 242 @   4351 d -> ok lintwin tank 929.9 (+7.0) miss 62 km (0.7 s)
[07:31:32]     settle 30: 141 @   4697 d -> ok lintwin tank 1004.7 (+15.3) miss 76 km (3.5 s)
[07:31:34]     settle 25: 294 @   4355 d -> ok lin tank 951.1 (+10.4) miss 41 km (5.5 s)
[07:31:36]     settle 28: 129 @   4667 d -> ok lintwin tank 939.4 (+9.5) miss 72 km (5.9 s)
[07:31:36]     settle 27: 246 @   4591 d -> ok lintwin tank 1048.3 (+30.5) miss 5 km (8.1 s)
[07:31:37]     settle 26:  10 @   4342 d -> ok lintwin tank 996.7 (+40.2) miss 65 km (7.8 s)
[07:31:38]     settle 22: 221 @   4386 d -> ok lintwin tank 824.6 (+13.5) miss 80 km (7.6 s)
[07:31:38]     settle 30:  72 @   4589 d -> ok lintwin tank 1038.9 (+13.0) miss 39 km (5.5 s)
[07:31:41]     settle 28: 170 @   4631 d -> ok lintwin tank 941.7 (+4.5) miss 55 km (3.9 s)
[07:31:41]     settle 26: 170 @   4712 d -> ok lin tank 958.4 (+7.3) miss 68 km (7.6 s)
[07:31:44]     settle 31: 259 @   4759 d -> ok lintwin tank 1035.9 (+-3.0) miss 67 km (5.8 s)
[07:31:46]     settle 26: 141 @   4663 d -> ok lintwin tank 1000.5 (+44.0) miss 71 km (8.0 s)
[07:31:47]     settle 28: 256 @   4455 d -> ok lintwin tank 957.4 (+27.5) miss 12 km (6.1 s)
[07:31:48]     settle 27:  21 @   4356 d -> ok lintwin tank 1052.0 (+34.2) miss 2 km (7.9 s)
[07:31:48]     settle 22: 105 @   4502 d -> ok lintwin tank 829.4 (+18.4) miss 39 km (6.7 s)
[07:31:51]     settle 31: 231 @   4748 d -> ok lintwin tank 1036.9 (+-2.0) miss 1 km (6.7 s)
[07:31:52]     settle 27:  85 @   4343 d -> FAIL [('lam', 3136462.6)] (29.7 s)
[07:31:54]     settle 27: 268 @   4366 d -> ok lintwin tank 939.5 (+16.6) miss 66 km (5.4 s)
[07:31:54]     settle 11:  30 @   4780 d -> FAIL [('lam', 4313771.3)] (30.1 s)
[07:31:54]     settle 26: 258 @   4443 d -> ok lintwin tank 1015.0 (+58.5) miss 57 km (7.7 s)
[07:31:55]     settle 26:  50 @   4566 d -> FAIL [('lam', 144894457.8)] (12.4 s)
[07:31:56]     settle 22: 120 @   4492 d -> ok lintwin tank 861.3 (+50.3) miss 1 km (6.8 s)
[07:31:57]     settle 27: 221 @   4438 d -> ok lintwin tank 1068.2 (+50.4) miss 2 km (8.2 s)
[07:31:58]     settle 31: 295 @   4812 d -> ok lintwin tank 1014.3 (+9.6) miss 69 km (5.4 s)
[07:31:58]     settle 28: 179 @   4602 d -> ok lintwin tank 926.5 (+-1.7) miss 1 km (6.3 s)
[07:31:58] RESULT s08_c0: 16 columns; frontier 1fb 6 kg p0/3 | 2fb 12 kg p1/3 | 3fb 37 kg p3/3; settles 17 (17 ok), regrids 16 (16 ok); wall 123 s of 300 (plan 42, price 1, settle 81; budget hit None, 0 unsettled)
[07:32:00]     settle 28: 109 @   4564 d -> ok lintwin tank 946.4 (+7.0) miss 56 km (6.1 s)
[07:32:00]   job s08_c0 craft columns  16  levels 8  settles 17/17  end plan_done  wall 122.8 s
[07:32:02]     settle 22: 170 @   4557 d -> ok lam tank 844.3 (+33.3) miss 2 km (5.0 s)
[07:32:03]     settle 26: 211 @   4440 d -> ok lintwin tank 996.0 (+39.5) miss 79 km (7.7 s)
[07:32:04]     settle 26:  65 @   4520 d -> ok lam tank 982.1 (+36.7) miss 9 km (9.0 s)
[07:32:05]     settle 29: 294 @   4806 d -> ok lintwin tank 963.4 (+17.0) miss 43 km (4.8 s)
[07:32:05]     settle 28:  66 @   4722 d -> ok lintwin tank 1034.8 (+5.0) miss 83 km (6.4 s)
[07:32:05]     settle 28: 231 @   4741 d -> ok lintwin tank 935.6 (+7.5) miss 95 km (6.9 s)
[07:32:08]     settle 27:  68 @   4805 d -> ok lintwin tank 1010.8 (+31.8) miss 38 km (4.5 s)
[07:32:10]     settle 28: 109 @   4559 d -> ok lintwin tank 933.9 (+4.0) miss 66 km (5.0 s)
[07:32:12]     settle 27: 122 @   4740 d -> ok lintwin tank 989.6 (+7.5) miss 74 km (7.6 s)
[07:32:13]     settle 27: 295 @   4798 d -> ok lintwin tank 1002.7 (+5.7) miss 75 km (4.3 s)
[07:32:13]     settle 28: 198 @   4791 d -> ok lintwin tank 929.3 (+2.7) miss 56 km (6.9 s)
[07:32:14]     settle 22:  50 @   4531 d -> ok lintwin tank 841.9 (+30.9) miss 2 km (8.3 s)
[07:32:14]     settle 27: 214 @   4541 d -> ok lintwin tank 1024.0 (+6.2) miss 6 km (8.0 s)
[07:32:15]     settle 27: 179 @   4610 d -> ok lintwin tank 1033.3 (+18.3) miss 3 km (0.9 s)
[07:32:16]     settle 29: 231 @   4740 d -> ok lintwin tank 937.6 (+11.1) miss 68 km (2.3 s)
[07:32:16]     settle 23: 122 @   4732 d -> ok lintwin tank 821.6 (+0.5) miss 69 km (1.9 s)
[07:32:17]     settle 29: 140 @   4658 d -> ok lintwin tank 1178.0 (+244.1) miss 46 km (6.8 s)
[07:32:20]     settle 23: 158 @   4772 d -> ok lintwin tank 830.7 (+9.6) miss 66 km (2.6 s)
[07:32:20]     settle 28:  66 @   4723 d -> ok lintwin tank 1031.3 (+7.3) miss 66 km (6.1 s)
[07:32:21]     settle 29: 198 @   4792 d -> ok lintwin tank 934.4 (+8.0) miss 75 km (3.9 s)
[07:32:21]     settle 27: 158 @   4765 d -> ok lintwin tank 995.9 (+13.8) miss 72 km (7.3 s)
[07:32:22]     settle 27:  98 @   4666 d -> ok lintwin tank 1017.0 (+19.9) miss 66 km (6.0 s)
[07:32:23]   2 candidates dropped (settle failure / regrid failure / duplicate after truncation)
[07:32:23] RESULT s08_c6: 14 columns; frontier 1fb 4 kg p2/3 | 2fb 15 kg p1/2 | 3fb 48 kg p1/1; settles 18 (17 ok), regrids 14 (14 ok); wall 148 s of 300 (plan 32, price 1, settle 116; budget hit None, 0 unsettled)
[07:32:24]   job s08_c6 craft columns  14  levels 7  settles 17/18  end plan_done  wall 147.7 s
[07:32:25]     settle 29: 259 @   4748 d -> ok lintwin tank 948.7 (+22.3) miss 70 km (3.1 s)
[07:32:25]   2 candidates dropped (settle failure / regrid failure / duplicate after truncation)
[07:32:25] RESULT s08_c2: 14 columns; frontier 1fb -2 kg p1/3 | 2fb 1 kg p3/3 | 3fb 9 kg p0/3; settles 16 (14 ok), regrids 14 (14 ok); wall 150 s of 300 (plan 39, price 1, settle 111; budget hit None, 0 unsettled)
[07:32:26]     settle 29: 140 @   4660 d -> ok lintwin tank 979.0 (+21.6) miss 66 km (7.5 s)
[07:32:26]   job s08_c2 craft columns  14  levels 8  settles 14/16  end plan_done  wall 149.8 s
[07:32:27]     settle 28: 295 @   4801 d -> ok lintwin tank 1015.7 (+-1.3) miss 68 km (5.1 s)
[07:32:27]     settle 22:  74 @   4386 d -> ok lintwin tank 821.0 (+10.0) miss 1 km (6.8 s)
[07:32:32]     settle 27: 172 @   4492 d -> ok lintwin tank 1004.1 (+7.4) miss 61 km (2.4 s)
[07:32:32]     settle 23: 170 @   4696 d -> ok lintwin tank 835.6 (+14.6) miss 68 km (5.3 s)
[07:32:33]     settle 30: 294 @   4784 d -> ok lintwin tank 990.8 (+11.8) miss 59 km (6.6 s)
[07:32:34] RESULT s08_c5: 16 columns; frontier 1fb 7 kg p2/3 | 2fb 16 kg p1/2 | 3fb 40 kg p2/2 | 4fb 68 kg p2/2; settles 20 (20 ok), regrids 16 (16 ok); wall 158 s of 300 (plan 37, price 2, settle 121; budget hit None, 0 unsettled)
[07:32:34]   job s08_c5 craft columns  16  levels 7  settles 20/20  end plan_done  wall 158.3 s
[07:32:36]     settle 28: 295 @   4797 d -> ok lintwin tank 1016.8 (+12.7) miss 69 km (3.8 s)
[07:32:37]     settle 23: 245 @   4746 d -> ok lintwin tank 853.3 (+24.0) miss 72 km (3.4 s)
[07:32:39]     settle 24: 181 @   4846 d -> ok lintwin tank 883.9 (+30.6) miss 82 km (2.1 s)
[07:32:40] RESULT s08_c1: 16 columns; frontier 1fb 3 kg p2/2 | 2fb 10 kg p2/2 | 3fb 73 kg p1/1; settles 18 (18 ok), regrids 16 (16 ok); wall 164 s of 300 (plan 34, price 2, settle 130; budget hit None, 0 unsettled)
[07:32:40]   job s08_c1 craft columns  16  levels 6  settles 18/18  end plan_done  wall 164.1 s
[07:32:43]     settle 28: 295 @   4808 d -> ok lintwin tank 1062.7 (+29.4) miss 72 km (6.3 s)
[07:32:44] RESULT s08_c3: 16 columns; frontier 1fb 22 kg p0/3 | 2fb 46 kg p1/3 | 3fb 58 kg p1/3; settles 18 (18 ok), regrids 16 (16 ok); wall 169 s of 300 (plan 41, price 2, settle 127; budget hit None, 0 unsettled)
[07:32:44]   job s08_c3 craft columns  16  levels 8  settles 18/18  end plan_done  wall 168.5 s
[07:32:45]     settle 28: 170 @   4603 d -> ok lam tank 1104.9 (+53.6) miss 1 km (24.5 s)
[07:32:49]     settle 11: 141 @   4728 d -> FAIL [('lin', 21858.9), ('lam', 238699.6)] (55.6 s)
[07:32:59]     settle 11: 291 @   4534 d -> FAIL [('lam', 742778.0)] (9.3 s)
[07:33:08]     settle 11: 172 @   4496 d -> FAIL [('lam', 2070173.3)] (9.0 s)
[07:33:11]     settle 29: 158 @   4766 d -> ok lam tank 1156.7 (+51.8) miss 11 km (24.4 s)
[07:33:19]     settle 27: 105 @   4496 d -> ok lintwin tank 1049.8 (+32.0) miss 75 km (5.7 s)
[07:33:26]     settle 28: 122 @   4696 d -> ok lintwin tank 1060.1 (+10.3) miss 74 km (6.8 s)
[07:33:27]     settle 29: 158 @   4770 d -> ok lam tank 1075.9 (+15.8) miss 74 km (1.0 s)
[07:33:37]     settle 27: 105 @   4501 d -> ok lintwin tank 1049.0 (+31.2) miss 2 km (7.8 s)
[07:33:37]     settle 11: 221 @   4359 d -> FAIL [('lam', 20722516.0)] (29.1 s)
[07:33:42]     settle 28: 122 @   4708 d -> ok lintwin tank 1062.1 (+13.1) miss 70 km (5.3 s)
[07:33:51]     settle 29:  79 @   4851 d -> ok lintwin tank 1075.7 (+13.5) miss 15 km (8.6 s)
[07:34:00]     settle 30:  79 @   4841 d -> ok lintwin tank 1238.5 (+81.8) miss 2 km (7.8 s)
[07:34:02]     settle 11:  68 @   4595 d -> FAIL [('lam', 6538256.6)] (25.0 s)
[07:34:09]     settle 28: 246 @   4591 d -> ok lintwin tank 1086.3 (+30.1) miss 43 km (6.8 s)
[07:34:16]     settle 29: 158 @   4770 d -> ok lintwin tank 1109.6 (+23.3) miss 67 km (6.4 s)
[07:34:22]     settle 30:  79 @   4837 d -> ok lintwin tank 1120.1 (+10.5) miss 5 km (6.6 s)
[07:34:24] RESULT s08_c4: 16 columns; frontier 1fb 9 kg p0/2 | 2fb 13 kg p0/1 | 3fb 56 kg p1/1 | 4fb 101 kg p1/1; settles 23 (23 ok), regrids 16 (16 ok); wall 269 s of 300 (plan 43, price 2, settle 225; budget hit None, 0 unsettled)
[07:34:24]   job s08_c4 craft columns  16  levels 7  settles 23/23  end plan_done  wall 268.9 s
[07:34:31]     settle 11: 235 @   4741 d -> FAIL [('lam', 1981717.2)] (28.7 s)
[07:34:53]     settle 11: 165 @   4821 d -> FAIL [('lam', 2111890.0)] (22.3 s)
[07:34:53]   budget reached (job_wall: settle 273 s of 480, 2 s of the job left): 5 candidates not settled
[07:34:53]   11 candidates dropped (settle failure / regrid failure / duplicate after truncation)
[07:34:53] RESULT s08_c7: 0 columns; frontier ; settles 19 (0 ok), regrids 0 (0 ok); wall 298 s of 300 (plan 25, price 1, settle 273; budget hit job_wall, 5 unsettled)
[07:34:55]   job s08_c7 craft columns   0  levels 4  settles 0/19  end plan_done  wall 297.9 s
[07:34:55] [slice 8] propose: 108 columns (0 bad dropped) in 299.2 s
[07:34:55] [slice 8] auction: 108 columns, kept 99, dropped {'fuel': 9}; lam 1.00 H_eff 540 d fuel budget 482 kg quota OFF
[07:34:55] [slice 8] auction: status optimal objective 41.600 vars 99 rows 43 chosen 7 fuel 333/482 kg (0.013 s)
[07:34:57] [slice 8 T=4320 d] launched 8/8  covered 207  remaining 91  fuel 2789 kg  sumJi 10.5320  chosen: c0:3(+59) c1:3(+73) c2:3(+12) c3:3(+60) c4:2(+13) c5:4(+67) c6:3(+48)  rejected: -  (wall 301 s)
[07:34:57] [slice 9] effective horizon 616.8 d (the last slice absorbs the mission tail; H 540.0)
[07:34:57] [slice 9 T=4860 d] propose: 8 jobs (8 craft, 0 root) on 9 workers, proposer planbeam, H_eff 617 d, lam 1.0
[07:34:57] job s09_c0 (craft, craft 0, planbeam): T 4860 d H 617 L 360; plan horizon 5477 d; remaining 91; prize >1 on 91; width 150 npt 6 mc 150 dv 1.2 drmax 0.15 plan_wall 240 s; quota None
[07:34:57] job s09_c2 (craft, craft 2, planbeam): T 4860 d H 617 L 360; plan horizon 5477 d; remaining 91; prize >1 on 91; width 150 npt 6 mc 150 dv 1.2 drmax 0.15 plan_wall 240 s; quota None
[07:34:57] job s09_c1 (craft, craft 1, planbeam): T 4860 d H 617 L 360; plan horizon 5477 d; remaining 91; prize >1 on 91; width 150 npt 6 mc 150 dv 1.2 drmax 0.15 plan_wall 240 s; quota None
[07:34:57] job s09_c4 (craft, craft 4, planbeam): T 4860 d H 617 L 360; plan horizon 5477 d; remaining 91; prize >1 on 91; width 150 npt 6 mc 150 dv 1.2 drmax 0.15 plan_wall 240 s; quota None
[07:34:57] job s09_c3 (craft, craft 3, planbeam): T 4860 d H 617 L 360; plan horizon 5477 d; remaining 91; prize >1 on 91; width 150 npt 6 mc 150 dv 1.2 drmax 0.15 plan_wall 240 s; quota None
[07:34:57] job s09_c5 (craft, craft 5, planbeam): T 4860 d H 617 L 360; plan horizon 5477 d; remaining 91; prize >1 on 91; width 150 npt 6 mc 150 dv 1.2 drmax 0.15 plan_wall 240 s; quota None
[07:34:57] job s09_c6 (craft, craft 6, planbeam): T 4860 d H 617 L 360; plan horizon 5477 d; remaining 91; prize >1 on 91; width 150 npt 6 mc 150 dv 1.2 drmax 0.15 plan_wall 240 s; quota None
[07:34:57] job s09_c7 (craft, craft 7, planbeam): T 4860 d H 617 L 360; plan horizon 5477 d; remaining 91; prize >1 on 91; width 150 npt 6 mc 150 dv 1.2 drmax 0.15 plan_wall 240 s; quota None
[07:34:57] prefix slices/s09/in/craft_7.npz: 10 flybys, t_end 2049.3 d, tank 706.5 kg (planner view), miss 97.5 km, nreg 92
[07:34:57] budget: job_wall 300 s, 300 s left before the plan -> plan cap 210 s (plan_wall 240, settle_reserve 90)
[07:34:57] prefix slices/s09/in/craft_2.npz: 29 flybys, t_end 4740.9 d, tank 937.5 kg (planner view), miss 15.8 km, nreg 236
[07:34:57] budget: job_wall 300 s, 300 s left before the plan -> plan cap 210 s (plan_wall 240, settle_reserve 90)
[07:34:57] prefix slices/s09/in/craft_5.npz: 30 flybys, t_end 4789.4 d, tank 990.1 kg (planner view), miss 13.3 km, nreg 234
[07:34:57] budget: job_wall 300 s, 300 s left before the plan -> plan cap 210 s (plan_wall 240, settle_reserve 90)
[07:34:57] prefix slices/s09/in/craft_6.npz: 27 flybys, t_end 4741.7 d, tank 988.6 kg (planner view), miss 74.8 km, nreg 230
[07:34:57] prefix slices/s09/in/craft_4.npz: 28 flybys, t_end 4722.9 d, tank 1030.5 kg (planner view), miss 6.9 km, nreg 232
[07:34:57] budget: job_wall 300 s, 300 s left before the plan -> plan cap 210 s (plan_wall 240, settle_reserve 90)
[07:34:57] budget: job_wall 300 s, 300 s left before the plan -> plan cap 210 s (plan_wall 240, settle_reserve 90)
[07:34:57] prefix slices/s09/in/craft_0.npz: 31 flybys, t_end 4758.0 d, tank 1035.7 kg (planner view), miss 98.0 km, nreg 240
[07:34:57] budget: job_wall 300 s, 300 s left before the plan -> plan cap 210 s (plan_wall 240, settle_reserve 90)
[07:34:57] prefix slices/s09/in/craft_1.npz: 24 flybys, t_end 4846.8 d, tank 883.6 kg (planner view), miss 7.1 km, nreg 245
[07:34:57] prefix slices/s09/in/craft_3.npz: 28 flybys, t_end 4800.0 d, tank 1016.7 kg (planner view), miss 31.0 km, nreg 239
[07:34:57] budget: job_wall 300 s, 300 s left before the plan -> plan cap 210 s (plan_wall 240, settle_reserve 90)
[07:34:57] budget: job_wall 300 s, 300 s left before the plan -> plan cap 210 s (plan_wall 240, settle_reserve 90)
[07:35:19] first level (both): 0 production + 18 relaxed (dv 2.5, 0.3 AU; 0.0 s) + 27 lintwin children -> 35 unique (22.7 s)
[07:35:19] plan start: prefix 29 flybys, t_end 4740.9 d, planner mass 1026.6 kg (dv 17.408 km/s); 35 first-level states
[07:35:20] first level (both): 0 production + 25 relaxed (dv 2.5, 0.3 AU; 0.1 s) + 0 lintwin children -> 20 unique (23.1 s)
[07:35:20] plan start: prefix 27 flybys, t_end 4741.7 d, planner mass 973.5 kg (dv 19.491 km/s); 20 first-level states
[07:35:20] first level (both): 0 production + 0 relaxed (dv 2.5, 0.3 AU; 0.0 s) + 44 lintwin children -> 44 unique (23.7 s)
[07:35:20] plan start: prefix 10 flybys, t_end 2049.3 d, planner mass 1362.3 kg (dv 6.310 km/s); 44 first-level states
[07:35:21] plan: 38 states, depth 2 new flybys, end plan_done (24 s); deepest 2 new to 5221 d at planner fuel 657 kg
[07:35:21]   depth  1:   20 states (20 in H), t_end 4876-5342 d, fuel 634-691 kg
[07:35:21]   depth  2:   18 states (18 in H), t_end 5172-5436 d, fuel 657-720 kg
[07:35:21] candidates: 15 distinct committed target sets (n_new 1-2, potential 0-0)
[07:35:21] frontier: 15 candidates chosen (n fb / committed planner kg / continuation (lookahead)): 1fb/634kg/p1(0), 1fb/640kg/p0(0), 1fb/654kg/p0(0), 1fb/660kg/p0(0), 1fb/664kg/p1(0), 1fb/669kg/p1(0), 2fb/657kg/p0(0), 2fb/673kg/p0(0), 2fb/677kg/p0(0), 2fb/682kg/p0(0), 2fb/693kg/p0(0), 2fb/695kg/p0(0), 2fb/698kg/p0(0), 2fb/709kg/p0(0), 2fb/720kg/p0(0)
[07:35:21] budget: 276 s of 300 left for the settles + regrids (settle_wall 480)
[07:35:21] plan: 139 states, depth 3 new flybys, end plan_done (24 s); deepest 3 new to 5348 d at planner fuel 621 kg
[07:35:21]   depth  1:   35 states (35 in H), t_end 4889-5477 d, fuel 586-647 kg
[07:35:21]   depth  2:   67 states (67 in H), t_end 5065-5473 d, fuel 605-675 kg
[07:35:21]   depth  3:   37 states (37 in H), t_end 5272-5473 d, fuel 621-697 kg
[07:35:21] candidates: 93 distinct committed target sets (n_new 1-3, potential 0-0)
[07:35:21] frontier: 16 candidates chosen (n fb / committed planner kg / continuation (lookahead)): 1fb/588kg/p2(0), 1fb/590kg/p2(0), 1fb/592kg/p0(0), 1fb/598kg/p1(0), 1fb/610kg/p1(0), 1fb/620kg/p2(0), 1fb/622kg/p2(0), 1fb/639kg/p2(0), 1fb/646kg/p2(0), 1fb/647kg/p2(0), 2fb/605kg/p0(0), 2fb/606kg/p0(0), 2fb/610kg/p1(0), 3fb/621kg/p0(0), 3fb/626kg/p0(0), 3fb/628kg/p0(0)
[07:35:21] budget: 276 s of 300 left for the settles + regrids (settle_wall 480)
[07:35:21] first level (both): 0 production + 32 relaxed (dv 2.5, 0.3 AU; 0.0 s) + 23 lintwin children -> 39 unique (24.2 s)
[07:35:21] plan start: prefix 28 flybys, t_end 4722.9 d, planner mass 933.9 kg (dv 21.118 km/s); 39 first-level states
[07:35:21] first level (both): 0 production + 30 relaxed (dv 2.5, 0.3 AU; 0.1 s) + 41 lintwin children -> 59 unique (24.4 s)
[07:35:21] plan start: prefix 30 flybys, t_end 4789.4 d, planner mass 972.0 kg (dv 19.551 km/s); 59 first-level states
[07:35:21] plan: 63 states, depth 3 new flybys, end plan_done (25 s); deepest 3 new to 5397 d at planner fuel 349 kg
[07:35:21]   depth  1:   44 states (44 in H), t_end 4882-5477 d, fuel 238-327 kg
[07:35:21]   depth  2:   18 states (18 in H), t_end 5208-5433 d, fuel 248-367 kg
[07:35:21]   depth  3:    1 states (1 in H), t_end 5397-5397 d, fuel 349-349 kg
[07:35:21] candidates: 51 distinct committed target sets (n_new 1-3, potential 0-0)
[07:35:21] frontier: 16 candidates chosen (n fb / committed planner kg / continuation (lookahead)): 1fb/238kg/p1(0), 1fb/238kg/p1(0), 1fb/238kg/p0(0), 1fb/238kg/p1(0), 1fb/240kg/p1(0), 1fb/247kg/p1(0), 1fb/258kg/p1(0), 1fb/272kg/p2(0), 1fb/283kg/p1(0), 1fb/302kg/p1(0), 1fb/303kg/p1(0), 1fb/327kg/p1(0), 2fb/248kg/p0(0), 2fb/249kg/p0(0), 2fb/308kg/p1(0), 3fb/349kg/p0(0)
[07:35:21] budget: 275 s of 300 left for the settles + regrids (settle_wall 480)
[07:35:22] first level (both): 0 production + 25 relaxed (dv 2.5, 0.3 AU; 0.0 s) + 29 lintwin children -> 39 unique (25.0 s)
[07:35:22] plan start: prefix 31 flybys, t_end 4758.0 d, planner mass 929.2 kg (dv 21.317 km/s); 39 first-level states
[07:35:23] first level (both): 0 production + 38 relaxed (dv 2.5, 0.3 AU; 0.1 s) + 39 lintwin children -> 58 unique (25.8 s)
[07:35:23] plan start: prefix 24 flybys, t_end 4846.8 d, planner mass 1089.2 kg (dv 15.086 km/s); 58 first-level states
[07:35:23] first level (both): 0 production + 23 relaxed (dv 2.5, 0.3 AU; 0.1 s) + 35 lintwin children -> 49 unique (25.8 s)
[07:35:23] plan start: prefix 28 flybys, t_end 4800.0 d, planner mass 946.6 kg (dv 20.591 km/s); 49 first-level states
[07:35:23] plan: 86 states, depth 3 new flybys, end plan_done (26 s); deepest 3 new to 5428 d at planner fuel 735 kg
[07:35:23]   depth  1:   39 states (39 in H), t_end 4918-5477 d, fuel 692-738 kg
[07:35:23]   depth  2:   42 states (42 in H), t_end 5121-5461 d, fuel 711-759 kg
[07:35:23]   depth  3:    5 states (5 in H), t_end 5280-5442 d, fuel 735-762 kg
[07:35:23] candidates: 54 distinct committed target sets (n_new 1-3, potential 0-0)
[07:35:23] frontier: 16 candidates chosen (n fb / committed planner kg / continuation (lookahead)): 1fb/692kg/p0(0), 1fb/695kg/p0(0), 1fb/698kg/p1(0), 1fb/700kg/p1(0), 1fb/700kg/p1(0), 1fb/702kg/p2(0), 1fb/708kg/p1(0), 1fb/710kg/p1(0), 1fb/714kg/p2(0), 1fb/714kg/p2(0), 2fb/711kg/p0(0), 2fb/715kg/p0(0), 2fb/724kg/p1(0), 3fb/735kg/p0(0), 3fb/761kg/p0(0), 3fb/762kg/p0(0)
[07:35:23] budget: 274 s of 300 left for the settles + regrids (settle_wall 480)
[07:35:23] plan: 124 states, depth 3 new flybys, end plan_done (26 s); deepest 3 new to 5316 d at planner fuel 729 kg
[07:35:23]   depth  1:   39 states (39 in H), t_end 4913-5477 d, fuel 687-734 kg
[07:35:23]   depth  2:   65 states (65 in H), t_end 5187-5476 d, fuel 708-757 kg
[07:35:23]   depth  3:   20 states (20 in H), t_end 5267-5470 d, fuel 729-777 kg
[07:35:23] candidates: 65 distinct committed target sets (n_new 1-3, potential 0-0)
[07:35:23] frontier: 16 candidates chosen (n fb / committed planner kg / continuation (lookahead)): 1fb/687kg/p0(0), 1fb/697kg/p0(0), 1fb/703kg/p1(0), 1fb/703kg/p2(0), 1fb/710kg/p2(0), 1fb/711kg/p1(0), 1fb/714kg/p2(0), 1fb/721kg/p2(0), 1fb/721kg/p2(0), 1fb/726kg/p2(0), 2fb/708kg/p0(0), 2fb/713kg/p0(0), 2fb/719kg/p1(0), 3fb/729kg/p0(0), 3fb/732kg/p0(0), 3fb/735kg/p0(0)
[07:35:23] budget: 274 s of 300 left for the settles + regrids (settle_wall 480)
[07:35:23] plan: 149 states, depth 3 new flybys, end plan_done (26 s); deepest 3 new to 5404 d at planner fuel 686 kg
[07:35:23]   depth  1:   59 states (59 in H), t_end 4873-5453 d, fuel 636-699 kg
[07:35:23]   depth  2:   58 states (58 in H), t_end 5209-5474 d, fuel 661-727 kg
[07:35:23]   depth  3:   32 states (32 in H), t_end 5282-5472 d, fuel 686-752 kg
[07:35:23] candidates: 92 distinct committed target sets (n_new 1-3, potential 0-0)
[07:35:23] frontier: 16 candidates chosen (n fb / committed planner kg / continuation (lookahead)): 1fb/636kg/p1(0), 1fb/640kg/p0(0), 1fb/641kg/p1(0), 1fb/650kg/p2(0), 1fb/656kg/p2(0), 1fb/670kg/p2(0), 1fb/677kg/p2(0), 1fb/679kg/p2(0), 1fb/680kg/p2(0), 1fb/699kg/p2(0), 2fb/661kg/p0(0), 2fb/662kg/p0(0), 2fb/672kg/p1(0), 3fb/686kg/p0(0), 3fb/698kg/p0(0), 3fb/701kg/p0(0)
[07:35:23] budget: 274 s of 300 left for the settles + regrids (settle_wall 480)
[07:35:25] plan: 241 states, depth 4 new flybys, end plan_done (28 s); deepest 4 new to 5467 d at planner fuel 630 kg
[07:35:25]   depth  1:   58 states (58 in H), t_end 4884-5477 d, fuel 520-590 kg
[07:35:25]   depth  2:  128 states (128 in H), t_end 4984-5475 d, fuel 551-621 kg
[07:35:25]   depth  3:   51 states (51 in H), t_end 5177-5476 d, fuel 572-645 kg
[07:35:25]   depth  4:    4 states (4 in H), t_end 5411-5467 d, fuel 630-663 kg
[07:35:25] candidates: 103 distinct committed target sets (n_new 1-4, potential 0-0)
[07:35:25] frontier: 16 candidates chosen (n fb / committed planner kg / continuation (lookahead)): 1fb/520kg/p0(0), 1fb/522kg/p0(0), 1fb/540kg/p2(0), 1fb/548kg/p2(0), 1fb/556kg/p2(0), 1fb/566kg/p3(0), 1fb/588kg/p3(0), 2fb/551kg/p0(0), 2fb/553kg/p0(0), 2fb/586kg/p2(0), 3fb/572kg/p0(0), 3fb/587kg/p0(0), 3fb/613kg/p1(0), 4fb/630kg/p0(0), 4fb/631kg/p0(0), 4fb/663kg/p0(0)
[07:35:25] budget: 272 s of 300 left for the settles + regrids (settle_wall 480)
[07:35:25]     settle 28: 275 @   4880 d -> ok lam tank 991.7 (+3.1) miss 69 km (4.0 s)
[07:35:25] plan: 191 states, depth 4 new flybys, end plan_done (28 s); deepest 4 new to 5466 d at planner fuel 761 kg
[07:35:25]   depth  1:   49 states (49 in H), t_end 4885-5477 d, fuel 657-718 kg
[07:35:25]   depth  2:   86 states (86 in H), t_end 5122-5475 d, fuel 674-744 kg
[07:35:25]   depth  3:   53 states (53 in H), t_end 5285-5476 d, fuel 690-760 kg
[07:35:25]   depth  4:    3 states (3 in H), t_end 5466-5477 d, fuel 761-782 kg
[07:35:25] candidates: 99 distinct committed target sets (n_new 1-4, potential 0-0)
[07:35:25] frontier: 16 candidates chosen (n fb / committed planner kg / continuation (lookahead)): 1fb/663kg/p0(0), 1fb/667kg/p1(0), 1fb/668kg/p2(0), 1fb/680kg/p2(0), 1fb/680kg/p2(0), 1fb/683kg/p2(0), 1fb/701kg/p2(0), 1fb/706kg/p3(0), 2fb/674kg/p1(0), 2fb/679kg/p0(0), 2fb/711kg/p2(0), 3fb/690kg/p0(0), 3fb/693kg/p0(0), 3fb/737kg/p1(0), 4fb/761kg/p0(0), 4fb/782kg/p0(0)
[07:35:25] budget: 272 s of 300 left for the settles + regrids (settle_wall 480)
[07:35:26]     settle 30:  35 @   5141 d -> ok lintwin tank 946.2 (+8.7) miss 74 km (5.0 s)
[07:35:27]     settle 28:  21 @   5292 d -> ok lam tank 1001.4 (+12.8) miss 75 km (1.1 s)
[07:35:27]     settle 32: 239 @   5439 d -> ok lintwin tank 1045.9 (+10.2) miss 63 km (4.4 s)
[07:35:28]     settle 29: 229 @   5426 d -> ok lintwin tank 1023.0 (+6.3) miss 64 km (3.4 s)
[07:35:29]     settle 29:  64 @   5245 d -> ok lintwin tank 1043.4 (+12.9) miss 61 km (6.2 s)
[07:35:29]     settle 31:  48 @   5262 d -> ok lintwin tank 995.8 (+5.7) miss 36 km (6.1 s)
[07:35:33]     settle 30: 271 @   4971 d -> ok lintwin tank 951.8 (+14.3) miss 63 km (4.4 s)
[07:35:33]     settle 25: 184 @   5454 d -> ok lintwin tank 885.4 (+1.8) miss 8 km (8.4 s)
[07:35:34]     settle 11: 253 @   5061 d -> FAIL [('lam', 1038779.2)] (12.2 s)
[07:35:34]     settle 31: 283 @   5310 d -> ok lintwin tank 998.0 (+7.9) miss 73 km (3.7 s)
[07:35:34]     settle 29:  91 @   5119 d -> ok lintwin tank 1030.4 (+13.7) miss 82 km (4.6 s)
[07:35:35]     settle 28:  84 @   5312 d -> ok lin tank 1009.4 (+20.8) miss 63 km (3.7 s)
[07:35:36]     settle 32: 266 @   5450 d -> ok lintwin tank 1052.8 (+17.1) miss 4 km (8.4 s)
[07:35:39]     settle 29: 257 @   5064 d -> ok lintwin tank 1028.2 (+11.5) miss 54 km (4.3 s)
[07:35:40]     settle 30: 243 @   5415 d -> ok lintwin tank 948.9 (+11.4) miss 59 km (6.7 s)
[07:35:41]     settle 31: 186 @   4972 d -> ok lintwin tank 1000.4 (+10.3) miss 79 km (5.7 s)
[07:35:42]     settle 28: 227 @   5332 d -> ok lin tank 996.5 (+7.9) miss 43 km (6.0 s)
[07:35:44]     settle 25: 253 @   5474 d -> ok lintwin tank 907.7 (+24.1) miss 6 km (8.0 s)
[07:35:44]     settle 11: 136 @   5090 d -> ok lam tank 1044.0 (+337.6) miss 98 km (10.5 s)
[07:35:45]     settle 32: 119 @   5130 d -> ok lintwin tank 1058.0 (+22.2) miss 90 km (7.6 s)
[07:35:46]     settle 29: 244 @   5111 d -> ok lintwin tank 1032.5 (+15.8) miss 71 km (5.8 s)
[07:35:46]     settle 30: 219 @   5305 d -> ok lintwin tank 953.3 (+15.9) miss 58 km (4.7 s)
[07:35:50]     settle 25: 220 @   5178 d -> ok lintwin tank 907.8 (+24.2) miss 55 km (5.2 s)
[07:35:51]     settle 31: 287 @   5162 d -> ok lintwin tank 1076.7 (+86.6) miss 43 km (9.2 s)
[07:35:51]     settle 29:  89 @   5061 d -> ok lintwin tank 1040.8 (+24.1) miss 70 km (4.9 s)
[07:35:53]     settle 32: 141 @   5177 d -> ok lintwin tank 1057.2 (+21.5) miss 6 km (7.2 s)
[07:35:54]     settle 30: 257 @   5355 d -> ok lintwin tank 949.1 (+11.6) miss 2 km (7.3 s)
[07:35:55]     settle 28:  34 @   5027 d -> ok lam tank 1020.2 (+31.6) miss 83 km (11.1 s)
[07:35:56]     settle 31: 209 @   4901 d -> ok lintwin tank 1014.9 (+24.8) miss 74 km (3.5 s)
[07:35:58]     settle 25:  91 @   5150 d -> ok lintwin tank 940.5 (+56.9) miss 63 km (7.6 s)
[07:35:59]     settle 29:  63 @   5062 d -> ok lintwin tank 1041.4 (+24.7) miss 67 km (4.8 s)
[07:36:00]     settle 32: 186 @   5134 d -> ok lintwin tank 1078.6 (+42.9) miss 77 km (5.1 s)
[07:36:01]     settle 30: 220 @   5131 d -> ok lintwin tank 944.7 (+7.2) miss 87 km (5.5 s)
[07:36:02]     settle 31:  68 @   5028 d -> ok lintwin tank 1032.7 (+42.6) miss 78 km (5.6 s)
[07:36:05]     settle 32:  35 @   5010 d -> ok lintwin tank 1057.5 (+21.8) miss 80 km (3.9 s)
[07:36:05]   regrid FAIL (1 fb: miss 37852 km, None, 21.1 s) -> column dropped
[07:36:05]     settle 25: 134 @   4993 d -> ok lintwin tank 909.5 (+25.9) miss 57 km (6.2 s)
[07:36:07]     settle 31: 300 @   5107 d -> ok lintwin tank 1037.1 (+47.0) miss 89 km (3.9 s)
[07:36:08]     settle 28:  79 @   5096 d -> ok lam tank 1022.0 (+33.4) miss 50 km (11.8 s)
[07:36:09]     settle 29: 155 @   5003 d -> ok lintwin tank 1120.4 (+103.6) miss 3 km (7.7 s)
[07:36:10]     settle 30: 155 @   5186 d -> ok lintwin tank 968.2 (+30.7) miss 79 km (6.8 s)
[07:36:11]     settle 32:  48 @   5248 d -> ok lintwin tank 1069.1 (+33.4) miss 70 km (6.2 s)
[07:36:12]     settle 29: 221 @   5477 d -> FAIL [('lam', 5733459.1)] (41.7 s)
[07:36:12]     settle 25: 229 @   4884 d -> ok lintwin tank 941.6 (+58.0) miss 73 km (5.4 s)
[07:36:13]     settle 31: 239 @   5090 d -> ok lintwin tank 1060.8 (+70.7) miss 78 km (5.8 s)
[07:36:16]     settle 30:  63 @   5063 d -> ok lintwin tank 971.5 (+34.0) miss 68 km (5.6 s)
[07:36:17]     settle 29:  79 @   5149 d -> ok lintwin tank 1162.4 (+131.9) miss 60 km (5.4 s)
[07:36:18]     settle 31:  34 @   5089 d -> ok lintwin tank 1039.2 (+49.0) miss 83 km (3.4 s)
[07:36:18]     settle 11: 152 @   4898 d -> FAIL [('lam', 1288381.3)] (12.8 s)
[07:36:19]     settle 29: 109 @   4885 d -> ok lintwin tank 1068.7 (+51.9) miss 27 km (5.6 s)
[07:36:20]     settle 32: 126 @   4954 d -> ok lintwin tank 1086.8 (+51.1) miss 4 km (8.0 s)
[07:36:20]     settle 29:  89 @   5221 d -> ok lam tank 1014.1 (+22.4) miss 76 km (11.8 s)
[07:36:22]     settle 25:  89 @   5084 d -> ok lintwin tank 955.2 (+71.6) miss 98 km (8.9 s)
[07:36:24]     settle 30:  91 @   5153 d -> ok lintwin tank 1035.1 (+6.9) miss 82 km (4.9 s)
[07:36:25]     settle 30: 126 @   4987 d -> ok lintwin tank 1012.3 (+74.8) miss 2 km (7.1 s)
[07:36:25]     settle 32:  51 @   4958 d -> ok lintwin tank 1086.9 (+51.2) miss 62 km (2.9 s)
[07:36:25]     settle 31: 180 @   5099 d -> ok lintwin tank 1077.4 (+87.3) miss 23 km (6.6 s)
[07:36:26]     settle 29: 253 @   4913 d -> ok lintwin tank 1065.5 (+35.0) miss 4 km (7.4 s)
[07:36:28]     settle 32: 283 @   5314 d -> ok lintwin tank 1029.1 (+33.3) miss 28 km (2.4 s)
[07:36:29]     settle 32: 194 @   4918 d -> ok lintwin tank 1090.1 (+54.4) miss 50 km (3.2 s)
[07:36:29]     settle 11:  44 @   4993 d -> FAIL [('lam', 5491054.1)] (10.8 s)
[07:36:31]     settle 28:  34 @   5021 d -> ok lam tank 1019.9 (+31.2) miss 5 km (9.7 s)
[07:36:33]     settle 26: 243 @   5413 d -> ok lintwin tank 965.3 (+24.8) miss 4 km (10.1 s)
[07:36:33]     settle 29: 257 @   5065 d -> ok lintwin tank 1028.1 (+11.4) miss 65 km (4.4 s)
[07:36:34]     settle 31: 198 @   5221 d -> ok lintwin tank 1016.0 (+25.8) miss 86 km (4.8 s)
[07:36:35]     settle 29: 170 @   5310 d -> ok lin tank 1020.5 (+0.7) miss 69 km (3.5 s)
[07:36:35]     settle 29: 229 @   5025 d -> ok lintwin tank 1062.6 (+32.1) miss 5 km (8.2 s)
[07:36:36]     settle 33: 184 @   5430 d -> ok lintwin tank 1063.7 (+6.1) miss 63 km (5.8 s)
[07:36:36]     settle 30: 109 @   4889 d -> ok lintwin tank 1031.4 (+93.9) miss 71 km (5.6 s)
[07:36:38]     settle 30: 227 @   5337 d -> ok lintwin tank 1039.7 (+11.5) miss 65 km (4.5 s)
[07:36:38]     settle 29: 288 @   5182 d -> ok lam tank 1045.3 (+25.1) miss 0 km (3.0 s)
[07:36:40]     settle 30: 220 @   5124 d -> ok lintwin tank 945.7 (+8.2) miss 64 km (3.1 s)
[07:36:41]     settle 26:  98 @   5448 d -> ok lintwin tank 915.2 (+7.5) miss 75 km (6.6 s)
[07:36:41]     settle 29:  71 @   5113 d -> ok lintwin tank 1114.4 (+83.9) miss 74 km (5.7 s)
[07:36:43]     settle 33:  35 @   5440 d -> ok lintwin tank 1071.6 (+2.5) miss 71 km (6.6 s)
[07:36:46]     settle 31: 243 @   5413 d -> ok lintwin tank 947.7 (+2.0) miss 2 km (6.6 s)
[07:36:46]     settle 30: 220 @   5132 d -> ok lintwin tank 1073.0 (+4.3) miss 64 km (6.8 s)
[07:36:47]     settle 29:  91 @   5088 d -> ok lintwin tank 1065.5 (+35.0) miss 64 km (5.2 s)
[07:36:51]     settle 33: 165 @   5320 d -> ok lintwin tank 1085.4 (+27.9) miss 45 km (5.5 s)
[07:36:52]     settle 32:   9 @   5372 d -> ok lintwin tank 1021.1 (+5.2) miss 8 km (17.6 s)
[07:36:52]     settle 31: 104 @   5415 d -> ok lintwin tank 1051.4 (+16.3) miss 51 km (4.9 s)
[07:36:53]     settle 29: 118 @   5215 d -> ok lam tank 1041.6 (+21.4) miss 7 km (10.7 s)
[07:36:54]     settle 30: 271 @   4965 d -> ok lintwin tank 951.2 (+13.7) miss 2 km (6.4 s)
[07:36:55]     settle 34: 184 @   5428 d -> ok lintwin tank 1088.6 (+3.2) miss 76 km (3.1 s)
[07:36:56]     settle 29: 241 @   5033 d -> ok lintwin tank 1060.3 (+29.8) miss 74 km (8.5 s)
[07:37:00]     settle 32: 136 @   5324 d -> ok lintwin tank 1086.3 (+9.6) miss 76 km (7.4 s)
[07:37:00]     settle 31:  79 @   5385 d -> ok lintwin tank 957.3 (+6.1) miss 2 km (6.5 s)
[07:37:01]     settle 31: 227 @   5336 d -> ok lintwin tank 1037.6 (+2.5) miss 73 km (6.6 s)
[07:37:02]     settle 33: 188 @   5121 d -> ok lintwin tank 1104.9 (+14.8) miss 58 km (5.9 s)
[07:37:02]     settle 11: 109 @   5239 d -> FAIL [('lam', 4413026.4)] (32.9 s)
[07:37:04]     settle 29:  44 @   4991 d -> ok lintwin tank 1078.6 (+48.1) miss 76 km (7.3 s)
[07:37:05]     settle 31: 220 @   5125 d -> ok lintwin tank 956.0 (+4.8) miss 76 km (3.8 s)
[07:37:06]     settle 34: 109 @   5280 d -> ok lintwin tank 1119.9 (+15.0) miss 70 km (4.4 s)
[07:37:07]     settle 29: 200 @   5280 d -> ok lam tank 1052.0 (+30.0) miss 6 km (11.3 s)
[07:37:08]     settle 31:  79 @   5381 d -> ok lintwin tank 1091.9 (+18.9) miss 63 km (5.8 s)
[07:37:10]     settle 33: 170 @   5404 d -> ok lintwin tank 1158.1 (+71.8) miss 69 km (8.5 s)
[07:37:11]     settle 26: 109 @   4987 d -> ok lam tank 1100.3 (+158.7) miss 8 km (29.8 s)
[07:37:11]     settle 32: 111 @   5348 d -> ok lintwin tank 963.8 (+7.9) miss 66 km (3.1 s)
[07:37:12]     settle 33:  48 @   5248 d -> ok lintwin tank 1111.2 (+24.3) miss 54 km (5.3 s)
[07:37:13]     settle 29:  71 @   5321 d -> ok lam tank 1030.8 (+8.8) miss 12 km (4.2 s)
[07:37:14]     settle 29: 227 @   5155 d -> ok lintwin tank 1309.8 (+279.3) miss 59 km (8.9 s)
[07:37:15]     settle 11: 220 @   5154 d -> FAIL [('lam', 6727616.8)] (12.4 s)
[07:37:15]     settle 32:  79 @   5389 d -> ok lintwin tank 964.4 (+8.4) miss 69 km (2.8 s)
[07:37:16]     settle 32: 221 @   5466 d -> ok lintwin tank 1110.3 (+18.4) miss 2 km (7.6 s)
[07:37:21]     settle 34:  35 @   5442 d -> ok lintwin tank 1116.2 (+5.0) miss 65 km (8.0 s)
[07:37:21] RESULT s09_c0: 16 columns; frontier 1fb 10 kg p0/0 | 2fb 28 kg p0/0 | 3fb 53 kg p0/0; settles 18 (18 ok), regrids 16 (16 ok); wall 145 s of 300 (plan 26, price 2, settle 119; budget hit None, 0 unsettled)
[07:37:22]     settle 31: 220 @   5125 d -> ok lintwin tank 954.1 (+2.8) miss 2 km (6.7 s)
[07:37:23]     settle 29:  91 @   5162 d -> ok lintwin tank 1053.3 (+22.8) miss 75 km (7.5 s)
[07:37:23]   job s09_c0 craft columns  16  levels 3  settles 18/18  end plan_done  wall 144.8 s
[07:37:23]     settle 32:  13 @   5281 d -> ok lintwin tank 1013.3 (+-1.7) miss 67 km (11.0 s)
[07:37:25]     settle 30: 188 @   5122 d -> ok lintwin tank 1090.3 (+21.6) miss 4 km (7.4 s)
[07:37:26]     settle 32: 219 @   5305 d -> ok lintwin tank 972.0 (+18.0) miss 67 km (3.8 s)
[07:37:28]     settle 33: 170 @   5399 d -> ok lintwin tank 1040.5 (+27.2) miss 73 km (4.2 s)
[07:37:28]     settle 29: 111 @   5345 d -> ok lam tank 1030.2 (+8.2) miss 13 km (11.7 s)
[07:37:29] RESULT s09_c2: 16 columns; frontier 1fb 6 kg p0/0 | 2fb 10 kg p0/0 | 3fb 26 kg p0/0; settles 19 (19 ok), regrids 16 (16 ok); wall 152 s of 300 (plan 24, price 2, settle 128; budget hit None, 0 unsettled)
[07:37:29]   job s09_c2 craft columns  16  levels 3  settles 19/19  end plan_done  wall 152.0 s
[07:37:30]     settle 31: 111 @   5347 d -> ok lintwin tank 1089.9 (+-0.3) miss 76 km (5.6 s)
[07:37:32]     settle 30: 262 @   5315 d -> ok lintwin tank 1065.0 (+11.7) miss 70 km (9.5 s)
[07:37:34]     settle 28: 275 @   4876 d -> ok lin tank 991.7 (+3.0) miss 42 km (3.4 s)
[07:37:35]     settle 33:  45 @   5400 d -> ok lintwin tank 1024.2 (+10.9) miss 74 km (5.3 s)
[07:37:35]   regrid FAIL (2 fb: miss 1750815 km, None, 23.6 s) -> column dropped
[07:37:36] RESULT s09_c5: 16 columns; frontier 1fb 6 kg p0/0 | 2fb 30 kg p0/0 | 3fb 34 kg p0/0; settles 18 (18 ok), regrids 16 (16 ok); wall 159 s of 300 (plan 26, price 2, settle 132; budget hit None, 0 unsettled)
[07:37:37]   job s09_c5 craft columns  16  levels 3  settles 18/18  end plan_done  wall 158.9 s
[07:37:41]     settle 26:  13 @   5308 d -> ok lintwin tank 921.1 (+13.3) miss 70 km (6.3 s)
[07:37:42]     settle 30: 229 @   5276 d -> ok lintwin tank 1214.2 (+160.9) miss 3 km (8.7 s)
[07:37:46]     settle 29:  30 @   5386 d -> ok lam tank 1034.9 (+43.2) miss 7 km (11.4 s)
[07:37:47]     settle 11: 188 @   5131 d -> FAIL [('lam', 44923922.7)] (32.8 s)
[07:37:49]     settle 27:  98 @   5437 d -> ok lintwin tank 946.9 (+25.8) miss 2 km (7.4 s)
[07:37:50]     settle 30: 155 @   5191 d -> ok lintwin tank 1086.0 (+20.5) miss 7 km (7.1 s)
[07:37:54]     settle 28:  79 @   5071 d -> ok lam tank 1022.5 (+33.9) miss 6 km (6.6 s)
[07:37:58]     settle 26: 141 @   5314 d -> ok lintwin tank 976.6 (+36.1) miss 1 km (8.6 s)
[07:37:58]     settle 29: 243 @   5436 d -> ok lam tank 1044.0 (+21.5) miss 16 km (4.8 s)
[07:38:01] RESULT s09_c6: 15 columns; frontier 1fb 2 kg p0/0 | 2fb 26 kg p0/0; settles 18 (18 ok), regrids 15 (15 ok); wall 184 s of 300 (plan 24, price 2, settle 160; budget hit None, 0 unsettled)
[07:38:01]   job s09_c6 craft columns  15  levels 2  settles 18/18  end plan_done  wall 184.3 s
[07:38:06]     settle 27:  44 @   5473 d -> ok lintwin tank 974.4 (+-2.1) miss 84 km (7.5 s)
[07:38:08]     settle 31: 262 @   5316 d -> ok lintwin tank 1094.2 (+8.2) miss 1 km (8.6 s)
[07:38:18]     settle 27:  21 @   5177 d -> ok lam tank 1134.0 (+33.7) miss 0 km (11.2 s)
[07:38:18]     settle 11:  32 @   5013 d -> FAIL [('lam', 1117428.9)] (30.4 s)
[07:38:20]     settle 11: 186 @   5121 d -> ok lintwin tank 869.0 (+162.6) miss 96 km (2.0 s)
[07:38:25]     settle 30: 155 @   5188 d -> ok lintwin tank 1080.9 (+15.4) miss 2 km (7.6 s)
[07:38:25]     settle 32:  44 @   5477 d -> FAIL [('lin', 383.1), ('lam', 419585.5)] (54.1 s)
[07:38:27] RESULT s09_c3: 16 columns; frontier 1fb 6 kg p0/0 | 2fb 17 kg p0/0 | 3fb 21 kg p0/0 | 4fb 94 kg p0/0; settles 20 (18 ok), regrids 16 (16 ok); wall 210 s of 300 (plan 28, price 2, settle 182; budget hit None, 0 unsettled)
[07:38:28]   job s09_c3 craft columns  16  levels 4  settles 18/20  end plan_done  wall 210.2 s
[07:38:33]     settle 31: 229 @   5278 d -> ok lintwin tank 1073.2 (+-7.7) miss 76 km (8.4 s)
[07:38:43]   regrid FAIL (3 fb: miss 1904109 km, None, 24.7 s) -> column dropped
[07:38:43]     settle 31: 229 @   5281 d -> ok lintwin tank 1083.9 (+-2.1) miss 1 km (9.4 s)
[07:38:44]   1 candidates dropped (settle failure / regrid failure / duplicate after truncation)
[07:38:44] RESULT s09_c4: 15 columns; frontier 1fb 12 kg p0/0 | 2fb 34 kg p0/0 | 3fb 42 kg p0/0; settles 19 (17 ok), regrids 15 (15 ok); wall 227 s of 300 (plan 26, price 2, settle 201; budget hit None, 0 unsettled)
[07:38:46]   job s09_c4 craft columns  15  levels 3  settles 17/19  end plan_done  wall 227.0 s
[07:38:51]     settle 11:  34 @   5075 d -> FAIL [('lam', 1392568.3)] (29.9 s)
[07:38:56]     settle 28: 258 @   5467 d -> FAIL [('lam', 6781276.7)] (13.3 s)
[07:39:20]     settle 11: 119 @   5114 d -> FAIL [('lam', 4629172.0)] (29.0 s)
[07:39:35]     settle 28:  30 @   5411 d -> FAIL [('lam', 3511522.1), ('lin', 964730.2)] (39.1 s)
[07:39:44]     settle 26: 200 @   5254 d -> ok lintwin tank 987.0 (+31.8) miss 94 km (9.2 s)
[07:39:48]     settle 11:  13 @   5183 d -> FAIL [('lam', 36284168.9)] (28.2 s)
[07:39:48]   15 candidates dropped (settle failure / regrid failure / duplicate after truncation)
[07:39:48] RESULT s09_c7: 1 columns; frontier 1fb 163 kg p0/0; settles 18 (2 ok), regrids 2 (1 ok); wall 291 s of 300 (plan 25, price 1, settle 267; budget hit None, 0 unsettled)
[07:39:50]   job s09_c7 craft columns   1  levels 3  settles 2/18  end plan_done  wall 291.4 s
[07:39:51]     settle 27: 254 @   5324 d -> ok lintwin tank 1009.1 (+22.1) miss 66 km (6.9 s)
[07:40:01]     settle 28: 243 @   5419 d -> ok lam tank 1086.7 (+77.5) miss 4 km (9.7 s)
[07:40:01]   budget reached before the regrid of column 15: 1 candidates not emitted
[07:40:01]   4 candidates dropped (settle failure / regrid failure / duplicate after truncation)
[07:40:01] RESULT s09_c1: 11 columns; frontier 1fb -0 kg p0/0 | 2fb 32 kg p0/0 | 3fb 63 kg p0/0; settles 20 (18 ok), regrids 13 (11 ok); wall 305 s of 300 (plan 28, price 2, settle 277; budget hit job_wall, 1 unsettled)
[07:40:02]   job s09_c1 craft columns  11  levels 4  settles 18/20  end plan_done  wall 304.6 s
[07:40:02] [slice 9] propose: 106 columns (0 bad dropped) in 305.2 s
[07:40:02] [slice 9] auction: 106 columns, kept 79, dropped {'fuel': 27}; lam 1.00 H_eff 617 d fuel budget 551 kg quota OFF
[07:40:02] [slice 9] auction: status optimal objective 38.492 vars 79 rows 36 chosen 8 fuel 401/551 kg (0.007 s)
[07:40:04] [slice 9 T=4860 d] launched 8/8  covered 224  remaining 74  fuel 3189 kg  sumJi 10.9406  chosen: c0:2(+27) c1:3(+91) c2:3(+26) c3:2(+22) c4:1(+12) c5:3(+34) c6:2(+25) c7:1(+163)  rejected: -  (wall 307 s)
[07:40:04] stop: horizon at T=5477 d (slice 10)
[07:40:04] finalize: fleet/ 8 routes  covered 224  misses 74  fuel 3189 kg  sumJi 10.9406  J 86.9406  honest True
[07:40:04] g2_plan: slice 10 phase propose T=5477 d  launched 8/8  covered 224  remaining 74  fuel 3189 kg  sumJi 10.9406  done True (horizon)
