[10:08:21] new run p5_stagger: N 8 H 540.0 d L 360.0 d proposer planbeam commit regrid nproc 9 stop_T None max_launch 3 launch_stagger 60.0 d
[10:08:21] [slice 0 T=0 d] propose: 9 jobs (0 craft, 9 root) on 9 workers, proposer planbeam, H_eff 540 d, lam 1.0
[10:08:21] job s00_r0 (root, craft None, planbeam): T 0 d H 540 L 360; plan horizon 1620 d; remaining 298; prize >1 on 6; width 150 npt 6 mc 150 dv 1.2 drmax 0.15 plan_wall 240 s; quota {'fil': 12, 'med': 18}
[10:08:21] job s00_r3 (root, craft None, planbeam): T 0 d H 540 L 360; plan horizon 1620 d; remaining 298; prize >1 on 6; width 150 npt 6 mc 150 dv 1.2 drmax 0.15 plan_wall 240 s; quota {'fil': 12, 'med': 18}
[10:08:21] job s00_r5 (root, craft None, planbeam): T 0 d H 540 L 360; plan horizon 1620 d; remaining 298; prize >1 on 6; width 150 npt 6 mc 150 dv 1.2 drmax 0.15 plan_wall 240 s; quota {'fil': 12, 'med': 18}
[10:08:21] job s00_r4 (root, craft None, planbeam): T 0 d H 540 L 360; plan horizon 1620 d; remaining 298; prize >1 on 6; width 150 npt 6 mc 150 dv 1.2 drmax 0.15 plan_wall 240 s; quota {'fil': 12, 'med': 18}
[10:08:21] job s00_r1 (root, craft None, planbeam): T 0 d H 540 L 360; plan horizon 1620 d; remaining 298; prize >1 on 6; width 150 npt 6 mc 150 dv 1.2 drmax 0.15 plan_wall 240 s; quota {'fil': 12, 'med': 18}
[10:08:21] job s00_r8 (root, craft None, planbeam): T 0 d H 540 L 360; plan horizon 1620 d; remaining 298; prize >1 on 6; width 150 npt 6 mc 150 dv 1.2 drmax 0.15 plan_wall 240 s; quota {'fil': 12, 'med': 18}
[10:08:21] job s00_r7 (root, craft None, planbeam): T 0 d H 540 L 360; plan horizon 1620 d; remaining 298; prize >1 on 6; width 150 npt 6 mc 150 dv 1.2 drmax 0.15 plan_wall 240 s; quota {'fil': 12, 'med': 18}
[10:08:21] job s00_r6 (root, craft None, planbeam): T 0 d H 540 L 360; plan horizon 1620 d; remaining 298; prize >1 on 6; width 150 npt 6 mc 150 dv 1.2 drmax 0.15 plan_wall 240 s; quota {'fil': 12, 'med': 18}
[10:08:21] job s00_r2 (root, craft None, planbeam): T 0 d H 540 L 360; plan horizon 1620 d; remaining 298; prize >1 on 6; width 150 npt 6 mc 150 dv 1.2 drmax 0.15 plan_wall 240 s; quota {'fil': 12, 'med': 18}
[10:08:21] budget: job_wall 300 s, 300 s left before the plan -> plan cap 210 s (plan_wall 240, settle_reserve 90)
[10:08:21] budget: job_wall 300 s, 300 s left before the plan -> plan cap 210 s (plan_wall 240, settle_reserve 90)
[10:08:21] budget: job_wall 300 s, 300 s left before the plan -> plan cap 210 s (plan_wall 240, settle_reserve 90)
[10:08:21] budget: job_wall 300 s, 300 s left before the plan -> plan cap 210 s (plan_wall 240, settle_reserve 90)
[10:08:21] budget: job_wall 300 s, 300 s left before the plan -> plan cap 210 s (plan_wall 240, settle_reserve 90)
[10:08:21] budget: job_wall 300 s, 300 s left before the plan -> plan cap 210 s (plan_wall 240, settle_reserve 90)
[10:08:21] budget: job_wall 300 s, 300 s left before the plan -> plan cap 210 s (plan_wall 240, settle_reserve 90)
[10:08:21] budget: job_wall 300 s, 300 s left before the plan -> plan cap 210 s (plan_wall 240, settle_reserve 90)
[10:08:21] budget: job_wall 300 s, 300 s left before the plan -> plan cap 210 s (plan_wall 240, settle_reserve 90)
[10:08:23] plan start: 6 launch dates (490-540 d) -> 0 launch legs with first flyby <= T+H, 0 kept (cap min(roots_max 450, 3 x width) = 450; 1.7 s)
[10:08:23] plan: 0 states, depth 0 new flybys, end no_children (2 s)
[10:08:23] candidates: 0 distinct committed target sets (n_new -, potential -)
[10:08:23] frontier: 0 candidates chosen (n fb / committed planner kg / continuation (lookahead) [full]; pot_mode lookahead, pot_cap None): 
[10:08:23] budget: 298 s of 300 left for the settles + regrids (settle_wall 480)
[10:08:23] RESULT s00_r8: 0 columns; frontier ; settles 0 (0 ok), regrids 0 (0 ok); wall 2 s of 300 (plan 2, price 0, settle 0; budget hit None, 0 unsettled)
[10:08:23] plan start: 6 launch dates (70-120 d) -> 1681 launch legs with first flyby <= T+H, 192 kept (cap min(roots_max 450, 3 x width) = 450; 1.8 s)
[10:08:23] plan start: 6 launch dates (250-300 d) -> 726 launch legs with first flyby <= T+H, 116 kept (cap min(roots_max 450, 3 x width) = 450; 1.8 s)
[10:08:23] plan start: 6 launch dates (190-240 d) -> 1235 launch legs with first flyby <= T+H, 159 kept (cap min(roots_max 450, 3 x width) = 450; 1.9 s)
[10:08:23] plan start: 6 launch dates (130-180 d) -> 1340 launch legs with first flyby <= T+H, 185 kept (cap min(roots_max 450, 3 x width) = 450; 1.9 s)
[10:08:23] plan start: 6 launch dates (310-360 d) -> 276 launch legs with first flyby <= T+H, 62 kept (cap min(roots_max 450, 3 x width) = 450; 1.9 s)
[10:08:23] plan start: 6 launch dates (370-420 d) -> 160 launch legs with first flyby <= T+H, 27 kept (cap min(roots_max 450, 3 x width) = 450; 1.9 s)
[10:08:23] plan start: 6 launch dates (430-480 d) -> 36 launch legs with first flyby <= T+H, 5 kept (cap min(roots_max 450, 3 x width) = 450; 1.9 s)
[10:08:23]   job s00_r8 root  columns   0  levels 0  settles 0/0  end no_children  wall 1.8 s
[10:08:23] plan start: 7 launch dates (0-60 d) -> 2000 launch legs with first flyby <= T+H, 208 kept (cap min(roots_max 450, 3 x width) = 450; 2.1 s)
[10:09:15] plan: 1082 states, depth 11 new flybys, end plan_done (54 s); deepest 11 new to 1581 d at planner fuel 376 kg
[10:09:15]   depth  1:    5 states (5 in H), t_end 485-535 d, fuel 0-0 kg
[10:09:15]   depth  2:   58 states (0 in H), t_end 592-1085 d, fuel 7-58 kg
[10:09:15]   depth  3:  150 states (0 in H), t_end 768-1022 d, fuel 30-108 kg
[10:09:15]   depth  4:  150 states (0 in H), t_end 902-1095 d, fuel 48-159 kg
[10:09:15]   depth  5:  150 states (0 in H), t_end 1012-1197 d, fuel 79-199 kg
[10:09:15]   depth  6:  150 states (0 in H), t_end 1113-1326 d, fuel 97-240 kg
[10:09:15]   depth  7:  150 states (0 in H), t_end 1231-1428 d, fuel 147-285 kg
[10:09:15]   depth  8:  150 states (0 in H), t_end 1290-1541 d, fuel 186-321 kg
[10:09:15]   depth  9:  110 states (0 in H), t_end 1368-1618 d, fuel 221-362 kg
[10:09:15]   depth 10:    8 states (0 in H), t_end 1489-1619 d, fuel 306-389 kg
[10:09:15]   depth 11:    1 states (0 in H), t_end 1581-1581 d, fuel 376-376 kg
[10:09:15] candidates: 3 distinct committed target sets (n_new 1-1, potential 2-2)
[10:09:15] frontier: 3 candidates chosen (n fb / committed planner kg / continuation (lookahead) [full]; pot_mode lookahead, pot_cap None): 1fb/0kg/p2(2)[2], 1fb/0kg/p2(2)[2], 1fb/0kg/p2(2)[2]
[10:09:15] budget: 246 s of 300 left for the settles + regrids (settle_wall 480)
[10:09:15] RESULT s00_r7: 3 columns; frontier 1fb 0 kg p2/2; settles 3 (3 ok), regrids 3 (3 ok); wall 54 s of 300 (plan 54, price 0, settle 0; budget hit None, 0 unsettled)
[10:09:17]   job s00_r7 root  columns   3  levels 11  settles 3/3  end plan_done  wall 54.2 s
[10:09:26] plan: 1309 states, depth 10 new flybys, end plan_done (65 s); deepest 10 new to 1538 d at planner fuel 184 kg
[10:09:26]   depth  1:   27 states (27 in H), t_end 440-540 d, fuel 0-0 kg
[10:09:26]   depth  2:  150 states (0 in H), t_end 615-825 d, fuel 5-54 kg
[10:09:26]   depth  3:  150 states (0 in H), t_end 719-916 d, fuel 18-107 kg
[10:09:26]   depth  4:  150 states (0 in H), t_end 826-1007 d, fuel 32-141 kg
[10:09:26]   depth  5:  150 states (0 in H), t_end 938-1124 d, fuel 51-180 kg
[10:09:26]   depth  6:  150 states (0 in H), t_end 1058-1437 d, fuel 69-222 kg
[10:09:26]   depth  7:  150 states (0 in H), t_end 1162-1472 d, fuel 86-249 kg
[10:09:26]   depth  8:  150 states (0 in H), t_end 1280-1510 d, fuel 104-295 kg
[10:09:26]   depth  9:  150 states (0 in H), t_end 1366-1596 d, fuel 130-325 kg
[10:09:26]   depth 10:   82 states (0 in H), t_end 1488-1619 d, fuel 184-350 kg
[10:09:26] candidates: 9 distinct committed target sets (n_new 1-1, potential 2-3)
[10:09:26] frontier: 9 candidates chosen (n fb / committed planner kg / continuation (lookahead) [full]; pot_mode lookahead, pot_cap None): 1fb/0kg/p3(3)[3], 1fb/0kg/p3(3)[3], 1fb/0kg/p3(3)[3], 1fb/0kg/p3(3)[3], 1fb/0kg/p2(2)[2], 1fb/0kg/p2(2)[2], 1fb/0kg/p2(2)[2], 1fb/0kg/p2(2)[2], 1fb/0kg/p2(2)[2]
[10:09:26] budget: 235 s of 300 left for the settles + regrids (settle_wall 480)
[10:09:27] RESULT s00_r6: 9 columns; frontier 1fb 0 kg p3/3; settles 9 (9 ok), regrids 9 (9 ok); wall 66 s of 300 (plan 65, price 0, settle 0; budget hit None, 0 unsettled)
[10:09:27]   job s00_r6 root  columns   9  levels 10  settles 9/9  end plan_done  wall 65.8 s
[10:09:32] plan: 1468 states, depth 12 new flybys, end plan_done (71 s); deepest 12 new to 1614 d at planner fuel 349 kg
[10:09:32]   depth  1:   62 states (62 in H), t_end 350-540 d, fuel 0-0 kg
[10:09:32]   depth  2:  150 states (4 in H), t_end 530-746 d, fuel 3-56 kg
[10:09:32]   depth  3:  150 states (0 in H), t_end 620-855 d, fuel 17-107 kg
[10:09:32]   depth  4:  150 states (0 in H), t_end 778-948 d, fuel 34-155 kg
[10:09:32]   depth  5:  150 states (0 in H), t_end 858-1093 d, fuel 65-187 kg
[10:09:32]   depth  6:  150 states (0 in H), t_end 921-1438 d, fuel 109-228 kg
[10:09:32]   depth  7:  150 states (0 in H), t_end 1059-1600 d, fuel 126-261 kg
[10:09:32]   depth  8:  150 states (0 in H), t_end 1169-1620 d, fuel 172-290 kg
[10:09:32]   depth  9:  150 states (0 in H), t_end 1243-1619 d, fuel 188-327 kg
[10:09:32]   depth 10:  150 states (0 in H), t_end 1398-1620 d, fuel 205-344 kg
[10:09:32]   depth 11:   55 states (0 in H), t_end 1527-1619 d, fuel 256-371 kg
[10:09:32]   depth 12:    1 states (0 in H), t_end 1614-1614 d, fuel 349-349 kg
[10:09:32] candidates: 26 distinct committed target sets (n_new 1-2, potential 1-4)
[10:09:32] frontier: 16 candidates chosen (n fb / committed planner kg / continuation (lookahead) [full]; pot_mode lookahead, pot_cap None): 1fb/0kg/p4(4)[4], 1fb/0kg/p3(2)[3], 1fb/0kg/p3(3)[3], 1fb/0kg/p3(3)[3], 1fb/0kg/p3(3)[3], 1fb/0kg/p3(3)[3], 1fb/0kg/p3(3)[3], 1fb/0kg/p3(3)[3], 1fb/0kg/p3(3)[3], 1fb/0kg/p3(3)[3], 1fb/0kg/p3(3)[3], 1fb/0kg/p3(3)[3], 1fb/0kg/p3(3)[3], 2fb/35kg/p2(2)[2], 2fb/49kg/p2(2)[2], 2fb/55kg/p1(1)[1]
[10:09:32] budget: 229 s of 300 left for the settles + regrids (settle_wall 480)
[10:09:33]     settle  2:  93 @    531 d -> ok lintwin tank 606.4 (+4.9) miss 51 km (0.2 s)
[10:09:33]     settle  2: 276 @    540 d -> ok lintwin tank 605.8 (+4.3) miss 0 km (0.1 s)
[10:09:33]   drift: leg 276@540 d settled outside (T, T+H] -> column cut at 1
[10:09:33]     settle  2:  93 @    534 d -> ok lintwin tank 617.9 (+16.4) miss 77 km (0.1 s)
[10:09:33]   1 candidates dropped (settle failure / regrid failure / duplicate after truncation)
[10:09:33] RESULT s00_r5: 15 columns; frontier 1fb 0 kg p4/4 | 2fb 5 kg p2/2; settles 17 (17 ok), regrids 15 (15 ok); wall 72 s of 300 (plan 71, price 0, settle 1; budget hit None, 0 unsettled)
[10:09:35]   job s00_r5 root  columns  15  levels 12  settles 17/17  end plan_done  wall 72.4 s
[10:09:37] plan: 1550 states, depth 12 new flybys, end plan_done (76 s); deepest 12 new to 1589 d at planner fuel 405 kg
[10:09:37]   depth  1:  116 states (116 in H), t_end 295-540 d, fuel 0-0 kg
[10:09:37]   depth  2:  150 states (44 in H), t_end 460-618 d, fuel 5-54 kg
[10:09:37]   depth  3:  150 states (2 in H), t_end 538-760 d, fuel 11-103 kg
[10:09:37]   depth  4:  150 states (0 in H), t_end 709-856 d, fuel 25-141 kg
[10:09:37]   depth  5:  150 states (0 in H), t_end 796-975 d, fuel 66-174 kg
[10:09:37]   depth  6:  150 states (0 in H), t_end 904-1101 d, fuel 82-213 kg
[10:09:37]   depth  7:  150 states (0 in H), t_end 1007-1442 d, fuel 96-256 kg
[10:09:37]   depth  8:  150 states (0 in H), t_end 1110-1600 d, fuel 139-298 kg
[10:09:37]   depth  9:  150 states (0 in H), t_end 1247-1610 d, fuel 185-314 kg
[10:09:37]   depth 10:  150 states (0 in H), t_end 1317-1572 d, fuel 214-357 kg
[10:09:37]   depth 11:   82 states (0 in H), t_end 1486-1619 d, fuel 269-396 kg
[10:09:37]   depth 12:    2 states (0 in H), t_end 1589-1603 d, fuel 405-432 kg
[10:09:37] candidates: 67 distinct committed target sets (n_new 1-3, potential 0-3)
[10:09:37] frontier: 16 candidates chosen (n fb / committed planner kg / continuation (lookahead) [full]; pot_mode lookahead, pot_cap None): 1fb/0kg/p4(3)[4], 1fb/0kg/p4(3)[4], 1fb/0kg/p4(2)[4], 1fb/0kg/p4(2)[4], 1fb/0kg/p3(2)[3], 1fb/0kg/p3(3)[3], 1fb/0kg/p3(2)[3], 1fb/0kg/p3(3)[3], 1fb/0kg/p3(3)[3], 2fb/5kg/p2(2)[2], 2fb/16kg/p0(0)[0], 2fb/18kg/p3(3)[3], 2fb/21kg/p3(3)[3], 2fb/41kg/p3(3)[3], 3fb/54kg/p2(2)[2], 3fb/63kg/p2(2)[2]
[10:09:37] budget: 224 s of 300 left for the settles + regrids (settle_wall 480)
[10:09:38]     settle  2:  93 @    518 d -> ok lintwin tank 603.4 (+1.9) miss 0 km (0.2 s)
[10:09:38]     settle  2: 276 @    540 d -> ok lintwin tank 602.5 (+1.0) miss 1 km (0.1 s)
[10:09:38]   drift: leg 276@540 d settled outside (T, T+H] -> column cut at 1
[10:09:38]     settle  2: 244 @    525 d -> ok lintwin tank 604.5 (+3.0) miss 0 km (0.1 s)
[10:09:38]     settle  2: 117 @    460 d -> ok lintwin tank 606.0 (+4.5) miss 0 km (0.1 s)
[10:09:39]     settle  2:  37 @    535 d -> ok lintwin tank 604.9 (+3.4) miss 0 km (0.2 s)
[10:09:39]     settle  2:   8 @    492 d -> ok lintwin tank 605.9 (+4.4) miss 56 km (0.1 s)
[10:09:39]     settle  3: 276 @    538 d -> ok lintwin tank 612.8 (+6.9) miss 69 km (0.1 s)
[10:09:39]     settle  2:   8 @    490 d -> ok lintwin tank 604.7 (+3.2) miss 0 km (0.1 s)
[10:09:39]     settle  3: 276 @    539 d -> ok lintwin tank 613.5 (+8.8) miss 1 km (0.2 s)
[10:09:39]   1 candidates dropped (settle failure / regrid failure / duplicate after truncation)
[10:09:39] RESULT s00_r4: 15 columns; frontier 1fb 0 kg p3/3 | 2fb 2 kg p2/3 | 3fb 11 kg p2/2; settles 19 (19 ok), regrids 15 (15 ok); wall 78 s of 300 (plan 76, price 0, settle 2; budget hit None, 0 unsettled)
[10:09:39] plan: 1569 states, depth 11 new flybys, end plan_done (78 s); deepest 11 new to 1583 d at planner fuel 271 kg
[10:09:39]   depth  1:  208 states (208 in H), t_end 70-460 d, fuel 0-0 kg
[10:09:39]   depth  2:  150 states (147 in H), t_end 182-945 d, fuel 1-59 kg
[10:09:39]   depth  3:  150 states (92 in H), t_end 293-1110 d, fuel 18-106 kg
[10:09:39]   depth  4:  150 states (4 in H), t_end 413-1107 d, fuel 70-150 kg
[10:09:39]   depth  5:  150 states (0 in H), t_end 777-1443 d, fuel 108-188 kg
[10:09:39]   depth  6:  150 states (0 in H), t_end 840-1446 d, fuel 112-227 kg
[10:09:39]   depth  7:  150 states (0 in H), t_end 1063-1498 d, fuel 134-243 kg
[10:09:39]   depth  8:  150 states (0 in H), t_end 1198-1495 d, fuel 165-281 kg
[10:09:39]   depth  9:  150 states (0 in H), t_end 1279-1541 d, fuel 207-317 kg
[10:09:39]   depth 10:  148 states (0 in H), t_end 1381-1620 d, fuel 229-356 kg
[10:09:39]   depth 11:   13 states (0 in H), t_end 1564-1620 d, fuel 271-353 kg
[10:09:39] candidates: 189 distinct committed target sets (n_new 1-4, potential 0-3)
[10:09:39] frontier: 16 candidates chosen (n fb / committed planner kg / continuation (lookahead) [full]; pot_mode lookahead, pot_cap None): 1fb/0kg/p5(3)[5], 1fb/0kg/p3(2)[3], 1fb/0kg/p3(0)[3], 1fb/0kg/p2(0)[2], 1fb/0kg/p2(0)[2], 1fb/0kg/p2(0)[2], 1fb/0kg/p2(0)[2], 2fb/1kg/p0(0)[0], 2fb/6kg/p1(0)[1], 2fb/46kg/p4(3)[4], 3fb/18kg/p0(0)[0], 3fb/27kg/p0(0)[0], 3fb/78kg/p3(3)[3], 4fb/73kg/p0(0)[0], 4fb/101kg/p2(2)[2], 4fb/106kg/p1(1)[1]
[10:09:39] budget: 222 s of 300 left for the settles + regrids (settle_wall 480)
[10:09:40]     settle  2: 279 @    356 d -> ok lintwin tank 601.5 (+0.0) miss 0 km (0.1 s)
[10:09:40]     settle  2: 127 @    341 d -> ok lintwin tank 601.7 (+0.2) miss 1 km (0.1 s)
[10:09:40]     settle  2:  67 @    195 d -> ok lintwin tank 615.6 (+14.1) miss 2 km (0.1 s)
[10:09:41]     settle  2:  67 @    330 d -> ok lintwin tank 603.0 (+1.5) miss 0 km (0.2 s)
[10:09:41]     settle  3: 185 @    442 d -> ok lintwin tank 605.1 (+2.1) miss 0 km (0.1 s)
[10:09:41]     settle  2: 272 @    300 d -> ok lintwin tank 606.4 (+4.9) miss 0 km (0.1 s)
[10:09:41]     settle  3: 185 @    440 d -> ok lintwin tank 606.7 (+0.4) miss 0 km (0.1 s)
[10:09:41]   job s00_r4 root  columns  15  levels 12  settles 19/19  end plan_done  wall 78.4 s
[10:09:41]     settle  3: 139 @    369 d -> ok lintwin tank 627.6 (+12.0) miss 3 km (0.2 s)
[10:09:42]     settle  2: 284 @    235 d -> ok lintwin tank 612.1 (+10.6) miss 57 km (0.1 s)
[10:09:42]     settle  3: 226 @    334 d -> ok lintwin tank 623.8 (+11.7) miss 1 km (0.2 s)
[10:09:42]     settle  4: 293 @    413 d -> ok lintwin tank 625.0 (+1.2) miss 0 km (0.1 s)
[10:09:42]     settle  4: 230 @    455 d -> ok lintwin tank 632.9 (+5.3) miss 1 km (0.1 s)
[10:09:42] plan: 1680 states, depth 12 new flybys, end plan_done (81 s); deepest 12 new to 1492 d at planner fuel 318 kg
[10:09:42]   depth  1:  159 states (159 in H), t_end 275-540 d, fuel 0-0 kg
[10:09:42]   depth  2:  150 states (147 in H), t_end 405-548 d, fuel 2-61 kg
[10:09:42]   depth  3:  150 states (16 in H), t_end 478-695 d, fuel 17-111 kg
[10:09:42]   depth  4:  150 states (0 in H), t_end 598-832 d, fuel 36-158 kg
[10:09:42]   depth  5:  150 states (0 in H), t_end 770-924 d, fuel 63-203 kg
[10:09:42]   depth  6:  150 states (0 in H), t_end 858-1442 d, fuel 81-245 kg
[10:09:42]   depth  7:  150 states (0 in H), t_end 974-1597 d, fuel 162-289 kg
[10:09:42]   depth  8:  150 states (0 in H), t_end 1086-1606 d, fuel 178-329 kg
[10:09:42]   depth  9:  150 states (0 in H), t_end 1238-1386 d, fuel 210-360 kg
[10:09:42]   depth 10:  150 states (0 in H), t_end 1332-1491 d, fuel 222-394 kg
[10:09:42]   depth 11:  150 states (0 in H), t_end 1424-1609 d, fuel 257-416 kg
[10:09:42]   depth 12:   21 states (0 in H), t_end 1492-1618 d, fuel 318-431 kg
[10:09:42] candidates: 129 distinct committed target sets (n_new 1-3, potential 0-4)
[10:09:42] frontier: 16 candidates chosen (n fb / committed planner kg / continuation (lookahead) [full]; pot_mode lookahead, pot_cap None): 1fb/0kg/p5(4)[5], 1fb/0kg/p5(3)[5], 1fb/0kg/p5(4)[5], 1fb/0kg/p4(3)[4], 1fb/0kg/p4(3)[4], 1fb/0kg/p4(3)[4], 1fb/0kg/p4(3)[4], 1fb/0kg/p4(2)[4], 1fb/0kg/p4(3)[4], 1fb/0kg/p4(3)[4], 2fb/2kg/p1(1)[1], 2fb/10kg/p3(2)[3], 2fb/33kg/p4(4)[4], 3fb/34kg/p1(1)[1], 3fb/47kg/p2(2)[2], 3fb/103kg/p3(3)[3]
[10:09:42] budget: 219 s of 300 left for the settles + regrids (settle_wall 480)
[10:09:42]     settle  4:  83 @    503 d -> ok lintwin tank 636.6 (+9.0) miss 2 km (0.2 s)
[10:09:42] RESULT s00_r0: 16 columns; frontier 1fb 0 kg p3/3 | 2fb 0 kg p0/3 | 3fb 4 kg p0/3 | 4fb 24 kg p0/2; settles 23 (23 ok), regrids 16 (16 ok); wall 81 s of 300 (plan 78, price 0, settle 3; budget hit None, 0 unsettled)
[10:09:43]     settle  2: 162 @    480 d -> ok lintwin tank 602.0 (+0.5) miss 0 km (0.3 s)
[10:09:43]   job s00_r0 root  columns  16  levels 11  settles 23/23  end plan_done  wall 81.4 s
[10:09:43]     settle  2: 293 @    409 d -> ok lintwin tank 608.6 (+7.1) miss 2 km (0.3 s)
[10:09:43]     settle  2:  94 @    465 d -> ok lintwin tank 607.5 (+6.0) miss 0 km (0.1 s)
[10:09:43]     settle  2: 117 @    465 d -> ok lintwin tank 605.4 (+3.9) miss 0 km (0.1 s)
[10:09:44]     settle  3: 299 @    537 d -> ok lintwin tank 617.7 (+12.3) miss 12 km (0.1 s)
[10:09:44]     settle  2:  19 @    418 d -> ok lintwin tank 601.7 (+0.2) miss 0 km (0.1 s)
[10:09:44]     settle  3: 150 @    510 d -> ok lintwin tank 607.5 (+5.8) miss 0 km (0.1 s)
[10:09:44]     settle  2:  19 @    415 d -> ok lintwin tank 601.7 (+0.2) miss 1 km (0.1 s)
[10:09:44]     settle  3: 162 @    478 d -> ok lintwin tank 612.5 (+10.9) miss 3 km (0.1 s)
[10:09:44] plan: 1720 states, depth 12 new flybys, end plan_done (83 s); deepest 12 new to 1600 d at planner fuel 276 kg
[10:09:44]   depth  1:  185 states (185 in H), t_end 175-540 d, fuel 0-0 kg
[10:09:44]   depth  2:  150 states (150 in H), t_end 334-536 d, fuel 2-59 kg
[10:09:44]   depth  3:  150 states (26 in H), t_end 444-651 d, fuel 22-105 kg
[10:09:44]   depth  4:  150 states (0 in H), t_end 594-762 d, fuel 35-154 kg
[10:09:44]   depth  5:  150 states (0 in H), t_end 672-894 d, fuel 66-193 kg
[10:09:44]   depth  6:  150 states (0 in H), t_end 814-1004 d, fuel 94-238 kg
[10:09:44]   depth  7:  150 states (0 in H), t_end 882-1444 d, fuel 127-289 kg
[10:09:44]   depth  8:  150 states (0 in H), t_end 1019-1592 d, fuel 157-323 kg
[10:09:44]   depth  9:  150 states (0 in H), t_end 1127-1600 d, fuel 177-366 kg
[10:09:44]   depth 10:  150 states (0 in H), t_end 1271-1603 d, fuel 205-401 kg
[10:09:44]   depth 11:  150 states (0 in H), t_end 1395-1608 d, fuel 214-415 kg
[10:09:44]   depth 12:   35 states (0 in H), t_end 1499-1616 d, fuel 276-440 kg
[10:09:44] RESULT s00_r3: 16 columns; frontier 1fb 0 kg p4/4 | 2fb 0 kg p1/4 | 3fb 6 kg p2/3; settles 21 (21 ok), regrids 16 (16 ok); wall 83 s of 300 (plan 81, price 0, settle 2; budget hit None, 0 unsettled)
[10:09:44] candidates: 142 distinct committed target sets (n_new 1-3, potential 0-5)
[10:09:44] frontier: 16 candidates chosen (n fb / committed planner kg / continuation (lookahead) [full]; pot_mode lookahead, pot_cap None): 1fb/0kg/p6(5)[6], 1fb/0kg/p5(3)[5], 1fb/0kg/p5(3)[5], 1fb/0kg/p5(3)[5], 1fb/0kg/p5(4)[5], 1fb/0kg/p5(3)[5], 1fb/0kg/p5(3)[5], 1fb/0kg/p5(4)[5], 1fb/0kg/p4(3)[4], 1fb/0kg/p4(3)[4], 2fb/2kg/p0(0)[0], 2fb/4kg/p0(0)[0], 2fb/18kg/p5(5)[5], 3fb/29kg/p3(3)[3], 3fb/36kg/p0(0)[0], 3fb/38kg/p2(2)[2]
[10:09:44] budget: 217 s of 300 left for the settles + regrids (settle_wall 480)
[10:09:45]   job s00_r3 root  columns  16  levels 12  settles 21/21  end plan_done  wall 83.2 s
[10:09:45]     settle  2:  42 @    484 d -> ok lintwin tank 602.0 (+0.5) miss 0 km (0.5 s)
[10:09:46]     settle  2:  42 @    490 d -> ok lintwin tank 602.1 (+0.6) miss 7 km (0.7 s)
[10:09:46]     settle  2:  29 @    469 d -> ok lintwin tank 601.5 (+0.0) miss 0 km (0.1 s)
[10:09:47]     settle  2: 230 @    443 d -> ok lintwin tank 603.9 (+2.4) miss 0 km (0.3 s)
[10:09:47]     settle  3: 281 @    538 d -> ok lintwin tank 604.9 (+1.0) miss 0 km (0.3 s)
[10:09:47]     settle  2: 294 @    334 d -> ok lintwin tank 613.9 (+12.4) miss 76 km (0.3 s)
[10:09:48]     settle  3:  37 @    537 d -> ok lam tank 625.7 (+11.8) miss 92 km (1.1 s)
[10:09:49]   regrid FAIL (3 fb: miss 4005 km, None, 0.7 s) -> column dropped
[10:09:49]     settle  2:   5 @    340 d -> ok lintwin tank 602.8 (+1.3) miss 0 km (0.1 s)
[10:09:49]     settle  3:  60 @    460 d -> ok lintwin tank 613.0 (+10.2) miss 5 km (0.1 s)
[10:09:49]   1 candidates dropped (settle failure / regrid failure / duplicate after truncation)
[10:09:49] RESULT s00_r2: 15 columns; frontier 1fb 0 kg p5/5 | 2fb 0 kg p5/5 | 3fb 3 kg p3/3; settles 21 (21 ok), regrids 16 (15 ok); wall 88 s of 300 (plan 83, price 0, settle 5; budget hit None, 0 unsettled)
[10:09:51]   job s00_r2 root  columns  15  levels 12  settles 21/21  end plan_done  wall 88.4 s
[10:09:59] plan: 1963 states, depth 14 new flybys, end plan_done (98 s); deepest 14 new to 1600 d at planner fuel 447 kg
[10:09:59]   depth  1:  192 states (192 in H), t_end 95-510 d, fuel 0-0 kg
[10:09:59]   depth  2:  150 states (150 in H), t_end 190-461 d, fuel 6-59 kg
[10:09:59]   depth  3:  150 states (128 in H), t_end 314-588 d, fuel 31-106 kg
[10:09:59]   depth  4:  150 states (16 in H), t_end 460-660 d, fuel 53-154 kg
[10:09:59]   depth  5:  150 states (0 in H), t_end 548-762 d, fuel 64-206 kg
[10:09:59]   depth  6:  150 states (0 in H), t_end 620-889 d, fuel 109-252 kg
[10:09:59]   depth  7:  150 states (0 in H), t_end 709-967 d, fuel 144-296 kg
[10:09:59]   depth  8:  150 states (0 in H), t_end 834-1440 d, fuel 175-338 kg
[10:09:59]   depth  9:  150 states (0 in H), t_end 944-1440 d, fuel 199-382 kg
[10:09:59]   depth 10:  150 states (0 in H), t_end 1009-1600 d, fuel 206-400 kg
[10:09:59]   depth 11:  150 states (0 in H), t_end 1194-1605 d, fuel 234-437 kg
[10:09:59]   depth 12:  150 states (0 in H), t_end 1291-1609 d, fuel 250-468 kg
[10:09:59]   depth 13:  114 states (0 in H), t_end 1441-1620 d, fuel 300-505 kg
[10:09:59]   depth 14:    7 states (0 in H), t_end 1538-1616 d, fuel 447-511 kg
[10:09:59] candidates: 213 distinct committed target sets (n_new 1-4, potential 0-5)
[10:09:59] frontier: 16 candidates chosen (n fb / committed planner kg / continuation (lookahead) [full]; pot_mode lookahead, pot_cap None): 1fb/0kg/p7(4)[7], 1fb/0kg/p7(5)[7], 1fb/0kg/p6(4)[6], 1fb/0kg/p6(3)[6], 1fb/0kg/p5(3)[5], 1fb/0kg/p5(3)[5], 2fb/6kg/p1(0)[1], 2fb/6kg/p0(0)[0], 2fb/53kg/p6(5)[6], 2fb/54kg/p6(4)[6], 3fb/34kg/p0(0)[0], 3fb/43kg/p0(0)[0], 3fb/62kg/p5(5)[5], 4fb/94kg/p2(2)[2], 4fb/96kg/p2(2)[2], 4fb/152kg/p4(4)[4]
[10:09:59] budget: 202 s of 300 left for the settles + regrids (settle_wall 480)
[10:09:59]     settle  2:  19 @    420 d -> ok lintwin tank 601.9 (+0.4) miss 0 km (0.5 s)
[10:10:00]     settle  2:  32 @    442 d -> ok lintwin tank 603.1 (+1.6) miss 48 km (0.4 s)
[10:10:00]     settle  2: 297 @    311 d -> ok lintwin tank 619.4 (+17.9) miss 18 km (0.1 s)
[10:10:00]     settle  2: 162 @    200 d -> ok lintwin tank 609.6 (+8.1) miss 1 km (0.1 s)
[10:10:01]     settle  3:  81 @    504 d -> ok lintwin tank 603.0 (+1.1) miss 90 km (0.3 s)
[10:10:01]     settle  2:   5 @    342 d -> ok lintwin tank 606.4 (+4.9) miss 52 km (0.1 s)
[10:10:01]     settle  3:  32 @    443 d -> ok lintwin tank 612.9 (+6.5) miss 0 km (0.1 s)
[10:10:01]     settle  3:  61 @    405 d -> ok lintwin tank 619.7 (+0.3) miss 1 km (0.1 s)
[10:10:01]     settle  2: 279 @    285 d -> ok lintwin tank 601.9 (+0.4) miss 92 km (0.1 s)
[10:10:01]     settle  3:  11 @    383 d -> ok lintwin tank 619.5 (+17.6) miss 20 km (0.2 s)
[10:10:02]     settle  4:  60 @    480 d -> ok lintwin tank 630.8 (+11.3) miss 3 km (0.2 s)
[10:10:03]     settle  3: 291 @    378 d -> ok lam tank 629.0 (+9.6) miss 76 km (0.9 s)
[10:10:04]     settle  4: 165 @    514 d -> ok lam tank 631.3 (+2.3) miss 57 km (1.1 s)
[10:10:04]   regrid FAIL (4 fb: miss 353761 km, None, 0.7 s) -> column dropped
[10:10:05]     settle  3: 128 @    356 d -> ok lintwin tank 631.8 (+22.1) miss 74 km (0.3 s)
[10:10:05]     settle  4:  28 @    465 d -> ok lintwin tank 651.2 (+19.5) miss 66 km (0.4 s)
[10:10:05]   1 candidates dropped (settle failure / regrid failure / duplicate after truncation)
[10:10:05] RESULT s00_r1: 15 columns; frontier 1fb 0 kg p4/5 | 2fb 0 kg p0/5 | 3fb 2 kg p0/5 | 4fb 29 kg p2/4; settles 23 (23 ok), regrids 16 (15 ok); wall 104 s of 300 (plan 98, price 0, settle 6; budget hit None, 0 unsettled)
[10:10:05]   job s00_r1 root  columns  15  levels 14  settles 23/23  end plan_done  wall 104.2 s
[10:10:05] [slice 0] propose: 104 columns (0 bad dropped) in 104.2 s
[10:10:05] [slice 0] auction: 104 columns, kept 104, dropped {}; lam 1.00 H_eff 540 d fuel budget 482 kg quota on launch cap 3 of 8 unlaunched (max_launch 3, used 0) stagger 60.0 d
[10:10:05] [slice 0] auction: status optimal objective 12.887 vars 104 rows 42 chosen 3 fuel 71/482 kg (0.013 s)
[10:10:07] [slice 0 T=0 d] launched 3/8  covered 10  remaining 288  fuel 76 kg  sumJi 3.0557  chosen: r->c0:4(+50) r->c1:3(+18) r->c2:3(+3)  rejected: -  (wall 106 s)
[10:10:07] [slice 1 T=540 d] propose: 9 jobs (3 craft, 6 root) on 9 workers, proposer planbeam, H_eff 540 d, lam 1.0
[10:10:07] job s01_c0 (craft, craft 0, planbeam): T 540 d H 540 L 360; plan horizon 2160 d; remaining 288; prize >1 on 19; width 150 npt 6 mc 150 dv 1.2 drmax 0.15 plan_wall 240 s; quota {'fil': 10, 'med': 17}
[10:10:07] job s01_c2 (craft, craft 2, planbeam): T 540 d H 540 L 360; plan horizon 2160 d; remaining 288; prize >1 on 19; width 150 npt 6 mc 150 dv 1.2 drmax 0.15 plan_wall 240 s; quota {'fil': 10, 'med': 17}
[10:10:07] job s01_c1 (craft, craft 1, planbeam): T 540 d H 540 L 360; plan horizon 2160 d; remaining 288; prize >1 on 19; width 150 npt 6 mc 150 dv 1.2 drmax 0.15 plan_wall 240 s; quota {'fil': 10, 'med': 18}
[10:10:07] job s01_r2 (root, craft None, planbeam): T 540 d H 540 L 360; plan horizon 2160 d; remaining 288; prize >1 on 19; width 150 npt 6 mc 150 dv 1.2 drmax 0.15 plan_wall 240 s; quota {'fil': 12, 'med': 18}
[10:10:07] job s01_r0 (root, craft None, planbeam): T 540 d H 540 L 360; plan horizon 2160 d; remaining 288; prize >1 on 19; width 150 npt 6 mc 150 dv 1.2 drmax 0.15 plan_wall 240 s; quota {'fil': 12, 'med': 18}
[10:10:07] budget: job_wall 300 s, 300 s left before the plan -> plan cap 210 s (plan_wall 240, settle_reserve 90)
[10:10:07] job s01_r1 (root, craft None, planbeam): T 540 d H 540 L 360; plan horizon 2160 d; remaining 288; prize >1 on 19; width 150 npt 6 mc 150 dv 1.2 drmax 0.15 plan_wall 240 s; quota {'fil': 12, 'med': 18}
[10:10:07] job s01_r3 (root, craft None, planbeam): T 540 d H 540 L 360; plan horizon 2160 d; remaining 288; prize >1 on 19; width 150 npt 6 mc 150 dv 1.2 drmax 0.15 plan_wall 240 s; quota {'fil': 12, 'med': 18}
[10:10:07] job s01_r5 (root, craft None, planbeam): T 540 d H 540 L 360; plan horizon 2160 d; remaining 288; prize >1 on 19; width 150 npt 6 mc 150 dv 1.2 drmax 0.15 plan_wall 240 s; quota {'fil': 12, 'med': 18}
[10:10:07] budget: job_wall 300 s, 300 s left before the plan -> plan cap 210 s (plan_wall 240, settle_reserve 90)
[10:10:07] job s01_r4 (root, craft None, planbeam): T 540 d H 540 L 360; plan horizon 2160 d; remaining 288; prize >1 on 19; width 150 npt 6 mc 150 dv 1.2 drmax 0.15 plan_wall 240 s; quota {'fil': 12, 'med': 18}
[10:10:07] budget: job_wall 300 s, 300 s left before the plan -> plan cap 210 s (plan_wall 240, settle_reserve 90)
[10:10:07] budget: job_wall 300 s, 300 s left before the plan -> plan cap 210 s (plan_wall 240, settle_reserve 90)
[10:10:07] budget: job_wall 300 s, 300 s left before the plan -> plan cap 210 s (plan_wall 240, settle_reserve 90)
[10:10:07] budget: job_wall 300 s, 300 s left before the plan -> plan cap 210 s (plan_wall 240, settle_reserve 90)
[10:10:07] prefix slices/s01/in/craft_0.npz: 4 flybys, t_end 469.6 d, tank 651.2 kg (planner view), miss 42.7 km, nreg 22
[10:10:07] budget: job_wall 300 s, 300 s left before the plan -> plan cap 210 s (plan_wall 240, settle_reserve 90)
[10:10:07] prefix slices/s01/in/craft_1.npz: 3 flybys, t_end 405.8 d, tank 619.7 kg (planner view), miss 1.1 km, nreg 19
[10:10:07] budget: job_wall 300 s, 300 s left before the plan -> plan cap 210 s (plan_wall 240, settle_reserve 90)
[10:10:07] prefix slices/s01/in/craft_2.npz: 3 flybys, t_end 537.1 d, tank 604.9 kg (planner view), miss 0.0 km, nreg 23
[10:10:07] budget: job_wall 300 s, 300 s left before the plan -> plan cap 210 s (plan_wall 240, settle_reserve 90)
[10:10:10] plan start: 9 launch dates (910-990 d) -> 370 launch legs with first flyby <= T+H, 36 kept (cap min(roots_max 450, 3 x width) = 450; 2.8 s)
[10:10:10] plan start: 9 launch dates (640-720 d) -> 2387 launch legs with first flyby <= T+H, 225 kept (cap min(roots_max 450, 3 x width) = 450; 2.9 s)
[10:10:10] plan start: 9 launch dates (820-900 d) -> 888 launch legs with first flyby <= T+H, 86 kept (cap min(roots_max 450, 3 x width) = 450; 2.9 s)
[10:10:10] plan start: 9 launch dates (1000-1080 d) -> 46 launch legs with first flyby <= T+H, 6 kept (cap min(roots_max 450, 3 x width) = 450; 2.9 s)
[10:10:10] plan start: 9 launch dates (730-810 d) -> 1694 launch legs with first flyby <= T+H, 158 kept (cap min(roots_max 450, 3 x width) = 450; 2.9 s)
[10:10:10] plan start: 9 launch dates (550-630 d) -> 2340 launch legs with first flyby <= T+H, 229 kept (cap min(roots_max 450, 3 x width) = 450; 2.9 s)
[10:10:12] first level (both): 0 production + 126 relaxed (dv 2.5, 0.3 AU; 0.1 s) + 90 lintwin children -> 155 unique (5.2 s)
[10:10:12] plan start: prefix 4 flybys, t_end 469.6 d, planner mass 1477.9 kg (dv 3.113 km/s); 155 first-level states
[10:10:13] first level (both): 0 production + 93 relaxed (dv 2.5, 0.3 AU; 0.1 s) + 80 lintwin children -> 128 unique (5.3 s)
[10:10:13] plan start: prefix 3 flybys, t_end 537.1 d, planner mass 1591.1 kg (dv 0.218 km/s); 128 first-level states
[10:10:13] first level (both): 0 production + 69 relaxed (dv 2.5, 0.3 AU; 0.1 s) + 111 lintwin children -> 152 unique (5.5 s)
[10:10:13] plan start: prefix 3 flybys, t_end 405.8 d, planner mass 1552.9 kg (dv 1.171 km/s); 152 first-level states
[10:11:17] plan: 1117 states, depth 10 new flybys, end plan_done (70 s); deepest 10 new to 2155 d at planner fuel 298 kg
[10:11:17]   depth  1:    6 states (6 in H), t_end 1050-1080 d, fuel 0-0 kg
[10:11:17]   depth  2:   61 states (0 in H), t_end 1154-1655 d, fuel 5-53 kg
[10:11:17]   depth  3:  150 states (0 in H), t_end 1309-1986 d, fuel 28-107 kg
[10:11:17]   depth  4:  150 states (0 in H), t_end 1448-2135 d, fuel 46-148 kg
[10:11:17]   depth  5:  150 states (0 in H), t_end 1580-2160 d, fuel 83-184 kg
[10:11:17]   depth  6:  150 states (0 in H), t_end 1672-2126 d, fuel 95-230 kg
[10:11:17]   depth  7:  150 states (0 in H), t_end 1757-2155 d, fuel 160-266 kg
[10:11:17]   depth  8:  150 states (0 in H), t_end 1856-2160 d, fuel 197-303 kg
[10:11:17]   depth  9:  142 states (0 in H), t_end 1981-2160 d, fuel 233-344 kg
[10:11:17]   depth 10:    8 states (0 in H), t_end 2066-2155 d, fuel 298-363 kg
[10:11:17] candidates: 2 distinct committed target sets (n_new 1-1, potential 1-2)
[10:11:17] frontier: 2 candidates chosen (n fb / committed planner kg / continuation (lookahead) [full]; pot_mode lookahead, pot_cap None): 1fb/0kg/p2(2)[2], 1fb/0kg/p1(1)[1]
[10:11:17] budget: 230 s of 300 left for the settles + regrids (settle_wall 480)
[10:11:17] RESULT s01_r5: 2 columns; frontier 1fb 0 kg p2/2; settles 2 (2 ok), regrids 2 (2 ok); wall 70 s of 300 (plan 70, price 0, settle 0; budget hit None, 0 unsettled)
[10:11:18] plan: 1168 states, depth 10 new flybys, end plan_done (70 s); deepest 10 new to 2140 d at planner fuel 311 kg
[10:11:18]   depth  1:  158 states (158 in H), t_end 795-1080 d, fuel 0-0 kg
[10:11:18]   depth  2:  150 states (15 in H), t_end 970-1500 d, fuel 6-54 kg
[10:11:18]   depth  3:  150 states (0 in H), t_end 1140-1870 d, fuel 24-107 kg
[10:11:18]   depth  4:  150 states (0 in H), t_end 1270-2078 d, fuel 41-157 kg
[10:11:18]   depth  5:  150 states (0 in H), t_end 1346-2140 d, fuel 74-181 kg
[10:11:18]   depth  6:  150 states (0 in H), t_end 1595-2135 d, fuel 108-227 kg
[10:11:18]   depth  7:  112 states (0 in H), t_end 1700-2159 d, fuel 176-270 kg
[10:11:18]   depth  8:   76 states (0 in H), t_end 1780-2160 d, fuel 230-313 kg
[10:11:18]   depth  9:   66 states (0 in H), t_end 1999-2144 d, fuel 296-351 kg
[10:11:18]   depth 10:    6 states (0 in H), t_end 2084-2140 d, fuel 311-375 kg
[10:11:18] candidates: 52 distinct committed target sets (n_new 1-2, potential 0-4)
[10:11:18] frontier: 16 candidates chosen (n fb / committed planner kg / continuation (lookahead) [full]; pot_mode lookahead, pot_cap None): 1fb/0kg/p4(4)[4], 1fb/0kg/p4(3)[4], 1fb/0kg/p3(3)[3], 1fb/0kg/p3(2)[3], 1fb/0kg/p3(2)[3], 1fb/0kg/p3(2)[3], 1fb/0kg/p3(2)[3], 1fb/0kg/p3(2)[3], 1fb/0kg/p2(2)[2], 1fb/0kg/p0(0)[0], 1fb/0kg/p0(0)[0], 2fb/13kg/p2(2)[2], 2fb/19kg/p2(2)[2], 2fb/50kg/p1(1)[1], 2fb/51kg/p1(1)[1], 2fb/54kg/p3(3)[3]
[10:11:18] budget: 230 s of 300 left for the settles + regrids (settle_wall 480)
[10:11:18]     settle  2: 177 @   1028 d -> ok lintwin tank 602.9 (+1.4) miss 0 km (0.2 s)
[10:11:19]     settle  2: 177 @   1026 d -> ok lintwin tank 602.1 (+0.6) miss 0 km (0.5 s)
[10:11:19] plan: 1203 states, depth 10 new flybys, end plan_done (72 s); deepest 10 new to 2135 d at planner fuel 251 kg
[10:11:19]   depth  1:   36 states (36 in H), t_end 935-1080 d, fuel 0-0 kg
[10:11:19]   depth  2:  150 states (3 in H), t_end 1000-1575 d, fuel 7-57 kg
[10:11:19]   depth  3:  150 states (0 in H), t_end 1252-1581 d, fuel 20-97 kg
[10:11:19]   depth  4:  150 states (0 in H), t_end 1402-1561 d, fuel 62-145 kg
[10:11:19]   depth  5:  150 states (0 in H), t_end 1493-1872 d, fuel 90-182 kg
[10:11:19]   depth  6:  150 states (0 in H), t_end 1612-2157 d, fuel 115-230 kg
[10:11:19]   depth  7:  150 states (0 in H), t_end 1740-2160 d, fuel 137-269 kg
[10:11:19]   depth  8:  150 states (0 in H), t_end 1863-2156 d, fuel 153-297 kg
[10:11:19]   depth  9:  107 states (0 in H), t_end 1970-2152 d, fuel 174-334 kg
[10:11:19]   depth 10:   10 states (0 in H), t_end 2049-2158 d, fuel 251-357 kg
[10:11:19] candidates: 12 distinct committed target sets (n_new 1-2, potential 0-3)
[10:11:19] frontier: 12 candidates chosen (n fb / committed planner kg / continuation (lookahead) [full]; pot_mode lookahead, pot_cap None): 1fb/0kg/p3(3)[3], 1fb/0kg/p2(2)[2], 1fb/0kg/p2(2)[2], 1fb/0kg/p1(1)[1], 1fb/0kg/p1(1)[1], 1fb/0kg/p1(1)[1], 1fb/0kg/p1(1)[1], 1fb/0kg/p1(1)[1], 1fb/0kg/p1(1)[1], 1fb/0kg/p1(1)[1], 1fb/0kg/p1(1)[1], 2fb/47kg/p0(0)[0]
[10:11:19] budget: 228 s of 300 left for the settles + regrids (settle_wall 480)
[10:11:19]     settle  2: 231 @   1080 d -> ok lintwin tank 616.8 (+15.3) miss 0 km (0.1 s)
[10:11:19]   drift: leg 231@1080 d settled outside (T, T+H] -> column cut at 1
[10:11:19]   job s01_r5 root  columns   2  levels 10  settles 2/2  end plan_done  wall 70.2 s
[10:11:20]     settle  2: 181 @   1001 d -> ok lintwin tank 604.5 (+3.0) miss 0 km (0.1 s)
[10:11:20] RESULT s01_r4: 12 columns; frontier 1fb 0 kg p3/3 | 2fb 3 kg p0/0; settles 12 (12 ok), regrids 12 (12 ok); wall 72 s of 300 (plan 72, price 0, settle 0; budget hit None, 0 unsettled)
[10:11:20]     settle  2: 154 @   1071 d -> ok lintwin tank 612.1 (+10.6) miss 64 km (0.6 s)
[10:11:20]   drift: leg 154@1071 d settled outside (T, T+H] -> column cut at 1
[10:11:20]     settle  2: 285 @   1005 d -> ok lintwin tank 617.5 (+16.0) miss 90 km (0.2 s)
[10:11:20]   2 candidates dropped (settle failure / regrid failure / duplicate after truncation)
[10:11:20] RESULT s01_r2: 14 columns; frontier 1fb 0 kg p4/4 | 2fb 1 kg p2/3; settles 16 (16 ok), regrids 14 (14 ok); wall 73 s of 300 (plan 70, price 0, settle 3; budget hit None, 0 unsettled)
[10:11:21]   job s01_r2 root  columns  14  levels 10  settles 16/16  end plan_done  wall 73.0 s
[10:11:21]   job s01_r4 root  columns  12  levels 10  settles 12/12  end plan_done  wall 72.3 s
[10:11:25] plan: 1319 states, depth 10 new flybys, end plan_done (78 s); deepest 10 new to 2154 d at planner fuel 273 kg
[10:11:25]   depth  1:   86 states (86 in H), t_end 875-1080 d, fuel 0-0 kg
[10:11:25]   depth  2:  150 states (7 in H), t_end 1007-1595 d, fuel 1-57 kg
[10:11:25]   depth  3:  150 states (0 in H), t_end 1242-1876 d, fuel 26-106 kg
[10:11:25]   depth  4:  150 states (0 in H), t_end 1350-2153 d, fuel 42-152 kg
[10:11:25]   depth  5:  150 states (0 in H), t_end 1440-2141 d, fuel 89-187 kg
[10:11:25]   depth  6:  150 states (0 in H), t_end 1529-2140 d, fuel 107-227 kg
[10:11:25]   depth  7:  150 states (0 in H), t_end 1708-2159 d, fuel 168-263 kg
[10:11:25]   depth  8:  150 states (0 in H), t_end 1856-2158 d, fuel 188-303 kg
[10:11:25]   depth  9:  150 states (0 in H), t_end 1948-2158 d, fuel 221-312 kg
[10:11:25]   depth 10:   33 states (0 in H), t_end 2003-2159 d, fuel 273-345 kg
[10:11:25] candidates: 27 distinct committed target sets (n_new 1-2, potential 0-3)
[10:11:25] frontier: 16 candidates chosen (n fb / committed planner kg / continuation (lookahead) [full]; pot_mode lookahead, pot_cap None): 1fb/0kg/p4(3)[4], 1fb/0kg/p3(3)[3], 1fb/0kg/p2(2)[2], 1fb/0kg/p1(0)[1], 1fb/0kg/p1(1)[1], 1fb/0kg/p1(1)[1], 1fb/0kg/p1(1)[1], 1fb/0kg/p1(1)[1], 1fb/0kg/p1(1)[1], 1fb/0kg/p1(0)[1], 1fb/0kg/p1(1)[1], 1fb/0kg/p1(1)[1], 1fb/0kg/p1(1)[1], 2fb/26kg/p0(0)[0], 2fb/53kg/p0(0)[0], 2fb/57kg/p3(3)[3]
[10:11:25] budget: 222 s of 300 left for the settles + regrids (settle_wall 480)
[10:11:27]     settle  2: 294 @   1077 d -> ok lam tank 609.5 (+8.0) miss 61 km (0.7 s)
[10:11:27]     settle  2:  67 @   1056 d -> ok lintwin tank 607.8 (+6.3) miss 0 km (0.2 s)
[10:11:27]     settle  2: 285 @   1007 d -> ok lintwin tank 615.0 (+13.5) miss 2 km (0.1 s)
[10:11:27] RESULT s01_r3: 16 columns; frontier 1fb 0 kg p3/3 | 2fb 6 kg p0/3; settles 16 (16 ok), regrids 16 (16 ok); wall 80 s of 300 (plan 78, price 0, settle 2; budget hit None, 0 unsettled)
[10:11:27]   job s01_r3 root  columns  16  levels 10  settles 16/16  end plan_done  wall 79.8 s
[10:11:29] plan: 1427 states, depth 10 new flybys, end plan_done (82 s); deepest 10 new to 2135 d at planner fuel 267 kg
[10:11:29]   depth  1:  225 states (225 in H), t_end 705-1080 d, fuel 0-0 kg
[10:11:29]   depth  2:  150 states (54 in H), t_end 930-1258 d, fuel 4-59 kg
[10:11:29]   depth  3:  150 states (13 in H), t_end 1006-1446 d, fuel 17-111 kg
[10:11:29]   depth  4:  150 states (0 in H), t_end 1159-1996 d, fuel 39-141 kg
[10:11:29]   depth  5:  150 states (0 in H), t_end 1442-2005 d, fuel 60-174 kg
[10:11:29]   depth  6:  150 states (0 in H), t_end 1577-2100 d, fuel 77-216 kg
[10:11:29]   depth  7:  150 states (0 in H), t_end 1783-2100 d, fuel 123-244 kg
[10:11:29]   depth  8:  150 states (0 in H), t_end 1835-2136 d, fuel 141-284 kg
[10:11:29]   depth  9:  146 states (0 in H), t_end 1908-2158 d, fuel 214-317 kg
[10:11:29]   depth 10:    6 states (0 in H), t_end 2072-2150 d, fuel 267-284 kg
[10:11:29] candidates: 89 distinct committed target sets (n_new 1-3, potential 0-3)
[10:11:29] frontier: 16 candidates chosen (n fb / committed planner kg / continuation (lookahead) [full]; pot_mode lookahead, pot_cap None): 1fb/0kg/p3(2)[3], 1fb/0kg/p3(3)[3], 1fb/0kg/p3(3)[3], 1fb/0kg/p3(1)[3], 1fb/0kg/p3(2)[3], 1fb/0kg/p3(2)[3], 1fb/0kg/p3(2)[3], 1fb/0kg/p3(2)[3], 1fb/0kg/p3(2)[3], 1fb/0kg/p3(2)[3], 2fb/4kg/p2(2)[2], 2fb/16kg/p1(1)[1], 2fb/26kg/p2(2)[2], 3fb/46kg/p1(1)[1], 3fb/59kg/p1(1)[1], 3fb/67kg/p1(1)[1]
[10:11:29] budget: 218 s of 300 left for the settles + regrids (settle_wall 480)
[10:11:30]     settle  2: 234 @   1008 d -> ok lintwin tank 602.9 (+1.4) miss 0 km (0.4 s)
[10:11:30]     settle  2: 177 @   1025 d -> ok lintwin tank 607.0 (+5.5) miss 0 km (0.1 s)
[10:11:31] plan: 1345 states, depth 10 new flybys, end plan_done (83 s); deepest 10 new to 2136 d at planner fuel 422 kg
[10:11:31]   depth  1:  155 states (138 in H), t_end 549-1213 d, fuel 130-230 kg
[10:11:31]   depth  2:  150 states (81 in H), t_end 688-1441 d, fuel 147-270 kg
[10:11:31]   depth  3:  150 states (36 in H), t_end 931-1441 d, fuel 178-306 kg
[10:11:31]   depth  4:  150 states (11 in H), t_end 982-1791 d, fuel 195-318 kg
[10:11:31]   depth  5:  150 states (0 in H), t_end 1440-1998 d, fuel 205-346 kg
[10:11:31]   depth  6:  150 states (0 in H), t_end 1581-2005 d, fuel 229-350 kg
[10:11:31]   depth  7:  150 states (0 in H), t_end 1673-2136 d, fuel 237-393 kg
[10:11:31]   depth  8:  150 states (0 in H), t_end 1837-2135 d, fuel 287-424 kg
[10:11:31]   depth  9:  130 states (0 in H), t_end 1908-2159 d, fuel 313-458 kg
[10:11:31]   depth 10:   10 states (0 in H), t_end 2078-2152 d, fuel 422-479 kg
[10:11:31] candidates: 126 distinct committed target sets (n_new 1-4, potential 0-2)
[10:11:31] frontier: 16 candidates chosen (n fb / committed planner kg / continuation (lookahead) [full]; pot_mode lookahead, pot_cap None): 1fb/130kg/p0(0)[0], 1fb/133kg/p0(0)[0], 1fb/137kg/p2(0)[2], 1fb/160kg/p3(2)[3], 1fb/176kg/p3(0)[3], 1fb/177kg/p3(2)[3], 1fb/177kg/p3(0)[3], 2fb/166kg/p1(1)[1], 2fb/167kg/p0(0)[0], 2fb/187kg/p2(0)[2], 3fb/201kg/p0(0)[0], 3fb/212kg/p0(0)[0], 3fb/218kg/p1(1)[1], 4fb/242kg/p0(0)[0], 4fb/250kg/p0(0)[0], 4fb/257kg/p0(0)[0]
[10:11:31] budget: 217 s of 300 left for the settles + regrids (settle_wall 480)
[10:11:31]     settle  2: 177 @   1018 d -> ok lintwin tank 605.9 (+4.4) miss 87 km (0.7 s)
[10:11:31]     settle  5: 227 @    831 d -> ok lintwin tank 651.5 (+0.3) miss 64 km (0.6 s)
[10:11:32]     settle  2: 177 @    930 d -> ok lintwin tank 606.8 (+5.3) miss 0 km (0.1 s)
[10:11:32]     settle  3:  67 @   1050 d -> ok lintwin tank 609.9 (+3.1) miss 0 km (0.1 s)
[10:11:32]     settle  2: 177 @    945 d -> ok lintwin tank 617.3 (+15.8) miss 3 km (0.2 s)
[10:11:32]     settle  5:  35 @    876 d -> ok lintwin tank 654.6 (+3.4) miss 68 km (0.7 s)
[10:11:32]     settle  3: 154 @   1074 d -> ok lintwin tank 628.8 (+11.5) miss 72 km (0.4 s)
[10:11:33]     settle  2: 204 @    980 d -> ok lintwin tank 607.6 (+6.1) miss 0 km (0.1 s)
[10:11:33]     settle  3: 294 @   1045 d -> ok lintwin tank 619.1 (+11.5) miss 1 km (0.1 s)
[10:11:33] RESULT s01_r1: 16 columns; frontier 1fb 0 kg p2/3 | 2fb 1 kg p2/2 | 3fb 8 kg p1/1; settles 22 (22 ok), regrids 16 (16 ok); wall 86 s of 300 (plan 82, price 0, settle 4; budget hit None, 0 unsettled)
[10:11:33]     settle  5: 271 @    690 d -> ok lintwin tank 657.3 (+6.1) miss 76 km (0.6 s)
[10:11:33]   job s01_r1 root  columns  16  levels 10  settles 22/22  end plan_done  wall 85.6 s
[10:11:34]     settle  5:  74 @    719 d -> ok lintwin tank 665.6 (+14.4) miss 96 km (0.9 s)
[10:11:35]     settle  5: 244 @    551 d -> ok lintwin tank 671.3 (+20.1) miss 98 km (0.6 s)
[10:11:36]     settle  5: 245 @    729 d -> ok lintwin tank 666.0 (+14.9) miss 44 km (1.4 s)
[10:11:37]     settle  5: 199 @    549 d -> ok lintwin tank 672.3 (+21.1) miss 27 km (0.8 s)
[10:11:39]     settle  5:  98 @    916 d -> ok lintwin tank 691.5 (+40.3) miss 75 km (1.2 s)
[10:11:39] plan: 1492 states, depth 11 new flybys, end plan_done (92 s); deepest 11 new to 2137 d at planner fuel 372 kg
[10:11:39]   depth  1:  128 states (114 in H), t_end 620-1215 d, fuel 13-124 kg
[10:11:39]   depth  2:  150 states (129 in H), t_end 749-1581 d, fuel 25-168 kg
[10:11:39]   depth  3:  150 states (12 in H), t_end 884-1562 d, fuel 67-200 kg
[10:11:39]   depth  4:  150 states (0 in H), t_end 1112-1998 d, fuel 161-244 kg
[10:11:39]   depth  5:  150 states (0 in H), t_end 1435-1779 d, fuel 173-282 kg
[10:11:39]   depth  6:  150 states (0 in H), t_end 1499-2000 d, fuel 206-318 kg
[10:11:39]   depth  7:  150 states (0 in H), t_end 1623-2122 d, fuel 221-344 kg
[10:11:39]   depth  8:  150 states (0 in H), t_end 1708-2134 d, fuel 246-385 kg
[10:11:39]   depth  9:  150 states (0 in H), t_end 1877-2084 d, fuel 281-419 kg
[10:11:39]   depth 10:  150 states (0 in H), t_end 2010-2155 d, fuel 305-447 kg
[10:11:39]   depth 11:   14 states (0 in H), t_end 2094-2158 d, fuel 372-432 kg
[10:11:39] candidates: 140 distinct committed target sets (n_new 1-3, potential 0-3)
[10:11:39] frontier: 16 candidates chosen (n fb / committed planner kg / continuation (lookahead) [full]; pot_mode lookahead, pot_cap None): 1fb/13kg/p2(0)[2], 1fb/15kg/p1(0)[1], 1fb/79kg/p3(2)[3], 1fb/83kg/p3(3)[3], 1fb/100kg/p3(2)[3], 1fb/101kg/p4(3)[4], 1fb/105kg/p3(2)[3], 1fb/112kg/p4(2)[4], 1fb/114kg/p3(2)[3], 1fb/114kg/p3(2)[3], 2fb/25kg/p0(0)[0], 2fb/34kg/p0(0)[0], 2fb/134kg/p3(3)[3], 3fb/67kg/p0(0)[0], 3fb/77kg/p0(0)[0], 3fb/161kg/p2(2)[2]
[10:11:39] budget: 208 s of 300 left for the settles + regrids (settle_wall 480)
[10:11:40]     settle  4: 237 @    630 d -> ok lintwin tank 606.4 (+1.5) miss 0 km (0.3 s)
[10:11:40]     settle  4: 222 @    888 d -> ok lintwin tank 606.8 (+1.9) miss 0 km (0.6 s)
[10:11:40]     settle  6: 234 @   1010 d -> ok lintwin tank 822.0 (+130.5) miss 2 km (1.8 s)
[10:11:42]     settle  4:  98 @    862 d -> ok lintwin tank 640.2 (+35.3) miss 0 km (1.1 s)
[10:11:42]     settle  6: 234 @   1010 d -> ok lintwin tank 673.3 (+7.8) miss 0 km (1.3 s)
[10:11:43]     settle  4: 224 @    966 d -> ok lintwin tank 632.0 (+27.1) miss 86 km (1.0 s)
[10:11:43]     settle  6:  74 @    718 d -> ok lintwin tank 674.3 (+3.0) miss 52 km (0.6 s)
[10:11:44]     settle  6: 177 @    935 d -> ok lintwin tank 665.5 (+8.2) miss 42 km (0.3 s)
[10:11:44]     settle  4:  47 @    867 d -> ok lintwin tank 650.8 (+45.9) miss 60 km (0.8 s)
[10:11:44]     settle  7:  67 @   1053 d -> ok lintwin tank 670.9 (+5.5) miss 67 km (0.3 s)
[10:11:44] plan: 1703 states, depth 12 new flybys, end plan_done (97 s); deepest 12 new to 2095 d at planner fuel 399 kg
[10:11:44]   depth  1:  229 states (229 in H), t_end 610-1005 d, fuel 0-0 kg
[10:11:44]   depth  2:  150 states (137 in H), t_end 910-1160 d, fuel 6-58 kg
[10:11:44]   depth  3:  150 states (26 in H), t_end 1004-1438 d, fuel 23-106 kg
[10:11:44]   depth  4:  150 states (1 in H), t_end 1068-1867 d, fuel 33-144 kg
[10:11:44]   depth  5:  150 states (0 in H), t_end 1304-2002 d, fuel 69-190 kg
[10:11:44]   depth  6:  150 states (0 in H), t_end 1347-2121 d, fuel 106-217 kg
[10:11:44]   depth  7:  150 states (0 in H), t_end 1488-2146 d, fuel 151-240 kg
[10:11:44]   depth  8:  150 states (0 in H), t_end 1569-2151 d, fuel 181-289 kg
[10:11:44]   depth  9:  150 states (0 in H), t_end 1777-2125 d, fuel 198-331 kg
[10:11:44]   depth 10:  150 states (0 in H), t_end 1883-2118 d, fuel 236-372 kg
[10:11:44]   depth 11:  122 states (0 in H), t_end 1990-2160 d, fuel 266-401 kg
[10:11:44]   depth 12:    2 states (0 in H), t_end 2095-2101 d, fuel 399-413 kg
[10:11:44] candidates: 125 distinct committed target sets (n_new 1-4, potential 0-3)
[10:11:44] frontier: 16 candidates chosen (n fb / committed planner kg / continuation (lookahead) [full]; pot_mode lookahead, pot_cap None): 1fb/0kg/p5(3)[5], 1fb/0kg/p4(3)[4], 1fb/0kg/p4(3)[4], 1fb/0kg/p4(3)[4], 1fb/0kg/p4(3)[4], 1fb/0kg/p3(2)[3], 1fb/0kg/p3(2)[3], 1fb/0kg/p3(2)[3], 1fb/0kg/p3(2)[3], 2fb/11kg/p2(2)[2], 2fb/12kg/p2(2)[2], 2fb/43kg/p4(3)[4], 3fb/34kg/p1(1)[1], 3fb/35kg/p1(0)[1], 3fb/85kg/p3(3)[3], 4fb/48kg/p0(0)[0]
[10:11:44] budget: 203 s of 300 left for the settles + regrids (settle_wall 480)
[10:11:44]     settle  6: 177 @    936 d -> ok lintwin tank 665.5 (+8.2) miss 40 km (0.3 s)
[10:11:45]     settle  4: 103 @    857 d -> ok lintwin tank 632.8 (+27.9) miss 4 km (0.7 s)
[10:11:45]     settle  2: 204 @    949 d -> ok lintwin tank 605.6 (+4.1) miss 14 km (0.1 s)
[10:11:45]     settle  7: 163 @   1010 d -> ok lintwin tank 669.6 (+4.1) miss 63 km (0.6 s)
[10:11:45]     settle  6: 177 @    929 d -> ok lintwin tank 674.3 (+8.7) miss 50 km (0.3 s)
[10:11:45]     settle  4: 294 @    793 d -> ok lintwin tank 637.4 (+32.5) miss 9 km (0.7 s)
[10:11:46]     settle  2: 177 @   1009 d -> ok lintwin tank 601.9 (+0.4) miss 0 km (0.8 s)
[10:11:46]     settle  2: 177 @    946 d -> ok lintwin tank 607.2 (+5.7) miss 0 km (0.2 s)
[10:11:46]     settle  7:  67 @   1039 d -> ok lintwin tank 685.4 (+11.1) miss 71 km (0.7 s)
[10:11:46]     settle  2: 264 @    918 d -> ok lintwin tank 606.2 (+4.7) miss 85 km (0.1 s)
[10:11:46]     settle  4: 240 @    667 d -> ok lintwin tank 648.0 (+43.2) miss 79 km (0.7 s)
[10:11:47]     settle  6:  74 @    717 d -> ok lintwin tank 674.0 (+1.7) miss 74 km (0.6 s)
[10:11:47]     settle  4:  42 @    762 d -> ok lintwin tank 639.6 (+34.8) miss 67 km (0.6 s)
[10:11:48]     settle  7: 177 @    944 d -> ok lintwin tank 678.1 (+4.2) miss 80 km (0.9 s)
[10:11:48]     settle  4: 112 @    691 d -> ok lintwin tank 642.9 (+38.1) miss 60 km (0.6 s)
[10:11:48]     settle  3: 103 @   1043 d -> ok lam tank 622.5 (+16.3) miss 6 km (1.5 s)
[10:11:48]     settle  2: 264 @    920 d -> ok lintwin tank 606.2 (+4.7) miss 93 km (0.1 s)
[10:11:48]     settle  5: 296 @    987 d -> ok lintwin tank 609.7 (+2.9) miss 0 km (0.6 s)
[10:11:49]     settle  8: 154 @   1079 d -> ok lintwin tank 689.9 (+11.8) miss 72 km (0.9 s)
[10:11:49]     settle  5: 222 @    890 d -> ok lintwin tank 607.3 (+0.9) miss 0 km (0.5 s)
[10:11:49]     settle  3: 229 @   1004 d -> ok lam tank 613.1 (+6.9) miss 80 km (1.2 s)
[10:11:49]     settle  5: 264 @   1034 d -> ok lintwin tank 647.7 (+14.9) miss 77 km (0.3 s)
[10:11:49]     settle  3: 234 @   1006 d -> ok lintwin tank 615.3 (+8.1) miss 1 km (0.2 s)
[10:11:49]     settle  7: 204 @    942 d -> ok lintwin tank 688.4 (+14.1) miss 55 km (0.7 s)
[10:11:50]     settle  8: 294 @   1016 d -> ok lintwin tank 694.4 (+6.0) miss 2 km (0.2 s)
[10:11:50]     settle  8:  10 @    982 d -> ok lintwin tank 697.6 (+9.2) miss 30 km (0.2 s)
[10:11:50]     settle  4: 237 @    630 d -> ok lintwin tank 606.4 (+1.5) miss 0 km (0.3 s)
[10:11:50] RESULT s01_c0: 16 columns; frontier 1fb 0 kg p0/2 | 2fb 22 kg p0/1 | 3fb 18 kg p0/1 | 4fb 39 kg p0/0; settles 23 (23 ok), regrids 16 (16 ok); wall 103 s of 300 (plan 83, price 0, settle 19; budget hit None, 0 unsettled)
[10:11:50]     settle  5: 289 @    755 d -> ok lintwin tank 616.5 (+10.2) miss 23 km (0.2 s)
[10:11:50]     settle  6: 222 @    888 d -> ok lintwin tank 622.0 (+5.5) miss 0 km (0.2 s)
[10:11:51]     settle  4:   5 @   1068 d -> ok lam tank 617.7 (+4.7) miss 85 km (1.4 s)
[10:11:51] RESULT s01_r0: 16 columns; frontier 1fb 0 kg p3/3 | 2fb 0 kg p2/3 | 3fb 12 kg p0/3 | 4fb 16 kg p0/0; settles 21 (21 ok), regrids 16 (16 ok); wall 104 s of 300 (plan 97, price 0, settle 7; budget hit None, 0 unsettled)
[10:11:51]   job s01_c0 craft columns  16  levels 10  settles 23/23  end plan_done  wall 102.9 s
[10:11:51]   job s01_r0 root  columns  16  levels 12  settles 21/21  end plan_done  wall 103.8 s
[10:11:54] plan: 1733 states, depth 14 new flybys, end plan_done (107 s); deepest 14 new to 2151 d at planner fuel 572 kg
[10:11:54]   depth  1:  152 states (137 in H), t_end 545-1162 d, fuel 58-161 kg
[10:11:54]   depth  2:  150 states (104 in H), t_end 640-1486 d, fuel 89-204 kg
[10:11:54]   depth  3:  150 states (57 in H), t_end 830-1213 d, fuel 104-239 kg
[10:11:54]   depth  4:  150 states (27 in H), t_end 925-1229 d, fuel 157-282 kg
[10:11:54]   depth  5:  150 states (2 in H), t_end 1059-1441 d, fuel 205-322 kg
[10:11:54]   depth  6:  150 states (0 in H), t_end 1194-2001 d, fuel 232-360 kg
[10:11:54]   depth  7:  150 states (0 in H), t_end 1311-2069 d, fuel 241-400 kg
[10:11:54]   depth  8:  150 states (0 in H), t_end 1413-2141 d, fuel 273-437 kg
[10:11:54]   depth  9:  150 states (0 in H), t_end 1503-2160 d, fuel 287-461 kg
[10:11:54]   depth 10:  150 states (0 in H), t_end 1643-2159 d, fuel 370-473 kg
[10:11:54]   depth 11:  150 states (0 in H), t_end 1864-2158 d, fuel 383-485 kg
[10:11:54]   depth 12:   70 states (0 in H), t_end 1962-2159 d, fuel 410-524 kg
[10:11:54]   depth 13:   10 states (0 in H), t_end 2076-2154 d, fuel 468-549 kg
[10:11:54]   depth 14:    1 states (0 in H), t_end 2151-2151 d, fuel 572-572 kg
[10:11:54] candidates: 208 distinct committed target sets (n_new 1-5, potential 0-5)
[10:11:54] frontier: 16 candidates chosen (n fb / committed planner kg / continuation (lookahead) [full]; pot_mode lookahead, pot_cap None): 1fb/58kg/p1(0)[1], 1fb/59kg/p1(0)[1], 1fb/61kg/p3(1)[3], 1fb/143kg/p7(4)[7], 2fb/89kg/p0(0)[0], 2fb/90kg/p0(0)[0], 2fb/188kg/p6(4)[6], 2fb/191kg/p6(5)[6], 3fb/123kg/p1(1)[1], 3fb/156kg/p0(0)[0], 3fb/235kg/p5(5)[5], 4fb/198kg/p3(3)[3], 4fb/238kg/p0(0)[0], 4fb/259kg/p4(3)[4], 5fb/279kg/p3(3)[3], 5fb/312kg/p1(1)[1]
[10:11:54] budget: 193 s of 300 left for the settles + regrids (settle_wall 480)
[10:11:54]     settle  4:  71 @    583 d -> ok lintwin tank 624.4 (+4.7) miss 0 km (0.2 s)
[10:11:55]     settle  4:  13 @    620 d -> FAIL [('lam', 8946610.9)] (4.1 s)
[10:11:55]     settle  4: 207 @    661 d -> ok lintwin tank 624.1 (+4.4) miss 0 km (0.2 s)
[10:11:55]     settle  4: 111 @    606 d -> ok lintwin tank 628.2 (+8.5) miss 5 km (0.2 s)
[10:11:55]     settle  5: 178 @    797 d -> ok lintwin tank 665.1 (+17.0) miss 59 km (0.6 s)
[10:11:56]     settle  4: 192 @    587 d -> ok lintwin tank 660.9 (+41.1) miss 74 km (0.5 s)
[10:11:56]     settle  5: 135 @    733 d -> ok lintwin tank 634.5 (+10.1) miss 2 km (0.1 s)
[10:11:56]     settle  5:  81 @    801 d -> ok lintwin tank 634.0 (+9.5) miss 2 km (0.2 s)
[10:11:56]     settle  6: 187 @    940 d -> ok lintwin tank 677.4 (+12.3) miss 79 km (0.9 s)
[10:11:56]   1 candidates dropped (settle failure / regrid failure / duplicate after truncation)
[10:11:56] RESULT s01_c2: 15 columns; frontier 1fb 2 kg p0/3 | 2fb 2 kg p0/3 | 3fb 17 kg p0/2; settles 20 (18 ok), regrids 15 (15 ok); wall 109 s of 300 (plan 92, price 0, settle 17; budget hit None, 0 unsettled)
[10:11:56]     settle  5: 226 @    720 d -> ok lintwin tank 676.3 (+15.4) miss 11 km (0.1 s)
[10:11:57]     settle  5: 228 @    709 d -> ok lintwin tank 674.9 (+14.0) miss 21 km (0.2 s)
[10:11:57]     settle  5: 224 @    936 d -> ok lintwin tank 642.7 (+14.5) miss 59 km (0.3 s)
[10:11:57]   job s01_c2 craft columns  15  levels 11  settles 18/20  end plan_done  wall 109.0 s
[10:11:57]     settle  6: 146 @   1075 d -> ok lintwin tank 644.7 (+2.0) miss 12 km (0.4 s)
[10:11:58]     settle  4:  85 @    683 d -> ok lintwin tank 650.7 (+30.9) miss 32 km (0.3 s)
[10:11:58]     settle  5: 224 @    943 d -> ok lintwin tank 654.2 (+3.5) miss 3 km (0.4 s)
[10:11:59]     settle  6: 241 @   1058 d -> ok lintwin tank 663.7 (+9.5) miss 63 km (0.4 s)
[10:11:59]     settle  6: 202 @    927 d -> ok lintwin tank 687.3 (+12.5) miss 63 km (0.5 s)
[10:12:00]     settle  5: 101 @    834 d -> ok lintwin tank 671.8 (+10.9) miss 70 km (0.5 s)
[10:12:00]     settle  6: 299 @    928 d -> ok lintwin tank 684.0 (+12.3) miss 30 km (0.1 s)
[10:12:01]     settle  7:  80 @   1057 d -> ok lintwin tank 692.8 (+8.7) miss 67 km (0.9 s)
[10:12:02]     settle  6: 299 @    927 d -> ok lintwin tank 683.4 (+8.6) miss 58 km (0.9 s)
[10:12:02]     settle  7:  80 @   1055 d -> ok lintwin tank 692.2 (+8.8) miss 49 km (0.3 s)
[10:12:03]     settle  6: 101 @    830 d -> ok lintwin tank 677.2 (+1.0) miss 68 km (0.6 s)
[10:12:04]     settle  7: 299 @    927 d -> ok lintwin tank 694.7 (+17.4) miss 70 km (0.6 s)
[10:12:04]     settle  8:  80 @   1059 d -> ok lintwin tank 703.8 (+9.2) miss 66 km (0.5 s)
[10:12:05]     settle  6: 101 @    840 d -> ok lintwin tank 681.6 (+6.8) miss 69 km (0.9 s)
[10:12:06]     settle  7: 299 @    936 d -> ok lintwin tank 691.8 (+10.1) miss 66 km (0.6 s)
[10:12:06]     settle  8: 183 @   1068 d -> ok lintwin tank 707.4 (+15.6) miss 77 km (0.3 s)
[10:12:06] RESULT s01_c1: 16 columns; frontier 1fb 4 kg p0/4 | 2fb 14 kg p0/5 | 3fb 25 kg p1/5 | 4fb 72 kg p0/3 | 5fb 84 kg p3/3; settles 25 (25 ok), regrids 16 (16 ok); wall 119 s of 300 (plan 107, price 0, settle 12; budget hit None, 0 unsettled)
[10:12:07]   job s01_c1 craft columns  16  levels 14  settles 25/25  end plan_done  wall 119.3 s
[10:12:07] [slice 1] propose: 123 columns (0 bad dropped) in 120.2 s
[10:12:08] [slice 1] auction: 123 columns, kept 122, dropped {'ramp': 1}; lam 1.00 H_eff 540 d fuel budget 482 kg quota on launch cap 3 of 5 unlaunched (max_launch 3, used 0) stagger 60.0 d
[10:12:08] [slice 1] auction: status optimal objective 22.548 vars 122 rows 52 chosen 6 fuel 210/482 kg (0.015 s)
[10:12:10] [slice 1 T=540 d] launched 6/8  covered 30  remaining 268  fuel 290 kg  sumJi 6.2188  chosen: c0:3(+18) c1:5(+84) c2:3(+73) r->c3:4(+16) r->c4:3(+18) r->c5:2(+1)  rejected: -  (wall 122 s)
[10:12:10] [slice 2 T=1080 d] propose: 9 jobs (6 craft, 3 root) on 9 workers, proposer planbeam, H_eff 540 d, lam 1.0
[10:12:10] job s02_c0 (craft, craft 0, planbeam): T 1080 d H 540 L 360; plan horizon 2700 d; remaining 268; prize >1 on 29; width 150 npt 6 mc 150 dv 1.2 drmax 0.15 plan_wall 240 s; quota {'fil': 9, 'med': 16}
[10:12:10] job s02_c5 (craft, craft 5, planbeam): T 1080 d H 540 L 360; plan horizon 2700 d; remaining 268; prize >1 on 29; width 150 npt 6 mc 150 dv 1.2 drmax 0.15 plan_wall 240 s; quota {'fil': 11, 'med': 18}
[10:12:10] job s02_c1 (craft, craft 1, planbeam): T 1080 d H 540 L 360; plan horizon 2700 d; remaining 268; prize >1 on 29; width 150 npt 6 mc 150 dv 1.2 drmax 0.15 plan_wall 240 s; quota {'fil': 8, 'med': 17}
[10:12:10] job s02_c3 (craft, craft 3, planbeam): T 1080 d H 540 L 360; plan horizon 2700 d; remaining 268; prize >1 on 29; width 150 npt 6 mc 150 dv 1.2 drmax 0.15 plan_wall 240 s; quota {'fil': 10, 'med': 18}
[10:12:10] job s02_c2 (craft, craft 2, planbeam): T 1080 d H 540 L 360; plan horizon 2700 d; remaining 268; prize >1 on 29; width 150 npt 6 mc 150 dv 1.2 drmax 0.15 plan_wall 240 s; quota {'fil': 10, 'med': 15}
[10:12:10] job s02_r0 (root, craft None, planbeam): T 1080 d H 540 L 360; plan horizon 2700 d; remaining 268; prize >1 on 29; width 150 npt 6 mc 150 dv 1.2 drmax 0.15 plan_wall 240 s; quota {'fil': 12, 'med': 18}
[10:12:10] job s02_r1 (root, craft None, planbeam): T 1080 d H 540 L 360; plan horizon 2700 d; remaining 268; prize >1 on 29; width 150 npt 6 mc 150 dv 1.2 drmax 0.15 plan_wall 240 s; quota {'fil': 12, 'med': 18}
[10:12:10] job s02_r2 (root, craft None, planbeam): T 1080 d H 540 L 360; plan horizon 2700 d; remaining 268; prize >1 on 29; width 150 npt 6 mc 150 dv 1.2 drmax 0.15 plan_wall 240 s; quota {'fil': 12, 'med': 18}
[10:12:10] budget: job_wall 300 s, 300 s left before the plan -> plan cap 210 s (plan_wall 240, settle_reserve 90)
[10:12:10] budget: job_wall 300 s, 300 s left before the plan -> plan cap 210 s (plan_wall 240, settle_reserve 90)
[10:12:10] budget: job_wall 300 s, 300 s left before the plan -> plan cap 210 s (plan_wall 240, settle_reserve 90)
[10:12:10] job s02_c4 (craft, craft 4, planbeam): T 1080 d H 540 L 360; plan horizon 2700 d; remaining 268; prize >1 on 29; width 150 npt 6 mc 150 dv 1.2 drmax 0.15 plan_wall 240 s; quota {'fil': 11, 'med': 17}
[10:12:10] prefix slices/s02/in/craft_5.npz: 2 flybys, t_end 1008.4 d, tank 602.9 kg (planner view), miss 0.0 km, nreg 20
[10:12:10] budget: job_wall 300 s, 300 s left before the plan -> plan cap 210 s (plan_wall 240, settle_reserve 90)
[10:12:10] prefix slices/s02/in/craft_3.npz: 4 flybys, t_end 1068.6 d, tank 617.9 kg (planner view), miss 94.7 km, nreg 27
[10:12:10] budget: job_wall 300 s, 300 s left before the plan -> plan cap 210 s (plan_wall 240, settle_reserve 90)
[10:12:10] prefix slices/s02/in/craft_4.npz: 3 flybys, t_end 1035.7 d, tank 619.1 kg (planner view), miss 0.0 km, nreg 22
[10:12:10] budget: job_wall 300 s, 300 s left before the plan -> plan cap 210 s (plan_wall 240, settle_reserve 90)
[10:12:10] prefix slices/s02/in/craft_2.npz: 6 flybys, t_end 942.0 d, tank 677.4 kg (planner view), miss 23.0 km, nreg 43
[10:12:10] prefix slices/s02/in/craft_0.npz: 7 flybys, t_end 1008.9 d, tank 669.5 kg (planner view), miss 0.7 km, nreg 50
[10:12:10] budget: job_wall 300 s, 300 s left before the plan -> plan cap 210 s (plan_wall 240, settle_reserve 90)
[10:12:10] budget: job_wall 300 s, 300 s left before the plan -> plan cap 210 s (plan_wall 240, settle_reserve 90)
[10:12:10] prefix slices/s02/in/craft_1.npz: 8 flybys, t_end 1058.4 d, tank 703.7 kg (planner view), miss 1.8 km, nreg 52
[10:12:10] budget: job_wall 300 s, 300 s left before the plan -> plan cap 210 s (plan_wall 240, settle_reserve 90)
[10:12:15] first level (both): 0 production + 116 relaxed (dv 2.5, 0.3 AU; 0.1 s) + 92 lintwin children -> 157 unique (5.1 s)
[10:12:15] plan start: prefix 2 flybys, t_end 1008.4 d, planner mass 1596.3 kg (dv 0.092 km/s); 157 first-level states
[10:12:15] first level (both): 0 production + 49 relaxed (dv 2.5, 0.3 AU; 0.1 s) + 87 lintwin children -> 112 unique (5.4 s)
[10:12:15] plan start: prefix 3 flybys, t_end 1035.7 d, planner mass 1554.6 kg (dv 1.128 km/s); 112 first-level states
[10:12:15] plan start: 18 launch dates (1450-1620 d) -> 85 launch legs with first flyby <= T+H, 12 kept (cap min(roots_max 450, 3 x width) = 450; 5.9 s)
[10:12:16] plan start: 18 launch dates (1090-1260 d) -> 3411 launch legs with first flyby <= T+H, 386 kept (cap min(roots_max 450, 3 x width) = 450; 6.0 s)
[10:12:16] plan start: 18 launch dates (1270-1440 d) -> 2373 launch legs with first flyby <= T+H, 250 kept (cap min(roots_max 450, 3 x width) = 450; 6.1 s)
[10:12:16] first level (both): 0 production + 56 relaxed (dv 2.5, 0.3 AU; 0.1 s) + 69 lintwin children -> 98 unique (6.1 s)
[10:12:16] plan start: prefix 4 flybys, t_end 1068.6 d, planner mass 1557.5 kg (dv 1.056 km/s); 98 first-level states
[10:12:18] first level (both): 0 production + 64 relaxed (dv 2.5, 0.3 AU; 0.1 s) + 67 lintwin children -> 101 unique (8.4 s)
[10:12:18] plan start: prefix 6 flybys, t_end 942.0 d, planner mass 1420.7 kg (dv 4.661 km/s); 101 first-level states
[10:12:18] first level (both): 0 production + 85 relaxed (dv 2.5, 0.3 AU; 0.1 s) + 73 lintwin children -> 119 unique (8.5 s)
[10:12:18] plan start: prefix 7 flybys, t_end 1008.9 d, planner mass 1437.5 kg (dv 4.200 km/s); 119 first-level states
[10:12:19] first level (both): 0 production + 140 relaxed (dv 2.5, 0.3 AU; 0.1 s) + 102 lintwin children -> 167 unique (9.0 s)
[10:12:19] plan start: prefix 8 flybys, t_end 1058.4 d, planner mass 1367.6 kg (dv 6.157 km/s); 167 first-level states
[10:13:01] plan: 855 states, depth 8 new flybys, end plan_done (51 s); deepest 8 new to 2667 d at planner fuel 169 kg
[10:13:01]   depth  1:   12 states (12 in H), t_end 1490-1615 d, fuel 0-0 kg
[10:13:01]   depth  2:  100 states (4 in H), t_end 1605-2115 d, fuel 13-52 kg
[10:13:01]   depth  3:  150 states (0 in H), t_end 1784-2555 d, fuel 45-107 kg
[10:13:01]   depth  4:  150 states (0 in H), t_end 2126-2700 d, fuel 47-145 kg
[10:13:01]   depth  5:  150 states (0 in H), t_end 2284-2695 d, fuel 81-187 kg
[10:13:01]   depth  6:  150 states (0 in H), t_end 2366-2700 d, fuel 89-229 kg
[10:13:01]   depth  7:  133 states (0 in H), t_end 2513-2700 d, fuel 97-247 kg
[10:13:01]   depth  8:   10 states (0 in H), t_end 2632-2693 d, fuel 169-258 kg
[10:13:01] candidates: 6 distinct committed target sets (n_new 1-2, potential 1-2)
[10:13:01] frontier: 6 candidates chosen (n fb / committed planner kg / continuation (lookahead) [full]; pot_mode lookahead, pot_cap None): 1fb/0kg/p2(1)[2], 1fb/0kg/p2(2)[2], 1fb/0kg/p2(2)[2], 1fb/0kg/p2(2)[2], 1fb/0kg/p1(1)[1], 2fb/29kg/p1(1)[1]
[10:13:01] budget: 249 s of 300 left for the settles + regrids (settle_wall 480)
[10:13:01]     settle  2: 255 @   1610 d -> ok lintwin tank 603.7 (+2.2) miss 0 km (0.1 s)
[10:13:01] RESULT s02_r2: 6 columns; frontier 1fb 0 kg p1/2 | 2fb 2 kg p1/1; settles 6 (6 ok), regrids 6 (6 ok); wall 52 s of 300 (plan 51, price 0, settle 0; budget hit None, 0 unsettled)
[10:13:02]   job s02_r2 root  columns   6  levels 8  settles 6/6  end plan_done  wall 51.6 s
[10:13:10] plan: 1068 states, depth 10 new flybys, end plan_done (61 s); deepest 10 new to 2698 d at planner fuel 364 kg
[10:13:10]   depth  1:  112 states (97 in H), t_end 1131-1706 d, fuel 47-159 kg
[10:13:10]   depth  2:  150 states (126 in H), t_end 1271-2109 d, fuel 52-203 kg
[10:13:10]   depth  3:  150 states (19 in H), t_end 1507-2479 d, fuel 98-243 kg
[10:13:10]   depth  4:  150 states (3 in H), t_end 1563-2682 d, fuel 112-265 kg
[10:13:10]   depth  5:  150 states (0 in H), t_end 1769-2699 d, fuel 127-277 kg
[10:13:10]   depth  6:  150 states (0 in H), t_end 2237-2696 d, fuel 130-268 kg
[10:13:10]   depth  7:  150 states (0 in H), t_end 2352-2700 d, fuel 160-308 kg
[10:13:10]   depth  8:   45 states (0 in H), t_end 2457-2697 d, fuel 214-340 kg
[10:13:10]   depth  9:   10 states (0 in H), t_end 2614-2691 d, fuel 317-343 kg
[10:13:10]   depth 10:    1 states (0 in H), t_end 2698-2698 d, fuel 364-364 kg
[10:13:10] candidates: 160 distinct committed target sets (n_new 1-4, potential 0-3)
[10:13:10] frontier: 16 candidates chosen (n fb / committed planner kg / continuation (lookahead) [full]; pot_mode lookahead, pot_cap None): 1fb/47kg/p2(1)[2], 1fb/51kg/p0(0)[0], 1fb/52kg/p4(2)[4], 1fb/56kg/p2(2)[2], 1fb/67kg/p2(2)[2], 1fb/71kg/p2(0)[2], 1fb/87kg/p3(0)[3], 1fb/159kg/p4(3)[4], 2fb/52kg/p0(0)[0], 2fb/66kg/p0(0)[0], 2fb/97kg/p3(2)[3], 3fb/113kg/p0(0)[0], 3fb/118kg/p1(1)[1], 3fb/132kg/p2(2)[2], 4fb/158kg/p0(0)[0], 4fb/175kg/p0(0)[0]
[10:13:10] budget: 239 s of 300 left for the settles + regrids (settle_wall 480)
[10:13:10]     settle  4: 105 @   1281 d -> ok lintwin tank 619.7 (+0.6) miss 17 km (0.1 s)
[10:13:11]     settle  4: 211 @   1501 d -> ok lintwin tank 621.0 (+1.9) miss 0 km (0.2 s)
[10:13:12]     settle  4:  41 @   1207 d -> ok lintwin tank 630.4 (+11.4) miss 32 km (1.1 s)
[10:13:12] plan: 1054 states, depth 9 new flybys, end plan_done (62 s); deepest 9 new to 2687 d at planner fuel 347 kg
[10:13:12]   depth  1:   98 states (82 in H), t_end 1206-1738 d, fuel 43-154 kg
[10:13:12]   depth  2:  150 states (134 in H), t_end 1353-2088 d, fuel 59-188 kg
[10:13:12]   depth  3:  150 states (0 in H), t_end 1685-2471 d, fuel 70-223 kg
[10:13:12]   depth  4:  150 states (0 in H), t_end 1830-2666 d, fuel 75-263 kg
[10:13:12]   depth  5:  150 states (0 in H), t_end 1942-2699 d, fuel 115-291 kg
[10:13:12]   depth  6:  150 states (0 in H), t_end 2296-2699 d, fuel 140-319 kg
[10:13:12]   depth  7:  150 states (0 in H), t_end 2392-2700 d, fuel 153-357 kg
[10:13:12]   depth  8:   51 states (0 in H), t_end 2512-2700 d, fuel 234-381 kg
[10:13:12]   depth  9:    5 states (0 in H), t_end 2687-2698 d, fuel 347-402 kg
[10:13:12] candidates: 126 distinct committed target sets (n_new 1-2, potential 0-3)
[10:13:12] frontier: 16 candidates chosen (n fb / committed planner kg / continuation (lookahead) [full]; pot_mode lookahead, pot_cap None): 1fb/43kg/p4(3)[4], 1fb/53kg/p0(0)[0], 1fb/53kg/p2(2)[2], 1fb/55kg/p3(2)[3], 1fb/58kg/p1(0)[1], 1fb/64kg/p1(0)[1], 1fb/80kg/p1(0)[1], 1fb/84kg/p2(1)[2], 1fb/93kg/p1(0)[1], 1fb/97kg/p1(0)[1], 1fb/100kg/p1(0)[1], 1fb/135kg/p3(2)[3], 1fb/143kg/p4(3)[4], 2fb/59kg/p3(3)[3], 2fb/72kg/p0(0)[0], 2fb/77kg/p0(0)[0]
[10:13:12] budget: 238 s of 300 left for the settles + regrids (settle_wall 480)
[10:13:14]     settle  4: 172 @   1414 d -> ok lintwin tank 747.3 (+128.3) miss 1 km (1.6 s)
[10:13:15]     settle  4: 255 @   1513 d -> ok lintwin tank 654.9 (+35.8) miss 1 km (1.4 s)
[10:13:16]     settle  4: 206 @   1392 d -> ok lam tank 641.3 (+22.3) miss 72 km (1.0 s)
[10:13:18]     settle  5: 189 @   1272 d -> ok lam tank 621.8 (+3.9) miss 100 km (6.1 s)
[10:13:18]     settle  4:  45 @   1136 d -> ok lintwin tank 794.2 (+175.2) miss 53 km (0.7 s)
[10:13:19]     settle  4: 284 @   1273 d -> ok lintwin tank 691.5 (+72.5) miss 58 km (1.2 s)
[10:13:20]     settle  5: 211 @   1501 d -> ok lintwin tank 621.3 (+1.6) miss 2 km (0.1 s)
[10:13:20]   regrid FAIL (1 fb: miss 5619 km, None, 1.8 s) -> column dropped
[10:13:20]     settle  5: 206 @   1500 d -> ok lintwin tank 626.2 (+6.6) miss 3 km (0.2 s)
[10:13:21]     settle  5: 132 @   1504 d -> ok lintwin tank 642.7 (+12.2) miss 12 km (0.5 s)
[10:13:21] plan: 1128 states, depth 9 new flybys, end plan_done (72 s); deepest 9 new to 2695 d at planner fuel 541 kg
[10:13:21]   depth  1:  167 states (149 in H), t_end 1116-1708 d, fuel 233-332 kg
[10:13:21]   depth  2:  150 states (78 in H), t_end 1198-2022 d, fuel 236-369 kg
[10:13:21]   depth  3:  150 states (21 in H), t_end 1490-2472 d, fuel 286-407 kg
[10:13:21]   depth  4:  150 states (8 in H), t_end 1533-2416 d, fuel 335-433 kg
[10:13:21]   depth  5:  150 states (0 in H), t_end 1919-2700 d, fuel 344-457 kg
[10:13:21]   depth  6:  150 states (0 in H), t_end 2298-2696 d, fuel 395-487 kg
[10:13:21]   depth  7:  150 states (0 in H), t_end 2445-2699 d, fuel 421-512 kg
[10:13:21]   depth  8:   59 states (0 in H), t_end 2530-2700 d, fuel 436-525 kg
[10:13:21]   depth  9:    2 states (0 in H), t_end 2694-2695 d, fuel 541-552 kg
[10:13:21] candidates: 136 distinct committed target sets (n_new 1-4, potential 0-3)
[10:13:21] frontier: 16 candidates chosen (n fb / committed planner kg / continuation (lookahead) [full]; pot_mode lookahead, pot_cap None): 1fb/233kg/p1(1)[1], 1fb/234kg/p0(0)[0], 1fb/235kg/p3(1)[3], 1fb/298kg/p4(3)[4], 1fb/310kg/p4(2)[4], 1fb/326kg/p4(2)[4], 1fb/330kg/p3(1)[3], 2fb/254kg/p2(1)[2], 2fb/269kg/p1(0)[1], 2fb/336kg/p3(3)[3], 3fb/298kg/p1(1)[1], 3fb/312kg/p0(0)[0], 3fb/364kg/p2(2)[2], 4fb/398kg/p0(0)[0], 4fb/399kg/p0(0)[0], 4fb/421kg/p0(0)[0]
[10:13:21] budget: 228 s of 300 left for the settles + regrids (settle_wall 480)
[10:13:21]     settle  5: 132 @   1501 d -> ok lintwin tank 643.0 (+1.6) miss 12 km (0.5 s)
[10:13:22]     settle  9: 257 @   1545 d -> ok lintwin tank 705.8 (+2.1) miss 5 km (0.4 s)
[10:13:22]     settle  6: 195 @   1610 d -> ok lintwin tank 649.0 (+6.0) miss 4 km (0.4 s)
[10:13:22]     settle  5: 206 @   1406 d -> ok lintwin tank 634.8 (+4.3) miss 5 km (0.3 s)
[10:13:22]     settle  9:  83 @   1473 d -> ok lintwin tank 705.0 (+1.3) miss 4 km (0.4 s)
[10:13:23]     settle  6: 195 @   1611 d -> ok lintwin tank 650.9 (+16.2) miss 5 km (0.4 s)
[10:13:23]     settle  9: 284 @   1248 d -> ok lintwin tank 705.2 (+1.5) miss 12 km (0.2 s)
[10:13:23]     settle  6: 195 @   1609 d -> ok lintwin tank 651.7 (+9.1) miss 64 km (0.2 s)
[10:13:23]     settle  9: 213 @   1162 d -> ok lintwin tank 735.8 (+32.1) miss 82 km (0.5 s)
[10:13:24]     settle  5: 206 @   1418 d -> ok lam tank 910.8 (+116.5) miss 2 km (0.9 s)
[10:13:25]     settle  9:  79 @   1297 d -> ok lintwin tank 752.6 (+48.9) miss 62 km (1.7 s)
[10:13:26]     settle  6: 132 @   1512 d -> FAIL [('lam', 14358709.8)] (2.4 s)
[10:13:27] plan: 1380 states, depth 9 new flybys, end plan_done (77 s); deepest 9 new to 2690 d at planner fuel 235 kg
[10:13:27]   depth  1:  386 states (386 in H), t_end 1150-1610 d, fuel 0-0 kg
[10:13:27]   depth  2:  150 states (102 in H), t_end 1383-1995 d, fuel 3-57 kg
[10:13:27]   depth  3:  150 states (2 in H), t_end 1495-2575 d, fuel 22-106 kg
[10:13:27]   depth  4:  150 states (0 in H), t_end 1670-2700 d, fuel 42-145 kg
[10:13:27]   depth  5:  150 states (0 in H), t_end 1998-2700 d, fuel 74-195 kg
[10:13:27]   depth  6:  150 states (0 in H), t_end 2264-2700 d, fuel 129-237 kg
[10:13:27]   depth  7:  150 states (0 in H), t_end 2444-2700 d, fuel 166-260 kg
[10:13:27]   depth  8:   88 states (0 in H), t_end 2520-2700 d, fuel 191-299 kg
[10:13:27]   depth  9:    6 states (0 in H), t_end 2680-2698 d, fuel 235-330 kg
[10:13:27] candidates: 122 distinct committed target sets (n_new 1-3, potential 0-1)
[10:13:27] frontier: 16 candidates chosen (n fb / committed planner kg / continuation (lookahead) [full]; pot_mode lookahead, pot_cap None): 1fb/0kg/p3(1)[3], 1fb/0kg/p2(1)[2], 1fb/0kg/p2(1)[2], 1fb/0kg/p1(0)[1], 1fb/0kg/p1(0)[1], 1fb/0kg/p1(0)[1], 1fb/0kg/p1(0)[1], 1fb/0kg/p1(0)[1], 1fb/0kg/p1(0)[1], 1fb/0kg/p1(0)[1], 1fb/0kg/p1(0)[1], 1fb/0kg/p1(0)[1], 2fb/3kg/p0(0)[0], 2fb/6kg/p0(0)[0], 2fb/34kg/p2(1)[2], 3fb/81kg/p1(1)[1]
[10:13:27] budget: 223 s of 300 left for the settles + regrids (settle_wall 480)
[10:13:27]   1 candidates dropped (settle failure / regrid failure / duplicate after truncation)
[10:13:27] RESULT s02_c4: 15 columns; frontier 1fb 1 kg p1/3 | 2fb 2 kg p0/2 | 3fb 30 kg p0/2; settles 18 (17 ok), regrids 15 (15 ok); wall 78 s of 300 (plan 61, price 0, settle 17; budget hit None, 0 unsettled)
[10:13:27]     settle  9: 132 @   1408 d -> ok lam tank 732.7 (+29.0) miss 0 km (1.6 s)
[10:13:27] plan: 1377 states, depth 10 new flybys, end plan_done (78 s); deepest 10 new to 2690 d at planner fuel 329 kg
[10:13:27]   depth  1:  157 states (132 in H), t_end 1093-1791 d, fuel 5-120 kg
[10:13:27]   depth  2:  150 states (67 in H), t_end 1213-2010 d, fuel 27-170 kg
[10:13:27]   depth  3:  150 states (48 in H), t_end 1417-2368 d, fuel 87-207 kg
[10:13:27]   depth  4:  150 states (3 in H), t_end 1584-2692 d, fuel 120-253 kg
[10:13:27]   depth  5:  150 states (0 in H), t_end 1658-2686 d, fuel 169-298 kg
[10:13:27]   depth  6:  150 states (0 in H), t_end 2003-2695 d, fuel 179-329 kg
[10:13:27]   depth  7:  150 states (0 in H), t_end 2077-2698 d, fuel 201-354 kg
[10:13:27]   depth  8:  150 states (0 in H), t_end 2352-2697 d, fuel 252-383 kg
[10:13:27]   depth  9:  144 states (0 in H), t_end 2451-2700 d, fuel 291-406 kg
[10:13:27]   depth 10:   26 states (0 in H), t_end 2657-2695 d, fuel 329-427 kg
[10:13:27] candidates: 148 distinct committed target sets (n_new 1-4, potential 0-3)
[10:13:27] frontier: 16 candidates chosen (n fb / committed planner kg / continuation (lookahead) [full]; pot_mode lookahead, pot_cap None): 1fb/5kg/p0(0)[0], 1fb/8kg/p0(0)[0], 1fb/43kg/p3(2)[3], 1fb/69kg/p4(2)[4], 1fb/72kg/p4(3)[4], 1fb/89kg/p4(2)[4], 1fb/107kg/p4(2)[4], 1fb/108kg/p4(1)[4], 2fb/27kg/p0(0)[0], 2fb/41kg/p1(0)[1], 2fb/108kg/p3(2)[3], 3fb/88kg/p0(0)[0], 3fb/94kg/p0(0)[0], 3fb/145kg/p2(2)[2], 4fb/239kg/p1(1)[1], 4fb/244kg/p1(1)[1]
[10:13:27] budget: 222 s of 300 left for the settles + regrids (settle_wall 480)
[10:13:28]   job s02_c4 craft columns  15  levels 10  settles 17/18  end plan_done  wall 77.5 s
[10:13:28]     settle  2: 137 @   1604 d -> ok lintwin tank 603.6 (+2.1) miss 1 km (0.4 s)
[10:13:28]     settle  3:  95 @   1583 d -> ok lintwin tank 603.1 (+0.2) miss 0 km (0.7 s)
[10:13:29]     settle  3:   8 @   1336 d -> ok lintwin tank 604.5 (+1.6) miss 0 km (0.5 s)
[10:13:29]     settle  2: 137 @   1616 d -> ok lintwin tank 601.8 (+0.3) miss 0 km (0.8 s)
[10:13:29]     settle  9: 293 @   1157 d -> ok lintwin tank 764.6 (+60.9) miss 70 km (1.6 s)
[10:13:29] plan: 1431 states, depth 10 new flybys, end plan_done (79 s); deepest 10 new to 2667 d at planner fuel 217 kg
[10:13:29]   depth  1:  250 states (250 in H), t_end 1305-1620 d, fuel 0-0 kg
[10:13:29]   depth  2:  150 states (53 in H), t_end 1405-2195 d, fuel 1-55 kg
[10:13:29]   depth  3:  150 states (4 in H), t_end 1610-2308 d, fuel 15-98 kg
[10:13:29]   depth  4:  150 states (0 in H), t_end 1694-2613 d, fuel 41-146 kg
[10:13:29]   depth  5:  150 states (0 in H), t_end 1875-2695 d, fuel 72-183 kg
[10:13:29]   depth  6:  150 states (0 in H), t_end 1950-2698 d, fuel 96-225 kg
[10:13:29]   depth  7:  150 states (0 in H), t_end 2114-2696 d, fuel 101-261 kg
[10:13:29]   depth  8:  150 states (0 in H), t_end 2314-2699 d, fuel 135-299 kg
[10:13:29]   depth  9:  103 states (0 in H), t_end 2420-2698 d, fuel 177-297 kg
[10:13:29]   depth 10:   28 states (0 in H), t_end 2630-2698 d, fuel 217-332 kg
[10:13:29] candidates: 76 distinct committed target sets (n_new 1-3, potential 0-4)
[10:13:29] frontier: 16 candidates chosen (n fb / committed planner kg / continuation (lookahead) [full]; pot_mode lookahead, pot_cap None): 1fb/0kg/p5(3)[5], 1fb/0kg/p5(4)[5], 1fb/0kg/p3(2)[3], 1fb/0kg/p3(3)[3], 1fb/0kg/p3(3)[3], 1fb/0kg/p3(2)[3], 1fb/0kg/p3(3)[3], 1fb/0kg/p3(2)[3], 1fb/0kg/p3(2)[3], 1fb/0kg/p2(1)[2], 2fb/1kg/p0(0)[0], 2fb/1kg/p2(2)[2], 2fb/38kg/p4(4)[4], 2fb/49kg/p4(3)[4], 3fb/65kg/p3(3)[3], 3fb/85kg/p3(3)[3]
[10:13:29] budget: 220 s of 300 left for the settles + regrids (settle_wall 480)
[10:13:29]     settle  3:  87 @   1466 d -> ok lintwin tank 615.0 (+12.1) miss 4 km (0.3 s)
[10:13:29]     settle  2: 223 @   1395 d -> ok lintwin tank 609.7 (+8.2) miss 71 km (0.3 s)
[10:13:29]     settle  3: 248 @   1153 d -> ok lintwin tank 608.3 (+5.3) miss 0 km (0.2 s)
[10:13:30]     settle  3:  36 @   1496 d -> ok lintwin tank 613.6 (+3.9) miss 2 km (0.2 s)
[10:13:30]     settle  2: 221 @   1520 d -> ok lintwin tank 601.9 (+0.4) miss 1 km (0.1 s)
[10:13:30] RESULT s02_r0: 16 columns; frontier 1fb 0 kg p1/1 | 2fb 0 kg p0/1 | 3fb 12 kg p1/1; settles 16 (16 ok), regrids 16 (16 ok); wall 80 s of 300 (plan 77, price 0, settle 3; budget hit None, 0 unsettled)
[10:13:30]     settle  2: 137 @   1618 d -> ok lintwin tank 601.5 (+0.0) miss 0 km (0.1 s)
[10:13:30]     settle  2: 135 @   1560 d -> ok lintwin tank 614.2 (+12.7) miss 5 km (0.2 s)
[10:13:30]     settle  2:  89 @   1490 d -> ok lintwin tank 614.6 (+13.1) miss 5 km (0.1 s)
[10:13:30]     settle  2: 127 @   1405 d -> ok lintwin tank 614.5 (+13.0) miss 3 km (0.1 s)
[10:13:30]     settle  3: 137 @   1612 d -> ok lintwin tank 618.8 (+4.3) miss 1 km (0.1 s)
[10:13:30] plan: 1292 states, depth 10 new flybys, end plan_done (81 s); deepest 10 new to 2618 d at planner fuel 427 kg
[10:13:30]   depth  1:  119 states (102 in H), t_end 1120-1729 d, fuel 171-268 kg
[10:13:30]   depth  2:  150 states (133 in H), t_end 1293-2027 d, fuel 185-304 kg
[10:13:30]   depth  3:  150 states (97 in H), t_end 1404-2004 d, fuel 228-334 kg
[10:13:30]   depth  4:  150 states (3 in H), t_end 1588-2368 d, fuel 247-352 kg
[10:13:30]   depth  5:  150 states (0 in H), t_end 1758-2692 d, fuel 271-386 kg
[10:13:30]   depth  6:  150 states (0 in H), t_end 2101-2700 d, fuel 333-415 kg
[10:13:30]   depth  7:  150 states (0 in H), t_end 2274-2700 d, fuel 349-454 kg
[10:13:30]   depth  8:  150 states (0 in H), t_end 2409-2700 d, fuel 391-479 kg
[10:13:30]   depth  9:  105 states (0 in H), t_end 2483-2695 d, fuel 414-508 kg
[10:13:30]   depth 10:   18 states (0 in H), t_end 2614-2688 d, fuel 427-535 kg
[10:13:30] candidates: 190 distinct committed target sets (n_new 1-4, potential 0-3)
[10:13:30] frontier: 16 candidates chosen (n fb / committed planner kg / continuation (lookahead) [full]; pot_mode lookahead, pot_cap None): 1fb/174kg/p0(0)[0], 1fb/177kg/p0(0)[0], 1fb/208kg/p4(1)[4], 1fb/232kg/p4(2)[4], 1fb/237kg/p4(2)[4], 1fb/238kg/p3(2)[3], 2fb/185kg/p0(0)[0], 2fb/194kg/p0(0)[0], 2fb/221kg/p3(3)[3], 2fb/236kg/p3(1)[3], 3fb/228kg/p0(0)[0], 3fb/229kg/p0(0)[0], 3fb/255kg/p2(1)[2], 4fb/284kg/p1(1)[1], 4fb/307kg/p1(1)[1], 4fb/334kg/p0(0)[0]
[10:13:30] budget: 219 s of 300 left for the settles + regrids (settle_wall 480)
[10:13:30]     settle 10: 127 @   1418 d -> ok lintwin tank 707.4 (+2.2) miss 70 km (1.2 s)
[10:13:31]     settle  3: 137 @   1615 d -> ok lintwin tank 625.4 (+10.8) miss 22 km (0.2 s)
[10:13:31] RESULT s02_r1: 16 columns; frontier 1fb 0 kg p3/4 | 2fb 0 kg p2/4 | 3fb 17 kg p3/3; settles 18 (18 ok), regrids 16 (16 ok); wall 81 s of 300 (plan 79, price 0, settle 2; budget hit None, 0 unsettled)
[10:13:31]     settle  9:  46 @   1209 d -> ok lintwin tank 706.8 (+3.1) miss 1 km (0.2 s)
[10:13:31]     settle  3: 132 @   1423 d -> ok lintwin tank 619.6 (+16.7) miss 8 km (1.3 s)
[10:13:31]     settle  8:  39 @   1441 d -> ok lintwin tank 673.5 (+4.0) miss 74 km (0.9 s)
[10:13:32]   job s02_r0 root  columns  16  levels 9  settles 16/16  end plan_done  wall 80.2 s
[10:13:32]   job s02_r1 root  columns  16  levels 10  settles 18/18  end plan_done  wall 81.2 s
[10:13:32]     settle 10: 115 @   1399 d -> ok lintwin tank 709.6 (+2.8) miss 66 km (1.6 s)
[10:13:33]     settle  8:  70 @   1471 d -> ok lintwin tank 675.8 (+6.3) miss 80 km (1.3 s)
[10:13:33]     settle  5: 278 @   1533 d -> FAIL [('lin', 307489.2), ('lam', 7316749.6)] (13.1 s)
[10:13:33]     settle  3: 238 @   1323 d -> ok lintwin tank 619.9 (+17.0) miss 3 km (0.6 s)
[10:13:33]     settle 10: 100 @   1311 d -> ok lintwin tank 758.1 (+22.3) miss 71 km (0.6 s)
[10:13:34]     settle  3:  41 @   1210 d -> ok lintwin tank 634.9 (+32.0) miss 6 km (0.8 s)
[10:13:34]     settle  3:  43 @   1148 d -> ok lintwin tank 616.1 (+13.2) miss 1 km (0.3 s)
[10:13:34]     settle  8:  41 @   1211 d -> ok lintwin tank 685.4 (+16.0) miss 61 km (1.2 s)
[10:13:34]     settle 11: 137 @   1618 d -> ok lintwin tank 726.1 (+18.7) miss 72 km (0.9 s)
[10:13:34]     settle  3: 248 @   1160 d -> ok lintwin tank 608.3 (+5.3) miss 0 km (0.2 s)
[10:13:35]     settle 11: 137 @   1619 d -> ok lintwin tank 726.1 (+16.5) miss 10 km (0.2 s)
[10:13:35]     settle  4: 257 @   1403 d -> ok lintwin tank 611.5 (+3.2) miss 4 km (0.3 s)
[10:13:35]     settle  3:  43 @   1152 d -> ok lintwin tank 616.1 (+13.2) miss 1 km (0.2 s)
[10:13:35]     settle 10:  36 @   1495 d -> ok lintwin tank 749.5 (+16.8) miss 42 km (0.5 s)
[10:13:35]     settle  4:  45 @   1347 d -> ok lintwin tank 617.4 (+1.3) miss 1 km (0.1 s)
[10:13:36]     settle  8: 248 @   1151 d -> ok lintwin tank 696.2 (+26.7) miss 71 km (1.2 s)
[10:13:36]     settle  5: 157 @   1578 d -> ok lam tank 639.9 (+21.9) miss 3 km (3.0 s)
[10:13:36]     settle  4: 132 @   1421 d -> ok lintwin tank 625.3 (+17.0) miss 2 km (0.7 s)
[10:13:37]     settle  5: 137 @   1610 d -> ok lintwin tank 629.4 (+12.0) miss 14 km (0.3 s)
[10:13:37]     settle 11:  59 @   1610 d -> ok lintwin tank 748.6 (+-0.9) miss 73 km (1.3 s)
[10:13:37]     settle  8: 190 @   1120 d -> ok lintwin tank 700.9 (+31.5) miss 60 km (1.0 s)
[10:13:37]     settle  4: 249 @   1307 d -> ok lintwin tank 620.3 (+4.3) miss 1 km (0.3 s)
[10:13:37]     settle  5: 137 @   1610 d -> ok lintwin tank 629.0 (+8.7) miss 1 km (0.4 s)
[10:13:38]     settle  5:  36 @   1500 d -> ok lintwin tank 636.0 (+10.7) miss 14 km (0.3 s)
[10:13:38] plan: 1415 states, depth 11 new flybys, end plan_done (88 s); deepest 11 new to 2613 d at planner fuel 537 kg
[10:13:38]   depth  1:  101 states (83 in H), t_end 1112-1722 d, fuel 195-283 kg
[10:13:38]   depth  2:  150 states (121 in H), t_end 1217-1942 d, fuel 218-323 kg
[10:13:38]   depth  3:  150 states (30 in H), t_end 1435-1846 d, fuel 226-351 kg
[10:13:38]   depth  4:  150 states (9 in H), t_end 1563-2300 d, fuel 253-389 kg
[10:13:38]   depth  5:  150 states (0 in H), t_end 1666-2455 d, fuel 315-423 kg
[10:13:38]   depth  6:  150 states (0 in H), t_end 2075-2698 d, fuel 329-458 kg
[10:13:38]   depth  7:  150 states (0 in H), t_end 2132-2699 d, fuel 376-491 kg
[10:13:38]   depth  8:  150 states (0 in H), t_end 2325-2699 d, fuel 423-517 kg
[10:13:38]   depth  9:  150 states (0 in H), t_end 2409-2700 d, fuel 437-558 kg
[10:13:38]   depth 10:  101 states (0 in H), t_end 2524-2699 d, fuel 485-580 kg
[10:13:38]   depth 11:   13 states (0 in H), t_end 2613-2700 d, fuel 537-609 kg
[10:13:38] candidates: 166 distinct committed target sets (n_new 1-4, potential 0-2)
[10:13:38] frontier: 16 candidates chosen (n fb / committed planner kg / continuation (lookahead) [full]; pot_mode lookahead, pot_cap None): 1fb/197kg/p4(2)[4], 1fb/199kg/p3(2)[3], 1fb/208kg/p0(0)[0], 1fb/238kg/p4(1)[4], 1fb/259kg/p4(1)[4], 1fb/266kg/p4(1)[4], 1fb/278kg/p4(1)[4], 2fb/218kg/p2(2)[2], 2fb/220kg/p0(0)[0], 2fb/225kg/p3(2)[3], 3fb/232kg/p1(1)[1], 3fb/248kg/p2(2)[2], 3fb/255kg/p1(1)[1], 4fb/307kg/p1(1)[1], 4fb/310kg/p1(1)[1], 4fb/336kg/p0(0)[0]
[10:13:38] budget: 211 s of 300 left for the settles + regrids (settle_wall 480)
[10:13:38]   regrid FAIL (1 fb: miss 401750 km, None, 2.4 s) -> column dropped
[10:13:39]     settle 10:  23 @   1366 d -> ok lintwin tank 785.2 (+20.6) miss 68 km (1.3 s)
[10:13:39]     settle  4: 132 @   1418 d -> ok lintwin tank 635.8 (+19.8) miss 79 km (0.6 s)
[10:13:39]     settle  8: 238 @   1326 d -> ok lintwin tank 706.3 (+36.8) miss 99 km (1.9 s)
[10:13:39]     settle  7: 164 @   1133 d -> ok lintwin tank 686.2 (+8.9) miss 25 km (1.1 s)
[10:13:39]     settle  5:  36 @   1498 d -> ok lintwin tank 642.6 (+6.8) miss 70 km (0.7 s)
[10:13:40]     settle  6: 227 @   1584 d -> ok lintwin tank 649.7 (+7.1) miss 69 km (0.4 s)
[10:13:40]     settle 11: 190 @   1521 d -> ok lintwin tank 825.8 (+40.6) miss 70 km (1.3 s)
[10:13:40]     settle  6:  59 @   1592 d -> ok lintwin tank 654.4 (+11.8) miss 52 km (0.4 s)
[10:13:40] RESULT s02_c5: 16 columns; frontier 1fb 0 kg p0/3 | 2fb 8 kg p0/2 | 3fb 26 kg p0/2 | 4fb 47 kg p1/1; settles 21 (21 ok), regrids 16 (16 ok); wall 91 s of 300 (plan 78, price 0, settle 13; budget hit None, 0 unsettled)
[10:13:41]     settle  8:  49 @   1268 d -> ok lintwin tank 736.9 (+67.4) miss 58 km (1.5 s)
[10:13:41]     settle  7: 127 @   1313 d -> ok lintwin tank 681.8 (+4.4) miss 57 km (1.9 s)
[10:13:42]   job s02_c5 craft columns  16  levels 10  settles 21/21  end plan_done  wall 90.8 s
[10:13:42]     settle 12:  79 @   1565 d -> ok lintwin tank 837.5 (+11.7) miss 55 km (2.2 s)
[10:13:42]     settle  9: 286 @   1436 d -> ok lintwin tank 740.5 (+3.6) miss 76 km (1.7 s)
[10:13:43]     settle  7: 286 @   1442 d -> ok lintwin tank 697.0 (+19.6) miss 54 km (1.0 s)
[10:13:44]     settle  9:  70 @   1472 d -> ok lintwin tank 758.8 (+21.8) miss 74 km (1.1 s)
[10:13:44]     settle 11: 235 @   1490 d -> ok lintwin tank 815.0 (+29.9) miss 65 km (1.6 s)
[10:13:44]     settle  7: 210 @   1220 d -> ok lintwin tank 701.5 (+24.1) miss 28 km (1.4 s)
[10:13:45]     settle  9: 223 @   1474 d -> ok lintwin tank 696.8 (+11.4) miss 66 km (0.9 s)
[10:13:46]     settle  7: 103 @   1202 d -> ok lintwin tank 681.5 (+4.1) miss 41 km (1.1 s)
[10:13:46]     settle 12: 190 @   1533 d -> ok lintwin tank 843.8 (+28.8) miss 47 km (1.6 s)
[10:13:46]     settle  9:   9 @   1293 d -> ok lintwin tank 715.0 (+29.6) miss 61 km (0.8 s)
[10:13:46]     settle  5: 250 @   1316 d -> FAIL [('lin', 170535.0), ('lam', 102266.6)] (7.4 s)
[10:13:47]     settle  8:  43 @   1157 d -> ok lintwin tank 688.2 (+18.7) miss 65 km (0.7 s)
[10:13:47]     settle  7: 231 @   1232 d -> ok lintwin tank 697.5 (+20.1) miss 57 km (1.3 s)
[10:13:48]     settle  9:  45 @   1349 d -> ok lintwin tank 688.5 (+0.3) miss 69 km (1.3 s)
[10:13:48]     settle 11: 235 @   1492 d -> ok lintwin tank 815.0 (+29.8) miss 0 km (2.0 s)
[10:13:48]     settle  7: 185 @   1202 d -> ok lintwin tank 696.6 (+19.2) miss 67 km (1.0 s)
[10:13:49]     settle 10: 137 @   1609 d -> ok lintwin tank 694.2 (+5.6) miss 73 km (1.2 s)
[10:13:49]     settle  7: 164 @   1119 d -> ok lintwin tank 684.0 (+6.6) miss 69 km (1.0 s)
[10:13:50]     settle  8: 270 @   1140 d -> ok lintwin tank 677.8 (+8.3) miss 61 km (0.9 s)
[10:13:50]     settle 12:  79 @   1566 d -> ok lintwin tank 894.4 (+79.5) miss 50 km (2.3 s)
[10:13:50] RESULT s02_c1: 16 columns; frontier 1fb 1 kg p0/3 | 2fb 4 kg p1/3 | 3fb 22 kg p1/2 | 4fb 134 kg p0/0; settles 22 (22 ok), regrids 16 (16 ok); wall 101 s of 300 (plan 72, price 1, settle 29; budget hit None, 0 unsettled)
[10:13:51]     settle  9:  45 @   1352 d -> ok lintwin tank 678.4 (+0.6) miss 69 km (0.6 s)
[10:13:51]     settle  8: 138 @   1435 d -> ok lintwin tank 689.6 (+5.6) miss 68 km (1.4 s)
[10:13:51]     settle  5: 228 @   1365 d -> FAIL [('lam', 1023564.4)] (5.4 s)
[10:13:52]   job s02_c1 craft columns  16  levels 9  settles 22/22  end plan_done  wall 100.7 s
[10:13:52]     settle 10: 137 @   1606 d -> ok lintwin tank 684.1 (+5.7) miss 68 km (1.6 s)
[10:13:54]     settle  8: 140 @   1366 d -> ok lam tank 707.9 (+21.6) miss 0 km (2.5 s)
[10:13:54]     settle 10: 115 @   1457 d -> ok lintwin tank 739.8 (+24.8) miss 59 km (1.2 s)
[10:13:55]     settle 11: 157 @   1589 d -> ok lintwin tank 747.6 (+7.8) miss 68 km (0.8 s)
[10:13:55]     settle  8:  23 @   1385 d -> ok lintwin tank 700.6 (+14.4) miss 73 km (1.4 s)
[10:13:56]     settle 10:  30 @   1508 d -> ok lintwin tank 731.7 (+16.8) miss 97 km (1.4 s)
[10:13:57]     settle  5: 201 @   1370 d -> FAIL [('lam', 613428.5)] (5.4 s)
[10:13:57]     settle  9: 182 @   1559 d -> ok lintwin tank 692.6 (+3.0) miss 67 km (1.1 s)
[10:13:57]     settle 11: 157 @   1588 d -> ok lintwin tank 733.0 (+1.3) miss 62 km (1.0 s)
[10:13:59]     settle  8:  41 @   1209 d -> ok lintwin tank 685.5 (+16.0) miss 79 km (1.1 s)
[10:13:59]     settle  9: 167 @   1531 d -> ok lintwin tank 703.6 (+3.0) miss 61 km (1.8 s)
[10:13:59]     settle  9: 183 @   1298 d -> ok lintwin tank 695.1 (+9.6) miss 60 km (0.7 s)
[10:14:00]     settle  8: 138 @   1436 d -> ok lintwin tank 700.4 (+18.6) miss 74 km (1.3 s)
[10:14:01]     settle 10: 223 @   1471 d -> ok lintwin tank 714.9 (+19.8) miss 83 km (1.4 s)
[10:14:01]     settle 11: 283 @   1616 d -> ok lintwin tank 732.5 (+17.6) miss 19 km (0.3 s)
[10:14:01]   drift: leg 283@1616 d settled outside (T, T+H] -> column cut at 3
[10:14:01] RESULT s02_c0: 16 columns; frontier 1fb 4 kg p0/2 | 2fb 27 kg p3/3 | 3fb 15 kg p0/1 | 4fb 64 kg p1/1; settles 25 (25 ok), regrids 16 (16 ok); wall 112 s of 300 (plan 81, price 1, settle 31; budget hit None, 0 unsettled)
[10:14:02]   job s02_c0 craft columns  16  levels 10  settles 25/25  end plan_done  wall 111.9 s
[10:14:02]     settle  9: 182 @   1561 d -> ok lintwin tank 738.5 (+38.1) miss 71 km (1.5 s)
[10:14:03]     settle  5: 256 @   1425 d -> FAIL [('lam', 176759.5)] (6.5 s)
[10:14:03]     settle  8: 238 @   1301 d -> ok lintwin tank 735.5 (+34.0) miss 49 km (1.4 s)
[10:14:05]     settle  9: 138 @   1435 d -> ok lintwin tank 764.3 (+28.7) miss 58 km (1.9 s)
[10:14:07]     settle 10: 182 @   1563 d -> ok lintwin tank 800.4 (+36.1) miss 41 km (1.8 s)
[10:14:09]     settle  8: 238 @   1300 d -> ok lintwin tank 734.1 (+32.6) miss 58 km (1.2 s)
[10:14:11]     settle  9: 138 @   1435 d -> ok lintwin tank 762.3 (+28.2) miss 77 km (1.9 s)
[10:14:11]     settle  5: 208 @   1317 d -> ok lam tank 657.4 (+39.4) miss 32 km (7.8 s)
[10:14:11]     settle  5: 123 @   1301 d -> ok lintwin tank 745.6 (+127.6) miss 90 km (0.2 s)
[10:14:13]     settle  5: 195 @   1213 d -> ok lam tank 651.2 (+33.3) miss 71 km (1.9 s)
[10:14:14]     settle 10: 241 @   1618 d -> ok lam tank 780.6 (+18.3) miss 0 km (2.8 s)
[10:14:15]   regrid FAIL (1 fb: miss 7755 km, None, 1.1 s) -> column dropped
[10:14:16]     settle  8: 244 @   1302 d -> ok lintwin tank 706.6 (+10.1) miss 19 km (1.9 s)
[10:14:17]     settle  9: 138 @   1441 d -> ok lintwin tank 720.8 (+14.2) miss 51 km (1.2 s)
[10:14:18]     settle 10:  44 @   1613 d -> ok lintwin tank 722.5 (+1.7) miss 74 km (1.4 s)
[10:14:19] RESULT s02_c2: 16 columns; frontier 1fb 4 kg p1/2 | 2fb 12 kg p2/2 | 3fb 15 kg p1/2 | 4fb 45 kg p0/1; settles 24 (24 ok), regrids 16 (16 ok); wall 129 s of 300 (plan 88, price 1, settle 41; budget hit None, 0 unsettled)
[10:14:20]   job s02_c2 craft columns  16  levels 11  settles 24/24  end plan_done  wall 129.1 s
[10:14:20]     settle  5:  19 @   1425 d -> FAIL [('lam', 6393343.0)] (5.7 s)
[10:14:23]     settle  5: 283 @   1391 d -> ok lam tank 667.4 (+49.5) miss 5 km (2.5 s)
[10:14:25]   regrid FAIL (1 fb: miss 5768 km, None, 1.9 s) -> column dropped
[10:14:30]     settle  5: 222 @   1221 d -> FAIL [('lam', 1790621.2)] (4.8 s)
[10:14:32]     settle  6: 157 @   1577 d -> ok lam tank 629.9 (+8.1) miss 99 km (2.5 s)
[10:14:34]   regrid FAIL (2 fb: miss 278650 km, None, 1.6 s) -> column dropped
[10:14:35]     settle  6:  98 @   1611 d -> ok lam tank 632.2 (+10.4) miss 99 km (1.8 s)
[10:14:38]   regrid FAIL (2 fb: miss 308228 km, None, 2.3 s) -> column dropped
[10:14:38]   4 consecutive regrid failures (regrid_fail_max 4): only extensions of regrid-ok prefixes are settled from here
[10:14:38]   13 candidates dropped (settle failure / regrid failure / duplicate after truncation)
[10:14:38] RESULT s02_c3: 2 columns; frontier 1fb 39 kg p1/1; settles 24 (8 ok), regrids 8 (2 ok); wall 148 s of 300 (plan 62, price 0, settle 86; budget hit regrid_streak, 1 unsettled)
[10:14:38]   job s02_c3 craft columns   2  levels 9  settles 8/24  end plan_done  wall 148.1 s
[10:14:38] [slice 2] propose: 119 columns (0 bad dropped) in 148.3 s
[10:14:38] [slice 2] auction: 119 columns, kept 115, dropped {'ramp': 4}; lam 1.00 H_eff 540 d fuel budget 482 kg quota on stagger 60.0 d
[10:14:38] [slice 2] auction: status optimal objective 25.715 vars 115 rows 50 chosen 8 fuel 281/482 kg (0.01 s)
[10:14:40] [slice 2 T=1080 d] launched 8/8  covered 52  remaining 246  fuel 574 kg  sumJi 8.4431  chosen: c0:4(+63) c1:2(+54) c2:4(+45) c3:1(+39) c4:2(+2) c5:4(+47) r->c6:3(+17) r->c7:2(+13)  rejected: -  (wall 150 s)
[10:14:40] [slice 3 T=1620 d] propose: 8 jobs (8 craft, 0 root) on 9 workers, proposer planbeam, H_eff 540 d, lam 1.0
[10:14:40] job s03_c0 (craft, craft 0, planbeam): T 1620 d H 540 L 360; plan horizon 3240 d; remaining 246; prize >1 on 55; width 150 npt 6 mc 150 dv 1.2 drmax 0.15 plan_wall 240 s; quota {'fil': 7, 'med': 16}
[10:14:40] job s03_c2 (craft, craft 2, planbeam): T 1620 d H 540 L 360; plan horizon 3240 d; remaining 246; prize >1 on 55; width 150 npt 6 mc 150 dv 1.2 drmax 0.15 plan_wall 240 s; quota {'fil': 9, 'med': 13}
[10:14:40] job s03_c3 (craft, craft 3, planbeam): T 1620 d H 540 L 360; plan horizon 3240 d; remaining 246; prize >1 on 55; width 150 npt 6 mc 150 dv 1.2 drmax 0.15 plan_wall 240 s; quota {'fil': 10, 'med': 17}
[10:14:40] job s03_c5 (craft, craft 5, planbeam): T 1620 d H 540 L 360; plan horizon 3240 d; remaining 246; prize >1 on 55; width 150 npt 6 mc 150 dv 1.2 drmax 0.15 plan_wall 240 s; quota {'fil': 11, 'med': 16}
[10:14:40] job s03_c7 (craft, craft 7, planbeam): T 1620 d H 540 L 360; plan horizon 3240 d; remaining 246; prize >1 on 55; width 150 npt 6 mc 150 dv 1.2 drmax 0.15 plan_wall 240 s; quota {'fil': 11, 'med': 17}
[10:14:40] job s03_c6 (craft, craft 6, planbeam): T 1620 d H 540 L 360; plan horizon 3240 d; remaining 246; prize >1 on 55; width 150 npt 6 mc 150 dv 1.2 drmax 0.15 plan_wall 240 s; quota {'fil': 11, 'med': 17}
[10:14:40] job s03_c1 (craft, craft 1, planbeam): T 1620 d H 540 L 360; plan horizon 3240 d; remaining 246; prize >1 on 55; width 150 npt 6 mc 150 dv 1.2 drmax 0.15 plan_wall 240 s; quota {'fil': 8, 'med': 15}
[10:14:40] job s03_c4 (craft, craft 4, planbeam): T 1620 d H 540 L 360; plan horizon 3240 d; remaining 246; prize >1 on 55; width 150 npt 6 mc 150 dv 1.2 drmax 0.15 plan_wall 240 s; quota {'fil': 10, 'med': 16}
[10:14:40] prefix slices/s03/in/craft_7.npz: 2 flybys, t_end 1561.4 d, tank 614.2 kg (planner view), miss 0.0 km, nreg 17
[10:14:40] budget: job_wall 300 s, 300 s left before the plan -> plan cap 210 s (plan_wall 240, settle_reserve 90)
[10:14:40] prefix slices/s03/in/craft_6.npz: 3 flybys, t_end 1612.1 d, tank 618.8 kg (planner view), miss 0.1 km, nreg 20
[10:14:40] budget: job_wall 300 s, 300 s left before the plan -> plan cap 210 s (plan_wall 240, settle_reserve 90)
[10:14:40] prefix slices/s03/in/craft_3.npz: 5 flybys, t_end 1328.9 d, tank 657.3 kg (planner view), miss 71.8 km, nreg 40
[10:14:40] budget: job_wall 300 s, 300 s left before the plan -> plan cap 210 s (plan_wall 240, settle_reserve 90)
[10:14:40] prefix slices/s03/in/craft_4.npz: 5 flybys, t_end 1501.4 d, tank 621.3 kg (planner view), miss 0.3 km, nreg 45
[10:14:40] prefix slices/s03/in/craft_5.npz: 6 flybys, t_end 1584.3 d, tank 649.6 kg (planner view), miss 85.1 km, nreg 49
[10:14:40] budget: job_wall 300 s, 300 s left before the plan -> plan cap 210 s (plan_wall 240, settle_reserve 90)
[10:14:40] budget: job_wall 300 s, 300 s left before the plan -> plan cap 210 s (plan_wall 240, settle_reserve 90)
[10:14:40] prefix slices/s03/in/craft_1.npz: 10 flybys, t_end 1312.4 d, tank 758.0 kg (planner view), miss 7.6 km, nreg 65
[10:14:40] budget: job_wall 300 s, 300 s left before the plan -> plan cap 210 s (plan_wall 240, settle_reserve 90)
[10:14:40] prefix slices/s03/in/craft_0.npz: 11 flybys, t_end 1591.2 d, tank 732.9 kg (planner view), miss 0.4 km, nreg 79
[10:14:40] budget: job_wall 300 s, 300 s left before the plan -> plan cap 210 s (plan_wall 240, settle_reserve 90)
[10:14:40] prefix slices/s03/in/craft_2.npz: 10 flybys, t_end 1613.6 d, tank 722.5 kg (planner view), miss 10.9 km, nreg 77
[10:14:40] budget: job_wall 300 s, 300 s left before the plan -> plan cap 210 s (plan_wall 240, settle_reserve 90)
[10:14:44] first level (both): 0 production + 83 relaxed (dv 2.5, 0.3 AU; 0.1 s) + 79 lintwin children -> 122 unique (4.1 s)
[10:14:44] plan start: prefix 2 flybys, t_end 1561.4 d, planner mass 1567.0 kg (dv 0.817 km/s); 122 first-level states
[10:14:45] first level (both): 0 production + 53 relaxed (dv 2.5, 0.3 AU; 0.1 s) + 80 lintwin children -> 108 unique (4.5 s)
[10:14:45] plan start: prefix 3 flybys, t_end 1612.1 d, planner mass 1555.4 kg (dv 1.110 km/s); 108 first-level states
[10:14:47] first level (both): 0 production + 97 relaxed (dv 2.5, 0.3 AU; 0.1 s) + 80 lintwin children -> 128 unique (7.3 s)
[10:14:47] plan start: prefix 6 flybys, t_end 1584.3 d, planner mass 1481.6 kg (dv 3.016 km/s); 128 first-level states
[10:14:47] first level (both): 0 production + 50 relaxed (dv 2.5, 0.3 AU; 0.1 s) + 92 lintwin children -> 122 unique (7.4 s)
[10:14:47] plan start: prefix 5 flybys, t_end 1501.4 d, planner mass 1549.1 kg (dv 1.269 km/s); 122 first-level states
[10:14:48] first level (both): 0 production + 42 relaxed (dv 2.5, 0.3 AU; 0.1 s) + 121 lintwin children -> 144 unique (8.2 s)
[10:14:48] plan start: prefix 5 flybys, t_end 1328.9 d, planner mass 1464.3 kg (dv 3.477 km/s); 144 first-level states
[10:14:50] first level (both): 0 production + 16 relaxed (dv 2.5, 0.3 AU; 0.1 s) + 56 lintwin children -> 61 unique (9.8 s)
[10:14:50] plan start: prefix 11 flybys, t_end 1591.2 d, planner mass 1313.1 kg (dv 7.753 km/s); 61 first-level states
[10:14:50] first level (both): 0 production + 85 relaxed (dv 2.5, 0.3 AU; 0.1 s) + 44 lintwin children -> 97 unique (9.9 s)
[10:14:50] plan start: prefix 10 flybys, t_end 1613.6 d, planner mass 1332.1 kg (dv 7.187 km/s); 97 first-level states
[10:14:50] first level (both): 0 production + 87 relaxed (dv 2.5, 0.3 AU; 0.1 s) + 115 lintwin children -> 167 unique (10.2 s)
[10:14:50] plan start: prefix 10 flybys, t_end 1312.4 d, planner mass 1269.7 kg (dv 9.070 km/s); 167 first-level states
[10:15:40] plan: 1106 states, depth 9 new flybys, end plan_done (60 s); deepest 9 new to 3222 d at planner fuel 402 kg
[10:15:40]   depth  1:  144 states (131 in H), t_end 1623-2295 d, fuel 136-239 kg
[10:15:40]   depth  2:  150 states (137 in H), t_end 1832-2515 d, fuel 151-269 kg
[10:15:40]   depth  3:  150 states (28 in H), t_end 1996-2745 d, fuel 187-307 kg
[10:15:40]   depth  4:  150 states (0 in H), t_end 2343-3032 d, fuel 221-333 kg
[10:15:40]   depth  5:  150 states (0 in H), t_end 2514-3231 d, fuel 234-367 kg
[10:15:40]   depth  6:  150 states (0 in H), t_end 2674-3239 d, fuel 275-406 kg
[10:15:40]   depth  7:  150 states (0 in H), t_end 2815-3236 d, fuel 299-432 kg
[10:15:40]   depth  8:   61 states (0 in H), t_end 3005-3239 d, fuel 327-425 kg
[10:15:40]   depth  9:    1 states (0 in H), t_end 3222-3222 d, fuel 402-402 kg
[10:15:40] candidates: 175 distinct committed target sets (n_new 1-3, potential 0-2)
[10:15:40] frontier: 16 candidates chosen (n fb / committed planner kg / continuation (lookahead) [full]; pot_mode lookahead, pot_cap None): 1fb/136kg/p1(1)[1], 1fb/136kg/p1(1)[1], 1fb/148kg/p4(2)[4], 1fb/160kg/p3(2)[3], 1fb/162kg/p2(1)[2], 1fb/163kg/p2(1)[2], 1fb/167kg/p2(1)[2], 1fb/174kg/p2(0)[2], 1fb/207kg/p3(2)[3], 1fb/217kg/p3(1)[3], 2fb/151kg/p0(0)[0], 2fb/151kg/p0(0)[0], 2fb/179kg/p3(2)[3], 3fb/192kg/p0(0)[0], 3fb/196kg/p1(1)[1], 3fb/219kg/p2(2)[2]
[10:15:40] budget: 240 s of 300 left for the settles + regrids (settle_wall 480)
[10:15:41] plan: 1169 states, depth 9 new flybys, end plan_done (61 s); deepest 9 new to 3204 d at planner fuel 300 kg
[10:15:41]   depth  1:  108 states (89 in H), t_end 1690-2307 d, fuel 46-158 kg
[10:15:41]   depth  2:  150 states (62 in H), t_end 1882-2636 d, fuel 71-200 kg
[10:15:41]   depth  3:  150 states (23 in H), t_end 1984-2906 d, fuel 111-246 kg
[10:15:41]   depth  4:  150 states (0 in H), t_end 2224-3186 d, fuel 136-285 kg
[10:15:41]   depth  5:  150 states (0 in H), t_end 2334-3222 d, fuel 149-313 kg
[10:15:41]   depth  6:  150 states (0 in H), t_end 2723-3240 d, fuel 171-353 kg
[10:15:41]   depth  7:  150 states (0 in H), t_end 2902-3237 d, fuel 180-388 kg
[10:15:41]   depth  8:  145 states (0 in H), t_end 3031-3240 d, fuel 211-345 kg
[10:15:41]   depth  9:   16 states (0 in H), t_end 3156-3236 d, fuel 300-350 kg
[10:15:41] candidates: 107 distinct committed target sets (n_new 1-3, potential 0-2)
[10:15:41] frontier: 16 candidates chosen (n fb / committed planner kg / continuation (lookahead) [full]; pot_mode lookahead, pot_cap None): 1fb/67kg/p3(2)[3], 1fb/70kg/p0(0)[0], 1fb/79kg/p3(2)[3], 1fb/79kg/p3(2)[3], 1fb/82kg/p2(1)[2], 1fb/82kg/p2(1)[2], 1fb/131kg/p4(2)[4], 1fb/132kg/p3(2)[3], 1fb/144kg/p3(2)[3], 1fb/149kg/p3(2)[3], 2fb/93kg/p0(0)[0], 2fb/97kg/p1(1)[1], 2fb/150kg/p3(2)[3], 3fb/163kg/p0(0)[0], 3fb/172kg/p0(0)[0], 3fb/192kg/p2(2)[2]
[10:15:41] budget: 239 s of 300 left for the settles + regrids (settle_wall 480)
[10:15:41]     settle  4: 245 @   1771 d -> ok lintwin tank 629.7 (+11.0) miss 21 km (0.3 s)
[10:15:41]     settle  4: 136 @   1925 d -> ok lintwin tank 644.4 (+25.6) miss 12 km (0.4 s)
[10:15:42]     settle  4:  91 @   1912 d -> ok lintwin tank 624.1 (+5.3) miss 1 km (0.2 s)
[10:15:42]     settle  4: 295 @   1942 d -> ok lintwin tank 626.8 (+8.0) miss 28 km (0.2 s)
[10:15:42]     settle  4: 237 @   1758 d -> ok lintwin tank 634.1 (+15.4) miss 2 km (0.3 s)
[10:15:43] plan: 1075 states, depth 9 new flybys, end plan_done (63 s); deepest 9 new to 3218 d at planner fuel 523 kg
[10:15:43]   depth  1:   61 states (50 in H), t_end 1681-2249 d, fuel 302-382 kg
[10:15:43]   depth  2:  150 states (89 in H), t_end 1906-2637 d, fuel 309-413 kg
[10:15:43]   depth  3:  150 states (7 in H), t_end 2089-2791 d, fuel 343-445 kg
[10:15:43]   depth  4:  150 states (0 in H), t_end 2284-3212 d, fuel 373-482 kg
[10:15:43]   depth  5:  150 states (0 in H), t_end 2467-3239 d, fuel 391-508 kg
[10:15:43]   depth  6:  150 states (0 in H), t_end 2637-3239 d, fuel 424-539 kg
[10:15:43]   depth  7:  150 states (0 in H), t_end 2932-3240 d, fuel 462-572 kg
[10:15:43]   depth  8:  106 states (0 in H), t_end 3103-3239 d, fuel 488-603 kg
[10:15:43]   depth  9:    8 states (0 in H), t_end 3213-3238 d, fuel 523-598 kg
[10:15:43] candidates: 106 distinct committed target sets (n_new 1-3, potential 0-3)
[10:15:43] frontier: 16 candidates chosen (n fb / committed planner kg / continuation (lookahead) [full]; pot_mode lookahead, pot_cap None): 1fb/302kg/p2(2)[2], 1fb/308kg/p0(0)[0], 1fb/320kg/p3(3)[3], 1fb/328kg/p3(2)[3], 1fb/330kg/p3(2)[3], 1fb/334kg/p3(2)[3], 1fb/358kg/p3(2)[3], 1fb/365kg/p3(2)[3], 1fb/374kg/p4(3)[4], 1fb/382kg/p3(2)[3], 2fb/326kg/p2(2)[2], 2fb/335kg/p0(0)[0], 2fb/387kg/p3(3)[3], 3fb/392kg/p0(0)[0], 3fb/415kg/p0(0)[0], 3fb/416kg/p0(0)[0]
[10:15:43] budget: 237 s of 300 left for the settles + regrids (settle_wall 480)
[10:15:43]     settle  4: 232 @   1989 d -> ok lintwin tank 664.4 (+45.6) miss 71 km (0.8 s)
[10:15:44]     settle  4: 173 @   1744 d -> ok lintwin tank 659.4 (+40.6) miss 64 km (0.3 s)
[10:15:44]     settle  4:  82 @   1861 d -> ok lintwin tank 656.2 (+37.4) miss 92 km (0.3 s)
[10:15:44]     settle 12:  94 @   2138 d -> ok lintwin tank 751.3 (+18.3) miss 80 km (1.3 s)
[10:15:45]     settle  4: 247 @   1857 d -> ok lintwin tank 642.4 (+23.6) miss 99 km (1.2 s)
[10:15:46]     settle  4: 290 @   1866 d -> ok lintwin tank 651.5 (+32.8) miss 68 km (0.7 s)
[10:15:46]     settle 12: 113 @   2072 d -> ok lintwin tank 741.9 (+9.0) miss 75 km (1.6 s)
[10:15:46]     settle  5:  91 @   1922 d -> ok lintwin tank 638.0 (+3.9) miss 23 km (0.1 s)
[10:15:48]     settle  5:  35 @   2153 d -> ok lintwin tank 697.4 (+33.1) miss 87 km (1.0 s)
[10:15:48]     settle  5: 290 @   1892 d -> ok lintwin tank 665.7 (+6.4) miss 69 km (0.4 s)
[10:15:48]     settle  6:  97 @   2015 d -> FAIL [('lam', 2217390.9)] (8.5 s)
[10:15:48]     settle 12:  77 @   1912 d -> ok lintwin tank 756.3 (+23.4) miss 52 km (1.7 s)
[10:15:48]     settle  4: 190 @   1690 d -> ok lintwin tank 644.2 (+25.5) miss 55 km (0.2 s)
[10:15:49]     settle  5:  91 @   1904 d -> ok lintwin tank 645.3 (+1.0) miss 44 km (0.3 s)
[10:15:49] plan: 1358 states, depth 11 new flybys, end plan_done (69 s); deepest 11 new to 3217 d at planner fuel 394 kg
[10:15:49]   depth  1:  122 states (106 in H), t_end 1626-2239 d, fuel 59-159 kg
[10:15:49]   depth  2:  150 states (63 in H), t_end 1761-2554 d, fuel 71-202 kg
[10:15:49]   depth  3:  150 states (31 in H), t_end 1954-2802 d, fuel 109-244 kg
[10:15:49]   depth  4:  150 states (0 in H), t_end 2229-3183 d, fuel 129-271 kg
[10:15:49]   depth  5:  150 states (0 in H), t_end 2362-3203 d, fuel 144-302 kg
[10:15:49]   depth  6:  150 states (0 in H), t_end 2489-3240 d, fuel 178-342 kg
[10:15:49]   depth  7:  150 states (0 in H), t_end 2679-3239 d, fuel 210-342 kg
[10:15:49]   depth  8:  150 states (0 in H), t_end 2801-3238 d, fuel 282-377 kg
[10:15:49]   depth  9:  129 states (0 in H), t_end 2989-3239 d, fuel 324-405 kg
[10:15:49]   depth 10:   55 states (0 in H), t_end 3075-3240 d, fuel 366-437 kg
[10:15:49]   depth 11:    2 states (0 in H), t_end 3217-3226 d, fuel 394-430 kg
[10:15:49] candidates: 129 distinct committed target sets (n_new 1-3, potential 0-3)
[10:15:49] frontier: 16 candidates chosen (n fb / committed planner kg / continuation (lookahead) [full]; pot_mode lookahead, pot_cap None): 1fb/59kg/p0(0)[0], 1fb/63kg/p1(1)[1], 1fb/80kg/p3(2)[3], 1fb/82kg/p3(3)[3], 1fb/83kg/p3(2)[3], 1fb/95kg/p3(2)[3], 1fb/98kg/p4(3)[4], 1fb/122kg/p3(3)[3], 1fb/123kg/p3(2)[3], 1fb/125kg/p5(3)[5], 2fb/94kg/p2(2)[2], 2fb/99kg/p1(0)[1], 2fb/165kg/p4(3)[4], 3fb/135kg/p0(0)[0], 3fb/148kg/p0(0)[0], 3fb/175kg/p3(3)[3]
[10:15:49] budget: 231 s of 300 left for the settles + regrids (settle_wall 480)
[10:15:49] plan: 1376 states, depth 11 new flybys, end plan_done (69 s); deepest 11 new to 3232 d at planner fuel 367 kg
[10:15:49]   depth  1:  122 states (111 in H), t_end 1654-2263 d, fuel 35-145 kg
[10:15:49]   depth  2:  150 states (89 in H), t_end 1726-2477 d, fuel 60-183 kg
[10:15:49]   depth  3:  150 states (34 in H), t_end 1979-2831 d, fuel 75-220 kg
[10:15:49]   depth  4:  150 states (0 in H), t_end 2225-3231 d, fuel 88-250 kg
[10:15:49]   depth  5:  150 states (0 in H), t_end 2354-3226 d, fuel 170-288 kg
[10:15:49]   depth  6:  150 states (0 in H), t_end 2666-3240 d, fuel 184-321 kg
[10:15:49]   depth  7:  150 states (0 in H), t_end 2756-3239 d, fuel 217-357 kg
[10:15:49]   depth  8:  150 states (0 in H), t_end 2873-3239 d, fuel 235-395 kg
[10:15:49]   depth  9:  150 states (0 in H), t_end 2983-3239 d, fuel 257-395 kg
[10:15:49]   depth 10:   51 states (0 in H), t_end 3147-3239 d, fuel 292-411 kg
[10:15:49]   depth 11:    3 states (0 in H), t_end 3232-3239 d, fuel 367-395 kg
[10:15:49] candidates: 129 distinct committed target sets (n_new 1-3, potential 0-3)
[10:15:49] frontier: 16 candidates chosen (n fb / committed planner kg / continuation (lookahead) [full]; pot_mode lookahead, pot_cap None): 1fb/35kg/p2(0)[2], 1fb/43kg/p2(2)[2], 1fb/46kg/p2(2)[2], 1fb/51kg/p2(2)[2], 1fb/54kg/p3(2)[3], 1fb/57kg/p2(0)[2], 1fb/60kg/p4(3)[4], 1fb/107kg/p4(2)[4], 1fb/113kg/p4(3)[4], 1fb/129kg/p4(2)[4], 2fb/72kg/p2(2)[2], 2fb/75kg/p3(3)[3], 2fb/81kg/p1(0)[1], 3fb/103kg/p0(0)[0], 3fb/106kg/p0(0)[0], 3fb/152kg/p2(2)[2]
[10:15:49] budget: 231 s of 300 left for the settles + regrids (settle_wall 480)
[10:15:49]     settle  3: 173 @   1715 d -> ok lintwin tank 614.9 (+0.8) miss 1 km (0.1 s)
[10:15:49]     settle  6: 290 @   1985 d -> ok lintwin tank 664.5 (+19.2) miss 81 km (0.6 s)
[10:15:49]     settle  6:  98 @   2154 d -> ok lintwin tank 624.2 (+3.0) miss 16 km (0.4 s)
[10:15:50]     settle 12: 268 @   1861 d -> ok lintwin tank 755.4 (+22.4) miss 75 km (1.3 s)
[10:15:50]     settle  6:  35 @   2019 d -> ok lintwin tank 629.0 (+7.7) miss 43 km (0.7 s)
[10:15:50]     settle  6: 273 @   2160 d -> ok lintwin tank 675.7 (+10.0) miss 76 km (0.9 s)
[10:15:50]     settle  3: 168 @   2047 d -> ok lintwin tank 625.5 (+11.4) miss 62 km (1.2 s)
[10:15:51]     settle  6: 195 @   1708 d -> ok lintwin tank 633.8 (+12.5) miss 1 km (0.2 s)
[10:15:51]     settle  6: 130 @   2082 d -> ok lintwin tank 682.5 (+16.8) miss 17 km (0.4 s)
[10:15:51] RESULT s03_c6: 16 columns; frontier 1fb 5 kg p2/2 | 2fb 19 kg p0/2 | 3fb 46 kg p0/2; settles 18 (18 ok), regrids 16 (16 ok); wall 71 s of 300 (plan 61, price 0, settle 10; budget hit None, 0 unsettled)
[10:15:51]     settle  3: 218 @   1993 d -> ok lintwin tank 620.8 (+6.6) miss 24 km (0.8 s)
[10:15:52]     settle  6: 232 @   1993 d -> ok lintwin tank 627.9 (+6.6) miss 1 km (0.6 s)
[10:15:52] plan: 1168 states, depth 10 new flybys, end plan_done (72 s); deepest 10 new to 3227 d at planner fuel 589 kg
[10:15:52]   depth  1:   97 states (82 in H), t_end 1705-2251 d, fuel 285-366 kg
[10:15:52]   depth  2:  150 states (101 in H), t_end 1784-2647 d, fuel 312-403 kg
[10:15:52]   depth  3:  150 states (8 in H), t_end 2072-3013 d, fuel 332-434 kg
[10:15:52]   depth  4:  150 states (0 in H), t_end 2394-3136 d, fuel 363-460 kg
[10:15:52]   depth  5:  150 states (0 in H), t_end 2478-3238 d, fuel 375-494 kg
[10:15:52]   depth  6:  150 states (0 in H), t_end 2804-3240 d, fuel 430-515 kg
[10:15:52]   depth  7:  150 states (0 in H), t_end 2924-3238 d, fuel 450-543 kg
[10:15:52]   depth  8:  150 states (0 in H), t_end 3074-3238 d, fuel 464-570 kg
[10:15:52]   depth  9:   20 states (0 in H), t_end 3179-3238 d, fuel 512-577 kg
[10:15:52]   depth 10:    1 states (0 in H), t_end 3227-3227 d, fuel 589-589 kg
[10:15:52] candidates: 91 distinct committed target sets (n_new 1-3, potential 0-3)
[10:15:52] frontier: 16 candidates chosen (n fb / committed planner kg / continuation (lookahead) [full]; pot_mode lookahead, pot_cap None): 1fb/285kg/p0(0)[0], 1fb/291kg/p3(2)[3], 1fb/299kg/p2(1)[2], 1fb/299kg/p2(1)[2], 1fb/308kg/p2(2)[2], 1fb/309kg/p2(1)[2], 1fb/313kg/p2(1)[2], 1fb/315kg/p2(1)[2], 1fb/323kg/p2(0)[2], 1fb/349kg/p4(3)[4], 2fb/312kg/p0(0)[0], 2fb/323kg/p2(2)[2], 2fb/390kg/p3(3)[3], 3fb/371kg/p0(0)[0], 3fb/392kg/p0(0)[0], 3fb/396kg/p0(0)[0]
[10:15:52] budget: 228 s of 300 left for the settles + regrids (settle_wall 480)
[10:15:52]     settle 12:  92 @   2041 d -> ok lintwin tank 746.1 (+13.2) miss 76 km (1.7 s)
[10:15:52]     settle  3: 255 @   2074 d -> ok lintwin tank 620.5 (+6.3) miss 74 km (0.7 s)
[10:15:52]   job s03_c6 craft columns  16  levels 9  settles 18/18  end plan_done  wall 71.0 s
[10:15:52]     settle  3:  91 @   1921 d -> ok lintwin tank 620.1 (+5.9) miss 6 km (0.2 s)
[10:15:53]     settle  3: 245 @   1694 d -> ok lintwin tank 620.5 (+6.3) miss 4 km (0.2 s)
[10:15:53]     settle  6: 287 @   1693 d -> ok lintwin tank 644.4 (+23.1) miss 68 km (1.3 s)
[10:15:53]     settle  3: 169 @   1911 d -> ok lintwin tank 619.6 (+5.4) miss 5 km (0.4 s)
[10:15:54]     settle  3: 219 @   1673 d -> ok lintwin tank 644.7 (+30.5) miss 77 km (0.4 s)
[10:15:54] plan: 1376 states, depth 10 new flybys, end plan_done (74 s); deepest 10 new to 3218 d at planner fuel 362 kg
[10:15:54]   depth  1:  128 states (115 in H), t_end 1654-2293 d, fuel 126-229 kg
[10:15:54]   depth  2:  150 states (82 in H), t_end 1885-2492 d, fuel 146-265 kg
[10:15:54]   depth  3:  150 states (15 in H), t_end 2001-2706 d, fuel 205-298 kg
[10:15:54]   depth  4:  150 states (0 in H), t_end 2191-3126 d, fuel 208-314 kg
[10:15:54]   depth  5:  150 states (0 in H), t_end 2346-3171 d, fuel 240-338 kg
[10:15:54]   depth  6:  150 states (0 in H), t_end 2433-3237 d, fuel 276-379 kg
[10:15:54]   depth  7:  150 states (0 in H), t_end 2698-3240 d, fuel 285-395 kg
[10:15:54]   depth  8:  150 states (0 in H), t_end 2825-3239 d, fuel 316-401 kg
[10:15:54]   depth  9:  150 states (0 in H), t_end 2980-3233 d, fuel 341-410 kg
[10:15:54]   depth 10:   48 states (0 in H), t_end 3138-3240 d, fuel 362-431 kg
[10:15:54] candidates: 109 distinct committed target sets (n_new 1-3, potential 0-3)
[10:15:54] frontier: 16 candidates chosen (n fb / committed planner kg / continuation (lookahead) [full]; pot_mode lookahead, pot_cap None): 1fb/126kg/p1(1)[1], 1fb/141kg/p1(1)[1], 1fb/147kg/p2(2)[2], 1fb/152kg/p3(2)[3], 1fb/159kg/p2(2)[2], 1fb/167kg/p2(1)[2], 1fb/176kg/p5(3)[5], 1fb/195kg/p4(2)[4], 1fb/199kg/p3(1)[3], 1fb/214kg/p3(1)[3], 2fb/175kg/p0(0)[0], 2fb/185kg/p4(3)[4], 2fb/193kg/p0(0)[0], 3fb/205kg/p3(3)[3], 3fb/217kg/p0(0)[0], 3fb/223kg/p2(2)[2]
[10:15:54] budget: 226 s of 300 left for the settles + regrids (settle_wall 480)
[10:15:54]     settle  3: 287 @   1711 d -> ok lintwin tank 670.2 (+56.0) miss 77 km (0.5 s)
[10:15:55]     settle 11: 279 @   2144 d -> ok lintwin tank 726.8 (+4.3) miss 23 km (2.8 s)
[10:15:55]     settle  7:  27 @   1893 d -> ok lintwin tank 650.8 (+1.2) miss 2 km (0.5 s)
[10:15:55]     settle 12: 199 @   1845 d -> ok lintwin tank 757.2 (+24.3) miss 69 km (2.6 s)
[10:15:55]     settle  6: 269 @   1855 d -> ok lintwin tank 687.6 (+66.3) miss 0 km (1.8 s)
[10:15:56]     settle  7: 126 @   2131 d -> ok lintwin tank 657.9 (+8.3) miss 13 km (0.7 s)
[10:15:56]   drift: leg 126@2131 d settled outside (T, T+H] -> column cut at 0
[10:15:56]     settle  6:  11 @   1777 d -> ok lintwin tank 669.4 (+48.1) miss 84 km (0.9 s)
[10:15:57]     settle  7: 133 @   1976 d -> ok lintwin tank 660.3 (+10.8) miss 86 km (1.0 s)
[10:15:57]     settle  6:  82 @   1977 d -> ok lintwin tank 651.2 (+29.9) miss 31 km (0.5 s)
[10:15:57]     settle  3: 251 @   1871 d -> ok lam tank 630.9 (+16.8) miss 64 km (2.5 s)
[10:15:57]     settle 11: 118 @   1891 d -> ok lintwin tank 734.1 (+11.6) miss 43 km (1.7 s)
[10:15:57]     settle 12:  24 @   1865 d -> ok lintwin tank 809.2 (+76.3) miss 56 km (2.1 s)
[10:15:57]     settle  7: 276 @   1880 d -> ok lintwin tank 666.3 (+16.7) miss 0 km (0.5 s)
[10:15:57]     settle  4: 218 @   1992 d -> ok lintwin tank 623.8 (+3.8) miss 6 km (0.4 s)
[10:15:58]     settle  4:  15 @   1980 d -> ok lintwin tank 623.8 (+4.2) miss 11 km (0.2 s)
[10:15:58]     settle  6: 122 @   1626 d -> ok lintwin tank 654.2 (+32.9) miss 62 km (0.8 s)
[10:15:58]     settle  3: 247 @   1816 d -> ok lintwin tank 631.7 (+17.6) miss 18 km (0.5 s)
[10:15:58]     settle  6: 219 @   1675 d -> ok lintwin tank 649.9 (+28.6) miss 69 km (0.4 s)
[10:15:59]     settle  4:  96 @   2006 d -> ok lintwin tank 645.3 (+13.6) miss 24 km (0.3 s)
[10:15:59]     settle  7: 232 @   1994 d -> ok lintwin tank 635.3 (+1.6) miss 18 km (0.2 s)
[10:15:59]     settle  7:  92 @   2029 d -> ok lintwin tank 665.8 (+16.3) miss 70 km (1.5 s)
[10:15:59]     settle 12: 119 @   1681 d -> ok lintwin tank 799.4 (+66.4) miss 52 km (1.5 s)
[10:15:59]     settle  7:  68 @   1903 d -> ok lintwin tank 635.8 (+2.0) miss 14 km (0.2 s)
[10:15:59]     settle  5: 288 @   2117 d -> ok lintwin tank 638.6 (+14.8) miss 53 km (0.6 s)
[10:15:59]     settle 11: 189 @   1868 d -> ok lintwin tank 728.6 (+6.1) miss 22 km (2.2 s)
[10:16:00]     settle  7:  68 @   1900 d -> ok lintwin tank 656.2 (+6.4) miss 38 km (0.3 s)
[10:16:00]     settle  4: 169 @   1911 d -> ok lintwin tank 622.7 (+7.8) miss 1 km (0.3 s)
[10:16:00]     settle  5:  15 @   1979 d -> ok lintwin tank 631.2 (+8.5) miss 8 km (0.2 s)
[10:16:00]     settle  8: 147 @   2008 d -> ok lintwin tank 652.4 (+16.5) miss 25 km (0.2 s)
[10:16:00]     settle  7: 257 @   1846 d -> ok lintwin tank 671.3 (+21.7) miss 58 km (1.2 s)
[10:16:01]     settle  4:  82 @   1963 d -> ok lintwin tank 649.6 (+4.9) miss 71 km (0.6 s)
[10:16:01]     settle 12: 215 @   1786 d -> ok lintwin tank 757.4 (+24.5) miss 57 km (1.6 s)
[10:16:01]     settle  7: 103 @   1671 d -> ok lintwin tank 673.2 (+23.6) miss 3 km (0.4 s)
[10:16:01]     settle  7:  68 @   1906 d -> ok lintwin tank 661.4 (+17.1) miss 4 km (0.7 s)
[10:16:01]     settle  5:  79 @   2107 d -> ok lintwin tank 667.7 (+18.2) miss 74 km (0.7 s)
[10:16:01] RESULT s03_c7: 16 columns; frontier 1fb 1 kg p0/3 | 2fb 10 kg p3/3 | 3fb 17 kg p0/2; settles 19 (19 ok), regrids 16 (16 ok); wall 82 s of 300 (plan 69, price 0, settle 12; budget hit None, 0 unsettled)
[10:16:02]     settle 11:   4 @   1890 d -> ok lintwin tank 732.2 (+9.7) miss 31 km (1.7 s)
[10:16:02]     settle  6: 254 @   2147 d -> FAIL [('lam', 255738.2)] (13.6 s)
[10:16:02]   job s03_c7 craft columns  16  levels 11  settles 19/19  end plan_done  wall 81.5 s
[10:16:02]     settle  8: 248 @   2139 d -> ok lintwin tank 678.2 (+16.8) miss 88 km (1.6 s)
[10:16:03]     settle 12:  56 @   1890 d -> ok lintwin tank 881.9 (+148.9) miss 37 km (2.1 s)
[10:16:04]     settle  8: 147 @   2008 d -> ok lintwin tank 662.2 (+6.0) miss 84 km (1.0 s)
[10:16:04] RESULT s03_c4: 16 columns; frontier 1fb 3 kg p0/3 | 2fb 14 kg p2/3 | 3fb 31 kg p0/3; settles 17 (17 ok), regrids 16 (16 ok); wall 84 s of 300 (plan 69, price 0, settle 15; budget hit None, 0 unsettled)
[10:16:04]   job s03_c4 craft columns  16  levels 11  settles 17/17  end plan_done  wall 83.9 s
[10:16:04]     settle 13: 238 @   2141 d -> ok lintwin tank 764.4 (+8.1) miss 71 km (1.0 s)
[10:16:05]     settle 11: 133 @   1991 d -> ok lintwin tank 741.5 (+19.0) miss 11 km (3.3 s)
[10:16:06]     settle 12: 260 @   1988 d -> ok lintwin tank 779.1 (+46.2) miss 73 km (1.7 s)
[10:16:07]     settle 11: 292 @   1903 d -> ok lintwin tank 742.2 (+19.7) miss 26 km (1.7 s)
[10:16:09]     settle 13: 296 @   2097 d -> ok lintwin tank 830.4 (+51.3) miss 71 km (2.1 s)
[10:16:09]     settle  7: 191 @   1671 d -> FAIL [('lam', 6825507.5)] (7.9 s)
[10:16:09]     settle 11: 263 @   1824 d -> ok lintwin tank 739.2 (+16.8) miss 38 km (1.4 s)
[10:16:10]     settle  6:  82 @   1789 d -> FAIL [('lam', 660533.1)] (7.8 s)
[10:16:10]     settle  7: 181 @   1654 d -> ok lintwin tank 676.6 (+27.0) miss 62 km (0.9 s)
[10:16:11]     settle  7: 197 @   1679 d -> ok lintwin tank 694.8 (+45.2) miss 64 km (0.9 s)
[10:16:11]     settle 11: 257 @   1832 d -> ok lintwin tank 729.6 (+7.2) miss 14 km (1.5 s)
[10:16:11] plan: 1553 states, depth 12 new flybys, end plan_done (91 s); deepest 12 new to 3193 d at planner fuel 679 kg
[10:16:11]   depth  1:  167 states (149 in H), t_end 1623-2248 d, fuel 339-423 kg
[10:16:11]   depth  2:  150 states (131 in H), t_end 1754-2453 d, fuel 351-450 kg
[10:16:11]   depth  3:  150 states (68 in H), t_end 1865-2762 d, fuel 375-470 kg
[10:16:11]   depth  4:  150 states (9 in H), t_end 1971-3098 d, fuel 385-505 kg
[10:16:11]   depth  5:  150 states (0 in H), t_end 2168-3092 d, fuel 403-506 kg
[10:16:11]   depth  6:  150 states (0 in H), t_end 2364-3236 d, fuel 438-536 kg
[10:16:11]   depth  7:  150 states (0 in H), t_end 2484-3239 d, fuel 479-562 kg
[10:16:11]   depth  8:  150 states (0 in H), t_end 2761-3231 d, fuel 512-588 kg
[10:16:11]   depth  9:  150 states (0 in H), t_end 2902-3236 d, fuel 532-601 kg
[10:16:11]   depth 10:  150 states (0 in H), t_end 2990-3238 d, fuel 548-633 kg
[10:16:11]   depth 11:   35 states (0 in H), t_end 3128-3239 d, fuel 566-656 kg
[10:16:11]   depth 12:    1 states (0 in H), t_end 3193-3193 d, fuel 679-679 kg
[10:16:11] candidates: 201 distinct committed target sets (n_new 1-4, potential 0-3)
[10:16:11] frontier: 16 candidates chosen (n fb / committed planner kg / continuation (lookahead) [full]; pot_mode lookahead, pot_cap None): 1fb/340kg/p1(0)[1], 1fb/342kg/p2(0)[2], 1fb/344kg/p6(3)[6], 1fb/348kg/p3(1)[3], 1fb/348kg/p4(2)[4], 1fb/367kg/p3(2)[3], 1fb/368kg/p4(1)[4], 2fb/351kg/p0(0)[0], 2fb/354kg/p0(0)[0], 2fb/387kg/p5(3)[5], 3fb/378kg/p0(0)[0], 3fb/393kg/p0(0)[0], 3fb/423kg/p4(3)[4], 4fb/446kg/p3(3)[3], 4fb/447kg/p1(1)[1], 4fb/452kg/p1(1)[1]
[10:16:11] budget: 208 s of 300 left for the settles + regrids (settle_wall 480)
[10:16:12]     settle  7: 222 @   1914 d -> ok lintwin tank 675.2 (+25.6) miss 8 km (0.5 s)
[10:16:12]     settle 13: 133 @   1999 d -> ok lintwin tank 838.8 (+81.4) miss 0 km (2.9 s)
[10:16:13]     settle  8: 133 @   1981 d -> ok lintwin tank 723.4 (+48.2) miss 68 km (1.0 s)
[10:16:13]     settle 11: 247 @   1802 d -> ok lintwin tank 760.5 (+2.5) miss 67 km (1.1 s)
[10:16:13]     settle  8: 276 @   1891 d -> ok lintwin tank 673.3 (+0.1) miss 40 km (0.3 s)
[10:16:14]     settle 12:  10 @   1746 d -> ok lintwin tank 791.7 (+58.7) miss 64 km (1.6 s)
[10:16:14]     settle 11:  72 @   1804 d -> ok lintwin tank 749.7 (+27.3) miss 60 km (2.3 s)
[10:16:14]     settle  8:   6 @   2091 d -> ok lintwin tank 664.0 (+3.7) miss 58 km (0.4 s)
[10:16:14]     settle  9: 282 @   2001 d -> ok lintwin tank 681.7 (+8.4) miss 4 km (0.2 s)
[10:16:15]     settle 11: 159 @   1761 d -> ok lintwin tank 760.4 (+2.5) miss 68 km (1.8 s)
[10:16:15]     settle  7:  51 @   1742 d -> ok lintwin tank 675.6 (+26.0) miss 66 km (0.9 s)
[10:16:15]     settle 13:  68 @   1949 d -> ok lintwin tank 795.8 (+4.1) miss 76 km (1.7 s)
[10:16:16]     settle  8:  97 @   1935 d -> ok lintwin tank 677.2 (+1.6) miss 2 km (0.3 s)
[10:16:16]     settle  9: 124 @   2091 d -> ok lintwin tank 679.4 (+2.2) miss 18 km (0.2 s)
[10:16:16]   3 candidates dropped (settle failure / regrid failure / duplicate after truncation)
[10:16:16] RESULT s03_c5: 13 columns; frontier 1fb 1 kg p1/3 | 2fb 14 kg p0/3 | 3fb 30 kg p0/3; settles 19 (17 ok), regrids 13 (13 ok); wall 96 s of 300 (plan 74, price 0, settle 22; budget hit None, 0 unsettled)
[10:16:16]     settle 11: 109 @   1672 d -> ok lintwin tank 764.1 (+6.1) miss 76 km (1.1 s)
[10:16:16]   job s03_c5 craft columns  13  levels 10  settles 17/19  end plan_done  wall 95.9 s
[10:16:16]     settle 11:  97 @   1934 d -> ok lintwin tank 760.6 (+38.1) miss 23 km (2.3 s)
[10:16:18]     settle 14: 236 @   2104 d -> ok lintwin tank 803.0 (+7.2) miss 71 km (2.2 s)
[10:16:18]     settle 11: 219 @   1681 d -> ok lintwin tank 777.7 (+19.7) miss 62 km (1.5 s)
[10:16:18]     settle  6: 119 @   1657 d -> FAIL [('lam', 718337.6)] (8.0 s)
[10:16:19]     settle 12:  49 @   2058 d -> ok lintwin tank 736.3 (+2.2) miss 73 km (2.2 s)
[10:16:19]     settle 11: 251 @   1866 d -> ok lintwin tank 765.8 (+7.9) miss 82 km (1.3 s)
[10:16:20]     settle 12: 151 @   1872 d -> ok lintwin tank 792.2 (+59.3) miss 71 km (2.1 s)
[10:16:21]     settle 12: 176 @   2091 d -> ok lintwin tank 735.3 (+1.2) miss 60 km (2.0 s)
[10:16:22]     settle 11: 169 @   1884 d -> ok lintwin tank 798.3 (+40.3) miss 67 km (2.3 s)
[10:16:22]     settle 13: 222 @   2051 d -> ok lintwin tank 811.4 (+19.2) miss 76 km (2.0 s)
[10:16:24]     settle 11: 150 @   1627 d -> ok lintwin tank 770.5 (+12.5) miss 64 km (1.6 s)
[10:16:24]     settle 14: 256 @   2108 d -> ok lintwin tank 822.9 (+11.4) miss 83 km (1.8 s)
[10:16:24]     settle 12: 133 @   2070 d -> ok lintwin tank 766.3 (+5.9) miss 52 km (0.3 s)
[10:16:26]     settle 12: 124 @   2088 d -> ok lam tank 770.9 (+10.3) miss 3 km (4.0 s)
[10:16:26]     settle 11:   7 @   1694 d -> ok lintwin tank 768.1 (+10.1) miss 77 km (1.9 s)
[10:16:26]     settle 12: 199 @   1839 d -> ok lintwin tank 756.5 (+23.6) miss 82 km (2.3 s)
[10:16:27]     settle 12:  15 @   1984 d -> ok lintwin tank 768.8 (+0.7) miss 6 km (0.3 s)
[10:16:28]     settle 12: 159 @   1755 d -> ok lintwin tank 766.5 (+2.4) miss 67 km (0.9 s)
[10:16:28]     settle 13: 190 @   2024 d -> ok lintwin tank 766.3 (+9.8) miss 78 km (1.4 s)
[10:16:28]     settle 11: 292 @   1893 d -> ok lintwin tank 740.7 (+18.3) miss 25 km (1.5 s)
[10:16:29]     settle 12:  81 @   2005 d -> ok lintwin tank 773.5 (+13.1) miss 71 km (1.5 s)
[10:16:30]     settle 14: 112 @   2089 d -> ok lintwin tank 774.2 (+7.9) miss 73 km (1.7 s)
[10:16:30] RESULT s03_c0: 16 columns; frontier 1fb 9 kg p0/3 | 2fb 31 kg p2/3 | 3fb 41 kg p0/0; settles 23 (23 ok), regrids 16 (16 ok); wall 110 s of 300 (plan 63, price 1, settle 47; budget hit None, 0 unsettled)
[10:16:30]   job s03_c0 craft columns  16  levels 9  settles 23/23  end plan_done  wall 109.9 s
[10:16:30]     settle 13: 133 @   2073 d -> ok lintwin tank 778.0 (+4.5) miss 56 km (0.9 s)
[10:16:31]     settle 11: 159 @   1752 d -> ok lintwin tank 762.5 (+4.5) miss 9 km (0.3 s)
[10:16:31]     settle 12:  49 @   2049 d -> ok lintwin tank 742.4 (+1.6) miss 72 km (3.0 s)
[10:16:32]     settle 13: 176 @   2099 d -> ok lam tank 758.0 (+15.6) miss 72 km (0.4 s)
[10:16:32]     settle 12: 290 @   1899 d -> ok lintwin tank 767.2 (+4.7) miss 70 km (1.3 s)
[10:16:33]     settle  6: 290 @   1879 d -> FAIL [('lin', 187746.0), ('lam', 178131.3)] (15.4 s)
[10:16:34]     settle 13: 102 @   2104 d -> ok lintwin tank 782.3 (+15.1) miss 68 km (1.4 s)
[10:16:35]     settle 13: 251 @   1866 d -> ok lintwin tank 778.9 (+12.4) miss 70 km (1.1 s)
[10:16:36]     settle 12: 231 @   1933 d -> ok lintwin tank 763.4 (+13.7) miss 76 km (2.5 s)
[10:16:37]     settle 14: 133 @   2067 d -> ok lintwin tank 787.2 (+8.3) miss 73 km (1.9 s)
[10:16:37]     settle 13: 124 @   2097 d -> ok lam tank 785.6 (+22.2) miss 54 km (1.4 s)
[10:16:39]     settle 12: 251 @   1864 d -> ok lintwin tank 783.6 (+13.1) miss 61 km (1.3 s)
[10:16:40]     settle 13: 290 @   1903 d -> ok lintwin tank 794.0 (+10.4) miss 70 km (1.6 s)
[10:16:41]     settle 14: 109 @   2073 d -> ok lintwin tank 809.5 (+15.5) miss 69 km (0.6 s)
[10:16:42]     settle 13: 176 @   2077 d -> ok lam tank 784.6 (+21.2) miss 89 km (3.9 s)
[10:16:42]     settle 13: 251 @   1865 d -> ok lintwin tank 778.9 (+12.4) miss 70 km (1.1 s)
[10:16:42]     settle  6:  91 @   1799 d -> FAIL [('lam', 1791.3)] (9.3 s)
[10:16:44] RESULT s03_c2: 16 columns; frontier 1fb 4 kg p0/3 | 2fb 13 kg p2/3 | 3fb 21 kg p0/0; settles 19 (19 ok), regrids 16 (16 ok); wall 124 s of 300 (plan 72, price 1, settle 52; budget hit None, 0 unsettled)
[10:16:44]   job s03_c2 craft columns  16  levels 10  settles 19/19  end plan_done  wall 123.6 s
[10:16:44]     settle 14: 130 @   2112 d -> ok lintwin tank 796.2 (+17.2) miss 45 km (1.8 s)
[10:16:45] RESULT s03_c1: 16 columns; frontier 1fb 2 kg p0/3 | 2fb 8 kg p0/3 | 3fb 20 kg p0/3 | 4fb 29 kg p3/3; settles 23 (23 ok), regrids 16 (16 ok); wall 125 s of 300 (plan 91, price 1, settle 33; budget hit None, 0 unsettled)
[10:16:46]   job s03_c1 craft columns  16  levels 12  settles 23/23  end plan_done  wall 124.6 s
[10:17:03]     settle  6: 245 @   1810 d -> FAIL [('lam', 96187.7)] (20.6 s)
[10:17:06]     settle  6: 287 @   1733 d -> ok lam tank 735.1 (+77.8) miss 82 km (3.3 s)
[10:17:09]   regrid FAIL (1 fb: miss 4464 km, None, 2.6 s) -> column dropped
[10:17:15]     settle  6: 251 @   1866 d -> FAIL [('lam', 205968.8)] (6.3 s)
[10:17:22]     settle  6: 219 @   1676 d -> FAIL [('lam', 778832.5)] (6.4 s)
[10:17:32]     settle  6: 257 @   2016 d -> FAIL [('lam', 1161562.7)] (10.0 s)
[10:17:39]     settle  6:  21 @   1940 d -> FAIL [('lam', 810632.1)] (7.5 s)
[10:17:39]   16 candidates dropped (settle failure / regrid failure / duplicate after truncation)
[10:17:39] RESULT s03_c3: 0 columns; frontier ; settles 22 (1 ok), regrids 1 (0 ok); wall 179 s of 300 (plan 60, price 0, settle 120; budget hit None, 0 unsettled)
[10:17:40]   job s03_c3 craft columns   0  levels 9  settles 1/22  end plan_done  wall 179.4 s
[10:17:40] [slice 3] propose: 109 columns (0 bad dropped) in 180.4 s
[10:17:40] [slice 3] auction: 109 columns, kept 108, dropped {'ramp': 1}; lam 1.00 H_eff 540 d fuel budget 482 kg quota on stagger 60.0 d
[10:17:40] [slice 3] auction: status optimal objective 28.091 vars 108 rows 48 chosen 7 fuel 263/482 kg (0.008 s)
[10:17:42] [slice 3 T=1620 d] launched 8/8  covered 72  remaining 226  fuel 838 kg  sumJi 8.6571  chosen: c0:3(+41) c1:4(+29) c2:2(+47) c4:3(+41) c5:3(+32) c6:3(+64) c7:2(+10)  rejected: -  (wall 182 s)
[10:17:42] [slice 4 T=2160 d] propose: 8 jobs (8 craft, 0 root) on 9 workers, proposer planbeam, H_eff 540 d, lam 1.0
[10:17:42] job s04_c3 (craft, craft 3, planbeam): T 2160 d H 540 L 360; plan horizon 3780 d; remaining 226; prize >1 on 71; width 150 npt 6 mc 150 dv 1.2 drmax 0.15 plan_wall 240 s; quota {'fil': 10, 'med': 17}
[10:17:42] job s04_c2 (craft, craft 2, planbeam): T 2160 d H 540 L 360; plan horizon 3780 d; remaining 226; prize >1 on 71; width 150 npt 6 mc 150 dv 1.2 drmax 0.15 plan_wall 240 s; quota {'fil': 9, 'med': 13}
[10:17:42] job s04_c1 (craft, craft 1, planbeam): T 2160 d H 540 L 360; plan horizon 3780 d; remaining 226; prize >1 on 71; width 150 npt 6 mc 150 dv 1.2 drmax 0.15 plan_wall 240 s; quota {'fil': 7, 'med': 15}
[10:17:42] job s04_c7 (craft, craft 7, planbeam): T 2160 d H 540 L 360; plan horizon 3780 d; remaining 226; prize >1 on 71; width 150 npt 6 mc 150 dv 1.2 drmax 0.15 plan_wall 240 s; quota {'fil': 11, 'med': 17}
[10:17:42] job s04_c0 (craft, craft 0, planbeam): T 2160 d H 540 L 360; plan horizon 3780 d; remaining 226; prize >1 on 71; width 150 npt 6 mc 150 dv 1.2 drmax 0.15 plan_wall 240 s; quota {'fil': 5, 'med': 16}
[10:17:42] job s04_c5 (craft, craft 5, planbeam): T 2160 d H 540 L 360; plan horizon 3780 d; remaining 226; prize >1 on 71; width 150 npt 6 mc 150 dv 1.2 drmax 0.15 plan_wall 240 s; quota {'fil': 10, 'med': 16}
[10:17:42] job s04_c4 (craft, craft 4, planbeam): T 2160 d H 540 L 360; plan horizon 3780 d; remaining 226; prize >1 on 71; width 150 npt 6 mc 150 dv 1.2 drmax 0.15 plan_wall 240 s; quota {'fil': 9, 'med': 16}
[10:17:42] job s04_c6 (craft, craft 6, planbeam): T 2160 d H 540 L 360; plan horizon 3780 d; remaining 226; prize >1 on 71; width 150 npt 6 mc 150 dv 1.2 drmax 0.15 plan_wall 240 s; quota {'fil': 11, 'med': 15}
[10:17:42] prefix slices/s04/in/craft_3.npz: 5 flybys, t_end 1328.9 d, tank 657.3 kg (planner view), miss 71.8 km, nreg 40
[10:17:42] budget: job_wall 300 s, 300 s left before the plan -> plan cap 210 s (plan_wall 240, settle_reserve 90)
[10:17:42] prefix slices/s04/in/craft_7.npz: 4 flybys, t_end 1979.0 d, tank 623.7 kg (planner view), miss 0.1 km, nreg 38
[10:17:42] budget: job_wall 300 s, 300 s left before the plan -> plan cap 210 s (plan_wall 240, settle_reserve 90)
[10:17:42] prefix slices/s04/in/craft_6.npz: 6 flybys, t_end 2076.6 d, tank 682.4 kg (planner view), miss 0.4 km, nreg 43
[10:17:42] budget: job_wall 300 s, 300 s left before the plan -> plan cap 210 s (plan_wall 240, settle_reserve 90)
[10:17:42] prefix slices/s04/in/craft_5.npz: 9 flybys, t_end 2001.3 d, tank 681.6 kg (planner view), miss 1.0 km, nreg 70
[10:17:42] budget: job_wall 300 s, 300 s left before the plan -> plan cap 210 s (plan_wall 240, settle_reserve 90)
[10:17:42] prefix slices/s04/in/craft_4.npz: 8 flybys, t_end 2007.2 d, tank 662.1 kg (planner view), miss 0.9 km, nreg 70
[10:17:42] budget: job_wall 300 s, 300 s left before the plan -> plan cap 210 s (plan_wall 240, settle_reserve 90)
[10:17:42] prefix slices/s04/in/craft_1.npz: 14 flybys, t_end 2068.5 d, tank 787.0 kg (planner view), miss 0.4 km, nreg 102
[10:17:42] budget: job_wall 300 s, 300 s left before the plan -> plan cap 210 s (plan_wall 240, settle_reserve 90)
[10:17:42] prefix slices/s04/in/craft_2.npz: 12 flybys, t_end 2089.0 d, tank 769.5 kg (planner view), miss 40.9 km, nreg 100
[10:17:42] budget: job_wall 300 s, 300 s left before the plan -> plan cap 210 s (plan_wall 240, settle_reserve 90)
[10:17:42] prefix slices/s04/in/craft_0.npz: 14 flybys, t_end 2088.5 d, tank 774.1 kg (planner view), miss 44.3 km, nreg 103
[10:17:42] budget: job_wall 300 s, 300 s left before the plan -> plan cap 210 s (plan_wall 240, settle_reserve 90)
[10:17:49] first level (both): 0 production + 47 relaxed (dv 2.5, 0.3 AU; 0.1 s) + 78 lintwin children -> 108 unique (6.5 s)
[10:17:49] plan start: prefix 4 flybys, t_end 1979.0 d, planner mass 1543.1 kg (dv 1.421 km/s); 108 first-level states
[10:17:50] first level (both): 0 production + 108 relaxed (dv 2.5, 0.3 AU; 0.1 s) + 92 lintwin children -> 151 unique (7.5 s)
[10:17:50] plan start: prefix 6 flybys, t_end 2076.6 d, planner mass 1410.3 kg (dv 4.951 km/s); 151 first-level states
[10:17:53] first level (both): 0 production + 68 relaxed (dv 2.5, 0.3 AU; 0.1 s) + 77 lintwin children -> 112 unique (10.3 s)
[10:17:53] plan start: prefix 9 flybys, t_end 2001.3 d, planner mass 1411.9 kg (dv 4.906 km/s); 112 first-level states
[10:17:53] first level (both): 0 production + 36 relaxed (dv 2.5, 0.3 AU; 0.1 s) + 90 lintwin children -> 106 unique (10.7 s)
[10:17:53] plan start: prefix 8 flybys, t_end 2007.2 d, planner mass 1453.5 kg (dv 3.766 km/s); 106 first-level states
[10:17:54] first level (both): 0 production + 138 relaxed (dv 2.5, 0.3 AU; 0.1 s) + 5 lintwin children -> 93 unique (11.8 s)
[10:17:54] plan start: prefix 12 flybys, t_end 2089.0 d, planner mass 1250.7 kg (dv 9.662 km/s); 93 first-level states
[10:17:55] first level (both): 0 production + 0 relaxed (dv 2.5, 0.3 AU; 0.1 s) + 123 lintwin children -> 123 unique (12.1 s)
[10:17:55] plan start: prefix 5 flybys, t_end 1328.9 d, planner mass 1464.3 kg (dv 3.477 km/s); 123 first-level states
[10:17:55] first level (both): 0 production + 103 relaxed (dv 2.5, 0.3 AU; 0.1 s) + 75 lintwin children -> 131 unique (12.7 s)
[10:17:55] plan start: prefix 14 flybys, t_end 2068.5 d, planner mass 1222.9 kg (dv 10.543 km/s); 131 first-level states
[10:17:56] first level (both): 0 production + 66 relaxed (dv 2.5, 0.3 AU; 0.1 s) + 80 lintwin children -> 114 unique (13.7 s)
[10:17:56] plan start: prefix 14 flybys, t_end 2088.5 d, planner mass 1243.3 kg (dv 9.894 km/s); 114 first-level states
[10:18:36] plan: 920 states, depth 8 new flybys, end plan_done (54 s); deepest 8 new to 3748 d at planner fuel 370 kg
[10:18:36]   depth  1:  123 states (102 in H), t_end 2162-2912 d, fuel 136-240 kg
[10:18:36]   depth  2:  150 states (104 in H), t_end 2386-3120 d, fuel 143-276 kg
[10:18:36]   depth  3:  150 states (41 in H), t_end 2456-3471 d, fuel 161-309 kg
[10:18:36]   depth  4:  150 states (2 in H), t_end 2583-3772 d, fuel 192-338 kg
[10:18:36]   depth  5:  150 states (0 in H), t_end 3024-3779 d, fuel 227-362 kg
[10:18:36]   depth  6:  150 states (0 in H), t_end 3129-3779 d, fuel 250-399 kg
[10:18:36]   depth  7:   38 states (0 in H), t_end 3436-3779 d, fuel 276-386 kg
[10:18:36]   depth  8:    9 states (0 in H), t_end 3734-3776 d, fuel 370-389 kg
[10:18:36] candidates: 174 distinct committed target sets (n_new 1-4, potential 0-2)
[10:18:36] frontier: 16 candidates chosen (n fb / committed planner kg / continuation (lookahead) [full]; pot_mode lookahead, pot_cap None): 1fb/136kg/p4(2)[4], 1fb/136kg/p3(1)[3], 1fb/136kg/p3(1)[3], 1fb/136kg/p2(1)[2], 1fb/136kg/p2(0)[2], 1fb/136kg/p2(1)[2], 1fb/136kg/p2(1)[2], 1fb/198kg/p3(1)[3], 2fb/144kg/p2(2)[2], 2fb/150kg/p1(1)[1], 2fb/172kg/p3(2)[3], 3fb/174kg/p0(0)[0], 3fb/185kg/p0(0)[0], 3fb/202kg/p2(2)[2], 4fb/243kg/p0(0)[0], 4fb/255kg/p0(0)[0]
[10:18:36] budget: 246 s of 300 left for the settles + regrids (settle_wall 480)
[10:18:40] plan: 987 states, depth 9 new flybys, end plan_done (58 s); deepest 9 new to 3778 d at planner fuel 497 kg
[10:18:40]   depth  1:  112 states (97 in H), t_end 2167-2844 d, fuel 191-291 kg
[10:18:40]   depth  2:  150 states (82 in H), t_end 2333-3120 d, fuel 214-326 kg
[10:18:40]   depth  3:  150 states (36 in H), t_end 2433-3477 d, fuel 235-360 kg
[10:18:40]   depth  4:  150 states (1 in H), t_end 2699-3775 d, fuel 262-382 kg
[10:18:40]   depth  5:  150 states (0 in H), t_end 3133-3775 d, fuel 285-417 kg
[10:18:40]   depth  6:  150 states (0 in H), t_end 3374-3773 d, fuel 312-445 kg
[10:18:40]   depth  7:  103 states (0 in H), t_end 3513-3779 d, fuel 354-476 kg
[10:18:40]   depth  8:   20 states (0 in H), t_end 3629-3779 d, fuel 440-507 kg
[10:18:40]   depth  9:    2 states (0 in H), t_end 3774-3778 d, fuel 497-502 kg
[10:18:40] candidates: 126 distinct committed target sets (n_new 1-4, potential 0-1)
[10:18:40] frontier: 16 candidates chosen (n fb / committed planner kg / continuation (lookahead) [full]; pot_mode lookahead, pot_cap None): 1fb/192kg/p0(0)[0], 1fb/206kg/p0(0)[0], 1fb/206kg/p3(1)[3], 1fb/217kg/p2(1)[2], 1fb/233kg/p2(1)[2], 1fb/238kg/p3(0)[3], 1fb/243kg/p3(1)[3], 1fb/247kg/p2(1)[2], 1fb/271kg/p3(1)[3], 2fb/225kg/p1(0)[1], 2fb/238kg/p1(0)[1], 2fb/258kg/p2(1)[2], 3fb/263kg/p0(0)[0], 3fb/265kg/p0(0)[0], 3fb/295kg/p1(1)[1], 4fb/345kg/p0(0)[0]
[10:18:40] budget: 242 s of 300 left for the settles + regrids (settle_wall 480)
[10:18:41]     settle 10: 141 @   2363 d -> ok lintwin tank 683.5 (+1.9) miss 2 km (0.2 s)
[10:18:41] plan: 918 states, depth 7 new flybys, end plan_done (59 s); deepest 7 new to 3750 d at planner fuel 507 kg
[10:18:41]   depth  1:   93 states (92 in H), t_end 2259-2727 d, fuel 356-435 kg
[10:18:41]   depth  2:  150 states (145 in H), t_end 2379-2837 d, fuel 373-471 kg
[10:18:41]   depth  3:  150 states (24 in H), t_end 2514-3292 d, fuel 383-492 kg
[10:18:41]   depth  4:  150 states (4 in H), t_end 2679-3431 d, fuel 415-526 kg
[10:18:41]   depth  5:  150 states (0 in H), t_end 3148-3674 d, fuel 437-539 kg
[10:18:41]   depth  6:  150 states (0 in H), t_end 3514-3748 d, fuel 452-575 kg
[10:18:41]   depth  7:   75 states (0 in H), t_end 3627-3779 d, fuel 507-590 kg
[10:18:41] candidates: 110 distinct committed target sets (n_new 1-4, potential 0-3)
[10:18:41] frontier: 16 candidates chosen (n fb / committed planner kg / continuation (lookahead) [full]; pot_mode lookahead, pot_cap None): 1fb/356kg/p1(1)[1], 1fb/364kg/p0(0)[0], 1fb/379kg/p3(2)[3], 1fb/380kg/p3(3)[3], 1fb/391kg/p3(1)[3], 1fb/391kg/p3(2)[3], 1fb/410kg/p3(2)[3], 1fb/410kg/p3(1)[3], 2fb/382kg/p0(0)[0], 2fb/384kg/p1(1)[1], 2fb/406kg/p2(2)[2], 3fb/404kg/p0(0)[0], 3fb/417kg/p0(0)[0], 3fb/429kg/p1(1)[1], 4fb/481kg/p0(0)[0], 4fb/495kg/p0(0)[0]
[10:18:41] budget: 241 s of 300 left for the settles + regrids (settle_wall 480)
[10:18:42]     settle 13: 145 @   2388 d -> ok lam tank 773.3 (+3.8) miss 41 km (0.5 s)
[10:18:42]     settle 10: 269 @   2427 d -> ok lintwin tank 688.6 (+7.0) miss 13 km (0.9 s)
[10:18:42]     settle 10: 217 @   2348 d -> ok lintwin tank 688.5 (+6.8) miss 15 km (0.3 s)
[10:18:44] plan: 1138 states, depth 10 new flybys, end plan_done (62 s); deepest 10 new to 3743 d at planner fuel 517 kg
[10:18:44]   depth  1:  151 states (134 in H), t_end 2172-2797 d, fuel 193-293 kg
[10:18:44]   depth  2:  150 states (131 in H), t_end 2353-3141 d, fuel 218-334 kg
[10:18:44]   depth  3:  150 states (37 in H), t_end 2520-3477 d, fuel 243-350 kg
[10:18:44]   depth  4:  150 states (2 in H), t_end 2634-3742 d, fuel 294-382 kg
[10:18:44]   depth  5:  150 states (0 in H), t_end 2995-3773 d, fuel 327-417 kg
[10:18:44]   depth  6:  150 states (0 in H), t_end 3174-3768 d, fuel 354-448 kg
[10:18:44]   depth  7:  150 states (0 in H), t_end 3330-3777 d, fuel 389-476 kg
[10:18:44]   depth  8:   57 states (0 in H), t_end 3383-3779 d, fuel 415-493 kg
[10:18:44]   depth  9:   25 states (0 in H), t_end 3518-3743 d, fuel 468-513 kg
[10:18:44]   depth 10:    5 states (0 in H), t_end 3705-3743 d, fuel 517-531 kg
[10:18:44] candidates: 146 distinct committed target sets (n_new 1-4, potential 0-2)
[10:18:44] frontier: 16 candidates chosen (n fb / committed planner kg / continuation (lookahead) [full]; pot_mode lookahead, pot_cap None): 1fb/193kg/p2(1)[2], 1fb/199kg/p0(0)[0], 1fb/253kg/p3(1)[3], 1fb/256kg/p3(2)[3], 1fb/257kg/p4(2)[4], 1fb/262kg/p4(2)[4], 1fb/264kg/p4(2)[4], 1fb/277kg/p3(2)[3], 1fb/292kg/p3(1)[3], 2fb/237kg/p0(0)[0], 2fb/237kg/p1(1)[1], 2fb/301kg/p3(2)[3], 3fb/268kg/p0(0)[0], 3fb/277kg/p0(0)[0], 3fb/317kg/p2(2)[2], 4fb/358kg/p0(0)[0]
[10:18:44] budget: 238 s of 300 left for the settles + regrids (settle_wall 480)
[10:18:44]     settle  7:  46 @   2419 d -> ok lintwin tank 684.2 (+1.8) miss 4 km (0.2 s)
[10:18:44]     settle 10: 224 @   2507 d -> ok lintwin tank 712.8 (+31.1) miss 23 km (1.8 s)
[10:18:45] plan: 1219 states, depth 10 new flybys, end plan_done (62 s); deepest 10 new to 3746 d at planner fuel 364 kg
[10:18:45]   depth  1:  108 states (93 in H), t_end 2169-2786 d, fuel 63-170 kg
[10:18:45]   depth  2:  150 states (113 in H), t_end 2314-3232 d, fuel 88-208 kg
[10:18:45]   depth  3:  150 states (40 in H), t_end 2454-3439 d, fuel 107-225 kg
[10:18:45]   depth  4:  150 states (18 in H), t_end 2635-3739 d, fuel 141-264 kg
[10:18:45]   depth  5:  150 states (0 in H), t_end 2713-3588 d, fuel 165-301 kg
[10:18:45]   depth  6:  150 states (0 in H), t_end 3048-3712 d, fuel 206-332 kg
[10:18:45]   depth  7:  150 states (0 in H), t_end 3355-3720 d, fuel 213-366 kg
[10:18:45]   depth  8:  150 states (0 in H), t_end 3550-3767 d, fuel 217-397 kg
[10:18:45]   depth  9:   53 states (0 in H), t_end 3636-3779 d, fuel 314-430 kg
[10:18:45]   depth 10:    8 states (0 in H), t_end 3743-3752 d, fuel 364-441 kg
[10:18:45] candidates: 142 distinct committed target sets (n_new 1-4, potential 0-3)
[10:18:45] frontier: 16 candidates chosen (n fb / committed planner kg / continuation (lookahead) [full]; pot_mode lookahead, pot_cap None): 1fb/70kg/p0(0)[0], 1fb/70kg/p0(0)[0], 1fb/78kg/p3(2)[3], 1fb/99kg/p3(1)[3], 1fb/99kg/p3(1)[3], 1fb/105kg/p5(3)[5], 1fb/119kg/p3(1)[3], 2fb/88kg/p1(1)[1], 2fb/101kg/p0(0)[0], 2fb/126kg/p4(3)[4], 3fb/136kg/p2(1)[2], 3fb/154kg/p1(1)[1], 3fb/163kg/p3(3)[3], 4fb/149kg/p1(1)[1], 4fb/155kg/p1(1)[1], 4fb/185kg/p1(1)[1]
[10:18:45] budget: 238 s of 300 left for the settles + regrids (settle_wall 480)
[10:18:45]     settle 10: 207 @   2191 d -> ok lintwin tank 687.5 (+5.8) miss 3 km (0.4 s)
[10:18:45]     settle  7:  67 @   2491 d -> ok lintwin tank 702.4 (+20.0) miss 71 km (0.9 s)
[10:18:45]     settle  5: 155 @   2689 d -> ok lintwin tank 628.3 (+4.6) miss 3 km (0.5 s)
[10:18:45]     settle 13: 182 @   2509 d -> ok lin tank 772.4 (+2.9) miss 59 km (3.0 s)
[10:18:46]     settle  5: 256 @   2595 d -> ok lintwin tank 631.0 (+7.3) miss 11 km (0.5 s)
[10:18:47]     settle  5: 224 @   2461 d -> ok lintwin tank 636.0 (+12.4) miss 2 km (0.4 s)
[10:18:47]     settle  6:  84 @   2162 d -> FAIL [('lam', 707516.7)] (10.3 s)
[10:18:47]     settle 10: 129 @   2356 d -> ok lintwin tank 703.3 (+21.6) miss 17 km (1.4 s)
[10:18:47]     settle  7:  79 @   2326 d -> ok lintwin tank 809.3 (+126.9) miss 65 km (1.6 s)
[10:18:47]     settle 10: 161 @   2282 d -> ok lintwin tank 697.4 (+15.8) miss 3 km (0.5 s)
[10:18:48]     settle 13:  18 @   2321 d -> ok lam tank 782.6 (+13.1) miss 1 km (1.8 s)
[10:18:48]     settle  5:  31 @   2313 d -> ok lintwin tank 638.6 (+14.9) miss 72 km (1.5 s)
[10:18:49]     settle  7: 129 @   2447 d -> ok lintwin tank 695.3 (+12.9) miss 74 km (1.4 s)
[10:18:49]     settle  5: 142 @   2243 d -> ok lintwin tank 682.9 (+59.2) miss 96 km (0.7 s)
[10:18:49]     settle  7:  48 @   2295 d -> ok lintwin tank 690.2 (+7.8) miss 67 km (0.6 s)
[10:18:50]     settle 13:  46 @   2397 d -> ok lam tank 787.3 (+17.8) miss 65 km (1.4 s)
[10:18:50]     settle 10:  22 @   2351 d -> ok lintwin tank 809.2 (+127.6) miss 59 km (2.5 s)
[10:18:50]     settle  5: 246 @   2175 d -> ok lintwin tank 642.8 (+19.1) miss 5 km (0.9 s)
[10:18:51]     settle  7: 296 @   2267 d -> ok lintwin tank 710.4 (+28.0) miss 73 km (1.0 s)
[10:18:51]     settle  5:  14 @   2223 d -> ok lintwin tank 648.7 (+25.0) miss 64 km (0.9 s)
[10:18:52]     settle  7:  18 @   2289 d -> ok lintwin tank 714.7 (+32.3) miss 80 km (1.0 s)
[10:18:52]     settle  5: 277 @   2442 d -> ok lintwin tank 630.1 (+6.5) miss 2 km (0.3 s)
[10:18:52]     settle 10: 216 @   2367 d -> ok lintwin tank 707.6 (+26.0) miss 8 km (1.5 s)
[10:18:52]     settle  6: 155 @   2685 d -> ok lintwin tank 632.2 (+2.1) miss 26 km (0.2 s)
[10:18:53] plan: 1139 states, depth 9 new flybys, end plan_done (70 s); deepest 9 new to 3682 d at planner fuel 580 kg
[10:18:53]   depth  1:  114 states (101 in H), t_end 2183-2786 d, fuel 368-448 kg
[10:18:53]   depth  2:  150 states (79 in H), t_end 2346-3191 d, fuel 385-478 kg
[10:18:53]   depth  3:  150 states (17 in H), t_end 2449-3406 d, fuel 404-504 kg
[10:18:53]   depth  4:  150 states (0 in H), t_end 2709-3527 d, fuel 452-519 kg
[10:18:53]   depth  5:  150 states (0 in H), t_end 3161-3691 d, fuel 456-550 kg
[10:18:53]   depth  6:  150 states (0 in H), t_end 3231-3780 d, fuel 474-571 kg
[10:18:53]   depth  7:  150 states (0 in H), t_end 3354-3780 d, fuel 525-602 kg
[10:18:53]   depth  8:  117 states (0 in H), t_end 3508-3778 d, fuel 553-621 kg
[10:18:53]   depth  9:    8 states (0 in H), t_end 3682-3776 d, fuel 580-629 kg
[10:18:53] candidates: 130 distinct committed target sets (n_new 1-3, potential 0-2)
[10:18:53] frontier: 16 candidates chosen (n fb / committed planner kg / continuation (lookahead) [full]; pot_mode lookahead, pot_cap None): 1fb/368kg/p0(0)[0], 1fb/368kg/p1(1)[1], 1fb/378kg/p2(1)[2], 1fb/384kg/p3(1)[3], 1fb/392kg/p2(1)[2], 1fb/399kg/p2(2)[2], 1fb/399kg/p2(0)[2], 1fb/412kg/p3(2)[3], 1fb/419kg/p3(1)[3], 1fb/435kg/p3(1)[3], 2fb/394kg/p1(1)[1], 2fb/402kg/p1(1)[1], 2fb/421kg/p2(2)[2], 3fb/433kg/p0(0)[0], 3fb/444kg/p0(0)[0], 3fb/447kg/p1(1)[1]
[10:18:53] budget: 230 s of 300 left for the settles + regrids (settle_wall 480)
[10:18:53]     settle 11:  83 @   2457 d -> ok lintwin tank 692.2 (+3.8) miss 13 km (0.3 s)
[10:18:53]     settle  7: 183 @   2205 d -> ok lintwin tank 710.9 (+28.5) miss 67 km (1.3 s)
[10:18:54]     settle 10: 161 @   2271 d -> ok lintwin tank 697.4 (+15.8) miss 3 km (0.6 s)
[10:18:54]     settle  5:  81 @   2298 d -> ok lintwin tank 641.5 (+17.8) miss 89 km (1.3 s)
[10:18:54]     settle 11: 156 @   2454 d -> ok lintwin tank 700.9 (+3.5) miss 1 km (0.5 s)
[10:18:54]     settle 15:  99 @   2409 d -> ok lintwin tank 780.4 (+6.4) miss 72 km (1.6 s)
[10:18:55]     settle  6: 122 @   2638 d -> ok lintwin tank 648.0 (+6.5) miss 29 km (1.1 s)
[10:18:55]     settle 11: 269 @   2423 d -> ok lintwin tank 690.2 (+1.7) miss 3 km (0.3 s)
[10:18:55]     settle 11:  62 @   2468 d -> ok lintwin tank 705.6 (+8.2) miss 27 km (0.3 s)
[10:18:55]     settle  7: 284 @   2337 d -> ok lintwin tank 745.4 (+63.0) miss 0 km (2.1 s)
[10:18:56]     settle 13:  19 @   2373 d -> ok lam tank 775.4 (+5.9) miss 96 km (3.3 s)
[10:18:56]     settle 12: 122 @   2670 d -> ok lintwin tank 715.8 (+10.2) miss 28 km (0.3 s)
[10:18:56]     settle  7:  19 @   2382 d -> ok lintwin tank 688.0 (+5.6) miss 56 km (0.2 s)
[10:18:56]     settle  8: 212 @   2497 d -> ok lintwin tank 690.3 (+2.3) miss 2 km (0.2 s)
[10:18:56]     settle  6:  31 @   2314 d -> ok lintwin tank 651.2 (+8.4) miss 14 km (1.3 s)
[10:18:56]     settle 15:  17 @   2524 d -> ok lintwin tank 779.6 (+5.5) miss 60 km (1.7 s)
[10:18:57]     settle  7:  89 @   2540 d -> ok lintwin tank 652.6 (+1.4) miss 94 km (0.2 s)
[10:18:57] plan: 1384 states, depth 11 new flybys, end plan_done (74 s); deepest 11 new to 3572 d at planner fuel 483 kg
[10:18:57]   depth  1:  106 states (95 in H), t_end 2194-2792 d, fuel 153-250 kg
[10:18:57]   depth  2:  150 states (104 in H), t_end 2370-3009 d, fuel 171-286 kg
[10:18:57]   depth  3:  150 states (48 in H), t_end 2467-3457 d, fuel 205-318 kg
[10:18:57]   depth  4:  150 states (16 in H), t_end 2602-3537 d, fuel 221-358 kg
[10:18:57]   depth  5:  150 states (0 in H), t_end 2785-3710 d, fuel 256-335 kg
[10:18:57]   depth  6:  150 states (0 in H), t_end 2880-3740 d, fuel 278-360 kg
[10:18:57]   depth  7:  150 states (0 in H), t_end 3005-3777 d, fuel 303-394 kg
[10:18:57]   depth  8:  115 states (0 in H), t_end 3215-3777 d, fuel 356-435 kg
[10:18:57]   depth  9:  132 states (0 in H), t_end 3329-3773 d, fuel 391-462 kg
[10:18:57]   depth 10:  127 states (0 in H), t_end 3498-3779 d, fuel 436-490 kg
[10:18:57]   depth 11:    4 states (0 in H), t_end 3572-3628 d, fuel 483-495 kg
[10:18:57] candidates: 173 distinct committed target sets (n_new 1-4, potential 0-3)
[10:18:57] frontier: 16 candidates chosen (n fb / committed planner kg / continuation (lookahead) [full]; pot_mode lookahead, pot_cap None): 1fb/156kg/p3(2)[3], 1fb/164kg/p1(1)[1], 1fb/165kg/p6(3)[6], 1fb/167kg/p3(1)[3], 1fb/172kg/p4(2)[4], 1fb/185kg/p3(2)[3], 1fb/186kg/p3(2)[3], 2fb/171kg/p0(0)[0], 2fb/186kg/p1(1)[1], 2fb/208kg/p5(3)[5], 3fb/230kg/p1(1)[1], 3fb/236kg/p1(1)[1], 3fb/247kg/p4(3)[4], 4fb/273kg/p0(0)[0], 4fb/275kg/p2(2)[2], 4fb/277kg/p3(3)[3]
[10:18:57] budget: 226 s of 300 left for the settles + regrids (settle_wall 480)
[10:18:57]     settle  8: 134 @   2623 d -> ok lintwin tank 704.0 (+19.9) miss 21 km (0.7 s)
[10:18:57]     settle  6:  85 @   2521 d -> ok lintwin tank 656.8 (+20.7) miss 31 km (0.3 s)
[10:18:57]     settle 12:  57 @   2696 d -> ok lintwin tank 712.5 (+20.3) miss 16 km (0.9 s)
[10:18:57]     settle  7: 269 @   2656 d -> ok lintwin tank 661.2 (+4.5) miss 95 km (0.3 s)
[10:18:58]     settle  9: 139 @   2297 d -> ok lintwin tank 666.5 (+4.4) miss 14 km (0.9 s)
[10:18:58]     settle 13: 280 @   2309 d -> ok lin tank 782.0 (+12.4) miss 73 km (1.8 s)
[10:18:58]     settle  7: 224 @   2458 d -> ok lintwin tank 660.2 (+9.0) miss 1 km (0.3 s)
[10:18:58]     settle 15: 123 @   2460 d -> ok lintwin tank 786.8 (+12.7) miss 79 km (1.4 s)
[10:18:58]     settle  8: 122 @   2639 d -> ok lintwin tank 658.0 (+5.4) miss 21 km (0.2 s)
[10:18:59]     settle  9:  12 @   2599 d -> ok lintwin tank 677.3 (+15.2) miss 43 km (1.0 s)
[10:18:59]     settle  6:  18 @   2238 d -> FAIL [('lam', 892455.9)] (12.4 s)
[10:18:59]     settle  8: 110 @   2666 d -> ok lintwin tank 656.6 (+4.0) miss 81 km (0.7 s)
[10:19:00]     settle 15: 216 @   2366 d -> ok lintwin tank 798.5 (+24.5) miss 59 km (1.3 s)
[10:19:00]     settle  9: 121 @   2240 d -> ok lintwin tank 670.1 (+8.0) miss 14 km (0.5 s)
[10:19:00]     settle  7: 224 @   2454 d -> ok lintwin tank 660.2 (+9.0) miss 2 km (0.4 s)
[10:19:00]     settle 12: 110 @   2678 d -> ok lintwin tank 722.8 (+32.7) miss 72 km (2.6 s)
[10:19:00]     settle  8:  57 @   2689 d -> ok lintwin tank 666.5 (+6.3) miss 4 km (0.2 s)
[10:19:00] RESULT s04_c7: 16 columns; frontier 1fb 4 kg p0/3 | 2fb 8 kg p1/3 | 3fb 29 kg p1/3 | 4fb 33 kg p1/1; settles 20 (20 ok), regrids 16 (16 ok); wall 78 s of 300 (plan 62, price 0, settle 16; budget hit None, 0 unsettled)
[10:19:01]   job s04_c7 craft columns  16  levels 10  settles 20/20  end plan_done  wall 77.9 s
[10:19:01]     settle  8:  65 @   2441 d -> ok lam tank 721.5 (+31.3) miss 1 km (3.5 s)
[10:19:01]     settle 13:  40 @   2409 d -> ok lin tank 766.8 (+-2.7) miss 63 km (2.6 s)
[10:19:01]     settle 11: 125 @   2449 d -> ok lintwin tank 715.8 (+12.5) miss 72 km (0.6 s)
[10:19:01]     settle  9: 161 @   2284 d -> ok lintwin tank 671.8 (+9.6) miss 69 km (1.4 s)
[10:19:02]     settle  7:  48 @   2228 d -> ok lintwin tank 690.2 (+7.8) miss 83 km (0.7 s)
[10:19:02]     settle 15: 102 @   2384 d -> ok lintwin tank 827.2 (+53.1) miss 63 km (1.4 s)
[10:19:02]     settle  8: 258 @   2362 d -> ok lintwin tank 698.4 (+8.2) miss 45 km (0.2 s)
[10:19:02]     settle  9: 212 @   2552 d -> ok lintwin tank 705.5 (+7.2) miss 72 km (0.2 s)
[10:19:02]     settle 12: 202 @   2644 d -> ok lintwin tank 716.4 (+0.6) miss 76 km (1.2 s)
[10:19:02]     settle 13:  64 @   2699 d -> ok lintwin tank 734.1 (+17.7) miss 10 km (0.3 s)
[10:19:03] RESULT s04_c5: 16 columns; frontier 1fb 2 kg p0/1 | 2fb 8 kg p1/1 | 3fb 31 kg p0/1 | 4fb 52 kg p0/0; settles 20 (20 ok), regrids 16 (16 ok); wall 80 s of 300 (plan 58, price 1, settle 22; budget hit None, 0 unsettled)
[10:19:03]     settle  9: 217 @   2375 d -> ok lintwin tank 667.9 (+5.8) miss 81 km (1.3 s)
[10:19:04]     settle  6:  73 @   2377 d -> ok lam tank 660.5 (+3.3) miss 62 km (4.6 s)
[10:19:04]     settle 13:  73 @   2392 d -> ok lintwin tank 799.6 (+30.1) miss 38 km (2.9 s)
[10:19:04]     settle  9:  62 @   2467 d -> ok lintwin tank 693.9 (+31.8) miss 20 km (1.0 s)
[10:19:04] plan: 1380 states, depth 11 new flybys, end plan_done (82 s); deepest 11 new to 3687 d at planner fuel 691 kg
[10:19:04]   depth  1:  131 states (117 in H), t_end 2207-2821 d, fuel 386-465 kg
[10:19:04]   depth  2:  150 states (108 in H), t_end 2259-3308 d, fuel 417-496 kg
[10:19:04]   depth  3:  150 states (32 in H), t_end 2533-3429 d, fuel 438-526 kg
[10:19:04]   depth  4:  150 states (9 in H), t_end 2628-3723 d, fuel 441-559 kg
[10:19:04]   depth  5:  150 states (1 in H), t_end 2691-3547 d, fuel 505-586 kg
[10:19:04]   depth  6:  150 states (0 in H), t_end 2909-3767 d, fuel 525-618 kg
[10:19:04]   depth  7:  150 states (0 in H), t_end 3003-3725 d, fuel 541-637 kg
[10:19:04]   depth  8:  150 states (0 in H), t_end 3367-3770 d, fuel 578-657 kg
[10:19:04]   depth  9:  132 states (0 in H), t_end 3412-3776 d, fuel 587-673 kg
[10:19:04]   depth 10:   60 states (0 in H), t_end 3470-3774 d, fuel 631-699 kg
[10:19:04]   depth 11:    7 states (0 in H), t_end 3686-3767 d, fuel 691-707 kg
[10:19:04] candidates: 140 distinct committed target sets (n_new 1-5, potential 0-2)
[10:19:04] frontier: 16 candidates chosen (n fb / committed planner kg / continuation (lookahead) [full]; pot_mode lookahead, pot_cap None): 1fb/391kg/p0(0)[0], 1fb/395kg/p0(0)[0], 1fb/424kg/p4(2)[4], 1fb/425kg/p3(2)[3], 1fb/450kg/p6(2)[6], 1fb/456kg/p4(2)[4], 2fb/417kg/p1(1)[1], 2fb/418kg/p0(0)[0], 2fb/463kg/p5(2)[5], 3fb/459kg/p1(0)[1], 3fb/467kg/p0(0)[0], 3fb/489kg/p4(2)[4], 4fb/491kg/p0(0)[0], 4fb/494kg/p0(0)[0], 4fb/528kg/p3(2)[3], 5fb/563kg/p2(2)[2]
[10:19:04] budget: 218 s of 300 left for the settles + regrids (settle_wall 480)
[10:19:05]   job s04_c5 craft columns  16  levels 9  settles 20/20  end plan_done  wall 80.3 s
[10:19:05]     settle 15:  22 @   2501 d -> ok lintwin tank 792.9 (+18.8) miss 75 km (2.7 s)
[10:19:05]     settle  7: 168 @   2283 d -> ok lintwin tank 845.9 (+163.5) miss 2 km (2.5 s)
[10:19:05]     settle 13:  40 @   2420 d -> ok lam tank 774.1 (+4.6) miss 41 km (0.5 s)
[10:19:06]     settle 14: 215 @   2661 d -> ok lam tank 789.6 (+15.4) miss 62 km (1.2 s)
[10:19:07]     settle  9: 291 @   2376 d -> ok lintwin tank 675.4 (+13.3) miss 77 km (2.4 s)
[10:19:08]     settle  8:  33 @   2520 d -> FAIL [('lam', 65213147.5)] (3.2 s)
[10:19:08]     settle 15:  37 @   2686 d -> ok lintwin tank 789.9 (+2.9) miss 2 km (3.7 s)
[10:19:08]     settle 10:  93 @   2492 d -> ok lintwin tank 671.3 (+4.8) miss 45 km (1.0 s)
[10:19:09]     settle 14:  83 @   2660 d -> ok lin tank 783.2 (+0.6) miss 65 km (1.9 s)
[10:19:09]     settle  8: 129 @   2439 d -> ok lintwin tank 716.4 (+1.7) miss 41 km (0.3 s)
[10:19:09]     settle  9: 273 @   2569 d -> ok lintwin tank 729.4 (+13.0) miss 3 km (0.2 s)
[10:19:10]     settle  9:  88 @   2520 d -> FAIL [] (0.0 s)
[10:19:10]   1 candidates dropped (settle failure / regrid failure / duplicate after truncation)
[10:19:10] RESULT s04_c6: 15 columns; frontier 1fb 2 kg p1/2 | 2fb 8 kg p0/2 | 3fb 23 kg p0/2; settles 21 (19 ok), regrids 15 (15 ok); wall 87 s of 300 (plan 62, price 0, settle 26; budget hit None, 0 unsettled)
[10:19:10]     settle 14:  46 @   2400 d -> ok lam tank 792.9 (+11.0) miss 73 km (0.6 s)
[10:19:11]   job s04_c6 craft columns  15  levels 10  settles 19/21  end plan_done  wall 87.2 s
[10:19:11]     settle  9:  83 @   2440 d -> ok lintwin tank 678.8 (+16.7) miss 3 km (2.8 s)
[10:19:12]     settle 15:  10 @   2613 d -> ok lintwin tank 794.4 (+7.4) miss 48 km (3.2 s)
[10:19:12]     settle 10: 110 @   2686 d -> ok lintwin tank 682.5 (+3.7) miss 10 km (1.0 s)
[10:19:12]     settle 13: 222 @   2263 d -> ok lam tank 784.9 (+15.4) miss 41 km (0.5 s)
[10:19:13]     settle 10: 217 @   2370 d -> ok lintwin tank 673.3 (+3.2) miss 53 km (0.7 s)
[10:19:14]     settle 15: 194 @   2342 d -> ok lintwin tank 830.7 (+43.7) miss 52 km (2.2 s)
[10:19:15]     settle 14:  40 @   2423 d -> ok lin tank 772.4 (+-12.5) miss 51 km (2.4 s)
[10:19:15]     settle 11:  21 @   2643 d -> ok lintwin tank 685.3 (+12.0) miss 60 km (1.6 s)
[10:19:18]     settle 15: 243 @   2688 d -> ok lam tank 782.0 (+9.6) miss 68 km (2.6 s)
[10:19:18]     settle 10: 269 @   2393 d -> ok lintwin tank 677.9 (+7.8) miss 74 km (2.3 s)
[10:19:18]     settle 15: 224 @   2387 d -> ok lintwin tank 812.3 (+25.3) miss 21 km (3.6 s)
[10:19:19]     settle 11:  64 @   2693 d -> ok lintwin tank 685.2 (+7.3) miss 14 km (1.0 s)
[10:19:20]     settle 14:  40 @   2419 d -> ok lin tank 772.3 (+-12.7) miss 57 km (2.4 s)
[10:19:20]     settle 11: 170 @   2490 d -> ok lintwin tank 685.3 (+12.0) miss 75 km (1.3 s)
[10:19:21]     settle 15: 207 @   2199 d -> FAIL [('lam', 9225792.2)] (15.6 s)
[10:19:21]     settle 15:  81 @   2313 d -> ok lintwin tank 831.0 (+44.0) miss 75 km (2.7 s)
[10:19:21]     settle 15: 129 @   2351 d -> ok lintwin tank 814.6 (+40.6) miss 41 km (0.8 s)
[10:19:22]     settle 12: 266 @   2690 d -> ok lintwin tank 696.1 (+10.8) miss 35 km (0.8 s)
[10:19:23]     settle 12:  64 @   2693 d -> ok lintwin tank 694.3 (+9.0) miss 41 km (0.7 s)
[10:19:23]     settle 15:  12 @   2670 d -> ok lam tank 790.8 (+18.5) miss 63 km (2.5 s)
[10:19:23]     settle 15:  37 @   2183 d -> ok lintwin tank 802.8 (+28.8) miss 68 km (1.5 s)
[10:19:24]     settle 12: 110 @   2685 d -> ok lintwin tank 692.1 (+6.8) miss 10 km (0.7 s)
[10:19:24]     settle 15: 246 @   2222 d -> ok lintwin tank 862.2 (+75.3) miss 72 km (2.3 s)
[10:19:24] RESULT s04_c4: 16 columns; frontier 1fb 4 kg p2/3 | 2fb 9 kg p0/3 | 3fb 23 kg p1/3 | 4fb 30 kg p3/3; settles 18 (18 ok), regrids 16 (16 ok); wall 101 s of 300 (plan 74, price 1, settle 27; budget hit None, 0 unsettled)
[10:19:25]   job s04_c4 craft columns  16  levels 11  settles 18/18  end plan_done  wall 101.5 s
[10:19:25]     settle 15:  38 @   2359 d -> ok lintwin tank 804.8 (+30.7) miss 30 km (1.3 s)
[10:19:26]     settle  6: 217 @   2511 d -> FAIL [('lam', 62391.2)] (22.1 s)
[10:19:26]     settle 14: 235 @   2553 d -> ok lin tank 791.0 (+15.6) miss 73 km (2.8 s)
[10:19:27]     settle 15: 220 @   2259 d -> ok lintwin tank 795.2 (+8.2) miss 16 km (2.7 s)
[10:19:28]     settle 16:  26 @   2657 d -> ok lintwin tank 800.9 (+2.3) miss 73 km (2.3 s)
[10:19:28]     settle 16:  70 @   2549 d -> ok lintwin tank 802.0 (+6.9) miss 75 km (1.3 s)
[10:19:28]     settle 15: 108 @   2697 d -> ok lam tank 796.2 (+5.1) miss 52 km (1.9 s)
[10:19:30]     settle  6: 176 @   2200 d -> ok lam tank 675.0 (+17.7) miss 1 km (3.7 s)
[10:19:30]     settle 16:  22 @   2500 d -> ok lintwin tank 882.9 (+55.7) miss 50 km (2.4 s)
[10:19:31]     settle 14:  46 @   2394 d -> ok lam tank 790.4 (+8.5) miss 58 km (2.3 s)
[10:19:32]     settle 15: 275 @   2558 d -> ok lintwin tank 803.4 (+16.4) miss 69 km (3.3 s)
[10:19:33]     settle 16: 114 @   2636 d -> ok lintwin tank 817.3 (+2.7) miss 82 km (1.8 s)
[10:19:34]   regrid FAIL (1 fb: miss 25991 km, None, 3.7 s) -> column dropped
[10:19:34]     settle 16: 265 @   2698 d -> ok lintwin tank 824.4 (+21.1) miss 67 km (2.0 s)
[10:19:34]     settle 15:  37 @   2186 d -> ok lintwin tank 803.1 (+29.1) miss 71 km (1.3 s)
[10:19:35]     settle 15: 182 @   2524 d -> ok lintwin tank 804.0 (+13.5) miss 70 km (3.7 s)
[10:19:36]     settle 16: 224 @   2443 d -> ok lintwin tank 835.1 (+4.1) miss 82 km (1.5 s)
[10:19:37]     settle 16:  38 @   2346 d -> ok lintwin tank 819.6 (+16.4) miss 58 km (2.4 s)
[10:19:38]     settle 16: 243 @   2687 d -> ok lam tank 815.7 (+11.7) miss 53 km (3.1 s)
[10:19:38]     settle 15:  26 @   2361 d -> ok lintwin tank 813.3 (+26.3) miss 41 km (2.4 s)
[10:19:39]     settle 17:  17 @   2522 d -> ok lintwin tank 822.8 (+3.3) miss 74 km (2.0 s)
[10:19:40]     settle 16: 224 @   2412 d -> ok lintwin tank 817.8 (+4.5) miss 70 km (1.2 s)
[10:19:41]     settle 16:  12 @   2680 d -> ok lam tank 829.1 (+25.2) miss 4 km (2.8 s)
[10:19:41]     settle 16:  63 @   2450 d -> ok lintwin tank 819.7 (+21.2) miss 63 km (2.1 s)
[10:19:41]     settle 17: 202 @   2620 d -> ok lintwin tank 820.7 (+2.9) miss 53 km (1.6 s)
[10:19:43] RESULT s04_c2: 16 columns; frontier 1fb -3 kg p2/3 | 2fb 14 kg p1/2 | 3fb 13 kg p0/1 | 4fb 46 kg p0/0; settles 23 (23 ok), regrids 16 (16 ok); wall 121 s of 300 (plan 59, price 1, settle 62; budget hit None, 0 unsettled)
[10:19:43]     settle 16: 202 @   2557 d -> ok lintwin tank 813.3 (+1.0) miss 74 km (1.3 s)
[10:19:45]   job s04_c2 craft columns  16  levels 7  settles 23/23  end plan_done  wall 120.6 s
[10:19:45]     settle 17:  57 @   2699 d -> ok lintwin tank 828.1 (+14.8) miss 63 km (1.8 s)
[10:19:46]     settle 17:  64 @   2690 d -> ok lintwin tank 850.3 (+30.6) miss 56 km (4.5 s)
[10:19:46]   2 candidates dropped (settle failure / regrid failure / duplicate after truncation)
[10:19:46] RESULT s04_c0: 14 columns; frontier 1fb 5 kg p1/2 | 2fb 27 kg p1/2 | 3fb 49 kg p0/1; settles 19 (17 ok), regrids 14 (14 ok); wall 124 s of 300 (plan 70, price 1, settle 54; budget hit None, 0 unsettled)
[10:19:47]   job s04_c0 craft columns  14  levels 9  settles 17/19  end plan_done  wall 123.8 s
[10:19:47]     settle 17: 292 @   2537 d -> ok lintwin tank 854.2 (+19.0) miss 61 km (2.2 s)
[10:19:51]     settle 16: 224 @   2410 d -> ok lintwin tank 920.6 (+90.0) miss 66 km (3.2 s)
[10:19:55]     settle 17: 275 @   2560 d -> ok lintwin tank 992.2 (+71.5) miss 1 km (4.2 s)
[10:19:58]     settle 18: 265 @   2691 d -> ok lintwin tank 1061.4 (+69.3) miss 70 km (2.6 s)
[10:20:01]     settle 17: 275 @   2558 d -> ok lintwin tank 992.3 (+71.7) miss 54 km (2.8 s)
[10:20:04]     settle 18:  76 @   2652 d -> ok lintwin tank 1033.4 (+41.1) miss 59 km (2.6 s)
[10:20:06]     settle  6:  22 @   2497 d -> FAIL [('lam', 41283.2)] (32.1 s)
[10:20:07]     settle 18: 114 @   2628 d -> ok lintwin tank 860.8 (+6.6) miss 61 km (2.0 s)
[10:20:09]     settle 19:  64 @   2691 d -> ok lintwin tank 869.6 (+8.8) miss 37 km (1.8 s)
[10:20:09] RESULT s04_c1: 16 columns; frontier 1fb 3 kg p0/2 | 2fb 15 kg p1/2 | 3fb 34 kg p0/2 | 4fb 74 kg p2/2 | 5fb 82 kg p2/2; settles 24 (24 ok), regrids 16 (16 ok); wall 147 s of 300 (plan 82, price 1, settle 65; budget hit None, 0 unsettled)
[10:20:11]   job s04_c1 craft columns  16  levels 11  settles 24/24  end plan_done  wall 146.8 s
[10:20:14]     settle  6: 201 @   2367 d -> FAIL [('lam', 5281123.2)] (8.0 s)
[10:20:26]     settle  6:  56 @   2247 d -> FAIL [('lam', 16752232.3)] (11.7 s)
[10:20:38]     settle  6: 257 @   2455 d -> FAIL [('lam', 280498.6)] (12.3 s)
[10:20:43]     settle  7: 186 @   2597 d -> ok lam tank 687.3 (+12.3) miss 72 km (4.7 s)
[10:20:48]     settle  8: 110 @   2688 d -> ok lam tank 701.7 (+14.4) miss 98 km (5.1 s)
[10:20:52]   regrid FAIL (3 fb: miss 344158 km, None, 4.7 s) -> column dropped
[10:20:52]   15 candidates dropped (settle failure / regrid failure / duplicate after truncation)
[10:20:52] RESULT s04_c3: 1 columns; frontier 1fb 3 kg p1/1; settles 18 (4 ok), regrids 3 (1 ok); wall 190 s of 300 (plan 54, price 0, settle 136; budget hit None, 0 unsettled)
[10:20:53]   job s04_c3 craft columns   1  levels 8  settles 4/18  end plan_done  wall 190.1 s
[10:20:53] [slice 4] propose: 110 columns (0 bad dropped) in 190.4 s
[10:20:53] [slice 4] auction: 110 columns, kept 108, dropped {'ramp': 2}; lam 1.00 H_eff 540 d fuel budget 482 kg quota on stagger 60.0 d
[10:20:53] [slice 4] auction: status optimal objective 34.615 vars 108 rows 50 chosen 8 fuel 311/482 kg (0.027 s)
[10:20:55] [slice 4 T=2160 d] launched 8/8  covered 99  remaining 199  fuel 1148 kg  sumJi 8.9266  chosen: c0:3(+49) c1:4(+74) c2:4(+46) c3:1(+3) c4:4(+30) c5:4(+52) c6:3(+23) c7:4(+34)  rejected: -  (wall 192 s)
[10:20:55] [slice 5 T=2700 d] propose: 8 jobs (8 craft, 0 root) on 9 workers, proposer planbeam, H_eff 540 d, lam 1.0
[10:20:55] job s05_c0 (craft, craft 0, planbeam): T 2700 d H 540 L 360; plan horizon 4320 d; remaining 199; prize >1 on 90; width 150 npt 6 mc 150 dv 1.2 drmax 0.15 plan_wall 240 s; quota {'fil': 4, 'med': 14}
[10:20:55] job s05_c2 (craft, craft 2, planbeam): T 2700 d H 540 L 360; plan horizon 4320 d; remaining 199; prize >1 on 90; width 150 npt 6 mc 150 dv 1.2 drmax 0.15 plan_wall 240 s; quota {'fil': 9, 'med': 11}
[10:20:55] job s05_c3 (craft, craft 3, planbeam): T 2700 d H 540 L 360; plan horizon 4320 d; remaining 199; prize >1 on 90; width 150 npt 6 mc 150 dv 1.2 drmax 0.15 plan_wall 240 s; quota {'fil': 9, 'med': 17}
[10:20:55] job s05_c1 (craft, craft 1, planbeam): T 2700 d H 540 L 360; plan horizon 4320 d; remaining 199; prize >1 on 90; width 150 npt 6 mc 150 dv 1.2 drmax 0.15 plan_wall 240 s; quota {'fil': 5, 'med': 15}
[10:20:55] job s05_c5 (craft, craft 5, planbeam): T 2700 d H 540 L 360; plan horizon 4320 d; remaining 199; prize >1 on 90; width 150 npt 6 mc 150 dv 1.2 drmax 0.15 plan_wall 240 s; quota {'fil': 9, 'med': 15}
[10:20:55] job s05_c4 (craft, craft 4, planbeam): T 2700 d H 540 L 360; plan horizon 4320 d; remaining 199; prize >1 on 90; width 150 npt 6 mc 150 dv 1.2 drmax 0.15 plan_wall 240 s; quota {'fil': 9, 'med': 15}
[10:20:55] job s05_c6 (craft, craft 6, planbeam): T 2700 d H 540 L 360; plan horizon 4320 d; remaining 199; prize >1 on 90; width 150 npt 6 mc 150 dv 1.2 drmax 0.15 plan_wall 240 s; quota {'fil': 10, 'med': 15}
[10:20:55] job s05_c7 (craft, craft 7, planbeam): T 2700 d H 540 L 360; plan horizon 4320 d; remaining 199; prize >1 on 90; width 150 npt 6 mc 150 dv 1.2 drmax 0.15 plan_wall 240 s; quota {'fil': 10, 'med': 16}
[10:20:55] prefix slices/s05/in/craft_7.npz: 8 flybys, t_end 2638.4 d, tank 657.9 kg (planner view), miss 0.5 km, nreg 71
[10:20:55] budget: job_wall 300 s, 300 s left before the plan -> plan cap 210 s (plan_wall 240, settle_reserve 90)
[10:20:55] prefix slices/s05/in/craft_6.npz: 9 flybys, t_end 2555.4 d, tank 705.4 kg (planner view), miss 12.3 km, nreg 67
[10:20:55] budget: job_wall 300 s, 300 s left before the plan -> plan cap 210 s (plan_wall 240, settle_reserve 90)
[10:20:55] prefix slices/s05/in/craft_3.npz: 6 flybys, t_end 2376.9 d, tank 660.5 kg (planner view), miss 87.6 km, nreg 92
[10:20:55] budget: job_wall 300 s, 300 s left before the plan -> plan cap 210 s (plan_wall 240, settle_reserve 90)
[10:20:55] prefix slices/s05/in/craft_5.npz: 13 flybys, t_end 2699.1 d, tank 733.8 kg (planner view), miss 2.7 km, nreg 104
[10:20:55] budget: job_wall 300 s, 300 s left before the plan -> plan cap 210 s (plan_wall 240, settle_reserve 90)
[10:20:55] prefix slices/s05/in/craft_4.npz: 12 flybys, t_end 2681.2 d, tank 691.9 kg (planner view), miss 1.6 km, nreg 104
[10:20:55] budget: job_wall 300 s, 300 s left before the plan -> plan cap 210 s (plan_wall 240, settle_reserve 90)
[10:20:55] prefix slices/s05/in/craft_0.npz: 17 flybys, t_end 2521.0 d, tank 822.7 kg (planner view), miss 4.0 km, nreg 125
[10:20:55] budget: job_wall 300 s, 300 s left before the plan -> plan cap 210 s (plan_wall 240, settle_reserve 90)
[10:20:55] prefix slices/s05/in/craft_2.npz: 16 flybys, t_end 2688.4 d, tank 815.6 kg (planner view), miss 12.5 km, nreg 130
[10:20:55] budget: job_wall 300 s, 300 s left before the plan -> plan cap 210 s (plan_wall 240, settle_reserve 90)
[10:20:55] prefix slices/s05/in/craft_1.npz: 18 flybys, t_end 2630.2 d, tank 860.6 kg (planner view), miss 6.3 km, nreg 131
[10:20:55] budget: job_wall 300 s, 300 s left before the plan -> plan cap 210 s (plan_wall 240, settle_reserve 90)
[10:21:05] first level (both): 0 production + 49 relaxed (dv 2.5, 0.3 AU; 0.1 s) + 55 lintwin children -> 79 unique (9.7 s)
[10:21:05] plan start: prefix 8 flybys, t_end 2638.4 d, planner mass 1462.9 kg (dv 3.515 km/s); 79 first-level states
[10:21:06] first level (both): 0 production + 87 relaxed (dv 2.5, 0.3 AU; 0.1 s) + 87 lintwin children -> 123 unique (10.9 s)
[10:21:06] plan start: prefix 9 flybys, t_end 2555.4 d, planner mass 1364.4 kg (dv 6.249 km/s); 123 first-level states
[10:21:09] first level (both): 0 production + 61 relaxed (dv 2.5, 0.3 AU; 0.1 s) + 57 lintwin children -> 94 unique (13.6 s)
[10:21:09] plan start: prefix 13 flybys, t_end 2699.1 d, planner mass 1311.5 kg (dv 7.801 km/s); 94 first-level states
[10:21:09] first level (both): 0 production + 59 relaxed (dv 2.5, 0.3 AU; 0.1 s) + 62 lintwin children -> 86 unique (14.2 s)
[10:21:09] plan start: prefix 12 flybys, t_end 2681.2 d, planner mass 1391.0 kg (dv 5.490 km/s); 86 first-level states
[10:21:10] first level (both): 0 production + 31 relaxed (dv 2.5, 0.3 AU; 0.1 s) + 112 lintwin children -> 126 unique (14.9 s)
[10:21:10] plan start: prefix 6 flybys, t_end 2376.9 d, planner mass 1457.1 kg (dv 3.669 km/s); 126 first-level states
[10:21:10] first level (both): 0 production + 31 relaxed (dv 2.5, 0.3 AU; 0.1 s) + 0 lintwin children -> 22 unique (15.0 s)
[10:21:10] plan start: prefix 16 flybys, t_end 2688.4 d, planner mass 1179.9 kg (dv 11.946 km/s); 22 first-level states
[10:21:11] first level (both): 0 production + 37 relaxed (dv 2.5, 0.3 AU; 0.1 s) + 49 lintwin children -> 74 unique (15.9 s)
[10:21:11] plan start: prefix 18 flybys, t_end 2630.2 d, planner mass 1118.3 kg (dv 14.050 km/s); 74 first-level states
[10:21:12] first level (both): 0 production + 43 relaxed (dv 2.5, 0.3 AU; 0.1 s) + 66 lintwin children -> 88 unique (17.0 s)
[10:21:12] plan start: prefix 17 flybys, t_end 2521.0 d, planner mass 1169.9 kg (dv 12.282 km/s); 88 first-level states
[10:21:58] plan: 952 states, depth 9 new flybys, end plan_done (63 s); deepest 9 new to 4298 d at planner fuel 526 kg
[10:21:58]   depth  1:   94 states (84 in H), t_end 2745-3372 d, fuel 289-384 kg
[10:21:58]   depth  2:  150 states (46 in H), t_end 3124-3868 d, fuel 314-426 kg
[10:21:58]   depth  3:  150 states (0 in H), t_end 3304-4105 d, fuel 338-446 kg
[10:21:58]   depth  4:  150 states (0 in H), t_end 3404-4273 d, fuel 371-477 kg
[10:21:58]   depth  5:  150 states (0 in H), t_end 3554-4277 d, fuel 400-499 kg
[10:21:58]   depth  6:  150 states (0 in H), t_end 3760-4316 d, fuel 433-516 kg
[10:21:58]   depth  7:   91 states (0 in H), t_end 3945-4317 d, fuel 463-540 kg
[10:21:58]   depth  8:   15 states (0 in H), t_end 4118-4318 d, fuel 504-564 kg
[10:21:58]   depth  9:    2 states (0 in H), t_end 4298-4309 d, fuel 526-543 kg
[10:21:58] candidates: 69 distinct committed target sets (n_new 1-2, potential 0-3)
[10:21:58] frontier: 16 candidates chosen (n fb / committed planner kg / continuation (lookahead) [full]; pot_mode lookahead, pot_cap None): 1fb/289kg/p1(1)[1], 1fb/294kg/p2(1)[2], 1fb/299kg/p1(1)[1], 1fb/310kg/p2(2)[2], 1fb/323kg/p3(2)[3], 1fb/326kg/p1(1)[1], 1fb/330kg/p3(2)[3], 1fb/333kg/p2(2)[2], 1fb/333kg/p4(3)[4], 1fb/338kg/p2(1)[2], 1fb/346kg/p2(2)[2], 1fb/351kg/p2(1)[2], 1fb/357kg/p2(1)[2], 2fb/325kg/p0(0)[0], 2fb/331kg/p1(1)[1], 2fb/363kg/p3(3)[3]
[10:21:58] budget: 237 s of 300 left for the settles + regrids (settle_wall 480)
[10:21:59]     settle 14:  84 @   3229 d -> ok lintwin tank 733.3 (+-0.5) miss 1 km (0.4 s)
[10:22:00]     settle 14: 225 @   3047 d -> ok lintwin tank 736.6 (+2.8) miss 8 km (0.4 s)
[10:22:01] plan: 1112 states, depth 9 new flybys, end plan_done (66 s); deepest 9 new to 4316 d at planner fuel 404 kg
[10:22:01]   depth  1:   79 states (68 in H), t_end 2728-3330 d, fuel 147-243 kg
[10:22:01]   depth  2:  150 states (72 in H), t_end 2940-3762 d, fuel 149-285 kg
[10:22:01]   depth  3:  150 states (8 in H), t_end 3229-4168 d, fuel 185-317 kg
[10:22:01]   depth  4:  150 states (0 in H), t_end 3423-4292 d, fuel 231-353 kg
[10:22:01]   depth  5:  150 states (0 in H), t_end 3595-4316 d, fuel 247-387 kg
[10:22:01]   depth  6:  150 states (0 in H), t_end 3865-4316 d, fuel 295-407 kg
[10:22:01]   depth  7:  150 states (0 in H), t_end 3964-4320 d, fuel 323-434 kg
[10:22:01]   depth  8:  110 states (0 in H), t_end 4036-4320 d, fuel 363-459 kg
[10:22:01]   depth  9:   23 states (0 in H), t_end 4308-4319 d, fuel 404-494 kg
[10:22:01] candidates: 94 distinct committed target sets (n_new 1-3, potential 0-2)
[10:22:01] frontier: 16 candidates chosen (n fb / committed planner kg / continuation (lookahead) [full]; pot_mode lookahead, pot_cap None): 1fb/147kg/p0(0)[0], 1fb/150kg/p2(1)[2], 1fb/187kg/p3(2)[3], 1fb/200kg/p2(1)[2], 1fb/205kg/p3(1)[3], 1fb/209kg/p3(1)[3], 1fb/215kg/p2(1)[2], 1fb/217kg/p2(2)[2], 1fb/221kg/p2(1)[2], 1fb/238kg/p4(2)[4], 2fb/165kg/p0(0)[0], 2fb/171kg/p0(0)[0], 2fb/275kg/p3(2)[3], 3fb/256kg/p1(1)[1], 3fb/271kg/p1(1)[1], 3fb/311kg/p2(2)[2]
[10:22:01] budget: 234 s of 300 left for the settles + regrids (settle_wall 480)
[10:22:01]     settle  9: 296 @   3221 d -> ok lintwin tank 662.2 (+4.4) miss 6 km (0.3 s)
[10:22:01]     settle 14: 107 @   3145 d -> ok lintwin tank 742.0 (+8.1) miss 62 km (1.4 s)
[10:22:02]     settle  9:  86 @   2941 d -> ok lintwin tank 663.9 (+6.0) miss 18 km (0.6 s)
[10:22:02] plan: 1049 states, depth 8 new flybys, end plan_done (67 s); deepest 8 new to 4245 d at planner fuel 312 kg
[10:22:02]   depth  1:  126 states (115 in H), t_end 2703-3418 d, fuel 143-247 kg
[10:22:02]   depth  2:  150 states (90 in H), t_end 2937-3708 d, fuel 156-285 kg
[10:22:02]   depth  3:  150 states (8 in H), t_end 3109-4268 d, fuel 175-324 kg
[10:22:02]   depth  4:  150 states (0 in H), t_end 3361-4274 d, fuel 190-346 kg
[10:22:02]   depth  5:  150 states (0 in H), t_end 3597-4320 d, fuel 211-376 kg
[10:22:02]   depth  6:  150 states (0 in H), t_end 3812-4306 d, fuel 245-399 kg
[10:22:02]   depth  7:  150 states (0 in H), t_end 3937-4320 d, fuel 265-410 kg
[10:22:02]   depth  8:   23 states (0 in H), t_end 4134-4320 d, fuel 312-402 kg
[10:22:02] candidates: 143 distinct committed target sets (n_new 1-3, potential 0-2)
[10:22:02] frontier: 16 candidates chosen (n fb / committed planner kg / continuation (lookahead) [full]; pot_mode lookahead, pot_cap None): 1fb/143kg/p4(2)[4], 1fb/143kg/p2(1)[2], 1fb/143kg/p1(1)[1], 1fb/147kg/p2(1)[2], 1fb/153kg/p2(1)[2], 1fb/154kg/p2(1)[2], 1fb/158kg/p2(1)[2], 1fb/171kg/p3(2)[3], 1fb/177kg/p3(1)[3], 1fb/222kg/p3(2)[3], 2fb/156kg/p1(1)[1], 2fb/165kg/p0(0)[0], 2fb/174kg/p3(2)[3], 3fb/207kg/p1(1)[1], 3fb/220kg/p2(2)[2], 3fb/229kg/p1(1)[1]
[10:22:02] budget: 233 s of 300 left for the settles + regrids (settle_wall 480)
[10:22:03]     settle  9:  11 @   3172 d -> ok lintwin tank 684.1 (+26.2) miss 26 km (0.6 s)
[10:22:03]     settle 14: 167 @   3170 d -> ok lintwin tank 741.5 (+7.6) miss 58 km (1.0 s)
[10:22:04]     settle  9:  20 @   2948 d -> ok lintwin tank 662.3 (+4.5) miss 10 km (0.7 s)
[10:22:06]     settle  9: 238 @   2958 d -> ok lintwin tank 684.9 (+27.0) miss 50 km (1.6 s)
[10:22:06]     settle 14: 238 @   2979 d -> ok lintwin tank 742.5 (+8.6) miss 78 km (2.3 s)
[10:22:07] plan: 1115 states, depth 12 new flybys, end plan_done (72 s); deepest 12 new to 4284 d at planner fuel 570 kg
[10:22:07]   depth  1:   86 states (78 in H), t_end 2740-3370 d, fuel 219-313 kg
[10:22:07]   depth  2:  150 states (102 in H), t_end 2981-3890 d, fuel 232-342 kg
[10:22:07]   depth  3:  150 states (18 in H), t_end 3155-4053 d, fuel 266-378 kg
[10:22:07]   depth  4:  150 states (0 in H), t_end 3363-4232 d, fuel 282-402 kg
[10:22:07]   depth  5:  150 states (0 in H), t_end 3445-4237 d, fuel 311-436 kg
[10:22:07]   depth  6:  150 states (0 in H), t_end 3695-4319 d, fuel 325-467 kg
[10:22:07]   depth  7:  117 states (0 in H), t_end 3789-4318 d, fuel 364-481 kg
[10:22:07]   depth  8:   79 states (0 in H), t_end 3929-4317 d, fuel 421-506 kg
[10:22:07]   depth  9:   68 states (0 in H), t_end 4034-4307 d, fuel 438-538 kg
[10:22:07]   depth 10:   11 states (0 in H), t_end 4170-4286 d, fuel 471-529 kg
[10:22:07]   depth 11:    3 states (0 in H), t_end 4222-4226 d, fuel 524-561 kg
[10:22:07]   depth 12:    1 states (0 in H), t_end 4284-4284 d, fuel 570-570 kg
[10:22:07] candidates: 118 distinct committed target sets (n_new 1-3, potential 0-2)
[10:22:07] frontier: 16 candidates chosen (n fb / committed planner kg / continuation (lookahead) [full]; pot_mode lookahead, pot_cap None): 1fb/219kg/p4(2)[4], 1fb/226kg/p0(0)[0], 1fb/230kg/p0(0)[0], 1fb/246kg/p2(1)[2], 1fb/248kg/p2(1)[2], 1fb/251kg/p2(1)[2], 1fb/252kg/p2(1)[2], 1fb/257kg/p2(1)[2], 1fb/263kg/p2(1)[2], 1fb/264kg/p4(2)[4], 2fb/234kg/p0(0)[0], 2fb/248kg/p0(0)[0], 2fb/258kg/p3(2)[3], 3fb/272kg/p0(0)[0], 3fb/286kg/p2(2)[2], 3fb/293kg/p0(0)[0]
[10:22:07] budget: 228 s of 300 left for the settles + regrids (settle_wall 480)
[10:22:07]     settle  7: 116 @   2745 d -> ok lam tank 669.5 (+9.0) miss 76 km (5.0 s)
[10:22:07]     settle 13: 295 @   2874 d -> ok lintwin tank 697.5 (+5.7) miss 31 km (0.4 s)
[10:22:10]     settle 13: 145 @   3240 d -> ok lintwin tank 706.9 (+15.0) miss 28 km (2.2 s)
[10:22:10]   drift: leg 145@3240 d settled outside (T, T+H] -> column cut at 0
[10:22:10]     settle  9: 203 @   2837 d -> ok lintwin tank 695.1 (+37.2) miss 2 km (3.7 s)
[10:22:11]     settle 14: 201 @   3179 d -> ok lintwin tank 749.7 (+15.8) miss 78 km (4.5 s)
[10:22:11]     settle 13: 200 @   3032 d -> ok lintwin tank 710.3 (+18.4) miss 24 km (1.3 s)
[10:22:13]     settle 14: 188 @   2990 d -> ok lintwin tank 750.3 (+16.5) miss 64 km (1.8 s)
[10:22:14]   regrid FAIL (1 fb: miss 61983 km, None, 6.9 s) -> column dropped
[10:22:14] plan: 1234 states, depth 10 new flybys, end plan_done (79 s); deepest 10 new to 4290 d at planner fuel 547 kg
[10:22:14]   depth  1:  123 states (110 in H), t_end 2712-3315 d, fuel 236-333 kg
[10:22:14]   depth  2:  150 states (68 in H), t_end 2817-3805 d, fuel 254-374 kg
[10:22:14]   depth  3:  150 states (30 in H), t_end 3069-4166 d, fuel 280-408 kg
[10:22:14]   depth  4:  150 states (1 in H), t_end 3169-4317 d, fuel 299-423 kg
[10:22:14]   depth  5:  150 states (0 in H), t_end 3423-4317 d, fuel 357-452 kg
[10:22:14]   depth  6:  150 states (0 in H), t_end 3605-4316 d, fuel 389-482 kg
[10:22:14]   depth  7:  150 states (0 in H), t_end 3803-4311 d, fuel 435-515 kg
[10:22:14]   depth  8:  150 states (0 in H), t_end 3956-4299 d, fuel 449-547 kg
[10:22:14]   depth  9:   59 states (0 in H), t_end 4115-4316 d, fuel 485-573 kg
[10:22:14]   depth 10:    2 states (0 in H), t_end 4290-4291 d, fuel 547-548 kg
[10:22:14] candidates: 117 distinct committed target sets (n_new 1-4, potential 0-2)
[10:22:14] frontier: 16 candidates chosen (n fb / committed planner kg / continuation (lookahead) [full]; pot_mode lookahead, pot_cap None): 1fb/236kg/p3(2)[3], 1fb/242kg/p2(2)[2], 1fb/245kg/p2(2)[2], 1fb/257kg/p2(1)[2], 1fb/258kg/p3(1)[3], 1fb/299kg/p4(2)[4], 1fb/307kg/p4(1)[4], 1fb/315kg/p4(2)[4], 1fb/320kg/p4(2)[4], 2fb/254kg/p2(2)[2], 2fb/269kg/p0(0)[0], 2fb/326kg/p3(2)[3], 3fb/302kg/p1(1)[1], 3fb/304kg/p0(0)[0], 3fb/352kg/p2(2)[2], 4fb/384kg/p1(1)[1]
[10:22:14] budget: 221 s of 300 left for the settles + regrids (settle_wall 480)
[10:22:14]     settle 10:  51 @   2792 d -> ok lintwin tank 705.0 (+-0.3) miss 4 km (0.3 s)
[10:22:15]     settle 10:   4 @   2933 d -> ok lintwin tank 708.5 (+3.1) miss 36 km (0.4 s)
[10:22:15]     settle 13: 259 @   3090 d -> ok lintwin tank 738.2 (+46.3) miss 42 km (3.7 s)
[10:22:16]     settle  9:  79 @   2993 d -> ok lintwin tank 706.4 (+48.5) miss 98 km (5.6 s)
[10:22:16]     settle 13: 116 @   2837 d -> ok lintwin tank 711.7 (+19.8) miss 32 km (0.5 s)
[10:22:17] plan: 1109 states, depth 9 new flybys, end plan_done (82 s); deepest 9 new to 4304 d at planner fuel 712 kg
[10:22:17]   depth  1:   74 states (64 in H), t_end 2735-3323 d, fuel 490-560 kg
[10:22:17]   depth  2:  150 states (100 in H), t_end 2933-3743 d, fuel 502-591 kg
[10:22:17]   depth  3:  150 states (41 in H), t_end 3042-4273 d, fuel 524-619 kg
[10:22:17]   depth  4:  150 states (2 in H), t_end 3216-4318 d, fuel 554-641 kg
[10:22:17]   depth  5:  150 states (0 in H), t_end 3395-4147 d, fuel 570-666 kg
[10:22:17]   depth  6:  150 states (0 in H), t_end 3649-4315 d, fuel 594-694 kg
[10:22:17]   depth  7:  150 states (0 in H), t_end 4023-4317 d, fuel 599-716 kg
[10:22:17]   depth  8:  129 states (0 in H), t_end 4124-4318 d, fuel 619-740 kg
[10:22:17]   depth  9:    6 states (0 in H), t_end 4273-4310 d, fuel 712-737 kg
[10:22:17] candidates: 123 distinct committed target sets (n_new 1-4, potential 0-3)
[10:22:17] frontier: 16 candidates chosen (n fb / committed planner kg / continuation (lookahead) [full]; pot_mode lookahead, pot_cap None): 1fb/490kg/p2(1)[2], 1fb/494kg/p1(1)[1], 1fb/504kg/p3(2)[3], 1fb/515kg/p3(2)[3], 1fb/517kg/p4(3)[4], 1fb/528kg/p4(1)[4], 1fb/530kg/p4(2)[4], 1fb/557kg/p4(3)[4], 2fb/512kg/p1(1)[1], 2fb/528kg/p0(0)[0], 2fb/538kg/p3(3)[3], 3fb/553kg/p0(0)[0], 3fb/557kg/p0(0)[0], 3fb/575kg/p2(2)[2], 4fb/613kg/p1(1)[1], 4fb/616kg/p1(1)[1]
[10:22:17] budget: 218 s of 300 left for the settles + regrids (settle_wall 480)
[10:22:19]     settle 19: 180 @   3026 d -> ok lintwin tank 865.5 (+4.9) miss 75 km (1.3 s)
[10:22:19]     settle 13: 203 @   3002 d -> ok lintwin tank 709.4 (+17.5) miss 33 km (1.9 s)
[10:22:19]     settle 10: 237 @   2961 d -> ok lintwin tank 710.1 (+4.7) miss 83 km (3.2 s)
[10:22:19]     settle 14: 259 @   3117 d -> ok lintwin tank 747.4 (+13.6) miss 4 km (5.6 s)
[10:22:20] plan: 1187 states, depth 11 new flybys, end plan_done (85 s); deepest 11 new to 4315 d at planner fuel 713 kg
[10:22:20]   depth  1:   22 states (22 in H), t_end 2852-3198 d, fuel 448-499 kg
[10:22:20]   depth  2:  128 states (43 in H), t_end 3078-3738 d, fuel 451-531 kg
[10:22:20]   depth  3:  150 states (5 in H), t_end 3212-3806 d, fuel 503-566 kg
[10:22:20]   depth  4:  150 states (0 in H), t_end 3433-4166 d, fuel 513-594 kg
[10:22:20]   depth  5:  150 states (0 in H), t_end 3675-4320 d, fuel 520-616 kg
[10:22:20]   depth  6:  150 states (0 in H), t_end 3770-4316 d, fuel 551-652 kg
[10:22:20]   depth  7:  150 states (0 in H), t_end 3844-4320 d, fuel 581-671 kg
[10:22:20]   depth  8:  150 states (0 in H), t_end 3950-4282 d, fuel 618-698 kg
[10:22:20]   depth  9:  113 states (0 in H), t_end 4009-4319 d, fuel 636-700 kg
[10:22:20]   depth 10:   23 states (0 in H), t_end 4135-4319 d, fuel 674-712 kg
[10:22:20]   depth 11:    1 states (0 in H), t_end 4315-4315 d, fuel 713-713 kg
[10:22:20] candidates: 38 distinct committed target sets (n_new 1-3, potential 0-2)
[10:22:20] frontier: 16 candidates chosen (n fb / committed planner kg / continuation (lookahead) [full]; pot_mode lookahead, pot_cap None): 1fb/448kg/p1(0)[1], 1fb/452kg/p1(1)[1], 1fb/460kg/p2(1)[2], 1fb/475kg/p2(1)[2], 1fb/481kg/p2(1)[2], 1fb/483kg/p3(2)[3], 1fb/484kg/p2(1)[2], 1fb/485kg/p3(2)[3], 2fb/470kg/p0(0)[0], 2fb/478kg/p0(0)[0], 2fb/491kg/p1(1)[1], 2fb/493kg/p2(2)[2], 2fb/511kg/p2(2)[2], 2fb/531kg/p2(2)[2], 3fb/530kg/p0(0)[0], 3fb/530kg/p0(0)[0]
[10:22:20] budget: 215 s of 300 left for the settles + regrids (settle_wall 480)
[10:22:20] plan: 1158 states, depth 10 new flybys, end plan_done (85 s); deepest 10 new to 4290 d at planner fuel 724 kg
[10:22:20]   depth  1:   88 states (79 in H), t_end 2702-3325 d, fuel 443-515 kg
[10:22:20]   depth  2:  150 states (103 in H), t_end 2909-3857 d, fuel 460-544 kg
[10:22:20]   depth  3:  150 states (25 in H), t_end 3123-4054 d, fuel 478-572 kg
[10:22:20]   depth  4:  150 states (0 in H), t_end 3319-4280 d, fuel 491-592 kg
[10:22:20]   depth  5:  150 states (0 in H), t_end 3497-4294 d, fuel 519-626 kg
[10:22:20]   depth  6:  150 states (0 in H), t_end 3776-4315 d, fuel 544-647 kg
[10:22:20]   depth  7:  150 states (0 in H), t_end 3897-4320 d, fuel 577-670 kg
[10:22:20]   depth  8:  150 states (0 in H), t_end 4124-4319 d, fuel 596-700 kg
[10:22:20]   depth  9:   19 states (0 in H), t_end 4212-4312 d, fuel 632-705 kg
[10:22:20]   depth 10:    1 states (0 in H), t_end 4290-4290 d, fuel 724-724 kg
[10:22:20] candidates: 117 distinct committed target sets (n_new 1-3, potential 0-3)
[10:22:20] frontier: 16 candidates chosen (n fb / committed planner kg / continuation (lookahead) [full]; pot_mode lookahead, pot_cap None): 1fb/443kg/p0(0)[0], 1fb/444kg/p0(0)[0], 1fb/444kg/p2(1)[2], 1fb/448kg/p3(1)[3], 1fb/463kg/p2(1)[2], 1fb/464kg/p4(2)[4], 1fb/467kg/p3(2)[3], 1fb/479kg/p4(3)[4], 1fb/485kg/p3(1)[3], 1fb/494kg/p3(2)[3], 2fb/462kg/p0(0)[0], 2fb/470kg/p2(2)[2], 2fb/483kg/p3(2)[3], 3fb/502kg/p1(1)[1], 3fb/505kg/p2(2)[2], 3fb/506kg/p1(1)[1]
[10:22:20] budget: 215 s of 300 left for the settles + regrids (settle_wall 480)
[10:22:21]     settle 13:  20 @   2912 d -> ok lintwin tank 710.6 (+18.7) miss 25 km (1.3 s)
[10:22:21]     settle 10: 120 @   3144 d -> ok lintwin tank 716.9 (+11.6) miss 70 km (2.3 s)
[10:22:22]     settle 14: 140 @   3022 d -> ok lintwin tank 758.7 (+24.9) miss 78 km (1.7 s)
[10:22:23]     settle 19: 102 @   2971 d -> ok lintwin tank 864.2 (+3.6) miss 71 km (3.7 s)
[10:22:23]     settle 10:  32 @   2723 d -> ok lintwin tank 716.6 (+11.2) miss 71 km (1.3 s)
[10:22:23]     settle  9: 140 @   3178 d -> ok lam tank 1053.4 (+395.5) miss 43 km (2.5 s)
[10:22:24]     settle 14:  75 @   3079 d -> ok lintwin tank 760.2 (+26.4) miss 53 km (1.6 s)
[10:22:24]     settle 17:  65 @   3098 d -> ok lam tank 830.0 (+14.4) miss 2 km (3.4 s)
[10:22:25]     settle 13: 140 @   3136 d -> ok lintwin tank 756.4 (+64.5) miss 78 km (4.0 s)
[10:22:25]     settle 18: 255 @   3122 d -> ok lintwin tank 827.2 (+4.6) miss 83 km (4.9 s)
[10:22:26]     settle 19: 158 @   3010 d -> ok lintwin tank 870.9 (+10.3) miss 71 km (2.1 s)
[10:22:27]     settle 10: 283 @   2935 d -> ok lintwin tank 768.9 (+63.5) miss 69 km (3.2 s)
[10:22:28]     settle  9:  49 @   2874 d -> ok lintwin tank 724.2 (+66.3) miss 77 km (2.4 s)
[10:22:29]     settle 14: 203 @   3051 d -> ok lintwin tank 823.6 (+89.8) miss 41 km (4.4 s)
[10:22:29]     settle 17: 296 @   3188 d -> ok lam tank 831.3 (+15.7) miss 74 km (4.2 s)
[10:22:29]     settle 10: 222 @   2741 d -> ok lintwin tank 731.5 (+26.2) miss 74 km (1.8 s)
[10:22:29]     settle 13:  29 @   3050 d -> ok lintwin tank 747.6 (+55.7) miss 55 km (3.4 s)
[10:22:29]     settle 18: 181 @   3177 d -> ok lintwin tank 829.5 (+6.8) miss 82 km (3.4 s)
[10:22:29]     settle 19:  20 @   3032 d -> ok lintwin tank 877.3 (+16.8) miss 71 km (3.3 s)
[10:22:30]     settle  9: 245 @   2825 d -> ok lintwin tank 704.1 (+46.2) miss 3 km (2.1 s)
[10:22:30]     settle 10:   2 @   2755 d -> ok lintwin tank 730.3 (+24.9) miss 77 km (1.5 s)
[10:22:31]     settle  9: 257 @   2734 d -> ok lintwin tank 663.9 (+6.0) miss 39 km (0.2 s)
[10:22:31]     settle 13:   6 @   2740 d -> ok lintwin tank 721.3 (+29.4) miss 72 km (1.6 s)
[10:22:31]     settle 10:  20 @   2963 d -> ok lintwin tank 669.4 (+5.4) miss 38 km (0.6 s)
[10:22:32]     settle  9:  20 @   2960 d -> ok lintwin tank 662.3 (+4.5) miss 18 km (0.3 s)
[10:22:32]     settle 19: 116 @   2839 d -> ok lintwin tank 921.9 (+61.3) miss 83 km (2.0 s)
[10:22:32]     settle 14: 142 @   3056 d -> ok lintwin tank 763.9 (+30.1) miss 57 km (3.4 s)
[10:22:32]     settle 10: 296 @   3222 d -> ok lintwin tank 667.2 (+4.9) miss 56 km (0.6 s)
[10:22:33]     settle 10: 223 @   2841 d -> ok lintwin tank 729.2 (+23.9) miss 79 km (1.8 s)
[10:22:33]     settle 14: 296 @   3198 d -> ok lintwin tank 704.3 (+6.7) miss 29 km (1.9 s)
[10:22:34]     settle 11:   4 @   2934 d -> ok lintwin tank 709.8 (+4.7) miss 57 km (0.3 s)
[10:22:34]     settle 18: 248 @   3074 d -> ok lintwin tank 829.6 (+7.0) miss 69 km (4.0 s)
[10:22:34]     settle 17:  20 @   3046 d -> ok lam tank 843.5 (+27.9) miss 54 km (3.0 s)
[10:22:35]     settle 13: 179 @   3086 d -> ok lintwin tank 697.0 (+5.1) miss 62 km (1.1 s)
[10:22:35]     settle 14: 209 @   3216 d -> ok lintwin tank 702.4 (+5.5) miss 3 km (0.4 s)
[10:22:35]     settle 10: 259 @   3120 d -> ok lintwin tank 706.4 (+2.4) miss 83 km (2.6 s)
[10:22:36]     settle 19: 245 @   2829 d -> ok lintwin tank 905.7 (+45.1) miss 68 km (3.2 s)
[10:22:36]     settle 14: 179 @   3084 d -> ok lintwin tank 701.5 (+3.9) miss 2 km (0.4 s)
[10:22:36]     settle 10: 259 @   3120 d -> ok lintwin tank 686.5 (+1.6) miss 40 km (0.7 s)
[10:22:37]     settle 14: 261 @   3024 d -> ok lintwin tank 769.0 (+35.2) miss 62 km (3.9 s)
[10:22:37]     settle 14: 179 @   3087 d -> ok lintwin tank 701.5 (+4.0) miss 2 km (0.4 s)
[10:22:37]     settle 18: 160 @   2821 d -> ok lintwin tank 829.7 (+7.1) miss 78 km (2.7 s)
[10:22:37]     settle 10: 286 @   3083 d -> ok lintwin tank 738.1 (+32.7) miss 68 km (3.4 s)
[10:22:37]     settle 15: 209 @   3217 d -> ok lintwin tank 712.1 (+10.6) miss 10 km (0.4 s)
[10:22:39]     settle 15: 259 @   3214 d -> ok lintwin tank 718.3 (+16.8) miss 54 km (0.9 s)
[10:22:39]     settle 11: 107 @   3239 d -> ok lintwin tank 697.6 (+11.2) miss 3 km (2.7 s)
[10:22:39]     settle  7:  66 @   2765 d -> FAIL [('lin', 488439.8), ('lam', 457359.5)] (25.7 s)
[10:22:40]     settle 15: 186 @   3223 d -> ok lintwin tank 745.1 (+8.5) miss 57 km (2.6 s)
[10:22:40]     settle 10: 259 @   3123 d -> ok lintwin tank 699.7 (+4.7) miss 19 km (0.3 s)
[10:22:40]     settle 19:  13 @   2913 d -> ok lintwin tank 898.1 (+37.5) miss 97 km (4.0 s)
[10:22:40]     settle 11: 232 @   3218 d -> ok lintwin tank 769.9 (+31.8) miss 64 km (3.2 s)
[10:22:40]     settle 18: 111 @   2969 d -> ok lintwin tank 871.4 (+48.7) miss 73 km (3.1 s)
[10:22:40]     settle 17: 273 @   2978 d -> ok lam tank 846.0 (+30.4) miss 59 km (6.1 s)
[10:22:41]     settle 11: 107 @   3238 d -> ok lintwin tank 733.9 (+34.2) miss 76 km (0.9 s)
[10:22:41]   drift: leg 107@3238 d settled outside (T, T+H] -> column cut at 2
[10:22:41]     settle 15: 220 @   3220 d -> ok lintwin tank 723.7 (+22.2) miss 34 km (2.2 s)
[10:22:41]   1 candidates dropped (settle failure / regrid failure / duplicate after truncation)
[10:22:41] RESULT s05_c4: 15 columns; frontier 1fb 6 kg p2/2 | 2fb 10 kg p2/2 | 3fb 20 kg p0/2; settles 18 (18 ok), regrids 15 (15 ok); wall 107 s of 300 (plan 72, price 1, settle 35; budget hit None, 0 unsettled)
[10:22:42]     settle 15: 167 @   3169 d -> ok lintwin tank 742.9 (+6.3) miss 72 km (1.7 s)
[10:22:42]     settle 11: 298 @   3230 d -> ok lintwin tank 717.0 (+10.6) miss 76 km (1.0 s)
[10:22:42] RESULT s05_c7: 16 columns; frontier 1fb 4 kg p0/2 | 2fb 9 kg p0/2 | 3fb 40 kg p1/2; settles 20 (20 ok), regrids 16 (16 ok); wall 107 s of 300 (plan 66, price 1, settle 42; budget hit None, 0 unsettled)
[10:22:43]   job s05_c4 craft columns  15  levels 12  settles 18/18  end plan_done  wall 106.6 s
[10:22:43]   job s05_c7 craft columns  16  levels 9  settles 20/20  end plan_done  wall 107.3 s
[10:22:43]     settle 15: 259 @   3135 d -> ok lintwin tank 759.7 (+1.0) miss 68 km (0.9 s)
[10:22:43]     settle 11:  75 @   3090 d -> ok lintwin tank 906.9 (+138.0) miss 72 km (2.8 s)
[10:22:43] RESULT s05_c5: 16 columns; frontier 1fb -1 kg p1/3 | 2fb 9 kg p1/3; settles 16 (16 ok), regrids 16 (16 ok); wall 109 s of 300 (plan 63, price 1, settle 45; budget hit None, 0 unsettled)
[10:22:44]     settle 18: 116 @   2870 d -> ok lintwin tank 841.6 (+19.0) miss 72 km (2.9 s)
[10:22:45]     settle 19: 203 @   2952 d -> ok lintwin tank 901.9 (+41.3) miss 0 km (4.1 s)
[10:22:45]     settle 11:  35 @   2873 d -> ok lintwin tank 729.4 (+12.8) miss 63 km (0.9 s)
[10:22:45]   job s05_c5 craft columns  16  levels 9  settles 16/16  end plan_done  wall 108.5 s
[10:22:46]     settle 20: 181 @   3236 d -> ok lintwin tank 876.9 (+11.4) miss 46 km (1.6 s)
[10:22:47]     settle 17: 239 @   3019 d -> ok lam tank 842.5 (+26.8) miss 92 km (5.6 s)
[10:22:47]     settle 12: 120 @   3145 d -> ok lintwin tank 734.2 (+4.8) miss 92 km (2.6 s)
[10:22:47]     settle 20:  65 @   3079 d -> ok lintwin tank 877.3 (+11.8) miss 1 km (0.4 s)
[10:22:48]     settle 10:  51 @   2795 d -> ok lintwin tank 705.0 (+-0.3) miss 22 km (0.2 s)
[10:22:48]     settle 11:   4 @   2935 d -> ok lintwin tank 709.8 (+4.7) miss 47 km (0.2 s)
[10:22:48]     settle 18: 166 @   2979 d -> ok lintwin tank 876.1 (+53.5) miss 42 km (3.7 s)
[10:22:49]     settle 12:  23 @   3185 d -> ok lintwin tank 724.1 (+14.3) miss 45 km (0.7 s)
[10:22:53]     settle 20: 120 @   3159 d -> ok lintwin tank 955.2 (+33.4) miss 68 km (4.9 s)
[10:22:53]     settle 17:  53 @   2852 d -> ok lam tank 845.7 (+30.1) miss 53 km (5.1 s)
[10:22:53]     settle 18:  82 @   3048 d -> ok lintwin tank 906.7 (+84.1) miss 54 km (4.4 s)
[10:22:54]     settle 12: 107 @   3170 d -> FAIL [('lam', 8448489.3)] (4.8 s)
[10:22:55]     settle 19: 165 @   2913 d -> ok lintwin tank 879.3 (+18.7) miss 51 km (2.3 s)
[10:22:56]     settle 17: 106 @   2958 d -> ok lin tank 844.6 (+29.0) miss 35 km (2.4 s)
[10:22:56]     settle 20: 158 @   3010 d -> ok lintwin tank 909.2 (+30.0) miss 78 km (0.9 s)
[10:22:57]     settle  7: 259 @   3110 d -> FAIL [('lam', 3144909.8)] (17.0 s)
[10:22:57]     settle 11: 152 @   2819 d -> ok lintwin tank 784.6 (+53.1) miss 78 km (2.8 s)
[10:22:57]     settle 18: 289 @   2836 d -> ok lintwin tank 861.8 (+39.1) miss 71 km (3.7 s)
[10:22:57]     settle 12:   3 @   3069 d -> ok lintwin tank 784.4 (+-0.2) miss 79 km (0.8 s)
[10:22:59]     settle 13: 107 @   3169 d -> ok lintwin tank 795.7 (+11.3) miss 68 km (1.2 s)
[10:22:59]   1 candidates dropped (settle failure / regrid failure / duplicate after truncation)
[10:22:59] RESULT s05_c6: 15 columns; frontier 1fb -0 kg p2/2 | 2fb 4 kg p2/2 | 3fb 19 kg p0/1 | 4fb 90 kg p1/1; settles 22 (21 ok), regrids 15 (15 ok); wall 124 s of 300 (plan 79, price 1, settle 45; budget hit None, 0 unsettled)
[10:22:59]   job s05_c6 craft columns  15  levels 10  settles 21/22  end plan_done  wall 124.0 s
[10:22:59]     settle 18:  66 @   2907 d -> ok lintwin tank 868.7 (+46.1) miss 74 km (2.0 s)
[10:23:00]     settle 21:  26 @   3230 d -> ok lintwin tank 937.1 (+27.9) miss 69 km (3.1 s)
[10:23:00]     settle 17: 166 @   2963 d -> ok lam tank 859.5 (+43.9) miss 4 km (3.8 s)
[10:23:02]     settle  7: 152 @   2966 d -> FAIL [('lam', 430834.2)] (5.6 s)
[10:23:02]     settle 19:  95 @   3123 d -> ok lintwin tank 836.0 (+6.2) miss 74 km (2.7 s)
[10:23:04]     settle 19:  13 @   2910 d -> ok lintwin tank 900.7 (+40.1) miss 2 km (4.2 s)
[10:23:04]     settle 18: 279 @   3197 d -> ok lam tank 840.8 (+10.8) miss 4 km (3.7 s)
[10:23:05]     settle 19: 181 @   3200 d -> ok lintwin tank 844.5 (+2.9) miss 62 km (1.9 s)
[10:23:07]     settle 19: 248 @   3075 d -> ok lintwin tank 845.8 (+4.1) miss 69 km (1.7 s)
[10:23:07]     settle 20: 200 @   3034 d -> ok lintwin tank 899.8 (+-0.8) miss 65 km (2.7 s)
[10:23:10]     settle 21: 206 @   3228 d -> ok lintwin tank 909.6 (+9.8) miss 75 km (2.7 s)
[10:23:11]     settle 19: 248 @   3073 d -> ok lintwin tank 840.6 (+10.8) miss 65 km (4.0 s)
[10:23:12]     settle 17: 239 @   3013 d -> ok lam tank 839.5 (+23.9) miss 35 km (5.5 s)
[10:23:14]     settle 20: 181 @   3178 d -> ok lintwin tank 842.6 (+2.0) miss 68 km (2.6 s)
[10:23:14]     settle 18: 296 @   3186 d -> ok lin tank 849.6 (+10.1) miss 45 km (2.5 s)
[10:23:14]     settle 20: 200 @   3035 d -> ok lintwin tank 899.5 (+1.4) miss 71 km (3.9 s)
[10:23:15]     settle  7: 225 @   2837 d -> FAIL [('lam', 2063927.5)] (12.8 s)
[10:23:16]     settle 21: 259 @   3205 d -> ok lintwin tank 912.8 (+13.2) miss 62 km (2.0 s)
[10:23:17]     settle 17:  20 @   3043 d -> ok lam tank 844.0 (+28.4) miss 32 km (2.5 s)
[10:23:17]     settle 20: 181 @   3202 d -> ok lintwin tank 850.2 (+4.4) miss 77 km (2.1 s)
[10:23:19]     settle 20: 203 @   2933 d -> ok lintwin tank 935.1 (+29.4) miss 72 km (2.5 s)
[10:23:20]     settle 18: 220 @   3211 d -> ok lam tank 863.2 (+19.1) miss 2 km (3.0 s)
[10:23:21]     settle  7: 140 @   3026 d -> ok lam tank 672.3 (+11.8) miss 76 km (5.7 s)
[10:23:21]     settle 18: 160 @   2805 d -> ok lintwin tank 829.9 (+7.3) miss 72 km (3.0 s)
[10:23:22]     settle 21: 200 @   3042 d -> ok lintwin tank 956.2 (+21.1) miss 75 km (2.7 s)
[10:23:23]     settle 19: 295 @   2915 d -> ok lintwin tank 898.2 (+68.3) miss 30 km (2.2 s)
[10:23:23]     settle 18: 120 @   3159 d -> ok lam tank 874.4 (+14.9) miss 45 km (2.5 s)
[10:23:26]     settle 22:  29 @   3216 d -> ok lintwin tank 964.4 (+8.2) miss 47 km (3.8 s)
[10:23:26]   regrid FAIL (1 fb: miss 527844 km, None, 5.3 s) -> column dropped
[10:23:28]     settle 18: 120 @   3156 d -> ok lam tank 866.8 (+21.2) miss 82 km (2.4 s)
[10:23:29]     settle 20: 259 @   3233 d -> ok lintwin tank 988.7 (+90.5) miss 4 km (5.8 s)
[10:23:30] RESULT s05_c0: 16 columns; frontier 1fb 4 kg p0/3 | 2fb 13 kg p0/2 | 3fb 20 kg p1/2; settles 19 (19 ok), regrids 16 (16 ok); wall 155 s of 300 (plan 85, price 1, settle 69; budget hit None, 0 unsettled)
[10:23:30]     settle 22:  99 @   3220 d -> ok lintwin tank 968.4 (+12.2) miss 65 km (3.6 s)
[10:23:31] RESULT s05_c1: 16 columns; frontier 1fb 4 kg p1/3 | 2fb 16 kg p1/3 | 3fb 49 kg p0/2 | 4fb 104 kg p1/1; settles 23 (23 ok), regrids 16 (16 ok); wall 156 s of 300 (plan 82, price 1, settle 73; budget hit None, 0 unsettled)
[10:23:31]   job s05_c0 craft columns  16  levels 10  settles 19/19  end plan_done  wall 154.7 s
[10:23:31]   job s05_c1 craft columns  16  levels 9  settles 23/23  end plan_done  wall 155.9 s
[10:23:33]     settle 17: 166 @   2958 d -> ok lam tank 859.6 (+43.9) miss 4 km (3.3 s)
[10:23:39]     settle 18:  23 @   3191 d -> ok lam tank 889.1 (+29.6) miss 72 km (6.1 s)
[10:23:42]     settle  7:  49 @   2909 d -> FAIL [('lam', 7363652.0)] (15.5 s)
[10:23:44]     settle 18: 214 @   3122 d -> ok lam tank 865.2 (+19.5) miss 31 km (4.8 s)
[10:23:47]     settle 19: 181 @   3222 d -> ok lam tank 876.2 (+11.1) miss 64 km (2.6 s)
[10:23:50]     settle 18:  95 @   3114 d -> ok lam tank 870.3 (+24.3) miss 1 km (2.5 s)
[10:23:55]     settle  7:  12 @   2706 d -> FAIL [('lam', 1348941.8)] (13.1 s)
[10:23:56]     settle 19:  96 @   3232 d -> ok lam tank 902.1 (+31.7) miss 24 km (5.9 s)
[10:23:58] RESULT s05_c2: 16 columns; frontier 1fb 15 kg p0/2 | 2fb 23 kg p0/2 | 3fb 58 kg p0/0; settles 21 (21 ok), regrids 16 (16 ok); wall 183 s of 300 (plan 85, price 1, settle 98; budget hit None, 0 unsettled)
[10:23:59]   job s05_c2 craft columns  16  levels 11  settles 21/21  end plan_done  wall 183.4 s
[10:24:09]     settle  7: 253 @   2703 d -> FAIL [('lam', 462545.4)] (14.4 s)
[10:24:14]     settle  7:  58 @   2916 d -> FAIL [('lam', 3104878.2)] (5.3 s)
[10:24:20]     settle  7:   8 @   3030 d -> ok lam tank 669.1 (+8.7) miss 76 km (5.5 s)
[10:25:02]     settle  8: 259 @   3118 d -> ok lin tank 716.9 (+47.8) miss 22 km (42.4 s)
[10:25:08]   regrid FAIL (2 fb: miss 918954 km, None, 5.5 s) -> column dropped
[10:25:24]     settle  8: 238 @   2975 d -> ok lam tank 685.8 (+16.3) miss 73 km (15.6 s)
[10:25:29]   regrid FAIL (2 fb: miss 121200 km, None, 5.0 s) -> column dropped
[10:25:29]   4 consecutive regrid failures (regrid_fail_max 4): only extensions of regrid-ok prefixes are settled from here
[10:25:29]   14 candidates dropped (settle failure / regrid failure / duplicate after truncation)
[10:25:29] RESULT s05_c3: 0 columns; frontier ; settles 21 (5 ok), regrids 4 (0 ok); wall 274 s of 300 (plan 67, price 1, settle 207; budget hit regrid_streak, 2 unsettled)
[10:25:29]   job s05_c3 craft columns   0  levels 8  settles 5/21  end plan_done  wall 273.7 s
[10:25:29] [slice 5] propose: 110 columns (0 bad dropped) in 274.5 s
[10:25:29] [slice 5] auction: 110 columns, kept 105, dropped {'ramp': 5}; lam 1.00 H_eff 540 d fuel budget 482 kg quota on stagger 60.0 d
[10:25:29] [slice 5] auction: status optimal objective 27.545 vars 105 rows 44 chosen 7 fuel 311/482 kg (0.012 s)
[10:25:31] [slice 5 T=2700 d] launched 8/8  covered 119  remaining 179  fuel 1458 kg  sumJi 9.2046  chosen: c0:3(+27) c1:3(+48) c2:2(+56) c4:3(+20) c5:2(+9) c6:4(+90) c7:3(+59)  rejected: -  (wall 276 s)
[10:25:31] [slice 6 T=3240 d] propose: 8 jobs (8 craft, 0 root) on 9 workers, proposer planbeam, H_eff 540 d, lam 1.0
[10:25:31] job s06_c2 (craft, craft 2, planbeam): T 3240 d H 540 L 360; plan horizon 4860 d; remaining 179; prize >1 on 112; width 150 npt 6 mc 150 dv 1.2 drmax 0.15 plan_wall 240 s; quota {'fil': 9, 'med': 11}
[10:25:31] job s06_c0 (craft, craft 0, planbeam): T 3240 d H 540 L 360; plan horizon 4860 d; remaining 179; prize >1 on 112; width 150 npt 6 mc 150 dv 1.2 drmax 0.15 plan_wall 240 s; quota {'fil': 4, 'med': 12}
[10:25:31] job s06_c3 (craft, craft 3, planbeam): T 3240 d H 540 L 360; plan horizon 4860 d; remaining 179; prize >1 on 112; width 150 npt 6 mc 150 dv 1.2 drmax 0.15 plan_wall 240 s; quota {'fil': 9, 'med': 17}
[10:25:31] job s06_c1 (craft, craft 1, planbeam): T 3240 d H 540 L 360; plan horizon 4860 d; remaining 179; prize >1 on 112; width 150 npt 6 mc 150 dv 1.2 drmax 0.15 plan_wall 240 s; quota {'fil': 4, 'med': 13}
[10:25:31] job s06_c4 (craft, craft 4, planbeam): T 3240 d H 540 L 360; plan horizon 4860 d; remaining 179; prize >1 on 112; width 150 npt 6 mc 150 dv 1.2 drmax 0.15 plan_wall 240 s; quota {'fil': 9, 'med': 14}
[10:25:31] job s06_c5 (craft, craft 5, planbeam): T 3240 d H 540 L 360; plan horizon 4860 d; remaining 179; prize >1 on 112; width 150 npt 6 mc 150 dv 1.2 drmax 0.15 plan_wall 240 s; quota {'fil': 9, 'med': 14}
[10:25:31] job s06_c6 (craft, craft 6, planbeam): T 3240 d H 540 L 360; plan horizon 4860 d; remaining 179; prize >1 on 112; width 150 npt 6 mc 150 dv 1.2 drmax 0.15 plan_wall 240 s; quota {'fil': 9, 'med': 14}
[10:25:31] job s06_c7 (craft, craft 7, planbeam): T 3240 d H 540 L 360; plan horizon 4860 d; remaining 179; prize >1 on 112; width 150 npt 6 mc 150 dv 1.2 drmax 0.15 plan_wall 240 s; quota {'fil': 9, 'med': 15}
[10:25:31] prefix slices/s06/in/craft_3.npz: 6 flybys, t_end 2376.9 d, tank 660.5 kg (planner view), miss 87.6 km, nreg 92
[10:25:31] budget: job_wall 300 s, 300 s left before the plan -> plan cap 210 s (plan_wall 240, settle_reserve 90)
[10:25:31] prefix slices/s06/in/craft_7.npz: 11 flybys, t_end 3230.6 d, tank 717.0 kg (planner view), miss 90.1 km, nreg 101
[10:25:31] budget: job_wall 300 s, 300 s left before the plan -> plan cap 210 s (plan_wall 240, settle_reserve 90)
[10:25:31] prefix slices/s06/in/craft_6.npz: 13 flybys, t_end 3177.4 d, tank 795.6 kg (planner view), miss 84.1 km, nreg 98
[10:25:31] budget: job_wall 300 s, 300 s left before the plan -> plan cap 210 s (plan_wall 240, settle_reserve 90)
[10:25:31] prefix slices/s06/in/craft_5.npz: 15 flybys, t_end 3169.8 d, tank 742.6 kg (planner view), miss 0.9 km, nreg 128
[10:25:31] budget: job_wall 300 s, 300 s left before the plan -> plan cap 210 s (plan_wall 240, settle_reserve 90)
[10:25:31] prefix slices/s06/in/craft_4.npz: 15 flybys, t_end 3219.3 d, tank 712.0 kg (planner view), miss 0.3 km, nreg 130
[10:25:31] budget: job_wall 300 s, 300 s left before the plan -> plan cap 210 s (plan_wall 240, settle_reserve 90)
[10:25:32] prefix slices/s06/in/craft_1.npz: 21 flybys, t_end 3226.9 d, tank 908.7 kg (planner view), miss 60.6 km, nreg 160
[10:25:32] budget: job_wall 300 s, 300 s left before the plan -> plan cap 210 s (plan_wall 240, settle_reserve 90)
[10:25:32] prefix slices/s06/in/craft_0.npz: 20 flybys, t_end 3199.6 d, tank 850.1 kg (planner view), miss 27.3 km, nreg 159
[10:25:32] budget: job_wall 300 s, 300 s left before the plan -> plan cap 210 s (plan_wall 240, settle_reserve 90)
[10:25:32] prefix slices/s06/in/craft_2.npz: 18 flybys, t_end 3158.5 d, tank 871.5 kg (planner view), miss 75.2 km, nreg 154
[10:25:32] budget: job_wall 300 s, 300 s left before the plan -> plan cap 210 s (plan_wall 240, settle_reserve 90)
[10:25:43] first level (both): 0 production + 67 relaxed (dv 2.5, 0.3 AU; 0.1 s) + 58 lintwin children -> 90 unique (11.4 s)
[10:25:43] plan start: prefix 11 flybys, t_end 3230.6 d, planner mass 1342.3 kg (dv 6.889 km/s); 90 first-level states
[10:25:44] first level (both): 0 production + 32 relaxed (dv 2.5, 0.3 AU; 0.1 s) + 48 lintwin children -> 62 unique (12.4 s)
[10:25:44] plan start: prefix 13 flybys, t_end 3177.4 d, planner mass 1209.7 kg (dv 10.969 km/s); 62 first-level states
[10:25:47] first level (both): 0 production + 91 relaxed (dv 2.5, 0.3 AU; 0.1 s) + 70 lintwin children -> 124 unique (16.0 s)
[10:25:47] plan start: prefix 15 flybys, t_end 3169.8 d, planner mass 1296.0 kg (dv 8.266 km/s); 124 first-level states
[10:25:48] first level (both): 0 production + 39 relaxed (dv 2.5, 0.3 AU; 0.1 s) + 54 lintwin children -> 73 unique (16.5 s)
[10:25:48] plan start: prefix 15 flybys, t_end 3219.3 d, planner mass 1351.7 kg (dv 6.615 km/s); 73 first-level states
[10:25:48] first level (both): 0 production + 65 relaxed (dv 2.5, 0.3 AU; 0.1 s) + 0 lintwin children -> 37 unique (17.0 s)
[10:25:48] plan start: prefix 18 flybys, t_end 3158.5 d, planner mass 1104.4 kg (dv 14.543 km/s); 37 first-level states
[10:25:49] first level (both): 0 production + 0 relaxed (dv 2.5, 0.3 AU; 0.1 s) + 108 lintwin children -> 108 unique (17.4 s)
[10:25:49] plan start: prefix 6 flybys, t_end 2376.9 d, planner mass 1457.1 kg (dv 3.669 km/s); 108 first-level states
[10:25:51] first level (both): 0 production + 79 relaxed (dv 2.5, 0.3 AU; 0.1 s) + 73 lintwin children -> 110 unique (19.2 s)
[10:25:51] plan start: prefix 21 flybys, t_end 3226.9 d, planner mass 1059.1 kg (dv 16.184 km/s); 110 first-level states
[10:25:51] first level (both): 0 production + 66 relaxed (dv 2.5, 0.3 AU; 0.1 s) + 69 lintwin children -> 102 unique (19.6 s)
[10:25:51] plan start: prefix 20 flybys, t_end 3199.6 d, planner mass 1132.0 kg (dv 13.572 km/s); 102 first-level states
[10:26:28] plan: 973 states, depth 9 new flybys, end plan_done (57 s); deepest 9 new to 4848 d at planner fuel 650 kg
[10:26:28]   depth  1:   62 states (53 in H), t_end 3315-3843 d, fuel 401-476 kg
[10:26:28]   depth  2:  150 states (60 in H), t_end 3510-4322 d, fuel 418-508 kg
[10:26:28]   depth  3:  150 states (3 in H), t_end 3705-4595 d, fuel 429-543 kg
[10:26:28]   depth  4:  150 states (0 in H), t_end 4095-4799 d, fuel 444-574 kg
[10:26:28]   depth  5:  150 states (0 in H), t_end 4243-4860 d, fuel 457-599 kg
[10:26:28]   depth  6:  150 states (0 in H), t_end 4400-4860 d, fuel 500-628 kg
[10:26:28]   depth  7:  111 states (0 in H), t_end 4615-4860 d, fuel 523-653 kg
[10:26:28]   depth  8:   46 states (0 in H), t_end 4680-4860 d, fuel 552-653 kg
[10:26:28]   depth  9:    4 states (0 in H), t_end 4835-4859 d, fuel 650-682 kg
[10:26:28] candidates: 67 distinct committed target sets (n_new 1-3, potential 0-2)
[10:26:28] frontier: 16 candidates chosen (n fb / committed planner kg / continuation (lookahead) [full]; pot_mode lookahead, pot_cap None): 1fb/409kg/p3(2)[3], 1fb/411kg/p2(2)[2], 1fb/412kg/p0(0)[0], 1fb/417kg/p2(2)[2], 1fb/422kg/p2(1)[2], 1fb/426kg/p2(1)[2], 1fb/440kg/p2(1)[2], 1fb/441kg/p2(2)[2], 1fb/443kg/p2(2)[2], 1fb/449kg/p2(1)[2], 2fb/425kg/p1(1)[1], 2fb/435kg/p2(2)[2], 2fb/436kg/p1(1)[1], 2fb/445kg/p2(2)[2], 3fb/481kg/p0(0)[0], 3fb/508kg/p0(0)[0]
[10:26:28] budget: 243 s of 300 left for the settles + regrids (settle_wall 480)
[10:26:30] plan: 968 states, depth 9 new flybys, end plan_done (58 s); deepest 9 new to 4775 d at planner fuel 491 kg
[10:26:30]   depth  1:   73 states (58 in H), t_end 3269-3838 d, fuel 251-347 kg
[10:26:30]   depth  2:  150 states (60 in H), t_end 3383-4318 d, fuel 262-386 kg
[10:26:30]   depth  3:  150 states (4 in H), t_end 3707-4582 d, fuel 281-425 kg
[10:26:30]   depth  4:  150 states (0 in H), t_end 3892-4792 d, fuel 302-442 kg
[10:26:30]   depth  5:  150 states (0 in H), t_end 4035-4825 d, fuel 317-466 kg
[10:26:30]   depth  6:  150 states (0 in H), t_end 4342-4859 d, fuel 339-502 kg
[10:26:30]   depth  7:  104 states (0 in H), t_end 4451-4859 d, fuel 362-517 kg
[10:26:30]   depth  8:   39 states (0 in H), t_end 4706-4859 d, fuel 427-535 kg
[10:26:30]   depth  9:    2 states (0 in H), t_end 4775-4840 d, fuel 491-491 kg
[10:26:30] candidates: 79 distinct committed target sets (n_new 1-3, potential 0-3)
[10:26:30] frontier: 16 candidates chosen (n fb / committed planner kg / continuation (lookahead) [full]; pot_mode lookahead, pot_cap None): 1fb/253kg/p1(0)[1], 1fb/259kg/p3(2)[3], 1fb/270kg/p2(2)[2], 1fb/281kg/p3(2)[3], 1fb/286kg/p4(3)[4], 1fb/289kg/p3(2)[3], 1fb/297kg/p4(3)[4], 1fb/303kg/p3(2)[3], 1fb/325kg/p3(2)[3], 1fb/343kg/p3(1)[3], 1fb/347kg/p3(2)[3], 2fb/262kg/p0(0)[0], 2fb/273kg/p2(2)[2], 2fb/297kg/p3(3)[3], 3fb/342kg/p1(1)[1], 3fb/380kg/p1(1)[1]
[10:26:30] budget: 242 s of 300 left for the settles + regrids (settle_wall 480)
[10:26:30]     settle 14:  14 @   3384 d -> ok lintwin tank 813.4 (+17.8) miss 67 km (1.4 s)
[10:26:31]     settle 16: 296 @   3580 d -> ok lintwin tank 721.4 (+9.5) miss 89 km (0.9 s)
[10:26:32]     settle 14:  39 @   3517 d -> ok lintwin tank 806.5 (+10.9) miss 60 km (1.5 s)
[10:26:34]     settle 16: 123 @   3509 d -> ok lintwin tank 728.4 (+16.4) miss 79 km (2.3 s)
[10:26:35] plan: 1048 states, depth 8 new flybys, end plan_done (63 s); deepest 8 new to 4855 d at planner fuel 363 kg
[10:26:35]   depth  1:  108 states (92 in H), t_end 3244-3892 d, fuel 143-246 kg
[10:26:35]   depth  2:  150 states (86 in H), t_end 3515-4277 d, fuel 155-279 kg
[10:26:35]   depth  3:  150 states (18 in H), t_end 3666-4502 d, fuel 174-316 kg
[10:26:35]   depth  4:  150 states (0 in H), t_end 4005-4858 d, fuel 194-347 kg
[10:26:35]   depth  5:  150 states (0 in H), t_end 4131-4856 d, fuel 249-372 kg
[10:26:35]   depth  6:  150 states (0 in H), t_end 4329-4840 d, fuel 280-400 kg
[10:26:35]   depth  7:  150 states (0 in H), t_end 4519-4856 d, fuel 295-419 kg
[10:26:35]   depth  8:   40 states (0 in H), t_end 4657-4859 d, fuel 363-438 kg
[10:26:35] candidates: 129 distinct committed target sets (n_new 1-3, potential 0-3)
[10:26:35] frontier: 16 candidates chosen (n fb / committed planner kg / continuation (lookahead) [full]; pot_mode lookahead, pot_cap None): 1fb/143kg/p2(0)[2], 1fb/143kg/p2(1)[2], 1fb/143kg/p2(0)[2], 1fb/149kg/p3(1)[3], 1fb/157kg/p2(1)[2], 1fb/157kg/p2(1)[2], 1fb/158kg/p4(3)[4], 1fb/159kg/p2(2)[2], 1fb/182kg/p3(2)[3], 1fb/233kg/p3(2)[3], 2fb/160kg/p0(0)[0], 2fb/161kg/p0(0)[0], 2fb/175kg/p3(3)[3], 3fb/189kg/p0(0)[0], 3fb/204kg/p1(1)[1], 3fb/211kg/p0(0)[0]
[10:26:35] budget: 237 s of 300 left for the settles + regrids (settle_wall 480)
[10:26:35]     settle 14: 195 @   3692 d -> ok lintwin tank 809.6 (+14.0) miss 77 km (3.1 s)
[10:26:37]     settle 16: 176 @   3719 d -> ok lintwin tank 718.8 (+6.8) miss 45 km (2.7 s)
[10:26:37]     settle 14:  70 @   3562 d -> ok lintwin tank 810.6 (+15.1) miss 6 km (1.7 s)
[10:26:39]     settle 14: 143 @   3397 d -> ok lintwin tank 820.7 (+25.2) miss 63 km (0.9 s)
[10:26:39]     settle 16: 291 @   3422 d -> ok lintwin tank 742.9 (+30.9) miss 78 km (1.8 s)
[10:26:40]     settle 16: 148 @   3455 d -> ok lintwin tank 724.0 (+12.0) miss 70 km (0.7 s)
[10:26:42]     settle 14: 115 @   3421 d -> ok lintwin tank 809.9 (+14.3) miss 86 km (3.3 s)
[10:26:43]     settle 16: 197 @   3378 d -> ok lintwin tank 748.8 (+36.8) miss 29 km (2.5 s)
[10:26:44] plan: 1226 states, depth 11 new flybys, end plan_done (72 s); deepest 11 new to 4803 d at planner fuel 641 kg
[10:26:44]   depth  1:  124 states (111 in H), t_end 3310-3865 d, fuel 309-399 kg
[10:26:44]   depth  2:  150 states (66 in H), t_end 3458-4276 d, fuel 334-427 kg
[10:26:44]   depth  3:  150 states (35 in H), t_end 3593-4601 d, fuel 362-466 kg
[10:26:44]   depth  4:  150 states (11 in H), t_end 3635-4818 d, fuel 370-500 kg
[10:26:44]   depth  5:  150 states (0 in H), t_end 3981-4859 d, fuel 377-507 kg
[10:26:44]   depth  6:  150 states (0 in H), t_end 4160-4859 d, fuel 438-536 kg
[10:26:44]   depth  7:  150 states (0 in H), t_end 4339-4860 d, fuel 455-557 kg
[10:26:44]   depth  8:  150 states (0 in H), t_end 4509-4859 d, fuel 508-582 kg
[10:26:44]   depth  9:   46 states (0 in H), t_end 4679-4858 d, fuel 518-605 kg
[10:26:44]   depth 10:    5 states (0 in H), t_end 4759-4822 d, fuel 592-618 kg
[10:26:44]   depth 11:    1 states (0 in H), t_end 4803-4803 d, fuel 641-641 kg
[10:26:44] candidates: 104 distinct committed target sets (n_new 1-4, potential 0-2)
[10:26:44] frontier: 16 candidates chosen (n fb / committed planner kg / continuation (lookahead) [full]; pot_mode lookahead, pot_cap None): 1fb/314kg/p0(0)[0], 1fb/314kg/p0(0)[0], 1fb/336kg/p3(2)[3], 1fb/355kg/p3(1)[3], 1fb/361kg/p4(2)[4], 1fb/370kg/p4(1)[4], 1fb/392kg/p3(2)[3], 2fb/350kg/p1(1)[1], 2fb/352kg/p0(0)[0], 2fb/401kg/p3(2)[3], 3fb/380kg/p0(0)[0], 3fb/388kg/p0(0)[0], 3fb/435kg/p2(2)[2], 4fb/421kg/p0(0)[0], 4fb/423kg/p0(0)[0], 4fb/482kg/p1(1)[1]
[10:26:44] budget: 228 s of 300 left for the settles + regrids (settle_wall 480)
[10:26:44] plan: 1341 states, depth 11 new flybys, end plan_done (73 s); deepest 11 new to 4802 d at planner fuel 567 kg
[10:26:44]   depth  1:   90 states (76 in H), t_end 3323-3932 d, fuel 266-355 kg
[10:26:44]   depth  2:  150 states (116 in H), t_end 3462-4263 d, fuel 280-386 kg
[10:26:44]   depth  3:  150 states (17 in H), t_end 3517-4661 d, fuel 307-424 kg
[10:26:44]   depth  4:  150 states (5 in H), t_end 3716-4811 d, fuel 326-449 kg
[10:26:44]   depth  5:  150 states (0 in H), t_end 3823-4786 d, fuel 366-465 kg
[10:26:44]   depth  6:  150 states (0 in H), t_end 4178-4858 d, fuel 392-497 kg
[10:26:44]   depth  7:  150 states (0 in H), t_end 4293-4860 d, fuel 436-533 kg
[10:26:44]   depth  8:  150 states (0 in H), t_end 4398-4859 d, fuel 449-571 kg
[10:26:44]   depth  9:  150 states (0 in H), t_end 4535-4856 d, fuel 464-607 kg
[10:26:44]   depth 10:   50 states (0 in H), t_end 4730-4847 d, fuel 498-567 kg
[10:26:44]   depth 11:    1 states (0 in H), t_end 4802-4802 d, fuel 567-567 kg
[10:26:44] candidates: 109 distinct committed target sets (n_new 1-4, potential 0-2)
[10:26:44] frontier: 16 candidates chosen (n fb / committed planner kg / continuation (lookahead) [full]; pot_mode lookahead, pot_cap None): 1fb/266kg/p3(1)[3], 1fb/270kg/p0(0)[0], 1fb/279kg/p3(2)[3], 1fb/281kg/p3(0)[3], 1fb/289kg/p3(2)[3], 1fb/289kg/p4(1)[4], 1fb/341kg/p4(2)[4], 2fb/280kg/p0(0)[0], 2fb/281kg/p0(0)[0], 2fb/339kg/p3(1)[3], 3fb/331kg/p1(1)[1], 3fb/341kg/p1(1)[1], 3fb/348kg/p2(1)[2], 4fb/356kg/p0(0)[0], 4fb/370kg/p1(1)[1], 4fb/378kg/p0(0)[0]
[10:26:44] budget: 227 s of 300 left for the settles + regrids (settle_wall 480)
[10:26:44]     settle 14: 293 @   3404 d -> ok lintwin tank 819.6 (+24.0) miss 70 km (2.0 s)
[10:26:45] plan: 1163 states, depth 10 new flybys, end plan_done (74 s); deepest 10 new to 4669 d at planner fuel 709 kg
[10:26:45]   depth  1:   37 states (37 in H), t_end 3268-3729 d, fuel 507-571 kg
[10:26:45]   depth  2:  150 states (82 in H), t_end 3458-4229 d, fuel 521-598 kg
[10:26:45]   depth  3:  150 states (26 in H), t_end 3584-4594 d, fuel 543-620 kg
[10:26:45]   depth  4:  150 states (1 in H), t_end 3777-4836 d, fuel 564-650 kg
[10:26:45]   depth  5:  150 states (0 in H), t_end 3972-4839 d, fuel 574-679 kg
[10:26:45]   depth  6:  150 states (0 in H), t_end 4203-4845 d, fuel 600-708 kg
[10:26:45]   depth  7:  150 states (0 in H), t_end 4347-4857 d, fuel 607-721 kg
[10:26:45]   depth  8:  150 states (0 in H), t_end 4497-4851 d, fuel 629-724 kg
[10:26:45]   depth  9:   72 states (0 in H), t_end 4614-4856 d, fuel 667-747 kg
[10:26:45]   depth 10:    4 states (0 in H), t_end 4669-4810 d, fuel 709-759 kg
[10:26:45] candidates: 78 distinct committed target sets (n_new 1-4, potential 0-3)
[10:26:45] frontier: 16 candidates chosen (n fb / committed planner kg / continuation (lookahead) [full]; pot_mode lookahead, pot_cap None): 1fb/513kg/p2(2)[2], 1fb/517kg/p1(1)[1], 1fb/529kg/p4(2)[4], 1fb/531kg/p4(2)[4], 1fb/533kg/p2(1)[2], 1fb/536kg/p2(2)[2], 1fb/539kg/p2(0)[2], 1fb/545kg/p3(1)[3], 1fb/553kg/p2(2)[2], 2fb/522kg/p1(1)[1], 2fb/532kg/p0(0)[0], 2fb/548kg/p3(2)[3], 3fb/554kg/p2(2)[2], 3fb/560kg/p2(2)[2], 3fb/575kg/p2(2)[2], 4fb/596kg/p0(0)[0]
[10:26:45] budget: 226 s of 300 left for the settles + regrids (settle_wall 480)
[10:26:45]     settle 12: 274 @   3397 d -> ok lintwin tank 721.1 (+4.1) miss 87 km (1.1 s)
[10:26:46]     settle 16: 102 @   3676 d -> ok lintwin tank 748.2 (+5.6) miss 56 km (2.1 s)
[10:26:46]     settle 12: 117 @   3743 d -> ok lintwin tank 721.2 (+4.2) miss 75 km (0.5 s)
[10:26:47]     settle 14: 284 @   3557 d -> ok lintwin tank 812.5 (+16.9) miss 62 km (2.2 s)
[10:26:48]     settle 12:  77 @   3463 d -> ok lintwin tank 725.7 (+8.7) miss 29 km (0.7 s)
[10:26:48]     settle 16: 256 @   3741 d -> ok lintwin tank 747.6 (+5.0) miss 70 km (1.3 s)
[10:26:48]     settle 16: 287 @   3420 d -> ok lintwin tank 807.1 (+95.1) miss 11 km (4.8 s)
[10:26:49]     settle 16:  84 @   3315 d -> ok lintwin tank 751.2 (+8.6) miss 13 km (1.1 s)
[10:26:49]     settle 12: 165 @   3394 d -> ok lintwin tank 724.8 (+7.8) miss 99 km (1.4 s)
[10:26:50]     settle 19:  27 @   3619 d -> ok lin tank 877.4 (+6.0) miss 36 km (4.3 s)
[10:26:50]     settle 14: 215 @   3571 d -> ok lintwin tank 836.2 (+40.6) miss 70 km (2.6 s)
[10:26:51]     settle 12: 265 @   3437 d -> ok lintwin tank 732.1 (+15.1) miss 81 km (1.2 s)
[10:26:51] plan: 1221 states, depth 9 new flybys, end plan_done (80 s); deepest 9 new to 4775 d at planner fuel 744 kg
[10:26:51]   depth  1:  110 states (95 in H), t_end 3270-3880 d, fuel 552-617 kg
[10:26:51]   depth  2:  150 states (96 in H), t_end 3408-4273 d, fuel 571-644 kg
[10:26:51]   depth  3:  150 states (18 in H), t_end 3619-4723 d, fuel 582-660 kg
[10:26:51]   depth  4:  150 states (0 in H), t_end 3823-4777 d, fuel 599-683 kg
[10:26:51]   depth  5:  150 states (0 in H), t_end 4097-4851 d, fuel 623-703 kg
[10:26:51]   depth  6:  150 states (0 in H), t_end 4246-4859 d, fuel 662-727 kg
[10:26:51]   depth  7:  150 states (0 in H), t_end 4358-4851 d, fuel 683-749 kg
[10:26:51]   depth  8:  150 states (0 in H), t_end 4546-4851 d, fuel 711-775 kg
[10:26:51]   depth  9:   61 states (0 in H), t_end 4689-4846 d, fuel 744-797 kg
[10:26:51] candidates: 117 distinct committed target sets (n_new 1-3, potential 0-2)
[10:26:51] frontier: 16 candidates chosen (n fb / committed planner kg / continuation (lookahead) [full]; pot_mode lookahead, pot_cap None): 1fb/554kg/p0(0)[0], 1fb/556kg/p2(1)[2], 1fb/559kg/p2(2)[2], 1fb/561kg/p3(2)[3], 1fb/562kg/p3(1)[3], 1fb/562kg/p2(1)[2], 1fb/568kg/p2(1)[2], 1fb/579kg/p3(1)[3], 1fb/580kg/p3(1)[3], 1fb/589kg/p4(2)[4], 2fb/571kg/p0(0)[0], 2fb/572kg/p1(1)[1], 2fb/620kg/p3(2)[3], 3fb/605kg/p1(1)[1], 3fb/607kg/p0(0)[0], 3fb/638kg/p2(2)[2]
[10:26:51] budget: 220 s of 300 left for the settles + regrids (settle_wall 480)
[10:26:51] plan: 1225 states, depth 11 new flybys, end plan_done (80 s); deepest 11 new to 4814 d at planner fuel 721 kg
[10:26:51]   depth  1:  102 states (87 in H), t_end 3321-3873 d, fuel 470-550 kg
[10:26:51]   depth  2:  150 states (71 in H), t_end 3535-4334 d, fuel 493-577 kg
[10:26:51]   depth  3:  150 states (12 in H), t_end 3678-4760 d, fuel 510-605 kg
[10:26:51]   depth  4:  150 states (1 in H), t_end 3777-4806 d, fuel 533-629 kg
[10:26:51]   depth  5:  150 states (0 in H), t_end 3888-4859 d, fuel 551-663 kg
[10:26:51]   depth  6:  150 states (0 in H), t_end 3948-4858 d, fuel 562-695 kg
[10:26:51]   depth  7:  130 states (0 in H), t_end 4139-4860 d, fuel 586-720 kg
[10:26:51]   depth  8:   71 states (0 in H), t_end 4274-4860 d, fuel 634-737 kg
[10:26:51]   depth  9:  100 states (0 in H), t_end 4427-4855 d, fuel 656-705 kg
[10:26:51]   depth 10:   60 states (0 in H), t_end 4525-4856 d, fuel 672-733 kg
[10:26:51]   depth 11:   12 states (0 in H), t_end 4805-4850 d, fuel 721-750 kg
[10:26:51] candidates: 87 distinct committed target sets (n_new 1-4, potential 0-4)
[10:26:51] frontier: 16 candidates chosen (n fb / committed planner kg / continuation (lookahead) [full]; pot_mode lookahead, pot_cap None): 1fb/470kg/p1(0)[1], 1fb/480kg/p2(2)[2], 1fb/491kg/p3(2)[3], 1fb/493kg/p3(2)[3], 1fb/507kg/p3(2)[3], 1fb/510kg/p6(4)[6], 1fb/511kg/p2(1)[2], 1fb/532kg/p3(1)[3], 1fb/536kg/p2(1)[2], 2fb/494kg/p0(0)[0], 2fb/512kg/p2(2)[2], 2fb/518kg/p5(4)[5], 3fb/544kg/p0(0)[0], 3fb/548kg/p1(1)[1], 3fb/549kg/p4(4)[4], 4fb/574kg/p0(0)[0]
[10:26:51] budget: 220 s of 300 left for the settles + regrids (settle_wall 480)
[10:26:52]     settle 16:  39 @   3523 d -> ok lam tank 736.5 (+24.5) miss 32 km (2.4 s)
[10:26:52]     settle 16: 117 @   3401 d -> ok lintwin tank 775.7 (+33.1) miss 78 km (2.0 s)
[10:26:53]     settle 12: 277 @   3521 d -> ok lintwin tank 731.9 (+14.9) miss 97 km (1.5 s)
[10:26:53]     settle 14: 168 @   3507 d -> ok lintwin tank 855.2 (+59.7) miss 65 km (2.4 s)
[10:26:53]     settle 16:  21 @   3505 d -> ok lintwin tank 760.7 (+18.1) miss 46 km (1.3 s)
[10:26:54]     settle 22:  35 @   3729 d -> ok lintwin tank 916.0 (+7.3) miss 68 km (2.8 s)
[10:26:54]     settle 15: 195 @   3694 d -> ok lintwin tank 819.6 (+6.3) miss 70 km (1.2 s)
[10:26:55]     settle 16: 207 @   3478 d -> ok lintwin tank 744.4 (+32.4) miss 47 km (2.5 s)
[10:26:55]     settle 21:  56 @   3393 d -> ok lintwin tank 849.7 (+-0.4) miss 66 km (4.0 s)
[10:26:56]     settle  7:  33 @   3539 d -> FAIL [('lam', 2412284.5)] (21.1 s)
[10:26:57]     settle 15:  39 @   3518 d -> ok lintwin tank 849.0 (+35.7) miss 68 km (1.8 s)
[10:26:57]     settle 12:  21 @   3465 d -> ok lintwin tank 746.5 (+29.5) miss 6 km (3.8 s)
[10:26:57]     settle 19:  10 @   3579 d -> ok lin tank 879.2 (+7.7) miss 57 km (4.5 s)
[10:26:58]     settle 22:  78 @   3473 d -> ok lintwin tank 919.8 (+11.1) miss 60 km (3.3 s)
[10:26:58]     settle 15: 283 @   3710 d -> ok lintwin tank 825.6 (+4.8) miss 72 km (1.3 s)
[10:26:58]     settle 16: 274 @   3388 d -> ok lintwin tank 794.2 (+51.6) miss 60 km (4.4 s)
[10:26:59]     settle 13:  21 @   3595 d -> ok lintwin tank 724.2 (+3.2) miss 83 km (2.1 s)
[10:27:00]     settle 14:  14 @   3394 d -> ok lintwin tank 813.3 (+17.7) miss 64 km (1.1 s)
[10:27:00]     settle 13: 193 @   3635 d -> ok lintwin tank 725.4 (+4.4) miss 68 km (0.4 s)
[10:27:00]     settle 16:  76 @   3269 d -> ok lam tank 802.1 (+90.1) miss 2 km (5.2 s)
[10:27:00]     settle 21:  18 @   3594 d -> ok lintwin tank 853.0 (+2.9) miss 71 km (4.3 s)
[10:27:01]     settle 13:  70 @   3591 d -> ok lintwin tank 734.4 (+2.5) miss 54 km (0.3 s)
[10:27:01]     settle 13:  77 @   3462 d -> ok lintwin tank 731.2 (+10.2) miss 76 km (0.3 s)
[10:27:02]     settle 22: 218 @   3679 d -> ok lintwin tank 920.9 (+12.2) miss 60 km (3.1 s)
[10:27:02]     settle 19: 195 @   3273 d -> ok lam tank 891.0 (+19.5) miss 24 km (2.4 s)
[10:27:03]     settle 14: 215 @   3720 d -> ok lintwin tank 748.6 (+17.4) miss 82 km (2.3 s)
[10:27:04]     settle 15: 215 @   3697 d -> ok lintwin tank 829.7 (+16.4) miss 77 km (4.0 s)
[10:27:04]     settle 16: 265 @   3430 d -> ok lintwin tank 781.9 (+39.3) miss 76 km (5.2 s)
[10:27:04]     settle 14:  21 @   3602 d -> ok lintwin tank 740.6 (+9.4) miss 31 km (0.5 s)
[10:27:05]     settle 21: 270 @   3368 d -> ok lintwin tank 859.0 (+8.9) miss 79 km (3.8 s)
[10:27:05]     settle 22: 207 @   3470 d -> ok lintwin tank 925.4 (+16.7) miss 83 km (2.6 s)
[10:27:05]     settle 17: 215 @   3623 d -> ok lintwin tank 766.9 (+15.7) miss 49 km (0.9 s)
[10:27:06]     settle  7:  91 @   3392 d -> ok lam tank 804.7 (+144.2) miss 57 km (10.0 s)
[10:27:06]     settle 14: 193 @   3635 d -> ok lintwin tank 745.5 (+11.2) miss 46 km (1.4 s)
[10:27:06]     settle 16: 151 @   3391 d -> ok lintwin tank 764.4 (+52.4) miss 74 km (3.1 s)
[10:27:06]     settle 17: 250 @   3667 d -> ok lintwin tank 766.3 (+15.1) miss 51 km (0.8 s)
[10:27:07]     settle 13:  77 @   3467 d -> ok lintwin tank 741.9 (+17.1) miss 37 km (0.3 s)
[10:27:07]     settle 15: 210 @   3549 d -> ok lintwin tank 880.8 (+67.5) miss 9 km (2.7 s)
[10:27:08]     settle 14:  70 @   3606 d -> ok lintwin tank 752.7 (+10.8) miss 69 km (1.0 s)
[10:27:08]     settle 22: 287 @   3427 d -> ok lintwin tank 918.2 (+9.5) miss 66 km (2.6 s)
[10:27:09]     settle 21:  85 @   3426 d -> ok lintwin tank 861.5 (+11.4) miss 77 km (3.4 s)
[10:27:09]     settle 17: 215 @   3626 d -> ok lintwin tank 768.1 (+7.4) miss 69 km (2.0 s)
[10:27:09]     settle 19: 115 @   3329 d -> ok lin tank 874.1 (+2.6) miss 33 km (5.1 s)
[10:27:09]     settle 15: 215 @   3717 d -> ok lintwin tank 773.3 (+20.6) miss 81 km (1.4 s)
[10:27:10]     settle 16: 267 @   3755 d -> ok lintwin tank 908.5 (+27.7) miss 64 km (2.8 s)
[10:27:10]     settle 15: 215 @   3716 d -> ok lintwin tank 754.4 (+8.8) miss 13 km (0.4 s)
[10:27:10]     settle 17:  22 @   3647 d -> ok lintwin tank 768.3 (+46.9) miss 84 km (3.6 s)
[10:27:11]     settle 13:  77 @   3464 d -> ok lintwin tank 741.9 (+17.1) miss 26 km (0.3 s)
[10:27:11]     settle 14:  39 @   3517 d -> ok lintwin tank 762.8 (+20.9) miss 77 km (0.7 s)
[10:27:12]     settle 14:  14 @   3377 d -> ok lintwin tank 813.7 (+18.1) miss 75 km (1.4 s)
[10:27:12]     settle 22: 247 @   3507 d -> ok lintwin tank 918.1 (+9.4) miss 77 km (3.1 s)
[10:27:13]   regrid FAIL (1 fb: miss 542870 km, None, 6.7 s) -> column dropped
[10:27:13]     settle 16: 265 @   3442 d -> ok lintwin tank 780.3 (+37.7) miss 78 km (3.8 s)
[10:27:14]     settle 15:  70 @   3555 d -> ok lintwin tank 833.7 (+20.0) miss 56 km (2.0 s)
[10:27:14]     settle 15: 250 @   3768 d -> ok lintwin tank 781.9 (+19.1) miss 48 km (2.4 s)
[10:27:14]     settle 19:  85 @   3428 d -> ok lam tank 890.3 (+18.9) miss 3 km (3.1 s)
[10:27:14] RESULT s06_c7: 16 columns; frontier 1fb 4 kg p1/2 | 2fb 7 kg p0/1 | 3fb 24 kg p1/1 | 4fb 37 kg p1/1; settles 21 (21 ok), regrids 16 (16 ok); wall 103 s of 300 (plan 73, price 1, settle 30; budget hit None, 0 unsettled)
[10:27:14]     settle 21: 123 @   3560 d -> ok lintwin tank 876.7 (+26.6) miss 75 km (5.3 s)
[10:27:14]     settle 17: 176 @   3724 d -> ok lintwin tank 738.2 (+9.9) miss 17 km (2.1 s)
[10:27:15]     settle 17: 277 @   3525 d -> ok lintwin tank 795.7 (+15.4) miss 63 km (2.0 s)
[10:27:16]     settle 17:  22 @   3645 d -> ok lintwin tank 727.3 (+3.4) miss 42 km (0.7 s)
[10:27:16]   job s06_c7 craft columns  16  levels 11  settles 21/21  end plan_done  wall 102.6 s
[10:27:16]     settle 16: 195 @   3706 d -> ok lintwin tank 834.2 (+0.5) miss 75 km (2.2 s)
[10:27:16] RESULT s06_c6: 16 columns; frontier 1fb 11 kg p2/2 | 2fb 24 kg p1/2 | 3fb 38 kg p0/0; settles 20 (20 ok), regrids 16 (16 ok); wall 105 s of 300 (plan 57, price 1, settle 48; budget hit None, 0 unsettled)
[10:27:16]     settle 18: 117 @   3732 d -> ok lintwin tank 797.6 (+2.0) miss 57 km (1.0 s)
[10:27:17]     settle 17:  22 @   3645 d -> ok lintwin tank 727.3 (+3.4) miss 42 km (0.6 s)
[10:27:17]     settle 18: 250 @   3779 d -> ok lintwin tank 747.1 (+19.8) miss 43 km (0.6 s)
[10:27:18]   job s06_c6 craft columns  16  levels 9  settles 20/20  end plan_done  wall 104.6 s
[10:27:18]     settle 21: 136 @   3396 d -> ok lintwin tank 890.1 (+40.0) miss 65 km (3.2 s)
[10:27:19]     settle 22:  50 @   3606 d -> ok lintwin tank 942.4 (+33.7) miss 69 km (5.8 s)
[10:27:20]     settle 17:  77 @   3463 d -> ok lintwin tank 795.4 (+1.2) miss 69 km (3.0 s)
[10:27:21]     settle 17:  18 @   3534 d -> ok lam tank 950.1 (+148.0) miss 14 km (3.2 s)
[10:27:23]     settle 19:  92 @   3719 d -> ok lam tank 890.8 (+19.4) miss 2 km (7.3 s)
[10:27:23]     settle 18: 189 @   3727 d -> ok lintwin tank 805.5 (+10.1) miss 75 km (3.6 s)
[10:27:23]     settle 21: 291 @   3509 d -> ok lintwin tank 881.4 (+31.2) miss 75 km (4.6 s)
[10:27:24]     settle 22: 221 @   3401 d -> ok lintwin tank 921.2 (+12.5) miss 75 km (4.6 s)
[10:27:27]     settle 18:   2 @   3753 d -> ok lintwin tank 797.1 (+29.0) miss 53 km (2.0 s)
[10:27:28]     settle 21: 288 @   3360 d -> ok lintwin tank 902.6 (+52.4) miss 61 km (4.5 s)
[10:27:30]     settle 18: 176 @   3714 d -> FAIL [('lam', 26357649.5)] (8.2 s)
[10:27:30]     settle 22: 291 @   3442 d -> ok lintwin tank 940.5 (+31.8) miss 77 km (5.3 s)
[10:27:31]     settle 18:  21 @   3596 d -> ok lintwin tank 807.1 (+11.7) miss 69 km (3.1 s)
[10:27:33]     settle 21: 175 @   3424 d -> ok lintwin tank 872.8 (+22.7) miss 84 km (3.7 s)
[10:27:33]     settle 19:  98 @   3397 d -> ok lam tank 898.0 (+26.5) miss 36 km (3.0 s)
[10:27:33]     settle 19: 193 @   3635 d -> ok lintwin tank 814.6 (+7.5) miss 69 km (2.3 s)
[10:27:34] RESULT s06_c4: 16 columns; frontier 1fb 7 kg p2/3 | 2fb 15 kg p3/3 | 3fb 35 kg p1/1; settles 18 (17 ok), regrids 16 (16 ok); wall 122 s of 300 (plan 58, price 1, settle 64; budget hit None, 0 unsettled)
[10:27:34]     settle  7:  93 @   3445 d -> FAIL [('lam', 575634.1)] (21.0 s)
[10:27:34]   job s06_c4 craft columns  16  levels 9  settles 17/18  end plan_done  wall 122.1 s
[10:27:36]     settle 22: 123 @   3467 d -> ok lintwin tank 929.2 (+20.5) miss 2 km (5.4 s)
[10:27:36]     settle 18:  21 @   3593 d -> ok lintwin tank 806.9 (+11.5) miss 79 km (2.3 s)
[10:27:37]     settle 19: 183 @   3369 d -> ok lin tank 873.0 (+1.5) miss 12 km (3.5 s)
[10:27:37]     settle 22:  18 @   3593 d -> ok lintwin tank 858.9 (+9.2) miss 71 km (3.8 s)
[10:27:39]     settle 22: 287 @   3431 d -> ok lintwin tank 918.2 (+9.5) miss 66 km (2.5 s)
[10:27:41]     settle 19: 250 @   3763 d -> ok lintwin tank 830.4 (+23.5) miss 58 km (5.3 s)
[10:27:42]     settle 22:  18 @   3599 d -> ok lintwin tank 868.3 (+6.8) miss 77 km (4.2 s)
[10:27:44]     settle 23:  35 @   3729 d -> ok lintwin tank 969.8 (+51.7) miss 78 km (4.8 s)
[10:27:44]     settle 19:   2 @   3669 d -> ok lam tank 934.5 (+63.0) miss 0 km (5.9 s)
[10:27:45]     settle 17:  77 @   3468 d -> ok lintwin tank 795.1 (+0.9) miss 71 km (3.0 s)
[10:27:46]     settle 18:  70 @   3593 d -> ok lintwin tank 799.0 (+3.9) miss 72 km (1.9 s)
[10:27:47]     settle 22: 123 @   3563 d -> ok lintwin tank 934.1 (+44.0) miss 74 km (4.3 s)
[10:27:48]     settle 19: 183 @   3374 d -> ok lam tank 880.1 (+8.6) miss 75 km (0.7 s)
[10:27:49]     settle 19: 250 @   3763 d -> ok lintwin tank 843.4 (+44.4) miss 53 km (2.6 s)
[10:27:49]     settle 23:  22 @   3636 d -> ok lintwin tank 972.0 (+53.9) miss 67 km (3.4 s)
[10:27:49]     settle 20:  92 @   3744 d -> ok lin tank 892.5 (+12.4) miss 26 km (1.5 s)
[10:27:50] RESULT s06_c5: 16 columns; frontier 1fb 5 kg p0/2 | 2fb 24 kg p0/2 | 3fb 54 kg p2/2 | 4fb 72 kg p0/1; settles 23 (23 ok), regrids 16 (16 ok); wall 138 s of 300 (plan 72, price 1, settle 66; budget hit None, 0 unsettled)
[10:27:50]   job s06_c5 craft columns  16  levels 11  settles 23/23  end plan_done  wall 138.1 s
[10:27:52]     settle 23: 142 @   3680 d -> ok lintwin tank 874.5 (+6.2) miss 61 km (4.2 s)
[10:27:53]     settle 19: 273 @   3518 d -> ok lam tank 889.8 (+18.4) miss 8 km (2.7 s)
[10:27:53]     settle  7: 285 @   3405 d -> FAIL [('lam', 519983.1)] (19.2 s)
[10:27:54]     settle 20: 154 @   3665 d -> ok lam tank 896.5 (+6.6) miss 8 km (0.7 s)
[10:27:55]     settle 23:  50 @   3657 d -> ok lintwin tank 941.7 (+12.5) miss 77 km (4.0 s)
[10:27:55]     settle 22: 123 @   3569 d -> ok lintwin tank 906.2 (+3.7) miss 78 km (3.2 s)
[10:27:58]     settle 20:  93 @   3459 d -> ok lin tank 900.5 (+9.5) miss 58 km (2.9 s)
[10:28:01]     settle 23: 254 @   3687 d -> ok lintwin tank 915.6 (+9.3) miss 75 km (5.0 s)
[10:28:01]     settle 23:  18 @   3554 d -> ok lintwin tank 932.0 (+13.9) miss 30 km (4.9 s)
[10:28:04]     settle 23: 254 @   3688 d -> ok lintwin tank 960.8 (+26.6) miss 55 km (2.5 s)
[10:28:04]     settle 24: 285 @   3670 d -> ok lintwin tank 935.2 (+3.1) miss 70 km (3.2 s)
[10:28:06]     settle 20:  93 @   3458 d -> ok lam tank 905.0 (+31.0) miss 2 km (7.4 s)
[10:28:06]     settle 21:  92 @   3742 d -> ok lam tank 912.8 (+7.8) miss 1 km (0.5 s)
[10:28:07]     settle 24: 233 @   3777 d -> ok lintwin tank 1011.2 (+50.4) miss 70 km (2.6 s)
[10:28:07]   drift: leg 233@3777 d settled outside (T, T+H] -> column cut at 3
[10:28:07]   1 candidates dropped (settle failure / regrid failure / duplicate after truncation)
[10:28:07] RESULT s06_c0: 15 columns; frontier 1fb -1 kg p0/4 | 2fb 8 kg p0/4 | 3fb 24 kg p0/4; settles 17 (17 ok), regrids 15 (15 ok); wall 155 s of 300 (plan 80, price 1, settle 75; budget hit None, 0 unsettled)
[10:28:08]   job s06_c0 craft columns  15  levels 11  settles 17/17  end plan_done  wall 155.3 s
[10:28:08]     settle 22: 123 @   3464 d -> ok lintwin tank 933.0 (+24.3) miss 70 km (3.6 s)
[10:28:08]     settle 21:   2 @   3678 d -> ok lam tank 913.4 (+8.4) miss 2 km (0.5 s)
[10:28:10]     settle 23: 218 @   3674 d -> ok lintwin tank 942.9 (+9.9) miss 62 km (2.3 s)
[10:28:12]     settle  7:  84 @   3287 d -> FAIL [('lam', 18232617.4)] (19.3 s)
[10:28:14]     settle 21: 275 @   3718 d -> ok lin tank 905.9 (+5.4) miss 34 km (4.6 s)
[10:28:15]     settle 24:  35 @   3729 d -> ok lintwin tank 983.4 (+40.6) miss 57 km (4.6 s)
[10:28:18]     settle 22: 238 @   3777 d -> ok lam tank 932.5 (+19.1) miss 2 km (3.4 s)
[10:28:19] RESULT s06_c2: 16 columns; frontier 1fb 1 kg p1/2 | 2fb 21 kg p1/2 | 3fb 34 kg p2/2 | 4fb 60 kg p0/0; settles 19 (19 ok), regrids 16 (16 ok); wall 167 s of 300 (plan 74, price 1, settle 93; budget hit None, 0 unsettled)
[10:28:20]   job s06_c2 craft columns  16  levels 10  settles 19/19  end plan_done  wall 167.2 s
[10:28:20]     settle 24: 176 @   3746 d -> ok lintwin tank 963.5 (+21.8) miss 70 km (4.6 s)
[10:28:21] RESULT s06_c1: 16 columns; frontier 1fb 7 kg p0/2 | 2fb 33 kg p2/2 | 3fb 26 kg p1/2; settles 20 (20 ok), regrids 16 (16 ok); wall 169 s of 300 (plan 80, price 1, settle 89; budget hit None, 0 unsettled)
[10:28:22]   job s06_c1 craft columns  16  levels 9  settles 20/20  end plan_done  wall 169.1 s
[10:28:27]     settle  7: 201 @   3335 d -> FAIL [('lam', 598288.6)] (15.1 s)
[10:28:42]     settle  7:  14 @   3348 d -> FAIL [('lam', 171179.8)] (15.1 s)
[10:29:02]     settle  7: 274 @   3619 d -> FAIL [('lam', 3302957.8)] (19.8 s)
[10:29:22]     settle  7:  63 @   3325 d -> FAIL [('lam', 71478500.1)] (19.4 s)
[10:29:40]     settle  7:  70 @   3489 d -> FAIL [('lam', 7066585.1)] (18.6 s)
[10:29:59]     settle  7: 143 @   3386 d -> FAIL [('lam', 110530.6)] (18.8 s)
[10:29:59]   16 candidates dropped (settle failure / regrid failure / duplicate after truncation)
[10:29:59] RESULT s06_c3: 0 columns; frontier ; settles 21 (1 ok), regrids 1 (0 ok); wall 268 s of 300 (plan 63, price 1, settle 204; budget hit None, 0 unsettled)
[10:30:00]   job s06_c3 craft columns   0  levels 8  settles 1/21  end plan_done  wall 267.7 s
[10:30:00] [slice 6] propose: 111 columns (0 bad dropped) in 268.6 s
[10:30:00] [slice 6] auction: 111 columns, kept 111, dropped {}; lam 1.00 H_eff 540 d fuel budget 482 kg quota on stagger 60.0 d
[10:30:00] [slice 6] auction: status optimal objective 33.407 vars 111 rows 48 chosen 7 fuel 389/482 kg (0.013 s)
[10:30:02] [slice 6 T=3240 d] launched 8/8  covered 141  remaining 157  fuel 1846 kg  sumJi 9.5790  chosen: c0:3(+110) c1:3(+26) c2:4(+60) c4:2(+15) c5:4(+87) c6:2(+53) c7:4(+37)  rejected: -  (wall 271 s)
[10:30:02] [slice 7 T=3780 d] propose: 8 jobs (8 craft, 0 root) on 9 workers, proposer planbeam, H_eff 540 d, lam 1.0
[10:30:02] job s07_c1 (craft, craft 1, planbeam): T 3780 d H 540 L 360; plan horizon 5400 d; remaining 157; prize >1 on 124; width 150 npt 6 mc 150 dv 1.2 drmax 0.15 plan_wall 240 s; quota None
[10:30:02] job s07_c3 (craft, craft 3, planbeam): T 3780 d H 540 L 360; plan horizon 5400 d; remaining 157; prize >1 on 124; width 150 npt 6 mc 150 dv 1.2 drmax 0.15 plan_wall 240 s; quota None
[10:30:02] job s07_c4 (craft, craft 4, planbeam): T 3780 d H 540 L 360; plan horizon 5400 d; remaining 157; prize >1 on 124; width 150 npt 6 mc 150 dv 1.2 drmax 0.15 plan_wall 240 s; quota None
[10:30:02] job s07_c5 (craft, craft 5, planbeam): T 3780 d H 540 L 360; plan horizon 5400 d; remaining 157; prize >1 on 124; width 150 npt 6 mc 150 dv 1.2 drmax 0.15 plan_wall 240 s; quota None
[10:30:02] job s07_c7 (craft, craft 7, planbeam): T 3780 d H 540 L 360; plan horizon 5400 d; remaining 157; prize >1 on 124; width 150 npt 6 mc 150 dv 1.2 drmax 0.15 plan_wall 240 s; quota None
[10:30:02] job s07_c6 (craft, craft 6, planbeam): T 3780 d H 540 L 360; plan horizon 5400 d; remaining 157; prize >1 on 124; width 150 npt 6 mc 150 dv 1.2 drmax 0.15 plan_wall 240 s; quota None
[10:30:02] job s07_c0 (craft, craft 0, planbeam): T 3780 d H 540 L 360; plan horizon 5400 d; remaining 157; prize >1 on 124; width 150 npt 6 mc 150 dv 1.2 drmax 0.15 plan_wall 240 s; quota None
[10:30:02] job s07_c2 (craft, craft 2, planbeam): T 3780 d H 540 L 360; plan horizon 5400 d; remaining 157; prize >1 on 124; width 150 npt 6 mc 150 dv 1.2 drmax 0.15 plan_wall 240 s; quota None
[10:30:02] prefix slices/s07/in/craft_3.npz: 6 flybys, t_end 2376.9 d, tank 660.5 kg (planner view), miss 87.6 km, nreg 92
[10:30:02] budget: job_wall 300 s, 300 s left before the plan -> plan cap 210 s (plan_wall 240, settle_reserve 90)
[10:30:02] prefix slices/s07/in/craft_7.npz: 15 flybys, t_end 3715.5 d, tank 754.3 kg (planner view), miss 0.8 km, nreg 125
[10:30:02] budget: job_wall 300 s, 300 s left before the plan -> plan cap 210 s (plan_wall 240, settle_reserve 90)
[10:30:02] prefix slices/s07/in/craft_6.npz: 15 flybys, t_end 3518.9 d, tank 848.7 kg (planner view), miss 2.8 km, nreg 115
[10:30:02] budget: job_wall 300 s, 300 s left before the plan -> plan cap 210 s (plan_wall 240, settle_reserve 90)
[10:30:02] prefix slices/s07/in/craft_5.npz: 19 flybys, t_end 3762.6 d, tank 830.0 kg (planner view), miss 5.4 km, nreg 158
[10:30:02] budget: job_wall 300 s, 300 s left before the plan -> plan cap 210 s (plan_wall 240, settle_reserve 90)
[10:30:02] prefix slices/s07/in/craft_1.npz: 24 flybys, t_end 3669.5 d, tank 934.8 kg (planner view), miss 21.4 km, nreg 182
[10:30:02] budget: job_wall 300 s, 300 s left before the plan -> plan cap 210 s (plan_wall 240, settle_reserve 90)
[10:30:02] prefix slices/s07/in/craft_4.npz: 17 flybys, t_end 3646.3 d, tank 727.0 kg (planner view), miss 8.3 km, nreg 152
[10:30:02] budget: job_wall 300 s, 300 s left before the plan -> plan cap 210 s (plan_wall 240, settle_reserve 90)
[10:30:02] prefix slices/s07/in/craft_2.npz: 22 flybys, t_end 3775.9 d, tank 931.0 kg (planner view), miss 1.9 km, nreg 185
[10:30:02] budget: job_wall 300 s, 300 s left before the plan -> plan cap 210 s (plan_wall 240, settle_reserve 90)
[10:30:02] prefix slices/s07/in/craft_0.npz: 23 flybys, t_end 3704.8 d, tank 960.2 kg (planner view), miss 7.9 km, nreg 184
[10:30:02] budget: job_wall 300 s, 300 s left before the plan -> plan cap 210 s (plan_wall 240, settle_reserve 90)
[10:30:18] first level (both): 0 production + 59 relaxed (dv 2.5, 0.3 AU; 0.1 s) + 63 lintwin children -> 90 unique (16.0 s)
[10:30:18] plan start: prefix 15 flybys, t_end 3715.5 d, planner mass 1276.0 kg (dv 8.877 km/s); 90 first-level states
[10:30:20] first level (both): 0 production + 10 relaxed (dv 2.5, 0.3 AU; 0.1 s) + 67 lintwin children -> 73 unique (17.7 s)
[10:30:20] plan start: prefix 15 flybys, t_end 3518.9 d, planner mass 1133.9 kg (dv 13.506 km/s); 73 first-level states
[10:30:23] first level (both): 0 production + 47 relaxed (dv 2.5, 0.3 AU; 0.1 s) + 63 lintwin children -> 81 unique (20.9 s)
[10:30:23] plan start: prefix 19 flybys, t_end 3762.6 d, planner mass 1159.4 kg (dv 12.633 km/s); 81 first-level states
[10:30:24] first level (both): 0 production + 69 relaxed (dv 2.5, 0.3 AU; 0.1 s) + 0 lintwin children -> 46 unique (21.6 s)
[10:30:24] plan start: prefix 22 flybys, t_end 3775.9 d, planner mass 1033.7 kg (dv 17.136 km/s); 46 first-level states
[10:30:24] first level (both): 0 production + 47 relaxed (dv 2.5, 0.3 AU; 0.1 s) + 64 lintwin children -> 85 unique (21.9 s)
[10:30:24] plan start: prefix 17 flybys, t_end 3646.3 d, planner mass 1323.9 kg (dv 7.432 km/s); 85 first-level states
[10:30:25] first level (both): 0 production + 0 relaxed (dv 2.5, 0.3 AU; 0.1 s) + 106 lintwin children -> 106 unique (22.7 s)
[10:30:25] plan start: prefix 6 flybys, t_end 2376.9 d, planner mass 1457.1 kg (dv 3.669 km/s); 106 first-level states
[10:30:26] first level (both): 0 production + 59 relaxed (dv 2.5, 0.3 AU; 0.1 s) + 53 lintwin children -> 82 unique (23.5 s)
[10:30:26] plan start: prefix 24 flybys, t_end 3669.5 d, planner mass 1029.5 kg (dv 17.296 km/s); 82 first-level states
[10:30:27] first level (both): 0 production + 62 relaxed (dv 2.5, 0.3 AU; 0.1 s) + 69 lintwin children -> 110 unique (24.8 s)
[10:30:27] plan start: prefix 23 flybys, t_end 3704.8 d, planner mass 1002.3 kg (dv 18.345 km/s); 110 first-level states
[10:30:54] plan: 821 states, depth 7 new flybys, end plan_done (51 s); deepest 7 new to 5397 d at planner fuel 344 kg
[10:30:54]   depth  1:  106 states (87 in H), t_end 3785-4451 d, fuel 143-246 kg
[10:30:54]   depth  2:  150 states (67 in H), t_end 3955-4947 d, fuel 150-272 kg
[10:30:54]   depth  3:  150 states (8 in H), t_end 4118-5148 d, fuel 163-302 kg
[10:30:54]   depth  4:  150 states (1 in H), t_end 4291-5397 d, fuel 173-338 kg
[10:30:54]   depth  5:  150 states (0 in H), t_end 4959-5388 d, fuel 229-377 kg
[10:30:54]   depth  6:  107 states (0 in H), t_end 5055-5400 d, fuel 271-413 kg
[10:30:54]   depth  7:    8 states (0 in H), t_end 5257-5397 d, fuel 344-435 kg
[10:30:54] candidates: 106 distinct committed target sets (n_new 1-4, potential 0-3)
[10:30:54] frontier: 16 candidates chosen (n fb / committed planner kg / continuation (lookahead) [full]; pot_mode lookahead, pot_cap None): 1fb/143kg/p3(3)[3], 1fb/143kg/p2(1)[2], 1fb/143kg/p2(0)[2], 1fb/143kg/p2(2)[2], 1fb/143kg/p2(2)[2], 1fb/143kg/p2(2)[2], 1fb/143kg/p2(2)[2], 1fb/169kg/p3(3)[3], 1fb/202kg/p3(2)[3], 2fb/150kg/p0(0)[0], 2fb/155kg/p0(0)[0], 2fb/224kg/p2(2)[2], 3fb/213kg/p0(0)[0], 3fb/238kg/p0(0)[0], 3fb/295kg/p1(0)[1], 4fb/335kg/p0(0)[0]
[10:30:54] budget: 249 s of 300 left for the settles + regrids (settle_wall 480)
[10:30:55] plan: 972 states, depth 8 new flybys, end plan_done (53 s); deepest 8 new to 5396 d at planner fuel 611 kg
[10:30:55]   depth  1:   73 states (61 in H), t_end 3786-4421 d, fuel 472-548 kg
[10:30:55]   depth  2:  150 states (61 in H), t_end 3950-4865 d, fuel 477-581 kg
[10:30:55]   depth  3:  150 states (13 in H), t_end 4137-5205 d, fuel 480-609 kg
[10:30:55]   depth  4:  150 states (0 in H), t_end 4376-5349 d, fuel 494-626 kg
[10:30:55]   depth  5:  150 states (0 in H), t_end 4590-5397 d, fuel 532-657 kg
[10:30:55]   depth  6:  150 states (0 in H), t_end 4779-5399 d, fuel 560-687 kg
[10:30:55]   depth  7:  110 states (0 in H), t_end 4977-5400 d, fuel 579-715 kg
[10:30:55]   depth  8:   39 states (0 in H), t_end 5137-5398 d, fuel 611-727 kg
[10:30:55] candidates: 96 distinct committed target sets (n_new 1-3, potential 0-3)
[10:30:55] frontier: 16 candidates chosen (n fb / committed planner kg / continuation (lookahead) [full]; pot_mode lookahead, pot_cap None): 1fb/475kg/p2(2)[2], 1fb/480kg/p2(1)[2], 1fb/481kg/p3(2)[3], 1fb/482kg/p3(2)[3], 1fb/494kg/p4(2)[4], 1fb/512kg/p3(2)[3], 1fb/520kg/p3(2)[3], 1fb/524kg/p3(2)[3], 1fb/524kg/p3(3)[3], 1fb/531kg/p3(1)[3], 2fb/486kg/p2(2)[2], 2fb/490kg/p1(1)[1], 2fb/528kg/p3(2)[3], 3fb/535kg/p0(0)[0], 3fb/536kg/p0(0)[0], 3fb/561kg/p2(2)[2]
[10:30:55] budget: 247 s of 300 left for the settles + regrids (settle_wall 480)
[10:31:00]     settle 16:  84 @   4258 d -> ok lintwin tank 851.5 (+2.8) miss 0 km (4.6 s)
[10:31:00] plan: 1122 states, depth 10 new flybys, end plan_done (58 s); deepest 10 new to 5381 d at planner fuel 510 kg
[10:31:00]   depth  1:   85 states (72 in H), t_end 3791-4425 d, fuel 281-373 kg
[10:31:00]   depth  2:  150 states (62 in H), t_end 3926-4797 d, fuel 309-405 kg
[10:31:00]   depth  3:  150 states (14 in H), t_end 4071-5306 d, fuel 333-436 kg
[10:31:00]   depth  4:  150 states (3 in H), t_end 4229-5395 d, fuel 376-448 kg
[10:31:00]   depth  5:  150 states (0 in H), t_end 4409-5397 d, fuel 389-472 kg
[10:31:00]   depth  6:  150 states (0 in H), t_end 4574-5397 d, fuel 413-506 kg
[10:31:00]   depth  7:  150 states (0 in H), t_end 4684-5396 d, fuel 433-525 kg
[10:31:00]   depth  8:   52 states (0 in H), t_end 4843-5390 d, fuel 491-541 kg
[10:31:00]   depth  9:   56 states (0 in H), t_end 5043-5390 d, fuel 495-576 kg
[10:31:00]   depth 10:   29 states (0 in H), t_end 5241-5381 d, fuel 510-578 kg
[10:31:00] candidates: 93 distinct committed target sets (n_new 1-4, potential 0-2)
[10:31:00] frontier: 16 candidates chosen (n fb / committed planner kg / continuation (lookahead) [full]; pot_mode lookahead, pot_cap None): 1fb/284kg/p1(1)[1], 1fb/287kg/p1(1)[1], 1fb/313kg/p2(0)[2], 1fb/316kg/p2(2)[2], 1fb/320kg/p2(2)[2], 1fb/323kg/p3(2)[3], 1fb/328kg/p5(2)[5], 1fb/332kg/p3(2)[3], 1fb/338kg/p3(2)[3], 2fb/321kg/p0(0)[0], 2fb/322kg/p0(0)[0], 2fb/348kg/p4(2)[4], 3fb/354kg/p1(1)[1], 3fb/362kg/p0(0)[0], 3fb/391kg/p3(2)[3], 4fb/399kg/p2(2)[2]
[10:31:00] budget: 242 s of 300 left for the settles + regrids (settle_wall 480)
[10:31:01] plan: 1169 states, depth 9 new flybys, end plan_done (58 s); deepest 9 new to 5365 d at planner fuel 513 kg
[10:31:01]   depth  1:   90 states (77 in H), t_end 3824-4406 d, fuel 326-417 kg
[10:31:01]   depth  2:  150 states (82 in H), t_end 3985-4878 d, fuel 353-447 kg
[10:31:01]   depth  3:  150 states (38 in H), t_end 4135-4982 d, fuel 366-477 kg
[10:31:01]   depth  4:  150 states (7 in H), t_end 4291-5216 d, fuel 388-510 kg
[10:31:01]   depth  5:  150 states (0 in H), t_end 4505-5352 d, fuel 400-485 kg
[10:31:01]   depth  6:  150 states (0 in H), t_end 4669-5391 d, fuel 418-507 kg
[10:31:01]   depth  7:  150 states (0 in H), t_end 4884-5390 d, fuel 438-533 kg
[10:31:01]   depth  8:  150 states (0 in H), t_end 5153-5399 d, fuel 461-557 kg
[10:31:01]   depth  9:   29 states (0 in H), t_end 5303-5398 d, fuel 513-570 kg
[10:31:01] candidates: 111 distinct committed target sets (n_new 1-4, potential 0-2)
[10:31:01] frontier: 16 candidates chosen (n fb / committed planner kg / continuation (lookahead) [full]; pot_mode lookahead, pot_cap None): 1fb/326kg/p5(2)[5], 1fb/329kg/p0(0)[0], 1fb/329kg/p1(0)[1], 1fb/334kg/p4(1)[4], 1fb/344kg/p4(2)[4], 1fb/351kg/p2(1)[2], 1fb/403kg/p3(1)[3], 2fb/353kg/p0(0)[0], 2fb/355kg/p0(0)[0], 2fb/365kg/p4(2)[4], 3fb/370kg/p0(0)[0], 3fb/373kg/p0(0)[0], 3fb/375kg/p3(2)[3], 4fb/396kg/p0(0)[0], 4fb/404kg/p1(1)[1], 4fb/411kg/p2(2)[2]
[10:31:01] budget: 241 s of 300 left for the settles + regrids (settle_wall 480)
[10:31:01]     settle 16: 141 @   3824 d -> ok lintwin tank 755.2 (+0.9) miss 10 km (0.3 s)
[10:31:01]     settle 18: 106 @   4122 d -> ok lintwin tank 731.7 (+4.7) miss 4 km (0.9 s)
[10:31:02]     settle 16:  98 @   4144 d -> ok lintwin tank 759.1 (+4.9) miss 12 km (0.6 s)
[10:31:03]     settle 16: 118 @   3883 d -> ok lintwin tank 756.3 (+2.0) miss 10 km (0.4 s)
[10:31:04]     settle 16: 261 @   3840 d -> ok lintwin tank 760.4 (+6.1) miss 2 km (0.3 s)
[10:31:04]     settle 18: 201 @   4236 d -> ok lintwin tank 735.0 (+8.1) miss 42 km (1.7 s)
[10:31:04] plan: 1113 states, depth 9 new flybys, end plan_done (62 s); deepest 9 new to 5314 d at planner fuel 720 kg
[10:31:04]   depth  1:   46 states (39 in H), t_end 3903-4376 d, fuel 582-640 kg
[10:31:04]   depth  2:  150 states (77 in H), t_end 4039-4936 d, fuel 593-670 kg
[10:31:04]   depth  3:  150 states (15 in H), t_end 4148-5226 d, fuel 609-694 kg
[10:31:04]   depth  4:  150 states (0 in H), t_end 4485-5294 d, fuel 628-718 kg
[10:31:04]   depth  5:  150 states (0 in H), t_end 4600-5395 d, fuel 649-744 kg
[10:31:04]   depth  6:  150 states (0 in H), t_end 4769-5382 d, fuel 672-766 kg
[10:31:04]   depth  7:  150 states (0 in H), t_end 4952-5400 d, fuel 687-783 kg
[10:31:04]   depth  8:  143 states (0 in H), t_end 5156-5400 d, fuel 693-803 kg
[10:31:04]   depth  9:   24 states (0 in H), t_end 5271-5398 d, fuel 720-801 kg
[10:31:04] candidates: 65 distinct committed target sets (n_new 1-3, potential 0-3)
[10:31:04] frontier: 16 candidates chosen (n fb / committed planner kg / continuation (lookahead) [full]; pot_mode lookahead, pot_cap None): 1fb/582kg/p2(2)[2], 1fb/583kg/p2(2)[2], 1fb/588kg/p2(1)[2], 1fb/595kg/p4(2)[4], 1fb/606kg/p2(1)[2], 1fb/609kg/p2(1)[2], 1fb/625kg/p4(2)[4], 1fb/633kg/p4(3)[4], 1fb/635kg/p3(2)[3], 2fb/601kg/p1(1)[1], 2fb/607kg/p0(0)[0], 2fb/610kg/p3(2)[3], 2fb/613kg/p2(2)[2], 3fb/632kg/p2(2)[2], 3fb/635kg/p0(0)[0], 3fb/654kg/p0(0)[0]
[10:31:04] budget: 238 s of 300 left for the settles + regrids (settle_wall 480)
[10:31:05]     settle 16: 161 @   3987 d -> ok lintwin tank 768.4 (+14.1) miss 57 km (1.3 s)
[10:31:06] plan: 1238 states, depth 10 new flybys, end plan_done (64 s); deepest 10 new to 5398 d at planner fuel 682 kg
[10:31:06]   depth  1:   81 states (68 in H), t_end 3823-4396 d, fuel 446-526 kg
[10:31:06]   depth  2:  150 states (81 in H), t_end 4047-4898 d, fuel 453-557 kg
[10:31:06]   depth  3:  150 states (8 in H), t_end 4290-5195 d, fuel 481-584 kg
[10:31:06]   depth  4:  150 states (0 in H), t_end 4355-5360 d, fuel 514-602 kg
[10:31:06]   depth  5:  150 states (0 in H), t_end 4555-5396 d, fuel 539-609 kg
[10:31:06]   depth  6:  150 states (0 in H), t_end 4654-5400 d, fuel 571-638 kg
[10:31:06]   depth  7:  150 states (0 in H), t_end 4863-5397 d, fuel 589-657 kg
[10:31:06]   depth  8:  150 states (0 in H), t_end 5013-5400 d, fuel 616-680 kg
[10:31:06]   depth  9:   94 states (0 in H), t_end 5200-5400 d, fuel 642-699 kg
[10:31:06]   depth 10:   13 states (0 in H), t_end 5353-5399 d, fuel 682-716 kg
[10:31:06] candidates: 100 distinct committed target sets (n_new 1-3, potential 0-3)
[10:31:06] frontier: 16 candidates chosen (n fb / committed planner kg / continuation (lookahead) [full]; pot_mode lookahead, pot_cap None): 1fb/446kg/p3(2)[3], 1fb/454kg/p3(3)[3], 1fb/455kg/p4(3)[4], 1fb/455kg/p2(1)[2], 1fb/467kg/p2(1)[2], 1fb/475kg/p2(1)[2], 1fb/483kg/p2(1)[2], 1fb/487kg/p3(1)[3], 1fb/494kg/p5(3)[5], 2fb/453kg/p0(0)[0], 2fb/458kg/p0(0)[0], 2fb/465kg/p2(2)[2], 2fb/523kg/p4(3)[4], 3fb/529kg/p1(1)[1], 3fb/536kg/p3(3)[3], 3fb/537kg/p1(1)[1]
[10:31:06] budget: 236 s of 300 left for the settles + regrids (settle_wall 480)
[10:31:08]     settle 16: 145 @   4091 d -> ok lintwin tank 868.1 (+19.4) miss 69 km (4.0 s)
[10:31:08]     settle 16: 171 @   4129 d -> ok lintwin tank 789.6 (+35.3) miss 60 km (2.4 s)
[10:31:09]     settle 18: 210 @   3913 d -> ok lintwin tank 776.1 (+49.2) miss 54 km (4.4 s)
[10:31:10]     settle 20: 198 @   3983 d -> ok lintwin tank 830.7 (+0.7) miss 69 km (3.9 s)
[10:31:11]     settle 16: 188 @   4036 d -> ok lintwin tank 787.3 (+33.1) miss 69 km (2.1 s)
[10:31:11] plan: 1074 states, depth 9 new flybys, end plan_done (69 s); deepest 9 new to 5385 d at planner fuel 777 kg
[10:31:11]   depth  1:  110 states (91 in H), t_end 3787-4452 d, fuel 606-670 kg
[10:31:11]   depth  2:  150 states (73 in H), t_end 3947-4675 d, fuel 616-697 kg
[10:31:11]   depth  3:  150 states (10 in H), t_end 4133-4981 d, fuel 625-724 kg
[10:31:11]   depth  4:  150 states (0 in H), t_end 4419-5303 d, fuel 652-737 kg
[10:31:11]   depth  5:  150 states (0 in H), t_end 4543-5388 d, fuel 672-758 kg
[10:31:11]   depth  6:  150 states (0 in H), t_end 4896-5394 d, fuel 695-776 kg
[10:31:11]   depth  7:  150 states (0 in H), t_end 5012-5400 d, fuel 714-793 kg
[10:31:11]   depth  8:   60 states (0 in H), t_end 5096-5400 d, fuel 734-799 kg
[10:31:11]   depth  9:    4 states (0 in H), t_end 5359-5396 d, fuel 777-817 kg
[10:31:11] candidates: 79 distinct committed target sets (n_new 1-3, potential 0-2)
[10:31:11] frontier: 16 candidates chosen (n fb / committed planner kg / continuation (lookahead) [full]; pot_mode lookahead, pot_cap None): 1fb/606kg/p0(0)[0], 1fb/610kg/p3(2)[3], 1fb/616kg/p3(2)[3], 1fb/623kg/p2(1)[2], 1fb/625kg/p3(1)[3], 1fb/631kg/p2(0)[2], 1fb/645kg/p2(2)[2], 1fb/655kg/p4(2)[4], 1fb/667kg/p2(0)[2], 2fb/621kg/p2(2)[2], 2fb/628kg/p0(0)[0], 2fb/649kg/p2(2)[2], 2fb/658kg/p3(2)[3], 3fb/674kg/p0(0)[0], 3fb/675kg/p2(2)[2], 3fb/682kg/p1(1)[1]
[10:31:11] budget: 231 s of 300 left for the settles + regrids (settle_wall 480)
[10:31:11] plan: 1219 states, depth 10 new flybys, end plan_done (69 s); deepest 10 new to 5380 d at planner fuel 808 kg
[10:31:11]   depth  1:   82 states (73 in H), t_end 3819-4361 d, fuel 583-646 kg
[10:31:11]   depth  2:  150 states (107 in H), t_end 3975-4759 d, fuel 595-670 kg
[10:31:11]   depth  3:  150 states (15 in H), t_end 4139-5027 d, fuel 629-699 kg
[10:31:11]   depth  4:  150 states (0 in H), t_end 4335-5290 d, fuel 655-722 kg
[10:31:11]   depth  5:  150 states (0 in H), t_end 4426-5350 d, fuel 674-735 kg
[10:31:11]   depth  6:  150 states (0 in H), t_end 4577-5399 d, fuel 708-761 kg
[10:31:11]   depth  7:  150 states (0 in H), t_end 4663-5400 d, fuel 722-782 kg
[10:31:11]   depth  8:  150 states (0 in H), t_end 5052-5397 d, fuel 741-806 kg
[10:31:11]   depth  9:   65 states (0 in H), t_end 5216-5396 d, fuel 769-822 kg
[10:31:11]   depth 10:   22 states (0 in H), t_end 5344-5395 d, fuel 808-838 kg
[10:31:11] candidates: 119 distinct committed target sets (n_new 1-3, potential 0-4)
[10:31:11] frontier: 16 candidates chosen (n fb / committed planner kg / continuation (lookahead) [full]; pot_mode lookahead, pot_cap None): 1fb/583kg/p0(0)[0], 1fb/585kg/p1(1)[1], 1fb/597kg/p2(2)[2], 1fb/608kg/p3(1)[3], 1fb/624kg/p3(2)[3], 1fb/626kg/p3(2)[3], 1fb/631kg/p6(4)[6], 1fb/635kg/p3(2)[3], 1fb/639kg/p4(3)[4], 1fb/640kg/p3(2)[3], 2fb/610kg/p0(0)[0], 2fb/610kg/p0(0)[0], 2fb/653kg/p5(4)[5], 3fb/652kg/p1(1)[1], 3fb/664kg/p1(1)[1], 3fb/672kg/p4(4)[4]
[10:31:11] budget: 231 s of 300 left for the settles + regrids (settle_wall 480)
[10:31:11]     settle 16: 260 @   3872 d -> ok lintwin tank 771.9 (+17.6) miss 32 km (0.6 s)
[10:31:12]     settle 16: 118 @   3883 d -> ok lintwin tank 856.8 (+8.0) miss 0 km (3.9 s)
[10:31:13]     settle 17: 300 @   4153 d -> ok lintwin tank 778.9 (+7.0) miss 81 km (1.4 s)
[10:31:13]     settle 18: 216 @   4170 d -> ok lintwin tank 768.5 (+41.5) miss 32 km (3.6 s)
[10:31:14]     settle 23: 263 @   4226 d -> ok lin tank 929.4 (+-1.6) miss 54 km (9.0 s)
[10:31:14]     settle  7:  12 @   4060 d -> FAIL [('lam', 23447004.1)] (20.3 s)
[10:31:14]     settle 17: 201 @   4174 d -> ok lintwin tank 771.8 (+16.7) miss 62 km (0.8 s)
[10:31:14]     settle 20: 216 @   4160 d -> ok lintwin tank 832.4 (+2.4) miss 76 km (3.9 s)
[10:31:15]     settle 25: 102 @   4269 d -> ok lintwin tank 946.7 (+11.8) miss 66 km (3.9 s)
[10:31:15]     settle 17: 161 @   3989 d -> ok lintwin tank 771.6 (+16.4) miss 51 km (0.8 s)
[10:31:16]     settle 18: 267 @   4315 d -> ok lintwin tank 772.1 (+0.5) miss 9 km (0.6 s)
[10:31:16]     settle 24: 256 @   4317 d -> ok lintwin tank 972.8 (+12.6) miss 70 km (5.5 s)
[10:31:17]     settle 17: 161 @   3987 d -> ok lintwin tank 771.2 (+10.9) miss 41 km (0.7 s)
[10:31:18]     settle 18: 267 @   4314 d -> ok lintwin tank 772.7 (+1.5) miss 68 km (0.5 s)
[10:31:18]     settle 16: 113 @   3819 d -> ok lintwin tank 853.4 (+4.7) miss 79 km (2.6 s)
[10:31:19]     settle 25: 168 @   4270 d -> ok lintwin tank 944.1 (+9.3) miss 77 km (3.0 s)
[10:31:19]     settle 20: 191 @   3982 d -> ok lintwin tank 834.3 (+4.2) miss 75 km (3.7 s)
[10:31:20]     settle 18:  12 @   4065 d -> ok lintwin tank 750.9 (+23.9) miss 17 km (5.7 s)
[10:31:21]     settle 24:  59 @   3908 d -> ok lintwin tank 963.4 (+3.3) miss 69 km (3.7 s)
[10:31:22]     settle 18:  20 @   3924 d -> ok lintwin tank 757.5 (+30.6) miss 32 km (1.2 s)
[10:31:22]     settle 18:  53 @   4135 d -> ok lintwin tank 772.8 (+1.2) miss 67 km (3.9 s)
[10:31:23]     settle 20:  87 @   3896 d -> ok lintwin tank 837.9 (+7.8) miss 74 km (4.0 s)
[10:31:24]     settle 25: 223 @   4269 d -> ok lintwin tank 960.0 (+25.2) miss 69 km (4.2 s)
[10:31:25]     settle 16: 260 @   3869 d -> ok lintwin tank 862.0 (+13.3) miss 78 km (3.8 s)
[10:31:26]     settle 18: 260 @   3878 d -> ok lintwin tank 744.3 (+17.3) miss 29 km (3.6 s)
[10:31:28]     settle 19: 267 @   4317 d -> ok lintwin tank 781.1 (+8.3) miss 5 km (4.5 s)
[10:31:29]     settle 24:  12 @   4125 d -> ok lintwin tank 962.0 (+1.8) miss 73 km (7.0 s)
[10:31:29]     settle 23: 139 @   4236 d -> FAIL [('lam', 221577169.6)] (11.5 s)
[10:31:29]     settle 16:  87 @   3877 d -> ok lintwin tank 876.8 (+28.1) miss 78 km (3.7 s)
[10:31:29]     settle 18:  88 @   4015 d -> ok lintwin tank 745.3 (+18.3) miss 22 km (2.8 s)
[10:31:29]     settle 20:   1 @   4092 d -> ok lintwin tank 857.5 (+27.4) miss 70 km (5.5 s)
[10:31:29]     settle 25: 255 @   3824 d -> ok lintwin tank 1023.8 (+89.0) miss 56 km (4.2 s)
[10:31:31]     settle 23:   4 @   3985 d -> ok lam tank 951.4 (+20.4) miss 64 km (1.9 s)
[10:31:31]     settle 18: 197 @   4192 d -> ok lintwin tank 774.9 (+3.6) miss 59 km (2.7 s)
[10:31:33]     settle 18: 113 @   3876 d -> ok lintwin tank 753.5 (+26.5) miss 58 km (3.1 s)
[10:31:34]     settle 20: 210 @   3910 d -> ok lintwin tank 865.2 (+35.1) miss 71 km (3.6 s)
[10:31:34]     settle 16: 195 @   3789 d -> ok lintwin tank 900.9 (+52.1) miss 70 km (4.4 s)
[10:31:35]     settle 18: 296 @   3938 d -> ok lintwin tank 744.5 (+17.5) miss 40 km (1.1 s)
[10:31:35]     settle  7: 168 @   3820 d -> ok lam tank 881.5 (+221.0) miss 71 km (20.6 s)
[10:31:35]     settle 25: 241 @   3891 d -> ok lintwin tank 979.7 (+44.9) miss 67 km (4.7 s)
[10:31:35]     settle 19:  47 @   4296 d -> ok lintwin tank 784.7 (+9.8) miss 23 km (4.4 s)
[10:31:35]     settle 24:  95 @   3893 d -> ok lintwin tank 987.5 (+27.3) miss 64 km (6.2 s)
[10:31:37]     settle 19:  19 @   4308 d -> ok lintwin tank 751.8 (+7.3) miss 28 km (2.0 s)
[10:31:38]     settle 23:  67 @   3926 d -> ok lam tank 949.3 (+18.3) miss 28 km (6.5 s)
[10:31:38]     settle 16: 117 @   4069 d -> ok lintwin tank 908.3 (+59.6) miss 68 km (3.9 s)
[10:31:39]     settle 18: 189 @   3797 d -> ok lintwin tank 744.1 (+17.1) miss 59 km (1.4 s)
[10:31:39]     settle 20: 111 @   4153 d -> ok lintwin tank 851.8 (+21.8) miss 71 km (4.7 s)
[10:31:39]     settle 24: 253 @   3812 d -> ok lintwin tank 971.9 (+11.8) miss 59 km (2.8 s)
[10:31:39]     settle 19: 196 @   3926 d -> ok lintwin tank 752.6 (+8.5) miss 9 km (0.5 s)
[10:31:39]     settle 25: 113 @   3893 d -> ok lintwin tank 959.8 (+25.0) miss 72 km (3.9 s)
[10:31:40]     settle 19:  88 @   4017 d -> ok lintwin tank 746.0 (+1.7) miss 12 km (0.5 s)
[10:31:40]     settle 19:  47 @   4295 d -> ok lintwin tank 788.2 (+15.5) miss 19 km (4.3 s)
[10:31:41] RESULT s07_c7: 16 columns; frontier 1fb 1 kg p2/2 | 2fb 17 kg p2/2 | 3fb 18 kg p0/2 | 4fb 27 kg p0/2; settles 19 (19 ok), regrids 16 (16 ok); wall 99 s of 300 (plan 58, price 1, settle 40; budget hit None, 0 unsettled)
[10:31:41]     settle 20:  88 @   4037 d -> ok lintwin tank 868.9 (+38.8) miss 61 km (1.5 s)
[10:31:42]     settle 20: 273 @   4241 d -> ok lintwin tank 752.4 (+6.3) miss 6 km (1.4 s)
[10:31:42]   regrid FAIL (1 fb: miss 36700 km, None, 7.5 s) -> column dropped
[10:31:42]   job s07_c7 craft columns  16  levels 9  settles 19/19  end plan_done  wall 98.7 s
[10:31:42]     settle 23: 184 @   3980 d -> ok lam tank 958.3 (+27.2) miss 19 km (3.0 s)
[10:31:43]     settle 16: 197 @   4135 d -> ok lintwin tank 886.9 (+38.1) miss 0 km (4.2 s)
[10:31:44]     settle 25:  51 @   3877 d -> ok lintwin tank 1058.7 (+123.9) miss 42 km (4.5 s)
[10:31:46]     settle 23: 191 @   3906 d -> ok lin tank 976.2 (+45.1) miss 2 km (1.3 s)
[10:31:46]     settle 20: 161 @   3991 d -> ok lintwin tank 863.6 (+33.5) miss 66 km (5.0 s)
[10:31:47]     settle 24:   1 @   4084 d -> ok lintwin tank 987.2 (+27.0) miss 1 km (7.0 s)
[10:31:47]     settle 19:  88 @   4017 d -> ok lintwin tank 856.9 (+80.8) miss 84 km (4.2 s)
[10:31:49]     settle 16:  99 @   4003 d -> ok lintwin tank 866.4 (+17.7) miss 41 km (5.1 s)
[10:31:50]     settle 25: 220 @   4164 d -> ok lintwin tank 998.8 (+64.0) miss 80 km (4.5 s)
[10:31:50]     settle 20: 273 @   4240 d -> ok lintwin tank 969.5 (+112.6) miss 54 km (3.3 s)
[10:31:50]     settle 21: 237 @   4184 d -> ok lintwin tank 834.9 (+4.1) miss 82 km (3.4 s)
[10:31:52]     settle 20: 201 @   4150 d -> ok lintwin tank 761.2 (+15.2) miss 13 km (0.8 s)
[10:31:52]     settle 17: 171 @   4166 d -> ok lintwin tank 856.0 (+-0.8) miss 70 km (2.6 s)
[10:31:53]     settle 21: 273 @   4238 d -> ok lintwin tank 761.8 (+0.6) miss 7 km (0.5 s)
[10:31:53]     settle 17: 104 @   4136 d -> ok lintwin tank 861.9 (+8.5) miss 67 km (1.0 s)
[10:31:53] RESULT s07_c4: 16 columns; frontier 1fb 5 kg p1/2 | 2fb 19 kg p2/2 | 3fb 25 kg p1/2 | 4fb 35 kg p2/2; settles 19 (19 ok), regrids 16 (16 ok); wall 111 s of 300 (plan 58, price 1, settle 53; budget hit None, 0 unsettled)
[10:31:54]   job s07_c4 craft columns  16  levels 10  settles 19/19  end plan_done  wall 111.1 s
[10:31:54]     settle 25: 196 @   3945 d -> ok lintwin tank 989.0 (+54.2) miss 71 km (4.2 s)
[10:31:54]     settle 21:  78 @   4185 d -> ok lintwin tank 832.5 (+1.8) miss 72 km (3.6 s)
[10:31:55]     settle 24: 216 @   4161 d -> ok lintwin tank 995.9 (+35.7) miss 66 km (3.7 s)
[10:31:55]     settle 23:  69 @   3956 d -> ok lin tank 993.6 (+62.5) miss 3 km (5.7 s)
[10:31:57]     settle 17: 171 @   4166 d -> ok lintwin tank 880.5 (+18.5) miss 62 km (3.7 s)
[10:31:58]     settle 21: 216 @   4160 d -> ok lintwin tank 837.6 (+6.8) miss 74 km (3.1 s)
[10:31:59]     settle 25: 260 @   3960 d -> ok lam tank 994.0 (+59.2) miss 75 km (4.1 s)
[10:32:00]     settle 23:  29 @   4133 d -> ok lam tank 978.5 (+47.5) miss 5 km (3.7 s)
[10:32:01]     settle 17: 145 @   4097 d -> ok lintwin tank 873.5 (+16.7) miss 78 km (3.4 s)
[10:32:02]     settle 21:  19 @   4214 d -> ok lintwin tank 872.9 (+9.3) miss 69 km (3.4 s)
[10:32:02]     settle 24:  88 @   4040 d -> ok lintwin tank 975.9 (+15.7) miss 59 km (6.5 s)
[10:32:02]     settle  7: 113 @   3896 d -> FAIL [('lam', 1392971.0)] (20.1 s)
[10:32:02]     settle 18:  79 @   4276 d -> ok lintwin tank 887.4 (+13.9) miss 55 km (1.1 s)
[10:32:05]     settle 21: 106 @   4118 d -> ok lintwin tank 881.3 (+12.4) miss 82 km (3.0 s)
[10:32:06]     settle 23:  98 @   4041 d -> ok lam tank 978.6 (+47.5) miss 8 km (4.4 s)
[10:32:06]     settle 17: 145 @   4093 d -> ok lintwin tank 873.4 (+16.6) miss 76 km (3.5 s)
[10:32:07]     settle 26: 262 @   4096 d -> ok lintwin tank 1134.6 (+110.8) miss 77 km (7.1 s)
[10:32:07]     settle 18:   6 @   4252 d -> ok lintwin tank 887.1 (+13.7) miss 37 km (0.8 s)
[10:32:08]     settle 24: 263 @   4230 d -> ok lin tank 954.7 (+3.3) miss 86 km (1.5 s)
[10:32:09]     settle 24: 233 @   3787 d -> ok lintwin tank 1011.4 (+51.3) miss 55 km (3.8 s)
[10:32:10]     settle 22: 156 @   4301 d -> ok lintwin tank 913.5 (+32.2) miss 76 km (4.4 s)
[10:32:11]     settle 18:  84 @   4262 d -> ok lintwin tank 881.1 (+0.7) miss 21 km (3.4 s)
[10:32:11] RESULT s07_c6: 16 columns; frontier 1fb -0 kg p2/3 | 2fb 7 kg p2/2 | 3fb 32 kg p2/2; settles 18 (18 ok), regrids 16 (16 ok); wall 129 s of 300 (plan 53, price 1, settle 76; budget hit None, 0 unsettled)
[10:32:12]     settle 25:  83 @   3830 d -> ok lintwin tank 961.7 (+26.9) miss 58 km (3.9 s)
[10:32:12]   job s07_c6 craft columns  16  levels 8  settles 18/18  end plan_done  wall 129.3 s
[10:32:12]     settle 23:  67 @   3930 d -> ok lam tank 936.0 (+5.0) miss 3 km (3.3 s)
[10:32:14]     settle 24: 263 @   4200 d -> ok lin tank 959.4 (+23.4) miss 78 km (1.4 s)
[10:32:15]     settle 26: 262 @   4096 d -> ok lintwin tank 966.7 (+5.0) miss 71 km (3.5 s)
[10:32:16]     settle 22:  47 @   4313 d -> ok lintwin tank 872.2 (+-0.7) miss 78 km (5.2 s)
[10:32:16]     settle 25:  12 @   4142 d -> ok lintwin tank 965.3 (+1.9) miss 62 km (5.4 s)
[10:32:20]     settle 24:  55 @   4175 d -> ok lam tank 967.8 (+18.5) miss 28 km (0.8 s)
[10:32:22]     settle 22:  84 @   4310 d -> ok lintwin tank 932.7 (+51.4) miss 1 km (5.8 s)
[10:32:22]   drift: leg 84@4310 d settled outside (T, T+H] -> column cut at 2
[10:32:22] RESULT s07_c5: 16 columns; frontier 1fb 0 kg p2/3 | 2fb 2 kg p0/3 | 3fb 42 kg p3/3; settles 17 (17 ok), regrids 16 (16 ok); wall 140 s of 300 (plan 64, price 1, settle 76; budget hit None, 0 unsettled)
[10:32:22]   job s07_c5 craft columns  16  levels 10  settles 17/17  end plan_done  wall 140.2 s
[10:32:23]     settle 26: 197 @   4167 d -> ok lintwin tank 1162.6 (+103.9) miss 32 km (7.1 s)
[10:32:24]     settle 25: 255 @   4286 d -> ok lintwin tank 978.4 (+16.4) miss 82 km (4.3 s)
[10:32:25]     settle  7: 150 @   3938 d -> FAIL [('lam', 11229091.8)] (22.7 s)
[10:32:26]     settle 24: 139 @   4236 d -> ok lin tank 961.0 (+11.7) miss 27 km (2.3 s)
[10:32:29]     settle 24:  88 @   4033 d -> ok lintwin tank 974.0 (+13.8) miss 60 km (5.2 s)
[10:32:30]     settle 25: 139 @   4235 d -> ok lam tank 960.7 (+-7.1) miss 7 km (3.8 s)
[10:32:31]     settle 26:  20 @   3993 d -> ok lintwin tank 1180.4 (+156.6) miss 28 km (8.0 s)
[10:32:35]     settle 25:  78 @   4189 d -> ok lintwin tank 987.7 (+13.8) miss 1 km (5.8 s)
[10:32:36]     settle 24: 104 @   4141 d -> ok lam tank 965.6 (+14.2) miss 51 km (3.7 s)
[10:32:38]     settle 25: 168 @   4263 d -> ok lam tank 990.5 (+24.9) miss 33 km (2.2 s)
[10:32:40]     settle 25: 237 @   4181 d -> ok lintwin tank 992.1 (+16.2) miss 68 km (4.2 s)
[10:32:41]     settle 27:  12 @   4155 d -> FAIL [('lam', 81136798.6)] (10.0 s)
[10:32:47]     settle 25: 196 @   3939 d -> ok lintwin tank 988.4 (+53.5) miss 67 km (4.5 s)
[10:32:49]     settle 24: 278 @   4129 d -> ok lam tank 990.5 (+14.3) miss 70 km (7.8 s)
[10:32:52]     settle 26:  12 @   4149 d -> ok lintwin tank 992.6 (+4.2) miss 75 km (4.8 s)
[10:32:57]     settle 25:   6 @   4255 d -> ok lam tank 1012.3 (+21.8) miss 54 km (7.2 s)
[10:32:57]   1 candidates dropped (settle failure / regrid failure / duplicate after truncation)
[10:32:57] RESULT s07_c2: 15 columns; frontier 1fb -3 kg p2/3 | 2fb 16 kg p0/2 | 3fb 20 kg p2/2; settles 19 (18 ok), regrids 15 (15 ok); wall 175 s of 300 (plan 62, price 1, settle 113; budget hit None, 0 unsettled)
[10:32:58]   job s07_c2 craft columns  15  levels 9  settles 18/19  end plan_done  wall 175.3 s
[10:33:01]     settle 27:  35 @   4292 d -> ok lam tank 1002.5 (+10.0) miss 5 km (8.3 s)
[10:33:05]     settle  7: 196 @   3960 d -> FAIL [('lin', 67488.5), ('lam', 9675834.6)] (39.6 s)
[10:33:06]     settle 27:  47 @   4255 d -> ok lam tank 1210.7 (+48.0) miss 4 km (4.6 s)
[10:33:11] RESULT s07_c1: 16 columns; frontier 1fb 8 kg p1/4 | 2fb 32 kg p0/4 | 3fb 68 kg p1/4; settles 20 (19 ok), regrids 16 (16 ok); wall 189 s of 300 (plan 69, price 1, settle 120; budget hit None, 0 unsettled)
[10:33:11]     settle 25: 111 @   4154 d -> FAIL [('lam', 10593739.2)] (30.0 s)
[10:33:12]   job s07_c1 craft columns  16  levels 10  settles 19/20  end plan_done  wall 189.0 s
[10:33:16]     settle 26: 256 @   4316 d -> ok lintwin tank 999.2 (+7.1) miss 61 km (4.1 s)
[10:33:20]     settle  7:  79 @   3947 d -> FAIL [('lam', 5271368.6)] (15.2 s)
[10:33:21]     settle 25:  12 @   4102 d -> ok lintwin tank 995.0 (+23.0) miss 79 km (4.8 s)
[10:33:26]     settle 26:  19 @   4315 d -> ok lintwin tank 1010.9 (+16.0) miss 68 km (5.2 s)
[10:33:28]   1 candidates dropped (settle failure / regrid failure / duplicate after truncation)
[10:33:28] RESULT s07_c0: 15 columns; frontier 1fb 2 kg p2/2 | 2fb 5 kg p2/2 | 3fb 38 kg p2/2; settles 19 (17 ok), regrids 15 (15 ok); wall 206 s of 300 (plan 69, price 1, settle 137; budget hit None, 0 unsettled)
[10:33:28]   job s07_c0 craft columns  15  levels 9  settles 17/19  end plan_done  wall 205.7 s
[10:33:42]     settle  7:  59 @   3947 d -> FAIL [('lam', 7178789.6)] (21.9 s)
[10:34:04]     settle  7: 180 @   3926 d -> FAIL [('lam', 346157.0)] (21.5 s)
[10:34:21]     settle  7: 233 @   3853 d -> FAIL [('lam', 1756320.6)] (17.0 s)
[10:34:26]     settle  7: 191 @   4040 d -> FAIL [('lam', 9745096.2)] (5.1 s)
[10:34:47]     settle  7: 214 @   3835 d -> FAIL [('lam', 4814273.7)] (21.1 s)
[10:34:47]   16 candidates dropped (settle failure / regrid failure / duplicate after truncation)
[10:34:47] RESULT s07_c3: 0 columns; frontier ; settles 20 (1 ok), regrids 1 (0 ok); wall 285 s of 300 (plan 51, price 1, settle 233; budget hit None, 0 unsettled)
[10:34:49]   job s07_c3 craft columns   0  levels 7  settles 1/20  end plan_done  wall 284.8 s
[10:34:49] [slice 7] propose: 110 columns (0 bad dropped) in 286.5 s
[10:34:49] [slice 7] auction: 110 columns, kept 105, dropped {'fuel': 4, 'ramp': 1}; lam 1.00 H_eff 540 d fuel budget 482 kg quota OFF stagger 60.0 d
[10:34:49] [slice 7] auction: status optimal objective 37.347 vars 105 rows 49 chosen 7 fuel 208/482 kg (0.011 s)
[10:34:51] [slice 7 T=3780 d] launched 8/8  covered 161  remaining 137  fuel 2053 kg  sumJi 9.7840  chosen: c0:3(+49) c1:1(+25) c2:3(+19) c4:4(+35) c5:2(+7) c6:3(+38) c7:4(+34)  rejected: -  (wall 289 s)
[10:34:51] [slice 8 T=4320 d] propose: 8 jobs (8 craft, 0 root) on 9 workers, proposer planbeam, H_eff 540 d, lam 1.0
[10:34:51] job s08_c3 (craft, craft 3, planbeam): T 4320 d H 540 L 360; plan horizon 5477 d; remaining 137; prize >1 on 132; width 150 npt 6 mc 150 dv 1.2 drmax 0.15 plan_wall 240 s; quota None
[10:34:51] job s08_c2 (craft, craft 2, planbeam): T 4320 d H 540 L 360; plan horizon 5477 d; remaining 137; prize >1 on 132; width 150 npt 6 mc 150 dv 1.2 drmax 0.15 plan_wall 240 s; quota None
[10:34:51] job s08_c0 (craft, craft 0, planbeam): T 4320 d H 540 L 360; plan horizon 5477 d; remaining 137; prize >1 on 132; width 150 npt 6 mc 150 dv 1.2 drmax 0.15 plan_wall 240 s; quota None
[10:34:51] job s08_c1 (craft, craft 1, planbeam): T 4320 d H 540 L 360; plan horizon 5477 d; remaining 137; prize >1 on 132; width 150 npt 6 mc 150 dv 1.2 drmax 0.15 plan_wall 240 s; quota None
[10:34:51] job s08_c4 (craft, craft 4, planbeam): T 4320 d H 540 L 360; plan horizon 5477 d; remaining 137; prize >1 on 132; width 150 npt 6 mc 150 dv 1.2 drmax 0.15 plan_wall 240 s; quota None
[10:34:51] job s08_c5 (craft, craft 5, planbeam): T 4320 d H 540 L 360; plan horizon 5477 d; remaining 137; prize >1 on 132; width 150 npt 6 mc 150 dv 1.2 drmax 0.15 plan_wall 240 s; quota None
[10:34:51] job s08_c6 (craft, craft 6, planbeam): T 4320 d H 540 L 360; plan horizon 5477 d; remaining 137; prize >1 on 132; width 150 npt 6 mc 150 dv 1.2 drmax 0.15 plan_wall 240 s; quota None
[10:34:51] job s08_c7 (craft, craft 7, planbeam): T 4320 d H 540 L 360; plan horizon 5477 d; remaining 137; prize >1 on 132; width 150 npt 6 mc 150 dv 1.2 drmax 0.15 plan_wall 240 s; quota None
[10:34:51] prefix slices/s08/in/craft_3.npz: 6 flybys, t_end 2376.9 d, tank 660.5 kg (planner view), miss 87.6 km, nreg 92
[10:34:51] budget: job_wall 300 s, 300 s left before the plan -> plan cap 210 s (plan_wall 240, settle_reserve 90)
[10:34:51] prefix slices/s08/in/craft_7.npz: 19 flybys, t_end 4285.7 d, tank 788.0 kg (planner view), miss 80.1 km, nreg 154
[10:34:51] budget: job_wall 300 s, 300 s left before the plan -> plan cap 210 s (plan_wall 240, settle_reserve 90)
[10:34:51] prefix slices/s08/in/craft_5.npz: 21 flybys, t_end 4160.0 d, tank 837.3 kg (planner view), miss 1.9 km, nreg 178
[10:34:51] budget: job_wall 300 s, 300 s left before the plan -> plan cap 210 s (plan_wall 240, settle_reserve 90)
[10:34:51] prefix slices/s08/in/craft_4.npz: 21 flybys, t_end 4236.4 d, tank 761.7 kg (planner view), miss 9.1 km, nreg 181
[10:34:51] budget: job_wall 300 s, 300 s left before the plan -> plan cap 210 s (plan_wall 240, settle_reserve 90)
[10:34:51] prefix slices/s08/in/craft_6.npz: 18 flybys, t_end 4251.3 d, tank 886.8 kg (planner view), miss 3.0 km, nreg 152
[10:34:51] budget: job_wall 300 s, 300 s left before the plan -> plan cap 210 s (plan_wall 240, settle_reserve 90)
[10:34:51] prefix slices/s08/in/craft_1.npz: 25 flybys, t_end 4275.0 d, tank 959.4 kg (planner view), miss 9.0 km, nreg 213
[10:34:51] budget: job_wall 300 s, 300 s left before the plan -> plan cap 210 s (plan_wall 240, settle_reserve 90)
[10:34:51] prefix slices/s08/in/craft_2.npz: 25 flybys, t_end 4235.4 d, tank 950.4 kg (planner view), miss 38.3 km, nreg 208
[10:34:51] budget: job_wall 300 s, 300 s left before the plan -> plan cap 210 s (plan_wall 240, settle_reserve 90)
[10:34:51] prefix slices/s08/in/craft_0.npz: 26 flybys, t_end 4316.4 d, tank 1008.8 kg (planner view), miss 6.2 km, nreg 215
[10:34:51] budget: job_wall 300 s, 300 s left before the plan -> plan cap 210 s (plan_wall 240, settle_reserve 90)
[10:35:10] first level (both): 0 production + 73 relaxed (dv 2.5, 0.3 AU; 0.1 s) + 40 lintwin children -> 69 unique (19.1 s)
[10:35:10] plan start: prefix 19 flybys, t_end 4285.7 d, planner mass 1221.3 kg (dv 10.596 km/s); 69 first-level states
[10:35:12] first level (both): 0 production + 30 relaxed (dv 2.5, 0.3 AU; 0.1 s) + 50 lintwin children -> 65 unique (21.3 s)
[10:35:12] plan start: prefix 18 flybys, t_end 4251.3 d, planner mass 1085.3 kg (dv 15.227 km/s); 65 first-level states
[10:35:15] first level (both): 0 production + 61 relaxed (dv 2.5, 0.3 AU; 0.1 s) + 58 lintwin children -> 98 unique (23.9 s)
[10:35:15] plan start: prefix 21 flybys, t_end 4160.0 d, planner mass 1149.4 kg (dv 12.974 km/s); 98 first-level states
[10:35:15] first level (both): 0 production + 47 relaxed (dv 2.5, 0.3 AU; 0.1 s) + 41 lintwin children -> 65 unique (24.7 s)
[10:35:15] plan start: prefix 21 flybys, t_end 4236.4 d, planner mass 1263.6 kg (dv 9.260 km/s); 65 first-level states
[10:35:16] first level (both): 0 production + 59 relaxed (dv 2.5, 0.3 AU; 0.1 s) + 0 lintwin children -> 37 unique (25.0 s)
[10:35:16] plan start: prefix 25 flybys, t_end 4235.4 d, planner mass 1012.6 kg (dv 17.944 km/s); 37 first-level states
[10:35:16] first level (both): 0 production + 0 relaxed (dv 2.5, 0.3 AU; 0.1 s) + 74 lintwin children -> 74 unique (25.4 s)
[10:35:16] plan start: prefix 6 flybys, t_end 2376.9 d, planner mass 1457.1 kg (dv 3.669 km/s); 74 first-level states
[10:35:19] first level (both): 0 production + 36 relaxed (dv 2.5, 0.3 AU; 0.1 s) + 48 lintwin children -> 68 unique (28.3 s)
[10:35:19] plan start: prefix 25 flybys, t_end 4275.0 d, planner mass 1003.2 kg (dv 18.313 km/s); 68 first-level states
[10:35:20] first level (both): 0 production + 93 relaxed (dv 2.5, 0.3 AU; 0.1 s) + 47 lintwin children -> 96 unique (28.9 s)
[10:35:20] plan start: prefix 26 flybys, t_end 4316.4 d, planner mass 954.0 kg (dv 20.283 km/s); 96 first-level states
[10:35:31] plan: 823 states, depth 8 new flybys, end plan_done (41 s); deepest 8 new to 5451 d at planner fuel 577 kg
[10:35:31]   depth  1:   69 states (58 in H), t_end 4350-4975 d, fuel 387-464 kg
[10:35:31]   depth  2:  150 states (54 in H), t_end 4509-5353 d, fuel 395-497 kg
[10:35:31]   depth  3:  150 states (6 in H), t_end 4752-5369 d, fuel 420-523 kg
[10:35:31]   depth  4:  150 states (0 in H), t_end 4861-5475 d, fuel 445-558 kg
[10:35:31]   depth  5:  150 states (0 in H), t_end 5027-5451 d, fuel 450-571 kg
[10:35:31]   depth  6:  138 states (0 in H), t_end 5220-5470 d, fuel 454-599 kg
[10:35:31]   depth  7:   15 states (0 in H), t_end 5353-5453 d, fuel 512-566 kg
[10:35:31]   depth  8:    1 states (0 in H), t_end 5451-5451 d, fuel 577-577 kg
[10:35:32] candidates: 61 distinct committed target sets (n_new 1-3, potential 0-3)
[10:35:32] frontier: 16 candidates chosen (n fb / committed planner kg / continuation (lookahead) [full]; pot_mode lookahead, pot_cap None): 1fb/392kg/p2(1)[2], 1fb/394kg/p4(2)[4], 1fb/395kg/p1(0)[1], 1fb/397kg/p2(2)[2], 1fb/402kg/p3(2)[3], 1fb/405kg/p4(2)[4], 1fb/407kg/p2(2)[2], 1fb/411kg/p4(3)[4], 1fb/421kg/p4(2)[4], 2fb/399kg/p3(2)[3], 2fb/411kg/p0(0)[0], 2fb/412kg/p1(1)[1], 2fb/470kg/p3(3)[3], 3fb/432kg/p2(2)[2], 3fb/455kg/p2(2)[2], 3fb/466kg/p2(2)[2]
[10:35:32] budget: 259 s of 300 left for the settles + regrids (settle_wall 480)
[10:35:33] plan: 615 states, depth 6 new flybys, end plan_done (42 s); deepest 6 new to 5407 d at planner fuel 670 kg
[10:35:33]   depth  1:   65 states (51 in H), t_end 4325-4948 d, fuel 519-595 kg
[10:35:33]   depth  2:  150 states (53 in H), t_end 4500-5443 d, fuel 539-624 kg
[10:35:33]   depth  3:  150 states (6 in H), t_end 4657-5475 d, fuel 552-645 kg
[10:35:33]   depth  4:  150 states (0 in H), t_end 4954-5439 d, fuel 599-671 kg
[10:35:33]   depth  5:   84 states (0 in H), t_end 5089-5477 d, fuel 620-689 kg
[10:35:33]   depth  6:   16 states (0 in H), t_end 5270-5476 d, fuel 670-700 kg
[10:35:33] candidates: 58 distinct committed target sets (n_new 1-3, potential 0-3)
[10:35:33] frontier: 16 candidates chosen (n fb / committed planner kg / continuation (lookahead) [full]; pot_mode lookahead, pot_cap None): 1fb/525kg/p2(1)[2], 1fb/526kg/p1(0)[1], 1fb/548kg/p3(1)[3], 1fb/550kg/p3(2)[3], 1fb/554kg/p3(3)[3], 1fb/555kg/p3(2)[3], 1fb/559kg/p3(2)[3], 1fb/573kg/p3(3)[3], 1fb/578kg/p3(2)[3], 1fb/592kg/p4(2)[4], 2fb/540kg/p1(1)[1], 2fb/543kg/p1(1)[1], 2fb/596kg/p3(2)[3], 3fb/610kg/p0(0)[0], 3fb/612kg/p1(1)[1], 3fb/614kg/p2(2)[2]
[10:35:33] budget: 258 s of 300 left for the settles + regrids (settle_wall 480)
[10:35:33]     settle 20:  57 @   4553 d -> ok lintwin tank 797.4 (+9.3) miss 43 km (1.8 s)
[10:35:36] plan: 701 states, depth 6 new flybys, end plan_done (45 s); deepest 6 new to 5355 d at planner fuel 288 kg
[10:35:36]   depth  1:   74 states (60 in H), t_end 4343-4970 d, fuel 143-243 kg
[10:35:36]   depth  2:  150 states (59 in H), t_end 4467-5372 d, fuel 154-285 kg
[10:35:36]   depth  3:  150 states (10 in H), t_end 4742-5468 d, fuel 177-330 kg
[10:35:36]   depth  4:  150 states (0 in H), t_end 4978-5458 d, fuel 211-370 kg
[10:35:36]   depth  5:  140 states (0 in H), t_end 5088-5476 d, fuel 223-377 kg
[10:35:36]   depth  6:   37 states (0 in H), t_end 5319-5475 d, fuel 288-365 kg
[10:35:36] candidates: 90 distinct committed target sets (n_new 1-3, potential 0-3)
[10:35:36] frontier: 16 candidates chosen (n fb / committed planner kg / continuation (lookahead) [full]; pot_mode lookahead, pot_cap None): 1fb/143kg/p4(3)[4], 1fb/143kg/p4(2)[4], 1fb/143kg/p2(2)[2], 1fb/143kg/p2(2)[2], 1fb/143kg/p2(1)[2], 1fb/151kg/p3(2)[3], 1fb/158kg/p3(2)[3], 1fb/175kg/p4(2)[4], 1fb/222kg/p3(1)[3], 2fb/154kg/p0(0)[0], 2fb/160kg/p0(0)[0], 2fb/171kg/p3(2)[3], 2fb/187kg/p3(3)[3], 3fb/211kg/p2(2)[2], 3fb/244kg/p1(1)[1], 3fb/246kg/p2(2)[2]
[10:35:36] budget: 255 s of 300 left for the settles + regrids (settle_wall 480)
[10:35:36]     settle 20:  90 @   4507 d -> ok lintwin tank 794.9 (+6.8) miss 46 km (1.1 s)
[10:35:37] plan: 727 states, depth 7 new flybys, end plan_done (46 s); deepest 7 new to 5461 d at planner fuel 555 kg
[10:35:37]   depth  1:   65 states (60 in H), t_end 4335-4924 d, fuel 350-427 kg
[10:35:37]   depth  2:  150 states (63 in H), t_end 4544-5326 d, fuel 358-456 kg
[10:35:37]   depth  3:  150 states (19 in H), t_end 4739-5446 d, fuel 382-474 kg
[10:35:37]   depth  4:  150 states (0 in H), t_end 4953-5476 d, fuel 439-505 kg
[10:35:37]   depth  5:  150 states (0 in H), t_end 5083-5467 d, fuel 452-538 kg
[10:35:37]   depth  6:   58 states (0 in H), t_end 5141-5472 d, fuel 457-565 kg
[10:35:37]   depth  7:    4 states (0 in H), t_end 5414-5466 d, fuel 555-562 kg
[10:35:37] candidates: 77 distinct committed target sets (n_new 1-3, potential 0-3)
[10:35:37] frontier: 16 candidates chosen (n fb / committed planner kg / continuation (lookahead) [full]; pot_mode lookahead, pot_cap None): 1fb/351kg/p1(1)[1], 1fb/352kg/p0(0)[0], 1fb/373kg/p3(2)[3], 1fb/377kg/p4(2)[4], 1fb/379kg/p3(1)[3], 1fb/396kg/p3(2)[3], 1fb/397kg/p5(3)[5], 1fb/399kg/p4(2)[4], 1fb/409kg/p3(1)[3], 2fb/381kg/p0(0)[0], 2fb/386kg/p0(0)[0], 2fb/433kg/p3(2)[3], 2fb/434kg/p4(3)[4], 3fb/423kg/p1(1)[1], 3fb/428kg/p1(1)[1], 3fb/472kg/p3(3)[3]
[10:35:37] budget: 254 s of 300 left for the settles + regrids (settle_wall 480)
[10:35:38]     settle 19:  54 @   4391 d -> ok lintwin tank 890.2 (+3.4) miss 7 km (4.7 s)
[10:35:39]     settle 20: 164 @   4620 d -> ok lintwin tank 797.6 (+9.5) miss 37 km (2.0 s)
[10:35:39] plan: 780 states, depth 8 new flybys, end plan_done (49 s); deepest 8 new to 5450 d at planner fuel 777 kg
[10:35:39]   depth  1:   37 states (37 in H), t_end 4398-4785 d, fuel 597-654 kg
[10:35:39]   depth  2:  146 states (49 in H), t_end 4537-5345 d, fuel 620-682 kg
[10:35:39]   depth  3:  150 states (8 in H), t_end 4658-5476 d, fuel 632-706 kg
[10:35:39]   depth  4:  150 states (2 in H), t_end 4782-5477 d, fuel 657-730 kg
[10:35:39]   depth  5:  150 states (0 in H), t_end 5037-5476 d, fuel 672-754 kg
[10:35:39]   depth  6:  106 states (0 in H), t_end 5118-5477 d, fuel 682-760 kg
[10:35:39]   depth  7:   33 states (0 in H), t_end 5231-5475 d, fuel 705-778 kg
[10:35:39]   depth  8:    8 states (0 in H), t_end 5436-5469 d, fuel 777-793 kg
[10:35:39] candidates: 52 distinct committed target sets (n_new 1-4, potential 0-3)
[10:35:39] frontier: 16 candidates chosen (n fb / committed planner kg / continuation (lookahead) [full]; pot_mode lookahead, pot_cap None): 1fb/597kg/p3(2)[3], 1fb/609kg/p2(1)[2], 1fb/618kg/p2(1)[2], 1fb/629kg/p2(1)[2], 1fb/631kg/p2(1)[2], 1fb/632kg/p2(1)[2], 1fb/644kg/p5(3)[5], 1fb/650kg/p4(3)[4], 2fb/620kg/p2(2)[2], 2fb/624kg/p0(0)[0], 2fb/630kg/p2(2)[2], 2fb/666kg/p4(3)[4], 3fb/657kg/p0(0)[0], 3fb/660kg/p1(1)[1], 3fb/675kg/p3(3)[3], 4fb/695kg/p0(0)[0]
[10:35:39] budget: 251 s of 300 left for the settles + regrids (settle_wall 480)
[10:35:40]     settle 20: 113 @   4801 d -> ok lintwin tank 801.8 (+13.7) miss 65 km (1.0 s)
[10:35:42]     settle 26:  90 @   4501 d -> ok lin tank 955.3 (+4.9) miss 57 km (2.0 s)
[10:35:43]     settle 22: 203 @   4721 d -> ok lintwin tank 787.6 (+25.9) miss 13 km (5.7 s)
[10:35:43] plan: 929 states, depth 8 new flybys, end plan_done (52 s); deepest 8 new to 5426 d at planner fuel 645 kg
[10:35:43]   depth  1:   98 states (87 in H), t_end 4335-4947 d, fuel 462-531 kg
[10:35:43]   depth  2:  150 states (88 in H), t_end 4420-5423 d, fuel 480-565 kg
[10:35:43]   depth  3:  150 states (42 in H), t_end 4555-5445 d, fuel 505-595 kg
[10:35:43]   depth  4:  150 states (6 in H), t_end 4682-5472 d, fuel 523-619 kg
[10:35:43]   depth  5:  150 states (0 in H), t_end 4984-5475 d, fuel 556-647 kg
[10:35:43]   depth  6:  150 states (0 in H), t_end 5103-5476 d, fuel 584-664 kg
[10:35:43]   depth  7:   69 states (0 in H), t_end 5262-5476 d, fuel 600-669 kg
[10:35:43]   depth  8:   12 states (0 in H), t_end 5371-5445 d, fuel 645-694 kg
[10:35:43] candidates: 122 distinct committed target sets (n_new 1-4, potential 0-3)
[10:35:43] frontier: 16 candidates chosen (n fb / committed planner kg / continuation (lookahead) [full]; pot_mode lookahead, pot_cap None): 1fb/463kg/p1(0)[1], 1fb/464kg/p2(1)[2], 1fb/490kg/p4(3)[4], 1fb/492kg/p4(2)[4], 1fb/492kg/p5(2)[5], 1fb/511kg/p4(2)[4], 1fb/511kg/p5(2)[5], 2fb/485kg/p0(0)[0], 2fb/494kg/p0(0)[0], 2fb/514kg/p4(2)[4], 3fb/521kg/p0(0)[0], 3fb/522kg/p0(0)[0], 3fb/543kg/p3(2)[3], 4fb/565kg/p2(2)[2], 4fb/576kg/p2(2)[2], 4fb/577kg/p0(0)[0]
[10:35:43] budget: 248 s of 300 left for the settles + regrids (settle_wall 480)
[10:35:43]     settle 20: 284 @   4522 d -> ok lintwin tank 802.4 (+14.3) miss 77 km (2.3 s)
[10:35:45]     settle 20: 186 @   4505 d -> ok lintwin tank 792.4 (+4.4) miss 56 km (0.7 s)
[10:35:45] plan: 790 states, depth 7 new flybys, end plan_done (54 s); deepest 7 new to 5472 d at planner fuel 756 kg
[10:35:45]   depth  1:   96 states (82 in H), t_end 4350-5014 d, fuel 653-716 kg
[10:35:45]   depth  2:  150 states (90 in H), t_end 4449-5296 d, fuel 667-736 kg
[10:35:45]   depth  3:  150 states (38 in H), t_end 4588-5446 d, fuel 683-757 kg
[10:35:45]   depth  4:  150 states (4 in H), t_end 4849-5469 d, fuel 702-777 kg
[10:35:45]   depth  5:  150 states (0 in H), t_end 4988-5465 d, fuel 716-795 kg
[10:35:45]   depth  6:   81 states (0 in H), t_end 5213-5475 d, fuel 742-816 kg
[10:35:45]   depth  7:   13 states (0 in H), t_end 5345-5472 d, fuel 756-790 kg
[10:35:45] candidates: 122 distinct committed target sets (n_new 1-4, potential 0-2)
[10:35:45] frontier: 16 candidates chosen (n fb / committed planner kg / continuation (lookahead) [full]; pot_mode lookahead, pot_cap None): 1fb/653kg/p0(0)[0], 1fb/657kg/p2(0)[2], 1fb/661kg/p3(1)[3], 1fb/671kg/p5(2)[5], 1fb/677kg/p4(2)[4], 1fb/678kg/p3(2)[3], 1fb/685kg/p3(1)[3], 1fb/693kg/p4(2)[4], 2fb/667kg/p2(2)[2], 2fb/668kg/p0(0)[0], 2fb/678kg/p4(2)[4], 3fb/685kg/p0(0)[0], 3fb/690kg/p0(0)[0], 3fb/706kg/p3(2)[3], 4fb/712kg/p2(2)[2], 4fb/725kg/p1(1)[1]
[10:35:45] budget: 246 s of 300 left for the settles + regrids (settle_wall 480)
[10:35:45]     settle 26:  72 @   4595 d -> ok lin tank 965.3 (+14.9) miss 63 km (2.5 s)
[10:35:45] plan: 910 states, depth 8 new flybys, end plan_done (55 s); deepest 8 new to 5318 d at planner fuel 766 kg
[10:35:45]   depth  1:   68 states (54 in H), t_end 4344-4982 d, fuel 610-668 kg
[10:35:45]   depth  2:  150 states (34 in H), t_end 4528-5439 d, fuel 623-691 kg
[10:35:45]   depth  3:  150 states (11 in H), t_end 4661-5462 d, fuel 634-715 kg
[10:35:45]   depth  4:  150 states (1 in H), t_end 4779-5459 d, fuel 656-733 kg
[10:35:45]   depth  5:  150 states (0 in H), t_end 4899-5462 d, fuel 685-760 kg
[10:35:45]   depth  6:  150 states (0 in H), t_end 5036-5465 d, fuel 701-786 kg
[10:35:45]   depth  7:   76 states (0 in H), t_end 5176-5460 d, fuel 729-808 kg
[10:35:45]   depth  8:   16 states (0 in H), t_end 5303-5454 d, fuel 766-814 kg
[10:35:45] candidates: 58 distinct committed target sets (n_new 1-4, potential 0-4)
[10:35:45] frontier: 16 candidates chosen (n fb / committed planner kg / continuation (lookahead) [full]; pot_mode lookahead, pot_cap None): 1fb/612kg/p3(1)[3], 1fb/613kg/p3(2)[3], 1fb/625kg/p3(2)[3], 1fb/633kg/p3(2)[3], 1fb/645kg/p3(2)[3], 1fb/646kg/p3(2)[3], 1fb/647kg/p4(3)[4], 1fb/656kg/p6(3)[6], 2fb/627kg/p2(1)[2], 2fb/638kg/p0(0)[0], 2fb/670kg/p5(3)[5], 3fb/647kg/p1(1)[1], 3fb/674kg/p1(1)[1], 3fb/692kg/p4(3)[4], 3fb/704kg/p4(4)[4], 4fb/713kg/p3(3)[3]
[10:35:45] budget: 245 s of 300 left for the settles + regrids (settle_wall 480)
[10:35:47]     settle 22: 296 @   4686 d -> ok lintwin tank 787.4 (+25.7) miss 61 km (3.5 s)
[10:35:48]     settle 22: 183 @   4533 d -> ok lintwin tank 843.3 (+6.0) miss 76 km (5.6 s)
[10:35:48]     settle 20: 289 @   4763 d -> ok lintwin tank 801.6 (+13.5) miss 78 km (3.3 s)
[10:35:48]     settle 22: 266 @   4538 d -> ok lintwin tank 783.3 (+21.6) miss 30 km (0.9 s)
[10:35:50]     settle 20:  72 @   4595 d -> ok lintwin tank 809.8 (+21.8) miss 59 km (0.8 s)
[10:35:50]     settle 26: 221 @   4407 d -> ok lintwin tank 964.8 (+5.4) miss 59 km (4.3 s)
[10:35:50]     settle 22:  96 @   4410 d -> ok lintwin tank 780.0 (+18.3) miss 23 km (0.9 s)
[10:35:50]     settle 26: 172 @   4491 d -> ok lam tank 971.0 (+20.6) miss 14 km (3.9 s)
[10:35:51]     settle 20:  85 @   4350 d -> ok lintwin tank 815.5 (+27.4) miss 72 km (1.1 s)
[10:35:52]     settle 27: 293 @   4696 d -> ok lintwin tank 1011.5 (+2.7) miss 90 km (6.8 s)
[10:35:52]     settle 21: 164 @   4621 d -> ok lintwin tank 803.4 (+8.5) miss 17 km (0.4 s)
[10:35:52]     settle 22: 165 @   4341 d -> ok lintwin tank 844.8 (+7.5) miss 61 km (3.7 s)
[10:35:53]     settle 20: 186 @   4505 d -> ok lintwin tank 792.4 (+4.4) miss 55 km (0.7 s)
[10:35:54]     settle 21: 113 @   4799 d -> ok lintwin tank 801.7 (+9.3) miss 7 km (0.7 s)
[10:35:55]     settle 22:  82 @   4394 d -> ok lintwin tank 818.5 (+56.8) miss 73 km (4.0 s)
[10:35:55]     settle 26: 164 @   4538 d -> ok lintwin tank 963.8 (+4.4) miss 76 km (4.4 s)
[10:35:55]     settle 21: 231 @   4750 d -> ok lintwin tank 804.6 (+9.8) miss 28 km (0.7 s)
[10:35:55]     settle 26:  57 @   4555 d -> ok lin tank 952.0 (+1.6) miss 26 km (4.2 s)
[10:35:56]     settle 20:  90 @   4511 d -> ok lintwin tank 794.9 (+6.8) miss 52 km (0.7 s)
[10:35:58]     settle 22: 231 @   4611 d -> ok lam tank 795.8 (+34.1) miss 29 km (2.8 s)
[10:35:59]     settle 21: 284 @   4649 d -> ok lintwin tank 810.1 (+15.3) miss 68 km (2.8 s)
[10:35:59]     settle 22:   4 @   4496 d -> ok lintwin tank 861.8 (+24.5) miss 69 km (6.2 s)
[10:36:00]     settle 27:  10 @   4427 d -> ok lintwin tank 1026.9 (+18.1) miss 2 km (7.0 s)
[10:36:00]     settle 22: 113 @   4801 d -> ok lintwin tank 819.9 (+16.5) miss 54 km (0.6 s)
[10:36:00]     settle 26: 289 @   4665 d -> ok lintwin tank 962.0 (+2.7) miss 70 km (5.0 s)
[10:36:01]     settle 21: 284 @   4644 d -> ok lintwin tank 801.7 (+9.2) miss 76 km (0.6 s)
[10:36:02]     settle 22: 289 @   4759 d -> ok lintwin tank 815.1 (+13.4) miss 14 km (1.0 s)
[10:36:03]     settle 26:  33 @   4555 d -> ok lam tank 978.8 (+28.4) miss 31 km (7.2 s)
[10:36:03]     settle 21:  90 @   4512 d -> ok lintwin tank 828.9 (+13.4) miss 85 km (0.7 s)
[10:36:04]     settle 22:  75 @   4416 d -> ok lintwin tank 806.9 (+45.2) miss 21 km (3.0 s)
[10:36:04]     settle 22: 268 @   4371 d -> ok lintwin tank 877.3 (+40.0) miss 71 km (4.3 s)
[10:36:05]     settle 22: 113 @   4800 d -> ok lintwin tank 841.8 (+12.9) miss 77 km (1.7 s)
[10:36:05] RESULT s08_c7: 16 columns; frontier 1fb 4 kg p2/3 | 2fb 14 kg p0/3 | 3fb 27 kg p2/2; settles 20 (20 ok), regrids 16 (16 ok); wall 75 s of 300 (plan 41, price 1, settle 34; budget hit None, 0 unsettled)
[10:36:06]     settle 26: 142 @   4525 d -> ok lintwin tank 970.4 (+11.0) miss 87 km (4.9 s)
[10:36:07]   job s08_c7 craft columns  16  levels 8  settles 20/20  end plan_done  wall 74.8 s
[10:36:08]     settle 22:  84 @   4335 d -> ok lintwin tank 829.7 (+68.1) miss 69 km (2.7 s)
[10:36:09]     settle 19: 146 @   4335 d -> FAIL [('lam', 5106194.8)] (29.7 s)
[10:36:09]     settle 22: 252 @   4400 d -> ok lintwin tank 855.5 (+18.2) miss 65 km (4.1 s)
[10:36:10]     settle 22: 288 @   4572 d -> ok lintwin tank 776.2 (+14.6) miss 51 km (1.3 s)
[10:36:10]     settle 26: 283 @   4561 d -> ok lam tank 993.3 (+42.9) miss 4 km (4.2 s)
[10:36:11]     settle 27:  16 @   4481 d -> ok lintwin tank 1010.5 (+1.7) miss 76 km (7.7 s)
[10:36:11]     settle 22: 149 @   4351 d -> ok lintwin tank 784.3 (+22.6) miss 61 km (1.1 s)
[10:36:12]     settle 26:  76 @   4545 d -> ok lintwin tank 985.7 (+26.3) miss 61 km (5.1 s)
[10:36:13]     settle 23: 288 @   4571 d -> ok lintwin tank 811.6 (+27.3) miss 63 km (1.7 s)
[10:36:14]     settle 19: 283 @   4543 d -> ok lintwin tank 923.5 (+36.7) miss 37 km (5.7 s)
[10:36:15]     settle 22:  96 @   4409 d -> ok lintwin tank 780.0 (+18.3) miss 20 km (0.9 s)
[10:36:15]     settle 26: 134 @   4398 d -> ok lin tank 992.3 (+41.9) miss 14 km (4.0 s)
[10:36:16]     settle 26:  65 @   4560 d -> ok lintwin tank 966.0 (+6.6) miss 46 km (3.2 s)
[10:36:16]     settle 23:  60 @   4792 d -> ok lintwin tank 783.1 (+3.1) miss 55 km (1.0 s)
[10:36:16]     settle 22:  82 @   4425 d -> ok lintwin tank 876.3 (+39.0) miss 75 km (6.5 s)
[10:36:18]     settle 19:  90 @   4496 d -> ok lintwin tank 927.6 (+40.8) miss 71 km (2.7 s)
[10:36:20]     settle 27: 189 @   4386 d -> ok lintwin tank 1011.1 (+2.3) miss 94 km (7.7 s)
[10:36:20]     settle 26: 284 @   4545 d -> ok lam tank 989.5 (+39.1) miss 74 km (3.9 s)
[10:36:20]     settle 23: 289 @   4731 d -> ok lintwin tank 813.5 (+6.7) miss 29 km (3.7 s)
[10:36:22]     settle 26: 291 @   4518 d -> ok lintwin tank 993.4 (+34.0) miss 63 km (5.3 s)
[10:36:22]     settle 23:  76 @   4626 d -> ok lintwin tank 814.9 (+8.1) miss 31 km (1.3 s)
[10:36:22]     settle 22: 242 @   4370 d -> ok lintwin tank 862.1 (+24.8) miss 73 km (5.6 s)
[10:36:24]     settle 22:  96 @   4416 d -> ok lintwin tank 780.0 (+18.4) miss 28 km (1.0 s)
[10:36:24]     settle 19:  33 @   4726 d -> ok lintwin tank 966.7 (+79.9) miss 12 km (5.7 s)
[10:36:24]     settle 27: 113 @   4790 d -> ok lam tank 971.4 (+16.0) miss 29 km (3.5 s)
[10:36:26]     settle  7:  75 @   4466 d -> FAIL [('lin', 699142.6), ('lam', 29938144.9)] (50.3 s)
[10:36:26]     settle 26: 261 @   4344 d -> ok lintwin tank 1007.7 (+48.3) miss 61 km (4.0 s)
[10:36:27]     settle 27: 232 @   4448 d -> ok lintwin tank 1026.2 (+17.4) miss 95 km (6.6 s)
[10:36:27]     settle 23:  98 @   4684 d -> ok lintwin tank 788.8 (+8.8) miss 51 km (3.2 s)
[10:36:27]     settle 27:  65 @   4644 d -> ok lam tank 990.9 (+19.9) miss 38 km (1.8 s)
[10:36:27]     settle 23: 233 @   4833 d -> ok lintwin tank 856.4 (+13.1) miss 58 km (4.5 s)
[10:36:28]     settle 24: 165 @   4847 d -> ok lintwin tank 789.9 (+1.1) miss 17 km (0.6 s)
[10:36:28]     settle 19: 172 @   4333 d -> ok lintwin tank 920.0 (+33.2) miss 65 km (3.0 s)
[10:36:29]     settle 23:  72 @   4669 d -> ok lintwin tank 792.6 (+16.4) miss 20 km (1.1 s)
[10:36:33]     settle 27:  72 @   4685 d -> ok lintwin tank 1018.1 (+9.4) miss 66 km (5.0 s)
[10:36:33]     settle 19:  65 @   4546 d -> ok lintwin tank 918.6 (+31.8) miss 81 km (4.9 s)
[10:36:33]     settle 27: 289 @   4657 d -> ok lintwin tank 974.6 (+9.7) miss 62 km (6.1 s)
[10:36:33]     settle 22: 102 @   4708 d -> ok lintwin tank 868.9 (+31.6) miss 70 km (5.3 s)
[10:36:34]     settle 27: 284 @   4638 d -> ok lin tank 973.7 (+18.4) miss 46 km (5.7 s)
[10:36:35]     settle 24: 203 @   4791 d -> ok lintwin tank 812.6 (+20.0) miss 78 km (5.6 s)
[10:36:36]     settle 27: 284 @   4543 d -> ok lam tank 999.6 (+7.2) miss 14 km (1.0 s)
[10:36:37]     settle 23:  79 @   4798 d -> ok lintwin tank 876.1 (+7.2) miss 69 km (3.6 s)
[10:36:37]     settle 24: 231 @   4751 d -> ok lintwin tank 849.2 (+34.3) miss 82 km (1.5 s)
[10:36:38]     settle 19: 284 @   4520 d -> ok lintwin tank 943.4 (+56.6) miss 74 km (4.9 s)
[10:36:39]     settle 27: 194 @   4807 d -> ok lintwin tank 985.8 (+21.0) miss 60 km (4.3 s)
[10:36:39] RESULT s08_c4: 16 columns; frontier 1fb 14 kg p1/3 | 2fb 21 kg p0/3 | 3fb 28 kg p1/3; settles 21 (21 ok), regrids 16 (16 ok); wall 109 s of 300 (plan 46, price 2, settle 63; budget hit None, 0 unsettled)
[10:36:40]     settle 27:  66 @   4580 d -> ok lintwin tank 1046.3 (+37.5) miss 3 km (6.3 s)
[10:36:41]     settle 23: 291 @   4509 d -> ok lintwin tank 863.7 (+8.2) miss 68 km (3.1 s)
[10:36:41]   job s08_c4 craft columns  16  levels 7  settles 21/21  end plan_done  wall 108.6 s
[10:36:43]     settle 19: 286 @   4596 d -> ok lam tank 938.3 (+51.5) miss 1 km (4.1 s)
[10:36:44]     settle 27:  82 @   4434 d -> ok lintwin tank 1056.7 (+47.9) miss 70 km (4.1 s)
[10:36:45]     settle 23:   8 @   4730 d -> ok lintwin tank 878.4 (+16.7) miss 44 km (3.4 s)
[10:36:46]     settle 27:  72 @   4600 d -> ok lam tank 985.0 (+29.7) miss 58 km (9.4 s)
[10:36:47]     settle 24: 195 @   4860 d -> ok lintwin tank 896.2 (+17.8) miss 29 km (1.7 s)
[10:36:47]   drift: leg 195@4860 d settled outside (T, T+H] -> column cut at 2
[10:36:47]     settle 27: 284 @   4557 d -> ok lintwin tank 1013.5 (+5.7) miss 75 km (6.8 s)
[10:36:50]     settle 28:  60 @   4783 d -> ok lin tank 1006.8 (+21.8) miss 27 km (3.5 s)
[10:36:51]     settle 28: 195 @   4851 d -> ok lintwin tank 1015.8 (+5.3) miss 66 km (5.9 s)
[10:36:51]     settle  7: 288 @   4389 d -> FAIL [('lam', 3995089.8)] (24.9 s)
[10:36:52]     settle 19:   1 @   4325 d -> FAIL [('lam', 19890831.4)] (8.2 s)
[10:36:52]     settle 23: 210 @   4577 d -> ok lam tank 945.4 (+68.0) miss 26 km (4.9 s)
[10:36:53]     settle 28: 269 @   4765 d -> ok lintwin tank 990.8 (+16.3) miss 69 km (4.6 s)
[10:36:57]     settle 20:  65 @   4656 d -> ok lintwin tank 897.1 (+6.8) miss 5 km (4.6 s)
[10:36:59]     settle 24: 207 @   4859 d -> ok lintwin tank 991.3 (+45.9) miss 64 km (6.9 s)
[10:36:59]   drift: leg 207@4859 d settled outside (T, T+H] -> column cut at 2
[10:36:59]     settle 27:  27 @   4486 d -> ok lintwin tank 1015.4 (+6.6) miss 90 km (7.0 s)
[10:37:01]     settle 28: 165 @   4828 d -> ok lam tank 1015.5 (+30.5) miss 6 km (10.3 s)
[10:37:02]     settle 27: 164 @   4541 d -> ok lintwin tank 971.0 (+6.2) miss 74 km (7.8 s)
[10:37:03]     settle 28: 171 @   4808 d -> ok lintwin tank 1027.0 (+11.7) miss 66 km (3.9 s)
[10:37:03]     settle 28: 289 @   4663 d -> ok lam tank 1012.3 (+12.7) miss 14 km (1.0 s)
[10:37:04]     settle 19: 288 @   4596 d -> ok lintwin tank 931.4 (+44.6) miss 0 km (6.5 s)
[10:37:05]     settle 24: 191 @   4564 d -> ok lintwin tank 873.9 (+10.2) miss 47 km (5.2 s)
[10:37:06]     settle 28: 289 @   4661 d -> ok lintwin tank 973.9 (+3.0) miss 64 km (4.3 s)
[10:37:09]     settle 28:  16 @   4481 d -> ok lintwin tank 1013.3 (+2.2) miss 99 km (5.0 s)
[10:37:10]     settle 20: 104 @   4779 d -> ok lintwin tank 979.4 (+48.0) miss 73 km (5.9 s)
[10:37:11]     settle 23:  16 @   4470 d -> ok lintwin tank 875.7 (+13.6) miss 63 km (5.5 s)
[10:37:12]     settle 28: 289 @   4672 d -> ok lintwin tank 1023.2 (+9.7) miss 65 km (5.3 s)
[10:37:15]     settle 29: 293 @   4786 d -> ok lam tank 1032.1 (+19.8) miss 10 km (9.0 s)
[10:37:15]     settle 20:  72 @   4611 d -> ok lintwin tank 1024.8 (+101.4) miss 5 km (5.2 s)
[10:37:16]     settle 28:  72 @   4684 d -> ok lintwin tank 1020.5 (+9.4) miss 76 km (5.9 s)
[10:37:17] RESULT s08_c2: 16 columns; frontier 1fb 1 kg p1/3 | 2fb 21 kg p2/3 | 3fb 56 kg p3/3 | 4fb 80 kg p0/0; settles 17 (17 ok), regrids 16 (16 ok); wall 146 s of 300 (plan 49, price 1, settle 98; budget hit None, 0 unsettled)
[10:37:17]     settle 24:   8 @   4733 d -> ok lintwin tank 886.8 (+11.1) miss 68 km (6.3 s)
[10:37:18]     settle  7:  96 @   4455 d -> FAIL [('lam', 3744742.9)] (27.0 s)
[10:37:19]   job s08_c2 craft columns  16  levels 8  settles 17/17  end plan_done  wall 146.4 s
[10:37:19]     settle 27: 284 @   4554 d -> ok lintwin tank 1016.0 (+8.3) miss 69 km (6.6 s)
[10:37:20]     settle 25:  54 @   4812 d -> ok lam tank 910.2 (+23.5) miss 61 km (3.0 s)
[10:37:23]     settle 21: 289 @   4779 d -> ok lintwin tank 1037.8 (+13.0) miss 87 km (7.0 s)
[10:37:24]     settle 29: 195 @   4848 d -> ok lintwin tank 1027.0 (+6.4) miss 63 km (7.4 s)
[10:37:26]     settle 25: 194 @   4810 d -> ok lintwin tank 887.8 (+13.9) miss 69 km (5.1 s)
[10:37:27]     settle 28: 113 @   4779 d -> ok lintwin tank 1059.6 (+43.7) miss 44 km (7.6 s)
[10:37:31]     settle 25: 235 @   4682 d -> ok lintwin tank 879.2 (+5.3) miss 63 km (4.1 s)
[10:37:32]     settle 29: 195 @   4851 d -> ok lintwin tank 1018.1 (+4.8) miss 1 km (6.7 s)
[10:37:32]     settle 21:  65 @   4657 d -> FAIL [('lam', 8017343.2)] (8.7 s)
[10:37:32] RESULT s08_c5: 16 columns; frontier 1fb 6 kg p0/3 | 2fb 19 kg p0/2 | 3fb 36 kg p2/2 | 4fb 42 kg p0/2; settles 21 (21 ok), regrids 16 (16 ok); wall 161 s of 300 (plan 52, price 1, settle 109; budget hit None, 0 unsettled)
[10:37:33]   job s08_c5 craft columns  16  levels 8  settles 21/21  end plan_done  wall 161.1 s
[10:37:33]   4 candidates dropped (settle failure / regrid failure / duplicate after truncation)
[10:37:33] RESULT s08_c6: 12 columns; frontier 1fb 3 kg p1/3 | 2fb 10 kg p1/1 | 3fb 151 kg p0/0; settles 17 (13 ok), regrids 12 (12 ok); wall 163 s of 300 (plan 42, price 1, settle 120; budget hit None, 0 unsettled)
[10:37:35]   job s08_c6 craft columns  12  levels 6  settles 13/17  end plan_done  wall 162.5 s
[10:37:36]     settle 29: 113 @   4779 d -> ok lintwin tank 1079.4 (+56.3) miss 2 km (8.6 s)
[10:37:36]     settle  7:  72 @   4546 d -> FAIL [('lam', 8957067.5)] (18.2 s)
[10:37:37]     settle 29:  72 @   4685 d -> ok lintwin tank 1027.7 (+14.4) miss 74 km (3.8 s)
[10:37:37] RESULT s08_c1: 16 columns; frontier 1fb 2 kg p2/3 | 2fb 15 kg p1/3 | 3fb 14 kg p1/4 | 4fb 119 kg p3/3; settles 18 (18 ok), regrids 16 (16 ok); wall 167 s of 300 (plan 55, price 1, settle 112; budget hit None, 0 unsettled)
[10:37:39]   job s08_c1 craft columns  16  levels 8  settles 18/18  end plan_done  wall 166.6 s
[10:37:41]     settle 30: 195 @   4849 d -> ok lintwin tank 1032.3 (+4.6) miss 62 km (4.1 s)
[10:37:49]     settle 30: 255 @   4855 d -> ok lintwin tank 1051.6 (+23.9) miss 80 km (7.0 s)
[10:37:49]   drift: leg 255@4855 d settled outside (T, T+H] -> column cut at 3
[10:37:49]   1 candidates dropped (settle failure / regrid failure / duplicate after truncation)
[10:37:49] RESULT s08_c0: 15 columns; frontier 1fb 2 kg p1/2 | 2fb 3 kg p2/2 | 3fb 9 kg p0/2 | 4fb 23 kg p2/2; settles 18 (18 ok), regrids 15 (15 ok); wall 178 s of 300 (plan 54, price 1, settle 124; budget hit None, 0 unsettled)
[10:37:51]   job s08_c0 craft columns  15  levels 7  settles 18/18  end plan_done  wall 178.5 s
[10:38:01]     settle  7:  71 @   4380 d -> FAIL [('lam', 2958551.1)] (24.5 s)
[10:38:18]     settle  7:  79 @   4450 d -> FAIL [('lam', 3621705.4)] (17.2 s)
[10:38:43]     settle  7: 106 @   4345 d -> FAIL [('lam', 38407242.7)] (24.6 s)
[10:39:00]     settle  7:  82 @   4432 d -> FAIL [('lam', 10152250.3)] (16.8 s)
[10:39:24]     settle  7:  10 @   4448 d -> FAIL [('lam', 1212597.8)] (24.1 s)
[10:39:33]     settle  7:  95 @   4625 d -> FAIL [('lam', 2296323.2)] (8.6 s)
[10:39:33]   16 candidates dropped (settle failure / regrid failure / duplicate after truncation)
[10:39:33] RESULT s08_c3: 0 columns; frontier ; settles 19 (0 ok), regrids 0 (0 ok); wall 282 s of 300 (plan 45, price 1, settle 237; budget hit None, 0 unsettled)
[10:39:33]   job s08_c3 craft columns   0  levels 6  settles 0/19  end plan_done  wall 282.1 s
[10:39:33] [slice 8] propose: 107 columns (0 bad dropped) in 282.6 s
[10:39:33] [slice 8] auction: 107 columns, kept 106, dropped {'fuel': 1}; lam 1.00 H_eff 540 d fuel budget 482 kg quota OFF stagger 60.0 d
[10:39:33] [slice 8] auction: status optimal objective 43.544 vars 106 rows 47 chosen 7 fuel 281/482 kg (0.012 s)
[10:39:37] [slice 8 T=4320 d] launched 8/8  covered 182  remaining 116  fuel 2333 kg  sumJi 10.0624  chosen: c0:4(+23) c1:3(+14) c2:2(+51) c4:3(+87) c5:4(+42) c6:2(+10) c7:3(+53)  rejected: -  (wall 287 s)
[10:39:37] [slice 9] effective horizon 616.8 d (the last slice absorbs the mission tail; H 540.0)
[10:39:37] [slice 9 T=4860 d] propose: 8 jobs (8 craft, 0 root) on 9 workers, proposer planbeam, H_eff 617 d, lam 1.0
[10:39:37] job s09_c3 (craft, craft 3, planbeam): T 4860 d H 617 L 360; plan horizon 5477 d; remaining 116; prize >1 on 116; width 150 npt 6 mc 150 dv 1.2 drmax 0.15 plan_wall 240 s; quota None
[10:39:37] job s09_c0 (craft, craft 0, planbeam): T 4860 d H 617 L 360; plan horizon 5477 d; remaining 116; prize >1 on 116; width 150 npt 6 mc 150 dv 1.2 drmax 0.15 plan_wall 240 s; quota None
[10:39:37] job s09_c1 (craft, craft 1, planbeam): T 4860 d H 617 L 360; plan horizon 5477 d; remaining 116; prize >1 on 116; width 150 npt 6 mc 150 dv 1.2 drmax 0.15 plan_wall 240 s; quota None
[10:39:37] job s09_c2 (craft, craft 2, planbeam): T 4860 d H 617 L 360; plan horizon 5477 d; remaining 116; prize >1 on 116; width 150 npt 6 mc 150 dv 1.2 drmax 0.15 plan_wall 240 s; quota None
[10:39:37] job s09_c7 (craft, craft 7, planbeam): T 4860 d H 617 L 360; plan horizon 5477 d; remaining 116; prize >1 on 116; width 150 npt 6 mc 150 dv 1.2 drmax 0.15 plan_wall 240 s; quota None
[10:39:37] job s09_c6 (craft, craft 6, planbeam): T 4860 d H 617 L 360; plan horizon 5477 d; remaining 116; prize >1 on 116; width 150 npt 6 mc 150 dv 1.2 drmax 0.15 plan_wall 240 s; quota None
[10:39:37] job s09_c5 (craft, craft 5, planbeam): T 4860 d H 617 L 360; plan horizon 5477 d; remaining 116; prize >1 on 116; width 150 npt 6 mc 150 dv 1.2 drmax 0.15 plan_wall 240 s; quota None
[10:39:37] job s09_c4 (craft, craft 4, planbeam): T 4860 d H 617 L 360; plan horizon 5477 d; remaining 116; prize >1 on 116; width 150 npt 6 mc 150 dv 1.2 drmax 0.15 plan_wall 240 s; quota None
[10:39:37] prefix slices/s09/in/craft_3.npz: 6 flybys, t_end 2376.9 d, tank 660.5 kg (planner view), miss 87.6 km, nreg 92
[10:39:37] budget: job_wall 300 s, 300 s left before the plan -> plan cap 210 s (plan_wall 240, settle_reserve 90)
[10:39:37] prefix slices/s09/in/craft_7.npz: 22 flybys, t_end 4800.3 d, tank 841.4 kg (planner view), miss 7.6 km, nreg 179
[10:39:37] budget: job_wall 300 s, 300 s left before the plan -> plan cap 210 s (plan_wall 240, settle_reserve 90)
[10:39:37] prefix slices/s09/in/craft_6.npz: 20 flybys, t_end 4656.6 d, tank 897.0 kg (planner view), miss 68.1 km, nreg 172
[10:39:37] budget: job_wall 300 s, 300 s left before the plan -> plan cap 210 s (plan_wall 240, settle_reserve 90)
[10:39:37] prefix slices/s09/in/craft_5.npz: 25 flybys, t_end 4679.2 d, tank 879.0 kg (planner view), miss 7.8 km, nreg 204
[10:39:37] budget: job_wall 300 s, 300 s left before the plan -> plan cap 210 s (plan_wall 240, settle_reserve 90)
[10:39:37] prefix slices/s09/in/craft_2.npz: 27 flybys, t_end 4542.9 d, tank 1001.0 kg (planner view), miss 20.4 km, nreg 223
[10:39:37] budget: job_wall 300 s, 300 s left before the plan -> plan cap 210 s (plan_wall 240, settle_reserve 90)
[10:39:37] prefix slices/s09/in/craft_4.npz: 24 flybys, t_end 4750.0 d, tank 848.6 kg (planner view), miss 6.5 km, nreg 207
[10:39:37] budget: job_wall 300 s, 300 s left before the plan -> plan cap 210 s (plan_wall 240, settle_reserve 90)
[10:39:37] prefix slices/s09/in/craft_1.npz: 28 flybys, t_end 4657.9 d, tank 973.4 kg (planner view), miss 9.2 km, nreg 232
[10:39:37] budget: job_wall 300 s, 300 s left before the plan -> plan cap 210 s (plan_wall 240, settle_reserve 90)
[10:39:37] prefix slices/s09/in/craft_0.npz: 30 flybys, t_end 4847.0 d, tank 1031.9 kg (planner view), miss 15.7 km, nreg 241
[10:39:37] budget: job_wall 300 s, 300 s left before the plan -> plan cap 210 s (plan_wall 240, settle_reserve 90)
[10:39:55] first level (both): 0 production + 54 relaxed (dv 2.5, 0.3 AU; 0.1 s) + 50 lintwin children -> 73 unique (18.1 s)
[10:39:55] plan start: prefix 22 flybys, t_end 4800.3 d, planner mass 1143.8 kg (dv 13.165 km/s); 73 first-level states
[10:39:58] first level (both): 0 production + 57 relaxed (dv 2.5, 0.3 AU; 0.1 s) + 56 lintwin children -> 88 unique (20.4 s)
[10:39:58] plan start: prefix 20 flybys, t_end 4656.6 d, planner mass 1072.9 kg (dv 15.678 km/s); 88 first-level states
[10:40:00] first level (both): 0 production + 15 relaxed (dv 2.5, 0.3 AU; 0.1 s) + 53 lintwin children -> 66 unique (22.6 s)
[10:40:00] plan start: prefix 25 flybys, t_end 4679.2 d, planner mass 1094.9 kg (dv 14.880 km/s); 66 first-level states
[10:40:00] plan: 401 states, depth 5 new flybys, end plan_done (23 s); deepest 5 new to 5415 d at planner fuel 632 kg
[10:40:00]   depth  1:   73 states (73 in H), t_end 4865-5477 d, fuel 459-542 kg
[10:40:00]   depth  2:  132 states (132 in H), t_end 5005-5459 d, fuel 477-568 kg
[10:40:00]   depth  3:  150 states (150 in H), t_end 5095-5458 d, fuel 486-595 kg
[10:40:00]   depth  4:   44 states (44 in H), t_end 5311-5475 d, fuel 515-626 kg
[10:40:00]   depth  5:    2 states (2 in H), t_end 5415-5416 d, fuel 632-633 kg
[10:40:00] candidates: 230 distinct committed target sets (n_new 1-5, potential 0-0)
[10:40:00] frontier: 16 candidates chosen (n fb / committed planner kg / continuation (lookahead) [full]; pot_mode lookahead, pot_cap None): 1fb/459kg/p0(0)[0], 1fb/462kg/p0(0)[0], 1fb/462kg/p3(0)[3], 1fb/468kg/p3(0)[3], 1fb/494kg/p3(0)[3], 1fb/520kg/p4(0)[4], 2fb/477kg/p1(0)[1], 2fb/479kg/p0(0)[0], 2fb/548kg/p3(0)[3], 3fb/486kg/p0(0)[0], 3fb/487kg/p0(0)[0], 3fb/574kg/p2(0)[2], 4fb/515kg/p0(0)[0], 4fb/521kg/p0(0)[0], 4fb/600kg/p1(0)[1], 5fb/632kg/p0(0)[0]
[10:40:00] budget: 277 s of 300 left for the settles + regrids (settle_wall 480)
[10:40:00] first level (both): 0 production + 25 relaxed (dv 2.5, 0.3 AU; 0.1 s) + 0 lintwin children -> 19 unique (23.1 s)
[10:40:00] plan start: prefix 27 flybys, t_end 4542.9 d, planner mass 961.5 kg (dv 19.978 km/s); 19 first-level states
[10:40:01] first level (both): 0 production + 47 relaxed (dv 2.5, 0.3 AU; 0.1 s) + 47 lintwin children -> 76 unique (23.5 s)
[10:40:01] plan start: prefix 24 flybys, t_end 4750.0 d, planner mass 1134.1 kg (dv 13.500 km/s); 76 first-level states
[10:40:01]     settle 23: 261 @   5386 d -> ok lintwin tank 842.8 (+1.4) miss 33 km (0.7 s)
[10:40:01] first level (both): 0 production + 0 relaxed (dv 2.5, 0.3 AU; 0.1 s) + 82 lintwin children -> 82 unique (23.8 s)
[10:40:01] plan start: prefix 6 flybys, t_end 2376.9 d, planner mass 1457.1 kg (dv 3.669 km/s); 82 first-level states
[10:40:03] first level (both): 0 production + 33 relaxed (dv 2.5, 0.3 AU; 0.1 s) + 50 lintwin children -> 68 unique (25.5 s)
[10:40:03] plan start: prefix 28 flybys, t_end 4657.9 d, planner mass 988.7 kg (dv 18.882 km/s); 68 first-level states
[10:40:03] plan: 168 states, depth 4 new flybys, end plan_done (26 s); deepest 4 new to 5403 d at planner fuel 706 kg
[10:40:03]   depth  1:   19 states (19 in H), t_end 4888-5133 d, fuel 649-702 kg
[10:40:03]   depth  2:   54 states (54 in H), t_end 5048-5476 d, fuel 664-731 kg
[10:40:03]   depth  3:   85 states (85 in H), t_end 5173-5462 d, fuel 675-757 kg
[10:40:03]   depth  4:   10 states (10 in H), t_end 5395-5464 d, fuel 706-733 kg
[10:40:03] candidates: 85 distinct committed target sets (n_new 1-4, potential 0-0)
[10:40:03] frontier: 16 candidates chosen (n fb / committed planner kg / continuation (lookahead) [full]; pot_mode lookahead, pot_cap None): 1fb/649kg/p2(0)[2], 1fb/652kg/p0(0)[0], 1fb/662kg/p1(0)[1], 1fb/663kg/p3(0)[3], 1fb/671kg/p3(0)[3], 1fb/681kg/p2(0)[2], 1fb/698kg/p2(0)[2], 2fb/664kg/p0(0)[0], 2fb/665kg/p1(0)[1], 2fb/690kg/p2(0)[2], 3fb/675kg/p0(0)[0], 3fb/683kg/p0(0)[0], 3fb/694kg/p1(0)[1], 4fb/706kg/p0(0)[0], 4fb/709kg/p0(0)[0], 4fb/716kg/p0(0)[0]
[10:40:03] budget: 274 s of 300 left for the settles + regrids (settle_wall 480)
[10:40:03] first level (both): 0 production + 64 relaxed (dv 2.5, 0.3 AU; 0.1 s) + 35 lintwin children -> 75 unique (25.8 s)
[10:40:03] plan start: prefix 30 flybys, t_end 4847.0 d, planner mass 932.6 kg (dv 21.172 km/s); 75 first-level states
[10:40:03] plan: 254 states, depth 5 new flybys, end plan_done (26 s); deepest 5 new to 5458 d at planner fuel 635 kg
[10:40:03]   depth  1:   66 states (66 in H), t_end 4889-5459 d, fuel 517-586 kg
[10:40:03]   depth  2:   77 states (77 in H), t_end 4971-5476 d, fuel 548-614 kg
[10:40:03]   depth  3:   79 states (79 in H), t_end 5197-5476 d, fuel 580-643 kg
[10:40:03]   depth  4:   29 states (29 in H), t_end 5356-5461 d, fuel 625-661 kg
[10:40:03]   depth  5:    3 states (3 in H), t_end 5404-5461 d, fuel 635-659 kg
[10:40:03] candidates: 170 distinct committed target sets (n_new 1-5, potential 0-0)
[10:40:03] frontier: 16 candidates chosen (n fb / committed planner kg / continuation (lookahead) [full]; pot_mode lookahead, pot_cap None): 1fb/527kg/p0(0)[0], 1fb/529kg/p0(0)[0], 1fb/570kg/p4(0)[4], 1fb/572kg/p3(0)[3], 1fb/585kg/p3(0)[3], 2fb/548kg/p0(0)[0], 2fb/549kg/p0(0)[0], 2fb/597kg/p3(0)[3], 3fb/580kg/p0(0)[0], 3fb/582kg/p0(0)[0], 3fb/616kg/p2(0)[2], 4fb/625kg/p1(0)[1], 4fb/628kg/p0(0)[0], 4fb/630kg/p0(0)[0], 5fb/635kg/p0(0)[0], 5fb/659kg/p0(0)[0]
[10:40:03] budget: 274 s of 300 left for the settles + regrids (settle_wall 480)
[10:40:04] plan: 246 states, depth 4 new flybys, end plan_done (27 s); deepest 4 new to 5426 d at planner fuel 568 kg
[10:40:04]   depth  1:   76 states (76 in H), t_end 4950-5477 d, fuel 477-549 kg
[10:40:04]   depth  2:  124 states (124 in H), t_end 5083-5475 d, fuel 493-576 kg
[10:40:04]   depth  3:   44 states (44 in H), t_end 5141-5460 d, fuel 520-606 kg
[10:40:04]   depth  4:    2 states (2 in H), t_end 5426-5461 d, fuel 568-569 kg
[10:40:04] candidates: 111 distinct committed target sets (n_new 1-4, potential 0-0)
[10:40:04] frontier: 16 candidates chosen (n fb / committed planner kg / continuation (lookahead) [full]; pot_mode lookahead, pot_cap None): 1fb/477kg/p0(0)[0], 1fb/483kg/p0(0)[0], 1fb/489kg/p3(0)[3], 1fb/490kg/p2(0)[2], 1fb/528kg/p2(0)[2], 1fb/529kg/p2(0)[2], 1fb/542kg/p2(0)[2], 1fb/543kg/p2(0)[2], 2fb/493kg/p0(0)[0], 2fb/497kg/p0(0)[0], 2fb/514kg/p2(0)[2], 3fb/520kg/p0(0)[0], 3fb/531kg/p0(0)[0], 3fb/539kg/p1(0)[1], 4fb/568kg/p0(0)[0], 4fb/569kg/p0(0)[0]
[10:40:04] budget: 273 s of 300 left for the settles + regrids (settle_wall 480)
[10:40:04] plan: 279 states, depth 4 new flybys, end plan_done (27 s); deepest 4 new to 5458 d at planner fuel 227 kg
[10:40:04]   depth  1:   82 states (82 in H), t_end 4886-5477 d, fuel 143-245 kg
[10:40:04]   depth  2:  122 states (122 in H), t_end 4968-5476 d, fuel 146-287 kg
[10:40:04]   depth  3:   70 states (70 in H), t_end 5241-5476 d, fuel 183-300 kg
[10:40:04]   depth  4:    5 states (5 in H), t_end 5446-5461 d, fuel 227-324 kg
[10:40:04] candidates: 187 distinct committed target sets (n_new 1-4, potential 0-0)
[10:40:04] frontier: 16 candidates chosen (n fb / committed planner kg / continuation (lookahead) [full]; pot_mode lookahead, pot_cap None): 1fb/143kg/p3(0)[3], 1fb/143kg/p2(0)[2], 1fb/143kg/p2(0)[2], 1fb/143kg/p2(0)[2], 1fb/143kg/p2(0)[2], 1fb/143kg/p2(0)[2], 1fb/143kg/p2(0)[2], 1fb/217kg/p3(0)[3], 2fb/146kg/p0(0)[0], 2fb/148kg/p0(0)[0], 2fb/178kg/p2(0)[2], 3fb/183kg/p1(0)[1], 3fb/187kg/p0(0)[0], 3fb/192kg/p0(0)[0], 4fb/227kg/p0(0)[0], 4fb/304kg/p0(0)[0]
[10:40:04] budget: 273 s of 300 left for the settles + regrids (settle_wall 480)
[10:40:05] plan: 435 states, depth 5 new flybys, end plan_done (27 s); deepest 5 new to 5440 d at planner fuel 648 kg
[10:40:05]   depth  1:   88 states (88 in H), t_end 4866-5477 d, fuel 534-606 kg
[10:40:05]   depth  2:  150 states (150 in H), t_end 4988-5437 d, fuel 555-632 kg
[10:40:05]   depth  3:  150 states (150 in H), t_end 5113-5446 d, fuel 569-659 kg
[10:40:05]   depth  4:   43 states (43 in H), t_end 5269-5474 d, fuel 595-689 kg
[10:40:05]   depth  5:    4 states (4 in H), t_end 5337-5440 d, fuel 648-670 kg
[10:40:05] candidates: 238 distinct committed target sets (n_new 1-5, potential 0-0)
[10:40:05] frontier: 16 candidates chosen (n fb / committed planner kg / continuation (lookahead) [full]; pot_mode lookahead, pot_cap None): 1fb/534kg/p2(0)[2], 1fb/537kg/p0(0)[0], 1fb/551kg/p4(0)[4], 1fb/589kg/p4(0)[4], 2fb/555kg/p1(0)[1], 2fb/556kg/p3(0)[3], 2fb/557kg/p0(0)[0], 3fb/569kg/p0(0)[0], 3fb/573kg/p0(0)[0], 3fb/586kg/p2(0)[2], 4fb/595kg/p0(0)[0], 4fb/610kg/p0(0)[0], 4fb/619kg/p1(0)[1], 5fb/648kg/p0(0)[0], 5fb/667kg/p0(0)[0], 5fb/670kg/p0(0)[0]
[10:40:05] budget: 273 s of 300 left for the settles + regrids (settle_wall 480)
[10:40:06]     settle 21: 279 @   4989 d -> ok lintwin tank 902.4 (+5.3) miss 50 km (1.1 s)
[10:40:07]     settle 23: 154 @   5419 d -> ok lintwin tank 847.7 (+6.3) miss 53 km (5.7 s)
[10:40:08] plan: 338 states, depth 4 new flybys, end plan_done (30 s); deepest 4 new to 5451 d at planner fuel 793 kg
[10:40:08]   depth  1:   75 states (75 in H), t_end 4882-5458 d, fuel 685-737 kg
[10:40:08]   depth  2:  150 states (150 in H), t_end 5038-5457 d, fuel 707-764 kg
[10:40:08]   depth  3:  112 states (112 in H), t_end 5287-5477 d, fuel 715-788 kg
[10:40:08]   depth  4:    1 states (1 in H), t_end 5451-5451 d, fuel 793-793 kg
[10:40:08] candidates: 138 distinct committed target sets (n_new 1-4, potential 0-0)
[10:40:08] frontier: 16 candidates chosen (n fb / committed planner kg / continuation (lookahead) [full]; pot_mode lookahead, pot_cap None): 1fb/685kg/p2(0)[2], 1fb/688kg/p0(0)[0], 1fb/700kg/p2(0)[2], 1fb/703kg/p2(0)[2], 1fb/703kg/p2(0)[2], 1fb/705kg/p2(0)[2], 1fb/706kg/p2(0)[2], 1fb/707kg/p2(0)[2], 1fb/724kg/p3(0)[3], 2fb/710kg/p1(0)[1], 2fb/711kg/p0(0)[0], 2fb/751kg/p2(0)[2], 3fb/715kg/p0(0)[0], 3fb/722kg/p0(0)[0], 3fb/767kg/p1(0)[1], 4fb/793kg/p0(0)[0]
[10:40:08] budget: 270 s of 300 left for the settles + regrids (settle_wall 480)
[10:40:08] plan: 349 states, depth 5 new flybys, end plan_done (30 s); deepest 5 new to 5430 d at planner fuel 728 kg
[10:40:08]   depth  1:   68 states (68 in H), t_end 4893-5453 d, fuel 622-683 kg
[10:40:08]   depth  2:  107 states (107 in H), t_end 4981-5470 d, fuel 636-711 kg
[10:40:08]   depth  3:  109 states (109 in H), t_end 5120-5469 d, fuel 658-737 kg
[10:40:08]   depth  4:   54 states (54 in H), t_end 5231-5451 d, fuel 684-742 kg
[10:40:08]   depth  5:   11 states (11 in H), t_end 5408-5441 d, fuel 728-747 kg
[10:40:08] candidates: 230 distinct committed target sets (n_new 1-5, potential 0-0)
[10:40:08] frontier: 16 candidates chosen (n fb / committed planner kg / continuation (lookahead) [full]; pot_mode lookahead, pot_cap None): 1fb/622kg/p2(0)[2], 1fb/627kg/p1(0)[1], 1fb/661kg/p4(0)[4], 1fb/671kg/p4(0)[4], 2fb/636kg/p0(0)[0], 2fb/636kg/p0(0)[0], 2fb/674kg/p3(0)[3], 3fb/658kg/p0(0)[0], 3fb/664kg/p0(0)[0], 3fb/685kg/p2(0)[2], 4fb/684kg/p0(0)[0], 4fb/695kg/p0(0)[0], 4fb/706kg/p1(0)[1], 5fb/728kg/p0(0)[0], 5fb/730kg/p0(0)[0], 5fb/733kg/p0(0)[0]
[10:40:08] budget: 269 s of 300 left for the settles + regrids (settle_wall 480)
[10:40:08]     settle 28: 168 @   5013 d -> ok lin tank 1007.3 (+6.3) miss 31 km (5.2 s)
[10:40:09]     settle 23:   7 @   4981 d -> ok lintwin tank 845.6 (+4.3) miss 78 km (0.5 s)
[10:40:09]     settle 21:  24 @   5422 d -> ok lintwin tank 910.4 (+13.4) miss 41 km (2.0 s)
[10:40:11]     settle 26: 278 @   5425 d -> ok lintwin tank 887.7 (+8.7) miss 2 km (8.1 s)
[10:40:11]     settle 25:  99 @   5084 d -> ok lintwin tank 975.4 (+126.8) miss 83 km (7.2 s)
[10:40:13]     settle 23:  51 @   4961 d -> ok lintwin tank 851.6 (+10.2) miss 71 km (3.9 s)
[10:40:14]     settle 31: 102 @   4987 d -> ok lintwin tank 1106.8 (+74.9) miss 64 km (6.5 s)
[10:40:15]     settle 21:  20 @   4890 d -> ok lintwin tank 936.0 (+39.0) miss 65 km (5.2 s)
[10:40:15]     settle 29:  87 @   5108 d -> ok lintwin tank 980.7 (+7.3) miss 70 km (7.3 s)
[10:40:16]     settle 28:  23 @   4973 d -> ok lin tank 997.8 (+-3.2) miss 68 km (7.1 s)
[10:40:18]     settle 25: 156 @   5226 d -> ok lintwin tank 853.3 (+4.7) miss 74 km (3.6 s)
[10:40:19]     settle 23: 126 @   5000 d -> ok lintwin tank 848.5 (+7.1) miss 3 km (4.9 s)
[10:40:21]     settle 26: 160 @   5369 d -> ok lintwin tank 936.9 (+57.9) miss 65 km (8.9 s)
[10:40:21]     settle 29:   7 @   4978 d -> ok lintwin tank 988.0 (+14.6) miss 71 km (5.2 s)
[10:40:22]     settle 21: 151 @   4917 d -> ok lintwin tank 1035.1 (+138.1) miss 17 km (6.6 s)
[10:40:23]     settle 25:  23 @   4954 d -> ok lintwin tank 860.5 (+11.9) miss 60 km (4.1 s)
[10:40:23]     settle 28: 119 @   5123 d -> ok lam tank 1006.0 (+5.0) miss 11 km (5.3 s)
[10:40:24]     settle 23: 194 @   4915 d -> ok lintwin tank 846.8 (+5.4) miss 76 km (4.5 s)
[10:40:25]     settle 31: 149 @   5327 d -> ok lintwin tank 1099.6 (+67.7) miss 8 km (9.5 s)
[10:40:26]     settle 29: 197 @   4943 d -> ok lintwin tank 1007.5 (+34.1) miss 60 km (4.5 s)
[10:40:29]     settle 23: 194 @   4921 d -> ok lintwin tank 846.8 (+5.4) miss 99 km (4.5 s)
[10:40:29]     settle 25:  34 @   5106 d -> ok lintwin tank 864.2 (+15.6) miss 74 km (5.4 s)
[10:40:30]     settle 26:  51 @   4928 d -> ok lintwin tank 944.5 (+65.5) miss 91 km (8.5 s)
[10:40:31]     settle 24:  62 @   5165 d -> ok lintwin tank 856.2 (+9.4) miss 52 km (2.4 s)
[10:40:31]     settle 28:  49 @   4923 d -> ok lin tank 995.9 (+-5.1) miss 17 km (6.4 s)
[10:40:32]     settle 22: 283 @   5159 d -> ok lintwin tank 940.1 (+4.1) miss 1 km (8.3 s)
[10:40:33]     settle 31: 296 @   5047 d -> ok lintwin tank 1115.9 (+84.0) miss 72 km (7.4 s)
[10:40:34]     settle 24: 184 @   5431 d -> ok lintwin tank 850.5 (+3.8) miss 61 km (2.3 s)
[10:40:36]     settle  7: 279 @   4931 d -> FAIL [('lam', 4596541.5)] (31.2 s)
[10:40:36]     settle 25: 207 @   5100 d -> ok lintwin tank 872.4 (+23.8) miss 76 km (6.0 s)
[10:40:37]     settle 29:  49 @   4912 d -> ok lintwin tank 1045.7 (+72.3) miss 10 km (9.6 s)
[10:40:38]     settle 24:   4 @   5035 d -> ok lintwin tank 892.2 (+45.4) miss 77 km (3.7 s)
[10:40:39]     settle 26: 126 @   4918 d -> ok lintwin tank 901.9 (+22.9) miss 1 km (8.3 s)
[10:40:39]     settle 28:  20 @   5023 d -> ok lin tank 1005.1 (+4.2) miss 52 km (7.2 s)
[10:40:41]     settle 22:  87 @   5093 d -> ok lintwin tank 951.3 (+15.3) miss 2 km (7.4 s)
[10:40:41]     settle 25: 239 @   5090 d -> ok lintwin tank 869.3 (+20.7) miss 63 km (4.6 s)
[10:40:42]     settle 31: 257 @   5072 d -> ok lintwin tank 1113.1 (+81.2) miss 76 km (8.1 s)
[10:40:44]     settle 25: 261 @   5386 d -> ok lintwin tank 860.5 (+4.3) miss 3 km (5.2 s)
[10:40:46]     settle 30:  79 @   5368 d -> ok lintwin tank 987.3 (+-0.6) miss 64 km (6.5 s)
[10:40:47]     settle 25:  40 @   5005 d -> ok lintwin tank 869.8 (+21.2) miss 75 km (4.5 s)
[10:40:47]     settle 26: 197 @   4982 d -> ok lintwin tank 926.6 (+47.6) miss 77 km (6.7 s)
[10:40:48]     settle  7: 265 @   4905 d -> ok lam tank 1082.2 (+421.8) miss 57 km (12.2 s)
[10:40:48]   drift: leg 265@4905 d settled outside (T, T+H] -> column cut at 0
[10:40:48]     settle 21: 154 @   5382 d -> ok lintwin tank 960.1 (+63.1) miss 12 km (6.3 s)
[10:40:49]     settle 28:  40 @   4934 d -> ok lam tank 1030.9 (+29.9) miss 6 km (9.3 s)
[10:40:50]     settle 25: 154 @   5419 d -> ok lintwin tank 858.8 (+2.6) miss 71 km (4.8 s)
[10:40:51]     settle 31:  91 @   5109 d -> ok lintwin tank 1123.1 (+91.2) miss 68 km (7.5 s)
[10:40:52]     settle 25:  52 @   5002 d -> ok lintwin tank 904.2 (+55.7) miss 72 km (4.2 s)
[10:40:53]     settle 26: 255 @   5169 d -> ok lintwin tank 882.9 (+3.9) miss 67 km (5.1 s)
[10:40:54]     settle 30: 106 @   5298 d -> ok lintwin tank 991.2 (+3.3) miss 31 km (7.4 s)
[10:40:54]     settle 25: 176 @   5260 d -> ok lintwin tank 898.8 (+6.6) miss 51 km (3.2 s)
[10:40:55]     settle 22: 286 @   5437 d -> ok lintwin tank 1008.7 (+48.5) miss 75 km (6.0 s)
[10:40:56]     settle 28: 256 @   4893 d -> ok lam tank 1053.8 (+52.8) miss 7 km (5.2 s)
[10:40:56]     settle 24: 196 @   5201 d -> ok lintwin tank 860.4 (+14.8) miss 52 km (1.8 s)
[10:40:58]     settle 25: 257 @   5363 d -> ok lintwin tank 866.7 (+6.3) miss 35 km (1.1 s)
[10:41:00]     settle 25: 239 @   5088 d -> ok lintwin tank 869.2 (+20.6) miss 77 km (5.6 s)
[10:41:00]     settle 27:  83 @   5401 d -> ok lintwin tank 905.9 (+23.0) miss 65 km (7.1 s)
[10:41:01]     settle 31:  57 @   5169 d -> ok lintwin tank 1067.3 (+35.4) miss 73 km (9.7 s)
[10:41:01]     settle 28:  49 @   4918 d -> ok lin tank 997.8 (+-3.2) miss 82 km (5.0 s)
[10:41:03]     settle 30:  26 @   4981 d -> ok lintwin tank 1020.3 (+12.8) miss 77 km (7.9 s)
[10:41:03]     settle 22:  49 @   5320 d -> ok lintwin tank 919.2 (+16.8) miss 73 km (7.9 s)
[10:41:03]     settle 26: 194 @   5459 d -> ok lintwin tank 873.0 (+6.3) miss 75 km (5.4 s)
[10:41:05]     settle 29: 214 @   5398 d -> ok lin tank 1006.6 (+8.9) miss 78 km (3.7 s)
[10:41:05]     settle 24:  35 @   5010 d -> ok lintwin tank 859.9 (+13.2) miss 48 km (1.5 s)
[10:41:06]     settle 26: 171 @   5430 d -> ok lintwin tank 875.4 (+6.2) miss 74 km (6.0 s)
[10:41:08]     settle 25:  62 @   5163 d -> ok lintwin tank 862.6 (+2.6) miss 81 km (2.7 s)
[10:41:08]     settle 26:  87 @   5178 d -> ok lintwin tank 896.4 (+17.4) miss 2 km (7.4 s)
[10:41:09]     settle 23: 286 @   5438 d -> ok lintwin tank 924.6 (+5.4) miss 78 km (5.7 s)
[10:41:09]     settle 26: 261 @   5384 d -> ok lintwin tank 867.9 (+5.3) miss 12 km (0.7 s)
[10:41:10]     settle  7:  51 @   4917 d -> FAIL [('lam', 18917393.5)] (22.5 s)
[10:41:12]     settle 30:  26 @   5269 d -> ok lintwin tank 982.9 (+2.2) miss 15 km (8.3 s)
[10:41:12]     settle 31:  24 @   4882 d -> ok lintwin tank 1116.9 (+85.0) miss 87 km (10.0 s)
[10:41:12]     settle 27:  95 @   5414 d -> ok lam tank 911.3 (+15.0) miss 1 km (3.9 s)
[10:41:13]     settle 26:  10 @   5311 d -> ok lintwin tank 919.6 (+20.8) miss 63 km (3.4 s)
[10:41:13]     settle 29:  49 @   5331 d -> ok lintwin tank 1062.3 (+55.0) miss 63 km (6.9 s)
[10:41:13]     settle 25: 269 @   5140 d -> ok lintwin tank 857.9 (+9.3) miss 29 km (6.9 s)
[10:41:14]     settle 21:  23 @   4988 d -> ok lam tank 925.8 (+28.7) miss 0 km (4.7 s)
[10:41:15]     settle 27: 237 @   5415 d -> ok lintwin tank 951.9 (+32.2) miss 57 km (1.6 s)
[10:41:16] RESULT s09_c7: 16 columns; frontier 1fb 1 kg p0/0 | 2fb 9 kg p0/0 | 3fb 17 kg p0/0 | 4fb 26 kg p0/0 | 5fb 110 kg p0/0; settles 21 (21 ok), regrids 16 (16 ok); wall 99 s of 300 (plan 23, price 1, settle 76; budget hit None, 0 unsettled)
[10:41:17]     settle 22: 283 @   5168 d -> ok lintwin tank 927.8 (+2.0) miss 70 km (3.1 s)
[10:41:18]   job s09_c7 craft columns  16  levels 5  settles 21/21  end plan_done  wall 98.5 s
[10:41:18]     settle 31: 194 @   5449 d -> ok lintwin tank 997.7 (+14.8) miss 57 km (5.8 s)
[10:41:19]     settle 26: 171 @   5432 d -> ok lintwin tank 862.1 (+4.2) miss 56 km (5.7 s)
[10:41:22]     settle 31: 241 @   5026 d -> ok lintwin tank 1120.3 (+88.4) miss 7 km (8.6 s)
[10:41:22]     settle 27:  26 @   4971 d -> ok lam tank 1052.5 (+107.9) miss 90 km (9.0 s)
[10:41:24]     settle 23: 210 @   5426 d -> ok lintwin tank 935.2 (+7.4) miss 84 km (6.5 s)
[10:41:25]     settle 26: 239 @   5086 d -> ok lintwin tank 869.5 (+8.9) miss 60 km (4.8 s)
[10:41:25]     settle 29: 256 @   5051 d -> ok lam tank 1020.8 (+24.9) miss 3 km (11.0 s)
[10:41:27]     settle 30: 106 @   5298 d -> ok lintwin tank 982.8 (+2.1) miss 5 km (8.5 s)
[10:41:28]     settle 29: 119 @   5126 d -> ok lin tank 1016.3 (+18.6) miss 15 km (1.6 s)
[10:41:31]     settle 31: 267 @   4941 d -> ok lintwin tank 1084.3 (+52.4) miss 6 km (8.2 s)
[10:41:33]     settle 27: 171 @   5429 d -> ok lintwin tank 876.4 (+7.0) miss 4 km (7.1 s)
[10:41:34]     settle 23: 283 @   5161 d -> ok lintwin tank 1022.2 (+70.8) miss 80 km (5.0 s)
[10:41:35]     settle 26: 279 @   5032 d -> ok lintwin tank 896.7 (+17.7) miss 70 km (8.3 s)
[10:41:35]     settle 31: 194 @   5448 d -> ok lintwin tank 997.0 (+14.3) miss 88 km (8.2 s)
[10:41:40]     settle 26: 269 @   5138 d -> ok lintwin tank 869.7 (+9.2) miss 66 km (5.4 s)
[10:41:40]     settle 24: 286 @   5439 d -> ok lam tank 1078.1 (+55.9) miss 82 km (4.5 s)
[10:41:41]     settle 32: 288 @   5217 d -> ok lintwin tank 1122.2 (+15.5) miss 76 km (8.4 s)
[10:41:42]     settle 27: 255 @   5241 d -> ok lintwin tank 935.7 (+39.0) miss 29 km (7.1 s)
[10:41:43]     settle 31: 186 @   5121 d -> ok lintwin tank 1034.5 (+14.2) miss 76 km (7.3 s)
[10:41:45]     settle 27: 171 @   5426 d -> ok lintwin tank 870.5 (+0.8) miss 74 km (5.5 s)
[10:41:45]     settle 23: 283 @   5158 d -> ok lintwin tank 1022.1 (+70.7) miss 65 km (5.0 s)
[10:41:46]     settle 28: 210 @   5437 d -> ok lintwin tank 951.2 (+15.6) miss 73 km (4.0 s)
[10:41:48]     settle 31: 102 @   4992 d -> ok lintwin tank 1108.1 (+76.2) miss 73 km (6.5 s)
[10:41:50]     settle 29: 279 @   4958 d -> ok lintwin tank 985.6 (+12.2) miss 79 km (5.8 s)
[10:41:50]     settle 24:  98 @   5374 d -> ok lintwin tank 1056.9 (+34.8) miss 87 km (4.8 s)
[10:41:52]     settle 27: 269 @   5141 d -> ok lintwin tank 888.7 (+19.3) miss 59 km (6.2 s)
[10:41:56]     settle 32: 149 @   5333 d -> ok lintwin tank 1117.4 (+9.3) miss 73 km (7.5 s)
[10:41:56]     settle 26: 293 @   5146 d -> ok lintwin tank 901.6 (+22.6) miss 74 km (6.3 s)
[10:41:58]     settle 24: 247 @   5269 d -> ok lintwin tank 1094.6 (+72.5) miss 61 km (7.1 s)
[10:41:59]     settle 30:  56 @   5106 d -> ok lintwin tank 1000.7 (+15.1) miss 7 km (9.0 s)
[10:42:00]     settle 28: 171 @   5426 d -> ok lintwin tank 909.0 (+20.3) miss 70 km (6.4 s)
[10:42:02]     settle 27:  69 @   5259 d -> ok lintwin tank 915.1 (+13.5) miss 64 km (5.9 s)
[10:42:03]     settle 31:  26 @   5266 d -> ok lintwin tank 1015.5 (+14.8) miss 51 km (3.6 s)
[10:42:03]     settle 32: 143 @   5038 d -> ok lintwin tank 1155.8 (+71.5) miss 40 km (6.6 s)
[10:42:06]     settle 25: 286 @   5440 d -> ok lintwin tank 1136.9 (+42.2) miss 46 km (7.0 s)
[10:42:08]     settle 28:  83 @   5402 d -> ok lintwin tank 928.2 (+13.1) miss 66 km (5.7 s)
[10:42:09]     settle 28: 266 @   5461 d -> ok lintwin tank 908.8 (+20.1) miss 77 km (8.3 s)
[10:42:09] RESULT s09_c4: 16 columns; frontier 1fb 4 kg p0/0 | 2fb 13 kg p0/0 | 3fb 22 kg p0/0 | 4fb 60 kg p0/0; settles 19 (19 ok), regrids 16 (16 ok); wall 152 s of 300 (plan 27, price 2, settle 125; budget hit None, 0 unsettled)
[10:42:10]     settle  7: 197 @   4933 d -> FAIL [('lin', 241264.0), ('lam', 5837202.5)] (59.1 s)
[10:42:10]     settle 30: 266 @   5455 d -> ok lam tank 1028.3 (+12.0) miss 36 km (41.1 s)
[10:42:10]   job s09_c4 craft columns  16  levels 4  settles 19/19  end plan_done  wall 152.1 s
[10:42:10]     settle 32: 194 @   5450 d -> ok lintwin tank 1041.4 (+25.9) miss 64 km (6.7 s)
[10:42:13]     settle 33: 278 @   5421 d -> ok lintwin tank 1071.7 (+-50.6) miss 69 km (8.4 s)
[10:42:14]     settle 28: 296 @   5251 d -> ok lam tank 1061.5 (+9.0) miss 1 km (5.0 s)
[10:42:17]     settle 22: 146 @   4988 d -> FAIL [('lam', 24189788.1)] (9.4 s)
[10:42:17]   2 candidates dropped (settle failure / regrid failure / duplicate after truncation)
[10:42:17] RESULT s09_c6: 14 columns; frontier 1fb 5 kg p0/0 | 2fb 43 kg p0/0 | 3fb 27 kg p0/0 | 4fb 159 kg p0/0 | 5fb 239 kg p0/0; settles 20 (19 ok), regrids 14 (14 ok); wall 159 s of 300 (plan 27, price 2, settle 132; budget hit None, 0 unsettled)
[10:42:18]   job s09_c6 craft columns  14  levels 5  settles 19/20  end plan_done  wall 159.4 s
[10:42:20]     settle 32: 288 @   5217 d -> ok lintwin tank 1130.6 (+14.7) miss 50 km (5.8 s)
[10:42:20]     settle  7:  25 @   4943 d -> FAIL [('lam', 50105185.7)] (10.0 s)
[10:42:20]     settle 30: 214 @   5393 d -> ok lintwin tank 1020.5 (+4.2) miss 80 km (9.7 s)
[10:42:20]     settle 31: 186 @   5120 d -> ok lintwin tank 1034.5 (+14.2) miss 76 km (7.4 s)
[10:42:20]     settle 29: 218 @   5356 d -> ok lam tank 1103.3 (+41.8) miss 92 km (4.2 s)
[10:42:27]     settle 27:  87 @   5104 d -> ok lintwin tank 917.6 (+15.7) miss 66 km (5.5 s)
[10:42:29]     settle 29: 119 @   5128 d -> ok lintwin tank 1020.3 (+15.1) miss 50 km (7.8 s)
[10:42:30]     settle 32: 184 @   5450 d -> ok lintwin tank 1047.9 (+13.4) miss 7 km (9.7 s)
[10:42:31]     settle 28: 111 @   5338 d -> ok lintwin tank 937.8 (+20.2) miss 82 km (4.1 s)
[10:42:35]     settle 33: 278 @   5419 d -> ok lam tank 1156.1 (+25.4) miss 2 km (15.2 s)
[10:42:37]     settle 29:  92 @   5441 d -> ok lintwin tank 937.5 (+-0.2) miss 77 km (6.4 s)
[10:42:39]     settle 30:  10 @   5208 d -> ok lintwin tank 1057.0 (+36.7) miss 39 km (9.4 s)
[10:42:40]     settle 32: 296 @   5236 d -> ok lintwin tank 1054.6 (+20.1) miss 9 km (9.2 s)
[10:42:46]     settle 28:  25 @   5197 d -> ok lintwin tank 945.2 (+27.6) miss 80 km (8.2 s)
[10:42:47]     settle 33:  98 @   5289 d -> ok lintwin tank 1193.9 (+38.1) miss 36 km (8.5 s)
[10:42:48]     settle 29: 194 @   5450 d -> ok lam tank 958.7 (+13.5) miss 80 km (1.0 s)
[10:42:49]     settle  7:   1 @   4944 d -> FAIL [('lam', 43682343.9)] (29.7 s)
[10:42:50]     settle 33: 154 @   5430 d -> ok lintwin tank 1074.1 (+19.5) miss 60 km (8.8 s)
[10:42:51]     settle 31: 214 @   5403 d -> ok lam tank 1051.0 (+-6.0) miss 52 km (5.3 s)
[10:42:57]     settle 30: 168 @   5012 d -> ok lintwin tank 1058.9 (+13.2) miss 65 km (6.4 s)
[10:42:58]     settle 34:  94 @   5451 d -> ok lintwin tank 1224.4 (+30.5) miss 70 km (10.0 s)
[10:43:00] RESULT s09_c0: 16 columns; frontier 1fb 35 kg p0/0 | 2fb 84 kg p0/0 | 3fb 40 kg p0/0 | 4fb 191 kg p0/0; settles 18 (18 ok), regrids 16 (16 ok); wall 203 s of 300 (plan 30, price 2, settle 173; budget hit None, 0 unsettled)
[10:43:00]     settle 30: 184 @   5458 d -> ok lintwin tank 1193.2 (+89.9) miss 46 km (7.4 s)
[10:43:02]   job s09_c0 craft columns  16  levels 4  settles 18/18  end plan_done  wall 203.0 s
[10:43:03]     settle 30:  52 @   5173 d -> ok lintwin tank 1061.4 (+40.6) miss 57 km (10.4 s)
[10:43:05]     settle 31: 119 @   5130 d -> ok lintwin tank 1154.4 (+95.5) miss 4 km (8.0 s)
[10:43:08]     settle 32: 165 @   5304 d -> ok lam tank 1208.3 (+53.9) miss 18 km (2.5 s)
[10:43:11]     settle 31: 266 @   5458 d -> ok lam tank 1054.6 (+-6.8) miss 19 km (7.9 s)
[10:43:13]     settle 33: 154 @   5416 d -> ok lam tank 1196.1 (+-12.2) miss 4 km (4.7 s)
[10:43:13]     settle 30: 286 @   5404 d -> FAIL [('lam', 4181169.9)] (11.8 s)
[10:43:13]   1 candidates dropped (settle failure / regrid failure / duplicate after truncation)
[10:43:13] RESULT s09_c5: 15 columns; frontier 1fb 8 kg p0/0 | 2fb 27 kg p0/0 | 3fb 49 kg p0/0 | 4fb 58 kg p0/0 | 5fb 313 kg p0/0; settles 25 (24 ok), regrids 15 (15 ok); wall 216 s of 300 (plan 26, price 2, settle 190; budget hit None, 0 unsettled)
[10:43:14]   job s09_c5 craft columns  15  levels 5  settles 24/25  end plan_done  wall 216.0 s
[10:43:23]     settle 33: 184 @   5436 d -> ok lintwin tank 1074.3 (+19.7) miss 68 km (8.7 s)
[10:43:23] RESULT s09_c1: 16 columns; frontier 1fb 7 kg p0/0 | 2fb 14 kg p0/0 | 3fb 23 kg p0/0 | 4fb 63 kg p0/0 | 5fb 100 kg p0/0; settles 25 (25 ok), regrids 16 (16 ok); wall 226 s of 300 (plan 30, price 2, settle 195; budget hit None, 0 unsettled)
[10:43:24]   job s09_c1 craft columns  16  levels 5  settles 25/25  end plan_done  wall 225.9 s
[10:43:32]     settle 30:  10 @   5211 d -> ok lintwin tank 1049.0 (+28.3) miss 41 km (9.9 s)
[10:43:41]     settle  7:  26 @   4972 d -> FAIL [('lin', 1329622.4), ('lam', 9260416.0)] (51.8 s)
[10:43:43]     settle 31: 266 @   5457 d -> ok lin tank 1030.4 (+-18.6) miss 2 km (10.4 s)
[10:43:44] RESULT s09_c2: 16 columns; frontier 1fb -5 kg p0/0 | 2fb 5 kg p0/0 | 3fb 19 kg p0/0 | 4fb 25 kg p0/0; settles 21 (21 ok), regrids 16 (16 ok); wall 247 s of 300 (plan 26, price 2, settle 221; budget hit None, 0 unsettled)
[10:43:46]   job s09_c2 craft columns  16  levels 4  settles 21/21  end plan_done  wall 246.9 s
[10:43:51]     settle  7: 155 @   4936 d -> FAIL [('lam', 3736350.8)] (9.5 s)
[10:44:46]     settle  7: 197 @   4981 d -> FAIL [('lin', 519590.0), ('lam', 22255515.6)] (55.3 s)
[10:44:46]   budget reached (job_wall: settle 282 s of 480, 0 s of the job left): 7 candidates not settled
[10:44:46]   9 candidates dropped (settle failure / regrid failure / duplicate after truncation)
[10:44:46] RESULT s09_c3: 0 columns; frontier ; settles 15 (1 ok), regrids 0 (0 ok); wall 309 s of 300 (plan 27, price 1, settle 282; budget hit job_wall, 7 unsettled)
[10:44:48]   job s09_c3 craft columns   0  levels 4  settles 1/15  end plan_done  wall 308.9 s
[10:44:48] [slice 9] propose: 109 columns (0 bad dropped) in 310.6 s
[10:44:48] [slice 9] auction: 109 columns, kept 86, dropped {'fuel': 23}; lam 1.00 H_eff 617 d fuel budget 551 kg quota OFF stagger 60.0 d
[10:44:48] [slice 9] auction: status optimal objective 57.259 vars 86 rows 44 chosen 7 fuel 524/551 kg (0.018 s)
[10:44:52] [slice 9] fuel dual: lam 1.000 -> 1.500 (chosen 524 / budget 551 kg, ramp drops 0 of 86)
[10:44:52] [slice 9 T=4860 d] launched 8/8  covered 207  remaining 91  fuel 2852 kg  sumJi 10.6204  chosen: c0:1(+35) c1:4(+74) c2:4(+32) c4:4(+60) c5:3(+49) c6:4(+159) c7:5(+110)  rejected: -  (wall 315 s)
[10:44:52] stop: horizon at T=5477 d (slice 10)
[10:44:52] finalize: fleet/ 8 routes  covered 207  misses 91  fuel 2852 kg  sumJi 10.6204  J 103.6204  honest True
[10:44:52] p5_stagger: slice 10 phase propose T=5477 d  launched 8/8  covered 207  remaining 91  fuel 2852 kg  sumJi 10.6204  done True (horizon)
