[12:39:06] new run p14_claims_w300: N 8 H 540.0 d L 360.0 d proposer planbeam commit regrid nproc 9 stop_T None claims on (bonus 1.0, ttl 4)
[12:39:06] [slice 0] claims in force: -  (0 targets; claim_bonus 1.0, ttl 4)
[12:39:06] [slice 0 T=0 d] propose: 9 jobs (0 craft, 9 root) on 9 workers, proposer planbeam, H_eff 540 d, lam 1.0
[12:39:06] job s00_r1 (root, craft None, planbeam): T 0 d H 540 L 360; plan horizon 1620 d; remaining 298; prize >1 on 6; width 300 npt 6 mc 150 dv 1.2 drmax 0.15 plan_wall 300 s; quota {'fil': 12, 'med': 18}
[12:39:06] job s00_r2 (root, craft None, planbeam): T 0 d H 540 L 360; plan horizon 1620 d; remaining 298; prize >1 on 6; width 300 npt 6 mc 150 dv 1.2 drmax 0.15 plan_wall 300 s; quota {'fil': 12, 'med': 18}
[12:39:06] budget: job_wall 420 s, 420 s left before the plan -> plan cap 300 s (plan_wall 300, settle_reserve 90)
[12:39:06] job s00_r3 (root, craft None, planbeam): T 0 d H 540 L 360; plan horizon 1620 d; remaining 298; prize >1 on 6; width 300 npt 6 mc 150 dv 1.2 drmax 0.15 plan_wall 300 s; quota {'fil': 12, 'med': 18}
[12:39:06] job s00_r0 (root, craft None, planbeam): T 0 d H 540 L 360; plan horizon 1620 d; remaining 298; prize >1 on 6; width 300 npt 6 mc 150 dv 1.2 drmax 0.15 plan_wall 300 s; quota {'fil': 12, 'med': 18}
[12:39:06] job s00_r6 (root, craft None, planbeam): T 0 d H 540 L 360; plan horizon 1620 d; remaining 298; prize >1 on 6; width 300 npt 6 mc 150 dv 1.2 drmax 0.15 plan_wall 300 s; quota {'fil': 12, 'med': 18}
[12:39:06] job s00_r5 (root, craft None, planbeam): T 0 d H 540 L 360; plan horizon 1620 d; remaining 298; prize >1 on 6; width 300 npt 6 mc 150 dv 1.2 drmax 0.15 plan_wall 300 s; quota {'fil': 12, 'med': 18}
[12:39:06] job s00_r7 (root, craft None, planbeam): T 0 d H 540 L 360; plan horizon 1620 d; remaining 298; prize >1 on 6; width 300 npt 6 mc 150 dv 1.2 drmax 0.15 plan_wall 300 s; quota {'fil': 12, 'med': 18}
[12:39:06] job s00_r4 (root, craft None, planbeam): T 0 d H 540 L 360; plan horizon 1620 d; remaining 298; prize >1 on 6; width 300 npt 6 mc 150 dv 1.2 drmax 0.15 plan_wall 300 s; quota {'fil': 12, 'med': 18}
[12:39:06] budget: job_wall 420 s, 420 s left before the plan -> plan cap 300 s (plan_wall 300, settle_reserve 90)
[12:39:06] budget: job_wall 420 s, 420 s left before the plan -> plan cap 300 s (plan_wall 300, settle_reserve 90)
[12:39:06] job s00_r8 (root, craft None, planbeam): T 0 d H 540 L 360; plan horizon 1620 d; remaining 298; prize >1 on 6; width 300 npt 6 mc 150 dv 1.2 drmax 0.15 plan_wall 300 s; quota {'fil': 12, 'med': 18}
[12:39:06] budget: job_wall 420 s, 420 s left before the plan -> plan cap 300 s (plan_wall 300, settle_reserve 90)
[12:39:06] budget: job_wall 420 s, 420 s left before the plan -> plan cap 300 s (plan_wall 300, settle_reserve 90)
[12:39:06] budget: job_wall 420 s, 420 s left before the plan -> plan cap 300 s (plan_wall 300, settle_reserve 90)
[12:39:06] budget: job_wall 420 s, 420 s left before the plan -> plan cap 300 s (plan_wall 300, settle_reserve 90)
[12:39:06] budget: job_wall 420 s, 420 s left before the plan -> plan cap 300 s (plan_wall 300, settle_reserve 90)
[12:39:06] budget: job_wall 420 s, 420 s left before the plan -> plan cap 300 s (plan_wall 300, settle_reserve 90)
[12:39:08] plan start: 6 launch dates (70-120 d) -> 1681 launch legs with first flyby <= T+H, 192 kept (cap min(roots_max 450, 3 x width) = 450; 1.8 s)
[12:39:08] plan start: 6 launch dates (130-180 d) -> 1340 launch legs with first flyby <= T+H, 185 kept (cap min(roots_max 450, 3 x width) = 450; 1.8 s)
[12:39:08] plan start: 6 launch dates (430-480 d) -> 36 launch legs with first flyby <= T+H, 5 kept (cap min(roots_max 450, 3 x width) = 450; 1.8 s)
[12:39:08] plan start: 6 launch dates (310-360 d) -> 276 launch legs with first flyby <= T+H, 62 kept (cap min(roots_max 450, 3 x width) = 450; 1.8 s)
[12:39:08] plan start: 6 launch dates (250-300 d) -> 726 launch legs with first flyby <= T+H, 116 kept (cap min(roots_max 450, 3 x width) = 450; 1.8 s)
[12:39:08] plan start: 6 launch dates (370-420 d) -> 160 launch legs with first flyby <= T+H, 27 kept (cap min(roots_max 450, 3 x width) = 450; 1.8 s)
[12:39:08] plan start: 6 launch dates (190-240 d) -> 1235 launch legs with first flyby <= T+H, 159 kept (cap min(roots_max 450, 3 x width) = 450; 1.9 s)
[12:39:08] plan start: 6 launch dates (490-540 d) -> 0 launch legs with first flyby <= T+H, 0 kept (cap min(roots_max 450, 3 x width) = 450; 1.9 s)
[12:39:08] plan: 0 states, depth 0 new flybys, end no_children (2 s)
[12:39:08] candidates: 0 distinct committed target sets (n_new -, potential -)
[12:39:08] frontier: 0 candidates chosen (n fb / committed planner kg / continuation (lookahead) [full]; pot_mode lookahead, pot_cap None): 
[12:39:08] budget: 418 s of 420 left for the settles + regrids (settle_wall 480)
[12:39:08] RESULT s00_r8: 0 columns; frontier ; settles 0 (0 ok), regrids 0 (0 ok); wall 2 s of 420 (plan 2, price 0, settle 0; budget hit None, 0 unsettled)
[12:39:08]   job s00_r8 root  columns   0  levels 0  settles 0/0  end no_children  wall 1.9 s
[12:39:09] plan start: 7 launch dates (0-60 d) -> 2000 launch legs with first flyby <= T+H, 208 kept (cap min(roots_max 450, 3 x width) = 450; 2.1 s)
[12:40:46] plan: 2049 states, depth 11 new flybys, end plan_done (100 s); deepest 11 new to 1581 d at planner fuel 376 kg
[12:40:46]   depth  1:    5 states (5 in H), t_end 485-535 d, fuel 0-0 kg
[12:40:46]   depth  2:   58 states (0 in H), t_end 592-1085 d, fuel 7-58 kg
[12:40:46]   depth  3:  300 states (0 in H), t_end 768-1165 d, fuel 22-108 kg
[12:40:46]   depth  4:  300 states (0 in H), t_end 902-1154 d, fuel 48-159 kg
[12:40:46]   depth  5:  300 states (0 in H), t_end 1012-1264 d, fuel 66-202 kg
[12:40:46]   depth  6:  300 states (0 in H), t_end 1113-1362 d, fuel 81-240 kg
[12:40:46]   depth  7:  300 states (0 in H), t_end 1231-1494 d, fuel 119-285 kg
[12:40:46]   depth  8:  300 states (0 in H), t_end 1290-1596 d, fuel 153-321 kg
[12:40:46]   depth  9:  174 states (0 in H), t_end 1368-1620 d, fuel 221-362 kg
[12:40:46]   depth 10:   11 states (0 in H), t_end 1489-1619 d, fuel 306-389 kg
[12:40:46]   depth 11:    1 states (0 in H), t_end 1581-1581 d, fuel 376-376 kg
[12:40:46] candidates: 3 distinct committed target sets (n_new 1-1, potential 2-2)
[12:40:46] frontier: 3 candidates chosen (n fb / committed planner kg / continuation (lookahead) [full]; pot_mode lookahead, pot_cap None): 1fb/0kg/p2(2)[2], 1fb/0kg/p2(2)[2], 1fb/0kg/p2(2)[2]
[12:40:46] budget: 320 s of 420 left for the settles + regrids (settle_wall 480)
[12:40:46] RESULT s00_r7: 3 columns; frontier 1fb 0 kg p2/2; settles 3 (3 ok), regrids 3 (3 ok); wall 100 s of 420 (plan 100, price 0, settle 0; budget hit None, 0 unsettled)
[12:40:47]   job s00_r7 root  columns   3  levels 11  settles 3/3  end plan_done  wall 99.9 s
[12:41:09] plan: 2507 states, depth 10 new flybys, end plan_done (123 s); deepest 10 new to 1538 d at planner fuel 184 kg
[12:41:09]   depth  1:   27 states (27 in H), t_end 440-540 d, fuel 0-0 kg
[12:41:09]   depth  2:  276 states (0 in H), t_end 615-1125 d, fuel 5-54 kg
[12:41:09]   depth  3:  300 states (0 in H), t_end 719-960 d, fuel 18-107 kg
[12:41:09]   depth  4:  300 states (0 in H), t_end 826-1031 d, fuel 32-158 kg
[12:41:09]   depth  5:  300 states (0 in H), t_end 938-1177 d, fuel 50-195 kg
[12:41:09]   depth  6:  300 states (0 in H), t_end 1058-1438 d, fuel 63-223 kg
[12:41:09]   depth  7:  300 states (0 in H), t_end 1162-1472 d, fuel 86-261 kg
[12:41:09]   depth  8:  300 states (0 in H), t_end 1280-1510 d, fuel 104-295 kg
[12:41:09]   depth  9:  300 states (0 in H), t_end 1366-1596 d, fuel 130-325 kg
[12:41:09]   depth 10:  104 states (0 in H), t_end 1488-1619 d, fuel 184-350 kg
[12:41:09] candidates: 9 distinct committed target sets (n_new 1-1, potential 2-3)
[12:41:09] frontier: 9 candidates chosen (n fb / committed planner kg / continuation (lookahead) [full]; pot_mode lookahead, pot_cap None): 1fb/0kg/p3(3)[3], 1fb/0kg/p3(3)[3], 1fb/0kg/p3(3)[3], 1fb/0kg/p3(3)[3], 1fb/0kg/p2(2)[2], 1fb/0kg/p2(2)[2], 1fb/0kg/p2(2)[2], 1fb/0kg/p2(2)[2], 1fb/0kg/p2(2)[2]
[12:41:09] budget: 297 s of 420 left for the settles + regrids (settle_wall 480)
[12:41:09] RESULT s00_r6: 9 columns; frontier 1fb 0 kg p3/3; settles 9 (9 ok), regrids 9 (9 ok); wall 123 s of 420 (plan 123, price 0, settle 0; budget hit None, 0 unsettled)
[12:41:11]   job s00_r6 root  columns   9  levels 10  settles 9/9  end plan_done  wall 123.0 s
[12:41:21] plan: 2818 states, depth 12 new flybys, end plan_done (135 s); deepest 12 new to 1614 d at planner fuel 349 kg
[12:41:21]   depth  1:   62 states (62 in H), t_end 350-540 d, fuel 0-0 kg
[12:41:21]   depth  2:  300 states (4 in H), t_end 530-788 d, fuel 3-56 kg
[12:41:21]   depth  3:  300 states (0 in H), t_end 620-895 d, fuel 17-107 kg
[12:41:21]   depth  4:  300 states (0 in H), t_end 778-1442 d, fuel 34-155 kg
[12:41:21]   depth  5:  300 states (0 in H), t_end 858-1444 d, fuel 65-194 kg
[12:41:21]   depth  6:  300 states (0 in H), t_end 921-1444 d, fuel 108-228 kg
[12:41:21]   depth  7:  300 states (0 in H), t_end 1059-1600 d, fuel 126-261 kg
[12:41:21]   depth  8:  300 states (0 in H), t_end 1169-1620 d, fuel 162-295 kg
[12:41:21]   depth  9:  300 states (0 in H), t_end 1243-1619 d, fuel 180-334 kg
[12:41:21]   depth 10:  300 states (0 in H), t_end 1398-1620 d, fuel 205-361 kg
[12:41:21]   depth 11:   55 states (0 in H), t_end 1527-1619 d, fuel 256-371 kg
[12:41:21]   depth 12:    1 states (0 in H), t_end 1614-1614 d, fuel 349-349 kg
[12:41:21] candidates: 26 distinct committed target sets (n_new 1-2, potential 1-4)
[12:41:21] frontier: 16 candidates chosen (n fb / committed planner kg / continuation (lookahead) [full]; pot_mode lookahead, pot_cap None): 1fb/0kg/p4(4)[4], 1fb/0kg/p3(2)[3], 1fb/0kg/p3(3)[3], 1fb/0kg/p3(3)[3], 1fb/0kg/p3(3)[3], 1fb/0kg/p3(3)[3], 1fb/0kg/p3(3)[3], 1fb/0kg/p3(3)[3], 1fb/0kg/p3(3)[3], 1fb/0kg/p3(3)[3], 1fb/0kg/p3(3)[3], 1fb/0kg/p3(3)[3], 1fb/0kg/p3(3)[3], 2fb/35kg/p2(2)[2], 2fb/49kg/p2(2)[2], 2fb/55kg/p1(1)[1]
[12:41:21] budget: 285 s of 420 left for the settles + regrids (settle_wall 480)
[12:41:22]     settle  2:  93 @    531 d -> ok lintwin tank 606.4 (+4.9) miss 51 km (0.2 s)
[12:41:22]     settle  2: 276 @    540 d -> ok lintwin tank 605.8 (+4.3) miss 0 km (0.1 s)
[12:41:22]   drift: leg 276@540 d settled outside (T, T+H] -> column cut at 1
[12:41:22]     settle  2:  93 @    534 d -> ok lintwin tank 617.9 (+16.4) miss 77 km (0.1 s)
[12:41:22]   1 candidates dropped (settle failure / regrid failure / duplicate after truncation)
[12:41:22] RESULT s00_r5: 15 columns; frontier 1fb 0 kg p4/4 | 2fb 5 kg p2/2; settles 17 (17 ok), regrids 15 (15 ok); wall 136 s of 420 (plan 135, price 0, settle 1; budget hit None, 0 unsettled)
[12:41:23] plan: 2798 states, depth 11 new flybys, end plan_done (136 s); deepest 11 new to 1583 d at planner fuel 271 kg
[12:41:23]   depth  1:  208 states (208 in H), t_end 70-460 d, fuel 0-0 kg
[12:41:23]   depth  2:  300 states (297 in H), t_end 182-945 d, fuel 1-59 kg
[12:41:23]   depth  3:  300 states (242 in H), t_end 293-1110 d, fuel 18-108 kg
[12:41:23]   depth  4:  300 states (69 in H), t_end 412-1220 d, fuel 50-150 kg
[12:41:23]   depth  5:  300 states (2 in H), t_end 518-1443 d, fuel 108-191 kg
[12:41:23]   depth  6:  300 states (0 in H), t_end 840-1446 d, fuel 112-235 kg
[12:41:23]   depth  7:  300 states (0 in H), t_end 1063-1498 d, fuel 134-255 kg
[12:41:23]   depth  8:  300 states (0 in H), t_end 1198-1590 d, fuel 163-282 kg
[12:41:23]   depth  9:  300 states (0 in H), t_end 1279-1590 d, fuel 190-328 kg
[12:41:23]   depth 10:  177 states (0 in H), t_end 1381-1620 d, fuel 229-365 kg
[12:41:23]   depth 11:   13 states (0 in H), t_end 1564-1620 d, fuel 271-353 kg
[12:41:23] candidates: 377 distinct committed target sets (n_new 1-5, potential 0-3)
[12:41:23] frontier: 16 candidates chosen (n fb / committed planner kg / continuation (lookahead) [full]; pot_mode lookahead, pot_cap None): 1fb/0kg/p5(3)[5], 1fb/0kg/p4(0)[4], 1fb/0kg/p3(2)[3], 1fb/0kg/p3(0)[3], 1fb/0kg/p3(0)[3], 2fb/1kg/p0(0)[0], 2fb/4kg/p0(0)[0], 2fb/46kg/p4(3)[4], 3fb/18kg/p1(1)[1], 3fb/23kg/p0(0)[0], 3fb/78kg/p3(3)[3], 4fb/50kg/p0(0)[0], 4fb/60kg/p0(0)[0], 4fb/101kg/p2(2)[2], 5fb/117kg/p0(0)[0], 5fb/145kg/p0(0)[0]
[12:41:23] budget: 284 s of 420 left for the settles + regrids (settle_wall 480)
[12:41:23]     settle  2: 279 @    356 d -> ok lintwin tank 601.5 (+0.0) miss 0 km (0.1 s)
[12:41:23]   job s00_r5 root  columns  15  levels 12  settles 17/17  end plan_done  wall 135.9 s
[12:41:23]     settle  2: 185 @    443 d -> ok lintwin tank 601.9 (+0.4) miss 3 km (0.1 s)
[12:41:23]     settle  2:  67 @    195 d -> ok lintwin tank 615.6 (+14.1) miss 2 km (0.1 s)
[12:41:24]     settle  2:  67 @    330 d -> ok lintwin tank 603.0 (+1.5) miss 0 km (0.2 s)
[12:41:24]     settle  3: 185 @    442 d -> ok lintwin tank 605.1 (+2.1) miss 0 km (0.1 s)
[12:41:24]     settle  2: 297 @    320 d -> ok lintwin tank 606.5 (+5.0) miss 2 km (0.1 s)
[12:41:24]     settle  3: 165 @    513 d -> ok lintwin tank 608.7 (+2.2) miss 6 km (0.2 s)
[12:41:24]     settle  3: 139 @    369 d -> ok lintwin tank 627.6 (+12.0) miss 3 km (0.2 s)
[12:41:25]     settle  2: 279 @    265 d -> ok lintwin tank 608.0 (+6.5) miss 0 km (0.1 s)
[12:41:25]     settle  3: 127 @    333 d -> ok lintwin tank 614.3 (+6.3) miss 1 km (0.1 s)
[12:41:25]     settle  4: 238 @    456 d -> ok lintwin tank 616.3 (+2.0) miss 1 km (0.1 s)
[12:41:25]     settle  2: 127 @    341 d -> ok lintwin tank 613.5 (+12.0) miss 2 km (0.2 s)
[12:41:25]     settle  3: 112 @    438 d -> ok lintwin tank 620.4 (+6.9) miss 2 km (0.2 s)
[12:41:25]     settle  4:  37 @    528 d -> ok lintwin tank 626.3 (+5.9) miss 10 km (0.2 s)
[12:41:26]     settle  4: 230 @    455 d -> ok lintwin tank 632.9 (+5.3) miss 1 km (0.1 s)
[12:41:26]     settle  2: 284 @    235 d -> ok lintwin tank 612.1 (+10.6) miss 57 km (0.1 s)
[12:41:26]     settle  3: 226 @    334 d -> ok lintwin tank 623.8 (+11.7) miss 1 km (0.2 s)
[12:41:26]     settle  4: 293 @    413 d -> ok lintwin tank 625.0 (+1.2) miss 0 km (0.1 s)
[12:41:26]     settle  5: 257 @    524 d -> ok lintwin tank 640.8 (+15.8) miss 58 km (0.2 s)
[12:41:26]     settle  2: 288 @    265 d -> ok lintwin tank 605.2 (+3.7) miss 19 km (0.1 s)
[12:41:27]     settle  3: 226 @    334 d -> ok lintwin tank 613.0 (+7.8) miss 8 km (0.1 s)
[12:41:27]     settle  4: 293 @    412 d -> ok lintwin tank 626.5 (+13.5) miss 8 km (0.2 s)
[12:41:27]     settle  5: 254 @    518 d -> ok lintwin tank 633.8 (+7.3) miss 11 km (0.4 s)
[12:41:27] RESULT s00_r0: 16 columns; frontier 1fb 0 kg p3/3 | 2fb 0 kg p0/3 | 3fb 4 kg p1/3 | 4fb 15 kg p0/2 | 5fb 32 kg p0/0; settles 32 (32 ok), regrids 16 (16 ok); wall 141 s of 420 (plan 136, price 0, settle 5; budget hit None, 0 unsettled)
[12:41:29]   job s00_r0 root  columns  16  levels 11  settles 32/32  end plan_done  wall 140.8 s
[12:41:29] plan: 2972 states, depth 12 new flybys, end plan_done (143 s); deepest 12 new to 1590 d at planner fuel 336 kg
[12:41:29]   depth  1:  116 states (116 in H), t_end 295-540 d, fuel 0-0 kg
[12:41:29]   depth  2:  300 states (44 in H), t_end 460-706 d, fuel 4-56 kg
[12:41:29]   depth  3:  300 states (2 in H), t_end 538-813 d, fuel 11-103 kg
[12:41:29]   depth  4:  300 states (0 in H), t_end 709-896 d, fuel 25-147 kg
[12:41:29]   depth  5:  300 states (0 in H), t_end 796-975 d, fuel 66-182 kg
[12:41:29]   depth  6:  300 states (0 in H), t_end 904-1444 d, fuel 82-217 kg
[12:41:29]   depth  7:  300 states (0 in H), t_end 1007-1602 d, fuel 96-256 kg
[12:41:29]   depth  8:  300 states (0 in H), t_end 1110-1600 d, fuel 123-298 kg
[12:41:29]   depth  9:  300 states (0 in H), t_end 1247-1616 d, fuel 130-319 kg
[12:41:29]   depth 10:  300 states (0 in H), t_end 1317-1611 d, fuel 154-357 kg
[12:41:29]   depth 11:  150 states (0 in H), t_end 1486-1619 d, fuel 268-396 kg
[12:41:29]   depth 12:    6 states (0 in H), t_end 1589-1607 d, fuel 336-432 kg
[12:41:29] candidates: 67 distinct committed target sets (n_new 1-3, potential 0-4)
[12:41:29] frontier: 16 candidates chosen (n fb / committed planner kg / continuation (lookahead) [full]; pot_mode lookahead, pot_cap None): 1fb/0kg/p4(3)[4], 1fb/0kg/p4(3)[4], 1fb/0kg/p4(2)[4], 1fb/0kg/p4(2)[4], 1fb/0kg/p4(4)[4], 1fb/0kg/p3(3)[3], 1fb/0kg/p3(2)[3], 1fb/0kg/p3(3)[3], 1fb/0kg/p3(3)[3], 1fb/0kg/p3(2)[3], 1fb/0kg/p3(3)[3], 2fb/5kg/p2(2)[2], 2fb/16kg/p1(1)[1], 2fb/18kg/p3(3)[3], 3fb/54kg/p2(2)[2], 3fb/63kg/p2(2)[2]
[12:41:29] budget: 277 s of 420 left for the settles + regrids (settle_wall 480)
[12:41:30]     settle  2:  93 @    518 d -> ok lintwin tank 603.4 (+1.9) miss 0 km (0.2 s)
[12:41:30]     settle  2: 276 @    540 d -> ok lintwin tank 602.5 (+1.0) miss 1 km (0.1 s)
[12:41:30]   drift: leg 276@540 d settled outside (T, T+H] -> column cut at 1
[12:41:30]     settle  2: 244 @    525 d -> ok lintwin tank 604.5 (+3.0) miss 0 km (0.1 s)
[12:41:30]     settle  2:   8 @    492 d -> ok lintwin tank 605.9 (+4.4) miss 56 km (0.1 s)
[12:41:30]     settle  3: 276 @    538 d -> ok lintwin tank 612.8 (+6.9) miss 69 km (0.1 s)
[12:41:30]     settle  2:   8 @    490 d -> ok lintwin tank 604.7 (+3.2) miss 0 km (0.1 s)
[12:41:31]     settle  3: 276 @    539 d -> ok lintwin tank 613.5 (+8.8) miss 1 km (0.2 s)
[12:41:31]   1 candidates dropped (settle failure / regrid failure / duplicate after truncation)
[12:41:31] RESULT s00_r4: 15 columns; frontier 1fb 0 kg p3/4 | 2fb 2 kg p2/3 | 3fb 11 kg p2/2; settles 18 (18 ok), regrids 15 (15 ok); wall 144 s of 420 (plan 143, price 0, settle 1; budget hit None, 0 unsettled)
[12:41:31]   job s00_r4 root  columns  15  levels 12  settles 18/18  end plan_done  wall 144.1 s
[12:41:39] plan: 3182 states, depth 12 new flybys, end plan_done (152 s); deepest 12 new to 1492 d at planner fuel 318 kg
[12:41:39]   depth  1:  159 states (159 in H), t_end 275-540 d, fuel 0-0 kg
[12:41:39]   depth  2:  300 states (185 in H), t_end 405-604 d, fuel 1-61 kg
[12:41:39]   depth  3:  300 states (16 in H), t_end 478-722 d, fuel 16-111 kg
[12:41:39]   depth  4:  300 states (0 in H), t_end 598-860 d, fuel 36-158 kg
[12:41:39]   depth  5:  300 states (0 in H), t_end 770-966 d, fuel 50-203 kg
[12:41:39]   depth  6:  300 states (0 in H), t_end 858-1445 d, fuel 81-245 kg
[12:41:39]   depth  7:  300 states (0 in H), t_end 974-1597 d, fuel 135-289 kg
[12:41:39]   depth  8:  300 states (0 in H), t_end 1086-1606 d, fuel 151-329 kg
[12:41:39]   depth  9:  300 states (0 in H), t_end 1238-1609 d, fuel 187-360 kg
[12:41:39]   depth 10:  300 states (0 in H), t_end 1332-1599 d, fuel 238-394 kg
[12:41:39]   depth 11:  300 states (0 in H), t_end 1424-1620 d, fuel 279-416 kg
[12:41:39]   depth 12:   23 states (0 in H), t_end 1492-1618 d, fuel 318-431 kg
[12:41:39] candidates: 144 distinct committed target sets (n_new 1-3, potential 0-4)
[12:41:39] frontier: 16 candidates chosen (n fb / committed planner kg / continuation (lookahead) [full]; pot_mode lookahead, pot_cap None): 1fb/0kg/p5(4)[5], 1fb/0kg/p5(3)[5], 1fb/0kg/p5(4)[5], 1fb/0kg/p4(3)[4], 1fb/0kg/p4(3)[4], 1fb/0kg/p4(3)[4], 1fb/0kg/p4(3)[4], 1fb/0kg/p4(3)[4], 1fb/0kg/p4(4)[4], 1fb/0kg/p4(2)[4], 2fb/2kg/p2(2)[2], 2fb/10kg/p3(2)[3], 2fb/33kg/p4(4)[4], 3fb/34kg/p1(1)[1], 3fb/47kg/p2(2)[2], 3fb/103kg/p3(3)[3]
[12:41:39] budget: 268 s of 420 left for the settles + regrids (settle_wall 480)
[12:41:39]     settle  2: 162 @    480 d -> ok lintwin tank 602.0 (+0.5) miss 0 km (0.3 s)
[12:41:40]     settle  2: 293 @    409 d -> ok lintwin tank 608.6 (+7.1) miss 2 km (0.3 s)
[12:41:40]     settle  2:  94 @    465 d -> ok lintwin tank 607.5 (+6.0) miss 0 km (0.1 s)
[12:41:40]     settle  2: 117 @    465 d -> ok lintwin tank 605.4 (+3.9) miss 0 km (0.1 s)
[12:41:40]     settle  3: 299 @    537 d -> ok lintwin tank 617.7 (+12.3) miss 12 km (0.1 s)
[12:41:40]     settle  2:  19 @    418 d -> ok lintwin tank 601.7 (+0.2) miss 0 km (0.1 s)
[12:41:40]     settle  3: 150 @    510 d -> ok lintwin tank 607.5 (+5.8) miss 0 km (0.1 s)
[12:41:41]     settle  2:  19 @    415 d -> ok lintwin tank 601.7 (+0.2) miss 1 km (0.1 s)
[12:41:41]     settle  3: 162 @    478 d -> ok lintwin tank 612.5 (+10.9) miss 3 km (0.1 s)
[12:41:41] RESULT s00_r3: 16 columns; frontier 1fb 0 kg p4/4 | 2fb 0 kg p2/4 | 3fb 6 kg p2/3; settles 21 (21 ok), regrids 16 (16 ok); wall 154 s of 420 (plan 152, price 0, settle 2; budget hit None, 0 unsettled)
[12:41:41]   job s00_r3 root  columns  16  levels 12  settles 21/21  end plan_done  wall 154.3 s
[12:41:44] plan: 3291 states, depth 13 new flybys, end plan_done (158 s); deepest 13 new to 1619 d at planner fuel 438 kg
[12:41:44]   depth  1:  185 states (185 in H), t_end 175-540 d, fuel 0-0 kg
[12:41:44]   depth  2:  300 states (211 in H), t_end 334-581 d, fuel 2-59 kg
[12:41:44]   depth  3:  300 states (26 in H), t_end 444-699 d, fuel 15-105 kg
[12:41:44]   depth  4:  300 states (0 in H), t_end 594-811 d, fuel 26-154 kg
[12:41:44]   depth  5:  300 states (0 in H), t_end 672-947 d, fuel 32-196 kg
[12:41:44]   depth  6:  300 states (0 in H), t_end 814-1040 d, fuel 38-238 kg
[12:41:44]   depth  7:  300 states (0 in H), t_end 882-1444 d, fuel 70-289 kg
[12:41:44]   depth  8:  300 states (0 in H), t_end 1019-1592 d, fuel 85-323 kg
[12:41:44]   depth  9:  300 states (0 in H), t_end 1127-1616 d, fuel 115-366 kg
[12:41:44]   depth 10:  300 states (0 in H), t_end 1271-1613 d, fuel 187-401 kg
[12:41:44]   depth 11:  300 states (0 in H), t_end 1340-1608 d, fuel 214-439 kg
[12:41:44]   depth 12:  101 states (0 in H), t_end 1459-1620 d, fuel 276-459 kg
[12:41:44]   depth 13:    5 states (0 in H), t_end 1565-1619 d, fuel 438-466 kg
[12:41:44] candidates: 172 distinct committed target sets (n_new 1-3, potential 0-5)
[12:41:44] frontier: 16 candidates chosen (n fb / committed planner kg / continuation (lookahead) [full]; pot_mode lookahead, pot_cap None): 1fb/0kg/p6(5)[6], 1fb/0kg/p5(3)[5], 1fb/0kg/p5(3)[5], 1fb/0kg/p5(3)[5], 1fb/0kg/p5(4)[5], 1fb/0kg/p5(3)[5], 1fb/0kg/p5(3)[5], 1fb/0kg/p5(4)[5], 1fb/0kg/p4(3)[4], 1fb/0kg/p4(3)[4], 2fb/2kg/p0(0)[0], 2fb/4kg/p1(1)[1], 2fb/18kg/p5(5)[5], 3fb/29kg/p3(3)[3], 3fb/36kg/p1(1)[1], 3fb/38kg/p2(2)[2]
[12:41:44] budget: 262 s of 420 left for the settles + regrids (settle_wall 480)
[12:41:45]     settle  2:  42 @    484 d -> ok lintwin tank 602.0 (+0.5) miss 0 km (0.5 s)
[12:41:46]     settle  2:  42 @    490 d -> ok lintwin tank 602.1 (+0.6) miss 7 km (0.6 s)
[12:41:46]     settle  2:  29 @    469 d -> ok lintwin tank 601.5 (+0.0) miss 0 km (0.1 s)
[12:41:46]     settle  2: 230 @    443 d -> ok lintwin tank 603.9 (+2.4) miss 0 km (0.3 s)
[12:41:47]     settle  3: 281 @    538 d -> ok lintwin tank 604.9 (+1.0) miss 0 km (0.3 s)
[12:41:47]     settle  2: 294 @    334 d -> ok lintwin tank 613.9 (+12.4) miss 76 km (0.3 s)
[12:41:48]     settle  3:  37 @    537 d -> ok lam tank 625.7 (+11.8) miss 92 km (1.0 s)
[12:41:49]   regrid FAIL (3 fb: miss 4005 km, None, 0.6 s) -> column dropped
[12:41:49]     settle  2:   5 @    340 d -> ok lintwin tank 602.8 (+1.3) miss 0 km (0.1 s)
[12:41:49]     settle  3:  60 @    460 d -> ok lintwin tank 613.0 (+10.2) miss 5 km (0.1 s)
[12:41:49]   1 candidates dropped (settle failure / regrid failure / duplicate after truncation)
[12:41:49] RESULT s00_r2: 15 columns; frontier 1fb 0 kg p5/5 | 2fb 0 kg p5/5 | 3fb 3 kg p3/3; settles 21 (21 ok), regrids 16 (15 ok); wall 163 s of 420 (plan 158, price 0, settle 5; budget hit None, 0 unsettled)
[12:41:49]   job s00_r2 root  columns  15  levels 13  settles 21/21  end plan_done  wall 162.7 s
[12:42:10] plan: 3758 states, depth 14 new flybys, end plan_done (184 s); deepest 14 new to 1604 d at planner fuel 405 kg
[12:42:10]   depth  1:  192 states (192 in H), t_end 95-510 d, fuel 0-0 kg
[12:42:10]   depth  2:  300 states (300 in H), t_end 190-503 d, fuel 5-59 kg
[12:42:10]   depth  3:  300 states (132 in H), t_end 314-609 d, fuel 27-108 kg
[12:42:10]   depth  4:  300 states (16 in H), t_end 460-690 d, fuel 39-154 kg
[12:42:10]   depth  5:  300 states (0 in H), t_end 548-807 d, fuel 64-206 kg
[12:42:10]   depth  6:  300 states (0 in H), t_end 620-917 d, fuel 106-252 kg
[12:42:10]   depth  7:  300 states (0 in H), t_end 709-1442 d, fuel 122-296 kg
[12:42:10]   depth  8:  300 states (0 in H), t_end 834-1440 d, fuel 160-338 kg
[12:42:10]   depth  9:  300 states (0 in H), t_end 944-1441 d, fuel 173-382 kg
[12:42:10]   depth 10:  300 states (0 in H), t_end 1009-1600 d, fuel 206-400 kg
[12:42:10]   depth 11:  300 states (0 in H), t_end 1194-1607 d, fuel 234-437 kg
[12:42:10]   depth 12:  300 states (0 in H), t_end 1291-1609 d, fuel 250-468 kg
[12:42:10]   depth 13:  251 states (0 in H), t_end 1422-1620 d, fuel 300-505 kg
[12:42:10]   depth 14:   15 states (0 in H), t_end 1538-1616 d, fuel 405-511 kg
[12:42:10] candidates: 277 distinct committed target sets (n_new 1-4, potential 0-5)
[12:42:10] frontier: 16 candidates chosen (n fb / committed planner kg / continuation (lookahead) [full]; pot_mode lookahead, pot_cap None): 1fb/0kg/p7(4)[7], 1fb/0kg/p7(5)[7], 1fb/0kg/p6(4)[6], 1fb/0kg/p6(3)[6], 1fb/0kg/p6(5)[6], 1fb/0kg/p5(3)[5], 2fb/5kg/p0(0)[0], 2fb/6kg/p2(1)[2], 2fb/53kg/p6(5)[6], 2fb/54kg/p6(4)[6], 3fb/34kg/p1(1)[1], 3fb/41kg/p3(3)[3], 3fb/62kg/p5(5)[5], 4fb/94kg/p2(2)[2], 4fb/96kg/p2(2)[2], 4fb/152kg/p4(4)[4]
[12:42:10] budget: 236 s of 420 left for the settles + regrids (settle_wall 480)
[12:42:11]     settle  2:  42 @    485 d -> ok lintwin tank 602.9 (+1.4) miss 0 km (0.2 s)
[12:42:12]     settle  2:  19 @    420 d -> ok lintwin tank 601.9 (+0.4) miss 0 km (0.5 s)
[12:42:12]     settle  2: 297 @    311 d -> ok lintwin tank 619.4 (+17.9) miss 18 km (0.1 s)
[12:42:12]     settle  2: 162 @    200 d -> ok lintwin tank 609.6 (+8.1) miss 1 km (0.1 s)
[12:42:12]     settle  3:  81 @    504 d -> ok lintwin tank 603.0 (+1.1) miss 90 km (0.3 s)
[12:42:12]     settle  2: 270 @    365 d -> ok lintwin tank 608.7 (+7.2) miss 0 km (0.1 s)
[12:42:13]     settle  3: 112 @    440 d -> ok lintwin tank 610.6 (+1.9) miss 0 km (0.1 s)
[12:42:13]     settle  3:  61 @    405 d -> ok lintwin tank 619.7 (+0.3) miss 1 km (0.1 s)
[12:42:13]     settle  2: 279 @    285 d -> ok lintwin tank 601.9 (+0.4) miss 92 km (0.1 s)
[12:42:13]     settle  3:  11 @    383 d -> ok lintwin tank 619.5 (+17.6) miss 20 km (0.1 s)
[12:42:13]     settle  4:  60 @    480 d -> ok lintwin tank 630.8 (+11.3) miss 3 km (0.2 s)
[12:42:14]     settle  3: 291 @    378 d -> ok lam tank 629.0 (+9.6) miss 76 km (0.8 s)
[12:42:15]     settle  4: 165 @    514 d -> ok lam tank 631.3 (+2.3) miss 57 km (1.1 s)
[12:42:16]   regrid FAIL (4 fb: miss 353761 km, None, 0.6 s) -> column dropped
[12:42:16]     settle  3: 128 @    356 d -> ok lintwin tank 631.8 (+22.1) miss 74 km (0.3 s)
[12:42:16]     settle  4:  28 @    465 d -> ok lintwin tank 651.2 (+19.5) miss 66 km (0.4 s)
[12:42:16]   1 candidates dropped (settle failure / regrid failure / duplicate after truncation)
[12:42:17] RESULT s00_r1: 15 columns; frontier 1fb 0 kg p4/5 | 2fb 0 kg p1/5 | 3fb 2 kg p1/5 | 4fb 29 kg p2/4; settles 23 (23 ok), regrids 16 (15 ok); wall 190 s of 420 (plan 184, price 0, settle 6; budget hit None, 0 unsettled)
[12:42:17]   job s00_r1 root  columns  15  levels 14  settles 23/23  end plan_done  wall 190.1 s
[12:42:17] [slice 0] propose: 104 columns (0 bad dropped) in 190.8 s
[12:42:17] [slice 0] auction: 104 columns, kept 104, dropped {}; lam 1.00 H_eff 540 d fuel budget 482 kg quota on
[12:42:17] [slice 0] auction: status optimal objective 31.962 vars 104 rows 42 chosen 8 fuel 151/482 kg (0.02 s)
[12:42:19] [slice 0] claims: c1:3 c3:4 c4:1 c5:2 c6:2 c7:2  (14 targets: 0 kept, 14 new; 0 released, 0 expired (ttl 4), 0 conflicts)
[12:42:19] [slice 0 T=0 d] launched 8/8  covered 28  remaining 270  fuel 163 kg  sumJi 8.1188  chosen: r->c0:5(+32) r->c1:3(+26) r->c2:4(+25) r->c3:3(+18) r->c4:4(+29) r->c5:3(+3) r->c6:3(+6) r->c7:3(+11)  rejected: -  (wall 193 s)
[12:42:19] [slice 1] claims in force: c1:3 c3:4 c4:1 c5:2 c6:2 c7:2  (14 targets; claim_bonus 1.0, ttl 4)
[12:42:19]   c0: claims: 0 own (prized +1.0), 14 claimed by others withheld
[12:42:19]   c1: claims: 3 own (prized +1.0), 11 claimed by others withheld
[12:42:19]   c2: claims: 0 own (prized +1.0), 14 claimed by others withheld
[12:42:19]   c3: claims: 4 own (prized +1.0), 10 claimed by others withheld
[12:42:19]   c4: claims: 1 own (prized +1.0), 13 claimed by others withheld
[12:42:19]   c5: claims: 2 own (prized +1.0), 12 claimed by others withheld
[12:42:19]   c6: claims: 2 own (prized +1.0), 12 claimed by others withheld
[12:42:19]   c7: claims: 2 own (prized +1.0), 12 claimed by others withheld
[12:42:19] [slice 1 T=540 d] propose: 8 jobs (8 craft, 0 root) on 9 workers, proposer planbeam, H_eff 540 d, lam 1.0
[12:42:19] job s01_c0 (craft, craft 0, planbeam): T 540 d H 540 L 360; plan horizon 2160 d; remaining 256; prize >1 on 18; width 300 npt 6 mc 150 dv 1.2 drmax 0.15 plan_wall 300 s; quota {'fil': 10, 'med': 16}
[12:42:19] job s01_c3 (craft, craft 3, planbeam): T 540 d H 540 L 360; plan horizon 2160 d; remaining 260; prize >1 on 22; width 300 npt 6 mc 150 dv 1.2 drmax 0.15 plan_wall 300 s; quota {'fil': 10, 'med': 18}
[12:42:19] job s01_c1 (craft, craft 1, planbeam): T 540 d H 540 L 360; plan horizon 2160 d; remaining 259; prize >1 on 21; width 300 npt 6 mc 150 dv 1.2 drmax 0.15 plan_wall 300 s; quota {'fil': 11, 'med': 17}
[12:42:19] job s01_c2 (craft, craft 2, planbeam): T 540 d H 540 L 360; plan horizon 2160 d; remaining 256; prize >1 on 18; width 300 npt 6 mc 150 dv 1.2 drmax 0.15 plan_wall 300 s; quota {'fil': 8, 'med': 18}
[12:42:19] job s01_c5 (craft, craft 5, planbeam): T 540 d H 540 L 360; plan horizon 2160 d; remaining 258; prize >1 on 20; width 300 npt 6 mc 150 dv 1.2 drmax 0.15 plan_wall 300 s; quota {'fil': 10, 'med': 17}
[12:42:19] job s01_c4 (craft, craft 4, planbeam): T 540 d H 540 L 360; plan horizon 2160 d; remaining 257; prize >1 on 19; width 300 npt 6 mc 150 dv 1.2 drmax 0.15 plan_wall 300 s; quota {'fil': 9, 'med': 18}
[12:42:19] job s01_c6 (craft, craft 6, planbeam): T 540 d H 540 L 360; plan horizon 2160 d; remaining 258; prize >1 on 20; width 300 npt 6 mc 150 dv 1.2 drmax 0.15 plan_wall 300 s; quota {'fil': 11, 'med': 16}
[12:42:19] job s01_c7 (craft, craft 7, planbeam): T 540 d H 540 L 360; plan horizon 2160 d; remaining 258; prize >1 on 20; width 300 npt 6 mc 150 dv 1.2 drmax 0.15 plan_wall 300 s; quota {'fil': 11, 'med': 17}
[12:42:19] prefix slices/s01/in/craft_3.npz: 3 flybys, t_end 405.8 d, tank 619.7 kg (planner view), miss 1.1 km, nreg 19
[12:42:19] prefix slices/s01/in/craft_7.npz: 3 flybys, t_end 538.0 d, tank 612.8 kg (planner view), miss 88.9 km, nreg 16
[12:42:19] budget: job_wall 420 s, 420 s left before the plan -> plan cap 300 s (plan_wall 300, settle_reserve 90)
[12:42:19] budget: job_wall 420 s, 420 s left before the plan -> plan cap 300 s (plan_wall 300, settle_reserve 90)
[12:42:19] prefix slices/s01/in/craft_6.npz: 3 flybys, t_end 510.4 d, tank 607.5 kg (planner view), miss 0.0 km, nreg 19
[12:42:19] budget: job_wall 420 s, 420 s left before the plan -> plan cap 300 s (plan_wall 300, settle_reserve 90)
[12:42:19] prefix slices/s01/in/craft_1.npz: 3 flybys, t_end 369.5 d, tank 627.6 kg (planner view), miss 0.0 km, nreg 21
[12:42:19] budget: job_wall 420 s, 420 s left before the plan -> plan cap 300 s (plan_wall 300, settle_reserve 90)
[12:42:19] prefix slices/s01/in/craft_5.npz: 3 flybys, t_end 537.1 d, tank 604.9 kg (planner view), miss 0.0 km, nreg 23
[12:42:19] prefix slices/s01/in/craft_4.npz: 4 flybys, t_end 480.3 d, tank 630.8 kg (planner view), miss 0.0 km, nreg 23
[12:42:19] budget: job_wall 420 s, 420 s left before the plan -> plan cap 300 s (plan_wall 300, settle_reserve 90)
[12:42:19] budget: job_wall 420 s, 420 s left before the plan -> plan cap 300 s (plan_wall 300, settle_reserve 90)
[12:42:19] prefix slices/s01/in/craft_2.npz: 4 flybys, t_end 528.7 d, tank 626.3 kg (planner view), miss 0.1 km, nreg 28
[12:42:19] budget: job_wall 420 s, 420 s left before the plan -> plan cap 300 s (plan_wall 300, settle_reserve 90)
[12:42:19] prefix slices/s01/in/craft_0.npz: 5 flybys, t_end 515.1 d, tank 633.8 kg (planner view), miss 0.1 km, nreg 28
[12:42:19] budget: job_wall 420 s, 420 s left before the plan -> plan cap 300 s (plan_wall 300, settle_reserve 90)
[12:42:24] first level (both): 0 production + 32 relaxed (dv 2.5, 0.3 AU; 0.1 s) + 65 lintwin children -> 85 unique (4.3 s)
[12:42:24] plan start: prefix 3 flybys, t_end 538.0 d, planner mass 1570.5 kg (dv 0.730 km/s); 85 first-level states
[12:42:24] first level (both): 0 production + 50 relaxed (dv 2.5, 0.3 AU; 0.1 s) + 80 lintwin children -> 111 unique (4.7 s)
[12:42:24] plan start: prefix 3 flybys, t_end 510.4 d, planner mass 1584.2 kg (dv 0.388 km/s); 111 first-level states
[12:42:24] first level (both): 0 production + 69 relaxed (dv 2.5, 0.3 AU; 0.1 s) + 104 lintwin children -> 144 unique (5.0 s)
[12:42:24] plan start: prefix 3 flybys, t_end 405.8 d, planner mass 1552.9 kg (dv 1.171 km/s); 144 first-level states
[12:42:24] first level (both): 0 production + 71 relaxed (dv 2.5, 0.3 AU; 0.1 s) + 72 lintwin children -> 109 unique (5.0 s)
[12:42:24] plan start: prefix 3 flybys, t_end 537.1 d, planner mass 1591.1 kg (dv 0.218 km/s); 109 first-level states
[12:42:24] first level (both): 0 production + 150 relaxed (dv 2.5, 0.3 AU; 0.1 s) + 70 lintwin children -> 145 unique (5.1 s)
[12:42:24] plan start: prefix 4 flybys, t_end 528.7 d, planner mass 1536.7 kg (dv 1.584 km/s); 145 first-level states
[12:42:25] first level (both): 0 production + 49 relaxed (dv 2.5, 0.3 AU; 0.1 s) + 75 lintwin children -> 103 unique (5.2 s)
[12:42:25] plan start: prefix 4 flybys, t_end 480.3 d, planner mass 1525.7 kg (dv 1.864 km/s); 103 first-level states
[12:42:25] first level (both): 0 production + 57 relaxed (dv 2.5, 0.3 AU; 0.1 s) + 79 lintwin children -> 113 unique (5.5 s)
[12:42:25] plan start: prefix 3 flybys, t_end 369.5 d, planner mass 1533.6 kg (dv 1.663 km/s); 113 first-level states
[12:42:25] first level (both): 0 production + 55 relaxed (dv 2.5, 0.3 AU; 0.1 s) + 77 lintwin children -> 108 unique (5.8 s)
[12:42:25] plan start: prefix 5 flybys, t_end 515.1 d, planner mass 1518.5 kg (dv 2.051 km/s); 108 first-level states
[12:43:46] plan: 1820 states, depth 8 new flybys, end plan_done (86 s); deepest 8 new to 2105 d at planner fuel 252 kg
[12:43:46]   depth  1:  113 states (103 in H), t_end 541-1224 d, fuel 75-179 kg
[12:43:46]   depth  2:  300 states (227 in H), t_end 643-1717 d, fuel 83-217 kg
[12:43:46]   depth  3:  300 states (16 in H), t_end 934-1961 d, fuel 128-246 kg
[12:43:46]   depth  4:  300 states (0 in H), t_end 1097-2039 d, fuel 139-284 kg
[12:43:46]   depth  5:  300 states (0 in H), t_end 1445-2151 d, fuel 154-316 kg
[12:43:46]   depth  6:  300 states (0 in H), t_end 1854-2159 d, fuel 180-358 kg
[12:43:46]   depth  7:  186 states (0 in H), t_end 1950-2156 d, fuel 208-332 kg
[12:43:46]   depth  8:   21 states (0 in H), t_end 2101-2144 d, fuel 252-351 kg
[12:43:46] candidates: 185 distinct committed target sets (n_new 1-3, potential 0-2)
[12:43:46] frontier: 16 candidates chosen (n fb / committed planner kg / continuation (lookahead) [full]; pot_mode lookahead, pot_cap None): 1fb/75kg/p2(2)[2], 1fb/81kg/p1(0)[1], 1fb/86kg/p2(2)[2], 1fb/91kg/p3(1)[3], 1fb/114kg/p3(1)[3], 1fb/127kg/p2(0)[2], 1fb/128kg/p2(1)[2], 1fb/128kg/p3(2)[3], 1fb/131kg/p2(2)[2], 1fb/137kg/p3(2)[3], 2fb/97kg/p0(0)[0], 2fb/113kg/p2(2)[2], 2fb/121kg/p0(0)[0], 3fb/145kg/p1(1)[1], 3fb/170kg/p0(0)[0], 3fb/173kg/p1(1)[1]
[12:43:46] budget: 334 s of 420 left for the settles + regrids (settle_wall 480)
[12:43:46]     settle  4: 107 @    841 d -> ok lintwin tank 634.1 (+6.6) miss 3 km (0.3 s)
[12:43:46]     settle  4: 266 @    936 d -> ok lintwin tank 632.7 (+5.1) miss 1 km (0.3 s)
[12:43:47]     settle  4: 290 @    782 d -> ok lintwin tank 634.7 (+7.1) miss 58 km (0.4 s)
[12:43:47]     settle  4: 286 @    603 d -> ok lintwin tank 636.1 (+8.5) miss 0 km (0.3 s)
[12:43:48]     settle  4: 216 @    719 d -> ok lintwin tank 650.7 (+23.1) miss 28 km (0.3 s)
[12:43:49]     settle  4:  31 @    672 d -> ok lintwin tank 649.4 (+21.8) miss 8 km (0.7 s)
[12:43:49]     settle  4: 195 @    541 d -> ok lintwin tank 655.1 (+27.5) miss 72 km (0.3 s)
[12:43:49]     settle  4:   2 @    766 d -> ok lintwin tank 644.7 (+17.1) miss 48 km (0.5 s)
[12:43:51]     settle  4: 190 @    880 d -> ok lintwin tank 633.2 (+5.6) miss 12 km (1.0 s)
[12:43:51]     settle  4: 173 @    630 d -> ok lintwin tank 644.2 (+16.7) miss 25 km (0.3 s)
[12:43:51]     settle  5: 189 @   1066 d -> ok lintwin tank 636.6 (+3.9) miss 1 km (0.2 s)
[12:43:52]     settle  4: 286 @    599 d -> ok lintwin tank 636.1 (+8.5) miss 0 km (0.3 s)
[12:43:52]     settle  5: 200 @    809 d -> ok lintwin tank 642.6 (+6.6) miss 3 km (0.5 s)
[12:43:53]     settle  4: 173 @    637 d -> ok lintwin tank 644.5 (+17.0) miss 3 km (0.2 s)
[12:43:53]     settle  5: 266 @    926 d -> ok lintwin tank 644.6 (+0.1) miss 14 km (0.2 s)
[12:43:53]     settle  5: 286 @    949 d -> ok lintwin tank 664.9 (+14.2) miss 46 km (0.6 s)
[12:43:54]     settle  6: 105 @   1043 d -> ok lintwin tank 666.7 (+1.9) miss 30 km (0.3 s)
[12:43:55]     settle  5: 286 @    951 d -> ok lintwin tank 654.0 (+9.3) miss 18 km (0.8 s)
[12:43:55]     settle  6: 105 @   1037 d -> ok lintwin tank 661.7 (+7.7) miss 67 km (0.3 s)
[12:43:56]     settle  6:  54 @   1074 d -> ok lintwin tank 670.1 (+5.2) miss 69 km (0.6 s)
[12:43:56] RESULT s01_c1: 16 columns; frontier 1fb 5 kg p0/2 | 2fb 9 kg p0/2 | 3fb 34 kg p0/1; settles 20 (20 ok), regrids 16 (16 ok); wall 97 s of 420 (plan 86, price 0, settle 10; budget hit None, 0 unsettled)
[12:43:58]   job s01_c1 craft columns  16  levels 8  settles 20/20  end plan_done  wall 96.7 s
[12:44:03] plan: 2291 states, depth 10 new flybys, end plan_done (103 s); deepest 10 new to 2083 d at planner fuel 321 kg
[12:44:03]   depth  1:   85 states (77 in H), t_end 656-1174 d, fuel 30-147 kg
[12:44:03]   depth  2:  273 states (74 in H), t_end 721-1774 d, fuel 48-185 kg
[12:44:03]   depth  3:  300 states (25 in H), t_end 808-2097 d, fuel 74-229 kg
[12:44:03]   depth  4:  300 states (5 in H), t_end 1019-2114 d, fuel 84-243 kg
[12:44:03]   depth  5:  300 states (0 in H), t_end 1156-2152 d, fuel 110-277 kg
[12:44:03]   depth  6:  300 states (0 in H), t_end 1657-2113 d, fuel 122-258 kg
[12:44:03]   depth  7:  300 states (0 in H), t_end 1762-2015 d, fuel 167-273 kg
[12:44:03]   depth  8:  300 states (0 in H), t_end 1855-2122 d, fuel 218-314 kg
[12:44:03]   depth  9:  119 states (0 in H), t_end 1939-2160 d, fuel 263-349 kg
[12:44:03]   depth 10:   14 states (0 in H), t_end 2079-2156 d, fuel 321-380 kg
[12:44:03] candidates: 125 distinct committed target sets (n_new 1-4, potential 0-3)
[12:44:03] frontier: 16 candidates chosen (n fb / committed planner kg / continuation (lookahead) [full]; pot_mode lookahead, pot_cap None): 1fb/30kg/p1(1)[1], 1fb/33kg/p1(0)[1], 1fb/48kg/p4(3)[4], 1fb/76kg/p4(1)[4], 1fb/115kg/p4(2)[4], 1fb/128kg/p3(2)[3], 2fb/48kg/p1(1)[1], 2fb/64kg/p0(0)[0], 2fb/89kg/p3(2)[3], 2fb/90kg/p3(3)[3], 3fb/95kg/p1(1)[1], 3fb/115kg/p2(2)[2], 3fb/129kg/p2(2)[2], 4fb/171kg/p1(1)[1], 4fb/174kg/p1(1)[1], 4fb/182kg/p1(1)[1]
[12:44:03] budget: 317 s of 420 left for the settles + regrids (settle_wall 480)
[12:44:03]     settle  4:  68 @   1043 d -> ok lintwin tank 613.6 (+0.8) miss 2 km (0.2 s)
[12:44:04]     settle  4: 163 @    921 d -> ok lintwin tank 621.3 (+8.5) miss 12 km (0.4 s)
[12:44:04]     settle  4: 102 @    797 d -> ok lintwin tank 619.2 (+6.4) miss 5 km (0.2 s)
[12:44:04]     settle  4: 294 @    656 d -> ok lintwin tank 631.6 (+18.8) miss 7 km (0.2 s)
[12:44:04]     settle  4: 178 @    718 d -> ok lintwin tank 613.5 (+0.7) miss 1 km (0.2 s)
[12:44:05]     settle  4: 193 @    689 d -> ok lintwin tank 684.3 (+71.5) miss 63 km (0.5 s)
[12:44:05]     settle  4: 178 @    723 d -> ok lintwin tank 613.5 (+0.7) miss 1 km (0.2 s)
[12:44:05]     settle  5:  68 @   1043 d -> ok lintwin tank 616.6 (+3.2) miss 16 km (0.1 s)
[12:44:06]     settle  4: 182 @    784 d -> ok lintwin tank 621.5 (+8.7) miss 17 km (0.2 s)
[12:44:06]     settle  5: 165 @    993 d -> ok lintwin tank 623.3 (+1.8) miss 2 km (0.1 s)
[12:44:06]     settle  5: 102 @    793 d -> ok lintwin tank 633.6 (+2.0) miss 6 km (0.1 s)
[12:44:07]     settle  5:  90 @   1050 d -> ok lintwin tank 632.4 (+13.1) miss 0 km (0.4 s)
[12:44:07]     settle  5: 102 @    796 d -> ok lintwin tank 626.9 (+13.4) miss 5 km (0.1 s)
[12:44:07]     settle  6:  68 @   1043 d -> ok lintwin tank 633.5 (+6.6) miss 50 km (0.3 s)
[12:44:08]     settle  6:  68 @   1033 d -> ok lintwin tank 635.9 (+2.3) miss 64 km (0.7 s)
[12:44:09]     settle  6:  86 @   1019 d -> ok lintwin tank 648.0 (+14.4) miss 45 km (0.7 s)
[12:44:09]     settle  5: 178 @    721 d -> ok lintwin tank 634.2 (+2.6) miss 59 km (0.2 s)
[12:44:09]     settle  6:   9 @    808 d -> ok lintwin tank 645.5 (+11.2) miss 82 km (0.3 s)
[12:44:10]     settle  7:  86 @   1019 d -> ok lintwin tank 651.7 (+6.2) miss 6 km (0.2 s)
[12:44:10]     settle  7:  90 @   1053 d -> ok lintwin tank 649.0 (+3.5) miss 4 km (0.1 s)
[12:44:10]     settle  6:   9 @    812 d -> ok lintwin tank 645.7 (+11.4) miss 42 km (0.2 s)
[12:44:11]     settle  7:  66 @   1068 d -> ok lintwin tank 659.4 (+13.8) miss 86 km (0.8 s)
[12:44:11] RESULT s01_c7: 16 columns; frontier 1fb 1 kg p2/3 | 2fb 4 kg p1/3 | 3fb 21 kg p1/2 | 4fb 36 kg p1/1; settles 22 (22 ok), regrids 16 (16 ok); wall 112 s of 420 (plan 103, price 0, settle 8; budget hit None, 0 unsettled)
[12:44:12]   job s01_c7 craft columns  16  levels 10  settles 22/22  end plan_done  wall 111.9 s
[12:44:17] plan: 2504 states, depth 11 new flybys, end plan_done (117 s); deepest 11 new to 2149 d at planner fuel 500 kg
[12:44:17]   depth  1:  103 states (86 in H), t_end 594-1188 d, fuel 85-185 kg
[12:44:17]   depth  2:  300 states (191 in H), t_end 760-1442 d, fuel 100-227 kg
[12:44:17]   depth  3:  300 states (66 in H), t_end 926-1990 d, fuel 114-265 kg
[12:44:17]   depth  4:  300 states (0 in H), t_end 1374-1747 d, fuel 128-271 kg
[12:44:17]   depth  5:  300 states (0 in H), t_end 1481-1875 d, fuel 145-317 kg
[12:44:17]   depth  6:  300 states (0 in H), t_end 1597-2160 d, fuel 183-360 kg
[12:44:17]   depth  7:  300 states (0 in H), t_end 1708-2160 d, fuel 195-389 kg
[12:44:17]   depth  8:  300 states (0 in H), t_end 1850-2152 d, fuel 228-429 kg
[12:44:17]   depth  9:  264 states (0 in H), t_end 1963-2157 d, fuel 281-461 kg
[12:44:17]   depth 10:   36 states (0 in H), t_end 2099-2160 d, fuel 332-482 kg
[12:44:17]   depth 11:    1 states (0 in H), t_end 2149-2149 d, fuel 500-500 kg
[12:44:17] candidates: 194 distinct committed target sets (n_new 1-3, potential 0-3)
[12:44:17] frontier: 16 candidates chosen (n fb / committed planner kg / continuation (lookahead) [full]; pot_mode lookahead, pot_cap None): 1fb/85kg/p3(3)[3], 1fb/89kg/p2(0)[2], 1fb/90kg/p1(1)[1], 1fb/91kg/p2(0)[2], 1fb/120kg/p2(1)[2], 1fb/120kg/p2(1)[2], 1fb/121kg/p2(1)[2], 1fb/125kg/p2(0)[2], 1fb/125kg/p2(1)[2], 1fb/129kg/p2(1)[2], 2fb/107kg/p2(2)[2], 2fb/116kg/p1(1)[1], 2fb/117kg/p2(2)[2], 3fb/139kg/p0(0)[0], 3fb/145kg/p0(0)[0], 3fb/162kg/p0(0)[0]
[12:44:17] budget: 303 s of 420 left for the settles + regrids (settle_wall 480)
[12:44:17]     settle  5: 124 @    867 d -> ok lintwin tank 651.5 (+20.7) miss 14 km (0.4 s)
[12:44:17] plan: 2466 states, depth 10 new flybys, end plan_done (118 s); deepest 10 new to 2118 d at planner fuel 349 kg
[12:44:17]   depth  1:  145 states (134 in H), t_end 621-1173 d, fuel 64-175 kg
[12:44:17]   depth  2:  300 states (254 in H), t_end 740-1588 d, fuel 73-217 kg
[12:44:17]   depth  3:  300 states (27 in H), t_end 954-1869 d, fuel 83-264 kg
[12:44:17]   depth  4:  300 states (0 in H), t_end 1144-2009 d, fuel 125-309 kg
[12:44:17]   depth  5:  300 states (0 in H), t_end 1289-2111 d, fuel 136-318 kg
[12:44:17]   depth  6:  300 states (0 in H), t_end 1440-2001 d, fuel 184-350 kg
[12:44:17]   depth  7:  300 states (0 in H), t_end 1719-2158 d, fuel 252-384 kg
[12:44:17]   depth  8:  300 states (0 in H), t_end 1834-2159 d, fuel 266-418 kg
[12:44:17]   depth  9:  206 states (0 in H), t_end 1888-2160 d, fuel 293-411 kg
[12:44:17]   depth 10:   15 states (0 in H), t_end 2113-2136 d, fuel 349-380 kg
[12:44:17] candidates: 193 distinct committed target sets (n_new 1-3, potential 0-4)
[12:44:17] frontier: 16 candidates chosen (n fb / committed planner kg / continuation (lookahead) [full]; pot_mode lookahead, pot_cap None): 1fb/64kg/p3(1)[3], 1fb/68kg/p0(0)[0], 1fb/81kg/p4(3)[4], 1fb/81kg/p4(3)[4], 1fb/82kg/p4(2)[4], 1fb/83kg/p4(2)[4], 1fb/89kg/p4(2)[4], 1fb/103kg/p5(4)[5], 1fb/110kg/p4(2)[4], 1fb/114kg/p4(3)[4], 2fb/73kg/p2(2)[2], 2fb/74kg/p0(0)[0], 2fb/135kg/p4(4)[4], 3fb/139kg/p2(2)[2], 3fb/142kg/p1(1)[1], 3fb/145kg/p2(2)[2]
[12:44:17] budget: 302 s of 420 left for the settles + regrids (settle_wall 480)
[12:44:17]     settle  5: 182 @    696 d -> ok lintwin tank 636.2 (+5.4) miss 2 km (0.2 s)
[12:44:18]     settle  5: 205 @    734 d -> ok lintwin tank 628.0 (+1.7) miss 5 km (0.3 s)
[12:44:18]     settle  5: 263 @    945 d -> ok lintwin tank 628.3 (+2.0) miss 23 km (0.2 s)
[12:44:18]     settle  5: 298 @   1059 d -> ok lintwin tank 643.1 (+12.3) miss 18 km (0.5 s)
[12:44:18]     settle  5: 128 @    684 d -> ok lintwin tank 636.9 (+6.1) miss 15 km (0.1 s)
[12:44:18]     settle  5: 245 @    755 d -> ok lintwin tank 633.1 (+6.8) miss 8 km (0.3 s)
[12:44:19]     settle  5: 175 @    734 d -> ok lintwin tank 633.1 (+6.8) miss 6 km (0.2 s)
[12:44:19]     settle  5:  42 @    889 d -> ok lintwin tank 636.0 (+9.7) miss 7 km (0.4 s)
[12:44:19]     settle  5:  54 @    911 d -> ok lintwin tank 669.5 (+38.7) miss 62 km (1.0 s)
[12:44:20]     settle  5:  59 @    839 d -> ok lintwin tank 635.8 (+9.5) miss 9 km (0.3 s)
[12:44:20]     settle  5: 101 @    853 d -> ok lintwin tank 649.6 (+18.8) miss 6 km (0.1 s)
[12:44:20]     settle  5: 202 @    804 d -> ok lintwin tank 637.3 (+11.0) miss 4 km (0.3 s)
[12:44:20]     settle  5: 283 @    817 d -> ok lintwin tank 651.1 (+20.3) miss 3 km (0.3 s)
[12:44:20]     settle  5:  68 @    802 d -> ok lintwin tank 647.5 (+21.2) miss 20 km (0.4 s)
[12:44:21]     settle  5: 183 @    696 d -> ok lintwin tank 671.4 (+40.6) miss 75 km (0.4 s)
[12:44:21]     settle  5: 195 @    672 d -> ok lintwin tank 644.9 (+18.6) miss 25 km (0.2 s)
[12:44:21]     settle  5: 296 @    787 d -> ok lintwin tank 650.1 (+19.3) miss 90 km (0.4 s)
[12:44:21]     settle  5: 215 @    742 d -> ok lintwin tank 645.8 (+19.5) miss 7 km (0.3 s)
[12:44:22]     settle  5: 205 @    735 d -> ok lintwin tank 628.0 (+1.7) miss 5 km (0.3 s)
[12:44:22]     settle  6: 204 @    965 d -> ok lintwin tank 629.7 (+1.7) miss 5 km (0.2 s)
[12:44:22]     settle  5: 141 @    762 d -> ok lintwin tank 648.6 (+17.9) miss 79 km (0.7 s)
[12:44:22]     settle  6: 263 @    941 d -> ok lintwin tank 637.7 (+9.7) miss 1 km (0.2 s)
[12:44:23]     settle  6: 183 @   1077 d -> ok lintwin tank 663.6 (+12.1) miss 32 km (0.7 s)
[12:44:23]     settle  6:  88 @    968 d -> ok lintwin tank 670.4 (+22.9) miss 22 km (0.3 s)
[12:44:23]     settle  6: 181 @    929 d -> ok lintwin tank 637.8 (+1.9) miss 9 km (0.2 s)
[12:44:23]     settle  6: 298 @   1058 d -> ok lintwin tank 664.4 (+12.9) miss 45 km (0.4 s)
[12:44:23]     settle  7: 234 @   1010 d -> ok lintwin tank 647.6 (+9.9) miss 9 km (0.3 s)
[12:44:24]     settle  6: 204 @    964 d -> ok lintwin tank 629.7 (+1.7) miss 6 km (0.2 s)
[12:44:24]     settle  6:  83 @   1072 d -> ok lintwin tank 658.4 (+6.9) miss 77 km (0.6 s)
[12:44:24]     settle  6: 101 @    856 d -> ok lintwin tank 650.9 (+14.0) miss 14 km (0.3 s)
[12:44:25]     settle  7:  83 @   1070 d -> ok lintwin tank 654.6 (+3.7) miss 15 km (0.2 s)
[12:44:25]     settle  7: 294 @   1051 d -> ok lintwin tank 651.8 (+22.1) miss 35 km (0.9 s)
[12:44:25]     settle  6:  35 @    873 d -> ok lintwin tank 646.3 (+9.0) miss 4 km (0.3 s)
[12:44:25]     settle  6: 183 @    928 d -> ok lintwin tank 645.8 (+9.6) miss 0 km (0.4 s)
[12:44:25]     settle  7:  83 @   1075 d -> ok lintwin tank 646.7 (+0.9) miss 1 km (0.1 s)
[12:44:25]     settle  7: 234 @   1009 d -> ok lintwin tank 652.7 (+6.4) miss 15 km (0.4 s)
[12:44:26] RESULT s01_c2: 16 columns; frontier 1fb 2 kg p1/4 | 2fb 3 kg p2/4 | 3fb 21 kg p2/2; settles 20 (20 ok), regrids 16 (16 ok); wall 126 s of 420 (plan 118, price 0, settle 8; budget hit None, 0 unsettled)
[12:44:26]     settle  5: 106 @    610 d -> ok lintwin tank 657.1 (+26.3) miss 57 km (0.4 s)
[12:44:26]   job s01_c2 craft columns  16  levels 10  settles 20/20  end plan_done  wall 126.2 s
[12:44:26]     settle  6: 141 @    765 d -> ok lintwin tank 669.9 (+12.8) miss 61 km (0.6 s)
[12:44:27]     settle  7: 263 @   1008 d -> ok lintwin tank 673.2 (+3.3) miss 22 km (0.3 s)
[12:44:27] RESULT s01_c4: 16 columns; frontier 1fb 5 kg p0/3 | 2fb 28 kg p2/2 | 3fb 16 kg p0/0; settles 20 (20 ok), regrids 16 (16 ok); wall 128 s of 420 (plan 117, price 0, settle 10; budget hit None, 0 unsettled)
[12:44:28]   job s01_c4 craft columns  16  levels 11  settles 20/20  end plan_done  wall 127.5 s
[12:44:46] plan: 3115 states, depth 12 new flybys, end plan_done (147 s); deepest 12 new to 2118 d at planner fuel 436 kg
[12:44:46]   depth  1:  144 states (130 in H), t_end 545-1193 d, fuel 58-161 kg
[12:44:46]   depth  2:  300 states (180 in H), t_end 640-1715 d, fuel 74-204 kg
[12:44:46]   depth  3:  300 states (83 in H), t_end 736-1620 d, fuel 91-239 kg
[12:44:46]   depth  4:  300 states (11 in H), t_end 936-2050 d, fuel 138-273 kg
[12:44:46]   depth  5:  300 states (0 in H), t_end 1086-2155 d, fuel 162-313 kg
[12:44:46]   depth  6:  300 states (0 in H), t_end 1117-2159 d, fuel 189-350 kg
[12:44:46]   depth  7:  300 states (0 in H), t_end 1220-2160 d, fuel 218-381 kg
[12:44:46]   depth  8:  300 states (0 in H), t_end 1477-2147 d, fuel 263-405 kg
[12:44:46]   depth  9:  300 states (0 in H), t_end 1618-2140 d, fuel 311-440 kg
[12:44:46]   depth 10:  300 states (0 in H), t_end 1772-2156 d, fuel 344-471 kg
[12:44:46]   depth 11:  231 states (0 in H), t_end 1908-2159 d, fuel 380-496 kg
[12:44:46]   depth 12:   40 states (0 in H), t_end 2082-2158 d, fuel 436-537 kg
[12:44:46] candidates: 227 distinct committed target sets (n_new 1-4, potential 0-3)
[12:44:46] frontier: 16 candidates chosen (n fb / committed planner kg / continuation (lookahead) [full]; pot_mode lookahead, pot_cap None): 1fb/59kg/p6(3)[6], 1fb/61kg/p3(1)[3], 1fb/65kg/p0(0)[0], 1fb/82kg/p3(2)[3], 1fb/98kg/p3(2)[3], 1fb/129kg/p6(3)[6], 2fb/78kg/p1(0)[1], 2fb/86kg/p1(1)[1], 2fb/106kg/p5(3)[5], 3fb/96kg/p0(0)[0], 3fb/108kg/p0(0)[0], 3fb/129kg/p3(3)[3], 3fb/139kg/p4(3)[4], 4fb/146kg/p3(3)[3], 4fb/181kg/p2(2)[2], 4fb/182kg/p1(1)[1]
[12:44:46] budget: 273 s of 420 left for the settles + regrids (settle_wall 480)
[12:44:47]     settle  4: 207 @    661 d -> ok lintwin tank 624.1 (+4.4) miss 0 km (0.2 s)
[12:44:47]     settle  4: 111 @    606 d -> ok lintwin tank 628.2 (+8.5) miss 5 km (0.2 s)
[12:44:48]     settle  4: 126 @    863 d -> ok lintwin tank 628.6 (+8.9) miss 16 km (0.6 s)
[12:44:49]     settle  4: 135 @    731 d -> ok lintwin tank 633.7 (+14.0) miss 84 km (0.9 s)
[12:44:49]     settle  4: 255 @    866 d -> ok lintwin tank 646.7 (+27.0) miss 8 km (0.8 s)
[12:44:50]     settle  4:  71 @    576 d -> ok lintwin tank 624.4 (+4.7) miss 0 km (0.2 s)
[12:44:50]     settle  5: 128 @    936 d -> ok lintwin tank 633.1 (+4.9) miss 2 km (0.1 s)
[12:44:50]     settle  5: 273 @   1051 d -> ok lintwin tank 635.5 (+11.4) miss 6 km (0.3 s)
[12:44:51]     settle  5: 135 @    736 d -> ok lintwin tank 637.1 (+13.0) miss 14 km (0.2 s)
[12:44:51]     settle  6: 273 @   1056 d -> ok lintwin tank 643.2 (+10.0) miss 8 km (0.4 s)
[12:44:51]     settle  5: 117 @    941 d -> ok lintwin tank 629.6 (+5.5) miss 4 km (0.1 s)
[12:44:52]     settle  6: 273 @   1058 d -> ok lintwin tank 636.0 (+6.4) miss 6 km (0.2 s)
[12:44:52]     settle  6: 273 @   1046 d -> ok lintwin tank 640.9 (+3.8) miss 17 km (0.1 s)
[12:44:52]     settle  6: 128 @    936 d -> ok lintwin tank 640.5 (+3.4) miss 4 km (0.3 s)
[12:44:53]     settle  7: 273 @   1049 d -> ok lintwin tank 645.4 (+4.8) miss 4 km (0.2 s)
[12:44:53]     settle  6: 117 @    936 d -> ok lintwin tank 645.5 (+8.4) miss 8 km (0.1 s)
[12:44:53]     settle  7: 164 @   1040 d -> ok lintwin tank 651.4 (+5.9) miss 3 km (0.3 s)
[12:44:54]     settle  7: 146 @   1076 d -> ok lintwin tank 648.9 (+8.4) miss 2 km (0.3 s)
[12:44:54]   drift: leg 146@1076 d settled outside (T, T+H] -> column cut at 3
[12:44:54]   1 candidates dropped (settle failure / regrid failure / duplicate after truncation)
[12:44:54] RESULT s01_c3: 15 columns; frontier 1fb 4 kg p3/3 | 2fb 13 kg p0/3 | 3fb 16 kg p0/3 | 4fb 26 kg p3/3; settles 18 (18 ok), regrids 15 (15 ok); wall 154 s of 420 (plan 147, price 0, settle 7; budget hit None, 0 unsettled)
[12:44:54]   job s01_c3 craft columns  15  levels 12  settles 18/18  end plan_done  wall 154.5 s
[12:44:55] plan: 3309 states, depth 14 new flybys, end plan_done (156 s); deepest 14 new to 2131 d at planner fuel 483 kg
[12:44:55]   depth  1:  111 states (93 in H), t_end 643-1175 d, fuel 18-132 kg
[12:44:55]   depth  2:  300 states (159 in H), t_end 745-1487 d, fuel 44-175 kg
[12:44:55]   depth  3:  300 states (26 in H), t_end 856-1953 d, fuel 89-210 kg
[12:44:55]   depth  4:  300 states (1 in H), t_end 975-1712 d, fuel 118-197 kg
[12:44:55]   depth  5:  300 states (0 in H), t_end 1165-1872 d, fuel 143-238 kg
[12:44:55]   depth  6:  300 states (0 in H), t_end 1259-2160 d, fuel 153-280 kg
[12:44:55]   depth  7:  300 states (0 in H), t_end 1415-2158 d, fuel 194-319 kg
[12:44:55]   depth  8:  300 states (0 in H), t_end 1539-2160 d, fuel 212-353 kg
[12:44:55]   depth  9:  300 states (0 in H), t_end 1645-2158 d, fuel 253-390 kg
[12:44:55]   depth 10:  300 states (0 in H), t_end 1721-2157 d, fuel 266-421 kg
[12:44:55]   depth 11:  300 states (0 in H), t_end 1818-2148 d, fuel 288-457 kg
[12:44:55]   depth 12:  175 states (0 in H), t_end 1955-2160 d, fuel 336-487 kg
[12:44:55]   depth 13:   21 states (0 in H), t_end 2020-2159 d, fuel 456-494 kg
[12:44:55]   depth 14:    2 states (0 in H), t_end 2130-2131 d, fuel 483-484 kg
[12:44:55] candidates: 186 distinct committed target sets (n_new 1-4, potential 0-4)
[12:44:55] frontier: 16 candidates chosen (n fb / committed planner kg / continuation (lookahead) [full]; pot_mode lookahead, pot_cap None): 1fb/18kg/p1(0)[1], 1fb/35kg/p1(1)[1], 1fb/53kg/p2(0)[2], 1fb/60kg/p2(1)[2], 1fb/64kg/p6(3)[6], 1fb/69kg/p2(0)[2], 1fb/79kg/p2(1)[2], 1fb/88kg/p2(1)[2], 2fb/53kg/p0(0)[0], 2fb/64kg/p0(0)[0], 2fb/106kg/p5(3)[5], 3fb/106kg/p0(0)[0], 3fb/115kg/p0(0)[0], 3fb/128kg/p4(4)[4], 3fb/149kg/p4(3)[4], 4fb/190kg/p3(3)[3]
[12:44:55] budget: 264 s of 420 left for the settles + regrids (settle_wall 480)
[12:44:55]     settle  4: 126 @    857 d -> ok lintwin tank 608.4 (+0.9) miss 0 km (0.3 s)
[12:44:56]     settle  4: 242 @   1069 d -> ok lintwin tank 614.2 (+6.7) miss 6 km (0.5 s)
[12:44:56]     settle  4:  83 @    686 d -> ok lintwin tank 630.3 (+22.9) miss 34 km (0.2 s)
[12:44:57]     settle  4: 183 @    679 d -> ok lintwin tank 633.1 (+25.6) miss 38 km (0.2 s)
[12:44:57]     settle  4:  63 @    713 d -> ok lintwin tank 625.1 (+17.6) miss 2 km (0.3 s)
[12:44:57]     settle  4: 128 @    644 d -> ok lintwin tank 643.9 (+36.4) miss 60 km (0.2 s)
[12:44:58]     settle  4:  50 @    843 d -> ok lintwin tank 624.2 (+16.7) miss 11 km (0.5 s)
[12:44:59]     settle  4: 110 @    864 d -> ok lintwin tank 669.3 (+61.8) miss 70 km (1.0 s)
[12:45:00]     settle  5: 242 @   1079 d -> ok lintwin tank 620.2 (+11.9) miss 2 km (0.4 s)
[12:45:00]     settle  4: 171 @    862 d -> ok lintwin tank 618.2 (+10.7) miss 1 km (0.3 s)
[12:45:00]     settle  5: 241 @   1059 d -> ok lintwin tank 622.5 (+4.3) miss 10 km (0.1 s)
[12:45:01]     settle  5:  50 @    849 d -> ok lintwin tank 633.3 (+8.2) miss 5 km (0.2 s)
[12:45:01] plan: 3454 states, depth 13 new flybys, end plan_done (162 s); deepest 13 new to 2140 d at planner fuel 329 kg
[12:45:01]   depth  1:  109 states (95 in H), t_end 620-1255 d, fuel 13-124 kg
[12:45:01]   depth  2:  300 states (163 in H), t_end 749-1630 d, fuel 25-168 kg
[12:45:01]   depth  3:  300 states (47 in H), t_end 884-1997 d, fuel 41-188 kg
[12:45:01]   depth  4:  300 states (11 in H), t_end 988-2132 d, fuel 64-201 kg
[12:45:01]   depth  5:  300 states (2 in H), t_end 1075-2074 d, fuel 98-213 kg
[12:45:01]   depth  6:  300 states (0 in H), t_end 1214-2152 d, fuel 138-244 kg
[12:45:01]   depth  7:  300 states (0 in H), t_end 1355-2156 d, fuel 166-254 kg
[12:45:01]   depth  8:  300 states (0 in H), t_end 1494-2142 d, fuel 186-301 kg
[12:45:01]   depth  9:  300 states (0 in H), t_end 1592-2003 d, fuel 217-334 kg
[12:45:01]   depth 10:  300 states (0 in H), t_end 1652-2070 d, fuel 236-365 kg
[12:45:01]   depth 11:  300 states (0 in H), t_end 1802-2138 d, fuel 262-390 kg
[12:45:01]   depth 12:  300 states (0 in H), t_end 1914-2157 d, fuel 287-420 kg
[12:45:01]   depth 13:   45 states (0 in H), t_end 1994-2160 d, fuel 329-438 kg
[12:45:01] candidates: 177 distinct committed target sets (n_new 1-5, potential 0-3)
[12:45:01] frontier: 16 candidates chosen (n fb / committed planner kg / continuation (lookahead) [full]; pot_mode lookahead, pot_cap None): 1fb/15kg/p2(1)[2], 1fb/23kg/p6(2)[6], 1fb/23kg/p0(0)[0], 1fb/27kg/p6(2)[6], 1fb/31kg/p5(2)[5], 2fb/25kg/p1(1)[1], 2fb/34kg/p2(1)[2], 2fb/48kg/p5(2)[5], 3fb/41kg/p1(1)[1], 3fb/66kg/p1(1)[1], 3fb/67kg/p4(2)[4], 4fb/100kg/p3(2)[3], 4fb/120kg/p0(0)[0], 4fb/126kg/p3(2)[3], 5fb/153kg/p2(2)[2], 5fb/167kg/p2(2)[2]
[12:45:01] budget: 258 s of 420 left for the settles + regrids (settle_wall 480)
[12:45:01]     settle  5:  50 @    839 d -> ok lintwin tank 656.8 (+26.5) miss 75 km (0.6 s)
[12:45:02]     settle  4: 222 @    888 d -> ok lintwin tank 606.8 (+1.9) miss 0 km (0.6 s)
[12:45:02]     settle  4: 237 @    630 d -> ok lintwin tank 606.4 (+1.5) miss 0 km (0.3 s)
[12:45:02]     settle  6:  21 @   1028 d -> ok lintwin tank 658.6 (+1.8) miss 80 km (0.8 s)
[12:45:02]     settle  4: 296 @    987 d -> ok lintwin tank 609.5 (+4.7) miss 13 km (0.2 s)
[12:45:03]     settle  5:  50 @    846 d -> ok lintwin tank 656.9 (+26.5) miss 75 km (0.8 s)
[12:45:03]     settle  6:  65 @    978 d -> ok lintwin tank 658.1 (+1.2) miss 9 km (0.1 s)
[12:45:04]     settle  6:  65 @    976 d -> ok lintwin tank 644.7 (+11.4) miss 6 km (0.3 s)
[12:45:04]     settle  6:  26 @    906 d -> ok lintwin tank 644.1 (+10.8) miss 71 km (0.6 s)
[12:45:05]     settle  7:  65 @    975 d -> ok lintwin tank 659.4 (+15.3) miss 2 km (0.1 s)
[12:45:05] RESULT s01_c6: 16 columns; frontier 1fb 1 kg p0/3 | 2fb 13 kg p0/3 | 3fb 37 kg p3/4 | 4fb 52 kg p3/3; settles 19 (19 ok), regrids 16 (16 ok); wall 165 s of 420 (plan 156, price 0, settle 10; budget hit None, 0 unsettled)
[12:45:06]   job s01_c6 craft columns  16  levels 14  settles 19/19  end plan_done  wall 165.5 s
[12:45:07]     settle  4:  13 @    620 d -> FAIL [('lam', 8946610.9)] (4.0 s)
[12:45:07]     settle  4: 289 @    756 d -> ok lintwin tank 613.2 (+8.4) miss 13 km (0.1 s)
[12:45:08]     settle  5: 296 @    987 d -> ok lintwin tank 609.7 (+2.9) miss 0 km (0.6 s)
[12:45:08]     settle  4: 237 @    630 d -> ok lintwin tank 606.4 (+1.5) miss 0 km (0.3 s)
[12:45:08]     settle  5: 222 @    890 d -> ok lintwin tank 607.3 (+0.9) miss 0 km (0.4 s)
[12:45:09]     settle  6: 296 @    987 d -> ok lintwin tank 611.8 (+4.5) miss 0 km (0.2 s)
[12:45:09]     settle  5: 289 @    749 d -> ok lintwin tank 616.5 (+10.1) miss 0 km (0.2 s)
[12:45:10]     settle  6:  25 @   1004 d -> ok lintwin tank 623.3 (+6.8) miss 0 km (0.3 s)
[12:45:10]     settle  5: 289 @    755 d -> ok lintwin tank 616.5 (+10.2) miss 23 km (0.2 s)
[12:45:10]     settle  6: 222 @    888 d -> ok lintwin tank 622.0 (+5.5) miss 0 km (0.2 s)
[12:45:10] plan: 3517 states, depth 14 new flybys, end plan_done (171 s); deepest 14 new to 2145 d at planner fuel 503 kg
[12:45:10]   depth  1:  108 states (93 in H), t_end 568-1221 d, fuel 87-196 kg
[12:45:10]   depth  2:  300 states (221 in H), t_end 670-1555 d, fuel 96-245 kg
[12:45:10]   depth  3:  300 states (20 in H), t_end 832-1497 d, fuel 124-260 kg
[12:45:10]   depth  4:  300 states (6 in H), t_end 949-1872 d, fuel 136-306 kg
[12:45:10]   depth  5:  300 states (1 in H), t_end 1034-2112 d, fuel 200-351 kg
[12:45:10]   depth  6:  300 states (0 in H), t_end 1162-2112 d, fuel 249-367 kg
[12:45:10]   depth  7:  300 states (0 in H), t_end 1244-2096 d, fuel 275-404 kg
[12:45:10]   depth  8:  300 states (0 in H), t_end 1395-2147 d, fuel 313-434 kg
[12:45:10]   depth  9:  300 states (0 in H), t_end 1496-2143 d, fuel 347-456 kg
[12:45:10]   depth 10:  300 states (0 in H), t_end 1725-2142 d, fuel 365-486 kg
[12:45:10]   depth 11:  300 states (0 in H), t_end 1769-2145 d, fuel 388-517 kg
[12:45:10]   depth 12:  300 states (0 in H), t_end 1936-2145 d, fuel 409-536 kg
[12:45:10]   depth 13:  100 states (0 in H), t_end 2035-2160 d, fuel 460-568 kg
[12:45:10]   depth 14:    9 states (0 in H), t_end 2114-2151 d, fuel 503-552 kg
[12:45:10] candidates: 193 distinct committed target sets (n_new 1-5, potential 0-5)
[12:45:10] frontier: 16 candidates chosen (n fb / committed planner kg / continuation (lookahead) [full]; pot_mode lookahead, pot_cap None): 1fb/87kg/p0(0)[0], 1fb/92kg/p0(0)[0], 1fb/140kg/p5(3)[5], 1fb/149kg/p7(3)[7], 1fb/176kg/p5(4)[5], 1fb/176kg/p6(5)[6], 2fb/96kg/p0(0)[0], 2fb/99kg/p0(0)[0], 2fb/192kg/p6(3)[6], 3fb/185kg/p0(0)[0], 3fb/196kg/p2(2)[2], 3fb/235kg/p5(3)[5], 4fb/240kg/p3(3)[3], 4fb/242kg/p2(2)[2], 4fb/278kg/p4(3)[4], 5fb/326kg/p3(3)[3]
[12:45:10] budget: 249 s of 420 left for the settles + regrids (settle_wall 480)
[12:45:10]     settle  7: 296 @    990 d -> ok lintwin tank 634.5 (+12.4) miss 1 km (0.2 s)
[12:45:11]     settle  6: 246 @   1003 d -> ok lintwin tank 641.1 (+7.3) miss 16 km (0.6 s)
[12:45:11]     settle  8:  66 @   1075 d -> ok lintwin tank 654.7 (+20.2) miss 33 km (0.3 s)
[12:45:11]   5 candidates dropped (settle failure / regrid failure / duplicate after truncation)
[12:45:11] RESULT s01_c5: 11 columns; frontier 1fb 2 kg p2/2 | 2fb 2 kg p1/1 | 3fb 7 kg p1/2 | 4fb 30 kg p2/2 | 5fb 50 kg p2/2; settles 16 (14 ok), regrids 11 (11 ok); wall 172 s of 420 (plan 162, price 0, settle 10; budget hit None, 0 unsettled)
[12:45:11]     settle  6: 273 @   1046 d -> ok lintwin tank 638.1 (+4.3) miss 10 km (0.3 s)
[12:45:12]     settle  6: 193 @    682 d -> ok lintwin tank 664.0 (+30.2) miss 83 km (0.2 s)
[12:45:12]   job s01_c5 craft columns  11  levels 13  settles 14/16  end plan_done  wall 171.7 s
[12:45:12]     settle  6: 216 @    578 d -> ok lintwin tank 659.0 (+25.2) miss 58 km (0.6 s)
[12:45:13]     settle  6:   9 @    676 d -> ok lintwin tank 676.9 (+43.1) miss 77 km (0.4 s)
[12:45:13]     settle  6: 121 @    755 d -> ok lintwin tank 672.2 (+38.4) miss 3 km (0.4 s)
[12:45:14]     settle  6:  76 @    822 d -> ok lintwin tank 637.3 (+3.5) miss 14 km (0.3 s)
[12:45:14]     settle  7: 164 @   1039 d -> ok lintwin tank 639.0 (+1.7) miss 10 km (0.2 s)
[12:45:14]     settle  7: 280 @    975 d -> ok lintwin tank 638.5 (+1.2) miss 24 km (0.2 s)
[12:45:15]     settle  7: 182 @    778 d -> ok lintwin tank 659.7 (+0.7) miss 74 km (0.6 s)
[12:45:16]     settle  7: 182 @    772 d -> ok lintwin tank 659.7 (+0.7) miss 64 km (0.6 s)
[12:45:17]     settle  8: 210 @   1062 d -> ok lintwin tank 666.7 (+7.1) miss 67 km (0.8 s)
[12:45:18]     settle  6: 110 @    851 d -> ok lintwin tank 657.6 (+23.8) miss 51 km (0.9 s)
[12:45:18]     settle  7: 126 @    926 d -> ok lintwin tank 664.5 (+6.8) miss 73 km (0.5 s)
[12:45:19]     settle  8:  21 @   1046 d -> ok lintwin tank 666.1 (+1.7) miss 60 km (0.5 s)
[12:45:20]     settle  8:  76 @    842 d -> ok lintwin tank 685.6 (+26.0) miss 60 km (0.8 s)
[12:45:21]     settle  8: 229 @    832 d -> ok lintwin tank 679.2 (+19.6) miss 73 km (0.9 s)
[12:45:21]     settle  9:  89 @    993 d -> ok lintwin tank 696.1 (+16.8) miss 75 km (0.7 s)
[12:45:22]     settle  7: 110 @    860 d -> ok lintwin tank 675.3 (+3.1) miss 63 km (0.5 s)
[12:45:23]     settle  8:  52 @    999 d -> ok lintwin tank 677.1 (+1.9) miss 71 km (0.7 s)
[12:45:23]     settle  9: 198 @   1078 d -> ok lintwin tank 684.0 (+6.8) miss 85 km (0.6 s)
[12:45:24]     settle  9: 194 @    949 d -> ok lintwin tank 688.6 (+3.0) miss 58 km (0.4 s)
[12:45:25]     settle 10: 164 @   1034 d -> ok lintwin tank 700.2 (+11.5) miss 63 km (1.0 s)
[12:45:25] RESULT s01_c0: 16 columns; frontier 1fb 4 kg p0/5 | 2fb 5 kg p0/3 | 3fb 32 kg p2/3 | 4fb 50 kg p2/3 | 5fb 66 kg p3/3; settles 23 (23 ok), regrids 16 (16 ok); wall 186 s of 420 (plan 171, price 0, settle 15; budget hit None, 0 unsettled)
[12:45:26]   job s01_c0 craft columns  16  levels 14  settles 23/23  end plan_done  wall 185.8 s
[12:45:26] [slice 1] propose: 122 columns (0 bad dropped) in 186.8 s
[12:45:26] [slice 1] auction: 122 columns, kept 122, dropped {}; lam 1.00 H_eff 540 d fuel budget 482 kg quota on
[12:45:26] [slice 1] auction: status optimal objective 32.676 vars 122 rows 61 chosen 8 fuel 327/482 kg (0.019 s)
[12:45:28] [slice 1] claims: c0:3 c2:2 c3:3 c5:2 c6:3 c7:1  (14 targets: 0 kept, 14 new; 14 released, 0 expired (ttl 4), 0 conflicts)
[12:45:28] [slice 1 T=540 d] launched 8/8  covered 59  remaining 239  fuel 491 kg  sumJi 8.3669  chosen: c0:5(+66) c1:3(+34) c2:3(+21) c3:4(+26) c4:3(+42) c5:5(+50) c6:4(+52) c7:4(+36)  rejected: -  (wall 189 s)
[12:45:28] [slice 2] claims in force: c0:3 c2:2 c3:3 c5:2 c6:3 c7:1  (14 targets; claim_bonus 1.0, ttl 4)
[12:45:28]   c0: claims: 3 own (prized +1.0), 11 claimed by others withheld
[12:45:28]   c1: claims: 0 own (prized +1.0), 14 claimed by others withheld
[12:45:28]   c2: claims: 2 own (prized +1.0), 12 claimed by others withheld
[12:45:28]   c3: claims: 3 own (prized +1.0), 11 claimed by others withheld
[12:45:28]   c4: claims: 0 own (prized +1.0), 14 claimed by others withheld
[12:45:28]   c5: claims: 2 own (prized +1.0), 12 claimed by others withheld
[12:45:28]   c6: claims: 3 own (prized +1.0), 11 claimed by others withheld
[12:45:28]   c7: claims: 1 own (prized +1.0), 13 claimed by others withheld
[12:45:28] [slice 2 T=1080 d] propose: 8 jobs (8 craft, 0 root) on 9 workers, proposer planbeam, H_eff 540 d, lam 1.0
[12:45:28] job s02_c0 (craft, craft 0, planbeam): T 1080 d H 540 L 360; plan horizon 2700 d; remaining 228; prize >1 on 33; width 300 npt 6 mc 150 dv 1.2 drmax 0.15 plan_wall 300 s; quota {'fil': 7, 'med': 15}
[12:45:28] job s02_c1 (craft, craft 1, planbeam): T 1080 d H 540 L 360; plan horizon 2700 d; remaining 225; prize >1 on 30; width 300 npt 6 mc 150 dv 1.2 drmax 0.15 plan_wall 300 s; quota {'fil': 9, 'med': 16}
[12:45:28] job s02_c3 (craft, craft 3, planbeam): T 1080 d H 540 L 360; plan horizon 2700 d; remaining 228; prize >1 on 33; width 300 npt 6 mc 150 dv 1.2 drmax 0.15 plan_wall 300 s; quota {'fil': 7, 'med': 17}
[12:45:28] job s02_c4 (craft, craft 4, planbeam): T 1080 d H 540 L 360; plan horizon 2700 d; remaining 225; prize >1 on 30; width 300 npt 6 mc 150 dv 1.2 drmax 0.15 plan_wall 300 s; quota {'fil': 7, 'med': 17}
[12:45:28] job s02_c5 (craft, craft 5, planbeam): T 1080 d H 540 L 360; plan horizon 2700 d; remaining 227; prize >1 on 32; width 300 npt 6 mc 150 dv 1.2 drmax 0.15 plan_wall 300 s; quota {'fil': 7, 'med': 16}
[12:45:28] job s02_c6 (craft, craft 6, planbeam): T 1080 d H 540 L 360; plan horizon 2700 d; remaining 228; prize >1 on 33; width 300 npt 6 mc 150 dv 1.2 drmax 0.15 plan_wall 300 s; quota {'fil': 9, 'med': 15}
[12:45:28] job s02_c7 (craft, craft 7, planbeam): T 1080 d H 540 L 360; plan horizon 2700 d; remaining 226; prize >1 on 31; width 300 npt 6 mc 150 dv 1.2 drmax 0.15 plan_wall 300 s; quota {'fil': 9, 'med': 16}
[12:45:28] job s02_c2 (craft, craft 2, planbeam): T 1080 d H 540 L 360; plan horizon 2700 d; remaining 227; prize >1 on 32; width 300 npt 6 mc 150 dv 1.2 drmax 0.15 plan_wall 300 s; quota {'fil': 8, 'med': 16}
[12:45:28] prefix slices/s02/in/craft_4.npz: 7 flybys, t_end 1007.7 d, tank 673.1 kg (planner view), miss 0.2 km, nreg 49
[12:45:28] budget: job_wall 420 s, 420 s left before the plan -> plan cap 300 s (plan_wall 300, settle_reserve 90)
[12:45:28] prefix slices/s02/in/craft_6.npz: 7 flybys, t_end 976.5 d, tank 659.3 kg (planner view), miss 0.3 km, nreg 42
[12:45:28] budget: job_wall 420 s, 420 s left before the plan -> plan cap 300 s (plan_wall 300, settle_reserve 90)
[12:45:28] prefix slices/s02/in/craft_7.npz: 7 flybys, t_end 1052.1 d, tank 648.9 kg (planner view), miss 4.1 km, nreg 42
[12:45:28] prefix slices/s02/in/craft_3.npz: 7 flybys, t_end 1047.9 d, tank 645.3 kg (planner view), miss 0.8 km, nreg 51
[12:45:28] budget: job_wall 420 s, 420 s left before the plan -> plan cap 300 s (plan_wall 300, settle_reserve 90)
[12:45:28] budget: job_wall 420 s, 420 s left before the plan -> plan cap 300 s (plan_wall 300, settle_reserve 90)
[12:45:28] prefix slices/s02/in/craft_2.npz: 7 flybys, t_end 1009.5 d, tank 647.6 kg (planner view), miss 0.3 km, nreg 52
[12:45:28] budget: job_wall 420 s, 420 s left before the plan -> plan cap 300 s (plan_wall 300, settle_reserve 90)
[12:45:28] prefix slices/s02/in/craft_5.npz: 8 flybys, t_end 1075.4 d, tank 654.5 kg (planner view), miss 0.0 km, nreg 50
[12:45:28] budget: job_wall 420 s, 420 s left before the plan -> plan cap 300 s (plan_wall 300, settle_reserve 90)
[12:45:28] prefix slices/s02/in/craft_1.npz: 6 flybys, t_end 1036.4 d, tank 661.7 kg (planner view), miss 67.0 km, nreg 54
[12:45:28] budget: job_wall 420 s, 420 s left before the plan -> plan cap 300 s (plan_wall 300, settle_reserve 90)
[12:45:28] prefix slices/s02/in/craft_0.npz: 10 flybys, t_end 1035.5 d, tank 700.1 kg (planner view), miss 67.2 km, nreg 54
[12:45:28] budget: job_wall 420 s, 420 s left before the plan -> plan cap 300 s (plan_wall 300, settle_reserve 90)
[12:45:35] first level (both): 0 production + 26 relaxed (dv 2.5, 0.3 AU; 0.0 s) + 70 lintwin children -> 85 unique (7.2 s)
[12:45:35] plan start: prefix 7 flybys, t_end 1052.1 d, planner mass 1483.0 kg (dv 2.978 km/s); 85 first-level states
[12:45:35] first level (both): 0 production + 54 relaxed (dv 2.5, 0.3 AU; 0.1 s) + 68 lintwin children -> 93 unique (7.3 s)
[12:45:35] plan start: prefix 7 flybys, t_end 1007.7 d, planner mass 1429.7 kg (dv 4.414 km/s); 93 first-level states
[12:45:36] first level (both): 0 production + 81 relaxed (dv 2.5, 0.3 AU; 0.1 s) + 99 lintwin children -> 135 unique (7.5 s)
[12:45:36] plan start: prefix 7 flybys, t_end 976.5 d, planner mass 1459.6 kg (dv 3.602 km/s); 135 first-level states
[12:45:36] first level (both): 0 production + 58 relaxed (dv 2.5, 0.3 AU; 0.1 s) + 70 lintwin children -> 103 unique (7.6 s)
[12:45:36] plan start: prefix 7 flybys, t_end 1047.9 d, planner mass 1491.4 kg (dv 2.756 km/s); 103 first-level states
[12:45:36] first level (both): 0 production + 78 relaxed (dv 2.5, 0.3 AU; 0.1 s) + 73 lintwin children -> 117 unique (7.6 s)
[12:45:36] plan start: prefix 7 flybys, t_end 1009.5 d, planner mass 1486.2 kg (dv 2.895 km/s); 117 first-level states
[12:45:36] first level (both): 0 production + 62 relaxed (dv 2.5, 0.3 AU; 0.1 s) + 62 lintwin children -> 91 unique (7.8 s)
[12:45:36] plan start: prefix 8 flybys, t_end 1075.4 d, planner mass 1470.4 kg (dv 3.313 km/s); 91 first-level states
[12:45:36] first level (both): 0 production + 57 relaxed (dv 2.5, 0.3 AU; 0.1 s) + 61 lintwin children -> 93 unique (8.3 s)
[12:45:36] plan start: prefix 6 flybys, t_end 1036.4 d, planner mass 1454.5 kg (dv 3.741 km/s); 93 first-level states
[12:45:37] first level (both): 0 production + 78 relaxed (dv 2.5, 0.3 AU; 0.1 s) + 66 lintwin children -> 108 unique (8.4 s)
[12:45:37] plan start: prefix 10 flybys, t_end 1035.5 d, planner mass 1374.7 kg (dv 5.955 km/s); 108 first-level states
[12:46:52] plan: 1761 states, depth 8 new flybys, end plan_done (84 s); deepest 8 new to 2699 d at planner fuel 317 kg
[12:46:52]   depth  1:   93 states (80 in H), t_end 1106-1761 d, fuel 151-252 kg
[12:46:52]   depth  2:  300 states (74 in H), t_end 1348-2096 d, fuel 163-295 kg
[12:46:52]   depth  3:  300 states (1 in H), t_end 1510-2586 d, fuel 181-335 kg
[12:46:52]   depth  4:  300 states (0 in H), t_end 1962-2691 d, fuel 209-326 kg
[12:46:52]   depth  5:  300 states (0 in H), t_end 2123-2691 d, fuel 240-357 kg
[12:46:52]   depth  6:  300 states (0 in H), t_end 2337-2700 d, fuel 249-354 kg
[12:46:52]   depth  7:  157 states (0 in H), t_end 2445-2700 d, fuel 294-371 kg
[12:46:52]   depth  8:   11 states (0 in H), t_end 2622-2700 d, fuel 317-387 kg
[12:46:52] candidates: 85 distinct committed target sets (n_new 1-3, potential 0-2)
[12:46:52] frontier: 16 candidates chosen (n fb / committed planner kg / continuation (lookahead) [full]; pot_mode lookahead, pot_cap None): 1fb/151kg/p3(2)[3], 1fb/154kg/p2(2)[2], 1fb/161kg/p1(1)[1], 1fb/172kg/p3(2)[3], 1fb/187kg/p2(0)[2], 1fb/193kg/p2(2)[2], 1fb/201kg/p2(2)[2], 1fb/224kg/p2(2)[2], 1fb/228kg/p2(2)[2], 1fb/231kg/p2(2)[2], 1fb/235kg/p2(2)[2], 1fb/243kg/p2(2)[2], 2fb/182kg/p2(2)[2], 2fb/191kg/p0(0)[0], 2fb/211kg/p0(0)[0], 3fb/287kg/p0(0)[0]
[12:46:52] budget: 336 s of 420 left for the settles + regrids (settle_wall 480)
[12:46:53]     settle  7: 138 @   1441 d -> ok lintwin tank 663.8 (+2.1) miss 68 km (1.0 s)
[12:46:54]     settle  7:  36 @   1494 d -> ok lintwin tank 666.2 (+4.6) miss 39 km (0.2 s)
[12:46:56]     settle  7: 221 @   1495 d -> ok lintwin tank 683.4 (+21.7) miss 84 km (1.6 s)
[12:46:56]     settle  7: 223 @   1389 d -> ok lintwin tank 686.4 (+24.7) miss 43 km (0.4 s)
[12:46:57]     settle  7:  79 @   1275 d -> ok lintwin tank 680.8 (+19.1) miss 47 km (0.4 s)
[12:46:58]     settle  7: 132 @   1426 d -> ok lintwin tank 667.5 (+5.8) miss 73 km (1.0 s)
[12:47:00]     settle  7: 167 @   1533 d -> ok lintwin tank 674.2 (+12.5) miss 29 km (1.9 s)
[12:47:01] plan: 2112 states, depth 10 new flybys, end plan_done (92 s); deepest 10 new to 2693 d at planner fuel 458 kg
[12:47:01]   depth  1:   85 states (68 in H), t_end 1165-1709 d, fuel 119-224 kg
[12:47:01]   depth  2:  300 states (60 in H), t_end 1316-2225 d, fuel 141-267 kg
[12:47:01]   depth  3:  300 states (16 in H), t_end 1441-2675 d, fuel 154-295 kg
[12:47:01]   depth  4:  300 states (0 in H), t_end 1629-2693 d, fuel 204-332 kg
[12:47:01]   depth  5:  300 states (0 in H), t_end 1869-2687 d, fuel 220-335 kg
[12:47:01]   depth  6:  300 states (0 in H), t_end 1949-2694 d, fuel 240-370 kg
[12:47:01]   depth  7:  300 states (0 in H), t_end 2356-2700 d, fuel 268-409 kg
[12:47:01]   depth  8:  181 states (0 in H), t_end 2409-2699 d, fuel 314-441 kg
[12:47:01]   depth  9:   45 states (0 in H), t_end 2565-2697 d, fuel 368-468 kg
[12:47:01]   depth 10:    1 states (0 in H), t_end 2693-2693 d, fuel 458-458 kg
[12:47:01] candidates: 103 distinct committed target sets (n_new 1-3, potential 0-3)
[12:47:01] frontier: 16 candidates chosen (n fb / committed planner kg / continuation (lookahead) [full]; pot_mode lookahead, pot_cap None): 1fb/131kg/p1(1)[1], 1fb/133kg/p2(2)[2], 1fb/133kg/p5(3)[5], 1fb/149kg/p2(2)[2], 1fb/153kg/p2(2)[2], 1fb/154kg/p3(1)[3], 1fb/162kg/p3(2)[3], 1fb/165kg/p3(2)[3], 1fb/179kg/p3(1)[3], 2fb/164kg/p4(3)[4], 2fb/172kg/p2(2)[2], 2fb/172kg/p0(0)[0], 2fb/220kg/p3(3)[3], 3fb/191kg/p0(0)[0], 3fb/203kg/p3(3)[3], 3fb/209kg/p1(1)[1]
[12:47:01] budget: 327 s of 420 left for the settles + regrids (settle_wall 480)
[12:47:02]     settle  7: 240 @   1309 d -> ok lintwin tank 695.2 (+33.5) miss 21 km (1.1 s)
[12:47:04]     settle  7: 115 @   1416 d -> ok lintwin tank 697.8 (+36.1) miss 73 km (2.6 s)
[12:47:06]     settle  8: 103 @   1520 d -> ok lam tank 774.9 (+126.0) miss 7 km (5.0 s)
[12:47:06]     settle  7: 104 @   1410 d -> ok lam tank 768.0 (+106.3) miss 0 km (1.3 s)
[12:47:08]     settle  8: 138 @   1439 d -> ok lintwin tank 652.7 (+3.8) miss 76 km (0.6 s)
[12:47:08]     settle  8: 195 @   1187 d -> ok lintwin tank 657.4 (+8.4) miss 42 km (0.4 s)
[12:47:09]     settle  8: 132 @   1426 d -> ok lintwin tank 663.5 (+14.6) miss 40 km (0.2 s)
[12:47:09]     settle  8:  36 @   1491 d -> ok lintwin tank 666.7 (+17.8) miss 2 km (0.2 s)
[12:47:10]     settle  8: 212 @   1187 d -> ok lintwin tank 664.6 (+15.7) miss 5 km (0.1 s)
[12:47:10]     settle  7: 183 @   1302 d -> ok lintwin tank 697.5 (+35.8) miss 54 km (1.6 s)
[12:47:10]     settle  8: 258 @   1443 d -> ok lintwin tank 658.9 (+9.9) miss 44 km (0.4 s)
[12:47:11]     settle  8: 223 @   1388 d -> ok lintwin tank 669.2 (+20.3) miss 75 km (0.7 s)
[12:47:11]     settle  7: 299 @   1322 d -> ok lintwin tank 693.9 (+32.2) miss 71 km (1.6 s)
[12:47:12]     settle  8: 244 @   1297 d -> ok lintwin tank 678.4 (+29.4) miss 87 km (0.6 s)
[12:47:12]     settle  8:  36 @   1493 d -> ok lintwin tank 673.6 (+9.9) miss 75 km (0.4 s)
[12:47:12]     settle  9: 138 @   1437 d -> ok lintwin tank 662.3 (+4.9) miss 71 km (0.5 s)
[12:47:13]     settle  8:  95 @   1612 d -> ok lintwin tank 681.2 (+0.4) miss 50 km (0.5 s)
[12:47:13]     settle  9: 138 @   1437 d -> ok lintwin tank 668.8 (+4.2) miss 69 km (0.6 s)
[12:47:13]     settle  7:  79 @   1261 d -> ok lintwin tank 680.9 (+19.2) miss 43 km (0.3 s)
[12:47:14]     settle  8: 238 @   1287 d -> ok lintwin tank 679.0 (+30.1) miss 40 km (0.4 s)
[12:47:14]     settle  8: 163 @   1400 d -> ok lintwin tank 685.5 (+4.5) miss 8 km (0.2 s)
[12:47:15]     settle  8: 132 @   1446 d -> ok lintwin tank 695.2 (+14.4) miss 74 km (1.0 s)
[12:47:16] plan: 2328 states, depth 10 new flybys, end plan_done (108 s); deepest 10 new to 2665 d at planner fuel 399 kg
[12:47:16]   depth  1:  103 states (86 in H), t_end 1101-1698 d, fuel 113-217 kg
[12:47:16]   depth  2:  300 states (187 in H), t_end 1217-2038 d, fuel 137-260 kg
[12:47:16]   depth  3:  300 states (61 in H), t_end 1342-2348 d, fuel 143-303 kg
[12:47:16]   depth  4:  300 states (7 in H), t_end 1474-2460 d, fuel 163-337 kg
[12:47:16]   depth  5:  300 states (0 in H), t_end 1628-2698 d, fuel 177-311 kg
[12:47:16]   depth  6:  300 states (0 in H), t_end 1993-2700 d, fuel 188-355 kg
[12:47:16]   depth  7:  300 states (0 in H), t_end 2243-2698 d, fuel 244-386 kg
[12:47:16]   depth  8:  300 states (0 in H), t_end 2397-2699 d, fuel 290-414 kg
[12:47:16]   depth  9:  119 states (0 in H), t_end 2477-2697 d, fuel 331-440 kg
[12:47:16]   depth 10:    6 states (0 in H), t_end 2649-2687 d, fuel 399-424 kg
[12:47:16] candidates: 205 distinct committed target sets (n_new 1-4, potential 0-3)
[12:47:16] frontier: 16 candidates chosen (n fb / committed planner kg / continuation (lookahead) [full]; pot_mode lookahead, pot_cap None): 1fb/113kg/p0(0)[0], 1fb/121kg/p1(0)[1], 1fb/127kg/p4(1)[4], 1fb/148kg/p4(3)[4], 1fb/154kg/p4(2)[4], 1fb/195kg/p4(3)[4], 2fb/143kg/p2(2)[2], 2fb/148kg/p0(0)[0], 2fb/149kg/p3(1)[3], 2fb/179kg/p3(1)[3], 3fb/165kg/p1(1)[1], 3fb/168kg/p0(0)[0], 3fb/199kg/p2(1)[2], 4fb/232kg/p1(1)[1], 4fb/244kg/p1(1)[1], 4fb/250kg/p1(1)[1]
[12:47:16] budget: 312 s of 420 left for the settles + regrids (settle_wall 480)
[12:47:16]     settle  9: 221 @   1510 d -> ok lintwin tank 706.2 (+11.0) miss 82 km (0.8 s)
[12:47:16] RESULT s02_c1: 16 columns; frontier 1fb 2 kg p2/2 | 2fb 12 kg p2/2 | 3fb 44 kg p0/0; settles 18 (18 ok), regrids 16 (16 ok); wall 108 s of 420 (plan 84, price 0, settle 24; budget hit None, 0 unsettled)
[12:47:16]     settle  8:  99 @   1614 d -> ok lintwin tank 650.7 (+5.4) miss 14 km (0.3 s)
[12:47:17]   job s02_c1 craft columns  16  levels 8  settles 18/18  end plan_done  wall 107.9 s
[12:47:17]     settle  8:  54 @   1474 d -> ok lintwin tank 653.4 (+8.2) miss 10 km (0.3 s)
[12:47:18]     settle  8: 242 @   1119 d -> ok lintwin tank 659.7 (+14.4) miss 14 km (0.7 s)
[12:47:18]     settle  8: 123 @   1337 d -> ok lintwin tank 663.1 (+17.9) miss 35 km (0.4 s)
[12:47:19]     settle  8: 189 @   1223 d -> ok lintwin tank 653.4 (+8.1) miss 2 km (0.4 s)
[12:47:20]     settle  8: 212 @   1198 d -> ok lintwin tank 657.0 (+11.7) miss 4 km (1.3 s)
[12:47:21] plan: 2450 states, depth 11 new flybys, end plan_done (112 s); deepest 11 new to 2629 d at planner fuel 489 kg
[12:47:21]   depth  1:   93 states (77 in H), t_end 1088-1726 d, fuel 176-273 kg
[12:47:21]   depth  2:  300 states (167 in H), t_end 1281-2182 d, fuel 189-316 kg
[12:47:21]   depth  3:  300 states (5 in H), t_end 1551-2580 d, fuel 214-351 kg
[12:47:21]   depth  4:  300 states (0 in H), t_end 1695-2596 d, fuel 230-384 kg
[12:47:21]   depth  5:  300 states (0 in H), t_end 1868-2689 d, fuel 257-421 kg
[12:47:21]   depth  6:  300 states (0 in H), t_end 1982-2699 d, fuel 275-459 kg
[12:47:21]   depth  7:  300 states (0 in H), t_end 2069-2700 d, fuel 313-477 kg
[12:47:21]   depth  8:  300 states (0 in H), t_end 2259-2699 d, fuel 325-497 kg
[12:47:21]   depth  9:  219 states (0 in H), t_end 2415-2700 d, fuel 380-494 kg
[12:47:21]   depth 10:   33 states (0 in H), t_end 2488-2700 d, fuel 439-510 kg
[12:47:21]   depth 11:    5 states (0 in H), t_end 2609-2699 d, fuel 489-513 kg
[12:47:21] candidates: 143 distinct committed target sets (n_new 1-3, potential 0-3)
[12:47:21] frontier: 16 candidates chosen (n fb / committed planner kg / continuation (lookahead) [full]; pot_mode lookahead, pot_cap None): 1fb/176kg/p1(1)[1], 1fb/177kg/p2(2)[2], 1fb/187kg/p4(3)[4], 1fb/189kg/p3(3)[3], 1fb/192kg/p3(3)[3], 1fb/196kg/p3(2)[3], 1fb/209kg/p3(2)[3], 1fb/212kg/p3(2)[3], 1fb/238kg/p3(2)[3], 2fb/189kg/p0(0)[0], 2fb/189kg/p0(0)[0], 2fb/219kg/p3(3)[3], 2fb/223kg/p3(3)[3], 3fb/218kg/p1(1)[1], 3fb/266kg/p1(1)[1], 3fb/296kg/p1(1)[1]
[12:47:21] budget: 308 s of 420 left for the settles + regrids (settle_wall 480)
[12:47:21]     settle  8: 103 @   1529 d -> ok lintwin tank 675.1 (+2.0) miss 54 km (0.4 s)
[12:47:22]     settle  8:  70 @   1514 d -> ok lintwin tank 675.3 (+2.1) miss 16 km (0.4 s)
[12:47:22]     settle  9: 116 @   1369 d -> ok lintwin tank 688.0 (+28.3) miss 93 km (1.9 s)
[12:47:22]     settle  8:  41 @   1203 d -> ok lintwin tank 679.4 (+6.3) miss 21 km (0.3 s)
[12:47:22] plan: 2426 states, depth 11 new flybys, end plan_done (114 s); deepest 11 new to 2687 d at planner fuel 431 kg
[12:47:22]   depth  1:   91 states (70 in H), t_end 1197-1700 d, fuel 141-238 kg
[12:47:22]   depth  2:  300 states (98 in H), t_end 1328-2085 d, fuel 154-280 kg
[12:47:22]   depth  3:  300 states (14 in H), t_end 1503-2355 d, fuel 173-304 kg
[12:47:22]   depth  4:  300 states (2 in H), t_end 1603-2685 d, fuel 195-287 kg
[12:47:22]   depth  5:  300 states (0 in H), t_end 1678-2696 d, fuel 203-328 kg
[12:47:22]   depth  6:  300 states (0 in H), t_end 2003-2696 d, fuel 230-359 kg
[12:47:22]   depth  7:  300 states (0 in H), t_end 2234-2698 d, fuel 255-397 kg
[12:47:22]   depth  8:  300 states (0 in H), t_end 2391-2698 d, fuel 288-438 kg
[12:47:22]   depth  9:  204 states (0 in H), t_end 2475-2699 d, fuel 337-471 kg
[12:47:22]   depth 10:   30 states (0 in H), t_end 2523-2700 d, fuel 356-479 kg
[12:47:22]   depth 11:    1 states (0 in H), t_end 2687-2687 d, fuel 431-431 kg
[12:47:23] candidates: 112 distinct committed target sets (n_new 1-4, potential 0-2)
[12:47:23] frontier: 16 candidates chosen (n fb / committed planner kg / continuation (lookahead) [full]; pot_mode lookahead, pot_cap None): 1fb/141kg/p1(0)[1], 1fb/145kg/p1(1)[1], 1fb/159kg/p2(1)[2], 1fb/164kg/p4(1)[4], 1fb/209kg/p2(2)[2], 1fb/210kg/p2(1)[2], 1fb/227kg/p2(0)[2], 2fb/162kg/p1(1)[1], 2fb/163kg/p0(0)[0], 2fb/183kg/p3(1)[3], 3fb/199kg/p2(2)[2], 3fb/201kg/p1(1)[1], 3fb/204kg/p2(2)[2], 3fb/214kg/p2(2)[2], 4fb/235kg/p1(1)[1], 4fb/267kg/p1(1)[1]
[12:47:23] budget: 306 s of 420 left for the settles + regrids (settle_wall 480)
[12:47:23]     settle  8: 183 @   1317 d -> ok lintwin tank 680.6 (+7.5) miss 7 km (0.4 s)
[12:47:24]     settle  8: 250 @   1440 d -> ok lintwin tank 660.7 (+15.5) miss 45 km (0.4 s)
[12:47:24]     settle  9: 116 @   1427 d -> ok lintwin tank 658.7 (+4.2) miss 65 km (1.3 s)
[12:47:24]     settle  8: 257 @   1538 d -> ok lintwin tank 694.0 (+20.9) miss 65 km (1.1 s)
[12:47:24]     settle  9:  99 @   1618 d -> ok lintwin tank 661.4 (+0.6) miss 33 km (0.6 s)
[12:47:25]     settle  8:  56 @   1088 d -> ok lintwin tank 683.6 (+10.5) miss 75 km (0.7 s)
[12:47:25]     settle  9: 271 @   1540 d -> ok lintwin tank 660.5 (+5.9) miss 61 km (1.3 s)
[12:47:26]     settle  9: 118 @   1228 d -> ok lintwin tank 734.3 (+74.6) miss 14 km (0.9 s)
[12:47:26]     settle  8: 240 @   1288 d -> ok lintwin tank 678.5 (+5.4) miss 19 km (0.4 s)
[12:47:26]     settle  9:  44 @   1363 d -> ok lintwin tank 664.9 (+10.4) miss 84 km (0.5 s)
[12:47:26]     settle  9: 189 @   1225 d -> ok lintwin tank 674.1 (+14.4) miss 67 km (0.5 s)
[12:47:27]     settle  8: 267 @   1120 d -> ok lintwin tank 690.6 (+17.4) miss 66 km (0.7 s)
[12:47:27]     settle  9: 167 @   1531 d -> ok lintwin tank 666.5 (+3.3) miss 37 km (0.2 s)
[12:47:27]     settle 10: 298 @   1607 d -> ok lintwin tank 667.7 (+1.2) miss 3 km (0.2 s)
[12:47:27]     settle  9: 166 @   1245 d -> ok lintwin tank 662.1 (+7.6) miss 31 km (0.5 s)
[12:47:28] plan: 2602 states, depth 11 new flybys, end plan_done (120 s); deepest 11 new to 2679 d at planner fuel 467 kg
[12:47:28]   depth  1:  135 states (118 in H), t_end 1096-1770 d, fuel 141-245 kg
[12:47:28]   depth  2:  300 states (264 in H), t_end 1235-2062 d, fuel 152-290 kg
[12:47:28]   depth  3:  300 states (51 in H), t_end 1398-2259 d, fuel 169-318 kg
[12:47:28]   depth  4:  300 states (6 in H), t_end 1568-2608 d, fuel 206-314 kg
[12:47:28]   depth  5:  300 states (0 in H), t_end 1669-2682 d, fuel 244-331 kg
[12:47:28]   depth  6:  300 states (0 in H), t_end 1849-2608 d, fuel 267-364 kg
[12:47:28]   depth  7:  300 states (0 in H), t_end 2048-2698 d, fuel 306-395 kg
[12:47:28]   depth  8:  300 states (0 in H), t_end 2309-2697 d, fuel 323-431 kg
[12:47:28]   depth  9:  282 states (0 in H), t_end 2433-2700 d, fuel 341-445 kg
[12:47:28]   depth 10:   79 states (0 in H), t_end 2513-2699 d, fuel 390-469 kg
[12:47:28]   depth 11:    6 states (0 in H), t_end 2657-2691 d, fuel 467-494 kg
[12:47:28] plan: 2629 states, depth 11 new flybys, end plan_done (120 s); deepest 11 new to 2672 d at planner fuel 397 kg
[12:47:28]   depth  1:  117 states (97 in H), t_end 1105-1725 d, fuel 121-224 kg
[12:47:28]   depth  2:  300 states (189 in H), t_end 1255-1996 d, fuel 127-267 kg
[12:47:28]   depth  3:  300 states (38 in H), t_end 1347-2452 d, fuel 165-298 kg
[12:47:28]   depth  4:  300 states (14 in H), t_end 1489-2683 d, fuel 182-301 kg
[12:47:28]   depth  5:  300 states (0 in H), t_end 1676-2700 d, fuel 194-297 kg
[12:47:28]   depth  6:  300 states (0 in H), t_end 1864-2700 d, fuel 214-328 kg
[12:47:28]   depth  7:  300 states (0 in H), t_end 1979-2698 d, fuel 251-357 kg
[12:47:28]   depth  8:  300 states (0 in H), t_end 2220-2700 d, fuel 280-392 kg
[12:47:28]   depth  9:  300 states (0 in H), t_end 2354-2696 d, fuel 322-430 kg
[12:47:28]   depth 10:  105 states (0 in H), t_end 2524-2696 d, fuel 353-463 kg
[12:47:28]   depth 11:    7 states (0 in H), t_end 2632-2683 d, fuel 397-471 kg
[12:47:28] candidates: 270 distinct committed target sets (n_new 1-4, potential 0-3)
[12:47:28] frontier: 16 candidates chosen (n fb / committed planner kg / continuation (lookahead) [full]; pot_mode lookahead, pot_cap None): 1fb/141kg/p2(0)[2], 1fb/143kg/p0(0)[0], 1fb/145kg/p2(1)[2], 1fb/162kg/p4(3)[4], 1fb/173kg/p4(1)[4], 1fb/177kg/p5(2)[5], 2fb/152kg/p0(0)[0], 2fb/155kg/p1(1)[1], 2fb/190kg/p3(3)[3], 2fb/208kg/p4(2)[4], 3fb/191kg/p0(0)[0], 3fb/193kg/p0(0)[0], 3fb/223kg/p3(2)[3], 4fb/255kg/p1(1)[1], 4fb/266kg/p2(2)[2], 4fb/271kg/p2(2)[2]
[12:47:28] budget: 300 s of 420 left for the settles + regrids (settle_wall 480)
[12:47:28] candidates: 191 distinct committed target sets (n_new 1-4, potential 0-3)
[12:47:28] frontier: 16 candidates chosen (n fb / committed planner kg / continuation (lookahead) [full]; pot_mode lookahead, pot_cap None): 1fb/122kg/p1(0)[1], 1fb/131kg/p1(0)[1], 1fb/139kg/p3(2)[3], 1fb/140kg/p6(3)[6], 1fb/152kg/p2(2)[2], 1fb/167kg/p3(0)[3], 2fb/147kg/p2(2)[2], 2fb/150kg/p5(3)[5], 2fb/154kg/p2(0)[2], 3fb/167kg/p1(0)[1], 3fb/173kg/p1(0)[1], 3fb/175kg/p4(3)[4], 3fb/191kg/p3(3)[3], 4fb/205kg/p0(0)[0], 4fb/216kg/p3(3)[3], 4fb/218kg/p0(0)[0]
[12:47:28] budget: 300 s of 420 left for the settles + regrids (settle_wall 480)
[12:47:28]     settle  8: 186 @   1183 d -> ok lintwin tank 659.7 (+0.3) miss 3 km (0.2 s)
[12:47:28]     settle  8: 206 @   1421 d -> ok lintwin tank 651.2 (+3.7) miss 9 km (0.2 s)
[12:47:28]     settle  8: 270 @   1220 d -> ok lintwin tank 725.1 (+51.9) miss 83 km (1.8 s)
[12:47:29]     settle  8:  87 @   1573 d -> ok lintwin tank 662.4 (+3.1) miss 47 km (0.2 s)
[12:47:29]     settle  9: 142 @   1438 d -> ok lam tank 687.2 (+32.7) miss 0 km (1.8 s)
[12:47:29]     settle  8: 240 @   1291 d -> ok lintwin tank 678.5 (+5.4) miss 19 km (0.4 s)
[12:47:29]     settle  8: 292 @   1338 d -> ok lintwin tank 661.2 (+1.8) miss 2 km (0.2 s)
[12:47:29]     settle  8: 257 @   1396 d -> ok lintwin tank 655.3 (+7.8) miss 4 km (0.7 s)
[12:47:29]     settle 10: 116 @   1371 d -> ok lintwin tank 780.8 (+46.5) miss 0 km (2.3 s)
[12:47:29]     settle  9:  70 @   1513 d -> ok lintwin tank 678.8 (+0.3) miss 22 km (0.4 s)
[12:47:30]     settle  8: 201 @   1272 d -> ok lintwin tank 679.3 (+20.0) miss 10 km (0.4 s)
[12:47:30]     settle  8: 257 @   1388 d -> ok lintwin tank 675.2 (+2.0) miss 22 km (0.4 s)
[12:47:30]     settle  8: 260 @   1146 d -> ok lintwin tank 672.0 (+12.7) miss 5 km (0.2 s)
[12:47:30]     settle  8: 249 @   1312 d -> ok lintwin tank 658.0 (+10.4) miss 6 km (0.8 s)
[12:47:30]     settle  9: 103 @   1528 d -> ok lintwin tank 677.8 (+2.6) miss 4 km (0.4 s)
[12:47:30]     settle  8: 253 @   1165 d -> ok lintwin tank 670.8 (+11.4) miss 9 km (0.2 s)
[12:47:31]     settle  8: 248 @   1165 d -> ok lintwin tank 657.6 (+10.0) miss 13 km (0.3 s)
[12:47:31]     settle  9:  36 @   1405 d -> ok lintwin tank 668.6 (+14.1) miss 74 km (0.8 s)
[12:47:32]     settle  8: 299 @   1321 d -> ok lintwin tank 667.5 (+19.9) miss 9 km (0.6 s)
[12:47:32]     settle  9:  98 @   1508 d -> ok lintwin tank 691.2 (+11.8) miss 71 km (1.0 s)
[12:47:32]     settle  9: 170 @   1197 d -> ok lintwin tank 679.5 (+24.9) miss 77 km (0.5 s)
[12:47:32]     settle  8: 190 @   1304 d -> ok lintwin tank 701.5 (+42.1) miss 68 km (1.1 s)
[12:47:32]     settle  8:  43 @   1152 d -> ok lintwin tank 674.9 (+27.4) miss 12 km (0.4 s)
[12:47:32]     settle  9: 104 @   1573 d -> ok lintwin tank 681.6 (+2.2) miss 11 km (0.5 s)
[12:47:32]     settle  9: 166 @   1243 d -> ok lintwin tank 662.1 (+7.6) miss 31 km (0.6 s)
[12:47:33]     settle  8: 248 @   1164 d -> ok lintwin tank 657.6 (+10.0) miss 15 km (0.3 s)
[12:47:33]     settle 10: 191 @   1537 d -> ok lintwin tank 667.9 (+5.8) miss 14 km (0.3 s)
[12:47:33]     settle  9: 257 @   1398 d -> ok lintwin tank 659.1 (+1.6) miss 12 km (0.3 s)
[12:47:33]     settle 10: 123 @   1342 d -> ok lintwin tank 761.0 (+26.7) miss 30 km (1.1 s)
[12:47:33]     settle  9:  53 @   1564 d -> ok lintwin tank 702.2 (+0.7) miss 70 km (1.6 s)
[12:47:33]     settle  9: 249 @   1311 d -> ok lintwin tank 661.0 (+3.4) miss 21 km (0.2 s)
[12:47:34]     settle  9:  45 @   1348 d -> ok lintwin tank 659.3 (+1.7) miss 13 km (0.2 s)
[12:47:34]     settle  9:  53 @   1564 d -> ok lintwin tank 662.6 (+1.4) miss 6 km (0.2 s)
[12:47:34]     settle  9: 116 @   1391 d -> ok lintwin tank 658.8 (+4.2) miss 64 km (0.9 s)
[12:47:34]     settle 10: 257 @   1397 d -> ok lintwin tank 659.3 (+0.1) miss 8 km (0.2 s)
[12:47:34]     settle 10: 271 @   1539 d -> ok lintwin tank 666.3 (+7.5) miss 2 km (0.2 s)
[12:47:34]     settle  9: 292 @   1428 d -> ok lintwin tank 676.1 (+5.3) miss 2 km (0.3 s)
[12:47:35]     settle  9:  89 @   1503 d -> ok lintwin tank 691.0 (+11.6) miss 70 km (2.2 s)
[12:47:35]     settle  9: 201 @   1274 d -> ok lintwin tank 681.4 (+10.6) miss 6 km (0.3 s)
[12:47:35]     settle 10:  44 @   1358 d -> ok lintwin tank 671.2 (+9.1) miss 27 km (0.5 s)
[12:47:35]     settle 10: 283 @   1551 d -> ok lintwin tank 691.8 (+0.8) miss 28 km (0.4 s)
[12:47:35] plan: 2722 states, depth 12 new flybys, end plan_done (127 s); deepest 12 new to 2688 d at planner fuel 534 kg
[12:47:35]   depth  1:  108 states (94 in H), t_end 1140-1680 d, fuel 230-325 kg
[12:47:35]   depth  2:  300 states (204 in H), t_end 1244-2072 d, fuel 239-365 kg
[12:47:35]   depth  3:  300 states (31 in H), t_end 1398-2542 d, fuel 268-398 kg
[12:47:35]   depth  4:  300 states (6 in H), t_end 1496-2551 d, fuel 304-427 kg
[12:47:35]   depth  5:  300 states (0 in H), t_end 1647-2406 d, fuel 324-452 kg
[12:47:35]   depth  6:  300 states (0 in H), t_end 1760-2690 d, fuel 351-475 kg
[12:47:35]   depth  7:  300 states (0 in H), t_end 2008-2700 d, fuel 366-502 kg
[12:47:35]   depth  8:  300 states (0 in H), t_end 2208-2700 d, fuel 383-496 kg
[12:47:35]   depth  9:  300 states (0 in H), t_end 2287-2700 d, fuel 414-520 kg
[12:47:35]   depth 10:  166 states (0 in H), t_end 2400-2700 d, fuel 451-530 kg
[12:47:35]   depth 11:   43 states (0 in H), t_end 2545-2688 d, fuel 473-540 kg
[12:47:35]   depth 12:    5 states (0 in H), t_end 2668-2688 d, fuel 534-540 kg
[12:47:35] candidates: 207 distinct committed target sets (n_new 1-4, potential 0-3)
[12:47:35] frontier: 16 candidates chosen (n fb / committed planner kg / continuation (lookahead) [full]; pot_mode lookahead, pot_cap None): 1fb/230kg/p2(1)[2], 1fb/237kg/p1(1)[1], 1fb/258kg/p5(2)[5], 1fb/258kg/p3(2)[3], 1fb/270kg/p4(2)[4], 1fb/273kg/p3(1)[3], 2fb/239kg/p0(0)[0], 2fb/247kg/p0(0)[0], 2fb/289kg/p3(2)[3], 2fb/290kg/p4(2)[4], 3fb/305kg/p2(2)[2], 3fb/313kg/p3(2)[3], 3fb/319kg/p1(1)[1], 4fb/318kg/p2(2)[2], 4fb/340kg/p2(2)[2], 4fb/357kg/p0(0)[0]
[12:47:35] budget: 293 s of 420 left for the settles + regrids (settle_wall 480)
[12:47:35]     settle  8: 249 @   1309 d -> ok lintwin tank 658.0 (+10.4) miss 5 km (0.9 s)
[12:47:35]     settle  9: 292 @   1337 d -> ok lintwin tank 671.0 (+11.3) miss 2 km (0.2 s)
[12:47:35]     settle 11: 191 @   1542 d -> ok lintwin tank 672.9 (+1.7) miss 53 km (0.4 s)
[12:47:35]     settle 10:  87 @   1568 d -> ok lintwin tank 675.1 (+4.1) miss 28 km (0.2 s)
[12:47:36]     settle  9:  45 @   1348 d -> ok lintwin tank 662.2 (+4.2) miss 2 km (0.3 s)
[12:47:36]     settle 11: 298 @   1602 d -> ok lintwin tank 803.7 (+42.8) miss 0 km (2.5 s)
[12:47:36]     settle 10:  53 @   1565 d -> ok lintwin tank 675.3 (+4.3) miss 69 km (0.2 s)
[12:47:36]     settle  9: 132 @   1417 d -> ok lintwin tank 697.4 (+13.8) miss 63 km (0.6 s)
[12:47:36]     settle 11:  35 @   1168 d -> ok lintwin tank 702.3 (+2.2) miss 46 km (0.8 s)
[12:47:36]     settle 10: 257 @   1399 d -> ok lintwin tank 665.6 (+3.4) miss 3 km (0.5 s)
[12:47:36]     settle 11:  30 @   1602 d -> ok lintwin tank 672.8 (+1.5) miss 30 km (0.6 s)
[12:47:36]     settle 10: 227 @   1587 d -> ok lintwin tank 711.3 (+13.9) miss 56 km (0.5 s)
[12:47:36]     settle  9: 201 @   1276 d -> ok lintwin tank 681.4 (+10.6) miss 5 km (0.4 s)
[12:47:37]     settle 10: 257 @   1396 d -> ok lintwin tank 670.6 (+9.7) miss 15 km (0.3 s)
[12:47:37]     settle 10: 292 @   1420 d -> ok lintwin tank 689.0 (+7.6) miss 30 km (0.2 s)
[12:47:37]     settle 11: 167 @   1532 d -> ok lintwin tank 705.8 (+5.7) miss 39 km (0.4 s)
[12:47:37]     settle 11:  35 @   1597 d -> ok lintwin tank 678.4 (+7.1) miss 31 km (0.6 s)
[12:47:37]     settle  9: 201 @   1276 d -> ok lintwin tank 682.9 (+10.9) miss 7 km (0.3 s)
[12:47:37]     settle 10:  95 @   1582 d -> ok lintwin tank 675.5 (+14.6) miss 5 km (0.4 s)
[12:47:38]     settle 10: 292 @   1416 d -> ok lintwin tank 699.6 (+16.7) miss 8 km (0.4 s)
[12:47:38]     settle 11:  70 @   1495 d -> ok lintwin tank 674.0 (+14.6) miss 1 km (0.3 s)
[12:47:38]     settle 10:  44 @   1361 d -> ok lintwin tank 671.2 (+9.1) miss 25 km (0.5 s)
[12:47:38]     settle 11:  42 @   1570 d -> ok lintwin tank 700.6 (+1.0) miss 3 km (0.2 s)
[12:47:38]     settle 11: 252 @   1160 d -> ok lintwin tank 714.4 (+14.3) miss 64 km (1.0 s)
[12:47:38]     settle 11:  70 @   1496 d -> ok lintwin tank 688.7 (+18.0) miss 7 km (0.4 s)
[12:47:38]     settle 11:   1 @   1503 d -> ok lintwin tank 675.5 (+4.3) miss 53 km (0.6 s)
[12:47:39]     settle 11: 179 @   1568 d -> ok lintwin tank 706.6 (+17.6) miss 1 km (0.5 s)
[12:47:39]     settle 12:  30 @   1603 d -> ok lintwin tank 674.7 (+1.8) miss 2 km (0.2 s)
[12:47:39]     settle 10: 292 @   1416 d -> ok lintwin tank 689.0 (+7.6) miss 30 km (0.2 s)
[12:47:39]     settle 10:  87 @   1487 d -> ok lintwin tank 678.9 (+16.7) miss 15 km (0.6 s)
[12:47:39]     settle  9: 132 @   1425 d -> ok lintwin tank 743.1 (+18.0) miss 4 km (2.6 s)
[12:47:39]     settle 11: 137 @   1614 d -> ok lintwin tank 684.2 (+5.3) miss 15 km (0.2 s)
[12:47:40]     settle 11:  42 @   1570 d -> ok lintwin tank 694.4 (+5.4) miss 12 km (0.4 s)
[12:47:40] RESULT s02_c2: 16 columns; frontier 1fb 4 kg p0/3 | 2fb 12 kg p2/3 | 3fb 12 kg p0/3 | 4fb 26 kg p0/3; settles 20 (20 ok), regrids 16 (16 ok); wall 131 s of 420 (plan 120, price 0, settle 11; budget hit None, 0 unsettled)
[12:47:40]     settle 11: 138 @   1438 d -> ok lintwin tank 736.6 (+36.5) miss 77 km (1.4 s)
[12:47:40]     settle 11: 256 @   1558 d -> ok lintwin tank 680.2 (+8.9) miss 41 km (0.5 s)
[12:47:40] RESULT s02_c6: 16 columns; frontier 1fb 0 kg p0/3 | 2fb 3 kg p1/3 | 3fb 16 kg p0/2 | 4fb 35 kg p2/2; settles 22 (22 ok), regrids 16 (16 ok); wall 132 s of 420 (plan 120, price 1, settle 12; budget hit None, 0 unsettled)
[12:47:40]     settle 10: 117 @   1449 d -> ok lintwin tank 693.7 (+19.6) miss 74 km (1.5 s)
[12:47:41]   job s02_c2 craft columns  16  levels 11  settles 20/20  end plan_done  wall 131.4 s
[12:47:41]   job s02_c6 craft columns  16  levels 11  settles 22/22  end plan_done  wall 131.5 s
[12:47:41]     settle 12:  74 @   1614 d -> ok lintwin tank 684.4 (+4.3) miss 46 km (1.1 s)
[12:47:41]   drift: leg 74@1614 d settled outside (T, T+H] -> column cut at 3
[12:47:41] RESULT s02_c5: 16 columns; frontier 1fb 4 kg p0/2 | 2fb 12 kg p0/1 | 3fb 18 kg p1/2 | 4fb 20 kg p1/1; settles 20 (20 ok), regrids 16 (16 ok); wall 133 s of 420 (plan 114, price 1, settle 18; budget hit None, 0 unsettled)
[12:47:41]     settle 11: 165 @   1474 d -> ok lintwin tank 702.1 (+8.4) miss 56 km (0.5 s)
[12:47:41]     settle 10: 227 @   1588 d -> ok lintwin tank 775.0 (+31.9) miss 58 km (1.8 s)
[12:47:41]     settle 11: 269 @   1243 d -> ok lintwin tank 722.4 (+22.3) miss 65 km (1.3 s)
[12:47:41] RESULT s02_c4: 16 columns; frontier 1fb 2 kg p1/3 | 2fb 5 kg p0/3 | 3fb 19 kg p1/1; settles 21 (21 ok), regrids 16 (16 ok); wall 133 s of 420 (plan 112, price 1, settle 21; budget hit None, 0 unsettled)
[12:47:42]     settle  9: 189 @   1224 d -> ok lintwin tank 674.1 (+14.4) miss 54 km (0.5 s)
[12:47:42]     settle  9:  54 @   1471 d -> FAIL [('lam', 46929.1), ('lin', 2158.5)] (28.0 s)
[12:47:42]     settle 10:  54 @   1477 d -> ok lintwin tank 678.6 (+4.5) miss 72 km (0.7 s)
[12:47:43]   job s02_c4 craft columns  16  levels 11  settles 21/21  end plan_done  wall 133.1 s
[12:47:43]   job s02_c5 craft columns  16  levels 11  settles 20/20  end plan_done  wall 132.7 s
[12:47:43]     settle 11: 108 @   1292 d -> ok lintwin tank 737.0 (+36.9) miss 79 km (1.5 s)
[12:47:44]     settle 11: 298 @   1605 d -> ok lintwin tank 699.0 (+20.4) miss 70 km (1.5 s)
[12:47:44] RESULT s02_c3: 16 columns; frontier 1fb 5 kg p0/3 | 2fb 16 kg p0/2 | 3fb 22 kg p1/1 | 4fb 54 kg p1/1; settles 21 (21 ok), regrids 16 (16 ok); wall 136 s of 420 (plan 108, price 1, settle 28; budget hit None, 0 unsettled)
[12:47:44]     settle 12:  79 @   1538 d -> ok lintwin tank 705.6 (+3.3) miss 65 km (1.5 s)
[12:47:45]   job s02_c3 craft columns  16  levels 10  settles 21/21  end plan_done  wall 135.9 s
[12:47:45]   regrid FAIL (1 fb: miss 157 km, None, 3.1 s) -> column dropped
[12:47:45]     settle  8: 195 @   1182 d -> ok lintwin tank 657.2 (+8.2) miss 10 km (0.3 s)
[12:47:46]     settle  9: 132 @   1432 d -> ok lintwin tank 673.2 (+16.1) miss 68 km (0.5 s)
[12:47:46]     settle 12: 103 @   1407 d -> ok lintwin tank 706.9 (+4.7) miss 69 km (1.4 s)
[12:47:46]     settle  9: 258 @   1413 d -> ok lintwin tank 664.8 (+0.2) miss 76 km (0.6 s)
[12:47:47]     settle 10: 137 @   1617 d -> ok lintwin tank 670.9 (+6.1) miss 1 km (0.2 s)
[12:47:47]   drift: leg 137@1617 d settled outside (T, T+H] -> column cut at 2
[12:47:47]     settle 10:  95 @   1567 d -> ok lintwin tank 674.9 (+12.6) miss 68 km (0.7 s)
[12:47:47]     settle 12: 103 @   1400 d -> ok lintwin tank 721.1 (+6.7) miss 59 km (1.3 s)
[12:47:48]     settle  9: 258 @   1414 d -> ok lintwin tank 671.2 (+13.8) miss 76 km (0.7 s)
[12:47:49]     settle 12: 269 @   1244 d -> ok lintwin tank 722.4 (+8.0) miss 78 km (1.1 s)
[12:47:49]     settle 10:  36 @   1490 d -> ok lintwin tank 682.8 (+11.6) miss 61 km (0.7 s)
[12:47:49]   1 candidates dropped (settle failure / regrid failure / duplicate after truncation)
[12:47:49] RESULT s02_c7: 15 columns; frontier 1fb 4 kg p2/3 | 2fb 13 kg p3/3 | 3fb 26 kg p3/3; settles 21 (19 ok), regrids 16 (15 ok); wall 141 s of 420 (plan 92, price 0, settle 49; budget hit None, 0 unsettled)
[12:47:50]     settle 12: 210 @   1399 d -> ok lintwin tank 725.4 (+2.9) miss 66 km (1.2 s)
[12:47:51]   job s02_c7 craft columns  15  levels 10  settles 19/21  end plan_done  wall 141.0 s
[12:47:52]     settle 13:  36 @   1496 d -> ok lintwin tank 731.4 (+6.1) miss 62 km (1.4 s)
[12:47:53]     settle 13: 210 @   1398 d -> ok lintwin tank 733.1 (+10.6) miss 73 km (1.5 s)
[12:47:55]     settle 13:  36 @   1495 d -> ok lintwin tank 733.1 (+10.7) miss 88 km (1.6 s)
[12:47:57]     settle 14:  36 @   1496 d -> ok lintwin tank 734.5 (+1.4) miss 63 km (1.3 s)
[12:47:58]     settle 12: 269 @   1246 d -> ok lintwin tank 722.4 (+8.0) miss 78 km (1.1 s)
[12:48:00]     settle 13:  57 @   1457 d -> ok lintwin tank 740.9 (+18.5) miss 73 km (1.6 s)
[12:48:01]     settle 14: 190 @   1564 d -> ok lintwin tank 742.6 (+1.6) miss 63 km (1.4 s)
[12:48:03]     settle 13: 235 @   1495 d -> ok lintwin tank 737.3 (+16.2) miss 79 km (1.7 s)
[12:48:03]     settle 14: 298 @   1610 d -> ok lintwin tank 753.6 (+16.3) miss 6 km (0.3 s)
[12:48:03] RESULT s02_c0: 16 columns; frontier 1fb 2 kg p1/2 | 2fb 5 kg p0/2 | 3fb 31 kg p2/2 | 4fb 34 kg p2/2; settles 20 (20 ok), regrids 16 (16 ok); wall 155 s of 420 (plan 127, price 1, settle 28; budget hit None, 0 unsettled)
[12:48:05]   job s02_c0 craft columns  16  levels 12  settles 20/20  end plan_done  wall 155.2 s
[12:48:05] [slice 2] propose: 127 columns (0 bad dropped) in 156.6 s
[12:48:05] [slice 2] auction: 127 columns, kept 127, dropped {}; lam 1.00 H_eff 540 d fuel budget 482 kg quota on
[12:48:05] [slice 2] auction: status optimal objective 32.796 vars 127 rows 60 chosen 8 fuel 273/482 kg (0.031 s)
[12:48:07] [slice 2] claims: c0:2 c2:2 c3:1 c4:1 c5:1 c6:2 c7:2  (11 targets: 0 kept, 11 new; 14 released, 0 expired (ttl 4), 2 conflicts)
[12:48:07] [slice 2 T=1080 d] launched 8/8  covered 88  remaining 210  fuel 763 kg  sumJi 8.5836  chosen: c0:4(+34) c1:3(+44) c2:4(+41) c3:4(+54) c4:3(+19) c5:4(+20) c6:4(+35) c7:3(+26)  rejected: -  (wall 159 s)
[12:48:07] [slice 3] claims in force: c0:2 c2:2 c3:1 c4:1 c5:1 c6:2 c7:2  (11 targets; claim_bonus 1.0, ttl 4)
[12:48:07]   c0: claims: 2 own (prized +1.0), 9 claimed by others withheld
[12:48:07]   c1: claims: 0 own (prized +1.0), 11 claimed by others withheld
[12:48:07]   c2: claims: 2 own (prized +1.0), 9 claimed by others withheld
[12:48:07]   c3: claims: 1 own (prized +1.0), 10 claimed by others withheld
[12:48:07]   c4: claims: 1 own (prized +1.0), 10 claimed by others withheld
[12:48:07]   c5: claims: 1 own (prized +1.0), 10 claimed by others withheld
[12:48:07]   c6: claims: 2 own (prized +1.0), 9 claimed by others withheld
[12:48:07]   c7: claims: 2 own (prized +1.0), 9 claimed by others withheld
[12:48:07] [slice 3 T=1620 d] propose: 8 jobs (8 craft, 0 root) on 9 workers, proposer planbeam, H_eff 540 d, lam 1.0
[12:48:07] job s03_c1 (craft, craft 1, planbeam): T 1620 d H 540 L 360; plan horizon 3240 d; remaining 199; prize >1 on 55; width 300 npt 6 mc 150 dv 1.2 drmax 0.15 plan_wall 300 s; quota {'fil': 8, 'med': 15}
[12:48:07] job s03_c3 (craft, craft 3, planbeam): T 1620 d H 540 L 360; plan horizon 3240 d; remaining 200; prize >1 on 56; width 300 npt 6 mc 150 dv 1.2 drmax 0.15 plan_wall 300 s; quota {'fil': 3, 'med': 17}
[12:48:07] job s03_c2 (craft, craft 2, planbeam): T 1620 d H 540 L 360; plan horizon 3240 d; remaining 201; prize >1 on 57; width 300 npt 6 mc 150 dv 1.2 drmax 0.15 plan_wall 300 s; quota {'fil': 7, 'med': 14}
[12:48:07] job s03_c0 (craft, craft 0, planbeam): T 1620 d H 540 L 360; plan horizon 3240 d; remaining 201; prize >1 on 57; width 300 npt 6 mc 150 dv 1.2 drmax 0.15 plan_wall 300 s; quota {'fil': 6, 'med': 15}
[12:48:07] job s03_c4 (craft, craft 4, planbeam): T 1620 d H 540 L 360; plan horizon 3240 d; remaining 200; prize >1 on 56; width 300 npt 6 mc 150 dv 1.2 drmax 0.15 plan_wall 300 s; quota {'fil': 6, 'med': 16}
[12:48:07] job s03_c5 (craft, craft 5, planbeam): T 1620 d H 540 L 360; plan horizon 3240 d; remaining 200; prize >1 on 56; width 300 npt 6 mc 150 dv 1.2 drmax 0.15 plan_wall 300 s; quota {'fil': 5, 'med': 15}
[12:48:07] job s03_c6 (craft, craft 6, planbeam): T 1620 d H 540 L 360; plan horizon 3240 d; remaining 201; prize >1 on 57; width 300 npt 6 mc 150 dv 1.2 drmax 0.15 plan_wall 300 s; quota {'fil': 6, 'med': 14}
[12:48:07] job s03_c7 (craft, craft 7, planbeam): T 1620 d H 540 L 360; plan horizon 3240 d; remaining 201; prize >1 on 57; width 300 npt 6 mc 150 dv 1.2 drmax 0.15 plan_wall 300 s; quota {'fil': 8, 'med': 15}
[12:48:07] prefix slices/s03/in/craft_4.npz: 10 flybys, t_end 1551.3 d, tank 691.7 kg (planner view), miss 0.2 km, nreg 76
[12:48:07] budget: job_wall 420 s, 420 s left before the plan -> plan cap 300 s (plan_wall 300, settle_reserve 90)
[12:48:07] prefix slices/s03/in/craft_2.npz: 11 flybys, t_end 1496.9 d, tank 688.5 kg (planner view), miss 1.1 km, nreg 76
[12:48:07] budget: job_wall 420 s, 420 s left before the plan -> plan cap 300 s (plan_wall 300, settle_reserve 90)
[12:48:07] prefix slices/s03/in/craft_6.npz: 11 flybys, t_end 1569.5 d, tank 694.3 kg (planner view), miss 0.2 km, nreg 71
[12:48:07] prefix slices/s03/in/craft_7.npz: 10 flybys, t_end 1564.8 d, tank 674.8 kg (planner view), miss 1.6 km, nreg 68
[12:48:07] budget: job_wall 420 s, 420 s left before the plan -> plan cap 300 s (plan_wall 300, settle_reserve 90)
[12:48:07] budget: job_wall 420 s, 420 s left before the plan -> plan cap 300 s (plan_wall 300, settle_reserve 90)
[12:48:07] prefix slices/s03/in/craft_3.npz: 11 flybys, t_end 1606.4 d, tank 698.8 kg (planner view), miss 1.8 km, nreg 79
[12:48:07] budget: job_wall 420 s, 420 s left before the plan -> plan cap 300 s (plan_wall 300, settle_reserve 90)
[12:48:07] prefix slices/s03/in/craft_5.npz: 12 flybys, t_end 1603.2 d, tank 674.7 kg (planner view), miss 0.1 km, nreg 76
[12:48:07] budget: job_wall 420 s, 420 s left before the plan -> plan cap 300 s (plan_wall 300, settle_reserve 90)
[12:48:07] prefix slices/s03/in/craft_1.npz: 9 flybys, t_end 1512.8 d, tank 706.0 kg (planner view), miss 15.7 km, nreg 78
[12:48:07] budget: job_wall 420 s, 420 s left before the plan -> plan cap 300 s (plan_wall 300, settle_reserve 90)
[12:48:07] prefix slices/s03/in/craft_0.npz: 14 flybys, t_end 1495.1 d, tank 734.3 kg (planner view), miss 0.2 km, nreg 77
[12:48:07] budget: job_wall 420 s, 420 s left before the plan -> plan cap 300 s (plan_wall 300, settle_reserve 90)
[12:48:16] first level (both): 0 production + 67 relaxed (dv 2.5, 0.3 AU; 0.1 s) + 56 lintwin children -> 88 unique (9.1 s)
[12:48:16] plan start: prefix 10 flybys, t_end 1551.3 d, planner mass 1391.3 kg (dv 5.481 km/s); 88 first-level states
[12:48:16] first level (both): 0 production + 41 relaxed (dv 2.5, 0.3 AU; 0.1 s) + 46 lintwin children -> 68 unique (9.2 s)
[12:48:16] plan start: prefix 11 flybys, t_end 1569.5 d, planner mass 1386.2 kg (dv 5.628 km/s); 68 first-level states
[12:48:17] first level (both): 0 production + 36 relaxed (dv 2.5, 0.3 AU; 0.0 s) + 67 lintwin children -> 93 unique (9.7 s)
[12:48:17] plan start: prefix 10 flybys, t_end 1564.8 d, planner mass 1426.2 kg (dv 4.511 km/s); 93 first-level states
[12:48:17] first level (both): 0 production + 41 relaxed (dv 2.5, 0.3 AU; 0.1 s) + 52 lintwin children -> 72 unique (9.8 s)
[12:48:17] plan start: prefix 11 flybys, t_end 1606.4 d, planner mass 1377.1 kg (dv 5.884 km/s); 72 first-level states
[12:48:17] first level (both): 0 production + 54 relaxed (dv 2.5, 0.3 AU; 0.1 s) + 71 lintwin children -> 104 unique (9.9 s)
[12:48:17] plan start: prefix 11 flybys, t_end 1496.9 d, planner mass 1397.7 kg (dv 5.301 km/s); 104 first-level states
[12:48:17] first level (both): 0 production + 69 relaxed (dv 2.5, 0.3 AU; 0.1 s) + 65 lintwin children -> 101 unique (10.1 s)
[12:48:17] plan start: prefix 12 flybys, t_end 1603.2 d, planner mass 1426.5 kg (dv 4.503 km/s); 101 first-level states
[12:48:18] first level (both): 0 production + 39 relaxed (dv 2.5, 0.3 AU; 0.1 s) + 68 lintwin children -> 92 unique (10.9 s)
[12:48:18] plan start: prefix 14 flybys, t_end 1495.1 d, planner mass 1310.6 kg (dv 7.827 km/s); 92 first-level states
[12:48:18] first level (both): 0 production + 33 relaxed (dv 2.5, 0.3 AU; 0.1 s) + 68 lintwin children -> 92 unique (11.0 s)
[12:48:18] plan start: prefix 9 flybys, t_end 1512.8 d, planner mass 1363.1 kg (dv 6.286 km/s); 92 first-level states
[12:49:33] plan: 1827 states, depth 9 new flybys, end plan_done (86 s); deepest 9 new to 3223 d at planner fuel 541 kg
[12:49:33]   depth  1:   92 states (85 in H), t_end 1678-2318 d, fuel 240-336 kg
[12:49:33]   depth  2:  300 states (91 in H), t_end 1852-2612 d, fuel 270-376 kg
[12:49:33]   depth  3:  300 states (25 in H), t_end 1983-2933 d, fuel 300-406 kg
[12:49:33]   depth  4:  300 states (6 in H), t_end 2076-3238 d, fuel 315-436 kg
[12:49:33]   depth  5:  300 states (0 in H), t_end 2452-3238 d, fuel 335-465 kg
[12:49:33]   depth  6:  300 states (0 in H), t_end 2676-3240 d, fuel 364-491 kg
[12:49:33]   depth  7:  185 states (0 in H), t_end 2759-3240 d, fuel 421-519 kg
[12:49:33]   depth  8:   44 states (0 in H), t_end 2959-3236 d, fuel 454-547 kg
[12:49:33]   depth  9:    6 states (0 in H), t_end 3128-3227 d, fuel 541-562 kg
[12:49:33] candidates: 113 distinct committed target sets (n_new 1-4, potential 0-2)
[12:49:33] frontier: 16 candidates chosen (n fb / committed planner kg / continuation (lookahead) [full]; pot_mode lookahead, pot_cap None): 1fb/240kg/p1(0)[1], 1fb/240kg/p0(0)[0], 1fb/260kg/p2(1)[2], 1fb/282kg/p3(2)[3], 1fb/301kg/p3(2)[3], 1fb/305kg/p3(2)[3], 1fb/325kg/p3(2)[3], 1fb/328kg/p4(1)[4], 2fb/270kg/p0(0)[0], 2fb/286kg/p1(1)[1], 2fb/363kg/p3(1)[3], 3fb/343kg/p0(0)[0], 3fb/368kg/p2(1)[2], 3fb/373kg/p0(0)[0], 4fb/402kg/p0(0)[0], 4fb/403kg/p1(1)[1]
[12:49:33] budget: 334 s of 420 left for the settles + regrids (settle_wall 480)
[12:49:34]     settle 10: 208 @   1930 d -> ok lintwin tank 710.6 (+4.6) miss 79 km (1.0 s)
[12:49:35]     settle 10: 232 @   1987 d -> ok lintwin tank 707.9 (+1.8) miss 24 km (0.4 s)
[12:49:37]     settle 10:  77 @   1911 d -> ok lintwin tank 716.7 (+10.7) miss 74 km (1.6 s)
[12:49:38]     settle 10: 285 @   1678 d -> ok lintwin tank 729.7 (+23.6) miss 67 km (1.0 s)
[12:49:39] plan: 2006 states, depth 9 new flybys, end plan_done (92 s); deepest 9 new to 3224 d at planner fuel 406 kg
[12:49:39]   depth  1:   88 states (78 in H), t_end 1665-2290 d, fuel 220-311 kg
[12:49:39]   depth  2:  300 states (135 in H), t_end 1862-2830 d, fuel 229-350 kg
[12:49:39]   depth  3:  300 states (26 in H), t_end 1954-2998 d, fuel 254-372 kg
[12:49:39]   depth  4:  300 states (0 in H), t_end 2224-3233 d, fuel 272-405 kg
[12:49:39]   depth  5:  300 states (0 in H), t_end 2364-3240 d, fuel 287-427 kg
[12:49:39]   depth  6:  300 states (0 in H), t_end 2618-3240 d, fuel 306-454 kg
[12:49:39]   depth  7:  300 states (0 in H), t_end 2828-3240 d, fuel 323-475 kg
[12:49:39]   depth  8:  109 states (0 in H), t_end 2998-3240 d, fuel 353-486 kg
[12:49:39]   depth  9:    9 states (0 in H), t_end 3094-3237 d, fuel 406-485 kg
[12:49:39] candidates: 143 distinct committed target sets (n_new 1-3, potential 0-3)
[12:49:39] frontier: 16 candidates chosen (n fb / committed planner kg / continuation (lookahead) [full]; pot_mode lookahead, pot_cap None): 1fb/220kg/p3(3)[3], 1fb/225kg/p1(1)[1], 1fb/230kg/p3(3)[3], 1fb/235kg/p3(1)[3], 1fb/238kg/p4(3)[4], 1fb/250kg/p3(2)[3], 1fb/269kg/p3(2)[3], 1fb/282kg/p4(2)[4], 1fb/284kg/p3(2)[3], 1fb/290kg/p3(1)[3], 2fb/235kg/p1(1)[1], 2fb/242kg/p3(3)[3], 2fb/243kg/p2(1)[2], 3fb/260kg/p0(0)[0], 3fb/279kg/p1(1)[1], 3fb/322kg/p2(2)[2]
[12:49:39] budget: 328 s of 420 left for the settles + regrids (settle_wall 480)
[12:49:40]     settle 11: 218 @   2001 d -> ok lintwin tank 696.8 (+5.1) miss 21 km (0.8 s)
[12:49:40] plan: 2103 states, depth 9 new flybys, end plan_done (94 s); deepest 9 new to 3211 d at planner fuel 405 kg
[12:49:40]   depth  1:   93 states (79 in H), t_end 1640-2234 d, fuel 181-275 kg
[12:49:40]   depth  2:  300 states (112 in H), t_end 1760-2694 d, fuel 190-314 kg
[12:49:40]   depth  3:  300 states (44 in H), t_end 1899-3015 d, fuel 197-353 kg
[12:49:40]   depth  4:  300 states (0 in H), t_end 2224-3234 d, fuel 223-378 kg
[12:49:40]   depth  5:  300 states (0 in H), t_end 2437-3238 d, fuel 237-414 kg
[12:49:40]   depth  6:  300 states (0 in H), t_end 2616-3240 d, fuel 267-438 kg
[12:49:40]   depth  7:  283 states (0 in H), t_end 2809-3240 d, fuel 309-465 kg
[12:49:40]   depth  8:  187 states (0 in H), t_end 2920-3240 d, fuel 346-483 kg
[12:49:40]   depth  9:   40 states (0 in H), t_end 3028-3240 d, fuel 405-495 kg
[12:49:40] candidates: 134 distinct committed target sets (n_new 1-3, potential 0-2)
[12:49:40] frontier: 16 candidates chosen (n fb / committed planner kg / continuation (lookahead) [full]; pot_mode lookahead, pot_cap None): 1fb/181kg/p3(2)[3], 1fb/186kg/p2(2)[2], 1fb/193kg/p2(2)[2], 1fb/195kg/p2(1)[2], 1fb/197kg/p2(1)[2], 1fb/202kg/p3(2)[3], 1fb/223kg/p4(2)[4], 1fb/223kg/p3(1)[3], 1fb/239kg/p3(2)[3], 1fb/275kg/p4(2)[4], 2fb/211kg/p2(2)[2], 2fb/216kg/p1(1)[1], 2fb/242kg/p3(2)[3], 3fb/255kg/p1(1)[1], 3fb/267kg/p0(0)[0], 3fb/273kg/p2(2)[2]
[12:49:40] budget: 326 s of 420 left for the settles + regrids (settle_wall 480)
[12:49:41]     settle 11: 168 @   2034 d -> ok lintwin tank 702.3 (+10.6) miss 82 km (1.0 s)
[12:49:41]     settle 11:  20 @   1954 d -> ok lintwin tank 675.8 (+1.0) miss 79 km (0.8 s)
[12:49:41]     settle 10: 170 @   1916 d -> ok lintwin tank 747.9 (+41.9) miss 2 km (2.7 s)
[12:49:42]     settle 11: 229 @   2048 d -> ok lintwin tank 685.6 (+10.8) miss 78 km (0.9 s)
[12:49:43] plan: 2033 states, depth 9 new flybys, end plan_done (96 s); deepest 9 new to 3221 d at planner fuel 513 kg
[12:49:43]   depth  1:   72 states (58 in H), t_end 1736-2283 d, fuel 234-323 kg
[12:49:43]   depth  2:  300 states (76 in H), t_end 1953-2700 d, fuel 250-357 kg
[12:49:43]   depth  3:  300 states (4 in H), t_end 2065-3169 d, fuel 298-396 kg
[12:49:43]   depth  4:  300 states (0 in H), t_end 2433-3240 d, fuel 321-417 kg
[12:49:43]   depth  5:  300 states (0 in H), t_end 2575-3240 d, fuel 358-446 kg
[12:49:43]   depth  6:  300 states (0 in H), t_end 2740-3239 d, fuel 388-481 kg
[12:49:43]   depth  7:  300 states (0 in H), t_end 2914-3239 d, fuel 399-513 kg
[12:49:43]   depth  8:  156 states (0 in H), t_end 2994-3239 d, fuel 430-546 kg
[12:49:43]   depth  9:    5 states (0 in H), t_end 3182-3221 d, fuel 513-544 kg
[12:49:43] candidates: 83 distinct committed target sets (n_new 1-3, potential 0-2)
[12:49:43] frontier: 16 candidates chosen (n fb / committed planner kg / continuation (lookahead) [full]; pot_mode lookahead, pot_cap None): 1fb/239kg/p1(1)[1], 1fb/244kg/p1(1)[1], 1fb/244kg/p2(2)[2], 1fb/246kg/p3(2)[3], 1fb/256kg/p3(1)[3], 1fb/264kg/p2(2)[2], 1fb/268kg/p2(1)[2], 1fb/271kg/p3(2)[3], 1fb/275kg/p2(1)[2], 1fb/278kg/p3(2)[3], 1fb/304kg/p3(2)[3], 2fb/276kg/p1(1)[1], 2fb/276kg/p0(0)[0], 2fb/294kg/p2(1)[2], 3fb/322kg/p1(1)[1], 3fb/367kg/p0(0)[0]
[12:49:43] budget: 324 s of 420 left for the settles + regrids (settle_wall 480)
[12:49:43]     settle 11:  82 @   1942 d -> ok lintwin tank 708.4 (+16.7) miss 75 km (1.8 s)
[12:49:44]     settle 12: 256 @   2127 d -> ok lintwin tank 718.5 (+19.6) miss 56 km (1.3 s)
[12:49:44]     settle 11: 250 @   2151 d -> ok lintwin tank 682.5 (+7.7) miss 74 km (1.5 s)
[12:49:44]     settle 11: 190 @   1712 d -> ok lintwin tank 702.2 (+10.5) miss 71 km (1.2 s)
[12:49:45]     settle 10: 268 @   1818 d -> ok lintwin tank 745.7 (+39.7) miss 79 km (2.8 s)
[12:49:45]     settle 11:   7 @   1695 d -> ok lintwin tank 706.7 (+15.0) miss 54 km (0.4 s)
[12:49:45]     settle 12: 163 @   1788 d -> ok lintwin tank 709.0 (+10.2) miss 95 km (1.1 s)
[12:49:46]     settle 11: 240 @   1934 d -> ok lintwin tank 706.8 (+32.0) miss 57 km (1.9 s)
[12:49:47]     settle 11: 188 @   1862 d -> ok lintwin tank 710.0 (+18.3) miss 79 km (1.7 s)
[12:49:47]     settle 11: 165 @   1956 d -> ok lintwin tank 685.5 (+10.7) miss 76 km (0.6 s)
[12:49:48]     settle 12: 176 @   2123 d -> ok lintwin tank 718.9 (+20.0) miss 46 km (2.0 s)
[12:49:49]     settle 10: 151 @   1831 d -> ok lintwin tank 741.2 (+35.1) miss 92 km (3.6 s)
[12:49:49] plan: 2168 states, depth 10 new flybys, end plan_done (102 s); deepest 10 new to 3237 d at planner fuel 558 kg
[12:49:49]   depth  1:   92 states (82 in H), t_end 1648-2239 d, fuel 299-378 kg
[12:49:49]   depth  2:  300 states (161 in H), t_end 1731-2622 d, fuel 318-418 kg
[12:49:49]   depth  3:  300 states (74 in H), t_end 1879-3145 d, fuel 327-442 kg
[12:49:49]   depth  4:  300 states (6 in H), t_end 2108-3198 d, fuel 370-464 kg
[12:49:49]   depth  5:  300 states (0 in H), t_end 2220-3236 d, fuel 378-485 kg
[12:49:49]   depth  6:  300 states (0 in H), t_end 2622-3231 d, fuel 413-517 kg
[12:49:49]   depth  7:  300 states (0 in H), t_end 2697-3239 d, fuel 452-549 kg
[12:49:49]   depth  8:  207 states (0 in H), t_end 2818-3240 d, fuel 475-573 kg
[12:49:49]   depth  9:   59 states (0 in H), t_end 2960-3239 d, fuel 514-586 kg
[12:49:49]   depth 10:   10 states (0 in H), t_end 3172-3238 d, fuel 558-582 kg
[12:49:49]     settle 12: 124 @   2082 d -> ok lintwin tank 729.9 (+31.0) miss 20 km (1.1 s)
[12:49:49] candidates: 176 distinct committed target sets (n_new 1-4, potential 0-2)
[12:49:49] frontier: 16 candidates chosen (n fb / committed planner kg / continuation (lookahead) [full]; pot_mode lookahead, pot_cap None): 1fb/300kg/p2(2)[2], 1fb/301kg/p1(1)[1], 1fb/331kg/p3(2)[3], 1fb/332kg/p4(2)[4], 1fb/333kg/p4(1)[4], 1fb/340kg/p4(2)[4], 1fb/346kg/p4(2)[4], 2fb/318kg/p1(1)[1], 2fb/319kg/p1(1)[1], 2fb/345kg/p3(1)[3], 3fb/363kg/p2(1)[2], 3fb/364kg/p0(0)[0], 3fb/366kg/p0(0)[0], 4fb/399kg/p1(1)[1], 4fb/415kg/p0(0)[0], 4fb/420kg/p0(0)[0]
[12:49:49] budget: 318 s of 420 left for the settles + regrids (settle_wall 480)
[12:49:50]     settle 11: 251 @   1871 d -> ok lintwin tank 723.6 (+31.9) miss 69 km (2.7 s)
[12:49:50]     settle 12: 202 @   1776 d -> ok lintwin tank 717.3 (+18.5) miss 80 km (0.9 s)
[12:49:50]     settle 11: 251 @   1873 d -> ok lintwin tank 731.7 (+56.9) miss 65 km (2.6 s)
[12:49:51]     settle 15: 147 @   2007 d -> ok lintwin tank 742.3 (+8.0) miss 72 km (1.8 s)
[12:49:51]     settle 11: 183 @   1700 d -> ok lintwin tank 697.3 (+22.5) miss 61 km (0.5 s)
[12:49:51]     settle 10: 259 @   1754 d -> ok lintwin tank 803.6 (+97.5) miss 20 km (2.3 s)
[12:49:51]     settle 11: 247 @   1776 d -> ok lintwin tank 720.4 (+28.7) miss 70 km (1.2 s)
[12:49:52]     settle 12: 299 @   2114 d -> ok lintwin tank 727.8 (+29.0) miss 70 km (1.4 s)
[12:49:53]     settle 11:  78 @   2044 d -> ok lintwin tank 734.5 (+23.9) miss 72 km (1.1 s)
[12:49:53]     settle 11: 266 @   1773 d -> ok lintwin tank 681.7 (+6.9) miss 58 km (1.4 s)
[12:49:53]     settle 12: 266 @   1780 d -> ok lintwin tank 725.9 (+27.1) miss 54 km (0.8 s)
[12:49:53]     settle 11: 299 @   1848 d -> ok lintwin tank 725.9 (+34.2) miss 68 km (1.5 s)
[12:49:53]     settle 11: 260 @   1998 d -> ok lintwin tank 719.1 (+2.4) miss 60 km (0.3 s)
[12:49:53]     settle 15: 165 @   1945 d -> ok lintwin tank 738.0 (+3.7) miss 79 km (2.1 s)
[12:49:54] plan: 2267 states, depth 11 new flybys, end plan_done (107 s); deepest 11 new to 3213 d at planner fuel 553 kg
[12:49:54]   depth  1:   68 states (61 in H), t_end 1658-2236 d, fuel 220-316 kg
[12:49:54]   depth  2:  268 states (66 in H), t_end 1779-2706 d, fuel 245-347 kg
[12:49:54]   depth  3:  300 states (39 in H), t_end 1899-3108 d, fuel 259-384 kg
[12:49:54]   depth  4:  300 states (1 in H), t_end 2134-3187 d, fuel 287-417 kg
[12:49:54]   depth  5:  300 states (0 in H), t_end 2368-3236 d, fuel 320-435 kg
[12:49:54]   depth  6:  300 states (0 in H), t_end 2586-3239 d, fuel 337-470 kg
[12:49:54]   depth  7:  300 states (0 in H), t_end 2659-3240 d, fuel 384-469 kg
[12:49:54]   depth  8:  300 states (0 in H), t_end 2758-3240 d, fuel 403-504 kg
[12:49:54]   depth  9:  109 states (0 in H), t_end 2942-3239 d, fuel 413-532 kg
[12:49:54]   depth 10:   16 states (0 in H), t_end 2990-3235 d, fuel 506-551 kg
[12:49:54]   depth 11:    6 states (0 in H), t_end 3210-3232 d, fuel 553-577 kg
[12:49:54] candidates: 108 distinct committed target sets (n_new 1-4, potential 0-2)
[12:49:54] frontier: 16 candidates chosen (n fb / committed planner kg / continuation (lookahead) [full]; pot_mode lookahead, pot_cap None): 1fb/230kg/p1(1)[1], 1fb/230kg/p1(0)[1], 1fb/235kg/p2(2)[2], 1fb/243kg/p2(2)[2], 1fb/243kg/p4(2)[4], 1fb/292kg/p3(2)[3], 1fb/293kg/p3(2)[3], 1fb/293kg/p4(2)[4], 1fb/298kg/p3(2)[3], 2fb/245kg/p1(1)[1], 2fb/253kg/p2(2)[2], 2fb/284kg/p3(2)[3], 3fb/270kg/p1(1)[1], 3fb/272kg/p0(0)[0], 3fb/299kg/p2(2)[2], 4fb/405kg/p0(0)[0]
[12:49:54] budget: 313 s of 420 left for the settles + regrids (settle_wall 480)
[12:49:54]     settle 11: 219 @   1675 d -> ok lintwin tank 744.6 (+52.8) miss 21 km (1.0 s)
[12:49:54]     settle 12: 270 @   1835 d -> ok lintwin tank 719.4 (+20.6) miss 31 km (1.2 s)
[12:49:55]     settle 12:  49 @   2046 d -> ok lintwin tank 709.9 (+15.6) miss 20 km (0.9 s)
[12:49:55]     settle 11: 111 @   1791 d -> ok lintwin tank 705.2 (+30.4) miss 78 km (1.8 s)
[12:49:55]     settle 15: 155 @   1670 d -> ok lintwin tank 769.7 (+35.4) miss 35 km (1.3 s)
[12:49:55]     settle 12: 267 @   1838 d -> ok lintwin tank 702.4 (+8.1) miss 27 km (0.2 s)
[12:49:55]     settle 12:  98 @   2145 d -> ok lintwin tank 697.4 (+0.6) miss 30 km (0.6 s)
[12:49:56]     settle 12:   4 @   1882 d -> ok lintwin tank 725.1 (+26.3) miss 72 km (1.0 s)
[12:49:56]     settle 12:  15 @   1967 d -> ok lintwin tank 707.5 (+0.8) miss 9 km (0.5 s)
[12:49:56]     settle 12: 124 @   2090 d -> ok lintwin tank 715.6 (+21.3) miss 26 km (1.0 s)
[12:49:57]     settle 15:  49 @   1648 d -> ok lintwin tank 829.4 (+95.1) miss 53 km (1.5 s)
[12:49:57]     settle 12: 218 @   2001 d -> ok lintwin tank 703.0 (+0.7) miss 63 km (0.6 s)
[12:49:57]     settle 12: 214 @   1788 d -> ok lintwin tank 725.0 (+26.1) miss 31 km (0.9 s)
[12:49:57]     settle 11: 159 @   1663 d -> ok lintwin tank 712.2 (+37.4) miss 83 km (1.7 s)
[12:49:58]     settle 13:  98 @   2146 d -> ok lintwin tank 704.5 (+1.5) miss 37 km (0.6 s)
[12:49:58]     settle 12: 168 @   2040 d -> ok lintwin tank 685.5 (+9.7) miss 71 km (0.9 s)
[12:49:58]     settle 12: 176 @   2088 d -> ok lintwin tank 728.1 (+33.8) miss 33 km (1.6 s)
[12:49:58]     settle 12: 133 @   1976 d -> ok lintwin tank 719.0 (+20.2) miss 75 km (1.2 s)
[12:49:58]     settle 13: 250 @   2141 d -> ok lintwin tank 708.5 (+5.5) miss 20 km (0.6 s)
[12:49:59] plan: 2405 states, depth 10 new flybys, end plan_done (112 s); deepest 10 new to 3235 d at planner fuel 421 kg
[12:49:59]   depth  1:  101 states (90 in H), t_end 1644-2267 d, fuel 180-279 kg
[12:49:59]   depth  2:  300 states (191 in H), t_end 1815-2747 d, fuel 203-321 kg
[12:49:59]   depth  3:  300 states (43 in H), t_end 1993-3051 d, fuel 215-334 kg
[12:49:59]   depth  4:  300 states (13 in H), t_end 2119-3222 d, fuel 246-373 kg
[12:49:59]   depth  5:  300 states (0 in H), t_end 2373-3201 d, fuel 271-403 kg
[12:49:59]   depth  6:  300 states (0 in H), t_end 2616-3239 d, fuel 297-437 kg
[12:49:59]   depth  7:  300 states (0 in H), t_end 2678-3240 d, fuel 344-473 kg
[12:49:59]   depth  8:  300 states (0 in H), t_end 2838-3240 d, fuel 361-505 kg
[12:49:59]   depth  9:  189 states (0 in H), t_end 2979-3240 d, fuel 369-535 kg
[12:49:59]   depth 10:   15 states (0 in H), t_end 3025-3238 d, fuel 421-533 kg
[12:49:59] candidates: 187 distinct committed target sets (n_new 1-4, potential 0-2)
[12:49:59] frontier: 16 candidates chosen (n fb / committed planner kg / continuation (lookahead) [full]; pot_mode lookahead, pot_cap None): 1fb/180kg/p1(1)[1], 1fb/186kg/p1(1)[1], 1fb/209kg/p4(2)[4], 1fb/210kg/p4(1)[4], 1fb/220kg/p3(1)[3], 1fb/230kg/p3(2)[3], 1fb/254kg/p4(2)[4], 2fb/208kg/p1(1)[1], 2fb/209kg/p1(1)[1], 2fb/238kg/p3(1)[3], 3fb/236kg/p0(0)[0], 3fb/241kg/p1(1)[1], 3fb/260kg/p2(2)[2], 4fb/286kg/p0(0)[0], 4fb/301kg/p0(0)[0], 4fb/304kg/p1(1)[1]
[12:49:59] budget: 308 s of 420 left for the settles + regrids (settle_wall 480)
[12:49:59]     settle 12:  25 @   1712 d -> ok lintwin tank 709.8 (+15.5) miss 2 km (0.5 s)
[12:49:59]     settle 13: 236 @   2103 d -> ok lintwin tank 676.8 (+2.1) miss 3 km (0.5 s)
[12:49:59]     settle 12: 250 @   2152 d -> ok lintwin tank 688.4 (+12.7) miss 79 km (0.9 s)
[12:49:59]     settle 12: 251 @   1869 d -> ok lintwin tank 736.0 (+15.6) miss 55 km (0.6 s)
[12:49:59]     settle 15: 159 @   1683 d -> ok lintwin tank 771.2 (+36.9) miss 0 km (2.5 s)
[12:50:00]     settle 13: 185 @   1976 d -> ok lintwin tank 724.2 (+6.8) miss 82 km (1.1 s)
[12:50:00] plan: 2452 states, depth 10 new flybys, end plan_done (113 s); deepest 10 new to 3222 d at planner fuel 387 kg
[12:50:00]   depth  1:  104 states (90 in H), t_end 1645-2250 d, fuel 204-303 kg
[12:50:00]   depth  2:  300 states (177 in H), t_end 1796-2696 d, fuel 219-337 kg
[12:50:00]   depth  3:  300 states (48 in H), t_end 1861-2942 d, fuel 237-374 kg
[12:50:00]   depth  4:  300 states (4 in H), t_end 2068-3099 d, fuel 248-409 kg
[12:50:00]   depth  5:  300 states (0 in H), t_end 2258-3240 d, fuel 261-406 kg
[12:50:00]   depth  6:  300 states (0 in H), t_end 2317-3239 d, fuel 294-379 kg
[12:50:00]   depth  7:  300 states (0 in H), t_end 2442-3240 d, fuel 302-413 kg
[12:50:00]   depth  8:  300 states (0 in H), t_end 2812-3240 d, fuel 338-443 kg
[12:50:00]   depth  9:  206 states (0 in H), t_end 2885-3240 d, fuel 366-475 kg
[12:50:00]   depth 10:   42 states (0 in H), t_end 3156-3238 d, fuel 387-501 kg
[12:50:00] candidates: 201 distinct committed target sets (n_new 1-4, potential 0-3)
[12:50:00] frontier: 16 candidates chosen (n fb / committed planner kg / continuation (lookahead) [full]; pot_mode lookahead, pot_cap None): 1fb/204kg/p0(0)[0], 1fb/211kg/p1(0)[1], 1fb/217kg/p6(3)[6], 1fb/218kg/p3(1)[3], 1fb/236kg/p2(1)[2], 1fb/247kg/p2(1)[2], 1fb/275kg/p3(2)[3], 2fb/219kg/p0(0)[0], 2fb/220kg/p0(0)[0], 2fb/233kg/p5(3)[5], 2fb/243kg/p3(2)[3], 3fb/237kg/p1(1)[1], 3fb/256kg/p0(0)[0], 3fb/260kg/p4(3)[4], 4fb/273kg/p3(3)[3], 4fb/356kg/p0(0)[0]
[12:50:00] budget: 307 s of 420 left for the settles + regrids (settle_wall 480)
[12:50:00]     settle 13: 180 @   1999 d -> ok lintwin tank 680.9 (+6.3) miss 55 km (0.6 s)
[12:50:00]     settle 13: 133 @   2079 d -> ok lintwin tank 740.9 (+5.0) miss 15 km (0.6 s)
[12:50:00]     settle 12:  10 @   1849 d -> ok lintwin tank 719.7 (+25.4) miss 12 km (0.8 s)
[12:50:00]     settle 12:  20 @   1950 d -> ok lintwin tank 697.9 (+0.6) miss 64 km (0.6 s)
[12:50:00]     settle 12:  45 @   2021 d -> ok lintwin tank 689.4 (+0.9) miss 5 km (0.4 s)
[12:50:00] RESULT s03_c4: 16 columns; frontier 1fb 5 kg p3/3 | 2fb 6 kg p1/3 | 3fb 13 kg p0/2; settles 17 (17 ok), regrids 16 (16 ok); wall 113 s of 420 (plan 92, price 1, settle 22; budget hit None, 0 unsettled)
[12:50:01]     settle 15:  75 @   1680 d -> ok lintwin tank 787.0 (+52.7) miss 77 km (1.1 s)
[12:50:01]     settle 13: 225 @   1836 d -> ok lintwin tank 687.0 (+12.3) miss 14 km (0.6 s)
[12:50:01]     settle 13: 250 @   2148 d -> ok lintwin tank 705.7 (+7.9) miss 64 km (0.7 s)
[12:50:01]     settle 11:  34 @   1859 d -> ok lam tank 820.4 (+16.9) miss 1 km (7.8 s)
[12:50:01]   job s03_c4 craft columns  16  levels 9  settles 17/17  end plan_done  wall 113.4 s
[12:50:01]     settle 13: 146 @   1671 d -> ok lintwin tank 692.1 (+17.4) miss 7 km (0.2 s)
[12:50:01]     settle 12:  83 @   1864 d -> ok lintwin tank 693.1 (+4.6) miss 73 km (0.9 s)
[12:50:02]     settle 12: 151 @   1858 d -> ok lintwin tank 727.7 (+33.4) miss 47 km (1.4 s)
[12:50:02]     settle 12:  57 @   2075 d -> ok lintwin tank 743.9 (+45.0) miss 42 km (2.2 s)
[12:50:02]     settle 10:  78 @   1841 d -> ok lintwin tank 739.6 (+33.6) miss 93 km (0.8 s)
[12:50:02]     settle 12: 259 @   1675 d -> ok lintwin tank 703.4 (+9.1) miss 5 km (0.5 s)
[12:50:03]     settle 13: 143 @   1741 d -> ok lintwin tank 718.4 (+43.8) miss 83 km (1.0 s)
[12:50:03]     settle 11:  82 @   1996 d -> ok lintwin tank 748.7 (+9.0) miss 46 km (0.3 s)
[12:50:03]     settle 11:  49 @   1640 d -> ok lintwin tank 695.5 (+20.7) miss 66 km (1.4 s)
[12:50:03]     settle 12: 109 @   1681 d -> ok lintwin tank 695.0 (+6.5) miss 68 km (1.7 s)
[12:50:04]     settle 13: 120 @   1761 d -> ok lintwin tank 708.4 (+33.8) miss 10 km (0.7 s)
[12:50:04]     settle 12: 197 @   1770 d -> ok lintwin tank 705.1 (+9.5) miss 92 km (0.8 s)
[12:50:04]     settle 15: 299 @   1730 d -> ok lintwin tank 760.8 (+26.5) miss 3 km (3.1 s)
[12:50:04]     settle 13:  96 @   2007 d -> ok lintwin tank 710.0 (+5.0) miss 70 km (0.6 s)
[12:50:05]     settle 12: 251 @   1868 d -> ok lintwin tank 699.1 (+10.6) miss 79 km (1.0 s)
[12:50:05]     settle 12:  98 @   2129 d -> ok lintwin tank 763.4 (+14.8) miss 75 km (2.0 s)
[12:50:05]     settle 12: 265 @   1986 d -> FAIL [] (0.0 s)
[12:50:05]     settle 13: 151 @   1859 d -> ok lintwin tank 700.1 (+25.5) miss 12 km (1.5 s)
[12:50:05]     settle 12: 170 @   1859 d -> ok lintwin tank 723.9 (+29.6) miss 70 km (2.6 s)
[12:50:05]     settle 13: 168 @   2039 d -> ok lintwin tank 708.2 (+10.4) miss 83 km (0.8 s)
[12:50:06]     settle 12: 190 @   1757 d -> ok lintwin tank 693.4 (+4.8) miss 94 km (0.7 s)
[12:50:06] RESULT s03_c7: 16 columns; frontier 1fb 1 kg p2/2 | 2fb 10 kg p2/2 | 3fb 31 kg p1/2; settles 18 (18 ok), regrids 16 (16 ok); wall 119 s of 420 (plan 94, price 1, settle 25; budget hit None, 0 unsettled)
[12:50:06]     settle 13:  77 @   1926 d -> ok lintwin tank 687.2 (+12.5) miss 23 km (0.4 s)
[12:50:06]     settle 12: 259 @   1669 d -> ok lintwin tank 703.4 (+9.1) miss 7 km (0.4 s)
[12:50:06]     settle 13: 142 @   2116 d -> ok lintwin tank 936.7 (+192.8) miss 4 km (3.9 s)
[12:50:06]     settle 14: 190 @   2015 d -> ok lintwin tank 687.1 (+-0.0) miss 2 km (0.3 s)
[12:50:06]     settle 13:   4 @   1895 d -> ok lintwin tank 705.6 (+2.2) miss 3 km (0.3 s)
[12:50:07]     settle 15: 218 @   2002 d -> ok lintwin tank 742.7 (+8.3) miss 73 km (2.2 s)
[12:50:07]     settle 12: 205 @   1817 d -> ok lintwin tank 701.2 (+12.7) miss 13 km (0.7 s)
[12:50:07]     settle 13: 244 @   2062 d -> ok lintwin tank 713.8 (+4.0) miss 0 km (0.3 s)
[12:50:07]     settle 11:  82 @   2007 d -> ok lintwin tank 748.7 (+9.0) miss 69 km (1.8 s)
[12:50:07]   job s03_c7 craft columns  16  levels 9  settles 18/18  end plan_done  wall 118.7 s
[12:50:08]     settle 13: 203 @   2006 d -> ok lintwin tank 728.0 (+10.6) miss 65 km (0.6 s)
[12:50:08]     settle 13:  10 @   1848 d -> ok lintwin tank 727.0 (+17.2) miss 5 km (0.4 s)
[12:50:08]     settle 12: 136 @   2136 d -> ok lintwin tank 764.9 (+16.2) miss 87 km (1.2 s)
[12:50:08]     settle 12: 159 @   1757 d -> ok lintwin tank 723.7 (+35.1) miss 3 km (1.3 s)
[12:50:09]   3 candidates dropped (settle failure / regrid failure / duplicate after truncation)
[12:50:09] RESULT s03_c1: 13 columns; frontier 1fb 2 kg p0/2 | 2fb 13 kg p1/1 | 3fb 57 kg p0/0; settles 17 (16 ok), regrids 13 (13 ok); wall 122 s of 420 (plan 86, price 1, settle 35; budget hit None, 0 unsettled)
[12:50:09]     settle 14: 176 @   2126 d -> ok lintwin tank 735.8 (+7.9) miss 12 km (0.8 s)
[12:50:09]     settle 13: 117 @   1924 d -> ok lintwin tank 714.6 (+11.2) miss 8 km (0.8 s)
[12:50:09]     settle 16: 229 @   2049 d -> ok lintwin tank 749.5 (+6.9) miss 75 km (2.0 s)
[12:50:09]     settle 14: 244 @   2063 d -> ok lintwin tank 719.8 (+5.3) miss 80 km (0.2 s)
[12:50:09]     settle 12: 190 @   1765 d -> ok lintwin tank 693.4 (+4.8) miss 62 km (0.5 s)
[12:50:09]     settle 13:  13 @   1665 d -> ok lintwin tank 736.2 (+61.5) miss 84 km (2.6 s)
[12:50:09]   job s03_c1 craft columns  13  levels 9  settles 16/17  end plan_done  wall 121.7 s
[12:50:09]     settle 14: 260 @   2084 d -> ok lintwin tank 717.6 (+3.0) miss 2 km (0.3 s)
[12:50:09]     settle 13: 229 @   2048 d -> ok lintwin tank 697.1 (+3.7) miss 6 km (0.5 s)
[12:50:10]     settle 14:  94 @   2126 d -> ok lintwin tank 733.7 (+6.7) miss 4 km (0.7 s)
[12:50:11]     settle 14: 148 @   2015 d -> ok lam tank 753.3 (+17.1) miss 0 km (1.8 s)
[12:50:11]     settle 12: 231 @   1798 d -> ok lintwin tank 762.6 (+63.7) miss 64 km (2.0 s)
[12:50:11]     settle 15: 103 @   1830 d -> ok lintwin tank 743.4 (+9.1) miss 78 km (2.1 s)
[12:50:12]     settle 14: 225 @   1839 d -> ok lintwin tank 695.6 (+3.5) miss 4 km (0.3 s)
[12:50:12]     settle 13:  92 @   1998 d -> ok lintwin tank 763.9 (+1.3) miss 79 km (0.7 s)
[12:50:12]     settle 12: 173 @   1745 d -> ok lintwin tank 702.1 (+13.5) miss 70 km (2.0 s)
[12:50:12]     settle 13:  92 @   2020 d -> ok lintwin tank 738.2 (+34.9) miss 80 km (1.6 s)
[12:50:13]     settle 14: 260 @   1991 d -> ok lintwin tank 701.1 (+14.1) miss 49 km (0.8 s)
[12:50:13]     settle 15: 238 @   2131 d -> ok lintwin tank 701.1 (+0.1) miss 2 km (0.3 s)
[12:50:13]     settle 16: 147 @   2007 d -> ok lintwin tank 747.9 (+4.5) miss 72 km (2.0 s)
[12:50:13]     settle 13: 165 @   1947 d -> ok lintwin tank 708.6 (+6.5) miss 73 km (1.2 s)
[12:50:13]     settle 15: 238 @   2133 d -> ok lintwin tank 696.6 (+1.0) miss 1 km (0.3 s)
[12:50:14]     settle 13: 251 @   1871 d -> ok lintwin tank 700.9 (+5.8) miss 13 km (0.3 s)
[12:50:14]     settle 16: 261 @   1769 d -> ok lintwin tank 768.8 (+-2.5) miss 61 km (0.6 s)
[12:50:15]     settle 14: 113 @   2065 d -> ok lintwin tank 813.0 (+49.1) miss 76 km (2.9 s)
[12:50:15]     settle 13:  86 @   1979 d -> ok lintwin tank 701.4 (+6.4) miss 67 km (0.9 s)
[12:50:15] RESULT s03_c3: 16 columns; frontier 1fb 10 kg p1/2 | 2fb 25 kg p1/1 | 3fb 37 kg p1/1; settles 19 (19 ok), regrids 16 (16 ok); wall 128 s of 420 (plan 96, price 1, settle 32; budget hit None, 0 unsettled)
[12:50:15]     settle 14: 113 @   2076 d -> ok lintwin tank 746.4 (+8.1) miss 1 km (2.6 s)
[12:50:15]     settle 15:  48 @   2134 d -> ok lintwin tank 752.2 (+5.8) miss 7 km (0.3 s)
[12:50:15]     settle 14: 200 @   1916 d -> ok lintwin tank 715.7 (+28.7) miss 78 km (1.6 s)
[12:50:15]   job s03_c3 craft columns  16  levels 9  settles 19/19  end plan_done  wall 128.0 s
[12:50:15] RESULT s03_c6: 16 columns; frontier 1fb 8 kg p0/2 | 2fb 11 kg p1/2 | 3fb 23 kg p0/2 | 4fb 58 kg p0/0; settles 20 (20 ok), regrids 16 (16 ok); wall 129 s of 420 (plan 107, price 1, settle 22; budget hit None, 0 unsettled)
[12:50:16]     settle 14: 142 @   2109 d -> ok lintwin tank 703.8 (+2.9) miss 15 km (0.6 s)
[12:50:16]     settle 15:  48 @   2144 d -> ok lintwin tank 732.5 (+16.8) miss 47 km (0.8 s)
[12:50:16]     settle 13:  83 @   1860 d -> ok lintwin tank 696.2 (+1.2) miss 13 km (0.2 s)
[12:50:16]     settle 17: 255 @   1974 d -> ok lintwin tank 800.7 (+32.0) miss 70 km (1.9 s)
[12:50:17]     settle 14: 142 @   2105 d -> ok lintwin tank 707.5 (+11.3) miss 14 km (0.5 s)
[12:50:17]     settle 15: 260 @   1993 d -> ok lintwin tank 731.6 (+15.9) miss 40 km (0.9 s)
[12:50:17]   job s03_c6 craft columns  16  levels 11  settles 20/20  end plan_done  wall 128.6 s
[12:50:18]     settle 14:  86 @   1979 d -> ok lintwin tank 705.9 (+5.1) miss 62 km (0.7 s)
[12:50:18]     settle 16: 238 @   2127 d -> ok lintwin tank 735.9 (+4.3) miss 84 km (1.0 s)
[12:50:19]     settle 15: 103 @   1835 d -> ok lintwin tank 743.4 (+9.1) miss 78 km (2.0 s)
[12:50:19]     settle 15: 142 @   2104 d -> ok lintwin tank 712.6 (+6.7) miss 35 km (0.6 s)
[12:50:20]     settle 12: 159 @   1752 d -> ok lintwin tank 723.8 (+35.3) miss 4 km (0.6 s)
[12:50:20]     settle 16:  48 @   2146 d -> ok lintwin tank 739.6 (+8.1) miss 85 km (0.9 s)
[12:50:20]     settle 13:  83 @   1870 d -> ok lintwin tank 738.3 (+14.5) miss 79 km (0.5 s)
[12:50:20]     settle 15: 190 @   2014 d -> ok lintwin tank 703.6 (+7.9) miss 5 km (0.4 s)
[12:50:21]     settle 16: 218 @   2000 d -> ok lintwin tank 763.1 (+19.6) miss 68 km (2.2 s)
[12:50:21]     settle 16: 238 @   2119 d -> ok lintwin tank 708.4 (+4.8) miss 2 km (0.5 s)
[12:50:21] RESULT s03_c5: 16 columns; frontier 1fb 2 kg p1/2 | 2fb 12 kg p1/1 | 3fb 22 kg p1/2 | 4fb 34 kg p1/1; settles 22 (22 ok), regrids 16 (16 ok); wall 134 s of 420 (plan 112, price 1, settle 22; budget hit None, 0 unsettled)
[12:50:21]     settle 14:  86 @   1980 d -> ok lintwin tank 751.4 (+13.1) miss 62 km (1.1 s)
[12:50:21]     settle 17: 229 @   2051 d -> ok lintwin tank 769.5 (+6.4) miss 15 km (0.5 s)
[12:50:21]   job s03_c5 craft columns  16  levels 10  settles 22/22  end plan_done  wall 134.2 s
[12:50:23]     settle 15: 133 @   2068 d -> ok lintwin tank 754.9 (+3.6) miss 63 km (1.7 s)
[12:50:23] RESULT s03_c2: 16 columns; frontier 1fb 1 kg p0/3 | 2fb 9 kg p0/3 | 3fb 15 kg p1/3 | 4fb 24 kg p3/3; settles 22 (22 ok), regrids 16 (16 ok); wall 136 s of 420 (plan 113, price 1, settle 23; budget hit None, 0 unsettled)
[12:50:23]   job s03_c2 craft columns  16  levels 10  settles 22/22  end plan_done  wall 136.2 s
[12:50:25]     settle 16:  21 @   1880 d -> ok lintwin tank 800.5 (+13.4) miss 68 km (2.5 s)
[12:50:27]     settle 17: 142 @   2112 d -> ok lintwin tank 813.5 (+13.0) miss 65 km (2.4 s)
[12:50:29]     settle 18: 142 @   2108 d -> ok lintwin tank 801.6 (+0.9) miss 66 km (1.2 s)
[12:50:31]     settle 16: 261 @   1771 d -> ok lintwin tank 820.5 (+-8.9) miss 88 km (2.5 s)
[12:50:35]     settle 17: 255 @   1966 d -> ok lintwin tank 900.3 (+79.8) miss 1 km (3.8 s)
[12:50:38]     settle 18: 142 @   2116 d -> ok lintwin tank 918.4 (+18.2) miss 1 km (3.2 s)
[12:50:39]     settle 16: 266 @   1780 d -> ok lintwin tank 805.9 (+18.9) miss 70 km (0.8 s)
[12:50:42]     settle 17: 290 @   1930 d -> ok lintwin tank 832.0 (+26.1) miss 15 km (2.0 s)
[12:50:45]     settle 18: 103 @   2155 d -> ok lintwin tank 868.8 (+36.8) miss 42 km (3.8 s)
[12:50:46] RESULT s03_c0: 16 columns; frontier 1fb 4 kg p1/2 | 2fb 13 kg p1/1 | 3fb 34 kg p0/1 | 4fb 67 kg p1/1; settles 25 (25 ok), regrids 16 (16 ok); wall 159 s of 420 (plan 102, price 1, settle 57; budget hit None, 0 unsettled)
[12:50:48]   job s03_c0 craft columns  16  levels 10  settles 25/25  end plan_done  wall 158.7 s
[12:50:48] [slice 3] propose: 125 columns (0 bad dropped) in 160.6 s
[12:50:48] [slice 3] auction: 125 columns, kept 122, dropped {'ramp': 3}; lam 1.00 H_eff 540 d fuel budget 482 kg quota on
[12:50:48] [slice 3] auction: status optimal objective 29.487 vars 122 rows 59 chosen 8 fuel 319/482 kg (0.02 s)
[12:50:50] [slice 3] claims: c2:3 c3:1 c4:3 c5:1 c7:2  (10 targets: 0 kept, 10 new; 11 released, 0 expired (ttl 4), 0 conflicts)
[12:50:50] [slice 3 T=1620 d] launched 8/8  covered 114  remaining 184  fuel 1082 kg  sumJi 8.8516  chosen: c0:4(+67) c1:3(+57) c2:3(+17) c3:3(+37) c4:2(+16) c5:4(+33) c6:4(+58) c7:3(+33)  rejected: -  (wall 163 s)
[12:50:50] [slice 4] claims in force: c2:3 c3:1 c4:3 c5:1 c7:2  (10 targets; claim_bonus 1.0, ttl 4)
[12:50:50]   c0: claims: 0 own (prized +1.0), 10 claimed by others withheld
[12:50:50]   c1: claims: 0 own (prized +1.0), 10 claimed by others withheld
[12:50:50]   c2: claims: 3 own (prized +1.0), 7 claimed by others withheld
[12:50:50]   c3: claims: 1 own (prized +1.0), 9 claimed by others withheld
[12:50:50]   c4: claims: 3 own (prized +1.0), 7 claimed by others withheld
[12:50:50]   c5: claims: 1 own (prized +1.0), 9 claimed by others withheld
[12:50:50]   c6: claims: 0 own (prized +1.0), 10 claimed by others withheld
[12:50:50]   c7: claims: 2 own (prized +1.0), 8 claimed by others withheld
[12:50:50] [slice 4 T=2160 d] propose: 8 jobs (8 craft, 0 root) on 9 workers, proposer planbeam, H_eff 540 d, lam 1.0
[12:50:50] job s04_c1 (craft, craft 1, planbeam): T 2160 d H 540 L 360; plan horizon 3780 d; remaining 174; prize >1 on 74; width 300 npt 6 mc 150 dv 1.2 drmax 0.15 plan_wall 300 s; quota {'fil': 7, 'med': 14}
[12:50:50] job s04_c0 (craft, craft 0, planbeam): T 2160 d H 540 L 360; plan horizon 3780 d; remaining 174; prize >1 on 74; width 300 npt 6 mc 150 dv 1.2 drmax 0.15 plan_wall 300 s; quota {'fil': 3, 'med': 15}
[12:50:50] job s04_c2 (craft, craft 2, planbeam): T 2160 d H 540 L 360; plan horizon 3780 d; remaining 177; prize >1 on 77; width 300 npt 6 mc 150 dv 1.2 drmax 0.15 plan_wall 300 s; quota {'fil': 6, 'med': 13}
[12:50:50] job s04_c3 (craft, craft 3, planbeam): T 2160 d H 540 L 360; plan horizon 3780 d; remaining 175; prize >1 on 75; width 300 npt 6 mc 150 dv 1.2 drmax 0.15 plan_wall 300 s; quota {'fil': 2, 'med': 16}
[12:50:50] job s04_c4 (craft, craft 4, planbeam): T 2160 d H 540 L 360; plan horizon 3780 d; remaining 177; prize >1 on 77; width 300 npt 6 mc 150 dv 1.2 drmax 0.15 plan_wall 300 s; quota {'fil': 6, 'med': 15}
[12:50:50] job s04_c5 (craft, craft 5, planbeam): T 2160 d H 540 L 360; plan horizon 3780 d; remaining 175; prize >1 on 75; width 300 npt 6 mc 150 dv 1.2 drmax 0.15 plan_wall 300 s; quota {'fil': 3, 'med': 13}
[12:50:50] job s04_c7 (craft, craft 7, planbeam): T 2160 d H 540 L 360; plan horizon 3780 d; remaining 176; prize >1 on 76; width 300 npt 6 mc 150 dv 1.2 drmax 0.15 plan_wall 300 s; quota {'fil': 7, 'med': 13}
[12:50:50] job s04_c6 (craft, craft 6, planbeam): T 2160 d H 540 L 360; plan horizon 3780 d; remaining 174; prize >1 on 74; width 300 npt 6 mc 150 dv 1.2 drmax 0.15 plan_wall 300 s; quota {'fil': 6, 'med': 13}
[12:50:50] prefix slices/s04/in/craft_4.npz: 12 flybys, t_end 1967.9 d, tank 707.3 kg (planner view), miss 0.1 km, nreg 97
[12:50:50] budget: job_wall 420 s, 420 s left before the plan -> plan cap 300 s (plan_wall 300, settle_reserve 90)
[12:50:50] prefix slices/s04/in/craft_2.npz: 14 flybys, t_end 1979.2 d, tank 705.8 kg (planner view), miss 3.9 km, nreg 100
[12:50:50] budget: job_wall 420 s, 420 s left before the plan -> plan cap 300 s (plan_wall 300, settle_reserve 90)
[12:50:50] prefix slices/s04/in/craft_7.npz: 13 flybys, t_end 2039.2 d, tank 708.0 kg (planner view), miss 0.1 km, nreg 91
[12:50:50] budget: job_wall 420 s, 420 s left before the plan -> plan cap 300 s (plan_wall 300, settle_reserve 90)
[12:50:50] prefix slices/s04/in/craft_6.npz: 15 flybys, t_end 2134.6 d, tank 752.1 kg (planner view), miss 0.3 km, nreg 100
[12:50:50] budget: job_wall 420 s, 420 s left before the plan -> plan cap 300 s (plan_wall 300, settle_reserve 90)
[12:50:50] prefix slices/s04/in/craft_3.npz: 14 flybys, t_end 2130.1 d, tank 735.7 kg (planner view), miss 0.9 km, nreg 106
[12:50:50] budget: job_wall 420 s, 420 s left before the plan -> plan cap 300 s (plan_wall 300, settle_reserve 90)
[12:50:50] prefix slices/s04/in/craft_5.npz: 16 flybys, t_end 2131.1 d, tank 708.2 kg (planner view), miss 0.3 km, nreg 103
[12:50:50] budget: job_wall 420 s, 420 s left before the plan -> plan cap 300 s (plan_wall 300, settle_reserve 90)
[12:50:50] prefix slices/s04/in/craft_0.npz: 18 flybys, t_end 2112.8 d, tank 801.2 kg (planner view), miss 83.5 km, nreg 108
[12:50:50] budget: job_wall 420 s, 420 s left before the plan -> plan cap 300 s (plan_wall 300, settle_reserve 90)
[12:50:50] prefix slices/s04/in/craft_1.npz: 12 flybys, t_end 2131.2 d, tank 763.3 kg (planner view), miss 53.7 km, nreg 109
[12:50:50] budget: job_wall 420 s, 420 s left before the plan -> plan cap 300 s (plan_wall 300, settle_reserve 90)
[12:51:01] first level (both): 0 production + 34 relaxed (dv 2.5, 0.3 AU; 0.1 s) + 52 lintwin children -> 69 unique (11.2 s)
[12:51:01] plan start: prefix 12 flybys, t_end 1967.9 d, planner mass 1360.6 kg (dv 6.357 km/s); 69 first-level states
[12:51:01] first level (both): 0 production + 34 relaxed (dv 2.5, 0.3 AU; 0.0 s) + 54 lintwin children -> 70 unique (11.8 s)
[12:51:01] plan start: prefix 14 flybys, t_end 1979.2 d, planner mass 1363.6 kg (dv 6.273 km/s); 70 first-level states
[12:51:02] first level (both): 0 production + 34 relaxed (dv 2.5, 0.3 AU; 0.0 s) + 54 lintwin children -> 75 unique (12.2 s)
[12:51:02] plan start: prefix 13 flybys, t_end 2039.2 d, planner mass 1359.2 kg (dv 6.397 km/s); 75 first-level states
[12:51:02] first level (both): 0 production + 89 relaxed (dv 2.5, 0.3 AU; 0.1 s) + 56 lintwin children -> 101 unique (12.3 s)
[12:51:02] plan start: prefix 15 flybys, t_end 2134.6 d, planner mass 1279.6 kg (dv 8.765 km/s); 101 first-level states
[12:51:02] first level (both): 0 production + 51 relaxed (dv 2.5, 0.3 AU; 0.1 s) + 47 lintwin children -> 79 unique (12.3 s)
[12:51:02] plan start: prefix 14 flybys, t_end 2130.1 d, planner mass 1308.2 kg (dv 7.899 km/s); 79 first-level states
[12:51:03] first level (both): 0 production + 50 relaxed (dv 2.5, 0.3 AU; 0.1 s) + 58 lintwin children -> 79 unique (13.1 s)
[12:51:03] plan start: prefix 16 flybys, t_end 2131.1 d, planner mass 1359.0 kg (dv 6.404 km/s); 79 first-level states
[12:51:03] first level (both): 0 production + 48 relaxed (dv 2.5, 0.3 AU; 0.1 s) + 50 lintwin children -> 76 unique (13.1 s)
[12:51:03] plan start: prefix 18 flybys, t_end 2112.8 d, planner mass 1201.2 kg (dv 11.247 km/s); 76 first-level states
[12:51:03] first level (both): 0 production + 45 relaxed (dv 2.5, 0.3 AU; 0.1 s) + 53 lintwin children -> 79 unique (13.7 s)
[12:51:03] plan start: prefix 12 flybys, t_end 2131.2 d, planner mass 1260.8 kg (dv 9.347 km/s); 79 first-level states
[12:52:02] plan: 1486 states, depth 8 new flybys, end plan_done (72 s); deepest 8 new to 3691 d at planner fuel 628 kg
[12:52:02]   depth  1:   79 states (68 in H), t_end 2191-2859 d, fuel 345-427 kg
[12:52:02]   depth  2:  243 states (54 in H), t_end 2487-3367 d, fuel 356-463 kg
[12:52:02]   depth  3:  300 states (3 in H), t_end 2594-3671 d, fuel 391-497 kg
[12:52:02]   depth  4:  300 states (0 in H), t_end 3000-3777 d, fuel 416-527 kg
[12:52:02]   depth  5:  300 states (0 in H), t_end 3115-3780 d, fuel 454-556 kg
[12:52:02]   depth  6:  202 states (0 in H), t_end 3407-3779 d, fuel 478-589 kg
[12:52:02]   depth  7:   58 states (0 in H), t_end 3561-3779 d, fuel 539-610 kg
[12:52:02]   depth  8:    4 states (0 in H), t_end 3688-3704 d, fuel 628-638 kg
[12:52:02] candidates: 64 distinct committed target sets (n_new 1-3, potential 0-2)
[12:52:02] frontier: 16 candidates chosen (n fb / committed planner kg / continuation (lookahead) [full]; pot_mode lookahead, pot_cap None): 1fb/345kg/p1(1)[1], 1fb/347kg/p1(0)[1], 1fb/374kg/p2(2)[2], 1fb/383kg/p2(2)[2], 1fb/394kg/p2(2)[2], 1fb/397kg/p2(2)[2], 1fb/401kg/p2(1)[2], 1fb/408kg/p2(1)[2], 1fb/410kg/p2(1)[2], 1fb/421kg/p2(2)[2], 1fb/425kg/p3(1)[3], 2fb/356kg/p0(0)[0], 2fb/370kg/p0(0)[0], 2fb/461kg/p2(1)[2], 3fb/492kg/p0(0)[0], 3fb/493kg/p1(1)[1]
[12:52:02] budget: 348 s of 420 left for the settles + regrids (settle_wall 480)
[12:52:03]     settle 13: 170 @   2608 d -> ok lintwin tank 766.0 (+2.7) miss 7 km (1.7 s)
[12:52:04]     settle 13: 214 @   2527 d -> ok lintwin tank 775.7 (+12.3) miss 12 km (0.4 s)
[12:52:08]     settle 13: 212 @   2494 d -> ok lintwin tank 823.5 (+60.2) miss 2 km (3.7 s)
[12:52:10] plan: 1744 states, depth 9 new flybys, end plan_done (80 s); deepest 9 new to 3731 d at planner fuel 576 kg
[12:52:10]   depth  1:   79 states (71 in H), t_end 2237-2849 d, fuel 301-387 kg
[12:52:10]   depth  2:  300 states (157 in H), t_end 2375-3233 d, fuel 311-419 kg
[12:52:10]   depth  3:  300 states (31 in H), t_end 2500-3531 d, fuel 339-454 kg
[12:52:10]   depth  4:  300 states (0 in H), t_end 2854-3778 d, fuel 374-480 kg
[12:52:10]   depth  5:  300 states (0 in H), t_end 3212-3766 d, fuel 410-504 kg
[12:52:10]   depth  6:  300 states (0 in H), t_end 3375-3738 d, fuel 438-526 kg
[12:52:10]   depth  7:  149 states (0 in H), t_end 3494-3780 d, fuel 467-556 kg
[12:52:10]   depth  8:   12 states (0 in H), t_end 3556-3733 d, fuel 526-565 kg
[12:52:10]   depth  9:    4 states (0 in H), t_end 3696-3731 d, fuel 576-584 kg
[12:52:10] candidates: 129 distinct committed target sets (n_new 1-3, potential 0-3)
[12:52:10] frontier: 16 candidates chosen (n fb / committed planner kg / continuation (lookahead) [full]; pot_mode lookahead, pot_cap None): 1fb/301kg/p1(1)[1], 1fb/301kg/p2(0)[2], 1fb/310kg/p2(1)[2], 1fb/322kg/p2(1)[2], 1fb/329kg/p3(2)[3], 1fb/330kg/p2(2)[2], 1fb/332kg/p2(0)[2], 1fb/346kg/p3(3)[3], 1fb/361kg/p3(2)[3], 1fb/378kg/p3(2)[3], 2fb/311kg/p0(0)[0], 2fb/314kg/p0(0)[0], 2fb/365kg/p2(2)[2], 3fb/361kg/p0(0)[0], 3fb/379kg/p0(0)[0], 3fb/437kg/p1(1)[1]
[12:52:10] budget: 339 s of 420 left for the settles + regrids (settle_wall 480)
[12:52:13]     settle 13: 184 @   2509 d -> ok lintwin tank 786.7 (+23.4) miss 84 km (2.8 s)
[12:52:13]     settle 15:  83 @   2644 d -> ok lintwin tank 750.0 (+14.3) miss 77 km (3.0 s)
[12:52:15]     settle 15: 117 @   2438 d -> ok lintwin tank 746.8 (+11.1) miss 7 km (1.3 s)
[12:52:15]     settle 13: 165 @   2457 d -> ok lintwin tank 800.4 (+37.1) miss 82 km (1.4 s)
[12:52:16]     settle 15: 235 @   2544 d -> ok lintwin tank 748.2 (+12.6) miss 66 km (1.1 s)
[12:52:17] plan: 1807 states, depth 9 new flybys, end plan_done (87 s); deepest 9 new to 3768 d at planner fuel 626 kg
[12:52:17]   depth  1:   76 states (67 in H), t_end 2210-2823 d, fuel 409-487 kg
[12:52:17]   depth  2:  282 states (86 in H), t_end 2374-3213 d, fuel 420-518 kg
[12:52:17]   depth  3:  300 states (29 in H), t_end 2539-3456 d, fuel 441-547 kg
[12:52:17]   depth  4:  300 states (0 in H), t_end 2725-3770 d, fuel 459-578 kg
[12:52:17]   depth  5:  300 states (0 in H), t_end 2932-3696 d, fuel 464-608 kg
[12:52:17]   depth  6:  300 states (0 in H), t_end 3232-3780 d, fuel 496-636 kg
[12:52:17]   depth  7:  211 states (0 in H), t_end 3394-3778 d, fuel 540-663 kg
[12:52:17]   depth  8:   37 states (0 in H), t_end 3550-3780 d, fuel 577-681 kg
[12:52:17]   depth  9:    1 states (0 in H), t_end 3768-3768 d, fuel 626-626 kg
[12:52:17] candidates: 97 distinct committed target sets (n_new 1-3, potential 0-2)
[12:52:17] frontier: 16 candidates chosen (n fb / committed planner kg / continuation (lookahead) [full]; pot_mode lookahead, pot_cap None): 1fb/410kg/p2(1)[2], 1fb/414kg/p1(1)[1], 1fb/415kg/p2(1)[2], 1fb/417kg/p3(2)[3], 1fb/418kg/p2(2)[2], 1fb/419kg/p3(1)[3], 1fb/437kg/p3(1)[3], 1fb/437kg/p3(1)[3], 1fb/465kg/p3(1)[3], 1fb/485kg/p4(2)[4], 2fb/429kg/p0(0)[0], 2fb/436kg/p2(2)[2], 2fb/510kg/p3(2)[3], 3fb/466kg/p0(0)[0], 3fb/483kg/p0(0)[0], 3fb/541kg/p2(2)[2]
[12:52:17] budget: 333 s of 420 left for the settles + regrids (settle_wall 480)
[12:52:18]     settle 13:  69 @   2426 d -> ok lintwin tank 800.2 (+36.9) miss 73 km (2.0 s)
[12:52:18]     settle 19: 229 @   2453 d -> ok lintwin tank 806.9 (+5.7) miss 76 km (0.7 s)
[12:52:18]     settle 15: 280 @   2303 d -> ok lintwin tank 805.6 (+70.0) miss 73 km (1.1 s)
[12:52:18]     settle 19:  35 @   2449 d -> ok lintwin tank 810.9 (+9.7) miss 61 km (0.4 s)
[12:52:20] plan: 2015 states, depth 9 new flybys, end plan_done (90 s); deepest 9 new to 3729 d at planner fuel 443 kg
[12:52:20]   depth  1:   69 states (61 in H), t_end 2173-2843 d, fuel 249-339 kg
[12:52:20]   depth  2:  216 states (93 in H), t_end 2261-3342 d, fuel 256-385 kg
[12:52:20]   depth  3:  300 states (35 in H), t_end 2463-3418 d, fuel 278-419 kg
[12:52:20]   depth  4:  300 states (2 in H), t_end 2634-3776 d, fuel 298-454 kg
[12:52:20]   depth  5:  300 states (0 in H), t_end 2828-3780 d, fuel 321-477 kg
[12:52:20]   depth  6:  300 states (0 in H), t_end 2998-3778 d, fuel 352-458 kg
[12:52:20]   depth  7:  300 states (0 in H), t_end 3224-3775 d, fuel 371-499 kg
[12:52:20]   depth  8:  203 states (0 in H), t_end 3368-3780 d, fuel 398-494 kg
[12:52:20]   depth  9:   27 states (0 in H), t_end 3522-3777 d, fuel 443-512 kg
[12:52:20] candidates: 115 distinct committed target sets (n_new 1-4, potential 0-3)
[12:52:20] frontier: 16 candidates chosen (n fb / committed planner kg / continuation (lookahead) [full]; pot_mode lookahead, pot_cap None): 1fb/252kg/p2(1)[2], 1fb/255kg/p1(1)[1], 1fb/256kg/p5(3)[5], 1fb/261kg/p2(1)[2], 1fb/299kg/p3(1)[3], 1fb/326kg/p3(1)[3], 1fb/337kg/p3(0)[3], 1fb/339kg/p3(2)[3], 2fb/256kg/p0(0)[0], 2fb/262kg/p1(1)[1], 2fb/266kg/p4(3)[4], 3fb/278kg/p1(1)[1], 3fb/284kg/p1(1)[1], 3fb/308kg/p3(3)[3], 4fb/329kg/p1(1)[1], 4fb/454kg/p0(0)[0]
[12:52:20] budget: 330 s of 420 left for the settles + regrids (settle_wall 480)
[12:52:20]     settle 15:  18 @   2355 d -> ok lintwin tank 752.8 (+17.1) miss 74 km (1.9 s)
[12:52:21]     settle 13: 136 @   2371 d -> ok lintwin tank 713.3 (+6.0) miss 25 km (0.9 s)
[12:52:21]     settle 13: 284 @   2338 d -> ok lintwin tank 821.4 (+58.0) miss 66 km (2.9 s)
[12:52:21] plan: 2051 states, depth 9 new flybys, end plan_done (91 s); deepest 9 new to 3692 d at planner fuel 479 kg
[12:52:21]   depth  1:   75 states (69 in H), t_end 2180-2800 d, fuel 253-342 kg
[12:52:21]   depth  2:  234 states (94 in H), t_end 2329-3346 d, fuel 271-382 kg
[12:52:21]   depth  3:  300 states (72 in H), t_end 2487-3679 d, fuel 285-413 kg
[12:52:21]   depth  4:  300 states (8 in H), t_end 2609-3686 d, fuel 312-445 kg
[12:52:21]   depth  5:  300 states (0 in H), t_end 2841-3729 d, fuel 340-453 kg
[12:52:21]   depth  6:  300 states (0 in H), t_end 2998-3780 d, fuel 369-461 kg
[12:52:21]   depth  7:  300 states (0 in H), t_end 3146-3780 d, fuel 396-489 kg
[12:52:21]   depth  8:  220 states (0 in H), t_end 3486-3780 d, fuel 435-515 kg
[12:52:21]   depth  9:   22 states (0 in H), t_end 3586-3779 d, fuel 479-537 kg
[12:52:21] candidates: 151 distinct committed target sets (n_new 1-4, potential 0-2)
[12:52:21] frontier: 16 candidates chosen (n fb / committed planner kg / continuation (lookahead) [full]; pot_mode lookahead, pot_cap None): 1fb/256kg/p0(0)[0], 1fb/258kg/p2(1)[2], 1fb/267kg/p3(2)[3], 1fb/276kg/p5(2)[5], 1fb/283kg/p3(0)[3], 1fb/288kg/p3(0)[3], 1fb/298kg/p3(2)[3], 2fb/273kg/p1(1)[1], 2fb/279kg/p3(1)[3], 2fb/315kg/p4(2)[4], 3fb/295kg/p0(0)[0], 3fb/303kg/p0(0)[0], 3fb/347kg/p3(2)[3], 4fb/336kg/p1(1)[1], 4fb/352kg/p2(2)[2], 4fb/369kg/p0(0)[0]
[12:52:21] budget: 329 s of 420 left for the settles + regrids (settle_wall 480)
[12:52:22]     settle 13:  10 @   2616 d -> ok lintwin tank 710.2 (+2.9) miss 16 km (0.9 s)
[12:52:22]     settle 14: 240 @   2569 d -> ok lintwin tank 717.8 (+9.8) miss 75 km (1.1 s)
[12:52:23] plan: 2037 states, depth 10 new flybys, end plan_done (93 s); deepest 10 new to 3760 d at planner fuel 554 kg
[12:52:23]   depth  1:   79 states (66 in H), t_end 2193-2804 d, fuel 248-339 kg
[12:52:23]   depth  2:  300 states (131 in H), t_end 2360-3280 d, fuel 264-380 kg
[12:52:23]   depth  3:  300 states (44 in H), t_end 2501-3710 d, fuel 298-395 kg
[12:52:23]   depth  4:  300 states (5 in H), t_end 2625-3713 d, fuel 314-434 kg
[12:52:23]   depth  5:  300 states (0 in H), t_end 2915-3712 d, fuel 334-450 kg
[12:52:23]   depth  6:  300 states (0 in H), t_end 3239-3738 d, fuel 343-470 kg
[12:52:23]   depth  7:  300 states (0 in H), t_end 3375-3776 d, fuel 368-497 kg
[12:52:23]   depth  8:  136 states (0 in H), t_end 3457-3779 d, fuel 410-530 kg
[12:52:23]   depth  9:   19 states (0 in H), t_end 3531-3775 d, fuel 484-556 kg
[12:52:23]   depth 10:    3 states (0 in H), t_end 3721-3760 d, fuel 554-570 kg
[12:52:23] candidates: 149 distinct committed target sets (n_new 1-4, potential 0-2)
[12:52:23] frontier: 16 candidates chosen (n fb / committed planner kg / continuation (lookahead) [full]; pot_mode lookahead, pot_cap None): 1fb/248kg/p1(1)[1], 1fb/255kg/p1(1)[1], 1fb/259kg/p3(2)[3], 1fb/261kg/p3(1)[3], 1fb/263kg/p3(1)[3], 1fb/267kg/p3(2)[3], 1fb/281kg/p4(2)[4], 1fb/283kg/p3(2)[3], 2fb/273kg/p2(2)[2], 2fb/273kg/p1(1)[1], 2fb/290kg/p3(2)[3], 3fb/308kg/p1(1)[1], 3fb/311kg/p0(0)[0], 3fb/317kg/p2(2)[2], 4fb/387kg/p0(0)[0], 4fb/425kg/p0(0)[0]
[12:52:23] budget: 327 s of 420 left for the settles + regrids (settle_wall 480)
[12:52:23]     settle 13: 220 @   2263 d -> ok lintwin tank 712.4 (+5.0) miss 30 km (0.6 s)
[12:52:24]     settle 19:  68 @   2388 d -> ok lintwin tank 811.2 (+10.0) miss 77 km (2.6 s)
[12:52:24]     settle 14: 170 @   2507 d -> ok lintwin tank 716.9 (+8.9) miss 75 km (1.1 s)
[12:52:24]     settle 17:  17 @   2524 d -> ok lintwin tank 710.4 (+2.3) miss 23 km (1.3 s)
[12:52:24]     settle 15: 184 @   2526 d -> ok lintwin tank 753.8 (+18.1) miss 62 km (3.7 s)
[12:52:25]     settle 13: 213 @   2287 d -> ok lintwin tank 716.9 (+9.5) miss 70 km (1.5 s)
[12:52:25]     settle 14: 291 @   2409 d -> ok lintwin tank 716.0 (+8.0) miss 75 km (0.8 s)
[12:52:25]     settle 17: 173 @   2696 d -> ok lintwin tank 716.0 (+7.9) miss 11 km (0.9 s)
[12:52:25]     settle 13: 247 @   2574 d -> ok lintwin tank 776.6 (+13.2) miss 5 km (4.1 s)
[12:52:26]     settle 14: 149 @   2234 d -> ok lintwin tank 721.4 (+13.4) miss 63 km (0.8 s)
[12:52:26]     settle 15: 161 @   2371 d -> ok lintwin tank 752.0 (+16.3) miss 98 km (1.8 s)
[12:52:26]     settle 13: 103 @   2181 d -> ok lintwin tank 729.4 (+22.1) miss 75 km (1.4 s)
[12:52:27]     settle 19:  39 @   2478 d -> ok lintwin tank 810.8 (+9.5) miss 79 km (2.8 s)
[12:52:27]     settle 14: 172 @   2221 d -> ok lintwin tank 738.1 (+30.0) miss 75 km (0.7 s)
[12:52:27]     settle 17: 187 @   2516 d -> ok lintwin tank 715.8 (+7.6) miss 35 km (1.4 s)
[12:52:27]     settle 13: 246 @   2188 d -> ok lintwin tank 744.9 (+37.6) miss 57 km (0.8 s)
[12:52:28]     settle 14: 121 @   2229 d -> ok lintwin tank 755.5 (+47.5) miss 69 km (0.7 s)
[12:52:28]     settle 17: 239 @   2306 d -> ok lintwin tank 720.0 (+11.9) miss 9 km (0.7 s)
[12:52:28] plan: 2144 states, depth 10 new flybys, end plan_done (99 s); deepest 10 new to 3635 d at planner fuel 571 kg
[12:52:28]   depth  1:  101 states (90 in H), t_end 2244-2782 d, fuel 323-414 kg
[12:52:28]   depth  2:  300 states (120 in H), t_end 2370-3243 d, fuel 335-441 kg
[12:52:28]   depth  3:  300 states (26 in H), t_end 2509-3455 d, fuel 365-468 kg
[12:52:28]   depth  4:  300 states (5 in H), t_end 2655-3769 d, fuel 374-500 kg
[12:52:28]   depth  5:  300 states (0 in H), t_end 2768-3726 d, fuel 384-527 kg
[12:52:28]   depth  6:  300 states (0 in H), t_end 2912-3768 d, fuel 411-559 kg
[12:52:28]   depth  7:  300 states (0 in H), t_end 3198-3777 d, fuel 450-587 kg
[12:52:28]   depth  8:  178 states (0 in H), t_end 3328-3779 d, fuel 478-592 kg
[12:52:28]   depth  9:   51 states (0 in H), t_end 3477-3772 d, fuel 527-619 kg
[12:52:28]   depth 10:   14 states (0 in H), t_end 3602-3772 d, fuel 571-623 kg
[12:52:28] candidates: 128 distinct committed target sets (n_new 1-4, potential 0-2)
[12:52:28] frontier: 16 candidates chosen (n fb / committed planner kg / continuation (lookahead) [full]; pot_mode lookahead, pot_cap None): 1fb/325kg/p1(1)[1], 1fb/329kg/p1(0)[1], 1fb/346kg/p3(2)[3], 1fb/347kg/p3(2)[3], 1fb/363kg/p3(2)[3], 1fb/365kg/p5(2)[5], 1fb/376kg/p3(2)[3], 2fb/353kg/p0(0)[0], 2fb/353kg/p0(0)[0], 2fb/380kg/p4(2)[4], 3fb/392kg/p0(0)[0], 3fb/398kg/p1(1)[1], 3fb/424kg/p3(2)[3], 4fb/448kg/p0(0)[0], 4fb/458kg/p2(2)[2], 4fb/470kg/p0(0)[0]
[12:52:28] budget: 321 s of 420 left for the settles + regrids (settle_wall 480)
[12:52:28]     settle 15: 129 @   2435 d -> ok lintwin tank 752.2 (+16.5) miss 12 km (1.8 s)
[12:52:29]     settle 16: 239 @   2653 d -> ok lintwin tank 760.5 (+8.4) miss 14 km (0.5 s)
[12:52:29]     settle 17: 161 @   2268 d -> ok lintwin tank 717.7 (+9.6) miss 80 km (1.0 s)
[12:52:29]     settle 19: 275 @   2552 d -> ok lintwin tank 819.0 (+17.8) miss 68 km (2.3 s)
[12:52:30]     settle 14: 224 @   2456 d -> ok lintwin tank 729.5 (+21.5) miss 74 km (1.4 s)
[12:52:30]     settle 13:  31 @   2313 d -> ok lintwin tank 737.4 (+30.0) miss 53 km (2.0 s)
[12:52:31]     settle 17: 177 @   2533 d -> ok lintwin tank 720.4 (+12.3) miss 21 km (0.7 s)
[12:52:31]     settle 14: 107 @   2399 d -> ok lintwin tank 713.1 (+5.1) miss 63 km (0.7 s)
[12:52:31]     settle 13: 267 @   2486 d -> ok lam tank 795.0 (+31.6) miss 80 km (5.7 s)
[12:52:31]     settle 16:  12 @   2596 d -> ok lintwin tank 762.2 (+10.1) miss 29 km (2.3 s)
[12:52:32]     settle 13:  47 @   2532 d -> ok lintwin tank 758.5 (+51.1) miss 85 km (1.7 s)
[12:52:32]     settle 15: 110 @   2681 d -> ok lintwin tank 722.9 (+9.8) miss 64 km (1.4 s)
[12:52:33]     settle 13:  68 @   2349 d -> ok lintwin tank 712.0 (+4.7) miss 22 km (0.7 s)
[12:52:33]     settle 15:  40 @   2399 d -> ok lintwin tank 776.8 (+41.2) miss 2 km (4.1 s)
[12:52:33]     settle 19: 213 @   2291 d -> ok lintwin tank 813.3 (+12.0) miss 61 km (3.1 s)
[12:52:33]     settle 16: 187 @   2509 d -> ok lintwin tank 764.3 (+12.2) miss 34 km (1.6 s)
[12:52:34]     settle 14:  10 @   2615 d -> ok lintwin tank 714.0 (+1.9) miss 53 km (0.7 s)
[12:52:34]     settle 17: 192 @   2302 d -> ok lintwin tank 741.7 (+33.5) miss 79 km (2.7 s)
[12:52:34]     settle 14: 149 @   2242 d -> ok lintwin tank 721.5 (+13.4) miss 63 km (1.1 s)
[12:52:34]     settle 15: 271 @   2397 d -> ok lintwin tank 728.9 (+7.4) miss 33 km (0.3 s)
[12:52:34]     settle 16:  99 @   2409 d -> ok lintwin tank 757.7 (+5.6) miss 17 km (0.3 s)
[12:52:35]     settle 14:  74 @   2601 d -> ok lintwin tank 713.8 (+0.5) miss 19 km (0.6 s)
[12:52:35]     settle 17: 126 @   2200 d -> ok lintwin tank 726.3 (+18.2) miss 11 km (0.7 s)
[12:52:35]     settle 13: 243 @   2465 d -> ok lintwin tank 814.3 (+50.9) miss 78 km (2.6 s)
[12:52:35]     settle 15: 163 @   2484 d -> ok lintwin tank 735.3 (+13.8) miss 64 km (0.8 s)
[12:52:35]     settle 14: 136 @   2371 d -> ok lintwin tank 713.7 (+1.3) miss 17 km (0.6 s)
[12:52:36]     settle 18: 173 @   2695 d -> ok lintwin tank 719.3 (+3.5) miss 7 km (0.6 s)
[12:52:36]     settle 16: 186 @   2612 d -> ok lintwin tank 735.2 (+6.3) miss 62 km (0.7 s)
[12:52:36]     settle 15: 231 @   2639 d -> ok lintwin tank 718.3 (+4.6) miss 22 km (0.7 s)
[12:52:37]     settle 17: 125 @   2459 d -> ok lintwin tank 719.1 (+10.9) miss 19 km (0.6 s)
[12:52:37]     settle 16:  88 @   2504 d -> ok lintwin tank 765.2 (+13.1) miss 61 km (2.2 s)
[12:52:37]     settle 15: 123 @   2453 d -> ok lam tank 770.9 (+35.3) miss 3 km (2.5 s)
[12:52:37]     settle 18: 110 @   2693 d -> ok lintwin tank 723.5 (+4.4) miss 10 km (0.7 s)
[12:52:37]     settle 15:  74 @   2600 d -> ok lintwin tank 718.8 (+5.1) miss 7 km (0.7 s)
[12:52:38]     settle 16:  38 @   2335 d -> ok lintwin tank 759.6 (+7.5) miss 3 km (0.5 s)
[12:52:38]     settle 16: 247 @   2660 d -> ok lintwin tank 747.5 (+0.7) miss 20 km (0.3 s)
[12:52:38]     settle 16: 110 @   2681 d -> ok lintwin tank 741.2 (+12.3) miss 57 km (1.9 s)
[12:52:38]     settle 16:  52 @   2667 d -> ok lintwin tank 749.3 (+2.5) miss 33 km (0.4 s)
[12:52:38] plan: 2421 states, depth 11 new flybys, end plan_done (109 s); deepest 11 new to 3678 d at planner fuel 484 kg
[12:52:38]   depth  1:   70 states (59 in H), t_end 2183-2840 d, fuel 241-336 kg
[12:52:38]   depth  2:  295 states (88 in H), t_end 2316-3390 d, fuel 251-376 kg
[12:52:38]   depth  3:  300 states (41 in H), t_end 2431-3723 d, fuel 274-411 kg
[12:52:38]   depth  4:  300 states (6 in H), t_end 2585-3682 d, fuel 290-445 kg
[12:52:38]   depth  5:  300 states (0 in H), t_end 2810-3763 d, fuel 314-437 kg
[12:52:38]   depth  6:  300 states (0 in H), t_end 2881-3748 d, fuel 347-457 kg
[12:52:38]   depth  7:  300 states (0 in H), t_end 3009-3764 d, fuel 364-490 kg
[12:52:38]   depth  8:  300 states (0 in H), t_end 3199-3766 d, fuel 377-492 kg
[12:52:38]   depth  9:  201 states (0 in H), t_end 3394-3773 d, fuel 406-512 kg
[12:52:38]   depth 10:   50 states (0 in H), t_end 3565-3766 d, fuel 431-538 kg
[12:52:38]   depth 11:    5 states (0 in H), t_end 3678-3727 d, fuel 484-513 kg
[12:52:39] candidates: 118 distinct committed target sets (n_new 1-4, potential 0-3)
[12:52:39] frontier: 16 candidates chosen (n fb / committed planner kg / continuation (lookahead) [full]; pot_mode lookahead, pot_cap None): 1fb/241kg/p1(1)[1], 1fb/245kg/p2(1)[2], 1fb/269kg/p3(2)[3], 1fb/274kg/p6(3)[6], 1fb/295kg/p3(1)[3], 1fb/316kg/p3(0)[3], 2fb/257kg/p1(1)[1], 2fb/264kg/p0(0)[0], 2fb/272kg/p3(2)[3], 2fb/279kg/p5(3)[5], 3fb/300kg/p1(1)[1], 3fb/316kg/p0(0)[0], 3fb/325kg/p4(3)[4], 4fb/336kg/p1(1)[1], 4fb/344kg/p3(3)[3], 4fb/357kg/p1(1)[1]
[12:52:39] budget: 311 s of 420 left for the settles + regrids (settle_wall 480)
[12:52:39]     settle 13:  68 @   2315 d -> ok lintwin tank 826.5 (+63.2) miss 72 km (3.3 s)
[12:52:39]     settle 15:  47 @   2466 d -> ok lintwin tank 738.5 (+24.8) miss 71 km (1.3 s)
[12:52:39]     settle 16:  62 @   2464 d -> ok lintwin tank 769.2 (+17.1) miss 55 km (1.5 s)
[12:52:40]     settle 14:  52 @   2666 d -> ok lintwin tank 782.5 (+6.8) miss 73 km (0.8 s)
[12:52:40]     settle 16: 184 @   2525 d -> ok lintwin tank 754.9 (+2.2) miss 68 km (1.0 s)
[12:52:40]     settle 15:  10 @   2618 d -> ok lintwin tank 707.7 (+1.9) miss 65 km (1.4 s)
[12:52:40]     settle 18:  17 @   2522 d -> ok lintwin tank 780.9 (+39.2) miss 59 km (2.4 s)
[12:52:40]     settle 16: 123 @   2454 d -> ok lintwin tank 761.7 (+9.6) miss 47 km (0.5 s)
[12:52:40]     settle 16: 114 @   2619 d -> ok lintwin tank 746.5 (+11.2) miss 82 km (1.5 s)
[12:52:41]     settle 13: 214 @   2531 d -> ok lintwin tank 775.6 (+12.3) miss 12 km (0.4 s)
[12:52:41]     settle 17: 239 @   2650 d -> ok lintwin tank 767.1 (+5.4) miss 42 km (0.9 s)
[12:52:41]     settle 18: 187 @   2515 d -> ok lintwin tank 726.7 (+6.6) miss 56 km (0.7 s)
[12:52:42]     settle 15: 213 @   2292 d -> ok lintwin tank 709.6 (+3.8) miss 70 km (1.3 s)
[12:52:42]     settle 15:  47 @   2471 d -> ok lintwin tank 738.6 (+24.8) miss 3 km (2.2 s)
[12:52:42]     settle 16: 235 @   2547 d -> ok lintwin tank 757.6 (+10.8) miss 79 km (1.6 s)
[12:52:42]     settle 16: 114 @   2621 d -> ok lintwin tank 740.4 (+11.5) miss 62 km (1.2 s)
[12:52:42]     settle 16: 123 @   2459 d -> ok lintwin tank 761.7 (+9.6) miss 14 km (0.5 s)
[12:52:42]     settle 17: 110 @   2679 d -> ok lintwin tank 742.5 (+2.2) miss 1 km (0.4 s)
[12:52:43]     settle 19: 173 @   2697 d -> ok lintwin tank 730.4 (+3.8) miss 60 km (1.4 s)
[12:52:43]     settle 16: 134 @   2634 d -> ok lintwin tank 739.5 (+1.0) miss 72 km (1.4 s)
[12:52:43]     settle 17: 110 @   2675 d -> ok lintwin tank 751.7 (+5.2) miss 75 km (0.8 s)
[12:52:44]     settle 18:  17 @   2525 d -> ok lintwin tank 721.3 (+1.3) miss 3 km (0.4 s)
[12:52:44]     settle 14: 247 @   2646 d -> ok lintwin tank 780.0 (+4.3) miss 34 km (2.7 s)
[12:52:44]     settle 17: 247 @   2657 d -> ok lintwin tank 778.7 (+21.0) miss 36 km (2.2 s)
[12:52:44]     settle 17: 173 @   2698 d -> ok lintwin tank 768.8 (+7.2) miss 81 km (2.3 s)
[12:52:45]     settle 15: 198 @   2317 d -> ok lintwin tank 717.3 (+11.5) miss 79 km (2.7 s)
[12:52:45]     settle 16: 214 @   2508 d -> ok lintwin tank 756.6 (+4.5) miss 43 km (0.3 s)
[12:52:45]     settle 19: 173 @   2695 d -> ok lintwin tank 730.1 (+8.8) miss 58 km (1.2 s)
[12:52:45]     settle 15: 217 @   2367 d -> ok lintwin tank 794.0 (+56.0) miss 73 km (1.4 s)
[12:52:46]     settle 17:  12 @   2668 d -> ok lintwin tank 764.8 (+8.3) miss 96 km (1.0 s)
[12:52:46]     settle 17: 123 @   2457 d -> ok lintwin tank 765.8 (+6.2) miss 83 km (1.4 s)
[12:52:47]     settle 18: 177 @   2536 d -> ok lintwin tank 750.3 (+8.6) miss 60 km (1.4 s)
[12:52:47]     settle 15:  84 @   2254 d -> ok lintwin tank 718.3 (+12.4) miss 68 km (2.0 s)
[12:52:47]     settle 18: 173 @   2695 d -> ok lintwin tank 776.2 (+10.4) miss 23 km (0.8 s)
[12:52:48]     settle 14: 291 @   2377 d -> ok lintwin tank 827.9 (+90.5) miss 0 km (4.0 s)
[12:52:48]     settle 16:  38 @   2326 d -> ok lintwin tank 759.6 (+7.5) miss 17 km (0.4 s)
[12:52:48]     settle 15: 258 @   2339 d -> ok lintwin tank 730.5 (+24.7) miss 70 km (0.9 s)
[12:52:48]     settle 16: 235 @   2555 d -> ok lintwin tank 807.4 (+30.5) miss 70 km (1.9 s)
[12:52:48]     settle 19: 173 @   2692 d -> ok lintwin tank 766.1 (+15.8) miss 64 km (1.7 s)
[12:52:49]     settle 17: 187 @   2506 d -> ok lintwin tank 768.9 (+9.3) miss 17 km (0.8 s)
[12:52:49]     settle 17: 108 @   2699 d -> ok lintwin tank 814.0 (+6.7) miss 70 km (0.8 s)
[12:52:49]     settle 18: 239 @   2654 d -> ok lintwin tank 779.2 (+10.3) miss 13 km (0.5 s)
[12:52:49] RESULT s04_c3: 16 columns; frontier 1fb 11 kg p0/3 | 2fb 12 kg p0/2 | 3fb 29 kg p0/1; settles 19 (19 ok), regrids 16 (16 ok); wall 120 s of 420 (plan 80, price 1, settle 39; budget hit None, 0 unsettled)
[12:52:50]     settle 16:  33 @   2541 d -> ok lintwin tank 842.0 (+48.0) miss 70 km (4.6 s)
[12:52:50]   job s04_c3 craft columns  16  levels 9  settles 19/19  end plan_done  wall 119.8 s
[12:52:50]     settle 18: 177 @   2529 d -> ok lintwin tank 792.1 (+26.3) miss 37 km (0.7 s)
[12:52:51]     settle 14: 184 @   2500 d -> FAIL [('lam', 21402753.3)] (6.6 s)
[12:52:51]   3 candidates dropped (settle failure / regrid failure / duplicate after truncation)
[12:52:51] RESULT s04_c1: 13 columns; frontier 1fb 3 kg p1/2 | 2fb 17 kg p0/0; settles 15 (14 ok), regrids 13 (13 ok); wall 121 s of 420 (plan 72, price 1, settle 49; budget hit None, 0 unsettled)
[12:52:51]     settle 16:  38 @   2325 d -> ok lintwin tank 759.7 (+7.6) miss 19 km (0.3 s)
[12:52:51]     settle 15: 103 @   2507 d -> ok lintwin tank 857.3 (+29.5) miss 69 km (3.8 s)
[12:52:51]     settle 17:  38 @   2333 d -> ok lintwin tank 762.9 (+54.7) miss 63 km (2.7 s)
[12:52:51]     settle 15: 299 @   2214 d -> ok lintwin tank 765.6 (+59.8) miss 1 km (3.0 s)
[12:52:52]     settle 17:  99 @   2409 d -> ok lintwin tank 773.9 (+14.2) miss 70 km (0.7 s)
[12:52:52]     settle 17:  12 @   2611 d -> ok lintwin tank 844.5 (+2.5) miss 80 km (2.0 s)
[12:52:52]   job s04_c1 craft columns  13  levels 8  settles 14/15  end plan_done  wall 121.1 s
[12:52:53] RESULT s04_c7: 16 columns; frontier 1fb 8 kg p2/2 | 2fb 15 kg p1/2 | 3fb 27 kg p0/2 | 4fb 34 kg p1/2; settles 21 (21 ok), regrids 16 (16 ok); wall 123 s of 420 (plan 91, price 1, settle 31; budget hit None, 0 unsettled)
[12:52:53]     settle 18: 187 @   2509 d -> ok lintwin tank 778.2 (+4.2) miss 11 km (0.8 s)
[12:52:54]     settle 16:  10 @   2618 d -> ok lintwin tank 713.6 (+3.9) miss 68 km (1.7 s)
[12:52:54]   job s04_c7 craft columns  16  levels 9  settles 21/21  end plan_done  wall 122.9 s
[12:52:54]     settle 18:  88 @   2507 d -> ok lintwin tank 777.3 (+14.4) miss 61 km (2.9 s)
[12:52:54]     settle 19: 239 @   2655 d -> ok lintwin tank 795.0 (+16.8) miss 28 km (1.8 s)
[12:52:55]     settle 16:  64 @   2692 d -> ok lintwin tank 1051.5 (+194.2) miss 43 km (3.4 s)
[12:52:55] RESULT s04_c4: 16 columns; frontier 1fb 3 kg p1/3 | 2fb 6 kg p3/3 | 3fb 11 kg p1/3 | 4fb 32 kg p1/1; settles 20 (20 ok), regrids 16 (16 ok); wall 125 s of 420 (plan 90, price 1, settle 35; budget hit None, 0 unsettled)
[12:52:55]     settle 15:  35 @   2448 d -> ok lintwin tank 714.5 (+8.7) miss 33 km (1.0 s)
[12:52:56]     settle 19: 240 @   2210 d -> FAIL [('lam', 18509749.9)] (22.2 s)
[12:52:56]     settle 19: 173 @   2693 d -> ok lintwin tank 797.3 (+5.2) miss 78 km (1.2 s)
[12:52:56]   job s04_c4 craft columns  16  levels 9  settles 20/20  end plan_done  wall 125.5 s
[12:52:56]     settle 16: 196 @   2662 d -> ok lintwin tank 724.7 (+10.2) miss 72 km (1.0 s)
[12:52:58]     settle 19: 197 @   2561 d -> ok lintwin tank 849.0 (+71.7) miss 65 km (3.8 s)
[12:52:59]     settle 16: 123 @   2295 d -> ok lintwin tank 800.8 (+48.7) miss 4 km (2.4 s)
[12:52:59]     settle 15:  84 @   2262 d -> ok lintwin tank 718.3 (+12.5) miss 8 km (2.3 s)
[12:53:00]     settle 17: 291 @   2470 d -> ok lintwin tank 805.1 (+4.3) miss 67 km (0.9 s)
[12:53:00]     settle 19:  43 @   2353 d -> ok lintwin tank 826.3 (+25.0) miss 30 km (4.2 s)
[12:53:00]     settle 16: 258 @   2447 d -> ok lintwin tank 720.5 (+2.2) miss 82 km (0.9 s)
[12:53:00]     settle 18: 186 @   2605 d -> ok lintwin tank 816.0 (+10.9) miss 65 km (0.7 s)
[12:53:01]     settle 16: 198 @   2316 d -> ok lintwin tank 722.5 (+4.2) miss 76 km (0.7 s)
[12:53:02]     settle 20: 215 @   2681 d -> ok lintwin tank 854.1 (+5.1) miss 0 km (3.6 s)
[12:53:02]     settle 19: 122 @   2672 d -> ok lintwin tank 825.1 (+9.1) miss 69 km (1.6 s)
[12:53:02]     settle 19: 299 @   2230 d -> ok lintwin tank 836.0 (+34.8) miss 63 km (2.1 s)
[12:53:02] RESULT s04_c6: 16 columns; frontier 1fb 6 kg p2/2 | 2fb 14 kg p2/2 | 3fb 24 kg p0/2 | 4fb 43 kg p0/2; settles 26 (26 ok), regrids 16 (16 ok); wall 133 s of 420 (plan 99, price 1, settle 34; budget hit None, 0 unsettled)
[12:53:03]     settle 17: 134 @   2631 d -> ok lintwin tank 731.1 (+8.6) miss 76 km (1.6 s)
[12:53:04]   job s04_c6 craft columns  16  levels 10  settles 26/26  end plan_done  wall 132.8 s
[12:53:05]     settle 17: 192 @   2376 d -> ok lintwin tank 741.7 (+33.5) miss 75 km (2.8 s)
[12:53:06]     settle 19:  18 @   2306 d -> ok lintwin tank 842.0 (+40.8) miss 70 km (2.9 s)
[12:53:06]     settle 17: 108 @   2700 d -> ok lintwin tank 739.3 (+16.8) miss 80 km (2.3 s)
[12:53:07]     settle 18: 115 @   2435 d -> ok lintwin tank 745.7 (+4.0) miss 78 km (1.5 s)
[12:53:07]     settle 17: 258 @   2431 d -> ok lintwin tank 733.6 (+11.2) miss 61 km (0.7 s)
[12:53:08]     settle 20: 103 @   2698 d -> ok lintwin tank 821.4 (+14.5) miss 72 km (2.0 s)
[12:53:08]   drift: leg 103@2698 d settled outside (T, T+H] -> column cut at 1
[12:53:08]     settle 19: 197 @   2520 d -> ok lintwin tank 760.2 (+14.5) miss 63 km (1.4 s)
[12:53:09]     settle 18: 134 @   2632 d -> ok lintwin tank 741.9 (+8.3) miss 80 km (2.2 s)
[12:53:10]     settle 20:  12 @   2630 d -> ok lintwin tank 781.2 (+21.0) miss 36 km (1.7 s)
[12:53:10] RESULT s04_c5: 16 columns; frontier 1fb 2 kg p1/2 | 2fb 11 kg p2/2 | 3fb 22 kg p0/2 | 4fb 73 kg p0/0; settles 26 (26 ok), regrids 16 (16 ok); wall 141 s of 420 (plan 93, price 1, settle 47; budget hit None, 0 unsettled)
[12:53:10]   job s04_c5 craft columns  16  levels 10  settles 26/26  end plan_done  wall 140.5 s
[12:53:10]     settle 20: 196 @   2688 d -> ok lintwin tank 822.3 (+11.5) miss 69 km (2.3 s)
[12:53:11]     settle 18:  74 @   2585 d -> ok lintwin tank 745.6 (+12.0) miss 36 km (1.3 s)
[12:53:13]     settle 18: 231 @   2639 d -> ok lintwin tank 754.8 (+21.2) miss 81 km (1.3 s)
[12:53:13] RESULT s04_c2: 16 columns; frontier 1fb 2 kg p1/3 | 2fb 8 kg p1/3 | 3fb 25 kg p1/3 | 4fb 36 kg p1/3; settles 18 (18 ok), regrids 16 (16 ok); wall 144 s of 420 (plan 109, price 1, settle 35; budget hit None, 0 unsettled)
[12:53:13]     settle 20: 212 @   2486 d -> ok lintwin tank 857.8 (+15.7) miss 70 km (2.7 s)
[12:53:14]   job s04_c2 craft columns  16  levels 11  settles 18/18  end plan_done  wall 143.6 s
[12:53:15]     settle 20:  39 @   2478 d -> ok lintwin tank 829.7 (+16.4) miss 68 km (1.4 s)
[12:53:18]     settle 21: 103 @   2696 d -> ok lintwin tank 840.0 (+10.3) miss 50 km (3.1 s)
[12:53:18]   drift: leg 103@2696 d settled outside (T, T+H] -> column cut at 2
[12:53:22]     settle 21: 177 @   2666 d -> ok lintwin tank 866.0 (+8.2) miss 72 km (3.1 s)
[12:53:22]   3 candidates dropped (settle failure / regrid failure / duplicate after truncation)
[12:53:22] RESULT s04_c0: 13 columns; frontier 1fb 6 kg p1/2 | 2fb 21 kg p2/2 | 3fb 64 kg p2/2; settles 17 (15 ok), regrids 13 (13 ok); wall 153 s of 420 (plan 87, price 1, settle 65; budget hit None, 0 unsettled)
[12:53:24]   job s04_c0 craft columns  13  levels 9  settles 15/17  end plan_done  wall 152.6 s
[12:53:24] [slice 4] propose: 122 columns (0 bad dropped) in 154.6 s
[12:53:24] [slice 4] auction: 122 columns, kept 121, dropped {'ramp': 1}; lam 1.00 H_eff 540 d fuel budget 482 kg quota on
[12:53:24] [slice 4] auction: status optimal objective 33.563 vars 121 rows 57 chosen 8 fuel 349/482 kg (0.015 s)
[12:53:26] [slice 4] claims: c0:2 c2:3 c3:1 c4:1 c6:2 c7:2  (11 targets: 0 kept, 11 new; 10 released, 0 expired (ttl 4), 0 conflicts)
[12:53:26] [slice 4 T=2160 d] launched 8/8  covered 141  remaining 157  fuel 1430 kg  sumJi 9.1553  chosen: c0:2(+21) c1:2(+17) c2:4(+40) c3:3(+78) c4:4(+32) c5:4(+73) c6:4(+45) c7:4(+43)  rejected: -  (wall 157 s)
[12:53:26] [slice 5] claims in force: c0:2 c2:3 c3:1 c4:1 c6:2 c7:2  (11 targets; claim_bonus 1.0, ttl 4)
[12:53:26]   c0: claims: 2 own (prized +1.0), 9 claimed by others withheld
[12:53:26]   c1: claims: 0 own (prized +1.0), 11 claimed by others withheld
[12:53:26]   c2: claims: 3 own (prized +1.0), 8 claimed by others withheld
[12:53:26]   c3: claims: 1 own (prized +1.0), 10 claimed by others withheld
[12:53:26]   c4: claims: 1 own (prized +1.0), 10 claimed by others withheld
[12:53:26]   c5: claims: 0 own (prized +1.0), 11 claimed by others withheld
[12:53:26]   c6: claims: 2 own (prized +1.0), 9 claimed by others withheld
[12:53:26]   c7: claims: 2 own (prized +1.0), 9 claimed by others withheld
[12:53:26] [slice 5 T=2700 d] propose: 8 jobs (8 craft, 0 root) on 9 workers, proposer planbeam, H_eff 540 d, lam 1.0
[12:53:26] job s05_c1 (craft, craft 1, planbeam): T 2700 d H 540 L 360; plan horizon 4320 d; remaining 146; prize >1 on 83; width 300 npt 6 mc 150 dv 1.2 drmax 0.15 plan_wall 300 s; quota {'fil': 7, 'med': 12}
[12:53:26] job s05_c2 (craft, craft 2, planbeam): T 2700 d H 540 L 360; plan horizon 4320 d; remaining 149; prize >1 on 86; width 300 npt 6 mc 150 dv 1.2 drmax 0.15 plan_wall 300 s; quota {'fil': 4, 'med': 12}
[12:53:26] job s05_c3 (craft, craft 3, planbeam): T 2700 d H 540 L 360; plan horizon 4320 d; remaining 147; prize >1 on 84; width 300 npt 6 mc 150 dv 1.2 drmax 0.15 plan_wall 300 s; quota {'fil': 2, 'med': 15}
[12:53:26] job s05_c0 (craft, craft 0, planbeam): T 2700 d H 540 L 360; plan horizon 4320 d; remaining 148; prize >1 on 85; width 300 npt 6 mc 150 dv 1.2 drmax 0.15 plan_wall 300 s; quota {'fil': 3, 'med': 14}
[12:53:26] job s05_c5 (craft, craft 5, planbeam): T 2700 d H 540 L 360; plan horizon 4320 d; remaining 146; prize >1 on 83; width 300 npt 6 mc 150 dv 1.2 drmax 0.15 plan_wall 300 s; quota {'fil': 3, 'med': 10}
[12:53:26] job s05_c4 (craft, craft 4, planbeam): T 2700 d H 540 L 360; plan horizon 4320 d; remaining 147; prize >1 on 84; width 300 npt 6 mc 150 dv 1.2 drmax 0.15 plan_wall 300 s; quota {'fil': 5, 'med': 12}
[12:53:26] job s05_c6 (craft, craft 6, planbeam): T 2700 d H 540 L 360; plan horizon 4320 d; remaining 148; prize >1 on 85; width 300 npt 6 mc 150 dv 1.2 drmax 0.15 plan_wall 300 s; quota {'fil': 6, 'med': 10}
[12:53:26] job s05_c7 (craft, craft 7, planbeam): T 2700 d H 540 L 360; plan horizon 4320 d; remaining 148; prize >1 on 85; width 300 npt 6 mc 150 dv 1.2 drmax 0.15 plan_wall 300 s; quota {'fil': 6, 'med': 13}
[12:53:26] prefix slices/s05/in/craft_4.npz: 16 flybys, t_end 2634.3 d, tank 739.4 kg (planner view), miss 2.3 km, nreg 130
[12:53:26] budget: job_wall 420 s, 420 s left before the plan -> plan cap 300 s (plan_wall 300, settle_reserve 90)
[12:53:26] prefix slices/s05/in/craft_2.npz: 18 flybys, t_end 2584.3 d, tank 745.5 kg (planner view), miss 78.3 km, nreg 131
[12:53:26] budget: job_wall 420 s, 420 s left before the plan -> plan cap 300 s (plan_wall 300, settle_reserve 90)
[12:53:26] prefix slices/s05/in/craft_3.npz: 17 flybys, t_end 2698.5 d, tank 813.7 kg (planner view), miss 0.3 km, nreg 134
[12:53:26] budget: job_wall 420 s, 420 s left before the plan -> plan cap 300 s (plan_wall 300, settle_reserve 90)
[12:53:26] prefix slices/s05/in/craft_7.npz: 17 flybys, t_end 2675.3 d, tank 751.4 kg (planner view), miss 0.9 km, nreg 123
[12:53:26] budget: job_wall 420 s, 420 s left before the plan -> plan cap 300 s (plan_wall 300, settle_reserve 90)
[12:53:26] prefix slices/s05/in/craft_5.npz: 20 flybys, t_end 2627.0 d, tank 780.9 kg (planner view), miss 1.0 km, nreg 128
[12:53:26] budget: job_wall 420 s, 420 s left before the plan -> plan cap 300 s (plan_wall 300, settle_reserve 90)
[12:53:26] prefix slices/s05/in/craft_0.npz: 20 flybys, t_end 2689.6 d, tank 822.1 kg (planner view), miss 4.9 km, nreg 137
[12:53:26] budget: job_wall 420 s, 420 s left before the plan -> plan cap 300 s (plan_wall 300, settle_reserve 90)
[12:53:26] prefix slices/s05/in/craft_6.npz: 19 flybys, t_end 2693.5 d, tank 797.0 kg (planner view), miss 1.8 km, nreg 128
[12:53:26] budget: job_wall 420 s, 420 s left before the plan -> plan cap 300 s (plan_wall 300, settle_reserve 90)
[12:53:26] prefix slices/s05/in/craft_1.npz: 14 flybys, t_end 2656.3 d, tank 779.9 kg (planner view), miss 77.9 km, nreg 135
[12:53:26] budget: job_wall 420 s, 420 s left before the plan -> plan cap 300 s (plan_wall 300, settle_reserve 90)
[12:53:42] first level (both): 0 production + 19 relaxed (dv 2.5, 0.3 AU; 0.0 s) + 41 lintwin children -> 51 unique (15.4 s)
[12:53:42] plan start: prefix 16 flybys, t_end 2634.3 d, planner mass 1301.6 kg (dv 8.096 km/s); 51 first-level states
[12:53:42] first level (both): 0 production + 41 relaxed (dv 2.5, 0.3 AU; 0.0 s) + 46 lintwin children -> 68 unique (16.0 s)
[12:53:42] plan start: prefix 18 flybys, t_end 2584.3 d, planner mass 1290.9 kg (dv 8.421 km/s); 68 first-level states
[12:53:43] first level (both): 0 production + 30 relaxed (dv 2.5, 0.3 AU; 0.0 s) + 40 lintwin children -> 52 unique (16.3 s)
[12:53:43] plan start: prefix 17 flybys, t_end 2698.5 d, planner mass 1182.7 kg (dv 11.855 km/s); 52 first-level states
[12:53:43] first level (both): 0 production + 39 relaxed (dv 2.5, 0.3 AU; 0.0 s) + 36 lintwin children -> 54 unique (16.4 s)
[12:53:43] plan start: prefix 20 flybys, t_end 2627.0 d, planner mass 1232.4 kg (dv 10.240 km/s); 54 first-level states
[12:53:43] first level (both): 0 production + 36 relaxed (dv 2.5, 0.3 AU; 0.1 s) + 43 lintwin children -> 61 unique (16.5 s)
[12:53:43] plan start: prefix 19 flybys, t_end 2693.5 d, planner mass 1207.5 kg (dv 11.040 km/s); 61 first-level states
[12:53:43] first level (both): 0 production + 29 relaxed (dv 2.5, 0.3 AU; 0.0 s) + 44 lintwin children -> 56 unique (16.5 s)
[12:53:43] plan start: prefix 17 flybys, t_end 2675.3 d, planner mass 1280.8 kg (dv 8.729 km/s); 56 first-level states
[12:53:43] first level (both): 0 production + 38 relaxed (dv 2.5, 0.3 AU; 0.0 s) + 40 lintwin children -> 57 unique (16.7 s)
[12:53:43] plan start: prefix 20 flybys, t_end 2689.6 d, planner mass 1170.7 kg (dv 12.254 km/s); 57 first-level states
[12:53:44] first level (both): 0 production + 41 relaxed (dv 2.5, 0.3 AU; 0.0 s) + 44 lintwin children -> 72 unique (17.6 s)
[12:53:44] plan start: prefix 14 flybys, t_end 2656.3 d, planner mass 1234.0 kg (dv 10.188 km/s); 72 first-level states
[12:54:37] plan: 1398 states, depth 9 new flybys, end plan_done (71 s); deepest 9 new to 4261 d at planner fuel 588 kg
[12:54:37]   depth  1:   56 states (49 in H), t_end 2725-3319 d, fuel 322-412 kg
[12:54:37]   depth  2:  107 states (34 in H), t_end 2857-3859 d, fuel 345-447 kg
[12:54:37]   depth  3:  208 states (8 in H), t_end 3146-4137 d, fuel 368-477 kg
[12:54:37]   depth  4:  300 states (0 in H), t_end 3344-4305 d, fuel 380-501 kg
[12:54:37]   depth  5:  300 states (0 in H), t_end 3564-4319 d, fuel 412-525 kg
[12:54:37]   depth  6:  286 states (0 in H), t_end 3829-4319 d, fuel 445-552 kg
[12:54:37]   depth  7:  125 states (0 in H), t_end 3954-4320 d, fuel 483-587 kg
[12:54:37]   depth  8:   15 states (0 in H), t_end 4099-4319 d, fuel 538-600 kg
[12:54:37]   depth  9:    1 states (0 in H), t_end 4261-4261 d, fuel 588-588 kg
[12:54:37] candidates: 64 distinct committed target sets (n_new 1-3, potential 0-3)
[12:54:37] frontier: 16 candidates chosen (n fb / committed planner kg / continuation (lookahead) [full]; pot_mode lookahead, pot_cap None): 1fb/338kg/p3(2)[3], 1fb/339kg/p3(2)[3], 1fb/350kg/p4(2)[4], 1fb/354kg/p3(2)[3], 1fb/356kg/p3(2)[3], 1fb/373kg/p3(3)[3], 1fb/373kg/p3(2)[3], 1fb/374kg/p3(2)[3], 1fb/384kg/p3(2)[3], 1fb/395kg/p4(3)[4], 2fb/345kg/p1(1)[1], 2fb/359kg/p1(1)[1], 2fb/383kg/p3(2)[3], 3fb/386kg/p0(0)[0], 3fb/412kg/p2(2)[2], 3fb/446kg/p0(0)[0]
[12:54:37] budget: 349 s of 420 left for the settles + regrids (settle_wall 480)
[12:54:37]     settle 18: 250 @   2997 d -> ok lintwin tank 761.9 (+10.5) miss 4 km (0.4 s)
[12:54:38] plan: 1397 states, depth 7 new flybys, end plan_done (71 s); deepest 7 new to 4279 d at planner fuel 507 kg
[12:54:38]   depth  1:   72 states (65 in H), t_end 2784-3343 d, fuel 371-456 kg
[12:54:38]   depth  2:  181 states (56 in H), t_end 3019-3876 d, fuel 386-488 kg
[12:54:38]   depth  3:  300 states (1 in H), t_end 3218-4296 d, fuel 411-520 kg
[12:54:38]   depth  4:  300 states (0 in H), t_end 3453-4316 d, fuel 436-553 kg
[12:54:38]   depth  5:  300 states (0 in H), t_end 3713-4319 d, fuel 456-586 kg
[12:54:38]   depth  6:  208 states (0 in H), t_end 3828-4318 d, fuel 469-613 kg
[12:54:38]   depth  7:   36 states (0 in H), t_end 4224-4318 d, fuel 507-638 kg
[12:54:38] candidates: 62 distinct committed target sets (n_new 1-3, potential 0-2)
[12:54:38] frontier: 16 candidates chosen (n fb / committed planner kg / continuation (lookahead) [full]; pot_mode lookahead, pot_cap None): 1fb/371kg/p2(1)[2], 1fb/376kg/p2(2)[2], 1fb/392kg/p3(2)[3], 1fb/411kg/p2(1)[2], 1fb/416kg/p3(2)[3], 1fb/418kg/p2(1)[2], 1fb/418kg/p3(2)[3], 1fb/422kg/p3(2)[3], 1fb/425kg/p3(2)[3], 1fb/428kg/p2(1)[2], 1fb/447kg/p3(2)[3], 1fb/452kg/p3(1)[3], 2fb/402kg/p1(1)[1], 2fb/406kg/p2(2)[2], 2fb/409kg/p1(1)[1], 3fb/511kg/p1(1)[1]
[12:54:38] budget: 349 s of 420 left for the settles + regrids (settle_wall 480)
[12:54:41]     settle 18: 165 @   2943 d -> ok lintwin tank 799.7 (+48.3) miss 15 km (3.0 s)
[12:54:42]     settle 18: 116 @   2846 d -> ok lintwin tank 753.3 (+1.9) miss 5 km (0.4 s)
[12:54:42]     settle 15: 295 @   2823 d -> ok lintwin tank 900.5 (+120.6) miss 66 km (4.7 s)
[12:54:43]     settle 18: 102 @   2957 d -> ok lintwin tank 770.4 (+18.9) miss 85 km (1.0 s)
[12:54:46]     settle 18: 200 @   3023 d -> ok lintwin tank 774.5 (+23.1) miss 78 km (2.9 s)
[12:54:47]     settle 15: 267 @   3131 d -> ok lintwin tank 786.1 (+6.2) miss 77 km (3.7 s)
[12:54:47] plan: 1623 states, depth 8 new flybys, end plan_done (81 s); deepest 8 new to 4304 d at planner fuel 572 kg
[12:54:47]   depth  1:   61 states (49 in H), t_end 2750-3485 d, fuel 398-481 kg
[12:54:47]   depth  2:  241 states (39 in H), t_end 2912-3942 d, fuel 413-513 kg
[12:54:47]   depth  3:  300 states (12 in H), t_end 3139-4159 d, fuel 436-545 kg
[12:54:47]   depth  4:  300 states (0 in H), t_end 3321-4320 d, fuel 445-580 kg
[12:54:47]   depth  5:  300 states (0 in H), t_end 3605-4320 d, fuel 460-608 kg
[12:54:47]   depth  6:  280 states (0 in H), t_end 3820-4320 d, fuel 487-638 kg
[12:54:47]   depth  7:  121 states (0 in H), t_end 4052-4320 d, fuel 521-653 kg
[12:54:47]   depth  8:   20 states (0 in H), t_end 4211-4319 d, fuel 572-640 kg
[12:54:47] candidates: 54 distinct committed target sets (n_new 1-3, potential 0-3)
[12:54:47] frontier: 16 candidates chosen (n fb / committed planner kg / continuation (lookahead) [full]; pot_mode lookahead, pot_cap None): 1fb/398kg/p3(2)[3], 1fb/401kg/p1(1)[1], 1fb/408kg/p3(2)[3], 1fb/423kg/p3(3)[3], 1fb/428kg/p3(2)[3], 1fb/442kg/p3(3)[3], 1fb/463kg/p3(3)[3], 1fb/470kg/p3(3)[3], 1fb/472kg/p3(1)[3], 1fb/478kg/p3(2)[3], 2fb/418kg/p2(2)[2], 2fb/439kg/p0(0)[0], 2fb/441kg/p0(0)[0], 3fb/436kg/p1(1)[1], 3fb/479kg/p1(1)[1], 3fb/525kg/p1(1)[1]
[12:54:47] budget: 339 s of 420 left for the settles + regrids (settle_wall 480)
[12:54:48]     settle 20: 266 @   2775 d -> ok lintwin tank 800.5 (+3.5) miss 20 km (0.3 s)
[12:54:48] plan: 1649 states, depth 9 new flybys, end plan_done (82 s); deepest 9 new to 4298 d at planner fuel 603 kg
[12:54:48]   depth  1:   52 states (41 in H), t_end 2828-3353 d, fuel 429-503 kg
[12:54:48]   depth  2:  211 states (35 in H), t_end 3018-3876 d, fuel 443-529 kg
[12:54:48]   depth  3:  300 states (4 in H), t_end 3220-4153 d, fuel 458-560 kg
[12:54:48]   depth  4:  300 states (0 in H), t_end 3384-4316 d, fuel 475-571 kg
[12:54:48]   depth  5:  300 states (0 in H), t_end 3663-4318 d, fuel 487-596 kg
[12:54:48]   depth  6:  300 states (0 in H), t_end 3803-4319 d, fuel 502-622 kg
[12:54:48]   depth  7:  144 states (0 in H), t_end 3925-4311 d, fuel 544-650 kg
[12:54:48]   depth  8:   35 states (0 in H), t_end 4072-4311 d, fuel 580-627 kg
[12:54:48]   depth  9:    7 states (0 in H), t_end 4207-4305 d, fuel 603-644 kg
[12:54:48] candidates: 54 distinct committed target sets (n_new 1-3, potential 0-3)
[12:54:48] frontier: 16 candidates chosen (n fb / committed planner kg / continuation (lookahead) [full]; pot_mode lookahead, pot_cap None): 1fb/434kg/p3(3)[3], 1fb/438kg/p3(1)[3], 1fb/440kg/p1(1)[1], 1fb/442kg/p2(2)[2], 1fb/444kg/p2(1)[2], 1fb/447kg/p2(2)[2], 1fb/447kg/p3(2)[3], 1fb/459kg/p2(2)[2], 1fb/461kg/p3(2)[3], 1fb/463kg/p2(2)[2], 1fb/477kg/p3(3)[3], 2fb/451kg/p1(1)[1], 2fb/458kg/p1(0)[1], 2fb/463kg/p2(2)[2], 3fb/480kg/p1(1)[1], 3fb/487kg/p0(0)[0]
[12:54:48] budget: 338 s of 420 left for the settles + regrids (settle_wall 480)
[12:54:49] plan: 1726 states, depth 8 new flybys, end plan_done (82 s); deepest 8 new to 4096 d at planner fuel 502 kg
[12:54:49]   depth  1:   51 states (43 in H), t_end 2777-3330 d, fuel 318-394 kg
[12:54:49]   depth  2:  254 states (69 in H), t_end 3022-3844 d, fuel 319-432 kg
[12:54:49]   depth  3:  300 states (7 in H), t_end 3195-4215 d, fuel 353-452 kg
[12:54:49]   depth  4:  300 states (0 in H), t_end 3353-4301 d, fuel 365-488 kg
[12:54:49]   depth  5:  300 states (0 in H), t_end 3522-4312 d, fuel 407-504 kg
[12:54:49]   depth  6:  300 states (0 in H), t_end 3731-4319 d, fuel 417-538 kg
[12:54:49]   depth  7:  196 states (0 in H), t_end 3919-4320 d, fuel 447-573 kg
[12:54:49]   depth  8:   25 states (0 in H), t_end 3988-4302 d, fuel 502-599 kg
[12:54:49] candidates: 75 distinct committed target sets (n_new 1-3, potential 0-3)
[12:54:49] frontier: 16 candidates chosen (n fb / committed planner kg / continuation (lookahead) [full]; pot_mode lookahead, pot_cap None): 1fb/328kg/p2(2)[2], 1fb/332kg/p2(2)[2], 1fb/336kg/p4(3)[4], 1fb/336kg/p2(1)[2], 1fb/354kg/p2(2)[2], 1fb/354kg/p2(1)[2], 1fb/356kg/p3(2)[3], 1fb/357kg/p3(2)[3], 1fb/373kg/p3(2)[3], 1fb/375kg/p4(2)[4], 2fb/331kg/p0(0)[0], 2fb/336kg/p0(0)[0], 2fb/344kg/p3(2)[3], 3fb/386kg/p2(2)[2], 3fb/425kg/p2(2)[2], 3fb/428kg/p0(0)[0]
[12:54:49] budget: 338 s of 420 left for the settles + regrids (settle_wall 480)
[12:54:49]     settle 18:  53 @   2854 d -> ok lintwin tank 827.9 (+14.2) miss 19 km (0.5 s)
[12:54:49] plan: 1684 states, depth 10 new flybys, end plan_done (83 s); deepest 10 new to 4268 d at planner fuel 610 kg
[12:54:49]   depth  1:   54 states (45 in H), t_end 2820-3357 d, fuel 375-458 kg
[12:54:49]   depth  2:  179 states (61 in H), t_end 2924-3807 d, fuel 379-485 kg
[12:54:49]   depth  3:  300 states (12 in H), t_end 3031-4168 d, fuel 388-523 kg
[12:54:49]   depth  4:  300 states (0 in H), t_end 3393-4269 d, fuel 421-547 kg
[12:54:49]   depth  5:  300 states (0 in H), t_end 3595-4315 d, fuel 466-579 kg
[12:54:49]   depth  6:  300 states (0 in H), t_end 3683-4312 d, fuel 489-587 kg
[12:54:49]   depth  7:  192 states (0 in H), t_end 3840-4317 d, fuel 505-606 kg
[12:54:49]   depth  8:   47 states (0 in H), t_end 3894-4311 d, fuel 560-615 kg
[12:54:49]   depth  9:   11 states (0 in H), t_end 4104-4311 d, fuel 590-624 kg
[12:54:49]   depth 10:    1 states (0 in H), t_end 4268-4268 d, fuel 610-610 kg
[12:54:49] candidates: 78 distinct committed target sets (n_new 1-3, potential 0-3)
[12:54:49] frontier: 16 candidates chosen (n fb / committed planner kg / continuation (lookahead) [full]; pot_mode lookahead, pot_cap None): 1fb/375kg/p2(2)[2], 1fb/382kg/p1(1)[1], 1fb/394kg/p3(2)[3], 1fb/404kg/p3(2)[3], 1fb/431kg/p4(3)[4], 1fb/432kg/p3(2)[3], 1fb/436kg/p3(1)[3], 1fb/442kg/p3(2)[3], 1fb/445kg/p3(1)[3], 1fb/447kg/p3(1)[3], 2fb/391kg/p1(1)[1], 2fb/408kg/p0(0)[0], 2fb/445kg/p3(3)[3], 3fb/451kg/p1(1)[1], 3fb/479kg/p1(1)[1], 3fb/480kg/p1(1)[1]
[12:54:49] budget: 337 s of 420 left for the settles + regrids (settle_wall 480)
[12:54:49]     settle 20:  99 @   3210 d -> ok lintwin tank 802.5 (+5.4) miss 90 km (1.2 s)
[12:54:50]     settle 15: 130 @   3065 d -> ok lintwin tank 797.0 (+17.1) miss 81 km (2.8 s)
[12:54:51]     settle 21: 227 @   3077 d -> ok lintwin tank 784.0 (+3.1) miss 15 km (1.5 s)
[12:54:51]     settle 18: 111 @   2971 d -> ok lintwin tank 826.8 (+13.1) miss 75 km (2.2 s)
[12:54:52]     settle 17: 199 @   3120 d -> ok lintwin tank 746.0 (+6.6) miss 70 km (3.2 s)
[12:54:52]     settle 18:  80 @   3134 d -> ok lintwin tank 837.5 (+86.0) miss 54 km (5.5 s)
[12:54:53]     settle 18:  96 @   3237 d -> ok lintwin tank 830.8 (+17.0) miss 78 km (1.0 s)
[12:54:54]     settle 20: 130 @   3033 d -> ok lintwin tank 837.0 (+39.9) miss 0 km (3.9 s)
[12:54:54]     settle 21: 240 @   3225 d -> ok lintwin tank 788.7 (+7.8) miss 87 km (2.8 s)
[12:54:54]     settle 15: 180 @   2836 d -> ok lintwin tank 807.3 (+27.4) miss 79 km (3.6 s)
[12:54:55]     settle 18:  24 @   2913 d -> ok lintwin tank 800.6 (+49.2) miss 73 km (2.3 s)
[12:54:56]     settle 21:  80 @   3030 d -> ok lintwin tank 791.5 (+10.6) miss 56 km (1.5 s)
[12:54:56]     settle 18: 120 @   3139 d -> ok lintwin tank 838.5 (+24.8) miss 69 km (3.0 s)
[12:54:57]     settle 17:  71 @   3102 d -> ok lintwin tank 817.3 (+77.9) miss 65 km (4.5 s)
[12:54:57]     settle 20: 200 @   3036 d -> ok lintwin tank 809.7 (+12.7) miss 42 km (2.3 s)
[12:54:58]     settle 21: 160 @   2842 d -> ok lintwin tank 811.3 (+30.4) miss 46 km (1.4 s)
[12:54:58]     settle 18:  49 @   2861 d -> ok lintwin tank 769.5 (+18.1) miss 60 km (2.0 s)
[12:54:59]     settle 15: 160 @   2919 d -> ok lintwin tank 808.2 (+28.3) miss 61 km (3.2 s)
[12:54:59]     settle 20: 104 @   2873 d -> ok lintwin tank 823.3 (+26.3) miss 40 km (1.1 s)
[12:54:59]     settle 18:  83 @   3045 d -> ok lintwin tank 829.7 (+16.0) miss 74 km (2.2 s)
[12:54:59]     settle 18: 104 @   2855 d -> ok lintwin tank 776.6 (+25.2) miss 29 km (0.4 s)
[12:54:59]     settle 21: 244 @   2832 d -> ok lintwin tank 793.2 (+12.3) miss 58 km (0.7 s)
[12:55:00] plan: 1885 states, depth 9 new flybys, end plan_done (93 s); deepest 9 new to 4304 d at planner fuel 588 kg
[12:55:00]   depth  1:   57 states (48 in H), t_end 2745-3335 d, fuel 437-515 kg
[12:55:00]   depth  2:  245 states (61 in H), t_end 2896-3831 d, fuel 449-544 kg
[12:55:00]   depth  3:  300 states (30 in H), t_end 3027-4120 d, fuel 461-573 kg
[12:55:00]   depth  4:  300 states (3 in H), t_end 3147-4285 d, fuel 469-596 kg
[12:55:00]   depth  5:  300 states (0 in H), t_end 3327-4304 d, fuel 486-603 kg
[12:55:00]   depth  6:  300 states (0 in H), t_end 3521-4318 d, fuel 519-613 kg
[12:55:00]   depth  7:  278 states (0 in H), t_end 3787-4320 d, fuel 538-638 kg
[12:55:00]   depth  8:   91 states (0 in H), t_end 4021-4319 d, fuel 559-668 kg
[12:55:00]   depth  9:   14 states (0 in H), t_end 4161-4316 d, fuel 588-677 kg
[12:55:00] candidates: 87 distinct committed target sets (n_new 1-4, potential 0-3)
[12:55:00] frontier: 16 candidates chosen (n fb / committed planner kg / continuation (lookahead) [full]; pot_mode lookahead, pot_cap None): 1fb/437kg/p2(1)[2], 1fb/439kg/p4(3)[4], 1fb/458kg/p3(1)[3], 1fb/461kg/p5(2)[5], 1fb/484kg/p3(3)[3], 1fb/491kg/p3(2)[3], 2fb/461kg/p1(1)[1], 2fb/463kg/p2(2)[2], 2fb/467kg/p3(3)[3], 2fb/477kg/p4(2)[4], 3fb/483kg/p3(2)[3], 3fb/491kg/p1(1)[1], 3fb/494kg/p2(2)[2], 4fb/495kg/p2(2)[2], 4fb/515kg/p1(1)[1], 4fb/518kg/p1(1)[1]
[12:55:00] budget: 326 s of 420 left for the settles + regrids (settle_wall 480)
[12:55:00]     settle 17: 229 @   2850 d -> ok lintwin tank 756.8 (+17.5) miss 74 km (2.3 s)
[12:55:01]     settle 21: 103 @   3023 d -> ok lintwin tank 827.2 (+5.2) miss 69 km (1.3 s)
[12:55:02]     settle 18:  80 @   3019 d -> ok lintwin tank 836.1 (+22.4) miss 79 km (2.6 s)
[12:55:03]     settle 18:   6 @   2740 d -> ok lintwin tank 784.9 (+33.5) miss 73 km (2.6 s)
[12:55:03]     settle 21: 299 @   2929 d -> ok lintwin tank 808.3 (+27.4) miss 51 km (3.5 s)
[12:55:04]     settle 19: 290 @   3145 d -> ok lintwin tank 761.8 (+-0.1) miss 41 km (0.3 s)
[12:55:04]     settle 18: 278 @   2830 d -> ok lintwin tank 836.3 (+22.6) miss 77 km (1.6 s)
[12:55:05]     settle 21: 188 @   2949 d -> ok lintwin tank 828.5 (+6.4) miss 37 km (1.7 s)
[12:55:05]     settle 17:  80 @   3002 d -> ok lintwin tank 758.5 (+19.1) miss 64 km (4.7 s)
[12:55:05]     settle 20: 103 @   3099 d -> ok lintwin tank 860.5 (+63.5) miss 0 km (6.2 s)
[12:55:07]     settle 19:  68 @   3233 d -> ok lintwin tank 820.0 (+20.3) miss 48 km (2.4 s)
[12:55:07]   drift: leg 68@3233 d settled outside (T, T+H] -> column cut at 1
[12:55:07]     settle 15: 103 @   3009 d -> ok lam tank 910.7 (+130.9) miss 15 km (8.0 s)
[12:55:07]     settle 19: 250 @   3001 d -> ok lintwin tank 769.9 (+16.6) miss 97 km (0.4 s)
[12:55:07]     settle 20: 179 @   3093 d -> ok lintwin tank 827.0 (+30.0) miss 27 km (1.5 s)
[12:55:07]     settle 21: 171 @   2844 d -> ok lintwin tank 819.5 (+38.6) miss 61 km (3.7 s)
[12:55:09]     settle 21:  13 @   2840 d -> ok lintwin tank 846.1 (+24.0) miss 57 km (3.3 s)
[12:55:09]     settle 18: 116 @   2841 d -> ok lintwin tank 753.3 (+1.9) miss 1 km (0.4 s)
[12:55:09]     settle 18: 199 @   3134 d -> ok lintwin tank 847.0 (+33.3) miss 58 km (3.9 s)
[12:55:09]     settle 19: 250 @   2998 d -> ok lintwin tank 770.0 (+16.6) miss 23 km (0.4 s)
[12:55:09]     settle 20: 290 @   3146 d -> ok lintwin tank 776.5 (+6.5) miss 13 km (0.4 s)
[12:55:10]     settle 17: 300 @   3230 d -> ok lintwin tank 779.1 (+39.7) miss 67 km (4.6 s)
[12:55:10]     settle 15: 107 @   2915 d -> ok lintwin tank 820.4 (+40.5) miss 72 km (2.4 s)
[12:55:11]     settle 18: 227 @   3089 d -> ok lintwin tank 832.3 (+18.6) miss 65 km (1.6 s)
[12:55:11]     settle 21: 223 @   2917 d -> ok lintwin tank 845.6 (+23.5) miss 40 km (1.5 s)
[12:55:11]     settle 20:  28 @   3079 d -> ok lam tank 843.6 (+46.6) miss 16 km (3.4 s)
[12:55:13]     settle 17: 267 @   3021 d -> ok lintwin tank 764.2 (+24.8) miss 86 km (2.2 s)
[12:55:13]     settle 21:  49 @   2893 d -> ok lintwin tank 834.3 (+53.4) miss 75 km (5.2 s)
[12:55:13]     settle 21: 140 @   3020 d -> ok lintwin tank 826.5 (+4.4) miss 42 km (1.6 s)
[12:55:13]     settle 20:  68 @   3236 d -> ok lintwin tank 771.7 (+1.7) miss 74 km (2.0 s)
[12:55:14] plan: 2290 states, depth 10 new flybys, end plan_done (108 s); deepest 10 new to 4297 d at planner fuel 545 kg
[12:55:14]   depth  1:   68 states (60 in H), t_end 2707-3383 d, fuel 316-402 kg
[12:55:14]   depth  2:  300 states (119 in H), t_end 2804-3961 d, fuel 333-436 kg
[12:55:14]   depth  3:  300 states (46 in H), t_end 3010-3997 d, fuel 354-457 kg
[12:55:14]   depth  4:  300 states (9 in H), t_end 3194-4320 d, fuel 369-484 kg
[12:55:14]   depth  5:  300 states (0 in H), t_end 3344-4273 d, fuel 385-513 kg
[12:55:14]   depth  6:  300 states (0 in H), t_end 3565-4316 d, fuel 401-509 kg
[12:55:14]   depth  7:  300 states (0 in H), t_end 3853-4320 d, fuel 411-535 kg
[12:55:14]   depth  8:  300 states (0 in H), t_end 3963-4320 d, fuel 446-550 kg
[12:55:14]   depth  9:  108 states (0 in H), t_end 4097-4318 d, fuel 487-565 kg
[12:55:14]   depth 10:   14 states (0 in H), t_end 4191-4313 d, fuel 545-590 kg
[12:55:14] candidates: 143 distinct committed target sets (n_new 1-4, potential 0-2)
[12:55:14] frontier: 16 candidates chosen (n fb / committed planner kg / continuation (lookahead) [full]; pot_mode lookahead, pot_cap None): 1fb/316kg/p1(1)[1], 1fb/319kg/p5(2)[5], 1fb/320kg/p1(1)[1], 1fb/332kg/p3(2)[3], 1fb/347kg/p3(1)[3], 1fb/362kg/p3(1)[3], 2fb/337kg/p0(0)[0], 2fb/339kg/p0(0)[0], 2fb/344kg/p3(2)[3], 2fb/355kg/p4(2)[4], 3fb/357kg/p1(1)[1], 3fb/359kg/p2(2)[2], 3fb/385kg/p3(2)[3], 4fb/378kg/p1(1)[1], 4fb/386kg/p1(1)[1], 4fb/392kg/p2(2)[2]
[12:55:14] budget: 312 s of 420 left for the settles + regrids (settle_wall 480)
[12:55:14]     settle 19: 118 @   3221 d -> ok lintwin tank 750.0 (+4.5) miss 16 km (0.4 s)
[12:55:15]     settle 17: 100 @   2860 d -> ok lintwin tank 778.4 (+39.0) miss 55 km (1.7 s)
[12:55:15]     settle 15: 179 @   3076 d -> ok lintwin tank 794.5 (+14.6) miss 86 km (4.7 s)
[12:55:15]     settle 18:  23 @   3178 d -> ok lintwin tank 832.8 (+19.1) miss 64 km (4.1 s)
[12:55:15]     settle 21: 285 @   2785 d -> ok lintwin tank 868.0 (+45.9) miss 63 km (1.7 s)
[12:55:16]     settle 19: 152 @   2812 d -> ok lintwin tank 751.5 (+6.0) miss 64 km (0.7 s)
[12:55:16]     settle 21: 104 @   2871 d -> ok lintwin tank 806.5 (+25.5) miss 69 km (2.9 s)
[12:55:18]     settle 20: 160 @   2833 d -> ok lintwin tank 886.1 (+89.1) miss 59 km (3.9 s)
[12:55:18]     settle 17:  87 @   2847 d -> ok lintwin tank 795.1 (+55.8) miss 84 km (3.1 s)
[12:55:20]     settle 22: 167 @   3173 d -> ok lintwin tank 840.3 (+13.1) miss 73 km (3.6 s)
[12:55:20]     settle 15: 241 @   2784 d -> ok lintwin tank 813.7 (+33.8) miss 77 km (4.1 s)
[12:55:20]     settle 19: 300 @   3210 d -> ok lintwin tank 751.3 (+5.7) miss 79 km (3.9 s)
[12:55:21]     settle 19: 179 @   3089 d -> ok lintwin tank 796.1 (+11.2) miss 68 km (6.9 s)
[12:55:21]     settle 18: 290 @   3157 d -> ok lintwin tank 860.2 (+46.4) miss 74 km (5.6 s)
[12:55:22]     settle 17: 171 @   2784 d -> ok lintwin tank 789.9 (+50.5) miss 64 km (2.8 s)
[12:55:22]     settle 20: 180 @   3030 d -> ok lintwin tank 836.2 (+39.2) miss 51 km (3.4 s)
[12:55:22]     settle 21: 295 @   2922 d -> ok lintwin tank 809.2 (+28.2) miss 74 km (5.3 s)
[12:55:22]     settle 19: 262 @   2866 d -> ok lintwin tank 757.7 (+12.2) miss 82 km (1.6 s)
[12:55:22]     settle 20: 206 @   3238 d -> ok lintwin tank 806.8 (+10.7) miss 76 km (1.6 s)
[12:55:22]   drift: leg 206@3238 d settled outside (T, T+H] -> column cut at 2
[12:55:23]     settle 19:  83 @   3049 d -> ok lintwin tank 839.2 (+11.3) miss 57 km (1.0 s)
[12:55:23]     settle 22: 167 @   3173 d -> ok lintwin tank 840.8 (+12.3) miss 69 km (2.8 s)
[12:55:23]     settle 21: 200 @   3035 d -> ok lintwin tank 810.0 (+9.4) miss 22 km (1.0 s)
[12:55:24]   1 candidates dropped (settle failure / regrid failure / duplicate after truncation)
[12:55:24] RESULT s05_c7: 15 columns; frontier 1fb 2 kg p2/3 | 2fb 10 kg p1/2 | 3fb 20 kg p2/2; settles 19 (19 ok), regrids 15 (15 ok); wall 118 s of 420 (plan 71, price 1, settle 47; budget hit None, 0 unsettled)
[12:55:24]   job s05_c7 craft columns  15  levels 9  settles 19/19  end plan_done  wall 117.5 s
[12:55:25]     settle 19: 205 @   2884 d -> ok lintwin tank 764.3 (+18.8) miss 66 km (2.4 s)
[12:55:26]     settle 21:  25 @   3106 d -> ok lintwin tank 803.1 (+22.2) miss 76 km (3.3 s)
[12:55:26]     settle 19:  25 @   3100 d -> ok lintwin tank 844.3 (+16.4) miss 85 km (2.9 s)
[12:55:26]     settle 15: 102 @   2976 d -> ok lintwin tank 816.2 (+36.3) miss 5 km (5.6 s)
[12:55:26]     settle 20:  49 @   2891 d -> ok lintwin tank 892.5 (+95.5) miss 68 km (2.4 s)
[12:55:27]     settle 17: 262 @   2866 d -> ok lintwin tank 778.9 (+39.5) miss 80 km (5.3 s)
[12:55:28]     settle 22: 140 @   3024 d -> ok lintwin tank 829.3 (+0.8) miss 68 km (3.9 s)
[12:55:28]     settle 22: 290 @   3213 d -> ok lintwin tank 809.9 (+6.8) miss 40 km (2.2 s)
[12:55:29]     settle 19: 100 @   2756 d -> ok lintwin tank 785.4 (+39.9) miss 70 km (3.0 s)
[12:55:29]     settle 22: 188 @   2947 d -> ok lintwin tank 850.8 (+5.2) miss 47 km (0.7 s)
[12:55:29]     settle 17:  68 @   2973 d -> ok lintwin tank 757.0 (+17.6) miss 88 km (1.2 s)
[12:55:30]     settle 21: 244 @   2838 d -> ok lintwin tank 792.9 (+11.9) miss 74 km (0.8 s)
[12:55:30]     settle 18: 155 @   3197 d -> ok lintwin tank 760.9 (+4.0) miss 23 km (1.0 s)
[12:55:30]     settle 19: 280 @   2968 d -> ok lintwin tank 753.7 (+8.2) miss 87 km (1.0 s)
[12:55:31]     settle 21:  99 @   3216 d -> ok lintwin tank 895.6 (+3.1) miss 76 km (4.2 s)
[12:55:31]     settle 20:  72 @   3193 d -> ok lintwin tank 756.6 (+2.8) miss 4 km (0.7 s)
[12:55:31]     settle 18: 240 @   3199 d -> ok lintwin tank 763.3 (+6.3) miss 81 km (0.5 s)
[12:55:31]     settle 15: 200 @   3052 d -> ok lintwin tank 808.0 (+28.1) miss 78 km (4.5 s)
[12:55:32]     settle 19: 120 @   3149 d -> ok lintwin tank 842.1 (+5.8) miss 0 km (5.2 s)
[12:55:32]     settle 20: 102 @   2820 d -> ok lintwin tank 812.2 (+15.2) miss 55 km (1.1 s)
[12:55:32]     settle 22: 227 @   3076 d -> ok lintwin tank 805.4 (+12.6) miss 80 km (2.8 s)
[12:55:32]     settle 20: 300 @   3207 d -> ok lintwin tank 756.1 (+2.3) miss 43 km (1.0 s)
[12:55:33]     settle 23: 204 @   3035 d -> ok lintwin tank 853.2 (+2.5) miss 70 km (3.5 s)
[12:55:34]     settle 18: 117 @   3111 d -> ok lintwin tank 760.0 (+3.1) miss 72 km (2.5 s)
[12:55:35]     settle 22: 290 @   3130 d -> ok lintwin tank 809.4 (+16.2) miss 35 km (2.1 s)
[12:55:35]     settle 20:  35 @   3010 d -> ok lintwin tank 765.3 (+13.8) miss 73 km (2.3 s)
[12:55:36]     settle 15: 137 @   2990 d -> ok lintwin tank 868.3 (+88.4) miss 81 km (3.8 s)
[12:55:36]     settle 21: 206 @   3140 d -> ok lintwin tank 829.0 (+16.8) miss 69 km (4.0 s)
[12:55:36]     settle 23: 167 @   3173 d -> ok lintwin tank 843.0 (+13.7) miss 61 km (2.7 s)
[12:55:38]     settle 21:  80 @   3027 d -> ok lintwin tank 791.4 (+10.4) miss 59 km (2.1 s)
[12:55:38]     settle 20: 205 @   2880 d -> ok lintwin tank 768.6 (+17.1) miss 76 km (2.5 s)
[12:55:39]     settle 19:  80 @   3018 d -> ok lintwin tank 845.4 (+18.6) miss 65 km (2.9 s)
[12:55:39]     settle 22: 209 @   3238 d -> ok lintwin tank 818.7 (+8.8) miss 78 km (2.4 s)
[12:55:39]   drift: leg 209@3238 d settled outside (T, T+H] -> column cut at 2
[12:55:39]     settle 19:  72 @   3195 d -> ok lintwin tank 777.4 (+17.4) miss 2 km (4.7 s)
[12:55:40]     settle 20: 266 @   2772 d -> ok lintwin tank 800.5 (+3.5) miss 15 km (0.5 s)
[12:55:40]     settle 16: 107 @   3208 d -> ok lam tank 988.6 (+88.2) miss 5 km (3.6 s)
[12:55:40]   drift: leg 107@3208 d settled outside (T, T+H] -> column cut at 1
[12:55:40]     settle 22: 120 @   3145 d -> ok lintwin tank 814.5 (+23.1) miss 73 km (2.4 s)
[12:55:40]     settle 23: 167 @   3172 d -> ok lintwin tank 859.0 (+8.2) miss 75 km (3.3 s)
[12:55:41]     settle 21: 295 @   2912 d -> ok lintwin tank 817.9 (+17.4) miss 45 km (0.9 s)
[12:55:41]     settle 21: 118 @   3221 d -> ok lintwin tank 772.4 (+7.0) miss 71 km (2.4 s)
[12:55:42]     settle 20: 157 @   3239 d -> ok lintwin tank 860.4 (+15.0) miss 72 km (2.9 s)
[12:55:42]     settle 22: 209 @   3232 d -> ok lintwin tank 823.6 (+5.7) miss 42 km (0.9 s)
[12:55:42]     settle 18:  58 @   3090 d -> ok lintwin tank 786.6 (+7.7) miss 75 km (2.7 s)
[12:55:42]     settle 16:  97 @   3185 d -> ok lintwin tank 796.4 (+-0.6) miss 74 km (2.3 s)
[12:55:42]     settle 23: 240 @   3221 d -> ok lintwin tank 813.5 (+-1.0) miss 66 km (2.2 s)
[12:55:43]     settle 20:   1 @   3224 d -> ok lintwin tank 857.2 (+12.8) miss 58 km (1.1 s)
[12:55:44] RESULT s05_c3: 16 columns; frontier 1fb 13 kg p1/3 | 2fb 25 kg p1/2 | 3fb 43 kg p0/1; settles 17 (17 ok), regrids 16 (16 ok); wall 137 s of 420 (plan 82, price 1, settle 55; budget hit None, 0 unsettled)
[12:55:44]     settle 24: 167 @   3172 d -> ok lintwin tank 882.1 (+28.9) miss 74 km (3.1 s)
[12:55:44]     settle 21: 300 @   3209 d -> ok lintwin tank 770.0 (+4.7) miss 77 km (2.6 s)
[12:55:45]   job s05_c3 craft columns  16  levels 9  settles 17/17  end plan_done  wall 137.3 s
[12:55:45]     settle 19: 300 @   3210 d -> ok lintwin tank 798.3 (+11.6) miss 44 km (2.2 s)
[12:55:46]     settle 21: 268 @   3094 d -> ok lintwin tank 781.3 (+12.6) miss 75 km (1.3 s)
[12:55:46]     settle 22: 299 @   3025 d -> ok lintwin tank 821.3 (+1.7) miss 67 km (3.3 s)
[12:55:46]     settle 16: 167 @   3179 d -> ok lam tank 949.5 (+49.0) miss 12 km (3.3 s)
[12:55:48]     settle 21:  35 @   3010 d -> ok lintwin tank 771.7 (+3.1) miss 78 km (1.8 s)
[12:55:49]     settle 24: 186 @   3219 d -> ok lintwin tank 892.3 (+39.1) miss 65 km (4.2 s)
[12:55:49]     settle 23:  16 @   3239 d -> ok lintwin tank 842.0 (+20.7) miss 68 km (3.0 s)
[12:55:49]     settle 18: 290 @   3131 d -> ok lam tank 813.6 (+18.4) miss 0 km (3.8 s)
[12:55:50]     settle 22: 118 @   3222 d -> ok lintwin tank 781.0 (+9.2) miss 79 km (1.9 s)
[12:55:51]     settle 21: 160 @   2838 d -> ok lintwin tank 811.3 (+30.4) miss 49 km (1.2 s)
[12:55:52]     settle 22: 300 @   3210 d -> ok lintwin tank 781.0 (+9.3) miss 77 km (1.8 s)
[12:55:53]     settle 24: 206 @   3147 d -> ok lintwin tank 887.9 (+34.7) miss 76 km (3.9 s)
[12:55:53]     settle 22: 102 @   2982 d -> ok lintwin tank 819.0 (+7.7) miss 48 km (2.1 s)
[12:55:53] RESULT s05_c0: 16 columns; frontier 1fb 4 kg p1/3 | 2fb 7 kg p3/3 | 3fb 21 kg p1/2 | 4fb 60 kg p2/2; settles 16 (16 ok), regrids 16 (16 ok); wall 147 s of 420 (plan 93, price 1, settle 54; budget hit None, 0 unsettled)
[12:55:54]     settle 22:  72 @   3201 d -> ok lintwin tank 785.8 (+4.5) miss 30 km (0.6 s)
[12:55:54]     settle 16: 103 @   3155 d -> ok lintwin tank 910.4 (+42.1) miss 9 km (5.1 s)
[12:55:54] RESULT s05_c2: 16 columns; frontier 1fb 4 kg p1/2 | 2fb 10 kg p0/2 | 3fb 24 kg p2/2 | 4fb 35 kg p1/2; settles 18 (18 ok), regrids 16 (16 ok); wall 148 s of 420 (plan 108, price 1, settle 40; budget hit None, 0 unsettled)
[12:55:54]     settle 19:  68 @   3216 d -> ok lintwin tank 842.2 (+28.6) miss 75 km (4.6 s)
[12:55:54]   drift: leg 68@3216 d settled outside (T, T+H] -> column cut at 2
[12:55:55] RESULT s05_c4: 16 columns; frontier 1fb 7 kg p2/3 | 2fb 20 kg p2/2 | 3fb 38 kg p2/2; settles 19 (19 ok), regrids 16 (16 ok); wall 148 s of 420 (plan 82, price 1, settle 66; budget hit None, 0 unsettled)
[12:55:55]   job s05_c0 craft columns  16  levels 9  settles 16/16  end plan_done  wall 147.1 s
[12:55:55]   job s05_c2 craft columns  16  levels 10  settles 18/18  end plan_done  wall 147.7 s
[12:55:55]   job s05_c4 craft columns  16  levels 8  settles 19/19  end plan_done  wall 148.3 s
[12:55:55]     settle 23: 169 @   3235 d -> ok lintwin tank 829.7 (+10.7) miss 62 km (2.2 s)
[12:55:56] RESULT s05_c5: 16 columns; frontier 1fb 3 kg p2/3 | 2fb 24 kg p0/3 | 3fb 32 kg p1/1; settles 23 (23 ok), regrids 16 (16 ok); wall 150 s of 420 (plan 83, price 1, settle 66; budget hit None, 0 unsettled)
[12:55:57]   job s05_c5 craft columns  16  levels 10  settles 23/23  end plan_done  wall 149.6 s
[12:55:58]     settle 21: 102 @   2981 d -> ok lam tank 1098.1 (+212.0) miss 1 km (15.5 s)
[12:55:58]     settle 17: 169 @   3218 d -> ok lintwin tank 929.3 (+18.9) miss 65 km (4.3 s)
[12:55:59]   1 candidates dropped (settle failure / regrid failure / duplicate after truncation)
[12:55:59] RESULT s05_c1: 15 columns; frontier 1fb 6 kg p2/2 | 2fb 16 kg p2/2 | 3fb 149 kg p1/1; settles 17 (17 ok), regrids 15 (15 ok); wall 152 s of 420 (plan 71, price 1, settle 81; budget hit None, 0 unsettled)
[12:56:01]   job s05_c1 craft columns  15  levels 7  settles 17/17  end plan_done  wall 152.5 s
[12:56:21]     settle 22:  28 @   3180 d -> FAIL [('lam', 899119.5)] (23.2 s)
[12:56:24]   1 candidates dropped (settle failure / regrid failure / duplicate after truncation)
[12:56:24] RESULT s05_c6: 15 columns; frontier 1fb 3 kg p2/3 | 2fb 13 kg p2/2 | 3fb 26 kg p1/1; settles 22 (20 ok), regrids 15 (15 ok); wall 178 s of 420 (plan 81, price 1, settle 97; budget hit None, 0 unsettled)
[12:56:25]   job s05_c6 craft columns  15  levels 8  settles 20/22  end plan_done  wall 177.8 s
[12:56:25] [slice 5] propose: 125 columns (0 bad dropped) in 178.4 s
[12:56:25] [slice 5] auction: 125 columns, kept 124, dropped {'fuel': 1}; lam 1.00 H_eff 540 d fuel budget 482 kg quota on
[12:56:25] [slice 5] auction: status optimal objective 36.353 vars 124 rows 61 chosen 8 fuel 320/482 kg (0.018 s)
[12:56:27] [slice 5] claims: c0:2 c1:2 c2:2 c3:1 c4:1 c5:1 c6:1  (10 targets: 0 kept, 10 new; 11 released, 0 expired (ttl 4), 1 conflicts)
[12:56:27] [slice 5 T=2700 d] launched 8/8  covered 166  remaining 132  fuel 1748 kg  sumJi 9.4484  chosen: c0:4(+59) c1:2(+16) c2:4(+40) c3:3(+46) c4:3(+59) c5:3(+49) c6:3(+26) c7:3(+23)  rejected: -  (wall 180 s)
[12:56:27] [slice 6] claims in force: c0:2 c1:2 c2:2 c3:1 c4:1 c5:1 c6:1  (10 targets; claim_bonus 1.0, ttl 4)
[12:56:27]   c0: claims: 2 own (prized +1.0), 8 claimed by others withheld
[12:56:27]   c1: claims: 2 own (prized +1.0), 8 claimed by others withheld
[12:56:27]   c2: claims: 2 own (prized +1.0), 8 claimed by others withheld
[12:56:27]   c3: claims: 1 own (prized +1.0), 9 claimed by others withheld
[12:56:27]   c4: claims: 1 own (prized +1.0), 9 claimed by others withheld
[12:56:27]   c5: claims: 1 own (prized +1.0), 9 claimed by others withheld
[12:56:27]   c6: claims: 1 own (prized +1.0), 9 claimed by others withheld
[12:56:27]   c7: claims: 0 own (prized +1.0), 10 claimed by others withheld
[12:56:27] [slice 6 T=3240 d] propose: 8 jobs (8 craft, 0 root) on 9 workers, proposer planbeam, H_eff 540 d, lam 1.0
[12:56:27] job s06_c1 (craft, craft 1, planbeam): T 3240 d H 540 L 360; plan horizon 4860 d; remaining 124; prize >1 on 91; width 300 npt 6 mc 150 dv 1.2 drmax 0.15 plan_wall 300 s; quota {'fil': 7, 'med': 11}
[12:56:27] job s06_c6 (craft, craft 6, planbeam): T 3240 d H 540 L 360; plan horizon 4860 d; remaining 123; prize >1 on 90; width 300 npt 6 mc 150 dv 1.2 drmax 0.15 plan_wall 300 s; quota {'fil': 6, 'med': 8}
[12:56:27] job s06_c4 (craft, craft 4, planbeam): T 3240 d H 540 L 360; plan horizon 4860 d; remaining 123; prize >1 on 90; width 300 npt 6 mc 150 dv 1.2 drmax 0.15 plan_wall 300 s; quota {'fil': 5, 'med': 10}
[12:56:27] job s06_c7 (craft, craft 7, planbeam): T 3240 d H 540 L 360; plan horizon 4860 d; remaining 122; prize >1 on 89; width 300 npt 6 mc 150 dv 1.2 drmax 0.15 plan_wall 300 s; quota {'fil': 6, 'med': 12}
[12:56:27] job s06_c3 (craft, craft 3, planbeam): T 3240 d H 540 L 360; plan horizon 4860 d; remaining 123; prize >1 on 90; width 300 npt 6 mc 150 dv 1.2 drmax 0.15 plan_wall 300 s; quota {'fil': 2, 'med': 13}
[12:56:27] job s06_c2 (craft, craft 2, planbeam): T 3240 d H 540 L 360; plan horizon 4860 d; remaining 124; prize >1 on 91; width 300 npt 6 mc 150 dv 1.2 drmax 0.15 plan_wall 300 s; quota {'fil': 4, 'med': 10}
[12:56:27] job s06_c0 (craft, craft 0, planbeam): T 3240 d H 540 L 360; plan horizon 4860 d; remaining 124; prize >1 on 91; width 300 npt 6 mc 150 dv 1.2 drmax 0.15 plan_wall 300 s; quota {'fil': 3, 'med': 13}
[12:56:27] job s06_c5 (craft, craft 5, planbeam): T 3240 d H 540 L 360; plan horizon 4860 d; remaining 123; prize >1 on 90; width 300 npt 6 mc 150 dv 1.2 drmax 0.15 plan_wall 300 s; quota {'fil': 2, 'med': 9}
[12:56:27] prefix slices/s06/in/craft_2.npz: 22 flybys, t_end 3199.4 d, tank 785.6 kg (planner view), miss 2.9 km, nreg 162
[12:56:27] budget: job_wall 420 s, 420 s left before the plan -> plan cap 300 s (plan_wall 300, settle_reserve 90)
[12:56:27] prefix slices/s06/in/craft_6.npz: 22 flybys, t_end 3239.2 d, tank 823.4 kg (planner view), miss 10.8 km, nreg 155
[12:56:27] budget: job_wall 420 s, 420 s left before the plan -> plan cap 300 s (plan_wall 300, settle_reserve 90)
[12:56:27] prefix slices/s06/in/craft_7.npz: 20 flybys, t_end 3146.5 d, tank 774.6 kg (planner view), miss 1.0 km, nreg 147
[12:56:27] prefix slices/s06/in/craft_3.npz: 20 flybys, t_end 3236.7 d, tank 860.1 kg (planner view), miss 3.2 km, nreg 161
[12:56:27] budget: job_wall 420 s, 420 s left before the plan -> plan cap 300 s (plan_wall 300, settle_reserve 90)
[12:56:27] budget: job_wall 420 s, 420 s left before the plan -> plan cap 300 s (plan_wall 300, settle_reserve 90)
[12:56:27] prefix slices/s06/in/craft_4.npz: 19 flybys, t_end 3206.2 d, tank 798.1 kg (planner view), miss 73.2 km, nreg 159
[12:56:27] budget: job_wall 420 s, 420 s left before the plan -> plan cap 300 s (plan_wall 300, settle_reserve 90)
[12:56:27] prefix slices/s06/in/craft_0.npz: 24 flybys, t_end 3172.1 d, tank 880.7 kg (planner view), miss 61.6 km, nreg 161
[12:56:27] budget: job_wall 420 s, 420 s left before the plan -> plan cap 300 s (plan_wall 300, settle_reserve 90)
[12:56:27] prefix slices/s06/in/craft_1.npz: 16 flybys, t_end 3181.9 d, tank 796.1 kg (planner view), miss 48.3 km, nreg 162
[12:56:27] budget: job_wall 420 s, 420 s left before the plan -> plan cap 300 s (plan_wall 300, settle_reserve 90)
[12:56:27] prefix slices/s06/in/craft_5.npz: 23 flybys, t_end 3236.4 d, tank 829.4 kg (planner view), miss 2.1 km, nreg 158
[12:56:27] budget: job_wall 420 s, 420 s left before the plan -> plan cap 300 s (plan_wall 300, settle_reserve 90)
[12:56:43] first level (both): 0 production + 23 relaxed (dv 2.5, 0.3 AU; 0.1 s) + 30 lintwin children -> 42 unique (16.4 s)
[12:56:43] plan start: prefix 19 flybys, t_end 3206.2 d, planner mass 1205.8 kg (dv 11.096 km/s); 42 first-level states
[12:56:44] first level (both): 0 production + 39 relaxed (dv 2.5, 0.3 AU; 0.1 s) + 38 lintwin children -> 55 unique (16.8 s)
[12:56:44] plan start: prefix 22 flybys, t_end 3199.4 d, planner mass 1225.1 kg (dv 10.473 km/s); 55 first-level states
[12:56:44] first level (both): 0 production + 31 relaxed (dv 2.5, 0.3 AU; 0.1 s) + 35 lintwin children -> 47 unique (17.3 s)
[12:56:44] plan start: prefix 22 flybys, t_end 3239.2 d, planner mass 1168.9 kg (dv 12.316 km/s); 47 first-level states
[12:56:44] first level (both): 0 production + 59 relaxed (dv 2.5, 0.3 AU; 0.1 s) + 40 lintwin children -> 68 unique (17.3 s)
[12:56:44] plan start: prefix 20 flybys, t_end 3236.7 d, planner mass 1119.0 kg (dv 14.027 km/s); 68 first-level states
[12:56:44] first level (both): 0 production + 17 relaxed (dv 2.5, 0.3 AU; 0.1 s) + 37 lintwin children -> 45 unique (17.6 s)
[12:56:44] plan start: prefix 20 flybys, t_end 3146.5 d, planner mass 1242.4 kg (dv 9.921 km/s); 45 first-level states
[12:56:45] first level (both): 0 production + 22 relaxed (dv 2.5, 0.3 AU; 0.1 s) + 38 lintwin children -> 50 unique (17.8 s)
[12:56:45] plan start: prefix 23 flybys, t_end 3236.4 d, planner mass 1160.3 kg (dv 12.604 km/s); 50 first-level states
[12:56:45] first level (both): 0 production + 27 relaxed (dv 2.5, 0.3 AU; 0.1 s) + 33 lintwin children -> 47 unique (17.8 s)
[12:56:45] plan start: prefix 24 flybys, t_end 3172.1 d, planner mass 1092.8 kg (dv 14.957 km/s); 47 first-level states
[12:56:45] first level (both): 0 production + 32 relaxed (dv 2.5, 0.3 AU; 0.0 s) + 32 lintwin children -> 48 unique (18.2 s)
[12:56:45] plan start: prefix 16 flybys, t_end 3181.9 d, planner mass 1208.9 kg (dv 10.996 km/s); 48 first-level states
[12:57:31] plan: 1219 states, depth 8 new flybys, end plan_done (64 s); deepest 8 new to 4792 d at planner fuel 562 kg
[12:57:31]   depth  1:   45 states (37 in H), t_end 3261-3855 d, fuel 372-447 kg
[12:57:31]   depth  2:  102 states (43 in H), t_end 3494-4349 d, fuel 383-487 kg
[12:57:31]   depth  3:  178 states (4 in H), t_end 3664-4739 d, fuel 398-515 kg
[12:57:31]   depth  4:  299 states (0 in H), t_end 3819-4859 d, fuel 411-541 kg
[12:57:31]   depth  5:  300 states (0 in H), t_end 4065-4859 d, fuel 453-566 kg
[12:57:31]   depth  6:  211 states (0 in H), t_end 4356-4859 d, fuel 472-589 kg
[12:57:31]   depth  7:   79 states (0 in H), t_end 4594-4859 d, fuel 502-589 kg
[12:57:31]   depth  8:    5 states (0 in H), t_end 4778-4837 d, fuel 562-598 kg
[12:57:31] candidates: 56 distinct committed target sets (n_new 1-3, potential 0-3)
[12:57:31] frontier: 16 candidates chosen (n fb / committed planner kg / continuation (lookahead) [full]; pot_mode lookahead, pot_cap None): 1fb/379kg/p0(0)[0], 1fb/380kg/p2(2)[2], 1fb/380kg/p3(3)[3], 1fb/386kg/p3(3)[3], 1fb/397kg/p3(2)[3], 1fb/404kg/p4(2)[4], 1fb/405kg/p3(2)[3], 1fb/406kg/p3(2)[3], 1fb/407kg/p3(2)[3], 1fb/408kg/p3(2)[3], 2fb/400kg/p0(0)[0], 2fb/412kg/p0(0)[0], 2fb/416kg/p3(2)[3], 3fb/444kg/p0(0)[0], 3fb/453kg/p2(2)[2], 3fb/473kg/p1(1)[1]
[12:57:31] budget: 356 s of 420 left for the settles + regrids (settle_wall 480)
[12:57:33] plan: 1219 states, depth 7 new flybys, end plan_done (66 s); deepest 7 new to 4775 d at planner fuel 555 kg
[12:57:33]   depth  1:   48 states (45 in H), t_end 3347-3889 d, fuel 413-478 kg
[12:57:33]   depth  2:  118 states (29 in H), t_end 3461-4316 d, fuel 427-509 kg
[12:57:33]   depth  3:  287 states (1 in H), t_end 3691-4712 d, fuel 439-540 kg
[12:57:33]   depth  4:  300 states (0 in H), t_end 3998-4859 d, fuel 469-567 kg
[12:57:33]   depth  5:  300 states (0 in H), t_end 4294-4860 d, fuel 502-594 kg
[12:57:33]   depth  6:  147 states (0 in H), t_end 4482-4859 d, fuel 514-622 kg
[12:57:33]   depth  7:   19 states (0 in H), t_end 4592-4848 d, fuel 555-628 kg
[12:57:33] candidates: 42 distinct committed target sets (n_new 1-3, potential 0-2)
[12:57:33] frontier: 16 candidates chosen (n fb / committed planner kg / continuation (lookahead) [full]; pot_mode lookahead, pot_cap None): 1fb/413kg/p2(2)[2], 1fb/424kg/p2(2)[2], 1fb/429kg/p2(2)[2], 1fb/444kg/p2(2)[2], 1fb/446kg/p3(2)[3], 1fb/452kg/p2(1)[2], 1fb/457kg/p3(1)[3], 1fb/458kg/p3(2)[3], 1fb/464kg/p3(2)[3], 1fb/466kg/p2(2)[2], 1fb/471kg/p2(2)[2], 1fb/472kg/p3(2)[3], 2fb/453kg/p1(1)[1], 2fb/458kg/p1(1)[1], 2fb/463kg/p2(2)[2], 3fb/495kg/p1(1)[1]
[12:57:33] budget: 353 s of 420 left for the settles + regrids (settle_wall 480)
[12:57:34]     settle 21: 285 @   3666 d -> ok lintwin tank 778.2 (+3.6) miss 55 km (2.7 s)
[12:57:34] plan: 1240 states, depth 8 new flybys, end plan_done (68 s); deepest 8 new to 4857 d at planner fuel 668 kg
[12:57:34]   depth  1:   50 states (39 in H), t_end 3348-3942 d, fuel 458-525 kg
[12:57:34]   depth  2:  108 states (28 in H), t_end 3513-4398 d, fuel 475-556 kg
[12:57:34]   depth  3:  274 states (4 in H), t_end 3738-4678 d, fuel 500-586 kg
[12:57:34]   depth  4:  300 states (0 in H), t_end 4049-4837 d, fuel 516-612 kg
[12:57:34]   depth  5:  300 states (0 in H), t_end 4247-4850 d, fuel 533-631 kg
[12:57:34]   depth  6:  168 states (0 in H), t_end 4347-4857 d, fuel 547-657 kg
[12:57:34]   depth  7:   38 states (0 in H), t_end 4544-4860 d, fuel 578-657 kg
[12:57:34]   depth  8:    2 states (0 in H), t_end 4851-4857 d, fuel 668-676 kg
[12:57:34]   quota head-room {'fil': 2, 'med': 9}: 1 plans cut at the quota
[12:57:34] candidates: 48 distinct committed target sets (n_new 1-3, potential 0-2)
[12:57:34] frontier: 16 candidates chosen (n fb / committed planner kg / continuation (lookahead) [full]; pot_mode lookahead, pot_cap None): 1fb/462kg/p1(0)[1], 1fb/465kg/p2(2)[2], 1fb/468kg/p2(1)[2], 1fb/469kg/p2(1)[2], 1fb/489kg/p2(2)[2], 1fb/491kg/p2(2)[2], 1fb/494kg/p3(1)[3], 1fb/497kg/p2(1)[2], 1fb/499kg/p3(2)[3], 1fb/501kg/p2(1)[2], 1fb/502kg/p3(2)[3], 2fb/493kg/p0(0)[0], 2fb/497kg/p1(1)[1], 2fb/515kg/p2(1)[2], 3fb/537kg/p0(0)[0], 3fb/539kg/p1(1)[1]
[12:57:34] budget: 352 s of 420 left for the settles + regrids (settle_wall 480)
[12:57:35] plan: 1304 states, depth 8 new flybys, end plan_done (68 s); deepest 8 new to 4746 d at planner fuel 596 kg
[12:57:35]   depth  1:   42 states (36 in H), t_end 3345-3923 d, fuel 404-480 kg
[12:57:35]   depth  2:  142 states (26 in H), t_end 3510-4523 d, fuel 416-514 kg
[12:57:35]   depth  3:  300 states (3 in H), t_end 3699-4803 d, fuel 431-545 kg
[12:57:35]   depth  4:  300 states (0 in H), t_end 3921-4841 d, fuel 454-573 kg
[12:57:35]   depth  5:  300 states (0 in H), t_end 4062-4860 d, fuel 467-595 kg
[12:57:35]   depth  6:  156 states (0 in H), t_end 4293-4856 d, fuel 502-619 kg
[12:57:35]   depth  7:   55 states (0 in H), t_end 4454-4845 d, fuel 561-639 kg
[12:57:35]   depth  8:    9 states (0 in H), t_end 4552-4790 d, fuel 596-660 kg
[12:57:35] candidates: 39 distinct committed target sets (n_new 1-3, potential 0-3)
[12:57:35] frontier: 16 candidates chosen (n fb / committed planner kg / continuation (lookahead) [full]; pot_mode lookahead, pot_cap None): 1fb/406kg/p1(1)[1], 1fb/415kg/p2(2)[2], 1fb/416kg/p2(1)[2], 1fb/425kg/p3(1)[3], 1fb/442kg/p4(3)[4], 1fb/444kg/p2(1)[2], 1fb/446kg/p2(2)[2], 1fb/447kg/p2(0)[2], 1fb/471kg/p4(3)[4], 1fb/472kg/p3(2)[3], 1fb/473kg/p3(2)[3], 2fb/427kg/p1(1)[1], 2fb/438kg/p1(1)[1], 2fb/461kg/p3(3)[3], 3fb/462kg/p1(1)[1], 3fb/512kg/p0(0)[0]
[12:57:35] budget: 351 s of 420 left for the settles + regrids (settle_wall 480)
[12:57:38] plan: 1296 states, depth 8 new flybys, end plan_done (71 s); deepest 8 new to 4718 d at planner fuel 632 kg
[12:57:38]   depth  1:   47 states (41 in H), t_end 3275-3881 d, fuel 524-586 kg
[12:57:38]   depth  2:   98 states (27 in H), t_end 3488-4411 d, fuel 532-616 kg
[12:57:38]   depth  3:  233 states (1 in H), t_end 3738-4646 d, fuel 548-644 kg
[12:57:38]   depth  4:  300 states (0 in H), t_end 3948-4837 d, fuel 557-666 kg
[12:57:38]   depth  5:  300 states (0 in H), t_end 4164-4860 d, fuel 564-686 kg
[12:57:38]   depth  6:  237 states (0 in H), t_end 4309-4860 d, fuel 605-703 kg
[12:57:38]   depth  7:   73 states (0 in H), t_end 4543-4858 d, fuel 615-729 kg
[12:57:38]   depth  8:    8 states (0 in H), t_end 4718-4826 d, fuel 632-751 kg
[12:57:38] candidates: 42 distinct committed target sets (n_new 1-3, potential 0-3)
[12:57:38] frontier: 16 candidates chosen (n fb / committed planner kg / continuation (lookahead) [full]; pot_mode lookahead, pot_cap None): 1fb/527kg/p3(2)[3], 1fb/529kg/p2(2)[2], 1fb/532kg/p2(2)[2], 1fb/533kg/p3(2)[3], 1fb/551kg/p2(2)[2], 1fb/554kg/p2(2)[2], 1fb/554kg/p2(1)[2], 1fb/554kg/p3(3)[3], 1fb/555kg/p3(3)[3], 1fb/559kg/p2(1)[2], 1fb/560kg/p2(2)[2], 1fb/572kg/p3(2)[3], 2fb/532kg/p1(1)[1], 2fb/550kg/p1(1)[1], 2fb/555kg/p2(2)[2], 3fb/601kg/p0(0)[0]
[12:57:38] budget: 349 s of 420 left for the settles + regrids (settle_wall 480)
[12:57:38]     settle 24: 151 @   3397 d -> ok lintwin tank 855.5 (+26.0) miss 76 km (3.2 s)
[12:57:39]     settle 25:  77 @   3430 d -> ok lintwin tank 885.5 (+4.8) miss 53 km (1.6 s)
[12:57:39]     settle 20:  34 @   3546 d -> ok lintwin tank 803.7 (+5.6) miss 78 km (3.9 s)
[12:57:39]     settle 17: 208 @   3484 d -> ok lintwin tank 809.1 (+12.9) miss 80 km (5.9 s)
[12:57:41]     settle 24: 193 @   3653 d -> ok lintwin tank 845.9 (+16.4) miss 71 km (2.9 s)
[12:57:41]     settle 21: 275 @   3733 d -> ok lintwin tank 865.8 (+91.2) miss 3 km (6.7 s)
[12:57:41]     settle 25: 280 @   3642 d -> ok lintwin tank 886.7 (+6.0) miss 79 km (1.7 s)
[12:57:42]     settle 20: 267 @   3671 d -> ok lintwin tank 811.4 (+13.3) miss 69 km (2.3 s)
[12:57:43]     settle 25: 277 @   3520 d -> ok lintwin tank 891.4 (+10.7) miss 51 km (1.5 s)
[12:57:44]     settle 24: 148 @   3381 d -> ok lintwin tank 847.8 (+18.4) miss 66 km (2.0 s)
[12:57:45]     settle 20: 229 @   3415 d -> ok lintwin tank 808.9 (+10.8) miss 69 km (2.3 s)
[12:57:46]     settle 17: 219 @   3497 d -> ok lintwin tank 810.0 (+13.9) miss 79 km (5.7 s)
[12:57:46]     settle 21: 126 @   3621 d -> ok lintwin tank 790.4 (+15.8) miss 77 km (4.0 s)
[12:57:46]     settle 24:  45 @   3380 d -> ok lintwin tank 864.4 (+35.0) miss 89 km (1.9 s)
[12:57:47]     settle 25: 219 @   3495 d -> ok lintwin tank 897.0 (+16.3) miss 82 km (3.1 s)
[12:57:48]     settle 20: 231 @   3345 d -> ok lintwin tank 823.9 (+25.8) miss 74 km (2.2 s)
[12:57:50]     settle 20:  14 @   3385 d -> ok lintwin tank 828.4 (+30.2) miss 60 km (1.5 s)
[12:57:51]     settle 17: 215 @   3630 d -> ok lintwin tank 818.0 (+21.9) miss 66 km (4.8 s)
[12:57:52]     settle 24: 284 @   3540 d -> ok lintwin tank 861.9 (+32.4) miss 2 km (5.2 s)
[12:57:52] plan: 1713 states, depth 9 new flybys, end plan_done (86 s); deepest 9 new to 4851 d at planner fuel 665 kg
[12:57:52]   depth  1:   47 states (37 in H), t_end 3326-3905 d, fuel 441-517 kg
[12:57:52]   depth  2:  159 states (34 in H), t_end 3523-4495 d, fuel 454-550 kg
[12:57:52]   depth  3:  300 states (9 in H), t_end 3603-4779 d, fuel 469-583 kg
[12:57:52]   depth  4:  300 states (0 in H), t_end 3821-4856 d, fuel 494-607 kg
[12:57:52]   depth  5:  300 states (0 in H), t_end 4051-4859 d, fuel 519-627 kg
[12:57:52]   depth  6:  300 states (0 in H), t_end 4226-4860 d, fuel 547-651 kg
[12:57:52]   depth  7:  234 states (0 in H), t_end 4430-4860 d, fuel 570-656 kg
[12:57:52]   depth  8:   63 states (0 in H), t_end 4580-4859 d, fuel 623-683 kg
[12:57:52]   depth  9:   10 states (0 in H), t_end 4782-4852 d, fuel 665-689 kg
[12:57:52] candidates: 55 distinct committed target sets (n_new 1-3, potential 0-3)
[12:57:52] frontier: 16 candidates chosen (n fb / committed planner kg / continuation (lookahead) [full]; pot_mode lookahead, pot_cap None): 1fb/443kg/p2(2)[2], 1fb/447kg/p1(1)[1], 1fb/455kg/p4(2)[4], 1fb/458kg/p3(1)[3], 1fb/470kg/p4(3)[4], 1fb/471kg/p3(2)[3], 1fb/472kg/p3(2)[3], 1fb/489kg/p3(2)[3], 1fb/497kg/p3(1)[3], 1fb/513kg/p3(2)[3], 2fb/472kg/p1(1)[1], 2fb/478kg/p1(1)[1], 2fb/492kg/p3(2)[3], 3fb/517kg/p1(1)[1], 3fb/517kg/p1(1)[1], 3fb/524kg/p2(2)[2]
[12:57:52] budget: 334 s of 420 left for the settles + regrids (settle_wall 480)
[12:57:53]     settle 21: 256 @   3738 d -> ok lintwin tank 865.0 (+90.4) miss 3 km (6.6 s)
[12:57:54]     settle 25: 267 @   3740 d -> ok lintwin tank 997.8 (+117.1) miss 74 km (5.9 s)
[12:57:54]     settle 23: 236 @   3533 d -> ok lintwin tank 829.8 (+6.5) miss 55 km (1.3 s)
[12:57:55]     settle 17: 193 @   3521 d -> ok lintwin tank 851.4 (+55.3) miss 76 km (3.1 s)
[12:57:56]     settle 23:  22 @   3629 d -> ok lintwin tank 831.7 (+8.3) miss 56 km (1.4 s)
[12:57:57]     settle 21:  56 @   3380 d -> ok lintwin tank 870.1 (+95.5) miss 57 km (2.8 s)
[12:57:57]     settle 25: 172 @   3390 d -> ok lintwin tank 939.5 (+58.8) miss 86 km (2.9 s)
[12:57:57] plan: 1844 states, depth 9 new flybys, end plan_done (90 s); deepest 9 new to 4748 d at planner fuel 536 kg
[12:57:57]   depth  1:   55 states (48 in H), t_end 3339-3904 d, fuel 375-464 kg
[12:57:57]   depth  2:  175 states (41 in H), t_end 3503-4405 d, fuel 386-496 kg
[12:57:57]   depth  3:  300 states (4 in H), t_end 3678-4690 d, fuel 398-527 kg
[12:57:57]   depth  4:  300 states (0 in H), t_end 3868-4845 d, fuel 422-535 kg
[12:57:57]   depth  5:  300 states (0 in H), t_end 3942-4846 d, fuel 443-550 kg
[12:57:57]   depth  6:  300 states (0 in H), t_end 4183-4848 d, fuel 456-550 kg
[12:57:57]   depth  7:  269 states (0 in H), t_end 4293-4849 d, fuel 479-580 kg
[12:57:57]   depth  8:  124 states (0 in H), t_end 4497-4849 d, fuel 498-606 kg
[12:57:57]   depth  9:   21 states (0 in H), t_end 4556-4841 d, fuel 536-622 kg
[12:57:57] candidates: 62 distinct committed target sets (n_new 1-3, potential 0-3)
[12:57:57] frontier: 16 candidates chosen (n fb / committed planner kg / continuation (lookahead) [full]; pot_mode lookahead, pot_cap None): 1fb/381kg/p4(3)[4], 1fb/386kg/p4(2)[4], 1fb/387kg/p2(2)[2], 1fb/388kg/p2(1)[2], 1fb/389kg/p2(2)[2], 1fb/398kg/p2(2)[2], 1fb/404kg/p2(2)[2], 1fb/425kg/p3(1)[3], 1fb/464kg/p3(2)[3], 2fb/398kg/p3(2)[3], 2fb/399kg/p2(2)[2], 2fb/409kg/p0(0)[0], 2fb/417kg/p3(3)[3], 3fb/420kg/p2(2)[2], 3fb/452kg/p0(0)[0], 3fb/492kg/p1(1)[1]
[12:57:57] budget: 330 s of 420 left for the settles + regrids (settle_wall 480)
[12:57:58]     settle 23: 287 @   3456 d -> ok lintwin tank 863.0 (+39.7) miss 68 km (1.3 s)
[12:57:58]     settle 20:  33 @   3553 d -> ok lam tank 828.3 (+30.2) miss 75 km (7.1 s)
[12:57:58]     settle 24:  49 @   3722 d -> ok lintwin tank 885.8 (+56.3) miss 1 km (5.3 s)
[12:57:58]     settle 23: 147 @   3565 d -> ok lintwin tank 789.9 (+4.4) miss 57 km (0.9 s)
[12:57:59]     settle 23: 143 @   3394 d -> ok lintwin tank 796.4 (+10.8) miss 14 km (0.6 s)
[12:58:00]     settle 21:  83 @   3419 d -> ok lintwin tank 808.8 (+34.2) miss 66 km (2.7 s)
[12:58:01]     settle 17:  21 @   3465 d -> ok lintwin tank 831.5 (+35.4) miss 85 km (4.8 s)
[12:58:01]     settle 23:  34 @   3505 d -> ok lintwin tank 797.6 (+12.1) miss 27 km (0.9 s)
[12:58:02]     settle 20: 133 @   3696 d -> ok lintwin tank 838.6 (+40.5) miss 71 km (2.7 s)
[12:58:02]     settle 25: 284 @   3546 d -> ok lintwin tank 903.2 (+22.5) miss 76 km (4.2 s)
[12:58:02]     settle 23: 229 @   3413 d -> ok lintwin tank 792.2 (+6.7) miss 53 km (1.0 s)
[12:58:03]     settle 21:  57 @   3312 d -> ok lintwin tank 801.7 (+27.1) miss 64 km (2.3 s)
[12:58:03]     settle 23: 103 @   3423 d -> ok lintwin tank 883.4 (+60.0) miss 0 km (5.3 s)
[12:58:04]     settle 24:   4 @   3445 d -> ok lintwin tank 867.5 (+38.1) miss 80 km (5.2 s)
[12:58:04] plan: 1988 states, depth 10 new flybys, end plan_done (97 s); deepest 10 new to 4741 d at planner fuel 739 kg
[12:58:04]   depth  1:   68 states (62 in H), t_end 3291-3865 d, fuel 487-559 kg
[12:58:04]   depth  2:  237 states (70 in H), t_end 3396-4347 d, fuel 504-589 kg
[12:58:04]   depth  3:  300 states (25 in H), t_end 3561-4562 d, fuel 523-620 kg
[12:58:04]   depth  4:  300 states (6 in H), t_end 3690-4772 d, fuel 541-646 kg
[12:58:04]   depth  5:  300 states (0 in H), t_end 3855-4830 d, fuel 555-666 kg
[12:58:04]   depth  6:  300 states (0 in H), t_end 4087-4842 d, fuel 584-690 kg
[12:58:04]   depth  7:  300 states (0 in H), t_end 4149-4858 d, fuel 602-716 kg
[12:58:04]   depth  8:  153 states (0 in H), t_end 4284-4857 d, fuel 618-744 kg
[12:58:04]   depth  9:   29 states (0 in H), t_end 4476-4837 d, fuel 674-758 kg
[12:58:04]   depth 10:    1 states (0 in H), t_end 4741-4741 d, fuel 739-739 kg
[12:58:04] candidates: 90 distinct committed target sets (n_new 1-4, potential 0-3)
[12:58:04] frontier: 16 candidates chosen (n fb / committed planner kg / continuation (lookahead) [full]; pot_mode lookahead, pot_cap None): 1fb/487kg/p1(1)[1], 1fb/493kg/p1(1)[1], 1fb/501kg/p3(2)[3], 1fb/510kg/p3(3)[3], 1fb/524kg/p3(1)[3], 1fb/531kg/p3(2)[3], 1fb/558kg/p5(2)[5], 2fb/514kg/p2(2)[2], 2fb/517kg/p1(1)[1], 2fb/569kg/p4(2)[4], 3fb/553kg/p1(1)[1], 3fb/570kg/p1(1)[1], 3fb/586kg/p3(2)[3], 4fb/604kg/p2(2)[2], 4fb/620kg/p1(1)[1], 4fb/630kg/p0(0)[0]
[12:58:04] budget: 322 s of 420 left for the settles + regrids (settle_wall 480)
[12:58:05]     settle 23: 267 @   3672 d -> ok lintwin tank 795.3 (+9.7) miss 86 km (2.0 s)
[12:58:05]     settle 23: 291 @   3397 d -> ok lintwin tank 848.5 (+25.2) miss 63 km (1.3 s)
[12:58:07]     settle 21: 239 @   3692 d -> ok lintwin tank 863.2 (+3.1) miss 61 km (2.4 s)
[12:58:07]     settle 23:  18 @   3524 d -> ok lintwin tank 848.1 (+24.7) miss 56 km (1.6 s)
[12:58:08]     settle 25: 193 @   3504 d -> ok lintwin tank 924.0 (+43.3) miss 70 km (5.2 s)
[12:58:08]     settle 17:  34 @   3455 d -> ok lintwin tank 835.6 (+39.5) miss 3 km (6.6 s)
[12:58:08]     settle 24: 287 @   3491 d -> ok lintwin tank 893.5 (+64.1) miss 74 km (4.1 s)
[12:58:09]     settle 21:  68 @   3417 d -> ok lintwin tank 884.4 (+109.8) miss 58 km (5.3 s)
[12:58:09]     settle 21: 285 @   3665 d -> ok lintwin tank 873.2 (+13.1) miss 60 km (1.9 s)
[12:58:10]     settle 20: 219 @   3487 d -> ok lintwin tank 837.5 (+39.3) miss 74 km (5.4 s)
[12:58:10]     settle 23:  27 @   3620 d -> ok lintwin tank 795.2 (+9.6) miss 71 km (4.7 s)
[12:58:11]     settle 23: 101 @   3566 d -> ok lintwin tank 849.3 (+25.9) miss 55 km (3.0 s)
[12:58:12]     settle 21:  85 @   3433 d -> ok lintwin tank 877.0 (+17.0) miss 66 km (1.9 s)
[12:58:13]     settle 23: 185 @   3504 d -> ok lintwin tank 853.5 (+30.1) miss 67 km (1.2 s)
[12:58:13]     settle 24:  52 @   3514 d -> ok lintwin tank 860.5 (+31.1) miss 75 km (4.0 s)
[12:58:13]     settle 17: 206 @   3347 d -> ok lintwin tank 1086.7 (+290.6) miss 59 km (4.6 s)
[12:58:13]   drift: leg 206@3347 d settled outside (T, T+H] -> column cut at 0
[12:58:14]     settle 25: 208 @   3487 d -> ok lintwin tank 903.1 (+22.3) miss 66 km (5.5 s)
[12:58:14]     settle 24: 172 @   3402 d -> ok lintwin tank 840.6 (+11.1) miss 63 km (1.2 s)
[12:58:15]     settle 21:  91 @   3506 d -> ok lintwin tank 885.0 (+24.9) miss 10 km (2.7 s)
[12:58:15]     settle 20: 215 @   3624 d -> ok lintwin tank 843.7 (+45.6) miss 0 km (4.6 s)
[12:58:15]     settle 21: 119 @   3431 d -> ok lintwin tank 842.2 (+67.6) miss 3 km (6.3 s)
[12:58:16]     settle 23: 133 @   3689 d -> ok lintwin tank 814.1 (+28.5) miss 86 km (5.5 s)
[12:58:17]     settle 21: 270 @   3352 d -> ok lintwin tank 905.6 (+45.5) miss 39 km (1.1 s)
[12:58:18]     settle 25: 103 @   3357 d -> ok lintwin tank 921.8 (+41.1) miss 70 km (3.1 s)
[12:58:18]     settle 17: 265 @   3472 d -> ok lintwin tank 808.5 (+12.4) miss 82 km (4.5 s)
[12:58:18]     settle 21:  91 @   3512 d -> ok lintwin tank 806.3 (+31.7) miss 68 km (2.4 s)
[12:58:19]     settle 23: 119 @   3401 d -> ok lintwin tank 906.0 (+82.6) miss 79 km (5.5 s)
[12:58:19]     settle 24:  99 @   3361 d -> ok lintwin tank 1010.7 (+181.3) miss 38 km (4.2 s)
[12:58:19]     settle 17: 171 @   3452 d -> ok lintwin tank 833.6 (+37.5) miss 13 km (0.8 s)
[12:58:20]     settle 21: 104 @   3496 d -> ok lintwin tank 795.1 (+20.5) miss 68 km (1.6 s)
[12:58:21]     settle 21: 101 @   3571 d -> ok lintwin tank 869.8 (+9.8) miss 80 km (3.9 s)
[12:58:21]     settle 17: 133 @   3702 d -> ok lintwin tank 825.3 (+29.1) miss 6 km (0.8 s)
[12:58:21]     settle 20: 213 @   3417 d -> ok lintwin tank 825.1 (+26.9) miss 69 km (5.2 s)
[12:58:21]     settle 25:  43 @   3482 d -> ok lintwin tank 905.0 (+24.3) miss 62 km (3.1 s)
[12:58:22]     settle 23:  14 @   3373 d -> ok lintwin tank 812.1 (+26.5) miss 65 km (4.0 s)
[12:58:22]     settle 22: 285 @   3665 d -> ok lintwin tank 796.5 (+1.5) miss 94 km (1.6 s)
[12:58:22]     settle 25: 103 @   3677 d -> ok lintwin tank 878.6 (+23.2) miss 50 km (2.7 s)
[12:58:23]     settle 21: 239 @   3347 d -> ok lintwin tank 783.4 (+8.8) miss 17 km (0.4 s)
[12:58:23]     settle 23: 231 @   3339 d -> ok lintwin tank 802.5 (+17.0) miss 24 km (0.7 s)
[12:58:23]     settle 21: 170 @   3291 d -> ok lintwin tank 920.5 (+60.4) miss 63 km (1.8 s)
[12:58:23]     settle 20: 284 @   3476 d -> ok lintwin tank 818.1 (+19.9) miss 76 km (1.6 s)
[12:58:24]     settle 24: 147 @   3565 d -> ok lintwin tank 799.7 (+3.3) miss 38 km (0.4 s)
[12:58:24]     settle 23: 280 @   3364 d -> ok lintwin tank 1069.3 (+246.0) miss 43 km (5.0 s)
[12:58:24]     settle 25: 241 @   3333 d -> ok lintwin tank 912.5 (+31.8) miss 78 km (2.5 s)
[12:58:25]     settle 22: 285 @   3667 d -> ok lintwin tank 794.0 (+10.6) miss 71 km (2.5 s)
[12:58:26]     settle 23:  52 @   3510 d -> ok lintwin tank 837.1 (+13.7) miss 72 km (1.2 s)
[12:58:26]     settle 24: 267 @   3678 d -> ok lintwin tank 802.8 (+6.5) miss 85 km (1.9 s)
[12:58:27]     settle 25:  77 @   3427 d -> ok lintwin tank 885.6 (+4.8) miss 62 km (1.8 s)
[12:58:27]     settle 25: 103 @   3675 d -> ok lintwin tank 887.8 (+23.4) miss 79 km (3.9 s)
[12:58:27]     settle 26: 280 @   3641 d -> ok lintwin tank 890.7 (+5.1) miss 7 km (0.6 s)
[12:58:28]     settle 24:  68 @   3718 d -> ok lintwin tank 848.6 (+11.5) miss 74 km (1.8 s)
[12:58:28]     settle 22: 285 @   3665 d -> ok lintwin tank 890.3 (+13.3) miss 69 km (4.6 s)
[12:58:28]     settle 22: 186 @   3567 d -> ok lintwin tank 813.5 (+4.7) miss 80 km (2.5 s)
[12:58:29]     settle 24: 186 @   3708 d -> ok lintwin tank 805.0 (+12.7) miss 68 km (2.0 s)
[12:58:29]     settle 21: 275 @   3732 d -> ok lintwin tank 817.5 (+8.6) miss 1 km (5.4 s)
[12:58:29]     settle 22: 104 @   3494 d -> ok lintwin tank 807.9 (+6.3) miss 3 km (0.5 s)
[12:58:30]     settle 17: 117 @   3572 d -> ok lintwin tank 818.5 (+22.4) miss 83 km (5.1 s)
[12:58:30]     settle 24: 267 @   3680 d -> ok lintwin tank 799.9 (+9.9) miss 13 km (0.6 s)
[12:58:30]     settle 21: 175 @   3409 d -> ok lintwin tank 872.2 (+12.2) miss 61 km (1.1 s)
[12:58:30]     settle 26:  17 @   3738 d -> ok lintwin tank 899.9 (+14.4) miss 60 km (2.3 s)
[12:58:30]     settle 24: 299 @   3727 d -> ok lintwin tank 853.6 (+16.6) miss 80 km (2.1 s)
[12:58:31]     settle 21: 267 @   3673 d -> ok lintwin tank 828.8 (+4.9) miss 56 km (1.0 s)
[12:58:31]     settle 23: 285 @   3665 d -> ok lintwin tank 822.1 (+14.2) miss 58 km (1.4 s)
[12:58:31]     settle 25: 155 @   3667 d -> ok lintwin tank 885.2 (+17.7) miss 72 km (3.6 s)
[12:58:32]     settle 25: 267 @   3678 d -> ok lintwin tank 804.4 (+4.7) miss 66 km (1.0 s)
[12:58:32]     settle 23: 229 @   3665 d -> ok lintwin tank 829.6 (+16.0) miss 76 km (0.4 s)
[12:58:33]     settle 23: 231 @   3343 d -> ok lintwin tank 802.3 (+16.7) miss 33 km (0.8 s)
[12:58:34]     settle 22: 285 @   3664 d -> ok lintwin tank 882.1 (+9.8) miss 66 km (3.5 s)
[12:58:34]     settle 26: 277 @   3520 d -> ok lintwin tank 902.5 (+16.9) miss 53 km (3.5 s)
[12:58:35]     settle 25: 121 @   3665 d -> ok lintwin tank 885.4 (+17.9) miss 76 km (3.7 s)
[12:58:35]     settle 17: 274 @   3384 d -> ok lintwin tank 846.3 (+50.2) miss 88 km (4.6 s)
[12:58:36]     settle 24:  34 @   3503 d -> ok lintwin tank 841.8 (+39.5) miss 69 km (2.6 s)
[12:58:36]     settle 21: 299 @   3391 d -> ok lintwin tank 804.2 (+29.6) miss 61 km (3.7 s)
[12:58:36]     settle 21: 280 @   3629 d -> ok lintwin tank 839.2 (+10.9) miss 72 km (5.0 s)
[12:58:36]     settle 24: 244 @   3601 d -> ok lintwin tank 921.5 (+58.5) miss 14 km (5.3 s)
[12:58:36]     settle 25: 241 @   3328 d -> ok lintwin tank 913.0 (+32.3) miss 32 km (1.5 s)
[12:58:37]     settle 22: 175 @   3401 d -> ok lintwin tank 943.0 (+22.6) miss 79 km (2.6 s)
[12:58:37]     settle 26: 267 @   3756 d -> ok lintwin tank 904.1 (+18.7) miss 23 km (1.9 s)
[12:58:38]     settle 25: 275 @   3727 d -> ok lintwin tank 841.9 (+0.1) miss 70 km (2.4 s)
[12:58:38]     settle 22: 126 @   3614 d -> ok lintwin tank 806.3 (+2.2) miss 72 km (2.1 s)
[12:58:39]     settle 23:  94 @   3777 d -> ok lintwin tank 824.5 (+18.1) miss 52 km (0.5 s)
[12:58:39]   drift: leg 94@3777 d settled outside (T, T+H] -> column cut at 2
[12:58:39]     settle 22:  46 @   3591 d -> ok lintwin tank 877.6 (+7.8) miss 55 km (1.6 s)
[12:58:39] RESULT s06_c7: 16 columns; frontier 1fb 3 kg p0/3 | 2fb 19 kg p0/2 | 3fb 47 kg p0/2; settles 21 (21 ok), regrids 16 (16 ok); wall 132 s of 420 (plan 64, price 1, settle 68; budget hit None, 0 unsettled)
[12:58:40]     settle 21:  34 @   3515 d -> ok lintwin tank 835.7 (+11.8) miss 67 km (2.9 s)
[12:58:40]     settle 26: 277 @   3520 d -> ok lintwin tank 926.5 (+13.5) miss 70 km (3.2 s)
[12:58:40]     settle 24: 244 @   3604 d -> ok lintwin tank 893.2 (+9.8) miss 76 km (3.4 s)
[12:58:40]     settle 26: 267 @   3759 d -> ok lintwin tank 899.4 (+14.2) miss 68 km (2.7 s)
[12:58:40]     settle 17:  21 @   3461 d -> ok lintwin tank 831.6 (+35.5) miss 86 km (4.1 s)
[12:58:40]     settle 23:  35 @   3733 d -> ok lintwin tank 890.7 (+13.0) miss 44 km (1.4 s)
[12:58:41]     settle 24:  83 @   3623 d -> ok lintwin tank 824.2 (+12.1) miss 76 km (2.3 s)
[12:58:41] RESULT s06_c5: 16 columns; frontier 1fb 11 kg p1/2 | 2fb 49 kg p0/1 | 3fb 70 kg p1/1; settles 17 (17 ok), regrids 16 (16 ok); wall 134 s of 420 (plan 68, price 1, settle 67; budget hit None, 0 unsettled)
[12:58:41]   job s06_c5 craft columns  16  levels 8  settles 17/17  end plan_done  wall 134.2 s
[12:58:41]   job s06_c7 craft columns  16  levels 8  settles 21/21  end plan_done  wall 132.4 s
[12:58:42]     settle 25: 122 @   3702 d -> ok lintwin tank 963.1 (+69.9) miss 65 km (1.9 s)
[12:58:42]     settle 22: 275 @   3729 d -> ok lintwin tank 840.4 (+4.7) miss 96 km (2.6 s)
[12:58:43]     settle 27:  17 @   3738 d -> ok lintwin tank 934.6 (+8.2) miss 60 km (2.8 s)
[12:58:43]     settle 18: 267 @   3671 d -> ok lintwin tank 834.7 (+3.1) miss 79 km (2.5 s)
[12:58:43] RESULT s06_c0: 16 columns; frontier 1fb 4 kg p2/3 | 2fb 10 kg p1/2 | 3fb 53 kg p0/0; settles 19 (19 ok), regrids 16 (16 ok); wall 136 s of 420 (plan 71, price 1, settle 65; budget hit None, 0 unsettled)
[12:58:43]   job s06_c0 craft columns  16  levels 8  settles 19/19  end plan_done  wall 136.3 s
[12:58:43]     settle 25:  17 @   3748 d -> ok lintwin tank 832.2 (+8.1) miss 78 km (2.2 s)
[12:58:43]     settle 22:  91 @   3512 d -> ok lintwin tank 911.0 (+5.4) miss 72 km (2.3 s)
[12:58:44] RESULT s06_c2: 16 columns; frontier 1fb 4 kg p3/3 | 2fb 14 kg p2/3 | 3fb 18 kg p2/2; settles 19 (19 ok), regrids 16 (16 ok); wall 137 s of 420 (plan 90, price 1, settle 46; budget hit None, 0 unsettled)
[12:58:45]   job s06_c2 craft columns  16  levels 9  settles 19/19  end plan_done  wall 136.8 s
[12:58:46]     settle 21: 280 @   3628 d -> ok lintwin tank 863.0 (+25.5) miss 74 km (2.9 s)
[12:58:47]     settle 23: 282 @   3766 d -> ok lintwin tank 927.8 (+16.7) miss 81 km (4.1 s)
[12:58:49]     settle 24:  18 @   3523 d -> ok lintwin tank 914.7 (+31.3) miss 0 km (6.1 s)
[12:58:49]     settle 17: 208 @   3442 d -> ok lintwin tank 809.1 (+12.9) miss 92 km (5.4 s)
[12:58:49]     settle 22: 215 @   3699 d -> ok lam tank 936.6 (+73.6) miss 4 km (3.4 s)
[12:58:50] RESULT s06_c4: 16 columns; frontier 1fb 6 kg p1/3 | 2fb 19 kg p1/3 | 3fb 42 kg p1/1; settles 18 (18 ok), regrids 16 (16 ok); wall 144 s of 420 (plan 68, price 1, settle 75; budget hit None, 0 unsettled)
[12:58:51]   job s06_c4 craft columns  16  levels 8  settles 18/18  end plan_done  wall 143.8 s
[12:58:53]     settle 23:  46 @   3566 d -> ok lintwin tank 978.7 (+35.6) miss 63 km (4.5 s)
[12:58:54]     settle 18: 215 @   3622 d -> ok lintwin tank 832.9 (+23.8) miss 73 km (4.9 s)
[12:58:55]     settle 25: 244 @   3603 d -> ok lintwin tank 1040.4 (+125.8) miss 0 km (6.4 s)
[12:58:57]     settle 18: 133 @   3695 d -> ok lintwin tank 835.6 (+4.1) miss 72 km (1.9 s)
[12:58:57]   2 candidates dropped (settle failure / regrid failure / duplicate after truncation)
[12:58:57] RESULT s06_c1: 14 columns; frontier 1fb 12 kg p2/2 | 2fb 36 kg p1/2; settles 17 (17 ok), regrids 14 (14 ok); wall 150 s of 420 (plan 66, price 1, settle 84; budget hit None, 0 unsettled)
[12:58:58]     settle 24: 122 @   3695 d -> ok lintwin tank 992.6 (+13.9) miss 32 km (4.5 s)
[12:58:59]   job s06_c1 craft columns  14  levels 7  settles 17/17  end plan_done  wall 150.3 s
[12:59:00]     settle 25: 122 @   3706 d -> ok lintwin tank 967.4 (+45.9) miss 59 km (4.1 s)
[12:59:01] RESULT s06_c6: 16 columns; frontier 1fb 6 kg p2/3 | 2fb 25 kg p1/2 | 3fb 139 kg p1/2; settles 19 (19 ok), regrids 16 (16 ok); wall 154 s of 420 (plan 86, price 1, settle 68; budget hit None, 0 unsettled)
[12:59:01]     settle 23: 101 @   3597 d -> ok lintwin tank 971.3 (+28.3) miss 63 km (2.9 s)
[12:59:01]   job s06_c6 craft columns  16  levels 9  settles 19/19  end plan_done  wall 153.9 s
[12:59:04]     settle 24: 122 @   3717 d -> ok lintwin tank 969.1 (+-2.2) miss 63 km (3.2 s)
[12:59:07]     settle 22: 175 @   3396 d -> ok lintwin tank 943.0 (+22.6) miss 77 km (1.8 s)
[12:59:11]     settle 23:  22 @   3645 d -> ok lintwin tank 987.3 (+44.2) miss 73 km (4.6 s)
[12:59:16]     settle 24: 267 @   3769 d -> ok lintwin tank 1010.4 (+23.1) miss 63 km (4.2 s)
[12:59:16] RESULT s06_c3: 16 columns; frontier 1fb 3 kg p1/3 | 2fb 22 kg p1/2 | 3fb 30 kg p1/2 | 4fb 109 kg p1/2; settles 22 (22 ok), regrids 16 (16 ok); wall 169 s of 420 (plan 97, price 1, settle 72; budget hit None, 0 unsettled)
[12:59:17]   job s06_c3 craft columns  16  levels 10  settles 22/22  end plan_done  wall 169.3 s
[12:59:17] [slice 6] propose: 126 columns (0 bad dropped) in 170.4 s
[12:59:17] [slice 6] auction: 126 columns, kept 121, dropped {'ramp': 5}; lam 1.00 H_eff 540 d fuel budget 482 kg quota on
[12:59:17] [slice 6] auction: status optimal objective 30.438 vars 121 rows 56 chosen 8 fuel 469/482 kg (0.021 s)
[12:59:19] [slice 6] claims: c1:1 c2:2 c3:1 c4:1 c6:2 c7:1  (8 targets: 0 kept, 8 new; 10 released, 0 expired (ttl 4), 1 conflicts)
[12:59:19] [slice 6] fuel dual: lam 1.000 -> 1.500 (chosen 469 / budget 482 kg, ramp drops 5 of 126)
[12:59:19] [slice 6 T=3240 d] launched 8/8  covered 188  remaining 110  fuel 2216 kg  sumJi 9.9086  chosen: c0:3(+53) c1:2(+39) c2:3(+18) c3:3(+67) c4:3(+42) c5:2(+49) c6:3(+144) c7:3(+55)  rejected: -  (wall 172 s)
[12:59:19] [slice 7] claims in force: c1:1 c2:2 c3:1 c4:1 c6:2 c7:1  (8 targets; claim_bonus 1.0, ttl 4)
[12:59:19]   c0: claims: 0 own (prized +1.0), 8 claimed by others withheld
[12:59:19]   c1: claims: 1 own (prized +1.0), 7 claimed by others withheld
[12:59:19]   c2: claims: 2 own (prized +1.0), 6 claimed by others withheld
[12:59:19]   c3: claims: 1 own (prized +1.0), 7 claimed by others withheld
[12:59:19]   c4: claims: 1 own (prized +1.0), 7 claimed by others withheld
[12:59:19]   c5: claims: 0 own (prized +1.0), 8 claimed by others withheld
[12:59:19]   c6: claims: 2 own (prized +1.0), 6 claimed by others withheld
[12:59:19]   c7: claims: 1 own (prized +1.0), 7 claimed by others withheld
[12:59:19] [slice 7 T=3780 d] propose: 8 jobs (8 craft, 0 root) on 9 workers, proposer planbeam, H_eff 540 d, lam 1.5
[12:59:19] job s07_c0 (craft, craft 0, planbeam): T 3780 d H 540 L 360; plan horizon 5400 d; remaining 102; prize >1 on 94; width 300 npt 6 mc 150 dv 1.2 drmax 0.15 plan_wall 300 s; quota None
[12:59:19] job s07_c1 (craft, craft 1, planbeam): T 3780 d H 540 L 360; plan horizon 5400 d; remaining 103; prize >1 on 95; width 300 npt 6 mc 150 dv 1.2 drmax 0.15 plan_wall 300 s; quota None
[12:59:19] job s07_c2 (craft, craft 2, planbeam): T 3780 d H 540 L 360; plan horizon 5400 d; remaining 104; prize >1 on 96; width 300 npt 6 mc 150 dv 1.2 drmax 0.15 plan_wall 300 s; quota None
[12:59:19] job s07_c3 (craft, craft 3, planbeam): T 3780 d H 540 L 360; plan horizon 5400 d; remaining 103; prize >1 on 95; width 300 npt 6 mc 150 dv 1.2 drmax 0.15 plan_wall 300 s; quota None
[12:59:19] job s07_c4 (craft, craft 4, planbeam): T 3780 d H 540 L 360; plan horizon 5400 d; remaining 103; prize >1 on 95; width 300 npt 6 mc 150 dv 1.2 drmax 0.15 plan_wall 300 s; quota None
[12:59:19] job s07_c5 (craft, craft 5, planbeam): T 3780 d H 540 L 360; plan horizon 5400 d; remaining 102; prize >1 on 94; width 300 npt 6 mc 150 dv 1.2 drmax 0.15 plan_wall 300 s; quota None
[12:59:19] job s07_c6 (craft, craft 6, planbeam): T 3780 d H 540 L 360; plan horizon 5400 d; remaining 104; prize >1 on 96; width 300 npt 6 mc 150 dv 1.2 drmax 0.15 plan_wall 300 s; quota None
[12:59:19] job s07_c7 (craft, craft 7, planbeam): T 3780 d H 540 L 360; plan horizon 5400 d; remaining 103; prize >1 on 95; width 300 npt 6 mc 150 dv 1.2 drmax 0.15 plan_wall 300 s; quota None
[12:59:19] prefix slices/s07/in/craft_4.npz: 22 flybys, t_end 3728.0 d, tank 840.4 kg (planner view), miss 58.5 km, nreg 185
[12:59:19] budget: job_wall 420 s, 420 s left before the plan -> plan cap 300 s (plan_wall 300, settle_reserve 90)
[12:59:19] prefix slices/s07/in/craft_2.npz: 25 flybys, t_end 3678.2 d, tank 804.0 kg (planner view), miss 1.9 km, nreg 185
[12:59:19] budget: job_wall 420 s, 420 s left before the plan -> plan cap 300 s (plan_wall 300, settle_reserve 90)
[12:59:19] prefix slices/s07/in/craft_3.npz: 23 flybys, t_end 3768.5 d, tank 927.6 kg (planner view), miss 76.5 km, nreg 187
[12:59:19] budget: job_wall 420 s, 420 s left before the plan -> plan cap 300 s (plan_wall 300, settle_reserve 90)
[12:59:19] prefix slices/s07/in/craft_7.npz: 23 flybys, t_end 3666.9 d, tank 829.2 kg (planner view), miss 55.5 km, nreg 173
[12:59:19] prefix slices/s07/in/craft_6.npz: 25 flybys, t_end 3694.6 d, tank 967.3 kg (planner view), miss 4.6 km, nreg 178
[12:59:19] budget: job_wall 420 s, 420 s left before the plan -> plan cap 300 s (plan_wall 300, settle_reserve 90)
[12:59:19] budget: job_wall 420 s, 420 s left before the plan -> plan cap 300 s (plan_wall 300, settle_reserve 90)
[12:59:19] prefix slices/s07/in/craft_5.npz: 25 flybys, t_end 3676.0 d, tank 878.2 kg (planner view), miss 2.9 km, nreg 180
[12:59:19] budget: job_wall 420 s, 420 s left before the plan -> plan cap 300 s (plan_wall 300, settle_reserve 90)
[12:59:19] prefix slices/s07/in/craft_1.npz: 18 flybys, t_end 3692.7 d, tank 835.6 kg (planner view), miss 23.5 km, nreg 187
[12:59:19] budget: job_wall 420 s, 420 s left before the plan -> plan cap 300 s (plan_wall 300, settle_reserve 90)
[12:59:19] prefix slices/s07/in/craft_0.npz: 27 flybys, t_end 3738.8 d, tank 933.8 kg (planner view), miss 2.3 km, nreg 189
[12:59:19] budget: job_wall 420 s, 420 s left before the plan -> plan cap 300 s (plan_wall 300, settle_reserve 90)
[12:59:38] first level (both): 0 production + 36 relaxed (dv 2.5, 0.3 AU; 0.0 s) + 24 lintwin children -> 41 unique (19.1 s)
[12:59:38] plan start: prefix 22 flybys, t_end 3728.0 d, planner mass 1145.2 kg (dv 13.118 km/s); 41 first-level states
[12:59:39] first level (both): 0 production + 57 relaxed (dv 2.5, 0.3 AU; 0.0 s) + 32 lintwin children -> 56 unique (19.8 s)
[12:59:39] plan start: prefix 25 flybys, t_end 3678.2 d, planner mass 1197.0 kg (dv 11.382 km/s); 56 first-level states
[12:59:39] first level (both): 0 production + 21 relaxed (dv 2.5, 0.3 AU; 0.0 s) + 15 lintwin children -> 25 unique (19.8 s)
[12:59:39] plan start: prefix 23 flybys, t_end 3768.5 d, planner mass 1037.6 kg (dv 16.990 km/s); 25 first-level states
[12:59:39] first level (both): 0 production + 22 relaxed (dv 2.5, 0.3 AU; 0.0 s) + 21 lintwin children -> 31 unique (20.0 s)
[12:59:39] plan start: prefix 25 flybys, t_end 3694.6 d, planner mass 994.9 kg (dv 18.637 km/s); 31 first-level states
[12:59:39] first level (both): 0 production + 21 relaxed (dv 2.5, 0.3 AU; 0.0 s) + 22 lintwin children -> 28 unique (20.1 s)
[12:59:39] plan start: prefix 23 flybys, t_end 3666.9 d, planner mass 1160.7 kg (dv 12.592 km/s); 28 first-level states
[12:59:40] first level (both): 0 production + 13 relaxed (dv 2.5, 0.3 AU; 0.0 s) + 37 lintwin children -> 42 unique (20.5 s)
[12:59:40] plan start: prefix 25 flybys, t_end 3676.0 d, planner mass 1095.9 kg (dv 14.846 km/s); 42 first-level states
[12:59:40] first level (both): 0 production + 20 relaxed (dv 2.5, 0.3 AU; 0.0 s) + 31 lintwin children -> 40 unique (20.7 s)
[12:59:40] plan start: prefix 27 flybys, t_end 3738.8 d, planner mass 1030.6 kg (dv 17.254 km/s); 40 first-level states
[12:59:40] first level (both): 0 production + 23 relaxed (dv 2.5, 0.3 AU; 0.0 s) + 22 lintwin children -> 30 unique (20.9 s)
[12:59:40] plan start: prefix 18 flybys, t_end 3692.7 d, planner mass 1151.8 kg (dv 12.894 km/s); 30 first-level states
[12:59:47] plan: 260 states, depth 7 new flybys, end plan_done (27 s); deepest 7 new to 5399 d at planner fuel 660 kg
[12:59:47]   depth  1:   28 states (25 in H), t_end 3819-4414 d, fuel 443-525 kg
[12:59:47]   depth  2:   42 states (13 in H), t_end 3940-4973 d, fuel 473-549 kg
[12:59:47]   depth  3:   50 states (3 in H), t_end 4127-5348 d, fuel 489-579 kg
[12:59:47]   depth  4:   54 states (0 in H), t_end 4507-5348 d, fuel 499-605 kg
[12:59:47]   depth  5:   62 states (0 in H), t_end 4803-5388 d, fuel 526-635 kg
[12:59:47]   depth  6:   23 states (0 in H), t_end 5044-5368 d, fuel 569-654 kg
[12:59:47]   depth  7:    1 states (0 in H), t_end 5399-5399 d, fuel 660-660 kg
[12:59:47] candidates: 33 distinct committed target sets (n_new 1-3, potential 0-2)
[12:59:47] frontier: 16 candidates chosen (n fb / committed planner kg / continuation (lookahead) [full]; pot_mode lookahead, pot_cap None): 1fb/443kg/p0(0)[0], 1fb/458kg/p3(1)[3], 1fb/467kg/p2(0)[2], 1fb/473kg/p2(2)[2], 1fb/498kg/p2(1)[2], 1fb/502kg/p3(2)[3], 1fb/512kg/p2(2)[2], 1fb/514kg/p2(2)[2], 1fb/516kg/p3(1)[3], 1fb/516kg/p2(2)[2], 2fb/492kg/p1(0)[1], 2fb/492kg/p0(0)[0], 2fb/494kg/p2(1)[2], 3fb/519kg/p1(1)[1], 3fb/526kg/p0(0)[0], 3fb/564kg/p1(1)[1]
[12:59:47] budget: 393 s of 420 left for the settles + regrids (settle_wall 480)
[12:59:48]     settle 24:  29 @   4125 d -> ok lintwin tank 832.1 (+2.9) miss 60 km (0.9 s)
[12:59:51]     settle 24:  32 @   3858 d -> ok lintwin tank 835.9 (+6.7) miss 78 km (2.6 s)
[12:59:53]     settle 24:  62 @   3820 d -> ok lintwin tank 846.6 (+17.4) miss 64 km (1.8 s)
[12:59:56] plan: 682 states, depth 8 new flybys, end plan_done (37 s); deepest 8 new to 5399 d at planner fuel 646 kg
[12:59:56]   depth  1:   41 states (36 in H), t_end 3841-4636 d, fuel 475-535 kg
[12:59:56]   depth  2:   72 states (16 in H), t_end 3931-4785 d, fuel 494-565 kg
[12:59:56]   depth  3:  105 states (2 in H), t_end 4301-5321 d, fuel 507-598 kg
[12:59:56]   depth  4:  192 states (0 in H), t_end 4491-5400 d, fuel 527-622 kg
[12:59:56]   depth  5:  147 states (0 in H), t_end 4768-5400 d, fuel 556-651 kg
[12:59:56]   depth  6:   88 states (0 in H), t_end 4993-5400 d, fuel 592-667 kg
[12:59:56]   depth  7:   35 states (0 in H), t_end 5038-5400 d, fuel 616-694 kg
[12:59:56]   depth  8:    2 states (0 in H), t_end 5254-5399 d, fuel 646-663 kg
[12:59:56] candidates: 27 distinct committed target sets (n_new 1-3, potential 0-3)
[12:59:56] frontier: 16 candidates chosen (n fb / committed planner kg / continuation (lookahead) [full]; pot_mode lookahead, pot_cap None): 1fb/475kg/p1(0)[1], 1fb/476kg/p0(0)[0], 1fb/480kg/p3(2)[3], 1fb/486kg/p3(2)[3], 1fb/496kg/p2(2)[2], 1fb/500kg/p2(2)[2], 1fb/504kg/p3(2)[3], 1fb/505kg/p3(1)[3], 1fb/509kg/p2(2)[2], 1fb/525kg/p3(2)[3], 1fb/532kg/p3(3)[3], 2fb/494kg/p0(0)[0], 2fb/499kg/p0(0)[0], 2fb/510kg/p2(2)[2], 2fb/515kg/p2(2)[2], 3fb/537kg/p1(1)[1]
[12:59:56] budget: 383 s of 420 left for the settles + regrids (settle_wall 480)
[12:59:59] plan: 746 states, depth 9 new flybys, end plan_done (40 s); deepest 9 new to 5400 d at planner fuel 715 kg
[12:59:59]   depth  1:   30 states (23 in H), t_end 3806-4444 d, fuel 459-535 kg
[12:59:59]   depth  2:   57 states (13 in H), t_end 3963-4897 d, fuel 487-565 kg
[12:59:59]   depth  3:   96 states (6 in H), t_end 4188-5216 d, fuel 498-598 kg
[12:59:59]   depth  4:  153 states (0 in H), t_end 4363-5374 d, fuel 509-629 kg
[12:59:59]   depth  5:  162 states (0 in H), t_end 4479-5397 d, fuel 537-646 kg
[12:59:59]   depth  6:  125 states (0 in H), t_end 4768-5396 d, fuel 592-673 kg
[12:59:59]   depth  7:   94 states (0 in H), t_end 4972-5398 d, fuel 611-682 kg
[12:59:59]   depth  8:   28 states (0 in H), t_end 5193-5400 d, fuel 622-703 kg
[12:59:59]   depth  9:    1 states (0 in H), t_end 5400-5400 d, fuel 715-715 kg
[12:59:59] candidates: 25 distinct committed target sets (n_new 1-3, potential 0-2)
[12:59:59] frontier: 16 candidates chosen (n fb / committed planner kg / continuation (lookahead) [full]; pot_mode lookahead, pot_cap None): 1fb/459kg/p2(1)[2], 1fb/467kg/p1(1)[1], 1fb/472kg/p2(1)[2], 1fb/478kg/p1(1)[1], 1fb/490kg/p2(2)[2], 1fb/494kg/p1(1)[1], 1fb/523kg/p4(2)[4], 1fb/531kg/p3(2)[3], 1fb/535kg/p3(2)[3], 2fb/493kg/p1(1)[1], 2fb/508kg/p1(1)[1], 2fb/538kg/p3(2)[3], 2fb/544kg/p3(2)[3], 3fb/552kg/p1(1)[1], 3fb/569kg/p2(2)[2], 3fb/577kg/p2(2)[2]
[12:59:59] budget: 380 s of 420 left for the settles + regrids (settle_wall 480)
[13:00:00]     settle 19: 170 @   4018 d -> ok lintwin tank 843.4 (+7.8) miss 36 km (1.4 s)
[13:00:01]     settle 23:  57 @   3935 d -> ok lintwin tank 858.7 (+18.3) miss 34 km (4.5 s)
[13:00:01]     settle 24:   3 @   4302 d -> ok lintwin tank 848.9 (+19.7) miss 61 km (7.1 s)
[13:00:04]     settle 24:  31 @   3938 d -> ok lintwin tank 855.3 (+26.1) miss 67 km (2.3 s)
[13:00:05]     settle 23: 184 @   3985 d -> ok lintwin tank 848.7 (+8.4) miss 51 km (3.2 s)
[13:00:06]     settle 19:   3 @   4307 d -> ok lintwin tank 852.7 (+17.1) miss 74 km (4.9 s)
[13:00:09] plan: 1103 states, depth 8 new flybys, end plan_done (50 s); deepest 8 new to 5365 d at planner fuel 750 kg
[13:00:09]   depth  1:   25 states (20 in H), t_end 3854-4438 d, fuel 577-637 kg
[13:00:09]   depth  2:   61 states (4 in H), t_end 4050-4957 d, fuel 596-656 kg
[13:00:09]   depth  3:  175 states (0 in H), t_end 4398-5373 d, fuel 606-682 kg
[13:00:09]   depth  4:  300 states (0 in H), t_end 4500-5382 d, fuel 620-712 kg
[13:00:09]   depth  5:  300 states (0 in H), t_end 4580-5399 d, fuel 627-729 kg
[13:00:09]   depth  6:  185 states (0 in H), t_end 4865-5399 d, fuel 641-749 kg
[13:00:09]   depth  7:   50 states (0 in H), t_end 5059-5400 d, fuel 656-764 kg
[13:00:09]   depth  8:    7 states (0 in H), t_end 5209-5400 d, fuel 750-762 kg
[13:00:09] candidates: 15 distinct committed target sets (n_new 1-2, potential 0-3)
[13:00:09] frontier: 15 candidates chosen (n fb / committed planner kg / continuation (lookahead) [full]; pot_mode lookahead, pot_cap None): 1fb/581kg/p3(2)[3], 1fb/589kg/p0(0)[0], 1fb/603kg/p3(2)[3], 1fb/608kg/p2(2)[2], 1fb/611kg/p3(3)[3], 1fb/611kg/p1(1)[1], 1fb/613kg/p1(1)[1], 1fb/622kg/p0(0)[0], 1fb/622kg/p1(1)[1], 1fb/637kg/p4(3)[4], 1fb/637kg/p0(0)[0], 2fb/601kg/p2(2)[2], 2fb/614kg/p1(1)[1], 2fb/630kg/p2(2)[2], 2fb/644kg/p3(3)[3]
[13:00:09] budget: 370 s of 420 left for the settles + regrids (settle_wall 480)
[13:00:10]     settle 23:  51 @   3881 d -> ok lintwin tank 886.6 (+46.2) miss 80 km (4.5 s)
[13:00:11]     settle 24:  69 @   4060 d -> ok lam tank 909.1 (+79.9) miss 4 km (5.9 s)
[13:00:11]     settle 19:  87 @   4026 d -> ok lintwin tank 855.2 (+19.6) miss 80 km (3.7 s)
[13:00:12] plan: 1185 states, depth 10 new flybys, end plan_done (53 s); deepest 10 new to 5242 d at planner fuel 822 kg
[13:00:12]   depth  1:   31 states (27 in H), t_end 3791-4423 d, fuel 621-675 kg
[13:00:12]   depth  2:   71 states (11 in H), t_end 4088-4973 d, fuel 625-702 kg
[13:00:12]   depth  3:  174 states (8 in H), t_end 4150-5261 d, fuel 631-728 kg
[13:00:12]   depth  4:  300 states (4 in H), t_end 4285-5377 d, fuel 647-751 kg
[13:00:12]   depth  5:  300 states (0 in H), t_end 4415-5400 d, fuel 666-769 kg
[13:00:12]   depth  6:  198 states (0 in H), t_end 4530-5400 d, fuel 709-793 kg
[13:00:12]   depth  7:   63 states (0 in H), t_end 4704-5398 d, fuel 728-807 kg
[13:00:12]   depth  8:   27 states (0 in H), t_end 4769-5366 d, fuel 733-817 kg
[13:00:12]   depth  9:   11 states (0 in H), t_end 5046-5333 d, fuel 802-827 kg
[13:00:12]   depth 10:   10 states (0 in H), t_end 5191-5347 d, fuel 822-848 kg
[13:00:12] candidates: 32 distinct committed target sets (n_new 1-4, potential 0-2)
[13:00:12] frontier: 16 candidates chosen (n fb / committed planner kg / continuation (lookahead) [full]; pot_mode lookahead, pot_cap None): 1fb/621kg/p1(1)[1], 1fb/623kg/p2(2)[2], 1fb/630kg/p2(2)[2], 1fb/636kg/p2(2)[2], 1fb/643kg/p2(1)[2], 1fb/648kg/p3(2)[3], 1fb/654kg/p2(2)[2], 1fb/671kg/p5(2)[5], 2fb/651kg/p2(2)[2], 2fb/672kg/p1(1)[1], 2fb/678kg/p4(2)[4], 3fb/689kg/p3(2)[3], 3fb/700kg/p1(1)[1], 3fb/703kg/p1(1)[1], 4fb/713kg/p2(2)[2], 4fb/719kg/p0(0)[0]
[13:00:12] budget: 367 s of 420 left for the settles + regrids (settle_wall 480)
[13:00:14]     settle 24: 172 @   3929 d -> ok lintwin tank 965.2 (+37.7) miss 70 km (4.2 s)
[13:00:15] plan: 1122 states, depth 8 new flybys, end plan_done (56 s); deepest 8 new to 5341 d at planner fuel 764 kg
[13:00:15]   depth  1:   40 states (31 in H), t_end 3852-4444 d, fuel 584-644 kg
[13:00:15]   depth  2:  115 states (31 in H), t_end 4060-4802 d, fuel 591-668 kg
[13:00:15]   depth  3:  300 states (18 in H), t_end 4266-5197 d, fuel 610-694 kg
[13:00:15]   depth  4:  300 states (0 in H), t_end 4424-5399 d, fuel 630-720 kg
[13:00:15]   depth  5:  220 states (0 in H), t_end 4581-5398 d, fuel 664-746 kg
[13:00:15]   depth  6:  111 states (0 in H), t_end 4893-5399 d, fuel 677-756 kg
[13:00:15]   depth  7:   33 states (0 in H), t_end 5103-5399 d, fuel 706-772 kg
[13:00:15]   depth  8:    3 states (0 in H), t_end 5334-5341 d, fuel 764-776 kg
[13:00:15] candidates: 43 distinct committed target sets (n_new 1-3, potential 0-3)
[13:00:15] frontier: 16 candidates chosen (n fb / committed planner kg / continuation (lookahead) [full]; pot_mode lookahead, pot_cap None): 1fb/597kg/p2(2)[2], 1fb/599kg/p4(3)[4], 1fb/601kg/p2(2)[2], 1fb/610kg/p2(2)[2], 1fb/615kg/p2(2)[2], 1fb/616kg/p3(3)[3], 1fb/618kg/p4(3)[4], 1fb/618kg/p2(2)[2], 1fb/630kg/p3(1)[3], 1fb/630kg/p4(3)[4], 2fb/614kg/p1(0)[1], 2fb/616kg/p2(1)[2], 2fb/629kg/p3(3)[3], 3fb/633kg/p0(0)[0], 3fb/639kg/p0(0)[0], 3fb/645kg/p1(1)[1]
[13:00:15] budget: 364 s of 420 left for the settles + regrids (settle_wall 480)
[13:00:16]     settle 23:  69 @   3937 d -> ok lintwin tank 870.2 (+29.8) miss 55 km (5.3 s)
[13:00:18]     settle 24: 239 @   4046 d -> ok lintwin tank 952.7 (+25.2) miss 76 km (2.2 s)
[13:00:19]     settle 26:   3 @   4278 d -> ok lintwin tank 975.3 (+8.0) miss 65 km (6.4 s)
[13:00:20]     settle 28:  68 @   4171 d -> ok lintwin tank 950.8 (+16.9) miss 80 km (4.3 s)
[13:00:20]     settle 19: 271 @   4124 d -> ok lintwin tank 862.9 (+27.3) miss 38 km (7.7 s)
[13:00:21]     settle 23: 155 @   4011 d -> ok lintwin tank 918.4 (+78.0) miss 67 km (4.8 s)
[13:00:22]     settle 24:  87 @   3999 d -> ok lintwin tank 940.5 (+13.0) miss 54 km (3.1 s)
[13:00:22]     settle 23: 107 @   3933 d -> ok lintwin tank 858.8 (+18.4) miss 52 km (0.8 s)
[13:00:23] plan: 1489 states, depth 9 new flybys, end plan_done (64 s); deepest 9 new to 5264 d at planner fuel 660 kg
[13:00:23]   depth  1:   42 states (31 in H), t_end 3815-4433 d, fuel 511-580 kg
[13:00:23]   depth  2:  146 states (25 in H), t_end 4042-5033 d, fuel 517-609 kg
[13:00:23]   depth  3:  300 states (3 in H), t_end 4296-5346 d, fuel 535-641 kg
[13:00:23]   depth  4:  300 states (0 in H), t_end 4463-5397 d, fuel 542-659 kg
[13:00:23]   depth  5:  300 states (0 in H), t_end 4584-5392 d, fuel 562-688 kg
[13:00:23]   depth  6:  269 states (0 in H), t_end 4719-5381 d, fuel 572-677 kg
[13:00:23]   depth  7:  119 states (0 in H), t_end 4919-5382 d, fuel 598-693 kg
[13:00:23]   depth  8:   11 states (0 in H), t_end 5126-5266 d, fuel 630-679 kg
[13:00:23]   depth  9:    2 states (0 in H), t_end 5264-5266 d, fuel 660-662 kg
[13:00:23] candidates: 42 distinct committed target sets (n_new 1-3, potential 0-3)
[13:00:23] frontier: 16 candidates chosen (n fb / committed planner kg / continuation (lookahead) [full]; pot_mode lookahead, pot_cap None): 1fb/511kg/p4(3)[4], 1fb/513kg/p4(2)[4], 1fb/513kg/p1(1)[1], 1fb/521kg/p3(2)[3], 1fb/530kg/p3(2)[3], 1fb/531kg/p3(2)[3], 1fb/539kg/p3(3)[3], 1fb/556kg/p3(2)[3], 1fb/574kg/p3(2)[3], 2fb/528kg/p3(2)[3], 2fb/536kg/p0(0)[0], 2fb/538kg/p2(2)[2], 2fb/544kg/p3(3)[3], 3fb/549kg/p2(2)[2], 3fb/560kg/p0(0)[0], 3fb/593kg/p1(1)[1]
[13:00:23] budget: 356 s of 420 left for the settles + regrids (settle_wall 480)
[13:00:24]     settle 19: 239 @   4063 d -> ok lintwin tank 843.9 (+8.3) miss 78 km (3.2 s)
[13:00:24] plan: 1523 states, depth 9 new flybys, end plan_done (65 s); deepest 9 new to 5368 d at planner fuel 675 kg
[13:00:24]   depth  1:   56 states (54 in H), t_end 3847-4401 d, fuel 411-488 kg
[13:00:24]   depth  2:  150 states (62 in H), t_end 3956-4845 d, fuel 430-512 kg
[13:00:24]   depth  3:  300 states (41 in H), t_end 4074-5177 d, fuel 434-545 kg
[13:00:24]   depth  4:  300 states (9 in H), t_end 4256-5357 d, fuel 459-569 kg
[13:00:24]   depth  5:  300 states (0 in H), t_end 4508-5375 d, fuel 498-589 kg
[13:00:24]   depth  6:  267 states (0 in H), t_end 4778-5398 d, fuel 512-614 kg
[13:00:24]   depth  7:  124 states (0 in H), t_end 5009-5400 d, fuel 549-641 kg
[13:00:24]   depth  8:   25 states (0 in H), t_end 5197-5399 d, fuel 589-644 kg
[13:00:24]   depth  9:    1 states (0 in H), t_end 5368-5368 d, fuel 675-675 kg
[13:00:24] candidates: 93 distinct committed target sets (n_new 1-4, potential 0-3)
[13:00:24] frontier: 16 candidates chosen (n fb / committed planner kg / continuation (lookahead) [full]; pot_mode lookahead, pot_cap None): 1fb/411kg/p1(1)[1], 1fb/413kg/p4(1)[4], 1fb/413kg/p2(2)[2], 1fb/416kg/p3(2)[3], 1fb/417kg/p3(3)[3], 1fb/429kg/p4(2)[4], 1fb/435kg/p4(3)[4], 2fb/439kg/p2(2)[2], 2fb/440kg/p3(1)[3], 2fb/440kg/p1(1)[1], 3fb/463kg/p0(0)[0], 3fb/465kg/p1(1)[1], 3fb/466kg/p2(1)[2], 4fb/485kg/p0(0)[0], 4fb/498kg/p1(1)[1], 4fb/525kg/p0(0)[0]
[13:00:24] budget: 355 s of 420 left for the settles + regrids (settle_wall 480)
[13:00:24]     settle 26: 260 @   3963 d -> ok lintwin tank 975.6 (+8.3) miss 72 km (4.4 s)
[13:00:25]     settle 28: 212 @   3852 d -> ok lintwin tank 961.2 (+27.4) miss 79 km (4.2 s)
[13:00:25]     settle 26:  71 @   3963 d -> ok lintwin tank 808.7 (+4.7) miss 62 km (1.2 s)
[13:00:26]     settle 26: 200 @   4156 d -> ok lintwin tank 882.6 (+4.4) miss 67 km (2.7 s)
[13:00:26]     settle 26:  51 @   3878 d -> ok lintwin tank 809.8 (+5.8) miss 15 km (0.5 s)
[13:00:28]     settle 23: 165 @   3868 d -> ok lintwin tank 852.2 (+11.9) miss 73 km (5.0 s)
[13:00:28]     settle 26: 260 @   3868 d -> ok lintwin tank 884.4 (+6.2) miss 32 km (1.2 s)
[13:00:28]     settle 24:   3 @   4269 d -> ok lintwin tank 949.8 (+22.2) miss 48 km (6.1 s)
[13:00:30]     settle 28:  53 @   4148 d -> ok lintwin tank 947.8 (+14.0) miss 70 km (4.8 s)
[13:00:30]     settle 19: 240 @   4077 d -> ok lintwin tank 1007.3 (+171.7) miss 17 km (5.7 s)
[13:00:30]     settle 26: 208 @   4308 d -> ok lintwin tank 828.1 (+24.1) miss 47 km (3.4 s)
[13:00:31]     settle 26: 271 @   4110 d -> ok lintwin tank 977.0 (+9.7) miss 35 km (6.0 s)
[13:00:32]     settle 24:  68 @   4293 d -> ok lintwin tank 945.8 (+116.6) miss 69 km (7.5 s)
[13:00:34]     settle 26: 156 @   4311 d -> ok lintwin tank 885.8 (+7.6) miss 68 km (4.8 s)
[13:00:34]     settle 26:  69 @   3958 d -> ok lintwin tank 835.4 (+31.4) miss 69 km (3.1 s)
[13:00:35]     settle 24: 180 @   4069 d -> ok lintwin tank 945.1 (+17.6) miss 69 km (5.5 s)
[13:00:36]     settle 23: 161 @   3896 d -> ok lintwin tank 873.7 (+33.3) miss 1 km (7.2 s)
[13:00:36]     settle 26: 299 @   4122 d -> ok lintwin tank 891.4 (+13.2) miss 55 km (1.7 s)
[13:00:36]     settle 26: 125 @   4072 d -> ok lintwin tank 808.9 (+4.9) miss 51 km (1.5 s)
[13:00:38]     settle 23:   4 @   3983 d -> ok lintwin tank 880.0 (+39.6) miss 18 km (1.4 s)
[13:00:38]     settle 28: 187 @   4091 d -> ok lintwin tank 974.0 (+40.2) miss 69 km (7.2 s)
[13:00:38]     settle 26: 240 @   3847 d -> ok lintwin tank 835.0 (+31.0) miss 34 km (0.9 s)
[13:00:38]     settle 26:  45 @   4047 d -> ok lintwin tank 986.6 (+19.2) miss 31 km (6.5 s)
[13:00:38]     settle 24:  71 @   3938 d -> ok lintwin tank 867.0 (+37.8) miss 62 km (5.5 s)
[13:00:38]     settle 19: 224 @   3909 d -> ok lintwin tank 895.1 (+59.5) miss 54 km (7.0 s)
[13:00:40]     settle 26:   1 @   4078 d -> ok lintwin tank 916.1 (+37.9) miss 56 km (2.8 s)
[13:00:40]     settle 26: 161 @   3895 d -> ok lintwin tank 833.3 (+29.3) miss 29 km (1.4 s)
[13:00:42]     settle 26:  87 @   3891 d -> ok lintwin tank 900.3 (+22.1) miss 75 km (2.2 s)
[13:00:43]     settle 24:  29 @   4133 d -> ok lintwin tank 961.6 (+34.0) miss 91 km (8.0 s)
[13:00:43]     settle 23:  71 @   3953 d -> ok lintwin tank 857.5 (+17.2) miss 79 km (5.2 s)
[13:00:44]     settle 19: 165 @   3878 d -> ok lintwin tank 866.1 (+30.5) miss 72 km (3.9 s)
[13:00:44]     settle 27: 104 @   4138 d -> ok lintwin tank 855.8 (+20.4) miss 69 km (3.3 s)
[13:00:44]     settle 28:  55 @   4162 d -> ok lintwin tank 949.3 (+15.5) miss 67 km (5.8 s)
[13:00:45]     settle 26:  87 @   3998 d -> ok lintwin tank 1000.4 (+33.1) miss 28 km (6.1 s)
[13:00:45]     settle 27:  71 @   3963 d -> ok lintwin tank 814.2 (+4.4) miss 15 km (0.5 s)
[13:00:46]     settle 24:  13 @   3963 d -> ok lintwin tank 908.1 (+78.9) miss 5 km (7.2 s)
[13:00:47]     settle 19:  71 @   3818 d -> ok lintwin tank 854.3 (+18.7) miss 81 km (2.5 s)
[13:00:48]     settle 28:  13 @   4101 d -> ok lintwin tank 964.4 (+30.5) miss 57 km (3.4 s)
[13:00:49]     settle 20:   3 @   4291 d -> ok lintwin tank 855.5 (+12.0) miss 74 km (1.8 s)
[13:00:50]     settle 27: 104 @   4139 d -> ok lintwin tank 826.0 (+16.3) miss 62 km (4.2 s)
[13:00:50]     settle 26: 187 @   4084 d -> ok lintwin tank 893.5 (+15.3) miss 68 km (6.6 s)
[13:00:50]     settle 26:  24 @   3992 d -> ok lintwin tank 1026.3 (+58.9) miss 74 km (5.2 s)
[13:00:51]     settle 23: 256 @   3894 d -> ok lintwin tank 949.3 (+108.9) miss 2 km (6.6 s)
[13:00:52]     settle 28:  99 @   3994 d -> ok lintwin tank 955.2 (+21.4) miss 57 km (3.6 s)
[13:00:53]     settle 20: 271 @   4126 d -> ok lintwin tank 877.0 (+21.8) miss 75 km (3.1 s)
[13:00:53]     settle 27: 104 @   4137 d -> ok lintwin tank 840.1 (+5.1) miss 60 km (3.0 s)
[13:00:54]     settle 26: 245 @   3815 d -> ok lintwin tank 912.6 (+34.4) miss 84 km (4.1 s)
[13:00:55]     settle 23: 165 @   3872 d -> ok lintwin tank 852.4 (+12.1) miss 71 km (4.1 s)
[13:00:56]     settle 26:  35 @   4293 d -> ok lintwin tank 981.4 (+14.0) miss 72 km (4.4 s)
[13:00:57]     settle 28: 208 @   4302 d -> ok lintwin tank 863.5 (+23.3) miss 92 km (3.6 s)
[13:00:58]     settle 28: 145 @   4116 d -> ok lintwin tank 955.3 (+21.5) miss 79 km (4.8 s)
[13:00:59]     settle 20: 125 @   4078 d -> ok lintwin tank 895.6 (+0.5) miss 71 km (5.0 s)
[13:01:00]     settle 24: 184 @   3986 d -> ok lintwin tank 856.7 (+4.3) miss 67 km (4.6 s)
[13:01:00]     settle 27: 125 @   4073 d -> ok lintwin tank 843.4 (+8.4) miss 76 km (2.9 s)
[13:01:01]     settle 26:  49 @   4134 d -> ok lam tank 929.5 (+51.3) miss 1 km (5.6 s)
[13:01:01]     settle 28: 117 @   3886 d -> ok lintwin tank 1003.5 (+69.7) miss 70 km (2.7 s)
[13:01:01]     settle 26:  88 @   4019 d -> ok lintwin tank 1006.4 (+39.1) miss 66 km (4.8 s)
[13:01:03]     settle 28:  56 @   3973 d -> ok lintwin tank 988.4 (+54.6) miss 45 km (0.8 s)
[13:01:05]     settle 27: 200 @   4156 d -> ok lintwin tank 892.2 (+7.7) miss 64 km (3.8 s)
[13:01:05]     settle 20: 155 @   4189 d -> ok lintwin tank 893.7 (+-1.4) miss 24 km (5.2 s)
[13:01:05]     settle 28: 208 @   4303 d -> ok lintwin tank 846.3 (+2.9) miss 75 km (4.5 s)
[13:01:07]     settle 27:  35 @   4154 d -> ok lintwin tank 1106.6 (+80.4) miss 17 km (4.6 s)
[13:01:07]     settle 24:   3 @   4279 d -> ok lintwin tank 880.4 (+21.7) miss 76 km (6.0 s)
[13:01:08]     settle 27: 299 @   4120 d -> ok lintwin tank 901.8 (+1.5) miss 77 km (2.9 s)
[13:01:09]     settle 28: 155 @   4183 d -> ok lintwin tank 834.9 (+20.7) miss 72 km (3.6 s)
[13:01:10]     settle 21: 208 @   4276 d -> ok lintwin tank 904.0 (+8.4) miss 44 km (4.5 s)
[13:01:11]     settle 28: 212 @   3874 d -> ok lintwin tank 960.0 (+26.1) miss 78 km (4.4 s)
[13:01:11]     settle 28: 155 @   4182 d -> ok lintwin tank 853.9 (+10.5) miss 68 km (1.4 s)
[13:01:12]     settle 24: 208 @   4317 d -> ok lintwin tank 870.5 (+0.3) miss 58 km (4.6 s)
[13:01:12]     settle 27: 200 @   4154 d -> ok lintwin tank 905.2 (+4.9) miss 42 km (3.4 s)
[13:01:13]     settle 27:   3 @   4272 d -> ok lintwin tank 1019.3 (+18.9) miss 80 km (5.4 s)
[13:01:15]     settle 21: 155 @   4188 d -> ok lintwin tank 899.2 (+3.5) miss 86 km (4.1 s)
[13:01:15]     settle 29: 117 @   4065 d -> ok lintwin tank 972.5 (+12.5) miss 50 km (4.1 s)
[13:01:16]     settle 29: 208 @   4317 d -> ok lintwin tank 873.0 (+19.1) miss 75 km (4.3 s)
[13:01:17]     settle 27: 280 @   4303 d -> ok lintwin tank 889.1 (+6.5) miss 76 km (3.7 s)
[13:01:17]     settle 29: 208 @   4297 d -> ok lintwin tank 850.8 (+15.9) miss 17 km (0.7 s)
[13:01:17]     settle 24: 240 @   4068 d -> FAIL [('lam', 124289203.0)] (30.6 s)
[13:01:18]     settle 28: 280 @   4303 d -> ok lintwin tank 893.6 (+1.4) miss 1 km (0.6 s)
[13:01:18]     settle 21: 208 @   4289 d -> ok lintwin tank 908.8 (+15.1) miss 42 km (3.0 s)
[13:01:19] RESULT s07_c1: 16 columns; frontier 1fb 8 kg p1/2 | 2fb 20 kg p1/2 | 3fb 63 kg p2/2; settles 16 (16 ok), regrids 16 (16 ok); wall 120 s of 420 (plan 40, price 1, settle 80; budget hit None, 0 unsettled)
[13:01:19]     settle 29:  53 @   4150 d -> ok lintwin tank 972.4 (+12.4) miss 70 km (3.8 s)
[13:01:19]   job s07_c1 craft columns  16  levels 9  settles 16/16  end plan_done  wall 120.0 s
[13:01:20]     settle 24:   3 @   4272 d -> ok lintwin tank 896.1 (+9.6) miss 2 km (6.3 s)
[13:01:20]     settle 27:   1 @   4088 d -> ok lintwin tank 1021.3 (+14.9) miss 74 km (6.5 s)
[13:01:21]     settle 25: 239 @   4038 d -> ok lintwin tank 850.7 (+4.1) miss 66 km (3.6 s)
[13:01:22]     settle 27:  35 @   4157 d -> ok lintwin tank 899.5 (+-0.8) miss 61 km (3.1 s)
[13:01:22]     settle 26: 256 @   3879 d -> ok lintwin tank 852.4 (+48.4) miss 72 km (4.9 s)
[13:01:22]     settle 24: 240 @   4108 d -> FAIL [('lam', 103336285.3)] (38.6 s)
[13:01:23]     settle 28: 280 @   4300 d -> ok lintwin tank 918.0 (+18.5) miss 55 km (1.7 s)
[13:01:23]     settle 24:  62 @   3819 d -> ok lintwin tank 846.5 (+17.3) miss 66 km (1.9 s)
[13:01:25]     settle 29:  68 @   4172 d -> ok lintwin tank 976.9 (+15.7) miss 77 km (5.1 s)
[13:01:27]     settle 28:  35 @   4150 d -> ok lintwin tank 1030.8 (+9.5) miss 28 km (6.4 s)
[13:01:27]     settle 25:  31 @   3942 d -> ok lintwin tank 883.9 (+37.4) miss 65 km (3.7 s)
[13:01:28]     settle 27:  88 @   4042 d -> ok lintwin tank 935.2 (+22.6) miss 50 km (3.6 s)
[13:01:28]     settle 25:  31 @   3940 d -> ok lintwin tank 858.6 (+22.7) miss 30 km (0.5 s)
[13:01:29]     settle 24:  69 @   3961 d -> ok lintwin tank 916.6 (+42.9) miss 2 km (5.5 s)
[13:01:29]     settle 27:  56 @   3960 d -> ok lintwin tank 979.5 (+127.1) miss 1 km (6.9 s)
[13:01:29]     settle 26:  29 @   4127 d -> ok lintwin tank 865.6 (+7.0) miss 8 km (0.6 s)
[13:01:31]     settle 24: 271 @   4107 d -> ok lam tank 956.2 (+28.6) miss 1 km (8.4 s)
[13:01:32]     settle 28:  35 @   4296 d -> ok lintwin tank 940.0 (+4.8) miss 64 km (4.6 s)
[13:01:33] RESULT s07_c5: 16 columns; frontier 1fb 4 kg p3/3 | 2fb 11 kg p3/3 | 3fb 15 kg p2/2; settles 18 (18 ok), regrids 16 (16 ok); wall 134 s of 420 (plan 64, price 1, settle 70; budget hit None, 0 unsettled)
[13:01:33]   job s07_c5 craft columns  16  levels 9  settles 18/18  end plan_done  wall 133.7 s
[13:01:33]     settle 26:   3 @   4278 d -> ok lintwin tank 864.2 (+13.5) miss 61 km (3.6 s)
[13:01:34]     settle 28: 145 @   4113 d -> ok lam tank 1040.7 (+61.2) miss 35 km (4.1 s)
[13:01:34]     settle 25: 208 @   4311 d -> ok lintwin tank 914.6 (+-2.0) miss 67 km (5.3 s)
[13:01:35] RESULT s07_c4: 16 columns; frontier 1fb 8 kg p0/3 | 2fb 16 kg p0/2 | 3fb 74 kg p1/1; settles 18 (18 ok), regrids 16 (16 ok); wall 136 s of 420 (plan 37, price 1, settle 99; budget hit None, 0 unsettled)
[13:01:35]     settle 30: 280 @   4308 d -> ok lintwin tank 984.8 (+12.3) miss 3 km (9.1 s)
[13:01:35]   job s07_c4 craft columns  16  levels 8  settles 18/18  end plan_done  wall 135.6 s
[13:01:40]     settle 24: 100 @   4289 d -> ok lintwin tank 956.6 (+29.0) miss 82 km (7.9 s)
[13:01:40]   drift: leg 100@4289 d settled outside (T, T+H] -> column cut at 0
[13:01:40]     settle 29: 187 @   4088 d -> ok lintwin tank 984.1 (+24.1) miss 62 km (4.1 s)
[13:01:42]     settle 25: 265 @   4142 d -> ok lintwin tank 970.1 (+62.0) miss 83 km (7.9 s)
[13:01:43]     settle 27:  35 @   4150 d -> ok lintwin tank 1024.5 (+18.1) miss 9 km (6.4 s)
[13:01:45]     settle 24:  32 @   3854 d -> ok lintwin tank 1025.9 (+98.4) miss 38 km (5.0 s)
[13:01:47]     settle 26: 175 @   4293 d -> ok lintwin tank 1068.8 (+98.8) miss 72 km (4.6 s)
[13:01:47]     settle 30: 280 @   4306 d -> ok lintwin tank 976.4 (+-7.7) miss 74 km (6.4 s)
[13:01:47]   1 candidates dropped (settle failure / regrid failure / duplicate after truncation)
[13:01:47] RESULT s07_c7: 15 columns; frontier 1fb 3 kg p0/2 | 2fb 21 kg p0/1 | 3fb 35 kg p0/1; settles 19 (17 ok), regrids 15 (15 ok); wall 148 s of 420 (plan 27, price 2, settle 121; budget hit None, 0 unsettled)
[13:01:48]   job s07_c7 craft columns  15  levels 7  settles 17/19  end plan_done  wall 148.3 s
[13:01:49]     settle 24:  31 @   3935 d -> ok lintwin tank 1008.5 (+80.9) miss 71 km (3.3 s)
[13:01:49]     settle 28: 156 @   4308 d -> ok lintwin tank 1046.0 (+21.5) miss 82 km (6.5 s)
[13:01:52]     settle 29: 175 @   4308 d -> ok lam tank 1041.9 (+1.2) miss 18 km (18.5 s)
[13:01:52]   drift: leg 175@4308 d settled outside (T, T+H] -> column cut at 3
[13:01:53]     settle 25:   3 @   4270 d -> ok lintwin tank 966.3 (+1.1) miss 21 km (4.1 s)
[13:01:54] RESULT s07_c2: 16 columns; frontier 1fb 4 kg p1/3 | 2fb 10 kg p1/2 | 3fb 30 kg p1/1 | 4fb 47 kg p1/1; settles 22 (22 ok), regrids 16 (16 ok); wall 155 s of 420 (plan 65, price 2, settle 90; budget hit None, 0 unsettled)
[13:01:55]     settle 30: 280 @   4308 d -> ok lintwin tank 990.7 (+18.3) miss 62 km (7.3 s)
[13:01:56]   job s07_c2 craft columns  16  levels 9  settles 22/22  end plan_done  wall 155.1 s
[13:01:56] RESULT s07_c0: 16 columns; frontier 1fb 14 kg p2/3 | 2fb 38 kg p0/3 | 3fb 42 kg p0/1; settles 18 (18 ok), regrids 16 (16 ok); wall 156 s of 420 (plan 56, price 1, settle 100; budget hit None, 0 unsettled)
[13:01:57]     settle 24: 180 @   4064 d -> ok lintwin tank 945.5 (+18.0) miss 68 km (3.3 s)
[13:01:58]   job s07_c0 craft columns  16  levels 8  settles 18/18  end plan_done  wall 156.4 s
[13:02:02]     settle 25:   3 @   4269 d -> ok lintwin tank 975.8 (+30.3) miss 69 km (4.9 s)
[13:02:05]     settle 28: 156 @   4308 d -> ok lintwin tank 1037.1 (+15.8) miss 20 km (6.0 s)
[13:02:08]     settle 25: 256 @   4309 d -> ok lam tank 1002.6 (+62.1) miss 3 km (5.2 s)
[13:02:15]     settle 25: 239 @   4050 d -> ok lintwin tank 1047.8 (+21.9) miss 3 km (5.6 s)
[13:02:16]   2 candidates dropped (settle failure / regrid failure / duplicate after truncation)
[13:02:16] RESULT s07_c3: 13 columns; frontier 1fb 13 kg p2/3 | 2fb 39 kg p2/3; settles 17 (15 ok), regrids 13 (13 ok); wall 176 s of 420 (plan 50, price 1, settle 126; budget hit None, 0 unsettled)
[13:02:18]   job s07_c3 craft columns  13  levels 8  settles 15/17  end plan_done  wall 176.5 s
[13:02:19]     settle 29: 156 @   4310 d -> ok lintwin tank 1054.9 (+24.1) miss 68 km (4.9 s)
[13:02:31]     settle 29: 185 @   4286 d -> ok lintwin tank 1072.9 (+42.1) miss 77 km (3.0 s)
[13:02:32] RESULT s07_c6: 16 columns; frontier 1fb 8 kg p2/2 | 2fb 52 kg p1/2 | 3fb 63 kg p2/2 | 4fb 84 kg p2/2; settles 17 (17 ok), regrids 16 (16 ok); wall 192 s of 420 (plan 53, price 1, settle 139; budget hit None, 0 unsettled)
[13:02:32]   job s07_c6 craft columns  16  levels 10  settles 17/17  end plan_done  wall 192.4 s
[13:02:32] [slice 7] propose: 124 columns (0 bad dropped) in 192.4 s
[13:02:32] [slice 7] auction: 124 columns, kept 118, dropped {'ramp': 4, 'fuel': 2}; lam 1.50 H_eff 540 d fuel budget 482 kg quota OFF
[13:02:32] [slice 7] auction: status optimal objective 36.781 vars 118 rows 51 chosen 8 fuel 348/482 kg (0.008 s)
[13:02:40] [slice 7] claims: c1:1 c3:2 c4:1 c5:1 c6:1  (6 targets: 0 kept, 6 new; 8 released, 0 expired (ttl 4), 3 conflicts)
[13:02:40] [slice 7 T=3780 d] launched 8/8  covered 209  remaining 89  fuel 2563 kg  sumJi 10.2668  chosen: c0:3(+42) c1:3(+63) c2:2(+10) c3:2(+38) c4:3(+74) c5:2(+14) c6:3(+69) c7:3(+36)  rejected: -  (wall 201 s)
[13:02:40] [slice 8] claims in force: c1:1 c3:2 c4:1 c5:1 c6:1  (6 targets; claim_bonus 1.0, ttl 4)
[13:02:40]   c0: claims: 0 own (prized +1.0), 6 claimed by others withheld
[13:02:40]   c1: claims: 1 own (prized +1.0), 5 claimed by others withheld
[13:02:40]   c2: claims: 0 own (prized +1.0), 6 claimed by others withheld
[13:02:40]   c3: claims: 2 own (prized +1.0), 4 claimed by others withheld
[13:02:40]   c4: claims: 1 own (prized +1.0), 5 claimed by others withheld
[13:02:40]   c5: claims: 1 own (prized +1.0), 5 claimed by others withheld
[13:02:40]   c6: claims: 1 own (prized +1.0), 5 claimed by others withheld
[13:02:40]   c7: claims: 0 own (prized +1.0), 6 claimed by others withheld
[13:02:40] [slice 8 T=4320 d] propose: 8 jobs (8 craft, 0 root) on 9 workers, proposer planbeam, H_eff 540 d, lam 1.5
[13:02:40] job s08_c5 (craft, craft 5, planbeam): T 4320 d H 540 L 360; plan horizon 5477 d; remaining 84; prize >1 on 83; width 300 npt 6 mc 150 dv 1.2 drmax 0.15 plan_wall 300 s; quota None
[13:02:40] job s08_c1 (craft, craft 1, planbeam): T 4320 d H 540 L 360; plan horizon 5477 d; remaining 84; prize >1 on 83; width 300 npt 6 mc 150 dv 1.2 drmax 0.15 plan_wall 300 s; quota None
[13:02:40] job s08_c2 (craft, craft 2, planbeam): T 4320 d H 540 L 360; plan horizon 5477 d; remaining 83; prize >1 on 82; width 300 npt 6 mc 150 dv 1.2 drmax 0.15 plan_wall 300 s; quota None
[13:02:40] job s08_c6 (craft, craft 6, planbeam): T 4320 d H 540 L 360; plan horizon 5477 d; remaining 84; prize >1 on 83; width 300 npt 6 mc 150 dv 1.2 drmax 0.15 plan_wall 300 s; quota None
[13:02:40] job s08_c3 (craft, craft 3, planbeam): T 4320 d H 540 L 360; plan horizon 5477 d; remaining 85; prize >1 on 84; width 300 npt 6 mc 150 dv 1.2 drmax 0.15 plan_wall 300 s; quota None
[13:02:40] job s08_c7 (craft, craft 7, planbeam): T 4320 d H 540 L 360; plan horizon 5477 d; remaining 83; prize >1 on 82; width 300 npt 6 mc 150 dv 1.2 drmax 0.15 plan_wall 300 s; quota None
[13:02:40] job s08_c0 (craft, craft 0, planbeam): T 4320 d H 540 L 360; plan horizon 5477 d; remaining 83; prize >1 on 82; width 300 npt 6 mc 150 dv 1.2 drmax 0.15 plan_wall 300 s; quota None
[13:02:40] job s08_c4 (craft, craft 4, planbeam): T 4320 d H 540 L 360; plan horizon 5477 d; remaining 84; prize >1 on 83; width 300 npt 6 mc 150 dv 1.2 drmax 0.15 plan_wall 300 s; quota None
[13:02:40] prefix slices/s08/in/craft_0.npz: 30 flybys, t_end 4305.6 d, tank 975.7 kg (planner view), miss 12.6 km, nreg 218
[13:02:40] budget: job_wall 420 s, 420 s left before the plan -> plan cap 300 s (plan_wall 300, settle_reserve 90)
[13:02:40] prefix slices/s08/in/craft_2.npz: 27 flybys, t_end 3965.8 d, tank 814.0 kg (planner view), miss 2.8 km, nreg 200
[13:02:40] budget: job_wall 420 s, 420 s left before the plan -> plan cap 300 s (plan_wall 300, settle_reserve 90)
[13:02:40] prefix slices/s08/in/craft_6.npz: 28 flybys, t_end 4308.9 d, tank 1036.8 kg (planner view), miss 98.5 km, nreg 208
[13:02:40] prefix slices/s08/in/craft_5.npz: 27 flybys, t_end 4156.6 d, tank 891.9 kg (planner view), miss 4.6 km, nreg 204
[13:02:40] prefix slices/s08/in/craft_4.npz: 25 flybys, t_end 4313.9 d, tank 914.5 kg (planner view), miss 81.2 km, nreg 214
[13:02:40] budget: job_wall 420 s, 420 s left before the plan -> plan cap 300 s (plan_wall 300, settle_reserve 90)
[13:02:40] budget: job_wall 420 s, 420 s left before the plan -> plan cap 300 s (plan_wall 300, settle_reserve 90)
[13:02:40] budget: job_wall 420 s, 420 s left before the plan -> plan cap 300 s (plan_wall 300, settle_reserve 90)
[13:02:40] prefix slices/s08/in/craft_7.npz: 26 flybys, t_end 4126.9 d, tank 865.5 kg (planner view), miss 2.8 km, nreg 196
[13:02:40] budget: job_wall 420 s, 420 s left before the plan -> plan cap 300 s (plan_wall 300, settle_reserve 90)
[13:02:40] prefix slices/s08/in/craft_3.npz: 25 flybys, t_end 4270.7 d, tank 965.5 kg (planner view), miss 31.0 km, nreg 213
[13:02:40] budget: job_wall 420 s, 420 s left before the plan -> plan cap 300 s (plan_wall 300, settle_reserve 90)
[13:02:40] prefix slices/s08/in/craft_1.npz: 21 flybys, t_end 4193.5 d, tank 898.8 kg (planner view), miss 45.0 km, nreg 212
[13:02:40] budget: job_wall 420 s, 420 s left before the plan -> plan cap 300 s (plan_wall 300, settle_reserve 90)
[13:03:04] first level (both): 0 production + 10 relaxed (dv 2.5, 0.3 AU; 0.1 s) + 29 lintwin children -> 35 unique (23.8 s)
[13:03:04] plan start: prefix 27 flybys, t_end 3965.8 d, planner mass 1182.2 kg (dv 11.870 km/s); 35 first-level states
[13:03:04] first level (both): 0 production + 24 relaxed (dv 2.5, 0.3 AU; 0.1 s) + 23 lintwin children -> 32 unique (23.9 s)
[13:03:04] plan start: prefix 28 flybys, t_end 4308.9 d, planner mass 928.2 kg (dv 21.358 km/s); 32 first-level states
[13:03:04] first level (both): 0 production + 38 relaxed (dv 2.5, 0.3 AU; 0.1 s) + 25 lintwin children -> 43 unique (24.0 s)
[13:03:04] plan start: prefix 25 flybys, t_end 4313.9 d, planner mass 1052.4 kg (dv 16.435 km/s); 43 first-level states
[13:03:04] first level (both): 0 production + 7 relaxed (dv 2.5, 0.3 AU; 0.1 s) + 26 lintwin children -> 31 unique (24.2 s)
[13:03:04] plan start: prefix 26 flybys, t_end 4126.9 d, planner mass 1112.0 kg (dv 14.273 km/s); 31 first-level states
[13:03:05] first level (both): 0 production + 42 relaxed (dv 2.5, 0.3 AU; 0.1 s) + 31 lintwin children -> 50 unique (24.4 s)
[13:03:05] plan start: prefix 27 flybys, t_end 4156.6 d, planner mass 1079.0 kg (dv 15.452 km/s); 50 first-level states
[13:03:05] first level (both): 0 production + 38 relaxed (dv 2.5, 0.3 AU; 0.1 s) + 28 lintwin children -> 45 unique (24.4 s)
[13:03:05] plan start: prefix 25 flybys, t_end 4270.7 d, planner mass 996.8 kg (dv 18.562 km/s); 45 first-level states
[13:03:05] first level (both): 0 production + 24 relaxed (dv 2.5, 0.3 AU; 0.1 s) + 17 lintwin children -> 27 unique (24.9 s)
[13:03:05] plan start: prefix 30 flybys, t_end 4305.6 d, planner mass 986.4 kg (dv 18.974 km/s); 27 first-level states
[13:03:05] first level (both): 0 production + 18 relaxed (dv 2.5, 0.3 AU; 0.1 s) + 24 lintwin children -> 33 unique (25.1 s)
[13:03:05] plan start: prefix 21 flybys, t_end 4193.5 d, planner mass 1070.8 kg (dv 15.753 km/s); 33 first-level states
[13:03:08] plan: 193 states, depth 6 new flybys, end plan_done (28 s); deepest 6 new to 5443 d at planner fuel 654 kg
[13:03:08]   depth  1:   31 states (24 in H), t_end 4387-4988 d, fuel 493-570 kg
[13:03:08]   depth  2:   42 states (15 in H), t_end 4567-5457 d, fuel 503-590 kg
[13:03:08]   depth  3:   57 states (1 in H), t_end 4753-5461 d, fuel 531-620 kg
[13:03:08]   depth  4:   49 states (0 in H), t_end 5194-5471 d, fuel 561-635 kg
[13:03:08]   depth  5:   12 states (0 in H), t_end 5344-5441 d, fuel 576-655 kg
[13:03:08]   depth  6:    2 states (0 in H), t_end 5437-5443 d, fuel 654-661 kg
[13:03:08] candidates: 25 distinct committed target sets (n_new 1-3, potential 0-3)
[13:03:08] frontier: 16 candidates chosen (n fb / committed planner kg / continuation (lookahead) [full]; pot_mode lookahead, pot_cap None): 1fb/506kg/p2(1)[2], 1fb/507kg/p0(0)[0], 1fb/507kg/p0(0)[0], 1fb/513kg/p3(3)[3], 1fb/526kg/p0(0)[0], 1fb/527kg/p1(0)[1], 1fb/541kg/p1(1)[1], 1fb/551kg/p2(1)[2], 1fb/555kg/p2(2)[2], 1fb/556kg/p2(0)[2], 1fb/564kg/p3(2)[3], 2fb/534kg/p1(1)[1], 2fb/545kg/p1(1)[1], 2fb/564kg/p1(1)[1], 2fb/567kg/p2(2)[2], 3fb/597kg/p0(0)[0]
[13:03:08] budget: 392 s of 420 left for the settles + regrids (settle_wall 480)
[13:03:09] plan: 173 states, depth 6 new flybys, end plan_done (29 s); deepest 6 new to 5451 d at planner fuel 759 kg
[13:03:09]   depth  1:   27 states (24 in H), t_end 4475-4923 d, fuel 637-684 kg
[13:03:09]   depth  2:   38 states (14 in H), t_end 4716-5142 d, fuel 670-710 kg
[13:03:09]   depth  3:   53 states (0 in H), t_end 4886-5465 d, fuel 681-734 kg
[13:03:09]   depth  4:   38 states (0 in H), t_end 5094-5456 d, fuel 703-759 kg
[13:03:09]   depth  5:   13 states (0 in H), t_end 5333-5456 d, fuel 745-775 kg
[13:03:09]   depth  6:    4 states (0 in H), t_end 5448-5451 d, fuel 759-773 kg
[13:03:09] candidates: 24 distinct committed target sets (n_new 1-2, potential 0-2)
[13:03:09] frontier: 16 candidates chosen (n fb / committed planner kg / continuation (lookahead) [full]; pot_mode lookahead, pot_cap None): 1fb/654kg/p1(1)[1], 1fb/657kg/p0(0)[0], 1fb/658kg/p1(1)[1], 1fb/659kg/p1(1)[1], 1fb/659kg/p2(1)[2], 1fb/661kg/p2(1)[2], 1fb/662kg/p3(2)[3], 1fb/663kg/p1(1)[1], 1fb/668kg/p3(2)[3], 1fb/675kg/p2(2)[2], 1fb/676kg/p3(2)[3], 1fb/681kg/p2(1)[2], 2fb/670kg/p1(1)[1], 2fb/672kg/p1(1)[1], 2fb/676kg/p2(2)[2], 2fb/678kg/p2(2)[2]
[13:03:09] budget: 391 s of 420 left for the settles + regrids (settle_wall 480)
[13:03:09]     settle 27: 107 @   4688 d -> ok lintwin tank 877.7 (+12.2) miss 66 km (1.0 s)
[13:03:11] plan: 283 states, depth 5 new flybys, end plan_done (31 s); deepest 5 new to 5140 d at planner fuel 747 kg
[13:03:11]   depth  1:   32 states (25 in H), t_end 4409-5025 d, fuel 685-737 kg
[13:03:11]   depth  2:   79 states (18 in H), t_end 4528-5465 d, fuel 692-763 kg
[13:03:11]   depth  3:  110 states (17 in H), t_end 4703-5465 d, fuel 712-773 kg
[13:03:11]   depth  4:   51 states (3 in H), t_end 4768-5472 d, fuel 730-793 kg
[13:03:11]   depth  5:   11 states (0 in H), t_end 5140-5431 d, fuel 747-809 kg
[13:03:11] candidates: 33 distinct committed target sets (n_new 1-4, potential 0-3)
[13:03:11] frontier: 16 candidates chosen (n fb / committed planner kg / continuation (lookahead) [full]; pot_mode lookahead, pot_cap None): 1fb/685kg/p2(2)[2], 1fb/685kg/p1(1)[1], 1fb/688kg/p4(1)[4], 1fb/688kg/p2(1)[2], 1fb/709kg/p2(2)[2], 1fb/713kg/p3(3)[3], 1fb/721kg/p2(2)[2], 2fb/692kg/p1(1)[1], 2fb/705kg/p1(1)[1], 2fb/716kg/p3(1)[3], 2fb/728kg/p2(1)[2], 3fb/726kg/p1(1)[1], 3fb/730kg/p1(1)[1], 3fb/737kg/p2(1)[2], 4fb/743kg/p1(1)[1], 4fb/758kg/p0(0)[0]
[13:03:11] budget: 389 s of 420 left for the settles + regrids (settle_wall 480)
[13:03:11] plan: 322 states, depth 6 new flybys, end plan_done (31 s); deepest 6 new to 5432 d at planner fuel 693 kg
[13:03:11]   depth  1:   43 states (36 in H), t_end 4352-4978 d, fuel 556-624 kg
[13:03:11]   depth  2:   67 states (23 in H), t_end 4548-5411 d, fuel 573-650 kg
[13:03:11]   depth  3:  103 states (0 in H), t_end 4878-5461 d, fuel 591-679 kg
[13:03:11]   depth  4:   72 states (0 in H), t_end 5008-5472 d, fuel 626-705 kg
[13:03:11]   depth  5:   27 states (0 in H), t_end 5176-5453 d, fuel 660-727 kg
[13:03:11]   depth  6:   10 states (0 in H), t_end 5326-5442 d, fuel 693-735 kg
[13:03:11] candidates: 23 distinct committed target sets (n_new 1-2, potential 0-3)
[13:03:11] frontier: 16 candidates chosen (n fb / committed planner kg / continuation (lookahead) [full]; pot_mode lookahead, pot_cap None): 1fb/564kg/p1(0)[1], 1fb/572kg/p2(2)[2], 1fb/577kg/p3(2)[3], 1fb/585kg/p3(3)[3], 1fb/599kg/p2(2)[2], 1fb/602kg/p3(2)[3], 1fb/603kg/p4(3)[4], 1fb/605kg/p0(0)[0], 1fb/607kg/p0(0)[0], 1fb/611kg/p1(1)[1], 1fb/614kg/p2(2)[2], 1fb/620kg/p3(2)[3], 2fb/576kg/p0(0)[0], 2fb/590kg/p1(1)[1], 2fb/629kg/p1(1)[1], 2fb/638kg/p3(3)[3]
[13:03:11] budget: 389 s of 420 left for the settles + regrids (settle_wall 480)
[13:03:12] plan: 430 states, depth 6 new flybys, end plan_done (31 s); deepest 6 new to 5439 d at planner fuel 584 kg
[13:03:12]   depth  1:   35 states (31 in H), t_end 4326-4976 d, fuel 437-498 kg
[13:03:12]   depth  2:   55 states (19 in H), t_end 4498-5344 d, fuel 453-526 kg
[13:03:12]   depth  3:  110 states (5 in H), t_end 4615-5473 d, fuel 476-558 kg
[13:03:12]   depth  4:  134 states (0 in H), t_end 4883-5475 d, fuel 486-589 kg
[13:03:12]   depth  5:   83 states (0 in H), t_end 5147-5474 d, fuel 510-613 kg
[13:03:12]   depth  6:   13 states (0 in H), t_end 5366-5441 d, fuel 584-618 kg
[13:03:12] candidates: 32 distinct committed target sets (n_new 1-3, potential 0-3)
[13:03:12] frontier: 16 candidates chosen (n fb / committed planner kg / continuation (lookahead) [full]; pot_mode lookahead, pot_cap None): 1fb/437kg/p3(2)[3], 1fb/444kg/p2(2)[2], 1fb/446kg/p3(2)[3], 1fb/447kg/p2(2)[2], 1fb/449kg/p2(2)[2], 1fb/462kg/p2(2)[2], 1fb/464kg/p3(3)[3], 1fb/465kg/p2(2)[2], 1fb/470kg/p3(1)[3], 1fb/475kg/p3(2)[3], 1fb/494kg/p4(3)[4], 2fb/462kg/p2(2)[2], 2fb/463kg/p0(0)[0], 2fb/518kg/p3(3)[3], 3fb/530kg/p1(1)[1], 3fb/539kg/p0(0)[0]
[13:03:12] budget: 389 s of 420 left for the settles + regrids (settle_wall 480)
[13:03:12] plan: 349 states, depth 6 new flybys, end plan_done (32 s); deepest 6 new to 5437 d at planner fuel 662 kg
[13:03:12]   depth  1:   33 states (28 in H), t_end 4350-4956 d, fuel 553-604 kg
[13:03:12]   depth  2:   57 states (29 in H), t_end 4519-5429 d, fuel 563-632 kg
[13:03:12]   depth  3:   85 states (8 in H), t_end 4736-5473 d, fuel 574-660 kg
[13:03:12]   depth  4:   99 states (0 in H), t_end 4960-5474 d, fuel 610-684 kg
[13:03:12]   depth  5:   63 states (0 in H), t_end 5208-5476 d, fuel 637-710 kg
[13:03:12]   depth  6:   12 states (0 in H), t_end 5409-5476 d, fuel 662-722 kg
[13:03:12] candidates: 39 distinct committed target sets (n_new 1-3, potential 0-3)
[13:03:12] frontier: 16 candidates chosen (n fb / committed planner kg / continuation (lookahead) [full]; pot_mode lookahead, pot_cap None): 1fb/553kg/p0(0)[0], 1fb/560kg/p3(2)[3], 1fb/564kg/p2(1)[2], 1fb/571kg/p2(1)[2], 1fb/588kg/p2(1)[2], 1fb/589kg/p3(1)[3], 1fb/591kg/p4(3)[4], 1fb/592kg/p2(1)[2], 1fb/602kg/p3(1)[3], 2fb/573kg/p1(1)[1], 2fb/577kg/p2(2)[2], 2fb/597kg/p3(3)[3], 2fb/615kg/p3(3)[3], 3fb/634kg/p1(1)[1], 3fb/643kg/p1(1)[1], 3fb/648kg/p1(1)[1]
[13:03:12] budget: 388 s of 420 left for the settles + regrids (settle_wall 480)
[13:03:16]     settle 27:  68 @   4573 d -> ok lintwin tank 898.9 (+33.5) miss 66 km (5.4 s)
[13:03:16]     settle 28: 100 @   4413 d -> ok lintwin tank 817.6 (+3.6) miss 69 km (4.1 s)
[13:03:16]     settle 31: 118 @   4541 d -> ok lintwin tank 1046.5 (+70.8) miss 71 km (6.8 s)
[13:03:17] plan: 563 states, depth 6 new flybys, end plan_done (36 s); deepest 6 new to 5420 d at planner fuel 657 kg
[13:03:17]   depth  1:   50 states (45 in H), t_end 4350-4981 d, fuel 522-599 kg
[13:03:17]   depth  2:  111 states (59 in H), t_end 4441-5461 d, fuel 527-626 kg
[13:03:17]   depth  3:  146 states (12 in H), t_end 4669-5474 d, fuel 549-654 kg
[13:03:17]   depth  4:  164 states (0 in H), t_end 4952-5475 d, fuel 570-675 kg
[13:03:17]   depth  5:   74 states (0 in H), t_end 5246-5475 d, fuel 620-703 kg
[13:03:17]   depth  6:   18 states (0 in H), t_end 5363-5441 d, fuel 657-702 kg
[13:03:17] candidates: 67 distinct committed target sets (n_new 1-3, potential 0-2)
[13:03:17] frontier: 16 candidates chosen (n fb / committed planner kg / continuation (lookahead) [full]; pot_mode lookahead, pot_cap None): 1fb/522kg/p0(0)[0], 1fb/527kg/p3(2)[3], 1fb/529kg/p2(2)[2], 1fb/553kg/p3(1)[3], 1fb/554kg/p3(2)[3], 1fb/556kg/p3(2)[3], 1fb/565kg/p3(2)[3], 1fb/566kg/p3(1)[3], 1fb/573kg/p3(1)[3], 1fb/593kg/p3(2)[3], 2fb/540kg/p0(0)[0], 2fb/540kg/p2(2)[2], 2fb/554kg/p1(1)[1], 3fb/582kg/p0(0)[0], 3fb/585kg/p1(1)[1], 3fb/598kg/p1(1)[1]
[13:03:17] budget: 383 s of 420 left for the settles + regrids (settle_wall 480)
[13:03:18]     settle 28:  22 @   4758 d -> ok lintwin tank 891.9 (+-0.0) miss 7 km (1.0 s)
[13:03:18] plan: 761 states, depth 7 new flybys, end plan_done (38 s); deepest 7 new to 5445 d at planner fuel 772 kg
[13:03:18]   depth  1:   45 states (37 in H), t_end 4367-4967 d, fuel 607-677 kg
[13:03:18]   depth  2:  104 states (41 in H), t_end 4667-5461 d, fuel 612-699 kg
[13:03:18]   depth  3:  207 states (2 in H), t_end 4838-5476 d, fuel 633-720 kg
[13:03:18]   depth  4:  236 states (0 in H), t_end 4980-5476 d, fuel 651-741 kg
[13:03:18]   depth  5:  141 states (0 in H), t_end 5120-5476 d, fuel 675-760 kg
[13:03:18]   depth  6:   26 states (0 in H), t_end 5360-5472 d, fuel 698-762 kg
[13:03:18]   depth  7:    2 states (0 in H), t_end 5444-5445 d, fuel 772-772 kg
[13:03:18] candidates: 42 distinct committed target sets (n_new 1-3, potential 0-2)
[13:03:18] frontier: 16 candidates chosen (n fb / committed planner kg / continuation (lookahead) [full]; pot_mode lookahead, pot_cap None): 1fb/607kg/p3(2)[3], 1fb/616kg/p2(2)[2], 1fb/623kg/p3(2)[3], 1fb/623kg/p3(2)[3], 1fb/624kg/p2(2)[2], 1fb/627kg/p3(2)[3], 1fb/640kg/p3(2)[3], 1fb/640kg/p2(2)[2], 1fb/643kg/p2(2)[2], 1fb/656kg/p4(2)[4], 2fb/633kg/p1(1)[1], 2fb/639kg/p2(2)[2], 2fb/639kg/p2(2)[2], 2fb/666kg/p3(2)[3], 3fb/690kg/p2(2)[2], 3fb/694kg/p1(1)[1]
[13:03:18] budget: 382 s of 420 left for the settles + regrids (settle_wall 480)
[13:03:19]     settle 26:  28 @   4509 d -> ok lintwin tank 918.8 (+4.3) miss 55 km (7.2 s)
[13:03:19]     settle 28:  96 @   4465 d -> ok lintwin tank 896.6 (+4.7) miss 50 km (0.6 s)
[13:03:20]     settle 27:  25 @   4500 d -> ok lintwin tank 878.0 (+12.5) miss 69 km (3.1 s)
[13:03:20]     settle 22:  33 @   4562 d -> ok lintwin tank 912.6 (+13.9) miss 84 km (7.7 s)
[13:03:21]     settle 28:  35 @   4718 d -> ok lintwin tank 898.5 (+6.6) miss 60 km (0.9 s)
[13:03:21]     settle 28: 107 @   4738 d -> ok lintwin tank 829.6 (+15.5) miss 81 km (4.6 s)
[13:03:23]     settle 29:  18 @   4690 d -> ok lintwin tank 1047.2 (+10.4) miss 31 km (11.4 s)
[13:03:23]     settle 27:  14 @   4517 d -> ok lintwin tank 874.2 (+8.7) miss 63 km (2.4 s)
[13:03:24]     settle 31:  22 @   4759 d -> ok lintwin tank 1004.9 (+29.2) miss 71 km (7.5 s)
[13:03:25]     settle 26: 246 @   4594 d -> ok lintwin tank 963.8 (+-1.7) miss 83 km (7.1 s)
[13:03:27]     settle 28:  25 @   4507 d -> ok lintwin tank 826.6 (+12.6) miss 67 km (4.7 s)
[13:03:27]     settle 26: 107 @   4804 d -> ok lintwin tank 915.9 (+1.4) miss 91 km (7.4 s)
[13:03:27]     settle 27: 120 @   4524 d -> ok lintwin tank 888.0 (+22.5) miss 72 km (3.3 s)
[13:03:28]     settle 28: 256 @   4423 d -> ok lintwin tank 914.4 (+22.5) miss 77 km (6.2 s)
[13:03:28]     settle 22: 124 @   4499 d -> ok lintwin tank 915.5 (+16.7) miss 84 km (6.9 s)
[13:03:30]     settle 26:  45 @   4724 d -> ok lintwin tank 972.2 (+6.7) miss 49 km (3.7 s)
[13:03:32]     settle 28:  99 @   4843 d -> ok lintwin tank 831.8 (+17.8) miss 82 km (4.3 s)
[13:03:33]     settle 28:  75 @   4466 d -> ok lintwin tank 908.9 (+17.0) miss 77 km (4.2 s)
[13:03:35]     settle 26: 120 @   4559 d -> ok lintwin tank 930.5 (+16.0) miss 3 km (7.9 s)
[13:03:36]     settle 27: 100 @   4387 d -> ok lintwin tank 889.5 (+24.0) miss 72 km (7.9 s)
[13:03:36]     settle 26:  43 @   4502 d -> ok lintwin tank 983.2 (+17.7) miss 52 km (4.3 s)
[13:03:36]     settle 31: 171 @   4810 d -> ok lintwin tank 1007.3 (+31.6) miss 1 km (10.5 s)
[13:03:36]     settle 22:  25 @   4520 d -> ok lintwin tank 918.3 (+19.6) miss 64 km (6.8 s)
[13:03:38]     settle 28: 199 @   4428 d -> ok lintwin tank 911.7 (+19.8) miss 70 km (4.6 s)
[13:03:41]     settle 28: 140 @   4804 d -> ok lintwin tank 898.8 (+84.7) miss 77 km (7.9 s)
[13:03:41]     settle 26: 239 @   4393 d -> ok lintwin tank 986.0 (+20.5) miss 75 km (4.2 s)
[13:03:41]     settle 22:  68 @   4554 d -> ok lintwin tank 910.9 (+12.1) miss 79 km (4.3 s)
[13:03:43]     settle 26:  68 @   4568 d -> ok lintwin tank 948.6 (+34.1) miss 72 km (6.5 s)
[13:03:44]     settle 29: 165 @   4829 d -> ok lintwin tank 1040.9 (+4.0) miss 26 km (10.0 s)
[13:03:46]     settle 28:  10 @   4441 d -> ok lintwin tank 923.9 (+32.0) miss 77 km (6.8 s)
[13:03:46]     settle 26: 158 @   4769 d -> ok lintwin tank 979.6 (+14.1) miss 80 km (3.9 s)
[13:03:47]     settle 27: 165 @   4844 d -> ok lam tank 968.3 (+102.9) miss 12 km (10.9 s)
[13:03:47]   drift: leg 165@4844 d settled outside (T, T+H] -> column cut at 0
[13:03:48]     settle 31:  18 @   4798 d -> ok lintwin tank 1012.0 (+36.3) miss 93 km (9.7 s)
[13:03:48]     settle 22: 213 @   4537 d -> ok lam tank 949.0 (+50.2) miss 8 km (5.3 s)
[13:03:50]     settle 28:  43 @   4561 d -> ok lintwin tank 885.1 (+71.1) miss 6 km (8.4 s)
[13:03:50]     settle 26: 291 @   4520 d -> ok lintwin tank 986.5 (+21.0) miss 71 km (3.7 s)
[13:03:51]     settle 28: 274 @   4365 d -> ok lintwin tank 961.8 (+69.9) miss 69 km (4.4 s)
[13:03:51]     settle 26:  99 @   4855 d -> ok lintwin tank 957.9 (+43.4) miss 4 km (6.9 s)
[13:03:52]     settle 27:  43 @   4457 d -> ok lintwin tank 942.9 (+77.4) miss 68 km (4.8 s)
[13:03:55]     settle 22: 100 @   4422 d -> ok lintwin tank 943.8 (+45.1) miss 69 km (5.6 s)
[13:03:55]     settle 26: 170 @   4611 d -> ok lintwin tank 984.4 (+18.9) miss 68 km (4.0 s)
[13:03:56]     settle 28:   6 @   4354 d -> ok lintwin tank 967.1 (+75.2) miss 63 km (5.0 s)
[13:03:57]     settle 26:  14 @   4494 d -> ok lintwin tank 912.4 (+-2.1) miss 25 km (5.5 s)
[13:03:59]     settle 29: 117 @   4418 d -> ok lintwin tank 1051.9 (+15.1) miss 68 km (4.3 s)
[13:03:59]     settle 27: 140 @   4650 d -> ok lam tank 907.0 (+41.5) miss 16 km (6.7 s)
[13:04:00]     settle 28: 213 @   4675 d -> ok lintwin tank 913.8 (+99.7) miss 1 km (8.9 s)
[13:04:00]     settle 22:  24 @   4350 d -> ok lintwin tank 953.3 (+54.5) miss 82 km (3.6 s)
[13:04:01]     settle 31: 285 @   4562 d -> ok lintwin tank 1018.0 (+42.3) miss 76 km (7.7 s)
[13:04:03]     settle 26:  25 @   4499 d -> ok lintwin tank 917.7 (+3.2) miss 60 km (5.2 s)
[13:04:03]     settle 28: 211 @   4426 d -> ok lintwin tank 934.2 (+42.3) miss 6 km (6.3 s)
[13:04:04]     settle 28: 170 @   4715 d -> ok lintwin tank 840.4 (+26.3) miss 68 km (4.1 s)
[13:04:05]     settle 26: 245 @   4709 d -> ok lintwin tank 1038.1 (+72.7) miss 66 km (8.4 s)
[13:04:05]     settle 29:  22 @   4759 d -> ok lintwin tank 898.7 (+2.1) miss 11 km (0.8 s)
[13:04:06]     settle 26:  43 @   4562 d -> ok lintwin tank 999.3 (+84.8) miss 73 km (2.3 s)
[13:04:07]     settle 22:  14 @   4564 d -> ok lintwin tank 939.4 (+40.6) miss 52 km (6.4 s)
[13:04:09]     settle 29:  35 @   4719 d -> ok lintwin tank 906.4 (+9.8) miss 69 km (3.1 s)
[13:04:09]     settle 29:  46 @   4759 d -> ok lintwin tank 1065.9 (+29.1) miss 3 km (9.6 s)
[13:04:09]     settle 31:  35 @   4581 d -> ok lintwin tank 1019.1 (+43.4) miss 67 km (7.9 s)
[13:04:09]     settle 27:  49 @   4500 d -> ok lintwin tank 919.3 (+53.8) miss 78 km (7.9 s)
[13:04:10]     settle 28:  96 @   4467 d -> ok lintwin tank 896.6 (+4.7) miss 41 km (0.6 s)
[13:04:10]     settle 28:  24 @   4350 d -> ok lintwin tank 858.2 (+44.2) miss 71 km (5.4 s)
[13:04:13]     settle 26:  33 @   4566 d -> ok lintwin tank 953.6 (+39.1) miss 73 km (6.0 s)
[13:04:14]     settle 26:  56 @   4730 d -> ok lintwin tank 1058.5 (+93.0) miss 34 km (9.2 s)
[13:04:15]     settle 28:  14 @   4516 d -> ok lintwin tank 843.6 (+29.6) miss 72 km (4.2 s)
[13:04:16]     settle 29:  46 @   4797 d -> ok lintwin tank 911.2 (+14.6) miss 78 km (5.7 s)
[13:04:17]     settle 27: 213 @   4544 d -> ok lintwin tank 888.1 (+22.6) miss 69 km (6.9 s)
[13:04:17]     settle 22:  93 @   4438 d -> ok lintwin tank 954.1 (+55.3) miss 62 km (8.9 s)
[13:04:19]     settle 31: 215 @   4599 d -> ok lintwin tank 1016.6 (+41.0) miss 74 km (9.4 s)
[13:04:20]     settle 26:  45 @   4714 d -> ok lam tank 962.7 (+48.2) miss 0 km (6.1 s)
[13:04:20]     settle 28:  99 @   4855 d -> ok lintwin tank 893.2 (+15.5) miss 21 km (2.4 s)
[13:04:22]     settle 28:  68 @   4357 d -> ok lintwin tank 968.7 (+154.7) miss 50 km (5.6 s)
[13:04:24]     settle 29:  68 @   4583 d -> ok lintwin tank 833.1 (+15.5) miss 67 km (1.5 s)
[13:04:24]     settle 26: 213 @   4541 d -> ok lintwin tank 1005.1 (+39.6) miss 3 km (8.7 s)
[13:04:25]     settle 23: 107 @   4785 d -> ok lintwin tank 923.4 (+5.1) miss 75 km (6.6 s)
[13:04:26]     settle 28: 233 @   4856 d -> ok lam tank 915.6 (+41.4) miss 15 km (4.5 s)
[13:04:27]     settle 26: 284 @   4637 d -> ok lintwin tank 951.0 (+36.5) miss 73 km (5.4 s)
[13:04:27]     settle 29:  22 @   4641 d -> ok lintwin tank 1083.3 (+46.5) miss 97 km (6.9 s)
[13:04:28]     settle 28: 100 @   4406 d -> ok lintwin tank 817.6 (+3.6) miss 69 km (3.9 s)
[13:04:29]     settle 27: 233 @   4832 d -> ok lintwin tank 989.8 (+6.6) miss 62 km (4.4 s)
[13:04:30]     settle 31:  46 @   4820 d -> ok lintwin tank 1018.2 (+42.5) miss 2 km (8.9 s)
[13:04:30]     settle 27:  14 @   4527 d -> ok lintwin tank 874.1 (+8.6) miss 67 km (3.4 s)
[13:04:31]     settle 23:  33 @   4562 d -> ok lintwin tank 948.4 (+33.0) miss 79 km (5.0 s)
[13:04:34]     settle 26:  24 @   4352 d -> ok lintwin tank 1064.8 (+150.3) miss 61 km (5.9 s)
[13:04:36]     settle 29: 233 @   4846 d -> ok lintwin tank 847.4 (+29.8) miss 52 km (7.3 s)
[13:04:37]     settle 28:  99 @   4847 d -> ok lintwin tank 912.2 (+38.0) miss 63 km (7.1 s)
[13:04:37]     settle 27:  45 @   4723 d -> ok lintwin tank 990.9 (+4.9) miss 4 km (7.6 s)
[13:04:39]     settle 31: 154 @   4549 d -> ok lintwin tank 1033.6 (+57.9) miss 50 km (7.8 s)
[13:04:39]     settle 23:  68 @   4583 d -> ok lintwin tank 951.8 (+-1.5) miss 67 km (7.5 s)
[13:04:40]     settle 29: 154 @   4529 d -> ok lintwin tank 1061.7 (+24.9) miss 55 km (2.4 s)
[13:04:41]     settle 27: 107 @   4804 d -> ok lintwin tank 936.4 (+17.6) miss 1 km (6.4 s)
[13:04:42]     settle 28: 107 @   4777 d -> ok lintwin tank 908.2 (+34.1) miss 62 km (4.6 s)
[13:04:42]     settle 27: 158 @   4770 d -> ok lintwin tank 986.4 (+22.6) miss 75 km (4.1 s)
[13:04:43]     settle 23: 284 @   4565 d -> ok lintwin tank 963.9 (+10.6) miss 72 km (2.6 s)
[13:04:45]     settle 29: 284 @   4633 d -> ok lintwin tank 984.8 (+16.1) miss 18 km (8.1 s)
[13:04:45]     settle 31: 284 @   4635 d -> ok lam tank 1026.6 (+50.9) miss 1 km (5.2 s)
[13:04:46]     settle 29: 240 @   4496 d -> ok lintwin tank 944.2 (+32.4) miss 100 km (29.3 s)
[13:04:46]     settle 29: 104 @   4597 d -> ok lintwin tank 1131.8 (+95.0) miss 62 km (5.0 s)
[13:04:46]     settle 28: 179 @   4610 d -> ok lintwin tank 942.4 (+23.1) miss 62 km (3.2 s)
[13:04:47]     settle 30:  18 @   4714 d -> ok lintwin tank 933.1 (+-11.1) miss 76 km (1.6 s)
[13:04:50]     settle 27: 107 @   4729 d -> ok lintwin tank 1017.4 (+12.4) miss 1 km (6.7 s)
[13:04:50]     settle 23:  25 @   4519 d -> ok lintwin tank 947.0 (+3.2) miss 65 km (6.0 s)
[13:04:50]     settle 26:  25 @   4502 d -> ok lintwin tank 915.8 (+1.3) miss 94 km (5.8 s)
[13:04:51]     settle 31: 179 @   4603 d -> ok lam tank 1021.0 (+45.3) miss 61 km (5.1 s)
[13:04:51]     settle 29:  49 @   4500 d -> ok lintwin tank 894.2 (+36.0) miss 22 km (5.0 s)
[13:04:53]     settle 29:  18 @   4753 d -> ok lintwin tank 962.9 (+20.5) miss 6 km (6.6 s)
[13:04:53]   1 candidates dropped (settle failure / regrid failure / duplicate after truncation)
[13:04:53] RESULT s08_c7: 15 columns; frontier 1fb 8 kg p3/3 | 2fb 27 kg p1/2 | 3fb 97 kg p0/0; settles 18 (18 ok), regrids 15 (15 ok); wall 133 s of 420 (plan 28, price 2, settle 105; budget hit None, 0 unsettled)
[13:04:54]     settle 24:  99 @   4831 d -> ok lintwin tank 955.5 (+8.5) miss 73 km (3.6 s)
[13:04:54]   job s08_c7 craft columns  15  levels 6  settles 18/18  end plan_done  wall 133.1 s
[13:04:55]     settle 29: 299 @   4623 d -> ok lintwin tank 938.8 (+24.3) miss 73 km (6.6 s)
[13:04:55]     settle 30:  35 @   4714 d -> ok lintwin tank 1058.4 (+6.5) miss 10 km (8.4 s)
[13:04:57]     settle 28:  99 @   4838 d -> ok lintwin tank 1027.0 (+9.6) miss 81 km (5.9 s)
[13:04:57]     settle 27: 107 @   4801 d -> ok lintwin tank 942.9 (+27.1) miss 5 km (6.5 s)
[13:04:57]     settle 31:  75 @   4503 d -> ok lintwin tank 992.6 (+16.9) miss 68 km (5.4 s)
[13:04:59]     settle 30: 245 @   4858 d -> ok lintwin tank 943.6 (+4.9) miss 57 km (4.5 s)
[13:04:59]   drift: leg 245@4858 d settled outside (T, T+H] -> column cut at 2
[13:05:01]     settle 23:  25 @   4522 d -> ok lintwin tank 945.1 (+1.2) miss 7 km (6.8 s)
[13:05:02]     settle 26: 291 @   4526 d -> ok lintwin tank 986.5 (+21.0) miss 69 km (4.8 s)
[13:05:04]     settle 32: 104 @   4787 d -> ok lintwin tank 1026.7 (+7.7) miss 61 km (6.1 s)
[13:05:04]     settle 24: 107 @   4772 d -> ok lintwin tank 973.5 (+28.5) miss 79 km (2.3 s)
[13:05:04]     settle 27:  68 @   4739 d -> ok lintwin tank 953.3 (+35.6) miss 71 km (6.0 s)
[13:05:06]     settle 29:  27 @   4486 d -> ok lintwin tank 1060.9 (+93.9) miss 74 km (5.7 s)
[13:05:08]     settle 32: 104 @   4787 d -> ok lintwin tank 1037.0 (+19.1) miss 65 km (3.6 s)
[13:05:09]     settle 29: 154 @   4533 d -> ok lintwin tank 1065.1 (+28.3) miss 68 km (3.7 s)
[13:05:09]     settle 27:  14 @   4548 d -> ok lintwin tank 956.4 (+38.6) miss 48 km (2.9 s)
[13:05:11]     settle 27: 170 @   4669 d -> ok lintwin tank 1013.2 (+26.6) miss 2 km (8.2 s)
[13:05:11]     settle 23:  68 @   4581 d -> ok lintwin tank 948.9 (+5.0) miss 37 km (6.0 s)
[13:05:11]     settle 30:  45 @   4728 d -> ok lintwin tank 1118.3 (+57.3) miss 73 km (5.7 s)
[13:05:12] RESULT s08_c4: 16 columns; frontier 1fb -2 kg p2/3 | 2fb 20 kg p0/3; settles 17 (17 ok), regrids 16 (16 ok); wall 152 s of 420 (plan 31, price 1, settle 121; budget hit None, 0 unsettled)
[13:05:12] RESULT s08_c5: 16 columns; frontier 1fb -0 kg p0/2 | 2fb 7 kg p0/2 | 3fb 41 kg p0/1; settles 20 (20 ok), regrids 16 (16 ok); wall 152 s of 420 (plan 36, price 2, settle 115; budget hit None, 0 unsettled)
[13:05:12]     settle 30: 104 @   4771 d -> ok lintwin tank 1063.9 (+-1.2) miss 67 km (3.7 s)
[13:05:12]   job s08_c4 craft columns  16  levels 6  settles 17/17  end plan_done  wall 151.6 s
[13:05:12]   job s08_c5 craft columns  16  levels 6  settles 20/20  end plan_done  wall 152.0 s
[13:05:15]     settle 24:  99 @   4834 d -> ok lintwin tank 973.5 (+24.6) miss 51 km (3.9 s)
[13:05:15]     settle 30: 284 @   4615 d -> ok lam tank 969.9 (+75.6) miss 3 km (23.8 s)
[13:05:16] RESULT s08_c1: 16 columns; frontier 1fb 12 kg p1/3 | 2fb 24 kg p1/3 | 3fb 57 kg p1/1; settles 19 (19 ok), regrids 16 (16 ok); wall 156 s of 420 (plan 32, price 2, settle 124; budget hit None, 0 unsettled)
[13:05:16]   job s08_c1 craft columns  16  levels 6  settles 19/19  end plan_done  wall 156.2 s
[13:05:17]     settle 32: 171 @   4806 d -> ok lintwin tank 1036.2 (+19.5) miss 6 km (8.6 s)
[13:05:18]     settle 28:  99 @   4841 d -> ok lintwin tank 1021.7 (+8.6) miss 4 km (7.1 s)
[13:05:18] RESULT s08_c3: 16 columns; frontier 1fb -2 kg p2/2 | 2fb 21 kg p2/2 | 3fb 56 kg p1/2; settles 18 (18 ok), regrids 16 (16 ok); wall 158 s of 420 (plan 38, price 2, settle 120; budget hit None, 0 unsettled)
[13:05:18]   job s08_c3 craft columns  16  levels 7  settles 18/18  end plan_done  wall 158.2 s
[13:05:22]     settle 30: 154 @   4531 d -> ok lintwin tank 1095.1 (+43.2) miss 60 km (8.5 s)
[13:05:24]     settle 29:  57 @   4557 d -> ok lintwin tank 1058.7 (+90.0) miss 29 km (7.5 s)
[13:05:29]     settle 32:  18 @   4799 d -> ok lintwin tank 1039.0 (+22.3) miss 6 km (8.6 s)
[13:05:34] RESULT s08_c0: 16 columns; frontier 1fb 17 kg p1/2 | 2fb 49 kg p2/2; settles 16 (16 ok), regrids 16 (16 ok); wall 174 s of 420 (plan 29, price 1, settle 145; budget hit None, 0 unsettled)
[13:05:35]   job s08_c0 craft columns  16  levels 6  settles 16/16  end plan_done  wall 173.9 s
[13:05:39]     settle 29: 117 @   4414 d -> ok lintwin tank 1051.3 (+14.4) miss 95 km (8.6 s)
[13:05:48]     settle 30:  18 @   4706 d -> ok lintwin tank 1080.7 (+29.5) miss 58 km (8.7 s)
[13:06:05]     settle 31: 165 @   4827 d -> ok lintwin tank 1094.5 (+-0.6) miss 42 km (6.6 s)
[13:06:08]     settle 30:  46 @   4786 d -> FAIL [('lam', 3956194.6)] (43.7 s)
[13:06:08] RESULT s08_c2: 16 columns; frontier 1fb 3 kg p2/3 | 2fb 19 kg p2/3 | 3fb 155 kg p1/1; settles 20 (18 ok), regrids 16 (16 ok); wall 208 s of 420 (plan 31, price 2, settle 177; budget hit None, 0 unsettled)
[13:06:09]   job s08_c2 craft columns  16  levels 6  settles 18/20  end plan_done  wall 208.2 s
[13:06:18]     settle 31: 104 @   4771 d -> ok lintwin tank 1106.2 (+11.1) miss 31 km (7.6 s)
[13:06:34]     settle 31:  18 @   4711 d -> ok lintwin tank 1097.4 (+2.3) miss 56 km (7.0 s)
[13:06:51]     settle 32: 165 @   4826 d -> ok lintwin tank 1112.3 (+14.8) miss 5 km (6.9 s)
[13:06:59]     settle 30: 154 @   4528 d -> ok lintwin tank 1095.1 (+43.8) miss 68 km (6.7 s)
[13:07:06]     settle 31:  18 @   4708 d -> ok lintwin tank 1099.2 (+4.1) miss 14 km (7.2 s)
[13:07:13]     settle 32: 104 @   4771 d -> ok lintwin tank 1108.2 (+8.9) miss 3 km (7.3 s)
[13:07:21] RESULT s08_c6: 16 columns; frontier 1fb 3 kg p1/3 | 2fb 19 kg p1/1 | 3fb 57 kg p1/1 | 4fb 70 kg p0/1; settles 20 (20 ok), regrids 16 (16 ok); wall 281 s of 420 (plan 31, price 2, settle 250; budget hit None, 0 unsettled)
[13:07:23]   job s08_c6 craft columns  16  levels 5  settles 20/20  end plan_done  wall 280.9 s
[13:07:23] [slice 8] propose: 127 columns (0 bad dropped) in 282.6 s
[13:07:23] [slice 8] auction: 127 columns, kept 117, dropped {'fuel': 10}; lam 1.50 H_eff 540 d fuel budget 482 kg quota OFF
[13:07:23] [slice 8] auction: status optimal objective 38.159 vars 117 rows 47 chosen 8 fuel 311/482 kg (0.021 s)
[13:07:25] [slice 8] claims: c0:2 c1:2 c2:1 c3:1 c6:1 c7:1  (8 targets: 0 kept, 8 new; 6 released, 0 expired (ttl 4), 1 conflicts)
[13:07:25] [slice 8 T=4320 d] launched 8/8  covered 227  remaining 71  fuel 2872 kg  sumJi 10.5971  chosen: c0:2(+49) c1:2(+50) c2:2(+19) c3:3(+56) c4:2(+20) c5:3(+41) c6:2(+27) c7:2(+50)  rejected: -  (wall 285 s)
[13:07:25] [slice 9] effective horizon 616.8 d (the last slice absorbs the mission tail; H 540.0)
[13:07:25] [slice 9] claims in force: c0:2 c1:2 c2:1 c3:1 c6:1 c7:1  (8 targets; claim_bonus 1.0, ttl 4)
[13:07:25]   c0: claims: 2 own (prized +1.0), 6 claimed by others withheld
[13:07:25]   c1: claims: 2 own (prized +1.0), 6 claimed by others withheld
[13:07:25]   c2: claims: 1 own (prized +1.0), 7 claimed by others withheld
[13:07:25]   c3: claims: 1 own (prized +1.0), 7 claimed by others withheld
[13:07:25]   c4: claims: 0 own (prized +1.0), 8 claimed by others withheld
[13:07:25]   c5: claims: 0 own (prized +1.0), 8 claimed by others withheld
[13:07:25]   c6: claims: 1 own (prized +1.0), 7 claimed by others withheld
[13:07:25]   c7: claims: 1 own (prized +1.0), 7 claimed by others withheld
[13:07:25] [slice 9 T=4860 d] propose: 8 jobs (8 craft, 0 root) on 9 workers, proposer planbeam, H_eff 617 d, lam 1.5
[13:07:25] job s09_c1 (craft, craft 1, planbeam): T 4860 d H 617 L 360; plan horizon 5477 d; remaining 65; prize >1 on 65; width 300 npt 6 mc 150 dv 1.2 drmax 0.15 plan_wall 300 s; quota None
[13:07:25] job s09_c2 (craft, craft 2, planbeam): T 4860 d H 617 L 360; plan horizon 5477 d; remaining 64; prize >1 on 64; width 300 npt 6 mc 150 dv 1.2 drmax 0.15 plan_wall 300 s; quota None
[13:07:25] job s09_c3 (craft, craft 3, planbeam): T 4860 d H 617 L 360; plan horizon 5477 d; remaining 64; prize >1 on 64; width 300 npt 6 mc 150 dv 1.2 drmax 0.15 plan_wall 300 s; quota None
[13:07:25] job s09_c0 (craft, craft 0, planbeam): T 4860 d H 617 L 360; plan horizon 5477 d; remaining 65; prize >1 on 65; width 300 npt 6 mc 150 dv 1.2 drmax 0.15 plan_wall 300 s; quota None
[13:07:25] job s09_c4 (craft, craft 4, planbeam): T 4860 d H 617 L 360; plan horizon 5477 d; remaining 63; prize >1 on 63; width 300 npt 6 mc 150 dv 1.2 drmax 0.15 plan_wall 300 s; quota None
[13:07:25] job s09_c5 (craft, craft 5, planbeam): T 4860 d H 617 L 360; plan horizon 5477 d; remaining 63; prize >1 on 63; width 300 npt 6 mc 150 dv 1.2 drmax 0.15 plan_wall 300 s; quota None
[13:07:25] job s09_c6 (craft, craft 6, planbeam): T 4860 d H 617 L 360; plan horizon 5477 d; remaining 64; prize >1 on 64; width 300 npt 6 mc 150 dv 1.2 drmax 0.15 plan_wall 300 s; quota None
[13:07:25] job s09_c7 (craft, craft 7, planbeam): T 4860 d H 617 L 360; plan horizon 5477 d; remaining 64; prize >1 on 64; width 300 npt 6 mc 150 dv 1.2 drmax 0.15 plan_wall 300 s; quota None
[13:07:25] prefix slices/s09/in/craft_2.npz: 29 flybys, t_end 4581.3 d, tank 832.8 kg (planner view), miss 3.9 km, nreg 231
[13:07:25] budget: job_wall 420 s, 420 s left before the plan -> plan cap 300 s (plan_wall 300, settle_reserve 90)
[13:07:25] prefix slices/s09/in/craft_6.npz: 30 flybys, t_end 4771.1 d, tank 1063.8 kg (planner view), miss 17.8 km, nreg 232
[13:07:25] budget: job_wall 420 s, 420 s left before the plan -> plan cap 300 s (plan_wall 300, settle_reserve 90)
[13:07:25] prefix slices/s09/in/craft_5.npz: 30 flybys, t_end 4714.5 d, tank 932.5 kg (planner view), miss 2.8 km, nreg 232
[13:07:25] prefix slices/s09/in/craft_4.npz: 27 flybys, t_end 4802.1 d, tank 934.1 kg (planner view), miss 45.2 km, nreg 239
[13:07:25] budget: job_wall 420 s, 420 s left before the plan -> plan cap 300 s (plan_wall 300, settle_reserve 90)
[13:07:25] budget: job_wall 420 s, 420 s left before the plan -> plan cap 300 s (plan_wall 300, settle_reserve 90)
[13:07:25] prefix slices/s09/in/craft_3.npz: 28 flybys, t_end 4840.0 d, tank 1021.2 kg (planner view), miss 21.0 km, nreg 241
[13:07:25] budget: job_wall 420 s, 420 s left before the plan -> plan cap 300 s (plan_wall 300, settle_reserve 90)
[13:07:25] prefix slices/s09/in/craft_1.npz: 23 flybys, t_end 4562.5 d, tank 948.4 kg (planner view), miss 39.6 km, nreg 231
[13:07:25] prefix slices/s09/in/craft_7.npz: 28 flybys, t_end 4854.5 d, tank 915.1 kg (planner view), miss 17.0 km, nreg 232
[13:07:25] budget: job_wall 420 s, 420 s left before the plan -> plan cap 300 s (plan_wall 300, settle_reserve 90)
[13:07:25] budget: job_wall 420 s, 420 s left before the plan -> plan cap 300 s (plan_wall 300, settle_reserve 90)
[13:07:25] prefix slices/s09/in/craft_0.npz: 32 flybys, t_end 4805.5 d, tank 1024.2 kg (planner view), miss 13.9 km, nreg 243
[13:07:25] budget: job_wall 420 s, 420 s left before the plan -> plan cap 300 s (plan_wall 300, settle_reserve 90)
[13:07:42] first level (both): 0 production + 14 relaxed (dv 2.5, 0.3 AU; 0.1 s) + 13 lintwin children -> 18 unique (17.5 s)
[13:07:42] plan start: prefix 30 flybys, t_end 4771.1 d, planner mass 904.7 kg (dv 22.365 km/s); 18 first-level states
[13:07:43] first level (both): 0 production + 16 relaxed (dv 2.5, 0.3 AU; 0.0 s) + 23 lintwin children -> 35 unique (17.7 s)
[13:07:43] plan start: prefix 29 flybys, t_end 4581.3 d, planner mass 1155.6 kg (dv 12.765 km/s); 35 first-level states
[13:07:43] first level (both): 0 production + 16 relaxed (dv 2.5, 0.3 AU; 0.1 s) + 16 lintwin children -> 23 unique (17.7 s)
[13:07:43] plan start: prefix 30 flybys, t_end 4714.5 d, planner mass 1032.1 kg (dv 17.198 km/s); 23 first-level states
[13:07:43] plan: 22 states, depth 2 new flybys, end plan_done (18 s); deepest 2 new to 5306 d at planner fuel 725 kg
[13:07:43]   depth  1:   18 states (18 in H), t_end 4896-5461 d, fuel 700-761 kg
[13:07:43]   depth  2:    4 states (4 in H), t_end 5306-5347 d, fuel 725-786 kg
[13:07:43] candidates: 15 distinct committed target sets (n_new 1-2, potential 0-0)
[13:07:43] frontier: 15 candidates chosen (n fb / committed planner kg / continuation (lookahead) [full]; pot_mode lookahead, pot_cap None): 1fb/700kg/p1(0)[1], 1fb/701kg/p0(0)[0], 1fb/708kg/p0(0)[0], 1fb/712kg/p1(0)[1], 1fb/717kg/p0(0)[0], 1fb/721kg/p0(0)[0], 1fb/722kg/p0(0)[0], 1fb/727kg/p0(0)[0], 1fb/741kg/p0(0)[0], 1fb/751kg/p0(0)[0], 1fb/761kg/p1(0)[1], 2fb/725kg/p0(0)[0], 2fb/739kg/p0(0)[0], 2fb/742kg/p0(0)[0], 2fb/786kg/p0(0)[0]
[13:07:43] budget: 402 s of 420 left for the settles + regrids (settle_wall 480)
[13:07:43] first level (both): 0 production + 33 relaxed (dv 2.5, 0.3 AU; 0.1 s) + 23 lintwin children -> 39 unique (18.1 s)
[13:07:43] plan start: prefix 27 flybys, t_end 4802.1 d, planner mass 1030.3 kg (dv 17.264 km/s); 39 first-level states
[13:07:43] first level (both): 0 production + 22 relaxed (dv 2.5, 0.3 AU; 0.1 s) + 13 lintwin children -> 26 unique (18.2 s)
[13:07:43] plan start: prefix 28 flybys, t_end 4840.0 d, planner mass 942.4 kg (dv 20.764 km/s); 26 first-level states
[13:07:43] plan: 38 states, depth 2 new flybys, end plan_done (18 s); deepest 2 new to 5455 d at planner fuel 619 kg
[13:07:43]   depth  1:   23 states (23 in H), t_end 4886-5477 d, fuel 575-644 kg
[13:07:43]   depth  2:   15 states (15 in H), t_end 5123-5459 d, fuel 619-666 kg
[13:07:43] candidates: 25 distinct committed target sets (n_new 1-2, potential 0-0)
[13:07:43] frontier: 16 candidates chosen (n fb / committed planner kg / continuation (lookahead) [full]; pot_mode lookahead, pot_cap None): 1fb/597kg/p1(0)[1], 1fb/601kg/p0(0)[0], 1fb/607kg/p0(0)[0], 1fb/609kg/p0(0)[0], 1fb/611kg/p1(0)[1], 1fb/611kg/p1(0)[1], 1fb/613kg/p0(0)[0], 1fb/618kg/p1(0)[1], 1fb/618kg/p1(0)[1], 1fb/623kg/p0(0)[0], 1fb/624kg/p1(0)[1], 1fb/637kg/p1(0)[1], 1fb/644kg/p1(0)[1], 2fb/619kg/p0(0)[0], 2fb/628kg/p0(0)[0], 2fb/630kg/p0(0)[0]
[13:07:43] budget: 402 s of 420 left for the settles + regrids (settle_wall 480)
[13:07:43] first level (both): 0 production + 34 relaxed (dv 2.5, 0.3 AU; 0.1 s) + 18 lintwin children -> 31 unique (18.4 s)
[13:07:43] plan start: prefix 28 flybys, t_end 4854.5 d, planner mass 1051.7 kg (dv 16.460 km/s); 31 first-level states
[13:07:44] plan: 96 states, depth 3 new flybys, end plan_done (19 s); deepest 3 new to 5419 d at planner fuel 534 kg
[13:07:44]   depth  1:   35 states (35 in H), t_end 4887-5477 d, fuel 447-524 kg
[13:07:44]   depth  2:   37 states (37 in H), t_end 4960-5441 d, fuel 482-547 kg
[13:07:44]   depth  3:   24 states (24 in H), t_end 5319-5443 d, fuel 534-574 kg
[13:07:44] candidates: 69 distinct committed target sets (n_new 1-3, potential 0-0)
[13:07:44] frontier: 16 candidates chosen (n fb / committed planner kg / continuation (lookahead) [full]; pot_mode lookahead, pot_cap None): 1fb/447kg/p1(0)[1], 1fb/451kg/p0(0)[0], 1fb/457kg/p1(0)[1], 1fb/474kg/p1(0)[1], 1fb/489kg/p2(0)[2], 1fb/492kg/p1(0)[1], 1fb/496kg/p2(0)[2], 1fb/501kg/p2(0)[2], 1fb/506kg/p2(0)[2], 1fb/516kg/p2(0)[2], 2fb/482kg/p0(0)[0], 2fb/488kg/p0(0)[0], 2fb/520kg/p1(0)[1], 3fb/534kg/p0(0)[0], 3fb/541kg/p0(0)[0], 3fb/547kg/p0(0)[0]
[13:07:44] budget: 401 s of 420 left for the settles + regrids (settle_wall 480)
[13:07:44] plan: 74 states, depth 3 new flybys, end plan_done (19 s); deepest 3 new to 5411 d at planner fuel 600 kg
[13:07:44]   depth  1:   39 states (39 in H), t_end 4907-5438 d, fuel 573-639 kg
[13:07:44]   depth  2:   27 states (27 in H), t_end 5085-5444 d, fuel 588-664 kg
[13:07:44]   depth  3:    8 states (8 in H), t_end 5298-5432 d, fuel 600-668 kg
[13:07:44] candidates: 40 distinct committed target sets (n_new 1-3, potential 0-0)
[13:07:44] frontier: 16 candidates chosen (n fb / committed planner kg / continuation (lookahead) [full]; pot_mode lookahead, pot_cap None): 1fb/573kg/p0(0)[0], 1fb/576kg/p0(0)[0], 1fb/578kg/p2(0)[2], 1fb/586kg/p2(0)[2], 1fb/596kg/p1(0)[1], 1fb/606kg/p2(0)[2], 1fb/607kg/p1(0)[1], 1fb/616kg/p1(0)[1], 1fb/637kg/p2(0)[2], 2fb/588kg/p1(0)[1], 2fb/595kg/p0(0)[0], 2fb/602kg/p0(0)[0], 2fb/610kg/p1(0)[1], 3fb/600kg/p0(0)[0], 3fb/625kg/p0(0)[0], 3fb/644kg/p0(0)[0]
[13:07:44] budget: 401 s of 420 left for the settles + regrids (settle_wall 480)
[13:07:44] plan: 70 states, depth 4 new flybys, end plan_done (19 s); deepest 4 new to 5366 d at planner fuel 745 kg
[13:07:44]   depth  1:   26 states (26 in H), t_end 4894-5420 d, fuel 677-721 kg
[13:07:44]   depth  2:   26 states (26 in H), t_end 5037-5447 d, fuel 694-741 kg
[13:07:44]   depth  3:   15 states (15 in H), t_end 5314-5445 d, fuel 726-747 kg
[13:07:44]   depth  4:    3 states (3 in H), t_end 5366-5445 d, fuel 745-764 kg
[13:07:44] candidates: 40 distinct committed target sets (n_new 1-4, potential 0-0)
[13:07:44] frontier: 16 candidates chosen (n fb / committed planner kg / continuation (lookahead) [full]; pot_mode lookahead, pot_cap None): 1fb/677kg/p1(0)[1], 1fb/679kg/p1(0)[1], 1fb/684kg/p1(0)[1], 1fb/702kg/p3(0)[3], 1fb/713kg/p1(0)[1], 1fb/715kg/p1(0)[1], 1fb/720kg/p1(0)[1], 2fb/694kg/p0(0)[0], 2fb/703kg/p0(0)[0], 2fb/725kg/p2(0)[2], 2fb/725kg/p2(0)[2], 3fb/726kg/p0(0)[0], 3fb/729kg/p1(0)[1], 3fb/733kg/p0(0)[0], 4fb/745kg/p0(0)[0], 4fb/762kg/p0(0)[0]
[13:07:44] budget: 401 s of 420 left for the settles + regrids (settle_wall 480)
[13:07:44] first level (both): 0 production + 9 relaxed (dv 2.5, 0.3 AU; 0.1 s) + 14 lintwin children -> 19 unique (19.3 s)
[13:07:44] plan start: prefix 32 flybys, t_end 4805.5 d, planner mass 939.6 kg (dv 20.879 km/s); 19 first-level states
[13:07:44] first level (both): 0 production + 8 relaxed (dv 2.5, 0.3 AU; 0.1 s) + 17 lintwin children -> 22 unique (19.4 s)
[13:07:44] plan start: prefix 23 flybys, t_end 4562.5 d, planner mass 1014.8 kg (dv 17.862 km/s); 22 first-level states
[13:07:44] plan: 86 states, depth 4 new flybys, end plan_done (19 s); deepest 4 new to 5437 d at planner fuel 657 kg
[13:07:44]   depth  1:   31 states (31 in H), t_end 4948-5457 d, fuel 556-617 kg
[13:07:44]   depth  2:   36 states (36 in H), t_end 5103-5455 d, fuel 576-627 kg
[13:07:44]   depth  3:   16 states (16 in H), t_end 5316-5439 d, fuel 599-650 kg
[13:07:44]   depth  4:    3 states (3 in H), t_end 5437-5443 d, fuel 657-680 kg
[13:07:44] candidates: 55 distinct committed target sets (n_new 1-4, potential 0-0)
[13:07:44] frontier: 16 candidates chosen (n fb / committed planner kg / continuation (lookahead) [full]; pot_mode lookahead, pot_cap None): 1fb/556kg/p2(0)[2], 1fb/560kg/p0(0)[0], 1fb/566kg/p1(0)[1], 1fb/569kg/p1(0)[1], 1fb/588kg/p3(0)[3], 1fb/593kg/p2(0)[2], 1fb/597kg/p3(0)[3], 2fb/576kg/p0(0)[0], 2fb/580kg/p0(0)[0], 2fb/613kg/p2(0)[2], 2fb/622kg/p2(0)[2], 3fb/599kg/p0(0)[0], 3fb/624kg/p0(0)[0], 3fb/646kg/p1(0)[1], 4fb/657kg/p0(0)[0], 4fb/677kg/p0(0)[0]
[13:07:44] budget: 400 s of 420 left for the settles + regrids (settle_wall 480)
[13:07:45] plan: 33 states, depth 2 new flybys, end plan_done (20 s); deepest 2 new to 5338 d at planner fuel 695 kg
[13:07:45]   depth  1:   19 states (19 in H), t_end 4889-5463 d, fuel 680-729 kg
[13:07:45]   depth  2:   14 states (14 in H), t_end 5179-5428 d, fuel 695-756 kg
[13:07:45] candidates: 23 distinct committed target sets (n_new 1-2, potential 0-0)
[13:07:45] frontier: 16 candidates chosen (n fb / committed planner kg / continuation (lookahead) [full]; pot_mode lookahead, pot_cap None): 1fb/680kg/p1(0)[1], 1fb/696kg/p0(0)[0], 1fb/697kg/p0(0)[0], 1fb/698kg/p1(0)[1], 1fb/699kg/p1(0)[1], 1fb/699kg/p1(0)[1], 1fb/700kg/p0(0)[0], 1fb/704kg/p1(0)[1], 1fb/707kg/p0(0)[0], 1fb/718kg/p1(0)[1], 1fb/718kg/p0(0)[0], 1fb/721kg/p1(0)[1], 1fb/728kg/p1(0)[1], 2fb/695kg/p0(0)[0], 2fb/703kg/p0(0)[0], 2fb/720kg/p0(0)[0]
[13:07:45] budget: 400 s of 420 left for the settles + regrids (settle_wall 480)
[13:07:45] plan: 50 states, depth 4 new flybys, end plan_done (20 s); deepest 4 new to 5411 d at planner fuel 715 kg
[13:07:45]   depth  1:   22 states (22 in H), t_end 4888-5449 d, fuel 596-651 kg
[13:07:45]   depth  2:   19 states (19 in H), t_end 5133-5412 d, fuel 627-678 kg
[13:07:45]   depth  3:    8 states (8 in H), t_end 5311-5412 d, fuel 649-708 kg
[13:07:45]   depth  4:    1 states (1 in H), t_end 5411-5411 d, fuel 715-715 kg
[13:07:45] candidates: 37 distinct committed target sets (n_new 1-4, potential 0-0)
[13:07:45] frontier: 16 candidates chosen (n fb / committed planner kg / continuation (lookahead) [full]; pot_mode lookahead, pot_cap None): 1fb/596kg/p2(0)[2], 1fb/601kg/p0(0)[0], 1fb/604kg/p0(0)[0], 1fb/615kg/p0(0)[0], 1fb/623kg/p2(0)[2], 1fb/624kg/p2(0)[2], 1fb/634kg/p1(0)[1], 1fb/647kg/p3(0)[3], 2fb/627kg/p1(0)[1], 2fb/642kg/p1(0)[1], 2fb/666kg/p1(0)[1], 2fb/678kg/p2(0)[2], 3fb/649kg/p0(0)[0], 3fb/651kg/p0(0)[0], 3fb/708kg/p1(0)[1], 4fb/715kg/p0(0)[0]
[13:07:45] budget: 400 s of 420 left for the settles + regrids (settle_wall 480)
[13:07:46]     settle 30:  77 @   4976 d -> ok lintwin tank 835.4 (+2.5) miss 68 km (1.8 s)
[13:07:47]     settle 29: 101 @   4964 d -> ok lintwin tank 918.9 (+3.8) miss 76 km (2.8 s)
[13:07:48]     settle 31: 243 @   5307 d -> ok lam tank 1027.2 (+94.7) miss 3 km (5.0 s)
[13:07:49]     settle 30: 243 @   5411 d -> ok lintwin tank 842.2 (+9.4) miss 80 km (2.3 s)
[13:07:50]     settle 28:  45 @   5389 d -> ok lintwin tank 929.0 (+-5.1) miss 65 km (6.0 s)
[13:07:52]     settle 29:  87 @   5110 d -> ok lintwin tank 1054.1 (+32.9) miss 70 km (8.3 s)
[13:07:53]     settle 29:  53 @   5412 d -> ok lintwin tank 922.3 (+7.2) miss 54 km (4.8 s)
[13:07:53]     settle 24: 299 @   4910 d -> ok lintwin tank 956.7 (+8.3) miss 29 km (7.5 s)
[13:07:53]     settle 31: 193 @   5126 d -> ok lintwin tank 1065.1 (+1.4) miss 0 km (10.4 s)
[13:07:54]     settle 30: 193 @   5121 d -> ok lintwin tank 861.8 (+29.0) miss 65 km (4.5 s)
[13:07:54]     settle 33:   6 @   5100 d -> ok lintwin tank 1044.1 (+19.9) miss 63 km (9.5 s)
[13:07:56]     settle 29:  85 @   5266 d -> ok lintwin tank 930.4 (+15.3) miss 51 km (2.6 s)
[13:07:57]     settle 28: 274 @   5400 d -> ok lintwin tank 932.2 (+-1.9) miss 75 km (5.6 s)
[13:07:58]     settle 30:  56 @   5102 d -> ok lintwin tank 844.7 (+11.8) miss 18 km (3.2 s)
[13:08:00]     settle 29: 175 @   5189 d -> ok lintwin tank 929.5 (+14.4) miss 74 km (3.2 s)
[13:08:01]     settle 30: 126 @   4951 d -> ok lintwin tank 852.0 (+19.2) miss 64 km (2.0 s)
[13:08:02]     settle 24: 227 @   5337 d -> ok lintwin tank 1006.6 (+58.2) miss 64 km (8.3 s)
[13:08:03]     settle 28:  55 @   5004 d -> ok lintwin tank 934.5 (+0.5) miss 3 km (5.7 s)
[13:08:06]     settle 29:  55 @   4999 d -> ok lintwin tank 945.4 (+30.3) miss 70 km (4.7 s)
[13:08:07]     settle 24:  64 @   5245 d -> ok lintwin tank 967.2 (+18.8) miss 69 km (3.2 s)
[13:08:07]     settle 33:  94 @   5463 d -> ok lintwin tank 1030.0 (+5.8) miss 2 km (9.7 s)
[13:08:09]     settle 30: 265 @   4887 d -> ok lintwin tank 864.1 (+31.2) miss 70 km (7.5 s)
[13:08:10]     settle 29: 239 @   5084 d -> ok lintwin tank 947.8 (+32.6) miss 71 km (3.4 s)
[13:08:10]     settle 28: 101 @   4973 d -> ok lintwin tank 949.7 (+15.6) miss 66 km (5.9 s)
[13:08:13]     settle 31: 219 @   5301 d -> ok lintwin tank 1077.7 (+13.9) miss 2 km (9.1 s)
[13:08:14]     settle 28:  52 @   5162 d -> ok lintwin tank 976.3 (+42.3) miss 58 km (3.2 s)
[13:08:16]     settle 29: 256 @   5061 d -> ok lintwin tank 936.4 (+21.3) miss 32 km (5.8 s)
[13:08:17]     settle 24: 121 @   5162 d -> ok lintwin tank 976.0 (+27.6) miss 73 km (9.3 s)
[13:08:17]     settle 33: 227 @   5335 d -> ok lintwin tank 1030.5 (+6.3) miss 1 km (9.0 s)
[13:08:18]     settle 30:  23 @   4965 d -> ok lintwin tank 872.8 (+39.9) miss 73 km (8.2 s)
[13:08:19]     settle 30:  53 @   5414 d -> ok lintwin tank 928.7 (+9.8) miss 75 km (2.1 s)
[13:08:21]     settle 30:  53 @   5413 d -> ok lintwin tank 931.5 (+1.1) miss 33 km (0.9 s)
[13:08:22]     settle 28: 119 @   5142 d -> ok lintwin tank 940.8 (+6.8) miss 70 km (7.9 s)
[13:08:24]     settle 31:  64 @   5246 d -> ok lam tank 1140.8 (+208.3) miss 19 km (34.3 s)
[13:08:24]     settle 30:  49 @   4917 d -> ok lintwin tank 852.7 (+19.8) miss 67 km (4.6 s)
[13:08:27]     settle 24: 265 @   4888 d -> ok lintwin tank 983.4 (+35.0) miss 78 km (7.2 s)
[13:08:27]     settle 29:  49 @   4894 d -> FAIL [('lam', 9559340.6)] (33.7 s)
[13:08:27]     settle 33:  57 @   5168 d -> ok lintwin tank 1044.4 (+20.2) miss 1 km (9.5 s)
[13:08:29]     settle 30:  87 @   5109 d -> ok lintwin tank 876.8 (+43.9) miss 57 km (4.3 s)
[13:08:29]     settle 28: 180 @   5103 d -> ok lintwin tank 941.6 (+7.5) miss 66 km (6.2 s)
[13:08:30]     settle 30:  13 @   5262 d -> ok lintwin tank 972.0 (+35.5) miss 73 km (8.2 s)
[13:08:33]     settle 24: 193 @   4998 d -> ok lam tank 983.2 (+34.8) miss 5 km (5.3 s)
[13:08:33]     settle 31: 185 @   5050 d -> ok lintwin tank 1079.5 (+15.8) miss 61 km (8.5 s)
[13:08:35]     settle 30: 101 @   4956 d -> ok lam tank 880.6 (+47.8) miss 3 km (5.4 s)
[13:08:36]     settle 28: 239 @   5091 d -> ok lintwin tank 943.6 (+9.6) miss 71 km (5.7 s)
[13:08:37]     settle 29:  56 @   5101 d -> ok lintwin tank 1062.4 (+41.2) miss 3 km (9.9 s)
[13:08:38]     settle 30: 180 @   5103 d -> ok lintwin tank 965.7 (+20.3) miss 32 km (6.9 s)
[13:08:41]     settle 33: 118 @   5201 d -> ok lintwin tank 1085.6 (+61.4) miss 77 km (9.8 s)
[13:08:41]     settle 30:  85 @   5266 d -> ok lintwin tank 931.7 (+12.8) miss 65 km (1.9 s)
[13:08:43]     settle 28:  49 @   4907 d -> ok lintwin tank 975.6 (+41.6) miss 72 km (6.3 s)
[13:08:44]     settle 31:  53 @   5414 d -> ok lintwin tank 943.1 (+11.3) miss 16 km (3.5 s)
[13:08:45]     settle 31: 165 @   5310 d -> ok lintwin tank 856.3 (+20.9) miss 5 km (9.0 s)
[13:08:47]     settle 29:  23 @   4973 d -> ok lintwin tank 1078.8 (+57.5) miss 2 km (8.8 s)
[13:08:47]     settle 24:  25 @   5029 d -> FAIL [('lam', 42655548.7)] (12.9 s)
[13:08:48]     settle 30:  77 @   4971 d -> ok lintwin tank 834.8 (+2.0) miss 69 km (2.5 s)
[13:08:48]     settle 30:  49 @   5315 d -> ok lintwin tank 951.3 (+14.8) miss 60 km (2.9 s)
[13:08:49]     settle 29: 180 @   5101 d -> ok lintwin tank 965.2 (+15.5) miss 75 km (5.1 s)
[13:08:49]     settle 33: 236 @   4953 d -> ok lintwin tank 1048.2 (+24.0) miss 69 km (7.2 s)
[13:08:51]     settle 31: 299 @   5311 d -> ok lintwin tank 851.4 (+16.6) miss 77 km (3.0 s)
[13:08:54]     settle 29: 256 @   5038 d -> ok lintwin tank 1083.1 (+61.9) miss 62 km (6.3 s)
[13:08:54]     settle 29: 117 @   5413 d -> ok lintwin tank 967.1 (+17.4) miss 80 km (4.3 s)
[13:08:55]     settle 31: 239 @   5433 d -> ok lintwin tank 962.6 (+11.4) miss 67 km (6.4 s)
[13:08:55]     settle 31: 299 @   5192 d -> ok lintwin tank 1082.6 (+18.8) miss 41 km (10.6 s)
[13:08:55]     settle 24: 271 @   4992 d -> ok lintwin tank 978.8 (+30.4) miss 64 km (8.0 s)
[13:08:56]     settle 31: 219 @   5315 d -> ok lam tank 943.2 (+10.7) miss 96 km (29.3 s)
[13:08:58]     settle 31: 299 @   5311 d -> ok lintwin tank 860.6 (+8.6) miss 67 km (5.6 s)
[13:08:59]     settle 29: 180 @   5099 d -> ok lam tank 1081.1 (+59.9) miss 5 km (4.5 s)
[13:08:59]     settle 33:  93 @   5413 d -> ok lintwin tank 1044.6 (+20.4) miss 87 km (9.8 s)
[13:08:59]     settle 25:  35 @   5135 d -> ok lintwin tank 978.3 (+21.6) miss 43 km (3.2 s)
[13:09:00]     settle 28: 119 @   5150 d -> ok lintwin tank 940.8 (+6.8) miss 68 km (5.5 s)
[13:09:01]     settle 31: 256 @   5041 d -> ok lintwin tank 878.5 (+5.7) miss 67 km (2.3 s)
[13:09:03]     settle 31: 218 @   5347 d -> ok lintwin tank 994.1 (+22.1) miss 100 km (7.6 s)
[13:09:05]     settle 29: 239 @   5091 d -> ok lam tank 1085.2 (+64.0) miss 45 km (5.0 s)
[13:09:07]     settle 33: 206 @   4889 d -> ok lintwin tank 1050.3 (+26.0) miss 70 km (6.8 s)
[13:09:07]     settle 29: 239 @   5433 d -> ok lintwin tank 955.1 (+14.3) miss 70 km (7.1 s)
[13:09:09]     settle 32:  53 @   5419 d -> ok lintwin tank 933.9 (+55.4) miss 48 km (8.0 s)
[13:09:11]     settle 31: 218 @   5348 d -> ok lintwin tank 998.1 (+32.4) miss 66 km (7.3 s)
[13:09:12]     settle 25:  25 @   5227 d -> ok lam tank 1013.7 (+30.6) miss 12 km (11.7 s)
[13:09:13]     settle 31:  10 @   5207 d -> ok lintwin tank 859.6 (+7.0) miss 57 km (3.4 s)
[13:09:14]     settle 30: 179 @   5368 d -> ok lintwin tank 1081.8 (+27.7) miss 81 km (8.2 s)
[13:09:16]     settle 32: 184 @   5437 d -> ok lintwin tank 1005.7 (+7.6) miss 32 km (4.5 s)
[13:09:17]     settle 29:  49 @   5314 d -> ok lintwin tank 957.3 (+22.8) miss 72 km (8.5 s)
[13:09:17]     settle 32: 239 @   5443 d -> ok lintwin tank 866.7 (+7.1) miss 74 km (3.6 s)
[13:09:17]     settle 31:  27 @   5340 d -> ok lintwin tank 1088.9 (+25.2) miss 53 km (10.9 s)
[13:09:18]     settle 33: 278 @   5445 d -> ok lintwin tank 1049.2 (+24.9) miss 1 km (10.2 s)
[13:09:19]     settle 31: 239 @   5088 d -> ok lintwin tank 883.6 (+3.0) miss 55 km (1.6 s)
[13:09:20]     settle 25:  10 @   5310 d -> ok lintwin tank 1002.6 (+23.9) miss 56 km (6.2 s)
[13:09:22]     settle 32: 278 @   5435 d -> ok lintwin tank 896.1 (+12.5) miss 36 km (2.2 s)
[13:09:22]     settle 30: 179 @   5366 d -> ok lintwin tank 1072.1 (+9.7) miss 76 km (7.2 s)
[13:09:23] RESULT s09_c2: 16 columns; frontier 1fb 2 kg p0/0 | 2fb 18 kg p0/0 | 3fb 34 kg p0/0; settles 20 (20 ok), regrids 16 (16 ok); wall 118 s of 420 (plan 19, price 2, settle 99; budget hit None, 0 unsettled)
[13:09:23]   job s09_c2 craft columns  16  levels 3  settles 20/20  end plan_done  wall 117.7 s
[13:09:25]     settle 32: 184 @   5442 d -> ok lintwin tank 1043.5 (+49.4) miss 75 km (8.1 s)
[13:09:25]     settle 30: 117 @   5411 d -> ok lam tank 978.3 (+13.2) miss 1 km (7.6 s)
[13:09:26] RESULT s09_c7: 16 columns; frontier 1fb 4 kg p0/0 | 2fb 13 kg p0/0 | 3fb 28 kg p0/0 | 4fb 90 kg p0/0; settles 19 (19 ok), regrids 16 (16 ok); wall 121 s of 420 (plan 19, price 2, settle 101; budget hit None, 0 unsettled)
[13:09:27]     settle 31: 299 @   5384 d -> ok lam tank 1049.4 (+116.9) miss 1 km (30.2 s)
[13:09:27]     settle 25: 193 @   5134 d -> ok lintwin tank 1003.0 (+24.2) miss 43 km (5.6 s)
[13:09:27]   job s09_c7 craft columns  16  levels 4  settles 19/19  end plan_done  wall 120.8 s
[13:09:28]     settle 33: 117 @   5050 d -> ok lintwin tank 1050.6 (+26.4) miss 1 km (9.4 s)
[13:09:31]     settle 30:  87 @   5115 d -> ok lintwin tank 1382.8 (+304.0) miss 64 km (8.7 s)
[13:09:32]     settle 26: 219 @   5311 d -> ok lintwin tank 991.0 (+12.7) miss 77 km (4.3 s)
[13:09:35]     settle 30: 239 @   5430 d -> ok lintwin tank 968.7 (+11.4) miss 77 km (6.9 s)
[13:09:38]     settle 31: 148 @   4886 d -> ok lintwin tank 1502.8 (+570.3) miss 111 km (9.5 s)
[13:09:38]     settle 31:  10 @   5302 d -> ok lintwin tank 1080.5 (+16.7) miss 87 km (9.8 s)
[13:09:39]     settle 33:  49 @   5284 d -> ok lam tank 1563.7 (+539.5) miss 55 km (10.4 s)
[13:09:40]     settle 26:  24 @   5412 d -> ok lintwin tank 1003.8 (+25.4) miss 58 km (7.3 s)
[13:09:41]     settle 29:  23 @   4980 d -> ok lintwin tank 1077.6 (+56.4) miss 69 km (8.9 s)
[13:09:44]     settle 29:  49 @   5317 d -> ok lintwin tank 949.5 (+8.7) miss 3 km (7.6 s)
[13:09:44]     settle 26:  10 @   5311 d -> ok lintwin tank 1010.4 (+7.4) miss 36 km (3.5 s)
[13:09:47]     settle 30: 239 @   5430 d -> ok lam tank 971.8 (+22.2) miss 66 km (3.8 s)
[13:09:48]     settle 30: 119 @   5120 d -> ok lintwin tank 1120.2 (+42.6) miss 73 km (6.9 s)
[13:09:49] RESULT s09_c4: 16 columns; frontier 1fb -5 kg p0/0 | 2fb 21 kg p0/0 | 3fb 34 kg p0/0; settles 18 (18 ok), regrids 16 (16 ok); wall 145 s of 420 (plan 19, price 2, settle 125; budget hit None, 0 unsettled)
[13:09:51]   job s09_c4 craft columns  16  levels 3  settles 18/18  end plan_done  wall 144.6 s
[13:09:52]     settle 33: 299 @   5015 d -> ok lintwin tank 1136.4 (+112.2) miss 62 km (7.9 s)
[13:09:54]     settle 27:  24 @   5411 d -> ok lintwin tank 1016.3 (+5.9) miss 77 km (8.6 s)
[13:09:55]   1 candidates dropped (settle failure / regrid failure / duplicate after truncation)
[13:09:55] RESULT s09_c1: 15 columns; frontier 1fb 8 kg p0/0 | 2fb 30 kg p0/0 | 3fb 42 kg p0/0 | 4fb 68 kg p0/0; settles 16 (15 ok), regrids 15 (15 ok); wall 150 s of 420 (plan 20, price 2, settle 130; budget hit None, 0 unsettled)
[13:09:55]   job s09_c1 craft columns  15  levels 4  settles 15/16  end plan_done  wall 150.3 s
[13:09:57]     settle 30:  10 @   5209 d -> ok lintwin tank 1119.7 (+42.1) miss 91 km (7.6 s)
[13:10:00]     settle 33:  13 @   5168 d -> ok lam tank 1129.0 (+104.8) miss 10 km (6.9 s)
[13:10:04]     settle 31: 239 @   5436 d -> ok lintwin tank 1114.1 (+-5.6) miss 68 km (7.3 s)
[13:10:04]     settle 31: 256 @   5461 d -> ok lam tank 1195.6 (+131.8) miss 73 km (18.6 s)
[13:10:16]     settle 31: 299 @   5314 d -> ok lintwin tank 1314.9 (+-67.9) miss 8 km (11.4 s)
[13:10:18]     settle 31: 193 @   5136 d -> ok lam tank 950.4 (+17.9) miss 1 km (30.5 s)
[13:10:19]     settle 31:  24 @   5410 d -> ok lintwin tank 1103.5 (+39.7) miss 19 km (9.8 s)
[13:10:23]     settle 34: 227 @   5338 d -> ok lam tank 1063.1 (+19.0) miss 55 km (19.3 s)
[13:10:24]     settle 31: 179 @   5367 d -> ok lin tank 1483.4 (+100.6) miss 44 km (4.9 s)
[13:10:33]     settle 34:  13 @   5205 d -> ok lintwin tank 1081.6 (+33.4) miss 13 km (8.7 s)
[13:10:37]     settle 32: 179 @   5366 d -> FAIL [('lam', 5300805.7)] (12.6 s)
[13:10:40]     settle 31: 243 @   5445 d -> ok lintwin tank 1122.6 (+58.8) miss 94 km (9.9 s)
[13:10:45]     settle 31: 274 @   5359 d -> ok lintwin tank 1122.7 (+2.6) miss 70 km (7.2 s)
[13:10:46]     settle 34:  53 @   5428 d -> ok lintwin tank 1120.9 (+35.3) miss 8 km (9.6 s)
[13:10:47]     settle 31: 126 @   5023 d -> ok lam tank 971.0 (+38.5) miss 90 km (28.7 s)
[13:10:47] RESULT s09_c0: 16 columns; frontier 1fb 5 kg p0/0 | 2fb 38 kg p0/0; settles 16 (16 ok), regrids 16 (16 ok); wall 203 s of 420 (plan 20, price 2, settle 183; budget hit None, 0 unsettled)
[13:10:49]   job s09_c0 craft columns  16  levels 2  settles 16/16  end plan_done  wall 202.5 s
[13:10:51]     settle 32: 285 @   5445 d -> ok lam tank 1138.0 (+15.3) miss 99 km (6.0 s)
[13:10:52]   2 candidates dropped (settle failure / regrid failure / duplicate after truncation)
[13:10:52] RESULT s09_c3: 14 columns; frontier 1fb 33 kg p0/0 | 2fb 51 kg p0/0 | 3fb 92 kg p0/0 | 4fb 115 kg p0/0; settles 20 (17 ok), regrids 14 (14 ok); wall 208 s of 420 (plan 19, price 2, settle 188; budget hit None, 0 unsettled)
[13:10:53]   job s09_c3 craft columns  14  levels 4  settles 17/20  end plan_done  wall 207.6 s
[13:10:54]     settle 31: 148 @   4896 d -> ok lintwin tank 1108.3 (+44.6) miss 12 km (8.7 s)
[13:11:10]     settle 31:  25 @   5015 d -> ok lintwin tank 1165.3 (+101.5) miss 93 km (9.0 s)
[13:11:18]     settle 31: 184 @   5258 d -> ok lam tank 1012.0 (+79.5) miss 2 km (29.6 s)
[13:11:24]     settle 32: 219 @   5306 d -> ok lintwin tank 1083.1 (+17.9) miss 22 km (7.3 s)
[13:11:51]     settle 31: 121 @   5120 d -> ok lam tank 950.3 (+17.9) miss 1 km (32.2 s)
[13:12:06]     settle 31:  87 @   5153 d -> ok lintwin tank 1023.5 (+91.1) miss 100 km (14.0 s)
[13:12:10]     settle 32:  27 @   5347 d -> FAIL [('lam', 14065837.6)] (35.3 s)
[13:12:19]     settle 31: 193 @   5131 d -> ok lintwin tank 1065.2 (+1.4) miss 2 km (8.7 s)
[13:12:26]     settle 32:  27 @   5345 d -> ok lintwin tank 1101.8 (+36.6) miss 78 km (6.3 s)
[13:12:32]     settle 32:  49 @   5318 d -> ok lam tank 1227.7 (+62.4) miss 2 km (5.7 s)
[13:12:39]     settle 31: 271 @   4959 d -> ok lam tank 957.7 (+25.2) miss 0 km (26.8 s)
[13:12:44]   1 candidates dropped (settle failure / regrid failure / duplicate after truncation)
[13:12:44] RESULT s09_c6: 14 columns; frontier 1fb 1 kg p0/0 | 2fb 18 kg p0/0; settles 17 (15 ok), regrids 14 (14 ok); wall 319 s of 420 (plan 18, price 1, settle 301; budget hit None, 0 unsettled)
[13:12:46]   job s09_c6 craft columns  14  levels 2  settles 15/17  end plan_done  wall 318.9 s
[13:12:50]     settle 31:  25 @   5003 d -> ok lam tank 1104.6 (+172.1) miss 2 km (10.3 s)
[13:13:06]     settle 31: 265 @   4939 d -> ok lam tank 1003.0 (+70.5) miss 77 km (13.8 s)
[13:13:14]     settle 32: 184 @   5455 d -> ok lintwin tank 982.1 (+31.8) miss 83 km (7.4 s)
[13:13:43]     settle 32: 121 @   5123 d -> FAIL [('lam', 508.5), ('lin', 208.9)] (28.4 s)
[13:13:50]     settle 32: 184 @   5459 d -> ok lintwin tank 1034.4 (+7.2) miss 77 km (6.7 s)
[13:13:51]   1 candidates dropped (settle failure / regrid failure / duplicate after truncation)
[13:13:51] RESULT s09_c5: 15 columns; frontier 1fb 10 kg p0/0 | 2fb 49 kg p0/0; settles 16 (15 ok), regrids 15 (15 ok); wall 386 s of 420 (plan 18, price 1, settle 367; budget hit None, 0 unsettled)
[13:13:52]   job s09_c5 craft columns  15  levels 2  settles 15/16  end plan_done  wall 385.9 s
[13:13:52] [slice 9] propose: 122 columns (0 bad dropped) in 386.8 s
[13:13:52] [slice 9] auction: 122 columns, kept 89, dropped {'fuel': 33}; lam 1.50 H_eff 617 d fuel budget 551 kg quota OFF
[13:13:52] [slice 9] auction: status optimal objective 39.964 vars 89 rows 40 chosen 8 fuel 336/551 kg (0.009 s)
[13:13:56] [slice 9] claims: c3:1 c5:1  (2 targets: 0 kept, 2 new; 8 released, 0 expired (ttl 4), 0 conflicts)
[13:13:56] [slice 9 T=4860 d] launched 8/8  covered 245  remaining 53  fuel 3207 kg  sumJi 10.9634  chosen: c0:2(+37) c1:3(+42) c2:3(+33) c3:1(+33) c4:3(+43) c5:1(+18) c6:1(+1) c7:4(+128)  rejected: -  (wall 391 s)
[13:13:56] stop: horizon at T=5477 d (slice 10)
[13:13:56] finalize: fleet/ 8 routes  covered 245  misses 53  fuel 3207 kg  sumJi 10.9634  J 65.9634  honest True
[13:13:56] p14_claims_w300: slice 10 phase propose T=5477 d  launched 8/8  covered 245  remaining 53  fuel 3207 kg  sumJi 10.9634  done True (horizon)
